global_signal	global_signal_derivative1	global_signal_derivative1_power2	global_signal_power2	csf	csf_derivative1	csf_derivative1_power2	csf_power2	white_matter	white_matter_derivative1	white_matter_power2	white_matter_derivative1_power2	csf_wm	tcompcor	std_dvars	dvars	framewise_displacement	rmsd	t_comp_cor_00	t_comp_cor_01	t_comp_cor_02	t_comp_cor_03	t_comp_cor_04	c_comp_cor_00	c_comp_cor_01	c_comp_cor_02	c_comp_cor_03	c_comp_cor_04	c_comp_cor_05	c_comp_cor_06	c_comp_cor_07	c_comp_cor_08	c_comp_cor_09	c_comp_cor_10	c_comp_cor_11	c_comp_cor_12	w_comp_cor_00	w_comp_cor_01	w_comp_cor_02	w_comp_cor_03	w_comp_cor_04	w_comp_cor_05	w_comp_cor_06	w_comp_cor_07	w_comp_cor_08	w_comp_cor_09	w_comp_cor_10	w_comp_cor_11	w_comp_cor_12	w_comp_cor_13	w_comp_cor_14	w_comp_cor_15	w_comp_cor_16	w_comp_cor_17	w_comp_cor_18	w_comp_cor_19	w_comp_cor_20	w_comp_cor_21	w_comp_cor_22	w_comp_cor_23	w_comp_cor_24	w_comp_cor_25	w_comp_cor_26	w_comp_cor_27	w_comp_cor_28	w_comp_cor_29	w_comp_cor_30	w_comp_cor_31	w_comp_cor_32	w_comp_cor_33	w_comp_cor_34	w_comp_cor_35	w_comp_cor_36	w_comp_cor_37	a_comp_cor_00	a_comp_cor_01	a_comp_cor_02	a_comp_cor_03	a_comp_cor_04	a_comp_cor_05	a_comp_cor_06	a_comp_cor_07	a_comp_cor_08	a_comp_cor_09	a_comp_cor_10	a_comp_cor_11	a_comp_cor_12	a_comp_cor_13	a_comp_cor_14	a_comp_cor_15	a_comp_cor_16	a_comp_cor_17	a_comp_cor_18	a_comp_cor_19	a_comp_cor_20	a_comp_cor_21	a_comp_cor_22	a_comp_cor_23	a_comp_cor_24	a_comp_cor_25	a_comp_cor_26	a_comp_cor_27	a_comp_cor_28	a_comp_cor_29	a_comp_cor_30	edge_comp_00	edge_comp_01	edge_comp_02	edge_comp_03	edge_comp_04	edge_comp_05	edge_comp_06	edge_comp_07	edge_comp_08	edge_comp_09	edge_comp_10	edge_comp_11	edge_comp_12	edge_comp_13	edge_comp_14	edge_comp_15	edge_comp_16	edge_comp_17	edge_comp_18	edge_comp_19	edge_comp_20	edge_comp_21	edge_comp_22	edge_comp_23	cosine00	cosine01	cosine02	non_steady_state_outlier00	trans_x	trans_x_derivative1	trans_x_power2	trans_x_derivative1_power2	trans_y	trans_y_derivative1	trans_y_derivative1_power2	trans_y_power2	trans_z	trans_z_derivative1	trans_z_derivative1_power2	trans_z_power2	rot_x	rot_x_derivative1	rot_x_power2	rot_x_derivative1_power2	rot_y	rot_y_derivative1	rot_y_derivative1_power2	rot_y_power2	rot_z	rot_z_derivative1	rot_z_derivative1_power2	rot_z_power2	motion_outlier00
550.4648643597419	n/a	n/a	303011.56689458905	607.2389295060756	n/a	n/a	368739.1175076846	511.7109699977264	n/a	261848.11681601405	n/a	515.0817840536228	470.1402810977178	n/a	n/a	n/a	n/a	0.0	0.0	0.0	0.0	0.0	0.0	0.0	0.0	0.0	0.0	0.0	0.0	0.0	0.0	0.0	0.0	0.0	0.0	0.0	0.0	0.0	0.0	0.0	0.0	0.0	0.0	0.0	0.0	0.0	0.0	0.0	0.0	0.0	0.0	0.0	0.0	0.0	0.0	0.0	0.0	0.0	0.0	0.0	0.0	0.0	0.0	0.0	0.0	0.0	0.0	0.0	0.0	0.0	0.0	0.0	0.0	0.0	0.0	0.0	0.0	0.0	0.0	0.0	0.0	0.0	0.0	0.0	0.0	0.0	0.0	0.0	0.0	0.0	0.0	0.0	0.0	0.0	0.0	0.0	0.0	0.0	0.0	0.0	0.0	0.0	0.0	0.0	0.0	0.0	0.0	0.0	0.0	0.0	0.0	0.0	0.0	0.0	0.0	0.0	0.0	0.0	0.0	0.0	0.0	0.0	0.0	0.0	0.0	0.0	0.0	0.0	0.0	0.0	0.0	1.0	-0.0581040229843097	n/a	0.0033760774869611	n/a	-0.1261837530144305	n/a	n/a	0.0159223395248067	-0.0694657737292629	n/a	n/a	0.0048254937198051	0.0020930459621149	n/a	4.380841399525487e-06	n/a	0.0001989865546148	n/a	n/a	3.959564891746879e-08	-0.000490708252841	n/a	n/a	2.407945894062668e-07	0.0
544.8888384962906	-5.576025863451264	31.09206442987741	296903.8463178367	589.388937529871	-17.849991976204592	318.6222135505683	347379.31968259014	512.3001606045789	0.589190606852469	262451.4545554773	0.3471455712031807	510.86729761359993	463.0231900987322	1.639466	28.236382	0.1686995612094548	0.0875439377389962	-0.133824126	-0.030124722	-0.0840576355	0.076504948	-0.0940003423	0.2112028655	-0.0735515305	0.1923675577	-0.0027810525	0.0150324466	-0.1136199467	-0.161416211	0.1949851176	-0.0428168617	0.4150320175	-0.2096999451	0.1297944954	-0.0321026915	0.0663363224	-0.0895196169	0.0984426039	-0.0249290024	-0.0620985789	0.1276133858	-0.0617526907	0.0077363018	-0.0602652152	0.0252575624	-0.0778750092	0.1340668164	-0.002619626	0.0204841279	-0.2226351332	0.0096983193	-0.1003227384	0.040061464	-0.0291139103	0.1906992946	-0.0159960258	0.0170104085	-0.0124123994	0.1127152263	-0.0398229989	0.1715577231	-0.0015691304	-0.0652062173	0.1388971776	-0.1122985061	0.0480360578	-0.0126406686	-0.0112900833	0.0015524551	0.0015128452	0.0088461818	-0.0224971714	-0.0785861391	-0.1145061582	0.012529955	-0.050313816	0.1502465076	-0.0552044471	0.0127118953	-0.0265086842	0.0387809388	-0.1087114304	0.1805611155	-0.3189937208	0.0409459508	-0.019018221	0.0196386089	-0.1285850414	0.0309856296	-0.2217532326	0.0256119337	0.0299948294	-0.0142799396	0.056893222	-0.142914083	0.0293890674	-0.1866868684	0.1168067058	-0.0663217289	0.1288848878	-0.0642442704	0.2759633323	-0.004644379	0.0990538893	0.0064635628	-0.10055282	0.1529094306	-0.1511005917	0.1021873162	-0.0977643415	0.0778358847	-0.1034121116	0.0969284296	-0.056917199	0.0466513904	-0.0159886479	0.059971783	-0.1594775261	0.0203140419	-0.05608076	0.3073749738	-0.017436954	0.0877327076	-0.0164125831	0.011737143	0.1040610009	0.087148734	-0.0324635033	0.1158504512	0.1158311377	0.115798951	0.0	-0.0389218206409083	0.0191822023434014	0.001514908122003	0.0003679568867431	-0.0560769033107391	0.0701068497036914	0.0049149703753759	0.0031446190849219	-0.0322096935501008	0.037256080179162	0.0013880155103161	0.0010374643585914	0.0018049851462434	-0.0002880608158714	3.2579713781593084e-06	8.297903364055415e-08	-0.000117227384224	-0.0003162139388387	9.999125511594833e-08	1.3742259612001324e-08	-0.0002518944278873	0.0002388138249536	5.703204298901645e-08	6.345080280067019e-08	1.0
542.921861287958	-1.9669772083326509	3.868999338100108	294764.1474643807	586.406960923793	-2.9819766060779784	8.89218447919634	343873.1238198789	512.7033341240336	0.4031735194547536	262864.7088219005	0.1625488867895326	509.63807425240987	459.0193694915517	1.153052	19.858917	0.0644687202672495	0.0313984326991891	-0.0593143558	0.0690263934	-0.0580710186	-0.0007118978	0.0147194227	0.0866695244	0.0214394025	0.0504668864	-0.0378658331	-0.0027304567	-0.0245703651	0.0083980571	-0.1550456047	0.0456931286	0.3389664287	-0.1718343502	0.0590631131	0.1064150312	0.0453576512	-0.0862861053	-0.0490088829	-0.0830312611	-0.0945716158	-0.1593363795	-0.1647427811	0.0065619447	-0.0599128642	0.0136010369	-0.1002656777	0.1592384742	0.099238558	0.0675931784	-0.1240676799	0.0179335845	0.011726006	0.0319110852	-0.0378232737	-0.0138483435	-0.1347750527	-0.0293919965	-0.0835875045	-0.0257687141	0.1458638416	0.0606896819	-0.1435105242	0.0539178101	0.042092679	-0.0101630945	0.0303667195	0.0557577472	0.0433038334	0.0347960216	0.1156267664	-0.1105734973	0.0619274992	0.141008877	-0.0891107066	0.0670594694	0.0294328745	-0.0095695321	0.0532685169	0.0672023186	-0.0074083065	-0.1634807763	-0.170287329	0.0347686333	-0.2435188723	-0.1214114879	-0.2229001907	0.0643209813	0.1033041106	0.0063291951	-0.1484401579	0.3187438653	0.0598044762	-0.0053756845	0.0547204904	0.0436530731	-0.1331973579	-0.1105592071	0.133809436	-0.0313780501	-0.0083016521	0.01673873	-0.0296398512	-0.0526263973	0.0098718065	0.0356991675	-0.0114027719	0.1010471365	-0.1201785119	0.2482748241	0.0137327538	-0.0092179285	-0.0266573914	0.1178902958	0.1504506301	0.0057385466	-0.0245819675	-0.0632748652	-0.2202651606	0.0322591409	-0.055389802	0.0715785149	-0.0930051166	0.1564263315	-0.0594097002	0.141310731	0.1071598459	0.0572219153	0.127639783	0.115798951	0.1156251942	0.1153357926	0.0	-0.0371687709087353	0.001753049732173	0.001381517530866	3.0731833634718354e-06	-0.0650146171767005	-0.0089377138659614	7.988272914979866e-05	0.0042269004466329	-0.0096392527510147	0.0225704407990861	0.000509424797865	9.291519359794444e-05	0.0020720011787628	0.0002670160325194	4.293188884794433e-06	7.129756162240132e-08	-1.1999951877283976e-05	0.0001052274323467	1.1072812518282696e-08	1.4399884505713124e-10	1.2424647164843013e-08	0.0002519068525344	6.345706235382061e-08	1.5437185717084152e-16	0.0
541.4989024236004	-1.4229588643576108	2.024811929653901	293221.0613259639	584.1174068450928	-2.289554078700234	5.24205787929288	341193.14497943566	511.70833653166096	-0.9949975923726696	261845.4216759996	0.9900202088274094	509.5501374316257	458.94754889333785	1.126334	19.398756	0.1125212118310728	0.0603577645827733	0.0343290228	0.1439990768	0.0026755317	0.0630181323	-0.0371015573	-0.003667165	0.1057900192	-0.0402621929	0.007994916	0.0799674312	-0.1984982685	-0.1565721553	0.0158252209	0.0944624148	-0.0025763185	-0.0393978481	0.0726974147	-0.0107386653	0.1091696047	-0.0087591446	0.1029608859	-0.0591043476	-0.0441002575	0.0665381059	-0.2163374081	0.0934716476	-0.0053634379	0.0191502841	0.1734647845	-0.0144379355	0.1972036283	-0.1315206566	-0.0944287599	0.0080685606	-0.1412388999	0.0219982142	-0.0920510487	0.003986481	-0.0097859992	-0.0470146284	-0.2001155671	0.0007709026	-0.0153641531	-0.0167977563	-0.0004608328	0.0199639672	0.0342893164	-0.0179406171	-0.0605823037	-0.1115648043	-0.0513891434	0.0356606555	-0.1251995711	0.0295757843	-0.0017025937	0.1008119163	-0.0379677183	0.1131253035	-0.0806066846	-0.045749119	-0.0682562428	-0.0573224352	-0.1448395151	-0.09756793	-0.0430348173	0.119874432	-0.1175763682	0.0582759367	0.1973632215	0.0045605737	0.1320668944	-0.0007227925	-0.1243386585	0.0702850129	-0.0465365876	0.1216005475	-0.1202347536	0.0122690124	0.0066398148	-0.0583137695	-0.0149049543	0.1270353882	0.1037491597	0.1636531717	-0.0949517624	-0.0712509317	-0.1441021867	0.0749211562	-0.0210719149	0.1696157251	-0.0078499981	0.102280391	0.0755704323	0.2020217955	-0.090145541	0.0984002246	-0.0102757314	0.0083244127	-0.0496479063	0.0439387426	0.0070175102	0.1373506732	-0.0975127718	0.0118434087	-0.1139160514	0.1005597455	-0.1798328658	0.1404651371	-0.3320273499	-0.0245066095	0.1397327803	0.1156959735	0.1152136733	0.1144113283	0.0	-0.0308911708525982	0.0062776000561371	0.0009542644366444	3.940826246481252e-05	-0.0267192151796535	0.0382954019970469	0.0014665378141154	0.0007139164598166	0.0123195929052286	0.0219588456562433	0.0004821909025547	0.0001517723693505	0.0015250004906651	-0.0005470006880977	2.325626496528796e-06	2.992097527793574e-07	0.0003599996998262	0.0003719996517034	1.3838374086751337e-07	1.295997838749541e-07	-7.745179845595855e-07	-7.869426317244285e-07	6.192787056253695e-13	5.998781084062423e-13	0.0
541.5190918652866	0.0201894416861705	0.0004076135555992	293242.9268546047	586.1526242595608	2.0352174144679798	4.142109924153727	343574.8989263698	511.2384887870031	-0.4698477446578408	261364.7924172187	0.2207569031600596	509.5246158286955	457.878941238225	1.135471	19.556126	0.0823029051495079	0.0496404973091999	0.1127332559	0.0650534965	0.0955485111	0.0394514335	-0.052330997	-0.0679037572	0.0096089661	-0.1229633453	0.0273825566	0.0176721123	0.0135702194	0.0204975067	0.1665102894	0.0551900544	0.0933470547	-0.0828926546	-0.0226870753	-0.0202270983	-0.1022752394	0.1240024049	0.1018738069	-0.0057567225	-0.0610288547	0.1783024978	-0.1692755929	-0.0564036565	-0.1362009132	-0.071708143	-0.175413947	-0.0190911996	0.0280981733	-0.0615512952	-0.0301780411	-0.0061023857	-0.036704209	-0.0491155762	0.0174965514	0.086996282	-0.0231374635	0.0052478936	0.041878028	0.0151009856	-0.0486442967	-0.0056388266	-0.119399233	0.0251770549	-0.1683257745	0.0024261139	-0.0271721539	-0.0508821556	0.0913520708	0.1415549977	0.0275735102	-0.017371772	0.050110311	0.1264089574	0.0919006695	0.0517703939	0.0174146769	0.0083498653	-0.0249065684	-0.1784845031	0.0554023611	-0.003807364	0.0368104214	0.1612949302	-0.1494562876	-0.1363362946	0.0551688345	-0.0959854314	0.0376191811	-0.071585415	-0.0478848633	0.0691255981	-0.0655536901	0.1749661918	-0.116168008	0.0165894775	0.0384563638	-0.0505685685	0.0709837481	-0.0509796792	-0.0434313082	0.0493273441	-0.0277492547	0.1533979975	-0.0087867324	-0.0581540897	0.1586933009	0.0536183414	-0.0723511754	0.1513757219	-0.10028715	0.1787401896	-0.0165222412	0.1290220354	-0.0031019965	-0.0382342157	0.1500526373	0.081757884	-0.0561240211	0.0463863788	0.0143584564	0.0121121454	-0.1418427527	0.0003498071	-0.0818348388	0.0623676939	0.0020546199	0.0528667906	0.0267299339	0.1155415645	0.1145973067	0.1130292557	0.0	-0.0288838104992095	0.0020073603533887	0.0008342745089542	4.029495588356807e-06	-0.056525649983314	-0.0298064348036604	0.0008884235557048	0.0031951491060361	0.0126226399391526	0.0003030470339239	9.183750477013386e-08	0.0001593310390334	0.0021030013126155	0.0005780008219504	4.422614520862517e-06	3.340849501753381e-07	-6.938979890458441e-06	-0.0003669386797166	1.3464399467220442e-07	4.814944192018664e-11	5.800723951907656e-05	5.8781757503636144e-05	3.455295015216284e-09	3.3648398366235164e-09	0.0
540.8410758498197	-0.6780160154668238	0.4597057172295082	292509.06932639045	580.2633133904409	-5.889310869119868	34.68398251313341	336705.51286685304	510.7617247778041	-0.4767640091990301	260877.5394979973	0.2273039204675329	506.8815026874109	447.7378862664377	1.147803	19.76852	0.0632410363125343	0.034632046761516	-0.0481521002	0.0417881108	0.2153732166	-0.0713717616	0.0964247997	0.1122615826	0.0249366625	-0.199946699	-0.1053555667	0.192786986	0.0347969701	-0.0333816982	0.0504435621	-0.0045896173	-0.0096802413	-0.0180830999	-0.0935019223	-0.0566705586	-0.0187796686	0.1015668193	0.1496564581	-0.2291211575	0.0563933224	-0.0355549141	-0.1430798131	0.0284794786	-0.0302658021	0.0151739101	0.0064699067	0.1251893263	-0.0263328345	-0.0601969112	0.0171422779	-0.0158341974	-0.0008268007	-0.0780526727	0.0958549782	-0.0755617418	0.1701930696	0.0708191318	0.0639820957	-0.0299843816	-0.0390306512	0.042276653	-0.0466162692	0.1407471704	-0.044646914	0.0142235395	-0.073518543	0.0503836153	0.0276924591	0.0903798624	0.0062126357	-0.0762806543	-0.0612882908	-0.0439884093	-0.0839475985	-0.0602655805	0.1383058525	-0.2044048061	-0.1483698643	-0.0082795572	0.0104984616	0.0118733392	0.0735674281	0.0527367504	-0.1094353869	-0.1560105688	0.1680512297	-0.0492879201	0.0334749624	-0.0144954232	-0.0120454381	-0.067608758	0.0798116716	0.1128828174	-0.0043862992	-0.0294217556	-0.054909256	0.139910397	0.0387919431	0.006234912	0.0769767823	-0.1265080822	-0.0777564673	0.0171268497	0.014499228	-0.0661655415	-0.0995765391	0.0398170261	-0.0148020174	0.1225097381	-0.0126047191	0.2006614801	-0.0035683527	0.1401334539	0.0565717389	0.1180871059	0.0293233149	-0.0138999027	0.0448030606	0.1099783779	0.0902883886	0.0425399735	-0.1464873335	-0.0656050659	-0.082612397	-0.1055568628	0.0189683539	-0.0286337945	-0.0784057672	0.1153357926	0.1137771902	0.1111951025	0.0	-0.0343948264311535	-0.0055110159319439	0.0011830040852291	3.037129660214058e-05	-0.0567644679754977	-0.0002388179921837	5.703403339065643e-08	0.0032222048245413	-0.0076651293148159	-0.0202877692539685	0.0004115935813022	5.875420741285007e-05	0.0015719952885458	-0.0005310060240697	2.471169187210193e-06	2.8196739759831094e-07	0.0001480000314326	0.000154939011323	2.4006097229766837e-08	2.190400930405059e-08	-1.1638777692763065e-07	-5.812362729600419e-05	3.3783560500448033e-09	1.3546114618155912e-14	0.0
542.1986405260595	1.3575646762398037	1.8429818501740831	293979.3657883072	580.6838823253826	0.4205689349416843	0.1768782290379827	337193.7711924788	511.47375696488007	0.7120321870759767	261605.4040637692	0.5069898354321987	508.3813713166935	454.3060437235888	1.113372	19.175512	0.078318823397775	0.0444142619811836	-0.0592423451	0.1283594792	0.0104522482	-0.0123438049	0.0709959579	0.0206680879	0.1674022904	-0.093671848	-0.0338626854	-0.0964274054	0.1659880352	0.008411829	0.0378503352	0.0965884643	0.0033509983	0.1060369797	-0.0129298588	-0.0422553939	-0.0576426971	-0.0124789487	0.0828519283	-0.230880043	-0.1030307927	-0.0282243526	0.0074257616	-0.0260385946	0.0566198457	0.0140873852	0.0278204387	0.0794907918	-0.0108174767	0.2475297963	-0.0668107294	-0.0426555811	0.022694752	0.0106645639	0.0602912705	0.0511345884	-0.1241210594	0.0398573342	-0.0250610664	-0.1741370159	-0.0353479758	-0.0097416721	-0.114037731	-0.1092011372	0.0447411543	0.1508047066	0.0429287478	-0.2338927232	-0.0347856712	-0.1232721607	-0.1555523124	-0.0055366583	0.0755729583	0.0426542941	-0.0690164633	0.1243879393	0.1362249009	-0.0622568953	0.0421882986	-0.1253800762	0.1254694685	0.1102994145	-0.0595210514	0.0553722535	0.0195828432	-0.0549361728	0.065640065	0.0013257031	0.0833621749	0.1416971586	-0.0189640031	-0.0331706098	0.1135388616	-0.048785677	0.2530441707	0.0540262953	-0.2182736388	0.0392407001	0.0443068029	0.0074380005	-0.0717465046	-0.0865177383	-0.1419934701	-0.0121056769	-0.1120658013	0.0938385023	0.0747658311	-0.0137661846	-0.1086688219	0.163636822	-0.030098047	0.0104053813	-0.0578553919	0.0895012485	0.0510486058	-0.0310937546	-0.0695270604	0.0195883817	-0.0506732744	0.0697199721	0.0243656244	-0.0973399505	-0.0568098306	-0.1055365691	-0.0549988889	-0.1639601842	0.1601670016	-0.0875315262	-0.0519757102	0.1150787493	0.1127547821	0.1089162049	0.0	-0.0350123137016993	-0.0006174872705458	0.0012258621107462	3.812905292861032e-07	-0.0212183874848648	0.0355460804906329	0.0012635238382465	0.0004502199674578	-0.0261993320740998	-0.0185342027592839	0.0003435166719222	0.0006864050011289	0.001378988337422	-0.0001930069511237	1.901608834745892e-06	3.7251683182104874e-08	0.0003600462598758	0.0002120462284432	4.496360299698576e-08	1.2963330925055212e-07	6.725149020232074e-05	6.736787797924837e-05	4.538430983426897e-09	4.522762934432842e-09	0.0
542.7871610822954	0.5885205562358351	0.3463564451121367	294617.90223577764	585.6155554884571	4.9316731630744925	24.32140018738917	342945.57883005415	511.96995822527936	0.4962012603992889	262113.2381251943	0.2462156908218429	509.2530963025584	460.0291290920047	1.173155	20.205143	0.0743877735744824	0.0536693757063846	0.0912689912	0.0276263693	-0.0117210936	-0.0272284349	-0.0002340603	-0.0839709306	0.0307699417	-0.0331714501	-0.0059899432	0.0163402669	-0.1207019585	-0.0391367156	-0.0383219351	0.098196473	0.0077463193	0.1287093661	-0.1636882087	-0.1021727074	0.0190636443	0.0806176774	-0.1120227722	-0.042857961	-0.0267358474	-0.0219637402	-0.052189013	0.0264920284	-0.02128438	0.1111654562	0.2596929523	0.0175152003	-2.4894e-05	0.0496802327	-0.0088939496	0.1185427175	0.0107086653	0.067819652	0.053174351	-0.0981736834	-0.1569400999	0.0130410951	0.035472551	0.0451798631	0.0293071225	-0.0212008531	-0.0801887179	-0.0369292915	0.055169541	0.0952444088	-0.0526497828	0.1908699206	0.0187054805	0.0737314422	0.0312590268	0.1093851774	0.0077213057	0.0569828437	0.0668526585	0.0323659366	0.0366865004	-0.1013683011	0.1122929792	0.073842642	-0.0115414883	-0.0985831541	-0.0015401439	0.0630054409	0.0349178893	-0.0373714981	0.1267447589	-0.1059774091	0.0559999651	0.0322712642	-0.090901858	-0.0760711248	0.0418558953	-0.1912201297	-0.0364864363	0.0132739993	-0.072496322	0.0230574379	-0.1422840659	-0.0957270645	0.0413848906	0.147296704	-0.0258812391	0.0013148325	-0.0354539053	-0.1139284293	0.0546424806	0.0097855298	-0.0673060625	0.0877064468	0.1883537453	-0.0415008961	-0.1038320363	-0.0707635622	0.0398611853	0.1151584121	0.0323113653	0.117304688	0.0864501209	0.0302694631	0.0298384464	0.0113618979	-0.0268672318	-0.0804530151	0.0889820222	-0.1422852406	-0.022251719	-0.0886253085	-0.027562062	0.1147705489	0.1115319001	0.1062016776	0.0	-0.0334130391017737	0.0015992745999256	0.0011164311820166	2.557679245967188e-06	-0.0750018768423643	-0.0537834893574995	0.0028926637274682	0.0056252815298771	-0.026230425473301	-3.109339920119927e-05	9.667994738851395e-10	0.0006880352205103	0.0010669996980361	-0.0003119886393859	1.1384883556091285e-06	9.733691110586525e-08	0.0003600001790984	-4.608077740003366e-08	2.123438045791453e-15	1.296001289508801e-07	-1.9211399150155522e-07	-6.744360419382229e-05	4.548639746652963e-09	3.6907785730659636e-14	0.0
542.8505811344369	0.0634200521415095	0.0040221030136317	294686.75343799585	586.0685856059446	0.4530301174875148	0.2052362873507515	343476.3870341524	512.3616361836441	0.3916779583647667	262514.44623278093	0.1534116230687919	509.4885030416918	456.1649539418929	1.018395	17.539732	0.0290003637365206	0.018781262398026	-0.000756199	-0.0575377233	0.0696965449	0.1122725761	0.0604944269	-0.0229054745	-0.0514298776	-0.0751805609	0.0785584394	-0.0969210519	0.0116294343	-0.0751336412	0.0006923541	-0.0344414307	-0.0171089265	0.0154001162	-0.0575580943	-0.0544849148	0.0396284792	-0.0025846039	-0.0717448409	0.0181616026	-0.0848716235	0.1458699919	0.0540064321	-0.0742552094	-0.0849030094	-0.0594442604	-0.0233411197	-0.050616277	0.0133427299	0.0729470423	0.0171900432	-0.1961517895	0.0323702941	0.135295238	-0.0648508185	0.0707667822	0.0085778036	0.0121593482	0.0825068593	-0.0339691876	0.0611748649	-0.1547772992	0.0187191658	0.001333882	0.121112212	-0.2259454704	0.0337439104	0.0563759144	-0.1036224327	0.0606582165	-0.0930808611	0.0563257135	-0.0600181309	-0.0212835853	0.0138460449	-0.081615535	-0.0603814376	0.012528311	0.1128563285	-0.0709011988	-0.0076953759	0.092003379	-0.0451633311	0.0081229019	0.0147701884	0.0419041943	0.0510387135	0.0699832849	-0.0456632166	0.1348708089	0.0884501602	0.0066176822	0.0722054066	0.0624558796	-0.0951623058	-0.0051596911	0.0481539234	-0.0409756781	0.0533972882	-0.193018459	-0.0771854461	-0.0770641994	0.0929919459	0.050328745	-0.0581720597	-0.0889457879	0.0319620209	0.0595310069	-0.1471554009	-0.058623054	0.0005570735	0.0223473231	-0.0133128459	0.0229016505	0.0559409388	0.0003696409	-0.1139121624	0.0403105118	-0.0643031774	-0.0667109978	0.0060377663	-0.0842316729	-0.0083486388	-0.0654406498	0.0156160942	-0.0866399684	0.0101787501	-0.069126639	-0.081032872	0.1144113283	0.1101107184	0.103062378	0.0	-0.0264280240095189	0.0069850150922547	0.0006984404530477	4.879043583902731e-05	-0.0620472418807054	0.0129546349616588	0.0001678225669898	0.0038498602250027	-0.0263395358014832	-0.0001091103281821	1.1905063716027222e-08	0.0006937711462376	0.0008880002387515	-0.0001789994592845	7.885444240227211e-07	3.204080642417915e-08	0.0003599998706809	-3.0841749998084667e-10	9.51213542944356e-20	1.2959990689026474e-07	-1.598146051060359e-07	3.229938639551932e-08	1.0432503615270589e-15	2.5540708005198195e-14	0.0
543.4721054396629	0.6215243052259893	0.3862924619866487	295361.92939102004	584.8893575425875	-1.1792280633570726	1.3905788254088722	342095.56056658074	512.6766639301795	0.3150277465354065	262837.36173857824	0.0992424810871763	509.3153096676705	456.630781619497	1.160554	19.988129	0.0655027011870618	0.0362465842453196	-0.1522383191	0.0103014941	-0.0362405877	0.1172024892	0.0657812226	0.1283248608	0.0421988689	0.0841257119	0.2146321825	0.1005976939	-0.0921912299	-0.0980095321	-0.0821983678	0.067329051	-0.1245891229	0.0247662048	-0.0951102287	-0.0526789165	0.183819545	-0.1023954095	-0.0739200048	-0.0164147756	0.0361703357	-0.0417061962	-0.103216487	0.0311775241	-0.0596809621	0.0918516197	0.0459026367	-0.0146449989	0.1388227675	0.0809400285	0.1154233691	-0.1350371693	0.0780295766	-0.0371285623	-0.0842534617	-0.0179556837	-0.0445278194	-0.0424637672	0.0919965305	0.0908243375	-0.1445119589	-0.0979382016	-0.0118223922	0.02495489	0.0462168781	0.0348147422	0.0633880815	0.0025993881	0.0461379052	-0.0529151643	-0.0125733576	0.1289347368	-0.1108761257	0.0195710066	-0.1566658223	-0.0470801755	-0.1761596457	-0.0687134913	0.0605868769	0.1596328311	0.0260292144	-0.0540053602	-0.0604460913	0.0578301635	0.0916801775	0.0273897139	0.0429741481	-0.069056764	0.0872730237	0.1083073735	0.0833971925	0.0240013374	0.113962268	0.0669123562	0.0084844053	0.0444412699	0.104249577	-0.0183793916	-0.0093690929	0.0199018839	-0.0833582688	0.0540426501	0.0525917784	-0.0702263953	0.0019377159	-0.0319006567	-0.1737565845	0.1229248425	-0.0620882806	0.0623989776	0.1059399792	-0.1387363218	-0.0860917416	-0.0720428897	0.0265234171	-0.0872953124	0.0645083135	0.0092735762	0.0818502729	-0.0276443552	0.0572161897	-0.1255715734	0.0506127833	-0.0196368051	-0.0629110386	-0.0800081632	-0.1499333928	-0.0843948697	0.0224354022	0.1140012473	0.1084937639	0.0995108621	0.0	-0.0272345052425606	-0.0008064812330416	0.000741718275807	6.50411979248458e-07	-0.0492198842972584	0.012827357583447	0.0001645411025736	0.0024225970102355	-0.0518491992251739	-0.0255096634236907	0.0006507429279899	0.0026883394602917	0.0007840006388139	-0.0001039995999376	6.146570016606032e-07	1.081591678718086e-08	-6.300000498193903e-05	-0.0004229998756628	1.789288948107773e-07	3.969000627724342e-09	2.4688732104278386e-08	1.8450333721031428e-07	3.4041481441742945e-14	6.095334929168262e-16	0.0
545.0232084579973	1.551103018334402	2.405920573486092	297050.2977578496	586.3709194377317	1.481561895144182	2.1950256491432203	343830.8551622508	512.9709409611826	0.2942770310030482	263139.18627060106	0.086598970975969	510.80037926878606	467.58457725155534	1.23126	21.205893	0.065362315063865	0.043167502921632	-0.038519379	-0.0058949735	-0.1807745984	-0.0046108536	0.1514737192	-0.0274929805	0.0819222838	0.1367468721	0.034737042	0.0079840057	0.1228366682	-0.1157939667	-0.0765693581	-0.140730257	0.0163489105	-0.0824628286	-0.0011421486	0.0792496913	0.0152174473	-0.0586844351	0.0509258698	0.0413068785	-0.1518160465	0.0598363163	-0.0041860826	-0.1680785267	-0.1703005526	-0.0203581123	0.0348698687	-0.0320835295	-0.0775830402	-0.1408030444	0.161863186	-0.0548223381	-0.134210755	-0.072927805	-0.0757979986	0.0239788561	-0.1107875528	0.0023092712	0.0223819357	0.0394244262	-0.0428082363	0.0115085109	-0.0132932416	0.106399131	-0.0229017469	-0.0509231618	-0.0135224526	-0.0742345316	0.0654309381	-0.0720732721	0.109001923	-0.0417627157	0.0650593381	0.0163520703	0.0021757565	0.0766806487	-0.0875021843	0.0017040963	0.0022765656	0.1217953899	0.0517053488	0.2407347261	-0.0603562786	-0.1444467704	-0.1201745191	-0.0548770643	-0.00957047	-0.0310460281	-0.0957033067	0.0566846946	0.007712554	0.0872948989	-0.1460322984	0.105656878	-0.1028255579	0.045942857	0.121729525	0.048923984	-0.0631724923	0.0141873328	-0.1205377285	0.1669632001	0.0086121538	0.1013652958	-0.060733907	0.1042739467	0.054502154	0.0858140095	-0.0571870587	0.025442819	-0.103130602	0.0506779091	-0.0952917578	-0.0498019767	-0.0829538013	0.0361922073	-0.1055781078	-0.211473031	-0.0012633576	-0.1323957482	-0.0805947271	-0.0288425867	0.1559960367	0.0199297675	0.0876758478	0.0624754832	-0.0355927136	0.1308852567	-0.0659938097	0.1135404882	0.1066839114	0.0955613349	0.0	-0.01903487912422	0.0081996261183406	0.0003623266232736	6.723386848057332e-05	-0.0088335684696971	0.0403863158275612	0.0016310545061235	7.803193190882677e-05	-0.0427258477251513	0.0091233515000226	8.323554259296466e-05	0.0018254980638328	0.0007840001456699	-4.93143999919475e-10	6.146562284104245e-07	2.4319100465657924e-19	8.99999706456267e-05	0.0001529999756275	2.3408992542035708e-08	8.099994716213668e-09	-3.5274855141693643e-08	-5.996358724597203e-08	3.5956317954052995e-15	1.2443154052674705e-15	0.0
545.3493680354625	0.3261595774652051	0.1063800699722811	297405.9332166783	587.3241699671341	0.9532505294024533	0.9086865718060572	344949.68062758306	512.4986140272999	-0.4723269338826412	262654.8293799033	0.2230927324709769	510.6773423998768	470.5054444454747	1.177082	20.272776	0.1146030321057451	0.0769157910864341	0.0803512126	-0.1267813874	-0.1480427449	0.0350602061	-0.0905674139	-0.0583360748	-0.096113101	0.2059957259	-0.0017853098	-0.0156389235	-0.0027272795	-0.0322455532	0.1066078029	0.0863013836	-0.0623543391	0.0322579993	-0.1029705194	0.0156319195	-0.0213578093	0.027074676	-0.0701075424	0.0745310646	0.0643841249	-0.0859234893	-0.1376341079	0.0234010474	-0.0976375535	-0.0296272848	-0.0567062354	-0.1723508922	-0.0980170655	-0.0403480208	-0.0746437932	0.0012501786	-0.0433356711	-0.0162777129	0.1568538346	-0.1281368258	0.0677375476	0.0595312926	0.0864370687	-0.0387745752	0.0089872924	-0.1183781442	0.1409270986	-0.0210178024	0.02570135	0.0350514273	-0.0079706311	-0.0438559449	-0.1056162014	-0.0831790853	0.0033965214	-0.076520542	-0.0365569774	0.00938119	0.0849809437	-0.0220266227	-0.0001541555	0.1288961562	0.0673057508	0.1366719121	0.0162163925	-0.0260841981	-0.0699146465	0.1064879002	-0.0286485409	0.0589479457	0.0918133811	-0.1242351568	0.0719204552	0.0077907157	0.105303691	-0.0856892741	-0.078671934	-0.0306027823	-0.0019583083	0.0393314455	0.074229517	0.0522963075	-0.0051274154	0.0039770507	-0.0300034281	-0.2079331581	-0.1166141303	-0.0789856387	0.0670146138	-0.1154795243	0.0287696166	0.0371637167	-0.0099476432	0.1010660494	-0.0081812055	-0.0333549222	-0.0407833481	-0.1625780698	-0.1382249103	-0.0316045316	-0.0540539829	0.13030782	0.0807033741	0.00263862	-0.0149423147	0.0047584206	0.140459777	-0.0089771616	0.1025590894	0.022169542	-0.0554881173	0.0715257191	0.1398079882	0.1130292557	0.1046843788	0.0912295932	0.0	-0.0271271100537404	-0.0080922309295204	0.0007358800998677	6.54842014166866e-05	-0.0730942272871004	-0.0642606588174033	0.0041294322716467	0.0053427660626982	-0.0424861478688853	0.0002396998562659	5.7456021093940366e-08	0.0018050727607367	0.0013540006395497	0.0005700004938798	1.8333177319009967e-06	3.249005630232159e-07	0.0003599998571899	0.0002699998865442	7.289993873392047e-08	1.295998971767484e-07	-2.437444821768928e-07	-2.084696270351992e-07	4.3459585396195056e-14	5.941137259168161e-14	0.0
544.1408693176691	-1.208498717793418	1.4604691509083356	296089.2856617886	587.7187605389094	0.3945905717752112	0.155701719333888	345413.34148939187	510.9391946137407	-1.559419413559226	261058.860592538	2.4317889073854007	509.5986537167747	464.6847524181232	1.028933	17.721228	0.1193157603124478	0.0662548372039353	0.0870461023	-0.1334751929	-0.0868411075	-0.040712983	-0.0266645787	-0.0697836296	-0.0621815524	0.1189807334	-0.083395753	0.0463197146	-0.0340983398	0.060060189	-0.0096003009	-0.0558745146	0.0482823804	-0.0783353273	-0.1216943325	0.0075467895	-0.0116801171	0.1676320562	0.002234811	0.0314683629	0.0155859377	0.0418558294	0.04932772	0.1189271791	0.0376176761	0.1082461287	-0.1018196809	0.1581270146	-0.0817749812	0.0109398926	0.028378516	0.0924747042	0.0933102788	-0.0336651451	-0.0027610249	0.0821017593	-0.1478649175	0.0503475847	0.0901318169	0.0962245767	0.0315076926	0.0926389289	0.021033463	0.1151956868	0.0687083807	-0.0322446576	-0.078378359	-0.0419092044	-0.0456973458	-0.0717254735	0.2724216972	0.0551135855	0.0311195631	-0.0955511201	0.1202704622	-0.0042608817	-0.0080373244	0.0259656696	-0.0105050154	0.1117580616	-0.0148577492	0.0314679967	0.0334409303	0.0500363083	-0.0889221735	-0.2171159738	0.0031801822	0.1295506082	-0.1284999787	-0.0874612344	0.0537002583	0.083907487	-0.0669305116	-0.0698604598	0.1312735714	0.0598838223	0.0503364987	-0.0187367702	-0.1177644568	0.0813155102	-0.0065955064	0.0176874299	0.1007255579	-0.0411809376	0.0656106039	-0.0174833431	0.0464904381	-0.014565923	-0.0357894633	-0.0440536909	-0.0123918532	0.11820396	-0.0953386226	-0.0410475567	-0.0773540519	0.1667100887	0.085896904	-0.1063588036	-0.083499407	-0.1977994088	0.0935852877	-0.0398885479	0.0762884852	0.0158924979	0.1812586266	0.0177557167	-0.0145238985	-0.1057523476	-0.0429587001	0.1124677771	0.1024987213	0.0865329627	0.0	-0.0164183877720773	0.0107087222816631	0.0002695634570342	0.0001146767329057	-0.0294714712449746	0.0436227560421258	0.0019029448447108	0.0008685676173433	-0.0231117185541478	0.0193744293147375	0.0003753685112717	0.0005341515345261	0.0006589999234369	-0.0006950007161128	4.342808990898401e-07	4.830259953973049e-07	0.0001430000962796	-0.0002169997609103	4.708889623512737e-08	2.0449027535974873e-08	-4.7168026848167135e-08	1.965764553287257e-07	3.8642302789606494e-14	2.224822756749416e-15	0.0
543.8447128096167	-0.2961565080523769	0.0877086772617776	295767.07165097445	586.2431336095777	-1.4756269293316109	2.1774748345686388	343681.0117043772	511.5041251582954	0.5649305445546702	261636.47005395312	0.3191465201708361	509.9131654802625	460.52766899911313	1.105062	19.032383	0.0853833782613446	0.0519814894050901	-0.0142334358	-0.1353254787	0.0468667983	0.0926074986	0.0132574918	0.0209374791	-0.1858424266	-0.0462298502	0.0056688301	-0.1051188635	-0.0337895654	-0.0597144476	-0.0817068392	0.0563999961	-0.0835540483	0.0669567837	0.0668271595	-0.0308355045	0.0746743622	0.1130322477	-0.1117266583	-0.0933656317	0.0358706513	0.1070328774	0.141411741	-0.0700913022	-0.0620432029	0.0745456334	0.1172096966	-0.0372947278	-0.1218434661	-0.0297720146	-0.1187767211	0.0479574731	0.0307104121	-0.1022771132	-0.0690228051	0.0978139678	0.0263776459	-0.0827827675	0.0554653183	-0.0751495143	0.0462819563	0.0027413956	0.0889562559	0.0090952343	0.0726322028	0.0712542945	-0.0728450647	-0.0353441485	-0.0367149069	-0.0288023391	-0.016238574	-0.161709122	-0.0940641916	0.0091869941	0.0385225576	-0.1506175537	-0.0350362542	-0.006760504	0.090583216	-0.0977793685	-0.0866256282	0.0646901665	-0.045229205	-0.0322773899	0.0294269281	-0.01986073	0.0585510071	-0.0162893292	0.1138623885	0.0121741212	-0.0323728454	-0.0635776089	-0.0750325901	-0.0403607949	0.1163308393	-0.0247560891	0.1283810279	-0.080773244	-0.1307390747	-0.0142375232	0.1083675271	-0.0349112853	0.0012085706	0.0922188167	0.0161152091	-0.143011942	-0.0181160054	-0.032730695	-0.0962825378	-0.0135421145	-0.022428198	-0.0761017214	0.0961466218	-0.0547094683	0.0600720593	-0.0798714722	-0.0759418589	0.0762769936	0.015289779	-0.0152425694	-0.1454777462	-0.075324352	-0.0006863531	-0.0129232189	-0.0081735781	-0.0324938937	-0.1334988679	-0.0354789973	-0.1233826431	0.1118563022	0.1001308247	0.0814902283	0.0	-0.0096996408049108	0.0067187469671665	9.408303174429064e-05	4.514156080880905e-05	-0.0705229203790764	-0.0410514491341018	0.0016852214760097	0.0049734822987935	-0.0425231595007886	-0.0194114409466408	0.0003768040396249	0.0018082190939295	0.0010030006472286	0.0003440007237916	1.0060102983409903e-06	1.1833649796921338e-07	0.0001629996736269	1.99995773473e-05	3.9998309407063516e-10	2.656889360247592e-08	-8.169115655925956e-08	-3.4523129711092427e-08	1.1918464850489126e-15	6.673445059989457e-15	0.0
543.8328811590056	-0.0118316506110431	0.0001399879561817	295754.20262970513	585.5071956828489	-0.7359379267288659	0.5416046319979816	342818.6761963939	511.749912757	0.2457875987046236	261887.97320679712	0.0604115436769851	509.11569267126487	457.5698068010588	1.123585	19.351406	0.1383625980202758	0.1041013686481734	-0.1387995179	0.0101750612	-0.0641983906	0.0588945908	0.0462275359	0.1048421412	0.0505918169	0.0402649521	0.0877356706	-0.0294578959	-0.0141982727	-0.0621880489	-0.0643255648	0.0022942211	-0.0945604591	0.0570238453	-0.1150986117	-0.1050501175	0.1590274608	-0.0496843486	-0.0309017851	-0.1013204846	0.0648665555	-6.76217e-05	0.0502940805	0.0857418543	0.025191658	-0.0456651917	0.003262559	-0.0936484011	-0.0782314321	-0.0507335297	0.0071631699	0.0287307058	0.1778283768	0.0692440513	0.0236243951	0.0401975535	-0.0101588713	0.2907960086	-0.0019614125	-0.0014953703	-0.0175909483	-0.0738764398	0.0118160434	0.0216965863	-0.0427010251	-0.086671867	-0.1354625055	0.0773347224	0.0096901853	0.0165550422	0.104780108	0.1739539643	0.0270986406	-0.087793514	-0.1245452581	-0.0121441078	-0.0724042857	-0.0540638622	0.0989205988	0.0656137315	0.0376358992	-0.0208995269	0.029486674	0.0690147782	0.1340905479	-0.0083746032	0.0588371782	0.0267950756	-0.0609482166	-0.0947509937	0.0149894914	-0.0784595061	-0.0100432882	-0.0620771128	-0.0095263654	0.0805885858	0.0238199052	0.0543787368	-0.0534158581	0.0219119449	-0.0730402381	-0.1518646492	0.1612913184	0.0084082224	-0.0040142491	0.0716227807	-0.1186932685	-0.0354207348	-0.1093241845	-0.020720088	0.1138829663	-0.1037921993	-0.124388127	-0.052473185	0.0196812434	-0.0372168129	0.046530673	0.0086528087	0.0344152163	-0.0950948298	0.057068009	-0.1005405088	0.0796039011	-0.048582152	0.0943695894	-0.0655212453	-0.0534277792	-0.0765432585	-0.0666287162	0.1111951025	0.0975848992	0.0761215592	0.0	-0.0122791267207276	-0.0025794859158168	0.0001507769530236	6.653747589897237e-06	0.0205900432409578	0.0911129636200342	0.0083015721396256	0.0004239498806645	-0.0425419319438162	-1.877244302759401e-05	3.524046172242629e-10	0.0018098159735122	0.000307000005044	-0.0006960006421846	9.424900309701601e-08	4.844168939213756e-07	0.000360000178331	0.0001970005047041	3.8809198853670136e-08	1.296001283983518e-07	-5.531721731494147e-08	2.6373939244318093e-08	6.955846712629818e-16	3.0599945314684605e-15	0.0
545.1344486053026	1.3015674462969855	1.6940778172600564	297171.56705620734	586.6451878790128	1.137992196163964	1.2950262385300817	344152.5764616023	513.1447378551687	1.3948250981687238	263317.52198844985	1.94553705448139	510.7377213483081	466.6452974437274	1.118191	19.258501	0.0724880437838849	0.0571826944610276	0.0573581916	-0.0072034205	-0.1703856541	0.0452393786	-0.009883084	-0.0672704715	0.058368965	0.0867675786	0.0830094356	0.0274688595	0.016017477	-0.037424973	-0.085339056	-0.1536250089	-0.1319077302	-0.0624877712	-0.0529095805	0.0958613422	0.0710409169	-0.0051287311	-0.0776146123	0.110855377	-0.0813231335	-0.1521635724	0.0208268319	0.0307088483	-0.1118711724	-0.0016511975	-0.0149923473	0.0089336187	-0.1004479355	0.0956065626	0.0933954465	-0.0524981706	0.0150847917	0.095210419	0.0929414065	-0.0331730219	-0.1449621752	0.0055997882	0.094814075	0.000736633	-0.1088369448	-0.0562722261	0.1279456511	-0.0207343134	-0.0712767914	0.0704753619	-0.0276008184	0.0950173665	0.0673814133	-0.021074133	-0.0391163975	0.0111338182	-0.0041811324	0.1049122399	0.0455156968	0.0495036798	-0.0863068748	-0.0254594554	0.1003217608	0.1434315735	0.0463535847	-0.0011687517	0.0762461183	-0.106959441	-0.0372497079	0.0612032574	-0.0423486204	-0.0619640275	0.0733741454	0.0903363032	-0.0049082304	0.0094885082	-0.073374976	-0.082136979	-0.0186458715	0.1259686576	-0.0518005457	0.0750561109	-0.0052472042	-0.0437697068	-0.0310023706	-0.0294994195	-0.0161287604	-0.0213078202	0.0110985473	-0.0051025161	0.0751464449	0.1036326033	-0.0493998632	-0.015176554	0.0842326282	-0.1438608372	0.03658303	-0.1968276618	-0.0319953771	0.0357223673	-0.0864766223	-0.0282444208	0.0672018289	0.0194507074	-0.0087979514	0.0480686113	0.020968469	-0.0479652759	0.0041603741	0.0549193508	0.0970300436	-0.1017769743	-0.0704011384	0.1104844722	0.0948654713	0.0704484286	0.0	-0.0110664287919775	0.00121269792875	0.0001224658462079	1.4706362663947822e-06	-0.0306552950280973	-0.0512453382690551	0.0026260846943098	0.0009397471132596	-0.042514119293898	2.7812649918197707e-05	7.735434954722228e-10	0.0018074503393357	0.0006500002693727	0.0003430002643287	4.225003501845826e-07	1.1764918132955809e-07	0.0003029996245484	-5.70005537826e-05	3.249063131523074e-09	9.180877247647136e-08	-9.839782924548313e-08	-4.308061193054165e-08	1.855939124309928e-15	9.682132800223254e-15	0.0
544.8415350366038	-0.2929135686988502	0.085798358727896	296852.2983010428	588.1985663074558	1.5533784284430112	2.4129845419520795	345977.55340614653	512.9276778534169	-0.2170600017518609	263094.8027080986	0.0471150443605178	511.1827641165901	463.2342475993008	1.112718	19.164246	0.044601314267949	0.0270775720525488	0.088505712	-0.1380677721	-0.0225010961	-0.0132872043	-0.071004656	-0.0365812491	-0.131333286	0.0808008219	0.0389273604	0.1068383758	-0.0902592917	0.0434059579	0.0460866041	-0.0097041564	-0.0077735835	-0.0205448351	-0.0362096763	0.1217614262	-0.0231119268	0.0315376077	-0.0127502107	0.1847850312	0.0432736751	0.0327888557	-0.0098710727	0.026545132	0.0784184513	0.0095772394	0.0537413915	0.11334966	-0.1438119655	-0.2089560167	0.0117623847	0.0768267704	-0.1222654772	0.145924944	0.0337626405	-0.0437993503	0.0420468219	-0.1269840912	-0.0004201915	-0.0018986802	-0.0445062507	-0.0024053608	-0.0718444168	0.0725633467	0.104632885	0.0120281432	0.0398966374	0.0183769007	0.014729735	-0.0552967128	0.0094873434	0.0148917227	-0.0295829438	-0.2198024689	0.099023562	-0.0637177475	-0.064332153	0.0915648711	-0.0900244136	0.1265485708	-0.0893182595	0.0645015066	0.1032932863	0.0146044013	-0.0376601617	0.0258345752	-0.0835721557	0.0538794308	-0.0677231136	-0.192722993	0.0384913477	-0.0542607237	0.0277356738	0.0371841561	0.0001899607	-0.0281854395	-0.0377162792	0.04071294	-0.0957220476	0.0548168202	-0.0100133178	0.0233838962	-0.091458932	0.0964330256	0.0701717115	-0.0333420417	-0.0510769727	0.0072461286	0.0586913385	-0.0967847647	0.0009360115	0.1241751336	0.0185870192	-0.1008936918	-0.1094070803	-0.0069235656	0.0469536742	-0.0403580251	-0.1178530222	-0.1804418218	0.0426458932	-0.0501385502	0.0289712486	0.0837759266	0.0228554892	0.0468330104	0.0606935366	-0.1149823165	-0.0582094718	0.1097247271	0.091977376	0.064493527	0.0	-0.0084646686685658	0.0026017601234117	7.165061566859951e-05	6.769155739775269e-06	-0.0215821529251769	0.0090731421029204	8.232190761978684e-05	0.0004657893248857	-0.0276404371294916	0.0148736821644064	0.0002212264211277	0.0007639937647093	0.0002900000014039	-0.0003600002679688	8.4100000814262e-08	1.296001929376078e-07	0.0003019998799549	-9.997445934999843e-07	9.994892522324488e-13	9.120392749277404e-08	-4.3812847335338674e-08	5.458498191014445e-08	2.979520250130797e-15	1.9195655916296933e-15	0.0
543.9402940440683	-0.9012409925354632	0.8122353266263068	295871.04348474747	588.4249001357515	0.226333828295651	0.0512270018309652	346243.8630997691	512.6308010916673	-0.2968767617495587	262790.3382278845	0.0881358116669042	511.4596785234115	461.11925589063134	1.06793	18.39287	0.0380093235555914	0.0208026206189691	0.0494262838	-0.0970044215	0.0105754489	0.1282134837	-0.0063628914	-0.0619129505	-0.1658104237	-0.0207132601	0.1139410471	-0.1015259143	-0.0112030777	0.1748938762	-0.1187586566	0.0152647401	0.0260421025	-0.0755965338	0.1244969929	0.0316449636	-0.0568333311	0.0294227904	-0.1257113852	0.0754568945	0.1492697442	0.0282824605	-0.1018395119	0.0870076828	-0.1524743649	-0.0039637955	0.009395294	0.0589537881	0.0835308726	-0.0569949657	0.0807883684	-0.0555179257	0.2040735294	-0.1060630928	-0.0467735378	0.0150281427	0.1066992279	-0.0903265132	0.0975935881	-0.0205701998	0.1830450778	-0.0125647002	0.0246643369	-0.1271779234	-0.0503199194	0.0404165462	0.0399393111	0.0573515061	0.0580917126	0.0563104544	-0.0103039031	-0.0703833879	0.1572985755	-0.0597093536	0.0818907328	-0.1269975206	-0.0238233755	0.0832143791	0.0492613178	-0.0301833042	0.1110830903	-0.1585798816	-0.02745645	-0.1126509696	0.0582815981	-0.0866074141	-0.0119751976	0.0902768901	0.1742609896	-0.0287955342	-0.0345530281	-0.0116047303	0.0080474008	0.1459414525	0.0099381509	-0.0496881209	0.1066394813	0.0370082213	-0.0516372163	-0.0854624281	-0.0829882846	0.0405645471	-0.1154268627	0.065771192	0.1312860868	-0.0683274676	0.0227054123	-0.0223231015	-0.0745938744	-0.0895448178	-0.0382370771	0.0110083816	0.0983215675	-0.0717269569	0.0991545495	-0.1092940274	0.0640839639	-0.0173443591	-0.0054003604	0.0365970347	-0.1296337178	-0.0765423698	0.0226990337	-0.0643740406	0.2113743979	0.1844855913	0.1104363111	0.0294102171	0.0396848311	0.1089162049	0.0889257484	0.0582806721	0.0	-0.0098271322743386	-0.0013624636057727	9.657252873734732e-05	1.8563070770554185e-06	-0.0306546169816073	-0.0090724640564304	8.230960405522156e-05	0.000939705542289	-0.0127681880861558	0.0148722490433357	0.000221183791607	0.0001630266270034	0.0004859994883523	0.0001959994869483	2.3619550267869738e-07	3.8415798884036025e-08	0.0003599996882304	5.799980827549996e-05	3.363977759994753e-09	1.2959977552598517e-07	-8.745462448507222e-08	-4.3641777149733554e-08	1.904604712787005e-15	7.648311343824994e-15	0.0
542.6017350295348	-1.33855901453353	1.7917402353889749	294416.64285706147	583.226943161528	-5.19795697422353	27.018756705879035	340153.6672295402	512.7001624944556	0.0693614027883313	262861.45662184124	0.0048110041967651	509.4046267764106	453.8260199940065	1.189828	20.492302	0.1310249786671576	0.088283899936527	-0.0455843152	0.0131290967	0.1021930409	-0.0629879483	0.0247145212	0.1155556726	-0.0355550243	-0.0144773578	-0.1104339057	0.0787014763	0.0083134732	0.1123325167	-0.0486607397	0.0482361987	0.0197061391	-0.0293786286	0.082348447	-0.1103258949	-0.0928288307	-0.0404561555	0.1023011635	-0.0068466298	0.1409649177	-0.0968471978	-0.0143803417	-0.0692317031	0.0151895038	-0.0263587633	0.0320902317	0.0494255151	0.008548751	-0.1536385275	0.0565715809	0.0422136587	-0.0347652803	0.0830520656	-0.1598347896	-0.0937566886	0.151674223	-0.0861230986	0.0251160095	-0.0904697892	-0.0217073601	0.0381662146	0.0357913234	-0.057783364	-0.0797239587	0.0627686815	0.0132500575	-0.1650714746	-0.0743533605	0.0582967487	-0.0969226693	-0.0702880405	0.0432310602	-0.2250232287	-0.0672733522	-0.0616409633	0.0978189969	0.0049240334	-0.1547653898	0.0084942159	-0.0125586101	-0.0251837928	-0.0128444733	-0.0593109008	-0.0008044378	0.0009413647	-0.0332342932	0.0602046388	0.0377481892	-0.1023057473	0.0415811332	-0.0987523722	0.0049452989	0.0223182302	-0.1983230293	-0.18634156	0.0232035163	0.142738995	-0.0157636768	0.157716895	-0.003002761	-0.1522406214	-0.0738171551	0.0361330727	0.0831488399	0.1125842025	-0.1471191772	-0.0783471322	0.1007579196	-0.0809301383	-0.0159527643	0.1485207393	0.1286093701	-0.0843550291	0.0631787629	0.045155447	0.1109224019	-0.0061228544	0.0708255884	0.0760750258	0.0597718469	0.1188214235	-0.0117871084	-0.1447359703	0.0095359305	0.0226113747	0.0333335651	0.0119003737	0.0915810722	0.1080592651	0.085716014	0.0518347133	0.0	-0.0021912351123205	0.007635897162018	4.801511317466233e-06	5.830692546891607e-05	0.0462267253809614	0.0768813423625687	0.0059107408034705	0.0021369101394468	0.0027348312192003	0.0155030193053561	0.0002403436075822	7.479301797512599e-06	-5.300000178305084e-05	-0.0005389994901353	2.809000189003392e-09	2.905204503661681e-07	0.0002789996961749	-8.099999205549998e-05	6.5609987129910605e-09	7.78408304656865e-08	7.459928958198232e-09	9.491455344327045e-08	9.008772455335444e-15	5.565054006136456e-17	0.0
542.8376343044214	0.2358992748866057	0.0556484678920264	294672.69721722073	585.5654301724192	2.338487010891185	5.468521500106792	342886.8730130103	512.5129589197289	-0.1872035747267091	262669.5330606557	0.0350451783904585	510.1563723499238	456.43153594690494	1.106323	19.054102	0.0531971607534615	0.0415434041383086	-0.0015891432	0.1515132389	-0.0036822553	0.0818607366	0.0470701768	0.0121583415	0.1189170179	0.0074923145	0.0145241133	-0.0151723429	0.069745134	0.0268703591	0.1009109082	-0.0769354011	-0.1136585449	-0.0081486539	0.032211577	-0.0868216881	-0.0395180268	-0.0639176109	0.0838924727	-0.0237677631	-0.1231953821	0.0921248748	0.1488699509	0.0281898165	0.0721283058	-0.0267430593	0.0553134352	0.0860604282	-0.0514810424	-0.0345991262	0.1703290806	0.0353417631	0.1000259212	0.0900492062	0.1133404351	-0.0286736705	0.053895501	-0.1111340907	0.0487892997	-0.1232796221	0.0310602486	0.1468637174	-0.045345768	-0.0866151592	-0.0838888241	-0.1886530942	0.0167723264	-0.005456052	0.0610827851	-0.0700846294	0.1057307177	0.0671824609	0.1101619388	0.0125128898	-0.0477613987	0.1337077797	0.0326996723	0.0472625286	-0.0558495824	-0.1257321476	0.0174011489	0.151760684	-0.0056724693	-0.0852214506	0.0770181948	-0.0289740971	0.0609828241	0.0756542264	-0.031121231	-0.0430226059	0.037329336	0.0089003785	0.0796993995	-0.0975511391	-0.0380307473	0.1258334179	-0.2029959409	0.1212827281	-0.0765937752	-0.0681700632	0.0776834655	-0.0148156835	0.0769831597	0.2170441788	0.0597804577	0.1406746358	0.0858354543	0.0335150723	0.0419904785	-0.0227421226	-0.094710232	0.0648311016	0.1287721167	-0.0523747049	0.0165216928	-0.0049719441	-0.0899562867	0.0318394078	0.1408618284	0.0130644945	-0.0001736992	-0.1004509165	0.0770279094	-0.0080767842	-0.0775757846	-0.0993736975	0.0332086805	0.0140615607	-0.1099060269	0.1071542885	0.0823538796	0.0451814325	0.0	-0.0027780765501574	-0.0005868414378369	7.717709318534441e-06	3.443828731624805e-07	0.0052748060851115	-0.0409519192958498	0.0016770596940138	2.782357923552931e-05	-0.0039232720549762	-0.0066581032741764	4.433033920959983e-05	1.5392063617357175e-05	-7.200000707033243e-05	-1.9000005287281583e-05	5.184001018127919e-09	3.6100020091672825e-10	0.0003600001793242	8.100048314929999e-05	6.561078270420031e-09	1.2960012911345616e-07	1.2906404341325753e-08	5.446475383127521e-09	2.966409409901408e-17	1.6657527302179224e-16	0.0
544.6287335719055	1.7910992674841282	3.2080365859821804	296620.4574321376	588.1270305180954	2.5616003456761973	6.561796330968414	345893.40402603266	512.457241830025	-0.0557170897038759	262612.4247040368	0.0031043940850697	511.35079863516654	462.4396456939748	1.215546	20.935253	0.0289034713825628	0.0143201736153058	0.1082903486	-0.0476318717	0.0112461186	-0.0281553983	0.0734792291	-0.08187131	-0.0823696077	0.0146523334	0.0525365817	0.2429080375	0.0825992947	0.0554354056	0.105099938	0.0624488453	-0.0202118262	0.0698328329	0.0579220687	-0.0744932514	-0.0545460658	0.0087054973	0.1097209873	0.0466509021	0.1389573061	0.0328342819	-0.0110470627	0.0123246908	-0.1096513727	-0.011040048	0.0294840045	0.1246218942	-0.1858966283	0.0292151868	0.0443676976	-0.0604469556	-0.0537344259	0.0394248405	0.0002711777	-0.1566032456	-0.0269657172	-0.0192805977	-0.2952058237	-0.0311409415	0.0582688182	0.047963323	0.1181364849	-0.0581894069	0.0712845633	0.0308100492	0.059914366	-0.0224106711	-0.0142302907	-0.0299774809	-0.1171034369	-0.0050951572	0.0705712344	0.025902096	0.0990090473	-0.0428425469	-0.0487037266	0.0352057414	-0.1871657837	0.0860274611	0.0602690474	0.1132144109	0.0278636965	0.090365688	0.0509682897	0.1024823073	-0.0678948595	0.1369248507	0.1216421164	-0.0649259713	-0.0276125648	-0.1168801062	0.0437620136	-0.0420698449	-0.0285733144	-0.0587569036	-0.1009828035	0.1171903074	0.0502993148	-0.1052712882	-0.0473922138	0.1104090134	-0.0021740107	-0.0931006926	-0.2373438834	-0.0188886941	-0.0480335952	-0.0229614066	0.1345977328	-0.0799306293	-0.0054845335	0.1807814117	0.0897784388	-0.2071740694	-0.0036899366	-0.1179601926	0.0751075107	0.0563911408	-0.0453963902	0.0207788664	0.1531421386	-0.0249776723	0.0299526818	0.0316619416	-0.0658454746	0.1221627478	0.0801839964	0.0527273235	-0.0594961099	0.1062016776	0.0788453231	0.0383474405	0.0	-0.0077331353955258	-0.0049550588453684	5.980138304553397e-05	2.4552608161063625e-05	-0.0060303153847769	-0.0113051214698884	0.0001278057714489	3.6364703639876975e-05	-0.0087151500592597	-0.0047918780042834	2.296209480793601e-05	7.595384055541434e-05	-0.0002290000083271	-0.0001570000012567	5.2441003813811876e-08	2.464900039462502e-08	0.0003600001792998	-2.439996989178628e-14	5.953585307200768e-28	1.2960012909588817e-07	4.116638362564929e-08	2.8259979284323542e-08	7.986264291503956e-16	1.6946711408141261e-15	0.0
544.22821199189	-0.4005215800154929	0.1604175360581068	296184.3467278896	586.9784612009081	-1.1485693171872526	1.3192114763839915	344543.713913786	512.9736162433187	0.5163744132936472	263141.9309617476	0.2666425347043584	511.365386969548	459.6620498173225	1.194868	20.579117	0.0366815879177557	0.0198401744985352	-0.0127308337	-0.0968049628	0.0472666279	0.0983069673	0.046177014	-0.0209413781	-0.1235852527	-0.063647497	0.0772924397	-0.0910575298	0.1354446579	0.0925989597	-0.050556926	-0.0868510503	-0.0257808892	-0.0537057009	0.0745661211	-0.06083407	0.0085250727	-0.0135957992	-0.1211776265	0.0840604191	0.0308296331	0.0800805882	0.1583460838	-0.1234636625	-0.0504422031	0.0088150414	0.1208798833	-0.0829269605	0.0736899999	0.1658738442	-0.0146942664	0.0497980729	0.0348632493	-0.1022213775	-0.0680246797	-0.0722975345	0.0118060751	-0.1518544448	-0.0200664624	-0.1032145726	-0.1485887025	0.0653081235	-0.1255052933	0.0118097966	-0.0193168307	0.0098921245	-0.0435632032	0.0979131942	-0.0224998262	-0.0953092304	-0.0834328331	0.0408287305	0.0444069964	-0.1853570257	0.0429421933	-0.138595804	-0.0717411375	0.085048849	0.0480882563	-0.1301753724	0.030970445	0.0180478445	0.0162881178	-0.1797801478	0.0264100636	0.019248207	-0.0631319593	0.0540849862	0.1171443541	0.0548359954	-0.0592720268	0.040352385	0.1083650795	-0.0873473661	-0.0576948241	0.0234693861	0.1583986747	0.1248388496	-0.0555943595	-0.0099215072	0.1736344524	0.1116003662	-0.1106385243	-0.0589500167	-0.0606702	-0.0328377626	0.0722681277	-0.0453410843	-0.1124736117	-0.1414484938	-0.1237066248	-0.0241410493	0.114323305	-0.0428226798	0.1202834882	-0.0377312916	0.0465748798	-0.1098495186	0.0887196318	0.137411414	-0.0281942712	-0.1261694073	0.1057053831	0.0059159652	0.0678097361	0.0995945564	0.0098021834	0.0804350447	0.1419698789	0.1052018558	0.0751965824	0.0313600711	0.0	-7.58825517692685e-05	0.0076572528437565	5.7581616630157155e-09	5.863352111321749e-05	-0.0225921435214644	-0.0165618281366875	0.0002742941512291	0.0005104049488944	-0.0133767049688771	-0.0046615549096174	2.173009417537809e-05	0.0001789362358243	-0.0001680000029722	6.10000053549e-05	2.822400099865921e-08	3.7210006532978286e-09	0.0002650001360893	-9.500004321050004e-05	9.025008209996875e-09	7.02250721273475e-08	2.2174395139477475e-08	-1.8991988486171817e-08	3.6069562665888285e-16	4.917037998016822e-16	0.0
543.0678531254888	-1.160358866401225	1.346432698835936	294922.6930983275	584.9130939548298	-2.0653672460782677	4.265741861172926	342123.3274798116	512.3389800122676	-0.634636231051104	262491.2304400107	0.4027631457627502	509.9012956868916	457.7258595894892	1.256663	21.643402	0.0469581808982326	0.0255279206716196	-0.092164775	0.0132498381	0.0356546151	-0.069364488	-0.024441016	0.0979168908	-0.0138083338	-0.0390986706	-0.0624113935	0.0548705767	-0.1106682542	0.0381114645	-0.0073913084	0.0280241254	-0.0116161114	0.0751588466	0.0200327257	0.0393571132	0.069711696	-0.0826202468	0.0974822014	0.0271409596	0.0761390322	-0.0312929484	-0.0723442523	-0.1303567055	0.0083856529	0.0174084711	0.0052352646	-0.1000177781	-0.0658154756	0.0420395889	-0.0862846461	0.0003843894	0.0673279189	0.1903581697	0.1073752947	0.0021390055	0.061547478	0.0109050055	-0.0511355908	0.1330919707	-0.0327308699	-0.0455577034	0.1109267496	-0.1253239258	-0.0704578385	-0.0306528165	0.1174778814	-0.0199380294	0.1498358839	0.0661372044	0.0389060354	0.0220899968	0.0552779865	-0.0774050219	-0.094817521	-0.0143405763	-0.0132401886	0.0044505366	-0.1336684212	0.0017500589	-0.1103231457	-0.0865348937	-0.1004204632	0.0279391647	-0.0200454632	0.1001874827	-0.0348891485	-0.0912316798	-0.0778738598	0.0553331398	0.0286607532	-0.2293271331	-0.0458444613	-0.1600121393	-0.0731191721	-0.0638783232	0.0439348189	0.040671631	0.0838064878	-0.1672316996	-0.1022138006	-0.045121773	0.0425394695	-0.0214127793	0.0681189906	0.0160684213	-0.2033367312	-0.0328383504	0.1023469276	-0.0213406581	0.0011385628	0.0050174545	0.1445502908	-0.1242764443	0.0505916206	-0.0418335201	0.0319852579	0.1164633358	0.1055101196	0.0540501253	0.0803340813	0.1881251193	0.0863095409	0.1014224947	0.0639625872	-0.0879632053	0.0320950551	0.0469576917	-0.0408529815	0.1041552675	0.071414145	0.0242472716	0.0	0.0009149054050539	0.0009907879568231	8.370519001968407e-07	9.816607753858286e-07	-0.0097047021001657	0.0128874414212987	0.0001660861463874	9.418124285296052e-05	-0.0336055967969741	-0.020228891828097	0.0004092080645928	0.0011293361360807	-6.000000354952116e-06	0.0001620000026172	3.6000004259425516e-11	2.6244000847988324e-08	0.0003600001793226	9.50000432333e-05	9.02500821432887e-09	1.2960012911230414e-07	1.0264054125537882e-09	-2.1147989726923687e-08	4.472374694900698e-16	1.0535080709197122e-18	0.0
542.9064128956978	-0.1614402297909691	0.0260629477949609	294747.3731632739	585.4816833916357	0.5685894368058371	0.323293947647179	342788.8015871035	512.6859798722595	0.3469998599919108	262846.9139575789	0.1204089028344057	510.54216023390205	458.9775074113391	1.195595	20.591625	0.1074145284968454	0.061633432826118	-0.0251195939	0.1229031926	-0.0492265026	-0.0618849696	-0.0009810263	-0.0476832075	0.1823586887	-0.0344232268	-0.0028125861	-0.1141831226	0.068538295	0.0888879717	0.0549098397	0.0145131687	-0.0350607063	0.0175198737	0.1402488775	-0.0480225646	-0.1006099364	-0.086554173	0.1302709146	0.0596090923	-0.1744201443	-0.0872934452	0.1344090278	-0.0861892238	0.0442485039	-0.1137945221	-0.035496688	-0.1580120872	0.0735139271	0.0232203188	0.032382461	-0.0763451669	0.0991481406	0.0288465803	0.0632346925	-0.1900522762	0.0471361262	-0.0157785844	-0.0310135243	-0.0696881543	-0.0913089578	-0.0199463011	-0.0527922398	-0.0320790757	0.1050829543	-0.0467007219	0.0343000289	-0.1417953531	0.0389364937	-0.0391787946	0.0884590637	-0.0031777023	0.0552340142	0.0994068669	-0.0353232693	0.1514254904	0.0406882403	0.0756338112	-0.0310767317	-0.1751164502	0.0225462277	0.0662008331	-0.0178780105	-0.1396236917	0.1338330828	0.1064803049	-0.0397026823	0.0604119714	0.0095790566	-0.0872089701	0.1038186975	0.049519376	0.0400825726	0.0021380744	-0.0600709199	0.1407452259	0.0397937397	0.0930250341	0.0029615915	-0.0235858845	-0.1580554436	-0.0061933592	-0.0546580761	-0.0287778052	-0.0192567482	0.2206390351	0.0768601903	-0.1068032657	0.0223786711	-0.0494703738	-0.0863858059	0.0522645722	0.0200987454	0.0116642945	0.0337248489	-0.043709621	-0.0338204541	-0.0765872027	0.0719313029	0.0842518372	0.0393068722	-0.1093626678	0.0634919743	-0.0031648993	0.0787965473	-0.137447523	0.053118585	0.0397580054	0.1015973033	0.103062378	0.0675047358	0.0170374908	0.0	0.0073634393396133	0.0064485339345594	5.422023890816476e-05	4.1583589905164144e-05	0.0415565094183278	0.0512612115184935	0.0026277118063437	0.0017269434750355	-0.011801119870654	0.0218044769263201	0.0004754352140304	0.0001392664302015	-0.0002579999946827	-0.0002519999943277	6.656399725627322e-08	6.350399714118497e-08	5.4000010318855374e-05	-0.0003060001690037	9.363610343032027e-08	2.916001114436487e-09	6.985423369354916e-09	5.9590179568011275e-09	3.5509895009478284e-17	4.8796139649129785e-17	0.0
543.7021444441956	0.7957315484977698	0.6331886972746587	295612.02187321696	588.5892169111866	3.107533519550884	9.656764575132303	346437.26626412384	512.2402030275068	-0.445776844752686	262390.0255976614	0.1987169953176603	510.9929925409287	461.7558249599349	1.163222	20.034071	0.1306390505612938	0.0834154722504643	0.1190111743	0.0255335254	0.0164649839	-0.1475140936	-0.0532754319	-0.1339619438	-0.0010249172	-0.0428412216	-0.0893136318	-0.0265200071	0.0115241939	0.0102134212	0.0188856028	0.1009103405	-0.0880188597	-0.019665647	-0.0004862548	-0.043816842	-0.096145067	0.0941025643	-0.0666690388	-0.0074202578	-0.0028768377	-0.0741498966	-0.0004314304	-0.0693598173	0.1155240493	0.0166121211	-0.0528015711	-0.0432171197	0.0990708235	-0.0257221354	0.0470661701	0.0503695147	-0.1917784279	-0.1520604203	0.1217458055	-0.0700864974	0.0552294739	0.1016585503	0.0295021462	0.1830272895	-0.0478823467	0.0388350004	0.1328799175	-0.0539658985	-0.0972718696	-0.0716123358	0.0857268055	0.0195432731	-0.0118075177	0.0471786612	-0.0931352987	0.0036560567	0.0826155501	-0.0128259233	0.135716466	0.0183156414	0.1098105561	-0.0372448906	0.0136465298	0.0054328886	-0.0206091926	-0.0791451419	0.0174628646	0.0148849847	0.0835263366	-0.0048610249	-0.0180089717	-0.1697604945	0.0168320898	0.0119612763	0.081589809	-0.0823128442	0.0310318765	-0.0233812778	0.0380534718	0.0143339684	0.0841682724	0.105648575	0.1337646837	0.1154057922	0.1135023636	0.141514786	0.1214615323	0.0597640387	0.0715114913	-0.0831692404	0.0943666193	-0.1886605366	0.0907433349	0.0616686767	0.0392989274	-0.0503473683	0.0735273577	-0.1260010006	-0.001082876	-0.047512538	0.1065528706	0.1397067472	0.0895049384	0.0453720644	0.0373421754	0.0521621289	0.0196900557	0.0452739509	-0.0566487089	0.0161121134	-0.0893634995	0.040215753	-0.0209781246	0.1019236731	0.0634753057	0.0097595656	0.0	0.0074369083968406	7.346905722729977e-05	5.530760650299823e-05	5.397702369868249e-09	-0.0303813846647642	-0.071937894083092	0.0051750606051101	0.0009230285341483	-0.0358773337464271	-0.0240762138757731	0.0005796640745919	0.0012871830767525	0.000127000014153	0.0003850000088357	1.6129003594862202e-08	1.482250068034891e-07	0.000359999701387	0.0003059996910681	9.363581093379995e-08	1.2959978499872914e-07	-2.278557681524909e-08	-2.9771000184604007e-08	8.863124519916918e-16	5.19182510803617e-16	0.0
543.10897055754	-0.5931738866555634	0.3518552598100671	294967.3539000709	583.2432029853433	-5.346013925843295	28.57986489531044	340172.6338286023	512.0959164277288	-0.14428659977807	262242.22762195533	0.0208186228755169	508.3313725057073	452.3070711635787	1.132947	19.512642	0.1049006490280888	0.0618280118219925	-0.0486562205	-0.0402618556	0.1380920998	-0.1589098103	0.0829580092	0.0304008367	-0.0158913529	-0.1567862266	-0.1472637212	-0.0362229023	0.0857566731	0.030239767	-0.0466623373	-0.1881068776	-0.0345681453	0.0628408916	0.0784916705	0.0020839682	-0.0518610971	0.0112830262	-0.0373340765	-0.1030744593	0.1706572752	-0.0236772333	0.1611729821	-0.0317268358	0.0880861409	0.0577125224	-0.0918397151	-0.0065520152	0.0465876929	0.0093565952	0.0068782628	-0.1633187405	0.0420123745	-0.0516485384	0.0196283413	-0.0139435685	0.0326639898	-0.0205781788	-0.1838005403	-0.0386120261	-0.0190906578	-0.0091950986	-0.0423010109	-0.0182025341	-0.0726009923	-0.0193182372	0.0229657134	0.1496998268	0.0360232883	-0.0899686604	-0.034565175	-0.1443092534	-0.0279546951	0.0048357471	-0.0363308934	-0.1033554809	0.141592394	-0.1111636735	-0.0168357238	-0.050639618	-0.0665072903	0.0417807859	0.1042975437	-0.1506695837	0.0960776361	0.0102410487	-0.0162863894	0.0533398122	-0.021331086	0.0259047202	-0.0146928604	0.095645439	0.0074608377	0.0106554389	0.0119918212	-0.0556055362	-0.0620575448	0.0047423219	-0.0045987489	-0.0565638346	-0.0980318881	-0.0589932255	0.0257872134	-0.0748038002	-0.0644600943	0.0130904713	-0.0373120725	-0.1540875536	0.039444717	-0.1262796414	-0.0561409772	0.0662095518	0.0309133582	0.0228442124	0.0331748856	0.1522938194	-0.0384198636	-0.1532734202	0.0944762708	0.0702295951	0.0992032862	-0.0269381002	0.0770171255	0.0274193068	-0.1068196784	-0.0649570647	0.1402458591	-0.0766027967	0.0074884206	0.100739659	0.0593330188	0.0024426053	0.0	0.0175728594383173	0.0101359510414766	0.0003088053888388	0.0001027375035152	0.0020973222753752	0.0324787069401394	0.0010548664045034	4.398760726785007e-06	-0.0118482411864135	0.0240290925600136	0.0005773972892577	0.0001403808192114	-0.0006379997809394	-0.0007649997950924	4.070437204787225e-07	5.852246864914141e-07	0.0003600003495365	6.481495000540577e-10	4.200977744203251e-19	1.296002516664022e-07	1.1474091046840025e-07	1.3752648728364934e-07	1.8913534704579763e-14	1.316547653511744e-14	0.0
544.2888850674236	1.179914509883588	1.3921982506338275	296250.3904079391	584.3962310370753	1.153028051732008	1.32947368808091	341518.95485033863	512.6996025638726	0.6036861361438923	262860.882469153	0.3644369509723421	510.1932197823783	459.4153060212557	1.045267	18.002544	0.0919153536424141	0.042284811533599	-0.0746483033	0.0727045271	-0.053265042	-0.1566175693	0.0615560542	-0.0066546357	0.146753815	0.0204980964	-0.0580866478	-0.1016485451	0.1959126733	0.0015967782	-0.1014854014	0.0845158123	-0.0912672788	0.0288708819	0.1211897674	0.20742321	-0.1282432833	-0.0107041132	0.0277793071	-0.0798497211	-0.1180921534	0.0022224655	0.1315803004	-0.0978248263	0.1357734668	-0.0645472254	-0.0581129555	-0.0887748933	-0.1696970622	0.0969274581	0.0506123083	-0.0052548433	-0.0873605779	-0.1332814868	0.0287229892	-0.0668069948	-0.0190081115	-0.0946685221	-0.031975847	-0.0507301442	-0.0469513666	0.0741287155	0.0910886768	0.0100268471	-0.0308826433	0.0697890981	0.0011273042	0.1967255111	0.0007151753	0.0421851097	0.0068641908	-0.0509211974	-0.0616452236	0.1537445205	-0.0327068687	0.1127793397	0.1517304067	-0.0295070639	0.035282625	-0.0694340466	0.1134032176	0.0857401448	-0.0170111312	-0.0659725506	0.0845243386	0.1522678268	-0.0813466729	0.0138539535	-0.0678048088	0.0413710946	0.0924503345	-0.0893994487	-0.146711182	0.0364699388	0.1533711172	0.1521147897	0.0212502077	0.0585064642	0.0480307713	-0.1111658066	0.0304611776	0.1341391362	-0.0477800335	-0.0253951779	0.0659776237	0.0973641904	0.0535347541	-0.2059624042	0.1088321321	0.0422072477	-0.0670857471	-0.1196653955	0.0739622764	-0.0491042824	-0.032078368	-0.0765344258	-0.1769281825	0.0251151668	0.1009276536	0.0888213423	0.0882342196	-0.0515314853	0.040238006	0.0754146889	-0.0276356533	-0.0717286971	0.1008608672	0.0466706255	0.0642648544	0.0995108621	0.05508524	-0.0048841247	0.0	0.0436083294183617	0.0260354699800444	0.0019016863946603	0.0006778456970817	-0.0134207230028948	-0.01551804527827	0.0002408097292584	0.0001801158059204	-0.0293645803085667	-0.0175163391221532	0.0003068221362422	0.0008622785766982	-0.000249007394987	0.0003889923859524	6.200468275821184e-08	1.5131507632894094e-07	0.0001759899052427	-0.0001840104442938	3.3859843609201686e-08	3.0972446747334527e-08	8.402189590319865e-05	8.390715499273025e-05	7.040410658974057e-09	7.0596789911679505e-09	0.0
544.3559490299308	0.0670639625071771	0.004497575067164	296323.39924427663	586.876099537995	2.479868500919679	6.149747781853615	344423.55620893056	513.0949035236854	0.3953009598127437	263266.38002198003	0.1562628488288764	510.8030870913627	463.8182951683592	1.143534	19.694992	0.0316447132699421	0.0178683400757083	0.0811622613	-0.0198442596	-0.081002331	-0.0531563957	-0.0982523212	-0.1289741259	0.0090777419	0.0721124822	-0.0079156217	-0.0676480167	0.0123533361	0.1295634738	0.0113423326	-0.0622781233	-0.1440826006	0.1468958908	0.0094233234	-0.0759309654	-0.0260657451	0.0140404079	-0.0908848512	0.080679303	0.0085323936	-0.0822615885	0.0729240332	0.079113138	-0.0490870942	-0.0104407501	0.0758033145	-0.2126057036	0.10690875	-0.0931649927	-0.1007989681	0.1765423557	-0.0563795051	0.0637939625	0.0618460158	0.0683600688	-0.041058291	-0.1265272108	-0.0960796577	0.0593693016	0.1264969301	-0.0714393964	-0.0343433823	-0.0108158919	0.0384637485	-0.0025629871	0.0389913889	0.0656634852	-0.0045578413	-0.0644774763	-0.0994104128	-0.0130037354	-0.0474642394	0.0188864012	0.087067229	0.0276965921	-0.0199690658	0.0606655792	0.0808139926	0.0213019218	-0.0128859088	-0.1081106548	0.0805592556	-0.0301082414	0.177804277	0.0720042142	0.0596018449	-0.0521046547	0.0303786053	-0.1018883168	-0.0627228195	-0.0219079654	-0.0502523626	-0.1654529777	-0.1225178924	-0.1617996335	-0.0569472904	-0.1686990901	-0.0704783834	0.0309775828	-0.0162063062	0.0005051255	-0.0202529906	-0.0582548595	0.0588421333	-0.0155137093	0.0896057065	-0.065828001	0.0562903485	-0.093058365	0.104397365	-0.1314247283	-0.0226575019	-0.0855601209	-0.0909871551	0.0235647901	0.0211482059	0.0314121681	0.0882709967	0.0341047897	-0.0698678768	0.0635835861	0.0443277624	-0.053625595	-0.0257856288	0.0009042759	0.1042289365	-0.0036146021	0.1031491089	0.0982378286	0.0507395216	-0.0121913197	0.0	0.0349484072226573	-0.0086599221957043	0.0012213911674006	7.499425243565367e-05	-0.0134726474678501	-5.192446495530002e-05	2.69615006089418e-09	0.0001815122297929	-0.0436473219739355	-0.0142827416653687	0.0002039967094796	0.0019050887154963	-0.0003070025093053	-5.799511431829997e-05	9.42505407197508e-08	3.3634332847926824e-09	8.69910563352505e-05	-8.899884890744951e-05	7.920795106851027e-09	7.567443882322727e-09	5.801336025067577e-05	-2.600853565252288e-05	6.764439267885536e-10	3.3655499675746873e-09	0.0
544.2035501115971	-0.152398918333688	0.0232254303092781	296157.5039540656	588.3376397601629	1.4615402221679688	2.1360998210147955	346141.1783585592	512.5678760295606	-0.527027494124809	262725.82753745496	0.2777579795634756	511.02997155048047	461.1408245806304	0.979439	16.868792	0.0374416530520237	0.0291863890184698	0.1241931806	-0.0683414751	0.0054242054	-0.0933094872	-0.1103943094	-0.1051227681	-0.0640761866	0.0575736569	-0.0762999428	0.0046803038	-0.0453992781	0.0519567986	0.0452916412	0.0654953567	-0.0280699002	-0.0263717288	-0.123468426	0.0833310617	-0.0222793266	0.0894720546	0.0362528277	0.2091676838	0.0108093815	0.0159517055	0.0608156741	0.1167672467	0.1121246502	-0.1005887441	-0.0173900076	-0.0261363028	-0.0186824526	0.1049898861	-0.0390883643	0.1273478045	-0.0024422109	-0.0003356093	-0.1131632238	-0.1401802845	0.1113948038	0.1530235782	-0.0930890266	0.039213017	-0.0153689482	0.0101167928	-0.0310503182	0.2079414445	-0.0683861501	-0.0178701925	-0.0210426134	0.0645395147	0.0289872462	0.0597270683	-0.0253091623	-0.0377455219	-0.1360971761	-0.1256413003	0.1297092975	0.0182520069	0.0038677261	0.0521158627	-0.0404402145	0.0646510129	-0.0241340345	-0.0303508121	0.1237693956	0.0140353417	-0.00489493	0.0197098928	-0.0810567098	0.0813882328	-0.1968922847	-0.0782801458	0.1440134863	-0.0338739455	-0.0495007354	0.0467862409	0.0349434823	0.0296680253	-0.0159796859	0.0552303814	-0.1211608978	0.0482924444	0.1382450509	-0.0667377743	-0.0150038372	-0.0763863816	0.1552239072	-0.0383782962	0.0371794178	-0.0522274348	0.1587807824	-0.0919571717	0.0187552078	-0.0204770417	0.0838045614	0.014324225	-0.111820675	0.0301717237	0.0493488181	-0.0455778981	-0.1214388384	-0.2041127182	0.0606871159	0.0374772995	0.0383308134	0.0704974909	-0.0697348159	0.0279572229	-0.0172566991	-0.16812428	0.146605394	0.0969211244	0.0463035902	-0.0194497534	0.0	0.0361740559308572	0.0012256487081998	0.0013085623224887	1.502214755912077e-06	-0.0134930750223816	-2.0427554531500525e-05	4.1728498413742765e-10	0.0001820630735596	-0.046092381437333	-0.0024450594633975	5.9783157795496725e-06	0.0021245076265645	0.0002500000067571	0.0005570025160624	6.250000337855004e-08	3.102518028998441e-07	2.699995297339441e-05	-5.999110336185609e-05	3.598932482572901e-09	7.289974605655096e-10	-3.366842965963614e-09	-5.801672709364173e-05	3.3659406226581022e-09	1.1335631557458665e-17	0.0
542.8093223477983	-1.3942277637987672	1.943871057347311	294641.96042767604	586.708119974298	-1.6295197858648862	2.655334732525145	344226.4180437753	512.2399981695277	-0.3278778600329133	262389.8157247177	0.1075038910997626	509.608712361121	454.0292506050785	1.100949	18.961557	0.0220364218425501	0.0123265955363467	0.0044581405	-0.0670231408	0.1493981579	0.0974803009	-0.0176392942	-0.030533405	-0.1452439616	-0.079339527	-0.0090629324	-0.1243816001	-0.0575646966	0.0168345821	-0.0503476338	-0.1320224057	-0.0709105579	0.1025789739	0.1252416583	-0.061004708	0.0314205581	0.0744115957	-0.1528421734	-0.0543173788	0.0140411295	0.1262880668	0.089096413	-0.0341632564	0.0659554214	-0.0715409042	-0.006902215	-0.1343921087	0.0475549455	-0.0213720316	0.0135824061	0.0133623524	0.0619029128	0.004393463	-0.0665740993	0.0284905554	0.0043406307	0.0853846143	0.0852683452	0.0295008378	0.173280864	0.0668677222	0.1341432485	0.1250401825	-0.0528926325	0.0234959649	0.1237941509	-0.0040819818	-0.0215790251	-0.0834114093	0.0857493917	-0.0097258818	0.1196518098	-0.0449389753	0.0170839831	-0.1361119573	-0.0167441541	-0.0038723107	0.0971089119	-0.1438259989	-0.1026934933	0.0365767194	-0.0634795657	-0.065719583	0.1519362141	-0.0743335176	0.0479472394	-0.0125549856	-0.0592691207	-0.0246919495	0.0440324394	0.0306256195	-0.1242247804	-0.0722903855	-0.0040168116	-0.0178340985	0.0002941093	-0.0989108974	-0.0095539001	0.0357860773	-0.0255639215	-0.0519739833	0.0560719977	-0.0430356215	0.0818703027	-0.0744378165	0.0193708228	-0.1151914688	-0.0131020097	-0.1448427517	0.029033961	-0.0946921766	0.0464030591	0.1229824144	0.0835603142	-0.0434666979	-0.0101043454	-0.0733621915	0.0321478052	-0.1041747816	-0.2201425889	0.016244892	-0.0169225463	-0.0844700959	-0.0365948991	-0.0008167603	-0.0320476911	-0.0414834632	-0.0397995977	0.0955613349	0.0417853327	-0.0266303944	0.0	0.0346519918128365	-0.0015220641180207	0.0012007605365968	2.316679179366134e-06	-0.0083765339142871	0.0051165411080945	2.6178992910820904e-05	7.016632041720196e-05	-0.0546893583901351	-0.0085969769528021	7.390801272701048e-05	0.0029909259211246	0.0002490000005654	-1.000006191700009e-06	6.200100028156918e-08	1.0000123834383552e-12	-0.0001080000109479	-0.0001349999639212	1.8224990258750797e-08	1.166400236474652e-08	1.3456316697469262e-08	1.6823159663432877e-08	2.83018701061355e-16	1.8107245906259008e-16	0.0
543.1092302774013	0.2999079296029094	0.0899447662387036	294967.63601251127	585.4912044234195	-1.2169155508785252	1.4808834579699846	342799.9504571864	512.9620500520896	0.7220518825619138	263130.06479364244	0.5213589211112037	509.7885166121611	453.0401567131132	1.111967	19.151314	0.0545423684217656	0.0262711500934895	-0.1142711334	0.0810491286	0.0656465352	0.0986297801	0.0243090012	0.1236060855	0.0347687482	-0.008337385	0.1345719689	0.0454854002	-0.0667432201	0.0166172781	-0.0022696575	-0.1399775412	0.0330961965	0.0588855559	-0.101378181	0.1881992697	0.1277118974	-0.0986142787	0.0478875963	0.0635020323	-0.0202566339	0.0552524895	0.0525310406	-0.1539230724	0.0410614864	0.0674589636	-0.1311460398	-0.0177624607	0.0153936592	-0.1650458975	-0.0033531326	-0.0011975076	0.0471724902	-0.0991500714	-0.1623114153	-0.1010950787	0.0496510551	0.0251343823	0.148931203	0.1699436223	0.0406625893	-0.1469373842	-0.065729058	-0.0166063941	-0.1190334157	0.1366931244	-0.0262821963	-0.0525542931	-0.0120284964	-0.0889314861	-0.018584981	-0.0054575298	-0.2307553111	-0.0194867035	-0.1469808899	-0.0175023524	-0.1437916964	-0.0416676898	-0.0331647387	-0.0025168474	-0.0317347854	0.0240482025	-0.0026991358	0.0171172202	0.0324389008	-0.0140964218	-0.1383118004	-0.124829997	-0.1031703303	0.0225353904	0.1281903455	-0.0058037136	-0.0129430557	0.0814117945	0.0059738255	-0.0252947337	0.1302595328	-0.1105741013	-0.0006207446	-0.010497229	-0.1901153244	-0.0324883038	-0.0107125672	-0.1026917818	0.1094018871	0.0208698109	-0.1239463623	0.076705193	0.0942548069	-0.0440489824	0.0146145107	-0.1374051588	0.0477558045	0.0754726791	0.0151965759	-0.032970357	0.0534684117	-0.0504883428	0.0891988602	-0.1315176452	0.0592349318	0.0154462258	0.0515927698	0.059522991	-0.0152427721	-0.0450490919	-0.0251986808	0.1149451168	0.0742196831	0.0941590645	0.0371927824	-0.0337045224	0.0	0.0435982183382179	0.0089462265253814	0.0019008046422669	8.003496904343775e-05	-0.0134291891298801	-0.005052655215593	2.552932472765916e-05	0.000180343120686	-0.0693323333183002	-0.0146429749281651	0.0002144167147468	0.0048069724433598	-8.900000102289682e-05	-0.0003380000015882	7.921000182075635e-09	1.1424400107368865e-07	7.199999957885339e-05	0.0001800000105267	3.2400003789631334e-08	5.183999939354888e-09	3.2333792255177427e-09	-1.0222937471951521e-08	1.0450845055543051e-16	1.0454741216009719e-17	0.0
544.5650071226968	1.4557768452955315	2.11928622329861	296551.0469825428	588.6072749768273	3.1160705534077806	9.709895693815072	346458.5241556464	513.2591952258394	0.2971451737498682	263435.0014838764	0.0882952542828394	512.0619563024497	464.6974040494737	1.031583	17.76687	0.0945022094835909	0.0659455889666944	0.0423021596	0.0604802092	-0.1122892368	0.0336535801	0.1085814733	-0.0890214236	0.066132011	0.0845563621	0.0517870576	0.0834364586	0.0325482278	-0.0407750315	-0.0267701296	-0.131339373	-0.0561323304	-0.0085097023	0.0043777622	0.0841786571	0.1243918278	-0.047111176	0.035266315	0.1550876993	0.0678505591	-0.1425796163	0.105288352	-0.0495708369	0.0906387315	0.0491308548	-0.0085171789	-0.0052410188	0.0572739663	0.0263432782	0.0499269509	-0.093480111	-0.0873687284	0.0485248324	0.0889813974	0.0224836834	0.0329937377	-0.0140657097	0.0123563367	0.0397839789	-0.0049154086	-0.2089774882	0.0101900586	0.0340149816	-0.1096619842	0.0631372779	0.1504593085	0.0439818707	-0.0244157727	0.0388380799	-0.0401050938	0.0996644939	-0.0111422664	0.0885838534	0.0281685691	0.0487978107	-0.1413326224	-0.0596282673	-0.0414432176	0.1410230931	-0.0296169612	0.0054509071	0.058169813	-0.10777442	0.0996688115	0.1062081997	-0.0176517888	-0.033550384	-0.0675682421	0.0145598561	-0.0048740283	0.1179976187	0.0438071942	-0.0806737088	0.0238568671	-0.0795278563	0.0807288572	-0.0323499135	0.0719254675	0.0622203919	-0.0951714344	0.0546625815	-0.1099586538	-0.0970614776	-0.048039162	0.1054955986	0.0114424158	0.0743060505	0.107752613	-0.1244276445	0.1519588719	-0.1206334329	0.0041350112	-0.0636078704	-0.0104321704	0.0696399214	-0.0047669976	-0.101775335	0.0026925634	-0.0355755878	-0.0572595343	0.0241378563	-0.1134946416	-0.0752922075	-0.10346086	-0.0073900752	-0.0602979342	0.1866479346	0.0305408015	0.0927149366	0.0325341047	-0.0406438432	0.0	0.0436733206112478	7.51022730298978e-05	0.0019073589332128	5.640351414257315e-09	0.0514478193035756	0.0648770084334557	0.0042090262232746	0.0026468781110933	-0.0576327566976573	0.0116995766206429	0.0001368800931022	0.0033215346445713	4.800000189319346e-05	0.000137000002916	2.304000181746576e-09	1.876900079900875e-08	0.0002920001468209	0.000220000147242	4.8400064786522194e-08	8.526408574342715e-08	-7.059591885535634e-09	-1.0292971111053377e-08	1.059452542929794e-16	4.983783759032057e-17	0.0
545.7188000368346	1.153792914137853	1.3312380887147184	297809.0087136427	588.8764764494815	0.2692014726542311	0.0724694328792067	346775.50451555673	513.8523989961348	0.5932037702953039	264044.2879540829	0.3518907130925637	512.0485082629672	463.4217697105344	1.081077	18.619303	0.119920731476764	0.0833054178469838	0.0852626944	-0.1134561174	-0.0291497613	0.0008805885	-0.0143225622	-0.0597304963	-0.0687830261	0.1215803245	-0.0035208946	0.0833934514	0.1053196033	0.0143414058	0.1532788443	-0.0137255084	-0.0612556775	-0.0786617021	-0.0447500208	0.1384139635	-0.084176258	-0.0510056151	0.0364994558	0.1662362055	0.0481701337	-0.0016587918	0.1370404232	0.0919624319	0.0783761841	0.0778838117	-0.0574786409	0.0535372825	-0.0474656292	0.0326878882	-0.0272015533	-0.0495707754	-0.123710604	-0.0871729177	-0.0713396431	0.104192631	0.0238682587	-0.0323846047	-0.1170351918	0.0416940583	0.1099927546	-0.1253204144	-0.0433392716	0.0170363791	0.0025489764	0.0787170899	-0.2140560122	-0.0018670828	-0.0384019935	0.0650278428	0.0271476384	0.1168956354	-0.0587979083	0.0581701978	0.0879430595	-0.0326320018	-0.0121355737	0.1307586275	-0.0830676964	0.0873694892	-0.0173242529	0.1036654099	0.1676273099	0.0348744645	-0.0108000936	0.1074003006	-0.1234824409	0.0376018965	-0.0731325471	-0.1091446641	0.0998733066	0.0918803231	0.1287905341	0.0535930395	0.1129118559	-0.0263008444	-0.004269442	-0.1004078244	-0.0004867612	0.0134376085	0.0676846971	0.0889290035	0.0488517918	-0.014345703	0.0369720781	-0.0807583858	0.0519456856	0.0214465546	0.1075443924	-0.0838274023	-0.0398928632	-0.0409307934	0.0308426271	0.021137756	-0.1294493983	-0.0074574703	-0.0405021675	-0.0079488223	-0.1205649565	-0.2316434677	0.0667747814	0.0043509289	-0.0867069054	-0.0238603144	-0.1300258645	-0.0781804141	0.0909797833	0.1138249416	-0.0287359373	0.0912295932	0.0278175825	-0.0474206018	0.0	0.0435789025862902	-9.441802495759738e-05	0.0018991207506253	8.914763436893481e-09	-0.0255591670864561	-0.0770069863900317	0.0059300759528745	0.0006532710221533	-0.0461145298148437	0.0115182268828136	0.0001326695505239	0.0021265498600441	0.0002739999856398	0.0002259999837466	7.507599213061063e-08	5.1075992653466415e-08	-0.000108000007208	-0.0004000001540289	1.6000012322314376e-07	1.166400155692805e-08	1.4806211831943934e-08	2.1865803717479568e-08	4.781133722113432e-16	2.192239088123965e-16	0.0
544.6378174116561	-1.0809826251785353	1.1685234359378778	296630.35215493245	587.2681249359907	-1.6083515134907884	2.58679459094811	344883.85056583444	513.4100465701737	-0.4423524259610758	263589.8759191879	0.195675668753649	511.0588329441677	459.7203716411814	1.053818	18.149826	0.0609290315097302	0.0485369351525419	-0.0178290005	-0.1367957402	0.0429719049	0.0399465296	-0.0035823628	-0.007271236	-0.1617757822	-0.015988741	-0.0111393093	-0.1199507786	0.0281449635	0.0437220256	-0.1488859456	-0.0474879121	-0.0315466575	0.0726569023	0.103016419	-0.044413871	-0.0187688256	0.0138894977	-0.130001696	0.0379182571	0.0825762716	-0.0553789772	0.1077267928	-0.0690319614	0.114813897	-0.1059928868	0.07199017	0.0938100664	0.2059719646	0.107410201	0.0769474355	0.0789669041	0.0573491081	-0.0054811503	0.066494452	0.1408719964	-0.0732349725	-0.1335667082	0.006601379	-0.0003678757	0.1196927294	-0.0177893062	-0.058892503	0.1337133927	-0.0409889873	-0.0108840673	0.0210365216	-0.2103680166	-0.0802510295	0.0394181433	0.0455207457	-0.0780786632	0.0302672001	0.0979488492	0.0355105835	-0.1409603622	-0.0063885579	0.0463056281	0.0283959812	-0.0787662052	-0.0313219264	-0.048513938	-0.1183340457	-0.175050538	0.1380186677	-0.0512946548	-0.0261244208	0.0236168951	-0.0122912523	-0.1297434992	0.0152347885	0.0962008514	-0.0359914307	-0.1312464762	0.1016128844	-0.077778371	-0.072626176	-0.0460175936	0.0834523417	0.1720032718	0.0369403246	0.1435209407	-0.131732669	-0.0253695864	0.0049534122	-0.0404186284	-0.0197357616	-0.1277282863	-0.0019603315	-0.1160995172	0.002005668	-0.0642915678	0.0084693117	0.0354067044	0.0879522656	-0.0425276151	0.0659202174	-0.139979534	-0.0237407694	-0.0699937706	-0.2808942297	-0.0089304802	-0.0726240276	-0.0056757207	-0.0352206574	0.0653219467	-0.1193539718	0.0630997143	-0.0754320067	0.0897036946	0.0230516017	-0.0540076933	0.0	0.0415209199875477	-0.0020579825987425	0.0017239867966123	4.235292376726933e-06	0.0171253365199817	0.0426845036064378	0.001821966848128	0.0002932771509226	-0.0460788559674938	3.5673847349898535e-05	1.2726233847438627e-09	0.002123260967273	-4.900000046016781e-05	-0.0003229999860999	2.401000045096445e-09	1.0432899102057941e-07	-0.0001080000074329	-2.249000004240706e-13	5.0580010190746956e-26	1.1664001605506454e-08	-2.636607301749667e-09	-1.74428191336936e-08	3.0425193933074758e-16	6.95169806363966e-18	0.0
543.8025948795149	-0.8352225321411879	0.6975966781963376	295721.2621976938	583.8956990484464	-3.372425887544296	11.37325636697893	340934.1873672739	513.3572557900698	-0.0527907801039191	263535.6720723111	0.0027868664639803	509.5644012238135	454.7670185362954	1.178971	20.305319	0.0558752696466478	0.0301554744718958	-0.1200487255	0.0072117541	0.0923142368	-0.008081688	-0.1321897011	0.1747796629	0.0011656443	-0.0556430869	-0.1133181365	-0.0833572626	-0.0622961739	0.0037167947	0.1129651575	-0.0112644411	0.0318693479	0.0307417131	-0.1000057544	0.099182384	-0.0180742058	-0.1807495299	-0.0102041042	0.024401213	0.1021287568	0.0647289416	0.0905533845	-0.0038877327	0.1067701939	-0.0602233195	-0.085842838	0.0965421137	-0.0244640594	0.0322495818	-0.1367990516	0.0249616493	-0.0551969854	-0.0190731706	0.0428262166	-0.0076514459	0.0260828216	0.089437594	0.090341585	0.0564498607	0.0581855411	0.1612034457	-0.0092576277	-0.0311252445	0.0271766952	-0.0004677064	0.0147373471	0.0311380942	-0.0976427183	0.0954220789	-0.0404377252	-0.0331943721	-0.0832604491	0.0605953402	-0.1492156402	-0.0565237831	0.0710504968	0.1026490445	-0.0517341387	-0.0503399019	-0.0639151497	-0.0550776169	0.0617013425	-0.018478874	-0.0963175726	0.074775647	-0.0547555417	-0.1070422838	-0.2067850669	0.0403079179	0.0251389518	-0.012541811	0.0084204508	-0.0786585472	0.0910170708	-0.0314775643	-0.1474413152	0.05425762	-0.0685364141	0.0283962689	-0.0179888671	-0.0592301501	-0.0165759501	-0.007205781	-0.0613930689	-0.0031973225	-0.1119133298	0.0228244534	0.0477839295	-0.0360368218	-0.0709358478	-0.1006658455	0.063255761	0.1907026904	-0.1289686465	0.0421681295	-0.0595378276	0.0697373873	0.0217457489	-0.0960456733	-0.0184727836	0.0954707982	-0.0734943144	-0.0692757321	0.0380061233	-0.1250859498	-0.0067863848	0.0282446527	0.0510049194	0.0881379191	0.018244636	-0.0603787714	0.0	0.0436454221460422	0.0021245021584945	0.0019049228743062	4.5135094214478e-06	0.0075236784026344	-0.0096016581173473	9.219183860242132e-05	5.660573670626731e-05	-0.0622273756061275	-0.0161485196386336	0.0002607746865193	0.003872246274826	0.0003099999944946	0.0003589999949547	9.609999658665203e-08	1.288809963775233e-07	9.299999344603016e-05	0.0002010000008789	4.0401000353329926e-08	8.648998780961652e-09	-1.4435417051105164e-08	-1.1798809749355496e-08	1.3921191150148634e-16	2.083812654393377e-16	0.0
543.995239277243	0.1926443977280314	0.0371118639759959	295930.8203563048	587.1455818596532	3.2498828112068168	10.561738286577524	344739.9342973108	512.6545298772913	-0.7027259127784191	262814.6670037066	0.4938237084902623	511.0114431664165	460.92929504470953	1.123597	19.35161	0.0701849779813629	0.0554194088770922	-0.0131718576	0.1096906058	-0.0472929314	-0.1105770063	0.0128043136	-0.0401265124	0.1315569763	0.0315943421	-0.0908950736	-0.0488734205	0.0777621237	0.0439681698	-0.1139738625	0.1534413551	0.0471355427	-0.0246974434	0.1087265276	-0.0420229662	-0.136968213	-0.0715360957	0.028727595	-0.0742057589	-0.0491726082	-0.0808751699	-0.0280714732	0.1223722757	0.1374827801	-0.165995815	-0.0036813517	0.0461279676	-0.0470460104	-0.0393021303	-0.0554770116	-0.0270163226	0.1306366408	-0.1009958456	-0.1078698724	0.0339632939	-0.0281426784	0.0564979608	0.027507932	-0.155618844	-0.0674287427	-0.0886907442	0.0355584174	-0.0366654252	0.0023661169	0.1093611267	0.1220258967	0.1034002268	0.009718506	0.0281301319	-0.0406041655	0.0703629642	-0.2184867919	0.0998353822	-0.006090377	0.1231879419	0.1428930889	0.0314350549	0.0068568067	-0.0327389728	0.110897881	-0.0577351769	-0.1168705472	-0.0140772689	0.0834814726	0.0311553401	-0.0496897594	0.1286491452	-0.0730479179	-0.0016090173	-0.058051733	-0.0517787927	-0.0736857162	0.083211742	0.1329822148	-0.0160036498	0.124118105	-0.0863581393	-0.020400605	0.1776742924	0.0072262354	-0.0851432618	-0.0016180746	0.056575882	-0.2406809176	0.1505593367	0.0385312735	-0.1721318587	0.0883663436	0.0533683277	0.0042582212	-0.063018063	0.0010836108	0.0929252151	-0.0196601854	-0.0935500813	-0.0448553004	-0.02757848	-0.1254045237	-0.0098855046	-0.0971086291	-0.0149680527	-0.1117444147	-0.1573551932	0.0428373213	0.0619064881	-0.0887717308	0.0525795249	-0.0918029464	0.0865329627	0.013405232	-0.066508354	0.0	0.0436285578070823	-1.6864338959900194e-05	0.0019034510563259	2.8440592855440755e-10	0.0581607063084561	0.0506370279058217	0.0025641085951349	0.0033826677582984	-0.0595969858056548	0.0026303898004726	6.918950502430805e-06	0.0035518007171194	2.0999999851628304e-05	-0.0002889999946429	4.4099999376838877e-10	8.352099690363765e-08	4.4000002628497015e-05	-4.8999990817533146e-05	2.4009991001183327e-09	1.9360002313077443e-09	-5.021553831271034e-10	1.393326166797806e-08	1.9413578070834678e-16	2.5216002880352813e-19	0.0
543.9838029270751	-0.0114363501678553	0.0001307901051618	295918.3778470029	587.924957016767	0.7793751571138046	0.6074256355261676	345655.7550831674	512.0404358492552	-0.6140940280361065	262185.40794469527	0.3771114752696103	510.3679764433057	460.3605478379085	0.993311	17.107714	0.0849126505653849	0.0726034554095066	0.0913886381	0.0331767352	0.0208295641	-0.0446646374	-0.0875827326	-0.0876903493	0.0710270366	-0.0447681427	-0.0356989634	-0.0650753623	0.0036561858	-0.0239340578	0.0885619428	0.0046169584	0.0322059675	-0.0173107717	-0.1799830374	0.0554207871	-0.1165859889	0.10986816	-0.0133087915	-0.0536788897	-0.0655627854	0.0217925817	-0.0301436105	0.1016196391	0.0108538696	-0.0713969114	0.0467778789	-0.1346635869	-0.0013006821	0.0220906148	0.0116124217	0.0916614663	-0.1504686242	0.0434030279	0.1191906188	0.1050760847	0.1094664748	0.0938302145	0.0285641256	0.0220333189	-0.0354126267	-0.0492635565	-0.0285037527	-0.0574267965	-0.0175267546	0.0711090829	-0.0243271738	-0.1679815647	0.1090867782	0.0413618667	-0.0041521903	0.0226620082	-0.2393698177	-0.0474795709	0.0805231837	0.0611699219	0.0830757931	-0.038364543	0.0614691732	-0.0344406434	0.0214062486	-9.37552e-05	0.1128089031	0.0652823085	-0.0651864867	-0.0402823191	0.1055562958	-0.1388807693	-0.1471777593	-0.0003398165	-0.0149263284	-0.056782676	0.0320862907	-0.079030831	-0.0342098193	-0.0093420615	0.0277433584	-0.0901502604	0.0178955977	0.1389906817	-0.0126901054	-0.0204156459	-0.0620687235	0.0573553292	-0.0362721968	-0.058821175	0.1618762683	-0.07477883	0.026391447	-0.0037257244	0.0171105382	-0.0852682071	-0.0490421549	0.1379787157	-0.1185937833	0.002330309	0.0473589519	0.0277301031	0.0331132253	-0.0603477147	-0.0153725795	0.04924524	-0.0130978197	-0.0626489815	0.0144599647	-0.0624733833	-0.1358633939	0.01287046	0.0729689927	0.0848895389	0.0085419939	-0.0723719246	0.0	0.0436196078276793	-8.949979403004293e-06	0.0019026701870405	8.010213131420109e-11	-0.0139893061472378	-0.0721500124556939	0.0052056242973567	0.0001957006864811	-0.0497933337046134	0.0098036521010414	9.611159451825346e-05	0.0024793760814189	-6.000000002836578e-06	-2.699999985446488e-05	3.6000000034038927e-11	7.289999921411036e-10	7.599998702900734e-05	3.199998440051033e-05	1.0239990016329042e-09	5.775998028409284e-09	2.3417457460734857e-10	7.36329957734452e-10	5.4218180665722e-19	5.483773139253267e-20	0.0
544.3138404414237	0.3300375143486462	0.1089247608774328	296277.5568960917	587.484258878029	-0.440698138738071	0.1942148494872001	345137.75442946696	512.1108930602328	0.0704572109775654	262257.5667909492	0.0049642185787371	510.1252241217861	459.1747558288065	1.031302	17.762026	0.0269714896617901	0.0215542600488351	0.0079744175	-0.1028183154	0.0946596462	-0.0053198853	0.0084862371	-0.0314531993	-0.1592002172	-0.0789842524	0.0004780854	-0.0436849694	-0.0135338222	-0.0273214136	-0.0978554585	-0.1410726694	0.0229517953	0.1545028983	0.0028992257	-0.0576500217	0.0519967196	0.1068795564	-0.1111098396	-0.0457421196	0.0579573635	0.0501567121	0.0090014398	-0.0065126603	0.1849755501	-0.0433307092	0.0673834201	-0.0731079148	0.0629704317	0.0322744564	0.093151796	0.0118967573	-0.0477389893	-0.0879027089	-0.117683589	0.0192244934	0.0390218216	0.0129153554	0.0527647299	0.0653356378	-0.0734894214	-0.005225693	0.0045496725	-0.0310259099	0.0761480593	-0.0184332119	0.1271845889	-0.0545495985	-0.0649306069	0.0188012591	0.0340930211	-0.0581447484	0.0464481209	0.1332075125	0.0492345645	-0.1410314113	-0.0205000842	-0.0919464136	0.0850708956	-0.0344722552	-0.0599771142	0.0308030531	-0.0713923135	-0.0320284867	0.1566988324	-0.0322915362	-0.0056957371	0.0331085189	-0.0774846271	0.0901170246	-0.1297529779	-0.0651312697	0.0388546604	0.025419503	-0.0111964828	-0.0305669078	-0.0274395208	-0.0362011627	0.1353887567	0.1700556415	0.0297039504	-0.0503307904	0.0348864077	0.0672302365	-0.0185980634	-0.0828073997	-0.032188169	-0.0798441085	0.010603403	-0.1146851173	0.0678557168	-0.083278748	0.0537545299	0.0653980626	0.071267553	0.0046475043	-0.0273837669	-0.0663918588	-0.084880052	-0.0002758129	-0.1396719171	-0.0113938281	-0.0328825346	-0.001658326	0.0193708551	0.0380652176	-0.1478558013	-0.1174342082	-0.055198251	0.0832083783	0.0036635686	-0.0779460309	0.0	0.0436315838920222	1.197606434290288e-05	0.0019037151129265	1.4342611714534982e-10	0.0071214461372051	0.0211107522844429	0.0004456638620151	5.071499508511344e-05	-0.0460945784826947	0.0036987552219186	1.3680790191670827e-05	0.0021247101654973	-5.999999988080739e-06	1.4755839101597213e-14	3.5999999856968864e-11	2.1773478759222514e-28	3.299999835593148e-05	-4.299998867307586e-05	1.8489990258846523e-09	1.0889998914914803e-09	1.0104069431562818e-10	-1.331338802917204e-10	1.7724630081530135e-20	1.0209221907784216e-20	0.0
544.0017641639922	-0.3120762774315153	0.0973916029355121	295937.9194135358	583.9883728027344	-3.4958860752946066	12.221219451438728	341042.41956878547	513.2634189256275	1.1525258653947503	263439.3372072242	1.3283158704039182	509.519596252974	453.4252223363504	1.20199	20.701769	0.0426244244425764	0.0300813125523252	-0.1552984553	0.0348038351	0.0997955885	-0.0191346459	-0.1668624616	0.2001324603	0.0492776343	-0.0387797329	0.0076527578	-0.0785905285	-0.0818097616	-0.0083089766	0.1924282548	-0.0196566931	0.0023477356	0.0124279337	-0.0507808469	0.089900196	0.0182560556	-0.152787555	0.050317769	-0.0675048499	0.0452783039	0.1503474275	0.0550410331	-0.0082240369	0.0950400818	-0.0383321761	0.0164158809	-0.1065392045	0.0351443462	-0.1066282043	-0.0724672433	0.0053897229	-0.0036301981	0.0990659916	0.0503060089	0.0909700294	0.1535607789	0.0683484641	0.1015483497	-0.0309653953	-0.0602043553	0.1260965976	0.0917820165	0.0217603379	0.0784900254	0.1732706103	0.0493665785	-0.0562755411	-0.1307920427	-0.0960998484	0.179047774	0.0616236852	0.0678502059	0.1224579633	-0.1812809481	-0.0230669387	0.0091179995	0.0637458051	-0.0252816487	-0.0927208656	-0.0747824084	0.05431743	0.0849896047	0.0507104914	0.0073561773	0.0851270152	0.0239896081	-0.1558543025	-0.1470081279	-0.0389615633	0.1047743153	-0.098664283	-0.042666753	0.0071814451	-0.0124857269	0.0033212594	0.0253219632	-0.0983486339	-0.0813160938	0.0648766997	0.0246434449	-0.0543636881	-0.0329462373	0.0110553739	-0.1147061599	0.0265453581	-0.1110451138	0.0151843866	0.0235441148	-0.0725006475	-0.0854696843	-0.0737254205	0.0058895983	0.1920554887	-0.2156726739	-0.036225701	-0.0202235238	0.0901142008	0.0654285674	-0.0663288029	0.013230037	0.0324599734	-0.0183196855	-0.0585998539	0.0811930724	-0.0642515649	-0.0202374053	0.0058939899	0.0689454251	0.0814902283	-0.0012213705	-0.0832083783	0.0	0.0436218313220564	-9.75256996579854e-06	0.0019028641678899	9.511262093779576e-11	0.035917965556024	0.0287965194188189	0.0008292395306384	0.0012901002496837	-0.0516625203314049	-0.0055679418487101	3.100197643061835e-05	0.0026690160069928	-6.003932546549957e-06	-3.9325584692179495e-09	3.604720602352185e-11	1.5465016113817816e-17	0.0001429999818982	0.0001099999835422	1.2099996379299345e-08	2.0448994822885528e-08	5.500039704158652e-05	5.50002960008922e-05	3.0250325601857584e-09	3.0250436747321594e-09	0.0
544.4204077742207	0.4186436102285142	0.1752624723851641	296393.5804010488	587.8182479405807	3.8298751378463294	14.66794357149344	345530.292611934	513.3307074044496	0.0672884788220926	263508.4151643527	0.0045277393821912	511.1902166037035	460.8450386989893	1.229116	21.168957	0.0570272692387788	0.0464528302072178	-0.0255717428	0.0850185408	-0.0525078652	-0.1680257642	-0.0565300521	-0.0338998224	0.0528588012	0.0773504522	-0.0991263119	-0.0909542269	0.0208285408	0.0791359343	-0.1644139447	0.0578335457	0.1429491285	0.085905937	-0.0097714942	-0.1709705816	-0.1159608508	-0.059105585	-0.0711841289	0.0084865516	-0.0481660903	-0.0778426699	-0.0323195231	0.1606899437	0.0729213345	0.0193314853	-0.1270462677	0.092257995	-0.0092264481	-0.0405228651	0.0230850063	-0.001740464	0.1334958377	-0.0091661842	-0.1071183496	-0.0099092412	0.0761274433	-0.1231292371	0.0252955466	-0.0798381629	0.0885195301	0.0353045111	-0.1469955035	-0.1293037757	-0.0851432807	0.0458779315	-0.0158916084	0.067206055	-0.1133664636	-0.0923479913	0.0369190281	0.07748018	0.0200070417	-0.0167480321	0.0068090594	0.1051909687	0.1293024587	0.0410221623	0.0910586675	0.0837499389	0.0828633758	-0.1475313209	-0.0686496402	-0.0414002734	0.0847880836	-0.0432439168	-0.1112558246	0.2015937816	-0.08221711	0.0813758076	-0.0957874081	-0.0462326938	0.0865730563	0.1061219777	0.0510564993	-0.156635194	-0.0234090268	-0.0946121952	-0.0825761122	0.0536953235	-0.0818447752	-0.1403089629	0.0148969149	0.0545807937	-0.0035005285	0.1617159005	0.0111293436	-0.1668737116	0.0300350847	0.0374738889	0.0819266645	-0.129804343	0.0041541743	0.0391062679	0.0474508247	0.0226217062	0.0188416692	0.0258838552	-0.3011191763	0.014517444	-0.0098167098	-0.0056653168	-0.1731268914	-0.1559333058	0.0612192356	0.0592145556	0.038486164	-0.0227137782	0.0266147281	0.0797358525	-0.006104138	-0.0881379191	0.0	0.0436071516599838	-1.4679662072601685e-05	0.0019015836758968	2.154924785657804e-10	0.081914785970639	0.045996820414615	0.0021157074882543	0.0067100321606155	-0.0460469535016017	0.0056155668298032	3.153459081998597e-05	0.0021203219267786	-5.999995232631543e-06	3.937313918413487e-09	3.5999942791601245e-11	1.550244089213257e-17	9.000001989845074e-05	-5.2999961999749255e-05	2.808995971974865e-09	8.100003581721531e-09	2.4970949275699206e-10	-5.5000147332093766e-05	3.025016206552021e-09	6.235483077295427e-20	0.0
542.9807310988484	-1.4396766753723114	2.0726689296110714	294828.07434464	586.0796527539269	-1.7385951866538107	3.022713223055799	343489.35937216354	513.1079727638769	-0.222734640572753	263279.7917138554	0.0496107201110734	510.6114797608807	457.1625624642349	1.14535	19.726273	0.0842363534362693	0.06591575194227	0.0514326897	0.1328149155	0.0217129958	0.0419847723	-0.1630546511	-0.0444659717	0.1162799981	-0.034590687	0.0188044815	-0.0175771434	-0.1330756296	-0.0359548763	0.0500679055	-0.0444413813	-0.1304228054	0.0782883655	0.051604521	-0.0045065943	0.0882598574	0.022810878	-0.0660699125	0.0525902339	0.0203478193	-0.1403978725	0.0641139372	0.1077747547	0.0112586199	0.1360091408	-0.0347502691	-0.0699430018	0.0298847927	-0.0086395414	-0.0664628021	-0.1665038514	-0.0388211069	0.0582521874	0.082897142	0.1930101807	-0.0910795942	-0.0924153808	-0.0656672959	-0.0973710193	0.0031537487	0.1547767948	0.0520411532	-0.0277141153	-0.0532434006	-0.0576825175	-0.1533357761	-0.0009782003	-0.0351793899	-0.0696984447	0.009166266	-0.1319784716	-0.1408244851	-0.0147827465	-0.0086716489	0.0880662128	-0.056849818	-0.055064415	0.0524382081	0.009626775	-0.1185285798	-0.0688361095	0.1288362239	-0.0144473801	0.0884074785	0.0759490142	0.0535270205	-0.0388071081	0.1187879007	-0.0357121378	-0.0408997917	0.121772142	-0.0446154257	-0.0445716688	0.0440186389	0.0097992457	-0.1361781984	-0.20074249	0.0163024787	-0.0634498674	0.0730582585	-0.1515074125	0.0282472026	0.0625562203	-0.0119474255	0.0242850081	0.0519713648	0.1305270328	0.0638724014	-0.06710241	0.1398060044	-0.121779488	-0.0410484414	0.1105617004	-0.1316879935	0.0104860982	-0.0544776188	0.0815326284	0.1075625283	0.0547480724	-0.0412275132	-0.003448403	-0.0997352118	0.0123549639	-0.1210571388	0.1103052628	0.023400632	-0.1178439114	0.042744437	0.0779460309	-0.0109760526	-0.0927149366	0.0	0.0469592240460343	0.0033520723860505	0.0022051687230056	1.1236389281322305e-05	0.0178748093046294	-0.0640399766660096	0.004101118611383	0.0003195088076768	-0.0460022509219157	4.470257968600122e-05	1.9983206305832888e-09	0.0021162070898828	9.298766809577642e-05	9.898766332840795e-05	8.646706417890277e-09	9.798557491218244e-09	0.0001180097915558	2.800977165734926e-05	7.845473082968458e-10	1.3926310903043366e-08	0.0002089948508142	0.0002089946011047	4.36787432909157e-08	4.3678847666849714e-08	0.0
544.0014666563284	1.020735557479952	1.0419010783039089	295937.59572423634	589.4669085680429	3.3872558141159743	11.473501950262472	347471.2362967654	512.3465398540934	-0.7614329097834798	262498.9769004621	0.5797800761013369	511.8202557056154	461.79184995788165	1.094773	18.855177	0.0311564124342647	0.016702647307522	0.1371168055	-0.0090350464	0.068272796	-0.0497337682	-0.0547327026	-0.1078156171	-0.0395418878	-0.0443648128	0.104628415	0.1199446663	-0.0647818336	0.0978512448	0.0733694971	0.0410465285	0.0884878372	0.0716923968	0.0500769587	-0.0214891217	0.0042464187	0.0764248892	0.1616139669	0.1542885503	0.1545372961	-0.0927331951	0.0287636072	0.0688623049	0.0549891068	-0.0320379973	-0.1246910664	0.0534540838	0.0682446802	-0.0183365788	0.085694158	0.0210366445	0.012886728	0.092713048	0.0114229242	0.0095453927	-0.0161373792	0.0681718613	-0.1295144048	-0.1243554636	0.0007323983	-0.137843213	0.0265777969	-0.0751842141	0.1544298773	0.012917163	-0.094705044	-0.100203527	0.0175009616	0.0352271681	0.0775061007	-0.0750997445	0.0243726769	0.0123297557	0.1215632667	-0.0177863018	-0.106347369	-0.0040469967	-0.1913850691	-0.0171213444	0.0612632716	-0.0520824475	0.0942913474	0.0420647446	0.0368109582	0.030882818	-0.1172226386	0.0925621153	0.0729289227	-0.0260684009	-0.0048243618	-0.0816072093	0.078416787	0.0640531539	0.0017798635	-0.0150375098	-0.1279969897	-0.112178863	0.0630717297	0.1134251885	-0.0483359774	-0.0184964393	0.0231051668	0.0615380519	-0.1219372449	-0.0044520486	0.0120281021	0.0526597173	0.1880601163	-0.0692128368	0.0040551051	0.0528969501	0.0821892772	0.0176792139	-0.0248024564	-0.1011410091	0.1208506605	0.0177343501	-0.1351282088	0.0281630334	0.1139219165	-0.0706770892	-0.1111457573	0.0692405607	-0.0116581105	-0.0251626203	-0.0389882472	0.0664670672	-0.0815616501	0.0761215592	-0.0158284522	-0.0969211244	0.0	0.0505024810793202	0.0035432570332858	0.002550500595167	1.2554670403929968e-05	0.0178222237068865	-5.258559774290114e-05	2.765245089978209e-09	0.0003176316578583	-0.0460131805804735	-1.092965855780531e-05	1.1945743619020686e-10	0.0021172127871312	-0.0001230000046437	-0.0002159876727394	1.5129001142350223e-08	4.665067477541517e-08	-7.999997691854333e-06	-0.0001260097892476	1.587846698623826e-08	6.399996306967465e-11	-4.900922315545505e-10	-0.0002089953409064	4.3679052520595535e-08	2.401903954301193e-19	0.0
543.6863872594042	-0.3150793969241476	0.0992750263660846	295594.88769118284	584.5975983183263	-4.869310249716591	23.71018230799505	341754.3519595552	512.748203248468	0.4016633943746228	262910.7199345323	0.1613334823805438	509.7186395069276	453.49597146316046	1.22621	21.118919	0.0264164618124029	0.0155046650813585	-0.0982943773	0.0001721255	0.1517823864	-0.0827762954	0.0216933088	0.1289493031	0.0018192398	-0.1678039956	-0.0928921423	0.0686604978	0.1236679322	0.0633564325	0.131406883	0.0221616365	-0.1204049597	-0.0574704805	0.0566012734	0.0288621229	-0.0829392345	-0.1029777716	0.0194835013	-0.131726621	0.1449124229	-0.0178955115	0.0477867176	0.0661377633	-0.0526725786	0.0025413894	0.0342437918	-0.0048518874	0.0183489468	-0.0504917735	0.014722602	0.1387437648	-0.1039340326	-0.1012490656	0.1042797322	0.0760541285	-0.0392729791	-0.1038789481	-0.0395659277	0.0085059893	-0.0193004097	-0.0481396686	0.0199915364	-0.1468002269	-0.031184786	-0.1969233131	-0.0337215761	0.0183160121	0.022813917	0.1435727686	0.1508610905	-0.0127951767	-0.0617526541	-0.0467490109	-0.1068529079	-0.1020918463	0.1399424133	-0.0595026382	-0.0720940653	-0.0536017727	0.0671810154	-0.0797868365	0.1723746044	-0.0172067115	-0.0128437843	0.0830948695	0.0808884065	0.0210068971	0.0304651603	-0.0726160385	-0.0660506831	0.1138536356	-0.0759584724	-0.0916823352	-0.0347537409	0.0005947818	0.0588608455	-0.0415238087	0.1247785634	-0.0059632634	0.1223750472	0.108139183	0.0617224264	0.1993599101	0.0616333814	-0.0562941206	-0.0738399926	-0.03884876	0.0516570464	-0.0313564485	-0.0785373971	-0.0008614254	-0.0294312248	0.1776417784	-0.123817955	-0.0115205984	0.0388383027	-0.0469783429	0.104442095	0.1163223405	0.0487525354	-0.013811463	-0.0784341598	-0.1226902562	-0.0869215176	0.0381670967	0.0059454479	0.0715695033	0.0132372389	0.0742632484	-0.0206527093	-0.100739659	0.0	0.053361839674423	0.0028593585951027	0.0028474859334388	8.175931575388257e-06	0.0178249628329609	2.7391260744025203e-06	7.502811651471759e-12	0.0003177292999964	-0.0512674661970748	-0.0052542856166012	2.760751734082325e-05	0.0026283530902682	1.7000000703106362e-05	0.0001400000053468	2.8900002390561683e-10	1.9600001497105813e-08	0.0002180001586675	0.0002260001563593	5.1076070674452614e-08	4.7524069179055176e-08	-1.897878559301005e-09	-1.4077863277464543e-09	1.9818623445898477e-18	3.6019430258544584e-18	0.0
544.1288558564473	0.4424685970431028	0.1957784593692917	296076.2117756464	586.2101041017953	1.6125057834690324	2.600174901721078	343642.28615103767	512.3168766225567	-0.4313266259113106	262468.582072292	0.1860426582200357	510.21659184001504	460.0465844397951	1.126953	19.409422	0.0789937394014674	0.0557429248076971	-0.0595617677	0.0525933286	-0.0611577303	-0.0475240377	0.0308879067	0.0245663528	0.0548454396	0.0143961455	0.026126645	0.04414808	0.0432859463	0.0349955215	-0.144380332	0.0779146988	-0.0190753842	0.0221719813	-0.0887959783	-0.0723241732	0.1025269343	0.0571127128	-0.0545324414	-0.096066246	-0.0943414848	-0.1093967799	-0.0149411618	0.1551019307	0.0422928812	0.0095279194	-0.047499857	0.0063910316	-0.1327656659	0.1074519168	0.1126964561	-0.0140364569	0.1013237309	-0.0414243682	0.0563925678	-0.0238452054	0.0183180725	-0.0005044903	-0.0697297979	0.1278041315	0.001876584	-0.0028488661	0.1235260492	0.0119329428	0.1075639645	0.0024724188	0.0590213161	-0.1599023865	-0.1356735599	0.0951755764	-0.1315505079	0.0778570836	0.1471914572	-0.0866682714	-0.0468248871	0.0723004623	-0.0086544719	-0.1172721375	0.1130650022	0.1211686471	0.0140540191	-0.0038697916	0.0745801951	0.018206205	0.0346891343	-0.0748060589	-0.0555944272	0.2471419415	0.0804661175	0.0183489224	0.0103735185	-0.1577017661	-0.0520815266	-0.029839691	0.1099205514	0.0013658993	0.0528833493	0.1585719671	0.1556883753	-0.1223524007	0.083590912	0.0708525706	0.0544786296	-0.15985838	-0.0121512051	0.1094664911	-0.0725315875	-0.0465970187	0.0096649377	0.0013106745	0.065843545	-0.1332716829	0.0056398636	-0.016689541	0.0792567763	0.0743342179	0.0799871804	0.0401643992	-0.1487931422	-0.0306234764	0.0834092639	0.0100861557	-0.0256696159	0.1380425497	-0.0747365155	0.0680132481	-0.0692407218	0.1081724423	-0.0153084953	0.0723719246	-0.0254402467	-0.1041552675	0.0	0.0492003241071756	-0.0041615155672473	0.0024206718922511	1.7318211816442444e-05	0.0639991272119004	0.0461741643789395	0.0021320534560933	0.004095888283885	-0.0459617142921899	0.0053057519048849	2.815100327618975e-05	0.0021124791806768	-0.0004349999905511	-0.0004519999912542	1.892249917794571e-07	2.043039920938026e-07	0.0002030000669073	-1.500009176020001e-05	2.2500275281442022e-10	4.120902716436827e-08	4.4170114947588623e-08	4.6067993506889636e-08	2.122260025750825e-15	1.950999054483192e-15	0.0
543.8741731244785	-0.2546827319688418	0.0648632939631129	295799.1161918352	586.5788154763691	0.3687113745737633	0.135948077740074	344074.70676566026	513.0272626658432	0.7103860432864622	263196.97223840805	0.5046483304961953	511.255188500902	461.7221900927205	1.020316	17.572821	0.0817676225647333	0.0605079418843743	-0.0032583615	0.1170326003	-0.0521638981	0.0068406119	0.014698771	-0.0331697417	0.14740516	-0.0460835691	0.0337441776	-0.0116811507	-0.061705609	-0.0832969716	-0.0089057008	-0.0184413448	0.0193085484	-0.0962555683	0.1250211532	0.0624850637	0.0896822449	-0.0558923945	0.0817995097	0.0657529058	-0.0558516671	-0.0946949991	-0.0542301659	0.0347001405	-0.005267465	-0.0082280946	0.0551448681	-0.1513511274	0.038146748	-0.0310684865	-0.012952135	0.1111867027	0.0111619398	0.0133791464	-0.2403156969	0.0082594511	-0.0467820855	0.0040737282	0.0384281889	0.1354310832	0.0710507396	0.2491380416	0.0664128891	-0.0026028614	-0.181032227	0.0668389999	-0.0818861043	0.0250110795	-0.0093779584	-0.114554758	-0.1269959412	0.0620576542	0.0915770506	0.0615299532	-0.0417741654	0.1130745881	-0.0774581578	-0.0706144507	-0.0243754497	-0.044906491	-0.0104712827	-0.0614928089	-0.0191316682	-0.0230404056	-0.0154957928	0.0936527606	-0.0392272706	-0.0204531979	-0.0251837967	0.0545966436	-0.101623747	0.1276189048	-0.1379030856	-0.0268169253	-0.2264215816	0.0417033856	-0.0085782762	-0.0271026902	-0.058757828	0.0912528502	0.0186537229	0.1026181577	0.0400915902	-0.0626738539	-0.059646133	0.0539764068	0.0201083265	0.1220509469	0.0943783934	0.0263099693	0.0301298333	-0.0258185686	-0.0658768949	0.0982785336	-0.090216934	-0.0544810309	-0.0672559604	-0.1053296111	0.1100107135	0.057092952	-0.0595281071	-0.0559053625	-0.0084973725	0.0393863407	0.0427029787	0.1280088662	-0.0156464775	0.0037207673	0.0490066221	0.0704484286	-0.0301825523	-0.1071542885	0.0	0.0494811812337445	0.0002808571265689	0.0024483872962866	7.888072554454115e-08	0.0087634179055413	-0.0552357093063591	0.0030509835825766	7.679749338716187e-05	-0.0560614935868954	-0.0100997792947055	0.0001020055418017	0.0031428910631935	-0.000153000004232	0.000281999986319	2.340900129499202e-08	7.952399228397259e-08	0.0002440000902403	4.100002333300002e-05	1.6810019133065463e-09	5.953604403727456e-08	1.864302504992649e-08	-2.5527089897662138e-08	6.516323186433244e-16	3.4756238301218647e-16	0.0
545.2765641906748	1.4023910661962873	1.9667007025471597	297326.5314555871	590.3170134010961	3.7381979247270474	13.974123724433596	348474.1763107899	513.3882168340319	0.3609541681887549	263567.46118402696	0.1302879115328359	512.2852426032954	465.7704553874785	1.153839	19.872478	0.0327488227520868	0.0174919250452686	0.139574582	-0.004266089	-0.0247912918	-0.0856047215	-0.0452627562	-0.1149693988	-0.0041337344	0.0081558319	-0.0924359857	-0.0046547588	0.0086225823	0.0380809095	0.0018672606	0.09658952	0.0930528165	0.0176461212	-0.0100798609	-0.0860434377	-0.1375241137	0.0481915097	-0.0761125597	0.0531852949	-0.0931306985	0.0272077006	-0.0012685185	-0.0209464596	0.0364096436	0.0485841949	-0.1215740253	0.0378919316	0.0010337238	-0.029998912	0.0825820076	-0.060896959	-0.0157138636	-0.0178271873	-0.0130810282	0.0613513198	-0.1966258406	0.0318448024	0.0300100552	0.0561489921	-0.0245075374	-0.1118098283	-0.0541372029	-0.1222143017	-0.0395392579	0.035702419	-0.1487456617	0.1231545312	-0.1183508322	0.2105896646	-0.1728885793	0.0891028748	0.0326592482	-0.0519264745	0.1438465838	0.0554077203	0.1021827397	0.0295660287	0.0362475263	-0.0275659109	0.0579697316	-0.0253138423	0.020371518	0.0082730837	0.0244046318	-0.1006732479	-0.0394570542	-0.0871222396	-0.0267408283	0.0379504398	-0.0503812533	0.0224194397	0.0287389862	0.0841418911	0.0223556223	0.0654435337	0.0164434932	0.0236387314	0.1711606615	-0.1363333638	-0.008147186	0.1101397663	0.1123834472	0.0007375729	0.0481178811	-0.048626201	0.1533340543	-0.1164541148	0.0129961305	0.0590248532	-0.0258933822	0.0139544936	-0.0388415553	0.0018953313	0.0385819431	0.0531043992	0.0898820924	0.0492807535	0.0085917185	0.0541851433	-0.0088685078	0.1420348082	-0.069323264	0.1246212772	-0.0068513475	-0.0331062758	-0.0494138485	0.1384102422	-0.1829716012	0.0684936154	-0.0348711943	-0.1097247271	0.0	0.0479584015750873	-0.0015227796586572	0.0023000082816373	2.318857888820139e-06	-0.0001342991070032	-0.0088977170125445	7.916936803532384e-05	1.803625014185696e-08	-0.0459337187079995	0.0101277748788959	0.0001025718239975	0.0021099065143456	-0.0001300000136145	2.2999990617500005e-05	1.6900003539770187e-08	5.289995684050881e-10	0.00046499987312	0.0002209997828796	4.8840904032874536e-08	2.162248820016161e-07	2.9893567634811794e-08	1.1250542584885308e-08	1.265747084543178e-16	8.936253859370673e-16	0.0
544.0224972620877	-1.2540669285871218	1.572683861375937	295960.4775272782	584.788925397194	-5.5280880039020985	30.559756978886288	341978.08726720494	512.8944311069168	-0.493785727115096	263060.6974604879	0.2438243443025841	509.328441053993	454.2319484131165	1.192015	20.52997	0.0690611098750403	0.0426269203925061	-0.0511541216	-0.0340729089	0.1607702084	-0.1021015567	0.1462416147	0.0507807731	0.040660262	-0.2216723356	-0.1246360297	0.0427804866	0.0755185205	-0.0737577487	0.0221703091	-0.152256898	-0.0131877221	-0.0288364012	0.0761099216	0.1342938149	-0.0725697882	0.0077792685	-0.0559852674	-0.1090946092	0.1018637596	-0.0596240415	0.1006366142	-0.0823630287	0.0524580767	0.0824539649	-0.0312451442	0.0394993538	-0.0529510914	-0.0369265145	-0.0930423335	0.0289884908	-0.0131863986	0.0271334091	0.002398739	-0.0733917498	0.0821360043	-0.0157747202	0.0409988106	-0.0169551277	-0.0446342246	-0.0018578825	0.1111287407	0.057911968	-0.0137982006	-0.1211278127	-0.1346790175	-0.0069360035	0.0550054041	0.026843013	-0.1899928776	-0.1398445615	0.1652394299	0.0486292241	-0.0597955055	-0.1353117715	0.1578997553	-0.158977711	-0.0280966717	-0.0326988537	-0.0603481839	0.001934118	0.0730886553	-0.0834994317	-0.0255657279	0.0047344179	-0.0733232207	-0.1000793038	0.0416817102	0.0483759476	-0.0202585326	0.1562108207	-0.041829587	0.1016790778	-0.0098281125	0.084896856	-0.025465502	-0.0082099374	-0.0942283969	0.034262979	-0.0075926763	-0.1197042772	0.0790978712	-0.1675461498	0.0627217177	-0.1467497594	-0.0126667253	-0.0307726717	0.0148227562	0.0147791066	-0.0503686815	0.0244117956	-0.0517341472	0.1564086735	-0.012013733	0.1131863332	-0.1301750672	-0.152967043	0.0908957056	0.1474652079	0.1525571142	-0.0575000617	0.0839438071	0.0928022471	-0.0528874159	-0.0240872557	0.0636218101	-0.0181778433	0.0097324431	0.066508354	-0.0394978367	-0.1118563022	0.0	0.0509193436015067	0.0029609420264193	0.0025927795528083	8.767177683816597e-06	-0.0420038248656311	-0.0418695257586278	0.0017530571872524	0.0017643213033426	-0.0509636084548503	-0.0050298897468507	2.52997908654748e-05	0.0025972893867392	-0.0003260000094575	-0.000195999995843	1.0627600616629009e-07	3.8415998370456024e-08	0.0002770000428151	-0.0001879998303048	3.5343936194671195e-08	7.672902371956725e-08	4.511428257974125e-08	1.5220714944929458e-08	2.316701634347989e-16	2.035298492684745e-15	0.0
546.521789679205	2.499292417117317	6.2464625862601215	298686.06659416115	587.0065335580858	2.217608160891814	4.917785955253973	344576.67043988017	514.2648150902668	1.3703839833499387	264468.3000398263	1.8779522618220448	512.0703092445253	463.78525936145815	1.158341	19.950006	0.1131294402077008	0.0939046080343798	-0.1014811019	0.025165156	-0.1132651499	-0.1241796355	0.126044229	0.0353929029	0.0869320838	0.0034884973	-0.0564428429	-0.1107857395	0.2191879124	-0.1407704567	-0.0516876942	0.0559970554	0.1414398027	0.0278316537	-0.0272689726	0.0729414473	-0.1886604687	-0.1169985517	-0.0816923927	-0.0704708549	-0.1725258155	-0.0529425743	-0.0940263808	-0.0134504094	-0.0607696405	-0.05877944	-0.0437171976	0.0491708541	0.0428724243	0.0987088805	0.060679567	0.0579366604	-0.2048879375	0.0180360654	-0.2156216358	-0.0406530763	0.0747436675	0.0157683722	-0.1144384712	0.0522036387	0.0876527581	-0.0911492704	-0.0246030932	-0.0589593967	0.0422687173	0.0216600234	-0.0682964059	0.0559358781	0.1270502273	-0.1573755059	0.0771512526	0.106996528	0.0459112831	-0.0026249232	-0.0463866357	0.0809892973	0.1874928339	-0.0005561438	0.1257481533	0.0276583255	0.1796535043	0.0922665586	-0.0718490283	0.0529926833	-0.0760168043	0.137013897	-0.1350691674	-0.0547784227	-0.0221442938	0.0721750259	-0.0340665295	-0.0332828039	0.1802154113	0.1755142753	-0.0806738278	-0.065783065	-0.1167717281	0.0016070037	0.0448959089	0.1206635167	-0.0228002549	0.1994020525	0.0025152077	-0.1285197658	0.146819686	0.0798526487	0.0275745713	-0.1515553959	-0.058720041	0.0893782903	-0.0465908663	-0.1179198591	-0.0783662756	-0.0664568025	0.0455435448	-0.0393498916	-0.1157649316	0.0282655717	-0.1265008808	0.1326554393	0.2129558813	0.0512508212	0.0008858615	0.0494258872	-0.0031859564	0.0247865889	0.0484772801	-0.0154616999	-0.0977011577	0.064493527	-0.0440542534	-0.1135404882	0.0	0.0530942471568067	0.0021749035552999	0.002818999081148	4.730205474856577e-06	0.0479655694482943	0.0899693943139254	0.0080944919132145	0.0023006958524991	-0.0458300130751041	0.0051335953797461	2.6353801522951505e-05	0.0021003900984642	-0.0006149994439501	-0.0002889994344925	3.782243160589322e-07	8.352067313704257e-08	0.0002489999578008	-2.8000085014299992e-05	7.840047608080268e-10	6.200097898480018e-08	7.653395026529976e-08	3.141966768555851e-08	9.8719551747093e-16	5.8574455432113776e-15	0.0
546.464737166709	-0.0570525124959431	0.0032549891820997	298623.7089666804	589.2346094584061	2.228075900320277	4.964322217588015	347197.4249836004	514.5040199046827	0.2392048144158707	264714.38649807806	0.0572189432397311	512.9754721822954	468.91217409748464	1.136932	19.581291	0.0707712743034275	0.0582268154691343	0.0317483119	-0.0249081941	-0.1552873405	0.0044634128	-0.041313401	-0.0559222275	0.031525465	0.1182455716	0.0289717517	0.0141265227	-0.0664148637	-0.0554318094	-0.0040505474	-0.020624505	-0.0816707853	0.0272492975	0.0033049073	0.0044543066	0.0156158973	-0.100074824	-0.1179785373	0.1415692882	-0.0986154793	-0.1376281772	-0.0759726211	-0.076638498	-0.0759349786	0.0945483582	0.1467734284	-0.0787625583	-0.0313816482	-0.0631537484	0.0515085946	-0.0601055983	-0.0142569391	-0.074639086	-0.0114433672	-0.0622820572	0.0761568577	0.2387547529	-0.0512118378	-0.1113598977	0.1248491628	0.0237219312	-0.1065475463	0.1315002565	-0.0569283756	-0.0656132733	-0.1613209782	-0.0833126618	-0.0712599842	0.1299909747	0.1322860606	0.0476328697	0.0884790434	0.0689400073	0.031654833	0.0582192248	-0.0811599855	0.0665002883	0.0655793746	0.1317230793	-0.0535096055	-0.0297987776	0.0094574117	-0.0650635408	0.043091188	0.0948903147	-0.0715962064	-0.1247096314	0.1194559143	-0.0338426808	-0.0101358828	0.05750414	0.0042605469	0.0664037413	-0.0869125072	-0.0347080217	-0.1378579579	0.0597770777	-0.0621316031	-0.1410670193	0.1756520067	-0.027724942	0.0337698039	-0.0056678554	-0.0789667349	-0.0307614858	0.0259283866	0.113580828	0.0285208837	0.0016322085	0.0713680412	-0.0864478638	-0.119916625	-0.0670739975	-0.0894745528	0.035745815	-0.0981330805	-0.0696978311	0.0697514025	0.1351174112	-0.0797633009	0.0223814501	0.0440165829	0.1909145277	-0.0019785837	0.1390234548	0.1112351331	-0.0740110589	-0.0595614788	0.06245003	-0.0485323432	-0.1147705489	0.0	0.0513701022976107	-0.0017241448591959	0.0026388874100669	2.972675495491981e-06	-0.0051681548065261	-0.0531337242548203	0.0028231926531872	2.6709824104218827e-05	-0.0459414535987434	-0.0001114405236393	1.2418990309002028e-08	0.0021106171587654	-0.0002989994976768	0.0003159999462733	8.940069961097872e-08	9.985596604472849e-08	0.0002489999507924	-7.008399990991038e-12	4.911767043372318e-23	6.200097549461764e-08	3.7193916528301856e-08	-3.9340033736997915e-08	1.5476382544281336e-15	1.383387426714286e-15	0.0
545.9760899433655	-0.4886472233434915	0.2387761088813041	298089.890789846	589.1803804494567	-0.0542290089493917	0.0029407854116332	347133.5207065666	513.2874191662737	-1.2166007384089426	263463.974674374	1.4801173566971844	512.0281911187564	467.0527164159912	1.019496	17.558687	0.0553986152768306	0.0346928249893427	0.1301648542	-0.0865809581	-0.0694006917	-0.0828635151	-0.1173840149	-0.0745009296	-0.0431921063	0.0617149021	-0.0779389204	0.0024999268	-0.0352751428	0.061696567	0.0231057476	-0.0623016222	-0.0442007788	-0.031073051	-0.0620641036	0.0183165717	-0.132824678	0.0650910986	-0.0569498929	0.128414949	-0.1136796842	0.0647824472	-0.0672822723	-0.0678894192	0.1458210333	0.0988692132	-0.0230661264	0.0564577135	-0.1108579939	-0.0624027197	0.0949006454	0.0381521617	0.1193248818	-0.0886201655	-0.019957463	0.0873234416	-0.0177496643	-0.0304190407	0.0534818289	-0.025500469	-0.0132339974	0.0574754877	-0.0905140622	0.1068610337	0.038554715	-0.0891307838	0.0152230466	-0.0404892738	0.2775648652	0.0366054549	-0.0858611515	-0.086395451	-0.0144760565	-0.0513841822	0.128408521	0.0358970825	0.0470935602	0.111492368	-0.0034756951	0.0224750595	-0.0539615716	0.0545861584	0.0142295439	-0.0396732674	0.0107049582	-0.1112209216	-0.0651190134	-0.0199314463	-0.0262226464	-0.0518327767	0.0739241419	-0.014794108	-0.0353893006	0.2170184415	0.0450233259	-0.0051433819	-0.0343381298	-0.0620381971	-0.0440597702	-0.1258156501	0.1258533784	0.0203542028	0.0469145559	-0.0264322557	0.090405312	-0.0230227188	0.1196202522	-0.0497136581	0.026913448	0.0074521759	-0.0736258902	0.0902443357	-0.0437085466	-0.0509181893	-0.05431269	0.1009757149	0.0551890632	-0.0147173654	-0.058540066	0.0144866276	0.0230674816	0.0312769583	0.0981595453	0.2625348547	0.1145057447	0.0410209718	-0.0061776412	0.0852864669	-0.009462084	0.0603787714	-0.0529241442	-0.1155415645	0.0	0.0532271340535714	0.0018570317559606	0.0028331277995568	3.4485669426464768e-06	0.0210301639777696	0.0261983187842957	0.0006863519071235	0.0004422677969318	-0.0301496252944701	0.0157918283042733	0.0002493818411916	0.0009089999053969	-0.0005299994622996	-0.0002309999646228	2.808994300378652e-07	5.3360983655734886e-08	0.0002489999517583	9.658999945358349e-13	9.329627994443258e-25	6.200097597563575e-08	6.595697384635149e-08	2.8763057318049638e-08	8.273134662814086e-16	4.350322398968294e-15	0.0
544.27893889546	-1.6971510479055496	2.8803216794069053	296239.56332516787	588.9650808269695	-0.2152996224872367	0.0463539274431466	346879.8664335187	512.5823550333504	-0.7050641329233258	262740.67069153563	0.4971154315349212	511.3137000451745	460.5470262823599	1.091165	18.793036	0.08383778090039	0.0582925173924623	0.0214304091	-0.1042892359	0.1159182748	0.0641140548	-0.0282416947	-0.0417476047	-0.1533748892	-0.0906768112	-0.0725232372	-0.0613650806	-0.1301357011	-0.0608729101	-0.0583347024	0.0476568015	-0.0414354282	0.073230233	0.0657551685	0.0275016068	0.0415878902	0.0370987062	-0.1056697877	0.009260847	0.0753361345	0.1150061052	-0.0680600609	0.0272199962	0.1223019209	-0.014969562	-0.0255845466	-0.0629770084	0.1291910124	0.025449011	-0.0528571736	0.0449597939	0.032413165	-0.1757654283	-0.0086510203	-0.0735998636	-0.0022760169	0.0219762944	-0.1372881647	0.0221230528	-0.0868014526	0.0154614421	0.0171214405	0.0811946275	0.1268504263	0.0677390081	0.0897381598	0.0856400333	-0.0109204225	-0.0285767031	0.0447412319	-0.0215024635	0.0312829492	-0.0273473043	0.0459617965	-0.14434848	0.0057814248	-0.0012017018	0.065786908	-0.0714237852	-0.1121329347	-0.0438179838	-0.0551560639	0.0338319032	0.0496196944	0.0303719913	-0.0010031285	-0.0200073239	0.0254265704	0.1501818584	-0.0341154538	-0.0545728276	-0.0309798686	0.1075624244	0.0156806716	0.0101981822	-0.0163234814	0.0055242596	-0.0610254644	0.067117234	0.0688045633	0.0536805276	0.0860421224	-0.071384587	-0.0734668916	-0.1734872762	-0.0273691476	-0.0036823283	-0.0351113306	-0.0371350133	0.0364787214	-0.0248750368	0.0044759499	0.0756395417	0.06030029	0.0169587815	-0.0935813869	0.0441507014	-0.0420420066	0.0827884805	-0.0373636281	-0.0451312873	0.0116376526	0.2161939904	0.1476921247	0.0093045097	-0.0473285252	-0.1061281066	-0.1203820567	0.0582806721	-0.0572218481	-0.1158504512	0.0	0.0562331707869248	0.0030060367333534	0.0031621694967514	9.036256842269994e-06	-0.0308806145545617	-0.0519107785323312	0.0026947289278327	0.0009536123552674	-0.0458689511388286	-0.0157193258443585	0.0002470972050011	0.0021039606785762	-0.0002659995099563	0.0002639999523433	7.075573929699174e-08	6.96959748372647e-08	0.000248999970996	1.92376999746946e-11	3.700891003163646e-22	6.200098555600885e-08	3.313274790948473e-08	-3.2824225936866766e-08	1.0774298083544765e-15	1.0977789840334648e-15	0.0
544.0399107833073	-0.2390281121527095	0.0571344383992883	295979.42452510895	586.1315133531215	-2.8335674738480066	8.029104628849373	343550.15094562044	512.327722796957	-0.2546322363933768	262479.69554631563	0.0648375758106925	510.451669150414	457.7384555606492	1.109298	19.105339	0.1416344449763748	0.1080207247804917	-0.0957935372	0.0477949441	-0.0059982705	0.0919872772	-0.0512465344	0.0735057372	0.0456451519	0.0183383165	0.1426259004	0.000549528	-0.0605343073	0.0268864693	-0.0975701575	0.0486332224	-0.046971479	0.0389569877	-0.0508296506	-0.0047901463	0.1826117422	0.0302574717	0.0803709515	-0.0523555487	0.0206845334	-0.0494326487	-0.0605775141	0.0520014854	-0.1194423458	0.0130057672	-0.0029599005	-0.1168646157	-0.0411421425	-0.0048458831	-0.0210596189	-0.0878784164	0.0497420394	-0.0838673496	0.0687903671	-0.0768694101	-0.0067862702	-0.0756792104	-0.1078036819	-0.0961858552	-0.0025429136	0.1090938351	-0.0078872467	-0.0109201609	-0.0806143034	-0.018933364	0.0069869481	0.0621199772	0.0363360484	0.0538881179	-0.0690478563	-0.0416168348	-0.0386803405	-0.1531040078	-0.0989275334	0.0175567634	-0.1445746297	-0.0639119735	0.0073295485	-0.006501459	0.0478931206	-0.0634267571	0.0241289497	0.0446958404	0.0085642957	0.0108003983	0.0293194451	0.0190107027	0.1026539725	-0.0167768876	-0.0497485005	-0.1121485986	-0.1341778463	0.084290983	0.022603375	0.0048063028	0.0213122743	0.0961008649	0.0716884589	-0.0758997775	0.0866879886	-0.0877671649	0.001294944	-0.0544804344	0.0244433369	0.0784910486	-0.0896980927	0.0370993677	-0.0097271427	-0.0262422025	0.0229848644	-0.0532028272	-0.04766406	-0.0211512608	0.0846997649	-0.0803538976	0.135524352	0.0197217117	0.0116943509	0.1294918565	0.0795149233	0.0302257841	0.021069298	0.1808422173	-0.0343718748	0.0667156967	-0.0854204417	-0.0783696283	-0.1085048386	0.0561566646	-0.0614178136	-0.1156959735	0.0	0.0512341900675608	-0.0049989807193639	0.0026249422318789	2.4989808232573005e-05	0.0715267072794887	0.1024073218340504	0.0104872595652227	0.0051160698542456	-0.0257425594527234	0.0201263916861052	0.0004050716423025	0.0006626793671769	-0.0005479994491604	-0.0002819999392041	3.003033962801019e-07	7.95239657111161e-08	0.0002489999587707	-1.2225299982418504e-11	1.4945795966012184e-22	6.20009794678103e-08	6.819605561351636e-08	3.5063307704031633e-08	1.2294355471476041e-15	4.650702001241817e-15	0.0
544.1863965264198	0.146485743112521	0.0214580729352275	296138.8341644098	587.5367996086509	1.405286255529404	1.9748294599798537	345199.490894376	512.32041485619	-0.0073079407669638	262472.20747841866	5.3405998253452015e-05	510.7681941886223	462.9432913027144	1.016771	17.511761	0.0990978560759869	0.0665290726102973	0.0578003084	0.0667776551	-0.0626810639	-0.0323596684	0.0145210606	-0.0656157526	0.0882478068	-0.0011341617	-0.0118875144	0.0859406469	-0.0638653742	-0.0361837249	-0.0521717138	-0.1564551956	-0.0610214942	0.003443807	-0.0524828051	0.1023532538	0.1124690093	0.0477637744	0.0607451961	0.0215418543	-0.0239356672	-0.0111614406	-0.0740772202	0.0574819195	0.0399059378	0.1054413987	0.088152802	-0.03545873	-0.08403711	0.0068899514	0.0958474175	0.0631149962	0.0421694192	0.0402909694	0.012058871	0.0538432912	-0.0120903478	0.1430302609	0.0481188103	-0.0086056642	-0.1633018809	0.2109610338	-0.089021102	0.0009376687	0.0302404972	-0.0330079238	0.1102294689	0.089797097	-0.0241950728	0.0006679065	-0.0434837479	-0.0289990095	-0.0300262304	-0.0257264369	0.0254243184	0.1022188265	-0.072437472	-0.1199615116	-0.0053094948	0.0893120479	-0.0857929777	0.0240645615	0.0651431512	-0.0673625644	-0.0562955087	-0.0545113148	0.0378179296	0.0287673562	-0.078692625	0.1415595037	-0.0720769395	0.0180099058	-0.0951317149	0.0572440606	-0.0078364589	0.0898897053	-0.0384531074	0.0095431942	-0.0964430725	-0.031086298	0.1070506538	-0.094525656	-0.026599078	0.0645703198	-0.0812891354	0.0001184096	0.0497592368	0.1474524857	0.0502746633	0.0117770402	0.1219564259	-0.0839368836	-0.0234601178	0.0130084204	-0.0387266372	0.1676728577	-0.0786886132	-0.0813458967	-0.0234230671	0.0771601157	0.0623154432	-0.0362184979	0.0001667805	0.0293052214	0.1017592492	0.071265359	0.1098376836	-0.1041205998	-0.0756115685	0.0540076933	-0.0655045805	-0.1150787493	0.0	0.0570191561248805	0.0057849660573197	0.0032511841651934	3.3465832284341034e-05	0.0127050106407295	-0.0588216966387592	0.0034599919954622	0.000161417295381	-0.0495324248870332	-0.0237898654343098	0.0005659576973825	0.0024534611151895	-0.0003339994998276	0.0002139999493328	1.1155566588508701e-07	4.579597831444097e-08	0.0002489999709887	1.2217999994981048e-11	1.4927952387735691e-22	6.200098555237345e-08	4.1598694448531344e-08	-2.6597361164985024e-08	7.074196209406535e-16	1.7304513798222725e-15	0.0
545.0537797528223	0.8673832264024668	0.752353661444353	297083.6228228381	587.8537352933722	0.3169356847213294	0.1004482282497779	345572.0140983701	512.7419528524384	0.4215379962483894	262904.3102149322	0.1776942822811071	512.057919274242	464.11004229181	0.990135	17.053019	0.0412210405999969	0.0281662755240186	0.0680236029	-0.0885688233	0.019067172	0.026600339	-0.0725759585	-0.0325156686	-0.0687898873	-0.0433229657	0.1354551354	0.0416584961	0.0033278316	0.0549643323	0.046406028	0.1617909709	-0.039823556	-0.0602047189	0.1295459063	-0.019934719	0.0384548283	0.050982079	0.0883197398	0.1127985231	0.1580712273	-0.0016655747	0.0066757107	0.0223523562	-0.0504498076	-0.1198449363	-0.0493247623	0.0154900798	-0.147526192	0.1393517041	-0.1094533212	0.0546011881	0.087485073	0.0536424727	0.0565804303	0.1373410803	-0.0042180515	0.0484862793	0.023991355	0.0628970983	-0.0927247986	-0.029410271	-0.0736780576	-0.0255058963	-0.0264364849	-0.0069043131	-0.00808959	0.0663912383	-0.0326728923	-0.0228083854	0.0265006343	-0.0454279093	0.090405574	0.1242013236	0.0693742321	-0.0431206041	-0.0888866506	0.0303210796	-0.0808935437	-0.048930081	0.1070908735	-0.077264474	0.0570544843	0.0606519453	-0.0728691339	0.1535089219	-0.0321941153	0.1209194248	0.0672540798	0.0197691187	0.0425015423	-0.0865878026	-0.0452663315	0.0148052096	0.0823746374	-0.0144964587	-0.089329505	-0.1134989562	0.0048813592	-0.0413535369	-0.0244745359	-0.0853717372	0.0107410086	0.1142014084	-0.0054063816	-0.053980569	-0.0119741136	0.0965164694	0.0504275559	-0.0995794981	-0.0184465698	0.0574318597	-0.012400231	-0.054371498	-0.0588454026	-0.1487247809	0.0200726856	0.0994405966	-0.1145386773	0.0597077153	0.048218805	0.0160546637	-0.0398431477	-0.0134218058	0.0729548291	0.0007053146	0.036499294	-0.0527023542	0.0287146977	0.0518347133	-0.0694748826	-0.1140012473	0.0	0.0544770877361173	-0.0025420683887632	0.0029677530882086	6.46211169314915e-06	0.026903877200155	0.0141988665594255	0.0002016078115723	0.000723818608401	-0.0457049246186329	0.0038275002684002	1.4649758304604366e-05	0.0020889401343949	-0.0007470001300555	-0.0004130006302278	5.580091943029338e-07	1.7056952056864252e-07	0.0002490000769932	1.0600449999124267e-10	1.1236954018393367e-20	6.200103834261954e-08	9.297013020705517e-08	5.137143575852382e-08	2.63902441189214e-15	8.643445110716792e-15	0.0
544.0160097091974	-1.037770043624846	1.076966663445115	295953.4188199176	583.7736455141488	-4.0800897792233854	16.647132606523133	340791.6691968791	512.913855268755	0.1719024163165841	263080.6229266574	0.0295504407354802	509.6153404675229	456.7908816074887	1.16709	20.100695	0.0693188544694901	0.0433825558700084	-0.1063494942	-0.0182136052	0.1029634975	-0.141028845	-0.0141455446	0.111133404	0.0068151202	-0.1262794573	-0.0957028344	0.0528488357	0.0269380276	0.1681455998	-0.0506114374	0.1062714673	-0.0121132981	-0.1281868295	-0.1314936223	0.0711584433	-0.0750643649	-0.0624074308	0.0950142217	-0.0997794958	0.0910080164	-0.0068975566	0.0128747438	0.0040275711	-0.1746298618	-0.1252896753	0.1035916252	0.0692204504	0.0469986249	0.1868469454	0.0298486051	0.0586447118	0.0669900296	-0.0252748625	-0.0428874539	-0.02832652	0.0497301358	-0.0251952004	0.0340839255	0.1178299651	-0.0364639385	-0.0345134606	0.0878707821	0.1179974237	-0.0370912939	-0.1263607254	0.0441575784	0.1403073809	-0.0209363912	-0.0193958592	-0.0064503468	0.0446257658	-0.089970211	0.0882842317	-0.0995715845	-0.0698673549	0.1082778145	-0.0596755268	-0.1163509108	-0.0206805929	0.1364863685	-0.1588654553	0.0186368853	-0.0576917418	-0.1541151752	-0.0016330311	0.0468542275	0.0445596993	-0.0766849729	0.0621427642	0.1004110397	0.0060277518	-0.0914544537	-0.121182519	-0.0184030764	-0.0208467126	0.0440017918	0.0033156838	-0.0976810172	-0.0160941143	0.0344314368	0.0932199696	-0.0346315419	-0.0737827557	-0.0929292214	-0.0759070532	-0.0867767962	0.0474035024	0.0217759049	0.0688742138	-0.0904359537	0.0017143463	-0.0362410746	0.1560987291	-0.03628955	0.0387024948	0.0410075257	-0.1039449131	-0.0032046667	0.0945655831	-0.0005995556	0.0494326701	-0.0001422594	-0.1109562253	0.1894692516	-0.0518545489	0.1192045029	-0.0511364695	0.085515774	0.0496386907	-0.0733216609	-0.1124677771	0.0	0.0529731627332523	-0.0015039250028649	0.0028061559699636	2.2617904142424787e-06	-0.0019450119338557	-0.0288488891340107	0.0008322584042664	3.78307142284109e-06	-0.0640183595678394	-0.0183134349492064	0.0003353818996388	0.0040983503617571	-0.0003339994998276	0.0004130006302278	1.1155566588508701e-07	1.7056952056864252e-07	0.0002489999709887	-1.0600449999124267e-10	1.1236954018393367e-20	6.200098555237345e-08	4.1598694448531344e-08	-5.137143575852382e-08	2.63902441189214e-15	1.7304513798222725e-15	0.0
545.1956496627855	1.1796399535880937	1.3915504201013198	297238.29641122674	588.0160058070037	4.242360292854869	17.99762085439165	345762.8230852222	513.3396117960224	0.4257565272673673	263517.5570388909	0.1812686205107685	511.7269320662733	463.0083826093721	1.160965	19.995207	0.1291454690293286	0.080683407786673	-0.0214302671	0.0748482051	-0.0654225807	-0.052109308	-0.0056672567	-0.002067411	0.084759529	0.0673033124	-0.0969999903	-0.120916448	0.1068844934	-0.0678964577	-0.0164346376	0.1283707127	0.0268293313	-0.0116662947	0.0617333112	-0.0333122661	-0.1544598546	-0.0374063399	-0.0270144065	-0.1075674235	-0.1163406029	-0.0210508907	0.0002835879	0.0546381162	0.0096408798	0.0736798049	0.0607964274	0.014263169	-0.075990507	0.015595154	-0.0170108346	0.0022425765	0.0858937199	-0.123025136	0.018785106	0.1728369671	0.1414440753	0.0949466599	0.0033776549	0.0361138478	0.089469964	-0.021320476	0.0547442598	-0.0982884049	-0.0113417113	-0.0590623724	0.0328000522	0.0165215792	0.1546451476	-0.0638706174	0.006615267	0.0343537197	0.142153167	-0.1039064742	-0.0092617782	0.1174789173	0.1617002507	0.053048184	0.0636265444	-0.028426476	0.0365856427	0.0295609713	-0.0938280617	0.0297648316	0.0467655858	0.0327478939	0.0418975998	-0.0090414003	0.0179821865	0.0152655334	0.0179798386	-0.0180859639	0.0479075053	0.0266595122	0.1397709955	-0.1036529034	0.0783026685	0.007350035	-0.0422636087	-0.0636773873	0.1044007007	0.0298414558	0.047756109	-0.0208608824	0.0064468429	0.1221985337	0.0402959054	-0.1237198863	-0.0235934459	0.0953417891	-0.0399551091	0.0078736931	-0.0743361839	0.0125020219	0.0464269647	-0.0714822522	-0.103350659	0.1557910168	-0.1291131255	0.0180717489	-0.0226216159	0.0447237195	0.0473222613	-0.0773765325	-0.0722512929	-0.0118798243	0.0591824556	0.0988575352	-0.0033716891	0.0474206018	-0.077038076	-0.1104844722	0.0	0.0506469720963167	-0.0023261906369356	0.002565115782525	5.411162879366854e-06	0.0714056423184104	0.0733506542522661	0.0053803184792354	0.0050987657549047	-0.0456928220104799	0.0183255375573594	0.0003358253267661	0.0020878339832813	-0.0005179661392332	-0.0001839666394055	2.682889213921467e-07	3.3843724414190045e-08	0.0006670261578067	0.000418026186818	1.747458928655975e-07	4.449238951983687e-07	-0.0001008273067373	-0.0001008689054317	1.0174536082999027e-08	1.0166145783897584e-08	0.0
544.7583642059265	-0.4372854568590583	0.1912185707804353	296761.6753723168	590.5190944994911	2.503088692487381	6.265453002458187	348712.80096849886	512.7744043947176	-0.5652074013047468	262937.5898023574	0.3194594064896651	511.9479953239934	463.5850974896516	1.027771	17.701214	0.1303821687065009	0.0854962974732757	0.1019972101	0.0216027398	0.0042507265	0.0044541559	-0.0053964597	-0.1251774208	0.0569643049	-0.0415753453	-0.0193464305	-0.0467139979	-0.0306820773	0.032254031	0.0512616322	0.0365973613	0.0546179246	-0.0715170517	-0.1143659884	0.0011312859	-0.0611474262	0.1043988547	-0.0553219225	0.0076284341	-0.1163115872	-0.0451817569	-0.0753518965	0.0415331086	-0.0404410343	-0.0177029618	0.0197923027	0.0462795368	0.2260472986	0.0286849241	-0.0916589907	-0.0900412897	-0.102608074	-0.0443244854	0.217629239	-0.0155217038	-0.0621046136	-0.0168869472	0.1029541723	0.010574469	-0.0263398288	-0.083730518	0.0690259543	0.0913520516	0.0526935735	0.0541855705	0.026916065	0.0339315248	-0.0470079376	0.0484263535	0.0001981002	0.0054466473	-0.1106718006	-0.2403984407	0.0978208219	0.0315169543	0.0434737366	-0.0188045438	0.0503531503	-0.0337539574	0.0275265985	-0.0977654463	-0.0285807702	0.0440654626	-0.0256039004	-0.0944935402	0.0880060887	-0.1088526338	0.0069802371	0.0045358842	0.0406430773	0.0771255452	0.0509716897	-0.1144328569	0.0188894513	0.0347875902	0.0485610753	0.0144430684	0.1043057249	0.0982973977	-0.0385167319	0.0489215064	-0.0283196568	-0.1559502434	0.0818771023	-0.100344769	0.1328994937	0.0050507309	0.008819876	0.114962728	0.0114430311	0.0215403423	-0.1296747416	0.0896625919	0.0022311625	0.0485700934	0.1075858535	-0.032163511	0.0885373904	-0.0165581557	-0.04931436	-0.0043881639	0.033210288	0.0139345578	0.0623370214	-0.0483991714	0.0005890555	-0.0214505076	0.0632243287	0.0451814325	-0.0806175202	-0.1080592651	0.0	0.0568415983094467	0.0061946262131299	0.0032309672983724	3.837339392039726e-05	-0.0096055793819118	-0.0810112217003222	0.0065628180413787	9.226715526220908e-05	-0.0614248493195361	-0.0157320273090562	0.0002474966832528	0.0037730121139277	-0.0004289999864655	8.896615276769997e-05	1.840409883873992e-07	7.914976338285728e-09	0.0003079998398332	-0.0003590263179735	1.2889989699760877e-07	9.486390133727685e-08	6.609220135124517e-08	0.0001008933989386	1.0179477949393833e-08	4.368179079453534e-15	0.0
545.3012998319213	0.5429356259948008	0.2947790939743662	297353.5075983829	588.7804775884596	-1.7386169110314995	3.022788763324713	346662.4507892945	513.1923087316615	0.4179043369438204	263366.3457413329	0.1746440348364542	511.371963281282	460.3172227958208	0.995303	17.142015	0.1016096678362554	0.0689660923683595	0.042158447	-0.0914918797	0.055949311	0.1038328096	0.013198233	-0.0173429459	-0.1583815537	0.00681964	-0.0239311471	-0.0581122665	-0.0482042539	-0.1077817221	0.0057125823	0.015660935	-0.0619647835	-0.0659948468	-0.0181808536	-0.0555167041	0.0074374207	0.0165700852	-0.0885557171	-0.0126974024	-0.0151902918	0.1527618797	-0.104543661	0.0621368447	0.0258604993	-0.0961637377	-0.0994735509	-0.0489458596	0.0645004661	0.0784984249	-0.0235314901	0.029473928	-0.0626989508	0.2176879039	0.0199824918	0.0095434409	-0.0065055944	-0.0276163073	-0.0039415945	-0.1278224626	-0.1711365803	0.0025699615	0.0561957539	-0.1624737753	-0.051841286	-0.0629165553	0.0426749292	-0.0488284392	0.1016850978	-0.070601341	-0.055264003	0.0745718682	0.0132573727	-0.0431593806	0.0530370117	-0.0956630693	0.0144723513	0.0449495754	0.073063499	-0.0275718548	-0.0510889026	-0.0087835035	-0.0773754813	0.0905827232	-0.0314465786	0.029884557	0.072645944	0.0768780939	-0.0417733834	0.0929413939	0.0403286675	-0.0402019558	0.0816613888	-0.0463719694	-0.115986814	0.0882687533	-0.0414793776	0.0343681546	0.2216116178	-0.0045455297	0.0222080967	-0.0918315926	-0.0136400331	0.0878931536	-0.0433178768	-0.0537980213	-0.0179240616	0.0160836122	-0.0711058513	-0.1194742273	0.0040686531	0.0627711342	-0.0211314164	0.0117081445	0.122304051	0.0247833319	-0.0702515102	0.1775842835	-0.1070610904	-0.0463831118	-0.018537925	0.0246220037	0.0001272814	0.0228206357	-0.0243659621	-0.0262972428	0.0420103152	0.0093094375	0.0141236699	0.0429221782	-0.0840536294	-0.1052018558	0.0	0.0555211365072381	-0.0013204618022086	0.0030825965990553	1.7436193710919842e-06	0.0484171848651868	0.0580227642470985	0.0033666411708743	0.0023442237902696	-0.0455607205137056	0.0158641288058305	0.0002516705827679	0.0020757792537279	-0.0008980002000478	-0.0004690002135823	8.064043592858888e-07	2.19961200340243e-07	0.0002489995990051	-5.90002408281e-05	3.481028417773798e-09	6.20008003047006e-08	1.1189741330681945e-07	4.580521195557429e-08	2.098117442295085e-15	1.2521031104757174e-14	0.0
543.5910851920929	-1.7102146398283369	2.924834114283167	295491.2679003172	587.1592862727279	-1.6211913157317213	2.6282612822039497	344756.0274562992	512.6535213412219	-0.5387873904395519	262813.63294355466	0.2902918520966622	510.4746893105499	457.704547334394	1.209984	20.839451	0.1037223593672228	0.0574830207143238	-0.1133796331	0.0708967021	0.0202746495	0.1961844857	-0.0399986199	0.1136070354	0.0501726046	-0.0398771703	0.1875173147	0.0093776795	-0.0758376924	0.0848351029	-0.0324732764	-0.0229024912	-0.0012766427	-0.0407616428	-0.0195017844	0.0537062792	0.1928604791	-0.0452281265	0.0695159403	-0.0178306945	-0.057696821	-0.0194403004	-0.0729510242	-0.0388574522	0.0129410747	-0.0171808919	-0.2307958818	0.0964138628	0.1283394699	0.0069599737	-0.1137582304	-0.0040800729	0.1065057922	-0.0451600532	0.0339392138	0.0169158373	-0.0314045241	-0.0009052402	0.0598066799	0.0482816647	-0.0155995588	0.0972512814	0.1618121325	-0.0020387562	0.0196742112	-0.0948288079	-0.1266884293	-0.077771007	0.1599591483	-0.0851462738	-0.0176052919	0.0376820731	-0.1471083632	0.0248478029	-0.1632335033	-0.0075636941	-0.1887939351	-0.0271608339	-0.0194927453	-0.0665904126	-0.0046615322	-0.1287092607	-0.0347528529	0.0265081798	-0.001621204	-0.0856006059	-0.0130214092	-0.0941649788	0.0393307297	0.0069834675	0.1097171339	0.0427355129	0.0232348805	0.0421391642	0.0516559715	0.1332212127	-0.0127992029	-0.0519550908	0.0837059777	0.0773171271	-0.1069975029	-0.0077396651	0.0315880256	-0.1373467887	0.0245446574	-0.0141407838	-0.0730278736	0.1830583114	-0.0250524207	0.0708043713	-0.021798969	-0.0468545626	-0.0451459016	0.1002007403	0.1100109529	-0.0566011977	0.1221365973	-0.0765415396	0.1135418708	-0.0490754803	-0.0253642068	-0.0453902526	0.0891142583	0.0158418098	0.1066362671	-0.0283460398	0.0230502977	0.0140485885	0.0330667581	0.0406438432	-0.0873402943	-0.1019236731	0.0	0.05467196610239	-0.000849170404848	0.0029890238775008	7.210903764698789e-07	0.0089818215846264	-0.0394353632805603	0.0015551478770697	8.06731189780607e-05	-0.0724957206275149	-0.0269350001138093	0.0007254942311309	0.0052556295093026	-0.000540999817795	0.0003570003822527	2.9268080285422325e-07	1.2744927292864529e-07	0.0006219997679801	0.000373000168975	1.3912912605537857e-07	3.8688371136729836e-07	1.678575456064385e-07	5.596013229961905e-08	3.1315364069908667e-15	2.8176155617017576e-14	0.0
544.8842308015072	1.293145609414296	1.6722255671474708	296898.8249761502	589.183247647043	2.023961374315149	4.096419644719669	347136.8993079168	512.5804161333856	-0.0731052078363063	262738.6830034747	0.0053443714127895	511.8676492714341	462.1573371696154	1.20755	20.797533	0.1250783414834038	0.0896178947163464	0.0584499584	0.0965411248	-0.0721073	0.0049944052	0.0781369591	-0.0404413896	0.0432934989	0.1161158186	-0.0042584159	0.1253193215	-0.0265189356	-0.0667014166	0.0377716575	-0.0483009064	0.0421809035	0.0383720801	0.0833400417	-0.0927257658	0.0478598937	0.0392535893	0.1912113014	-0.0166914909	-0.0763094267	0.018499758	-0.0324021304	0.0068995314	0.0616953553	0.1706825388	0.0097117825	0.0742250298	0.1045386906	0.0580759722	0.0695645925	-0.0211316178	-0.1556123222	0.0864697019	-0.0678592195	0.0059696338	-0.0828247969	0.0015395399	-0.0075224875	-0.0173668475	0.0460110131	-0.0220770394	0.0188112079	-0.0206919083	0.1260748106	0.0423414217	0.0293551716	0.1177269407	-0.0070837278	0.0609943274	0.0667351627	-0.0891462461	-0.0230522239	-0.0489663459	0.0262291818	0.1290002372	-0.0489067196	-0.0202748515	-0.1573518949	0.0325373144	-0.1091795131	0.1550090539	-0.0537755747	0.055078743	-0.0002916923	-0.0550510963	0.0491821069	0.037314181	-0.0078057816	0.0171360083	-0.019983647	0.092128037	0.098992689	-0.0077903241	-0.0245557116	-0.0131187019	0.0070970543	0.0893943242	0.0826758809	0.0453444338	0.0291826246	0.0027725668	-0.0330716437	-0.0062092043	0.1172457058	0.1518031603	0.0077486455	0.0627306906	0.1056357441	0.0307346415	-0.0256023835	0.1764651077	0.0159975044	-0.0370153931	0.0683281612	0.0782462317	-0.077891884	0.0229025799	-0.0770441721	-0.0967555363	-0.0738750269	-0.0449549055	0.0623506606	-0.0214188541	-0.0768304248	-0.0237363521	-0.1031078214	0.072546188	0.0258348604	0.0383474405	-0.0904716714	-0.0982378286	0.0	0.0584168785566134	0.0037449124542233	0.0034125317002981	1.4024369289797514e-05	0.0938073322296304	0.084825510645004	0.0071953672561856	0.0087998155800402	-0.0491884162468494	0.0233073043806655	0.0005432304374929	0.0024195002928733	-0.0006569998142299	-0.0001159999964348	4.316487558981231e-07	1.3455999172896805e-08	0.0004739998160694	-0.0001479999519107	2.1903985765569518e-08	2.2467582563382506e-07	1.5552582098788065e-07	-1.233172461855784e-08	1.5207143206794548e-16	2.4188280993954302e-14	0.0
543.8049503602792	-1.0792804412279793	1.1648462708172616	295723.82403634576	589.2313904681448	0.0481428211018055	0.0023177312236404	347193.63151302334	512.9184437234893	0.3380275901037066	263085.32991172624	0.1142626516713195	512.5000766734178	460.7904015160562	1.110279	19.12225	0.1065564504365247	0.0915337071623154	0.0990091792	0.0144286366	0.09249087	0.1719779571	-0.0711466466	-0.0503021997	-0.0332933376	-0.1058171812	0.1741151163	-0.0225962137	-0.0492631587	0.0925090085	0.1114366769	0.1994089816	-0.0330302007	-0.0833633305	0.0970299567	0.0745559432	-0.0451871485	0.0709234787	0.1094803774	0.0714020319	0.079564373	0.0719820275	0.0312643322	0.0087684266	-0.1403987479	0.043116841	-0.0243200724	-0.0181511641	0.1614660416	0.0946059257	-0.0334947042	-0.1592862654	0.0328852473	0.0268063639	-0.0893078373	-0.0685549179	-0.0465877645	0.0838682434	-0.0913172897	0.0096337295	-0.1612045824	0.0492346103	-0.0269431045	-0.0158742099	-0.0135650097	-0.0767885555	0.014833867	-0.1160686011	0.0395157784	-3.27078e-05	0.0561628482	0.025900865	0.0651439941	0.0439556199	0.0657127615	-0.0371354171	-0.0784848908	0.0335482245	-0.0841179759	-0.1624463745	0.0817409257	-0.0966140572	0.0781408013	0.0526925389	-0.1108750912	0.0388605083	-0.0063734615	0.0595438569	0.2403584429	0.0745838654	0.10813924	0.0273769511	0.0230732438	-0.0402847966	-0.0697312659	0.1391547123	0.0359849708	-0.0608772808	-0.0682627554	0.0023238098	-0.0429637619	-0.0317366904	0.1420368099	0.0520643687	-0.0330667294	-0.0737758334	0.0875871784	0.1749012224	0.0132531282	-0.0296549042	-0.0778061536	0.09414688	0.0239604273	0.0368355169	0.0311698184	-0.1790330827	0.0539992388	0.1444980297	0.0608910631	0.0144203819	0.0100870379	-0.046600369	0.0168162987	-0.091687241	0.0584460079	0.0973035859	0.1137449989	-0.096572641	-0.0145473643	0.0360339907	-0.0934421931	-0.0941590645	0.0	0.0614202390689513	0.0030033605123378	0.0037724457672871	9.02017436707056e-06	0.0037319852344381	-0.0900753469951923	0.0081135681363043	1.3927713790064e-05	-0.0455109912247166	0.0036774250221328	1.3523454793408427e-05	0.0020712503222562	-0.0005399998170232	0.0001169999972067	2.915998023850894e-07	1.3688999346367817e-08	0.0005529996230775	7.899980700809995e-05	6.240969507317037e-09	3.058085831238571e-07	1.4897189855225118e-07	-6.55392243562947e-09	4.295389929224733e-17	2.2192626558262217e-14	0.0
544.8779546210601	1.0730042607808628	1.1513381436538856	296891.98543203005	587.0634228657868	-2.167967602357976	4.700083524873791	344643.46246689366	513.1390386974539	0.2205949739645802	263311.6730353471	0.0486621425384338	511.2463653125064	456.3998421874389	1.130389	19.468597	0.0791521446871777	0.0581451561488047	-0.0640154686	0.0419317675	0.0980189585	-0.0320029155	0.1057817756	0.0611089706	0.017955924	-0.0611495094	-0.0064502086	0.1485394803	0.0743163515	0.123512792	-0.0087647687	0.0146578342	0.0978009761	-0.0281948258	-0.1228687953	-0.0112951281	-0.0068021111	-0.0344298837	0.1645461279	-0.0180805785	0.0882788377	-0.0624571856	0.0110631701	-0.1197540996	-0.0295903506	-0.0960848	-0.0782944358	-0.0271569594	0.0106431216	-0.0500041033	0.0156218651	-0.1386089154	0.1222571697	0.0399569951	-0.0294529521	0.0499941691	0.0164608994	-0.027690745	-0.029812946	0.0569419137	0.0185032218	0.0065688739	-0.1735952838	0.0631389036	0.100842037	0.0419851474	0.1376264748	0.0782330724	0.042158481	0.1689000284	0.1063961002	0.0584036423	0.001399511	-0.0761658133	-0.053123079	-0.0357106903	-0.0039870038	-0.0445337431	-0.1848842017	-0.0178066736	0.1011020668	-0.0488073634	-0.0047380563	-0.019925419	-0.0343271037	0.0025034806	-0.0165734326	0.0301049528	-0.1643771791	-0.0211058598	-0.0162822504	-0.0378040907	0.0910301116	-0.0610285118	-0.1249024015	-0.0743061889	0.0029768123	0.0267207185	0.087344869	-0.154631703	-0.1837263805	0.0343825846	-0.0307619621	0.0233424763	-0.1231907045	0.0118787266	-0.0989515146	0.0619594204	0.0654071266	0.0523316079	-0.0661382429	0.1022854075	0.0392219664	0.0044378067	0.1202045211	0.1044325032	0.0824758558	-0.0403569444	0.0529114796	0.0452690284	0.022516865	0.0487728943	0.0358885384	-0.1553605271	0.0687172234	-0.0629554057	0.0732579858	-0.0443804585	-0.0600509156	0.0337045224	-0.096246578	-0.0897036946	0.0	0.0545813066201787	-0.0068389324487725	0.0029791190323659	4.677099703887472e-05	0.0542072146171221	0.050475229382684	0.0025477487812345	0.0029384221165467	-0.0452543525600503	0.0002566386646662	6.58634042017004e-08	0.0020479564256293	-0.0009400008817985	-0.0004000010647753	8.836016577819575e-07	1.6000085182137377e-07	0.0005839997580694	3.100013499190003e-05	9.610083695160246e-10	3.410557174251177e-07	7.74655952449411e-07	6.256840538971598e-07	3.91480535301184e-13	6.000918446653041e-13	0.0
545.1709834978743	0.2930288768142191	0.0858659226470027	297211.4012480396	588.893737081754	1.830314215967178	3.350050129171545	346795.833574114	513.5209510453785	0.38191234792464	263703.76716255007	0.1458570414973113	512.7695793498041	463.0381562896881	0.996955	17.170469	0.0465767360584281	0.0215662004181594	0.0100372399	0.1087220071	-0.0712464021	0.0629250726	0.030605893	0.0020289633	0.0728340836	0.0768847688	0.0228687145	0.0304320755	-0.0101059459	-0.0423189532	0.0546087153	0.0041677701	-0.0274902534	0.0649988918	0.2098293627	-0.1347395455	-0.075403919	-0.0520636342	0.1970637167	0.0385745988	-0.1508362677	0.0335638919	0.0468589165	-0.0408041632	-0.0352732492	0.1973186176	0.1407258931	0.0609003978	0.1230036143	0.0598857257	-0.0859084878	-0.0295270226	0.065270948	0.0478891723	-0.0832985496	-0.0145106497	0.0100582058	0.0465052557	0.0964099677	-0.0973680106	0.0267609247	-0.0509631472	0.1306659481	0.1079149954	-0.0076302214	-0.0647074889	-0.0517107664	0.1216714887	-0.0885177488	-8.356e-06	-0.0453221969	-0.0491440806	-0.0615827775	0.0650124609	-0.0194431631	0.152466276	-0.0323420131	0.0976658368	-0.1451849742	-0.099310461	-0.0299779283	0.1266772574	-0.0756638203	-0.0006165708	0.0538083397	-0.0206134259	0.0361319532	-0.0060664575	0.1173127581	0.0613684216	0.0089753015	0.1298720032	0.1079242914	-0.0732414358	-0.0738972258	-0.0026960306	0.1092499686	-0.0215168171	-0.0935307273	0.0020411163	0.1904140952	-0.0997045747	0.0580641546	-0.0917467447	-0.0369492748	0.0932309907	0.0623952037	0.0912691146	0.0443363435	0.0883571607	-0.0951313574	0.1282149949	0.0023760715	-0.0248865489	0.0645340151	-0.0450602249	-0.1091194837	0.0414172187	0.0805513003	-0.0124177211	-0.136506072	-0.0290602896	0.1441621458	-0.063014199	-0.0244583139	0.0511948203	-0.0570971668	0.0618292772	-0.0733297894	0.0313600711	-0.09887984	-0.0848895389	0.0	0.0583682304145298	0.003786923794351	0.0034068503217236	1.4340791824222505e-05	0.0491254794223721	-0.0050817351947499	2.58240325895608e-05	0.0024133127284779	-0.0593840120872499	-0.0141296595271996	0.0001996472783545	0.0035264608915786	-0.0007439545075755	0.0001960463742229	5.534683093419046e-07	3.843418084598456e-08	0.0004940686532637	-8.993110480569994e-05	8.087603611573787e-09	2.441038341378063e-07	-0.0001848162158614	-0.0001855908718138	3.444397170062468e-08	3.4157033645327595e-08	0.0
545.2258830714256	0.0548995735513244	0.0030139631761172	297271.2635710159	589.7795458324885	0.8858087507344408	0.7846571428777106	347839.91268237634	512.417249592206	-1.1037014531725615	262571.4376796411	1.2181568977352244	511.78080731536704	462.84556739119336	1.041194	17.932392	0.0515875116687298	0.0252280073531967	0.145485139	0.0262325596	0.0094367037	-0.0052267925	0.0060675183	-0.1063296887	-0.0074001381	0.0293634424	-0.0854583451	0.013751987	0.0235337355	-0.0088228341	0.0364731119	0.1125287372	0.1270619324	-0.0552028038	-0.1572539351	0.0162400975	-0.0548340924	0.1371304739	0.008891328	0.0024193641	-0.0118206036	0.0002050243	-0.1641684744	-0.1126405755	-0.1208593184	-0.0221171587	-0.0570238996	0.0416957872	-0.0116409543	0.0347793446	0.0396400624	-0.0537592063	0.0692520899	-0.0155741422	0.0412833382	-0.0730466599	0.0353610305	-0.0189194464	0.0443232237	-0.1086882923	0.0025705023	0.1716729293	0.1008261922	0.0176504056	0.0061013859	0.1854327619	-0.0083280382	0.0425650422	-0.2130142727	-0.0710256739	-0.0267059757	0.0567232283	-0.1099017489	-0.0167788309	0.120625998	0.0429656788	0.0603983366	-0.0054111302	-0.0187651482	0.0108026292	0.001951963	-0.0479709778	-0.0632271822	0.0897498017	-0.1035842536	-0.081450693	0.0176463018	-0.0377949695	0.0036330207	-0.0270550456	0.1315425856	-0.0267547421	-0.0052979435	-0.0897207079	-0.0743831719	0.0702998409	0.0086555428	0.0655501959	0.1132799884	-0.1287552968	0.0127711758	0.0316697913	-0.0545260415	-0.0407905942	-0.0952736805	-0.0720019857	0.0922676889	-0.0270744248	0.0057679858	0.0996954085	0.0465477376	0.1035865435	-0.0421943383	-0.0122008862	0.0508174485	0.0470314958	0.0575938907	0.124775285	0.0810356745	-0.0661688247	-0.0298473394	0.1181059752	0.0624125905	0.0128213944	0.0525077566	0.0009363085	0.034666008	0.098326765	0.1774743743	0.029001679	-0.1013372972	-0.0797358525	0.0	0.0609951912451123	0.0026269608305825	0.0037204133550278	6.900923205414715e-06	0.0402653958456937	-0.0088600835766784	7.850108098572638e-05	0.0016213021026104	-0.0455271110850361	0.0138569010022138	0.0001920137053851	0.0020727178437492	-0.0004279758518259	0.0003159786557496	1.8316332974610472e-07	9.984251088932423e-08	0.0005980171801394	0.0001039485268756	1.0805296239628114e-08	3.576245477418796e-07	-7.987207330159622e-05	0.0001049441425598	1.1013273057612417e-08	6.37954809349556e-09	0.0
544.1968266563033	-1.0290564151223407	1.058957105504443	296150.1861427906	589.0194569280592	-0.7600889044292671	0.5777351426364836	346943.9206398257	512.8805751946136	0.4633256024076218	263046.4844119577	0.2146706138463856	511.4457445594029	457.7556783902227	0.997081	17.172636	0.0579088375902822	0.0402017942630393	0.0551292852	-0.0348716819	0.1255105569	0.1750698557	-0.0381613128	0.0003036425	-0.1216097639	-0.0359942352	0.0332908018	-0.1091990365	-0.0990090007	-0.0478009476	0.0311252724	0.0452767536	0.0145498287	-0.0657604857	0.0671411505	-0.0332513015	0.1028308125	0.0817266398	-0.0899494809	0.0035823731	0.0484325347	0.1500780488	-0.1089088189	-0.1145599704	0.0012855285	0.0032913556	-0.1162387323	-0.0902316629	0.0188235997	-0.1304224906	0.0292045376	0.0309169257	-0.0350623541	0.0417505912	0.0044161648	-0.1399272498	-0.0061264616	-0.0422539041	0.028632621	-0.1074645065	0.0726448676	-0.0200081027	-0.0059406821	-0.1645612931	0.1578993753	-0.2018265948	-0.0910953525	-0.0323189733	0.1007900951	0.081536376	-0.0143820772	0.1165082829	0.0237287414	0.0940313932	0.0356927535	-0.1065474138	-0.0484205468	0.0246855261	0.0821458243	-0.0969038706	-0.1475973994	-0.034761095	-0.0529124734	0.1338130483	0.0120355288	-0.0284791979	0.0522997678	0.0429411631	0.0308738565	0.0355083807	0.0450330408	-0.032468716	0.0488172032	0.0760433969	-0.1709865381	0.0116705866	0.0286560682	0.0528504286	0.0772273969	-0.0128679488	-0.0808410522	-0.0242080252	0.0221613044	0.1641878436	0.0768913811	-0.0534732479	-0.0080529169	0.0398158405	-0.0958818778	-0.0958758386	0.035323279	0.0799155901	0.0371893728	0.0042411745	0.2052438271	0.0134372093	-0.0449012411	0.2120277089	-0.0170514928	-0.0059724394	-0.0017441802	0.0390655589	0.0588248135	-0.0396278036	0.0444181606	-0.0763019391	-0.0282327563	-0.0664432598	-0.0177602536	0.0266303944	-0.1036145805	-0.0742632484	0.0	0.0577341582783645	-0.0032610329667478	0.0033332330321112	1.0634336010215982e-05	0.0543953639154608	0.0141299680697671	0.0001996559976526	0.0029588556154954	-0.0452451297928888	0.0002819812921473	7.951344912106096e-08	0.0020471217699753	-0.0011030008533225	-0.0006750250014965	1.216610882430163e-06	4.5565875264548486e-07	0.0005489997343282	-4.901744581119996e-05	2.4027099938539247e-09	3.014007082924342e-07	8.025846230048971e-07	8.067465792460112e-05	6.508400431251406e-09	6.441420770839128e-13	0.0
543.953024531251	-0.2438021250522979	0.0594394761800163	295884.89289669576	589.55231068498	0.5328537569207583	0.2839331262645665	347571.9270339991	512.9392264853907	0.0586512907771066	263106.6500674309	0.0034399739098207	511.3052397057232	455.4285722328148	1.059834	18.253437	0.0656045580952192	0.0334630471202259	-0.0796705633	0.114158986	0.0568350501	0.1493033783	0.0235510045	0.1052008252	0.0529043424	-0.0136026435	0.1848247434	0.0600390805	-0.0704894391	0.0207735315	-0.0362211839	-0.070768434	0.0548074655	0.0232795529	0.0116321984	0.0407359721	0.2106330949	-0.0040532337	0.0114285888	-0.0333066585	-0.025770401	0.0449751851	0.0043005094	-0.04327844	0.0968363264	-0.1745170656	-0.0364153224	0.0083899307	0.0008583688	0.0235738577	-0.0227341085	-0.0218618653	-0.0454179354	-0.0545120518	0.0438803858	0.0009227179	-0.0772027608	0.0209486353	0.0404125513	-0.1517908531	0.0765224992	-0.0382713912	0.0589624134	0.0981214991	0.1827057681	0.0394047769	0.0583027992	0.0076887446	0.0907299988	0.0447799976	-0.0195017519	-0.030617638	0.2001508491	-0.0358845974	-0.1165985596	0.0143214841	-0.1667195628	-0.0789024948	0.0248673021	-0.0234653848	-0.0147373405	-0.0082422929	-0.0251169444	0.0358117133	0.0134192749	-0.0877181503	-0.0232907084	-0.0519008819	-0.0397836499	-0.0099672961	0.0562908038	0.038033078	0.0333393745	0.1003121708	0.1476851697	0.0829313882	0.0562466426	0.0632626198	0.0981700252	-0.0227948527	-0.0005850683	0.066403019	0.0064800337	0.0945356052	-0.0935009839	0.0401618034	-0.0580400911	0.1203371794	-0.0441419784	0.0411757293	0.0151758837	-0.0189914999	0.0126523927	-0.0017320614	0.1795359646	-0.0614873908	0.1562046685	0.0014136616	0.0831269393	-0.0308137199	0.0404064488	-0.0331268972	0.0625243585	0.0164901917	0.0092684052	-0.0202973747	-0.0675945549	0.0003279467	-0.0131864537	0.0242472716	-0.1057076408	-0.0684936154	0.0	0.0526887712267978	-0.0050453870515667	0.0027761066133898	2.545593050011693e-05	0.0600859037278525	0.0056905398123916	3.238224335641493e-05	0.0036103158267927	-0.0679133599346215	-0.0226682301417327	0.0005138486577585	0.0046122244576094	-0.0007440004882645	0.0003590003650579	5.535367265378144e-07	1.2888126211177722e-07	0.0008339996322865	0.0002849998979583	8.122494183624144e-08	6.955553866540173e-07	8.103433972674501e-07	7.758774262553014e-09	6.019857805725506e-17	6.566564214949524e-13	0.0
545.1639071114325	1.2108825801815328	1.4662366229870862	297203.68561700266	589.5937068098682	0.0413961248882515	0.0017136391557637	347620.73910980084	513.657958314619	0.718731829228318	263844.4981399429	0.5165754423458842	512.6769804163961	464.558626566586	0.999866	17.220608	0.0363550903447751	0.019057741615232	0.0467324287	0.1128744695	-0.0852797467	0.0084089535	0.1144719784	-0.0450246573	0.1095462219	0.0413403185	0.0459949465	0.1023103225	-0.0593047093	-0.1340179588	-0.0675446282	-0.0889444999	0.0629719029	0.0229463469	0.0439780146	0.0388539815	0.1141740714	-0.0026563218	0.0492414963	0.0664156233	0.0488705242	-0.1637082433	0.0536499116	0.1008687839	-0.0578672947	0.106104924	0.0063447931	0.0495064243	-0.1332342272	-0.1003310374	0.0247307087	-0.0313906117	-0.0225582618	0.0774600654	-0.0133408986	-0.079762378	0.0594388669	-0.0246269609	0.131933601	-0.0022618304	-0.0205859199	0.0106444214	-0.1249810076	-0.0429304906	0.1368555478	-0.03120847	0.1702133303	-0.0558580088	-0.1356942866	-0.1510497101	0.0663841968	-0.053602204	0.0454900385	0.0628157531	0.0105381121	0.1080700489	-0.1105665904	-0.1119559612	-0.0307005063	0.1236790372	-0.0694483875	0.0071284582	0.0384844692	-0.0363991934	-0.0132992367	0.0638359317	0.0307419506	0.0472087863	0.0001469033	0.0463069163	0.0359177617	0.0970770783	0.1192458784	-0.0234347557	-0.0430394997	-0.1324667069	0.1395295	0.0645169797	-0.1055180632	-0.0090640171	-0.1133136856	-0.0302899117	-0.0352138594	0.0918204191	-0.0688296842	0.066542425	-0.0099724746	0.1753012359	0.0605391534	0.0106370853	0.0988311696	0.0589186838	-0.0203773818	-0.1043572351	0.0583182994	0.0878748227	-0.0507109639	-0.0080867068	0.0077703658	-0.0106050358	-0.0041529114	-0.0427231745	0.0538203686	-0.1143473208	-0.1020759129	0.0508611836	-0.007783845	-0.0107844245	0.0158304009	0.0218533699	-0.1076127567	-0.06245003	0.0	0.0600270649764667	0.0073382937496688	0.0036032485296889	5.385055515642963e-05	0.0650774332707015	0.004991529542849	2.491536717713445e-05	0.0042350723211026	-0.0542169142078989	0.0136964457267226	0.000187592625545	0.0029394737862266	-0.000744000258634	2.296304999448162e-10	5.535363848474589e-07	5.273016650490624e-20	0.0006279998935445	-0.000205999738742	4.243589236177229e-08	3.943838662919033e-07	2.338852590737652e-07	-5.764581381936849e-07	3.323039850897295e-13	5.4702314412002275e-14	0.0
546.0375750816077	0.87366797017512	0.7632957221099144	298157.0334010023	591.0330890073615	1.4393821974932737	2.071821110460565	349320.11230158363	513.7630759377516	0.105117623132628	263952.49819702	0.0110497146930532	512.877844938641	465.1451209009391	1.024935	17.652367	0.0419205503359408	0.0254971213751213	0.1137552858	-0.035988937	-0.0113902544	0.0070747148	-0.0224478015	-0.0738747832	-0.0100078597	0.0121475362	-0.0030980379	0.0343697275	0.0300367305	0.0291741125	0.1781993283	0.0136353661	0.0216163802	-0.0554200227	-0.0409245722	-0.1358876998	-0.0874554736	0.0682823875	0.0730150469	0.0440532876	-0.0212765448	0.0475505498	0.04963484	-0.0131701504	-0.0042637398	0.0674005956	0.1581161392	0.0774415231	-0.0366821347	-0.1336526736	-0.0958812817	-0.041181856	-0.1175748058	0.0006785883	0.077896061	0.0161674108	-0.0162821139	-0.001194879	-0.0040484314	-0.049826554	0.0770168021	-0.0027672979	-0.1594463471	0.0575218206	0.0286256014	-0.1317885903	0.1495266274	-0.1259378461	0.1097255101	-0.0167082206	-0.1059351972	0.1101440316	-0.0269175679	0.1358348042	0.1096167391	0.0337871425	-0.0253716197	0.0649503991	-0.0839712525	-0.0196381714	0.0076731748	0.1060556595	0.0354019265	0.0168059604	-0.0263231345	-0.0905090505	0.1247188465	-0.1082936536	-0.0351969957	-0.1056196013	-0.007519937	0.078701972	0.122304183	-0.0319493952	0.0900101102	-0.0687145255	0.0225760214	0.0330523878	-0.0486349368	-0.1011097248	0.0215357461	0.0517851747	0.0349053832	0.0328189715	-0.0083792152	-0.0596956768	0.1264084351	0.0303031725	0.0206774325	0.0306022374	-0.0824710246	0.1298359001	-0.0237448331	-0.0657557824	-0.0125127295	-0.0036944997	0.1063757828	0.0221441426	-0.019409191	-0.0951502747	0.0429716545	-0.0087328369	0.0497122783	-0.0824457852	-0.0713466178	-0.0197956672	-0.0307426823	-0.0965003906	-0.1131978842	0.0194497534	-0.1093265412	-0.0561566646	0.0	0.0616340182282328	0.0016069532517661	0.0037987522029581	2.58229875336165e-06	0.0430745078052581	-0.0220029254654434	0.0004841287290378	0.0018554132226652	-0.0484570558188863	0.0057598583890125	3.317596866147882e-05	0.0023480862586346	-0.0006854431650627	5.85570935713e-05	4.698323325311719e-07	3.428933207517984e-09	0.0006195624481464	-8.43744539809994e-06	7.119048484591785e-11	3.838576271531606e-07	-0.0001837878403659	-0.0001840217256249	3.386399550199313e-08	3.3777970266361544e-08	0.0
545.0311576689074	-1.006417412700216	1.0128760085861972	297058.96282990946	587.9995931690022	-3.033495838359272	9.202097001343024	345743.52156691207	513.0469459941369	-0.7161299436147601	263217.1687939108	0.5128420961416795	510.8141523364535	458.23524662011454	1.075488	18.523041	0.058713757270458	0.0300683392214326	-0.0031159484	-0.1008873103	0.0980232673	-0.0351502745	0.1773891845	0.0193287619	-0.1062673552	-0.0777551645	-0.0300243976	0.0769911858	0.0698871517	-0.0626605252	-0.1257786385	-0.0717576433	0.0997717713	0.0498233394	0.0040962101	0.0258486854	-0.01164616	0.1150951321	-0.0752776761	-0.0545722428	0.0289353013	0.0109248737	0.0145949945	-0.1119683552	-0.0660495702	0.0400824043	0.1054728366	0.1072240708	-0.0116225416	-0.038935622	-0.041074547	0.0767353203	0.027263512	0.0196934386	0.0012156889	0.1257882574	-0.0411479079	0.0572901221	0.0017490829	0.0963078497	-0.0571944275	-0.0150369702	-0.0388939316	0.1099201439	0.0233235721	0.0360023879	-0.0548613865	0.0216952712	0.0265896348	0.0720327669	-0.0087617682	-0.1631165632	0.000183674	-0.0523145349	0.0217695588	-0.1361684162	0.0620575293	-0.1319051957	0.0092598626	0.015960417	-0.0673903163	0.1175959059	-0.0457267441	-0.055439547	-0.0636652897	-0.1222963187	-0.0727371042	-0.0354568174	0.039623831	-0.0248144663	0.0277845578	0.0283684072	-0.1381165768	0.0193338408	0.0189797207	0.0034884227	0.0190980019	-0.14030505	-0.0728987555	-0.0561926317	0.1124191498	0.0067465686	-0.1046326013	-0.0538683182	0.0302339076	-0.1208693953	-0.0450096895	-0.0742838556	-0.0454479897	0.0429866364	-0.0068707601	0.0564942353	0.0110420132	0.0112401875	0.1586188564	0.1004596949	-0.0624319536	-0.1021833831	-0.0195821513	-0.0849265485	-0.004270963	-0.0508531695	0.0554730036	-0.1140977684	-0.1406710863	0.0338474642	0.0110083942	-0.0292260448	0.0139528994	0.0170374908	-0.110845947	-0.0496386907	0.0	0.0636910286622054	0.0020570104339725	0.0040565471320498	4.231291925472139e-06	0.0204181565849523	-0.0226563512203058	0.0005133102506178	0.0004169011183276	-0.0663020354242718	-0.0178449796053854	0.0003184432971166	0.0043959599014013	-0.0007440002490189	-5.8557083956199945e-05	5.535363705401852e-07	3.4289320814534492e-09	0.000538999741203	-8.056270694340004e-05	6.490349750048156e-09	2.9052072101690096e-07	2.006889503829135e-07	0.0001839885293162	3.38517789199687e-08	4.0276054805795525e-14	0.0
545.5047213024721	0.4735636335647086	0.2242625150350096	297575.4009632878	587.5023422079571	-0.497250961045097	0.2472585182602726	345159.00209983555	513.6321499948283	0.5852040006914194	263817.9855083098	0.3424637224252428	511.4309978385246	460.6317879321778	1.153796	19.871729	0.0920811993021075	0.070544917626488	-0.1024457092	0.0475900162	-0.062637321	0.1168076295	0.1018992992	0.1060223416	0.0610444232	-0.0555428278	0.0990764091	-0.106642373	0.0844796911	-0.1144034598	0.0389765956	0.0071321163	0.1077806584	0.0946899644	-0.1418613313	-0.0898218231	0.047517307	-0.0694192587	-0.1140196795	-0.1324428544	-0.0503435892	-0.116391202	0.0417763672	-0.0257357589	-0.0825348945	-0.0202526456	-0.0763216305	-0.0887367905	-0.0737009723	-0.0448654995	0.0624016184	0.126824592	-0.032524318	0.037251926	0.0053008727	-0.0453027828	-0.0194081027	-0.0196860313	-0.1506091981	0.0118113555	0.0673630336	-0.0748921527	-0.1185342965	-0.0114836071	0.0146684622	-0.0619324574	-0.0975698	-0.0749318961	0.0117212273	-0.0774218328	-0.0427612622	-0.0895709137	-0.0490305818	0.1435899083	-0.1172903102	0.0445982021	0.0359215937	-0.0765311465	0.24044308	0.0270148833	0.1498046668	0.0785954207	0.0325934571	0.0645097906	0.0463978004	0.012247544	-0.046128704	-0.0027985091	0.076689786	-0.1301259359	0.0411372339	-0.0158841994	0.0932984376	0.0171854527	-0.1203499641	-0.0733984872	-0.1558679825	-0.0563581647	-0.1251608098	-0.019875588	-0.0562825457	0.0769311965	-0.0446999707	0.1470086254	0.122953146	0.075849839	0.0232212078	-0.051178967	-0.1526088383	0.0286998993	-0.0400740077	-0.0606979304	-0.1502607393	-0.0439543826	0.0289497397	-0.0941851314	-0.0366281024	0.1235900982	0.0530535198	-0.0435214979	0.1542930534	-0.0313034066	0.0635551509	-0.0740098142	-0.067651406	-0.0211997328	-0.0235863207	0.047080334	-0.0628390835	0.0146176544	-0.1121682727	-0.0429221782	0.0	0.0677266628415509	0.0040356341793455	0.0045869008596531	1.6286343229501684e-05	0.086203738872868	0.0657855822879157	0.0043277428369601	0.0074310845956616	-0.0644238336448097	0.001878201779462	3.527641924374554e-06	0.0041504303414941	-0.0010520009280141	-0.0003080006789952	1.1067059525425277e-06	9.486441826150425e-08	0.0006379999031429	9.90001619399e-05	9.801032064126422e-09	4.0704387641034977e-07	8.354691229672806e-07	6.347801725843671e-07	4.0294586750623894e-13	6.98008655431717e-13	0.0
547.2384193860833	1.7336980836111024	3.0057090451168094	299469.8876521788	591.5829446113715	4.080602403414446	16.65131597475175	349970.3803550611	513.4198811218029	-0.2122688730254367	263599.9743311262	0.0450580744554889	512.7276405148065	470.0688057391592	1.230713	21.196472	0.0740021890612934	0.0522312784778079	0.0892059483	-0.0897138378	-0.1391318143	-0.0962626031	0.1187827829	-0.1132851634	-0.0420306902	0.0838499482	-0.0837721139	0.0402460663	0.0108849187	-0.0358079536	-9.94245e-05	-0.107120983	0.1104046033	0.0952804773	-0.1353737461	-0.1124014261	-0.1002843597	0.1120344317	-0.07716315	-0.0022164908	-0.0205214604	-0.0415603006	-0.1103012417	-0.1142993555	-0.1200887584	0.1054947347	0.0788798924	-0.0313296264	-0.0484055432	-0.0767854918	0.0276426824	-0.0258885203	-0.0016321803	-0.0823517772	-0.0048567799	-0.008862554	0.1260960129	0.0266767177	0.0227223481	-0.0023480876	0.0925785994	0.0291337393	0.0185836653	-0.173925552	-0.0190762592	0.1180451813	0.135104808	0.0351117086	-0.039271247	-0.0469340499	0.0124096162	0.077069805	0.0177886479	-0.0260895351	0.1374662272	0.0100386881	0.0562069572	0.0008513169	0.0287665704	0.1184068176	0.070848111	0.0427153784	-0.0863510105	-0.0043246904	0.014798709	-0.1415424309	0.0499563376	-0.1435124944	-0.0047694952	0.0963664965	-0.0294638659	-0.1000226299	0.0148628452	-0.0150012625	-0.0731819601	-0.1980691199	0.053847549	0.0465597947	-0.0269869318	-0.055910248	0.0174079311	0.0215329726	-0.0545315949	-0.0088130486	-0.0082107726	-0.081234171	0.0824997281	-0.0815471383	-0.0117076386	0.1306372771	0.0008388952	-0.0157105919	-0.0623078047	-0.1836084869	0.0464690084	0.0589710374	0.0384984498	-0.0749620558	-0.012015202	-0.0585267688	0.0090217483	0.0686208918	-0.0400808902	-0.0345360808	0.0413531362	-0.127004493	-0.0936549817	0.0087039648	0.0246498592	0.0121913197	-0.1132911674	-0.0360339907	0.0	0.0679235032044403	0.0001968403628893	0.0046136022875636	3.874612846242631e-08	0.0395659177746239	-0.0466378210982441	0.0021750863567918	0.0015654618493482	-0.0827392605438746	-0.0183154268990648	0.0003354548624949	0.0068457852353471	-0.0008940004337657	0.0001580004942484	7.992367755732596e-07	2.49641561827387e-08	0.0006569995690426	1.8999665899699977e-05	3.6098730430022206e-10	4.316484337221621e-07	7.936152491658135e-07	-4.185387380146706e-08	1.751746752189131e-15	6.298251637085163e-13	0.0
546.7255937540594	-0.5128256320238052	0.2629901288606152	298908.87486572884	588.9121071766999	-2.670837434671625	7.133372602443309	346817.4699793009	513.4982411333623	0.0783600115594254	263680.4436470567	0.0061402914115932	511.6115818323265	464.92168401835954	1.0833	18.657593	0.0624559426569591	0.0354401345728585	-0.0311766933	-0.1953864304	-0.0314053263	0.1413083793	0.0563948903	0.0198143942	-0.1693446188	0.0389540264	0.040518202	-0.1401763865	0.0104076382	-0.1283672261	-0.1089360187	-0.0646163364	-0.0660486141	-0.063210058	-0.183489128	-0.0756921709	0.0811552004	0.0461892917	-0.1088085135	-0.0565928631	-0.0019182136	0.128047765	-0.0500317954	-0.0692147721	-0.0294693194	-0.1709182316	-0.0421725244	0.0429694427	0.0250742172	0.0415032849	0.2080442865	-0.0669431625	-0.1059359901	0.1635745798	0.0203609896	-0.0076795122	0.0252255673	0.0586363092	0.0936749391	0.0466807185	0.0621979143	0.1093940915	-0.1100790516	0.0557476558	-0.0856589753	-0.0880696819	-0.117643292	0.0493589323	-0.0388005656	-0.0979331139	3.22605e-05	-0.0225042465	0.0193825921	0.0072254509	0.0151879268	-0.1491783796	-0.0581320209	0.0245189257	0.1697145734	0.0103523145	-0.022976913	0.0911447366	-0.1038142278	-0.0167315436	-0.0362801058	-0.0436949208	0.1586768786	0.0595859545	-0.1181473229	0.0159246234	0.1240532492	0.0878855072	-0.049200787	0.0565406447	-0.1324201329	-0.0319554873	-0.1078176657	0.0647505767	0.0805664527	0.002111059	-0.0578272263	-0.0215342361	-0.1229290361	0.0380399022	-0.0171305961	-0.067243995	-0.0049390276	0.0136856271	-0.1540490083	-0.1309237833	-0.0469000791	0.0240327575	-0.0924387931	-0.0758208646	0.0502005506	-0.0069326747	-0.1111270426	0.0365211237	-0.0331114325	-0.0399269176	-0.0485441518	-0.0233566091	0.0152642963	0.0328494474	-0.027913057	-0.0340354991	-0.071345929	-0.0199875688	0.0944597317	0.0097595656	-0.1142126345	-0.029001679	0.0	0.0691026683653035	0.0011791651608632	0.0047751787752051	1.3904304765935542e-06	0.0660032823740266	0.0264373645994027	0.0006989342469617	0.0043564332841454	-0.0621989253397146	0.0205403352041599	0.0004219053702992	0.0038687063134153	-0.0008859214516542	8.078982111499994e-06	7.848568185010849e-07	6.526995195793689e-11	0.0006311109206522	-2.588864839039992e-05	6.702221154817561e-10	3.983009941664675e-07	-0.0002512203080996	-0.0002520139233487	6.351101756163761e-08	6.311164320165797e-08	0.0
545.8311218066032	-0.8944719474562817	0.8000800647862332	297931.6135326549	588.2753364918595	-0.6367706848403714	0.4054769050720755	346067.87152461056	513.2042032198142	-0.2940379135480953	263378.5542024843	0.0864582946037171	511.6093326921446	465.77842809202673	1.10813	19.085224	0.0743503647857723	0.038491646384509	-0.1388650847	-0.0597811129	-0.1135049415	0.0709377418	-0.0179909343	0.1182251477	-0.0183768041	0.0891080188	0.1158691744	0.0937613078	-0.0868035383	0.0541186507	-0.1066717	0.0106996593	0.027163312	0.0879033825	0.0322328697	-0.0069839777	0.1474284862	-0.0686838796	0.0733421311	-0.0088229253	0.072798445	0.0406096893	-0.0313338169	-0.1151679431	-0.0145251576	0.0119666838	0.0058764161	0.0066949246	0.0031668732	-0.0325576885	-0.0641887434	0.0580736718	0.0220807654	-0.0495029584	0.163339243	0.0077863521	-0.0278584102	0.0057962141	-0.0875433038	-0.0707688795	0.1610640496	-0.0491351364	-0.0411325077	-0.1439081542	-0.1157924684	-0.0085756857	-0.014380235	-0.041384657	-0.0511888638	-0.1059630855	-0.0155252353	-0.0917209291	-0.1191480413	-0.014805059	-0.1246313879	-0.0303651394	-0.1665047065	0.0373463473	-0.0771462715	0.039452907	0.0022803179	0.0080053664	-0.1194398742	0.0064433284	0.0472238335	-0.1314041559	0.042349168	-0.1401033794	0.0719603072	0.0179340754	0.0350269081	-0.080042294	-0.0656959218	0.0032181395	0.1399702348	-0.0364005534	-0.1102435851	-0.0314318291	-0.0326741859	-0.0525484163	-0.0690409578	-0.0569840015	-0.0187225696	0.0174844752	0.1142801696	0.0124440153	-0.1393553024	0.1009746926	-0.0337848808	0.0985291349	-0.0370134029	-0.0911782452	0.056474537	-0.1079438448	0.0680967184	-0.0724305815	0.0622841939	-0.0740335046	0.0198373505	-0.0980953249	-0.064173772	0.0633403879	-0.0067044536	0.0115852661	0.0084093716	-0.1272576555	-0.0625466958	0.0011629578	-0.0147723647	0.0073234729	-0.1149310357	-0.0218533699	0.0	0.0673007170501307	-0.0018019513151728	0.0045293865154617	3.247028542252986e-06	0.0545938110937669	-0.0114094712802596	0.000130176034895	0.0029804842097419	-0.0934958512040111	-0.0312969258642965	0.0009794975685552	0.0087414741923625	-0.0007440004882645	0.0001419209633896	5.535367265378144e-07	2.014155984946056e-08	0.0008339996322865	0.0002028887116343	4.1163829308626154e-08	6.955553866540173e-07	8.103433972674501e-07	0.0002520306514968	6.351944929393547e-08	6.566564214949524e-13	0.0
546.1726462551561	0.3415244485529456	0.1166389489593936	298304.5595173599	590.4700318352651	2.194695343405556	4.81668765036603	348654.858495539	513.2610871118444	0.0568838920302141	263436.94354323234	0.003235777172505	512.8114231435833	468.0851921883967	1.031074	17.758108	0.1058221059177934	0.0706553056005674	0.0013111579	0.0220249306	-0.1618389146	0.0330595971	0.0790849393	-0.0067034177	0.0461028581	0.097285935	0.0173813283	0.0726057685	-0.026873444	-0.0504395898	0.0394287445	-0.0632921244	0.0093925994	0.0198834475	0.0770636069	-0.0762410473	0.0217653652	0.0306887365	0.1888907473	-0.0033743863	-0.0648175564	0.06202549	0.0043665859	-0.0174534072	0.0112672971	0.0168614479	0.0986981742	0.0456013783	-0.0749260666	-0.0790450933	0.0417645967	-0.09362682	0.0145043117	0.0549564482	0.0392632843	-0.0491502642	-0.1022786263	-0.0303945515	0.0694060258	-0.0183222781	0.1587673622	-0.075674312	0.1110258219	0.1420577761	-0.095823399	0.0571897089	-0.0157875003	-0.0032627818	0.0480777352	-0.0884450695	0.0526434802	-0.1144529035	0.0807521216	0.05275461	-0.0089722848	0.1034930157	-0.0751192197	0.0541721625	-0.1208252736	0.0166084118	-0.0498350138	0.1677664005	-0.1005617598	0.0259664848	-0.0015593054	-0.063169264	0.1271427513	0.0692534081	0.0194071121	-0.088062783	0.0326355189	0.1225309322	-0.0919234165	-0.0348710548	0.0465008982	-0.0505899112	0.0036836861	0.0044561427	-0.0507120073	0.0388155368	-0.0636933309	-0.0636434782	-0.1164488056	-0.0494022806	0.0554569455	0.1447830476	-0.0279078061	0.0743630771	0.0328849621	-0.0204643511	-0.0339414839	0.1609522708	-0.0669691157	-0.1172211693	-0.0661946841	-0.0030393329	-0.116026684	-0.068071252	-0.0093358941	-0.1004651969	-0.0669404138	-0.0492282236	0.0245166823	0.0030168191	-0.0313852474	-0.0389772402	-0.1227144029	0.047742527	0.0282049244	0.0048841247	-0.1154450938	-0.0146176544	0.0	0.0651939250749791	-0.0021067919751515	0.0042502478666819	4.438572426563159e-06	0.1206174472788461	0.0660236361850792	0.0043591205350996	0.0145485685880652	-0.0786459477461818	0.0148499034578293	0.0002205196327068	0.0061851850968951	-0.0009529461567207	-0.0002089456684562	9.081063776087528e-07	4.3658292366608254e-08	0.0007340704287528	-9.99292035337e-05	9.985845718879641e-09	5.388593943693197e-07	-0.0001471502706075	-0.0001479606140047	2.1892343296667786e-08	2.1653202139860482e-08	0.0
547.0288324356478	0.8561861804917044	0.7330547756649733	299240.54351590807	593.2678780798185	2.797846244553398	7.827943608161552	351966.7751613304	513.7009486132906	0.4398615014462166	263888.66460619465	0.19347814045452	513.6688841575103	470.93314688273387	1.025232	17.657482	0.1331621801075543	0.0913469594668387	0.0508394366	-0.1243921782	-0.0823967485	0.0528940451	0.0599185715	-0.0694795963	-0.0719161901	0.0285782817	0.1126870626	0.0429818162	0.0402385858	0.0739348932	0.1293839897	0.0473448662	0.0586210898	0.0275468388	0.0403001947	-0.0068068273	-0.0820541264	0.0557437636	0.070098027	0.089679038	0.0453335215	0.0878161424	0.0556972718	0.0579242422	-0.2202902852	-0.1106839791	0.1119528341	0.1274575688	0.0115244817	-0.005303491	-0.0255939226	0.1036399439	0.0298589607	-0.0540467892	-0.0691598719	-0.0404782401	0.0089976473	-0.1029197108	0.1876447161	0.1329861873	-0.1404196423	0.0457057354	-0.1059827321	-0.0315900786	0.0415236996	0.0559145048	-0.0348693966	-0.0713463142	0.0368420709	-0.1572173732	-0.2211375388	0.0236744511	0.0112923362	0.0390656425	0.0992993057	-0.0569742167	-0.0739106842	0.0768278633	-0.0936857525	-0.0329973451	0.1760012155	0.003826023	0.0100827435	0.0367767616	-0.1000223363	-0.0328043465	0.0223219415	-0.0115666019	0.1013867077	0.0687934768	-0.0201921924	-0.0947379139	-0.0058965108	-0.0681021317	-0.0342218133	0.0149053644	-0.0470714062	0.072709576	-0.2218945105	0.1701034639	-0.0349558038	-0.0346776804	0.1052402597	-0.0145861861	0.0847511641	-0.1067354005	0.0379250653	0.1303306837	0.0072200812	0.0411192306	-0.0779786253	0.0377516475	0.0314489346	-0.1632002362	-0.0829599838	-0.1531512049	-0.0227492523	-0.0094585135	-0.0820626948	0.0196801902	0.0636491827	-0.049311398	-0.1586518181	-0.1196402488	-0.0542627973	-0.0416784366	-0.0135685327	-0.0233758842	0.0630112923	0.0024426053	-0.1157538946	-0.0073234729	0.0	0.0723159931607142	0.007122068085735	0.0052296028668204	5.072385381784636e-05	0.0369013340551163	-0.0837161132237298	0.0070083876132883	0.0013617084550472	-0.0787054607797017	-5.951303351989234e-05	3.5418011587398293e-09	0.0061945495565451	-0.000521999502311	0.0004309466544097	2.724834804129317e-07	1.857150189469134e-07	0.0004669996306527	-0.0002670707981001	7.132681119782443e-08	2.180886550297582e-07	1.2199217409018153e-07	0.0001472722627815	2.1689119384809756e-08	1.4882090539249157e-14	0.0
548.0272723179031	0.9984398822552976	0.9968821984779724	300333.89120420115	589.7598820702505	-3.5079960095680462	12.306036003145335	347816.71849951573	513.7831181824662	0.0821695691755621	263973.09252929804	0.0067518380984974	512.2829420678903	466.654275534348	1.144562	19.7127	0.0809820294338666	0.0590851159799482	-0.1417167355	-0.1664182431	-0.0662200342	-0.0438054002	0.1510763384	0.123925352	-0.1003447899	0.0774672141	-0.0109775858	0.1359203314	0.2294223929	0.0329821042	-0.0415017297	0.0104682258	-0.1152352985	-0.1662454834	0.0997814982	-0.0076990615	-0.0058517583	-0.0749088439	0.0703536269	-0.1064393189	0.1466266976	0.0264988642	-0.0132401217	0.0124050858	-0.1656629599	-0.1008178276	0.0162652658	0.0021702364	-0.1063999341	0.0444158706	0.0971305816	0.0438647662	-0.0794639185	0.0113153383	0.0379424888	-0.0132967384	-0.0209811633	-0.0321498224	0.1421910422	-0.0635536885	0.0309569086	-0.0492308122	0.0251255415	0.031754402	-0.0802171015	0.0168208089	0.0746949261	-0.0635513142	-0.0800412832	0.0873315034	0.1409075465	0.1013127719	-0.1061158496	0.0211238605	-0.0870326937	-0.142418803	0.0368034301	0.0340074554	-0.0919366789	0.1548052939	0.1689919247	0.0969150628	-0.0160980397	-0.0065930643	-0.0467456979	0.0487816905	0.1425645091	0.0793714264	0.0040248039	-0.1385543203	-0.0134942566	0.0938244341	-0.1404396672	-0.0671580229	0.0004746073	0.1190692071	0.1011184435	0.0556655525	0.1207103794	-0.0637269443	0.0053055326	-0.0248483258	-0.0492483267	0.063741267	0.0851270679	-0.0436058539	-0.1605744857	-0.0324176494	-0.0825145215	0.0030324404	-0.0874063759	0.079356582	-0.1146607678	-0.135433298	-0.067068128	0.000753317	0.0106159579	-0.1851373278	0.0270908584	0.0268586548	-0.0397693135	0.0210219395	-0.0604417134	-0.1672227437	-0.0866418191	0.0135963899	0.0052647468	0.052617653	0.1759108208	0.0	-0.1158568893	-0.0	0.0	0.0698426184241185	-0.0024733747365957	0.004877991348337	6.117582587629856e-06	0.0884766514125203	0.051575317357404	0.0026600133605169	0.0078281178451726	-0.0785127140208743	0.0001927467588273	3.715131303846687e-08	0.0061642462629235	-0.0009149674660193	-0.0003929679637083	8.371654638737789e-07	1.5442382050104782e-07	0.0004660645568601	-9.350737925999912e-07	8.743629976073311e-13	2.172161711612014e-07	-0.0001407867819458	-0.0001409087741198	1.9855282623970237e-08	1.9820917970654235e-08	0.0
546.9975143790421	-1.029757938861053	1.060401412647364	299206.28073685034	588.5798248840591	-1.180057186191334	1.3925349626818089	346426.2102605497	514.1466374870475	0.3635193045813594	264346.7648392375	0.1321462848033151	511.877331033011	466.39954976764864	1.067549	18.386299	0.0347913107362239	0.0203715855507675	-0.1461226857	-0.1028054921	-0.1122730159	-0.0214638985	-0.1067833483	0.1570136425	-0.0462036323	0.1808346644	-0.122380872	-0.0649555848	0.0141223321	0.0651954292	0.0748922367	0.0016326307	-0.0148365197	-0.0121892172	-0.0990030629	0.0112615832	-0.0374922771	-0.1070099699	-0.0645240984	0.0144366277	-0.0411001565	0.2473552738	-0.027613067	0.0528791073	-0.1533653272	0.1543571024	0.0589477318	-0.0444118386	-0.1021006318	-0.0410555631	0.0414052467	0.0315759059	0.1606400192	0.1064719405	0.088847413	0.0161646193	0.0313948484	-0.1028260124	-0.1432795259	0.0248885323	-0.0220928196	-0.2005409433	0.0226614984	0.0295651671	-0.0768597312	0.0296771767	0.072948012	0.0059499302	-0.0087967544	0.1032788238	-0.0421050231	0.0683825146	-0.0610274488	0.0714944753	-0.1114280424	-0.0239934869	0.0489122464	0.1958123107	0.0575544884	0.0959157397	-0.0517354178	0.0793157464	0.0755422844	0.0353417882	-0.0586665835	-0.1790063261	0.0260387999	0.1239178625	0.0248449981	0.0869760776	0.0042823392	-0.131778731	0.0047683533	-0.131854064	-0.0181874279	0.0611868987	0.1022513319	-0.0884134882	-0.0849883925	-0.0784219876	0.0207643667	0.0701358722	-0.1428182221	-0.0382320039	-0.0279238127	0.0049325658	-0.0665584983	-0.0152902701	-0.1441727848	0.0767811356	-0.1648554521	-0.0799722583	0.0784249034	-0.1054730735	-0.0734737171	0.1658085055	-0.0393440453	0.1189270326	-0.0442778068	-0.1220905259	-0.0308099776	0.012770149	0.0146652938	-0.0880375456	-0.0380315755	0.1085161549	0.0576784098	0.0726366316	-0.0250912069	-0.0024426053	-0.1157538946	0.0073234729	0.0	0.0737613845780629	0.0039187661539444	0.0054407418548728	1.5356728169300207e-05	0.0731961705244543	-0.0152804808880659	0.0002334930961705	0.0053576793794449	-0.0807035405256328	-0.0021908265047585	4.799720773952371e-06	0.0065130614533724	-0.0007259581321936	0.0001890093338257	5.270152096980204e-07	3.5724528273234914e-08	0.0005260577592227	5.999320236260003e-05	3.5991843297198782e-09	2.767367660384083e-07	-0.0001598089895466	-1.902220760079999e-05	3.618443820079329e-10	2.5538913139905305e-08	0.0
546.1983609165901	-0.7991534624519545	0.6386462565489475	298332.6494679696	591.1873416254076	2.6075167413484905	6.799143556412651	349502.4728981164	514.1637535386413	0.0171160515938026	264364.3654529447	0.0002929592221617	512.4020054069905	464.0344775841511	1.07619	18.535128	0.0728828944341776	0.055551488422185	-0.0888986994	0.0263042505	-0.1036941855	-0.0090703028	0.080836009	0.0577580932	0.0527272961	0.105059971	-0.0184097072	-0.0354885831	-0.026936882	-0.0730440196	-0.0906179229	0.0879569651	0.0835660862	-0.0059511652	0.0149403749	-0.1228193556	-0.0103812478	-0.0716545563	-0.1213396263	-0.0397439127	0.0011048428	-0.1130949191	-0.1367226363	-0.0127120541	-0.092626904	0.0578012646	-0.0821824844	0.012191356	-0.0854895909	0.0845402275	-0.0086519635	0.0568177231	0.0191395361	-0.008632023	-0.1224694193	-0.1242530654	-0.1587948963	0.0279049947	0.0411803091	-0.0171940017	-0.0589876738	-0.1810635886	-0.0266779924	0.0634888049	-0.1190299084	0.0627782011	0.0324518439	-0.1560626156	0.0961439763	-0.0198050642	0.0754760138	-0.1038850707	-0.0042353628	-0.0335927519	-0.0572750087	0.0216133755	0.0745528173	0.0050815441	0.0950806841	0.1421104725	0.0353261035	-0.0772760206	-0.1279811876	0.1025206029	-0.0205341502	-0.0519562996	-0.1006658468	0.1093738007	0.0481622611	-0.0162963399	0.0506715901	0.0655113656	-0.0312766284	-0.1117916617	-0.0817699365	-0.0801356561	-0.0090116575	0.0301129632	-0.1633316271	0.1312151337	-0.153619831	-0.025105057	0.0819565805	0.111023405	-0.0283408465	0.0920089241	-0.1066535746	-0.1089561912	-0.0686326527	0.0764574482	0.0878237176	-0.0109501007	-0.0878276595	-0.1159442179	0.0509125165	-0.072657546	-0.0076943262	0.0183978359	-0.0682323557	-0.0481040946	0.0687992476	-0.0338356421	-0.0898175699	-0.0304771162	0.0686292816	0.0409932593	0.1105912963	0.0212152229	0.1080319517	-0.0048841247	-0.1154450938	0.0146176544	0.0	0.0744087009285721	0.0006473163505092	0.0055366547738776	4.1901845763654956e-07	0.1245894698121077	0.0513932992876533	0.0026412712116703	0.015522535988062	-0.0784548875214028	0.00224865300423	5.0564403334326425e-06	0.0061551693759959	-0.0010154455769883	-0.0002894874447947	1.0311297198251017e-06	8.38029806937645e-08	0.0005001098631149	-2.5947896107800066e-05	6.732933124211857e-10	2.50109875184804e-07	-0.0002162461644798	-5.643717493320001e-05	3.1851547144406194e-09	4.676240365222471e-08	0.0
546.4908141849639	0.2924532683738334	0.0855289141825374	298652.20998854475	592.5396911168502	1.3523494914426235	1.8288491470051231	351103.2855488523	513.2390739207959	-0.9246796178454132	263414.34699907625	0.8550323956587396	512.9080480871817	468.40685437159465	1.15314	19.860434	0.0730532662871691	0.0593652391005153	0.0685381174	-0.0048970936	-0.1170482423	0.0702221609	0.0271601658	-0.0862649275	0.0569443059	0.0726707279	0.0219112188	-0.0482815116	0.0661494504	0.0788562438	0.0604035678	-0.1214733171	0.0260873438	0.0199211227	-0.0765380341	-0.0309424862	0.0585248201	0.0592573686	-0.0799451997	0.0487457311	-0.1171899011	-0.0267505732	0.1537989167	0.225552548	-0.0875999599	0.0334715515	0.0340518218	0.1067299628	0.0609001331	-0.0173878015	0.0305996684	0.0839968237	0.0868115841	0.0980177486	0.0270257444	0.0024114158	-0.1084629166	0.0482090653	0.0307530175	0.0042142695	0.0279238658	-0.001566834	0.0622303246	-0.0954930033	-0.1553121524	0.0810060095	0.0456433798	-0.1248540825	0.0863096688	0.0354985782	-0.0503412765	-0.0712461061	-0.0274206001	0.0080376643	0.0691896308	0.0522142784	-0.038325854	0.0266840485	0.1245124231	0.052593282	0.0536061405	0.0026532496	0.0874305751	-0.1076629949	-0.0311988365	-0.1641509333	0.0703135634	0.0063612285	-0.0286791896	0.0535999851	-0.1777086445	0.0935550322	0.0786046066	-0.2294549913	0.0682430482	0.016139737	-0.0316092711	0.0671463729	-0.0478153317	0.0537481349	-0.0559561169	-0.1368652016	0.0292651154	0.0593350133	0.0423654921	-0.0054563609	0.1745639651	0.0291434536	-0.1307531814	0.0104660578	0.0421777767	-0.1023273996	0.054302685	-0.1710595978	0.0707843812	0.1482344938	0.0033681407	-0.0437830363	0.0688326592	0.0776547095	0.0331634933	0.0108712531	-0.1148234109	-0.0085699754	-0.0147703525	-0.0451075582	0.0304476145	0.0146566135	-0.0683834876	-0.0073234729	-0.1149310357	0.0218533699	0.0	0.0786969799236345	0.0042882789950624	0.0061932146491009	1.838933673949339e-05	0.0658000467414297	-0.058789423070678	0.0034561962649831	0.0043296461511743	-0.0785090098044065	-5.412228300370747e-05	2.929221517533402e-09	0.0061636646204683	-0.0009584686193168	5.697695767150008e-05	9.186620942150528e-07	3.246373705499911e-09	0.0005420558755657	4.19460124508e-05	1.7594679605226687e-09	2.938245722352976e-07	-0.0001167402958336	9.95058686462e-05	9.901417895034808e-09	1.3628296671316448e-08	0.0
547.4227823595572	0.931968174593294	0.8685646784547565	299671.7026462792	590.244612418999	-2.295078697851181	5.267386229330275	348388.7024896544	513.3027797728095	0.0637058520135269	263479.7437224933	0.0040584355807693	512.0257842578189	464.3922919144416	1.227534	21.141718	0.0307041397564965	0.0173843932910987	-0.0353918159	-0.1342709961	0.0442763837	-0.0556928231	0.2218255419	0.0372255941	-0.1442808898	-0.0661495236	0.0059320032	0.1343111847	0.0782230058	-0.1728590713	-0.0370349726	0.0084807081	0.0536587134	-0.0056489124	-0.0185720589	0.0253297059	0.0994617235	0.106726689	-0.0738034781	-0.1529769632	0.0532530482	0.0566504067	0.0703081681	-0.2199437784	0.0769636515	0.0500005361	0.0572722037	0.0629370233	-0.1154959615	0.0370201395	0.0434211145	0.0499445316	-0.0890479499	0.1075564457	0.032364639	0.1094629241	-0.0233209119	-0.0637847	-0.0314949458	-0.0796751203	0.023547483	-0.0464772821	0.0161381931	0.0383257732	0.013400027	0.1119309164	-0.0637881605	0.0745863081	-0.1551612251	-0.063373856	-0.0457052569	0.0723532438	0.039069193	0.1214990058	0.0047656104	-0.1829066959	0.00215812	-0.1641205677	-0.0049882761	0.0663869387	-0.1015549717	0.2194933388	-0.1219066867	0.025347656	-0.0541103816	0.0331264218	-0.084315332	-0.0056516005	0.0425543597	-0.0452653729	0.0022753861	-0.0618620715	-0.0766983397	-0.0510698249	0.1678664902	0.0704473123	0.0010057957	-0.1215690842	0.0225636934	-0.0224999017	0.0003617789	0.1278609021	-0.0832793281	0.0421847507	-0.0573494691	-0.1509778004	-0.1052508708	-0.1211356669	-0.0566406741	0.0097707982	0.0247658271	0.0818968296	-0.0220103405	-0.1089477438	0.0203529706	-0.0088875476	-0.1284867194	-0.1149133827	0.0982467924	-0.0467843763	0.0823012485	-0.0223645487	-0.0696177944	0.1105792447	-0.0845920563	0.0437498933	-0.0655889871	-0.0714119981	0.1014735058	-0.0097595656	-0.1142126345	0.029001679	0.0	0.07001241286153	-0.0086845670621045	0.0049017379546933	7.54217050561905e-05	0.0517349333892127	-0.0140651133522169	0.0001978274136107	0.0026765033327862	-0.0784509624441085	5.804736029800528e-05	3.3694960375664397e-09	0.0061545535084069	-0.0009540003415753	4.468277741499923e-06	9.101166517257892e-07	1.9965505975183648e-11	0.0005779997511563	3.59438755906e-05	1.2919621924725307e-09	3.340837123367447e-07	7.757904718412546e-07	0.0001175160863054	1.3810030540547921e-08	6.018508561996765e-13	0.0
548.2171141063458	0.7943317467885436	0.6309629239561388	300542.0041990901	590.1907264418521	-0.0538859771469333	0.0029036985330798	348325.09357796115	515.4988467966327	2.196067023823275	265739.0610486582	4.822710373124017	513.3897855335921	464.7799394827255	1.304008	22.458817	0.0743879559191772	0.0475760036013793	-0.1837769224	-0.089771037	-0.0803106682	0.021213461	-0.1021298554	0.1625364837	-0.0373262772	0.1388726706	0.006016392	-0.0993724225	0.1378304137	-0.0223416134	0.1092677262	-0.0957651551	-0.0607331222	0.0505105203	0.0163027481	0.0567056445	0.0146540224	-0.2570662144	-0.1042999326	0.0237338769	-0.0456980219	0.1328791365	0.1194204953	0.0772230835	-0.0795452087	-0.031774847	-0.035476109	-0.059874571	-0.0276050777	-0.0199689474	0.0904074518	-0.0569813824	-0.1354316236	0.0202626296	-0.0972867998	-0.0154269123	-0.0277894359	-0.1364154651	-0.0540122177	0.0700247346	-0.0929876854	0.1380709754	0.0737152637	-0.0082969228	0.0472380522	0.2431734812	-0.0721847739	-0.0333329184	0.0273238286	0.1186869605	-0.0547121814	-0.0387646537	-0.0010502302	-0.059975049	-0.1551403677	-0.0369458621	0.0080487475	0.2073830637	0.1480983276	0.0623642047	0.0165818949	0.1575822531	0.1591276939	-0.0901024117	0.0109109044	0.046092306	-0.017743234	-0.017309227	0.0340337059	0.0495109192	-0.193025266	-0.0064575475	0.0015497976	0.102525522	-0.0605583278	0.1288988538	0.0452966632	0.0323702107	0.0806071724	-0.0081204194	-0.0013561279	-0.0170976475	-0.0464317471	-0.0810359192	0.1159078494	0.0622346448	-0.0280969829	0.0084050475	-0.1909330894	-0.034849754	-0.1756350874	-0.0977056977	0.0354298699	-0.0651387582	-0.1448999859	0.1265041413	0.0171063424	0.0066022561	0.0250105486	-0.0086939393	-0.0523880261	-0.1170549198	-0.0055877702	-0.0007649674	-0.0698852656	0.0766355338	-0.0179827271	-0.0866191785	0.0754266743	-0.0121913197	-0.1132911674	0.0360339907	0.0	0.0798648678536722	0.0098524549921421	0.0063783971172845	9.707086937218771e-05	0.0960481023505792	0.0443131689613665	0.0019636569433986	0.0092252379651473	-0.0929226265307789	-0.0144716640866704	0.0002094290614374	0.0086346145213786	-0.0009020003972856	5.199994428970009e-05	8.136047167033802e-07	2.703994206131913e-09	0.0006409999162364	6.30001650801e-05	3.969020800119851e-09	4.108808926150718e-07	7.890386820044401e-07	1.3248210163185458e-08	1.7551507252793042e-16	6.22582041699304e-13	0.0
546.6807065307147	-1.536407575631074	2.360548238456554	298859.7948929214	590.0374184786264	-0.1533079632257568	0.0235033315884299	348144.15520492167	514.9848933329109	-0.5139534637218048	265209.4403611096	0.2641481628716405	512.8824980903878	463.3538327861907	1.122993	19.341217	0.0263171323397088	0.0152639297784314	-0.1115164257	-0.0761707012	0.0391930171	-0.0940715147	-0.1896926606	0.1598178823	-0.0555032104	0.1122050771	-0.1667915801	0.0610995911	-0.1564746872	0.0041267374	0.0381162462	0.0134623589	-0.2066515541	0.0845076583	0.0977550234	0.0137140967	-0.0223590386	-0.2361563307	-0.0648720244	-0.0072378167	0.1431439771	0.0327525716	-0.1309501233	-0.007885052	0.1261679958	0.0600121695	0.1020658358	0.0653893562	0.008800705	-0.0473891528	0.1499952101	-0.027099338	-0.0682185352	-0.0820480255	0.1592243581	-0.0660091079	-0.0094843333	-0.0240914452	-0.0164821483	0.1323334623	-0.0253295079	0.0322837208	-0.0012963649	0.024420566	0.0787421586	0.090052195	-0.1315472561	0.0205670439	0.056162083	-0.1608738263	0.0529040795	0.1125675933	0.0501750044	-0.0228439169	-0.1246384621	-0.0643576915	0.1144535766	0.1531044916	-0.0607253845	0.169163454	-0.159068421	-0.0928332509	0.0246909859	0.0158291466	0.0813611126	0.0706229732	0.0889400604	-0.0966941202	0.1311389831	-0.0312699014	-0.1119055063	-0.0578410225	-0.0334778042	0.0926885185	0.0407014086	0.0767560928	-0.1359262176	0.1781598795	-0.0906005937	0.0437811662	-0.0914816775	0.2316010053	0.1518063667	-0.0247380575	0.0931258628	-0.0194223668	-0.2166717087	-0.0864184147	-0.0356655863	0.0307253648	0.0063986267	0.0257120423	0.0819590688	-0.0715850011	-0.1264724561	0.0604093345	0.0528998167	0.1329433415	0.0293127662	-0.0323141067	-0.1276250154	-0.0735445698	-0.0673635518	0.0617644778	-0.1045270642	0.0881445755	0.0896590461	-0.1271249845	-0.0116558601	-0.0146176544	-0.1121682727	0.0429221782	0.0	0.0755292146755408	-0.0043356531781313	0.0057046622695039	1.879788848104085e-05	0.0960610069705296	1.2904619950404594e-05	1.6652921606438027e-10	0.0092277170601921	-0.1015618452898223	-0.0086392187590434	7.463610076660741e-05	0.0103148084186738	-0.0006809998709082	0.0002210005263773	4.63760824176985e-07	4.884123265908785e-08	0.0005959994173438	-4.5000498892599984e-05	2.025044900582892e-09	3.552153054741491e-07	2.029483003320679e-07	-5.860903816723721e-07	3.435019354888669e-13	4.118801260767524e-14	0.0
545.0639778612242	-1.6167286694904988	2.6138115907525186	297094.7399619011	589.864669670493	-0.1727488081334058	0.0298421507115122	347940.32852547977	513.4961472140013	-1.488746118909603	263678.2932036233	2.216365006568405	512.2376629761168	459.9957928156017	1.084303	18.674854	0.1135755305288368	0.0730614826198503	-0.0866137022	0.0397799869	0.0591726874	0.0048874387	-0.1987895379	0.0872496066	0.0083625192	0.0036093606	0.0049723762	-0.0979317369	-0.1133168185	0.2208258811	0.0950331258	-0.1728663137	0.0305488593	-0.0065880525	0.0347512663	-0.1067987244	0.0645843916	-0.0654247519	0.0813785107	-0.0144425925	-0.0870683785	0.1248854509	-0.011174332	0.0481159368	-0.0317713584	-0.0658877639	0.0413011324	-0.0267694776	0.0699404088	0.0411997398	-0.0114524752	0.0208210544	-0.0343987391	-0.0556026926	0.0688476326	-0.0678975082	-0.0215175267	-0.0217458705	-0.1492552739	0.0346017914	-0.1108526663	0.0110449544	-0.022575331	0.1256414142	-0.1416968713	-0.0628914154	0.0544864016	0.094468932	-0.1529881738	-0.0514507504	0.0293641192	0.0718586019	0.231556962	-0.0600257658	-0.098809367	0.032348887	-0.0585370511	0.1289910971	-0.0290961766	-0.126871859	-0.0401727487	-0.0303454094	0.002498483	-0.0801974838	-0.0624168907	-0.0807349013	0.0733205318	0.0892486699	-0.0266930695	-0.0564756861	-0.1629676668	-0.1543435463	-0.0767668896	-0.0140931112	-0.0392591164	-0.0163903204	-0.0939490851	0.0708339505	0.0292864866	0.0214276354	-0.0019691109	0.0780619089	0.0613595954	-0.0975096654	0.0197007309	0.1686487474	-0.0414594001	0.0188517323	-0.1072407448	-0.1062156439	-0.076059344	0.0487502063	0.127110802	0.0204163155	-0.0593320231	0.1042689569	0.1213495034	0.0358223443	0.0265090181	0.0450745089	-0.04942243	-0.0137749993	-0.1200718777	0.0506510344	0.0544581336	-0.1094055595	-0.0348980931	-0.0577281796	-0.0284408052	-0.0170374908	-0.110845947	0.0496386907	0.0	0.083116881697336	0.0075876670217951	0.0069084160230889	5.757269083363839e-05	0.1619257817708614	0.0658647748003317	0.0043381685594984	0.0262199588021046	-0.0784699339683925	0.0230919113214298	0.0005332363684767	0.0061575305370038	-0.0008760009605816	-0.0001950010896733	7.673776829398859e-07	3.8025424973813385e-08	0.0007410001791046	0.0001450007617608	2.102522091121228e-08	5.490812654330493e-07	8.246445717326493e-07	6.216962714005814e-07	3.865062538733854e-13	6.800386696881246e-13	0.0
544.6034359954385	-0.4605418657856717	0.2120988101413476	296592.9024980377	589.960797584663	0.096127914170097	0.0092405758826935	348053.7426867318	512.9492967911349	-0.5468504228664415	263116.9810785198	0.2990453849892058	512.1971547125106	459.0437746382317	1.097305	18.898796	0.1306506482210853	0.094913009256935	-0.0008617571	0.161590594	0.0347885428	-0.1171503837	0.010440135	0.0062150415	0.1050664307	-0.0499323283	-0.0534906133	0.0398342608	-0.0588381695	-0.0156339172	-0.0970565619	0.1335599223	0.0010479991	-0.0435534012	0.1035662744	0.0690011651	-0.0557528642	-0.0142076668	0.0631639507	-0.1092167435	-0.0496159303	-0.0560631615	-0.043008528	-0.0803233145	0.0986510329	-0.005634593	0.0387352958	-0.1437007947	-0.0408504005	0.0189007614	-0.0582311085	0.1608300013	0.1540996088	-0.0145847437	0.0619799651	-0.1661934421	-0.1474575793	-0.1194318742	-0.0074491635	0.1021677229	-0.0403293423	-0.0610399448	-0.0618005779	-0.0572079737	-0.0571580859	-0.0229391339	-0.0421252182	-0.0586132031	-0.0682336165	0.0759538905	0.0784633706	-0.176483099	-0.0110831574	-0.2122317003	-0.0319103387	0.1183471828	0.1031079376	-0.0687300984	-0.0475607758	-0.0581128518	-0.0286582822	-0.0289177873	-0.1458687493	0.0410801298	0.011624787	0.0342824951	-0.0922194094	0.063095243	0.0225747082	-0.0211108945	-0.0445571627	-0.0232632332	-0.0772260348	-0.0454659489	0.0753515354	0.0575958554	-0.0097498767	-0.023817495	-0.1515994119	-0.1078245988	-0.0503971381	-0.0037690194	-0.0670322515	0.1219406013	0.0596435168	0.0467037824	-0.0180624692	-0.085407696	0.0368648972	0.1892849596	0.0534398617	0.0422090852	0.1282182404	0.0782833762	-0.0136977655	-0.0829702455	-0.1196710123	-0.01363914	0.0397489679	0.0065764587	-0.0140876837	-0.1409391738	-0.0908401027	0.096721418	0.1120715156	-0.0713657602	0.0751108008	-0.111159306	-0.0008155165	-0.0194497534	-0.1093265412	0.0561566646	0.0	0.0796767398384759	-0.0034401418588601	0.0063483828712881	1.1834576009081436e-05	0.0744120275596174	-0.087513754211244	0.007658657176146	0.0055371498455332	-0.0970340567620979	-0.0185641227937054	0.0003446266550997	0.00941560817171	-0.0004990003191356	0.000377000641446	2.490013184974306e-07	1.4212948365069544e-07	0.0006959997210258	-4.5000458078799945e-05	2.0250412273018313e-09	4.844156116679915e-07	1.731569510165414e-07	-6.514876207161079e-07	4.244361199463353e-13	2.9983329685344913e-14	0.0
545.4089112137282	0.8054752182896436	0.6487903272787491	297470.88043134444	591.8779515411894	1.917153956526363	3.6754792930246873	350319.5095205945	512.9920642357746	0.0427674446397077	263160.8579688811	0.0018290543210104	512.9771139268059	462.3479258038962	1.073132	18.48247	0.0965150975134147	0.0783787084826831	0.1110405574	0.0590305752	0.0750991065	-0.0258950194	-0.0877899115	-0.0988646159	0.0396472868	-0.0472536497	0.0175175561	-0.0016597255	0.0168252174	0.0046113788	0.0741082188	0.0078010688	-0.0750740172	-0.0838481218	-0.0531139131	-0.1303677832	-0.0739563099	0.1352809014	0.0343052512	-0.1212749065	0.0414155477	0.0422015228	0.0663826981	0.1486354851	-0.0358092862	-0.0645442247	-0.0089144658	-0.1087288172	-0.0725288467	-0.1370271547	-0.0596119622	-0.1870288289	-0.0054294686	-0.1804785798	-0.0705577715	0.1432059966	-0.1138946831	-0.0570014164	-0.1090467522	0.0310280433	-0.0914125217	-0.0439033883	-0.1515160019	0.0600341101	0.0540308136	0.0637864305	0.0566045026	-0.0043410368	0.0029942281	-0.0110454005	0.0888602968	0.0795443792	-0.0397481285	0.0407486152	0.0996242945	0.0301274234	0.0181900691	-0.0356288195	0.0097497703	-0.0896823643	0.1212695134	0.0298032789	0.1041693354	0.0221794176	0.0174793335	-0.0012824175	0.1724162713	-0.0269638737	0.0219436709	-0.1416781874	-0.2017302101	-0.0834628554	-0.0646444763	0.1186536382	0.0882512468	-0.0005158265	0.133776063	-0.0688519246	-0.0131919319	0.0061926909	-0.1121337222	0.0448287997	0.0933387438	-0.0295575106	-0.1396959518	0.05648474	0.119689131	-0.1137759213	-0.0689387916	-0.0534606342	0.071468934	0.1260369191	-0.0203753162	-0.0052001612	-0.1194309972	-0.0587751264	0.2326539489	-0.0306236382	0.072240378	0.0353959932	-0.041959835	-0.0335456401	-0.1452459248	0.0216540803	-0.0135475802	-0.0097997049	-0.0624509983	-0.0510632799	-0.0722373246	-0.0218533699	-0.1076127567	0.06245003	0.0	0.0805422867715464	0.0008655469330705	0.00648705995839	7.491714933477565e-07	0.1505670461525312	0.0761550185929137	0.005799586856887	0.0226704353870984	-0.089818742117842	0.0072153146442559	5.206076541561383e-05	0.0080674064356314	-0.0006610001023323	-0.0001619997831967	4.369211352833111e-07	2.6243929755777804e-08	0.0007790000736287	8.300035260289996e-05	6.889058532205722e-09	6.0684111471352e-07	7.573680149065734e-07	5.84211063890032e-07	3.413025671715231e-13	5.736063100035236e-13	0.0
545.5748429588432	0.1659317451150173	0.027533344036915	297651.9092695664	587.1878419003244	-4.690109640864989	21.99712844333472	344789.5616755604	513.7219373979641	0.7298731621895058	263910.22896391776	0.5327148328845087	511.7392083612412	454.4992076956569	1.151403	19.830517	0.117573116725898	0.0883933294788761	-0.0245106661	0.0132155088	0.1984233668	-0.1937297191	0.080035582	0.0575172089	-0.0468024568	-0.1473210545	-0.1709344325	0.1603134889	0.0920708721	-0.0150652112	-0.0724925109	-0.0766439406	-0.0232465036	0.0238278727	-0.0382784697	0.1178419842	-0.0917608036	0.0420678103	0.0397935464	-0.1123896719	0.1327386886	-0.1262640233	0.1320832247	-0.1170325362	0.0020016083	0.132959281	-0.009028547	0.0660237079	-0.0046996552	-0.0292766968	-0.0329930941	-0.0630877539	0.0971672933	0.1617803397	-0.0682760474	-0.0538386023	-0.0235554548	0.0796017976	-0.0088006065	0.1829736227	-0.078748595	-0.0504451816	-0.0216925247	0.0480769726	0.1448469043	0.009870221	-0.1630709652	-0.0186006391	-0.0539724352	0.0228690838	-0.0169543412	0.0710712684	0.0452906151	-0.0296052871	-0.0240882137	-0.1386337656	0.1759195227	-0.1557972845	-0.1307612542	0.0543304208	0.0025415903	0.0248495926	0.0228097999	-0.0898813321	-0.0808608355	-0.0029793365	-0.091134996	-0.0365206605	0.0425232933	-0.0201429543	-0.1173061275	0.0526097302	0.0211598812	-0.0005038562	0.007552807	0.0592405436	0.0309222371	0.0852284698	-0.0402032853	-0.0153299313	-0.1597797903	-0.1305069008	0.1331523493	-0.0756641995	0.0371492856	-0.0907036696	-0.078817641	-0.0818143698	-0.0157543227	0.0941216788	0.0305302107	0.0525086164	0.1991945582	0.0880161568	-0.053225282	0.0497008781	-0.0603567491	-0.1555106018	0.0189819687	0.0450837425	0.0727718169	-0.0215468596	-0.0860821415	-0.0036224247	-0.0862795361	-0.0044033387	0.1152929045	-0.0766178518	-0.0320235745	-0.0242472716	-0.1057076408	0.0684936154	0.0	0.0835032326668852	0.0029609458953387	0.0069727898658199	8.767200595123663e-06	0.06853466409801	-0.0820323820545212	0.0067293117055389	0.004697000183027	-0.1003163886595217	-0.0104976465416797	0.000110200582914	0.0100633778336882	-0.0002750002263573	0.000385999875975	7.562512449656624e-08	1.4899590425271537e-07	0.00083399990411	5.499983048129996e-05	3.024981352971732e-09	6.955558400554891e-07	1.1422978403964809e-07	-6.431382308669253e-07	4.136267840026385e-13	1.3048443561744641e-14	0.0
546.7937201547844	1.218877195941218	1.485661618785526	298983.3724007087	591.1797570374052	3.9919151370808095	15.9353864616549	349493.5051308055	514.2208777274794	0.4989403295153352	264423.1110908193	0.2489414524168712	513.8317035655076	462.05340634443127	1.118225	19.259102	0.1369647524735648	0.1009680001675323	-0.0506264546	0.1138505883	-0.0176746984	-0.0332306078	-0.0102460707	0.0209381393	0.1033494261	0.0054542599	-0.0481562177	-0.1458312079	0.0822705712	-0.1880365422	0.0553023168	0.0248234314	-0.0796240415	-0.1155467899	0.0424019913	0.0198234762	-0.0844226072	-0.0748271439	0.0102962908	-0.1230893069	-0.0223152185	-0.0077886407	0.014637317	0.0420809562	-0.0919511316	-0.0674104081	0.0733184403	-0.1250227764	0.0368230616	-0.0609571725	-0.0737108862	0.050425359	0.0155748574	0.019559512	0.0165732262	0.0264810602	-0.0971270941	0.016326449	-0.0154378807	-0.027295836	-0.0307264517	0.048363459	0.0574269358	-0.0017735374	0.059677725	-0.0901136333	0.0511704245	0.1030146471	-0.0441154825	0.1114035024	-0.0091091201	-0.0721018302	-0.0661048726	-0.0654581981	-0.0386194574	0.0774791285	0.1015074179	0.0239557398	0.098060903	-0.0294123133	0.0792830486	0.0931729085	-0.0587257404	0.0469099573	-0.04452583	0.2150352303	0.0489923209	0.0194282107	0.0707924302	-0.14102744	-0.1069343815	-0.0747545006	-0.1364029765	-0.0359804222	-0.1027290528	-0.0279582001	0.0225623346	-0.0787796231	-0.0398449476	0.0236995161	0.0077990283	-0.06476486	0.0141510334	-0.0865615735	-0.0441611939	0.1470263118	0.0003430769	-0.1468884582	-0.1070968246	0.0019476032	0.039409613	0.062906859	-0.062953667	0.0259420355	-0.1698844652	-0.1339716086	-0.058004989	0.0361201411	0.0467818378	0.0581931604	0.0660850467	-0.0499370493	-0.0289260851	0.0346755646	0.0326114245	-0.0336744825	-0.0195311524	-0.138976094	0.0661052982	-0.0266303944	-0.1036145805	0.0742632484	0.0	0.082977560934907	-0.0005256717319781	0.0068852756187062	2.7633076980095184e-07	0.1578215291579994	0.0892868650599894	0.0079721442722407	0.0249076350657692	-0.0919056482205178	0.0084107404390038	7.074055473229533e-05	0.0084466481748335	-0.000910001104124	-0.0006350008777667	8.281020095068991e-07	4.0322611476447945e-07	0.0009729998454437	0.0001389999413337	1.9320983690772044e-08	9.46728699233464e-07	9.429155355055676e-07	8.286857514659196e-07	6.867200746826358e-13	8.890897070977514e-13	0.0
547.2792771390582	0.485556984273785	0.2357655849770527	299514.6071858501	594.2990375454143	3.1192805080090693	9.729910887645318	353191.34602740576	514.349630690713	0.1287529632335236	264555.5425916728	0.016577325541413	514.0636435104291	467.0936581447646	1.14087	19.649101	0.1291168656471769	0.0921916118988832	0.1317901383	-0.024647716	-0.034857236	-0.1193331291	-0.1008051829	-0.1349238482	-0.0194376922	0.0886478956	-0.0715478562	-0.0124193229	0.0296507758	0.0161750801	-0.0418031255	0.0138242732	0.0310959888	0.0256850901	-0.1017031557	0.1204496346	-0.1003262513	0.0117303709	-0.0367520644	0.1082135643	-0.0245810726	-0.0505028782	-0.0002823214	-0.0746241278	0.0350149793	-0.036279231	0.0192335331	-0.075763529	-0.0092809414	-0.1423721076	-0.291230458	-0.0233114655	0.0013258634	0.061429381	0.0118522176	-0.0279774075	-0.1425718949	0.0824486711	-0.0244035893	0.0324206067	0.0359829588	0.0239053283	-0.0535544531	0.037337444	-0.0376657543	0.0265858169	0.1462922628	0.0665554384	-0.0340788791	-0.0968578771	0.0436962716	-0.0311968444	0.0174696307	-0.1081360793	0.1357726661	0.0409607175	0.0614173663	0.0699426996	0.0079838454	0.0383373942	-0.016631979	-0.0417697712	-0.020949725	-0.0379853675	-0.0061217216	0.0196316372	-0.1475639715	-0.1531176342	0.0067899803	-0.0811088405	-0.1406232294	-0.0287937347	-0.0278515481	-0.0161864317	0.0146458716	0.0551452614	0.0657177959	0.0216824147	-0.0044186163	-0.1228357184	-0.1057677202	-0.0633908975	-0.0953581392	-0.0234671884	-0.0726135373	-0.0493149559	0.1197479379	-0.0452207203	-0.0210353401	0.1175110569	0.0317609594	-0.0048474066	0.1601551963	-0.0437635775	-0.1577643825	-0.0030315087	0.0651577346	-0.0633184219	0.0172963544	0.0229991687	-0.0253640136	0.0154692271	-0.077684255	0.1506384332	0.046358151	-0.0620597826	0.0191484693	-0.0364377197	0.0925273012	-0.029001679	-0.1013372972	0.0797358525	0.0	0.0868730107292208	0.0038954497943137	0.0075469199931593	1.5174529100019352e-05	0.079438127842252	-0.0783834013157474	0.0061439576018255	0.0063104161550819	-0.096950943598614	-0.0050452953780961	2.5455005452238863e-05	0.0093994854646616	-0.0002140001791529	0.0006960009249711	4.5796076677473296e-08	4.844172875606269e-07	0.0008340000320641	-0.0001389998133796	1.9320948119563632e-08	6.955560534829197e-07	8.927070581576056e-08	-8.536448296898071e-07	7.287094952561397e-13	7.969258916844066e-15	0.0
546.2537950728638	-1.0254820661943995	1.0516134680863347	298393.20863150625	591.4431700625662	-2.855867482848112	8.155979079589208	349805.0234136576	514.2361453398494	-0.1134853508635842	264438.8131739867	0.0128789248606308	513.263488909337	461.1465030472745	1.113356	19.17524	0.0693291254848951	0.0485580585568009	0.0243222787	-0.0890416088	0.1136978839	0.0473190139	-0.1195743664	-0.0156810901	-0.1445155227	0.0002413717	-0.0211909045	-0.0771339775	-0.1219659606	-0.0651075923	-0.0688364967	0.0250409545	-0.0582858132	-0.0127388634	-0.0277405669	0.0093483359	0.0405419548	0.0255419707	-0.1586498023	-0.0182636379	0.0100162809	0.0921130482	-0.1150070649	0.103891822	0.1385068946	-0.0628608042	0.0678473637	0.0471109187	0.0418775199	-0.0076048199	-0.0005923445	-0.0998186461	0.0244149589	0.0428245005	0.0945824394	-0.0142785113	0.0439897844	-0.0750017995	-0.0259358981	-0.0434564194	0.1603869457	0.0470578852	0.0499937988	-0.0902459921	-0.1177429492	-0.0110315054	-0.0272290713	-0.0283598084	-0.1304404241	0.1438453158	0.0501470823	0.0755625601	-0.133499147	0.0417169722	0.0458704222	-0.0996062676	0.0087437991	0.0614970644	0.0990249577	-0.0265093581	-0.1623782787	-0.10204299	-0.1013167806	0.0843509291	0.0679365491	0.0569662917	0.1146576657	0.0908429296	-0.0685352977	-0.0655037933	-0.0957799178	-0.0386338959	0.0380578643	-0.0266131063	0.0120052253	-0.0176369905	-0.1258858389	0.082802863	0.1014723082	0.0056419893	0.0436545643	0.0357448868	-0.0783256558	-0.0388869603	-0.0290039796	-0.0662127275	-0.0908994218	-0.0790941071	-0.1184237073	-0.1277526894	0.1714726723	0.0529413765	0.0269555547	0.0650609234	-0.0573783374	-0.0166469603	-0.0517867546	0.0417984509	-0.0329023456	0.036139251	-0.061819604	0.0516646042	-0.0145976893	0.140504691	0.0847767358	-0.0526722841	-0.0202336686	0.0122770717	0.0412030749	-0.0313600711	-0.09887984	0.0848895389	0.0	0.0898698908163879	0.0029968800871671	0.0080765972753494	8.981290256858687e-06	0.1260357897109401	0.046597661868688	0.0021713420916285	0.0158850202880603	-0.0970654250329232	-0.0001144814343091	1.310599880149152e-08	0.009421696736822	-0.0002709329717575	-5.693279260459997e-05	7.340467518535029e-08	3.241342873758393e-09	0.0006925263254731	-0.0001414737065909	2.0014809656596342e-08	4.795927114732741e-07	-0.0001939062719932	-0.000193995542699	3.763427058708564e-08	3.7599642318300864e-08	0.0
545.2365101179789	-1.0172849548848717	1.0348686794351154	297282.85196563293	591.7772584042307	0.3340883416644828	0.1116150200361242	350200.3235644276	513.807373046875	-0.4287722929743722	263998.01659733057	0.1838456792225009	512.7279631995822	459.8075033006365	1.20585	20.768246	0.0095584121828232	0.0046662312065382	-0.0853526918	0.0801681386	0.0395983555	0.0970295886	-0.1526447297	0.0790536062	0.0449556794	-0.005210967	0.1887655007	-0.0618570627	-0.1082955596	0.1547915416	-0.0232600012	-0.108590865	0.0131055176	0.034919732	0.0220091298	0.1037210286	0.1807206841	-0.0249117046	0.0387618247	0.0142737279	-0.0511990552	0.0693846011	0.0310541609	-0.1080569589	0.0715601234	-0.1380055781	-0.02899164	0.2140408133	0.1041300477	-0.128510029	-0.0864740196	-0.0653864166	0.0776762231	-0.144567929	-0.0300312126	0.0888086736	0.0946956614	-0.0283987749	-0.0723617752	0.1371743772	0.0140743413	-0.1403387139	0.0356861457	-0.1337525478	-0.0589386933	0.1127080393	-0.1031382515	-0.040287072	-0.037588288	0.1289235815	0.0160848012	-0.0638533851	0.1506188875	-0.1116619502	-0.1184244084	0.0356695967	-0.1918675868	0.0061466104	0.0096661992	-0.1521003387	-0.0736201082	-0.0638934399	-0.0095754067	-0.1119016976	-0.0560799914	-0.0979471954	-0.0586659395	-0.0579550827	-0.0573274966	-0.1140968554	-0.0672122662	-0.056546968	0.0144806014	0.1430738702	0.1329996652	-0.087394055	-0.0022508545	0.0692107368	-0.0041014079	0.0920991558	-0.0518783802	0.0770661527	-0.0534883387	0.1422204582	0.0442497529	0.1022199741	-0.0318048631	0.1001397453	-0.0746466544	0.0049695989	0.0031212596	-0.0737783891	0.2075276474	0.0515640568	-0.0213569269	-0.0653541811	0.1583347551	-0.120669377	-0.0034432813	0.0433736198	-0.0409229311	0.0018396062	-0.0104317648	0.1276102887	-0.0535312416	-0.0512176684	-0.0079621154	0.0630369475	-0.0087876385	-0.0337045224	-0.096246578	0.0897036946	0.0	0.0896481144435767	-0.0002217763728111	0.0080367844232886	4.9184759537288635e-08	0.1228083800449724	-0.0032274096659676	1.0416173151981727e-05	0.0150818982092703	-0.0969326043959739	0.0001328206369493	1.7641321599618973e-08	0.0093959297949863	-0.0002999527560739	-2.901978431640005e-05	8.997165587632857e-08	8.421478817703783e-10	0.0006500217742089	-4.250455126420005e-05	1.8066368781710094e-09	4.2252830694568614e-07	-0.0001459024974319	4.80037745613e-05	2.3043623721321123e-09	2.1287538756865592e-08	0.0
545.8817370714714	0.6452269534925108	0.4163178215132267	297986.8708681671	592.4775842246363	0.7003258204056237	0.49045625472681	351029.687808661	513.6253304809104	-0.1820425659645934	263810.9801116244	0.0331394958229733	513.8337980872882	465.6369358884273	1.189104	20.479834	0.0197143227597452	0.0139125278345111	0.0882492296	0.1024520666	-0.0365196744	-0.0662265074	-0.0016467528	-0.0915882203	0.0656762041	0.046020234	-0.0431975775	0.1292000559	-0.1413261508	-0.0128210593	-0.0533659691	-0.0446237995	0.0107536272	-0.0372228135	0.0677475155	0.0628412842	0.1209259727	0.0603591119	0.119580591	0.0170019461	0.019524097	-0.0837102881	-0.0816988124	0.1519220632	0.2163873682	0.0764004041	0.0347825176	0.0135874846	-0.0682667267	0.1263802567	-0.0223582403	-0.0505358496	-0.0778230509	0.0176523571	-0.109683753	0.0795314473	0.113726086	-0.1913369214	0.060199832	-0.023637785	-0.0391346958	-0.0571591979	-0.042158349	-0.0005260241	-0.0962689745	0.0741595171	0.0391335427	-0.0097285065	0.1086611667	-0.0469670634	0.0722137752	0.0298693167	0.0620253414	-0.0166032407	0.0549886819	0.1072389479	-0.0529764849	-0.1205274048	-0.0892602647	0.1009400056	-0.1368533325	-0.1030381096	0.029686397	0.0120543809	0.0322214387	0.1370026705	0.0694158246	0.1450528129	-0.0756664455	0.0364920392	-0.1106529917	-0.0260583259	0.016054066	0.0622956326	0.1536138545	-0.1036742678	0.0870256471	-0.0011739836	0.0792776783	0.0213938485	-0.0165140036	0.0373432354	-0.1708304616	-0.0117154055	0.0459597364	0.0607338011	-0.0538077494	0.0739475295	0.041737325	-0.0254804756	0.2824779373	0.0361373198	0.0478663702	-0.0192527787	-0.1111888684	0.1027408006	0.0020072993	-0.0192636242	-0.008398038	0.0331728616	-0.054129972	0.0028408686	-0.1045748316	-0.0568699512	0.0199646865	-0.0628230718	0.0718043675	0.0706238545	-0.0016952781	-0.0360339907	-0.0934421931	0.0941590645	0.0	0.0896613822131939	1.3267769617200664e-05	0.0080391634603804	1.7603371061511306e-10	0.1343987556088421	0.0115903755638697	0.0001343368057115	0.0180630255092052	-0.096923304653842	9.299742131901878e-06	8.648520371987089e-11	0.0093941269850214	-0.0003000002090391	-4.7452965199997535e-08	9.000012542350373e-08	2.2517839062721764e-15	0.0006660000123845	1.5978238175600053e-05	2.5530409519620293e-10	4.435560164961542e-07	9.9405109829214e-08	0.0001460019025417	2.13165555458046e-08	9.881375860158098e-15	0.0
545.816369949157	-0.0653671223144556	0.004272860679673	297915.509704475	593.1230518535032	0.6454676288668679	0.4166284599150167	351794.9546400134	513.6435099885664	0.0181795076559865	263829.6553533745	0.000330494498614	513.4099380666257	461.2299229808164	1.121157	19.309591	0.0369897912229688	0.0242039976751429	0.036696483	0.011164066	0.0891530069	0.1402855285	-0.007808452	-0.0419542984	-0.0292735601	-0.1007054538	0.1161235804	-0.1117727446	-0.0039095355	-0.0683031724	0.1677054167	0.0094967379	-0.0640262086	-0.0835594148	0.0993457703	-0.0240324365	0.0915049927	0.1097604557	0.0315968034	0.0077518765	-0.0540176223	0.0816562962	0.1525989112	-0.0095520753	-0.0308403054	-0.0440549263	-0.0243535753	0.0080854509	-0.1640602545	0.1209692573	-0.061180967	-0.1316357223	-0.1303292632	-0.112801839	-0.1537356713	-0.0556499634	0.0912154102	-0.0235865033	0.0724322262	-0.1531362589	0.0540060137	0.0048269307	-0.0293484755	-0.1187862642	-0.0338396544	-0.1181407939	-0.0136752934	-0.0144133063	-0.0097628294	0.0529250145	0.0367295729	0.0501279866	0.0094368476	-0.0862567565	0.0392236062	-0.0414284876	-0.1063581565	-0.0220104099	0.0637383259	-0.15855445	-0.0139709502	0.0786922127	0.1065984183	0.0686276735	-0.0559038095	0.1450786402	-0.0030101116	0.0968923639	0.0131224335	0.0463373014	0.01486178	0.0667854377	0.0838519027	0.0430134562	0.1275862967	-0.1013230746	0.0353483765	0.0904421907	-0.0502404416	-0.1046669353	0.098705749	-0.1088070932	0.0775992593	0.1612017343	0.0754214877	-0.0024310441	0.0732741465	0.0969557092	-0.132671365	-0.1514133858	0.0156569212	0.0090782682	0.1415264299	0.0941906206	-0.0331774386	-0.0886022211	-0.0681726161	0.0132812983	-0.0196494708	-0.023013721	0.1145764119	-0.0380053591	-0.0784681907	0.0117424937	-0.0319319128	-0.1274440965	0.0373323841	0.179908759	0.037146375	-0.0383474405	-0.0904716714	0.0982378286	0.0	0.089533967907343	-0.0001274143058509	0.0080163314092331	1.6234405335468324e-08	0.1115221550095668	-0.0228766005992752	0.0005233388549787	0.0124371910579778	-0.0968911354573691	3.216919647289207e-05	1.0348572017115314e-09	0.0093878921302182	-0.0004110003288766	-0.0001110001198374	1.6892127033667337e-07	1.2321026603939358e-08	0.0008340000058311	0.0001679999934466	2.8223997798057642e-08	6.955560097262749e-07	1.7143425312405585e-07	7.202914329484185e-08	5.188197483788861e-15	2.9389703144202857e-14	0.0
547.397662436939	1.5812924877819796	2.500485931915722	299644.200841425	591.3977692329278	-1.725282620575399	2.9766001208595165	349751.3214536833	514.4340919902306	0.7905820016642338	264642.43500181305	0.6250199013554265	513.5523611671222	461.8503296840967	1.151713	19.835848	0.0496714692372551	0.0377257873318659	-0.073087702	0.0727268918	-0.0265129892	0.0309046722	0.128275375	0.0628741953	0.0359138125	0.003844151	0.0399229324	0.0283946085	0.0575873443	-0.2088983703	-0.0437078445	0.0601808937	-0.0249586933	-0.0170489637	-0.0475920621	-0.0305144187	-0.0223652462	-0.0221366017	-0.0956730403	-0.1133709615	-0.0156007521	-0.0955420331	0.0454907064	0.0641620263	0.0549985269	-0.0352184702	-0.048744419	-0.0284452964	-0.1026434722	-0.0600460749	-0.0610879117	0.0275505246	0.0147270209	0.0449425428	-0.1293793003	0.0144400471	-0.0870367312	0.0925161518	0.102648438	-0.0012878028	0.0021263956	-0.0415775044	-0.045229545	0.0243299113	0.1618801603	0.0225738001	-0.0024172863	-0.0608671664	0.1118390548	-0.0522005641	0.0029348054	0.162060762	0.0098303504	-0.0592629974	-0.0521302798	0.0085867675	0.0304666952	-0.0797131169	0.1278117672	0.0787390213	0.0783122684	0.030274982	-0.0548238891	0.1194718663	0.0465731346	0.0735932182	-0.0007604297	-0.0360837844	-0.0693192458	-0.1478955778	0.007161091	0.0597440466	0.1467755893	0.0147387568	0.0069463327	0.0505069795	0.2115191786	0.0115888854	-0.1421208337	0.0496227383	-0.0295377075	0.0740718498	0.1409424862	0.1051243329	-0.0886514415	-0.0084942956	-0.0481660836	-0.1208410911	-0.0651825626	0.1099581418	0.1198119973	-0.0620662935	-0.0122970158	0.058702987	-0.035894974	-0.0941676212	-0.0475533531	-0.0271476945	0.03815846	-0.0649722392	0.0894342751	-0.061314132	0.0404569209	-0.0735313135	0.0312257838	0.029784669	-0.0205387368	0.1456787729	-0.0256591263	-0.0406438432	-0.0873402943	0.1019236731	0.0	0.0894886094081073	-4.535849923570368e-05	0.0080082112137967	2.057393452915331e-09	0.1115935774356415	7.142242607469096e-05	5.101162946394695e-09	0.0124531265248845	-0.1325629682325626	-0.0356718327751935	0.0012724796535413	0.0175729405466274	-0.0003594060511406	5.159427773600002e-05	1.291727095964796e-07	2.6619694950995073e-09	0.0008340409716218	4.096579069999724e-08	1.6781960076759805e-15	6.956243423438362e-07	-0.0002258504329552	-0.0002260218672083	5.108588445633728e-08	5.1008418066051295e-08	0.0
548.3829756870498	0.9853132501108348	0.9708422008439764	300723.88802338345	592.5512823977713	1.1535131648435026	1.3305926214672736	351117.0222712433	516.1315793335892	1.6974873433586026	266391.8071853851	2.8814632808626466	515.0227395368912	473.06862798955086	1.193124	20.549076	0.0506069290759633	0.0301100948563849	0.0666570484	0.0007828442	-0.1715233781	0.0680282017	-0.0439550573	-0.074487008	0.0363539016	0.1499469643	-0.0328430897	-0.0860820192	0.0378543685	0.0057250833	-0.0393056588	-0.0375626271	-0.0104544351	-0.1490326619	0.0975420712	0.0465609132	-0.0969929595	-0.0689791449	-0.1045317441	0.1450259154	-0.0827709926	-0.1433886813	0.063749572	-0.0457963888	-0.0710821442	-0.073078683	0.0069515963	-0.020428888	-0.0919754864	-9.90314e-05	-0.175552326	-0.0500127615	-0.0814033358	0.0439388391	0.0067935564	0.035155886	0.1071948489	-0.0535805387	-0.0788809714	0.0788619291	0.1016166995	0.0687695563	0.0140730896	0.0451595156	-0.0183328234	0.0015315094	0.0533185126	-0.0471553573	-0.0211988413	0.0632087335	0.1687060579	-0.0713223718	0.0593244771	0.0031717058	0.0716545369	0.1029037957	-0.0108145652	0.119287353	0.0685931161	0.0212220184	-0.0401772614	0.0112428535	-0.0093230598	-0.1606214535	-0.1016885626	0.1494189778	-0.0597644835	-0.1984879033	0.0575871959	-0.1349177616	0.0651854222	0.0603428694	0.0003816966	-0.0106671573	-0.0090699198	-0.0955905371	0.0293482869	-0.1492347095	0.0684546078	-0.0834245591	-0.0504134145	-0.0512752893	-0.0711483438	0.0030243675	-0.099982219	0.1148654757	0.1280498492	0.0332309909	-0.0504195656	-0.0202012068	-0.0283120548	0.0183534747	0.0371804856	-0.0052426814	-0.1070542198	-0.1213255676	-0.0838432642	-0.1371010921	0.1268740946	-0.0960876057	-0.1527060265	0.1922293922	0.0909054926	0.0436109557	-0.0279045846	0.1515828024	0.1314739668	0.070461063	-0.2579999313	-0.0429221782	-0.0840536294	0.1052018558	0.0	0.0921654792373516	0.0026768698292443	0.0084944755630506	7.165632082718464e-06	0.1352931085516928	0.0236995311160513	0.0005616677751206	0.0183042252215801	-0.1164116514343049	0.0161513167982577	0.0002608650343176	0.0135516725896621	-0.0004109514475563	-5.1545396415700025e-05	1.6888109224861844e-07	2.656927891651661e-09	0.0008340238085053	-1.7163116500067133e-08	2.945725679948766e-16	6.955957131536853e-07	-0.0001158287658392	0.000110021667116	1.2104767234983917e-08	1.3416302995832224e-08	0.0
546.6761020678888	-1.7068736191610014	2.9134175517877754	298854.76057214075	593.1752555329921	0.6239731352208082	0.389342473477285	351856.88377663045	515.2119893081316	-0.9195900254576372	265443.3939268423	0.8456458149211779	514.2975015290745	468.5192415176927	1.059771	18.252338	0.1028620024383518	0.0706640346780755	0.134823536	-0.0184392033	-0.0126961803	0.0356451035	-0.0772534538	-0.105117514	-0.0454227413	0.017326928	-0.0947460043	-0.0366383875	-0.1490188839	-0.0059135615	0.0011534516	0.0850739541	-0.0074349209	0.0269857552	0.0005645382	0.0466862083	-0.0438822637	-0.0189060765	-0.0514104756	0.1559852164	-0.0094475274	0.000220756	-0.1387120578	-0.0470854804	0.0812631797	-0.021637245	-0.0077837047	0.1258785421	-0.191685565	0.2011441395	-0.1165332312	-0.0242157598	-0.024818966	0.0435704201	0.0646471343	-0.0246759918	-0.0003616389	-0.0008172035	-0.1373502965	-0.0980125037	-0.0084592495	-0.023152169	0.0399868553	0.141984056	-0.0069502996	0.0578997733	-0.0423517168	0.0369407568	0.1240788478	0.0197887585	-0.0735055056	0.0596251403	0.0279489209	-0.0104716076	0.1018823954	0.0091236143	0.0463143757	0.0763948225	0.0121155871	0.0227846137	-0.1165038668	-0.114842353	0.0074641812	0.0707731683	-0.0581461813	0.0335385171	-0.0749745462	-0.085119904	0.0012935005	-0.0150317207	0.082135315	-0.0542515213	0.0112981669	0.0366685773	0.0722092762	0.1049125831	-0.0893576346	0.0601828359	-0.0429513034	-0.0755587296	0.0576924561	-0.0338705921	-0.1211205506	-0.0970079208	-0.0453509631	-0.0978402581	0.0266393139	-0.0280460394	0.0041970341	0.0884055257	0.1216439208	0.0238125795	0.0642780033	0.0483136145	-0.0527892404	0.0222505154	0.0748862686	0.047382236	0.0790582113	-0.115583049	-0.1162621388	0.0217683981	0.0312594531	0.0463546135	0.084926527	0.0298449395	-0.0223137248	0.1569182472	0.0944969531	-0.0451814325	-0.0806175202	0.1080592651	0.0	0.0895371024340931	-0.0026283768032585	0.0080168927122932	6.908364619907388e-06	0.0716298656709568	-0.0636632428807359	0.0040530084940915	0.0051308376560393	-0.1296905613074415	-0.0132789098731365	0.0001763294474188	0.0168196416922392	-6.100000174871172e-05	0.0003499514458075	3.721000213342833e-09	1.224660144228214e-07	0.0008340000320672	-2.377643809994053e-08	5.653190087203037e-16	6.955560534880907e-07	2.5469539525875903e-08	0.0001158542353787	1.342220385518922e-08	6.486974436601549e-16	0.0
545.5439033094261	-1.132198758462664	1.281874028664398	297618.1504380845	592.1333406092757	-1.0419149237163765	1.0855867082629027	350621.8930611005	514.8555664761376	-0.3564228319939957	265076.25433146453	0.1270372351666201	513.8039558636997	458.53797881073865	0.995686	17.148621	0.1218607093596651	0.0944077903709525	0.0697722424	-0.0053116521	0.1205519347	0.1196880272	0.0449465001	-0.0306901814	-0.1030658483	-0.0526903945	-0.0171626156	-0.1185944421	-0.0904400776	-0.069744798	-0.0637458198	-0.0046963164	0.1359820473	-0.0527031182	0.0236986446	-0.0071210923	-0.0470125293	-0.0226868874	-0.1793982162	0.019655111	-0.0224703556	0.011839623	-0.0482412151	0.0023314185	0.0620896818	-0.0336400367	-0.0038553185	0.0320420888	0.0694501967	-0.0010764477	-0.063791469	-0.110128872	0.0307653535	0.0126692334	-0.0496143832	-0.1312427219	0.0436529954	0.0657821298	-0.1411933483	0.0932949478	0.0092001462	0.1238928031	0.0027032381	0.0698603547	-0.0181730347	-0.2195206093	0.1068861114	-0.0954972828	-0.0678663548	-0.0771789877	0.0184350916	-0.1168438488	-0.1044234365	0.0792001017	0.0643190463	-0.0544212438	0.0295316235	0.0252657046	0.1221685707	-0.0579249684	-0.1155177633	-0.0578354157	-0.0537590023	-0.0441986373	-0.0922019997	0.0533893914	-0.0462676845	0.0449750263	-0.064072283	-0.0873137004	0.0512218544	0.1375858372	0.1181055302	0.01973258	-0.0542253031	-0.1057118304	-0.0323598147	0.1113665143	-0.0065777907	-0.0090140063	-0.0454304181	0.0138526963	0.072033427	-0.099806349	-0.1745314551	0.0407236243	0.0395568455	-0.0475649167	-0.1134230753	-0.1437136524	0.0776510266	0.0734015287	0.0790706643	0.1251545881	0.0880768482	0.0146743715	-0.0696760055	0.0192528373	-0.0177810866	-0.1086614427	-0.0135245992	0.0558252463	-0.0087779123	0.0285521203	0.0035732845	-0.021091398	0.0842291249	0.0292094045	-0.0672025634	-0.0474206018	-0.077038076	0.1104844722	0.0	0.0894737002202674	-6.340221382569733e-05	0.0080055430311062	4.019840717999445e-09	0.1621086301763341	0.0904787645053772	0.0081864068264195	0.0262792079776474	-0.116390413394825	0.0133001479126164	0.0001768939344974	0.0135467283302182	-0.0003014497102193	-0.0002404497084705	9.087192779129997e-08	5.78160623035909e-08	0.0008340182916763	1.8259609100017456e-08	3.334133244854403e-16	6.955865108506538e-07	-0.0001198744569377	-0.0001198999264772	1.4375992369244171e-08	1.436988542610849e-08	0.0
545.2593795102288	-0.284523799197359	0.080953792309699	297307.7909438797	590.5072891752599	-1.6260514340158352	2.644043266064954	348698.858569114	514.2062787354447	-0.6492877406928983	264408.09709095384	0.4215745702140883	513.3741419594118	458.47464741370914	1.045409	18.004986	0.0737107805087315	0.053222632770952	-0.0047359727	0.1256737108	0.0592562149	0.1035804651	0.0806379522	0.0456823877	0.0636174469	-0.1328923219	0.0350850738	-0.0581524246	-0.0846092953	-0.0726847955	-0.044751072	0.1376328584	0.0133276248	-0.0338722235	-0.0507229134	0.0541220998	0.0242846873	0.0110430157	0.0004702601	0.0176239342	-0.0717093306	-0.0489358298	-0.0266623493	0.0136300276	0.0943356713	-0.0882079152	0.0763072099	0.0361058083	0.0626790648	-0.0724090807	-0.085178651	0.1420913107	-0.0605822568	0.0802459585	-0.0633388645	-0.0399938984	-0.0064823281	-0.0865454698	0.1390262817	-0.0815660377	-0.1154526329	9.38248e-05	0.1136515902	0.01477966	0.1519832047	-0.0403590087	-0.1112498181	0.0742716924	0.0902410553	0.0582915059	0.0303813144	-0.0319799443	-0.0388414513	-0.0514724411	-0.0461629335	0.0423049619	-0.0022094443	-0.1057519986	0.0458567054	-0.0995463924	0.0236780689	-0.0640399532	-0.0014452689	0.0281052151	-0.087118614	0.0861241524	-0.0839393132	-0.0485854889	-0.1418666561	-0.0254426093	-0.0130981054	-0.0576881134	0.0488860441	0.0223449055	-0.0070789522	0.1711650737	0.0283664368	0.0569574317	-0.0853351505	0.1015797482	0.2334993761	-0.0015603867	-0.1305001946	0.0114148844	0.0539936968	-0.0033728207	-0.0131752364	0.0062586989	0.0315285941	0.0529388288	0.1016568075	0.0016168112	0.1854680088	0.0727666507	0.0471339424	-0.0396498147	-0.1330999193	0.006976494	0.0599041722	-0.0534210904	0.1241136508	0.1188001653	0.0737780883	-0.1148106909	0.0043348222	0.1343975542	-0.1265990829	0.1018620921	-0.0370138984	-0.0496386907	-0.0733216609	0.1124677771	0.0	0.0894401931414705	-3.3507078796901624e-05	0.0079995481491835	1.1227243295017743e-09	0.1119607566993465	-0.0501478734769875	0.0025148092142639	0.0125352110406902	-0.1334438613300221	-0.017053447935197	0.0002908200864784	0.0178072641266661	-0.0002859501020282	1.5499608191100003e-05	8.1767460849938e-08	2.4023785407761426e-10	0.0007350193714263	-9.899892025e-05	9.800786210665861e-09	5.402534763719133e-07	-0.0001348949688516	-1.5020511913900011e-05	2.256157781556122e-10	1.8196652621474137e-08	0.0
546.7651096762745	1.505730166045737	2.2672233329401226	298952.0851593085	590.3096970380362	-0.1975921372236371	0.0390426526926046	348465.5384171381	513.6431556293983	-0.5631231060464188	263829.29132492625	0.3171076325633662	513.2607997674593	462.5977791513943	1.060414	18.263426	0.0742231750114416	0.0478598815569425	0.0667016739	0.0344419561	0.0098229448	0.0014734963	0.1511483454	-0.045999459	0.0284075263	-0.0977047902	0.0221702515	0.1813700769	0.0030570886	0.0957057922	-0.088159833	-0.0748133903	0.0062632487	-0.2316252581	0.0106955223	-0.1193438401	0.0429909237	0.1058241238	0.0191431288	0.0025741993	-0.067501147	-0.0811154009	0.0312485685	0.0204947009	-0.0183175019	-0.0216375773	0.0392653401	0.0468660836	0.1196924454	-0.1059176647	0.1015382291	0.0263354683	0.0266341055	0.004554877	-0.1090935635	-0.0852159576	0.1932896447	0.0070249809	-0.1102265526	-0.1503813522	-0.2068781562	-0.0175181053	0.0494041069	0.0123445113	-0.037397239	-0.0094102153	-0.0348220183	0.0760102843	0.0298995434	-0.0665570611	0.1401990116	-0.0605901969	-0.1533586926	0.0722202786	0.0465826785	0.0251182717	-0.0339519104	-0.1632116413	-0.0831122537	0.0657004018	-0.0185268304	0.0217526345	-0.0565814252	-0.2175155808	-0.1252575568	0.0394602081	0.040526533	0.0795648761	0.0319723537	-0.050348998	0.0666912052	-0.2415342013	0.2197149938	0.0130064071	-0.101426549	0.2503114468	0.0249950513	-0.0971995646	-0.004784053	0.1914912786	0.0729365614	-0.1076979234	0.0212688941	-0.0533821203	-0.0281715209	0.0308737574	0.0168604599	-0.0268237663	0.0062028444	-0.0567675004	0.1022541492	0.0744726115	-0.0261629051	0.043700159	-0.009688127	-0.0608562713	0.1530625646	-0.2203479407	-0.0024939662	0.0071088337	0.1592064101	0.2087452839	0.0453594618	-0.0816863254	0.1512989794	0.0211831596	-0.0767701909	-0.0041541884	-0.123355594	-0.0518347133	-0.0694748826	0.1140012473	0.0	0.0894802302992587	4.0037157788191946e-05	0.0080067116144083	1.602974003756579e-09	0.1461375014633716	0.034176744764025	0.0011680498826653	0.0213561693339569	-0.1290477967996537	0.0043960645303683	1.932538335516308e-05	0.0166533338588447	-0.0008129128458068	-0.0005269627437786	6.608272948777102e-07	2.776897333306704e-07	0.0006751061492835	-5.991322214280001e-05	3.5895941875325013e-09	4.557683128003955e-07	-0.0002602255741154	-0.0001253306052638	1.5707760615790455e-08	6.771734942368955e-08	0.0
547.0370467738775	0.2719370976029722	0.0739497850527284	299249.5305430854	590.1239510229078	-0.1857460151284158	0.0345015821360856	348246.2775708873	513.8308858216263	0.1877301922280594	264022.1792242372	0.0352426250739841	513.1775342065835	461.5922256749938	1.174651	20.230917	0.0985114995714525	0.0614954176815107	0.0017307979	0.0089667588	-0.0068301987	0.0326444607	-0.0605065336	-0.0254900231	0.0621841719	0.0390616682	0.1330140726	-0.0676373585	0.1301333338	0.0273297371	-0.0135172759	0.1282606078	0.0695212029	0.1416231736	0.0395875721	0.1671833146	0.1001137643	0.0561887259	-0.0418181584	0.0009186503	-0.0377114185	-0.02631602	0.0898771609	-0.0522802604	-0.0859365543	0.131796286	-0.1486945971	0.0071267491	0.1432972867	0.0323287143	-0.0583270877	0.163420099	-0.090508666	-0.0951918873	0.0134940749	0.0162609128	-0.0349549965	-0.0041527389	-0.0067841208	-0.1323974186	0.0724958729	-0.041618305	-0.0885394039	-0.0600745561	0.0460513784	0.0377550272	0.1013073738	0.0534580718	-0.0518506354	-0.0481425461	0.1064994875	0.0693077087	0.0156577723	-0.0396094766	0.0068335468	0.0183656338	-0.0712060211	0.0048931147	0.067946294	-0.069921404	0.0434919621	0.0339380527	0.1031948898	0.1328193403	0.0500543425	0.0006752939	-0.2178138248	-0.0235817072	0.1121331384	0.0570126441	-0.0424186459	-0.0059924729	-0.0729481048	-0.1828763086	0.0208705808	-0.0478996336	0.0361649374	0.0221146794	0.1836247981	0.1975532114	0.0024268672	0.0362482577	-0.1139201899	0.1472342661	-0.0515448109	-0.0206459019	0.0760798135	0.02650683	0.0011079542	0.0649427645	-0.0028415484	-0.1241459879	0.1370147629	0.0063526272	-0.0596212779	-0.1338684459	0.0747551017	0.0488590444	-0.1163707221	0.0120644338	0.0921792828	0.0239597924	0.1120042031	-0.0820000097	0.0054556819	0.179696973	-0.0664218118	-0.125145702	0.0677991778	-0.0540076933	-0.0655045805	0.1150787493	0.0	0.0896954579215645	0.0002152276223058	0.0080452751717591	4.632292940340917e-08	0.0954519750863482	-0.0506855263770233	0.0025690225841159	0.0091110795478848	-0.13970055013489	-0.0106527533352362	0.0001134811536213	0.0195162437079909	-0.0003640002509616	0.0004489125948452	1.3249618270010777e-07	2.015225178106507e-07	0.0007049999339634	2.989378467989996e-05	8.936383624882215e-10	4.970249068883983e-07	1.2789109724023408e-07	0.0002603534652126	6.778392684822949e-08	1.635613275331101e-14	0.0
546.8012946143937	-0.235752159483809	0.0555790807012793	298991.6557919769	592.2930081577624	2.1690571348545973	4.704808854263635	350811.00751257123	514.2013203278752	0.3704345062488983	264402.99782693014	0.137221723419865	513.4801145423769	463.4584929286339	1.141011	19.651539	0.0768918981889674	0.0456383276383827	0.0142283903	0.0028558613	0.0038994508	0.0446509005	-0.1137584891	0.0135500976	-0.0100408644	0.0251489026	0.0339341411	0.0969671566	-0.0107047147	0.0772081469	0.1263108779	0.0780078014	-0.1179772034	0.0461323233	-0.0748389518	-0.1524847824	0.0162613367	-0.0613795788	-0.0213028416	0.0488129914	0.1265348009	0.061716298	-0.0314314447	0.141962169	-0.0038202143	0.0715746818	-0.0422739631	-0.0972574039	0.1660161587	-0.0733935472	-0.0001050818	0.0654503725	0.1104643815	-0.0397586881	0.0264338926	0.0215435986	0.0448663788	-0.0073105282	0.0833261654	-0.1056728079	0.0066318978	-0.0627849795	-0.0720213289	0.0595582638	0.0841400057	-0.008156222	-0.0043190022	0.0900589505	0.1310526642	-0.0316309111	-0.0799134959	-0.0979068606	0.0957614826	0.1671260928	-0.0349261888	0.0016383768	-0.0072096025	0.0684598771	-0.0406599311	0.0427931843	0.0024985846	-0.1395047071	0.0756589667	0.0596077608	0.189932318	-0.0685125568	0.07721968	0.0275300719	-0.0149044056	-0.0306026898	-0.0509757705	-0.0476472634	0.1940199681	0.0887596438	-0.0068678721	0.1904846639	-0.0280120762	-0.2504410338	-0.0113465469	0.0159342849	-0.0465386535	-0.0489075489	-0.1153576021	0.0516178837	0.0791790941	-0.0001526974	-0.0664824766	-0.0317336606	0.0599915646	-0.0277677979	0.0993081887	0.0465118824	-0.1076779008	0.0721502673	-0.159076917	-0.0176321148	0.0891747099	0.1298968641	-0.0938285944	0.1411702402	-0.1194229431	-0.273887459	0.1810560897	-0.0188496114	0.091732293	0.0367521408	0.1142802751	0.1369075829	-0.1238455984	-0.0561566646	-0.0614178136	0.1156959735	0.0	0.0850380534780583	-0.0046574044435061	0.0072314705393371	2.169141615039124e-05	0.1304143370589656	0.0349623619726174	0.0012223667547043	0.0170078993105294	-0.1396148341919882	8.57159429017984e-05	7.347222867544364e-09	0.0194923019264563	-0.0007539233420405	-0.0003899230910789	5.684004056735167e-07	1.5204001695652414e-07	0.0006040947231236	-0.0001009052108398	1.0181861574624498e-08	3.649304345057789e-07	-0.0002527721235829	-0.0002529000146801	6.395841742521517e-08	6.389374646060887e-08	0.0
545.9850319154481	-0.816262698945593	0.6662847936899438	298099.6550757128	590.5341150801061	-1.758893077656353	3.0937048586274374	348730.54107344395	514.5107497877747	0.3094294598994338	264721.3116471781	0.0957465906536553	513.89633363787	461.5105469501476	1.287668	22.177395	0.0489059577941427	0.0282236817629036	0.0320603326	0.0776900781	0.0399810244	0.011698692	-0.1014420016	-0.0186170161	0.0516695689	-0.0504823596	0.0417514986	-0.1417659824	-0.0368942264	0.0511587484	-0.0458087022	0.0617265309	-0.0568421036	-0.0302721437	0.0432744986	0.1924975411	-0.0433278923	0.0119943194	-0.0129693898	-0.0914844415	-0.0958927014	-0.1095277667	0.0872395445	0.0249415931	-0.0398328319	-0.0963360939	0.0303278016	0.0860975253	0.0103791402	0.1008648458	-0.088378683	-0.144649995	-0.0660461335	-0.026720003	0.0615660616	-0.1689139551	0.1378155521	0.1599990284	0.0875979293	0.0475828963	0.0756210801	-0.0414812097	0.1102149383	-0.1343362692	0.0295795068	-0.0038371924	0.0122592935	0.0044499822	0.0256038187	-0.0003474481	-0.0743178907	-0.067285575	0.1078808428	-0.0036114446	0.0141068436	0.0692386483	0.001906953	0.0146958297	0.0613762793	-0.1361125008	0.0062383706	-0.0010488125	0.0018394984	-0.0132981992	-0.1196930202	0.1509279336	-0.0624418663	-0.0032612622	0.1527969975	0.0186552617	0.1793456254	0.0216599823	-0.0539484469	-0.0595762007	0.1789230265	-0.1870966724	0.0264020985	0.2143954864	0.0941093517	0.0859394459	-0.0297468989	-0.1329066213	0.0022325016	-0.0676805214	0.0124470685	0.0494217216	0.1223762119	0.0710748868	-0.0123779272	-0.0484424992	-0.0366013966	-0.0772930928	0.0959604194	0.1261150339	0.0193345315	-0.1469220697	-0.0824126838	0.0225219578	-0.1058747535	0.0763258343	0.0825143349	0.1107842372	0.1515851106	0.1407637184	-0.1695470297	-0.0209772099	-0.1016122976	-0.1674954694	0.036749801	-0.0582806721	-0.0572218481	0.1158504512	0.0	0.0896260537299014	0.004588000251843	0.0080328295071951	2.104974631091232e-05	0.1260702314181969	-0.0043441056407687	1.8871253818158463e-05	0.0158937032498377	-0.1294547702817823	0.0101600639102059	0.0001032268986594	0.016758537548709	-0.0002724389144131	0.0004814844276274	7.422296208658843e-08	2.31827254047685e-07	0.0006520252153385	4.793049221490009e-05	2.297332083962598e-09	4.251368814372174e-07	-0.0001859112835987	6.68608399842e-05	4.4703719233927975e-09	3.4563005369316266e-08	0.0
546.1419577166197	0.1569258011716101	0.0246257070733517	298271.037978542	592.2276530508268	1.6935379707207403	2.868070858272923	350733.5930380905	514.5963628346683	0.0856130468936271	264809.4166426696	0.0073295937984104	514.0989826794902	461.5825265811162	1.166407	20.088926	0.0363710179515502	0.016889885920399	0.0242301244	0.0457145995	0.0661102055	-0.0082913373	-0.0230915088	-0.0208913161	-0.0250068757	-0.0892344442	0.0450643621	0.052231919	-0.0658391135	0.0106663614	0.0001395371	0.1052373916	0.0173626034	-0.052536699	-0.1159221816	0.0207716439	0.0015179732	0.0625469597	-0.0149454874	0.0909046398	-0.0121950353	-0.0403818846	-0.0486420379	-0.044255242	0.0694211968	0.047849362	-0.0393956624	-0.0637820237	-0.0184824201	0.14941783	-0.0657951692	0.1044174783	0.0402865113	0.0489923269	-0.1764652411	0.120809727	0.2127505356	-0.0148603868	0.0473709763	-0.007424463	-0.099987403	-0.1169823764	0.1336722702	0.0181055668	0.0079415176	-0.0914642326	-0.0530995862	-0.0964111034	-0.1888406922	0.1264869105	-0.0210772395	0.0989210652	-0.0176519308	0.0211399495	0.0300654042	-0.0337276801	-0.0266468996	-0.0423571129	-0.0109922125	-0.0517876945	-0.0007491189	-0.1207781273	-0.0650231814	0.0784095441	0.0304723297	0.0118338427	-0.1153340052	0.0118808927	-0.248515321	-0.0128378032	0.0325563145	-0.0459350283	0.1344999003	-0.0100316817	-0.0683842272	0.1202157231	0.2076372452	-0.024760586	-0.0338816126	-0.0780491783	0.2445055585	0.0005643975	-0.0188682167	-0.0460288	0.0154150623	-0.0541318663	-0.0512777071	0.0039545345	0.0905655308	-0.0233530751	0.1428208489	0.0206937313	0.0458580782	0.0888915095	-0.0038431635	0.0121459734	-0.1595232792	0.03419604	-0.1244308227	0.0820447803	0.1162948334	0.1213501721	0.2419510913	-0.0801573282	0.1752699051	0.1405676053	-0.0842608625	0.100807139	0.0037639359	-0.0603787714	-0.0529241442	0.1155415645	0.0	0.0896729060930852	4.685236318380248e-05	0.0080412300871792	2.19514393590693e-09	0.1173821234312555	-0.0086881079869414	7.548322039275501e-05	0.0137785629012305	-0.1397615769841422	-0.0103068067023599	0.0001062302643998	0.0195332984010943	-0.000407999775319	-0.0001355608609059	1.664638166603545e-07	1.8376747009548773e-08	0.0006769999555498	2.4974740211300005e-05	6.237376486219253e-10	4.583289398144313e-07	1.38133265401892e-07	0.0001860494168641	3.4614385515472364e-08	1.908079901058953e-14	0.0
546.0007488422401	-0.141208874379572	0.0199399462035457	298116.81773628696	589.0748049202612	-3.152848130565644	9.940451334411277	347009.12579184375	514.4930269081174	-0.1033359265509261	264703.0747370768	0.0106783137161384	512.4877088989471	457.36844475480274	1.166064	20.083014	0.0404789093313132	0.0267320946772159	0.0179395618	0.0708076891	0.0869569282	-0.1387642964	-0.0184279551	0.0036539896	0.0864341787	-0.0774530143	-0.1584093203	-0.0110226508	-0.0900460437	-0.0234193972	-0.0128912483	-0.193623905	-0.0727640138	-0.0333105151	0.0983694897	0.008079531	0.011004202	-0.0124009219	-0.0418769943	-0.0049704367	-0.0873428108	0.0482229963	-0.1067389501	0.1400490504	0.0157907614	0.201996235	-0.0137690836	-0.1178291809	-0.0479089739	0.1303063254	0.0406764957	-0.1088042674	0.0054259875	-0.0437534247	0.1258385755	0.0618974168	0.3181981956	-0.0520073377	0.041393844	0.0912955636	-0.0775158004	0.0858604864	-0.1051009062	-0.0080585042	0.0793890627	0.0799763754	-0.161705913	-0.0465774027	-0.0164806097	-0.0584855535	0.048456986	-0.2323879863	-0.0320788207	0.0570724687	-0.0071052857	0.0688814955	0.1189289075	-0.0598810935	0.058375515	0.0587759456	-0.2221055	-0.00334777	0.2023462988	-0.1111109839	-0.0617956572	0.1060347035	0.0886378152	0.1276644608	0.0079932515	0.3205181245	0.073506591	-0.0147710807	0.0563327681	0.0960421777	0.0146756069	-0.099527169	0.0524086386	-0.0723637699	0.0380885726	0.0120003189	-0.0451838835	-0.012846587	-0.097508347	0.0368832206	0.0799986183	0.0430108403	0.0743991352	0.0101066514	-0.0063797098	-0.0931632685	0.0213760187	-0.0565371453	-0.0294934538	0.0878982019	-0.0129269034	0.2519933534	-0.0058532985	0.0289199346	-0.0756997254	0.1701611946	0.0098725188	-0.0918278194	0.1996828674	-0.0716519615	-0.0304407337	-0.0745789716	-0.1240273282	-0.1298896649	0.0318813073	-0.06245003	-0.0485323432	0.1147705489	0.0	0.0896540698323065	-1.8836260778698488e-05	0.008037852237496	3.5480472012313503e-10	0.1304273424918278	0.0130452190605723	0.0001701777403383	0.0170112916694805	-0.1394313725576239	0.0003302044265183	1.0903496329229345e-07	0.0194411076533029	-0.0007920005172951	-0.0003840007419761	6.27264819395706e-07	1.4745656983819537e-07	0.0008340001144879	0.000157000158938	2.4649049906588628e-08	6.955561909658302e-07	8.302240200797257e-07	6.920907546778337e-07	4.789896127105335e-13	6.892719235173408e-13	0.0
546.2105971669056	0.2098483246654723	0.0440363193649054	298346.0164574276	592.3081781419658	3.2333732217045963	10.45470239083636	350828.97789385467	513.8901628392343	-0.6028640688830365	264083.0994629348	0.3634450855502105	513.1459929048495	459.83548226459993	1.148744	19.784714	0.0775059863154595	0.0476787342699118	0.0149868611	0.0066713006	0.0896087586	-0.0905441734	0.0039569853	-0.0415438431	0.0112883982	-0.1136702767	0.0506851034	0.0863791824	0.0320533615	-0.0425350733	0.0269306337	0.0167713639	0.0130180301	0.1965198564	-0.0708039107	0.0923560782	-0.0158466534	-0.0217246734	0.1106542638	-0.0517300444	0.1051011509	-0.0115984466	-0.0062831237	0.1392192548	0.0854666949	0.0233808095	-0.0840223274	-0.0490399787	-0.0575573286	-0.0452509552	0.0309736604	0.0008993135	-0.0050282755	-0.051842105	-0.0967198087	-0.0936954734	-0.079806321	0.0751184287	0.073546914	0.1130295544	0.0887503669	0.110109806	-0.0992203852	0.0485333527	-0.1290186003	-0.1673693143	-0.0786183516	-0.0756069555	-0.0701216178	0.1304642504	-0.1688457731	0.015485973	-0.0127117473	0.0764508774	-0.0030256856	-0.022479737	0.0150459701	-0.1035808041	-0.0759299314	-0.0363863144	0.0831841856	-0.0233958206	0.1483162126	0.1241584813	0.1689844271	-0.0176855834	-0.0402274963	-0.0091725029	-0.1491750109	0.0076955168	-0.0926124519	0.2272415649	-0.0998356645	0.1742055156	-0.0958071419	-0.0937361429	-0.0572960818	0.1581675412	-0.0228659745	-0.0590894702	0.0538954631	-0.1244130887	-0.0565355389	-0.0200204521	0.0056189459	-0.0863660632	-0.0217359443	-0.0042329477	0.131502869	0.0617726767	0.0445887651	-0.0433999025	-0.0325229315	0.057406104	0.0360177659	0.0927425938	0.1110992458	-0.012089316	-0.0933552698	0.093518683	-0.1362514517	-0.2302387125	0.1043365159	0.0717044433	-0.1929300517	-0.0928972254	0.0852342683	0.2226106692	-0.0778747055	-0.064493527	-0.0440542534	0.1135404882	0.0	0.0894658828774908	-0.0001881869548157	0.0080041441990489	3.541432996280841e-08	0.0981346779950627	-0.0322926644967651	0.0010428161803006	0.0096304150251946	-0.1457634956418587	-0.0063321230842348	4.0095782753899344e-05	0.0212469966617341	-0.0002828901473575	0.0005091103699376	8.002683547194807e-08	2.591933687779999e-07	0.000834037635123	3.752063510006811e-08	1.4077980583124633e-15	6.956187768015665e-07	-0.0002638821210001	-0.0002647123450201	7.007262560608267e-08	6.96337737835114e-08	0.0
546.2984335724533	0.087836405547705	0.0077152341395409	298441.97852371616	589.0208021907483	-3.2873759512174274	10.806840644642683	346945.50541343266	514.2897372354988	0.3995743962644837	264493.9338257584	0.1596596981501267	512.788105343857	459.6003621758921	1.120029	19.290171	0.104479029817212	0.0706555889067186	0.0140933963	0.0245430037	0.0667679464	-0.1572632142	0.013981703	-0.0060734487	0.0559197887	-0.0805352869	-0.0934870312	0.0085489538	0.0284693502	0.1222487211	-0.0439799869	-0.2227304502	0.1115651699	0.0090751061	0.0334381125	-0.2455605006	-0.0048094036	0.0986061052	-0.0351284947	-0.0052250022	0.0011651039	-0.063034375	0.0671355419	-0.12245453	-0.0218102996	0.0627854624	-0.0209931335	-0.023225967	0.0052055938	-0.0199986609	0.1320188646	-0.1128062279	-0.0614712112	0.0176814922	0.0019486509	0.0824335156	0.020271241	-0.1021790575	-0.0162364715	0.0957594743	-0.1599680172	0.0114051722	0.0418848887	-0.0514943179	0.0511571108	-0.0494332115	0.1112733243	0.12832352	0.0107282677	0.1012502632	0.1055063206	0.0078656902	-0.0140327997	-0.0009104751	0.0245636453	0.011145953	0.0448286673	-0.1101393319	-0.0349836752	0.0021675364	-0.0487366759	0.0510357092	0.0235068112	-0.2442211257	-0.0443017239	-0.0435234873	0.0194507191	0.0526433541	0.0739012795	0.0789506696	0.1438166359	-0.1629201529	0.0110013378	0.009214413	-0.0720424742	-0.1123354933	0.0175604	-0.1594680926	0.135253609	-0.0548723118	-0.039006543	0.0387947443	0.1896931798	0.0778214491	0.0709217086	0.0420325879	0.058069002	-0.0541196113	0.0619314137	-0.0759557449	-0.0122825807	0.0010287515	-0.0743354462	0.0639531693	0.0647462431	0.0882193977	0.0828959017	-0.0628655558	-0.0648872521	0.1477420288	0.0487487288	0.181296611	0.1262940643	-0.150228576	-0.0184960213	0.0289617648	-0.1366874479	-0.0475756016	-0.0891926994	-0.066508354	-0.0394978367	0.1118563022	0.0	0.0917592891980234	0.0022934063205325	0.0084197671541264	5.259712551058871e-06	0.1584104349731347	0.060275756978072	0.0036331668792795	0.0250938659083777	-0.1284219760043612	0.0173415196374975	0.0003007283033377	0.0164922039208647	-0.000741876276734	-0.0004589861293765	5.503804099807025e-07	2.106682669600212e-07	0.0008341101029814	7.246785839996623e-08	5.251590501077556e-15	6.957396638956417e-07	-0.0002961904613874	-3.230834038730004e-05	1.0438288585816431e-09	8.77287894168809e-08	0.0
546.4129889554519	0.1145553829985601	0.0131229357739468	298567.15449923073	590.8033731751523	1.7825709844039466	3.177559314438855	349048.62575513823	514.273457971238	-0.0162792642607882	264477.1895736947	0.0002650144448725	513.3563679200817	458.8723621527619	1.11356	19.178743	0.1121476436479705	0.0623021714458463	-0.0186029376	0.0150560407	0.0807736908	-0.0631642134	-0.0139257993	-0.0104363965	0.0572222516	-0.0758921712	0.0744104317	-0.0123918612	0.0686714716	0.0222835294	0.0669994509	0.0919320376	0.0710605466	0.3700153433	-0.0301317961	0.0588320932	-0.0039069158	-3.49463e-05	0.0774779657	0.0465480575	0.0910084415	0.1092354541	-0.0115178022	0.0582578963	0.0395835599	0.083770283	-0.1105223204	-0.2328933286	-0.0831253229	-0.0210926717	-0.0723688076	0.1069206002	-0.1393277952	0.0032729759	-0.0453888431	-0.0470787332	-0.049695547	0.0551882332	0.0401505586	-0.1644121941	0.0595480403	0.0124560147	0.0583817293	0.0597635019	-0.1502548605	0.0711302842	-0.0973799017	0.0147918403	0.0565987613	0.059115925	0.0182552177	0.1550190761	0.0814467489	-0.0041289236	-0.0051697588	-0.0329903164	-0.0328145399	-0.0417289044	-0.0464604473	-0.0663404078	0.0492029099	0.0014510173	0.1661177019	0.2046155838	0.2384250169	-0.0075483688	-0.1383309054	-0.0228834269	-0.0634000141	0.1758787586	-0.0750817083	0.0298607469	-0.1883005594	-0.06086717	-0.1667228722	0.0263024074	0.0434751422	0.0177242446	-0.0355481325	-0.0417404205	0.0071827182	0.0299481341	-0.1346493976	-0.0193592001	0.0195865373	-0.0694243124	-0.0090554376	0.0581396877	0.1528891275	0.0380258411	-0.0131404537	-0.1159355598	-0.0035491209	-0.0086308878	-0.000188898	0.0911725772	0.1416271646	0.0965560188	-0.0922714078	0.1187929651	-0.0007307026	-0.19399352	0.1138321632	-0.1314377583	0.0070869963	-0.058205903	-0.1138313612	0.0444178431	0.1539811912	-0.0684936154	-0.0348711943	0.1097247271	0.0	0.089630948027235	-0.0021283411707884	0.0080337068442609	4.529836139272951e-06	0.1070578902729977	-0.051352544700137	0.0026370838471795	0.0114613918697052	-0.1512297029260736	-0.0228077269217124	0.0005201924073354	0.0228704230471084	-0.0004600001808369	0.0002818760958971	2.116001663699807e-07	7.945413343819113e-08	0.0009730003487384	0.000138890245757	1.9290500366439876e-08	9.467296786450482e-07	2.2381406515527974e-07	0.0002964142754525	8.786142269206332e-08	5.00927357613318e-14	0.0
547.6037478754969	1.1907589200450277	1.4179068056668	299869.86468729074	592.277798022254	1.474424847101773	2.1739286297510856	350792.99003009	514.9035444186844	0.6300864474463879	265125.66005492414	0.3970089312556097	513.7453420948608	463.4381016522696	1.133768	19.526793	0.0978792695464367	0.0471954752914211	-0.0390029693	0.0153159197	-0.0429745052	0.0411446716	0.0211385879	0.0196850394	0.0522587523	-0.0214217999	0.0557931906	-0.0485532417	0.1146038476	-0.0189878781	0.0067977604	-0.0363311995	-0.0453205084	-0.0926641521	-0.1209498612	-0.2632674324	0.0081466248	-0.0708539924	-4.78889e-05	0.0081819721	0.0604559177	-0.1194863917	0.0715865433	0.0715522339	0.0283085873	-0.0954371958	0.1266304588	-0.1742114545	0.0519942309	0.1695500099	0.1077215163	-0.0769198472	0.0141033137	0.0313798454	0.1131074321	0.1387747614	-0.0025761798	-0.0081592674	0.0662712413	-0.0128650804	0.0147477687	0.0586166216	-0.1669702359	0.0354377859	0.0129957927	-0.0782064269	-0.0889627085	-0.1939750389	0.0325706992	-0.0179642823	-0.0821502197	0.0789145325	-0.0698455927	-0.1499795496	-0.0464591089	0.0262283852	-0.0268703334	-0.0172372063	0.0368549059	0.0643612691	0.197540906	-0.120631662	-0.0019383894	-0.0962222612	0.1233553758	0.0782888615	0.2241171116	-0.0106068825	-0.1602807214	0.0264298486	0.1247377182	0.0807024443	0.1396267349	-0.1430038586	0.108433471	0.0009350686	-0.1045575504	-0.1177636113	0.1063477052	-0.1484999223	0.0566054927	0.0513795472	0.104729623	0.0028598554	0.0281275931	0.004540022	0.024713035	-0.0073870555	0.0318143256	-0.0602792653	-0.0140073675	-0.1275813791	-0.2621228826	0.0361935078	0.0435379352	-0.1815308406	0.0532603931	0.0089830227	0.0158175564	0.0435983824	-0.0150444464	0.0073549735	0.0456233825	0.0177867992	-0.1592673012	-0.2012900798	0.088167559	0.0804078882	-0.1631312645	-0.0704484286	-0.0301825523	0.1071542885	0.0	0.099159446062444	0.009528498035209	0.0098325957434107	9.0792274806982e-05	0.1403746945488677	0.03331680427587	0.0011100094471566	0.0197050548696879	-0.1393986183845186	0.0118310845415549	0.0001399745614294	0.0194319748075126	-0.0006787887024751	-0.0002187885216381	4.607541026078298e-07	4.78684172006291e-08	0.0008341720032813	-0.0001388283454571	1.92733095023559e-08	6.958429310583372e-07	-0.0005062169727156	-0.0005064407867807	2.5648227051511044e-07	2.562556234653465e-07	0.0
548.8147882240489	1.2110403485520465	1.466618725821062	301197.67177340767	594.5090926218841	2.231294599630018	4.978675590338085	353441.06121009594	514.9596546842852	0.0561102656007506	265183.44595255825	0.0031483619057867	515.0636610793401	469.7317428461498	1.105099	19.033022	0.1113712618319599	0.0649994286964374	0.032976342	-0.0973587316	-0.0583366076	-0.1434664866	0.0355103025	-0.0806263323	-0.0524842975	0.0893804849	-0.0088144828	0.0046791191	0.1422622366	0.0154411141	0.0225113276	-0.0059457707	0.0597020698	0.1253060123	-0.0217744254	0.1324865421	-0.0857897953	-0.0254966027	0.0264608506	0.0405290036	0.1032910091	-0.0926658858	0.0400634355	-0.0601185151	-0.057482351	0.1064742095	-0.1127204201	0.0326856877	-0.0128282764	0.0090027104	0.0512037972	0.1413101383	-0.1238904058	-0.1284461188	0.0461092535	0.0614141432	-0.0685344472	-0.0217399988	0.0924727638	0.0549942276	-0.0356608755	0.0590692909	0.1497805572	-0.1237814901	0.0527193487	-0.1228017784	0.0766300543	-0.0584294148	0.0284237917	-0.0082821564	0.06127693	0.0378608808	-0.0941312273	0.2151765347	0.0740253281	-0.022170188	0.0342472728	0.0406912575	-0.0477247351	0.0748455092	0.1290138056	0.0565559964	0.034745066	0.0470448216	0.0679053677	-0.028179837	-0.1143463135	-0.1296380476	0.0011184682	0.1173469266	0.0544017572	0.0509075444	-0.092807265	-0.025965024	0.0049377998	-0.0777938653	0.0330351106	-0.008800722	0.0762606372	0.0957915938	-0.0213640564	-0.0649457932	0.0679362527	0.0968043545	0.0275629018	-0.1174610268	0.0673925674	-0.0006822467	0.1518940701	0.087902977	-0.1045582725	-0.0906666811	-0.0784371863	-0.014436965	-0.0243069695	-0.0161523678	-0.0127743771	-0.0542348601	-0.0815487921	-0.0771865787	-0.0264099092	0.0331384776	0.0491541927	-0.0332762012	-0.1018073739	-0.0420882549	-0.0129660054	-0.1190803715	-0.0459660271	-0.0723719246	-0.0254402467	0.1041552675	0.0	0.0976760954139308	-0.0014833506485132	0.0095406196153113	2.20032914644456e-06	0.0873132145533617	-0.0530614799955059	0.0028155206593134	0.0076235974356413	-0.1566586742844293	-0.0172600558999106	0.000297909529668	0.0245419402285549	-0.0002469218088463	0.0004318668936287	6.097037968392871e-08	1.865090138125892e-07	0.000780024689521	-5.414731376030002e-05	2.9319315874563754e-09	6.084385162623325e-07	-0.0002009036743441	0.0003053132983715	9.32162101624846e-08	4.0362286364960186e-08	0.0
548.5787559664625	-0.2360322575864302	0.0557112266213469	300938.6514977116	591.9395698612019	-2.569522760682162	6.602447217663678	350392.4543674648	515.4585880832818	0.4989333989966553	265697.5560288104	0.2489345366343557	514.7000257215783	469.839632699804	1.016186	17.501678	0.1051283104705254	0.0660253493353806	-0.0466645309	-0.0948027906	-0.1054694718	0.0203257822	0.0325438202	-0.0147078324	-0.0461596074	-0.0064921689	0.0643892085	0.0657150273	0.0768658744	0.0824954003	-0.1599408101	-0.0282737923	-0.0754777394	-0.1953581268	-0.0955891234	-0.1230650004	0.0421645715	-0.0590212715	-0.0206930529	0.0874282426	0.0598465468	-0.1363343063	0.0458029877	-0.0132175845	-0.0412793992	-0.2280460995	0.1082752116	0.1197531982	0.0718989071	-0.0720644845	0.1586180892	0.0986453662	0.0105970472	0.0827546959	-0.0489786421	0.1588688919	-0.0009183124	0.0513650594	0.0606783371	-0.1625926808	0.0514937374	-0.0368207503	0.0927574876	-0.0239830472	-0.0586148295	-0.0221916427	-0.0127823577	0.1724869821	0.0862260519	-0.0014246333	-0.0777743459	-0.1040658729	0.0318773357	-0.024838009	-0.0211573139	-0.0467249262	-0.0869507505	-0.0204449716	-0.0363982927	0.1253177931	0.1816174012	-0.1007665109	-0.066684094	-0.1872101791	0.0023290611	-0.0176045958	0.0422133589	-0.0186336328	-0.0010238728	-0.1487912824	0.1158194857	0.02755315	-0.03423032	-0.0064286205	-0.0672764278	0.0536562152	-0.1787566313	-0.1222561742	0.0248057167	0.0401619037	0.1870534657	0.0026392123	0.0159597913	0.015898648	-0.0865476281	-0.0306572456	-0.0589453669	0.0190421695	0.0696783468	-0.0675230998	-0.0449391813	-0.0637813125	-0.2458372214	-0.0437212213	0.0590923333	-0.1558395999	0.0660109331	-0.1363300642	0.045882227	0.0086739125	-0.0123558547	0.1482505574	0.0030888084	-0.0078020737	-0.0578306333	-0.0500029698	0.1574760956	0.0087220673	-0.0509128577	-0.0742632484	-0.0206527093	0.100739659	0.0	0.0895019822474978	-0.008174113166433	0.0080106048262314	6.681612605765338e-05	0.1349145290487854	0.0476013144954236	0.0022658851416922	0.0182019301484555	-0.1465415235561806	0.0101171507282487	0.0001023567388581	0.0214744181261666	-0.0009509394099365	-0.0007040176010902	9.042857613703788e-07	4.956407826448001e-07	0.0007330798491718	-4.694484034919999e-05	2.2038180354118755e-09	5.374060652617491e-07	-0.0001671514741751	3.375220016900001e-05	1.1392110162482442e-09	2.7939615318909123e-08	0.0
549.076532945022	0.4977769785595001	0.247781920383825	301485.03903092584	594.1995178804559	2.259948019254012	5.107365049730129	353073.06704936625	514.6685174840097	-0.7900705992720987	264883.6828891884	0.6242115518341731	514.5732751749781	469.10470297022135	1.081214	18.621655	0.0827415429969303	0.0492780932955681	0.0399790811	-0.1021420569	-0.1058649362	-0.1215683448	0.0079178826	-0.0976961797	-0.0007292694	0.148771974	-0.078448035	-0.0394000978	0.0647024729	0.0151466342	-0.0418446104	-0.0556528947	-0.0825662408	0.1116488562	-0.0548932569	0.1623459754	-0.0309163223	0.0498122786	-0.0829411865	0.0680088467	-0.0777736854	0.0058774137	-0.0442015705	-0.0897842423	0.0156935347	0.0486665304	-0.0166858389	0.0377853649	0.054503856	-0.0755514444	0.1605528151	0.0801344317	-0.032605966	-0.0434664098	0.0076243355	0.1603887096	-0.0940009567	0.2818259167	-0.08338045	-0.0917549125	-0.1680336705	0.0393539013	0.0526598945	-0.0537408579	-0.0258349675	0.0182683262	0.0924098326	-0.1485051214	-0.133158079	-0.072311154	-0.0162991602	-0.0615962721	0.0488550527	-0.0781293871	0.0904902438	0.0224646239	0.0075107806	0.0442738	0.0390817637	0.1154701416	-0.0332038331	0.1324096528	-0.0056641795	0.0019911445	0.05289287	-0.128087425	-0.1337287484	-0.0668509216	0.0293523339	0.0838386673	0.1431017271	-0.0218602532	-0.1990748944	0.0082001964	-0.0668353655	0.0345126857	-0.0714759331	-0.0318390325	0.133911121	0.164558471	0.1203614316	-0.0480409031	0.1883457137	0.0872464296	-0.1367802047	-0.0793446179	0.0962990265	-0.0119597903	0.0989281695	0.0778227724	-0.1027615498	-0.1188425802	-0.0919438636	-0.0353645895	-0.0256133251	0.009489935	-0.0209307025	-0.0695870058	-0.1048694893	-0.1999992851	0.0277486281	0.0970747974	-0.0236029694	0.0250421615	-0.0469484972	0.0089469341	-0.0549067126	-0.2193088659	0.0169216308	-0.0761215592	-0.0158284522	0.0969211244	0.0	0.095846137459219	0.0063441552117212	0.0091864820658515	4.024830535040927e-05	0.1075352677005128	-0.0273792613482725	0.000749623951977	0.0115638337994209	-0.1569985893859922	-0.0104570658298115	0.000109350225769	0.0246485570691913	-0.0002889334297228	0.0006620059802137	8.34825268113802e-08	4.382519178387018e-07	0.0008340232486092	0.0001009433994373	1.018956988997848e-08	6.955947792206434e-07	-0.0001588796416837	8.271832491399996e-06	6.842321276578068e-11	2.5242740541540906e-08	0.0
548.2044644133587	-0.8720685316633308	0.7605035239174377	300528.13480273745	593.7715592788437	-0.4279586016122039	0.183148564693873	352564.6646084294	514.9049173893819	0.2363999053721954	265127.07395176624	0.0558849152599829	514.9983366322143	470.2294352536209	1.1427	19.680628	0.0960514246367521	0.054769855704742	0.0404871296	-0.2137770898	-0.0245519385	0.0860237787	-0.0775407433	-0.0530931816	-0.1931660425	0.031703382	0.0088565478	-0.0875484672	-0.0474247206	0.038325397	-0.060674569	0.1218323346	-0.0372294373	-0.0577864883	-0.0340263909	0.0323464475	-0.0150542313	-0.0271367025	-0.0329873212	0.1007704521	0.125251143	0.0931146166	-0.1883871593	0.05308631	0.1190854541	-0.1872856874	-0.0115250521	0.0295748221	-0.1037722358	0.0347094493	-0.0385061066	0.0076828856	0.0414429476	-0.1382535995	-0.0166277259	0.0338527013	-0.0421065944	0.0279213058	0.0482826823	0.0208508895	-0.0076024819	-0.1821997154	-0.1282588892	-0.0982469466	0.0212777631	-0.1075549483	0.0818666568	0.099914659	-0.1198828589	-0.1777927501	-0.0634058849	-0.1268923284	0.0761133819	0.0417376395	0.0842336682	-0.139444539	-0.0402350154	0.1253629271	0.0144593255	0.0211839612	0.0974660241	-0.1597996014	-0.0841188507	0.0588525424	0.0324798595	0.0020572444	0.040081529	0.1502879661	-0.110545464	0.0656104298	0.080895985	0.0351736164	-0.1849474176	0.208179677	0.0866767591	-0.0515905721	-0.1081410359	-0.035532219	-0.0586391417	-0.0351910571	-0.0455913552	0.0794960305	0.0205526205	-0.0398920378	-0.0452528694	-0.0920461922	-0.0606888381	0.0171905085	0.0579416764	-0.1992969811	-0.0283933413	0.0099575423	-0.1465823406	-0.056497335	0.0346533986	-0.0484845426	-0.0233472972	0.1079051467	-0.1526327157	0.0326347119	-0.1724663127	0.0169762327	-0.0504923847	0.0517167057	0.1058003458	-0.0223824556	0.1805605505	0.0119296423	0.0089303273	-0.0779460309	-0.0109760526	0.0927149366	0.0	0.0896414607330911	-0.0062046767261279	0.0080355914823623	3.849801327575324e-05	0.1468503872695379	0.039315119569025	0.0015456786267267	0.0215650362412132	-0.1391567786972416	0.0178418106887505	0.0003183302086532	0.019364609057393	-0.0007830005049611	-0.0004940670752383	6.130897907693376e-07	2.44102274834528e-07	0.0008340000909605	-2.3157648700012322e-08	5.362766933131824e-16	6.955561517221222e-07	8.264784862715958e-07	0.0001597061201699	2.5506044819745408e-08	6.830666882697883e-13	0.0
546.6760113397419	-1.528453073616788	2.3361687982486066	298854.6613743296	590.0591220209154	-3.7124372579282863	13.782190394054092	348169.7674800936	514.8894442783967	-0.0154731109852264	265111.1398293162	0.0002394171635611	513.9144917433174	463.9318887650071	1.280295	22.050409	0.069758876629968	0.0401803864959435	-0.0860156407	0.0179903735	0.0124858593	-0.0420038082	-0.043284436	0.0871762364	0.0130501582	-0.0406954775	-0.033779338	-0.0200936132	-0.0289726547	0.2500058717	-0.0782576166	0.04578269	0.0069969115	-0.0321451968	-0.0194656149	0.1416069028	0.016264757	-0.0741575644	0.0914152229	0.0178228892	-0.0117328328	-0.0543707292	-0.0376009138	-0.1038569129	-0.0588887132	-0.0576190554	0.0559864023	0.0614182063	-0.0074391856	0.0289457913	-0.0392650265	0.1070364923	0.0784444209	-0.1628718133	0.0068649782	0.1616317198	0.0457983883	-0.0114245871	-0.0343427165	0.0342840317	-0.0032254844	0.0911376787	0.0510413395	-0.0036458514	-0.0846523327	0.045573697	0.0430642464	0.0082883363	0.011657817	0.0667897953	0.0229180844	0.0770012195	-0.0789629696	0.0987842864	-0.086648101	-0.0169116852	0.0060057414	0.0033902269	-0.0881640043	-0.0738375001	0.0886226557	-0.134462653	-0.046854567	-0.0969882287	-0.0908419836	-0.0596044269	-0.037998859	-0.056208743	-0.1506052901	0.1324244797	0.0142893302	-0.0088983858	-0.1360274777	-0.1419066715	0.0132103415	-0.072010741	0.009080959	-0.0095593238	-0.0234811506	0.0197566734	-0.0009512011	0.1198602627	0.0221077394	0.0629085403	0.0044201275	-0.0138658128	-0.0660982436	0.0894454737	0.1393472766	0.0383458611	-0.1401977152	-0.1396974578	0.0416954061	0.0301702996	0.0751802834	0.0154257431	0.0170881596	-0.0270534883	0.0458167111	0.020036083	-0.0367740462	0.1373070901	0.0055018495	-0.047326584	0.1186617372	-0.1169607259	0.0634780485	-0.0938155276	-0.0305157216	-0.0797358525	-0.006104138	0.0881379191	0.0	0.0980340023479726	0.0083925416148815	0.0096106656163622	7.043475475751794e-05	0.1194093380720318	-0.027441049197506	0.0007530111810599	0.0142585900188007	-0.1629028098730884	-0.0237460311758467	0.0005638739966042	0.0265373254645475	-0.0005800001291506	0.0002030003758104	3.364001498147128e-07	4.1209152579204224e-08	0.0008340000654685	-2.5492000003957127e-11	6.498420642017503e-22	6.955561092014622e-07	2.417869540980236e-07	-5.846915321735722e-07	3.418641877954794e-13	5.846093117199976e-14	0.0
547.683739372558	1.0077280328160896	1.0155157881233856	299957.478373108	595.0059932450117	4.946871224096299	24.47153490779201	354032.1319974829	514.3719457961221	-0.5174984822746183	264578.49862208875	0.2678046791565334	514.9482260765622	467.46338690819846	1.084622	18.680353	0.137109389448376	0.0921623918490071	0.0021730455	0.0433943782	-0.0575848362	-0.0547010555	0.0754416712	-0.0280416481	0.0364104953	0.0833816738	-0.0885767502	0.0833057273	-0.0425560463	-0.0920798833	0.0468472546	0.009532351	-0.0670937053	0.1357523441	0.1171170925	-0.1033897473	-0.000746117	0.0011372619	0.1139469419	-0.0374588476	0.0281730663	0.0765741267	-0.0034512375	0.0091446444	0.1766244843	0.1300812648	0.1234130327	0.0428261406	0.0156891276	0.0717960011	0.1891251714	-0.0858779794	-0.033749088	-0.0444631227	-0.0142893578	-0.0275334201	-0.0713599243	-0.0439329441	-0.0252194655	0.0590899294	0.2621469886	0.0200359839	0.1086608887	0.0325025035	-0.0154082262	-0.0634450644	0.1055891039	-0.0111663531	0.097533358	-0.0133708033	0.0655367236	7.90456e-05	-0.1373314245	-0.0510910661	-0.0019952963	0.0683814944	-0.0043961665	0.0167829175	-0.1500771792	0.0345743146	-0.10024625	0.1614106176	-0.0849450099	0.0809907301	0.1859662486	0.0196164887	0.0991112895	0.1073236956	-0.0389468606	0.0403406167	0.0167281446	0.1098589012	-0.0299205534	-0.0774089903	0.0471156603	-0.0897641954	-0.0385037922	-0.0182833483	0.0250274931	0.0299441297	0.0528479217	0.1239325521	0.1190223632	-0.0826613648	0.0731722797	0.0904689786	-0.0749343666	0.0132042938	0.1918813332	-0.0881380703	0.0251541939	0.0955869392	-0.1546456541	-0.0573715833	-0.0053385748	0.083893959	-0.1602689356	0.0340570681	-0.0333716012	-0.0232597058	-0.0247557748	0.0299083187	-0.0266081929	0.0363203884	-0.0221770204	-0.0718727438	-0.1035755731	0.0496355309	0.0572099424	-0.0814902283	-0.0012213705	0.0832083783	0.0	0.0896515862522164	-0.0083824160957561	0.0080374069175385	7.026489960239258e-05	0.2003123921073353	0.0809030540353035	0.0065453041522392	0.0401250544317628	-0.1391639487936373	0.023738861079451	0.0005635335253494	0.0193666046438381	-0.0010610004966993	-0.0004810003675487	1.1257220539961615e-06	2.313613535819845e-07	0.0008339998913367	-1.7413180001656786e-10	3.0321883777009984e-20	6.955558187496273e-07	9.424100309026556e-07	7.00623076804632e-07	4.908726957511895e-13	8.881366663459443e-13	0.0
548.8274321785194	1.1436928059614502	1.3080332344079753	301211.5503116673	596.7394991729219	1.733505927910187	3.0050428020997586	356098.02987314964	514.7192890662274	0.3473432701052843	264935.9465368425	0.1206473472874325	515.8521850612567	471.5224901431789	1.179009	20.305981	0.1196066141094937	0.0829244998913807	0.0625801333	-0.0817627395	-0.0626344767	0.0517341653	0.0194350384	-0.0984555851	-0.0143938049	0.0382479246	0.1733278433	-0.019444791	0.1184046275	0.0551382277	0.1402647982	-0.0362207952	0.0497921683	-0.0360107175	0.0834839887	0.1064673074	0.009112575	0.0589454123	0.0941549702	0.154376062	0.0290421763	0.0185578528	0.122832457	0.0529427676	-0.0585920615	-0.0009728092	-0.0515930713	-0.0841599255	0.0722702529	0.139118796	0.0305330765	0.0947048683	-0.0188399812	-0.0641482736	0.0517079844	-0.0704398024	-0.0526390004	0.0123899752	0.0063001365	0.0847958172	0.1199870999	0.1417359832	0.0032189957	-0.1546053536	0.1772796099	0.1725765871	0.0102255824	0.0646861496	0.1670565856	0.0425358021	-0.0066687822	0.0144121081	0.0725063359	-0.02579456	0.0961485818	-0.0383998226	-0.1371919196	0.0429593906	-0.0433053185	-0.0576396607	0.140561796	0.0333643711	0.0769067304	-0.0129738347	-0.0074691004	0.0543409111	-0.0959692415	0.0396101705	0.0189755249	0.1661430545	-0.0539039171	0.0264613131	0.0160013815	-0.0847987029	0.0445199972	0.0772525507	-0.0627523782	-0.0209358202	-0.0265250005	0.0343874099	-0.0096647642	0.0455542992	0.0160571632	-0.1286871653	0.1947338873	-0.0502231091	0.131331435	0.1558155123	0.0730903968	-0.1100548309	-0.1406793946	-0.1178781837	0.0296380263	-0.0987266098	0.0379581469	-0.0169364283	-0.0419428629	0.0195745537	-0.1508353421	0.1004410075	0.076980305	-0.0355419834	-0.1549158321	-0.0586318903	0.0240750295	0.0023058814	0.1172165243	0.0671014265	0.1382760481	-0.0832083783	0.0036635686	0.0779460309	0.0	0.1002979623837063	0.0106463761314898	0.0100596812583233	0.0001133453247331	0.1270677174143628	-0.0732446746929725	0.0053647823708793	0.0161462048088963	-0.1338354616319321	0.0053284871617051	2.839277543245711e-05	0.0179119307902323	-0.0005370003570603	0.000524000139639	2.883693834828897e-07	2.745761463416916e-07	0.0007509997068564	-8.300018448029992e-05	6.889030623763819e-09	5.640005596983988e-07	2.0121168368047922e-07	-7.411983472221764e-07	5.493749899248859e-13	4.048614164953322e-14	0.0
548.8934620676837	0.0660298891642696	0.0043599462630457	301284.0327006477	591.1517163939395	-5.587782778982387	31.22331638509213	349460.3517955007	515.4927441254827	0.7734550592552978	265732.76924602035	0.5982327286876162	513.8975847720268	464.2412993760658	1.323049	22.786758	0.0533184538151111	0.0318450660438353	-0.0965254445	-0.1291048021	0.0474070928	-0.1583504958	0.0133772	0.1112796087	-0.1162297721	0.0465769808	-0.1281918761	0.1963974978	0.1273796396	-0.0292346674	-0.0571968212	0.1110713571	-0.1682361134	-0.0270287325	0.0761129861	0.0505131017	-0.0580561569	-0.1147129196	-0.0425779222	-0.0446212218	0.2438495897	-0.0793418582	-0.0659003076	0.0575241149	-0.0173341889	-0.0205474389	-0.0657512887	-0.0068251468	0.0620315034	-0.0322495605	0.1222501017	-0.0900406796	-0.0852646271	0.0343315255	-0.0723010527	0.0010281589	-0.0908624157	0.086002467	-0.0204954413	-0.0895573769	-0.0072105534	0.1286850115	0.0489525057	0.0802546698	-0.0243095601	0.1074153245	0.060640187	0.0232101427	0.0246482955	0.1239912897	-0.0462343522	-0.0045943498	0.0403293326	-0.0143617436	-0.0778577796	-0.1604698229	0.1351345266	0.0028090323	-0.115290471	0.1776461113	0.0081263814	-0.0632102285	0.0143192421	0.023796348	0.0699997949	0.0763747325	0.0383189409	-0.0054431208	0.0506368236	-0.0808083431	0.0002264504	0.1333716398	-0.0259876878	0.0572480897	-0.0751721802	0.0696082602	0.0228086311	0.0118856742	0.1999602549	0.0296719977	0.0667430159	-0.0740139127	0.0326770845	0.0331132941	-0.0369027209	-0.1083181767	-0.161776499	-0.1147386111	0.1072229085	-0.0051723599	-0.0740082398	-0.0041197842	-0.1257959371	-0.0546809384	0.0009637088	0.0122434687	0.0072165054	0.0029975095	0.0426957633	0.0991190099	-0.059960127	0.0992419056	-0.0820776838	-0.0093893317	-0.0909806334	0.1523745596	0.034354273	0.0266435174	0.0834240208	-0.0848895389	0.0085419939	0.0723719246	0.0	0.0970943582497341	-0.0032036041339721	0.0094273144039277	1.0263079447203726e-05	0.1383790656348651	0.0113113482205023	0.0001279465985654	0.0191487658059783	-0.1477044463371157	-0.0138689847051836	0.0001923487367526	0.0218166034677538	-0.0010170009246393	-0.0004800005675789	1.034290880717191e-06	2.304005448761621e-07	0.000768999971098	1.800026424159996e-05	3.2400951276742217e-10	5.913609555487249e-07	8.907149721423899e-07	6.895032884619108e-07	4.75414784799789e-13	7.933731615986185e-13	0.0
547.8755441795805	-1.0179178881031703	1.0361568269204184	300167.61191007146	593.2654543731172	2.1137379791777	4.467888244618224	351963.89935254125	515.5928746871366	0.1001305616539411	265836.01242814533	0.0100261293771337	514.3735561870155	465.3212997360102	1.26945	21.863626	0.0641796298188606	0.0491540057995928	-0.1115177332	0.007248186	-0.0433679923	-0.0130530536	-0.1560666946	0.1131628354	0.0465729371	0.0802697554	-0.0702044946	-0.1536108316	-0.0375952357	0.1348676966	0.0750844867	-0.1440391212	0.0300961158	-0.0419351854	-0.0122109318	0.0184236708	-0.0179844842	-0.1404779574	0.0094160244	0.0706945652	-0.1586537048	0.2180967594	0.0844102602	0.0631059543	0.0079129255	0.0760079122	-0.041273609	0.050519973	-0.0065218516	0.0409966224	0.1374688986	0.0555363351	0.1220649409	0.0241091266	0.0712521089	0.008318186	-0.0101376832	0.1174029422	-0.1571256251	0.0254764423	-0.0835483428	-0.0593747652	-0.0113343775	-0.0676999425	-0.021461324	-0.0171840088	0.0041845332	0.0437567886	-0.0395312662	0.0911143891	-0.0267158999	-0.0362554769	0.0086785557	-0.0420027195	-0.113881266	0.0395477587	0.0094460905	0.1842334982	0.0403794605	-0.0618126132	-0.0795352136	0.0867462459	0.1364388323	-0.0821539224	-0.0319745582	-0.1581102213	-0.0544720546	0.1366722918	-0.0313007156	0.0474991292	-0.0256510085	-0.0718584348	0.0340195675	-0.011643526	-0.1058306444	0.0882137704	-0.0718503303	-0.0644776542	0.0305793532	-0.0505894993	-0.0146342618	0.1128264544	0.0654052768	-0.0408620695	-0.0655787557	0.114460555	0.0178687371	0.0360150555	-0.0261153637	-0.0943712586	-0.2411826429	-0.1155694847	0.0285882775	0.0196941405	0.0566137955	0.2369150575	0.0053697772	0.0766513903	-0.0140133203	0.0018301693	0.019212431	0.0090882173	0.006811162	0.1155272095	0.041699668	-0.022319305	0.0124415921	0.0336610077	0.0946304167	-0.0865329627	0.013405232	0.066508354	0.0	0.0963794559723822	-0.0007149022773518	0.0092889995335323	5.110852661629255e-07	0.1871328474733076	0.0487537818384425	0.0023769312435504	0.0350187026034682	-0.1391939493948513	0.0085104969422644	7.24285582042919e-05	0.0193749555481364	-0.000958001000537	5.89999241022999e-05	9.177659170298932e-07	3.480991044077148e-09	0.0008340003958686	6.500042477060005e-05	4.225055220358436e-09	6.955566603089816e-07	8.99341315279919e-07	8.6263431375291e-09	7.441379592639541e-17	8.088148013694149e-13	0.0
547.5857752944318	-0.2897688851487601	0.0839660068003553	299850.18130480393	594.2999003135552	1.0344459404379904	1.0700784036886384	353192.3715127017	515.1740221212839	-0.4188525658527169	265404.2730686211	0.1754374719214045	515.3782370935144	468.24278571967886	1.207124	20.790195	0.0526702435952134	0.0422627917139349	-0.0030270884	0.0673567654	-0.0495930653	-0.1238648842	0.0203716626	-0.0172396816	0.0476523442	0.0291101216	-0.0902869701	0.0505901419	-0.0386676647	-0.0175706674	-0.0681560068	0.1771206297	-0.0012791042	0.0892747149	0.1261533699	-0.0351286359	-0.1477072848	-0.0377410954	0.0289076063	0.0004630245	-0.0245032442	-0.0114343245	-0.1611624316	-0.1624888977	0.1258367777	0.1118713218	-0.1015272046	-0.1485663272	0.0406357741	0.0267286153	0.0148402647	-0.0132162237	0.2019268432	0.1191066074	-0.0009721551	0.0068061411	-0.0525675466	-0.1257488567	0.1014747127	-0.0722753675	0.0795518957	0.0489739873	0.1392713338	0.034163415	0.0969305963	-0.0071705838	-0.0673733906	0.0764111755	0.0413975957	-0.0235118999	-0.0393861753	-0.0192259973	-0.0068159492	0.0456806512	-0.0033799644	0.0721582988	0.1243415484	0.0363364129	-0.0971859044	-0.0189567975	-0.055232085	-0.038022053	-0.2696087846	0.0527583886	0.1499200232	0.0310499839	-0.0450562601	0.0009707881	0.0824866134	0.063022103	0.0897996511	0.0312426161	0.0019227786	0.0120974519	-0.0469120973	0.1217233739	0.0512814722	-0.0597517881	-0.0898319021	-0.0375901626	0.0006186062	-0.0381134782	0.054345441	0.0443315113	0.0869407164	0.0362709701	-0.051852745	-0.1014112594	0.2048965756	0.1108334978	-0.0329834701	0.0311651974	-0.0440730314	-0.0329024024	0.0828542916	-0.0666085784	-0.1647102658	0.072361761	0.0552352153	0.0702570943	-0.084678291	-0.003928566	-0.056150356	0.1437956963	0.1395577991	-0.0232238124	-0.054682844	-0.067397943	0.0661539795	-0.0881379191	0.018244636	0.0603787714	0.0	0.1027968129299523	0.00641735695757	0.0105671847485556	4.1182470320873264e-05	0.1468249269023545	-0.0403079205709531	0.0016247284607542	0.0215575591598817	-0.1390514360381018	0.0001425133567495	2.0310056852010777e-08	0.0193353018642583	-0.0008420005289116	0.0001160004716253	7.089648906874142e-07	1.3456109417315225e-08	0.0008340000875115	-3.0835710005359946e-10	9.508410115346558e-20	6.955561459691896e-07	8.510670989659327e-07	-4.827421631398632e-08	2.3303999607295427e-15	7.243152069422887e-13	0.0
547.6600264904203	0.074251195988495	0.0055132401057219	299931.5046154878	595.0505558272539	0.750655513698689	0.5634837002462426	354085.16399032384	514.5594970761365	-0.6145250451473885	264771.47603124654	0.3776410311133998	514.6996403639229	469.9655373944265	1.09761	18.904043	0.0717705891578013	0.0453336796986059	0.1228206816	0.0121051344	-0.024296845	-0.0343186777	-0.0513946702	-0.0995999164	0.0475557243	-0.0068781013	-0.0296824751	-0.064996388	0.0405178569	0.064653052	0.0738797736	-0.0678177586	-0.0610368439	-0.0837983893	-0.024688402	-0.0081573127	-0.1047165397	0.091468711	0.0033481167	0.0533918646	-0.0198257487	-0.0130776498	0.0404202176	0.0770799782	0.0529543118	-0.1476049969	-0.0767429383	-0.0409931587	0.0390996711	-0.2019893421	0.037876999	-0.2139564224	0.048707219	0.024075978	0.0432721409	-0.0403385312	-0.1207643404	0.0197488993	-0.0455982848	-0.0080651206	-0.1451320823	0.0123174473	0.0167633428	-0.0658425371	-0.0069370132	0.0460451345	-0.1571500319	0.1116868674	-0.0315870493	-0.1233981246	0.0468830307	-0.0393063977	-0.0281328814	0.1203477149	0.1154979512	0.0697688008	0.059825841	0.0005853404	0.0445624037	-0.080531405	0.0467904923	-0.0175531562	0.1290086295	-0.0460019176	0.015038507	-0.0478234857	0.0427990587	-0.0152640955	-0.0127677859	-0.0461736595	-0.0085409339	-0.022874059	-0.0722990509	0.1481433119	0.0259767978	0.1288796563	0.0080257563	-0.0347452194	0.1071409332	0.0445261861	-0.1374136182	-0.0607305514	0.1186020682	-0.1381891053	-0.080216002	0.0443077721	0.1896477681	-0.1049365539	0.0378534553	-0.0775960423	-0.0933285195	0.0190161993	-0.0780828453	-0.0204380131	0.0476349123	0.0863886729	0.1074916865	0.0634960629	0.0773646505	0.0011946613	0.026039705	0.0420690894	-0.0410483386	0.1519754845	0.0021782545	0.0534240352	-0.0203158094	0.0543320974	0.1043563142	-0.0897036946	0.0230516017	0.0540076933	0.0	0.1056942926736326	0.0028974797436803	0.0111712835037795	8.395388865037693e-06	0.1828272370547239	0.0360023101523694	0.0012961663363074	0.0334257986090642	-0.1176854410879713	0.0213659949501305	0.000456505740209	0.0138498630440703	-0.0010720005187497	-0.000229999989838	1.1491851121996257e-06	5.2899995325526057e-08	0.0008339999134483	-1.740631999430295e-10	3.0297997574407064e-20	6.95555855631772e-07	9.469894300887916e-07	9.592233112285887e-08	9.201093608043376e-15	8.967889806998944e-13	0.0
547.5959052937227	-0.0641211966975561	0.0041115278659266	299861.2754944517	594.0422743134579	-1.0082815137959642	1.0166316110626812	352886.22367150564	514.5203137579765	-0.0391833181599849	264731.1532696066	0.0015353324220266	514.37866286832	462.34368613725513	1.106367	19.054857	0.1307626997001592	0.0830040562599544	0.0162929955	-0.0926479283	0.1526769722	-0.0141023235	0.0925444187	-0.0137753983	-0.1574740195	-0.1741775649	-0.0465349629	-0.0014917326	0.0083969963	-0.0949942575	-0.0201618664	-0.0211055557	0.0470443	0.1585338278	0.0179005925	-0.0184127041	-0.0079814957	0.1173636313	-0.073138866	-0.0531376691	0.1279402857	-0.0523980853	0.0296241246	-0.1041565789	0.0521753264	0.0379323251	0.1125427007	0.0226807864	0.0612536194	0.0720354403	-0.1142467681	-0.1023388791	0.0951439214	-0.0581522585	-0.024478585	-0.0424206035	-0.0818734886	0.0164458043	-0.1183765169	0.054615544	-0.0003736622	0.0712535341	0.0206613782	0.0316229023	-0.0610301146	-0.0009983862	-0.0666099993	-0.0611894633	0.0919161046	-0.0347858646	-0.0987850731	0.1692481108	-0.0406876353	0.0496776291	0.0510939107	-0.1781157361	0.0278065175	-0.1237876248	-0.0391242232	-0.064259196	-0.0829510189	0.0164431603	-0.0852972259	-0.0487666365	0.0499050186	-0.018813392	-0.0372048446	-0.0777552675	0.0577642276	0.0003636721	-0.1422853885	0.0207689002	0.038738976	-0.0470865796	0.1176733812	-0.056359095	-0.072612841	0.0649764298	-0.1268327965	-0.0476295932	0.0051391867	-0.0662382549	0.1242901582	-0.1085794287	-0.0850387301	-0.1653631088	-0.0621757003	-0.0844640803	0.0658185523	-0.0262611927	-0.0067922853	0.0024984807	-0.0122208764	0.024472853	0.1714811875	0.0231178676	-0.0658645694	-0.0349389588	0.0554765338	-0.0187472713	-0.0656707709	-0.0344792455	-0.0832702531	0.0634416805	-0.0573824083	0.1056407854	0.0632664962	-0.028749378	-0.0250605958	-0.0912295932	0.0278175825	0.0474206018	0.0	0.0993211539156391	-0.0063731387579935	0.009864691615134	4.061689762863895e-05	0.1170867653978291	-0.0657404716568948	0.0043218096136709	0.0137093106313262	-0.1454466114241057	-0.0277611703361344	0.0007706825784318	0.0211547167747547	-0.0004549998491094	0.0006170006696403	2.070248626895768e-07	3.806898263365786e-07	0.0008339999040505	-9.397800029495308e-12	8.831864539438199e-23	6.955558399562433e-07	1.8928948545854802e-07	-7.576999446302435e-07	5.741092060926741e-13	3.583050930516186e-14	0.0
547.4340646758073	-0.1618406179153453	0.0261923856072207	299684.055167476	593.6309087074409	-0.4113656060170569	0.1692216618137805	352397.65577282204	514.8915255306331	0.3712117726565793	265113.2830632626	0.1377981801588399	514.4017902993407	464.1794831303006	1.183607	20.385162	0.1313055146635258	0.1098977435891679	-0.1033061336	0.0517224274	0.0031974004	0.0825396631	-0.1244340156	0.0827176043	0.0293838554	-0.0191304666	0.0914648333	-0.0882371079	-0.0682281557	0.0747494442	0.084524403	-0.0936326616	0.0316815852	0.0467921974	0.123367041	-0.0178667566	0.0924385188	-0.0418909332	0.0890591538	-0.0019055115	-0.1259484303	-0.0282662218	0.174387489	-0.0016283458	0.0147738816	-0.0805818512	0.1162248774	-0.024671613	0.0896786545	-0.1054086861	-0.0676423649	0.0659977041	0.0466998718	-0.0173295581	0.12221953	-0.0594919586	0.0893540524	0.06407871	0.0408520798	0.133405287	0.0384531184	-0.0732422754	-0.0006362732	0.0001696998	0.0752505229	0.0331217654	-0.080996688	0.0123966197	0.0050657403	-0.0058642399	-0.0714785245	0.0980180483	0.0061461711	0.0910278314	-0.1181555518	0.0453518249	-0.0917161025	0.035750265	-0.0070424954	-0.1464329603	-0.0173774924	0.0359313641	0.0421278623	-0.0652884703	0.0406077255	0.019173993	0.0221225216	-0.1100388988	-0.0793025415	-0.0673435975	-0.0631440196	-0.1159291422	0.0120656349	-0.0385070309	-0.0340153787	-0.0756636281	-0.0322788251	0.0372165802	-0.0065362647	0.0120324561	-0.0241484813	0.0127737062	0.0894316602	-0.179557107	0.0970775511	0.1345124779	-0.0438841588	0.0695825876	0.0247765846	-0.110516193	-0.1140997597	-0.0527652791	0.0109829113	0.0196481977	0.0551316327	0.0532484313	0.0901467299	0.1151954749	0.1017631856	-0.0281219147	-0.0528085335	0.0576969898	-0.066163591	0.1027466441	-0.0083304638	-0.0783217093	-0.0502876465	-0.0726955525	0.0188564975	-0.0927149366	0.0325341047	0.0406438432	0.0	0.1017350190895456	0.0024138651739065	0.0103500141091502	5.826745077798664e-06	0.2232136440860159	0.1061268786881868	0.0112629143800971	0.0498243309061585	-0.1363626505432194	0.0090839608808863	8.251834528547279e-05	0.0185947724631721	-0.0007280009729054	-0.000273001123796	5.29985416551209e-07	7.452961359387893e-08	0.0008340002463564	3.4230589998802963e-10	1.1717332916661493e-19	6.955564109225359e-07	8.040217944826423e-07	6.147323090240943e-07	3.778958117580946e-13	6.464510460030884e-13	0.0
547.2044742601512	-0.2295904156561619	0.0527117589611691	299432.73665032844	595.1936961998374	1.5627874923965237	2.442304746391015	354255.5359960243	515.0623916742455	0.170866143612443	265289.2673171939	0.029195239032988	515.2516358393857	465.1531386797337	1.088714	18.750828	0.0808300278694099	0.0598595092539323	0.0346532081	0.1051592596	-0.0170553508	-0.0667769868	0.0257792355	-0.050216717	0.0514724229	0.0341731553	-0.0775854272	0.0687824472	-0.0775355005	0.0629361455	-0.0381135787	0.0572141161	0.0575108009	0.0499716202	0.1404085382	-0.0455974028	-0.1412895826	-0.0309280692	0.129347717	0.0633202154	-0.0367228938	0.0028802381	-0.0145926338	-0.0452462306	0.0718597447	0.0331878089	-0.0772823303	-0.106734543	0.0862241122	0.038094056	0.1127943514	0.0143733626	0.0100164521	0.0062668284	0.0066806978	-0.039248284	-0.1905603839	-0.0913875113	0.0562605191	0.0794784145	0.0449824765	-0.0065597488	0.0087860775	0.0226241567	0.0257685955	-0.0305909136	0.0627092926	-0.0649638393	-0.2423255836	-0.0590243341	-0.0609273825	0.0007730113	0.0343841529	-0.0419204759	0.0054222364	0.1208306626	0.0766997377	0.0464330733	-0.1443352322	-0.0443635466	-0.0581172809	-0.0213443545	-0.1092169933	-0.0257487685	0.1595943087	-0.0709894501	-0.0434507618	0.0391669496	0.040325131	0.0191160242	0.0400753584	0.1142170679	0.0568553716	-0.0103273832	-0.0943442544	0.0743305841	0.0660101016	0.038540017	0.0567623488	-0.0318450391	-0.0703985488	0.0214043655	0.0402108151	-0.0391638681	0.002939227	0.0808448645	0.0115037604	-0.0322718021	0.1458967272	0.1275837264	-0.0184701348	0.0260776417	0.0310992908	0.0111554948	0.1389312165	0.0483660833	-0.0749623301	-0.0174184833	0.0005314778	-0.0571531146	-0.1314424898	-0.1171684762	-0.1139424039	-0.0348219384	0.1626680988	0.0384294016	0.0234052646	-0.1171375975	-0.0887470205	-0.0941590645	0.0371927824	0.0337045224	0.0	0.1029510290492368	0.0012160099596911	0.0105989143822967	1.4786802220681734e-06	0.16774939587917	-0.0554642482068458	0.0030762828291506	0.0281398598178265	-0.1514335692810817	-0.0150709187378623	0.0002271325916032	0.0229321259052081	-0.0005470001390603	0.0001810008338451	2.992091521319876e-07	3.27613018526215e-08	0.0008340000637616	-1.8259480006558443e-10	3.334086101099075e-20	6.955561063543528e-07	2.2801893417167965e-07	-5.760028603109626e-07	3.317792950864103e-13	5.1992634340788776e-14	0.0
546.2758891540834	-0.9285851060677714	0.8622702992108944	298417.3470710844	593.5614145246602	-1.6322816751771825	2.664343467119229	352315.1528125155	515.0725943587208	0.0102026844753027	265299.7774594234	0.0001040947705025	515.1985667163789	465.3541762554188	1.0896	18.766094	0.0439840638067569	0.0273092841030638	0.0963117582	0.1578852865	0.0144531294	0.1629890706	-0.0917004608	-0.0689369876	0.1097429477	-0.0713241966	-0.0344761411	-0.1356950771	-0.0749916765	-0.0048005263	0.0001695417	0.0580965726	-0.1172218361	-0.0737445393	-0.0021036785	0.0585528881	0.0130915543	0.0491395351	-0.0541679496	0.1027006429	-0.1180279403	-0.004340053	0.0426192637	0.0685593682	-0.022999733	0.0351433229	-0.1106602177	0.0884833285	0.0444107794	-0.0639786492	-0.0114633326	-0.0695719701	0.0519365761	0.0564353265	0.1162795774	-0.1059294861	0.1092181498	-0.0536649158	0.0171609205	0.1482757596	0.057363439	0.0860468156	0.0451796187	0.0113094215	0.0096024789	-0.0074414163	0.0810520821	0.0365296034	0.0479156755	0.0353640949	0.0147134245	0.0944428473	-0.0306259981	0.0247058185	0.0383527003	0.1239257225	-0.0344733544	0.0110210302	0.1021829589	-0.1014100353	-0.1012600067	-0.1208575892	0.1298027325	-0.0389248305	-0.1127530595	0.0442018091	0.0191154064	-0.0099936631	0.087796309	-0.0508802318	0.1779294929	0.0054230103	-0.0740079086	-0.0571575543	-0.0404997267	-0.0480871046	0.0641794564	0.0168973422	0.0175617761	0.0055120045	-0.0614663797	0.0673661181	0.0722780906	-0.0462270846	-0.0184590268	0.0831201361	0.1186088165	0.0635820766	0.0205891161	-0.0860829506	0.0671036288	-0.0132299082	-0.0628699251	0.0685914998	0.0519628762	-0.007280526	-0.0322589531	0.1759632822	0.2333352502	-0.0263730012	0.0054246175	0.0730446349	-0.05871192	-0.1136542043	-0.0464690898	0.2825421984	0.0963695202	-0.1270377178	0.0237842641	-0.0955613349	0.0417853327	0.0266303944	0.0	0.1021217128383114	-0.0008293162109253	0.0104288442330305	6.877653777036604e-07	0.1862390675702698	0.0184896716910998	0.0003418679592446	0.0346849902894435	-0.1389986034156578	0.0124349658654238	0.0001546283760742	0.0193206117515033	-0.000791000509396	-0.0002440003703357	6.256818058647316e-07	5.953618072395876e-08	0.0008340001130564	4.929480001275577e-11	2.4299773082975857e-21	6.955561885780879e-07	8.298000898297178e-07	6.017811556580381e-07	3.621405593051239e-13	6.885681890814077e-13	0.0
546.1721762673252	-0.1037128867582168	0.0107563628797227	298304.04612858617	595.6021437564139	2.0407292317536303	4.164575797333762	354741.9136472359	514.2107595487405	-0.861834809980337	264412.7052356926	0.7427592396938436	514.9276767484389	461.7801318479102	1.118813	19.269224	0.0770853942775002	0.0568206181950377	0.170360678	0.0798921165	0.1404086169	0.010899984	0.019745212	-0.1042071198	0.0127664485	-0.1273812585	-0.0434460778	0.1492454267	-0.12791032	0.1024503027	0.1367565775	-0.0137804766	0.0933467	0.0883839162	0.0183269468	0.0243933848	-0.0380606334	0.1582210232	0.0900966199	0.0645643678	0.0844552367	-0.0086625298	0.006015635	-0.0730837933	0.0034767748	0.139074571	-0.0277753702	0.0710526156	0.1257190573	0.043713718	-0.008088838	0.1255575535	-0.0099596414	-0.0950474915	0.0800728092	-0.1198235326	0.0626778392	-0.0026047869	0.0012825221	-0.1708275413	-0.0631870843	-0.0617403116	-0.0651026067	0.0284918571	-0.0985641473	-0.0932932474	-0.0631342876	-0.0416323992	-0.0541551069	-0.0218541317	0.0009017525	0.1121893594	0.0514105425	-0.020386136	0.1175055434	0.0127930105	-0.0038904678	-0.0721844277	-0.1826969993	-0.0566079499	-0.0706654706	-0.0387876688	0.0756990004	0.0740609314	0.0671114744	-0.1252184813	-0.0560206609	-0.0641042338	0.0691621726	-0.0110199505	0.0757467593	0.0294658762	0.1369781956	-0.0186976827	0.0187269832	-0.0308168723	-0.0401268567	0.0480370814	-0.0008967597	0.0267461868	-0.0107893457	0.1029181561	0.0355564659	0.0469159868	0.0257623694	-0.0731477129	0.0474100166	0.0391964558	0.2002845738	0.0300037853	0.0070975838	0.1393749009	0.0750926363	0.0702365679	0.0911916496	-0.0039854723	0.0848852102	0.0694701906	0.0248390276	-0.1785211726	0.0652797737	-0.1404400447	-0.0145667162	0.0494844614	-0.0344756192	-0.0036657776	0.0508586918	-0.0935137854	-0.079751182	-0.0969211244	0.0463035902	0.0194497534	0.0	0.1060000113704546	0.0038782985321432	0.0112360024105365	1.5041199504424153e-05	0.1340061674499679	-0.0522329001203019	0.0027282758549774	0.0179576529146288	-0.1422290870638818	-0.0032304836482239	1.043602460144252e-05	0.0202291132070252	-0.0005190345070078	0.0002719660023882	2.6939681946483005e-07	7.39655064550184e-08	0.0008339786776543	-2.143540210001321e-08	4.594764631892508e-16	6.955204347820148e-07	8.37166018361534e-05	8.288680174632369e-05	6.870221903734367e-09	7.008469422993044e-09	0.0
546.855168848913	0.6829925815877687	0.4664788665039248	299050.5756967731	594.4652291637356	-1.1369145926782949	1.292574791044853	353388.90868469264	514.211830488598	0.0010709398575272	264413.8066144347	1.1469121784405174e-06	514.0848370097694	457.7588369563744	1.150681	19.818081	0.0986554458509416	0.0603432401976284	0.0104256484	0.0182507582	0.1920965697	0.0889555838	0.1615087197	0.0047690702	-0.0247738873	-0.1873883546	0.0042777444	-0.0330748008	0.1570122177	-0.1157596033	0.0495240938	-0.0824120709	0.1095573106	0.041439544	0.0508496442	-0.0845762575	-0.0434232845	0.1471873051	-0.0289701996	-0.1702981853	0.0319719852	0.0303090806	0.1878910415	-0.0238667305	-0.0431624252	0.0065581292	-0.0645775246	-0.0744097143	0.0089050066	-0.0981761521	0.0428667418	-0.0213302219	0.0690536384	0.0403865109	-0.0358392691	0.0365333432	0.0260618214	-0.0345453484	-0.0663279227	-0.0036458784	0.0205625417	0.0129915393	0.0699946447	0.1166473332	-0.1496395537	-0.006604253	0.0087585977	-0.0357944693	0.1514214027	-0.1116658655	-0.0251343382	0.0541158275	0.0016209057	-0.1053249986	0.0065269121	-0.1018440814	0.0608254453	-0.1503438392	0.0799313445	-0.1406630826	0.0314558483	0.1228466727	0.109010152	-0.0124929666	0.0132396482	-0.0659225832	0.0323471339	0.0082354616	0.0291227859	-0.1426951727	-0.0153199028	0.0311424134	0.0229644898	-0.0213875874	0.0188246417	-0.1310799174	0.1148565018	-0.1456448814	-0.0032137101	-0.0950509828	0.0093857568	0.0897173291	0.0268354515	-0.0811035201	-0.0527586404	-0.0370725033	0.058545126	-0.1067771168	-0.0424502388	-0.1068449622	-0.0416109892	0.0339406687	-0.0159264732	0.0833057777	0.1520135915	0.0299842273	0.0213596637	0.0098452258	0.1423253711	-0.0140811941	0.0665738976	-0.1164764938	-0.0408157471	-0.0874598242	-0.1796873296	0.1992168082	0.0048359515	0.0439320191	-0.0117530859	-0.0982378286	0.0507395216	0.0121913197	0.0	0.1043512032469919	-0.0016488081234627	0.010889173619095	2.7185682279965903e-06	0.1822279594083511	0.0482217919583831	0.0023253412196775	0.0332070291901316	-0.1351539183638976	0.0070751686999842	5.005801213323615e-05	0.018266581649115	-0.0010424627555561	-0.0005234282485482	1.086728596721617e-06	2.739771313783409e-07	0.000985040779531	0.0001510621018767	2.2819758623406522e-08	9.703053373390402e-07	-7.598658912107826e-05	-0.0001597031909572	2.5505109201922e-08	5.773961726255568e-09	0.0
547.095286048882	0.2401171999690632	0.057656269720983	299313.2520169081	592.3572919166694	-2.107937247066161	4.443399437568866	350887.1612868503	514.4307854048168	0.2189549162187631	264639.03297221666	0.0479412553363656	513.8718889046714	460.65924250582026	1.098837	18.925173	0.0940928313968926	0.0519140627988646	-0.0953116169	0.0811355974	0.0164111212	0.0586912793	0.1262470697	0.1030686405	0.0527330748	-0.0690436421	0.0840971324	0.094381906	-0.0149177931	-0.0650311493	-0.0835572892	-0.0519366187	0.0809040115	0.1346720409	-0.0560469677	0.0436232315	0.140539351	-0.0132917478	-0.0202495113	-0.1171589843	-0.0604868244	-0.0892044299	0.0708692492	-0.0780323898	0.0118788463	0.1051772625	-0.1534851702	0.0174198974	-0.0265964687	-0.0426223414	-0.0801057602	0.0962372982	0.1074587114	0.1753538766	-0.0125297151	0.0239609047	0.0923717715	0.014174645	-0.1042831903	-0.0508480431	-0.014044719	0.0964424714	-0.1667470145	-0.0195665366	-0.1225182205	0.0794262497	0.1992459835	0.0817996683	0.0002712281	-0.0045097481	-0.0951073308	0.0979243339	-0.0476324761	0.0119602413	-0.134038389	0.0230151678	-0.0504976556	-0.1770652939	0.0272592639	0.0324410769	-0.0516431927	0.0696280319	-0.0055642441	0.1126841689	0.0275127155	-0.0913963896	-0.2462406365	-0.0550015887	0.063156799	-0.1000507986	0.0272526201	-0.0733847749	0.1137486428	-0.0673247063	-0.0409870429	-0.0987890046	-0.1257517619	-0.0843899435	-0.0017732051	-0.1806502474	0.0944605784	-0.0821487129	-0.0597478856	-0.0486305366	-0.0448398163	-0.0072568805	-0.0993323437	0.0287756123	0.0593362426	0.0663432882	0.0244713425	-0.0704336534	-0.0094763318	0.0818598673	0.1112408882	-0.0113100861	-0.0986787648	-0.0301864003	0.0619298524	-0.2049838678	0.1439319837	-0.0823286715	0.048714154	0.1389165346	-0.0195094443	-0.0201085521	0.0367625923	0.0941782242	0.0760243123	-0.0995108621	0.05508524	0.0048841247	0.0	0.0987164961886577	-0.0056347070583342	0.0097449466197652	3.174992363324127e-05	0.1539699971013703	-0.0282579623069808	0.0007985124337427	0.0237067600073959	-0.1687929272966641	-0.0336390089327665	0.0011315829219787	0.0284910523053769	-0.0006210007504074	0.0004214620051487	3.856419320065539e-07	1.776302217839628e-07	0.0010179992463563	3.295846682530002e-05	1.0862605354744019e-09	1.0363224655819949e-06	8.160008811438995e-07	7.680259000222216e-05	5.898637831049434e-09	6.658574380276205e-13	0.0
548.2526790069065	1.157392958024502	1.339558459284707	300581.0000382501	594.4207554833364	2.0634635666669965	4.257881890962082	353336.0345493804	515.274519097714	0.8437336928972172	265507.8300313804	0.7118865445299757	515.6595733735782	471.5890253732519	1.089404	18.762705	0.1296026542432939	0.0844641383374849	-0.0044242904	0.0607417123	-0.1259205375	0.0444555099	0.0706809008	-0.0414800246	0.1204123197	0.0493546729	0.0521355745	0.0049817148	0.0669399735	0.0162892321	-0.0267773533	0.0112342136	0.0812692061	0.0192144891	0.09715927	-0.111483469	-0.0377570234	-0.0327806951	0.1346535979	0.006612094	-0.1504140058	-0.0335397448	-0.0407286713	-0.1020967515	0.0274352836	-0.1294058657	0.0213463346	-0.1156744874	-0.0396828463	-0.08207826	0.0548515073	-0.0156091747	0.0784229797	-0.0516632172	0.0477489112	0.1344358197	0.0713877291	0.0163707431	-0.0268523857	-0.1041615963	0.0922265144	0.0658902095	-0.1158896173	0.0335536394	0.1503392475	0.0907080108	-0.0629302414	-0.0113265913	0.000231133	0.1289638866	-0.1943011524	-0.0587832744	-0.0381783305	0.0285716483	-0.0174775616	0.1065578877	-0.0327561341	0.0232253992	-0.0517573389	-0.1151802379	0.0950617302	0.0835988937	-0.1362397014	-0.1132887013	0.0903432344	-0.017247427	0.0954250976	-0.083987544	0.0395364752	-0.0325426452	-0.0057343801	-0.029178203	-0.084248965	0.1640252077	-0.0525936397	-0.0552934552	-0.0645915412	-0.0286565325	0.0486367805	-0.0294523527	0.0952994057	-0.1028144774	-0.1637392887	0.0259280125	-0.0588846236	0.1757363667	0.0747404009	-0.038436764	0.0534370766	0.0196132526	-0.0799512029	0.0256348604	-0.0832723264	-0.0086043031	0.0645099528	-0.077548135	0.0048422781	-0.0458068465	0.0620313737	-0.0282579657	-0.1086222998	-0.0642301804	-0.1111881693	-0.0133562316	0.1198820449	-0.0723418631	-0.0673304977	-0.1121607254	0.0135052239	-0.100739659	0.0593330188	-0.0024426053	0.0	0.1030646842145728	0.004348188025915	0.0106223291322496	1.8906739108711383e-05	0.2266811361121057	0.0727111390107353	0.0052869097362384	0.0513843374690749	-0.1437090458269807	0.0250838814696833	0.0006292011095851	0.0206522898525012	-0.0010790056061122	-0.0004580048557048	1.164253098021556e-06	2.097684478491747e-07	0.000926999273255	-9.099997310130007e-05	8.280995104437341e-09	8.593276526152981e-07	1.0000868142461374e-06	1.840859331022379e-07	3.388763076612161e-14	1.0001736360289882e-12	0.0
547.8867453566716	-0.3659336502349788	0.1339074363742958	300179.88573752623	596.0088874041024	1.5881319207660454	2.5221629977560487	355226.5938646761	515.1138573857664	-0.1606617119475686	265342.2860708437	0.0258121856859235	515.2969179602818	469.4482914346685	1.050671	18.095625	0.1360731972500599	0.0995609331816822	0.1089336543	0.008918474	-0.0331166982	-0.0118472202	0.0249945916	-0.0830798777	0.0235104642	-0.0270602148	-0.1363960173	-0.0382961889	-0.0838243896	-0.1100118674	0.0755751881	-0.0418286851	0.0668490872	0.012126212	-0.0875364539	0.0213023349	-0.1370085963	0.0549790301	-0.036286134	-0.0639597237	0.0163188637	-0.0166275686	-0.0821730288	0.0204816866	0.0025699484	0.0142703136	0.0157527257	0.1020664072	0.0772020125	-0.0095949614	-0.0233323542	0.0845791043	-0.0046236263	0.1017198183	-0.0134146857	0.0629940949	0.0891527958	0.0319323705	-0.0401183934	0.0533393526	0.0589492115	0.0990885923	-0.079461705	-0.0907092895	-0.0142809398	-0.0179293942	-0.059240509	0.1462488153	-0.0625256877	-0.0650382106	-0.0509767869	0.1542384531	0.063491264	0.0560071598	0.0874282949	0.0499258151	0.1183956392	-0.0182701738	0.0519796674	0.0111950946	-0.0694598938	-0.0091336486	-0.0195856702	0.0911698179	-0.015983836	-0.0593891861	0.0390866439	-0.1073550229	0.0288736982	0.0108728145	0.024079468	-0.0543882306	0.0508532375	0.0333568579	-0.1251749818	-0.0963694752	-0.0737269015	-0.0484889592	-0.0323894983	0.0710647103	0.0079986081	0.035987911	0.0118526576	-0.012645557	0.0883251333	-0.0980265751	0.100173864	-0.0527311393	0.0262974645	0.0862327608	0.0212763601	-0.0165985756	-0.0386588757	0.0062066472	-0.0251380395	0.0864031573	-0.0143700994	0.1242675196	0.1437221497	-0.1127830978	0.0590040611	0.0124596218	-0.0902030834	-0.0103782343	0.0856045696	-0.0557717328	-0.019080331	0.1494906292	0.0264795895	-0.1019236731	0.0634753057	-0.0097595656	0.0	0.1127212427724657	0.0096565585578929	0.0127060785721691	9.324912318201476e-05	0.1370436708496214	-0.0896374652624842	0.008034875178683	0.0187809677199393	-0.1468983844001457	-0.0031893385731649	1.017188053427799e-05	0.0215791353393729	-0.0005009998934552	0.000578005712657	2.510008932421218e-07	3.340906038641264e-07	0.0008339999040571	-9.299936919789998e-05	8.648882671207306e-09	6.95555839967252e-07	2.084715387894285e-07	-7.916152754567089e-07	6.266547443364013e-13	4.346038248523219e-14	0.0
548.1719669692454	0.2852216125738778	0.0813513682792432	300492.5053709315	594.1472950951528	-1.8615923089496391	3.4655259247404486	353011.0082688866	515.105495103443	-0.0083622823234463	265333.67108576314	6.992776565702378e-05	515.626928406028	468.4969803582448	1.032236	17.778111	0.0745402218283243	0.0619711529101654	0.0549655988	-0.0951590324	-0.0020924792	0.1343356092	0.0772043765	-0.0635530022	-0.0565693964	-0.0785325613	0.1371705757	-0.0682737243	0.0018032045	-0.0181297549	-0.0331654924	-0.0033344964	0.0239747647	-0.0480602201	-0.0438604467	-0.0404113481	0.0561822161	0.0028198719	-0.0455035055	0.1394180956	0.0428251114	0.0863017636	0.0080753423	-0.0147856541	-0.1004389966	-0.0911607422	0.0948721371	0.0444821728	-0.1079664166	0.1358347167	0.0462904534	0.0030640172	0.1528837386	-0.0036602565	-0.0937746493	-0.1293994738	-0.0766917488	0.0440865331	0.0045975934	-0.0201501637	0.1126235623	0.0949577874	-0.0449537976	-0.0272293683	0.1171039876	-0.016997041	-0.019202024	-0.0270733544	-0.0718789897	0.0554721973	0.047900899	-0.1078414537	-0.21336362	-0.0042110967	0.0634516177	-0.0773535977	-0.1118127361	0.007209199	0.0682319708	-0.0208051035	0.0875412733	-0.056024502	-0.0438333255	-0.0422138245	-0.05722967	0.0483953555	0.0397541569	0.0755980187	-0.0341921467	0.1176438911	0.0661635748	0.11893213	-0.0357480279	0.0698994281	-0.0870211519	0.0226734542	-0.1025858157	0.055321634	-0.1714033568	-0.1863826102	0.0138754547	-0.0034442181	0.0054628618	-0.0326411129	-0.1175683262	-0.0367138257	0.019966008	0.0922413619	-0.054788174	-0.1520678887	-0.0018422341	0.0288524072	-0.0384516331	0.0152903896	0.0774383701	-0.060390177	-0.0060664254	-0.0280455713	0.0144013271	-0.0121339319	0.0665318807	-0.0417272202	-0.1615751135	0.0043914428	0.1457590621	-0.0320364831	-0.015862355	0.0413015071	0.0217805444	-0.103062378	0.0675047358	-0.0170374908	0.0	0.1128207427543941	9.94999819284026e-05	0.0127285199956531	9.900246403752442e-09	0.1950557293716031	0.0580120585219816	0.0033653989339578	0.038046737560688	-0.1437503074603228	0.0031480769398228	9.910388419044626e-06	0.0206641508949373	-0.0007660004874428	-0.0002650005939875	5.867567467626071e-07	7.02253148137808e-08	0.0008340001274289	2.2337180000629728e-10	4.989496103805328e-20	6.955562125514215e-07	8.19381871217204e-07	6.109103324277755e-07	3.732114342670152e-13	6.713866508794066e-13	0.0
547.6732577987358	-0.4987091705096418	0.248710836750415	299945.9973078805	591.1386710991294	-3.0086239960234025	9.051818349447826	349444.9284688447	515.2918166240663	0.1863215206233235	265525.6562797304	0.0347157090473875	514.2957115040192	465.64615534940026	1.137543	19.591808	0.0712767389433926	0.0489334951005352	-0.0762276434	-0.0412094699	0.0652273391	-0.0697644202	-0.0199563157	0.1285766048	-0.0066933734	-0.0799278052	-0.0656890784	-0.0188233965	0.0378354096	0.0281290012	0.010684287	0.0705994036	-0.0004623714	-0.0679512568	-0.1351826583	0.0624177276	-0.1477524757	-0.0771345431	0.0869718945	-0.0948904742	0.085999653	0.0120248644	-0.0498419614	-0.0029400323	0.0005541753	-0.0247175661	0.0359464099	-0.003667032	0.0518365132	0.0535818254	0.0767310066	0.0707110908	0.0429535553	0.0853269766	0.1052470585	0.010322824	0.1234083502	0.0867331475	-0.0561471002	0.0448892454	0.0496709273	-0.1257977305	-0.0685081433	0.0428002064	0.0571682122	0.0115504659	0.0246806411	0.0506924055	0.0529421179	-0.1174115211	0.1192277319	0.0186636675	-0.0771993239	-0.1227266428	-0.0779789146	-0.0428700694	0.148092901	0.0126773012	-0.0964314708	-0.0128456457	0.0374968176	-0.0730831522	0.0494207319	-0.0509338717	-0.0952186351	-0.0215315835	0.1186182059	-0.0703458583	-0.0045659746	0.0677370758	0.1623876175	0.0100767739	0.0415815723	0.0694106646	0.0158675686	-0.1354646435	-0.0352076332	-0.0271799515	-0.129760336	-0.0134913767	-0.0290859113	0.1320522094	-0.1370689369	0.0492632865	0.0063082312	-0.0491715775	-0.081343521	0.0206140078	0.0176860969	0.0604578078	-0.1410926769	-0.0113754458	0.0393896237	0.0529635445	-0.0178955523	-0.0336566944	-0.0357216561	0.0283696743	0.0954056622	0.0019055162	0.036099354	0.0948298579	-0.0745987291	-0.1060454814	0.0746903752	0.0412108591	-0.0150971762	0.0486672911	-0.0725751654	-0.1041552675	0.071414145	-0.0242472716	0.0	0.1126958267577862	-0.0001249159966079	0.0127003493686209	1.5604006208547516e-08	0.1534137073231107	-0.0416420220484924	0.0017340580002871	0.023535765594621	-0.1597293985880696	-0.0159790911277467	0.0002553313532688	0.0255134807733064	-0.0004959998814771	0.0002700006059657	2.460158824252972e-07	7.29003272218452e-08	0.0008339993979764	-7.29452500031029e-10	5.321009498015183e-19	6.955549958249976e-07	2.06521878506926e-07	-6.12859992710278e-07	3.75597370664842e-13	4.2651286302029504e-14	0.0
547.5534543233804	-0.1198034753554111	0.0143528727072346	299814.7853414662	592.9055658114158	1.7668947122864438	3.121916924305795	351537.00997015514	515.0476877052365	-0.2441289188298014	265274.1206105108	0.0595989290090077	514.4148994965079	464.0123169633104	1.063395	18.314756	0.0917852647766933	0.0724344456392574	-0.0615330249	0.0800384038	-0.0402489176	0.0551840563	0.0354701671	0.0418076943	0.0940135184	-0.0038613323	0.024345421	-0.0350666258	-0.0005802239	-0.0144006703	-0.1034297102	-0.0275419157	-0.0434314434	-0.0544215032	-0.1172871779	-0.0519908677	0.0417697255	0.0505054238	-0.0417464718	-0.1118944898	-0.0722096082	-0.0879349679	-0.0154699678	0.0795615843	-0.0374040642	-0.1217528813	-0.1420299954	0.0825216342	-0.1163838086	-0.0506093134	0.1189744625	0.0762274142	-0.0795989456	0.0305857697	-0.0171393992	0.0733661396	0.0471221915	-0.087536345	-0.0821228245	0.0864968472	-0.0382634719	-0.0918175781	0.1058555017	0.174932085	0.0534096486	-0.1116177277	-0.0071694798	0.0187953679	-0.0335755162	-0.0525527089	-0.0938013473	-0.0677446795	-0.0214102691	0.0300741343	-0.0620850745	0.0694506461	0.0057984713	-0.0899522229	0.1282693567	0.0538196761	0.0277402467	0.0253083936	0.0307222069	0.0047072328	-0.0608114603	-0.1031147254	-0.0067513269	0.113900015	-0.0093262325	-0.114267721	0.1497234559	-0.0531505698	-0.0906574357	0.0840643898	-0.0250210566	-0.0931594341	-0.0778579552	0.0627292891	0.0250739388	0.1149468399	0.0693175187	-0.0795332695	0.0434557953	-0.1059062619	0.0407253729	0.1138478643	-0.0101777901	-0.0031232461	-0.0829133797	0.0347445238	0.0179630587	-0.0628497722	-0.077846752	0.0807622451	0.1022669866	0.0058079102	0.0422573297	-0.0835051397	-0.0236878767	-0.1299768531	0.1646846049	-0.0624514745	-0.0215082989	0.0393816144	0.0691587191	0.1662487549	0.0307288058	0.0079565701	0.1252874351	-0.1052018558	0.0751965824	-0.0313600711	0.0	0.1070529491150864	-0.0056428776426998	0.0114603339142372	3.1842068090481256e-05	0.2234475507181628	0.0700338433950521	0.0049047392206826	0.0499288079219459	-0.1559480902533039	0.0037813083347656	1.4298292722568538e-05	0.0243198068536526	-0.0006650005866939	-0.0001690007052167	4.422257803032312e-07	2.856123836377573e-08	0.0007570004198995	-7.699897807689996e-05	5.9288426248869215e-09	5.730496357280193e-07	7.515466683216199e-07	5.45024789814694e-07	2.9705202151255134e-13	5.648223946653269e-13	0.0
548.1709378698251	0.6174835464447597	0.3812859301299977	300491.3771250837	595.9212782908294	3.015712479413537	9.094521758490544	355122.1699197761	514.840150323533	-0.2075373817035597	265060.380385158	0.043071764804369	515.9015815961216	471.4127719668992	1.020401	17.574282	0.0674072716341536	0.0508975850497403	0.0638074776	0.0601911066	-0.0864965449	0.0103025994	0.0750272906	-0.0538546418	0.0683745598	0.0205712959	0.0017364546	0.1143399818	-0.0788609151	-0.0806660599	-0.0860595419	-0.0539931094	0.0453963319	-0.0149958227	0.0019147287	0.0783599235	0.1197538343	0.0663982644	0.0603605067	0.011954222	0.0154440474	-0.0815885765	-0.1096917442	-0.0111646296	0.0009270478	0.0164384077	-0.0172172578	-0.0662942268	-0.0080426038	-0.0214860029	0.0593147699	-0.1102242181	-0.0878537645	0.0416854848	0.0272108857	0.1221782026	-0.0095658843	-0.0671365355	0.0260886194	0.1364368613	-0.0043104921	-0.0500510519	-0.0092167683	-0.0067662983	-0.1301053801	0.0075961132	0.0812859621	0.0405492718	0.1145082032	-0.0072200351	-0.1482718665	-0.1053803614	0.070975556	-0.010368354	0.0340037588	0.0789799453	-0.0588783463	-0.1159121881	-0.0340554428	0.1149903053	-0.0196041887	-0.0340688297	-0.0392007341	-0.0220427408	-0.0434254672	-0.0020975759	0.0621839727	0.0038610382	0.0858854673	0.0896281463	-0.0273762614	-0.041868106	-0.1048674107	0.0400274537	0.0215911447	-0.0149465292	-0.051798237	-0.0708198653	0.0338333125	-0.0547839992	-0.0193076062	0.0530041849	-0.0669551206	0.0311666687	0.1408649291	0.0016321522	0.0047781488	0.1138284708	0.0526969967	0.0463396014	0.1290369377	-0.0204811726	0.0512721939	-0.1273063058	0.0246012685	0.0857538788	-0.0901275663	-0.0146046841	0.0263895598	0.0353410286	0.028578601	-0.0366946718	-0.1435926604	-0.0178290422	0.0544242124	0.0203207341	0.0101075949	0.0978441699	-0.0862772155	-0.1062016776	0.0788453231	-0.0383474405	0.0	0.1058884147546876	-0.0011645343603987	0.0112123563792607	1.3561402765494165e-06	0.1736285620039126	-0.0498189887142501	0.0024819316365105	0.0301468775435465	-0.1488195969859731	0.0071284932673307	5.081541626238029e-05	0.0221472724470674	-0.0006255487132025	3.9451873491400005e-05	3.9131119258930354e-07	1.5564503219814302e-09	0.000779461334984	2.2460915084500008e-05	5.0449270643312e-10	6.075599727350395e-07	0.0001247438639359	0.0001239923172675	1.5374094741383814e-08	1.5561031589658333e-08	0.0
549.736809238637	1.5658713688118269	2.451953143664624	302210.5594318775	597.6272662857832	1.70598799495383	2.910395038926589	357158.3494082184	515.4031032533136	0.5629529297806357	265640.35884314583	0.3169160011486013	516.2599609934223	468.7156945325696	1.097493	18.902031	0.061546469899478	0.0305402045517867	-0.0175094213	-0.071560906	-0.0101997357	0.1288851895	0.1496913281	-8.6565e-06	-0.0200931778	-0.0383658328	0.1133671414	-0.0304875104	0.0753380288	-0.2005052568	0.1405495183	-0.0307663502	-0.0898688208	-0.0931625463	0.0377054796	-0.0408916181	0.0740846607	0.0218875516	0.0153783987	-0.0576714758	-0.0577384419	0.0758506506	0.0372254261	-0.0618063116	0.0418660431	-0.0818066958	-0.1523377082	0.0384253586	0.0601556924	0.116329754	0.053610277	0.0644500636	-0.2185313317	0.0489489561	0.0807422301	-0.0981560365	0.0215950334	0.1063424228	0.0970737923	0.0225645287	0.0876558769	-0.0275594417	-0.2382482662	0.0710825992	-0.0884535022	0.1144361873	0.0128660609	0.0640471116	0.0115782184	-0.0569512249	-0.0441149276	-0.0764881096	-0.1402077761	-0.0663934229	-0.000424173	-0.0817133605	-0.0691675683	-0.018350251	0.0729790272	-0.0404982646	0.0776629684	0.202187107	-0.032811654	0.1072966991	-0.0891324678	0.12999206	0.0874397602	-0.018640126	-0.0636629455	0.0821306786	0.0704747921	0.0947659654	0.0954481833	-0.0002650891	-0.0143085464	0.0442468671	-0.1696311581	0.0578615806	0.0262286214	0.1773434899	-0.0321138846	0.0875819082	-0.1234907928	-0.0482410639	0.0291419869	-0.0539726356	0.044997658	0.0516481491	-0.1158219209	-0.1491263341	-0.0239685853	0.0328372471	-0.1027773974	0.0095421527	-0.037111503	-0.0213702057	-0.1397504949	-0.0699225662	0.0339260726	0.0184810055	0.2012096335	-0.0721384767	-0.1706082163	0.0442503942	0.083594211	-0.0540652541	-0.212508268	0.1344901443	-0.0298634924	-0.1071542885	0.0823538796	-0.0451814325	0.0	0.1129492597966077	0.0070608450419201	0.0127575352886015	4.985553270600769e-05	0.1931339883463465	0.0195054263424339	0.0003804616568001	0.0373007374545667	-0.1422811529628944	0.0065384440230787	4.2751250242933706e-05	0.0202439264884505	-0.0009610004272585	-0.000335451714056	9.235218211910196e-07	1.1252785246310845e-07	0.0006699996259309	-0.0001094617090531	1.1981865748825521e-08	4.4889949874754594e-07	8.221972040940782e-07	-0.0001239216667318	1.5356579485588773e-08	6.760082424201193e-13	0.0
551.177704566823	1.4408953281860022	2.076179346788247	303796.862011552	594.2816022129382	-3.345664072845011	11.193468088325869	353170.6227287769	516.6078614096605	1.204758156346884	266883.682470263	1.4514422152843427	515.9352503871419	469.9367486320076	1.168667	20.127861	0.0882393370813531	0.0531198716338539	-0.1738937381	-0.1428159815	-0.0526198932	-0.032233756	-0.0297048915	0.1621373923	-0.0921155908	0.1837167883	0.0428676671	0.0246220341	0.0854492086	-0.0728144351	0.0499498302	0.0339676759	-0.0477124123	0.1828191056	-0.0251574931	-0.0260017691	0.0061976815	-0.1945044739	-0.0240224746	0.0398028737	0.0711029721	0.0051238187	-0.0550026247	-0.1274316844	-0.0640966077	0.0987121654	-0.0693124914	-0.0329260366	-0.0960740476	0.0392026737	-0.0179530537	-0.0230587171	0.0105595608	-0.1531160343	-0.024224672	0.142306433	-0.02235434	0.1751471143	0.0038778069	-0.047984834	-0.0275057945	0.0158321911	0.0779398046	-0.0095441273	0.0806722925	-0.0331466296	0.0420165225	0.0016412829	0.0751762214	-0.0892475101	-0.0391376423	0.0178989766	-0.0716232191	-0.1291756976	-0.1155452603	-0.0920959967	0.0042612382	0.1605395259	-0.0215319028	0.1274594199	0.101989669	0.0655518774	0.0113315755	0.0254658731	0.0452456582	0.0185757506	0.0105776937	-0.1931181123	0.0006268902	0.1618864167	-0.0341779834	-0.0802545085	0.1060733909	0.048411678	0.0316742758	-0.0795064682	0.0498544463	0.0589061077	-0.0172362789	-0.0387221746	0.1087933015	-0.0397287393	0.0290878985	0.0984238645	-0.190484465	-0.0897210427	-0.1223415622	0.0169389097	-0.0269114352	0.0939159714	-0.1426794413	-0.0879889831	0.0224627747	-0.1005100313	-0.1212412234	-0.0198634129	-0.0329456137	-0.0002586799	0.0375266958	0.0975095097	0.014245718	-0.0160269216	-0.1026009651	0.0490479623	0.0605830226	0.0209336026	-0.19101571	0.0625120348	-0.2204723702	-0.1080592651	0.085716014	-0.0518347133	0.0	0.1128166081935546	-0.0001326516030531	0.012727587084298	1.7596447792558532e-08	0.1518778996791496	-0.0412560886671969	0.0017020648521156	0.0230668964109498	-0.1639285641281418	-0.0216474111652474	0.0004686104101572	0.0268725741371143	-0.0006210006154391	0.0003399998118194	3.85641764375741e-07	1.1559987203722743e-07	0.0008340001416711	0.0001640005157401	2.689616916305158e-08	6.955562363074149e-07	7.588118465794462e-07	-6.338535751463205e-08	4.017703547257722e-15	5.757954185093089e-13	0.0
550.0311145158342	-1.1465900509887206	1.3146687450263168	302534.2269355308	593.6027982356185	-0.678803977319717	0.4607748396250668	352364.2820731564	516.1877972260686	-0.4200641835918759	266449.8420051009	0.1764539183367092	515.1527961977281	471.13426603976393	0.94659	16.303047	0.1124365739116794	0.0822616319388785	-0.1499322002	-0.110989468	-0.0925096607	-0.0550655995	-0.1348349987	0.1606762654	-0.0105261464	0.1353351691	-0.1019000706	-0.0084265552	-0.060001139	0.0319410633	0.1260023951	-0.0238381603	-0.0311210725	0.044419238	-0.070257647	-0.0861859264	-0.0669799453	-0.1654713437	-0.0451201496	-0.0145155871	0.0093242647	0.0800754527	0.0795190028	0.1869291638	-0.0746927534	0.0984348887	-0.0086905849	0.1259309927	0.0786371803	-0.0920055087	-0.1215281458	-0.1691601464	-0.0696287112	-0.0390644922	0.0164874186	0.0256075609	-0.0099251906	0.0680925444	0.0772807955	-0.1826728804	0.0451172292	-0.0867532897	0.1412335175	0.1655834193	-0.006222485	-0.0144955748	0.0499810429	-0.0524201084	-0.032407099	-0.1334627781	-0.1084560211	0.0525803399	-0.0046244949	-0.1067823028	-0.1303056192	-0.0079205403	0.0511510459	0.2000534418	0.0192123974	0.095324628	-0.034276596	0.017645332	0.1114687819	0.0435185277	0.025800229	-0.1165190678	0.1278947311	0.0080786609	0.0521851559	0.0113352121	0.0283396783	0.0861679681	0.0952964916	0.0292627898	0.0878656777	0.0008211028	0.1039399067	0.0026843311	-0.0211796202	0.1165289265	0.0170356641	-0.1402655277	-0.0028889373	-0.154741068	-0.2179573361	0.0466258998	-0.1056350856	-0.0509192405	-0.0977528388	-0.0318050557	-0.0956388679	0.0151867047	-0.1085319518	0.0171576462	-0.170911986	0.1630934959	0.0314330806	0.0504475767	-0.006860496	0.0064645887	-0.0199170141	-0.0292070546	0.0117466025	-0.0283817003	0.0837417844	0.1226117004	-0.0209262929	0.0390705509	-0.164512739	-0.1089162049	0.0889257484	-0.0582806721	0.0	0.1050159916451178	-0.0078006165484368	0.0110283585012074	6.084961853574616e-05	0.2279114613383654	0.0760335616592157	0.0057811024985857	0.0519436342093892	-0.1519331282458438	0.011995435882298	0.0001438904820063	0.023083675458568	-0.0009530010184517	-0.0003320004030126	9.082109411699774e-07	1.1022426760052883e-07	0.0008339999203621	-2.2130899998869247e-10	4.897767347599508e-20	6.955558671639891e-07	8.97383959556615e-07	1.3857211297716885e-07	1.9202230494957253e-14	8.052979708695085e-13	0.0
548.3779697027412	-1.6531448130930355	2.732887773056408	300718.39765530056	593.5349171525341	-0.0678810830843303	0.0046078414407017	352283.6978792656	516.2605695069291	0.0727722808604767	266524.9756276187	0.0052958048616361	515.2137501834783	468.1689869239056	0.8928789999999999	15.377988	0.0694163443270158	0.0465807920765092	-0.1053956393	-0.0465305516	-0.0133580457	-0.059884814	-0.1849937801	0.1420569969	-0.0136793866	0.0579547288	-0.1215545423	-0.0307196896	-0.0349499228	0.1379915861	0.0520038073	0.1492582521	0.0047910043	0.0180047715	-0.044574418	-0.0094586262	-0.037911137	-0.1319048598	-0.0324459403	0.0047140915	0.0544458868	0.1060527928	0.116394483	0.0673016123	0.0182190622	0.1446217523	0.0322734166	0.0343759315	-0.0198055402	0.0052867869	-0.0364592224	0.0595395784	-0.0259678173	-0.078107148	0.1194684625	-0.0727354381	-0.0040136276	0.0749505095	0.1228791545	-0.0590022337	-0.1502992971	-0.0277683774	-0.0228350294	0.0465524589	-0.0693103874	0.0642317257	0.1063174738	-0.0320618292	0.024443434	0.1246417783	-0.0402925668	-0.1662955017	0.1041354671	0.1566191766	-0.1163259433	-0.0160665746	0.0934087804	0.1420560459	-0.0254789383	-0.0042339861	-0.0730533792	-0.0779719924	0.1473814632	0.0397294881	-0.0139537727	-0.1116986812	-0.0622244524	0.017592559	0.0960750963	0.1098489905	0.0751970014	0.0460126576	-0.0227976233	-0.0724026351	0.1416997384	0.0547248338	0.076465355	-0.0323666098	-0.0342683362	0.0210868578	0.0220139441	0.0393718241	-0.1345874427	0.0969576242	-0.1070872889	-0.0132259903	-0.0912383499	-0.0251709508	-0.0409254146	0.095520773	-0.1185011274	-0.0608212646	0.131951216	-0.0004514188	-0.0765957627	0.0831326676	0.0191346511	0.1520468565	0.0010726101	-0.0196547035	0.0085994646	-0.0090482901	-0.0018649797	-0.0394998747	0.0183748684	0.1224475801	-0.0590133498	0.0224738362	-0.1292558981	-0.1097247271	0.091977376	-0.064493527	0.0	0.112816533425331	0.0078005417802132	0.0127275702141088	6.084845206485184e-05	0.1856916428221353	-0.0422198185162301	0.0017825130755434	0.0344813862139834	-0.1635758457240399	-0.0116427174781961	0.000135552870277	0.0267570573043349	-0.0007980005061455	0.0001550005123062	6.368048078084742e-07	2.402515881518447e-08	0.0008340000815278	1.6116570003468084e-10	2.5974382867668723e-20	6.955561359883771e-07	8.327263839280857e-07	-6.46575756285293e-08	4.180602086158986e-15	6.934332304899457e-13	0.0
547.1374348062584	-1.2405348964828136	1.538926829391625	299359.3725663727	594.1778625229658	0.6429453704316757	0.4133787493595246	353047.33231236046	514.5663128044769	-1.6942567024522075	264778.49027319474	2.8705057738042288	514.5167767323333	463.6883177590092	0.996959	17.17054	0.1099583591868561	0.072845747228774	-0.0593591977	0.085989317	-0.0020720528	0.0141489286	-0.0161359731	0.0526891849	0.0993224051	-0.0313986954	0.0191101297	-0.0117214174	-0.0704620947	0.0458623048	-0.0607264736	0.0420043271	-0.0537422202	-0.0835966205	-0.1083539189	-0.1152631595	0.0512453219	0.0475739109	-0.0125231072	-0.0886519792	-0.033287345	-0.0027561513	0.0033168062	0.1678566812	-0.0493161197	0.0568642239	-0.1015344088	0.0015544234	-0.01891379	-0.0934084969	0.0571047655	0.1464280389	0.0437033564	-0.0451231099	-0.0349198832	-0.1348029087	0.0110338573	-0.0961739117	-0.0476487374	-0.0491761354	0.0629974151	0.0130519823	0.0133612869	0.043739579	0.194712842	-0.047971257	0.1011982295	-0.0120527394	-0.0891311775	0.1097095146	-0.0643076997	0.0045028314	0.0464511255	-0.0411748193	-0.0702835257	0.0625052448	-0.0142096896	-0.0968282734	0.0643556738	0.0197913633	-0.0124868422	-0.063955002	0.0765453555	0.079593354	0.0241568791	-0.1265225327	0.0105474317	0.1965411367	0.0883388469	-0.1272719161	0.0573044563	-0.0570320518	-0.0068229951	-0.0026155118	-0.0750124192	-0.0361804369	0.0408053103	0.063782788	-0.0903293807	-0.0393654375	0.0388264478	0.0929452761	0.0306756556	-0.0358408919	-0.0113467002	0.1215176815	-0.0588678935	-0.0389652925	-0.0795238169	0.0063780511	0.0956115358	-0.0109355152	-0.0752910138	0.0529561054	0.0242255084	0.0254829782	0.1517297019	0.0359795053	-0.0097087651	-0.0999586796	0.1203857129	-0.0801596578	0.0034541607	0.0054008293	0.0537932153	0.1169151571	0.023873928	-0.0675956882	0.0396537778	-0.1104844722	0.0948654713	-0.0704484286	0.0	0.1039808352927593	-0.0088356981325717	0.0108120141081799	7.806956148993114e-05	0.2500108955060653	0.06431925268393	0.0041369662658192	0.0625054478717447	-0.1444298052136758	0.0191460405103641	0.0003665708672245	0.0208599686340603	-0.0011510004500075	-0.0003529999438619	1.3248020359174672e-06	1.2460896036657512e-07	0.0008339998741342	-2.0739360001489207e-10	4.301210532713705e-20	6.955557900558615e-07	9.799323281337686e-07	1.472059442056829e-07	2.1669590009486632e-14	9.60267367721668e-13	0.0
548.3769677807659	1.2395329745074832	1.536441994891369	300717.2987924271	596.166174840119	1.9883123171531447	3.953385870542909	355414.1080234993	514.8070335096985	0.2407207052216335	265026.28175105585	0.0579464579224006	516.5366376840216	471.69358281818575	1.043071	17.964716	0.0992253727623829	0.0667550700923235	0.0423029963	0.1073848908	-0.079632689	0.0330269774	0.0601689008	-0.0751921191	0.1226427939	-0.0534683943	0.0357167079	0.0774931543	-0.0420909726	-0.0416211224	-0.09735492	-0.0211103285	-0.0787447434	-0.0148733119	-0.0311115511	-0.0410294793	0.0975357188	0.1028058588	0.0932141892	-0.0204695677	-0.0815756952	-0.061063975	0.0450476306	0.0685781425	-0.0188965419	0.0271702092	0.1412767094	-0.0737416188	-0.0036790988	0.0363022106	0.0498781265	-0.0316753277	-0.0259276216	-0.1513343873	-0.1369795641	0.00645179	-0.0756211154	0.1655742483	-0.0414760385	-0.0190035714	0.0583780802	-0.056055105	0.0225148384	-0.2844669555	-0.0236409046	-0.0597449489	-0.048829969	0.0868957746	0.0033907141	-0.052349332	0.0841422335	-0.0813253209	0.0110567307	-0.0171050191	0.0374230758	0.118601635	-0.0894727062	-0.1392116419	0.001602138	-0.0042751785	0.056678284	0.0228742295	-0.0126882009	-0.0619313482	0.0010757713	0.0246726359	0.0824267301	-0.0391343992	-0.0420305898	0.1712590082	-0.1261265192	-0.0062333089	-0.0486997548	-0.0069324876	0.0391981616	0.0123284819	-0.0294317968	0.0486404119	-0.0945678891	0.0605125812	0.0318936901	0.023236348	0.1175487112	0.0710902576	-0.0142226451	0.0429626991	0.0713437519	0.1543096461	0.0405598012	0.0251069554	0.091209781	-0.0575360214	0.1355773244	-0.0975875959	-0.0064784104	0.0267168957	-0.0737612207	-0.0342618214	0.0117445244	0.0774446126	0.0197735819	-0.0233716676	-0.0573425351	-0.017762429	-0.0851605276	-0.0044941437	-0.0481379127	-0.015043305	-0.1043422811	-0.1111951025	0.0975848992	-0.0761215592	0.0	0.1049436828887877	0.0009628475960284	0.0110131765782624	9.270754931776882e-07	0.1959745470339982	-0.0540363484720671	0.0029199269561946	0.0384060230851807	-0.1588954481928084	-0.0144656429791326	0.0002092548267997	0.0252477634563934	-0.0006080006605559	0.0005429997894515	3.696648032364108e-07	2.948487713444818e-07	0.0008859999800043	5.2000105870099976e-05	2.704011010501606e-09	7.849959645676199e-07	7.691533467375626e-07	-2.107789813962061e-07	4.4427778998422186e-14	5.915968707975931e-13	0.0
549.765589422947	1.3886216421810786	1.928270065133676	302242.2033135603	597.7508949344441	1.584720094325121	2.51133777735782	357306.13239492883	514.5149689885496	-0.292064521148859	264725.6533132882	0.0853016845139123	516.1525012177739	470.8590491458848	1.116541	19.230097	0.0262551512937053	0.0129733460090069	0.0565278712	-0.0758809599	0.0091088662	-0.0250486261	0.0733003542	-0.0599038233	-0.0375124755	0.0124925218	0.073900643	0.1625305488	0.0971772587	-0.0501444035	0.211710198	0.0310194671	0.0170045289	-0.0247974035	0.0576736415	0.0478607516	0.0004337625	0.1308375509	0.0896679545	-0.0234312525	0.0820859308	0.10378764	0.0104798334	0.0947880485	-0.1132064816	-0.0467410859	-0.0293128959	-0.0473309769	-0.0709226814	0.0482596083	-0.0613679564	0.0540798988	-0.0518344265	0.1025537882	0.0415419421	0.003276953	-0.0259527176	0.0374936559	-0.134933537	0.1115562444	0.0937744526	0.0227892173	0.1268253839	-0.0035157957	0.0335203858	0.0481969515	-0.1079919677	0.0187507762	-0.0455269689	-0.1235605498	0.0530125844	-0.0783339944	-0.0124977989	0.0155476419	0.0795051237	-0.0525209898	-0.0423818174	-0.0469493344	-0.0902624051	0.0176059087	0.0933473476	0.1288344892	0.088190202	0.2116163438	-0.0373034426	0.1138173176	0.0260076881	0.033082134	0.0044946147	-0.0316700333	-0.033740508	-0.0944353054	-0.0176037327	-0.036665946	0.0425294355	0.021507052	-0.1065915575	-0.1716583432	-0.0404608351	-0.0030000408	-0.1099117049	0.0336327944	-0.0274316361	-0.139444689	-0.0046157204	-0.0730154936	0.0004070211	0.0349894064	0.0303665163	-0.0478551053	-0.0022395758	0.138128736	-0.0695055987	-0.0067160449	-0.1880901901	-0.0633408953	0.0038819474	-0.0693569275	-0.0719132856	-0.005828825	0.1328759222	-0.1375150428	0.0172319613	-0.020162594	-0.0009672772	0.0301141003	0.0395545067	-0.0092328196	-0.098919819	-0.1118563022	0.1001308247	-0.0814902283	0.0	0.1052620974177216	0.0003184145289338	0.0110801091527779	1.0138781223619723e-07	0.188426756193877	-0.0075477908401211	5.696914656621739e-05	0.0355046424497467	-0.15859816264269	0.0002972855501184	8.837869830920182e-08	0.0251533771936371	-0.0007809438840376	-0.0001729432234817	6.098733500157325e-07	2.990935854824123e-08	0.0008340533955379	-5.1946584466399954e-05	2.698447637724825e-09	6.956450666083007e-07	-0.0001361742461958	-0.0001369433995425	1.875349467826708e-08	1.8543425326994352e-08	0.0
550.7852266542227	1.0196372312757376	1.039660083403652	303364.36590054346	597.7129993115441	-0.0378956229000095	0.0014360782349797	357260.8295460019	515.7984062660742	1.2834372775245129	266047.9959066221	1.6472112453395336	517.8888080989711	473.9332046254052	1.079089	18.585056	0.028898423122794	0.0156287235200305	0.0097927631	-0.1653941114	-0.0528494248	0.0108059386	0.1286042774	-0.0498907767	-0.1902535559	0.0305555373	0.1280379294	0.0603964746	0.2309776267	0.1189367424	-0.1071510073	-0.0100144914	0.1443622409	0.0304712045	0.0588988282	0.0049511274	-0.0394659446	0.076667579	-0.0123243703	0.1189571417	0.0649300909	0.0069006174	0.0074343012	-0.116744589	-0.1798482785	-0.0446614586	-0.0724163818	-0.0230429713	0.1169874283	0.0641441914	0.0800957705	0.0125067809	0.0503114047	0.0233943716	-0.023610227	0.1350621791	0.117390129	-0.0280074675	-0.1133774636	-0.0384324169	0.0775592195	0.0023134422	0.0200487648	0.0775316336	0.0888543547	0.1142281977	-0.0268157592	-0.1475723305	0.0227892026	0.0054179273	0.0242949005	0.0264756553	0.026115889	0.0099213929	0.1032622482	-0.145782259	-0.0889408037	0.0460919024	-0.0679790969	-0.0027549238	0.2101509206	0.0130379112	-0.139757119	-0.1514231453	-0.0220132087	-0.0630426028	-0.0679178659	0.0170709836	0.0483916022	0.0398416518	-0.1553915104	-0.0604249723	0.1792746945	0.0474506588	-0.0247496631	-0.0666217124	0.132079796	-0.0110525693	0.031572229	0.0333318198	0.0530533284	-0.0424615878	-0.1357554509	-0.0790056121	0.070881644	-0.0829659986	0.0222506894	-0.0087405133	-0.0504598303	0.0109932288	-0.0819472949	0.006996949	0.1059271162	-0.0970119624	0.0755426881	-0.1200262324	0.0199886023	-0.2335799421	-0.1571574347	0.2024003918	-0.0670938246	-0.0250378689	0.0379341083	-0.0433986939	0.0793877969	0.0423538724	-0.114290408	0.0469587111	0.1519181009	-0.1124677771	0.1024987213	-0.0865329627	0.0	0.1000289280231214	-0.0052331693946002	0.0100057864414548	2.7386061912580323e-05	0.182581531478533	-0.0058452247153439	3.416665197286821e-05	0.0333360156370465	-0.1673462881635998	-0.0087481255209098	7.652970012959355e-05	0.0280047801621345	-0.0006029446687635	0.0001779992152741	3.635422735903267e-07	3.1683720638195423e-08	0.0008340402625419	-1.3132996000051432e-08	1.7247558393736691e-16	6.956231595409614e-07	-0.0001327485246271	3.4257215686999884e-06	1.173556826625631e-11	1.7622170790671777e-08	0.0
549.6167343759676	-1.168492278255144	1.3653742043418966	302078.5547061029	595.7248425887802	-1.988156722763847	3.952767154271081	354888.088077427	516.5104820600902	0.7120757940160729	266783.0780779468	0.5070519364236207	516.433467232536	470.9174822391771	1.145141	19.72267	0.0579558088506967	0.0386067128811874	-0.090054693	-0.0834947552	-0.002804139	-0.0714493697	-0.0761357345	0.1138852642	-0.0363244987	0.0194758631	-0.0750482781	0.0253602207	0.0288659117	0.0237579163	0.0123773535	0.0121280593	-0.1440264131	-0.0738173735	0.0962978525	0.0046231247	-0.0503652811	-0.1295268124	-0.0557888831	-0.0586407171	0.031215599	-0.0798180491	0.0366447169	-0.0070875656	-0.0604423361	0.0016753834	0.0009637044	-0.0013745677	0.0814939015	0.076366168	-0.0836296507	-0.0664418972	-0.11083961	0.0552860503	-0.1156464355	0.0211099747	-0.0061521709	-0.1325184946	0.1154852849	-0.0559464944	-0.0433070786	0.0890653806	-0.0692592912	-0.0239233765	-0.0667989433	-0.1074361526	0.0420389647	0.0297978332	-0.0454283739	0.1422275121	0.0666631752	-0.0463968055	0.0344871249	-0.1015372452	-0.0920997812	-0.0579878754	0.1110836661	0.0738213884	-0.009834145	0.0389446661	0.0118674959	-0.0280474814	0.033826069	-0.0671959121	-0.0768837169	0.120745137	0.0370070665	0.0581132476	0.1130886433	-0.0406033845	-0.0585113286	0.0837268975	-0.0421090045	-0.0885525067	-0.047363277	-0.0367080969	0.0443157873	-0.00266743	0.0958865799	-0.0059870997	0.129780328	-0.0688655064	-0.0313807945	0.092504521	0.1711642861	-0.0176542904	-0.093275011	-0.0364287689	-0.0691774693	-0.0355729436	-0.049744791	0.022751321	-0.020778525	-0.0231227029	-0.1393694602	-0.0359077019	0.0089208566	0.0287807805	0.044747519	0.093014943	-0.0320380453	0.1110176112	0.0698166993	-0.0859254262	-0.1381810814	-0.0467191827	-0.0092028295	-0.0678381758	0.0870223678	-0.1130292557	0.1046843788	-0.0912295932	0.0	0.0979931302788372	-0.0020357977442841	0.0096026535818451	4.14447245563262e-06	0.2114075825386407	0.0288260510601076	0.0008309412197199	0.0446931659548321	-0.16284535050562	0.0045009376579798	2.0258439801020863e-05	0.0265186081812982	-0.0010034188938985	-0.000400474225135	1.0068494766324892e-06	1.6037960499747865e-07	0.0008340931894983	5.292695640004425e-08	2.8012627137721845e-15	6.95711448767447e-07	-0.0001840818203022	-5.13332956751e-05	2.63510724486724e-09	3.3886116565771455e-08	0.0
548.9801005743136	-0.636633801653943	0.405302597408352	301379.1508265835	595.8647957817983	0.1399531930180728	0.0195868962359539	355054.8548520842	516.3537390905482	-0.1567429695420514	266621.1838727899	0.0245683585008604	516.0164282700571	466.7478022631102	0.94227	16.228638	0.0301881233373741	0.0142548679225453	-0.1006081255	0.0083392142	-0.006847943	-0.0870616194	-0.1234463779	0.084531635	0.0314800272	0.0439159313	-0.0401665403	-0.0793205266	-0.0012488078	0.1744380978	0.0287459032	-0.040853952	0.1213293083	0.0947572606	-0.0164620674	0.0313591663	0.02706721	-0.1291861125	-0.042344802	-0.0288256144	-0.0245238311	0.0742410225	0.0207575002	-0.0679288836	0.0827101014	0.0923262334	-0.013334202	0.1259077649	-0.0591520927	-0.0816313227	0.0125506784	0.0483730688	-0.0075011249	0.1211624031	-0.108135475	-0.0126071287	-0.0211541432	0.0036101481	-0.0725506018	0.0382104442	-0.0594505202	-0.0547884607	-0.0081663783	-0.1237598314	-0.0260677927	-0.0062082819	0.0012642738	-0.0461111561	-0.0910908927	-0.0228211731	-0.0007538619	-0.108145336	-0.0774278221	-0.0358455716	-0.0883811723	0.0044029863	0.0149026465	0.1044957209	-0.0135666745	-0.0323530861	-0.0967871973	0.0366071847	0.010401798	-0.0442900133	-7.81763e-05	-0.0933617013	-0.1560918425	0.0295562103	-0.0628232194	-0.0291052062	-0.1103520274	-0.0839146264	-0.0015405548	-0.032697123	-0.1046726673	-0.0183247623	-0.0550672398	-0.0231457761	0.0388559917	-0.0299582411	-0.1037116831	0.0160361483	-0.0007094876	0.1122858546	-0.0851979203	0.0660096618	-0.0499518347	-0.0195155009	-0.050676238	0.0516263	-0.0877402419	-0.018434565	0.1415814042	0.0019278669	-0.0263643221	0.0943606547	0.0500911295	-0.021584725	-0.1094353019	-0.0424975276	-0.0123747492	-0.0093987622	0.1417148303	0.0556764548	-0.0513931079	-0.0326037289	0.0002007425	-0.0394665405	-0.0704953188	-0.1135404882	0.1066839114	-0.0955613349	0.0	0.1037121801482641	0.0057190498694268	0.0107562163111059	3.270753140899179e-05	0.218811923765287	0.0074043412266462	5.482426900061394e-05	0.0478786579818657	-0.163192040853616	-0.000346690347996	1.2019419739359016e-07	0.0266316421979682	-0.0007999500103889	0.0002034688835095	6.399200191212013e-07	4.1399586556643154e-08	0.0008940461258248	5.99529363265e-05	3.5943545741693633e-09	7.993184751023342e-07	-0.0001131428022722	7.093901803e-05	5.0323442790606645e-09	1.2801293706006146e-08	0.0
548.6819922137977	-0.2981083605159256	0.088868594609493	301051.9285797019	598.0611210192665	2.1963252374681588	4.823844548739564	357677.1044748217	515.0339015931573	-1.3198374973908358	265259.9197902701	1.7419710195189044	516.8989265668247	470.77605992923793	0.986066	16.982933	0.0505772346234528	0.0280847976599395	0.013632174	0.0968808168	-0.0657443639	-0.0677818192	-0.0280585724	-0.0318289401	0.0517284731	0.0400656695	-0.1066351215	-0.0434074652	-0.0316077465	-0.0325619324	0.0082185444	0.1064029646	0.050863141	0.0133672767	0.1408156008	-0.0507186497	-0.0603530736	-0.0269870194	0.1140233025	-0.0267267679	-0.0764850116	0.0131926727	-0.1113036772	0.0750220815	0.0481789373	-0.0278422585	0.0851507746	-0.0971506913	0.0236430665	0.0622822895	-0.0504605521	0.0550209542	0.023901238	0.0468687583	-0.123362387	0.1002967867	-0.0423874646	-0.1034790501	-0.0096312483	0.0157609734	-0.0246218389	-0.0763302206	0.097615846	0.0292517035	-0.0917642584	0.0189442332	-0.0514530546	-0.0379328076	-0.0902328464	-0.0551631787	0.1624824834	-0.0795971054	0.1393823298	-0.0023853669	-0.0017858276	0.1205022391	0.0526946967	0.0610091107	-0.0619044223	-0.0728795404	-0.0272710284	0.0070504487	-0.1581960235	0.0238345353	0.0320935415	0.066176851	0.0119920749	0.0893003753	-0.0058282489	0.0047501525	-0.0225903546	0.0149563869	-0.0835823254	-0.0125533945	-0.0030798965	0.0250969729	0.0757084	-0.0791433457	-0.021598502	0.0154774017	0.0218665722	-0.0537654984	-0.0386139609	-0.0299914242	0.0876002748	0.1253632597	0.0234291097	-0.035466237	0.0312636376	0.076341205	-0.0012226602	0.1228129628	0.032259667	0.0146741136	-0.0850204483	-0.1498910305	-0.1045730021	-0.0120119158	-0.0177746093	-0.0060566314	-0.1373039544	0.0336641995	0.1141971838	-0.0296014761	0.0281219739	-0.1132277639	-0.0154888151	-0.1117574624	0.0994000137	-0.1140012473	0.1084937639	-0.0995108621	0.0	0.0988851728772317	-0.0048270072710323	0.0097782774149599	2.3299999194599648e-05	0.2433625558816459	0.0245506321163589	0.0006027335373127	0.0592253336052472	-0.1555954093132499	0.0075966315403661	5.770881076008511e-05	0.0242099313993577	-0.0008320004946399	-3.2050484250999915e-05	6.922248230810381e-07	1.0272335407235934e-09	0.0007679997246461	-0.0001260464011787	1.58876952501018e-08	5.898235770564854e-07	8.195862120094293e-07	0.0001139623884842	1.2987425989025872e-08	6.717215589159652e-13	0.0
549.1246825762116	0.4426903624139413	0.1959747569741867	301537.91701442515	598.3020692599022	0.2409482406357028	0.0580560546654405	357965.36608068075	515.0371517152277	0.0032501220703125	265263.26764693443	1.0563293471932411e-05	516.2900056289752	470.1228297875202	0.99359	17.11252	0.0944139543777392	0.0690809866208819	0.1359100337	0.0127565773	-0.0019969833	-0.0201953115	-0.0570515106	-0.135083004	0.0146222533	0.005783581	-0.055619444	-0.0050379578	0.0103820161	0.0243265125	0.0608754124	0.0306685891	0.0070214476	-0.0773908049	-0.1765142572	0.0142222486	-0.0906867724	0.1341039465	0.0465338232	0.0200178864	-0.0401691307	-0.0042595111	-0.0473430002	0.0125117357	0.0073871733	-0.0701020576	0.0298226773	0.0116914876	-0.0610262154	-0.0925312742	-0.0554974766	-0.1206753885	0.0407989353	0.075695745	0.0817620734	0.0062557265	-0.0940131973	-0.0448504026	0.1597448842	0.0263510903	0.0075036385	-0.0199985141	-0.0064586001	-0.0825599943	-0.0526162671	0.0598383527	0.0113302436	-0.0857624939	-0.1054914904	0.0213899349	0.0168726528	0.0856159108	0.0023396864	0.0018002667	0.1304664385	0.0472343328	0.0466823416	0.0121096489	0.0052117453	-0.02235445	0.0313799296	-0.0284951166	0.0149549485	0.0520012619	-0.0587675337	-0.085163032	0.1000378922	-0.0424384324	-0.0915487864	-0.0772042563	-0.020910779	-0.0232887967	-0.0622386279	-0.0812548134	0.0424948448	0.0942849017	0.0003512431	0.0705374932	0.087814627	-0.0940235819	-0.1471784473	-0.1548958963	-0.0514254536	-0.0116752786	0.0362512812	-0.0638194282	0.1384641456	-0.0328012948	-0.0466875996	0.0773624494	0.0406850165	0.0340708207	0.035970084	0.0178924613	-0.0539760811	-0.011420535	0.1027105106	-0.0225930334	0.0456475824	-0.0064520266	-0.0745623145	0.0182252039	0.0976898758	0.0199757095	-0.0108956785	-0.0754181962	0.0260309987	0.0524495051	0.0973961885	-0.1144113283	0.1101107184	-0.103062378	0.0	0.1079289868731052	0.0090438139958735	0.0116486662074549	8.179057159195752e-05	0.1817511711554971	-0.0616113847261488	0.0037959627278735	0.0330334882163948	-0.1559221122265768	-0.0003267029133268	1.0673479357628289e-07	0.0243117050811972	-0.000430000340769	0.0004020001538709	1.849002930614561e-07	1.6160412371222725e-07	0.0008339999041444	6.600017949829999e-05	4.356023693807818e-09	6.955558401128683e-07	1.78864733408967e-07	-6.407214786004623e-07	4.1052401313996274e-13	3.199259285746084e-14	0.0
548.8117848777862	-0.312897698425445	0.0979049696799407	301194.37522074144	597.8621910224526	-0.439878237449534	0.1934928637817086	357439.1994541676	515.0305520851193	-0.0065996301083259	265256.46958110284	4.3555117566722815e-05	516.044995339545	464.4379067460762	0.954991	16.447733	0.0568654089449122	0.0377924843556258	0.0481818666	-0.0455901828	0.1205444706	0.0563592029	0.0344883361	-0.0135350328	-0.1502411429	-0.0300236777	-0.0555351964	-0.1124758344	-0.0519979126	-0.1018615765	-0.0229432931	-0.0086973495	0.0652648548	-0.0005877301	-0.0135247504	-0.0112896137	0.0421600706	0.0986793644	-0.0685335853	-0.0416083078	-0.0202607643	0.0911742322	-0.0377469075	-0.0103260264	0.0980077561	-0.0734988603	0.1033074092	0.0055243266	-0.0277356341	0.0224050559	-0.0293279618	0.0305381017	0.0317318444	0.0047715483	-0.1508168705	-0.1232444756	-0.0124862177	-0.0466649522	-0.0587581401	0.0431175037	0.0119725556	-0.0302752451	0.0975998773	0.0129119161	0.0081993009	0.0752388612	0.2031038429	-0.1525576448	0.1600217723	0.0786637627	0.0474108306	0.051227509	-0.0936245173	0.1184661654	0.0663350579	-0.0990412322	0.0069596154	-0.0252282712	0.0903104696	-0.0406568662	-0.0906301883	0.0335162175	-0.1407597055	0.0730770021	-0.0365387658	0.0522570834	-0.026204892	0.1186981472	-0.1029137213	-0.0311829137	-0.0264811607	-0.0244309233	-0.0291426978	-0.1267155271	-0.0205866972	0.0395877755	0.0278247312	0.054526527	0.0170837021	0.017539473	-0.0206991056	-0.0238005279	0.0453823496	-0.0364951429	-0.0586027152	-0.0748125807	-0.0120389214	-0.0528283344	-0.1051681704	-0.0767498029	0.0814243806	0.0910000333	0.0611874474	0.0400304485	0.0377525377	-0.0232470656	-0.093887087	0.0198926683	-0.0471730472	-0.0499542343	-0.0265617221	0.1144723002	0.0946259677	-0.007225375	-0.0673206131	-0.0752663535	0.0115612745	-0.0267360225	0.0809908116	-0.1147705489	0.1115319001	-0.1062016776	0.0	0.097608404434851	-0.0103205824382542	0.0095274006163174	0.0001065144218648	0.210094685865144	0.0283435147096468	0.0008033548260959	0.0441397770287735	-0.1555532738244238	0.0003688384021529	1.3604176690276916e-07	0.0241968209974961	-0.0007860005283877	-0.0003560001876187	6.177968306257437e-07	1.2673613358454965e-07	0.0008339996094508	-2.9469359992626704e-10	8.684431783750274e-20	6.95555348564087e-07	8.2785031827289e-07	6.489855848639231e-07	4.2118228936116833e-13	6.853361494645253e-13	0.0
548.9326797106916	0.1208948329053782	0.0146155606232193	301327.0868543607	596.1054328336554	-1.756758188797221	3.086199333906092	355341.6870537997	515.4571310145254	0.4265789294061051	265696.05391372566	0.1819695830132588	515.4265781289412	464.04939740647455	1.102753	18.99262	0.0350498916797625	0.0194095466679774	-0.1042489331	0.0992959756	0.0011401554	0.0831889271	0.0069292526	0.089393578	0.065792294	-0.0016179829	0.1424544719	-0.0465472694	0.0506968141	-0.0594661249	-0.047144618	0.0626596213	-0.0321648534	-0.0425149288	-0.0528099636	-0.0302764843	0.0931720147	-0.0077812024	-0.0407083379	-0.1287794142	-0.0499256532	-0.0162999843	-0.0018740237	0.0429476137	-0.1390383222	0.0566877409	-0.1069783905	-0.0555515946	-0.0023869325	0.0396142841	-0.0359612298	-0.0351460102	0.0017649539	-0.078089401	0.0129592509	-0.0613865334	0.0667618048	-0.0858605642	0.1035373508	0.0183669558	0.0270487149	-0.1127103525	-0.0891374437	0.1535768572	0.0734615767	0.0262909234	-0.0689538763	0.0563440273	-0.0348401782	0.061548812	0.0390818249	0.0221638617	0.1296760591	0.0308078964	-0.1165648971	0.0179386256	-0.0581774281	-0.087360776	0.1367342142	0.013234348	0.0967598421	-0.0057202399	0.0231084683	0.1051034162	-0.0096010418	-0.0450674817	-0.027635853	0.0138923718	0.0510731878	-0.1110367947	0.0221688688	0.0494393741	0.0288229143	-0.0147627516	-0.0082163716	0.0056245581	0.1687728906	0.0205819458	0.0213003496	-0.0305471468	-0.0084973178	0.0085993104	-0.0544557748	-0.0466958111	0.1014827577	0.0206795381	-0.0496333318	0.0322423149	-0.0992246232	0.0950909944	0.0469568059	-0.0722692438	-0.0089354186	0.030321751	-0.0252892843	-0.1003667142	0.0996953563	-0.0300647913	0.0107068521	-0.0652217945	-0.0190229621	-0.1037947953	0.1206670196	0.04859844	-0.1458991684	0.0438410125	0.143446504	0.0373953677	0.0572872481	-0.1150787493	0.1127547821	-0.1089162049	0.0	0.102272576427552	0.0046641719927009	0.0104596798891294	2.175450037749641e-05	0.2000567526461907	-0.0100379332189532	0.0001007601033081	0.0400227042793391	-0.1664220694708404	-0.0108687956464166	0.0001181307188035	0.0276963052069572	-0.0005970001423657	0.000189000386022	3.564091699846661e-07	3.5721145916465015e-08	0.000834000065581	4.5613020001680766e-10	2.08054759367373e-19	6.955561093891124e-07	2.488760366403122e-07	-5.789742816325778e-07	3.352112187919596e-13	6.193928161379001e-14	0.0
549.7772944930807	0.8446147823891579	0.7133741306302845	302255.0735401316	598.6501870882713	2.544754254615896	6.475774216385703	358382.04650082224	516.1098768510891	0.6527458365636676	266369.40498324635	0.4260771271512022	517.4552238490985	473.08590369630537	1.149065	19.790255	0.0885246345229014	0.0596873117104902	0.1064110457	0.0474590096	-0.0845568532	-0.0399489855	0.0204116922	-0.1046405443	0.0349026848	0.1303397489	-0.0398028958	0.0310961066	-0.0441294003	-0.0303205313	-0.1011454691	-0.0615241635	0.0744043255	-0.0620998426	0.0536528779	0.078426425	0.0903198125	0.0090666034	-0.0012139334	0.1107482758	-0.0032044801	-0.0729793491	-0.1003159549	-0.0385695108	0.0253971136	0.029251877	0.1754133095	-0.0858473201	-0.1043190948	-0.05717267	0.0002085828	-0.0690347771	-0.1064978519	-0.0059123901	-0.035842795	0.0650461039	0.0393733364	0.041832238	-0.0145822783	0.0204352041	-0.0072180544	-0.0224987795	-0.0610400769	0.0446251975	0.0781481024	-0.1393521652	0.065701944	0.1124437393	-0.055184579	0.001032066	-0.0954028842	0.0294418796	0.0116705024	0.0167042893	0.0967955267	0.0780878044	-0.0716482383	-0.0037179331	0.0001604624	0.1488469872	-0.0808767924	-0.0409718653	-0.0268029666	-0.0504233159	-0.0463209778	0.0727258692	0.0381124824	-0.0412244701	-0.0914582938	0.0276258219	-0.117113213	-0.0546538818	-0.0551027775	0.0173439043	-0.0390207573	-0.0462172951	0.1008380783	0.0057860553	0.0207951006	-0.0343830174	0.0081351089	-0.0022064689	0.0308657988	-0.0119562491	0.0187166038	0.0867411388	0.023460748	0.0226627587	-0.0284875513	-0.0159450283	0.1849539934	0.0630901211	0.0181124963	-0.1304644467	0.0072866584	0.0957654272	-0.0100163889	-0.0358529789	-0.0222347993	0.0294415418	-0.0562795562	0.1207420605	0.0089594681	0.0148666061	-0.0180850827	-0.0796283984	0.148855852	-0.0162834244	0.1109535306	-0.1153357926	0.1137771902	-0.1111951025	0.0	0.1004429466811842	-0.0018296297463678	0.0100887855379992	3.3475450087939006e-06	0.2519333153741456	0.0518765627279549	0.0026911777604674	0.0634703953954087	-0.1529346708395991	0.0134873986312412	0.000181909921838	0.0233890135448165	-0.0009590004824218	-0.000362000340056	9.196819252852452e-07	1.31044246200732e-07	0.0007699997911674	-6.400027441360006e-05	4.096035125016111e-09	5.928996783978396e-07	8.691299136889862e-07	6.20253877048674e-07	3.847148719939116e-13	7.553868068690247e-13	0.0
548.9409894060129	-0.8363050870677853	0.699406198655456	301336.20985005243	598.312256441278	-0.3379306469932999	0.1141971221773102	357977.5562078536	516.0395399777943	-0.0703368732947637	266296.8068204936	0.0049472757448836	516.7989857791814	466.3055418966609	1.039011	17.894804	0.1136921483240605	0.0866449632821378	0.0479111489	-0.0578412101	0.1013127837	0.1096900278	-0.0408948669	-0.0253400074	-0.1201651357	-0.0396199298	0.076074195	-0.0928898736	-0.1004454811	-0.0704956524	0.0939260547	-0.0204569656	-0.0208538609	-0.0603481959	0.0346888536	0.0660889344	-0.0177253389	-0.0034165915	-0.0733378769	0.0712719484	0.018071659	0.1009687932	0.0097195808	-0.0529971492	0.0111324242	0.0038002763	0.0022421995	-0.0158286247	-0.0491605211	0.0618327541	-0.1446870372	-0.0810347784	0.0080830413	0.0061153071	0.0226792666	-0.0278989651	-0.0316242032	-0.1399615158	0.0644214599	0.0494782079	-0.0376516674	-0.0834390772	-0.0362764116	-0.0642822263	-0.0556599348	-0.1335154022	-0.0908812876	0.0231801047	0.0925286284	-0.1250395554	0.0570971866	-0.0166663982	0.0034791464	-0.0322360264	0.0480623578	-0.0987295402	-0.0302149386	0.0720638623	0.0600344987	-0.0926024815	-0.06731125	-0.0350726938	-0.0176082866	0.029506968	-0.0374281582	0.0945566362	0.0172980286	-0.0236710197	0.0226442971	-0.0140376858	0.0110594112	0.0657190728	0.0858287007	0.0338791795	0.0497735542	0.0512429811	0.0499704685	-7.97861e-05	-0.067839032	-0.0373478458	-0.1040951005	-0.0426653337	0.0518270812	0.0446079531	0.1475813038	-0.1155467943	0.0343293372	0.0433570158	-0.0987902345	-0.0334570049	0.0187071899	0.0380930276	0.0846196055	0.0504112307	-0.0187636347	-0.10166857	-0.0461139448	0.0325251427	-0.0575716277	-0.0033895535	-0.0807500734	0.0001238012	0.0649323891	-0.0252020554	0.0071863619	-0.1177242457	0.0355277023	0.0512376601	0.0092725482	-0.1155415645	0.1145973067	-0.1130292557	0.0	0.1050989904131256	0.0046560437319414	0.0110457977858582	2.167874323375088e-05	0.1715308413249232	-0.0804024740492224	0.0064645578332358	0.0294228295256359	-0.1555871712407679	-0.0026525004011687	7.035758378200617e-06	0.024207367854704	-0.000557000182878	0.0004020002995438	3.102492037261254e-07	1.6160424083330497e-07	0.0008870000301635	0.0001170002389961	1.3689055925144534e-08	7.8676905351005e-07	2.4706561903059445e-07	-6.220642946583917e-07	3.869639866888424e-13	6.104142010697083e-14	0.0
548.8618148082531	-0.0791745977597884	0.0062686169304242	301249.29175460915	596.6066212088375	-1.7056352324404995	2.9091915461423574	355939.4604702253	516.1284891958455	0.0889492180511979	266388.61735958606	0.0079119633919195	516.8129133454169	465.899508414165	1.065357	18.348547	0.1145375977493304	0.0856407891285847	-0.0638729787	0.0514196704	-0.0101608639	0.060092561	-0.0701337314	0.0625726472	0.0300634765	0.0669910539	0.1267584711	0.0266858519	-0.0420378668	0.0524897569	-0.1720526898	0.0690402379	-0.0580220697	-0.0025182055	0.0141074177	-0.0718063347	0.1227764473	-0.104836478	-0.0042814277	-0.0031862093	-0.005999771	-0.1080920429	-0.0381913049	-0.0790103962	0.0337496549	-0.1101146366	0.0875588324	0.1063223911	-0.0805649173	-0.0984051545	0.0033699306	0.0324226653	0.0172575087	-0.2342949227	0.1366607742	-0.0911202868	-0.0627111223	-0.1550772205	-0.0510913667	-0.0597340836	-0.1292368519	0.0669256296	0.0477689929	-0.0203001587	0.0256770251	-0.0354568221	-0.1484094848	-0.0778477489	-0.0172224852	-0.0717112301	0.0259786875	0.1919047749	-0.0217957505	-0.0651672331	-0.0863672802	0.031035332	-0.1071834116	0.018239845	-0.0157338932	0.0578415108	0.0175434064	-0.079301836	-0.0695526728	-0.0394291806	0.0342093432	0.0588866985	-0.0101972513	-0.0658339961	0.0406485135	-0.1334638378	0.000426053	-0.0443249193	-0.0293836481	0.0686972376	0.1507574622	-0.017393536	0.0384763042	0.182474976	0.0331818488	0.0518804415	0.0631682071	0.0616873745	0.1117874949	0.1617995984	-0.0525687349	0.0980363862	-0.1038330048	0.0006886192	-0.0558275906	0.0321704625	0.1249416356	0.0290638401	-0.0353851355	-0.0619042362	0.0153507089	-0.1009407077	0.1655449338	0.0270463986	-0.0339532441	0.0131154507	-0.0279192981	0.0680579418	0.014405563	0.0616154523	-0.0786809355	-0.0572644889	0.0101412258	-0.0858352402	0.0059604361	-0.1156959735	0.1152136733	-0.1144113283	0.0	0.0978948431588833	-0.0072041472542423	0.0095834003171023	5.1899737660806894e-05	0.2494008447588953	0.0778700034339721	0.0060637374348068	0.0622007813664505	-0.1554107864305791	0.0001763848101888	3.1111601265341325e-08	0.024152512538971	-0.0010220284383752	-0.0004650282554972	1.04454212884765e-06	2.162512784107692e-07	0.0008339660334286	-5.303399673490009e-05	2.812604809677394e-09	6.954993449126327e-07	6.792605840547566e-05	6.767899278644507e-05	4.5804460645876835e-09	4.613949410504091e-09	0.0
548.8555445137936	-0.0062702944595685	3.931659260969548e-05	301242.40874353284	600.0055805788202	3.398959369982663	11.55292479879294	360006.69672572706	516.0417802242832	-0.0867089715623024	266299.11893704743	0.0075184457493921	517.3007280705903	468.1244910754425	1.072812	18.476944	0.079260421395654	0.0480321998293655	0.1086992529	0.0732534791	-0.0236844609	0.0298293754	-0.0200451039	-0.1115487856	0.0491258787	0.0152294887	0.0176348259	0.0104926864	-0.0390352786	0.0527374459	-0.0277979248	-0.1588485966	-0.0568456409	-0.0123873827	-0.0473125739	0.0556556505	0.0413698435	0.0301679737	-0.101692608	0.0977575362	-0.0805053112	-0.0790212014	-0.0068299298	0.0226907466	0.0036518084	-0.0466709937	0.0046613276	0.1010505501	-0.0534221522	-0.0233033008	-0.0671468917	0.0481118822	0.0246961177	-0.0106107174	0.110840245	0.0140318634	-0.0462790523	-0.0314404318	-0.0072704855	-0.0539912777	-0.1324187945	0.1089193705	-0.008117107	0.0789918992	-0.1249863941	0.0203231883	-0.0086346704	0.00053296	0.0175958009	0.1313314869	0.1644052983	0.058602991	0.062192404	0.0749565227	0.0880903003	0.0753605471	-0.0402081632	-0.0197312796	0.0678136637	0.0446360153	-0.0660538015	-0.0552675636	0.0646608209	-0.1190064932	-0.0520193522	-0.0128577945	-0.0894944914	-0.0400796154	-0.129079803	-0.0949875407	-0.1408751543	0.0285719715	0.0276120851	-0.0461925209	0.008104519	0.137762688	-0.0921390105	0.1095877574	0.0087532408	-0.0133330347	-0.0243044041	-0.047042527	-0.0426999344	0.1240664948	0.0416484873	0.0109446109	0.1377392639	0.0274066771	-0.0862742764	0.066616853	0.1418595838	-0.0334610675	0.0795235616	-0.0362157594	-0.0207236768	0.0847756653	0.0380955445	-0.0549550323	-0.0279666343	0.0143827127	-0.0341076504	0.0751318977	-0.0063486211	-0.0894530046	-0.011838896	-0.0788889923	0.0781384339	0.009831594	-0.0159012466	-0.115798951	0.1156251942	-0.1153357926	0.0	0.1070089942229515	0.0091141510640681	0.0114509248446076	8.306774961865543e-05	0.2130901342725053	-0.0363107104863899	0.0013184676960264	0.0454074053242743	-0.1633088289222257	-0.0078980424916466	6.237907519985533e-05	0.0266697736039487	-0.0005710001478796	0.0004510282904956	3.26041168878525e-07	2.0342651882738338e-07	0.000834000065542	3.4032113400040045e-08	1.1581847424731848e-15	6.955561093240603e-07	2.3803394349109126e-07	-6.768802446198457e-05	4.581668655566221e-09	5.666015825392002e-14	0.0
549.6768221662753	0.82127765248174	0.6744969824659177	302144.60882681503	597.5944423675537	-2.411138211266461	5.813587473829231	357119.1175485875	516.1413171782748	0.09953695399156	266401.85929852445	0.0099076052099179	516.1331163442987	464.7212551416261	1.038094	17.878998	0.0416812733434478	0.0258914922922967	0.041540798	-0.0579303683	0.129134577	-0.0802480982	0.0873202371	0.0050484398	-0.1119617345	-0.0483924385	-0.0484905749	0.074156932	-0.023065305	-0.1193890026	-0.0115250172	-0.0542306383	-0.0493396327	-0.0634916978	0.0672356419	0.0690460661	-0.0160355688	0.0044420204	-0.0951348565	-0.0918087478	0.1205997674	0.0659828187	-0.0251675618	-0.0502407366	0.0455621377	0.0185370778	0.1780933758	0.0347309445	0.0369627067	-0.0171421733	-0.0661765831	-0.1090670274	-0.0512099339	0.168579729	-0.0570516219	-0.1083711493	-0.0146826493	0.1283451854	0.0680687866	0.0052097836	-0.0720475698	0.033338643	-0.0938094579	-0.1542907936	0.0324797366	0.1298337687	-0.1139474944	-0.0407504343	0.1112722985	0.1556276467	0.1109514487	-0.0909918061	0.0480460349	0.0492155865	0.0424939562	-0.1025339171	0.0866982111	-0.0662014137	0.0008049339	0.0543610686	-0.1540576372	0.0895114544	-0.0671275708	-0.0159941993	-0.0398970009	0.1534100936	0.0293191714	-0.0211091115	0.0425869136	-0.0285053831	-0.0353982693	-0.0113800847	-0.0038068943	0.0164657042	0.0645076131	0.1934460872	-0.0108305503	-0.0332340272	-0.0733595485	0.0321447846	-0.159975065	0.0842436776	-0.0409504395	0.1673236707	-0.0564515062	-0.0784332689	-0.0407564265	-0.1006571612	-0.0477405343	0.0088627631	0.0977044066	0.1014538816	0.0106626627	-0.0229537336	-0.0266410494	0.0212332581	-0.0535218307	-0.0057521567	-0.0357071142	0.0697661689	-0.0288012343	0.0192349833	0.0672846946	-0.0493072608	-0.0999555095	-0.0751480339	-0.0575650903	-0.0454379334	-0.0766733364	-0.1158504512	0.1158311377	-0.115798951	0.0	0.0988316112531464	-0.008177382969805	0.009767687382893	6.686959223485839e-05	0.2049330215186131	-0.0081571127538922	6.653848847971113e-05	0.0419975433087483	-0.1637709729266134	-0.0004621440043877	2.135770807915078e-07	0.0268209315733295	-0.0010470054976592	-0.0004760053497796	1.0962205121285892e-06	2.2658109301879945e-07	0.0008130003663773	-2.099969916470005e-05	4.4098736500790375e-10	6.609695957296239e-07	9.256573064483476e-07	6.876233629572563e-07	4.728258892846467e-13	8.568414489812101e-13	0.0
