#!ascii label  , from subject sub-v1s2x0051458_ses-1 vox2ras=TkReg
7106
144172  37.877  20.731  51.644 0.2000000030
106572  36.709  19.819  51.295 0.3000000119
106571  37.491  19.856  50.021 0.2000000030
106570  37.426  19.257  50.594 0.2000000030
105862  36.908  18.840  49.527 0.2000000030
105138  37.910  19.114  49.330 0.3000000119
105877  38.438  18.758  49.498 0.3000000119
105139  37.728  18.217  49.412 0.3000000119
155057  39.099  17.795  49.503 0.3000000119
134769  39.786  17.902  49.843 0.2000000030
104407  39.343  15.385  51.596 0.4000000060
156136  40.095  15.663  51.683 0.4000000060
153153  40.044  16.537  51.075 0.3000000119
105155  40.980  16.401  51.408 0.3000000119
103713  40.977  14.723  51.896 0.5000000000
104406  40.609  15.066  51.993 0.5000000000
104405  40.940  15.541  51.982 0.5000000000
103002  42.721  13.608  50.429 0.4000000060
102988  42.222  14.304  51.308 0.5000000000
103712  41.791  14.715  51.982 0.5000000000
103699  42.308  14.965  52.278 0.5000000000
104395  41.961  15.533  52.123 0.5000000000
102274  43.468  12.905  49.926 0.4000000060
103711  42.710  14.638  51.984 0.5000000000
135254  42.900  15.837  52.183 0.4000000060
102284  44.911  12.323  49.798 0.4000000060
144189  44.321  12.829  50.248 0.4000000060
103001  43.766  13.473  50.696 0.5000000000
103710  43.619  14.509  52.001 0.5000000000
103698  43.164  14.933  52.312 0.5000000000
148087  42.790  15.271  52.373 0.5000000000
139355  46.408  11.694  49.566 0.5000000000
102273  44.632  13.347  50.957 0.5000000000
137672  44.100  13.916  51.486 0.5000000000
104394  43.541  15.360  52.425 0.5000000000
98015  52.067  6.572  50.561 0.8000000119
98727  51.319  7.451  48.656 0.8999999762
99443  49.139  8.695  47.847 0.8000000119
100803  47.747  10.251  48.103 0.6000000238
100790  47.151  11.411  49.233 0.6000000238
101530  45.701  12.010  49.729 0.5000000000
102261  45.589  13.233  51.215 0.5000000000
102972  44.848  13.786  51.568 0.5000000000
151013  44.475  14.362  52.008 0.5000000000
98013  53.665  6.614  51.694 0.8000000119
98718  51.976  7.081  49.176 0.8999999762
133933  49.875  8.798  48.058 0.8000000119
100801  49.390  10.791  48.811 0.8000000119
101529  48.032  11.637  49.657 0.6999999881
101523  46.399  12.284  50.280 0.5000000000
144246  46.256  12.758  50.841 0.5000000000
102971  45.444  14.088  51.990 0.5000000000
103697  44.013  14.875  52.364 0.5000000000
104393  44.531  15.468  52.482 0.5000000000
96430  54.048  5.135  53.903 0.6999999881
133194  54.012  6.542  53.224 0.8000000119
100117  50.394  9.406  48.324 0.8000000119
100788  48.679  11.244  49.143 0.6999999881
101521  48.400  12.209  50.504 0.6000000238
102271  46.988  12.617  50.918 0.5000000000
102986  46.220  13.577  51.817 0.5000000000
148442  44.908  14.801  52.348 0.5000000000
98000  54.140  6.562  52.424 0.8000000119
98033  52.564  6.822  49.937 0.8999999762
99441  51.604  8.419  48.567 0.8999999762
100800  50.219  10.378  48.711 0.8000000119
101528  48.890  11.723  49.966 0.6999999881
102270  47.896  12.597  51.061 0.5000000000
102985  47.021  13.440  52.029 0.5000000000
102970  46.455  14.162  52.363 0.5000000000
103696  45.709  14.685  52.465 0.5000000000
96442  54.349  4.807  52.956 0.6999999881
98710  53.450  7.149  50.381 0.8999999762
98717  52.825  7.672  49.461 0.8999999762
150894  51.092  9.980  48.707 0.8000000119
100787  50.016  11.191  49.359 0.8999999762
96455  54.123  4.549  51.849 0.6999999881
97976  55.404  6.135  53.432 0.8000000119
98704  54.631  6.783  51.798 0.8999999762
100785  51.878  10.397  49.360 0.8000000119
154328  49.700  11.746  50.050 0.5000000000
102269  48.894  12.688  51.320 0.6000000238
102984  48.046  13.363  52.194 0.5000000000
103695  46.395  14.992  52.846 0.5000000000
93147  47.661  0.218  47.666 0.6000000238
93917  48.234  1.557  48.586 0.6999999881
95626  50.690  3.687  50.545 0.6999999881
96456  53.063  4.445  51.620 0.6999999881
155627  55.041  5.293  52.907 0.6999999881
98703  55.555  6.792  52.046 0.8999999762
98716  53.833  8.292  50.061 0.8999999762
100109  52.461  9.563  49.309 0.8999999762
100786  50.896  10.909  49.281 0.8999999762
102258  48.914  13.124  51.988 0.5000000000
102969  47.428  13.901  52.549 0.5000000000
93141  47.938  0.922  48.063 0.6999999881
135879  49.353  2.662  49.022 0.6999999881
95625  51.433  3.971  50.245 0.6999999881
96454  55.002  4.886  52.114 0.6999999881
97988  55.825  6.250  52.948 0.8000000119
98708  55.259  7.620  51.271 0.8000000119
157359  53.113  8.460  49.491 0.8999999762
156348  51.448  11.457  49.897 0.8999999762
147548  50.151  12.221  50.693 0.6000000238
93146  48.320  0.612  47.373 0.6999999881
93916  48.988  2.141  48.301 0.6999999881
95634  50.270  3.399  49.882 0.6999999881
96469  52.715  4.371  50.692 0.6999999881
96467  54.850  4.648  50.888 0.6999999881
97247  56.091  6.332  52.392 0.8999999762
100107  54.194  9.350  50.227 0.8999999762
140432  49.495  12.964  51.725 0.5000000000
93923  48.585  1.379  47.762 0.6999999881
94745  50.123  2.940  48.447 0.6999999881
95632  51.646  3.875  49.365 0.6999999881
96468  53.744  4.475  50.796 0.6999999881
96466  55.578  5.171  51.458 0.8000000119
97998  56.163  6.728  51.666 0.8999999762
99422  55.729  7.614  51.254 0.8000000119
100784  52.784  10.202  49.769 0.8999999762
101519  51.662  11.896  50.381 0.8000000119
101513  50.466  12.580  51.184 0.6000000238
93145  48.955  1.050  46.994 0.6999999881
93922  49.326  1.780  47.413 0.6999999881
95639  50.960  3.285  48.128 0.6999999881
95631  52.595  4.145  48.971 0.6999999881
151220  54.272  4.538  50.035 0.6999999881
97265  55.947  5.665  50.899 0.8000000119
99428  55.244  8.530  50.748 0.8000000119
132485  54.706  9.373  50.403 0.8999999762
100777  53.028  10.841  49.981 0.8999999762
93921  50.113  2.156  47.028 0.6999999881
94748  50.667  2.804  47.517 0.6999999881
96477  53.350  4.388  49.731 0.6999999881
96476  54.908  4.791  49.732 0.6000000238
98707  56.186  7.232  50.880 0.8000000119
94747  51.421  2.957  47.031 0.6999999881
95644  51.444  3.240  47.585 0.6999999881
95630  53.556  4.306  48.643 0.6000000238
141350  54.248  4.571  49.175 0.6000000238
97274  55.682  5.509  49.962 0.8000000119
98032  56.019  6.024  50.097 0.8000000119
98715  56.101  7.351  50.039 0.8000000119
99421  55.929  7.907  50.918 0.8000000119
93929  51.254  2.184  45.918 0.6999999881
94753  51.721  2.847  46.368 0.6000000238
160087  52.591  3.710  47.651 0.6000000238
95636  53.669  4.203  47.807 0.6000000238
96480  54.760  4.946  48.879 0.6000000238
135191  55.476  5.854  49.268 0.8000000119
98031  55.868  6.605  49.600 0.8000000119
95643  52.230  3.426  47.087 0.6000000238
95642  53.055  3.869  47.347 0.6000000238
96483  54.561  5.057  48.224 0.6999999881
97278  54.958  5.431  48.725 0.8000000119
94752  52.355  3.251  46.099 0.6000000238
95646  52.861  3.778  46.640 0.6000000238
95641  53.510  4.137  47.119 0.6000000238
95645  53.041  4.043  46.465 0.6000000238
107302  39.132  20.901  52.926 0.2000000030
106585  37.980  20.095  50.925 0.2000000030
153615  37.969  18.753  50.318 0.2000000030
105164  40.566  17.245  50.685 0.2000000030
105154  41.957  16.354  51.550 0.3000000119
133261  52.768  6.531  51.600 0.8000000119
105153  43.860  16.065  52.215 0.4000000060
97978  54.317  6.286  54.302 0.6999999881
132638  52.330  4.420  52.364 0.6999999881
104392  45.465  15.266  52.616 0.5000000000
92328  47.017  -0.228  47.993 0.5000000000
93913  47.742  1.544  49.417 0.6000000238
95627  49.890  3.340  50.693 0.6999999881
92341  47.442  -1.415  46.978 0.5000000000
156654  49.047  2.541  49.587 0.6999999881
96457  52.072  4.316  51.407 0.6999999881
92333  47.498  -0.560  47.350 0.6000000238
94742  49.481  2.898  49.926 0.6999999881
95618  51.271  4.038  51.067 0.6999999881
139196  47.062  14.466  52.831 0.5000000000
92332  48.077  -0.118  47.031 0.6999999881
155594  48.183  13.805  52.759 0.6000000238
103694  47.792  14.298  53.081 0.6000000238
91394  48.158  -1.363  46.243 0.6999999881
102243  50.195  13.318  52.086 0.5000000000
102244  49.620  13.281  52.162 0.5000000000
92351  48.859  -0.950  45.751 0.6999999881
93156  48.700  0.260  46.677 0.6999999881
93155  49.386  0.635  46.310 0.6999999881
101518  52.800  11.140  49.944 0.8999999762
93930  50.498  1.772  46.298 0.6999999881
100775  54.333  10.105  50.102 0.8999999762
93154  50.092  1.030  45.920 0.6999999881
99426  55.762  8.486  50.351 0.8000000119
99427  55.518  8.505  50.621 0.8000000119
93942  50.852  1.413  45.567 0.6999999881
93941  51.607  1.813  45.210 0.6000000238
94764  51.973  2.581  45.576 0.6999999881
96486  54.354  5.171  47.650 0.6999999881
97279  54.944  6.643  48.251 0.8000000119
93940  52.261  2.206  44.846 0.6000000238
95650  52.616  3.573  45.838 0.6000000238
97282  54.328  5.756  47.451 0.6999999881
98059  54.639  6.441  47.808 0.8000000119
96490  52.975  4.394  46.245 0.6999999881
97283  53.096  5.116  46.288 0.6999999881
95649  52.663  3.762  45.600 0.6000000238
97288  52.603  4.589  45.431 0.6999999881
107983  39.937  20.798  53.549 0.2000000030
107982  40.774  20.911  53.795 0.2000000030
137761  38.782  21.255  52.148 0.2000000030
105876  39.257  18.574  49.614 0.2000000030
106584  38.801  18.495  50.555 0.2000000030
105163  43.067  16.504  51.657 0.3000000119
135816  45.293  15.852  52.553 0.5000000000
104391  46.144  15.816  52.827 0.5000000000
89749  47.312  -3.600  46.071 0.6000000238
91396  47.119  -2.145  46.874 0.5000000000
103686  47.291  14.925  53.265 0.5000000000
152756  47.545  -4.033  45.485 0.6000000238
89767  47.847  -4.015  44.837 0.6000000238
90593  47.733  -2.718  45.894 0.6000000238
102967  49.792  13.610  52.666 0.5000000000
102957  48.593  14.065  53.210 0.6000000238
89757  48.262  -3.286  44.888 0.6000000238
90592  48.376  -2.602  45.285 0.6000000238
102254  51.744  12.382  50.677 0.6999999881
102255  51.187  12.590  51.097 0.6999999881
91408  48.663  -1.756  45.507 0.6000000238
92339  49.112  -0.155  46.012 0.6999999881
100770  53.414  10.900  50.008 0.8999999762
158057  53.847  10.519  50.093 0.8999999762
90600  49.060  -2.144  44.873 0.6000000238
100774  54.777  10.102  50.057 0.8999999762
100100  55.033  9.344  50.416 0.8999999762
91419  49.656  -1.709  44.480 0.6000000238
92350  49.562  -0.603  45.382 0.6000000238
93168  49.803  0.209  45.637 0.6999999881
100098  55.697  8.907  49.866 0.8000000119
100099  55.411  9.264  50.176 0.8000000119
92349  50.224  -0.226  44.992 0.6000000238
144979  55.206  8.037  48.321 0.8000000119
99433  55.889  8.221  49.748 0.8000000119
93167  50.510  0.594  45.265 0.6999999881
92358  51.270  -0.212  43.926 0.5000000000
93177  51.633  0.583  44.233 0.6000000238
93950  51.988  1.407  44.549 0.6000000238
158944  53.153  5.815  46.326 0.6999999881
98062  54.270  6.425  47.312 0.6999999881
92368  50.867  -0.886  43.640 0.5000000000
93188  52.016  0.211  43.573 0.5000000000
93176  52.375  1.010  43.886 0.5000000000
93949  52.669  1.786  44.183 0.5000000000
94776  52.730  2.519  44.462 0.6000000238
97285  52.466  5.483  45.564 0.6999999881
92375  51.766  -0.552  42.494 0.5000000000
93187  52.786  0.657  43.252 0.5000000000
94762  52.652  3.171  44.933 0.6000000238
95658  52.714  3.428  44.626 0.6000000238
145004  52.732  3.731  44.329 0.6000000238
93186  53.535  0.956  43.037 0.5000000000
93957  53.717  1.503  43.136 0.5000000000
139017  53.044  2.780  43.965 0.5000000000
96497  52.884  3.934  43.564 0.6000000238
97292  52.547  4.595  43.484 0.6999999881
93956  53.679  2.188  43.249 0.5000000000
94785  54.128  2.382  42.620 0.5000000000
95683  53.540  3.667  42.765 0.5000000000
107297  40.946  20.187  54.528 0.2000000030
144262  41.562  20.627  54.430 0.2000000030
134991  39.791  21.276  52.996 0.2000000030
107986  38.991  21.372  52.131 0.2000000030
107310  38.286  21.229  51.395 0.2000000030
106583  39.995  18.089  50.064 0.2000000030
105884  41.581  16.990  50.716 0.2000000030
106595  40.225  17.833  50.074 0.2000000030
158903  41.560  17.131  50.515 0.2000000030
105883  43.190  17.095  51.026 0.3000000119
105162  44.206  16.802  51.819 0.3000000119
105152  44.777  16.335  52.309 0.4000000060
105875  45.187  17.115  51.958 0.3000000119
105151  45.630  16.502  52.446 0.4000000060
105150  46.491  16.642  52.702 0.4000000060
103687  46.871  15.476  53.204 0.5000000000
140012  48.183  -5.431  44.084 0.5000000000
136938  49.115  14.976  53.910 0.6000000238
104382  48.468  15.616  53.925 0.6000000238
104383  47.590  15.526  53.582 0.6000000238
87107  49.109  -6.174  43.583 0.5000000000
88882  48.093  -4.817  43.732 0.6000000238
138942  49.915  15.158  53.857 0.6000000238
149153  48.998  14.385  53.581 0.6000000238
88020  50.325  -5.851  41.700 0.5000000000
88010  48.508  -5.542  43.394 0.5000000000
88890  48.288  -4.730  42.924 0.6000000238
102954  50.245  13.906  53.036 0.6000000238
102955  50.011  14.025  53.131 0.6000000238
102966  50.273  13.671  52.510 0.5000000000
88021  49.484  -5.741  42.236 0.5000000000
88022  48.704  -5.316  42.523 0.6000000238
149134  47.995  -4.270  44.147 0.6000000238
90601  48.694  -2.854  44.538 0.6999999881
102965  50.578  13.646  52.220 0.6000000238
102242  50.631  13.252  51.843 0.5000000000
102256  50.618  12.877  51.523 0.5000000000
89772  48.123  -3.998  43.411 0.6000000238
102241  51.069  13.071  51.517 0.5000000000
142016  53.259  11.448  49.994 0.8999999762
159112  48.408  -3.487  42.860 0.5000000000
101509  54.040  11.179  49.989 0.8999999762
100768  54.471  10.768  49.907 0.8000000119
88896  48.477  -4.621  42.080 0.5000000000
89778  48.415  -3.385  42.127 0.6000000238
90617  48.683  -2.793  42.693 0.6000000238
101517  54.830  10.663  49.692 0.8999999762
136929  55.200  9.988  49.699 0.8000000119
91427  49.758  -1.823  43.737 0.6000000238
92360  49.971  -1.014  44.749 0.6000000238
99451  55.306  8.832  48.395 0.8999999762
140259  48.548  -3.854  41.015 0.5000000000
89783  48.479  -3.299  41.326 0.6000000238
90616  49.217  -2.351  43.285 0.6000000238
144042  49.725  -1.805  42.976 0.6000000238
92359  50.605  -0.625  44.335 0.6000000238
98742  54.680  7.676  47.769 0.8000000119
89789  48.569  -3.357  40.472 0.6000000238
90624  48.571  -2.626  41.802 0.6000000238
157261  49.562  -1.645  42.463 0.6000000238
98063  53.674  6.609  46.733 0.6999999881
91441  48.790  -1.868  41.410 0.6000000238
91440  49.244  -1.226  40.971 0.6000000238
92376  51.004  -0.976  42.918 0.5000000000
92367  51.570  -0.473  43.249 0.5000000000
97289  52.276  4.922  44.486 0.6999999881
98065  52.764  6.430  46.015 0.6999999881
92385  50.921  -0.781  42.040 0.5000000000
155400  52.011  5.544  43.383 0.8000000119
92394  49.758  -0.674  40.690 0.5000000000
92393  50.713  -0.452  40.945 0.5000000000
92374  52.619  -0.069  42.078 0.5000000000
97291  53.181  4.412  42.668 0.6000000238
97297  52.835  5.162  42.510 0.8000000119
91449  49.250  -0.939  39.807 0.5000000000
148336  50.075  -0.322  39.965 0.5000000000
155145  50.895  -0.071  40.056 0.5000000000
148671  53.551  0.396  41.766 0.5000000000
93197  54.149  0.970  42.413 0.5000000000
95669  54.126  3.138  42.372 0.5000000000
95695  54.405  3.419  41.570 0.5000000000
96506  54.036  4.399  42.052 0.6000000238
140890  50.648  0.000  39.165 0.5000000000
92392  51.743  -0.072  40.510 0.5000000000
93213  53.630  0.460  40.087 0.5000000000
93970  54.576  1.682  40.899 0.5000000000
141710  54.563  2.097  41.365 0.5000000000
93220  53.494  0.524  38.942 0.5000000000
93212  54.204  0.684  40.371 0.5000000000
90645  48.645  -2.577  37.110 0.4000000060
91473  48.755  -1.733  36.411 0.4000000060
108669  42.493  21.840  53.740 0.2000000030
108667  44.218  22.507  53.681 0.1000000015
108668  43.515  22.117  53.994 0.1000000015
108664  41.634  21.260  53.917 0.2000000030
107985  40.334  21.488  52.971 0.2000000030
109383  42.789  22.739  52.527 0.1000000015
109384  41.795  22.269  52.757 0.1000000015
108672  39.429  21.753  51.810 0.2000000030
108671  39.767  21.888  51.780 0.2000000030
107989  38.357  21.310  51.242 0.2000000030
141097  38.621  21.323  51.200 0.2000000030
107309  38.518  19.803  50.780 0.2000000030
107308  40.217  19.284  50.551 0.2000000030
136622  38.604  21.003  51.011 0.2000000030
107994  39.606  19.621  50.521 0.2000000030
107331  40.010  18.052  49.812 0.2000000030
107321  39.472  18.674  49.987 0.2000000030
153192  40.971  17.393  50.022 0.2000000030
106611  44.892  18.072  50.004 0.2000000030
105891  43.973  17.624  50.435 0.3000000119
105901  42.997  17.631  49.768 0.3000000119
105892  42.423  17.364  50.251 0.3000000119
106601  45.732  18.248  50.366 0.3000000119
106594  45.141  17.745  50.833 0.3000000119
105882  44.603  17.330  51.345 0.3000000119
152058  46.489  18.165  51.388 0.3000000119
106593  45.852  17.937  51.096 0.3000000119
155220  45.356  17.534  51.440 0.3000000119
106592  47.215  18.530  51.512 0.4000000060
106582  46.816  18.080  51.940 0.3000000119
105881  45.873  17.579  51.677 0.3000000119
105874  46.045  17.154  52.152 0.3000000119
106581  47.436  18.217  52.216 0.4000000060
105872  47.786  17.665  52.846 0.4000000060
105873  46.865  17.497  52.421 0.4000000060
105861  48.250  16.973  53.370 0.6000000238
105149  47.360  16.838  53.070 0.5000000000
105137  47.020  16.069  53.259 0.5000000000
105135  48.805  16.352  53.837 0.6000000238
105136  47.874  16.225  53.636 0.6000000238
104379  50.516  15.390  53.260 0.6000000238
104380  50.350  15.338  53.585 0.6000000238
104381  49.411  15.763  54.043 0.6000000238
104390  50.814  15.109  52.206 0.6000000238
103681  50.591  14.753  52.803 0.6000000238
102963  51.378  13.553  51.362 0.6000000238
104415  51.867  13.758  50.121 0.6999999881
103709  51.678  13.685  50.805 0.6000000238
102982  52.221  13.079  50.695 0.8000000119
103728  52.486  13.504  49.256 0.6999999881
103000  53.144  13.046  49.578 0.8999999762
102283  53.577  12.373  49.621 0.8999999762
103727  53.223  13.245  49.022 0.8000000119
103009  53.716  12.764  48.933 0.8999999762
102282  54.175  12.098  48.921 0.8999999762
100783  55.051  10.689  49.050 0.8999999762
147534  48.377  -3.966  41.692 0.5000000000
103015  53.745  12.944  47.814 0.6999999881
102292  54.564  11.934  48.180 0.8999999762
101540  54.838  11.398  48.240 0.8999999762
132528  55.219  9.755  48.429 0.8999999762
103028  54.485  12.206  46.956 0.8999999762
101549  54.529  11.657  46.463 0.8999999762
100137  54.592  10.299  47.069 0.8999999762
99452  54.867  8.455  47.857 0.8000000119
90630  48.545  -2.558  40.859 0.6000000238
100820  54.256  11.575  45.790 0.8999999762
99462  54.229  9.082  46.728 0.8999999762
98750  53.983  7.590  46.895 0.8999999762
89796  48.803  -3.639  39.532 0.6000000238
91450  48.692  -1.740  40.343 0.6000000238
100140  53.835  9.667  45.840 0.8999999762
99463  53.720  8.472  46.289 0.8999999762
99467  52.243  8.296  44.829 0.8999999762
90637  48.552  -2.654  39.672 0.6000000238
98757  51.478  7.154  43.663 0.8999999762
142355  48.769  -3.237  38.762 0.5000000000
91459  48.664  -1.678  39.112 0.6000000238
98073  52.600  6.059  42.211 0.8000000119
90642  48.590  -2.504  38.395 0.6000000238
91458  49.162  -1.015  38.430 0.5000000000
92402  49.800  -0.369  38.890 0.5000000000
96522  54.370  4.195  41.339 0.5000000000
141151  54.107  5.737  40.979 0.8000000119
147294  54.483  4.848  39.222 0.6000000238
91466  48.677  -1.686  37.780 0.6000000238
92408  49.771  -0.446  37.618 0.5000000000
140797  50.503  0.048  38.024 0.5000000000
93221  52.485  0.420  38.624 0.5000000000
94802  54.544  2.308  40.545 0.5000000000
94797  54.529  2.903  41.012 0.5000000000
96547  54.558  4.229  39.690 0.5000000000
91465  49.158  -1.029  37.049 0.5000000000
93232  51.341  0.412  37.141 0.5000000000
93231  52.372  0.562  37.434 0.5000000000
93218  54.417  0.992  39.731 0.5000000000
94809  54.184  2.153  38.949 0.5000000000
150736  54.181  3.007  38.830 0.5000000000
155639  43.726  22.800  52.983 0.1000000015
106612  43.871  18.035  49.388 0.2000000030
107346  40.563  17.865  48.490 0.2000000030
149113  44.781  18.357  49.253 0.3000000119
106613  42.555  17.785  49.101 0.2000000030
107334  47.007  19.049  49.345 0.3000000119
107335  46.216  18.776  48.980 0.3000000119
106610  45.568  18.458  49.539 0.3000000119
107343  47.621  19.415  48.875 0.3000000119
106609  46.377  18.636  49.844 0.3000000119
107333  47.672  19.306  49.613 0.3000000119
107329  47.702  19.169  50.276 0.3000000119
107320  47.134  18.672  50.787 0.4000000060
107328  48.330  19.472  50.493 0.4000000060
107319  47.775  19.020  50.966 0.4000000060
106591  47.969  18.816  51.762 0.4000000060
106580  48.336  18.365  52.522 0.4000000060
107318  48.520  19.346  51.201 0.4000000060
107307  48.919  19.010  52.006 0.4000000060
106579  49.427  18.447  52.812 0.4000000060
105871  48.704  17.737  53.065 0.4000000060
106569  50.086  18.009  53.089 0.4000000060
105860  49.166  17.033  53.455 0.6000000238
105857  50.658  16.914  52.955 0.6000000238
105133  50.481  16.135  53.469 0.6000000238
105132  50.597  16.079  53.023 0.6000000238
104378  50.616  15.377  52.868 0.6000000238
104403  50.706  15.122  51.906 0.6000000238
103691  51.030  14.267  51.590 0.6000000238
103022  52.254  13.284  47.449 0.6999999881
103744  53.192  13.278  47.984 0.6999999881
103031  52.846  12.871  46.598 0.6999999881
139769  53.989  12.648  46.744 0.8999999762
103040  53.326  12.558  45.697 0.8999999762
103039  53.983  12.439  45.986 0.8999999762
101551  54.007  11.709  45.114 0.8999999762
102305  53.653  12.319  44.923 0.8000000119
102312  53.890  12.042  44.363 0.8999999762
100823  53.807  11.353  44.824 0.8999999762
100145  53.301  10.553  43.917 0.8999999762
160279  52.174  8.949  44.028 0.8999999762
99469  52.064  8.914  43.262 0.8999999762
149777  52.500  9.768  42.762 0.8999999762
135745  52.419  6.947  41.776 0.8999999762
98772  53.687  7.513  40.120 0.8000000119
98076  54.437  6.081  40.134 0.8000000119
98097  54.457  6.143  39.227 0.6999999881
106626  43.180  18.187  48.461 0.3000000119
106627  41.855  17.882  48.306 0.2000000030
108014  39.207  18.245  48.935 0.2000000030
108028  48.718  19.998  47.794 0.2000000030
108020  48.274  19.636  48.346 0.3000000119
107345  45.920  18.902  47.962 0.3000000119
106625  44.263  18.398  48.553 0.3000000119
135034  43.645  18.410  47.678 0.3000000119
107347  40.869  18.239  47.373 0.2000000030
108705  49.800  20.563  48.267 0.3000000119
108019  49.048  19.953  48.500 0.3000000119
108013  48.336  19.578  49.119 0.3000000119
136739  44.753  18.585  47.760 0.3000000119
107359  41.853  18.182  46.907 0.2000000030
108022  39.647  18.510  47.708 0.1000000015
108692  50.952  20.722  48.919 0.3000000119
108693  50.265  20.532  48.948 0.3000000119
108018  49.589  20.221  48.972 0.3000000119
108012  49.046  19.797  49.387 0.3000000119
108004  48.993  19.803  50.114 0.3000000119
108002  50.565  20.249  50.317 0.3000000119
108003  49.688  19.954  50.537 0.3000000119
159056  48.957  19.711  50.729 0.3000000119
107306  50.009  19.131  52.231 0.5000000000
148301  51.506  18.127  52.177 0.5000000000
156495  51.181  18.426  52.585 0.5000000000
106568  50.818  17.876  52.962 0.5000000000
105170  50.273  16.982  51.270 0.6000000238
105879  51.094  17.534  52.188 0.6000000238
105858  50.527  16.999  53.111 0.5000000000
104427  49.336  15.645  50.442 0.5000000000
104418  49.826  15.957  51.226 0.6000000238
105169  50.233  16.276  51.707 0.6000000238
105148  50.654  16.719  52.559 0.6000000238
103739  49.507  14.268  49.253 0.6000000238
104426  50.157  14.933  50.633 0.6000000238
104425  50.951  14.360  50.223 0.6000000238
104404  50.519  15.421  51.565 0.6000000238
103016  49.959  13.713  48.587 0.6000000238
103738  50.451  13.970  49.241 0.6000000238
104424  51.665  13.833  49.697 0.6000000238
103025  49.199  13.499  47.936 0.5000000000
103024  50.368  13.375  47.760 0.6000000238
103746  51.716  13.550  48.269 0.6999999881
104432  51.488  13.826  49.412 0.6999999881
103034  49.753  12.929  47.130 0.5000000000
103033  50.840  12.905  46.972 0.6000000238
103023  51.351  13.342  47.605 0.6000000238
147782  51.868  13.633  48.774 0.6999999881
102308  49.637  12.221  45.614 0.6000000238
102307  50.710  12.272  45.415 0.6000000238
103032  51.864  12.970  46.760 0.6000000238
102318  49.039  11.747  45.007 0.6000000238
102316  51.129  12.034  44.551 0.6999999881
150220  52.908  12.450  44.775 0.6999999881
101563  51.653  11.870  42.931 0.6999999881
102314  53.042  12.378  43.727 0.6999999881
101561  53.835  11.883  43.889 0.8000000119
100826  53.710  11.443  43.377 0.8999999762
101574  50.275  11.459  42.483 0.6999999881
101573  51.504  11.786  42.143 0.6999999881
101572  53.862  12.020  42.162 0.8000000119
100827  53.265  10.696  42.828 0.8999999762
101581  51.767  11.904  41.194 0.8000000119
102335  53.461  12.193  41.155 0.8000000119
154242  53.493  11.166  41.987 0.8000000119
100148  52.811  10.228  41.961 0.8999999762
99485  53.023  9.453  40.491 0.8999999762
100182  53.135  9.395  36.669 0.8999999762
102349  52.660  12.341  40.911 0.8000000119
101580  53.574  12.042  40.977 0.8000000119
100834  53.372  10.967  41.324 0.8000000119
100161  53.355  9.879  39.758 0.8999999762
100166  53.624  9.654  38.961 0.8999999762
102356  53.133  12.315  39.796 0.8000000119
102347  53.387  12.187  40.443 0.8000000119
100833  53.477  11.541  40.764 0.8000000119
100844  53.375  11.134  39.928 0.8000000119
150950  53.349  12.108  39.743 0.8000000119
107354  47.560  19.489  48.076 0.2000000030
107355  46.777  19.344  47.635 0.2000000030
107344  46.850  19.215  48.505 0.3000000119
107353  52.491  20.080  47.144 0.2000000030
108713  49.291  20.485  47.617 0.2000000030
106638  45.263  18.764  46.995 0.2000000030
108031  42.217  18.251  46.334 0.2000000030
108032  41.074  18.388  46.550 0.2000000030
136775  51.914  19.587  47.071 0.2000000030
107341  51.915  19.790  48.504 0.2000000030
108691  51.453  20.784  48.757 0.2000000030
108681  51.140  20.567  49.549 0.3000000119
107356  46.118  19.119  47.139 0.2000000030
107357  44.054  18.481  46.713 0.2000000030
108030  43.163  18.322  46.129 0.2000000030
151955  41.829  18.318  46.118 0.2000000030
106634  51.985  19.645  47.890 0.2000000030
107342  51.734  19.324  49.275 0.2000000030
108001  51.156  20.169  50.165 0.3000000119
107992  50.957  19.926  51.007 0.3000000119
106622  50.883  18.830  48.554 0.4000000060
106608  51.147  18.544  49.569 0.4000000060
107326  51.662  19.194  50.397 0.3000000119
107327  51.418  19.580  50.786 0.3000000119
107315  51.322  19.332  51.577 0.3000000119
106599  51.335  18.346  50.353 0.4000000060
106598  51.664  18.590  50.900 0.4000000060
106590  51.644  18.557  51.548 0.5000000000
105176  48.344  16.664  49.275 0.4000000060
105890  50.245  17.367  50.649 0.6000000238
105889  51.054  17.808  50.978 0.5000000000
103740  47.691  14.998  48.614 0.5000000000
104428  48.591  15.827  49.680 0.5000000000
105175  48.987  16.620  50.034 0.5000000000
104419  49.638  16.699  50.715 0.5000000000
150747  47.401  14.318  47.769 0.4000000060
103732  48.280  15.260  49.278 0.6000000238
103731  48.934  14.969  49.766 0.6000000238
101652  43.628  11.513  34.831 0.6000000238
102397  43.801  12.150  33.664 0.6000000238
103026  46.854  14.199  47.106 0.4000000060
103017  48.318  14.090  48.360 0.6000000238
141050  48.609  14.571  49.042 0.6000000238
102374  43.504  12.444  37.347 0.6999999881
101645  43.579  11.786  35.849 0.6000000238
145716  43.673  11.144  33.270 0.6000000238
103036  46.682  13.792  46.555 0.4000000060
153063  48.168  13.616  47.729 0.5000000000
101626  43.632  11.757  37.932 0.6000000238
101635  43.649  11.572  36.854 0.6000000238
100883  43.711  11.065  35.896 0.6000000238
100901  43.808  10.697  34.808 0.6000000238
100201  44.359  10.004  34.736 0.6000000238
103042  46.514  13.302  45.902 0.4000000060
151719  47.152  13.121  46.396 0.5000000000
103035  48.612  13.046  47.193 0.5000000000
102366  43.477  12.514  38.348 0.6999999881
101625  43.984  11.306  38.396 0.6000000238
159714  44.306  10.652  37.318 0.6000000238
133659  44.536  10.336  36.694 0.6000000238
135423  44.133  10.445  35.854 0.6000000238
102310  46.413  12.807  45.221 0.4000000060
159478  47.296  12.520  45.739 0.5000000000
102301  47.998  12.727  46.502 0.5000000000
101624  44.696  10.981  38.754 0.6000000238
100868  45.353  10.549  38.278 0.6000000238
100881  45.015  10.370  37.466 0.6000000238
135787  46.963  12.065  44.942 0.6000000238
101556  48.421  11.569  44.213 0.6000000238
101555  49.521  11.581  44.196 0.6000000238
101612  45.444  11.034  39.867 0.6000000238
100856  46.428  10.617  39.511 0.6000000238
134967  47.066  10.102  38.198 0.6000000238
100179  47.270  9.783  37.326 0.6000000238
149133  49.081  11.413  43.609 0.6999999881
100855  47.436  10.496  39.451 0.6000000238
100854  48.322  10.539  39.247 0.6000000238
100865  48.591  10.353  38.405 0.6000000238
100878  48.891  10.085  37.541 0.6999999881
101575  49.210  11.263  42.892 0.6999999881
156791  49.876  11.334  41.863 0.6999999881
101599  48.645  10.833  40.821 0.6999999881
101610  48.959  10.837  39.840 0.6999999881
100864  49.488  10.487  38.097 0.8000000119
100877  49.796  10.258  37.186 0.8000000119
101597  51.044  11.580  40.541 0.6999999881
101598  49.815  11.260  40.472 0.6999999881
101609  49.851  11.150  39.486 0.6999999881
101621  52.021  11.692  38.145 0.8000000119
101632  52.227  11.471  37.363 0.8000000119
101642  52.974  11.233  36.741 0.8000000119
100887  52.929  10.565  36.369 0.8999999762
150278  52.089  12.084  40.390 0.8000000119
101596  51.455  11.698  39.782 0.6999999881
101607  51.790  11.788  38.972 0.8000000119
102365  52.795  12.176  38.773 0.8000000119
100171  53.532  10.562  38.419 0.8000000119
102357  52.448  12.198  39.651 0.8000000119
102355  53.218  12.071  38.989 0.8000000119
106653  51.888  19.416  45.735 0.2000000030
106652  52.294  19.652  45.804 0.2000000030
106659  51.612  19.069  45.030 0.2000000030
157018  51.708  19.411  46.101 0.2000000030
106660  50.690  18.639  44.750 0.2000000030
106636  50.742  19.074  47.439 0.3000000119
106623  49.862  18.431  48.155 0.4000000060
105907  50.232  18.169  49.249 0.4000000060
158259  48.514  17.757  47.113 0.3000000119
105913  49.010  17.912  48.271 0.3000000119
105908  49.319  17.794  48.995 0.3000000119
105898  50.636  17.913  50.134 0.4000000060
105183  47.739  16.810  48.335 0.3000000119
105909  48.539  17.378  48.756 0.4000000060
105188  47.106  16.537  46.425 0.4000000060
104434  47.276  15.856  48.132 0.5000000000
102388  43.677  12.413  35.106 0.6999999881
103106  44.164  12.947  34.234 0.6999999881
104439  46.677  15.863  46.488 0.4000000060
103748  46.762  14.857  47.269 0.4000000060
103089  43.655  13.277  36.700 0.6000000238
104442  46.269  15.054  45.956 0.4000000060
102359  43.521  12.631  39.269 0.5000000000
103075  43.497  13.286  38.714 0.5000000000
103752  45.905  14.436  45.170 0.4000000060
103037  46.199  14.163  45.939 0.4000000060
101613  44.197  11.514  39.195 0.6999999881
132780  44.521  11.594  40.044 0.5000000000
103043  45.997  13.638  45.249 0.4000000060
101602  45.226  11.356  40.705 0.6000000238
143040  45.898  13.109  44.728 0.4000000060
102320  46.270  12.434  44.523 0.5000000000
154109  47.508  11.717  44.468 0.6000000238
100846  47.055  10.633  40.209 0.6999999881
101558  46.093  12.084  43.829 0.5000000000
150081  46.696  11.570  43.438 0.5000000000
101567  47.444  11.258  42.952 0.6000000238
101600  47.588  10.709  40.833 0.6999999881
101583  48.748  10.892  41.649 0.6999999881
144416  47.966  10.791  41.542 0.6999999881
106666  50.807  18.434  43.350 0.2000000030
144299  51.338  18.689  44.088 0.2000000030
154354  50.515  18.469  44.056 0.2000000030
106655  50.753  18.918  45.579 0.2000000030
106648  50.737  19.108  46.444 0.2000000030
106656  49.907  18.476  45.225 0.2000000030
106649  49.910  18.659  46.079 0.2000000030
106637  49.897  18.675  47.020 0.2000000030
135700  49.107  18.104  45.696 0.3000000119
105916  49.135  18.177  46.587 0.3000000119
105917  48.235  17.591  46.330 0.3000000119
105914  47.815  17.270  47.303 0.3000000119
105192  47.171  16.557  44.247 0.3000000119
105190  46.993  16.485  45.140 0.3000000119
105197  46.578  16.117  43.741 0.3000000119
148683  46.521  15.801  45.546 0.3000000119
103790  43.763  13.972  38.115 0.5000000000
103081  43.521  13.252  37.752 0.5000000000
103088  44.216  13.871  36.092 0.5000000000
104445  46.016  15.432  44.085 0.3000000119
103754  46.082  15.208  44.985 0.3000000119
103777  44.148  14.440  39.455 0.5000000000
103784  43.774  13.949  38.916 0.5000000000
103755  45.682  14.677  44.324 0.4000000060
103051  44.329  13.327  41.495 0.5000000000
103067  44.051  13.992  40.158 0.5000000000
103059  43.947  13.352  40.552 0.5000000000
101586  44.494  11.917  40.919 0.5000000000
104448  45.556  14.981  43.511 0.4000000060
103757  45.315  14.238  43.658 0.4000000060
103047  45.287  13.362  43.480 0.5000000000
103050  44.688  13.673  42.349 0.5000000000
102338  44.443  12.375  41.530 0.5000000000
146208  45.909  11.165  41.116 0.6000000238
102327  45.547  12.463  43.374 0.5000000000
101569  45.344  12.078  42.683 0.5000000000
133857  45.172  11.667  41.751 0.5000000000
101585  46.364  11.171  41.788 0.6999999881
101568  45.937  11.756  43.112 0.6000000238
134864  47.298  11.013  42.133 0.6999999881
101576  48.334  11.009  42.379 0.6999999881
106673  50.096  18.283  42.761 0.2000000030
105932  49.412  18.033  42.255 0.2000000030
105937  49.451  18.147  41.395 0.2000000030
106667  49.938  18.272  43.619 0.2000000030
105928  49.324  17.926  43.131 0.2000000030
105924  49.233  17.898  43.982 0.2000000030
150223  48.159  17.547  41.281 0.2000000030
105939  48.020  17.404  42.145 0.2000000030
105930  47.871  17.129  43.880 0.3000000119
105920  49.140  18.020  44.818 0.3000000119
105934  47.953  17.263  43.012 0.2000000030
105926  47.717  17.075  44.770 0.3000000119
105921  48.361  17.561  45.277 0.3000000119
105196  47.288  16.683  43.373 0.3000000119
105200  46.672  16.317  42.862 0.3000000119
103798  44.661  14.398  36.602 0.5000000000
104447  46.058  15.662  43.188 0.3000000119
104450  46.136  15.936  42.304 0.3000000119
103783  44.234  14.575  38.500 0.5000000000
103080  43.949  13.954  37.142 0.5000000000
103797  45.492  14.615  36.000 0.3000000119
104451  45.455  15.205  42.623 0.3000000119
103761  45.091  14.986  41.946 0.4000000060
103770  44.384  14.249  40.823 0.5000000000
151376  45.207  14.588  43.074 0.4000000060
103759  44.948  14.481  42.484 0.5000000000
103762  44.655  14.334  41.731 0.5000000000
106679  50.223  18.338  41.843 0.2000000030
106694  50.148  18.413  40.017 0.2000000030
105941  49.337  18.203  40.502 0.2000000030
105954  48.637  17.851  39.386 0.2000000030
105942  48.466  17.766  40.388 0.2000000030
105203  47.335  17.052  41.595 0.2000000030
105199  47.341  16.873  42.504 0.3000000119
150142  46.881  16.772  40.964 0.2000000030
105207  46.965  16.983  40.100 0.2000000030
104453  46.272  16.300  41.407 0.3000000119
103789  44.400  14.542  37.570 0.5000000000
103788  45.164  14.921  37.035 0.5000000000
103807  45.746  14.159  34.705 0.3000000119
104454  45.583  15.600  41.709 0.4000000060
105209  45.612  15.917  40.823 0.3000000119
104459  45.103  15.528  40.250 0.4000000060
104467  45.200  15.657  39.394 0.5000000000
104480  44.849  15.138  37.995 0.5000000000
104479  45.623  15.482  37.484 0.3000000119
106702  49.986  18.445  38.991 0.2000000030
105964  49.493  18.111  37.952 0.2000000030
105975  49.495  17.749  36.788 0.2000000030
105993  49.789  17.922  34.692 0.2000000030
105953  49.376  18.245  39.643 0.2000000030
106004  49.385  17.532  34.257 0.2000000030
105268  48.826  16.879  34.120 0.2000000030
138022  48.991  17.464  33.869 0.2000000030
156221  49.230  18.147  38.866 0.2000000030
105976  48.924  17.472  37.203 0.2000000030
105986  49.036  17.080  36.166 0.2000000030
105257  48.622  16.230  34.693 0.2000000030
106011  48.429  16.616  33.813 0.2000000030
106012  48.135  17.022  33.539 0.2000000030
106744  47.550  17.746  33.616 0.2000000030
105966  47.959  17.427  38.715 0.2000000030
105965  48.727  17.768  38.294 0.2000000030
104494  48.228  15.643  34.176 0.2000000030
106013  47.460  16.719  33.539 0.2000000030
105955  47.765  17.445  39.742 0.2000000030
105217  47.134  17.047  39.126 0.2000000030
105237  46.841  16.443  37.450 0.2000000030
105247  47.260  16.055  36.379 0.2000000030
104486  46.846  15.422  35.821 0.3000000119
104496  47.271  15.001  34.645 0.3000000119
103814  47.145  14.656  33.046 0.3000000119
104516  46.804  14.705  32.606 0.2000000030
105208  46.287  16.462  40.468 0.2000000030
105218  46.403  16.564  39.531 0.2000000030
105227  45.829  16.169  38.970 0.2000000030
105226  46.584  16.566  38.523 0.2000000030
104478  46.417  15.806  36.928 0.3000000119
103796  46.407  14.784  35.280 0.3000000119
103806  46.838  14.398  34.000 0.3000000119
103815  47.008  14.252  32.979 0.3000000119
105219  45.698  16.110  39.915 0.2000000030
104472  45.357  15.641  38.466 0.3000000119
106741  49.577  18.217  33.834 0.2000000030
106742  49.103  18.220  33.539 0.2000000030
107464  47.692  18.702  33.564 0.2000000030
106743  48.341  17.953  33.510 0.2000000030
160014  48.631  17.418  33.659 0.2000000030
105245  48.583  16.487  35.526 0.2000000030
106005  46.765  17.537  33.831 0.2000000030
105258  48.271  15.802  34.938 0.2000000030
105278  47.845  16.046  33.535 0.2000000030
105235  48.470  16.837  36.536 0.2000000030
105246  48.044  16.238  35.885 0.2000000030
106006  46.027  17.256  34.081 0.2000000030
105977  48.214  17.212  37.625 0.2000000030
105225  47.387  16.942  38.070 0.2000000030
105236  47.714  16.643  36.983 0.2000000030
104485  47.697  15.566  35.292 0.2000000030
104506  47.641  15.177  33.657 0.2000000030
105270  45.877  16.230  33.560 0.2000000030
155078  49.648  18.788  33.613 0.2000000030
107462  49.358  19.105  33.424 0.2000000030
107463  48.563  18.881  33.373 0.2000000030
107461  49.882  19.434  33.621 0.2000000030
141587  48.901  19.711  33.255 0.2000000030
106014  46.693  16.456  33.559 0.2000000030
104495  47.809  15.285  34.304 0.2000000030
104505  48.016  15.728  33.758 0.2000000030
105279  47.174  15.607  33.291 0.2000000030
104515  47.410  15.213  33.327 0.2000000030
105280  46.407  15.416  32.914 0.2000000030
107300  37.833  20.466  52.162 0.3000000119
105156  38.898  16.713  50.696 0.3000000119
103700  41.450  15.002  52.204 0.5000000000
103003  41.677  13.834  50.641 0.4000000060
102987  43.213  14.146  51.297 0.5000000000
144245  45.122  11.807  49.240 0.5000000000
159088  45.025  12.810  50.548 0.5000000000
101541  45.646  11.446  49.063 0.6000000238
152716  46.330  11.029  48.719 0.6000000238
102272  45.651  12.549  50.408 0.4000000060
98034  51.095  6.747  49.126 0.8000000119
100802  48.607  10.483  48.424 0.8000000119
100118  49.453  9.753  48.208 0.8000000119
100789  47.871  11.044  48.789 0.6999999881
101522  47.317  12.094  50.185 0.6000000238
153570  53.865  6.795  51.142 0.8000000119
98726  52.096  7.774  48.834 0.8999999762
102260  46.591  13.076  51.426 0.5000000000
133271  53.390  4.541  52.618 0.6999999881
97977  54.963  6.028  53.860 0.8000000119
102259  47.462  12.967  51.590 0.5000000000
98698  55.468  6.352  52.925 0.8999999762
100116  51.810  9.374  48.816 0.8999999762
144244  48.257  12.928  51.677 0.5000000000
101527  50.546  11.676  49.994 0.8999999762
145185  49.315  12.251  50.675 0.5000000000
93918  47.648  1.110  48.701 0.6000000238
96470  51.918  4.228  50.676 0.6999999881
96453  55.583  5.470  52.500 0.8999999762
98702  55.937  7.001  51.912 0.8000000119
99429  54.774  8.570  50.702 0.8999999762
95633  50.820  3.440  49.016 0.6999999881
101520  50.944  12.144  50.591 0.8000000119
100778  52.211  11.059  49.794 0.8999999762
102968  48.965  13.564  52.631 0.5000000000
94749  49.772  2.412  47.843 0.6999999881
96475  55.480  5.083  50.341 0.8000000119
100101  54.160  9.903  50.137 0.8999999762
101511  51.999  11.911  50.352 0.8000000119
101512  50.987  12.398  50.866 0.6999999881
95638  51.916  3.642  48.220 0.6999999881
96484  54.107  4.577  47.663 0.6999999881
98049  55.423  6.589  48.852 0.8000000119
98725  55.311  7.360  48.568 0.8000000119
97280  54.737  5.870  47.975 0.8000000119
96487  53.698  4.518  47.022 0.6999999881
91395  47.601  -2.057  46.368 0.6000000238
103685  48.236  14.792  53.607 0.6000000238
101510  52.722  11.746  50.147 0.8000000119
100769  54.048  10.678  50.064 0.8999999762
93166  51.223  1.014  44.874 0.6000000238
148549  53.798  5.062  46.913 0.6999999881
144820  54.264  7.054  47.244 0.8000000119
102956  49.375  13.960  53.196 0.6000000238
102253  52.469  12.258  50.366 0.8000000119
90609  49.275  -2.392  44.130 0.6000000238
99440  55.599  8.160  48.880 0.8000000119
100115  55.636  9.050  49.170 0.8000000119
91418  50.263  -1.310  44.069 0.6000000238
91432  50.185  -1.324  42.499 0.6000000238
93958  53.086  1.354  43.530 0.5000000000
98068  51.799  5.839  44.578 0.6999999881
92384  51.815  -0.438  41.533 0.5000000000
135661  53.027  3.368  43.725 0.6000000238
95670  53.566  2.890  43.099 0.5000000000
93962  54.433  1.817  42.148 0.5000000000
96505  54.212  3.805  42.079 0.6000000238
107988  39.250  19.948  50.821 0.2000000030
136280  50.190  15.894  53.896 0.6000000238
103684  49.653  14.461  53.609 0.6000000238
88033  48.913  -5.168  41.701 0.6000000238
103693  50.562  14.124  52.559 0.6000000238
102964  50.914  13.566  51.794 0.6000000238
146722  48.242  -4.044  42.495 0.5000000000
102983  51.889  13.001  51.039 0.6999999881
157080  53.186  12.296  49.990 0.8999999762
160242  54.472  11.084  49.756 0.8999999762
101526  54.673  11.378  49.083 0.8999999762
91433  49.042  -2.058  42.364 0.6000000238
100129  54.906  9.529  47.784 0.8999999762
152797  48.800  -4.084  40.359 0.5000000000
99459  54.524  8.423  47.408 0.8000000119
91439  49.969  -0.891  41.564 0.5000000000
98751  53.214  7.400  46.253 0.8999999762
98752  52.310  7.220  45.512 0.8999999762
98070  51.542  6.387  43.826 0.8000000119
98074  51.691  6.715  42.798 0.8999999762
98072  53.457  5.788  41.652 0.6999999881
92383  52.830  0.143  40.998 0.5000000000
93196  54.240  0.727  41.331 0.5000000000
97308  54.286  4.949  41.184 0.8000000119
92401  51.591  0.200  39.457 0.5000000000
93214  52.611  0.340  39.810 0.5000000000
93219  54.151  0.696  39.302 0.5000000000
138317  40.980  21.804  52.899 0.2000000030
106602  41.609  17.568  49.619 0.2000000030
106600  46.451  18.440  50.622 0.4000000060
105870  49.477  17.708  53.168 0.5000000000
141949  50.248  16.443  53.578 0.6000000238
147054  51.136  14.432  51.053 0.6000000238
103723  52.475  13.314  50.165 0.8000000119
103736  52.339  13.547  48.814 0.6999999881
103014  53.738  12.911  48.326 0.6999999881
103013  54.149  12.437  48.194 0.8999999762
138253  53.120  13.123  47.327 0.6999999881
103019  54.424  12.268  47.533 0.8999999762
102294  54.726  11.776  47.560 0.8999999762
100813  54.881  10.486  47.685 0.8999999762
101550  54.244  11.908  45.581 0.8999999762
100817  54.239  10.232  46.319 0.8999999762
100138  54.558  9.340  47.220 0.8999999762
100141  53.826  10.723  45.323 0.8999999762
99466  53.158  9.123  45.395 0.8999999762
100142  53.431  10.230  44.923 0.8999999762
99470  51.633  8.019  43.931 0.8999999762
99473  51.659  7.888  43.001 0.8999999762
153468  52.888  7.126  41.238 0.8000000119
154750  53.754  6.152  41.117 0.8000000119
95703  54.514  3.778  40.663 0.5000000000
138870  54.513  4.634  40.472 0.6000000238
96537  54.580  5.062  39.725 0.6000000238
133609  53.941  6.576  40.603 0.8000000119
97332  54.476  5.420  39.157 0.6000000238
97320  54.528  5.639  39.703 0.6999999881
150970  54.429  3.593  39.209 0.5000000000
93983  54.350  1.519  39.239 0.5000000000
146017  54.440  2.300  39.682 0.5000000000
143556  54.426  2.888  39.246 0.5000000000
93228  54.285  0.969  38.711 0.5000000000
93990  54.134  1.348  38.439 0.5000000000
94816  53.282  1.845  38.285 0.5000000000
156369  40.979  17.966  47.936 0.2000000030
106624  45.262  18.579  48.674 0.3000000119
107330  47.093  18.871  50.084 0.4000000060
108005  48.311  19.543  49.834 0.3000000119
107317  49.541  19.621  51.353 0.5000000000
106578  50.509  18.554  52.782 0.5000000000
105859  50.053  17.188  53.325 0.5000000000
106577  51.352  18.084  52.587 0.6000000238
105159  50.516  15.971  52.180 0.6000000238
103030  53.707  12.694  46.467 0.6999999881
103041  52.397  12.605  45.847 0.6000000238
102304  53.975  12.174  45.199 0.8999999762
137546  53.590  12.179  43.432 0.8000000119
100146  52.583  9.818  43.572 0.8999999762
99472  52.198  8.950  42.144 0.8999999762
98764  52.536  7.903  41.304 0.8999999762
99475  53.046  8.313  40.572 0.8000000119
99484  53.459  8.622  39.905 0.8999999762
98771  54.259  6.819  39.764 0.6999999881
98780  54.027  7.785  39.362 0.8000000119
154361  54.344  6.913  39.071 0.8000000119
106639  42.553  18.208  47.615 0.2000000030
107358  43.028  18.316  46.913 0.2000000030
108712  50.081  20.910  47.406 0.2000000030
108011  49.831  20.196  49.726 0.3000000119
107993  50.300  19.935  50.981 0.3000000119
107305  50.996  19.019  52.264 0.5000000000
105888  51.505  18.042  51.651 0.4000000060
105161  50.804  17.331  51.732 0.6000000238
103730  49.854  14.617  49.974 0.6000000238
104417  50.397  15.165  51.127 0.6000000238
103729  50.780  14.242  49.794 0.6999999881
103737  51.257  13.746  49.043 0.6999999881
102300  49.130  12.576  46.430 0.5000000000
102299  50.246  12.539  46.291 0.6000000238
102309  48.512  12.286  45.727 0.5000000000
102317  50.098  11.862  44.825 0.6999999881
102306  51.794  12.380  45.132 0.6000000238
102298  51.328  12.572  46.087 0.6000000238
102315  52.163  12.211  44.195 0.6999999881
102326  51.467  11.882  43.710 0.6999999881
102325  52.400  12.200  43.300 0.6999999881
101565  49.910  11.486  43.406 0.6999999881
102331  52.485  12.238  42.483 0.8000000119
133137  53.704  12.094  42.602 0.8000000119
102324  53.185  12.378  42.874 0.8000000119
101562  53.816  11.894  43.040 0.8000000119
101582  50.526  11.492  41.445 0.6999999881
102337  52.539  12.271  41.685 0.8000000119
154111  53.697  12.072  41.572 0.8000000119
102330  53.234  12.388  42.089 0.8000000119
133113  53.766  11.685  42.472 0.8000000119
99476  52.590  9.111  41.187 0.8999999762
100152  53.241  10.579  40.565 0.8999999762
147344  53.354  10.181  36.884 0.8999999762
132904  53.661  8.881  39.336 0.8999999762
140920  53.471  10.639  39.242 0.8999999762
100177  53.531  9.904  37.630 0.8999999762
99491  53.902  8.510  38.756 0.8000000119
100165  53.673  9.288  38.218 0.8000000119
100852  53.419  11.629  39.118 0.8000000119
107369  46.805  19.445  46.652 0.2000000030
106619  52.091  19.803  47.846 0.2000000030
106645  52.233  19.756  46.893 0.2000000030
106621  51.633  18.886  48.957 0.2000000030
108690  51.825  20.519  48.487 0.2000000030
108680  51.377  20.372  49.428 0.3000000119
108000  51.450  19.809  49.977 0.3000000119
151655  51.920  19.139  49.611 0.2000000030
106607  51.721  18.934  50.047 0.3000000119
145808  51.624  19.028  51.269 0.4000000060
104433  47.832  15.927  49.013 0.5000000000
105899  49.646  17.423  49.947 0.5000000000
102405  44.155  11.853  31.991 0.6000000238
135192  47.488  13.487  47.093 0.5000000000
103098  43.858  13.250  35.542 0.6000000238
100918  44.038  10.585  32.298 0.6000000238
152342  46.580  15.204  46.738 0.4000000060
100882  43.934  10.806  36.745 0.6000000238
100188  44.750  9.876  35.853 0.6000000238
100857  45.527  10.781  39.084 0.6000000238
100880  46.156  10.145  37.616 0.6000000238
151110  46.537  9.680  36.639 0.6000000238
101611  46.124  10.885  40.396 0.6000000238
138943  47.000  10.354  38.905 0.6000000238
100879  47.966  9.999  37.885 0.6000000238
100178  48.276  9.720  36.987 0.6999999881
100845  48.003  10.661  40.063 0.6000000238
100891  49.237  9.813  36.599 0.6999999881
152232  49.466  11.164  41.388 0.6999999881
100853  49.192  10.736  38.954 0.6999999881
101623  50.103  10.953  38.644 0.8000000119
100863  50.403  10.738  37.792 0.8000000119
101631  52.998  11.740  37.415 0.8000000119
100888  51.635  10.441  35.931 0.8000000119
101630  53.408  11.430  37.616 0.8999999762
100898  51.516  9.926  35.315 0.8000000119
156880  53.362  11.919  38.428 0.8000000119
135156  49.109  18.132  47.500 0.3000000119
105185  47.197  16.444  47.268 0.5000000000
105922  47.503  16.985  45.773 0.3000000119
104437  46.841  15.588  47.315 0.4000000060
103068  43.667  13.447  39.654 0.5000000000
102350  43.703  12.702  40.114 0.5000000000
103045  45.600  13.780  44.411 0.4000000060
102321  45.678  12.870  44.097 0.4000000060
106661  49.873  18.332  44.418 0.2000000030
105193  46.516  15.930  44.638 0.3000000119
104468  44.636  15.118  39.773 0.5000000000
104473  44.680  15.175  38.927 0.5000000000
103049  44.933  13.306  42.825 0.5000000000
102332  44.720  12.677  42.314 0.5000000000
132827  45.838  11.582  42.416 0.6000000238
105943  47.569  17.315  40.682 0.2000000030
145184  46.748  16.533  42.032 0.3000000119
104487  45.981  15.200  36.436 0.3000000119
104460  44.942  15.158  41.123 0.4000000060
104471  46.074  16.049  37.973 0.3000000119
106718  49.942  18.118  36.328 0.2000000030
105985  49.498  17.456  35.801 0.2000000030
105995  49.014  16.859  35.238 0.2000000030
106726  50.102  18.555  34.937 0.2000000030
106733  49.942  18.358  34.237 0.2000000030
104507  47.357  14.775  33.649 0.3000000119
106007  45.277  16.921  34.371 0.2000000030
91314  47.219  -1.720  59.769 0.3000000119
91301  46.664  -1.173  60.310 0.3000000119
92261  46.294  -0.368  60.579 0.3000000119
92274  45.554  -0.510  59.546 0.3000000119
87921  52.179  -5.070  55.254 0.2000000030
87027  51.570  -5.727  55.651 0.2000000030
148534  46.815  -2.692  58.254 0.3000000119
91328  45.820  -1.860  58.973 0.3000000119
91316  45.593  -1.153  59.313 0.3000000119
92281  45.279  -0.604  58.789 0.3000000119
93850  45.710  1.005  58.921 0.3000000119
89679  52.542  -3.637  55.512 0.2000000030
89666  46.926  -3.195  57.425 0.3000000119
90504  45.407  -2.134  58.315 0.3000000119
91329  45.256  -1.454  58.619 0.3000000119
91330  44.905  -1.187  58.069 0.3000000119
93105  45.382  0.238  58.452 0.3000000119
89685  53.566  -3.383  54.281 0.2000000030
90541  53.898  -2.869  53.503 0.3000000119
91363  53.827  -2.050  52.972 0.3000000119
91365  52.951  -1.544  53.790 0.3000000119
89674  46.554  -3.469  56.568 0.3000000119
89667  46.009  -3.276  57.169 0.3000000119
90525  44.827  -2.802  56.773 0.3000000119
92289  44.701  -1.087  57.368 0.3000000119
93109  45.348  0.283  57.489 0.3000000119
89681  46.147  -3.728  55.772 0.3000000119
89682  45.159  -3.553  55.579 0.3000000119
90526  44.497  -2.583  56.121 0.3000000119
92297  44.553  -1.057  56.581 0.3000000119
93114  45.369  0.355  56.541 0.3000000119
88835  52.690  -4.463  48.525 0.3000000119
90532  44.272  -2.393  55.401 0.3000000119
91355  44.292  -1.688  55.270 0.3000000119
92307  44.492  -1.043  54.829 0.3000000119
87960  53.528  -5.057  47.100 0.3000000119
87988  53.146  -5.876  45.973 0.3000000119
87103  53.192  -6.473  43.313 0.3000000119
87094  52.852  -6.473  44.394 0.3000000119
87114  53.864  -6.250  41.827 0.3000000119
92259  48.089  -0.901  61.096 0.3000000119
92260  47.156  -0.759  60.874 0.3000000119
92240  46.851  -0.170  61.115 0.3000000119
93080  46.439  0.391  60.974 0.3000000119
93832  46.967  1.761  61.482 0.3000000119
94646  47.421  2.752  61.063 0.3000000119
87019  50.780  -6.334  56.165 0.2000000030
86111  52.906  -7.622  57.066 0.2000000030
91313  48.278  -1.638  59.776 0.3000000119
93844  46.341  1.195  60.687 0.3000000119
94647  46.808  2.103  60.529 0.3000000119
94653  47.467  2.834  60.145 0.3000000119
88778  51.403  -4.323  56.080 0.2000000030
87913  51.396  -4.985  55.642 0.2000000030
91348  50.505  -1.712  57.087 0.3000000119
90522  50.083  -2.184  56.622 0.3000000119
90513  48.701  -2.558  57.489 0.3000000119
90514  47.730  -2.729  57.881 0.3000000119
93845  46.363  1.636  59.237 0.3000000119
94667  46.955  2.265  58.759 0.3000000119
91347  50.931  -1.596  56.453 0.3000000119
139892  51.077  -1.942  54.964 0.3000000119
151570  49.416  -2.612  56.088 0.3000000119
90531  48.707  -3.088  55.643 0.3000000119
89673  47.551  -3.311  56.602 0.3000000119
93849  46.361  1.668  58.315 0.3000000119
150305  49.221  3.939  58.774 0.2000000030
136294  53.490  -2.221  55.062 0.3000000119
91343  53.699  -1.015  55.723 0.3000000119
92305  53.324  -0.986  54.986 0.3000000119
91359  52.819  -1.241  54.624 0.3000000119
142950  50.851  -2.309  54.301 0.3000000119
132762  50.017  -2.748  53.908 0.3000000119
89680  47.910  -3.423  55.122 0.3000000119
154596  46.839  -3.795  55.031 0.3000000119
93874  45.823  0.981  56.977 0.3000000119
139451  47.744  2.707  56.943 0.2000000030
92304  53.524  -1.072  55.266 0.3000000119
92295  53.282  -0.702  55.951 0.3000000119
89720  50.707  -3.684  50.810 0.3000000119
89706  48.583  -3.796  52.727 0.3000000119
89697  46.531  -4.151  54.093 0.3000000119
89688  44.876  -3.689  54.726 0.3000000119
141783  44.476  -3.106  55.326 0.3000000119
157416  45.948  1.013  55.528 0.4000000060
93872  46.889  1.882  56.006 0.3000000119
88836  51.799  -4.765  48.714 0.3000000119
88807  49.143  -4.265  51.278 0.3000000119
88808  48.351  -4.521  51.481 0.3000000119
88795  45.886  -4.336  53.253 0.3000000119
90539  44.218  -2.752  54.730 0.3000000119
91361  44.354  -1.413  54.101 0.3000000119
93120  45.431  0.397  54.514 0.4000000060
93116  46.108  1.047  54.906 0.4000000060
150358  51.921  -5.566  47.579 0.3000000119
88827  49.721  -4.936  49.888 0.3000000119
88818  48.608  -4.813  50.788 0.3000000119
88809  47.460  -4.651  51.591 0.3000000119
88812  44.881  -3.997  51.815 0.3000000119
90545  44.164  -2.651  53.317 0.3000000119
92309  44.794  -0.384  54.062 0.4000000060
93119  46.022  1.008  53.948 0.4000000060
87070  52.167  -6.233  46.032 0.3000000119
88821  45.044  -4.149  51.048 0.3000000119
90559  44.197  -2.948  51.695 0.3000000119
92313  44.623  -0.931  52.580 0.3000000119
92312  44.905  -0.215  53.025 0.4000000060
87082  51.320  -6.605  45.518 0.4000000060
87126  52.559  -6.205  41.156 0.4000000060
87115  53.010  -6.402  42.126 0.4000000060
133589  52.177  -6.575  42.952 0.4000000060
87134  53.019  -5.865  40.260 0.3000000119
87125  53.601  -6.065  40.942 0.3000000119
133858  51.751  -5.519  39.221 0.5000000000
87135  52.192  -5.794  40.269 0.4000000060
88030  51.270  -5.700  40.470 0.5000000000
88044  50.655  -5.383  39.765 0.5000000000
148541  48.415  3.423  62.940 0.3000000119
95486  48.242  3.485  62.255 0.3000000119
96347  49.497  4.986  61.563 0.3000000119
87020  49.865  -6.377  56.608 0.2000000030
86119  51.090  -7.245  56.605 0.2000000030
92238  48.505  -0.346  61.786 0.3000000119
93066  48.388  0.269  62.427 0.3000000119
145484  47.873  0.896  62.574 0.3000000119
94637  47.600  2.644  61.934 0.3000000119
95500  48.117  3.485  61.501 0.3000000119
95517  48.172  3.513  60.670 0.3000000119
95498  49.659  4.829  60.753 0.3000000119
87914  50.893  -5.507  55.953 0.2000000030
150031  52.051  -7.313  56.566 0.2000000030
137675  50.011  -1.376  59.184 0.3000000119
92258  49.562  -1.074  60.518 0.3000000119
91299  48.662  -1.254  60.495 0.3000000119
95516  49.059  4.180  60.355 0.3000000119
97173  49.997  5.632  59.956 0.3000000119
91311  50.965  -0.853  59.372 0.3000000119
143199  49.297  -1.403  59.825 0.3000000119
90500  49.154  -2.157  58.138 0.3000000119
94665  48.371  3.376  58.800 0.2000000030
96376  50.165  5.363  59.753 0.2000000030
89663  52.676  -2.567  57.023 0.3000000119
89670  52.854  -2.798  56.002 0.3000000119
137150  51.260  -1.269  57.180 0.3000000119
95536  49.861  4.500  59.251 0.2000000030
97924  50.192  5.866  59.063 0.2000000030
90521  53.371  -1.934  56.636 0.3000000119
91344  53.800  -1.011  56.378 0.3000000119
138517  53.547  -0.734  56.864 0.3000000119
144134  52.801  -0.632  56.645 0.3000000119
95549  49.788  4.293  58.263 0.2000000030
90520  53.591  -1.493  56.100 0.3000000119
95571  49.870  4.131  56.744 0.2000000030
149921  48.833  3.333  55.821 0.4000000060
94701  47.724  2.349  55.038 0.4000000060
95582  48.962  3.310  55.112 0.4000000060
87949  51.341  -5.501  48.135 0.3000000119
87940  50.068  -5.361  49.201 0.3000000119
87951  49.488  -5.946  48.634 0.3000000119
135513  46.747  -4.947  50.832 0.3000000119
135277  45.824  -4.512  50.931 0.3000000119
93893  46.658  1.481  54.289 0.4000000060
94711  47.823  2.304  54.208 0.4000000060
87962  51.374  -6.024  47.357 0.3000000119
87049  49.838  -6.236  47.912 0.4000000060
87943  47.524  -5.733  48.870 0.3000000119
87937  46.653  -5.200  49.915 0.3000000119
89722  44.798  -3.768  50.515 0.3000000119
90575  44.517  -2.552  50.403 0.4000000060
92316  44.739  -0.972  51.721 0.4000000060
93123  46.071  0.974  53.017 0.4000000060
149980  47.528  2.077  52.587 0.4000000060
87071  50.726  -6.587  46.141 0.4000000060
133287  49.911  -6.654  45.935 0.4000000060
87954  46.888  -5.528  48.157 0.4000000060
88838  46.216  -4.916  48.442 0.4000000060
89740  45.185  -3.493  49.025 0.4000000060
91380  45.014  -1.321  50.126 0.4000000060
92319  45.733  0.173  50.802 0.4000000060
93906  47.353  1.858  51.864 0.4000000060
159585  48.086  2.445  52.640 0.5000000000
87127  51.644  -6.098  41.195 0.4000000060
87083  50.318  -6.740  45.173 0.4000000060
87073  48.504  -6.392  46.696 0.4000000060
152497  47.280  -5.749  47.551 0.4000000060
88848  46.056  -4.222  47.936 0.4000000060
91384  45.251  -1.754  49.329 0.4000000060
92325  45.550  -0.837  49.663 0.4000000060
134124  46.843  1.253  50.779 0.4000000060
94731  47.954  2.357  52.006 0.5000000000
133284  51.242  -6.406  42.754 0.4000000060
87106  50.500  -6.406  43.320 0.4000000060
88045  49.792  -5.194  40.511 0.5000000000
86091  48.600  -7.831  58.860 0.2000000030
85169  49.374  -8.221  59.106 0.1000000015
95480  48.788  3.893  63.627 0.3000000119
96341  49.317  4.947  62.919 0.3000000119
97161  49.310  5.065  62.336 0.3000000119
88776  48.758  -5.050  57.912 0.2000000030
86114  48.477  -6.608  57.759 0.2000000030
152421  49.139  -7.258  57.553 0.2000000030
85181  51.063  -8.346  58.762 0.1000000015
93056  50.454  1.047  63.680 0.3000000119
153452  49.493  1.158  63.534 0.3000000119
94615  48.981  2.720  64.089 0.3000000119
95485  48.990  4.432  62.448 0.3000000119
97167  49.533  5.302  60.820 0.3000000119
97175  48.579  5.594  60.410 0.3000000119
88775  49.356  -4.929  57.414 0.3000000119
87911  48.824  -5.756  57.480 0.2000000030
86113  50.153  -7.466  57.193 0.2000000030
86101  51.593  -8.188  58.032 0.1000000015
92227  50.402  -0.225  62.097 0.3000000119
92228  49.265  -0.013  62.431 0.3000000119
93819  48.148  1.668  63.050 0.3000000119
94626  48.441  2.643  63.389 0.3000000119
96355  49.683  5.165  60.785 0.3000000119
97174  49.229  5.716  60.193 0.3000000119
88774  51.053  -3.944  56.885 0.3000000119
88767  50.213  -4.198  57.521 0.3000000119
92257  51.380  -0.633  60.216 0.3000000119
155146  51.431  -0.243  61.663 0.3000000119
151545  49.545  -0.450  61.717 0.3000000119
133054  49.128  -0.816  61.127 0.3000000119
97186  49.057  5.921  59.698 0.2000000030
89664  51.841  -3.105  57.412 0.3000000119
89671  52.039  -3.538  56.320 0.3000000119
97185  49.862  5.892  59.558 0.2000000030
97205  48.439  5.700  58.364 0.2000000030
91336  51.523  -0.852  57.997 0.3000000119
96383  50.518  5.391  58.853 0.2000000030
97203  49.294  6.046  58.260 0.2000000030
97216  48.202  5.626  57.141 0.2000000030
92285  53.676  -0.851  57.756 0.3000000119
92286  53.068  -0.571  57.438 0.3000000119
97202  50.934  5.861  58.145 0.3000000119
97935  50.600  6.145  58.101 0.3000000119
96401  51.515  5.522  57.153 0.4000000060
95570  50.503  4.379  56.270 0.4000000060
96414  51.649  4.941  55.886 0.6000000238
96424  51.144  4.501  55.183 0.5000000000
95587  50.476  4.072  54.530 0.5000000000
150117  49.796  3.511  53.045 0.5000000000
94730  48.584  2.677  52.260 0.6000000238
95609  49.751  3.401  52.158 0.6000000238
87128  51.063  -6.228  41.895 0.4000000060
87084  49.313  -6.568  45.435 0.4000000060
87989  48.000  -5.907  45.438 0.4000000060
88861  46.869  -4.368  46.536 0.4000000060
90580  46.067  -2.442  47.878 0.4000000060
92330  45.809  -1.096  49.014 0.4000000060
93137  46.531  0.382  49.551 0.4000000060
93910  47.593  1.750  50.448 0.5000000000
94739  48.337  2.312  50.680 0.6000000238
95608  50.533  3.862  52.577 0.6000000238
158629  50.939  -5.920  41.246 0.4000000060
87116  50.377  -6.160  42.494 0.4000000060
133859  49.822  -6.398  43.708 0.4000000060
88860  47.236  -4.538  45.879 0.4000000060
89750  46.789  -3.515  46.839 0.4000000060
91390  46.719  -1.873  47.385 0.4000000060
93136  47.162  0.802  49.122 0.5000000000
93912  48.195  2.071  49.972 0.6000000238
87117  49.698  -6.144  43.042 0.4000000060
88031  50.445  -5.557  40.882 0.5000000000
147351  49.658  -5.425  41.356 0.5000000000
88762  47.564  -4.954  59.662 0.2000000030
87002  47.209  -6.638  59.106 0.2000000030
86092  47.137  -7.238  59.418 0.2000000030
152665  47.562  -6.068  58.689 0.2000000030
86105  47.578  -7.105  58.804 0.2000000030
85159  48.611  -8.127  59.724 0.2000000030
94588  50.967  3.112  65.804 0.3000000119
95469  50.259  3.733  65.544 0.3000000119
95458  50.164  4.538  65.453 0.3000000119
95470  49.758  4.343  64.979 0.3000000119
95479  49.422  4.720  64.098 0.3000000119
97153  49.381  5.053  63.619 0.3000000119
97154  48.914  5.333  63.106 0.3000000119
97163  48.099  5.422  61.933 0.3000000119
88761  49.125  -4.055  59.228 0.3000000119
87905  48.147  -5.750  58.152 0.2000000030
87009  47.823  -6.637  58.425 0.2000000030
93802  51.489  1.508  64.631 0.3000000119
93055  51.624  0.737  63.662 0.3000000119
94602  50.601  2.620  65.202 0.3000000119
94614  49.708  2.677  64.661 0.3000000119
148299  49.300  3.672  64.529 0.3000000119
97170  47.560  5.297  60.813 0.3000000119
88768  49.432  -4.301  58.315 0.3000000119
93064  52.189  0.193  62.626 0.3000000119
148908  51.234  0.452  63.100 0.3000000119
97176  47.766  5.389  59.954 0.3000000119
96378  46.815  4.809  59.630 0.3000000119
89665  51.053  -3.402  57.907 0.3000000119
89656  50.357  -3.562  58.512 0.3000000119
93076  52.460  -0.180  61.770 0.3000000119
92237  51.944  -0.386  61.003 0.3000000119
96385  47.397  4.979  58.466 0.2000000030
96386  46.503  4.563  58.142 0.3000000119
90511  52.554  -2.386  58.064 0.3000000119
92236  52.861  -0.414  61.003 0.3000000119
92256  52.390  -0.515  60.390 0.3000000119
96393  47.142  4.878  57.780 0.2000000030
92278  53.675  -0.940  58.634 0.3000000119
92255  53.045  -0.652  60.204 0.3000000119
160492  53.260  -0.722  59.244 0.3000000119
97215  48.767  5.869  57.258 0.2000000030
96416  46.586  4.915  56.109 0.2000000030
96394  46.252  4.485  57.365 0.2000000030
92279  53.206  -0.652  58.264 0.3000000119
136499  50.451  6.446  56.412 0.5000000000
97959  48.889  6.054  56.271 0.3000000119
97956  52.039  6.387  56.212 0.6000000238
96413  52.435  5.383  55.806 0.6000000238
96423  51.926  4.850  55.058 0.6000000238
96422  52.802  5.142  54.925 0.6000000238
96433  51.301  4.413  54.291 0.6000000238
96444  51.540  4.373  53.186 0.6000000238
95620  49.634  3.249  51.412 0.6000000238
95619  50.420  3.673  51.499 0.6000000238
87884  46.927  -5.531  59.993 0.2000000030
87885  46.300  -6.272  60.373 0.2000000030
138805  48.323  -4.488  59.427 0.2000000030
87003  46.624  -6.839  59.798 0.2000000030
86093  46.679  -7.338  60.202 0.2000000030
89634  48.884  -3.769  60.048 0.3000000119
94587  51.478  2.660  65.903 0.3000000119
95442  51.328  3.774  66.747 0.3000000119
96320  50.510  4.620  65.990 0.3000000119
97127  50.316  5.048  66.122 0.3000000119
97128  49.776  5.230  65.584 0.3000000119
148410  48.337  5.572  64.840 0.3000000119
97155  48.202  5.569  63.892 0.3000000119
97156  46.871  5.415  62.903 0.3000000119
97164  46.028  5.151  62.476 0.3000000119
93047  52.102  0.730  64.277 0.3000000119
94600  51.716  1.997  65.414 0.3000000119
94601  51.449  2.199  65.339 0.3000000119
133545  47.237  5.314  61.735 0.3000000119
96357  46.413  5.001  61.454 0.3000000119
93807  52.040  0.736  63.924 0.3000000119
96364  46.697  4.899  60.501 0.3000000119
139597  45.858  4.455  60.169 0.3000000119
96380  45.177  3.985  59.801 0.3000000119
137822  51.788  -2.805  58.284 0.3000000119
89655  51.270  -2.935  58.884 0.3000000119
93063  52.856  -0.074  62.127 0.3000000119
95551  45.700  4.156  58.498 0.2000000030
95552  44.834  3.604  58.565 0.2000000030
95553  44.157  3.262  58.815 0.2000000030
90485  52.344  -2.310  59.105 0.3000000119
91298  53.428  -1.081  60.676 0.3000000119
93075  53.070  -0.351  61.513 0.3000000119
95563  45.732  4.190  57.756 0.2000000030
95574  44.438  3.470  57.045 0.2000000030
94681  43.197  2.675  57.798 0.2000000030
90483  53.496  -1.197  59.079 0.3000000119
91324  53.672  -0.991  58.899 0.3000000119
97960  48.361  5.994  55.755 0.3000000119
97236  47.637  5.745  55.458 0.2000000030
96404  45.985  4.480  56.520 0.2000000030
95583  44.628  3.701  56.235 0.2000000030
94702  43.191  2.821  56.008 0.2000000030
94692  42.793  2.531  56.946 0.2000000030
90499  53.131  -1.641  58.674 0.3000000119
90498  53.685  -1.101  58.175 0.3000000119
97970  50.962  6.613  55.044 0.5000000000
133269  49.440  6.499  55.118 0.4000000060
97984  47.073  5.986  53.929 0.3000000119
91335  53.824  -0.924  57.267 0.3000000119
133268  51.359  6.589  53.612 0.5000000000
97979  53.539  6.441  54.655 0.6000000238
96421  53.640  5.425  54.691 0.6000000238
96431  53.242  4.885  54.128 0.6000000238
96443  52.737  4.574  53.336 0.6000000238
142934  46.054  -7.400  63.195 0.2000000030
86985  45.811  -6.802  61.172 0.2000000030
86079  46.536  -7.614  61.674 0.2000000030
88753  47.346  -4.688  60.423 0.2000000030
89633  49.517  -3.296  60.669 0.3000000119
88752  48.085  -4.232  60.206 0.2000000030
94572  51.704  2.697  66.636 0.3000000119
95441  51.622  3.313  66.985 0.3000000119
96296  51.109  4.515  67.409 0.3000000119
97112  50.374  5.280  66.872 0.3000000119
97885  49.276  5.580  66.880 0.3000000119
97898  48.429  5.614  65.888 0.3000000119
97130  47.593  5.580  65.533 0.3000000119
133610  46.228  5.492  64.944 0.3000000119
159818  45.668  5.251  63.374 0.3000000119
89657  49.810  -3.632  59.071 0.3000000119
93795  51.990  1.461  65.768 0.3000000119
93770  51.876  2.109  66.522 0.3000000119
96348  44.817  4.891  63.296 0.3000000119
96358  44.643  4.306  61.695 0.3000000119
89643  50.526  -2.811  60.292 0.3000000119
93046  52.502  0.145  63.939 0.3000000119
93032  52.134  0.727  65.770 0.3000000119
96365  45.653  4.544  61.102 0.3000000119
95518  44.359  3.633  60.227 0.3000000119
96367  44.054  3.831  61.239 0.3000000119
89642  51.558  -2.489  59.935 0.3000000119
93053  52.955  -0.155  62.590 0.3000000119
95541  43.718  3.183  59.622 0.2000000030
94655  42.850  2.745  59.477 0.2000000030
139226  42.041  2.547  59.394 0.2000000030
150118  52.497  -1.935  59.982 0.3000000119
92226  53.142  -0.413  61.899 0.3000000119
94669  42.560  2.498  58.554 0.2000000030
94683  42.066  2.133  57.121 0.2000000030
93862  41.352  1.748  57.403 0.2000000030
90484  53.039  -1.514  59.567 0.3000000119
90473  52.984  -1.446  60.344 0.3000000119
136007  46.089  5.563  53.888 0.3000000119
96425  45.038  4.608  54.721 0.2000000030
156410  43.924  3.515  55.473 0.2000000030
94693  42.186  2.324  56.138 0.2000000030
93876  40.889  1.608  56.659 0.2000000030
97991  51.969  6.581  52.991 0.6000000238
97992  49.390  6.576  52.997 0.5000000000
97983  48.024  6.313  54.058 0.4000000060
97238  45.107  5.043  53.880 0.3000000119
156817  43.568  3.601  54.662 0.2000000030
94712  42.085  2.643  54.707 0.2000000030
93885  41.355  1.894  55.885 0.2000000030
93886  40.356  1.571  55.780 0.2000000030
135072  53.525  6.543  53.958 0.6000000238
96434  44.206  4.554  53.662 0.3000000119
95599  42.893  3.658  53.506 0.2000000030
95592  42.084  2.808  54.181 0.2000000030
94722  41.122  2.531  53.651 0.2000000030
87875  45.540  -6.296  61.860 0.2000000030
86975  45.532  -6.781  62.349 0.2000000030
86045  46.200  -7.412  63.751 0.2000000030
88754  46.610  -5.163  60.779 0.2000000030
87874  45.922  -5.749  61.273 0.2000000030
89624  47.923  -3.730  61.448 0.2000000030
90464  50.484  -2.550  61.856 0.3000000119
89623  49.456  -3.005  61.519 0.2000000030
133370  48.632  -3.621  60.913 0.2000000030
93006  51.343  1.069  67.851 0.3000000119
155984  51.506  2.311  68.057 0.3000000119
142560  51.318  2.897  68.238 0.3000000119
150153  50.408  4.080  68.596 0.3000000119
150259  49.194  4.245  68.345 0.3000000119
159637  49.984  -3.092  60.507 0.3000000119
90452  50.732  -2.409  62.622 0.2000000030
90408  51.319  -1.278  65.212 0.3000000119
156673  51.691  0.480  66.964 0.3000000119
95418  51.479  3.461  67.988 0.3000000119
96287  50.796  4.502  68.115 0.3000000119
97098  50.294  5.333  67.509 0.3000000119
97091  49.150  5.372  67.787 0.3000000119
148303  47.690  5.112  67.332 0.3000000119
97114  47.573  5.392  66.692 0.3000000119
97131  46.227  5.363  65.835 0.3000000119
97147  45.172  5.323  64.827 0.3000000119
97158  44.022  4.802  64.142 0.3000000119
90463  51.120  -2.393  61.469 0.3000000119
141301  51.405  -2.118  62.849 0.3000000119
156099  51.821  -1.246  64.586 0.3000000119
93033  51.944  0.592  66.516 0.3000000119
93771  51.867  1.935  67.129 0.3000000119
139622  44.234  4.525  62.745 0.3000000119
90475  51.306  -2.426  60.834 0.3000000119
90451  51.481  -2.145  62.119 0.3000000119
91268  52.337  -0.930  64.289 0.3000000119
146521  52.508  0.025  64.476 0.3000000119
96349  43.249  4.497  63.204 0.3000000119
96360  42.670  4.270  62.666 0.2000000030
96350  42.349  4.505  63.544 0.3000000119
90462  51.941  -2.066  61.378 0.3000000119
90461  52.782  -1.540  61.109 0.3000000119
92220  53.030  -0.473  62.964 0.3000000119
95520  42.554  3.416  61.089 0.2000000030
95521  41.631  3.464  61.451 0.2000000030
94649  41.130  3.119  60.829 0.2000000030
160461  40.410  3.312  61.140 0.2000000030
94650  39.761  3.289  61.042 0.2000000030
91288  53.377  -0.800  61.878 0.3000000119
94656  41.432  2.653  60.030 0.2000000030
133491  41.302  2.273  59.200 0.2000000030
93852  40.068  1.692  58.500 0.2000000030
151785  39.627  1.949  59.277 0.2000000030
93853  39.257  1.653  58.675 0.2000000030
93877  39.959  1.454  56.818 0.2000000030
145991  39.084  1.433  57.095 0.2000000030
140439  38.791  1.517  57.965 0.2000000030
134837  51.318  6.592  49.866 0.6999999881
98004  49.533  6.506  51.510 0.5000000000
133443  47.390  6.254  53.123 0.4000000060
97249  45.713  5.710  52.293 0.4000000060
94705  41.050  1.934  55.013 0.2000000030
93894  40.175  1.694  54.778 0.2000000030
150626  39.212  1.414  56.121 0.2000000030
143255  38.240  1.384  56.019 0.3000000119
98035  50.559  6.533  49.720 0.6999999881
133260  49.082  6.337  50.465 0.6000000238
133258  47.036  5.963  50.662 0.5000000000
98008  45.919  5.749  51.554 0.4000000060
147724  44.871  5.473  52.246 0.3000000119
96446  43.196  4.571  52.288 0.3000000119
138985  41.459  3.412  52.602 0.3000000119
94723  40.362  2.495  53.293 0.4000000060
94714  40.716  2.140  54.159 0.2000000030
133259  48.003  6.184  50.366 0.6000000238
153656  46.479  5.826  50.069 0.5000000000
147787  44.382  5.462  51.437 0.3000000119
97257  43.262  5.087  51.445 0.3000000119
86046  45.679  -7.151  63.741 0.2000000030
86030  46.006  -7.346  64.434 0.2000000030
88745  46.383  -4.712  61.737 0.2000000030
87863  45.654  -5.413  62.115 0.2000000030
149813  41.919  -5.849  68.411 0.1000000015
87823  41.750  -5.908  67.661 0.1000000015
144036  47.207  -4.343  61.186 0.2000000030
89567  42.641  -3.581  67.847 0.1000000015
88694  42.159  -4.294  67.881 0.1000000015
88703  42.228  -4.447  66.784 0.1000000015
88713  42.225  -4.408  65.784 0.1000000015
88704  41.876  -5.108  66.244 0.1000000015
88714  41.711  -4.896  65.206 0.1000000015
87860  40.588  -5.781  64.019 0.1000000015
157701  40.648  -5.508  63.245 0.1000000015
145594  39.821  -5.776  62.254 0.1000000015
87877  38.569  -6.179  61.692 0.1000000015
87878  37.810  -6.043  60.984 0.2000000030
90415  43.631  -2.660  67.824 0.1000000015
89594  43.486  -2.822  66.293 0.1000000015
89602  43.208  -3.116  65.271 0.1000000015
146159  42.612  -3.769  65.465 0.1000000015
89603  42.628  -3.610  64.504 0.1000000015
89610  42.538  -3.476  63.539 0.1000000015
88726  41.571  -4.540  63.349 0.1000000015
88735  41.427  -4.365  62.491 0.1000000015
88747  40.580  -4.496  61.231 0.1000000015
87886  39.448  -5.247  60.887 0.1000000015
88757  38.457  -4.630  59.947 0.1000000015
87898  37.454  -4.753  59.796 0.2000000030
89614  48.926  -2.970  62.271 0.2000000030
92186  51.077  -0.317  67.103 0.3000000119
158759  51.004  0.576  67.975 0.3000000119
94548  51.059  2.163  68.466 0.3000000119
94549  50.867  2.740  68.653 0.3000000119
90425  44.192  -2.272  66.319 0.1000000015
138304  43.771  -2.543  65.579 0.1000000015
90437  43.689  -2.493  64.671 0.1000000015
90447  43.605  -2.391  63.653 0.1000000015
90455  43.485  -2.262  62.706 0.1000000015
89625  42.314  -3.099  61.662 0.1000000015
89626  41.623  -3.457  61.227 0.1000000015
89636  40.531  -3.269  60.211 0.1000000015
89637  39.715  -3.675  59.931 0.1000000015
89646  39.243  -3.171  59.561 0.1000000015
89648  37.523  -3.353  59.461 0.2000000030
138673  50.143  -2.534  63.055 0.2000000030
90433  50.620  -2.160  64.207 0.3000000119
91237  51.242  -0.674  66.343 0.3000000119
91225  50.505  -0.515  67.537 0.3000000119
93746  50.756  1.458  68.529 0.3000000119
94540  50.235  1.594  68.766 0.3000000119
95421  49.801  3.521  68.775 0.3000000119
95422  48.909  3.340  68.302 0.3000000119
149661  48.359  4.167  67.932 0.3000000119
96299  47.250  4.849  67.149 0.3000000119
97116  45.821  5.056  66.041 0.3000000119
91276  44.782  -1.058  63.574 0.1000000015
91284  44.379  -1.085  62.757 0.1000000015
92230  44.126  -0.567  62.234 0.1000000015
92241  43.506  -0.698  61.638 0.1000000015
92263  41.975  -0.872  60.688 0.1000000015
157742  40.290  -1.229  60.242 0.1000000015
91317  39.977  -1.788  59.886 0.1000000015
91319  38.216  -1.796  59.765 0.1000000015
91320  37.288  -1.945  59.788 0.1000000015
95446  44.871  4.416  65.707 0.3000000119
97133  44.815  5.066  65.221 0.3000000119
97149  43.507  4.611  64.448 0.3000000119
145909  44.175  0.361  62.418 0.1000000015
93070  42.337  1.168  62.261 0.1000000015
93084  40.946  0.631  61.751 0.1000000015
153479  39.518  0.759  61.784 0.1000000015
92245  39.754  0.144  61.266 0.1000000015
93086  37.296  0.985  61.532 0.1000000015
93096  37.662  0.127  60.999 0.1000000015
93098  35.898  0.210  61.101 0.1000000015
143298  42.973  4.660  63.740 0.3000000119
96342  42.183  4.543  64.050 0.3000000119
96335  42.118  4.308  64.418 0.2000000030
95472  41.765  3.847  64.705 0.2000000030
93814  41.109  2.231  63.708 0.1000000015
93825  40.851  1.744  63.114 0.1000000015
143435  39.213  2.005  62.935 0.1000000015
93827  38.324  2.301  62.825 0.1000000015
93828  37.430  2.680  62.674 0.1000000015
148172  36.216  2.195  62.228 0.1000000015
93087  36.302  1.229  61.630 0.1000000015
141372  35.577  2.062  62.077 0.2000000030
95488  40.972  4.337  63.063 0.2000000030
96353  40.000  4.270  63.498 0.2000000030
95490  39.370  4.210  63.009 0.2000000030
95491  38.671  3.887  63.005 0.2000000030
95492  37.994  3.450  62.673 0.2000000030
95507  37.495  3.490  62.116 0.1000000015
95508  36.583  3.479  62.017 0.1000000015
95509  35.843  3.437  61.973 0.2000000030
132841  35.161  3.505  61.395 0.2000000030
94659  38.575  2.746  60.271 0.2000000030
148974  37.326  2.317  59.289 0.2000000030
94661  36.757  2.843  59.890 0.1000000015
94662  35.911  2.944  59.488 0.1000000015
138262  35.227  3.071  58.999 0.2000000030
93865  37.478  1.543  57.387 0.1000000015
93866  36.587  1.741  57.299 0.2000000030
94684  35.434  2.522  57.611 0.2000000030
95554  34.915  2.964  58.174 0.2000000030
94715  39.850  1.931  53.951 0.2000000030
93896  38.562  1.713  54.473 0.3000000119
93889  37.682  1.556  55.457 0.3000000119
93890  36.904  1.650  55.791 0.3000000119
96459  41.977  4.505  51.455 0.3000000119
95621  40.870  3.787  51.808 0.4000000060
94732  39.737  2.733  52.713 0.3000000119
94716  38.087  2.029  54.025 0.4000000060
94717  37.282  2.211  54.273 0.4000000060
98018  48.681  6.307  49.452 0.6000000238
98037  47.214  6.298  48.887 0.5000000000
98039  45.597  6.261  48.895 0.4000000060
98021  44.702  5.807  49.940 0.3000000119
152215  43.703  5.426  50.954 0.3000000119
97258  42.410  4.958  51.013 0.3000000119
84145  37.868  -10.030  70.024 0.1000000015
84147  36.164  -9.996  69.763 0.1000000015
84148  35.235  -9.795  69.825 0.1000000015
83202  37.628  -10.537  69.591 0.1000000015
83203  36.812  -10.592  69.436 0.1000000015
149081  36.113  -10.699  69.231 0.1000000015
84163  34.016  -10.226  69.175 0.1000000015
84164  33.176  -10.011  68.763 0.1000000015
82281  36.325  -12.159  67.633 0.1000000015
82270  36.008  -11.684  68.199 0.1000000015
82271  35.178  -11.655  68.082 0.1000000015
83217  33.193  -10.632  67.935 0.1000000015
84165  32.475  -9.582  68.660 0.1000000015
84166  31.867  -9.391  68.220 0.1000000015
79266  38.696  -14.290  65.732 0.1000000015
80277  37.854  -13.378  66.592 0.1000000015
81289  35.875  -12.297  66.894 0.1000000015
82282  34.942  -11.969  67.233 0.1000000015
82283  34.093  -11.568  67.231 0.1000000015
83233  32.263  -10.095  67.057 0.1000000015
84181  31.797  -9.634  67.351 0.1000000015
134158  38.853  -13.917  64.922 0.1000000015
81303  37.327  -12.748  65.192 0.1000000015
81304  36.688  -12.450  65.574 0.1000000015
82294  35.248  -11.967  66.288 0.1000000015
82295  34.477  -11.667  66.477 0.1000000015
83268  32.982  -10.363  65.759 0.1000000015
84195  31.991  -9.726  66.452 0.1000000015
84174  49.402  -9.123  67.789 0.2000000030
80304  40.174  -13.349  63.837 0.1000000015
81315  37.669  -12.363  64.365 0.1000000015
81316  36.958  -12.149  64.728 0.2000000030
83265  35.139  -11.099  64.902 0.2000000030
83284  34.056  -10.232  64.860 0.2000000030
84205  33.263  -10.052  65.075 0.1000000015
84206  32.482  -9.730  65.519 0.1000000015
85069  45.772  -8.208  69.110 0.2000000030
84161  45.646  -9.516  68.560 0.2000000030
82328  40.406  -11.630  63.582 0.1000000015
82329  39.551  -11.793  63.492 0.1000000015
82331  37.932  -11.174  63.651 0.2000000030
83282  35.655  -10.404  64.516 0.2000000030
83283  34.861  -10.310  64.682 0.2000000030
84217  33.805  -9.518  64.504 0.1000000015
84218  32.948  -9.330  64.638 0.1000000015
87864  45.255  -6.063  62.623 0.2000000030
86963  45.370  -6.668  63.189 0.2000000030
132984  46.583  -7.282  65.067 0.2000000030
86899  44.657  -6.860  68.816 0.2000000030
85070  45.015  -7.986  68.986 0.2000000030
85081  45.312  -8.705  68.815 0.2000000030
85082  44.499  -8.325  68.699 0.2000000030
83277  40.529  -10.562  63.735 0.1000000015
84211  40.542  -9.569  64.232 0.1000000015
84213  38.413  -9.170  64.156 0.2000000030
85127  37.025  -8.695  64.113 0.2000000030
85129  35.116  -8.614  63.929 0.2000000030
85136  34.277  -8.589  63.685 0.2000000030
85137  33.476  -8.362  63.598 0.2000000030
86911  44.735  -6.270  68.413 0.2000000030
87810  44.305  -5.839  69.234 0.2000000030
86900  43.841  -6.472  69.261 0.2000000030
85083  43.515  -7.899  68.494 0.2000000030
142870  42.687  -7.756  67.940 0.1000000015
86011  42.039  -7.541  67.312 0.1000000015
86012  41.440  -7.203  66.789 0.1000000015
85108  41.023  -7.728  65.949 0.1000000015
86024  39.549  -7.518  65.190 0.1000000015
156476  39.477  -7.936  65.075 0.1000000015
86033  38.426  -7.741  64.461 0.2000000030
86048  37.232  -7.822  63.622 0.2000000030
152056  35.525  -7.955  62.849 0.2000000030
143111  34.638  -7.711  62.434 0.2000000030
87809  44.711  -5.257  68.763 0.2000000030
88683  44.102  -4.840  69.350 0.2000000030
87812  42.363  -5.517  69.008 0.1000000015
86912  42.173  -6.348  68.712 0.1000000015
87837  40.890  -6.400  66.022 0.1000000015
87855  40.612  -6.031  65.040 0.1000000015
86964  39.981  -6.397  64.433 0.1000000015
86954  39.413  -6.944  64.900 0.1000000015
86966  38.484  -6.985  63.617 0.2000000030
86978  37.421  -6.925  62.280 0.2000000030
86979  36.457  -7.093  61.928 0.2000000030
86066  35.540  -7.396  62.150 0.2000000030
89549  44.777  -3.091  68.711 0.2000000030
89565  43.826  -2.994  68.661 0.2000000030
87899  36.681  -5.126  59.895 0.2000000030
87890  35.316  -5.309  60.300 0.2000000030
134976  48.058  -3.374  62.195 0.2000000030
90454  49.332  -2.689  63.042 0.2000000030
90434  49.817  -2.281  64.755 0.2000000030
90422  49.724  -2.043  65.570 0.2000000030
90394  49.747  -1.501  66.720 0.2000000030
90374  49.400  -1.413  67.284 0.2000000030
152916  49.800  -0.271  68.345 0.2000000030
92995  49.441  0.208  68.508 0.2000000030
90414  44.181  -2.224  67.332 0.2000000030
91260  44.873  -1.647  65.858 0.1000000015
91261  44.314  -2.077  65.246 0.1000000015
90493  36.297  -2.964  59.680 0.2000000030
89650  35.905  -3.628  59.812 0.2000000030
90445  49.859  -2.510  63.835 0.3000000119
159997  50.414  -1.734  65.431 0.3000000119
90410  50.095  -1.660  66.041 0.3000000119
91239  50.066  -1.087  67.251 0.3000000119
92173  50.305  -0.136  68.147 0.3000000119
92994  49.985  0.533  68.554 0.3000000119
93749  49.328  0.671  68.535 0.3000000119
94560  48.621  2.345  68.067 0.3000000119
95430  48.141  3.242  67.714 0.3000000119
95443  46.960  3.629  66.778 0.3000000119
96309  46.441  4.852  66.599 0.3000000119
92221  45.728  0.196  63.925 0.1000000015
90478  36.328  -2.168  59.943 0.2000000030
90479  35.726  -2.832  60.038 0.2000000030
139494  47.568  3.167  67.190 0.3000000119
95445  45.400  4.188  66.013 0.3000000119
95459  44.987  3.830  65.642 0.3000000119
96322  44.302  4.619  65.196 0.3000000119
93058  45.917  1.103  64.121 0.1000000015
93059  45.274  0.815  63.507 0.1000000015
92229  44.663  -0.342  62.841 0.1000000015
93089  34.429  0.750  61.491 0.2000000030
91309  35.165  -1.383  60.721 0.2000000030
94590  45.456  3.117  65.577 0.3000000119
94591  44.589  3.396  65.332 0.3000000119
94606  43.297  3.253  64.744 0.2000000030
93812  43.354  2.068  63.604 0.1000000015
93068  44.737  0.600  62.978 0.1000000015
94638  34.975  3.191  61.897 0.2000000030
135934  35.231  3.637  60.726 0.2000000030
95528  34.397  3.726  60.670 0.2000000030
95510  34.230  3.479  61.288 0.2000000030
134988  34.577  3.413  58.949 0.2000000030
95547  33.710  4.015  59.852 0.2000000030
94694  36.184  1.966  56.382 0.3000000119
95566  34.840  3.024  57.253 0.2000000030
94718  36.403  2.568  54.559 0.3000000119
139627  35.670  2.664  55.880 0.3000000119
95575  35.135  3.369  56.304 0.3000000119
97259  41.549  4.927  50.788 0.3000000119
96461  40.352  4.338  51.217 0.4000000060
95614  38.563  3.317  52.195 0.3000000119
155747  37.575  2.442  53.664 0.4000000060
94727  36.221  3.115  53.971 0.3000000119
98728  50.243  7.176  48.544 0.6999999881
98730  48.637  7.090  48.089 0.6000000238
98060  46.809  6.946  47.914 0.5000000000
98054  44.778  6.463  48.692 0.4000000060
141161  43.699  6.299  49.179 0.4000000060
98023  42.620  5.787  49.889 0.3000000119
146890  41.029  5.596  50.122 0.4000000060
97269  40.080  5.462  50.237 0.4000000060
133114  49.728  7.934  47.975 0.6999999881
149864  36.298  -8.058  71.568 0.1000000015
85049  35.052  -8.190  71.301 0.1000000015
85054  37.261  -8.832  70.876 0.1000000015
85055  36.307  -8.648  70.949 0.1000000015
85050  34.128  -8.081  71.348 0.1000000015
82258  39.814  -11.175  69.188 0.1000000015
84135  35.780  -9.244  70.325 0.1000000015
84136  34.903  -9.176  70.304 0.1000000015
84137  34.060  -9.105  70.229 0.1000000015
85059  32.814  -8.439  70.469 0.1000000015
80283  49.371  -14.244  64.347 0.1000000015
80253  41.058  -13.015  68.835 0.1000000015
81277  40.324  -12.755  68.629 0.1000000015
82268  38.478  -11.666  68.619 0.1000000015
82269  37.493  -11.642  68.549 0.1000000015
85071  33.243  -8.944  70.009 0.1000000015
85084  32.086  -9.114  69.053 0.1000000015
81308  50.718  -12.765  63.597 0.1000000015
81321  51.012  -11.724  63.593 0.1000000015
80269  39.189  -14.023  68.085 0.1000000015
80271  38.146  -13.399  67.226 0.1000000015
82280  37.109  -12.270  67.814 0.1000000015
85085  31.401  -8.794  68.642 0.1000000015
79254  38.896  -14.854  66.585 0.1000000015
80276  38.477  -13.987  66.772 0.1000000015
85096  30.543  -8.360  67.443 0.1000000015
149667  47.908  -9.202  69.448 0.2000000030
79275  40.540  -14.920  64.258 0.1000000015
138910  39.986  -14.314  64.310 0.1000000015
85109  30.841  -8.735  66.861 0.1000000015
84192  49.703  -9.085  66.740 0.2000000030
83211  46.500  -9.957  68.220 0.2000000030
83246  46.504  -10.280  67.046 0.2000000030
83259  46.296  -10.404  65.934 0.2000000030
83274  46.429  -10.299  64.625 0.2000000030
139533  42.972  -12.774  63.188 0.1000000015
80293  41.591  -13.502  63.602 0.1000000015
141775  41.141  -13.097  63.757 0.1000000015
85133  31.245  -8.046  65.197 0.1000000015
86038  30.741  -6.868  64.605 0.1000000015
85973  49.218  -7.825  69.207 0.2000000030
85068  46.557  -8.364  69.343 0.2000000030
83230  45.849  -10.258  67.705 0.2000000030
160310  45.940  -10.523  66.595 0.2000000030
82313  44.802  -11.062  64.386 0.2000000030
82327  45.018  -11.227  63.124 0.2000000030
81309  44.108  -11.580  63.844 0.2000000030
82315  42.554  -11.872  64.559 0.1000000015
81311  41.911  -12.447  63.954 0.1000000015
134314  31.844  -8.112  64.616 0.1000000015
86898  45.464  -7.015  68.483 0.2000000030
85977  45.484  -7.717  69.056 0.2000000030
84162  44.909  -9.157  68.331 0.2000000030
84177  45.303  -9.897  67.837 0.2000000030
83248  44.630  -10.492  66.312 0.2000000030
83261  44.602  -10.809  65.932 0.2000000030
82303  43.507  -11.338  65.400 0.1000000015
158262  42.362  -11.469  64.904 0.1000000015
82316  41.893  -11.071  64.733 0.1000000015
150812  40.821  -9.063  64.689 0.1000000015
86053  32.323  -7.414  63.495 0.2000000030
86037  31.506  -7.208  64.070 0.1000000015
86925  47.498  -7.081  66.933 0.2000000030
86895  48.824  -7.088  68.524 0.2000000030
86928  44.869  -6.263  67.469 0.2000000030
84179  43.960  -9.220  67.261 0.2000000030
141072  43.824  -9.689  66.632 0.2000000030
83250  43.260  -9.868  66.181 0.1000000015
84194  42.545  -8.955  66.229 0.1000000015
84210  41.329  -9.447  64.735 0.1000000015
86980  33.982  -7.083  61.923 0.2000000030
86968  32.222  -6.655  63.031 0.1000000015
88732  46.545  -4.138  62.601 0.2000000030
88733  45.876  -4.403  63.205 0.2000000030
87858  45.035  -5.872  63.500 0.2000000030
88692  45.030  -4.534  68.061 0.2000000030
88682  44.758  -4.471  68.920 0.2000000030
86991  33.466  -6.232  61.786 0.2000000030
86981  33.257  -6.945  62.341 0.2000000030
88744  47.221  -3.912  61.980 0.2000000030
89582  45.452  -3.989  67.033 0.2000000030
89564  45.554  -3.568  67.994 0.2000000030
89548  45.594  -3.234  68.667 0.2000000030
158766  44.880  -2.544  68.659 0.2000000030
86998  34.698  -5.896  60.817 0.2000000030
89615  48.289  -2.926  63.095 0.2000000030
156393  47.382  -3.185  63.731 0.2000000030
136203  49.021  -2.370  65.398 0.2000000030
90412  48.522  -2.223  66.557 0.2000000030
90375  48.685  -1.588  67.581 0.2000000030
91211  49.156  -0.768  68.372 0.2000000030
89547  46.202  -2.814  68.733 0.2000000030
91227  46.370  -1.731  68.534 0.2000000030
91242  44.739  -1.865  67.691 0.2000000030
91254  44.752  -1.790  66.853 0.1000000015
89639  34.826  -3.612  60.677 0.2000000030
92161  48.793  -0.518  68.429 0.2000000030
92996  48.901  -0.045  68.448 0.3000000119
93760  49.034  1.427  68.386 0.3000000119
93772  48.336  1.363  67.815 0.3000000119
93009  48.002  0.550  67.687 0.3000000119
92188  46.491  -1.120  67.991 0.2000000030
92187  47.027  -0.579  67.830 0.2000000030
92209  46.167  -0.810  66.346 0.2000000030
141880  46.029  -0.710  65.686 0.1000000015
91270  44.905  -1.401  64.727 0.1000000015
90467  34.728  -2.842  61.172 0.2000000030
94573  47.342  2.495  66.739 0.3000000119
93797  46.943  1.605  65.734 0.3000000119
93040  46.879  0.572  65.630 0.2000000030
93041  46.528  -0.131  65.566 0.1000000015
145415  33.857  1.548  61.755 0.2000000030
150584  34.856  -0.781  61.016 0.2000000030
94604  45.275  2.690  65.045 0.3000000119
93804  45.118  2.231  64.395 0.1000000015
94639  33.839  3.015  61.668 0.2000000030
95529  33.543  3.790  60.537 0.2000000030
95555  34.297  3.586  57.944 0.2000000030
95556  33.924  3.886  58.933 0.2000000030
95576  34.516  3.773  56.983 0.3000000119
149845  34.099  4.193  57.459 0.3000000119
95593  35.770  3.397  54.560 0.3000000119
158882  35.308  4.056  55.738 0.3000000119
97270  39.355  5.347  50.373 0.4000000060
96471  39.828  4.852  50.692 0.4000000060
140813  37.560  4.518  51.406 0.3000000119
95616  36.785  3.661  52.679 0.3000000119
95605  35.900  3.721  53.766 0.3000000119
98743  48.101  7.639  47.704 0.6000000238
98745  46.331  7.228  47.811 0.5000000000
98733  44.462  7.053  48.150 0.4000000060
98056  43.296  6.659  48.699 0.3000000119
98042  41.645  6.700  48.938 0.2000000030
98043  40.923  6.347  49.429 0.4000000060
98026  39.345  5.933  49.927 0.3000000119
96472  38.940  4.887  50.721 0.4000000060
132653  34.028  -7.588  72.047 0.1000000015
85964  33.221  -8.097  71.121 0.1000000015
85965  32.338  -7.862  70.970 0.1000000015
79261  48.927  -14.726  64.763 0.1000000015
80290  50.296  -13.589  63.937 0.1000000015
79233  41.969  -14.322  69.035 0.1000000015
79234  41.132  -13.938  68.791 0.1000000015
80262  40.379  -13.679  68.599 0.1000000015
159835  31.373  -8.055  69.798 0.1000000015
83271  50.582  -10.708  63.622 0.1000000015
139519  41.620  -15.872  68.205 0.2000000030
78310  40.941  -15.535  68.282 0.2000000030
155765  39.523  -14.873  68.006 0.1000000015
85086  30.773  -8.410  68.263 0.1000000015
84202  49.870  -9.243  65.553 0.1000000015
152115  41.292  -16.219  67.645 0.2000000030
135181  41.557  -16.799  65.916 0.2000000030
78336  40.074  -15.951  65.640 0.1000000015
85991  30.235  -7.924  68.087 0.1000000015
78346  41.357  -16.023  64.405 0.1000000015
78347  40.584  -15.750  64.725 0.1000000015
85110  30.476  -8.151  66.586 0.1000000015
83210  47.401  -9.674  68.457 0.2000000030
83227  48.152  -9.602  67.894 0.2000000030
83244  48.185  -9.578  66.860 0.2000000030
144444  47.207  -9.925  65.270 0.2000000030
83291  46.704  -10.394  63.403 0.2000000030
81336  43.727  -13.067  62.344 0.2000000030
80312  43.016  -13.643  62.582 0.2000000030
86025  30.242  -6.953  65.352 0.1000000015
82326  45.972  -10.897  62.621 0.2000000030
82338  45.298  -11.741  62.044 0.2000000030
81335  44.493  -12.472  62.132 0.2000000030
80311  44.584  -13.408  61.943 0.2000000030
86942  30.353  -6.199  64.731 0.1000000015
86909  47.604  -7.200  68.027 0.2000000030
87869  31.902  -5.694  62.942 0.1000000015
86952  45.210  -6.544  64.127 0.2000000030
86926  46.681  -7.231  67.402 0.2000000030
87880  33.345  -5.431  61.575 0.2000000030
137983  32.991  -4.836  61.844 0.2000000030
88739  31.895  -4.878  62.951 0.2000000030
88734  45.417  -5.186  62.929 0.2000000030
90378  46.609  -2.530  68.602 0.2000000030
88749  33.656  -4.239  61.596 0.2000000030
89629  33.750  -3.552  62.162 0.2000000030
89609  46.561  -3.752  63.450 0.2000000030
90436  48.110  -2.608  65.146 0.2000000030
89600  47.347  -2.948  64.640 0.2000000030
90423  48.247  -2.439  66.149 0.2000000030
90413  47.836  -2.408  67.052 0.2000000030
153692  46.885  -1.590  68.414 0.2000000030
89628  34.267  -3.584  61.407 0.2000000030
92231  33.465  -1.216  62.182 0.2000000030
90397  47.408  -2.302  67.818 0.2000000030
91226  48.342  -1.444  68.157 0.2000000030
92162  47.455  -1.034  68.453 0.2000000030
93034  47.202  0.409  66.324 0.2000000030
91292  34.473  -2.018  61.483 0.2000000030
147781  47.945  -1.094  68.486 0.2000000030
92997  48.224  -0.536  68.415 0.2000000030
93022  47.511  0.240  67.189 0.2000000030
93773  47.792  1.360  67.165 0.2000000030
93839  33.316  2.197  61.757 0.2000000030
141931  33.073  1.162  61.871 0.2000000030
93830  32.461  1.831  62.042 0.2000000030
96368  32.989  4.353  59.872 0.3000000119
95511  33.230  3.347  61.123 0.2000000030
96396  33.382  5.058  58.228 0.3000000119
96387  33.346  4.492  59.029 0.3000000119
96406  34.417  4.644  56.911 0.3000000119
96395  33.734  4.281  58.141 0.3000000119
96428  35.493  4.163  55.031 0.3000000119
157795  34.979  4.343  56.303 0.3000000119
96464  36.635  4.791  51.719 0.3000000119
96437  36.086  4.018  53.120 0.3000000119
154772  35.764  4.312  53.567 0.3000000119
100119  48.469  9.505  47.904 0.6999999881
99453  46.872  8.474  47.546 0.6000000238
136120  45.698  7.789  47.650 0.5000000000
98747  44.116  7.653  47.823 0.4000000060
98735  42.949  7.345  48.319 0.3000000119
98737  41.304  7.506  48.654 0.4000000060
98044  40.259  6.753  49.320 0.3000000119
98046  38.494  6.464  49.839 0.4000000060
97272  37.457  5.630  50.675 0.3000000119
142779  32.911  -7.695  71.531 0.1000000015
79262  48.586  -14.687  65.022 0.1000000015
82325  50.341  -11.400  63.109 0.1000000015
79243  42.490  -15.176  68.965 0.1000000015
83272  49.702  -10.055  63.815 0.2000000030
134443  45.265  -16.636  66.952 0.1000000015
77361  44.261  -16.877  67.158 0.1000000015
77362  43.420  -16.894  67.528 0.1000000015
78309  42.207  -15.906  68.446 0.1000000015
84193  48.938  -9.386  67.377 0.2000000030
84203  49.112  -9.310  66.182 0.2000000030
83288  49.786  -10.770  62.994 0.1000000015
77369  44.655  -16.728  66.284 0.1000000015
77371  42.567  -16.930  66.280 0.1000000015
86002  29.575  -6.965  67.024 0.1000000015
85066  48.307  -8.470  69.599 0.2000000030
84209  49.414  -9.478  64.924 0.2000000030
77379  43.339  -16.661  64.897 0.2000000030
77380  42.508  -16.754  65.337 0.2000000030
84158  48.637  -9.349  69.012 0.2000000030
159449  47.828  -9.765  64.785 0.2000000030
83290  47.793  -10.280  63.191 0.2000000030
83299  48.141  -10.777  62.443 0.2000000030
135454  46.695  -12.938  61.917 0.2000000030
80301  47.026  -13.647  62.644 0.2000000030
78353  44.310  -15.414  62.987 0.2000000030
78354  43.422  -15.771  63.313 0.2000000030
82335  48.509  -11.525  62.142 0.1000000015
82336  47.469  -11.445  61.956 0.2000000030
80310  45.582  -13.183  61.837 0.2000000030
79292  45.123  -14.039  62.055 0.2000000030
79293  44.192  -14.448  62.290 0.2000000030
86956  30.962  -6.336  64.179 0.1000000015
87861  31.428  -5.384  63.449 0.1000000015
86021  46.142  -7.248  65.669 0.2000000030
88728  32.223  -4.214  63.123 0.1000000015
88725  45.266  -4.916  63.819 0.2000000030
86939  45.022  -6.426  65.124 0.2000000030
86022  45.483  -6.921  65.800 0.2000000030
86010  45.595  -6.943  66.787 0.2000000030
88702  44.971  -5.008  66.878 0.2000000030
90457  34.046  -2.702  62.497 0.1000000015
89618  32.932  -3.856  62.637 0.1000000015
88724  45.807  -4.096  64.100 0.2000000030
88718  45.836  -3.843  65.069 0.2000000030
88712  45.322  -4.394  65.908 0.2000000030
88711  46.014  -3.589  66.064 0.2000000030
89563  46.063  -3.217  68.106 0.2000000030
146160  33.777  -1.897  62.773 0.2000000030
135380  46.613  -3.260  65.246 0.2000000030
89593  46.823  -3.026  66.049 0.2000000030
149801  47.304  -2.710  66.666 0.2000000030
89581  46.321  -3.190  67.117 0.2000000030
89580  46.971  -2.653  67.621 0.2000000030
149046  32.590  -0.274  62.934 0.2000000030
90358  47.520  -1.979  68.142 0.2000000030
92249  33.027  0.249  62.061 0.2000000030
92232  33.007  -0.460  62.384 0.2000000030
93831  31.929  1.362  62.719 0.2000000030
95512  32.250  3.220  61.272 0.2000000030
154222  31.550  3.442  61.446 0.2000000030
96381  32.526  5.012  59.558 0.2000000030
96369  32.241  4.502  60.230 0.2000000030
97198  33.122  5.864  58.370 0.3000000119
97189  32.922  5.204  58.933 0.3000000119
97208  33.701  5.851  57.664 0.3000000119
97232  35.513  4.992  55.637 0.3000000119
150337  34.980  5.207  56.432 0.3000000119
100120  46.093  10.241  48.093 0.5000000000
100121  44.979  10.030  48.136 0.4000000060
100123  43.351  9.596  48.169 0.4000000060
140482  41.794  9.218  48.471 0.4000000060
97252  35.900  5.272  52.324 0.3000000119
97244  35.696  5.458  53.235 0.3000000119
97240  35.668  4.923  54.655 0.3000000119
100131  46.484  9.410  47.664 0.6000000238
100133  44.618  9.280  47.754 0.4000000060
100134  43.778  9.061  47.830 0.4000000060
99446  42.279  8.635  48.347 0.4000000060
98738  40.643  7.865  48.719 0.4000000060
133751  39.184  7.794  49.178 0.4000000060
98711  37.706  7.009  49.945 0.4000000060
98028  36.750  6.179  50.790 0.3000000119
79252  48.112  -15.084  65.906 0.1000000015
79263  48.007  -14.744  65.324 0.1000000015
79253  47.504  -15.124  65.940 0.1000000015
80298  49.979  -13.233  63.410 0.1000000015
80291  49.163  -13.789  64.049 0.1000000015
79271  48.413  -14.440  64.700 0.1000000015
80292  48.306  -14.086  63.873 0.1000000015
79272  47.733  -14.466  64.556 0.1000000015
140559  46.662  -15.722  65.974 0.1000000015
77368  45.678  -16.266  66.111 0.1000000015
81323  49.480  -12.726  62.670 0.1000000015
80299  48.984  -13.533  63.184 0.1000000015
78333  46.785  -15.185  65.219 0.1000000015
77377  44.955  -16.385  65.365 0.1000000015
134626  44.010  -16.756  65.530 0.1000000015
82334  49.568  -11.655  62.558 0.1000000015
81331  48.819  -12.291  62.232 0.1000000015
80300  47.990  -13.626  62.921 0.1000000015
79281  47.394  -14.149  63.594 0.1000000015
79273  46.874  -14.718  64.311 0.1000000015
78334  45.908  -15.848  65.130 0.1000000015
78343  44.750  -15.855  63.832 0.1000000015
83273  48.488  -9.816  64.164 0.2000000030
83289  48.846  -10.411  63.130 0.2000000030
81332  47.792  -12.386  61.993 0.1000000015
80309  47.616  -13.133  62.277 0.1000000015
79282  46.527  -14.356  63.163 0.1000000015
78352  45.208  -15.234  63.300 0.2000000030
79291  46.059  -13.759  62.284 0.2000000030
159763  31.079  2.457  63.070 0.1000000015
93817  31.558  1.474  63.459 0.1000000015
95496  30.619  4.059  62.220 0.1000000015
95495  31.058  3.354  61.971 0.2000000030
97178  31.229  5.580  60.611 0.2000000030
96371  30.993  4.948  60.987 0.2000000030
97925  32.386  6.747  59.166 0.2000000030
97191  31.672  5.954  60.057 0.2000000030
97177  31.895  5.250  60.056 0.2000000030
97199  32.656  5.953  58.928 0.3000000119
97937  35.297  6.758  56.951 0.2000000030
97950  34.970  6.020  56.597 0.2000000030
97963  36.038  5.954  55.767 0.3000000119
155349  35.480  5.678  56.143 0.3000000119
159141  46.588  10.555  48.315 0.5000000000
160516  45.496  10.125  48.113 0.4000000060
100122  44.099  10.012  48.149 0.4000000060
100124  42.578  9.601  48.354 0.4000000060
100126  40.936  9.411  48.635 0.4000000060
144144  35.753  5.975  51.962 0.3000000119
149218  35.720  6.026  52.665 0.3000000119
142242  36.363  6.465  54.178 0.3000000119
98739  39.907  8.236  48.876 0.4000000060
99436  38.237  8.322  49.428 0.4000000060
99437  37.260  8.320  49.784 0.4000000060
134138  36.094  7.898  50.788 0.4000000060
152903  34.502  10.314  61.739 0.2000000030
155826  32.519  9.081  61.533 0.2000000030
99360  31.675  8.141  60.628 0.2000000030
97920  30.899  6.274  61.031 0.2000000030
96361  30.754  4.613  61.527 0.2000000030
100034  36.320  9.788  60.523 0.2000000030
100045  35.560  9.343  59.893 0.2000000030
100047  33.992  9.001  59.913 0.2000000030
98659  32.488  7.604  59.272 0.2000000030
97926  31.811  6.633  59.822 0.2000000030
99365  36.037  9.077  59.022 0.2000000030
99379  35.630  8.635  58.358 0.3000000119
99392  35.218  8.095  57.795 0.2000000030
98666  33.586  7.523  58.286 0.2000000030
98673  34.822  7.332  57.455 0.2000000030
97948  36.596  6.516  56.144 0.2000000030
101542  44.892  11.305  48.714 0.4000000060
101543  44.013  11.047  48.533 0.3000000119
100809  41.776  10.642  48.729 0.4000000060
100110  40.092  10.009  48.923 0.4000000060
98699  35.833  7.294  52.778 0.3000000119
97974  36.667  6.339  54.823 0.2000000030
100810  41.014  10.438  48.837 0.4000000060
100112  38.447  9.269  49.336 0.4000000060
100113  37.562  9.106  49.590 0.4000000060
99431  36.095  8.722  50.613 0.4000000060
99423  35.667  8.523  51.516 0.4000000060
100055  36.814  9.103  58.950 0.3000000119
99390  37.030  8.144  57.765 0.3000000119
98670  37.476  7.555  57.182 0.3000000119
98671  36.628  7.554  57.248 0.2000000030
97947  37.411  6.687  55.946 0.2000000030
97961  37.492  6.706  55.224 0.2000000030
101544  43.075  11.077  48.718 0.3000000119
99419  35.729  8.103  52.562 0.4000000060
98695  37.323  7.664  53.926 0.3000000119
156385  41.462  11.034  48.976 0.3000000119
100095  35.533  9.460  51.681 0.4000000060
99417  35.585  9.003  52.474 0.3000000119
98686  38.102  6.988  55.673 0.3000000119
141352  38.127  7.189  54.852 0.2000000030
152918  38.020  7.550  54.284 0.2000000030
138704  35.955  8.735  53.254 0.3000000119
99416  36.456  7.922  53.397 0.3000000119
83257  50.589  -9.875  64.491 0.1000000015
85976  47.019  -7.948  69.265 0.2000000030
86886  46.428  -7.620  68.765 0.2000000030
86897  46.324  -7.270  68.109 0.2000000030
84157  49.187  -8.655  69.045 0.2000000030
86884  48.410  -7.395  68.878 0.2000000030
139078  48.341  -6.936  67.678 0.2000000030
99444  48.297  8.502  47.688 0.6999999881
100814  46.913  10.147  47.913 0.5000000000
96420  54.404  5.733  54.363 0.6000000238
97990  52.969  6.592  53.182 0.6000000238
98002  51.673  6.555  51.826 0.6000000238
93132  46.991  1.121  49.923 0.4000000060
133097  48.794  2.462  50.062 0.6000000238
90584  46.699  -2.685  47.174 0.4000000060
87999  48.113  -5.703  44.699 0.4000000060
91300  47.656  -1.308  60.439 0.3000000119
90502  47.520  -2.468  58.550 0.3000000119
93095  45.905  0.406  60.297 0.3000000119
93100  45.914  1.033  59.811 0.3000000119
90515  45.869  -2.813  57.858 0.3000000119
91338  44.960  -1.772  58.047 0.3000000119
94654  46.888  2.232  59.640 0.3000000119
139123  47.189  -3.532  55.836 0.3000000119
90516  44.981  -2.370  57.562 0.3000000119
91339  44.721  -1.704  57.495 0.3000000119
89669  53.355  -2.234  55.745 0.3000000119
90535  53.537  -1.939  54.346 0.3000000119
90528  53.567  -1.967  55.004 0.3000000119
91353  52.685  -0.988  55.380 0.3000000119
91358  53.072  -1.336  54.306 0.3000000119
89675  45.476  -3.343  56.490 0.3000000119
147146  44.535  -1.587  56.916 0.3000000119
93860  46.393  1.624  57.347 0.3000000119
89687  45.772  -3.981  54.916 0.3000000119
88789  45.424  -4.101  54.044 0.3000000119
92302  44.492  -1.019  55.696 0.3000000119
93117  45.476  0.480  55.541 0.3000000119
93113  45.863  1.011  56.104 0.3000000119
88825  51.422  -4.410  49.442 0.3000000119
89730  51.072  -4.022  50.141 0.3000000119
91368  44.173  -2.232  53.952 0.3000000119
87948  52.236  -5.084  48.041 0.3000000119
87976  52.878  -5.636  46.636 0.3000000119
87977  52.076  -5.901  46.957 0.3000000119
87081  52.971  -6.250  45.314 0.3000000119
87104  52.310  -6.635  43.739 0.4000000060
133286  52.076  -6.516  45.038 0.3000000119
87093  53.826  -6.170  44.104 0.3000000119
92239  47.531  -0.303  61.428 0.3000000119
93079  47.023  0.345  61.502 0.3000000119
93067  47.186  0.969  61.968 0.3000000119
96356  49.460  4.815  61.508 0.3000000119
87910  49.489  -5.659  56.899 0.2000000030
86112  51.879  -7.775  57.238 0.2000000030
95538  48.292  3.448  59.787 0.3000000119
158983  50.463  -4.454  56.872 0.2000000030
91326  49.847  -1.657  58.327 0.3000000119
154890  50.730  -1.209  58.580 0.3000000119
90512  49.752  -2.065  57.472 0.3000000119
90529  50.399  -2.165  55.688 0.3000000119
90524  47.923  -3.003  57.202 0.3000000119
90523  48.536  -2.931  56.538 0.3000000119
152274  49.317  -2.504  56.845 0.3000000119
138956  47.575  2.790  58.464 0.2000000030
95537  49.136  4.029  59.523 0.2000000030
150992  51.495  -1.863  54.502 0.3000000119
91354  51.664  -1.449  55.698 0.3000000119
90530  49.444  -2.747  55.235 0.3000000119
132760  50.163  -2.491  54.748 0.3000000119
151362  49.303  -2.996  54.401 0.3000000119
89694  49.133  -3.314  53.449 0.3000000119
96384  50.456  4.923  58.889 0.2000000030
94679  47.977  3.087  57.836 0.2000000030
94680  47.102  2.368  57.752 0.3000000119
91346  51.905  -1.089  56.538 0.3000000119
90543  50.820  -2.542  53.570 0.3000000119
90549  50.897  -2.736  52.773 0.3000000119
89704  50.220  -3.229  52.250 0.3000000119
154564  47.446  -3.732  54.417 0.3000000119
89695  48.270  -3.679  53.379 0.3000000119
89696  47.550  -3.920  53.692 0.3000000119
93859  46.956  2.155  56.723 0.2000000030
95562  49.393  3.824  57.364 0.2000000030
94689  48.332  3.003  56.305 0.2000000030
89712  50.419  -3.455  51.503 0.3000000119
89705  49.393  -3.480  52.513 0.3000000119
89713  49.623  -3.678  51.730 0.3000000119
88816  50.229  -4.301  50.359 0.3000000119
88801  48.073  -4.300  52.186 0.3000000119
88794  46.870  -4.303  53.132 0.3000000119
89707  47.778  -4.137  52.921 0.3000000119
88796  45.026  -4.130  53.254 0.3000000119
89698  44.726  -3.703  53.882 0.3000000119
94690  47.573  2.393  55.969 0.3000000119
88826  50.575  -4.683  49.674 0.3000000119
88837  50.959  -5.126  48.983 0.3000000119
88817  49.413  -4.563  50.574 0.3000000119
88802  47.185  -4.419  52.313 0.3000000119
88803  46.241  -4.419  52.419 0.3000000119
89699  44.317  -3.239  53.600 0.3000000119
91367  44.295  -1.746  53.128 0.3000000119
87941  49.143  -5.531  49.353 0.3000000119
87936  48.032  -5.281  50.257 0.3000000119
146939  44.276  -3.209  52.673 0.3000000119
88804  45.341  -4.257  52.503 0.3000000119
88811  45.605  -4.353  51.707 0.3000000119
149862  44.323  -2.254  51.754 0.3000000119
87059  51.423  -6.314  46.609 0.4000000060
156707  51.406  -6.451  46.080 0.4000000060
88820  45.242  -4.209  50.291 0.4000000060
149158  44.315  -2.956  50.934 0.3000000119
91377  44.541  -1.690  51.372 0.4000000060
93126  45.513  0.375  52.564 0.4000000060
133285  51.234  -6.721  44.637 0.4000000060
136165  51.941  -6.380  42.028 0.4000000060
87105  51.402  -6.644  43.700 0.4000000060
93820  47.537  1.724  62.352 0.3000000119
134012  48.830  5.436  61.308 0.3000000119
154825  49.657  -6.966  56.953 0.2000000030
93057  48.787  0.790  63.075 0.3000000119
133523  49.689  5.522  60.355 0.2000000030
88780  49.980  -4.889  56.816 0.2000000030
147376  50.461  -0.607  61.045 0.3000000119
142401  48.667  5.863  59.026 0.2000000030
92272  52.183  -0.581  59.528 0.3000000119
97196  48.998  5.988  58.612 0.2000000030
92280  52.368  -0.550  58.621 0.3000000119
142565  50.809  4.852  58.117 0.2000000030
139890  51.179  5.665  57.791 0.3000000119
95572  49.104  3.545  56.518 0.3000000119
95588  49.715  3.689  54.819 0.4000000060
95580  50.419  4.199  55.396 0.5000000000
87963  50.648  -6.120  47.720 0.3000000119
87952  48.450  -6.030  48.659 0.4000000060
159886  47.310  -5.249  50.352 0.3000000119
93899  47.248  1.863  53.844 0.4000000060
94720  48.493  2.715  53.809 0.5000000000
93903  47.226  1.825  53.157 0.4000000060
135927  50.010  -6.563  46.648 0.4000000060
87953  47.667  -6.017  48.085 0.4000000060
87051  48.271  -6.268  47.892 0.4000000060
88829  46.036  -4.838  49.278 0.4000000060
89731  44.874  -3.641  49.822 0.4000000060
88830  45.395  -4.233  49.491 0.4000000060
91385  44.757  -2.048  49.968 0.4000000060
92321  44.840  -1.079  50.899 0.4000000060
137759  45.213  -0.382  51.269 0.4000000060
93904  46.805  1.510  52.535 0.4000000060
93125  46.153  0.902  52.096 0.4000000060
95598  49.117  3.161  53.433 0.5000000000
87062  48.572  -6.364  47.402 0.4000000060
87072  49.246  -6.563  46.285 0.4000000060
88839  45.674  -4.221  48.692 0.4000000060
139865  46.437  -4.942  47.661 0.4000000060
147160  45.394  -2.591  48.716 0.4000000060
93128  46.245  0.773  51.216 0.4000000060
93133  46.384  0.607  50.376 0.4000000060
87095  50.443  -6.632  44.165 0.4000000060
87085  48.522  -6.360  45.836 0.4000000060
87964  47.227  -5.595  46.862 0.4000000060
89743  46.285  -3.414  47.538 0.4000000060
87979  46.713  -4.995  46.970 0.4000000060
140427  46.145  -0.383  49.228 0.4000000060
94735  48.509  2.537  51.480 0.6000000238
87096  49.421  -6.482  44.445 0.4000000060
85182  50.019  -8.186  58.524 0.1000000015
86104  48.288  -7.277  58.323 0.2000000030
133164  49.746  -7.780  57.842 0.2000000030
97187  48.335  5.659  59.414 0.3000000119
93077  51.426  0.061  62.410 0.3000000119
97197  48.071  5.491  58.739 0.2000000030
97206  47.687  5.266  57.437 0.2000000030
97946  49.286  6.060  57.671 0.2000000030
97229  47.119  5.413  55.754 0.2000000030
97945  50.162  6.268  57.334 0.3000000119
97227  48.573  5.865  56.615 0.3000000119
157219  51.819  5.360  56.447 0.5000000000
97944  51.234  6.400  56.812 0.5000000000
97942  52.652  6.084  56.210 0.5000000000
95597  49.785  3.579  53.937 0.6000000238
95596  50.550  3.987  53.595 0.6000000238
94729  49.123  2.943  51.804 0.6000000238
87978  47.052  -5.104  46.350 0.4000000060
91387  46.332  -1.573  47.938 0.4000000060
92329  46.374  -0.843  48.429 0.4000000060
133453  47.538  -7.788  60.063 0.2000000030
156185  48.339  -8.216  60.555 0.2000000030
96319  50.938  4.230  66.452 0.3000000119
97144  49.648  5.091  64.616 0.3000000119
97145  49.047  5.363  64.106 0.3000000119
132898  46.698  4.633  58.867 0.3000000119
95539  45.274  3.884  59.098 0.3000000119
95564  45.046  3.707  57.789 0.2000000030
96403  46.891  4.809  56.968 0.2000000030
92254  53.452  -0.931  60.127 0.3000000119
97230  46.367  5.150  55.355 0.2000000030
96405  45.266  4.163  56.149 0.2000000030
95573  45.329  3.985  56.981 0.2000000030
97958  49.559  6.325  56.242 0.3000000119
97971  48.562  6.348  54.951 0.3000000119
133270  50.210  6.588  54.830 0.5000000000
140494  52.767  6.369  55.620 0.5000000000
97226  53.033  5.864  55.850 0.6000000238
97955  53.361  6.114  55.551 0.6000000238
96432  52.291  4.633  54.188 0.6000000238
97146  47.372  5.570  64.741 0.3000000119
151325  47.112  5.531  63.892 0.3000000119
151178  45.301  4.692  62.146 0.3000000119
95540  44.605  3.562  59.340 0.2000000030
95565  44.099  3.234  57.942 0.2000000030
94668  43.472  2.839  58.696 0.2000000030
94691  43.618  2.972  57.005 0.2000000030
136442  43.952  3.283  56.352 0.2000000030
94682  42.484  2.383  57.689 0.2000000030
148406  46.825  5.594  54.807 0.3000000119
96418  44.773  4.138  55.454 0.2000000030
94703  42.479  2.681  55.271 0.2000000030
97981  49.730  6.585  54.228 0.5000000000
133267  49.927  6.572  53.496 0.5000000000
133587  51.650  6.616  54.466 0.5000000000
133544  48.389  6.468  53.448 0.4000000060
97982  48.905  6.510  54.222 0.5000000000
97242  46.375  5.868  53.079 0.4000000060
159544  50.575  6.563  53.338 0.5000000000
133265  50.996  6.559  52.711 0.5000000000
133190  52.437  6.609  53.909 0.6000000238
94559  51.759  2.717  67.203 0.3000000119
97099  49.547  5.539  67.486 0.3000000119
97877  48.255  5.536  66.973 0.3000000119
135939  45.932  5.401  64.029 0.3000000119
96359  43.645  4.206  62.242 0.3000000119
136957  52.140  -0.356  65.368 0.3000000119
95519  43.466  3.447  60.684 0.3000000119
95501  43.091  3.778  61.716 0.2000000030
95542  42.950  3.100  60.236 0.2000000030
94648  42.094  2.934  60.375 0.2000000030
156737  41.916  2.368  58.795 0.2000000030
94670  41.826  2.123  58.142 0.2000000030
93875  41.601  1.905  56.614 0.2000000030
93863  40.505  1.562  57.569 0.2000000030
93851  40.956  1.756  58.368 0.2000000030
97237  45.818  5.135  54.690 0.2000000030
97243  45.453  5.491  53.046 0.3000000119
96426  44.247  4.129  54.590 0.2000000030
156568  44.645  4.594  54.214 0.2000000030
95584  43.102  3.150  55.036 0.2000000030
94704  41.783  2.340  55.233 0.2000000030
98016  51.016  6.540  50.680 0.6999999881
98003  50.522  6.539  51.665 0.6000000238
133263  49.068  6.572  52.289 0.5000000000
97994  48.019  6.439  52.787 0.4000000060
133262  48.236  6.443  52.185 0.5000000000
98005  48.588  6.391  51.384 0.5000000000
97250  44.594  5.117  52.960 0.3000000119
143870  42.407  3.206  53.860 0.2000000030
96427  43.549  3.920  53.973 0.2000000030
94713  41.530  2.461  54.344 0.2000000030
93887  39.542  1.532  55.296 0.2000000030
96435  43.403  4.223  53.167 0.3000000119
95611  42.218  3.485  53.127 0.2000000030
96436  42.712  3.948  52.758 0.2000000030
95600  41.728  2.951  53.532 0.4000000060
96288  50.216  4.798  68.240 0.3000000119
136774  51.243  -1.940  63.817 0.3000000119
90420  50.946  -1.634  64.989 0.3000000119
136649  51.722  -0.516  65.856 0.3000000119
97115  46.674  5.164  66.385 0.3000000119
150573  43.822  4.650  63.596 0.3000000119
90431  51.742  -1.692  63.721 0.3000000119
90450  52.439  -1.683  61.895 0.3000000119
91274  52.728  -0.945  63.484 0.3000000119
95487  41.788  4.346  62.942 0.2000000030
96351  41.579  4.488  63.620 0.2000000030
95522  40.764  3.599  61.721 0.2000000030
94657  40.552  2.701  60.286 0.2000000030
147080  39.991  3.717  61.825 0.2000000030
95504  40.405  4.048  62.476 0.2000000030
95523  39.279  3.730  61.850 0.2000000030
94651  38.985  3.321  61.033 0.2000000030
94658  39.530  2.576  60.134 0.2000000030
94671  40.341  2.110  59.328 0.2000000030
93864  39.619  1.516  57.756 0.2000000030
93846  38.930  2.062  59.496 0.2000000030
93854  38.485  1.739  58.802 0.2000000030
93878  38.551  1.405  56.640 0.3000000119
160391  37.809  1.894  58.825 0.1000000015
143447  38.299  1.457  57.317 0.3000000119
133543  47.420  6.269  52.238 0.4000000060
97256  45.132  5.608  51.575 0.3000000119
93895  39.293  1.646  54.595 0.3000000119
93888  38.632  1.519  55.234 0.4000000060
93880  37.050  1.539  56.580 0.2000000030
98036  49.654  6.435  49.575 0.6999999881
145095  49.299  6.664  48.705 0.6999999881
98019  47.167  5.994  49.762 0.5000000000
98007  46.779  6.008  51.513 0.4000000060
133257  46.169  5.759  50.753 0.3000000119
97251  44.012  5.166  52.111 0.3000000119
96447  42.375  4.230  52.099 0.3000000119
95612  40.449  3.154  52.441 0.4000000060
96448  41.672  3.988  51.931 0.3000000119
98020  45.637  5.831  49.859 0.4000000060
157265  44.754  5.571  51.104 0.3000000119
97267  42.926  5.400  50.627 0.3000000119
141847  45.869  -7.225  65.125 0.2000000030
85999  42.182  -7.025  68.222 0.1000000015
86000  41.820  -6.930  67.583 0.1000000015
87835  41.911  -5.135  67.350 0.1000000015
87822  41.909  -5.165  68.264 0.1000000015
86929  41.637  -6.627  67.285 0.1000000015
87836  41.543  -5.822  66.668 0.1000000015
158252  43.432  -3.515  68.891 0.2000000030
88693  42.743  -3.887  68.665 0.1000000015
89595  42.944  -3.438  66.261 0.1000000015
88720  42.176  -4.245  64.824 0.1000000015
89604  42.119  -4.100  63.890 0.1000000015
155942  41.641  -4.702  64.244 0.1000000015
87847  41.263  -5.627  65.635 0.1000000015
88727  41.035  -4.975  62.875 0.1000000015
88736  40.810  -4.770  62.059 0.1000000015
87866  39.924  -6.125  63.220 0.1000000015
87876  40.086  -5.203  61.607 0.1000000015
144924  39.346  -5.769  61.594 0.1000000015
87867  39.225  -6.241  62.388 0.1000000015
87887  38.719  -5.671  60.946 0.1000000015
86996  36.945  -6.092  60.765 0.2000000030
86987  37.130  -6.509  61.456 0.2000000030
140257  38.090  -5.320  60.361 0.1000000015
90438  43.089  -2.985  64.130 0.1000000015
89611  41.992  -3.937  62.989 0.1000000015
89616  42.433  -3.330  62.603 0.1000000015
89617  41.851  -3.753  62.087 0.1000000015
88755  40.212  -4.103  60.527 0.1000000015
88763  38.890  -3.905  59.689 0.1000000015
141019  38.002  -4.008  59.586 0.1000000015
154168  36.510  -4.382  59.706 0.2000000030
90409  50.734  -1.438  65.685 0.3000000119
91271  44.261  -1.893  64.159 0.1000000015
91277  44.101  -1.737  63.156 0.1000000015
90465  43.303  -2.139  61.944 0.1000000015
140573  42.900  -2.709  62.221 0.1000000015
90466  42.733  -2.337  61.427 0.1000000015
89635  41.262  -3.148  60.620 0.1000000015
91302  41.598  -1.733  60.425 0.1000000015
90488  40.355  -2.489  59.898 0.1000000015
90489  39.587  -2.462  59.652 0.1000000015
90491  37.851  -2.589  59.507 0.1000000015
90492  36.971  -2.739  59.545 0.1000000015
94551  49.406  2.450  68.611 0.3000000119
92216  45.456  -0.602  64.233 0.1000000015
93081  43.665  0.060  61.939 0.1000000015
149348  42.198  -0.164  61.141 0.1000000015
91290  43.176  -1.573  61.454 0.1000000015
93082  42.863  0.233  61.574 0.1000000015
92264  41.006  -0.859  60.461 0.1000000015
92243  41.422  -0.088  61.077 0.1000000015
91303  40.768  -1.770  60.095 0.1000000015
92266  39.242  -0.364  60.793 0.1000000015
92244  40.548  0.003  61.154 0.1000000015
91318  39.131  -1.754  59.806 0.1000000015
91306  37.665  -1.181  60.194 0.1000000015
91307  36.775  -1.287  60.208 0.1000000015
92267  37.199  -0.536  60.579 0.1000000015
96334  43.512  4.557  64.703 0.3000000119
93069  43.350  0.908  62.234 0.1000000015
93823  42.884  1.682  62.922 0.1000000015
93824  41.796  1.839  63.187 0.1000000015
93071  41.351  1.220  62.400 0.1000000015
141669  40.164  0.673  61.806 0.1000000015
93072  40.500  1.218  62.437 0.1000000015
93834  38.842  1.316  62.111 0.1000000015
93073  39.725  1.272  62.374 0.1000000015
93085  38.195  0.720  61.499 0.1000000015
93835  37.812  1.636  62.165 0.1000000015
93836  36.920  1.926  62.134 0.1000000015
92246  38.451  -0.104  60.917 0.1000000015
93097  36.800  0.246  61.029 0.1000000015
92269  35.494  -0.652  60.775 0.2000000030
93088  35.337  1.035  61.529 0.2000000030
95462  42.631  4.071  64.814 0.3000000119
96343  41.447  4.474  64.013 0.2000000030
95471  42.567  3.669  64.820 0.2000000030
96337  40.548  4.030  64.300 0.2000000030
94608  41.258  3.234  64.589 0.2000000030
94617  42.742  2.669  64.300 0.2000000030
93815  40.387  2.326  63.713 0.1000000015
95474  40.210  3.623  64.387 0.2000000030
93813  42.469  2.165  63.679 0.1000000015
93826  40.042  1.800  63.072 0.1000000015
94620  39.243  3.233  63.899 0.1000000015
94629  38.135  3.086  63.204 0.2000000030
94622  38.324  3.470  63.178 0.2000000030
94621  38.657  3.408  63.587 0.2000000030
94630  37.664  3.207  62.798 0.1000000015
94631  36.426  3.132  62.458 0.1000000015
95493  37.094  3.271  62.405 0.1000000015
95494  36.355  3.316  62.246 0.1000000015
94632  35.811  3.169  62.281 0.1000000015
147216  35.218  2.757  62.202 0.2000000030
145240  34.748  1.894  61.887 0.2000000030
96352  40.827  4.404  63.561 0.2000000030
95475  39.653  3.531  64.143 0.2000000030
96345  39.231  4.018  63.479 0.2000000030
95506  38.329  3.650  62.430 0.2000000030
94652  38.229  3.345  61.104 0.2000000030
95543  36.963  3.276  60.720 0.1000000015
94660  37.651  2.906  60.286 0.1000000015
95544  36.124  3.401  60.581 0.1000000015
95545  35.242  3.464  59.829 0.2000000030
94672  38.132  2.290  59.488 0.2000000030
94673  36.467  2.360  58.935 0.2000000030
94674  35.653  2.601  58.534 0.2000000030
93856  36.159  2.139  57.973 0.2000000030
147330  35.884  2.094  57.177 0.3000000119
94695  35.455  2.541  56.737 0.3000000119
94724  39.384  2.339  53.275 0.3000000119
93897  37.858  1.736  54.709 0.4000000060
94706  37.036  1.910  55.010 0.3000000119
94707  36.303  2.227  55.446 0.3000000119
96460  41.185  4.425  51.326 0.4000000060
95622  39.966  3.717  51.683 0.4000000060
94733  38.971  2.750  52.649 0.3000000119
95602  38.184  2.970  52.702 0.3000000119
94726  36.841  2.700  53.763 0.4000000060
98051  48.134  6.558  48.605 0.5000000000
98053  46.437  6.613  48.392 0.5000000000
98732  45.430  6.927  48.073 0.4000000060
98022  43.902  5.935  49.783 0.3000000119
98040  44.317  6.178  49.278 0.4000000060
142334  43.438  5.704  50.200 0.3000000119
97268  42.056  5.390  50.305 0.3000000119
84146  37.114  -9.983  69.926 0.1000000015
84134  36.692  -9.342  70.363 0.1000000015
83201  38.538  -10.427  69.751 0.1000000015
83205  34.726  -10.237  69.378 0.1000000015
83213  37.319  -11.062  69.159 0.1000000015
82259  38.971  -11.101  69.178 0.1000000015
83214  36.576  -11.270  68.832 0.1000000015
83215  35.629  -11.168  68.758 0.1000000015
137645  33.736  -10.643  68.531 0.1000000015
138878  36.696  -11.831  68.231 0.1000000015
81287  37.521  -12.913  67.314 0.1000000015
81288  36.743  -12.544  67.046 0.1000000015
150194  34.487  -11.552  67.853 0.1000000015
82272  33.828  -11.218  67.966 0.1000000015
82284  33.366  -11.151  67.232 0.1000000015
83218  32.489  -9.997  67.878 0.1000000015
79265  39.284  -15.144  65.691 0.1000000015
80284  38.371  -13.603  65.289 0.1000000015
81294  37.162  -12.881  66.277 0.1000000015
81295  36.520  -12.467  66.374 0.1000000015
83251  33.125  -10.794  66.433 0.1000000015
80295  38.711  -13.339  64.476 0.1000000015
80294  39.386  -13.746  64.345 0.1000000015
82306  36.248  -11.944  65.077 0.1000000015
82308  34.804  -11.502  65.662 0.1000000015
83267  33.647  -10.755  65.633 0.1000000015
84207  31.737  -9.170  65.774 0.1000000015
81326  39.884  -12.455  63.590 0.1000000015
81325  40.728  -12.522  63.706 0.1000000015
81313  39.304  -12.994  63.831 0.1000000015
147185  40.752  -14.029  63.884 0.1000000015
82319  37.376  -11.656  64.091 0.2000000030
82330  38.730  -11.646  63.525 0.1000000015
82320  36.663  -11.431  64.430 0.2000000030
85119  32.190  -8.942  64.942 0.1000000015
84143  46.929  -9.076  69.272 0.2000000030
155342  41.195  -11.942  63.863 0.1000000015
83293  39.522  -10.891  63.510 0.1000000015
83278  38.942  -9.988  63.699 0.1000000015
139348  37.037  -10.025  64.003 0.2000000030
83280  37.194  -10.831  63.924 0.2000000030
138844  36.387  -9.523  64.294 0.2000000030
84215  35.461  -9.537  64.425 0.2000000030
85130  34.480  -9.000  64.166 0.2000000030
85131  33.598  -8.910  64.078 0.2000000030
85132  32.717  -8.496  64.174 0.1000000015
85988  44.256  -7.400  68.925 0.2000000030
84178  44.611  -9.405  67.667 0.2000000030
83276  41.327  -10.308  64.297 0.1000000015
84212  39.455  -9.161  64.277 0.1000000015
86034  37.590  -8.080  64.127 0.2000000030
149545  38.099  -8.386  64.396 0.2000000030
86035  36.562  -8.357  63.925 0.2000000030
85128  36.057  -8.858  64.296 0.2000000030
86049  35.794  -8.279  63.593 0.2000000030
86050  34.899  -8.300  63.215 0.2000000030
86051  34.046  -8.200  63.016 0.2000000030
86068  32.899  -7.373  62.922 0.2000000030
87811  43.472  -5.625  69.437 0.2000000030
86901  42.888  -6.338  69.189 0.1000000015
85095  42.622  -8.311  67.119 0.1000000015
85106  42.098  -8.143  66.672 0.1000000015
85107  41.698  -8.370  66.034 0.1000000015
86013  40.873  -7.208  66.152 0.1000000015
84204  41.923  -9.228  65.432 0.1000000015
85116  41.045  -8.607  65.217 0.1000000015
86953  40.163  -6.677  65.350 0.1000000015
86032  39.003  -7.447  64.773 0.1000000015
85118  38.938  -7.941  64.844 0.1000000015
86955  38.727  -7.202  64.370 0.1000000015
86967  37.754  -7.282  63.146 0.2000000030
86064  36.942  -7.500  62.830 0.2000000030
148592  36.464  -7.955  63.376 0.2000000030
86080  34.817  -7.018  61.685 0.2000000030
146412  44.198  -3.789  69.055 0.2000000030
86965  39.198  -6.684  64.041 0.1000000015
86988  36.316  -6.478  61.007 0.2000000030
86997  35.501  -6.196  60.708 0.2000000030
144829  45.082  -3.850  68.692 0.2000000030
87900  36.061  -5.049  59.915 0.2000000030
87889  36.273  -5.732  60.309 0.2000000030
148980  35.310  -3.906  60.188 0.2000000030
87891  34.386  -5.108  60.695 0.2000000030
90435  49.016  -2.534  64.508 0.2000000030
91259  45.493  -1.301  66.366 0.1000000015
90480  35.191  -2.813  60.585 0.2000000030
94574  46.505  3.208  66.372 0.3000000119
93049  46.547  0.728  64.931 0.1000000015
144591  34.908  -2.075  60.890 0.2000000030
95460  44.094  4.011  65.393 0.3000000119
142425  44.188  1.823  63.516 0.1000000015
94616  43.960  2.398  64.204 0.1000000015
92247  35.028  -0.015  61.238 0.2000000030
93838  34.316  2.585  61.929 0.2000000030
94589  46.329  2.758  65.813 0.3000000119
94592  43.849  3.567  65.141 0.3000000119
94605  44.297  2.964  64.856 0.1000000015
95546  34.460  3.748  59.909 0.2000000030
94708  35.843  2.800  55.144 0.3000000119
95585  35.513  3.391  55.438 0.3000000119
97260  40.676  4.926  50.713 0.4000000060
96462  39.464  4.301  51.157 0.4000000060
136497  38.077  3.871  51.763 0.4000000060
95623  39.022  3.731  51.613 0.3000000119
95613  39.476  3.220  52.183 0.4000000060
95603  37.386  2.952  53.073 0.4000000060
95604  36.492  3.338  53.364 0.3000000119
98729  49.366  7.294  48.206 0.6999999881
98744  47.171  7.463  47.685 0.6000000238
150870  46.423  7.887  47.590 0.5000000000
98055  44.018  6.605  48.673 0.4000000060
151742  42.332  6.260  49.328 0.3000000119
98024  41.765  5.968  49.637 0.4000000060
98025  40.179  6.136  49.711 0.4000000060
85056  35.390  -8.649  70.794 0.1000000015
85057  34.544  -8.583  70.748 0.1000000015
85960  33.498  -7.755  71.628 0.1000000015
81269  40.137  -11.891  68.797 0.1000000015
82267  39.318  -11.733  68.714 0.1000000015
85060  32.008  -8.289  70.188 0.1000000015
81278  39.579  -12.491  68.425 0.1000000015
156115  39.781  -14.181  68.378 0.1000000015
81286  38.268  -13.015  67.777 0.1000000015
79247  38.916  -14.489  67.458 0.1000000015
78328  39.486  -15.548  66.516 0.1000000015
78356  41.797  -15.394  63.683 0.1000000015
149051  41.192  -14.686  63.731 0.1000000015
85121  30.633  -7.798  65.702 0.1000000015
83245  47.372  -9.814  67.444 0.2000000030
141300  47.248  -9.872  66.416 0.2000000030
83275  45.497  -10.669  65.084 0.2000000030
81324  43.771  -12.240  62.972 0.2000000030
81310  42.377  -12.547  63.817 0.1000000015
79295  42.538  -14.198  62.855 0.1000000015
150256  45.118  -10.506  66.443 0.2000000030
83260  45.359  -10.646  66.115 0.2000000030
154500  44.228  -11.360  64.899 0.2000000030
83292  45.685  -10.673  63.826 0.2000000030
82339  44.497  -11.802  62.699 0.2000000030
156704  43.158  -11.640  64.929 0.2000000030
81301  43.177  -11.976  64.119 0.2000000030
83231  44.586  -9.888  66.910 0.2000000030
83249  43.961  -10.365  66.214 0.1000000015
82305  42.493  -10.936  65.270 0.1000000015
83264  41.966  -10.196  65.021 0.1000000015
86910  45.379  -6.803  67.671 0.2000000030
86927  45.139  -6.512  66.717 0.2000000030
83263  42.620  -10.041  65.626 0.1000000015
149201  32.388  -5.903  62.526 0.2000000030
87853  44.919  -5.661  64.493 0.2000000030
87892  33.666  -4.915  61.203 0.2000000030
91228  45.662  -1.944  68.596 0.2000000030
91240  45.940  -1.494  68.169 0.2000000030
92200  45.761  -1.294  67.051 0.2000000030
88759  34.245  -4.325  60.950 0.2000000030
155867  46.302  -0.870  66.866 0.2000000030
92208  46.727  -0.242  66.274 0.2000000030
148889  34.556  -1.326  61.163 0.2000000030
93048  46.627  1.413  65.209 0.2000000030
152121  34.205  -0.420  61.372 0.2000000030
96438  35.633  4.226  54.206 0.3000000119
96463  38.523  4.363  51.214 0.4000000060
96449  37.144  4.075  52.017 0.3000000119
97262  37.110  5.170  51.121 0.3000000119
97261  37.996  4.989  50.841 0.3000000119
95615  37.679  3.464  52.390 0.4000000060
96450  36.329  4.406  52.451 0.3000000119
100130  47.489  9.241  47.679 0.6999999881
98746  44.837  7.690  47.712 0.4000000060
98734  43.693  7.191  48.201 0.4000000060
98057  42.537  6.709  48.766 0.4000000060
98045  39.424  6.803  49.452 0.3000000119
97271  38.462  5.631  50.344 0.3000000119
79244  41.219  -14.755  68.695 0.1000000015
79245  40.382  -14.674  68.480 0.1000000015
77364  40.979  -16.501  66.776 0.2000000030
78319  39.794  -15.565  67.371 0.1000000015
137009  41.935  -16.683  67.076 0.1000000015
77387  41.833  -16.494  64.875 0.2000000030
78327  40.201  -16.096  66.629 0.1000000015
77381  40.951  -16.397  65.239 0.1000000015
78355  42.630  -15.645  63.436 0.2000000030
83300  47.067  -10.763  62.459 0.2000000030
79285  43.057  -15.222  62.917 0.2000000030
81333  46.004  -12.369  61.732 0.2000000030
82337  46.412  -11.480  61.912 0.2000000030
86896  47.325  -7.416  68.525 0.2000000030
90424  47.555  -2.698  65.873 0.2000000030
90468  34.334  -2.817  61.838 0.2000000030
92248  33.451  -0.497  61.821 0.2000000030
94640  32.823  2.650  61.542 0.2000000030
94641  32.166  2.521  61.758 0.2000000030
149752  32.551  0.864  62.328 0.2000000030
94633  31.752  2.181  62.255 0.2000000030
158454  32.941  4.739  59.337 0.3000000119
95530  32.670  3.864  60.627 0.2000000030
97207  33.868  4.893  57.517 0.3000000119
97218  34.363  5.513  57.045 0.3000000119
97263  36.358  5.627  51.440 0.3000000119
158175  36.881  5.634  50.958 0.3000000119
96451  35.796  4.716  53.049 0.3000000119
97245  35.664  4.873  53.790 0.3000000119
99454  46.026  8.615  47.565 0.6000000238
99456  44.296  8.399  47.662 0.4000000060
98748  43.462  8.066  47.864 0.4000000060
98736  42.099  7.588  48.473 0.4000000060
98719  40.769  7.068  48.941 0.4000000060
98720  40.024  7.416  49.073 0.4000000060
98721  38.445  7.332  49.536 0.4000000060
98027  37.652  6.278  50.301 0.3000000119
77370  43.572  -16.909  66.525 0.1000000015
77353  42.639  -16.480  67.888 0.1000000015
77378  44.233  -16.411  64.494 0.1000000015
78344  44.042  -16.082  63.664 0.2000000030
77386  42.680  -16.465  64.453 0.2000000030
138690  33.534  -3.242  62.853 0.1000000015
160121  44.826  -5.499  65.687 0.2000000030
93060  32.258  0.489  62.903 0.2000000030
95531  31.780  3.967  60.893 0.2000000030
95513  31.083  3.931  61.465 0.2000000030
97190  32.207  5.852  59.517 0.2000000030
159281  33.857  6.535  57.641 0.3000000119
97231  36.058  5.714  55.100 0.3000000119
100132  45.536  9.487  47.755 0.5000000000
100806  44.693  10.635  48.387 0.3000000119
99445  43.034  8.858  48.153 0.4000000060
100807  43.268  10.328  48.382 0.4000000060
100125  41.755  9.978  48.550 0.4000000060
99447  41.378  8.412  48.539 0.4000000060
98010  36.011  6.456  51.455 0.3000000119
97239  35.896  5.708  54.212 0.3000000119
99448  40.570  8.614  48.685 0.4000000060
99435  39.147  8.724  49.074 0.4000000060
98722  37.699  7.702  49.726 0.4000000060
146451  37.084  6.820  50.414 0.4000000060
98713  36.324  7.028  50.822 0.4000000060
154444  47.395  -14.805  65.137 0.1000000015
78341  46.253  -15.287  64.512 0.1000000015
78335  45.088  -16.030  64.608 0.1000000015
78342  45.553  -15.571  64.173 0.1000000015
97179  30.702  5.478  61.434 0.2000000030
98667  32.901  7.206  58.633 0.2000000030
97932  32.866  6.522  58.590 0.2000000030
98656  31.534  7.334  60.288 0.2000000030
97931  33.399  6.672  58.076 0.2000000030
97938  34.405  6.451  57.258 0.2000000030
97949  35.762  6.307  56.367 0.3000000119
100808  42.449  10.491  48.575 0.3000000119
97995  35.720  6.616  52.209 0.3000000119
135430  35.811  6.651  52.967 0.3000000119
97985  35.920  6.219  53.481 0.3000000119
100127  39.977  9.113  48.833 0.4000000060
98712  36.948  7.577  50.216 0.4000000060
99438  36.734  8.972  49.974 0.4000000060
98705  35.734  7.391  51.686 0.4000000060
134700  34.123  9.840  61.278 0.2000000030
100035  35.440  9.795  60.632 0.2000000030
100713  35.732  10.248  61.203 0.2000000030
146545  32.054  8.704  61.084 0.2000000030
99358  33.133  8.793  60.105 0.2000000030
100024  33.228  9.547  61.585 0.2000000030
100037  33.632  9.331  60.681 0.2000000030
98653  31.313  7.550  61.061 0.2000000030
99370  32.023  7.933  59.900 0.2000000030
99359  32.330  8.513  60.331 0.2000000030
100036  34.630  9.515  60.453 0.2000000030
100046  34.733  9.125  59.702 0.2000000030
99366  35.168  8.937  59.088 0.2000000030
99367  34.334  8.711  59.198 0.2000000030
99368  33.494  8.500  59.357 0.2000000030
99369  32.691  8.259  59.579 0.2000000030
99382  33.097  7.929  58.878 0.2000000030
99378  36.521  8.683  58.351 0.3000000119
99380  34.751  8.460  58.470 0.2000000030
99391  36.122  8.183  57.736 0.2000000030
98672  35.737  7.495  57.323 0.2000000030
99381  33.887  8.209  58.638 0.2000000030
98665  34.360  7.830  58.014 0.2000000030
98682  36.192  6.949  56.771 0.2000000030
101532  43.591  11.681  49.031 0.3000000119
101545  42.198  11.240  48.900 0.3000000119
100793  39.245  10.543  49.333 0.4000000060
100111  39.248  9.611  49.122 0.4000000060
150957  36.383  7.030  53.604 0.2000000030
97973  37.258  6.975  54.430 0.2000000030
100792  40.226  10.863  49.243 0.4000000060
146483  38.623  9.977  49.342 0.4000000060
100104  35.720  9.220  51.001 0.4000000060
98680  37.856  7.145  56.482 0.2000000030
98681  37.065  7.027  56.640 0.2000000030
99415  37.411  8.232  53.737 0.3000000119
137677  50.719  -6.368  37.632 0.2000000030
87158  49.738  -6.423  37.998 0.3000000119
87144  48.804  -6.518  38.578 0.2000000030
102989  41.264  14.355  51.453 0.4000000060
88064  51.305  -5.744  37.387 0.4000000060
88055  50.594  -5.190  38.687 0.4000000060
88074  51.039  -5.859  37.264 0.4000000060
88063  52.171  -5.906  37.445 0.4000000060
87171  51.121  -6.048  37.217 0.4000000060
158956  51.740  -6.137  37.285 0.2000000030
87169  52.539  -6.133  37.493 0.3000000119
87173  48.880  -5.963  37.642 0.2000000030
87159  47.915  -6.192  38.398 0.2000000030
87145  47.034  -6.279  38.985 0.2000000030
87146  46.179  -6.477  39.493 0.1000000015
87162  44.937  -5.902  38.654 0.1000000015
88067  44.818  -5.308  38.243 0.1000000015
106558  39.515  18.579  55.137 0.2000000030
106564  37.713  19.284  53.604 0.2000000030
105847  39.266  17.821  55.587 0.2000000030
88056  49.877  -4.928  39.564 0.4000000060
88915  50.619  -5.224  37.778 0.4000000060
88922  50.444  -5.358  37.268 0.4000000060
87172  50.004  -6.004  37.334 0.3000000119
87160  47.071  -5.914  38.335 0.2000000030
87161  46.058  -5.967  38.661 0.1000000015
88066  45.604  -5.393  38.015 0.1000000015
142621  44.266  -5.224  38.375 0.1000000015
88080  44.851  -4.789  37.923 0.1000000015
88933  44.738  -4.391  37.713 0.2000000030
89811  44.317  -3.946  37.785 0.2000000030
91475  45.709  -2.192  37.537 0.2000000030
92410  46.662  -0.945  38.026 0.2000000030
159824  49.180  -5.033  41.026 0.4000000060
88916  49.982  -4.651  38.498 0.4000000060
88923  49.968  -4.673  37.458 0.4000000060
88086  49.424  -5.069  36.718 0.3000000119
88076  49.319  -5.436  36.981 0.3000000119
88087  48.765  -4.985  36.468 0.3000000119
88077  48.338  -5.369  36.943 0.3000000119
141012  47.228  -5.129  37.082 0.3000000119
87174  47.701  -5.666  37.700 0.2000000030
88065  46.614  -5.497  37.829 0.2000000030
88078  46.181  -4.997  37.248 0.1000000015
88079  45.423  -4.886  37.554 0.1000000015
88932  45.430  -4.367  37.142 0.1000000015
92387  46.707  -0.498  41.449 0.1000000015
89810  45.638  -3.329  36.640 0.2000000030
92386  47.312  -0.074  40.995 0.1000000015
93215  47.770  0.418  40.432 0.1000000015
92403  47.198  -0.413  38.961 0.2000000030
88902  49.259  -4.665  40.397 0.4000000060
152775  49.322  -4.319  39.491 0.4000000060
89801  49.426  -4.059  37.076 0.4000000060
88930  49.686  -4.803  36.827 0.4000000060
89808  49.107  -4.153  36.405 0.4000000060
88938  49.021  -4.588  36.426 0.3000000119
88088  47.819  -4.784  36.427 0.3000000119
88089  46.728  -4.547  36.548 0.2000000030
88941  46.110  -4.184  36.460 0.2000000030
92378  46.546  -0.335  42.274 0.1000000015
88942  45.786  -3.794  36.498 0.2000000030
90647  45.014  -3.365  37.367 0.2000000030
92395  47.294  -0.206  40.057 0.2000000030
154815  46.777  -0.665  39.759 0.2000000030
89802  48.901  -3.322  37.698 0.5000000000
89809  48.846  -3.504  36.635 0.4000000060
152677  48.696  -4.066  36.102 0.4000000060
88939  48.290  -4.313  36.077 0.3000000119
89815  48.233  -3.602  35.782 0.4000000060
154011  46.697  -4.069  36.113 0.2000000030
144909  47.752  0.308  39.480 0.2000000030
150174  48.303  0.843  39.915 0.2000000030
93224  47.822  0.266  38.390 0.2000000030
93223  48.345  0.784  38.977 0.2000000030
93205  48.237  0.940  40.675 0.2000000030
94805  48.959  2.081  40.917 0.2000000030
91472  49.151  -0.936  35.820 0.3000000119
92429  48.761  -0.397  35.227 0.3000000119
91488  47.175  -2.025  35.757 0.3000000119
145200  46.597  -2.218  36.088 0.2000000030
91481  46.704  -1.657  36.412 0.2000000030
92415  49.801  -0.452  36.292 0.3000000119
91478  49.018  -0.684  35.376 0.3000000119
91480  47.584  -1.250  35.554 0.3000000119
92430  48.203  -0.817  35.315 0.3000000119
92417  46.954  -0.979  36.913 0.2000000030
92423  47.974  -0.397  35.566 0.2000000030
93243  48.354  0.263  35.994 0.2000000030
92416  47.635  -0.346  36.461 0.2000000030
92409  47.392  -0.366  37.672 0.2000000030
93978  48.727  1.508  40.270 0.2000000030
93985  48.887  1.320  38.542 0.2000000030
157827  48.686  1.285  39.423 0.2000000030
92422  49.592  -0.232  35.486 0.3000000119
92407  50.460  0.067  36.788 0.4000000060
92421  49.975  0.376  35.479 0.4000000060
93254  50.263  0.785  35.570 0.4000000060
93249  49.370  0.649  35.459 0.2000000030
93256  49.084  0.205  35.172 0.3000000119
93234  48.039  0.283  37.154 0.2000000030
94799  48.485  2.236  41.608 0.1000000015
95697  48.766  3.666  41.744 0.2000000030
93233  48.527  0.778  37.873 0.2000000030
97309  48.320  5.615  41.531 0.2000000030
93240  52.026  0.783  36.558 0.4000000060
94798  48.966  2.809  41.332 0.1000000015
96561  43.156  4.262  38.174 0.3000000119
93248  50.602  0.728  35.822 0.4000000060
93247  51.378  0.922  36.127 0.4000000060
143704  48.977  0.691  35.709 0.2000000030
94804  49.541  2.706  40.626 0.2000000030
94013  50.252  1.262  35.497 0.3000000119
93984  49.295  1.734  39.336 0.2000000030
94003  49.544  1.167  36.123 0.2000000030
93993  49.217  1.282  37.401 0.3000000119
98079  47.873  6.210  41.068 0.2000000030
139014  47.493  6.673  40.345 0.3000000119
93230  53.303  0.663  37.823 0.4000000060
93238  53.590  0.955  37.509 0.4000000060
96560  43.780  4.614  37.806 0.4000000060
96550  43.717  4.648  38.772 0.3000000119
94007  51.459  0.991  36.134 0.3000000119
96524  48.807  4.782  41.708 0.2000000030
97346  44.383  5.192  38.457 0.3000000119
94009  50.014  1.033  35.565 0.3000000119
94002  50.447  1.321  36.189 0.4000000060
94812  49.872  2.389  39.757 0.2000000030
140952  49.508  1.586  38.272 0.2000000030
98089  48.416  6.570  40.538 0.3000000119
98104  46.333  6.698  39.125 0.3000000119
96567  43.223  4.347  37.397 0.3000000119
93999  53.069  1.014  37.097 0.4000000060
96570  43.293  4.529  36.813 0.4000000060
94001  51.364  1.311  36.447 0.4000000060
94000  52.256  1.152  36.633 0.4000000060
97353  44.564  5.192  37.372 0.3000000119
93991  50.896  1.591  36.983 0.3000000119
98116  45.595  6.241  38.655 0.3000000119
97345  44.997  5.696  38.238 0.3000000119
98103  47.217  7.073  39.433 0.3000000119
98115  46.271  6.641  38.170 0.3000000119
151167  53.786  1.835  38.465 0.4000000060
94824  52.878  1.371  37.407 0.4000000060
94818  51.870  2.018  38.198 0.4000000060
96566  43.816  4.549  36.903 0.4000000060
94825  52.127  1.530  37.280 0.4000000060
94817  52.642  1.915  38.206 0.4000000060
94826  51.463  1.673  37.349 0.4000000060
94820  50.053  2.025  38.677 0.3000000119
94811  50.672  2.524  39.348 0.3000000119
97360  44.412  5.018  36.313 0.4000000060
97361  43.724  4.816  36.211 0.4000000060
97369  43.849  5.449  35.458 0.4000000060
97370  43.271  5.239  35.953 0.4000000060
93992  50.070  1.623  37.347 0.3000000119
140330  44.339  5.207  35.744 0.4000000060
98078  49.177  5.598  41.251 0.3000000119
98124  45.898  6.056  36.629 0.3000000119
154879  45.543  5.988  37.540 0.4000000060
97352  45.216  5.522  36.488 0.4000000060
150567  47.938  7.379  39.191 0.3000000119
150018  54.094  3.745  38.864 0.4000000060
95716  53.768  2.793  38.745 0.4000000060
96558  54.088  4.492  38.754 0.4000000060
95718  52.375  2.671  38.958 0.4000000060
94803  50.327  3.082  40.253 0.2000000030
159716  49.856  3.224  40.729 0.2000000030
95706  50.112  3.787  40.883 0.3000000119
96523  49.423  4.078  41.379 0.3000000119
98140  43.701  6.137  34.970 0.4000000060
98141  43.112  6.115  35.540 0.4000000060
98832  42.770  7.355  35.471 0.4000000060
97374  44.193  5.912  34.848 0.4000000060
98831  43.413  6.932  34.772 0.4000000060
141907  49.902  5.639  40.859 0.3000000119
97359  45.106  5.508  35.559 0.4000000060
97368  44.642  5.622  35.120 0.5000000000
98796  47.547  7.365  38.610 0.3000000119
98797  46.850  7.063  38.642 0.3000000119
139982  49.354  7.285  39.419 0.3000000119
98784  48.641  7.364  39.308 0.3000000119
98795  48.341  7.539  38.610 0.3000000119
98809  47.096  7.109  37.778 0.3000000119
101636  41.360  11.136  37.113 0.4000000060
100884  41.680  10.327  37.000 0.6000000238
96557  54.340  4.275  39.012 0.4000000060
100893  41.867  10.350  36.055 0.6000000238
100189  42.408  9.094  35.679 0.6000000238
148290  53.752  3.720  38.878 0.4000000060
95711  52.948  3.757  39.277 0.4000000060
99517  42.709  8.491  35.028 0.6000000238
95713  51.088  3.233  39.736 0.3000000119
98841  43.194  7.978  34.422 0.5000000000
95705  50.826  3.823  40.325 0.3000000119
96538  50.543  4.431  40.679 0.3000000119
97323  49.829  4.802  41.136 0.3000000119
98149  44.071  6.606  34.264 0.4000000060
150186  45.873  5.774  35.074 0.5000000000
97367  45.514  5.936  34.601 0.5000000000
98088  49.390  6.306  40.656 0.3000000119
98122  47.065  6.836  36.894 0.5000000000
98138  46.494  6.081  35.189 0.5000000000
98101  49.866  6.852  39.886 0.3000000119
139600  49.281  7.564  38.627 0.3000000119
134440  48.007  7.511  37.835 0.3000000119
102383  40.795  12.667  36.455 0.3000000119
101647  41.100  11.817  36.777 0.2000000030
102382  41.307  12.028  35.846 0.4000000060
101653  41.735  11.374  35.036 0.5000000000
101646  41.542  11.090  36.192 0.6000000238
96559  53.708  4.630  38.856 0.4000000060
136549  41.873  10.685  35.433 0.5000000000
100203  42.192  10.001  35.278 0.6000000238
96548  52.870  4.880  39.300 0.4000000060
100213  42.651  9.791  33.357 0.6000000238
100202  42.519  9.408  34.569 0.6000000238
96549  52.048  4.329  39.701 0.4000000060
97334  51.895  5.336  39.723 0.4000000060
99521  43.385  8.424  33.293 0.6000000238
144981  51.210  4.630  40.216 0.3000000119
97322  50.549  5.195  40.629 0.3000000119
98840  43.655  7.493  33.790 0.6000000238
98087  50.466  6.080  40.308 0.3000000119
98782  50.725  7.355  38.714 0.4000000060
98139  46.315  6.081  34.467 0.5000000000
139827  44.730  6.667  33.739 0.5000000000
133533  47.296  6.578  35.377 0.5000000000
140522  47.085  6.437  34.546 0.5000000000
98148  45.412  6.459  33.760 0.5000000000
98783  50.055  7.355  39.109 0.3000000119
144169  49.659  7.706  37.538 0.4000000060
150301  48.780  7.635  37.946 0.3000000119
98808  47.755  7.278  37.020 0.5000000000
102389  41.533  12.298  34.918 0.3000000119
102390  41.101  12.977  35.558 0.3000000119
97342  54.254  5.032  38.830 0.5000000000
97343  54.035  5.253  38.597 0.5000000000
97344  53.497  5.580  38.722 0.4000000060
100902  42.348  10.078  34.253 0.6000000238
100910  42.111  10.640  34.580 0.6000000238
97333  52.652  5.651  39.173 0.4000000060
98086  51.286  6.021  39.852 0.4000000060
98114  52.485  6.902  38.510 0.4000000060
98099  51.968  6.318  39.213 0.4000000060
98100  50.864  6.780  39.448 0.4000000060
98793  51.088  7.651  38.054 0.4000000060
98158  45.091  7.055  32.910 0.6000000238
98794  50.224  7.636  38.289 0.5000000000
148936  50.583  7.762  37.546 0.5000000000
98147  46.108  6.368  33.798 0.6999999881
98807  50.442  7.790  36.714 0.5000000000
141119  49.629  7.633  36.561 0.5000000000
98820  49.110  7.440  35.806 0.5000000000
98821  48.164  7.071  35.499 0.5000000000
98137  47.962  6.856  34.645 0.5000000000
98146  46.851  6.599  33.860 0.6999999881
98830  48.898  7.216  34.709 0.5000000000
98829  49.819  7.555  34.784 0.5000000000
137993  54.211  5.707  38.681 0.5000000000
98112  53.882  6.164  38.454 0.6000000238
98113  53.303  6.558  38.459 0.5000000000
98098  52.851  6.196  38.810 0.4000000060
98791  52.762  7.358  37.982 0.5000000000
98850  44.472  7.719  32.409 0.6999999881
98792  51.968  7.574  37.924 0.5000000000
98157  45.891  6.800  33.046 0.6999999881
98806  51.324  7.942  37.092 0.6000000238
155180  48.037  7.526  32.780 0.6999999881
98818  50.984  7.942  35.957 0.6000000238
98819  50.174  7.694  35.744 0.6000000238
98145  47.715  6.877  33.885 0.6000000238
98839  49.190  7.453  33.245 0.6000000238
98827  51.173  8.197  35.456 0.6000000238
98828  50.617  7.901  34.912 0.6000000238
154027  49.724  7.731  33.477 0.6000000238
98837  50.435  8.218  34.219 0.6000000238
98111  54.157  6.569  38.562 0.5000000000
99497  53.822  8.104  38.117 0.6000000238
98121  53.333  7.093  38.226 0.5000000000
98120  53.744  6.995  38.291 0.6000000238
99503  53.385  8.181  37.607 0.6999999881
98816  52.056  8.228  36.765 0.6000000238
156003  53.397  9.432  37.100 0.6999999881
98805  52.110  7.954  37.267 0.6000000238
98817  51.573  8.144  36.344 0.6000000238
99508  51.909  8.806  35.567 0.6000000238
99516  51.292  8.510  35.151 0.6999999881
98836  50.868  8.298  34.813 0.6999999881
144468  50.779  8.709  34.541 0.6999999881
154055  52.316  9.375  35.728 0.6000000238
100195  51.760  9.422  35.253 0.6999999881
106559  38.603  18.484  54.864 0.2000000030
106563  38.723  19.433  54.134 0.2000000030
88940  47.393  -4.220  36.036 0.3000000119
89816  47.746  -3.808  35.763 0.3000000119
89822  46.819  -3.154  35.762 0.2000000030
89817  46.166  -3.240  36.091 0.2000000030
91482  46.128  -2.261  36.667 0.2000000030
142159  48.593  -3.529  36.032 0.4000000060
90651  48.575  -2.670  36.053 0.3000000119
89795  49.326  -3.949  38.353 0.4000000060
93241  51.036  0.637  36.285 0.4000000060
100183  52.612  8.953  36.325 0.6000000238
99507  53.183  8.821  37.001 0.6000000238
88054  52.497  -5.650  38.093 0.4000000060
156862  51.112  -5.390  38.901 0.4000000060
86220  49.554  -6.811  38.870 0.2000000030
132783  51.485  -5.476  38.022 0.4000000060
87170  51.800  -6.121  37.303 0.4000000060
88075  50.166  -5.493  37.165 0.4000000060
88931  45.919  -4.605  36.910 0.2000000030
90653  46.073  -2.780  36.284 0.2000000030
145551  46.402  -3.676  36.076 0.2000000030
88948  47.090  -3.684  35.817 0.3000000119
91479  48.549  -1.591  35.652 0.3000000119
146591  48.231  -2.610  35.603 0.3000000119
92428  49.371  0.000  35.197 0.3000000119
91486  48.319  -1.374  35.387 0.3000000119
90657  47.316  -2.499  35.641 0.3000000119
90652  46.645  -2.678  35.889 0.3000000119
92424  47.265  -1.024  35.970 0.2000000030
93239  52.882  0.880  37.041 0.4000000060
93246  52.243  0.941  36.503 0.4000000060
98123  46.386  6.538  37.204 0.3000000119
95717  53.193  2.712  38.834 0.4000000060
94819  50.926  2.034  38.138 0.3000000119
94810  51.493  2.611  39.059 0.3000000119
98130  46.615  6.408  36.184 0.4000000060
100190  42.082  9.654  36.350 0.6000000238
95712  51.908  3.411  39.515 0.4000000060
95704  51.431  3.881  39.944 0.3000000119
99522  42.911  8.926  33.898 0.6000000238
98159  44.276  7.240  33.307 0.6000000238
138999  48.723  7.535  37.018 0.4000000060
102375  40.562  12.369  37.316 0.2000000030
98851  43.813  7.939  32.727 0.6000000238
159373  41.868  11.807  34.248 0.5000000000
98781  51.529  7.159  38.655 0.5000000000
98803  53.241  7.614  37.849 0.6000000238
98815  52.683  8.312  37.104 0.6000000238
89821  47.623  -3.108  35.568 0.3000000119
90656  47.859  -2.249  35.453 0.3000000119
100090  35.633  9.507  53.172 0.2000000030
100089  36.817  8.710  53.660 0.2000000030
104365  36.659  15.257  56.072 0.2000000030
103668  36.470  14.445  56.174 0.2000000030
102944  36.318  13.588  56.094 0.2000000030
103669  35.714  14.247  55.707 0.2000000030
102228  35.338  12.652  55.162 0.2000000030
101489  36.345  11.400  55.376 0.2000000030
102951  34.991  13.919  54.361 0.2000000030
102236  35.029  12.230  53.518 0.2000000030
101492  35.317  11.115  54.216 0.2000000030
100754  36.495  10.100  54.434 0.2000000030
100088  37.897  8.765  53.939 0.2000000030
102958  34.955  13.291  53.836 0.2000000030
101504  35.243  11.463  52.828 0.2000000030
100761  35.328  10.718  53.441 0.2000000030
142094  35.358  10.585  52.566 0.3000000119
100093  35.444  9.819  52.456 0.2000000030
102943  37.161  13.846  56.562 0.2000000030
104369  36.100  15.758  55.413 0.2000000030
102221  36.567  12.751  56.069 0.2000000030
101488  37.342  11.181  55.623 0.2000000030
103674  35.357  14.705  55.172 0.2000000030
103703  35.209  13.966  53.072 0.2000000030
156331  37.065  13.175  56.453 0.2000000030
100753  37.608  9.962  54.647 0.2000000030
102246  35.299  12.246  52.736 0.2000000030
102264  35.536  11.940  52.054 0.2000000030
135403  38.361  9.363  54.348 0.2000000030
99414  38.263  8.256  54.068 0.2000000030
101515  35.436  11.113  51.890 0.3000000119
105114  39.561  16.488  56.313 0.1000000015
105115  38.760  16.321  56.166 0.1000000015
104363  38.484  15.579  56.426 0.2000000030
105119  39.000  17.081  55.931 0.1000000015
105116  37.875  16.155  55.978 0.1000000015
104364  37.561  15.435  56.291 0.2000000030
103666  38.191  14.848  56.662 0.2000000030
102215  37.950  13.168  56.832 0.2000000030
105121  37.286  16.706  55.404 0.1000000015
104368  36.940  16.013  55.805 0.2000000030
102219  38.381  12.139  56.736 0.2000000030
101487  38.205  10.956  55.777 0.2000000030
104375  35.185  15.715  53.815 0.2000000030
104399  35.260  14.804  52.838 0.2000000030
101484  37.866  11.678  56.127 0.2000000030
100752  38.660  9.952  54.797 0.2000000030
100078  38.940  8.978  54.126 0.2000000030
102975  35.287  12.983  52.980 0.3000000119
102245  35.710  12.727  52.243 0.2000000030
98693  38.665  7.883  54.523 0.2000000030
101514  35.912  11.629  51.244 0.3000000119
100103  36.224  9.522  50.427 0.3000000119
102840  38.711  13.062  68.166 0.1000000015
102114  37.690  12.123  67.060 0.1000000015
106562  39.731  19.372  54.610 0.1000000015
105844  39.831  17.211  56.126 0.1000000015
154008  39.918  16.106  56.517 0.1000000015
104362  39.423  15.752  56.575 0.1000000015
97914  31.409  7.441  62.764 0.1000000015
97915  30.937  6.653  62.334 0.1000000015
105849  37.564  17.461  55.051 0.1000000015
102941  38.718  13.641  57.268 0.2000000030
97917  30.727  6.219  61.678 0.1000000015
105126  35.871  16.892  54.164 0.2000000030
105127  35.441  16.452  53.697 0.2000000030
102214  38.908  12.694  57.274 0.2000000030
105855  35.562  17.088  53.084 0.2000000030
104388  35.103  15.526  52.992 0.2000000030
103702  35.794  14.299  52.484 0.3000000119
102218  39.325  11.656  57.047 0.2000000030
100751  39.454  9.556  54.575 0.2000000030
102973  36.588  13.885  52.024 0.3000000119
102974  35.802  13.493  52.415 0.3000000119
98685  38.718  7.560  55.305 0.2000000030
102994  36.409  13.214  51.807 0.3000000119
102280  36.637  12.105  50.743 0.2000000030
100780  36.276  10.389  50.366 0.3000000119
100796  36.966  9.893  49.784 0.3000000119
103544  39.742  14.160  69.134 0.1000000015
102090  39.625  12.666  69.825 0.1000000015
102089  39.951  12.615  70.474 0.1000000015
103558  39.774  14.364  68.184 0.1000000015
102851  39.203  13.820  67.677 0.1000000015
102868  39.348  13.826  66.641 0.1000000015
102852  38.669  13.275  67.150 0.1000000015
102113  38.278  12.476  67.569 0.1000000015
102127  38.180  12.796  66.605 0.1000000015
102128  37.573  12.416  66.143 0.1000000015
101359  36.609  11.247  66.212 0.1000000015
101374  36.953  12.021  65.701 0.1000000015
99999  34.734  9.459  65.397 0.1000000015
98646  32.860  8.243  64.275 0.1000000015
105846  40.130  17.924  55.755 0.1000000015
99350  31.880  8.075  63.136 0.1000000015
107298  39.913  20.159  54.112 0.1000000015
107299  38.873  20.427  53.237 0.1000000015
99356  31.601  8.195  61.454 0.1000000015
98652  31.323  7.486  61.898 0.1000000015
105852  37.744  18.270  54.545 0.1000000015
104357  39.869  15.093  57.084 0.1000000015
104358  39.030  14.986  56.845 0.2000000030
136954  36.895  18.879  53.317 0.1000000015
105853  36.893  18.008  54.196 0.1000000015
102940  39.441  13.263  57.734 0.2000000030
105864  35.797  18.025  52.171 0.2000000030
104387  35.401  16.211  52.356 0.2000000030
100736  39.700  10.494  55.734 0.2000000030
98684  39.362  8.168  54.862 0.2000000030
105141  35.984  17.706  51.069 0.2000000030
104386  35.877  16.485  51.507 0.2000000030
98679  38.570  7.445  56.228 0.2000000030
104385  36.480  17.080  50.684 0.2000000030
104409  37.397  14.873  51.732 0.2000000030
102262  36.964  12.905  51.126 0.3000000119
103007  37.850  13.307  50.856 0.3000000119
102279  37.500  12.505  50.389 0.2000000030
100779  36.950  10.834  49.860 0.3000000119
102290  38.027  12.035  49.731 0.4000000060
100794  38.282  10.567  49.480 0.3000000119
134006  37.899  9.880  49.508 0.3000000119
100618  41.728  10.529  70.760 0.1000000015
99954  42.655  9.340  70.028 0.1000000015
152994  40.277  12.495  71.008 0.1000000015
100609  43.029  10.113  71.622 0.1000000015
102827  39.822  13.688  70.015 0.1000000015
102069  40.995  12.048  71.995 0.1000000015
132733  42.353  10.634  71.998 0.1000000015
145760  41.255  15.060  68.332 0.1000000015
103543  40.320  14.557  69.535 0.1000000015
103533  40.377  14.402  70.349 0.1000000015
102070  40.453  13.000  71.623 0.1000000015
102793  41.352  13.094  73.433 0.1000000015
103573  39.911  14.345  67.176 0.1000000015
102804  40.470  14.008  71.478 0.1000000015
102803  40.722  13.938  72.080 0.1000000015
102794  40.952  13.680  72.827 0.1000000015
102880  39.634  13.635  65.563 0.1000000015
154747  39.486  13.254  64.801 0.1000000015
102869  38.766  13.362  66.111 0.1000000015
102137  38.174  12.924  65.635 0.1000000015
102881  38.832  13.259  65.169 0.1000000015
102151  38.198  12.862  64.734 0.1000000015
102139  36.832  12.158  64.653 0.1000000015
100653  35.805  9.894  66.219 0.1000000015
99998  35.347  9.455  65.896 0.1000000015
102153  37.267  12.196  63.778 0.1000000015
101376  35.643  11.169  65.068 0.1000000015
100672  35.026  10.816  64.650 0.1000000015
100006  34.268  9.821  64.786 0.1000000015
99344  34.028  9.172  65.027 0.1000000015
99345  33.462  8.805  64.620 0.1000000015
100682  34.358  10.687  63.405 0.1000000015
100683  33.807  10.291  62.938 0.1000000015
99348  33.060  9.094  63.885 0.1000000015
155367  33.848  10.154  62.092 0.1000000015
100012  32.780  9.236  63.071 0.1000000015
99352  32.218  8.698  62.702 0.1000000015
107293  41.584  19.470  55.283 0.1000000015
106557  40.407  18.640  55.376 0.1000000015
106556  41.277  18.739  55.620 0.1000000015
106553  40.950  18.059  55.967 0.1000000015
105843  40.662  17.365  56.301 0.1000000015
107336  41.158  17.632  49.048 0.1000000015
160369  40.010  17.944  48.965 0.1000000015
105113  40.375  16.528  56.550 0.1000000015
103660  40.322  14.468  57.707 0.2000000030
103661  39.406  14.256  57.445 0.2000000030
102213  39.787  12.285  57.578 0.2000000030
98669  38.282  7.613  57.057 0.2000000030
104384  37.548  16.690  50.570 0.2000000030
100740  39.983  10.102  54.976 0.2000000030
99408  40.066  8.747  54.580 0.2000000030
98678  39.297  7.875  55.810 0.2000000030
104408  38.225  15.237  51.560 0.2000000030
103716  37.461  14.226  51.706 0.3000000119
103715  38.374  14.497  51.574 0.3000000119
102992  38.197  13.958  51.352 0.3000000119
135090  40.160  14.729  51.674 0.3000000119
103005  39.798  13.863  50.942 0.3000000119
102277  39.358  13.092  50.156 0.3000000119
102990  40.452  14.343  51.460 0.3000000119
102276  40.293  13.214  50.147 0.3000000119
102289  38.967  12.245  49.670 0.4000000060
103004  40.756  13.853  50.805 0.3000000119
102288  39.914  12.390  49.667 0.3000000119
101536  39.578  11.504  49.465 0.3000000119
103010  41.982  13.280  49.993 0.3000000119
102286  41.720  12.614  49.590 0.3000000119
101534  41.422  11.738  49.263 0.2000000030
99296  44.409  8.047  70.625 0.1000000015
99952  44.052  8.645  70.826 0.1000000015
103572  40.708  14.733  67.624 0.1000000015
103556  41.711  15.284  69.075 0.1000000015
104225  41.700  15.213  70.052 0.1000000015
103532  40.985  14.872  70.648 0.1000000015
102785  41.446  14.249  73.388 0.1000000015
102775  41.930  13.919  74.723 0.1000000015
153209  40.628  14.480  66.758 0.1000000015
136999  40.184  14.140  66.238 0.1000000015
102878  41.682  13.619  65.406 0.1000000015
102879  40.702  13.766  65.406 0.1000000015
102891  40.287  13.302  64.769 0.1000000015
102150  39.839  12.816  64.253 0.1000000015
143901  38.958  12.921  64.385 0.1000000015
102163  38.234  12.480  63.854 0.1000000015
102162  39.289  12.391  63.729 0.1000000015
101415  37.738  11.965  63.140 0.1000000015
141902  36.932  11.796  63.204 0.1000000015
101416  36.319  11.791  63.783 0.1000000015
101394  35.547  11.378  64.250 0.1000000015
101433  38.263  11.131  62.643 0.1000000015
101435  36.175  11.379  62.783 0.1000000015
143279  35.359  10.990  62.519 0.1000000015
100695  34.544  10.649  62.496 0.1000000015
106552  41.831  18.114  56.194 0.1000000015
108006  39.015  18.972  49.932 0.1000000015
105112  41.333  16.878  56.785 0.1000000015
105110  41.042  15.991  56.964 0.1000000015
104356  40.718  15.257  57.283 0.1000000015
155460  39.999  13.758  57.977 0.2000000030
99389  37.928  8.035  57.759 0.2000000030
101482  39.971  10.791  56.394 0.2000000030
100735  40.582  10.351  55.510 0.2000000030
99397  39.068  7.837  56.791 0.2000000030
99401  40.057  8.353  55.266 0.2000000030
143219  43.159  12.197  49.422 0.2000000030
102285  43.995  12.269  49.579 0.2000000030
99499  40.968  8.571  38.576 0.2000000030
155500  40.398  8.671  39.222 0.3000000119
98799  40.572  7.850  38.640 0.2000000030
98823  42.008  7.838  36.798 0.3000000119
98798  41.208  8.068  38.078 0.2000000030
98126  41.229  6.538  37.529 0.2000000030
155693  42.333  7.355  36.292 0.3000000119
135240  41.878  6.807  36.844 0.3000000119
98125  41.677  5.850  37.094 0.3000000119
97362  42.984  4.816  36.474 0.3000000119
103584  42.365  14.474  66.771 0.1000000015
103571  41.765  14.908  67.496 0.1000000015
102866  42.044  14.059  66.079 0.1000000015
102890  41.267  13.174  64.753 0.1000000015
102149  40.769  12.614  64.280 0.1000000015
102161  40.266  12.173  63.751 0.1000000015
101413  39.747  11.637  63.272 0.1000000015
101414  38.724  11.866  63.194 0.1000000015
100692  37.754  10.699  62.188 0.1000000015
101434  37.268  11.305  62.670 0.1000000015
100694  35.970  10.732  61.947 0.1000000015
132713  35.154  10.568  61.804 0.1000000015
108663  42.635  21.305  54.415 0.1000000015
107975  41.965  20.138  54.998 0.1000000015
107292  42.461  19.565  55.559 0.1000000015
106555  42.121  18.853  55.805 0.1000000015
105109  41.882  16.219  57.216 0.1000000015
99377  37.485  8.701  58.486 0.2000000030
101473  40.345  11.309  57.075 0.2000000030
99407  40.649  9.101  54.494 0.2000000030
102275  42.583  12.806  49.694 0.3000000119
100173  41.027  9.356  38.696 0.3000000119
99504  41.708  8.401  37.420 0.2000000030
99498  41.456  8.925  38.075 0.3000000119
99510  42.451  8.166  36.027 0.3000000119
99511  42.168  8.762  36.641 0.4000000060
98822  42.469  6.538  36.171 0.3000000119
98133  42.154  5.991  36.601 0.3000000119
98132  42.678  5.596  36.225 0.3000000119
97363  42.294  5.206  36.794 0.3000000119
98156  46.606  6.932  33.209 0.6000000238
103570  42.651  14.771  67.471 0.1000000015
102148  41.706  12.338  64.408 0.1000000015
101391  42.025  11.663  64.139 0.1000000015
101392  41.188  11.862  63.933 0.1000000015
100681  41.115  10.901  62.975 0.1000000015
101432  39.237  11.077  62.782 0.1000000015
100691  38.825  10.605  62.264 0.1000000015
100690  39.660  10.582  62.276 0.1000000015
100702  39.186  10.228  61.607 0.1000000015
100703  38.316  10.357  61.714 0.1000000015
100693  36.876  10.763  62.096 0.1000000015
100020  38.635  10.040  61.149 0.1000000015
100021  38.002  10.040  60.983 0.1000000015
100704  37.470  10.364  61.507 0.1000000015
135548  39.063  9.515  60.301 0.1000000015
100043  38.496  9.311  59.761 0.1000000015
100705  36.605  10.328  61.324 0.1000000015
107981  42.327  20.757  54.699 0.1000000015
99363  38.169  8.976  58.971 0.2000000030
99364  37.486  9.274  59.448 0.1000000015
107291  43.315  19.704  55.842 0.1000000015
106551  42.552  18.418  56.275 0.1000000015
99376  38.430  8.523  58.326 0.2000000030
100044  36.550  9.357  59.672 0.1000000015
105842  41.867  17.460  56.642 0.1000000015
105835  42.224  16.984  57.066 0.1000000015
99387  39.602  8.265  57.344 0.2000000030
103656  40.843  13.663  58.263 0.2000000030
99400  40.801  8.800  54.802 0.2000000030
99396  39.896  8.181  56.323 0.2000000030
100749  41.104  9.695  54.652 0.2000000030
108021  39.943  18.228  48.203 0.1000000015
102411  44.017  11.982  31.840 0.5000000000
101665  43.776  11.160  31.969 0.5000000000
101670  43.682  11.211  31.962 0.5000000000
102412  43.552  12.078  31.858 0.5000000000
100871  40.943  10.324  38.622 0.3000000119
100925  43.369  10.804  32.026 0.5000000000
101666  43.046  11.411  32.184 0.5000000000
100172  41.439  9.849  37.964 0.3000000119
100908  44.008  10.432  33.733 0.5000000000
137156  43.830  10.414  31.854 0.5000000000
100180  41.813  9.325  37.281 0.4000000060
100907  44.340  9.964  33.294 0.5000000000
100892  45.449  10.008  36.715 0.5000000000
100200  45.059  9.468  34.910 0.6000000238
154320  44.713  9.587  34.002 0.5000000000
100187  45.796  9.572  35.835 0.6000000238
145809  47.277  8.004  32.356 0.6000000238
98857  46.270  7.862  32.239 0.6000000238
100220  49.424  8.542  33.426 0.6000000238
99530  48.711  8.248  32.794 0.6000000238
100906  50.728  9.465  34.894 0.6000000238
100207  49.942  9.098  34.051 0.6000000238
99529  49.733  8.277  33.368 0.6000000238
98847  49.551  7.857  33.060 0.6000000238
99520  50.180  8.528  33.894 0.6000000238
102877  42.585  13.330  65.542 0.1000000015
102865  42.919  13.806  66.184 0.1000000015
102864  43.704  13.524  66.377 0.1000000015
102135  43.027  12.548  65.180 0.1000000015
102147  42.578  12.120  64.602 0.1000000015
141950  42.215  11.377  63.789 0.1000000015
101411  41.558  11.330  63.582 0.1000000015
100680  41.953  10.983  63.247 0.1000000015
100701  40.462  10.177  61.368 0.1000000015
100030  40.329  9.784  60.697 0.1000000015
100031  39.662  9.629  60.482 0.1000000015
107980  43.223  20.960  54.973 0.1000000015
100042  39.510  9.266  59.698 0.2000000030
99362  38.947  8.945  58.941 0.2000000030
107974  42.842  20.269  55.306 0.1000000015
100054  39.843  8.904  58.804 0.2000000030
107285  42.901  19.014  56.087 0.1000000015
99374  40.169  8.618  57.921 0.2000000030
99375  39.281  8.522  58.184 0.2000000030
105841  42.586  17.773  56.751 0.1000000015
100734  41.513  10.258  55.320 0.2000000030
99394  41.510  9.006  55.209 0.2000000030
99395  40.762  8.517  55.710 0.2000000030
105834  43.035  17.173  57.299 0.1000000015
104355  41.539  15.496  57.540 0.1000000015
101481  40.980  10.591  56.243 0.2000000030
100738  41.724  9.880  54.928 0.2000000030
135862  38.785  20.282  50.652 0.1000000015
102939  40.246  12.910  58.095 0.2000000030
108682  38.399  19.624  50.059 0.1000000015
102406  42.798  12.322  32.391 0.5000000000
102398  42.309  11.824  33.237 0.4000000060
101658  42.536  11.040  32.857 0.5000000000
100234  43.557  10.219  31.930 0.5000000000
100919  42.872  10.479  32.477 0.5000000000
100909  42.391  10.524  33.549 0.4000000060
100917  44.220  10.008  31.950 0.5000000000
100225  43.134  9.910  32.385 0.5000000000
100212  44.667  9.514  32.870 0.6000000238
100232  44.158  9.483  31.648 0.6000000238
138944  46.897  9.220  35.697 0.6000000238
100210  46.493  8.842  33.935 0.6000000238
138420  45.159  9.051  32.469 0.6000000238
100185  48.626  9.540  35.982 0.6000000238
100186  47.608  9.490  36.373 0.6000000238
145847  47.969  9.199  35.357 0.6000000238
98858  45.323  8.052  31.997 0.6000000238
100199  48.998  9.336  34.939 0.6000000238
99539  48.067  8.092  32.531 0.6000000238
100221  48.650  8.574  33.318 0.6000000238
100900  50.336  9.726  35.308 0.6000000238
100198  49.858  9.416  34.650 0.6000000238
100208  49.323  9.007  34.022 0.6000000238
100889  50.895  10.206  36.002 0.6999999881
102134  43.800  12.303  65.489 0.1000000015
102876  43.405  13.038  65.750 0.1000000015
102146  43.396  11.965  64.912 0.1000000015
102863  44.438  13.283  66.618 0.1000000015
101409  43.373  11.441  63.948 0.1000000015
148928  43.068  11.279  63.265 0.1000000015
100687  42.501  10.951  62.818 0.1000000015
100700  42.604  10.690  61.631 0.1000000015
100688  41.659  10.611  62.287 0.2000000030
132648  41.733  10.331  61.188 0.2000000030
100712  41.030  9.961  60.901 0.2000000030
100029  41.640  9.842  60.265 0.2000000030
132847  40.853  9.523  60.149 0.2000000030
100052  41.744  9.106  58.044 0.2000000030
100062  41.117  8.789  57.446 0.2000000030
100053  40.783  8.958  58.526 0.2000000030
107284  43.691  19.136  56.316 0.1000000015
100070  42.419  9.886  55.366 0.2000000030
99385  41.466  8.750  56.229 0.2000000030
106549  44.199  18.685  56.764 0.1000000015
106550  43.298  18.405  56.608 0.1000000015
105840  43.336  17.770  57.036 0.1000000015
102211  41.734  11.710  57.556 0.2000000030
101480  41.956  10.493  56.023 0.2000000030
100071  41.914  9.569  55.058 0.2000000030
105108  42.688  16.446  57.531 0.1000000015
104354  42.349  15.744  57.830 0.1000000015
103655  41.734  13.957  58.524 0.2000000030
102212  40.732  11.926  57.683 0.2000000030
102396  44.454  12.585  32.652 0.5000000000
102404  44.446  12.662  31.618 0.5000000000
103124  43.315  12.979  31.963 0.4000000060
103115  42.493  13.230  32.809 0.3000000119
102399  41.856  12.489  34.031 0.4000000060
103099  41.433  13.179  34.636 0.2000000030
101659  42.122  11.178  33.922 0.4000000060
100224  43.605  9.567  31.929 0.6000000238
132542  44.726  9.045  31.893 0.6000000238
100233  43.953  9.760  31.571 0.6000000238
99535  43.189  9.272  32.797 0.6000000238
135235  47.234  8.901  34.633 0.6000000238
98864  44.702  8.489  31.860 0.6000000238
99534  43.624  8.779  32.255 0.6000000238
132578  46.174  8.683  32.991 0.6000000238
99541  45.044  8.509  32.018 0.6000000238
99532  46.877  8.319  32.599 0.6000000238
100890  50.106  10.029  36.219 0.6999999881
100184  49.571  9.651  35.575 0.6000000238
100222  47.457  8.603  33.385 0.6000000238
100876  50.687  10.512  36.892 0.6999999881
102133  44.535  12.161  65.790 0.1000000015
101373  44.179  11.869  65.283 0.1000000015
101357  45.283  12.117  66.046 0.1000000015
101390  43.762  11.653  64.678 0.1000000015
134909  43.828  11.450  63.122 0.1000000015
100686  43.246  11.172  62.401 0.1000000015
100699  43.475  10.979  61.428 0.2000000030
100711  42.442  10.265  60.466 0.2000000030
133204  43.292  10.577  60.571 0.2000000030
152371  43.067  9.825  58.750 0.2000000030
142911  44.745  19.343  56.638 0.1000000015
134901  42.445  9.467  58.464 0.2000000030
107283  44.241  19.784  56.122 0.1000000015
106536  44.508  18.012  57.215 0.1000000015
105832  44.798  17.434  57.706 0.1000000015
100060  42.932  9.560  56.537 0.2000000030
106537  43.858  18.044  56.992 0.1000000015
105833  43.923  17.394  57.413 0.1000000015
104353  43.180  15.944  58.127 0.1000000015
103653  43.443  14.144  59.205 0.2000000030
103654  42.565  14.076  58.882 0.2000000030
101470  43.311  10.865  56.768 0.2000000030
100732  43.013  10.107  55.934 0.2000000030
100061  42.093  9.032  56.868 0.2000000030
105107  43.542  16.624  57.755 0.1000000015
104346  42.861  15.106  58.502 0.1000000015
102210  42.722  11.547  57.443 0.2000000030
101479  42.813  10.408  56.140 0.2000000030
104347  42.054  14.891  58.145 0.2000000030
102935  42.339  13.070  58.716 0.2000000030
103097  44.728  13.612  34.840 0.4000000060
103105  44.926  13.166  33.261 0.4000000060
103114  45.014  13.012  31.841 0.5000000000
103123  44.210  12.857  31.507 0.5000000000
103834  43.817  13.515  31.566 0.3000000119
101372  44.990  11.847  65.597 0.1000000015
101389  44.630  11.653  65.058 0.1000000015
101408  44.394  11.522  64.127 0.1000000015
101430  44.238  11.347  61.813 0.2000000030
148472  44.897  11.275  60.778 0.2000000030
100710  44.004  10.478  59.598 0.2000000030
100039  43.161  10.205  59.579 0.2000000030
145163  43.947  10.128  58.509 0.2000000030
100051  43.448  9.701  57.518 0.2000000030
100049  44.798  10.530  57.235 0.2000000030
145623  43.627  9.934  56.494 0.2000000030
105094  44.054  16.054  58.343 0.1000000015
104345  43.727  15.224  58.810 0.2000000030
100731  44.445  10.677  56.909 0.2000000030
101478  43.661  10.432  56.530 0.2000000030
103652  44.344  14.235  59.337 0.2000000030
102934  43.220  12.966  59.012 0.2000000030
102209  43.713  11.411  57.356 0.2000000030
101407  45.435  11.577  63.954 0.1000000015
101429  45.021  11.536  62.789 0.1000000015
101445  45.348  11.448  61.370 0.2000000030
133242  46.081  11.514  61.854 0.1000000015
148470  45.700  11.269  60.270 0.2000000030
145802  44.685  10.699  59.571 0.2000000030
100708  45.890  10.891  59.355 0.2000000030
100718  45.492  10.486  58.238 0.2000000030
102207  45.501  11.171  57.367 0.2000000030
100722  45.501  10.650  57.538 0.2000000030
102200  45.043  11.973  58.222 0.2000000030
101468  45.020  10.886  57.123 0.2000000030
102201  44.000  12.048  58.277 0.2000000030
102208  44.647  11.303  57.354 0.2000000030
103651  45.137  14.341  59.344 0.2000000030
102202  43.008  12.166  58.273 0.2000000030
133246  46.131  11.602  62.992 0.1000000015
133586  46.369  11.595  64.035 0.1000000015
133241  46.298  11.426  60.710 0.2000000030
148471  46.503  11.197  59.657 0.2000000030
152202  45.936  10.629  58.622 0.2000000030
102198  46.517  11.282  57.790 0.2000000030
100716  46.568  11.004  57.787 0.2000000030
100725  45.993  10.935  57.398 0.2000000030
102206  46.050  11.081  57.392 0.2000000030
157600  45.733  12.344  58.670 0.2000000030
133243  46.916  11.521  62.052 0.1000000015
133247  47.094  11.564  63.095 0.1000000015
100717  46.534  10.876  58.638 0.2000000030
101463  46.782  11.170  57.893 0.2000000030
105863  36.270  18.745  50.780 0.2000000030
105140  36.679  18.064  50.014 0.2000000030
103714  39.263  14.677  51.576 0.3000000119
101531  44.428  11.773  49.100 0.2000000030
104396  36.899  15.951  51.229 0.2000000030
103011  41.192  13.259  50.062 0.3000000119
99355  32.086  8.711  61.878 0.1000000015
100016  32.618  9.240  62.233 0.1000000015
100022  37.219  9.968  60.782 0.1000000015
154070  42.879  11.627  49.076 0.2000000030
101535  40.480  11.682  49.388 0.2000000030
100781  35.702  9.943  50.990 0.3000000119
100080  36.100  9.508  53.802 0.2000000030
100081  35.590  10.021  53.559 0.2000000030
100015  33.254  9.732  62.561 0.1000000015
105848  38.411  17.670  55.362 0.1000000015
98860  44.101  8.416  31.960 0.6000000238
98848  48.810  7.741  32.752 0.6000000238
100197  50.332  9.404  34.700 0.6000000238
100766  35.447  10.123  53.064 0.2000000030
100079  37.218  9.343  54.122 0.2000000030
103663  37.998  14.083  56.859 0.2000000030
104370  35.424  15.393  54.861 0.2000000030
102222  35.834  13.028  55.671 0.2000000030
142379  35.372  13.328  55.266 0.2000000030
101490  35.396  11.721  54.910 0.2000000030
102231  34.983  12.471  54.411 0.2000000030
102227  35.997  12.233  55.584 0.2000000030
100743  36.874  10.629  55.084 0.2000000030
100744  35.936  10.851  54.753 0.2000000030
103688  35.009  14.780  53.400 0.2000000030
100755  35.714  10.346  54.104 0.2000000030
100772  35.466  10.287  51.753 0.3000000119
105122  36.400  16.481  55.055 0.2000000030
105123  35.628  16.157  54.535 0.2000000030
100742  37.956  10.515  55.207 0.2000000030
100771  35.739  10.787  51.053 0.3000000119
105120  38.176  16.877  55.648 0.1000000015
105850  36.707  17.211  54.657 0.2000000030
101483  38.892  11.073  56.296 0.2000000030
100741  38.974  10.390  55.411 0.2000000030
104398  35.644  15.366  52.291 0.2000000030
102263  36.156  12.452  51.511 0.2000000030
107294  40.665  19.401  54.993 0.1000000015
105854  36.086  17.666  53.627 0.2000000030
105142  35.562  17.057  52.140 0.2000000030
103701  36.546  14.579  52.002 0.3000000119
102993  37.266  13.635  51.500 0.3000000119
101524  37.181  11.671  50.065 0.2000000030
102817  40.112  13.579  70.908 0.1000000015
100662  35.979  10.787  65.854 0.1000000015
100663  35.271  10.296  65.463 0.1000000015
99349  32.480  8.571  63.498 0.1000000015
153590  36.217  18.904  52.106 0.1000000015
104397  36.383  15.389  51.745 0.2000000030
102278  38.414  12.835  50.191 0.3000000119
103006  38.804  13.609  50.799 0.3000000119
101538  37.747  11.175  49.634 0.2000000030
101537  38.639  11.350  49.529 0.4000000060
100610  42.289  10.336  71.158 0.1000000015
101300  41.552  11.016  71.479 0.1000000015
102079  40.767  11.799  71.267 0.1000000015
101293  41.721  11.403  72.402 0.1000000015
102784  41.672  13.606  74.085 0.1000000015
101395  34.890  11.078  63.869 0.1000000015
100673  34.360  10.412  64.240 0.1000000015
100007  33.718  9.664  64.267 0.1000000015
154019  35.475  11.272  62.966 0.1000000015
100011  33.379  9.728  63.436 0.1000000015
102991  39.098  14.201  51.334 0.3000000119
149183  39.795  14.380  51.446 0.3000000119
102287  40.829  12.495  49.620 0.3000000119
101533  42.335  12.024  49.296 0.2000000030
101412  40.690  11.429  63.409 0.1000000015
103659  41.197  14.662  57.919 0.2000000030
99388  38.761  8.076  57.605 0.2000000030
98811  40.858  7.185  38.081 0.2000000030
98810  41.485  7.477  37.473 0.3000000119
97356  41.116  5.669  37.688 0.2000000030
97355  41.824  5.036  37.424 0.3000000119
101431  40.181  10.976  62.854 0.1000000015
100689  40.593  10.515  62.190 0.1000000015
100019  39.786  10.015  61.124 0.1000000015
102936  41.605  13.141  58.459 0.2000000030
99386  40.498  8.500  56.863 0.2000000030
100223  44.425  9.500  31.869 0.6000000238
100924  44.038  9.896  31.579 0.6000000238
100211  45.442  9.160  33.725 0.6000000238
99540  46.313  8.114  32.313 0.6000000238
151612  41.097  10.321  61.598 0.2000000030
100041  40.430  9.225  59.437 0.2000000030
101472  41.368  11.097  56.912 0.2000000030
102203  42.072  12.342  58.199 0.2000000030
108694  38.399  18.380  48.801 0.1000000015
103116  41.882  13.275  33.746 0.2000000030
100698  44.205  10.936  60.540 0.2000000030
145197  44.873  10.325  57.873 0.2000000030
100059  44.149  9.778  56.906 0.2000000030
78505  55.525  -15.506  44.021 0.1000000015
80462  53.549  -13.628  44.518 0.1000000015
133971  54.921  -14.614  44.248 0.1000000015
81433  54.900  -12.685  44.553 0.1000000015
79442  55.881  -14.679  44.041 0.1000000015
80461  54.649  -13.583  44.399 0.1000000015
82433  54.327  -11.924  44.855 0.1000000015
83396  53.024  -10.767  45.616 0.1000000015
80460  55.700  -13.940  44.196 0.1000000015
79453  56.262  -15.007  43.633 0.1000000015
80459  56.242  -13.242  44.056 0.1000000015
79441  56.315  -14.196  43.810 0.1000000015
83384  53.414  -10.053  45.838 0.1000000015
84326  54.334  -9.957  45.652 0.1000000015
84316  52.980  -9.576  46.403 0.1000000015
83394  54.782  -10.644  45.317 0.1000000015
82421  54.358  -11.197  45.182 0.1000000015
144031  55.212  -12.046  44.623 0.1000000015
79452  56.596  -14.505  42.937 0.1000000015
80470  56.514  -13.581  43.359 0.1000000015
137492  56.643  -15.050  41.505 0.1000000015
78540  56.133  -15.118  40.856 0.1000000015
84315  53.851  -9.388  46.209 0.1000000015
148994  55.473  -10.683  45.077 0.1000000015
82432  55.167  -11.335  44.914 0.1000000015
83403  55.972  -11.064  44.696 0.1000000015
82431  55.881  -11.786  44.472 0.1000000015
82439  56.662  -11.931  43.839 0.1000000015
80478  56.740  -13.774  42.446 0.1000000015
79463  56.822  -14.463  41.969 0.1000000015
135571  56.758  -13.849  41.793 0.1000000015
79478  56.288  -14.378  41.004 0.1000000015
80498  55.806  -13.701  40.881 0.1000000015
82450  45.969  -11.654  41.828 0.1000000015
135598  45.377  -12.307  41.400 0.1000000015
81462  44.704  -12.999  41.310 0.1000000015
82467  44.998  -11.470  41.481 0.1000000015
84314  54.772  -9.225  46.026 0.1000000015
84313  55.583  -8.994  45.824 0.1000000015
84325  55.299  -9.925  45.426 0.1000000015
84324  55.999  -9.553  45.274 0.1000000015
83402  56.454  -10.695  44.454 0.1000000015
83411  56.731  -11.227  43.984 0.1000000015
80477  56.783  -13.200  42.019 0.1000000015
81440  56.706  -12.256  43.200 0.1000000015
80487  56.545  -13.449  41.497 0.1000000015
80497  56.325  -13.635  41.174 0.1000000015
81469  56.082  -12.931  41.080 0.1000000015
158222  54.999  -13.431  40.811 0.1000000015
136641  48.752  -14.101  41.319 0.1000000015
78537  48.073  -14.664  41.844 0.1000000015
78528  47.877  -15.123  42.515 0.1000000015
79464  47.156  -14.502  42.036 0.1000000015
79474  47.998  -14.107  41.449 0.1000000015
80490  47.390  -13.475  41.428 0.1000000015
79465  46.478  -14.473  42.264 0.1000000015
79475  46.219  -14.097  41.781 0.1000000015
80491  46.406  -13.661  41.491 0.1000000015
80479  45.433  -13.630  41.570 0.1000000015
83424  46.482  -10.874  42.471 0.1000000015
85256  55.973  -8.269  46.333 0.1000000015
84312  56.231  -8.743  45.669 0.1000000015
83392  56.289  -9.965  44.802 0.1000000015
83393  55.948  -10.343  44.947 0.1000000015
83417  56.795  -11.194  42.762 0.1000000015
81450  56.518  -12.595  41.673 0.1000000015
81468  56.329  -13.023  41.296 0.1000000015
81471  54.529  -12.890  40.950 0.1000000015
81472  53.493  -12.975  40.987 0.1000000015
136640  52.315  -13.026  41.038 0.1000000015
141084  51.326  -13.436  40.894 0.1000000015
81474  50.594  -13.162  41.145 0.1000000015
81475  49.952  -13.616  41.094 0.1000000015
80488  49.069  -13.429  41.331 0.1000000015
81452  55.654  -12.069  41.137 0.1000000015
158130  54.990  -12.311  41.058 0.1000000015
81454  54.097  -12.190  41.307 0.1000000015
149672  53.053  -12.402  41.330 0.1000000015
81473  51.377  -12.737  41.317 0.1000000015
81457  50.599  -12.505  41.607 0.1000000015
81458  49.820  -12.910  41.378 0.1000000015
80489  48.254  -13.597  41.381 0.1000000015
143585  54.950  -10.844  41.177 0.1000000015
142617  53.190  -11.651  41.650 0.1000000015
156918  52.463  -11.590  41.867 0.1000000015
81456  51.345  -12.173  41.763 0.1000000015
82463  50.808  -11.841  42.170 0.1000000015
139712  49.097  -12.729  41.567 0.1000000015
81459  48.216  -12.896  41.490 0.1000000015
81460  47.239  -12.694  41.632 0.1000000015
83433  54.373  -10.205  41.391 0.1000000015
155065  53.602  -10.859  41.758 0.1000000015
82461  52.715  -10.954  42.152 0.1000000015
82462  51.796  -11.537  42.109 0.1000000015
82445  51.139  -11.074  42.557 0.1000000015
82446  50.171  -11.349  42.643 0.1000000015
82447  49.133  -11.559  42.618 0.1000000015
82448  48.128  -11.674  42.458 0.1000000015
151061  46.615  -13.096  41.488 0.1000000015
81461  45.800  -13.058  41.418 0.1000000015
154409  53.377  -10.023  42.010 0.1000000015
83418  52.401  -10.029  42.344 0.1000000015
82444  51.912  -10.779  42.411 0.1000000015
83419  51.458  -10.172  42.497 0.1000000015
151066  48.831  -10.374  43.324 0.1000000015
83422  48.520  -10.972  43.239 0.1000000015
82449  47.052  -11.847  42.148 0.1000000015
82466  46.339  -12.458  41.610 0.1000000015
143774  52.861  -9.148  41.901 0.1000000015
84357  51.819  -9.270  42.124 0.1000000015
84345  50.874  -9.463  42.360 0.1000000015
159775  50.321  -8.894  42.229 0.1000000015
84346  49.144  -9.692  43.081 0.1000000015
83423  47.485  -10.983  43.040 0.1000000015
85283  48.609  -8.924  42.624 0.1000000015
84348  46.981  -9.922  42.895 0.1000000015
85297  48.126  -8.270  41.965 0.1000000015
85243  56.594  -7.121  47.281 0.1000000015
85255  56.571  -8.006  46.125 0.1000000015
84323  56.474  -9.293  45.100 0.1000000015
85263  56.736  -8.451  45.464 0.1000000015
83401  56.848  -10.503  44.099 0.1000000015
84333  56.632  -9.913  44.548 0.1000000015
154543  57.119  -10.210  43.657 0.1000000015
84322  56.918  -9.064  44.806 0.1000000015
155778  56.573  -10.737  41.901 0.1000000015
82457  56.282  -11.660  41.594 0.1000000015
150032  55.914  -11.401  41.275 0.1000000015
83432  55.838  -10.378  41.102 0.1000000015
82459  55.505  -11.056  41.147 0.1000000015
151698  55.322  -10.034  40.996 0.1000000015
133793  54.815  -9.137  40.987 0.1000000015
84356  53.850  -9.170  41.408 0.1000000015
85292  53.206  -8.453  41.000 0.1000000015
85293  52.164  -8.506  41.350 0.1000000015
85309  51.537  -7.923  40.634 0.1000000015
85294  51.026  -8.583  41.618 0.1000000015
85295  49.981  -8.371  41.584 0.1000000015
85296  49.043  -8.282  41.769 0.1000000015
86190  48.444  -7.799  41.219 0.1000000015
157192  47.835  -7.886  41.494 0.1000000015
159648  56.384  -7.692  46.690 0.1000000015
85254  57.040  -7.544  45.894 0.1000000015
85269  57.276  -8.760  44.203 0.1000000015
84332  57.063  -9.731  44.203 0.1000000015
85281  57.240  -9.152  42.304 0.1000000015
146261  56.836  -9.719  41.818 0.1000000015
83431  56.299  -9.613  41.170 0.1000000015
85290  56.430  -8.676  40.845 0.1000000015
84355  55.848  -9.360  40.868 0.1000000015
84366  55.789  -8.520  40.554 0.1000000015
152605  55.213  -8.123  40.359 0.1000000015
85306  54.480  -7.569  39.683 0.1000000015
85291  54.237  -8.323  40.612 0.1000000015
85308  52.567  -7.872  40.421 0.1000000015
142003  51.078  -7.442  39.591 0.1000000015
85310  50.514  -7.903  40.722 0.1000000015
86189  49.443  -7.760  40.770 0.1000000015
86205  49.435  -7.269  39.733 0.1000000015
86206  48.563  -7.343  40.359 0.1000000015
86207  47.748  -6.882  40.036 0.1000000015
87136  47.084  -6.594  39.637 0.1000000015
87933  55.565  -5.303  51.219 0.1000000015
87058  56.999  -6.360  47.601 0.1000000015
153184  56.743  -6.144  48.371 0.1000000015
87048  56.352  -5.923  49.222 0.1000000015
86156  57.217  -6.553  46.912 0.1000000015
86163  57.320  -6.653  46.245 0.1000000015
152326  57.197  -7.932  45.026 0.1000000015
140234  57.363  -7.743  44.122 0.1000000015
86168  57.319  -6.765  45.515 0.1000000015
85275  57.375  -8.240  43.096 0.1000000015
137535  57.313  -8.259  41.946 0.1000000015
155650  56.886  -8.740  41.307 0.1000000015
86188  57.134  -7.683  41.253 0.1000000015
86198  56.527  -7.882  40.548 0.1000000015
86199  56.011  -7.410  39.849 0.2000000030
86200  55.646  -7.027  39.365 0.2000000030
86201  55.163  -7.274  39.454 0.2000000030
87153  54.408  -6.273  38.637 0.2000000030
141673  54.474  -7.082  38.931 0.1000000015
86202  53.783  -7.282  38.972 0.1000000015
86217  52.854  -7.231  38.388 0.1000000015
86203  52.868  -7.452  39.354 0.1000000015
86204  52.001  -7.541  39.765 0.1000000015
86231  52.869  -6.541  37.896 0.2000000030
86218  52.077  -7.230  38.719 0.1000000015
141940  50.118  -7.520  39.970 0.1000000015
86219  50.266  -7.114  39.102 0.1000000015
86221  48.697  -6.880  39.478 0.1000000015
146970  47.901  -6.557  39.204 0.1000000015
87034  55.625  -6.136  52.661 0.1000000015
87031  55.639  -6.659  52.983 0.1000000015
86126  55.772  -7.193  53.502 0.1000000015
86132  55.364  -6.776  52.073 0.1000000015
88799  55.359  -4.826  52.101 0.1000000015
88792  55.130  -4.925  53.033 0.1000000015
87037  55.483  -5.886  51.844 0.1000000015
142191  55.521  -4.645  51.338 0.1000000015
89692  54.802  -4.215  52.838 0.1000000015
88815  55.908  -4.710  50.551 0.1000000015
87938  56.863  -4.807  48.950 0.2000000030
152860  56.236  -4.029  49.961 0.2000000030
87939  56.385  -5.354  49.512 0.1000000015
87946  57.257  -4.950  48.154 0.2000000030
87959  57.431  -5.135  47.350 0.2000000030
87057  57.440  -5.839  47.174 0.2000000030
87079  57.566  -5.913  45.901 0.1000000015
87091  57.444  -5.963  45.164 0.2000000030
86173  57.349  -6.834  44.610 0.1000000015
87102  57.338  -6.037  44.290 0.1000000015
149412  57.258  -6.055  43.481 0.2000000030
87122  57.110  -6.753  41.474 0.1000000015
88027  56.452  -5.899  41.328 0.2000000030
87132  56.275  -6.965  40.030 0.1000000015
86213  55.858  -6.697  39.439 0.2000000030
86214  55.502  -6.478  39.241 0.2000000030
88051  54.784  -6.141  38.912 0.2000000030
88052  53.965  -5.805  38.592 0.2000000030
86229  53.977  -6.388  38.376 0.2000000030
86230  53.433  -6.331  38.036 0.2000000030
88061  53.562  -5.995  38.112 0.2000000030
86232  52.211  -6.594  37.799 0.1000000015
152022  51.207  -6.829  38.257 0.1000000015
87157  51.603  -6.289  37.419 0.1000000015
86233  50.307  -6.705  38.334 0.1000000015
137567  55.356  -7.454  56.483 0.1000000015
139483  56.210  -7.872  56.034 0.1000000015
86123  56.032  -7.261  55.409 0.1000000015
145414  56.295  -7.923  54.771 0.1000000015
87022  56.186  -7.174  54.801 0.1000000015
86125  56.181  -7.171  53.945 0.1000000015
88793  54.810  -4.618  53.273 0.1000000015
89701  55.306  -4.203  51.731 0.1000000015
89702  54.912  -3.709  52.111 0.1000000015
146298  54.115  -2.517  52.886 0.2000000030
88823  56.666  -4.025  49.185 0.2000000030
90562  55.687  -3.072  50.761 0.2000000030
90546  54.583  -2.845  52.198 0.2000000030
90577  56.437  -2.965  49.093 0.2000000030
90570  56.155  -2.893  49.936 0.2000000030
153047  57.535  -5.362  46.772 0.2000000030
90571  55.988  -2.668  49.595 0.2000000030
89734  56.754  -3.687  47.908 0.2000000030
90578  56.320  -2.864  48.817 0.2000000030
90558  51.020  -2.922  51.956 0.2000000030
90557  51.945  -2.704  51.572 0.2000000030
87973  57.523  -5.301  46.240 0.2000000030
88842  56.917  -3.987  47.143 0.2000000030
89728  52.764  -3.476  49.661 0.2000000030
87984  57.117  -5.107  45.479 0.2000000030
88824  52.277  -4.119  49.213 0.2000000030
87994  57.196  -5.560  44.976 0.2000000030
88834  53.644  -4.144  48.299 0.2000000030
87985  56.195  -4.845  45.019 0.2000000030
87974  54.692  -4.966  45.861 0.2000000030
88846  53.109  -4.761  47.823 0.2000000030
88016  57.071  -5.873  43.057 0.2000000030
147784  55.322  -5.262  44.608 0.2000000030
87998  54.290  -5.671  44.700 0.2000000030
87975  53.801  -5.334  46.318 0.2000000030
87112  56.939  -6.107  41.901 0.2000000030
88018  56.094  -5.667  42.004 0.2000000030
88008  55.398  -5.543  43.661 0.2000000030
87997  54.620  -5.734  44.058 0.2000000030
87080  53.562  -6.101  44.808 0.2000000030
145753  55.943  -5.699  40.904 0.2000000030
88019  55.323  -5.667  41.592 0.2000000030
87113  54.527  -6.010  42.200 0.2000000030
88040  55.813  -6.020  39.534 0.2000000030
88028  55.279  -5.672  40.560 0.2000000030
88050  55.429  -6.166  39.218 0.2000000030
158084  54.561  -5.798  39.269 0.2000000030
88029  54.533  -5.691  40.176 0.2000000030
88042  53.809  -5.684  39.675 0.2000000030
88053  53.268  -5.821  38.103 0.2000000030
139168  52.590  -6.212  37.567 0.1000000015
87156  52.126  -6.178  37.367 0.2000000030
86118  53.524  -7.228  56.383 0.1000000015
86110  54.011  -7.650  57.217 0.1000000015
87017  53.027  -6.594  55.784 0.1000000015
87016  54.062  -6.759  55.774 0.1000000015
87026  52.534  -5.815  55.421 0.1000000015
87024  54.725  -6.287  55.185 0.1000000015
152416  55.847  -6.805  55.187 0.1000000015
87919  54.116  -5.297  54.525 0.1000000015
87918  55.016  -5.761  54.468 0.1000000015
87926  54.638  -5.120  54.077 0.1000000015
154793  54.308  -2.061  51.922 0.2000000030
91364  53.380  -1.766  53.615 0.2000000030
90564  55.072  -2.392  50.913 0.2000000030
91376  53.405  -2.001  52.250 0.2000000030
91366  52.283  -1.710  53.874 0.2000000030
157427  54.874  -2.393  50.629 0.2000000030
90565  54.507  -2.293  50.985 0.2000000030
90547  52.644  -2.180  52.338 0.2000000030
90548  51.770  -2.481  52.529 0.2000000030
89736  56.222  -3.109  48.198 0.2000000030
90566  53.236  -2.863  50.179 0.2000000030
90567  52.614  -2.772  50.827 0.2000000030
87983  57.390  -5.376  45.665 0.2000000030
88857  56.949  -4.343  46.395 0.2000000030
89737  55.271  -3.170  48.466 0.2000000030
89727  53.762  -3.129  49.482 0.2000000030
89718  52.401  -3.230  50.231 0.2000000030
88871  56.999  -4.722  45.819 0.2000000030
89742  55.608  -3.483  47.706 0.2000000030
88833  54.629  -3.756  48.016 0.2000000030
88872  56.499  -4.528  45.763 0.2000000030
88873  55.663  -4.376  46.132 0.2000000030
87986  55.555  -4.788  45.388 0.2000000030
88859  54.632  -4.530  46.723 0.2000000030
88845  54.073  -4.390  47.559 0.2000000030
88043  52.963  -5.601  39.115 0.2000000030
88782  53.463  -4.292  54.503 0.1000000015
88783  52.729  -4.311  55.016 0.1000000015
89678  53.099  -3.204  55.000 0.1000000015
86085  47.763  -8.107  61.006 0.1000000015
86060  48.740  -7.810  62.340 0.1000000015
86962  48.670  -7.204  63.775 0.1000000015
86935  49.766  -6.060  65.239 0.1000000015
87833  49.901  -6.576  66.586 0.1000000015
85079  50.181  -8.002  67.858 0.1000000015
84173  49.837  -8.742  67.522 0.1000000015
139429  49.969  -8.885  66.999 0.1000000015
86077  48.114  -8.011  61.779 0.1000000015
86043  48.556  -7.452  63.049 0.1000000015
154435  48.660  -6.976  65.213 0.1000000015
86892  50.045  -6.885  67.427 0.1000000015
85080  49.718  -8.208  68.605 0.1000000015
94786  46.898  2.652  43.189 0.1000000015
95684  48.045  3.424  42.314 0.1000000015
135961  46.921  -7.738  60.872 0.1000000015
86950  48.196  -7.161  64.364 0.1000000015
86062  46.273  -7.475  62.504 0.1000000015
85972  49.293  -7.532  68.771 0.1000000015
95685  46.953  3.981  43.003 0.1000000015
96509  46.460  4.592  42.530 0.1000000015
95673  45.746  3.208  43.541 0.1000000015
139546  47.567  3.907  42.642 0.1000000015
95686  45.949  3.994  43.084 0.1000000015
137144  45.118  3.707  43.324 0.1000000015
96507  48.085  4.270  42.225 0.1000000015
145626  45.103  4.233  42.828 0.1000000015
96511  44.587  4.584  42.158 0.1000000015
86951  47.614  -7.159  65.117 0.1000000015
86938  48.079  -6.928  66.013 0.1000000015
87808  49.047  -7.007  68.192 0.1000000015
86924  48.596  -6.814  66.909 0.1000000015
86937  49.062  -6.749  66.072 0.1000000015
96512  43.642  4.315  42.203 0.1000000015
97299  46.941  5.172  42.081 0.1000000015
96510  45.541  4.633  42.399 0.1000000015
96528  43.030  4.329  41.418 0.1000000015
149952  41.854  3.977  40.685 0.1000000015
96531  40.639  4.147  41.042 0.1000000015
139603  39.939  4.445  40.998 0.1000000015
97298  47.853  5.068  42.040 0.1000000015
96508  47.329  4.517  42.462 0.1000000015
96540  43.326  4.496  40.640 0.1000000015
96541  42.515  4.198  40.663 0.1000000015
96526  45.181  5.043  41.689 0.1000000015
136547  43.875  4.582  41.414 0.1000000015
148294  42.007  3.985  40.000 0.1000000015
96542  41.176  4.133  40.301 0.1000000015
96555  39.826  5.024  39.772 0.1000000015
96544  39.400  4.924  40.515 0.1000000015
97311  46.460  5.708  41.458 0.1000000015
140539  45.620  5.532  41.257 0.1000000015
96527  44.526  4.869  41.379 0.1000000015
96552  42.247  4.032  39.194 0.1000000015
98080  46.930  6.255  40.932 0.1000000015
97324  45.916  6.050  40.647 0.1000000015
150037  44.427  5.143  40.191 0.1000000015
141130  43.686  4.672  39.802 0.1000000015
96562  42.489  4.127  38.413 0.1000000015
98105  45.695  6.260  39.651 0.2000000030
97336  44.382  5.185  39.417 0.1000000015
96551  43.023  4.231  39.025 0.1000000015
96563  40.954  4.715  38.811 0.1000000015
96553  41.457  4.193  39.396 0.1000000015
139134  42.713  4.251  37.782 0.2000000030
97335  44.996  5.756  39.106 0.2000000030
97347  41.348  4.887  38.090 0.1000000015
96568  42.107  4.415  37.883 0.2000000030
97348  40.603  5.503  38.356 0.1000000015
98117  40.552  6.312  38.109 0.1000000015
97354  42.637  4.542  37.189 0.2000000030
98118  40.126  6.975  38.640 0.1000000015
100167  40.507  9.803  39.342 0.2000000030
100859  39.899  10.313  39.906 0.2000000030
100162  39.361  9.796  40.530 0.2000000030
100168  39.882  9.265  39.922 0.2000000030
100847  39.252  10.796  40.415 0.1000000015
101615  40.035  11.687  38.888 0.1000000015
100858  40.361  10.807  39.200 0.1000000015
100870  41.240  10.770  37.817 0.3000000119
101627  40.681  11.225  38.410 0.2000000030
101637  40.905  11.572  37.613 0.3000000119
103122  44.803  13.290  31.449 0.3000000119
103808  44.927  14.181  35.692 0.3000000119
103096  45.528  13.565  33.712 0.3000000119
103816  46.335  13.856  33.209 0.2000000030
103831  46.232  14.159  31.915 0.2000000030
103822  46.714  14.292  32.440 0.2000000030
87929  55.485  -5.555  53.336 0.1000000015
87028  56.139  -6.762  54.203 0.1000000015
87917  55.608  -6.007  54.370 0.1000000015
88788  54.105  -4.403  54.053 0.1000000015
103823  46.294  13.941  32.081 0.2000000030
87018  51.909  -6.614  55.977 0.1000000015
88787  54.594  -4.665  53.663 0.1000000015
89684  53.985  -3.675  53.756 0.1000000015
90536  53.573  -2.627  54.226 0.2000000030
90554  54.681  -2.449  51.545 0.2000000030
137356  53.623  -2.045  53.644 0.2000000030
90555  53.975  -2.034  51.678 0.2000000030
91371  53.828  -1.914  52.539 0.2000000030
87987  53.872  -5.643  45.456 0.2000000030
142197  53.787  -6.344  42.552 0.2000000030
87124  54.495  -5.854  41.239 0.2000000030
90537  51.530  -2.062  54.000 0.2000000030
86028  47.842  -7.373  63.580 0.1000000015
86078  47.345  -7.888  61.652 0.1000000015
89719  51.649  -3.316  50.656 0.2000000030
87092  54.394  -6.085  43.234 0.2000000030
88062  52.898  -5.956  37.652 0.2000000030
97310  47.405  5.713  41.574 0.1000000015
98090  46.562  6.588  40.068 0.2000000030
83395  53.911  -10.657  45.470 0.1000000015
148753  55.511  -13.209  44.360 0.1000000015
81432  55.768  -12.550  44.380 0.1000000015
81431  56.384  -12.286  44.089 0.1000000015
78526  56.701  -15.198  42.240 0.1000000015
80469  56.676  -12.998  42.840 0.1000000015
81441  56.555  -12.707  43.641 0.1000000015
79472  56.579  -14.256  41.389 0.1000000015
153178  56.445  -14.870  41.117 0.1000000015
78534  56.225  -15.644  41.099 0.1000000015
79479  55.774  -14.625  40.740 0.1000000015
133565  55.640  -15.326  40.666 0.1000000015
82430  56.447  -11.499  44.224 0.1000000015
82438  56.797  -11.574  43.421 0.1000000015
80480  44.439  -13.725  41.626 0.1000000015
85257  55.207  -8.496  46.548 0.1000000015
83410  56.926  -10.856  43.509 0.1000000015
81446  56.744  -12.457  42.387 0.1000000015
82443  56.761  -11.866  42.783 0.1000000015
81470  55.432  -12.859  40.959 0.1000000015
81451  56.127  -12.333  41.344 0.1000000015
80500  54.104  -13.702  40.694 0.1000000015
152465  48.583  -14.563  41.514 0.1000000015
80504  49.534  -14.136  41.120 0.1000000015
133441  47.173  -14.127  41.578 0.1000000015
78529  47.046  -14.873  42.749 0.1000000015
146088  45.838  -14.336  42.244 0.1000000015
84344  57.085  -10.229  42.740 0.1000000015
82456  56.672  -11.788  42.119 0.1000000015
80502  51.978  -13.886  40.672 0.1000000015
80503  50.637  -13.828  40.795 0.1000000015
81453  54.976  -11.621  41.175 0.1000000015
82460  54.245  -11.263  41.464 0.1000000015
81455  52.202  -12.166  41.570 0.1000000015
82465  48.694  -12.245  41.941 0.1000000015
82464  49.752  -12.189  41.976 0.1000000015
144250  47.867  -12.289  41.859 0.1000000015
83421  49.508  -10.646  43.146 0.1000000015
83420  50.569  -10.390  42.777 0.1000000015
136740  50.030  -9.615  42.746 0.1000000015
84347  48.131  -9.984  43.279 0.1000000015
85282  49.552  -8.880  42.407 0.1000000015
85284  47.550  -8.941  42.700 0.1000000015
84338  57.289  -9.439  43.406 0.1000000015
82458  56.120  -10.776  41.378 0.1000000015
156430  55.486  -9.033  40.841 0.1000000015
85307  53.561  -7.737  40.051 0.1000000015
86191  47.525  -7.495  40.922 0.1000000015
84365  56.085  -8.441  40.533 0.1000000015
85305  55.753  -7.724  39.951 0.1000000015
87047  57.211  -5.675  47.895 0.1000000015
87947  56.891  -5.507  48.693 0.1000000015
87069  57.571  -5.913  46.543 0.2000000030
86183  57.335  -7.331  42.239 0.1000000015
87131  56.755  -7.118  40.711 0.1000000015
87142  55.643  -6.324  39.321 0.2000000030
86215  54.801  -6.614  38.924 0.2000000030
87155  53.005  -6.194  37.735 0.2000000030
87924  55.586  -5.751  53.883 0.1000000015
87029  55.912  -6.238  54.196 0.1000000015
86128  55.426  -6.945  52.832 0.1000000015
88791  55.375  -5.225  52.707 0.1000000015
139121  55.856  -4.119  50.619 0.2000000030
89710  55.307  -3.564  51.393 0.2000000030
88832  56.949  -4.160  48.369 0.2000000030
88841  57.133  -4.379  47.542 0.2000000030
141779  57.293  -4.711  46.708 0.2000000030
86178  57.360  -6.859  43.463 0.1000000015
87111  57.230  -6.378  42.565 0.2000000030
87123  56.550  -6.376  40.689 0.1000000015
88039  56.131  -5.977  40.240 0.2000000030
87133  56.033  -6.351  39.710 0.2000000030
87143  55.169  -6.301  39.105 0.2000000030
87154  53.766  -5.970  38.031 0.2000000030
87023  55.957  -6.661  54.727 0.1000000015
90579  55.775  -2.763  48.968 0.2000000030
87995  56.911  -5.394  44.720 0.2000000030
88844  54.957  -3.942  47.346 0.2000000030
87996  56.334  -5.286  44.316 0.2000000030
88006  56.777  -5.629  43.696 0.2000000030
136481  54.725  -5.236  45.194 0.2000000030
88007  56.225  -5.550  43.143 0.2000000030
88017  56.668  -5.802  42.537 0.2000000030
151514  55.386  -5.695  42.635 0.2000000030
144355  55.792  -5.839  40.049 0.2000000030
88041  55.319  -5.897  39.540 0.2000000030
141647  53.653  -2.438  50.907 0.2000000030
90556  53.043  -2.340  51.596 0.2000000030
89726  54.835  -2.861  49.232 0.2000000030
153294  56.317  -3.507  47.488 0.2000000030
88843  55.833  -3.802  46.890 0.2000000030
96525  46.022  5.175  41.970 0.1000000015
96543  40.262  4.498  40.355 0.1000000015
96532  39.336  4.627  41.366 0.1000000015
143930  42.788  4.283  39.891 0.1000000015
97312  44.872  5.298  40.882 0.1000000015
96539  44.131  4.806  40.705 0.1000000015
158598  45.364  5.659  40.730 0.1000000015
135642  41.738  4.272  38.594 0.1000000015
97325  45.052  5.699  40.115 0.2000000030
103104  45.697  13.456  32.414 0.2000000030
101444  46.825  11.487  61.129 0.1000000015
101443  47.572  11.480  61.059 0.1000000015
101453  47.998  11.436  60.155 0.1000000015
153594  47.178  11.392  60.123 0.1000000015
136338  47.625  11.419  59.301 0.1000000015
101462  47.302  11.475  58.426 0.1000000015
154938  46.917  11.872  58.307 0.1000000015
101452  48.587  11.499  60.124 0.1000000015
101459  47.862  11.564  59.043 0.1000000015
153093  46.978  12.780  59.033 0.1000000015
157891  47.528  12.359  58.800 0.1000000015
103650  46.064  13.587  59.273 0.1000000015
147194  46.411  12.088  58.442 0.1000000015
101461  48.064  11.768  58.897 0.1000000015
102932  45.087  13.165  59.282 0.1000000015
102933  44.169  12.972  59.161 0.1000000015
99492  39.604  8.288  39.771 0.1000000015
135897  52.276  20.109  47.819 0.1000000015
109400  52.100  21.227  47.837 0.1000000015
107375  52.755  20.207  45.880 0.1000000015
107376  52.546  19.837  45.411 0.1000000015
136482  52.279  19.379  44.876 0.1000000015
102339  36.529  12.655  41.083 0.1000000015
103052  35.835  13.148  41.064 0.1000000015
103060  37.095  13.176  40.401 0.1000000015
103053  35.159  13.276  41.269 0.1000000015
149615  34.386  13.314  41.456 0.1000000015
102360  38.513  12.489  39.698 0.1000000015
109408  51.293  21.341  47.720 0.1000000015
109405  52.556  21.326  47.276 0.1000000015
109414  52.968  21.246  46.662 0.1000000015
108050  52.787  20.531  45.581 0.1000000015
109437  52.254  21.778  45.113 0.1000000015
108056  52.660  20.141  44.506 0.1000000015
108746  52.411  21.160  44.672 0.1000000015
137642  52.633  19.501  44.156 0.1000000015
108753  52.528  20.502  44.107 0.1000000015
137313  52.590  19.368  44.131 0.1000000015
107387  52.704  19.677  43.812 0.1000000015
107391  52.825  19.614  42.967 0.1000000015
106663  52.759  19.399  43.501 0.1000000015
106664  52.633  19.089  43.346 0.1000000015
103121  45.165  13.691  31.386 0.1000000015
102352  37.414  12.383  40.759 0.1000000015
103061  36.320  13.506  40.589 0.1000000015
103062  35.592  13.829  40.805 0.1000000015
103763  34.761  14.090  41.073 0.1000000015
102341  34.088  12.615  41.651 0.1000000015
133059  33.569  13.148  41.583 0.1000000015
103113  45.436  13.634  31.547 0.1000000015
158050  39.282  12.205  39.251 0.1000000015
133237  38.143  13.211  39.392 0.1000000015
103071  36.782  13.955  39.969 0.1000000015
103772  35.358  14.644  40.553 0.1000000015
103054  33.873  13.932  41.394 0.1000000015
156643  39.227  12.699  38.750 0.1000000015
133634  38.746  12.980  38.970 0.1000000015
102367  40.342  12.043  38.123 0.1000000015
108704  50.668  20.924  48.098 0.1000000015
109407  51.824  21.474  47.520 0.1000000015
108711  50.726  21.428  47.211 0.1000000015
133650  51.445  21.883  46.345 0.1000000015
109415  52.396  21.536  46.689 0.1000000015
108733  52.590  21.341  45.443 0.1000000015
109425  51.689  22.057  45.624 0.1000000015
109448  51.289  22.086  44.212 0.1000000015
108747  52.073  21.627  44.399 0.1000000015
108754  52.315  20.896  43.883 0.1000000015
142279  52.593  20.314  43.269 0.1000000015
106669  52.847  19.318  42.713 0.1000000015
108069  52.896  19.882  42.574 0.1000000015
146916  52.830  19.215  41.956 0.1000000015
106670  52.581  18.905  42.459 0.1000000015
106677  52.357  18.805  41.519 0.1000000015
106672  51.041  18.441  42.415 0.1000000015
106678  51.264  18.487  41.406 0.1000000015
106684  50.242  18.354  40.920 0.1000000015
104469  35.886  16.018  39.482 0.1000000015
104470  35.350  15.922  39.929 0.1000000015
105222  34.686  16.238  40.322 0.1000000015
158834  36.335  15.523  39.357 0.1000000015
104461  35.048  15.410  40.357 0.1000000015
104462  34.354  15.472  40.789 0.1000000015
105231  36.584  16.041  38.907 0.1000000015
104475  36.905  15.264  38.987 0.1000000015
103779  36.519  14.793  39.630 0.1000000015
103780  35.817  15.259  39.948 0.1000000015
103773  34.732  14.864  40.768 0.1000000015
103764  34.120  14.715  41.123 0.1000000015
104526  45.531  14.040  31.541 0.1000000015
104527  44.722  14.057  31.457 0.1000000015
104482  37.901  15.333  37.875 0.1000000015
103786  37.504  14.872  38.525 0.1000000015
103778  37.189  14.401  39.288 0.1000000015
103771  36.084  14.339  40.268 0.1000000015
103765  33.304  14.529  41.383 0.1000000015
103824  43.876  14.140  31.699 0.2000000030
103791  39.090  14.533  36.960 0.1000000015
103084  38.815  14.080  37.761 0.1000000015
103077  38.526  13.682  38.497 0.1000000015
103069  37.899  13.948  38.916 0.1000000015
103833  44.528  13.553  31.372 0.1000000015
103090  40.483  13.591  36.091 0.1000000015
103091  39.776  14.097  36.538 0.1000000015
102376  39.939  12.823  37.782 0.1000000015
103076  39.218  13.196  38.252 0.1000000015
107379  44.501  18.683  45.190 0.1000000015
108045  43.301  18.446  45.331 0.1000000015
159979  45.430  18.920  45.598 0.1000000015
108054  43.729  18.695  44.633 0.1000000015
108723  43.115  18.473  45.063 0.1000000015
108721  50.149  21.424  46.612 0.1000000015
108722  49.515  20.878  46.772 0.1000000015
108043  47.814  19.877  46.544 0.1000000015
108044  47.213  19.700  45.908 0.1000000015
107377  46.361  19.402  45.619 0.1000000015
107385  44.784  19.085  44.434 0.1000000015
108751  43.318  18.764  44.268 0.1000000015
109427  42.645  18.548  44.662 0.1000000015
109428  42.092  18.486  44.909 0.1000000015
109417  50.807  21.817  46.456 0.1000000015
148202  49.025  20.892  46.205 0.1000000015
154809  47.816  20.467  45.240 0.1000000015
108053  47.158  19.962  45.115 0.1000000015
107384  45.742  19.559  44.247 0.1000000015
108060  44.101  19.141  44.012 0.1000000015
109440  41.939  18.581  44.602 0.1000000015
109452  41.556  18.667  44.499 0.1000000015
150525  41.123  19.018  43.958 0.1000000015
109418  50.189  21.881  45.883 0.1000000015
108735  48.941  21.239  45.514 0.1000000015
108736  48.324  20.943  44.995 0.1000000015
108058  46.703  20.146  44.198 0.1000000015
108059  45.802  19.966  43.490 0.1000000015
107388  44.973  19.520  43.871 0.1000000015
108066  43.380  19.542  43.217 0.1000000015
108760  42.832  19.047  43.670 0.1000000015
108761  41.981  18.965  43.766 0.1000000015
150467  40.871  19.341  43.682 0.1000000015
132969  50.238  22.159  45.167 0.1000000015
140850  48.941  21.645  44.160 0.1000000015
108063  47.369  20.743  43.786 0.1000000015
108071  45.508  20.362  42.751 0.1000000015
108065  44.498  19.751  43.277 0.1000000015
108067  42.515  19.322  43.302 0.1000000015
132323  41.657  19.296  43.424 0.1000000015
108075  41.212  19.796  42.919 0.1000000015
109449  50.524  22.049  43.894 0.1000000015
109450  49.938  22.056  43.989 0.1000000015
108758  47.052  20.831  42.954 0.1000000015
108070  46.285  20.433  42.985 0.1000000015
108771  45.456  20.817  42.049 0.1000000015
146959  44.023  20.034  42.724 0.1000000015
108073  43.270  20.095  42.480 0.1000000015
108083  41.677  20.428  42.195 0.1000000015
108765  51.830  21.169  42.833 0.1000000015
108764  52.338  20.704  43.066 0.1000000015
108082  42.611  20.530  41.949 0.1000000015
108763  52.757  20.234  42.463 0.1000000015
108079  52.989  20.024  41.854 0.1000000015
107394  52.902  19.447  41.566 0.1000000015
106682  51.784  18.885  40.054 0.1000000015
144419  51.846  18.690  40.789 0.1000000015
106693  50.848  18.687  39.555 0.1000000015
106683  51.060  18.545  40.432 0.1000000015
105259  44.419  16.605  34.641 0.1000000015
105998  43.935  17.140  35.481 0.1000000015
105281  45.505  15.348  32.742 0.1000000015
105271  44.975  15.993  33.714 0.1000000015
105999  43.075  16.808  35.778 0.1000000015
105989  42.650  17.283  36.547 0.1000000015
105958  36.320  17.296  39.656 0.1000000015
105220  36.066  16.582  39.449 0.1000000015
105960  34.773  17.069  40.160 0.1000000015
132739  33.839  16.156  40.909 0.1000000015
105211  33.140  16.755  40.976 0.1000000015
105282  44.474  15.326  32.797 0.1000000015
105260  43.489  16.361  34.887 0.1000000015
105978  42.233  17.743  37.238 0.1000000015
105979  41.381  17.444  37.470 0.1000000015
105967  40.973  17.945  38.128 0.1000000015
106704  40.433  18.587  38.523 0.1000000015
105969  39.259  17.422  38.483 0.1000000015
106706  38.837  18.007  39.042 0.1000000015
105970  38.410  17.183  38.647 0.1000000015
105971  37.574  16.936  38.826 0.1000000015
105957  37.154  17.510  39.451 0.1000000015
105972  36.799  16.714  39.093 0.1000000015
104455  33.586  15.341  41.188 0.1000000015
104518  45.050  14.605  31.979 0.1000000015
105272  43.972  15.846  33.910 0.1000000015
105273  42.946  15.753  34.138 0.1000000015
105248  42.127  16.608  35.959 0.1000000015
105990  41.763  17.009  36.755 0.1000000015
105238  40.883  16.726  36.954 0.1000000015
105980  40.535  17.149  37.698 0.1000000015
105981  39.675  16.872  37.886 0.1000000015
105228  38.823  16.668  38.037 0.1000000015
105229  38.010  16.467  38.196 0.1000000015
105212  32.280  16.442  41.233 0.1000000015
104519  44.055  14.703  32.082 0.1000000015
104509  42.530  15.287  33.538 0.1000000015
105274  41.986  15.727  34.431 0.1000000015
105262  41.535  16.107  35.262 0.1000000015
105249  41.193  16.431  36.114 0.1000000015
105250  40.295  16.245  36.263 0.1000000015
105251  39.504  16.074  36.494 0.1000000015
105252  38.862  15.901  36.842 0.1000000015
105240  39.104  16.321  37.222 0.1000000015
104481  38.384  15.655  37.344 0.1000000015
105242  37.832  15.950  37.871 0.1000000015
105204  32.102  15.654  41.375 0.1000000015
103825  42.980  14.021  32.349 0.2000000030
104521  42.358  14.787  33.331 0.1000000015
104510  41.752  15.265  34.120 0.1000000015
104497  41.195  15.653  34.830 0.1000000015
104498  40.554  15.498  35.273 0.1000000015
104488  39.974  15.824  35.840 0.1000000015
103810  39.938  15.274  35.697 0.1000000015
104489  39.423  15.581  36.316 0.1000000015
104490  38.879  15.316  36.780 0.1000000015
103792  38.454  14.935  37.384 0.1000000015
103826  42.127  14.070  33.442 0.2000000030
103107  41.471  14.031  34.272 0.1000000015
103817  41.610  14.756  34.057 0.1000000015
103108  40.860  14.012  35.139 0.1000000015
103809  40.527  14.933  35.119 0.1000000015
103799  40.136  14.531  35.766 0.1000000015
103818  41.046  14.671  34.594 0.1000000015
108029  48.146  19.762  47.519 0.1000000015
107368  47.462  19.559  47.305 0.1000000015
106650  44.818  18.642  46.051 0.1000000015
109409  41.865  18.439  45.329 0.1000000015
107370  45.825  19.022  46.346 0.1000000015
108714  42.462  18.413  45.327 0.1000000015
150392  41.160  18.553  45.139 0.1000000015
150532  40.952  18.659  44.852 0.1000000015
150388  40.836  18.792  44.628 0.1000000015
108076  40.393  20.060  43.257 0.1000000015
108077  39.754  20.572  43.608 0.1000000015
108757  49.338  21.787  43.688 0.1000000015
148606  48.590  21.546  43.577 0.1000000015
108774  39.949  20.920  42.761 0.1000000015
108766  50.993  21.421  42.616 0.1000000015
108768  49.410  21.660  42.898 0.1000000015
108769  48.301  21.524  42.839 0.1000000015
108770  46.270  20.804  42.388 0.1000000015
108772  44.815  20.806  41.865 0.1000000015
108080  44.150  20.536  42.106 0.1000000015
146675  42.092  21.006  41.617 0.1000000015
108789  41.290  21.134  41.725 0.1000000015
108773  40.746  20.563  42.452 0.1000000015
108779  51.831  21.046  42.010 0.1000000015
158126  49.459  21.576  42.114 0.1000000015
108782  48.834  21.594  42.372 0.1000000015
108783  47.987  21.564  41.796 0.1000000015
108784  46.154  21.321  41.538 0.1000000015
108788  42.844  21.304  41.343 0.1000000015
108778  52.408  20.674  42.228 0.1000000015
108798  47.669  21.705  40.928 0.1000000015
108800  45.649  21.822  40.783 0.1000000015
108785  45.210  21.278  41.390 0.1000000015
108787  43.750  21.713  40.947 0.1000000015
108802  42.930  21.973  40.879 0.1000000015
109457  42.053  21.803  41.183 0.1000000015
108085  52.947  20.275  41.050 0.1000000015
107397  52.785  19.489  40.883 0.1000000015
107407  51.979  19.495  39.663 0.1000000015
105997  44.716  17.515  35.145 0.1000000015
106728  44.851  18.436  35.424 0.1000000015
105987  44.274  18.001  35.920 0.1000000015
105988  43.497  17.599  36.272 0.1000000015
106720  43.698  18.523  36.503 0.1000000015
106711  43.128  19.038  37.046 0.1000000015
107420  41.424  19.806  38.052 0.1000000015
107421  40.633  19.615  38.519 0.1000000015
146165  40.021  19.938  38.905 0.1000000015
105959  35.527  17.163  39.891 0.1000000015
105944  34.952  17.823  40.195 0.1000000015
105945  34.128  17.741  40.364 0.1000000015
106712  42.463  18.593  37.416 0.1000000015
107430  41.932  19.170  37.760 0.1000000015
106703  41.231  18.886  38.205 0.1000000015
107422  39.898  19.181  38.885 0.1000000015
106695  39.159  18.904  39.167 0.1000000015
106696  38.364  18.676  39.452 0.1000000015
105956  37.991  17.764  39.224 0.1000000015
106697  37.527  18.420  39.736 0.1000000015
108110  39.594  20.594  38.959 0.1000000015
107409  38.691  19.559  39.427 0.1000000015
135359  32.371  17.219  41.005 0.1000000015
108715  41.840  18.366  45.790 0.1000000015
150529  40.670  18.620  45.536 0.1000000015
132223  39.627  18.969  46.219 0.1000000015
132219  40.345  18.772  45.397 0.1000000015
150506  39.774  19.180  45.504 0.1000000015
132322  39.713  19.931  44.394 0.1000000015
132180  39.468  21.487  43.610 0.1000000015
109453  39.154  22.385  43.242 0.1000000015
133213  50.122  21.540  42.397 0.1000000015
109455  39.657  21.824  42.355 0.1000000015
154217  48.270  21.782  40.852 0.1000000015
109467  48.813  22.213  40.275 0.1000000015
109458  41.011  21.986  41.403 0.1000000015
108790  40.392  21.403  42.024 0.1000000015
142232  52.475  20.876  41.505 0.1000000015
108777  52.780  20.541  41.477 0.1000000015
109468  47.822  22.246  40.320 0.1000000015
108801  44.764  21.801  40.818 0.1000000015
109474  41.589  22.648  40.886 0.1000000015
108793  52.681  21.217  40.723 0.1000000015
109481  47.496  22.966  39.793 0.1000000015
109482  46.594  23.071  39.834 0.1000000015
108092  52.916  20.613  40.163 0.1000000015
107418  51.442  19.814  38.854 0.1000000015
107419  50.875  19.356  38.310 0.1000000015
154112  50.137  18.505  38.151 0.1000000015
105996  45.400  17.885  34.775 0.1000000015
107436  44.252  20.027  35.955 0.1000000015
107437  43.703  19.559  36.518 0.1000000015
108116  41.514  20.673  37.766 0.1000000015
108108  40.955  20.370  38.232 0.1000000015
108123  43.623  20.535  36.386 0.1000000015
107429  43.001  20.121  37.057 0.1000000015
137588  42.322  21.023  37.178 0.1000000015
108819  40.757  21.180  38.071 0.1000000015
108109  40.348  20.491  38.560 0.1000000015
157330  37.067  19.861  39.993 0.1000000015
108837  42.000  21.912  36.790 0.1000000015
108828  41.441  21.510  37.418 0.1000000015
108829  40.790  21.908  37.608 0.1000000015
108830  40.017  21.937  38.063 0.1000000015
108820  39.336  21.447  38.656 0.1000000015
108096  38.312  20.302  39.473 0.1000000015
108716  41.079  18.460  46.088 0.1000000015
132508  40.083  18.614  46.701 0.1000000015
132429  40.212  18.647  46.153 0.1000000015
132511  37.644  19.317  48.364 0.1000000015
132329  38.600  19.402  47.273 0.1000000015
150390  38.676  19.741  46.919 0.1000000015
150528  39.308  19.495  46.148 0.1000000015
150423  39.142  20.193  45.800 0.1000000015
132182  39.403  20.484  44.940 0.1000000015
132275  39.479  20.960  44.204 0.1000000015
132290  39.358  22.144  44.025 0.1000000015
110107  38.797  23.348  43.153 0.1000000015
151074  39.250  22.286  42.665 0.1000000015
108780  51.005  21.326  41.743 0.1000000015
108781  50.097  21.540  41.511 0.1000000015
109466  49.820  22.135  40.238 0.1000000015
109459  40.083  22.283  41.673 0.1000000015
160287  38.821  23.236  42.170 0.1000000015
110815  38.669  24.267  43.204 0.1000000015
108795  51.003  21.538  40.907 0.1000000015
108796  50.155  21.723  40.765 0.1000000015
109480  48.468  22.879  39.743 0.1000000015
109470  45.238  22.535  40.412 0.1000000015
109471  44.323  22.540  40.515 0.1000000015
109472  43.423  22.561  40.596 0.1000000015
109473  42.536  22.598  40.716 0.1000000015
110133  41.097  23.508  40.723 0.1000000015
110123  39.957  23.290  41.281 0.1000000015
110124  38.980  23.674  41.727 0.1000000015
110820  38.494  24.708  42.538 0.1000000015
108794  52.025  21.277  41.057 0.1000000015
110140  48.087  23.568  39.456 0.1000000015
110141  47.169  23.740  39.490 0.1000000015
110142  46.255  23.769  39.625 0.1000000015
110129  44.799  23.346  40.123 0.1000000015
110131  43.037  23.303  40.448 0.1000000015
146816  41.848  24.038  40.483 0.1000000015
110843  40.337  24.184  40.803 0.1000000015
110829  39.601  24.100  41.204 0.1000000015
110830  39.121  24.483  41.415 0.1000000015
108792  52.865  21.072  40.549 0.1000000015
108094  52.117  20.211  39.306 0.1000000015
108093  52.720  20.519  39.564 0.1000000015
107427  51.067  20.009  37.897 0.1000000015
106701  50.437  18.870  37.749 0.1000000015
107428  50.649  19.429  37.283 0.1000000015
106735  46.061  18.232  34.408 0.1000000015
106727  45.400  18.824  34.974 0.1000000015
107444  44.803  19.440  35.455 0.1000000015
107443  45.229  19.820  34.963 0.1000000015
108131  44.073  20.939  35.808 0.1000000015
108124  43.067  20.969  36.699 0.1000000015
109512  43.267  21.979  36.159 0.1000000015
109513  42.642  22.426  36.363 0.1000000015
109514  41.791  22.680  36.615 0.1000000015
109515  41.020  23.022  36.805 0.1000000015
109505  40.459  22.574  37.370 0.1000000015
109506  39.535  22.764  37.612 0.1000000015
142253  42.268  23.060  36.343 0.1000000015
110169  41.653  23.375  36.427 0.1000000015
143625  40.181  24.252  36.580 0.1000000015
108708  38.166  22.159  49.081 0.1000000015
133673  37.979  21.344  47.730 0.1000000015
132184  38.550  22.274  47.777 0.1000000015
132174  38.746  21.310  46.332 0.1000000015
110084  40.163  23.055  48.528 0.1000000015
132177  39.440  22.815  47.933 0.1000000015
132178  39.217  22.610  47.144 0.1000000015
133704  39.106  21.417  45.503 0.1000000015
132173  39.361  21.679  44.753 0.1000000015
110102  39.092  23.034  43.718 0.1000000015
156052  38.823  24.385  43.682 0.1000000015
151869  38.566  25.007  43.154 0.1000000015
109464  51.880  21.921  40.385 0.1000000015
109478  50.557  22.690  39.770 0.1000000015
109479  49.508  22.794  39.708 0.1000000015
111533  38.512  25.615  44.479 0.1000000015
109463  52.640  21.919  40.279 0.1000000015
109477  51.737  22.699  39.883 0.1000000015
146016  48.460  24.149  39.246 0.1000000015
110857  47.315  24.598  39.343 0.1000000015
110858  46.000  24.498  39.568 0.1000000015
110859  44.155  24.603  39.908 0.1000000015
110841  42.648  24.041  40.356 0.1000000015
111547  41.292  25.295  40.452 0.1000000015
145255  40.570  24.906  40.603 0.1000000015
110844  39.706  24.896  40.866 0.1000000015
140185  38.475  25.200  42.014 0.1000000015
110811  38.495  25.613  43.632 0.1000000015
108805  53.069  21.523  39.821 0.1000000015
146015  47.830  24.168  39.306 0.1000000015
111562  43.703  25.450  39.951 0.1000000015
111546  42.804  25.539  40.202 0.1000000015
112224  41.404  26.215  40.350 0.1000000015
111549  39.537  25.704  40.901 0.1000000015
111539  38.931  25.279  41.434 0.1000000015
112205  38.326  26.301  43.507 0.1000000015
108107  51.685  20.457  38.430 0.1000000015
108106  52.488  20.788  38.859 0.1000000015
107434  50.848  20.078  36.813 0.1000000015
106717  50.188  18.696  35.811 0.1000000015
160466  47.165  19.303  33.844 0.1000000015
107453  45.940  19.200  34.566 0.1000000015
108130  44.658  20.422  35.386 0.1000000015
108845  44.518  21.266  35.348 0.1000000015
152046  44.434  21.927  35.321 0.1000000015
108846  43.877  21.797  35.706 0.1000000015
109523  44.086  22.504  35.523 0.1000000015
135724  45.042  24.945  35.273 0.1000000015
110181  43.629  23.224  35.741 0.1000000015
109525  42.904  23.110  36.137 0.1000000015
110168  42.314  23.636  36.184 0.1000000015
110892  42.425  24.417  35.957 0.1000000015
110908  41.638  24.881  36.048 0.1000000015
112269  45.743  26.665  34.631 0.1000000015
149036  40.645  23.206  49.168 0.1000000015
150863  41.402  23.372  48.454 0.1000000015
132185  40.480  23.155  47.535 0.1000000015
132258  40.143  22.947  46.418 0.1000000015
132187  39.767  22.733  45.389 0.1000000015
134921  39.617  22.829  44.675 0.1000000015
132246  39.413  23.049  44.260 0.1000000015
132179  40.616  23.344  44.877 0.1000000015
132181  40.537  23.649  44.480 0.1000000015
150504  39.641  23.718  44.221 0.1000000015
110814  38.954  23.888  43.783 0.1000000015
137799  39.078  24.527  44.064 0.1000000015
110810  38.767  24.931  43.754 0.1000000015
111523  38.483  25.496  45.435 0.1000000015
109490  52.959  22.136  38.283 0.1000000015
109489  53.279  22.720  39.072 0.1000000015
110126  53.072  22.856  39.676 0.1000000015
110138  50.286  23.411  39.435 0.1000000015
109476  53.174  22.245  39.637 0.1000000015
152543  52.907  22.728  39.874 0.1000000015
142114  51.146  23.247  39.590 0.1000000015
110856  48.181  24.858  39.308 0.1000000015
136230  46.632  25.100  39.423 0.1000000015
111560  45.392  25.614  39.585 0.1000000015
140889  44.905  26.079  39.616 0.1000000015
108818  52.769  21.388  38.531 0.1000000015
111561  44.581  25.434  39.720 0.1000000015
136085  44.183  26.139  39.750 0.1000000015
112223  42.417  26.288  40.202 0.1000000015
112225  40.622  26.516  40.510 0.1000000015
137747  39.851  26.430  40.746 0.1000000015
111540  38.541  25.994  41.939 0.1000000015
108115  51.347  20.632  37.426 0.1000000015
108114  52.023  21.065  37.979 0.1000000015
108122  50.635  20.126  35.718 0.1000000015
107451  50.249  19.108  34.483 0.1000000015
108152  47.853  19.654  33.471 0.1000000015
107452  46.489  19.616  34.272 0.1000000015
108139  45.708  20.128  34.642 0.1000000015
144085  45.521  20.868  34.709 0.1000000015
108858  45.007  21.571  34.934 0.1000000015
109538  44.739  22.442  35.130 0.1000000015
110180  44.417  23.193  35.355 0.1000000015
136750  45.775  25.211  34.975 0.1000000015
110920  44.749  24.030  35.254 0.1000000015
144689  45.977  25.963  34.772 0.1000000015
110919  45.549  24.283  34.999 0.1000000015
135604  43.342  23.846  48.345 0.1000000015
110077  42.450  23.556  48.963 0.1000000015
110090  41.715  23.438  47.379 0.1000000015
110095  41.872  23.536  46.492 0.1000000015
110098  41.279  23.432  45.545 0.1000000015
110094  42.382  23.816  45.805 0.1000000015
110097  42.151  23.939  44.750 0.1000000015
110809  39.870  24.331  44.197 0.1000000015
111531  39.761  24.776  44.441 0.1000000015
111532  38.908  25.082  44.501 0.1000000015
136932  38.943  25.271  46.091 0.1000000015
111509  38.173  25.327  46.470 0.1000000015
110127  52.691  23.253  39.755 0.1000000015
112193  37.917  26.008  45.337 0.1000000015
110137  52.015  23.673  39.710 0.1000000015
110854  50.271  24.401  39.343 0.1000000015
111559  46.176  25.793  39.538 0.1000000015
112235  45.637  26.467  39.580 0.1000000015
143252  38.123  26.667  44.040 0.1000000015
108827  51.599  21.308  37.012 0.1000000015
111556  49.756  25.189  39.422 0.1000000015
112948  47.220  26.964  39.755 0.1000000015
112236  43.878  26.899  39.777 0.1000000015
112938  42.947  27.081  40.041 0.1000000015
112941  40.919  27.807  40.582 0.1000000015
112927  39.470  27.253  41.220 0.1000000015
112209  38.424  26.609  42.711 0.1000000015
112905  37.990  27.131  44.703 0.1000000015
112201  37.649  26.844  45.411 0.1000000015
108834  51.217  21.551  36.124 0.1000000015
159669  47.112  26.399  39.575 0.1000000015
112950  45.377  27.346  39.665 0.1000000015
112952  43.644  27.675  39.876 0.1000000015
112939  42.418  27.624  40.217 0.1000000015
155206  40.767  28.398  40.839 0.1000000015
112916  38.965  27.744  41.917 0.1000000015
112917  38.559  27.692  42.869 0.1000000015
142600  50.351  19.855  34.851 0.1000000015
113647  42.454  28.509  40.340 0.1000000015
113648  41.442  28.487  40.629 0.1000000015
106740  50.073  19.030  33.876 0.1000000015
151564  47.044  19.913  33.992 0.1000000015
108138  46.363  20.525  34.366 0.1000000015
109537  45.444  22.266  34.759 0.1000000015
110195  45.257  23.234  34.941 0.1000000015
112268  46.693  26.448  34.533 0.1000000015
113686  47.516  28.394  33.629 0.1000000015
113003  46.902  27.910  33.977 0.1000000015
110787  44.758  24.572  46.821 0.1000000015
110778  44.900  24.437  47.901 0.1000000015
110779  44.051  24.245  47.669 0.1000000015
110082  43.276  23.954  47.345 0.1000000015
110088  43.158  24.128  46.253 0.1000000015
110089  42.531  23.694  46.905 0.1000000015
110101  41.718  24.210  44.374 0.1000000015
110808  40.875  24.316  44.281 0.1000000015
110803  42.652  24.700  44.295 0.1000000015
110807  41.987  24.823  44.151 0.1000000015
111530  40.995  24.833  44.268 0.1000000015
111521  40.378  25.225  44.882 0.1000000015
111522  39.367  25.178  45.186 0.1000000015
154355  42.695  25.068  44.084 0.1000000015
111520  41.435  25.338  44.711 0.1000000015
111510  37.349  25.464  46.728 0.1000000015
109502  53.158  22.815  38.122 0.1000000015
110145  53.322  23.489  38.571 0.1000000015
110135  53.227  23.565  39.385 0.1000000015
110852  52.900  24.357  39.783 0.1000000015
111524  37.686  25.792  46.100 0.1000000015
109503  52.476  22.532  37.259 0.1000000015
139909  53.164  24.171  39.554 0.1000000015
110853  51.705  24.662  39.739 0.1000000015
111555  50.671  25.350  39.682 0.1000000015
111511  36.489  25.609  46.982 0.1000000015
108833  51.781  22.010  36.671 0.1000000015
109510  51.891  22.625  36.355 0.1000000015
110851  53.282  24.840  39.667 0.1000000015
157102  53.129  25.274  39.967 0.1000000015
111554  51.722  25.612  40.163 0.1000000015
112230  50.848  26.113  40.126 0.1000000015
112232  48.671  26.201  39.670 0.1000000015
112947  48.219  26.936  39.868 0.1000000015
112184  36.186  26.253  46.484 0.1000000015
108128  50.746  21.003  35.617 0.1000000015
112229  51.666  26.211  40.565 0.1000000015
112220  50.180  26.741  40.386 0.1000000015
112221  49.187  26.829  40.119 0.1000000015
112936  47.765  27.627  40.256 0.1000000015
112949  46.277  27.184  39.681 0.1000000015
113655  45.113  28.133  39.825 0.1000000015
113646  43.401  28.401  40.049 0.1000000015
113636  39.624  28.201  41.604 0.1000000015
113614  38.355  28.113  44.464 0.1000000015
112899  37.276  27.432  45.729 0.1000000015
108129  50.477  20.517  35.121 0.1000000015
108844  50.529  21.121  35.096 0.1000000015
113641  48.210  28.111  41.065 0.1000000015
113642  47.334  28.393  40.604 0.1000000015
113643  46.441  28.569  40.247 0.1000000015
114330  44.378  29.728  40.399 0.1000000015
114331  43.570  29.723  40.488 0.1000000015
114333  41.845  29.334  40.831 0.1000000015
113624  39.921  28.980  42.142 0.1000000015
113625  39.200  28.457  42.476 0.1000000015
149765  38.506  28.864  45.319 0.1000000015
155484  50.276  19.648  34.248 0.1000000015
108149  49.985  20.274  33.753 0.1000000015
108151  48.379  20.449  33.440 0.1000000015
108868  47.369  20.502  33.882 0.1000000015
108856  46.813  21.285  34.267 0.1000000015
109536  46.313  22.103  34.491 0.1000000015
108857  45.842  21.427  34.576 0.1000000015
154757  45.975  22.823  34.663 0.1000000015
110194  46.290  23.677  34.696 0.1000000015
111605  46.563  25.542  34.739 0.1000000015
110918  46.399  24.674  34.815 0.1000000015
154738  48.615  29.465  33.290 0.1000000015
114359  48.125  28.893  33.374 0.1000000015
144521  48.382  30.941  33.480 0.1000000015
114360  47.254  29.035  33.532 0.1000000015
110776  46.633  24.993  48.022 0.1000000015
110786  45.625  24.806  47.022 0.1000000015
110795  45.392  25.145  45.920 0.1000000015
110796  44.559  24.855  45.667 0.1000000015
110093  42.947  24.371  45.110 0.1000000015
110797  43.747  24.603  45.433 0.1000000015
110806  43.449  25.216  44.352 0.1000000015
111507  40.849  25.444  45.777 0.1000000015
111494  38.806  24.966  47.256 0.1000000015
110789  38.010  24.797  47.870 0.1000000015
110167  52.110  23.655  35.994 0.1000000015
110153  52.966  23.317  37.461 0.1000000015
110866  53.465  24.351  39.048 0.1000000015
111483  35.049  25.857  47.975 0.1000000015
109521  51.687  23.084  35.715 0.1000000015
109511  51.388  22.298  35.885 0.1000000015
111545  52.480  26.134  40.580 0.1000000015
112893  35.851  26.894  46.091 0.1000000015
109522  51.137  22.584  35.269 0.1000000015
108853  50.680  21.981  34.972 0.1000000015
112933  50.577  27.241  41.142 0.1000000015
112935  48.679  27.468  40.587 0.1000000015
112898  37.875  28.044  45.406 0.1000000015
108864  50.178  21.178  34.224 0.1000000015
112924  50.077  27.772  41.687 0.1000000015
113633  47.783  28.988  41.448 0.1000000015
137104  45.882  29.365  40.471 0.1000000015
114978  43.227  30.472  41.150 0.1000000015
114323  41.459  29.792  41.662 0.1000000015
114311  39.662  29.205  43.152 0.1000000015
113613  38.996  28.682  43.659 0.1000000015
108865  49.750  21.120  33.841 0.1000000015
108867  47.835  21.250  33.845 0.1000000015
108855  47.318  22.026  34.299 0.1000000015
141279  46.817  22.834  34.507 0.1000000015
154876  47.247  25.838  34.539 0.1000000015
136751  47.319  25.071  34.611 0.1000000015
114358  49.464  29.578  33.208 0.1000000015
113685  48.392  28.243  33.463 0.1000000015
113002  47.764  27.744  33.793 0.1000000015
112283  48.004  27.140  33.982 0.1000000015
110785  46.466  25.129  47.172 0.1000000015
110801  44.247  25.232  44.695 0.1000000015
111529  43.060  25.350  44.289 0.1000000015
132761  42.479  25.651  44.902 0.1000000015
111506  41.597  25.652  45.821 0.1000000015
111493  39.896  25.181  47.510 0.1000000015
110166  52.702  23.870  36.686 0.1000000015
110781  37.660  24.698  48.536 0.1000000015
110782  36.809  24.874  48.497 0.1000000015
111482  35.907  25.382  48.452 0.1000000015
112161  35.268  25.990  48.754 0.1000000015
110875  53.307  24.114  37.776 0.1000000015
138514  53.515  24.996  38.053 0.1000000015
111497  35.725  25.589  47.545 0.1000000015
148818  34.370  27.054  48.489 0.1000000015
111552  53.324  25.631  39.904 0.1000000015
111544  53.056  26.047  40.383 0.1000000015
112185  35.336  26.412  46.601 0.1000000015
112172  35.054  26.081  47.240 0.1000000015
112173  34.451  26.491  47.542 0.1000000015
110179  51.386  23.369  35.036 0.1000000015
109531  50.949  22.842  34.831 0.1000000015
112228  53.260  26.461  40.221 0.1000000015
112217  52.804  26.710  40.925 0.1000000015
112932  51.511  27.157  41.379 0.1000000015
112900  36.404  27.578  45.775 0.1000000015
112195  34.885  26.955  46.116 0.1000000015
112186  34.490  26.646  46.792 0.1000000015
109542  50.836  23.131  34.564 0.1000000015
109533  49.887  22.797  34.129 0.1000000015
112213  52.517  27.199  41.425 0.1000000015
112922  52.003  27.588  41.840 0.1000000015
113632  48.728  28.603  41.826 0.1000000015
114321  47.186  29.717  41.579 0.1000000015
114976  45.592  30.258  40.876 0.1000000015
147061  44.012  30.342  40.769 0.1000000015
153802  42.704  30.688  41.980 0.1000000015
155150  40.814  30.137  43.521 0.1000000015
114295  39.599  29.437  44.349 0.1000000015
113599  38.399  29.116  45.433 0.1000000015
155695  37.028  27.768  45.820 0.1000000015
113602  35.977  28.194  45.172 0.1000000015
112894  34.081  27.241  46.249 0.1000000015
112174  33.853  27.143  47.041 0.1000000015
136038  50.059  22.061  34.184 0.1000000015
133153  49.418  21.928  34.021 0.1000000015
109544  48.376  21.997  34.097 0.1000000015
114307  48.970  29.865  42.958 0.1000000015
114958  47.464  30.190  42.279 0.1000000015
114959  46.809  30.410  41.820 0.1000000015
114961  45.223  31.013  41.396 0.1000000015
114962  43.336  31.118  42.156 0.1000000015
114964  41.991  30.507  42.564 0.1000000015
114933  40.812  30.446  44.464 0.1000000015
114280  38.954  29.816  45.504 0.1000000015
114282  37.475  29.015  45.425 0.1000000015
113601  36.967  28.299  45.612 0.1000000015
110192  48.334  23.564  34.379 0.1000000015
109535  47.837  22.792  34.361 0.1000000015
110193  47.329  23.588  34.496 0.1000000015
110917  47.015  24.280  34.632 0.1000000015
111604  47.848  25.649  34.361 0.1000000015
115024  50.486  30.209  33.193 0.1000000015
113684  49.098  28.832  33.238 0.1000000015
111475  47.304  25.353  47.330 0.1000000015
110775  47.256  25.143  48.539 0.1000000015
110800  45.065  25.414  45.055 0.1000000015
111528  44.260  25.647  44.551 0.1000000015
111519  43.869  25.722  44.474 0.1000000015
135236  41.147  25.522  46.408 0.1000000015
111479  40.752  25.393  47.920 0.1000000015
111481  39.315  24.894  48.224 0.1000000015
110771  39.271  24.852  49.236 0.1000000015
110772  38.085  24.728  49.258 0.1000000015
111468  36.009  25.681  49.365 0.1000000015
110891  52.327  24.276  35.919 0.1000000015
112151  35.694  26.502  49.427 0.1000000015
143517  51.845  23.845  35.358 0.1000000015
111567  53.512  25.857  38.302 0.1000000015
112871  34.712  27.759  48.992 0.1000000015
112879  33.985  27.651  48.297 0.1000000015
112238  53.480  26.245  39.356 0.1000000015
114272  33.957  29.264  48.337 0.1000000015
110190  51.197  23.649  34.595 0.1000000015
109543  50.495  22.971  34.339 0.1000000015
112945  53.352  27.036  39.871 0.1000000015
112931  53.103  27.269  40.680 0.1000000015
112914  52.128  28.177  42.080 0.1000000015
113630  50.604  28.253  42.365 0.1000000015
113631  49.661  28.366  42.157 0.1000000015
112901  35.435  27.472  45.592 0.1000000015
112887  33.517  27.820  46.889 0.1000000015
112880  33.666  27.659  47.548 0.1000000015
110200  50.284  23.768  34.061 0.1000000015
114317  52.708  28.465  41.401 0.1000000015
113619  52.374  28.646  41.890 0.1000000015
113621  51.571  28.631  42.473 0.1000000015
114306  49.828  29.658  43.092 0.1000000015
114942  48.631  30.595  43.207 0.1000000015
114944  47.106  30.889  42.466 0.1000000015
115657  44.861  31.624  42.187 0.1000000015
155324  44.003  31.522  42.616 0.1000000015
114963  42.736  31.076  42.916 0.1000000015
114946  41.503  30.642  43.869 0.1000000015
114279  39.376  29.998  45.469 0.1000000015
114286  37.833  29.685  45.014 0.1000000015
112895  33.594  27.747  46.306 0.1000000015
110191  49.341  23.570  34.264 0.1000000015
114930  48.218  31.256  43.242 0.1000000015
115643  47.416  31.416  42.997 0.1000000015
115644  46.455  31.665  42.671 0.1000000015
115646  44.536  31.929  43.223 0.1000000015
114945  42.857  31.598  43.991 0.1000000015
114932  41.327  30.923  44.867 0.1000000015
145830  39.970  31.170  45.160 0.1000000015
114915  38.928  30.200  45.430 0.1000000015
113606  36.779  28.732  45.202 0.1000000015
112906  34.931  27.871  44.965 0.1000000015
112907  34.167  27.891  45.085 0.1000000015
145839  50.622  25.945  33.302 0.1000000015
111618  49.376  25.076  34.011 0.1000000015
115633  42.605  31.992  44.717 0.1000000015
115619  41.253  31.542  44.930 0.1000000015
115620  40.562  31.338  45.081 0.1000000015
113000  50.075  27.696  33.220 0.1000000015
135175  49.667  26.100  33.632 0.1000000015
110916  48.290  25.069  34.317 0.1000000015
139976  47.824  24.332  34.425 0.1000000015
113009  50.426  28.205  33.121 0.1000000015
112282  48.682  26.708  33.896 0.1000000015
111603  48.609  25.849  34.109 0.1000000015
115025  49.770  29.836  33.085 0.1000000015
147109  49.253  28.013  33.329 0.1000000015
112267  47.763  26.416  34.255 0.1000000015
111460  48.237  25.408  48.720 0.1000000015
111504  45.934  25.825  45.168 0.1000000015
112191  45.865  26.295  44.974 0.1000000015
147239  44.018  26.251  44.926 0.1000000015
152389  43.187  26.150  45.512 0.1000000015
111505  42.327  25.936  46.251 0.1000000015
111491  41.472  25.624  47.037 0.1000000015
111463  40.877  25.372  49.109 0.1000000015
144150  39.464  25.166  49.998 0.1000000015
112171  43.078  26.250  46.725 0.1000000015
111490  42.298  25.869  47.499 0.1000000015
111480  40.040  25.179  48.639 0.1000000015
112150  36.524  26.238  49.953 0.1000000015
112870  35.513  27.438  49.442 0.1000000015
158778  52.868  25.243  36.363 0.1000000015
114263  35.180  29.527  49.287 0.1000000015
114271  34.592  29.388  48.872 0.1000000015
113581  34.971  28.766  49.189 0.1000000015
111581  52.529  24.962  35.830 0.1000000015
111572  53.193  25.619  37.027 0.1000000015
112240  53.391  26.520  38.450 0.1000000015
114274  33.538  29.182  47.652 0.1000000015
110189  51.621  24.147  34.748 0.1000000015
112946  53.086  27.539  39.495 0.1000000015
113589  33.704  28.411  47.992 0.1000000015
114276  33.241  29.179  46.900 0.1000000015
110913  51.868  25.005  34.425 0.1000000015
110199  50.970  23.876  34.213 0.1000000015
113651  53.102  27.591  40.223 0.1000000015
114318  52.234  29.017  41.625 0.1000000015
114303  51.894  29.109  42.151 0.1000000015
114291  51.084  29.342  42.645 0.1000000015
114941  49.455  30.450  43.315 0.1000000015
115629  46.891  32.124  43.172 0.1000000015
113595  33.274  28.503  46.374 0.1000000015
111602  51.525  25.195  33.902 0.1000000015
110925  50.763  24.579  33.842 0.1000000015
114929  48.970  31.088  43.372 0.1000000015
116356  45.901  32.385  43.250 0.1000000015
115631  44.153  32.417  44.060 0.1000000015
114922  38.834  30.608  44.823 0.1000000015
114923  38.096  30.273  44.528 0.1000000015
152436  37.023  29.308  44.745 0.1000000015
113607  35.204  28.460  44.414 0.1000000015
113609  33.593  28.343  44.948 0.1000000015
113596  32.971  28.972  45.590 0.1000000015
112280  51.115  26.346  33.199 0.1000000015
110926  50.148  24.568  33.861 0.1000000015
116348  44.624  32.921  44.319 0.1000000015
115617  42.914  32.551  44.512 0.1000000015
116334  41.678  32.073  44.787 0.1000000015
140006  40.192  31.496  44.705 0.1000000015
115636  38.975  30.913  44.100 0.1000000015
114296  37.347  29.924  44.152 0.1000000015
114297  36.484  29.565  43.723 0.1000000015
113617  33.762  28.688  44.291 0.1000000015
114288  33.135  29.019  44.447 0.1000000015
112999  50.778  27.333  33.088 0.1000000015
117035  43.955  33.696  44.101 0.1000000015
116333  42.981  33.072  44.337 0.1000000015
116350  41.658  32.406  44.414 0.1000000015
115635  39.634  31.399  44.086 0.1000000015
114947  38.364  30.641  43.442 0.1000000015
114936  36.969  30.020  43.132 0.1000000015
114312  35.963  29.707  42.621 0.1000000015
114300  33.607  29.190  43.683 0.1000000015
116357  43.182  33.216  42.968 0.1000000015
116358  42.434  32.890  43.403 0.1000000015
116359  41.583  32.471  43.601 0.1000000015
115649  39.859  31.488  43.281 0.1000000015
115650  39.080  30.978  43.202 0.1000000015
114949  36.640  30.056  42.072 0.1000000015
114299  34.612  29.233  43.374 0.1000000015
117055  43.900  33.414  42.429 0.1000000015
116364  43.385  32.966  41.700 0.1000000015
115667  41.309  31.901  41.624 0.1000000015
115659  40.676  31.682  42.032 0.1000000015
146646  40.035  31.431  42.332 0.1000000015
114965  38.072  30.480  41.782 0.1000000015
116374  42.787  32.581  40.878 0.1000000015
116375  42.015  32.237  41.248 0.1000000015
114979  39.460  30.984  41.474 0.1000000015
114981  37.740  30.457  40.729 0.1000000015
115669  39.892  31.187  40.429 0.1000000015
114990  39.134  30.771  40.455 0.1000000015
111503  46.930  25.989  45.448 0.1000000015
112190  46.650  26.476  45.246 0.1000000015
112181  44.835  26.551  45.359 0.1000000015
112182  43.905  26.526  45.923 0.1000000015
111477  42.338  25.696  48.674 0.1000000015
111462  41.720  25.526  49.441 0.1000000015
114901  34.955  31.076  49.034 0.1000000015
154628  52.693  25.618  35.970 0.1000000015
112242  52.873  26.314  36.418 0.1000000015
149194  53.230  26.416  37.512 0.1000000015
144605  34.293  29.963  48.588 0.1000000015
114903  33.738  30.089  48.010 0.1000000015
112961  53.064  26.979  38.004 0.1000000015
114909  33.121  29.956  46.678 0.1000000015
113652  52.783  28.089  40.069 0.1000000015
135558  51.879  29.114  40.823 0.1000000015
114940  50.885  30.267  42.244 0.1000000015
115624  50.463  30.702  42.702 0.1000000015
115625  50.003  31.182  43.123 0.1000000015
114277  32.961  29.384  46.137 0.1000000015
114928  49.727  30.855  43.319 0.1000000015
115626  49.094  31.456  43.199 0.1000000015
115628  47.690  31.799  43.241 0.1000000015
137239  32.502  29.952  44.661 0.1000000015
116355  48.794  32.157  42.613 0.1000000015
117031  48.028  32.952  43.200 0.1000000015
117033  47.311  33.116  43.531 0.1000000015
116328  46.662  33.357  43.712 0.1000000015
153612  32.901  29.470  43.868 0.1000000015
117054  47.969  33.920  41.590 0.1000000015
118351  47.248  34.463  42.767 0.1000000015
118344  46.423  34.251  43.498 0.1000000015
117021  45.466  33.770  43.934 0.1000000015
118372  47.201  34.930  41.146 0.1000000015
118361  46.978  34.736  42.387 0.1000000015
117703  45.596  34.186  43.040 0.1000000015
117034  44.493  33.896  44.010 0.1000000015
114313  34.859  29.600  42.680 0.1000000015
114314  33.846  29.596  42.836 0.1000000015
117716  45.928  34.263  41.941 0.1000000015
117692  44.923  33.984  43.745 0.1000000015
135349  37.182  30.314  41.447 0.1000000015
114950  35.798  30.000  41.700 0.1000000015
114991  38.341  30.679  39.924 0.1000000015
114966  36.144  30.254  40.991 0.1000000015
114982  36.819  30.487  40.442 0.1000000015
141648  44.635  26.673  46.208 0.1000000015
112170  43.923  26.426  47.221 0.1000000015
153097  41.054  25.602  50.183 0.1000000015
113580  35.786  29.121  49.611 0.1000000015
116283  36.421  32.573  49.654 0.1000000015
116284  35.796  32.313  49.276 0.1000000015
114262  35.660  30.079  49.562 0.1000000015
114893  35.516  30.918  49.450 0.1000000015
115586  35.366  31.695  49.191 0.1000000015
115595  34.777  31.654  48.655 0.1000000015
114907  33.455  30.610  47.243 0.1000000015
113653  52.171  28.304  39.359 0.1000000015
114327  51.300  29.364  40.485 0.1000000015
114972  51.389  29.632  41.211 0.1000000015
115641  50.117  31.186  42.595 0.1000000015
115603  33.775  31.471  47.427 0.1000000015
115604  33.338  31.342  46.733 0.1000000015
146941  33.078  30.661  46.511 0.1000000015
115664  50.352  30.629  41.454 0.1000000015
114910  32.794  30.216  45.966 0.1000000015
114974  50.004  30.334  40.512 0.1000000015
115665  49.560  31.035  40.989 0.1000000015
115642  49.462  31.614  42.520 0.1000000015
115666  48.915  31.366  40.493 0.1000000015
116371  48.966  31.730  41.244 0.1000000015
114315  33.011  29.775  43.191 0.1000000015
114924  32.338  30.736  44.325 0.1000000015
115676  47.790  31.390  38.715 0.1000000015
116372  48.394  32.038  40.422 0.1000000015
147108  48.023  33.671  40.912 0.1000000015
114951  34.070  29.982  42.039 0.1000000015
114967  35.151  30.289  41.060 0.1000000015
150236  35.025  29.946  41.872 0.1000000015
153243  36.065  30.557  40.146 0.1000000015
114992  37.333  30.665  39.784 0.1000000015
114993  36.451  30.759  39.615 0.1000000015
111461  42.425  25.622  49.616 0.1000000015
116968  37.539  33.690  49.945 0.1000000015
114339  51.518  28.623  39.108 0.1000000015
113659  51.538  28.297  38.306 0.1000000015
137473  51.025  29.044  39.473 0.1000000015
114973  50.818  29.978  40.964 0.1000000015
140510  33.294  32.060  46.292 0.1000000015
114337  50.066  29.202  38.862 0.1000000015
114987  50.453  29.601  39.990 0.1000000015
114917  32.502  30.539  45.191 0.1000000015
139265  50.743  28.703  38.335 0.1000000015
115674  49.194  30.753  40.071 0.1000000015
115622  32.275  31.550  43.860 0.1000000015
114996  48.700  30.240  38.516 0.1000000015
141094  48.322  30.796  38.829 0.1000000015
114937  32.352  30.864  43.576 0.1000000015
115686  48.061  30.726  38.101 0.1000000015
114970  32.886  30.899  42.075 0.1000000015
114953  32.631  30.611  42.892 0.1000000015
114985  33.775  31.143  40.932 0.1000000015
114969  33.531  30.663  41.670 0.1000000015
114984  34.533  30.850  40.529 0.1000000015
115681  36.054  31.230  39.009 0.1000000015
114892  36.196  30.725  49.872 0.1000000015
115585  36.110  31.636  49.705 0.1000000015
116296  35.997  33.107  48.936 0.1000000015
114341  50.350  28.757  37.434 0.1000000015
114997  49.224  29.569  38.162 0.1000000015
114988  49.449  29.972  39.371 0.1000000015
115002  49.370  29.702  37.106 0.1000000015
111448  42.104  25.677  50.247 0.1000000015
111449  40.044  25.583  50.363 0.1000000015
111476  43.027  25.771  49.148 0.1000000015
108042  48.697  20.370  46.907 0.1000000015
107371  43.907  18.472  45.801 0.1000000015
106665  51.903  18.667  43.138 0.1000000015
145754  50.630  18.800  38.659 0.1000000015
106710  49.972  18.364  37.304 0.1000000015
106734  46.789  18.622  34.007 0.1000000015
104517  45.931  14.647  32.055 0.1000000015
147656  49.579  19.740  33.429 0.1000000015
107460  50.204  19.872  33.947 0.1000000015
108150  49.336  20.380  33.441 0.1000000015
106709  50.257  18.837  36.775 0.1000000015
107442  50.335  19.293  35.296 0.1000000015
103082  40.227  13.228  36.979 0.1000000015
102368  39.676  12.439  38.515 0.1000000015
160119  34.772  12.759  41.545 0.1000000015
133034  51.022  22.349  45.022 0.1000000015
103070  37.497  13.585  39.682 0.1000000015
103055  33.001  13.717  41.519 0.1000000015
102361  37.809  12.810  40.061 0.1000000015
156461  38.333  13.450  38.952 0.1000000015
109426  50.894  22.130  45.764 0.1000000015
152125  50.391  22.216  44.463 0.1000000015
108755  51.898  21.381  43.647 0.1000000015
106671  51.905  18.593  42.158 0.1000000015
106681  52.415  19.006  40.771 0.1000000015
105221  35.389  16.504  39.853 0.1000000015
105210  33.982  16.955  40.549 0.1000000015
103785  38.163  14.490  38.138 0.1000000015
104474  37.326  15.693  38.392 0.1000000015
103083  39.510  13.651  37.385 0.1000000015
103800  39.428  14.940  36.239 0.1000000015
107378  45.567  19.179  44.950 0.1000000015
108734  49.542  21.412  46.051 0.1000000015
108051  48.353  20.541  45.857 0.1000000015
108052  47.687  20.113  45.713 0.1000000015
107383  46.355  19.603  44.788 0.1000000015
109439  42.674  18.775  44.049 0.1000000015
109410  41.231  18.515  45.456 0.1000000015
108057  47.609  20.604  44.573 0.1000000015
108064  46.663  20.416  43.486 0.1000000015
108748  49.559  21.766  45.305 0.1000000015
108749  48.920  21.527  44.772 0.1000000015
108750  48.198  21.286  44.187 0.1000000015
150426  40.261  19.228  44.597 0.1000000015
109438  49.600  21.924  44.511 0.1000000015
135415  47.838  21.271  43.357 0.1000000015
108072  44.743  20.400  42.474 0.1000000015
108767  50.148  21.768  43.310 0.1000000015
153745  47.639  21.325  42.645 0.1000000015
108081  43.521  20.844  41.655 0.1000000015
107398  52.400  19.300  40.287 0.1000000015
106692  51.296  19.103  39.183 0.1000000015
106721  43.055  18.062  36.999 0.1000000015
106698  36.668  18.149  39.982 0.1000000015
104463  32.977  15.931  41.225 0.1000000015
105261  42.508  16.214  35.087 0.1000000015
106713  41.728  18.278  37.751 0.1000000015
105968  40.110  17.669  38.316 0.1000000015
106705  39.626  18.291  38.769 0.1000000015
104508  43.434  15.294  33.054 0.1000000015
105239  40.008  16.499  37.125 0.1000000015
105241  38.413  16.148  37.484 0.1000000015
105230  37.299  16.263  38.487 0.1000000015
132728  32.726  15.112  41.398 0.1000000015
104520  43.144  14.794  32.547 0.1000000015
105263  40.690  16.004  35.500 0.1000000015
160303  31.505  16.127  41.337 0.1000000015
132186  39.743  19.522  45.062 0.1000000015
157946  48.887  21.645  43.119 0.1000000015
135625  47.033  21.254  42.132 0.1000000015
108786  44.386  21.159  41.442 0.1000000015
108797  49.136  21.677  41.193 0.1000000015
108799  46.502  21.832  40.730 0.1000000015
109469  46.935  22.398  40.234 0.1000000015
137024  46.097  22.479  40.319 0.1000000015
107406  52.642  19.899  40.111 0.1000000015
106719  44.305  18.999  35.992 0.1000000015
145876  42.135  20.052  37.554 0.1000000015
106699  35.815  17.936  40.143 0.1000000015
150172  42.551  19.409  37.396 0.1000000015
107408  39.413  19.742  39.153 0.1000000015
108095  38.981  20.243  39.292 0.1000000015
107410  37.811  19.482  39.776 0.1000000015
107411  36.946  19.075  40.116 0.1000000015
105947  32.352  17.850  40.773 0.1000000015
105213  31.477  16.826  41.091 0.1000000015
110128  45.722  23.168  39.964 0.1000000015
110132  42.131  23.355  40.575 0.1000000015
108835  43.473  21.351  36.217 0.1000000015
153421  40.029  21.156  38.499 0.1000000015
109504  41.262  22.291  37.113 0.1000000015
108023  38.926  18.822  47.714 0.1000000015
134410  37.048  20.274  48.732 0.1000000015
132245  38.482  20.609  46.884 0.1000000015
109465  50.854  22.097  40.301 0.1000000015
110139  49.159  23.637  39.328 0.1000000015
110143  45.432  23.910  39.731 0.1000000015
110130  44.220  23.846  40.040 0.1000000015
110842  41.219  24.462  40.552 0.1000000015
145648  46.665  24.325  39.447 0.1000000015
137892  45.166  24.746  39.672 0.1000000015
145598  43.522  23.970  40.186 0.1000000015
145513  42.148  24.829  40.373 0.1000000015
109462  52.976  22.014  40.084 0.1000000015
108806  52.993  21.073  39.326 0.1000000015
107435  50.509  19.401  36.247 0.1000000015
108140  45.040  20.703  34.950 0.1000000015
108836  42.798  21.636  36.552 0.1000000015
109524  43.430  22.517  35.961 0.1000000015
110170  40.899  23.761  36.510 0.1000000015
110155  40.081  23.413  36.990 0.1000000015
110893  41.637  24.098  36.239 0.1000000015
110894  40.916  24.552  36.284 0.1000000015
150924  39.400  24.091  36.853 0.1000000015
109402  38.953  22.631  48.633 0.1000000015
158188  52.543  22.490  40.020 0.1000000015
110855  49.119  24.616  39.275 0.1000000015
111558  47.491  25.400  39.398 0.1000000015
136333  45.873  25.161  39.547 0.1000000015
111548  40.393  25.703  40.562 0.1000000015
108817  53.185  21.826  39.141 0.1000000015
112222  43.325  26.237  39.999 0.1000000015
139234  42.005  26.996  40.243 0.1000000015
112214  39.103  26.263  41.319 0.1000000015
108121  51.053  20.793  36.416 0.1000000015
110182  43.009  23.728  35.892 0.1000000015
110907  43.373  24.376  35.675 0.1000000015
141787  42.893  25.126  35.738 0.1000000015
133747  42.196  25.186  35.828 0.1000000015
111594  41.661  25.649  35.740 0.1000000015
111595  40.933  25.365  36.026 0.1000000015
132188  41.382  23.698  44.656 0.1000000015
110136  52.980  23.545  39.631 0.1000000015
153774  51.105  23.872  39.456 0.1000000015
111557  48.940  25.446  39.426 0.1000000015
152902  48.187  25.639  39.464 0.1000000015
141158  46.948  25.907  39.482 0.1000000015
149371  44.743  26.743  39.639 0.1000000015
108826  52.290  21.719  37.602 0.1000000015
112226  40.344  27.169  40.657 0.1000000015
112215  38.682  26.962  41.896 0.1000000015
110083  42.509  23.582  47.922 0.1000000015
112183  36.937  26.019  46.383 0.1000000015
112231  49.766  26.026  39.700 0.1000000015
112937  46.845  27.798  39.995 0.1000000015
137490  42.956  27.861  40.040 0.1000000015
112892  36.757  26.903  46.041 0.1000000015
112951  44.496  27.519  39.730 0.1000000015
144991  45.663  28.610  40.062 0.1000000015
113656  44.244  28.299  39.895 0.1000000015
113634  41.047  29.056  41.087 0.1000000015
108137  50.341  20.403  34.535 0.1000000015
114332  42.723  29.597  40.630 0.1000000015
148408  47.240  27.194  34.174 0.1000000015
111508  39.838  25.280  46.193 0.1000000015
110790  37.300  24.850  47.841 0.1000000015
111496  36.517  25.162  47.743 0.1000000015
111553  52.703  25.367  40.154 0.1000000015
111512  35.725  25.916  46.956 0.1000000015
110154  52.290  23.177  36.529 0.1000000015
108843  50.911  21.783  35.448 0.1000000015
112218  52.096  26.731  41.057 0.1000000015
112934  49.622  27.355  40.878 0.1000000015
114329  45.121  29.813  40.444 0.1000000015
108854  50.379  21.227  34.612 0.1000000015
114328  46.876  29.200  40.837 0.1000000015
114977  44.755  30.425  40.798 0.1000000015
114322  42.268  30.143  41.360 0.1000000015
114310  40.395  29.612  42.830 0.1000000015
113600  37.569  28.500  45.511 0.1000000015
108866  48.905  21.163  33.699 0.1000000015
155198  47.825  29.430  33.425 0.1000000015
110780  38.546  24.720  48.514 0.1000000015
149982  53.529  25.296  39.186 0.1000000015
112923  51.052  27.689  41.844 0.1000000015
112925  49.134  27.913  41.402 0.1000000015
109532  50.480  22.210  34.605 0.1000000015
114975  46.427  29.963  41.125 0.1000000015
145380  40.254  29.812  43.888 0.1000000015
114372  49.879  29.145  33.187 0.1000000015
113001  48.586  27.521  33.662 0.1000000015
110890  53.007  24.721  36.761 0.1000000015
147916  36.507  25.154  49.129 0.1000000015
112152  34.944  26.798  48.957 0.1000000015
112216  53.019  26.740  40.721 0.1000000015
110905  52.066  24.582  35.161 0.1000000015
113628  52.977  27.872  41.368 0.1000000015
112915  51.457  28.195  42.336 0.1000000015
114308  48.135  29.999  42.732 0.1000000015
114960  46.077  30.711  41.514 0.1000000015
135051  44.192  31.043  41.480 0.1000000015
135440  42.237  31.050  43.700 0.1000000015
109534  48.899  22.754  34.306 0.1000000015
114943  47.841  30.704  42.883 0.1000000015
115655  46.469  31.039  42.079 0.1000000015
159509  43.337  31.421  43.085 0.1000000015
114913  39.980  30.465  45.271 0.1000000015
114920  40.755  30.752  45.128 0.1000000015
136347  48.807  24.336  34.326 0.1000000015
113010  49.856  28.485  33.198 0.1000000015
113622  50.994  28.723  42.765 0.1000000015
113640  52.704  28.473  40.787 0.1000000015
114293  50.135  30.151  43.185 0.1000000015
115645  45.414  31.981  42.810 0.1000000015
115647  43.726  31.802  43.659 0.1000000015
114931  42.030  31.403  44.644 0.1000000015
110915  49.621  24.259  34.089 0.1000000015
115627  48.282  31.744  43.262 0.1000000015
115630  45.003  32.453  43.639 0.1000000015
115632  43.328  32.253  44.415 0.1000000015
114287  36.059  28.920  44.342 0.1000000015
113608  34.323  28.295  44.560 0.1000000015
112281  50.376  26.758  33.249 0.1000000015
111617  50.350  25.258  33.618 0.1000000015
149639  42.265  32.496  44.559 0.1000000015
116335  40.944  31.892  44.659 0.1000000015
132883  49.454  27.149  33.517 0.1000000015
152617  50.230  28.825  33.182 0.1000000015
111591  52.245  25.331  35.150 0.1000000015
110914  51.408  24.443  34.280 0.1000000015
110924  51.235  24.702  33.950 0.1000000015
114956  51.288  29.817  41.583 0.1000000015
116347  45.416  32.931  43.925 0.1000000015
111615  51.469  25.816  33.562 0.1000000015
111616  51.108  25.400  33.556 0.1000000015
115616  43.805  32.846  44.465 0.1000000015
114935  37.758  30.403  43.682 0.1000000015
113615  35.231  28.922  43.846 0.1000000015
111614  51.487  26.371  33.512 0.1000000015
112998  51.216  27.049  33.262 0.1000000015
117024  43.551  33.470  44.215 0.1000000015
117022  44.745  33.842  44.010 0.1000000015
116349  42.371  32.835  44.158 0.1000000015
115634  40.398  31.793  44.081 0.1000000015
117046  43.820  33.587  43.533 0.1000000015
117036  43.165  33.371  44.007 0.1000000015
115648  40.692  31.893  43.214 0.1000000015
114948  37.606  30.381  42.618 0.1000000015
116365  42.608  32.688  42.154 0.1000000015
115658  41.207  32.102  42.634 0.1000000015
115660  38.841  30.775  42.119 0.1000000015
117704  45.029  33.968  42.812 0.1000000015
117061  44.089  33.344  41.221 0.1000000015
115668  40.662  31.519  40.937 0.1000000015
135649  40.147  31.346  41.423 0.1000000015
116381  42.842  32.692  39.892 0.1000000015
111590  52.350  26.153  35.306 0.1000000015
114902  34.382  30.794  48.502 0.1000000015
114335  52.330  28.644  40.405 0.1000000015
114957  50.908  30.182  41.601 0.1000000015
116343  48.569  32.170  43.075 0.1000000015
116344  47.920  32.501  43.300 0.1000000015
116362  48.972  32.082  42.007 0.1000000015
117053  48.329  32.979  42.000 0.1000000015
117044  48.015  33.627  42.289 0.1000000015
117032  47.533  33.352  43.442 0.1000000015
117020  46.620  33.852  43.877 0.1000000015
118362  46.689  34.576  42.512 0.1000000015
117691  45.383  34.014  43.709 0.1000000015
115654  49.773  31.306  41.945 0.1000000015
115609  32.821  31.206  45.897 0.1000000015
115675  48.423  31.267  39.652 0.1000000015
113660  50.928  28.451  37.457 0.1000000015
90627  42.593  -2.769  41.023 0.1000000015
90625  44.050  -2.293  41.403 0.1000000015
134821  42.859  -2.812  40.350 0.1000000015
90626  43.317  -2.575  40.768 0.1000000015
90633  42.960  -3.038  39.708 0.1000000015
88081  44.202  -4.519  38.065 0.1000000015
91453  44.750  -1.975  40.813 0.1000000015
90631  44.034  -2.375  40.434 0.1000000015
90639  43.611  -2.965  39.058 0.1000000015
91462  44.668  -2.166  39.919 0.1000000015
89803  43.627  -3.675  38.462 0.1000000015
90638  44.548  -2.492  38.895 0.1000000015
91452  45.462  -1.656  40.253 0.1000000015
91451  46.261  -1.173  40.027 0.1000000015
91468  45.387  -2.097  38.545 0.1000000015
90643  45.034  -2.714  37.831 0.1000000015
91467  46.054  -1.584  38.310 0.1000000015
147021  46.457  -1.061  39.087 0.1000000015
159207  44.388  -4.791  38.125 0.1000000015
90632  43.395  -2.674  39.962 0.1000000015
91461  45.176  -1.988  39.397 0.1000000015
152486  44.294  -3.229  38.165 0.1000000015
77363  42.807  -16.878  67.104 0.1000000015
77372  40.685  -16.506  66.006 0.1000000015
77385  43.433  -16.375  64.024 0.2000000030
78311  40.165  -15.391  68.026 0.1000000015
78317  41.943  -16.252  67.845 0.1000000015
78318  40.525  -15.960  67.501 0.1000000015
78345  42.173  -16.114  64.051 0.2000000030
78361  43.615  -15.118  62.676 0.2000000030
79264  39.898  -15.158  64.908 0.1000000015
79274  46.026  -14.991  63.686 0.1000000015
79276  39.287  -14.478  64.944 0.1000000015
79283  45.639  -14.552  62.765 0.2000000030
79284  44.887  -14.765  62.567 0.2000000030
79286  42.506  -14.920  63.079 0.2000000030
79294  43.207  -14.486  62.549 0.2000000030
80263  39.716  -13.389  68.368 0.1000000015
80264  39.024  -13.147  68.061 0.1000000015
80270  38.642  -13.707  67.597 0.1000000015
80285  37.749  -13.308  65.699 0.1000000015
80302  42.302  -13.476  63.233 0.1000000015
80303  41.903  -14.441  63.341 0.1000000015
80308  48.496  -13.016  62.410 0.1000000015
81279  38.809  -12.304  68.199 0.1000000015
81280  37.975  -12.260  68.024 0.1000000015
81302  38.023  -13.022  64.796 0.1000000015
81312  41.461  -12.386  63.866 0.1000000015
81314  38.486  -12.554  63.957 0.1000000015
81322  50.326  -12.265  63.064 0.1000000015
81327  39.190  -12.309  63.595 0.1000000015
81334  45.195  -12.644  61.805 0.2000000030
82260  38.099  -11.088  69.153 0.1000000015
82292  44.006  -10.947  65.834 0.2000000030
82293  35.998  -12.207  65.951 0.1000000015
82296  33.742  -11.322  66.478 0.1000000015
82301  44.688  -11.017  65.418 0.2000000030
82302  44.081  -11.235  65.471 0.2000000030
82304  42.898  -11.401  65.192 0.1000000015
82307  35.537  -11.705  65.401 0.1000000015
82309  34.168  -11.311  65.873 0.1000000015
82314  43.672  -11.539  64.879 0.2000000030
82317  41.258  -11.217  64.000 0.1000000015
82318  37.979  -11.920  63.764 0.2000000030
82321  35.911  -11.250  64.712 0.2000000030
83204  35.405  -10.485  69.300 0.1000000015
83212  45.914  -10.024  68.291 0.2000000030
83216  34.583  -10.979  68.694 0.1000000015
83228  47.571  -9.716  68.098 0.2000000030
83229  46.891  -9.953  67.841 0.2000000030
83232  32.754  -10.575  67.166 0.1000000015
83247  45.741  -10.455  66.975 0.2000000030
83252  32.567  -10.246  66.387 0.1000000015
83258  48.220  -9.581  65.519 0.2000000030
83262  43.255  -10.822  65.704 0.1000000015
83266  34.412  -10.913  65.220 0.2000000030
83279  37.898  -10.149  63.723 0.2000000030
83281  36.440  -10.578  64.298 0.2000000030
83294  38.594  -10.765  63.556 0.1000000015
83298  49.031  -10.929  62.528 0.2000000030
84133  37.582  -9.456  70.379 0.1000000015
84142  48.623  -9.018  69.452 0.2000000030
84144  46.101  -8.951  69.000 0.2000000030
84149  34.419  -9.693  69.788 0.1000000015
84150  33.609  -9.569  69.590 0.1000000015
84151  32.820  -9.351  69.337 0.1000000015
84156  50.026  -8.340  67.795 0.1000000015
84159  47.221  -9.542  68.868 0.2000000030
84160  46.357  -9.615  68.718 0.2000000030
84175  48.771  -9.405  68.333 0.2000000030
84176  48.131  -9.605  68.566 0.2000000030
84180  43.253  -9.078  66.823 0.1000000015
84182  31.168  -8.987  67.643 0.1000000015
84196  31.348  -9.221  66.671 0.1000000015
84214  37.439  -9.212  64.165 0.2000000030
84216  34.654  -9.558  64.458 0.2000000030
85047  37.035  -8.276  71.457 0.1000000015
85048  35.734  -8.274  71.274 0.1000000015
85058  33.672  -8.535  70.656 0.1000000015
85064  49.508  -8.052  69.119 0.2000000030
85065  49.033  -8.305  69.427 0.2000000030
85067  47.430  -8.469  69.568 0.2000000030
85072  32.446  -8.783  69.762 0.1000000015
85073  31.695  -8.555  69.446 0.1000000015
85093  44.153  -8.722  67.997 0.2000000030
85094  43.335  -8.498  67.618 0.2000000030
85117  40.110  -8.031  65.283 0.1000000015
85120  31.080  -8.573  65.993 0.1000000015
85124  40.249  -8.757  64.731 0.1000000015
85125  39.486  -8.370  64.825 0.1000000015
85126  38.853  -8.543  64.537 0.2000000030
85138  32.833  -7.913  63.540 0.2000000030
85168  50.407  -8.408  59.427 0.1000000015
85958  35.636  -7.852  71.732 0.1000000015
85959  34.861  -7.728  71.893 0.1000000015
85961  32.320  -7.363  71.765 0.1000000015
85974  48.737  -7.840  69.332 0.2000000030
85975  47.942  -7.908  69.373 0.2000000030
85978  45.006  -7.445  68.983 0.2000000030
85986  49.920  -7.480  67.668 0.1000000015
85987  49.717  -7.793  68.536 0.1000000015
85989  42.772  -7.338  68.558 0.2000000030
85990  42.568  -6.852  68.811 0.1000000015
85998  45.955  -7.177  67.308 0.2000000030
86001  30.029  -7.708  67.247 0.1000000015
86009  46.227  -7.201  66.527 0.2000000030
86020  47.013  -7.196  65.883 0.2000000030
86023  40.315  -7.405  65.649 0.1000000015
86029  47.009  -7.358  64.213 0.2000000030
86031  45.522  -6.998  64.718 0.2000000030
86036  32.245  -7.829  63.984 0.2000000030
86044  46.841  -7.520  63.213 0.1000000015
86047  38.034  -7.531  63.982 0.2000000030
86052  33.378  -7.925  63.108 0.2000000030
86061  47.059  -7.684  62.371 0.1000000015
86063  45.755  -7.164  62.804 0.2000000030
86065  36.166  -7.651  62.736 0.2000000030
86067  33.679  -7.606  62.561 0.2000000030
86084  49.261  -8.327  60.797 0.2000000030
86086  46.230  -7.334  60.981 0.2000000030
86087  45.865  -7.212  61.866 0.2000000030
86102  50.575  -8.043  57.913 0.2000000030
86103  49.121  -7.815  58.293 0.2000000030
86117  54.499  -7.344  56.476 0.1000000015
86120  50.256  -6.923  56.635 0.2000000030
86122  56.261  -7.677  55.164 0.1000000015
86124  56.242  -7.445  54.487 0.1000000015
86133  55.089  -7.121  51.780 0.1000000015
86216  53.803  -6.708  38.375 0.2000000030
86883  48.956  -7.376  68.845 0.2000000030
86885  47.633  -7.564  68.917 0.2000000030
86887  45.485  -7.464  68.840 0.2000000030
86893  49.329  -7.234  68.077 0.1000000015
86894  49.083  -7.034  68.473 0.1000000015
86908  48.598  -7.017  68.292 0.2000000030
86913  41.875  -6.420  68.051 0.1000000015
86923  49.371  -6.656  66.831 0.1000000015
86930  41.126  -6.850  66.508 0.1000000015
86936  49.832  -6.543  66.050 0.1000000015
86940  40.476  -6.966  65.907 0.1000000015
86941  39.902  -7.089  65.477 0.1000000015
86969  31.462  -6.205  63.542 0.1000000015
86970  31.131  -5.759  63.886 0.1000000015
86976  39.054  -6.581  63.163 0.1000000015
86977  38.344  -6.672  62.585 0.2000000030
86986  37.848  -6.455  61.805 0.2000000030
86989  35.597  -6.827  61.374 0.2000000030
86990  34.280  -6.427  61.357 0.2000000030
86992  32.814  -6.374  62.381 0.2000000030
86995  46.197  -6.996  60.435 0.2000000030
87013  49.178  -6.481  57.147 0.2000000030
87015  55.550  -6.989  55.603 0.1000000015
87025  53.607  -5.945  55.233 0.1000000015
87030  55.865  -6.551  53.479 0.1000000015
87050  48.984  -6.259  47.962 0.4000000060
87060  50.727  -6.404  46.984 0.4000000060
87061  49.322  -6.469  47.188 0.4000000060
87063  47.843  -6.159  47.250 0.4000000060
87074  47.778  -5.993  46.288 0.4000000060
87097  48.608  -6.265  44.981 0.4000000060
87108  48.589  -6.047  44.162 0.4000000060
87168  53.069  -6.147  37.743 0.2000000030
87807  49.462  -7.062  67.828 0.1000000015
87819  49.991  -6.880  67.062 0.1000000015
87820  49.437  -6.790  67.392 0.1000000015
87821  44.809  -5.579  67.771 0.2000000030
87834  44.722  -5.941  66.731 0.2000000030
87854  41.168  -5.378  64.617 0.1000000015
87859  41.141  -5.165  63.697 0.1000000015
87865  40.410  -5.407  62.529 0.1000000015
87868  32.364  -5.182  62.428 0.2000000030
87879  33.934  -5.659  61.180 0.2000000030
87881  32.859  -5.637  62.058 0.2000000030
87888  37.207  -5.537  60.292 0.1000000015
87895  47.829  -5.280  58.911 0.2000000030
87896  47.254  -5.810  59.286 0.2000000030
87897  46.786  -6.280  59.650 0.2000000030
87915  50.208  -5.595  56.364 0.2000000030
87920  53.075  -5.129  54.860 0.2000000030
87923  55.853  -6.116  53.729 0.1000000015
87925  55.072  -5.401  54.039 0.1000000015
87928  55.697  -5.902  52.960 0.1000000015
87942  48.229  -5.597  49.508 0.3000000119
87944  46.726  -5.376  49.067 0.4000000060
87950  50.409  -5.762  48.464 0.3000000119
87961  52.613  -5.351  47.372 0.3000000119
87965  46.856  -5.373  47.418 0.4000000060
87990  47.481  -5.349  45.785 0.4000000060
88000  47.755  -5.345  45.125 0.4000000060
88005  57.078  -5.737  44.095 0.2000000030
88009  49.033  -5.862  42.930 0.5000000000
88032  48.719  -4.505  41.184 0.4000000060
88060  54.064  -6.126  38.404 0.2000000030
88684  43.039  -4.734  69.214 0.1000000015
88685  42.270  -4.645  68.694 0.1000000015
88719  45.239  -4.677  64.827 0.2000000030
88737  33.131  -4.202  62.122 0.2000000030
88738  32.547  -4.521  62.505 0.1000000015
88746  41.237  -4.144  61.632 0.1000000015
88748  39.979  -4.754  60.869 0.1000000015
88756  39.382  -4.512  60.286 0.1000000015
88758  34.915  -4.461  60.402 0.2000000030
88764  35.657  -4.479  59.992 0.2000000030
88769  48.533  -4.775  58.601 0.2000000030
88779  50.711  -4.790  56.308 0.2000000030
88784  52.006  -4.333  55.534 0.1000000015
88786  55.109  -5.201  53.522 0.1000000015
88797  44.585  -3.644  53.197 0.3000000119
88800  55.141  -4.549  52.429 0.1000000015
88805  44.712  -3.833  52.565 0.3000000119
88810  46.510  -4.568  51.630 0.3000000119
88819  47.769  -5.010  50.945 0.3000000119
88828  48.861  -5.173  50.089 0.3000000119
88847  46.490  -4.252  47.241 0.4000000060
88856  57.266  -4.863  46.033 0.2000000030
88858  56.463  -4.109  46.421 0.2000000030
88874  47.578  -4.711  45.261 0.6000000238
88881  56.760  -4.978  45.252 0.2000000030
88883  47.820  -4.919  44.518 0.6000000238
88943  45.190  -3.888  37.172 0.2000000030
89546  46.688  -2.552  68.415 0.2000000030
89550  43.527  -4.126  69.189 0.2000000030
89566  43.123  -3.179  68.251 0.2000000030
89583  43.150  -3.145  67.230 0.1000000015
89584  42.559  -3.770  67.067 0.1000000015
89599  48.169  -2.718  64.120 0.2000000030
89601  46.565  -3.479  64.357 0.2000000030
89622  50.278  -2.728  61.034 0.3000000119
89627  40.948  -3.801  60.846 0.1000000015
89638  35.372  -3.354  60.238 0.2000000030
89644  49.761  -3.412  59.910 0.3000000119
89645  39.918  -3.036  59.761 0.1000000015
89647  38.393  -3.278  59.469 0.1000000015
89649  36.716  -3.495  59.567 0.2000000030
89672  48.005  -3.300  55.948 0.3000000119
89676  44.784  -3.103  56.083 0.3000000119
89686  48.336  -3.430  54.182 0.3000000119
89689  44.400  -3.232  54.416 0.3000000119
89690  44.170  -2.812  54.083 0.3000000119
89693  54.390  -3.946  53.283 0.1000000015
89703  54.425  -3.372  52.803 0.3000000119
89709  55.621  -3.822  51.010 0.2000000030
89711  51.137  -3.235  51.297 0.2000000030
89714  48.865  -3.990  51.981 0.3000000119
89715  44.484  -3.482  51.974 0.3000000119
89721  49.903  -3.954  51.026 0.3000000119
89723  44.545  -3.524  51.174 0.3000000119
89725  56.453  -3.333  49.490 0.2000000030
89729  51.889  -3.722  49.863 0.2000000030
89732  44.536  -3.220  50.357 0.4000000060
89735  56.506  -3.236  48.383 0.2000000030
89738  54.211  -3.454  48.740 0.2000000030
89739  53.199  -3.804  48.991 0.2000000030
89744  45.698  -3.403  48.247 0.4000000060
89748  56.645  -3.832  46.995 0.2000000030
89758  47.857  -3.357  45.407 0.6000000238
89766  48.274  -3.586  44.263 0.6000000238
89790  42.431  -3.142  40.418 0.1000000015
89797  43.183  -3.448  39.091 0.1000000015
90359  47.051  -2.107  68.364 0.2000000030
90360  46.817  -1.861  68.653 0.2000000030
90376  47.793  -1.918  67.902 0.2000000030
90377  47.069  -2.253  68.239 0.2000000030
90379  46.219  -2.427  68.717 0.2000000030
90380  45.513  -2.673  68.660 0.2000000030
90393  50.464  -1.281  66.416 0.3000000119
90395  49.057  -1.654  66.995 0.2000000030
90396  48.279  -1.996  67.156 0.2000000030
90398  44.338  -2.401  68.318 0.2000000030
90411  49.164  -1.891  66.374 0.2000000030
90419  51.492  -1.529  64.438 0.3000000119
90421  50.464  -1.939  64.881 0.3000000119
90432  51.102  -1.815  64.325 0.3000000119
90442  52.157  -1.689  63.080 0.3000000119
90443  51.642  -1.910  63.294 0.3000000119
90444  50.864  -2.255  63.415 0.2000000030
90446  48.942  -2.659  63.717 0.2000000030
90453  49.831  -2.653  62.366 0.2000000030
90456  42.981  -2.860  63.151 0.1000000015
90474  52.257  -2.020  60.653 0.3000000119
90476  41.939  -2.609  60.828 0.1000000015
90477  41.122  -2.527  60.272 0.1000000015
90486  47.864  -2.142  59.133 0.3000000119
90487  46.757  -2.205  59.053 0.3000000119
90490  38.750  -2.505  59.526 0.1000000015
90501  48.352  -2.366  58.372 0.3000000119
90503  46.076  -2.390  58.548 0.3000000119
90509  53.713  -1.202  57.090 0.3000000119
90510  53.269  -1.735  57.659 0.3000000119
90517  44.557  -2.170  56.876 0.3000000119
90533  44.183  -2.121  54.669 0.3000000119
90538  48.756  -3.170  54.915 0.3000000119
90542  51.645  -2.299  53.339 0.2000000030
90544  50.055  -3.004  53.065 0.3000000119
90550  44.219  -2.457  52.450 0.3000000119
90553  55.052  -3.019  51.461 0.2000000030
90563  55.643  -2.636  50.405 0.2000000030
90568  44.393  -2.389  51.121 0.3000000119
90572  55.355  -2.636  49.657 0.2000000030
90573  54.468  -2.543  50.164 0.2000000030
90574  44.788  -2.766  49.589 0.4000000060
90583  47.216  -2.777  46.537 0.6000000238
90610  48.674  -3.076  43.616 0.5000000000
90646  45.554  -2.801  36.932 0.2000000030
91210  49.885  -0.665  68.000 0.2000000030
91212  47.688  -1.555  68.313 0.2000000030
91213  47.225  -1.624  68.383 0.2000000030
91229  45.016  -2.104  68.400 0.2000000030
91238  50.734  -0.842  66.767 0.3000000119
91241  45.390  -1.560  67.860 0.2000000030
91251  51.396  -0.926  65.702 0.3000000119
91252  50.982  -1.084  66.008 0.3000000119
91253  45.194  -1.554  67.209 0.2000000030
91258  51.876  -0.851  65.104 0.3000000119
91267  52.679  -0.370  63.818 0.3000000119
91269  45.552  -1.006  65.279 0.1000000015
91275  52.499  -1.394  63.232 0.3000000119
91282  53.097  -0.903  62.691 0.3000000119
91283  52.804  -1.364  62.422 0.3000000119
91285  43.806  -1.491  62.221 0.1000000015
91289  53.219  -1.201  61.515 0.3000000119
91291  42.436  -1.673  60.873 0.1000000015
91293  34.076  -1.952  62.061 0.2000000030
91304  39.553  -1.113  60.269 0.1000000015
91305  38.599  -0.975  60.325 0.1000000015
91308  35.891  -1.351  60.363 0.2000000030
91310  53.502  -1.091  59.758 0.3000000119
91312  50.266  -1.017  60.027 0.3000000119
91315  46.248  -1.546  59.638 0.3000000119
91325  51.509  -0.734  58.807 0.3000000119
91327  48.981  -1.850  58.968 0.3000000119
91337  50.582  -1.464  57.763 0.3000000119
91345  52.535  -0.879  56.011 0.3000000119
91349  44.306  -1.820  56.176 0.3000000119
91351  53.528  -1.318  55.152 0.3000000119
91352  53.622  -1.325  55.581 0.3000000119
91357  53.342  -1.461  54.605 0.3000000119
91360  52.002  -1.499  54.918 0.3000000119
91370  54.238  -2.222  52.321 0.2000000030
91372  53.175  -1.789  52.944 0.2000000030
91373  52.457  -1.965  53.143 0.2000000030
91374  44.424  -1.676  52.164 0.4000000060
91379  54.539  -2.246  51.430 0.2000000030
91381  44.639  -1.832  50.628 0.4000000060
91388  45.807  -1.702  48.500 0.4000000060
91407  49.354  -1.404  45.157 0.6999999881
91409  48.060  -2.060  45.804 0.6000000238
91426  50.368  -1.419  43.333 0.6000000238
91460  45.805  -1.581  39.291 0.1000000015
91474  46.336  -1.609  37.284 0.2000000030
91487  47.753  -1.679  35.461 0.3000000119
92158  50.584  0.417  68.254 0.3000000119
92159  50.117  0.208  68.442 0.3000000119
92160  49.555  -0.092  68.450 0.2000000030
92171  51.357  0.392  67.398 0.3000000119
92172  50.844  0.034  67.806 0.3000000119
92174  46.948  -1.108  68.328 0.2000000030
92185  51.651  -0.066  66.638 0.3000000119
92189  46.115  -1.242  67.489 0.2000000030
92198  52.093  0.049  65.928 0.3000000119
92199  46.774  -0.512  67.140 0.2000000030
92206  52.370  0.125  65.186 0.3000000119
92207  52.378  -0.402  64.695 0.3000000119
92215  46.162  -0.135  64.741 0.1000000015
92222  45.232  -0.089  63.422 0.1000000015
92225  53.211  -0.530  62.334 0.3000000119
92234  53.512  -0.871  61.156 0.3000000119
92235  53.325  -0.725  60.906 0.3000000119
92242  42.756  -0.794  61.127 0.1000000015
92262  45.699  -0.217  60.036 0.3000000119
92265  40.074  -0.567  60.656 0.1000000015
92268  36.331  -0.561  60.617 0.1000000015
92271  53.640  -0.952  59.350 0.3000000119
92273  45.887  -0.858  59.987 0.3000000119
92287  52.162  -0.729  57.266 0.3000000119
92288  45.033  -0.480  57.907 0.3000000119
92294  53.739  -0.908  56.282 0.3000000119
92296  44.954  -0.394  57.016 0.3000000119
92299  53.547  -0.916  55.562 0.3000000119
92300  53.232  -0.859  55.270 0.3000000119
92301  44.895  -0.295  56.093 0.3000000119
92306  44.870  -0.269  55.120 0.3000000119
92310  44.555  -0.902  53.373 0.3000000119
92315  45.062  -0.266  52.127 0.4000000060
92320  45.365  -0.567  50.445 0.4000000060
92324  45.944  -0.086  50.002 0.4000000060
92334  46.882  -1.070  47.661 0.5000000000
92340  48.474  -0.524  46.426 0.6999999881
92366  52.362  -0.025  42.895 0.5000000000
92414  50.280  -0.267  36.026 0.4000000060
92993  50.433  0.807  68.479 0.3000000119
93007  50.893  0.989  68.288 0.3000000119
93008  48.552  0.364  68.212 0.3000000119
93021  51.756  1.082  67.183 0.3000000119
93039  52.247  0.661  64.903 0.3000000119
93054  52.511  0.201  63.384 0.3000000119
93065  50.143  0.443  62.967 0.3000000119
93078  47.697  0.263  61.996 0.3000000119
93083  41.844  0.563  61.644 0.1000000015
93090  33.631  0.436  61.670 0.2000000030
93101  45.536  0.217  59.454 0.3000000119
93124  45.427  0.388  53.516 0.4000000060
93129  45.620  0.299  51.663 0.4000000060
93142  47.348  0.494  48.376 0.6000000238
93143  46.701  0.088  48.746 0.4000000060
93178  50.894  0.180  44.590 0.6000000238
93198  53.200  0.497  42.592 0.5000000000
93211  54.501  1.089  40.705 0.5000000000
93222  51.439  0.313  38.328 0.5000000000
93229  53.968  0.804  38.253 0.5000000000
93237  53.992  1.013  37.931 0.5000000000
93242  48.806  0.805  36.613 0.2000000030
93250  48.756  0.243  35.339 0.2000000030
93253  50.753  0.925  35.798 0.4000000060
93255  49.767  0.595  35.410 0.3000000119
93257  48.613  -0.184  35.258 0.3000000119
93747  50.342  1.212  68.638 0.3000000119
93748  49.905  0.933  68.653 0.3000000119
93757  51.635  1.752  67.716 0.3000000119
93758  51.210  1.636  68.207 0.3000000119
93759  49.747  1.565  68.714 0.3000000119
93784  51.968  1.350  66.471 0.3000000119
93785  47.389  1.363  66.493 0.3000000119
93786  46.959  2.332  66.171 0.3000000119
93796  51.904  1.447  65.147 0.3000000119
93798  46.188  2.307  65.276 0.3000000119
93801  51.813  1.426  64.777 0.3000000119
93803  46.072  1.811  64.739 0.1000000015
93808  50.605  1.718  64.408 0.3000000119
93809  49.596  1.832  64.069 0.3000000119
93810  48.816  1.735  63.633 0.3000000119
93811  44.910  1.690  63.775 0.1000000015
93816  39.580  2.539  63.624 0.1000000015
93821  44.645  1.299  63.285 0.1000000015
93822  43.982  1.406  62.851 0.1000000015
93829  36.586  2.750  62.511 0.1000000015
93833  46.688  0.932  61.387 0.3000000119
93837  35.912  2.796  62.435 0.1000000015
93855  37.101  1.837  58.291 0.1000000015
93861  45.767  0.990  57.927 0.3000000119
93873  46.395  1.517  56.451 0.3000000119
93879  37.856  1.420  56.663 0.3000000119
93883  47.092  1.912  55.357 0.4000000060
93884  46.432  1.421  55.607 0.4000000060
93892  47.217  1.897  54.615 0.4000000060
93900  46.664  1.455  53.464 0.4000000060
93901  38.950  1.895  53.871 0.3000000119
93907  46.747  1.369  51.603 0.4000000060
93931  49.699  1.427  46.637 0.6999999881
93948  53.249  2.028  43.783 0.5000000000
93976  54.486  1.635  40.160 0.5000000000
93977  49.306  2.068  40.210 0.2000000030
93997  53.859  1.221  37.892 0.5000000000
93998  53.498  1.291  37.668 0.4000000060
94008  50.693  1.042  35.818 0.3000000119
94539  50.628  1.920  68.732 0.3000000119
94547  51.662  2.914  67.822 0.3000000119
94550  50.240  2.449  68.851 0.3000000119
94561  47.936  2.321  67.452 0.3000000119
94575  45.725  3.587  66.033 0.3000000119
94586  51.774  2.234  65.959 0.3000000119
94603  49.833  3.435  65.082 0.3000000119
94607  42.076  3.218  64.588 0.2000000030
94609  40.591  3.286  64.509 0.2000000030
94610  40.009  3.047  64.233 0.1000000015
94618  41.724  2.546  64.129 0.2000000030
94619  40.814  2.761  64.261 0.2000000030
94627  47.981  2.583  62.693 0.3000000119
94628  38.779  2.822  63.476 0.1000000015
94634  31.151  2.719  62.534 0.1000000015
94635  30.772  3.390  62.624 0.1000000015
94642  31.624  2.857  61.799 0.2000000030
94666  47.563  2.833  59.247 0.3000000119
94700  48.300  2.828  55.473 0.4000000060
94710  48.399  2.771  54.637 0.4000000060
94721  47.835  2.309  53.321 0.4000000060
94725  38.365  2.446  53.292 0.4000000060
94736  47.819  2.137  51.268 0.5000000000
94738  49.136  2.766  50.881 0.6000000238
94741  49.957  3.140  49.252 0.6999999881
94743  48.591  2.167  49.274 0.6999999881
94754  50.940  2.470  46.675 0.6999999881
94763  52.460  2.930  45.250 0.6000000238
94791  54.429  2.626  41.870 0.5000000000
95419  51.037  3.635  68.354 0.3000000119
95420  50.525  3.318  68.762 0.3000000119
95429  51.583  3.455  67.564 0.3000000119
95431  47.538  4.142  67.342 0.3000000119
95432  46.831  4.429  66.851 0.3000000119
95444  46.110  4.151  66.431 0.3000000119
95455  51.524  3.027  66.441 0.3000000119
95456  51.166  3.471  66.273 0.3000000119
95457  50.678  4.008  65.982 0.3000000119
95461  43.253  3.861  65.093 0.3000000119
95473  40.890  3.734  64.541 0.2000000030
95481  39.158  3.682  63.805 0.2000000030
95482  38.756  3.702  63.453 0.2000000030
95489  40.160  4.351  63.027 0.2000000030
95499  48.924  4.242  61.148 0.3000000119
95502  42.139  3.856  62.100 0.2000000030
95503  41.244  3.950  62.371 0.2000000030
95505  39.624  4.060  62.505 0.2000000030
95515  49.823  4.679  60.057 0.3000000119
95524  38.618  3.673  61.874 0.2000000030
95525  37.517  3.409  61.298 0.1000000015
95526  36.761  3.461  61.477 0.1000000015
95527  35.953  3.552  61.470 0.1000000015
95550  48.902  3.583  58.027 0.2000000030
95560  50.608  4.623  57.155 0.3000000119
95561  50.057  4.361  57.501 0.2000000030
95581  49.626  3.787  55.795 0.4000000060
95589  49.046  3.242  54.263 0.4000000060
95590  42.999  3.407  54.263 0.2000000030
95591  42.524  2.965  54.548 0.2000000030
95601  41.080  2.846  53.046 0.4000000060
95607  51.322  4.157  52.012 0.6000000238
95610  49.142  3.076  52.616 0.5000000000
95637  52.962  3.942  48.070 0.6000000238
95696  49.458  3.358  41.137 0.3000000119
95710  54.554  3.165  39.983 0.5000000000
96286  51.291  4.132  67.816 0.3000000119
96289  49.517  4.937  68.202 0.3000000119
96295  51.408  3.993  67.275 0.3000000119
96297  48.685  4.887  68.002 0.3000000119
96298  47.890  4.832  67.634 0.3000000119
96307  51.122  4.455  66.949 0.3000000119
96308  50.736  4.820  66.598 0.3000000119
96310  45.555  4.696  66.124 0.3000000119
96321  45.103  4.901  65.656 0.3000000119
96323  43.511  4.156  65.259 0.3000000119
96332  50.097  4.867  65.334 0.3000000119
96333  49.785  4.884  64.644 0.3000000119
96336  41.221  4.185  64.355 0.2000000030
96344  40.651  4.314  63.979 0.2000000030
96363  49.974  5.196  60.226 0.3000000119
96366  44.960  4.126  60.691 0.3000000119
96370  31.539  4.750  60.596 0.2000000030
96377  50.244  4.944  59.717 0.2000000030
96379  45.913  4.342  59.340 0.3000000119
96391  50.813  5.568  58.257 0.2000000030
96392  50.561  4.772  58.005 0.2000000030
96402  51.254  4.936  56.675 0.4000000060
96412  53.199  5.589  55.346 0.6000000238
96415  51.044  4.578  55.897 0.5000000000
96417  45.684  4.621  55.547 0.2000000030
96429  54.975  5.936  53.851 0.8000000119
96440  55.402  5.759  53.297 0.8000000119
96441  54.749  5.471  53.592 0.6999999881
96445  43.898  4.745  52.840 0.3000000119
96458  42.656  4.654  51.654 0.3000000119
96478  52.247  4.228  49.942 0.6999999881
96481  54.236  4.583  48.346 0.6999999881
96492  52.656  3.965  45.158 0.6000000238
96493  52.582  4.202  44.429 0.6000000238
97088  50.822  4.804  67.663 0.3000000119
97089  50.465  5.091  67.917 0.3000000119
97090  49.934  5.367  67.924 0.3000000119
97100  48.739  5.513  67.289 0.3000000119
97101  47.943  5.373  67.166 0.3000000119
97102  47.259  5.113  66.944 0.3000000119
97111  50.814  4.961  67.185 0.3000000119
97113  49.814  5.397  66.501 0.3000000119
97129  49.151  5.463  65.133 0.3000000119
97132  45.466  5.238  65.495 0.3000000119
97148  44.297  4.952  64.720 0.3000000119
97157  44.912  5.233  64.126 0.3000000119
97162  48.852  5.407  62.079 0.3000000119
97168  49.183  5.514  60.657 0.3000000119
97169  48.350  5.463  61.027 0.3000000119
97184  50.245  5.570  59.376 0.2000000030
97188  47.580  5.190  59.141 0.3000000119
97194  50.497  5.689  58.747 0.2000000030
97195  49.722  6.033  58.863 0.2000000030
97204  48.738  5.822  57.873 0.2000000030
97213  52.190  5.819  56.626 0.6000000238
97214  51.477  5.860  57.406 0.4000000060
97217  47.422  5.296  56.607 0.2000000030
97225  53.861  5.923  55.150 0.6000000238
97228  47.919  5.673  56.212 0.2000000030
97235  54.467  6.012  54.453 0.6999999881
97241  55.495  6.039  53.431 0.8000000119
97248  55.937  5.951  52.943 0.8000000119
97254  56.218  6.140  51.627 0.8999999762
97255  56.036  5.757  52.037 0.8000000119
97266  44.301  5.616  50.601 0.3000000119
97275  55.256  5.240  49.432 0.8000000119
97277  55.044  5.942  48.514 0.8000000119
97296  53.734  5.089  41.851 0.6999999881
97307  54.466  5.387  40.359 0.6000000238
97321  51.089  5.460  40.184 0.4000000060
97373  44.790  6.169  34.416 0.5000000000
97874  49.770  5.546  67.141 0.3000000119
97875  49.169  5.585  67.176 0.3000000119
97876  48.715  5.586  66.996 0.3000000119
97886  48.235  5.577  66.647 0.3000000119
97897  49.203  5.527  66.143 0.3000000119
97899  47.026  5.439  66.098 0.3000000119
97913  30.767  5.974  63.013 0.1000000015
97919  31.350  6.463  60.430 0.2000000030
97930  50.124  6.170  58.738 0.2000000030
97934  51.200  6.147  57.602 0.5000000000
97936  49.898  6.165  58.205 0.2000000030
97943  51.947  6.146  56.940 0.5000000000
97957  51.152  6.568  55.919 0.6000000238
97962  36.738  6.385  55.492 0.2000000030
97967  53.931  6.171  54.993 0.6000000238
97968  53.344  6.341  55.189 0.6000000238
97969  52.688  6.564  54.803 0.6000000238
97972  47.774  6.022  54.804 0.3000000119
97980  50.630  6.599  54.144 0.5000000000
97987  56.023  6.791  52.159 0.8999999762
97989  54.801  6.290  53.557 0.8000000119
97993  48.724  6.554  52.905 0.4000000060
97999  54.845  6.482  52.736 0.8000000119
98001  53.366  6.563  52.429 0.8000000119
98006  47.662  6.230  51.410 0.5000000000
98009  45.219  5.653  50.777 0.3000000119
98012  56.216  6.380  50.910 0.8000000119
98014  53.095  6.618  50.845 0.8999999762
98017  50.048  6.471  50.590 0.6999999881
98038  46.413  6.079  49.291 0.5000000000
98041  43.103  6.183  49.414 0.3000000119
98050  50.188  6.633  49.052 0.6999999881
98052  47.282  6.770  48.182 0.5000000000
98066  52.032  6.339  45.313 0.8999999762
98077  53.240  6.526  41.312 0.8000000119
98102  48.965  6.971  40.003 0.3000000119
98129  47.512  6.903  36.218 0.5000000000
98131  45.859  5.795  35.793 0.4000000060
98144  48.645  7.116  33.846 0.6000000238
98154  48.380  7.237  33.186 0.6000000238
98155  47.452  7.120  33.242 0.6999999881
98163  47.159  7.591  32.627 0.6999999881
98164  46.306  7.324  32.656 0.6000000238
98165  45.689  7.452  32.414 0.6999999881
98166  45.078  7.684  32.216 0.6000000238
98595  44.640  7.454  70.495 0.1000000015
98617  49.050  5.600  66.973 0.3000000119
98625  48.788  5.594  66.685 0.3000000119
98654  31.046  6.851  61.458 0.1000000015
98657  31.180  6.918  60.838 0.2000000030
98660  32.018  7.287  59.669 0.2000000030
98674  34.017  7.099  57.703 0.2000000030
98697  55.902  6.581  52.439 0.8999999762
98701  55.997  7.273  51.550 0.8000000119
98709  54.463  7.455  50.893 0.8999999762
98724  55.744  7.377  49.260 0.8000000119
98731  47.883  7.023  47.952 0.6000000238
98741  54.910  7.508  48.123 0.8000000119
98749  54.440  7.688  47.431 0.8000000119
98754  51.603  6.997  44.589 0.8999999762
98760  51.961  7.656  42.127 0.8999999762
98763  53.270  7.292  40.811 0.8000000119
98773  48.087  7.059  39.840 0.3000000119
98779  54.130  7.449  38.649 0.8000000119
98790  53.987  7.241  38.259 0.6000000238
98802  53.657  7.554  38.044 0.6000000238
98804  52.671  7.781  37.565 0.6000000238
98838  50.117  7.798  34.037 0.6000000238
98846  50.019  8.044  33.555 0.6000000238
98849  48.065  7.927  32.491 0.6000000238
98855  49.193  8.122  32.870 0.6000000238
98856  48.619  8.063  32.603 0.6000000238
98859  44.675  8.213  31.915 0.6999999881
99353  31.678  8.154  62.325 0.1000000015
99409  39.223  8.631  54.399 0.2000000030
99430  36.604  8.293  50.241 0.4000000060
99434  52.484  8.622  49.055 0.8999999762
99442  50.632  8.277  48.245 0.8000000119
99455  45.154  8.566  47.592 0.5000000000
99460  54.220  8.273  47.040 0.8000000119
99464  52.924  8.106  45.696 0.8999999762
99509  51.644  8.366  35.893 0.6000000238
99515  51.385  8.940  34.962 0.6999999881
99531  47.950  8.318  32.699 0.6000000238
99533  45.633  8.529  32.353 0.6000000238
99542  44.315  8.762  31.706 0.6000000238
99543  43.932  9.103  31.610 0.6000000238
99545  44.453  8.841  31.726 0.6000000238
99546  44.134  9.211  31.592 0.6000000238
99947  43.682  9.371  71.286 0.1000000015
100023  34.922  10.100  61.148 0.2000000030
100025  32.784  9.030  60.877 0.2000000030
100028  42.357  9.802  59.496 0.2000000030
100032  38.522  9.704  60.578 0.1000000015
100033  37.800  9.603  60.309 0.1000000015
100040  41.462  9.369  59.239 0.2000000030
100050  44.291  10.132  57.499 0.2000000030
100064  44.529  10.609  56.957 0.2000000030
100065  43.830  10.330  56.534 0.2000000030
100066  43.108  9.949  55.930 0.2000000030
100067  42.282  9.428  55.720 0.2000000030
100076  40.767  9.406  54.501 0.2000000030
100077  40.014  9.170  54.366 0.2000000030
100102  53.628  10.116  50.030 0.8999999762
100106  55.490  9.395  49.655 0.8000000119
100108  53.279  9.245  49.652 0.8999999762
100143  52.725  9.595  44.472 0.8999999762
100153  52.828  10.062  41.180 0.8999999762
100176  53.515  8.932  37.569 0.6999999881
100194  52.837  9.740  36.219 0.8999999762
100196  51.034  9.299  34.831 0.6999999881
100206  50.361  9.085  34.322 0.6000000238
100209  48.345  8.885  34.261 0.6000000238
100219  49.928  8.751  33.759 0.6000000238
100231  44.417  9.061  31.703 0.6000000238
100617  42.163  10.004  70.389 0.1000000015
100664  34.679  10.215  64.943 0.1000000015
100674  33.868  10.211  63.692 0.1000000015
100709  45.121  11.019  59.904 0.2000000030
100721  46.114  10.670  57.920 0.2000000030
100726  45.189  10.903  57.196 0.2000000030
100733  42.294  10.128  55.450 0.2000000030
100739  40.989  10.025  54.872 0.2000000030
100750  40.461  9.662  54.615 0.2000000030
100776  53.695  10.585  50.114 0.8999999762
100791  40.920  11.133  49.172 0.3000000119
100795  37.554  10.476  49.622 0.3000000119
100799  55.033  10.650  48.332 0.8999999762
100804  47.088  10.769  48.500 0.5000000000
100805  45.445  10.717  48.447 0.4000000060
100816  54.414  11.052  46.355 0.8999999762
100821  54.054  11.188  45.607 0.8999999762
100824  53.672  11.082  44.348 0.8999999762
100830  53.702  11.802  41.605 0.8000000119
100866  47.730  10.291  38.690 0.6000000238
100867  46.271  10.419  38.606 0.6000000238
100869  44.468  10.767  37.996 0.6000000238
100875  53.519  10.853  37.603 0.8999999762
100897  52.357  10.013  35.671 0.6000000238
100899  50.889  9.794  35.301 0.6000000238
101358  37.184  11.716  66.570 0.1000000015
101375  36.321  11.567  65.358 0.1000000015
101393  36.120  11.650  64.616 0.1000000015
101410  42.633  11.302  63.616 0.1000000015
101417  35.534  11.381  63.460 0.1000000015
101418  34.970  11.111  63.122 0.1000000015
101466  46.291  11.049  57.486 0.2000000030
101467  45.752  10.998  57.271 0.2000000030
101469  44.265  11.267  56.841 0.2000000030
101471  42.354  10.972  56.767 0.2000000030
101485  36.913  11.973  55.891 0.2000000030
101497  35.115  11.463  53.638 0.2000000030
101525  36.383  11.260  50.470 0.3000000119
101547  54.796  11.386  47.446 0.8999999762
101553  54.007  11.948  44.745 0.8999999762
101554  50.514  11.677  44.002 0.6999999881
101557  46.799  11.808  44.206 0.5000000000
101564  50.829  11.640  43.217 0.6999999881
101566  48.333  11.314  43.306 0.6999999881
101577  46.574  11.366  42.646 0.6000000238
101584  47.173  10.836  41.452 0.6999999881
101595  53.522  11.921  40.167 0.8000000119
101601  46.702  10.827  40.965 0.6999999881
101608  50.777  11.390  39.187 0.6999999881
101614  43.669  11.930  38.835 0.6999999881
101619  53.472  11.489  38.157 0.8000000119
101620  52.762  12.012  37.934 0.8000000119
101622  51.057  11.300  38.373 0.8000000119
101633  51.327  11.128  37.519 0.8000000119
101634  43.897  11.092  37.569 0.6000000238
101641  53.345  11.078  37.031 0.8999999762
101643  52.366  11.125  36.639 0.8000000119
101644  51.576  10.816  36.692 0.6999999881
101651  52.339  10.607  36.051 0.8999999762
102061  41.741  11.863  73.217 0.1000000015
102062  41.190  12.503  72.735 0.1000000015
102125  44.839  12.577  66.305 0.1000000015
102126  44.128  12.739  66.046 0.1000000015
102136  42.187  12.881  64.906 0.1000000015
102138  37.545  12.525  65.195 0.1000000015
102152  37.606  12.498  64.411 0.1000000015
102197  47.620  11.788  58.627 0.1000000015
102199  45.926  11.575  57.777 0.2000000030
102204  41.155  12.595  58.189 0.2000000030
102220  37.443  12.505  56.397 0.2000000030
102252  52.728  12.311  50.252 0.8999999762
102257  49.770  12.644  51.274 0.5000000000
102268  54.127  11.641  49.622 0.8999999762
102296  54.393  12.097  46.233 0.8999999762
102297  54.189  12.214  45.877 0.8999999762
102303  54.133  12.039  45.326 0.8999999762
102313  53.816  12.102  44.214 0.8000000119
102319  47.939  11.897  45.065 0.6000000238
102323  53.828  11.946  43.492 0.8000000119
102329  53.616  12.179  41.798 0.8000000119
102336  53.197  12.391  41.363 0.8000000119
102348  53.173  12.365  40.646 0.8000000119
102358  43.825  12.067  39.676 0.5000000000
102364  53.191  12.068  38.202 0.8000000119
102373  53.236  11.508  37.377 0.8999999762
102381  43.542  12.477  36.265 0.6000000238
102850  43.976  14.050  67.039 0.1000000015
102867  41.098  14.240  66.054 0.1000000015
102945  35.628  13.640  55.605 0.2000000030
102949  35.190  14.002  55.078 0.2000000030
102981  52.890  12.733  50.059 0.8999999762
103020  54.265  12.467  47.075 0.8999999762
103021  53.773  12.879  47.267 0.6999999881
103029  54.256  12.349  46.495 0.8999999762
103488  42.437  14.748  74.839 0.1000000015
103521  40.535  14.369  70.999 0.1000000015
103542  40.955  15.004  69.800 0.1000000015
103557  40.418  14.712  68.660 0.1000000015
103583  43.203  14.259  66.858 0.1000000015
103585  41.439  14.589  66.765 0.1000000015
103662  38.692  14.361  57.000 0.2000000030
103667  37.321  14.656  56.496 0.2000000030
103673  35.859  15.009  55.676 0.2000000030
103678  35.057  14.769  54.273 0.2000000030
103679  35.036  15.223  53.593 0.2000000030
103682  50.435  14.705  53.161 0.6000000238
103683  50.205  14.611  53.436 0.6000000238
103692  50.822  14.147  52.116 0.6000000238
103722  52.635  13.366  49.593 0.8000000119
103735  53.185  13.291  48.524 0.6999999881
103741  47.105  15.142  47.855 0.5000000000
103745  52.460  13.468  48.123 0.6999999881
103747  50.912  13.605  48.443 0.6999999881
103750  46.511  14.563  46.605 0.4000000060
103832  45.721  13.892  31.583 0.1000000015
104361  40.240  15.777  56.802 0.1000000015
104416  51.038  14.441  50.600 0.6000000238
104511  41.044  15.190  34.616 0.1000000015
105134  49.735  16.416  53.804 0.6000000238
105143  35.284  16.359  52.970 0.2000000030
105147  50.582  15.733  52.541 0.6000000238
105160  50.559  16.628  52.079 0.6000000238
105256  48.950  16.804  34.514 0.2000000030
105269  48.571  16.205  34.117 0.2000000030
105869  51.051  17.603  52.571 0.6000000238
105880  46.375  17.703  51.929 0.3000000119
105900  48.886  17.240  49.462 0.4000000060
105918  47.512  17.005  46.632 0.4000000060
105925  48.496  17.526  44.369 0.3000000119
105929  48.596  17.560  43.507 0.2000000030
105933  48.677  17.652  42.642 0.2000000030
105938  48.764  17.765  41.798 0.2000000030
105984  49.878  17.970  35.404 0.2000000030
105994  49.449  17.361  34.937 0.2000000030
106565  36.285  18.369  53.138 0.1000000015
106567  50.977  17.539  52.808 0.6000000238
106597  51.720  18.874  50.904 0.4000000060
106606  51.771  18.953  50.273 0.3000000119
106620  51.827  19.527  48.763 0.2000000030
106635  51.514  19.386  47.766 0.2000000030
106640  41.614  18.051  47.549 0.2000000030
106646  52.008  19.543  46.339 0.2000000030
106647  51.535  19.399  46.690 0.2000000030
106654  51.487  19.299  45.930 0.2000000030
106658  52.445  19.571  44.866 0.1000000015
106676  52.729  19.202  41.335 0.1000000015
107304  51.514  18.631  52.075 0.5000000000
107316  50.623  19.576  51.632 0.3000000119
107366  52.836  20.371  46.635 0.2000000030
107367  52.621  20.096  46.306 0.1000000015
107381  52.681  20.186  45.137 0.1000000015
107382  52.663  19.876  44.705 0.1000000015
107389  42.891  19.655  42.913 0.1000000015
107393  52.955  19.593  42.130 0.1000000015
107396  52.989  19.780  41.384 0.1000000015
107405  52.937  19.972  40.729 0.1000000015
108009  51.893  20.292  48.986 0.2000000030
108010  51.569  20.111  49.231 0.3000000119
108017  52.116  20.335  48.179 0.1000000015
108027  52.634  20.596  47.397 0.1000000015
108040  52.956  20.575  46.242 0.1000000015
108041  53.079  20.837  46.786 0.1000000015
108062  52.734  20.020  43.379 0.1000000015
108074  42.242  19.783  42.703 0.1000000015
108148  50.262  20.563  34.172 0.1000000015
108701  52.375  21.158  47.692 0.1000000015
108702  52.009  20.969  48.129 0.1000000015
108703  51.267  20.994  48.315 0.2000000030
108707  37.512  21.289  48.544 0.1000000015
108710  52.794  21.083  47.325 0.1000000015
108720  53.063  20.872  46.259 0.1000000015
108732  52.924  21.074  45.859 0.1000000015
108737  43.093  18.565  44.727 0.1000000015
108745  52.607  20.785  45.043 0.1000000015
108756  51.103  21.676  43.432 0.1000000015
108759  43.501  19.140  43.773 0.1000000015
108775  39.475  21.529  43.024 0.1000000015
109379  43.120  22.418  53.337 0.1000000015
109394  51.826  20.971  48.267 0.2000000030
109401  51.710  21.152  48.090 0.1000000015
109406  52.222  21.448  47.347 0.1000000015
109411  38.117  22.019  48.344 0.1000000015
109416  51.894  21.655  46.894 0.1000000015
109419  42.332  18.458  45.055 0.1000000015
109420  41.795  18.481  45.068 0.1000000015
109423  52.715  21.422  46.119 0.1000000015
109424  52.314  21.708  45.888 0.1000000015
109451  42.189  18.824  43.952 0.1000000015
109460  39.228  22.736  42.034 0.1000000015
110108  38.617  23.767  42.449 0.1000000015
110115  38.884  22.942  42.605 0.1000000015
110122  40.733  22.731  41.150 0.1000000015
110773  37.229  24.835  49.253 0.1000000015
110788  43.926  24.384  46.595 0.1000000015
110794  46.287  25.390  46.097 0.1000000015
110802  43.461  24.839  44.513 0.1000000015
110831  38.613  24.490  41.859 0.1000000015
110840  43.169  24.745  40.177 0.1000000015
111464  40.102  25.293  49.696 0.1000000015
111478  41.571  25.566  48.294 0.1000000015
111489  47.186  25.650  46.259 0.1000000015
111492  40.668  25.388  46.835 0.1000000015
111495  37.790  25.036  47.249 0.1000000015
111518  45.038  25.787  44.697 0.1000000015
111535  38.463  25.622  42.740 0.1000000015
112159  43.622  26.083  48.475 0.1000000015
112160  43.028  26.042  47.946 0.1000000015
112162  34.603  26.443  48.259 0.1000000015
112163  33.993  26.955  47.866 0.1000000015
112192  44.842  26.153  44.682 0.1000000015
112194  37.337  26.429  45.907 0.1000000015
112200  38.147  26.259  44.449 0.1000000015
112212  52.904  27.238  41.208 0.1000000015
112219  51.140  26.693  40.748 0.1000000015
112233  47.697  26.224  39.579 0.1000000015
112234  46.566  26.464  39.574 0.1000000015
112902  34.510  27.477  45.560 0.1000000015
112903  33.783  27.758  45.606 0.1000000015
112910  38.182  27.079  43.659 0.1000000015
112921  52.642  27.710  41.715 0.1000000015
112926  40.208  27.929  40.950 0.1000000015
112940  41.735  27.735  40.402 0.1000000015
112955  53.338  27.013  38.971 0.1000000015
113588  34.268  28.531  48.659 0.1000000015
113593  33.431  28.408  47.225 0.1000000015
113598  38.966  29.521  45.416 0.1000000015
113603  33.369  28.329  45.651 0.1000000015
113605  39.002  29.079  44.923 0.1000000015
113610  33.104  28.769  45.108 0.1000000015
113612  51.003  28.953  42.746 0.1000000015
113616  34.459  28.765  43.965 0.1000000015
113620  52.064  28.588  42.180 0.1000000015
113623  49.299  29.098  42.558 0.1000000015
113629  52.592  28.224  41.859 0.1000000015
113635  40.357  28.664  41.360 0.1000000015
113639  53.023  28.007  40.806 0.1000000015
113644  44.908  29.004  40.121 0.1000000015
113645  43.940  29.048  40.109 0.1000000015
113654  45.961  27.958  39.837 0.1000000015
114281  38.306  29.501  45.396 0.1000000015
114283  32.692  29.703  45.399 0.1000000015
114285  39.522  29.776  45.246 0.1000000015
114289  32.777  29.305  44.925 0.1000000015
114292  50.641  29.709  42.908 0.1000000015
114294  40.183  30.116  44.904 0.1000000015
114298  35.578  29.338  43.416 0.1000000015
114301  32.527  30.075  43.806 0.1000000015
114304  51.547  28.918  42.502 0.1000000015
114305  50.543  29.369  42.968 0.1000000015
114309  41.118  30.059  42.673 0.1000000015
114319  48.421  29.340  42.278 0.1000000015
114320  47.770  29.622  42.072 0.1000000015
114324  40.689  29.389  41.898 0.1000000015
114326  52.342  28.885  41.075 0.1000000015
114336  51.791  28.859  39.990 0.1000000015
114342  49.878  29.071  37.763 0.1000000015
114880  36.891  30.562  50.156 0.1000000015
114894  34.917  30.255  49.086 0.1000000015
114906  33.885  30.912  47.878 0.1000000015
114912  40.693  31.053  45.213 0.1000000015
114914  39.470  30.336  45.352 0.1000000015
114916  38.446  30.065  45.185 0.1000000015
114919  41.320  31.285  44.981 0.1000000015
114921  39.499  30.709  45.205 0.1000000015
114926  50.842  29.931  42.602 0.1000000015
114927  50.336  30.498  43.075 0.1000000015
114934  38.397  30.619  44.118 0.1000000015
114939  51.342  29.785  42.038 0.1000000015
114952  33.265  30.230  42.420 0.1000000015
114955  51.653  29.491  41.768 0.1000000015
114968  34.282  30.455  41.284 0.1000000015
114971  51.813  29.317  41.344 0.1000000015
114980  38.619  30.583  41.051 0.1000000015
114983  35.351  30.619  40.300 0.1000000015
114989  48.801  30.576  39.302 0.1000000015
114994  35.639  30.955  39.624 0.1000000015
115568  36.696  31.223  50.109 0.1000000015
115613  40.039  30.884  45.308 0.1000000015
115618  41.998  31.916  44.858 0.1000000015
115621  39.510  31.126  44.744 0.1000000015
115639  50.896  30.325  41.910 0.1000000015
115640  50.586  30.707  42.304 0.1000000015
115653  50.497  30.744  42.031 0.1000000015
115656  45.780  31.440  42.044 0.1000000015
116282  37.169  32.859  50.140 0.1000000015
116329  45.782  33.370  43.870 0.1000000015
116330  45.048  33.390  44.229 0.1000000015
116331  44.292  33.358  44.304 0.1000000015
116332  43.575  33.252  44.354 0.1000000015
116342  49.389  31.577  42.917 0.1000000015
116345  47.327  32.495  43.364 0.1000000015
116346  46.316  32.826  43.505 0.1000000015
116360  41.041  32.210  44.092 0.1000000015
116363  48.368  32.691  41.203 0.1000000015
116366  41.829  32.429  42.485 0.1000000015
117019  47.083  33.702  43.772 0.1000000015
117023  44.059  33.689  44.128 0.1000000015
117043  48.272  32.969  42.752 0.1000000015
117045  44.452  33.848  43.755 0.1000000015
117675  46.798  34.120  43.758 0.1000000015
117676  46.057  33.953  43.781 0.1000000015
117677  45.324  33.957  43.869 0.1000000015
117678  44.895  33.971  43.930 0.1000000015
117687  47.751  33.735  42.915 0.1000000015
117688  47.284  34.075  43.474 0.1000000015
117689  46.945  34.385  43.374 0.1000000015
117690  45.805  34.048  43.671 0.1000000015
117701  47.686  34.292  42.174 0.1000000015
117702  46.139  34.299  43.141 0.1000000015
117714  47.561  34.559  41.556 0.1000000015
118352  46.743  34.500  42.951 0.1000000015
118360  47.228  34.731  41.957 0.1000000015
118373  46.925  34.855  41.795 0.1000000015
132175  39.084  22.230  46.279 0.1000000015
132176  39.379  19.000  46.757 0.1000000015
132183  38.511  21.800  47.032 0.1000000015
132248  39.258  18.928  47.119 0.1000000015
132278  40.220  19.602  44.003 0.1000000015
132535  51.000  5.193  57.655 0.3000000119
132556  44.087  12.625  40.859 0.5000000000
132729  49.593  -8.617  68.356 0.1000000015
132740  51.359  21.669  47.021 0.1000000015
132856  37.087  25.182  47.282 0.1000000015
132914  45.269  -10.255  66.995 0.2000000030
132955  54.666  11.826  46.984 0.8999999762
132983  44.024  -2.515  39.643 0.1000000015
132994  52.469  -0.580  57.908 0.3000000119
133033  47.841  6.216  49.384 0.5000000000
133070  44.745  10.459  58.780 0.2000000030
133100  30.909  -7.461  64.894 0.1000000015
133264  49.992  6.548  52.600 0.5000000000
133266  49.198  6.569  53.560 0.5000000000
133375  42.825  4.462  64.365 0.3000000119
133422  38.035  3.571  61.858 0.2000000030
133588  50.277  6.530  55.609 0.4000000060
133658  42.743  8.086  48.170 0.4000000060
133737  54.703  11.035  46.984 0.8999999762
133750  44.957  13.960  43.023 0.5000000000
133904  35.002  11.771  54.161 0.2000000030
133945  49.478  7.428  33.929 0.6000000238
133991  38.384  30.629  42.663 0.1000000015
134041  42.559  9.323  57.482 0.2000000030
134151  56.649  -3.436  48.684 0.2000000030
134152  41.746  -15.270  68.656 0.2000000030
134278  35.054  13.280  54.730 0.2000000030
134376  51.938  21.772  46.319 0.1000000015
134489  46.834  5.505  65.465 0.3000000119
134512  48.215  -7.195  68.554 0.2000000030
134625  48.247  7.280  36.322 0.5000000000
134653  45.938  -4.719  50.132 0.4000000060
134729  40.898  15.045  69.071 0.1000000015
134803  49.153  6.063  56.934 0.3000000119
134827  46.143  9.163  34.848 0.6000000238
134940  31.367  2.023  62.911 0.1000000015
135315  47.926  -7.767  62.354 0.1000000015
135435  48.676  5.737  59.959 0.3000000119
135533  48.065  5.516  62.949 0.3000000119
135740  46.873  -12.148  61.747 0.2000000030
135943  51.892  6.560  55.347 0.5000000000
136026  41.870  -11.811  64.342 0.1000000015
136056  46.994  11.336  58.152 0.2000000030
136139  56.165  6.684  50.289 0.8000000119
136321  37.076  9.594  60.156 0.2000000030
136362  49.312  11.146  42.117 0.6999999881
137088  47.338  -3.518  62.823 0.2000000030
137421  52.325  20.878  47.878 0.1000000015
137633  51.780  19.055  49.858 0.2000000030
138165  47.083  21.535  41.281 0.1000000015
138287  43.783  20.435  55.545 0.1000000015
138626  52.025  27.102  41.486 0.1000000015
139007  41.336  17.578  56.402 0.1000000015
139215  55.523  -6.404  54.915 0.1000000015
139238  48.234  5.152  67.602 0.3000000119
139239  47.280  1.665  51.191 0.5000000000
139266  41.162  27.070  40.419 0.1000000015
139277  39.012  0.397  61.392 0.1000000015
139300  49.575  -6.754  65.314 0.1000000015
139326  50.369  5.269  59.367 0.2000000030
139517  49.300  -1.191  67.876 0.2000000030
139736  37.990  1.576  58.118 0.1000000015
139837  56.621  -3.523  47.680 0.2000000030
139862  33.927  -1.272  61.617 0.2000000030
139947  47.193  21.866  40.641 0.1000000015
139957  55.334  -2.520  50.286 0.2000000030
140275  43.897  23.268  40.320 0.1000000015
140396  52.126  8.503  36.311 0.6000000238
140769  52.462  0.226  62.962 0.3000000119
140780  49.282  5.268  61.308 0.3000000119
140824  48.030  -9.563  69.044 0.2000000030
141190  54.114  1.716  42.766 0.5000000000
141226  56.352  -4.723  49.753 0.2000000030
141287  39.939  10.316  61.713 0.1000000015
141357  55.345  9.914  49.088 0.8999999762
141535  50.546  -3.137  59.442 0.3000000119
141549  48.622  -3.357  61.667 0.2000000030
141643  52.247  11.449  50.060 0.8999999762
141667  52.139  18.955  44.038 0.1000000015
141730  43.731  -13.812  62.234 0.2000000030
141875  43.699  -2.572  67.016 0.1000000015
141919  50.203  28.879  42.781 0.1000000015
142410  42.180  25.141  44.147 0.1000000015
142576  49.289  6.027  59.277 0.2000000030
142633  48.566  2.718  53.017 0.5000000000
142679  52.837  -0.126  63.257 0.3000000119
142682  49.408  -1.473  41.898 0.6000000238
142697  48.457  2.925  41.881 0.1000000015
143126  53.802  0.427  40.940 0.5000000000
143362  32.654  0.149  62.512 0.2000000030
143474  42.873  4.361  64.626 0.3000000119
143528  44.372  33.711  43.022 0.1000000015
143790  45.933  -4.715  62.488 0.2000000030
143843  45.155  12.769  42.936 0.5000000000
143867  48.927  6.260  55.698 0.3000000119
143916  54.090  12.609  47.643 0.6999999881
144037  47.880  -7.558  59.122 0.2000000030
144082  55.917  -7.615  56.328 0.1000000015
144148  44.361  14.566  40.137 0.5000000000
144181  42.515  -3.944  66.263 0.1000000015
144247  50.069  12.985  51.690 0.5000000000
144581  49.199  -9.063  68.533 0.2000000030
144615  37.525  1.452  56.081 0.2000000030
144728  35.643  -12.007  67.599 0.1000000015
144741  32.903  7.498  64.688 0.1000000015
144888  48.367  -1.087  68.444 0.2000000030
145346  41.058  -15.410  64.125 0.1000000015
145571  54.726  7.041  47.951 0.8000000119
145647  51.644  19.504  49.671 0.3000000119
145780  47.597  8.243  47.582 0.6000000238
145787  44.626  33.653  41.953 0.1000000015
145951  43.208  29.051  40.258 0.1000000015
145985  45.338  10.637  59.074 0.2000000030
146144  54.555  7.048  47.661 0.8000000119
146219  51.737  22.138  44.853 0.1000000015
146289  33.398  29.797  47.308 0.1000000015
146369  51.035  -7.791  57.362 0.2000000030
146370  35.510  -2.108  60.407 0.2000000030
146540  54.498  1.320  41.532 0.5000000000
146553  53.809  -0.996  58.159 0.3000000119
146661  42.857  11.635  64.271 0.1000000015
147171  41.463  -6.390  66.853 0.1000000015
147230  38.945  3.930  62.516 0.2000000030
147256  41.653  -7.743  66.575 0.1000000015
147429  53.483  12.277  44.167 0.8000000119
147547  46.104  -7.832  69.140 0.2000000030
147827  55.278  -2.613  50.962 0.2000000030
147893  34.954  -6.514  61.108 0.2000000030
148072  52.129  -1.373  63.956 0.3000000119
148143  47.522  11.521  43.768 0.6000000238
148302  43.262  -7.072  68.974 0.1000000015
148337  44.641  14.974  40.433 0.5000000000
148353  37.239  -4.008  59.570 0.2000000030
148435  48.791  -8.159  61.523 0.1000000015
148502  39.139  9.843  60.883 0.1000000015
148530  42.603  18.301  46.040 0.2000000030
148850  34.964  14.163  53.782 0.2000000030
148961  46.707  1.551  54.952 0.4000000060
149247  37.003  3.090  62.607 0.1000000015
149341  47.726  5.563  66.193 0.3000000119
149437  47.879  5.329  58.113 0.2000000030
149515  47.122  11.315  58.450 0.1000000015
149669  51.590  20.627  48.657 0.2000000030
149760  54.733  5.494  48.218 0.8000000119
149821  37.922  -0.535  60.587 0.1000000015
149887  52.040  -1.812  62.641 0.3000000119
149933  51.965  -6.664  44.303 0.4000000060
150116  50.960  3.679  49.817 0.6999999881
150247  52.541  6.559  52.441 0.6000000238
150279  38.294  10.650  62.236 0.1000000015
150319  48.551  3.292  57.155 0.2000000030
150342  46.119  33.710  43.855 0.1000000015
150348  56.077  -3.448  50.296 0.2000000030
150389  40.691  19.088  44.260 0.1000000015
150425  37.701  20.133  47.839 0.1000000015
150445  41.151  23.291  46.705 0.1000000015
150514  38.755  19.162  47.354 0.1000000015
150526  40.372  18.891  44.990 0.1000000015
150533  41.561  18.564  44.837 0.1000000015
150587  53.570  11.880  49.878 0.8999999762
150621  44.983  6.055  49.323 0.4000000060
150682  48.911  7.798  47.779 0.6999999881
150706  35.423  28.255  49.443 0.1000000015
150949  40.161  9.451  60.110 0.1000000015
151227  44.047  12.165  40.354 0.5000000000
151425  49.615  5.813  59.997 0.3000000119
151451  50.170  -14.178  40.888 0.1000000015
151500  50.669  20.517  49.636 0.3000000119
151610  43.197  -16.872  65.704 0.1000000015
151663  42.012  25.638  40.315 0.1000000015
151812  46.415  1.641  59.993 0.3000000119
151863  48.961  -2.227  66.029 0.2000000030
151944  39.441  31.149  42.498 0.1000000015
151947  53.343  11.795  37.868 0.8000000119
152191  53.768  5.750  46.855 0.6999999881
152247  47.652  -7.571  62.909 0.1000000015
152339  43.369  25.817  44.710 0.1000000015
152431  48.935  -6.789  67.656 0.1000000015
152459  48.739  4.165  61.816 0.3000000119
152522  39.822  -9.983  63.726 0.1000000015
152709  42.249  12.621  33.243 0.3000000119
152717  45.699  8.099  32.131 0.6000000238
152723  47.652  -0.356  68.112 0.2000000030
152800  49.542  2.548  48.403 0.6999999881
152826  40.749  13.046  72.297 0.1000000015
152923  48.406  17.565  47.894 0.3000000119
153003  44.221  19.245  56.452 0.1000000015
153058  46.579  6.006  52.311 0.4000000060
153061  35.275  -8.961  64.275 0.2000000030
153090  51.208  29.955  41.878 0.1000000015
153354  47.399  -5.456  49.673 0.3000000119
153439  52.316  21.294  47.571 0.1000000015
153510  31.213  4.423  61.064 0.2000000030
153657  48.252  11.525  59.524 0.1000000015
153681  44.746  24.068  39.822 0.1000000015
153808  46.808  16.655  41.501 0.2000000030
153849  49.944  -6.758  64.775 0.1000000015
153919  44.184  -2.512  54.371 0.3000000119
153925  47.400  -10.023  64.213 0.2000000030
154121  51.329  29.333  42.395 0.1000000015
154132  47.401  8.097  32.451 0.6000000238
154298  49.599  -8.845  67.968 0.2000000030
154436  47.275  -2.845  65.373 0.2000000030
154550  30.528  -8.037  68.596 0.1000000015
154716  44.899  -6.338  65.990 0.2000000030
154773  45.359  -2.973  57.212 0.3000000119
154801  38.224  -13.718  66.038 0.1000000015
154867  45.119  11.572  64.745 0.1000000015
154959  48.830  17.925  41.076 0.2000000030
154966  31.607  -8.578  65.289 0.1000000015
155018  49.845  4.360  68.538 0.3000000119
155029  38.849  -5.120  60.440 0.1000000015
155082  50.559  11.415  39.891 0.6999999881
155346  53.329  -0.647  61.442 0.3000000119
155425  42.862  -16.183  63.787 0.2000000030
155513  48.663  6.106  41.092 0.3000000119
155526  46.873  16.362  45.894 0.3000000119
155557  32.721  29.556  44.337 0.1000000015
155612  53.654  1.037  37.544 0.4000000060
155614  53.930  12.768  47.244 0.6999999881
155687  41.253  9.369  54.717 0.2000000030
155692  36.968  25.866  50.221 0.1000000015
155774  51.608  12.123  50.558 0.8000000119
155820  32.746  31.525  41.960 0.1000000015
155900  53.802  11.704  43.913 0.8000000119
155941  42.641  3.224  64.636 0.2000000030
156010  51.820  6.714  49.652 0.8000000119
156058  53.831  12.407  45.656 0.8999999762
156086  47.070  -1.673  35.897 0.3000000119
156175  56.876  -7.279  46.551 0.1000000015
156276  39.878  3.989  63.998 0.2000000030
156382  46.273  -10.281  67.597 0.2000000030
156442  56.043  7.900  50.439 0.8000000119
156533  37.493  11.385  67.216 0.1000000015
156692  44.856  11.163  39.409 0.6000000238
156859  39.225  -15.144  67.247 0.1000000015
156925  50.095  -9.075  66.193 0.1000000015
156937  53.599  4.722  53.425 0.6000000238
157344  52.109  19.458  45.343 0.1000000015
157382  42.956  10.934  32.250 0.5000000000
157474  51.075  11.669  42.707 0.6999999881
157496  52.574  9.621  41.626 0.8999999762
157526  36.019  -7.991  63.176 0.2000000030
157622  47.045  11.239  59.151 0.1000000015
157660  44.327  -1.581  54.719 0.3000000119
157753  48.226  5.578  57.792 0.2000000030
158153  43.860  5.302  51.495 0.3000000119
158189  31.379  -7.707  64.694 0.1000000015
158256  48.361  -9.354  69.286 0.2000000030
158289  51.735  2.362  67.610 0.3000000119
158446  50.122  -6.414  47.311 0.4000000060
158535  54.273  3.722  38.977 0.5000000000
158562  52.787  20.033  42.880 0.1000000015
158657  52.658  -7.104  56.302 0.1000000015
158703  47.923  -0.790  46.799 0.6000000238
158757  32.583  5.492  59.225 0.3000000119
158815  47.832  -4.075  60.820 0.2000000030
158874  47.371  -5.525  46.314 0.4000000060
159020  32.782  -6.856  62.650 0.2000000030
159037  39.317  9.988  54.893 0.2000000030
159041  42.095  3.780  52.483 0.2000000030
159061  49.470  5.960  59.712 0.2000000030
159144  54.887  -6.989  55.874 0.1000000015
159226  48.929  18.104  39.992 0.2000000030
159375  35.764  -8.591  64.084 0.2000000030
159389  48.486  31.915  43.190 0.1000000015
159404  49.326  11.372  49.457 0.6999999881
159450  45.630  -6.843  61.793 0.2000000030
159525  51.119  9.121  48.437 0.8000000119
159596  52.793  12.385  40.268 0.8000000119
159632  38.657  24.723  49.246 0.1000000015
159655  53.500  -0.898  60.719 0.3000000119
159852  49.131  13.987  48.653 0.6000000238
160138  48.178  33.329  41.407 0.1000000015
160175  54.205  6.458  53.827 0.6999999881
160422  50.930  20.458  49.943 0.3000000119
160443  53.877  11.792  44.422 0.8999999762
160485  55.976  6.513  52.541 0.8999999762
160487  52.050  -1.617  54.364 0.2000000030
160489  53.039  6.565  54.328 0.6000000238
