
Mon Mar  9 23:46:30 CET 2026
cd /out/sourcedata/freesurfer/sub-v1s2x0051472_ses-1
setenv SUBJECTS_DIR /out/sourcedata/freesurfer
/opt/freesurfer/bin/recon-all -autorecon-hemi lh -noparcstats -noparcstats2 -noparcstats3 -nohyporelabel -nobalabels -lh-only -openmp 16 -subjid sub-v1s2x0051472_ses-1 -sd /out/sourcedata/freesurfer

subjid sub-v1s2x0051472_ses-1
setenv SUBJECTS_DIR /out/sourcedata/freesurfer
FREESURFER_HOME /opt/freesurfer
Actual FREESURFER_HOME /opt/freesurfer
build-stamp.txt: freesurfer-linux-ubuntu22_x86_64-7.3.2-20220804-6354275
Linux dna049 5.14.0-427.37.1.el9_4.x86_64 #1 SMP PREEMPT_DYNAMIC Fri Sep 13 12:41:50 EDT 2024 x86_64 x86_64 x86_64 GNU/Linux
cputime      unlimited
filesize     unlimited
datasize     unlimited
stacksize    8192 kbytes
coredumpsize 0 kbytes
memoryuse    67108864 kbytes
vmemoryuse   unlimited
descriptors  1024 
memorylocked unlimited
maxproc      2061970 
maxlocks     unlimited
maxsignal    2061970 
maxmessage   819200 
maxnice      0 
maxrtprio    0 
maxrttime    unlimited

               total        used        free      shared  buff/cache   available
Mem:           503Gi        48Gi       412Gi       7.2Gi        42Gi       444Gi
Swap:             0B          0B          0B

########################################
program versions used
7.3.2 (freesurfer-linux-ubuntu22_x86_64-7.3.2-20220804-6354275)
7.3.2

ProgramName: lta_convert  ProgramArguments: lta_convert -all-info  ProgramVersion: 7.3.2  TimeStamp: 2026/03/09-22:46:30-GMT  BuildTime: Aug  4 2022 06:17:15  BuildStamp: freesurfer-linux-ubuntu22_x86_64-7.3.2-20220804-6354275  User: oesteban  Machine: dna049  Platform: Linux  PlatformVersion: 5.14.0-427.37.1.el9_4.x86_64  CompilerName: GCC  CompilerVersion: 8.4.0
ProgramName: mri_and  ProgramArguments: mri_and -all-info  ProgramVersion: 7.3.2  TimeStamp: 2026/03/09-22:46:30-GMT  BuildTime: Aug  4 2022 06:17:15  BuildStamp: freesurfer-linux-ubuntu22_x86_64-7.3.2-20220804-6354275  User: oesteban  Machine: dna049  Platform: Linux  PlatformVersion: 5.14.0-427.37.1.el9_4.x86_64  CompilerName: GCC  CompilerVersion: 8.4.0
ProgramName: mri_annotation2label  ProgramArguments: mri_annotation2label -all-info  ProgramVersion: 7.3.2  TimeStamp: 2026/03/09-22:46:30-GMT  BuildTime: Aug  4 2022 06:17:15  BuildStamp: freesurfer-linux-ubuntu22_x86_64-7.3.2-20220804-6354275  User: oesteban  Machine: dna049  Platform: Linux  PlatformVersion: 5.14.0-427.37.1.el9_4.x86_64  CompilerName: GCC  CompilerVersion: 8.4.0
ProgramName: mri_aparc2aseg  ProgramArguments: mri_aparc2aseg -all-info  ProgramVersion: 7.3.2  TimeStamp: 2026/03/09-22:46:30-GMT  BuildTime: Aug  4 2022 06:17:15  BuildStamp: freesurfer-linux-ubuntu22_x86_64-7.3.2-20220804-6354275  User: oesteban  Machine: dna049  Platform: Linux  PlatformVersion: 5.14.0-427.37.1.el9_4.x86_64  CompilerName: GCC  CompilerVersion: 8.4.0
ProgramName: mri_surf2volseg  ProgramArguments: mri_surf2volseg -all-info  ProgramVersion: 7.3.2  TimeStamp: 2026/03/09-22:46:30-GMT  BuildTime: Aug  4 2022 06:17:15  BuildStamp: freesurfer-linux-ubuntu22_x86_64-7.3.2-20220804-6354275  User: oesteban  Machine: dna049  Platform: Linux  PlatformVersion: 5.14.0-427.37.1.el9_4.x86_64  CompilerName: GCC  CompilerVersion: 8.4.0
ProgramName: mri_binarize  ProgramArguments: mri_binarize -all-info  ProgramVersion: 7.3.2  TimeStamp: 2026/03/09-22:46:30-GMT  BuildTime: Aug  4 2022 06:17:15  BuildStamp: freesurfer-linux-ubuntu22_x86_64-7.3.2-20220804-6354275  User: oesteban  Machine: dna049  Platform: Linux  PlatformVersion: 5.14.0-427.37.1.el9_4.x86_64  CompilerName: GCC  CompilerVersion: 8.4.0
ProgramName: mri_ca_label  ProgramArguments: mri_ca_label -all-info  ProgramVersion: 7.3.2  TimeStamp: 2026/03/09-22:46:30-GMT  BuildTime: Aug  4 2022 06:17:15  BuildStamp: freesurfer-linux-ubuntu22_x86_64-7.3.2-20220804-6354275  User: oesteban  Machine: dna049  Platform: Linux  PlatformVersion: 5.14.0-427.37.1.el9_4.x86_64  CompilerName: GCC  CompilerVersion: 8.4.0
ProgramName: mri_ca_normalize  ProgramArguments: mri_ca_normalize -all-info  ProgramVersion: 7.3.2  TimeStamp: 2026/03/09-22:46:30-GMT  BuildTime: Aug  4 2022 06:17:15  BuildStamp: freesurfer-linux-ubuntu22_x86_64-7.3.2-20220804-6354275  User: oesteban  Machine: dna049  Platform: Linux  PlatformVersion: 5.14.0-427.37.1.el9_4.x86_64  CompilerName: GCC  CompilerVersion: 8.4.0
ProgramName: mri_ca_register  ProgramArguments: mri_ca_register -all-info  ProgramVersion: 7.3.2  TimeStamp: 2026/03/09-22:46:30-GMT  BuildTime: Aug  4 2022 06:17:15  BuildStamp: freesurfer-linux-ubuntu22_x86_64-7.3.2-20220804-6354275  User: oesteban  Machine: dna049  Platform: Linux  PlatformVersion: 5.14.0-427.37.1.el9_4.x86_64  CompilerName: GCC  CompilerVersion: 8.4.0
ProgramName: mri_cc  ProgramArguments: mri_cc -all-info  ProgramVersion: 7.3.2  TimeStamp: 2026/03/09-22:46:30-GMT  BuildTime: Aug  4 2022 06:17:15  BuildStamp: freesurfer-linux-ubuntu22_x86_64-7.3.2-20220804-6354275  User: oesteban  Machine: dna049  Platform: Linux  PlatformVersion: 5.14.0-427.37.1.el9_4.x86_64  CompilerName: GCC  CompilerVersion: 8.4.0
ProgramName: mri_compute_overlap  ProgramArguments: mri_compute_overlap -all-info  ProgramVersion: 7.3.2  TimeStamp: 2026/03/09-22:46:30-GMT  BuildTime: Aug  4 2022 06:17:15  BuildStamp: freesurfer-linux-ubuntu22_x86_64-7.3.2-20220804-6354275  User: oesteban  Machine: dna049  Platform: Linux  PlatformVersion: 5.14.0-427.37.1.el9_4.x86_64  CompilerName: GCC  CompilerVersion: 8.4.0
ProgramName: mri_compute_seg_overlap  ProgramArguments: mri_compute_seg_overlap -all-info  ProgramVersion: 7.3.2  TimeStamp: 2026/03/09-22:46:30-GMT  BuildTime: Aug  4 2022 06:17:15  BuildStamp: freesurfer-linux-ubuntu22_x86_64-7.3.2-20220804-6354275  User: oesteban  Machine: dna049  Platform: Linux  PlatformVersion: 5.14.0-427.37.1.el9_4.x86_64  CompilerName: GCC  CompilerVersion: 8.4.0
ProgramName: mri_concat  ProgramArguments: mri_concat -all-info  ProgramVersion: 7.3.2  TimeStamp: 2026/03/09-22:46:30-GMT  BuildTime: Aug  4 2022 06:17:15  BuildStamp: freesurfer-linux-ubuntu22_x86_64-7.3.2-20220804-6354275  User: oesteban  Machine: dna049  Platform: Linux  PlatformVersion: 5.14.0-427.37.1.el9_4.x86_64  CompilerName: GCC  CompilerVersion: 8.4.0
ProgramName: mri_concatenate_lta  ProgramArguments: mri_concatenate_lta -all-info  ProgramVersion: 7.3.2  TimeStamp: 2026/03/09-22:46:30-GMT  BuildTime: Aug  4 2022 06:17:15  BuildStamp: freesurfer-linux-ubuntu22_x86_64-7.3.2-20220804-6354275  User: oesteban  Machine: dna049  Platform: Linux  PlatformVersion: 5.14.0-427.37.1.el9_4.x86_64  CompilerName: GCC  CompilerVersion: 8.4.0
mri_convert -all-info 
ProgramName: mri_convert  ProgramArguments: mri_convert -all-info  ProgramVersion: 7.3.2  TimeStamp: 2026/03/09-22:46:30-GMT  BuildTime: Aug  4 2022 06:17:15  BuildStamp: freesurfer-linux-ubuntu22_x86_64-7.3.2-20220804-6354275  User: oesteban  Machine: dna049  Platform: Linux  PlatformVersion: 5.14.0-427.37.1.el9_4.x86_64  CompilerName: GCC  CompilerVersion: 8.4.0
ProgramName: mri_diff  ProgramArguments: mri_diff -all-info  ProgramVersion: 7.3.2  TimeStamp: 2026/03/09-22:46:30-GMT  BuildTime: Aug  4 2022 06:17:15  BuildStamp: freesurfer-linux-ubuntu22_x86_64-7.3.2-20220804-6354275  User: oesteban  Machine: dna049  Platform: Linux  PlatformVersion: 5.14.0-427.37.1.el9_4.x86_64  CompilerName: GCC  CompilerVersion: 8.4.0
ProgramName: mri_edit_wm_with_aseg  ProgramArguments: mri_edit_wm_with_aseg -all-info  ProgramVersion: 7.3.2  TimeStamp: 2026/03/09-22:46:30-GMT  BuildTime: Aug  4 2022 06:17:15  BuildStamp: freesurfer-linux-ubuntu22_x86_64-7.3.2-20220804-6354275  User: oesteban  Machine: dna049  Platform: Linux  PlatformVersion: 5.14.0-427.37.1.el9_4.x86_64  CompilerName: GCC  CompilerVersion: 8.4.0
ProgramName: mri_em_register  ProgramArguments: mri_em_register -all-info  ProgramVersion: 7.3.2  TimeStamp: 2026/03/09-22:46:30-GMT  BuildTime: Aug  4 2022 06:17:15  BuildStamp: freesurfer-linux-ubuntu22_x86_64-7.3.2-20220804-6354275  User: oesteban  Machine: dna049  Platform: Linux  PlatformVersion: 5.14.0-427.37.1.el9_4.x86_64  CompilerName: GCC  CompilerVersion: 8.4.0
ProgramName: mri_fill  ProgramArguments: mri_fill -all-info  ProgramVersion: 7.3.2  TimeStamp: 2026/03/09-22:46:30-GMT  BuildTime: Aug  4 2022 06:17:15  BuildStamp: freesurfer-linux-ubuntu22_x86_64-7.3.2-20220804-6354275  User: oesteban  Machine: dna049  Platform: Linux  PlatformVersion: 5.14.0-427.37.1.el9_4.x86_64  CompilerName: GCC  CompilerVersion: 8.4.0
ProgramName: mri_fuse_segmentations  ProgramArguments: mri_fuse_segmentations -all-info  ProgramVersion: 7.3.2  TimeStamp: 2026/03/09-22:46:30-GMT  BuildTime: Aug  4 2022 06:17:15  BuildStamp: freesurfer-linux-ubuntu22_x86_64-7.3.2-20220804-6354275  User: oesteban  Machine: dna049  Platform: Linux  PlatformVersion: 5.14.0-427.37.1.el9_4.x86_64  CompilerName: GCC  CompilerVersion: 8.4.0
ProgramName: mri_fwhm  ProgramArguments: mri_fwhm -all-info  ProgramVersion: 7.3.2  TimeStamp: 2026/03/09-22:46:30-GMT  BuildTime: Aug  4 2022 06:17:15  BuildStamp: freesurfer-linux-ubuntu22_x86_64-7.3.2-20220804-6354275  User: oesteban  Machine: dna049  Platform: Linux  PlatformVersion: 5.14.0-427.37.1.el9_4.x86_64  CompilerName: GCC  CompilerVersion: 8.4.0
ProgramName: mri_gcut  ProgramArguments: mri_gcut -all-info  ProgramVersion: 7.3.2  TimeStamp: 2026/03/09-22:46:30-GMT  BuildTime: Aug  4 2022 06:17:15  BuildStamp: freesurfer-linux-ubuntu22_x86_64-7.3.2-20220804-6354275  User: oesteban  Machine: dna049  Platform: Linux  PlatformVersion: 5.14.0-427.37.1.el9_4.x86_64  CompilerName: GCC  CompilerVersion: 8.4.0
ProgramName: mri_info  ProgramArguments: mri_info -all-info  ProgramVersion: 7.3.2  TimeStamp: 2026/03/09-22:46:30-GMT  BuildTime: Aug  4 2022 06:17:15  BuildStamp: freesurfer-linux-ubuntu22_x86_64-7.3.2-20220804-6354275  User: oesteban  Machine: dna049  Platform: Linux  PlatformVersion: 5.14.0-427.37.1.el9_4.x86_64  CompilerName: GCC  CompilerVersion: 8.4.0
ProgramName: mri_label2label  ProgramArguments: mri_label2label -all-info  ProgramVersion: 7.3.2  TimeStamp: 2026/03/09-22:46:30-GMT  BuildTime: Aug  4 2022 06:17:15  BuildStamp: freesurfer-linux-ubuntu22_x86_64-7.3.2-20220804-6354275  User: oesteban  Machine: dna049  Platform: Linux  PlatformVersion: 5.14.0-427.37.1.el9_4.x86_64  CompilerName: GCC  CompilerVersion: 8.4.0
ProgramName: mri_label2vol  ProgramArguments: mri_label2vol -all-info  ProgramVersion: 7.3.2  TimeStamp: 2026/03/09-22:46:30-GMT  BuildTime: Aug  4 2022 06:17:15  BuildStamp: freesurfer-linux-ubuntu22_x86_64-7.3.2-20220804-6354275  User: oesteban  Machine: dna049  Platform: Linux  PlatformVersion: 5.14.0-427.37.1.el9_4.x86_64  CompilerName: GCC  CompilerVersion: 8.4.0
ProgramName: mri_log_likelihood  ProgramArguments: mri_log_likelihood -all-info  ProgramVersion: 7.3.2  TimeStamp: 2026/03/09-22:46:30-GMT  BuildTime: Aug  4 2022 06:17:15  BuildStamp: freesurfer-linux-ubuntu22_x86_64-7.3.2-20220804-6354275  User: oesteban  Machine: dna049  Platform: Linux  PlatformVersion: 5.14.0-427.37.1.el9_4.x86_64  CompilerName: GCC  CompilerVersion: 8.4.0
ProgramName: mri_mask  ProgramArguments: mri_mask -all-info  ProgramVersion: 7.3.2  TimeStamp: 2026/03/09-22:46:30-GMT  BuildTime: Aug  4 2022 06:17:15  BuildStamp: freesurfer-linux-ubuntu22_x86_64-7.3.2-20220804-6354275  User: oesteban  Machine: dna049  Platform: Linux  PlatformVersion: 5.14.0-427.37.1.el9_4.x86_64  CompilerName: GCC  CompilerVersion: 8.4.0
ProgramName: mri_matrix_multiply  ProgramArguments: mri_matrix_multiply -all-info  ProgramVersion: 7.3.2  TimeStamp: 2026/03/09-22:46:30-GMT  BuildTime: Aug  4 2022 06:17:15  BuildStamp: freesurfer-linux-ubuntu22_x86_64-7.3.2-20220804-6354275  User: oesteban  Machine: dna049  Platform: Linux  PlatformVersion: 5.14.0-427.37.1.el9_4.x86_64  CompilerName: GCC  CompilerVersion: 8.4.0
ProgramName: mri_normalize  ProgramArguments: mri_normalize -all-info  ProgramVersion: 7.3.2  TimeStamp: 2026/03/09-22:46:30-GMT  BuildTime: Aug  4 2022 06:17:15  BuildStamp: freesurfer-linux-ubuntu22_x86_64-7.3.2-20220804-6354275  User: oesteban  Machine: dna049  Platform: Linux  PlatformVersion: 5.14.0-427.37.1.el9_4.x86_64  CompilerName: GCC  CompilerVersion: 8.4.0
ProgramName: mri_normalize_tp2  ProgramArguments: mri_normalize_tp2 -all-info  ProgramVersion: 7.3.2  TimeStamp: 2026/03/09-22:46:30-GMT  BuildTime: Aug  4 2022 06:17:15  BuildStamp: freesurfer-linux-ubuntu22_x86_64-7.3.2-20220804-6354275  User: oesteban  Machine: dna049  Platform: Linux  PlatformVersion: 5.14.0-427.37.1.el9_4.x86_64  CompilerName: GCC  CompilerVersion: 8.4.0
ProgramName: mri_or  ProgramArguments: mri_or -all-info  ProgramVersion: 7.3.2  TimeStamp: 2026/03/09-22:46:30-GMT  BuildTime: Aug  4 2022 06:17:15  BuildStamp: freesurfer-linux-ubuntu22_x86_64-7.3.2-20220804-6354275  User: oesteban  Machine: dna049  Platform: Linux  PlatformVersion: 5.14.0-427.37.1.el9_4.x86_64  CompilerName: GCC  CompilerVersion: 8.4.0
ProgramName: mri_relabel_hypointensities  ProgramArguments: mri_relabel_hypointensities -all-info  ProgramVersion: 7.3.2  TimeStamp: 2026/03/09-22:46:30-GMT  BuildTime: Aug  4 2022 06:17:15  BuildStamp: freesurfer-linux-ubuntu22_x86_64-7.3.2-20220804-6354275  User: oesteban  Machine: dna049  Platform: Linux  PlatformVersion: 5.14.0-427.37.1.el9_4.x86_64  CompilerName: GCC  CompilerVersion: 8.4.0
ProgramName: mri_relabel_nonwm_hypos  ProgramArguments: mri_relabel_nonwm_hypos -all-info  ProgramVersion: 7.3.2  TimeStamp: 2026/03/09-22:46:30-GMT  BuildTime: Aug  4 2022 06:17:15  BuildStamp: freesurfer-linux-ubuntu22_x86_64-7.3.2-20220804-6354275  User: oesteban  Machine: dna049  Platform: Linux  PlatformVersion: 5.14.0-427.37.1.el9_4.x86_64  CompilerName: GCC  CompilerVersion: 8.4.0
ProgramName: mri_remove_neck  ProgramArguments: mri_remove_neck -all-info  ProgramVersion: 7.3.2  TimeStamp: 2026/03/09-22:46:30-GMT  BuildTime: Aug  4 2022 06:17:15  BuildStamp: freesurfer-linux-ubuntu22_x86_64-7.3.2-20220804-6354275  User: oesteban  Machine: dna049  Platform: Linux  PlatformVersion: 5.14.0-427.37.1.el9_4.x86_64  CompilerName: GCC  CompilerVersion: 8.4.0
7.3.2

ProgramName: mri_robust_register  ProgramArguments: mri_robust_register -all-info  ProgramVersion: 7.3.2  TimeStamp: 2026/03/09-22:46:30-GMT  BuildTime: Aug  4 2022 06:17:15  BuildStamp: freesurfer-linux-ubuntu22_x86_64-7.3.2-20220804-6354275  User: oesteban  Machine: dna049  Platform: Linux  PlatformVersion: 5.14.0-427.37.1.el9_4.x86_64  CompilerName: GCC  CompilerVersion: 8.4.0
7.3.2

ProgramName: mri_robust_template  ProgramArguments: mri_robust_template -all-info  ProgramVersion: 7.3.2  TimeStamp: 2026/03/09-22:46:30-GMT  BuildTime: Aug  4 2022 06:17:15  BuildStamp: freesurfer-linux-ubuntu22_x86_64-7.3.2-20220804-6354275  User: oesteban  Machine: dna049  Platform: Linux  PlatformVersion: 5.14.0-427.37.1.el9_4.x86_64  CompilerName: GCC  CompilerVersion: 8.4.0
ProgramName: mris_anatomical_stats  ProgramArguments: mris_anatomical_stats -all-info  ProgramVersion: 7.3.2  TimeStamp: 2026/03/09-22:46:30-GMT  BuildTime: Aug  4 2022 06:17:15  BuildStamp: freesurfer-linux-ubuntu22_x86_64-7.3.2-20220804-6354275  User: oesteban  Machine: dna049  Platform: Linux  PlatformVersion: 5.14.0-427.37.1.el9_4.x86_64  CompilerName: GCC  CompilerVersion: 8.4.0
ProgramName: mris_ca_label  ProgramArguments: mris_ca_label -all-info  ProgramVersion: 7.3.2  TimeStamp: 2026/03/09-22:46:30-GMT  BuildTime: Aug  4 2022 06:17:15  BuildStamp: freesurfer-linux-ubuntu22_x86_64-7.3.2-20220804-6354275  User: oesteban  Machine: dna049  Platform: Linux  PlatformVersion: 5.14.0-427.37.1.el9_4.x86_64  CompilerName: GCC  CompilerVersion: 8.4.0
ProgramName: mris_calc  ProgramArguments: mris_calc -all-info  ProgramVersion: 7.3.2  TimeStamp: 2026/03/09-22:46:30-GMT  BuildTime: Aug  4 2022 06:17:15  BuildStamp: freesurfer-linux-ubuntu22_x86_64-7.3.2-20220804-6354275  User: oesteban  Machine: dna049  Platform: Linux  PlatformVersion: 5.14.0-427.37.1.el9_4.x86_64  CompilerName: GCC  CompilerVersion: 8.4.0
ProgramName: mris_convert  ProgramArguments: mris_convert -all-info  ProgramVersion: 7.3.2  TimeStamp: 2026/03/09-22:46:30-GMT  BuildTime: Aug  4 2022 06:17:15  BuildStamp: freesurfer-linux-ubuntu22_x86_64-7.3.2-20220804-6354275  User: oesteban  Machine: dna049  Platform: Linux  PlatformVersion: 5.14.0-427.37.1.el9_4.x86_64  CompilerName: GCC  CompilerVersion: 8.4.0
ProgramName: mris_curvature  ProgramArguments: mris_curvature -all-info  ProgramVersion: 7.3.2  TimeStamp: 2026/03/09-22:46:30-GMT  BuildTime: Aug  4 2022 06:17:15  BuildStamp: freesurfer-linux-ubuntu22_x86_64-7.3.2-20220804-6354275  User: oesteban  Machine: dna049  Platform: Linux  PlatformVersion: 5.14.0-427.37.1.el9_4.x86_64  CompilerName: GCC  CompilerVersion: 8.4.0
ProgramName: mris_curvature_stats  ProgramArguments: mris_curvature_stats -all-info  ProgramVersion: 7.3.2  TimeStamp: 2026/03/09-22:46:30-GMT  BuildTime: Aug  4 2022 06:17:15  BuildStamp: freesurfer-linux-ubuntu22_x86_64-7.3.2-20220804-6354275  User: oesteban  Machine: dna049  Platform: Linux  PlatformVersion: 5.14.0-427.37.1.el9_4.x86_64  CompilerName: GCC  CompilerVersion: 8.4.0
ProgramName: mris_diff  ProgramArguments: mris_diff -all-info  ProgramVersion: 7.3.2  TimeStamp: 2026/03/09-22:46:30-GMT  BuildTime: Aug  4 2022 06:17:15  BuildStamp: freesurfer-linux-ubuntu22_x86_64-7.3.2-20220804-6354275  User: oesteban  Machine: dna049  Platform: Linux  PlatformVersion: 5.14.0-427.37.1.el9_4.x86_64  CompilerName: GCC  CompilerVersion: 8.4.0
ProgramName: mris_divide_parcellation  ProgramArguments: mris_divide_parcellation -all-info  ProgramVersion: 7.3.2  TimeStamp: 2026/03/09-22:46:30-GMT  BuildTime: Aug  4 2022 06:17:15  BuildStamp: freesurfer-linux-ubuntu22_x86_64-7.3.2-20220804-6354275  User: oesteban  Machine: dna049  Platform: Linux  PlatformVersion: 5.14.0-427.37.1.el9_4.x86_64  CompilerName: GCC  CompilerVersion: 8.4.0
ProgramName: mri_segment  ProgramArguments: mri_segment -all-info  ProgramVersion: 7.3.2  TimeStamp: 2026/03/09-22:46:30-GMT  BuildTime: Aug  4 2022 06:17:15  BuildStamp: freesurfer-linux-ubuntu22_x86_64-7.3.2-20220804-6354275  User: oesteban  Machine: dna049  Platform: Linux  PlatformVersion: 5.14.0-427.37.1.el9_4.x86_64  CompilerName: GCC  CompilerVersion: 8.4.0
ProgramName: mri_segstats  ProgramArguments: mri_segstats -all-info  ProgramVersion: 7.3.2  TimeStamp: 2026/03/09-22:46:30-GMT  BuildTime: Aug  4 2022 06:17:15  BuildStamp: freesurfer-linux-ubuntu22_x86_64-7.3.2-20220804-6354275  User: oesteban  Machine: dna049  Platform: Linux  PlatformVersion: 5.14.0-427.37.1.el9_4.x86_64  CompilerName: GCC  CompilerVersion: 8.4.0
ProgramName: mris_euler_number  ProgramArguments: mris_euler_number -all-info  ProgramVersion: 7.3.2  TimeStamp: 2026/03/09-22:46:30-GMT  BuildTime: Aug  4 2022 06:17:15  BuildStamp: freesurfer-linux-ubuntu22_x86_64-7.3.2-20220804-6354275  User: oesteban  Machine: dna049  Platform: Linux  PlatformVersion: 5.14.0-427.37.1.el9_4.x86_64  CompilerName: GCC  CompilerVersion: 8.4.0
ProgramName: mris_fix_topology  ProgramArguments: mris_fix_topology -all-info  ProgramVersion: 7.3.2  TimeStamp: 2026/03/09-22:46:30-GMT  BuildTime: Aug  4 2022 06:17:15  BuildStamp: freesurfer-linux-ubuntu22_x86_64-7.3.2-20220804-6354275  User: oesteban  Machine: dna049  Platform: Linux  PlatformVersion: 5.14.0-427.37.1.el9_4.x86_64  CompilerName: GCC  CompilerVersion: 8.4.0
ProgramName: mris_topo_fixer  ProgramArguments: mris_topo_fixer -all-info  ProgramVersion: 7.3.2  TimeStamp: 2026/03/09-22:46:30-GMT  BuildTime: Aug  4 2022 06:17:15  BuildStamp: freesurfer-linux-ubuntu22_x86_64-7.3.2-20220804-6354275  User: oesteban  Machine: dna049  Platform: Linux  PlatformVersion: 5.14.0-427.37.1.el9_4.x86_64  CompilerName: GCC  CompilerVersion: 8.4.0
ProgramName: mris_jacobian  ProgramArguments: mris_jacobian -all-info  ProgramVersion: 7.3.2  TimeStamp: 2026/03/09-22:46:30-GMT  BuildTime: Aug  4 2022 06:17:15  BuildStamp: freesurfer-linux-ubuntu22_x86_64-7.3.2-20220804-6354275  User: oesteban  Machine: dna049  Platform: Linux  PlatformVersion: 5.14.0-427.37.1.el9_4.x86_64  CompilerName: GCC  CompilerVersion: 8.4.0
ProgramName: mris_label2annot  ProgramArguments: mris_label2annot -all-info  ProgramVersion: 7.3.2  TimeStamp: 2026/03/09-22:46:30-GMT  BuildTime: Aug  4 2022 06:17:15  BuildStamp: freesurfer-linux-ubuntu22_x86_64-7.3.2-20220804-6354275  User: oesteban  Machine: dna049  Platform: Linux  PlatformVersion: 5.14.0-427.37.1.el9_4.x86_64  CompilerName: GCC  CompilerVersion: 8.4.0
ProgramName: mris_left_right_register  ProgramArguments: mris_left_right_register -all-info  ProgramVersion: 7.3.2  TimeStamp: 2026/03/09-22:46:30-GMT  BuildTime: Aug  4 2022 06:17:15  BuildStamp: freesurfer-linux-ubuntu22_x86_64-7.3.2-20220804-6354275  User: oesteban  Machine: dna049  Platform: Linux  PlatformVersion: 5.14.0-427.37.1.el9_4.x86_64  CompilerName: GCC  CompilerVersion: 8.4.0
ProgramName: mris_place_surface  ProgramArguments: mris_place_surface -all-info  ProgramVersion: 7.3.2  TimeStamp: 2026/03/09-22:46:30-GMT  BuildTime: Aug  4 2022 06:17:15  BuildStamp: freesurfer-linux-ubuntu22_x86_64-7.3.2-20220804-6354275  User: oesteban  Machine: dna049  Platform: Linux  PlatformVersion: 5.14.0-427.37.1.el9_4.x86_64  CompilerName: GCC  CompilerVersion: 8.4.0
ProgramName: mrisp_paint  ProgramArguments: mrisp_paint -all-info  ProgramVersion: 7.3.2  TimeStamp: 2026/03/09-22:46:30-GMT  BuildTime: Aug  4 2022 06:17:15  BuildStamp: freesurfer-linux-ubuntu22_x86_64-7.3.2-20220804-6354275  User: oesteban  Machine: dna049  Platform: Linux  PlatformVersion: 5.14.0-427.37.1.el9_4.x86_64  CompilerName: GCC  CompilerVersion: 8.4.0
ProgramName: mris_register  ProgramArguments: mris_register -all-info  ProgramVersion: 7.3.2  TimeStamp: 2026/03/09-22:46:30-GMT  BuildTime: Aug  4 2022 06:17:15  BuildStamp: freesurfer-linux-ubuntu22_x86_64-7.3.2-20220804-6354275  User: oesteban  Machine: dna049  Platform: Linux  PlatformVersion: 5.14.0-427.37.1.el9_4.x86_64  CompilerName: GCC  CompilerVersion: 8.4.0
ProgramName: mris_smooth  ProgramArguments: mris_smooth -all-info  ProgramVersion: 7.3.2  TimeStamp: 2026/03/09-22:46:30-GMT  BuildTime: Aug  4 2022 06:17:15  BuildStamp: freesurfer-linux-ubuntu22_x86_64-7.3.2-20220804-6354275  User: oesteban  Machine: dna049  Platform: Linux  PlatformVersion: 5.14.0-427.37.1.el9_4.x86_64  CompilerName: GCC  CompilerVersion: 8.4.0
ProgramName: mris_sphere  ProgramArguments: mris_sphere -all-info  ProgramVersion: 7.3.2  TimeStamp: 2026/03/09-22:46:30-GMT  BuildTime: Aug  4 2022 06:17:15  BuildStamp: freesurfer-linux-ubuntu22_x86_64-7.3.2-20220804-6354275  User: oesteban  Machine: dna049  Platform: Linux  PlatformVersion: 5.14.0-427.37.1.el9_4.x86_64  CompilerName: GCC  CompilerVersion: 8.4.0
ProgramName: mris_surface_stats  ProgramArguments: mris_surface_stats -all-info  ProgramVersion: 7.3.2  TimeStamp: 2026/03/09-22:46:30-GMT  BuildTime: Aug  4 2022 06:17:15  BuildStamp: freesurfer-linux-ubuntu22_x86_64-7.3.2-20220804-6354275  User: oesteban  Machine: dna049  Platform: Linux  PlatformVersion: 5.14.0-427.37.1.el9_4.x86_64  CompilerName: GCC  CompilerVersion: 8.4.0
ProgramName: mri_stats2seg  ProgramArguments: mri_stats2seg -all-info  ProgramVersion: 7.3.2  TimeStamp: 2026/03/09-22:46:30-GMT  BuildTime: Aug  4 2022 06:17:15  BuildStamp: freesurfer-linux-ubuntu22_x86_64-7.3.2-20220804-6354275  User: oesteban  Machine: dna049  Platform: Linux  PlatformVersion: 5.14.0-427.37.1.el9_4.x86_64  CompilerName: GCC  CompilerVersion: 8.4.0
ProgramName: mris_thickness  ProgramArguments: mris_thickness -all-info  ProgramVersion: 7.3.2  TimeStamp: 2026/03/09-22:46:30-GMT  BuildTime: Aug  4 2022 06:17:15  BuildStamp: freesurfer-linux-ubuntu22_x86_64-7.3.2-20220804-6354275  User: oesteban  Machine: dna049  Platform: Linux  PlatformVersion: 5.14.0-427.37.1.el9_4.x86_64  CompilerName: GCC  CompilerVersion: 8.4.0
ProgramName: mris_thickness_diff  ProgramArguments: mris_thickness_diff -all-info  ProgramVersion: 7.3.2  TimeStamp: 2026/03/09-22:46:30-GMT  BuildTime: Aug  4 2022 06:17:15  BuildStamp: freesurfer-linux-ubuntu22_x86_64-7.3.2-20220804-6354275  User: oesteban  Machine: dna049  Platform: Linux  PlatformVersion: 5.14.0-427.37.1.el9_4.x86_64  CompilerName: GCC  CompilerVersion: 8.4.0
ProgramName: mris_topo_fixer  ProgramArguments: mris_topo_fixer -all-info  ProgramVersion: 7.3.2  TimeStamp: 2026/03/09-22:46:30-GMT  BuildTime: Aug  4 2022 06:17:15  BuildStamp: freesurfer-linux-ubuntu22_x86_64-7.3.2-20220804-6354275  User: oesteban  Machine: dna049  Platform: Linux  PlatformVersion: 5.14.0-427.37.1.el9_4.x86_64  CompilerName: GCC  CompilerVersion: 8.4.0
ProgramName: mri_surf2surf  ProgramArguments: mri_surf2surf -all-info  ProgramVersion: 7.3.2  TimeStamp: 2026/03/09-22:46:30-GMT  BuildTime: Aug  4 2022 06:17:15  BuildStamp: freesurfer-linux-ubuntu22_x86_64-7.3.2-20220804-6354275  User: oesteban  Machine: dna049  Platform: Linux  PlatformVersion: 5.14.0-427.37.1.el9_4.x86_64  CompilerName: GCC  CompilerVersion: 8.4.0
ProgramName: mri_surf2vol  ProgramArguments: mri_surf2vol -all-info  ProgramVersion: 7.3.2  TimeStamp: 2026/03/09-22:46:30-GMT  BuildTime: Aug  4 2022 06:17:15  BuildStamp: freesurfer-linux-ubuntu22_x86_64-7.3.2-20220804-6354275  User: oesteban  Machine: dna049  Platform: Linux  PlatformVersion: 5.14.0-427.37.1.el9_4.x86_64  CompilerName: GCC  CompilerVersion: 8.4.0
ProgramName: mri_surfcluster  ProgramArguments: mri_surfcluster -all-info  ProgramVersion: 7.3.2  TimeStamp: 2026/03/09-22:46:30-GMT  BuildTime: Aug  4 2022 06:17:15  BuildStamp: freesurfer-linux-ubuntu22_x86_64-7.3.2-20220804-6354275  User: oesteban  Machine: dna049  Platform: Linux  PlatformVersion: 5.14.0-427.37.1.el9_4.x86_64  CompilerName: GCC  CompilerVersion: 8.4.0
ProgramName: mris_volmask  ProgramArguments: mris_volmask -all-info  ProgramVersion: 7.3.2  TimeStamp: 2026/03/09-22:46:30-GMT  BuildTime: Aug  4 2022 06:17:15  BuildStamp: freesurfer-linux-ubuntu22_x86_64-7.3.2-20220804-6354275  User: oesteban  Machine: dna049  Platform: Linux  PlatformVersion: 5.14.0-427.37.1.el9_4.x86_64  CompilerName: GCC  CompilerVersion: 8.4.0
ProgramName: mri_tessellate  ProgramArguments: mri_tessellate -all-info  ProgramVersion: 7.3.2  TimeStamp: 2026/03/09-22:46:30-GMT  BuildTime: Aug  4 2022 06:17:15  BuildStamp: freesurfer-linux-ubuntu22_x86_64-7.3.2-20220804-6354275  User: oesteban  Machine: dna049  Platform: Linux  PlatformVersion: 5.14.0-427.37.1.el9_4.x86_64  CompilerName: GCC  CompilerVersion: 8.4.0
ProgramName: mri_vol2surf  ProgramArguments: mri_vol2surf -all-info  ProgramVersion: 7.3.2  TimeStamp: 2026/03/09-22:46:30-GMT  BuildTime: Aug  4 2022 06:17:15  BuildStamp: freesurfer-linux-ubuntu22_x86_64-7.3.2-20220804-6354275  User: oesteban  Machine: dna049  Platform: Linux  PlatformVersion: 5.14.0-427.37.1.el9_4.x86_64  CompilerName: GCC  CompilerVersion: 8.4.0
ProgramName: mri_vol2vol  ProgramArguments: mri_vol2vol -all-info  ProgramVersion: 7.3.2  TimeStamp: 2026/03/09-22:46:30-GMT  BuildTime: Aug  4 2022 06:17:15  BuildStamp: freesurfer-linux-ubuntu22_x86_64-7.3.2-20220804-6354275  User: oesteban  Machine: dna049  Platform: Linux  PlatformVersion: 5.14.0-427.37.1.el9_4.x86_64  CompilerName: GCC  CompilerVersion: 8.4.0
ProgramName: mri_voldiff  ProgramArguments: mri_voldiff -all-info  ProgramVersion: 7.3.2  TimeStamp: 2026/03/09-22:46:30-GMT  BuildTime: Aug  4 2022 06:17:15  BuildStamp: freesurfer-linux-ubuntu22_x86_64-7.3.2-20220804-6354275  User: oesteban  Machine: dna049  Platform: Linux  PlatformVersion: 5.14.0-427.37.1.el9_4.x86_64  CompilerName: GCC  CompilerVersion: 8.4.0
ProgramName: mri_watershed  ProgramArguments: mri_watershed -all-info  ProgramVersion: 7.3.2  TimeStamp: 2026/03/09-22:46:30-GMT  BuildTime: Aug  4 2022 06:17:15  BuildStamp: freesurfer-linux-ubuntu22_x86_64-7.3.2-20220804-6354275  User: oesteban  Machine: dna049  Platform: Linux  PlatformVersion: 5.14.0-427.37.1.el9_4.x86_64  CompilerName: GCC  CompilerVersion: 8.4.0
ProgramName: tkregister2  ProgramArguments: tkregister2_cmdl -all-info  ProgramVersion: 7.3.2  TimeStamp: 2026/03/09-22:46:30-GMT  BuildTime: Aug  4 2022 06:17:15  BuildStamp: freesurfer-linux-ubuntu22_x86_64-7.3.2-20220804-6354275  User: oesteban  Machine: dna049  Platform: Linux  PlatformVersion: 5.14.0-427.37.1.el9_4.x86_64  CompilerName: GCC  CompilerVersion: 8.4.0
mri_motion_correct.fsl 7.3.2
mri_convert -all-info 
ProgramName: mri_convert  ProgramArguments: mri_convert -all-info  ProgramVersion: 7.3.2  TimeStamp: 2026/03/09-22:46:30-GMT  BuildTime: Aug  4 2022 06:17:15  BuildStamp: freesurfer-linux-ubuntu22_x86_64-7.3.2-20220804-6354275  User: oesteban  Machine: dna049  Platform: Linux  PlatformVersion: 5.14.0-427.37.1.el9_4.x86_64  CompilerName: GCC  CompilerVersion: 8.4.0
Program nu_correct, built from:
Package MNI N3, version 1.12.0, compiled by nicks@terrier (x86_64-unknown-linux-gnu) on 2015-06-19 at 01:25:34
#######################################
GCADIR /opt/freesurfer/average
GCA RB_all_2020-01-02.gca
GCASkull RB_all_withskull_2020_01_02.gca
AvgCurvTif folding.atlas.acfb40.noaparc.i12.2016-08-02.tif
GCSDIR /opt/freesurfer/average
GCS DKaparc.atlas.acfb40.noaparc.i12.2016-08-02.gcs
#######################################
#--------------------------------------------
#@# Tessellate lh Mon Mar  9 23:46:30 CET 2026
/out/sourcedata/freesurfer/sub-v1s2x0051472_ses-1/scripts

 mri_pretess ../mri/filled.mgz 255 ../mri/norm.mgz ../mri/filled-pretess255.mgz 


Iteration Number : 1
pass   1 (xy+):   2 found -   2 modified     |    TOTAL:   2
pass   2 (xy+):   0 found -   2 modified     |    TOTAL:   2
pass   1 (xy-):   1 found -   1 modified     |    TOTAL:   3
pass   2 (xy-):   0 found -   1 modified     |    TOTAL:   3
pass   1 (yz+):   4 found -   4 modified     |    TOTAL:   7
pass   2 (yz+):   0 found -   4 modified     |    TOTAL:   7
pass   1 (yz-):   3 found -   3 modified     |    TOTAL:  10
pass   2 (yz-):   0 found -   3 modified     |    TOTAL:  10
pass   1 (xz+):   0 found -   0 modified     |    TOTAL:  10
pass   1 (xz-):   1 found -   1 modified     |    TOTAL:  11
pass   2 (xz-):   0 found -   1 modified     |    TOTAL:  11
Iteration Number : 1
pass   1 (+++):   0 found -   0 modified     |    TOTAL:   0
pass   1 (+++):   2 found -   2 modified     |    TOTAL:   2
pass   2 (+++):   0 found -   2 modified     |    TOTAL:   2
pass   1 (+++):   0 found -   0 modified     |    TOTAL:   2
pass   1 (+++):   0 found -   0 modified     |    TOTAL:   2
Iteration Number : 1
pass   1 (++):   0 found -   0 modified     |    TOTAL:   0
pass   1 (+-):   0 found -   0 modified     |    TOTAL:   0
pass   1 (--):   0 found -   0 modified     |    TOTAL:   0
pass   1 (-+):   0 found -   0 modified     |    TOTAL:   0
Iteration Number : 2
pass   1 (xy+):   0 found -   0 modified     |    TOTAL:   0
pass   1 (xy-):   0 found -   0 modified     |    TOTAL:   0
pass   1 (yz+):   0 found -   0 modified     |    TOTAL:   0
pass   1 (yz-):   0 found -   0 modified     |    TOTAL:   0
pass   1 (xz+):   0 found -   0 modified     |    TOTAL:   0
pass   1 (xz-):   0 found -   0 modified     |    TOTAL:   0
Iteration Number : 2
pass   1 (+++):   0 found -   0 modified     |    TOTAL:   0
pass   1 (+++):   0 found -   0 modified     |    TOTAL:   0
pass   1 (+++):   0 found -   0 modified     |    TOTAL:   0
pass   1 (+++):   0 found -   0 modified     |    TOTAL:   0
Iteration Number : 2
pass   1 (++):   0 found -   0 modified     |    TOTAL:   0
pass   1 (+-):   0 found -   0 modified     |    TOTAL:   0
pass   1 (--):   0 found -   0 modified     |    TOTAL:   0
pass   1 (-+):   0 found -   0 modified     |    TOTAL:   0

Total Number of Modified Voxels = 13 (out of 363151: 0.003580)
Ambiguous edge configurations... 

mri_pretess done


 mri_tessellate ../mri/filled-pretess255.mgz 255 ../surf/lh.orig.nofix 

7.3.2
  7.3.2
slice 30: 1633 vertices, 1755 faces
slice 40: 8235 vertices, 8528 faces
slice 50: 18926 vertices, 19337 faces
slice 60: 32027 vertices, 32492 faces
slice 70: 45010 vertices, 45432 faces
slice 80: 57606 vertices, 58010 faces
slice 90: 69991 vertices, 70420 faces
slice 100: 83532 vertices, 83969 faces
slice 110: 96069 vertices, 96535 faces
slice 120: 108030 vertices, 108474 faces
slice 130: 118936 vertices, 119392 faces
slice 140: 129843 vertices, 130217 faces
slice 150: 138979 vertices, 139325 faces
slice 160: 147344 vertices, 147662 faces
slice 170: 154506 vertices, 154781 faces
slice 180: 161296 vertices, 161540 faces
slice 190: 166451 vertices, 166661 faces
slice 200: 169507 vertices, 169569 faces
slice 210: 169588 vertices, 169622 faces
slice 220: 169588 vertices, 169622 faces
slice 230: 169588 vertices, 169622 faces
slice 240: 169588 vertices, 169622 faces
slice 250: 169588 vertices, 169622 faces
using the conformed surface RAS to save vertex points...
writing ../surf/lh.orig.nofix
using vox2ras matrix:
-1.00000   0.00000   0.00000   128.00000;
 0.00000   0.00000   1.00000  -128.00000;
 0.00000  -1.00000   0.00000   128.00000;
 0.00000   0.00000   0.00000   1.00000;

 rm -f ../mri/filled-pretess255.mgz 


 mris_extract_main_component ../surf/lh.orig.nofix ../surf/lh.orig.nofix 


counting number of connected components...
   169588 voxel in cpt #1: X=-34 [v=169588,e=508866,f=339244] located at (-31.431074, -24.724339, 40.672352)
For the whole surface: X=-34 [v=169588,e=508866,f=339244]
One single component has been found
nothing to do
done

#--------------------------------------------
#@# Smooth1 lh Mon Mar  9 23:46:34 CET 2026
/out/sourcedata/freesurfer/sub-v1s2x0051472_ses-1/scripts

 mris_smooth -nw -seed 1234 ../surf/lh.orig.nofix ../surf/lh.smoothwm.nofix 

setting seed for random number generator to 1234
smoothing surface tessellation for 10 iterations...
smoothing complete - recomputing first and second fundamental forms...
#--------------------------------------------
#@# Inflation1 lh Mon Mar  9 23:46:38 CET 2026
/out/sourcedata/freesurfer/sub-v1s2x0051472_ses-1/scripts

 mris_inflate -no-save-sulc ../surf/lh.smoothwm.nofix ../surf/lh.inflated.nofix 

Not saving sulc
Reading ../surf/lh.smoothwm.nofix
avg radius = 51.6 mm, total surface area = 92668 mm^2
step 000: RMS=0.143 (target=0.015)   step 005: RMS=0.108 (target=0.015)   step 010: RMS=0.080 (target=0.015)   step 015: RMS=0.066 (target=0.015)   step 020: RMS=0.057 (target=0.015)   step 025: RMS=0.049 (target=0.015)   step 030: RMS=0.044 (target=0.015)   step 035: RMS=0.039 (target=0.015)   step 040: RMS=0.036 (target=0.015)   step 045: RMS=0.033 (target=0.015)   step 050: RMS=0.031 (target=0.015)   step 055: RMS=0.030 (target=0.015)   step 060: RMS=0.029 (target=0.015)   writing inflated surface to ../surf/lh.inflated.nofix
inflation took 0.3 minutes

inflation complete.
Not saving sulc
mris_inflate utimesec    101.985014
mris_inflate stimesec    1.986386
mris_inflate ru_maxrss   267160
mris_inflate ru_ixrss    0
mris_inflate ru_idrss    0
mris_inflate ru_isrss    0
mris_inflate ru_minflt   598599
mris_inflate ru_majflt   32
mris_inflate ru_nswap    0
mris_inflate ru_inblock  1672
mris_inflate ru_oublock  11936
mris_inflate ru_msgsnd   0
mris_inflate ru_msgrcv   0
mris_inflate ru_nsignals 0
mris_inflate ru_nvcsw    11716
mris_inflate ru_nivcsw   576
#--------------------------------------------
#@# QSphere lh Mon Mar  9 23:46:57 CET 2026
/out/sourcedata/freesurfer/sub-v1s2x0051472_ses-1/scripts

 mris_sphere -q -p 6 -a 128 -seed 1234 ../surf/lh.inflated.nofix ../surf/lh.qsphere.nofix 

doing quick spherical unfolding.
limitting unfolding to 6 passes
using n_averages = 128
setting seed for random number genererator to 1234
version: 7.3.2
available threads: 16
scaling brain by 0.278...
inflating...
projecting onto sphere...
surface projected - minimizing metric distortion...
vertex spacing 0.89 +- 0.52 (0.00-->6.48) (max @ vno 125503 --> 126518)
face area 0.02 +- 0.03 (-0.20-->0.62)
Entering MRISinflateToSphere()
inflating to sphere (rms error < 2.00)
000: dt: 0.0000, rms radial error=176.523, avgs=0
005/300: dt: 0.9000, rms radial error=176.264, avgs=0
010/300: dt: 0.9000, rms radial error=175.707, avgs=0
015/300: dt: 0.9000, rms radial error=174.976, avgs=0
020/300: dt: 0.9000, rms radial error=174.145, avgs=0
025/300: dt: 0.9000, rms radial error=173.256, avgs=0
030/300: dt: 0.9000, rms radial error=172.336, avgs=0
035/300: dt: 0.9000, rms radial error=171.399, avgs=0
040/300: dt: 0.9000, rms radial error=170.455, avgs=0
045/300: dt: 0.9000, rms radial error=169.509, avgs=0
050/300: dt: 0.9000, rms radial error=168.563, avgs=0
055/300: dt: 0.9000, rms radial error=167.621, avgs=0
060/300: dt: 0.9000, rms radial error=166.682, avgs=0
065/300: dt: 0.9000, rms radial error=165.748, avgs=0
070/300: dt: 0.9000, rms radial error=164.818, avgs=0
075/300: dt: 0.9000, rms radial error=163.893, avgs=0
080/300: dt: 0.9000, rms radial error=162.973, avgs=0
085/300: dt: 0.9000, rms radial error=162.057, avgs=0
090/300: dt: 0.9000, rms radial error=161.147, avgs=0
095/300: dt: 0.9000, rms radial error=160.241, avgs=0
100/300: dt: 0.9000, rms radial error=159.341, avgs=0
105/300: dt: 0.9000, rms radial error=158.446, avgs=0
110/300: dt: 0.9000, rms radial error=157.555, avgs=0
115/300: dt: 0.9000, rms radial error=156.669, avgs=0
120/300: dt: 0.9000, rms radial error=155.789, avgs=0
125/300: dt: 0.9000, rms radial error=154.913, avgs=0
130/300: dt: 0.9000, rms radial error=154.042, avgs=0
135/300: dt: 0.9000, rms radial error=153.175, avgs=0
140/300: dt: 0.9000, rms radial error=152.314, avgs=0
145/300: dt: 0.9000, rms radial error=151.457, avgs=0
150/300: dt: 0.9000, rms radial error=150.605, avgs=0
155/300: dt: 0.9000, rms radial error=149.758, avgs=0
160/300: dt: 0.9000, rms radial error=148.915, avgs=0
165/300: dt: 0.9000, rms radial error=148.077, avgs=0
170/300: dt: 0.9000, rms radial error=147.244, avgs=0
175/300: dt: 0.9000, rms radial error=146.415, avgs=0
180/300: dt: 0.9000, rms radial error=145.590, avgs=0
185/300: dt: 0.9000, rms radial error=144.771, avgs=0
190/300: dt: 0.9000, rms radial error=143.956, avgs=0
195/300: dt: 0.9000, rms radial error=143.145, avgs=0
200/300: dt: 0.9000, rms radial error=142.339, avgs=0
205/300: dt: 0.9000, rms radial error=141.537, avgs=0
210/300: dt: 0.9000, rms radial error=140.740, avgs=0
215/300: dt: 0.9000, rms radial error=139.947, avgs=0
220/300: dt: 0.9000, rms radial error=139.159, avgs=0
225/300: dt: 0.9000, rms radial error=138.374, avgs=0
230/300: dt: 0.9000, rms radial error=137.595, avgs=0
235/300: dt: 0.9000, rms radial error=136.819, avgs=0
240/300: dt: 0.9000, rms radial error=136.048, avgs=0
245/300: dt: 0.9000, rms radial error=135.281, avgs=0
250/300: dt: 0.9000, rms radial error=134.518, avgs=0
255/300: dt: 0.9000, rms radial error=133.760, avgs=0
260/300: dt: 0.9000, rms radial error=133.006, avgs=0
265/300: dt: 0.9000, rms radial error=132.256, avgs=0
270/300: dt: 0.9000, rms radial error=131.510, avgs=0
275/300: dt: 0.9000, rms radial error=130.768, avgs=0
280/300: dt: 0.9000, rms radial error=130.031, avgs=0
285/300: dt: 0.9000, rms radial error=129.297, avgs=0
290/300: dt: 0.9000, rms radial error=128.568, avgs=0
295/300: dt: 0.9000, rms radial error=127.843, avgs=0
300/300: dt: 0.9000, rms radial error=127.122, avgs=0

spherical inflation complete.
epoch 1 (K=10.0), pass 1, starting sse = 20401.00
taking momentum steps...
taking momentum steps...
taking momentum steps...
taking momentum steps...
pass 1 complete, delta sse/iter = 0.00/13 = 0.00027
epoch 2 (K=40.0), pass 1, starting sse = 3548.13
taking momentum steps...
taking momentum steps...
taking momentum steps...
taking momentum steps...
pass 1 complete, delta sse/iter = 0.00/13 = 0.00007
epoch 3 (K=160.0), pass 1, starting sse = 381.69
taking momentum steps...
taking momentum steps...
taking momentum steps...
taking momentum steps...
pass 1 complete, delta sse/iter = 0.11/16 = 0.00678
epoch 4 (K=640.0), pass 1, starting sse = 19.48
taking momentum steps...
taking momentum steps...
taking momentum steps...
taking momentum steps...
pass 1 complete, delta sse/iter = 0.17/25 = 0.00672
final distance error %100000.00
writing spherical brain to ../surf/lh.qsphere.nofix
spherical transformation took 0.0228 hours
FSRUNTIME@ mris_sphere  0.0228 hours 16 threads
#VMPC# mris_sphere VmPeak  1602264
mris_sphere done
#@# Fix Topology lh Mon Mar  9 23:48:19 CET 2026

 mris_fix_topology -mgz -sphere qsphere.nofix -inflated inflated.nofix -orig orig.nofix -out orig.premesh -ga -seed 1234 sub-v1s2x0051472_ses-1 lh 

reading spherical homeomorphism from 'qsphere.nofix'
reading inflated coordinates from 'inflated.nofix'
reading original coordinates from 'orig.nofix'
using genetic algorithm with optimized parameters
setting seed for random number genererator to 1234

*************************************************************
Topology Correction Parameters
retessellation mode:           genetic search
number of patches/generation : 10
number of generations :        10
surface mri loglikelihood coefficient :         1.0
volume mri loglikelihood coefficient :          10.0
normal dot loglikelihood coefficient :          1.0
quadratic curvature loglikelihood coefficient : 1.0
volume resolution :                             2
eliminate vertices during search :              1
initial patch selection :                       1
select all defect vertices :                    0
ordering dependant retessellation:              0
use precomputed edge table :                    0
smooth retessellated patch :                    2
match retessellated patch :                     1
verbose mode :                                  0

*************************************************************
INFO: assuming .mgz format
writing corrected surface to 'orig.premesh'
7.3.2
  7.3.2
before topology correction, eno=-34 (nv=169588, nf=339244, ne=508866, g=18)
using quasi-homeomorphic spherical map to tessellate cortical surface...

Correction of the Topology
Finding true center and radius of Spherical Surface...done
Surface centered at (0,0,0) with radius 100.0 in 8 iterations
marking ambiguous vertices...
3087 ambiguous faces found in tessellation
segmenting defects...
22 defects found, arbitrating ambiguous regions...
analyzing neighboring defects...
      -merging segment 6 into 5
21 defects to be corrected 
0 vertices coincident
reading input surface /out/sourcedata/freesurfer/sub-v1s2x0051472_ses-1/surf/lh.qsphere.nofix...
reading brain volume from brain...
reading wm segmentation from wm...
Reading original properties of orig.nofix
Reading vertex positions of inflated.nofix
Computing Initial Surface Statistics
      -face       loglikelihood: -9.0314  (-4.5157)
      -vertex     loglikelihood: -5.4371  (-2.7186)
      -normal dot loglikelihood: -3.6219  (-3.6219)
      -quad curv  loglikelihood: -6.0780  (-3.0390)
      Total Loglikelihood : -24.1685
CORRECTING DEFECT 0 (vertices=17, convex hull=23, v0=563)
After retessellation of defect 0 (v0=563), euler #=-19 (167748,502603,334836) : difference with theory (-18) = 1 
CORRECTING DEFECT 1 (vertices=132, convex hull=143, v0=890)
After retessellation of defect 1 (v0=890), euler #=-18 (167786,502783,334979) : difference with theory (-17) = 1 
CORRECTING DEFECT 2 (vertices=25, convex hull=50, v0=23719)
After retessellation of defect 2 (v0=23719), euler #=-17 (167797,502838,335024) : difference with theory (-16) = 1 
CORRECTING DEFECT 3 (vertices=389, convex hull=218, v0=64769)
normal vector of length zero at vertex 168248 with 3 faces
normal vector of length zero at vertex 168248 with 3 faces
normal vector of length zero at vertex 168248 with 3 faces
normal vector of length zero at vertex 168248 with 3 faces
After retessellation of defect 3 (v0=64769), euler #=-16 (167823,503017,335178) : difference with theory (-15) = 1 
CORRECTING DEFECT 4 (vertices=31, convex hull=27, v0=72227)
After retessellation of defect 4 (v0=72227), euler #=-15 (167832,503051,335204) : difference with theory (-14) = 1 
CORRECTING DEFECT 5 (vertices=77, convex hull=109, v0=73723)
After retessellation of defect 5 (v0=73723), euler #=-13 (167842,503132,335277) : difference with theory (-13) = 0 
CORRECTING DEFECT 6 (vertices=23, convex hull=34, v0=75317)
After retessellation of defect 6 (v0=75317), euler #=-12 (167847,503158,335299) : difference with theory (-12) = 0 
CORRECTING DEFECT 7 (vertices=13, convex hull=27, v0=84396)
After retessellation of defect 7 (v0=84396), euler #=-11 (167852,503182,335319) : difference with theory (-11) = 0 
CORRECTING DEFECT 8 (vertices=6, convex hull=33, v0=91926)
After retessellation of defect 8 (v0=91926), euler #=-10 (167854,503198,335334) : difference with theory (-10) = 0 
CORRECTING DEFECT 9 (vertices=306, convex hull=157, v0=92022)
After retessellation of defect 9 (v0=92022), euler #=-9 (167863,503287,335415) : difference with theory (-9) = 0 
CORRECTING DEFECT 10 (vertices=78, convex hull=102, v0=94504)
After retessellation of defect 10 (v0=94504), euler #=-8 (167875,503366,335483) : difference with theory (-8) = 0 
CORRECTING DEFECT 11 (vertices=36, convex hull=62, v0=99235)
After retessellation of defect 11 (v0=99235), euler #=-7 (167892,503441,335542) : difference with theory (-7) = 0 
CORRECTING DEFECT 12 (vertices=22, convex hull=20, v0=105675)
After retessellation of defect 12 (v0=105675), euler #=-6 (167895,503454,335553) : difference with theory (-6) = 0 
CORRECTING DEFECT 13 (vertices=26, convex hull=28, v0=109649)
After retessellation of defect 13 (v0=109649), euler #=-5 (167898,503473,335570) : difference with theory (-5) = 0 
CORRECTING DEFECT 14 (vertices=7, convex hull=21, v0=112953)
After retessellation of defect 14 (v0=112953), euler #=-4 (167899,503480,335577) : difference with theory (-4) = 0 
CORRECTING DEFECT 15 (vertices=7, convex hull=15, v0=117416)
After retessellation of defect 15 (v0=117416), euler #=-3 (167901,503490,335586) : difference with theory (-3) = 0 
CORRECTING DEFECT 16 (vertices=537, convex hull=265, v0=118482)
After retessellation of defect 16 (v0=118482), euler #=-2 (167911,503651,335738) : difference with theory (-2) = 0 
CORRECTING DEFECT 17 (vertices=19, convex hull=21, v0=118598)
After retessellation of defect 17 (v0=118598), euler #=-1 (167915,503669,335753) : difference with theory (-1) = 0 
CORRECTING DEFECT 18 (vertices=26, convex hull=49, v0=120702)
After retessellation of defect 18 (v0=120702), euler #=0 (167926,503721,335795) : difference with theory (0) = 0 
CORRECTING DEFECT 19 (vertices=21, convex hull=57, v0=131290)
After retessellation of defect 19 (v0=131290), euler #=1 (167935,503772,335838) : difference with theory (1) = 0 
CORRECTING DEFECT 20 (vertices=42, convex hull=66, v0=136129)
After retessellation of defect 20 (v0=136129), euler #=2 (167948,503838,335892) : difference with theory (2) = 0 
computing original vertex metric properties...
storing new metric properties...
computing tessellation statistics...
vertex spacing 0.89 +- 0.23 (0.05-->13.55) (max @ vno 65868 --> 70583)
face area -nan +- -nan (1000.00-->-1.00)
performing soap bubble on retessellated vertices for 0 iterations...
vertex spacing 0.89 +- 0.23 (0.05-->13.55) (max @ vno 65868 --> 70583)
face area -nan +- -nan (1000.00-->-1.00)
tessellation finished, orienting corrected surface...
99 mutations (34.0%), 192 crossovers (66.0%), 398 vertices were eliminated
building final representation...
1640 vertices and 0 faces have been removed from triangulation
after topology correction, eno=2 (nv=167948, nf=335892, ne=503838, g=0)
writing corrected surface to /out/sourcedata/freesurfer/sub-v1s2x0051472_ses-1/surf/lh.orig.premesh...

0.000 % of the vertices (0 vertices) exhibit an orientation change
removing intersecting faces
000: 157 intersecting
001: 7 intersecting
terminating search with 0 intersecting
topology fixing took 2.3 minutes
FSRUNTIME@ mris_fix_topology lh  0.0386 hours 16 threads
#VMPC# mris_fix_topology VmPeak  1885488

 mris_euler_number ../surf/lh.orig.premesh 

euler # = v-e+f = 2g-2: 167948 - 503838 + 335892 = 2 --> 0 holes
      F =2V-4:          335892 = 335896-4 (0)
      2E=3F:            1007676 = 1007676 (0)

total defect index = 0
Mon Mar  9 23:50:39 CET 2026

setenv SUBJECTS_DIR /out/sourcedata/freesurfer
cd /out/sourcedata/freesurfer/sub-v1s2x0051472_ses-1/scripts
/opt/freesurfer/bin/defect2seg --s sub-v1s2x0051472_ses-1 --lh-only --cortex

freesurfer-linux-ubuntu22_x86_64-7.3.2-20220804-6354275
defect2seg 7.3.2
Linux dna049 5.14.0-427.37.1.el9_4.x86_64 #1 SMP PREEMPT_DYNAMIC Fri Sep 13 12:41:50 EDT 2024 x86_64 x86_64 x86_64 GNU/Linux
pid 2884792
mri_label2label --label-cortex /out/sourcedata/freesurfer/sub-v1s2x0051472_ses-1/surf/lh.orig.nofix /out/sourcedata/freesurfer/sub-v1s2x0051472_ses-1/mri/aseg.presurf.mgz 0 /out/sourcedata/freesurfer/sub-v1s2x0051472_ses-1/label/lh.nofix.cortex.label

 Generating cortex label... RemoveHipAmgy=0
 NucAccIsMedialWall=0
 mris->useRealRAS=0
21 non-cortical segments detected
only using segment with 8700 vertices
erasing segment 1 (vno[0] = 101189)
erasing segment 2 (vno[0] = 104811)
erasing segment 3 (vno[0] = 117352)
erasing segment 4 (vno[0] = 117385)
erasing segment 5 (vno[0] = 117443)
erasing segment 6 (vno[0] = 118531)
erasing segment 7 (vno[0] = 118556)
erasing segment 8 (vno[0] = 119671)
erasing segment 9 (vno[0] = 119778)
erasing segment 10 (vno[0] = 120963)
erasing segment 11 (vno[0] = 120999)
erasing segment 12 (vno[0] = 121995)
erasing segment 13 (vno[0] = 122149)
erasing segment 14 (vno[0] = 123267)
erasing segment 15 (vno[0] = 125418)
erasing segment 16 (vno[0] = 127368)
erasing segment 17 (vno[0] = 138452)
erasing segment 18 (vno[0] = 140063)
erasing segment 19 (vno[0] = 141626)
erasing segment 20 (vno[0] = 157861)
mri_label2vol --defects /out/sourcedata/freesurfer/sub-v1s2x0051472_ses-1/surf/lh.orig.nofix /out/sourcedata/freesurfer/sub-v1s2x0051472_ses-1/surf/lh.defect_labels /out/sourcedata/freesurfer/sub-v1s2x0051472_ses-1/mri/orig.mgz 1000 0 /out/sourcedata/freesurfer/sub-v1s2x0051472_ses-1/mri/lh.surface.defects.mgz /out/sourcedata/freesurfer/sub-v1s2x0051472_ses-1/label/lh.nofix.cortex.label
mri_label2vol supposed to be reproducible but seed not set
Contraining to label /out/sourcedata/freesurfer/sub-v1s2x0051472_ses-1/label/lh.nofix.cortex.label
Changing input type 0 to MRI_INT
Converting defects to volume: offset=1000, merge=0
Writing to /out/sourcedata/freesurfer/sub-v1s2x0051472_ses-1/mri/lh.surface.defects.mgz
mris_defects_pointset -s /out/sourcedata/freesurfer/sub-v1s2x0051472_ses-1/surf/lh.orig.nofix -d /out/sourcedata/freesurfer/sub-v1s2x0051472_ses-1/surf/lh.defect_labels -o /out/sourcedata/freesurfer/sub-v1s2x0051472_ses-1/surf/lh.defects.pointset --label /out/sourcedata/freesurfer/sub-v1s2x0051472_ses-1/label/lh.nofix.cortex.label
Reading in surface /out/sourcedata/freesurfer/sub-v1s2x0051472_ses-1/surf/lh.orig.nofix
Reading in defect segmentation /out/sourcedata/freesurfer/sub-v1s2x0051472_ses-1/surf/lh.defect_labels
Reading in label /out/sourcedata/freesurfer/sub-v1s2x0051472_ses-1/label/lh.nofix.cortex.label
#VMPC# mris_defects_pointset 1327468
mris_defects_pointset done
 
Started at Mon Mar 9 23:50:39 CET 2026 
Ended   at Mon Mar  9 23:50:59 CET 2026
Defect2seg-Run-Time-Sec 20
Defect2seg-Run-Time-Min 0.40
Defect2seg-Run-Time-Hours 0.01
 
tkmeditfv sub-v1s2x0051472_ses-1 brain.finalsurfs.mgz -defect
defect2seg Done

 mris_remesh --remesh --iters 3 --input /out/sourcedata/freesurfer/sub-v1s2x0051472_ses-1/surf/lh.orig.premesh --output /out/sourcedata/freesurfer/sub-v1s2x0051472_ses-1/surf/lh.orig 

iters = 3
standard remeshing without target
   adjusted l: 0.711993
remeshing to edge length 0.711993 with 3 iterations

avg qual before   : 0.890544  after: 0.971168

Removing intersections
Remeshed surface quality stats nv0 = 167948  nv = 175354  1.0441
Area    350704  0.30379  0.03369 0.073036   0.4841
Corner 1052112 60.00000  8.79771 16.054705 146.6817
Edge    526056  0.84560  0.08254 0.485281   1.2825
Hinge   526056  9.20107  9.60611 0.000014 129.5267
mris_remesh done
/out/sourcedata/freesurfer/sub-v1s2x0051472_ses-1/scripts

 mris_remove_intersection ../surf/lh.orig ../surf/lh.orig 

intersection removal took 0.00 hours
writing corrected surface to ../surf/lh.orig

 rm -f ../surf/lh.inflated 

#--------------------------------------------
#@# AutoDetGWStats lh Mon Mar  9 23:51:51 CET 2026
cd /out/sourcedata/freesurfer/sub-v1s2x0051472_ses-1/mri
mris_autodet_gwstats --o ../surf/autodet.gw.stats.lh.dat --i brain.finalsurfs.mgz --wm wm.mgz --surf ../surf/lh.orig.premesh
7.3.2

cd /out/sourcedata/freesurfer/sub-v1s2x0051472_ses-1/mri
setenv SUBJECTS_DIR /out/sourcedata/freesurfer
mris_autodet_gwstats --o ../surf/autodet.gw.stats.lh.dat --i brain.finalsurfs.mgz --wm wm.mgz --surf ../surf/lh.orig.premesh 

border white:    323939 voxels (1.93%)
border gray      345113 voxels (2.06%)
Reading in intensity volume brain.finalsurfs.mgz
Reading in wm volume wm.mgz
Reading in surf ../surf/lh.orig.premesh
Auto detecting stats
MRIclipBrightWM(): nthresh=26716, wmmin=5, clip=110 
Binarizing thresholding at 5
computing class statistics... low=30, hi=110.000000
CCS WM (104.0): 104.0 +- 5.2 [70.0 --> 110.0]
CCS GM (89.0) : 87.1 +- 10.1 [30.0 --> 110.0]
white_mean = 103.953 +/- 5.19513, gray_mean = 87.1379 +/- 10.0908
using class modes intead of means, discounting robust sigmas....
MRIScomputeClassModes(): min=0 max=211 nbins=212
intensity peaks found at WM=107+-3.5,    GM=86+-7.0
white_mode = 107, gray_mode = 86
std_scale = 1
Applying sanity checks, max_scale_down = 0.2
setting MIN_GRAY_AT_WHITE_BORDER to 75.9 (was 70.000000)
setting MAX_BORDER_WHITE to 112.2 (was 105.000000)
setting MIN_BORDER_WHITE to 86.0 (was 85.000000)
setting MAX_CSF to 65.8 (was 40.000000)
setting MAX_GRAY to 101.8 (was 95.000000)
setting MAX_GRAY_AT_CSF_BORDER to 75.9 (was 75.000000)
setting MIN_GRAY_AT_CSF_BORDER to 55.7 (was 40.000000)
When placing the white surface
  white_border_hi   = 112.195;
  white_border_low  = 86;
  white_outside_low = 75.9092;
  white_inside_hi   = 120;
  white_outside_hi  = 112.195;
When placing the pial surface
  pial_border_hi   = 75.9092;
  pial_border_low  = 55.7276;
  pial_outside_low = 10;
  pial_inside_hi   = 101.805;
  pial_outside_hi  = 70.8638;
#VMPC# mris_autodet_gwstats VmPeak  1418052
mris_autodet_gwstats done
#--------------------------------------------
#@# WhitePreAparc lh Mon Mar  9 23:51:54 CET 2026
cd /out/sourcedata/freesurfer/sub-v1s2x0051472_ses-1/mri
mris_place_surface --adgws-in ../surf/autodet.gw.stats.lh.dat --wm wm.mgz --threads 16 --invol brain.finalsurfs.mgz --lh --i ../surf/lh.orig --o ../surf/lh.white.preaparc --white --seg aseg.presurf.mgz --nsmooth 5
7.3.2
7.3.2

cd /out/sourcedata/freesurfer/sub-v1s2x0051472_ses-1/mri
setenv SUBJECTS_DIR /out/sourcedata/freesurfer
mris_place_surface --adgws-in ../surf/autodet.gw.stats.lh.dat --wm wm.mgz --threads 16 --invol brain.finalsurfs.mgz --lh --i ../surf/lh.orig --o ../surf/lh.white.preaparc --white --seg aseg.presurf.mgz --nsmooth 5 

Reading in input surface ../surf/lh.orig
Smoothing surface before ripping with 5 iterations
Area    350704  0.27105  0.06200 0.001892   0.6191
Corner 1052112 60.00000  9.24984 9.511493 154.5263
Edge    526056  0.79492  0.11189 0.055844   1.3416
Hinge   526056  6.15702  6.11953 0.000004 139.6874
Not reading in aparc
Reading in input volume brain.finalsurfs.mgz
Reading in wm volume wm.mgz
MRIclipBrightWM(): nthresh=26716, wmmin=5, clip=110 
MRIfindBrightNonWM(): 520 bright non-wm voxels segmented.
Masking bright non-wm for white surface
MRImask(): AllowDiffGeom = 1
MRImask(): AllowDiffGeom = 1
Reading in seg volume aseg.presurf.mgz
Ripping frozen voxels
INFO: rip surface needed but not specified, so using input surface
Freezing midline and others
Entering: MRISripMidline(): inhibiting deformation at non-cortical midline structures...
  which=1, fix_mtl=0, using annot = 0
#FML0# MRISripMidline(): nripped=0
removing 4 vertices from ripped group in thread:0
removing 4 vertices from ripped group in thread:0
removing 2 vertices from ripped group in thread:0
#FML# MRISripMidline(): nmarked=6939, nmarked2=49, nripped=6939
Ripping segs (eg, WMSA, BG, frozen)
Starting MRISripSegs() d = (-2 2 0.5) segnos: 247 
MRISripSegs(): -2 2 0.5 ripped 0
vertex 87677: xyz = (-10.7199,-14.3325,10.35) oxyz = (-10.7199,-14.3325,10.35) wxzy = (-10.7199,-14.3325,10.35) pxyz = (0,0,0) 
CBVO Creating mask 175354
n_averages 4
Iteration 0 =========================================
n_averages=4, current_sigma=2
Freezing midline and others
Ripping frozen voxels
INFO: rip surface needed but not specified, so using input surface
Freezing midline and others
Entering: MRISripMidline(): inhibiting deformation at non-cortical midline structures...
  which=1, fix_mtl=0, using annot = 0
#FML0# MRISripMidline(): nripped=6939
removing 4 vertices from ripped group in thread:0
removing 4 vertices from ripped group in thread:0
removing 2 vertices from ripped group in thread:0
#FML# MRISripMidline(): nmarked=6939, nmarked2=49, nripped=6939
Ripping segs (eg, WMSA, BG, frozen)
Starting MRISripSegs() d = (-2 2 0.5) segnos: 247 247 
MRISripSegs(): -2 2 0.5 ripped 0
Computing target border values 
Entering MRIScomputeBorderValues_new(): 
  inside_hi   = 120.0000000;
  border_hi   = 112.1951290;
  border_low  =  86.0000000;
  outside_low =  75.9092100;
  outside_hi  = 112.1951290;
  sigma = 2;
  max_thickness = 10;
  step_size=0.5;
  STEP_SIZE=0.1;
  which = 1
  thresh = 0
  flags = 0
  CBVfindFirstPeakD1=0
  CBVfindFirstPeakD2=0
  nvertices=175354
  Gdiag_no=-1
  vno start=0, stop=175354
Replacing 255s with 0s
#SI# sigma=2 had to be increased for 165 vertices, nripped=6939
mean border=93.8, 98 (98) missing vertices, mean dist 0.3 [0.7 (%36.9)->0.9 (%63.1))]
%65 local maxima, %31 large gradients and % 0 min vals, 0 gradients ignored
nFirstPeakD1 0
MRIScomputeBorderValues_new() finished in 0.0201 min


Finding expansion regions
mean absolute distance = 0.79 +- 1.04
6105 vertices more than 2 sigmas from mean.
Averaging target values for 5 iterations...
Positioning Surface: tspring = 0.3, nspring = 0.3, spring = 0, niters = 100 l_repulse = 5, l_surf_repulse = 0, checktol = 0
Positioning pial surface
Entering MRISpositionSurface()
  max_mm = 0.3
  MAX_REDUCTIONS = 2, REDUCTION_PCT = 0.5
  parms->check_tol = 0, niterations = 100
tol=1.0e-04, sigma=2.0, host=dna04, nav=4, nbrs=2, l_repulse=5.000, l_tspring=0.300, l_nspring=0.300, l_intensity=0.200, l_curv=1.000
mom=0.00, dt=0.50
complete_dist_mat 0
rms 0
smooth_averages 0
remove_neg 0
ico_order 0
which_surface 0
target_radius 0.000000
nfields 0
scale 0.000000
desired_rms_height 0.000000
momentum 0.000000
nbhd_size 0
max_nbrs 0
niterations 100
nsurfaces 0
SURFACES 3
flags 0 (0)
use curv 0
no sulc 0
no rigid align 0
mris->nsize 2
mris->hemisphere 0
randomSeed 0

000: dt: 0.0000, sse=1618510.0, rms=6.502
001: dt: 0.5000, sse=897813.6, rms=4.580 (29.560%)
002: dt: 0.5000, sse=575934.6, rms=3.379 (26.214%)
003: dt: 0.5000, sse=425123.7, rms=2.630 (22.161%)
004: dt: 0.5000, sse=348427.4, rms=2.144 (18.479%)
005: dt: 0.5000, sse=304815.8, rms=1.806 (15.768%)
006: dt: 0.5000, sse=283181.3, rms=1.602 (11.281%)
007: dt: 0.5000, sse=273390.0, rms=1.473 (8.081%)
008: dt: 0.5000, sse=266312.9, rms=1.404 (4.701%)
rms = 1.3512/1.4037, sse=270864.5/266312.9, time step reduction 1 of 3 to 0.250  0 1 0
009: dt: 0.5000, sse=270864.5, rms=1.351 (3.741%)
010: dt: 0.2500, sse=236116.4, rms=1.023 (24.284%)
011: dt: 0.2500, sse=232921.4, rms=0.966 (5.578%)
rms = 0.9408/0.9660, sse=233507.7/232921.4, time step reduction 2 of 3 to 0.125  0 1 1
012: dt: 0.2500, sse=233507.7, rms=0.941 (2.608%)
rms = 0.9255/0.9408, sse=231749.5/233507.7, time step reduction 3 of 3 to 0.062  0 0 1
013: dt: 0.1250, sse=231749.5, rms=0.926 (1.620%)
  maximum number of reductions reached, breaking from loop
positioning took 1.6 minutes
Iteration 1 =========================================
n_averages=2, current_sigma=1
Freezing midline and others
Ripping frozen voxels
INFO: rip surface needed but not specified, so using input surface
Freezing midline and others
Entering: MRISripMidline(): inhibiting deformation at non-cortical midline structures...
  which=1, fix_mtl=0, using annot = 0
#FML0# MRISripMidline(): nripped=6939
removing 2 vertices from ripped group in thread:0
removing 3 vertices from ripped group in thread:0
removing 2 vertices from ripped group in thread:0
removing 4 vertices from ripped group in thread:0
removing 4 vertices from ripped group in thread:0
removing 2 vertices from ripped group in thread:0
#FML# MRISripMidline(): nmarked=7423, nmarked2=112, nripped=7423
Ripping segs (eg, WMSA, BG, frozen)
Starting MRISripSegs() d = (-2 2 0.5) segnos: 247 247 247 
MRISripSegs(): -2 2 0.5 ripped 0
Computing target border values 
Entering MRIScomputeBorderValues_new(): 
  inside_hi   = 120.0000000;
  border_hi   = 112.1951290;
  border_low  =  86.0000000;
  outside_low =  75.9092100;
  outside_hi  = 112.1951290;
  sigma = 1;
  max_thickness = 10;
  step_size=0.5;
  STEP_SIZE=0.1;
  which = 1
  thresh = 0
  flags = 0
  CBVfindFirstPeakD1=0
  CBVfindFirstPeakD2=0
  nvertices=175354
  Gdiag_no=-1
  vno start=0, stop=175354
Replacing 255s with 0s
#SI# sigma=1 had to be increased for 54 vertices, nripped=7423
mean border=95.7, 57 (7) missing vertices, mean dist -0.3 [0.5 (%70.7)->0.3 (%29.3))]
%76 local maxima, %19 large gradients and % 0 min vals, 0 gradients ignored
nFirstPeakD1 0
MRIScomputeBorderValues_new() finished in 0.0152 min


Finding expansion regions
mean absolute distance = 0.46 +- 0.73
6390 vertices more than 2 sigmas from mean.
Averaging target values for 5 iterations...
Positioning Surface: tspring = 0.3, nspring = 0.3, spring = 0, niters = 100 l_repulse = 5, l_surf_repulse = 0, checktol = 0
Positioning pial surface
Entering MRISpositionSurface()
  max_mm = 0.3
  MAX_REDUCTIONS = 2, REDUCTION_PCT = 0.5
  parms->check_tol = 0, niterations = 100
tol=1.0e-04, sigma=1.0, host=dna04, nav=2, nbrs=2, l_repulse=5.000, l_tspring=0.300, l_nspring=0.300, l_intensity=0.200, l_curv=1.000
mom=0.00, dt=0.50
000: dt: 0.0000, sse=605670.0, rms=3.232
014: dt: 0.5000, sse=404064.9, rms=2.116 (34.524%)
015: dt: 0.5000, sse=340060.6, rms=1.617 (23.591%)
016: dt: 0.5000, sse=314661.7, rms=1.327 (17.921%)
017: dt: 0.5000, sse=297831.0, rms=1.153 (13.130%)
018: dt: 0.5000, sse=292708.0, rms=1.064 (7.767%)
rms = 1.0177/1.0635, sse=289464.0/292708.0, time step reduction 1 of 3 to 0.250  0 0 1
019: dt: 0.5000, sse=289464.0, rms=1.018 (4.311%)
020: dt: 0.2500, sse=277452.9, rms=0.824 (19.009%)
rms = 0.7967/0.8242, sse=275301.0/277452.9, time step reduction 2 of 3 to 0.125  0 0 1
021: dt: 0.2500, sse=275301.0, rms=0.797 (3.333%)
rms = 0.7892/0.7967, sse=275411.4/275301.0, time step reduction 3 of 3 to 0.062  0 1 1
022: dt: 0.1250, sse=275411.4, rms=0.789 (0.943%)
  maximum number of reductions reached, breaking from loop
positioning took 1.1 minutes
Iteration 2 =========================================
n_averages=1, current_sigma=0.5
Freezing midline and others
Ripping frozen voxels
INFO: rip surface needed but not specified, so using input surface
Freezing midline and others
Entering: MRISripMidline(): inhibiting deformation at non-cortical midline structures...
  which=1, fix_mtl=0, using annot = 0
#FML0# MRISripMidline(): nripped=7423
removing 4 vertices from ripped group in thread:0
removing 4 vertices from ripped group in thread:0
removing 3 vertices from ripped group in thread:0
removing 3 vertices from ripped group in thread:0
removing 4 vertices from ripped group in thread:0
removing 2 vertices from ripped group in thread:0
#FML# MRISripMidline(): nmarked=7460, nmarked2=112, nripped=7460
Ripping segs (eg, WMSA, BG, frozen)
Starting MRISripSegs() d = (-2 2 0.5) segnos: 247 247 247 247 
MRISripSegs(): -2 2 0.5 ripped 0
Computing target border values 
Entering MRIScomputeBorderValues_new(): 
  inside_hi   = 120.0000000;
  border_hi   = 112.1951290;
  border_low  =  86.0000000;
  outside_low =  75.9092100;
  outside_hi  = 112.1951290;
  sigma = 0.5;
  max_thickness = 10;
  step_size=0.5;
  STEP_SIZE=0.1;
  which = 1
  thresh = 0
  flags = 0
  CBVfindFirstPeakD1=0
  CBVfindFirstPeakD2=0
  nvertices=175354
  Gdiag_no=-1
  vno start=0, stop=175354
Replacing 255s with 0s
#SI# sigma=0.5 had to be increased for 214 vertices, nripped=7460
mean border=97.2, 55 (3) missing vertices, mean dist -0.2 [0.4 (%72.0)->0.2 (%28.0))]
%87 local maxima, % 9 large gradients and % 0 min vals, 0 gradients ignored
nFirstPeakD1 0
MRIScomputeBorderValues_new() finished in 0.0081 min


Finding expansion regions
mean absolute distance = 0.34 +- 0.50
8148 vertices more than 2 sigmas from mean.
Averaging target values for 5 iterations...
Positioning Surface: tspring = 0.3, nspring = 0.3, spring = 0, niters = 100 l_repulse = 5, l_surf_repulse = 0, checktol = 0
Positioning pial surface
Entering MRISpositionSurface()
  max_mm = 0.3
  MAX_REDUCTIONS = 2, REDUCTION_PCT = 0.5
  parms->check_tol = 0, niterations = 100
tol=1.0e-04, sigma=0.5, host=dna04, nav=1, nbrs=2, l_repulse=5.000, l_tspring=0.300, l_nspring=0.300, l_intensity=0.200, l_curv=1.000
mom=0.00, dt=0.50
000: dt: 0.0000, sse=436159.8, rms=2.389
023: dt: 0.5000, sse=313535.4, rms=1.401 (41.357%)
024: dt: 0.5000, sse=287763.8, rms=1.041 (25.705%)
025: dt: 0.5000, sse=278352.8, rms=0.914 (12.154%)
rms = 0.8700/0.9145, sse=277269.2/278352.8, time step reduction 1 of 3 to 0.250  0 0 1
026: dt: 0.5000, sse=277269.2, rms=0.870 (4.860%)
027: dt: 0.2500, sse=271537.2, rms=0.743 (14.574%)
rms = 0.7245/0.7432, sse=269590.1/271537.2, time step reduction 2 of 3 to 0.125  0 0 1
028: dt: 0.2500, sse=269590.1, rms=0.725 (2.519%)
rms = 0.7194/0.7245, sse=268393.8/269590.1, time step reduction 3 of 3 to 0.062  0 0 1
029: dt: 0.1250, sse=268393.8, rms=0.719 (0.712%)
  maximum number of reductions reached, breaking from loop
positioning took 0.8 minutes
Iteration 3 =========================================
n_averages=0, current_sigma=0.25
Freezing midline and others
Ripping frozen voxels
INFO: rip surface needed but not specified, so using input surface
Freezing midline and others
Entering: MRISripMidline(): inhibiting deformation at non-cortical midline structures...
  which=1, fix_mtl=0, using annot = 0
#FML0# MRISripMidline(): nripped=7460
#FML# MRISripMidline(): nmarked=7499, nmarked2=116, nripped=7499
Ripping segs (eg, WMSA, BG, frozen)
Starting MRISripSegs() d = (-2 2 0.5) segnos: 247 247 247 247 247 
MRISripSegs(): -2 2 0.5 ripped 0
Computing target border values 
Entering MRIScomputeBorderValues_new(): 
  inside_hi   = 120.0000000;
  border_hi   = 112.1951290;
  border_low  =  86.0000000;
  outside_low =  75.9092100;
  outside_hi  = 112.1951290;
  sigma = 0.25;
  max_thickness = 10;
  step_size=0.5;
  STEP_SIZE=0.1;
  which = 1
  thresh = 0
  flags = 0
  CBVfindFirstPeakD1=0
  CBVfindFirstPeakD2=0
  nvertices=175354
  Gdiag_no=-1
  vno start=0, stop=175354
Replacing 255s with 0s
#SI# sigma=0.25 had to be increased for 333 vertices, nripped=7499
mean border=97.7, 62 (1) missing vertices, mean dist -0.1 [0.3 (%58.7)->0.2 (%41.3))]
%90 local maxima, % 6 large gradients and % 0 min vals, 0 gradients ignored
nFirstPeakD1 0
MRIScomputeBorderValues_new() finished in 0.0052 min


Finding expansion regions
mean absolute distance = 0.24 +- 0.37
5658 vertices more than 2 sigmas from mean.
Averaging target values for 5 iterations...
Positioning Surface: tspring = 0.3, nspring = 0.3, spring = 0, niters = 100 l_repulse = 5, l_surf_repulse = 0, checktol = 0
Positioning pial surface
Entering MRISpositionSurface()
  max_mm = 0.3
  MAX_REDUCTIONS = 2, REDUCTION_PCT = 0.5
  parms->check_tol = 0, niterations = 100
tol=1.0e-04, sigma=0.2, host=dna04, nav=0, nbrs=2, l_repulse=5.000, l_tspring=0.300, l_nspring=0.300, l_intensity=0.200, l_curv=1.000
mom=0.00, dt=0.50
000: dt: 0.0000, sse=285470.3, rms=1.094
030: dt: 0.5000, sse=270653.2, rms=0.662 (39.532%)
rms = 0.7137/0.6616, sse=278305.5/270653.1, time step reduction 1 of 3 to 0.250  0 1 1
   RMS increased, rejecting step
rms = 0.6178/0.6616, sse=265529.5/270653.1, time step reduction 2 of 3 to 0.125  0 0 1
031: dt: 0.2500, sse=265529.5, rms=0.618 (6.619%)
rms = 0.6030/0.6178, sse=262596.8/265529.5, time step reduction 3 of 3 to 0.062  0 0 1
032: dt: 0.1250, sse=262596.8, rms=0.603 (2.400%)
  maximum number of reductions reached, breaking from loop
positioning took 0.4 minutes


Writing output to ../surf/lh.white.preaparc
#ET# mris_place_surface  4.03 minutes
#VMPC# mris_place_surfaces VmPeak  3470208
mris_place_surface done
#--------------------------------------------
#@# CortexLabel lh Mon Mar  9 23:56:03 CET 2026
cd /out/sourcedata/freesurfer/sub-v1s2x0051472_ses-1/mri
mri_label2label --label-cortex ../surf/lh.white.preaparc aseg.presurf.mgz 0 ../label/lh.cortex.label

 Generating cortex label... RemoveHipAmgy=0
 NucAccIsMedialWall=0
 mris->useRealRAS=0
7 non-cortical segments detected
only using segment with 9256 vertices
erasing segment 1 (vno[0] = 89134)
erasing segment 2 (vno[0] = 105726)
erasing segment 3 (vno[0] = 107388)
erasing segment 4 (vno[0] = 118853)
erasing segment 5 (vno[0] = 121733)
erasing segment 6 (vno[0] = 134043)
#--------------------------------------------
#@# CortexLabel+HipAmyg lh Mon Mar  9 23:56:23 CET 2026
cd /out/sourcedata/freesurfer/sub-v1s2x0051472_ses-1/mri
mri_label2label --label-cortex ../surf/lh.white.preaparc aseg.presurf.mgz 1 ../label/lh.cortex+hipamyg.label

 Generating cortex label... RemoveHipAmgy=1
 NucAccIsMedialWall=0
 mris->useRealRAS=0
11 non-cortical segments detected
only using segment with 7198 vertices
erasing segment 1 (vno[0] = 58418)
erasing segment 2 (vno[0] = 62953)
erasing segment 3 (vno[0] = 69932)
erasing segment 4 (vno[0] = 89134)
erasing segment 5 (vno[0] = 101880)
erasing segment 6 (vno[0] = 105726)
erasing segment 7 (vno[0] = 107388)
erasing segment 8 (vno[0] = 118853)
erasing segment 9 (vno[0] = 121733)
erasing segment 10 (vno[0] = 134043)
#--------------------------------------------
#@# Smooth2 lh Mon Mar  9 23:56:43 CET 2026
/out/sourcedata/freesurfer/sub-v1s2x0051472_ses-1/scripts

 mris_smooth -n 3 -nw -seed 1234 ../surf/lh.white.preaparc ../surf/lh.smoothwm 

smoothing for 3 iterations
setting seed for random number generator to 1234
smoothing surface tessellation for 3 iterations...
smoothing complete - recomputing first and second fundamental forms...
#--------------------------------------------
#@# Inflation2 lh Mon Mar  9 23:56:47 CET 2026
/out/sourcedata/freesurfer/sub-v1s2x0051472_ses-1/scripts

 mris_inflate ../surf/lh.smoothwm ../surf/lh.inflated 

Reading ../surf/lh.smoothwm
avg radius = 51.4 mm, total surface area = 103676 mm^2
step 000: RMS=0.158 (target=0.015)   step 005: RMS=0.108 (target=0.015)   step 010: RMS=0.081 (target=0.015)   step 015: RMS=0.066 (target=0.015)   step 020: RMS=0.056 (target=0.015)   step 025: RMS=0.046 (target=0.015)   step 030: RMS=0.039 (target=0.015)   step 035: RMS=0.032 (target=0.015)   step 040: RMS=0.028 (target=0.015)   step 045: RMS=0.024 (target=0.015)   step 050: RMS=0.022 (target=0.015)   step 055: RMS=0.020 (target=0.015)   step 060: RMS=0.018 (target=0.015)   writing inflated surface to ../surf/lh.inflated
writing sulcal depths to ../surf/lh.sulc

inflation complete.
inflation took 0.4 minutes
mris_inflate utimesec    126.133763
mris_inflate stimesec    2.028278
mris_inflate ru_maxrss   267504
mris_inflate ru_ixrss    0
mris_inflate ru_idrss    0
mris_inflate ru_isrss    0
mris_inflate ru_minflt   624096
mris_inflate ru_majflt   6
mris_inflate ru_nswap    0
mris_inflate ru_inblock  130
mris_inflate ru_oublock  13712
mris_inflate ru_msgsnd   0
mris_inflate ru_msgrcv   0
mris_inflate ru_nsignals 0
mris_inflate ru_nvcsw    13336
mris_inflate ru_nivcsw   578
#--------------------------------------------
#@# Curv .H and .K lh Mon Mar  9 23:57:09 CET 2026
/out/sourcedata/freesurfer/sub-v1s2x0051472_ses-1/surf

 mris_curvature -w -seed 1234 lh.white.preaparc 

setting seed for random number generator to 1234
total integrated curvature = 26.954*4pi (338.714) --> -26 handles
ICI = 161.8, FI = 1604.7, variation=25155.704
writing Gaussian curvature to ./lh.white.preaparc.K...done.
writing mean curvature to ./lh.white.preaparc.H...done.
rm -f lh.white.H
ln -s lh.white.preaparc.H lh.white.H
rm -f lh.white.K
ln -s lh.white.preaparc.K lh.white.K

 mris_curvature -seed 1234 -thresh .999 -n -a 5 -w -distances 10 10 lh.inflated 

setting seed for random number generator to 1234
normalizing curvature values.
averaging curvature patterns 5 times.
sampling 10 neighbors out to a distance of 10 mm
267 vertices thresholded to be in k1 ~ [-0.23 1.27], k2 ~ [-0.12 0.06]
total integrated curvature = 0.552*4pi (6.934) --> 0 handles
ICI = 1.7, FI = 12.7, variation=209.637
163 vertices thresholded to be in [-0.01 0.02]
writing Gaussian curvature to ./lh.inflated.K...thresholding curvature at 99.90% level
curvature mean = 0.000, std = 0.001
198 vertices thresholded to be in [-0.12 0.46]
done.
writing mean curvature to ./lh.inflated.H...curvature mean = -0.015, std = 0.024
done.
#--------------------------------------------
#@# Sphere lh Mon Mar  9 23:58:10 CET 2026
/out/sourcedata/freesurfer/sub-v1s2x0051472_ses-1/scripts

 mris_sphere -seed 1234 ../surf/lh.inflated ../surf/lh.sphere 

setting seed for random number genererator to 1234
version: 7.3.2
available threads: 16
reading original vertex positions...
projecting onto sphere...
surface projected - minimizing metric distortion...
scaling brain by 0.260...
MRISunfold() max_passes = 1 -------
tol=5.0e-01, sigma=0.0, host=dna04, nav=1024, nbrs=2, l_area=1.000, l_dist=1.000
using quadratic fit line minimization
complete_dist_mat 0
rms 0
smooth_averages 0
remove_neg 0
ico_order 0
which_surface 0
target_radius 0.000000
nfields 0
scale 1.000000
desired_rms_height -1.000000
momentum 0.900000
nbhd_size 7
max_nbrs 8
niterations 25
nsurfaces 0
SURFACES 3
flags 0 (0)
use curv 0
no sulc 0
no rigid align 0
mris->nsize 2
mris->hemisphere 0
randomSeed 1234

singular matrix in quadratic form
singular matrix in quadratic form
--------------------
  mrisRemoveNegativeArea()
pass 1: epoch 1 of 3 starting distance error %20.00
pass 1: epoch 2 of 3 starting distance error %19.97
unfolding complete - removing small folds...
starting distance error %19.91
removing remaining folds...
final distance error %19.91
MRISunfold() return, current seed 1234
-01: dt=0.0000, 148 negative triangles  VmPeak 1662896
101: dt=0.9900, 148 negative triangles
102: dt=0.9900,  70 negative triangles
103: dt=0.9900,  46 negative triangles
104: dt=0.9900,  45 negative triangles
105: dt=0.9900,  41 negative triangles
106: dt=0.9900,  42 negative triangles
107: dt=0.9900,  37 negative triangles
108: dt=0.9900,  40 negative triangles
109: dt=0.9900,  38 negative triangles
110: dt=0.9900,  42 negative triangles
111: dt=0.9900,  39 negative triangles
112: dt=0.9900,  40 negative triangles
113: dt=0.9900,  36 negative triangles
114: dt=0.9900,  38 negative triangles
115: dt=0.9900,  42 negative triangles
116: dt=0.9900,  42 negative triangles
117: dt=0.9900,  39 negative triangles
118: dt=0.9900,  44 negative triangles
119: dt=0.9900,  38 negative triangles
120: dt=0.9900,  36 negative triangles
121: dt=0.9900,  40 negative triangles
122: dt=0.9900,  38 negative triangles
123: dt=0.9405,  40 negative triangles
124: dt=0.9405,  36 negative triangles
125: dt=0.9405,  39 negative triangles
126: dt=0.9405,  39 negative triangles
127: dt=0.9405,  39 negative triangles
128: dt=0.9405,  36 negative triangles
129: dt=0.9405,  40 negative triangles
130: dt=0.9405,  37 negative triangles
131: dt=0.9405,  45 negative triangles
132: dt=0.9405,  38 negative triangles
133: dt=0.8935,  41 negative triangles
134: dt=0.8935,  40 negative triangles
135: dt=0.8935,  38 negative triangles
136: dt=0.8935,  39 negative triangles
137: dt=0.8935,  39 negative triangles
138: dt=0.8935,  40 negative triangles
139: dt=0.8935,  42 negative triangles
140: dt=0.8935,  41 negative triangles
141: dt=0.8935,  38 negative triangles
142: dt=0.8935,  39 negative triangles
143: dt=0.8488,  41 negative triangles
144: dt=0.8488,  39 negative triangles
145: dt=0.8488,  43 negative triangles
146: dt=0.8488,  38 negative triangles
147: dt=0.8488,  43 negative triangles
148: dt=0.8488,  42 negative triangles
149: dt=0.8488,  40 negative triangles
150: dt=0.8488,  40 negative triangles
151: dt=0.8488,  44 negative triangles
152: dt=0.8488,  39 negative triangles
153: dt=0.8064,  44 negative triangles
154: dt=0.8064,  44 negative triangles
155: dt=0.8064,  39 negative triangles
156: dt=0.8064,  41 negative triangles
157: dt=0.8064,  42 negative triangles
158: dt=0.8064,  45 negative triangles
159: dt=0.8064,  43 negative triangles
160: dt=0.8064,  40 negative triangles
161: dt=0.8064,  40 negative triangles
162: dt=0.8064,  40 negative triangles
163: dt=0.7660,  41 negative triangles
expanding nbhd size to 1
164: dt=0.9900,  39 negative triangles
165: dt=0.9900,  39 negative triangles
166: dt=0.9900,  33 negative triangles
167: dt=0.9900,  30 negative triangles
168: dt=0.9900,  28 negative triangles
169: dt=0.9900,  28 negative triangles
170: dt=0.9900,  28 negative triangles
171: dt=0.9900,  28 negative triangles
172: dt=0.9900,  27 negative triangles
173: dt=0.9900,  28 negative triangles
174: dt=0.9900,  28 negative triangles
175: dt=0.9900,  27 negative triangles
176: dt=0.9900,  27 negative triangles
177: dt=0.9900,  27 negative triangles
178: dt=0.9900,  27 negative triangles
179: dt=0.9900,  27 negative triangles
180: dt=0.9900,  27 negative triangles
181: dt=0.9900,  27 negative triangles
182: dt=0.9405,  28 negative triangles
183: dt=0.9405,  28 negative triangles
184: dt=0.9405,  27 negative triangles
185: dt=0.9405,  27 negative triangles
186: dt=0.9405,  27 negative triangles
187: dt=0.9405,  27 negative triangles
188: dt=0.9405,  27 negative triangles
189: dt=0.9405,  27 negative triangles
190: dt=0.9405,  27 negative triangles
191: dt=0.9405,  28 negative triangles
192: dt=0.8935,  28 negative triangles
193: dt=0.8935,  27 negative triangles
194: dt=0.8935,  28 negative triangles
195: dt=0.8935,  27 negative triangles
196: dt=0.8935,  27 negative triangles
197: dt=0.8935,  26 negative triangles
198: dt=0.8935,  26 negative triangles
199: dt=0.8935,  26 negative triangles
200: dt=0.8935,  26 negative triangles
201: dt=0.8935,  27 negative triangles
202: dt=0.8935,  27 negative triangles
203: dt=0.8935,  26 negative triangles
204: dt=0.8935,  26 negative triangles
205: dt=0.8935,  26 negative triangles
206: dt=0.8935,  26 negative triangles
207: dt=0.8488,  26 negative triangles
208: dt=0.8488,  26 negative triangles
209: dt=0.8488,  26 negative triangles
210: dt=0.8488,  26 negative triangles
211: dt=0.8488,  26 negative triangles
212: dt=0.8488,  26 negative triangles
213: dt=0.8488,  26 negative triangles
214: dt=0.8488,  28 negative triangles
215: dt=0.8488,  27 negative triangles
216: dt=0.8488,  26 negative triangles
217: dt=0.8064,  26 negative triangles
218: dt=0.8064,  26 negative triangles
219: dt=0.8064,  26 negative triangles
220: dt=0.8064,  26 negative triangles
221: dt=0.8064,  26 negative triangles
222: dt=0.8064,  26 negative triangles
223: dt=0.8064,  26 negative triangles
224: dt=0.8064,  25 negative triangles
225: dt=0.8064,  24 negative triangles
226: dt=0.8064,  24 negative triangles
227: dt=0.8064,  24 negative triangles
228: dt=0.8064,  25 negative triangles
229: dt=0.8064,  25 negative triangles
230: dt=0.8064,  24 negative triangles
231: dt=0.8064,  26 negative triangles
232: dt=0.8064,  23 negative triangles
233: dt=0.8064,  23 negative triangles
234: dt=0.8064,  22 negative triangles
235: dt=0.8064,  22 negative triangles
236: dt=0.8064,  22 negative triangles
237: dt=0.8064,  22 negative triangles
238: dt=0.8064,  22 negative triangles
239: dt=0.8064,  22 negative triangles
240: dt=0.8064,  21 negative triangles
241: dt=0.8064,  21 negative triangles
242: dt=0.8064,  21 negative triangles
243: dt=0.8064,  21 negative triangles
244: dt=0.8064,  21 negative triangles
245: dt=0.8064,  20 negative triangles
246: dt=0.8064,  21 negative triangles
247: dt=0.8064,  20 negative triangles
248: dt=0.8064,  20 negative triangles
249: dt=0.8064,  20 negative triangles
250: dt=0.8064,  19 negative triangles
251: dt=0.8064,  19 negative triangles
252: dt=0.8064,  18 negative triangles
253: dt=0.8064,  17 negative triangles
254: dt=0.8064,  17 negative triangles
255: dt=0.8064,  17 negative triangles
256: dt=0.8064,  17 negative triangles
257: dt=0.8064,  17 negative triangles
258: dt=0.8064,  17 negative triangles
259: dt=0.8064,  18 negative triangles
260: dt=0.8064,  17 negative triangles
261: dt=0.8064,  18 negative triangles
262: dt=0.8064,  17 negative triangles
263: dt=0.7660,  17 negative triangles
264: dt=0.7660,  16 negative triangles
265: dt=0.7660,  15 negative triangles
266: dt=0.7660,  15 negative triangles
267: dt=0.7660,  14 negative triangles
268: dt=0.7660,  14 negative triangles
269: dt=0.7660,  14 negative triangles
270: dt=0.7660,  15 negative triangles
271: dt=0.7660,  15 negative triangles
272: dt=0.7660,  15 negative triangles
273: dt=0.7660,  15 negative triangles
274: dt=0.7660,  15 negative triangles
275: dt=0.7660,  16 negative triangles
276: dt=0.7660,  15 negative triangles
277: dt=0.7277,  15 negative triangles
278: dt=0.7277,  14 negative triangles
279: dt=0.7277,  14 negative triangles
280: dt=0.7277,  14 negative triangles
281: dt=0.7277,  14 negative triangles
282: dt=0.7277,  14 negative triangles
283: dt=0.7277,  12 negative triangles
284: dt=0.7277,  12 negative triangles
285: dt=0.7277,  12 negative triangles
286: dt=0.7277,  13 negative triangles
287: dt=0.7277,  12 negative triangles
288: dt=0.7277,  11 negative triangles
289: dt=0.7277,  11 negative triangles
290: dt=0.7277,  11 negative triangles
291: dt=0.7277,  11 negative triangles
292: dt=0.7277,  11 negative triangles
293: dt=0.7277,  11 negative triangles
294: dt=0.7277,  11 negative triangles
295: dt=0.7277,  10 negative triangles
296: dt=0.7277,  11 negative triangles
297: dt=0.7277,  11 negative triangles
298: dt=0.7277,   9 negative triangles
299: dt=0.7277,   9 negative triangles
300: dt=0.7277,   9 negative triangles
301: dt=0.7277,   9 negative triangles
302: dt=0.7277,   9 negative triangles
303: dt=0.7277,   9 negative triangles
304: dt=0.7277,   8 negative triangles
305: dt=0.7277,   8 negative triangles
306: dt=0.7277,   8 negative triangles
307: dt=0.7277,   8 negative triangles
308: dt=0.7277,   8 negative triangles
309: dt=0.7277,   8 negative triangles
310: dt=0.7277,   8 negative triangles
311: dt=0.7277,   9 negative triangles
312: dt=0.7277,   8 negative triangles
313: dt=0.7277,   8 negative triangles
314: dt=0.6914,   8 negative triangles
315: dt=0.6914,   8 negative triangles
316: dt=0.6914,   9 negative triangles
317: dt=0.6914,   6 negative triangles
318: dt=0.6914,   6 negative triangles
319: dt=0.6914,   6 negative triangles
320: dt=0.6914,   6 negative triangles
321: dt=0.6914,   6 negative triangles
322: dt=0.6914,   6 negative triangles
323: dt=0.6914,   6 negative triangles
324: dt=0.6914,   5 negative triangles
325: dt=0.6914,   5 negative triangles
326: dt=0.6914,   5 negative triangles
327: dt=0.6914,   4 negative triangles
328: dt=0.6914,   4 negative triangles
329: dt=0.6914,   4 negative triangles
330: dt=0.6914,   4 negative triangles
331: dt=0.6914,   4 negative triangles
332: dt=0.6914,   4 negative triangles
333: dt=0.6914,   4 negative triangles
334: dt=0.6914,   3 negative triangles
335: dt=0.6914,   2 negative triangles
336: dt=0.6914,   2 negative triangles
337: dt=0.6914,   2 negative triangles
338: dt=0.6914,   2 negative triangles
339: dt=0.6914,   1 negative triangles
340: dt=0.6914,   1 negative triangles
341: dt=0.6914,   1 negative triangles
342: dt=0.6914,   1 negative triangles
343: dt=0.6914,   2 negative triangles
344: dt=0.6914,   2 negative triangles
345: dt=0.6914,   1 negative triangles
writing spherical brain to ../surf/lh.sphere
spherical transformation took 0.0607 hours
FSRUNTIME@ mris_sphere  0.0607 hours 16 threads
#VMPC# mris_sphere VmPeak  1662896
mris_sphere done
#--------------------------------------------
#@# Surf Reg lh Tue Mar 10 00:01:48 CET 2026
/out/sourcedata/freesurfer/sub-v1s2x0051472_ses-1/scripts

 mris_register -curv ../surf/lh.sphere /opt/freesurfer/average/lh.folding.atlas.acfb40.noaparc.i12.2016-08-02.tif ../surf/lh.sphere.reg 

using smoothwm curvature for final alignment

cwd /out/sourcedata/freesurfer/sub-v1s2x0051472_ses-1/scripts
cmdline mris_register -curv ../surf/lh.sphere /opt/freesurfer/average/lh.folding.atlas.acfb40.noaparc.i12.2016-08-02.tif ../surf/lh.sphere.reg 

0 inflated.H
1 sulc
2 smoothwm (computed)
7.3.2
  7.3.2
reading surface from ../surf/lh.sphere...
reading template parameterization from /opt/freesurfer/average/lh.folding.atlas.acfb40.noaparc.i12.2016-08-02.tif...
MRISregister() -------
max_passes = 4 
min_degrees = 0.500000 
max_degrees = 64.000000 
nangles = 8 
tol=5.0e-01, sigma=0.0, host=dna04, nav=1024, nbrs=1, l_extern=10000.000, l_parea=0.200, l_nlarea=1.000, l_corr=1.000, l_dist=5.000
using quadratic fit line minimization
complete_dist_mat 0
rms 0
smooth_averages 0
remove_neg 0
ico_order 0
which_surface 0
target_radius 0.000000
nfields 0
scale 0.000000
desired_rms_height -1.000000
momentum 0.950000
nbhd_size -10
max_nbrs 10
niterations 25
nsurfaces 0
SURFACES 3
flags 16 (10)
use curv 16
no sulc 0
no rigid align 0
mris->nsize 1
mris->hemisphere 0
randomSeed 0

tol=5.0e-01, sigma=0.0, host=dna04, nav=1024, nbrs=1, l_extern=10000.000, l_parea=0.200, l_nlarea=1.000, l_corr=1.000, l_dist=5.000
using quadratic fit line minimization
--------------------
1 Reading lh.sulc
tol=1.0e+00, sigma=0.5, host=dna04, nav=1024, nbrs=1, l_extern=10000.000, l_parea=0.200, l_nlarea=1.000, l_corr=0.050, l_spring=0.500, l_dist=5.000
using quadratic fit line minimization
curvature mean = -0.000, std = 5.665
curvature mean = 0.030, std = 0.825
curvature mean = 0.018, std = 0.842
Starting MRISrigidBodyAlignGlobal()
Starting new MRISrigidBodyAlignGlobal_findMinSSE()
  new MRISrigidBodyAlignGlobal_findMinSSE min @ (4.50, -14.50, 3.00) sse = 284261.8, elapsed since starting=0.1268 min
MRISrigidBodyAlignGlobal() done   0.13 min
curvature mean = -0.003, std = 0.823
curvature mean = 0.008, std = 0.937
curvature mean = -0.012, std = 0.825
curvature mean = 0.003, std = 0.975
curvature mean = -0.014, std = 0.824
curvature mean = 0.001, std = 0.990
2 Reading smoothwm
curvature mean = -0.020, std = 0.281
curvature mean = 0.037, std = 0.243
curvature mean = 0.054, std = 0.321
curvature mean = 0.034, std = 0.300
curvature mean = 0.028, std = 0.505
curvature mean = 0.034, std = 0.327
curvature mean = 0.016, std = 0.638
curvature mean = 0.033, std = 0.339
curvature mean = 0.005, std = 0.739
MRISregister() return, current seed 0
-01: dt=0.0000,  21 negative triangles  VmPeak 1652976
111: dt=0.9900,  21 negative triangles
112: dt=0.9900,  14 negative triangles
113: dt=0.9900,   9 negative triangles
114: dt=0.9900,   9 negative triangles
115: dt=0.9900,  10 negative triangles
116: dt=0.9900,   9 negative triangles
117: dt=0.9900,  11 negative triangles
118: dt=0.9900,  10 negative triangles
119: dt=0.9900,  12 negative triangles
120: dt=0.9900,  11 negative triangles
121: dt=0.9900,  11 negative triangles
122: dt=0.9900,   7 negative triangles
123: dt=0.9900,   8 negative triangles
124: dt=0.9900,   9 negative triangles
125: dt=0.9900,  10 negative triangles
126: dt=0.9900,   9 negative triangles
127: dt=0.9900,  11 negative triangles
128: dt=0.9900,  10 negative triangles
129: dt=0.9900,  10 negative triangles
130: dt=0.9900,   7 negative triangles
131: dt=0.9900,   6 negative triangles
132: dt=0.9900,   8 negative triangles
133: dt=0.9900,   6 negative triangles
134: dt=0.9900,   5 negative triangles
135: dt=0.9900,   7 negative triangles
136: dt=0.9900,   5 negative triangles
137: dt=0.9900,   4 negative triangles
138: dt=0.9900,   5 negative triangles
139: dt=0.9900,   4 negative triangles
140: dt=0.9900,   5 negative triangles
141: dt=0.9900,   5 negative triangles
142: dt=0.9900,   5 negative triangles
143: dt=0.9900,   3 negative triangles
144: dt=0.9900,   3 negative triangles
145: dt=0.9900,   4 negative triangles
146: dt=0.9900,   1 negative triangles
writing registered surface to ../surf/lh.sphere.reg...
registration took 0.09 hours
#VMPC# mris_register VmPeak  1652976
FSRUNTIME@ mris_register  0.0945 hours 16 threads

 ln -sf lh.sphere.reg lh.fsaverage.sphere.reg 

#--------------------------------------------
#@# Jacobian white lh Tue Mar 10 00:07:29 CET 2026
/out/sourcedata/freesurfer/sub-v1s2x0051472_ses-1/scripts

 mris_jacobian ../surf/lh.white.preaparc ../surf/lh.sphere.reg ../surf/lh.jacobian_white 

reading surface from ../surf/lh.white.preaparc...
writing curvature file ../surf/lh.jacobian_white
#--------------------------------------------
#@# AvgCurv lh Tue Mar 10 00:07:30 CET 2026
/out/sourcedata/freesurfer/sub-v1s2x0051472_ses-1/scripts

 mrisp_paint -a 5 /opt/freesurfer/average/lh.folding.atlas.acfb40.noaparc.i12.2016-08-02.tif#6 ../surf/lh.sphere.reg ../surf/lh.avg_curv 

averaging curvature patterns 5 times...
reading surface from ../surf/lh.sphere.reg...
reading template parameterization from /opt/freesurfer/average/lh.folding.atlas.acfb40.noaparc.i12.2016-08-02.tif...
writing curvature file to ../surf/lh.avg_curv...
#-----------------------------------------
#@# Cortical Parc lh Tue Mar 10 00:07:31 CET 2026
/out/sourcedata/freesurfer/sub-v1s2x0051472_ses-1/scripts

 mris_ca_label -l ../label/lh.cortex.label -aseg ../mri/aseg.presurf.mgz -seed 1234 sub-v1s2x0051472_ses-1 lh ../surf/lh.sphere.reg /opt/freesurfer/average/lh.DKaparc.atlas.acfb40.noaparc.i12.2016-08-02.gcs ../label/lh.aparc.annot 

setting seed for random number generator to 1234
using ../mri/aseg.presurf.mgz aseg volume to correct midline
7.3.2
  7.3.2
reading atlas from /opt/freesurfer/average/lh.DKaparc.atlas.acfb40.noaparc.i12.2016-08-02.gcs...
reading color table from GCSA file....
average std = 0.8   using min determinant for regularization = 0.006
0 singular and 342 ill-conditioned covariance matrices regularized
input 0: MEAN CURVATURE, flags 0, avgs 5, name mean_curvature
labeling surface...
1835 labels changed using aseg
relabeling using gibbs priors...
000:   3906 changed, 175354 examined...
001:    955 changed, 16036 examined...
002:    249 changed, 5253 examined...
003:     82 changed, 1477 examined...
004:     41 changed, 512 examined...
005:     19 changed, 237 examined...
006:     15 changed, 112 examined...
007:      7 changed, 78 examined...
008:      4 changed, 41 examined...
009:      1 changed, 20 examined...
010:      2 changed, 7 examined...
011:      3 changed, 14 examined...
012:      4 changed, 14 examined...
013:      3 changed, 16 examined...
014:      0 changed, 14 examined...
293 labels changed using aseg
000: 135 total segments, 90 labels (439 vertices) changed
001: 45 total segments, 4 labels (7 vertices) changed
002: 41 total segments, 0 labels (0 vertices) changed
10 filter iterations complete (10 requested, 1 changed)
rationalizing unknown annotations with cortex label
relabeling unknown label...
relabeling corpuscallosum label...
2292 vertices marked for relabeling...
2292 labels changed in reclassification.
writing output to ../label/lh.aparc.annot...
classification took 0 minutes and 13 seconds.
#--------------------------------------------
#@# WhiteSurfs lh Tue Mar 10 00:07:44 CET 2026
cd /out/sourcedata/freesurfer/sub-v1s2x0051472_ses-1/mri
mris_place_surface --adgws-in ../surf/autodet.gw.stats.lh.dat --seg aseg.presurf.mgz --threads 16 --wm wm.mgz --invol brain.finalsurfs.mgz --lh --i ../surf/lh.white.preaparc --o ../surf/lh.white --white --nsmooth 0 --rip-label ../label/lh.cortex.label --rip-bg --rip-surf ../surf/lh.white.preaparc --aparc ../label/lh.aparc.annot
7.3.2
7.3.2

cd /out/sourcedata/freesurfer/sub-v1s2x0051472_ses-1/mri
setenv SUBJECTS_DIR /out/sourcedata/freesurfer
mris_place_surface --adgws-in ../surf/autodet.gw.stats.lh.dat --seg aseg.presurf.mgz --threads 16 --wm wm.mgz --invol brain.finalsurfs.mgz --lh --i ../surf/lh.white.preaparc --o ../surf/lh.white --white --nsmooth 0 --rip-label ../label/lh.cortex.label --rip-bg --rip-surf ../surf/lh.white.preaparc --aparc ../label/lh.aparc.annot 

Reading in input surface ../surf/lh.white.preaparc
Not smoothing input surface
Area    350704  0.31990  0.11068 0.000990   2.3749
Corner 1052112 60.00000 13.75466 0.313249 179.1837
Edge    526056  0.86878  0.18580 0.018737   3.3760
Hinge   526056  9.11268 10.00954 0.000017 179.9933
Reading in aparc ../label/lh.aparc.annot
Reading in input volume brain.finalsurfs.mgz
Reading in wm volume wm.mgz
MRIclipBrightWM(): nthresh=26716, wmmin=5, clip=110 
MRIfindBrightNonWM(): 520 bright non-wm voxels segmented.
Masking bright non-wm for white surface
MRImask(): AllowDiffGeom = 1
MRImask(): AllowDiffGeom = 1
Reading in seg volume aseg.presurf.mgz
Ripping frozen voxels
Ripping vertices not in label ../label/lh.cortex.label
MRISripNotLabel() ripped 9775/175354 vertices (165579 unripped)
Reading in ripping surface ../surf/lh.white.preaparc
Reading in aparc ../label/lh.aparc.annot for ripsurf
Ripping BG
MRISripBasalGanglia(): 1 -2 2 0.5 ripped 412
Ripping segs (eg, WMSA, BG, frozen)
Starting MRISripSegs() d = (-2 2 0.5) segnos: 247 
MRISripSegs(): -2 2 0.5 ripped 0
vertex 87677: xyz = (-10.7199,-14.3325,10.35) oxyz = (-10.7199,-14.3325,10.35) wxzy = (-10.7199,-14.3325,10.35) pxyz = (0,0,0) 
CBVO Creating mask 175354
n_averages 4
Iteration 0 =========================================
n_averages=4, current_sigma=2
Computing target border values 
Entering MRIScomputeBorderValues_new(): 
  inside_hi   = 120.0000000;
  border_hi   = 112.1951290;
  border_low  =  86.0000000;
  outside_low =  75.9092100;
  outside_hi  = 112.1951290;
  sigma = 2;
  max_thickness = 10;
  step_size=0.5;
  STEP_SIZE=0.1;
  which = 1
  thresh = 0
  flags = 0
  CBVfindFirstPeakD1=0
  CBVfindFirstPeakD2=0
  nvertices=175354
  Gdiag_no=-1
  vno start=0, stop=175354
Replacing 255s with 0s
#SI# sigma=2 had to be increased for 92 vertices, nripped=10187
mean border=93.7, 90 (90) missing vertices, mean dist 0.5 [1.1 (%14.5)->0.8 (%85.5))]
%62 local maxima, %32 large gradients and % 0 min vals, 0 gradients ignored
nFirstPeakD1 0
MRIScomputeBorderValues_new() finished in 0.0183 min


Finding expansion regions
mean absolute distance = 0.80 +- 1.02
3594 vertices more than 2 sigmas from mean.
Averaging target values for 5 iterations...
Positioning Surface: tspring = 0.3, nspring = 0.3, spring = 0, niters = 100 l_repulse = 5, l_surf_repulse = 0, checktol = 0
Positioning pial surface
Entering MRISpositionSurface()
  max_mm = 0.3
  MAX_REDUCTIONS = 2, REDUCTION_PCT = 0.5
  parms->check_tol = 0, niterations = 100
tol=1.0e-04, sigma=2.0, host=dna04, nav=4, nbrs=2, l_repulse=5.000, l_tspring=0.300, l_nspring=0.300, l_intensity=0.200, l_curv=1.000
mom=0.00, dt=0.50
complete_dist_mat 0
rms 0
smooth_averages 0
remove_neg 0
ico_order 0
which_surface 0
target_radius 0.000000
nfields 0
scale 0.000000
desired_rms_height 0.000000
momentum 0.000000
nbhd_size 0
max_nbrs 0
niterations 100
nsurfaces 0
SURFACES 3
flags 0 (0)
use curv 0
no sulc 0
no rigid align 0
mris->nsize 2
mris->hemisphere 0
randomSeed 0

000: dt: 0.0000, sse=1174360.8, rms=5.306
001: dt: 0.5000, sse=583242.2, rms=3.259 (38.585%)
002: dt: 0.5000, sse=382193.9, rms=2.137 (34.425%)
003: dt: 0.5000, sse=316149.3, rms=1.603 (25.000%)
004: dt: 0.5000, sse=290760.5, rms=1.333 (16.858%)
005: dt: 0.5000, sse=279220.6, rms=1.185 (11.112%)
006: dt: 0.5000, sse=273622.9, rms=1.101 (7.011%)
rms = 1.0552/1.1015, sse=271392.8/273622.9, time step reduction 1 of 3 to 0.250  0 0 1
007: dt: 0.5000, sse=271392.8, rms=1.055 (4.199%)
008: dt: 0.2500, sse=261069.1, rms=0.884 (16.187%)
rms = 0.8502/0.8844, sse=259293.5/261069.1, time step reduction 2 of 3 to 0.125  0 0 1
009: dt: 0.2500, sse=259293.5, rms=0.850 (3.866%)
rms = 0.8396/0.8502, sse=258701.0/259293.5, time step reduction 3 of 3 to 0.062  0 0 1
010: dt: 0.1250, sse=258701.0, rms=0.840 (1.244%)
  maximum number of reductions reached, breaking from loop
positioning took 1.2 minutes
Iteration 1 =========================================
n_averages=2, current_sigma=1
Computing target border values 
Entering MRIScomputeBorderValues_new(): 
  inside_hi   = 120.0000000;
  border_hi   = 112.1951290;
  border_low  =  86.0000000;
  outside_low =  75.9092100;
  outside_hi  = 112.1951290;
  sigma = 1;
  max_thickness = 10;
  step_size=0.5;
  STEP_SIZE=0.1;
  which = 1
  thresh = 0
  flags = 0
  CBVfindFirstPeakD1=0
  CBVfindFirstPeakD2=0
  nvertices=175354
  Gdiag_no=-1
  vno start=0, stop=175354
Replacing 255s with 0s
#SI# sigma=1 had to be increased for 55 vertices, nripped=10187
mean border=95.6, 59 (32) missing vertices, mean dist -0.3 [0.5 (%70.4)->0.3 (%29.6))]
%75 local maxima, %19 large gradients and % 0 min vals, 0 gradients ignored
nFirstPeakD1 0
MRIScomputeBorderValues_new() finished in 0.0146 min


Finding expansion regions
mean absolute distance = 0.46 +- 0.73
4951 vertices more than 2 sigmas from mean.
Averaging target values for 5 iterations...
Positioning Surface: tspring = 0.3, nspring = 0.3, spring = 0, niters = 100 l_repulse = 5, l_surf_repulse = 0, checktol = 0
Positioning pial surface
Entering MRISpositionSurface()
  max_mm = 0.3
  MAX_REDUCTIONS = 2, REDUCTION_PCT = 0.5
  parms->check_tol = 0, niterations = 100
tol=1.0e-04, sigma=1.0, host=dna04, nav=2, nbrs=2, l_repulse=5.000, l_tspring=0.300, l_nspring=0.300, l_intensity=0.200, l_curv=1.000
mom=0.00, dt=0.50
000: dt: 0.0000, sse=571347.3, rms=3.093
011: dt: 0.5000, sse=390584.9, rms=2.006 (35.143%)
012: dt: 0.5000, sse=331634.0, rms=1.477 (26.372%)
013: dt: 0.5000, sse=302618.8, rms=1.162 (21.315%)
014: dt: 0.5000, sse=292988.4, rms=0.978 (15.890%)
015: dt: 0.5000, sse=288243.6, rms=0.921 (5.803%)
rms = 0.9011/0.9208, sse=287537.3/288243.6, time step reduction 1 of 3 to 0.250  0 0 1
016: dt: 0.5000, sse=287537.2, rms=0.901 (2.148%)
017: dt: 0.2500, sse=277605.1, rms=0.739 (17.958%)
rms = 0.7246/0.7393, sse=277050.8/277605.1, time step reduction 2 of 3 to 0.125  0 0 1
018: dt: 0.2500, sse=277050.8, rms=0.725 (1.987%)
rms = 0.7215/0.7246, sse=275445.0/277050.8, time step reduction 3 of 3 to 0.062  0 0 1
019: dt: 0.1250, sse=275445.0, rms=0.722 (0.416%)
  maximum number of reductions reached, breaking from loop
positioning took 1.0 minutes
Iteration 2 =========================================
n_averages=1, current_sigma=0.5
Computing target border values 
Entering MRIScomputeBorderValues_new(): 
  inside_hi   = 120.0000000;
  border_hi   = 112.1951290;
  border_low  =  86.0000000;
  outside_low =  75.9092100;
  outside_hi  = 112.1951290;
  sigma = 0.5;
  max_thickness = 10;
  step_size=0.5;
  STEP_SIZE=0.1;
  which = 1
  thresh = 0
  flags = 0
  CBVfindFirstPeakD1=0
  CBVfindFirstPeakD2=0
  nvertices=175354
  Gdiag_no=-1
  vno start=0, stop=175354
Replacing 255s with 0s
#SI# sigma=0.5 had to be increased for 169 vertices, nripped=10187
mean border=97.2, 57 (21) missing vertices, mean dist -0.2 [0.4 (%72.3)->0.2 (%27.7))]
%86 local maxima, % 8 large gradients and % 0 min vals, 0 gradients ignored
nFirstPeakD1 0
MRIScomputeBorderValues_new() finished in 0.0094 min


Finding expansion regions
mean absolute distance = 0.35 +- 0.51
7027 vertices more than 2 sigmas from mean.
Averaging target values for 5 iterations...
Positioning Surface: tspring = 0.3, nspring = 0.3, spring = 0, niters = 100 l_repulse = 5, l_surf_repulse = 0, checktol = 0
Positioning pial surface
Entering MRISpositionSurface()
  max_mm = 0.3
  MAX_REDUCTIONS = 2, REDUCTION_PCT = 0.5
  parms->check_tol = 0, niterations = 100
tol=1.0e-04, sigma=0.5, host=dna04, nav=1, nbrs=2, l_repulse=5.000, l_tspring=0.300, l_nspring=0.300, l_intensity=0.200, l_curv=1.000
mom=0.00, dt=0.50
000: dt: 0.0000, sse=433297.7, rms=2.377
020: dt: 0.5000, sse=315416.0, rms=1.374 (42.193%)
021: dt: 0.5000, sse=288994.8, rms=0.996 (27.513%)
022: dt: 0.5000, sse=282617.6, rms=0.860 (13.618%)
rms = 0.8201/0.8603, sse=278327.2/282617.6, time step reduction 1 of 3 to 0.250  0 0 1
023: dt: 0.5000, sse=278327.2, rms=0.820 (4.683%)
024: dt: 0.2500, sse=273362.6, rms=0.703 (14.216%)
rms = 0.6902/0.7035, sse=275872.1/273362.6, time step reduction 2 of 3 to 0.125  0 1 1
025: dt: 0.2500, sse=275872.1, rms=0.690 (1.886%)
rms = 0.6858/0.6902, sse=277487.7/275872.1, time step reduction 3 of 3 to 0.062  0 1 1
026: dt: 0.1250, sse=277487.7, rms=0.686 (0.633%)
  maximum number of reductions reached, breaking from loop
positioning took 0.8 minutes
Iteration 3 =========================================
n_averages=0, current_sigma=0.25
Computing target border values 
Entering MRIScomputeBorderValues_new(): 
  inside_hi   = 120.0000000;
  border_hi   = 112.1951290;
  border_low  =  86.0000000;
  outside_low =  75.9092100;
  outside_hi  = 112.1951290;
  sigma = 0.25;
  max_thickness = 10;
  step_size=0.5;
  STEP_SIZE=0.1;
  which = 1
  thresh = 0
  flags = 0
  CBVfindFirstPeakD1=0
  CBVfindFirstPeakD2=0
  nvertices=175354
  Gdiag_no=-1
  vno start=0, stop=175354
Replacing 255s with 0s
#SI# sigma=0.25 had to be increased for 292 vertices, nripped=10187
mean border=97.7, 71 (10) missing vertices, mean dist -0.1 [0.3 (%58.8)->0.2 (%41.2))]
%89 local maxima, % 5 large gradients and % 0 min vals, 0 gradients ignored
nFirstPeakD1 0
MRIScomputeBorderValues_new() finished in 0.0052 min


Finding expansion regions
mean absolute distance = 0.24 +- 0.37
5553 vertices more than 2 sigmas from mean.
Averaging target values for 5 iterations...
Positioning Surface: tspring = 0.3, nspring = 0.3, spring = 0, niters = 100 l_repulse = 5, l_surf_repulse = 0, checktol = 0
Positioning pial surface
Entering MRISpositionSurface()
  max_mm = 0.3
  MAX_REDUCTIONS = 2, REDUCTION_PCT = 0.5
  parms->check_tol = 0, niterations = 100
tol=1.0e-04, sigma=0.2, host=dna04, nav=0, nbrs=2, l_repulse=5.000, l_tspring=0.300, l_nspring=0.300, l_intensity=0.200, l_curv=1.000
mom=0.00, dt=0.50
000: dt: 0.0000, sse=294022.7, rms=1.072
027: dt: 0.5000, sse=276447.9, rms=0.627 (41.512%)
rms = 0.6820/0.6268, sse=276665.8/276447.9, time step reduction 1 of 3 to 0.250  0 1 1
   RMS increased, rejecting step
rms = 0.5887/0.6268, sse=272404.9/276447.9, time step reduction 2 of 3 to 0.125  0 0 1
028: dt: 0.2500, sse=272404.9, rms=0.589 (6.068%)
rms = 0.5773/0.5887, sse=268199.6/272404.9, time step reduction 3 of 3 to 0.062  0 0 1
029: dt: 0.1250, sse=268199.6, rms=0.577 (1.943%)
  maximum number of reductions reached, breaking from loop
positioning took 0.4 minutes


Writing output to ../surf/lh.white
#ET# mris_place_surface  3.63 minutes
#VMPC# mris_place_surfaces VmPeak  3402200
mris_place_surface done
#--------------------------------------------
#@# T1PialSurf lh Tue Mar 10 00:11:30 CET 2026
cd /out/sourcedata/freesurfer/sub-v1s2x0051472_ses-1/mri
mris_place_surface --adgws-in ../surf/autodet.gw.stats.lh.dat --seg aseg.presurf.mgz --threads 16 --wm wm.mgz --invol brain.finalsurfs.mgz --lh --i ../surf/lh.white --o ../surf/lh.pial.T1 --pial --nsmooth 0 --rip-label ../label/lh.cortex+hipamyg.label --pin-medial-wall ../label/lh.cortex.label --aparc ../label/lh.aparc.annot --repulse-surf ../surf/lh.white --white-surf ../surf/lh.white
7.3.2
7.3.2

cd /out/sourcedata/freesurfer/sub-v1s2x0051472_ses-1/mri
setenv SUBJECTS_DIR /out/sourcedata/freesurfer
mris_place_surface --adgws-in ../surf/autodet.gw.stats.lh.dat --seg aseg.presurf.mgz --threads 16 --wm wm.mgz --invol brain.finalsurfs.mgz --lh --i ../surf/lh.white --o ../surf/lh.pial.T1 --pial --nsmooth 0 --rip-label ../label/lh.cortex+hipamyg.label --pin-medial-wall ../label/lh.cortex.label --aparc ../label/lh.aparc.annot --repulse-surf ../surf/lh.white --white-surf ../surf/lh.white 

Reading in input surface ../surf/lh.white
Not smoothing input surface
Area    350704  0.32163  0.12326 0.000473   2.3749
Corner 1052112 60.00000 15.16124 0.429829 178.4047
Edge    526056  0.87251  0.20426 0.014237   3.9922
Hinge   526056  9.20562 10.30136 0.000034 179.9933
Reading white surface coordinates from ../surf/lh.white
Reading repulsion surface coordinates from ../surf/lh.white
Reading in aparc ../label/lh.aparc.annot
Reading in input volume brain.finalsurfs.mgz
Reading in wm volume wm.mgz
MRIclipBrightWM(): nthresh=26716, wmmin=5, clip=110 
MRIfindBrightNonWM(): 520 bright non-wm voxels segmented.
Masking bright non-wm for pial surface mid_gray = 78.7663
MRImask(): AllowDiffGeom = 1
MRImask(): AllowDiffGeom = 1
MRImask(): AllowDiffGeom = 1
Reading in seg volume aseg.presurf.mgz
Ripping frozen voxels
Ripping vertices not in label ../label/lh.cortex+hipamyg.label
MRISripNotLabel() ripped 7566/175354 vertices (167788 unripped)
INFO: rip surface needed but not specified, so using input surface
Ripping segs (eg, WMSA, BG, frozen)
Starting MRISripSegs() d = (-2 2 0.5) segnos: 247 
MRISripSegs(): -2 2 0.5 ripped 0
vertex 87677: xyz = (-10.7199,-14.3325,10.35) oxyz = (-10.7199,-14.3325,10.35) wxzy = (-10.7199,-14.3325,10.35) pxyz = (-10.7199,-14.3325,10.35) 
CBVO Creating mask 175354
n_averages 16
Iteration 0 =========================================
n_averages=16, current_sigma=2
Computing target border values 
Entering MRIScomputeBorderValues_new(): 
  inside_hi   = 101.8048710;
  border_hi   =  75.9092100;
  border_low  =  55.7276310;
  outside_low =  10.0000000;
  outside_hi  =  70.8638150;
  sigma = 2;
  max_thickness = 10;
  step_size=0.5;
  STEP_SIZE=0.1;
  which = 2
  thresh = 0
  flags = 0
  CBVfindFirstPeakD1=0
  CBVfindFirstPeakD2=0
  nvertices=175354
  Gdiag_no=-1
  vno start=0, stop=175354
Replacing 255s with 0s
#SI# sigma=2 had to be increased for 100 vertices, nripped=7566
mean border=74.2, 99 (99) missing vertices, mean dist 1.6 [0.7 (%0.0)->3.2 (%100.0))]
%14 local maxima, %34 large gradients and %47 min vals, 0 gradients ignored
nFirstPeakD1 0
MRIScomputeBorderValues_new() finished in 0.0167 min


Averaging target values for 5 iterations...
Positioning Surface: tspring = 0.3, nspring = 0.3, spring = 0, niters = 100 l_repulse = 0, l_surf_repulse = 5, checktol = 0
Positioning pial surface
Entering MRISpositionSurface()
  max_mm = 0.3
  MAX_REDUCTIONS = 2, REDUCTION_PCT = 0.5
  parms->check_tol = 0, niterations = 100
tol=1.0e-04, sigma=2.0, host=dna04, nav=16, nbrs=2, l_surf_repulse=5.000, l_tspring=0.300, l_nspring=0.300, l_intensity=0.200, l_curv=1.000
mom=0.00, dt=0.50
complete_dist_mat 0
rms 0
smooth_averages 0
remove_neg 0
ico_order 0
which_surface 0
target_radius 0.000000
nfields 0
scale 0.000000
desired_rms_height 0.000000
momentum 0.000000
nbhd_size 0
max_nbrs 0
niterations 100
nsurfaces 0
SURFACES 3
flags 0 (0)
use curv 0
no sulc 0
no rigid align 0
mris->nsize 2
mris->hemisphere 0
randomSeed 0

000: dt: 0.0000, sse=20476552.0, rms=24.565
001: dt: 0.5000, sse=16186381.0, rms=21.806 (11.230%)
002: dt: 0.5000, sse=12933191.0, rms=19.454 (10.784%)
003: dt: 0.5000, sse=10646927.0, rms=17.614 (9.461%)
004: dt: 0.5000, sse=9044878.0, rms=16.199 (8.033%)
005: dt: 0.5000, sse=7769930.5, rms=14.977 (7.545%)
006: dt: 0.5000, sse=6538193.5, rms=13.692 (8.577%)
007: dt: 0.5000, sse=5338533.5, rms=12.313 (10.077%)
008: dt: 0.5000, sse=4257323.0, rms=10.920 (11.308%)
009: dt: 0.5000, sse=3263895.2, rms=9.462 (13.354%)
010: dt: 0.5000, sse=2449041.5, rms=8.071 (14.700%)
011: dt: 0.5000, sse=1814293.2, rms=6.792 (15.843%)
012: dt: 0.5000, sse=1407190.1, rms=5.825 (14.242%)
013: dt: 0.5000, sse=1136708.9, rms=5.080 (12.786%)
014: dt: 0.5000, sse=1001740.2, rms=4.662 (8.235%)
015: dt: 0.5000, sse=905679.0, rms=4.339 (6.928%)
016: dt: 0.5000, sse=871996.9, rms=4.217 (2.808%)
017: dt: 0.5000, sse=835241.4, rms=4.081 (3.229%)
rms = 4.0672/4.0808, sse=832484.5/835241.4, time step reduction 1 of 3 to 0.250  0 0 1
018: dt: 0.5000, sse=832484.5, rms=4.067 (0.334%)
019: dt: 0.2500, sse=602175.6, rms=3.085 (24.138%)
020: dt: 0.2500, sse=568460.3, rms=2.914 (5.550%)
rms = 2.9196/2.9142, sse=570060.7/568460.3, time step reduction 2 of 3 to 0.125  0 1 1
   RMS increased, rejecting step
021: dt: 0.1250, sse=543894.9, rms=2.784 (4.478%)
022: dt: 0.1250, sse=510230.6, rms=2.592 (6.874%)
023: dt: 0.1250, sse=501855.3, rms=2.542 (1.947%)
rms = 2.5234/2.5419, sse=498896.6/501855.3, time step reduction 3 of 3 to 0.062  0 0 1
024: dt: 0.1250, sse=498896.6, rms=2.523 (0.726%)
  maximum number of reductions reached, breaking from loop
positioning took 2.5 minutes
Iteration 1 =========================================
n_averages=8, current_sigma=1
Computing target border values 
Entering MRIScomputeBorderValues_new(): 
  inside_hi   = 101.8048710;
  border_hi   =  75.9092100;
  border_low  =  55.7276310;
  outside_low =  10.0000000;
  outside_hi  =  70.8638150;
  sigma = 1;
  max_thickness = 10;
  step_size=0.5;
  STEP_SIZE=0.1;
  which = 2
  thresh = 0
  flags = 0
  CBVfindFirstPeakD1=0
  CBVfindFirstPeakD2=0
  nvertices=175354
  Gdiag_no=-1
  vno start=0, stop=175354
Replacing 255s with 0s
#SI# sigma=1 had to be increased for 18560 vertices, nripped=7566
mean border=73.5, 2680 (3) missing vertices, mean dist 0.1 [0.1 (%46.1)->0.5 (%53.9))]
%25 local maxima, %26 large gradients and %43 min vals, 0 gradients ignored
nFirstPeakD1 0
MRIScomputeBorderValues_new() finished in 0.0053 min


Averaging target values for 5 iterations...
Positioning Surface: tspring = 0.3, nspring = 0.3, spring = 0, niters = 100 l_repulse = 0, l_surf_repulse = 5, checktol = 0
Positioning pial surface
Entering MRISpositionSurface()
  max_mm = 0.3
  MAX_REDUCTIONS = 2, REDUCTION_PCT = 0.5
  parms->check_tol = 0, niterations = 100
tol=1.0e-04, sigma=1.0, host=dna04, nav=8, nbrs=2, l_surf_repulse=5.000, l_tspring=0.300, l_nspring=0.300, l_intensity=0.200, l_curv=1.000
mom=0.00, dt=0.50
000: dt: 0.0000, sse=637779.7, rms=2.993
rms = 3.4586/2.9931, sse=739004.0/637779.7, time step reduction 1 of 3 to 0.250  0 1 1
   RMS increased, rejecting step
025: dt: 0.2500, sse=585865.7, rms=2.719 (9.174%)
026: dt: 0.2500, sse=561813.4, rms=2.580 (5.097%)
rms = 2.6432/2.5800, sse=572922.8/561813.5, time step reduction 2 of 3 to 0.125  0 1 1
   RMS increased, rejecting step
027: dt: 0.1250, sse=552511.9, rms=2.525 (2.148%)
028: dt: 0.1250, sse=539913.2, rms=2.447 (3.091%)
rms = 2.4083/2.4465, sse=533815.0/539913.2, time step reduction 3 of 3 to 0.062  0 0 1
029: dt: 0.1250, sse=533815.0, rms=2.408 (1.564%)
  maximum number of reductions reached, breaking from loop
positioning took 0.6 minutes
Iteration 2 =========================================
n_averages=4, current_sigma=0.5
Computing target border values 
Entering MRIScomputeBorderValues_new(): 
  inside_hi   = 101.8048710;
  border_hi   =  75.9092100;
  border_low  =  55.7276310;
  outside_low =  10.0000000;
  outside_hi  =  70.8638150;
  sigma = 0.5;
  max_thickness = 10;
  step_size=0.5;
  STEP_SIZE=0.1;
  which = 2
  thresh = 0
  flags = 0
  CBVfindFirstPeakD1=0
  CBVfindFirstPeakD2=0
  nvertices=175354
  Gdiag_no=-1
  vno start=0, stop=175354
Replacing 255s with 0s
#SI# sigma=0.5 had to be increased for 20143 vertices, nripped=7566
mean border=73.3, 2865 (1) missing vertices, mean dist 0.1 [0.1 (%46.3)->0.4 (%53.7))]
%34 local maxima, %16 large gradients and %43 min vals, 0 gradients ignored
nFirstPeakD1 0
MRIScomputeBorderValues_new() finished in 0.0033 min


Averaging target values for 5 iterations...
Positioning Surface: tspring = 0.3, nspring = 0.3, spring = 0, niters = 100 l_repulse = 0, l_surf_repulse = 5, checktol = 0
Positioning pial surface
Entering MRISpositionSurface()
  max_mm = 0.3
  MAX_REDUCTIONS = 2, REDUCTION_PCT = 0.5
  parms->check_tol = 0, niterations = 100
tol=1.0e-04, sigma=0.5, host=dna04, nav=4, nbrs=2, l_surf_repulse=5.000, l_tspring=0.300, l_nspring=0.300, l_intensity=0.200, l_curv=1.000
mom=0.00, dt=0.50
000: dt: 0.0000, sse=553168.2, rms=2.519
rms = 2.9202/2.5193, sse=625231.3/553168.2, time step reduction 1 of 3 to 0.250  0 1 1
   RMS increased, rejecting step
030: dt: 0.2500, sse=530414.6, rms=2.380 (5.544%)
rms = 2.3437/2.3796, sse=524431.5/530414.6, time step reduction 2 of 3 to 0.125  0 0 1
031: dt: 0.2500, sse=524431.5, rms=2.344 (1.511%)
032: dt: 0.1250, sse=515655.1, rms=2.285 (2.502%)
rms = 2.2602/2.2850, sse=511841.8/515655.1, time step reduction 3 of 3 to 0.062  0 0 1
033: dt: 0.1250, sse=511841.8, rms=2.260 (1.087%)
  maximum number of reductions reached, breaking from loop
positioning took 0.4 minutes
Iteration 3 =========================================
n_averages=2, current_sigma=0.25
Computing target border values 
Entering MRIScomputeBorderValues_new(): 
  inside_hi   = 101.8048710;
  border_hi   =  75.9092100;
  border_low  =  55.7276310;
  outside_low =  10.0000000;
  outside_hi  =  70.8638150;
  sigma = 0.25;
  max_thickness = 10;
  step_size=0.5;
  STEP_SIZE=0.1;
  which = 2
  thresh = 0
  flags = 0
  CBVfindFirstPeakD1=0
  CBVfindFirstPeakD2=0
  nvertices=175354
  Gdiag_no=-1
  vno start=0, stop=175354
Replacing 255s with 0s
#SI# sigma=0.25 had to be increased for 16784 vertices, nripped=7566
mean border=72.9, 7249 (0) missing vertices, mean dist 0.0 [0.1 (%47.2)->0.3 (%52.8))]
%37 local maxima, %14 large gradients and %41 min vals, 0 gradients ignored
nFirstPeakD1 0
MRIScomputeBorderValues_new() finished in 0.0017 min


Averaging target values for 5 iterations...
Positioning Surface: tspring = 0.3, nspring = 0.3, spring = 0, niters = 100 l_repulse = 0, l_surf_repulse = 5, checktol = 0
Positioning pial surface
Entering MRISpositionSurface()
  max_mm = 0.3
  MAX_REDUCTIONS = 2, REDUCTION_PCT = 0.5
  parms->check_tol = 0, niterations = 100
tol=1.0e-04, sigma=0.2, host=dna04, nav=2, nbrs=2, l_surf_repulse=5.000, l_tspring=0.300, l_nspring=0.300, l_intensity=0.200, l_curv=1.000
mom=0.00, dt=0.50
000: dt: 0.0000, sse=524966.8, rms=2.341
rms = 2.7423/2.3414, sse=591469.4/524966.8, time step reduction 1 of 3 to 0.250  0 1 1
   RMS increased, rejecting step
034: dt: 0.2500, sse=512090.8, rms=2.257 (3.585%)
rms = 2.2444/2.2574, sse=509343.8/512090.8, time step reduction 2 of 3 to 0.125  0 0 1
035: dt: 0.2500, sse=509343.8, rms=2.244 (0.579%)
036: dt: 0.1250, sse=500517.8, rms=2.184 (2.706%)
rms = 2.1527/2.1836, sse=495855.2/500517.8, time step reduction 3 of 3 to 0.062  0 0 1
037: dt: 0.1250, sse=495855.2, rms=2.153 (1.414%)
  maximum number of reductions reached, breaking from loop
positioning took 0.5 minutes
Pinning medial wall to white surface
removing intersecting faces
000: 30 intersecting
001: 4 intersecting
terminating search with 0 intersecting


Writing output to ../surf/lh.pial.T1
#ET# mris_place_surface  4.34 minutes
#VMPC# mris_place_surfaces VmPeak  2586752
mris_place_surface done
#@# white curv lh Tue Mar 10 00:15:58 CET 2026
cd /out/sourcedata/freesurfer/sub-v1s2x0051472_ses-1/mri
mris_place_surface --curv-map ../surf/lh.white 2 10 ../surf/lh.curv
insurf  ../surf/lh.white, nbrs 2, curvature_avgs 10
writing curvature file ../surf/lh.curv
#@# white area lh Tue Mar 10 00:16:01 CET 2026
cd /out/sourcedata/freesurfer/sub-v1s2x0051472_ses-1/mri
mris_place_surface --area-map ../surf/lh.white ../surf/lh.area
writing curvature file ../surf/lh.area
#@# pial curv lh Tue Mar 10 00:16:02 CET 2026
cd /out/sourcedata/freesurfer/sub-v1s2x0051472_ses-1/mri
mris_place_surface --curv-map ../surf/lh.pial 2 10 ../surf/lh.curv.pial
insurf  ../surf/lh.pial, nbrs 2, curvature_avgs 10
writing curvature file ../surf/lh.curv.pial
#@# pial area lh Tue Mar 10 00:16:04 CET 2026
cd /out/sourcedata/freesurfer/sub-v1s2x0051472_ses-1/mri
mris_place_surface --area-map ../surf/lh.pial ../surf/lh.area.pial
writing curvature file ../surf/lh.area.pial
#@# thickness lh Tue Mar 10 00:16:05 CET 2026
cd /out/sourcedata/freesurfer/sub-v1s2x0051472_ses-1/mri
mris_place_surface --thickness ../surf/lh.white ../surf/lh.pial 20 5 ../surf/lh.thickness
0 of 175354 vertices processed
25000 of 175354 vertices processed
50000 of 175354 vertices processed
75000 of 175354 vertices processed
100000 of 175354 vertices processed
125000 of 175354 vertices processed
150000 of 175354 vertices processed
175000 of 175354 vertices processed
0 of 175354 vertices processed
25000 of 175354 vertices processed
50000 of 175354 vertices processed
75000 of 175354 vertices processed
100000 of 175354 vertices processed
125000 of 175354 vertices processed
150000 of 175354 vertices processed
175000 of 175354 vertices processed
thickness calculation complete, 679:2248 truncations.
80129 vertices at 0 distance
142291 vertices at 1 distance
78118 vertices at 2 distance
30742 vertices at 3 distance
11777 vertices at 4 distance
4522 vertices at 5 distance
1732 vertices at 6 distance
678 vertices at 7 distance
280 vertices at 8 distance
129 vertices at 9 distance
89 vertices at 10 distance
51 vertices at 11 distance
30 vertices at 12 distance
31 vertices at 13 distance
23 vertices at 14 distance
29 vertices at 15 distance
12 vertices at 16 distance
15 vertices at 17 distance
13 vertices at 18 distance
6 vertices at 19 distance
11 vertices at 20 distance
writing curvature file ../surf/lh.thickness
#@# area and vertex vol lh Tue Mar 10 00:16:44 CET 2026
cd /out/sourcedata/freesurfer/sub-v1s2x0051472_ses-1/mri
mris_place_surface --thickness ../surf/lh.white ../surf/lh.pial 20 5 ../surf/lh.thickness
/out/sourcedata/freesurfer/sub-v1s2x0051472_ses-1/surf
mris_calc -o lh.area.mid lh.area add lh.area.pial
Saving result to 'lh.area.mid' (type = MRI_CURV_FILE)                       [ ok ]
mris_calc -o lh.area.mid lh.area.mid div 2
Saving result to 'lh.area.mid' (type = MRI_CURV_FILE)                       [ ok ]
mris_convert --volume sub-v1s2x0051472_ses-1 lh /out/sourcedata/freesurfer/sub-v1s2x0051472_ses-1/surf/lh.volume
masking with /out/sourcedata/freesurfer/sub-v1s2x0051472_ses-1/label/lh.cortex.label
Total face volume 321402
Total vertex volume 321152 (mask=0)
#@# sub-v1s2x0051472_ses-1 lh 321152
 
vertexvol Done

#-----------------------------------------
#@# Curvature Stats lh Tue Mar 10 00:16:46 CET 2026
/out/sourcedata/freesurfer/sub-v1s2x0051472_ses-1/surf

 mris_curvature_stats -m --writeCurvatureFiles -G -o ../stats/lh.curv.stats -F smoothwm sub-v1s2x0051472_ses-1 lh curv sulc 

             Toggling save flag on curvature files                       [ ok ]
                 Outputting results using filestem   [ ../stats/lh.curv.stats ]
             Toggling save flag on curvature files                       [ ok ]
                                   Setting surface [ sub-v1s2x0051472_ses-1/lh.smoothwm ]
                                Reading surface...                       [ ok ]
                                   Setting texture                     [ curv ]
                                Reading texture...                       [ ok ]
                                   Setting texture                     [ sulc ]
                                Reading texture...Gb_filter = 0
                       [ ok ]
      Calculating Discrete Principal Curvatures...
      Determining geometric order for vno faces... [####################] [ ok ]
                      Determining KH curvatures... [####################] [ ok ]
                    Determining k1k2 curvatures... [####################] [ ok ]
                                   deltaViolations                      [ 297 ]
Gb_filter = 0
#-----------------------------------------
#@# Cortical Parc 2 lh Tue Mar 10 00:16:49 CET 2026
/out/sourcedata/freesurfer/sub-v1s2x0051472_ses-1/scripts

 mris_ca_label -l ../label/lh.cortex.label -aseg ../mri/aseg.presurf.mgz -seed 1234 sub-v1s2x0051472_ses-1 lh ../surf/lh.sphere.reg /opt/freesurfer/average/lh.CDaparc.atlas.acfb40.noaparc.i12.2016-08-02.gcs ../label/lh.aparc.a2009s.annot 

setting seed for random number generator to 1234
using ../mri/aseg.presurf.mgz aseg volume to correct midline
7.3.2
  7.3.2
reading atlas from /opt/freesurfer/average/lh.CDaparc.atlas.acfb40.noaparc.i12.2016-08-02.gcs...
reading color table from GCSA file....
average std = 3.0   using min determinant for regularization = 0.088
0 singular and 0 ill-conditioned covariance matrices regularized
input 0: MEAN CURVATURE, flags 0, avgs 5, name mean_curvature
labeling surface...
4 labels changed using aseg
relabeling using gibbs priors...
000:  11530 changed, 175354 examined...
001:   2722 changed, 44321 examined...
002:    790 changed, 14320 examined...
003:    344 changed, 4533 examined...
004:    185 changed, 1976 examined...
005:    106 changed, 1086 examined...
006:     64 changed, 619 examined...
007:     36 changed, 331 examined...
008:     18 changed, 198 examined...
009:     17 changed, 99 examined...
010:     14 changed, 85 examined...
011:      8 changed, 73 examined...
012:      2 changed, 42 examined...
013:      0 changed, 13 examined...
2 labels changed using aseg
000: 280 total segments, 192 labels (2383 vertices) changed
001: 93 total segments, 6 labels (39 vertices) changed
002: 87 total segments, 0 labels (0 vertices) changed
10 filter iterations complete (10 requested, 47 changed)
rationalizing unknown annotations with cortex label
relabeling Medial_wall label...
1427 vertices marked for relabeling...
1427 labels changed in reclassification.
writing output to ../label/lh.aparc.a2009s.annot...
classification took 0 minutes and 17 seconds.
#-----------------------------------------
#@# Cortical Parc 3 lh Tue Mar 10 00:17:06 CET 2026
/out/sourcedata/freesurfer/sub-v1s2x0051472_ses-1/scripts

 mris_ca_label -l ../label/lh.cortex.label -aseg ../mri/aseg.presurf.mgz -seed 1234 sub-v1s2x0051472_ses-1 lh ../surf/lh.sphere.reg /opt/freesurfer/average/lh.DKTaparc.atlas.acfb40.noaparc.i12.2016-08-02.gcs ../label/lh.aparc.DKTatlas.annot 

setting seed for random number generator to 1234
using ../mri/aseg.presurf.mgz aseg volume to correct midline
7.3.2
  7.3.2
reading atlas from /opt/freesurfer/average/lh.DKTaparc.atlas.acfb40.noaparc.i12.2016-08-02.gcs...
reading color table from GCSA file....
average std = 1.4   using min determinant for regularization = 0.020
0 singular and 383 ill-conditioned covariance matrices regularized
input 0: MEAN CURVATURE, flags 0, avgs 5, name mean_curvature
labeling surface...
2051 labels changed using aseg
relabeling using gibbs priors...
000:   2471 changed, 175354 examined...
001:    603 changed, 11193 examined...
002:    163 changed, 3426 examined...
003:     72 changed, 932 examined...
004:     40 changed, 407 examined...
005:     29 changed, 219 examined...
006:     19 changed, 155 examined...
007:     17 changed, 99 examined...
008:     13 changed, 85 examined...
009:      7 changed, 75 examined...
010:      2 changed, 47 examined...
011:      1 changed, 14 examined...
012:      0 changed, 6 examined...
312 labels changed using aseg
000: 56 total segments, 23 labels (320 vertices) changed
001: 33 total segments, 0 labels (0 vertices) changed
10 filter iterations complete (10 requested, 6 changed)
rationalizing unknown annotations with cortex label
relabeling unknown label...
relabeling corpuscallosum label...
949 vertices marked for relabeling...
949 labels changed in reclassification.
writing output to ../label/lh.aparc.DKTatlas.annot...
classification took 0 minutes and 14 seconds.
#-----------------------------------------
#@# WM/GM Contrast lh Tue Mar 10 00:17:20 CET 2026
/out/sourcedata/freesurfer/sub-v1s2x0051472_ses-1/scripts

 pctsurfcon --s sub-v1s2x0051472_ses-1 --lh-only 

Log file is /out/sourcedata/freesurfer/sub-v1s2x0051472_ses-1/scripts/pctsurfcon.log
Tue Mar 10 00:17:20 CET 2026
setenv SUBJECTS_DIR /out/sourcedata/freesurfer
cd /out/sourcedata/freesurfer/sub-v1s2x0051472_ses-1/scripts
/opt/freesurfer/bin/pctsurfcon
pctsurfcon 7.3.2
Linux dna049 5.14.0-427.37.1.el9_4.x86_64 #1 SMP PREEMPT_DYNAMIC Fri Sep 13 12:41:50 EDT 2024 x86_64 x86_64 x86_64 GNU/Linux
FREESURFER_HOME /opt/freesurfer
mri_vol2surf --mov /out/sourcedata/freesurfer/sub-v1s2x0051472_ses-1/mri/rawavg.mgz --hemi lh --noreshape --interp trilinear --projdist -1 --o /out/sourcedata/freesurfer/sub-v1s2x0051472_ses-1/surf/tmp.pctsurfcon.2894055/lh.wm.mgh --regheader sub-v1s2x0051472_ses-1 --cortex
srcvol = /out/sourcedata/freesurfer/sub-v1s2x0051472_ses-1/mri/rawavg.mgz
srcreg unspecified
srcregold = 0
srcwarp unspecified
surf = white
hemi = lh
ProjDist = -1
reshape = 0
interp = trilinear
float2int = round
GetProjMax = 0
INFO: float2int code = 0
Done loading volume
Computing registration from header.
  Using /out/sourcedata/freesurfer/sub-v1s2x0051472_ses-1/mri/orig.mgz as target reference.
-------- original matrix -----------
-1.00000   0.00000   0.00000   0.00000;
 0.00000   0.00000   1.00000   0.00000;
 0.00000  -1.00000   0.00000   0.00000;
 0.00000   0.00000   0.00000   1.00000;
-------- original matrix -----------
Loading label /out/sourcedata/freesurfer/sub-v1s2x0051472_ses-1/label/lh.cortex.label
Reading surface /out/sourcedata/freesurfer/sub-v1s2x0051472_ses-1/surf/lh.white
Done reading source surface
Mapping Source Volume onto Source Subject Surface
Projecting -1 -1 1
 1 -1 -1 -1
using old
Done mapping volume to surface
Number of source voxels hit = 100466
Masking with /out/sourcedata/freesurfer/sub-v1s2x0051472_ses-1/label/lh.cortex.label
Writing to /out/sourcedata/freesurfer/sub-v1s2x0051472_ses-1/surf/tmp.pctsurfcon.2894055/lh.wm.mgh
Dim: 175354 1 1
mri_vol2surf --mov /out/sourcedata/freesurfer/sub-v1s2x0051472_ses-1/mri/rawavg.mgz --hemi lh --noreshape --interp trilinear --o /out/sourcedata/freesurfer/sub-v1s2x0051472_ses-1/surf/tmp.pctsurfcon.2894055/lh.gm.mgh --projfrac 0.3 --regheader sub-v1s2x0051472_ses-1 --cortex
srcvol = /out/sourcedata/freesurfer/sub-v1s2x0051472_ses-1/mri/rawavg.mgz
srcreg unspecified
srcregold = 0
srcwarp unspecified
surf = white
hemi = lh
ProjFrac = 0.3
thickness = thickness
reshape = 0
interp = trilinear
float2int = round
GetProjMax = 0
INFO: float2int code = 0
Done loading volume
Computing registration from header.
  Using /out/sourcedata/freesurfer/sub-v1s2x0051472_ses-1/mri/orig.mgz as target reference.
-------- original matrix -----------
-1.00000   0.00000   0.00000   0.00000;
 0.00000   0.00000   1.00000   0.00000;
 0.00000  -1.00000   0.00000   0.00000;
 0.00000   0.00000   0.00000   1.00000;
-------- original matrix -----------
Loading label /out/sourcedata/freesurfer/sub-v1s2x0051472_ses-1/label/lh.cortex.label
Reading surface /out/sourcedata/freesurfer/sub-v1s2x0051472_ses-1/surf/lh.white
Done reading source surface
Reading thickness /out/sourcedata/freesurfer/sub-v1s2x0051472_ses-1/surf/lh.thickness
Done
Mapping Source Volume onto Source Subject Surface
Projecting 0.3 0.3 1
 1 0.3 0.3 0.3
using old
Done mapping volume to surface
Number of source voxels hit = 116493
Masking with /out/sourcedata/freesurfer/sub-v1s2x0051472_ses-1/label/lh.cortex.label
Writing to /out/sourcedata/freesurfer/sub-v1s2x0051472_ses-1/surf/tmp.pctsurfcon.2894055/lh.gm.mgh
Dim: 175354 1 1
mri_concat /out/sourcedata/freesurfer/sub-v1s2x0051472_ses-1/surf/tmp.pctsurfcon.2894055/lh.wm.mgh /out/sourcedata/freesurfer/sub-v1s2x0051472_ses-1/surf/tmp.pctsurfcon.2894055/lh.gm.mgh --paired-diff-norm --mul 100 --o /out/sourcedata/freesurfer/sub-v1s2x0051472_ses-1/surf/lh.w-g.pct.mgh
ninputs = 2
Checking inputs
nframestot = 2
Allocing output
Done allocing
Combining pairs
nframes = 1
Multiplying by 100.000000
Writing to /out/sourcedata/freesurfer/sub-v1s2x0051472_ses-1/surf/lh.w-g.pct.mgh
mri_segstats --in /out/sourcedata/freesurfer/sub-v1s2x0051472_ses-1/surf/lh.w-g.pct.mgh --annot sub-v1s2x0051472_ses-1 lh aparc --sum /out/sourcedata/freesurfer/sub-v1s2x0051472_ses-1/stats/lh.w-g.pct.stats --snr

7.3.2
cwd 
cmdline mri_segstats --in /out/sourcedata/freesurfer/sub-v1s2x0051472_ses-1/surf/lh.w-g.pct.mgh --annot sub-v1s2x0051472_ses-1 lh aparc --sum /out/sourcedata/freesurfer/sub-v1s2x0051472_ses-1/stats/lh.w-g.pct.stats --snr 
sysname  Linux
hostname dna049
machine  x86_64
user     oesteban
whitesurfname  white
UseRobust  0
Constructing seg from annotation

Reading annotation /out/sourcedata/freesurfer/sub-v1s2x0051472_ses-1/label/lh.aparc.annot
Seg base 1000
Loading /out/sourcedata/freesurfer/sub-v1s2x0051472_ses-1/surf/lh.w-g.pct.mgh
Vertex Area is 0.643255 mm^3
Generating list of segmentation ids
Found  36 segmentations
Computing statistics for each segmentation

Reporting on  35 segmentations
Using PrintSegStat
mri_segstats done
Cleaning up

Started at Mon Mar 9 23:46:30 CET 2026 
Ended   at Tue Mar 10 00:17:24 CET 2026
#@#%# recon-all-run-time-hours 0.515
recon-all -s sub-v1s2x0051472_ses-1 finished without error at Tue Mar 10 00:17:24 CET 2026



#New# invocation of recon-all 




Tue Mar 10 00:58:54 CET 2026
cd /out/sourcedata/freesurfer/sub-v1s2x0051472_ses-1
setenv SUBJECTS_DIR /out/sourcedata/freesurfer
/opt/freesurfer/bin/recon-all -autorecon-hemi lh -nohyporelabel -lh-only -openmp 16 -subjid sub-v1s2x0051472_ses-1 -sd /out/sourcedata/freesurfer -notessellate -nosmooth1 -noinflate1 -noqsphere -nofix -nowhite -nosmooth2 -noinflate2 -nocurvHK -nocurvstats -nosphere -nosurfreg -nojacobian_white -noavgcurv -nocortparc -nopial -nocortparc2 -nocortparc3 -nopctsurfcon

subjid sub-v1s2x0051472_ses-1
setenv SUBJECTS_DIR /out/sourcedata/freesurfer
FREESURFER_HOME /opt/freesurfer
Actual FREESURFER_HOME /opt/freesurfer
build-stamp.txt: freesurfer-linux-ubuntu22_x86_64-7.3.2-20220804-6354275
Linux dna049 5.14.0-427.37.1.el9_4.x86_64 #1 SMP PREEMPT_DYNAMIC Fri Sep 13 12:41:50 EDT 2024 x86_64 x86_64 x86_64 GNU/Linux
cputime      unlimited
filesize     unlimited
datasize     unlimited
stacksize    8192 kbytes
coredumpsize 0 kbytes
memoryuse    67108864 kbytes
vmemoryuse   unlimited
descriptors  1024 
memorylocked unlimited
maxproc      2061970 
maxlocks     unlimited
maxsignal    2061970 
maxmessage   819200 
maxnice      0 
maxrtprio    0 
maxrttime    unlimited

               total        used        free      shared  buff/cache   available
Mem:           503Gi        48Gi       412Gi       7.0Gi        42Gi       444Gi
Swap:             0B          0B          0B

########################################
program versions used
7.3.2 (freesurfer-linux-ubuntu22_x86_64-7.3.2-20220804-6354275)
7.3.2

ProgramName: lta_convert  ProgramArguments: lta_convert -all-info  ProgramVersion: 7.3.2  TimeStamp: 2026/03/09-23:58:54-GMT  BuildTime: Aug  4 2022 06:17:15  BuildStamp: freesurfer-linux-ubuntu22_x86_64-7.3.2-20220804-6354275  User: oesteban  Machine: dna049  Platform: Linux  PlatformVersion: 5.14.0-427.37.1.el9_4.x86_64  CompilerName: GCC  CompilerVersion: 8.4.0
ProgramName: mri_and  ProgramArguments: mri_and -all-info  ProgramVersion: 7.3.2  TimeStamp: 2026/03/09-23:58:54-GMT  BuildTime: Aug  4 2022 06:17:15  BuildStamp: freesurfer-linux-ubuntu22_x86_64-7.3.2-20220804-6354275  User: oesteban  Machine: dna049  Platform: Linux  PlatformVersion: 5.14.0-427.37.1.el9_4.x86_64  CompilerName: GCC  CompilerVersion: 8.4.0
ProgramName: mri_annotation2label  ProgramArguments: mri_annotation2label -all-info  ProgramVersion: 7.3.2  TimeStamp: 2026/03/09-23:58:55-GMT  BuildTime: Aug  4 2022 06:17:15  BuildStamp: freesurfer-linux-ubuntu22_x86_64-7.3.2-20220804-6354275  User: oesteban  Machine: dna049  Platform: Linux  PlatformVersion: 5.14.0-427.37.1.el9_4.x86_64  CompilerName: GCC  CompilerVersion: 8.4.0
ProgramName: mri_aparc2aseg  ProgramArguments: mri_aparc2aseg -all-info  ProgramVersion: 7.3.2  TimeStamp: 2026/03/09-23:58:55-GMT  BuildTime: Aug  4 2022 06:17:15  BuildStamp: freesurfer-linux-ubuntu22_x86_64-7.3.2-20220804-6354275  User: oesteban  Machine: dna049  Platform: Linux  PlatformVersion: 5.14.0-427.37.1.el9_4.x86_64  CompilerName: GCC  CompilerVersion: 8.4.0
ProgramName: mri_surf2volseg  ProgramArguments: mri_surf2volseg -all-info  ProgramVersion: 7.3.2  TimeStamp: 2026/03/09-23:58:55-GMT  BuildTime: Aug  4 2022 06:17:15  BuildStamp: freesurfer-linux-ubuntu22_x86_64-7.3.2-20220804-6354275  User: oesteban  Machine: dna049  Platform: Linux  PlatformVersion: 5.14.0-427.37.1.el9_4.x86_64  CompilerName: GCC  CompilerVersion: 8.4.0
ProgramName: mri_binarize  ProgramArguments: mri_binarize -all-info  ProgramVersion: 7.3.2  TimeStamp: 2026/03/09-23:58:55-GMT  BuildTime: Aug  4 2022 06:17:15  BuildStamp: freesurfer-linux-ubuntu22_x86_64-7.3.2-20220804-6354275  User: oesteban  Machine: dna049  Platform: Linux  PlatformVersion: 5.14.0-427.37.1.el9_4.x86_64  CompilerName: GCC  CompilerVersion: 8.4.0
ProgramName: mri_ca_label  ProgramArguments: mri_ca_label -all-info  ProgramVersion: 7.3.2  TimeStamp: 2026/03/09-23:58:55-GMT  BuildTime: Aug  4 2022 06:17:15  BuildStamp: freesurfer-linux-ubuntu22_x86_64-7.3.2-20220804-6354275  User: oesteban  Machine: dna049  Platform: Linux  PlatformVersion: 5.14.0-427.37.1.el9_4.x86_64  CompilerName: GCC  CompilerVersion: 8.4.0
ProgramName: mri_ca_normalize  ProgramArguments: mri_ca_normalize -all-info  ProgramVersion: 7.3.2  TimeStamp: 2026/03/09-23:58:55-GMT  BuildTime: Aug  4 2022 06:17:15  BuildStamp: freesurfer-linux-ubuntu22_x86_64-7.3.2-20220804-6354275  User: oesteban  Machine: dna049  Platform: Linux  PlatformVersion: 5.14.0-427.37.1.el9_4.x86_64  CompilerName: GCC  CompilerVersion: 8.4.0
ProgramName: mri_ca_register  ProgramArguments: mri_ca_register -all-info  ProgramVersion: 7.3.2  TimeStamp: 2026/03/09-23:58:55-GMT  BuildTime: Aug  4 2022 06:17:15  BuildStamp: freesurfer-linux-ubuntu22_x86_64-7.3.2-20220804-6354275  User: oesteban  Machine: dna049  Platform: Linux  PlatformVersion: 5.14.0-427.37.1.el9_4.x86_64  CompilerName: GCC  CompilerVersion: 8.4.0
ProgramName: mri_cc  ProgramArguments: mri_cc -all-info  ProgramVersion: 7.3.2  TimeStamp: 2026/03/09-23:58:55-GMT  BuildTime: Aug  4 2022 06:17:15  BuildStamp: freesurfer-linux-ubuntu22_x86_64-7.3.2-20220804-6354275  User: oesteban  Machine: dna049  Platform: Linux  PlatformVersion: 5.14.0-427.37.1.el9_4.x86_64  CompilerName: GCC  CompilerVersion: 8.4.0
ProgramName: mri_compute_overlap  ProgramArguments: mri_compute_overlap -all-info  ProgramVersion: 7.3.2  TimeStamp: 2026/03/09-23:58:55-GMT  BuildTime: Aug  4 2022 06:17:15  BuildStamp: freesurfer-linux-ubuntu22_x86_64-7.3.2-20220804-6354275  User: oesteban  Machine: dna049  Platform: Linux  PlatformVersion: 5.14.0-427.37.1.el9_4.x86_64  CompilerName: GCC  CompilerVersion: 8.4.0
ProgramName: mri_compute_seg_overlap  ProgramArguments: mri_compute_seg_overlap -all-info  ProgramVersion: 7.3.2  TimeStamp: 2026/03/09-23:58:55-GMT  BuildTime: Aug  4 2022 06:17:15  BuildStamp: freesurfer-linux-ubuntu22_x86_64-7.3.2-20220804-6354275  User: oesteban  Machine: dna049  Platform: Linux  PlatformVersion: 5.14.0-427.37.1.el9_4.x86_64  CompilerName: GCC  CompilerVersion: 8.4.0
ProgramName: mri_concat  ProgramArguments: mri_concat -all-info  ProgramVersion: 7.3.2  TimeStamp: 2026/03/09-23:58:55-GMT  BuildTime: Aug  4 2022 06:17:15  BuildStamp: freesurfer-linux-ubuntu22_x86_64-7.3.2-20220804-6354275  User: oesteban  Machine: dna049  Platform: Linux  PlatformVersion: 5.14.0-427.37.1.el9_4.x86_64  CompilerName: GCC  CompilerVersion: 8.4.0
ProgramName: mri_concatenate_lta  ProgramArguments: mri_concatenate_lta -all-info  ProgramVersion: 7.3.2  TimeStamp: 2026/03/09-23:58:55-GMT  BuildTime: Aug  4 2022 06:17:15  BuildStamp: freesurfer-linux-ubuntu22_x86_64-7.3.2-20220804-6354275  User: oesteban  Machine: dna049  Platform: Linux  PlatformVersion: 5.14.0-427.37.1.el9_4.x86_64  CompilerName: GCC  CompilerVersion: 8.4.0
mri_convert -all-info 
ProgramName: mri_convert  ProgramArguments: mri_convert -all-info  ProgramVersion: 7.3.2  TimeStamp: 2026/03/09-23:58:55-GMT  BuildTime: Aug  4 2022 06:17:15  BuildStamp: freesurfer-linux-ubuntu22_x86_64-7.3.2-20220804-6354275  User: oesteban  Machine: dna049  Platform: Linux  PlatformVersion: 5.14.0-427.37.1.el9_4.x86_64  CompilerName: GCC  CompilerVersion: 8.4.0
ProgramName: mri_diff  ProgramArguments: mri_diff -all-info  ProgramVersion: 7.3.2  TimeStamp: 2026/03/09-23:58:55-GMT  BuildTime: Aug  4 2022 06:17:15  BuildStamp: freesurfer-linux-ubuntu22_x86_64-7.3.2-20220804-6354275  User: oesteban  Machine: dna049  Platform: Linux  PlatformVersion: 5.14.0-427.37.1.el9_4.x86_64  CompilerName: GCC  CompilerVersion: 8.4.0
ProgramName: mri_edit_wm_with_aseg  ProgramArguments: mri_edit_wm_with_aseg -all-info  ProgramVersion: 7.3.2  TimeStamp: 2026/03/09-23:58:55-GMT  BuildTime: Aug  4 2022 06:17:15  BuildStamp: freesurfer-linux-ubuntu22_x86_64-7.3.2-20220804-6354275  User: oesteban  Machine: dna049  Platform: Linux  PlatformVersion: 5.14.0-427.37.1.el9_4.x86_64  CompilerName: GCC  CompilerVersion: 8.4.0
ProgramName: mri_em_register  ProgramArguments: mri_em_register -all-info  ProgramVersion: 7.3.2  TimeStamp: 2026/03/09-23:58:55-GMT  BuildTime: Aug  4 2022 06:17:15  BuildStamp: freesurfer-linux-ubuntu22_x86_64-7.3.2-20220804-6354275  User: oesteban  Machine: dna049  Platform: Linux  PlatformVersion: 5.14.0-427.37.1.el9_4.x86_64  CompilerName: GCC  CompilerVersion: 8.4.0
ProgramName: mri_fill  ProgramArguments: mri_fill -all-info  ProgramVersion: 7.3.2  TimeStamp: 2026/03/09-23:58:55-GMT  BuildTime: Aug  4 2022 06:17:15  BuildStamp: freesurfer-linux-ubuntu22_x86_64-7.3.2-20220804-6354275  User: oesteban  Machine: dna049  Platform: Linux  PlatformVersion: 5.14.0-427.37.1.el9_4.x86_64  CompilerName: GCC  CompilerVersion: 8.4.0
ProgramName: mri_fuse_segmentations  ProgramArguments: mri_fuse_segmentations -all-info  ProgramVersion: 7.3.2  TimeStamp: 2026/03/09-23:58:55-GMT  BuildTime: Aug  4 2022 06:17:15  BuildStamp: freesurfer-linux-ubuntu22_x86_64-7.3.2-20220804-6354275  User: oesteban  Machine: dna049  Platform: Linux  PlatformVersion: 5.14.0-427.37.1.el9_4.x86_64  CompilerName: GCC  CompilerVersion: 8.4.0
ProgramName: mri_fwhm  ProgramArguments: mri_fwhm -all-info  ProgramVersion: 7.3.2  TimeStamp: 2026/03/09-23:58:55-GMT  BuildTime: Aug  4 2022 06:17:15  BuildStamp: freesurfer-linux-ubuntu22_x86_64-7.3.2-20220804-6354275  User: oesteban  Machine: dna049  Platform: Linux  PlatformVersion: 5.14.0-427.37.1.el9_4.x86_64  CompilerName: GCC  CompilerVersion: 8.4.0
ProgramName: mri_gcut  ProgramArguments: mri_gcut -all-info  ProgramVersion: 7.3.2  TimeStamp: 2026/03/09-23:58:55-GMT  BuildTime: Aug  4 2022 06:17:15  BuildStamp: freesurfer-linux-ubuntu22_x86_64-7.3.2-20220804-6354275  User: oesteban  Machine: dna049  Platform: Linux  PlatformVersion: 5.14.0-427.37.1.el9_4.x86_64  CompilerName: GCC  CompilerVersion: 8.4.0
ProgramName: mri_info  ProgramArguments: mri_info -all-info  ProgramVersion: 7.3.2  TimeStamp: 2026/03/09-23:58:55-GMT  BuildTime: Aug  4 2022 06:17:15  BuildStamp: freesurfer-linux-ubuntu22_x86_64-7.3.2-20220804-6354275  User: oesteban  Machine: dna049  Platform: Linux  PlatformVersion: 5.14.0-427.37.1.el9_4.x86_64  CompilerName: GCC  CompilerVersion: 8.4.0
ProgramName: mri_label2label  ProgramArguments: mri_label2label -all-info  ProgramVersion: 7.3.2  TimeStamp: 2026/03/09-23:58:55-GMT  BuildTime: Aug  4 2022 06:17:15  BuildStamp: freesurfer-linux-ubuntu22_x86_64-7.3.2-20220804-6354275  User: oesteban  Machine: dna049  Platform: Linux  PlatformVersion: 5.14.0-427.37.1.el9_4.x86_64  CompilerName: GCC  CompilerVersion: 8.4.0
ProgramName: mri_label2vol  ProgramArguments: mri_label2vol -all-info  ProgramVersion: 7.3.2  TimeStamp: 2026/03/09-23:58:55-GMT  BuildTime: Aug  4 2022 06:17:15  BuildStamp: freesurfer-linux-ubuntu22_x86_64-7.3.2-20220804-6354275  User: oesteban  Machine: dna049  Platform: Linux  PlatformVersion: 5.14.0-427.37.1.el9_4.x86_64  CompilerName: GCC  CompilerVersion: 8.4.0
ProgramName: mri_log_likelihood  ProgramArguments: mri_log_likelihood -all-info  ProgramVersion: 7.3.2  TimeStamp: 2026/03/09-23:58:55-GMT  BuildTime: Aug  4 2022 06:17:15  BuildStamp: freesurfer-linux-ubuntu22_x86_64-7.3.2-20220804-6354275  User: oesteban  Machine: dna049  Platform: Linux  PlatformVersion: 5.14.0-427.37.1.el9_4.x86_64  CompilerName: GCC  CompilerVersion: 8.4.0
ProgramName: mri_mask  ProgramArguments: mri_mask -all-info  ProgramVersion: 7.3.2  TimeStamp: 2026/03/09-23:58:55-GMT  BuildTime: Aug  4 2022 06:17:15  BuildStamp: freesurfer-linux-ubuntu22_x86_64-7.3.2-20220804-6354275  User: oesteban  Machine: dna049  Platform: Linux  PlatformVersion: 5.14.0-427.37.1.el9_4.x86_64  CompilerName: GCC  CompilerVersion: 8.4.0
ProgramName: mri_matrix_multiply  ProgramArguments: mri_matrix_multiply -all-info  ProgramVersion: 7.3.2  TimeStamp: 2026/03/09-23:58:55-GMT  BuildTime: Aug  4 2022 06:17:15  BuildStamp: freesurfer-linux-ubuntu22_x86_64-7.3.2-20220804-6354275  User: oesteban  Machine: dna049  Platform: Linux  PlatformVersion: 5.14.0-427.37.1.el9_4.x86_64  CompilerName: GCC  CompilerVersion: 8.4.0
ProgramName: mri_normalize  ProgramArguments: mri_normalize -all-info  ProgramVersion: 7.3.2  TimeStamp: 2026/03/09-23:58:55-GMT  BuildTime: Aug  4 2022 06:17:15  BuildStamp: freesurfer-linux-ubuntu22_x86_64-7.3.2-20220804-6354275  User: oesteban  Machine: dna049  Platform: Linux  PlatformVersion: 5.14.0-427.37.1.el9_4.x86_64  CompilerName: GCC  CompilerVersion: 8.4.0
ProgramName: mri_normalize_tp2  ProgramArguments: mri_normalize_tp2 -all-info  ProgramVersion: 7.3.2  TimeStamp: 2026/03/09-23:58:55-GMT  BuildTime: Aug  4 2022 06:17:15  BuildStamp: freesurfer-linux-ubuntu22_x86_64-7.3.2-20220804-6354275  User: oesteban  Machine: dna049  Platform: Linux  PlatformVersion: 5.14.0-427.37.1.el9_4.x86_64  CompilerName: GCC  CompilerVersion: 8.4.0
ProgramName: mri_or  ProgramArguments: mri_or -all-info  ProgramVersion: 7.3.2  TimeStamp: 2026/03/09-23:58:55-GMT  BuildTime: Aug  4 2022 06:17:15  BuildStamp: freesurfer-linux-ubuntu22_x86_64-7.3.2-20220804-6354275  User: oesteban  Machine: dna049  Platform: Linux  PlatformVersion: 5.14.0-427.37.1.el9_4.x86_64  CompilerName: GCC  CompilerVersion: 8.4.0
ProgramName: mri_relabel_hypointensities  ProgramArguments: mri_relabel_hypointensities -all-info  ProgramVersion: 7.3.2  TimeStamp: 2026/03/09-23:58:55-GMT  BuildTime: Aug  4 2022 06:17:15  BuildStamp: freesurfer-linux-ubuntu22_x86_64-7.3.2-20220804-6354275  User: oesteban  Machine: dna049  Platform: Linux  PlatformVersion: 5.14.0-427.37.1.el9_4.x86_64  CompilerName: GCC  CompilerVersion: 8.4.0
ProgramName: mri_relabel_nonwm_hypos  ProgramArguments: mri_relabel_nonwm_hypos -all-info  ProgramVersion: 7.3.2  TimeStamp: 2026/03/09-23:58:55-GMT  BuildTime: Aug  4 2022 06:17:15  BuildStamp: freesurfer-linux-ubuntu22_x86_64-7.3.2-20220804-6354275  User: oesteban  Machine: dna049  Platform: Linux  PlatformVersion: 5.14.0-427.37.1.el9_4.x86_64  CompilerName: GCC  CompilerVersion: 8.4.0
ProgramName: mri_remove_neck  ProgramArguments: mri_remove_neck -all-info  ProgramVersion: 7.3.2  TimeStamp: 2026/03/09-23:58:55-GMT  BuildTime: Aug  4 2022 06:17:15  BuildStamp: freesurfer-linux-ubuntu22_x86_64-7.3.2-20220804-6354275  User: oesteban  Machine: dna049  Platform: Linux  PlatformVersion: 5.14.0-427.37.1.el9_4.x86_64  CompilerName: GCC  CompilerVersion: 8.4.0
7.3.2

ProgramName: mri_robust_register  ProgramArguments: mri_robust_register -all-info  ProgramVersion: 7.3.2  TimeStamp: 2026/03/09-23:58:55-GMT  BuildTime: Aug  4 2022 06:17:15  BuildStamp: freesurfer-linux-ubuntu22_x86_64-7.3.2-20220804-6354275  User: oesteban  Machine: dna049  Platform: Linux  PlatformVersion: 5.14.0-427.37.1.el9_4.x86_64  CompilerName: GCC  CompilerVersion: 8.4.0
7.3.2

ProgramName: mri_robust_template  ProgramArguments: mri_robust_template -all-info  ProgramVersion: 7.3.2  TimeStamp: 2026/03/09-23:58:55-GMT  BuildTime: Aug  4 2022 06:17:15  BuildStamp: freesurfer-linux-ubuntu22_x86_64-7.3.2-20220804-6354275  User: oesteban  Machine: dna049  Platform: Linux  PlatformVersion: 5.14.0-427.37.1.el9_4.x86_64  CompilerName: GCC  CompilerVersion: 8.4.0
ProgramName: mris_anatomical_stats  ProgramArguments: mris_anatomical_stats -all-info  ProgramVersion: 7.3.2  TimeStamp: 2026/03/09-23:58:55-GMT  BuildTime: Aug  4 2022 06:17:15  BuildStamp: freesurfer-linux-ubuntu22_x86_64-7.3.2-20220804-6354275  User: oesteban  Machine: dna049  Platform: Linux  PlatformVersion: 5.14.0-427.37.1.el9_4.x86_64  CompilerName: GCC  CompilerVersion: 8.4.0
ProgramName: mris_ca_label  ProgramArguments: mris_ca_label -all-info  ProgramVersion: 7.3.2  TimeStamp: 2026/03/09-23:58:55-GMT  BuildTime: Aug  4 2022 06:17:15  BuildStamp: freesurfer-linux-ubuntu22_x86_64-7.3.2-20220804-6354275  User: oesteban  Machine: dna049  Platform: Linux  PlatformVersion: 5.14.0-427.37.1.el9_4.x86_64  CompilerName: GCC  CompilerVersion: 8.4.0
ProgramName: mris_calc  ProgramArguments: mris_calc -all-info  ProgramVersion: 7.3.2  TimeStamp: 2026/03/09-23:58:55-GMT  BuildTime: Aug  4 2022 06:17:15  BuildStamp: freesurfer-linux-ubuntu22_x86_64-7.3.2-20220804-6354275  User: oesteban  Machine: dna049  Platform: Linux  PlatformVersion: 5.14.0-427.37.1.el9_4.x86_64  CompilerName: GCC  CompilerVersion: 8.4.0
ProgramName: mris_convert  ProgramArguments: mris_convert -all-info  ProgramVersion: 7.3.2  TimeStamp: 2026/03/09-23:58:55-GMT  BuildTime: Aug  4 2022 06:17:15  BuildStamp: freesurfer-linux-ubuntu22_x86_64-7.3.2-20220804-6354275  User: oesteban  Machine: dna049  Platform: Linux  PlatformVersion: 5.14.0-427.37.1.el9_4.x86_64  CompilerName: GCC  CompilerVersion: 8.4.0
ProgramName: mris_curvature  ProgramArguments: mris_curvature -all-info  ProgramVersion: 7.3.2  TimeStamp: 2026/03/09-23:58:55-GMT  BuildTime: Aug  4 2022 06:17:15  BuildStamp: freesurfer-linux-ubuntu22_x86_64-7.3.2-20220804-6354275  User: oesteban  Machine: dna049  Platform: Linux  PlatformVersion: 5.14.0-427.37.1.el9_4.x86_64  CompilerName: GCC  CompilerVersion: 8.4.0
ProgramName: mris_curvature_stats  ProgramArguments: mris_curvature_stats -all-info  ProgramVersion: 7.3.2  TimeStamp: 2026/03/09-23:58:55-GMT  BuildTime: Aug  4 2022 06:17:15  BuildStamp: freesurfer-linux-ubuntu22_x86_64-7.3.2-20220804-6354275  User: oesteban  Machine: dna049  Platform: Linux  PlatformVersion: 5.14.0-427.37.1.el9_4.x86_64  CompilerName: GCC  CompilerVersion: 8.4.0
ProgramName: mris_diff  ProgramArguments: mris_diff -all-info  ProgramVersion: 7.3.2  TimeStamp: 2026/03/09-23:58:55-GMT  BuildTime: Aug  4 2022 06:17:15  BuildStamp: freesurfer-linux-ubuntu22_x86_64-7.3.2-20220804-6354275  User: oesteban  Machine: dna049  Platform: Linux  PlatformVersion: 5.14.0-427.37.1.el9_4.x86_64  CompilerName: GCC  CompilerVersion: 8.4.0
ProgramName: mris_divide_parcellation  ProgramArguments: mris_divide_parcellation -all-info  ProgramVersion: 7.3.2  TimeStamp: 2026/03/09-23:58:55-GMT  BuildTime: Aug  4 2022 06:17:15  BuildStamp: freesurfer-linux-ubuntu22_x86_64-7.3.2-20220804-6354275  User: oesteban  Machine: dna049  Platform: Linux  PlatformVersion: 5.14.0-427.37.1.el9_4.x86_64  CompilerName: GCC  CompilerVersion: 8.4.0
ProgramName: mri_segment  ProgramArguments: mri_segment -all-info  ProgramVersion: 7.3.2  TimeStamp: 2026/03/09-23:58:55-GMT  BuildTime: Aug  4 2022 06:17:15  BuildStamp: freesurfer-linux-ubuntu22_x86_64-7.3.2-20220804-6354275  User: oesteban  Machine: dna049  Platform: Linux  PlatformVersion: 5.14.0-427.37.1.el9_4.x86_64  CompilerName: GCC  CompilerVersion: 8.4.0
ProgramName: mri_segstats  ProgramArguments: mri_segstats -all-info  ProgramVersion: 7.3.2  TimeStamp: 2026/03/09-23:58:55-GMT  BuildTime: Aug  4 2022 06:17:15  BuildStamp: freesurfer-linux-ubuntu22_x86_64-7.3.2-20220804-6354275  User: oesteban  Machine: dna049  Platform: Linux  PlatformVersion: 5.14.0-427.37.1.el9_4.x86_64  CompilerName: GCC  CompilerVersion: 8.4.0
ProgramName: mris_euler_number  ProgramArguments: mris_euler_number -all-info  ProgramVersion: 7.3.2  TimeStamp: 2026/03/09-23:58:55-GMT  BuildTime: Aug  4 2022 06:17:15  BuildStamp: freesurfer-linux-ubuntu22_x86_64-7.3.2-20220804-6354275  User: oesteban  Machine: dna049  Platform: Linux  PlatformVersion: 5.14.0-427.37.1.el9_4.x86_64  CompilerName: GCC  CompilerVersion: 8.4.0
ProgramName: mris_fix_topology  ProgramArguments: mris_fix_topology -all-info  ProgramVersion: 7.3.2  TimeStamp: 2026/03/09-23:58:55-GMT  BuildTime: Aug  4 2022 06:17:15  BuildStamp: freesurfer-linux-ubuntu22_x86_64-7.3.2-20220804-6354275  User: oesteban  Machine: dna049  Platform: Linux  PlatformVersion: 5.14.0-427.37.1.el9_4.x86_64  CompilerName: GCC  CompilerVersion: 8.4.0
ProgramName: mris_topo_fixer  ProgramArguments: mris_topo_fixer -all-info  ProgramVersion: 7.3.2  TimeStamp: 2026/03/09-23:58:55-GMT  BuildTime: Aug  4 2022 06:17:15  BuildStamp: freesurfer-linux-ubuntu22_x86_64-7.3.2-20220804-6354275  User: oesteban  Machine: dna049  Platform: Linux  PlatformVersion: 5.14.0-427.37.1.el9_4.x86_64  CompilerName: GCC  CompilerVersion: 8.4.0
ProgramName: mris_jacobian  ProgramArguments: mris_jacobian -all-info  ProgramVersion: 7.3.2  TimeStamp: 2026/03/09-23:58:55-GMT  BuildTime: Aug  4 2022 06:17:15  BuildStamp: freesurfer-linux-ubuntu22_x86_64-7.3.2-20220804-6354275  User: oesteban  Machine: dna049  Platform: Linux  PlatformVersion: 5.14.0-427.37.1.el9_4.x86_64  CompilerName: GCC  CompilerVersion: 8.4.0
ProgramName: mris_label2annot  ProgramArguments: mris_label2annot -all-info  ProgramVersion: 7.3.2  TimeStamp: 2026/03/09-23:58:55-GMT  BuildTime: Aug  4 2022 06:17:15  BuildStamp: freesurfer-linux-ubuntu22_x86_64-7.3.2-20220804-6354275  User: oesteban  Machine: dna049  Platform: Linux  PlatformVersion: 5.14.0-427.37.1.el9_4.x86_64  CompilerName: GCC  CompilerVersion: 8.4.0
ProgramName: mris_left_right_register  ProgramArguments: mris_left_right_register -all-info  ProgramVersion: 7.3.2  TimeStamp: 2026/03/09-23:58:55-GMT  BuildTime: Aug  4 2022 06:17:15  BuildStamp: freesurfer-linux-ubuntu22_x86_64-7.3.2-20220804-6354275  User: oesteban  Machine: dna049  Platform: Linux  PlatformVersion: 5.14.0-427.37.1.el9_4.x86_64  CompilerName: GCC  CompilerVersion: 8.4.0
ProgramName: mris_place_surface  ProgramArguments: mris_place_surface -all-info  ProgramVersion: 7.3.2  TimeStamp: 2026/03/09-23:58:55-GMT  BuildTime: Aug  4 2022 06:17:15  BuildStamp: freesurfer-linux-ubuntu22_x86_64-7.3.2-20220804-6354275  User: oesteban  Machine: dna049  Platform: Linux  PlatformVersion: 5.14.0-427.37.1.el9_4.x86_64  CompilerName: GCC  CompilerVersion: 8.4.0
ProgramName: mrisp_paint  ProgramArguments: mrisp_paint -all-info  ProgramVersion: 7.3.2  TimeStamp: 2026/03/09-23:58:55-GMT  BuildTime: Aug  4 2022 06:17:15  BuildStamp: freesurfer-linux-ubuntu22_x86_64-7.3.2-20220804-6354275  User: oesteban  Machine: dna049  Platform: Linux  PlatformVersion: 5.14.0-427.37.1.el9_4.x86_64  CompilerName: GCC  CompilerVersion: 8.4.0
ProgramName: mris_register  ProgramArguments: mris_register -all-info  ProgramVersion: 7.3.2  TimeStamp: 2026/03/09-23:58:55-GMT  BuildTime: Aug  4 2022 06:17:15  BuildStamp: freesurfer-linux-ubuntu22_x86_64-7.3.2-20220804-6354275  User: oesteban  Machine: dna049  Platform: Linux  PlatformVersion: 5.14.0-427.37.1.el9_4.x86_64  CompilerName: GCC  CompilerVersion: 8.4.0
ProgramName: mris_smooth  ProgramArguments: mris_smooth -all-info  ProgramVersion: 7.3.2  TimeStamp: 2026/03/09-23:58:55-GMT  BuildTime: Aug  4 2022 06:17:15  BuildStamp: freesurfer-linux-ubuntu22_x86_64-7.3.2-20220804-6354275  User: oesteban  Machine: dna049  Platform: Linux  PlatformVersion: 5.14.0-427.37.1.el9_4.x86_64  CompilerName: GCC  CompilerVersion: 8.4.0
ProgramName: mris_sphere  ProgramArguments: mris_sphere -all-info  ProgramVersion: 7.3.2  TimeStamp: 2026/03/09-23:58:55-GMT  BuildTime: Aug  4 2022 06:17:15  BuildStamp: freesurfer-linux-ubuntu22_x86_64-7.3.2-20220804-6354275  User: oesteban  Machine: dna049  Platform: Linux  PlatformVersion: 5.14.0-427.37.1.el9_4.x86_64  CompilerName: GCC  CompilerVersion: 8.4.0
ProgramName: mris_surface_stats  ProgramArguments: mris_surface_stats -all-info  ProgramVersion: 7.3.2  TimeStamp: 2026/03/09-23:58:55-GMT  BuildTime: Aug  4 2022 06:17:15  BuildStamp: freesurfer-linux-ubuntu22_x86_64-7.3.2-20220804-6354275  User: oesteban  Machine: dna049  Platform: Linux  PlatformVersion: 5.14.0-427.37.1.el9_4.x86_64  CompilerName: GCC  CompilerVersion: 8.4.0
ProgramName: mri_stats2seg  ProgramArguments: mri_stats2seg -all-info  ProgramVersion: 7.3.2  TimeStamp: 2026/03/09-23:58:55-GMT  BuildTime: Aug  4 2022 06:17:15  BuildStamp: freesurfer-linux-ubuntu22_x86_64-7.3.2-20220804-6354275  User: oesteban  Machine: dna049  Platform: Linux  PlatformVersion: 5.14.0-427.37.1.el9_4.x86_64  CompilerName: GCC  CompilerVersion: 8.4.0
ProgramName: mris_thickness  ProgramArguments: mris_thickness -all-info  ProgramVersion: 7.3.2  TimeStamp: 2026/03/09-23:58:55-GMT  BuildTime: Aug  4 2022 06:17:15  BuildStamp: freesurfer-linux-ubuntu22_x86_64-7.3.2-20220804-6354275  User: oesteban  Machine: dna049  Platform: Linux  PlatformVersion: 5.14.0-427.37.1.el9_4.x86_64  CompilerName: GCC  CompilerVersion: 8.4.0
ProgramName: mris_thickness_diff  ProgramArguments: mris_thickness_diff -all-info  ProgramVersion: 7.3.2  TimeStamp: 2026/03/09-23:58:55-GMT  BuildTime: Aug  4 2022 06:17:15  BuildStamp: freesurfer-linux-ubuntu22_x86_64-7.3.2-20220804-6354275  User: oesteban  Machine: dna049  Platform: Linux  PlatformVersion: 5.14.0-427.37.1.el9_4.x86_64  CompilerName: GCC  CompilerVersion: 8.4.0
ProgramName: mris_topo_fixer  ProgramArguments: mris_topo_fixer -all-info  ProgramVersion: 7.3.2  TimeStamp: 2026/03/09-23:58:55-GMT  BuildTime: Aug  4 2022 06:17:15  BuildStamp: freesurfer-linux-ubuntu22_x86_64-7.3.2-20220804-6354275  User: oesteban  Machine: dna049  Platform: Linux  PlatformVersion: 5.14.0-427.37.1.el9_4.x86_64  CompilerName: GCC  CompilerVersion: 8.4.0
ProgramName: mri_surf2surf  ProgramArguments: mri_surf2surf -all-info  ProgramVersion: 7.3.2  TimeStamp: 2026/03/09-23:58:55-GMT  BuildTime: Aug  4 2022 06:17:15  BuildStamp: freesurfer-linux-ubuntu22_x86_64-7.3.2-20220804-6354275  User: oesteban  Machine: dna049  Platform: Linux  PlatformVersion: 5.14.0-427.37.1.el9_4.x86_64  CompilerName: GCC  CompilerVersion: 8.4.0
ProgramName: mri_surf2vol  ProgramArguments: mri_surf2vol -all-info  ProgramVersion: 7.3.2  TimeStamp: 2026/03/09-23:58:55-GMT  BuildTime: Aug  4 2022 06:17:15  BuildStamp: freesurfer-linux-ubuntu22_x86_64-7.3.2-20220804-6354275  User: oesteban  Machine: dna049  Platform: Linux  PlatformVersion: 5.14.0-427.37.1.el9_4.x86_64  CompilerName: GCC  CompilerVersion: 8.4.0
ProgramName: mri_surfcluster  ProgramArguments: mri_surfcluster -all-info  ProgramVersion: 7.3.2  TimeStamp: 2026/03/09-23:58:55-GMT  BuildTime: Aug  4 2022 06:17:15  BuildStamp: freesurfer-linux-ubuntu22_x86_64-7.3.2-20220804-6354275  User: oesteban  Machine: dna049  Platform: Linux  PlatformVersion: 5.14.0-427.37.1.el9_4.x86_64  CompilerName: GCC  CompilerVersion: 8.4.0
ProgramName: mris_volmask  ProgramArguments: mris_volmask -all-info  ProgramVersion: 7.3.2  TimeStamp: 2026/03/09-23:58:55-GMT  BuildTime: Aug  4 2022 06:17:15  BuildStamp: freesurfer-linux-ubuntu22_x86_64-7.3.2-20220804-6354275  User: oesteban  Machine: dna049  Platform: Linux  PlatformVersion: 5.14.0-427.37.1.el9_4.x86_64  CompilerName: GCC  CompilerVersion: 8.4.0
ProgramName: mri_tessellate  ProgramArguments: mri_tessellate -all-info  ProgramVersion: 7.3.2  TimeStamp: 2026/03/09-23:58:55-GMT  BuildTime: Aug  4 2022 06:17:15  BuildStamp: freesurfer-linux-ubuntu22_x86_64-7.3.2-20220804-6354275  User: oesteban  Machine: dna049  Platform: Linux  PlatformVersion: 5.14.0-427.37.1.el9_4.x86_64  CompilerName: GCC  CompilerVersion: 8.4.0
ProgramName: mri_vol2surf  ProgramArguments: mri_vol2surf -all-info  ProgramVersion: 7.3.2  TimeStamp: 2026/03/09-23:58:55-GMT  BuildTime: Aug  4 2022 06:17:15  BuildStamp: freesurfer-linux-ubuntu22_x86_64-7.3.2-20220804-6354275  User: oesteban  Machine: dna049  Platform: Linux  PlatformVersion: 5.14.0-427.37.1.el9_4.x86_64  CompilerName: GCC  CompilerVersion: 8.4.0
ProgramName: mri_vol2vol  ProgramArguments: mri_vol2vol -all-info  ProgramVersion: 7.3.2  TimeStamp: 2026/03/09-23:58:55-GMT  BuildTime: Aug  4 2022 06:17:15  BuildStamp: freesurfer-linux-ubuntu22_x86_64-7.3.2-20220804-6354275  User: oesteban  Machine: dna049  Platform: Linux  PlatformVersion: 5.14.0-427.37.1.el9_4.x86_64  CompilerName: GCC  CompilerVersion: 8.4.0
ProgramName: mri_voldiff  ProgramArguments: mri_voldiff -all-info  ProgramVersion: 7.3.2  TimeStamp: 2026/03/09-23:58:55-GMT  BuildTime: Aug  4 2022 06:17:15  BuildStamp: freesurfer-linux-ubuntu22_x86_64-7.3.2-20220804-6354275  User: oesteban  Machine: dna049  Platform: Linux  PlatformVersion: 5.14.0-427.37.1.el9_4.x86_64  CompilerName: GCC  CompilerVersion: 8.4.0
ProgramName: mri_watershed  ProgramArguments: mri_watershed -all-info  ProgramVersion: 7.3.2  TimeStamp: 2026/03/09-23:58:55-GMT  BuildTime: Aug  4 2022 06:17:15  BuildStamp: freesurfer-linux-ubuntu22_x86_64-7.3.2-20220804-6354275  User: oesteban  Machine: dna049  Platform: Linux  PlatformVersion: 5.14.0-427.37.1.el9_4.x86_64  CompilerName: GCC  CompilerVersion: 8.4.0
ProgramName: tkregister2  ProgramArguments: tkregister2_cmdl -all-info  ProgramVersion: 7.3.2  TimeStamp: 2026/03/09-23:58:55-GMT  BuildTime: Aug  4 2022 06:17:15  BuildStamp: freesurfer-linux-ubuntu22_x86_64-7.3.2-20220804-6354275  User: oesteban  Machine: dna049  Platform: Linux  PlatformVersion: 5.14.0-427.37.1.el9_4.x86_64  CompilerName: GCC  CompilerVersion: 8.4.0
mri_motion_correct.fsl 7.3.2
mri_convert -all-info 
ProgramName: mri_convert  ProgramArguments: mri_convert -all-info  ProgramVersion: 7.3.2  TimeStamp: 2026/03/09-23:58:55-GMT  BuildTime: Aug  4 2022 06:17:15  BuildStamp: freesurfer-linux-ubuntu22_x86_64-7.3.2-20220804-6354275  User: oesteban  Machine: dna049  Platform: Linux  PlatformVersion: 5.14.0-427.37.1.el9_4.x86_64  CompilerName: GCC  CompilerVersion: 8.4.0
Program nu_correct, built from:
Package MNI N3, version 1.12.0, compiled by nicks@terrier (x86_64-unknown-linux-gnu) on 2015-06-19 at 01:25:34
#######################################
GCADIR /opt/freesurfer/average
GCA RB_all_2020-01-02.gca
GCASkull RB_all_withskull_2020_01_02.gca
AvgCurvTif folding.atlas.acfb40.noaparc.i12.2016-08-02.tif
GCSDIR /opt/freesurfer/average
GCS DKaparc.atlas.acfb40.noaparc.i12.2016-08-02.gcs
#######################################
#--------------------------------------------
#@# AutoDetGWStats lh Tue Mar 10 00:58:55 CET 2026
cd /out/sourcedata/freesurfer/sub-v1s2x0051472_ses-1/mri
mris_autodet_gwstats --o ../surf/autodet.gw.stats.lh.dat --i brain.finalsurfs.mgz --wm wm.mgz --surf ../surf/lh.orig.premesh
  Update not needed
#--------------------------------------------
#@# WhitePreAparc lh Tue Mar 10 00:58:55 CET 2026
cd /out/sourcedata/freesurfer/sub-v1s2x0051472_ses-1/mri
mris_place_surface --adgws-in ../surf/autodet.gw.stats.lh.dat --wm wm.mgz --threads 16 --invol brain.finalsurfs.mgz --lh --i ../surf/lh.orig --o ../surf/lh.white.preaparc --white --seg aseg.presurf.mgz --nsmooth 5
   Update not needed
#--------------------------------------------
#@# CortexLabel lh Tue Mar 10 00:58:55 CET 2026
cd /out/sourcedata/freesurfer/sub-v1s2x0051472_ses-1/mri
mri_label2label --label-cortex ../surf/lh.white.preaparc aseg.presurf.mgz 0 ../label/lh.cortex.label
   Update not needed
#--------------------------------------------
#@# CortexLabel+HipAmyg lh Tue Mar 10 00:58:55 CET 2026
cd /out/sourcedata/freesurfer/sub-v1s2x0051472_ses-1/mri
mri_label2label --label-cortex ../surf/lh.white.preaparc aseg.presurf.mgz 1 ../label/lh.cortex+hipamyg.label
   Update not needed
#@# white curv lh Tue Mar 10 00:58:55 CET 2026
cd /out/sourcedata/freesurfer/sub-v1s2x0051472_ses-1/mri
mris_place_surface --curv-map ../surf/lh.white 2 10 ../surf/lh.curv
   Update not needed
#@# white area lh Tue Mar 10 00:58:55 CET 2026
cd /out/sourcedata/freesurfer/sub-v1s2x0051472_ses-1/mri
mris_place_surface --area-map ../surf/lh.white ../surf/lh.area
   Update not needed
#@# pial curv lh Tue Mar 10 00:58:55 CET 2026
cd /out/sourcedata/freesurfer/sub-v1s2x0051472_ses-1/mri
mris_place_surface --curv-map ../surf/lh.pial 2 10 ../surf/lh.curv.pial
   Update not needed
#@# pial area lh Tue Mar 10 00:58:55 CET 2026
cd /out/sourcedata/freesurfer/sub-v1s2x0051472_ses-1/mri
mris_place_surface --area-map ../surf/lh.pial ../surf/lh.area.pial
   Update not needed
#@# thickness lh Tue Mar 10 00:58:55 CET 2026
cd /out/sourcedata/freesurfer/sub-v1s2x0051472_ses-1/mri
mris_place_surface --thickness ../surf/lh.white ../surf/lh.pial 20 5 ../surf/lh.thickness
   Update not needed
#@# area and vertex vol lh Tue Mar 10 00:58:55 CET 2026
cd /out/sourcedata/freesurfer/sub-v1s2x0051472_ses-1/mri
mris_place_surface --thickness ../surf/lh.white ../surf/lh.pial 20 5 ../surf/lh.thickness
   Update not needed
#-----------------------------------------
#@# Parcellation Stats lh Tue Mar 10 00:58:55 CET 2026
/out/sourcedata/freesurfer/sub-v1s2x0051472_ses-1/scripts

 mris_anatomical_stats -th3 -mgz -noglobal -cortex ../label/lh.cortex.label -f ../stats/lh.aparc.stats -b -a ../label/lh.aparc.annot -c ../label/aparc.annot.ctab sub-v1s2x0051472_ses-1 lh white 

computing statistics for each annotation in ../label/lh.aparc.annot.
reading volume /out/sourcedata/freesurfer/sub-v1s2x0051472_ses-1/mri/wm.mgz...
reading input surface /out/sourcedata/freesurfer/sub-v1s2x0051472_ses-1/surf/lh.white...
reading input pial surface /out/sourcedata/freesurfer/sub-v1s2x0051472_ses-1/surf/lh.pial...
reading input white surface /out/sourcedata/freesurfer/sub-v1s2x0051472_ses-1/surf/lh.white...
INFO: using TH3 volume calc
INFO: assuming MGZ format for volumes.
INFO: not computing global stats
INFO: using ../label/lh.cortex.label as mask to calc cortex NumVert, SurfArea and MeanThickness.
Using TH3 vertex volume calc
Total face volume 321402
Total vertex volume 321152 (mask=0)
Saving annotation colortable ../label/aparc.annot.ctab

table columns are:
    number of vertices
    total surface area (mm^2)
    total gray matter volume (mm^3)
    average cortical thickness +- standard deviation (mm)
    integrated rectified mean curvature
    integrated rectified Gaussian curvature
    folding index
    intrinsic curvature index
    structure name

 2216   1473   3762  2.801 0.538     0.106     0.019       15     1.9  bankssts
 1073    674   2194  2.863 0.628     0.094     0.014        9     0.6  caudalanteriorcingulate
 4391   2799   9045  3.007 0.471     0.096     0.017       28     3.1  caudalmiddlefrontal
 2592   1583   2652  1.648 0.476     0.112     0.021       25     2.4  cuneus
  748    482   2604  3.485 0.838     0.084     0.017        5     0.5  entorhinal
 5430   3654  12231  2.883 0.606     0.107     0.020       53     4.7  fusiform
 9756   5980  15737  2.482 0.459     0.103     0.020       85     8.0  inferiorparietal
 6261   4315  16297  3.116 0.673     0.114     0.021       72     5.5  inferiortemporal
 1915   1249   3057  2.192 0.923     0.105     0.019       21     1.2  isthmuscingulate
 9753   6001  12236  1.946 0.590     0.122     0.026      107    11.1  lateraloccipital
 4520   3215  11058  3.212 0.608     0.118     0.027       61     5.5  lateralorbitofrontal
 4706   3132   5728  1.832 0.645     0.125     0.027       47     5.6  lingual
 3216   2277   7779  2.976 0.765     0.118     0.023       42     3.2  medialorbitofrontal
 6230   4138  16043  3.103 0.714     0.107     0.020       59     5.4  middletemporal
 1103    658   2116  2.747 0.699     0.068     0.009        4     0.4  parahippocampal
 2896   1611   4074  2.401 0.662     0.089     0.018      195     2.3  paracentral
 2645   1756   5861  3.025 0.471     0.097     0.016       21     1.7  parsopercularis
 1476    856   3331  3.043 0.507     0.109     0.029       16     1.8  parsorbitalis
 2849   1829   6060  2.895 0.562     0.102     0.016       26     1.9  parstriangularis
 2170   1418   1601  1.306 0.287     0.121     0.024       24     2.3  pericalcarine
 8183   4935  11649  2.105 0.745     0.096     0.017       62     6.0  postcentral
 1891   1274   3777  2.696 0.720     0.114     0.019       21     1.6  posteriorcingulate
 9018   5462  15942  2.759 0.663     0.098     0.021       61     8.1  precentral
 7911   5181  13855  2.555 0.530     0.112     0.020       73     7.1  precuneus
 1782   1304   4897  3.144 0.918     0.134     0.029       33     2.2  rostralanteriorcingulate
12282   8239  25786  2.796 0.536     0.116     0.022      127    11.5  rostralmiddlefrontal
13921   9279  32734  3.154 0.554     0.110     0.022      118    12.6  superiorfrontal
12053   6936  17432  2.328 0.544     0.096     0.017       91     8.6  superiorparietal
 7493   4892  17444  3.087 0.768     0.095     0.016       54     5.0  superiortemporal
 8688   5650  17302  2.790 0.611     0.111     0.021       85     8.2  supramarginal
  499    359   1571  3.350 0.454     0.165     0.042        9     0.9  frontalpole
  803    603   3906  4.417 0.514     0.127     0.026       11     0.8  temporalpole
  858    562   1554  2.411 0.474     0.100     0.021        5     0.7  transversetemporal
 4251   2839   9836  3.293 0.887     0.106     0.026       35     4.3  insula

 mris_anatomical_stats -th3 -mgz -noglobal -cortex ../label/lh.cortex.label -f ../stats/lh.aparc.pial.stats -b -a ../label/lh.aparc.annot -c ../label/aparc.annot.ctab sub-v1s2x0051472_ses-1 lh pial 

computing statistics for each annotation in ../label/lh.aparc.annot.
reading volume /out/sourcedata/freesurfer/sub-v1s2x0051472_ses-1/mri/wm.mgz...
reading input surface /out/sourcedata/freesurfer/sub-v1s2x0051472_ses-1/surf/lh.pial...
reading input pial surface /out/sourcedata/freesurfer/sub-v1s2x0051472_ses-1/surf/lh.pial...
reading input white surface /out/sourcedata/freesurfer/sub-v1s2x0051472_ses-1/surf/lh.white...
INFO: using TH3 volume calc
INFO: assuming MGZ format for volumes.
INFO: not computing global stats
INFO: using ../label/lh.cortex.label as mask to calc cortex NumVert, SurfArea and MeanThickness.
Using TH3 vertex volume calc
Total face volume 321402
Total vertex volume 321152 (mask=0)
Saving annotation colortable ../label/aparc.annot.ctab

table columns are:
    number of vertices
    total surface area (mm^2)
    total gray matter volume (mm^3)
    average cortical thickness +- standard deviation (mm)
    integrated rectified mean curvature
    integrated rectified Gaussian curvature
    folding index
    intrinsic curvature index
    structure name

 2216   1242   3762  2.801 0.538     0.103     0.032       46     2.7  bankssts
 1073    835   2194  2.863 0.628     0.143     0.039       50     1.5  caudalanteriorcingulate
 4391   3098   9045  3.007 0.471     0.098     0.020       53     3.4  caudalmiddlefrontal
 2592   1773   2652  1.648 0.476     0.108     0.026       43     2.9  cuneus
  748   1014   2604  3.485 0.838     0.246     0.063       16     2.4  entorhinal
 5430   4708  12231  2.883 0.606     0.134     0.030      343     7.1  fusiform
 9756   6817  15737  2.482 0.459     0.106     0.022      136     9.1  inferiorparietal
 6261   5756  16297  3.116 0.673     0.142     0.230      211     8.4  inferiortemporal
 1915   1574   3057  2.192 0.923     0.142     0.037       57     2.7  isthmuscingulate
 9753   7070  12236  1.946 0.590     0.110     0.026      263    10.3  lateraloccipital
 4520   3865  11058  3.212 0.608     0.143     0.050       97     6.8  lateralorbitofrontal
 4706   3462   5728  1.832 0.645     0.128     0.042      152     7.0  lingual
 3216   2974   7779  2.976 0.765     0.156     0.033      130     5.0  medialorbitofrontal
 6230   5871  16043  3.103 0.714     0.132     0.030      123     7.1  middletemporal
 1103    868   2116  2.747 0.699     0.112     0.027        6     1.4  parahippocampal
 2896   1818   4074  2.401 0.662     0.088     0.029       68     1.8  paracentral
 2645   2087   5861  3.025 0.471     0.116     0.022      195     2.4  parsopercularis
 1476   1312   3331  3.043 0.507     0.125     0.023       19     1.5  parsorbitalis
 2849   2314   6060  2.895 0.562     0.123     0.022       37     2.8  parstriangularis
 2170   1200   1601  1.306 0.287     0.097     0.026       55     2.1  pericalcarine
 8183   6044  11649  2.105 0.745     0.104     0.019       95     6.3  postcentral
 1891   1476   3777  2.696 0.720     0.147     0.040       61     3.1  posteriorcingulate
 9018   6000  15942  2.759 0.663     0.088     0.017      105     5.7  precentral
 7911   5628  13855  2.555 0.530     0.114     0.026      142     8.0  precuneus
 1782   1711   4897  3.144 0.918     0.164     0.039       56     2.8  rostralanteriorcingulate
12282   9954  25786  2.796 0.536     0.127     0.026      183    13.6  rostralmiddlefrontal
13921  10972  32734  3.154 0.554     0.135     0.031    58323    15.8  superiorfrontal
12053   8178  17432  2.328 0.544     0.098     0.019      306     9.2  superiorparietal
 7493   6104  17444  3.087 0.768     0.117     0.023      106     7.4  superiortemporal
 8688   6514  17302  2.790 0.611     0.114     0.026      149     9.0  supramarginal
  499    581   1571  3.350 0.454     0.162     0.033        4     0.7  frontalpole
  803   1143   3906  4.417 0.514     0.177     0.029       10     1.0  temporalpole
  858    773   1554  2.411 0.474     0.125     0.026        5     1.0  transversetemporal
 4251   2886   9836  3.293 0.887     0.141     0.047      121     9.2  insula
#-----------------------------------------
#@# Parcellation Stats 2 lh Tue Mar 10 00:59:23 CET 2026
/out/sourcedata/freesurfer/sub-v1s2x0051472_ses-1/scripts

 mris_anatomical_stats -th3 -mgz -noglobal -cortex ../label/lh.cortex.label -f ../stats/lh.aparc.a2009s.stats -b -a ../label/lh.aparc.a2009s.annot -c ../label/aparc.annot.a2009s.ctab sub-v1s2x0051472_ses-1 lh white 

computing statistics for each annotation in ../label/lh.aparc.a2009s.annot.
reading volume /out/sourcedata/freesurfer/sub-v1s2x0051472_ses-1/mri/wm.mgz...
reading input surface /out/sourcedata/freesurfer/sub-v1s2x0051472_ses-1/surf/lh.white...
reading input pial surface /out/sourcedata/freesurfer/sub-v1s2x0051472_ses-1/surf/lh.pial...
reading input white surface /out/sourcedata/freesurfer/sub-v1s2x0051472_ses-1/surf/lh.white...
INFO: using TH3 volume calc
INFO: assuming MGZ format for volumes.
INFO: not computing global stats
INFO: using ../label/lh.cortex.label as mask to calc cortex NumVert, SurfArea and MeanThickness.
Using TH3 vertex volume calc
Total face volume 321402
Total vertex volume 321152 (mask=0)
Saving annotation colortable ../label/aparc.annot.a2009s.ctab

table columns are:
    number of vertices
    total surface area (mm^2)
    total gray matter volume (mm^3)
    average cortical thickness +- standard deviation (mm)
    integrated rectified mean curvature
    integrated rectified Gaussian curvature
    folding index
    intrinsic curvature index
    structure name

 1610   1134   3604  2.926 0.541     0.135     0.027       18     2.0  G_and_S_frontomargin
 1726   1066   2310  1.997 0.723     0.112     0.022       16     1.6  G_and_S_occipital_inf
 2014   1062   2494  2.101 0.586     0.095     0.021       15     2.0  G_and_S_paracentral
 1858   1299   4360  2.875 0.535     0.116     0.018       18     1.4  G_and_S_subcentral
 1177    787   2919  2.866 0.583     0.139     0.033       17     1.6  G_and_S_transv_frontopol
 2792   1990   6798  3.121 0.674     0.115     0.022       33     2.6  G_and_S_cingul-Ant
 1575   1026   2961  3.031 0.405     0.088     0.015        7     1.0  G_and_S_cingul-Mid-Ant
 1417    952   2786  2.890 0.440     0.096     0.016       10     1.0  G_and_S_cingul-Mid-Post
  787    542   2023  2.935 0.685     0.132     0.024       12     0.9  G_cingul-Post-dorsal
  360    238    745  2.422 0.944     0.116     0.026        5     0.2  G_cingul-Post-ventral
 2388   1413   2452  1.603 0.480     0.112     0.023       25     2.3  G_cuneus
 1421    953   4194  3.232 0.431     0.112     0.021       19     1.1  G_front_inf-Opercular
  545    293   1271  2.978 0.493     0.115     0.038        7     0.9  G_front_inf-Orbital
 1588   1003   4136  3.143 0.441     0.109     0.020       18     1.3  G_front_inf-Triangul
 6385   4162  16666  3.021 0.539     0.117     0.024       80     6.3  G_front_middle
 9954   6487  26410  3.286 0.555     0.117     0.024      282    10.1  G_front_sup
  907    596   2419  3.562 0.883     0.109     0.039       10     1.3  G_Ins_lg_and_S_cent_ins
  781    546   3129  4.184 0.578     0.108     0.024        9     0.7  G_insular_short
 3312   2035   5769  2.378 0.521     0.127     0.028       40     4.0  G_occipital_middle
 1893   1063   2566  2.118 0.608     0.103     0.021       18     1.7  G_occipital_sup
 2389   1567   5482  2.909 0.626     0.112     0.021       26     2.2  G_oc-temp_lat-fusifor
 3292   2197   3819  1.612 0.540     0.132     0.029       38     4.3  G_oc-temp_med-Lingual
 1415    853   3823  3.145 0.836     0.078     0.016        8     0.7  G_oc-temp_med-Parahip
 2971   2069   8573  3.202 0.622     0.123     0.032       53     4.1  G_orbital
 4616   2539   8054  2.538 0.553     0.114     0.027       55     5.4  G_pariet_inf-Angular
 4234   2782  10680  3.053 0.622     0.117     0.022       51     4.3  G_pariet_inf-Supramar
 5214   2719   8259  2.475 0.609     0.092     0.018       45     3.8  G_parietal_sup
 3315   1744   4412  2.114 0.694     0.090     0.020       25     2.7  G_postcentral
 3601   1896   7092  2.863 0.684     0.093     0.022       26     3.4  G_precentral
 3777   2354   7766  2.669 0.537     0.123     0.024       48     3.8  G_precuneus
 1194    854   3779  3.234 0.812     0.126     0.028       20     1.5  G_rectus
  953    671   1862  2.569 0.851     0.135     0.045       15     1.6  G_subcallosal
  788    498   1499  2.446 0.467     0.097     0.021        5     0.7  G_temp_sup-G_T_transv
 2472   1620   8496  3.531 0.776     0.118     0.024       28     2.4  G_temp_sup-Lateral
 1096    717   3002  3.780 0.762     0.069     0.011        3     0.5  G_temp_sup-Plan_polar
 1381    929   2841  2.801 0.488     0.076     0.011        8     0.6  G_temp_sup-Plan_tempo
 3446   2398  11299  3.320 0.654     0.118     0.024       50     3.6  G_temporal_inf
 3656   2383  11309  3.276 0.753     0.115     0.025       45     3.8  G_temporal_middle
  410    266    466  2.134 0.472     0.084     0.008        2     0.1  Lat_Fis-ant-Horizont
  553    382   1049  3.006 0.454     0.101     0.014        3     0.4  Lat_Fis-ant-Vertical
 1371    912   1766  2.531 0.387     0.108     0.019       10     1.1  Lat_Fis-post
 2801   1607   2957  1.685 0.564     0.126     0.028       37     3.6  Pole_occipital
 1796   1340   7438  3.742 0.798     0.128     0.030       26     2.1  Pole_temporal
 2537   1685   2572  1.710 0.821     0.116     0.021       24     2.4  S_calcarine
 3456   2337   3891  1.937 0.726     0.102     0.021       21     3.1  S_central
 1626   1076   2293  2.363 0.483     0.087     0.011        7     0.8  S_cingul-Marginalis
  575    387   1035  3.187 0.462     0.086     0.013        2     0.3  S_circular_insula_ant
 1713   1092   2786  3.032 0.673     0.075     0.010        6     0.7  S_circular_insula_inf
 2221   1422   3521  3.035 0.585     0.091     0.014        9     1.4  S_circular_insula_sup
 1160    801   2297  3.068 0.478     0.099     0.016        8     0.8  S_collat_transv_ant
  558    358    542  1.929 0.538     0.126     0.031        5     0.7  S_collat_transv_post
 3256   2096   4965  2.589 0.374     0.081     0.011       16     1.6  S_front_inf
 2231   1514   3435  2.636 0.449     0.108     0.018       15     1.8  S_front_middle
 3902   2657   7261  2.896 0.443     0.099     0.018       25     2.9  S_front_sup
  425    280    714  2.869 0.503     0.099     0.016        2     0.3  S_interm_prim-Jensen
 3946   2576   5303  2.291 0.429     0.088     0.012       21     2.2  S_intrapariet_and_P_trans
 1294    879   1392  1.864 0.469     0.128     0.027       12     1.3  S_oc_middle_and_Lunatus
 1522   1002   1948  2.236 0.401     0.106     0.017       10     1.2  S_oc_sup_and_transversal
  900    596   1109  2.300 0.415     0.117     0.019        7     0.8  S_occipital_ant
  971    668   1829  2.732 0.478     0.096     0.014        7     0.6  S_oc-temp_lat
 2525   1659   3733  2.519 0.545     0.099     0.017       14     1.9  S_oc-temp_med_and_Lingual
  544    380    793  2.677 0.294     0.123     0.024        4     0.6  S_orbital_lateral
  774    526   1196  2.717 0.628     0.105     0.014        4     0.5  S_orbital_med-olfact
 1863   1277   4012  3.271 0.580     0.115     0.025       17     1.9  S_orbital-H_Shaped
 3097   2042   4141  2.232 0.539     0.101     0.016       19     2.3  S_parieto_occipital
 1724   1065   1891  1.910 0.845     0.111     0.018       23     1.2  S_pericallosal
 4128   2745   5645  2.249 0.538     0.111     0.019       33     3.4  S_postcentral
 1690   1089   2729  2.843 0.338     0.082     0.011        7     0.8  S_precentral-inf-part
 1906   1250   2897  2.794 0.438     0.094     0.016        9     1.4  S_precentral-sup-part
  851    600   1527  2.752 0.762     0.113     0.014        7     0.7  S_suborbital
 1535   1066   2396  2.524 0.384     0.114     0.021       11     1.4  S_subparietal
 2282   1523   3423  2.688 0.510     0.097     0.012       13     1.4  S_temporal_inf
 8621   5666  13556  2.603 0.494     0.095     0.015       53     5.6  S_temporal_sup
  515    355    587  2.096 0.472     0.109     0.012        4     0.3  S_temporal_transverse
#-----------------------------------------
#@# Parcellation Stats 3 lh Tue Mar 10 00:59:37 CET 2026
/out/sourcedata/freesurfer/sub-v1s2x0051472_ses-1/scripts

 mris_anatomical_stats -th3 -mgz -noglobal -cortex ../label/lh.cortex.label -f ../stats/lh.aparc.DKTatlas.stats -b -a ../label/lh.aparc.DKTatlas.annot -c ../label/aparc.annot.DKTatlas.ctab sub-v1s2x0051472_ses-1 lh white 

computing statistics for each annotation in ../label/lh.aparc.DKTatlas.annot.
reading volume /out/sourcedata/freesurfer/sub-v1s2x0051472_ses-1/mri/wm.mgz...
reading input surface /out/sourcedata/freesurfer/sub-v1s2x0051472_ses-1/surf/lh.white...
reading input pial surface /out/sourcedata/freesurfer/sub-v1s2x0051472_ses-1/surf/lh.pial...
reading input white surface /out/sourcedata/freesurfer/sub-v1s2x0051472_ses-1/surf/lh.white...
INFO: using TH3 volume calc
INFO: assuming MGZ format for volumes.
INFO: not computing global stats
INFO: using ../label/lh.cortex.label as mask to calc cortex NumVert, SurfArea and MeanThickness.
Using TH3 vertex volume calc
Total face volume 321402
Total vertex volume 321152 (mask=0)
Saving annotation colortable ../label/aparc.annot.DKTatlas.ctab

table columns are:
    number of vertices
    total surface area (mm^2)
    total gray matter volume (mm^3)
    average cortical thickness +- standard deviation (mm)
    integrated rectified mean curvature
    integrated rectified Gaussian curvature
    folding index
    intrinsic curvature index
    structure name

 2025   1290   4260  3.011 0.599     0.097     0.016       17     1.4  caudalanteriorcingulate
 4753   3016  10044  3.028 0.483     0.096     0.017       31     3.5  caudalmiddlefrontal
 3751   2268   4129  1.789 0.506     0.103     0.019       31     3.1  cuneus
  649    412   2307  3.550 0.829     0.085     0.018        4     0.5  entorhinal
 5060   3364  10151  2.808 0.570     0.105     0.018       43     4.0  fusiform
 9948   6047  16111  2.500 0.460     0.104     0.021       87     8.9  inferiorparietal
 6200   4323  17401  3.182 0.664     0.115     0.023       75     5.8  inferiortemporal
 1856   1213   2980  2.213 0.928     0.106     0.019       20     1.2  isthmuscingulate
 9740   5947  12101  1.942 0.583     0.121     0.025      108    10.9  lateraloccipital
 5078   3629  12979  3.241 0.630     0.124     0.030       71     6.5  lateralorbitofrontal
 4840   3222   5885  1.821 0.644     0.125     0.027       48     5.7  lingual
 2978   2118   7275  2.939 0.838     0.122     0.026       40     3.5  medialorbitofrontal
 8518   5628  20075  2.996 0.725     0.107     0.020       78     7.2  middletemporal
 1178    708   2290  2.763 0.715     0.068     0.009        5     0.4  parahippocampal
 3411   1926   5130  2.490 0.672     0.090     0.018      198     2.7  paracentral
 2447   1619   5490  3.032 0.473     0.101     0.017       21     1.7  parsopercularis
 1365    802   2648  2.854 0.497     0.099     0.023       11     1.4  parsorbitalis
 3542   2261   6998  2.840 0.536     0.096     0.016       28     2.4  parstriangularis
 2133   1391   1579  1.315 0.291     0.121     0.025       24     2.3  pericalcarine
 9322   5590  13156  2.151 0.745     0.097     0.018       69     6.9  postcentral
 2088   1398   3989  2.663 0.718     0.113     0.019       22     1.7  posteriorcingulate
 8859   5391  15539  2.744 0.649     0.098     0.021       60     7.8  precentral
 7745   5058  13675  2.550 0.546     0.114     0.021       74     7.2  precuneus
 2253   1617   5608  3.090 0.842     0.134     0.029       37     2.6  rostralanteriorcingulate
 9063   6007  18976  2.802 0.505     0.114     0.022       94     8.2  rostralmiddlefrontal
15287  10352  36487  3.103 0.582     0.115     0.023      146    14.9  superiorfrontal
 9608   5590  14284  2.356 0.533     0.095     0.016       72     6.7  superiorparietal
 9866   6531  23789  3.118 0.832     0.098     0.017       75     7.1  superiortemporal
 7832   5143  15924  2.817 0.603     0.112     0.020       79     7.3  supramarginal
  887    580   1599  2.415 0.485     0.102     0.022        6     0.7  transversetemporal
 3297   2174   8296  3.526 0.798     0.098     0.021       24     2.7  insula
/out/sourcedata/freesurfer/sub-v1s2x0051472_ses-1/label
#--------------------------------------------
#@# BA_exvivo Labels lh Tue Mar 10 00:59:51 CET 2026

 mri_label2label --srcsubject fsaverage --srclabel /out/sourcedata/freesurfer/fsaverage/label/lh.BA1_exvivo.label --trgsubject sub-v1s2x0051472_ses-1 --trglabel ./lh.BA1_exvivo.label --hemi lh --regmethod surface 


srclabel = /out/sourcedata/freesurfer/fsaverage/label/lh.BA1_exvivo.label
srcsubject = fsaverage
trgsubject = sub-v1s2x0051472_ses-1
trglabel = ./lh.BA1_exvivo.label
regmethod = surface

srchemi = lh
trghemi = lh
trgsurface = white
srcsurfreg = sphere.reg
trgsurfreg = sphere.reg
usehash = 1
Use ProjAbs  = 0, 0
Use ProjFrac = 0, 0
DoPaint 0

SUBJECTS_DIR    /out/sourcedata/freesurfer
FREESURFER_HOME /opt/freesurfer
Loading source label.
Found 4129 points in source label.
Starting surface-based mapping
Reading source registration 
 /out/sourcedata/freesurfer/fsaverage/surf/lh.sphere.reg
Rescaling ...  original radius = 100
Reading target surface 
 /out/sourcedata/freesurfer/sub-v1s2x0051472_ses-1/surf/lh.white
Reading target registration 
 /out/sourcedata/freesurfer/sub-v1s2x0051472_ses-1/surf/lh.sphere.reg
Rescaling ...  original radius = 100
Building target registration hash (res=16).
Building source registration hash (res=16).
INFO: found  4129 nlabel points
Performing mapping from target back to the source label 175354
Number of reverse mapping hits = 715
Checking for and removing duplicates
Writing label file ./lh.BA1_exvivo.label 4844
mri_label2label: Done


 mri_label2label --srcsubject fsaverage --srclabel /out/sourcedata/freesurfer/fsaverage/label/lh.BA2_exvivo.label --trgsubject sub-v1s2x0051472_ses-1 --trglabel ./lh.BA2_exvivo.label --hemi lh --regmethod surface 


srclabel = /out/sourcedata/freesurfer/fsaverage/label/lh.BA2_exvivo.label
srcsubject = fsaverage
trgsubject = sub-v1s2x0051472_ses-1
trglabel = ./lh.BA2_exvivo.label
regmethod = surface

srchemi = lh
trghemi = lh
trgsurface = white
srcsurfreg = sphere.reg
trgsurfreg = sphere.reg
usehash = 1
Use ProjAbs  = 0, 0
Use ProjFrac = 0, 0
DoPaint 0

SUBJECTS_DIR    /out/sourcedata/freesurfer
FREESURFER_HOME /opt/freesurfer
Loading source label.
Found 7909 points in source label.
Starting surface-based mapping
Reading source registration 
 /out/sourcedata/freesurfer/fsaverage/surf/lh.sphere.reg
Rescaling ...  original radius = 100
Reading target surface 
 /out/sourcedata/freesurfer/sub-v1s2x0051472_ses-1/surf/lh.white
Reading target registration 
 /out/sourcedata/freesurfer/sub-v1s2x0051472_ses-1/surf/lh.sphere.reg
Rescaling ...  original radius = 100
Building target registration hash (res=16).
Building source registration hash (res=16).
INFO: found  7909 nlabel points
Performing mapping from target back to the source label 175354
Number of reverse mapping hits = 1406
Checking for and removing duplicates
Writing label file ./lh.BA2_exvivo.label 9315
mri_label2label: Done


 mri_label2label --srcsubject fsaverage --srclabel /out/sourcedata/freesurfer/fsaverage/label/lh.BA3a_exvivo.label --trgsubject sub-v1s2x0051472_ses-1 --trglabel ./lh.BA3a_exvivo.label --hemi lh --regmethod surface 


srclabel = /out/sourcedata/freesurfer/fsaverage/label/lh.BA3a_exvivo.label
srcsubject = fsaverage
trgsubject = sub-v1s2x0051472_ses-1
trglabel = ./lh.BA3a_exvivo.label
regmethod = surface

srchemi = lh
trghemi = lh
trgsurface = white
srcsurfreg = sphere.reg
trgsurfreg = sphere.reg
usehash = 1
Use ProjAbs  = 0, 0
Use ProjFrac = 0, 0
DoPaint 0

SUBJECTS_DIR    /out/sourcedata/freesurfer
FREESURFER_HOME /opt/freesurfer
Loading source label.
Found 4077 points in source label.
Starting surface-based mapping
Reading source registration 
 /out/sourcedata/freesurfer/fsaverage/surf/lh.sphere.reg
Rescaling ...  original radius = 100
Reading target surface 
 /out/sourcedata/freesurfer/sub-v1s2x0051472_ses-1/surf/lh.white
Reading target registration 
 /out/sourcedata/freesurfer/sub-v1s2x0051472_ses-1/surf/lh.sphere.reg
Rescaling ...  original radius = 100
Building target registration hash (res=16).
Building source registration hash (res=16).
INFO: found  4077 nlabel points
Performing mapping from target back to the source label 175354
Number of reverse mapping hits = 94
Checking for and removing duplicates
Writing label file ./lh.BA3a_exvivo.label 4171
mri_label2label: Done


 mri_label2label --srcsubject fsaverage --srclabel /out/sourcedata/freesurfer/fsaverage/label/lh.BA3b_exvivo.label --trgsubject sub-v1s2x0051472_ses-1 --trglabel ./lh.BA3b_exvivo.label --hemi lh --regmethod surface 


srclabel = /out/sourcedata/freesurfer/fsaverage/label/lh.BA3b_exvivo.label
srcsubject = fsaverage
trgsubject = sub-v1s2x0051472_ses-1
trglabel = ./lh.BA3b_exvivo.label
regmethod = surface

srchemi = lh
trghemi = lh
trgsurface = white
srcsurfreg = sphere.reg
trgsurfreg = sphere.reg
usehash = 1
Use ProjAbs  = 0, 0
Use ProjFrac = 0, 0
DoPaint 0

SUBJECTS_DIR    /out/sourcedata/freesurfer
FREESURFER_HOME /opt/freesurfer
Loading source label.
Found 5983 points in source label.
Starting surface-based mapping
Reading source registration 
 /out/sourcedata/freesurfer/fsaverage/surf/lh.sphere.reg
Rescaling ...  original radius = 100
Reading target surface 
 /out/sourcedata/freesurfer/sub-v1s2x0051472_ses-1/surf/lh.white
Reading target registration 
 /out/sourcedata/freesurfer/sub-v1s2x0051472_ses-1/surf/lh.sphere.reg
Rescaling ...  original radius = 100
Building target registration hash (res=16).
Building source registration hash (res=16).
INFO: found  5983 nlabel points
Performing mapping from target back to the source label 175354
Number of reverse mapping hits = 411
Checking for and removing duplicates
Writing label file ./lh.BA3b_exvivo.label 6394
mri_label2label: Done


 mri_label2label --srcsubject fsaverage --srclabel /out/sourcedata/freesurfer/fsaverage/label/lh.BA4a_exvivo.label --trgsubject sub-v1s2x0051472_ses-1 --trglabel ./lh.BA4a_exvivo.label --hemi lh --regmethod surface 


srclabel = /out/sourcedata/freesurfer/fsaverage/label/lh.BA4a_exvivo.label
srcsubject = fsaverage
trgsubject = sub-v1s2x0051472_ses-1
trglabel = ./lh.BA4a_exvivo.label
regmethod = surface

srchemi = lh
trghemi = lh
trgsurface = white
srcsurfreg = sphere.reg
trgsurfreg = sphere.reg
usehash = 1
Use ProjAbs  = 0, 0
Use ProjFrac = 0, 0
DoPaint 0

SUBJECTS_DIR    /out/sourcedata/freesurfer
FREESURFER_HOME /opt/freesurfer
Loading source label.
Found 5784 points in source label.
Starting surface-based mapping
Reading source registration 
 /out/sourcedata/freesurfer/fsaverage/surf/lh.sphere.reg
Rescaling ...  original radius = 100
Reading target surface 
 /out/sourcedata/freesurfer/sub-v1s2x0051472_ses-1/surf/lh.white
Reading target registration 
 /out/sourcedata/freesurfer/sub-v1s2x0051472_ses-1/surf/lh.sphere.reg
Rescaling ...  original radius = 100
Building target registration hash (res=16).
Building source registration hash (res=16).
INFO: found  5784 nlabel points
Performing mapping from target back to the source label 175354
Number of reverse mapping hits = 751
Checking for and removing duplicates
Writing label file ./lh.BA4a_exvivo.label 6535
mri_label2label: Done


 mri_label2label --srcsubject fsaverage --srclabel /out/sourcedata/freesurfer/fsaverage/label/lh.BA4p_exvivo.label --trgsubject sub-v1s2x0051472_ses-1 --trglabel ./lh.BA4p_exvivo.label --hemi lh --regmethod surface 


srclabel = /out/sourcedata/freesurfer/fsaverage/label/lh.BA4p_exvivo.label
srcsubject = fsaverage
trgsubject = sub-v1s2x0051472_ses-1
trglabel = ./lh.BA4p_exvivo.label
regmethod = surface

srchemi = lh
trghemi = lh
trgsurface = white
srcsurfreg = sphere.reg
trgsurfreg = sphere.reg
usehash = 1
Use ProjAbs  = 0, 0
Use ProjFrac = 0, 0
DoPaint 0

SUBJECTS_DIR    /out/sourcedata/freesurfer
FREESURFER_HOME /opt/freesurfer
Loading source label.
Found 4070 points in source label.
Starting surface-based mapping
Reading source registration 
 /out/sourcedata/freesurfer/fsaverage/surf/lh.sphere.reg
Rescaling ...  original radius = 100
Reading target surface 
 /out/sourcedata/freesurfer/sub-v1s2x0051472_ses-1/surf/lh.white
Reading target registration 
 /out/sourcedata/freesurfer/sub-v1s2x0051472_ses-1/surf/lh.sphere.reg
Rescaling ...  original radius = 100
Building target registration hash (res=16).
Building source registration hash (res=16).
INFO: found  4070 nlabel points
Performing mapping from target back to the source label 175354
Number of reverse mapping hits = 339
Checking for and removing duplicates
Writing label file ./lh.BA4p_exvivo.label 4409
mri_label2label: Done


 mri_label2label --srcsubject fsaverage --srclabel /out/sourcedata/freesurfer/fsaverage/label/lh.BA6_exvivo.label --trgsubject sub-v1s2x0051472_ses-1 --trglabel ./lh.BA6_exvivo.label --hemi lh --regmethod surface 


srclabel = /out/sourcedata/freesurfer/fsaverage/label/lh.BA6_exvivo.label
srcsubject = fsaverage
trgsubject = sub-v1s2x0051472_ses-1
trglabel = ./lh.BA6_exvivo.label
regmethod = surface

srchemi = lh
trghemi = lh
trgsurface = white
srcsurfreg = sphere.reg
trgsurfreg = sphere.reg
usehash = 1
Use ProjAbs  = 0, 0
Use ProjFrac = 0, 0
DoPaint 0

SUBJECTS_DIR    /out/sourcedata/freesurfer
FREESURFER_HOME /opt/freesurfer
Loading source label.
Found 13589 points in source label.
Starting surface-based mapping
Reading source registration 
 /out/sourcedata/freesurfer/fsaverage/surf/lh.sphere.reg
Rescaling ...  original radius = 100
Reading target surface 
 /out/sourcedata/freesurfer/sub-v1s2x0051472_ses-1/surf/lh.white
Reading target registration 
 /out/sourcedata/freesurfer/sub-v1s2x0051472_ses-1/surf/lh.sphere.reg
Rescaling ...  original radius = 100
Building target registration hash (res=16).
Building source registration hash (res=16).
INFO: found  13589 nlabel points
Performing mapping from target back to the source label 175354
Number of reverse mapping hits = 2106
Checking for and removing duplicates
Writing label file ./lh.BA6_exvivo.label 15695
mri_label2label: Done


 mri_label2label --srcsubject fsaverage --srclabel /out/sourcedata/freesurfer/fsaverage/label/lh.BA44_exvivo.label --trgsubject sub-v1s2x0051472_ses-1 --trglabel ./lh.BA44_exvivo.label --hemi lh --regmethod surface 


srclabel = /out/sourcedata/freesurfer/fsaverage/label/lh.BA44_exvivo.label
srcsubject = fsaverage
trgsubject = sub-v1s2x0051472_ses-1
trglabel = ./lh.BA44_exvivo.label
regmethod = surface

srchemi = lh
trghemi = lh
trgsurface = white
srcsurfreg = sphere.reg
trgsurfreg = sphere.reg
usehash = 1
Use ProjAbs  = 0, 0
Use ProjFrac = 0, 0
DoPaint 0

SUBJECTS_DIR    /out/sourcedata/freesurfer
FREESURFER_HOME /opt/freesurfer
Loading source label.
Found 4181 points in source label.
Starting surface-based mapping
Reading source registration 
 /out/sourcedata/freesurfer/fsaverage/surf/lh.sphere.reg
Rescaling ...  original radius = 100
Reading target surface 
 /out/sourcedata/freesurfer/sub-v1s2x0051472_ses-1/surf/lh.white
Reading target registration 
 /out/sourcedata/freesurfer/sub-v1s2x0051472_ses-1/surf/lh.sphere.reg
Rescaling ...  original radius = 100
Building target registration hash (res=16).
Building source registration hash (res=16).
INFO: found  4181 nlabel points
Performing mapping from target back to the source label 175354
Number of reverse mapping hits = 311
Checking for and removing duplicates
Writing label file ./lh.BA44_exvivo.label 4492
mri_label2label: Done


 mri_label2label --srcsubject fsaverage --srclabel /out/sourcedata/freesurfer/fsaverage/label/lh.BA45_exvivo.label --trgsubject sub-v1s2x0051472_ses-1 --trglabel ./lh.BA45_exvivo.label --hemi lh --regmethod surface 


srclabel = /out/sourcedata/freesurfer/fsaverage/label/lh.BA45_exvivo.label
srcsubject = fsaverage
trgsubject = sub-v1s2x0051472_ses-1
trglabel = ./lh.BA45_exvivo.label
regmethod = surface

srchemi = lh
trghemi = lh
trgsurface = white
srcsurfreg = sphere.reg
trgsurfreg = sphere.reg
usehash = 1
Use ProjAbs  = 0, 0
Use ProjFrac = 0, 0
DoPaint 0

SUBJECTS_DIR    /out/sourcedata/freesurfer
FREESURFER_HOME /opt/freesurfer
Loading source label.
Found 3422 points in source label.
Starting surface-based mapping
Reading source registration 
 /out/sourcedata/freesurfer/fsaverage/surf/lh.sphere.reg
Rescaling ...  original radius = 100
Reading target surface 
 /out/sourcedata/freesurfer/sub-v1s2x0051472_ses-1/surf/lh.white
Reading target registration 
 /out/sourcedata/freesurfer/sub-v1s2x0051472_ses-1/surf/lh.sphere.reg
Rescaling ...  original radius = 100
Building target registration hash (res=16).
Building source registration hash (res=16).
INFO: found  3422 nlabel points
Performing mapping from target back to the source label 175354
Number of reverse mapping hits = 1745
Checking for and removing duplicates
Writing label file ./lh.BA45_exvivo.label 5167
mri_label2label: Done


 mri_label2label --srcsubject fsaverage --srclabel /out/sourcedata/freesurfer/fsaverage/label/lh.V1_exvivo.label --trgsubject sub-v1s2x0051472_ses-1 --trglabel ./lh.V1_exvivo.label --hemi lh --regmethod surface 


srclabel = /out/sourcedata/freesurfer/fsaverage/label/lh.V1_exvivo.label
srcsubject = fsaverage
trgsubject = sub-v1s2x0051472_ses-1
trglabel = ./lh.V1_exvivo.label
regmethod = surface

srchemi = lh
trghemi = lh
trgsurface = white
srcsurfreg = sphere.reg
trgsurfreg = sphere.reg
usehash = 1
Use ProjAbs  = 0, 0
Use ProjFrac = 0, 0
DoPaint 0

SUBJECTS_DIR    /out/sourcedata/freesurfer
FREESURFER_HOME /opt/freesurfer
Loading source label.
Found 4641 points in source label.
Starting surface-based mapping
Reading source registration 
 /out/sourcedata/freesurfer/fsaverage/surf/lh.sphere.reg
Rescaling ...  original radius = 100
Reading target surface 
 /out/sourcedata/freesurfer/sub-v1s2x0051472_ses-1/surf/lh.white
Reading target registration 
 /out/sourcedata/freesurfer/sub-v1s2x0051472_ses-1/surf/lh.sphere.reg
Rescaling ...  original radius = 100
Building target registration hash (res=16).
Building source registration hash (res=16).
INFO: found  4641 nlabel points
Performing mapping from target back to the source label 175354
Number of reverse mapping hits = 1570
Checking for and removing duplicates
Writing label file ./lh.V1_exvivo.label 6211
mri_label2label: Done


 mri_label2label --srcsubject fsaverage --srclabel /out/sourcedata/freesurfer/fsaverage/label/lh.V2_exvivo.label --trgsubject sub-v1s2x0051472_ses-1 --trglabel ./lh.V2_exvivo.label --hemi lh --regmethod surface 


srclabel = /out/sourcedata/freesurfer/fsaverage/label/lh.V2_exvivo.label
srcsubject = fsaverage
trgsubject = sub-v1s2x0051472_ses-1
trglabel = ./lh.V2_exvivo.label
regmethod = surface

srchemi = lh
trghemi = lh
trgsurface = white
srcsurfreg = sphere.reg
trgsurfreg = sphere.reg
usehash = 1
Use ProjAbs  = 0, 0
Use ProjFrac = 0, 0
DoPaint 0

SUBJECTS_DIR    /out/sourcedata/freesurfer
FREESURFER_HOME /opt/freesurfer
Loading source label.
Found 8114 points in source label.
Starting surface-based mapping
Reading source registration 
 /out/sourcedata/freesurfer/fsaverage/surf/lh.sphere.reg
Rescaling ...  original radius = 100
Reading target surface 
 /out/sourcedata/freesurfer/sub-v1s2x0051472_ses-1/surf/lh.white
Reading target registration 
 /out/sourcedata/freesurfer/sub-v1s2x0051472_ses-1/surf/lh.sphere.reg
Rescaling ...  original radius = 100
Building target registration hash (res=16).
Building source registration hash (res=16).
INFO: found  8114 nlabel points
Performing mapping from target back to the source label 175354
Number of reverse mapping hits = 3450
Checking for and removing duplicates
Writing label file ./lh.V2_exvivo.label 11564
mri_label2label: Done


 mri_label2label --srcsubject fsaverage --srclabel /out/sourcedata/freesurfer/fsaverage/label/lh.MT_exvivo.label --trgsubject sub-v1s2x0051472_ses-1 --trglabel ./lh.MT_exvivo.label --hemi lh --regmethod surface 


srclabel = /out/sourcedata/freesurfer/fsaverage/label/lh.MT_exvivo.label
srcsubject = fsaverage
trgsubject = sub-v1s2x0051472_ses-1
trglabel = ./lh.MT_exvivo.label
regmethod = surface

srchemi = lh
trghemi = lh
trgsurface = white
srcsurfreg = sphere.reg
trgsurfreg = sphere.reg
usehash = 1
Use ProjAbs  = 0, 0
Use ProjFrac = 0, 0
DoPaint 0

SUBJECTS_DIR    /out/sourcedata/freesurfer
FREESURFER_HOME /opt/freesurfer
Loading source label.
Found 2018 points in source label.
Starting surface-based mapping
Reading source registration 
 /out/sourcedata/freesurfer/fsaverage/surf/lh.sphere.reg
Rescaling ...  original radius = 100
Reading target surface 
 /out/sourcedata/freesurfer/sub-v1s2x0051472_ses-1/surf/lh.white
Reading target registration 
 /out/sourcedata/freesurfer/sub-v1s2x0051472_ses-1/surf/lh.sphere.reg
Rescaling ...  original radius = 100
Building target registration hash (res=16).
Building source registration hash (res=16).
INFO: found  2018 nlabel points
Performing mapping from target back to the source label 175354
Number of reverse mapping hits = 854
Checking for and removing duplicates
Writing label file ./lh.MT_exvivo.label 2872
mri_label2label: Done


 mri_label2label --srcsubject fsaverage --srclabel /out/sourcedata/freesurfer/fsaverage/label/lh.entorhinal_exvivo.label --trgsubject sub-v1s2x0051472_ses-1 --trglabel ./lh.entorhinal_exvivo.label --hemi lh --regmethod surface 


srclabel = /out/sourcedata/freesurfer/fsaverage/label/lh.entorhinal_exvivo.label
srcsubject = fsaverage
trgsubject = sub-v1s2x0051472_ses-1
trglabel = ./lh.entorhinal_exvivo.label
regmethod = surface

srchemi = lh
trghemi = lh
trgsurface = white
srcsurfreg = sphere.reg
trgsurfreg = sphere.reg
usehash = 1
Use ProjAbs  = 0, 0
Use ProjFrac = 0, 0
DoPaint 0

SUBJECTS_DIR    /out/sourcedata/freesurfer
FREESURFER_HOME /opt/freesurfer
Loading source label.
Found 1290 points in source label.
Starting surface-based mapping
Reading source registration 
 /out/sourcedata/freesurfer/fsaverage/surf/lh.sphere.reg
Rescaling ...  original radius = 100
Reading target surface 
 /out/sourcedata/freesurfer/sub-v1s2x0051472_ses-1/surf/lh.white
Reading target registration 
 /out/sourcedata/freesurfer/sub-v1s2x0051472_ses-1/surf/lh.sphere.reg
Rescaling ...  original radius = 100
Building target registration hash (res=16).
Building source registration hash (res=16).
INFO: found  1290 nlabel points
Performing mapping from target back to the source label 175354
Number of reverse mapping hits = 80
Checking for and removing duplicates
Writing label file ./lh.entorhinal_exvivo.label 1370
mri_label2label: Done


 mri_label2label --srcsubject fsaverage --srclabel /out/sourcedata/freesurfer/fsaverage/label/lh.perirhinal_exvivo.label --trgsubject sub-v1s2x0051472_ses-1 --trglabel ./lh.perirhinal_exvivo.label --hemi lh --regmethod surface 


srclabel = /out/sourcedata/freesurfer/fsaverage/label/lh.perirhinal_exvivo.label
srcsubject = fsaverage
trgsubject = sub-v1s2x0051472_ses-1
trglabel = ./lh.perirhinal_exvivo.label
regmethod = surface

srchemi = lh
trghemi = lh
trgsurface = white
srcsurfreg = sphere.reg
trgsurfreg = sphere.reg
usehash = 1
Use ProjAbs  = 0, 0
Use ProjFrac = 0, 0
DoPaint 0

SUBJECTS_DIR    /out/sourcedata/freesurfer
FREESURFER_HOME /opt/freesurfer
Loading source label.
Found 1199 points in source label.
Starting surface-based mapping
Reading source registration 
 /out/sourcedata/freesurfer/fsaverage/surf/lh.sphere.reg
Rescaling ...  original radius = 100
Reading target surface 
 /out/sourcedata/freesurfer/sub-v1s2x0051472_ses-1/surf/lh.white
Reading target registration 
 /out/sourcedata/freesurfer/sub-v1s2x0051472_ses-1/surf/lh.sphere.reg
Rescaling ...  original radius = 100
Building target registration hash (res=16).
Building source registration hash (res=16).
INFO: found  1199 nlabel points
Performing mapping from target back to the source label 175354
Number of reverse mapping hits = 41
Checking for and removing duplicates
Writing label file ./lh.perirhinal_exvivo.label 1240
mri_label2label: Done


 mri_label2label --srcsubject fsaverage --srclabel /out/sourcedata/freesurfer/fsaverage/label/lh.FG1.mpm.vpnl.label --trgsubject sub-v1s2x0051472_ses-1 --trglabel ./lh.FG1.mpm.vpnl.label --hemi lh --regmethod surface 


srclabel = /out/sourcedata/freesurfer/fsaverage/label/lh.FG1.mpm.vpnl.label
srcsubject = fsaverage
trgsubject = sub-v1s2x0051472_ses-1
trglabel = ./lh.FG1.mpm.vpnl.label
regmethod = surface

srchemi = lh
trghemi = lh
trgsurface = white
srcsurfreg = sphere.reg
trgsurfreg = sphere.reg
usehash = 1
Use ProjAbs  = 0, 0
Use ProjFrac = 0, 0
DoPaint 0

SUBJECTS_DIR    /out/sourcedata/freesurfer
FREESURFER_HOME /opt/freesurfer
Loading source label.
Found 414 points in source label.
Starting surface-based mapping
Reading source registration 
 /out/sourcedata/freesurfer/fsaverage/surf/lh.sphere.reg
Rescaling ...  original radius = 100
Reading target surface 
 /out/sourcedata/freesurfer/sub-v1s2x0051472_ses-1/surf/lh.white
Reading target registration 
 /out/sourcedata/freesurfer/sub-v1s2x0051472_ses-1/surf/lh.sphere.reg
Rescaling ...  original radius = 100
Building target registration hash (res=16).
Building source registration hash (res=16).
INFO: found  414 nlabel points
Performing mapping from target back to the source label 175354
Number of reverse mapping hits = 206
Checking for and removing duplicates
Writing label file ./lh.FG1.mpm.vpnl.label 620
mri_label2label: Done


 mri_label2label --srcsubject fsaverage --srclabel /out/sourcedata/freesurfer/fsaverage/label/lh.FG2.mpm.vpnl.label --trgsubject sub-v1s2x0051472_ses-1 --trglabel ./lh.FG2.mpm.vpnl.label --hemi lh --regmethod surface 


srclabel = /out/sourcedata/freesurfer/fsaverage/label/lh.FG2.mpm.vpnl.label
srcsubject = fsaverage
trgsubject = sub-v1s2x0051472_ses-1
trglabel = ./lh.FG2.mpm.vpnl.label
regmethod = surface

srchemi = lh
trghemi = lh
trgsurface = white
srcsurfreg = sphere.reg
trgsurfreg = sphere.reg
usehash = 1
Use ProjAbs  = 0, 0
Use ProjFrac = 0, 0
DoPaint 0

SUBJECTS_DIR    /out/sourcedata/freesurfer
FREESURFER_HOME /opt/freesurfer
Loading source label.
Found 703 points in source label.
Starting surface-based mapping
Reading source registration 
 /out/sourcedata/freesurfer/fsaverage/surf/lh.sphere.reg
Rescaling ...  original radius = 100
Reading target surface 
 /out/sourcedata/freesurfer/sub-v1s2x0051472_ses-1/surf/lh.white
Reading target registration 
 /out/sourcedata/freesurfer/sub-v1s2x0051472_ses-1/surf/lh.sphere.reg
Rescaling ...  original radius = 100
Building target registration hash (res=16).
Building source registration hash (res=16).
INFO: found  703 nlabel points
Performing mapping from target back to the source label 175354
Number of reverse mapping hits = 301
Checking for and removing duplicates
Writing label file ./lh.FG2.mpm.vpnl.label 1004
mri_label2label: Done


 mri_label2label --srcsubject fsaverage --srclabel /out/sourcedata/freesurfer/fsaverage/label/lh.FG3.mpm.vpnl.label --trgsubject sub-v1s2x0051472_ses-1 --trglabel ./lh.FG3.mpm.vpnl.label --hemi lh --regmethod surface 


srclabel = /out/sourcedata/freesurfer/fsaverage/label/lh.FG3.mpm.vpnl.label
srcsubject = fsaverage
trgsubject = sub-v1s2x0051472_ses-1
trglabel = ./lh.FG3.mpm.vpnl.label
regmethod = surface

srchemi = lh
trghemi = lh
trgsurface = white
srcsurfreg = sphere.reg
trgsurfreg = sphere.reg
usehash = 1
Use ProjAbs  = 0, 0
Use ProjFrac = 0, 0
DoPaint 0

SUBJECTS_DIR    /out/sourcedata/freesurfer
FREESURFER_HOME /opt/freesurfer
Loading source label.
Found 1873 points in source label.
Starting surface-based mapping
Reading source registration 
 /out/sourcedata/freesurfer/fsaverage/surf/lh.sphere.reg
Rescaling ...  original radius = 100
Reading target surface 
 /out/sourcedata/freesurfer/sub-v1s2x0051472_ses-1/surf/lh.white
Reading target registration 
 /out/sourcedata/freesurfer/sub-v1s2x0051472_ses-1/surf/lh.sphere.reg
Rescaling ...  original radius = 100
Building target registration hash (res=16).
Building source registration hash (res=16).
INFO: found  1873 nlabel points
Performing mapping from target back to the source label 175354
Number of reverse mapping hits = 343
Checking for and removing duplicates
Writing label file ./lh.FG3.mpm.vpnl.label 2216
mri_label2label: Done


 mri_label2label --srcsubject fsaverage --srclabel /out/sourcedata/freesurfer/fsaverage/label/lh.FG4.mpm.vpnl.label --trgsubject sub-v1s2x0051472_ses-1 --trglabel ./lh.FG4.mpm.vpnl.label --hemi lh --regmethod surface 


srclabel = /out/sourcedata/freesurfer/fsaverage/label/lh.FG4.mpm.vpnl.label
srcsubject = fsaverage
trgsubject = sub-v1s2x0051472_ses-1
trglabel = ./lh.FG4.mpm.vpnl.label
regmethod = surface

srchemi = lh
trghemi = lh
trgsurface = white
srcsurfreg = sphere.reg
trgsurfreg = sphere.reg
usehash = 1
Use ProjAbs  = 0, 0
Use ProjFrac = 0, 0
DoPaint 0

SUBJECTS_DIR    /out/sourcedata/freesurfer
FREESURFER_HOME /opt/freesurfer
Loading source label.
Found 2101 points in source label.
Starting surface-based mapping
Reading source registration 
 /out/sourcedata/freesurfer/fsaverage/surf/lh.sphere.reg
Rescaling ...  original radius = 100
Reading target surface 
 /out/sourcedata/freesurfer/sub-v1s2x0051472_ses-1/surf/lh.white
Reading target registration 
 /out/sourcedata/freesurfer/sub-v1s2x0051472_ses-1/surf/lh.sphere.reg
Rescaling ...  original radius = 100
Building target registration hash (res=16).
Building source registration hash (res=16).
INFO: found  2101 nlabel points
Performing mapping from target back to the source label 175354
Number of reverse mapping hits = 714
Checking for and removing duplicates
Writing label file ./lh.FG4.mpm.vpnl.label 2815
mri_label2label: Done


 mri_label2label --srcsubject fsaverage --srclabel /out/sourcedata/freesurfer/fsaverage/label/lh.hOc1.mpm.vpnl.label --trgsubject sub-v1s2x0051472_ses-1 --trglabel ./lh.hOc1.mpm.vpnl.label --hemi lh --regmethod surface 


srclabel = /out/sourcedata/freesurfer/fsaverage/label/lh.hOc1.mpm.vpnl.label
srcsubject = fsaverage
trgsubject = sub-v1s2x0051472_ses-1
trglabel = ./lh.hOc1.mpm.vpnl.label
regmethod = surface

srchemi = lh
trghemi = lh
trgsurface = white
srcsurfreg = sphere.reg
trgsurfreg = sphere.reg
usehash = 1
Use ProjAbs  = 0, 0
Use ProjFrac = 0, 0
DoPaint 0

SUBJECTS_DIR    /out/sourcedata/freesurfer
FREESURFER_HOME /opt/freesurfer
Loading source label.
Found 3877 points in source label.
Starting surface-based mapping
Reading source registration 
 /out/sourcedata/freesurfer/fsaverage/surf/lh.sphere.reg
Rescaling ...  original radius = 100
Reading target surface 
 /out/sourcedata/freesurfer/sub-v1s2x0051472_ses-1/surf/lh.white
Reading target registration 
 /out/sourcedata/freesurfer/sub-v1s2x0051472_ses-1/surf/lh.sphere.reg
Rescaling ...  original radius = 100
Building target registration hash (res=16).
Building source registration hash (res=16).
INFO: found  3877 nlabel points
Performing mapping from target back to the source label 175354
Number of reverse mapping hits = 1183
Checking for and removing duplicates
Writing label file ./lh.hOc1.mpm.vpnl.label 5060
mri_label2label: Done


 mri_label2label --srcsubject fsaverage --srclabel /out/sourcedata/freesurfer/fsaverage/label/lh.hOc2.mpm.vpnl.label --trgsubject sub-v1s2x0051472_ses-1 --trglabel ./lh.hOc2.mpm.vpnl.label --hemi lh --regmethod surface 


srclabel = /out/sourcedata/freesurfer/fsaverage/label/lh.hOc2.mpm.vpnl.label
srcsubject = fsaverage
trgsubject = sub-v1s2x0051472_ses-1
trglabel = ./lh.hOc2.mpm.vpnl.label
regmethod = surface

srchemi = lh
trghemi = lh
trgsurface = white
srcsurfreg = sphere.reg
trgsurfreg = sphere.reg
usehash = 1
Use ProjAbs  = 0, 0
Use ProjFrac = 0, 0
DoPaint 0

SUBJECTS_DIR    /out/sourcedata/freesurfer
FREESURFER_HOME /opt/freesurfer
Loading source label.
Found 2919 points in source label.
Starting surface-based mapping
Reading source registration 
 /out/sourcedata/freesurfer/fsaverage/surf/lh.sphere.reg
Rescaling ...  original radius = 100
Reading target surface 
 /out/sourcedata/freesurfer/sub-v1s2x0051472_ses-1/surf/lh.white
Reading target registration 
 /out/sourcedata/freesurfer/sub-v1s2x0051472_ses-1/surf/lh.sphere.reg
Rescaling ...  original radius = 100
Building target registration hash (res=16).
Building source registration hash (res=16).
INFO: found  2919 nlabel points
Performing mapping from target back to the source label 175354
Number of reverse mapping hits = 1492
Checking for and removing duplicates
Writing label file ./lh.hOc2.mpm.vpnl.label 4411
mri_label2label: Done


 mri_label2label --srcsubject fsaverage --srclabel /out/sourcedata/freesurfer/fsaverage/label/lh.hOc3v.mpm.vpnl.label --trgsubject sub-v1s2x0051472_ses-1 --trglabel ./lh.hOc3v.mpm.vpnl.label --hemi lh --regmethod surface 


srclabel = /out/sourcedata/freesurfer/fsaverage/label/lh.hOc3v.mpm.vpnl.label
srcsubject = fsaverage
trgsubject = sub-v1s2x0051472_ses-1
trglabel = ./lh.hOc3v.mpm.vpnl.label
regmethod = surface

srchemi = lh
trghemi = lh
trgsurface = white
srcsurfreg = sphere.reg
trgsurfreg = sphere.reg
usehash = 1
Use ProjAbs  = 0, 0
Use ProjFrac = 0, 0
DoPaint 0

SUBJECTS_DIR    /out/sourcedata/freesurfer
FREESURFER_HOME /opt/freesurfer
Loading source label.
Found 1286 points in source label.
Starting surface-based mapping
Reading source registration 
 /out/sourcedata/freesurfer/fsaverage/surf/lh.sphere.reg
Rescaling ...  original radius = 100
Reading target surface 
 /out/sourcedata/freesurfer/sub-v1s2x0051472_ses-1/surf/lh.white
Reading target registration 
 /out/sourcedata/freesurfer/sub-v1s2x0051472_ses-1/surf/lh.sphere.reg
Rescaling ...  original radius = 100
Building target registration hash (res=16).
Building source registration hash (res=16).
INFO: found  1286 nlabel points
Performing mapping from target back to the source label 175354
Number of reverse mapping hits = 628
Checking for and removing duplicates
Writing label file ./lh.hOc3v.mpm.vpnl.label 1914
mri_label2label: Done


 mri_label2label --srcsubject fsaverage --srclabel /out/sourcedata/freesurfer/fsaverage/label/lh.hOc4v.mpm.vpnl.label --trgsubject sub-v1s2x0051472_ses-1 --trglabel ./lh.hOc4v.mpm.vpnl.label --hemi lh --regmethod surface 


srclabel = /out/sourcedata/freesurfer/fsaverage/label/lh.hOc4v.mpm.vpnl.label
srcsubject = fsaverage
trgsubject = sub-v1s2x0051472_ses-1
trglabel = ./lh.hOc4v.mpm.vpnl.label
regmethod = surface

srchemi = lh
trghemi = lh
trgsurface = white
srcsurfreg = sphere.reg
trgsurfreg = sphere.reg
usehash = 1
Use ProjAbs  = 0, 0
Use ProjFrac = 0, 0
DoPaint 0

SUBJECTS_DIR    /out/sourcedata/freesurfer
FREESURFER_HOME /opt/freesurfer
Loading source label.
Found 1006 points in source label.
Starting surface-based mapping
Reading source registration 
 /out/sourcedata/freesurfer/fsaverage/surf/lh.sphere.reg
Rescaling ...  original radius = 100
Reading target surface 
 /out/sourcedata/freesurfer/sub-v1s2x0051472_ses-1/surf/lh.white
Reading target registration 
 /out/sourcedata/freesurfer/sub-v1s2x0051472_ses-1/surf/lh.sphere.reg
Rescaling ...  original radius = 100
Building target registration hash (res=16).
Building source registration hash (res=16).
INFO: found  1006 nlabel points
Performing mapping from target back to the source label 175354
Number of reverse mapping hits = 401
Checking for and removing duplicates
Writing label file ./lh.hOc4v.mpm.vpnl.label 1407
mri_label2label: Done


 mris_label2annot --s sub-v1s2x0051472_ses-1 --ctab /opt/freesurfer/average/colortable_vpnl.txt --hemi lh --a mpm.vpnl --maxstatwinner --noverbose --l lh.FG1.mpm.vpnl.label --l lh.FG2.mpm.vpnl.label --l lh.FG3.mpm.vpnl.label --l lh.FG4.mpm.vpnl.label --l lh.hOc1.mpm.vpnl.label --l lh.hOc2.mpm.vpnl.label --l lh.hOc3v.mpm.vpnl.label --l lh.hOc4v.mpm.vpnl.label 

Reading ctab /opt/freesurfer/average/colortable_vpnl.txt
Number of ctab entries 9

7.3.2
cwd /out/sourcedata/freesurfer/sub-v1s2x0051472_ses-1/label
cmdline mris_label2annot --s sub-v1s2x0051472_ses-1 --ctab /opt/freesurfer/average/colortable_vpnl.txt --hemi lh --a mpm.vpnl --maxstatwinner --noverbose --l lh.FG1.mpm.vpnl.label --l lh.FG2.mpm.vpnl.label --l lh.FG3.mpm.vpnl.label --l lh.FG4.mpm.vpnl.label --l lh.hOc1.mpm.vpnl.label --l lh.hOc2.mpm.vpnl.label --l lh.hOc3v.mpm.vpnl.label --l lh.hOc4v.mpm.vpnl.label 
sysname  Linux
hostname dna049
machine  x86_64
user     oesteban

subject sub-v1s2x0051472_ses-1
hemi    lh
SUBJECTS_DIR /out/sourcedata/freesurfer
ColorTable /opt/freesurfer/average/colortable_vpnl.txt
AnnotName  mpm.vpnl
nlables 8
LabelThresh 0 0.000000
Loading /out/sourcedata/freesurfer/sub-v1s2x0051472_ses-1/surf/lh.orig
 1 1376057 FG1
 2 16711935 FG2
 3 16711680 FG3
 4 1705837 FG4
 5 25600 hOc1
 6 255 hOc2
 7 16776960 hOc3v
 8 65535 hOc4v
Mapping unhit to unknown
Found 156864 unhit vertices
Writing annot to /out/sourcedata/freesurfer/sub-v1s2x0051472_ses-1/label/lh.mpm.vpnl.annot

 mri_label2label --srcsubject fsaverage --srclabel /out/sourcedata/freesurfer/fsaverage/label/lh.BA1_exvivo.thresh.label --trgsubject sub-v1s2x0051472_ses-1 --trglabel ./lh.BA1_exvivo.thresh.label --hemi lh --regmethod surface 


srclabel = /out/sourcedata/freesurfer/fsaverage/label/lh.BA1_exvivo.thresh.label
srcsubject = fsaverage
trgsubject = sub-v1s2x0051472_ses-1
trglabel = ./lh.BA1_exvivo.thresh.label
regmethod = surface

srchemi = lh
trghemi = lh
trgsurface = white
srcsurfreg = sphere.reg
trgsurfreg = sphere.reg
usehash = 1
Use ProjAbs  = 0, 0
Use ProjFrac = 0, 0
DoPaint 0

SUBJECTS_DIR    /out/sourcedata/freesurfer
FREESURFER_HOME /opt/freesurfer
Loading source label.
Found 1014 points in source label.
Starting surface-based mapping
Reading source registration 
 /out/sourcedata/freesurfer/fsaverage/surf/lh.sphere.reg
Rescaling ...  original radius = 100
Reading target surface 
 /out/sourcedata/freesurfer/sub-v1s2x0051472_ses-1/surf/lh.white
Reading target registration 
 /out/sourcedata/freesurfer/sub-v1s2x0051472_ses-1/surf/lh.sphere.reg
Rescaling ...  original radius = 100
Building target registration hash (res=16).
Building source registration hash (res=16).
INFO: found  1014 nlabel points
Performing mapping from target back to the source label 175354
Number of reverse mapping hits = 203
Checking for and removing duplicates
Writing label file ./lh.BA1_exvivo.thresh.label 1217
mri_label2label: Done


 mri_label2label --srcsubject fsaverage --srclabel /out/sourcedata/freesurfer/fsaverage/label/lh.BA2_exvivo.thresh.label --trgsubject sub-v1s2x0051472_ses-1 --trglabel ./lh.BA2_exvivo.thresh.label --hemi lh --regmethod surface 


srclabel = /out/sourcedata/freesurfer/fsaverage/label/lh.BA2_exvivo.thresh.label
srcsubject = fsaverage
trgsubject = sub-v1s2x0051472_ses-1
trglabel = ./lh.BA2_exvivo.thresh.label
regmethod = surface

srchemi = lh
trghemi = lh
trgsurface = white
srcsurfreg = sphere.reg
trgsurfreg = sphere.reg
usehash = 1
Use ProjAbs  = 0, 0
Use ProjFrac = 0, 0
DoPaint 0

SUBJECTS_DIR    /out/sourcedata/freesurfer
FREESURFER_HOME /opt/freesurfer
Loading source label.
Found 2092 points in source label.
Starting surface-based mapping
Reading source registration 
 /out/sourcedata/freesurfer/fsaverage/surf/lh.sphere.reg
Rescaling ...  original radius = 100
Reading target surface 
 /out/sourcedata/freesurfer/sub-v1s2x0051472_ses-1/surf/lh.white
Reading target registration 
 /out/sourcedata/freesurfer/sub-v1s2x0051472_ses-1/surf/lh.sphere.reg
Rescaling ...  original radius = 100
Building target registration hash (res=16).
Building source registration hash (res=16).
INFO: found  2092 nlabel points
Performing mapping from target back to the source label 175354
Number of reverse mapping hits = 575
Checking for and removing duplicates
Writing label file ./lh.BA2_exvivo.thresh.label 2667
mri_label2label: Done


 mri_label2label --srcsubject fsaverage --srclabel /out/sourcedata/freesurfer/fsaverage/label/lh.BA3a_exvivo.thresh.label --trgsubject sub-v1s2x0051472_ses-1 --trglabel ./lh.BA3a_exvivo.thresh.label --hemi lh --regmethod surface 


srclabel = /out/sourcedata/freesurfer/fsaverage/label/lh.BA3a_exvivo.thresh.label
srcsubject = fsaverage
trgsubject = sub-v1s2x0051472_ses-1
trglabel = ./lh.BA3a_exvivo.thresh.label
regmethod = surface

srchemi = lh
trghemi = lh
trgsurface = white
srcsurfreg = sphere.reg
trgsurfreg = sphere.reg
usehash = 1
Use ProjAbs  = 0, 0
Use ProjFrac = 0, 0
DoPaint 0

SUBJECTS_DIR    /out/sourcedata/freesurfer
FREESURFER_HOME /opt/freesurfer
Loading source label.
Found 1504 points in source label.
Starting surface-based mapping
Reading source registration 
 /out/sourcedata/freesurfer/fsaverage/surf/lh.sphere.reg
Rescaling ...  original radius = 100
Reading target surface 
 /out/sourcedata/freesurfer/sub-v1s2x0051472_ses-1/surf/lh.white
Reading target registration 
 /out/sourcedata/freesurfer/sub-v1s2x0051472_ses-1/surf/lh.sphere.reg
Rescaling ...  original radius = 100
Building target registration hash (res=16).
Building source registration hash (res=16).
INFO: found  1504 nlabel points
Performing mapping from target back to the source label 175354
Number of reverse mapping hits = 32
Checking for and removing duplicates
Writing label file ./lh.BA3a_exvivo.thresh.label 1536
mri_label2label: Done


 mri_label2label --srcsubject fsaverage --srclabel /out/sourcedata/freesurfer/fsaverage/label/lh.BA3b_exvivo.thresh.label --trgsubject sub-v1s2x0051472_ses-1 --trglabel ./lh.BA3b_exvivo.thresh.label --hemi lh --regmethod surface 


srclabel = /out/sourcedata/freesurfer/fsaverage/label/lh.BA3b_exvivo.thresh.label
srcsubject = fsaverage
trgsubject = sub-v1s2x0051472_ses-1
trglabel = ./lh.BA3b_exvivo.thresh.label
regmethod = surface

srchemi = lh
trghemi = lh
trgsurface = white
srcsurfreg = sphere.reg
trgsurfreg = sphere.reg
usehash = 1
Use ProjAbs  = 0, 0
Use ProjFrac = 0, 0
DoPaint 0

SUBJECTS_DIR    /out/sourcedata/freesurfer
FREESURFER_HOME /opt/freesurfer
Loading source label.
Found 1996 points in source label.
Starting surface-based mapping
Reading source registration 
 /out/sourcedata/freesurfer/fsaverage/surf/lh.sphere.reg
Rescaling ...  original radius = 100
Reading target surface 
 /out/sourcedata/freesurfer/sub-v1s2x0051472_ses-1/surf/lh.white
Reading target registration 
 /out/sourcedata/freesurfer/sub-v1s2x0051472_ses-1/surf/lh.sphere.reg
Rescaling ...  original radius = 100
Building target registration hash (res=16).
Building source registration hash (res=16).
INFO: found  1996 nlabel points
Performing mapping from target back to the source label 175354
Number of reverse mapping hits = 63
Checking for and removing duplicates
Writing label file ./lh.BA3b_exvivo.thresh.label 2059
mri_label2label: Done


 mri_label2label --srcsubject fsaverage --srclabel /out/sourcedata/freesurfer/fsaverage/label/lh.BA4a_exvivo.thresh.label --trgsubject sub-v1s2x0051472_ses-1 --trglabel ./lh.BA4a_exvivo.thresh.label --hemi lh --regmethod surface 


srclabel = /out/sourcedata/freesurfer/fsaverage/label/lh.BA4a_exvivo.thresh.label
srcsubject = fsaverage
trgsubject = sub-v1s2x0051472_ses-1
trglabel = ./lh.BA4a_exvivo.thresh.label
regmethod = surface

srchemi = lh
trghemi = lh
trgsurface = white
srcsurfreg = sphere.reg
trgsurfreg = sphere.reg
usehash = 1
Use ProjAbs  = 0, 0
Use ProjFrac = 0, 0
DoPaint 0

SUBJECTS_DIR    /out/sourcedata/freesurfer
FREESURFER_HOME /opt/freesurfer
Loading source label.
Found 2319 points in source label.
Starting surface-based mapping
Reading source registration 
 /out/sourcedata/freesurfer/fsaverage/surf/lh.sphere.reg
Rescaling ...  original radius = 100
Reading target surface 
 /out/sourcedata/freesurfer/sub-v1s2x0051472_ses-1/surf/lh.white
Reading target registration 
 /out/sourcedata/freesurfer/sub-v1s2x0051472_ses-1/surf/lh.sphere.reg
Rescaling ...  original radius = 100
Building target registration hash (res=16).
Building source registration hash (res=16).
INFO: found  2319 nlabel points
Performing mapping from target back to the source label 175354
Number of reverse mapping hits = 259
Checking for and removing duplicates
Writing label file ./lh.BA4a_exvivo.thresh.label 2578
mri_label2label: Done


 mri_label2label --srcsubject fsaverage --srclabel /out/sourcedata/freesurfer/fsaverage/label/lh.BA4p_exvivo.thresh.label --trgsubject sub-v1s2x0051472_ses-1 --trglabel ./lh.BA4p_exvivo.thresh.label --hemi lh --regmethod surface 


srclabel = /out/sourcedata/freesurfer/fsaverage/label/lh.BA4p_exvivo.thresh.label
srcsubject = fsaverage
trgsubject = sub-v1s2x0051472_ses-1
trglabel = ./lh.BA4p_exvivo.thresh.label
regmethod = surface

srchemi = lh
trghemi = lh
trgsurface = white
srcsurfreg = sphere.reg
trgsurfreg = sphere.reg
usehash = 1
Use ProjAbs  = 0, 0
Use ProjFrac = 0, 0
DoPaint 0

SUBJECTS_DIR    /out/sourcedata/freesurfer
FREESURFER_HOME /opt/freesurfer
Loading source label.
Found 1549 points in source label.
Starting surface-based mapping
Reading source registration 
 /out/sourcedata/freesurfer/fsaverage/surf/lh.sphere.reg
Rescaling ...  original radius = 100
Reading target surface 
 /out/sourcedata/freesurfer/sub-v1s2x0051472_ses-1/surf/lh.white
Reading target registration 
 /out/sourcedata/freesurfer/sub-v1s2x0051472_ses-1/surf/lh.sphere.reg
Rescaling ...  original radius = 100
Building target registration hash (res=16).
Building source registration hash (res=16).
INFO: found  1549 nlabel points
Performing mapping from target back to the source label 175354
Number of reverse mapping hits = 76
Checking for and removing duplicates
Writing label file ./lh.BA4p_exvivo.thresh.label 1625
mri_label2label: Done


 mri_label2label --srcsubject fsaverage --srclabel /out/sourcedata/freesurfer/fsaverage/label/lh.BA6_exvivo.thresh.label --trgsubject sub-v1s2x0051472_ses-1 --trglabel ./lh.BA6_exvivo.thresh.label --hemi lh --regmethod surface 


srclabel = /out/sourcedata/freesurfer/fsaverage/label/lh.BA6_exvivo.thresh.label
srcsubject = fsaverage
trgsubject = sub-v1s2x0051472_ses-1
trglabel = ./lh.BA6_exvivo.thresh.label
regmethod = surface

srchemi = lh
trghemi = lh
trgsurface = white
srcsurfreg = sphere.reg
trgsurfreg = sphere.reg
usehash = 1
Use ProjAbs  = 0, 0
Use ProjFrac = 0, 0
DoPaint 0

SUBJECTS_DIR    /out/sourcedata/freesurfer
FREESURFER_HOME /opt/freesurfer
Loading source label.
Found 7035 points in source label.
Starting surface-based mapping
Reading source registration 
 /out/sourcedata/freesurfer/fsaverage/surf/lh.sphere.reg
Rescaling ...  original radius = 100
Reading target surface 
 /out/sourcedata/freesurfer/sub-v1s2x0051472_ses-1/surf/lh.white
Reading target registration 
 /out/sourcedata/freesurfer/sub-v1s2x0051472_ses-1/surf/lh.sphere.reg
Rescaling ...  original radius = 100
Building target registration hash (res=16).
Building source registration hash (res=16).
INFO: found  7035 nlabel points
Performing mapping from target back to the source label 175354
Number of reverse mapping hits = 891
Checking for and removing duplicates
Writing label file ./lh.BA6_exvivo.thresh.label 7926
mri_label2label: Done


 mri_label2label --srcsubject fsaverage --srclabel /out/sourcedata/freesurfer/fsaverage/label/lh.BA44_exvivo.thresh.label --trgsubject sub-v1s2x0051472_ses-1 --trglabel ./lh.BA44_exvivo.thresh.label --hemi lh --regmethod surface 


srclabel = /out/sourcedata/freesurfer/fsaverage/label/lh.BA44_exvivo.thresh.label
srcsubject = fsaverage
trgsubject = sub-v1s2x0051472_ses-1
trglabel = ./lh.BA44_exvivo.thresh.label
regmethod = surface

srchemi = lh
trghemi = lh
trgsurface = white
srcsurfreg = sphere.reg
trgsurfreg = sphere.reg
usehash = 1
Use ProjAbs  = 0, 0
Use ProjFrac = 0, 0
DoPaint 0

SUBJECTS_DIR    /out/sourcedata/freesurfer
FREESURFER_HOME /opt/freesurfer
Loading source label.
Found 1912 points in source label.
Starting surface-based mapping
Reading source registration 
 /out/sourcedata/freesurfer/fsaverage/surf/lh.sphere.reg
Rescaling ...  original radius = 100
Reading target surface 
 /out/sourcedata/freesurfer/sub-v1s2x0051472_ses-1/surf/lh.white
Reading target registration 
 /out/sourcedata/freesurfer/sub-v1s2x0051472_ses-1/surf/lh.sphere.reg
Rescaling ...  original radius = 100
Building target registration hash (res=16).
Building source registration hash (res=16).
INFO: found  1912 nlabel points
Performing mapping from target back to the source label 175354
Number of reverse mapping hits = 91
Checking for and removing duplicates
Writing label file ./lh.BA44_exvivo.thresh.label 2003
mri_label2label: Done


 mri_label2label --srcsubject fsaverage --srclabel /out/sourcedata/freesurfer/fsaverage/label/lh.BA45_exvivo.thresh.label --trgsubject sub-v1s2x0051472_ses-1 --trglabel ./lh.BA45_exvivo.thresh.label --hemi lh --regmethod surface 


srclabel = /out/sourcedata/freesurfer/fsaverage/label/lh.BA45_exvivo.thresh.label
srcsubject = fsaverage
trgsubject = sub-v1s2x0051472_ses-1
trglabel = ./lh.BA45_exvivo.thresh.label
regmethod = surface

srchemi = lh
trghemi = lh
trgsurface = white
srcsurfreg = sphere.reg
trgsurfreg = sphere.reg
usehash = 1
Use ProjAbs  = 0, 0
Use ProjFrac = 0, 0
DoPaint 0

SUBJECTS_DIR    /out/sourcedata/freesurfer
FREESURFER_HOME /opt/freesurfer
Loading source label.
Found 1151 points in source label.
Starting surface-based mapping
Reading source registration 
 /out/sourcedata/freesurfer/fsaverage/surf/lh.sphere.reg
Rescaling ...  original radius = 100
Reading target surface 
 /out/sourcedata/freesurfer/sub-v1s2x0051472_ses-1/surf/lh.white
Reading target registration 
 /out/sourcedata/freesurfer/sub-v1s2x0051472_ses-1/surf/lh.sphere.reg
Rescaling ...  original radius = 100
Building target registration hash (res=16).
Building source registration hash (res=16).
INFO: found  1151 nlabel points
Performing mapping from target back to the source label 175354
Number of reverse mapping hits = 689
Checking for and removing duplicates
Writing label file ./lh.BA45_exvivo.thresh.label 1840
mri_label2label: Done


 mri_label2label --srcsubject fsaverage --srclabel /out/sourcedata/freesurfer/fsaverage/label/lh.V1_exvivo.thresh.label --trgsubject sub-v1s2x0051472_ses-1 --trglabel ./lh.V1_exvivo.thresh.label --hemi lh --regmethod surface 


srclabel = /out/sourcedata/freesurfer/fsaverage/label/lh.V1_exvivo.thresh.label
srcsubject = fsaverage
trgsubject = sub-v1s2x0051472_ses-1
trglabel = ./lh.V1_exvivo.thresh.label
regmethod = surface

srchemi = lh
trghemi = lh
trgsurface = white
srcsurfreg = sphere.reg
trgsurfreg = sphere.reg
usehash = 1
Use ProjAbs  = 0, 0
Use ProjFrac = 0, 0
DoPaint 0

SUBJECTS_DIR    /out/sourcedata/freesurfer
FREESURFER_HOME /opt/freesurfer
Loading source label.
Found 3405 points in source label.
Starting surface-based mapping
Reading source registration 
 /out/sourcedata/freesurfer/fsaverage/surf/lh.sphere.reg
Rescaling ...  original radius = 100
Reading target surface 
 /out/sourcedata/freesurfer/sub-v1s2x0051472_ses-1/surf/lh.white
Reading target registration 
 /out/sourcedata/freesurfer/sub-v1s2x0051472_ses-1/surf/lh.sphere.reg
Rescaling ...  original radius = 100
Building target registration hash (res=16).
Building source registration hash (res=16).
INFO: found  3405 nlabel points
Performing mapping from target back to the source label 175354
Number of reverse mapping hits = 1077
Checking for and removing duplicates
Writing label file ./lh.V1_exvivo.thresh.label 4482
mri_label2label: Done


 mri_label2label --srcsubject fsaverage --srclabel /out/sourcedata/freesurfer/fsaverage/label/lh.V2_exvivo.thresh.label --trgsubject sub-v1s2x0051472_ses-1 --trglabel ./lh.V2_exvivo.thresh.label --hemi lh --regmethod surface 


srclabel = /out/sourcedata/freesurfer/fsaverage/label/lh.V2_exvivo.thresh.label
srcsubject = fsaverage
trgsubject = sub-v1s2x0051472_ses-1
trglabel = ./lh.V2_exvivo.thresh.label
regmethod = surface

srchemi = lh
trghemi = lh
trgsurface = white
srcsurfreg = sphere.reg
trgsurfreg = sphere.reg
usehash = 1
Use ProjAbs  = 0, 0
Use ProjFrac = 0, 0
DoPaint 0

SUBJECTS_DIR    /out/sourcedata/freesurfer
FREESURFER_HOME /opt/freesurfer
Loading source label.
Found 3334 points in source label.
Starting surface-based mapping
Reading source registration 
 /out/sourcedata/freesurfer/fsaverage/surf/lh.sphere.reg
Rescaling ...  original radius = 100
Reading target surface 
 /out/sourcedata/freesurfer/sub-v1s2x0051472_ses-1/surf/lh.white
Reading target registration 
 /out/sourcedata/freesurfer/sub-v1s2x0051472_ses-1/surf/lh.sphere.reg
Rescaling ...  original radius = 100
Building target registration hash (res=16).
Building source registration hash (res=16).
INFO: found  3334 nlabel points
Performing mapping from target back to the source label 175354
Number of reverse mapping hits = 1539
Checking for and removing duplicates
Writing label file ./lh.V2_exvivo.thresh.label 4873
mri_label2label: Done


 mri_label2label --srcsubject fsaverage --srclabel /out/sourcedata/freesurfer/fsaverage/label/lh.MT_exvivo.thresh.label --trgsubject sub-v1s2x0051472_ses-1 --trglabel ./lh.MT_exvivo.thresh.label --hemi lh --regmethod surface 


srclabel = /out/sourcedata/freesurfer/fsaverage/label/lh.MT_exvivo.thresh.label
srcsubject = fsaverage
trgsubject = sub-v1s2x0051472_ses-1
trglabel = ./lh.MT_exvivo.thresh.label
regmethod = surface

srchemi = lh
trghemi = lh
trgsurface = white
srcsurfreg = sphere.reg
trgsurfreg = sphere.reg
usehash = 1
Use ProjAbs  = 0, 0
Use ProjFrac = 0, 0
DoPaint 0

SUBJECTS_DIR    /out/sourcedata/freesurfer
FREESURFER_HOME /opt/freesurfer
Loading source label.
Found 513 points in source label.
Starting surface-based mapping
Reading source registration 
 /out/sourcedata/freesurfer/fsaverage/surf/lh.sphere.reg
Rescaling ...  original radius = 100
Reading target surface 
 /out/sourcedata/freesurfer/sub-v1s2x0051472_ses-1/surf/lh.white
Reading target registration 
 /out/sourcedata/freesurfer/sub-v1s2x0051472_ses-1/surf/lh.sphere.reg
Rescaling ...  original radius = 100
Building target registration hash (res=16).
Building source registration hash (res=16).
INFO: found  513 nlabel points
Performing mapping from target back to the source label 175354
Number of reverse mapping hits = 222
Checking for and removing duplicates
Writing label file ./lh.MT_exvivo.thresh.label 735
mri_label2label: Done


 mri_label2label --srcsubject fsaverage --srclabel /out/sourcedata/freesurfer/fsaverage/label/lh.entorhinal_exvivo.thresh.label --trgsubject sub-v1s2x0051472_ses-1 --trglabel ./lh.entorhinal_exvivo.thresh.label --hemi lh --regmethod surface 


srclabel = /out/sourcedata/freesurfer/fsaverage/label/lh.entorhinal_exvivo.thresh.label
srcsubject = fsaverage
trgsubject = sub-v1s2x0051472_ses-1
trglabel = ./lh.entorhinal_exvivo.thresh.label
regmethod = surface

srchemi = lh
trghemi = lh
trgsurface = white
srcsurfreg = sphere.reg
trgsurfreg = sphere.reg
usehash = 1
Use ProjAbs  = 0, 0
Use ProjFrac = 0, 0
DoPaint 0

SUBJECTS_DIR    /out/sourcedata/freesurfer
FREESURFER_HOME /opt/freesurfer
Loading source label.
Found 470 points in source label.
Starting surface-based mapping
Reading source registration 
 /out/sourcedata/freesurfer/fsaverage/surf/lh.sphere.reg
Rescaling ...  original radius = 100
Reading target surface 
 /out/sourcedata/freesurfer/sub-v1s2x0051472_ses-1/surf/lh.white
Reading target registration 
 /out/sourcedata/freesurfer/sub-v1s2x0051472_ses-1/surf/lh.sphere.reg
Rescaling ...  original radius = 100
Building target registration hash (res=16).
Building source registration hash (res=16).
INFO: found  470 nlabel points
Performing mapping from target back to the source label 175354
Number of reverse mapping hits = 31
Checking for and removing duplicates
Writing label file ./lh.entorhinal_exvivo.thresh.label 501
mri_label2label: Done


 mri_label2label --srcsubject fsaverage --srclabel /out/sourcedata/freesurfer/fsaverage/label/lh.perirhinal_exvivo.thresh.label --trgsubject sub-v1s2x0051472_ses-1 --trglabel ./lh.perirhinal_exvivo.thresh.label --hemi lh --regmethod surface 


srclabel = /out/sourcedata/freesurfer/fsaverage/label/lh.perirhinal_exvivo.thresh.label
srcsubject = fsaverage
trgsubject = sub-v1s2x0051472_ses-1
trglabel = ./lh.perirhinal_exvivo.thresh.label
regmethod = surface

srchemi = lh
trghemi = lh
trgsurface = white
srcsurfreg = sphere.reg
trgsurfreg = sphere.reg
usehash = 1
Use ProjAbs  = 0, 0
Use ProjFrac = 0, 0
DoPaint 0

SUBJECTS_DIR    /out/sourcedata/freesurfer
FREESURFER_HOME /opt/freesurfer
Loading source label.
Found 450 points in source label.
Starting surface-based mapping
Reading source registration 
 /out/sourcedata/freesurfer/fsaverage/surf/lh.sphere.reg
Rescaling ...  original radius = 100
Reading target surface 
 /out/sourcedata/freesurfer/sub-v1s2x0051472_ses-1/surf/lh.white
Reading target registration 
 /out/sourcedata/freesurfer/sub-v1s2x0051472_ses-1/surf/lh.sphere.reg
Rescaling ...  original radius = 100
Building target registration hash (res=16).
Building source registration hash (res=16).
INFO: found  450 nlabel points
Performing mapping from target back to the source label 175354
Number of reverse mapping hits = 15
Checking for and removing duplicates
Writing label file ./lh.perirhinal_exvivo.thresh.label 465
mri_label2label: Done


 mris_label2annot --s sub-v1s2x0051472_ses-1 --hemi lh --ctab /opt/freesurfer/average/colortable_BA.txt --l lh.BA1_exvivo.label --l lh.BA2_exvivo.label --l lh.BA3a_exvivo.label --l lh.BA3b_exvivo.label --l lh.BA4a_exvivo.label --l lh.BA4p_exvivo.label --l lh.BA6_exvivo.label --l lh.BA44_exvivo.label --l lh.BA45_exvivo.label --l lh.V1_exvivo.label --l lh.V2_exvivo.label --l lh.MT_exvivo.label --l lh.perirhinal_exvivo.label --l lh.entorhinal_exvivo.label --a BA_exvivo --maxstatwinner --noverbose 

Reading ctab /opt/freesurfer/average/colortable_BA.txt
Number of ctab entries 15

7.3.2
cwd /out/sourcedata/freesurfer/sub-v1s2x0051472_ses-1/label
cmdline mris_label2annot --s sub-v1s2x0051472_ses-1 --hemi lh --ctab /opt/freesurfer/average/colortable_BA.txt --l lh.BA1_exvivo.label --l lh.BA2_exvivo.label --l lh.BA3a_exvivo.label --l lh.BA3b_exvivo.label --l lh.BA4a_exvivo.label --l lh.BA4p_exvivo.label --l lh.BA6_exvivo.label --l lh.BA44_exvivo.label --l lh.BA45_exvivo.label --l lh.V1_exvivo.label --l lh.V2_exvivo.label --l lh.MT_exvivo.label --l lh.perirhinal_exvivo.label --l lh.entorhinal_exvivo.label --a BA_exvivo --maxstatwinner --noverbose 
sysname  Linux
hostname dna049
machine  x86_64
user     oesteban

subject sub-v1s2x0051472_ses-1
hemi    lh
SUBJECTS_DIR /out/sourcedata/freesurfer
ColorTable /opt/freesurfer/average/colortable_BA.txt
AnnotName  BA_exvivo
nlables 14
LabelThresh 0 0.000000
Loading /out/sourcedata/freesurfer/sub-v1s2x0051472_ses-1/surf/lh.orig
 1 1530880 BA1_exvivo
 2 16749699 BA2_exvivo
 3 16711680 BA3a_exvivo
 4 3368703 BA3b_exvivo
 5 1376196 BA4a_exvivo
 6 13382655 BA4p_exvivo
 7 10036737 BA6_exvivo
 8 2490521 BA44_exvivo
 9 39283 BA45_exvivo
10 3993 V1_exvivo
11 8508928 V2_exvivo
12 10027163 MT_exvivo
13 16422433 perirhinal_exvivo
14 16392598 entorhinal_exvivo
Mapping unhit to unknown
Found 123977 unhit vertices
Writing annot to /out/sourcedata/freesurfer/sub-v1s2x0051472_ses-1/label/lh.BA_exvivo.annot

 mris_label2annot --s sub-v1s2x0051472_ses-1 --hemi lh --ctab /opt/freesurfer/average/colortable_BA.txt --l lh.BA1_exvivo.thresh.label --l lh.BA2_exvivo.thresh.label --l lh.BA3a_exvivo.thresh.label --l lh.BA3b_exvivo.thresh.label --l lh.BA4a_exvivo.thresh.label --l lh.BA4p_exvivo.thresh.label --l lh.BA6_exvivo.thresh.label --l lh.BA44_exvivo.thresh.label --l lh.BA45_exvivo.thresh.label --l lh.V1_exvivo.thresh.label --l lh.V2_exvivo.thresh.label --l lh.MT_exvivo.thresh.label --l lh.perirhinal_exvivo.thresh.label --l lh.entorhinal_exvivo.thresh.label --a BA_exvivo.thresh --maxstatwinner --noverbose 

Reading ctab /opt/freesurfer/average/colortable_BA.txt
Number of ctab entries 15

7.3.2
cwd /out/sourcedata/freesurfer/sub-v1s2x0051472_ses-1/label
cmdline mris_label2annot --s sub-v1s2x0051472_ses-1 --hemi lh --ctab /opt/freesurfer/average/colortable_BA.txt --l lh.BA1_exvivo.thresh.label --l lh.BA2_exvivo.thresh.label --l lh.BA3a_exvivo.thresh.label --l lh.BA3b_exvivo.thresh.label --l lh.BA4a_exvivo.thresh.label --l lh.BA4p_exvivo.thresh.label --l lh.BA6_exvivo.thresh.label --l lh.BA44_exvivo.thresh.label --l lh.BA45_exvivo.thresh.label --l lh.V1_exvivo.thresh.label --l lh.V2_exvivo.thresh.label --l lh.MT_exvivo.thresh.label --l lh.perirhinal_exvivo.thresh.label --l lh.entorhinal_exvivo.thresh.label --a BA_exvivo.thresh --maxstatwinner --noverbose 
sysname  Linux
hostname dna049
machine  x86_64
user     oesteban

subject sub-v1s2x0051472_ses-1
hemi    lh
SUBJECTS_DIR /out/sourcedata/freesurfer
ColorTable /opt/freesurfer/average/colortable_BA.txt
AnnotName  BA_exvivo.thresh
nlables 14
LabelThresh 0 0.000000
Loading /out/sourcedata/freesurfer/sub-v1s2x0051472_ses-1/surf/lh.orig
 1 1530880 BA1_exvivo
 2 16749699 BA2_exvivo
 3 16711680 BA3a_exvivo
 4 3368703 BA3b_exvivo
 5 1376196 BA4a_exvivo
 6 13382655 BA4p_exvivo
 7 10036737 BA6_exvivo
 8 2490521 BA44_exvivo
 9 39283 BA45_exvivo
10 3993 V1_exvivo
11 8508928 V2_exvivo
12 10027163 MT_exvivo
13 16422433 perirhinal_exvivo
14 16392598 entorhinal_exvivo
Mapping unhit to unknown
Found 145805 unhit vertices
Writing annot to /out/sourcedata/freesurfer/sub-v1s2x0051472_ses-1/label/lh.BA_exvivo.thresh.annot

 mris_anatomical_stats -th3 -mgz -noglobal -f ../stats/lh.BA_exvivo.stats -b -a ./lh.BA_exvivo.annot -c ./BA_exvivo.ctab sub-v1s2x0051472_ses-1 lh white 

computing statistics for each annotation in ./lh.BA_exvivo.annot.
reading volume /out/sourcedata/freesurfer/sub-v1s2x0051472_ses-1/mri/wm.mgz...
reading input surface /out/sourcedata/freesurfer/sub-v1s2x0051472_ses-1/surf/lh.white...
reading input pial surface /out/sourcedata/freesurfer/sub-v1s2x0051472_ses-1/surf/lh.pial...
reading input white surface /out/sourcedata/freesurfer/sub-v1s2x0051472_ses-1/surf/lh.white...
INFO: using TH3 volume calc
INFO: assuming MGZ format for volumes.
INFO: not computing global stats
Using TH3 vertex volume calc
Total face volume 321402
Total vertex volume 321152 (mask=0)
Saving annotation colortable ./BA_exvivo.ctab

table columns are:
    number of vertices
    total surface area (mm^2)
    total gray matter volume (mm^3)
    average cortical thickness +- standard deviation (mm)
    integrated rectified mean curvature
    integrated rectified Gaussian curvature
    folding index
    intrinsic curvature index
    structure name

 1579    814   2210  2.199 0.696     0.095     0.020       13     1.4  BA1_exvivo
 5761   3588   8780  2.339 0.640     0.107     0.019       48     4.7  BA2_exvivo
 1127    781   1025  1.665 0.451     0.129     0.024       10     1.1  BA3a_exvivo
 2699   1759   4098  1.983 0.883     0.099     0.017       20     2.0  BA3b_exvivo
 2178   1128   3171  2.540 0.663     0.088     0.022       14     2.0  BA4a_exvivo
 1558   1020   2262  2.396 0.671     0.108     0.030       10     2.1  BA4p_exvivo
12256   7526  26851  3.101 0.544     0.102     0.021      269    10.8  BA6_exvivo
 2350   1545   4867  2.981 0.475     0.094     0.015       18     1.4  BA44_exvivo
 4507   2933   9554  2.889 0.499     0.108     0.019       43     3.8  BA45_exvivo
 3946   2474   3337  1.389 0.392     0.122     0.026       44     4.4  V1_exvivo
 9324   5857  10295  1.732 0.562     0.124     0.026      103    11.4  V2_exvivo
 2755   1701   3991  2.286 0.501     0.113     0.021       25     2.6  MT_exvivo
  658    452   1736  2.979 0.815     0.078     0.012        3     0.3  perirhinal_exvivo
  679    402   2120  3.281 1.164     0.082     0.021        5     0.6  entorhinal_exvivo

 mris_anatomical_stats -th3 -mgz -f ../stats/lh.BA_exvivo.thresh.stats -noglobal -b -a ./lh.BA_exvivo.thresh.annot -c ./BA_exvivo.thresh.ctab sub-v1s2x0051472_ses-1 lh white 

computing statistics for each annotation in ./lh.BA_exvivo.thresh.annot.
reading volume /out/sourcedata/freesurfer/sub-v1s2x0051472_ses-1/mri/wm.mgz...
reading input surface /out/sourcedata/freesurfer/sub-v1s2x0051472_ses-1/surf/lh.white...
reading input pial surface /out/sourcedata/freesurfer/sub-v1s2x0051472_ses-1/surf/lh.pial...
reading input white surface /out/sourcedata/freesurfer/sub-v1s2x0051472_ses-1/surf/lh.white...
INFO: using TH3 volume calc
INFO: assuming MGZ format for volumes.
INFO: not computing global stats
Using TH3 vertex volume calc
Total face volume 321402
Total vertex volume 321152 (mask=0)
Saving annotation colortable ./BA_exvivo.thresh.ctab

table columns are:
    number of vertices
    total surface area (mm^2)
    total gray matter volume (mm^3)
    average cortical thickness +- standard deviation (mm)
    integrated rectified mean curvature
    integrated rectified Gaussian curvature
    folding index
    intrinsic curvature index
    structure name

 1046    496   1351  2.199 0.633     0.089     0.020        9     0.9  BA1_exvivo
 2420   1391   3058  2.136 0.604     0.093     0.018       17     1.8  BA2_exvivo
  994    678    795  1.580 0.394     0.135     0.027        9     1.1  BA3a_exvivo
 1535    987   1459  1.456 0.335     0.079     0.013        7     0.9  BA3b_exvivo
 2104   1153   3086  2.479 0.688     0.094     0.026       14     2.4  BA4a_exvivo
 1207    814   1748  2.406 0.689     0.104     0.027        7     1.4  BA4p_exvivo
 6737   3902  13526  3.013 0.552     0.099     0.021      226     6.0  BA6_exvivo
 1458    975   3298  2.986 0.399     0.100     0.017       14     1.0  BA44_exvivo
 1809   1161   4571  3.098 0.441     0.106     0.019       18     1.3  BA45_exvivo
 4200   2645   3670  1.413 0.403     0.119     0.025       44     4.6  V1_exvivo
 4630   2906   4923  1.662 0.540     0.133     0.028       63     6.2  V2_exvivo
  718    445    890  2.078 0.552     0.113     0.023        6     0.8  MT_exvivo
  279    184    636  2.969 0.598     0.056     0.007        1     0.1  perirhinal_exvivo
  412    254   1383  3.697 0.598     0.063     0.009        1     0.2  entorhinal_exvivo

Started at Tue Mar 10 00:58:54 CET 2026 
Ended   at Tue Mar 10 01:03:15 CET 2026
#@#%# recon-all-run-time-hours 0.072
recon-all -s sub-v1s2x0051472_ses-1 finished without error at Tue Mar 10 01:03:15 CET 2026
