
Mon Mar  9 21:41:22 CET 2026
cd /out/sourcedata/freesurfer/sub-v1s2x0051473_ses-1
setenv SUBJECTS_DIR /out/sourcedata/freesurfer
/opt/freesurfer/bin/recon-all -autorecon1 -i /work/fmriprep_25_2_wf/sub_v1s2x0051473_ses_1_wf/anat_fit_wf/anat_validate/sub-v1s2x0051473_ses-1_T1w_noise_corrected_ras_valid.nii.gz -noskullstrip -noT2pial -noFLAIRpial -openmp 16 -subjid sub-v1s2x0051473_ses-1 -sd /out/sourcedata/freesurfer

subjid sub-v1s2x0051473_ses-1
setenv SUBJECTS_DIR /out/sourcedata/freesurfer
FREESURFER_HOME /opt/freesurfer
Actual FREESURFER_HOME /opt/freesurfer
build-stamp.txt: freesurfer-linux-ubuntu22_x86_64-7.3.2-20220804-6354275
Linux dna006 5.14.0-427.37.1.el9_4.x86_64 #1 SMP PREEMPT_DYNAMIC Fri Sep 13 12:41:50 EDT 2024 x86_64 x86_64 x86_64 GNU/Linux
cputime      unlimited
filesize     unlimited
datasize     unlimited
stacksize    8192 kbytes
coredumpsize 0 kbytes
memoryuse    67108864 kbytes
vmemoryuse   unlimited
descriptors  1024 
memorylocked unlimited
maxproc      2061970 
maxlocks     unlimited
maxsignal    2061970 
maxmessage   819200 
maxnice      0 
maxrtprio    0 
maxrttime    unlimited

               total        used        free      shared  buff/cache   available
Mem:           503Gi        42Gi       409Gi       9.9Gi        50Gi       447Gi
Swap:             0B          0B          0B

########################################
program versions used
7.3.2 (freesurfer-linux-ubuntu22_x86_64-7.3.2-20220804-6354275)
7.3.2

ProgramName: lta_convert  ProgramArguments: lta_convert -all-info  ProgramVersion: 7.3.2  TimeStamp: 2026/03/09-20:41:22-GMT  BuildTime: Aug  4 2022 06:17:15  BuildStamp: freesurfer-linux-ubuntu22_x86_64-7.3.2-20220804-6354275  User: oesteban  Machine: dna006  Platform: Linux  PlatformVersion: 5.14.0-427.37.1.el9_4.x86_64  CompilerName: GCC  CompilerVersion: 8.4.0
ProgramName: mri_and  ProgramArguments: mri_and -all-info  ProgramVersion: 7.3.2  TimeStamp: 2026/03/09-20:41:22-GMT  BuildTime: Aug  4 2022 06:17:15  BuildStamp: freesurfer-linux-ubuntu22_x86_64-7.3.2-20220804-6354275  User: oesteban  Machine: dna006  Platform: Linux  PlatformVersion: 5.14.0-427.37.1.el9_4.x86_64  CompilerName: GCC  CompilerVersion: 8.4.0
ProgramName: mri_annotation2label  ProgramArguments: mri_annotation2label -all-info  ProgramVersion: 7.3.2  TimeStamp: 2026/03/09-20:41:22-GMT  BuildTime: Aug  4 2022 06:17:15  BuildStamp: freesurfer-linux-ubuntu22_x86_64-7.3.2-20220804-6354275  User: oesteban  Machine: dna006  Platform: Linux  PlatformVersion: 5.14.0-427.37.1.el9_4.x86_64  CompilerName: GCC  CompilerVersion: 8.4.0
ProgramName: mri_aparc2aseg  ProgramArguments: mri_aparc2aseg -all-info  ProgramVersion: 7.3.2  TimeStamp: 2026/03/09-20:41:22-GMT  BuildTime: Aug  4 2022 06:17:15  BuildStamp: freesurfer-linux-ubuntu22_x86_64-7.3.2-20220804-6354275  User: oesteban  Machine: dna006  Platform: Linux  PlatformVersion: 5.14.0-427.37.1.el9_4.x86_64  CompilerName: GCC  CompilerVersion: 8.4.0
ProgramName: mri_surf2volseg  ProgramArguments: mri_surf2volseg -all-info  ProgramVersion: 7.3.2  TimeStamp: 2026/03/09-20:41:22-GMT  BuildTime: Aug  4 2022 06:17:15  BuildStamp: freesurfer-linux-ubuntu22_x86_64-7.3.2-20220804-6354275  User: oesteban  Machine: dna006  Platform: Linux  PlatformVersion: 5.14.0-427.37.1.el9_4.x86_64  CompilerName: GCC  CompilerVersion: 8.4.0
ProgramName: mri_binarize  ProgramArguments: mri_binarize -all-info  ProgramVersion: 7.3.2  TimeStamp: 2026/03/09-20:41:22-GMT  BuildTime: Aug  4 2022 06:17:15  BuildStamp: freesurfer-linux-ubuntu22_x86_64-7.3.2-20220804-6354275  User: oesteban  Machine: dna006  Platform: Linux  PlatformVersion: 5.14.0-427.37.1.el9_4.x86_64  CompilerName: GCC  CompilerVersion: 8.4.0
ProgramName: mri_ca_label  ProgramArguments: mri_ca_label -all-info  ProgramVersion: 7.3.2  TimeStamp: 2026/03/09-20:41:22-GMT  BuildTime: Aug  4 2022 06:17:15  BuildStamp: freesurfer-linux-ubuntu22_x86_64-7.3.2-20220804-6354275  User: oesteban  Machine: dna006  Platform: Linux  PlatformVersion: 5.14.0-427.37.1.el9_4.x86_64  CompilerName: GCC  CompilerVersion: 8.4.0
ProgramName: mri_ca_normalize  ProgramArguments: mri_ca_normalize -all-info  ProgramVersion: 7.3.2  TimeStamp: 2026/03/09-20:41:22-GMT  BuildTime: Aug  4 2022 06:17:15  BuildStamp: freesurfer-linux-ubuntu22_x86_64-7.3.2-20220804-6354275  User: oesteban  Machine: dna006  Platform: Linux  PlatformVersion: 5.14.0-427.37.1.el9_4.x86_64  CompilerName: GCC  CompilerVersion: 8.4.0
ProgramName: mri_ca_register  ProgramArguments: mri_ca_register -all-info  ProgramVersion: 7.3.2  TimeStamp: 2026/03/09-20:41:22-GMT  BuildTime: Aug  4 2022 06:17:15  BuildStamp: freesurfer-linux-ubuntu22_x86_64-7.3.2-20220804-6354275  User: oesteban  Machine: dna006  Platform: Linux  PlatformVersion: 5.14.0-427.37.1.el9_4.x86_64  CompilerName: GCC  CompilerVersion: 8.4.0
ProgramName: mri_cc  ProgramArguments: mri_cc -all-info  ProgramVersion: 7.3.2  TimeStamp: 2026/03/09-20:41:22-GMT  BuildTime: Aug  4 2022 06:17:15  BuildStamp: freesurfer-linux-ubuntu22_x86_64-7.3.2-20220804-6354275  User: oesteban  Machine: dna006  Platform: Linux  PlatformVersion: 5.14.0-427.37.1.el9_4.x86_64  CompilerName: GCC  CompilerVersion: 8.4.0
ProgramName: mri_compute_overlap  ProgramArguments: mri_compute_overlap -all-info  ProgramVersion: 7.3.2  TimeStamp: 2026/03/09-20:41:22-GMT  BuildTime: Aug  4 2022 06:17:15  BuildStamp: freesurfer-linux-ubuntu22_x86_64-7.3.2-20220804-6354275  User: oesteban  Machine: dna006  Platform: Linux  PlatformVersion: 5.14.0-427.37.1.el9_4.x86_64  CompilerName: GCC  CompilerVersion: 8.4.0
ProgramName: mri_compute_seg_overlap  ProgramArguments: mri_compute_seg_overlap -all-info  ProgramVersion: 7.3.2  TimeStamp: 2026/03/09-20:41:22-GMT  BuildTime: Aug  4 2022 06:17:15  BuildStamp: freesurfer-linux-ubuntu22_x86_64-7.3.2-20220804-6354275  User: oesteban  Machine: dna006  Platform: Linux  PlatformVersion: 5.14.0-427.37.1.el9_4.x86_64  CompilerName: GCC  CompilerVersion: 8.4.0
ProgramName: mri_concat  ProgramArguments: mri_concat -all-info  ProgramVersion: 7.3.2  TimeStamp: 2026/03/09-20:41:22-GMT  BuildTime: Aug  4 2022 06:17:15  BuildStamp: freesurfer-linux-ubuntu22_x86_64-7.3.2-20220804-6354275  User: oesteban  Machine: dna006  Platform: Linux  PlatformVersion: 5.14.0-427.37.1.el9_4.x86_64  CompilerName: GCC  CompilerVersion: 8.4.0
ProgramName: mri_concatenate_lta  ProgramArguments: mri_concatenate_lta -all-info  ProgramVersion: 7.3.2  TimeStamp: 2026/03/09-20:41:22-GMT  BuildTime: Aug  4 2022 06:17:15  BuildStamp: freesurfer-linux-ubuntu22_x86_64-7.3.2-20220804-6354275  User: oesteban  Machine: dna006  Platform: Linux  PlatformVersion: 5.14.0-427.37.1.el9_4.x86_64  CompilerName: GCC  CompilerVersion: 8.4.0
mri_convert -all-info 
ProgramName: mri_convert  ProgramArguments: mri_convert -all-info  ProgramVersion: 7.3.2  TimeStamp: 2026/03/09-20:41:22-GMT  BuildTime: Aug  4 2022 06:17:15  BuildStamp: freesurfer-linux-ubuntu22_x86_64-7.3.2-20220804-6354275  User: oesteban  Machine: dna006  Platform: Linux  PlatformVersion: 5.14.0-427.37.1.el9_4.x86_64  CompilerName: GCC  CompilerVersion: 8.4.0
ProgramName: mri_diff  ProgramArguments: mri_diff -all-info  ProgramVersion: 7.3.2  TimeStamp: 2026/03/09-20:41:22-GMT  BuildTime: Aug  4 2022 06:17:15  BuildStamp: freesurfer-linux-ubuntu22_x86_64-7.3.2-20220804-6354275  User: oesteban  Machine: dna006  Platform: Linux  PlatformVersion: 5.14.0-427.37.1.el9_4.x86_64  CompilerName: GCC  CompilerVersion: 8.4.0
ProgramName: mri_edit_wm_with_aseg  ProgramArguments: mri_edit_wm_with_aseg -all-info  ProgramVersion: 7.3.2  TimeStamp: 2026/03/09-20:41:22-GMT  BuildTime: Aug  4 2022 06:17:15  BuildStamp: freesurfer-linux-ubuntu22_x86_64-7.3.2-20220804-6354275  User: oesteban  Machine: dna006  Platform: Linux  PlatformVersion: 5.14.0-427.37.1.el9_4.x86_64  CompilerName: GCC  CompilerVersion: 8.4.0
ProgramName: mri_em_register  ProgramArguments: mri_em_register -all-info  ProgramVersion: 7.3.2  TimeStamp: 2026/03/09-20:41:22-GMT  BuildTime: Aug  4 2022 06:17:15  BuildStamp: freesurfer-linux-ubuntu22_x86_64-7.3.2-20220804-6354275  User: oesteban  Machine: dna006  Platform: Linux  PlatformVersion: 5.14.0-427.37.1.el9_4.x86_64  CompilerName: GCC  CompilerVersion: 8.4.0
ProgramName: mri_fill  ProgramArguments: mri_fill -all-info  ProgramVersion: 7.3.2  TimeStamp: 2026/03/09-20:41:22-GMT  BuildTime: Aug  4 2022 06:17:15  BuildStamp: freesurfer-linux-ubuntu22_x86_64-7.3.2-20220804-6354275  User: oesteban  Machine: dna006  Platform: Linux  PlatformVersion: 5.14.0-427.37.1.el9_4.x86_64  CompilerName: GCC  CompilerVersion: 8.4.0
ProgramName: mri_fuse_segmentations  ProgramArguments: mri_fuse_segmentations -all-info  ProgramVersion: 7.3.2  TimeStamp: 2026/03/09-20:41:22-GMT  BuildTime: Aug  4 2022 06:17:15  BuildStamp: freesurfer-linux-ubuntu22_x86_64-7.3.2-20220804-6354275  User: oesteban  Machine: dna006  Platform: Linux  PlatformVersion: 5.14.0-427.37.1.el9_4.x86_64  CompilerName: GCC  CompilerVersion: 8.4.0
ProgramName: mri_fwhm  ProgramArguments: mri_fwhm -all-info  ProgramVersion: 7.3.2  TimeStamp: 2026/03/09-20:41:22-GMT  BuildTime: Aug  4 2022 06:17:15  BuildStamp: freesurfer-linux-ubuntu22_x86_64-7.3.2-20220804-6354275  User: oesteban  Machine: dna006  Platform: Linux  PlatformVersion: 5.14.0-427.37.1.el9_4.x86_64  CompilerName: GCC  CompilerVersion: 8.4.0
ProgramName: mri_gcut  ProgramArguments: mri_gcut -all-info  ProgramVersion: 7.3.2  TimeStamp: 2026/03/09-20:41:22-GMT  BuildTime: Aug  4 2022 06:17:15  BuildStamp: freesurfer-linux-ubuntu22_x86_64-7.3.2-20220804-6354275  User: oesteban  Machine: dna006  Platform: Linux  PlatformVersion: 5.14.0-427.37.1.el9_4.x86_64  CompilerName: GCC  CompilerVersion: 8.4.0
ProgramName: mri_info  ProgramArguments: mri_info -all-info  ProgramVersion: 7.3.2  TimeStamp: 2026/03/09-20:41:22-GMT  BuildTime: Aug  4 2022 06:17:15  BuildStamp: freesurfer-linux-ubuntu22_x86_64-7.3.2-20220804-6354275  User: oesteban  Machine: dna006  Platform: Linux  PlatformVersion: 5.14.0-427.37.1.el9_4.x86_64  CompilerName: GCC  CompilerVersion: 8.4.0
ProgramName: mri_label2label  ProgramArguments: mri_label2label -all-info  ProgramVersion: 7.3.2  TimeStamp: 2026/03/09-20:41:22-GMT  BuildTime: Aug  4 2022 06:17:15  BuildStamp: freesurfer-linux-ubuntu22_x86_64-7.3.2-20220804-6354275  User: oesteban  Machine: dna006  Platform: Linux  PlatformVersion: 5.14.0-427.37.1.el9_4.x86_64  CompilerName: GCC  CompilerVersion: 8.4.0
ProgramName: mri_label2vol  ProgramArguments: mri_label2vol -all-info  ProgramVersion: 7.3.2  TimeStamp: 2026/03/09-20:41:22-GMT  BuildTime: Aug  4 2022 06:17:15  BuildStamp: freesurfer-linux-ubuntu22_x86_64-7.3.2-20220804-6354275  User: oesteban  Machine: dna006  Platform: Linux  PlatformVersion: 5.14.0-427.37.1.el9_4.x86_64  CompilerName: GCC  CompilerVersion: 8.4.0
ProgramName: mri_log_likelihood  ProgramArguments: mri_log_likelihood -all-info  ProgramVersion: 7.3.2  TimeStamp: 2026/03/09-20:41:22-GMT  BuildTime: Aug  4 2022 06:17:15  BuildStamp: freesurfer-linux-ubuntu22_x86_64-7.3.2-20220804-6354275  User: oesteban  Machine: dna006  Platform: Linux  PlatformVersion: 5.14.0-427.37.1.el9_4.x86_64  CompilerName: GCC  CompilerVersion: 8.4.0
ProgramName: mri_mask  ProgramArguments: mri_mask -all-info  ProgramVersion: 7.3.2  TimeStamp: 2026/03/09-20:41:22-GMT  BuildTime: Aug  4 2022 06:17:15  BuildStamp: freesurfer-linux-ubuntu22_x86_64-7.3.2-20220804-6354275  User: oesteban  Machine: dna006  Platform: Linux  PlatformVersion: 5.14.0-427.37.1.el9_4.x86_64  CompilerName: GCC  CompilerVersion: 8.4.0
ProgramName: mri_matrix_multiply  ProgramArguments: mri_matrix_multiply -all-info  ProgramVersion: 7.3.2  TimeStamp: 2026/03/09-20:41:22-GMT  BuildTime: Aug  4 2022 06:17:15  BuildStamp: freesurfer-linux-ubuntu22_x86_64-7.3.2-20220804-6354275  User: oesteban  Machine: dna006  Platform: Linux  PlatformVersion: 5.14.0-427.37.1.el9_4.x86_64  CompilerName: GCC  CompilerVersion: 8.4.0
ProgramName: mri_normalize  ProgramArguments: mri_normalize -all-info  ProgramVersion: 7.3.2  TimeStamp: 2026/03/09-20:41:22-GMT  BuildTime: Aug  4 2022 06:17:15  BuildStamp: freesurfer-linux-ubuntu22_x86_64-7.3.2-20220804-6354275  User: oesteban  Machine: dna006  Platform: Linux  PlatformVersion: 5.14.0-427.37.1.el9_4.x86_64  CompilerName: GCC  CompilerVersion: 8.4.0
ProgramName: mri_normalize_tp2  ProgramArguments: mri_normalize_tp2 -all-info  ProgramVersion: 7.3.2  TimeStamp: 2026/03/09-20:41:22-GMT  BuildTime: Aug  4 2022 06:17:15  BuildStamp: freesurfer-linux-ubuntu22_x86_64-7.3.2-20220804-6354275  User: oesteban  Machine: dna006  Platform: Linux  PlatformVersion: 5.14.0-427.37.1.el9_4.x86_64  CompilerName: GCC  CompilerVersion: 8.4.0
ProgramName: mri_or  ProgramArguments: mri_or -all-info  ProgramVersion: 7.3.2  TimeStamp: 2026/03/09-20:41:22-GMT  BuildTime: Aug  4 2022 06:17:15  BuildStamp: freesurfer-linux-ubuntu22_x86_64-7.3.2-20220804-6354275  User: oesteban  Machine: dna006  Platform: Linux  PlatformVersion: 5.14.0-427.37.1.el9_4.x86_64  CompilerName: GCC  CompilerVersion: 8.4.0
ProgramName: mri_relabel_hypointensities  ProgramArguments: mri_relabel_hypointensities -all-info  ProgramVersion: 7.3.2  TimeStamp: 2026/03/09-20:41:22-GMT  BuildTime: Aug  4 2022 06:17:15  BuildStamp: freesurfer-linux-ubuntu22_x86_64-7.3.2-20220804-6354275  User: oesteban  Machine: dna006  Platform: Linux  PlatformVersion: 5.14.0-427.37.1.el9_4.x86_64  CompilerName: GCC  CompilerVersion: 8.4.0
ProgramName: mri_relabel_nonwm_hypos  ProgramArguments: mri_relabel_nonwm_hypos -all-info  ProgramVersion: 7.3.2  TimeStamp: 2026/03/09-20:41:22-GMT  BuildTime: Aug  4 2022 06:17:15  BuildStamp: freesurfer-linux-ubuntu22_x86_64-7.3.2-20220804-6354275  User: oesteban  Machine: dna006  Platform: Linux  PlatformVersion: 5.14.0-427.37.1.el9_4.x86_64  CompilerName: GCC  CompilerVersion: 8.4.0
ProgramName: mri_remove_neck  ProgramArguments: mri_remove_neck -all-info  ProgramVersion: 7.3.2  TimeStamp: 2026/03/09-20:41:22-GMT  BuildTime: Aug  4 2022 06:17:15  BuildStamp: freesurfer-linux-ubuntu22_x86_64-7.3.2-20220804-6354275  User: oesteban  Machine: dna006  Platform: Linux  PlatformVersion: 5.14.0-427.37.1.el9_4.x86_64  CompilerName: GCC  CompilerVersion: 8.4.0
7.3.2

ProgramName: mri_robust_register  ProgramArguments: mri_robust_register -all-info  ProgramVersion: 7.3.2  TimeStamp: 2026/03/09-20:41:22-GMT  BuildTime: Aug  4 2022 06:17:15  BuildStamp: freesurfer-linux-ubuntu22_x86_64-7.3.2-20220804-6354275  User: oesteban  Machine: dna006  Platform: Linux  PlatformVersion: 5.14.0-427.37.1.el9_4.x86_64  CompilerName: GCC  CompilerVersion: 8.4.0
7.3.2

ProgramName: mri_robust_template  ProgramArguments: mri_robust_template -all-info  ProgramVersion: 7.3.2  TimeStamp: 2026/03/09-20:41:22-GMT  BuildTime: Aug  4 2022 06:17:15  BuildStamp: freesurfer-linux-ubuntu22_x86_64-7.3.2-20220804-6354275  User: oesteban  Machine: dna006  Platform: Linux  PlatformVersion: 5.14.0-427.37.1.el9_4.x86_64  CompilerName: GCC  CompilerVersion: 8.4.0
ProgramName: mris_anatomical_stats  ProgramArguments: mris_anatomical_stats -all-info  ProgramVersion: 7.3.2  TimeStamp: 2026/03/09-20:41:22-GMT  BuildTime: Aug  4 2022 06:17:15  BuildStamp: freesurfer-linux-ubuntu22_x86_64-7.3.2-20220804-6354275  User: oesteban  Machine: dna006  Platform: Linux  PlatformVersion: 5.14.0-427.37.1.el9_4.x86_64  CompilerName: GCC  CompilerVersion: 8.4.0
ProgramName: mris_ca_label  ProgramArguments: mris_ca_label -all-info  ProgramVersion: 7.3.2  TimeStamp: 2026/03/09-20:41:22-GMT  BuildTime: Aug  4 2022 06:17:15  BuildStamp: freesurfer-linux-ubuntu22_x86_64-7.3.2-20220804-6354275  User: oesteban  Machine: dna006  Platform: Linux  PlatformVersion: 5.14.0-427.37.1.el9_4.x86_64  CompilerName: GCC  CompilerVersion: 8.4.0
ProgramName: mris_calc  ProgramArguments: mris_calc -all-info  ProgramVersion: 7.3.2  TimeStamp: 2026/03/09-20:41:22-GMT  BuildTime: Aug  4 2022 06:17:15  BuildStamp: freesurfer-linux-ubuntu22_x86_64-7.3.2-20220804-6354275  User: oesteban  Machine: dna006  Platform: Linux  PlatformVersion: 5.14.0-427.37.1.el9_4.x86_64  CompilerName: GCC  CompilerVersion: 8.4.0
ProgramName: mris_convert  ProgramArguments: mris_convert -all-info  ProgramVersion: 7.3.2  TimeStamp: 2026/03/09-20:41:22-GMT  BuildTime: Aug  4 2022 06:17:15  BuildStamp: freesurfer-linux-ubuntu22_x86_64-7.3.2-20220804-6354275  User: oesteban  Machine: dna006  Platform: Linux  PlatformVersion: 5.14.0-427.37.1.el9_4.x86_64  CompilerName: GCC  CompilerVersion: 8.4.0
ProgramName: mris_curvature  ProgramArguments: mris_curvature -all-info  ProgramVersion: 7.3.2  TimeStamp: 2026/03/09-20:41:22-GMT  BuildTime: Aug  4 2022 06:17:15  BuildStamp: freesurfer-linux-ubuntu22_x86_64-7.3.2-20220804-6354275  User: oesteban  Machine: dna006  Platform: Linux  PlatformVersion: 5.14.0-427.37.1.el9_4.x86_64  CompilerName: GCC  CompilerVersion: 8.4.0
ProgramName: mris_curvature_stats  ProgramArguments: mris_curvature_stats -all-info  ProgramVersion: 7.3.2  TimeStamp: 2026/03/09-20:41:22-GMT  BuildTime: Aug  4 2022 06:17:15  BuildStamp: freesurfer-linux-ubuntu22_x86_64-7.3.2-20220804-6354275  User: oesteban  Machine: dna006  Platform: Linux  PlatformVersion: 5.14.0-427.37.1.el9_4.x86_64  CompilerName: GCC  CompilerVersion: 8.4.0
ProgramName: mris_diff  ProgramArguments: mris_diff -all-info  ProgramVersion: 7.3.2  TimeStamp: 2026/03/09-20:41:22-GMT  BuildTime: Aug  4 2022 06:17:15  BuildStamp: freesurfer-linux-ubuntu22_x86_64-7.3.2-20220804-6354275  User: oesteban  Machine: dna006  Platform: Linux  PlatformVersion: 5.14.0-427.37.1.el9_4.x86_64  CompilerName: GCC  CompilerVersion: 8.4.0
ProgramName: mris_divide_parcellation  ProgramArguments: mris_divide_parcellation -all-info  ProgramVersion: 7.3.2  TimeStamp: 2026/03/09-20:41:22-GMT  BuildTime: Aug  4 2022 06:17:15  BuildStamp: freesurfer-linux-ubuntu22_x86_64-7.3.2-20220804-6354275  User: oesteban  Machine: dna006  Platform: Linux  PlatformVersion: 5.14.0-427.37.1.el9_4.x86_64  CompilerName: GCC  CompilerVersion: 8.4.0
ProgramName: mri_segment  ProgramArguments: mri_segment -all-info  ProgramVersion: 7.3.2  TimeStamp: 2026/03/09-20:41:23-GMT  BuildTime: Aug  4 2022 06:17:15  BuildStamp: freesurfer-linux-ubuntu22_x86_64-7.3.2-20220804-6354275  User: oesteban  Machine: dna006  Platform: Linux  PlatformVersion: 5.14.0-427.37.1.el9_4.x86_64  CompilerName: GCC  CompilerVersion: 8.4.0
ProgramName: mri_segstats  ProgramArguments: mri_segstats -all-info  ProgramVersion: 7.3.2  TimeStamp: 2026/03/09-20:41:23-GMT  BuildTime: Aug  4 2022 06:17:15  BuildStamp: freesurfer-linux-ubuntu22_x86_64-7.3.2-20220804-6354275  User: oesteban  Machine: dna006  Platform: Linux  PlatformVersion: 5.14.0-427.37.1.el9_4.x86_64  CompilerName: GCC  CompilerVersion: 8.4.0
ProgramName: mris_euler_number  ProgramArguments: mris_euler_number -all-info  ProgramVersion: 7.3.2  TimeStamp: 2026/03/09-20:41:23-GMT  BuildTime: Aug  4 2022 06:17:15  BuildStamp: freesurfer-linux-ubuntu22_x86_64-7.3.2-20220804-6354275  User: oesteban  Machine: dna006  Platform: Linux  PlatformVersion: 5.14.0-427.37.1.el9_4.x86_64  CompilerName: GCC  CompilerVersion: 8.4.0
ProgramName: mris_fix_topology  ProgramArguments: mris_fix_topology -all-info  ProgramVersion: 7.3.2  TimeStamp: 2026/03/09-20:41:23-GMT  BuildTime: Aug  4 2022 06:17:15  BuildStamp: freesurfer-linux-ubuntu22_x86_64-7.3.2-20220804-6354275  User: oesteban  Machine: dna006  Platform: Linux  PlatformVersion: 5.14.0-427.37.1.el9_4.x86_64  CompilerName: GCC  CompilerVersion: 8.4.0
ProgramName: mris_topo_fixer  ProgramArguments: mris_topo_fixer -all-info  ProgramVersion: 7.3.2  TimeStamp: 2026/03/09-20:41:23-GMT  BuildTime: Aug  4 2022 06:17:15  BuildStamp: freesurfer-linux-ubuntu22_x86_64-7.3.2-20220804-6354275  User: oesteban  Machine: dna006  Platform: Linux  PlatformVersion: 5.14.0-427.37.1.el9_4.x86_64  CompilerName: GCC  CompilerVersion: 8.4.0
ProgramName: mris_jacobian  ProgramArguments: mris_jacobian -all-info  ProgramVersion: 7.3.2  TimeStamp: 2026/03/09-20:41:23-GMT  BuildTime: Aug  4 2022 06:17:15  BuildStamp: freesurfer-linux-ubuntu22_x86_64-7.3.2-20220804-6354275  User: oesteban  Machine: dna006  Platform: Linux  PlatformVersion: 5.14.0-427.37.1.el9_4.x86_64  CompilerName: GCC  CompilerVersion: 8.4.0
ProgramName: mris_label2annot  ProgramArguments: mris_label2annot -all-info  ProgramVersion: 7.3.2  TimeStamp: 2026/03/09-20:41:23-GMT  BuildTime: Aug  4 2022 06:17:15  BuildStamp: freesurfer-linux-ubuntu22_x86_64-7.3.2-20220804-6354275  User: oesteban  Machine: dna006  Platform: Linux  PlatformVersion: 5.14.0-427.37.1.el9_4.x86_64  CompilerName: GCC  CompilerVersion: 8.4.0
ProgramName: mris_left_right_register  ProgramArguments: mris_left_right_register -all-info  ProgramVersion: 7.3.2  TimeStamp: 2026/03/09-20:41:23-GMT  BuildTime: Aug  4 2022 06:17:15  BuildStamp: freesurfer-linux-ubuntu22_x86_64-7.3.2-20220804-6354275  User: oesteban  Machine: dna006  Platform: Linux  PlatformVersion: 5.14.0-427.37.1.el9_4.x86_64  CompilerName: GCC  CompilerVersion: 8.4.0
ProgramName: mris_place_surface  ProgramArguments: mris_place_surface -all-info  ProgramVersion: 7.3.2  TimeStamp: 2026/03/09-20:41:23-GMT  BuildTime: Aug  4 2022 06:17:15  BuildStamp: freesurfer-linux-ubuntu22_x86_64-7.3.2-20220804-6354275  User: oesteban  Machine: dna006  Platform: Linux  PlatformVersion: 5.14.0-427.37.1.el9_4.x86_64  CompilerName: GCC  CompilerVersion: 8.4.0
ProgramName: mrisp_paint  ProgramArguments: mrisp_paint -all-info  ProgramVersion: 7.3.2  TimeStamp: 2026/03/09-20:41:23-GMT  BuildTime: Aug  4 2022 06:17:15  BuildStamp: freesurfer-linux-ubuntu22_x86_64-7.3.2-20220804-6354275  User: oesteban  Machine: dna006  Platform: Linux  PlatformVersion: 5.14.0-427.37.1.el9_4.x86_64  CompilerName: GCC  CompilerVersion: 8.4.0
ProgramName: mris_register  ProgramArguments: mris_register -all-info  ProgramVersion: 7.3.2  TimeStamp: 2026/03/09-20:41:23-GMT  BuildTime: Aug  4 2022 06:17:15  BuildStamp: freesurfer-linux-ubuntu22_x86_64-7.3.2-20220804-6354275  User: oesteban  Machine: dna006  Platform: Linux  PlatformVersion: 5.14.0-427.37.1.el9_4.x86_64  CompilerName: GCC  CompilerVersion: 8.4.0
ProgramName: mris_smooth  ProgramArguments: mris_smooth -all-info  ProgramVersion: 7.3.2  TimeStamp: 2026/03/09-20:41:23-GMT  BuildTime: Aug  4 2022 06:17:15  BuildStamp: freesurfer-linux-ubuntu22_x86_64-7.3.2-20220804-6354275  User: oesteban  Machine: dna006  Platform: Linux  PlatformVersion: 5.14.0-427.37.1.el9_4.x86_64  CompilerName: GCC  CompilerVersion: 8.4.0
ProgramName: mris_sphere  ProgramArguments: mris_sphere -all-info  ProgramVersion: 7.3.2  TimeStamp: 2026/03/09-20:41:23-GMT  BuildTime: Aug  4 2022 06:17:15  BuildStamp: freesurfer-linux-ubuntu22_x86_64-7.3.2-20220804-6354275  User: oesteban  Machine: dna006  Platform: Linux  PlatformVersion: 5.14.0-427.37.1.el9_4.x86_64  CompilerName: GCC  CompilerVersion: 8.4.0
ProgramName: mris_surface_stats  ProgramArguments: mris_surface_stats -all-info  ProgramVersion: 7.3.2  TimeStamp: 2026/03/09-20:41:23-GMT  BuildTime: Aug  4 2022 06:17:15  BuildStamp: freesurfer-linux-ubuntu22_x86_64-7.3.2-20220804-6354275  User: oesteban  Machine: dna006  Platform: Linux  PlatformVersion: 5.14.0-427.37.1.el9_4.x86_64  CompilerName: GCC  CompilerVersion: 8.4.0
ProgramName: mri_stats2seg  ProgramArguments: mri_stats2seg -all-info  ProgramVersion: 7.3.2  TimeStamp: 2026/03/09-20:41:23-GMT  BuildTime: Aug  4 2022 06:17:15  BuildStamp: freesurfer-linux-ubuntu22_x86_64-7.3.2-20220804-6354275  User: oesteban  Machine: dna006  Platform: Linux  PlatformVersion: 5.14.0-427.37.1.el9_4.x86_64  CompilerName: GCC  CompilerVersion: 8.4.0
ProgramName: mris_thickness  ProgramArguments: mris_thickness -all-info  ProgramVersion: 7.3.2  TimeStamp: 2026/03/09-20:41:23-GMT  BuildTime: Aug  4 2022 06:17:15  BuildStamp: freesurfer-linux-ubuntu22_x86_64-7.3.2-20220804-6354275  User: oesteban  Machine: dna006  Platform: Linux  PlatformVersion: 5.14.0-427.37.1.el9_4.x86_64  CompilerName: GCC  CompilerVersion: 8.4.0
ProgramName: mris_thickness_diff  ProgramArguments: mris_thickness_diff -all-info  ProgramVersion: 7.3.2  TimeStamp: 2026/03/09-20:41:23-GMT  BuildTime: Aug  4 2022 06:17:15  BuildStamp: freesurfer-linux-ubuntu22_x86_64-7.3.2-20220804-6354275  User: oesteban  Machine: dna006  Platform: Linux  PlatformVersion: 5.14.0-427.37.1.el9_4.x86_64  CompilerName: GCC  CompilerVersion: 8.4.0
ProgramName: mris_topo_fixer  ProgramArguments: mris_topo_fixer -all-info  ProgramVersion: 7.3.2  TimeStamp: 2026/03/09-20:41:23-GMT  BuildTime: Aug  4 2022 06:17:15  BuildStamp: freesurfer-linux-ubuntu22_x86_64-7.3.2-20220804-6354275  User: oesteban  Machine: dna006  Platform: Linux  PlatformVersion: 5.14.0-427.37.1.el9_4.x86_64  CompilerName: GCC  CompilerVersion: 8.4.0
ProgramName: mri_surf2surf  ProgramArguments: mri_surf2surf -all-info  ProgramVersion: 7.3.2  TimeStamp: 2026/03/09-20:41:23-GMT  BuildTime: Aug  4 2022 06:17:15  BuildStamp: freesurfer-linux-ubuntu22_x86_64-7.3.2-20220804-6354275  User: oesteban  Machine: dna006  Platform: Linux  PlatformVersion: 5.14.0-427.37.1.el9_4.x86_64  CompilerName: GCC  CompilerVersion: 8.4.0
ProgramName: mri_surf2vol  ProgramArguments: mri_surf2vol -all-info  ProgramVersion: 7.3.2  TimeStamp: 2026/03/09-20:41:23-GMT  BuildTime: Aug  4 2022 06:17:15  BuildStamp: freesurfer-linux-ubuntu22_x86_64-7.3.2-20220804-6354275  User: oesteban  Machine: dna006  Platform: Linux  PlatformVersion: 5.14.0-427.37.1.el9_4.x86_64  CompilerName: GCC  CompilerVersion: 8.4.0
ProgramName: mri_surfcluster  ProgramArguments: mri_surfcluster -all-info  ProgramVersion: 7.3.2  TimeStamp: 2026/03/09-20:41:23-GMT  BuildTime: Aug  4 2022 06:17:15  BuildStamp: freesurfer-linux-ubuntu22_x86_64-7.3.2-20220804-6354275  User: oesteban  Machine: dna006  Platform: Linux  PlatformVersion: 5.14.0-427.37.1.el9_4.x86_64  CompilerName: GCC  CompilerVersion: 8.4.0
ProgramName: mris_volmask  ProgramArguments: mris_volmask -all-info  ProgramVersion: 7.3.2  TimeStamp: 2026/03/09-20:41:23-GMT  BuildTime: Aug  4 2022 06:17:15  BuildStamp: freesurfer-linux-ubuntu22_x86_64-7.3.2-20220804-6354275  User: oesteban  Machine: dna006  Platform: Linux  PlatformVersion: 5.14.0-427.37.1.el9_4.x86_64  CompilerName: GCC  CompilerVersion: 8.4.0
ProgramName: mri_tessellate  ProgramArguments: mri_tessellate -all-info  ProgramVersion: 7.3.2  TimeStamp: 2026/03/09-20:41:23-GMT  BuildTime: Aug  4 2022 06:17:15  BuildStamp: freesurfer-linux-ubuntu22_x86_64-7.3.2-20220804-6354275  User: oesteban  Machine: dna006  Platform: Linux  PlatformVersion: 5.14.0-427.37.1.el9_4.x86_64  CompilerName: GCC  CompilerVersion: 8.4.0
ProgramName: mri_vol2surf  ProgramArguments: mri_vol2surf -all-info  ProgramVersion: 7.3.2  TimeStamp: 2026/03/09-20:41:23-GMT  BuildTime: Aug  4 2022 06:17:15  BuildStamp: freesurfer-linux-ubuntu22_x86_64-7.3.2-20220804-6354275  User: oesteban  Machine: dna006  Platform: Linux  PlatformVersion: 5.14.0-427.37.1.el9_4.x86_64  CompilerName: GCC  CompilerVersion: 8.4.0
ProgramName: mri_vol2vol  ProgramArguments: mri_vol2vol -all-info  ProgramVersion: 7.3.2  TimeStamp: 2026/03/09-20:41:23-GMT  BuildTime: Aug  4 2022 06:17:15  BuildStamp: freesurfer-linux-ubuntu22_x86_64-7.3.2-20220804-6354275  User: oesteban  Machine: dna006  Platform: Linux  PlatformVersion: 5.14.0-427.37.1.el9_4.x86_64  CompilerName: GCC  CompilerVersion: 8.4.0
ProgramName: mri_voldiff  ProgramArguments: mri_voldiff -all-info  ProgramVersion: 7.3.2  TimeStamp: 2026/03/09-20:41:23-GMT  BuildTime: Aug  4 2022 06:17:15  BuildStamp: freesurfer-linux-ubuntu22_x86_64-7.3.2-20220804-6354275  User: oesteban  Machine: dna006  Platform: Linux  PlatformVersion: 5.14.0-427.37.1.el9_4.x86_64  CompilerName: GCC  CompilerVersion: 8.4.0
ProgramName: mri_watershed  ProgramArguments: mri_watershed -all-info  ProgramVersion: 7.3.2  TimeStamp: 2026/03/09-20:41:23-GMT  BuildTime: Aug  4 2022 06:17:15  BuildStamp: freesurfer-linux-ubuntu22_x86_64-7.3.2-20220804-6354275  User: oesteban  Machine: dna006  Platform: Linux  PlatformVersion: 5.14.0-427.37.1.el9_4.x86_64  CompilerName: GCC  CompilerVersion: 8.4.0
ProgramName: tkregister2  ProgramArguments: tkregister2_cmdl -all-info  ProgramVersion: 7.3.2  TimeStamp: 2026/03/09-20:41:23-GMT  BuildTime: Aug  4 2022 06:17:15  BuildStamp: freesurfer-linux-ubuntu22_x86_64-7.3.2-20220804-6354275  User: oesteban  Machine: dna006  Platform: Linux  PlatformVersion: 5.14.0-427.37.1.el9_4.x86_64  CompilerName: GCC  CompilerVersion: 8.4.0
mri_motion_correct.fsl 7.3.2
mri_convert -all-info 
ProgramName: mri_convert  ProgramArguments: mri_convert -all-info  ProgramVersion: 7.3.2  TimeStamp: 2026/03/09-20:41:23-GMT  BuildTime: Aug  4 2022 06:17:15  BuildStamp: freesurfer-linux-ubuntu22_x86_64-7.3.2-20220804-6354275  User: oesteban  Machine: dna006  Platform: Linux  PlatformVersion: 5.14.0-427.37.1.el9_4.x86_64  CompilerName: GCC  CompilerVersion: 8.4.0
Program nu_correct, built from:
Package MNI N3, version 1.12.0, compiled by nicks@terrier (x86_64-unknown-linux-gnu) on 2015-06-19 at 01:25:34
#######################################
GCADIR /opt/freesurfer/average
GCA RB_all_2020-01-02.gca
GCASkull RB_all_withskull_2020_01_02.gca
AvgCurvTif folding.atlas.acfb40.noaparc.i12.2016-08-02.tif
GCSDIR /opt/freesurfer/average
GCS DKaparc.atlas.acfb40.noaparc.i12.2016-08-02.gcs
#######################################
/out/sourcedata/freesurfer/sub-v1s2x0051473_ses-1

 mri_convert /work/fmriprep_25_2_wf/sub_v1s2x0051473_ses_1_wf/anat_fit_wf/anat_validate/sub-v1s2x0051473_ses-1_T1w_noise_corrected_ras_valid.nii.gz /out/sourcedata/freesurfer/sub-v1s2x0051473_ses-1/mri/orig/001.mgz 

mri_convert /work/fmriprep_25_2_wf/sub_v1s2x0051473_ses_1_wf/anat_fit_wf/anat_validate/sub-v1s2x0051473_ses-1_T1w_noise_corrected_ras_valid.nii.gz /out/sourcedata/freesurfer/sub-v1s2x0051473_ses-1/mri/orig/001.mgz 
reading from /work/fmriprep_25_2_wf/sub_v1s2x0051473_ses_1_wf/anat_fit_wf/anat_validate/sub-v1s2x0051473_ses-1_T1w_noise_corrected_ras_valid.nii.gz...
TR=0.00, TE=0.00, TI=0.00, flip angle=0.00
i_ras = (1, 0, 0)
j_ras = (0, 1, 0)
k_ras = (0, 0, 1)
writing to /out/sourcedata/freesurfer/sub-v1s2x0051473_ses-1/mri/orig/001.mgz...
#--------------------------------------------
#@# MotionCor Mon Mar  9 21:41:25 CET 2026
Found 1 runs
/out/sourcedata/freesurfer/sub-v1s2x0051473_ses-1/mri/orig/001.mgz
Checking for (invalid) multi-frame inputs...
Only one run found so motion
correction will not be performed. I'll
copy the run to rawavg and continue.

 cp /out/sourcedata/freesurfer/sub-v1s2x0051473_ses-1/mri/orig/001.mgz /out/sourcedata/freesurfer/sub-v1s2x0051473_ses-1/mri/rawavg.mgz 


 mri_info /out/sourcedata/freesurfer/sub-v1s2x0051473_ses-1/mri/rawavg.mgz 

rawavg.mgz ========================================
Volume information for /out/sourcedata/freesurfer/sub-v1s2x0051473_ses-1/mri/rawavg.mgz
          type: MGH
    dimensions: 176 x 256 x 256
   voxel sizes: 1.000000, 1.000000, 1.000000
          type: FLOAT (3)
           fov: 256.000
           dof: 1
        xstart: -88.0, xend: 88.0
        ystart: -128.0, yend: 128.0
        zstart: -128.0, zend: 128.0
            TR: 0.00 msec, TE: 0.00 msec, TI: 0.00 msec, flip angle: 0.00 degrees
       nframes: 1
       PhEncDir: UNKNOWN
       FieldStrength: 0.000000
ras xform present
    xform info: x_r =   1.0000, y_r =   0.0000, z_r =   0.0000, c_r =     1.8559
              : x_a =   0.0000, y_a =   1.0000, z_a =   0.0000, c_a =    67.4407
              : x_s =   0.0000, y_s =   0.0000, z_s =   1.0000, c_s =    -9.8475

talairach xfm : 
Orientation   : RAS
Primary Slice Direction: axial

voxel to ras transform:
                1.0000   0.0000   0.0000   -86.1441
                0.0000   1.0000   0.0000   -60.5593
                0.0000   0.0000   1.0000  -137.8475
                0.0000   0.0000   0.0000     1.0000

voxel-to-ras determinant 1

ras to voxel transform:
                1.0000   0.0000   0.0000    86.1441
                0.0000   1.0000   0.0000    60.5593
                0.0000   0.0000   1.0000   137.8475
                0.0000   0.0000   0.0000     1.0000
/out/sourcedata/freesurfer/sub-v1s2x0051473_ses-1

 mri_convert /out/sourcedata/freesurfer/sub-v1s2x0051473_ses-1/mri/rawavg.mgz /out/sourcedata/freesurfer/sub-v1s2x0051473_ses-1/mri/orig.mgz --conform 

mri_convert /out/sourcedata/freesurfer/sub-v1s2x0051473_ses-1/mri/rawavg.mgz /out/sourcedata/freesurfer/sub-v1s2x0051473_ses-1/mri/orig.mgz --conform 
reading from /out/sourcedata/freesurfer/sub-v1s2x0051473_ses-1/mri/rawavg.mgz...
TR=0.00, TE=0.00, TI=0.00, flip angle=0.00
i_ras = (1, 0, 0)
j_ras = (0, 1, 0)
k_ras = (0, 0, 1)
changing data type from float to uchar (noscale = 0)...
MRIchangeType: Building histogram 0 781.766 1000, flo=0, fhi=0.999, dest_type=0
Reslicing using trilinear interpolation 
writing to /out/sourcedata/freesurfer/sub-v1s2x0051473_ses-1/mri/orig.mgz...

 mri_add_xform_to_header -c /out/sourcedata/freesurfer/sub-v1s2x0051473_ses-1/mri/transforms/talairach.xfm /out/sourcedata/freesurfer/sub-v1s2x0051473_ses-1/mri/orig.mgz /out/sourcedata/freesurfer/sub-v1s2x0051473_ses-1/mri/orig.mgz 

INFO: extension is mgz

 mri_info /out/sourcedata/freesurfer/sub-v1s2x0051473_ses-1/mri/orig.mgz 

orig.mgz ========================================
Volume information for /out/sourcedata/freesurfer/sub-v1s2x0051473_ses-1/mri/orig.mgz
          type: MGH
    dimensions: 256 x 256 x 256
   voxel sizes: 1.000000, 1.000000, 1.000000
          type: UCHAR (0)
           fov: 256.000
           dof: 1
        xstart: -128.0, xend: 128.0
        ystart: -128.0, yend: 128.0
        zstart: -128.0, zend: 128.0
            TR: 0.00 msec, TE: 0.00 msec, TI: 0.00 msec, flip angle: 0.00 degrees
       nframes: 1
       PhEncDir: UNKNOWN
       FieldStrength: 0.000000
ras xform present
    xform info: x_r =  -1.0000, y_r =   0.0000, z_r =   0.0000, c_r =     1.8559
              : x_a =   0.0000, y_a =   0.0000, z_a =   1.0000, c_a =    67.4407
              : x_s =   0.0000, y_s =  -1.0000, z_s =   0.0000, c_s =    -9.8475

talairach xfm : /out/sourcedata/freesurfer/sub-v1s2x0051473_ses-1/mri/transforms/talairach.xfm
Orientation   : LIA
Primary Slice Direction: coronal

voxel to ras transform:
               -1.0000   0.0000   0.0000   129.8559
                0.0000   0.0000   1.0000   -60.5593
                0.0000  -1.0000   0.0000   118.1525
                0.0000   0.0000   0.0000     1.0000

voxel-to-ras determinant -1

ras to voxel transform:
               -1.0000  -0.0000  -0.0000   129.8559
               -0.0000  -0.0000  -1.0000   118.1525
               -0.0000   1.0000  -0.0000    60.5593
               -0.0000  -0.0000  -0.0000     1.0000
#--------------------------------------------
#@# Talairach Mon Mar  9 21:41:33 CET 2026
/out/sourcedata/freesurfer/sub-v1s2x0051473_ses-1/mri

 mri_nu_correct.mni --no-rescale --i orig.mgz --o orig_nu.mgz --ants-n4 --n 1 --proto-iters 1000 --distance 50 

/usr/bin/bc
/out/sourcedata/freesurfer/sub-v1s2x0051473_ses-1/mri
/opt/freesurfer/bin/mri_nu_correct.mni
--no-rescale --i orig.mgz --o orig_nu.mgz --ants-n4 --n 1 --proto-iters 1000 --distance 50
nIters 1
mri_nu_correct.mni 7.3.2
Linux dna006 5.14.0-427.37.1.el9_4.x86_64 #1 SMP PREEMPT_DYNAMIC Fri Sep 13 12:41:50 EDT 2024 x86_64 x86_64 x86_64 GNU/Linux
Mon Mar  9 21:41:33 CET 2026
tmpdir is ./tmp.mri_nu_correct.mni.789821
cd /out/sourcedata/freesurfer/sub-v1s2x0051473_ses-1/mri
AntsN4BiasFieldCorrectionFs -i orig.mgz -o ./tmp.mri_nu_correct.mni.789821/nu0.mgz --dtype uchar
AntsN4BiasFieldCorrectionFs done
mri_convert ./tmp.mri_nu_correct.mni.789821/nu0.mgz orig_nu.mgz --like orig.mgz --conform
mri_convert ./tmp.mri_nu_correct.mni.789821/nu0.mgz orig_nu.mgz --like orig.mgz --conform 
reading from ./tmp.mri_nu_correct.mni.789821/nu0.mgz...
TR=0.00, TE=0.00, TI=0.00, flip angle=0.00
i_ras = (-1, 0, 0)
j_ras = (0, 0, -1)
k_ras = (0, 1, 0)
INFO: transform src into the like-volume: orig.mgz
writing to orig_nu.mgz...
 
 
Mon Mar  9 21:44:28 CET 2026
mri_nu_correct.mni done

 talairach_avi --i orig_nu.mgz --xfm transforms/talairach.auto.xfm 

talairach_avi log file is transforms/talairach_avi.log...
mv -f /out/sourcedata/freesurfer/sub-v1s2x0051473_ses-1/mri/talsrcimg_to_711-2C_as_mni_average_305_t4_vox2vox.txt /out/sourcedata/freesurfer/sub-v1s2x0051473_ses-1/mri/transforms/talsrcimg_to_711-2C_as_mni_average_305_t4_vox2vox.txt
Started at Mon Mar 9 21:44:28 CET 2026
Ended   at Mon Mar  9 21:45:55 CET 2026
talairach_avi done

 cp transforms/talairach.auto.xfm transforms/talairach.xfm 

lta_convert --src orig.mgz --trg /opt/freesurfer/average/mni305.cor.mgz --inxfm transforms/talairach.xfm --outlta transforms/talairach.xfm.lta --subject fsaverage --ltavox2vox
7.3.2

--src: orig.mgz src image (geometry).
--trg: /opt/freesurfer/average/mni305.cor.mgz trg image (geometry).
--inmni: transforms/talairach.xfm input MNI/XFM transform.
--outlta: transforms/talairach.xfm.lta output LTA.
--s: fsaverage subject name
--ltavox2vox: output LTA as VOX_TO_VOX transform.
 LTA read, type : 1
 0.97984  -0.04908  -0.00197   1.23972;
-0.00375   1.05604   0.13226  -68.24991;
 0.02364  -0.20790   1.22566  -13.83540;
 0.00000   0.00000   0.00000   1.00000;
setting subject to fsaverage
Writing  LTA to file transforms/talairach.xfm.lta...
lta_convert successful.
#--------------------------------------------
#@# Talairach Failure Detection Mon Mar  9 21:45:57 CET 2026
/out/sourcedata/freesurfer/sub-v1s2x0051473_ses-1/mri

 talairach_afd -T 0.005 -xfm transforms/talairach.xfm 

talairach_afd: Talairach Transform: transforms/talairach.xfm OK (p=0.7699, pval=0.6675 >= threshold=0.0050)

 awk -f /opt/freesurfer/bin/extract_talairach_avi_QA.awk /out/sourcedata/freesurfer/sub-v1s2x0051473_ses-1/mri/transforms/talairach_avi.log 


 tal_QC_AZS /out/sourcedata/freesurfer/sub-v1s2x0051473_ses-1/mri/transforms/talairach_avi.log 

TalAviQA: 0.96494
z-score: -2
#--------------------------------------------
#@# Nu Intensity Correction Mon Mar  9 21:45:58 CET 2026

 mri_nu_correct.mni --i orig.mgz --o nu.mgz --uchar transforms/talairach.xfm --n 2 --ants-n4 

/usr/bin/bc
/out/sourcedata/freesurfer/sub-v1s2x0051473_ses-1/mri
/opt/freesurfer/bin/mri_nu_correct.mni
--i orig.mgz --o nu.mgz --uchar transforms/talairach.xfm --n 2 --ants-n4
nIters 2
mri_nu_correct.mni 7.3.2
Linux dna006 5.14.0-427.37.1.el9_4.x86_64 #1 SMP PREEMPT_DYNAMIC Fri Sep 13 12:41:50 EDT 2024 x86_64 x86_64 x86_64 GNU/Linux
Mon Mar  9 21:45:58 CET 2026
tmpdir is ./tmp.mri_nu_correct.mni.791367
cd /out/sourcedata/freesurfer/sub-v1s2x0051473_ses-1/mri
AntsN4BiasFieldCorrectionFs -i orig.mgz -o ./tmp.mri_nu_correct.mni.791367/nu0.mgz --dtype uchar
AntsN4BiasFieldCorrectionFs done
mri_binarize --i ./tmp.mri_nu_correct.mni.791367/nu0.mgz --min -1 --o ./tmp.mri_nu_correct.mni.791367/ones.mgz

7.3.2
cwd /out/sourcedata/freesurfer/sub-v1s2x0051473_ses-1/mri
cmdline mri_binarize --i ./tmp.mri_nu_correct.mni.791367/nu0.mgz --min -1 --o ./tmp.mri_nu_correct.mni.791367/ones.mgz 
sysname  Linux
hostname dna006
machine  x86_64
user     oesteban

input      ./tmp.mri_nu_correct.mni.791367/nu0.mgz
frame      0
nErode3d   0
nErode2d   0
output     ./tmp.mri_nu_correct.mni.791367/ones.mgz
Binarizing based on threshold
min        -1
max        +infinity
binval        1
binvalnot     0
fstart = 0, fend = 0, nframes = 1
Starting parallel 1
Found 16777216 values in range
Counting number of voxels in first frame
Found 16777215 voxels in final mask
Writing output to ./tmp.mri_nu_correct.mni.791367/ones.mgz
Count: 16777215 16777215.000000 16777216 99.999994
mri_binarize done
mri_segstats --id 1 --seg ./tmp.mri_nu_correct.mni.791367/ones.mgz --i orig.mgz --sum ./tmp.mri_nu_correct.mni.791367/sum.junk --avgwf ./tmp.mri_nu_correct.mni.791367/input.mean.dat

7.3.2
cwd 
cmdline mri_segstats --id 1 --seg ./tmp.mri_nu_correct.mni.791367/ones.mgz --i orig.mgz --sum ./tmp.mri_nu_correct.mni.791367/sum.junk --avgwf ./tmp.mri_nu_correct.mni.791367/input.mean.dat 
sysname  Linux
hostname dna006
machine  x86_64
user     oesteban
whitesurfname  white
UseRobust  0
Loading ./tmp.mri_nu_correct.mni.791367/ones.mgz
Loading orig.mgz
Voxel Volume is 1 mm^3
Generating list of segmentation ids
Found   1 segmentations
Computing statistics for each segmentation

Reporting on   1 segmentations
Using PrintSegStat
Computing spatial average of each frame

Writing to ./tmp.mri_nu_correct.mni.791367/input.mean.dat
mri_segstats done
mri_segstats --id 1 --seg ./tmp.mri_nu_correct.mni.791367/ones.mgz --i ./tmp.mri_nu_correct.mni.791367/nu0.mgz --sum ./tmp.mri_nu_correct.mni.791367/sum.junk --avgwf ./tmp.mri_nu_correct.mni.791367/output.mean.dat

7.3.2
cwd 
cmdline mri_segstats --id 1 --seg ./tmp.mri_nu_correct.mni.791367/ones.mgz --i ./tmp.mri_nu_correct.mni.791367/nu0.mgz --sum ./tmp.mri_nu_correct.mni.791367/sum.junk --avgwf ./tmp.mri_nu_correct.mni.791367/output.mean.dat 
sysname  Linux
hostname dna006
machine  x86_64
user     oesteban
whitesurfname  white
UseRobust  0
Loading ./tmp.mri_nu_correct.mni.791367/ones.mgz
Loading ./tmp.mri_nu_correct.mni.791367/nu0.mgz
Voxel Volume is 1 mm^3
Generating list of segmentation ids
Found   1 segmentations
Computing statistics for each segmentation

Reporting on   1 segmentations
Using PrintSegStat
Computing spatial average of each frame

Writing to ./tmp.mri_nu_correct.mni.791367/output.mean.dat
mri_segstats done
mris_calc -o ./tmp.mri_nu_correct.mni.791367/nu0.mgz ./tmp.mri_nu_correct.mni.791367/nu0.mgz mul 1.22346853822469169843
Saving result to './tmp.mri_nu_correct.mni.791367/nu0.mgz' (type = MGH )                       [ ok ]
mri_convert ./tmp.mri_nu_correct.mni.791367/nu0.mgz nu.mgz --like orig.mgz
mri_convert ./tmp.mri_nu_correct.mni.791367/nu0.mgz nu.mgz --like orig.mgz 
reading from ./tmp.mri_nu_correct.mni.791367/nu0.mgz...
TR=0.00, TE=0.00, TI=0.00, flip angle=0.00
i_ras = (-1, 0, 0)
j_ras = (0, 0, -1)
k_ras = (0, 1, 0)
INFO: transform src into the like-volume: orig.mgz
writing to nu.mgz...
mri_make_uchar nu.mgz transforms/talairach.xfm nu.mgz
type change took 0 minutes and 6 seconds.
FIRST_PERCENTILE 0.010000
WM_PERCENTILE    0.900000
MAX_R 50.000000
i1 = 4, i2 = 71
#mri_make_uchar# mapping 10 183 to  3 110  :  b -3.86493 m 0.622625 : thresh 6.20747 maxsat 415.764 : nzero 13383702 nsat 0
 
 
Mon Mar  9 21:49:14 CET 2026
mri_nu_correct.mni done

 mri_add_xform_to_header -c /out/sourcedata/freesurfer/sub-v1s2x0051473_ses-1/mri/transforms/talairach.xfm nu.mgz nu.mgz 

INFO: extension is mgz
#--------------------------------------------
#@# Intensity Normalization Mon Mar  9 21:49:15 CET 2026
/out/sourcedata/freesurfer/sub-v1s2x0051473_ses-1/mri

 mri_normalize -g 1 -seed 1234 -mprage nu.mgz T1.mgz 

using max gradient = 1.000
setting seed for random number genererator to 1234
assuming input volume is MGH (Van der Kouwe) MP-RAGE
reading mri_src from nu.mgz...
normalizing image...
NOT doing gentle normalization with control points/label
talairach transform
 0.97984  -0.04908  -0.00197   1.23972;
-0.00375   1.05604   0.13226  -68.24991;
 0.02364  -0.20790   1.22566  -13.83540;
 0.00000   0.00000   0.00000   1.00000;
processing without aseg, no1d=0
MRInormInit(): 
INFO: Modifying talairach volume c_(r,a,s) based on average_305
MRInormalize(): 
MRIsplineNormalize(): npeaks = 15
Starting OpenSpline(): npoints = 15
building Voronoi diagram...
performing soap bubble smoothing, sigma = 8...

Iterating 2 times
---------------------------------
3d normalization pass 1 of 2
white matter peak found at 110
white matter peak found at 110
gm peak at 88 (88), valley at 50 (50)
csf peak at 45, setting threshold to 73
building Voronoi diagram...
performing soap bubble smoothing, sigma = 8...
---------------------------------
3d normalization pass 2 of 2
white matter peak found at 110
white matter peak found at 110
gm peak at 88 (88), valley at 32 (32)
csf peak at 44, setting threshold to 73
building Voronoi diagram...
performing soap bubble smoothing, sigma = 8...
Done iterating ---------------------------------
writing output to T1.mgz
3D bias adjustment took 1 minutes and 37 seconds.

Started at Mon Mar 9 21:41:22 CET 2026 
Ended   at Mon Mar 9 21:50:53 CET 2026
#@#%# recon-all-run-time-hours 0.159
recon-all -s sub-v1s2x0051473_ses-1 finished without error at Mon Mar  9 21:50:53 CET 2026



#New# invocation of recon-all 




Mon Mar  9 21:58:05 CET 2026
cd /out/sourcedata/freesurfer/sub-v1s2x0051473_ses-1
setenv SUBJECTS_DIR /out/sourcedata/freesurfer
/opt/freesurfer/bin/recon-all -openmp 16 -subjid sub-v1s2x0051473_ses-1 -sd /out/sourcedata/freesurfer -gcareg

subjid sub-v1s2x0051473_ses-1
setenv SUBJECTS_DIR /out/sourcedata/freesurfer
FREESURFER_HOME /opt/freesurfer
Actual FREESURFER_HOME /opt/freesurfer
build-stamp.txt: freesurfer-linux-ubuntu22_x86_64-7.3.2-20220804-6354275
Linux dna006 5.14.0-427.37.1.el9_4.x86_64 #1 SMP PREEMPT_DYNAMIC Fri Sep 13 12:41:50 EDT 2024 x86_64 x86_64 x86_64 GNU/Linux
cputime      unlimited
filesize     unlimited
datasize     unlimited
stacksize    8192 kbytes
coredumpsize 0 kbytes
memoryuse    67108864 kbytes
vmemoryuse   unlimited
descriptors  1024 
memorylocked unlimited
maxproc      2061970 
maxlocks     unlimited
maxsignal    2061970 
maxmessage   819200 
maxnice      0 
maxrtprio    0 
maxrttime    unlimited

               total        used        free      shared  buff/cache   available
Mem:           503Gi        44Gi       407Gi       9.9Gi        51Gi       446Gi
Swap:             0B          0B          0B

########################################
program versions used
7.3.2 (freesurfer-linux-ubuntu22_x86_64-7.3.2-20220804-6354275)
7.3.2

ProgramName: lta_convert  ProgramArguments: lta_convert -all-info  ProgramVersion: 7.3.2  TimeStamp: 2026/03/09-20:58:05-GMT  BuildTime: Aug  4 2022 06:17:15  BuildStamp: freesurfer-linux-ubuntu22_x86_64-7.3.2-20220804-6354275  User: oesteban  Machine: dna006  Platform: Linux  PlatformVersion: 5.14.0-427.37.1.el9_4.x86_64  CompilerName: GCC  CompilerVersion: 8.4.0
ProgramName: mri_and  ProgramArguments: mri_and -all-info  ProgramVersion: 7.3.2  TimeStamp: 2026/03/09-20:58:05-GMT  BuildTime: Aug  4 2022 06:17:15  BuildStamp: freesurfer-linux-ubuntu22_x86_64-7.3.2-20220804-6354275  User: oesteban  Machine: dna006  Platform: Linux  PlatformVersion: 5.14.0-427.37.1.el9_4.x86_64  CompilerName: GCC  CompilerVersion: 8.4.0
ProgramName: mri_annotation2label  ProgramArguments: mri_annotation2label -all-info  ProgramVersion: 7.3.2  TimeStamp: 2026/03/09-20:58:05-GMT  BuildTime: Aug  4 2022 06:17:15  BuildStamp: freesurfer-linux-ubuntu22_x86_64-7.3.2-20220804-6354275  User: oesteban  Machine: dna006  Platform: Linux  PlatformVersion: 5.14.0-427.37.1.el9_4.x86_64  CompilerName: GCC  CompilerVersion: 8.4.0
ProgramName: mri_aparc2aseg  ProgramArguments: mri_aparc2aseg -all-info  ProgramVersion: 7.3.2  TimeStamp: 2026/03/09-20:58:05-GMT  BuildTime: Aug  4 2022 06:17:15  BuildStamp: freesurfer-linux-ubuntu22_x86_64-7.3.2-20220804-6354275  User: oesteban  Machine: dna006  Platform: Linux  PlatformVersion: 5.14.0-427.37.1.el9_4.x86_64  CompilerName: GCC  CompilerVersion: 8.4.0
ProgramName: mri_surf2volseg  ProgramArguments: mri_surf2volseg -all-info  ProgramVersion: 7.3.2  TimeStamp: 2026/03/09-20:58:05-GMT  BuildTime: Aug  4 2022 06:17:15  BuildStamp: freesurfer-linux-ubuntu22_x86_64-7.3.2-20220804-6354275  User: oesteban  Machine: dna006  Platform: Linux  PlatformVersion: 5.14.0-427.37.1.el9_4.x86_64  CompilerName: GCC  CompilerVersion: 8.4.0
ProgramName: mri_binarize  ProgramArguments: mri_binarize -all-info  ProgramVersion: 7.3.2  TimeStamp: 2026/03/09-20:58:05-GMT  BuildTime: Aug  4 2022 06:17:15  BuildStamp: freesurfer-linux-ubuntu22_x86_64-7.3.2-20220804-6354275  User: oesteban  Machine: dna006  Platform: Linux  PlatformVersion: 5.14.0-427.37.1.el9_4.x86_64  CompilerName: GCC  CompilerVersion: 8.4.0
ProgramName: mri_ca_label  ProgramArguments: mri_ca_label -all-info  ProgramVersion: 7.3.2  TimeStamp: 2026/03/09-20:58:05-GMT  BuildTime: Aug  4 2022 06:17:15  BuildStamp: freesurfer-linux-ubuntu22_x86_64-7.3.2-20220804-6354275  User: oesteban  Machine: dna006  Platform: Linux  PlatformVersion: 5.14.0-427.37.1.el9_4.x86_64  CompilerName: GCC  CompilerVersion: 8.4.0
ProgramName: mri_ca_normalize  ProgramArguments: mri_ca_normalize -all-info  ProgramVersion: 7.3.2  TimeStamp: 2026/03/09-20:58:05-GMT  BuildTime: Aug  4 2022 06:17:15  BuildStamp: freesurfer-linux-ubuntu22_x86_64-7.3.2-20220804-6354275  User: oesteban  Machine: dna006  Platform: Linux  PlatformVersion: 5.14.0-427.37.1.el9_4.x86_64  CompilerName: GCC  CompilerVersion: 8.4.0
ProgramName: mri_ca_register  ProgramArguments: mri_ca_register -all-info  ProgramVersion: 7.3.2  TimeStamp: 2026/03/09-20:58:05-GMT  BuildTime: Aug  4 2022 06:17:15  BuildStamp: freesurfer-linux-ubuntu22_x86_64-7.3.2-20220804-6354275  User: oesteban  Machine: dna006  Platform: Linux  PlatformVersion: 5.14.0-427.37.1.el9_4.x86_64  CompilerName: GCC  CompilerVersion: 8.4.0
ProgramName: mri_cc  ProgramArguments: mri_cc -all-info  ProgramVersion: 7.3.2  TimeStamp: 2026/03/09-20:58:05-GMT  BuildTime: Aug  4 2022 06:17:15  BuildStamp: freesurfer-linux-ubuntu22_x86_64-7.3.2-20220804-6354275  User: oesteban  Machine: dna006  Platform: Linux  PlatformVersion: 5.14.0-427.37.1.el9_4.x86_64  CompilerName: GCC  CompilerVersion: 8.4.0
ProgramName: mri_compute_overlap  ProgramArguments: mri_compute_overlap -all-info  ProgramVersion: 7.3.2  TimeStamp: 2026/03/09-20:58:05-GMT  BuildTime: Aug  4 2022 06:17:15  BuildStamp: freesurfer-linux-ubuntu22_x86_64-7.3.2-20220804-6354275  User: oesteban  Machine: dna006  Platform: Linux  PlatformVersion: 5.14.0-427.37.1.el9_4.x86_64  CompilerName: GCC  CompilerVersion: 8.4.0
ProgramName: mri_compute_seg_overlap  ProgramArguments: mri_compute_seg_overlap -all-info  ProgramVersion: 7.3.2  TimeStamp: 2026/03/09-20:58:05-GMT  BuildTime: Aug  4 2022 06:17:15  BuildStamp: freesurfer-linux-ubuntu22_x86_64-7.3.2-20220804-6354275  User: oesteban  Machine: dna006  Platform: Linux  PlatformVersion: 5.14.0-427.37.1.el9_4.x86_64  CompilerName: GCC  CompilerVersion: 8.4.0
ProgramName: mri_concat  ProgramArguments: mri_concat -all-info  ProgramVersion: 7.3.2  TimeStamp: 2026/03/09-20:58:05-GMT  BuildTime: Aug  4 2022 06:17:15  BuildStamp: freesurfer-linux-ubuntu22_x86_64-7.3.2-20220804-6354275  User: oesteban  Machine: dna006  Platform: Linux  PlatformVersion: 5.14.0-427.37.1.el9_4.x86_64  CompilerName: GCC  CompilerVersion: 8.4.0
ProgramName: mri_concatenate_lta  ProgramArguments: mri_concatenate_lta -all-info  ProgramVersion: 7.3.2  TimeStamp: 2026/03/09-20:58:05-GMT  BuildTime: Aug  4 2022 06:17:15  BuildStamp: freesurfer-linux-ubuntu22_x86_64-7.3.2-20220804-6354275  User: oesteban  Machine: dna006  Platform: Linux  PlatformVersion: 5.14.0-427.37.1.el9_4.x86_64  CompilerName: GCC  CompilerVersion: 8.4.0
mri_convert -all-info 
ProgramName: mri_convert  ProgramArguments: mri_convert -all-info  ProgramVersion: 7.3.2  TimeStamp: 2026/03/09-20:58:05-GMT  BuildTime: Aug  4 2022 06:17:15  BuildStamp: freesurfer-linux-ubuntu22_x86_64-7.3.2-20220804-6354275  User: oesteban  Machine: dna006  Platform: Linux  PlatformVersion: 5.14.0-427.37.1.el9_4.x86_64  CompilerName: GCC  CompilerVersion: 8.4.0
ProgramName: mri_diff  ProgramArguments: mri_diff -all-info  ProgramVersion: 7.3.2  TimeStamp: 2026/03/09-20:58:05-GMT  BuildTime: Aug  4 2022 06:17:15  BuildStamp: freesurfer-linux-ubuntu22_x86_64-7.3.2-20220804-6354275  User: oesteban  Machine: dna006  Platform: Linux  PlatformVersion: 5.14.0-427.37.1.el9_4.x86_64  CompilerName: GCC  CompilerVersion: 8.4.0
ProgramName: mri_edit_wm_with_aseg  ProgramArguments: mri_edit_wm_with_aseg -all-info  ProgramVersion: 7.3.2  TimeStamp: 2026/03/09-20:58:05-GMT  BuildTime: Aug  4 2022 06:17:15  BuildStamp: freesurfer-linux-ubuntu22_x86_64-7.3.2-20220804-6354275  User: oesteban  Machine: dna006  Platform: Linux  PlatformVersion: 5.14.0-427.37.1.el9_4.x86_64  CompilerName: GCC  CompilerVersion: 8.4.0
ProgramName: mri_em_register  ProgramArguments: mri_em_register -all-info  ProgramVersion: 7.3.2  TimeStamp: 2026/03/09-20:58:05-GMT  BuildTime: Aug  4 2022 06:17:15  BuildStamp: freesurfer-linux-ubuntu22_x86_64-7.3.2-20220804-6354275  User: oesteban  Machine: dna006  Platform: Linux  PlatformVersion: 5.14.0-427.37.1.el9_4.x86_64  CompilerName: GCC  CompilerVersion: 8.4.0
ProgramName: mri_fill  ProgramArguments: mri_fill -all-info  ProgramVersion: 7.3.2  TimeStamp: 2026/03/09-20:58:05-GMT  BuildTime: Aug  4 2022 06:17:15  BuildStamp: freesurfer-linux-ubuntu22_x86_64-7.3.2-20220804-6354275  User: oesteban  Machine: dna006  Platform: Linux  PlatformVersion: 5.14.0-427.37.1.el9_4.x86_64  CompilerName: GCC  CompilerVersion: 8.4.0
ProgramName: mri_fuse_segmentations  ProgramArguments: mri_fuse_segmentations -all-info  ProgramVersion: 7.3.2  TimeStamp: 2026/03/09-20:58:05-GMT  BuildTime: Aug  4 2022 06:17:15  BuildStamp: freesurfer-linux-ubuntu22_x86_64-7.3.2-20220804-6354275  User: oesteban  Machine: dna006  Platform: Linux  PlatformVersion: 5.14.0-427.37.1.el9_4.x86_64  CompilerName: GCC  CompilerVersion: 8.4.0
ProgramName: mri_fwhm  ProgramArguments: mri_fwhm -all-info  ProgramVersion: 7.3.2  TimeStamp: 2026/03/09-20:58:05-GMT  BuildTime: Aug  4 2022 06:17:15  BuildStamp: freesurfer-linux-ubuntu22_x86_64-7.3.2-20220804-6354275  User: oesteban  Machine: dna006  Platform: Linux  PlatformVersion: 5.14.0-427.37.1.el9_4.x86_64  CompilerName: GCC  CompilerVersion: 8.4.0
ProgramName: mri_gcut  ProgramArguments: mri_gcut -all-info  ProgramVersion: 7.3.2  TimeStamp: 2026/03/09-20:58:05-GMT  BuildTime: Aug  4 2022 06:17:15  BuildStamp: freesurfer-linux-ubuntu22_x86_64-7.3.2-20220804-6354275  User: oesteban  Machine: dna006  Platform: Linux  PlatformVersion: 5.14.0-427.37.1.el9_4.x86_64  CompilerName: GCC  CompilerVersion: 8.4.0
ProgramName: mri_info  ProgramArguments: mri_info -all-info  ProgramVersion: 7.3.2  TimeStamp: 2026/03/09-20:58:05-GMT  BuildTime: Aug  4 2022 06:17:15  BuildStamp: freesurfer-linux-ubuntu22_x86_64-7.3.2-20220804-6354275  User: oesteban  Machine: dna006  Platform: Linux  PlatformVersion: 5.14.0-427.37.1.el9_4.x86_64  CompilerName: GCC  CompilerVersion: 8.4.0
ProgramName: mri_label2label  ProgramArguments: mri_label2label -all-info  ProgramVersion: 7.3.2  TimeStamp: 2026/03/09-20:58:05-GMT  BuildTime: Aug  4 2022 06:17:15  BuildStamp: freesurfer-linux-ubuntu22_x86_64-7.3.2-20220804-6354275  User: oesteban  Machine: dna006  Platform: Linux  PlatformVersion: 5.14.0-427.37.1.el9_4.x86_64  CompilerName: GCC  CompilerVersion: 8.4.0
ProgramName: mri_label2vol  ProgramArguments: mri_label2vol -all-info  ProgramVersion: 7.3.2  TimeStamp: 2026/03/09-20:58:05-GMT  BuildTime: Aug  4 2022 06:17:15  BuildStamp: freesurfer-linux-ubuntu22_x86_64-7.3.2-20220804-6354275  User: oesteban  Machine: dna006  Platform: Linux  PlatformVersion: 5.14.0-427.37.1.el9_4.x86_64  CompilerName: GCC  CompilerVersion: 8.4.0
ProgramName: mri_log_likelihood  ProgramArguments: mri_log_likelihood -all-info  ProgramVersion: 7.3.2  TimeStamp: 2026/03/09-20:58:05-GMT  BuildTime: Aug  4 2022 06:17:15  BuildStamp: freesurfer-linux-ubuntu22_x86_64-7.3.2-20220804-6354275  User: oesteban  Machine: dna006  Platform: Linux  PlatformVersion: 5.14.0-427.37.1.el9_4.x86_64  CompilerName: GCC  CompilerVersion: 8.4.0
ProgramName: mri_mask  ProgramArguments: mri_mask -all-info  ProgramVersion: 7.3.2  TimeStamp: 2026/03/09-20:58:05-GMT  BuildTime: Aug  4 2022 06:17:15  BuildStamp: freesurfer-linux-ubuntu22_x86_64-7.3.2-20220804-6354275  User: oesteban  Machine: dna006  Platform: Linux  PlatformVersion: 5.14.0-427.37.1.el9_4.x86_64  CompilerName: GCC  CompilerVersion: 8.4.0
ProgramName: mri_matrix_multiply  ProgramArguments: mri_matrix_multiply -all-info  ProgramVersion: 7.3.2  TimeStamp: 2026/03/09-20:58:05-GMT  BuildTime: Aug  4 2022 06:17:15  BuildStamp: freesurfer-linux-ubuntu22_x86_64-7.3.2-20220804-6354275  User: oesteban  Machine: dna006  Platform: Linux  PlatformVersion: 5.14.0-427.37.1.el9_4.x86_64  CompilerName: GCC  CompilerVersion: 8.4.0
ProgramName: mri_normalize  ProgramArguments: mri_normalize -all-info  ProgramVersion: 7.3.2  TimeStamp: 2026/03/09-20:58:05-GMT  BuildTime: Aug  4 2022 06:17:15  BuildStamp: freesurfer-linux-ubuntu22_x86_64-7.3.2-20220804-6354275  User: oesteban  Machine: dna006  Platform: Linux  PlatformVersion: 5.14.0-427.37.1.el9_4.x86_64  CompilerName: GCC  CompilerVersion: 8.4.0
ProgramName: mri_normalize_tp2  ProgramArguments: mri_normalize_tp2 -all-info  ProgramVersion: 7.3.2  TimeStamp: 2026/03/09-20:58:05-GMT  BuildTime: Aug  4 2022 06:17:15  BuildStamp: freesurfer-linux-ubuntu22_x86_64-7.3.2-20220804-6354275  User: oesteban  Machine: dna006  Platform: Linux  PlatformVersion: 5.14.0-427.37.1.el9_4.x86_64  CompilerName: GCC  CompilerVersion: 8.4.0
ProgramName: mri_or  ProgramArguments: mri_or -all-info  ProgramVersion: 7.3.2  TimeStamp: 2026/03/09-20:58:05-GMT  BuildTime: Aug  4 2022 06:17:15  BuildStamp: freesurfer-linux-ubuntu22_x86_64-7.3.2-20220804-6354275  User: oesteban  Machine: dna006  Platform: Linux  PlatformVersion: 5.14.0-427.37.1.el9_4.x86_64  CompilerName: GCC  CompilerVersion: 8.4.0
ProgramName: mri_relabel_hypointensities  ProgramArguments: mri_relabel_hypointensities -all-info  ProgramVersion: 7.3.2  TimeStamp: 2026/03/09-20:58:05-GMT  BuildTime: Aug  4 2022 06:17:15  BuildStamp: freesurfer-linux-ubuntu22_x86_64-7.3.2-20220804-6354275  User: oesteban  Machine: dna006  Platform: Linux  PlatformVersion: 5.14.0-427.37.1.el9_4.x86_64  CompilerName: GCC  CompilerVersion: 8.4.0
ProgramName: mri_relabel_nonwm_hypos  ProgramArguments: mri_relabel_nonwm_hypos -all-info  ProgramVersion: 7.3.2  TimeStamp: 2026/03/09-20:58:05-GMT  BuildTime: Aug  4 2022 06:17:15  BuildStamp: freesurfer-linux-ubuntu22_x86_64-7.3.2-20220804-6354275  User: oesteban  Machine: dna006  Platform: Linux  PlatformVersion: 5.14.0-427.37.1.el9_4.x86_64  CompilerName: GCC  CompilerVersion: 8.4.0
ProgramName: mri_remove_neck  ProgramArguments: mri_remove_neck -all-info  ProgramVersion: 7.3.2  TimeStamp: 2026/03/09-20:58:05-GMT  BuildTime: Aug  4 2022 06:17:15  BuildStamp: freesurfer-linux-ubuntu22_x86_64-7.3.2-20220804-6354275  User: oesteban  Machine: dna006  Platform: Linux  PlatformVersion: 5.14.0-427.37.1.el9_4.x86_64  CompilerName: GCC  CompilerVersion: 8.4.0
7.3.2

ProgramName: mri_robust_register  ProgramArguments: mri_robust_register -all-info  ProgramVersion: 7.3.2  TimeStamp: 2026/03/09-20:58:05-GMT  BuildTime: Aug  4 2022 06:17:15  BuildStamp: freesurfer-linux-ubuntu22_x86_64-7.3.2-20220804-6354275  User: oesteban  Machine: dna006  Platform: Linux  PlatformVersion: 5.14.0-427.37.1.el9_4.x86_64  CompilerName: GCC  CompilerVersion: 8.4.0
7.3.2

ProgramName: mri_robust_template  ProgramArguments: mri_robust_template -all-info  ProgramVersion: 7.3.2  TimeStamp: 2026/03/09-20:58:05-GMT  BuildTime: Aug  4 2022 06:17:15  BuildStamp: freesurfer-linux-ubuntu22_x86_64-7.3.2-20220804-6354275  User: oesteban  Machine: dna006  Platform: Linux  PlatformVersion: 5.14.0-427.37.1.el9_4.x86_64  CompilerName: GCC  CompilerVersion: 8.4.0
ProgramName: mris_anatomical_stats  ProgramArguments: mris_anatomical_stats -all-info  ProgramVersion: 7.3.2  TimeStamp: 2026/03/09-20:58:05-GMT  BuildTime: Aug  4 2022 06:17:15  BuildStamp: freesurfer-linux-ubuntu22_x86_64-7.3.2-20220804-6354275  User: oesteban  Machine: dna006  Platform: Linux  PlatformVersion: 5.14.0-427.37.1.el9_4.x86_64  CompilerName: GCC  CompilerVersion: 8.4.0
ProgramName: mris_ca_label  ProgramArguments: mris_ca_label -all-info  ProgramVersion: 7.3.2  TimeStamp: 2026/03/09-20:58:05-GMT  BuildTime: Aug  4 2022 06:17:15  BuildStamp: freesurfer-linux-ubuntu22_x86_64-7.3.2-20220804-6354275  User: oesteban  Machine: dna006  Platform: Linux  PlatformVersion: 5.14.0-427.37.1.el9_4.x86_64  CompilerName: GCC  CompilerVersion: 8.4.0
ProgramName: mris_calc  ProgramArguments: mris_calc -all-info  ProgramVersion: 7.3.2  TimeStamp: 2026/03/09-20:58:05-GMT  BuildTime: Aug  4 2022 06:17:15  BuildStamp: freesurfer-linux-ubuntu22_x86_64-7.3.2-20220804-6354275  User: oesteban  Machine: dna006  Platform: Linux  PlatformVersion: 5.14.0-427.37.1.el9_4.x86_64  CompilerName: GCC  CompilerVersion: 8.4.0
ProgramName: mris_convert  ProgramArguments: mris_convert -all-info  ProgramVersion: 7.3.2  TimeStamp: 2026/03/09-20:58:05-GMT  BuildTime: Aug  4 2022 06:17:15  BuildStamp: freesurfer-linux-ubuntu22_x86_64-7.3.2-20220804-6354275  User: oesteban  Machine: dna006  Platform: Linux  PlatformVersion: 5.14.0-427.37.1.el9_4.x86_64  CompilerName: GCC  CompilerVersion: 8.4.0
ProgramName: mris_curvature  ProgramArguments: mris_curvature -all-info  ProgramVersion: 7.3.2  TimeStamp: 2026/03/09-20:58:05-GMT  BuildTime: Aug  4 2022 06:17:15  BuildStamp: freesurfer-linux-ubuntu22_x86_64-7.3.2-20220804-6354275  User: oesteban  Machine: dna006  Platform: Linux  PlatformVersion: 5.14.0-427.37.1.el9_4.x86_64  CompilerName: GCC  CompilerVersion: 8.4.0
ProgramName: mris_curvature_stats  ProgramArguments: mris_curvature_stats -all-info  ProgramVersion: 7.3.2  TimeStamp: 2026/03/09-20:58:05-GMT  BuildTime: Aug  4 2022 06:17:15  BuildStamp: freesurfer-linux-ubuntu22_x86_64-7.3.2-20220804-6354275  User: oesteban  Machine: dna006  Platform: Linux  PlatformVersion: 5.14.0-427.37.1.el9_4.x86_64  CompilerName: GCC  CompilerVersion: 8.4.0
ProgramName: mris_diff  ProgramArguments: mris_diff -all-info  ProgramVersion: 7.3.2  TimeStamp: 2026/03/09-20:58:05-GMT  BuildTime: Aug  4 2022 06:17:15  BuildStamp: freesurfer-linux-ubuntu22_x86_64-7.3.2-20220804-6354275  User: oesteban  Machine: dna006  Platform: Linux  PlatformVersion: 5.14.0-427.37.1.el9_4.x86_64  CompilerName: GCC  CompilerVersion: 8.4.0
ProgramName: mris_divide_parcellation  ProgramArguments: mris_divide_parcellation -all-info  ProgramVersion: 7.3.2  TimeStamp: 2026/03/09-20:58:05-GMT  BuildTime: Aug  4 2022 06:17:15  BuildStamp: freesurfer-linux-ubuntu22_x86_64-7.3.2-20220804-6354275  User: oesteban  Machine: dna006  Platform: Linux  PlatformVersion: 5.14.0-427.37.1.el9_4.x86_64  CompilerName: GCC  CompilerVersion: 8.4.0
ProgramName: mri_segment  ProgramArguments: mri_segment -all-info  ProgramVersion: 7.3.2  TimeStamp: 2026/03/09-20:58:05-GMT  BuildTime: Aug  4 2022 06:17:15  BuildStamp: freesurfer-linux-ubuntu22_x86_64-7.3.2-20220804-6354275  User: oesteban  Machine: dna006  Platform: Linux  PlatformVersion: 5.14.0-427.37.1.el9_4.x86_64  CompilerName: GCC  CompilerVersion: 8.4.0
ProgramName: mri_segstats  ProgramArguments: mri_segstats -all-info  ProgramVersion: 7.3.2  TimeStamp: 2026/03/09-20:58:05-GMT  BuildTime: Aug  4 2022 06:17:15  BuildStamp: freesurfer-linux-ubuntu22_x86_64-7.3.2-20220804-6354275  User: oesteban  Machine: dna006  Platform: Linux  PlatformVersion: 5.14.0-427.37.1.el9_4.x86_64  CompilerName: GCC  CompilerVersion: 8.4.0
ProgramName: mris_euler_number  ProgramArguments: mris_euler_number -all-info  ProgramVersion: 7.3.2  TimeStamp: 2026/03/09-20:58:05-GMT  BuildTime: Aug  4 2022 06:17:15  BuildStamp: freesurfer-linux-ubuntu22_x86_64-7.3.2-20220804-6354275  User: oesteban  Machine: dna006  Platform: Linux  PlatformVersion: 5.14.0-427.37.1.el9_4.x86_64  CompilerName: GCC  CompilerVersion: 8.4.0
ProgramName: mris_fix_topology  ProgramArguments: mris_fix_topology -all-info  ProgramVersion: 7.3.2  TimeStamp: 2026/03/09-20:58:05-GMT  BuildTime: Aug  4 2022 06:17:15  BuildStamp: freesurfer-linux-ubuntu22_x86_64-7.3.2-20220804-6354275  User: oesteban  Machine: dna006  Platform: Linux  PlatformVersion: 5.14.0-427.37.1.el9_4.x86_64  CompilerName: GCC  CompilerVersion: 8.4.0
ProgramName: mris_topo_fixer  ProgramArguments: mris_topo_fixer -all-info  ProgramVersion: 7.3.2  TimeStamp: 2026/03/09-20:58:05-GMT  BuildTime: Aug  4 2022 06:17:15  BuildStamp: freesurfer-linux-ubuntu22_x86_64-7.3.2-20220804-6354275  User: oesteban  Machine: dna006  Platform: Linux  PlatformVersion: 5.14.0-427.37.1.el9_4.x86_64  CompilerName: GCC  CompilerVersion: 8.4.0
ProgramName: mris_jacobian  ProgramArguments: mris_jacobian -all-info  ProgramVersion: 7.3.2  TimeStamp: 2026/03/09-20:58:05-GMT  BuildTime: Aug  4 2022 06:17:15  BuildStamp: freesurfer-linux-ubuntu22_x86_64-7.3.2-20220804-6354275  User: oesteban  Machine: dna006  Platform: Linux  PlatformVersion: 5.14.0-427.37.1.el9_4.x86_64  CompilerName: GCC  CompilerVersion: 8.4.0
ProgramName: mris_label2annot  ProgramArguments: mris_label2annot -all-info  ProgramVersion: 7.3.2  TimeStamp: 2026/03/09-20:58:05-GMT  BuildTime: Aug  4 2022 06:17:15  BuildStamp: freesurfer-linux-ubuntu22_x86_64-7.3.2-20220804-6354275  User: oesteban  Machine: dna006  Platform: Linux  PlatformVersion: 5.14.0-427.37.1.el9_4.x86_64  CompilerName: GCC  CompilerVersion: 8.4.0
ProgramName: mris_left_right_register  ProgramArguments: mris_left_right_register -all-info  ProgramVersion: 7.3.2  TimeStamp: 2026/03/09-20:58:05-GMT  BuildTime: Aug  4 2022 06:17:15  BuildStamp: freesurfer-linux-ubuntu22_x86_64-7.3.2-20220804-6354275  User: oesteban  Machine: dna006  Platform: Linux  PlatformVersion: 5.14.0-427.37.1.el9_4.x86_64  CompilerName: GCC  CompilerVersion: 8.4.0
ProgramName: mris_place_surface  ProgramArguments: mris_place_surface -all-info  ProgramVersion: 7.3.2  TimeStamp: 2026/03/09-20:58:05-GMT  BuildTime: Aug  4 2022 06:17:15  BuildStamp: freesurfer-linux-ubuntu22_x86_64-7.3.2-20220804-6354275  User: oesteban  Machine: dna006  Platform: Linux  PlatformVersion: 5.14.0-427.37.1.el9_4.x86_64  CompilerName: GCC  CompilerVersion: 8.4.0
ProgramName: mrisp_paint  ProgramArguments: mrisp_paint -all-info  ProgramVersion: 7.3.2  TimeStamp: 2026/03/09-20:58:05-GMT  BuildTime: Aug  4 2022 06:17:15  BuildStamp: freesurfer-linux-ubuntu22_x86_64-7.3.2-20220804-6354275  User: oesteban  Machine: dna006  Platform: Linux  PlatformVersion: 5.14.0-427.37.1.el9_4.x86_64  CompilerName: GCC  CompilerVersion: 8.4.0
ProgramName: mris_register  ProgramArguments: mris_register -all-info  ProgramVersion: 7.3.2  TimeStamp: 2026/03/09-20:58:05-GMT  BuildTime: Aug  4 2022 06:17:15  BuildStamp: freesurfer-linux-ubuntu22_x86_64-7.3.2-20220804-6354275  User: oesteban  Machine: dna006  Platform: Linux  PlatformVersion: 5.14.0-427.37.1.el9_4.x86_64  CompilerName: GCC  CompilerVersion: 8.4.0
ProgramName: mris_smooth  ProgramArguments: mris_smooth -all-info  ProgramVersion: 7.3.2  TimeStamp: 2026/03/09-20:58:05-GMT  BuildTime: Aug  4 2022 06:17:15  BuildStamp: freesurfer-linux-ubuntu22_x86_64-7.3.2-20220804-6354275  User: oesteban  Machine: dna006  Platform: Linux  PlatformVersion: 5.14.0-427.37.1.el9_4.x86_64  CompilerName: GCC  CompilerVersion: 8.4.0
ProgramName: mris_sphere  ProgramArguments: mris_sphere -all-info  ProgramVersion: 7.3.2  TimeStamp: 2026/03/09-20:58:05-GMT  BuildTime: Aug  4 2022 06:17:15  BuildStamp: freesurfer-linux-ubuntu22_x86_64-7.3.2-20220804-6354275  User: oesteban  Machine: dna006  Platform: Linux  PlatformVersion: 5.14.0-427.37.1.el9_4.x86_64  CompilerName: GCC  CompilerVersion: 8.4.0
ProgramName: mris_surface_stats  ProgramArguments: mris_surface_stats -all-info  ProgramVersion: 7.3.2  TimeStamp: 2026/03/09-20:58:05-GMT  BuildTime: Aug  4 2022 06:17:15  BuildStamp: freesurfer-linux-ubuntu22_x86_64-7.3.2-20220804-6354275  User: oesteban  Machine: dna006  Platform: Linux  PlatformVersion: 5.14.0-427.37.1.el9_4.x86_64  CompilerName: GCC  CompilerVersion: 8.4.0
ProgramName: mri_stats2seg  ProgramArguments: mri_stats2seg -all-info  ProgramVersion: 7.3.2  TimeStamp: 2026/03/09-20:58:05-GMT  BuildTime: Aug  4 2022 06:17:15  BuildStamp: freesurfer-linux-ubuntu22_x86_64-7.3.2-20220804-6354275  User: oesteban  Machine: dna006  Platform: Linux  PlatformVersion: 5.14.0-427.37.1.el9_4.x86_64  CompilerName: GCC  CompilerVersion: 8.4.0
ProgramName: mris_thickness  ProgramArguments: mris_thickness -all-info  ProgramVersion: 7.3.2  TimeStamp: 2026/03/09-20:58:05-GMT  BuildTime: Aug  4 2022 06:17:15  BuildStamp: freesurfer-linux-ubuntu22_x86_64-7.3.2-20220804-6354275  User: oesteban  Machine: dna006  Platform: Linux  PlatformVersion: 5.14.0-427.37.1.el9_4.x86_64  CompilerName: GCC  CompilerVersion: 8.4.0
ProgramName: mris_thickness_diff  ProgramArguments: mris_thickness_diff -all-info  ProgramVersion: 7.3.2  TimeStamp: 2026/03/09-20:58:05-GMT  BuildTime: Aug  4 2022 06:17:15  BuildStamp: freesurfer-linux-ubuntu22_x86_64-7.3.2-20220804-6354275  User: oesteban  Machine: dna006  Platform: Linux  PlatformVersion: 5.14.0-427.37.1.el9_4.x86_64  CompilerName: GCC  CompilerVersion: 8.4.0
ProgramName: mris_topo_fixer  ProgramArguments: mris_topo_fixer -all-info  ProgramVersion: 7.3.2  TimeStamp: 2026/03/09-20:58:05-GMT  BuildTime: Aug  4 2022 06:17:15  BuildStamp: freesurfer-linux-ubuntu22_x86_64-7.3.2-20220804-6354275  User: oesteban  Machine: dna006  Platform: Linux  PlatformVersion: 5.14.0-427.37.1.el9_4.x86_64  CompilerName: GCC  CompilerVersion: 8.4.0
ProgramName: mri_surf2surf  ProgramArguments: mri_surf2surf -all-info  ProgramVersion: 7.3.2  TimeStamp: 2026/03/09-20:58:05-GMT  BuildTime: Aug  4 2022 06:17:15  BuildStamp: freesurfer-linux-ubuntu22_x86_64-7.3.2-20220804-6354275  User: oesteban  Machine: dna006  Platform: Linux  PlatformVersion: 5.14.0-427.37.1.el9_4.x86_64  CompilerName: GCC  CompilerVersion: 8.4.0
ProgramName: mri_surf2vol  ProgramArguments: mri_surf2vol -all-info  ProgramVersion: 7.3.2  TimeStamp: 2026/03/09-20:58:05-GMT  BuildTime: Aug  4 2022 06:17:15  BuildStamp: freesurfer-linux-ubuntu22_x86_64-7.3.2-20220804-6354275  User: oesteban  Machine: dna006  Platform: Linux  PlatformVersion: 5.14.0-427.37.1.el9_4.x86_64  CompilerName: GCC  CompilerVersion: 8.4.0
ProgramName: mri_surfcluster  ProgramArguments: mri_surfcluster -all-info  ProgramVersion: 7.3.2  TimeStamp: 2026/03/09-20:58:05-GMT  BuildTime: Aug  4 2022 06:17:15  BuildStamp: freesurfer-linux-ubuntu22_x86_64-7.3.2-20220804-6354275  User: oesteban  Machine: dna006  Platform: Linux  PlatformVersion: 5.14.0-427.37.1.el9_4.x86_64  CompilerName: GCC  CompilerVersion: 8.4.0
ProgramName: mris_volmask  ProgramArguments: mris_volmask -all-info  ProgramVersion: 7.3.2  TimeStamp: 2026/03/09-20:58:05-GMT  BuildTime: Aug  4 2022 06:17:15  BuildStamp: freesurfer-linux-ubuntu22_x86_64-7.3.2-20220804-6354275  User: oesteban  Machine: dna006  Platform: Linux  PlatformVersion: 5.14.0-427.37.1.el9_4.x86_64  CompilerName: GCC  CompilerVersion: 8.4.0
ProgramName: mri_tessellate  ProgramArguments: mri_tessellate -all-info  ProgramVersion: 7.3.2  TimeStamp: 2026/03/09-20:58:05-GMT  BuildTime: Aug  4 2022 06:17:15  BuildStamp: freesurfer-linux-ubuntu22_x86_64-7.3.2-20220804-6354275  User: oesteban  Machine: dna006  Platform: Linux  PlatformVersion: 5.14.0-427.37.1.el9_4.x86_64  CompilerName: GCC  CompilerVersion: 8.4.0
ProgramName: mri_vol2surf  ProgramArguments: mri_vol2surf -all-info  ProgramVersion: 7.3.2  TimeStamp: 2026/03/09-20:58:05-GMT  BuildTime: Aug  4 2022 06:17:15  BuildStamp: freesurfer-linux-ubuntu22_x86_64-7.3.2-20220804-6354275  User: oesteban  Machine: dna006  Platform: Linux  PlatformVersion: 5.14.0-427.37.1.el9_4.x86_64  CompilerName: GCC  CompilerVersion: 8.4.0
ProgramName: mri_vol2vol  ProgramArguments: mri_vol2vol -all-info  ProgramVersion: 7.3.2  TimeStamp: 2026/03/09-20:58:05-GMT  BuildTime: Aug  4 2022 06:17:15  BuildStamp: freesurfer-linux-ubuntu22_x86_64-7.3.2-20220804-6354275  User: oesteban  Machine: dna006  Platform: Linux  PlatformVersion: 5.14.0-427.37.1.el9_4.x86_64  CompilerName: GCC  CompilerVersion: 8.4.0
ProgramName: mri_voldiff  ProgramArguments: mri_voldiff -all-info  ProgramVersion: 7.3.2  TimeStamp: 2026/03/09-20:58:05-GMT  BuildTime: Aug  4 2022 06:17:15  BuildStamp: freesurfer-linux-ubuntu22_x86_64-7.3.2-20220804-6354275  User: oesteban  Machine: dna006  Platform: Linux  PlatformVersion: 5.14.0-427.37.1.el9_4.x86_64  CompilerName: GCC  CompilerVersion: 8.4.0
ProgramName: mri_watershed  ProgramArguments: mri_watershed -all-info  ProgramVersion: 7.3.2  TimeStamp: 2026/03/09-20:58:05-GMT  BuildTime: Aug  4 2022 06:17:15  BuildStamp: freesurfer-linux-ubuntu22_x86_64-7.3.2-20220804-6354275  User: oesteban  Machine: dna006  Platform: Linux  PlatformVersion: 5.14.0-427.37.1.el9_4.x86_64  CompilerName: GCC  CompilerVersion: 8.4.0
ProgramName: tkregister2  ProgramArguments: tkregister2_cmdl -all-info  ProgramVersion: 7.3.2  TimeStamp: 2026/03/09-20:58:05-GMT  BuildTime: Aug  4 2022 06:17:15  BuildStamp: freesurfer-linux-ubuntu22_x86_64-7.3.2-20220804-6354275  User: oesteban  Machine: dna006  Platform: Linux  PlatformVersion: 5.14.0-427.37.1.el9_4.x86_64  CompilerName: GCC  CompilerVersion: 8.4.0
mri_motion_correct.fsl 7.3.2
mri_convert -all-info 
ProgramName: mri_convert  ProgramArguments: mri_convert -all-info  ProgramVersion: 7.3.2  TimeStamp: 2026/03/09-20:58:05-GMT  BuildTime: Aug  4 2022 06:17:15  BuildStamp: freesurfer-linux-ubuntu22_x86_64-7.3.2-20220804-6354275  User: oesteban  Machine: dna006  Platform: Linux  PlatformVersion: 5.14.0-427.37.1.el9_4.x86_64  CompilerName: GCC  CompilerVersion: 8.4.0
Program nu_correct, built from:
Package MNI N3, version 1.12.0, compiled by nicks@terrier (x86_64-unknown-linux-gnu) on 2015-06-19 at 01:25:34
#######################################
GCADIR /opt/freesurfer/average
GCA RB_all_2020-01-02.gca
GCASkull RB_all_withskull_2020_01_02.gca
AvgCurvTif folding.atlas.acfb40.noaparc.i12.2016-08-02.tif
GCSDIR /opt/freesurfer/average
GCS DKaparc.atlas.acfb40.noaparc.i12.2016-08-02.gcs
#######################################
#-------------------------------------
#@# EM Registration Mon Mar  9 21:58:05 CET 2026
/out/sourcedata/freesurfer/sub-v1s2x0051473_ses-1/mri

 mri_em_register -uns 3 -mask brainmask.mgz nu.mgz /opt/freesurfer/average/RB_all_2020-01-02.gca transforms/talairach.lta 

setting unknown_nbr_spacing = 3
using MR volume brainmask.mgz to mask input volume...

== Number of threads available to mri_em_register for OpenMP = 16 == 
reading 1 input volumes...
logging results to talairach.log
reading '/opt/freesurfer/average/RB_all_2020-01-02.gca'...
GCAread took 0 minutes and 1 seconds.
average std = 7.2   using min determinant for regularization = 5.2
0 singular and 884 ill-conditioned covariance matrices regularized
reading 'nu.mgz'...
MRImask(): AllowDiffGeom = 1
MRImask(): AllowDiffGeom = 1
MRImask(): AllowDiffGeom = 1
MRImask(): AllowDiffGeom = 1
MRImask(): AllowDiffGeom = 1
freeing gibbs priors...done.
accounting for voxel sizes in initial transform
bounding unknown intensity as < 5.9 or > 519.0 
total sample mean = 79.1 (1017 zeros)
************************************************
spacing=8, using 2841 sample points, tol=1.00e-05...
************************************************
register_mri: find_optimal_transform
find_optimal_transform: nsamples 2841, passno 0, spacing 8
resetting wm mean[0]: 98 --> 107
resetting gm mean[0]: 61 --> 61
input volume #1 is the most T1-like
using real data threshold=30.2
skull bounding box = (59, 34, 22) --> (199, 145, 202)
finding center of left hemi white matter
using (106, 71, 112) as brain centroid of Right_Cerebral_White_Matter...
MRImask(): AllowDiffGeom = 1
mean wm in atlas = 107, using box (89,57,90) --> (123, 84,134) to find MRI wm
before smoothing, mri peak at 110
robust fit to distribution - 108 +- 3.5
after smoothing, mri peak at 108, scaling input intensities by 0.991
scaling channel 0 by 0.990741
initial log_p = -4.554
************************************************
First Search limited to translation only.
************************************************
max log p =    -4.071611 @ (-10.526, 31.579, 10.526)
max log p =    -3.792048 @ (5.263, -5.263, -5.263)
max log p =    -3.703348 @ (2.632, -2.632, -7.895)
max log p =    -3.667605 @ (-1.316, 1.316, 1.316)
max log p =    -3.664196 @ (0.658, -0.658, -0.658)
max log p =    -3.654427 @ (-0.987, 1.645, 0.987)
max log p =    -3.654427 @ (0.000, 0.000, 0.000)
max log p =    -3.654427 @ (0.000, 0.000, 0.000)
Found translation: (-4.3, 26.0, -1.0): log p = -3.654
****************************************
Nine parameter search.  iteration 0 nscales = 0 ...
****************************************
Result so far: scale 1.000: max_log_p=-3.654, old_max_log_p =-3.654 (thresh=-3.7)
 1.00000   0.00000   0.00000  -4.27632;
 0.00000   1.00000   0.00000   25.98684;
 0.00000   0.00000   1.00000  -0.98685;
 0.00000   0.00000   0.00000   1.00000;
reducing scale to 0.2500
iteration took 0 minutes and 12 seconds.
****************************************
Nine parameter search.  iteration 1 nscales = 1 ...
****************************************
Result so far: scale 0.250: max_log_p=-3.555, old_max_log_p =-3.654 (thresh=-3.7)
 0.99892  -0.03683   0.02835  -1.84700;
 0.03121   1.04250   0.17066  -5.80062;
-0.03023  -0.15915   0.94890   27.13144;
 0.00000   0.00000   0.00000   1.00000;
iteration took 0 minutes and 12 seconds.
****************************************
Nine parameter search.  iteration 2 nscales = 1 ...
****************************************
Result so far: scale 0.250: max_log_p=-3.532, old_max_log_p =-3.555 (thresh=-3.6)
 0.97716  -0.07468   0.05276   2.20425;
 0.06503   1.06008   0.17575  -10.57413;
-0.06290  -0.15785   0.94746   31.38263;
 0.00000   0.00000   0.00000   1.00000;
iteration took 0 minutes and 12 seconds.
****************************************
Nine parameter search.  iteration 3 nscales = 1 ...
****************************************
Result so far: scale 0.250: max_log_p=-3.532, old_max_log_p =-3.532 (thresh=-3.5)
 0.97716  -0.07468   0.05276   2.20425;
 0.06503   1.06008   0.17575  -10.57413;
-0.06290  -0.15785   0.94746   31.38263;
 0.00000   0.00000   0.00000   1.00000;
reducing scale to 0.0625
iteration took 0 minutes and 12 seconds.
****************************************
Nine parameter search.  iteration 4 nscales = 2 ...
****************************************
Result so far: scale 0.062: max_log_p=-3.522, old_max_log_p =-3.532 (thresh=-3.5)
 0.98060  -0.07494   0.05294   1.29712;
 0.06503   1.06008   0.17575  -10.57413;
-0.06312  -0.15841   0.95079   31.12214;
 0.00000   0.00000   0.00000   1.00000;
iteration took 0 minutes and 12 seconds.
****************************************
Nine parameter search.  iteration 5 nscales = 2 ...
****************************************
Result so far: scale 0.062: max_log_p=-3.519, old_max_log_p =-3.522 (thresh=-3.5)
 0.98060  -0.07494   0.05294   1.29712;
 0.06503   1.06008   0.17575  -10.57413;
-0.06320  -0.15860   0.95191   31.03527;
 0.00000   0.00000   0.00000   1.00000;
min search scale 0.025000 reached
***********************************************
Computing MAP estimate using 2841 samples...
***********************************************
dt = 5.00e-06, momentum=0.80, tol=1.00e-05
l_intensity = 1.0000
Aligning input volume to GCA...
Transform matrix
 0.98060  -0.07494   0.05294   1.29712;
 0.06503   1.06008   0.17575  -10.57413;
-0.06320  -0.15860   0.95191   31.03527;
 0.00000   0.00000   0.00000   1.00000;
nsamples 2841
Quasinewton: input matrix
 0.98060  -0.07494   0.05294   1.29712;
 0.06503   1.06008   0.17575  -10.57413;
-0.06320  -0.15860   0.95191   31.03527;
 0.00000   0.00000   0.00000   1.00000;
 IFLAG= -1  LINE SEARCH FAILED. SEE DOCUMENTATION OF ROUTINE MCSRCH ERROR RETURN OF LINE SEARCH: INFO= 3 POSSIBLE CAUSES: FUNCTION OR GRADIENT ARE INCORRECT OR INCORRECT TOLERANCESoutof QuasiNewtonEMA: 008: -log(p) =   -0.0  tol 0.000010
Resulting transform:
 0.98060  -0.07494   0.05294   1.29712;
 0.06503   1.06008   0.17575  -10.57413;
-0.06320  -0.15860   0.95191   31.03527;
 0.00000   0.00000   0.00000   1.00000;

pass 1, spacing 8: log(p) = -3.519 (old=-4.554)
transform before final EM align:
 0.98060  -0.07494   0.05294   1.29712;
 0.06503   1.06008   0.17575  -10.57413;
-0.06320  -0.15860   0.95191   31.03527;
 0.00000   0.00000   0.00000   1.00000;

**************************************************
 EM alignment process ...
 Computing final MAP estimate using 315638 samples. 
**************************************************
dt = 5.00e-06, momentum=0.80, tol=1.00e-07
l_intensity = 1.0000
Aligning input volume to GCA...
Transform matrix
 0.98060  -0.07494   0.05294   1.29712;
 0.06503   1.06008   0.17575  -10.57413;
-0.06320  -0.15860   0.95191   31.03527;
 0.00000   0.00000   0.00000   1.00000;
nsamples 315638
Quasinewton: input matrix
 0.98060  -0.07494   0.05294   1.29712;
 0.06503   1.06008   0.17575  -10.57413;
-0.06320  -0.15860   0.95191   31.03527;
 0.00000   0.00000   0.00000   1.00000;
 IFLAG= -1  LINE SEARCH FAILED. SEE DOCUMENTATION OF ROUTINE MCSRCH ERROR RETURN OF LINE SEARCH: INFO= 6 POSSIBLE CAUSES: FUNCTION OR GRADIENT ARE INCORRECT OR INCORRECT TOLERANCESoutof QuasiNewtonEMA: 010: -log(p) =    4.0  tol 0.000000
final transform:
 0.98060  -0.07494   0.05294   1.29712;
 0.06503   1.06008   0.17575  -10.57413;
-0.06320  -0.15860   0.95191   31.03527;
 0.00000   0.00000   0.00000   1.00000;

writing output transformation to transforms/talairach.lta...
#VMPC# mri_em_register VmPeak  891280
FSRUNTIME@ mri_em_register  0.0311 hours 16 threads
registration took 1 minutes and 52 seconds.

Started at Mon Mar 9 21:58:05 CET 2026 
Ended   at Mon Mar 9 21:59:57 CET 2026
#@#%# recon-all-run-time-hours 0.031
recon-all -s sub-v1s2x0051473_ses-1 finished without error at Mon Mar  9 21:59:57 CET 2026



#New# invocation of recon-all 




Mon Mar  9 22:00:00 CET 2026
cd /out/sourcedata/freesurfer/sub-v1s2x0051473_ses-1
setenv SUBJECTS_DIR /out/sourcedata/freesurfer
/opt/freesurfer/bin/recon-all -autorecon2-volonly -openmp 16 -subjid sub-v1s2x0051473_ses-1 -sd /out/sourcedata/freesurfer -nogcareg

subjid sub-v1s2x0051473_ses-1
setenv SUBJECTS_DIR /out/sourcedata/freesurfer
FREESURFER_HOME /opt/freesurfer
Actual FREESURFER_HOME /opt/freesurfer
build-stamp.txt: freesurfer-linux-ubuntu22_x86_64-7.3.2-20220804-6354275
Linux dna006 5.14.0-427.37.1.el9_4.x86_64 #1 SMP PREEMPT_DYNAMIC Fri Sep 13 12:41:50 EDT 2024 x86_64 x86_64 x86_64 GNU/Linux
cputime      unlimited
filesize     unlimited
datasize     unlimited
stacksize    8192 kbytes
coredumpsize 0 kbytes
memoryuse    67108864 kbytes
vmemoryuse   unlimited
descriptors  1024 
memorylocked unlimited
maxproc      2061970 
maxlocks     unlimited
maxsignal    2061970 
maxmessage   819200 
maxnice      0 
maxrtprio    0 
maxrttime    unlimited

               total        used        free      shared  buff/cache   available
Mem:           503Gi        44Gi       407Gi       9.9Gi        51Gi       446Gi
Swap:             0B          0B          0B

########################################
program versions used
7.3.2 (freesurfer-linux-ubuntu22_x86_64-7.3.2-20220804-6354275)
7.3.2

ProgramName: lta_convert  ProgramArguments: lta_convert -all-info  ProgramVersion: 7.3.2  TimeStamp: 2026/03/09-21:00:00-GMT  BuildTime: Aug  4 2022 06:17:15  BuildStamp: freesurfer-linux-ubuntu22_x86_64-7.3.2-20220804-6354275  User: oesteban  Machine: dna006  Platform: Linux  PlatformVersion: 5.14.0-427.37.1.el9_4.x86_64  CompilerName: GCC  CompilerVersion: 8.4.0
ProgramName: mri_and  ProgramArguments: mri_and -all-info  ProgramVersion: 7.3.2  TimeStamp: 2026/03/09-21:00:00-GMT  BuildTime: Aug  4 2022 06:17:15  BuildStamp: freesurfer-linux-ubuntu22_x86_64-7.3.2-20220804-6354275  User: oesteban  Machine: dna006  Platform: Linux  PlatformVersion: 5.14.0-427.37.1.el9_4.x86_64  CompilerName: GCC  CompilerVersion: 8.4.0
ProgramName: mri_annotation2label  ProgramArguments: mri_annotation2label -all-info  ProgramVersion: 7.3.2  TimeStamp: 2026/03/09-21:00:00-GMT  BuildTime: Aug  4 2022 06:17:15  BuildStamp: freesurfer-linux-ubuntu22_x86_64-7.3.2-20220804-6354275  User: oesteban  Machine: dna006  Platform: Linux  PlatformVersion: 5.14.0-427.37.1.el9_4.x86_64  CompilerName: GCC  CompilerVersion: 8.4.0
ProgramName: mri_aparc2aseg  ProgramArguments: mri_aparc2aseg -all-info  ProgramVersion: 7.3.2  TimeStamp: 2026/03/09-21:00:00-GMT  BuildTime: Aug  4 2022 06:17:15  BuildStamp: freesurfer-linux-ubuntu22_x86_64-7.3.2-20220804-6354275  User: oesteban  Machine: dna006  Platform: Linux  PlatformVersion: 5.14.0-427.37.1.el9_4.x86_64  CompilerName: GCC  CompilerVersion: 8.4.0
ProgramName: mri_surf2volseg  ProgramArguments: mri_surf2volseg -all-info  ProgramVersion: 7.3.2  TimeStamp: 2026/03/09-21:00:00-GMT  BuildTime: Aug  4 2022 06:17:15  BuildStamp: freesurfer-linux-ubuntu22_x86_64-7.3.2-20220804-6354275  User: oesteban  Machine: dna006  Platform: Linux  PlatformVersion: 5.14.0-427.37.1.el9_4.x86_64  CompilerName: GCC  CompilerVersion: 8.4.0
ProgramName: mri_binarize  ProgramArguments: mri_binarize -all-info  ProgramVersion: 7.3.2  TimeStamp: 2026/03/09-21:00:00-GMT  BuildTime: Aug  4 2022 06:17:15  BuildStamp: freesurfer-linux-ubuntu22_x86_64-7.3.2-20220804-6354275  User: oesteban  Machine: dna006  Platform: Linux  PlatformVersion: 5.14.0-427.37.1.el9_4.x86_64  CompilerName: GCC  CompilerVersion: 8.4.0
ProgramName: mri_ca_label  ProgramArguments: mri_ca_label -all-info  ProgramVersion: 7.3.2  TimeStamp: 2026/03/09-21:00:00-GMT  BuildTime: Aug  4 2022 06:17:15  BuildStamp: freesurfer-linux-ubuntu22_x86_64-7.3.2-20220804-6354275  User: oesteban  Machine: dna006  Platform: Linux  PlatformVersion: 5.14.0-427.37.1.el9_4.x86_64  CompilerName: GCC  CompilerVersion: 8.4.0
ProgramName: mri_ca_normalize  ProgramArguments: mri_ca_normalize -all-info  ProgramVersion: 7.3.2  TimeStamp: 2026/03/09-21:00:00-GMT  BuildTime: Aug  4 2022 06:17:15  BuildStamp: freesurfer-linux-ubuntu22_x86_64-7.3.2-20220804-6354275  User: oesteban  Machine: dna006  Platform: Linux  PlatformVersion: 5.14.0-427.37.1.el9_4.x86_64  CompilerName: GCC  CompilerVersion: 8.4.0
ProgramName: mri_ca_register  ProgramArguments: mri_ca_register -all-info  ProgramVersion: 7.3.2  TimeStamp: 2026/03/09-21:00:00-GMT  BuildTime: Aug  4 2022 06:17:15  BuildStamp: freesurfer-linux-ubuntu22_x86_64-7.3.2-20220804-6354275  User: oesteban  Machine: dna006  Platform: Linux  PlatformVersion: 5.14.0-427.37.1.el9_4.x86_64  CompilerName: GCC  CompilerVersion: 8.4.0
ProgramName: mri_cc  ProgramArguments: mri_cc -all-info  ProgramVersion: 7.3.2  TimeStamp: 2026/03/09-21:00:00-GMT  BuildTime: Aug  4 2022 06:17:15  BuildStamp: freesurfer-linux-ubuntu22_x86_64-7.3.2-20220804-6354275  User: oesteban  Machine: dna006  Platform: Linux  PlatformVersion: 5.14.0-427.37.1.el9_4.x86_64  CompilerName: GCC  CompilerVersion: 8.4.0
ProgramName: mri_compute_overlap  ProgramArguments: mri_compute_overlap -all-info  ProgramVersion: 7.3.2  TimeStamp: 2026/03/09-21:00:00-GMT  BuildTime: Aug  4 2022 06:17:15  BuildStamp: freesurfer-linux-ubuntu22_x86_64-7.3.2-20220804-6354275  User: oesteban  Machine: dna006  Platform: Linux  PlatformVersion: 5.14.0-427.37.1.el9_4.x86_64  CompilerName: GCC  CompilerVersion: 8.4.0
ProgramName: mri_compute_seg_overlap  ProgramArguments: mri_compute_seg_overlap -all-info  ProgramVersion: 7.3.2  TimeStamp: 2026/03/09-21:00:00-GMT  BuildTime: Aug  4 2022 06:17:15  BuildStamp: freesurfer-linux-ubuntu22_x86_64-7.3.2-20220804-6354275  User: oesteban  Machine: dna006  Platform: Linux  PlatformVersion: 5.14.0-427.37.1.el9_4.x86_64  CompilerName: GCC  CompilerVersion: 8.4.0
ProgramName: mri_concat  ProgramArguments: mri_concat -all-info  ProgramVersion: 7.3.2  TimeStamp: 2026/03/09-21:00:00-GMT  BuildTime: Aug  4 2022 06:17:15  BuildStamp: freesurfer-linux-ubuntu22_x86_64-7.3.2-20220804-6354275  User: oesteban  Machine: dna006  Platform: Linux  PlatformVersion: 5.14.0-427.37.1.el9_4.x86_64  CompilerName: GCC  CompilerVersion: 8.4.0
ProgramName: mri_concatenate_lta  ProgramArguments: mri_concatenate_lta -all-info  ProgramVersion: 7.3.2  TimeStamp: 2026/03/09-21:00:00-GMT  BuildTime: Aug  4 2022 06:17:15  BuildStamp: freesurfer-linux-ubuntu22_x86_64-7.3.2-20220804-6354275  User: oesteban  Machine: dna006  Platform: Linux  PlatformVersion: 5.14.0-427.37.1.el9_4.x86_64  CompilerName: GCC  CompilerVersion: 8.4.0
mri_convert -all-info 
ProgramName: mri_convert  ProgramArguments: mri_convert -all-info  ProgramVersion: 7.3.2  TimeStamp: 2026/03/09-21:00:00-GMT  BuildTime: Aug  4 2022 06:17:15  BuildStamp: freesurfer-linux-ubuntu22_x86_64-7.3.2-20220804-6354275  User: oesteban  Machine: dna006  Platform: Linux  PlatformVersion: 5.14.0-427.37.1.el9_4.x86_64  CompilerName: GCC  CompilerVersion: 8.4.0
ProgramName: mri_diff  ProgramArguments: mri_diff -all-info  ProgramVersion: 7.3.2  TimeStamp: 2026/03/09-21:00:00-GMT  BuildTime: Aug  4 2022 06:17:15  BuildStamp: freesurfer-linux-ubuntu22_x86_64-7.3.2-20220804-6354275  User: oesteban  Machine: dna006  Platform: Linux  PlatformVersion: 5.14.0-427.37.1.el9_4.x86_64  CompilerName: GCC  CompilerVersion: 8.4.0
ProgramName: mri_edit_wm_with_aseg  ProgramArguments: mri_edit_wm_with_aseg -all-info  ProgramVersion: 7.3.2  TimeStamp: 2026/03/09-21:00:00-GMT  BuildTime: Aug  4 2022 06:17:15  BuildStamp: freesurfer-linux-ubuntu22_x86_64-7.3.2-20220804-6354275  User: oesteban  Machine: dna006  Platform: Linux  PlatformVersion: 5.14.0-427.37.1.el9_4.x86_64  CompilerName: GCC  CompilerVersion: 8.4.0
ProgramName: mri_em_register  ProgramArguments: mri_em_register -all-info  ProgramVersion: 7.3.2  TimeStamp: 2026/03/09-21:00:00-GMT  BuildTime: Aug  4 2022 06:17:15  BuildStamp: freesurfer-linux-ubuntu22_x86_64-7.3.2-20220804-6354275  User: oesteban  Machine: dna006  Platform: Linux  PlatformVersion: 5.14.0-427.37.1.el9_4.x86_64  CompilerName: GCC  CompilerVersion: 8.4.0
ProgramName: mri_fill  ProgramArguments: mri_fill -all-info  ProgramVersion: 7.3.2  TimeStamp: 2026/03/09-21:00:00-GMT  BuildTime: Aug  4 2022 06:17:15  BuildStamp: freesurfer-linux-ubuntu22_x86_64-7.3.2-20220804-6354275  User: oesteban  Machine: dna006  Platform: Linux  PlatformVersion: 5.14.0-427.37.1.el9_4.x86_64  CompilerName: GCC  CompilerVersion: 8.4.0
ProgramName: mri_fuse_segmentations  ProgramArguments: mri_fuse_segmentations -all-info  ProgramVersion: 7.3.2  TimeStamp: 2026/03/09-21:00:00-GMT  BuildTime: Aug  4 2022 06:17:15  BuildStamp: freesurfer-linux-ubuntu22_x86_64-7.3.2-20220804-6354275  User: oesteban  Machine: dna006  Platform: Linux  PlatformVersion: 5.14.0-427.37.1.el9_4.x86_64  CompilerName: GCC  CompilerVersion: 8.4.0
ProgramName: mri_fwhm  ProgramArguments: mri_fwhm -all-info  ProgramVersion: 7.3.2  TimeStamp: 2026/03/09-21:00:00-GMT  BuildTime: Aug  4 2022 06:17:15  BuildStamp: freesurfer-linux-ubuntu22_x86_64-7.3.2-20220804-6354275  User: oesteban  Machine: dna006  Platform: Linux  PlatformVersion: 5.14.0-427.37.1.el9_4.x86_64  CompilerName: GCC  CompilerVersion: 8.4.0
ProgramName: mri_gcut  ProgramArguments: mri_gcut -all-info  ProgramVersion: 7.3.2  TimeStamp: 2026/03/09-21:00:00-GMT  BuildTime: Aug  4 2022 06:17:15  BuildStamp: freesurfer-linux-ubuntu22_x86_64-7.3.2-20220804-6354275  User: oesteban  Machine: dna006  Platform: Linux  PlatformVersion: 5.14.0-427.37.1.el9_4.x86_64  CompilerName: GCC  CompilerVersion: 8.4.0
ProgramName: mri_info  ProgramArguments: mri_info -all-info  ProgramVersion: 7.3.2  TimeStamp: 2026/03/09-21:00:00-GMT  BuildTime: Aug  4 2022 06:17:15  BuildStamp: freesurfer-linux-ubuntu22_x86_64-7.3.2-20220804-6354275  User: oesteban  Machine: dna006  Platform: Linux  PlatformVersion: 5.14.0-427.37.1.el9_4.x86_64  CompilerName: GCC  CompilerVersion: 8.4.0
ProgramName: mri_label2label  ProgramArguments: mri_label2label -all-info  ProgramVersion: 7.3.2  TimeStamp: 2026/03/09-21:00:00-GMT  BuildTime: Aug  4 2022 06:17:15  BuildStamp: freesurfer-linux-ubuntu22_x86_64-7.3.2-20220804-6354275  User: oesteban  Machine: dna006  Platform: Linux  PlatformVersion: 5.14.0-427.37.1.el9_4.x86_64  CompilerName: GCC  CompilerVersion: 8.4.0
ProgramName: mri_label2vol  ProgramArguments: mri_label2vol -all-info  ProgramVersion: 7.3.2  TimeStamp: 2026/03/09-21:00:00-GMT  BuildTime: Aug  4 2022 06:17:15  BuildStamp: freesurfer-linux-ubuntu22_x86_64-7.3.2-20220804-6354275  User: oesteban  Machine: dna006  Platform: Linux  PlatformVersion: 5.14.0-427.37.1.el9_4.x86_64  CompilerName: GCC  CompilerVersion: 8.4.0
ProgramName: mri_log_likelihood  ProgramArguments: mri_log_likelihood -all-info  ProgramVersion: 7.3.2  TimeStamp: 2026/03/09-21:00:00-GMT  BuildTime: Aug  4 2022 06:17:15  BuildStamp: freesurfer-linux-ubuntu22_x86_64-7.3.2-20220804-6354275  User: oesteban  Machine: dna006  Platform: Linux  PlatformVersion: 5.14.0-427.37.1.el9_4.x86_64  CompilerName: GCC  CompilerVersion: 8.4.0
ProgramName: mri_mask  ProgramArguments: mri_mask -all-info  ProgramVersion: 7.3.2  TimeStamp: 2026/03/09-21:00:00-GMT  BuildTime: Aug  4 2022 06:17:15  BuildStamp: freesurfer-linux-ubuntu22_x86_64-7.3.2-20220804-6354275  User: oesteban  Machine: dna006  Platform: Linux  PlatformVersion: 5.14.0-427.37.1.el9_4.x86_64  CompilerName: GCC  CompilerVersion: 8.4.0
ProgramName: mri_matrix_multiply  ProgramArguments: mri_matrix_multiply -all-info  ProgramVersion: 7.3.2  TimeStamp: 2026/03/09-21:00:00-GMT  BuildTime: Aug  4 2022 06:17:15  BuildStamp: freesurfer-linux-ubuntu22_x86_64-7.3.2-20220804-6354275  User: oesteban  Machine: dna006  Platform: Linux  PlatformVersion: 5.14.0-427.37.1.el9_4.x86_64  CompilerName: GCC  CompilerVersion: 8.4.0
ProgramName: mri_normalize  ProgramArguments: mri_normalize -all-info  ProgramVersion: 7.3.2  TimeStamp: 2026/03/09-21:00:00-GMT  BuildTime: Aug  4 2022 06:17:15  BuildStamp: freesurfer-linux-ubuntu22_x86_64-7.3.2-20220804-6354275  User: oesteban  Machine: dna006  Platform: Linux  PlatformVersion: 5.14.0-427.37.1.el9_4.x86_64  CompilerName: GCC  CompilerVersion: 8.4.0
ProgramName: mri_normalize_tp2  ProgramArguments: mri_normalize_tp2 -all-info  ProgramVersion: 7.3.2  TimeStamp: 2026/03/09-21:00:00-GMT  BuildTime: Aug  4 2022 06:17:15  BuildStamp: freesurfer-linux-ubuntu22_x86_64-7.3.2-20220804-6354275  User: oesteban  Machine: dna006  Platform: Linux  PlatformVersion: 5.14.0-427.37.1.el9_4.x86_64  CompilerName: GCC  CompilerVersion: 8.4.0
ProgramName: mri_or  ProgramArguments: mri_or -all-info  ProgramVersion: 7.3.2  TimeStamp: 2026/03/09-21:00:00-GMT  BuildTime: Aug  4 2022 06:17:15  BuildStamp: freesurfer-linux-ubuntu22_x86_64-7.3.2-20220804-6354275  User: oesteban  Machine: dna006  Platform: Linux  PlatformVersion: 5.14.0-427.37.1.el9_4.x86_64  CompilerName: GCC  CompilerVersion: 8.4.0
ProgramName: mri_relabel_hypointensities  ProgramArguments: mri_relabel_hypointensities -all-info  ProgramVersion: 7.3.2  TimeStamp: 2026/03/09-21:00:00-GMT  BuildTime: Aug  4 2022 06:17:15  BuildStamp: freesurfer-linux-ubuntu22_x86_64-7.3.2-20220804-6354275  User: oesteban  Machine: dna006  Platform: Linux  PlatformVersion: 5.14.0-427.37.1.el9_4.x86_64  CompilerName: GCC  CompilerVersion: 8.4.0
ProgramName: mri_relabel_nonwm_hypos  ProgramArguments: mri_relabel_nonwm_hypos -all-info  ProgramVersion: 7.3.2  TimeStamp: 2026/03/09-21:00:00-GMT  BuildTime: Aug  4 2022 06:17:15  BuildStamp: freesurfer-linux-ubuntu22_x86_64-7.3.2-20220804-6354275  User: oesteban  Machine: dna006  Platform: Linux  PlatformVersion: 5.14.0-427.37.1.el9_4.x86_64  CompilerName: GCC  CompilerVersion: 8.4.0
ProgramName: mri_remove_neck  ProgramArguments: mri_remove_neck -all-info  ProgramVersion: 7.3.2  TimeStamp: 2026/03/09-21:00:00-GMT  BuildTime: Aug  4 2022 06:17:15  BuildStamp: freesurfer-linux-ubuntu22_x86_64-7.3.2-20220804-6354275  User: oesteban  Machine: dna006  Platform: Linux  PlatformVersion: 5.14.0-427.37.1.el9_4.x86_64  CompilerName: GCC  CompilerVersion: 8.4.0
7.3.2

ProgramName: mri_robust_register  ProgramArguments: mri_robust_register -all-info  ProgramVersion: 7.3.2  TimeStamp: 2026/03/09-21:00:00-GMT  BuildTime: Aug  4 2022 06:17:15  BuildStamp: freesurfer-linux-ubuntu22_x86_64-7.3.2-20220804-6354275  User: oesteban  Machine: dna006  Platform: Linux  PlatformVersion: 5.14.0-427.37.1.el9_4.x86_64  CompilerName: GCC  CompilerVersion: 8.4.0
7.3.2

ProgramName: mri_robust_template  ProgramArguments: mri_robust_template -all-info  ProgramVersion: 7.3.2  TimeStamp: 2026/03/09-21:00:00-GMT  BuildTime: Aug  4 2022 06:17:15  BuildStamp: freesurfer-linux-ubuntu22_x86_64-7.3.2-20220804-6354275  User: oesteban  Machine: dna006  Platform: Linux  PlatformVersion: 5.14.0-427.37.1.el9_4.x86_64  CompilerName: GCC  CompilerVersion: 8.4.0
ProgramName: mris_anatomical_stats  ProgramArguments: mris_anatomical_stats -all-info  ProgramVersion: 7.3.2  TimeStamp: 2026/03/09-21:00:00-GMT  BuildTime: Aug  4 2022 06:17:15  BuildStamp: freesurfer-linux-ubuntu22_x86_64-7.3.2-20220804-6354275  User: oesteban  Machine: dna006  Platform: Linux  PlatformVersion: 5.14.0-427.37.1.el9_4.x86_64  CompilerName: GCC  CompilerVersion: 8.4.0
ProgramName: mris_ca_label  ProgramArguments: mris_ca_label -all-info  ProgramVersion: 7.3.2  TimeStamp: 2026/03/09-21:00:00-GMT  BuildTime: Aug  4 2022 06:17:15  BuildStamp: freesurfer-linux-ubuntu22_x86_64-7.3.2-20220804-6354275  User: oesteban  Machine: dna006  Platform: Linux  PlatformVersion: 5.14.0-427.37.1.el9_4.x86_64  CompilerName: GCC  CompilerVersion: 8.4.0
ProgramName: mris_calc  ProgramArguments: mris_calc -all-info  ProgramVersion: 7.3.2  TimeStamp: 2026/03/09-21:00:00-GMT  BuildTime: Aug  4 2022 06:17:15  BuildStamp: freesurfer-linux-ubuntu22_x86_64-7.3.2-20220804-6354275  User: oesteban  Machine: dna006  Platform: Linux  PlatformVersion: 5.14.0-427.37.1.el9_4.x86_64  CompilerName: GCC  CompilerVersion: 8.4.0
ProgramName: mris_convert  ProgramArguments: mris_convert -all-info  ProgramVersion: 7.3.2  TimeStamp: 2026/03/09-21:00:00-GMT  BuildTime: Aug  4 2022 06:17:15  BuildStamp: freesurfer-linux-ubuntu22_x86_64-7.3.2-20220804-6354275  User: oesteban  Machine: dna006  Platform: Linux  PlatformVersion: 5.14.0-427.37.1.el9_4.x86_64  CompilerName: GCC  CompilerVersion: 8.4.0
ProgramName: mris_curvature  ProgramArguments: mris_curvature -all-info  ProgramVersion: 7.3.2  TimeStamp: 2026/03/09-21:00:00-GMT  BuildTime: Aug  4 2022 06:17:15  BuildStamp: freesurfer-linux-ubuntu22_x86_64-7.3.2-20220804-6354275  User: oesteban  Machine: dna006  Platform: Linux  PlatformVersion: 5.14.0-427.37.1.el9_4.x86_64  CompilerName: GCC  CompilerVersion: 8.4.0
ProgramName: mris_curvature_stats  ProgramArguments: mris_curvature_stats -all-info  ProgramVersion: 7.3.2  TimeStamp: 2026/03/09-21:00:00-GMT  BuildTime: Aug  4 2022 06:17:15  BuildStamp: freesurfer-linux-ubuntu22_x86_64-7.3.2-20220804-6354275  User: oesteban  Machine: dna006  Platform: Linux  PlatformVersion: 5.14.0-427.37.1.el9_4.x86_64  CompilerName: GCC  CompilerVersion: 8.4.0
ProgramName: mris_diff  ProgramArguments: mris_diff -all-info  ProgramVersion: 7.3.2  TimeStamp: 2026/03/09-21:00:00-GMT  BuildTime: Aug  4 2022 06:17:15  BuildStamp: freesurfer-linux-ubuntu22_x86_64-7.3.2-20220804-6354275  User: oesteban  Machine: dna006  Platform: Linux  PlatformVersion: 5.14.0-427.37.1.el9_4.x86_64  CompilerName: GCC  CompilerVersion: 8.4.0
ProgramName: mris_divide_parcellation  ProgramArguments: mris_divide_parcellation -all-info  ProgramVersion: 7.3.2  TimeStamp: 2026/03/09-21:00:00-GMT  BuildTime: Aug  4 2022 06:17:15  BuildStamp: freesurfer-linux-ubuntu22_x86_64-7.3.2-20220804-6354275  User: oesteban  Machine: dna006  Platform: Linux  PlatformVersion: 5.14.0-427.37.1.el9_4.x86_64  CompilerName: GCC  CompilerVersion: 8.4.0
ProgramName: mri_segment  ProgramArguments: mri_segment -all-info  ProgramVersion: 7.3.2  TimeStamp: 2026/03/09-21:00:00-GMT  BuildTime: Aug  4 2022 06:17:15  BuildStamp: freesurfer-linux-ubuntu22_x86_64-7.3.2-20220804-6354275  User: oesteban  Machine: dna006  Platform: Linux  PlatformVersion: 5.14.0-427.37.1.el9_4.x86_64  CompilerName: GCC  CompilerVersion: 8.4.0
ProgramName: mri_segstats  ProgramArguments: mri_segstats -all-info  ProgramVersion: 7.3.2  TimeStamp: 2026/03/09-21:00:00-GMT  BuildTime: Aug  4 2022 06:17:15  BuildStamp: freesurfer-linux-ubuntu22_x86_64-7.3.2-20220804-6354275  User: oesteban  Machine: dna006  Platform: Linux  PlatformVersion: 5.14.0-427.37.1.el9_4.x86_64  CompilerName: GCC  CompilerVersion: 8.4.0
ProgramName: mris_euler_number  ProgramArguments: mris_euler_number -all-info  ProgramVersion: 7.3.2  TimeStamp: 2026/03/09-21:00:00-GMT  BuildTime: Aug  4 2022 06:17:15  BuildStamp: freesurfer-linux-ubuntu22_x86_64-7.3.2-20220804-6354275  User: oesteban  Machine: dna006  Platform: Linux  PlatformVersion: 5.14.0-427.37.1.el9_4.x86_64  CompilerName: GCC  CompilerVersion: 8.4.0
ProgramName: mris_fix_topology  ProgramArguments: mris_fix_topology -all-info  ProgramVersion: 7.3.2  TimeStamp: 2026/03/09-21:00:00-GMT  BuildTime: Aug  4 2022 06:17:15  BuildStamp: freesurfer-linux-ubuntu22_x86_64-7.3.2-20220804-6354275  User: oesteban  Machine: dna006  Platform: Linux  PlatformVersion: 5.14.0-427.37.1.el9_4.x86_64  CompilerName: GCC  CompilerVersion: 8.4.0
ProgramName: mris_topo_fixer  ProgramArguments: mris_topo_fixer -all-info  ProgramVersion: 7.3.2  TimeStamp: 2026/03/09-21:00:00-GMT  BuildTime: Aug  4 2022 06:17:15  BuildStamp: freesurfer-linux-ubuntu22_x86_64-7.3.2-20220804-6354275  User: oesteban  Machine: dna006  Platform: Linux  PlatformVersion: 5.14.0-427.37.1.el9_4.x86_64  CompilerName: GCC  CompilerVersion: 8.4.0
ProgramName: mris_jacobian  ProgramArguments: mris_jacobian -all-info  ProgramVersion: 7.3.2  TimeStamp: 2026/03/09-21:00:00-GMT  BuildTime: Aug  4 2022 06:17:15  BuildStamp: freesurfer-linux-ubuntu22_x86_64-7.3.2-20220804-6354275  User: oesteban  Machine: dna006  Platform: Linux  PlatformVersion: 5.14.0-427.37.1.el9_4.x86_64  CompilerName: GCC  CompilerVersion: 8.4.0
ProgramName: mris_label2annot  ProgramArguments: mris_label2annot -all-info  ProgramVersion: 7.3.2  TimeStamp: 2026/03/09-21:00:00-GMT  BuildTime: Aug  4 2022 06:17:15  BuildStamp: freesurfer-linux-ubuntu22_x86_64-7.3.2-20220804-6354275  User: oesteban  Machine: dna006  Platform: Linux  PlatformVersion: 5.14.0-427.37.1.el9_4.x86_64  CompilerName: GCC  CompilerVersion: 8.4.0
ProgramName: mris_left_right_register  ProgramArguments: mris_left_right_register -all-info  ProgramVersion: 7.3.2  TimeStamp: 2026/03/09-21:00:00-GMT  BuildTime: Aug  4 2022 06:17:15  BuildStamp: freesurfer-linux-ubuntu22_x86_64-7.3.2-20220804-6354275  User: oesteban  Machine: dna006  Platform: Linux  PlatformVersion: 5.14.0-427.37.1.el9_4.x86_64  CompilerName: GCC  CompilerVersion: 8.4.0
ProgramName: mris_place_surface  ProgramArguments: mris_place_surface -all-info  ProgramVersion: 7.3.2  TimeStamp: 2026/03/09-21:00:00-GMT  BuildTime: Aug  4 2022 06:17:15  BuildStamp: freesurfer-linux-ubuntu22_x86_64-7.3.2-20220804-6354275  User: oesteban  Machine: dna006  Platform: Linux  PlatformVersion: 5.14.0-427.37.1.el9_4.x86_64  CompilerName: GCC  CompilerVersion: 8.4.0
ProgramName: mrisp_paint  ProgramArguments: mrisp_paint -all-info  ProgramVersion: 7.3.2  TimeStamp: 2026/03/09-21:00:00-GMT  BuildTime: Aug  4 2022 06:17:15  BuildStamp: freesurfer-linux-ubuntu22_x86_64-7.3.2-20220804-6354275  User: oesteban  Machine: dna006  Platform: Linux  PlatformVersion: 5.14.0-427.37.1.el9_4.x86_64  CompilerName: GCC  CompilerVersion: 8.4.0
ProgramName: mris_register  ProgramArguments: mris_register -all-info  ProgramVersion: 7.3.2  TimeStamp: 2026/03/09-21:00:00-GMT  BuildTime: Aug  4 2022 06:17:15  BuildStamp: freesurfer-linux-ubuntu22_x86_64-7.3.2-20220804-6354275  User: oesteban  Machine: dna006  Platform: Linux  PlatformVersion: 5.14.0-427.37.1.el9_4.x86_64  CompilerName: GCC  CompilerVersion: 8.4.0
ProgramName: mris_smooth  ProgramArguments: mris_smooth -all-info  ProgramVersion: 7.3.2  TimeStamp: 2026/03/09-21:00:00-GMT  BuildTime: Aug  4 2022 06:17:15  BuildStamp: freesurfer-linux-ubuntu22_x86_64-7.3.2-20220804-6354275  User: oesteban  Machine: dna006  Platform: Linux  PlatformVersion: 5.14.0-427.37.1.el9_4.x86_64  CompilerName: GCC  CompilerVersion: 8.4.0
ProgramName: mris_sphere  ProgramArguments: mris_sphere -all-info  ProgramVersion: 7.3.2  TimeStamp: 2026/03/09-21:00:00-GMT  BuildTime: Aug  4 2022 06:17:15  BuildStamp: freesurfer-linux-ubuntu22_x86_64-7.3.2-20220804-6354275  User: oesteban  Machine: dna006  Platform: Linux  PlatformVersion: 5.14.0-427.37.1.el9_4.x86_64  CompilerName: GCC  CompilerVersion: 8.4.0
ProgramName: mris_surface_stats  ProgramArguments: mris_surface_stats -all-info  ProgramVersion: 7.3.2  TimeStamp: 2026/03/09-21:00:00-GMT  BuildTime: Aug  4 2022 06:17:15  BuildStamp: freesurfer-linux-ubuntu22_x86_64-7.3.2-20220804-6354275  User: oesteban  Machine: dna006  Platform: Linux  PlatformVersion: 5.14.0-427.37.1.el9_4.x86_64  CompilerName: GCC  CompilerVersion: 8.4.0
ProgramName: mri_stats2seg  ProgramArguments: mri_stats2seg -all-info  ProgramVersion: 7.3.2  TimeStamp: 2026/03/09-21:00:00-GMT  BuildTime: Aug  4 2022 06:17:15  BuildStamp: freesurfer-linux-ubuntu22_x86_64-7.3.2-20220804-6354275  User: oesteban  Machine: dna006  Platform: Linux  PlatformVersion: 5.14.0-427.37.1.el9_4.x86_64  CompilerName: GCC  CompilerVersion: 8.4.0
ProgramName: mris_thickness  ProgramArguments: mris_thickness -all-info  ProgramVersion: 7.3.2  TimeStamp: 2026/03/09-21:00:00-GMT  BuildTime: Aug  4 2022 06:17:15  BuildStamp: freesurfer-linux-ubuntu22_x86_64-7.3.2-20220804-6354275  User: oesteban  Machine: dna006  Platform: Linux  PlatformVersion: 5.14.0-427.37.1.el9_4.x86_64  CompilerName: GCC  CompilerVersion: 8.4.0
ProgramName: mris_thickness_diff  ProgramArguments: mris_thickness_diff -all-info  ProgramVersion: 7.3.2  TimeStamp: 2026/03/09-21:00:00-GMT  BuildTime: Aug  4 2022 06:17:15  BuildStamp: freesurfer-linux-ubuntu22_x86_64-7.3.2-20220804-6354275  User: oesteban  Machine: dna006  Platform: Linux  PlatformVersion: 5.14.0-427.37.1.el9_4.x86_64  CompilerName: GCC  CompilerVersion: 8.4.0
ProgramName: mris_topo_fixer  ProgramArguments: mris_topo_fixer -all-info  ProgramVersion: 7.3.2  TimeStamp: 2026/03/09-21:00:00-GMT  BuildTime: Aug  4 2022 06:17:15  BuildStamp: freesurfer-linux-ubuntu22_x86_64-7.3.2-20220804-6354275  User: oesteban  Machine: dna006  Platform: Linux  PlatformVersion: 5.14.0-427.37.1.el9_4.x86_64  CompilerName: GCC  CompilerVersion: 8.4.0
ProgramName: mri_surf2surf  ProgramArguments: mri_surf2surf -all-info  ProgramVersion: 7.3.2  TimeStamp: 2026/03/09-21:00:00-GMT  BuildTime: Aug  4 2022 06:17:15  BuildStamp: freesurfer-linux-ubuntu22_x86_64-7.3.2-20220804-6354275  User: oesteban  Machine: dna006  Platform: Linux  PlatformVersion: 5.14.0-427.37.1.el9_4.x86_64  CompilerName: GCC  CompilerVersion: 8.4.0
ProgramName: mri_surf2vol  ProgramArguments: mri_surf2vol -all-info  ProgramVersion: 7.3.2  TimeStamp: 2026/03/09-21:00:00-GMT  BuildTime: Aug  4 2022 06:17:15  BuildStamp: freesurfer-linux-ubuntu22_x86_64-7.3.2-20220804-6354275  User: oesteban  Machine: dna006  Platform: Linux  PlatformVersion: 5.14.0-427.37.1.el9_4.x86_64  CompilerName: GCC  CompilerVersion: 8.4.0
ProgramName: mri_surfcluster  ProgramArguments: mri_surfcluster -all-info  ProgramVersion: 7.3.2  TimeStamp: 2026/03/09-21:00:00-GMT  BuildTime: Aug  4 2022 06:17:15  BuildStamp: freesurfer-linux-ubuntu22_x86_64-7.3.2-20220804-6354275  User: oesteban  Machine: dna006  Platform: Linux  PlatformVersion: 5.14.0-427.37.1.el9_4.x86_64  CompilerName: GCC  CompilerVersion: 8.4.0
ProgramName: mris_volmask  ProgramArguments: mris_volmask -all-info  ProgramVersion: 7.3.2  TimeStamp: 2026/03/09-21:00:00-GMT  BuildTime: Aug  4 2022 06:17:15  BuildStamp: freesurfer-linux-ubuntu22_x86_64-7.3.2-20220804-6354275  User: oesteban  Machine: dna006  Platform: Linux  PlatformVersion: 5.14.0-427.37.1.el9_4.x86_64  CompilerName: GCC  CompilerVersion: 8.4.0
ProgramName: mri_tessellate  ProgramArguments: mri_tessellate -all-info  ProgramVersion: 7.3.2  TimeStamp: 2026/03/09-21:00:00-GMT  BuildTime: Aug  4 2022 06:17:15  BuildStamp: freesurfer-linux-ubuntu22_x86_64-7.3.2-20220804-6354275  User: oesteban  Machine: dna006  Platform: Linux  PlatformVersion: 5.14.0-427.37.1.el9_4.x86_64  CompilerName: GCC  CompilerVersion: 8.4.0
ProgramName: mri_vol2surf  ProgramArguments: mri_vol2surf -all-info  ProgramVersion: 7.3.2  TimeStamp: 2026/03/09-21:00:00-GMT  BuildTime: Aug  4 2022 06:17:15  BuildStamp: freesurfer-linux-ubuntu22_x86_64-7.3.2-20220804-6354275  User: oesteban  Machine: dna006  Platform: Linux  PlatformVersion: 5.14.0-427.37.1.el9_4.x86_64  CompilerName: GCC  CompilerVersion: 8.4.0
ProgramName: mri_vol2vol  ProgramArguments: mri_vol2vol -all-info  ProgramVersion: 7.3.2  TimeStamp: 2026/03/09-21:00:00-GMT  BuildTime: Aug  4 2022 06:17:15  BuildStamp: freesurfer-linux-ubuntu22_x86_64-7.3.2-20220804-6354275  User: oesteban  Machine: dna006  Platform: Linux  PlatformVersion: 5.14.0-427.37.1.el9_4.x86_64  CompilerName: GCC  CompilerVersion: 8.4.0
ProgramName: mri_voldiff  ProgramArguments: mri_voldiff -all-info  ProgramVersion: 7.3.2  TimeStamp: 2026/03/09-21:00:00-GMT  BuildTime: Aug  4 2022 06:17:15  BuildStamp: freesurfer-linux-ubuntu22_x86_64-7.3.2-20220804-6354275  User: oesteban  Machine: dna006  Platform: Linux  PlatformVersion: 5.14.0-427.37.1.el9_4.x86_64  CompilerName: GCC  CompilerVersion: 8.4.0
ProgramName: mri_watershed  ProgramArguments: mri_watershed -all-info  ProgramVersion: 7.3.2  TimeStamp: 2026/03/09-21:00:00-GMT  BuildTime: Aug  4 2022 06:17:15  BuildStamp: freesurfer-linux-ubuntu22_x86_64-7.3.2-20220804-6354275  User: oesteban  Machine: dna006  Platform: Linux  PlatformVersion: 5.14.0-427.37.1.el9_4.x86_64  CompilerName: GCC  CompilerVersion: 8.4.0
ProgramName: tkregister2  ProgramArguments: tkregister2_cmdl -all-info  ProgramVersion: 7.3.2  TimeStamp: 2026/03/09-21:00:00-GMT  BuildTime: Aug  4 2022 06:17:15  BuildStamp: freesurfer-linux-ubuntu22_x86_64-7.3.2-20220804-6354275  User: oesteban  Machine: dna006  Platform: Linux  PlatformVersion: 5.14.0-427.37.1.el9_4.x86_64  CompilerName: GCC  CompilerVersion: 8.4.0
mri_motion_correct.fsl 7.3.2
mri_convert -all-info 
ProgramName: mri_convert  ProgramArguments: mri_convert -all-info  ProgramVersion: 7.3.2  TimeStamp: 2026/03/09-21:00:00-GMT  BuildTime: Aug  4 2022 06:17:15  BuildStamp: freesurfer-linux-ubuntu22_x86_64-7.3.2-20220804-6354275  User: oesteban  Machine: dna006  Platform: Linux  PlatformVersion: 5.14.0-427.37.1.el9_4.x86_64  CompilerName: GCC  CompilerVersion: 8.4.0
Program nu_correct, built from:
Package MNI N3, version 1.12.0, compiled by nicks@terrier (x86_64-unknown-linux-gnu) on 2015-06-19 at 01:25:34
#######################################
GCADIR /opt/freesurfer/average
GCA RB_all_2020-01-02.gca
GCASkull RB_all_withskull_2020_01_02.gca
AvgCurvTif folding.atlas.acfb40.noaparc.i12.2016-08-02.tif
GCSDIR /opt/freesurfer/average
GCS DKaparc.atlas.acfb40.noaparc.i12.2016-08-02.gcs
#######################################
#--------------------------------------
#@# CA Normalize Mon Mar  9 22:00:00 CET 2026
/out/sourcedata/freesurfer/sub-v1s2x0051473_ses-1/mri

 mri_ca_normalize -c ctrl_pts.mgz -mask brainmask.mgz nu.mgz /opt/freesurfer/average/RB_all_2020-01-02.gca transforms/talairach.lta norm.mgz 

writing control point volume to ctrl_pts.mgz
using MR volume brainmask.mgz to mask input volume...
reading 1 input volume
reading atlas from '/opt/freesurfer/average/RB_all_2020-01-02.gca'...
reading transform from 'transforms/talairach.lta'...
reading input volume from nu.mgz...
resetting wm mean[0]: 98 --> 107
resetting gm mean[0]: 61 --> 61
input volume #1 is the most T1-like
using real data threshold=30.2
skull bounding box = (59, 34, 22) --> (199, 145, 202)
finding center of left hemi white matter
using (106, 71, 112) as brain centroid of Right_Cerebral_White_Matter...
mean wm in atlas = 107, using box (89,57,90) --> (123, 84,134) to find MRI wm
before smoothing, mri peak at 110
robust fit to distribution - 108 +- 3.5
after smoothing, mri peak at 108, scaling input intensities by 0.991
scaling channel 0 by 0.990741
using 246437 sample points...
INFO: compute sample coordinates transform
 0.98060  -0.07494   0.05294   1.29712;
 0.06503   1.06008   0.17575  -10.57413;
-0.06320  -0.15860   0.95191   31.03527;
 0.00000   0.00000   0.00000   1.00000;
INFO: transform used
finding control points in Left_Cerebral_White_Matter....
found 40230 control points for structure...
bounding box (127, 34, 24) --> (198, 140, 196)
Left_Cerebral_White_Matter: limiting intensities to 96.0 --> 132.0
35 of 8884 (0.4%) samples deleted
finding control points in Right_Cerebral_White_Matter....
found 39478 control points for structure...
bounding box (63, 38, 21) --> (132, 146, 195)
Right_Cerebral_White_Matter: limiting intensities to 96.0 --> 132.0
23 of 8437 (0.3%) samples deleted
finding control points in Left_Cerebellum_White_Matter....
found 3105 control points for structure...
bounding box (134, 116, 52) --> (185, 157, 108)
Left_Cerebellum_White_Matter: limiting intensities to 88.0 --> 132.0
2 of 262 (0.8%) samples deleted
finding control points in Right_Cerebellum_White_Matter....
found 2710 control points for structure...
bounding box (90, 116, 47) --> (134, 160, 107)
Right_Cerebellum_White_Matter: limiting intensities to 88.0 --> 132.0
7 of 28 (25.0%) samples deleted
finding control points in Brain_Stem....
found 3475 control points for structure...
bounding box (114, 107, 88) --> (150, 172, 119)
Brain_Stem: limiting intensities to 96.0 --> 132.0
101 of 421 (24.0%) samples deleted
using 18032 total control points for intensity normalization...
bias field = 0.987 +- 0.052
134 of 17864 control points discarded
finding control points in Left_Cerebral_White_Matter....
found 40230 control points for structure...
bounding box (127, 34, 24) --> (198, 140, 196)
Left_Cerebral_White_Matter: limiting intensities to 90.0 --> 132.0
41 of 8963 (0.5%) samples deleted
finding control points in Right_Cerebral_White_Matter....
found 39478 control points for structure...
bounding box (63, 38, 21) --> (132, 146, 195)
Right_Cerebral_White_Matter: limiting intensities to 91.0 --> 132.0
30 of 8560 (0.4%) samples deleted
finding control points in Left_Cerebellum_White_Matter....
found 3105 control points for structure...
bounding box (134, 116, 52) --> (185, 157, 108)
Left_Cerebellum_White_Matter: limiting intensities to 88.0 --> 132.0
74 of 280 (26.4%) samples deleted
finding control points in Right_Cerebellum_White_Matter....
found 2710 control points for structure...
bounding box (90, 116, 47) --> (134, 160, 107)
Right_Cerebellum_White_Matter: limiting intensities to 88.0 --> 132.0
73 of 78 (93.6%) samples deleted
finding control points in Brain_Stem....
found 3475 control points for structure...
bounding box (114, 107, 88) --> (150, 172, 119)
Brain_Stem: limiting intensities to 90.0 --> 132.0
244 of 527 (46.3%) samples deleted
using 18408 total control points for intensity normalization...
bias field = 1.047 +- 0.050
151 of 17870 control points discarded
finding control points in Left_Cerebral_White_Matter....
found 40230 control points for structure...
bounding box (127, 34, 24) --> (198, 140, 196)
Left_Cerebral_White_Matter: limiting intensities to 89.0 --> 132.0
43 of 8967 (0.5%) samples deleted
finding control points in Right_Cerebral_White_Matter....
found 39478 control points for structure...
bounding box (63, 38, 21) --> (132, 146, 195)
Right_Cerebral_White_Matter: limiting intensities to 91.0 --> 132.0
31 of 8539 (0.4%) samples deleted
finding control points in Left_Cerebellum_White_Matter....
found 3105 control points for structure...
bounding box (134, 116, 52) --> (185, 157, 108)
Left_Cerebellum_White_Matter: limiting intensities to 88.0 --> 132.0
137 of 289 (47.4%) samples deleted
finding control points in Right_Cerebellum_White_Matter....
found 2710 control points for structure...
bounding box (90, 116, 47) --> (134, 160, 107)
Right_Cerebellum_White_Matter: limiting intensities to 88.0 --> 132.0
72 of 74 (97.3%) samples deleted
finding control points in Brain_Stem....
found 3475 control points for structure...
bounding box (114, 107, 88) --> (150, 172, 119)
Brain_Stem: limiting intensities to 89.0 --> 132.0
293 of 563 (52.0%) samples deleted
using 18432 total control points for intensity normalization...
bias field = 1.043 +- 0.047
136 of 17758 control points discarded
writing normalized volume to norm.mgz...
writing control points to ctrl_pts.mgz
freeing GCA...done.
normalization took 1 minutes and 23 seconds.
#--------------------------------------
#@# CA Reg Mon Mar  9 22:01:23 CET 2026
/out/sourcedata/freesurfer/sub-v1s2x0051473_ses-1/mri

 mri_ca_register -nobigventricles -T transforms/talairach.lta -align-after -mask brainmask.mgz norm.mgz /opt/freesurfer/average/RB_all_2020-01-02.gca transforms/talairach.m3z 

not handling expanded ventricles...
using previously computed transform transforms/talairach.lta
renormalizing sequences with structure alignment, equivalent to:
	-renormalize
	-regularize_mean 0.500
	-regularize 0.500
using MR volume brainmask.mgz to mask input volume...

== Number of threads available to mri_ca_register for OpenMP = 16 == 
reading 1 input volumes...
logging results to talairach.log
reading input volume 'norm.mgz'...
reading GCA '/opt/freesurfer/average/RB_all_2020-01-02.gca'...
label assignment complete, 0 changed (0.00%)
freeing gibbs priors...done.
average std[0] = 5.0
Starting GCAMregister()
label assignment complete, 0 changed (0.00%)
npasses = 1, nlevels = 6
#pass# 1 of 1 ************************
enabling zero nodes
setting smoothness cost coefficient to 0.156

#GCAMreg# pass 0 level1 5 level2 0 tsec 0 sigma 2
l_jacobian=1.00 l_label=1.00 l_log_likelihood=0.20 l_smoothness=0.16 
tol=2.50e-01, dt=5.00e-02, exp_k=20.0, momentum=0.90, levels=6, niter=500, lbl_dist=10.00, avgs=256, sigma=2.0,type=2, relabel=0, neg=no

blurring input image with Gaussian with sigma=2.000...
GCAMRegisterLevel(): init RMS 0.978259
#FOTS# QuadFit found better minimum quadopt=(dt=365.899,rms=0.876799) vs oldopt=(dt=369.92,rms=0.876832)
#GCMRL#    0 dt 365.898827 rms  0.877 10.371% neg 0  invalid 762 tFOTS 4.5290 tGradient 2.8710 tsec 7.7290
#FOTS# QuadFit found better minimum quadopt=(dt=245.858,rms=0.851406) vs oldopt=(dt=369.92,rms=0.856691)
#GCMRL#    1 dt 245.858039 rms  0.851  2.896% neg 0  invalid 762 tFOTS 4.6400 tGradient 2.8650 tsec 7.8430
#FOTS# QuadFit found better minimum quadopt=(dt=240.057,rms=0.843263) vs oldopt=(dt=369.92,rms=0.845227)
#GCMRL#    2 dt 240.056940 rms  0.843  0.956% neg 0  invalid 762 tFOTS 4.5270 tGradient 3.4330 tsec 8.3120
#FOTS# QuadFit found better minimum quadopt=(dt=295.936,rms=0.836224) vs oldopt=(dt=369.92,rms=0.836477)
#GCMRL#    3 dt 295.936000 rms  0.836  0.835% neg 0  invalid 762 tFOTS 4.2120 tGradient 2.9260 tsec 7.4840
#FOTS# QuadFit found better minimum quadopt=(dt=149.015,rms=0.832544) vs oldopt=(dt=92.48,rms=0.833407)
#GCMRL#    4 dt 149.014925 rms  0.833  0.440% neg 0  invalid 762 tFOTS 5.1360 tGradient 3.1620 tsec 8.6430
#FOTS# QuadFit found better minimum quadopt=(dt=1183.74,rms=0.823995) vs oldopt=(dt=1479.68,rms=0.824555)
#GCMRL#    5 dt 1183.744000 rms  0.824  1.027% neg 0  invalid 762 tFOTS 4.4170 tGradient 2.8910 tsec 7.6440
#FOTS# QuadFit found better minimum quadopt=(dt=129.472,rms=0.820314) vs oldopt=(dt=92.48,rms=0.820535)
#GCMRL#    6 dt 129.472000 rms  0.820  0.447% neg 0  invalid 762 tFOTS 4.6010 tGradient 2.9280 tsec 7.9220
#FOTS# QuadFit found better minimum quadopt=(dt=887.808,rms=0.817467) vs oldopt=(dt=1479.68,rms=0.818115)
#GCMRL#    7 dt 887.808000 rms  0.817  0.347% neg 0  invalid 762 tFOTS 4.3980 tGradient 2.8790 tsec 7.6090
#FOTS# QuadFit found better minimum quadopt=(dt=129.472,rms=0.815878) vs oldopt=(dt=92.48,rms=0.816165)
#GCMRL#    8 dt 129.472000 rms  0.816  0.000% neg 0  invalid 762 tFOTS 4.4760 tGradient 2.8460 tsec 7.6790
#GCMRL#    9 dt 129.472000 rms  0.815  0.058% neg 0  invalid 762 tFOTS 0.0000 tGradient 3.0460 tsec 3.3630
#GCMRL#   10 dt 129.472000 rms  0.815  0.105% neg 0  invalid 762 tFOTS 0.0000 tGradient 2.8970 tsec 3.2140
#GCMRL#   11 dt 129.472000 rms  0.813  0.155% neg 0  invalid 762 tFOTS 0.0000 tGradient 2.8780 tsec 3.1950
#GCMRL#   12 dt 129.472000 rms  0.812  0.172% neg 0  invalid 762 tFOTS 0.0000 tGradient 3.1490 tsec 3.5260
#GCMRL#   13 dt 129.472000 rms  0.811  0.166% neg 0  invalid 762 tFOTS 0.0000 tGradient 3.5430 tsec 3.8700
#GCMRL#   14 dt 129.472000 rms  0.809  0.156% neg 0  invalid 762 tFOTS 0.0000 tGradient 2.8910 tsec 3.2190
#GCMRL#   15 dt 129.472000 rms  0.808  0.178% neg 0  invalid 762 tFOTS 0.0000 tGradient 2.9870 tsec 3.3090
#GCMRL#   16 dt 129.472000 rms  0.806  0.190% neg 0  invalid 762 tFOTS 0.0000 tGradient 2.8430 tsec 3.1680
#GCMRL#   17 dt 129.472000 rms  0.805  0.201% neg 0  invalid 762 tFOTS 0.0000 tGradient 2.9220 tsec 3.2600
#GCMRL#   18 dt 129.472000 rms  0.803  0.193% neg 0  invalid 762 tFOTS 0.0000 tGradient 3.0430 tsec 3.4970
#GCMRL#   19 dt 129.472000 rms  0.802  0.153% neg 0  invalid 762 tFOTS 0.0000 tGradient 3.1090 tsec 3.4200
#GCMRL#   20 dt 129.472000 rms  0.801  0.094% neg 0  invalid 762 tFOTS 0.0000 tGradient 2.8530 tsec 3.2810
#GCMRL#   21 dt 129.472000 rms  0.800  0.106% neg 0  invalid 762 tFOTS 0.0000 tGradient 2.7750 tsec 3.1060
#GCMRL#   22 dt 129.472000 rms  0.799  0.140% neg 0  invalid 762 tFOTS 0.0000 tGradient 2.7910 tsec 3.2350
#GCMRL#   23 dt 129.472000 rms  0.798  0.167% neg 0  invalid 762 tFOTS 0.0000 tGradient 2.8760 tsec 3.1900
#GCMRL#   24 dt 129.472000 rms  0.797  0.151% neg 0  invalid 762 tFOTS 0.0000 tGradient 2.8880 tsec 3.3430
#GCMRL#   25 dt 129.472000 rms  0.796  0.093% neg 0  invalid 762 tFOTS 0.0000 tGradient 2.8410 tsec 3.1980
#GCMRL#   26 dt 129.472000 rms  0.796  0.047% neg 0  invalid 762 tFOTS 0.0000 tGradient 3.5710 tsec 3.9550
#FOTS# QuadFit found better minimum quadopt=(dt=1775.62,rms=0.791965) vs oldopt=(dt=1479.68,rms=0.792071)
#GCMRL#   27 dt 1775.616000 rms  0.792  0.447% neg 0  invalid 762 tFOTS 4.8430 tGradient 2.8040 tsec 8.0630
#GCMRL#   28 dt  23.120000 rms  0.792  0.000% neg 0  invalid 762 tFOTS 5.2020 tGradient 3.3880 tsec 8.9700

#GCAMreg# pass 0 level1 5 level2 1 tsec 161.806 sigma 0.5
l_jacobian=1.00 l_label=1.00 l_log_likelihood=0.20 l_smoothness=0.16 
tol=2.50e-01, dt=5.00e-02, exp_k=20.0, momentum=0.90, levels=6, niter=500, lbl_dist=10.00, avgs=256, sigma=0.5,type=2, relabel=0, neg=no

blurring input image with Gaussian with sigma=0.500...
GCAMRegisterLevel(): init RMS 0.792239
#FOTS# QuadFit found better minimum quadopt=(dt=129.472,rms=0.786472) vs oldopt=(dt=92.48,rms=0.787083)
#GCMRL#   30 dt 129.472000 rms  0.786  0.728% neg 0  invalid 762 tFOTS 5.0510 tGradient 3.0170 tsec 8.4280
#FOTS# QuadFit found better minimum quadopt=(dt=32.368,rms=0.786427) vs oldopt=(dt=23.12,rms=0.786439)
#GCMRL#   31 dt  32.368000 rms  0.786  0.000% neg 0  invalid 762 tFOTS 5.3010 tGradient 3.1140 tsec 8.7800
#GCMRL#   32 dt  32.368000 rms  0.786  0.004% neg 0  invalid 762 tFOTS 0.0000 tGradient 2.7420 tsec 3.0520
setting smoothness cost coefficient to 0.615

#GCAMreg# pass 0 level1 4 level2 0 tsec 0 sigma 2
l_jacobian=1.00 l_label=1.00 l_log_likelihood=0.20 l_smoothness=0.62 
tol=2.50e-01, dt=5.00e-02, exp_k=20.0, momentum=0.90, levels=6, niter=500, lbl_dist=10.00, avgs=64, sigma=2.0,type=2, relabel=0, neg=no

blurring input image with Gaussian with sigma=2.000...
GCAMRegisterLevel(): init RMS 0.81922
#FOTS# QuadFit found better minimum quadopt=(dt=54.4368,rms=0.814959) vs oldopt=(dt=25.92,rms=0.81577)
#GCMRL#   34 dt  54.436782 rms  0.815  0.520% neg 0  invalid 762 tFOTS 4.9090 tGradient 2.6940 tsec 8.0800
#FOTS# QuadFit found better minimum quadopt=(dt=222.422,rms=0.795022) vs oldopt=(dt=103.68,rms=0.800356)
#GCMRL#   35 dt 222.421525 rms  0.795  2.446% neg 0  invalid 762 tFOTS 4.7940 tGradient 2.4850 tsec 7.7040
#FOTS# QuadFit found better minimum quadopt=(dt=20.2894,rms=0.793252) vs oldopt=(dt=25.92,rms=0.793392)
#GCMRL#   36 dt  20.289362 rms  0.793  0.000% neg 0  invalid 762 tFOTS 4.8390 tGradient 2.2640 tsec 7.5150
#GCMRL#   37 dt  20.289362 rms  0.793  0.019% neg 0  invalid 762 tFOTS 0.0000 tGradient 2.4990 tsec 2.8020

#GCAMreg# pass 0 level1 4 level2 1 tsec 38.798 sigma 0.5
l_jacobian=1.00 l_label=1.00 l_log_likelihood=0.20 l_smoothness=0.62 
tol=2.50e-01, dt=5.00e-02, exp_k=20.0, momentum=0.90, levels=6, niter=500, lbl_dist=10.00, avgs=64, sigma=0.5,type=2, relabel=0, neg=no

blurring input image with Gaussian with sigma=0.500...
GCAMRegisterLevel(): init RMS 0.793675
#FOTS# QuadFit found better minimum quadopt=(dt=76.5843,rms=0.789098) vs oldopt=(dt=103.68,rms=0.789599)
#GCMRL#   39 dt  76.584270 rms  0.789  0.577% neg 0  invalid 762 tFOTS 5.4260 tGradient 2.6290 tsec 8.4340
#FOTS# QuadFit found better minimum quadopt=(dt=20.736,rms=0.78906) vs oldopt=(dt=25.92,rms=0.789064)
#GCMRL#   40 dt  20.736000 rms  0.789  0.000% neg 0  invalid 762 tFOTS 5.5240 tGradient 3.3400 tsec 9.3080
setting smoothness cost coefficient to 2.353

#GCAMreg# pass 0 level1 3 level2 0 tsec 0 sigma 2
l_jacobian=1.00 l_label=1.00 l_log_likelihood=0.20 l_smoothness=2.35 
tol=2.50e-01, dt=5.00e-02, exp_k=20.0, momentum=0.90, levels=6, niter=500, lbl_dist=10.00, avgs=16, sigma=2.0,type=2, relabel=0, neg=no

blurring input image with Gaussian with sigma=2.000...
GCAMRegisterLevel(): init RMS 0.836299
#FOTS# QuadFit found better minimum quadopt=(dt=11.2,rms=0.830955) vs oldopt=(dt=8,rms=0.831504)
#GCMRL#   42 dt  11.200000 rms  0.831  0.639% neg 0  invalid 762 tFOTS 4.6830 tGradient 2.0350 tsec 7.0830
#FOTS# QuadFit found better minimum quadopt=(dt=22.3871,rms=0.827215) vs oldopt=(dt=32,rms=0.828009)
#GCMRL#   43 dt  22.387097 rms  0.827  0.450% neg 0  invalid 762 tFOTS 4.7370 tGradient 2.4890 tsec 7.5700
#FOTS# QuadFit found better minimum quadopt=(dt=81.9726,rms=0.821192) vs oldopt=(dt=32,rms=0.822856)
#GCMRL#   44 dt  81.972603 rms  0.821  0.728% neg 0  invalid 762 tFOTS 5.0540 tGradient 2.1860 tsec 7.5770
#GCMRL#   45 dt   0.250000 rms  0.821  0.000% neg 0  invalid 762 tFOTS 4.2120 tGradient 2.0030 tsec 6.5860

#GCAMreg# pass 0 level1 3 level2 1 tsec 40.75 sigma 0.5
l_jacobian=1.00 l_label=1.00 l_log_likelihood=0.20 l_smoothness=2.35 
tol=2.50e-01, dt=5.00e-02, exp_k=20.0, momentum=0.90, levels=6, niter=500, lbl_dist=10.00, avgs=16, sigma=0.5,type=2, relabel=0, neg=no

blurring input image with Gaussian with sigma=0.500...
GCAMRegisterLevel(): init RMS 0.821845
#GCMRL#   47 dt   0.000000 rms  0.821  0.082% neg 0  invalid 762 tFOTS 4.2340 tGradient 2.1340 tsec 6.8330
setting smoothness cost coefficient to 8.000

#GCAMreg# pass 0 level1 2 level2 0 tsec 0 sigma 2
l_jacobian=1.00 l_label=1.00 l_log_likelihood=0.20 l_smoothness=8.00 
tol=2.50e-01, dt=5.00e-02, exp_k=20.0, momentum=0.90, levels=6, niter=500, lbl_dist=10.00, avgs=4, sigma=2.0,type=2, relabel=0, neg=no

blurring input image with Gaussian with sigma=2.000...
GCAMRegisterLevel(): init RMS 0.884333
#FOTS# QuadFit found better minimum quadopt=(dt=1.05882,rms=0.880839) vs oldopt=(dt=0.72,rms=0.881126)
#GCMRL#   49 dt   1.058824 rms  0.881  0.395% neg 0  invalid 762 tFOTS 4.9000 tGradient 1.8310 tsec 7.0870
#FOTS# QuadFit found better minimum quadopt=(dt=0.252,rms=0.880689) vs oldopt=(dt=0.18,rms=0.880717)
#GCMRL#   50 dt   0.252000 rms  0.881  0.000% neg 0  invalid 762 tFOTS 4.7920 tGradient 2.7460 tsec 8.0040
#GCMRL#   51 dt   0.252000 rms  0.881  0.003% neg 0  invalid 762 tFOTS 0.0000 tGradient 1.8880 tsec 2.2180

#GCAMreg# pass 0 level1 2 level2 1 tsec 29.507 sigma 0.5
l_jacobian=1.00 l_label=1.00 l_log_likelihood=0.20 l_smoothness=8.00 
tol=2.50e-01, dt=5.00e-02, exp_k=20.0, momentum=0.90, levels=6, niter=500, lbl_dist=10.00, avgs=4, sigma=0.5,type=2, relabel=0, neg=no

blurring input image with Gaussian with sigma=0.500...
GCAMRegisterLevel(): init RMS 0.88127
#FOTS# QuadFit found better minimum quadopt=(dt=0.144,rms=0.880643) vs oldopt=(dt=0.18,rms=0.880644)
#GCMRL#   53 dt   0.144000 rms  0.881  0.071% neg 0  invalid 762 tFOTS 4.8370 tGradient 1.8980 tsec 7.2110
setting smoothness cost coefficient to 20.000

#GCAMreg# pass 0 level1 1 level2 0 tsec 0 sigma 2
l_jacobian=1.00 l_label=1.00 l_log_likelihood=0.20 l_smoothness=20.00 
tol=2.50e-01, dt=5.00e-02, exp_k=20.0, momentum=0.90, levels=6, niter=500, lbl_dist=10.00, avgs=1, sigma=2.0,type=2, relabel=0, neg=no

blurring input image with Gaussian with sigma=2.000...
GCAMRegisterLevel(): init RMS 0.973104
#FOTS# QuadFit found better minimum quadopt=(dt=0.532374,rms=0.96644) vs oldopt=(dt=0.32,rms=0.967803)
#GCMRL#   55 dt   0.532374 rms  0.966  0.685% neg 0  invalid 762 tFOTS 5.0610 tGradient 1.7720 tsec 7.2330
#FOTS# QuadFit found better minimum quadopt=(dt=0.492857,rms=0.961015) vs oldopt=(dt=0.32,rms=0.961997)
#GCMRL#   56 dt   0.492857 rms  0.961  0.561% neg 0  invalid 762 tFOTS 5.1010 tGradient 2.0350 tsec 7.5410
#FOTS# QuadFit found better minimum quadopt=(dt=0.256,rms=0.95895) vs oldopt=(dt=0.32,rms=0.959032)
#GCMRL#   57 dt   0.256000 rms  0.959  0.000% neg 0  invalid 762 tFOTS 4.5530 tGradient 2.1110 tsec 7.0940
#GCMRL#   58 dt   0.256000 rms  0.957  0.178% neg 0  invalid 762 tFOTS 0.0000 tGradient 1.8550 tsec 2.1860
#GCMRL#   59 dt   0.256000 rms  0.955  0.233% neg 0  invalid 762 tFOTS 0.0000 tGradient 1.7840 tsec 2.1130
#GCMRL#   60 dt   0.256000 rms  0.953  0.232% neg 0  invalid 762 tFOTS 0.0000 tGradient 1.7110 tsec 2.0440
#GCMRL#   61 dt   0.256000 rms  0.951  0.153% neg 0  invalid 762 tFOTS 0.0000 tGradient 1.7580 tsec 2.1050
#GCMRL#   62 dt   0.256000 rms  0.950  0.126% neg 0  invalid 762 tFOTS 0.0000 tGradient 1.7260 tsec 2.0560
#GCMRL#   63 dt   0.256000 rms  0.949  0.116% neg 0  invalid 762 tFOTS 0.0000 tGradient 1.6890 tsec 2.0200
#GCMRL#   64 dt   0.256000 rms  0.948  0.145% neg 0  invalid 762 tFOTS 0.0000 tGradient 1.8510 tsec 2.1930
#GCMRL#   65 dt   0.256000 rms  0.946  0.164% neg 0  invalid 762 tFOTS 0.0000 tGradient 1.7740 tsec 2.1260
#GCMRL#   66 dt   0.256000 rms  0.944  0.198% neg 0  invalid 762 tFOTS 0.0000 tGradient 1.8680 tsec 2.2310
#GCMRL#   67 dt   0.256000 rms  0.942  0.218% neg 0  invalid 762 tFOTS 0.0000 tGradient 1.8680 tsec 2.1840
#GCMRL#   68 dt   0.256000 rms  0.940  0.204% neg 0  invalid 762 tFOTS 0.0000 tGradient 1.6920 tsec 2.1160
#GCMRL#   69 dt   0.256000 rms  0.938  0.186% neg 0  invalid 762 tFOTS 0.0000 tGradient 2.0150 tsec 2.4130
#GCMRL#   70 dt   0.256000 rms  0.937  0.155% neg 0  invalid 762 tFOTS 0.0000 tGradient 1.9580 tsec 2.3120
#GCMRL#   71 dt   0.256000 rms  0.936  0.125% neg 0  invalid 762 tFOTS 0.0000 tGradient 1.9320 tsec 2.2630
#GCMRL#   72 dt   0.256000 rms  0.935  0.099% neg 0  invalid 762 tFOTS 0.0000 tGradient 1.8100 tsec 2.1420
#GCMRL#   73 dt   0.256000 rms  0.934  0.078% neg 0  invalid 762 tFOTS 0.0000 tGradient 1.8000 tsec 2.1680
#FOTS# QuadFit found better minimum quadopt=(dt=0.448,rms=0.933709) vs oldopt=(dt=0.32,rms=0.933805)
#GCMRL#   74 dt   0.448000 rms  0.934  0.000% neg 0  invalid 762 tFOTS 4.6690 tGradient 1.7010 tsec 6.7530
#GCMRL#   75 dt   0.448000 rms  0.933  0.039% neg 0  invalid 762 tFOTS 0.0000 tGradient 1.8170 tsec 2.2370
#GCMRL#   76 dt   0.448000 rms  0.933  0.080% neg 0  invalid 762 tFOTS 0.0000 tGradient 1.9970 tsec 2.4030
#GCMRL#   77 dt   0.448000 rms  0.932  0.062% neg 0  invalid 762 tFOTS 0.0000 tGradient 1.8680 tsec 2.2410
#GCMRL#   78 dt   0.448000 rms  0.931  0.086% neg 0  invalid 762 tFOTS 0.0000 tGradient 1.9340 tsec 2.3470
#GCMRL#   79 dt   0.448000 rms  0.930  0.091% neg 0  invalid 762 tFOTS 0.0000 tGradient 2.0550 tsec 2.4390

#GCAMreg# pass 0 level1 1 level2 1 tsec 87.05 sigma 0.5
l_jacobian=1.00 l_label=1.00 l_log_likelihood=0.20 l_smoothness=20.00 
tol=2.50e-01, dt=5.00e-02, exp_k=20.0, momentum=0.90, levels=6, niter=500, lbl_dist=10.00, avgs=1, sigma=0.5,type=2, relabel=0, neg=no

blurring input image with Gaussian with sigma=0.500...
GCAMRegisterLevel(): init RMS 0.930167
#GCMRL#   81 dt   0.320000 rms  0.929  0.109% neg 0  invalid 762 tFOTS 4.9560 tGradient 1.9340 tsec 7.2760
resetting metric properties...
setting smoothness cost coefficient to 40.000

#GCAMreg# pass 0 level1 0 level2 0 tsec 0 sigma 2
l_jacobian=1.00 l_label=1.00 l_log_likelihood=0.20 l_smoothness=40.00 
tol=2.50e-01, dt=5.00e-02, exp_k=20.0, momentum=0.90, levels=6, niter=500, lbl_dist=10.00, avgs=0, sigma=2.0,type=2, relabel=0, neg=no

blurring input image with Gaussian with sigma=2.000...
GCAMRegisterLevel(): init RMS 0.890713
#FOTS# QuadFit found better minimum quadopt=(dt=0.204173,rms=0.886316) vs oldopt=(dt=0.32,rms=0.887142)
#GCMRL#   83 dt   0.204173 rms  0.886  0.494% neg 0  invalid 762 tFOTS 4.9680 tGradient 1.5260 tsec 6.8990
#FOTS# QuadFit found better minimum quadopt=(dt=0.024,rms=0.886092) vs oldopt=(dt=0.02,rms=0.886098)
#GCMRL#   84 dt   0.024000 rms  0.886  0.000% neg 0  invalid 762 tFOTS 4.9830 tGradient 1.2970 tsec 6.7040

#GCAMreg# pass 0 level1 0 level2 1 tsec 24.857 sigma 0.5
l_jacobian=1.00 l_label=1.00 l_log_likelihood=0.20 l_smoothness=40.00 
tol=2.50e-01, dt=5.00e-02, exp_k=20.0, momentum=0.90, levels=6, niter=500, lbl_dist=10.00, avgs=0, sigma=0.5,type=2, relabel=0, neg=no

blurring input image with Gaussian with sigma=0.500...
GCAMRegisterLevel(): init RMS 0.886678
#FOTS# QuadFit found better minimum quadopt=(dt=0.016,rms=0.886028) vs oldopt=(dt=0.02,rms=0.886033)
#GCMRL#   86 dt   0.016000 rms  0.886  0.073% neg 0  invalid 762 tFOTS 5.0050 tGradient 1.2390 tsec 6.6390
#FOTS# QuadFit found better minimum quadopt=(dt=0.001,rms=0.886029) vs oldopt=(dt=0.00125,rms=0.886029)
GCAMregister done in 8.2036 min
Starting GCAmapRenormalizeWithAlignment() without scales
renormalizing by structure alignment....
renormalizing input #0
gca peak = 0.10253 (16)
mri peak = 0.22532 (35)
Left_Lateral_Ventricle (4): linear fit = 1.91 x + 0.0 (1040 voxels, overlap=0.077)
Left_Lateral_Ventricle (4): linear fit = 1.50 x + 0.0 (1040 voxels, peak = 31), gca=24.0
gca peak = 0.17690 (16)
mri peak = 0.28837 (34)
Right_Lateral_Ventricle (43): linear fit = 2.07 x + 0.0 (1116 voxels, overlap=0.016)
Right_Lateral_Ventricle (43): linear fit = 1.50 x + 0.0 (1116 voxels, peak = 33), gca=24.0
gca peak = 0.28275 (96)
mri peak = 0.10319 (103)
Right_Pallidum (52): linear fit = 1.07 x + 0.0 (1096 voxels, overlap=0.687)
Right_Pallidum (52): linear fit = 1.07 x + 0.0 (1096 voxels, peak = 102), gca=102.2
gca peak = 0.18948 (93)
mri peak = 0.12957 (95)
Left_Pallidum (13): linear fit = 1.00 x + 0.0 (1075 voxels, overlap=0.965)
Left_Pallidum (13): linear fit = 1.00 x + 0.0 (1075 voxels, peak = 93), gca=92.5
gca peak = 0.20755 (55)
mri peak = 0.09514 (78)
Right_Hippocampus (53): linear fit = 1.40 x + 0.0 (1393 voxels, overlap=0.025)
Right_Hippocampus (53): linear fit = 1.40 x + 0.0 (1393 voxels, peak = 77), gca=77.3
gca peak = 0.31831 (58)
mri peak = 0.17371 (78)
Left_Hippocampus (17): linear fit = 1.34 x + 0.0 (1342 voxels, overlap=0.015)
Left_Hippocampus (17): linear fit = 1.34 x + 0.0 (1342 voxels, peak = 77), gca=77.4
gca peak = 0.11957 (102)
mri peak = 0.14257 (103)
Right_Cerebral_White_Matter (41): linear fit = 1.01 x + 0.0 (86831 voxels, overlap=0.644)
Right_Cerebral_White_Matter (41): linear fit = 1.01 x + 0.0 (86831 voxels, peak = 104), gca=103.5
gca peak = 0.11429 (102)
mri peak = 0.13039 (105)
Left_Cerebral_White_Matter (2): linear fit = 1.01 x + 0.0 (93151 voxels, overlap=0.728)
Left_Cerebral_White_Matter (2): linear fit = 1.01 x + 0.0 (93151 voxels, peak = 104), gca=103.5
gca peak = 0.14521 (59)
mri peak = 0.04631 (83)
Left_Cerebral_Cortex (3): linear fit = 1.47 x + 0.0 (37018 voxels, overlap=0.000)
Left_Cerebral_Cortex (3): linear fit = 1.47 x + 0.0 (37018 voxels, peak = 86), gca=86.4
gca peak = 0.14336 (58)
mri peak = 0.05410 (89)
Right_Cerebral_Cortex (42): linear fit = 1.50 x + 0.0 (37815 voxels, overlap=0.000)
Right_Cerebral_Cortex (42): linear fit = 1.50 x + 0.0 (37815 voxels, peak = 87), gca=86.7
gca peak = 0.13305 (70)
mri peak = 0.15119 (92)
Right_Caudate (50): linear fit = 1.30 x + 0.0 (894 voxels, overlap=0.021)
Right_Caudate (50): linear fit = 1.30 x + 0.0 (894 voxels, peak = 91), gca=91.3
gca peak = 0.15761 (71)
mri peak = 0.16042 (89)
Left_Caudate (11): linear fit = 1.20 x + 0.0 (1326 voxels, overlap=0.008)
Left_Caudate (11): linear fit = 1.20 x + 0.0 (1326 voxels, peak = 85), gca=84.8
gca peak = 0.13537 (57)
mri peak = 0.04054 (87)
Left_Cerebellum_Cortex (8): linear fit = 1.51 x + 0.0 (18697 voxels, overlap=0.001)
Left_Cerebellum_Cortex (8): linear fit = 1.51 x + 0.0 (18697 voxels, peak = 86), gca=86.4
gca peak = 0.13487 (56)
mri peak = 0.04728 (96)
Right_Cerebellum_Cortex (47): linear fit = 1.63 x + 0.0 (20371 voxels, overlap=0.001)
Right_Cerebellum_Cortex (47): linear fit = 1.63 x + 0.0 (20371 voxels, peak = 92), gca=91.6
gca peak = 0.19040 (84)
mri peak = 0.03663 (63)
Left_Cerebellum_White_Matter (7): linear fit = 1.10 x + 0.0 (10362 voxels, overlap=0.106)
Left_Cerebellum_White_Matter (7): linear fit = 1.10 x + 0.0 (10362 voxels, peak = 92), gca=92.0
gca peak = 0.18871 (83)
mri peak = 0.04948 (67)
Right_Cerebellum_White_Matter (46): linear fit = 0.86 x + 0.0 (6960 voxels, overlap=0.293)
Right_Cerebellum_White_Matter (46): linear fit = 0.86 x + 0.0 (6960 voxels, peak = 71), gca=71.0
gca peak = 0.24248 (57)
mri peak = 0.13211 (78)
Left_Amygdala (18): linear fit = 1.38 x + 0.0 (577 voxels, overlap=0.053)
Left_Amygdala (18): linear fit = 1.38 x + 0.0 (577 voxels, peak = 78), gca=78.4
gca peak = 0.35833 (56)
mri peak = 0.10347 (77)
Right_Amygdala (54): linear fit = 1.29 x + 0.0 (650 voxels, overlap=0.040)
Right_Amygdala (54): linear fit = 1.29 x + 0.0 (650 voxels, peak = 73), gca=72.5
gca peak = 0.12897 (85)
mri peak = 0.12748 (103)
Left_Thalamus (10): linear fit = 1.18 x + 0.0 (6720 voxels, overlap=0.008)
Left_Thalamus (10): linear fit = 1.18 x + 0.0 (6720 voxels, peak = 101), gca=100.7
gca peak = 0.13127 (83)
mri peak = 0.09305 (101)
Right_Thalamus (49): linear fit = 1.18 x + 0.0 (5059 voxels, overlap=0.031)
Right_Thalamus (49): linear fit = 1.18 x + 0.0 (5059 voxels, peak = 98), gca=98.4
gca peak = 0.12974 (78)
mri peak = 0.08864 (96)
Left_Putamen (12): linear fit = 1.21 x + 0.0 (3009 voxels, overlap=0.026)
Left_Putamen (12): linear fit = 1.21 x + 0.0 (3009 voxels, peak = 94), gca=94.0
gca peak = 0.17796 (79)
mri peak = 0.11755 (95)
Right_Putamen (51): linear fit = 1.20 x + 0.0 (3020 voxels, overlap=0.020)
Right_Putamen (51): linear fit = 1.20 x + 0.0 (3020 voxels, peak = 94), gca=94.4
gca peak = 0.10999 (80)
mri peak = 0.07899 (96)
Brain_Stem (16): linear fit = 1.18 x + 0.0 (8976 voxels, overlap=0.417)
Brain_Stem (16): linear fit = 1.18 x + 0.0 (8976 voxels, peak = 95), gca=94.8
gca peak = 0.13215 (88)
mri peak = 0.11647 (97)
Right_VentralDC (60): linear fit = 1.11 x + 0.0 (1169 voxels, overlap=0.163)
Right_VentralDC (60): linear fit = 1.11 x + 0.0 (1169 voxels, peak = 97), gca=97.2
gca peak = 0.11941 (89)
mri peak = 0.11217 (97)
Left_VentralDC (28): linear fit = 1.10 x + 0.0 (1526 voxels, overlap=0.298)
Left_VentralDC (28): linear fit = 1.10 x + 0.0 (1526 voxels, peak = 97), gca=97.5
gca peak = 0.20775 (25)
uniform distribution in MR - rejecting arbitrary fit
gca peak = 0.13297 (21)
mri peak = 0.09591 (25)
Fourth_Ventricle (15): linear fit = 1.85 x + 0.0 (764 voxels, overlap=0.200)
Fourth_Ventricle (15): linear fit = 1.85 x + 0.0 (764 voxels, peak = 39), gca=38.7
gca peak Unknown = 0.94777 ( 0)
gca peak Left_Inf_Lat_Vent = 0.19087 (28)
gca peak Left_Cerebellum_Cortex = 0.13537 (57)
gca peak Third_Ventricle = 0.20775 (25)
gca peak Fourth_Ventricle = 0.13297 (21)
gca peak CSF = 0.16821 (33)
gca peak Left_Accumbens_area = 0.32850 (63)
gca peak Left_undetermined = 0.98480 (28)
gca peak Left_vessel = 0.40887 (53)
gca peak Left_choroid_plexus = 0.10898 (46)
gca peak Right_Inf_Lat_Vent = 0.17798 (26)
gca peak Right_Cerebellum_Cortex = 0.13487 (56)
gca peak Right_Accumbens_area = 0.30137 (64)
gca peak Right_vessel = 0.47828 (52)
gca peak Right_choroid_plexus = 0.11612 (45)
gca peak Fifth_Ventricle = 0.59466 (35)
gca peak WM_hypointensities = 0.10053 (78)
gca peak non_WM_hypointensities = 0.07253 (60)
gca peak Optic_Chiasm = 0.25330 (73)
not using caudate to estimate GM means
estimating mean gm scale to be 1.39 x + 0.0
estimating mean wm scale to be 1.01 x + 0.0
estimating mean csf scale to be 1.50 x + 0.0
setting left cbm cortex = 1.39 x + 0.00
setting right cbm cortex = 1.39 x + 0.00
Left_Putamen too bright - rescaling by 0.991 (from 1.205) to 93.2 (was 94.0)
Right_Putamen too bright - rescaling by 0.987 (from 1.195) to 93.2 (was 94.4)
Right_Pallidum too bright - rescaling by 0.982 (from 1.065) to 100.4 (was 102.2)
saving intensity scales to talairach.label_intensities.txt
GCAmapRenormalizeWithAlignment() took 3.69545 min
noneg pre
Starting GCAMregister()
label assignment complete, 0 changed (0.00%)
npasses = 1, nlevels = 6
#pass# 1 of 1 ************************
enabling zero nodes
setting smoothness cost coefficient to 0.008

#GCAMreg# pass 0 level1 5 level2 0 tsec 0 sigma 2
l_jacobian=1.00 l_label=1.00 l_log_likelihood=0.20 l_smoothness=0.01 
tol=5.00e-02, dt=5.00e-02, exp_k=20.0, momentum=0.90, levels=6, niter=500, lbl_dist=10.00, avgs=256, sigma=2.0,type=2, relabel=0, neg=no

blurring input image with Gaussian with sigma=2.000...
GCAMRegisterLevel(): init RMS 0.871707
#FOTS# QuadFit found better minimum quadopt=(dt=221.952,rms=0.753074) vs oldopt=(dt=369.92,rms=0.776168)
#GCMRL#   88 dt 221.952000 rms  0.753 13.609% neg 0  invalid 762 tFOTS 5.2800 tGradient 3.1150 tsec 8.7890
#FOTS# QuadFit found better minimum quadopt=(dt=351.637,rms=0.721174) vs oldopt=(dt=369.92,rms=0.721218)
#GCMRL#   89 dt 351.636953 rms  0.721  4.236% neg 0  invalid 762 tFOTS 5.4400 tGradient 3.1620 tsec 9.0010
#FOTS# QuadFit found better minimum quadopt=(dt=295.936,rms=0.709707) vs oldopt=(dt=369.92,rms=0.710403)
#GCMRL#   90 dt 295.936000 rms  0.710  1.590% neg 0  invalid 762 tFOTS 5.2410 tGradient 2.9460 tsec 8.5820
#FOTS# QuadFit found better minimum quadopt=(dt=295.936,rms=0.702403) vs oldopt=(dt=369.92,rms=0.70307)
#GCMRL#   91 dt 295.936000 rms  0.702  1.029% neg 0  invalid 762 tFOTS 5.2520 tGradient 2.9120 tsec 8.5620
#FOTS# QuadFit found better minimum quadopt=(dt=221.952,rms=0.698042) vs oldopt=(dt=369.92,rms=0.699213)
#GCMRL#   92 dt 221.952000 rms  0.698  0.621% neg 0  invalid 762 tFOTS 5.2410 tGradient 2.9620 tsec 8.5990
#FOTS# QuadFit found better minimum quadopt=(dt=295.936,rms=0.69557) vs oldopt=(dt=369.92,rms=0.695819)
#GCMRL#   93 dt 295.936000 rms  0.696  0.354% neg 0  invalid 762 tFOTS 5.3530 tGradient 3.1090 tsec 8.8680
#FOTS# QuadFit found better minimum quadopt=(dt=129.472,rms=0.693428) vs oldopt=(dt=92.48,rms=0.693857)
#GCMRL#   94 dt 129.472000 rms  0.693  0.308% neg 0  invalid 762 tFOTS 5.3140 tGradient 2.8620 tsec 8.5810
#GCMRL#   95 dt 1479.680000 rms  0.688  0.763% neg 0  invalid 762 tFOTS 5.4720 tGradient 2.8380 tsec 8.7050
#FOTS# QuadFit found better minimum quadopt=(dt=129.472,rms=0.685722) vs oldopt=(dt=92.48,rms=0.686029)
#GCMRL#   96 dt 129.472000 rms  0.686  0.351% neg 0  invalid 762 tFOTS 5.5220 tGradient 3.6190 tsec 9.5390
#FOTS# QuadFit found better minimum quadopt=(dt=443.904,rms=0.685063) vs oldopt=(dt=369.92,rms=0.685068)
#GCMRL#   97 dt 443.904000 rms  0.685  0.096% neg 0  invalid 762 tFOTS 5.9390 tGradient 3.0330 tsec 9.3320
#FOTS# QuadFit found better minimum quadopt=(dt=129.472,rms=0.683981) vs oldopt=(dt=92.48,rms=0.684192)
#GCMRL#   98 dt 129.472000 rms  0.684  0.158% neg 0  invalid 762 tFOTS 4.9360 tGradient 2.7470 tsec 8.0970
#FOTS# QuadFit found better minimum quadopt=(dt=887.808,rms=0.682534) vs oldopt=(dt=1479.68,rms=0.682875)
#GCMRL#   99 dt 887.808000 rms  0.683  0.211% neg 0  invalid 762 tFOTS 5.3030 tGradient 2.8020 tsec 8.5210
#FOTS# QuadFit found better minimum quadopt=(dt=129.472,rms=0.681537) vs oldopt=(dt=92.48,rms=0.681661)
#GCMRL#  100 dt 129.472000 rms  0.682  0.146% neg 0  invalid 762 tFOTS 5.7920 tGradient 2.8360 tsec 9.0100
#FOTS# QuadFit found better minimum quadopt=(dt=517.888,rms=0.681003) vs oldopt=(dt=369.92,rms=0.681069)
#GCMRL#  101 dt 517.888000 rms  0.681  0.078% neg 0  invalid 762 tFOTS 5.4840 tGradient 2.9920 tsec 8.9130
#FOTS# QuadFit found better minimum quadopt=(dt=129.472,rms=0.68036) vs oldopt=(dt=92.48,rms=0.680474)
#GCMRL#  102 dt 129.472000 rms  0.680  0.094% neg 0  invalid 762 tFOTS 5.7650 tGradient 2.9500 tsec 9.1910
#FOTS# QuadFit found better minimum quadopt=(dt=887.808,rms=0.679503) vs oldopt=(dt=1479.68,rms=0.679749)
#GCMRL#  103 dt 887.808000 rms  0.680  0.126% neg 0  invalid 762 tFOTS 5.1860 tGradient 3.5370 tsec 9.1030
#FOTS# QuadFit found better minimum quadopt=(dt=129.472,rms=0.678749) vs oldopt=(dt=92.48,rms=0.678846)
#GCMRL#  104 dt 129.472000 rms  0.679  0.111% neg 0  invalid 762 tFOTS 5.4120 tGradient 3.2420 tsec 9.0410
#FOTS# QuadFit found better minimum quadopt=(dt=517.888,rms=0.678301) vs oldopt=(dt=369.92,rms=0.67837)
#GCMRL#  105 dt 517.888000 rms  0.678  0.066% neg 0  invalid 762 tFOTS 5.6770 tGradient 3.2280 tsec 9.3040
#FOTS# QuadFit found better minimum quadopt=(dt=129.472,rms=0.677858) vs oldopt=(dt=92.48,rms=0.677927)
#GCMRL#  106 dt 129.472000 rms  0.678  0.065% neg 0  invalid 762 tFOTS 5.3210 tGradient 3.1110 tsec 8.8020
#FOTS# QuadFit found better minimum quadopt=(dt=887.808,rms=0.677191) vs oldopt=(dt=1479.68,rms=0.677389)
#GCMRL#  107 dt 887.808000 rms  0.677  0.098% neg 0  invalid 762 tFOTS 4.9090 tGradient 3.2070 tsec 8.4910
#FOTS# QuadFit found better minimum quadopt=(dt=129.472,rms=0.676592) vs oldopt=(dt=92.48,rms=0.676674)
#GCMRL#  108 dt 129.472000 rms  0.677  0.089% neg 0  invalid 762 tFOTS 4.7020 tGradient 2.8550 tsec 7.9130
#FOTS# QuadFit found better minimum quadopt=(dt=517.888,rms=0.676295) vs oldopt=(dt=369.92,rms=0.676328)
#GCMRL#  109 dt 517.888000 rms  0.676  0.000% neg 0  invalid 762 tFOTS 4.7100 tGradient 3.0200 tsec 8.1120

#GCAMreg# pass 0 level1 5 level2 1 tsec 205.823 sigma 0.5
l_jacobian=1.00 l_label=1.00 l_log_likelihood=0.20 l_smoothness=0.01 
tol=5.00e-02, dt=5.00e-02, exp_k=20.0, momentum=0.90, levels=6, niter=500, lbl_dist=10.00, avgs=256, sigma=0.5,type=2, relabel=0, neg=no

blurring input image with Gaussian with sigma=0.500...
GCAMRegisterLevel(): init RMS 0.676361
#FOTS# QuadFit found better minimum quadopt=(dt=129.472,rms=0.674646) vs oldopt=(dt=92.48,rms=0.674993)
#GCMRL#  111 dt 129.472000 rms  0.675  0.254% neg 0  invalid 762 tFOTS 4.7410 tGradient 2.8980 tsec 7.9680
#FOTS# QuadFit found better minimum quadopt=(dt=443.904,rms=0.673236) vs oldopt=(dt=369.92,rms=0.673309)
#GCMRL#  112 dt 443.904000 rms  0.673  0.209% neg 0  invalid 762 tFOTS 4.6390 tGradient 2.9480 tsec 7.9290
#FOTS# QuadFit found better minimum quadopt=(dt=517.888,rms=0.672037) vs oldopt=(dt=369.92,rms=0.672175)
#GCMRL#  113 dt 517.888000 rms  0.672  0.178% neg 0  invalid 762 tFOTS 4.5480 tGradient 2.6780 tsec 7.5710
#FOTS# QuadFit found better minimum quadopt=(dt=129.472,rms=0.67169) vs oldopt=(dt=92.48,rms=0.671751)
#GCMRL#  114 dt 129.472000 rms  0.672  0.052% neg 0  invalid 762 tFOTS 5.1020 tGradient 2.6740 tsec 8.1200
#FOTS# QuadFit found better minimum quadopt=(dt=517.888,rms=0.671201) vs oldopt=(dt=369.92,rms=0.671291)
#GCMRL#  115 dt 517.888000 rms  0.671  0.073% neg 0  invalid 762 tFOTS 4.7470 tGradient 3.0390 tsec 8.1430
#FOTS# QuadFit found better minimum quadopt=(dt=517.888,rms=0.670492) vs oldopt=(dt=369.92,rms=0.670557)
#GCMRL#  116 dt 517.888000 rms  0.670  0.106% neg 0  invalid 762 tFOTS 4.9330 tGradient 2.7380 tsec 8.0670
#FOTS# QuadFit found better minimum quadopt=(dt=129.472,rms=0.670284) vs oldopt=(dt=92.48,rms=0.670319)
#GCMRL#  117 dt 129.472000 rms  0.670  0.000% neg 0  invalid 762 tFOTS 4.5940 tGradient 2.9420 tsec 7.9070
#GCMRL#  118 dt 129.472000 rms  0.670  0.021% neg 0  invalid 762 tFOTS 0.0000 tGradient 2.9430 tsec 3.2640
#GCMRL#  119 dt 129.472000 rms  0.670  0.035% neg 0  invalid 762 tFOTS 0.0000 tGradient 2.9090 tsec 3.2780
#GCMRL#  120 dt 129.472000 rms  0.670  0.047% neg 0  invalid 762 tFOTS 0.0000 tGradient 3.1270 tsec 3.4430
#GCMRL#  121 dt 129.472000 rms  0.669  0.058% neg 0  invalid 762 tFOTS 0.0000 tGradient 2.7980 tsec 3.1150
#GCMRL#  122 dt 129.472000 rms  0.669  0.066% neg 0  invalid 762 tFOTS 0.0000 tGradient 2.7670 tsec 3.0910
#GCMRL#  123 dt 129.472000 rms  0.668  0.069% neg 0  invalid 762 tFOTS 0.0000 tGradient 2.7250 tsec 3.1700
#GCMRL#  124 dt 129.472000 rms  0.668  0.074% neg 0  invalid 762 tFOTS 0.0000 tGradient 2.7870 tsec 3.1070
#GCMRL#  125 dt 129.472000 rms  0.667  0.068% neg 0  invalid 762 tFOTS 0.0000 tGradient 2.7410 tsec 3.1750
#GCMRL#  126 dt 129.472000 rms  0.667  0.071% neg 0  invalid 762 tFOTS 0.0000 tGradient 2.9590 tsec 3.2860
#GCMRL#  127 dt 129.472000 rms  0.666  0.071% neg 0  invalid 762 tFOTS 0.0000 tGradient 2.8480 tsec 3.1870
#GCMRL#  128 dt 129.472000 rms  0.666  0.067% neg 0  invalid 762 tFOTS 0.0000 tGradient 2.8490 tsec 3.2630
#GCMRL#  129 dt 129.472000 rms  0.666  0.065% neg 0  invalid 762 tFOTS 0.0000 tGradient 2.7800 tsec 3.1540
#GCMRL#  130 dt 129.472000 rms  0.665  0.067% neg 0  invalid 762 tFOTS 0.0000 tGradient 3.0090 tsec 3.3550
#GCMRL#  131 dt 129.472000 rms  0.665  0.073% neg 0  invalid 762 tFOTS 0.0000 tGradient 2.9450 tsec 3.2900
#GCMRL#  132 dt 129.472000 rms  0.664  0.082% neg 0  invalid 762 tFOTS 0.0000 tGradient 3.0190 tsec 3.4040
#GCMRL#  133 dt 129.472000 rms  0.664  0.079% neg 0  invalid 762 tFOTS 0.0000 tGradient 2.9720 tsec 3.3070
#GCMRL#  134 dt 129.472000 rms  0.663  0.076% neg 0  invalid 762 tFOTS 0.0000 tGradient 2.7440 tsec 3.0820
#GCMRL#  135 dt 129.472000 rms  0.663  0.077% neg 0  invalid 762 tFOTS 0.0000 tGradient 2.7740 tsec 3.1120
#GCMRL#  136 dt 129.472000 rms  0.662  0.079% neg 0  invalid 762 tFOTS 0.0000 tGradient 2.8090 tsec 3.1490
#GCMRL#  137 dt 129.472000 rms  0.661  0.082% neg 0  invalid 762 tFOTS 0.0000 tGradient 3.1390 tsec 3.4780
#GCMRL#  138 dt 129.472000 rms  0.661  0.086% neg 0  invalid 762 tFOTS 0.0000 tGradient 2.8360 tsec 3.1770
#GCMRL#  139 dt 129.472000 rms  0.660  0.083% neg 0  invalid 762 tFOTS 0.0000 tGradient 3.0360 tsec 3.3470
#GCMRL#  140 dt 129.472000 rms  0.660  0.071% neg 0  invalid 762 tFOTS 0.0000 tGradient 3.0540 tsec 3.4050
#GCMRL#  141 dt 129.472000 rms  0.659  0.064% neg 0  invalid 762 tFOTS 0.0000 tGradient 2.8530 tsec 3.1660
#GCMRL#  142 dt 129.472000 rms  0.659  0.057% neg 0  invalid 762 tFOTS 0.0000 tGradient 3.6840 tsec 4.0480
#GCMRL#  143 dt 129.472000 rms  0.659  0.065% neg 0  invalid 762 tFOTS 0.0000 tGradient 2.7040 tsec 3.1480
#GCMRL#  144 dt 129.472000 rms  0.658  0.072% neg 0  invalid 762 tFOTS 0.0000 tGradient 2.7740 tsec 3.2200
#GCMRL#  145 dt 129.472000 rms  0.658  0.072% neg 0  invalid 762 tFOTS 0.0000 tGradient 2.8910 tsec 3.1970
#GCMRL#  146 dt 129.472000 rms  0.657  0.065% neg 0  invalid 762 tFOTS 0.0000 tGradient 2.8840 tsec 3.3280
#GCMRL#  147 dt 129.472000 rms  0.657  0.052% neg 0  invalid 762 tFOTS 0.0000 tGradient 2.8990 tsec 3.2090
#GCMRL#  148 dt 129.472000 rms  0.657  0.043% neg 0  invalid 762 tFOTS 0.0000 tGradient 3.0340 tsec 3.4090
#GCMRL#  149 dt 129.472000 rms  0.656  0.045% neg 0  invalid 762 tFOTS 0.0000 tGradient 2.6840 tsec 2.9910
#GCMRL#  150 dt 129.472000 rms  0.656  0.051% neg 0  invalid 762 tFOTS 0.0000 tGradient 2.9680 tsec 3.2790
#GCMRL#  151 dt 129.472000 rms  0.656  0.055% neg 0  invalid 762 tFOTS 0.0000 tGradient 2.7310 tsec 3.1810
#GCMRL#  152 dt 129.472000 rms  0.655  0.053% neg 0  invalid 762 tFOTS 0.0000 tGradient 2.7990 tsec 3.1080
#GCMRL#  153 dt 129.472000 rms  0.655  0.055% neg 0  invalid 762 tFOTS 0.0000 tGradient 2.7650 tsec 3.0740
#GCMRL#  154 dt 129.472000 rms  0.655  0.043% neg 0  invalid 762 tFOTS 0.0000 tGradient 2.8040 tsec 3.1100
#GCMRL#  155 dt 129.472000 rms  0.654  0.044% neg 0  invalid 762 tFOTS 0.0000 tGradient 2.7030 tsec 3.1540
#GCMRL#  156 dt 129.472000 rms  0.654  0.037% neg 0  invalid 762 tFOTS 0.0000 tGradient 2.9280 tsec 3.3770
#GCMRL#  157 dt 129.472000 rms  0.654  0.032% neg 0  invalid 762 tFOTS 0.0000 tGradient 2.8590 tsec 3.1700
#GCMRL#  158 dt 129.472000 rms  0.654  0.032% neg 0  invalid 762 tFOTS 0.0000 tGradient 2.6990 tsec 3.1470
#GCMRL#  159 dt 129.472000 rms  0.654  0.034% neg 0  invalid 762 tFOTS 0.0000 tGradient 2.7280 tsec 3.0370
#GCMRL#  160 dt 129.472000 rms  0.653  0.029% neg 0  invalid 762 tFOTS 0.0000 tGradient 2.9080 tsec 3.2270
#GCMRL#  161 dt 129.472000 rms  0.653  0.036% neg 0  invalid 762 tFOTS 0.0000 tGradient 2.8310 tsec 3.1450
#GCMRL#  162 dt 129.472000 rms  0.653  0.028% neg 0  invalid 762 tFOTS 0.0000 tGradient 2.7140 tsec 3.0300
#GCMRL#  163 dt 129.472000 rms  0.653  0.033% neg 0  invalid 762 tFOTS 0.0000 tGradient 2.7760 tsec 3.0890
#GCMRL#  164 dt 129.472000 rms  0.653  0.027% neg 0  invalid 762 tFOTS 0.0000 tGradient 2.7390 tsec 3.0560
#GCMRL#  165 dt 129.472000 rms  0.652  0.033% neg 0  invalid 762 tFOTS 0.0000 tGradient 2.8270 tsec 3.1480
#GCMRL#  166 dt 129.472000 rms  0.652  0.027% neg 0  invalid 762 tFOTS 0.0000 tGradient 2.7900 tsec 3.1040
#GCMRL#  167 dt 129.472000 rms  0.652  0.029% neg 0  invalid 762 tFOTS 0.0000 tGradient 2.7910 tsec 3.1080
#GCMRL#  168 dt 129.472000 rms  0.652  0.029% neg 0  invalid 762 tFOTS 0.0000 tGradient 2.7730 tsec 3.0900
#GCMRL#  169 dt 129.472000 rms  0.652  0.025% neg 0  invalid 762 tFOTS 0.0000 tGradient 2.9730 tsec 3.2860
#GCMRL#  170 dt 129.472000 rms  0.651  0.024% neg 0  invalid 762 tFOTS 0.0000 tGradient 2.8050 tsec 3.1440
#FOTS# QuadFit found better minimum quadopt=(dt=1775.62,rms=0.651122) vs oldopt=(dt=1479.68,rms=0.651137)
#GCMRL#  171 dt 1775.616000 rms  0.651  0.046% neg 0  invalid 762 tFOTS 4.8340 tGradient 2.8250 tsec 8.0380
#GCMRL#  172 dt  92.480000 rms  0.651  0.000% neg 0  invalid 762 tFOTS 4.8920 tGradient 3.3210 tsec 8.5670
setting smoothness cost coefficient to 0.031

#GCAMreg# pass 0 level1 4 level2 0 tsec 0 sigma 2
l_jacobian=1.00 l_label=1.00 l_log_likelihood=0.20 l_smoothness=0.03 
tol=5.00e-02, dt=5.00e-02, exp_k=20.0, momentum=0.90, levels=6, niter=500, lbl_dist=10.00, avgs=64, sigma=2.0,type=2, relabel=0, neg=no

blurring input image with Gaussian with sigma=2.000...
GCAMRegisterLevel(): init RMS 0.653098
#FOTS# QuadFit found better minimum quadopt=(dt=36.288,rms=0.651881) vs oldopt=(dt=25.92,rms=0.652065)
#GCMRL#  174 dt  36.288000 rms  0.652  0.186% neg 0  invalid 762 tFOTS 4.2860 tGradient 2.3390 tsec 6.9670
#FOTS# QuadFit found better minimum quadopt=(dt=122.269,rms=0.649927) vs oldopt=(dt=103.68,rms=0.649953)
#GCMRL#  175 dt 122.268657 rms  0.650  0.300% neg 0  invalid 762 tFOTS 4.6230 tGradient 2.2170 tsec 7.1910
#FOTS# QuadFit found better minimum quadopt=(dt=248.832,rms=0.640303) vs oldopt=(dt=414.72,rms=0.642138)
#GCMRL#  176 dt 248.832000 rms  0.640  1.481% neg 0  invalid 762 tFOTS 4.3610 tGradient 2.1810 tsec 6.8930
#FOTS# QuadFit found better minimum quadopt=(dt=30.5,rms=0.639281) vs oldopt=(dt=25.92,rms=0.639281)
#GCMRL#  177 dt  30.500000 rms  0.639  0.160% neg 0  invalid 762 tFOTS 4.3470 tGradient 2.2440 tsec 6.9400
#FOTS# QuadFit found better minimum quadopt=(dt=36.288,rms=0.638788) vs oldopt=(dt=25.92,rms=0.638886)
#GCMRL#  178 dt  36.288000 rms  0.639  0.077% neg 0  invalid 762 tFOTS 4.1470 tGradient 2.2020 tsec 6.6980
#FOTS# QuadFit found better minimum quadopt=(dt=331.776,rms=0.635397) vs oldopt=(dt=414.72,rms=0.635645)
#GCMRL#  179 dt 331.776000 rms  0.635  0.531% neg 0  invalid 762 tFOTS 4.3750 tGradient 2.2510 tsec 6.9720
#FOTS# QuadFit found better minimum quadopt=(dt=100.274,rms=0.630239) vs oldopt=(dt=103.68,rms=0.630248)
#GCMRL#  180 dt 100.274368 rms  0.630  0.812% neg 0  invalid 762 tFOTS 4.5130 tGradient 2.2290 tsec 7.0870
#GCMRL#  181 dt  25.920000 rms  0.630  0.065% neg 0  invalid 762 tFOTS 4.3360 tGradient 2.2470 tsec 6.9310
#FOTS# QuadFit found better minimum quadopt=(dt=36.288,rms=0.629595) vs oldopt=(dt=25.92,rms=0.629635)
#GCMRL#  182 dt  36.288000 rms  0.630  0.000% neg 0  invalid 762 tFOTS 4.5380 tGradient 2.2920 tsec 7.1990
#GCMRL#  183 dt  36.288000 rms  0.629  0.062% neg 0  invalid 762 tFOTS 0.0000 tGradient 2.2910 tsec 2.5920
#GCMRL#  184 dt  36.288000 rms  0.628  0.116% neg 0  invalid 762 tFOTS 0.0000 tGradient 2.4740 tsec 2.7940
#GCMRL#  185 dt  36.288000 rms  0.627  0.174% neg 0  invalid 762 tFOTS 0.0000 tGradient 2.2580 tsec 2.5640
#GCMRL#  186 dt  36.288000 rms  0.626  0.233% neg 0  invalid 762 tFOTS 0.0000 tGradient 2.1880 tsec 2.4860
#GCMRL#  187 dt  36.288000 rms  0.624  0.271% neg 0  invalid 762 tFOTS 0.0000 tGradient 2.2950 tsec 2.6010
#GCMRL#  188 dt  36.288000 rms  0.622  0.277% neg 0  invalid 762 tFOTS 0.0000 tGradient 2.2210 tsec 2.5210
#GCMRL#  189 dt  36.288000 rms  0.621  0.271% neg 0  invalid 762 tFOTS 0.0000 tGradient 2.4120 tsec 2.7070
#GCMRL#  190 dt  36.288000 rms  0.619  0.249% neg 0  invalid 762 tFOTS 0.0000 tGradient 2.2060 tsec 2.4940
#GCMRL#  191 dt  36.288000 rms  0.618  0.212% neg 0  invalid 762 tFOTS 0.0000 tGradient 2.2110 tsec 2.5030
#GCMRL#  192 dt  36.288000 rms  0.617  0.192% neg 0  invalid 762 tFOTS 0.0000 tGradient 2.2140 tsec 2.4940
#GCMRL#  193 dt  36.288000 rms  0.616  0.199% neg 0  invalid 762 tFOTS 0.0000 tGradient 2.1980 tsec 2.4940
#GCMRL#  194 dt  36.288000 rms  0.614  0.203% neg 0  invalid 762 tFOTS 0.0000 tGradient 2.1950 tsec 2.4920
#GCMRL#  195 dt  36.288000 rms  0.613  0.193% neg 0  invalid 762 tFOTS 0.0000 tGradient 2.1630 tsec 2.4560
#GCMRL#  196 dt  36.288000 rms  0.612  0.196% neg 0  invalid 762 tFOTS 0.0000 tGradient 2.1740 tsec 2.4700
#GCMRL#  197 dt  36.288000 rms  0.611  0.201% neg 0  invalid 762 tFOTS 0.0000 tGradient 2.1550 tsec 2.4550
#GCMRL#  198 dt  36.288000 rms  0.609  0.205% neg 0  invalid 762 tFOTS 0.0000 tGradient 2.2020 tsec 2.4970
#GCMRL#  199 dt  36.288000 rms  0.608  0.190% neg 0  invalid 762 tFOTS 0.0000 tGradient 2.2170 tsec 2.5210
#GCMRL#  200 dt  36.288000 rms  0.607  0.176% neg 0  invalid 762 tFOTS 0.0000 tGradient 2.1660 tsec 2.4670
#GCMRL#  201 dt  36.288000 rms  0.606  0.170% neg 0  invalid 762 tFOTS 0.0000 tGradient 2.1580 tsec 2.4580
#GCMRL#  202 dt  36.288000 rms  0.605  0.154% neg 0  invalid 762 tFOTS 0.0000 tGradient 2.2470 tsec 2.5480
#GCMRL#  203 dt  36.288000 rms  0.604  0.137% neg 0  invalid 762 tFOTS 0.0000 tGradient 2.0970 tsec 2.3920
#GCMRL#  204 dt  36.288000 rms  0.604  0.136% neg 0  invalid 762 tFOTS 0.0000 tGradient 2.1210 tsec 2.4150
#GCMRL#  205 dt  36.288000 rms  0.603  0.134% neg 0  invalid 762 tFOTS 0.0000 tGradient 2.0610 tsec 2.3590
#GCMRL#  206 dt  36.288000 rms  0.602  0.145% neg 0  invalid 762 tFOTS 0.0000 tGradient 2.1570 tsec 2.4600
#GCMRL#  207 dt  36.288000 rms  0.601  0.138% neg 0  invalid 762 tFOTS 0.0000 tGradient 2.2690 tsec 2.5630
#GCMRL#  208 dt  36.288000 rms  0.601  0.030% neg 0  invalid 762 tFOTS 0.0000 tGradient 2.0830 tsec 2.5650
#GCMRL#  209 dt  36.288000 rms  0.601  0.046% neg 0  invalid 762 tFOTS 0.0000 tGradient 2.0950 tsec 2.3950
#GCMRL#  210 dt  36.288000 rms  0.600  0.063% neg 0  invalid 762 tFOTS 0.0000 tGradient 2.2770 tsec 2.5870
#GCMRL#  211 dt  36.288000 rms  0.600  0.066% neg 0  invalid 762 tFOTS 0.0000 tGradient 2.2070 tsec 2.5070
#GCMRL#  212 dt  36.288000 rms  0.599  0.064% neg 0  invalid 762 tFOTS 0.0000 tGradient 2.1060 tsec 2.4050
#GCMRL#  213 dt  36.288000 rms  0.599  0.063% neg 0  invalid 762 tFOTS 0.0000 tGradient 2.0600 tsec 2.3660
#GCMRL#  214 dt  36.288000 rms  0.599  0.071% neg 0  invalid 762 tFOTS 0.0000 tGradient 2.0400 tsec 2.3410
#GCMRL#  215 dt  36.288000 rms  0.598  0.078% neg 0  invalid 762 tFOTS 0.0000 tGradient 2.0440 tsec 2.3520
#GCMRL#  216 dt  36.288000 rms  0.598  0.087% neg 0  invalid 762 tFOTS 0.0000 tGradient 2.1080 tsec 2.4080
#GCMRL#  217 dt  36.288000 rms  0.597  0.089% neg 0  invalid 762 tFOTS 0.0000 tGradient 2.1460 tsec 2.4500
#GCMRL#  218 dt  36.288000 rms  0.597  0.082% neg 0  invalid 762 tFOTS 0.0000 tGradient 2.1300 tsec 2.4330
#GCMRL#  219 dt  36.288000 rms  0.596  0.073% neg 0  invalid 762 tFOTS 0.0000 tGradient 2.1230 tsec 2.4260
#GCMRL#  220 dt  36.288000 rms  0.596  0.071% neg 0  invalid 762 tFOTS 0.0000 tGradient 2.2110 tsec 2.5120
#GCMRL#  221 dt  36.288000 rms  0.595  0.066% neg 0  invalid 762 tFOTS 0.0000 tGradient 2.1530 tsec 2.4510
#GCMRL#  222 dt  36.288000 rms  0.595  0.071% neg 0  invalid 762 tFOTS 0.0000 tGradient 2.1440 tsec 2.4430
#GCMRL#  223 dt  36.288000 rms  0.595  0.071% neg 0  invalid 762 tFOTS 0.0000 tGradient 2.0850 tsec 2.3870
#GCMRL#  224 dt  36.288000 rms  0.594  0.068% neg 0  invalid 762 tFOTS 0.0000 tGradient 2.1340 tsec 2.4310
#GCMRL#  225 dt  36.288000 rms  0.594  0.073% neg 0  invalid 762 tFOTS 0.0000 tGradient 2.1200 tsec 2.4180
#GCMRL#  226 dt  36.288000 rms  0.593  0.072% neg 0  invalid 762 tFOTS 0.0000 tGradient 2.1420 tsec 2.5100
#GCMRL#  227 dt  36.288000 rms  0.593  0.068% neg 0  invalid 762 tFOTS 0.0000 tGradient 2.1920 tsec 2.5040
#GCMRL#  228 dt  36.288000 rms  0.592  0.067% neg 0  invalid 762 tFOTS 0.0000 tGradient 2.1760 tsec 2.5450
#GCMRL#  229 dt  36.288000 rms  0.592  0.058% neg 0  invalid 762 tFOTS 0.0000 tGradient 2.3420 tsec 2.6890
#GCMRL#  230 dt  36.288000 rms  0.592  0.057% neg 0  invalid 762 tFOTS 0.0000 tGradient 2.7850 tsec 3.1590
#GCMRL#  231 dt  36.288000 rms  0.591  0.059% neg 0  invalid 762 tFOTS 0.0000 tGradient 2.1650 tsec 2.4750
#GCMRL#  232 dt  36.288000 rms  0.591  0.061% neg 0  invalid 762 tFOTS 0.0000 tGradient 2.1620 tsec 2.4750
#GCMRL#  233 dt  36.288000 rms  0.591  0.009% neg 0  invalid 762 tFOTS 0.0000 tGradient 2.1790 tsec 2.6700
#GCMRL#  234 dt  36.288000 rms  0.591  0.011% neg 0  invalid 762 tFOTS 0.0000 tGradient 2.1720 tsec 2.4990
#GCMRL#  235 dt  36.288000 rms  0.591  0.007% neg 0  invalid 762 tFOTS 0.0000 tGradient 2.2440 tsec 2.8060
#FOTS# QuadFit found better minimum quadopt=(dt=36.288,rms=0.590895) vs oldopt=(dt=25.92,rms=0.590901)
#GCMRL#  236 dt  36.288000 rms  0.591  0.000% neg 0  invalid 762 tFOTS 3.8850 tGradient 2.2040 tsec 6.4680
#GCMRL#  237 dt   9.072000 rms  0.591  0.001% neg 0  invalid 762 tFOTS 0.0000 tGradient 2.1820 tsec 2.9690
#GCMRL#  238 dt   4.536000 rms  0.591  0.001% neg 0  invalid 762 tFOTS 0.0000 tGradient 2.1650 tsec 2.8020
#GCMRL#  239 dt   1.134000 rms  0.591  0.000% neg 0  invalid 762 tFOTS 0.0000 tGradient 2.1620 tsec 2.9490

#GCAMreg# pass 0 level1 4 level2 1 tsec 223.634 sigma 0.5
l_jacobian=1.00 l_label=1.00 l_log_likelihood=0.20 l_smoothness=0.03 
tol=5.00e-02, dt=5.00e-02, exp_k=20.0, momentum=0.90, levels=6, niter=500, lbl_dist=10.00, avgs=64, sigma=0.5,type=2, relabel=0, neg=no

blurring input image with Gaussian with sigma=0.500...
GCAMRegisterLevel(): init RMS 0.591014
#FOTS# QuadFit found better minimum quadopt=(dt=87.9304,rms=0.589083) vs oldopt=(dt=103.68,rms=0.589151)
#GCMRL#  241 dt  87.930435 rms  0.589  0.327% neg 0  invalid 762 tFOTS 4.2010 tGradient 2.2070 tsec 6.7280
#FOTS# QuadFit found better minimum quadopt=(dt=36.288,rms=0.588317) vs oldopt=(dt=25.92,rms=0.588436)
#GCMRL#  242 dt  36.288000 rms  0.588  0.130% neg 0  invalid 762 tFOTS 4.2380 tGradient 2.1170 tsec 6.6820
#FOTS# QuadFit found better minimum quadopt=(dt=145.152,rms=0.58713) vs oldopt=(dt=103.68,rms=0.587348)
#GCMRL#  243 dt 145.152000 rms  0.587  0.202% neg 0  invalid 762 tFOTS 4.2910 tGradient 2.1310 tsec 6.7590
#FOTS# QuadFit found better minimum quadopt=(dt=36.288,rms=0.586791) vs oldopt=(dt=25.92,rms=0.586832)
#GCMRL#  244 dt  36.288000 rms  0.587  0.058% neg 0  invalid 762 tFOTS 4.2360 tGradient 2.2030 tsec 6.7820
#FOTS# QuadFit found better minimum quadopt=(dt=145.152,rms=0.586269) vs oldopt=(dt=103.68,rms=0.58634)
#GCMRL#  245 dt 145.152000 rms  0.586  0.089% neg 0  invalid 762 tFOTS 4.3820 tGradient 2.3750 tsec 7.0860
#FOTS# QuadFit found better minimum quadopt=(dt=36.288,rms=0.585937) vs oldopt=(dt=25.92,rms=0.585987)
#GCMRL#  246 dt  36.288000 rms  0.586  0.057% neg 0  invalid 762 tFOTS 5.1050 tGradient 2.5930 tsec 8.0670
#FOTS# QuadFit found better minimum quadopt=(dt=331.776,rms=0.585143) vs oldopt=(dt=414.72,rms=0.585197)
#GCMRL#  247 dt 331.776000 rms  0.585  0.136% neg 0  invalid 762 tFOTS 4.3660 tGradient 2.5410 tsec 7.2520
#FOTS# QuadFit found better minimum quadopt=(dt=31.104,rms=0.584573) vs oldopt=(dt=25.92,rms=0.584596)
#GCMRL#  248 dt  31.104000 rms  0.585  0.097% neg 0  invalid 762 tFOTS 4.7380 tGradient 2.2170 tsec 7.2980
#FOTS# QuadFit found better minimum quadopt=(dt=331.776,rms=0.584116) vs oldopt=(dt=414.72,rms=0.58415)
#GCMRL#  249 dt 331.776000 rms  0.584  0.078% neg 0  invalid 762 tFOTS 4.5760 tGradient 2.0940 tsec 6.9980
#FOTS# QuadFit found better minimum quadopt=(dt=82.944,rms=0.583645) vs oldopt=(dt=103.68,rms=0.583689)
#GCMRL#  250 dt  82.944000 rms  0.584  0.081% neg 0  invalid 762 tFOTS 4.2700 tGradient 2.2660 tsec 6.8510
#FOTS# QuadFit found better minimum quadopt=(dt=36.288,rms=0.583538) vs oldopt=(dt=25.92,rms=0.583556)
#GCMRL#  251 dt  36.288000 rms  0.584  0.000% neg 0  invalid 762 tFOTS 4.6700 tGradient 2.1790 tsec 7.2020
#GCMRL#  252 dt  36.288000 rms  0.583  0.014% neg 0  invalid 762 tFOTS 0.0000 tGradient 2.1070 tsec 2.4190
#GCMRL#  253 dt  36.288000 rms  0.583  0.024% neg 0  invalid 762 tFOTS 0.0000 tGradient 2.1240 tsec 2.4380
#GCMRL#  254 dt  36.288000 rms  0.583  0.031% neg 0  invalid 762 tFOTS 0.0000 tGradient 2.1610 tsec 2.4760
#GCMRL#  255 dt  36.288000 rms  0.583  0.034% neg 0  invalid 762 tFOTS 0.0000 tGradient 2.0950 tsec 2.4130
#GCMRL#  256 dt  36.288000 rms  0.583  0.044% neg 0  invalid 762 tFOTS 0.0000 tGradient 2.1480 tsec 2.4710
#GCMRL#  257 dt  36.288000 rms  0.582  0.050% neg 0  invalid 762 tFOTS 0.0000 tGradient 2.2490 tsec 2.5720
#GCMRL#  258 dt  36.288000 rms  0.582  0.049% neg 0  invalid 762 tFOTS 0.0000 tGradient 2.3070 tsec 2.6290
#GCMRL#  259 dt  36.288000 rms  0.582  0.050% neg 0  invalid 762 tFOTS 0.0000 tGradient 2.1000 tsec 2.4130
#GCMRL#  260 dt  36.288000 rms  0.582  0.052% neg 0  invalid 762 tFOTS 0.0000 tGradient 2.0540 tsec 2.3610
#GCMRL#  261 dt  36.288000 rms  0.581  0.057% neg 0  invalid 762 tFOTS 0.0000 tGradient 2.0960 tsec 2.4080
#GCMRL#  262 dt  36.288000 rms  0.581  0.059% neg 0  invalid 762 tFOTS 0.0000 tGradient 2.1550 tsec 2.4620
#GCMRL#  263 dt  36.288000 rms  0.581  0.055% neg 0  invalid 762 tFOTS 0.0000 tGradient 2.1660 tsec 2.4680
#GCMRL#  264 dt  36.288000 rms  0.580  0.058% neg 0  invalid 762 tFOTS 0.0000 tGradient 2.0840 tsec 2.3900
#GCMRL#  265 dt  36.288000 rms  0.580  0.050% neg 0  invalid 762 tFOTS 0.0000 tGradient 2.2530 tsec 2.5570
#GCMRL#  266 dt  36.288000 rms  0.580  0.046% neg 0  invalid 762 tFOTS 0.0000 tGradient 2.1190 tsec 2.4430
#GCMRL#  267 dt  36.288000 rms  0.579  0.047% neg 0  invalid 762 tFOTS 0.0000 tGradient 2.1530 tsec 2.4700
#GCMRL#  268 dt  36.288000 rms  0.579  0.052% neg 0  invalid 762 tFOTS 0.0000 tGradient 2.0700 tsec 2.3760
#GCMRL#  269 dt  36.288000 rms  0.579  0.049% neg 0  invalid 762 tFOTS 0.0000 tGradient 2.2150 tsec 2.5970
#GCMRL#  270 dt  36.288000 rms  0.578  0.048% neg 0  invalid 762 tFOTS 0.0000 tGradient 2.2210 tsec 2.6100
#GCMRL#  271 dt  36.288000 rms  0.578  0.042% neg 0  invalid 762 tFOTS 0.0000 tGradient 2.1380 tsec 2.4720
#GCMRL#  272 dt  36.288000 rms  0.578  0.043% neg 0  invalid 762 tFOTS 0.0000 tGradient 2.2410 tsec 2.5580
#GCMRL#  273 dt  36.288000 rms  0.578  0.040% neg 0  invalid 762 tFOTS 0.0000 tGradient 2.0610 tsec 2.3820
#GCMRL#  274 dt  36.288000 rms  0.577  0.048% neg 0  invalid 762 tFOTS 0.0000 tGradient 2.5690 tsec 2.9310
#GCMRL#  275 dt  36.288000 rms  0.577  0.042% neg 0  invalid 762 tFOTS 0.0000 tGradient 2.1770 tsec 2.5080
#GCMRL#  276 dt  36.288000 rms  0.577  0.041% neg 0  invalid 762 tFOTS 0.0000 tGradient 2.2810 tsec 2.5940
#GCMRL#  277 dt  36.288000 rms  0.577  0.041% neg 0  invalid 762 tFOTS 0.0000 tGradient 2.3220 tsec 2.6360
#GCMRL#  278 dt  36.288000 rms  0.577  0.038% neg 0  invalid 762 tFOTS 0.0000 tGradient 2.1250 tsec 2.4500
#GCMRL#  279 dt  36.288000 rms  0.576  0.037% neg 0  invalid 762 tFOTS 0.0000 tGradient 2.3490 tsec 2.7070
#GCMRL#  280 dt  36.288000 rms  0.576  0.035% neg 0  invalid 762 tFOTS 0.0000 tGradient 2.6000 tsec 2.9290
#GCMRL#  281 dt  36.288000 rms  0.576  0.033% neg 0  invalid 762 tFOTS 0.0000 tGradient 2.1750 tsec 2.4890
#GCMRL#  282 dt  36.288000 rms  0.576  0.036% neg 0  invalid 762 tFOTS 0.0000 tGradient 2.1450 tsec 2.4620
#GCMRL#  283 dt  36.288000 rms  0.576  0.032% neg 0  invalid 762 tFOTS 0.0000 tGradient 2.1490 tsec 2.5060
#GCMRL#  284 dt  36.288000 rms  0.575  0.032% neg 0  invalid 762 tFOTS 0.0000 tGradient 2.7720 tsec 3.1070
#GCMRL#  285 dt  36.288000 rms  0.575  0.031% neg 0  invalid 762 tFOTS 0.0000 tGradient 2.3060 tsec 2.6210
#GCMRL#  286 dt  36.288000 rms  0.575  0.028% neg 0  invalid 762 tFOTS 0.0000 tGradient 2.2170 tsec 2.5300
#GCMRL#  287 dt  36.288000 rms  0.575  0.032% neg 0  invalid 762 tFOTS 0.0000 tGradient 2.1510 tsec 2.4840
#GCMRL#  288 dt  36.288000 rms  0.575  0.031% neg 0  invalid 762 tFOTS 0.0000 tGradient 2.2790 tsec 2.5910
#GCMRL#  289 dt  36.288000 rms  0.574  0.036% neg 0  invalid 762 tFOTS 0.0000 tGradient 2.4260 tsec 2.7340
#GCMRL#  290 dt  36.288000 rms  0.574  0.031% neg 0  invalid 762 tFOTS 0.0000 tGradient 2.4530 tsec 2.7690
#GCMRL#  291 dt  36.288000 rms  0.574  0.027% neg 0  invalid 762 tFOTS 0.0000 tGradient 2.1100 tsec 2.4270
#GCMRL#  292 dt  36.288000 rms  0.574  0.024% neg 0  invalid 762 tFOTS 0.0000 tGradient 2.1020 tsec 2.4060
#GCMRL#  293 dt  36.288000 rms  0.574  0.027% neg 0  invalid 762 tFOTS 0.0000 tGradient 2.0900 tsec 2.3990
#GCMRL#  294 dt  36.288000 rms  0.574  0.023% neg 0  invalid 762 tFOTS 0.0000 tGradient 2.2260 tsec 2.5360
#GCMRL#  295 dt  36.288000 rms  0.574  0.024% neg 0  invalid 762 tFOTS 0.0000 tGradient 2.1140 tsec 2.4240
#GCMRL#  296 dt  36.288000 rms  0.573  0.027% neg 0  invalid 762 tFOTS 0.0000 tGradient 2.0920 tsec 2.3930
#GCMRL#  297 dt  36.288000 rms  0.573  0.025% neg 0  invalid 762 tFOTS 0.0000 tGradient 2.1190 tsec 2.5190
#GCMRL#  298 dt  36.288000 rms  0.573  0.026% neg 0  invalid 762 tFOTS 0.0000 tGradient 2.2190 tsec 2.5210
#GCMRL#  299 dt  36.288000 rms  0.573  0.027% neg 0  invalid 762 tFOTS 0.0000 tGradient 2.0950 tsec 2.4010
#GCMRL#  300 dt  36.288000 rms  0.573  0.023% neg 0  invalid 762 tFOTS 0.0000 tGradient 2.1180 tsec 2.4240
#GCMRL#  301 dt  36.288000 rms  0.573  0.023% neg 0  invalid 762 tFOTS 0.0000 tGradient 2.1010 tsec 2.4230
#FOTS# QuadFit found better minimum quadopt=(dt=36.288,rms=0.572709) vs oldopt=(dt=25.92,rms=0.572711)
#GCMRL#  302 dt  36.288000 rms  0.573  0.000% neg 0  invalid 762 tFOTS 4.5010 tGradient 2.2510 tsec 7.1010
#GCMRL#  303 dt  36.288000 rms  0.573  0.006% neg 0  invalid 762 tFOTS 0.0000 tGradient 2.0820 tsec 2.3790
#GCMRL#  304 dt  36.288000 rms  0.573  0.006% neg 0  invalid 762 tFOTS 0.0000 tGradient 2.2040 tsec 2.5050
#GCMRL#  305 dt  36.288000 rms  0.573  0.006% neg 0  invalid 762 tFOTS 0.0000 tGradient 2.0910 tsec 2.3930
#GCMRL#  306 dt  36.288000 rms  0.573  0.007% neg 0  invalid 762 tFOTS 0.0000 tGradient 2.1250 tsec 2.4270
#GCMRL#  307 dt  36.288000 rms  0.573  0.011% neg 0  invalid 762 tFOTS 0.0000 tGradient 2.4670 tsec 2.8240
#GCMRL#  308 dt  36.288000 rms  0.572  0.009% neg 0  invalid 762 tFOTS 0.0000 tGradient 2.0700 tsec 2.3810
#GCMRL#  309 dt  36.288000 rms  0.572  0.010% neg 0  invalid 762 tFOTS 0.0000 tGradient 2.1700 tsec 2.4820
#GCMRL#  310 dt  36.288000 rms  0.572  0.011% neg 0  invalid 762 tFOTS 0.0000 tGradient 2.0280 tsec 2.3300
#GCMRL#  311 dt  36.288000 rms  0.572  0.014% neg 0  invalid 762 tFOTS 0.0000 tGradient 2.1430 tsec 2.4650
setting smoothness cost coefficient to 0.118

#GCAMreg# pass 0 level1 3 level2 0 tsec 0 sigma 2
l_jacobian=1.00 l_label=1.00 l_log_likelihood=0.20 l_smoothness=0.12 
tol=5.00e-02, dt=5.00e-02, exp_k=20.0, momentum=0.90, levels=6, niter=500, lbl_dist=10.00, avgs=16, sigma=2.0,type=2, relabel=0, neg=no

blurring input image with Gaussian with sigma=2.000...
GCAMRegisterLevel(): init RMS 0.584909
#FOTS# QuadFit found better minimum quadopt=(dt=24.8771,rms=0.583318) vs oldopt=(dt=32,rms=0.583498)
#GCMRL#  313 dt  24.877076 rms  0.583  0.272% neg 0  invalid 762 tFOTS 4.6240 tGradient 1.9810 tsec 6.9520
#FOTS# QuadFit found better minimum quadopt=(dt=44.8,rms=0.580088) vs oldopt=(dt=32,rms=0.580611)
#GCMRL#  314 dt  44.800000 rms  0.580  0.554% neg 0  invalid 762 tFOTS 4.4050 tGradient 1.9190 tsec 6.6760
#FOTS# QuadFit found better minimum quadopt=(dt=11.2,rms=0.579081) vs oldopt=(dt=8,rms=0.579298)
#GCMRL#  315 dt  11.200000 rms  0.579  0.174% neg 0  invalid 762 tFOTS 4.0470 tGradient 1.9250 tsec 6.3190
#FOTS# QuadFit found better minimum quadopt=(dt=44.8,rms=0.577497) vs oldopt=(dt=32,rms=0.577786)
#GCMRL#  316 dt  44.800000 rms  0.577  0.274% neg 0  invalid 762 tFOTS 4.6510 tGradient 1.9650 tsec 6.9970
#FOTS# QuadFit found better minimum quadopt=(dt=11.2,rms=0.575985) vs oldopt=(dt=8,rms=0.576339)
#GCMRL#  317 dt  11.200000 rms  0.576  0.262% neg 0  invalid 762 tFOTS 4.3290 tGradient 1.9080 tsec 6.5700
#FOTS# QuadFit found better minimum quadopt=(dt=85.8947,rms=0.57455) vs oldopt=(dt=32,rms=0.574847)
#GCMRL#  318 dt  85.894737 rms  0.575  0.249% neg 0  invalid 762 tFOTS 4.2700 tGradient 1.9050 tsec 6.5230
#FOTS# QuadFit found better minimum quadopt=(dt=18.2095,rms=0.571303) vs oldopt=(dt=8,rms=0.572085)
#GCMRL#  319 dt  18.209524 rms  0.571  0.565% neg 0  invalid 762 tFOTS 4.0610 tGradient 1.9800 tsec 6.3790
#GCMRL#  320 dt   8.000000 rms  0.571  0.062% neg 0  invalid 762 tFOTS 4.2660 tGradient 1.9040 tsec 6.5090
#FOTS# QuadFit found better minimum quadopt=(dt=44.8,rms=0.569746) vs oldopt=(dt=32,rms=0.570005)
#GCMRL#  321 dt  44.800000 rms  0.570  0.211% neg 0  invalid 762 tFOTS 4.0690 tGradient 2.0610 tsec 6.4760
#GCMRL#  322 dt  32.000000 rms  0.569  0.218% neg 0  invalid 762 tFOTS 4.5200 tGradient 2.0440 tsec 6.9600
#GCMRL#  323 dt   8.000000 rms  0.568  0.054% neg 0  invalid 762 tFOTS 4.2130 tGradient 2.0600 tsec 6.6240
#FOTS# QuadFit found better minimum quadopt=(dt=38.4,rms=0.567243) vs oldopt=(dt=32,rms=0.567372)
#GCMRL#  324 dt  38.400000 rms  0.567  0.168% neg 0  invalid 762 tFOTS 4.0230 tGradient 1.9190 tsec 6.3010
#FOTS# QuadFit found better minimum quadopt=(dt=38.4,rms=0.566187) vs oldopt=(dt=32,rms=0.566248)
#GCMRL#  325 dt  38.400000 rms  0.566  0.186% neg 0  invalid 762 tFOTS 4.3820 tGradient 1.9070 tsec 6.6370
#GCMRL#  326 dt   8.000000 rms  0.566  0.000% neg 0  invalid 762 tFOTS 4.3720 tGradient 1.9360 tsec 6.7000
#GCMRL#  327 dt   8.000000 rms  0.566  0.037% neg 0  invalid 762 tFOTS 0.0000 tGradient 1.9210 tsec 2.2640
#GCMRL#  328 dt   8.000000 rms  0.565  0.068% neg 0  invalid 762 tFOTS 0.0000 tGradient 1.9090 tsec 2.2460
#GCMRL#  329 dt   8.000000 rms  0.565  0.091% neg 0  invalid 762 tFOTS 0.0000 tGradient 1.9010 tsec 2.2360
#GCMRL#  330 dt   8.000000 rms  0.564  0.108% neg 0  invalid 762 tFOTS 0.0000 tGradient 1.9110 tsec 2.2480
#GCMRL#  331 dt   8.000000 rms  0.564  0.124% neg 0  invalid 762 tFOTS 0.0000 tGradient 1.8890 tsec 2.2200
#GCMRL#  332 dt   8.000000 rms  0.563  0.137% neg 0  invalid 762 tFOTS 0.0000 tGradient 2.0100 tsec 2.3920
#GCMRL#  333 dt   8.000000 rms  0.562  0.134% neg 0  invalid 762 tFOTS 0.0000 tGradient 1.8660 tsec 2.2440
#GCMRL#  334 dt   8.000000 rms  0.561  0.145% neg 0  invalid 762 tFOTS 0.0000 tGradient 1.9650 tsec 2.3030
#GCMRL#  335 dt   8.000000 rms  0.560  0.150% neg 0  invalid 762 tFOTS 0.0000 tGradient 1.9020 tsec 2.2430
#GCMRL#  336 dt   8.000000 rms  0.559  0.151% neg 0  invalid 762 tFOTS 0.0000 tGradient 1.9990 tsec 2.3330
#GCMRL#  337 dt   8.000000 rms  0.559  0.149% neg 0  invalid 762 tFOTS 0.0000 tGradient 2.1870 tsec 2.5420
#GCMRL#  338 dt   8.000000 rms  0.558  0.141% neg 0  invalid 762 tFOTS 0.0000 tGradient 1.8570 tsec 2.1860
#GCMRL#  339 dt   8.000000 rms  0.557  0.138% neg 0  invalid 762 tFOTS 0.0000 tGradient 1.9420 tsec 2.2710
#GCMRL#  340 dt   8.000000 rms  0.556  0.129% neg 0  invalid 762 tFOTS 0.0000 tGradient 1.9000 tsec 2.2240
#GCMRL#  341 dt   8.000000 rms  0.556  0.122% neg 0  invalid 762 tFOTS 0.0000 tGradient 1.8720 tsec 2.1980
#GCMRL#  342 dt   8.000000 rms  0.555  0.116% neg 0  invalid 762 tFOTS 0.0000 tGradient 1.9220 tsec 2.2560
#GCMRL#  343 dt   8.000000 rms  0.554  0.107% neg 0  invalid 762 tFOTS 0.0000 tGradient 1.9450 tsec 2.2930
#GCMRL#  344 dt   8.000000 rms  0.554  0.105% neg 0  invalid 762 tFOTS 0.0000 tGradient 1.9720 tsec 2.3180
#GCMRL#  345 dt   8.000000 rms  0.553  0.096% neg 0  invalid 762 tFOTS 0.0000 tGradient 2.0000 tsec 2.3490
#GCMRL#  346 dt   8.000000 rms  0.553  0.087% neg 0  invalid 762 tFOTS 0.0000 tGradient 1.9940 tsec 2.3340
#GCMRL#  347 dt   8.000000 rms  0.552  0.083% neg 0  invalid 762 tFOTS 0.0000 tGradient 1.9670 tsec 2.3160
#GCMRL#  348 dt   8.000000 rms  0.552  0.082% neg 0  invalid 762 tFOTS 0.0000 tGradient 1.9310 tsec 2.2740
#GCMRL#  349 dt   8.000000 rms  0.552  0.076% neg 0  invalid 762 tFOTS 0.0000 tGradient 1.9150 tsec 2.2560
#GCMRL#  350 dt   8.000000 rms  0.551  0.074% neg 0  invalid 762 tFOTS 0.0000 tGradient 1.9550 tsec 2.3020
#GCMRL#  351 dt   8.000000 rms  0.551  0.072% neg 0  invalid 762 tFOTS 0.0000 tGradient 1.9770 tsec 2.3170
#GCMRL#  352 dt   8.000000 rms  0.550  0.072% neg 0  invalid 762 tFOTS 0.0000 tGradient 2.2230 tsec 2.6040
#GCMRL#  353 dt   8.000000 rms  0.550  0.068% neg 0  invalid 762 tFOTS 0.0000 tGradient 1.8960 tsec 2.2380
#GCMRL#  354 dt   8.000000 rms  0.550  0.064% neg 0  invalid 762 tFOTS 0.0000 tGradient 1.8720 tsec 2.2210
#GCMRL#  355 dt   8.000000 rms  0.549  0.061% neg 0  invalid 762 tFOTS 0.0000 tGradient 2.1510 tsec 2.5340
#GCMRL#  356 dt   8.000000 rms  0.549  0.053% neg 0  invalid 762 tFOTS 0.0000 tGradient 2.2570 tsec 2.5990
#GCMRL#  357 dt   8.000000 rms  0.549  0.046% neg 0  invalid 762 tFOTS 0.0000 tGradient 1.8730 tsec 2.2510
#GCMRL#  358 dt   8.000000 rms  0.548  0.044% neg 0  invalid 762 tFOTS 0.0000 tGradient 1.9130 tsec 2.2520
#GCMRL#  359 dt   8.000000 rms  0.548  0.048% neg 0  invalid 762 tFOTS 0.0000 tGradient 1.9460 tsec 2.2870
#GCMRL#  360 dt   8.000000 rms  0.548  0.048% neg 0  invalid 762 tFOTS 0.0000 tGradient 1.9620 tsec 2.3040
#GCMRL#  361 dt   8.000000 rms  0.548  0.050% neg 0  invalid 762 tFOTS 0.0000 tGradient 1.8970 tsec 2.2420
#GCMRL#  362 dt   8.000000 rms  0.547  0.045% neg 0  invalid 762 tFOTS 0.0000 tGradient 1.8610 tsec 2.2030
#GCMRL#  363 dt   8.000000 rms  0.547  0.041% neg 0  invalid 762 tFOTS 0.0000 tGradient 2.1990 tsec 2.5990
#GCMRL#  364 dt   8.000000 rms  0.547  0.034% neg 0  invalid 762 tFOTS 0.0000 tGradient 2.2240 tsec 2.6270
#GCMRL#  365 dt   8.000000 rms  0.547  0.029% neg 0  invalid 762 tFOTS 0.0000 tGradient 2.1820 tsec 2.5200
#GCMRL#  366 dt   8.000000 rms  0.547  0.029% neg 0  invalid 762 tFOTS 0.0000 tGradient 1.9090 tsec 2.2380
#GCMRL#  367 dt   8.000000 rms  0.547  0.029% neg 0  invalid 762 tFOTS 0.0000 tGradient 1.8730 tsec 2.2510
#GCMRL#  368 dt   8.000000 rms  0.546  0.030% neg 0  invalid 762 tFOTS 0.0000 tGradient 1.9750 tsec 2.3160
#GCMRL#  369 dt   8.000000 rms  0.546  0.034% neg 0  invalid 762 tFOTS 0.0000 tGradient 1.9160 tsec 2.2980
#GCMRL#  370 dt   8.000000 rms  0.546  0.029% neg 0  invalid 762 tFOTS 0.0000 tGradient 1.9880 tsec 2.3290
#GCMRL#  371 dt   8.000000 rms  0.546  0.028% neg 0  invalid 762 tFOTS 0.0000 tGradient 1.9560 tsec 2.3070
#GCMRL#  372 dt   8.000000 rms  0.546  0.020% neg 0  invalid 762 tFOTS 0.0000 tGradient 1.9280 tsec 2.3160
#GCMRL#  373 dt   8.000000 rms  0.546  0.021% neg 0  invalid 762 tFOTS 0.0000 tGradient 1.9530 tsec 2.3180
#GCMRL#  374 dt   8.000000 rms  0.546  0.017% neg 0  invalid 762 tFOTS 0.0000 tGradient 1.9400 tsec 2.3040
#FOTS# QuadFit found better minimum quadopt=(dt=44.8,rms=0.545413) vs oldopt=(dt=32,rms=0.545447)
#GCMRL#  375 dt  44.800000 rms  0.545  0.032% neg 0  invalid 762 tFOTS 3.9850 tGradient 2.0150 tsec 6.3330
#FOTS# QuadFit found better minimum quadopt=(dt=9.6,rms=0.545412) vs oldopt=(dt=8,rms=0.545413)
#GCMRL#  376 dt   9.600000 rms  0.545  0.000% neg 0  invalid 762 tFOTS 4.3410 tGradient 1.8830 tsec 6.5740
#GCMRL#  377 dt   9.600000 rms  0.545  0.006% neg 0  invalid 762 tFOTS 0.0000 tGradient 2.2560 tsec 2.6210
#GCMRL#  378 dt   9.600000 rms  0.545  0.003% neg 0  invalid 762 tFOTS 0.0000 tGradient 1.7740 tsec 2.0920
#GCMRL#  379 dt   9.600000 rms  0.545  0.005% neg 0  invalid 762 tFOTS 0.0000 tGradient 1.8610 tsec 2.2860
#GCMRL#  380 dt   9.600000 rms  0.545  0.007% neg 0  invalid 762 tFOTS 0.0000 tGradient 1.9380 tsec 2.2430
#GCMRL#  381 dt   9.600000 rms  0.545  0.009% neg 0  invalid 762 tFOTS 0.0000 tGradient 2.2310 tsec 2.5680
#GCMRL#  382 dt   9.600000 rms  0.545  0.014% neg 0  invalid 762 tFOTS 0.0000 tGradient 2.3700 tsec 2.7160
#GCMRL#  383 dt   9.600000 rms  0.545  0.015% neg 0  invalid 762 tFOTS 0.0000 tGradient 1.7850 tsec 2.1010
#GCMRL#  384 dt   9.600000 rms  0.545  0.016% neg 0  invalid 762 tFOTS 0.0000 tGradient 2.0000 tsec 2.4340

#GCAMreg# pass 0 level1 3 level2 1 tsec 247.488 sigma 0.5
l_jacobian=1.00 l_label=1.00 l_log_likelihood=0.20 l_smoothness=0.12 
tol=5.00e-02, dt=5.00e-02, exp_k=20.0, momentum=0.90, levels=6, niter=500, lbl_dist=10.00, avgs=16, sigma=0.5,type=2, relabel=0, neg=no

blurring input image with Gaussian with sigma=0.500...
GCAMRegisterLevel(): init RMS 0.54506
#FOTS# QuadFit found better minimum quadopt=(dt=38.4,rms=0.542672) vs oldopt=(dt=32,rms=0.542684)
#GCMRL#  386 dt  38.400000 rms  0.543  0.438% neg 0  invalid 762 tFOTS 4.5020 tGradient 2.0300 tsec 6.8620
#FOTS# QuadFit found better minimum quadopt=(dt=24.381,rms=0.541832) vs oldopt=(dt=32,rms=0.54197)
#GCMRL#  387 dt  24.380952 rms  0.542  0.155% neg 0  invalid 762 tFOTS 4.3970 tGradient 1.9190 tsec 6.7910
#GCMRL#  388 dt  32.000000 rms  0.541  0.117% neg 0  invalid 762 tFOTS 4.6340 tGradient 2.0020 tsec 6.9540
#FOTS# QuadFit found better minimum quadopt=(dt=11.2,rms=0.54095) vs oldopt=(dt=8,rms=0.540986)
#GCMRL#  389 dt  11.200000 rms  0.541  0.000% neg 0  invalid 762 tFOTS 4.7750 tGradient 1.7450 tsec 6.8820
#GCMRL#  390 dt  11.200000 rms  0.541  0.025% neg 0  invalid 762 tFOTS 0.0000 tGradient 1.8950 tsec 2.3220
#GCMRL#  391 dt  11.200000 rms  0.541  0.042% neg 0  invalid 762 tFOTS 0.0000 tGradient 1.7970 tsec 2.1330
#GCMRL#  392 dt  11.200000 rms  0.540  0.055% neg 0  invalid 762 tFOTS 0.0000 tGradient 1.8150 tsec 2.1230
#GCMRL#  393 dt  11.200000 rms  0.540  0.060% neg 0  invalid 762 tFOTS 0.0000 tGradient 1.8390 tsec 2.2530
#GCMRL#  394 dt  11.200000 rms  0.540  0.066% neg 0  invalid 762 tFOTS 0.0000 tGradient 1.7470 tsec 2.0580
#GCMRL#  395 dt  11.200000 rms  0.539  0.065% neg 0  invalid 762 tFOTS 0.0000 tGradient 1.7610 tsec 2.1920
#GCMRL#  396 dt  11.200000 rms  0.539  0.056% neg 0  invalid 762 tFOTS 0.0000 tGradient 1.9860 tsec 2.3090
#GCMRL#  397 dt  11.200000 rms  0.539  0.048% neg 0  invalid 762 tFOTS 0.0000 tGradient 1.8040 tsec 2.1040
#GCMRL#  398 dt  11.200000 rms  0.538  0.043% neg 0  invalid 762 tFOTS 0.0000 tGradient 1.8480 tsec 2.2530
#GCMRL#  399 dt  11.200000 rms  0.538  0.040% neg 0  invalid 762 tFOTS 0.0000 tGradient 1.9040 tsec 2.2110
#GCMRL#  400 dt  11.200000 rms  0.538  0.039% neg 0  invalid 762 tFOTS 0.0000 tGradient 1.7450 tsec 2.0580
#GCMRL#  401 dt  11.200000 rms  0.538  0.041% neg 0  invalid 762 tFOTS 0.0000 tGradient 2.0220 tsec 2.4190
#GCMRL#  402 dt  11.200000 rms  0.538  0.035% neg 0  invalid 762 tFOTS 0.0000 tGradient 1.7450 tsec 2.0950
#GCMRL#  403 dt  11.200000 rms  0.537  0.042% neg 0  invalid 762 tFOTS 0.0000 tGradient 2.1590 tsec 2.4690
#GCMRL#  404 dt  11.200000 rms  0.537  0.040% neg 0  invalid 762 tFOTS 0.0000 tGradient 1.8500 tsec 2.1590
#GCMRL#  405 dt  11.200000 rms  0.537  0.039% neg 0  invalid 762 tFOTS 0.0000 tGradient 1.7650 tsec 2.1940
#GCMRL#  406 dt  11.200000 rms  0.537  0.047% neg 0  invalid 762 tFOTS 0.0000 tGradient 1.8760 tsec 2.1730
#GCMRL#  407 dt  11.200000 rms  0.536  0.042% neg 0  invalid 762 tFOTS 0.0000 tGradient 1.7840 tsec 2.1020
#GCMRL#  408 dt  11.200000 rms  0.536  0.041% neg 0  invalid 762 tFOTS 0.0000 tGradient 2.0050 tsec 2.3150
#GCMRL#  409 dt  11.200000 rms  0.536  0.037% neg 0  invalid 762 tFOTS 0.0000 tGradient 1.7900 tsec 2.0920
#GCMRL#  410 dt  11.200000 rms  0.536  0.031% neg 0  invalid 762 tFOTS 0.0000 tGradient 1.7080 tsec 2.0620
#GCMRL#  411 dt  11.200000 rms  0.536  0.031% neg 0  invalid 762 tFOTS 0.0000 tGradient 1.9680 tsec 2.2620
#GCMRL#  412 dt  11.200000 rms  0.536  0.035% neg 0  invalid 762 tFOTS 0.0000 tGradient 1.8000 tsec 2.0990
#GCMRL#  413 dt  11.200000 rms  0.535  0.037% neg 0  invalid 762 tFOTS 0.0000 tGradient 1.7910 tsec 2.0870
#GCMRL#  414 dt  11.200000 rms  0.535  0.037% neg 0  invalid 762 tFOTS 0.0000 tGradient 1.7560 tsec 2.0580
#GCMRL#  415 dt  11.200000 rms  0.535  0.039% neg 0  invalid 762 tFOTS 0.0000 tGradient 1.8730 tsec 2.3110
#GCMRL#  416 dt  11.200000 rms  0.535  0.036% neg 0  invalid 762 tFOTS 0.0000 tGradient 2.2420 tsec 2.5730
#GCMRL#  417 dt  11.200000 rms  0.535  0.035% neg 0  invalid 762 tFOTS 0.0000 tGradient 2.2020 tsec 2.6740
#GCMRL#  418 dt  11.200000 rms  0.534  0.035% neg 0  invalid 762 tFOTS 0.0000 tGradient 2.0460 tsec 2.4200
#GCMRL#  419 dt  11.200000 rms  0.534  0.039% neg 0  invalid 762 tFOTS 0.0000 tGradient 1.9880 tsec 2.4590
#GCMRL#  420 dt  11.200000 rms  0.534  0.031% neg 0  invalid 762 tFOTS 0.0000 tGradient 2.0550 tsec 2.3790
#GCMRL#  421 dt  11.200000 rms  0.534  0.033% neg 0  invalid 762 tFOTS 0.0000 tGradient 1.7760 tsec 2.1820
#GCMRL#  422 dt  11.200000 rms  0.534  0.030% neg 0  invalid 762 tFOTS 0.0000 tGradient 1.9760 tsec 2.2880
#GCMRL#  423 dt  11.200000 rms  0.534  0.023% neg 0  invalid 762 tFOTS 0.0000 tGradient 2.0030 tsec 2.4160
#GCMRL#  424 dt  11.200000 rms  0.533  0.027% neg 0  invalid 762 tFOTS 0.0000 tGradient 2.1580 tsec 2.4590
#GCMRL#  425 dt  11.200000 rms  0.533  0.023% neg 0  invalid 762 tFOTS 0.0000 tGradient 1.8090 tsec 2.2060
#GCMRL#  426 dt  11.200000 rms  0.533  0.021% neg 0  invalid 762 tFOTS 0.0000 tGradient 2.2130 tsec 2.5620
#GCMRL#  427 dt  32.000000 rms  0.533  0.000% neg 0  invalid 762 tFOTS 4.7090 tGradient 1.8010 tsec 6.8680
#GCMRL#  428 dt  32.000000 rms  0.533  0.002% neg 0  invalid 762 tFOTS 0.0000 tGradient 1.8570 tsec 2.1730
#GCMRL#  429 dt  32.000000 rms  0.533  0.003% neg 0  invalid 762 tFOTS 0.0000 tGradient 1.8180 tsec 2.1490
#GCMRL#  430 dt  32.000000 rms  0.533  0.019% neg 0  invalid 762 tFOTS 0.0000 tGradient 1.8750 tsec 2.3020
#GCMRL#  431 dt  32.000000 rms  0.533  0.018% neg 0  invalid 762 tFOTS 0.0000 tGradient 1.8160 tsec 2.1240
#GCMRL#  432 dt  32.000000 rms  0.533  0.027% neg 0  invalid 762 tFOTS 0.0000 tGradient 1.7690 tsec 2.1950
#GCMRL#  433 dt  32.000000 rms  0.533  0.009% neg 0  invalid 762 tFOTS 0.0000 tGradient 1.7660 tsec 2.0730
#GCMRL#  434 dt  32.000000 rms  0.533  0.023% neg 0  invalid 762 tFOTS 0.0000 tGradient 1.7960 tsec 2.2210
#GCMRL#  435 dt  32.000000 rms  0.532  0.035% neg 0  invalid 762 tFOTS 0.0000 tGradient 1.9650 tsec 2.2790
#GCMRL#  436 dt  32.000000 rms  0.532  0.025% neg 0  invalid 762 tFOTS 0.0000 tGradient 1.8020 tsec 2.1070
#GCMRL#  437 dt  32.000000 rms  0.532  0.045% neg 0  invalid 762 tFOTS 0.0000 tGradient 2.0050 tsec 2.3030
#GCMRL#  438 dt  32.000000 rms  0.532  0.032% neg 0  invalid 762 tFOTS 0.0000 tGradient 1.8370 tsec 2.1440
#GCMRL#  439 dt  32.000000 rms  0.532  0.027% neg 0  invalid 762 tFOTS 0.0000 tGradient 1.9810 tsec 2.3670
#GCMRL#  440 dt  32.000000 rms  0.532  0.035% neg 0  invalid 762 tFOTS 0.0000 tGradient 1.8290 tsec 2.1300
#GCMRL#  441 dt  32.000000 rms  0.531  0.021% neg 0  invalid 762 tFOTS 0.0000 tGradient 1.7980 tsec 2.2360
#GCMRL#  442 dt  32.000000 rms  0.531  0.046% neg 0  invalid 762 tFOTS 0.0000 tGradient 1.8110 tsec 2.0950
#GCMRL#  443 dt  32.000000 rms  0.531  0.045% neg 0  invalid 762 tFOTS 0.0000 tGradient 1.6930 tsec 1.9840
#GCMRL#  444 dt  32.000000 rms  0.531  0.036% neg 0  invalid 762 tFOTS 0.0000 tGradient 1.9310 tsec 2.2230
#GCMRL#  445 dt  32.000000 rms  0.531  0.033% neg 0  invalid 762 tFOTS 0.0000 tGradient 1.7700 tsec 2.0710
#GCMRL#  446 dt  32.000000 rms  0.530  0.039% neg 0  invalid 762 tFOTS 0.0000 tGradient 1.8150 tsec 2.2510
#GCMRL#  447 dt  32.000000 rms  0.530  0.027% neg 0  invalid 762 tFOTS 0.0000 tGradient 1.7260 tsec 2.0240
#GCMRL#  448 dt  32.000000 rms  0.530  0.030% neg 0  invalid 762 tFOTS 0.0000 tGradient 1.7120 tsec 2.1620
#GCMRL#  449 dt  32.000000 rms  0.530  0.034% neg 0  invalid 762 tFOTS 0.0000 tGradient 2.1830 tsec 2.5200
#GCMRL#  450 dt  32.000000 rms  0.530  0.022% neg 0  invalid 762 tFOTS 0.0000 tGradient 2.0100 tsec 2.4090
#GCMRL#  451 dt  32.000000 rms  0.530  0.021% neg 0  invalid 762 tFOTS 0.0000 tGradient 1.8720 tsec 2.2070
#FOTS# QuadFit found better minimum quadopt=(dt=11.2,rms=0.529575) vs oldopt=(dt=8,rms=0.529586)
#GCMRL#  452 dt  11.200000 rms  0.530  0.000% neg 0  invalid 762 tFOTS 5.0300 tGradient 1.7860 tsec 7.1600
#GCMRL#  453 dt  11.200000 rms  0.530  0.003% neg 0  invalid 762 tFOTS 0.0000 tGradient 2.0690 tsec 2.3790
#GCMRL#  454 dt  11.200000 rms  0.530  0.005% neg 0  invalid 762 tFOTS 0.0000 tGradient 1.8020 tsec 2.1240
#GCMRL#  455 dt  11.200000 rms  0.530  0.003% neg 0  invalid 762 tFOTS 0.0000 tGradient 2.0720 tsec 2.4500
setting smoothness cost coefficient to 0.400

#GCAMreg# pass 0 level1 2 level2 0 tsec 0 sigma 2
l_jacobian=1.00 l_label=1.00 l_log_likelihood=0.20 l_smoothness=0.40 
tol=5.00e-02, dt=5.00e-02, exp_k=20.0, momentum=0.90, levels=6, niter=500, lbl_dist=10.00, avgs=4, sigma=2.0,type=2, relabel=0, neg=no

blurring input image with Gaussian with sigma=2.000...
GCAMRegisterLevel(): init RMS 0.556982
#GCMRL#  457 dt   0.000000 rms  0.557  0.024% neg 0  invalid 762 tFOTS 4.2960 tGradient 1.6370 tsec 6.2500

#GCAMreg# pass 0 level1 2 level2 1 tsec 22.308 sigma 0.5
l_jacobian=1.00 l_label=1.00 l_log_likelihood=0.20 l_smoothness=0.40 
tol=5.00e-02, dt=5.00e-02, exp_k=20.0, momentum=0.90, levels=6, niter=500, lbl_dist=10.00, avgs=4, sigma=0.5,type=2, relabel=0, neg=no

blurring input image with Gaussian with sigma=0.500...
GCAMRegisterLevel(): init RMS 0.556982
#GCMRL#  459 dt   0.000000 rms  0.557  0.024% neg 0  invalid 762 tFOTS 3.8930 tGradient 1.7030 tsec 5.9350
setting smoothness cost coefficient to 1.000

#GCAMreg# pass 0 level1 1 level2 0 tsec 0 sigma 2
l_jacobian=1.00 l_label=1.00 l_log_likelihood=0.20 l_smoothness=1.00 
tol=5.00e-02, dt=5.00e-02, exp_k=20.0, momentum=0.90, levels=6, niter=500, lbl_dist=10.00, avgs=1, sigma=2.0,type=2, relabel=0, neg=no

blurring input image with Gaussian with sigma=2.000...
GCAMRegisterLevel(): init RMS 0.611031
#FOTS# QuadFit found better minimum quadopt=(dt=1.536,rms=0.605817) vs oldopt=(dt=1.28,rms=0.605939)
#GCMRL#  461 dt   1.536000 rms  0.606  0.853% neg 0  invalid 762 tFOTS 4.2460 tGradient 1.5430 tsec 6.1560
#FOTS# QuadFit found better minimum quadopt=(dt=0.448,rms=0.605567) vs oldopt=(dt=0.32,rms=0.605598)
#GCMRL#  462 dt   0.448000 rms  0.606  0.000% neg 0  invalid 762 tFOTS 4.1530 tGradient 1.6220 tsec 6.1660

#GCAMreg# pass 0 level1 1 level2 1 tsec 23.696 sigma 0.5
l_jacobian=1.00 l_label=1.00 l_log_likelihood=0.20 l_smoothness=1.00 
tol=5.00e-02, dt=5.00e-02, exp_k=20.0, momentum=0.90, levels=6, niter=500, lbl_dist=10.00, avgs=1, sigma=0.5,type=2, relabel=0, neg=no

blurring input image with Gaussian with sigma=0.500...
GCAMRegisterLevel(): init RMS 0.605695
#FOTS# QuadFit found better minimum quadopt=(dt=1.024,rms=0.60479) vs oldopt=(dt=1.28,rms=0.604864)
#GCMRL#  464 dt   1.024000 rms  0.605  0.149% neg 0  invalid 762 tFOTS 4.4970 tGradient 1.5420 tsec 6.4000
#FOTS# QuadFit found better minimum quadopt=(dt=0.384,rms=0.604727) vs oldopt=(dt=0.32,rms=0.604727)
#GCMRL#  465 dt   0.384000 rms  0.605  0.000% neg 0  invalid 762 tFOTS 4.2920 tGradient 1.6610 tsec 6.3060
resetting metric properties...
setting smoothness cost coefficient to 2.000

#GCAMreg# pass 0 level1 0 level2 0 tsec 0 sigma 2
l_jacobian=1.00 l_label=1.00 l_log_likelihood=0.20 l_smoothness=2.00 
tol=5.00e-02, dt=5.00e-02, exp_k=20.0, momentum=0.90, levels=6, niter=500, lbl_dist=10.00, avgs=0, sigma=2.0,type=2, relabel=0, neg=no

blurring input image with Gaussian with sigma=2.000...
GCAMRegisterLevel(): init RMS 0.5449
#FOTS# QuadFit found better minimum quadopt=(dt=0.448,rms=0.530512) vs oldopt=(dt=0.32,rms=0.534374)
#GCMRL#  467 dt   0.448000 rms  0.531  2.640% neg 0  invalid 762 tFOTS 4.1020 tGradient 0.9540 tsec 5.3820
#FOTS# QuadFit found better minimum quadopt=(dt=0.448,rms=0.52686) vs oldopt=(dt=0.32,rms=0.527877)
#GCMRL#  468 dt   0.448000 rms  0.527  0.688% neg 0  invalid 762 tFOTS 3.7990 tGradient 0.9510 tsec 5.0700
#FOTS# QuadFit found better minimum quadopt=(dt=0.448,rms=0.524768) vs oldopt=(dt=0.32,rms=0.525355)
#GCMRL#  469 dt   0.448000 rms  0.525  0.397% neg 0  invalid 762 tFOTS 3.8540 tGradient 0.9820 tsec 5.1810
#FOTS# QuadFit found better minimum quadopt=(dt=0.448,rms=0.523515) vs oldopt=(dt=0.32,rms=0.523856)
#GCMRL#  470 dt   0.448000 rms  0.524  0.239% neg 0  invalid 762 tFOTS 4.3250 tGradient 1.0080 tsec 5.6780
#FOTS# QuadFit found better minimum quadopt=(dt=0.55,rms=0.522388) vs oldopt=(dt=0.32,rms=0.52283)
#GCMRL#  471 dt   0.550000 rms  0.522  0.215% neg 0  invalid 762 tFOTS 4.1050 tGradient 1.0390 tsec 5.4840
#FOTS# QuadFit found better minimum quadopt=(dt=0.448,rms=0.521788) vs oldopt=(dt=0.32,rms=0.521931)
#GCMRL#  472 dt   0.448000 rms  0.522  0.115% neg 0  invalid 762 tFOTS 4.2020 tGradient 1.0170 tsec 5.6290
#FOTS# QuadFit found better minimum quadopt=(dt=0.448,rms=0.521267) vs oldopt=(dt=0.32,rms=0.521391)
#GCMRL#  473 dt   0.448000 rms  0.521  0.100% neg 0  invalid 762 tFOTS 4.2490 tGradient 1.1230 tsec 5.7170
#FOTS# QuadFit found better minimum quadopt=(dt=0.448,rms=0.520896) vs oldopt=(dt=0.32,rms=0.520965)
#GCMRL#  474 dt   0.448000 rms  0.521  0.071% neg 0  invalid 762 tFOTS 3.9770 tGradient 1.0150 tsec 5.3300
#FOTS# QuadFit found better minimum quadopt=(dt=0.448,rms=0.520567) vs oldopt=(dt=0.32,rms=0.520631)
#GCMRL#  475 dt   0.448000 rms  0.521  0.063% neg 0  invalid 762 tFOTS 3.8700 tGradient 0.9920 tsec 5.1870
#FOTS# QuadFit found better minimum quadopt=(dt=0.448,rms=0.520324) vs oldopt=(dt=0.32,rms=0.520349)
#GCMRL#  476 dt   0.448000 rms  0.520  0.000% neg 0  invalid 762 tFOTS 4.0040 tGradient 1.0080 tsec 5.3870
#GCMRL#  477 dt   0.448000 rms  0.520  0.048% neg 0  invalid 762 tFOTS 0.0000 tGradient 1.1140 tsec 1.4520
#GCMRL#  478 dt   0.448000 rms  0.520  0.075% neg 0  invalid 762 tFOTS 0.0000 tGradient 1.1000 tsec 1.4910
#GCMRL#  479 dt   0.448000 rms  0.519  0.078% neg 0  invalid 762 tFOTS 0.0000 tGradient 1.0990 tsec 1.4320
#GCMRL#  480 dt   0.448000 rms  0.519  0.092% neg 0  invalid 762 tFOTS 0.0000 tGradient 1.1030 tsec 1.4810
#GCMRL#  481 dt   0.448000 rms  0.518  0.084% neg 0  invalid 762 tFOTS 0.0000 tGradient 1.0500 tsec 1.3720
#GCMRL#  482 dt   0.448000 rms  0.518 -0.017% neg 0  invalid 762 tFOTS 0.0000 tGradient 1.1230 tsec 1.8850
#FOTS# QuadFit found better minimum quadopt=(dt=0.112,rms=0.518336) vs oldopt=(dt=0.08,rms=0.518338)
#GCMRL#  483 dt   0.112000 rms  0.518  0.003% neg 0  invalid 762 tFOTS 4.4580 tGradient 1.1060 tsec 5.9090
#FOTS# QuadFit found better minimum quadopt=(dt=0.112,rms=0.518321) vs oldopt=(dt=0.08,rms=0.518324)

#GCAMreg# pass 0 level1 0 level2 1 tsec 83.908 sigma 0.5
l_jacobian=1.00 l_label=1.00 l_log_likelihood=0.20 l_smoothness=2.00 
tol=5.00e-02, dt=5.00e-02, exp_k=20.0, momentum=0.90, levels=6, niter=500, lbl_dist=10.00, avgs=0, sigma=0.5,type=2, relabel=0, neg=no

blurring input image with Gaussian with sigma=0.500...
GCAMRegisterLevel(): init RMS 0.518516
#FOTS# QuadFit found better minimum quadopt=(dt=0.448,rms=0.514814) vs oldopt=(dt=0.32,rms=0.515725)
#GCMRL#  485 dt   0.448000 rms  0.515  0.714% neg 0  invalid 762 tFOTS 3.9580 tGradient 1.0800 tsec 5.3960
#FOTS# QuadFit found better minimum quadopt=(dt=0.448,rms=0.514081) vs oldopt=(dt=0.32,rms=0.514265)
#GCMRL#  486 dt   0.448000 rms  0.514  0.142% neg 0  invalid 762 tFOTS 4.0540 tGradient 0.9820 tsec 5.3980
#FOTS# QuadFit found better minimum quadopt=(dt=0.448,rms=0.513812) vs oldopt=(dt=0.32,rms=0.513855)
#GCMRL#  487 dt   0.448000 rms  0.514  0.052% neg 0  invalid 762 tFOTS 4.1230 tGradient 1.1230 tsec 5.6020
#FOTS# QuadFit found better minimum quadopt=(dt=0.384,rms=0.513685) vs oldopt=(dt=0.32,rms=0.513689)
#GCMRL#  488 dt   0.384000 rms  0.514  0.000% neg 0  invalid 762 tFOTS 3.8770 tGradient 1.1440 tsec 5.3850
#GCMRL#  489 dt   0.384000 rms  0.514  0.008% neg 0  invalid 762 tFOTS 0.0000 tGradient 1.0670 tsec 1.4030
#GCMRL#  490 dt   0.384000 rms  0.514  0.023% neg 0  invalid 762 tFOTS 0.0000 tGradient 1.0880 tsec 1.4170
#GCMRL#  491 dt   0.384000 rms  0.513  0.016% neg 0  invalid 762 tFOTS 0.0000 tGradient 1.1780 tsec 1.5530
#GCMRL#  492 dt   0.384000 rms  0.513  0.007% neg 0  invalid 762 tFOTS 0.0000 tGradient 1.1960 tsec 1.5640
#FOTS# QuadFit found better minimum quadopt=(dt=0.112,rms=0.51338) vs oldopt=(dt=0.08,rms=0.513385)
GCAMregister done in 25.7525 min
********************* ALLOWING NEGATIVE NODES IN DEFORMATION********************************
noneg post
Starting GCAMregister()
label assignment complete, 0 changed (0.00%)
npasses = 1, nlevels = 6
#pass# 1 of 1 ************************
enabling zero nodes
setting smoothness cost coefficient to 0.008

#GCAMreg# pass 0 level1 5 level2 0 tsec 0 sigma 2
l_jacobian=1.00 l_label=1.00 l_log_likelihood=0.20 l_smoothness=0.01 
tol=2.50e-01, dt=5.00e-02, exp_k=20.0, momentum=0.90, levels=6, niter=500, lbl_dist=10.00, avgs=256, sigma=2.0,type=2, relabel=0, neg=yes

blurring input image with Gaussian with sigma=2.000...
GCAMRegisterLevel(): init RMS 0.511073
#GCMRL#  494 dt   0.000000 rms  0.511  0.038% neg 0  invalid 762 tFOTS 4.9980 tGradient 2.7420 tsec 8.0830

#GCAMreg# pass 0 level1 5 level2 1 tsec 25.505 sigma 0.5
l_jacobian=1.00 l_label=1.00 l_log_likelihood=0.20 l_smoothness=0.01 
tol=2.50e-01, dt=5.00e-02, exp_k=20.0, momentum=0.90, levels=6, niter=500, lbl_dist=10.00, avgs=256, sigma=0.5,type=2, relabel=0, neg=yes

blurring input image with Gaussian with sigma=0.500...
GCAMRegisterLevel(): init RMS 0.511073
#FOTS# QuadFit found better minimum quadopt=(dt=-0.0078125,rms=0.510877) vs oldopt=(dt=0.0225781,rms=0.510877)
#GCMRL#  496 dt  -0.007812 rms  0.511  0.038% neg 0  invalid 762 tFOTS 5.3210 tGradient 2.9780 tsec 8.6560
setting smoothness cost coefficient to 0.031

#GCAMreg# pass 0 level1 4 level2 0 tsec 0 sigma 2
l_jacobian=1.00 l_label=1.00 l_log_likelihood=0.20 l_smoothness=0.03 
tol=2.50e-01, dt=5.00e-02, exp_k=20.0, momentum=0.90, levels=6, niter=500, lbl_dist=10.00, avgs=64, sigma=2.0,type=2, relabel=0, neg=yes

blurring input image with Gaussian with sigma=2.000...
GCAMRegisterLevel(): init RMS 0.511102
#FOTS# QuadFit found better minimum quadopt=(dt=9.072,rms=0.510773) vs oldopt=(dt=6.48,rms=0.5108)
#GCMRL#  498 dt   9.072000 rms  0.511  0.064% neg 0  invalid 762 tFOTS 5.2160 tGradient 2.3070 tsec 7.8750
#FOTS# QuadFit found better minimum quadopt=(dt=9.072,rms=0.510704) vs oldopt=(dt=6.48,rms=0.510715)
#GCMRL#  499 dt   9.072000 rms  0.511  0.000% neg 0  invalid 762 tFOTS 5.4520 tGradient 2.1280 tsec 8.0330
#GCMRL#  500 dt   9.072000 rms  0.511  0.006% neg 0  invalid 762 tFOTS 0.0000 tGradient 2.2830 tsec 2.5980

#GCAMreg# pass 0 level1 4 level2 1 tsec 30.634 sigma 0.5
l_jacobian=1.00 l_label=1.00 l_log_likelihood=0.20 l_smoothness=0.03 
tol=2.50e-01, dt=5.00e-02, exp_k=20.0, momentum=0.90, levels=6, niter=500, lbl_dist=10.00, avgs=64, sigma=0.5,type=2, relabel=0, neg=yes

blurring input image with Gaussian with sigma=0.500...
GCAMRegisterLevel(): init RMS 0.510873
#FOTS# QuadFit found better minimum quadopt=(dt=66.6122,rms=0.50939) vs oldopt=(dt=103.68,rms=0.509771)
#GCMRL#  502 dt  66.612245 rms  0.509  0.290% neg 0  invalid 762 tFOTS 5.3570 tGradient 2.5710 tsec 8.2870
#FOTS# QuadFit found better minimum quadopt=(dt=65.3853,rms=0.508351) vs oldopt=(dt=103.68,rms=0.508657)
#GCMRL#  503 dt  65.385281 rms  0.508  0.000% neg 0  invalid 762 tFOTS 5.2460 tGradient 2.2740 tsec 7.8890
#GCMRL#  504 dt  65.385281 rms  0.508  0.063% neg 0  invalid 762 tFOTS 0.0000 tGradient 2.1750 tsec 2.5040
#GCMRL#  505 dt  65.385281 rms  0.507  0.235% neg 0  invalid 762 tFOTS 0.0000 tGradient 2.1660 tsec 2.4920
#GCMRL#  506 dt  65.385281 rms  0.506  0.208% neg 0  invalid 762 tFOTS 0.0000 tGradient 2.1680 tsec 2.4990
#GCMRL#  507 dt  65.385281 rms  0.505  0.158% neg 0  invalid 762 tFOTS 0.0000 tGradient 2.1690 tsec 2.5010
#GCMRL#  508 dt  65.385281 rms  0.505  0.054% neg 0  invalid 762 tFOTS 0.0000 tGradient 2.2010 tsec 2.5340
#GCMRL#  509 dt  65.385281 rms  0.504  0.209% neg 0  invalid 762 tFOTS 0.0000 tGradient 2.6680 tsec 3.0700
iter 0, gcam->neg = 1
after 1 iterations, nbhd size=0, neg = 0
#GCMRL#  510 dt  65.385281 rms  0.503  0.054% neg 0  invalid 762 tFOTS 0.0000 tGradient 2.6150 tsec 4.5670
iter 0, gcam->neg = 1
after 0 iterations, nbhd size=0, neg = 0
#GCMRL#  511 dt  65.385281 rms  0.503  0.022% neg 0  invalid 762 tFOTS 0.0000 tGradient 2.0570 tsec 3.5330
#FOTS# QuadFit found better minimum quadopt=(dt=36.288,rms=0.50274) vs oldopt=(dt=25.92,rms=0.502846)
#GCMRL#  512 dt  36.288000 rms  0.503  0.106% neg 0  invalid 762 tFOTS 5.2520 tGradient 2.0480 tsec 7.6350
#FOTS# QuadFit found better minimum quadopt=(dt=36.288,rms=0.502681) vs oldopt=(dt=25.92,rms=0.502689)
#GCMRL#  513 dt  36.288000 rms  0.503  0.000% neg 0  invalid 762 tFOTS 4.9440 tGradient 1.6600 tsec 6.9680
#GCMRL#  514 dt  36.288000 rms  0.503  0.028% neg 0  invalid 762 tFOTS 0.0000 tGradient 1.7210 tsec 2.0420
#GCMRL#  515 dt  36.288000 rms  0.502  0.035% neg 0  invalid 762 tFOTS 0.0000 tGradient 1.6810 tsec 2.0090
#GCMRL#  516 dt  36.288000 rms  0.502  0.034% neg 0  invalid 762 tFOTS 0.0000 tGradient 1.7440 tsec 2.0710
iter 0, gcam->neg = 1
after 1 iterations, nbhd size=0, neg = 0
setting smoothness cost coefficient to 0.118

#GCAMreg# pass 0 level1 3 level2 0 tsec 0 sigma 2
l_jacobian=1.00 l_label=1.00 l_log_likelihood=0.20 l_smoothness=0.12 
tol=2.50e-01, dt=5.00e-02, exp_k=20.0, momentum=0.90, levels=6, niter=500, lbl_dist=10.00, avgs=16, sigma=2.0,type=2, relabel=0, neg=yes

blurring input image with Gaussian with sigma=2.000...
GCAMRegisterLevel(): init RMS 0.502951
#FOTS# QuadFit found better minimum quadopt=(dt=9.6,rms=0.502369) vs oldopt=(dt=8,rms=0.502381)
#GCMRL#  518 dt   9.600000 rms  0.502  0.116% neg 0  invalid 762 tFOTS 5.5210 tGradient 1.9320 tsec 7.7990
#FOTS# QuadFit found better minimum quadopt=(dt=9.6,rms=0.502221) vs oldopt=(dt=8,rms=0.502224)
#GCMRL#  519 dt   9.600000 rms  0.502  0.000% neg 0  invalid 762 tFOTS 5.7250 tGradient 1.6590 tsec 7.8030
#GCMRL#  520 dt   9.600000 rms  0.502  0.024% neg 0  invalid 762 tFOTS 0.0000 tGradient 1.9360 tsec 2.3720
iter 0, gcam->neg = 1
after 1 iterations, nbhd size=0, neg = 0

#GCAMreg# pass 0 level1 3 level2 1 tsec 31.73 sigma 0.5
l_jacobian=1.00 l_label=1.00 l_log_likelihood=0.20 l_smoothness=0.12 
tol=2.50e-01, dt=5.00e-02, exp_k=20.0, momentum=0.90, levels=6, niter=500, lbl_dist=10.00, avgs=16, sigma=0.5,type=2, relabel=0, neg=yes

blurring input image with Gaussian with sigma=0.500...
GCAMRegisterLevel(): init RMS 0.502292
#FOTS# QuadFit found better minimum quadopt=(dt=35.0145,rms=0.498568) vs oldopt=(dt=32,rms=0.498569)
iter 0, gcam->neg = 1
after 0 iterations, nbhd size=0, neg = 0
#GCMRL#  522 dt  35.014493 rms  0.499  0.742% neg 0  invalid 762 tFOTS 5.7540 tGradient 1.6830 tsec 8.9760
#FOTS# QuadFit found better minimum quadopt=(dt=11.2,rms=0.49727) vs oldopt=(dt=8,rms=0.497527)
#GCMRL#  523 dt  11.200000 rms  0.497  0.260% neg 0  invalid 762 tFOTS 5.9000 tGradient 1.8880 tsec 8.1910
#FOTS# QuadFit found better minimum quadopt=(dt=94.5267,rms=0.494841) vs oldopt=(dt=128,rms=0.495193)
iter 0, gcam->neg = 2
after 2 iterations, nbhd size=0, neg = 0
#GCMRL#  524 dt  94.526703 rms  0.495  0.487% neg 0  invalid 762 tFOTS 5.5930 tGradient 1.6720 tsec 9.6380
#FOTS# QuadFit found better minimum quadopt=(dt=11.2,rms=0.493291) vs oldopt=(dt=8,rms=0.493612)
#GCMRL#  525 dt  11.200000 rms  0.493  0.314% neg 0  invalid 762 tFOTS 5.5250 tGradient 1.5930 tsec 7.4740
#FOTS# QuadFit found better minimum quadopt=(dt=38.4,rms=0.49245) vs oldopt=(dt=32,rms=0.492462)
#GCMRL#  526 dt  38.400000 rms  0.492  0.000% neg 0  invalid 762 tFOTS 5.2240 tGradient 1.6390 tsec 7.2450
setting smoothness cost coefficient to 0.400

#GCAMreg# pass 0 level1 2 level2 0 tsec 0 sigma 2
l_jacobian=1.00 l_label=1.00 l_log_likelihood=0.20 l_smoothness=0.40 
tol=2.50e-01, dt=5.00e-02, exp_k=20.0, momentum=0.90, levels=6, niter=500, lbl_dist=10.00, avgs=4, sigma=2.0,type=2, relabel=0, neg=yes

blurring input image with Gaussian with sigma=2.000...
GCAMRegisterLevel(): init RMS 0.49578
#FOTS# QuadFit found better minimum quadopt=(dt=6.37838,rms=0.494104) vs oldopt=(dt=2.88,rms=0.494543)
iter 0, gcam->neg = 2
after 0 iterations, nbhd size=0, neg = 0
#GCMRL#  528 dt   6.378378 rms  0.494  0.337% neg 0  invalid 762 tFOTS 5.3020 tGradient 1.4880 tsec 8.1810
#FOTS# QuadFit found better minimum quadopt=(dt=9.875,rms=0.493372) vs oldopt=(dt=11.52,rms=0.493397)
iter 0, gcam->neg = 3
after 3 iterations, nbhd size=0, neg = 0
#GCMRL#  529 dt   9.875000 rms  0.493  0.000% neg 0  invalid 762 tFOTS 5.3950 tGradient 1.5670 tsec 9.8780
iter 0, gcam->neg = 1
after 1 iterations, nbhd size=0, neg = 0
#GCMRL#  530 dt   9.875000 rms  0.493  0.127% neg 0  invalid 762 tFOTS 0.0000 tGradient 1.5930 tsec 3.4640
iter 0, gcam->neg = 6
after 5 iterations, nbhd size=0, neg = 0
#GCMRL#  531 dt   9.875000 rms  0.492  0.131% neg 0  invalid 762 tFOTS 0.0000 tGradient 1.6230 tsec 5.4060
iter 0, gcam->neg = 8
after 6 iterations, nbhd size=0, neg = 0
#GCMRL#  532 dt   9.875000 rms  0.492  0.087% neg 0  invalid 762 tFOTS 0.0000 tGradient 1.7190 tsec 6.0150
iter 0, gcam->neg = 10
after 11 iterations, nbhd size=1, neg = 0
#GCMRL#  533 dt   9.875000 rms  0.491  0.040% neg 0  invalid 762 tFOTS 0.0000 tGradient 1.5710 tsec 8.2430
#FOTS# QuadFit found better minimum quadopt=(dt=12.1481,rms=0.490989) vs oldopt=(dt=11.52,rms=0.49099)
iter 0, gcam->neg = 1
after 0 iterations, nbhd size=0, neg = 0
#GCMRL#  534 dt  12.148148 rms  0.491  0.102% neg 0  invalid 762 tFOTS 5.7300 tGradient 1.7320 tsec 9.0510
#FOTS# QuadFit found better minimum quadopt=(dt=4.032,rms=0.490918) vs oldopt=(dt=2.88,rms=0.490926)
#GCMRL#  535 dt   4.032000 rms  0.491  0.000% neg 0  invalid 762 tFOTS 5.2850 tGradient 1.7140 tsec 7.3740
#GCMRL#  536 dt   4.032000 rms  0.491  0.026% neg 0  invalid 762 tFOTS 0.0000 tGradient 1.6190 tsec 1.9520
#GCMRL#  537 dt   4.032000 rms  0.491  0.020% neg 0  invalid 762 tFOTS 0.0000 tGradient 1.6340 tsec 1.9760
iter 0, gcam->neg = 4
after 5 iterations, nbhd size=0, neg = 0

#GCAMreg# pass 0 level1 2 level2 1 tsec 76.582 sigma 0.5
l_jacobian=1.00 l_label=1.00 l_log_likelihood=0.20 l_smoothness=0.40 
tol=2.50e-01, dt=5.00e-02, exp_k=20.0, momentum=0.90, levels=6, niter=500, lbl_dist=10.00, avgs=4, sigma=0.5,type=2, relabel=0, neg=yes

blurring input image with Gaussian with sigma=0.500...
GCAMRegisterLevel(): init RMS 0.490912
#FOTS# QuadFit found better minimum quadopt=(dt=15.6435,rms=0.485807) vs oldopt=(dt=11.52,rms=0.486158)
#GCMRL#  539 dt  15.643454 rms  0.486  1.040% neg 0  invalid 762 tFOTS 5.2290 tGradient 1.6640 tsec 7.2840
#FOTS# QuadFit found better minimum quadopt=(dt=8.7947,rms=0.484387) vs oldopt=(dt=11.52,rms=0.484528)
#GCMRL#  540 dt   8.794702 rms  0.484  0.292% neg 0  invalid 762 tFOTS 5.2460 tGradient 1.5490 tsec 7.1490
#FOTS# QuadFit found better minimum quadopt=(dt=6.8,rms=0.483972) vs oldopt=(dt=2.88,rms=0.484104)
#GCMRL#  541 dt   6.800000 rms  0.484  0.000% neg 0  invalid 762 tFOTS 5.2280 tGradient 1.5480 tsec 7.1580
#GCMRL#  542 dt   6.800000 rms  0.483  0.114% neg 0  invalid 762 tFOTS 0.0000 tGradient 1.6070 tsec 1.9410
#GCMRL#  543 dt   6.800000 rms  0.483  0.117% neg 0  invalid 762 tFOTS 0.0000 tGradient 1.6260 tsec 1.9640
#GCMRL#  544 dt   6.800000 rms  0.482  0.090% neg 0  invalid 762 tFOTS 0.0000 tGradient 1.6310 tsec 1.9730
#GCMRL#  545 dt   6.800000 rms  0.482  0.061% neg 0  invalid 762 tFOTS 0.0000 tGradient 1.6090 tsec 1.9710
#FOTS# QuadFit found better minimum quadopt=(dt=10.2687,rms=0.48166) vs oldopt=(dt=11.52,rms=0.481667)
iter 0, gcam->neg = 1
after 2 iterations, nbhd size=0, neg = 0
#GCMRL#  546 dt  10.268657 rms  0.482  0.094% neg 0  invalid 762 tFOTS 5.4910 tGradient 1.6250 tsec 9.5400
#FOTS# QuadFit found better minimum quadopt=(dt=4.032,rms=0.481565) vs oldopt=(dt=2.88,rms=0.481577)
iter 0, gcam->neg = 1
after 2 iterations, nbhd size=0, neg = 0
setting smoothness cost coefficient to 1.000

#GCAMreg# pass 0 level1 1 level2 0 tsec 0 sigma 2
l_jacobian=1.00 l_label=1.00 l_log_likelihood=0.20 l_smoothness=1.00 
tol=2.50e-01, dt=5.00e-02, exp_k=20.0, momentum=0.90, levels=6, niter=500, lbl_dist=10.00, avgs=1, sigma=2.0,type=2, relabel=0, neg=yes

blurring input image with Gaussian with sigma=2.000...
GCAMRegisterLevel(): init RMS 0.487615
#GCMRL#  548 dt   0.000000 rms  0.487  0.042% neg 0  invalid 762 tFOTS 4.9330 tGradient 1.5390 tsec 6.8230

#GCAMreg# pass 0 level1 1 level2 1 tsec 23.591 sigma 0.5
l_jacobian=1.00 l_label=1.00 l_log_likelihood=0.20 l_smoothness=1.00 
tol=2.50e-01, dt=5.00e-02, exp_k=20.0, momentum=0.90, levels=6, niter=500, lbl_dist=10.00, avgs=1, sigma=0.5,type=2, relabel=0, neg=yes

blurring input image with Gaussian with sigma=0.500...
GCAMRegisterLevel(): init RMS 0.487615
#GCMRL#  550 dt   0.000000 rms  0.487  0.042% neg 0  invalid 762 tFOTS 5.5220 tGradient 1.4980 tsec 7.4850
resetting metric properties...
setting smoothness cost coefficient to 2.000

#GCAMreg# pass 0 level1 0 level2 0 tsec 0 sigma 2
l_jacobian=1.00 l_label=1.00 l_log_likelihood=0.20 l_smoothness=2.00 
tol=2.50e-01, dt=5.00e-02, exp_k=20.0, momentum=0.90, levels=6, niter=500, lbl_dist=10.00, avgs=0, sigma=2.0,type=2, relabel=0, neg=yes

blurring input image with Gaussian with sigma=2.000...
GCAMRegisterLevel(): init RMS 0.477826
#FOTS# QuadFit found better minimum quadopt=(dt=1.35851,rms=0.460033) vs oldopt=(dt=1.28,rms=0.460115)
iter 0, gcam->neg = 1486
after 13 iterations, nbhd size=1, neg = 0
#GCMRL#  552 dt   1.358506 rms  0.459  3.991% neg 0  invalid 762 tFOTS 5.2000 tGradient 0.9470 tsec 12.5370
#GCMRL#  553 dt   0.000013 rms  0.459  0.000% neg 0  invalid 762 tFOTS 6.6080 tGradient 1.0170 tsec 7.9940

#GCAMreg# pass 0 level1 0 level2 1 tsec 31.611 sigma 0.5
l_jacobian=1.00 l_label=1.00 l_log_likelihood=0.20 l_smoothness=2.00 
tol=2.50e-01, dt=5.00e-02, exp_k=20.0, momentum=0.90, levels=6, niter=500, lbl_dist=10.00, avgs=0, sigma=0.5,type=2, relabel=0, neg=yes

blurring input image with Gaussian with sigma=0.500...
GCAMRegisterLevel(): init RMS 0.458983
#FOTS# QuadFit found better minimum quadopt=(dt=0,rms=0.458713) vs oldopt=(dt=0,rms=0.458713)
#GCMRL#  555 dt   0.000000 rms  0.459  0.059% neg 0  invalid 762 tFOTS 5.5960 tGradient 1.0780 tsec 7.0890
label assignment complete, 0 changed (0.00%)
GCAMregister done in 7.15532 min
Starting GCAMcomputeMaxPriorLabels()
Morphing with label term set to 0 *******************************
Starting GCAMregister()
label assignment complete, 0 changed (0.00%)
npasses = 1, nlevels = 6
#pass# 1 of 1 ************************
enabling zero nodes
setting smoothness cost coefficient to 0.008

#GCAMreg# pass 0 level1 5 level2 0 tsec 0 sigma 2
l_jacobian=1.00 l_log_likelihood=0.20 l_smoothness=0.01 
tol=2.50e-01, dt=5.00e-02, exp_k=20.0, momentum=0.90, levels=6, niter=500, lbl_dist=10.00, avgs=256, sigma=2.0,type=2, relabel=0, neg=yes

blurring input image with Gaussian with sigma=2.000...
GCAMRegisterLevel(): init RMS 0.450981

#GCAMreg# pass 0 level1 5 level2 1 tsec 16.982 sigma 0.5
l_jacobian=1.00 l_log_likelihood=0.20 l_smoothness=0.01 
tol=2.50e-01, dt=5.00e-02, exp_k=20.0, momentum=0.90, levels=6, niter=500, lbl_dist=10.00, avgs=256, sigma=0.5,type=2, relabel=0, neg=yes

blurring input image with Gaussian with sigma=0.500...
GCAMRegisterLevel(): init RMS 0.450981
setting smoothness cost coefficient to 0.031

#GCAMreg# pass 0 level1 4 level2 0 tsec 0 sigma 2
l_jacobian=1.00 l_log_likelihood=0.20 l_smoothness=0.03 
tol=2.50e-01, dt=5.00e-02, exp_k=20.0, momentum=0.90, levels=6, niter=500, lbl_dist=10.00, avgs=64, sigma=2.0,type=2, relabel=0, neg=yes

blurring input image with Gaussian with sigma=2.000...
GCAMRegisterLevel(): init RMS 0.451074

#GCAMreg# pass 0 level1 4 level2 1 tsec 15.689 sigma 0.5
l_jacobian=1.00 l_log_likelihood=0.20 l_smoothness=0.03 
tol=2.50e-01, dt=5.00e-02, exp_k=20.0, momentum=0.90, levels=6, niter=500, lbl_dist=10.00, avgs=64, sigma=0.5,type=2, relabel=0, neg=yes

blurring input image with Gaussian with sigma=0.500...
GCAMRegisterLevel(): init RMS 0.451074
#FOTS# QuadFit found better minimum quadopt=(dt=20.736,rms=0.45102) vs oldopt=(dt=25.92,rms=0.451021)
iter 0, gcam->neg = 3
after 1 iterations, nbhd size=0, neg = 0
#GCMRL#  560 dt  20.736000 rms  0.451  0.011% neg 0  invalid 762 tFOTS 4.4800 tGradient 1.1080 tsec 7.5090
#FOTS# QuadFit found better minimum quadopt=(dt=9.072,rms=0.451014) vs oldopt=(dt=6.48,rms=0.451016)
#GCMRL#  561 dt   9.072000 rms  0.451  0.000% neg 0  invalid 762 tFOTS 4.5870 tGradient 1.1530 tsec 6.1030
iter 0, gcam->neg = 2
after 7 iterations, nbhd size=1, neg = 0
setting smoothness cost coefficient to 0.118

#GCAMreg# pass 0 level1 3 level2 0 tsec 0 sigma 2
l_jacobian=1.00 l_log_likelihood=0.20 l_smoothness=0.12 
tol=2.50e-01, dt=5.00e-02, exp_k=20.0, momentum=0.90, levels=6, niter=500, lbl_dist=10.00, avgs=16, sigma=2.0,type=2, relabel=0, neg=yes

blurring input image with Gaussian with sigma=2.000...
GCAMRegisterLevel(): init RMS 0.451367
#FOTS# QuadFit found better minimum quadopt=(dt=2.8,rms=0.451317) vs oldopt=(dt=2,rms=0.451323)
iter 0, gcam->neg = 2
after 7 iterations, nbhd size=1, neg = 0
#GCMRL#  563 dt   2.800000 rms  0.451  0.007% neg 0  invalid 762 tFOTS 5.2500 tGradient 1.0810 tsec 11.0890
#FOTS# QuadFit found better minimum quadopt=(dt=0.7,rms=0.45133) vs oldopt=(dt=0.5,rms=0.451331)
iter 0, gcam->neg = 2
after 0 iterations, nbhd size=0, neg = 0
#GCMRL#  564 dt   0.700000 rms  0.451  0.000% neg 0  invalid 762 tFOTS 5.4060 tGradient 1.0470 tsec 7.9840
iter 0, gcam->neg = 3
after 2 iterations, nbhd size=0, neg = 0

#GCAMreg# pass 0 level1 3 level2 1 tsec 32.329 sigma 0.5
l_jacobian=1.00 l_log_likelihood=0.20 l_smoothness=0.12 
tol=2.50e-01, dt=5.00e-02, exp_k=20.0, momentum=0.90, levels=6, niter=500, lbl_dist=10.00, avgs=16, sigma=0.5,type=2, relabel=0, neg=yes

blurring input image with Gaussian with sigma=0.500...
GCAMRegisterLevel(): init RMS 0.451332
#FOTS# QuadFit found better minimum quadopt=(dt=44.8,rms=0.449592) vs oldopt=(dt=32,rms=0.449711)
iter 0, gcam->neg = 68
after 3 iterations, nbhd size=0, neg = 0
#GCMRL#  566 dt  44.800000 rms  0.450  0.364% neg 0  invalid 762 tFOTS 5.4290 tGradient 1.1790 tsec 9.6060
iter 0, gcam->neg = 28
after 4 iterations, nbhd size=0, neg = 0
#GCMRL#  567 dt  32.000000 rms  0.449  0.000% neg 0  invalid 762 tFOTS 4.9860 tGradient 1.3270 tsec 9.8250
iter 0, gcam->neg = 15
after 20 iterations, nbhd size=1, neg = 0
#GCMRL#  568 dt  32.000000 rms  0.448  0.126% neg 0  invalid 762 tFOTS 0.0000 tGradient 1.0990 tsec 11.9990
iter 0, gcam->neg = 29
after 14 iterations, nbhd size=1, neg = 0
#GCMRL#  569 dt  32.000000 rms  0.448  0.146% neg 0  invalid 762 tFOTS 0.0000 tGradient 0.9880 tsec 9.0160
iter 0, gcam->neg = 42
after 10 iterations, nbhd size=0, neg = 0
#GCMRL#  570 dt  32.000000 rms  0.447  0.122% neg 0  invalid 762 tFOTS 0.0000 tGradient 0.9980 tsec 7.1810
iter 0, gcam->neg = 50
after 20 iterations, nbhd size=1, neg = 0
#GCMRL#  571 dt  32.000000 rms  0.447  0.077% neg 0  invalid 762 tFOTS 0.0000 tGradient 0.9950 tsec 11.5270
#FOTS# QuadFit found better minimum quadopt=(dt=11.2,rms=0.446682) vs oldopt=(dt=8,rms=0.446706)
iter 0, gcam->neg = 3
after 10 iterations, nbhd size=0, neg = 0
#GCMRL#  572 dt  11.200000 rms  0.447  0.000% neg 0  invalid 762 tFOTS 4.5990 tGradient 1.0090 tsec 11.7310
iter 0, gcam->neg = 1
after 4 iterations, nbhd size=0, neg = 0
#GCMRL#  573 dt  11.200000 rms  0.447  0.016% neg 0  invalid 762 tFOTS 0.0000 tGradient 1.2530 tsec 4.7530
iter 0, gcam->neg = 5
after 9 iterations, nbhd size=0, neg = 0
#GCMRL#  574 dt  11.200000 rms  0.446  0.027% neg 0  invalid 762 tFOTS 0.0000 tGradient 1.1440 tsec 6.8300
iter 0, gcam->neg = 14
after 12 iterations, nbhd size=0, neg = 0
#GCMRL#  575 dt  11.200000 rms  0.446  0.025% neg 0  invalid 762 tFOTS 0.0000 tGradient 1.0550 tsec 8.0230
iter 0, gcam->neg = 11
after 20 iterations, nbhd size=2, neg = 0
setting smoothness cost coefficient to 0.400

#GCAMreg# pass 0 level1 2 level2 0 tsec 0 sigma 2
l_jacobian=1.00 l_log_likelihood=0.20 l_smoothness=0.40 
tol=2.50e-01, dt=5.00e-02, exp_k=20.0, momentum=0.90, levels=6, niter=500, lbl_dist=10.00, avgs=4, sigma=2.0,type=2, relabel=0, neg=yes

blurring input image with Gaussian with sigma=2.000...
GCAMRegisterLevel(): init RMS 0.449198
#FOTS# QuadFit found better minimum quadopt=(dt=1.93103,rms=0.449093) vs oldopt=(dt=2.88,rms=0.449118)
iter 0, gcam->neg = 12
after 1 iterations, nbhd size=0, neg = 0
#GCMRL#  577 dt   1.931034 rms  0.449  0.020% neg 0  invalid 762 tFOTS 4.8730 tGradient 0.9910 tsec 7.7810
#FOTS# QuadFit found better minimum quadopt=(dt=0.252,rms=0.449105) vs oldopt=(dt=0.18,rms=0.449106)
iter 0, gcam->neg = 1
after 2 iterations, nbhd size=0, neg = 0
#GCMRL#  578 dt   0.252000 rms  0.449  0.000% neg 0  invalid 762 tFOTS 4.5330 tGradient 0.9320 tsec 7.8810
iter 0, gcam->neg = 1
after 3 iterations, nbhd size=0, neg = 0

#GCAMreg# pass 0 level1 2 level2 1 tsec 28.89 sigma 0.5
l_jacobian=1.00 l_log_likelihood=0.20 l_smoothness=0.40 
tol=2.50e-01, dt=5.00e-02, exp_k=20.0, momentum=0.90, levels=6, niter=500, lbl_dist=10.00, avgs=4, sigma=0.5,type=2, relabel=0, neg=yes

blurring input image with Gaussian with sigma=0.500...
GCAMRegisterLevel(): init RMS 0.449107
#FOTS# QuadFit found better minimum quadopt=(dt=22.5778,rms=0.446438) vs oldopt=(dt=11.52,rms=0.447063)
iter 0, gcam->neg = 41
after 12 iterations, nbhd size=0, neg = 0
#GCMRL#  580 dt  22.577778 rms  0.446  0.598% neg 0  invalid 762 tFOTS 4.8290 tGradient 0.9280 tsec 12.9900
#FOTS# QuadFit found better minimum quadopt=(dt=10.88,rms=0.445156) vs oldopt=(dt=11.52,rms=0.445162)
iter 0, gcam->neg = 61
after 15 iterations, nbhd size=1, neg = 0
#GCMRL#  581 dt  10.880000 rms  0.445  0.284% neg 0  invalid 762 tFOTS 4.5880 tGradient 0.9530 tsec 13.7080
#FOTS# QuadFit found better minimum quadopt=(dt=5.33333,rms=0.444958) vs oldopt=(dt=2.88,rms=0.444989)
iter 0, gcam->neg = 14
after 5 iterations, nbhd size=0, neg = 0
#GCMRL#  582 dt   5.333333 rms  0.445  0.000% neg 0  invalid 762 tFOTS 4.6050 tGradient 0.9420 tsec 9.3220
iter 0, gcam->neg = 9
after 4 iterations, nbhd size=0, neg = 0
#GCMRL#  583 dt   5.333333 rms  0.445  0.053% neg 0  invalid 762 tFOTS 0.0000 tGradient 0.9460 tsec 4.2370
iter 0, gcam->neg = 14
after 8 iterations, nbhd size=0, neg = 0
#GCMRL#  584 dt   5.333333 rms  0.444  0.071% neg 0  invalid 762 tFOTS 0.0000 tGradient 0.9320 tsec 6.1010
iter 0, gcam->neg = 21
after 10 iterations, nbhd size=0, neg = 0
#GCMRL#  585 dt   5.333333 rms  0.444  0.091% neg 0  invalid 762 tFOTS 0.0000 tGradient 0.9220 tsec 7.1000
iter 0, gcam->neg = 45
after 22 iterations, nbhd size=1, neg = 0
#GCMRL#  586 dt   5.333333 rms  0.444  0.021% neg 0  invalid 762 tFOTS 0.0000 tGradient 0.9300 tsec 12.9820
iter 0, gcam->neg = 22
after 7 iterations, nbhd size=0, neg = 0
#GCMRL#  587 dt   5.333333 rms  0.444  0.075% neg 0  invalid 762 tFOTS 0.0000 tGradient 0.9540 tsec 5.7480
iter 0, gcam->neg = 34
after 18 iterations, nbhd size=1, neg = 0
#GCMRL#  588 dt   5.333333 rms  0.443  0.087% neg 0  invalid 762 tFOTS 0.0000 tGradient 0.9560 tsec 11.0070
iter 0, gcam->neg = 38
after 15 iterations, nbhd size=0, neg = 0
#GCMRL#  589 dt   5.333333 rms  0.443  0.077% neg 0  invalid 762 tFOTS 0.0000 tGradient 0.9400 tsec 9.4120
#FOTS# QuadFit found better minimum quadopt=(dt=6.912,rms=0.442777) vs oldopt=(dt=11.52,rms=0.442809)
iter 0, gcam->neg = 7
after 12 iterations, nbhd size=0, neg = 0
setting smoothness cost coefficient to 1.000

#GCAMreg# pass 0 level1 1 level2 0 tsec 0 sigma 2
l_jacobian=1.00 l_log_likelihood=0.20 l_smoothness=1.00 
tol=2.50e-01, dt=5.00e-02, exp_k=20.0, momentum=0.90, levels=6, niter=500, lbl_dist=10.00, avgs=1, sigma=2.0,type=2, relabel=0, neg=yes

blurring input image with Gaussian with sigma=2.000...
GCAMRegisterLevel(): init RMS 0.448064
#FOTS# QuadFit found better minimum quadopt=(dt=4e-05,rms=0.448063) vs oldopt=(dt=5e-05,rms=0.448063)
#GCMRL#  591 dt   0.000040 rms  0.448  0.000% neg 0  invalid 762 tFOTS 6.2310 tGradient 0.9070 tsec 7.4770

#GCAMreg# pass 0 level1 1 level2 1 tsec 23.772 sigma 0.5
l_jacobian=1.00 l_log_likelihood=0.20 l_smoothness=1.00 
tol=2.50e-01, dt=5.00e-02, exp_k=20.0, momentum=0.90, levels=6, niter=500, lbl_dist=10.00, avgs=1, sigma=0.5,type=2, relabel=0, neg=yes

blurring input image with Gaussian with sigma=0.500...
GCAMRegisterLevel(): init RMS 0.448063
resetting metric properties...
setting smoothness cost coefficient to 2.000

#GCAMreg# pass 0 level1 0 level2 0 tsec 0 sigma 2
l_jacobian=1.00 l_log_likelihood=0.20 l_smoothness=2.00 
tol=2.50e-01, dt=5.00e-02, exp_k=20.0, momentum=0.90, levels=6, niter=500, lbl_dist=10.00, avgs=0, sigma=2.0,type=2, relabel=0, neg=yes

blurring input image with Gaussian with sigma=2.000...
GCAMRegisterLevel(): init RMS 0.439238
#FOTS# QuadFit found better minimum quadopt=(dt=0.706294,rms=0.434181) vs oldopt=(dt=0.32,rms=0.435875)
iter 0, gcam->neg = 430
after 17 iterations, nbhd size=1, neg = 0
#GCMRL#  594 dt   0.706294 rms  0.435  1.060% neg 0  invalid 762 tFOTS 4.9390 tGradient 0.4040 tsec 13.2000
#FOTS# QuadFit found better minimum quadopt=(dt=0.112,rms=0.434378) vs oldopt=(dt=0.08,rms=0.434405)
#GCMRL#  595 dt   0.112000 rms  0.434  0.000% neg 0  invalid 762 tFOTS 5.0510 tGradient 0.4130 tsec 5.8390
#GCMRL#  596 dt   0.112000 rms  0.434  0.026% neg 0  invalid 762 tFOTS 0.0000 tGradient 0.4300 tsec 0.7580
#GCMRL#  597 dt   0.112000 rms  0.434  0.000% neg 0  invalid 762 tFOTS 0.0000 tGradient 0.4090 tsec 0.7430

#GCAMreg# pass 0 level1 0 level2 1 tsec 30.696 sigma 0.5
l_jacobian=1.00 l_log_likelihood=0.20 l_smoothness=2.00 
tol=2.50e-01, dt=5.00e-02, exp_k=20.0, momentum=0.90, levels=6, niter=500, lbl_dist=10.00, avgs=0, sigma=0.5,type=2, relabel=0, neg=yes

blurring input image with Gaussian with sigma=0.500...
GCAMRegisterLevel(): init RMS 0.434264
#FOTS# QuadFit found better minimum quadopt=(dt=0.734043,rms=0.430596) vs oldopt=(dt=0.32,rms=0.43191)
iter 0, gcam->neg = 380
after 18 iterations, nbhd size=1, neg = 0
#GCMRL#  599 dt   0.734043 rms  0.433  0.387% neg 0  invalid 762 tFOTS 4.9450 tGradient 0.4130 tsec 13.4480
#FOTS# QuadFit found better minimum quadopt=(dt=0.256,rms=0.432152) vs oldopt=(dt=0.32,rms=0.432208)
iter 0, gcam->neg = 1
after 0 iterations, nbhd size=0, neg = 0
#GCMRL#  600 dt   0.256000 rms  0.432  0.000% neg 0  invalid 762 tFOTS 4.9200 tGradient 0.4040 tsec 6.4680
#GCMRL#  601 dt   0.256000 rms  0.432  0.072% neg 0  invalid 762 tFOTS 0.0000 tGradient 0.4150 tsec 0.7360
iter 0, gcam->neg = 3
after 0 iterations, nbhd size=0, neg = 0
#GCMRL#  602 dt   0.256000 rms  0.431  0.089% neg 0  invalid 762 tFOTS 0.0000 tGradient 0.4030 tsec 1.4910
iter 0, gcam->neg = 22
after 6 iterations, nbhd size=0, neg = 0
#GCMRL#  603 dt   0.256000 rms  0.431  0.103% neg 0  invalid 762 tFOTS 0.0000 tGradient 0.4100 tsec 3.8130
iter 0, gcam->neg = 26
after 19 iterations, nbhd size=1, neg = 0
#GCMRL#  604 dt   0.256000 rms  0.431  0.101% neg 0  invalid 762 tFOTS 0.0000 tGradient 0.4140 tsec 8.9480
iter 0, gcam->neg = 28
after 11 iterations, nbhd size=1, neg = 0
#GCMRL#  605 dt   0.256000 rms  0.430  0.079% neg 0  invalid 762 tFOTS 0.0000 tGradient 0.4100 tsec 5.9650
#FOTS# QuadFit found better minimum quadopt=(dt=0.256,rms=0.430061) vs oldopt=(dt=0.32,rms=0.430086)
iter 0, gcam->neg = 2
after 1 iterations, nbhd size=0, neg = 0
GCAMregister done in 7.42045 min
writing output transformation to transforms/talairach.m3z...
GCAMwrite
Calls to gcamLogLikelihoodEnergy 4134 tmin = 1.97572
Calls to gcamLabelEnergy         3585 tmin = 1.35108
Calls to gcamJacobianEnergy      4134 tmin = 0.90155
Calls to gcamSmoothnessEnergy    4134 tmin = 5.00912
Calls to gcamLogLikelihoodTerm 607 tmin = 1.00765
Calls to gcamLabelTerm         557 tmin = 6.4133
Calls to gcamJacobianTerm      607 tmin = 1.40503
Calls to gcamSmoothnessTerm    607 tmin = 0.568483
Calls to gcamComputeGradient    607 tmin = 20.8422
Calls to gcamComputeMetricProperties    6138 tmin = 2.4927
mri_ca_register took 0 hours, 52 minutes and 27 seconds.
#VMPC# mri_ca_register VmPeak  3117068
FSRUNTIME@ mri_ca_register  0.8742 hours 16 threads
#--------------------------------------
#@# SubCort Seg Mon Mar  9 22:53:50 CET 2026

 mri_ca_label -relabel_unlikely 9 .3 -prior 0.5 -align norm.mgz transforms/talairach.m3z /opt/freesurfer/average/RB_all_2020-01-02.gca aseg.auto_noCCseg.mgz 

sysname  Linux
hostname dna006
machine  x86_64

setenv SUBJECTS_DIR /out/sourcedata/freesurfer
cd /out/sourcedata/freesurfer/sub-v1s2x0051473_ses-1/mri
mri_ca_label -relabel_unlikely 9 .3 -prior 0.5 -align norm.mgz transforms/talairach.m3z /opt/freesurfer/average/RB_all_2020-01-02.gca aseg.auto_noCCseg.mgz 

relabeling unlikely voxels with window_size = 9 and prior threshold 0.30
using Gibbs prior factor = 0.500
renormalizing sequences with structure alignment, equivalent to:
	-renormalize
	-renormalize_mean 0.500
	-regularize 0.500

== Number of threads available to for OpenMP = 16 == 
reading 1 input volumes
reading classifier array from /opt/freesurfer/average/RB_all_2020-01-02.gca
reading input volume from norm.mgz
average std[0] = 7.2
reading transform from transforms/talairach.m3z
setting orig areas to linear transform determinant scaled 7.80
Atlas used for the 3D morph was /opt/freesurfer/average/RB_all_2020-01-02.gca
average std = 7.2   using min determinant for regularization = 5.2
0 singular and 0 ill-conditioned covariance matrices regularized
labeling volume...
renormalizing by structure alignment....
renormalizing input #0
gca peak = 0.15521 (20)
mri peak = 0.25508 (35)
Left_Lateral_Ventricle (4): linear fit = 1.68 x + 0.0 (580 voxels, overlap=0.035)
Left_Lateral_Ventricle (4): linear fit = 1.50 x + 0.0 (580 voxels, peak = 34), gca=30.0
gca peak = 0.20380 (13)
mri peak = 0.25451 (35)
Right_Lateral_Ventricle (43): linear fit = 2.60 x + 0.0 (561 voxels, overlap=0.033)
Right_Lateral_Ventricle (43): linear fit = 1.50 x + 0.0 (561 voxels, peak = 34), gca=19.5
gca peak = 0.26283 (96)
mri peak = 0.29611 (103)
Right_Pallidum (52): linear fit = 1.07 x + 0.0 (807 voxels, overlap=0.023)
Right_Pallidum (52): linear fit = 1.07 x + 0.0 (807 voxels, peak = 102), gca=102.2
gca peak = 0.15814 (97)
mri peak = 0.15019 (103)
Left_Pallidum (13): linear fit = 1.07 x + 0.0 (778 voxels, overlap=0.489)
Left_Pallidum (13): linear fit = 1.07 x + 0.0 (778 voxels, peak = 103), gca=103.3
gca peak = 0.27624 (56)
mri peak = 0.14052 (79)
Right_Hippocampus (53): linear fit = 1.38 x + 0.0 (1061 voxels, overlap=0.014)
Right_Hippocampus (53): linear fit = 1.38 x + 0.0 (1061 voxels, peak = 78), gca=77.6
gca peak = 0.28723 (59)
mri peak = 0.14734 (82)
Left_Hippocampus (17): linear fit = 1.37 x + 0.0 (972 voxels, overlap=0.017)
Left_Hippocampus (17): linear fit = 1.37 x + 0.0 (972 voxels, peak = 81), gca=80.5
gca peak = 0.07623 (103)
mri peak = 0.14345 (103)
Right_Cerebral_White_Matter (41): linear fit = 1.00 x + 0.0 (56768 voxels, overlap=0.567)
Right_Cerebral_White_Matter (41): linear fit = 1.00 x + 0.0 (56768 voxels, peak = 102), gca=102.5
gca peak = 0.07837 (105)
mri peak = 0.14873 (105)
Left_Cerebral_White_Matter (2): linear fit = 1.00 x + 0.0 (62049 voxels, overlap=0.645)
Left_Cerebral_White_Matter (2): linear fit = 1.00 x + 0.0 (62049 voxels, peak = 104), gca=104.5
gca peak = 0.10165 (58)
mri peak = 0.05386 (84)
Left_Cerebral_Cortex (3): linear fit = 1.42 x + 0.0 (45507 voxels, overlap=0.000)
Left_Cerebral_Cortex (3): linear fit = 1.42 x + 0.0 (45507 voxels, peak = 83), gca=82.6
gca peak = 0.11113 (58)
mri peak = 0.05293 (86)
Right_Cerebral_Cortex (42): linear fit = 1.47 x + 0.0 (41684 voxels, overlap=0.000)
Right_Cerebral_Cortex (42): linear fit = 1.47 x + 0.0 (41684 voxels, peak = 85), gca=85.0
gca peak = 0.27796 (67)
mri peak = 0.16645 (89)
Right_Caudate (50): linear fit = 1.32 x + 0.0 (768 voxels, overlap=0.019)
Right_Caudate (50): linear fit = 1.32 x + 0.0 (768 voxels, peak = 88), gca=88.1
gca peak = 0.14473 (69)
mri peak = 0.20604 (86)
Left_Caudate (11): linear fit = 1.14 x + 0.0 (728 voxels, overlap=0.014)
Left_Caudate (11): linear fit = 1.14 x + 0.0 (728 voxels, peak = 79), gca=79.0
gca peak = 0.14301 (56)
mri peak = 0.04994 (78)
Left_Cerebellum_Cortex (8): linear fit = 1.40 x + 0.0 (27184 voxels, overlap=0.002)
Left_Cerebellum_Cortex (8): linear fit = 1.40 x + 0.0 (27184 voxels, peak = 79), gca=78.7
gca peak = 0.14610 (55)
mri peak = 0.04325 (89)
Right_Cerebellum_Cortex (47): linear fit = 1.63 x + 0.0 (34143 voxels, overlap=0.001)
Right_Cerebellum_Cortex (47): linear fit = 1.63 x + 0.0 (34143 voxels, peak = 90), gca=89.9
gca peak = 0.16309 (85)
mri peak = 0.11167 (94)
Left_Cerebellum_White_Matter (7): linear fit = 1.12 x + 0.0 (7572 voxels, overlap=0.122)
Left_Cerebellum_White_Matter (7): linear fit = 1.12 x + 0.0 (7572 voxels, peak = 95), gca=94.8
gca peak = 0.15172 (84)
mri peak = 0.05617 (84)
Right_Cerebellum_White_Matter (46): linear fit = 1.07 x + 0.0 (4225 voxels, overlap=0.877)
Right_Cerebellum_White_Matter (46): linear fit = 1.07 x + 0.0 (4225 voxels, peak = 89), gca=89.5
gca peak = 0.30461 (58)
mri peak = 0.15254 (79)
Left_Amygdala (18): linear fit = 1.35 x + 0.0 (531 voxels, overlap=0.045)
Left_Amygdala (18): linear fit = 1.35 x + 0.0 (531 voxels, peak = 78), gca=78.0
gca peak = 0.32293 (57)
mri peak = 0.15314 (80)
Right_Amygdala (54): linear fit = 1.37 x + 0.0 (538 voxels, overlap=0.036)
Right_Amygdala (54): linear fit = 1.37 x + 0.0 (538 voxels, peak = 78), gca=77.8
gca peak = 0.11083 (90)
mri peak = 0.11362 (101)
Left_Thalamus (10): linear fit = 1.13 x + 0.0 (5849 voxels, overlap=0.200)
Left_Thalamus (10): linear fit = 1.13 x + 0.0 (5849 voxels, peak = 102), gca=102.2
gca peak = 0.11393 (83)
mri peak = 0.08645 (99)
Right_Thalamus (49): linear fit = 1.16 x + 0.0 (5069 voxels, overlap=0.058)
Right_Thalamus (49): linear fit = 1.16 x + 0.0 (5069 voxels, peak = 97), gca=96.7
gca peak = 0.08575 (81)
mri peak = 0.13761 (95)
Left_Putamen (12): linear fit = 1.15 x + 0.0 (1824 voxels, overlap=0.091)
Left_Putamen (12): linear fit = 1.15 x + 0.0 (1824 voxels, peak = 94), gca=93.6
gca peak = 0.08618 (78)
mri peak = 0.13387 (95)
Right_Putamen (51): linear fit = 1.16 x + 0.0 (2114 voxels, overlap=0.080)
Right_Putamen (51): linear fit = 1.16 x + 0.0 (2114 voxels, peak = 91), gca=90.9
gca peak = 0.08005 (78)
mri peak = 0.08134 (95)
Brain_Stem (16): linear fit = 1.14 x + 0.0 (10890 voxels, overlap=0.430)
Brain_Stem (16): linear fit = 1.14 x + 0.0 (10890 voxels, peak = 89), gca=89.3
gca peak = 0.12854 (88)
mri peak = 0.14627 (101)
Right_VentralDC (60): linear fit = 1.13 x + 0.0 (1718 voxels, overlap=0.011)
Right_VentralDC (60): linear fit = 1.13 x + 0.0 (1718 voxels, peak = 100), gca=99.9
gca peak = 0.15703 (87)
mri peak = 0.12997 (102)
Left_VentralDC (28): linear fit = 1.14 x + 0.0 (1690 voxels, overlap=0.006)
Left_VentralDC (28): linear fit = 1.14 x + 0.0 (1690 voxels, peak = 100), gca=99.6
gca peak = 0.17522 (25)
mri peak = 0.14104 (38)
gca peak = 0.17113 (14)
mri peak = 0.37736 (36)
Fourth_Ventricle (15): linear fit = 2.18 x + 0.0 (286 voxels, overlap=0.011)
Fourth_Ventricle (15): linear fit = 2.18 x + 0.0 (286 voxels, peak = 31), gca=30.6
gca peak Unknown = 0.94777 ( 0)
gca peak Left_Inf_Lat_Vent = 0.16627 (28)
gca peak Third_Ventricle = 0.17522 (25)
gca peak Fourth_Ventricle = 0.17113 (14)
gca peak CSF = 0.20346 (36)
gca peak Left_Accumbens_area = 0.70646 (62)
gca peak Left_undetermined = 1.00000 (28)
gca peak Left_vessel = 0.89917 (53)
gca peak Left_choroid_plexus = 0.11689 (35)
gca peak Right_Inf_Lat_Vent = 0.25504 (23)
gca peak Right_Cerebellum_Cortex = 0.14610 (55)
gca peak Right_Accumbens_area = 0.31650 (65)
gca peak Right_vessel = 0.77268 (52)
gca peak Right_choroid_plexus = 0.13275 (38)
gca peak Fifth_Ventricle = 0.60973 (33)
gca peak WM_hypointensities = 0.11013 (77)
gca peak non_WM_hypointensities = 0.11354 (41)
gca peak Optic_Chiasm = 0.51646 (76)
not using caudate to estimate GM means
setting label Right_Cerebellum_Cortex based on Left_Cerebellum_Cortex = 1.40 x +  0: 79
estimating mean gm scale to be 1.39 x + 0.0
estimating mean wm scale to be 1.00 x + 0.0
estimating mean csf scale to be 1.50 x + 0.0
Left_Putamen too bright - rescaling by 0.995 (from 1.155) to 93.1 (was 93.6)
Left_Pallidum too bright - rescaling by 0.972 (from 1.065) to 100.4 (was 103.3)
Right_Pallidum too bright - rescaling by 0.982 (from 1.065) to 100.4 (was 102.2)
saving intensity scales to aseg.auto_noCCseg.label_intensities.txt
renormalizing by structure alignment....
renormalizing input #0
gca peak = 0.14064 (28)
mri peak = 0.25508 (35)
Left_Lateral_Ventricle (4): linear fit = 1.12 x + 0.0 (580 voxels, overlap=0.478)
Left_Lateral_Ventricle (4): linear fit = 1.12 x + 0.0 (580 voxels, peak = 32), gca=31.5
gca peak = 0.16931 (19)
mri peak = 0.25451 (35)
Right_Lateral_Ventricle (43): linear fit = 1.72 x + 0.0 (561 voxels, overlap=0.245)
Right_Lateral_Ventricle (43): linear fit = 1.50 x + 0.0 (561 voxels, peak = 33), gca=28.5
gca peak = 0.20972 (97)
mri peak = 0.29611 (103)
Right_Pallidum (52): linear fit = 1.01 x + 0.0 (807 voxels, overlap=0.776)
Right_Pallidum (52): linear fit = 1.01 x + 0.0 (807 voxels, peak = 98), gca=98.5
gca peak = 0.17572 (98)
mri peak = 0.15019 (103)
Left_Pallidum (13): linear fit = 1.04 x + 0.0 (778 voxels, overlap=0.856)
Left_Pallidum (13): linear fit = 1.04 x + 0.0 (778 voxels, peak = 102), gca=102.4
gca peak = 0.21948 (77)
mri peak = 0.14052 (79)
Right_Hippocampus (53): linear fit = 1.01 x + 0.0 (1061 voxels, overlap=0.902)
Right_Hippocampus (53): linear fit = 1.01 x + 0.0 (1061 voxels, peak = 78), gca=78.2
gca peak = 0.28122 (77)
mri peak = 0.14734 (82)
Left_Hippocampus (17): linear fit = 1.00 x + 0.0 (972 voxels, overlap=1.001)
Left_Hippocampus (17): linear fit = 1.00 x + 0.0 (972 voxels, peak = 77), gca=77.0
gca peak = 0.08112 (103)
mri peak = 0.14345 (103)
Right_Cerebral_White_Matter (41): linear fit = 1.00 x + 0.0 (56768 voxels, overlap=0.540)
Right_Cerebral_White_Matter (41): linear fit = 1.00 x + 0.0 (56768 voxels, peak = 103), gca=103.0
gca peak = 0.08162 (104)
mri peak = 0.14873 (105)
Left_Cerebral_White_Matter (2): linear fit = 1.00 x + 0.0 (62049 voxels, overlap=0.636)
Left_Cerebral_White_Matter (2): linear fit = 1.00 x + 0.0 (62049 voxels, peak = 103), gca=103.5
gca peak = 0.07090 (83)
mri peak = 0.05386 (84)
Left_Cerebral_Cortex (3): linear fit = 1.00 x + 0.0 (45507 voxels, overlap=0.959)
Left_Cerebral_Cortex (3): linear fit = 1.00 x + 0.0 (45507 voxels, peak = 83), gca=83.0
gca peak = 0.07867 (85)
mri peak = 0.05293 (86)
Right_Cerebral_Cortex (42): linear fit = 0.99 x + 0.0 (41684 voxels, overlap=0.949)
Right_Cerebral_Cortex (42): linear fit = 0.99 x + 0.0 (41684 voxels, peak = 84), gca=83.7
gca peak = 0.21030 (87)
mri peak = 0.16645 (89)
Right_Caudate (50): linear fit = 1.01 x + 0.0 (768 voxels, overlap=0.997)
Right_Caudate (50): linear fit = 1.01 x + 0.0 (768 voxels, peak = 88), gca=88.3
gca peak = 0.14741 (79)
mri peak = 0.20604 (86)
Left_Caudate (11): linear fit = 0.99 x + 0.0 (728 voxels, overlap=0.645)
Left_Caudate (11): linear fit = 0.99 x + 0.0 (728 voxels, peak = 78), gca=77.8
gca peak = 0.10132 (78)
mri peak = 0.04994 (78)
Left_Cerebellum_Cortex (8): linear fit = 1.00 x + 0.0 (27184 voxels, overlap=0.971)
Left_Cerebellum_Cortex (8): linear fit = 1.00 x + 0.0 (27184 voxels, peak = 78), gca=78.0
gca peak = 0.10929 (78)
mri peak = 0.04325 (89)
Right_Cerebellum_Cortex (47): linear fit = 1.15 x + 0.0 (34143 voxels, overlap=0.153)
Right_Cerebellum_Cortex (47): linear fit = 1.15 x + 0.0 (34143 voxels, peak = 90), gca=90.1
gca peak = 0.14407 (94)
mri peak = 0.11167 (94)
Left_Cerebellum_White_Matter (7): linear fit = 1.00 x + 0.0 (7572 voxels, overlap=0.948)
Left_Cerebellum_White_Matter (7): linear fit = 1.00 x + 0.0 (7572 voxels, peak = 94), gca=93.5
gca peak = 0.17087 (90)
mri peak = 0.05617 (84)
Right_Cerebellum_White_Matter (46): linear fit = 0.95 x + 0.0 (4225 voxels, overlap=0.990)
Right_Cerebellum_White_Matter (46): linear fit = 0.95 x + 0.0 (4225 voxels, peak = 86), gca=85.9
gca peak = 0.29823 (78)
mri peak = 0.15254 (79)
Left_Amygdala (18): linear fit = 1.01 x + 0.0 (531 voxels, overlap=0.999)
Left_Amygdala (18): linear fit = 1.01 x + 0.0 (531 voxels, peak = 79), gca=79.2
gca peak = 0.20662 (78)
mri peak = 0.15314 (80)
Right_Amygdala (54): linear fit = 1.00 x + 0.0 (538 voxels, overlap=0.987)
Right_Amygdala (54): linear fit = 1.00 x + 0.0 (538 voxels, peak = 78), gca=78.0
gca peak = 0.10522 (100)
mri peak = 0.11362 (101)
Left_Thalamus (10): linear fit = 1.00 x + 0.0 (5849 voxels, overlap=0.906)
Left_Thalamus (10): linear fit = 1.00 x + 0.0 (5849 voxels, peak = 100), gca=100.0
gca peak = 0.10175 (94)
mri peak = 0.08645 (99)
Right_Thalamus (49): linear fit = 1.00 x + 0.0 (5069 voxels, overlap=0.920)
Right_Thalamus (49): linear fit = 1.00 x + 0.0 (5069 voxels, peak = 94), gca=94.0
gca peak = 0.08163 (93)
mri peak = 0.13761 (95)
Left_Putamen (12): linear fit = 1.02 x + 0.0 (1824 voxels, overlap=0.726)
Left_Putamen (12): linear fit = 1.02 x + 0.0 (1824 voxels, peak = 95), gca=95.3
gca peak = 0.07339 (90)
mri peak = 0.13387 (95)
Right_Putamen (51): linear fit = 1.01 x + 0.0 (2114 voxels, overlap=0.769)
Right_Putamen (51): linear fit = 1.01 x + 0.0 (2114 voxels, peak = 91), gca=91.3
gca peak = 0.08235 (90)
mri peak = 0.08134 (95)
Brain_Stem (16): linear fit = 1.02 x + 0.0 (10890 voxels, overlap=0.915)
Brain_Stem (16): linear fit = 1.02 x + 0.0 (10890 voxels, peak = 92), gca=92.2
gca peak = 0.10978 (100)
mri peak = 0.14627 (101)
Right_VentralDC (60): linear fit = 1.00 x + 0.0 (1718 voxels, overlap=0.777)
Right_VentralDC (60): linear fit = 1.00 x + 0.0 (1718 voxels, peak = 100), gca=100.0
gca peak = 0.13874 (99)
mri peak = 0.12997 (102)
Left_VentralDC (28): linear fit = 0.99 x + 0.0 (1690 voxels, overlap=0.776)
Left_VentralDC (28): linear fit = 0.99 x + 0.0 (1690 voxels, peak = 98), gca=97.5
gca peak = 0.17159 (38)
mri peak = 0.14104 (38)
gca peak = 0.15149 (22)
mri peak = 0.37736 (36)
Fourth_Ventricle (15): linear fit = 1.61 x + 0.0 (286 voxels, overlap=0.095)
Fourth_Ventricle (15): linear fit = 1.61 x + 0.0 (286 voxels, peak = 35), gca=35.3
gca peak Unknown = 0.94777 ( 0)
gca peak Left_Inf_Lat_Vent = 0.14074 (38)
gca peak Third_Ventricle = 0.17159 (38)
gca peak Fourth_Ventricle = 0.15149 (22)
gca peak CSF = 0.13119 (54)
gca peak Left_Accumbens_area = 0.52556 (72)
gca peak Left_undetermined = 0.98480 (34)
gca peak Left_vessel = 0.63642 (53)
gca peak Left_choroid_plexus = 0.11039 (35)
gca peak Right_Inf_Lat_Vent = 0.22750 (32)
gca peak Right_Accumbens_area = 0.34747 (85)
gca peak Right_vessel = 0.77268 (52)
gca peak Right_choroid_plexus = 0.13879 (38)
gca peak Fifth_Ventricle = 0.59466 (47)
gca peak WM_hypointensities = 0.11206 (76)
gca peak non_WM_hypointensities = 0.07738 (41)
gca peak Optic_Chiasm = 0.66130 (76)
not using caudate to estimate GM means
estimating mean gm scale to be 1.00 x + 0.0
estimating mean wm scale to be 1.00 x + 0.0
estimating mean csf scale to be 1.31 x + 0.0
Left_Putamen too bright - rescaling by 0.975 (from 1.025) to 92.9 (was 95.3)
Left_Pallidum too bright - rescaling by 0.978 (from 1.045) to 100.1 (was 102.4)
saving intensity scales to aseg.auto_noCCseg.label_intensities.txt
saving sequentially combined intensity scales to aseg.auto_noCCseg.label_intensities.txt
70845 voxels changed in iteration 0 of unlikely voxel relabeling
217 voxels changed in iteration 1 of unlikely voxel relabeling
0 voxels changed in iteration 2 of unlikely voxel relabeling
156468 gm and wm labels changed (%31 to gray, %69 to white out of all changed labels)
388 hippocampal voxels changed.
0 amygdala voxels changed.
Reclassifying using Gibbs Priors
pass 1: 84621 changed. image ll: -2.124, PF=0.500
pass 2: 26327 changed. image ll: -2.122, PF=0.500
pass 3: 9521 changed.
pass 4: 3776 changed.
121578 voxels changed in iteration 0 of unlikely voxel relabeling
560 voxels changed in iteration 1 of unlikely voxel relabeling
144 voxels changed in iteration 2 of unlikely voxel relabeling
9 voxels changed in iteration 3 of unlikely voxel relabeling
0 voxels changed in iteration 4 of unlikely voxel relabeling
5970 voxels changed in iteration 0 of unlikely voxel relabeling
47 voxels changed in iteration 1 of unlikely voxel relabeling
4 voxels changed in iteration 2 of unlikely voxel relabeling
0 voxels changed in iteration 3 of unlikely voxel relabeling
4822 voxels changed in iteration 0 of unlikely voxel relabeling
64 voxels changed in iteration 1 of unlikely voxel relabeling
11 voxels changed in iteration 2 of unlikely voxel relabeling
3 voxels changed in iteration 3 of unlikely voxel relabeling
0 voxels changed in iteration 4 of unlikely voxel relabeling
4580 voxels changed in iteration 0 of unlikely voxel relabeling
36 voxels changed in iteration 1 of unlikely voxel relabeling
6 voxels changed in iteration 2 of unlikely voxel relabeling
0 voxels changed in iteration 3 of unlikely voxel relabeling
 !!!!!!!!! ventricle segment 2 with volume 3811 above threshold 100 - not erasing !!!!!!!!!!
 !!!!!!!!! ventricle segment 3 with volume 4328 above threshold 100 - not erasing !!!!!!!!!!
 !!!!!!!!! ventricle segment 2 with volume 149 above threshold 100 - not erasing !!!!!!!!!!
writing labeled volume to aseg.auto_noCCseg.mgz
mri_ca_label utimesec    2785.997232
mri_ca_label stimesec    2.405777
mri_ca_label ru_maxrss   2162660
mri_ca_label ru_ixrss    0
mri_ca_label ru_idrss    0
mri_ca_label ru_isrss    0
mri_ca_label ru_minflt   2832454
mri_ca_label ru_majflt   11
mri_ca_label ru_nswap    0
mri_ca_label ru_inblock  1142
mri_ca_label ru_oublock  664
mri_ca_label ru_msgsnd   0
mri_ca_label ru_msgrcv   0
mri_ca_label ru_nsignals 0
mri_ca_label ru_nvcsw    2321
mri_ca_label ru_nivcsw   2024
auto-labeling took 45 minutes and 11 seconds.
#--------------------------------------
#@# CC Seg Mon Mar  9 23:39:01 CET 2026

 mri_cc -aseg aseg.auto_noCCseg.mgz -o aseg.auto.mgz -lta /out/sourcedata/freesurfer/sub-v1s2x0051473_ses-1/mri/transforms/cc_up.lta sub-v1s2x0051473_ses-1 

will read input aseg from aseg.auto_noCCseg.mgz
writing aseg with cc labels to aseg.auto.mgz
will write lta as /out/sourcedata/freesurfer/sub-v1s2x0051473_ses-1/mri/transforms/cc_up.lta
reading aseg from /out/sourcedata/freesurfer/sub-v1s2x0051473_ses-1/mri/aseg.auto_noCCseg.mgz
reading norm from /out/sourcedata/freesurfer/sub-v1s2x0051473_ses-1/mri/norm.mgz
84649 voxels in left wm, 83442 in right wm, xrange [121, 137]
searching rotation angles z=[-5  9], y=[-4 10]
searching scale 1 Z rot -5.2  searching scale 1 Z rot -5.0  searching scale 1 Z rot -4.7  searching scale 1 Z rot -4.5  searching scale 1 Z rot -4.2  searching scale 1 Z rot -4.0  searching scale 1 Z rot -3.7  searching scale 1 Z rot -3.5  searching scale 1 Z rot -3.2  searching scale 1 Z rot -3.0  searching scale 1 Z rot -2.7  searching scale 1 Z rot -2.5  searching scale 1 Z rot -2.2  searching scale 1 Z rot -2.0  searching scale 1 Z rot -1.7  searching scale 1 Z rot -1.5  searching scale 1 Z rot -1.2  searching scale 1 Z rot -1.0  searching scale 1 Z rot -0.7  searching scale 1 Z rot -0.5  searching scale 1 Z rot -0.2  searching scale 1 Z rot 0.0  searching scale 1 Z rot 0.3  searching scale 1 Z rot 0.5  searching scale 1 Z rot 0.8  searching scale 1 Z rot 1.0  searching scale 1 Z rot 1.3  searching scale 1 Z rot 1.5  searching scale 1 Z rot 1.8  searching scale 1 Z rot 2.0  searching scale 1 Z rot 2.3  searching scale 1 Z rot 2.5  searching scale 1 Z rot 2.8  searching scale 1 Z rot 3.0  searching scale 1 Z rot 3.3  searching scale 1 Z rot 3.5  searching scale 1 Z rot 3.8  searching scale 1 Z rot 4.0  searching scale 1 Z rot 4.3  searching scale 1 Z rot 4.5  searching scale 1 Z rot 4.8  searching scale 1 Z rot 5.0  searching scale 1 Z rot 5.3  searching scale 1 Z rot 5.5  searching scale 1 Z rot 5.8  searching scale 1 Z rot 6.0  searching scale 1 Z rot 6.3  searching scale 1 Z rot 6.5  searching scale 1 Z rot 6.8  searching scale 1 Z rot 7.0  searching scale 1 Z rot 7.3  searching scale 1 Z rot 7.5  searching scale 1 Z rot 7.8  searching scale 1 Z rot 8.0  searching scale 1 Z rot 8.3  searching scale 1 Z rot 8.5  global minimum found at slice 128.8, rotations (2.92, 1.80)
final transformation (x=128.8, yr=2.917, zr=1.799):
 0.99821  -0.03139   0.05086  -3.37682;
 0.03134   0.99951   0.00160   44.83574;
-0.05088   0.00000   0.99870   31.68979;
 0.00000   0.00000   0.00000   1.00000;
updating x range to be [125, 130] in xformed coordinates
best xformed slice 127
min_x_fornix = 146
WARNING: min_x_fornix not set
WARNING: min_x_fornix not set
WARNING: min_x_fornix not set
min_x_fornix = 149
cc center is found at 127 79 103
eigenvectors:
 0.00010  -0.00057   1.00000;
 0.03225  -0.99948  -0.00058;
 0.99948   0.03225  -0.00008;
writing aseg with callosum to /out/sourcedata/freesurfer/sub-v1s2x0051473_ses-1/mri/aseg.auto.mgz...
corpus callosum segmentation took 0.8 minutes
#VMPC# mri_cc VmPeak  556536
mri_cc done
#--------------------------------------
#@# Merge ASeg Mon Mar  9 23:39:51 CET 2026

 cp aseg.auto.mgz aseg.presurf.mgz 

#--------------------------------------------
#@# Intensity Normalization2 Mon Mar  9 23:39:51 CET 2026
/out/sourcedata/freesurfer/sub-v1s2x0051473_ses-1/mri

 mri_normalize -seed 1234 -mprage -aseg aseg.presurf.mgz -mask brainmask.mgz norm.mgz brain.mgz 

setting seed for random number genererator to 1234
assuming input volume is MGH (Van der Kouwe) MP-RAGE
using segmentation for initial intensity normalization
using MR volume brainmask.mgz to mask input volume...
reading mri_src from norm.mgz...
Reading aseg aseg.presurf.mgz
normalizing image...
NOT doing gentle normalization with control points/label
processing with aseg
removing outliers in the aseg WM...
1752 control points removed
Building bias image
building Voronoi diagram...
performing soap bubble smoothing, sigma = 0...
Smoothing with sigma 8
Applying bias correction
building Voronoi diagram...
performing soap bubble smoothing, sigma = 8...

Iterating 2 times
---------------------------------
3d normalization pass 1 of 2
white matter peak found at 110
white matter peak found at 110
gm peak at 88 (88), valley at 21 (21)
csf peak at 46, setting threshold to 74
building Voronoi diagram...
performing soap bubble smoothing, sigma = 8...
---------------------------------
3d normalization pass 2 of 2
white matter peak found at 110
white matter peak found at 110
gm peak at 88 (88), valley at 21 (21)
csf peak at 46, setting threshold to 74
building Voronoi diagram...
performing soap bubble smoothing, sigma = 8...
Done iterating ---------------------------------
writing output to brain.mgz
3D bias adjustment took 2 minutes and 19 seconds.
#--------------------------------------------
#@# Mask BFS Mon Mar  9 23:42:11 CET 2026
/out/sourcedata/freesurfer/sub-v1s2x0051473_ses-1/mri

 mri_mask -T 5 brain.mgz brainmask.mgz brain.finalsurfs.mgz 

threshold mask volume at 5
DoAbs = 0
Found 1618551 voxels in mask (pct=  9.65)
Writing masked volume to brain.finalsurfs.mgz...done.
#--------------------------------------------
#@# WM Segmentation Mon Mar  9 23:42:12 CET 2026

 AntsDenoiseImageFs -i brain.mgz -o antsdn.brain.mgz 


 mri_segment -wsizemm 13 -mprage antsdn.brain.mgz wm.seg.mgz 

wsizemm = 13, voxres = 1, wsize = 13
Widening wm low from 89 to 79
assuming input volume is MGH (Van der Kouwe) MP-RAGE
wm mean:  110
wsize:    13
wm low:   79
wm hi:    125
gray low: 30
gray hi:  99
Doing initial trinary intensity segmentation 
Using local statistics to label ambiguous voxels
Autodetecting stats
Computing class statistics for intensity windows...
CCS WM (103.0): 103.7 +- 4.6 [79.0 --> 125.0]
CCS GM (84.0) : 80.1 +- 12.6 [30.0 --> 95.0]
 white_mean 103.709
 white_sigma 4.58389
 gray_mean 80.0616
 gray_sigma 12.606
setting bottom of white matter range wm_low to 92.7
setting top of gray matter range gray_hi to 102.7
 wm_low 92.6675
 wm_hi  125
 gray_low 30
 gray_hi  102.709
Redoing initial intensity segmentation...
Recomputing local statistics to label ambiguous voxels...
 wm_low 92.6675
 wm_hi  125
 gray_low 30
 gray_hi  102.709
using local geometry to label remaining ambiguous voxels...
polvwsize = 5, polvlen = 3, gray_hi = 102.709, wm_low = 92.6675
MRIcpolvMedianCurveSegment(): wsize=5, len=3, gmhi=102.709, wmlow=92.6675
    242726 voxels processed (1.45%)
    111832 voxels white (0.67%)
    130894 voxels non-white (0.78%)

Reclassifying voxels using Gaussian border classifier niter=1
MRIreclassify(): wm_low=87.6675, gray_hi=102.709, wsize=13
    476873 voxels tested (2.84%)
     75890 voxels changed (0.45%)
     66452 multi-scale searches  (0.40%)
Recovering bright white
MRIrecoverBrightWhite()
 wm_low 92.6675
 wm_hi 125
 slack 4.58389
 pct_thresh 0.33
 intensity_thresh 129.584
 nvox_thresh 8.58
       67 voxels tested (0.00%)
       18 voxels changed (0.00%)

removing voxels with positive offset direction...
MRIremoveWrongDirection() wsize=3, lowthr=87.6675, hithr=102.709
  smoothing input volume with sigma = 0.250
   175275 voxels tested (1.04%)
    23523 voxels changed (0.14%)
thicken = 1
removing 1-dimensional structures...
MRIremove1dStructures(): max_iter=10000, thresh=2, WM_MIN_VAL=5
 2087 sparsely connected voxels removed in 1 iterations
thickening thin strands....
thickness 4
nsegments 20
wm_hi 125
1859 diagonally connected voxels added...
MRIthickenThinWMStrands(): thickness=4, nsegments=20
  20 segments, 1754 filled
MRIfindBrightNonWM(): 456 bright non-wm voxels segmented.
MRIfilterMorphology() WM_MIN_VAL=5, DIAGONAL_FILL=230
white matter segmentation took 1.3 minutes
writing output to wm.seg.mgz...

 mri_edit_wm_with_aseg -keep-in wm.seg.mgz brain.mgz aseg.presurf.mgz wm.asegedit.mgz 

preserving editing changes in input volume...
auto filling took 0.44 minutes
reading wm segmentation from wm.seg.mgz...
0 voxels added to wm to prevent paths from MTL structures to cortex
4733 additional wm voxels added
0 additional wm voxels added
SEG EDIT: 31881 voxels turned on, 74144 voxels turned off.
propagating editing to output volume from wm.seg.mgz
writing edited volume to wm.asegedit.mgz....

 mri_pretess wm.asegedit.mgz wm norm.mgz wm.mgz 


Iteration Number : 1
pass   1 (xy+):  26 found -  26 modified     |    TOTAL:  26
pass   2 (xy+):   0 found -  26 modified     |    TOTAL:  26
pass   1 (xy-):  34 found -  34 modified     |    TOTAL:  60
pass   2 (xy-):   0 found -  34 modified     |    TOTAL:  60
pass   1 (yz+):  22 found -  22 modified     |    TOTAL:  82
pass   2 (yz+):   0 found -  22 modified     |    TOTAL:  82
pass   1 (yz-):  36 found -  36 modified     |    TOTAL: 118
pass   2 (yz-):   0 found -  36 modified     |    TOTAL: 118
pass   1 (xz+):  22 found -  22 modified     |    TOTAL: 140
pass   2 (xz+):   0 found -  22 modified     |    TOTAL: 140
pass   1 (xz-):  21 found -  21 modified     |    TOTAL: 161
pass   2 (xz-):   0 found -  21 modified     |    TOTAL: 161
Iteration Number : 1
pass   1 (+++):  10 found -  10 modified     |    TOTAL:  10
pass   2 (+++):   0 found -  10 modified     |    TOTAL:  10
pass   1 (+++):  10 found -  10 modified     |    TOTAL:  20
pass   2 (+++):   0 found -  10 modified     |    TOTAL:  20
pass   1 (+++):   9 found -   9 modified     |    TOTAL:  29
pass   2 (+++):   0 found -   9 modified     |    TOTAL:  29
pass   1 (+++):   2 found -   2 modified     |    TOTAL:  31
pass   2 (+++):   0 found -   2 modified     |    TOTAL:  31
Iteration Number : 1
pass   1 (++):  74 found -  74 modified     |    TOTAL:  74
pass   2 (++):   0 found -  74 modified     |    TOTAL:  74
pass   1 (+-):  39 found -  39 modified     |    TOTAL: 113
pass   2 (+-):   0 found -  39 modified     |    TOTAL: 113
pass   1 (--):  49 found -  49 modified     |    TOTAL: 162
pass   2 (--):   0 found -  49 modified     |    TOTAL: 162
pass   1 (-+):  38 found -  38 modified     |    TOTAL: 200
pass   2 (-+):   0 found -  38 modified     |    TOTAL: 200
Iteration Number : 2
pass   1 (xy+):   5 found -   5 modified     |    TOTAL:   5
pass   2 (xy+):   0 found -   5 modified     |    TOTAL:   5
pass   1 (xy-):   2 found -   2 modified     |    TOTAL:   7
pass   2 (xy-):   0 found -   2 modified     |    TOTAL:   7
pass   1 (yz+):   1 found -   1 modified     |    TOTAL:   8
pass   2 (yz+):   0 found -   1 modified     |    TOTAL:   8
pass   1 (yz-):   4 found -   4 modified     |    TOTAL:  12
pass   2 (yz-):   0 found -   4 modified     |    TOTAL:  12
pass   1 (xz+):   2 found -   2 modified     |    TOTAL:  14
pass   2 (xz+):   0 found -   2 modified     |    TOTAL:  14
pass   1 (xz-):   1 found -   1 modified     |    TOTAL:  15
pass   2 (xz-):   0 found -   1 modified     |    TOTAL:  15
Iteration Number : 2
pass   1 (+++):   0 found -   0 modified     |    TOTAL:   0
pass   1 (+++):   0 found -   0 modified     |    TOTAL:   0
pass   1 (+++):   0 found -   0 modified     |    TOTAL:   0
pass   1 (+++):   0 found -   0 modified     |    TOTAL:   0
Iteration Number : 2
pass   1 (++):   2 found -   2 modified     |    TOTAL:   2
pass   2 (++):   0 found -   2 modified     |    TOTAL:   2
pass   1 (+-):   0 found -   0 modified     |    TOTAL:   2
pass   1 (--):   0 found -   0 modified     |    TOTAL:   2
pass   1 (-+):   0 found -   0 modified     |    TOTAL:   2
Iteration Number : 3
pass   1 (xy+):   0 found -   0 modified     |    TOTAL:   0
pass   1 (xy-):   0 found -   0 modified     |    TOTAL:   0
pass   1 (yz+):   0 found -   0 modified     |    TOTAL:   0
pass   1 (yz-):   0 found -   0 modified     |    TOTAL:   0
pass   1 (xz+):   0 found -   0 modified     |    TOTAL:   0
pass   1 (xz-):   0 found -   0 modified     |    TOTAL:   0
Iteration Number : 3
pass   1 (+++):   0 found -   0 modified     |    TOTAL:   0
pass   1 (+++):   0 found -   0 modified     |    TOTAL:   0
pass   1 (+++):   0 found -   0 modified     |    TOTAL:   0
pass   1 (+++):   0 found -   0 modified     |    TOTAL:   0
Iteration Number : 3
pass   1 (++):   0 found -   0 modified     |    TOTAL:   0
pass   1 (+-):   0 found -   0 modified     |    TOTAL:   0
pass   1 (--):   0 found -   0 modified     |    TOTAL:   0
pass   1 (-+):   0 found -   0 modified     |    TOTAL:   0

Total Number of Modified Voxels = 409 (out of 646728: 0.063241)
binarizing input wm segmentation...
Ambiguous edge configurations... 

mri_pretess done

#--------------------------------------------
#@# Fill Mon Mar  9 23:44:36 CET 2026
/out/sourcedata/freesurfer/sub-v1s2x0051473_ses-1/mri

 mri_fill -a ../scripts/ponscc.cut.log -xform transforms/talairach.lta -segmentation aseg.presurf.mgz -ctab /opt/freesurfer/SubCorticalMassLUT.txt wm.mgz filled.mgz 

logging cutting plane coordinates to ../scripts/ponscc.cut.log...
INFO: Using transforms/talairach.lta and its offset for Talairach volume ...
using segmentation aseg.presurf.mgz...
reading input volume...done.
searching for cutting planes...voxel to talairach voxel transform
 0.98060  -0.07494   0.05294   1.29711;
 0.06503   1.06008   0.17575  -10.57413;
-0.06320  -0.15860   0.95191   31.03527;
 0.00000   0.00000   0.00000   1.00000;
voxel to talairach voxel transform
 0.98060  -0.07494   0.05294   1.29711;
 0.06503   1.06008   0.17575  -10.57413;
-0.06320  -0.15860   0.95191   31.03527;
 0.00000   0.00000   0.00000   1.00000;
reading segmented volume aseg.presurf.mgz
removing CC from segmentation
Looking for area (min, max) = (350, 1400)
area[0] = 2215 (min = 350, max = 1400), aspect = 0.87 (min = 0.10, max = 0.75)
need search nearby
using seed (126, 108, 93), TAL = (2.0, -35.0, 20.0)
talairach voxel to voxel transform
 1.01136   0.06139  -0.06758   1.43471;
-0.07120   0.91365  -0.16473   14.86568;
 0.05528   0.15630   1.01859  -30.03129;
 0.00000   0.00000   0.00000   1.00000;
segmentation indicates cc at (126,  108,  93) --> (2.0, -35.0, 20.0)
done.
filling took 1.1 minutes
talairach cc position changed to (2.00, -35.00, 20.00)
Erasing brainstem...done.
seed_search_size = 9, min_neighbors = 5
search rh wm seed point around talairach space:(20.00, -35.00, 20.00) SRC: (111.01, 90.53, 87.55)
search lh wm seed point around talairach space (-16.00, -35.00, 20.00), SRC: (147.41, 87.97, 89.54)
compute mri_fill using aseg
Erasing Brain Stem and Cerebellum ...
Define left and right masks using aseg:
Building Voronoi diagram ...
Using the Voronoi diagram for separating WM into two hemispheres ...
Find the largest connected component for each hemisphere ...
Embedding colortable
mri_fill done, writing output to filled.mgz...
 cp filled.mgz filled.auto.mgz

Started at Mon Mar 9 22:00:00 CET 2026 
Ended   at Mon Mar 9 23:45:42 CET 2026
#@#%# recon-all-run-time-hours 1.762
recon-all -s sub-v1s2x0051473_ses-1 finished without error at Mon Mar  9 23:45:42 CET 2026



#New# invocation of recon-all 




Tue Mar 10 00:46:19 CET 2026
cd /out/sourcedata/freesurfer/sub-v1s2x0051473_ses-1
setenv SUBJECTS_DIR /out/sourcedata/freesurfer
/opt/freesurfer/bin/recon-all -parallel -subjid sub-v1s2x0051473_ses-1 -sd /out/sourcedata/freesurfer -cortribbon

subjid sub-v1s2x0051473_ses-1
setenv SUBJECTS_DIR /out/sourcedata/freesurfer
FREESURFER_HOME /opt/freesurfer
Actual FREESURFER_HOME /opt/freesurfer
build-stamp.txt: freesurfer-linux-ubuntu22_x86_64-7.3.2-20220804-6354275
Linux dna006 5.14.0-427.37.1.el9_4.x86_64 #1 SMP PREEMPT_DYNAMIC Fri Sep 13 12:41:50 EDT 2024 x86_64 x86_64 x86_64 GNU/Linux
cputime      unlimited
filesize     unlimited
datasize     unlimited
stacksize    8192 kbytes
coredumpsize 0 kbytes
memoryuse    67108864 kbytes
vmemoryuse   unlimited
descriptors  1024 
memorylocked unlimited
maxproc      2061970 
maxlocks     unlimited
maxsignal    2061970 
maxmessage   819200 
maxnice      0 
maxrtprio    0 
maxrttime    unlimited

               total        used        free      shared  buff/cache   available
Mem:           503Gi        45Gi       405Gi       9.8Gi        52Gi       444Gi
Swap:             0B          0B          0B

########################################
program versions used
7.3.2 (freesurfer-linux-ubuntu22_x86_64-7.3.2-20220804-6354275)
7.3.2

ProgramName: lta_convert  ProgramArguments: lta_convert -all-info  ProgramVersion: 7.3.2  TimeStamp: 2026/03/09-23:46:19-GMT  BuildTime: Aug  4 2022 06:17:15  BuildStamp: freesurfer-linux-ubuntu22_x86_64-7.3.2-20220804-6354275  User: oesteban  Machine: dna006  Platform: Linux  PlatformVersion: 5.14.0-427.37.1.el9_4.x86_64  CompilerName: GCC  CompilerVersion: 8.4.0
ProgramName: mri_and  ProgramArguments: mri_and -all-info  ProgramVersion: 7.3.2  TimeStamp: 2026/03/09-23:46:19-GMT  BuildTime: Aug  4 2022 06:17:15  BuildStamp: freesurfer-linux-ubuntu22_x86_64-7.3.2-20220804-6354275  User: oesteban  Machine: dna006  Platform: Linux  PlatformVersion: 5.14.0-427.37.1.el9_4.x86_64  CompilerName: GCC  CompilerVersion: 8.4.0
ProgramName: mri_annotation2label  ProgramArguments: mri_annotation2label -all-info  ProgramVersion: 7.3.2  TimeStamp: 2026/03/09-23:46:19-GMT  BuildTime: Aug  4 2022 06:17:15  BuildStamp: freesurfer-linux-ubuntu22_x86_64-7.3.2-20220804-6354275  User: oesteban  Machine: dna006  Platform: Linux  PlatformVersion: 5.14.0-427.37.1.el9_4.x86_64  CompilerName: GCC  CompilerVersion: 8.4.0
ProgramName: mri_aparc2aseg  ProgramArguments: mri_aparc2aseg -all-info  ProgramVersion: 7.3.2  TimeStamp: 2026/03/09-23:46:19-GMT  BuildTime: Aug  4 2022 06:17:15  BuildStamp: freesurfer-linux-ubuntu22_x86_64-7.3.2-20220804-6354275  User: oesteban  Machine: dna006  Platform: Linux  PlatformVersion: 5.14.0-427.37.1.el9_4.x86_64  CompilerName: GCC  CompilerVersion: 8.4.0
ProgramName: mri_surf2volseg  ProgramArguments: mri_surf2volseg -all-info  ProgramVersion: 7.3.2  TimeStamp: 2026/03/09-23:46:19-GMT  BuildTime: Aug  4 2022 06:17:15  BuildStamp: freesurfer-linux-ubuntu22_x86_64-7.3.2-20220804-6354275  User: oesteban  Machine: dna006  Platform: Linux  PlatformVersion: 5.14.0-427.37.1.el9_4.x86_64  CompilerName: GCC  CompilerVersion: 8.4.0
ProgramName: mri_binarize  ProgramArguments: mri_binarize -all-info  ProgramVersion: 7.3.2  TimeStamp: 2026/03/09-23:46:19-GMT  BuildTime: Aug  4 2022 06:17:15  BuildStamp: freesurfer-linux-ubuntu22_x86_64-7.3.2-20220804-6354275  User: oesteban  Machine: dna006  Platform: Linux  PlatformVersion: 5.14.0-427.37.1.el9_4.x86_64  CompilerName: GCC  CompilerVersion: 8.4.0
ProgramName: mri_ca_label  ProgramArguments: mri_ca_label -all-info  ProgramVersion: 7.3.2  TimeStamp: 2026/03/09-23:46:19-GMT  BuildTime: Aug  4 2022 06:17:15  BuildStamp: freesurfer-linux-ubuntu22_x86_64-7.3.2-20220804-6354275  User: oesteban  Machine: dna006  Platform: Linux  PlatformVersion: 5.14.0-427.37.1.el9_4.x86_64  CompilerName: GCC  CompilerVersion: 8.4.0
ProgramName: mri_ca_normalize  ProgramArguments: mri_ca_normalize -all-info  ProgramVersion: 7.3.2  TimeStamp: 2026/03/09-23:46:19-GMT  BuildTime: Aug  4 2022 06:17:15  BuildStamp: freesurfer-linux-ubuntu22_x86_64-7.3.2-20220804-6354275  User: oesteban  Machine: dna006  Platform: Linux  PlatformVersion: 5.14.0-427.37.1.el9_4.x86_64  CompilerName: GCC  CompilerVersion: 8.4.0
ProgramName: mri_ca_register  ProgramArguments: mri_ca_register -all-info  ProgramVersion: 7.3.2  TimeStamp: 2026/03/09-23:46:19-GMT  BuildTime: Aug  4 2022 06:17:15  BuildStamp: freesurfer-linux-ubuntu22_x86_64-7.3.2-20220804-6354275  User: oesteban  Machine: dna006  Platform: Linux  PlatformVersion: 5.14.0-427.37.1.el9_4.x86_64  CompilerName: GCC  CompilerVersion: 8.4.0
ProgramName: mri_cc  ProgramArguments: mri_cc -all-info  ProgramVersion: 7.3.2  TimeStamp: 2026/03/09-23:46:19-GMT  BuildTime: Aug  4 2022 06:17:15  BuildStamp: freesurfer-linux-ubuntu22_x86_64-7.3.2-20220804-6354275  User: oesteban  Machine: dna006  Platform: Linux  PlatformVersion: 5.14.0-427.37.1.el9_4.x86_64  CompilerName: GCC  CompilerVersion: 8.4.0
ProgramName: mri_compute_overlap  ProgramArguments: mri_compute_overlap -all-info  ProgramVersion: 7.3.2  TimeStamp: 2026/03/09-23:46:19-GMT  BuildTime: Aug  4 2022 06:17:15  BuildStamp: freesurfer-linux-ubuntu22_x86_64-7.3.2-20220804-6354275  User: oesteban  Machine: dna006  Platform: Linux  PlatformVersion: 5.14.0-427.37.1.el9_4.x86_64  CompilerName: GCC  CompilerVersion: 8.4.0
ProgramName: mri_compute_seg_overlap  ProgramArguments: mri_compute_seg_overlap -all-info  ProgramVersion: 7.3.2  TimeStamp: 2026/03/09-23:46:19-GMT  BuildTime: Aug  4 2022 06:17:15  BuildStamp: freesurfer-linux-ubuntu22_x86_64-7.3.2-20220804-6354275  User: oesteban  Machine: dna006  Platform: Linux  PlatformVersion: 5.14.0-427.37.1.el9_4.x86_64  CompilerName: GCC  CompilerVersion: 8.4.0
ProgramName: mri_concat  ProgramArguments: mri_concat -all-info  ProgramVersion: 7.3.2  TimeStamp: 2026/03/09-23:46:19-GMT  BuildTime: Aug  4 2022 06:17:15  BuildStamp: freesurfer-linux-ubuntu22_x86_64-7.3.2-20220804-6354275  User: oesteban  Machine: dna006  Platform: Linux  PlatformVersion: 5.14.0-427.37.1.el9_4.x86_64  CompilerName: GCC  CompilerVersion: 8.4.0
ProgramName: mri_concatenate_lta  ProgramArguments: mri_concatenate_lta -all-info  ProgramVersion: 7.3.2  TimeStamp: 2026/03/09-23:46:19-GMT  BuildTime: Aug  4 2022 06:17:15  BuildStamp: freesurfer-linux-ubuntu22_x86_64-7.3.2-20220804-6354275  User: oesteban  Machine: dna006  Platform: Linux  PlatformVersion: 5.14.0-427.37.1.el9_4.x86_64  CompilerName: GCC  CompilerVersion: 8.4.0
mri_convert -all-info 
ProgramName: mri_convert  ProgramArguments: mri_convert -all-info  ProgramVersion: 7.3.2  TimeStamp: 2026/03/09-23:46:19-GMT  BuildTime: Aug  4 2022 06:17:15  BuildStamp: freesurfer-linux-ubuntu22_x86_64-7.3.2-20220804-6354275  User: oesteban  Machine: dna006  Platform: Linux  PlatformVersion: 5.14.0-427.37.1.el9_4.x86_64  CompilerName: GCC  CompilerVersion: 8.4.0
ProgramName: mri_diff  ProgramArguments: mri_diff -all-info  ProgramVersion: 7.3.2  TimeStamp: 2026/03/09-23:46:19-GMT  BuildTime: Aug  4 2022 06:17:15  BuildStamp: freesurfer-linux-ubuntu22_x86_64-7.3.2-20220804-6354275  User: oesteban  Machine: dna006  Platform: Linux  PlatformVersion: 5.14.0-427.37.1.el9_4.x86_64  CompilerName: GCC  CompilerVersion: 8.4.0
ProgramName: mri_edit_wm_with_aseg  ProgramArguments: mri_edit_wm_with_aseg -all-info  ProgramVersion: 7.3.2  TimeStamp: 2026/03/09-23:46:19-GMT  BuildTime: Aug  4 2022 06:17:15  BuildStamp: freesurfer-linux-ubuntu22_x86_64-7.3.2-20220804-6354275  User: oesteban  Machine: dna006  Platform: Linux  PlatformVersion: 5.14.0-427.37.1.el9_4.x86_64  CompilerName: GCC  CompilerVersion: 8.4.0
ProgramName: mri_em_register  ProgramArguments: mri_em_register -all-info  ProgramVersion: 7.3.2  TimeStamp: 2026/03/09-23:46:19-GMT  BuildTime: Aug  4 2022 06:17:15  BuildStamp: freesurfer-linux-ubuntu22_x86_64-7.3.2-20220804-6354275  User: oesteban  Machine: dna006  Platform: Linux  PlatformVersion: 5.14.0-427.37.1.el9_4.x86_64  CompilerName: GCC  CompilerVersion: 8.4.0
ProgramName: mri_fill  ProgramArguments: mri_fill -all-info  ProgramVersion: 7.3.2  TimeStamp: 2026/03/09-23:46:19-GMT  BuildTime: Aug  4 2022 06:17:15  BuildStamp: freesurfer-linux-ubuntu22_x86_64-7.3.2-20220804-6354275  User: oesteban  Machine: dna006  Platform: Linux  PlatformVersion: 5.14.0-427.37.1.el9_4.x86_64  CompilerName: GCC  CompilerVersion: 8.4.0
ProgramName: mri_fuse_segmentations  ProgramArguments: mri_fuse_segmentations -all-info  ProgramVersion: 7.3.2  TimeStamp: 2026/03/09-23:46:19-GMT  BuildTime: Aug  4 2022 06:17:15  BuildStamp: freesurfer-linux-ubuntu22_x86_64-7.3.2-20220804-6354275  User: oesteban  Machine: dna006  Platform: Linux  PlatformVersion: 5.14.0-427.37.1.el9_4.x86_64  CompilerName: GCC  CompilerVersion: 8.4.0
ProgramName: mri_fwhm  ProgramArguments: mri_fwhm -all-info  ProgramVersion: 7.3.2  TimeStamp: 2026/03/09-23:46:19-GMT  BuildTime: Aug  4 2022 06:17:15  BuildStamp: freesurfer-linux-ubuntu22_x86_64-7.3.2-20220804-6354275  User: oesteban  Machine: dna006  Platform: Linux  PlatformVersion: 5.14.0-427.37.1.el9_4.x86_64  CompilerName: GCC  CompilerVersion: 8.4.0
ProgramName: mri_gcut  ProgramArguments: mri_gcut -all-info  ProgramVersion: 7.3.2  TimeStamp: 2026/03/09-23:46:19-GMT  BuildTime: Aug  4 2022 06:17:15  BuildStamp: freesurfer-linux-ubuntu22_x86_64-7.3.2-20220804-6354275  User: oesteban  Machine: dna006  Platform: Linux  PlatformVersion: 5.14.0-427.37.1.el9_4.x86_64  CompilerName: GCC  CompilerVersion: 8.4.0
ProgramName: mri_info  ProgramArguments: mri_info -all-info  ProgramVersion: 7.3.2  TimeStamp: 2026/03/09-23:46:19-GMT  BuildTime: Aug  4 2022 06:17:15  BuildStamp: freesurfer-linux-ubuntu22_x86_64-7.3.2-20220804-6354275  User: oesteban  Machine: dna006  Platform: Linux  PlatformVersion: 5.14.0-427.37.1.el9_4.x86_64  CompilerName: GCC  CompilerVersion: 8.4.0
ProgramName: mri_label2label  ProgramArguments: mri_label2label -all-info  ProgramVersion: 7.3.2  TimeStamp: 2026/03/09-23:46:19-GMT  BuildTime: Aug  4 2022 06:17:15  BuildStamp: freesurfer-linux-ubuntu22_x86_64-7.3.2-20220804-6354275  User: oesteban  Machine: dna006  Platform: Linux  PlatformVersion: 5.14.0-427.37.1.el9_4.x86_64  CompilerName: GCC  CompilerVersion: 8.4.0
ProgramName: mri_label2vol  ProgramArguments: mri_label2vol -all-info  ProgramVersion: 7.3.2  TimeStamp: 2026/03/09-23:46:19-GMT  BuildTime: Aug  4 2022 06:17:15  BuildStamp: freesurfer-linux-ubuntu22_x86_64-7.3.2-20220804-6354275  User: oesteban  Machine: dna006  Platform: Linux  PlatformVersion: 5.14.0-427.37.1.el9_4.x86_64  CompilerName: GCC  CompilerVersion: 8.4.0
ProgramName: mri_log_likelihood  ProgramArguments: mri_log_likelihood -all-info  ProgramVersion: 7.3.2  TimeStamp: 2026/03/09-23:46:19-GMT  BuildTime: Aug  4 2022 06:17:15  BuildStamp: freesurfer-linux-ubuntu22_x86_64-7.3.2-20220804-6354275  User: oesteban  Machine: dna006  Platform: Linux  PlatformVersion: 5.14.0-427.37.1.el9_4.x86_64  CompilerName: GCC  CompilerVersion: 8.4.0
ProgramName: mri_mask  ProgramArguments: mri_mask -all-info  ProgramVersion: 7.3.2  TimeStamp: 2026/03/09-23:46:19-GMT  BuildTime: Aug  4 2022 06:17:15  BuildStamp: freesurfer-linux-ubuntu22_x86_64-7.3.2-20220804-6354275  User: oesteban  Machine: dna006  Platform: Linux  PlatformVersion: 5.14.0-427.37.1.el9_4.x86_64  CompilerName: GCC  CompilerVersion: 8.4.0
ProgramName: mri_matrix_multiply  ProgramArguments: mri_matrix_multiply -all-info  ProgramVersion: 7.3.2  TimeStamp: 2026/03/09-23:46:19-GMT  BuildTime: Aug  4 2022 06:17:15  BuildStamp: freesurfer-linux-ubuntu22_x86_64-7.3.2-20220804-6354275  User: oesteban  Machine: dna006  Platform: Linux  PlatformVersion: 5.14.0-427.37.1.el9_4.x86_64  CompilerName: GCC  CompilerVersion: 8.4.0
ProgramName: mri_normalize  ProgramArguments: mri_normalize -all-info  ProgramVersion: 7.3.2  TimeStamp: 2026/03/09-23:46:19-GMT  BuildTime: Aug  4 2022 06:17:15  BuildStamp: freesurfer-linux-ubuntu22_x86_64-7.3.2-20220804-6354275  User: oesteban  Machine: dna006  Platform: Linux  PlatformVersion: 5.14.0-427.37.1.el9_4.x86_64  CompilerName: GCC  CompilerVersion: 8.4.0
ProgramName: mri_normalize_tp2  ProgramArguments: mri_normalize_tp2 -all-info  ProgramVersion: 7.3.2  TimeStamp: 2026/03/09-23:46:19-GMT  BuildTime: Aug  4 2022 06:17:15  BuildStamp: freesurfer-linux-ubuntu22_x86_64-7.3.2-20220804-6354275  User: oesteban  Machine: dna006  Platform: Linux  PlatformVersion: 5.14.0-427.37.1.el9_4.x86_64  CompilerName: GCC  CompilerVersion: 8.4.0
ProgramName: mri_or  ProgramArguments: mri_or -all-info  ProgramVersion: 7.3.2  TimeStamp: 2026/03/09-23:46:19-GMT  BuildTime: Aug  4 2022 06:17:15  BuildStamp: freesurfer-linux-ubuntu22_x86_64-7.3.2-20220804-6354275  User: oesteban  Machine: dna006  Platform: Linux  PlatformVersion: 5.14.0-427.37.1.el9_4.x86_64  CompilerName: GCC  CompilerVersion: 8.4.0
ProgramName: mri_relabel_hypointensities  ProgramArguments: mri_relabel_hypointensities -all-info  ProgramVersion: 7.3.2  TimeStamp: 2026/03/09-23:46:19-GMT  BuildTime: Aug  4 2022 06:17:15  BuildStamp: freesurfer-linux-ubuntu22_x86_64-7.3.2-20220804-6354275  User: oesteban  Machine: dna006  Platform: Linux  PlatformVersion: 5.14.0-427.37.1.el9_4.x86_64  CompilerName: GCC  CompilerVersion: 8.4.0
ProgramName: mri_relabel_nonwm_hypos  ProgramArguments: mri_relabel_nonwm_hypos -all-info  ProgramVersion: 7.3.2  TimeStamp: 2026/03/09-23:46:19-GMT  BuildTime: Aug  4 2022 06:17:15  BuildStamp: freesurfer-linux-ubuntu22_x86_64-7.3.2-20220804-6354275  User: oesteban  Machine: dna006  Platform: Linux  PlatformVersion: 5.14.0-427.37.1.el9_4.x86_64  CompilerName: GCC  CompilerVersion: 8.4.0
ProgramName: mri_remove_neck  ProgramArguments: mri_remove_neck -all-info  ProgramVersion: 7.3.2  TimeStamp: 2026/03/09-23:46:19-GMT  BuildTime: Aug  4 2022 06:17:15  BuildStamp: freesurfer-linux-ubuntu22_x86_64-7.3.2-20220804-6354275  User: oesteban  Machine: dna006  Platform: Linux  PlatformVersion: 5.14.0-427.37.1.el9_4.x86_64  CompilerName: GCC  CompilerVersion: 8.4.0
7.3.2

ProgramName: mri_robust_register  ProgramArguments: mri_robust_register -all-info  ProgramVersion: 7.3.2  TimeStamp: 2026/03/09-23:46:19-GMT  BuildTime: Aug  4 2022 06:17:15  BuildStamp: freesurfer-linux-ubuntu22_x86_64-7.3.2-20220804-6354275  User: oesteban  Machine: dna006  Platform: Linux  PlatformVersion: 5.14.0-427.37.1.el9_4.x86_64  CompilerName: GCC  CompilerVersion: 8.4.0
7.3.2

ProgramName: mri_robust_template  ProgramArguments: mri_robust_template -all-info  ProgramVersion: 7.3.2  TimeStamp: 2026/03/09-23:46:19-GMT  BuildTime: Aug  4 2022 06:17:15  BuildStamp: freesurfer-linux-ubuntu22_x86_64-7.3.2-20220804-6354275  User: oesteban  Machine: dna006  Platform: Linux  PlatformVersion: 5.14.0-427.37.1.el9_4.x86_64  CompilerName: GCC  CompilerVersion: 8.4.0
ProgramName: mris_anatomical_stats  ProgramArguments: mris_anatomical_stats -all-info  ProgramVersion: 7.3.2  TimeStamp: 2026/03/09-23:46:19-GMT  BuildTime: Aug  4 2022 06:17:15  BuildStamp: freesurfer-linux-ubuntu22_x86_64-7.3.2-20220804-6354275  User: oesteban  Machine: dna006  Platform: Linux  PlatformVersion: 5.14.0-427.37.1.el9_4.x86_64  CompilerName: GCC  CompilerVersion: 8.4.0
ProgramName: mris_ca_label  ProgramArguments: mris_ca_label -all-info  ProgramVersion: 7.3.2  TimeStamp: 2026/03/09-23:46:19-GMT  BuildTime: Aug  4 2022 06:17:15  BuildStamp: freesurfer-linux-ubuntu22_x86_64-7.3.2-20220804-6354275  User: oesteban  Machine: dna006  Platform: Linux  PlatformVersion: 5.14.0-427.37.1.el9_4.x86_64  CompilerName: GCC  CompilerVersion: 8.4.0
ProgramName: mris_calc  ProgramArguments: mris_calc -all-info  ProgramVersion: 7.3.2  TimeStamp: 2026/03/09-23:46:19-GMT  BuildTime: Aug  4 2022 06:17:15  BuildStamp: freesurfer-linux-ubuntu22_x86_64-7.3.2-20220804-6354275  User: oesteban  Machine: dna006  Platform: Linux  PlatformVersion: 5.14.0-427.37.1.el9_4.x86_64  CompilerName: GCC  CompilerVersion: 8.4.0
ProgramName: mris_convert  ProgramArguments: mris_convert -all-info  ProgramVersion: 7.3.2  TimeStamp: 2026/03/09-23:46:19-GMT  BuildTime: Aug  4 2022 06:17:15  BuildStamp: freesurfer-linux-ubuntu22_x86_64-7.3.2-20220804-6354275  User: oesteban  Machine: dna006  Platform: Linux  PlatformVersion: 5.14.0-427.37.1.el9_4.x86_64  CompilerName: GCC  CompilerVersion: 8.4.0
ProgramName: mris_curvature  ProgramArguments: mris_curvature -all-info  ProgramVersion: 7.3.2  TimeStamp: 2026/03/09-23:46:19-GMT  BuildTime: Aug  4 2022 06:17:15  BuildStamp: freesurfer-linux-ubuntu22_x86_64-7.3.2-20220804-6354275  User: oesteban  Machine: dna006  Platform: Linux  PlatformVersion: 5.14.0-427.37.1.el9_4.x86_64  CompilerName: GCC  CompilerVersion: 8.4.0
ProgramName: mris_curvature_stats  ProgramArguments: mris_curvature_stats -all-info  ProgramVersion: 7.3.2  TimeStamp: 2026/03/09-23:46:19-GMT  BuildTime: Aug  4 2022 06:17:15  BuildStamp: freesurfer-linux-ubuntu22_x86_64-7.3.2-20220804-6354275  User: oesteban  Machine: dna006  Platform: Linux  PlatformVersion: 5.14.0-427.37.1.el9_4.x86_64  CompilerName: GCC  CompilerVersion: 8.4.0
ProgramName: mris_diff  ProgramArguments: mris_diff -all-info  ProgramVersion: 7.3.2  TimeStamp: 2026/03/09-23:46:19-GMT  BuildTime: Aug  4 2022 06:17:15  BuildStamp: freesurfer-linux-ubuntu22_x86_64-7.3.2-20220804-6354275  User: oesteban  Machine: dna006  Platform: Linux  PlatformVersion: 5.14.0-427.37.1.el9_4.x86_64  CompilerName: GCC  CompilerVersion: 8.4.0
ProgramName: mris_divide_parcellation  ProgramArguments: mris_divide_parcellation -all-info  ProgramVersion: 7.3.2  TimeStamp: 2026/03/09-23:46:19-GMT  BuildTime: Aug  4 2022 06:17:15  BuildStamp: freesurfer-linux-ubuntu22_x86_64-7.3.2-20220804-6354275  User: oesteban  Machine: dna006  Platform: Linux  PlatformVersion: 5.14.0-427.37.1.el9_4.x86_64  CompilerName: GCC  CompilerVersion: 8.4.0
ProgramName: mri_segment  ProgramArguments: mri_segment -all-info  ProgramVersion: 7.3.2  TimeStamp: 2026/03/09-23:46:19-GMT  BuildTime: Aug  4 2022 06:17:15  BuildStamp: freesurfer-linux-ubuntu22_x86_64-7.3.2-20220804-6354275  User: oesteban  Machine: dna006  Platform: Linux  PlatformVersion: 5.14.0-427.37.1.el9_4.x86_64  CompilerName: GCC  CompilerVersion: 8.4.0
ProgramName: mri_segstats  ProgramArguments: mri_segstats -all-info  ProgramVersion: 7.3.2  TimeStamp: 2026/03/09-23:46:19-GMT  BuildTime: Aug  4 2022 06:17:15  BuildStamp: freesurfer-linux-ubuntu22_x86_64-7.3.2-20220804-6354275  User: oesteban  Machine: dna006  Platform: Linux  PlatformVersion: 5.14.0-427.37.1.el9_4.x86_64  CompilerName: GCC  CompilerVersion: 8.4.0
ProgramName: mris_euler_number  ProgramArguments: mris_euler_number -all-info  ProgramVersion: 7.3.2  TimeStamp: 2026/03/09-23:46:19-GMT  BuildTime: Aug  4 2022 06:17:15  BuildStamp: freesurfer-linux-ubuntu22_x86_64-7.3.2-20220804-6354275  User: oesteban  Machine: dna006  Platform: Linux  PlatformVersion: 5.14.0-427.37.1.el9_4.x86_64  CompilerName: GCC  CompilerVersion: 8.4.0
ProgramName: mris_fix_topology  ProgramArguments: mris_fix_topology -all-info  ProgramVersion: 7.3.2  TimeStamp: 2026/03/09-23:46:19-GMT  BuildTime: Aug  4 2022 06:17:15  BuildStamp: freesurfer-linux-ubuntu22_x86_64-7.3.2-20220804-6354275  User: oesteban  Machine: dna006  Platform: Linux  PlatformVersion: 5.14.0-427.37.1.el9_4.x86_64  CompilerName: GCC  CompilerVersion: 8.4.0
ProgramName: mris_topo_fixer  ProgramArguments: mris_topo_fixer -all-info  ProgramVersion: 7.3.2  TimeStamp: 2026/03/09-23:46:19-GMT  BuildTime: Aug  4 2022 06:17:15  BuildStamp: freesurfer-linux-ubuntu22_x86_64-7.3.2-20220804-6354275  User: oesteban  Machine: dna006  Platform: Linux  PlatformVersion: 5.14.0-427.37.1.el9_4.x86_64  CompilerName: GCC  CompilerVersion: 8.4.0
ProgramName: mris_jacobian  ProgramArguments: mris_jacobian -all-info  ProgramVersion: 7.3.2  TimeStamp: 2026/03/09-23:46:19-GMT  BuildTime: Aug  4 2022 06:17:15  BuildStamp: freesurfer-linux-ubuntu22_x86_64-7.3.2-20220804-6354275  User: oesteban  Machine: dna006  Platform: Linux  PlatformVersion: 5.14.0-427.37.1.el9_4.x86_64  CompilerName: GCC  CompilerVersion: 8.4.0
ProgramName: mris_label2annot  ProgramArguments: mris_label2annot -all-info  ProgramVersion: 7.3.2  TimeStamp: 2026/03/09-23:46:19-GMT  BuildTime: Aug  4 2022 06:17:15  BuildStamp: freesurfer-linux-ubuntu22_x86_64-7.3.2-20220804-6354275  User: oesteban  Machine: dna006  Platform: Linux  PlatformVersion: 5.14.0-427.37.1.el9_4.x86_64  CompilerName: GCC  CompilerVersion: 8.4.0
ProgramName: mris_left_right_register  ProgramArguments: mris_left_right_register -all-info  ProgramVersion: 7.3.2  TimeStamp: 2026/03/09-23:46:19-GMT  BuildTime: Aug  4 2022 06:17:15  BuildStamp: freesurfer-linux-ubuntu22_x86_64-7.3.2-20220804-6354275  User: oesteban  Machine: dna006  Platform: Linux  PlatformVersion: 5.14.0-427.37.1.el9_4.x86_64  CompilerName: GCC  CompilerVersion: 8.4.0
ProgramName: mris_place_surface  ProgramArguments: mris_place_surface -all-info  ProgramVersion: 7.3.2  TimeStamp: 2026/03/09-23:46:19-GMT  BuildTime: Aug  4 2022 06:17:15  BuildStamp: freesurfer-linux-ubuntu22_x86_64-7.3.2-20220804-6354275  User: oesteban  Machine: dna006  Platform: Linux  PlatformVersion: 5.14.0-427.37.1.el9_4.x86_64  CompilerName: GCC  CompilerVersion: 8.4.0
ProgramName: mrisp_paint  ProgramArguments: mrisp_paint -all-info  ProgramVersion: 7.3.2  TimeStamp: 2026/03/09-23:46:19-GMT  BuildTime: Aug  4 2022 06:17:15  BuildStamp: freesurfer-linux-ubuntu22_x86_64-7.3.2-20220804-6354275  User: oesteban  Machine: dna006  Platform: Linux  PlatformVersion: 5.14.0-427.37.1.el9_4.x86_64  CompilerName: GCC  CompilerVersion: 8.4.0
ProgramName: mris_register  ProgramArguments: mris_register -all-info  ProgramVersion: 7.3.2  TimeStamp: 2026/03/09-23:46:19-GMT  BuildTime: Aug  4 2022 06:17:15  BuildStamp: freesurfer-linux-ubuntu22_x86_64-7.3.2-20220804-6354275  User: oesteban  Machine: dna006  Platform: Linux  PlatformVersion: 5.14.0-427.37.1.el9_4.x86_64  CompilerName: GCC  CompilerVersion: 8.4.0
ProgramName: mris_smooth  ProgramArguments: mris_smooth -all-info  ProgramVersion: 7.3.2  TimeStamp: 2026/03/09-23:46:19-GMT  BuildTime: Aug  4 2022 06:17:15  BuildStamp: freesurfer-linux-ubuntu22_x86_64-7.3.2-20220804-6354275  User: oesteban  Machine: dna006  Platform: Linux  PlatformVersion: 5.14.0-427.37.1.el9_4.x86_64  CompilerName: GCC  CompilerVersion: 8.4.0
ProgramName: mris_sphere  ProgramArguments: mris_sphere -all-info  ProgramVersion: 7.3.2  TimeStamp: 2026/03/09-23:46:19-GMT  BuildTime: Aug  4 2022 06:17:15  BuildStamp: freesurfer-linux-ubuntu22_x86_64-7.3.2-20220804-6354275  User: oesteban  Machine: dna006  Platform: Linux  PlatformVersion: 5.14.0-427.37.1.el9_4.x86_64  CompilerName: GCC  CompilerVersion: 8.4.0
ProgramName: mris_surface_stats  ProgramArguments: mris_surface_stats -all-info  ProgramVersion: 7.3.2  TimeStamp: 2026/03/09-23:46:19-GMT  BuildTime: Aug  4 2022 06:17:15  BuildStamp: freesurfer-linux-ubuntu22_x86_64-7.3.2-20220804-6354275  User: oesteban  Machine: dna006  Platform: Linux  PlatformVersion: 5.14.0-427.37.1.el9_4.x86_64  CompilerName: GCC  CompilerVersion: 8.4.0
ProgramName: mri_stats2seg  ProgramArguments: mri_stats2seg -all-info  ProgramVersion: 7.3.2  TimeStamp: 2026/03/09-23:46:19-GMT  BuildTime: Aug  4 2022 06:17:15  BuildStamp: freesurfer-linux-ubuntu22_x86_64-7.3.2-20220804-6354275  User: oesteban  Machine: dna006  Platform: Linux  PlatformVersion: 5.14.0-427.37.1.el9_4.x86_64  CompilerName: GCC  CompilerVersion: 8.4.0
ProgramName: mris_thickness  ProgramArguments: mris_thickness -all-info  ProgramVersion: 7.3.2  TimeStamp: 2026/03/09-23:46:19-GMT  BuildTime: Aug  4 2022 06:17:15  BuildStamp: freesurfer-linux-ubuntu22_x86_64-7.3.2-20220804-6354275  User: oesteban  Machine: dna006  Platform: Linux  PlatformVersion: 5.14.0-427.37.1.el9_4.x86_64  CompilerName: GCC  CompilerVersion: 8.4.0
ProgramName: mris_thickness_diff  ProgramArguments: mris_thickness_diff -all-info  ProgramVersion: 7.3.2  TimeStamp: 2026/03/09-23:46:19-GMT  BuildTime: Aug  4 2022 06:17:15  BuildStamp: freesurfer-linux-ubuntu22_x86_64-7.3.2-20220804-6354275  User: oesteban  Machine: dna006  Platform: Linux  PlatformVersion: 5.14.0-427.37.1.el9_4.x86_64  CompilerName: GCC  CompilerVersion: 8.4.0
ProgramName: mris_topo_fixer  ProgramArguments: mris_topo_fixer -all-info  ProgramVersion: 7.3.2  TimeStamp: 2026/03/09-23:46:19-GMT  BuildTime: Aug  4 2022 06:17:15  BuildStamp: freesurfer-linux-ubuntu22_x86_64-7.3.2-20220804-6354275  User: oesteban  Machine: dna006  Platform: Linux  PlatformVersion: 5.14.0-427.37.1.el9_4.x86_64  CompilerName: GCC  CompilerVersion: 8.4.0
ProgramName: mri_surf2surf  ProgramArguments: mri_surf2surf -all-info  ProgramVersion: 7.3.2  TimeStamp: 2026/03/09-23:46:19-GMT  BuildTime: Aug  4 2022 06:17:15  BuildStamp: freesurfer-linux-ubuntu22_x86_64-7.3.2-20220804-6354275  User: oesteban  Machine: dna006  Platform: Linux  PlatformVersion: 5.14.0-427.37.1.el9_4.x86_64  CompilerName: GCC  CompilerVersion: 8.4.0
ProgramName: mri_surf2vol  ProgramArguments: mri_surf2vol -all-info  ProgramVersion: 7.3.2  TimeStamp: 2026/03/09-23:46:19-GMT  BuildTime: Aug  4 2022 06:17:15  BuildStamp: freesurfer-linux-ubuntu22_x86_64-7.3.2-20220804-6354275  User: oesteban  Machine: dna006  Platform: Linux  PlatformVersion: 5.14.0-427.37.1.el9_4.x86_64  CompilerName: GCC  CompilerVersion: 8.4.0
ProgramName: mri_surfcluster  ProgramArguments: mri_surfcluster -all-info  ProgramVersion: 7.3.2  TimeStamp: 2026/03/09-23:46:19-GMT  BuildTime: Aug  4 2022 06:17:15  BuildStamp: freesurfer-linux-ubuntu22_x86_64-7.3.2-20220804-6354275  User: oesteban  Machine: dna006  Platform: Linux  PlatformVersion: 5.14.0-427.37.1.el9_4.x86_64  CompilerName: GCC  CompilerVersion: 8.4.0
ProgramName: mris_volmask  ProgramArguments: mris_volmask -all-info  ProgramVersion: 7.3.2  TimeStamp: 2026/03/09-23:46:19-GMT  BuildTime: Aug  4 2022 06:17:15  BuildStamp: freesurfer-linux-ubuntu22_x86_64-7.3.2-20220804-6354275  User: oesteban  Machine: dna006  Platform: Linux  PlatformVersion: 5.14.0-427.37.1.el9_4.x86_64  CompilerName: GCC  CompilerVersion: 8.4.0
ProgramName: mri_tessellate  ProgramArguments: mri_tessellate -all-info  ProgramVersion: 7.3.2  TimeStamp: 2026/03/09-23:46:19-GMT  BuildTime: Aug  4 2022 06:17:15  BuildStamp: freesurfer-linux-ubuntu22_x86_64-7.3.2-20220804-6354275  User: oesteban  Machine: dna006  Platform: Linux  PlatformVersion: 5.14.0-427.37.1.el9_4.x86_64  CompilerName: GCC  CompilerVersion: 8.4.0
ProgramName: mri_vol2surf  ProgramArguments: mri_vol2surf -all-info  ProgramVersion: 7.3.2  TimeStamp: 2026/03/09-23:46:19-GMT  BuildTime: Aug  4 2022 06:17:15  BuildStamp: freesurfer-linux-ubuntu22_x86_64-7.3.2-20220804-6354275  User: oesteban  Machine: dna006  Platform: Linux  PlatformVersion: 5.14.0-427.37.1.el9_4.x86_64  CompilerName: GCC  CompilerVersion: 8.4.0
ProgramName: mri_vol2vol  ProgramArguments: mri_vol2vol -all-info  ProgramVersion: 7.3.2  TimeStamp: 2026/03/09-23:46:19-GMT  BuildTime: Aug  4 2022 06:17:15  BuildStamp: freesurfer-linux-ubuntu22_x86_64-7.3.2-20220804-6354275  User: oesteban  Machine: dna006  Platform: Linux  PlatformVersion: 5.14.0-427.37.1.el9_4.x86_64  CompilerName: GCC  CompilerVersion: 8.4.0
ProgramName: mri_voldiff  ProgramArguments: mri_voldiff -all-info  ProgramVersion: 7.3.2  TimeStamp: 2026/03/09-23:46:19-GMT  BuildTime: Aug  4 2022 06:17:15  BuildStamp: freesurfer-linux-ubuntu22_x86_64-7.3.2-20220804-6354275  User: oesteban  Machine: dna006  Platform: Linux  PlatformVersion: 5.14.0-427.37.1.el9_4.x86_64  CompilerName: GCC  CompilerVersion: 8.4.0
ProgramName: mri_watershed  ProgramArguments: mri_watershed -all-info  ProgramVersion: 7.3.2  TimeStamp: 2026/03/09-23:46:19-GMT  BuildTime: Aug  4 2022 06:17:15  BuildStamp: freesurfer-linux-ubuntu22_x86_64-7.3.2-20220804-6354275  User: oesteban  Machine: dna006  Platform: Linux  PlatformVersion: 5.14.0-427.37.1.el9_4.x86_64  CompilerName: GCC  CompilerVersion: 8.4.0
ProgramName: tkregister2  ProgramArguments: tkregister2_cmdl -all-info  ProgramVersion: 7.3.2  TimeStamp: 2026/03/09-23:46:19-GMT  BuildTime: Aug  4 2022 06:17:15  BuildStamp: freesurfer-linux-ubuntu22_x86_64-7.3.2-20220804-6354275  User: oesteban  Machine: dna006  Platform: Linux  PlatformVersion: 5.14.0-427.37.1.el9_4.x86_64  CompilerName: GCC  CompilerVersion: 8.4.0
mri_motion_correct.fsl 7.3.2
mri_convert -all-info 
ProgramName: mri_convert  ProgramArguments: mri_convert -all-info  ProgramVersion: 7.3.2  TimeStamp: 2026/03/09-23:46:19-GMT  BuildTime: Aug  4 2022 06:17:15  BuildStamp: freesurfer-linux-ubuntu22_x86_64-7.3.2-20220804-6354275  User: oesteban  Machine: dna006  Platform: Linux  PlatformVersion: 5.14.0-427.37.1.el9_4.x86_64  CompilerName: GCC  CompilerVersion: 8.4.0
Program nu_correct, built from:
Package MNI N3, version 1.12.0, compiled by nicks@terrier (x86_64-unknown-linux-gnu) on 2015-06-19 at 01:25:34
#######################################
GCADIR /opt/freesurfer/average
GCA RB_all_2020-01-02.gca
GCASkull RB_all_withskull_2020_01_02.gca
AvgCurvTif folding.atlas.acfb40.noaparc.i12.2016-08-02.tif
GCSDIR /opt/freesurfer/average
GCS DKaparc.atlas.acfb40.noaparc.i12.2016-08-02.gcs
#######################################
#@# white curv lh Tue Mar 10 00:46:19 CET 2026
cd /out/sourcedata/freesurfer/sub-v1s2x0051473_ses-1/mri
mris_place_surface --curv-map ../surf/lh.white 2 10 ../surf/lh.curv
   Update not needed
#@# white area lh Tue Mar 10 00:46:19 CET 2026
cd /out/sourcedata/freesurfer/sub-v1s2x0051473_ses-1/mri
mris_place_surface --area-map ../surf/lh.white ../surf/lh.area
   Update not needed
#@# pial curv lh Tue Mar 10 00:46:19 CET 2026
cd /out/sourcedata/freesurfer/sub-v1s2x0051473_ses-1/mri
mris_place_surface --curv-map ../surf/lh.pial 2 10 ../surf/lh.curv.pial
   Update not needed
#@# pial area lh Tue Mar 10 00:46:19 CET 2026
cd /out/sourcedata/freesurfer/sub-v1s2x0051473_ses-1/mri
mris_place_surface --area-map ../surf/lh.pial ../surf/lh.area.pial
   Update not needed
#@# thickness lh Tue Mar 10 00:46:19 CET 2026
cd /out/sourcedata/freesurfer/sub-v1s2x0051473_ses-1/mri
mris_place_surface --thickness ../surf/lh.white ../surf/lh.pial 20 5 ../surf/lh.thickness
   Update not needed
#@# area and vertex vol lh Tue Mar 10 00:46:19 CET 2026
cd /out/sourcedata/freesurfer/sub-v1s2x0051473_ses-1/mri
mris_place_surface --thickness ../surf/lh.white ../surf/lh.pial 20 5 ../surf/lh.thickness
   Update not needed
#@# white curv rh Tue Mar 10 00:46:19 CET 2026
cd /out/sourcedata/freesurfer/sub-v1s2x0051473_ses-1/mri
mris_place_surface --curv-map ../surf/rh.white 2 10 ../surf/rh.curv
   Update not needed
#@# white area rh Tue Mar 10 00:46:19 CET 2026
cd /out/sourcedata/freesurfer/sub-v1s2x0051473_ses-1/mri
mris_place_surface --area-map ../surf/rh.white ../surf/rh.area
   Update not needed
#@# pial curv rh Tue Mar 10 00:46:19 CET 2026
cd /out/sourcedata/freesurfer/sub-v1s2x0051473_ses-1/mri
mris_place_surface --curv-map ../surf/rh.pial 2 10 ../surf/rh.curv.pial
   Update not needed
#@# pial area rh Tue Mar 10 00:46:19 CET 2026
cd /out/sourcedata/freesurfer/sub-v1s2x0051473_ses-1/mri
mris_place_surface --area-map ../surf/rh.pial ../surf/rh.area.pial
   Update not needed
#@# thickness rh Tue Mar 10 00:46:19 CET 2026
cd /out/sourcedata/freesurfer/sub-v1s2x0051473_ses-1/mri
mris_place_surface --thickness ../surf/rh.white ../surf/rh.pial 20 5 ../surf/rh.thickness
   Update not needed
#@# area and vertex vol rh Tue Mar 10 00:46:19 CET 2026
cd /out/sourcedata/freesurfer/sub-v1s2x0051473_ses-1/mri
mris_place_surface --thickness ../surf/rh.white ../surf/rh.pial 20 5 ../surf/rh.thickness
   Update not needed
#--------------------------------------------
#@# Cortical ribbon mask Tue Mar 10 00:46:20 CET 2026
/out/sourcedata/freesurfer/sub-v1s2x0051473_ses-1/mri

 mris_volmask --aseg_name aseg.presurf --label_left_white 2 --label_left_ribbon 3 --label_right_white 41 --label_right_ribbon 42 --save_ribbon sub-v1s2x0051473_ses-1 

SUBJECTS_DIR is /out/sourcedata/freesurfer
loading input data...
Running hemis serially
Processing left hemi
computing distance to left white surface 
computing distance to left pial surface 
Processing right hemi
computing distance to right white surface 
computing distance to right pial surface 
 hemi masks overlap voxels = 58
writing volume /out/sourcedata/freesurfer/sub-v1s2x0051473_ses-1/mri/ribbon.mgz
mris_volmask took 4.89 minutes
 writing ribbon files

Started at Tue Mar 10 00:46:19 CET 2026 
Ended   at Tue Mar 10 00:51:13 CET 2026
#@#%# recon-all-run-time-hours 0.082
recon-all -s sub-v1s2x0051473_ses-1 finished without error at Tue Mar 10 00:51:13 CET 2026



#New# invocation of recon-all 




Tue Mar 10 00:59:31 CET 2026
cd /out/sourcedata/freesurfer/sub-v1s2x0051473_ses-1
setenv SUBJECTS_DIR /out/sourcedata/freesurfer
/opt/freesurfer/bin/recon-all -autorecon3 -openmp 16 -subjid sub-v1s2x0051473_ses-1 -sd /out/sourcedata/freesurfer -nosphere -nosurfreg -nojacobian_white -noavgcurv -nocortparc -nopial -noparcstats -nocortparc2 -noparcstats2 -nocortparc3 -noparcstats3 -nopctsurfcon -nocortribbon -nobalabels

subjid sub-v1s2x0051473_ses-1
setenv SUBJECTS_DIR /out/sourcedata/freesurfer
FREESURFER_HOME /opt/freesurfer
Actual FREESURFER_HOME /opt/freesurfer
build-stamp.txt: freesurfer-linux-ubuntu22_x86_64-7.3.2-20220804-6354275
Linux dna006 5.14.0-427.37.1.el9_4.x86_64 #1 SMP PREEMPT_DYNAMIC Fri Sep 13 12:41:50 EDT 2024 x86_64 x86_64 x86_64 GNU/Linux
cputime      unlimited
filesize     unlimited
datasize     unlimited
stacksize    8192 kbytes
coredumpsize 0 kbytes
memoryuse    67108864 kbytes
vmemoryuse   unlimited
descriptors  1024 
memorylocked unlimited
maxproc      2061970 
maxlocks     unlimited
maxsignal    2061970 
maxmessage   819200 
maxnice      0 
maxrtprio    0 
maxrttime    unlimited

               total        used        free      shared  buff/cache   available
Mem:           503Gi        47Gi       401Gi       9.8Gi        54Gi       443Gi
Swap:             0B          0B          0B

########################################
program versions used
7.3.2 (freesurfer-linux-ubuntu22_x86_64-7.3.2-20220804-6354275)
7.3.2

ProgramName: lta_convert  ProgramArguments: lta_convert -all-info  ProgramVersion: 7.3.2  TimeStamp: 2026/03/09-23:59:31-GMT  BuildTime: Aug  4 2022 06:17:15  BuildStamp: freesurfer-linux-ubuntu22_x86_64-7.3.2-20220804-6354275  User: oesteban  Machine: dna006  Platform: Linux  PlatformVersion: 5.14.0-427.37.1.el9_4.x86_64  CompilerName: GCC  CompilerVersion: 8.4.0
ProgramName: mri_and  ProgramArguments: mri_and -all-info  ProgramVersion: 7.3.2  TimeStamp: 2026/03/09-23:59:31-GMT  BuildTime: Aug  4 2022 06:17:15  BuildStamp: freesurfer-linux-ubuntu22_x86_64-7.3.2-20220804-6354275  User: oesteban  Machine: dna006  Platform: Linux  PlatformVersion: 5.14.0-427.37.1.el9_4.x86_64  CompilerName: GCC  CompilerVersion: 8.4.0
ProgramName: mri_annotation2label  ProgramArguments: mri_annotation2label -all-info  ProgramVersion: 7.3.2  TimeStamp: 2026/03/09-23:59:31-GMT  BuildTime: Aug  4 2022 06:17:15  BuildStamp: freesurfer-linux-ubuntu22_x86_64-7.3.2-20220804-6354275  User: oesteban  Machine: dna006  Platform: Linux  PlatformVersion: 5.14.0-427.37.1.el9_4.x86_64  CompilerName: GCC  CompilerVersion: 8.4.0
ProgramName: mri_aparc2aseg  ProgramArguments: mri_aparc2aseg -all-info  ProgramVersion: 7.3.2  TimeStamp: 2026/03/09-23:59:31-GMT  BuildTime: Aug  4 2022 06:17:15  BuildStamp: freesurfer-linux-ubuntu22_x86_64-7.3.2-20220804-6354275  User: oesteban  Machine: dna006  Platform: Linux  PlatformVersion: 5.14.0-427.37.1.el9_4.x86_64  CompilerName: GCC  CompilerVersion: 8.4.0
ProgramName: mri_surf2volseg  ProgramArguments: mri_surf2volseg -all-info  ProgramVersion: 7.3.2  TimeStamp: 2026/03/09-23:59:31-GMT  BuildTime: Aug  4 2022 06:17:15  BuildStamp: freesurfer-linux-ubuntu22_x86_64-7.3.2-20220804-6354275  User: oesteban  Machine: dna006  Platform: Linux  PlatformVersion: 5.14.0-427.37.1.el9_4.x86_64  CompilerName: GCC  CompilerVersion: 8.4.0
ProgramName: mri_binarize  ProgramArguments: mri_binarize -all-info  ProgramVersion: 7.3.2  TimeStamp: 2026/03/09-23:59:31-GMT  BuildTime: Aug  4 2022 06:17:15  BuildStamp: freesurfer-linux-ubuntu22_x86_64-7.3.2-20220804-6354275  User: oesteban  Machine: dna006  Platform: Linux  PlatformVersion: 5.14.0-427.37.1.el9_4.x86_64  CompilerName: GCC  CompilerVersion: 8.4.0
ProgramName: mri_ca_label  ProgramArguments: mri_ca_label -all-info  ProgramVersion: 7.3.2  TimeStamp: 2026/03/09-23:59:31-GMT  BuildTime: Aug  4 2022 06:17:15  BuildStamp: freesurfer-linux-ubuntu22_x86_64-7.3.2-20220804-6354275  User: oesteban  Machine: dna006  Platform: Linux  PlatformVersion: 5.14.0-427.37.1.el9_4.x86_64  CompilerName: GCC  CompilerVersion: 8.4.0
ProgramName: mri_ca_normalize  ProgramArguments: mri_ca_normalize -all-info  ProgramVersion: 7.3.2  TimeStamp: 2026/03/09-23:59:31-GMT  BuildTime: Aug  4 2022 06:17:15  BuildStamp: freesurfer-linux-ubuntu22_x86_64-7.3.2-20220804-6354275  User: oesteban  Machine: dna006  Platform: Linux  PlatformVersion: 5.14.0-427.37.1.el9_4.x86_64  CompilerName: GCC  CompilerVersion: 8.4.0
ProgramName: mri_ca_register  ProgramArguments: mri_ca_register -all-info  ProgramVersion: 7.3.2  TimeStamp: 2026/03/09-23:59:31-GMT  BuildTime: Aug  4 2022 06:17:15  BuildStamp: freesurfer-linux-ubuntu22_x86_64-7.3.2-20220804-6354275  User: oesteban  Machine: dna006  Platform: Linux  PlatformVersion: 5.14.0-427.37.1.el9_4.x86_64  CompilerName: GCC  CompilerVersion: 8.4.0
ProgramName: mri_cc  ProgramArguments: mri_cc -all-info  ProgramVersion: 7.3.2  TimeStamp: 2026/03/09-23:59:31-GMT  BuildTime: Aug  4 2022 06:17:15  BuildStamp: freesurfer-linux-ubuntu22_x86_64-7.3.2-20220804-6354275  User: oesteban  Machine: dna006  Platform: Linux  PlatformVersion: 5.14.0-427.37.1.el9_4.x86_64  CompilerName: GCC  CompilerVersion: 8.4.0
ProgramName: mri_compute_overlap  ProgramArguments: mri_compute_overlap -all-info  ProgramVersion: 7.3.2  TimeStamp: 2026/03/09-23:59:31-GMT  BuildTime: Aug  4 2022 06:17:15  BuildStamp: freesurfer-linux-ubuntu22_x86_64-7.3.2-20220804-6354275  User: oesteban  Machine: dna006  Platform: Linux  PlatformVersion: 5.14.0-427.37.1.el9_4.x86_64  CompilerName: GCC  CompilerVersion: 8.4.0
ProgramName: mri_compute_seg_overlap  ProgramArguments: mri_compute_seg_overlap -all-info  ProgramVersion: 7.3.2  TimeStamp: 2026/03/09-23:59:31-GMT  BuildTime: Aug  4 2022 06:17:15  BuildStamp: freesurfer-linux-ubuntu22_x86_64-7.3.2-20220804-6354275  User: oesteban  Machine: dna006  Platform: Linux  PlatformVersion: 5.14.0-427.37.1.el9_4.x86_64  CompilerName: GCC  CompilerVersion: 8.4.0
ProgramName: mri_concat  ProgramArguments: mri_concat -all-info  ProgramVersion: 7.3.2  TimeStamp: 2026/03/09-23:59:31-GMT  BuildTime: Aug  4 2022 06:17:15  BuildStamp: freesurfer-linux-ubuntu22_x86_64-7.3.2-20220804-6354275  User: oesteban  Machine: dna006  Platform: Linux  PlatformVersion: 5.14.0-427.37.1.el9_4.x86_64  CompilerName: GCC  CompilerVersion: 8.4.0
ProgramName: mri_concatenate_lta  ProgramArguments: mri_concatenate_lta -all-info  ProgramVersion: 7.3.2  TimeStamp: 2026/03/09-23:59:31-GMT  BuildTime: Aug  4 2022 06:17:15  BuildStamp: freesurfer-linux-ubuntu22_x86_64-7.3.2-20220804-6354275  User: oesteban  Machine: dna006  Platform: Linux  PlatformVersion: 5.14.0-427.37.1.el9_4.x86_64  CompilerName: GCC  CompilerVersion: 8.4.0
mri_convert -all-info 
ProgramName: mri_convert  ProgramArguments: mri_convert -all-info  ProgramVersion: 7.3.2  TimeStamp: 2026/03/09-23:59:31-GMT  BuildTime: Aug  4 2022 06:17:15  BuildStamp: freesurfer-linux-ubuntu22_x86_64-7.3.2-20220804-6354275  User: oesteban  Machine: dna006  Platform: Linux  PlatformVersion: 5.14.0-427.37.1.el9_4.x86_64  CompilerName: GCC  CompilerVersion: 8.4.0
ProgramName: mri_diff  ProgramArguments: mri_diff -all-info  ProgramVersion: 7.3.2  TimeStamp: 2026/03/09-23:59:31-GMT  BuildTime: Aug  4 2022 06:17:15  BuildStamp: freesurfer-linux-ubuntu22_x86_64-7.3.2-20220804-6354275  User: oesteban  Machine: dna006  Platform: Linux  PlatformVersion: 5.14.0-427.37.1.el9_4.x86_64  CompilerName: GCC  CompilerVersion: 8.4.0
ProgramName: mri_edit_wm_with_aseg  ProgramArguments: mri_edit_wm_with_aseg -all-info  ProgramVersion: 7.3.2  TimeStamp: 2026/03/09-23:59:31-GMT  BuildTime: Aug  4 2022 06:17:15  BuildStamp: freesurfer-linux-ubuntu22_x86_64-7.3.2-20220804-6354275  User: oesteban  Machine: dna006  Platform: Linux  PlatformVersion: 5.14.0-427.37.1.el9_4.x86_64  CompilerName: GCC  CompilerVersion: 8.4.0
ProgramName: mri_em_register  ProgramArguments: mri_em_register -all-info  ProgramVersion: 7.3.2  TimeStamp: 2026/03/09-23:59:31-GMT  BuildTime: Aug  4 2022 06:17:15  BuildStamp: freesurfer-linux-ubuntu22_x86_64-7.3.2-20220804-6354275  User: oesteban  Machine: dna006  Platform: Linux  PlatformVersion: 5.14.0-427.37.1.el9_4.x86_64  CompilerName: GCC  CompilerVersion: 8.4.0
ProgramName: mri_fill  ProgramArguments: mri_fill -all-info  ProgramVersion: 7.3.2  TimeStamp: 2026/03/09-23:59:31-GMT  BuildTime: Aug  4 2022 06:17:15  BuildStamp: freesurfer-linux-ubuntu22_x86_64-7.3.2-20220804-6354275  User: oesteban  Machine: dna006  Platform: Linux  PlatformVersion: 5.14.0-427.37.1.el9_4.x86_64  CompilerName: GCC  CompilerVersion: 8.4.0
ProgramName: mri_fuse_segmentations  ProgramArguments: mri_fuse_segmentations -all-info  ProgramVersion: 7.3.2  TimeStamp: 2026/03/09-23:59:31-GMT  BuildTime: Aug  4 2022 06:17:15  BuildStamp: freesurfer-linux-ubuntu22_x86_64-7.3.2-20220804-6354275  User: oesteban  Machine: dna006  Platform: Linux  PlatformVersion: 5.14.0-427.37.1.el9_4.x86_64  CompilerName: GCC  CompilerVersion: 8.4.0
ProgramName: mri_fwhm  ProgramArguments: mri_fwhm -all-info  ProgramVersion: 7.3.2  TimeStamp: 2026/03/09-23:59:31-GMT  BuildTime: Aug  4 2022 06:17:15  BuildStamp: freesurfer-linux-ubuntu22_x86_64-7.3.2-20220804-6354275  User: oesteban  Machine: dna006  Platform: Linux  PlatformVersion: 5.14.0-427.37.1.el9_4.x86_64  CompilerName: GCC  CompilerVersion: 8.4.0
ProgramName: mri_gcut  ProgramArguments: mri_gcut -all-info  ProgramVersion: 7.3.2  TimeStamp: 2026/03/09-23:59:31-GMT  BuildTime: Aug  4 2022 06:17:15  BuildStamp: freesurfer-linux-ubuntu22_x86_64-7.3.2-20220804-6354275  User: oesteban  Machine: dna006  Platform: Linux  PlatformVersion: 5.14.0-427.37.1.el9_4.x86_64  CompilerName: GCC  CompilerVersion: 8.4.0
ProgramName: mri_info  ProgramArguments: mri_info -all-info  ProgramVersion: 7.3.2  TimeStamp: 2026/03/09-23:59:31-GMT  BuildTime: Aug  4 2022 06:17:15  BuildStamp: freesurfer-linux-ubuntu22_x86_64-7.3.2-20220804-6354275  User: oesteban  Machine: dna006  Platform: Linux  PlatformVersion: 5.14.0-427.37.1.el9_4.x86_64  CompilerName: GCC  CompilerVersion: 8.4.0
ProgramName: mri_label2label  ProgramArguments: mri_label2label -all-info  ProgramVersion: 7.3.2  TimeStamp: 2026/03/09-23:59:31-GMT  BuildTime: Aug  4 2022 06:17:15  BuildStamp: freesurfer-linux-ubuntu22_x86_64-7.3.2-20220804-6354275  User: oesteban  Machine: dna006  Platform: Linux  PlatformVersion: 5.14.0-427.37.1.el9_4.x86_64  CompilerName: GCC  CompilerVersion: 8.4.0
ProgramName: mri_label2vol  ProgramArguments: mri_label2vol -all-info  ProgramVersion: 7.3.2  TimeStamp: 2026/03/09-23:59:31-GMT  BuildTime: Aug  4 2022 06:17:15  BuildStamp: freesurfer-linux-ubuntu22_x86_64-7.3.2-20220804-6354275  User: oesteban  Machine: dna006  Platform: Linux  PlatformVersion: 5.14.0-427.37.1.el9_4.x86_64  CompilerName: GCC  CompilerVersion: 8.4.0
ProgramName: mri_log_likelihood  ProgramArguments: mri_log_likelihood -all-info  ProgramVersion: 7.3.2  TimeStamp: 2026/03/09-23:59:31-GMT  BuildTime: Aug  4 2022 06:17:15  BuildStamp: freesurfer-linux-ubuntu22_x86_64-7.3.2-20220804-6354275  User: oesteban  Machine: dna006  Platform: Linux  PlatformVersion: 5.14.0-427.37.1.el9_4.x86_64  CompilerName: GCC  CompilerVersion: 8.4.0
ProgramName: mri_mask  ProgramArguments: mri_mask -all-info  ProgramVersion: 7.3.2  TimeStamp: 2026/03/09-23:59:31-GMT  BuildTime: Aug  4 2022 06:17:15  BuildStamp: freesurfer-linux-ubuntu22_x86_64-7.3.2-20220804-6354275  User: oesteban  Machine: dna006  Platform: Linux  PlatformVersion: 5.14.0-427.37.1.el9_4.x86_64  CompilerName: GCC  CompilerVersion: 8.4.0
ProgramName: mri_matrix_multiply  ProgramArguments: mri_matrix_multiply -all-info  ProgramVersion: 7.3.2  TimeStamp: 2026/03/09-23:59:31-GMT  BuildTime: Aug  4 2022 06:17:15  BuildStamp: freesurfer-linux-ubuntu22_x86_64-7.3.2-20220804-6354275  User: oesteban  Machine: dna006  Platform: Linux  PlatformVersion: 5.14.0-427.37.1.el9_4.x86_64  CompilerName: GCC  CompilerVersion: 8.4.0
ProgramName: mri_normalize  ProgramArguments: mri_normalize -all-info  ProgramVersion: 7.3.2  TimeStamp: 2026/03/09-23:59:31-GMT  BuildTime: Aug  4 2022 06:17:15  BuildStamp: freesurfer-linux-ubuntu22_x86_64-7.3.2-20220804-6354275  User: oesteban  Machine: dna006  Platform: Linux  PlatformVersion: 5.14.0-427.37.1.el9_4.x86_64  CompilerName: GCC  CompilerVersion: 8.4.0
ProgramName: mri_normalize_tp2  ProgramArguments: mri_normalize_tp2 -all-info  ProgramVersion: 7.3.2  TimeStamp: 2026/03/09-23:59:31-GMT  BuildTime: Aug  4 2022 06:17:15  BuildStamp: freesurfer-linux-ubuntu22_x86_64-7.3.2-20220804-6354275  User: oesteban  Machine: dna006  Platform: Linux  PlatformVersion: 5.14.0-427.37.1.el9_4.x86_64  CompilerName: GCC  CompilerVersion: 8.4.0
ProgramName: mri_or  ProgramArguments: mri_or -all-info  ProgramVersion: 7.3.2  TimeStamp: 2026/03/09-23:59:31-GMT  BuildTime: Aug  4 2022 06:17:15  BuildStamp: freesurfer-linux-ubuntu22_x86_64-7.3.2-20220804-6354275  User: oesteban  Machine: dna006  Platform: Linux  PlatformVersion: 5.14.0-427.37.1.el9_4.x86_64  CompilerName: GCC  CompilerVersion: 8.4.0
ProgramName: mri_relabel_hypointensities  ProgramArguments: mri_relabel_hypointensities -all-info  ProgramVersion: 7.3.2  TimeStamp: 2026/03/09-23:59:31-GMT  BuildTime: Aug  4 2022 06:17:15  BuildStamp: freesurfer-linux-ubuntu22_x86_64-7.3.2-20220804-6354275  User: oesteban  Machine: dna006  Platform: Linux  PlatformVersion: 5.14.0-427.37.1.el9_4.x86_64  CompilerName: GCC  CompilerVersion: 8.4.0
ProgramName: mri_relabel_nonwm_hypos  ProgramArguments: mri_relabel_nonwm_hypos -all-info  ProgramVersion: 7.3.2  TimeStamp: 2026/03/09-23:59:31-GMT  BuildTime: Aug  4 2022 06:17:15  BuildStamp: freesurfer-linux-ubuntu22_x86_64-7.3.2-20220804-6354275  User: oesteban  Machine: dna006  Platform: Linux  PlatformVersion: 5.14.0-427.37.1.el9_4.x86_64  CompilerName: GCC  CompilerVersion: 8.4.0
ProgramName: mri_remove_neck  ProgramArguments: mri_remove_neck -all-info  ProgramVersion: 7.3.2  TimeStamp: 2026/03/09-23:59:31-GMT  BuildTime: Aug  4 2022 06:17:15  BuildStamp: freesurfer-linux-ubuntu22_x86_64-7.3.2-20220804-6354275  User: oesteban  Machine: dna006  Platform: Linux  PlatformVersion: 5.14.0-427.37.1.el9_4.x86_64  CompilerName: GCC  CompilerVersion: 8.4.0
7.3.2

ProgramName: mri_robust_register  ProgramArguments: mri_robust_register -all-info  ProgramVersion: 7.3.2  TimeStamp: 2026/03/09-23:59:31-GMT  BuildTime: Aug  4 2022 06:17:15  BuildStamp: freesurfer-linux-ubuntu22_x86_64-7.3.2-20220804-6354275  User: oesteban  Machine: dna006  Platform: Linux  PlatformVersion: 5.14.0-427.37.1.el9_4.x86_64  CompilerName: GCC  CompilerVersion: 8.4.0
7.3.2

ProgramName: mri_robust_template  ProgramArguments: mri_robust_template -all-info  ProgramVersion: 7.3.2  TimeStamp: 2026/03/09-23:59:31-GMT  BuildTime: Aug  4 2022 06:17:15  BuildStamp: freesurfer-linux-ubuntu22_x86_64-7.3.2-20220804-6354275  User: oesteban  Machine: dna006  Platform: Linux  PlatformVersion: 5.14.0-427.37.1.el9_4.x86_64  CompilerName: GCC  CompilerVersion: 8.4.0
ProgramName: mris_anatomical_stats  ProgramArguments: mris_anatomical_stats -all-info  ProgramVersion: 7.3.2  TimeStamp: 2026/03/09-23:59:31-GMT  BuildTime: Aug  4 2022 06:17:15  BuildStamp: freesurfer-linux-ubuntu22_x86_64-7.3.2-20220804-6354275  User: oesteban  Machine: dna006  Platform: Linux  PlatformVersion: 5.14.0-427.37.1.el9_4.x86_64  CompilerName: GCC  CompilerVersion: 8.4.0
ProgramName: mris_ca_label  ProgramArguments: mris_ca_label -all-info  ProgramVersion: 7.3.2  TimeStamp: 2026/03/09-23:59:31-GMT  BuildTime: Aug  4 2022 06:17:15  BuildStamp: freesurfer-linux-ubuntu22_x86_64-7.3.2-20220804-6354275  User: oesteban  Machine: dna006  Platform: Linux  PlatformVersion: 5.14.0-427.37.1.el9_4.x86_64  CompilerName: GCC  CompilerVersion: 8.4.0
ProgramName: mris_calc  ProgramArguments: mris_calc -all-info  ProgramVersion: 7.3.2  TimeStamp: 2026/03/09-23:59:31-GMT  BuildTime: Aug  4 2022 06:17:15  BuildStamp: freesurfer-linux-ubuntu22_x86_64-7.3.2-20220804-6354275  User: oesteban  Machine: dna006  Platform: Linux  PlatformVersion: 5.14.0-427.37.1.el9_4.x86_64  CompilerName: GCC  CompilerVersion: 8.4.0
ProgramName: mris_convert  ProgramArguments: mris_convert -all-info  ProgramVersion: 7.3.2  TimeStamp: 2026/03/09-23:59:31-GMT  BuildTime: Aug  4 2022 06:17:15  BuildStamp: freesurfer-linux-ubuntu22_x86_64-7.3.2-20220804-6354275  User: oesteban  Machine: dna006  Platform: Linux  PlatformVersion: 5.14.0-427.37.1.el9_4.x86_64  CompilerName: GCC  CompilerVersion: 8.4.0
ProgramName: mris_curvature  ProgramArguments: mris_curvature -all-info  ProgramVersion: 7.3.2  TimeStamp: 2026/03/09-23:59:31-GMT  BuildTime: Aug  4 2022 06:17:15  BuildStamp: freesurfer-linux-ubuntu22_x86_64-7.3.2-20220804-6354275  User: oesteban  Machine: dna006  Platform: Linux  PlatformVersion: 5.14.0-427.37.1.el9_4.x86_64  CompilerName: GCC  CompilerVersion: 8.4.0
ProgramName: mris_curvature_stats  ProgramArguments: mris_curvature_stats -all-info  ProgramVersion: 7.3.2  TimeStamp: 2026/03/09-23:59:31-GMT  BuildTime: Aug  4 2022 06:17:15  BuildStamp: freesurfer-linux-ubuntu22_x86_64-7.3.2-20220804-6354275  User: oesteban  Machine: dna006  Platform: Linux  PlatformVersion: 5.14.0-427.37.1.el9_4.x86_64  CompilerName: GCC  CompilerVersion: 8.4.0
ProgramName: mris_diff  ProgramArguments: mris_diff -all-info  ProgramVersion: 7.3.2  TimeStamp: 2026/03/09-23:59:31-GMT  BuildTime: Aug  4 2022 06:17:15  BuildStamp: freesurfer-linux-ubuntu22_x86_64-7.3.2-20220804-6354275  User: oesteban  Machine: dna006  Platform: Linux  PlatformVersion: 5.14.0-427.37.1.el9_4.x86_64  CompilerName: GCC  CompilerVersion: 8.4.0
ProgramName: mris_divide_parcellation  ProgramArguments: mris_divide_parcellation -all-info  ProgramVersion: 7.3.2  TimeStamp: 2026/03/09-23:59:31-GMT  BuildTime: Aug  4 2022 06:17:15  BuildStamp: freesurfer-linux-ubuntu22_x86_64-7.3.2-20220804-6354275  User: oesteban  Machine: dna006  Platform: Linux  PlatformVersion: 5.14.0-427.37.1.el9_4.x86_64  CompilerName: GCC  CompilerVersion: 8.4.0
ProgramName: mri_segment  ProgramArguments: mri_segment -all-info  ProgramVersion: 7.3.2  TimeStamp: 2026/03/09-23:59:31-GMT  BuildTime: Aug  4 2022 06:17:15  BuildStamp: freesurfer-linux-ubuntu22_x86_64-7.3.2-20220804-6354275  User: oesteban  Machine: dna006  Platform: Linux  PlatformVersion: 5.14.0-427.37.1.el9_4.x86_64  CompilerName: GCC  CompilerVersion: 8.4.0
ProgramName: mri_segstats  ProgramArguments: mri_segstats -all-info  ProgramVersion: 7.3.2  TimeStamp: 2026/03/09-23:59:31-GMT  BuildTime: Aug  4 2022 06:17:15  BuildStamp: freesurfer-linux-ubuntu22_x86_64-7.3.2-20220804-6354275  User: oesteban  Machine: dna006  Platform: Linux  PlatformVersion: 5.14.0-427.37.1.el9_4.x86_64  CompilerName: GCC  CompilerVersion: 8.4.0
ProgramName: mris_euler_number  ProgramArguments: mris_euler_number -all-info  ProgramVersion: 7.3.2  TimeStamp: 2026/03/09-23:59:31-GMT  BuildTime: Aug  4 2022 06:17:15  BuildStamp: freesurfer-linux-ubuntu22_x86_64-7.3.2-20220804-6354275  User: oesteban  Machine: dna006  Platform: Linux  PlatformVersion: 5.14.0-427.37.1.el9_4.x86_64  CompilerName: GCC  CompilerVersion: 8.4.0
ProgramName: mris_fix_topology  ProgramArguments: mris_fix_topology -all-info  ProgramVersion: 7.3.2  TimeStamp: 2026/03/09-23:59:31-GMT  BuildTime: Aug  4 2022 06:17:15  BuildStamp: freesurfer-linux-ubuntu22_x86_64-7.3.2-20220804-6354275  User: oesteban  Machine: dna006  Platform: Linux  PlatformVersion: 5.14.0-427.37.1.el9_4.x86_64  CompilerName: GCC  CompilerVersion: 8.4.0
ProgramName: mris_topo_fixer  ProgramArguments: mris_topo_fixer -all-info  ProgramVersion: 7.3.2  TimeStamp: 2026/03/09-23:59:31-GMT  BuildTime: Aug  4 2022 06:17:15  BuildStamp: freesurfer-linux-ubuntu22_x86_64-7.3.2-20220804-6354275  User: oesteban  Machine: dna006  Platform: Linux  PlatformVersion: 5.14.0-427.37.1.el9_4.x86_64  CompilerName: GCC  CompilerVersion: 8.4.0
ProgramName: mris_jacobian  ProgramArguments: mris_jacobian -all-info  ProgramVersion: 7.3.2  TimeStamp: 2026/03/09-23:59:31-GMT  BuildTime: Aug  4 2022 06:17:15  BuildStamp: freesurfer-linux-ubuntu22_x86_64-7.3.2-20220804-6354275  User: oesteban  Machine: dna006  Platform: Linux  PlatformVersion: 5.14.0-427.37.1.el9_4.x86_64  CompilerName: GCC  CompilerVersion: 8.4.0
ProgramName: mris_label2annot  ProgramArguments: mris_label2annot -all-info  ProgramVersion: 7.3.2  TimeStamp: 2026/03/09-23:59:31-GMT  BuildTime: Aug  4 2022 06:17:15  BuildStamp: freesurfer-linux-ubuntu22_x86_64-7.3.2-20220804-6354275  User: oesteban  Machine: dna006  Platform: Linux  PlatformVersion: 5.14.0-427.37.1.el9_4.x86_64  CompilerName: GCC  CompilerVersion: 8.4.0
ProgramName: mris_left_right_register  ProgramArguments: mris_left_right_register -all-info  ProgramVersion: 7.3.2  TimeStamp: 2026/03/09-23:59:31-GMT  BuildTime: Aug  4 2022 06:17:15  BuildStamp: freesurfer-linux-ubuntu22_x86_64-7.3.2-20220804-6354275  User: oesteban  Machine: dna006  Platform: Linux  PlatformVersion: 5.14.0-427.37.1.el9_4.x86_64  CompilerName: GCC  CompilerVersion: 8.4.0
ProgramName: mris_place_surface  ProgramArguments: mris_place_surface -all-info  ProgramVersion: 7.3.2  TimeStamp: 2026/03/09-23:59:31-GMT  BuildTime: Aug  4 2022 06:17:15  BuildStamp: freesurfer-linux-ubuntu22_x86_64-7.3.2-20220804-6354275  User: oesteban  Machine: dna006  Platform: Linux  PlatformVersion: 5.14.0-427.37.1.el9_4.x86_64  CompilerName: GCC  CompilerVersion: 8.4.0
ProgramName: mrisp_paint  ProgramArguments: mrisp_paint -all-info  ProgramVersion: 7.3.2  TimeStamp: 2026/03/09-23:59:31-GMT  BuildTime: Aug  4 2022 06:17:15  BuildStamp: freesurfer-linux-ubuntu22_x86_64-7.3.2-20220804-6354275  User: oesteban  Machine: dna006  Platform: Linux  PlatformVersion: 5.14.0-427.37.1.el9_4.x86_64  CompilerName: GCC  CompilerVersion: 8.4.0
ProgramName: mris_register  ProgramArguments: mris_register -all-info  ProgramVersion: 7.3.2  TimeStamp: 2026/03/09-23:59:31-GMT  BuildTime: Aug  4 2022 06:17:15  BuildStamp: freesurfer-linux-ubuntu22_x86_64-7.3.2-20220804-6354275  User: oesteban  Machine: dna006  Platform: Linux  PlatformVersion: 5.14.0-427.37.1.el9_4.x86_64  CompilerName: GCC  CompilerVersion: 8.4.0
ProgramName: mris_smooth  ProgramArguments: mris_smooth -all-info  ProgramVersion: 7.3.2  TimeStamp: 2026/03/09-23:59:31-GMT  BuildTime: Aug  4 2022 06:17:15  BuildStamp: freesurfer-linux-ubuntu22_x86_64-7.3.2-20220804-6354275  User: oesteban  Machine: dna006  Platform: Linux  PlatformVersion: 5.14.0-427.37.1.el9_4.x86_64  CompilerName: GCC  CompilerVersion: 8.4.0
ProgramName: mris_sphere  ProgramArguments: mris_sphere -all-info  ProgramVersion: 7.3.2  TimeStamp: 2026/03/09-23:59:31-GMT  BuildTime: Aug  4 2022 06:17:15  BuildStamp: freesurfer-linux-ubuntu22_x86_64-7.3.2-20220804-6354275  User: oesteban  Machine: dna006  Platform: Linux  PlatformVersion: 5.14.0-427.37.1.el9_4.x86_64  CompilerName: GCC  CompilerVersion: 8.4.0
ProgramName: mris_surface_stats  ProgramArguments: mris_surface_stats -all-info  ProgramVersion: 7.3.2  TimeStamp: 2026/03/09-23:59:31-GMT  BuildTime: Aug  4 2022 06:17:15  BuildStamp: freesurfer-linux-ubuntu22_x86_64-7.3.2-20220804-6354275  User: oesteban  Machine: dna006  Platform: Linux  PlatformVersion: 5.14.0-427.37.1.el9_4.x86_64  CompilerName: GCC  CompilerVersion: 8.4.0
ProgramName: mri_stats2seg  ProgramArguments: mri_stats2seg -all-info  ProgramVersion: 7.3.2  TimeStamp: 2026/03/09-23:59:31-GMT  BuildTime: Aug  4 2022 06:17:15  BuildStamp: freesurfer-linux-ubuntu22_x86_64-7.3.2-20220804-6354275  User: oesteban  Machine: dna006  Platform: Linux  PlatformVersion: 5.14.0-427.37.1.el9_4.x86_64  CompilerName: GCC  CompilerVersion: 8.4.0
ProgramName: mris_thickness  ProgramArguments: mris_thickness -all-info  ProgramVersion: 7.3.2  TimeStamp: 2026/03/09-23:59:31-GMT  BuildTime: Aug  4 2022 06:17:15  BuildStamp: freesurfer-linux-ubuntu22_x86_64-7.3.2-20220804-6354275  User: oesteban  Machine: dna006  Platform: Linux  PlatformVersion: 5.14.0-427.37.1.el9_4.x86_64  CompilerName: GCC  CompilerVersion: 8.4.0
ProgramName: mris_thickness_diff  ProgramArguments: mris_thickness_diff -all-info  ProgramVersion: 7.3.2  TimeStamp: 2026/03/09-23:59:31-GMT  BuildTime: Aug  4 2022 06:17:15  BuildStamp: freesurfer-linux-ubuntu22_x86_64-7.3.2-20220804-6354275  User: oesteban  Machine: dna006  Platform: Linux  PlatformVersion: 5.14.0-427.37.1.el9_4.x86_64  CompilerName: GCC  CompilerVersion: 8.4.0
ProgramName: mris_topo_fixer  ProgramArguments: mris_topo_fixer -all-info  ProgramVersion: 7.3.2  TimeStamp: 2026/03/09-23:59:31-GMT  BuildTime: Aug  4 2022 06:17:15  BuildStamp: freesurfer-linux-ubuntu22_x86_64-7.3.2-20220804-6354275  User: oesteban  Machine: dna006  Platform: Linux  PlatformVersion: 5.14.0-427.37.1.el9_4.x86_64  CompilerName: GCC  CompilerVersion: 8.4.0
ProgramName: mri_surf2surf  ProgramArguments: mri_surf2surf -all-info  ProgramVersion: 7.3.2  TimeStamp: 2026/03/09-23:59:31-GMT  BuildTime: Aug  4 2022 06:17:15  BuildStamp: freesurfer-linux-ubuntu22_x86_64-7.3.2-20220804-6354275  User: oesteban  Machine: dna006  Platform: Linux  PlatformVersion: 5.14.0-427.37.1.el9_4.x86_64  CompilerName: GCC  CompilerVersion: 8.4.0
ProgramName: mri_surf2vol  ProgramArguments: mri_surf2vol -all-info  ProgramVersion: 7.3.2  TimeStamp: 2026/03/09-23:59:31-GMT  BuildTime: Aug  4 2022 06:17:15  BuildStamp: freesurfer-linux-ubuntu22_x86_64-7.3.2-20220804-6354275  User: oesteban  Machine: dna006  Platform: Linux  PlatformVersion: 5.14.0-427.37.1.el9_4.x86_64  CompilerName: GCC  CompilerVersion: 8.4.0
ProgramName: mri_surfcluster  ProgramArguments: mri_surfcluster -all-info  ProgramVersion: 7.3.2  TimeStamp: 2026/03/09-23:59:31-GMT  BuildTime: Aug  4 2022 06:17:15  BuildStamp: freesurfer-linux-ubuntu22_x86_64-7.3.2-20220804-6354275  User: oesteban  Machine: dna006  Platform: Linux  PlatformVersion: 5.14.0-427.37.1.el9_4.x86_64  CompilerName: GCC  CompilerVersion: 8.4.0
ProgramName: mris_volmask  ProgramArguments: mris_volmask -all-info  ProgramVersion: 7.3.2  TimeStamp: 2026/03/09-23:59:31-GMT  BuildTime: Aug  4 2022 06:17:15  BuildStamp: freesurfer-linux-ubuntu22_x86_64-7.3.2-20220804-6354275  User: oesteban  Machine: dna006  Platform: Linux  PlatformVersion: 5.14.0-427.37.1.el9_4.x86_64  CompilerName: GCC  CompilerVersion: 8.4.0
ProgramName: mri_tessellate  ProgramArguments: mri_tessellate -all-info  ProgramVersion: 7.3.2  TimeStamp: 2026/03/09-23:59:31-GMT  BuildTime: Aug  4 2022 06:17:15  BuildStamp: freesurfer-linux-ubuntu22_x86_64-7.3.2-20220804-6354275  User: oesteban  Machine: dna006  Platform: Linux  PlatformVersion: 5.14.0-427.37.1.el9_4.x86_64  CompilerName: GCC  CompilerVersion: 8.4.0
ProgramName: mri_vol2surf  ProgramArguments: mri_vol2surf -all-info  ProgramVersion: 7.3.2  TimeStamp: 2026/03/09-23:59:31-GMT  BuildTime: Aug  4 2022 06:17:15  BuildStamp: freesurfer-linux-ubuntu22_x86_64-7.3.2-20220804-6354275  User: oesteban  Machine: dna006  Platform: Linux  PlatformVersion: 5.14.0-427.37.1.el9_4.x86_64  CompilerName: GCC  CompilerVersion: 8.4.0
ProgramName: mri_vol2vol  ProgramArguments: mri_vol2vol -all-info  ProgramVersion: 7.3.2  TimeStamp: 2026/03/09-23:59:31-GMT  BuildTime: Aug  4 2022 06:17:15  BuildStamp: freesurfer-linux-ubuntu22_x86_64-7.3.2-20220804-6354275  User: oesteban  Machine: dna006  Platform: Linux  PlatformVersion: 5.14.0-427.37.1.el9_4.x86_64  CompilerName: GCC  CompilerVersion: 8.4.0
ProgramName: mri_voldiff  ProgramArguments: mri_voldiff -all-info  ProgramVersion: 7.3.2  TimeStamp: 2026/03/09-23:59:31-GMT  BuildTime: Aug  4 2022 06:17:15  BuildStamp: freesurfer-linux-ubuntu22_x86_64-7.3.2-20220804-6354275  User: oesteban  Machine: dna006  Platform: Linux  PlatformVersion: 5.14.0-427.37.1.el9_4.x86_64  CompilerName: GCC  CompilerVersion: 8.4.0
ProgramName: mri_watershed  ProgramArguments: mri_watershed -all-info  ProgramVersion: 7.3.2  TimeStamp: 2026/03/09-23:59:31-GMT  BuildTime: Aug  4 2022 06:17:15  BuildStamp: freesurfer-linux-ubuntu22_x86_64-7.3.2-20220804-6354275  User: oesteban  Machine: dna006  Platform: Linux  PlatformVersion: 5.14.0-427.37.1.el9_4.x86_64  CompilerName: GCC  CompilerVersion: 8.4.0
ProgramName: tkregister2  ProgramArguments: tkregister2_cmdl -all-info  ProgramVersion: 7.3.2  TimeStamp: 2026/03/09-23:59:31-GMT  BuildTime: Aug  4 2022 06:17:15  BuildStamp: freesurfer-linux-ubuntu22_x86_64-7.3.2-20220804-6354275  User: oesteban  Machine: dna006  Platform: Linux  PlatformVersion: 5.14.0-427.37.1.el9_4.x86_64  CompilerName: GCC  CompilerVersion: 8.4.0
mri_motion_correct.fsl 7.3.2
mri_convert -all-info 
ProgramName: mri_convert  ProgramArguments: mri_convert -all-info  ProgramVersion: 7.3.2  TimeStamp: 2026/03/09-23:59:31-GMT  BuildTime: Aug  4 2022 06:17:15  BuildStamp: freesurfer-linux-ubuntu22_x86_64-7.3.2-20220804-6354275  User: oesteban  Machine: dna006  Platform: Linux  PlatformVersion: 5.14.0-427.37.1.el9_4.x86_64  CompilerName: GCC  CompilerVersion: 8.4.0
Program nu_correct, built from:
Package MNI N3, version 1.12.0, compiled by nicks@terrier (x86_64-unknown-linux-gnu) on 2015-06-19 at 01:25:34
#######################################
GCADIR /opt/freesurfer/average
GCA RB_all_2020-01-02.gca
GCASkull RB_all_withskull_2020_01_02.gca
AvgCurvTif folding.atlas.acfb40.noaparc.i12.2016-08-02.tif
GCSDIR /opt/freesurfer/average
GCS DKaparc.atlas.acfb40.noaparc.i12.2016-08-02.gcs
#######################################
#--------------------------------------------
#@# WhiteSurfs lh Tue Mar 10 00:59:31 CET 2026
cd /out/sourcedata/freesurfer/sub-v1s2x0051473_ses-1/mri
mris_place_surface --adgws-in ../surf/autodet.gw.stats.lh.dat --seg aseg.presurf.mgz --threads 16 --wm wm.mgz --invol brain.finalsurfs.mgz --lh --i ../surf/lh.white.preaparc --o ../surf/lh.white --white --nsmooth 0 --rip-label ../label/lh.cortex.label --rip-bg --rip-surf ../surf/lh.white.preaparc --aparc ../label/lh.aparc.annot
   Update not needed
#--------------------------------------------
#@# WhiteSurfs rh Tue Mar 10 00:59:31 CET 2026
cd /out/sourcedata/freesurfer/sub-v1s2x0051473_ses-1/mri
mris_place_surface --adgws-in ../surf/autodet.gw.stats.rh.dat --seg aseg.presurf.mgz --threads 16 --wm wm.mgz --invol brain.finalsurfs.mgz --rh --i ../surf/rh.white.preaparc --o ../surf/rh.white --white --nsmooth 0 --rip-label ../label/rh.cortex.label --rip-bg --rip-surf ../surf/rh.white.preaparc --aparc ../label/rh.aparc.annot
   Update not needed
#@# white curv lh Tue Mar 10 00:59:31 CET 2026
cd /out/sourcedata/freesurfer/sub-v1s2x0051473_ses-1/mri
mris_place_surface --curv-map ../surf/lh.white 2 10 ../surf/lh.curv
   Update not needed
#@# white area lh Tue Mar 10 00:59:31 CET 2026
cd /out/sourcedata/freesurfer/sub-v1s2x0051473_ses-1/mri
mris_place_surface --area-map ../surf/lh.white ../surf/lh.area
   Update not needed
#@# pial curv lh Tue Mar 10 00:59:31 CET 2026
cd /out/sourcedata/freesurfer/sub-v1s2x0051473_ses-1/mri
mris_place_surface --curv-map ../surf/lh.pial 2 10 ../surf/lh.curv.pial
   Update not needed
#@# pial area lh Tue Mar 10 00:59:31 CET 2026
cd /out/sourcedata/freesurfer/sub-v1s2x0051473_ses-1/mri
mris_place_surface --area-map ../surf/lh.pial ../surf/lh.area.pial
   Update not needed
#@# thickness lh Tue Mar 10 00:59:31 CET 2026
cd /out/sourcedata/freesurfer/sub-v1s2x0051473_ses-1/mri
mris_place_surface --thickness ../surf/lh.white ../surf/lh.pial 20 5 ../surf/lh.thickness
   Update not needed
#@# area and vertex vol lh Tue Mar 10 00:59:31 CET 2026
cd /out/sourcedata/freesurfer/sub-v1s2x0051473_ses-1/mri
mris_place_surface --thickness ../surf/lh.white ../surf/lh.pial 20 5 ../surf/lh.thickness
   Update not needed
#@# white curv rh Tue Mar 10 00:59:31 CET 2026
cd /out/sourcedata/freesurfer/sub-v1s2x0051473_ses-1/mri
mris_place_surface --curv-map ../surf/rh.white 2 10 ../surf/rh.curv
   Update not needed
#@# white area rh Tue Mar 10 00:59:31 CET 2026
cd /out/sourcedata/freesurfer/sub-v1s2x0051473_ses-1/mri
mris_place_surface --area-map ../surf/rh.white ../surf/rh.area
   Update not needed
#@# pial curv rh Tue Mar 10 00:59:31 CET 2026
cd /out/sourcedata/freesurfer/sub-v1s2x0051473_ses-1/mri
mris_place_surface --curv-map ../surf/rh.pial 2 10 ../surf/rh.curv.pial
   Update not needed
#@# pial area rh Tue Mar 10 00:59:31 CET 2026
cd /out/sourcedata/freesurfer/sub-v1s2x0051473_ses-1/mri
mris_place_surface --area-map ../surf/rh.pial ../surf/rh.area.pial
   Update not needed
#@# thickness rh Tue Mar 10 00:59:31 CET 2026
cd /out/sourcedata/freesurfer/sub-v1s2x0051473_ses-1/mri
mris_place_surface --thickness ../surf/rh.white ../surf/rh.pial 20 5 ../surf/rh.thickness
   Update not needed
#@# area and vertex vol rh Tue Mar 10 00:59:31 CET 2026
cd /out/sourcedata/freesurfer/sub-v1s2x0051473_ses-1/mri
mris_place_surface --thickness ../surf/rh.white ../surf/rh.pial 20 5 ../surf/rh.thickness
   Update not needed

#-----------------------------------------
#@# Curvature Stats lh Tue Mar 10 00:59:31 CET 2026
/out/sourcedata/freesurfer/sub-v1s2x0051473_ses-1/surf

 mris_curvature_stats -m --writeCurvatureFiles -G -o ../stats/lh.curv.stats -F smoothwm sub-v1s2x0051473_ses-1 lh curv sulc 

             Toggling save flag on curvature files                       [ ok ]
                 Outputting results using filestem   [ ../stats/lh.curv.stats ]
             Toggling save flag on curvature files                       [ ok ]
                                   Setting surface [ sub-v1s2x0051473_ses-1/lh.smoothwm ]
                                Reading surface...                       [ ok ]
                                   Setting texture                     [ curv ]
                                Reading texture...                       [ ok ]
                                   Setting texture                     [ sulc ]
                                Reading texture...Gb_filter = 0
                       [ ok ]
      Calculating Discrete Principal Curvatures...
      Determining geometric order for vno faces... [####################] [ ok ]
                      Determining KH curvatures... [####################] [ ok ]
                    Determining k1k2 curvatures... [####################] [ ok ]
                                   deltaViolations                      [ 279 ]
Gb_filter = 0

WARN:    S lookup   min:                          -0.126252
WARN:    S explicit min:                          0.000000	vertex = 344

#-----------------------------------------
#@# Curvature Stats rh Tue Mar 10 00:59:34 CET 2026
/out/sourcedata/freesurfer/sub-v1s2x0051473_ses-1/surf

 mris_curvature_stats -m --writeCurvatureFiles -G -o ../stats/rh.curv.stats -F smoothwm sub-v1s2x0051473_ses-1 rh curv sulc 

             Toggling save flag on curvature files                       [ ok ]
                 Outputting results using filestem   [ ../stats/rh.curv.stats ]
             Toggling save flag on curvature files                       [ ok ]
                                   Setting surface [ sub-v1s2x0051473_ses-1/rh.smoothwm ]
                                Reading surface...                       [ ok ]
                                   Setting texture                     [ curv ]
                                Reading texture...                       [ ok ]
                                   Setting texture                     [ sulc ]
                                Reading texture...Gb_filter = 0
                       [ ok ]
      Calculating Discrete Principal Curvatures...
      Determining geometric order for vno faces... [####################] [ ok ]
                      Determining KH curvatures... [####################] [ ok ]
                    Determining k1k2 curvatures... [####################] [ ok ]
                                   deltaViolations                      [ 302 ]
Gb_filter = 0

WARN:    S lookup   min:                          -0.197306
WARN:    S explicit min:                          0.000000	vertex = 412
#-----------------------------------------
#@# Relabel Hypointensities Tue Mar 10 00:59:37 CET 2026
/out/sourcedata/freesurfer/sub-v1s2x0051473_ses-1/mri

 mri_relabel_hypointensities aseg.presurf.mgz ../surf aseg.presurf.hypos.mgz 

reading input surface ../surf/lh.white...
relabeling lh hypointensities...
8668 voxels changed to hypointensity...
reading input surface ../surf/rh.white...
relabeling rh hypointensities...
9396 voxels changed to hypointensity...
17499 hypointense voxels neighboring cortex changed
#-----------------------------------------
#@# APas-to-ASeg Tue Mar 10 00:59:54 CET 2026
/out/sourcedata/freesurfer/sub-v1s2x0051473_ses-1/mri

 mri_surf2volseg --o aseg.mgz --i aseg.presurf.hypos.mgz --fix-presurf-with-ribbon /out/sourcedata/freesurfer/sub-v1s2x0051473_ses-1/mri/ribbon.mgz --threads 16 --lh-cortex-mask /out/sourcedata/freesurfer/sub-v1s2x0051473_ses-1/label/lh.cortex.label --lh-white /out/sourcedata/freesurfer/sub-v1s2x0051473_ses-1/surf/lh.white --lh-pial /out/sourcedata/freesurfer/sub-v1s2x0051473_ses-1/surf/lh.pial --rh-cortex-mask /out/sourcedata/freesurfer/sub-v1s2x0051473_ses-1/label/rh.cortex.label --rh-white /out/sourcedata/freesurfer/sub-v1s2x0051473_ses-1/surf/rh.white --rh-pial /out/sourcedata/freesurfer/sub-v1s2x0051473_ses-1/surf/rh.pial 

SUBJECTS_DIR /out/sourcedata/freesurfer
outvol aseg.mgz
16 avail.processors, using 16
Loading aseg.presurf.hypos.mgz
Loading /out/sourcedata/freesurfer/sub-v1s2x0051473_ses-1/mri/ribbon.mgz
Loading /out/sourcedata/freesurfer/sub-v1s2x0051473_ses-1/surf/lh.white
Loading /out/sourcedata/freesurfer/sub-v1s2x0051473_ses-1/surf/lh.pial
Loading /out/sourcedata/freesurfer/sub-v1s2x0051473_ses-1/label/lh.cortex.label
Loading /out/sourcedata/freesurfer/sub-v1s2x0051473_ses-1/surf/rh.white
Loading /out/sourcedata/freesurfer/sub-v1s2x0051473_ses-1/surf/rh.pial
Loading /out/sourcedata/freesurfer/sub-v1s2x0051473_ses-1/label/rh.cortex.label
Done loading
208 224 240   0  32 144 192  16 112  64  48 160  80 176  96 128  33  17 225 209 241  65  49 193   1  81  34  18 210 226 242  66  50 194 177  97 113  35 211 227 243  19 
  2  67  51 195  82  36 212 145 161 244 228   3  20  68  52 196  37 213 178 245 229   4  21  83  69 129  53 197  38 214   5 246 230  22 146  54 198  39 
114  70 215  84   6 247  23 231 179 
 55  40 199 
216  98 130  24 248 232   7  71 147 162  56  85  41 217 200  25 249 233  57  42 180 218  72 201  26 115 250 234  86  99 
131  58  43 148 219 
202  27   8 251 235  73  59 
 44 220 181  28 203  87 252 236 163  45 221  60  29 149 204 100  74 132   9 253 116 237  46 222  61  88  30 182 254 238 223  62  47  75 205  31 255 150 239 
 89 133  10 101  63 164 183  76 117 206  11  90 184 165 151  12 102  77 134 207  13 185  91 118 166  78  14 103 152 186 135  15 167  79  92 
187 119 
104 153 168 136 188  93 189 169 105 137 154  94 120 190 170 191 106 121  95 155 171 138 107 172 139 
156 122 173 108 140 157 123 174 109 141 175 158 110 124 142 159 
111 143 125 126 127 
nrelabeled = 274034
ndotcheck = 0
Starting Surf2VolSeg free
free done
#VMPC# mri_surf2volseg VmPeak  2067780
mri_surf2volseg done

 mri_brainvol_stats sub-v1s2x0051473_ses-1 

ComputeBrainVolumeStats2 VoxelVol=1, KeepCSF=1
  #CBVS2 MaskVol              1630219.0
  #CBVS2 BrainSegVol          1320976.0
  #CBVS2 BrainSegVolNotVent   1308203.0
  #CBVS2 SupraTentVol         1174198.0
  #CBVS2 SupraTentVolNotVent  1161425.0
  #CBVS2 lhCtxGM               280684.0
  #CBVS2 rhCtxGM               279756.5
  #CBVS2 lhCerebralWM          273114.0
  #CBVS2 rhCerebralWM          271802.0
  #CBVS2 SubCortGMVol           58104.0
  #CBVS2 CerebellumVol         146778.0
  #CBVS2 CerebellumGMVol       114976.0
  #CBVS2 VentChorVol             8979.0
  #CBVS2 3rd4th5thCSF            3794.0
  #CBVS2 AllCSF                 12773.0
  #CBVS2 CCVol                   5202.0
#-----------------------------------------
#@# AParc-to-ASeg aparc Tue Mar 10 01:00:03 CET 2026
/out/sourcedata/freesurfer/sub-v1s2x0051473_ses-1/mri

 mri_surf2volseg --o aparc+aseg.mgz --label-cortex --i aseg.mgz --threads 16 --lh-annot /out/sourcedata/freesurfer/sub-v1s2x0051473_ses-1/label/lh.aparc.annot 1000 --lh-cortex-mask /out/sourcedata/freesurfer/sub-v1s2x0051473_ses-1/label/lh.cortex.label --lh-white /out/sourcedata/freesurfer/sub-v1s2x0051473_ses-1/surf/lh.white --lh-pial /out/sourcedata/freesurfer/sub-v1s2x0051473_ses-1/surf/lh.pial --rh-annot /out/sourcedata/freesurfer/sub-v1s2x0051473_ses-1/label/rh.aparc.annot 2000 --rh-cortex-mask /out/sourcedata/freesurfer/sub-v1s2x0051473_ses-1/label/rh.cortex.label --rh-white /out/sourcedata/freesurfer/sub-v1s2x0051473_ses-1/surf/rh.white --rh-pial /out/sourcedata/freesurfer/sub-v1s2x0051473_ses-1/surf/rh.pial 

SUBJECTS_DIR /out/sourcedata/freesurfer
outvol aparc+aseg.mgz
16 avail.processors, using 16
Loading aseg.mgz
Loading /out/sourcedata/freesurfer/sub-v1s2x0051473_ses-1/surf/lh.white
Loading /out/sourcedata/freesurfer/sub-v1s2x0051473_ses-1/surf/lh.pial
Loading /out/sourcedata/freesurfer/sub-v1s2x0051473_ses-1/label/lh.cortex.label
Ripping lh vertices labeled not in lh.cortex.label
  ripped 8370 vertices from lh hemi
Loading /out/sourcedata/freesurfer/sub-v1s2x0051473_ses-1/label/lh.aparc.annot
Loading /out/sourcedata/freesurfer/sub-v1s2x0051473_ses-1/surf/rh.white
Loading /out/sourcedata/freesurfer/sub-v1s2x0051473_ses-1/surf/rh.pial
Loading /out/sourcedata/freesurfer/sub-v1s2x0051473_ses-1/label/rh.cortex.label
Ripping rh vertices labeled not in rh.cortex.label
  ripped 8556 vertices from rh hemi
Loading /out/sourcedata/freesurfer/sub-v1s2x0051473_ses-1/label/rh.aparc.annot
Done loading
  0 208 240  80  96  32  48 192 224 160  64 144 176 128  16 112  33  49 241 209   1 225  17 242  34  50 210  18 226 243  35 211  51   2 244  19 
227 212  52 245  36  20 228 213 246  53  37   3 247  21  54 229 214  38   4 248  39 
 55  22 215 249   5  40  56 230 216 250  23  57  41 231 217  24  58  42   6  59 
 43 232 251 218  25   7  44 219 
  8  26  45  60 252 233   9  46 220  27 253  10  47 234 254 221  61  11  28  12 255 235 222  29  13 236 223  14  30  15 237  31 238  62 239 
 63  65 193 113 129  66 194 145  81  97 161  67 195 114 130 177 196 197 198 199 
200 201 202 203 204 205 206 207 146  68 115  82  98 131 162  69 147 178 116  70  83  99 
148 132 163 117 179 
 71 149 100  84  72 133 118 164 180 150 101  73  85 119 
134 151 181 102 165  74 120  86 182 152 103 135  75 166 183 153 121  87 104  76 105 184 167 136 154 122  88  77 106 185 155 168 123  78 137 107  89 186 156 124 169 108  79 
187 138  90 157 125 109 188 170 126 139 
110 158 189  91 127 190 171 111 140 159 
191  92 172 141 142 173  93 143 174  94 175  95 
nrelabeled = 558405
ndotcheck = 50974
Starting Surf2VolSeg free
free done
#VMPC# mri_surf2volseg VmPeak  2052256
mri_surf2volseg done
#-----------------------------------------
#@# AParc-to-ASeg aparc.a2009s Tue Mar 10 01:01:08 CET 2026
/out/sourcedata/freesurfer/sub-v1s2x0051473_ses-1/mri

 mri_surf2volseg --o aparc.a2009s+aseg.mgz --label-cortex --i aseg.mgz --threads 16 --lh-annot /out/sourcedata/freesurfer/sub-v1s2x0051473_ses-1/label/lh.aparc.a2009s.annot 11100 --lh-cortex-mask /out/sourcedata/freesurfer/sub-v1s2x0051473_ses-1/label/lh.cortex.label --lh-white /out/sourcedata/freesurfer/sub-v1s2x0051473_ses-1/surf/lh.white --lh-pial /out/sourcedata/freesurfer/sub-v1s2x0051473_ses-1/surf/lh.pial --rh-annot /out/sourcedata/freesurfer/sub-v1s2x0051473_ses-1/label/rh.aparc.a2009s.annot 12100 --rh-cortex-mask /out/sourcedata/freesurfer/sub-v1s2x0051473_ses-1/label/rh.cortex.label --rh-white /out/sourcedata/freesurfer/sub-v1s2x0051473_ses-1/surf/rh.white --rh-pial /out/sourcedata/freesurfer/sub-v1s2x0051473_ses-1/surf/rh.pial 

SUBJECTS_DIR /out/sourcedata/freesurfer
outvol aparc.a2009s+aseg.mgz
16 avail.processors, using 16
Loading aseg.mgz
Loading /out/sourcedata/freesurfer/sub-v1s2x0051473_ses-1/surf/lh.white
Loading /out/sourcedata/freesurfer/sub-v1s2x0051473_ses-1/surf/lh.pial
Loading /out/sourcedata/freesurfer/sub-v1s2x0051473_ses-1/label/lh.cortex.label
Ripping lh vertices labeled not in lh.cortex.label
  ripped 8370 vertices from lh hemi
Loading /out/sourcedata/freesurfer/sub-v1s2x0051473_ses-1/label/lh.aparc.a2009s.annot
Loading /out/sourcedata/freesurfer/sub-v1s2x0051473_ses-1/surf/rh.white
Loading /out/sourcedata/freesurfer/sub-v1s2x0051473_ses-1/surf/rh.pial
Loading /out/sourcedata/freesurfer/sub-v1s2x0051473_ses-1/label/rh.cortex.label
Ripping rh vertices labeled not in rh.cortex.label
  ripped 8556 vertices from rh hemi
Loading /out/sourcedata/freesurfer/sub-v1s2x0051473_ses-1/label/rh.aparc.a2009s.annot
Done loading
  0  64 176 144  32 160 128  96 224 192  16 240 208  48  80 112  17 225  49 209   1  33  18 226 241  50 210  19 
227  34 242  20   2  51 228 211  35  21   3 243 229  52 212  22   4  36 244 230  23   5  53 213  37  24 245 231   6  54 214  25  38   7 246 232  26  55 215   8  39 
247 233  27   9  56 216  28  40 248 234  10  57  29 217  41  11 249 235  58  30 218  12  42 250 236  59 
 13  31 219 
251  43 237  14 220 252 238  44  15  60 253 239 
221  45 222 254 223  46 255  61  47  62  63  65 193 113  66 129 145  81 194  97  67 161 177 114 195 130 196 146 197  68 198 199 
200 201 202 203 204 205 206 207  82 115  98 131 162  69 178 147 116  83  70  99 
148 132 117 179 
 71 163  84 100 149 118  72 133 180  85 101  73 119 
150 164 102  86 181  74 120 134 151 103  87 182  75 121 165 152 104 135  88  76 122 183 105 153 166  77 123  89 106 184 124 107 154 136  78 185  90 167 125 108  79 
155 126 186  91 109 127 137 168 187 110 156  92 111 188 138 157  93 169 189 190 139 
158  94 191 170 140  95 159 
141 171 142 172 143 173 174 175 
nrelabeled = 558405
ndotcheck = 50974
Starting Surf2VolSeg free
free done
#VMPC# mri_surf2volseg VmPeak  2052308
mri_surf2volseg done
#-----------------------------------------
#@# AParc-to-ASeg aparc.DKTatlas Tue Mar 10 01:02:16 CET 2026
/out/sourcedata/freesurfer/sub-v1s2x0051473_ses-1/mri

 mri_surf2volseg --o aparc.DKTatlas+aseg.mgz --label-cortex --i aseg.mgz --threads 16 --lh-annot /out/sourcedata/freesurfer/sub-v1s2x0051473_ses-1/label/lh.aparc.DKTatlas.annot 1000 --lh-cortex-mask /out/sourcedata/freesurfer/sub-v1s2x0051473_ses-1/label/lh.cortex.label --lh-white /out/sourcedata/freesurfer/sub-v1s2x0051473_ses-1/surf/lh.white --lh-pial /out/sourcedata/freesurfer/sub-v1s2x0051473_ses-1/surf/lh.pial --rh-annot /out/sourcedata/freesurfer/sub-v1s2x0051473_ses-1/label/rh.aparc.DKTatlas.annot 2000 --rh-cortex-mask /out/sourcedata/freesurfer/sub-v1s2x0051473_ses-1/label/rh.cortex.label --rh-white /out/sourcedata/freesurfer/sub-v1s2x0051473_ses-1/surf/rh.white --rh-pial /out/sourcedata/freesurfer/sub-v1s2x0051473_ses-1/surf/rh.pial 

SUBJECTS_DIR /out/sourcedata/freesurfer
outvol aparc.DKTatlas+aseg.mgz
16 avail.processors, using 16
Loading aseg.mgz
Loading /out/sourcedata/freesurfer/sub-v1s2x0051473_ses-1/surf/lh.white
Loading /out/sourcedata/freesurfer/sub-v1s2x0051473_ses-1/surf/lh.pial
Loading /out/sourcedata/freesurfer/sub-v1s2x0051473_ses-1/label/lh.cortex.label
Ripping lh vertices labeled not in lh.cortex.label
  ripped 8370 vertices from lh hemi
Loading /out/sourcedata/freesurfer/sub-v1s2x0051473_ses-1/label/lh.aparc.DKTatlas.annot
Loading /out/sourcedata/freesurfer/sub-v1s2x0051473_ses-1/surf/rh.white
Loading /out/sourcedata/freesurfer/sub-v1s2x0051473_ses-1/surf/rh.pial
Loading /out/sourcedata/freesurfer/sub-v1s2x0051473_ses-1/label/rh.cortex.label
Ripping rh vertices labeled not in rh.cortex.label
  ripped 8556 vertices from rh hemi
Loading /out/sourcedata/freesurfer/sub-v1s2x0051473_ses-1/label/rh.aparc.DKTatlas.annot
Done loading
  0  48 224  96 176  32 144  16 240 160 128 208  80 112  64 192  49 225  33  17 241 209   1 226  18  50  34 242   2 210 227  19 
 35  51 243   3  20 228  36 211  52  21  37  53 244 229   4 212  22  38  54 245 230   5 213  23  39 
 55 246 231   6  24  40 214  56  25  41 247 215   7  57 232  26  42  58 248 216   8 233  27  43  59 
249 217   9  28 234  44  29 250 218  10  45 235  60  30  46 251 219 
 11 236  31  47 252 220  12 237  61 221 253  13 238 222 254  14 239 
223 255  15  62  63  65 193  66 129 113  81 194 145  97 177  67 161 195 130 114 196 197 198 199 
 68 200 201 202 203 204 205 206 207 146  82  98 115 162 178 131  69 147 116  70  99 
 83 179 
148 132 163  71 117 100  84 149  72 180 133 118 164 101 150  73  85 181 119 
134 151 102 182 165  74  86 120 152 103 183 135  75 166  87 121 153 104 184  76  88 167 105 185 154 122 136 186  77 106 155 168  89 123 187 107 137 156  78 124 169  90 188 108 125 157 189  79 
138 170  91 126 190 109 158 191 127 171 139 
110  92 159 
111 172 140  93 141 173 142  94 174 143  95 175 
nrelabeled = 558405
ndotcheck = 50974
Starting Surf2VolSeg free
free done
#VMPC# mri_surf2volseg VmPeak  2052232
mri_surf2volseg done
#-----------------------------------------
#@# WMParc Tue Mar 10 01:03:19 CET 2026
/out/sourcedata/freesurfer/sub-v1s2x0051473_ses-1/mri

 mri_surf2volseg --o wmparc.mgz --label-wm --i aparc+aseg.mgz --threads 16 --lh-annot /out/sourcedata/freesurfer/sub-v1s2x0051473_ses-1/label/lh.aparc.annot 3000 --lh-cortex-mask /out/sourcedata/freesurfer/sub-v1s2x0051473_ses-1/label/lh.cortex.label --lh-white /out/sourcedata/freesurfer/sub-v1s2x0051473_ses-1/surf/lh.white --lh-pial /out/sourcedata/freesurfer/sub-v1s2x0051473_ses-1/surf/lh.pial --rh-annot /out/sourcedata/freesurfer/sub-v1s2x0051473_ses-1/label/rh.aparc.annot 4000 --rh-cortex-mask /out/sourcedata/freesurfer/sub-v1s2x0051473_ses-1/label/rh.cortex.label --rh-white /out/sourcedata/freesurfer/sub-v1s2x0051473_ses-1/surf/rh.white --rh-pial /out/sourcedata/freesurfer/sub-v1s2x0051473_ses-1/surf/rh.pial 

SUBJECTS_DIR /out/sourcedata/freesurfer
outvol wmparc.mgz
16 avail.processors, using 16
Loading aparc+aseg.mgz
Loading /out/sourcedata/freesurfer/sub-v1s2x0051473_ses-1/surf/lh.white
Loading /out/sourcedata/freesurfer/sub-v1s2x0051473_ses-1/surf/lh.pial
Loading /out/sourcedata/freesurfer/sub-v1s2x0051473_ses-1/label/lh.cortex.label
Ripping lh vertices labeled not in lh.cortex.label
  ripped 8370 vertices from lh hemi
Loading /out/sourcedata/freesurfer/sub-v1s2x0051473_ses-1/label/lh.aparc.annot
Loading /out/sourcedata/freesurfer/sub-v1s2x0051473_ses-1/surf/rh.white
Loading /out/sourcedata/freesurfer/sub-v1s2x0051473_ses-1/surf/rh.pial
Loading /out/sourcedata/freesurfer/sub-v1s2x0051473_ses-1/label/rh.cortex.label
Ripping rh vertices labeled not in rh.cortex.label
  ripped 8556 vertices from rh hemi
Loading /out/sourcedata/freesurfer/sub-v1s2x0051473_ses-1/label/rh.aparc.annot
Done loading
  0 208 160  80 144 192 112  96 224  16 128 176  48  64 240  32 241  17 209 225  33  49   1 242  18 210 226  65  34   2  50 243 211 227  19 
  3 244 212 228  35  20  51   4 245 213 229  21  36   5 246  52  66 214  22 230 193   6 247 215  37 231  53   7 248 216 232  23  38   8 249 217 233 250  54   9  39 
218 234 251  10  24 219 
235 194  40 252  11 220 236  55  12 253  41  67 221 237  25 254  13 222  42 238 195 255  14 223  56 239 
 43  15  26 196  44 129  27  57  45 197  28  46 198 199 
 47  58  29 200  68  30 201  59 
202  31  60 203  61 204  62 205  63 206 207  69 177  81  70 130  71  97 161 178 145  72  82 113  73 179 
131  83 162  74  98 180 132 146  75  84 181  76 163 133 114 182  77  85 134  99 
183 147  78 164 184 135  86 185  79 
136 186 100 115 165 187  87 188 148 189 137 190 166 191 101  88 116 167 138  89 149 168 102  90 117 139 
 91 150 169 118 103  92 140 151 170  93 104 119 
141 152 171  94 105 142 172 153 120  95 106 173 121 154 143 107 174 122 155 175 108 156 123 109 157 124 110 158 125 159 
126 111 127 
nrelabeled = 539714
ndotcheck = 4608
Starting Surf2VolSeg free
free done
#VMPC# mri_surf2volseg VmPeak  2052256
mri_surf2volseg done

 mri_segstats --seed 1234 --seg mri/wmparc.mgz --sum stats/wmparc.stats --pv mri/norm.mgz --excludeid 0 --brainmask mri/brainmask.mgz --in mri/norm.mgz --in-intensity-name norm --in-intensity-units MR --subject sub-v1s2x0051473_ses-1 --surf-wm-vol --ctab /opt/freesurfer/WMParcStatsLUT.txt --etiv 

setting seed for random number genererator to 1234

7.3.2
cwd 
cmdline mri_segstats --seed 1234 --seg mri/wmparc.mgz --sum stats/wmparc.stats --pv mri/norm.mgz --excludeid 0 --brainmask mri/brainmask.mgz --in mri/norm.mgz --in-intensity-name norm --in-intensity-units MR --subject sub-v1s2x0051473_ses-1 --surf-wm-vol --ctab /opt/freesurfer/WMParcStatsLUT.txt --etiv 
sysname  Linux
hostname dna006
machine  x86_64
user     oesteban
whitesurfname  white
UseRobust  0
atlas_icv (eTIV) = 1504487 mm^3    (det: 1.294863 )
Loading mri/wmparc.mgz
Getting Brain Volume Statistics
Loading mri/norm.mgz
Loading mri/norm.mgz
Voxel Volume is 1 mm^3
Generating list of segmentation ids
Found 390 segmentations
Computing statistics for each segmentation

Reporting on  70 segmentations
Using PrintSegStat
mri_segstats done
#--------------------------------------------
#@# ASeg Stats Tue Mar 10 01:06:59 CET 2026
/out/sourcedata/freesurfer/sub-v1s2x0051473_ses-1

 mri_segstats --seed 1234 --seg mri/aseg.mgz --sum stats/aseg.stats --pv mri/norm.mgz --empty --brainmask mri/brainmask.mgz --brain-vol-from-seg --excludeid 0 --excl-ctxgmwm --supratent --subcortgray --in mri/norm.mgz --in-intensity-name norm --in-intensity-units MR --etiv --surf-wm-vol --surf-ctx-vol --totalgray --euler --ctab /opt/freesurfer/ASegStatsLUT.txt --subject sub-v1s2x0051473_ses-1 

setting seed for random number genererator to 1234

7.3.2
cwd 
cmdline mri_segstats --seed 1234 --seg mri/aseg.mgz --sum stats/aseg.stats --pv mri/norm.mgz --empty --brainmask mri/brainmask.mgz --brain-vol-from-seg --excludeid 0 --excl-ctxgmwm --supratent --subcortgray --in mri/norm.mgz --in-intensity-name norm --in-intensity-units MR --etiv --surf-wm-vol --surf-ctx-vol --totalgray --euler --ctab /opt/freesurfer/ASegStatsLUT.txt --subject sub-v1s2x0051473_ses-1 
sysname  Linux
hostname dna006
machine  x86_64
user     oesteban
whitesurfname  white
UseRobust  0
atlas_icv (eTIV) = 1504487 mm^3    (det: 1.294863 )
Computing euler number
orig.nofix lheno =  -40, rheno = -34
orig.nofix lhholes =   21, rhholes = 18
Loading mri/aseg.mgz
Getting Brain Volume Statistics
Loading mri/norm.mgz
Loading mri/norm.mgz
Voxel Volume is 1 mm^3
Generating list of segmentation ids
Found  50 segmentations
Computing statistics for each segmentation

Reporting on  45 segmentations
Using PrintSegStat
mri_segstats done

Started at Tue Mar 10 00:59:31 CET 2026 
Ended   at Tue Mar 10 01:07:40 CET 2026
#@#%# recon-all-run-time-hours 0.136
recon-all -s sub-v1s2x0051473_ses-1 finished without error at Tue Mar 10 01:07:40 CET 2026
