#!ascii label  , from subject sub-v1s2x0051465_ses-1 vox2ras=TkReg
3241
38659  -2.788  -32.959  52.751 0.2222220004
37673  -2.547  -33.603  52.169 0.2222220004
38658  -1.930  -33.165  52.509 0.2222220004
145175  -1.861  -33.859  52.070 0.2222220004
39726  -3.502  -32.729  53.045 0.2222220004
135276  -0.770  -34.477  52.024 0.1111110002
38657  -1.167  -33.044  52.382 0.2222220004
37672  -1.280  -33.749  52.060 0.2222220004
131764  -3.324  -33.234  52.497 0.2222220004
38656  -0.658  -33.024  52.310 0.2222220004
37671  -0.660  -33.693  52.034 0.1111110002
138487  -0.718  -32.580  52.662 0.1111110002
38652  -1.042  -32.509  52.842 0.1111110002
38653  -1.630  -32.479  52.959 0.2222220004
39720  -1.467  -31.891  53.386 0.1111110002
40737  -1.870  -31.213  53.918 0.2222220004
39721  -2.162  -31.884  53.460 0.2222220004
38654  -2.339  -32.475  53.083 0.2222220004
39722  -2.722  -31.874  53.531 0.2222220004
38655  -2.970  -32.465  53.220 0.2222220004
39723  -3.503  -32.025  53.504 0.2222220004
38662  0.714  -33.471  52.156 0.1111110002
37669  0.246  -33.603  52.160 0.1111110002
39724  -0.574  -32.391  52.779 0.1111110002
39725  -0.935  -32.039  53.228 0.1111110002
41732  -1.746  -30.633  54.336 0.3333329856
40736  -1.370  -31.231  53.739 0.2222220004
41728  -2.244  -30.684  54.495 0.4444440007
40738  -2.437  -31.208  53.990 0.3333329856
40735  -2.869  -30.704  54.527 0.4444440007
41733  -3.722  -30.762  54.479 0.4444440007
138205  -3.163  -31.296  53.971 0.4444440007
40739  -3.928  -31.444  53.889 0.3333329856
147934  -4.066  -31.889  53.586 0.2222220004
39727  -4.141  -32.294  53.281 0.2222220004
127133  -4.470  -30.964  54.140 0.2222220004
40744  -4.619  -31.620  53.576 0.2222220004
39728  -4.904  -32.180  52.976 0.2222220004
39730  0.643  -32.657  52.072 0.1111110002
40742  -0.299  -31.220  52.915 0.1111110002
39731  -0.024  -32.177  52.550 0.1111110002
137527  -0.589  -31.907  53.064 0.1111110002
40743  -0.764  -31.143  53.379 0.1111110002
42798  -1.520  -29.884  54.720 0.3333329856
42786  -1.897  -29.463  55.339 0.4444440007
41727  -2.079  -30.241  54.963 0.3333329856
148089  -2.430  -29.803  55.415 0.4444440007
144633  -2.626  -30.264  55.080 0.4444440007
130526  -3.323  -30.243  55.124 0.4444440007
147184  -4.296  -30.533  54.495 0.4444440007
40745  -5.436  -31.416  53.277 0.2222220004
44839  6.048  -27.175  54.369 0.4444440007
41740  0.142  -30.402  52.702 0.1111110002
43862  5.432  -28.436  54.155 0.2222220004
42803  5.113  -29.168  53.481 0.2222220004
41741  -0.468  -30.384  53.307 0.2222220004
42809  -0.490  -29.731  53.741 0.2222220004
41731  -1.117  -30.365  53.959 0.2222220004
43858  -1.108  -28.770  55.158 0.3333329856
42797  -0.774  -29.368  54.399 0.3333329856
44824  -2.380  -27.357  56.064 0.6666669846
43836  -2.098  -28.019  55.957 0.5555559993
140676  -3.605  -28.073  55.893 0.6666669846
140662  -3.189  -28.776  55.900 0.6666669846
42787  -3.741  -29.700  55.476 0.4444440007
42788  -4.363  -29.346  55.313 0.5555559993
41734  -4.905  -30.250  54.355 0.4444440007
40740  -5.251  -30.932  53.839 0.3333329856
41735  -5.965  -30.179  53.997 0.4444440007
41743  -7.303  -30.222  53.060 0.2222220004
40761  -7.883  -31.477  51.421 0.2222220004
43854  4.699  -28.484  54.552 0.3333329856
39740  0.636  -31.756  51.855 0.1111110002
42791  4.808  -29.033  54.080 0.2222220004
42792  4.160  -29.197  54.299 0.2222220004
41751  0.785  -30.423  52.104 0.1111110002
40748  0.276  -31.139  52.219 0.1111110002
43853  5.770  -27.734  54.344 0.3333329856
42804  4.447  -29.592  53.621 0.2222220004
42816  0.852  -29.830  52.798 0.1111110002
45877  5.793  -26.412  54.457 0.4444440007
42815  4.767  -29.774  52.853 0.2222220004
42796  0.196  -29.139  54.134 0.2222220004
42808  0.134  -29.744  53.306 0.1111110002
44828  5.440  -27.037  54.483 0.3333329856
41746  5.092  -30.076  51.967 0.2222220004
43857  -0.094  -28.514  54.890 0.2222220004
43845  -0.361  -27.885  55.439 0.5555559993
128002  -1.079  -27.928  55.704 0.5555559993
43835  -1.192  -27.468  56.004 0.6666669846
143412  -1.527  -27.846  55.932 0.5555559993
43837  -2.844  -28.074  55.924 0.5555559993
44826  -4.120  -27.319  55.844 0.5555559993
43849  -4.560  -28.542  55.450 0.5555559993
42790  -5.904  -28.689  54.926 0.4444440007
42810  -7.011  -29.649  53.616 0.3333329856
40759  1.373  -31.417  51.058 0.1111110002
40760  0.913  -31.048  51.554 0.1111110002
42805  3.582  -29.820  53.749 0.2222220004
41760  1.594  -30.826  51.197 0.1111110002
41750  1.710  -30.085  52.366 0.1111110002
44840  5.277  -27.686  54.557 0.3333329856
44830  4.238  -27.281  54.710 0.4444440007
41749  2.704  -30.253  52.284 0.1111110002
42807  1.817  -29.270  54.205 0.3333329856
43856  0.959  -28.532  54.745 0.4444440007
46908  6.315  -25.600  54.409 0.4444440007
46909  5.703  -25.992  54.517 0.5555559993
46925  5.554  -25.701  54.495 0.4444440007
45878  5.308  -26.654  54.499 0.4444440007
46911  4.441  -26.654  54.508 0.4444440007
43844  0.596  -27.925  55.138 0.3333329856
49023  6.517  -24.336  54.365 0.5555559993
48011  5.282  -24.916  53.959 0.4444440007
142579  5.268  -25.461  54.328 0.4444440007
46944  4.507  -25.681  53.884 0.4444440007
44834  0.058  -27.332  55.420 0.5555559993
48003  6.766  -24.563  54.471 0.5555559993
49041  6.623  -23.844  53.938 0.6666669846
48024  5.439  -24.373  52.297 0.4444440007
48025  4.742  -25.000  52.973 0.5555559993
48040  4.704  -24.915  51.758 0.5555559993
46913  -0.064  -26.407  55.220 0.5555559993
45884  -0.548  -26.741  55.730 0.6666669846
49062  6.729  -23.605  52.837 0.6666669846
149383  6.071  -23.831  52.300 0.6666669846
48039  5.251  -24.409  51.169 0.6666669846
48059  4.681  -24.933  50.763 0.5555559993
136139  4.755  -25.066  50.030 0.6666669846
132700  -1.347  -26.654  55.906 0.5555559993
48058  5.245  -24.594  50.241 0.6666669846
44825  -3.216  -27.327  55.982 0.5555559993
45874  -3.495  -26.796  55.752 0.5555559993
45876  -4.404  -27.022  55.447 0.5555559993
43839  -4.666  -27.791  55.520 0.6666669846
43850  -5.255  -28.224  55.184 0.5555559993
42801  -7.293  -28.741  54.123 0.5555559993
42800  -6.414  -29.176  54.344 0.4444440007
42811  -7.782  -29.103  53.576 0.5555559993
43855  3.813  -28.610  54.818 0.2222220004
42806  2.656  -29.588  54.021 0.2222220004
132625  3.691  -27.913  54.906 0.4444440007
42785  2.489  -28.630  54.838 0.4444440007
43843  1.696  -28.203  54.872 0.4444440007
46927  3.815  -26.454  54.222 0.5555559993
45880  3.647  -27.012  54.542 0.4444440007
129970  4.025  -25.616  53.061 0.5555559993
143780  7.072  -23.582  53.554 0.6666669846
49075  5.857  -23.880  51.483 0.5555559993
46966  4.101  -25.395  51.180 0.5555559993
46914  -1.227  -26.173  55.504 0.5555559993
49074  6.361  -23.513  50.885 0.5555559993
49090  5.767  -23.990  50.545 0.5555559993
46915  -2.201  -25.976  55.331 0.5555559993
45886  -2.966  -26.333  55.502 0.5555559993
45875  -4.015  -26.833  55.646 0.5555559993
146127  -5.252  -27.656  55.182 0.5555559993
44827  -4.764  -27.324  55.306 0.5555559993
43851  -6.061  -27.803  55.088 0.6666669846
43841  3.091  -28.385  54.975 0.2222220004
42784  3.066  -28.837  54.869 0.2222220004
140325  3.464  -27.438  54.728 0.4444440007
44831  2.943  -27.809  54.857 0.4444440007
44833  1.083  -27.477  55.018 0.5555559993
45895  3.004  -26.909  54.332 0.4444440007
45881  2.735  -27.333  54.597 0.4444440007
49040  7.425  -23.679  54.144 0.5555559993
49061  7.631  -23.351  53.138 0.5555559993
46956  4.088  -25.465  52.175 0.4444440007
135113  3.322  -25.979  53.560 0.4444440007
50071  7.289  -23.216  52.039 0.6666669846
46957  3.376  -25.832  52.545 0.4444440007
135958  2.734  -26.010  52.877 0.4444440007
149950  -0.579  -26.261  55.403 0.5555559993
50092  6.794  -23.198  50.419 0.5555559993
46930  -0.535  -25.961  54.903 0.5555559993
49102  6.434  -23.579  49.155 0.6666669846
49103  5.783  -24.230  49.507 0.6666669846
48071  5.126  -24.921  49.426 0.6666669846
46967  3.426  -25.811  51.558 0.5555559993
46979  4.255  -25.497  50.264 0.6666669846
46980  3.546  -25.868  50.567 0.6666669846
49038  9.427  -23.684  54.270 0.4444440007
49039  8.390  -23.519  54.066 0.5555559993
49060  8.448  -23.129  53.055 0.5555559993
45882  1.143  -26.924  54.925 0.4444440007
45883  0.360  -26.917  55.292 0.4444440007
134378  1.794  -27.320  54.726 0.4444440007
50091  7.440  -22.852  50.350 0.7777780294
46928  2.696  -26.511  54.052 0.4444440007
137574  1.127  -26.432  54.498 0.4444440007
46912  0.553  -26.581  54.955 0.4444440007
50081  6.985  -23.091  51.125 0.7777780294
46945  2.220  -26.174  53.487 0.4444440007
50106  6.878  -23.106  49.711 0.5555559993
127873  1.865  -26.424  54.114 0.4444440007
45913  1.468  -26.239  52.914 0.5555559993
46946  1.332  -26.191  53.788 0.4444440007
49114  6.002  -24.067  48.496 0.6666669846
48072  4.561  -25.531  49.458 0.6666669846
129209  0.685  -26.106  54.118 0.5555559993
46931  -3.833  -25.955  54.876 0.5555559993
46917  -4.094  -26.175  55.049 0.5555559993
48092  5.766  -24.691  47.755 0.6666669846
48083  5.502  -24.797  48.638 0.6666669846
46992  3.767  -26.068  49.512 0.6666669846
140120  10.210  -23.722  54.051 0.4444440007
50062  9.191  -23.220  53.391 0.5555559993
50069  8.937  -22.827  52.398 0.5555559993
50080  7.756  -22.839  51.286 0.6666669846
50105  7.512  -22.787  49.429 0.5555559993
46968  2.588  -26.080  51.963 0.5555559993
49130  6.261  -23.965  47.618 0.6666669846
48084  4.917  -25.419  48.696 0.6666669846
46981  2.766  -26.156  50.903 0.6666669846
47003  4.293  -25.993  48.695 0.6666669846
48093  5.235  -25.393  47.880 0.6666669846
50061  10.038  -23.377  53.587 0.5555559993
50068  9.805  -22.898  52.682 0.6666669846
50078  9.565  -22.583  51.594 0.6666669846
50089  9.090  -22.518  50.671 0.6666669846
125161  8.700  -22.537  49.876 0.6666669846
133252  8.012  -22.643  49.887 0.5555559993
50104  8.205  -22.545  49.204 0.5555559993
50120  6.954  -22.949  48.867 0.6666669846
50119  7.628  -22.627  48.592 0.5555559993
50138  7.074  -22.784  48.003 0.6666669846
49113  6.591  -23.430  48.274 0.6666669846
50137  7.737  -22.379  47.753 0.6666669846
46958  2.141  -26.135  52.668 0.5555559993
49129  6.744  -23.290  47.385 0.6666669846
45947  1.943  -26.426  51.133 0.5555559993
45961  2.969  -26.430  49.952 0.6666669846
132913  6.007  -24.544  46.864 0.6666669846
149850  6.473  -23.867  46.863 0.6666669846
129175  4.698  -25.912  48.046 0.6666669846
49148  6.392  -24.275  46.065 0.6666669846
47015  5.511  -25.341  46.963 0.5555559993
50118  8.361  -22.311  48.383 0.5555559993
127105  7.861  -22.209  46.953 0.6666669846
50154  6.889  -23.307  46.355 0.6666669846
47016  4.765  -26.033  47.129 0.6666669846
50171  7.294  -23.211  45.397 0.6666669846
49163  6.734  -23.925  45.242 0.6666669846
50102  10.470  -22.552  49.420 0.7777780294
50117  9.165  -22.169  48.155 0.5555559993
50136  8.452  -22.059  47.525 0.5555559993
50153  7.546  -22.701  46.341 0.6666669846
48106  5.771  -25.149  45.955 0.5555559993
50116  10.535  -22.551  48.653 0.6666669846
50101  11.180  -22.701  49.877 0.7777780294
50135  9.254  -22.043  47.264 0.6666669846
50152  8.508  -22.051  46.718 0.6666669846
50169  8.539  -22.366  45.841 0.5555559993
50170  7.855  -22.721  45.606 0.5555559993
50186  6.880  -23.655  44.315 0.4444440007
50115  11.172  -22.751  48.991 0.6666669846
49128  10.850  -22.644  47.172 0.6666669846
50134  10.113  -22.365  47.875 0.6666669846
49147  10.570  -22.646  46.312 0.7777780294
125355  9.263  -22.204  46.428 0.6666669846
50185  7.574  -23.151  44.397 0.5555559993
125126  8.377  -22.867  44.121 0.4444440007
124780  6.825  -23.349  43.407 0.4444440007
49112  11.877  -22.923  48.482 0.6666669846
49127  11.847  -22.922  47.401 0.6666669846
49162  10.958  -22.925  45.611 0.7777780294
50167  10.183  -22.669  45.596 0.6666669846
50184  10.464  -22.950  44.861 0.6666669846
50168  9.405  -22.481  45.676 0.6666669846
136040  9.190  -22.772  44.389 0.5555559993
50203  7.486  -22.898  43.128 0.3333329856
124416  9.105  -22.849  43.651 0.5555559993
48054  19.250  -24.800  49.697 0.5555559993
48067  18.920  -24.519  49.111 0.7777780294
48068  18.570  -24.964  49.657 0.8888890147
49109  18.685  -24.297  48.297 0.7777780294
48079  18.483  -24.839  48.181 0.8888890147
48080  18.114  -25.081  48.815 0.8888890147
48090  18.684  -24.826  47.331 0.8888890147
47011  18.306  -25.317  47.389 0.8888890147
47002  17.448  -25.221  48.395 0.7777780294
48091  16.463  -24.958  48.499 0.7777780294
47012  17.728  -25.527  47.539 0.7777780294
47013  16.886  -25.410  47.753 0.7777780294
130174  15.804  -24.595  49.201 0.7777780294
47014  16.246  -25.122  47.085 0.7777780294
48082  14.907  -24.050  47.842 0.7777780294
49125  14.062  -23.683  47.948 0.7777780294
49100  12.614  -23.138  48.962 0.7777780294
144879  16.110  -24.908  47.798 0.7777780294
138585  15.543  -24.536  48.255 0.7777780294
49110  13.327  -23.348  48.495 0.7777780294
49111  12.612  -23.149  48.037 0.6666669846
125356  12.751  -23.265  47.160 0.6666669846
49146  11.388  -22.896  46.425 0.7777780294
126357  11.258  -23.259  44.866 0.7777780294
49174  9.888  -22.924  44.128 0.5555559993
50100  19.065  -22.905  49.439 0.5555559993
134694  18.549  -22.915  48.826 0.5555559993
49095  19.457  -23.795  49.453 0.6666669846
147017  18.640  -23.660  48.395 0.5555559993
141188  18.609  -23.976  47.699 0.6666669846
49123  18.570  -24.273  46.857 0.8888890147
49143  18.095  -23.570  46.398 0.8888890147
49142  18.470  -24.250  45.973 0.8888890147
48102  18.761  -24.971  46.355 0.8888890147
47024  17.997  -25.797  46.839 0.7777780294
48118  18.628  -24.898  45.455 0.8888890147
47038  18.441  -25.495  45.771 0.7777780294
146187  17.634  -25.895  46.457 0.7777780294
48127  18.476  -24.737  44.562 0.7777780294
47039  17.998  -26.009  46.030 0.6666669846
47026  16.302  -25.431  46.245 0.7777780294
124271  15.439  -24.542  47.392 0.7777780294
49170  18.325  -23.887  44.154 0.7777780294
47054  18.381  -25.409  44.918 0.7777780294
47055  18.058  -25.929  45.118 0.7777780294
48103  15.433  -24.709  46.488 0.7777780294
124727  12.999  -23.483  46.337 0.6666669846
49188  18.384  -23.816  43.235 0.7777780294
47066  18.268  -25.260  44.090 0.7777780294
47040  17.288  -25.978  45.206 0.6666669846
49144  14.570  -23.979  46.919 0.8888890147
49145  13.571  -23.574  47.035 0.7777780294
48141  18.398  -24.631  43.658 0.8888890147
47056  17.485  -25.838  44.375 0.7777780294
47041  16.385  -25.674  45.340 0.7777780294
48119  15.541  -25.005  45.559 0.7777780294
146231  13.804  -23.754  46.175 0.8888890147
51233  18.680  -21.703  41.064 0.7777780294
50232  18.656  -22.686  41.268 0.7777780294
48154  18.335  -24.547  42.784 0.7777780294
47081  18.169  -25.175  43.244 0.7777780294
47068  17.080  -25.678  43.395 0.7777780294
47057  16.465  -25.697  44.350 0.7777780294
49160  12.494  -23.462  45.644 0.7777780294
125940  12.202  -23.220  46.436 0.7777780294
48171  18.286  -24.395  41.954 0.6666669846
47082  17.733  -25.417  43.011 0.7777780294
49172  12.042  -23.489  44.916 0.7777780294
49161  11.729  -23.230  45.646 0.7777780294
51249  18.537  -21.707  40.252 0.5555559993
49231  18.460  -23.357  40.721 0.5555559993
49220  18.175  -24.142  41.129 0.5555559993
48172  17.747  -24.756  41.680 0.6666669846
50252  18.361  -22.229  39.703 0.5555559993
51095  18.576  -22.085  49.299 0.4444440007
51108  17.952  -22.127  48.559 0.5555559993
50113  18.166  -23.062  48.083 0.5555559993
51127  17.525  -21.670  47.244 0.4444440007
50114  17.661  -22.270  47.705 0.5555559993
49124  17.934  -23.212  47.179 0.5555559993
50151  17.641  -22.663  46.287 0.7777780294
49158  17.931  -23.360  45.652 0.7777780294
126732  18.032  -22.958  43.711 0.8888890147
49157  18.329  -24.074  45.081 0.8888890147
50200  18.221  -22.144  43.259 0.8888890147
138265  18.340  -22.981  42.854 0.7777780294
51215  18.645  -21.923  41.919 0.8888890147
50217  18.571  -22.892  42.069 0.8888890147
129224  18.459  -20.890  40.627 0.7777780294
49206  18.453  -23.754  42.376 0.7777780294
52335  18.078  -21.130  39.629 0.7777780294
48156  17.265  -25.321  42.344 0.6666669846
52320  17.755  -20.058  39.497 0.8888890147
130841  17.739  -21.436  38.793 0.5555559993
51263  17.943  -21.976  39.135 0.5555559993
49232  17.958  -23.760  40.340 0.5555559993
48186  17.480  -24.385  40.852 0.5555559993
53428  17.469  -19.412  38.870 0.5555559993
52336  17.596  -20.561  38.831 0.5555559993
50261  17.465  -22.230  38.376 0.5555559993
49244  17.674  -23.410  39.556 0.5555559993
52348  17.344  -21.194  38.131 0.4444440007
147924  19.653  -22.284  50.049 0.2222220004
128495  18.223  -21.212  48.995 0.4444440007
51126  17.685  -21.202  47.996 0.4444440007
53336  18.271  -19.139  46.390 0.5555559993
133081  18.071  -19.462  47.084 0.5555559993
52213  17.868  -20.151  47.497 0.4444440007
52230  17.662  -20.933  46.933 0.4444440007
54392  18.486  -18.753  45.600 0.5555559993
52229  17.959  -20.061  46.407 0.5555559993
52246  17.719  -20.990  45.999 0.6666669846
51143  17.525  -21.716  46.529 0.6666669846
53347  18.286  -19.576  45.606 0.5555559993
52245  18.079  -20.353  45.449 0.7777780294
51160  17.610  -21.859  45.720 0.7777780294
50166  17.691  -22.579  45.480 0.7777780294
126893  18.402  -19.848  44.472 0.7777780294
145150  17.887  -21.228  45.043 0.7777780294
52262  18.237  -20.441  44.682 0.7777780294
144548  18.159  -21.032  44.269 0.8888890147
50182  17.885  -21.951  44.200 0.8888890147
50165  17.814  -22.994  44.726 0.8888890147
52275  18.410  -20.320  43.861 0.8888890147
51197  18.299  -21.261  43.546 0.8888890147
125286  18.562  -19.719  43.136 0.7777780294
52291  18.585  -20.039  42.148 0.7777780294
125472  18.625  -21.045  42.134 0.7777780294
53406  18.077  -18.945  40.734 0.7777780294
52305  18.603  -20.834  41.457 0.8888890147
129510  18.385  -19.960  41.158 0.8888890147
54448  17.868  -18.372  40.092 0.8888890147
53407  17.763  -19.161  39.813 0.8888890147
55553  17.929  -17.541  39.135 0.8888890147
128202  17.642  -17.951  38.614 0.7777780294
55573  17.858  -17.492  38.292 0.6666669846
56654  17.964  -17.239  37.597 0.4444440007
124747  17.317  -18.051  37.936 0.6666669846
53441  17.066  -19.174  38.045 0.5555559993
52349  17.133  -20.158  38.085 0.4444440007
55593  17.584  -17.612  37.521 0.5555559993
55594  17.047  -17.942  37.025 0.4444440007
138414  16.726  -18.802  36.653 0.4444440007
53442  16.832  -19.718  37.137 0.4444440007
51083  20.154  -21.988  50.166 0.2222220004
133703  18.854  -21.362  49.695 0.3333329856
52149  20.102  -21.010  50.089 0.3333329856
52170  18.721  -20.498  49.450 0.4444440007
53323  18.182  -19.333  47.906 0.3333329856
126481  18.313  -18.740  47.242 0.6666669846
54402  18.604  -18.455  44.821 0.6666669846
53356  18.477  -19.253  44.838 0.7777780294
124943  18.513  -19.327  43.992 0.7777780294
125104  18.565  -18.937  43.324 0.7777780294
54436  18.459  -18.221  42.095 0.7777780294
55516  18.607  -17.588  41.443 0.7777780294
53377  18.523  -19.035  42.569 0.7777780294
145738  18.315  -18.303  41.322 0.7777780294
55552  18.358  -17.273  39.659 0.8888890147
55533  18.030  -17.704  39.907 0.7777780294
56629  18.658  -16.877  38.587 0.8888890147
56614  18.179  -17.118  38.930 0.8888890147
56652  19.338  -16.834  38.040 0.8888890147
126546  19.048  -16.715  37.176 0.7777780294
56630  18.178  -17.126  38.286 0.6666669846
56670  18.879  -16.635  36.474 0.4444440007
56653  18.522  -16.893  37.781 0.5555559993
52169  19.771  -20.131  49.797 0.2222220004
54350  19.044  -18.867  49.334 0.5555559993
53304  18.531  -19.142  48.750 0.3333329856
146381  19.213  -20.064  49.707 0.3333329856
54370  18.486  -18.535  48.147 0.4444440007
55474  18.706  -17.786  45.543 0.7777780294
54381  18.508  -18.266  46.451 0.6666669846
56550  19.609  -16.296  44.792 0.6666669846
149317  18.878  -17.178  44.399 0.7777780294
124857  19.807  -16.093  43.966 0.8888890147
56551  19.164  -16.742  44.093 0.7777780294
127726  18.815  -17.413  43.952 0.7777780294
54411  18.637  -18.328  43.935 0.8888890147
56564  20.112  -16.177  43.162 0.8888890147
56565  19.445  -16.644  43.320 0.8888890147
56566  18.928  -17.075  43.339 0.7777780294
54423  18.585  -18.253  42.980 0.8888890147
56579  20.294  -16.463  42.273 0.8888890147
56580  19.519  -16.630  42.552 0.8888890147
56594  18.948  -16.972  42.033 0.8888890147
55502  18.754  -17.465  42.566 0.7777780294
56593  19.493  -16.700  41.702 0.8888890147
137975  18.920  -17.054  41.134 0.8888890147
56601  19.507  -16.795  40.823 0.8888890147
56602  18.847  -16.959  40.247 0.8888890147
56612  19.676  -16.816  39.831 0.8888890147
56628  19.361  -16.808  38.948 0.8888890147
55551  20.002  -16.960  38.604 0.8888890147
55592  20.168  -17.198  37.823 0.8888890147
142456  19.702  -16.932  37.321 0.5555559993
53282  19.452  -19.410  49.632 0.2222220004
56505  19.753  -16.608  48.492 0.3333329856
54349  19.829  -18.493  49.588 0.4444440007
146468  18.768  -18.481  48.844 0.5555559993
55460  19.127  -17.119  48.041 0.4444440007
55468  18.822  -17.414  46.501 0.6666669846
57554  19.842  -15.985  46.761 0.6666669846
56524  18.968  -17.024  45.821 0.7777780294
56536  19.461  -16.479  45.607 0.6666669846
56537  18.975  -16.967  44.982 0.6666669846
148026  20.634  -16.309  42.849 0.8888890147
56591  21.104  -16.757  41.740 0.8888890147
56592  20.224  -16.692  41.347 0.8888890147
55530  21.594  -17.555  40.472 0.8888890147
56600  20.189  -16.823  40.609 0.8888890147
55550  21.500  -17.822  39.584 0.8888890147
132192  20.534  -17.244  39.218 0.8888890147
54468  21.821  -18.412  38.841 0.8888890147
127192  21.194  -17.840  38.831 0.7777780294
55572  20.667  -17.570  38.377 0.7777780294
124497  22.073  -18.817  38.075 0.7777780294
54505  21.492  -18.720  37.298 0.7777780294
55591  20.815  -17.879  37.566 0.7777780294
149579  20.457  -17.837  49.615 0.3333329856
55451  20.161  -16.906  49.205 0.3333329856
57553  20.322  -15.638  47.307 0.5555559993
57579  19.993  -15.827  45.486 0.7777780294
56549  20.599  -15.820  43.945 0.8888890147
56578  21.302  -16.538  42.619 0.8888890147
55501  22.043  -17.053  42.067 0.8888890147
55514  21.805  -17.322  41.275 0.8888890147
55513  22.618  -17.722  41.633 0.8888890147
54435  23.145  -18.155  41.233 0.8888890147
55529  22.488  -17.973  40.795 0.8888890147
54447  23.288  -18.449  40.604 0.8888890147
128415  22.736  -18.419  40.181 0.8888890147
55549  22.183  -18.005  40.092 0.8888890147
54466  23.329  -18.729  39.754 0.8888890147
54467  22.431  -18.508  39.512 0.8888890147
54485  22.627  -18.845  38.739 0.8888890147
55440  21.214  -17.549  49.822 0.3333329856
56512  20.216  -15.876  48.193 0.3333329856
57565  20.424  -15.575  46.331 0.7777780294
56535  21.990  -15.727  44.912 0.7777780294
57577  21.460  -15.476  45.403 0.8888890147
55489  23.182  -17.228  43.274 1.0000000000
56562  22.439  -16.609  43.640 1.0000000000
56563  21.645  -15.938  43.985 0.8888890147
56577  22.283  -16.882  42.880 0.8888890147
55500  22.864  -17.506  42.421 0.8888890147
55512  23.435  -17.976  41.862 0.8888890147
54434  23.861  -18.331  41.176 1.0000000000
54446  24.055  -18.579  40.347 0.8888890147
54465  24.221  -18.691  39.429 0.8888890147
54484  23.518  -18.918  38.800 0.8888890147
57534  20.820  -15.704  48.778 0.3333329856
126114  21.604  -15.091  47.748 0.5555559993
57543  21.517  -15.379  48.571 0.3333329856
56547  22.609  -16.351  44.438 0.7777780294
57564  21.258  -15.261  46.159 0.7777780294
56561  23.157  -16.805  43.994 0.7777780294
131292  23.974  -17.510  43.296 1.0000000000
55498  24.530  -17.579  42.833 1.0000000000
55511  24.414  -17.931  41.904 1.0000000000
54445  24.784  -18.241  39.982 1.0000000000
54464  24.945  -18.285  39.093 1.0000000000
54483  24.442  -18.682  38.460 0.8888890147
55570  25.479  -17.713  38.679 1.0000000000
57532  22.129  -15.716  49.183 0.3333329856
56497  21.797  -16.180  49.648 0.3333329856
57576  22.176  -15.495  45.901 0.5555559993
56534  22.871  -16.104  45.280 0.6666669846
55487  24.544  -17.238  43.587 0.8888890147
55488  23.844  -17.131  43.908 0.6666669846
55486  25.167  -17.185  43.143 1.0000000000
55528  24.620  -18.118  40.897 1.0000000000
55510  25.214  -17.605  41.416 1.0000000000
55527  25.313  -17.672  40.482 1.0000000000
55548  25.417  -17.702  39.563 1.0000000000
55526  25.934  -17.009  40.014 1.0000000000
55547  25.987  -17.146  39.088 1.0000000000
55569  26.022  -17.127  38.187 1.0000000000
56496  22.656  -16.076  49.740 0.3333329856
57542  22.369  -15.350  48.361 0.3333329856
57563  23.179  -15.875  46.100 0.5555559993
125775  22.634  -15.501  46.832 0.4444440007
56532  24.436  -16.417  45.272 0.6666669846
56533  23.653  -16.301  45.530 0.6666669846
55480  24.481  -16.865  44.365 0.6666669846
55497  25.184  -17.436  42.323 1.0000000000
56590  25.761  -16.953  41.818 1.0000000000
56599  25.782  -17.051  40.943 1.0000000000
56598  26.257  -16.598  40.604 1.0000000000
56611  26.424  -16.658  39.407 1.0000000000
56627  26.550  -16.621  38.675 1.0000000000
56651  26.747  -16.487  37.681 1.0000000000
125792  24.169  -15.956  49.502 0.3333329856
57531  23.157  -15.774  49.190 0.3333329856
57549  23.769  -15.583  47.779 0.4444440007
130926  23.260  -15.525  48.388 0.3333329856
56522  24.129  -16.032  46.166 0.5555559993
126700  23.515  -15.721  46.931 0.5555559993
57550  22.953  -15.469  47.652 0.3333329856
130011  25.166  -16.455  44.668 0.6666669846
56559  25.828  -16.194  44.025 0.8888890147
57591  25.710  -15.917  44.801 0.7777780294
56560  25.159  -16.835  43.886 0.7777780294
56576  25.730  -16.821  42.680 0.8888890147
131142  26.271  -16.473  41.292 1.0000000000
56597  26.710  -16.094  40.734 1.0000000000
139940  27.157  -15.803  40.090 1.0000000000
56610  27.026  -16.163  39.247 1.0000000000
56626  27.070  -16.209  38.435 1.0000000000
57659  27.507  -15.719  38.638 1.0000000000
57676  27.952  -15.349  37.929 1.0000000000
57541  24.106  -15.657  48.675 0.4444440007
146469  24.438  -15.517  47.881 0.4444440007
57540  25.012  -15.441  48.382 0.2222220004
57548  25.047  -15.419  47.429 0.3333329856
136720  24.318  -15.713  47.089 0.4444440007
57562  25.003  -15.722  46.396 0.5555559993
57601  26.529  -15.629  43.694 0.8888890147
56575  26.160  -16.220  43.150 0.8888890147
56589  26.387  -16.235  42.193 0.8888890147
56588  26.749  -15.929  41.444 0.8888890147
57642  27.581  -15.516  39.429 1.0000000000
57658  28.044  -15.188  38.863 1.0000000000
130671  28.041  -15.342  37.109 0.8888890147
150460  26.737  -14.679  45.863 0.5555559993
57561  25.654  -15.488  45.992 0.6666669846
57590  26.360  -15.482  44.570 0.7777780294
57574  25.979  -15.505  45.338 0.6666669846
57611  26.760  -15.634  42.876 0.8888890147
57622  27.152  -15.467  42.026 0.8888890147
126954  27.298  -15.469  40.964 0.8888890147
58794  29.087  -14.182  37.883 1.0000000000
58795  28.571  -14.792  37.335 0.8888890147
58812  28.797  -14.608  36.566 0.8888890147
58825  29.238  -14.234  36.118 1.0000000000
58671  26.880  -14.918  44.729 0.6666669846
57600  27.090  -15.139  43.414 0.8888890147
57610  27.279  -15.148  42.773 0.8888890147
57631  27.709  -15.219  40.170 0.8888890147
57630  28.029  -15.038  39.571 0.8888890147
58750  28.460  -14.627  39.232 1.0000000000
58772  28.521  -14.717  38.341 1.0000000000
58811  29.222  -14.210  36.987 1.0000000000
58836  29.164  -14.369  35.140 0.8888890147
58659  27.844  -13.993  44.876 0.7777780294
58680  27.665  -14.644  43.169 0.8888890147
58729  27.854  -14.896  40.774 0.8888890147
58728  28.296  -14.601  40.153 0.8888890147
58771  28.950  -14.108  38.783 0.8888890147
59748  30.347  -13.210  36.990 1.0000000000
59760  29.794  -13.723  36.538 1.0000000000
59776  29.838  -13.839  35.630 1.0000000000
145465  29.443  -14.348  34.315 1.0000000000
59820  30.245  -14.103  32.637 0.7777780294
58679  28.191  -14.155  43.191 0.7777780294
58708  28.300  -14.413  41.091 0.8888890147
59709  28.794  -13.920  40.570 0.8888890147
59722  28.853  -14.040  39.671 0.8888890147
59721  29.401  -13.558  39.224 0.8888890147
59736  29.544  -13.606  38.372 1.0000000000
59749  29.704  -13.637  37.466 1.0000000000
60714  30.984  -12.813  37.381 1.0000000000
60733  32.068  -13.238  35.418 1.0000000000
60723  31.006  -12.989  36.538 1.0000000000
59758  31.219  -13.281  35.718 1.0000000000
59773  32.272  -13.461  34.528 1.0000000000
59774  31.455  -13.582  34.853 1.0000000000
59775  30.619  -13.664  35.218 1.0000000000
59787  32.381  -13.402  33.664 1.0000000000
59788  31.641  -13.681  33.954 1.0000000000
59790  29.938  -13.956  34.712 1.0000000000
60756  32.424  -13.173  32.937 1.0000000000
59799  31.834  -13.501  33.098 1.0000000000
59789  30.778  -13.834  34.281 1.0000000000
59800  31.005  -13.869  33.203 0.8888890147
59801  30.016  -14.127  33.698 1.0000000000
60770  32.876  -12.819  32.444 0.7777780294
60771  32.082  -13.099  32.229 0.7777780294
59694  29.263  -13.272  42.215 0.8888890147
59695  28.810  -13.749  41.546 0.8888890147
59708  29.290  -13.361  40.884 0.8888890147
127434  29.336  -13.476  40.072 0.8888890147
60703  29.903  -13.117  38.837 0.8888890147
59735  30.285  -13.041  38.028 1.0000000000
131810  31.520  -12.785  36.929 1.0000000000
60722  31.764  -12.922  36.253 1.0000000000
60732  32.940  -13.234  35.080 1.0000000000
60743  33.027  -13.225  34.136 1.0000000000
60742  33.698  -12.945  34.617 1.0000000000
60754  33.681  -12.759  33.693 1.0000000000
60755  33.004  -13.011  33.267 1.0000000000
149672  33.300  -12.348  32.072 0.7777780294
60686  29.774  -12.863  41.120 0.7777780294
60685  30.310  -12.497  40.524 0.7777780294
146122  29.383  -13.209  41.528 0.7777780294
60692  30.668  -12.405  39.672 0.7777780294
129591  29.705  -13.004  40.450 0.8888890147
60702  30.503  -12.709  38.923 0.8888890147
134104  31.060  -12.327  39.086 0.8888890147
125577  31.166  -12.501  38.285 1.0000000000
60713  31.713  -12.562  37.533 1.0000000000
60730  34.341  -12.594  35.952 1.0000000000
60720  33.655  -12.625  36.478 1.0000000000
140638  34.876  -12.273  36.214 1.0000000000
60721  32.735  -12.866  36.105 1.0000000000
137492  35.445  -11.983  36.024 1.0000000000
60731  33.636  -12.886  35.566 1.0000000000
61735  34.933  -12.296  35.533 1.0000000000
60741  34.369  -12.671  35.092 1.0000000000
61745  35.584  -11.743  34.386 1.0000000000
61746  34.968  -12.196  34.719 1.0000000000
60753  34.350  -12.478  34.204 1.0000000000
124914  34.955  -11.936  33.894 1.0000000000
61755  34.267  -12.043  33.247 1.0000000000
61765  33.968  -11.968  32.168 1.0000000000
61764  34.748  -11.803  32.572 1.0000000000
60675  30.297  -12.413  41.440 0.7777780294
60684  30.924  -12.027  40.249 0.7777780294
60691  31.299  -11.978  39.650 0.7777780294
60701  31.665  -12.035  38.923 0.8888890147
60700  32.058  -12.198  38.163 1.0000000000
61705  35.400  -11.526  38.292 0.8888890147
61719  34.711  -11.912  37.640 1.0000000000
141654  33.766  -12.212  37.344 1.0000000000
136245  32.369  -12.377  37.515 1.0000000000
125540  32.170  -12.646  36.890 1.0000000000
61728  35.193  -12.023  36.797 1.0000000000
60712  34.433  -12.325  36.749 1.0000000000
126004  32.942  -12.465  37.047 1.0000000000
61727  35.951  -11.685  36.634 1.0000000000
61726  36.109  -11.569  35.762 1.0000000000
61754  35.595  -11.555  33.550 1.0000000000
139233  35.023  -11.745  33.173 1.0000000000
146725  35.587  -11.604  32.606 1.0000000000
61689  30.947  -11.890  41.066 0.5555559993
61680  31.313  -11.656  41.931 0.4444440007
126739  31.809  -11.435  41.216 0.5555559993
61688  31.578  -11.686  40.371 0.6666669846
61698  32.044  -11.653  39.613 0.7777780294
61694  35.174  -11.176  39.055 0.8888890147
61695  34.398  -11.161  39.259 0.7777780294
61707  33.289  -11.573  38.775 1.0000000000
61708  32.465  -11.767  38.811 1.0000000000
61706  34.590  -11.541  38.559 0.8888890147
61720  33.875  -11.782  38.186 0.8888890147
61721  32.948  -11.985  37.945 1.0000000000
61704  36.210  -11.355  38.098 0.8888890147
62727  36.935  -11.048  37.870 0.8888890147
142339  37.005  -10.986  37.160 0.8888890147
61718  35.675  -11.710  37.471 1.0000000000
62726  37.530  -10.719  37.507 0.8888890147
61717  36.434  -11.365  37.284 1.0000000000
62735  37.478  -10.746  36.722 1.0000000000
62746  36.738  -11.088  35.414 1.0000000000
61733  36.175  -11.473  34.891 1.0000000000
141481  36.847  -11.022  33.806 1.0000000000
61753  36.293  -11.268  33.231 1.0000000000
61763  36.515  -11.432  32.428 1.0000000000
61859  33.772  -12.482  27.357 0.5555559993
61881  33.421  -11.932  26.511 0.3333329856
61679  32.136  -11.150  42.146 0.5555559993
61687  32.452  -11.272  40.457 0.6666669846
62699  34.112  -10.813  39.945 0.6666669846
61686  33.318  -10.963  40.165 0.5555559993
62698  34.903  -10.751  39.753 0.6666669846
144884  33.959  -11.455  38.836 0.8888890147
61697  32.867  -11.389  39.529 0.8888890147
62697  35.795  -10.775  39.564 0.7777780294
62696  36.584  -10.605  39.503 0.7777780294
143252  36.262  -10.882  39.167 0.8888890147
128616  36.702  -10.899  38.729 0.7777780294
62695  37.323  -10.428  39.220 0.7777780294
62714  37.551  -10.591  38.355 0.7777780294
63675  38.217  -10.103  38.350 0.7777780294
62713  38.000  -10.338  37.793 0.8888890147
62734  38.056  -10.330  37.106 0.8888890147
62745  37.407  -10.773  35.870 1.0000000000
62744  38.057  -10.376  36.277 1.0000000000
131356  37.395  -10.832  35.002 1.0000000000
150113  37.324  -10.904  34.305 1.0000000000
62767  37.060  -11.132  33.065 1.0000000000
61780  36.859  -11.744  31.631 1.0000000000
145879  36.409  -12.029  31.037 1.0000000000
61819  35.368  -12.619  29.972 0.7777780294
141260  36.973  -12.006  29.374 0.7777780294
61836  35.958  -12.481  29.101 0.7777780294
60807  34.981  -12.831  29.113 0.5555559993
61858  34.685  -12.148  27.442 0.5555559993
61856  36.008  -11.927  28.140 0.5555559993
61837  35.194  -12.476  28.251 0.5555559993
61857  35.434  -11.722  27.464 0.5555559993
61880  34.261  -11.759  26.743 0.4444440007
62856  33.871  -11.174  26.137 0.3333329856
62869  32.598  -10.725  25.310 0.1111110002
62884  32.146  -10.037  24.793 0.1111110002
63847  30.893  -9.306  24.408 0.1111110002
64874  29.842  -8.143  24.511 0.1111110002
64873  30.765  -8.392  24.304 0.1111110002
149016  30.511  -7.715  24.364 0.1111110002
130581  32.467  -11.042  41.325 0.5555559993
62663  32.811  -10.638  42.724 0.5555559993
62688  33.096  -10.802  40.994 0.5555559993
62661  34.170  -10.094  41.966 0.5555559993
62673  33.647  -10.462  41.518 0.5555559993
62687  33.843  -10.594  40.718 0.5555559993
62672  34.318  -10.227  41.218 0.5555559993
62685  35.394  -10.335  40.309 0.7777780294
62683  37.079  -10.078  40.008 0.5555559993
63661  37.925  -9.843  39.679 0.4444440007
63676  37.920  -10.196  38.933 0.5555559993
64657  39.132  -8.000  41.284 0.4444440007
63660  38.689  -9.182  39.736 0.5555559993
65685  39.966  -7.747  40.829 0.3333329856
64673  39.291  -8.368  40.334 0.5555559993
64685  39.483  -8.694  39.421 0.4444440007
144414  38.723  -9.711  38.371 0.6666669846
129867  39.211  -9.356  38.022 0.6666669846
63701  38.680  -9.985  36.724 0.7777780294
63686  39.292  -9.524  37.163 0.6666669846
63700  39.386  -9.769  36.310 0.6666669846
62756  38.830  -10.416  35.015 0.8888890147
62757  38.075  -10.745  34.458 1.0000000000
134442  37.584  -10.966  33.703 1.0000000000
61762  37.383  -11.395  32.309 1.0000000000
61778  38.651  -11.766  31.336 1.0000000000
61779  37.750  -11.769  31.481 1.0000000000
61797  38.557  -11.816  30.023 1.0000000000
136068  38.063  -11.982  30.578 1.0000000000
148758  37.329  -12.190  30.130 1.0000000000
61798  37.152  -12.043  30.805 0.8888890147
61817  38.540  -11.400  29.439 1.0000000000
61818  37.894  -11.905  29.733 1.0000000000
62826  38.574  -10.645  28.717 1.0000000000
62827  37.259  -10.946  28.168 0.7777780294
148597  37.052  -11.585  28.618 0.6666669846
61835  36.522  -11.917  28.675 0.5555559993
126179  37.874  -10.612  28.254 0.6666669846
129173  36.782  -10.690  27.549 0.5555559993
62844  36.121  -11.172  27.475 0.5555559993
61879  34.936  -11.527  26.932 0.4444440007
62843  37.508  -10.213  27.555 0.6666669846
147606  36.901  -10.113  27.079 0.5555559993
62855  36.300  -10.425  26.952 0.3333329856
128313  34.678  -10.999  26.401 0.3333329856
62868  33.494  -10.599  25.494 0.3333329856
63832  33.060  -9.898  24.972 0.1111110002
63821  35.866  -10.006  26.350 0.3333329856
62866  35.109  -10.248  26.085 0.3333329856
63830  34.772  -9.714  25.476 0.3333329856
62650  33.475  -10.229  43.229 0.4444440007
63579  34.213  -9.678  44.645 0.2222220004
63596  34.136  -9.760  43.716 0.4444440007
62662  33.523  -10.348  42.340 0.5555559993
143853  34.840  -9.517  44.920 0.3333329856
63578  34.867  -9.400  44.212 0.5555559993
63631  34.714  -9.885  41.631 0.5555559993
63648  35.806  -9.832  40.875 0.4444440007
143477  36.148  -9.493  41.424 0.5555559993
63646  37.637  -9.450  40.565 0.4444440007
64640  40.285  -8.348  42.128 0.1111110002
64638  41.280  -9.262  41.550 0.1111110002
65684  40.639  -7.623  41.002 0.1111110002
127063  40.757  -7.575  40.324 0.1111110002
65704  40.040  -7.994  39.907 0.2222220004
64684  40.779  -7.764  39.346 0.2222220004
64696  39.689  -8.827  38.567 0.4444440007
64709  39.924  -8.868  37.616 0.4444440007
64695  40.373  -8.307  38.432 0.4444440007
129965  40.460  -8.752  36.991 0.5555559993
64720  39.950  -9.221  36.683 0.5555559993
63699  40.069  -9.561  35.889 0.7777780294
62755  39.583  -10.251  34.655 0.8888890147
63723  40.305  -10.032  34.284 0.8888890147
134601  38.935  -10.594  34.155 1.0000000000
62764  40.396  -10.291  33.438 1.0000000000
62774  39.798  -10.728  32.969 1.0000000000
149100  38.555  -11.054  32.948 1.0000000000
62775  39.145  -11.126  32.583 1.0000000000
61761  38.345  -11.387  32.224 1.0000000000
61776  40.398  -11.514  31.144 1.0000000000
62784  39.958  -11.210  32.044 1.0000000000
62785  39.129  -11.473  31.888 1.0000000000
61795  40.651  -11.309  30.322 1.0000000000
139337  38.980  -11.796  30.588 1.0000000000
62811  40.856  -10.733  29.601 1.0000000000
61816  39.976  -11.166  29.774 1.0000000000
126881  39.196  -11.502  29.919 1.0000000000
63779  39.834  -9.770  28.642 1.0000000000
62813  39.254  -10.943  29.331 1.0000000000
144157  39.455  -9.461  27.952 0.8888890147
63791  39.040  -9.933  28.293 0.6666669846
63808  38.297  -10.029  27.956 0.6666669846
127261  38.111  -9.577  27.167 0.5555559993
63819  37.363  -9.656  26.767 0.6666669846
63820  36.627  -9.784  26.508 0.4444440007
135305  37.919  -9.032  26.375 0.4444440007
63829  35.499  -9.567  25.722 0.3333329856
62649  34.137  -9.954  42.792 0.5555559993
63595  34.815  -9.496  43.247 0.5555559993
63613  35.493  -9.293  42.705 0.5555559993
63630  35.424  -9.600  41.714 0.4444440007
124776  36.122  -9.191  42.141 0.4444440007
63647  36.700  -9.665  40.845 0.4444440007
64659  37.436  -8.608  41.960 0.4444440007
65647  38.993  -7.986  42.124 0.3333329856
144019  39.475  -8.039  42.243 0.3333329856
64656  41.691  -8.543  41.044 0.1111110002
137249  41.100  -7.669  40.970 0.1111110002
62670  41.773  -10.388  40.619 0.1111110002
66677  41.392  -7.498  40.368 0.1111110002
65702  41.930  -7.216  39.752 0.2222220004
65717  41.626  -7.304  39.181 0.2222220004
65726  41.131  -7.751  38.401 0.3333329856
64707  41.041  -8.355  36.853 0.5555559993
64731  40.626  -9.392  35.496 0.6666669846
147128  41.358  -8.503  36.205 0.6666669846
63711  40.183  -9.842  35.120 0.7777780294
64738  41.498  -9.133  34.499 0.7777780294
63722  41.059  -9.750  33.830 0.7777780294
64758  42.689  -8.962  32.777 0.7777780294
64748  42.451  -8.714  33.645 0.7777780294
64749  41.780  -9.225  33.711 0.7777780294
64757  44.095  -8.621  32.162 0.8888890147
63742  42.280  -9.684  32.418 0.7777780294
63732  41.584  -9.837  32.962 0.8888890147
62773  40.567  -10.660  32.646 1.0000000000
64769  44.657  -8.970  31.528 0.8888890147
64770  43.835  -9.290  31.694 0.8888890147
63741  42.984  -9.437  31.977 0.8888890147
63752  42.535  -10.227  31.620 1.0000000000
128981  41.029  -10.992  31.800 1.0000000000
62782  43.406  -10.064  31.170 0.8888890147
124894  42.721  -10.542  30.981 1.0000000000
62783  41.948  -10.893  31.174 1.0000000000
61775  41.157  -11.274  30.939 1.0000000000
61794  41.536  -11.007  30.283 1.0000000000
62810  41.962  -10.444  29.650 1.0000000000
63778  40.478  -10.041  29.141 1.0000000000
136608  38.845  -9.513  27.581 0.6666669846
63594  35.650  -9.068  43.749 0.3333329856
149175  36.268  -8.791  43.762 0.4444440007
64625  36.810  -8.716  43.724 0.3333329856
146779  36.747  -8.796  42.355 0.4444440007
136849  38.845  -8.234  42.739 0.3333329856
64641  39.571  -8.248  42.485 0.3333329856
64621  39.782  -8.882  42.696 0.2222220004
128558  41.639  -7.866  40.684 0.1111110002
64655  42.283  -8.839  40.461 0.1111110002
140115  41.633  -7.622  40.409 0.1111110002
62712  43.427  -10.210  38.737 0.1111110002
139713  43.109  -10.255  39.270 0.1111110002
148162  42.559  -9.192  40.108 0.1111110002
65683  42.074  -7.681  40.171 0.1111110002
65725  41.464  -7.794  37.541 0.5555559993
65735  42.373  -7.628  36.520 0.6666669846
64718  41.735  -7.936  36.702 0.6666669846
65754  44.170  -7.395  34.287 0.6666669846
65755  43.257  -7.827  34.173 0.7777780294
65756  43.046  -7.754  35.019 0.7777780294
64737  42.575  -8.281  34.452 0.7777780294
129543  42.478  -8.083  35.219 0.6666669846
124382  41.982  -8.576  34.949 0.6666669846
64747  43.737  -7.795  33.562 0.7777780294
147667  42.826  -8.243  33.887 0.7777780294
135708  43.887  -8.124  32.823 0.7777780294
144441  43.420  -8.761  32.451 0.7777780294
63751  44.321  -9.655  30.931 0.8888890147
62797  43.869  -10.063  30.408 1.0000000000
62798  43.131  -10.386  30.444 1.0000000000
62808  43.430  -10.156  29.864 1.0000000000
63776  42.774  -9.909  29.445 1.0000000000
63777  41.950  -9.803  29.224 1.0000000000
128192  41.226  -9.973  29.214 1.0000000000
63789  41.453  -9.261  28.890 1.0000000000
63790  40.675  -9.471  28.691 1.0000000000
63806  40.116  -9.041  27.977 0.7777780294
64818  41.000  -8.850  28.202 1.0000000000
64832  40.653  -8.477  27.447 0.7777780294
63807  39.434  -9.038  27.342 0.6666669846
64608  36.317  -8.907  44.230 0.3333329856
64624  37.589  -8.712  43.620 0.3333329856
142471  38.091  -8.418  43.094 0.4444440007
64623  38.424  -8.732  43.412 0.2222220004
64694  44.339  -8.476  37.854 0.1111110002
134942  43.545  -8.177  38.694 0.1111110002
63673  43.677  -9.358  38.363 0.1111110002
65681  43.060  -8.009  39.243 0.1111110002
65682  42.485  -8.032  39.850 0.1111110002
150419  43.676  -10.105  38.206 0.1111110002
66724  43.762  -7.047  37.943 0.3333329856
66708  43.370  -7.174  38.438 0.3333329856
66691  42.404  -7.283  39.373 0.1111110002
66740  43.974  -6.924  37.198 0.5555559993
65724  43.252  -6.976  37.769 0.5555559993
149046  43.173  -6.836  38.231 0.3333329856
129740  42.346  -7.300  37.434 0.4444440007
66766  47.834  -7.310  34.871 0.3333329856
132904  47.637  -7.117  34.413 0.3333329856
66767  46.930  -6.945  34.895 0.5555559993
143665  45.674  -6.877  35.350 0.5555559993
66769  45.007  -7.044  34.917 0.5555559993
65743  44.318  -7.173  35.319 0.6666669846
66754  44.303  -7.035  36.277 0.5555559993
65744  43.593  -7.327  35.602 0.5555559993
143050  43.552  -7.167  36.365 0.5555559993
65734  43.063  -7.232  36.868 0.5555559993
135944  48.280  -7.214  34.005 0.2222220004
126616  47.593  -6.987  33.558 0.3333329856
66786  46.805  -6.943  33.859 0.5555559993
66787  45.847  -6.953  33.783 0.5555559993
66768  45.680  -6.911  34.608 0.5555559993
137779  43.647  -7.469  34.863 0.6666669846
65745  42.836  -7.586  35.887 0.6666669846
66800  48.806  -6.724  32.698 0.4444440007
138406  48.367  -6.667  32.047 0.4444440007
66802  47.149  -7.027  32.817 0.5555559993
65767  46.205  -7.131  32.901 0.5555559993
65768  45.296  -7.376  33.047 0.6666669846
65769  44.438  -7.598  33.313 0.7777780294
66814  48.275  -6.629  31.177 0.5555559993
65779  47.641  -7.082  31.726 0.5555559993
65780  46.702  -7.482  31.931 0.6666669846
65781  45.772  -7.762  32.117 0.6666669846
64756  44.767  -8.098  32.320 0.6666669846
65798  47.047  -7.712  30.872 0.6666669846
64783  46.430  -8.253  30.316 0.7777780294
133270  45.477  -8.547  31.407 0.8888890147
137205  45.920  -8.682  30.648 0.8888890147
63763  45.194  -9.282  29.870 0.8888890147
64798  44.902  -8.947  29.436 1.0000000000
63764  44.578  -9.688  30.199 0.8888890147
63775  44.464  -9.496  29.685 1.0000000000
137176  43.692  -9.678  29.546 1.0000000000
64800  43.146  -9.120  29.179 1.0000000000
64801  42.251  -9.127  29.058 1.0000000000
64816  42.615  -8.332  28.659 1.0000000000
64817  41.770  -8.636  28.437 1.0000000000
64831  41.367  -8.239  27.750 1.0000000000
64833  39.992  -8.642  27.198 0.7777780294
64842  39.444  -8.484  26.551 0.4444440007
64841  40.309  -8.128  26.702 0.6666669846
65896  39.015  -7.926  25.871 0.4444440007
65908  39.438  -7.282  25.368 0.3333329856
65909  38.591  -7.465  25.290 0.3333329856
64682  44.183  -7.896  38.157 0.2222220004
65700  43.610  -7.940  38.686 0.1111110002
64692  45.586  -7.663  37.280 0.2222220004
65714  44.891  -7.602  37.573 0.2222220004
65715  44.165  -7.504  38.069 0.2222220004
66707  44.002  -7.250  38.001 0.3333329856
65701  42.968  -7.602  39.151 0.1111110002
65732  47.022  -7.400  36.229 0.2222220004
65733  46.712  -7.234  36.728 0.4444440007
66721  46.120  -7.252  36.898 0.4444440007
66706  44.751  -7.349  37.506 0.3333329856
66723  44.495  -7.123  37.483 0.4444440007
65741  47.942  -7.603  34.922 0.2222220004
65742  47.319  -7.305  35.558 0.3333329856
145467  47.260  -7.164  35.828 0.3333329856
66737  46.733  -6.814  36.433 0.4444440007
66752  46.127  -6.889  35.985 0.5555559993
66739  44.922  -6.939  36.904 0.5555559993
66783  49.599  -6.921  33.135 0.2222220004
66799  49.749  -6.368  32.643 0.2222220004
67888  49.486  -6.222  32.390 0.4444440007
66798  50.256  -6.080  32.505 0.3333329856
66813  48.908  -6.237  31.799 0.4444440007
66828  48.620  -5.850  30.952 0.4444440007
65797  47.651  -7.146  30.577 0.6666669846
65818  46.941  -7.611  30.083 0.7777780294
64796  46.178  -8.159  29.715 0.8888890147
64797  45.546  -8.762  29.676 0.8888890147
65840  45.356  -8.238  29.361 0.8888890147
65861  43.924  -7.125  28.833 1.0000000000
65841  44.274  -8.154  29.137 1.0000000000
64799  44.048  -9.065  29.275 1.0000000000
69049  44.017  -4.689  27.716 1.0000000000
66869  43.288  -5.972  27.686 1.0000000000
66856  43.787  -6.290  28.376 1.0000000000
65862  43.320  -7.706  28.674 1.0000000000
64815  43.468  -8.465  29.039 1.0000000000
69070  43.018  -4.442  26.260 0.8888890147
67950  43.490  -5.120  27.262 1.0000000000
67951  42.813  -5.578  26.823 1.0000000000
66870  42.697  -6.518  27.408 1.0000000000
65863  42.510  -7.403  27.961 1.0000000000
70147  42.902  -4.381  25.811 0.8888890147
69071  42.434  -4.797  25.714 0.8888890147
67962  42.585  -4.968  26.112 0.8888890147
144719  42.303  -5.619  26.234 1.0000000000
65882  42.137  -6.962  27.206 1.0000000000
65893  41.561  -6.999  26.572 0.7777780294
65884  41.054  -7.807  27.011 0.8888890147
70148  42.473  -4.632  25.671 0.8888890147
67976  41.890  -5.422  25.327 0.7777780294
67964  41.571  -6.024  25.378 0.5555559993
66886  41.102  -6.662  25.729 0.5555559993
65894  40.711  -7.412  26.216 0.7777780294
70162  41.939  -4.899  25.112 0.7777780294
69081  42.026  -5.023  25.350 0.7777780294
66903  38.994  -6.718  24.908 0.3333329856
67885  50.789  -5.645  32.149 0.3333329856
67907  50.034  -4.998  31.836 0.4444440007
67908  49.449  -5.482  31.664 0.4444440007
143944  47.992  -5.764  30.455 0.5555559993
66830  47.489  -6.060  30.078 0.6666669846
65817  47.373  -6.905  29.956 0.6666669846
65839  46.635  -7.267  29.652 0.7777780294
69039  44.879  -4.871  28.963 1.0000000000
134290  44.373  -5.149  28.400 1.0000000000
67942  44.204  -5.840  28.555 1.0000000000
133011  44.831  -7.364  29.163 1.0000000000
70116  44.618  -3.560  27.481 1.0000000000
67943  43.826  -5.504  28.018 1.0000000000
70128  43.783  -4.002  26.334 1.0000000000
70129  43.160  -4.319  25.995 0.8888890147
70145  44.129  -3.768  26.093 1.0000000000
70146  43.437  -4.137  25.968 0.8888890147
70160  43.370  -4.226  25.496 0.8888890147
70161  42.439  -4.567  25.159 0.7777780294
69092  43.773  -4.568  24.575 0.8888890147
69093  42.785  -4.658  24.822 0.8888890147
140526  43.781  -5.207  23.906 0.6666669846
69109  42.245  -5.196  24.275 0.6666669846
69094  42.122  -4.863  24.866 0.6666669846
67995  43.295  -5.907  23.578 0.5555559993
66933  42.682  -6.403  23.085 0.5555559993
68998  50.240  -4.400  31.521 0.4444440007
68999  49.599  -4.478  31.350 0.4444440007
70048  49.746  -2.977  31.161 0.5555559993
70049  49.330  -3.652  31.213 0.4444440007
69021  47.684  -4.267  30.637 0.4444440007
67921  47.525  -5.181  30.372 0.5555559993
67922  46.811  -5.350  30.084 0.5555559993
69022  46.932  -4.383  30.275 0.7777780294
66843  46.824  -6.360  29.780 0.7777780294
66844  46.023  -6.521  29.521 0.8888890147
69037  46.216  -4.506  29.888 0.7777780294
67933  46.083  -5.517  29.771 0.7777780294
138366  45.807  -7.449  29.368 0.8888890147
71191  45.771  -2.828  28.149 1.0000000000
70110  45.573  -3.216  28.642 1.0000000000
70096  45.807  -3.775  29.357 1.0000000000
69038  45.545  -4.699  29.433 1.0000000000
67934  45.365  -5.652  29.405 1.0000000000
70115  45.209  -3.065  27.899 1.0000000000
70111  44.995  -3.515  28.229 1.0000000000
66845  45.176  -6.562  29.280 1.0000000000
70126  45.478  -3.005  26.986 1.0000000000
69048  44.563  -4.196  28.195 1.0000000000
125308  44.989  -3.161  27.219 1.0000000000
70127  44.373  -3.540  26.752 1.0000000000
70144  45.075  -3.601  25.799 1.0000000000
128645  44.917  -3.329  26.583 1.0000000000
70159  44.390  -4.006  25.228 1.0000000000
69107  44.417  -4.895  23.966 0.7777780294
140522  44.473  -5.819  23.450 0.5555559993
66949  43.030  -6.580  22.395 0.4444440007
66948  43.957  -6.750  22.291 0.3333329856
71146  50.025  -2.207  30.868 0.3333329856
72112  49.699  -1.605  29.829 0.7777780294
72084  49.447  -1.882  30.383 0.6666669846
71148  48.297  -2.569  30.459 0.5555559993
70072  47.893  -3.322  30.726 0.4444440007
71188  48.282  -1.870  28.935 0.7777780294
71171  48.049  -2.054  29.834 0.7777780294
70073  47.213  -3.596  30.357 0.6666669846
70095  46.557  -3.490  29.817 0.7777780294
136840  47.746  -2.628  27.179 1.0000000000
71202  47.399  -2.322  28.188 1.0000000000
71172  47.350  -2.764  30.039 0.7777780294
71173  46.689  -2.764  29.296 0.8888890147
136745  46.950  -2.689  27.420 1.0000000000
71203  46.392  -2.625  27.993 1.0000000000
71190  46.187  -2.766  28.671 1.0000000000
70142  47.628  -3.233  25.582 0.8888890147
70124  47.923  -2.889  26.357 1.0000000000
70125  47.018  -3.008  26.518 1.0000000000
71214  46.216  -2.863  27.144 1.0000000000
126650  47.151  -3.519  25.000 1.0000000000
70143  46.689  -3.421  25.614 1.0000000000
124377  45.893  -3.233  26.319 1.0000000000
70157  46.424  -3.775  24.731 0.7777780294
125203  45.913  -3.610  25.488 1.0000000000
70158  45.400  -3.902  24.934 0.7777780294
69091  44.841  -4.404  24.432 0.8888890147
70156  47.250  -3.701  24.324 0.6666669846
70172  46.690  -4.131  23.854 0.7777780294
69106  45.226  -4.964  23.766 0.7777780294
69090  45.796  -4.266  24.114 0.6666669846
69105  46.217  -4.914  23.384 0.5555559993
67994  45.513  -5.611  23.261 0.5555559993
68013  45.292  -6.264  22.806 0.5555559993
68014  44.469  -6.516  22.797 0.4444440007
70108  52.302  -3.089  28.792 0.3333329856
71168  51.901  -2.493  29.237 0.3333329856
71169  51.598  -2.152  29.538 0.3333329856
72111  50.526  -1.658  29.796 0.4444440007
72128  51.276  -1.682  28.221 0.7777780294
72124  49.950  -1.555  29.116 0.6666669846
72125  49.174  -1.686  29.226 0.7777780294
71199  50.468  -1.858  27.334 0.7777780294
71200  49.431  -2.017  27.493 0.7777780294
71213  49.721  -2.293  26.574 1.0000000000
146519  48.697  -2.527  26.730 1.0000000000
71201  48.433  -2.138  27.816 1.0000000000
71231  49.189  -2.656  25.984 0.7777780294
70155  48.340  -3.249  24.985 0.7777780294
144787  47.696  -3.451  24.794 0.7777780294
125331  48.069  -3.503  24.092 0.7777780294
70171  47.455  -3.946  23.573 0.7777780294
68012  46.194  -5.840  22.763 0.5555559993
66946  45.983  -6.543  22.147 0.4444440007
143031  46.001  -6.637  21.321 0.4444440007
66976  45.628  -6.309  20.750 0.2222220004
69045  51.883  -3.816  28.601 0.2222220004
70107  53.073  -2.948  28.140 0.4444440007
71185  52.396  -2.413  28.691 0.5555559993
69044  52.870  -3.593  28.109 0.3333329856
128795  52.238  -1.938  28.150 0.6666669846
71230  49.970  -2.535  25.628 1.0000000000
70140  49.119  -2.922  25.240 0.7777780294
125517  48.966  -3.203  24.367 0.7777780294
130142  48.788  -3.528  23.509 0.7777780294
144268  48.094  -3.813  23.317 0.6666669846
69104  47.023  -4.522  23.284 0.5555559993
66945  47.013  -6.043  22.138 0.4444440007
66973  48.770  -6.010  20.575 0.4444440007
66957  48.408  -6.071  21.229 0.4444440007
66974  47.896  -6.039  20.520 0.3333329856
66958  47.490  -6.243  21.347 0.3333329856
66959  46.657  -6.476  21.440 0.4444440007
66972  49.597  -5.857  20.133 0.4444440007
68053  48.655  -5.778  19.985 0.2222220004
66975  46.934  -6.189  20.688 0.3333329856
140144  46.282  -6.381  20.811 0.3333329856
145644  49.324  -5.411  19.531 0.2222220004
68054  47.863  -5.445  19.892 0.2222220004
71197  52.943  -2.418  27.857 0.4444440007
70114  53.448  -3.455  27.408 0.3333329856
143834  52.489  -2.050  27.249 0.6666669846
71229  50.986  -2.365  25.617 0.8888890147
143270  50.470  -2.631  24.994 0.6666669846
70154  49.780  -2.877  24.694 0.7777780294
70170  49.725  -3.204  23.718 0.7777780294
70189  48.556  -3.994  22.777 0.6666669846
69103  47.733  -4.471  22.856 0.6666669846
69128  48.435  -4.791  22.285 0.6666669846
68011  47.738  -5.386  22.275 0.6666669846
66956  49.254  -5.977  20.908 0.5555559993
68025  48.408  -5.549  21.796 0.5555559993
68026  47.812  -5.891  21.747 0.4444440007
125832  48.504  -5.094  19.511 0.2222220004
68052  50.139  -5.607  19.478 0.3333329856
69168  49.130  -4.608  19.140 0.2222220004
69055  53.819  -3.976  26.742 0.2222220004
71227  53.013  -2.429  25.925 0.5555559993
141337  52.510  -2.205  26.422 0.5555559993
147172  52.521  -2.462  25.262 0.6666669846
71211  51.713  -2.085  26.402 0.6666669846
127388  52.122  -2.573  24.610 0.6666669846
70153  50.503  -2.824  24.256 0.6666669846
70169  51.312  -2.755  23.962 0.6666669846
136506  50.632  -3.048  23.409 0.6666669846
125313  50.081  -3.398  22.943 0.6666669846
70188  49.367  -3.660  22.862 0.6666669846
145533  49.657  -4.687  21.790 0.6666669846
69127  49.156  -4.287  22.240 0.6666669846
143308  50.320  -5.416  20.920 0.6666669846
68024  49.670  -5.431  21.286 0.6666669846
130876  48.970  -5.728  21.400 0.6666669846
68038  49.952  -5.776  20.625 0.5555559993
66971  50.269  -5.864  20.155 0.4444440007
66981  50.364  -5.827  19.845 0.4444440007
68062  49.931  -4.978  19.053 0.2222220004
69179  48.945  -3.679  18.869 0.1111110002
71196  53.502  -2.875  27.342 0.2222220004
70123  53.920  -3.244  26.714 0.2222220004
71210  53.715  -2.781  26.507 0.3333329856
142394  53.142  -2.410  26.952 0.5555559993
70122  54.240  -3.661  25.964 0.2222220004
71209  54.251  -3.022  26.006 0.2222220004
71226  53.785  -2.711  25.612 0.4444440007
71239  53.030  -2.578  25.019 0.5555559993
71251  52.917  -2.657  24.006 0.6666669846
142805  52.039  -2.733  23.730 0.6666669846
70186  51.503  -2.979  23.046 0.6666669846
70187  50.756  -3.451  22.656 0.6666669846
70203  51.742  -3.842  21.812 0.5555559993
130903  51.403  -3.478  22.372 0.6666669846
70204  50.917  -3.899  21.902 0.6666669846
69126  50.016  -3.920  22.196 0.7777780294
69145  50.412  -4.736  21.462 0.6666669846
68037  50.601  -5.733  20.412 0.4444440007
66970  50.847  -5.907  19.927 0.4444440007
68051  50.867  -5.745  19.432 0.4444440007
68061  50.708  -5.333  18.930 0.4444440007
69178  49.735  -4.091  18.706 0.1111110002
70139  54.389  -3.326  25.447 0.2222220004
70138  54.595  -3.732  25.182 0.2222220004
71225  54.312  -2.987  25.197 0.3333329856
71237  54.475  -2.883  24.321 0.3333329856
130366  54.974  -4.102  24.771 0.2222220004
71238  53.774  -2.708  24.677 0.3333329856
144426  55.365  -5.086  24.128 0.2222220004
71250  53.865  -2.710  23.764 0.6666669846
136350  53.249  -2.740  23.220 0.6666669846
71263  52.457  -2.830  23.097 0.6666669846
127007  52.119  -3.264  22.407 0.6666669846
69143  52.191  -4.431  21.231 0.5555559993
69144  51.326  -4.539  21.321 0.5555559993
69156  51.755  -5.183  20.724 0.5555559993
69157  50.954  -5.238  20.824 0.5555559993
68050  51.618  -5.840  19.530 0.4444440007
68036  52.102  -5.721  20.110 0.4444440007
128407  51.321  -5.773  20.258 0.4444440007
68060  51.491  -5.619  18.835 0.4444440007
68069  52.099  -5.285  18.168 0.4444440007
69176  51.316  -5.000  18.365 0.4444440007
69177  50.525  -4.547  18.524 0.4444440007
71224  54.731  -3.323  24.732 0.3333329856
69089  55.426  -4.385  24.187 0.2222220004
70152  55.249  -3.646  24.204 0.3333329856
71236  55.132  -3.003  23.937 0.3333329856
67986  55.515  -5.562  23.808 0.2222220004
70167  55.963  -3.855  23.539 0.2222220004
67993  55.857  -5.756  23.287 0.2222220004
137737  55.846  -4.885  23.589 0.2222220004
70185  53.090  -3.033  22.419 0.6666669846
70202  52.597  -3.694  21.775 0.6666669846
69142  53.154  -4.267  21.150 0.6666669846
69155  52.591  -5.096  20.597 0.4444440007
68035  52.847  -5.611  19.884 0.6666669846
136191  52.363  -5.841  19.478 0.5555559993
68049  52.891  -5.809  19.180 0.5555559993
68059  52.360  -5.748  18.763 0.5555559993
69186  51.870  -4.560  17.701 0.4444440007
69187  51.141  -4.091  18.014 0.4444440007
72214  50.590  -1.536  17.523 0.1111110002
136997  56.226  -5.163  22.864 0.2222220004
69102  56.188  -4.451  23.031 0.2222220004
71248  55.447  -2.839  23.135 0.4444440007
71261  54.898  -2.789  22.478 0.4444440007
146748  56.608  -5.250  22.263 0.2222220004
71262  53.971  -2.749  22.886 0.6666669846
66955  56.806  -6.442  21.085 0.3333329856
70184  54.000  -3.052  22.070 0.6666669846
70200  54.740  -3.225  21.692 0.6666669846
131343  57.083  -6.210  20.310 0.3333329856
70201  53.989  -3.719  21.417 0.6666669846
70212  53.926  -4.318  20.826 0.5555559993
69154  53.420  -4.951  20.378 0.5555559993
68048  53.612  -5.338  19.465 0.5555559993
68047  54.007  -5.187  18.741 0.5555559993
68058  53.277  -5.617  18.482 0.5555559993
68066  53.950  -5.235  17.969 0.5555559993
68067  53.394  -5.351  17.700 0.5555559993
68068  52.822  -5.415  17.915 0.5555559993
73221  49.753  -0.452  18.702 0.1111110002
69185  52.585  -4.903  17.374 0.4444440007
72204  50.131  -0.965  18.017 0.1111110002
70238  51.609  -3.578  17.292 0.4444440007
71290  50.563  -2.520  17.695 0.1111110002
71285  49.976  -1.890  17.967 0.1111110002
70237  52.324  -4.193  16.917 0.4444440007
138474  51.180  -2.783  17.340 0.1111110002
71289  51.095  -2.084  17.105 0.1111110002
71299  51.673  -2.679  16.859 0.1111110002
71247  56.061  -3.164  22.955 0.3333329856
131824  56.323  -3.844  22.692 0.3333329856
69125  56.509  -4.552  22.426 0.2222220004
71260  55.738  -2.925  22.357 0.3333329856
68009  56.763  -5.784  21.765 0.3333329856
70183  56.222  -3.415  22.155 0.3333329856
71268  55.396  -2.975  21.896 0.4444440007
124403  55.339  -3.349  21.398 0.5555559993
68023  57.030  -5.500  20.965 0.3333329856
70199  55.966  -3.223  21.543 0.4444440007
70209  56.345  -3.608  20.818 0.5555559993
70211  54.759  -3.862  20.930 0.5555559993
127940  56.102  -3.747  20.163 0.5555559993
69153  54.268  -4.638  20.195 0.5555559993
69152  55.239  -4.156  20.043 0.5555559993
69167  54.504  -4.746  19.360 0.5555559993
69184  54.499  -4.839  17.470 0.5555559993
68081  53.833  -5.151  17.145 0.5555559993
73213  50.444  0.230  19.606 0.1111110002
69199  53.710  -4.828  16.396 0.4444440007
68082  53.215  -5.091  17.129 0.4444440007
73220  50.623  -0.135  18.518 0.1111110002
70252  52.667  -3.885  16.285 0.4444440007
71309  52.782  -3.232  15.838 0.3333329856
70253  52.214  -3.358  16.570 0.4444440007
70182  56.661  -3.974  21.957 0.3333329856
69124  56.907  -4.753  21.672 0.3333329856
69141  57.039  -4.600  20.775 0.3333329856
70197  56.859  -4.118  21.313 0.3333329856
68034  57.225  -5.272  20.025 0.3333329856
138938  57.590  -6.106  18.766 0.3333329856
145768  57.550  -6.843  17.642 0.2222220004
70221  55.852  -3.891  19.375 0.4444440007
70228  55.510  -4.012  18.549 0.4444440007
69183  55.139  -4.318  17.847 0.5555559993
69197  55.085  -4.346  17.061 0.5555559993
70251  55.790  -3.883  16.763 0.5555559993
69208  54.972  -4.297  16.164 0.5555559993
69198  54.355  -4.807  16.586 0.5555559993
69226  54.894  -4.009  15.296 0.5555559993
69209  54.262  -4.475  15.792 0.4444440007
69211  53.099  -3.918  15.868 0.4444440007
69210  53.674  -4.211  15.666 0.4444440007
70265  53.377  -3.557  15.326 0.4444440007
69227  54.261  -3.964  15.054 0.4444440007
69228  53.826  -3.752  14.975 0.4444440007
70277  54.243  -3.531  14.441 0.4444440007
70290  54.723  -3.297  13.743 0.4444440007
69151  57.073  -4.388  19.968 0.3333329856
68045  57.478  -5.386  19.169 0.3333329856
66983  57.691  -6.064  18.014 0.3333329856
148085  56.583  -3.800  20.205 0.4444440007
133148  57.616  -6.135  17.181 0.2222220004
70220  56.518  -3.784  19.545 0.4444440007
70227  56.912  -3.866  18.966 0.4444440007
139818  56.314  -3.784  18.707 0.4444440007
146670  57.532  -6.219  16.375 0.1111110002
70236  55.890  -3.856  17.745 0.4444440007
70250  56.517  -3.632  16.502 0.5555559993
70264  55.743  -3.798  15.876 0.5555559993
124332  55.749  -3.691  14.911 0.5555559993
126556  56.734  -3.377  14.743 0.5555559993
70274  56.921  -3.286  13.737 0.5555559993
70275  55.881  -3.585  13.895 0.5555559993
70276  54.936  -3.725  14.292 0.4444440007
70289  55.333  -3.409  13.356 0.4444440007
70288  56.091  -3.411  12.952 0.5555559993
68046  57.286  -4.760  19.440 0.3333329856
69165  57.161  -4.186  19.230 0.3333329856
69164  57.428  -4.686  18.809 0.3333329856
70219  56.861  -3.960  19.756 0.4444440007
68057  57.633  -5.341  18.424 0.3333329856
69173  57.491  -4.613  18.039 0.4444440007
69174  57.241  -4.078  18.471 0.4444440007
128345  56.847  -3.769  18.006 0.4444440007
68080  57.521  -5.311  16.585 0.3333329856
69181  57.454  -4.544  17.156 0.4444440007
69182  57.277  -4.000  17.617 0.4444440007
66999  57.462  -6.142  15.638 0.3333329856
70234  56.986  -3.723  17.077 0.4444440007
69196  57.372  -4.403  16.170 0.4444440007
70248  57.312  -3.802  15.730 0.4444440007
70235  56.480  -3.713  17.240 0.4444440007
70249  57.037  -3.612  16.209 0.4444440007
70263  56.585  -3.509  15.655 0.5555559993
70262  57.246  -3.410  15.344 0.5555559993
71318  57.852  -2.940  13.723 0.4444440007
70287  57.023  -3.232  12.532 0.5555559993
149602  57.515  -5.626  15.867 0.3333329856
68097  57.536  -4.885  15.587 0.4444440007
68096  57.690  -5.375  15.194 0.3333329856
68113  58.122  -5.158  14.570 0.3333329856
70261  57.750  -3.405  14.882 0.4444440007
129019  57.609  -3.105  14.541 0.4444440007
71327  57.911  -3.002  12.750 0.4444440007
69206  58.017  -4.495  14.850 0.4444440007
69207  57.647  -4.059  15.194 0.4444440007
69242  58.678  -4.182  13.535 0.3333329856
69225  58.469  -4.261  14.278 0.3333329856
70260  58.237  -3.576  14.483 0.4444440007
69253  58.719  -4.176  12.545 0.2222220004
70273  58.161  -3.010  14.291 0.4444440007
69263  58.679  -4.248  11.459 0.2222220004
70272  58.379  -3.181  13.884 0.4444440007
71316  58.184  -3.141  13.007 0.4444440007
145797  58.534  -3.579  13.942 0.4444440007
70286  58.549  -3.442  13.100 0.4444440007
71339  58.197  -3.192  11.991 0.4444440007
40751  -8.345  -31.016  51.875 0.2222220004
42799  -5.531  -29.506  54.592 0.4444440007
40747  -6.983  -30.757  52.679 0.2222220004
43838  -4.192  -28.092  55.760 0.6666669846
37670  -0.173  -33.660  52.115 0.1111110002
38663  0.216  -33.026  52.312 0.1111110002
137172  -0.273  -32.949  52.412 0.1111110002
41729  -4.156  -30.113  54.951 0.4444440007
139353  -3.075  -29.609  55.641 0.5555559993
43847  -2.468  -28.940  55.742 0.6666669846
41730  -4.794  -29.645  54.840 0.4444440007
40741  -5.844  -30.833  53.497 0.3333329856
44823  -1.674  -27.392  56.090 0.6666669846
45872  -1.849  -26.882  56.084 0.5555559993
45873  -2.654  -26.795  55.891 0.5555559993
43848  -3.845  -28.930  55.776 0.6666669846
42789  -5.071  -28.988  55.046 0.4444440007
41742  -6.501  -30.430  53.263 0.3333329856
41744  -7.950  -29.751  53.160 0.4444440007
40750  -7.465  -31.089  52.082 0.2222220004
44829  4.970  -27.264  54.623 0.4444440007
139399  0.936  -29.390  53.647 0.2222220004
47998  6.050  -25.140  54.461 0.5555559993
44835  -0.693  -27.337  55.814 0.5555559993
43859  -6.727  -28.268  54.752 0.5555559993
40758  1.916  -31.170  50.583 0.1111110002
42793  3.325  -29.219  54.480 0.2222220004
138720  2.066  -30.434  51.639 0.1111110002
41739  1.762  -29.662  53.354 0.2222220004
41738  2.640  -29.996  53.167 0.2222220004
145287  1.143  -29.040  54.387 0.4444440007
48004  5.952  -24.913  54.418 0.4444440007
46910  4.915  -26.124  54.553 0.4444440007
45879  4.820  -26.824  54.568 0.4444440007
49042  5.949  -24.358  53.971 0.6666669846
48010  5.488  -24.542  53.296 0.4444440007
130689  6.547  -23.530  51.757 0.5555559993
42794  2.558  -29.077  54.646 0.3333329856
43842  2.491  -28.176  54.922 0.4444440007
49089  6.345  -23.614  50.029 0.5555559993
44836  -5.614  -27.250  55.011 0.5555559993
44837  -6.360  -27.142  55.002 0.4444440007
45896  2.017  -26.904  54.438 0.4444440007
50070  8.087  -22.924  52.225 0.5555559993
45930  1.677  -26.274  52.023 0.5555559993
50079  8.597  -22.663  51.450 0.6666669846
50090  8.256  -22.637  50.585 0.6666669846
128735  7.271  -22.690  47.130 0.6666669846
50103  8.989  -22.386  49.058 0.5555559993
132901  9.820  -22.385  48.840 0.5555559993
146395  8.024  -22.318  46.328 0.6666669846
125984  8.874  -22.627  45.019 0.5555559993
142841  8.187  -22.683  45.012 0.4444440007
49175  6.258  -24.275  44.344 0.4444440007
50133  11.073  -22.711  48.103 0.6666669846
124540  10.012  -22.338  46.876 0.6666669846
141331  9.894  -22.466  46.183 0.6666669846
127046  9.676  -22.711  44.951 0.6666669846
48055  18.202  -25.367  49.873 0.6666669846
126701  17.705  -25.100  49.936 0.7777780294
47001  18.091  -25.188  48.079 0.8888890147
47023  18.442  -25.449  46.617 0.8888890147
47025  17.187  -25.763  46.909 0.7777780294
124515  14.037  -23.510  48.880 0.7777780294
49126  13.253  -23.404  47.731 0.7777780294
49096  18.927  -23.718  48.984 0.6666669846
130797  17.150  -25.892  46.036 0.6666669846
137655  18.041  -25.652  44.465 0.6666669846
48104  14.560  -24.320  45.766 0.7777780294
47067  17.844  -25.550  43.749 0.7777780294
49159  13.226  -23.663  45.597 0.7777780294
49219  18.481  -23.587  41.552 0.6666669846
48155  18.001  -25.053  42.460 0.7777780294
49243  18.296  -23.066  39.919 0.5555559993
50086  19.122  -22.171  49.836 0.3333329856
143724  18.483  -22.281  42.562 0.7777780294
150477  18.656  -21.371  41.639 0.8888890147
52319  18.035  -20.027  40.269 0.8888890147
50253  17.904  -22.695  39.234 0.5555559993
51289  16.966  -21.807  37.528 0.4444440007
49263  17.242  -23.083  38.804 0.5555559993
52192  18.181  -20.134  48.614 0.4444440007
50183  17.709  -22.112  45.029 0.7777780294
126511  18.552  -20.646  42.928 0.7777780294
53394  18.375  -19.064  41.682 0.7777780294
54469  17.684  -18.332  39.294 0.8888890147
125736  18.182  -17.976  40.663 0.7777780294
54486  17.357  -18.552  38.463 0.7777780294
149139  17.104  -18.589  38.015 0.6666669846
54507  16.943  -18.685  37.502 0.4444440007
143498  19.378  -20.732  49.936 0.3333329856
55461  18.651  -17.817  47.455 0.5555559993
147093  18.560  -18.851  44.396 0.8888890147
55532  18.526  -17.446  40.465 0.8888890147
55481  18.750  -17.687  44.622 0.8888890147
55490  18.727  -17.669  43.359 0.7777780294
142553  20.983  -16.148  43.299 0.8888890147
53281  20.111  -19.218  49.653 0.2222220004
55442  19.971  -17.676  49.454 0.3333329856
56513  19.625  -16.383  47.513 0.5555559993
54358  19.278  -18.121  49.184 0.5555559993
54369  18.852  -17.860  48.483 0.6666669846
141397  19.057  -17.044  47.211 0.5555559993
56523  19.362  -16.635  46.501 0.6666669846
55515  20.946  -16.958  40.914 0.8888890147
55531  20.745  -17.114  40.094 0.8888890147
55571  21.318  -18.252  38.176 0.8888890147
56498  20.916  -16.360  49.430 0.4444440007
125929  20.873  -15.278  47.967 0.6666669846
57592  20.273  -15.756  44.695 0.7777780294
56548  21.109  -15.618  44.706 0.7777780294
146009  21.736  -16.409  43.280 0.8888890147
57552  21.008  -15.110  47.073 0.6666669846
57578  20.749  -15.516  45.445 0.7777780294
55499  23.724  -17.741  42.639 1.0000000000
127146  23.839  -19.016  38.019 0.8888890147
57551  22.238  -15.207  47.535 0.3333329856
56546  23.585  -16.665  44.721 0.6666669846
131563  25.623  -16.684  43.388 0.8888890147
56485  23.113  -16.540  50.046 0.3333329856
146898  24.697  -16.037  45.804 0.5555559993
57575  25.236  -15.945  45.455 0.5555559993
57589  26.933  -15.067  44.117 0.8888890147
58650  26.233  -15.076  45.972 0.3333329856
58649  27.170  -14.247  46.244 0.4444440007
58709  27.741  -14.883  41.521 0.8888890147
58660  27.201  -14.490  45.317 0.5555559993
58670  27.372  -14.580  44.464 0.7777780294
137178  27.397  -14.725  43.823 0.7777780294
58691  28.232  -14.357  41.957 0.8888890147
59759  30.460  -13.425  36.096 1.0000000000
59678  28.613  -13.819  42.597 0.8888890147
60693  29.921  -12.906  39.652 0.8888890147
61734  35.553  -11.907  35.211 1.0000000000
62736  36.717  -11.143  36.408 1.0000000000
61744  36.189  -11.284  34.059 1.0000000000
61696  33.656  -11.220  39.414 0.7777780294
62758  36.760  -11.041  34.569 1.0000000000
61838  34.391  -12.788  28.074 0.5555559993
62857  33.035  -11.379  25.865 0.2222220004
62674  32.926  -10.700  41.834 0.5555559993
62686  34.596  -10.438  40.487 0.5555559993
62671  35.006  -9.948  40.991 0.5555559993
62684  36.236  -10.251  40.196 0.6666669846
63687  38.609  -9.921  37.647 0.7777780294
126957  38.453  -9.775  38.998 0.4444440007
124695  38.083  -10.539  35.412 1.0000000000
61799  36.440  -12.416  30.184 0.7777780294
62845  35.498  -10.863  26.799 0.4444440007
63614  34.765  -9.695  42.327 0.5555559993
148502  38.170  -9.348  40.171 0.5555559993
64658  38.318  -8.309  41.687 0.4444440007
63645  38.427  -8.782  40.720 0.5555559993
63674  39.039  -9.267  38.841 0.5555559993
65667  39.847  -7.823  41.627 0.3333329856
65666  40.460  -7.820  41.422 0.2222220004
63713  38.742  -10.158  35.869 0.8888890147
63712  39.473  -10.002  35.480 0.8888890147
125950  38.354  -10.903  33.607 1.0000000000
62776  37.871  -11.133  32.979 1.0000000000
61834  37.746  -11.327  28.894 0.8888890147
62828  36.635  -11.388  28.084 0.5555559993
62867  34.333  -10.431  25.769 0.3333329856
63831  33.969  -9.795  25.184 0.2222220004
141681  36.255  -9.375  25.897 0.3333329856
63628  37.234  -9.139  41.218 0.4444440007
64674  37.794  -8.848  41.224 0.5555559993
63611  40.595  -9.072  42.098 0.1111110002
64639  41.025  -8.482  41.680 0.1111110002
65645  40.680  -7.959  41.575 0.1111110002
65646  40.056  -7.932  41.978 0.2222220004
65665  41.259  -8.012  41.224 0.1111110002
63627  41.841  -9.485  40.934 0.1111110002
65703  41.377  -7.353  39.905 0.2222220004
64708  40.715  -8.302  37.623 0.4444440007
62765  39.686  -10.463  33.817 1.0000000000
63710  40.849  -9.549  34.795 0.7777780294
62766  39.081  -10.824  33.356 1.0000000000
61777  39.516  -11.685  31.252 1.0000000000
61796  39.811  -11.592  30.475 1.0000000000
62812  39.944  -10.511  29.243 1.0000000000
62825  39.310  -10.321  28.873 1.0000000000
63828  37.056  -9.194  26.097 0.3333329856
63818  38.720  -9.035  26.863 0.5555559993
147158  38.048  -8.560  26.005 0.2222220004
63629  36.707  -9.140  41.635 0.4444440007
64642  37.304  -8.534  42.952 0.4444440007
127287  38.185  -8.220  42.522 0.4444440007
65664  42.092  -8.132  40.383 0.1111110002
63644  42.349  -9.769  40.276 0.1111110002
62669  42.246  -10.528  40.099 0.1111110002
66676  42.028  -7.391  40.009 0.1111110002
127351  41.928  -7.256  38.329 0.3333329856
64730  41.290  -8.921  35.430 0.7777780294
135709  43.144  -8.296  33.314 0.7777780294
63731  42.112  -9.227  33.072 0.7777780294
147926  40.955  -10.181  33.076 0.8888890147
63743  41.753  -10.349  32.067 0.8888890147
141594  41.190  -10.436  32.522 0.8888890147
62799  42.389  -10.717  30.376 1.0000000000
64622  39.115  -8.568  42.933 0.2222220004
65663  42.369  -8.321  40.138 0.1111110002
63659  43.329  -9.456  39.019 0.1111110002
64683  43.662  -8.623  38.534 0.1111110002
61703  43.714  -10.975  38.397 0.1111110002
62682  42.666  -10.355  39.716 0.1111110002
63643  42.864  -9.499  39.678 0.1111110002
64671  43.209  -8.689  39.211 0.1111110002
64672  42.684  -8.613  39.835 0.1111110002
66675  42.450  -7.523  39.595 0.1111110002
65753  45.035  -7.159  33.976 0.6666669846
63750  45.221  -9.200  30.608 0.8888890147
62796  44.062  -9.918  29.894 1.0000000000
62809  42.774  -10.408  29.878 1.0000000000
64843  38.568  -8.551  26.210 0.5555559993
66689  43.475  -7.420  38.544 0.2222220004
66690  42.834  -7.308  38.986 0.1111110002
143671  42.875  -7.138  38.794 0.3333329856
66765  48.270  -7.450  34.430 0.2222220004
143504  47.411  -7.147  35.333 0.3333329856
129723  46.306  -6.867  34.471 0.5555559993
66751  46.919  -6.950  35.804 0.3333329856
66753  45.201  -6.875  35.973 0.5555559993
66785  48.264  -7.037  33.570 0.3333329856
66784  49.058  -6.957  33.220 0.3333329856
66801  48.009  -6.877  32.795 0.3333329856
66829  47.966  -6.443  30.423 0.6666669846
64768  46.263  -8.117  31.184 0.7777780294
65864  41.959  -7.999  28.092 1.0000000000
65895  39.869  -7.718  26.019 0.3333329856
64693  44.828  -8.034  37.701 0.2222220004
65723  45.537  -7.401  37.159 0.3333329856
66736  47.061  -7.155  36.223 0.3333329856
66738  45.792  -7.005  36.690 0.5555559993
66722  45.425  -7.041  37.023 0.5555559993
64715  47.424  -7.740  35.592 0.2222220004
66782  50.217  -6.716  32.860 0.3333329856
67887  49.990  -5.663  32.233 0.4444440007
66855  44.401  -6.492  28.927 1.0000000000
66857  43.233  -6.825  28.169 1.0000000000
69061  43.173  -4.703  26.524 0.8888890147
69060  43.685  -4.322  27.021 0.8888890147
66884  42.227  -6.306  26.681 0.8888890147
65883  41.763  -7.577  27.420 0.8888890147
67963  42.114  -5.359  25.765 0.7777780294
66887  40.255  -7.020  25.521 0.4444440007
66902  39.773  -6.677  25.016 0.4444440007
69095  41.735  -5.320  24.766 0.6666669846
67979  39.561  -6.193  24.465 0.3333329856
67906  51.068  -5.031  31.771 0.3333329856
67886  50.477  -5.171  31.961 0.3333329856
67920  48.216  -5.053  30.765 0.4444440007
142196  48.933  -5.017  31.132 0.4444440007
69047  45.166  -3.987  28.863 1.0000000000
67935  44.686  -5.751  29.004 1.0000000000
70117  43.991  -3.855  26.879 1.0000000000
69108  42.993  -5.123  24.117 0.7777780294
67996  42.394  -5.837  23.658 0.6666669846
66932  43.627  -6.501  22.989 0.3333329856
135263  49.898  -3.774  31.332 0.5555559993
69020  48.602  -4.109  31.042 0.4444440007
146541  48.780  -3.091  31.041 0.5555559993
71147  49.170  -2.394  30.771 0.5555559993
128914  50.317  -3.609  31.207 0.3333329856
70109  46.092  -3.104  29.217 0.8888890147
72083  50.250  -1.818  30.370 0.4444440007
71187  49.214  -1.757  28.453 0.7777780294
72085  48.721  -2.061  30.273 0.5555559993
71189  47.361  -2.272  29.185 0.7777780294
70141  48.483  -2.923  25.804 0.8888890147
66947  44.935  -6.760  22.249 0.4444440007
149880  51.983  -2.200  29.170 0.5555559993
71186  51.831  -1.892  29.074 0.6666669846
72110  51.211  -1.906  29.721 0.3333329856
72123  50.910  -1.620  29.092 0.6666669846
72129  50.205  -1.638  28.260 0.7777780294
68041  45.240  -5.587  20.374 0.2222220004
71198  51.537  -1.851  27.295 0.7777780294
71212  50.711  -2.141  26.442 0.7777780294
69129  47.001  -5.242  22.799 0.5555559993
68039  47.119  -5.637  20.164 0.3333329856
71228  51.998  -2.347  25.558 0.6666669846
71240  51.210  -2.572  24.822 0.6666669846
69146  49.045  -5.097  21.794 0.6666669846
71249  54.683  -2.762  23.423 0.4444440007
136125  53.355  -3.532  21.754 0.6666669846
66944  56.438  -6.717  21.792 0.2222220004
70210  55.671  -3.611  20.832 0.5555559993
69166  55.188  -4.262  19.168 0.4444440007
69175  54.699  -4.694  18.444 0.4444440007
132071  53.027  -4.536  16.452 0.4444440007
70198  56.485  -3.715  21.415 0.3333329856
70208  56.789  -3.962  20.620 0.4444440007
68065  57.635  -5.311  17.594 0.4444440007
70233  57.269  -3.928  16.698 0.4444440007
71317  58.178  -2.997  13.721 0.4444440007
68126  58.570  -5.063  12.995 0.2222220004
43863  -8.212  -28.334  53.823 0.4444440007
43860  -7.488  -27.816  54.384 0.1111110002
45904  -8.173  -26.407  53.916 0.1111110002
43852  -6.903  -27.413  54.919 0.2222220004
45891  -6.858  -26.728  54.783 0.2222220004
44841  -7.492  -26.952  54.420 0.1111110002
45902  -6.679  -26.249  54.436 0.2222220004
45903  -7.382  -26.297  54.245 0.1111110002
46934  -6.491  -25.864  53.994 0.2222220004
45890  -6.103  -26.727  54.774 0.2222220004
46935  -7.309  -25.795  53.718 0.1111110002
46948  -6.317  -25.717  53.444 0.1111110002
45889  -5.067  -26.845  54.897 0.3333329856
45901  -5.093  -25.872  53.941 0.2222220004
46933  -5.591  -25.934  54.194 0.2222220004
46919  -5.807  -26.306  54.514 0.2222220004
45918  -4.998  -26.189  52.947 0.1111110002
45919  -5.779  -25.782  53.257 0.1111110002
126733  -5.260  -26.494  51.613 0.1111110002
45920  -6.283  -25.554  52.559 0.1111110002
133499  -5.961  -26.188  51.145 0.1111110002
46918  -4.849  -26.302  54.708 0.4444440007
45900  -4.310  -26.010  54.119 0.3333329856
45917  -3.819  -26.339  53.310 0.3333329856
45936  -4.268  -26.682  52.135 0.2222220004
44873  -3.815  -27.401  50.523 0.1111110002
44860  -4.562  -27.050  51.096 0.1111110002
44889  -3.027  -27.694  49.955 0.1111110002
126350  -2.368  -27.761  49.505 0.1111110002
44890  -3.807  -27.288  49.780 0.1111110002
44891  -4.498  -26.910  49.986 0.1111110002
44916  -2.216  -27.415  48.856 0.1111110002
127882  -2.838  -27.528  49.273 0.1111110002
45935  -3.193  -26.697  52.549 0.5555559993
44858  -2.558  -27.112  51.939 0.4444440007
44859  -3.592  -27.209  51.501 0.1111110002
149289  -1.766  -26.814  52.294 0.4444440007
44872  -2.843  -27.539  50.928 0.3333329856
44902  -1.967  -27.772  49.034 0.1111110002
45992  -1.727  -27.108  48.498 0.1111110002
126761  -1.231  -27.497  48.630 0.1111110002
45898  -2.443  -25.968  54.588 0.4444440007
46916  -3.062  -25.921  55.104 0.4444440007
45915  -1.855  -26.200  53.836 0.5555559993
45916  -2.789  -26.325  53.606 0.4444440007
45934  -2.230  -26.563  52.866 0.5555559993
45950  -0.686  -27.006  51.328 0.4444440007
126194  -1.241  -27.582  50.443 0.4444440007
127698  -2.163  -27.755  50.268 0.3333329856
44888  -1.678  -27.810  49.571 0.3333329856
126115  -0.310  -27.687  49.405 0.4444440007
44887  -0.947  -27.722  49.729 0.3333329856
125446  -1.140  -27.828  49.045 0.2222220004
127685  -0.346  -27.673  48.680 0.1111110002
44928  -0.213  -27.381  48.167 0.1111110002
44915  0.544  -27.581  48.283 0.2222220004
47019  -0.075  -26.594  47.920 0.1111110002
145582  -1.360  -26.416  53.054 0.5555559993
135576  -0.463  -26.320  53.138 0.4444440007
45933  -1.013  -26.665  52.219 0.5555559993
45964  0.555  -26.929  50.625 0.4444440007
44886  0.476  -27.378  49.864 0.4444440007
130498  1.065  -27.657  48.784 0.4444440007
44914  1.447  -27.618  48.289 0.3333329856
46005  0.826  -26.948  47.483 0.1111110002
46004  1.685  -27.014  47.181 0.1111110002
47029  2.600  -25.843  46.120 0.1111110002
138858  -0.931  -26.098  54.007 0.4444440007
45897  -1.508  -25.886  54.792 0.5555559993
45948  1.087  -26.575  51.268 0.4444440007
45931  0.820  -26.389  52.161 0.5555559993
45963  1.294  -26.883  50.323 0.5555559993
45976  1.746  -27.074  49.684 0.5555559993
45975  2.361  -26.983  49.392 0.4444440007
46002  3.295  -26.823  47.094 0.3333329856
46003  2.507  -27.218  47.535 0.4444440007
44925  1.831  -27.491  47.753 0.4444440007
46001  4.078  -26.536  46.883 0.3333329856
46015  2.860  -26.480  46.375 0.3333329856
139753  2.466  -26.855  46.891 0.3333329856
47043  4.571  -25.873  45.480 0.4444440007
46022  3.951  -26.168  45.795 0.3333329856
47028  3.307  -26.080  45.861 0.2222220004
47058  5.048  -25.469  44.887 0.3333329856
47044  3.782  -25.749  45.333 0.2222220004
144883  4.781  -25.058  44.463 0.3333329856
47059  4.320  -25.386  44.855 0.3333329856
48121  3.583  -24.979  45.021 0.2222220004
48107  3.000  -24.520  45.524 0.1111110002
46947  -0.027  -26.082  54.079 0.4444440007
45914  0.551  -26.268  53.225 0.4444440007
45962  2.205  -26.681  50.259 0.5555559993
47004  3.725  -26.519  48.632 0.5555559993
45990  3.229  -26.976  48.084 0.5555559993
45989  4.064  -26.496  47.791 0.5555559993
46013  4.380  -26.251  46.249 0.4444440007
47042  5.262  -25.622  45.466 0.3333329856
48120  5.595  -25.255  45.129 0.3333329856
48132  5.506  -24.868  44.466 0.3333329856
48133  4.799  -24.388  44.114 0.3333329856
48134  4.143  -24.632  44.504 0.2222220004
49164  3.491  -23.938  44.877 0.2222220004
49176  5.520  -24.114  43.845 0.3333329856
49178  4.198  -23.759  44.282 0.2222220004
50187  4.301  -22.803  44.052 0.2222220004
49195  4.860  -22.855  43.476 0.2222220004
48105  6.139  -24.719  45.153 0.4444440007
49193  6.218  -23.779  43.556 0.3333329856
50204  6.059  -23.071  42.949 0.2222220004
49194  5.426  -23.379  43.294 0.2222220004
49233  17.137  -23.940  40.072 0.4444440007
49234  16.187  -24.029  39.828 0.3333329856
50219  6.181  -22.269  42.396 0.2222220004
51203  5.149  -21.357  43.169 0.1111110002
49245  16.794  -23.646  39.288 0.4444440007
149456  15.975  -23.782  39.126 0.3333329856
49264  16.292  -23.440  38.449 0.3333329856
49265  15.249  -23.757  38.574 0.3333329856
50280  16.841  -22.482  37.698 0.3333329856
50262  16.865  -22.899  38.138 0.3333329856
140404  15.552  -23.485  37.847 0.3333329856
129317  14.855  -23.653  37.770 0.2222220004
143612  16.443  -22.365  37.036 0.3333329856
49289  16.164  -23.025  37.531 0.3333329856
50301  15.070  -22.612  36.078 0.3333329856
49290  15.123  -23.236  37.087 0.2222220004
47069  16.164  -25.424  43.453 0.5555559993
48142  15.333  -25.023  43.938 0.5555559993
47083  16.470  -25.365  42.793 0.5555559993
48157  15.538  -24.935  42.835 0.5555559993
125435  16.255  -24.989  42.080 0.4444440007
48158  14.729  -24.632  42.432 0.4444440007
48173  16.915  -24.887  41.419 0.4444440007
126395  15.297  -24.724  41.946 0.4444440007
125938  14.525  -24.562  41.844 0.4444440007
48174  15.891  -24.670  41.257 0.3333329856
48187  16.517  -24.436  40.606 0.4444440007
48175  14.897  -24.537  41.202 0.3333329856
141937  6.654  -22.895  42.736 0.2222220004
48205  14.677  -24.193  39.846 0.3333329856
48188  14.369  -24.364  40.487 0.3333329856
48189  13.430  -24.296  40.459 0.2222220004
49246  15.316  -23.977  39.497 0.3333329856
48206  13.919  -24.186  39.732 0.2222220004
49247  14.488  -23.965  39.143 0.2222220004
48223  13.627  -23.991  38.902 0.2222220004
52360  16.905  -20.878  37.303 0.3333329856
51290  16.587  -21.617  36.688 0.3333329856
50300  15.958  -22.212  36.285 0.3333329856
50281  15.747  -22.746  36.769 0.3333329856
53455  16.535  -19.612  36.067 0.3333329856
50332  14.927  -21.992  35.245 0.2222220004
52384  16.194  -20.255  35.407 0.3333329856
51317  16.000  -21.147  35.390 0.2222220004
51335  14.727  -21.281  34.713 0.2222220004
48129  14.868  -24.726  44.839 0.6666669846
149193  13.828  -23.896  45.479 0.5555559993
48130  14.036  -24.192  44.907 0.4444440007
134504  14.256  -24.452  44.077 0.4444440007
48131  13.329  -23.930  44.268 0.4444440007
48143  14.533  -24.588  43.160 0.4444440007
48145  12.727  -23.784  43.430 0.4444440007
48160  12.882  -23.975  42.488 0.4444440007
48159  13.857  -24.357  42.278 0.4444440007
49207  12.075  -23.701  42.769 0.3333329856
48176  13.975  -24.413  41.289 0.2222220004
143014  12.928  -24.191  41.364 0.2222220004
48161  12.110  -23.915  41.837 0.2222220004
48177  11.939  -24.038  40.917 0.2222220004
50202  8.033  -22.774  42.089 0.2222220004
144427  7.018  -22.554  42.142 0.2222220004
48207  13.045  -24.156  39.577 0.2222220004
48190  12.496  -24.190  40.284 0.2222220004
48208  12.184  -24.031  39.409 0.2222220004
49171  13.451  -23.838  45.028 0.6666669846
147206  12.430  -23.615  44.211 0.6666669846
49189  12.025  -23.591  43.547 0.3333329856
139443  11.621  -23.457  44.130 0.4444440007
49190  11.263  -23.497  43.169 0.3333329856
49208  11.398  -23.652  42.161 0.3333329856
144793  8.369  -22.852  43.146 0.2222220004
50235  7.488  -22.185  41.367 0.2222220004
49221  11.470  -23.824  41.394 0.2222220004
49222  10.807  -23.637  41.488 0.1111110002
50234  8.332  -22.547  40.990 0.2222220004
48191  11.661  -24.047  40.056 0.2222220004
49235  11.076  -23.855  40.643 0.2222220004
133279  10.280  -23.536  40.831 0.1111110002
48209  11.447  -23.771  39.356 0.2222220004
48192  11.059  -23.826  39.880 0.2222220004
49173  10.728  -23.257  44.012 0.4444440007
147504  10.208  -23.081  43.659 0.3333329856
49191  10.406  -23.224  43.162 0.2222220004
49192  9.748  -22.971  43.302 0.3333329856
50201  9.019  -22.925  42.704 0.2222220004
49209  10.621  -23.429  42.337 0.2222220004
50218  9.085  -23.022  41.570 0.1111110002
146791  9.624  -23.267  40.966 0.1111110002
50233  9.155  -22.854  40.643 0.2222220004
49236  10.476  -23.543  40.083 0.2222220004
49237  9.821  -23.177  40.331 0.1111110002
146682  10.075  -23.032  39.658 0.2222220004
54504  23.708  -19.237  37.288 0.5555559993
124537  22.992  -19.228  37.939 0.7777780294
54525  24.355  -18.954  36.741 0.5555559993
133315  22.289  -19.185  37.416 0.7777780294
53440  22.893  -19.467  37.005 0.5555559993
54527  22.063  -19.348  36.680 0.3333329856
54526  23.583  -19.410  36.361 0.4444440007
53454  22.756  -19.576  36.202 0.3333329856
53465  22.872  -19.616  35.508 0.3333329856
54570  22.460  -19.484  34.778 0.3333329856
139335  24.881  -18.407  37.856 0.6666669846
54503  24.397  -18.816  37.581 0.6666669846
54502  25.008  -18.373  37.080 0.5555559993
54524  24.864  -18.593  36.323 0.4444440007
134937  24.343  -18.987  35.785 0.4444440007
129425  24.775  -18.744  35.077 0.4444440007
54546  23.575  -19.457  35.546 0.5555559993
54567  25.442  -18.198  34.876 0.3333329856
54568  24.781  -18.672  34.282 0.3333329856
54589  23.948  -18.898  33.610 0.2222220004
53478  23.235  -19.535  34.942 0.2222220004
54569  23.144  -19.344  34.165 0.2222220004
55590  25.430  -17.805  37.763 0.7777780294
55603  25.365  -18.058  36.319 0.5555559993
54545  25.109  -18.443  35.677 0.4444440007
54588  24.844  -18.395  33.427 0.3333329856
55655  24.910  -18.025  32.780 0.2222220004
55589  26.038  -17.174  37.238 0.6666669846
134106  25.565  -17.742  36.929 0.5555559993
55616  25.603  -17.881  35.664 0.5555559993
55615  26.111  -17.420  35.209 0.4444440007
55633  25.945  -17.631  34.238 0.2222220004
54587  25.372  -18.193  34.006 0.2222220004
55654  25.583  -17.779  33.252 0.2222220004
56669  26.583  -16.697  36.642 0.6666669846
55602  25.973  -17.382  36.246 0.5555559993
148481  26.552  -16.918  35.150 0.5555559993
56688  26.544  -16.999  34.559 0.1111110002
130672  27.181  -16.185  36.923 0.6666669846
57705  27.547  -15.802  35.524 0.6666669846
56668  27.090  -16.263  36.062 0.5555559993
56677  26.981  -16.429  35.114 0.3333329856
148956  27.239  -16.105  37.451 0.7777780294
57694  27.693  -15.665  36.456 0.6666669846
57693  28.329  -15.088  36.518 0.7777780294
57704  28.110  -15.287  35.760 0.6666669846
143192  27.930  -15.416  35.090 0.3333329856
134904  28.443  -14.959  35.089 0.5555559993
57725  28.330  -15.182  33.717 0.4444440007
135343  28.786  -14.763  34.254 0.4444440007
57751  28.222  -15.279  32.864 0.3333329856
148151  27.910  -15.497  32.290 0.1111110002
58826  28.668  -14.745  35.866 0.6666669846
58848  28.825  -14.811  33.338 0.3333329856
58863  28.900  -14.759  32.426 0.2222220004
61800  35.620  -12.143  30.880 0.7777780294
61782  34.922  -11.875  31.678 0.7777780294
61801  34.635  -12.229  30.700 0.7777780294
61821  33.426  -12.695  29.710 0.7777780294
61839  32.171  -12.986  28.469 0.4444440007
128508  31.394  -12.723  27.690 0.3333329856
58862  29.508  -14.466  32.986 0.3333329856
58886  29.012  -14.648  31.410 0.3333329856
60772  31.474  -13.403  31.753 0.7777780294
59833  30.624  -13.871  30.717 0.5555559993
60797  29.606  -14.105  29.243 0.2222220004
61784  32.936  -12.388  31.053 0.6666669846
60783  31.995  -13.030  31.278 0.5555559993
60795  31.188  -13.601  30.112 0.5555559993
60796  30.433  -13.916  29.660 0.2222220004
61802  33.728  -12.336  30.519 0.6666669846
125722  33.327  -12.245  30.976 0.6666669846
61785  32.416  -12.702  30.803 0.6666669846
148824  31.689  -13.259  29.512 0.5555559993
61824  31.224  -13.380  28.943 0.2222220004
58885  29.653  -14.365  32.047 0.6666669846
59818  31.481  -13.578  32.496 0.7777780294
59834  29.814  -14.219  31.111 0.4444440007
67977  41.186  -6.206  25.002 0.4444440007
134870  41.551  -5.670  24.813 0.4444440007
69082  40.699  -5.988  24.285 0.4444440007
127026  39.124  -5.514  23.350 0.2222220004
128236  41.305  -5.719  23.966 0.5555559993
69111  40.328  -5.687  23.456 0.3333329856
69132  38.418  -4.698  22.362 0.2222220004
69130  39.709  -5.109  22.512 0.3333329856
69131  38.967  -4.890  22.413 0.2222220004
70191  37.882  -3.819  22.015 0.2222220004
71264  36.945  -2.304  22.054 0.1111110002
74215  37.654  0.994  26.364 0.1111110002
69110  41.874  -5.425  24.259 0.5555559993
74248  37.249  0.669  24.586 0.1111110002
67997  41.682  -5.771  23.710 0.5555559993
67998  41.026  -5.731  23.643 0.4444440007
68030  40.385  -5.162  22.114 0.2222220004
70206  38.469  -3.241  21.615 0.2222220004
73172  37.496  -0.347  22.716 0.1111110002
75117  39.528  1.400  28.191 0.1111110002
75152  39.174  1.742  25.799 0.1111110002
146707  38.116  1.131  26.806 0.1111110002
74230  37.791  1.183  25.418 0.1111110002
74247  38.112  1.234  24.471 0.1111110002
73154  38.052  0.428  23.071 0.1111110002
66934  42.025  -6.255  23.088 0.4444440007
68015  41.292  -5.984  23.001 0.3333329856
69149  39.980  -4.356  21.603 0.2222220004
71270  39.157  -2.582  21.236 0.2222220004
72177  38.591  -1.687  21.465 0.1111110002
127062  39.186  0.173  21.884 0.1111110002
69147  41.606  -5.332  21.423 0.2222220004
69148  40.902  -4.864  21.498 0.2222220004
125737  40.005  -3.273  21.065 0.2222220004
72176  39.494  -1.444  21.148 0.1111110002
73192  39.762  -0.403  21.307 0.1111110002
68027  42.837  -6.071  21.321 0.2222220004
70217  40.819  -3.880  21.000 0.2222220004
71269  40.170  -2.197  20.855 0.2222220004
72175  40.536  -1.010  20.834 0.2222220004
69162  41.698  -4.479  20.907 0.2222220004
135492  41.615  -3.397  20.608 0.2222220004
142021  40.857  -2.882  20.679 0.2222220004
66961  44.377  -6.681  21.548 0.2222220004
46932  -4.622  -26.048  54.585 0.2222220004
45974  3.098  -26.772  49.014 0.4444440007
47027  5.122  -25.843  46.174 0.4444440007
48128  15.664  -25.306  44.789 0.6666669846
58847  29.314  -14.499  33.723 0.5555559993
59819  30.945  -13.813  32.194 0.7777780294
60782  32.729  -12.619  31.582 0.6666669846
61766  33.364  -12.231  31.498 0.6666669846
61783  33.956  -12.027  31.247 0.6666669846
61781  35.973  -11.765  31.713 0.8888890147
66950  42.112  -6.231  22.470 0.2222220004
66963  42.644  -6.383  21.893 0.2222220004
66962  43.408  -6.537  21.627 0.2222220004
66960  45.310  -6.697  21.472 0.2222220004
52371  16.556  -20.710  36.234 0.3333329856
146591  -5.831  -25.941  52.079 0.1111110002
45952  -5.621  -26.265  50.709 0.1111110002
45899  -3.366  -26.053  54.354 0.4444440007
44874  -4.435  -27.133  50.414 0.1111110002
44903  -3.433  -27.223  49.333 0.1111110002
44904  -4.051  -26.944  49.672 0.1111110002
46998  -4.077  -26.565  49.832 0.1111110002
44857  -1.738  -27.309  51.382 0.5555559993
44871  -0.267  -27.358  50.393 0.4444440007
44901  0.425  -27.707  49.033 0.4444440007
44927  0.448  -27.333  47.841 0.1111110002
46006  0.096  -27.008  47.782 0.1111110002
45932  -0.093  -26.515  52.224 0.5555559993
45949  0.232  -26.747  51.329 0.5555559993
44885  1.132  -27.423  49.445 0.4444440007
44926  1.105  -27.394  47.716 0.2222220004
48109  1.897  -25.593  46.499 0.1111110002
47030  2.087  -26.368  46.612 0.1111110002
44900  1.714  -27.457  49.008 0.4444440007
44913  2.357  -27.358  48.428 0.4444440007
46014  3.658  -26.448  46.340 0.3333329856
47045  3.075  -25.403  45.571 0.1111110002
49177  4.792  -23.582  43.746 0.2222220004
51204  4.653  -22.070  43.527 0.1111110002
50205  5.381  -22.402  43.010 0.2222220004
127206  15.394  -24.370  40.372 0.3333329856
51302  16.193  -21.564  35.975 0.3333329856
51303  15.578  -21.918  35.535 0.2222220004
48144  13.598  -24.139  43.290 0.4444440007
49249  10.813  -23.450  39.443 0.2222220004
49210  9.799  -23.159  42.446 0.1111110002
49223  10.015  -23.366  41.586 0.1111110002
50245  9.501  -22.675  40.066 0.2222220004
126539  24.023  -19.197  34.761 0.4444440007
57780  28.285  -15.134  31.861 0.2222220004
61820  34.364  -12.621  29.834 0.6666669846
61822  32.546  -12.900  29.509 0.4444440007
61804  32.087  -12.935  30.005 0.4444440007
61823  31.848  -13.181  29.200 0.3333329856
142527  32.231  -12.667  27.582 0.2222220004
60784  31.370  -13.416  30.957 0.5555559993
136024  30.980  -13.693  31.442 0.5555559993
124475  30.378  -13.991  31.685 0.5555559993
59843  29.850  -14.164  30.182 0.4444440007
59835  29.289  -14.406  30.635 0.3333329856
61803  32.889  -12.555  30.430 0.6666669846
60794  31.813  -13.134  30.484 0.5555559993
60809  30.864  -13.639  29.218 0.2222220004
61805  31.538  -13.360  29.719 0.3333329856
60810  30.035  -13.726  28.764 0.2222220004
61825  30.394  -13.367  28.435 0.1111110002
69096  41.018  -5.833  24.163 0.4444440007
69097  40.010  -5.731  23.706 0.3333329856
131821  38.882  -5.187  22.754 0.2222220004
67988  39.755  -5.819  24.009 0.3333329856
69112  39.420  -5.407  23.039 0.3333329856
70190  38.629  -4.160  21.914 0.2222220004
68016  40.535  -5.564  22.858 0.4444440007
146043  39.206  -4.493  21.917 0.2222220004
71271  37.754  -2.805  21.795 0.2222220004
72166  37.178  -1.318  22.197 0.1111110002
72178  37.767  -1.904  21.727 0.1111110002
74196  38.297  0.908  27.507 0.1111110002
142227  37.459  0.361  23.546 0.1111110002
70205  39.209  -3.677  21.498 0.2222220004
141557  38.343  -2.435  21.538 0.2222220004
73171  38.384  -0.136  22.250 0.1111110002
72165  38.021  -1.019  21.905 0.1111110002
74213  38.796  1.503  26.823 0.1111110002
74214  38.311  1.410  26.071 0.1111110002
74229  38.641  1.513  25.148 0.1111110002
74231  37.170  0.683  25.796 0.1111110002
73155  37.807  0.853  23.834 0.1111110002
74261  38.479  1.073  23.578 0.1111110002
68029  41.197  -5.695  22.139 0.2222220004
73193  38.879  -0.751  21.590 0.1111110002
68028  42.078  -5.944  21.687 0.2222220004
68043  42.408  -5.250  20.991 0.2222220004
72189  41.102  -1.895  20.572 0.1111110002
146999  43.370  -6.150  21.132 0.2222220004
46953  15.925  -25.568  50.952 0.4444440007
45942  16.287  -26.354  50.943 0.4444440007
46963  18.460  -25.852  50.174 0.3333329856
46965  16.758  -26.072  50.868 0.4444440007
44866  15.988  -27.125  50.939 0.3333329856
44850  15.015  -27.229  51.205 0.2222220004
132011  17.165  -25.319  50.311 0.6666669846
43873  15.652  -27.806  50.823 0.2222220004
46954  15.100  -25.529  51.242 0.4444440007
144615  14.828  -26.233  51.403 0.3333329856
127138  16.201  -25.095  50.663 0.4444440007
45923  15.550  -26.596  51.124 0.4444440007
48069  16.935  -24.945  49.421 0.4444440007
43874  14.872  -28.042  50.958 0.2222220004
46955  14.379  -25.495  51.520 0.3333329856
125746  14.647  -25.128  51.360 0.5555559993
48038  15.258  -24.783  50.933 0.5555559993
48022  14.481  -24.778  51.339 0.5555559993
48070  16.024  -24.719  49.974 0.5555559993
49084  14.997  -24.188  50.696 0.5555559993
49097  15.250  -24.143  49.974 0.5555559993
48009  11.642  -24.733  52.820 0.3333329856
49036  11.390  -24.143  53.271 0.3333329856
46920  10.971  -24.376  53.619 0.3333329856
46942  9.678  -24.834  54.017 0.3333329856
46943  8.785  -24.996  54.130 0.3333329856
45892  7.750  -25.369  54.141 0.3333329856
148061  7.120  -25.906  54.159 0.3333329856
45894  6.388  -26.066  54.377 0.3333329856
48008  13.228  -24.819  51.736 0.4444440007
49034  12.643  -24.397  52.056 0.4444440007
49035  12.048  -24.270  52.601 0.3333329856
131040  11.896  -23.864  52.870 0.3333329856
48023  13.780  -24.679  51.555 0.4444440007
49056  13.222  -24.329  51.792 0.4444440007
141489  12.926  -23.875  51.948 0.4444440007
49085  14.242  -23.784  50.648 0.5555559993
49055  13.924  -24.444  51.490 0.5555559993
49071  13.605  -23.926  51.396 0.5555559993
148065  14.754  -23.877  50.309 0.6666669846
48081  14.870  -23.941  48.828 0.6666669846
47999  10.389  -24.173  54.067 0.3333329856
49019  9.979  -23.946  54.310 0.3333329856
46922  9.004  -24.491  54.456 0.3333329856
46923  8.179  -24.568  54.593 0.3333329856
46907  7.616  -24.467  54.585 0.3333329856
49059  11.198  -23.713  53.333 0.4444440007
49018  10.795  -23.924  53.989 0.3333329856
140433  9.292  -23.942  54.609 0.3333329856
128021  8.807  -24.109  54.754 0.3333329856
46924  7.144  -25.165  54.391 0.3333329856
136835  12.256  -23.487  52.173 0.4444440007
50067  10.701  -23.173  52.890 0.4444440007
49037  10.632  -23.634  53.681 0.3333329856
49020  8.665  -23.911  54.777 0.3333329856
49021  7.857  -23.914  54.738 0.4444440007
47997  6.944  -24.813  54.460 0.3333329856
49086  13.332  -23.364  50.572 0.6666669846
148158  11.777  -23.022  52.044 0.5555559993
49058  11.520  -23.339  52.572 0.5555559993
136259  10.338  -22.706  52.065 0.5555559993
49022  7.093  -24.012  54.614 0.3333329856
49098  14.365  -23.663  49.754 0.6666669846
148395  13.856  -23.469  50.131 0.6666669846
141278  12.564  -23.023  50.740 0.6666669846
49073  12.009  -22.880  51.384 0.5555559993
50076  11.165  -22.798  51.881 0.6666669846
49072  12.812  -23.388  51.422 0.6666669846
50087  11.203  -22.620  50.832 0.6666669846
50077  10.427  -22.541  51.227 0.6666669846
49087  12.612  -23.112  49.909 0.6666669846
49088  11.911  -22.843  50.346 0.6666669846
49099  13.445  -23.322  49.511 0.6666669846
141376  9.827  -22.491  50.717 0.6666669846
49101  11.887  -22.940  49.414 0.6666669846
50088  10.455  -22.541  50.311 0.6666669846
128534  9.627  -22.482  49.841 0.6666669846
53278  23.327  -18.732  49.315 0.1111110002
54357  21.617  -18.726  48.982 0.2222220004
126847  20.800  -18.724  49.358 0.3333329856
54348  21.378  -18.105  49.652 0.2222220004
139150  20.579  -18.243  49.557 0.3333329856
54346  23.376  -18.179  49.889 0.1111110002
54337  22.067  -17.615  49.991 0.1111110002
56487  21.442  -16.816  49.889 0.2222220004
53277  24.456  -19.157  49.337 0.1111110002
54345  24.129  -18.476  49.903 0.1111110002
54347  22.408  -18.165  49.592 0.1111110002
54335  23.848  -17.849  50.167 0.2222220004
54336  22.989  -17.693  50.075 0.2222220004
55428  21.899  -17.124  50.097 0.2222220004
56486  22.245  -16.583  50.020 0.2222220004
142055  24.299  -16.215  49.702 0.2222220004
57521  23.571  -16.123  49.795 0.2222220004
58651  25.793  -15.109  46.848 0.3333329856
60657  29.743  -12.636  43.515 0.6666669846
60656  30.324  -12.285  43.014 0.5555559993
60668  29.743  -12.747  42.650 0.7777780294
60676  29.771  -12.792  41.862 0.6666669846
57715  27.545  -15.840  34.658 0.1111110002
57726  27.708  -15.748  33.668 0.1111110002
60808  34.106  -12.957  28.904 0.5555559993
60826  33.688  -12.979  28.166 0.5555559993
61860  32.823  -12.406  27.051 0.2222220004
63843  35.146  -9.147  25.265 0.2222220004
64853  37.493  -8.490  25.719 0.1111110002
133813  36.580  -8.688  25.552 0.2222220004
64855  35.778  -8.902  25.383 0.2222220004
65926  36.331  -7.353  24.606 0.1111110002
64868  35.501  -7.730  24.537 0.1111110002
66901  40.573  -6.441  24.986 0.3333329856
127170  6.224  -27.364  54.063 0.2222220004
48001  8.120  -24.113  54.831 0.4444440007
49083  19.842  -23.735  49.790 0.4444440007
60667  30.281  -12.378  42.221 0.6666669846
60846  32.959  -12.857  27.874 0.4444440007
61882  32.584  -11.984  26.316 0.1111110002
146947  34.688  -12.851  28.577 0.5555559993
64852  38.237  -8.136  25.713 0.2222220004
148317  15.557  -26.017  51.138 0.4444440007
48036  17.711  -25.607  50.187 0.3333329856
48037  16.691  -25.461  50.611 0.4444440007
43872  16.407  -27.586  50.611 0.2222220004
48056  16.582  -24.938  50.148 0.5555559993
46964  17.469  -25.948  50.528 0.4444440007
48021  15.201  -25.124  51.104 0.5555559993
132522  15.847  -25.181  50.883 0.4444440007
48057  15.673  -24.695  50.504 0.5555559993
43866  14.075  -27.690  51.413 0.3333329856
49070  14.458  -24.309  51.147 0.5555559993
48000  9.632  -24.247  54.310 0.3333329856
44838  6.560  -26.516  54.185 0.3333329856
49057  12.521  -24.056  52.339 0.4444440007
65911  36.856  -7.910  25.222 0.1111110002
64854  36.011  -8.151  25.067 0.2222220004
64869  35.154  -8.493  24.828 0.1111110002
65928  34.711  -7.803  24.302 0.1111110002
41752  -7.977  -30.455  52.530 0.2222220004
40746  -6.195  -31.123  53.012 0.2222220004
147749  12.826  -23.637  44.940 0.5555559993
131290  21.341  -18.892  36.328 0.2222220004
143206  20.803  -18.378  36.009 0.2222220004
54528  20.281  -17.643  36.103 0.2222220004
55604  19.608  -16.904  36.526 0.2222220004
54547  21.973  -19.406  35.682 0.2222220004
54548  21.115  -18.851  35.481 0.2222220004
54549  20.519  -18.191  35.374 0.2222220004
55617  20.064  -17.544  35.302 0.2222220004
54571  21.553  -19.154  34.735 0.2222220004
54572  20.796  -18.615  34.692 0.2222220004
58669  27.930  -14.186  43.931 0.6666669846
59663  28.583  -13.664  43.544 0.6666669846
58905  28.582  -14.750  30.561 0.1111110002
72291  57.078  -1.895  10.560 0.3333329856
70278  53.710  -3.268  14.701 0.3333329856
70304  56.140  -3.232  12.171 0.3333329856
71342  56.495  -2.864  11.541 0.3333329856
70306  55.103  -3.052  13.110 0.2222220004
71328  54.750  -2.701  13.499 0.2222220004
71362  56.661  -2.273  10.893 0.3333329856
71363  56.137  -2.175  11.314 0.2222220004
71343  55.829  -2.662  11.907 0.3333329856
71344  55.328  -2.471  12.651 0.2222220004
140693  53.250  -2.943  15.162 0.3333329856
73265  56.301  -0.825  12.031 0.2222220004
72276  55.778  -1.771  11.922 0.2222220004
133549  55.369  -1.817  12.672 0.2222220004
56671  18.302  -16.890  36.822 0.3333329856
125757  20.272  -17.413  37.011 0.3333329856
59677  29.187  -13.216  43.091 0.6666669846
54506  20.850  -18.149  36.720 0.3333329856
57752  27.598  -15.846  32.674 0.1111110002
59844  29.072  -14.337  29.879 0.2222220004
48007  14.040  -25.019  51.556 0.3333329856
42817  -8.902  -29.799  52.714 0.2222220004
55618  19.742  -17.069  35.700 0.2222220004
59662  29.131  -13.058  44.002 0.6666669846
59845  28.250  -14.518  29.603 0.1111110002
72292  56.454  -1.323  11.141 0.3333329856
70305  55.608  -3.097  12.620 0.3333329856
53302  22.074  -18.864  47.968 0.1111110002
53321  22.036  -19.234  47.038 0.1111110002
53303  21.672  -19.198  47.848 0.1111110002
55606  17.044  -17.645  36.252 0.3333329856
55605  17.578  -17.341  36.761 0.3333329856
56681  17.869  -16.872  35.977 0.2222220004
59646  29.065  -12.911  44.951 0.3333329856
60643  29.819  -12.427  44.520 0.5555559993
60642  30.355  -12.117  43.837 0.4444440007
61664  30.874  -11.767  43.322 0.4444440007
61671  31.461  -11.479  42.793 0.4444440007
61681  30.724  -12.048  41.837 0.4444440007
48053  19.874  -24.543  49.935 0.4444440007
64607  37.047  -8.890  44.246 0.1111110002
59647  28.503  -13.558  44.443 0.5555559993
53334  22.464  -19.366  46.419 0.1111110002
53322  21.708  -19.541  46.925 0.1111110002
53335  21.982  -19.583  46.273 0.1111110002
60629  29.665  -12.352  45.581 0.4444440007
35612  -1.430  -36.210  52.183 0.1111110002
36651  -1.805  -35.238  51.927 0.1111110002
35613  -2.221  -35.988  51.696 0.1111110002
36652  -2.518  -34.973  51.570 0.1111110002
35614  -2.657  -35.746  51.306 0.1111110002
36645  -2.130  -34.377  51.875 0.1111110002
140012  -1.456  -34.491  51.971 0.1111110002
36646  -2.662  -34.116  51.736 0.1111110002
37679  -3.869  -33.659  51.683 0.1111110002
37678  -3.170  -34.143  51.525 0.1111110002
37683  -4.121  -33.719  51.208 0.1111110002
37674  -3.087  -33.670  51.989 0.1111110002
38664  -4.310  -33.143  52.213 0.1111110002
38660  -4.101  -32.893  52.726 0.1111110002
38665  -4.733  -32.698  52.538 0.1111110002
41753  -8.776  -30.486  52.163 0.1111110002
39732  -5.386  -32.281  52.415 0.1111110002
129160  -5.273  -32.706  51.310 0.1111110002
39733  -6.149  -31.860  52.077 0.1111110002
39745  -8.928  -31.733  50.505 0.1111110002
40763  -9.312  -31.187  50.917 0.1111110002
40752  -9.088  -30.841  51.598 0.1111110002
130567  -9.442  -30.186  51.992 0.1111110002
39752  -6.084  -32.337  50.905 0.1111110002
42827  -9.986  -29.766  51.518 0.1111110002
42812  -8.574  -29.092  53.333 0.2222220004
135742  -8.976  -28.460  53.428 0.2222220004
42818  -9.710  -29.387  52.299 0.1111110002
42813  -9.381  -28.947  53.013 0.1111110002
39744  -8.277  -31.847  50.790 0.1111110002
40762  -8.661  -31.368  51.180 0.1111110002
42819  -10.134  -28.912  51.712 0.1111110002
38678  -5.509  -32.596  50.438 0.1111110002
146709  -7.337  -32.312  49.903 0.1111110002
39754  -7.808  -32.133  50.334 0.1111110002
38701  -6.318  -32.855  48.302 0.1111110002
38702  -7.090  -32.491  48.445 0.1111110002
39768  -8.504  -32.175  49.236 0.1111110002
43865  -9.554  -28.105  53.120 0.1111110002
43871  -9.914  -28.528  52.459 0.1111110002
44861  -9.972  -27.630  52.494 0.1111110002
38679  -6.485  -32.441  49.941 0.1111110002
44862  -10.177  -28.079  51.796 0.1111110002
38688  -5.116  -32.985  49.165 0.1111110002
38689  -6.492  -32.798  49.077 0.1111110002
38700  -5.503  -33.017  48.310 0.1111110002
124366  -6.032  -33.035  47.474 0.1111110002
44849  -9.548  -27.183  53.160 0.1111110002
45938  -9.858  -26.596  52.382 0.1111110002
50172  3.896  -22.343  44.809 0.1111110002
50188  3.827  -23.152  44.612 0.1111110002
147698  17.282  -17.240  35.937 0.1111110002
56680  18.417  -16.504  35.925 0.1111110002
125611  17.351  -16.738  35.203 0.1111110002
54550  16.595  -17.925  35.214 0.1111110002
141498  16.519  -18.771  35.864 0.1111110002
53466  16.238  -19.267  35.270 0.2222220004
44864  17.976  -26.935  50.306 0.2222220004
44865  17.253  -27.327  50.359 0.2222220004
45940  18.050  -26.389  50.458 0.2222220004
136662  17.508  -26.817  50.611 0.2222220004
48035  18.681  -25.529  50.091 0.2222220004
56689  18.590  -16.301  34.936 0.1111110002
54573  15.978  -18.595  34.442 0.1111110002
51254  8.583  -21.429  40.253 0.1111110002
50254  9.650  -22.325  39.676 0.1111110002
52340  9.508  -21.140  40.088 0.1111110002
45941  17.199  -26.389  50.767 0.2222220004
56679  19.099  -16.675  35.763 0.1111110002
147823  19.044  -16.401  34.273 0.1111110002
126759  20.551  -18.316  33.865 0.1111110002
55657  20.038  -17.463  33.732 0.1111110002
53480  15.483  -19.201  34.147 0.1111110002
52396  15.467  -20.061  34.351 0.1111110002
48225  11.939  -23.639  38.658 0.1111110002
49248  11.242  -23.410  38.942 0.1111110002
52408  15.000  -19.628  34.017 0.1111110002
49307  14.462  -23.065  36.660 0.1111110002
49267  13.450  -23.747  38.085 0.1111110002
48224  12.826  -23.909  38.809 0.1111110002
52397  14.868  -20.430  34.278 0.1111110002
51318  14.306  -21.896  35.265 0.1111110002
49268  12.719  -23.532  38.109 0.1111110002
49269  11.443  -23.113  38.482 0.1111110002
51319  14.036  -21.274  35.033 0.1111110002
58831  15.047  -13.934  35.843 0.1111110002
137636  21.142  -18.883  34.049 0.1111110002
57721  14.298  -15.377  34.503 0.1111110002
55638  13.818  -17.669  34.469 0.1111110002
146667  14.029  -19.916  34.703 0.1111110002
50317  14.073  -22.291  35.763 0.1111110002
50303  13.748  -22.536  36.332 0.1111110002
49292  13.356  -23.356  37.483 0.1111110002
54591  22.042  -19.133  33.723 0.1111110002
52398  14.308  -20.585  34.610 0.1111110002
49309  13.312  -22.896  37.056 0.1111110002
49293  12.734  -23.142  37.671 0.1111110002
56672  13.927  -16.171  36.045 0.1111110002
56682  13.819  -16.171  35.076 0.1111110002
55619  13.541  -17.736  35.187 0.1111110002
54530  13.500  -19.052  35.858 0.1111110002
126568  13.313  -21.406  36.319 0.1111110002
54605  22.446  -18.757  32.801 0.1111110002
133390  23.347  -18.591  32.729 0.1111110002
54618  22.683  -18.255  32.087 0.1111110002
54619  22.084  -17.924  31.638 0.1111110002
54604  24.224  -18.354  32.757 0.1111110002
140503  26.575  -14.641  46.620 0.3333329856
58640  27.058  -14.103  47.253 0.3333329856
59624  27.706  -13.706  46.776 0.1111110002
59634  27.752  -13.841  45.778 0.3333329856
128426  28.341  -13.273  46.332 0.1111110002
132535  28.427  -13.418  45.366 0.1111110002
60615  28.887  -12.688  46.914 0.2222220004
59633  28.966  -12.767  45.921 0.1111110002
60614  29.570  -12.256  46.610 0.2222220004
60628  30.333  -11.907  45.309 0.2222220004
63685  44.775  -8.808  37.270 0.1111110002
136933  30.935  -11.473  45.012 0.2222220004
145715  30.456  -11.907  44.546 0.3333329856
61663  31.508  -11.340  43.675 0.3333329856
61654  31.530  -11.172  44.567 0.3333329856
62637  32.808  -10.369  44.779 0.1111110002
61662  32.139  -10.875  44.120 0.3333329856
63564  34.366  -9.816  45.360 0.1111110002
62624  33.630  -9.929  45.167 0.1111110002
140428  32.130  -11.000  43.179 0.3333329856
64706  45.355  -8.075  37.366 0.1111110002
62636  33.497  -10.075  44.199 0.3333329856
64705  46.006  -8.076  37.075 0.1111110002
64704  46.721  -7.608  36.702 0.1111110002
65722  46.203  -7.434  36.939 0.2222220004
64716  47.101  -7.971  36.171 0.1111110002
63695  47.178  -8.601  35.840 0.1111110002
64728  47.977  -8.153  35.151 0.1111110002
147582  48.474  -8.138  34.826 0.1111110002
142430  48.868  -7.274  33.933 0.1111110002
144619  49.269  -7.429  33.824 0.1111110002
66797  50.822  -6.412  32.367 0.2222220004
68996  51.097  -4.449  31.189 0.2222220004
133712  51.926  -5.613  30.417 0.2222220004
70046  50.686  -3.534  30.897 0.2222220004
69036  50.984  -4.423  29.344 0.1111110002
70070  50.950  -3.299  29.852 0.2222220004
71145  50.753  -2.610  30.437 0.2222220004
139493  50.602  -2.206  30.541 0.2222220004
69018  50.963  -3.862  29.630 0.2222220004
71170  51.031  -2.182  30.046 0.2222220004
150279  50.804  -1.950  30.180 0.2222220004
39743  -7.483  -31.960  51.095 0.1111110002
39734  -6.988  -31.553  51.677 0.1111110002
46962  19.228  -25.260  49.977 0.2222220004
54529  16.752  -18.183  36.207 0.2222220004
62651  32.791  -10.522  43.688 0.3333329856
65740  48.616  -7.574  34.368 0.1111110002
65766  49.934  -7.256  33.349 0.1111110002
128515  51.280  -5.780  31.810 0.2222220004
65778  51.156  -7.361  32.130 0.2222220004
141722  51.509  -3.559  29.041 0.2222220004
70094  51.537  -3.071  29.355 0.2222220004
71144  51.199  -2.566  29.795 0.2222220004
40749  -6.534  -31.288  52.339 0.1111110002
65752  49.695  -7.798  33.762 0.1111110002
68997  50.675  -4.400  31.415 0.2222220004
49291  14.142  -23.540  37.352 0.1111110002
49266  14.269  -23.852  38.243 0.1111110002
50302  14.283  -22.672  36.184 0.1111110002
53479  15.893  -19.356  34.628 0.1111110002
52385  15.714  -20.650  34.838 0.1111110002
133577  15.220  -20.830  34.496 0.1111110002
50236  6.754  -21.759  41.721 0.1111110002
50246  8.840  -22.209  40.202 0.1111110002
50255  9.116  -21.787  39.911 0.1111110002
126519  16.844  -26.976  50.805 0.2222220004
55634  20.230  -17.878  34.607 0.1111110002
55635  19.504  -16.973  34.717 0.1111110002
35608  -1.043  -35.260  52.224 0.1111110002
36655  -2.974  -35.049  51.157 0.1111110002
37682  -3.478  -34.330  51.170 0.1111110002
37675  -3.655  -33.434  52.120 0.1111110002
38669  -4.536  -33.182  51.639 0.1111110002
38670  -4.993  -32.759  52.055 0.1111110002
39729  -5.767  -31.724  52.738 0.1111110002
39741  -5.737  -32.326  51.719 0.1111110002
39755  -8.510  -32.103  50.040 0.1111110002
39742  -6.583  -32.056  51.376 0.1111110002
140755  -4.217  -33.423  50.526 0.1111110002
145662  -5.691  -32.688  49.580 0.1111110002
131787  -4.886  -32.840  50.029 0.1111110002
38680  -7.266  -32.485  49.247 0.1111110002
149146  -5.853  -32.989  48.904 0.1111110002
38703  -7.873  -32.299  48.839 0.1111110002
39778  -8.385  -32.070  48.513 0.1111110002
38718  -7.695  -32.055  48.049 0.1111110002
39753  -6.989  -32.196  50.605 0.1111110002
149569  16.195  -18.797  34.945 0.1111110002
54574  15.506  -18.395  33.883 0.1111110002
55636  16.115  -17.715  34.054 0.1111110002
51269  9.067  -21.273  40.047 0.1111110002
51268  9.656  -21.728  39.718 0.1111110002
56709  19.431  -16.542  33.525 0.1111110002
53491  15.079  -18.942  33.884 0.1111110002
54593  14.892  -18.267  33.729 0.1111110002
53481  14.646  -18.995  34.089 0.1111110002
53482  14.026  -19.044  34.554 0.1111110002
49294  12.173  -22.864  38.005 0.1111110002
53467  13.622  -19.539  35.129 0.1111110002
58832  14.567  -14.594  35.220 0.1111110002
58842  15.197  -13.916  34.845 0.1111110002
54592  21.078  -18.656  33.273 0.1111110002
138876  21.681  -18.723  32.852 0.1111110002
143087  14.820  -14.593  34.435 0.1111110002
56693  14.131  -16.388  34.168 0.1111110002
56712  14.659  -16.688  33.542 0.1111110002
54576  13.702  -18.175  34.730 0.1111110002
56694  13.735  -17.008  34.687 0.1111110002
54575  14.278  -18.140  34.132 0.1111110002
54551  13.536  -18.640  35.147 0.1111110002
147938  13.678  -21.181  35.341 0.1111110002
51304  13.676  -21.782  35.723 0.1111110002
49308  13.847  -23.104  36.783 0.1111110002
50282  13.311  -22.142  36.744 0.1111110002
55607  13.848  -16.869  36.403 0.1111110002
56673  13.664  -16.911  35.584 0.1111110002
57710  14.113  -15.369  35.585 0.1111110002
142416  13.528  -18.280  35.786 0.1111110002
52386  13.738  -20.524  35.121 0.1111110002
53456  13.449  -20.013  35.829 0.1111110002
52361  13.405  -20.533  36.662 0.1111110002
52372  13.410  -20.953  35.749 0.1111110002
54606  21.867  -18.381  32.202 0.1111110002
55692  22.708  -17.779  31.422 0.1111110002
55693  21.804  -17.363  31.358 0.1111110002
55676  23.646  -17.909  31.850 0.1111110002
59623  28.261  -13.140  47.339 0.1111110002
60599  28.819  -12.688  47.775 0.1111110002
61645  32.095  -10.749  44.937 0.2222220004
147138  51.320  -4.612  30.797 0.2222220004
67905  51.598  -5.224  31.119 0.2222220004
69019  50.943  -3.983  30.413 0.2222220004
66811  52.021  -6.266  30.547 0.2222220004
67919  51.396  -4.800  30.257 0.2222220004
55637  14.182  -17.249  34.020 0.1111110002
61840  31.433  -13.105  28.501 0.1111110002
66919  38.523  -6.200  24.361 0.1111110002
67978  40.311  -6.159  24.489 0.2222220004
67989  38.938  -5.684  23.897 0.2222220004
70291  54.207  -3.052  14.152 0.2222220004
132591  58.457  -5.085  13.872 0.2222220004
71340  57.747  -2.868  11.428 0.3333329856
67020  57.204  -6.603  15.343 0.1111110002
67019  57.589  -5.942  14.888 0.2222220004
66969  57.128  -6.924  19.779 0.2222220004
66968  57.378  -6.155  19.501 0.2222220004
66904  38.066  -6.894  24.872 0.1111110002
67031  57.840  -5.872  14.137 0.2222220004
61861  30.461  -12.578  27.377 0.1111110002
66920  37.444  -6.399  24.326 0.1111110002
67990  38.000  -5.664  23.790 0.1111110002
147688  20.545  -27.165  49.419 0.1111110002
144888  19.949  -27.446  49.351 0.1111110002
43891  20.208  -27.829  48.587 0.1111110002
43892  19.423  -27.805  48.940 0.1111110002
42840  18.927  -28.224  48.289 0.1111110002
41782  17.182  -30.628  47.574 0.1111110002
44880  19.333  -27.099  49.795 0.1111110002
43882  19.033  -27.542  49.489 0.1111110002
42841  18.011  -28.470  48.456 0.1111110002
38721  16.300  -32.467  46.395 0.1111110002
36682  16.617  -33.466  44.911 0.1111110002
126335  15.899  -33.130  44.780 0.1111110002
43883  18.221  -27.655  49.595 0.1111110002
39773  16.256  -31.223  47.902 0.1111110002
39774  15.888  -31.284  47.961 0.1111110002
37730  15.805  -32.901  45.126 0.1111110002
38722  15.827  -32.338  46.434 0.1111110002
51091  22.446  -22.107  49.448 0.1111110002
49080  22.103  -23.178  50.079 0.1111110002
48051  21.347  -24.366  50.137 0.1111110002
52167  21.005  -20.172  49.175 0.1111110002
51093  20.758  -20.898  49.843 0.1111110002
50098  22.050  -22.380  50.011 0.1111110002
49081  21.334  -23.531  50.188 0.1111110002
52168  20.329  -20.146  49.651 0.1111110002
51082  20.844  -21.670  50.095 0.1111110002
50085  21.586  -22.772  50.151 0.1111110002
148034  20.919  -24.054  50.194 0.1111110002
126691  20.056  -22.832  50.098 0.1111110002
42824  13.127  -28.810  50.714 0.1111110002
49082  20.463  -23.694  50.119 0.1111110002
42823  13.683  -28.917  50.590 0.1111110002
42834  13.049  -29.180  50.261 0.1111110002
41766  14.101  -29.756  49.855 0.1111110002
46978  19.698  -25.874  50.128 0.1111110002
144358  15.688  -28.569  50.297 0.1111110002
41763  15.622  -29.491  49.505 0.1111110002
40764  15.172  -30.220  49.199 0.1111110002
41774  14.170  -30.488  48.939 0.1111110002
41772  16.071  -29.911  48.898 0.1111110002
39759  15.887  -30.951  48.338 0.1111110002
40795  14.475  -31.019  47.656 0.1111110002
41793  13.898  -30.347  47.292 0.1111110002
39785  14.956  -31.600  47.008 0.1111110002
52191  21.526  -19.729  48.270 0.1111110002
142737  20.585  -19.450  49.350 0.1111110002
43876  13.471  -28.337  51.150 0.2222220004
42825  12.529  -28.686  50.746 0.1111110002
41745  5.585  -29.863  51.719 0.1111110002
43868  12.794  -27.893  51.534 0.2222220004
44852  12.576  -27.384  51.688 0.2222220004
43877  12.671  -28.286  51.228 0.2222220004
42814  5.410  -29.328  52.538 0.1111110002
42802  5.795  -28.648  53.396 0.1111110002
43867  13.217  -27.598  51.607 0.2222220004
128649  13.536  -27.121  51.672 0.2222220004
55426  23.510  -17.176  50.188 0.1111110002
44842  12.797  -26.800  51.776 0.2222220004
44847  6.355  -27.828  53.222 0.1111110002
45907  12.115  -26.073  51.996 0.2222220004
44883  7.060  -27.105  50.797 0.1111110002
44851  14.147  -26.825  51.595 0.2222220004
44843  12.006  -26.758  51.925 0.1111110002
44854  10.831  -26.563  51.995 0.1111110002
45943  9.888  -26.250  51.700 0.1111110002
134477  9.082  -26.041  51.125 0.1111110002
45973  7.522  -26.677  49.390 0.1111110002
58633  24.971  -15.801  49.131 0.1111110002
57530  24.937  -16.121  49.520 0.1111110002
58632  25.878  -15.394  48.844 0.1111110002
58642  25.689  -14.997  47.980 0.2222220004
143413  6.063  -28.120  53.981 0.1111110002
44846  6.821  -26.850  53.554 0.1111110002
44855  6.952  -27.047  52.612 0.1111110002
45924  13.971  -25.994  51.702 0.2222220004
45929  7.502  -26.393  52.037 0.1111110002
44870  6.561  -27.813  51.179 0.1111110002
45905  13.351  -25.783  51.787 0.2222220004
45946  7.443  -26.562  51.229 0.1111110002
46937  13.645  -25.366  51.687 0.2222220004
46938  12.923  -25.320  51.822 0.2222220004
45908  11.095  -25.763  52.819 0.1111110002
45909  10.478  -25.745  53.024 0.2222220004
45926  10.039  -25.972  52.605 0.2222220004
45945  8.186  -26.096  51.377 0.1111110002
46939  12.187  -25.354  52.107 0.2222220004
125122  11.584  -25.487  52.536 0.2222220004
46940  11.053  -25.030  53.237 0.2222220004
46941  10.436  -25.227  53.420 0.2222220004
148423  25.622  -15.888  49.305 0.1111110002
58631  26.383  -14.815  48.449 0.1111110002
58641  26.428  -14.640  47.626 0.2222220004
45893  7.276  -26.117  53.934 0.1111110002
147813  7.736  -25.788  53.674 0.1111110002
45912  7.507  -26.149  53.076 0.1111110002
45911  8.366  -25.495  53.392 0.1111110002
45928  8.285  -25.887  52.432 0.1111110002
46921  10.404  -24.641  53.847 0.2222220004
45910  9.604  -25.374  53.404 0.1111110002
63845  32.593  -9.276  24.453 0.1111110002
63846  31.733  -9.381  24.431 0.1111110002
145969  33.610  -9.057  24.530 0.1111110002
142224  32.885  -8.484  24.144 0.1111110002
64887  32.308  -7.951  23.931 0.1111110002
64870  34.358  -8.526  24.507 0.1111110002
65929  33.726  -8.050  24.129 0.1111110002
65946  32.552  -7.247  23.743 0.1111110002
69113  38.471  -5.172  22.839 0.1111110002
146142  32.963  -7.804  23.885 0.1111110002
66978  43.925  -6.201  20.991 0.1111110002
70216  42.407  -3.820  20.489 0.1111110002
142081  41.595  -2.539  20.500 0.1111110002
66977  44.786  -6.246  20.837 0.1111110002
68042  43.403  -5.526  20.782 0.1111110002
69161  43.117  -4.458  20.490 0.1111110002
146959  42.395  -4.512  20.691 0.1111110002
129739  44.335  -5.510  20.538 0.1111110002
69160  43.925  -4.816  20.394 0.1111110002
71278  42.432  -2.705  20.368 0.1111110002
69158  45.736  -4.843  20.073 0.1111110002
69159  44.772  -4.617  20.175 0.1111110002
70214  44.004  -3.990  20.189 0.1111110002
70215  43.324  -3.292  20.251 0.1111110002
68040  46.206  -5.778  20.312 0.1111110002
68055  46.579  -4.970  19.931 0.1111110002
70213  44.775  -3.582  19.987 0.1111110002
143953  47.256  -5.043  19.800 0.1111110002
69171  46.171  -4.069  19.726 0.1111110002
69172  45.409  -4.014  19.902 0.1111110002
134071  47.745  -4.677  19.505 0.1111110002
70223  47.568  -3.800  19.249 0.1111110002
70224  46.730  -3.297  19.319 0.1111110002
70225  45.617  -3.005  19.606 0.1111110002
135534  58.557  -3.495  11.803 0.2222220004
71298  52.287  -2.560  16.298 0.1111110002
71320  53.755  -2.757  14.627 0.1111110002
72220  52.562  -1.761  16.254 0.1111110002
128791  58.378  -2.946  11.160 0.2222220004
71341  57.313  -2.856  11.426 0.2222220004
72246  54.131  -2.148  14.724 0.1111110002
145059  52.859  -2.500  15.734 0.1111110002
71361  58.722  -2.656  10.355 0.2222220004
146361  58.252  -2.323  10.602 0.2222220004
72275  57.477  -1.531  10.553 0.2222220004
70338  59.251  -2.754  9.311 0.2222220004
72290  58.640  -1.763  10.366 0.2222220004
71387  59.947  -2.558  9.446 0.2222220004
72259  55.022  -2.117  13.134 0.1111110002
71319  54.312  -2.592  14.168 0.1111110002
73249  55.817  -1.220  12.664 0.1111110002
72258  55.372  -1.534  13.431 0.1111110002
72245  54.723  -2.116  13.853 0.1111110002
72233  53.692  -1.857  15.550 0.1111110002
73273  58.447  -0.908  10.434 0.2222220004
73263  57.693  -0.385  10.963 0.2222220004
72244  55.147  -1.557  14.604 0.1111110002
72232  54.566  -1.633  15.487 0.1111110002
71374  59.354  -1.985  9.935 0.2222220004
74323  58.210  -0.194  10.856 0.1111110002
129672  56.854  -0.478  11.608 0.1111110002
73248  56.560  -0.553  13.065 0.1111110002
149932  56.152  -0.947  13.505 0.1111110002
72243  56.175  -1.047  14.359 0.1111110002
72231  56.141  -1.020  15.329 0.1111110002
73285  59.501  -0.067  9.402 0.2222220004
74335  58.740  0.750  11.305 0.1111110002
74325  58.026  0.928  12.108 0.1111110002
148070  57.284  0.279  12.943 0.1111110002
73247  57.132  -0.054  13.489 0.1111110002
73232  56.822  -0.406  14.113 0.1111110002
75258  59.027  1.645  11.260 0.1111110002
74310  57.375  0.729  12.710 0.1111110002
73231  57.060  0.030  14.714 0.1111110002
73228  56.731  -0.435  15.009 0.1111110002
124693  57.774  1.545  11.911 0.1111110002
75245  57.584  1.156  12.366 0.1111110002
75209  56.879  0.905  14.131 0.1111110002
146403  57.114  0.143  14.187 0.1111110002
76122  58.741  2.292  11.073 0.1111110002
79025  55.858  5.374  10.311 0.1111110002
74286  56.632  0.266  15.226 0.1111110002
128359  56.302  -0.302  15.785 0.1111110002
75246  56.938  1.630  12.614 0.1111110002
75229  56.584  1.301  13.540 0.1111110002
75210  56.628  0.740  14.804 0.1111110002
76134  57.975  2.899  10.650 0.1111110002
137483  57.277  2.877  11.311 0.1111110002
76112  56.301  2.510  12.292 0.1111110002
75230  55.689  1.678  13.633 0.1111110002
147895  56.193  1.026  14.978 0.1111110002
77016  58.088  3.046  9.180 0.1111110002
143598  57.341  3.443  10.834 0.1111110002
76974  56.667  3.134  11.893 0.1111110002
76100  55.976  1.979  12.881 0.1111110002
75211  55.455  1.459  14.453 0.1111110002
77990  57.118  4.158  10.793 0.1111110002
137797  57.040  3.733  11.467 0.1111110002
76975  56.135  3.416  12.479 0.1111110002
76963  55.192  2.991  13.395 0.1111110002
76089  54.894  2.246  13.956 0.1111110002
142344  57.054  4.901  10.796 0.1111110002
79023  56.905  5.217  10.523 0.1111110002
79927  55.435  7.175  11.754 0.1111110002
75193  56.122  0.650  15.527 0.1111110002
74284  56.043  0.255  16.140 0.1111110002
146405  55.719  3.417  13.067 0.1111110002
76952  54.890  3.113  14.216 0.1111110002
75212  54.731  1.811  14.811 0.1111110002
75194  55.261  1.268  15.504 0.1111110002
126599  57.047  4.756  11.636 0.1111110002
77972  56.356  4.091  13.150 0.1111110002
77958  56.267  4.471  14.146 0.1111110002
79010  57.032  5.584  11.210 0.1111110002
132633  57.182  6.293  13.309 0.1111110002
77971  56.981  4.890  13.696 0.1111110002
79939  56.580  6.564  11.345 0.1111110002
79938  56.995  6.378  11.620 0.1111110002
79940  55.881  6.624  11.220 0.1111110002
80854  56.798  7.856  12.189 0.1111110002
80855  55.966  7.835  12.168 0.1111110002
147202  54.645  3.228  15.072 0.1111110002
77942  55.376  3.990  14.741 0.1111110002
128871  57.106  5.757  14.140 0.1111110002
79915  57.354  7.121  13.350 0.1111110002
80853  57.235  7.602  12.624 0.1111110002
80865  56.348  7.207  11.747 0.1111110002
126397  56.320  4.823  15.048 0.1111110002
77957  56.911  5.112  14.600 0.1111110002
45956  19.524  -26.499  50.070 0.1111110002
46977  20.430  -25.498  50.048 0.1111110002
45954  20.998  -25.937  49.817 0.1111110002
46991  21.728  -25.567  49.583 0.1111110002
44895  21.185  -27.051  49.111 0.1111110002
44881  18.525  -27.224  49.886 0.1111110002
46976  21.187  -25.138  49.998 0.1111110002
142770  16.625  -27.994  50.102 0.1111110002
43885  15.970  -28.220  50.441 0.1111110002
48052  20.574  -24.628  50.112 0.1111110002
44863  18.690  -26.656  50.119 0.1111110002
42820  15.408  -28.406  50.543 0.1111110002
132891  16.037  -28.732  49.936 0.1111110002
43875  14.261  -28.338  50.977 0.1111110002
42822  14.153  -28.846  50.651 0.1111110002
41765  14.603  -29.771  49.793 0.1111110002
50099  19.565  -22.901  49.776 0.1111110002
142905  20.846  -22.654  50.169 0.1111110002
63844  34.511  -9.120  24.938 0.1111110002
69169  48.339  -4.204  19.188 0.1111110002
72274  57.867  -2.556  10.829 0.2222220004
42821  14.783  -28.695  50.627 0.1111110002
131966  12.397  -24.783  52.128 0.2222220004
53280  21.185  -19.237  48.847 0.1111110002
73274  57.107  -0.729  10.944 0.1111110002
141786  17.882  -27.362  49.994 0.1111110002
45939  18.939  -26.154  50.210 0.1111110002
144418  19.224  -25.690  50.096 0.1111110002
43884  17.418  -27.800  49.777 0.1111110002
69098  38.535  -5.445  23.348 0.1111110002
44879  20.129  -26.953  49.823 0.1111110002
43893  18.555  -27.897  49.070 0.1111110002
142688  17.644  -29.171  47.874 0.1111110002
42851  18.473  -28.925  47.553 0.1111110002
41770  17.983  -30.030  47.245 0.1111110002
40788  17.333  -31.275  47.320 0.1111110002
137905  17.924  -31.558  46.971 0.1111110002
42829  17.668  -28.149  49.188 0.1111110002
39757  16.563  -30.913  47.886 0.1111110002
42842  17.083  -29.013  48.620 0.1111110002
41771  16.491  -30.105  48.305 0.1111110002
37729  16.337  -33.171  45.259 0.1111110002
37715  16.529  -32.878  45.898 0.1111110002
38708  17.194  -32.318  46.751 0.1111110002
132821  16.560  -32.117  46.993 0.1111110002
42830  16.836  -28.474  49.475 0.1111110002
38694  15.939  -31.867  47.259 0.1111110002
39772  16.839  -31.335  47.534 0.1111110002
40776  16.086  -30.670  48.408 0.1111110002
39775  15.465  -31.331  47.881 0.1111110002
39784  15.407  -31.844  47.163 0.1111110002
126231  15.815  -32.588  45.695 0.1111110002
39792  15.513  -32.079  46.083 0.1111110002
51092  21.543  -21.469  49.652 0.1111110002
41754  14.125  -29.320  50.231 0.1111110002
42833  13.620  -29.253  50.235 0.1111110002
125361  19.837  -25.227  50.054 0.1111110002
45955  20.293  -26.273  50.010 0.1111110002
42831  15.326  -28.986  50.150 0.1111110002
40765  14.594  -30.154  49.411 0.1111110002
40779  14.574  -30.404  49.056 0.1111110002
41762  16.242  -29.263  49.083 0.1111110002
41773  15.443  -30.070  49.176 0.1111110002
133924  15.557  -30.642  48.662 0.1111110002
39760  15.435  -31.180  48.249 0.1111110002
40778  14.843  -30.649  48.862 0.1111110002
41764  15.125  -29.680  49.704 0.1111110002
144434  14.540  -30.843  48.290 0.1111110002
41783  13.929  -30.570  48.290 0.1111110002
40777  15.728  -30.588  48.676 0.1111110002
40789  14.928  -30.833  48.478 0.1111110002
40809  14.660  -30.881  45.805 0.1111110002
43870  6.073  -28.652  52.498 0.1111110002
45906  12.797  -25.959  51.857 0.2222220004
133556  11.606  -26.075  52.274 0.2222220004
44869  7.008  -27.131  51.653 0.1111110002
45960  7.637  -26.403  50.412 0.1111110002
44853  11.545  -26.804  52.027 0.1111110002
44844  11.431  -26.299  52.259 0.1111110002
44845  10.956  -26.210  52.521 0.1111110002
45959  8.460  -26.064  50.559 0.1111110002
45944  9.094  -25.863  52.005 0.1111110002
44856  6.480  -27.837  52.126 0.1111110002
45927  9.092  -25.615  52.785 0.1111110002
64871  32.091  -8.675  24.182 0.1111110002
150049  44.146  -3.211  20.093 0.1111110002
69170  46.996  -4.316  19.562 0.1111110002
71275  44.694  -2.687  19.929 0.1111110002
133276  58.526  -3.178  10.871 0.2222220004
71308  53.421  -2.416  15.244 0.1111110002
72234  53.095  -2.010  15.756 0.1111110002
70321  58.759  -3.033  10.058 0.2222220004
144552  59.146  -2.620  9.620 0.2222220004
73262  57.925  -1.376  10.484 0.2222220004
70351  59.783  -2.788  8.817 0.2222220004
72318  60.045  -1.702  9.358 0.2222220004
72305  59.303  -1.057  9.943 0.2222220004
74324  58.259  0.503  11.664 0.1111110002
130160  58.844  0.013  10.374 0.1111110002
73264  57.601  0.114  12.016 0.1111110002
126244  57.014  -0.189  12.549 0.1111110002
74343  59.106  0.763  9.716 0.1111110002
150413  58.992  0.977  10.675 0.1111110002
75244  58.661  1.244  11.901 0.1111110002
74294  57.113  0.554  13.675 0.1111110002
75259  58.623  1.630  11.644 0.1111110002
75228  57.080  1.056  13.247 0.1111110002
149958  58.300  1.259  11.897 0.1111110002
138969  56.408  1.112  14.319 0.1111110002
76123  57.890  2.168  11.364 0.1111110002
76111  57.093  2.240  11.869 0.1111110002
79011  55.479  5.979  10.759 0.1111110002
76994  57.547  3.650  10.233 0.1111110002
76133  58.599  2.745  10.378 0.1111110002
77004  57.440  3.615  9.572 0.1111110002
76101  55.393  2.372  13.262 0.1111110002
149685  54.538  2.489  14.914 0.1111110002
77998  57.109  4.402  10.164 0.1111110002
77981  56.771  3.996  12.260 0.1111110002
76951  55.578  3.658  13.738 0.1111110002
79952  56.819  5.962  10.859 0.1111110002
79953  56.240  6.050  10.737 0.1111110002
129624  57.043  4.812  12.712 0.1111110002
79926  57.161  6.772  12.505 0.1111110002
78998  57.081  5.773  12.310 0.1111110002
78986  57.124  5.510  13.244 0.1111110002
80864  57.018  7.170  11.865 0.1111110002
42832  14.660  -29.245  50.211 0.1111110002
60811  29.133  -13.713  28.447 0.1111110002
58620  29.187  -14.245  48.861 0.1111110002
145707  29.861  -14.149  48.550 0.1111110002
57524  29.792  -14.902  48.667 0.1111110002
60583  28.824  -12.841  48.319 0.1111110002
57539  30.488  -15.498  48.280 0.1111110002
65795  51.860  -6.862  30.889 0.1111110002
65796  51.613  -7.526  31.248 0.1111110002
65816  52.051  -6.996  30.121 0.1111110002
59608  29.237  -12.964  48.477 0.1111110002
60580  30.658  -12.579  48.052 0.1111110002
136347  29.905  -12.926  48.335 0.1111110002
60582  29.372  -12.499  48.109 0.1111110002
138866  29.886  -12.051  47.949 0.1111110002
60598  29.473  -12.291  47.525 0.1111110002
65765  50.539  -7.228  32.826 0.1111110002
66841  52.029  -6.216  29.895 0.1111110002
60597  30.486  -11.927  47.963 0.1111110002
60581  29.910  -12.430  48.124 0.1111110002
60613  30.249  -11.837  46.311 0.1111110002
61615  30.215  -11.826  47.380 0.1111110002
143877  51.753  -6.089  31.184 0.1111110002
67930  51.595  -5.412  29.818 0.1111110002
61614  31.060  -11.675  47.439 0.1111110002
61631  30.826  -11.536  46.869 0.1111110002
61630  31.617  -11.230  46.756 0.1111110002
61647  30.942  -11.472  46.000 0.1111110002
138941  53.787  -8.796  22.396 0.1111110002
63881  53.337  -9.045  20.824 0.1111110002
63872  52.568  -9.468  21.614 0.1111110002
62908  52.932  -9.406  22.280 0.1111110002
62904  52.694  -9.508  22.759 0.1111110002
67959  53.477  -5.462  26.415 0.1111110002
66914  52.029  -6.855  24.970 0.1111110002
65905  52.712  -7.283  24.657 0.1111110002
64849  52.851  -7.843  23.952 0.1111110002
64848  53.487  -7.546  24.042 0.1111110002
65955  56.037  -7.513  21.666 0.1111110002
64882  54.833  -8.082  23.036 0.1111110002
139599  54.345  -9.037  21.182 0.1111110002
63880  54.642  -9.072  20.436 0.1111110002
69068  53.661  -4.788  26.643 0.1111110002
66879  53.721  -6.059  25.990 0.1111110002
66880  53.200  -6.132  26.059 0.1111110002
67971  54.103  -5.802  25.392 0.1111110002
66893  53.883  -6.184  25.547 0.1111110002
66894  53.669  -6.531  25.403 0.1111110002
65904  53.393  -7.135  24.707 0.1111110002
65918  54.080  -7.351  24.085 0.1111110002
65949  55.877  -7.060  22.522 0.1111110002
63879  55.608  -9.170  20.037 0.1111110002
125211  55.632  -8.926  20.662 0.1111110002
63878  56.193  -8.935  20.054 0.1111110002
69067  54.061  -4.545  26.041 0.1111110002
65903  53.836  -6.970  24.728 0.1111110002
63888  56.562  -8.819  19.426 0.1111110002
64910  57.142  -8.201  17.851 0.1111110002
65967  57.337  -7.452  18.145 0.1111110002
65970  57.360  -7.597  17.347 0.1111110002
139827  57.537  -6.697  18.334 0.1111110002
67038  58.038  -5.886  13.322 0.1111110002
69290  58.503  -3.939  9.529 0.1111110002
70353  58.475  -3.604  8.915 0.1111110002
70352  59.040  -2.957  9.133 0.1111110002
71406  57.432  -1.908  8.072 0.1111110002
72327  56.584  -2.321  8.463 0.1111110002
129195  55.793  -0.939  8.704 0.1111110002
70339  58.703  -3.330  9.754 0.1111110002
70359  60.024  -2.378  8.141 0.1111110002
71394  59.110  -2.329  8.444 0.1111110002
145863  60.124  -1.707  7.708 0.1111110002
73297  60.169  -0.865  8.241 0.1111110002
74364  59.781  0.475  8.024 0.1111110002
72340  58.173  -1.434  7.831 0.1111110002
73319  58.983  -0.746  7.873 0.1111110002
73318  59.624  -0.146  7.658 0.1111110002
73320  58.140  -0.498  7.724 0.1111110002
73321  57.365  -0.073  7.961 0.1111110002
74365  56.280  0.836  8.610 0.1111110002
74366  55.325  0.585  8.985 0.1111110002
71393  60.144  -2.142  8.743 0.1111110002
72319  60.037  -0.841  9.026 0.1111110002
139941  58.843  -0.008  7.771 0.1111110002
146115  59.287  1.020  8.337 0.1111110002
75307  58.261  1.395  7.918 0.1111110002
64782  51.714  -8.265  30.584 0.1111110002
133865  51.447  -9.136  30.687 0.1111110002
66812  51.436  -6.654  31.656 0.1111110002
63897  56.801  -8.937  18.774 0.1111110002
126109  56.810  -8.103  19.394 0.1111110002
65968  57.059  -8.030  18.689 0.1111110002
63889  56.298  -9.129  19.334 0.1111110002
67957  54.293  -5.129  25.395 0.1111110002
69080  54.886  -4.915  24.722 0.1111110002
65965  57.028  -7.553  19.361 0.1111110002
69066  54.501  -4.312  25.357 0.1111110002
66980  57.370  -7.004  18.966 0.1111110002
64897  56.365  -8.056  20.534 0.1111110002
65961  56.749  -7.662  20.078 0.1111110002
128918  54.221  -6.807  24.594 0.1111110002
63870  54.439  -8.919  21.548 0.1111110002
68010  56.283  -6.045  22.535 0.1111110002
66931  55.782  -6.466  23.089 0.1111110002
63865  54.407  -8.739  21.860 0.1111110002
69056  53.256  -4.251  27.386 0.1111110002
67987  55.079  -5.703  24.282 0.1111110002
65916  55.372  -6.307  23.714 0.1111110002
143128  56.886  -6.946  20.473 0.1111110002
65954  56.503  -7.370  20.981 0.1111110002
43864  -8.944  -27.706  53.581 0.1111110002
64767  51.324  -8.424  31.601 0.1111110002
73298  60.036  -0.106  8.454 0.1111110002
70322  58.624  -3.563  10.750 0.1111110002
60829  28.606  -13.069  28.005 0.1111110002
58619  29.512  -13.526  48.560 0.1111110002
56492  29.715  -15.802  48.669 0.1111110002
63837  54.022  -8.349  23.154 0.1111110002
62888  53.111  -9.129  22.794 0.1111110002
125834  54.410  -8.506  22.456 0.1111110002
62903  53.574  -9.006  22.222 0.1111110002
63871  53.587  -9.140  21.729 0.1111110002
143723  56.149  -7.987  21.055 0.1111110002
148961  55.595  -7.736  22.188 0.1111110002
64893  55.647  -8.181  21.495 0.1111110002
64894  55.185  -8.157  22.313 0.1111110002
65938  55.032  -7.489  23.455 0.1111110002
126709  55.084  -9.025  20.897 0.1111110002
67945  53.281  -4.990  27.052 0.1111110002
67958  53.935  -5.480  25.992 0.1111110002
65902  54.150  -6.285  24.988 0.1111110002
127089  54.624  -7.133  23.976 0.1111110002
65937  55.437  -7.035  23.267 0.1111110002
64881  55.380  -7.668  22.869 0.1111110002
64903  56.482  -8.440  19.875 0.1111110002
64898  56.031  -8.530  20.664 0.1111110002
64911  56.980  -8.604  18.295 0.1111110002
69275  58.584  -4.210  10.416 0.1111110002
68165  58.326  -5.163  9.925 0.1111110002
70360  59.440  -2.782  8.779 0.1111110002
72341  57.402  -1.029  8.003 0.1111110002
73308  56.600  -0.562  8.314 0.1111110002
128353  55.936  -0.036  8.651 0.1111110002
149444  56.661  0.233  8.305 0.1111110002
72325  60.227  -1.690  8.095 0.1111110002
71404  58.669  -1.924  8.142 0.1111110002
73307  60.008  -0.301  7.691 0.1111110002
72339  59.138  -1.392  7.976 0.1111110002
75306  59.248  0.927  8.037 0.1111110002
74375  59.053  0.687  7.831 0.1111110002
74376  58.194  0.459  7.734 0.1111110002
75308  57.267  0.967  8.098 0.1111110002
75298  54.763  1.247  9.397 0.1111110002
67970  54.514  -5.736  24.854 0.1111110002
63868  55.495  -8.657  21.090 0.1111110002
63869  55.062  -8.820  21.244 0.1111110002
65917  54.729  -6.449  24.333 0.1111110002
63864  55.052  -8.543  21.705 0.1111110002
141838  55.060  -6.910  23.761 0.1111110002
37703  16.888  -32.708  46.253 0.1111110002
37716  16.094  -32.810  45.783 0.1111110002
38692  16.761  -31.706  47.361 0.1111110002
38693  16.253  -31.587  47.559 0.1111110002
39758  16.154  -30.976  48.177 0.1111110002
39767  -7.938  -32.262  49.542 0.1111110002
39776  14.960  -31.329  47.821 0.1111110002
42795  1.828  -28.784  54.709 0.4444440007
43840  4.502  -27.906  54.812 0.3333329856
43846  -1.698  -28.519  55.662 0.5555559993
44832  2.132  -27.713  54.830 0.4444440007
45871  -1.173  -27.037  56.085 0.6666669846
45885  -2.031  -26.438  55.751 0.5555559993
45887  -3.712  -26.474  55.415 0.5555559993
45888  -4.283  -26.638  55.190 0.5555559993
45925  13.429  -26.419  51.770 0.2222220004
45993  -2.395  -27.103  48.768 0.1111110002
46926  4.819  -26.059  54.437 0.4444440007
46929  0.304  -26.180  54.678 0.4444440007
48002  7.455  -24.218  54.640 0.3333329856
49063  5.978  -23.987  53.158 0.6666669846
50132  17.547  -22.310  47.013 0.6666669846
50244  18.599  -22.494  40.444 0.5555559993
50316  14.518  -22.335  35.648 0.1111110002
51081  21.437  -22.142  50.112 0.1111110002
51094  19.515  -21.576  50.059 0.3333329856
51334  15.358  -21.393  34.908 0.1111110002
52395  15.928  -19.988  34.914 0.1111110002
53283  18.791  -19.655  49.322 0.3333329856
54482  25.052  -18.214  38.371 1.0000000000
54590  23.005  -19.002  33.388 0.2222220004
55427  22.633  -17.111  50.166 0.2222220004
55441  20.704  -17.210  49.629 0.3333329856
55452  19.489  -17.378  48.854 0.4444440007
56484  24.084  -16.542  49.984 0.2222220004
56504  20.328  -16.256  48.872 0.3333329856
56581  19.055  -16.921  42.766 0.7777780294
56613  18.747  -16.886  39.388 0.8888890147
56678  26.541  -16.833  35.733 0.5555559993
57533  21.413  -15.788  49.199 0.3333329856
57677  27.575  -15.754  37.295 0.6666669846
57699  14.172  -15.411  36.519 0.1111110002
57714  28.114  -15.308  34.416 0.4444440007
58661  26.562  -15.017  45.284 0.5555559993
58692  27.688  -14.804  42.347 0.8888890147
59860  28.733  -14.190  28.953 0.1111110002
60769  33.516  -12.455  32.808 0.7777780294
60827  33.124  -12.978  28.799 0.4444440007
61655  30.915  -11.611  44.141 0.3333329856
61672  30.818  -11.922  42.521 0.4444440007
62715  35.939  -11.151  38.834 0.8888890147
63612  36.319  -8.832  43.086 0.4444440007
64719  40.681  -8.963  36.215 0.6666669846
64729  41.992  -8.174  35.827 0.6666669846
64784  45.846  -8.838  30.044 0.8888890147
64907  56.774  -8.557  19.036 0.1111110002
65716  42.311  -7.139  38.925 0.3333329856
66709  42.719  -7.021  38.343 0.3333329856
66885  41.800  -6.109  26.046 0.8888890147
69059  44.160  -4.055  27.446 1.0000000000
69069  43.482  -4.280  26.398 0.8888890147
70047  50.418  -2.744  30.929 0.3333329856
70071  50.848  -3.137  30.322 0.2222220004
70130  42.744  -4.503  25.811 0.8888890147
70168  55.657  -3.218  23.596 0.3333329856
71204  45.643  -2.897  27.593 1.0000000000
72113  48.864  -1.794  29.759 0.7777780294
72326  59.824  -1.873  7.755 0.1111110002
72337  60.135  -1.094  7.812 0.1111110002
72338  59.917  -1.072  7.524 0.1111110002
74295  56.984  0.498  14.532 0.1111110002
74374  59.625  0.317  7.786 0.1111110002
75294  58.777  1.574  8.068 0.1111110002
76113  55.635  2.824  12.764 0.1111110002
77003  58.160  3.218  9.886 0.1111110002
124830  21.795  -15.161  46.878 0.5555559993
125217  26.595  -16.388  40.016 1.0000000000
130543  17.647  -31.682  47.044 0.1111110002
131107  46.800  -2.517  28.673 0.7777780294
132654  18.497  -21.533  42.725 0.7777780294
133264  27.354  -15.933  37.906 0.7777780294
135977  14.486  -19.799  34.317 0.1111110002
138789  46.297  -6.854  35.207 0.5555559993
140229  1.371  -30.513  51.706 0.1111110002
140660  28.092  -14.370  42.654 0.7777780294
142056  17.157  -29.802  47.874 0.1111110002
142058  18.330  -19.897  45.006 0.7777780294
142493  56.594  -1.457  8.374 0.1111110002
142894  -3.530  -26.118  55.236 0.5555559993
143020  60.153  -1.432  8.708 0.1111110002
144833  42.043  -8.772  34.251 0.7777780294
145630  40.072  -8.330  39.127 0.2222220004
146437  19.779  -16.038  46.123 0.6666669846
146478  53.923  -6.574  25.118 0.1111110002
146795  13.607  -29.679  49.840 0.1111110002
147070  51.908  -5.791  30.832 0.2222220004
148277  -7.140  -32.298  47.847 0.1111110002
148685  2.212  -30.770  51.070 0.1111110002
149233  23.213  -19.587  35.911 0.3333329856
149650  22.967  -18.819  39.224 0.8888890147
149867  28.481  -14.942  31.202 0.2222220004
150136  54.868  -3.712  24.719 0.2222220004
150296  19.882  -16.846  39.168 0.8888890147
