global_signal	global_signal_derivative1	global_signal_derivative1_power2	global_signal_power2	csf	csf_derivative1	csf_derivative1_power2	csf_power2	white_matter	white_matter_derivative1	white_matter_derivative1_power2	white_matter_power2	csf_wm	tcompcor	std_dvars	dvars	framewise_displacement	rmsd	t_comp_cor_00	t_comp_cor_01	t_comp_cor_02	t_comp_cor_03	t_comp_cor_04	c_comp_cor_00	c_comp_cor_01	c_comp_cor_02	c_comp_cor_03	c_comp_cor_04	c_comp_cor_05	c_comp_cor_06	c_comp_cor_07	c_comp_cor_08	c_comp_cor_09	c_comp_cor_10	c_comp_cor_11	c_comp_cor_12	c_comp_cor_13	c_comp_cor_14	w_comp_cor_00	w_comp_cor_01	w_comp_cor_02	w_comp_cor_03	w_comp_cor_04	w_comp_cor_05	w_comp_cor_06	w_comp_cor_07	w_comp_cor_08	w_comp_cor_09	w_comp_cor_10	w_comp_cor_11	w_comp_cor_12	w_comp_cor_13	w_comp_cor_14	w_comp_cor_15	w_comp_cor_16	w_comp_cor_17	w_comp_cor_18	w_comp_cor_19	w_comp_cor_20	w_comp_cor_21	w_comp_cor_22	w_comp_cor_23	w_comp_cor_24	w_comp_cor_25	w_comp_cor_26	w_comp_cor_27	w_comp_cor_28	w_comp_cor_29	w_comp_cor_30	w_comp_cor_31	w_comp_cor_32	w_comp_cor_33	w_comp_cor_34	w_comp_cor_35	a_comp_cor_00	a_comp_cor_01	a_comp_cor_02	a_comp_cor_03	a_comp_cor_04	a_comp_cor_05	a_comp_cor_06	a_comp_cor_07	a_comp_cor_08	a_comp_cor_09	a_comp_cor_10	a_comp_cor_11	a_comp_cor_12	a_comp_cor_13	a_comp_cor_14	a_comp_cor_15	a_comp_cor_16	a_comp_cor_17	a_comp_cor_18	a_comp_cor_19	a_comp_cor_20	a_comp_cor_21	a_comp_cor_22	a_comp_cor_23	a_comp_cor_24	a_comp_cor_25	a_comp_cor_26	a_comp_cor_27	a_comp_cor_28	edge_comp_00	edge_comp_01	edge_comp_02	edge_comp_03	edge_comp_04	edge_comp_05	edge_comp_06	edge_comp_07	edge_comp_08	edge_comp_09	edge_comp_10	edge_comp_11	edge_comp_12	edge_comp_13	edge_comp_14	edge_comp_15	edge_comp_16	edge_comp_17	edge_comp_18	edge_comp_19	edge_comp_20	edge_comp_21	edge_comp_22	edge_comp_23	cosine00	cosine01	cosine02	non_steady_state_outlier00	trans_x	trans_x_derivative1	trans_x_derivative1_power2	trans_x_power2	trans_y	trans_y_derivative1	trans_y_derivative1_power2	trans_y_power2	trans_z	trans_z_derivative1	trans_z_derivative1_power2	trans_z_power2	rot_x	rot_x_derivative1	rot_x_power2	rot_x_derivative1_power2	rot_y	rot_y_derivative1	rot_y_power2	rot_y_derivative1_power2	rot_z	rot_z_derivative1	rot_z_power2	rot_z_derivative1_power2
562.0221421252086	n/a	n/a	315868.88823900814	749.6501277746881	n/a	n/a	561975.3140726063	535.953171939661	n/a	n/a	287245.8025121839	601.7400176359183	532.4627100211576	n/a	n/a	n/a	n/a	0.0	0.0	0.0	0.0	0.0	0.0	0.0	0.0	0.0	0.0	0.0	0.0	0.0	0.0	0.0	0.0	0.0	0.0	0.0	0.0	0.0	0.0	0.0	0.0	0.0	0.0	0.0	0.0	0.0	0.0	0.0	0.0	0.0	0.0	0.0	0.0	0.0	0.0	0.0	0.0	0.0	0.0	0.0	0.0	0.0	0.0	0.0	0.0	0.0	0.0	0.0	0.0	0.0	0.0	0.0	0.0	0.0	0.0	0.0	0.0	0.0	0.0	0.0	0.0	0.0	0.0	0.0	0.0	0.0	0.0	0.0	0.0	0.0	0.0	0.0	0.0	0.0	0.0	0.0	0.0	0.0	0.0	0.0	0.0	0.0	0.0	0.0	0.0	0.0	0.0	0.0	0.0	0.0	0.0	0.0	0.0	0.0	0.0	0.0	0.0	0.0	0.0	0.0	0.0	0.0	0.0	0.0	0.0	0.0	0.0	0.0	0.0	1.0	-0.0360523506893031	n/a	n/a	0.0012997719902244	-0.2172198675762047	n/a	n/a	0.0471844708698239	-0.1047104873506441	n/a	n/a	0.0109642861612093	0.0009570302525028	n/a	9.159069042055732e-07	n/a	0.0001167499346599	n/a	1.3630547243090921e-08	n/a	-0.000522055901532	n/a	2.7254236432438924e-07	n/a
555.414506032893	-6.607636092315602	43.6608547284718	308485.2735117625	726.1221024931614	-23.52802528152677	553.5679736481627	527253.3077290892	534.688502366472	-1.2646695731890532	1.5993891293501818	285891.7945629008	591.5055785741562	518.706601524919	1.436733	27.147182	0.1744981532509963	0.099768335428065	-0.0112031357	-0.0793715303	-0.0223900876	0.0466820759	-0.1768240192	0.1977504523	-0.027680212	0.2326819009	-0.0729119667	0.1015253236	-0.0660694061	0.1217731244	-0.1893855161	0.1295623557	-0.295074536	0.1516796967	-0.0658960107	0.2977022565	-0.1218914246	0.0155043259	-0.0104873317	0.0071007118	-0.0703817815	-0.1608771494	0.074944697	-0.0820285092	0.1214883836	-0.0154421158	0.1127243114	-0.0909001685	0.0418635243	-0.0479094301	0.1073208008	-0.1574258349	-0.0351891702	0.0621193135	-0.0498540739	0.1033358878	-0.0004835708	0.0151975569	-0.0652403803	0.1806805204	-0.0660806886	0.0376528217	-0.0036952214	0.0409949014	-0.0698429469	0.0758968854	0.0158108226	-0.1364622142	0.0862288809	-0.1703871218	0.1647398293	0.0806423727	-0.0780515412	-0.0641443147	-0.0060089201	0.1181654667	-0.0760468726	0.1096745007	-0.0345116064	0.1940174339	-0.2052231364	0.0120393279	-0.1095374954	0.1402800804	-0.2360154296	0.0469728005	-0.2382981814	0.0810791526	-0.0314634627	0.1549435872	-0.1379796944	0.0643691222	-0.2133804881	0.1759565497	-0.2520984405	-0.0077876464	0.0694420049	-0.245886723	0.1399622084	-0.1351041877	0.0754239875	-0.0399625596	0.1167469272	0.1397839787	-0.0718162486	0.1590482453	-0.2592777527	0.0311799626	-0.0415368325	0.0979520217	-0.0712669887	0.0281825787	-0.1137244112	0.1570076059	-0.1174517216	0.1118996994	-0.1037968156	0.1770502207	-0.0332697785	0.0663404593	-0.1090989543	0.0290303427	0.0651171438	-0.0791224444	0.0151718687	0.0349216901	-0.0711254439	0.1158504512	0.1158311377	0.115798951	0.0	-0.0080390082571852	0.0280133424321178	0.000784747354219	6.462565375909184e-05	-0.254367735570824	-0.0371478679946192	0.0013799640965456	0.0647029448994286	-0.0175771872691399	0.0871333000815042	0.0075922119830934	0.0003089575122944	0.0007640398125383	-0.0001929904399645	5.837568351435606e-07	3.7245309917691294e-08	0.0002153586455755	9.86087109156e-05	4.637934622411383e-08	9.723677868436373e-09	-0.000369582197557	0.000152473703975	1.3659100075106137e-07	2.3248230403855934e-08
555.6821827643441	0.2676767314511608	0.0716508325603768	308782.688241746	719.7277246625937	-6.394377830567692	40.88806784005558	518007.9976479943	535.5638264420008	0.8753240755288516	0.7661922372004387	286828.6121931976	590.1369985363859	514.9731345219145	1.094789	20.686125	0.211896855230857	0.1761310522506027	-0.0014823943	-0.0380692591	0.0267271539	-0.0275157297	-0.1361578284	-0.0621115966	0.0067587579	0.0853749183	-0.124742167	0.2033814825	0.0112483764	0.0066614537	-0.0423327685	-0.0965394428	-0.0385782332	0.1500634052	0.120627269	-0.1076744556	0.0286976024	-0.0519808366	-0.1362422105	-0.0695524764	-0.0175570479	-0.0972740517	0.0456813504	0.0229341318	-0.0077582841	-0.0438668897	-0.0433217617	-0.0149917381	0.0793013471	-0.078614948	-0.1162679485	-0.1722889534	0.1139791727	-0.0311616599	0.0985929886	0.0180841358	-0.1384951448	-0.1436052253	-0.0123376903	0.0379819767	-0.0247010944	-0.0336562777	0.0434644968	-0.0360463678	-0.0723475132	-0.0969028146	-0.079991139	0.0384693214	-0.0412276802	0.1035070724	0.0293125312	-0.0659617479	0.0538875621	-0.030876548	0.0231726723	-0.0510905989	-0.1151928872	-0.0324707921	0.0249276229	0.0618372597	0.0223360072	0.1391807996	-0.1017113014	0.0958673659	-0.0926574011	-0.0582646822	0.0426078538	0.2053893821	0.1203462994	0.1836099645	-0.002669782	0.0168502241	-0.0214559662	0.0948355998	0.0154048396	-0.1291413521	0.0937545996	0.0164420428	0.0468864698	-0.0412400041	-0.0548566739	0.073127694	0.0306883243	0.0263566641	0.1037409682	0.0075193915	-0.1667847262	0.0955707189	0.1094031032	0.0498516889	-0.0211932529	0.0670514748	-0.1396184766	0.1703649791	0.0158073328	-0.0188484697	-0.0858679347	0.091896653	-0.0676854277	-0.0669468478	0.0415270273	0.0489188454	0.059080381	-0.1318983075	0.0949770407	-0.0188429718	-0.0517572193	0.115798951	0.1156251942	0.1153357926	0.0	-0.0122601858876407	-0.0042211776304555	1.781834058785791e-05	0.0001503121579995	-0.0804982497393353	0.1738694858314887	0.0302305981033062	0.0064799682110963	0.0021274974725429	0.0197046847416828	0.0003882746007691	4.526245495676428e-06	0.0006250184970762	-0.000139021315462	3.906481216873919e-07	1.9326926152812706e-08	0.0001128972505139	-0.0001024613950616	1.2745789173598297e-08	1.0498337477969271e-08	-0.0003290347675361	4.054743002089996e-05	1.0826387824753539e-07	1.6440940812997791e-09
555.401863448336	-0.2803193160081036	0.078578918927251	308471.2299218841	717.5711590717534	-2.156565590840273	4.650775147596256	514908.36833157967	535.4500129624168	-0.113813479583996	0.0129535081350166	286706.7163814524	589.1659863091214	517.0098423660686	0.996217	18.823591	0.1922674249925036	0.1347836146258413	-0.0158961086	-0.0491405079	0.013089863	0.0527497476	-0.1204605442	0.002739097	0.0128829071	-0.0260686802	-0.1304169551	-0.0041890024	-0.0393383031	0.0427060991	-0.021945072	0.0910394063	-0.039699736	0.0400420482	-0.1530193888	-0.1142510307	-0.0733778619	0.1022080745	0.0196075642	-0.0320553801	-0.0926408643	-0.055307612	-0.0944464091	0.0970083306	0.0980318215	0.0169596891	0.1278436823	-0.0545013086	-0.0102645287	0.0906359793	0.0238628833	0.0429936886	0.1768799882	-0.1019693966	0.0019336546	-0.0469934554	0.0650273654	0.0365549361	0.0068421701	-0.1898785601	-0.0712761551	0.0376941491	-0.0518526565	0.0603819379	0.0949516313	0.0808836404	-0.1428073686	0.0471455549	0.0511431828	0.0442903495	-0.0166860924	0.0134594061	0.0156435467	0.0564183839	-0.0079917747	-0.0073422299	-0.0118191077	0.0234359707	0.087519653	0.0236830586	-0.0931031961	-0.0284144936	-0.0455621289	0.0411348271	-0.2042092903	0.0200098476	-0.0612928808	-0.1651993122	0.0213111142	-0.1563593084	-0.0043748682	-0.0093619429	-0.0159783656	-0.0987325393	0.0199349349	-0.0651294578	0.0566913503	0.0939428184	-0.1176059908	-0.1067191954	0.0440162482	0.0548812422	0.1466689048	0.1097276594	-0.0441223154	0.1045797791	-0.1975752521	0.1334393243	-0.0306883407	0.0419838018	0.0242397877	0.0389966706	-0.068597861	0.0606650278	-0.1568713481	0.1389427721	0.00111619	-0.1952793098	-0.1328063854	-0.0132448527	-0.0445719699	-0.0991428014	-0.058349386	-0.0837420016	0.0502920047	-0.0454733989	-0.0598002402	0.1156959735	0.1152136733	0.1144113283	0.0	-0.0116886258265935	0.0005715600610472	3.2668090338427985e-07	0.0001366239737141	-0.2038513526131282	-0.1233531028737929	0.0152159879885925	0.0415553739622019	-0.0193316543284254	-0.0214591518009683	0.000460495196017	0.0003737128590737	0.0012560003689504	0.0006309818718741	1.5775369268035408e-06	3.981381226338692e-07	-8.279599164051632e-07	-0.0001137252104303	6.855176231736448e-13	1.2933423487417192e-08	-0.0005219998903655	-0.0001929651228293	2.72483885541594e-07	3.723553862856541e-08
555.8083541523347	0.4064907039986565	0.1652346924373234	308922.9265455271	715.9365225435928	-1.6346365281606268	2.6720365791970275	512565.1043118123	535.3834001446714	-0.0666128177454083	0.0044372674879829	286635.3851504694	588.6204035357241	522.481851436264	0.950921	17.967724	0.1792780806176986	0.1345077611446887	-0.0615955205	-0.0334042237	0.0225907026	0.0005580849	-0.1339562351	-0.0323362208	-0.0482540161	-0.0351261678	0.0028114073	0.1387066283	0.0469171475	0.0136813074	0.005749068	-0.0597179986	-0.0057350439	0.008080391	0.0720522581	-0.0728335764	0.0148597967	0.1708438801	-0.11646172	-0.0180230602	-0.016885131	-0.1134496511	0.0458148959	-0.0537252441	0.0231778388	-0.0989513842	-0.0728361414	0.0116741708	0.1387749757	0.0980548126	0.0244300484	-0.0864083833	0.0497439762	-0.04317786	0.0696508817	0.1557935549	0.048737686	-0.0010914066	0.0583040047	0.1024806717	-0.1346058943	0.1330354608	0.0475080346	-0.0480693579	-0.029565297	-0.0556279172	-0.1107627283	0.1471103931	-0.0371408105	0.1092812278	0.0534713932	0.033918206	0.0822135977	-0.0568948898	-0.0586669502	-0.0925911908	-0.025599019	0.006985443	-0.0132267792	0.0516838121	0.0321392703	0.1344481577	-0.0671331128	0.045201037	-0.0114087427	-0.0016957088	0.0825166806	0.1356698867	0.1026583042	-0.0211108861	0.0097067131	-0.0500198113	-0.0698086785	0.0713701729	-0.0527657367	-0.1565672474	0.0494175954	0.0765526928	-0.223333799	-0.04186446	-0.0868436493	0.1052458623	0.0110902244	0.0181589596	0.0800144186	0.0322915954	-0.1581575524	0.0482306256	0.0932947485	0.0210602404	-0.0254844388	0.0263607241	-0.1337483941	0.1676872097	0.0345002255	0.0014651388	-0.0707199887	0.0845619076	0.0608752866	0.0076303129	0.0286083549	0.0089818445	0.0332613906	0.0447253241	0.0118571494	-0.0328663477	-0.032043024	0.1155415645	0.1145973067	0.1130292557	0.0	-0.0277446601623694	-0.0160560343357759	0.0002577962385916	0.0007697661675253	-0.077463250099413	0.1263881025137151	0.0159739524570173	0.0060005551159642	-0.0080794041100773	0.0112522502183481	0.0001266131349763	6.527677077393397e-05	0.0007450001198486	-0.0005110002491017	5.550251785744284e-07	2.611212545821016e-07	-1.943985186159125e-07	6.335613977892507e-07	3.7790784040061285e-14	4.0140004476866925e-13	-0.0005219999508631	-6.049760009358557e-11	2.724839487010789e-07	3.659959617083405e-21
555.945132274478	0.1367781221433688	0.0187082546970663	309074.9900996869	716.6168676059317	0.6803450623389153	0.4628694038489426	513539.7349373375	536.3318102846051	0.9484101399336852	0.8994817935290321	287651.8107231617	589.9642891824464	521.5021071759459	0.855498	16.164698	0.0963103761657717	0.0580210919363396	-0.0572482029	-0.0239825531	-0.0401240306	0.0505644254	-0.0887954213	-0.0079426245	0.0502732672	-0.0096750332	-0.0401685733	0.0130781115	0.0577512482	0.0002479028	0.0195424322	0.038284203	0.0266183152	0.0882500794	-0.0283920737	-0.0564897313	-0.0938347593	0.0770043051	-0.0331727566	-0.0547298861	-0.0429180485	-0.0285736035	-0.0152435775	0.0096743984	0.1892058534	-0.0757585499	-0.0592758812	0.005413146	-0.0270615464	0.0631222756	-0.0355452863	0.0187351035	0.1283863883	0.0240983519	-0.0038252675	0.0540038996	-0.0082448102	-0.0051855141	-0.1198890745	0.0404857847	0.0006418677	0.003270858	-0.1619693696	-0.0541447655	0.0469635112	0.0867567641	-0.1824035147	-0.0615517835	0.030484341	-0.0327741116	-0.0646144201	-0.1170182097	-0.0534044866	0.1463464073	-0.0082862324	-0.0384690331	-0.0278863455	-0.0195255231	0.0306731272	0.0836875267	0.0283342313	0.0934457737	-0.01676082	0.0143262481	-0.1843622073	0.0249025907	-0.0408924229	-0.0996329303	0.1157304301	-0.1120454848	0.0316087474	0.1734141118	-0.1096243584	-0.0982208451	0.0429999121	-0.0402282865	-0.0715569585	0.0467349608	0.0126947553	-0.0586696789	0.0691383752	0.0609003577	0.0171663448	0.05132444	0.0574940432	0.0332200021	-0.1207188888	0.1369234344	0.0492697311	-0.011175794	0.0360355238	-0.0292594789	-0.1155137006	0.067435405	-0.0763223551	0.0348387888	0.0528739886	-0.1517962003	-0.0027220781	0.0192872276	-0.0374242966	-0.1119920738	-0.0324849659	-0.0585468633	-0.0133618838	-0.0711112492	0.0004378301	0.1153357926	0.1137771902	0.1111951025	0.0	-0.0145839522198372	0.0131607079425322	0.0001732042335486	0.0002126916623504	-0.1245041413789778	-0.0470408912795648	0.0022128454523758	0.0155012812205164	-0.0052370029167434	0.0028424011933338	8.079244543865977e-06	2.742619954997888e-05	0.0008931355658249	0.0001481354459763	7.976911389413644e-07	2.1944110354597304e-08	0.0005162670391978	0.0005164614377164	2.665316557620628e-07	2.6673241664810735e-07	-0.0005227305821772	-7.306313140999568e-07	2.732472615433145e-07	5.338221171434297e-13
553.6944635221345	-2.2506687523435858	5.065509832775833	306577.5589350643	713.5477152312484	-3.0691523746833127	9.419696299024215	509150.3419117347	533.3492784103545	-2.98253187425064	8.895496380921033	284461.4527808458	586.8732322888496	520.1473778206799	1.045283	19.75071	0.0541829110090292	0.0341268283790553	-0.0483377348	0.0148305992	-0.088184232	0.0140031048	-0.0494769321	0.0197476571	-0.0713307614	-0.076145137	0.1047619008	0.0009528046	0.0636956591	-0.1527501146	-0.0421352844	-0.0263082232	0.0212539589	-0.0147218991	-0.0593507671	0.0639236257	0.011609388	0.0339615366	-0.0688247459	0.0561189795	-0.1789822182	-0.1019181503	0.1552010568	-0.0192048076	-0.0072098036	0.0433022522	-0.0054974602	0.0203012183	0.0703360948	-0.0383251831	0.2419806757	-0.0954666472	-0.0863947769	0.0741945344	0.1725848346	0.0728965312	-0.0226063767	0.1020600897	0.0844445082	0.1100079992	0.0220123283	0.0464079596	0.0745178874	0.0242319257	-0.1010314018	0.0955467901	0.027332089	-0.0817953841	0.0543506423	-0.1239803402	-0.044960174	-0.072038522	0.0626273449	0.0015357514	-0.0993239235	-0.041284802	-0.023258039	0.1224420237	-0.0623146038	0.0412431282	-0.0724871081	0.0014378419	-0.0081968264	-0.1319121102	-0.0143121191	-0.054925093	0.0873953268	0.1917589932	-0.0351802293	-0.1301911568	-0.0116804122	-0.0622991257	-0.1848545155	0.0088136375	-0.1615097613	0.0367542906	-0.0612757286	-0.1525334885	0.0318350662	0.1210541806	0.1060882269	0.0979820745	-0.1334115637	0.0618117017	0.0265917712	0.0552050195	-0.1853489535	-0.0546931849	-0.0117077877	0.0864526067	-0.0440059988	0.0148365692	0.0055912694	0.0691656622	0.0402283448	-0.0548869811	-0.1967849642	0.1365332811	0.0683259597	-0.0157826242	-0.0460698168	-0.0438241676	-0.0660247414	0.0773187267	-0.1515898493	0.0714435032	0.0257768966	0.1150787493	0.1127547821	0.1089162049	0.0	-0.0184017769793456	-0.0038178247595084	1.457578589431537e-05	0.0003386253959975	-0.1041141881219687	0.0203899532570091	0.000415750193823	0.0108397641682966	-0.0093438369725902	-0.0041068340558468	1.6866085962263082e-05	8.73072893703436e-05	0.0008930002045311	-1.3536129380006465e-07	7.974493652925864e-07	1.8322679859227423e-14	-2.3314543939889642e-07	-0.0005165001846371	5.4356795912504456e-14	2.6677244073026057e-07	-0.0005220001493749	7.304328022999683e-07	2.72484155947418e-07	5.335320786757845e-13
554.334123058342	0.6396595362075459	0.4091643222612527	307286.3199868611	714.7329491971299	1.18523396588148	1.404779553879141	510843.1886680271	534.3823402782477	1.0330618678932524	1.0672168228950956	285564.4856012569	588.0456938090342	518.3011730544998	1.124987	21.256714	0.1376226938098782	0.1022976405258498	-0.0324674554	0.00447672	-0.0841305803	-0.0280668068	-0.0445834861	-0.0809479046	0.0331319138	0.0478874727	0.032999279	0.0012004836	0.1624025616	-0.0946892895	-0.0038935738	-0.07363118	0.0693896622	-0.0188211978	0.0103677943	-0.08520336	-0.0462283259	-0.0329365953	-0.0771888977	-0.0040618233	-0.0980499416	-0.0289470785	0.0696132755	0.0619793288	-0.0950394339	-0.0966598618	-0.2541475841	0.0592963131	0.0011880261	0.0156166938	-0.0759765937	0.0178578533	0.1316491272	-0.0150121712	-0.0620947821	0.0361551632	-0.0622378247	0.0352188496	0.0445184977	0.0134251645	0.0691334987	0.0190984526	-0.0806028245	-0.0022289579	0.0661119796	-0.0791450792	0.1194089369	0.0164077438	-0.0296736297	0.0554669847	-0.0641201207	-0.0472533994	-0.0747633969	-0.0664162247	0.0125791066	-0.0691644011	-0.0787542105	-0.0174536167	0.0178180948	-0.0053619472	0.1325503186	0.1233671034	-0.035236708	-0.124729587	-0.0064243866	-0.1734935138	0.150007061	0.0169412334	0.1030536648	-0.0033854052	-0.0624311194	0.1421075181	0.0310160242	-0.1185808731	0.0320299417	-0.0316378476	0.0501338382	-0.0107538368	0.1113275008	-0.0506063134	-0.0188142973	0.0454534502	-0.0735288893	-0.0164597741	0.176075007	-0.0866033804	-0.0406512865	0.0896769693	0.1550181862	-0.0234060591	0.0654129841	-0.048400615	-0.0666250404	0.0264273853	0.0869367515	-0.1059340189	0.0199067099	0.0036786692	-0.0647549639	-0.0095330097	0.0654957482	-0.0111984845	-0.0147763203	-0.1305833523	-0.0152471551	0.0523418672	0.1024142953	0.1147705489	0.1115319001	0.1062016776	0.0	-0.0088561709570598	0.0095456060222858	9.111859433269892e-05	7.843176402066948e-05	-0.0062524868945672	0.0978617012274015	0.0095769125671211	3.909359236673458e-05	0.0026178662293858	0.011961703201976	0.0001430823434921	6.853223594958625e-06	0.0006370281847409	-0.0002559720197902	4.058049081542862e-07	6.552167491547455e-08	0.0001088337280608	0.0001090668735001	1.1844780363612163e-08	1.1895582895108389e-08	-0.0005220349232488	-3.4773873899959444e-08	2.725204610913805e-07	1.20922230601028e-15
553.6807611877304	-0.6533618706116613	0.4268817339691692	306562.3853094245	713.1847263928655	-1.5482228042643555	2.396993851644185	508632.4539600664	533.4319147846486	-0.9504254935991412	0.9033086188831712	284549.6077108166	586.8638958270733	518.323562254184	1.076591	20.342264	0.1634334052830401	0.1372272332067588	-0.0310969304	-0.0036265301	-0.0338461889	0.0324621178	0.0149623185	-0.0347420659	-0.0714548688	-0.0478938555	0.0252867034	-0.1258342837	-0.0050438957	-0.0679160848	-0.0383587899	0.1337538205	-0.0189277301	-0.0446975115	-0.1126415613	-0.0877115272	-0.0699825716	-0.0645914468	0.1386250168	0.015190314	-0.1182497184	0.0218474184	0.0386099997	-0.00011565	-0.1609713993	0.0852564875	0.0236790785	-0.029076171	-0.0267637571	0.0609108494	0.001131927	-0.0479154671	-0.0416359204	-0.0492280723	0.0801807625	0.0173300939	0.0119818009	0.0248179331	0.0750183869	-0.0264467978	0.0361462621	-0.0604958644	0.0535726628	0.1290892225	0.1013650772	-0.1909323207	-0.1030800527	0.0600146245	0.0483711184	0.0837172979	0.0075082203	0.0512153017	0.0475895368	0.052859983	-0.0045527591	-0.0281825576	0.0654050917	0.0830661577	0.0005701597	-0.0375758668	-0.1051927924	-0.1492029982	-0.0076590144	-0.0852969632	-0.0491273265	-0.145181326	0.1020159919	-0.0302012301	0.0263316139	-0.0917723636	0.0377197504	0.0380659428	0.0278486891	-0.020103769	-0.0535476365	-0.067377741	0.0437988018	0.0204296228	-0.0140924863	-0.0512857931	-0.1257485888	0.0532065454	0.0131036337	0.0897526558	-0.0301227273	0.0688774259	-0.1035732328	0.0066714449	0.0217138825	0.063797712	0.108652307	0.0731697126	0.0535380906	-0.0634255269	0.0355420871	0.0615603062	-0.1030680877	0.0272256639	-0.1703819478	0.0459533239	0.0652613653	0.070268008	-0.1214027743	0.0268064894	-0.0092691046	-0.0389385043	0.1031985031	0.1144113283	0.1101107184	0.103062378	0.0	-0.0122608590323523	-0.0034046880752925	1.1591900890038956e-05	0.0001503286642112	-0.1380096089118723	-0.1317571220173051	0.017359939202283	0.0190466521520079	0.0030144801424683	0.0003966139130825	1.573025960506131e-07	9.087090529335704e-06	0.0010800578263233	0.0004430296415824	1.166524908202212e-06	1.962752633206299e-07	0.0002227181705543	0.0001138844424935	4.9603383495054266e-08	1.2969666242055307e-08	-0.0005226204647201	-5.855414712999758e-07	2.731321501442533e-07	3.428588146121404e-13
554.5478510995866	0.8670899118562829	0.7518449152429365	307523.31915916933	712.8567307391673	-0.3279956536981672	0.107581148844888	508164.7185601337	534.8632646919477	1.4313499072991362	2.048762557125246	286078.7119169285	588.0357769529461	516.3874692626806	1.065804	20.138454	0.2389295343477309	0.179128462298836	-0.0437357014	-0.0026699669	0.0265095679	-0.0978788849	0.1218120732	-0.0784074285	0.0269434819	-0.0869923681	0.0787170863	0.0300867096	-0.0758363478	-0.0722204555	0.0178972655	-0.0525640752	0.0381265164	-0.0104630127	0.0627164142	-0.1119720618	-0.0132974193	-0.1224500555	-0.0231957248	-0.0461014221	0.0030983275	0.0507013687	-0.0091595799	-0.0916412828	-0.1342069085	0.060407939	-0.1650135736	0.0032560539	-0.0671074776	0.0691508692	-0.1209188747	-0.0654942905	-0.0514658446	0.1794858286	-0.0749161553	0.0979184451	-0.0097794862	-0.0355708261	0.0185452751	-0.0504279808	-0.0602331667	-0.0376767044	0.0453099142	0.0689950436	0.0938295349	0.0931296765	0.0295085397	-0.0280413765	-0.1148879232	-0.0683205731	-0.0851180068	0.0347478895	0.0823086169	0.143114487	-0.0042484618	-0.0683414788	0.0534427439	-0.0462451679	-0.0360029947	-0.0317079934	0.1213920742	0.0141483484	0.0322359474	-0.0161667475	0.0958199664	-0.153303123	0.024981532	0.0086662368	0.1421485117	0.1273664533	0.0466697585	-0.0321066043	-0.0130944777	0.0297403984	-0.0778344879	-0.1351658644	-0.079059054	0.1666164035	0.1145730391	-0.0465950858	0.0155796799	0.0288229857	-0.0502060466	-0.0351579305	0.1804588042	-0.1016257099	0.0159926122	0.0161239882	0.1485129578	-0.0025912451	0.1553658701	0.0833717367	-0.1042386277	-0.0680985656	0.0917237312	-0.0226961617	-0.0157887887	0.0192687061	0.0814171486	-0.0867287307	0.1336561305	0.1565364904	-0.1210443573	0.1314229013	0.1473989943	0.0005368029	0.0931369777	0.1140012473	0.1084937639	0.0995108621	0.0	-0.0102507764387382	0.0020100825936141	4.040432033150389e-06	0.0001050784175969	0.0295445726386134	0.1675541815504857	0.0280744037550531	0.0008728817723983	0.0207721097355744	0.0177576295931061	0.0003153334087659	0.0004314805428667	0.0003361335698225	-0.0007439242565008	1.129857767616175e-07	5.534232994102681e-07	0.0005109121402986	0.0002881939697443	2.610312151044963e-07	8.305576419697852e-08	-0.0005225858787547	3.458596540000143e-08	2.73096000673822e-07	1.1961890026500962e-15
553.7290740387776	-0.8187770608089977	0.6703958753070212	306615.8874358421	715.3353124301505	2.478581690983105	6.143367198876671	511704.60920954094	534.745281604729	-0.1179830872187039	0.0139200088696563	285952.51619852096	588.5486225547371	511.76754579628965	0.980135	18.519728	0.1762915798032751	0.1288089168932032	0.0005459684	-0.0143169275	0.0013292972	-0.0809469523	0.1688176842	0.0595910347	0.1495346549	-0.1197877948	0.0215992838	-0.1361263004	-0.0999057997	0.0421948706	0.0916224792	-0.0505689403	0.0028844178	0.026433312	-0.0825539764	0.0507209142	-0.0359200151	0.0488872832	0.1805052123	0.0767627692	-0.0035902755	-0.0103618453	-0.0422172219	-0.0286963004	-0.0452600417	0.0179531604	-0.074317003	0.0110114159	0.0062730978	-0.028436812	-0.0007191448	-0.0035973717	-0.0966398744	0.0601648445	-0.0982940092	0.1379638774	0.0009503534	-0.0566077976	-0.091720381	-0.0199569699	0.0236403398	-0.0590142788	-0.0868178232	0.0762794937	-0.0489887582	0.0012430743	-0.1710893534	-0.0307040227	-0.094675209	-0.1307385169	-0.0360678032	-0.0210001787	0.109261269	0.0645272576	0.0114523824	0.102637544	0.168009273	-0.045329834	0.0451999278	0.0056069715	0.0510190805	-0.0584203545	0.0559049605	-0.0598546444	-0.0749366868	-0.0769250208	-0.1152370357	-0.0856950682	0.0101344561	-0.0305204139	-0.0198082015	0.0026062883	-0.1855040277	-0.084297004	-0.0959940496	-0.161206957	-0.0582277334	0.0508059023	0.0301214658	0.1134695984	-0.0017346414	0.000382645	-0.1105286586	0.0544096626	0.06573901	-0.0272061818	-0.0318129695	0.0014343971	-0.0892303703	0.0293784618	0.1748760317	0.0533084261	-0.0268508568	-0.06598302	-0.1655853251	0.0350153668	0.0183102841	-0.0961134933	0.2243309592	-0.0260031374	-0.0146622528	0.0367358051	-0.1421636709	0.0436937304	0.0489664352	0.034947771	0.1386157531	0.1135404882	0.1066839114	0.0955613349	0.0	0.0025398286908995	0.0127906051296377	0.0001635995795823	6.450729779116268e-06	-0.0868295928250972	-0.1163741654637106	0.013542946387375	0.0075393781901721	0.0179593247103326	-0.0028127850252418	7.911759598224512e-06	0.0003225373440511	0.0010890983320216	0.0007529647621991	1.1861351768122314e-06	5.669559331135473e-07	0.0003777159038931	-0.0001331962364054	1.4266930405378157e-07	1.7741237392589834e-08	-0.0005227053638438	-1.1948508909999554e-07	2.732208973910793e-07	1.4276686517233866e-14
552.6548163610689	-1.0742576777087152	1.1540295581161215	305427.3460470868	714.1150962143568	-1.2202162157936982	1.488927613285893	509960.37064124	534.5531131253384	-0.1921684793906024	0.0369287244712963	285747.03075199085	587.9676527561286	506.9598818532791	0.913674	17.26395	0.1296778999875152	0.0943493857304899	0.0194191723	-0.0038207702	0.0250896012	-0.0160872817	0.1316352542	-0.0623427524	0.0436498531	-0.0378111743	0.0814816228	-0.0139669831	-0.0268834421	0.0038686316	-0.0081492031	-0.1028386344	0.0294315065	-0.1425740918	0.0315465194	0.1027434747	0.0901580895	0.0640643885	0.0249703603	0.0143479153	0.0188143563	0.0819399791	-0.0155084932	-0.0705249643	-0.0485175815	0.052479797	-0.1745499095	0.1286982838	-0.0859725221	0.0600502386	0.024110837	-0.0307113567	-0.1438523382	-0.0264281175	-0.0157039139	-0.0228456961	0.1015843396	-0.1356138008	-0.0326914368	0.0762582263	0.0109155667	-0.0871655257	0.094309535	-0.1843501272	0.0434994242	0.1556623051	0.1061423109	-0.0631880601	0.1999286582	0.0594511418	0.0580962471	-0.1275494047	-0.0342827108	0.0222539134	0.0518287944	-0.03003574	0.0871030279	-0.0034620525	-0.0434305683	-0.0541329033	0.1424382284	-0.0017765886	0.0551314636	-0.0389722806	0.1302448454	-0.0088415906	0.0149529994	-0.0319512699	0.0282901244	0.00606727	0.0521845642	-0.0422019169	-0.0938640711	0.1261076506	-0.1247367043	-0.0098769101	0.0187996521	-0.0421834814	0.0160484688	-0.0191149498	0.1126133026	0.0380952091	0.0662454212	0.001538865	0.1082126735	-0.0860459845	0.058647254	-0.0630761373	0.0502291921	-0.0069592534	0.1595652982	0.0886279939	-0.0197891809	-0.0105816769	0.0005313155	0.054642865	-0.0589116791	-0.0603731873	0.2736376481	-0.0955594181	0.0994905813	-0.0371345199	0.0513622083	0.0656773596	0.0163560089	0.0130937899	-0.0152082259	0.1130292557	0.1046843788	0.0912295932	0.0	0.0003480020814663	-0.0021918266094332	4.804103885819438e-06	1.211054487048773e-07	0.0017540217409361	0.0885836145660333	0.0078470567695835	3.076592267676507e-06	0.0175186174748489	-0.0004407072354837	1.9422286740768585e-07	0.00030690195823	0.0008050543535718	-0.0002840439784498	6.481125122049088e-07	8.068098169359047e-08	0.0005409192646828	0.0001632033607897	2.925936509049811e-07	2.6635336973053e-08	-0.000200717671552	0.0003219876922918	4.028758367325656e-08	1.0367607398739889e-07
552.2287389934629	-0.4260773676060125	0.1815419231860691	304956.58017031016	716.0011839489846	1.886087734627836	3.557326942713561	512657.6954163477	534.6999799067431	0.1468667814046966	0.0215698514801749	285904.0685122715	588.6275904756762	502.5733502781356	0.963699	18.209171	0.0919379816054826	0.0687234722384641	0.0702040206	-0.0027146724	-0.047526528	-0.0073754812	0.0883666321	0.085771998	0.0604700011	0.0135436592	-0.0192009002	-0.1500471603	-0.1774877188	0.1199905792	0.0697521903	-0.1323538128	-0.0057849827	0.12228274	-0.0473728909	-0.0022341888	-0.0389454798	-0.0073770173	0.1532099012	0.1065866548	0.0144943001	-0.0411668584	0.0297981037	-0.024121551	0.0686905422	-0.1306452847	-0.111644249	-0.0364997113	-0.0087101008	0.0788386105	0.0205219135	-0.0033492223	0.1358121711	0.054509531	-0.193429438	0.0258796169	0.0526222969	0.1049297024	0.0585094461	-0.012662956	-0.0446451143	-0.2041352883	-0.0418319859	0.0281937585	0.0290141761	-0.0895107948	-0.0037962446	-0.0092948131	-0.0246466506	0.0738345684	0.1055032327	0.046740321	0.0066659337	0.044055578	0.0156545294	0.1638992672	0.128255961	-0.0200855147	0.049415599	0.0148869717	0.0578931059	0.0571028664	-0.0253088456	0.0289981158	-0.0552863649	-0.1047979994	-0.1928741228	-0.0377313011	0.0873086237	-0.0110819644	-0.1000818184	0.0564565102	0.0199734988	-0.073346263	0.0294456471	0.0047792275	-0.1204824559	0.0755213234	-0.0214290797	0.1278620517	-0.0742607143	-0.0539865879	0.00458251	0.0266269128	0.0510601645	-0.0562682903	-0.0023452907	0.0254345015	-0.1226515595	-0.0185381834	0.1073698423	0.0214218494	0.0225553382	-0.0211831332	-0.137565635	-0.0230029378	0.1234686968	-0.0731327328	0.0104422684	-0.0129418085	-0.1373798751	-0.0019738403	-0.07604801	0.0664433247	-0.1204744135	0.0371205818	0.1121954343	0.1124677771	0.1024987213	0.0865329627	0.0	0.0068794162975649	0.0065314142160986	4.265937166225489e-05	4.732636859520156e-05	-0.0649850586599569	-0.066739080400893	0.0044541048527568	0.004223057849038	0.0109287750414779	-0.006589842433371	4.342602329665703e-05	0.0001194381239072	0.0008960836307564	9.10292771846e-05	8.029658733095723e-07	8.286329304750736e-09	0.0006258803549747	8.496109029189998e-05	3.917262187432565e-07	7.21838686358838e-09	-0.0002662801951779	-6.556252362590001e-05	7.090514234398054e-08	4.298444504196697e-09
552.1160839623825	-0.1126550310804077	0.0126911560277276	304832.17016995663	716.3104165308482	0.3092325818636254	0.0956247896860438	513100.61283059727	533.0801592987362	-1.6198206080068758	2.6238188021237647	284174.456237966	586.8022540319533	506.650822863027	1.009052	19.066114	0.0873902559156413	0.0526327344175452	0.0523518824	0.0118828197	-0.079527681	-0.0646071493	-0.0949051925	0.1461107658	-0.2088620234	0.0108157288	0.044175249	-0.034531304	-0.0482477549	-0.1515547926	-0.0005009979	-0.1538431452	0.0304278955	-0.0547934199	0.0295971484	-0.0393292625	-0.0081016078	-0.0578252027	-0.0086725982	0.1996842405	-0.1402433444	0.062096109	0.0044868434	0.091105944	-0.0182330993	-0.0145051886	0.0364402313	0.0364937802	-0.0092898594	0.0791917937	0.1321426018	-0.0744520302	-0.0347737847	-0.0645876286	0.0196382699	-0.0899290778	-0.111392761	-0.1229358132	0.057610236	-0.078480364	0.1052136162	0.0371162758	0.1358138942	-0.0018720162	0.0203596973	0.0751741619	0.07630618	-0.0590610439	-0.0543826932	0.0131948893	-0.0367661952	0.1120225545	0.04518752	-0.0049180326	-0.1666996098	0.1032558704	-0.0009689405	0.1344309762	-0.0517355267	-0.1746894588	-0.0334451519	0.0377930468	-0.0550970264	-0.0323999368	0.0992674814	-0.0862229519	0.0411577041	0.106401812	0.0119550178	-0.0388503435	0.1131803473	-0.0884171006	-0.1226004309	-0.0283560882	-0.0286666859	0.0429622426	0.0410809482	0.023521717	-0.0014371331	-0.0175950642	0.0016502234	-0.0826736234	0.0037547784	0.0322846644	0.0743304404	-0.067243616	-0.01553775	-0.1057122712	-0.1372337634	0.0284324261	0.0253633227	0.0085415513	0.0347272263	0.0004368075	0.0658230888	-0.026710976	-0.127330431	-0.0482728831	-0.0412798761	-0.0829702383	0.0375161416	-0.0170982688	0.0705510206	0.1141677964	-0.1089862045	0.0052366221	-0.0614493263	0.1118563022	0.1001308247	0.0814902283	0.0	0.001529952941496	-0.0053494633560689	2.861675819792393e-05	2.340756003192263e-06	-0.0160713559241543	0.0489137027358026	0.0023925503153264	0.0002582884812408	0.0122500234721627	0.0013212484306848	1.745697415587049e-06	0.0001500630750685	0.0011620335634971	0.0002659499327406	1.3503220026937685e-06	7.072936672478281e-08	0.0002558451051031	-0.0003700352498716	6.545671780521627e-08	1.3692608614753748e-07	-0.0002661485499285	1.3164524940002898e-07	7.083505062904327e-08	1.7330471689595825e-14
553.6089110128322	1.492827050449705	2.228532602554366	306482.826352814	713.832141159016	-2.478275371832183	6.141848818629944	509556.3257516654	534.4443970481948	1.364237749458539	1.8611446370476992	285630.8135362085	588.3757395719871	513.5139417421924	1.080926	20.424173	0.0964018274301775	0.0534751999855367	-0.0081385714	0.0082098769	-0.0688709535	-0.0781473137	-0.0374608476	-0.0313342403	0.0164972639	0.0338733508	0.04824724	-0.0137598152	0.0030270134	0.028347844	0.2018505792	0.0458111161	0.2359128969	0.033389322	-0.104818292	0.0051331164	-0.0679092687	-0.051530612	-0.0855892227	-0.0007450546	0.0175023886	0.1107520632	0.0593056174	-0.011062749	-0.0065425546	0.0031777409	-0.1163270684	0.0227348404	-0.0221767364	0.0163503027	0.0170229334	0.0341699011	0.0030720748	0.0644715911	-0.0506790261	-0.1157932334	-0.1229895614	0.0974024773	-0.1137716934	0.0376157447	0.1054910536	-0.0840112214	-0.0381392454	0.0479675441	-0.1177235237	0.043619166	0.0525436417	-0.055987683	0.1659879826	0.1209904884	0.0024549174	-0.0460086666	-0.1119765184	0.1814404735	0.0098810304	-0.0021419163	-0.116127573	-0.0331674518	-0.0684442522	-0.0472372687	0.1568678444	0.0024089739	0.1092426621	-0.0097496691	-0.0511509293	-0.0410687888	0.0006549039	-0.119503419	-0.0047498339	-0.0991794862	0.0034574123	0.0617404804	0.0620799931	-0.0389586555	-0.0306315442	0.0329806568	-0.0272090522	0.0890998417	0.1493975408	0.0389107224	0.0099380251	-0.1664705239	-0.035681444	-0.0367123433	0.1721133929	-0.1353768015	0.0047375046	-0.0130305103	0.0470518372	-0.0520841716	-0.0108263132	-0.0861721689	0.0648711191	-0.0990645357	0.0257143693	-0.0347003894	0.0870514428	-0.0858833651	-0.0061817635	-0.048302551	-0.0508312665	0.044612987	0.0059520596	0.0578877491	-0.0859162946	-0.0773147988	-0.1440112731	0.1111951025	0.0975848992	0.0761215592	0.0	0.0038540995148821	0.0023241465733861	5.40165729458235e-06	1.485408307061444e-05	0.0169047955949963	0.0329761515191506	0.0010874265690139	0.0002857721141086	0.0051516866207919	-0.0070983368513708	5.0386386055528726e-05	2.653987503884626e-05	0.000538056164236	-0.000623977399261	2.895044358723574e-07	3.893477947886461e-07	0.0006259513350961	0.000370106229993	3.918150739085901e-07	1.369786214796314e-07	-0.0001801683294572	8.59802204713e-05	3.246062693939816e-08	7.392598312293356e-09
552.0766697421585	-1.532241270673694	2.347763311555737	304788.64927359234	715.378611842683	1.5464706836669393	2.3915715754412905	511766.558281964	533.7161294767172	-0.7282675714775451	0.5303736556658012	284852.906863608	587.3495071033855	510.3035314924993	1.002588	18.943974	0.0742827113917265	0.0394102745006802	0.0269171529	0.0297731116	-0.1372654083	-0.0495535754	0.0511183179	0.106925789	-0.0866829971	0.0364115317	0.108313581	-0.1081699337	0.0925816863	-0.0545953271	0.1284756172	0.141276593	0.0896552224	-0.0255356876	-0.0396283906	0.0838592575	0.230723172	-0.056385355	-0.0601884829	0.0838938209	0.0230568825	0.073065538	0.0229343355	0.1055056793	-0.0609361184	0.2401689036	-0.0151663274	-0.0192706842	0.0868590339	-0.0089078042	0.1431978687	0.1299265209	-0.0250479137	0.0109760636	0.0844709902	-0.0540122432	-0.1074109033	0.0804242592	-0.0760062281	-0.163760275	-0.1242007668	0.0574079853	-0.106180492	-0.0302469141	-0.1893513338	-0.1519325381	0.0264026557	0.0710823547	-0.026630821	0.0238112131	0.0529252504	0.0427533349	0.1499547882	-0.0638264486	-0.0674468446	0.059629528	-0.1006272039	0.0787498465	-0.0260751356	-0.1196958976	-0.1040120104	-0.0840460024	0.2411253533	-0.1322701404	0.0016535231	0.0062230049	0.137818999	-0.0153273589	-0.1206275742	-0.1275308497	-0.2156675567	-0.0758071578	0.0707957942	0.1600479308	-0.0330689389	0.003808114	-0.0563470882	0.0849137417	-0.1128655498	0.0350403121	-0.0124796326	-0.2234824278	-0.0582185968	0.0098057056	0.0624829482	-0.0816417266	-0.0171055243	-0.1045715981	-0.0490225579	0.0830494324	-0.0586009818	-0.0325730421	0.2093629366	-0.0587411879	0.1318421137	-0.1117916333	-0.0356888376	0.0022736731	0.0015825815	0.0088105572	0.0550924816	-0.1068861224	0.0175718265	0.0310678634	-0.1357974601	0.1112133058	-0.1697433205	0.1104844722	0.0948654713	0.0704484286	0.0	-0.0074159184324571	-0.0112700179473392	0.0001270133045333	5.4995846196856974e-05	-0.0111565485996436	-0.0280613441946398	0.00078743903801	0.0001244685766562	0.0031026387621295	-0.0020490478586623	4.198597127088965e-06	9.626367288268476e-06	0.0008520491613844	0.0003139929971484	7.259877734158593e-07	9.859160225823513e-08	0.0003678863941645	-0.0002580649409315	1.353403990113579e-07	6.659751373803019e-08	-0.0002661564191989	-8.598808974170002e-05	7.08392394807806e-08	7.393951577426656e-09
553.5573098860334	1.4806401438748935	2.1922952356538654	306425.695328262	717.5777129295411	2.1991010868581498	4.836045590220696	514917.7740931909	535.0663245474938	1.3501950707765218	1.8230267291492168	286295.9716647639	589.98935425168	506.7615523943208	1.159881	21.91604	0.0919094905002759	0.0506115076847456	0.0238291943	0.0316408179	-0.0719823854	-0.0489312272	0.087143716	-0.0566285735	0.1719602471	0.1153869615	-0.0211467357	0.0967503602	0.1475225925	-0.0072866815	0.0730040616	-0.0405176857	0.1562862685	-0.0122050995	0.0715306418	-0.0575199703	-0.0484921052	-0.1693804929	-0.0760722072	-0.0646109774	0.104095367	0.0441593362	0.0851799856	0.0776091975	-0.0288822018	0.036852059	-0.1184583335	-0.0498609569	-0.0015593991	-0.036690266	-0.1328570592	0.0889126209	0.0096464048	0.1244494614	0.0968501209	-0.1164130971	-0.0261399712	-0.014753666	-0.1654615381	-0.1638300733	-0.147405524	0.0887229551	-0.0259846187	-0.1320707203	0.001623672	0.1407540267	0.0832185023	0.1419965234	-0.063093886	-0.1039678793	-0.0929367697	-0.0471402345	-0.0778444222	-0.1167571704	0.1004939591	-0.0118786101	-0.1457399578	-0.1259839266	-0.0056455919	0.000788011	0.1753443212	0.0865615492	0.0394093669	-0.0435196253	-0.0564852349	-0.0206388428	0.1465286045	-0.1088171901	-0.0605558483	0.0807104418	-0.0957635267	0.1017234392	0.1466238262	0.0670455338	0.0893885467	0.1234099777	-0.0637169377	-0.0192230427	0.0037760053	-0.007222939	0.0500482994	0.020472759	-0.0662374464	-0.0829648497	0.1277978513	-0.1326174804	0.072550887	0.0741266744	0.1189087522	-0.1578506369	-0.0221466014	-0.0533699503	0.0758337782	-0.0573576609	0.0574921283	-0.1082613237	0.180382252	0.0340256027	-0.0859637718	0.0736675193	0.0828164731	-0.0828735159	0.1133528142	-0.1003738172	0.057488486	0.0129516738	0.1201675216	0.1097247271	0.091977376	0.064493527	0.0	-0.0269916315561999	-0.0195757131237428	0.000383208544303	0.0007285481740656	0.0224271853595325	0.0335837339591761	0.0011278671866407	0.0005029786431508	0.0030568810816475	-4.575768048200018e-05	2.09376532309282e-09	9.34452194733439e-06	0.0003360834787165	-0.0005159656826679	1.1295210466618413e-07	2.662205856909521e-07	0.0006259551223006	0.000258068728136	3.9181981513435916e-07	6.659946844178426e-08	-0.0002661051152654	5.1303933499993824e-08	7.081193237041184e-08	2.632093592571789e-15
551.4048220657252	-2.152487820308238	4.6332038165753096	304047.277797334	714.233308048924	-3.3444048806171622	11.185044005495897	510129.2183265091	534.3700955230411	-0.6962290244526912	0.4847348544903461	285551.398989304	587.7870963295737	501.6600642558021	1.326833	25.070618	0.2739437271036423	0.1893393964128145	0.0797314158	0.0356895229	-0.1036892987	0.0505707915	0.1068794443	-0.0059935369	-0.0169336588	-0.0199655724	0.0415733269	-0.2143422257	0.0432921442	-0.1064595964	-0.054387579	0.1371862596	-0.0433773327	-0.0319534444	-0.1019250531	0.0208185563	0.004716705	-0.0676527812	0.0721326937	-0.0021287734	0.0041746697	-0.0787563398	-0.0170553381	0.0350546716	-0.041718471	0.1036089796	0.0781873652	-0.0063623513	-0.0819093767	0.0540610606	0.0282040804	-0.1210821265	-0.1070917543	-0.1445391028	0.0375228387	-0.1032797112	0.0412764704	0.0455593017	-0.1047066178	-0.1750193896	0.1863266442	0.0192619294	0.089672613	-0.001815252	-0.0441127347	-0.0511860893	0.0545326031	0.0584012242	-0.0316838672	-0.0552288254	-0.0661070159	0.0752942302	-0.2357177097	0.0924347417	0.0680433323	0.0394460338	0.0283895611	0.0691734663	0.0264653207	0.0515889782	-0.1542380565	-0.1473721626	0.0541406534	-0.187587657	0.0185515254	-0.0067010968	0.0154243415	-0.0923682228	-0.0274690457	-0.0269150027	0.1022463516	-0.1060919721	0.0582109108	0.1544497489	0.046858266	-0.0106487583	-0.004156893	-0.0019131328	0.0342893983	-0.0935149285	-0.1192582867	-0.0496472388	0.047868464	0.1114591825	-0.1264394665	0.0522708985	-0.0128911972	-0.0542797233	-0.0886518003	0.064136568	-0.0042569296	0.0722077987	0.3311018563	-0.1131805503	0.0316420141	0.1310008632	-0.0156728329	-0.0780092891	-0.1113831662	0.0509841259	0.0147697345	-0.0297949663	-0.0495338532	-0.0146252374	-0.0565622717	0.0106750654	0.0985556475	0.1089162049	0.0889257484	0.0582806721	0.0	0.0073175139552716	0.0343091455114715	0.0011771174657273	5.3546010485594616e-05	-0.1515869828847798	-0.1740141682443123	0.0302809307497598	0.0229786133801105	0.003579014501156	0.0005221334195085	2.726233077676394e-07	1.2809344799484932e-05	0.001194024725273	0.0008579412465564	1.4256950445632631e-06	7.36063182542921e-07	0.0002538842868369	-0.0003720708354636	6.445723110268131e-08	1.3843670660265569e-07	-0.0001941515987186	7.195351654680002e-05	3.7694843284988286e-08	5.177308543450625e-09
552.4506846351917	1.0458625694665216	1.0938285142111146	305201.75895389204	715.6030317509206	1.3697237019966906	1.8761430198115188	512087.69905110914	534.8369461512801	0.4668506282390581	0.2179495090872032	286050.5589684273	588.577449467418	498.01189194093473	1.240692	23.44297	0.275239280924473	0.1977299990642767	0.0722906169	0.0491337707	-0.0194538782	-0.0678723603	0.1359751397	-0.0849400388	0.0192712847	0.0459935892	-0.0404642791	0.0387750567	-0.0241428565	0.0348511238	0.0194558234	-0.1447484829	0.200289665	-0.1405852843	0.1182494979	-0.0523158439	0.0953558822	0.0099773889	-0.0054240326	0.0022537787	0.0343031034	0.1035704605	0.0508050849	0.0220257385	0.009406582	0.069509396	-0.0602726247	0.0863064222	-0.0952229458	-0.0500452468	-0.1404679542	0.0453349754	0.0080314667	-0.0139753547	-0.0395919304	-0.0833520689	0.1051429991	-0.0162349804	0.1779128375	0.1188760393	-0.0418984922	0.0091995643	0.0829190072	-0.0577257335	-0.0041906993	0.1854056943	0.0652974049	0.0797854734	0.0132418858	-0.0472179386	0.0612589731	0.0116683701	0.0092378014	-0.1269738584	0.0691959265	-0.0168418177	-0.0253312824	-0.0428977136	-0.0121686207	-0.1530158462	0.1913786995	0.0032928609	-0.0151034968	0.0907895926	0.0825174182	-0.0733207541	0.0685351233	0.0797649553	-0.0150096127	-0.0505599677	-0.0004041863	-0.0540734479	0.0478613341	0.0829637448	0.1627641031	0.0754408365	0.1084187298	-0.0497221844	-0.0885542255	0.0017753578	-0.0423936674	0.0040908819	0.0770447226	-0.050536566	0.1075684072	-0.1266858163	0.1490123828	-0.0224553243	0.0468356687	-0.1255012032	0.0979806536	0.0008600088	0.0650056093	0.0436216006	0.0621995913	-0.0088740362	0.0625125566	0.0697432833	-0.0123824862	0.0491968605	0.0338924795	0.035627729	0.1383063366	-0.0508682414	-0.1488538857	0.0095642237	0.00936849	0.1080592651	0.085716014	0.0518347133	0.0	-0.0098083188347288	-0.0171258327900004	0.000293294148751	9.620311836369572e-05	0.0314903525957106	0.1830773354804903	0.033517310766636	0.0009916423066021	0.0105576782000582	0.0069786636989021	4.870174702237533e-05	0.0001114645689759	0.0002580436684399	-0.0009359810568331	6.658653482192104e-08	8.760605387504067e-07	0.0006259812019906	0.0003720969151537	3.918524652455964e-07	1.384561142668998e-07	-0.0001410805916038	5.307100711480001e-05	1.99037333272782e-08	2.8165317961791524e-09
552.6181937687732	0.1675091335814613	0.0280593098332118	305386.8680842613	717.2895922128122	1.6865604618915313	2.8444861916157755	514504.3590968224	534.2242354138062	-0.6127107374738898	0.3754144478157979	285395.5337034659	588.0008738898532	505.7566206165167	1.166819	22.04714	0.2128036840923335	0.1512739668343342	0.0535370452	0.046056021	-0.1302657479	-0.0504604003	0.0132660967	0.1255915224	0.0180648979	-0.1059373729	-0.0758957238	-0.0629116842	-0.0384217623	0.038408395	-0.1755240081	0.1288193716	0.0310087361	0.2250000021	-0.0118287337	-0.1845677927	0.0693422163	0.0115305967	-0.0252137655	0.1368397931	0.037856408	-0.1472621541	0.0464948619	-0.038683167	-0.1167369699	-0.1099568988	0.1603375735	0.0248456112	-0.1234007628	-0.1016950295	0.0561959671	0.1850308895	0.0488691176	0.0363806053	-0.1392238819	-0.1437889174	0.0432667263	-0.0278105692	0.0368502374	-0.0402761755	-0.0155467032	-0.0883885824	0.0542742169	0.1092130812	0.0403036591	0.0080002921	-0.1942435239	-0.0282497322	-0.0157745409	0.0127859006	-0.0851148854	-0.0302965229	0.0240255471	0.0283204959	-0.0810821409	0.1410004214	-0.0033411606	0.0412999426	0.0422218526	0.1802167607	-0.0614550557	-0.1639286919	-0.0464072803	0.0127022052	0.0922463915	-0.0580663281	-0.0935611016	-0.0308899179	0.1261445889	-0.0210972779	-0.0434106873	-0.0231657778	0.1162113799	-0.0527284964	0.2796941053	0.0669737009	0.0375784254	0.0754779982	0.1086395466	0.0312497913	-0.0507077039	0.0114741667	0.0872289215	0.0407886739	-0.0441228474	-0.0025900082	-0.0232828509	-0.0356513002	-0.21532382	-0.0049234305	-0.0672900257	-0.0531399715	0.177821629	-0.1009420045	-0.0610077873	0.0253115035	0.0718146185	-0.059467809	0.0251211704	0.0832606354	-0.0879623895	0.0725662773	0.1355323257	-0.0149471159	0.0770646578	-0.0249335789	0.0045978174	0.1071542885	0.0823538796	0.0451814325	0.0	0.0096740036692466	0.0194823225039754	0.0003795608901489	9.358634699259668e-05	-0.1112592091651833	-0.1427495617608939	0.0203774373829272	0.012378611624062	-0.0124226163425618	-0.02298029454262	0.0005280939372655	0.0001543213967944	0.0007280182135898	0.0004699745451499	5.300105193184837e-07	2.208760730888554e-07	0.0006259783631887	-2.8388018999316723e-09	3.918489111804041e-07	8.058796227055675e-18	-5.922786985871329e-05	8.18527217450867e-05	3.507940568000678e-09	6.699868057078589e-09
553.3039330939599	0.6857393251867734	0.4702384221076113	306145.2423772453	715.9211391272272	-1.3684530855849744	1.8726638474470367	512543.0774492266	535.3129287417572	1.0886933279509776	1.185253162324975	286559.9316780776	588.8236984630207	508.8345263460623	1.084154	20.485168	0.1609903635968267	0.1128652123135288	0.0056916156	0.0397179964	-0.044698714	-0.0544680476	0.0442521725	-0.0429502113	-0.0036477615	-0.0067396022	-0.0696578427	0.0772656425	0.1017765277	0.0771333579	0.0117697576	-0.0112383144	0.1913351626	-0.0082628711	0.0596007862	0.04430358	0.1129728335	0.1772870492	-0.0771060406	0.0120123629	0.0170458049	0.1556654641	0.0018235528	0.0231617908	0.0978404127	0.0787542026	0.0364219919	0.2420517056	-0.0699170562	-0.0426604627	-0.0818300733	0.0797430375	-0.0413853815	0.0330363708	0.0729807095	0.2451888518	-0.0115808873	0.1010444123	0.0668126355	-0.1603244559	0.0988381829	-0.1769426159	0.0065447059	-0.0194736507	-0.1454781337	-0.0653594228	-0.0492841911	-0.0711041394	-0.0440335169	-0.0515107506	0.0137346567	0.1245807689	-0.0971029571	-0.0360936292	0.0052058461	-0.0198376175	-0.1101908734	-0.0151995795	0.0019775256	-0.0660262832	0.1853865231	0.0131672095	0.0820656743	0.0597629557	0.0852156661	0.1217865507	0.039107191	0.0058274472	0.0151989318	-0.1789648999	0.0474194857	-0.0918058987	-0.1139529348	-0.0055271979	0.1606393951	-0.015412667	0.0156161512	-0.0929159792	0.0501261064	0.0696437528	0.0091292103	-0.0796428287	-0.0246781584	-0.0417926751	0.0586599961	-0.0846778276	0.060459289	-0.0413760269	-0.0235942677	-0.0113052986	-0.0867092676	-0.0478816344	0.1084048692	-0.0630260255	0.0881251904	-0.0077769005	0.1014819658	0.0161656464	0.0342423941	0.0800327747	-0.0051521587	0.0994117297	0.0476860647	0.0617410391	-0.0797217861	-0.0134143806	-0.2270485274	0.1062016776	0.0788453231	0.0383474405	0.0	-0.0100150780984051	-0.0196890817676517	0.0003876599408532	0.0001003017893171	-0.0050943450277003	0.106164864137483	0.0112709783773302	2.5952351261254768e-05	-0.0067283666536326	0.0056942496889291	3.242447951987028e-05	4.527091782571515e-05	0.0003850127728661	-0.0003430054407237	1.4823483527004314e-07	1.176527323660597e-07	0.0003869869466768	-0.0002389914165119	1.497588968982325e-07	5.711689716636448e-08	-6.607437267837016e-05	-6.8465028196568645e-06	4.365822724840148e-09	4.6874600859569394e-11
552.5371912888644	-0.7667418050955348	0.587892995681159	305297.3477573871	717.3036357869245	1.3824966596972672	1.9112970140741012	514524.5059131408	534.7334717552261	-0.5794569865311132	0.3357703992397187	285939.8858153972	588.5145791888674	505.93190726752806	0.994712	18.795153	0.1120944222116696	0.0879336014664923	0.0415383662	0.0113563205	-0.081762395	-0.0085382173	0.0550136237	0.0301814625	0.1200742386	0.0587237561	-0.0377843628	-0.050637729	0.1088798127	-0.0276036048	-0.1411147329	0.0138666994	0.0398429853	-0.0072490532	-0.1203759594	0.0112781273	-0.0506455363	-0.1397795544	-0.0468413203	-0.0422793634	0.0939910615	-0.0883600382	0.1545629073	0.0257622478	0.0151193416	0.0035982043	0.0110992334	-0.0922205668	0.0098602945	-0.1884078305	-0.0153615769	0.017447598	0.01991573	-0.0250106198	0.0420683891	-0.0260319449	0.0219844342	0.0830974581	-0.0538588946	-0.0185766895	-0.0078618302	0.0716743689	-0.0966715127	-0.0266961115	0.072839912	-0.1336444793	0.0796645945	0.0497418087	0.0089839969	-0.0115321365	0.0598435873	0.0868106028	0.0180176885	0.0491176676	0.062921427	0.0555630516	-0.0916343408	0.0074121318	-0.0001435337	0.1518249858	-0.0226070959	-0.0026621624	-0.0419353439	-0.1077681047	-0.034627968	0.0100088592	0.0497126418	-0.0479799668	-0.1758021074	-0.0402933001	0.0154168871	0.0647840108	0.1346618059	0.0075284752	0.115517238	0.1073011564	-0.1482813358	-0.1058774598	0.0239667852	0.0367587526	-0.0747084346	0.0506946035	-0.026158985	0.0440354363	-0.0500026972	-0.0074289734	0.02405285	0.0293071315	-0.0445419844	-0.0418840384	-0.0680961011	-0.094484361	0.1915657948	-0.0345870565	0.0286270669	-0.0322549723	0.129457861	-0.0433586748	-0.0534794968	0.1491627655	-0.0255665913	-0.1107999239	0.0949727666	-0.1795163067	0.070674947	0.0752843561	0.0335467474	0.1052018558	0.0751965824	0.0313600711	0.0	-0.0099211658374969	9.391226090819936e-05	8.819512748889712e-09	9.842953157511558e-05	-0.0914516792665551	-0.0863573342388548	0.0074575891768412	0.0083634096406728	-0.0139210442806927	-0.0071926776270601	5.173461144681092e-05	0.000193795473865	0.0004120225020303	2.700972916419998e-05	1.6976254217930858e-07	7.295254695234348e-10	0.0002019539024735	-0.0001850330442033	4.078537872427596e-08	3.4237227447140375e-08	-0.0002230415610078	-0.0001569671883294	4.9747537936796176e-08	2.4638698212046694e-08
552.568144576801	0.0309532879366543	0.0009581060340894	305331.5544010485	714.9127093946577	-2.390926392266806	5.716529013237965	511100.1820540102	534.697154749502	-0.0363170057240722	0.0013189249047622	285901.04729721294	588.1833220750858	503.6441693447464	0.983924	18.591318	0.07658553131059	0.0435093569146512	0.04417907	0.0226326792	-0.0290952263	-0.0095682987	0.113181486	-0.0625687567	-0.0284100954	-0.0134693469	-0.0241264823	-0.0196653784	0.0228907729	-0.0391098287	-0.0528115803	0.0508955313	0.0221805219	-0.0821336265	0.0875204434	-0.0261317455	0.0253924255	-0.0228880021	0.0681914803	-0.0267958377	-0.0016055591	-0.0004883607	-0.0950329723	0.0016648634	-0.0552570589	0.0170948404	0.0923145443	0.1732751643	0.0097890739	0.0353583332	-0.0547626293	0.0185864534	-0.0969311013	-0.0829270275	0.0506927306	0.0400545946	0.0178842066	-0.1788214112	-0.0133200258	0.0125788862	-0.0900982335	0.0227408045	4.70341e-05	0.1010005977	-0.0953913755	0.0092690479	0.0157305401	0.0984691326	-0.0041124945	0.1132756994	0.0957412876	0.1564216862	-0.023728228	0.0571560694	0.0450538049	-0.0378072858	0.0378021897	-0.0241544019	0.0418458418	-0.0543779493	0.0113364613	-0.0810301734	-0.0029871844	-0.0202945682	0.1376160602	-0.0052640124	0.0860405549	-0.0970486836	0.1296270058	0.0313975092	0.077763947	-0.1292840592	0.0764497153	0.0478634616	-0.0072297904	0.0776106313	0.061847655	-0.0873467632	0.0067012411	-0.0745097173	0.1005942742	-0.113333457	0.0502614103	0.0072965774	-0.0427980233	-0.0008820731	0.0826025008	-0.0112258632	-0.0055939188	-0.0124464471	-0.0096275929	0.0636538015	0.1022805123	-0.1547340472	0.0661824852	0.1272831185	0.1528367296	-0.0631727793	0.0228206885	0.0051793096	0.0417492853	0.0099394892	0.0229487563	0.1088335898	0.1121945514	-0.0317557237	-0.0004333781	0.1041552675	0.071414145	0.0242472716	0.0	-0.0099685285141646	-4.736267666769975e-05	2.24322314112907e-09	9.93715607377127e-05	-0.0639042793171142	0.0275473999494409	0.0007588592439744	0.0040837569150397	-0.0002810688892651	0.0136399753914276	0.0001860489286787	7.899972051271707e-08	-7.199541457053361e-05	-0.0004840179166008	5.183339719183004e-09	2.342733435906115e-07	0.0001330023378949	-6.89515645786e-05	1.7689621885509154e-08	4.754318257836846e-09	-6.899517632615627e-05	0.0001540463846816	4.760334356277395e-09	2.3730288633484957e-08
552.5119286059002	-0.0562159709008938	0.0031602353843301	305269.43125181133	717.399374481118	2.4866650864603344	6.183503252220782	514661.8625058994	535.0523978507165	0.3552431012144552	0.1261976609604637	286281.0684458014	589.5902344993619	504.759053301033	0.946105	17.876722	0.0746788722087004	0.0434934282010247	0.0419747571	0.0291413855	-0.1326191858	-0.0185199394	0.164136425	0.0900927792	0.0924441975	0.0172038208	0.0615826235	-0.0553524163	-0.1506530869	0.1530714215	0.0191332667	-0.064376581	-0.0166028974	0.0010844628	-0.1188222257	-0.0641645801	-0.0664998675	-0.0541565469	0.1059536221	0.1177619646	0.0742109546	-0.0077452742	0.0221452052	0.0424108588	0.0341097233	-0.1348023925	0.0833936487	-0.0254363654	-0.0243182398	-0.0940831103	-0.0568346557	-0.0766059013	0.0261336325	0.0420752721	-0.0092569276	0.0557292591	0.0908775683	0.0345605238	-0.0238715889	0.0345007076	-0.1097236021	0.0030997707	0.0025828261	-0.0356525113	-0.0385902285	-0.0818245706	0.0786415732	-0.0106973487	-0.1075435701	0.0151537538	0.1509607551	0.1640967935	-0.0883678577	-0.0951340297	0.0407614173	0.1699846137	0.1000072598	-0.0547323113	-0.0061542856	0.0331729036	0.0210915528	0.0205810069	-0.004546912	0.064875808	-0.0713838401	0.0205796082	-0.0931651636	-0.0142586458	0.0004946336	-0.0313254236	0.1037847861	-0.01962562	0.1850516652	0.0349047547	-0.0001873213	0.025093997	-0.0279472896	-0.1368085956	-0.00917294	0.1249040564	-0.0604082357	-0.0218594023	-0.0485766301	0.0095462441	-0.081221474	-0.0074030292	0.0222314811	-0.0331473001	-0.2016180743	-0.0622433735	-0.0248375172	0.0416186359	0.0673308357	-0.079004864	-0.0964851057	-0.0350752322	0.1965239098	0.0675243121	-0.0067287432	0.0627763945	-0.1456884241	-0.0819291551	-0.0009345471	0.1043266997	0.0124778694	-0.0069844258	0.0015361345	0.103062378	0.0675047358	0.0170374908	0.0	-0.0098274578705712	0.0001410706435934	1.9900926483856335e-08	9.65789281978518e-05	-0.0915128608605471	-0.0276085815434328	0.0007622337748403	0.0083746037028818	-0.0085301155607595	-0.0082490466714944	6.804677098849283e-05	7.276287147991134e-05	0.0004315148863417	0.0005035103009122	1.8620509713449025e-07	2.535226231247281e-07	9.693506865238176e-05	-3.6067269242518246e-05	9.396407534641964e-09	1.3008479106123028e-09	-0.000303021073175	-0.0002340258968488	9.182177078812873e-08	5.476812039590566e-08
551.8435470339251	-0.6683815719750328	0.4467339257558159	304531.3004029839	718.7898516745918	1.390477193473771	1.9334268255706948	516658.8508703816	534.9654016929097	-0.0869961578067659	0.0075683314731397	286187.98100845626	588.985089175605	503.2038567483602	0.969097	18.311161	0.0763815476759181	0.0429800060439707	0.0615620706	0.0419623743	-0.1094262358	-0.0559095893	0.0288035738	0.1408341925	-0.0473755757	0.0163259125	-0.0849287124	-0.0471862432	-0.0316966633	0.1406692657	-0.0535646813	0.0810129551	-0.0738621599	-0.0469848987	0.1771058951	0.0819134548	-0.0290663581	0.0972220097	-0.0093658522	0.1024054535	0.1267072773	-0.078055962	-0.0565912444	-0.0629674117	-0.0787988607	-0.0238180459	0.0818828635	0.019798659	-0.1406616116	0.1171299169	-0.1012370038	0.2370866559	-0.1101166561	0.0003122328	0.0964598364	-0.1017229739	0.102059636	-0.1267788296	0.1015554092	0.088669797	0.047463867	-0.0153990894	0.0833792469	-0.0301071677	-0.0896396869	-0.0762120188	-0.120405754	0.0035993253	-0.0757092339	-0.1361621677	-0.0164774639	-0.1410562121	0.0766505503	-0.0267805451	-0.0784510298	0.1205580024	-0.0074981681	0.005709769	0.1049627838	0.0582264933	-0.0092608188	-0.1112255848	-0.0286210863	0.1132924385	0.216354316	0.118974571	0.0113325496	0.0038229913	0.1284618988	0.0633409543	-0.0830200333	0.0707997776	-0.0474732904	0.1525630463	0.1335779327	0.1018629398	0.1342648123	0.0295908125	-0.0303437786	0.0835082212	0.0067953583	-0.0029328395	0.2160064225	0.0032563709	-0.0683133756	-0.0058633169	0.0813321693	-0.0217606319	-0.2157782461	-0.0551302432	-0.1222012483	-0.0025640389	0.0336685043	-0.0867269578	-0.0013159142	-0.0273738579	-0.0416587894	0.0366414688	-0.0090473146	0.0056524692	-0.0384769395	0.0654306806	0.1058891779	0.0061984344	0.1381300876	0.0250305896	0.0191409695	0.1019236731	0.0634753057	0.0097595656	0.0	-0.0099451097003964	-0.0001176518298251	1.3841953061217762e-08	9.890520695291856e-05	-0.065235721574183	0.026277139286364	0.0006904880490749	0.0042556993693043	-0.002617135245245	0.0059129803155144	3.496333621166194e-05	6.849396891903607e-06	-7.201871021580441e-05	-0.0005035335965575	5.18669462114801e-09	2.535460828621356e-07	-0.0001829926797611	-0.0002799277484134	3.3486320846148495e-08	7.835954433184155e-08	-0.0002050068932617	9.801417991330002e-05	4.2027826284814056e-08	9.606779464076746e-09
551.6721111371291	-0.1714358967959697	0.0293902667102383	304342.118206497	716.5700970267729	-2.2197546478188315	4.927310696513304	513472.7039529588	535.098307060015	0.1329053671053088	0.0176638366053969	286330.19821849413	588.8680005028134	495.9846120998485	1.001662	18.926476	0.0534971580019644	0.0348923928574407	0.1044502246	0.0011947707	0.0247251942	-0.0230418923	-0.0174979395	0.014244897	-0.036195107	0.061384878	0.0028086951	0.0377355448	-0.0657972133	0.1142207206	-0.0804954087	0.0709990933	0.0921776598	0.0754944978	-0.0604960852	0.1113818776	-0.0889442052	0.0135957919	-0.0612361458	0.0028013562	0.0692045525	-0.0168134926	0.0731727007	-0.1798274446	-0.0201483458	-0.0003487174	0.1880984005	-0.0077428998	0.187692623	0.0637813188	-0.1336149801	0.0387423226	0.0914796882	0.156237639	-0.0357973716	-0.1138021295	0.0844452885	-0.0800353672	-0.1583756711	0.0653388527	0.0675285817	0.1235622837	-0.0294044256	-0.1071124506	-0.0042797614	0.0573861186	0.0431256693	0.0751525825	-0.0352593827	0.023405575	-0.0177805721	0.0933347953	0.0242664217	-0.0166755783	0.022360298	0.0284507975	-0.0985351243	0.0486528407	-0.0389735494	0.1331735159	0.0232642932	-0.1286178345	-0.0874720335	0.118227496	0.0689800429	0.1283893634	-0.06113973	-0.1036149757	-0.0075834486	0.0637969061	-0.1107103782	-0.1500756795	0.1270785939	0.0405848281	-0.1060412645	0.1349355599	-0.0434335517	-0.0149443247	-0.1216318613	0.0702772307	0.0909922989	-0.0869291666	-0.1622569873	-0.0085904269	-0.0764443354	0.0167741031	0.0633061608	-0.0566634016	-0.0398271682	-0.1167127032	-0.2290602845	-0.017155297	-0.038851851	0.0573272033	0.0738492148	-0.0243412716	-0.0205716937	-0.0481940806	0.0589734288	-0.0424894278	-0.1005836072	0.1138512942	-0.0762337754	0.1857971643	0.1707064434	0.0599113448	-0.0898229563	0.100739659	0.0593330188	0.0024426053	0.0	-0.004496895810405	0.0054482138899913	2.9683034591095217e-05	2.022207192963804e-05	-0.06265985491342	0.002575866660763	6.6350890540303785e-06	0.0039262574177708	0.0038528305019553	0.0064699657472003	4.186045676994514e-05	1.484430287679713e-05	-0.0006990345756849	-0.000627015865469	4.886493380029682e-07	3.931488955499589e-07	-0.0003359283528485	-0.0001529356730874	1.1284785824750633e-07	2.3389320102696096e-08	-0.0002051175887854	-1.1069552369999187e-07	4.2073225229136446e-08	1.2253498967215461e-14
553.143768466924	1.4716573297948798	2.165775296338996	305968.0285937901	715.8916546564336	-0.6784423703393259	0.460284049871643	512500.8612067264	535.4214584803817	0.3231514203666847	0.1044268404850058	286676.13820125913	588.561153402084	498.3362903655106	1.060918	20.046125	0.0657057198627852	0.0413475538590963	0.0836944459	-0.0308070288	0.1251736059	-0.0061725561	-0.1222141528	-0.0245444066	-0.2130327248	0.0363711026	-0.0097055798	-0.0011906051	0.0705594335	-0.0040022521	0.0496302427	-0.0917966318	0.0021237397	-0.0745233185	0.0290441729	0.0782360812	-0.0509020629	0.087450984	-0.0328358295	0.0311516196	-0.0107720886	0.0696622596	-0.0301898351	0.1564932965	0.2135881861	0.0028989843	-0.0066444383	-0.03935771	0.0459803841	-0.0461458484	-0.0306525686	0.0290446983	-0.0549204521	-0.0105054708	0.0295123688	-0.0438080269	0.0285958511	0.0300434507	0.0766886769	0.0203055578	-0.0170592146	0.0781656259	-0.0368906001	-0.0633718697	0.1679434938	0.048474497	-0.1562996035	-0.1069626664	-0.1042221284	-0.0025460699	-0.1735329503	-0.0571761233	-0.0071758137	0.0063013046	-0.0255229875	-0.02518005	-0.03283998	0.0963741512	0.0182077045	-0.1663241632	-0.0270088073	0.1491932208	-0.036439705	0.0095407643	0.0295997375	0.1315755633	-0.0246977232	-0.0080338201	-0.0401962174	-0.0264044219	0.0770455343	0.0557728419	-0.0526217224	-0.0299405015	0.1031412004	0.0887144337	-0.1633281742	-0.0144063201	-0.1300927563	-0.0249779913	-0.0266332035	0.148932374	-0.0885641221	-0.0042614006	-0.0708407571	0.0063299178	0.1842870361	0.036709737	0.0129975821	-0.0464783587	-0.1525058932	0.0418725194	-0.0915169258	0.1004006324	0.126366232	0.0663365128	0.0394251263	-0.0362073233	-0.0730664627	0.051033522	-0.0022730781	0.0366774478	0.1052928217	0.0409491903	-0.0474505826	-0.0452501211	0.0223539844	0.0995108621	0.05508524	-0.0048841247	0.0	-0.0099543374385291	-0.0054574416281241	2.978366912438184e-05	9.908883384010208e-05	-0.0251727166078268	0.0374871383055931	0.0014052855383426	0.0006336656614179	0.0039123398480427	5.950934608740018e-05	3.541362271749971e-09	1.5306403086582777e-05	-0.0008350062082927	-0.0001359716326078	6.97235367887352e-07	1.8488284874030555e-08	-9.394606006218886e-05	0.0002419822927863	8.825862201208397e-09	5.8555430022120016e-08	-0.0001290389025199	7.607868626549998e-05	1.6651038363540258e-08	5.787966503884375e-09
554.5086417032738	1.3648732363498084	1.862878951304	307479.83372360974	714.7602362152016	-1.131418441231972	1.2801076891597851	510882.1952744108	535.0719709490786	-0.3494875313031116	0.1221415345363434	286302.0140953316	588.6767018216871	511.0348025471945	1.002849	18.948904	0.1266436176100722	0.0899852941456576	0.000675942	-0.1212199893	0.1730391771	0.0440802326	-0.0504912121	-0.1214555874	-0.0206700077	-0.0642669237	-0.0254133476	0.0283110654	-0.0075217271	0.1281942723	-0.0391624739	-0.0244792287	-0.0466770371	-0.0601485065	-0.0777753343	0.019773594	0.0332675893	-0.078047482	0.0603020604	-0.0727741519	0.009287688	-0.0144949396	-0.1123231631	-0.0264286193	0.0952330676	0.0368791323	0.0494242679	-0.1210740188	-0.1394521368	0.0150132804	-0.1289153697	-0.0922233389	-0.1264334022	-0.0079371146	-0.0237040908	0.0394668204	0.1002031117	0.1376595726	0.0403299531	0.08634463	0.0016724378	0.0622267605	0.0932391802	-0.0565638982	-0.0077693651	-0.0376910159	0.1632486016	-0.0672803485	-0.0385626249	0.1041654237	0.01551275	0.050086718	-0.0363562619	-0.0087229798	0.055597975	-0.1183992732	0.0819423659	0.0233203174	0.0573982274	0.0075913508	0.0162769241	-0.0089611093	-0.0416979451	0.103655292	0.0120390989	-0.0032977213	-0.0291719076	-0.0217718204	-0.1940841184	0.0437453198	0.1023126105	0.050533245	0.1166672883	0.0345156328	0.1046879485	-0.1104545286	0.0369005998	-0.1011582572	0.0075233903	0.1158863312	-0.0197801932	0.0674367998	-0.0253081749	0.0437066329	-0.1373293459	0.0799458958	0.1087062735	-0.0190551937	0.0316213984	-0.1286966094	-0.0731156253	-0.0338792457	-0.0526112091	-0.06198701	0.0991178275	0.0781946458	-0.0625493984	0.1562277994	-0.0994360119	0.0402874744	-0.0396003549	-0.0068542382	-0.0898270898	0.045072072	0.1106286723	-0.0951760331	0.0597429265	0.0982378286	0.0507395216	-0.0121913197	0.0	-0.0020697827383457	0.0078845547001834	6.216620282018416e-05	4.284000583953825e-06	-0.1075062962397339	-0.0823335796319071	0.0067788183350035	0.0115576037311854	0.0039375338877789	2.5194039736199655e-05	6.347396382292074e-10	1.550417311740722e-05	-0.0003660283830733	0.0004689778252194	1.3397677721525444e-07	2.1994020054751819e-07	-0.0002769623854015	-0.0001830163253393	7.670816292728902e-08	3.349497534070458e-08	-0.0002050505367261	-7.60116342062e-05	4.2045722611661684e-08	5.777768534697153e-09
553.6644153755313	-0.84422632774249	0.7127180924535701	306544.2848531289	712.7072052292992	-2.05303098590241	4.2149362290754215	507951.56038575846	534.5260902933555	-0.5458806557230673	0.2979856902926459	285718.14120430045	587.7093415061196	511.388866387772	0.86387	16.322887	0.1087438430784235	0.0783477958037395	-0.0064447248	-0.1165944612	0.1578402816	0.0344257388	-0.0455728096	-0.0921601748	-0.1254769376	-0.0835746763	0.0868768883	-0.0184176779	0.0830807081	-0.0258355405	0.0563725582	-0.0097687815	-0.0832478829	-0.0676292633	0.0176948874	0.0049024864	0.0039031921	-0.0591217475	0.0480822044	-0.0467779544	0.0304145392	-0.023555827	-0.0788279333	-0.0452212705	0.0224987417	0.0213829645	0.1097082906	-0.1220221203	-0.0174027035	-0.0088496537	0.0597348478	0.0516884592	-0.051245141	-0.0925663522	0.0369976164	-0.0518175579	-0.1369362198	0.0498168694	-0.1471865074	0.0863323354	0.0526972862	0.0189462013	0.022991904	-0.0476499743	-0.0688276077	-0.1420129927	0.1839342167	0.0615205594	-0.0765562574	0.0629438656	-0.1045409577	-0.0968594879	-0.0796744721	0.0079187754	-0.0003497533	-0.0913674774	0.0920773163	0.0812182974	0.0084369451	-0.0685260828	-0.10361297	0.0366250977	0.0714087992	-0.0270236503	0.1020108193	0.1126517757	0.0419329572	0.0656690267	-0.0518111951	0.1357151113	0.1096055811	0.0720304612	0.0778592771	0.0417071939	0.0483416646	-0.0611098772	-0.0881004342	-0.0204405689	-0.0712678947	-0.026176598	0.013114348	-0.0111582534	-0.0314193105	0.0183862147	-0.1120841877	0.0438027471	0.1795117677	-0.024174772	0.0194458372	0.0375265163	-0.1060550644	0.1011870447	-0.1346686871	-0.010351651	0.1467648366	0.052481791	-0.060375951	0.1262341114	-0.0532349615	-0.0107352545	-0.0092808754	-0.0158956703	-0.0169985076	0.0923813301	0.0303586297	-0.0542410844	0.0683587918	0.0969211244	0.0463035902	-0.0194497534	0.0	-0.0047320341508907	-0.0026622514125449	7.087582583597845e-06	2.2392147205195867e-05	-0.0413536216677812	0.0661526745719527	0.0043761763530226	0.0017101220250419	0.0040606782737597	0.0001231443859807	1.5164539798588197e-08	1.6489108042984055e-05	-0.001001040154875	-0.0006350117718016	1.0020813916721637e-06	4.032399503267342e-07	-0.000437897263162	-0.0001609348777604	1.917540130847699e-07	2.5900034879787067e-08	-0.0002052193413228	-1.6880459669999157e-07	4.2114978052963895e-08	2.8494991867046794e-14
554.5068063865639	0.8423910110325323	0.709622615468412	307477.79832902626	714.9176822423285	2.2104770130292763	4.886208625130831	511107.292382743	535.2322432565217	0.7061529631661188	0.4986520073882898	286473.5542214084	588.9592302203615	514.3062768307921	0.8813029999999998	16.652292	0.0947768951949846	0.0553025120064586	-0.0326151895	-0.0855365074	0.1633554961	0.077701896	0.0127070634	-0.1125559398	0.0655457473	-0.0708914022	-0.0611916071	-0.0168779852	-0.0194470921	0.1439143671	-0.0605499889	0.0094349525	-0.0704363555	-0.1062190253	-0.0015935757	0.1139823376	0.0504593531	-0.0799913423	0.0872528468	-0.0585973816	0.0440363063	-0.0021065595	-0.1500191262	-0.118584843	-0.0031556863	-0.0808446557	0.0975261854	-0.0238147224	-0.0343968149	-0.0501816324	-0.0546210517	0.0761717486	-0.0576583862	-0.0131765141	-0.0531619914	0.0440158898	-0.0705899612	-0.1352503879	0.0675978597	0.0838797707	0.1115039145	0.0757413501	0.0178058643	-0.0349700363	0.0858244424	-0.0785826124	0.0633327597	0.007144016	0.0894961507	0.0340570062	-0.0555722333	-0.0730891312	-0.0396704932	-0.047771006	0.0716874632	-0.0988399938	0.1029350245	-0.0453370947	0.0683656574	0.0318116991	0.039352839	-0.0628265768	-0.0505590508	0.1174384076	0.0843512154	0.0701539162	-0.047944631	-0.0087012955	-0.1799644038	0.0351676084	0.0897559127	0.0391016187	0.0210766535	-0.0644500165	0.0051834848	-0.0402792011	0.0734727872	-0.0896103357	0.0060627046	0.0914024191	0.0909448926	-0.0414955807	-0.058641708	0.0184821173	-0.1224438023	0.0510169346	0.1279608474	-0.0503592501	0.018403574	-0.1204260345	0.0008026119	-0.0332446979	-0.0652301257	-0.019866107	0.0258285968	0.0729446527	-0.087903439	0.1204766369	0.0450094255	-0.0813905159	-0.0828434944	-0.099718463	-0.0381251701	0.0477611574	0.0772040309	-0.1117139433	-0.008851286	0.0955613349	0.0417853327	-0.0266303944	0.0	0.0196602124726155	0.0243922466235061	0.0005949816953419	0.0003865239544683	-0.0771984511329719	-0.0358448294651907	0.0012848517993886	0.0059596008573298	0.0041389143753036	7.823610154390065e-05	6.120887584787533e-09	1.7130612206094793e-05	-0.0004390170917383	0.0005620230631366	1.927360068383549e-07	3.15869923497559e-07	-0.0004379827481066	-8.54849446000304e-08	1.9182888763900947e-07	7.307675753270265e-15	-7.809622930922327e-05	0.0001271231120135	6.0990210323187834e-09	1.6160285608016375e-08
553.3092338081924	-1.197572578371478	1.4341800804673095	306151.10821740894	713.0088072108963	-1.908875031432217	3.643803885625347	508381.559160305	534.4403764630308	-0.7918667934908399	0.6270530186334644	285626.5159939461	587.6420830541477	510.96832072487217	1.006061	19.009598	0.1197236989334857	0.0860132313888217	-0.0132660136	-0.0613488189	0.1069851224	0.0183405255	0.0479469586	0.0154710932	-0.0367207087	-0.1088626818	0.2429626868	-0.0311018774	0.0161006587	-0.0826315999	-0.0157726507	-0.0425768396	-0.0473177258	-0.0381513938	0.0736413977	-0.0333390992	0.0763734377	0.0268923051	0.1436839047	-0.0222887041	0.0057329882	0.1265902608	0.0518206357	-0.1003694248	0.0979899995	-0.034726024	0.0058301352	0.000739539	0.0138113212	-0.0455390628	0.0959581435	-0.0795219967	-0.0520105026	-0.0809420926	0.0301810178	-0.0125594102	-0.1310847182	-0.0370727619	0.1314999627	-0.0266872432	0.0286379137	0.0088054819	-0.1161128714	0.0607729325	0.1314586081	-0.0529110246	0.101575386	0.0802391824	0.0843731059	-0.0080241534	0.049171635	-0.0321956157	0.0193235064	-0.2301298386	-0.0156795172	-0.0060095944	0.1788335583	0.0647725464	-0.1738667978	-0.0339018685	-0.0327615784	0.0314218129	0.0447698489	-0.0741359331	0.0503691004	0.1078551063	0.0205398452	0.1056369057	-0.0775227851	-0.0025259662	0.0744368479	0.0074621056	0.0208613301	-0.0379580547	0.026286944	-0.0027639704	-0.0671127238	0.1106809845	-0.0147483064	-0.1772539849	0.0384254179	-0.0285691625	-0.0098801984	-0.0225383118	-0.0790581961	0.0089909889	0.1555924586	-0.16135942	-0.0225813599	0.0588932184	-0.0169844419	0.0258693623	-0.1599894685	0.136649863	0.0693928282	-0.0230139064	0.0362967124	0.0862083626	-0.0151771253	0.0059266601	0.0288712317	-0.0980115155	-0.0554311033	-0.0889167442	-0.1368885943	-0.0666597493	-0.041557429	0.0941590645	0.0371927824	-0.0337045224	0.0	0.0196973461903269	3.713371771140242e-05	1.3789129910701215e-09	0.0003879854469415	-0.008168190766213	0.0690302603667589	0.0047651768463025	6.671934039324732e-05	0.0042512423597429	0.0001123279844392	1.2617576088195577e-08	1.807306160127238e-05	-0.0012379713918387	-0.0007989543001004	1.532573167011048e-06	6.3832797364892e-07	-0.0004380828917003	-1.0014359369997549e-07	1.9191662000049682e-07	1.0028739359145772e-14	0.0001337288642882	0.0002118250935974	1.7883409143811808e-08	4.486987027755712e-08
554.146972532122	0.8377387239296468	0.701806169571273	307078.86716651643	717.8902434886963	4.881436277800049	23.828420134222394	515366.4016962597	534.9597358779151	0.5193594148843204	0.2697342018289836	286181.9190105687	588.9452648819585	510.9280676261608	1.194013	22.560961	0.0697598486734722	0.0544708633926877	0.0089226248	-0.0987604453	0.0693108435	-0.0188986403	-0.0688880682	0.0710975936	-0.028193867	-0.0892350028	-0.1929261107	-0.0827061713	0.1025489758	0.069518279	-0.0818703852	-0.113370546	-0.0374676752	0.0114151788	0.1346137631	0.0435454145	0.0479037065	-0.0169456164	-0.1080716552	0.1808582098	0.094214172	-0.0641343706	-0.1214169048	0.0244695487	0.0442414156	-0.0223202349	0.0145299261	-0.0692128391	-0.0578701305	-0.0211660214	-0.0939436371	0.1796719804	0.034004649	-0.0205969093	0.114612074	0.0282324197	-0.0034103432	-0.0333524163	-0.0720988333	0.0292185628	0.0837610514	0.1172141324	0.0626707929	0.1389751842	0.0188563404	0.055869459	0.0693155066	-0.2139524536	0.0118972714	0.1237016044	0.1134682684	-0.051122526	0.0438825583	-0.0050658187	-0.0752021895	0.0641008747	-0.0086643356	0.0245437721	0.2381708736	0.0041334251	0.0478790447	0.0231489503	0.0133102007	0.0792338362	0.0933482479	0.067940764	0.0032086996	0.0538583374	-0.1933763964	0.1363516831	0.0087949383	-0.0241433689	-0.0451320954	-0.1183985267	0.129504523	-0.0209615414	0.0411053929	0.0834024314	0.0014043154	-0.0005636478	0.1945209751	-0.0482625419	-0.0273350978	-0.0022839761	-0.039367129	0.0101158304	0.1281053304	0.091495716	-0.1234262394	-0.0334921476	-0.0597268477	-0.1567813426	-0.0913910208	-0.0623412486	-0.0190222105	-0.001656218	-0.0360710346	0.1023236863	-0.0640920688	0.0052323156	-0.0362040442	0.0702730314	-0.0112200992	-0.1956941844	0.0705232911	0.0117770411	0.0567426519	0.0927149366	0.0325341047	-0.0406438432	0.0	0.0197283319736527	3.098578332579732e-05	9.60118768313259e-10	0.0003892070824626	-0.057927370333104	-0.049759179566891	0.0024759759511701	0.0033555802337085	0.0043221355953306	7.089323558770021e-05	5.025850852093164e-09	1.8680856104423803e-05	-0.000929990665509	0.0003079807263296	8.648826379338728e-07	9.485212779056955e-08	-0.0004380203928402	6.249886009998496e-08	1.9186186454388315e-07	3.9061075137974915e-15	4.3796287724644e-05	-8.993257656355599e-05	1.918114818459803e-09	8.087868327359861e-09
554.9501822646937	0.803209732571645	0.6451458744978135	307969.70479561674	716.4010859601179	-1.489157528578403	2.217590144921737	513230.5159648363	534.7250707796304	-0.2346650982847222	0.0550677083529783	285930.90132028074	588.3533642583715	514.6386598069165	1.203189	22.734348	0.1417469967734791	0.0653479822608619	-0.0276919178	-0.0959684699	0.0917736456	0.0002154473	-0.1111648791	-0.0584471503	-0.0823007113	-0.0150643785	0.0826114835	0.1495411149	0.0266188272	-0.0375894897	-0.1883547566	0.0115447289	-0.0891657279	-0.0345921024	-0.0851448404	-0.0150521998	0.0585522236	-0.0674900457	-0.0368325829	-0.1273603843	-0.0568463267	-0.0339276543	0.0151369104	-0.083343812	0.0048347081	0.0377318352	0.0094465932	-0.0595997615	0.0604348051	-0.0318393113	-0.1087917166	0.0911740472	-0.0748409938	0.0353394101	-0.033955988	0.0674495007	-0.1318569084	0.1036409574	-0.0676714385	-0.0352393363	0.0052398782	0.1662262591	-0.0434580557	0.1423886202	0.189916744	0.0868360249	0.1287602146	-0.0695152253	-0.0112229291	-0.0917540735	-0.021626768	-0.0111633449	0.0702794374	-0.1494910036	-0.0302678126	-0.136961662	0.0042872549	0.0847913556	-0.1285997509	0.1107117584	-0.0479561499	0.0276984826	-0.1028202986	0.0332489	0.1061934437	0.0362516354	0.0441366117	0.0163434078	-0.1497651427	0.0770371426	-0.0658133609	-0.0543195877	0.0939614616	-0.0527581217	-0.002575898	-0.0576499559	0.0122245433	0.0701165422	-0.0129646265	-0.0352581841	0.0853344919	0.0664187269	-0.1446902425	-0.0013518457	-0.0785059063	0.044536453	0.0582697663	-0.1679613501	0.131185756	-0.0169609338	-0.0903797544	-0.1545888751	0.0034856721	0.1204479539	0.0134256798	-0.0045584237	0.0062365781	-0.005144517	0.1043134676	0.0907065091	0.1446364983	0.0460713825	0.1121506478	-0.0178438984	0.0561367365	-0.0455412338	-0.0521277867	0.0912295932	0.0278175825	-0.0474206018	0.0	0.0341395167009466	0.0144111847272939	0.0002076822452441	0.0011655066005742	-0.0287132186606555	0.0292141516724485	0.0008534666579408	0.0008244489258546	-0.0169130354333333	-0.0212351710286639	0.0004509324886166	0.0002860507675691	-0.0012250877932284	-0.0002950971277193	1.5008401011172308e-06	8.708231478823987e-08	0.0003491942312896	0.0007872146241298	1.2193661116593466e-07	6.197068644438223e-07	0.0004992143227769	0.0004554180350522	2.4921494006559896e-07	2.0740558665085792e-07
555.4832462009641	0.5330639362704233	0.2841571601521178	308561.63680996094	715.913454476754	-0.4876314833638844	0.2377844635676622	512532.0743008394	536.4907191814763	1.7656484018458514	3.117514278940809	287822.2917678576	590.2857083331097	519.5488195956991	1.100536	20.794714	0.0996872624993855	0.0513391294420347	-0.0790630995	-0.0477378099	0.0833378236	0.0777295526	0.0007835993	-0.0748466118	0.098020824	0.0130081127	-0.0114997466	0.06934098	0.074790429	0.0059339857	0.1776149297	0.0348389266	-0.0801354187	0.0356527394	0.0322559864	-0.0209068948	-0.2132224954	-0.0175300078	0.0154188246	-0.0951912891	0.1434267724	0.0685094838	-0.1385698137	0.1187454353	0.1839799667	-0.0101450868	-0.073088022	0.0987613737	0.0826482516	0.0313292546	-0.0172528078	0.022447957	-0.1192593515	-0.0808822124	-0.0272211234	-0.116053888	-0.0221465323	0.0385041998	-0.0339183348	-0.0721141812	-0.01037451	-0.0115753461	-0.0677463069	0.0422309487	0.0219873112	-0.1616807179	-0.1091417889	0.0423528602	-0.0137241932	-0.0286224002	0.0289419307	-0.1212251482	0.0150644154	-0.0747612524	0.0591034245	-0.059286833	-0.0006809573	-0.0922211393	0.0228140195	-0.0566130803	-0.0339921764	0.1014234401	0.1516995489	-0.0370794736	-0.0527686939	0.1921517616	0.0227261569	-0.2310631583	0.0195394421	0.1107924165	0.075433387	0.0154693649	-0.0613421626	-0.0290369719	0.0245063347	-0.0055251378	-0.0318343656	0.0378824231	-0.0368163831	-0.0809683735	-0.2087344652	0.072154113	0.0374778157	-0.070628321	-0.03145606	-0.0340187196	0.1620400478	0.0644736788	0.0857977406	0.0776702583	-0.0537718047	-0.0561997741	-0.0581478498	-0.0042499388	0.0540007333	-0.0492904209	0.0900799579	-0.1085676765	-0.0705217503	-0.0707335994	0.0382520609	-0.127869283	-0.0875758539	-0.0889171082	0.0464765394	-0.0504458348	0.0034152502	0.0897036946	0.0230516017	-0.0540076933	0.0	0.0196569321522019	-0.0144825845487447	0.0002097452552115	0.0003863949816362	0.012397500170465	0.0411107188311205	0.0016900912028114	0.0001536980104766	-0.0056887683217752	0.0112242671115581	0.0001259841721916	3.2362085018833024e-05	-0.0012540052098134	-2.891741658500005e-05	1.5725290662391495e-06	8.362169819504361e-10	5.5897126241655215e-05	-0.0002932971050479	3.1244887220755404e-09	8.602319182950517e-08	0.0001640350042506	-0.0003351793185263	2.690748261949436e-08	1.1234517556775493e-07
553.5747179642617	-1.9085282367024088	3.642480030290408	306444.9683692119	715.6459237080504	-0.2675307687036365	0.0715727122031586	512149.0881199488	535.646868972023	-0.8438502094533078	0.7120831759943914	286917.56823953154	589.239018246717	507.0152240209834	1.004886	18.9874	0.1300751795305675	0.095444965665228	0.0036402503	-0.0229045197	0.1587652164	0.0725835302	0.0304100181	-0.103417922	0.1655128048	-0.0083660244	-0.0561187788	-0.0615326511	0.0465192864	-0.0736857756	-0.036783327	0.0713670261	-0.0681790658	-0.0942104979	0.0559424887	0.1205130433	0.0727171055	-0.0971350984	0.0409012768	-0.1203911453	0.1175697432	-0.0834152773	-0.0622359891	-0.0421840841	-0.0154550408	0.1047231536	0.0912990692	-0.1066016939	0.0781353189	-0.0538581908	-0.0085738032	0.0069931164	-0.0617507691	-0.0945945101	-0.0340470138	0.0042557797	-0.0249864221	0.1664718126	0.0770044191	0.0273669711	0.0424689403	-0.1360406677	0.0196488822	0.0515812565	0.0840145083	0.1026015918	0.1806253677	-0.0021648924	-0.0798406261	-0.031148544	-0.1209435246	0.0663250205	-0.1073609682	0.0360551535	0.1286735069	-0.0697941801	0.0252267482	-0.0788802475	0.0825448916	0.0419614226	-0.0365839245	-0.1194796136	-0.0057729922	-0.0145082099	0.0200088404	0.1168312944	0.0644868666	0.0308948186	-0.2080663318	0.0845841421	0.0075030791	-0.0018912932	0.0048923032	0.0113146004	-0.071085936	-0.0433312984	-0.0476156466	0.0466545899	0.0103454532	0.1182360489	-0.0705505812	0.0042144252	0.0541773135	-0.0119935714	-0.1565350596	0.0616775491	0.089087324	-0.0188665769	0.0328290633	-0.0775627969	0.0146919547	-0.0587335721	0.0627906652	-0.0179544149	0.033238494	0.04535509	-0.0899946227	0.1585706783	-0.0213181534	-0.0963619176	0.0496085434	-0.048787659	-0.1155352909	-0.108668231	-0.0097053401	-0.0893301559	0.1169950736	0.0881379191	0.018244636	-0.0603787714	0.0	0.0196715641581022	1.4632005900301616e-05	2.1409559666646126e-10	0.0003869704364263	-0.0732674058527464	-0.0856649060232113	0.0073384761239656	0.005368112760391	-0.0014952035092221	0.0041935648125531	1.7585985837083515e-05	2.2356335339900822e-06	-0.0006599898314928	0.0005940153783206	4.355865776738946e-07	3.528542696813656e-07	-0.0001370483783815	-0.0001929455046231	1.87822580169988e-08	3.722796775428401e-08	0.0001469543534163	-1.7080650834299993e-05	2.1595581988002803e-08	2.9174863292327303e-10
551.9426868561188	-1.6320311081428829	2.6635255379460854	304640.7295739516	714.7957352058764	-0.8501885021739781	0.7228204892288324	510932.9430685095	534.5477500386758	-1.0991189333471991	1.2080624296422853	285741.2970714106	588.5811135064988	496.4829833358969	0.932436	17.618443	0.0804111697534976	0.0519100273622892	0.0758326027	0.0115629622	0.1397305755	0.058057316	0.1084171782	-0.0400643073	0.1122541433	0.0338882679	0.1809561867	-0.0341407138	-0.0876279687	-0.0339579086	-0.0625053127	0.0404607612	-0.0840111966	-0.0161032456	0.0626988573	-0.0339192452	-0.0303897886	0.0472961933	0.1164256336	-0.0706865861	0.1039774108	0.1208500774	0.0384465904	-0.0839406317	-0.0257462562	0.0200692303	-0.0243101721	1.30235e-05	0.0324699459	-0.120975251	-0.0609832399	-0.0647874069	0.0531197542	-0.0110194627	-0.0269446401	-0.0583216734	-0.0140556489	0.1608238964	0.0511232977	0.0194640107	0.0647572679	-0.0486608353	-0.0070529085	-0.0293502793	-0.0734881925	-0.0183766967	-0.0038751382	-0.0020431187	0.1087218409	-0.0525680924	0.0220132094	-0.1280646251	-0.0278374182	-0.1415347038	0.1438229933	0.0334933306	0.1001039046	-0.0416731841	-0.1304909179	0.0190848725	0.0339207473	-0.0724302282	0.0031869113	-0.0413664788	0.014994245	0.0855813071	-0.051688216	0.0083350281	-0.0555824797	0.1043417755	0.0416435378	-0.0101734331	0.0349307365	-0.0471428338	-0.0240438842	0.0590098508	-0.0530860078	0.0479761097	-0.0141024313	-0.0751049897	-0.1365251401	0.095374889	0.0212954043	-0.0492531287	-0.1113966196	-0.0121964171	0.1108141404	-0.1173185269	0.026659515	-0.0176827115	-0.0163111287	0.0308032217	-0.0578947132	0.0574284932	-0.124591163	-0.0233795344	0.0058431239	0.0400486463	0.123093456	-0.0809899152	0.0348497296	-0.1499076453	-0.1181902957	-0.2332182289	-0.0673232758	0.0360601387	-0.018432102	0.0865329627	0.013405232	-0.066508354	0.0	0.0196989464258763	2.738226777410091e-05	7.497885884525651e-10	0.0003880484902895	-0.0291016332077731	0.0441657726449732	0.0019506154733274	0.0008469050553597	0.0043708112620635	0.0058660147712856	3.441012929694085e-05	1.9103991088581124e-05	-0.0010320048691464	-0.0003720150376536	1.0650340499418783e-06	1.3839518824040945e-07	5.5902387823492106e-05	0.0001929507662049	3.125076964368118e-09	3.7229998179093525e-08	0.000189028550947	4.207419753070001e-05	3.5731793073122576e-08	1.770238097852363e-09
550.452791350513	-1.489895505605773	2.219788617624282	302998.27550557145	714.2711876809435	-0.5245475249329274	0.2751501059132601	510183.3295511456	533.8609273325098	-0.6868227061659127	0.4717254297050676	285007.48973232735	588.2297259110671	488.4301696983926	0.921032	17.402962	0.0533519644038616	0.0390858673460365	0.123056717	0.048494557	0.1298642993	0.0372787322	0.128461467	0.0192443738	0.0357425915	0.0464414597	0.061537825	-0.1776849141	0.0158120931	-0.0148265175	0.0743541601	-0.0162972343	-0.0784980259	0.0399957743	0.1663050247	0.0677295067	0.0392599671	0.1194207462	0.1297204767	0.0054016273	0.0696607307	0.0904861261	-0.0278506661	0.051466844	-0.0803149888	0.1044417666	-0.0215047121	-0.0158228902	0.0055170139	-0.1081252996	0.0554034994	0.0732867448	0.0494750553	0.0123897115	0.0661771431	-0.0789095986	0.1272138058	-0.0205660013	0.1517351431	0.1868568143	0.1454048108	0.1483963715	0.036198859	0.0816603109	0.0200344704	-0.1353073931	-0.0285847332	0.0527226365	0.1877897762	-0.085902356	0.0564021965	-0.04189039	0.0138959666	-0.0095646156	0.1331927824	0.1005867151	0.0694179508	-0.014567602	0.0246930953	-0.0825225562	-0.0267983681	-0.0901650231	0.0490829046	-0.0365141991	0.1043750722	0.0534558357	-0.0926183676	0.0639040456	-0.0907716102	0.123254289	-0.1349962162	-0.0798630155	-0.0924656295	-0.1509011045	-0.0461980005	0.1408963589	0.0616641089	0.0260747362	0.0575934131	0.0176703496	-0.0548488935	0.1302422691	0.0865998687	-0.0444826281	-0.0874138015	-0.0453807021	0.164162859	-0.0303649768	-0.0167159721	0.0075824751	0.0034747708	0.0204009715	-0.038953073	-0.0323112449	-0.1946119895	-0.0804687356	-0.0685049206	-0.0185036534	0.0743481777	-0.0679336487	-0.022506336	0.0675584624	-0.1496239147	-0.1954191727	-0.0453606506	0.246876205	0.1495078336	0.0848895389	0.0085419939	-0.0723719246	0.0	0.0197010069250183	2.0604991420002106e-06	4.245656714183604e-12	0.0003881296738596	0.0080402463922553	0.0371418796000284	0.001379519220223	6.464556204817437e-05	0.0044257585355751	5.494727351160016e-05	3.019202866358596e-09	1.958733861521585e-05	-0.0010669906348013	-3.4985765654899905e-05	1.138469014753681e-06	1.2240037984595739e-09	-0.0001570610950167	-0.0002129634828401	2.4668187567844866e-08	4.53534450234248e-08	0.0001139162588185	-7.511229212850001e-05	1.2976914023203478e-08	5.641856428797125e-09
550.7788754666362	0.3260841161231838	0.106330850787838	303357.3696602924	717.7188203484226	3.44763266747907	11.886171009868846	515120.3050823313	534.1088754030737	0.2479480705638934	0.0614782456963574	285272.29078433616	588.4582249526139	490.09258335351234	0.974417	18.411678	0.0540148839116641	0.0264833827708427	0.138341508	0.0496181927	0.0791849288	-0.0336202676	-0.0189795911	0.0824124518	-0.0091175304	0.0991254153	0.0190944084	0.0322597483	-0.1101757517	0.0233005415	-0.0805322257	-0.0782793293	0.0792963145	-0.0130197388	0.0042550684	-0.0028135618	-0.0992261317	0.0656414265	0.0600238942	0.0824404852	-0.0190674236	0.1253404403	-0.0212775145	0.0256039004	-0.0569866159	-0.0097568076	0.0493571033	-0.1052399679	0.0912550239	-0.084887628	-0.000514674	-0.0557712994	-0.1015329813	-0.0034545573	-0.1022398036	-0.0726538762	0.2097968534	-0.0153153106	-0.0050803473	0.0531359662	0.045822112	0.0382992663	0.0090906471	-0.1910801059	0.0329986361	-0.0446797185	-0.0481071746	0.0420317404	0.0394278958	0.0306536096	-0.1322648237	0.0390795045	0.1219398469	0.1178329566	0.0327134776	0.1224096312	-0.0277578416	0.0164551105	-0.072807882	-0.067657207	0.0255748601	-0.0319307275	-0.0787764212	0.0153801139	0.001470291	-0.0198418848	-0.1003598749	-0.0611820393	-0.122444996	0.1194402253	0.0611126261	-0.1729927596	0.1030680137	-0.0522503292	-0.0529437824	0.0743547935	0.1668213935	0.0069357988	0.0681468432	0.1041563652	-0.0499883205	0.1540636833	-0.0853873779	-0.0812853944	-0.0615930909	-0.0584319705	0.0847794173	-0.0969394375	-0.041214242	-0.0567980227	0.0109637083	-0.029521203	-0.0110951484	0.0758913693	-0.1135674611	-0.0913069866	-0.0365226041	-0.0543679614	-0.0407797421	-0.1794134758	-0.008407845	0.0047411246	-0.1449201421	-0.0383901687	0.0298765679	0.0692400923	-0.0716250803	0.0832083783	0.0036635686	-0.0779460309	0.0	0.0374731383053159	0.0177721313802976	0.0003158486537985	0.0014042360944493	0.0013859204833295	-0.0066543259089258	4.428005330220118e-05	1.920775586112275e-06	-0.0046103087038886	-0.0090360672394637	8.165051115610914e-05	2.1254946345150986e-05	-0.0011070121605524	-4.00215257511001e-05	1.2254759236108926e-06	1.6017225234459682e-09	5.584955615534071e-05	0.000212910651172	3.119172922748555e-09	4.53309453825024e-08	0.0002720312695549	0.0001581150107364	7.400101161565065e-08	2.500035662017189e-08
552.7738263644136	1.9949508977773576	3.979829084542685	305558.9031135549	717.2288289083123	-0.489991440110316	0.2400916113813814	514417.193017189	534.4147959340917	0.3059205310179322	0.0935873712982936	285599.1741132768	588.7293625842084	496.3556595867395	1.054375	19.922495	0.1051724088096715	0.058352037326189	0.0951655355	0.0426916251	0.1108932471	0.0558651094	-0.1635234188	0.0161760855	-0.2393524362	0.0971673459	-0.047902581	0.0061243685	-0.0605810126	0.0808478912	0.2224856746	-0.0146275362	0.0376238946	0.0438950302	-0.0870351619	0.1119464926	0.0860093941	-0.0057219746	-0.0622983168	0.0084645353	-0.1185094674	0.1490378284	-0.0594241513	0.1412298119	0.0587390298	0.0777909507	0.0073699328	0.0901457153	-0.0846296859	-0.2194195061	0.1422545109	0.053428643	0.0620820567	0.0733045226	-0.131159395	-0.0240791822	-0.0922598298	0.0284917405	0.0021931174	-0.0494440869	-0.0433764283	-0.0242563579	-0.0971621173	0.0164049767	0.0803969431	0.0994471683	-0.0539664638	0.0073984399	0.011186687	-0.0576988934	0.0749215471	-0.0147339284	0.0168812367	0.0350703701	-0.0019897659	-0.0144078718	-0.1299477274	0.0812214863	-0.0223580634	-0.2064310532	-0.0459195252	0.0166920323	0.0815818999	0.0069482376	0.051761188	0.0703778873	-0.278665838	0.1031543861	0.0293225485	-0.0396152909	0.0546394807	0.0954687517	0.1187221532	-0.0686773737	-0.1590716534	0.1337404221	0.0337345933	-0.0371289425	0.0427210312	0.0702961056	-0.0761340977	0.09778084	-0.0321632678	-0.0944709478	-0.0606306081	-0.0228461289	0.0915285807	0.0409886956	0.0195507086	0.1195572893	-0.1448648247	0.0889041097	-0.0532828833	-0.0004277639	-0.0589706223	-0.0010061074	-0.0039868113	-0.024934499	0.0227958338	-0.1615280145	-0.0061931945	0.1135024153	0.1328185968	0.0494297906	-0.2175531064	0.1331605007	-0.0829237975	0.0814902283	-0.0012213705	-0.0832083783	0.0	0.0195567768069793	-0.0179163614983366	0.000320996009339	0.000382467519078	0.0180604583290886	0.0166745378457591	0.0002780402123696	0.0003261801550567	-0.0016210404839398	0.0029892682199488	8.935724490795866e-06	2.6277722505717807e-06	-0.0019939718578285	-0.000886959697276	3.975923769812039e-06	7.866975045921106e-07	-0.0003211840733372	-0.0003770336294925	1.0315920896547587e-07	1.4215435776831845e-07	0.000184179771411	-8.78514981439e-05	3.3922188197008215e-08	7.717885726127666e-09
555.3375833051814	2.563756940767803	6.572849651335083	308399.83143123926	716.8395787168913	-0.389250191420956	0.1515157115212509	513858.98161501024	535.8973870607886	1.4825911266968888	2.19807644896035	287186.00945858064	589.5984417338948	512.9608552562023	1.121065	21.182619	0.1672716761012533	0.1074636539528841	-0.0204117179	-0.0076310126	0.0771457062	0.0868581162	-0.1662064533	-0.0857085105	-0.0671318274	0.0013788271	-0.1597558563	0.0632256086	-0.0825379713	0.0540871926	-0.006984329	-0.0471538968	-0.0079186447	-0.0575311841	-0.0332364712	-0.0522978737	-0.0056519677	0.1551572755	-0.0865533477	-0.0361421263	0.0158672648	-0.0807358543	-0.1178044106	0.0464525372	0.1000041116	-0.0399081356	0.117080691	0.097273353	0.190698631	0.0544525588	-0.0152250621	-0.0060799672	0.1116901949	-0.0304931143	0.0192567217	-0.0283110306	0.0512495712	-0.1300511779	0.0584180689	-0.0603339199	-0.1331278038	-0.1146925987	-0.0478431373	0.0507324802	-0.1220734534	-0.0366688422	0.0572651369	-0.0153200268	0.1847924479	-0.1477525166	-0.081546716	-0.0242258053	0.096145756	0.0600739065	-0.0164090739	-0.1076430365	-0.0400794158	-0.0232282686	0.1355452254	-0.0133000174	-0.0493090025	0.0750951624	-0.1292582113	0.1524174351	-0.0556875335	0.1359989818	-0.0380745485	0.0546454049	0.0159218071	-0.0911216161	0.007975903	-0.111369096	0.0410135892	-0.0719163217	-0.0648962371	0.0632300404	0.0180282588	0.0486664729	-0.2106301549	-0.0685257721	0.0362963205	-0.0577647273	-0.0168025305	-0.0269756596	-0.1308761874	0.0945600114	-0.0052640109	0.1380914158	0.0667488691	-0.083980276	-0.068883653	-0.1596710626	-0.0855741783	0.0619444059	-0.2182497997	0.0262180391	0.0490850354	-0.0946861872	0.1166307742	0.1468492039	0.1251431907	0.0535856356	0.2283009828	0.1732203094	0.1476341138	0.1455217403	0.0105177987	0.0797358525	-0.006104138	-0.0881379191	0.0	0.0270634573767551	0.0075066805697757	5.635025317664949e-05	0.0007324307251834	-0.082488833267817	-0.1005492915969056	0.0101101600406395	0.0068044076138857	-0.014134264757601	-0.0125132242736612	0.0001565807817229	0.0001997774402379	-0.0016639954092349	0.0003299764485935	2.7688807219548223e-06	1.0888445662644465e-07	-2.5909842080285017e-05	0.0002952742312569	6.713199166253081e-10	8.718687164436212e-08	0.0004929786847787	0.0003087989133677	2.430279836461369e-07	9.535676889707232e-08
554.9449200048235	-0.3926633003578672	0.1541844674479326	307963.86423916	716.1945578967518	-0.6450208201395071	0.4160518584134424	512934.64476092375	534.905860054847	-0.9915270059415208	0.9831258035113564	286124.2791210156	589.3698980827471	517.9952794394791	1.052286	19.883026	0.0585406330397683	0.034080847823831	-0.0526253259	-0.0277627155	0.0949118502	0.1074672509	-0.0579451715	-0.0695460987	-0.0470903041	-0.0372025979	0.1349266591	0.1563717132	0.0229008948	0.10329283	0.0531333284	0.0869765703	-0.1227790946	-0.0037113229	-0.0033930968	0.0004140513	-0.0628689844	0.0848639225	0.0768820557	-0.1555066578	-0.0136871261	0.048557631	0.0700619967	-0.1495233716	0.1524990332	-0.119169053	0.1515527267	0.0531988171	0.0535809597	0.0575307808	0.1372787186	0.0054959994	-0.0191818955	0.0762749229	0.0291845836	-0.039687002	0.0368805411	0.0109986772	-0.0450185694	0.0400043084	-0.1639611254	-0.136500731	-4.31821e-05	0.0051995901	-0.0555610711	-0.0351439163	0.0128385127	0.0248039815	0.0247933567	-0.0010142145	-0.1211668171	-0.1652045369	-0.1030914429	-0.0047092211	0.0173772947	-0.1142896662	0.1051013618	0.0395534621	-0.1660499512	0.0335789112	-0.1118457617	0.0370644812	0.0320206741	0.1097307614	0.0019045447	0.1742262222	0.0192876074	-0.0001317632	0.1265321101	-0.0020591888	-0.0346749108	0.1184655489	0.0464840065	0.0860262375	-0.0634290507	-0.0212496365	-0.0086684244	-0.0022067566	0.0131104057	-0.0002479149	-0.0060195328	0.0398939785	-0.0398752039	-0.0091973911	-0.1716948098	0.1120724343	-0.0198282482	-0.1037351418	0.1182962014	0.1118784523	-0.0281833767	0.0282768091	-0.0577281172	-0.0179495501	-0.0857800833	0.0631859539	-0.0108891933	-0.0851429222	0.049972142	0.0429179386	0.1278341513	0.0811468857	0.1111128731	0.1385624543	0.0459834754	-0.0440054246	-0.0528410379	0.0779460309	-0.0109760526	-0.0927149366	0.0	0.0409753118641589	0.0139118544874038	0.0001935396952786	0.001678976182365	-0.0705485498926634	0.0119402833751535	0.0001425703670789	0.0049770978919576	-0.0147338447335698	-0.0005995799759688	3.594961475827467e-07	0.0002170861806329	-0.0021820001760023	-0.0005180047667673	4.761124768074068e-06	2.683289383937484e-07	-6.151359954742475e-06	1.9758482125542542e-05	3.783922929280934e-11	3.903976159053841e-10	0.0005969937399106	0.0001040150551318	3.564015254924451e-07	1.0819131694092191e-08
555.2190010999808	0.2740810951572712	0.0751204467226091	308268.1391824605	716.1772254715173	-0.0173324252344855	0.000300412964509	512909.8182840805	534.4996061419497	-0.4062539128973412	0.1650422417444005	285689.82896589936	588.7428391970121	520.3311774369871	1.135747	21.460035	0.0895231193173603	0.0415257116287124	-0.0843715388	-0.0383140098	0.02417538	0.0707677875	-0.0291729634	-0.0082328042	-0.0452458213	-0.1209663621	-0.0678053102	-1.49185e-05	0.0366571498	0.0528669659	0.1386091294	-0.0798882149	-0.1142933001	-0.0447343231	0.047225946	0.0570448279	0.1186420908	-0.0369872076	0.0762270337	0.0035657322	0.0602470501	-0.0429079356	-0.1210921061	0.1062956041	0.0846147241	-0.0244763712	0.0324828272	-0.0307887834	-0.0869152623	0.0098339231	0.1338227167	0.0374515626	0.1469212057	-0.1246074526	-0.1038462328	0.140975993	-0.0507602511	-0.0202626688	0.0196947928	-0.083568392	-0.0453785996	-0.047074219	0.1376483297	-0.0552691457	-0.0760986053	0.1241680508	-0.011755064	0.0227080486	-0.0331168224	0.0558679549	0.1097490587	-0.151231788	0.0001700173	0.0293008309	-0.0438360754	-0.0368045766	0.0969759448	-0.0476659937	0.1379888312	-0.0833395116	-0.0396356842	0.1120809571	0.1348668573	0.0876985022	0.0024797629	-0.0232788676	-0.0403402889	0.0879808059	-0.0479319222	-0.1202582305	0.0473301089	0.0845341307	0.0390802868	-0.1866947686	-0.0566011369	-0.0098264635	-0.1164345682	-0.0870179236	-0.076999719	-0.0464659475	0.0821443205	-0.1720883908	0.1008301687	-0.0358520298	-0.0756074373	0.0540243888	0.0990344853	0.1392628591	-0.0148437622	0.0902291873	0.0997091963	-0.046843438	-0.2242002092	-0.053608881	-0.1335464728	-0.0204461678	0.0357074266	-0.034433762	-0.0248932667	0.0162779198	-0.0094898106	-0.0033572115	0.1011873258	-0.0298157699	-0.2914265958	0.0542666677	0.0442004852	0.0761215592	-0.0158284522	-0.0969211244	0.0	0.0489424604145654	0.0079671485504065	6.347545602424447e-05	0.0023953644314313	-0.0399584614934269	0.0305900883992365	0.0009357535082731	0.0015966786449216	-0.0244703464488793	-0.0097365017153094	9.47994656522248e-05	0.0005987978553281	-0.0023659457724623	-0.0001839455964599	5.597699398232229e-06	3.383598245702513e-08	-0.0003628708666747	-0.0003567195067199	1.316752658812479e-07	1.2724880647452981e-07	0.0003130712300424	-0.0002839225098682	9.801359508026135e-08	8.061199160985812e-08
556.2673376903093	1.0483365903285176	1.099009606621622	309433.3509810646	718.4079262216344	2.23070075011708	4.976025836572904	516109.9484580693	534.1702178048615	-0.3293883370881758	0.1084966766097137	285337.8215896932	588.8153189592746	530.6963541040789	1.213351	22.926363	0.0510767562105972	0.0256440167172237	-0.1422662461	-0.0849665927	-0.0311901788	-0.0473524833	-0.1024705787	0.0992330304	-0.1115212491	-0.09058916	0.0770327159	0.1522155994	-0.0359039393	0.0051569462	-0.0968460289	0.0171628334	-0.1194320287	0.0775836697	0.0034228857	-0.0247943796	0.0522184129	-0.0516855155	-0.056962646	-0.0112162105	-0.0642758571	-0.0221806932	0.1250239307	-0.0722729026	-0.0129769606	-0.1110760951	-0.0036771031	-0.1061278292	-0.1570235954	0.2047265786	0.0174585314	-0.1640775257	0.0382351098	-0.073873691	-0.1533815546	-0.0839934167	-0.0401630568	-0.0203293466	-0.0105366566	-0.1341541474	-0.0307451106	-0.0030211986	-0.0290446812	0.023219899	0.0576955161	0.0317346744	0.0253630366	0.0284747403	-0.0742102144	-0.003853809	-0.092377003	0.1137043581	0.0020130871	-0.1268027201	-0.1658259616	-0.0719637096	0.0360939515	0.0688475964	-0.1533326106	0.1283925205	-0.0881668736	0.093769491	-0.0298431612	0.096861277	0.0034858379	-0.1844923427	-0.0159453536	-0.0632350314	-0.0955071408	0.0013518639	0.0316332313	0.0864494816	0.0340032424	-0.0670819583	-0.0867523955	0.2021356673	0.0685090653	0.0753751907	-0.1328416077	-0.0174442318	0.0686385722	-0.136370814	0.0309639627	-0.0462880092	-0.0309155586	0.0556740706	-0.0762888414	-0.173883174	0.0908727289	0.0901377836	0.0128529721	-0.1806646411	-0.1172859674	-0.0498526299	-0.0207819534	-0.0480360324	-0.0502106443	-0.0456986729	-0.0129309964	0.0606580024	0.0090569311	0.0161903593	-0.0627918104	0.0586366438	-0.0648847709	-0.0245060153	-0.161723025	0.0742632484	-0.0206527093	-0.100739659	0.0	0.059913874751075	0.0109714143365095	0.0001203719325433	0.0035896723876875	-0.0264629934246727	0.0134954680687541	0.0001821276583947	0.0007002900209942	-0.0417282971992278	-0.0172579507503485	0.0002978368641014	0.001741250787147	-0.0024849330365839	-0.0001189872641216	6.174892196306081e-06	1.4157969023143423e-08	-0.000374958622854	-1.2087756179299984e-05	1.405939688525682e-07	1.4611384945020496e-10	0.0003690346708412	5.596344079879999e-05	1.3618658828287286e-07	3.1319067060407912e-09
557.9205813658965	1.653243675587191	2.7332146508690465	311275.37511166	716.8990682035441	-1.5088580180903364	2.276652518755498	513944.27399110975	534.5936338368028	0.4234160319413149	0.1792811361049286	285790.3533388376	589.7799767993745	537.966416487708	1.207326	22.812515	0.1652663011486492	0.1307645791199201	-0.1873278679	-0.096868952	0.0199032582	0.0306278027	-0.0484736789	-0.042077764	-0.0230105676	-0.0884432798	-0.1161952841	0.1270821571	0.193770893	-0.0176284209	0.1158131753	0.0171364228	-0.1259641305	0.025851018	0.1024605245	-0.1278904696	-0.1057593293	0.1084477921	-0.0572255861	-0.0352724483	0.002233495	-0.1164631504	-0.1270385352	0.0281855579	-0.1304440463	-0.0093109556	-0.0261226869	0.1830784922	0.1904617499	0.2347634845	-0.0133080376	0.0354819579	-0.1104911767	-0.06058094	-0.1506902371	-0.0072030955	-0.0143760766	0.0171714599	0.0460558548	0.0493038376	0.0310775434	-0.0672357353	-0.0577970879	-0.1231774025	-0.0010928105	-0.0210820544	0.030796387	0.080747267	0.0086482063	-0.0001883422	0.0408312456	0.0556055652	0.1117728052	0.0603727025	-0.0970506226	-0.1132160574	-0.0124696894	-0.0629177621	0.117167875	0.0488078675	-0.0786400508	0.163539244	0.0854806318	0.015998032	0.0767547953	0.0984521103	0.1250359953	-0.1802041019	0.2187564432	0.1180529293	0.0056844515	-0.1213439236	-0.0127325574	-0.1807164536	-0.173202066	0.0139616168	0.1127907951	0.0255991623	0.009300598	0.0672189114	0.009463145	-0.1458626173	-0.0319862537	-0.1277273989	0.0636337191	-0.0516165436	0.1034835312	0.1353093512	0.1354438972	0.1919586658	-0.0441318157	-0.0324736296	-0.0985271643	-0.0738809492	0.0553641716	-0.1523525936	-0.1011673374	-0.1126920335	-0.0077204223	-0.0234033439	-0.1228493491	-0.0583206777	-0.1966568168	0.0707292964	0.1707093134	0.0420073791	-0.090697262	0.0723719246	-0.0254402467	-0.1041552675	0.0	0.0401950971567544	-0.0197187775943206	0.0003888301898142	0.0016156458354409	0.1000958669717135	0.1265588603963862	0.0160171451448319	0.0100191825848189	-0.0418062168187702	-7.791961954239923e-05	6.0714671096322455e-09	0.001747759764698	-0.0027429175660142	-0.0002579845294303	7.523596773949263e-06	6.655601742537338e-08	-0.0004839911193306	-0.0001090324964766	2.342474035908871e-07	1.1888085287919796e-08	0.0003578368259801	-1.119784486109998e-05	1.2804719402751237e-07	1.2539172953326318e-10
556.2126023996159	-1.7079789662806206	2.9171921492570174	309372.4590681532	715.7806617882336	-1.11840641531046	1.2508329098075932	512341.95579000167	534.2678311187442	-0.3258027180586396	0.1061474110943973	285442.1153683269	589.0257574898856	532.357106320582	1.107774	20.931484	0.1984299395607635	0.1549172694606151	-0.1670381602	-0.0708635804	0.0638453425	0.0915972637	-0.0207285448	-0.0906145204	0.0639656548	-0.027432614	0.0099146973	0.0607511966	-0.0250088405	0.0003298057	0.0933635486	0.1866422799	-0.0840824288	-0.1927703909	-0.0244143699	0.0675912241	-0.0825773367	-0.1494068634	0.0501944602	-0.1547214063	-0.0961346838	0.0312111662	-0.0550729514	0.008544743	-0.0476305101	0.1332465401	0.1449627551	-0.0424101316	-0.0616112657	0.0945213666	0.0647156831	-0.0452843263	0.0631791743	-0.1216601781	-0.0208371592	-0.0243123002	-0.0395991922	-0.1396989355	0.1600877861	-0.0180849375	0.0085207913	0.1116084565	-0.0723322914	-0.0676642589	0.0176289141	0.1049308644	-0.0297481282	0.0953975796	-0.1540802432	0.0431190016	0.1667059566	-0.104583178	-0.0566240067	0.0610728152	0.0252226743	-0.1568936043	0.0428786169	-0.0764191543	0.0134058236	-0.026502461	-0.1226165157	-0.1108435045	0.0222764723	0.0468099569	-0.0773153393	0.011170207	0.1438357078	-0.0697010589	-0.1104007468	-0.0467053843	0.0115622945	0.1054125036	0.0748157882	-0.1242165094	-0.2217100975	0.0155814965	0.074396958	0.0335167181	0.0671833083	0.1040682288	0.0139220885	-0.0829110713	0.2676751289	-0.042990951	-0.1062777779	0.0890077806	-0.0259434559	0.0115291996	0.1293989206	-0.0314398185	0.1044190216	-0.1683821806	0.0077667934	-0.0583909944	-0.0451980252	-0.0226815115	-0.0654597603	-0.1318326564	-0.08148177	-0.0337335716	0.0210147718	0.0423669378	-0.0017667137	0.0051049562	-0.0185297863	-0.1661013523	0.0498752009	0.0704484286	-0.0301825523	-0.1071542885	0.0	0.052413637305051	0.0122185401482965	0.0001492927233555	0.0027471893755454	-0.0455299034525751	-0.1456257704242886	0.0212068650116676	0.0020729721084008	-0.0419190854234585	-0.0001128686046883	1.2739321924284078e-08	0.0017572097227392	-0.0020599399312655	0.0006829776347487	4.2433525204221125e-06	4.66458449566929e-07	-0.0004302936891595	5.369743017109998e-05	1.8515265893049242e-07	2.8834140069801583e-09	0.0002850566832301	-7.278014275000002e-05	8.125731265414559e-08	5.296949178710381e-09
555.1038036451396	-1.108798754476311	1.2294346779282184	308140.2328213017	714.4430159067263	-1.337645881507342	1.789296504313554	510428.8229778987	534.881847268284	0.6140161495397933	0.3770158318956738	286098.5905371319	588.879602144402	525.8889024590172	1.062959	20.084684	0.1926723102570487	0.1017574139039987	-0.1312396214	0.0391818823	0.052625593	0.0711656259	0.1280737756	-0.0339894326	0.0475904357	-0.0149693946	0.2658395356	0.0539400937	0.0183038337	-0.139093696	0.0293530185	0.029536698	-0.1001766629	-0.0845510764	-0.0623147065	-0.0580291323	0.0875404686	0.1461415084	0.1035666018	-0.1437470581	-0.0526506108	0.1738146991	-0.0178843018	-0.0450782133	-0.0012827869	-0.0389758224	-0.0460096685	0.0029023913	-0.007271365	-0.0820882563	0.0963361376	0.017292818	0.0268032555	-0.1487640107	0.0888031251	-0.0817142835	-0.0703908597	-0.0511613954	0.1130415964	-0.0509656317	0.0583471164	-0.1210199214	0.0131167826	-0.0015017253	0.0670225721	0.0869630281	-0.0794910691	-0.0201705809	0.0418523882	0.1190923978	0.1163967015	0.0637370259	0.0548357808	-0.0216044659	0.0221714781	-0.0607150633	0.1427362913	-0.0596821327	-0.1988195945	-0.0537446085	-0.0593470298	0.0547083905	0.0781575385	-0.0854343096	-0.0095256169	0.0598520423	0.0610300506	0.0906670596	-0.0180589353	-0.0768930559	0.0029241525	0.0288077973	0.0222083927	-0.0839206498	0.0601530126	0.0523468627	0.0231522733	0.0462620629	0.1667762487	-0.0555663043	-0.0587179499	0.050920493	0.1662481029	-0.0945122829	-0.050568063	0.0098769395	0.0158510568	-0.1143700693	0.0996360661	0.1756986791	0.1091839613	-0.0014091055	-0.0002166655	0.0899518955	-0.0282123879	-0.002690071	0.001158289	0.0364933982	0.0805299958	0.1166432505	0.0734240988	0.086803972	0.0402786294	0.023291602	-0.0957678413	-0.1501587914	-0.0239841006	0.0684936154	-0.0348711943	-0.1097247271	0.0	0.0680224731882503	0.0156088358831993	0.0002436357576286	0.0046270568586462	0.0379505514442541	0.0834804548968292	0.0069689863497815	0.0014402443549229	-0.0148909885799355	0.027028096843523	0.0007305180189828	0.0002217415408877	-0.0025730253328309	-0.0005130854015654	6.620459363389564e-06	2.63256629299528e-07	5.470513288674539e-05	0.0004849988220462	2.992651564156472e-09	2.3522385738624562e-07	0.0006180709122884	0.0003330142290582	3.82011652617015e-07	1.1089847675529389e-07
554.428527462066	-0.6752761830736063	0.4559979234264586	307390.9920637548	717.7754519304073	3.332436023680998	11.10512985192682	515201.5993939004	535.2153733659499	0.3335260976658674	0.1112396578242217	286455.4958872531	589.7625080402081	517.5439852854619	1.040954	19.668903	0.0948357604189931	0.0491148182447566	-0.0722930639	0.1149824325	-0.0002168771	0.042465521	0.1337462025	0.1048202172	0.0636287106	0.0134489933	0.0101093907	-0.0461027708	0.0555373545	-0.0202387858	0.0178773262	-0.0645645568	-0.0749500422	-0.0303042882	0.1450796983	0.0076180503	0.0367879901	0.1090047192	0.0472083579	0.0082933529	0.1186463069	0.0170631601	-0.0961635677	-0.0102993661	-0.0472396087	-0.0940281574	-0.0195079357	-0.0906966893	0.0876335496	-0.0801102659	0.1903922666	0.108814092	0.1234007078	-0.018202972	-0.0620231479	0.0486659924	-0.035096549	0.0773281795	0.0176188655	0.095222781	0.0466328054	0.13375787	0.0609993012	0.0855634957	0.174764196	0.0875366497	0.0037680132	0.044295661	0.0652895931	-0.009022325	-0.0420875545	-0.0162152558	0.1202063635	0.1800107223	-0.0241845544	0.0959780409	0.0905197707	-0.1303386783	0.057043018	-0.0078452431	-0.0269190464	0.0283654098	0.0336429731	0.0356152447	0.0307614078	0.0130475738	-0.025110112	0.1500796585	-0.0487206884	-0.0401025598	-0.2266970195	0.008506343	-0.0526738357	-0.2521163351	-0.0480508125	0.0341099652	-0.0595324024	-0.0667742179	0.0683153512	-0.0640923779	-0.0809995043	0.0678832413	0.0246781036	-0.0775707689	-0.0405093417	-0.0055444577	0.0445358171	0.0710327341	-0.0278052791	0.0451801604	0.1678098482	-0.1072495911	0.02497235	0.0298966241	-0.1299238886	-0.0910472325	0.0054427597	-0.0643239871	0.0209444352	0.1302458751	-0.0228406662	0.2002877683	-0.115568222	0.0300621739	-0.0351719216	-0.0628601806	0.1579785584	0.066508354	-0.0394978367	-0.1118563022	0.0	0.0609553044539268	-0.0070671687343235	4.994487391939967e-05	0.0037155491410709	0.0068259980735803	-0.0311245533706737	0.0009687378225239	4.659424970052196e-05	-0.0175474329597591	-0.0026564443798236	7.0566967430963935e-06	0.0003079124034772	-0.0021129188257097	0.0004601065071212	4.4644259640384576e-06	2.1169799789527098e-07	-0.0003849631585701	-0.0004396682914568	1.48196633456268e-07	1.9330820651258162e-07	0.000438093832183	-0.0001799770801053	1.9192620579678653e-07	3.2391749363265563e-08
555.529281958371	1.1007544963050575	1.2116604611358013	308612.7831131833	719.6848627864828	1.9094108560755103	3.645849817299013	517946.3017239985	534.5420028686524	-0.6733704972974692	0.453427826630641	285735.1528308304	589.5599792941586	518.0260042606546	1.057342	19.978552	0.0809863149951847	0.0417275980730526	-0.0526209697	0.1069934879	-0.0242530211	-0.0070206379	-0.0315496826	0.0496298271	-0.0494220923	0.1333355455	-0.0284212561	0.1086646538	0.0152306751	-0.1613943982	-0.1459522566	-0.0661842409	-0.0767849435	0.0706032527	0.1505639178	0.0096006134	0.0057540827	0.0033526415	-0.0886955957	-0.0816195414	-0.0607043251	0.0120665181	0.0187811256	-0.0258720242	-0.0379723156	0.0051633019	-0.0552079908	-0.162376407	0.0949641668	0.0893807796	0.0807411101	0.0532094388	0.0860729516	0.0783050528	-0.0040753847	-0.1186879788	0.0961893966	-0.0937119975	0.0960287052	-0.0356549732	0.004163223	-0.0560752091	-0.0177967512	0.0604419644	-0.007846368	-0.0136071251	0.0258222201	-0.0960922445	-0.0154919162	0.1358044531	-0.1324079808	0.1351809521	0.1071493793	-0.0984741502	-0.0557852294	-0.0339429501	-0.0791944978	-0.0245513266	-0.0853012225	-0.0014324578	-0.0759133482	0.0461669571	-0.0904706929	0.0060123917	-0.0174261813	-0.1316627507	0.0403785595	-0.0108915063	-0.051687274	0.0926991959	-0.2256191836	-0.000505508	-0.0840019168	-0.0996596491	0.1065848391	0.1676676184	-0.0015580246	-0.0200519918	0.0059513753	-0.0381364865	0.0439748466	-0.0218018636	0.0054303579	-0.1177404722	0.0103418533	-0.0062957598	-0.0922670573	-0.02658171	0.0741597963	0.0255671898	0.0579235068	-0.0647646911	0.0413310877	0.0304510427	-0.0719474763	-0.084299504	-0.0134677632	0.0856071503	-0.0467189791	0.0749984685	0.093638113	0.0429925669	0.1622359195	-0.0359407923	0.0308181539	0.1003475896	-0.2169043992	0.064493527	-0.0440542534	-0.1135404882	0.0	0.0611067961128242	0.0001514916588973	2.294972271548576e-08	0.0037340405311742	0.0241301039340271	0.0173041058604467	0.0002994320796295	0.0005822619158669	-0.0192048573213838	-0.0016574243616247	2.747055514507044e-06	0.0003688265447347	-0.0024770271206384	-0.0003641082949287	6.135663356378163e-06	1.3257485043588524e-07	5.392001039261629e-05	0.0004388831689627	2.9073675207398487e-09	1.926184359987562e-07	0.0008725682305759	0.0004344743983928	7.61375317010357e-07	1.8876800285887237e-07
555.5883728019404	0.0590908435693791	0.0034917277937408	308678.4399927079	715.1889182150526	-4.495944571430186	20.213517589372564	511495.1887376172	533.3277422310102	-1.2142606376421554	1.474428896127134	284438.4806332269	588.5993658631712	524.8417677921782	1.016754	19.211655	0.1984515243893212	0.1067012540235103	-0.0973155783	0.1045766074	-0.0820344584	0.156099486	0.0163447006	-0.1007759746	0.0094545116	0.0139443289	-0.0703869162	-0.0062083574	0.0189616769	-0.2005204026	0.1373330209	-0.0314807906	-0.11345842	0.1492979615	-0.1149235958	-0.1608063234	0.0985210348	-0.2066284781	-0.0170148138	-0.1023828847	-0.099790714	-0.1645522394	-0.0045491651	0.1653332764	-0.2526595554	-0.0605152224	-0.0351070763	-0.2434589335	0.0326007792	-0.124040351	-0.014326741	0.0120524358	-0.1008232376	0.0333199422	-0.108999684	0.0251278021	-0.0768325909	-0.0455848581	-0.0479923673	-0.0833482036	-0.0391774973	-0.0575939426	0.0024950448	-0.134825719	-0.0428157332	-0.0493894659	-0.0729108832	-0.1859723782	0.0793757137	0.1552796826	0.0034930741	-0.0845035964	-0.0780094993	-0.1138302742	0.0235167686	-0.0534697649	-0.0469465686	-0.0995288435	0.0706882657	-0.0044498818	-0.2400195252	0.0648061718	0.0234578653	-0.2060034876	-0.0336658838	-0.1987576798	0.0018753826	0.0450170272	0.0878054872	0.166609944	-0.035672864	-0.0272405181	0.1331276458	-0.0509574919	0.1429378849	-0.2102936901	0.0479411814	-0.1755872677	0.072888948	0.0244246956	-0.0626828989	-0.0831782959	-0.0228302399	-0.0810061889	-0.0877613822	0.0887250564	-0.1650000777	0.1509820943	0.0280692139	0.1213195654	0.0679494424	0.0236225898	0.1900916497	-0.0748534063	-0.0804451368	-0.1584107871	0.0721255465	0.2501126199	-0.0878528398	-0.0920316859	0.0930762848	-0.1604152572	0.0114804562	-0.0561035291	0.2242434006	0.2950033277	-0.1034367695	0.06245003	-0.0485323432	-0.1147705489	0.0	0.0299072129339208	-0.0311995831789034	0.0009734139905373	0.0008944413854748	-0.061011473518306	-0.0851415774523331	0.0072490882110716	0.0037223999008749	-0.0236297714621827	-0.0044249141407988	1.9579865153442058e-05	0.0005583660993549	-0.0020639573369721	0.0004130697836663	4.259919888840962e-06	1.7062664617812398e-07	-0.0004222152149389	-0.0004761352253315	1.782656877259015e-07	2.2670475280149377e-07	0.000208064247228	-0.0006645039833479	4.3290730974554314e-08	4.415655438852261e-07
556.8377899690585	1.2494171671180538	1.561043257489303	310068.3243376253	718.8000201399385	3.611101924885929	13.040057111914864	516673.468953176	535.821223872723	2.4934816417127195	6.217450697558359	287104.3839524627	590.8852056545215	528.4731087670482	1.073435	20.282646	0.119864529775135	0.0787851652550369	-0.1411560146	0.1633501972	-0.0786889292	0.1314170087	0.0197862267	-0.0683499964	0.1960159673	-0.0254726793	-0.1191657801	0.0920839182	-0.1443341517	-0.0714338501	-0.0410179864	-0.0722788052	0.0555316847	-0.0109576636	-0.0476286563	-0.004660234	0.1259514271	-0.0326293458	-0.0567362662	-0.100902965	0.1738608826	0.0470530201	-0.0506173667	-0.0565705404	-0.0711313044	-0.0080163788	-0.0340530501	0.0334700216	0.0425042565	0.0151745149	0.0636906035	-0.113216614	0.1023406351	-0.042726755	0.0410359928	0.0921932463	-0.1409191966	-0.1558205397	0.0213264278	0.0722235394	-0.03206885	0.1068633273	0.0088638682	0.0148230419	-0.1229392254	-0.0800127087	0.0017787788	-0.1067837436	-0.0575780374	-0.0934410164	-0.0334284477	0.0896297236	-0.013592721	0.2828438988	0.0507576748	-0.0292239715	0.0028540103	-0.2526871617	0.0169124337	0.0348618922	0.0481978125	-0.0327631589	0.0042082925	0.0773424768	-0.0358093843	-0.1050360453	-0.0039549034	0.1180888612	0.0717684135	-0.0411786704	0.1318235046	-0.1803053091	-0.0457973086	0.0128655654	0.0297286831	-0.0050585689	-0.1810520435	-0.2132000905	0.0420619919	-0.0412929876	-0.0441961902	-0.0564574004	0.1476677876	-0.127130928	-0.0198838198	0.0331821402	-0.0997980677	0.0637210102	0.0498957325	0.037456735	0.1655900416	0.0634409097	0.0598479538	-0.060432122	-0.0258180397	-0.028201097	0.1632113381	0.1561222899	-0.089814844	-0.1430212871	0.0059007588	0.041765235	0.011974904	0.1214530558	-0.1513588491	-0.1538769102	0.0582000915	0.0603787714	-0.0529241442	-0.1155415645	0.0	0.0299960346882812	8.882175436039988e-05	7.889304047659215e-09	0.0008997620970205	0.0048168322017687	0.0658283057200747	0.0043333658339756	2.32018724599959e-05	-0.0222431312637638	0.0013866401984189	1.9227710398712087e-06	0.000494756888417	-0.0026769889098864	-0.0006130315729143	7.166269623654777e-06	3.75807709389781e-07	-6.288374452267931e-05	0.0003593314704162	3.9543653251935996e-09	1.291191056314833e-07	0.0002869164459431	7.885219871510001e-05	8.232104695261983e-08	6.2176692422056205e-09
556.5588211402892	-0.2789688287692797	0.0778236074249037	309757.7213890684	721.3163962299233	2.5163760899847603	6.33214862624699	520297.34347012365	535.3983357193447	-0.4228881533782669	0.1788343902676806	286651.37789104413	592.1944846757602	532.1816262632874	0.995548	18.810951	0.0739961648480584	0.042614260865574	-0.151866179	0.1397630143	-0.1492510062	0.0868783787	-0.0528197921	0.0685865964	0.2006919552	0.1698710643	-0.0731532775	-0.0370400904	-0.1586441893	0.0116657693	0.189783994	0.1258504875	0.0111213508	0.1225230963	0.0852285372	-0.0664675197	-0.0656973776	-0.0068196538	-0.0873885912	-0.0169525639	0.2045762661	-0.0369379489	0.0104818743	0.0286765429	-0.0630117393	0.0420228556	-0.0667348962	-0.0381394638	0.0063991815	-0.0504579299	0.0006162207	-0.067852478	0.0876637775	-0.1069872715	0.1493946336	0.0611144189	0.1837667326	0.0323574387	-0.0828969718	0.0678618105	-0.0352357011	-0.1195096731	0.0128556335	-0.0706475644	-0.0259711971	0.1440018151	-0.0848019246	-0.1015181598	0.0789167477	0.0031040016	-0.0215873356	0.1035014198	-0.0570340133	-0.1617811728	0.0235011903	0.0978413482	-0.1231389655	-0.2377372285	-0.0003624731	0.1120077024	0.018162883	-0.0838352707	0.1103218218	0.0011218989	-0.3201034033	-0.0676862261	-0.0165463827	0.0366148009	0.0722942054	0.062834757	0.0749260793	0.0156121141	-0.0608189078	0.1149967759	-0.0145822495	0.148584956	0.0670275934	0.0498862149	-0.1206567138	0.084523877	0.1435994987	-0.0350760121	0.0106810167	-0.1135986261	0.0317154902	0.0201730238	-0.1740868099	0.0868917722	-0.0452692046	-0.0728317022	0.0517159163	-0.0412652032	0.0632550243	-0.0972880735	-0.0650980652	-0.1569577316	0.0360704989	0.0720183263	-0.0351095439	-0.1814141312	-0.0939466034	-0.056725842	0.08218883	-0.0398617927	0.0999139491	-0.2070741915	-0.0034322229	0.0582806721	-0.0572218481	-0.1158504512	0.0	0.0468323103029888	0.0168362756147076	0.0002834601765743	0.0021932652883154	-0.033167846486009	-0.0379846786877777	0.0014428358150137	0.0011001060405194	-0.0286483088468259	-0.0064051775830621	4.102629987056125e-05	0.0008207255997831	-0.0026539614739188	2.3027435967600245e-05	7.043511505045249e-06	5.302628072419294e-10	-0.0002259730692877	-0.000163089324765	5.106382804330368e-08	2.6598127852310398e-08	0.0003562003444607	6.928389851760001e-05	1.2687868539392138e-07	4.800258593797097e-09
551.8950958642579	-4.6637252760313	21.75033345029323	304588.1968390184	716.6678151226823	-4.648581107240943	21.60930631059744	513612.7572327192	534.2826561502891	-1.115679569055601	1.2447409008080914	285457.956663008	588.8683181958321	510.3458816035919	1.219959	23.051224	0.0634960842765317	0.0341636771072242	0.003652691	0.1682731403	-0.0828463961	0.1037722529	-0.001706489	0.0581612059	0.0743477038	0.0955420532	0.0874565546	-0.1107873512	-0.0717258513	-0.1302891753	-0.0305892003	0.2561587448	-0.0157282565	-0.0029570133	0.1159444485	-0.0431795584	-0.034333519	0.040026094	-0.0096485514	-0.0044232412	0.0940833631	0.0771671309	0.0528713616	-0.1081109348	-0.135068956	0.0222863962	0.0431545416	0.0203366222	-0.0518672148	-0.1279498308	0.0681887333	0.0823119638	0.0311020768	-0.0728923968	0.0164828692	0.0697985018	0.123909064	-0.0367384726	-0.1563683107	-0.229384266	0.1103151626	0.0268630959	-0.1074558542	0.0919355014	-0.0872286617	0.1234415934	-0.0667053084	-0.0168893555	-0.0733450669	0.0754739279	-0.0029210403	0.0591989525	-0.0862280655	0.03167181	0.0245073654	0.1005390573	-0.0541389559	-0.0463246503	-0.0851902655	0.0686504154	-0.0726660614	-0.2659356533	0.0400345457	-0.1296205968	-0.0381915476	0.0985500523	0.0387340722	0.1028323035	0.070876477	-0.0066881089	0.0028594893	-0.0364765761	-0.1831351138	-0.0365169907	0.1231580309	-0.0108344081	0.0643308305	0.0390549115	-0.0396235065	-0.0790619693	-0.045440359	-0.1053979766	0.0441247939	-0.0651266669	-0.1035562648	0.0490485394	-0.1527262374	-0.0872993802	-0.0722849646	0.0306629405	-0.0121503575	0.1469453052	0.1410868837	-0.0328461144	-0.0118752713	-0.1492896644	-0.0964060344	0.0087596059	0.0975470621	-0.219137643	-0.0092569404	-0.0038757905	0.0030262435	-0.0381878045	0.0175124986	-0.1798883527	0.0056773287	0.0561566646	-0.0614178136	-0.1156959735	0.0	0.0470604969708858	0.0002281866678969	5.206915540593572e-08	0.0022146903751467	-0.0276743491882598	0.0054934972977491	3.0178512560377728e-05	0.0007658696029937	-0.0055001729908354	0.0231481358559904	0.0005358361936073	3.025190292911523e-05	-0.0021719358189367	0.000482025654982	4.717305201580234e-06	2.323487320609224e-07	-0.000395342808392	-0.0001693697391043	1.5629593614727366e-07	2.8686108524258652e-08	0.0003150704494492	-4.112989501150002e-05	9.926938811612089e-08	1.691668263657014e-09
553.1749177499703	1.2798218857124084	1.6379440591484649	306002.4896276864	718.752401824868	2.0845867021856748	4.345501718929347	516605.0151290165	535.0843648476176	0.8017086973285359	0.6427368353722179	286315.27750437835	590.5076280614832	498.7469798235405	1.34874	25.484541	0.2312090981024366	0.1489553711832858	0.078213219	0.1936765557	0.071403213	-0.0028977186	-0.0803929904	-0.0383870102	0.0541519938	0.2342835154	-0.0889286731	0.0184734919	-0.0874549152	-0.169315845	0.130161794	-0.0165300196	0.187486827	0.0459050549	0.0016201474	0.1137838624	0.1457509502	0.1193784324	-0.1959432561	-0.0776207992	0.0159521874	0.1495352393	0.053725829	0.1997593871	-0.0623275121	-0.079173025	-0.0410604909	0.0969048814	0.1199197797	-0.0536440067	-0.0262675603	-0.0580497225	0.0961678482	0.0701650005	-0.0807731538	0.0367082761	0.1914248439	-0.060912274	-0.0792266648	0.0609297766	0.0743179152	-0.1614008987	0.0217004805	0.1600501028	0.0069979306	0.0575981219	0.0760959921	0.1271760392	-0.047093308	-0.0240353614	-0.0241542454	0.0728562989	0.0691929827	0.0180867008	0.0635256554	0.0015619331	-0.2565044869	-0.178286208	-0.0528940968	-0.1474542649	0.0940782575	0.0387642428	-0.0738343939	-0.075555383	-0.0178435726	0.0463745926	-0.151472867	0.0561508437	0.0510832573	-0.0897143143	-0.0410722742	-0.1063758048	0.0476582042	0.0324460598	-0.1133555728	-0.0521617647	-0.0106712878	0.2231358549	0.0146843014	-0.0205576316	0.1148806426	-0.105648077	-0.0403365988	-0.1862367316	0.1430882882	-0.076495	-0.0435763664	0.133947936	0.0975427127	-0.0955963417	-0.0571035873	0.089184336	0.0779272116	0.0468931764	-0.0143939541	0.0246625791	0.0987263843	-0.0476371365	-0.0941978686	-0.1377773145	-0.1166618856	-0.0055423337	-0.0722715724	0.0443096725	-0.093908582	-0.0105024957	-0.11390289	0.0540076933	-0.0655045805	-0.1150787493	0.0	0.047731533082242	0.0006710361113561	4.502894627440437e-07	0.0022782992503811	0.0932488063230749	0.1209231555113347	0.0146224095388184	0.0086953398806783	0.0437586482626954	0.0492588212535307	0.0024264314712872	0.0019148192977782	-0.0032359122035642	-0.0010639763846274	1.0471127789175716e-05	1.1320457470450056e-06	-0.0004092202620851	-1.3877453693099992e-05	1.6746122290099792e-07	1.9258372100413458e-10	0.0004443383156529	0.0001292678662037	1.9743653875725618e-07	1.6710181232857682e-08
553.4869502269638	0.3120324769935223	0.097364266698713	306347.80407154554	716.9132959433407	-1.8391058815273027	3.382310443468317	513964.673900344	534.1851426530593	-0.8992221945583196	0.8086005551862805	285353.7666312693	588.6447433779091	501.63109747380105	1.165129	22.015194	0.2283828262849228	0.1746298767144299	0.0783379976	0.1661847871	0.1131045331	0.1496818796	-0.077859509	-0.0992949805	-0.0177383167	0.0899071779	-0.1003002712	-0.0413778248	-0.1624158249	-0.0457480805	0.0462980544	0.1564497612	-0.083608238	-0.0582474811	-0.1378387284	-0.1330052641	0.1002990047	0.0522997598	0.0815528897	-0.1375027654	-0.1181470124	0.0368025652	-0.0055791902	0.1328557353	-0.0364031833	-0.058855105	0.2181434126	0.0918279055	-0.0330534867	0.0527431126	-0.0038658048	-0.0752748409	-0.0031064872	0.1344796115	0.0701429633	0.0167356487	0.059902366	0.1235216923	-0.0258205532	0.0359001707	-0.0404681785	0.0089589343	-0.0397400741	0.0164532828	-0.0794552775	0.0860749873	-0.1137369612	-0.0205705046	-0.1264463733	0.0348421222	-0.0497659012	0.0611962543	0.0486710697	-0.0940891447	0.0743733176	-0.041336523	-0.0324493183	-0.06809853	-0.0169162092	-0.1076750263	-0.1687841285	-0.1093836106	-0.1436927504	-0.0541958178	-0.0665172606	0.097059022	-0.0860988342	-0.0333191966	0.1531132861	-0.1799019756	0.0589179417	0.0626308997	0.025109272	0.0783408588	0.0302220775	-0.103083514	0.0487862354	0.1361178643	-0.0054215022	0.1060955958	0.1093475021	0.0132502879	-0.175610486	-0.025099071	-0.108857792	0.1165731046	-0.1123817078	0.0757558601	0.0341946983	-0.0444391674	0.0297260003	0.1696600788	0.143488906	0.0584459414	0.067953337	0.093567965	0.0690937742	-0.0834228717	-0.0381535252	-0.0794005762	-0.027319488	-0.1195896363	-0.0752021903	0.0082475912	-0.0891991254	-0.017725691	-0.1006433933	0.0518347133	-0.0694748826	-0.1140012473	0.0	0.0602109359697209	0.0124794028874789	0.000155735496428	0.0036253568103498	-0.0740450768271046	-0.1672938831501795	0.0279872433394659	0.0054826734023318	0.027697117215041	-0.0160615310476543	0.0002579727795947	0.0007671303020237	-0.0027038854548817	0.0005320267486824	7.310996553120818e-06	2.830524613136718e-07	-0.0005281020362597	-0.0001188817741746	2.788917607016415e-07	1.4132876230900594e-08	0.0004442866545178	-5.166113509999818e-08	1.9739063138261898e-07	2.6688728798202645e-15
555.181890846177	1.6949406192131846	2.8728237026587737	308226.9319235364	718.2517756324373	1.33847968909663	1.7915278781242112	515885.6131991491	535.0336191158483	0.8484764627889945	0.719912307906924	286260.97358420264	589.968505855183	511.75567931555855	1.128483	21.322781	0.1685336688537742	0.1033675956352285	-0.0291491049	0.1784952488	0.1149865837	-0.0196466871	0.030064484	-0.1093639812	0.0217885839	0.0932504255	-0.0340680327	0.1309495232	-0.125435812	0.0283194173	0.0927309325	-0.0755415014	0.026084014	-0.0955586393	0.0594497984	0.0424897069	0.0488850815	0.0612602254	-0.035801841	-0.128722607	0.0557219132	0.085345147	-0.0520641897	0.1291282209	0.0059087121	-0.0351996201	-0.1066535438	0.0097297745	-0.1698168077	0.0820428681	-0.0416643329	-0.0479831621	0.0385012179	-0.0104142995	0.0380323416	-0.0667239784	-0.02122447	-0.0970700849	0.0266091665	0.1406632227	0.0136043194	0.0345863885	-0.0279346591	0.1771086916	-0.1163362846	0.0557726599	0.0087897819	-0.0909231762	0.0069267863	-0.0556168886	-0.076757759	0.0196418455	0.0191697184	-0.1577204612	0.0417322026	-0.0886658436	-0.0133960138	-0.1835103964	-0.0444607782	-0.1661020356	0.0142995937	0.0575052804	-0.0676849589	0.0671765763	0.0313664243	-0.0871361905	-0.0216547594	0.0976951352	-0.0124116585	-0.0347410144	-0.0412013025	0.0541856231	-0.1939825645	0.1384008193	0.1636487102	-0.0141041241	0.2098400412	0.0216338535	-0.1229269025	-0.0407295266	-0.009936109	-0.0033863169	-0.0381367689	-0.0797447935	0.0780454771	0.0380405589	-0.0055133372	0.0628822938	0.0424919281	-0.1065000482	0.1426523972	0.1128942266	0.0629673418	0.1581869155	0.1058027058	0.1300635962	-0.0033755675	0.05691633	0.0036629602	0.1212510738	0.0055858106	0.0284860881	0.0506763589	-0.1116105166	-0.0215344149	-0.0044744929	-0.0667536726	0.0496386907	-0.0733216609	-0.1124677771	0.0	0.0762290017037514	0.0160180657340304	0.0002565784298597	0.0058108607007505	0.0126016888725217	0.0866467656996262	0.0075076620062059	0.0001588025624398	0.0475415383853885	0.0198444211703475	0.0003938010515861	0.0022601978720493	-0.0034469290912677	-0.000743043636386	1.1881320160227572e-05	5.521138455737302e-07	-0.0003507676468965	0.0001773343893632	1.2303794210930774e-07	3.1447485650819025e-08	0.000444396953764	1.1029924620002817e-07	1.9748865251472282e-07	1.2165923712294424e-14
554.2106510133061	-0.9712398328708788	0.9433068129550524	307149.44569659256	720.1306236745227	1.8788480420853373	3.530069965247906	518588.115153857	534.8385803071579	-0.1950388086903558	0.0380401368953532	286052.3069849762	590.0060577895615	511.6964139485572	1.00374	18.965736	0.1508593377937956	0.082865046912687	-0.0041387005	0.1774065498	-0.0028494321	0.0272296096	0.127332826	0.0970582833	0.1954979569	-0.0064613903	-0.0684552136	0.0109400488	-0.0841515406	0.0180337454	0.0132379146	0.0257584872	-0.0066807417	0.0754244851	-0.1155900329	-0.0603283034	0.0650447698	0.017277097	0.0639354905	0.0200926119	0.0756902453	0.0357617257	-0.0255629864	0.1133365205	-0.0942417626	-0.0595233877	-0.0472035277	-0.0991808866	0.0348745537	-0.0116408809	0.0666833642	0.0030711613	0.0460842181	0.0105367611	-0.0433507985	0.100800522	0.0561017323	0.1280378154	0.0720924509	-0.0458120094	-0.0659061677	-0.0702715699	0.0016926066	-0.1463185278	0.1452399331	-0.0128767017	0.0579800897	0.0950124881	0.0273258124	-0.2209011207	0.0145927248	0.0444150793	0.0138871611	0.059118203	0.0160969511	0.1249248363	0.0666739727	-0.1615903496	0.0004442652	0.0089248135	-0.0442676733	-0.017749646	-0.0335271672	-0.040615565	-0.1123196514	-0.0014117658	-0.0411544662	-0.0399727766	-0.0563082926	-0.0699453154	-0.0810718443	-0.0527610471	0.0017271999	0.0324170044	0.1128615199	-0.1555823564	0.024527532	0.0057018334	-0.0023567042	0.091950384	0.0459466571	0.1186271859	-0.0909224442	-0.0259005138	-0.0341704669	0.0489413834	-0.1147865196	0.0203685746	-0.119143677	-0.0525404528	0.1382530822	0.0671472174	0.0913194868	0.1224582903	0.0105277719	-0.0398914252	0.0032400135	-0.047680457	0.0516978158	0.1691580349	-0.0393853783	0.0798897615	-0.1267631321	-0.0249156011	0.0954293267	-0.1351703471	-0.0364368041	0.0474206018	-0.077038076	-0.1104844722	0.0	0.0853370561115127	0.0091080544077613	8.295665509474007e-05	0.0072824131457794	-0.0547392890935327	-0.0673409779660544	0.0045348073134246	0.0029963897704653	0.0277087477884236	-0.0198327905969649	0.000393339582863	0.0007677747040024	-0.0028599457692429	0.0005869833220248	8.179289803010363e-06	3.4454942033527026e-07	-0.0001570808991788	0.0001936867477177	2.467440888682033e-08	3.7514556241459976e-08	0.0007552771804818	0.0003108802267178	5.704436193565376e-07	9.664651536411072e-08
552.7596093804891	-1.4510416328170097	2.105521820168253	305543.1857624709	720.1532826020867	0.0226589275640662	0.0005134269983536	518620.750442561	533.9273999053653	-0.9111804017926488	0.8302497246110129	285078.46836970386	589.06640904465	504.9485362368451	0.912484	17.241449	0.1741168649187776	0.1285544951229405	0.0298768013	0.2086531298	0.050887284	-0.0539893127	0.105060572	0.0917500653	0.0799992012	0.0163392191	0.0198050277	0.093688936	-0.037594935	-0.0522475891	-0.0034040288	-0.057931519	0.0012952455	-0.0893511394	-0.0303841479	0.0490779672	0.1788232531	0.0740489868	0.0372691509	0.041992312	0.0047040967	0.0881843041	0.0741134843	0.0859381437	-0.1382767244	-0.1149201895	0.0285274969	0.0707986144	-0.0159410466	0.0340293223	0.0282974458	0.1155351471	0.1611002634	0.0761378387	0.009463682	0.1134835817	-0.1546638208	0.0821444148	0.0415649083	0.0361560218	-0.0306347688	0.1548618988	-0.0507304015	-0.00111796	-0.0200555515	-0.1012730723	-0.0207142866	-0.0863082168	-0.1246411267	-0.050829668	0.1077334493	0.0694463895	-0.2890724312	0.1335799014	-0.0161388639	0.0779987999	0.0465088625	-0.1451016659	-0.0538907643	-0.0576892838	0.0277795762	0.0551334483	-0.0713045284	-0.0640193997	0.1222914951	-0.0556320337	-0.05309544	0.0600828907	0.0729318531	-0.0825189234	-0.1502010736	0.0693707949	0.1289977107	0.0520576315	-0.1126451871	-0.0859558055	-0.0264356055	-0.0888418263	-0.0637892578	-0.0967517952	0.0706269857	0.1213365673	0.1015995406	-0.0969421562	0.0662494647	-0.0134886138	7.6731e-06	-0.0024938497	-0.0308732977	0.0005915898	0.1119546053	0.1202974615	0.0726616882	0.1224158953	0.038585175	0.0273059145	-0.0208373006	-0.0258700103	0.0323435051	0.2422360664	0.00076694	0.1510585793	-0.0184905834	0.1314844531	-0.0891319759	0.0029230151	0.1108542802	0.0451814325	-0.0806175202	-0.1080592651	0.0	0.0761097901811638	-0.0092272659303488	8.514243654937744e-05	0.0057927001614207	0.0601753886929685	0.1149146777865011	0.0132053831707753	0.0036210774043498	0.0326200249411812	0.0049112771527576	2.4120643271198803e-05	0.0010640660271632	-0.0037159525935786	-0.0008560068243357	1.3808303677723524e-05	7.327476833092904e-07	-0.0001408507083835	1.6230190795299995e-05	1.983892205213376e-08	2.634190932518407e-10	0.0007262413146294	-2.903586585240004e-05	5.274264470746391e-07	8.430815057985706e-10
552.3125273614162	-0.4470820190729228	0.1998823317783213	305049.1278803551	719.0391167165149	-1.1141658855718788	1.2413656205721688	517017.2513684659	533.6531551096699	-0.274244795695381	0.0752102079660013	284785.6899585054	588.8601875612587	505.28065005112825	1.021957	19.309958	0.1216473277930975	0.0807500112589202	0.0629412645	0.1493674803	0.0106325774	-0.0648931796	-0.0218517178	0.1060353997	0.0031642926	0.1029123802	-0.0691067512	-0.1252017667	-0.0452983306	-0.0483982905	-0.0706110395	0.0209878585	0.044456915	-0.051731767	0.080691472	0.0194874486	-0.0315932089	-0.0919885916	0.0125132448	0.0983395507	-0.0395053885	0.0483883921	0.0898030644	0.0170819697	-0.0601573332	-0.0309510001	0.1052866432	-0.0163978945	-0.0059051276	-0.0253588298	-0.1097879101	-0.1564863563	0.0291447277	0.0017843252	0.096541349	-0.0295357222	0.06332739	0.0729542806	-0.1523638008	-0.0351353539	-0.0046594989	-0.0452913433	-0.0450709738	0.0533397052	0.0307591643	0.0030798526	0.0519979868	-0.14556136	-0.005182182	0.0856110764	0.0490549729	-0.1560549519	0.2496079985	0.0603418954	-0.0178837685	0.1265226959	-0.0607000708	-0.0173125514	0.0352516642	-0.0732843657	-0.017324782	-0.1000594713	-0.1566849029	-0.0115884881	-0.0981767986	-0.0287100924	0.1181847078	-0.0362148315	-0.0235795005	0.0272104998	0.0452695604	0.1342781463	-0.1059763257	-0.017681519	0.091394883	-0.0201289449	0.0542908406	-0.0538644762	0.0032825232	-0.1036235242	0.0031999948	-0.087300928	-0.2565885333	-0.022216748	0.0273709802	0.0198585174	-0.0545896422	0.0676504667	-0.1180164923	-0.1249350582	0.0506691398	0.031197719	0.0244907866	0.113333812	0.0339937371	0.0358577138	-0.1086353429	-0.1394530089	-0.0379977351	0.0509086186	-0.075999541	0.0891609261	0.0598146803	-0.0073953931	0.1093752203	0.019639651	0.0679568256	0.0429221782	-0.0840536294	-0.1052018558	0.0	0.0929272440827873	0.0168174539016234	0.0002828267557332	0.0086354726928219	-0.0158770621587933	-0.0760524508517618	0.0057839752805596	0.0002520811027941	0.0283285858686639	-0.0042914390725172	1.841644931312813e-05	0.0008025087773182	-0.0037257794075388	-9.826813960199694e-06	1.388143219364017e-05	9.656627260837559e-11	-0.000618851783215	-0.0004780010748315	3.829775295883854e-07	2.284850275400693e-07	0.0007243495240772	-1.891790552199942e-06	5.246822330308662e-07	3.578871493392961e-12
553.0569896040336	0.7444622426173737	0.5542240306828894	305872.0337498761	718.4873007376772	-0.5518159788376806	0.3045008745005876	516224.0013213134	532.9202364931012	-0.7329186165686679	0.53716969851293	284003.97846386296	587.7092256902339	509.4318570588392	1.044672	19.739157	0.1154190335681336	0.080821057345394	0.0477628489	0.1267601086	-0.0236500132	-0.0868479631	-0.0429760633	0.1269060054	-0.2114546561	-0.0080744583	0.0791499199	0.0406416324	-0.1255949785	-0.1197570315	0.0233655326	0.0208763002	-0.0014722031	-0.1667145506	-0.1063472585	-0.0992102731	-0.0668142658	-0.0877176715	0.0151392466	0.1044009678	-0.1312959547	0.1541791065	0.0580106237	0.035170842	-0.0102144584	-0.000623896	0.0514108848	-0.0642424093	0.0957257574	0.1131989501	-0.0208426955	-0.128782868	-0.2040281952	0.0898739706	0.0793912825	0.1538244285	-0.0724380188	-0.0652749183	-0.0931026573	-0.0264895427	-0.0782588332	0.0198541939	0.1530445391	0.0883967735	0.0329807977	-0.0207172499	0.0347211251	0.0448855807	-0.0767954908	-0.0202545272	0.0576024061	-0.057596336	-0.092517495	-0.021175463	-0.1413158409	0.0593653947	0.0407071479	0.0700314493	-0.1453528401	-0.1923352866	-0.108536098	-0.0329414046	-0.090681843	0.0118427222	0.0039241701	-0.0588969384	0.1306042852	-0.013991205	0.0563593703	-9.45282e-05	0.0564529188	-0.0137489156	0.0702925719	0.0964478843	-0.0561990802	-0.0872356875	-0.0818832669	0.0052907479	0.0714955414	0.0165048725	0.071819254	0.0690972621	-0.031052335	-0.0268823151	0.0326239516	-0.0074587721	-0.0306458329	-0.1641490921	-0.0594122733	0.0199594619	0.0384703075	0.1351886309	-0.0295287548	0.1398147459	0.1769221062	-0.0636347554	-0.1661284465	-0.1725546285	-0.1268422339	-0.0031496459	-0.0096841052	-0.0623507548	0.0386697837	0.0195854248	-0.0177007397	0.1450235261	0.0411234248	0.0406438432	-0.0873402943	-0.1019236731	0.0	0.0929261375153771	-1.1065674102028744e-06	1.2244914333230966e-12	0.0086352670335267	0.0585692358073117	0.074446297966105	0.005542251280858	0.0034303553830524	0.0282175447032955	-0.0001110411653684	1.2330140406372851e-08	0.0007962298290824	-0.0035410585996295	0.0001847208079093	1.2539096006010037e-05	3.4121776874664506e-08	-0.0012492830668235	-0.0006304312836085	1.5607081810519295e-06	3.974436033522609e-07	0.00072228985821	-2.05966586720003e-06	5.21702639273022e-07	4.242223484508852e-12
555.9114058584456	2.854416254412058	8.147692153451764	309037.49116351345	719.2385252658937	0.7512245282165395	0.5643382917941624	517304.0562266577	534.595241433323	1.675004940221811	2.8056415497674725	285792.072163153	589.7239625812014	521.2574005233074	1.17863	22.270306	0.0723294832667726	0.0447599958023354	-0.0296594358	0.0425469885	-0.0617461639	-0.044975508	-0.0434646897	0.0633542408	-0.0093206223	-0.051303672	-0.1090063531	0.0583028837	0.0513023839	0.1169728045	0.0467046211	-0.007617073	-0.0367911936	-0.0165221852	0.0398040023	-0.0552014282	-0.051278818	-0.0022853795	-0.0663677739	0.0194642506	-0.0599313783	-0.0436284552	-0.0155369844	0.0001437529	0.0056807434	-0.1484844101	0.0190982998	0.0391764197	0.0481904827	0.1031621626	-0.0215447615	0.0175386958	0.0032553337	0.1564534168	0.1082381474	-0.1034320662	-0.0249625059	0.0917241881	0.074829874	0.0423891003	-0.0214942277	-0.1150951508	-0.0265765759	-0.1216141787	0.0723118085	-0.0715372256	0.0087686452	0.0010885936	0.0994039061	0.0407829389	0.0255259938	-0.1250804933	-0.0890417116	0.0442958705	-0.1324076609	-0.0085000533	-0.0110242881	-0.0296397064	0.0746966433	0.0314754567	0.0129025885	0.0473136926	-0.0485786861	0.0661486415	0.0697698601	0.0427195159	0.0340498161	-0.0989995059	0.15126999	-0.0266445972	-0.0990951805	0.1285150309	0.1057845107	0.1385577128	0.0784132353	0.0217122837	-0.0266952394	-0.0228331609	0.1707171233	-0.0268352631	0.0341020467	0.1158214493	-0.0109255364	-0.0379273568	0.1407884883	-0.0406188113	0.0407550984	0.1037407462	-0.000171602	0.0125323912	-0.0112641055	0.036703751	-0.0469684247	-0.0540090134	0.0891019489	0.0324975078	-0.1381058723	-0.1658146547	-0.0224965105	0.1651445278	-0.1634693916	-0.1195770922	0.0948180026	0.0082960745	0.0433922831	0.1492798524	0.0736266372	0.0383474405	-0.0904716714	-0.0982378286	0.0	0.0931042545871179	0.0001781170717407	3.172569124551703e-08	0.0086684022222228	0.087732055941089	0.0291628201337773	0.000850470078155	0.0076969136396503	0.0285879688174901	0.0003704241141946	1.3721402437685616e-07	0.0008172719611097	-0.0040351898402188	-0.0004941312405892	1.628275704660502e-05	2.4416568292632053e-07	-0.0008919660939352	0.0003573169728882	7.956035127300181e-07	1.276754191140581e-07	0.0007232040836736	9.14225463600018e-07	5.230241466421715e-07	8.358081982946679e-13
556.6387049752595	0.7272991168139242	0.5289640053183142	309846.647876534	718.3151376708652	-0.9233875950285436	0.8526446506525979	515976.637007114	534.9335492124652	0.3383077791421556	0.1144521534280975	286153.9020730449	589.002415063879	529.0562335479153	0.994556	18.792219	0.1137468618211163	0.0869642498400959	-0.0736191373	-0.02041736	-0.1230805899	-0.0113725154	-0.0312337844	0.0151220242	-0.1067941067	-0.170742734	-0.0264191231	0.1195622554	-0.0103911186	-0.0232904426	-0.1233598544	-0.0326405121	-0.0295372059	0.0102638878	-0.1699123773	0.0455221669	-0.0027206077	0.0432218291	-0.127335237	-0.019066654	-0.0812575128	-0.0783029296	-0.0526167867	-0.0560721257	0.0962694995	-0.0709933571	0.0120335424	0.1028668848	-0.0756056242	0.1612406727	0.0360442112	-0.0279988193	-0.1444447549	0.0531567851	0.0613669676	-0.0664621362	0.0317583986	0.035734087	0.0539199918	-0.1582288749	0.0132750138	0.1442646687	0.0738343804	-0.060339924	0.0020189516	-0.0268094484	-0.0889170706	-0.1260700614	0.1435780539	-0.1597258093	-0.0935377223	0.1561903292	0.0395718974	-0.0032036087	-0.174810463	-0.1036295574	0.0213237308	0.0778443408	-0.0485624824	0.0919627764	-0.0814599453	0.0819577361	-0.0593376206	0.0044051548	0.102007785	-0.119237015	-0.0445968466	-0.1668862742	-0.008811363	-0.1231311504	0.0116088251	-0.1663420664	-0.0657650913	0.2201808281	0.084609473	0.1688285185	-0.0171823649	-0.1421956802	0.0076755327	-0.0853095316	0.0201262052	0.0402023978	-0.0651717738	0.0249054648	0.0349563299	0.0579745075	-0.1111019846	-0.0641749248	-0.0042166905	0.054780738	-0.0239352439	-0.0423347232	-0.0039960155	-0.1395853637	0.1046079569	0.0570052675	-0.0188793201	-0.0889092768	0.1031433336	0.1630417241	-0.0576370403	-0.1159450307	-0.0899365006	0.0761692466	0.0099045617	0.1174064269	-0.0996773433	0.0360339907	-0.0934421931	-0.0941590645	0.0	0.0929977959012831	-0.0001064586858347	1.133345178967168e-08	0.0086485900424967	0.003289000132014	-0.084443055809075	0.0071306296743745	1.0817521868388108e-05	0.0111197927239885	-0.0174681760935016	0.0003051371760335	0.0001236497902244	-0.0040157702360735	1.941960414529945e-05	1.6126410588933815e-05	3.7712102516013136e-10	-0.0008246592981959	6.730679573930002e-05	6.800629581009543e-07	4.5302047526918564e-09	0.0005753470589041	-0.0001478570247695	3.310242381895979e-07	2.186169977368856e-08
556.9175474391577	0.2788424638981723	0.0777531196728035	310157.15464564646	715.8928688527453	-2.4222688181198464	5.867386227235717	512502.599674214	534.7257052128858	-0.2078439995793815	0.0431991281611539	285931.57981541805	589.2811708226745	535.003196854266	0.944181	17.840372	0.1022610478815656	0.0777586723245127	-0.1221789022	-0.0439555487	-0.1645050744	-0.0258355254	-0.0111270303	-0.0184949444	-0.0380722907	-0.1658161388	-0.0455743486	0.0517132958	0.0462614867	0.111443017	0.0765549601	-0.0014780967	0.075008688	0.1568644009	0.0267879373	0.0850741274	0.1337879872	-0.1360413916	-0.179994703	0.0256324917	0.0006734449	-0.1063151142	-0.0360566543	-0.125901296	0.022427587	0.0964650595	-0.1062505431	0.0728483	-0.1504263166	-0.0087714184	0.1198693856	-0.0538482032	0.0280242307	0.0630763386	0.0910631517	-0.0446379326	0.0811304934	0.0133547832	-0.141931371	0.0038411311	-0.0946048307	-0.0529867721	0.021929326	0.0178334655	0.0751665423	-0.1446526154	-0.0115717112	0.074071494	-0.0029445425	-0.1075375494	0.0194117965	-0.0625010027	-0.0245809337	0.0183175739	-0.1242326411	-0.1237152953	-0.0460535267	0.0178613775	0.0524375678	0.1406349907	0.0579563978	-0.0377875717	0.1838053159	0.0021398199	0.0975845329	-0.1386629047	-0.1200410915	0.0613001375	0.0475586773	-0.0381913099	0.0603340749	0.0359187378	0.0603676543	0.0771046471	0.0121162642	0.0806874211	-0.0772240727	0.0064793396	-0.0659173239	0.0654266719	0.070069052	0.0852281643	-0.0360376523	-0.0341110388	0.11873175	-0.0056611385	-0.0405945196	0.0118299337	0.0003935551	0.0806546265	-0.0316461314	0.0083257011	0.0035357567	-0.1632087074	0.1162505889	-0.0028564004	-0.0980392081	0.0049139453	0.1315356533	0.0731437076	-0.0869241908	-0.047346837	0.0591429927	-0.0555734174	-0.021228247	-0.0880490785	0.1321215619	0.0337045224	-0.096246578	-0.0897036946	0.0	0.0930068645597259	9.068658442801247e-06	8.224056595219034e-11	0.0086502768552311	0.0780226479914176	0.0747336478594036	0.0055851181223733	0.0060875335995926	0.0142745170411728	0.0031547243171843	9.952285517433952e-06	0.0002037618367587	-0.0042357592486338	-0.0002199890125602	1.794165641238677e-05	4.8395165647255595e-08	-0.0007060368705107	0.0001186224276851	4.98488062520543e-07	1.4071280349930492e-08	0.0007240077595893	0.0001486607006852	5.241872359455176e-07	2.210000392821465e-08
555.5208653624251	-1.396682076732645	1.950720823466215	308603.4318530176	716.2447866081217	0.3519177553763484	0.1238461065491274	513006.5943433138	534.5781110857973	-0.1475941270884959	0.021784026351015	285773.75685205904	589.1100444821648	530.2794306448022	0.956662	18.076197	0.1267108458329204	0.0775725966650897	-0.0685811534	-0.0579502498	-0.1491184644	-0.0520710418	0.012547691	0.006975992	0.0083323028	-0.147846098	-0.020793291	0.0017247429	0.0145426457	-0.0300822616	-0.0913201511	0.0550129922	0.1038632116	-0.0079620891	0.0558759313	0.0403420977	-0.0291340243	-0.0458629827	-0.0458322093	0.1135276833	0.0048741468	0.0677821162	-0.0242550044	-0.0748344886	-0.0035390633	0.1809576062	0.0739952083	-0.0075990387	0.0334833627	0.0679259319	-0.0154062534	-0.0487518702	0.0579079633	0.0759129964	0.0807471586	0.1125195869	-0.0368925039	0.0148278951	-0.0341958263	-0.0391279963	0.0118919065	-0.0119963812	-0.0768738723	-0.0619808565	0.0020617287	-0.0238305886	-0.0662030213	0.0079681895	0.0436704338	0.0271830095	0.0169775956	-0.1203988031	0.0258067664	0.0229099905	-0.0911046229	-0.028068838	-0.0154164998	0.0245689086	0.0381591126	-0.0017795634	0.0521870946	-0.1346754401	0.0472139237	0.0179427897	-0.0370149321	-0.0196933885	0.0936423959	-0.0175252577	0.0164175814	0.0114539358	0.0800891293	-0.059013876	-0.0658441972	-0.0040565201	-0.0607464442	-0.0109294626	-0.2122345183	-0.1067821764	0.1082107859	-0.0270686904	0.0287750544	0.1042329255	-0.0771876362	0.0285980898	0.0453699736	0.0452988988	-0.0875114817	-0.0219696328	-0.0738484385	-0.030563577	0.0133571252	-0.0270576541	-0.0042615138	-0.0939514208	0.0727684062	-0.0349547941	-0.1175422563	-0.0774345626	0.1194538754	-0.0055017918	0.0241349477	-0.0523717771	0.133604157	0.0011574145	0.0114730424	-0.0705686004	0.1055615451	0.0313600711	-0.09887984	-0.0848895389	0.0	0.1034175966322266	0.0104107320725007	0.0001083833422853	0.0106951992931859	0.0116403019173532	-0.0663823460740644	0.0044066158702968	0.0001354966287271	0.0170620219936381	0.0027875049524652	7.77018386001857e-06	0.0002911125945113	-0.0037275989839142	0.0005081602647195	1.3894994184878177e-05	2.582268546398936e-07	-0.0011388551474009	-0.0004328182768901	1.2969910467615251e-06	1.873316608102017e-07	0.0007223810465213	-1.6267130680000606e-06	5.218343763732085e-07	2.6461954056021695e-12
554.5988731856879	-0.9219921767371488	0.8500695739645059	307579.91013883473	716.6628089094032	0.4180223012815531	0.1747426443687256	513605.5816739158	534.2491337540126	-0.3289773317846993	0.1082260848281801	285422.13691691286	588.9700595024304	523.7957779727986	0.889007	16.797859	0.1242255651667865	0.0707009940815909	-0.0127560262	-0.0503842033	-0.0770879096	-0.0654381002	0.0268889819	0.0450695355	-0.0168314015	-0.0576023399	0.0824255202	-0.0145797445	0.0542306949	-0.061377954	-0.0264368257	0.1489013341	0.0640686899	0.0385920579	0.0636337276	0.0114639217	-0.0439512786	0.0422067327	-0.0450609719	0.0792579101	-0.0226239673	0.0054706452	0.0581243038	-0.1911630862	0.0039564096	0.032886352	0.0588822342	0.0091339451	0.0436389457	0.1135159839	-0.01975869	0.1349830995	0.0170159125	0.0731331998	0.1210139882	-0.0246971311	-0.0538146169	-0.1721199116	-0.0556356029	0.0419818386	-0.0184268326	-0.1163940296	0.0797362114	-0.0917209628	0.2714191937	-0.1097983559	0.075535371	-0.0470546644	-0.0346829101	0.1395364081	0.1562734426	0.0686366884	0.0480367959	-0.0302284368	-0.0799513089	-0.0011666711	-0.0115802148	0.0885787822	-0.0614935122	0.0523822486	0.0515178626	-0.0938384745	0.0602926495	-0.0052334266	-0.0011731295	0.0266598048	0.1126659947	-0.0128031426	0.0921070355	0.1174299572	-0.038418597	0.0570726223	-0.0353374482	-0.0128074556	0.0518427872	-0.0517912636	-0.1305335393	-0.0320103437	-0.0058978421	-0.0341306589	0.1575481402	0.1096793689	0.0640384216	0.042032752	0.0754414325	-0.0038850515	-0.0572360882	-0.0603840057	-0.0335438707	0.0482316733	-0.0476562023	0.0742721559	-0.038074587	-0.0416040806	0.0591807951	-0.0232884575	-0.0516622735	-0.1106491027	0.0496406074	0.0276797726	-0.0035555878	-0.0599581513	0.2120998458	-0.0381379532	0.0198944289	0.0558797029	0.1399769085	0.029001679	-0.1013372972	-0.0797358525	0.0	0.1125709978377074	0.0091534012054807	8.37847536284972e-05	0.0126722295541771	0.0629892229619315	0.0513489210445783	0.0026367116924423	0.0039676422093479	0.0441879474876856	0.0271259254940475	0.0007358158339086	0.0019525747031744	-0.004356139594653	-0.0006285406107387	1.89759521681036e-05	3.9506329934790337e-07	-0.0010355805132871	0.0001032746341137	1.0724269994999736e-06	1.0665650051339236e-08	0.0007222499429203	-1.3110360099996036e-07	5.216449800483766e-07	1.7188154195156803e-14
554.6045077959635	0.0056346102755924	3.174883295781171e-05	307586.16006760293	716.7186358916987	0.0558269822954571	0.0031166519522172	513685.60303445737	535.029548780989	0.7804150269763568	0.6090476143305077	286256.61806878867	589.0854287241841	517.8231258618725	0.937567	17.715393	0.0995890525502265	0.0497183280720331	0.0290134805	-0.0575453761	-0.0004979915	-0.1183155035	-0.0495792956	-0.0006520538	-0.1316494874	-0.1018834508	-0.0852176576	-0.0997440812	-0.0040428634	-0.0179673149	-0.0973166448	0.0876495026	0.1495985756	-0.0916278112	0.1193256336	0.027234179	-0.105501097	0.11359708	-0.1063909286	0.0889671291	-0.0385171741	0.0228487628	-0.1064079474	-0.0590589409	0.0420755066	0.1736570714	0.0081024671	0.0081580191	-0.0712811374	-7.7799e-05	-0.1157565009	-0.0890056201	0.0153219706	0.1024099795	-0.0865431062	0.0573912554	-0.1343381112	0.0108411172	-0.0219321539	-0.0881140723	0.1743245319	0.042212462	0.0028159203	-0.0977773817	0.0593038948	0.00445152	0.0496168804	-0.0496513923	-0.0894130742	-0.0720403259	0.0741255267	-0.030667845	-0.0365077996	-0.0593183404	-0.1128665824	-0.0454932158	-0.0675604038	0.1103428309	0.0939750762	-0.0714788018	0.1090326126	-0.1566989751	0.0001765826	0.0624750327	-0.0198858658	0.046214665	0.0020214571	0.0255330298	0.0161657324	-0.0105883625	0.0257628879	-0.0800117076	-0.1731668691	-0.0800588588	0.0436423009	-0.1256757096	-0.0914219497	-0.0270091416	0.049632896	-0.1678057309	-0.1933696438	0.0209815313	-0.0906690947	0.0594246874	0.106818316	0.0571172882	-0.0148118918	0.063117424	-0.0546882704	-0.0603039836	-0.0641727612	0.0264079578	-0.0324750076	-0.0887463069	0.0334375829	0.1203954925	-0.0450158623	-0.0352974842	0.0397831849	-0.1680456352	0.0094595998	0.0325386521	0.0949540213	-0.0612841077	-0.085109192	0.0818741795	0.0677609219	0.0266303944	-0.1036145805	-0.0742632484	0.0	0.112407550089685	-0.0001634477480223	2.6715166333591073e-08	0.012635457317165	0.0295428246682831	-0.0334463982936484	0.0011186615588173	0.0008727784893809	0.0639764930746764	0.0197885455869908	0.0003915865364484	0.0040929916661341	-0.004864000899331	-0.0005078613046779	2.3658504748692773e-05	2.579231047892403e-07	-0.0014492627953166	-0.0004136822820294	2.100362649888885e-06	1.711330304651347e-07	0.0007199803111965	-2.2696317237999543e-06	5.183716485106091e-07	5.151228161679152e-12
557.1101980767861	2.505690280822592	6.278483783408797	310371.77280115586	717.430214094531	0.7115782028323565	0.5063435387461263	514706.1120957246	535.4218983263072	0.3923495453182113	0.1539381657114071	286676.60920734645	589.8918182540726	529.2346466224342	1.050773	19.854437	0.0695041576572372	0.0426132893892337	-0.0494073763	-0.0948881549	0.0429183815	-0.1121936777	-0.0236749229	-0.047908606	-0.0983755644	-0.0171327984	0.0395929563	0.1201075313	0.0167541584	-0.0254953233	0.0446957934	-0.1171519745	0.0285375583	0.090938517	-0.1463267017	0.09584773	-0.0735472024	0.0293050485	-0.087709988	-0.093962275	-0.1184122864	0.0407145004	-0.0047357526	0.0210158621	0.1976786165	-0.0650896633	-0.1023124227	-0.110130583	-0.1091847711	-0.0416735309	-0.0386614577	0.0462944153	-0.0883779951	0.0509752759	-0.06093886	0.1566755199	0.0389967594	0.0216263697	0.0473221065	0.0292400682	0.128563643	-0.0500110475	0.1181703239	-0.0371975292	-0.1494845845	-0.1411287674	0.0299284473	-0.0188403439	-0.0624204291	0.1461207049	-0.0099898329	-0.006099039	0.1154283934	-0.0593032287	-0.055281843	-0.1242920818	-0.0513517486	0.086035003	-0.0929120207	-0.0133167043	0.0715416528	0.1855087302	-0.0321954003	0.0211785384	-0.0804260211	-0.0247938068	-0.1037104107	-0.0958095819	-0.1222861439	-0.0495854252	-0.0112795068	-0.0183597482	-0.1350480326	0.0067409053	0.1286736777	-0.0957026114	0.007257608	-0.1000875874	0.1701603559	0.0823956419	-0.0676365768	-0.1502273658	0.0009376955	0.0561015978	0.1216816877	0.0605237141	-0.0568996527	-0.0193858612	0.0474245157	-0.0327268474	-0.0952735881	-0.0314077764	-0.0716363515	-0.038730547	0.003066605	0.1666483881	0.1729168132	0.0426741579	-0.034473445	0.038088293	-0.0117148226	-0.0109629151	-0.0677329145	0.0531180626	-0.0755323675	0.104081884	-0.1022267946	0.0242472716	-0.1057076408	-0.0684936154	0.0	0.1125498586519455	0.0001423085622604	2.0251726892649414e-08	0.0126674706825729	0.0131379093626406	-0.0164049153056425	0.0002691212461853	0.0001726046624209	0.0602100985234272	-0.0037663945512491	1.4185727915679653e-05	0.0036252559642008	-0.0056495826193152	-0.0007855817199842	3.1917783772468394e-05	6.171386387733346e-07	-0.0012510426885303	0.0001982201067862	1.5651078085251213e-06	3.929121073437213e-08	0.0007199713532053	-8.957991200057337e-09	5.183587494362708e-07	8.024560634030469e-17
556.6046544440134	-0.5055436327727421	0.255574364637061	309808.74134873954	716.7566692965557	-0.6735447979752962	0.4536625948795826	513740.1229810922	533.8541756960425	-1.5677226302647114	2.457754245444105	285000.280908101	588.6629600154611	536.6265008815672	0.946949	17.892675	0.0606487985581685	0.0342369593185016	-0.0888367376	-0.1146395176	-0.0261876195	-0.1077509574	-0.0651220137	0.0026052223	-0.0954374512	-0.0910847076	0.0537804764	-0.0022343662	-0.0105037382	0.0461034919	0.0426020338	0.0952718813	0.0712279582	0.1246793732	-0.0040431509	0.0375632166	0.0469740447	-0.118820459	-0.0617284389	0.034242185	-0.107494435	-0.0868277168	0.0177059742	-0.1641895566	-0.0275941612	0.088330547	-0.0927831248	-0.0007714678	-0.1507579412	-0.036616823	0.1421803104	-0.1227366837	-0.1249775108	-0.0449386688	-0.0914146232	0.0257743749	0.0969299067	0.0874717176	0.0510634764	0.1761379665	-0.0936504392	0.0611975505	-0.1848513418	-0.1611809699	-0.1103594214	-0.0113607189	-0.1342887557	0.0100469637	-0.0277198254	-0.0421793194	0.0730012693	-0.1500735783	-0.0010751508	0.0465938057	-0.0864474241	-0.086452875	-0.0132148832	0.1272328654	-0.046204763	0.0720261156	0.0434486604	-0.0948412187	0.1395757764	-0.0117737604	-0.0701700854	-0.1287357124	-0.0848449652	0.0748108587	-0.0232861251	-0.0153988138	-0.0005499323	0.0998517916	-0.0216124553	0.041235601	-0.1167698083	-0.1230996084	0.0406975976	-0.0526728994	-0.0892974792	0.0749729765	-0.1840007442	0.039867188	-0.0264447338	0.0894952744	0.0974724985	0.0672968885	-0.0814916033	-0.0768757808	-0.0044532829	0.0077609238	-0.0890362757	-0.0147833689	-0.0988141967	-0.1299844603	0.0941545354	0.0516433478	0.0185978313	0.0199289378	-0.0182362267	-0.0647102462	0.0115257246	-0.0688955354	-0.0479429065	-0.0726973903	-0.0909795035	0.0067182788	0.1094488184	0.0218533699	-0.1076127567	-0.06245003	0.0	0.112334417412768	-0.0002154412391774	4.6414927538334194e-08	0.0126190213354659	0.019503054357628	0.0063651449949873	4.051507080721314e-05	0.0003803691292765	0.0502539739948986	-0.0099561245285286	9.912441562756884e-05	0.0025254619022799	-0.0052978914990553	0.0003516911202599	2.806765433576241e-05	1.2368664406966377e-07	-0.0017789157054908	-0.0005278730169604	3.1645410872418305e-06	2.7864992203498024e-07	0.0007172937345162	-2.6776186891000345e-06	5.145103015761967e-07	7.1696418442177866e-12
556.7702377813978	0.1655833373844188	0.0274178416193622	309993.09767915425	718.3372308382872	1.580561541731413	2.498174787200381	516008.3772084186	534.806481132885	0.9523054368424936	0.9068856450397728	286017.97226173885	589.5795203086658	533.0718418158126	0.899807	17.001921	0.1712998357338758	0.0955552052749286	-0.0749359013	-0.1167279699	0.0653051147	-0.1833265811	-0.0362062381	0.0323361151	0.0142652175	-0.0961050077	0.0226770667	0.0492443517	0.1089438008	0.0439498667	0.0820400729	0.0659910884	0.0196734938	0.1119758085	0.1166100969	-0.0187855985	-0.152421134	0.004774308	-0.0716123439	0.0655497878	-0.007635281	-0.1008858915	-0.1022391241	-0.1816547368	-0.0214037344	0.0250885058	-0.1020033483	-0.0177603317	0.0283517749	-0.0603313756	-0.0354610534	0.1131334506	-0.0701525202	-0.0182375752	-0.0766773098	0.0945472734	-0.0801719991	0.1016147959	0.0329236207	0.0726600862	-0.0496495825	-0.0729848872	0.0341078228	0.09804105	-0.0672774194	0.0620022198	-0.0321237044	0.0005585279	0.0463012867	0.0906261634	0.163846919	0.1240071071	-0.108827427	0.0008315986	-0.0937642474	-0.0356193324	-0.0023372975	0.0310150819	0.0407730105	0.0891014685	0.1221329219	-0.0176763633	0.07568282	-0.0125845101	-0.0387819248	0.0968923505	0.022567624	0.0003446276	0.1251440348	0.1418344872	-0.0938128147	0.0719662604	-0.0646308842	-0.014471978	-0.045421691	-0.1833301457	-0.0510669863	0.0737934401	0.0475474284	0.06060779	-0.0962140931	-0.0462537583	0.0587819984	0.0485751637	0.2116176797	0.0214088069	0.041231689	-0.0083550767	0.0254714228	0.0670741359	-0.0604927878	-0.0016586901	-0.0725332203	-0.0006058333	-0.0065796234	0.1637384207	0.0482830154	0.0404362928	-0.0736876413	-0.0099316301	0.0269061701	0.0172145323	0.033494547	-0.091545114	0.0577476902	-0.0354268108	0.1167970237	0.0194497534	-0.1093265412	-0.0561566646	0.0	0.1253469456927121	0.013012528279944	0.0001693258922363	0.0157118567944917	0.0947921228606674	0.0752890685030394	0.0056684438360553	0.0089855465564318	0.0785080909885209	0.0282541169936223	0.0007982951270892	0.0061635203506618	-0.0060130309389613	-0.000715139439906	3.615654107290582e-05	5.114244185090682e-07	-0.0014001758736306	0.0003787398318602	1.960492477097214e-06	1.4344386023749257e-07	0.0007182969018954	1.00316737920009e-06	5.1595043927253e-07	1.0063447906911768e-12
555.7935730936962	-0.9766646877016	0.953873912203264	308906.4958922578	716.7241828357166	-1.6130480025705085	2.6019238585967064	513693.5542615258	534.3846855541267	-0.4217955787582923	0.1779115102600428	285566.99215478287	587.9467907371102	530.0712012876743	0.935361	17.673725	0.1632423117429496	0.1117728804750861	-0.0368663253	-0.1327490628	0.0486866254	-0.1422563938	-0.0611180313	-0.0076580464	-0.0474131477	-0.1335750262	-0.0220154913	-0.0654368895	0.0358284535	0.0516002099	-0.1174528578	0.0390254584	0.0751685889	0.1284227304	-0.1273992444	0.2245559099	0.1455193018	-0.0561756862	-0.0987302176	0.0225837151	-0.0638759901	-0.1286134798	-0.0290010113	-0.0849052195	0.0283434523	0.0190668202	0.0211472667	-0.0075490531	-0.2153412015	-0.205061994	-0.0335354009	-0.0074041315	-0.0809124217	0.1699514728	-0.0363312696	-0.0146135876	0.0647202927	0.0453122215	0.063925726	-0.1789810772	-0.102568877	0.0574986781	-0.1085139654	0.1385394066	-0.0786213227	-0.0359728647	0.1787848865	0.1403442285	0.0798569323	0.0244750831	0.0626275911	0.0356450097	0.0978462956	0.159411309	-0.0698369252	-0.0789187388	-0.0281928426	0.1195153419	0.0823205289	0.1775131581	0.0681576027	-0.0620094337	-0.0025743401	-0.0499913018	0.09607342	-0.0611207713	-0.219943825	0.0701572526	-0.1450647026	-0.0825495991	0.0297205293	0.0256336658	0.0735027279	0.0537505574	-0.028516191	-0.122652015	0.0251306229	0.1663893998	0.1289999309	-0.030955761	-0.0465277946	-0.0218071926	0.0059512526	0.1077539872	0.094881488	0.0757123204	-0.0741639782	-0.0217689723	-0.0226441939	-0.0010942028	-0.0504739044	-0.115128047	-0.022401052	-0.137066574	0.0378742952	0.1924275274	0.080677767	0.0910142482	0.0691467457	-0.0341349861	0.0671534399	0.0248459833	-0.1507414381	-0.111983209	-0.0348999661	0.0099086228	0.0196827916	0.0170374908	-0.110845947	-0.0496386907	0.0	0.1277531832622855	0.0024062375695733	5.789979241226474e-06	0.0163208758336471	-0.0022865123507074	-0.0970786352113748	0.0094242614145031	5.228138729937479e-06	0.0641936283753494	-0.0143144626131715	0.0002049038399038	0.0041208219239924	-0.0051979807050289	0.0008150502339323	2.7019003409852743e-05	6.643068838332597e-07	-0.0013241344678962	7.604140573440007e-05	1.7533320890707525e-06	5.782295386063652e-09	0.0008160647892052	9.776788730979998e-05	6.659617401805276e-07	9.558559789021748e-09
556.1462466235347	0.3526735298385119	0.1243786186487558	309298.64763344545	715.4566112798956	-1.267571555821064	1.606737649126633	511878.1626241116	533.7245583260413	-0.6601272280853436	0.4357679572596393	284861.9041603279	588.5725807371593	532.0182414295411	0.982133	18.557487	0.2773589867805344	0.1715996512526744	-0.0533957605	-0.0972453012	0.0943233931	-0.1850023659	0.0061530505	-0.0543086879	0.0231920456	-0.0596569293	0.1026846277	0.0185507578	0.0040894581	-0.1141136508	0.0657455597	-0.1014699199	0.0325302835	0.159894963	0.0055112423	0.0418726737	-0.1967974806	-0.0163113168	-0.0060661127	-0.0273495793	-0.086805197	0.0026447842	0.0441528557	-0.0255631475	-0.0598325335	-0.0887529949	-0.1921565893	0.1462527035	-0.0450164559	0.0209542445	-0.0327009671	-0.0541235169	-0.0309491739	-0.0382671299	-0.0006265873	0.0648507244	0.0523384075	0.0200758643	-0.0303186887	-0.0293812588	0.1037609395	-0.0197536925	0.0768266919	0.0758524153	0.0051215528	-0.1816623143	-0.0933427694	-0.0227918128	-0.0577844975	-0.0393474828	-0.0942092113	-0.0300948774	0.044918677	-0.056348959	0.0092863601	-0.0661747851	0.0079298971	0.0363116902	-0.0657675003	0.0439358955	0.1517124146	0.0902354691	0.0063099652	-0.1682554227	0.0202512264	-0.0919845129	-0.0711103878	-0.101349306	0.022952659	0.0926592998	0.0580094156	0.0217636498	-0.0259174361	-0.0080215835	-0.0933247456	0.0247320337	0.0550279133	0.130851128	-0.0702221771	0.0076566705	-0.0159956131	0.0277013606	-0.0383720005	-0.013323112	0.2109234847	-0.0175923715	0.036985309	-0.0630163546	0.080649083	0.1315804552	-0.1032349103	0.0101498669	0.0098987111	0.0017712201	-0.035582705	0.2408744232	0.1137338627	0.1249215253	-0.044849064	0.047572174	0.0742850992	-0.0008318728	-0.1190805254	-0.0404760777	0.0972859707	0.0531465063	0.0301288278	0.0146176544	-0.1121682727	-0.0429221782	0.0	0.1138179277384097	-0.0139352555238757	0.0001941913465157	0.0129545206746658	0.1404473103191605	0.1427338226698679	0.0203729441339532	0.0197254469758865	0.1058720750522752	0.0416784466769257	0.0017370929174013	0.0112088962758745	-0.0065001226988522	-0.0013021419938232	4.2251595100133606e-05	1.6955737720781177e-06	-0.0010710842799415	0.0002530501879546	1.1472215347378017e-06	6.403439762390893e-08	0.0007910277327859	-2.50370564193e-05	6.257248740364013e-07	6.268541941432113e-10
555.4043241720434	-0.7419224514912912	0.5504489240268473	308473.96330900426	718.4539579968362	2.997346716940569	8.98408734155441	516176.0897613196	535.3327441829266	1.6081858568852567	2.586261750285767	286581.1469944227	589.1257009855557	525.3526675934608	1.047148	19.785938	0.2472523703424987	0.1473603218878318	0.0026077765	-0.0796254106	0.0693293648	-0.1273792179	0.0113374388	0.0172541059	0.1556504119	-0.0650061075	-0.1126783648	-0.1300889014	0.0559792957	-0.0461514622	-0.1102939147	-0.04052749	-0.042772794	0.1438538146	0.029106553	0.1316508844	-0.0229599739	-0.0650802094	-0.068373922	0.0307865854	0.0531559255	-0.1939145373	-0.0124914132	-0.0524878122	0.0371495835	-0.1688878464	-0.1579582525	0.0312853509	-0.0024429702	-0.0147892489	-0.10119738	0.0131376103	0.0707130495	0.0029684092	0.0226179232	-0.1727208413	-0.0681883525	0.0507661464	-0.0869327235	-0.0277290892	0.0437936419	-0.0141624591	0.0518513128	-0.0132819394	-0.0297203	0.1096208211	0.0088249803	0.0393811361	-0.0733588431	0.0264802376	0.0682783564	-0.086044063	-0.1085457746	0.0061286392	-0.0167728532	0.0243126203	-0.0312267057	-0.030947204	0.1784245626	0.2224850621	0.1043491126	0.0201275952	-0.0799373599	-0.1370486415	0.0642314051	-0.0418654931	-0.0507279817	-0.1216921313	-0.0455277299	-0.0117336136	-0.037058671	0.0596091507	-0.0650100737	0.1096670499	0.0327697725	0.0667064941	-0.1456309113	0.1859737847	-0.0367839364	-0.0877128233	-0.0958711946	-0.1513931409	0.0577838464	0.0578586578	0.1097448029	0.0320621833	-0.0219070526	0.101726178	-0.0609700084	-0.0783131906	-0.0419848498	-0.1838175378	0.0598900953	-0.0453745643	-0.0067196015	0.1785493184	0.0105510582	0.1201048924	0.1193707711	0.0543528484	0.1045723718	0.0653200962	-0.1259093661	-0.0614790826	-0.0055583853	0.046284061	-0.0689232867	0.0121913197	-0.1132911674	-0.0360339907	0.0	0.1208287814038016	0.0070108536653919	4.915206911753912e-05	0.0145995944155276	0.0288309941106064	-0.1116163162085541	0.0124582020439679	0.0008312262214058	0.0656348624019074	-0.0402372126503677	0.0016190332818709	0.0043079351625173	-0.0051050750191204	0.0013950476797317	2.606179095084716e-05	1.946158028725077e-06	-0.0009030461236245	0.000168038156317	8.154923013932357e-07	2.8236821978416545e-08	0.0009957016531008	0.0002046739203149	9.91421781987666e-07	4.1891413657070076e-08
553.2735003030012	-2.1308238690421604	4.540410360879802	306111.5661375351	716.5090510396932	-1.9449069571429616	3.7826630719430954	513385.22022180166	533.239855126107	-2.0928890568195584	4.380184604155061	284344.7430949116	588.2507242600997	518.2263542311127	1.261592	23.837887	0.0986450143389616	0.0590743361012112	0.0525289164	0.0010322707	0.0248972643	-0.1937007669	0.0311238134	-0.0111333667	0.0753659447	0.0329385039	0.1686341605	-0.0199099762	-0.0954977915	-0.0550445661	-0.0542051906	-0.0128871903	0.18685215	0.1495978921	0.0007791439	-0.0365841467	-0.0690474261	-0.0597561502	-0.0004967428	0.0514996386	-0.0823643437	0.0799988591	0.1494302383	-0.099721657	-0.0943736189	0.099414412	-0.1406722842	0.0609127905	0.0044230656	0.0243208994	-0.0683853902	-0.1565722099	0.0514898556	-0.2283602497	0.0230990529	-0.1949433332	0.0142152397	0.0075640065	-0.0658205494	0.0063483899	0.0067879847	-0.0719348233	0.0942832256	-0.0139884002	0.0365767699	-0.0130625294	-0.0980784988	-0.0522125424	0.0052166364	-0.1285794833	-0.0237713972	0.1013475848	0.038021543	-0.011461449	0.0695802527	0.0304064017	-0.0395284248	0.0381716672	-0.1832200363	0.0521686368	0.1591536682	-0.118786443	0.0031713035	-0.1405828082	-0.1118946816	-0.1311608753	0.0432498156	0.0368746167	0.0459859461	0.0435414757	0.1990279758	-0.0452363073	-0.0325794393	0.0314978424	-0.0617975528	0.1305571629	0.0771335415	0.0723832425	-0.2217898153	-0.0141051965	-0.0673602696	0.0325857177	0.0465686533	0.0511997392	0.1193273197	-0.0077102196	-0.0664161393	-0.2177775334	0.0107401877	-0.0398265283	-0.0569305474	0.0242716024	0.0573191007	0.1006736516	0.0169965827	0.0702212797	0.0566998367	0.037912431	0.0368935314	-0.0620982989	0.0546947074	0.1510079432	0.0016826406	-0.0917332777	0.107948355	-0.0870130575	0.064497693	0.0097595656	-0.1142126345	-0.029001679	0.0	0.1293754047952262	0.0085466233914245	7.304477139484596e-05	0.0167379953659286	0.0824930832670958	0.0536620891564894	0.002879619812639	0.006805108786912	0.0745251405639351	0.0088902781620276	7.903704579822659e-05	0.0055539965760742	-0.0053690444104328	-0.0002639693913123	2.882663788119969e-05	6.967983954983861e-08	-0.0010838923447233	-0.0001808462210988	1.174822614949773e-06	3.270535568571605e-08	0.0008895967929316	-0.0001061048601692	7.91382453994188e-07	1.12582413515255e-08
552.2901784335918	-0.9833218694094512	0.9669218988588978	305024.4411942087	718.8191100076368	2.3100589679436325	5.3363724353768	516700.9129121711	533.3872405552628	0.1473854291557472	0.0217224647274237	284501.9483871577	588.8123708704015	504.9064647578344	1.261295	23.832272	0.0602256063838458	0.032093724832504	0.1498453669	0.0414944546	0.022061733	-0.0795792649	0.1032356889	0.0778426724	0.063898745	0.0982005203	-0.0041686873	-0.1620904962	0.0655295073	-0.0712528109	0.0592746835	-0.160245944	-0.0349235196	-0.0139839842	0.0012458525	0.0059552144	-0.0708850386	0.1079822073	0.0905896414	0.1371646387	-0.0036511263	-0.0261560778	0.0119014313	0.1412167415	-0.1047053626	0.0275914836	-0.0527901753	0.0090525325	-0.0253179717	0.0274486368	0.0001321038	-0.0174219117	-0.0121976993	-0.0094084761	-0.0654431393	-0.0351847399	0.0171820842	-0.0484973003	-0.0532477858	-0.0595524207	-0.0447090857	-0.0145889294	-0.0449595812	-0.0083085394	-0.0124525767	0.0511357765	-0.0023599546	0.043360283	0.0461276623	-0.0352212192	-0.1008513704	-0.0343084034	-0.0252425625	0.0718133826	0.0586990969	0.1791713773	0.0270566466	0.0145363548	0.1144222103	-0.0602216879	0.0332760578	0.0686335517	-0.0646314995	-0.1479850875	-0.0017382178	0.0141080156	-0.0008483957	-0.0113183636	-0.0256462054	-0.0312514111	-0.10516482	0.0153263976	-0.0193146716	0.0544249897	-0.0552102036	-0.023035526	0.0511728411	0.0280115055	-0.0129574365	-0.1039313075	0.0107698346	-0.0531750275	0.0009624815	0.0593033194	0.0739435495	-0.0526895917	0.0990380315	0.1373173145	-0.1420447374	-0.0851768548	0.006109319	0.0335317981	0.0219092894	0.1529684474	0.024806813	-0.0525610002	-0.0803325919	0.0226859315	-0.0163564495	0.0693786319	-0.0365657078	0.0569892259	-0.2008441819	0.0243752693	0.0495279898	0.0152051096	-0.0813563178	0.0073234729	-0.1149310357	-0.0218533699	0.0	0.121081113881118	-0.0082942909141081	6.879526176785764e-05	0.0146606361386922	0.0818015406801464	-0.0006915425869493	4.782311495646618e-07	0.0066914920576456	0.0786638862403634	0.0041387456764283	1.7129215774153958e-05	0.0061880069984368	-0.0050604689459237	0.000308575464509	2.560834595265812e-05	9.521881729700669e-08	-0.001546833249681	-0.0004629409049576	2.3926931023186827e-06	2.143142814830542e-07	0.0007190926182712	-0.0001705041746604	5.170941936521298e-07	2.9071673576624193e-08
552.4891796867034	0.1990012531116463	0.0396014987400055	305244.2936708865	720.5932228233899	1.7741128157530284	3.147476283019139	519254.5927789996	533.315084430959	-0.072156124303774	0.0052065062745416	284424.979281601	588.4897144122001	504.7279248294208	1.065939	20.140993	0.0641843719021603	0.0321442564767858	0.1746253828	-0.0198912954	0.0526499444	-0.136002937	-0.0194204636	0.0821763789	-0.0393501343	0.1188767574	0.0022965252	-0.0478748936	-0.0890667638	-0.0027351111	-0.1811533969	-0.0692259442	0.1103613915	-0.0854998449	-0.013019703	0.0329507662	-0.0366560789	0.0104938334	0.0680496091	0.0895538875	-0.149024407	0.0389076865	0.1322130954	-0.0119278449	0.033343599	-0.045802439	0.0808958301	-0.1018762644	0.0933202354	-0.0873710464	-0.0637262183	0.1050452259	-0.1510979161	0.0031980567	0.0884116143	-0.01618475	0.0079548103	-0.0962622009	-0.0038797925	-0.0108162274	-0.0488986013	-0.0053851581	-0.0819902199	0.1782590247	0.0448368807	-0.0064853568	-0.0235771025	0.0007383901	-0.1398233406	-0.0854849436	-0.0802680659	-0.1749460424	-0.0688979907	0.0307120551	0.0199074257	0.1251783318	0.0066060798	0.1387192582	-0.0715177759	-0.062827746	0.0701570749	-0.0473694728	-0.2281989619	0.0069215304	-0.0287033061	0.0184694766	0.0538469818	0.0052650715	-0.0345625725	0.0355172282	-0.0235881049	0.0170259094	0.0602998944	0.0221846601	0.0170218551	-0.0949711199	-0.0208211284	0.0273539754	0.0627241937	0.0073319536	0.1002136952	-0.0316077042	0.0522231568	0.0936154264	0.0575256433	-0.0165434729	0.00909777	-0.1360119508	-0.0659856179	-0.1466022418	-0.0331668796	0.0562709431	-0.0046251262	0.1953047322	0.0359358742	-0.0277086688	-0.0039642992	-0.0678609062	-0.0988448241	-0.0398316555	-0.0302387221	0.0423492602	-0.0586617035	0.0276285112	0.0923296397	-0.0050042708	-0.0173121212	0.0048841247	-0.1154450938	-0.0146176544	0.0	0.1310219344701551	0.009940820589037	9.881991398342364e-05	0.0171667473123016	0.058186449005035	-0.0236150916751114	0.0005576725548239	0.0033856628478155	0.0597996067918416	-0.0188642794485218	0.0003558610391119	0.0035759929724588	-0.0052799636440639	-0.0002194946981401	2.787801608263653e-05	4.8177922511657496e-08	-0.0015619121549166	-1.5078905235600204e-05	2.439569579676217e-06	2.2737338310421122e-10	0.0007183826178572	-7.100004140000093e-07	5.160735856393639e-07	5.041005878801846e-13
554.4008398049108	1.911660118207351	3.654444407544543	307360.2911763904	718.9363654030117	-1.6568574203781736	2.745176511462216	516869.4974988927	534.4606936464215	1.145609215462514	1.3124204745526369	285648.23305301403	588.9964226139334	511.992681180688	1.065486	20.132437	0.0458570381961148	0.0278037798364768	0.1255830342	-0.0613591229	-0.044822734	-0.0564818025	-0.1124256212	0.0577594524	-0.1737364142	0.0339625215	-0.1012662086	-0.1337890601	-0.0427519683	0.0001430795	0.1258506731	-0.0573057587	0.0601727756	-0.0758196262	-0.0616146695	-0.0433071585	-0.1687535979	-0.0300020209	-0.0144255345	0.1355458277	-0.0821665227	0.0221259459	-0.1072424386	0.1443078755	0.1130355959	0.0717491593	-0.0357310473	-0.0680885116	0.0176854358	0.003543732	-0.1803013452	0.03073211	-0.1184520581	0.0073836189	0.0059672161	-0.0530961105	-0.0881020681	0.0758848761	-0.0520769944	0.1821329851	-0.0647644683	-0.0185682122	-0.0353511714	0.066162151	-0.1156873582	0.233114322	-0.0086758195	0.0737075584	0.0758187025	0.0745960814	-0.0864169474	0.0424922828	-0.0331416642	-0.0098609132	-0.0618146488	0.0826637558	-0.0483207754	0.1286968016	0.1412159911	-0.1962606351	0.0406545854	0.0343333827	-0.0489909102	-0.007127377	-0.0661177095	0.035620851	0.0124901043	-0.1231416766	0.0008659626	0.1177073165	0.0687903215	0.0744043634	-0.0498707779	0.060638776	0.0091818491	0.0406584274	-0.0194328648	0.0054897012	0.1057725246	0.0967503897	-0.0140617716	0.0602525179	0.0428922983	0.115928573	0.050396719	-0.0193035308	0.092833229	0.1580958055	-0.1661149104	-0.0116516703	-0.0608524522	0.0777221003	-0.0620154103	0.0546007612	0.0658745271	-0.0539655462	-0.0814900575	-0.06578465	-0.0534735626	-0.131821187	-0.0023828771	-0.0396007641	0.0599751294	-0.0623888902	0.0356654116	0.0459421879	-0.0980633209	0.0024426053	-0.1157538946	-0.0073234729	0.0	0.1243262141771168	-0.0066957202930382	4.483267024260477e-05	0.0154570075316143	0.058618100770758	0.0004316517657229	1.8632324685178121e-07	0.0034360817379707	0.0713666391546752	0.0115670323628336	0.0001337962376828	0.0050931971842336	-0.005730946667748	-0.0004509830236841	3.2843749708571906e-05	2.033856876512536e-07	-0.0016530679035595	-9.115574864289994e-05	2.7326334937786005e-06	8.309370510647554e-09	0.0007172687146938	-1.1139031634000394e-06	5.144744090784958e-07	1.240780257432615e-12
556.631289565093	2.230449760182182	4.974906132696754	309838.3925228984	719.7999139936484	0.8635485906366966	0.745716168390625	518111.9161852636	535.2724753653649	0.8117817189433936	0.6589895592106908	286516.6228837652	590.2831035669907	527.8002621059248	1.060497	20.038164	0.1403428693208552	0.0877916233855832	0.0282102986	-0.1173443818	-0.1225532584	-0.0491441943	-0.0156913273	0.037227945	0.0070769819	-0.042594358	0.0205511737	0.019398935	-0.0716047305	0.1676740756	-0.0773913042	0.0034663208	0.1040136181	-0.0590080209	-0.1003958238	-0.0780866623	0.0169569114	-0.0051691252	0.0105185454	0.0974233204	0.0309073387	-0.0739783943	-0.0161632957	-0.1185260527	0.1125860737	0.0496271075	0.0099780708	0.0048850012	0.0326484885	0.0093875344	0.0004082321	-0.0982632823	0.1439135509	-0.0048571888	-0.0972121289	-0.0751475047	0.0334004355	0.0097687386	0.10690812	0.0742983818	-0.0158529848	0.1439136136	0.1611740567	0.0102059536	-0.0396984503	0.0599062239	-0.0978858161	0.0174030046	-0.0292929266	-0.0469560679	-0.0960520824	0.1747604074	-0.1803225058	0.0100563005	-0.021071686	0.0431921335	0.0390560118	0.0681185333	0.0186426347	0.0740859265	0.0856389214	-0.0041790356	0.0059479588	0.1721978336	-0.1187289739	-0.0328962562	-0.0289426954	0.0597734172	0.0417457496	-0.0710841795	0.043428287	-0.0419900208	0.0696244788	0.0841037816	-0.0203700006	0.0600241046	-0.0399681687	-0.0292987063	-0.1143636535	-0.0173654966	-0.0671258275	0.0739373256	0.0824238152	0.1578896038	-0.0200855957	0.0360062723	-0.0627832673	-0.0461107233	-0.0742212916	-0.0861960965	-0.0262850342	0.009449765	-0.1747111266	-0.1001482261	0.0137971426	-0.0885019527	0.12769969	0.032571169	-0.0044936795	-0.0126128168	-0.0033997568	-0.0821342367	0.1055454101	0.0911903401	-0.1371877313	0.0330486365	-0.0171312361	0.0	-0.1158568893	-0.0	0.0	0.1133889986008398	-0.0109372155762769	0.0001196226845619	0.0128570650037012	-0.0192898123392666	-0.0779079131100246	0.0060696429251591	0.0003720968600841	0.0401027468279266	-0.0312638923267486	0.0009774309634185	0.0016082303031447	-0.005451961868754	0.0002789847989939	2.972388821834761e-05	7.783251806972246e-08	-0.0017198094059656	-6.674150240609995e-05	2.9577443928477497e-06	4.454428143423445e-09	0.0006583180499378	-5.8950664756000025e-05	4.333826548739077e-07	3.4751808751743034e-09
555.9525392142057	-0.6787503508872987	0.4607020388296312	309083.2258587229	718.9623273594827	-0.837586634165632	0.7015513697329122	516906.828162164	534.1654926111203	-1.1069827542446546	1.2254108181950814	285332.7734964808	589.421666432475	533.0841680881886	0.9458	17.870974	0.1462705639439193	0.0857731370642638	-0.0066995288	-0.0980996464	-0.1687937308	0.0416254059	0.0931523132	0.0601953359	0.0054479069	-0.1278304197	0.0124148619	-0.0534210902	0.1112988664	0.1257688375	0.110705465	-0.1486488179	-0.0589380552	-0.0676359844	-0.1261164857	-0.0646336212	-0.0059731638	0.0227242688	0.0843293421	0.1165087781	-0.0130819714	-0.1217386733	0.0101875955	0.0425648248	0.0666266362	-0.1129235405	-0.0247587785	0.0761548285	0.0762571701	0.042418089	0.113557048	0.0557344236	-0.0938165729	-0.0074509921	-0.0267622101	0.031728544	0.0089980654	0.0065185021	0.0590244952	-0.034610991	-0.084708811	0.0375280859	0.060557462	-0.0586621224	-0.0410543447	0.0011033016	0.0628599423	0.0787585232	0.0013685082	-0.066712263	-0.107290049	0.0165300445	-0.0052345519	-0.043237032	-0.0346685922	0.0930473454	0.1448506926	0.079246961	0.1064288967	0.0390953584	0.0346716603	0.16376472	0.0551178865	-0.0442843401	0.0053641015	0.0753985126	0.0409806656	-0.0067640247	0.0613723283	-0.119599936	-0.0535295702	-0.027132696	0.124861135	0.115902628	-0.0241002807	-0.0244688481	0.0734009222	-0.0994050687	-0.0917335414	-0.0232603222	-0.0232269277	-0.0270493058	0.0170967114	0.129520188	0.0066376096	-0.0146753584	0.0504103586	0.1011934873	-0.1063979626	0.0492590744	-0.0112529864	0.0853855514	-0.1390603113	-0.0395399979	0.0504626358	-0.1696275018	0.0527527993	0.1003961495	-0.0204036626	0.0913792936	-0.0304801508	-0.1610975154	-0.1364571803	0.0918388901	-0.0610616035	0.0099492746	-0.0056463451	-0.0024426053	-0.1157538946	0.0073234729	0.0	0.1096618642432645	-0.0037271343575752	1.3891530519418213e-05	0.0120257244693081	0.0508225814467948	0.0701123937860614	0.0049157477624117	0.002582934784916	0.0562520534311943	0.0161493066032677	0.0002608001037663	0.0031642935152259	-0.0061400830522649	-0.0006881211835108	3.770061988871065e-05	4.7351076319644163e-07	-0.0019689659077508	-0.0002491565017851	3.876826745884932e-06	6.207896238183834e-08	0.0004699611512936	-0.0001883568986441	2.20863483725206e-07	3.547832126686141e-08
555.3713613967217	-0.5811778174839901	0.3377676555354541	308437.34905964806	719.4916991979615	0.5293718384787098	0.2802345433743292	517668.30521476985	533.5790793843788	-0.5864132267414561	0.3438804724973264	284706.63395668124	589.0474127402672	533.489233302787	0.862688	16.300564	0.074739157523371	0.0397428207145851	-0.0055311739	-0.1159154836	-0.1747980422	-0.039887922	0.0859607474	0.0701297136	0.0226332411	-0.0615215562	0.0640557009	-0.0255278833	0.109702395	0.0900927958	-0.107213103	-0.0217915893	0.0673013927	-0.1116064119	0.0227752846	-0.0658755861	-0.0056118569	-0.0337878317	0.0619093428	0.133934037	-0.0994494799	0.0104620134	0.1068321196	-0.0609844405	0.0407902296	-0.0823194345	0.0355651405	0.0669365565	0.0286868177	-0.0296077002	0.020086174	-0.0098429768	0.130532461	-0.0831269008	0.1054719462	0.0848825382	-0.0706905268	0.0654092844	0.0730200583	-0.0628536144	-0.1024412082	0.0903008342	-0.0279742962	-0.0409787632	-0.081160592	0.0123035397	0.043138816	-0.0419271156	0.1448760843	0.18485505	-0.1392967888	0.0543674148	0.0620909082	-0.0316176828	-0.0299137847	0.0814243232	0.0806721365	0.0876792492	-0.0249831163	0.0362267338	0.0863447341	0.04610459	-0.0497205827	0.0435130782	-0.0528143791	0.0046658591	0.1691853683	0.0550038673	0.0381910915	-0.1644255555	0.0186849145	0.0670105255	0.1152346891	-0.0466878374	-0.0063589573	0.0502062363	0.0161956418	-0.0644116823	0.0729302661	-0.0164435723	0.0982241213	-0.0510607418	-0.0079130348	0.1186003766	0.0141634376	-0.0158929504	-0.0584912496	-0.0535697959	-0.0422132526	-0.1103862496	0.021026926	-0.0205091252	-0.1034548977	-0.048552751	-0.0141843847	-0.133135652	0.0899883913	0.1146644665	-0.063075094	0.0454001851	0.022535605	-0.1326625982	0.0172400166	0.1556658716	-0.0523604157	-0.0520507032	0.0366874176	-0.0048841247	-0.1154450938	0.0146176544	0.0	0.1042678966839929	-0.0053939675592716	2.909488603047443e-05	0.0108717942789038	0.024803420239138	-0.0260191612076568	0.00067699674995	0.0006152096555592	0.0383418854556367	-0.0179101679755575	0.0003207741169126	0.0014701001802931	-0.0057724356376165	0.0003676474146484	3.3321013190425004e-05	1.351646214976528e-07	-0.0019692764232777	-3.105155269001424e-07	3.878049631277411e-06	9.641989244607305e-14	0.000610320436736	0.0001403592854424	3.724910354976218e-07	1.9700729009901132e-08
554.6990882855177	-0.6722731112039355	0.451951136047819	307691.0785447846	718.3658621681484	-1.1258370298130558	1.2675090176982835	516049.5119285872	533.6567714124623	0.0776920280834474	0.0060360512277191	284789.549674373	589.0013682365418	528.5978525852237	0.89291	16.871603	0.1674642147407009	0.0914654798151558	0.0332172666	-0.140822693	-0.1795133454	0.0283890186	0.17077094	0.042848145	0.0067646076	-0.0711698462	0.0306351593	-0.119719124	0.1801378306	0.1156127324	-0.0169721294	-0.1730648243	-0.0176447521	-0.0341588315	-0.1039043228	-0.0513174229	0.1128640682	0.0633870599	0.1489294843	0.1238890756	-0.0570907611	-0.1298168663	0.0359102256	0.1046992863	0.0163392186	-0.1084111475	-0.0544591034	-0.0247944787	-0.0168833669	-0.0156920859	-0.0296523593	0.1339457599	0.1311145126	-0.03338964	-0.0101444489	0.0011964766	-0.0562665369	-0.0319386556	-0.0005577739	-0.0390594083	-0.0021143209	0.0055504035	0.1679738486	-0.0344577256	-0.0481861749	-0.049739442	0.1379184539	0.0474884914	0.0155897719	-0.1002711595	0.0046470373	-0.0248108961	0.0543748119	-0.095179821	0.0211237675	0.1198279889	0.1287155514	0.1194449447	0.1131758548	0.0298514973	0.0493751243	0.1721370859	0.036657375	-0.0651403483	0.0314772696	0.0091301757	0.0085928556	0.0219797819	0.0317389092	-0.0924324709	-0.0578500227	-0.0019006973	0.1443379961	0.0155966988	0.0323724892	-0.0923895631	0.1122164607	-0.1000918435	-0.0434442543	-0.0715489864	0.0506234307	-0.0061664787	0.0232124562	0.1182138843	0.0277558896	-0.0782901857	0.0369931175	0.0672386614	-0.0621283948	0.0626708811	0.0214206287	0.0486852043	-0.001192308	-0.0165101108	-0.0739504287	-0.1305008114	0.0787514901	0.1205775919	0.0558169427	0.1507286092	0.0971511145	-0.0145438023	-0.0145249257	0.1347632871	-0.0229591546	-0.0549529915	0.0178744604	-0.0073234729	-0.1149310357	0.0218533699	0.0	0.1226722040257612	0.0184043073417683	0.0003387185287302	0.0150484696405379	0.1022578260320017	0.0774544057928637	0.0059991849767255	0.0104566629847911	0.0674238411811956	0.0290819557255588	0.0008457601488233	0.004545974359627	-0.0057724362227188	-5.85102299943685e-10	3.3321019945356085e-05	3.4234470139939e-19	-0.0013770201379725	0.0005922562853052	1.896184460381803e-06	3.507675074835145e-07	0.0008685344839387	0.0002582140472026	7.54352149790664e-07	6.667449417279816e-08
554.7923259218118	0.0932376362940203	0.008693256821696	307794.5249017338	720.145192616642	1.7793304484936243	3.1660168449365225	518609.09844886046	534.1143618744198	0.4575904619575794	0.209389030874551	285278.1515605187	589.5685994508066	524.2622652761306	1.073398	20.281942	0.0379423862592821	0.0259412442363286	0.0775626569	-0.171316909	-0.0616702331	-0.1474917778	0.0670504953	0.0339252856	-0.000548162	0.0599319418	0.029041524	-0.0076935593	0.0894400516	0.0045793335	-0.1557081287	0.0092046928	0.0949961997	-0.1054780359	0.1515459908	0.0040873218	-0.0981272442	-0.0325725965	0.0426132339	0.1081714922	-0.0216487496	0.0924019732	0.0362495885	-0.0430053008	0.0305923107	0.070879869	0.076079784	0.0861883152	0.1253722588	-0.1013123656	-0.1246708806	-0.0024828194	0.0006829381	-0.0636815669	-0.0533904146	-0.0689466113	-0.0459214832	0.0598951739	-0.0322874652	0.1204457832	-0.0546651763	0.0567085637	0.0183498553	0.0650344705	-0.0995381238	-0.0654553046	0.0096596588	0.1235655978	0.0500416656	0.0342475282	-0.0659259436	-0.0600553712	-0.0070301341	-0.0234821408	0.035926764	0.0609248507	-0.0178509648	0.1206278079	-0.0362343794	-0.0353483182	0.141801736	-0.0614929876	-0.0446002664	0.0476231562	-0.0750160968	0.0878554128	0.1348078884	-0.0277861561	-0.0172021614	0.0851655126	-0.068257859	0.0248241432	-0.0046041793	-0.0708168232	-0.0080707178	-0.0147886013	-0.0161705684	-0.168802422	-0.0573758185	-0.0605530063	-0.0045332001	-0.0830008435	-0.0939740826	0.1016833048	0.0782842084	-0.0460725374	-0.0329776239	-0.0918417664	0.0016303046	-0.1737377886	-0.0172917166	-0.0519175272	-0.0021876008	0.0510011957	-0.1349060539	-0.038468468	0.0725988851	0.0865351458	-0.0187953546	-0.0633175511	0.0912897563	0.0497175875	0.0955723241	0.033618704	0.0033411935	-0.0984506345	0.0242023011	-0.0097595656	-0.1142126345	0.029001679	0.0	0.1242886579249358	0.0016164538991745	2.612923208156767e-06	0.0154476704887817	0.081300956902794	-0.0209568691292077	0.0004391903636987	0.0066098455933099	0.0827678656287105	0.0153440244475148	0.0002354390862459	0.0068505195807322	-0.0057724355352668	6.874519998395501e-10	3.3321012008810906e-05	4.725902520833968e-19	-0.0013770209907224	-8.527498999901655e-10	1.8961868088901e-06	7.271823919332374e-19	0.0008690337194045	4.992354658000121e-07	7.552196054620193e-07	2.49236050312555e-13
553.9372742225065	-0.8550516993052497	0.7311134084847952	306846.5037730604	718.450257491026	-1.6949351256159844	2.8728050800468727	516170.7724889216	534.9077367801477	0.7933749057278874	0.6294437410387342	286126.2868672598	590.4281882219699	514.8845075697857	1.075866	20.328573	0.1199013982338331	0.0621314725104484	0.1351226197	-0.17102039	-0.0158051156	0.0366958076	0.1602479757	-0.0186218415	0.0586985573	0.0326695651	0.1560829504	-0.098954913	0.1352334228	0.1375864845	0.0701528442	-0.047532536	0.0688887629	0.0912879799	-0.0508948964	-0.0025107782	-0.0737634568	0.0429959237	0.142043865	0.0751798417	0.0859576348	-0.0086090072	-0.0620021178	0.0822653598	0.0481493622	0.0410274348	-0.0685328775	0.0178810345	0.0669856118	-0.0884817926	0.0079076412	0.0561423498	-0.0728334669	-0.0246427761	0.0423478605	0.121841042	0.1197507804	-0.218105473	-0.1975805167	0.0948900209	0.0983766253	0.1660227718	-0.0556581814	-0.0725300315	0.0066996804	-0.0579230113	0.0258036603	0.0417288997	-0.0225625405	-0.0985752695	-0.0547769214	0.0522493134	-0.0378915192	-0.1671951279	0.1584937292	0.1082884389	0.0708011063	0.1080928392	0.0222663039	-0.0132380547	0.0817854642	0.085030596	0.172082935	-0.0943737483	-0.0714003277	0.1482427215	-0.077885692	-0.054837903	-0.0116694678	0.1291583184	0.0010519838	-0.201727767	-0.0032744876	0.0375594855	-0.0137823896	-0.1418817685	0.1570021297	-0.0846794782	-0.0959044477	-0.0285051458	0.090962207	0.0086307408	-0.0546367611	0.1263830882	-0.0054121085	-0.1089780918	0.0651967311	-0.0376574068	-0.0429051671	0.1124474846	-0.051232825	0.1778995727	0.0763581131	0.1282724609	-0.1251508636	-0.0717389606	0.130639141	0.0079704975	0.1393021846	0.0154542103	0.0898928923	0.1615232511	-0.0093590071	-0.0812874529	0.1331564448	-0.0827472008	-0.0512770721	-0.0121913197	-0.1132911674	0.0360339907	0.0	0.1347751990515604	0.0104865411266246	0.0001099675448003	0.0181643542793877	0.1300657652612784	0.0487648083584843	0.0023780065342397	0.0169171032930019	0.1098449441693247	0.0270770785406141	0.0007331681822945	0.012065911759562	-0.0059790131383631	-0.0002065776030962	3.574859810871856e-05	4.267430610101237e-08	-0.0010429961811144	0.000334024809608	1.0878410338192222e-06	1.1157257343366069e-07	0.0009998907108624	0.0001308569914579	9.997814336689155e-07	1.712355221341291e-08
553.2315290583857	-0.705745164120799	0.4980762366798935	306065.1247442795	719.1923574920571	0.7421000010310763	0.5507124115303235	517237.6470749829	535.0805891131411	0.1728523329933295	0.0298779290212368	286311.2368456661	589.9652659140227	507.0796616721224	1.077679	20.36282	0.1280059648500397	0.0738778613959235	0.1857860647	-0.1365799918	0.1136545021	0.0547164392	0.1168553842	-0.1220584915	0.0881020262	0.0950443458	0.0367101228	-0.0398966243	0.0762763517	0.0590853781	-0.0722927903	-0.0919561278	0.0099661181	-0.0951139969	-0.0251562147	0.1778316172	-0.1380207844	-0.0034214476	0.1265641326	-0.0547169296	0.036685998	-0.0309121653	0.1066383669	-0.0338842666	-0.0200926617	0.0356660129	-0.0548730923	0.096280701	-0.0577781394	-0.0161929294	-0.1349811799	0.0416140802	-0.0391512571	0.0769166371	0.0792061295	-0.0910044865	-0.1528857387	-0.0388291294	0.0889115906	-0.0761958783	-0.0128861616	0.0716478087	-0.0535613073	-0.1402862349	0.0049987453	0.0077085953	-0.1650600394	0.1162294554	-0.1014473547	0.0124070718	0.0324975405	-0.0555334818	-0.051261175	-0.0289354916	0.2123344256	-0.0045993875	0.0467374882	0.0531103019	0.0594507688	0.0111758088	0.140758419	0.0042687151	-0.0748336031	-0.0024059066	0.0626672358	0.0500128456	0.0513045759	-0.0211795852	-0.0893044971	0.0038567368	-0.0744788566	0.1118792125	-0.1129728257	0.1375930628	-0.0542509311	0.057147802	-0.0204465386	0.0073312562	0.0491317689	-0.0311463155	-0.1075450732	0.0469284454	0.0532800619	0.1648091606	-0.0094810872	-0.0485098744	0.1041512925	0.0612424655	0.0539397568	-0.1951968184	0.0380811429	0.0173439091	0.0637756445	0.1122391796	-0.1031112607	9.47644e-05	-0.076850707	0.0322239557	0.0725591177	-0.0776135074	-0.0230205291	-0.0377528744	-0.0056529581	-0.0373606577	-0.085335824	-0.0111257659	-0.1258912231	-0.0146176544	-0.1121682727	0.0429221782	0.0	0.1339642017321125	-0.0008109973194479	6.577166521517121e-07	0.0179464073457221	0.0659746054998891	-0.0640911597613893	0.0041076767595599	0.0043526485708659	0.0952905386252922	-0.0145544055440324	0.0002118307207401	0.0090802867514983	-0.005673441209965	0.000305571928398	3.218793516292912e-05	9.337420342493346e-08	-0.001502766274865	-0.0004597700937505	2.2583064768716285e-06	2.1138853910743545e-07	0.0007942446885077	-0.0002056460223547	6.308246252226935e-07	4.229028651030977e-08
554.1968227236641	0.9652936652784092	0.9317918602266256	307134.1183170044	717.3100523363992	-1.8823051556579455	3.543072699016484	514533.7111828477	534.1715441713238	-0.9090449418172284	0.8263627062434882	285339.23860237654	589.1462088413728	510.5957999073787	0.97866	18.491848	0.0598696044120718	0.0351762223857579	0.181330192	-0.1288711283	0.0611182798	0.0957703887	0.0508978881	-0.1332873299	-0.0886772581	0.1778539924	0.0671281879	-0.1548328497	-0.0299098271	-0.0284896691	-0.1241561871	-0.0145530301	-0.0039214352	0.0341994337	0.0245451687	-0.0262456627	-0.0233827907	-0.0525467358	0.1738056477	-0.1039749133	-0.125213248	-0.1068659346	0.0607450901	-0.0413913126	0.1015220953	0.0681975788	0.0398720099	-0.0121985535	0.0482685327	-0.0398883959	0.0347305237	0.0543438899	-0.0251768571	0.0704154699	0.0277872338	-0.0105314004	-0.0946212669	-0.0806301871	-0.1197955003	0.0300376125	0.1293708312	-0.0388776101	0.0313093291	-0.0607292847	0.0257524092	0.1029703124	-0.0827878843	-0.0518667249	0.2001255725	-8.72412e-05	-0.0169591362	0.1829935251	0.08259161	0.1387127064	0.2110526751	-0.028308304	0.015343017	0.1979799277	0.0010007099	-0.0331073007	-0.0509408347	-0.023816942	-0.0363819057	-0.0260311142	-0.0664694995	-0.0147638121	0.0195025248	0.0660002104	0.0618327422	0.0430203292	0.0266785638	-0.0156291877	-0.0065141764	-0.0099762253	0.0106253983	0.058327549	0.0313391836	0.0481770359	0.0979309939	0.0239458941	0.1445747302	-0.1147593237	0.0556246738	0.2126291233	-0.0655242711	-0.0520164017	0.0315202627	-0.0448513646	0.1360115929	-0.0211902924	-0.0330455463	0.1141650957	0.0706671703	0.0232312152	0.017281855	-0.1017041555	-0.0360693104	-0.0333865386	-0.0330391891	-0.1030720008	-0.0379238198	0.0448895975	-0.0603758119	0.0665973703	0.0131564338	-0.01813164	-0.0349513627	-0.0170374908	-0.110845947	0.0496386907	0.0	0.1428386229769955	0.008874421244883	7.875535243163116e-05	0.0204028722139642	0.0666326175431635	0.0006580120432744	4.329798490941658e-07	0.0044399057206535	0.0732887708322778	-0.0220017677930143	0.0004840777860177	0.0053712439301061	-0.006202941198367	-0.000529499988402	3.847647951039864e-05	2.8037023771771825e-07	-0.0015369713659452	-3.4205091080200065e-05	2.3622809797354537e-06	1.169988255804782e-09	0.0007912417013719	-3.002987135799964e-06	6.260634299898991e-07	9.017931737780067e-12
555.1310215525953	0.9341988289311304	0.8727274519762952	308170.451090028	715.9339697315518	-1.3760826048473973	1.8936033353635984	512561.4490155785	534.0190415788405	-0.1525025924833016	0.0232570407141279	285176.3367687834	589.148380219456	519.5825263060165	0.864668	16.337961	0.0173291643511076	0.0113617969803988	0.1112967596	-0.1256733016	0.0190886945	0.1477688697	0.0036077463	-0.1813030142	-0.0642636065	0.077778796	-0.0006388645	-0.1179374509	0.0122914922	0.0956497877	-0.0502634544	-0.0568310568	0.0221287306	0.0669626438	0.0404183858	-0.0718327421	-0.0572472735	0.0219521335	0.1018290504	-0.0563852735	-0.1006746421	-0.1522858432	0.0474389238	0.0943143502	0.0028677134	0.1746284924	-0.0674889421	0.1530047178	0.0569434979	-0.1384146767	-0.0698087427	0.0100753713	0.0597094574	-0.0978738611	-0.0660571786	0.1144040508	0.0108055116	-0.0050677769	-0.0877943576	0.0494481228	-0.1028750525	0.0375439885	-0.0211243904	0.0189096924	0.1250930332	0.0037380746	0.0347333479	0.0048516167	-0.0315318168	0.0666092083	-0.0165502292	0.070839554	0.0856377663	0.0971633331	0.1918930949	-0.0754132321	-0.0124417233	0.1446437964	0.0989817424	-0.027804914	0.0088284752	-0.0060072339	-0.0063290443	-0.0164685914	-0.0434761342	-0.0364949058	0.0072261532	0.0738165178	0.1104101537	0.0422675332	0.0008776883	-0.0003580184	0.0117868885	-0.0819721588	-0.0283366043	0.0947829943	0.0955131953	-0.0340333971	0.0258060936	0.0877547367	0.045633488	0.0766738839	0.030421721	0.1957957482	-0.0340818093	-0.0518211205	0.0731062148	0.0919896236	0.1116094262	0.0447529008	-0.0185506109	0.1072861866	0.0583741677	-0.0112038162	-0.0604388652	-0.0616712168	0.0193453951	-0.0317648518	-0.0333984524	-0.0265324313	0.0076571136	0.0589805227	0.0686300432	-0.0051699774	-0.0725497192	-0.086546079	-0.0209889273	-0.0194497534	-0.1093265412	0.0561566646	0.0	0.144656360637839	0.0018177376608434	3.3041702036487155e-06	0.0209254626729845	0.066817990989449	0.0001853734462854	3.4363314587762127e-08	0.004464643919866	0.0731278925422742	-0.0001608782900036	2.588182419448489e-08	0.0053476886676744	-0.0064090039167525	-0.0002060627183855	4.1075331204948886e-05	4.2461843908422004e-08	-0.0015138150742401	2.315629170510005e-05	2.2916360789965597e-06	5.362138455316852e-10	0.000717157212383	-7.408448898890002e-05	5.143144672729554e-07	5.488511508746448e-09
556.0022804912024	0.8712589386071841	0.759092138102917	309138.53591141774	715.3514729845426	-0.5824967470091451	0.339302460276236	511727.7299011548	534.2766378874826	0.2575963086420643	0.0663558582260176	285451.5257923522	588.87880155752	524.725840555808	0.789389	14.915569	0.0920463921988433	0.0448242620514559	0.0913499931	-0.1538055596	-0.0220211205	0.1686443725	0.0007831831	-0.2161501084	-0.0784646449	-0.0082467795	-0.0342127034	-0.1039577134	-0.0382790476	0.0929870604	-0.1237397625	0.0063837765	0.0394373686	-0.0094958752	-0.0864135228	-0.1287373501	0.0575657587	-0.0468204126	0.1151498954	-0.0749468479	-0.1505764679	-0.1296557403	0.0390357782	0.0639914649	0.0842212495	0.1462945845	0.0312630026	0.0055654064	0.0213829296	0.0492985809	-0.0518500287	-0.0213045323	0.1117414963	-0.0315055592	0.1062816336	0.083477796	0.1014053965	-0.0375435255	-0.0819784585	0.0987131967	0.0791418477	-0.1191436386	-0.0147159568	-0.0294710837	-0.014382793	-0.0322818247	0.0561170334	0.1731998741	-0.0823600607	0.0636484062	0.0149144892	-0.0519034608	-0.0735469891	0.0488732461	0.1795079004	-0.0951109761	0.0130561768	0.1733942129	0.1027132	-0.0301843191	-0.0197744778	-0.0421260582	-0.0170804652	0.0510487905	-0.088236128	-0.0832909999	0.009245016	0.0210527443	0.0269262424	-0.0789344153	0.0840408715	-0.0772140566	0.0733499862	-0.0191125806	0.0064114919	-0.1130063857	-0.0305199573	0.0604233027	0.0517114598	0.1312561255	0.0950825004	0.0201830476	0.0883116092	0.1977089546	-0.0689908346	-0.0674443084	0.0100869219	0.0508274438	0.1530945974	-0.0394728869	0.0280782681	0.044954241	0.0494613737	-0.1029698708	-0.0307210034	-0.1232439871	-0.039183197	0.031953574	-0.0472977613	-0.025964179	0.0252437373	0.0726005269	0.0074841809	0.0751868901	0.0095753493	-0.0350981469	-0.0765503539	-0.0218533699	-0.1076127567	0.06245003	0.0	0.1308326239862651	-0.0138237366515738	0.000191095695012	0.0171171754991314	0.0768982777088922	0.0100802867194431	0.0001016121803461	0.0059133451145939	0.047327912412328	-0.0257999801299462	0.0006656389747056	0.0022399312933089	-0.0057909795161194	0.0006180244006331	3.353544375611448e-05	3.819541597779031e-07	-0.0013768552275632	0.0001369598466768	1.8957303176681115e-06	1.8757999601759927e-08	0.0008090207390306	9.186352664759996e-05	6.545145561816182e-07	8.438907528134307e-09
557.2137858152439	1.2115053240414682	1.4677451501808227	310487.2031025565	717.091804982531	1.7403319979883918	3.0287554632222675	514220.6567731043	535.5808496003103	1.3042117128277368	1.7009681918770592	286846.84645859024	590.2329081315261	534.1135722225426	0.947035	17.894299	0.1639963338379513	0.0772385236645888	0.0195014344	-0.1815081936	0.0225503564	0.075398795	0.0326193064	-0.177548977	-0.0784431282	0.0562680582	0.0525348642	0.0067254923	0.0556388866	0.1669874127	-0.093010036	-0.0503544016	0.0067828971	0.0722877703	0.1047284893	-0.0580405072	-0.1019788418	-0.0573634642	0.0986131757	-0.044227467	0.0014057102	-0.0784252436	0.0143259965	-0.0641986808	0.0957547458	0.0304435211	-0.1341943255	-0.0251435004	0.0428327708	0.0093818271	-0.1698753801	-0.010336315	0.1007304559	0.0014656806	-0.1670616998	0.0260045032	-0.1001170289	-0.100701374	0.1520294545	-0.0446523312	-0.0449117977	0.054410483	-0.0076079074	0.1448858154	-0.0796793511	0.0170534049	0.0755987515	0.0451879297	0.1354341682	-0.0309516227	0.0209385496	-0.0658360735	-0.0278448429	0.0710833497	0.1475840474	-0.0900556846	0.0429256809	0.1304650502	0.0211780912	0.0246853697	0.0865169707	0.0516512781	0.011338413	0.1610057101	0.0027119841	-0.1008353274	0.0379694632	0.0323438282	0.0651522255	0.0225774843	-0.1174746191	0.0220062213	-0.008245969	-0.0852591135	0.0011277137	0.0733824231	0.030904304	-0.0013150127	-0.044466857	-0.0117388817	-0.1117107866	-0.1416173416	0.0045957483	0.2120287009	0.0211184223	-0.0524027032	0.0866811786	-0.0161222671	0.1988732812	-0.0147227448	0.0419243855	-0.0646995382	-0.0014685413	-0.0508119881	-0.180270732	-0.0098841216	-0.0570286102	-0.0344888599	-0.0798890886	-0.006651018	-0.1377124128	-0.0337190077	0.074499187	0.0161946762	0.0402092373	-0.0589314968	0.0650438013	-0.0242472716	-0.1057076408	0.0684936154	0.0	0.1597420611164608	0.0289094371301956	0.0008357555551847	0.0255175260897351	0.0936061523104001	0.0167078746015079	0.0002791530736997	0.0087621117503578	0.0737005944113207	0.0263726819989926	0.0006955183558199	0.0054317776165819	-0.0068850561321315	-0.0010940766160121	4.740399794260157e-05	1.1970036417044882e-06	-0.0018452651174292	-0.000468409889866	3.4050033536009997e-06	2.194078249242783e-07	0.0010866610352976	0.000277640296267	1.1808322056340518e-06	7.708413411122752e-08
556.5275879941399	-0.6861978211039741	0.4708674496878416	309722.95619857515	715.7799682825073	-1.3118367000237183	1.7209155275291197	512340.9629945072	535.5028554935267	-0.0779941067836489	0.0060830806929792	286763.3082417209	589.6662554367122	537.7398573878257	0.991423	18.733017	0.1140052355572936	0.0754048663769623	0.0162911851	-0.2037448442	-0.0849207836	0.1909136373	0.0152441789	-0.1408706195	-0.1187391982	0.0118236748	0.0177236502	-0.140198538	0.0616807351	0.0940738449	-0.023218068	0.0565038175	-0.0365628433	0.0428889613	-0.0732818056	-0.0944120347	0.0207644135	0.0078044262	0.1170174485	-0.0067774228	0.0372673495	-0.1544145799	0.002042481	-0.0247088158	0.1835322956	0.2661258303	-0.1226881784	-0.0400191905	0.0024754687	0.0507853278	0.0430566979	0.0822147785	0.1014794853	-0.097536582	0.0719153416	0.0160864434	0.1723426569	-0.1160272926	0.0371223642	-0.1852620451	-0.0244171624	-0.0982659691	-0.1096624958	0.0538225621	-0.0462028836	-0.0049846767	0.0950217649	-0.1065424698	-0.1159168795	0.012669917	-0.1006334093	-0.0675416666	-0.030288627	-0.0001442422	0.1415330108	-0.0752785443	0.018183849	0.1946890298	0.1014853478	0.0132852189	-0.1021368907	0.0162332925	0.1612734351	0.0657449857	-0.110400545	-0.0542712057	0.0633554605	-0.0075030369	-0.0182440709	-0.0421900339	-0.0031874125	0.0143432229	-0.0535588254	-0.0608079869	0.1297424679	0.1098457913	-0.1217712149	0.060520426	-0.1011922615	0.0221331669	0.0927491083	-0.0385093994	0.046123868	0.2856217973	-0.0987282619	-0.0186527395	0.0526804628	0.066099107	0.1036334421	0.1618792056	0.0216480116	-0.0723718831	0.028724503	-0.1309607442	-0.0751511087	-0.0484290536	-0.0631473344	-0.1408196932	-0.0188949698	0.042520662	0.1044857468	0.0169780418	0.0476820194	-0.0621483141	-0.0414897304	-0.0069395616	-0.0706086017	-0.0266303944	-0.1036145805	0.0742632484	0.0	0.1632323954684835	0.0034903343520227	1.2182433888909723e-05	0.0266448149303793	0.0228546841950674	-0.0707514681153327	0.0050057702404749	0.0005223365896562	0.0742488093842439	0.0005482149729232	3.00539656537191e-07	0.0055128856949777	-0.0067669831616787	0.0001180729704528	4.579206111044305e-05	1.3941226351547791e-08	-0.0020781697697174	-0.0002329046522881	4.318789591767271e-06	5.4244577057487327e-08	0.0015199877748969	0.0004333267395993	2.310362835836029e-06	1.877720632517597e-07
558.1018535785214	1.5742655843814646	2.478312130167914	311477.67896778136	718.9905236267589	3.2105553442515884	10.307665618502435	516947.3730650809	535.6787676367429	0.1759121432162373	0.03094508213093	286951.7420968196	590.0064792102073	537.8187491759348	1.121324	21.18751	0.2594011175227905	0.1423522823866052	0.0047204111	-0.1346739197	0.0019758035	0.0711654646	-0.0277892444	-0.0756381125	-0.0757757898	-0.0204228446	0.0319368179	0.0804020229	0.0144945831	0.1032833129	-0.0449337761	0.0410529672	0.0138108579	-0.031424864	0.0610203865	-0.0425316737	-0.0107766719	-0.0233113229	0.067120524	-0.0518353876	0.0784500922	-0.0276306938	0.035514341	-0.0413826032	0.0147363935	0.0634669784	-0.0437345169	0.0809290591	0.0371689284	0.0765647038	0.0624842939	0.0913268571	-0.0052024639	0.1663082653	-0.0052683534	-0.1052097681	-0.0467310459	0.1417735417	0.0190675847	-0.0938580974	0.1226098941	-0.036452621	0.0364334779	0.0038864385	0.0057545762	-0.122341445	-0.0138893206	0.0369633789	0.0295877018	0.0217357904	0.0510337635	0.004838673	0.0346405149	-0.0437227557	0.0259684731	-0.085728748	0.0528678815	0.0516977049	-0.022622242	0.0083142448	-0.0101430186	-0.0091456893	0.0794240871	0.1434362197	0.0664552214	-0.0469836252	0.0534795256	-0.0412700366	-0.0377917088	-0.002380097	-0.1703980857	-0.0968758824	-0.0823875442	0.0531388274	-0.0281824521	0.0162345557	-0.0092660971	0.1833647486	0.0500064852	0.0792329583	-0.0808416952	0.0563081863	-0.1525019955	0.0942307851	0.0035577227	-0.09668087	0.0267816746	-0.099956912	0.1548209739	0.0056662354	0.1208150703	-0.1129650147	0.0489096052	-0.0395539586	-0.0275906248	-0.0561703748	-0.1031405983	-0.0233498188	-0.0239684408	0.036361306	-0.0481757753	-0.0099288059	-0.0184530934	-0.0198132169	0.1347912771	0.1127770638	-0.1360174297	-0.029001679	-0.1013372972	0.0797358525	0.0	0.149040184515897	-0.0141922109525864	0.0002014188517227	0.0222129766005326	0.1508653257492938	0.1280106415542264	0.0163867243511246	0.0227603465134405	0.0661578490170313	-0.0080909603672126	6.546363966380509e-05	0.0043768609865603	-0.005360615937343	0.0014063672243356	2.873620322769577e-05	1.9778687696857e-06	-0.001810723786074	0.0002674459836434	3.2787206294541607e-06	7.152735416698584e-08	0.0010116548899007	-0.0005083328849962	1.0234456162599975e-06	2.5840232196856e-07
560.091798621552	1.989945043030616	3.95988127428212	313702.8228831252	723.522538104564	4.532014477805092	20.53915522703496	523484.8631452702	536.5703228185672	0.8915551818242875	0.7948706422377384	287907.71132962144	591.5640156441992	557.3268536813889	1.159275	21.904583	0.1322259317387552	0.0704567644901649	-0.1418767435	-0.0384852815	-0.1483936678	0.080090749	-0.0923741891	0.1347687467	-0.0344355304	-0.0813739822	-0.0375081889	0.0900066053	0.0218828167	-0.0549354615	-0.0288998581	-0.0881206627	-0.0895507591	0.1058516393	-0.0413168615	-0.1642262101	0.0348575355	-0.0407096055	0.0041710875	0.055138289	0.124866656	-0.0229681164	-0.1263271893	0.0106949505	0.0892905852	-0.0016064783	-0.1661948425	-0.1410424182	0.0729286406	0.0346670382	0.1415316042	-0.1613616471	-0.0811359323	0.0660290141	-0.0074941137	-0.1059955903	-0.0750417433	0.0019044379	0.0728900769	0.023154146	0.1754646146	0.0588053988	-0.1668476087	0.0612272894	0.017624743	-0.0030543895	-0.1147266126	0.058812661	-0.1056868279	0.1802531943	0.0716921206	0.115487419	0.0351490397	-0.0493454471	-0.1225250592	0.0415216219	0.0700425525	-0.0304941431	0.0234585667	0.047449478	-0.1301624186	0.1630065722	0.1321494713	0.0379295636	-0.0337345424	-0.0402831034	0.0454381421	0.0202069702	-0.0639543986	0.1170837825	0.0931207194	-0.1544760322	-0.1268560809	0.0241991028	0.064550273	0.1232504623	0.0314674093	0.1837270427	0.1546071706	0.1169579046	-0.0755060117	0.1127277003	-0.0889941437	0.0241114895	-0.056189541	-0.0922870177	0.0467941893	-0.028623204	-0.0949238505	0.2668435828	0.1407412149	-0.1981537479	-0.0094669638	0.0826600542	0.0798438393	0.0685098776	0.0637102135	0.0077733544	-0.0615321115	-0.0477650617	0.0457667038	-0.0918128829	0.0780136697	0.0152138371	0.1227303952	0.0567609376	-0.0037480027	-0.0313600711	-0.09887984	0.0848895389	0.0	0.1388620529343569	-0.0101781315815401	0.0001035943624911	0.0192826697451441	0.1346835242992199	-0.0161818014500738	0.0002618506981696	0.0181396517176585	0.0867159631718976	0.0205581141548663	0.0004226360576045	0.0075196582688299	-0.0066072367120752	-0.0012466207747321	4.36555769693943e-05	1.55406335599391e-06	-0.0014607198895697	0.0003500038965042	2.133702595784517e-06	1.2250272756819262e-07	0.0011211879097097	0.0001095330198089	1.2570623288792064e-06	1.1997482428478766e-08
558.0891437191807	-2.0026549023713187	4.010626657991876	311463.4923372083	723.8678203031867	0.3452821986227263	0.1192197966857438	523984.6212704866	535.5731650021996	-0.9971578163675758	0.994323710742952	286838.61507047334	591.4052610669818	555.6168350706469	0.978685	18.492334	0.0645234112955183	0.0321166994514449	-0.1600493676	0.0501093495	-0.130092247	0.0681747862	0.0203042198	0.1294740388	0.2258568559	-0.0761730879	0.0322054979	0.1783580282	0.0635147077	0.053235614	0.0815195428	-0.0234884494	0.0456438712	-0.115836229	-0.1526995987	-0.0547669343	-0.0678964628	-0.0334121072	-0.0110597353	-0.0023034526	0.1920915263	0.0325058199	0.0361058097	-0.0432062025	-0.0366969295	-0.1082707638	-0.0188254365	-0.0653122555	0.075879043	0.0456913073	0.0782973073	-0.0415869354	-0.0848088238	-0.1611820929	0.0808931609	0.1187053819	-0.0723641201	-0.0082568958	-0.1219345345	0.0147313005	-0.0434308889	-0.0505576759	0.0522501604	0.0254039096	0.0491991115	0.1195938639	-0.0482646505	0.1175872661	0.0804118776	-0.0422546464	0.0755639121	0.060049079	0.0584047912	0.0298237613	-0.0513745984	0.0804163495	0.0586086946	-0.1968314889	-0.0526013669	0.1457257911	-0.0181015647	0.1423240451	0.0964840922	0.0142141905	-0.0255320476	0.044576862	0.185031563	-0.0267216777	-0.0851863131	-0.0873212869	0.1347803768	-0.0985304084	-0.0348253718	0.0413807435	-0.1189537243	-0.0482428913	0.1440325344	0.0071238984	0.0252324287	0.1311305151	0.0658258885	0.044773474	0.087698412	-0.0558328439	-0.0443432417	-0.0941877289	0.014683327	-0.0735429659	-0.0742193598	0.1699051621	0.1868780199	-0.2644567002	0.0099272102	0.1012259085	0.1382408251	0.1030389212	0.0567861587	0.0651616697	-0.0252470303	-0.0719915714	-0.0452129693	-0.141014382	-0.016400125	0.1009226664	0.0687824833	-0.0992335196	0.0268411565	-0.0337045224	-0.096246578	0.0897036946	0.0	0.1354255141204277	-0.0034365388139292	1.180979901964204e-05	0.0183400698747821	0.1395197340594052	0.0048362097601853	2.338892484451167e-05	0.0194657561920071	0.0728072558856638	-0.0139087072862338	0.0001934521383741	0.0053008965096005	-0.006138973685971	0.0004682630261041	3.768699791704437e-05	2.1927026161626226e-07	-0.0013770505229353	8.366936663440011e-05	1.8962681427163832e-06	7.000562913001667e-09	0.0008262811937449	-0.0002949067159648	6.82740611136497e-07	8.696997112114321e-08
554.0580133990572	-4.031130320123452	16.250011657818607	306980.2822117099	723.6354617916596	-0.2323585115270816	0.0539904778790809	523648.28156242846	534.7512589407439	-0.8219060614557065	0.6755295738576317	285958.9089387106	589.8337358013614	529.8804994351078	1.08115	20.428406	0.0581295904570678	0.0316568935342451	0.0196902937	0.1230184693	-0.1268442273	0.1329300296	0.0252301685	0.143664334	0.1693697931	-0.0010110224	-0.0576917936	-0.0870906683	0.2024531673	-0.0328004889	0.0923789914	-0.0486044814	-0.2217100941	-0.0667623031	-0.0924538487	0.0461734361	0.0543932948	0.1231991612	0.0192252311	0.1032863899	0.2050105739	-0.1317885995	0.1005550075	0.1254146186	-0.0984871236	-0.0244966824	-0.0001476538	0.0910867122	0.0594892191	0.0165356844	0.0330849068	-0.0760260342	-0.0740068143	-0.1059890545	0.0625585955	-0.1216669215	-0.0201683181	0.1473021125	0.0449269111	-0.0643786624	0.0407121903	-0.0088051064	-0.083496908	-0.045243524	-0.0066293242	0.1266560474	0.0251776956	-0.1214748779	0.0174872168	0.0312644551	0.1602568482	-0.1141571069	-0.0599778226	-0.0310673108	0.0037468199	0.1923604312	0.0265226845	-0.1135902458	0.1057574294	0.1210397854	-0.1021761806	0.0954680127	0.0560499112	-0.1112722685	0.0825545257	0.0536871572	0.1565977166	0.0202510293	-0.0895433242	-0.1098887483	-0.0417613647	0.0812993361	-0.0575324175	0.0055884201	-0.1457701819	0.0745746638	0.0183333517	0.0057111845	-0.0421413873	-0.0357056672	-0.1217828119	0.0811244292	-0.0684196164	-0.0284646633	-0.1004603232	-0.1246068477	0.0409580624	0.0875986661	-0.1691592718	0.1377198391	0.136719114	-0.1694214983	0.0439766599	0.1542004551	0.1078680484	0.0652849394	0.0216652733	0.0649144696	0.043048715	-0.0304729406	0.0259187013	-0.0791724978	-0.0550637652	-0.0086608583	0.0261481	-0.0094840927	0.0723115382	-0.0360339907	-0.0934421931	0.0941590645	0.0	0.1277874965807797	-0.0076380175396479	5.833931193597033e-05	0.0163296442823827	0.1325096971263804	-0.0070100369330248	4.9140617802372046e-05	0.017558819832525	0.1000961315750288	0.027288875689365	0.0007446827363896	0.0100192355562854	-0.0058979743097462	0.0002409993762248	3.478610095842617e-05	5.8080699340742696e-08	-0.0013210268295791	5.6023693356200025e-05	1.7451118844678084e-06	3.138654217269531e-09	0.0008531113300645	2.683013631959996e-05	7.277989414844202e-07	7.19856214928317e-10
553.1355202927116	-0.9224931063456552	0.8509935312552562	305958.90380948875	723.9031040285199	0.2676422368602971	0.0716323669515833	524035.70402212616	534.3825246829798	-0.3687342577641175	0.1359649528488546	285564.68268655555	589.5741139422406	517.181365403648	1.118879	21.141314	0.0780060629598362	0.0531002342723784	0.1106789141	0.129257766	-0.0319339696	-0.0317069898	-0.0713134978	0.0894030947	0.1127087493	0.1161769847	0.0240518435	0.0583502708	0.0726608823	-0.0941176331	-0.1343079726	0.0182586699	-0.0332738613	-0.2171470728	0.0053061511	0.0082747203	-8.2368e-05	0.011271777	-0.003981012	0.0736129917	0.0582256821	0.1730997323	0.212971634	-0.029738421	-0.0169974988	0.0414626528	0.1009917582	0.0253676812	-0.0222559578	0.0230012633	-0.0774088648	0.0291266756	-0.0372440948	-0.0426926836	-0.057507372	0.0041728699	0.0351382625	0.0806436823	0.0251945099	-0.0450666072	0.0752872684	0.1518777602	0.0584412084	-0.0438326651	-0.0695563188	0.1364454652	-0.1307657174	-0.0462985784	0.0526694137	0.0692490504	0.0810779417	-0.0431800634	0.1491264562	0.016006128	0.0482604352	0.1311432427	-0.0803858461	-0.0457720361	-0.1732229378	0.0190820878	0.0212136344	-0.0706060216	-0.1038449376	0.03210371	0.1229499059	0.0604240843	0.152227227	-0.051856896	-0.0584845705	-0.0747539515	0.0851252326	-0.0074708691	-0.0951773135	-0.083561395	-0.0273908152	0.0209616006	-0.0114683308	-0.091842519	0.0455863786	-0.0074810087	-0.0460891278	0.0344608063	0.0487431951	-0.0713394447	-0.0511106067	-0.129985639	-0.0484308463	-0.1602598436	-0.0171873741	-0.0704164876	0.0070887316	-0.1270580039	0.0426720293	0.0973929827	-0.0234998482	0.0774172208	-0.0408188189	-0.03636442	-0.048324548	-0.1259225472	-0.0738921604	0.0084434807	0.0167983797	0.0205199081	-0.0241226788	0.0678968112	0.0733918585	-0.0383474405	-0.0904716714	0.0982378286	0.0	0.1232417940342003	-0.0045457025465794	2.066341164197849e-05	0.0151885397967682	0.1824173810964993	0.0499076839701189	0.0024907769192612	0.0332761009261054	0.1038717846310817	0.0037756530560529	1.425555599968162e-05	0.0107893476424458	-0.006099049357251	-0.0002010750475047	3.719840306218384e-05	4.043117472905749e-08	-0.0013761911213576	-5.516429177850014e-05	1.8939020025034887e-06	3.043099087423498e-09	0.0007138102016061	-0.0001393011284583	5.095250039169411e-07	1.940480438978364e-08
553.6695557009418	0.5340354082302383	0.2851938172436373	306549.9769100783	721.5813074553695	-2.3217965731504364	5.39073932709311	520679.58326900046	534.8832533279268	0.500728644947003	0.2507291758704618	286100.0946906671	589.9953577977834	511.9826948663955	1.058306	19.996777	0.1716402726825194	0.090813155079642	0.1591949338	0.1162179708	0.0082500876	0.0677043324	-0.141442944	-0.03061846	-0.0405103754	0.2131532483	-0.0325494109	-0.010351668	0.1369843129	-0.0748020423	0.0314809063	-0.0051071127	0.0382180177	0.0462499143	-0.0473695887	0.0195189445	-0.1046808818	0.0575150704	-0.0857091181	-0.0329431289	0.0185474737	-0.0128373097	0.2100528176	0.1977791964	0.0222093288	0.0288976555	0.0491227596	0.1155611456	0.017368757	-0.1190935605	-0.0126895517	0.0601192036	-0.1738772499	0.0289397809	-0.1628765742	-0.0797193653	0.0325851746	-0.0964892607	0.0907187959	0.1611442121	0.019158067	-0.1084627743	-0.0429080628	0.0283995641	0.1113366171	-0.0772631369	-0.0301913423	-0.1548455037	-0.0196963576	-0.0001480513	0.0635377658	0.0091806402	0.0186080492	0.1551351569	0.1147512966	0.0772776755	-0.228239932	0.0047025438	-0.0437695074	-0.0470052817	-0.0531217501	0.1082527867	-0.0229755137	-0.1078677363	0.1509181782	0.0676797334	-0.0822121405	-0.0250035729	0.1556394836	-0.0040462599	0.0546535759	0.0071186461	-0.028077889	-0.1157696034	-0.0774709287	0.1182575444	-0.0268192046	-0.1325217894	0.1112640278	0.1218304611	-0.1116154083	-0.0514014958	0.0476063243	-0.1029408035	-0.0478892077	-0.144695788	0.0324484232	0.0967827457	0.0346939169	0.1600231078	-0.1468868431	0.0528370988	0.1091535088	0.0642353256	-0.0858209099	0.1471818929	-0.0137109382	-0.0064524962	-0.021396489	-0.1056806792	-0.1207275272	0.1155829642	0.0044833461	-0.0038373827	0.0413895604	0.0588902393	0.0269633781	-0.0406438432	-0.0873402943	0.1019236731	0.0	0.1014675692667026	-0.0217742247674977	0.0004741168642255	0.010295667612893	0.2392003282637489	0.0567829471672496	0.0032243030889986	0.0572167970414852	0.1234180913660338	0.0195463067349521	0.0003820581069768	0.0152320252764346	-0.0071961905987376	-0.0010971412414866	5.178515913335942e-05	1.203718903770758e-06	-0.0010176363293352	0.0003585547920224	1.0355836987828198e-06	1.285615388822265e-07	0.0007288500483535	1.5039846747399955e-05	5.312223929848992e-07	2.2619699018527702e-10
554.9774340603238	1.3078783593820162	1.7105458029397944	307999.9523161811	720.7586240014848	-0.8226834538846788	0.6768080652956244	519492.9940725138	535.1936700046653	0.3104166767384413	0.0963585131973379	286432.26441306254	589.6264416481549	516.3466095995125	1.047077	19.784594	0.2056645488333052	0.1562683983854156	0.1249661746	0.0843860236	0.0738401045	0.1100569579	-0.0832802984	-0.1387252931	-0.0389477378	0.0701567419	-0.1324211578	0.0224922104	-0.1347125224	0.0375274179	-0.0424626509	0.0266940899	-0.1062240571	-0.0457978979	-0.0300454363	0.0274905345	-0.0440088516	0.0209503505	0.0636384648	-0.1489103853	0.0399841675	-0.045349184	0.0467449326	0.079936517	-0.0671737648	-0.0392594556	0.1751328579	0.0310657155	0.0785839965	0.0999043288	-0.1043565108	0.0625903162	-0.0550596558	0.1709409492	0.1235332853	0.0012651083	-0.0156041402	0.0477258896	0.1586533262	-0.0399504743	-0.0319567959	-0.1421992822	-0.0235833091	0.040459904	-0.0279401237	0.1150318623	0.0726083298	-0.0289232081	0.0206345976	-0.0228401346	0.0681569763	0.0466372392	0.0380961234	-0.0539749276	0.121110134	-0.0449856329	-0.0274892909	-0.0851178974	0.0380497644	-0.0167223451	-0.1209546551	-0.0773606163	-0.2082086523	0.1430385587	0.1651167244	-0.0587733114	0.0052353455	-0.0775022509	0.0515899342	-0.0533044183	-0.0423304836	0.0117878933	-0.0472742299	0.0334020732	-0.0942025113	-0.0028603472	-0.1110388336	0.040891523	0.0099805552	0.1218394662	-0.0632799682	0.0288511469	-0.0480742525	-0.0443817358	-0.1668915567	-0.0276270184	-0.0504658843	0.0723258465	0.0694305503	-0.1695265716	0.0662133395	-0.0520761913	0.0315436414	0.0885025956	0.0429935334	0.1596142973	0.0255770027	0.0148345988	-0.0357174762	-0.1389624977	-0.0644488541	0.0430580368	0.0003290209	0.0403968437	-0.0434663095	0.1760207193	0.0228769441	-0.0429221782	-0.0840536294	0.1052018558	0.0	0.101055777938626	-0.0004117913280766	1.6957209787909189e-07	0.0102122702547808	0.1008690124458979	-0.138331315817851	0.019135552935898	0.0101745576718107	0.1223121516888312	-0.0011059396772025	1.2231025696109906e-06	0.0149602624507516	-0.0060721536516801	0.0011240369470575	3.687104996961197e-05	1.2634590583503455e-06	-0.0011550597690341	-0.0001374234396988	1.3341630700411086e-06	1.888520177867718e-08	0.0006740003949064	-5.484965344709997e-05	4.542765323339832e-07	3.008484483266965e-09
556.5918219524689	1.6143878921450323	2.6062482663044806	309794.45626436884	721.0276999408608	0.2690759393759663	0.0724018611510586	519880.944082008	536.0797080162728	0.8860380116075248	0.7850633580134163	287381.4533468123	590.3798134087643	525.9424540748936	1.020176	19.276312	0.1706524689902099	0.1033480272958025	0.0661094616	0.0847872082	-0.005825891	0.0419826278	-0.0199629468	-0.0017822789	-0.0464598424	0.0476124424	0.052838409	0.0531650604	-0.1405811859	0.0658888751	0.0527765089	-0.0980411931	-0.1224665377	0.0949012795	-0.0247039529	-0.071250538	0.0879525617	0.0229043052	0.0217787494	-0.0477581619	0.0477621642	0.0439572823	0.0468697936	-0.0272247232	0.05265673	0.0112135238	0.0634076377	-0.0878503032	-0.118548205	-0.0231846713	-0.0184324329	-0.107645537	0.0097162281	-0.0431575482	-0.1346456948	-0.0403509088	-0.0065974086	-0.1412050778	-0.0624419508	-0.0496815346	-0.0194305265	-0.0502752873	0.1578409393	-0.0649094707	0.05728863	-0.1080039059	-0.0728415929	-0.0168719567	-0.0313184353	-0.0488552355	0.021961869	0.0107183675	-0.0699385535	-0.0096739824	0.0474779688	0.0532197023	0.0141101799	-0.0389724208	-0.1160225075	-0.0571652861	-0.0862499925	0.0690505241	0.0201746732	0.0775084586	0.044674307	-0.1115326146	-0.1269826294	0.0732303455	0.0494925463	0.0402044411	0.136482921	-0.0204409846	0.0105683287	0.0096784265	0.1256475813	-0.0638048768	-0.1059636783	-0.0309648105	-0.1124037914	0.043185414	-0.1250515296	-0.0892808409	0.0679676901	-0.0812403382	-0.0947098603	-0.0792617744	-0.0279834231	-0.0506003662	0.0200417587	0.1091406788	0.0079301654	0.0961356387	-0.0191545574	0.1103633424	-0.0458737671	0.1289610871	0.136485062	0.050732676	-0.0550880818	-0.0316166944	-0.0989313922	0.0180306528	0.090024311	-0.0443648803	-0.1257445758	0.0495483468	0.0614299233	-0.0451814325	-0.0806175202	0.1080592651	0.0	0.1035820562111524	0.0025262782725264	6.382081910239028e-06	0.0107292423689303	0.1851772277696568	0.0843082153237589	0.0071078751710772	0.0342906056844553	0.1400916913564458	0.0177795396676146	0.0003161120307922	0.0196256819871096	-0.0069253302681535	-0.0008531766164733	4.7960199323003024e-05	7.279103388969989e-07	-0.0007600930234292	0.0003949667456049	5.777414042657423e-07	1.5599873013372582e-07	0.0006013750424585	-7.262535244790006e-05	3.616519416919626e-07	5.2744418181817045e-09
557.6626999756683	1.0708780231993842	1.1467797405714208	310987.68694415217	724.4569035252043	3.429203584343554	11.75943722287468	524837.8050653272	536.6601258381759	0.5804178219030973	0.3368848479827356	288004.0906646468	591.3836852608147	534.0675699081195	0.969053	18.310328	0.0828479419421121	0.0499496210803359	0.0079623102	0.114594444	-0.0891437058	-0.0345607962	-0.0815757863	0.192413043	0.0076802255	0.0475057937	-0.0464945765	0.0569663001	-0.0228892134	0.0871231203	0.0643411617	0.0596657225	-0.1124795942	-0.0989295571	0.0847512382	-0.1496571396	-0.0294642032	-0.0355279471	-0.0708681961	0.0735040369	0.1474516802	0.0460176603	0.0154861	0.0397984891	0.0743787304	-0.0770475546	0.0683182334	-0.0523620658	0.0806962607	0.0893671661	-0.0005796444	-0.048809048	-0.0300136003	0.0242863855	0.0226336273	0.0079888562	0.0108337708	0.0144541497	0.066506835	0.0271007333	0.0192449131	0.0538912092	0.0015336695	-0.0840940896	-0.0045636893	0.1290449598	-0.0047192297	0.0119178471	-0.1411612093	0.0330820121	-0.0087658866	0.0260694631	0.088063008	0.1176099279	-0.106581013	0.1390932681	-0.0331007589	-0.1143223535	-0.0160687548	-0.025263936	-0.1095141413	0.0563311459	-0.0223122322	0.1864741392	-0.0004073984	0.0198872477	0.1178209	-0.0081877012	0.0031334243	0.0271010729	0.0713444355	0.1038015001	0.0014339769	0.0350776729	-0.0199700596	0.0101908348	-0.1172835336	0.1047689331	0.0135496661	0.1294891635	-0.0853463375	0.0351589755	0.004820973	-0.1010524949	-0.0742654196	-0.0809422429	-0.0567766977	0.0200510966	-0.0850954155	-0.0744857903	0.0691168646	-0.1035334224	-0.0882684574	0.0228452433	0.0162768615	0.0311204755	-0.0643080735	-0.0110354728	-0.1005708002	0.0082100294	0.0549709093	0.0295489217	0.1119649377	0.0552611707	-0.0146303871	0.0833178848	0.0284600713	-0.0474206018	-0.077038076	0.1104844722	0.0	0.1005739863626473	-0.0030080698485051	9.048484213485506e-06	0.0101151267328739	0.1556757879773869	-0.0295014397922699	0.0008703349498169	0.0242349509623803	0.1195745031524637	-0.0205171882039821	0.0004209550117976	0.0142980618041585	-0.0063298115220729	0.0005955187460805	4.0066513904966845e-05	3.546425769334099e-07	-0.0007599130413691	1.7998206010001565e-07	5.774678304428355e-07	3.2393541957845653e-14	0.0006021011962649	7.261538064000633e-07	3.625258505436237e-07	5.272993505493005e-13
557.7177145318374	0.0550145561691124	0.0030266013904844	311049.04910261603	722.9913411984976	-1.4655623267067313	2.147872933462048	522716.4794480024	535.9173087393883	-0.7428170987875546	0.5517772422511598	287207.36180646886	590.7723827103555	538.6971836429675	0.88278	16.680201	0.0908446057171631	0.0590247395908336	-0.0183689123	0.1147610651	-0.0754659302	-0.0216119416	-0.0605068485	0.1248790112	0.0605886225	-0.0115956071	0.0555769011	0.0867307036	0.0980343952	0.0761545888	0.0369826939	0.2022338507	-0.062131462	-0.0755315456	0.0447297538	-0.0787313686	0.1563988666	-0.0357785162	-0.0844062424	0.0141008801	0.1267548587	0.0204871234	0.0693467147	-0.0222286437	0.0101124606	-0.0313666933	0.0530332186	-0.1155458158	-0.1270575495	0.0728479657	0.1247159221	0.1434002542	-0.0131715069	-0.0160301362	-0.0305901351	-0.0476533903	-0.1900406997	-0.0423409806	-0.0189043777	0.0634062795	-0.1142958929	-0.0235666066	-0.0735661725	-0.0899000216	0.0382761645	-0.1190969039	-0.0055560368	-0.0299693615	-0.0452817238	-0.0223792759	0.0044778783	0.1699765433	0.0867670798	-0.033869288	-0.0619564945	0.0737680057	-0.0729629754	-0.0492199344	-0.0931341666	0.0885808229	-0.0753918858	-0.0630993233	0.1689486347	0.0570230273	0.0955576349	0.0140069191	0.03475854	-0.0077562178	-0.0047959182	0.0341254132	-0.0624855054	0.1264083606	0.0704035998	0.0323403361	0.0835774918	-0.1049425053	0.0539869406	0.0253443828	-0.0157294795	-0.0204406464	0.0880064977	0.0944686324	0.0387575272	-0.1232826341	-0.0646109036	-0.1010215558	-0.0745104971	-0.0685646044	-0.0207722	0.0737935334	-0.016135018	-0.0016078646	-0.0153454296	-0.048094905	0.0075161771	0.0346964744	-0.0537129664	0.0283780997	-0.0361273174	0.0311062303	0.0009853785	0.0438584837	0.0897062419	-0.0718262059	0.0065096232	0.0317697515	0.1096486609	-0.0496386907	-0.0733216609	0.1124677771	0.0	0.0892413667952212	-0.0113326195674261	0.00012842826626	0.0079640215474792	0.2091810855350644	0.0535052975576774	0.0028628168667356	0.0437567265456279	0.1341978380734332	0.0146233349209694	0.0002138419242108	0.0180090597435833	-0.0065573230185622	-0.0002275114964892	4.299848516976568e-05	5.176148103480071e-08	-0.0007599828271847	-6.978581560009283e-08	5.775738976156496e-07	4.87006005897016e-15	0.000602015405148	-8.57911169000001e-08	3.624225480355106e-07	7.360115738949481e-15
556.9717987182978	-0.7459158135395683	0.556390400888396	310217.58456749603	721.1680316145479	-1.823309583949708	3.324457838922858	520083.3298228015	536.1205861762019	0.2032774368135506	0.041321716317487	287425.2829219143	590.015670134995	534.4681023447733	0.8666479999999999	16.37538	0.1106269809661513	0.0589709843858271	0.0061408175	0.1007907055	-0.0703057649	-0.0099329407	-0.0912175487	0.009685113	0.0420516721	-0.0101620554	-0.0823381327	0.0171998824	0.0955193321	0.0104060912	-0.034485915	0.1286623861	0.0752320184	0.0628095843	-0.0031953261	0.1126795059	0.171082701	-0.1139065997	-0.2032967263	0.022109673	0.0912981403	-0.0332239184	-0.0237884685	0.0004594376	-0.0759765662	-0.0450483702	0.2183001983	0.0753439659	-0.3083454542	-0.0562374808	-0.0580443034	0.0193753597	-0.0145479695	-0.0801535225	-0.0115956272	0.1041895804	-0.1225913588	-0.0636369941	0.0184550239	0.0272331525	-0.000904543	-0.0291627031	-0.0626132268	-0.0462875777	0.0885693964	0.0497672975	-0.0105178037	0.2157784812	0.1334983662	0.0217709913	-0.1547945193	-0.0750194527	0.0006127475	0.0617753906	-0.0367040453	-0.015439821	-0.1566368335	-0.0654075273	0.050234994	0.1379213195	0.0079424884	-0.1412344954	0.0718305387	0.0400280302	0.25093319	-0.0300859486	-0.1262412165	0.0918578902	-0.0749318786	-0.081015753	0.2248649487	0.1246988909	0.0593198228	-0.0785071078	-0.0419887475	-0.089069092	0.1287956454	0.0423459262	0.0641886712	-0.1709431567	0.0893671232	0.026487747	0.0373739842	-0.1225903502	-0.0742104424	-0.1049669928	-0.1184821897	0.0282911781	-0.0320509574	-0.0509464919	-0.0220289324	-0.1291464904	-0.0645058003	-0.1620901154	0.019383933	0.0868465785	-0.0815300582	-0.0239167029	0.1467509916	-0.0836803464	-0.047680849	0.1176447704	-0.0065885909	-0.0275125627	-0.0639920833	-0.0655046457	0.0136633124	-0.0518347133	-0.0694748826	0.1140012473	0.0	0.0964531563779047	0.0072117895826835	5.200990898490238e-05	0.0093032113752605	0.1758316120619554	-0.0333494734731089	0.0011121873809336	0.0309167558003059	0.1102481393254493	-0.0239496987479838	0.0005735880701191	0.0121546522247236	-0.0058637196730123	0.0006936033455498	3.438320840367148e-05	4.810856009580133e-07	-0.0007609387514699	-9.559242851999925e-07	5.790277834885703e-07	9.137912390351166e-13	0.0008297765185604	0.0002277611134123	6.885290707542178e-07	5.1875124782856126e-08
556.6754960327643	-0.2963026855335329	0.0877952814543836	309887.60788332415	719.515854921263	-1.6521766932849005	2.729687825833828	517703.065483076	535.3562929965482	-0.7642931796536914	0.5841440644651498	286606.3604510059	590.0443566221021	532.0966128680402	1.000562	18.905704	0.1476124433594787	0.0843259339091684	0.027711621	0.0957680052	-0.044830414	0.0271612292	-0.0682781056	-0.0134301571	-0.0370405719	0.0834466537	0.103913166	0.0500568671	0.065824198	-0.0925636264	0.0243740158	0.0554857448	0.0420852409	0.1216114484	-0.046076715	0.062805816	0.1549910875	0.1409362674	-0.0777048985	-0.0913247714	-0.0279839054	0.1046313361	0.1274978802	0.084489742	0.0977519027	0.0055026607	-0.0359587872	-0.0260132689	-0.1797474829	0.1122287045	0.2183560913	0.1535302398	0.0350764685	0.0413780756	-0.0673286306	0.0850580633	0.0180771461	-0.0169348947	-0.0189819295	0.0511674589	-0.0472958182	0.1013007223	-0.0937730234	0.0247427984	0.0465891779	-0.0191365974	0.0003767228	-0.0013254794	0.0407036938	-0.0136101909	0.0321565002	0.0142609275	-0.0346542503	-0.1168608661	0.0178204775	-0.0159287079	-0.1292390056	0.0022705023	-0.1685256524	-0.0406682738	-0.0748462123	0.0711231758	0.1277680597	-0.0659674197	0.035890295	-0.0542966998	-0.1092336422	-0.0283223319	-0.0870159274	-0.121417563	-0.0846241014	-0.0130248478	-0.1122358041	-0.1296294209	0.1014000795	-0.0401411583	0.0096638418	-0.0270600475	-0.0258648125	0.0246623021	0.151669252	0.070962249	0.0422040046	-0.1228338511	-0.0539912695	-0.1305559076	-0.0805204386	-0.0819656711	0.0612107883	0.0637215777	-0.1124719021	0.0089425625	0.0325209009	-0.0353460235	-0.0132659396	-0.0415130426	-0.0403158438	0.0333977072	-0.0205547816	0.1171537689	-0.1018952134	0.0085458321	-0.0200067054	-0.076650044	-0.0483420322	0.0032696404	-0.0356313842	-0.0540076933	-0.0655045805	0.1150787493	0.0	0.100278598784925	0.0038254424070202	1.4634009609429196e-05	0.0100557973742679	0.2453618044549301	0.0695301923929747	0.004834447654204	0.0602024150853793	0.1334326060561181	0.0231844667306687	0.0005375194975854	0.0178042603589272	-0.0064437571819171	-0.0005800375089047	4.1522006619508205e-05	3.364435117364855e-07	-0.0009729423729176	-0.0002120036214476	9.466168610185302e-07	4.4945535506939655e-08	0.0006003708123366	-0.0002294057062237	3.60445112305709e-07	5.262697804804041e-08
557.2374018546807	0.5619058219164117	0.3157381527035581	310513.5220257549	720.6793543844198	1.163499463156768	1.353731000766087	519378.73183594405	534.932868564719	-0.4234244318291758	0.1792882494698603	286153.17387087893	589.6534954574082	530.7382671769366	1.022116	19.312952	0.0922382284399524	0.0663768370079234	0.0395414709	0.0772375614	-0.0253867743	0.1018364081	-0.1143540194	-0.0825274743	0.0028278967	0.0784495794	-0.1704730156	-0.0467844689	0.0288095129	-0.1142312621	-0.0033388693	-0.0163067369	-0.0206421921	-0.0652959849	0.0069558837	-0.0903142518	0.0550946784	0.0106370256	-0.061062069	-0.0537323534	0.0141339582	-0.0749423453	-0.0096821407	0.1268891628	-0.2433288165	-0.0311555765	0.101862876	-0.111924869	0.0122846208	0.072931182	0.0369911417	-0.0899851945	0.0147846841	0.0603079171	-0.0799855753	0.0616864062	-0.0509941699	-0.0239825052	-0.053223497	-0.0080263521	0.0220363592	0.0238573476	0.1525442073	0.1134356581	-0.0650290526	0.0512051269	-0.0933402589	0.0023935096	0.1105041496	-0.0541235666	0.0009796982	-0.1058280919	-0.0988916915	-0.1167523787	0.0482252371	-0.0278552119	-0.1302639066	-0.0787500341	0.1269446044	-0.0036809514	-0.1252856699	-0.0007472156	-0.072543398	-0.0242304242	0.0884697943	-0.1445638224	0.051056542	0.0239602527	-0.0147749451	0.0360581543	0.0063422089	-0.0811882818	0.0483000076	-0.049982678	-0.1003816931	-0.061701743	0.0268916571	-0.0488335562	0.0282702598	-0.08610976	0.0539749605	-0.0137346181	-0.0445207928	-0.0927619396	-0.0579357851	-0.0833041882	-0.0625572715	0.165678428	0.0337547804	-0.0872402656	-0.0895113633	-0.0672558503	0.0321713896	0.0073304015	0.0290742847	-0.0709067948	-0.1652709424	-0.0412322216	0.1654811955	0.0510046091	-0.0625365154	-0.029942226	0.0049455333	0.0201058891	-0.0452883578	0.0260937297	-0.0081789748	-0.0561566646	-0.0614178136	0.1156959735	0.0	0.1003158728680801	3.7274083155097726e-05	1.3893572750531402e-09	0.0100632743492848	0.1895763956249396	-0.0557854088299905	0.0031120118383291	0.0359392097781436	0.1378917459748549	0.0044591399187368	1.988392881487212e-05	0.0190141336079939	-0.0058677612210402	0.0005759959608768	3.443062174714318e-05	3.317713469465033e-07	-0.0009107727849571	6.21695879605e-05	8.295070658185119e-07	3.865057667178346e-09	0.0006013333756606	9.625633239999367e-07	3.616018286833722e-07	9.265281527098072e-13
557.2793997657174	0.0419979110366739	0.0017638245314443	310560.3294032382	720.0175720963231	-0.6617822880966742	0.4379557968384694	518425.3041274838	535.6467516153166	0.7138830505975875	0.5096290099305176	286917.44251604064	590.5866536639985	533.9389482662302	0.99246	18.752602	0.0323586128267752	0.0194718575082913	0.0227844931	0.0554759229	0.0108665995	0.1526393826	-0.0200549773	-0.0725175638	0.0167146897	0.0903858185	0.0711247464	0.0439769993	-0.0367079522	0.0242094417	-0.0353407262	0.0846466149	-0.0064547926	-0.0006564303	-0.0436114022	-0.0895788552	0.0429843047	0.088529317	0.0387405677	-0.1638578707	-0.0014051866	0.0459573292	0.1420725485	0.0590449754	-0.0208047645	-0.0033757642	0.0943154562	0.0768654925	-0.0444146496	0.0720359389	0.0648430188	0.0033762091	0.0384424412	-0.1144573818	-0.0296287832	-0.0419787669	0.037775112	0.1318598635	-0.0069692422	0.1063653672	0.054099601	0.101445826	-0.0677159656	0.0065452089	-0.0537764033	-0.0613836726	0.0748820109	-0.040295665	-0.0248300208	0.0410587374	0.0387818339	-0.0390055449	0.0684735414	-0.0318414546	0.1179431982	-0.0415128553	-0.0347068804	-0.0137250253	-0.122368402	0.0136394368	-0.1191327902	-0.014585347	0.003571824	0.0227652496	0.0256932278	0.0495427795	0.0380391014	-0.0187966076	0.0630504734	-0.0999543167	0.0127734863	-0.0015175873	0.042108163	-0.0430117808	0.0136313152	0.000763709	0.1149423503	0.0189235853	-0.0646465477	0.0182031357	-0.029444071	0.0384844932	-0.0392065909	-0.0599124617	-0.1406469118	-0.0694774065	-0.0854229827	-0.0361510476	0.1113871532	-0.0023677046	-0.0579154179	0.046548085	-0.0187241663	-0.0176035067	0.0880178491	-0.0332814688	0.0155586925	-0.1812696559	-0.0513039823	0.0864364361	-0.0213907171	-0.0135455849	-0.0843643625	-0.0266966749	-0.028710369	-0.0493934608	0.0724391942	-0.0582806721	-0.0572218481	0.1158504512	0.0	0.0878269537333551	-0.0124889191347249	0.0001559731011537	0.0077135738020808	0.1951096334858135	0.0055332378608738	3.061672122500833e-05	0.0380677690789684	0.1401465271071913	0.0022547811323364	5.084037954740232e-06	0.0196410490602067	-0.0058696955342468	-1.9343132065998557e-06	3.445332566475682e-05	3.741567581226614e-12	-0.0011492696368216	-0.0002384968518645	1.3208206981200526e-06	5.68807483492773e-08	0.0006001310467549	-1.2023289056999368e-06	3.60157273279132e-07	1.4455947974816077e-12
556.8770656959338	-0.402334069783592	0.1618727037086282	310112.0662981133	719.2816877650955	-0.7358843312275667	0.5415257489462431	517366.14635420433	536.2362222048316	0.589470589515031	0.3474755759031981	287549.28600450954	590.423510486477	528.1276775623288	0.921928	17.419893	0.0667674445364938	0.0325682758119388	0.0345682671	0.0734763505	0.0678897464	0.1083876557	0.0607315215	-0.1062439178	0.0455314291	0.038195471	-0.0522226547	-0.0808580076	-0.024504852	0.0133792769	0.1141143661	0.0020515015	-0.0916419583	-0.0523488068	0.0443215437	-0.0345753762	0.0535115623	-0.0902607595	0.0819319449	-0.1226763095	0.0696676341	0.0016701933	-0.0193877625	0.1060212744	-0.0527487487	-0.0218198803	-0.0626233221	-0.0551781339	-0.0621432734	0.0916457347	-0.0193235357	-0.0267174796	0.0018108654	0.1772004827	0.0892289984	0.0200671829	0.0570971556	0.0707741553	0.0982413617	0.0175440594	-0.0952325778	-0.0062215722	0.0219779486	0.0376707052	-0.0757273828	0.0105824359	0.111971985	0.0233830532	-0.0226650451	0.0856605209	-0.0559690366	-0.0360078094	0.0437751654	0.0319845842	0.1221522503	-0.0412185387	0.0029899969	-0.0970107369	0.0524783434	-0.061196583	-0.0694258397	-0.0258441919	0.0261112072	0.0393903649	0.0819835125	-0.0968524706	-0.0215025443	-0.0638301567	-0.0063189114	0.0017827835	0.0168289715	0.0971737592	0.020784113	0.0288202111	-0.022635564	0.0025655365	-0.1208853726	0.0203530436	-0.0259969708	0.0102739621	0.0063672811	0.0170454144	-0.1328071495	-0.1224182051	-0.0996260943	-0.0452267774	0.0014162293	0.1074944552	0.0863827006	-0.0868696531	0.0170257733	0.0909749738	0.0085915906	-0.1160091495	0.0394724217	0.0761172636	-0.1018929296	0.0658340102	0.050268239	0.0066976507	0.0003451374	0.018914174	-0.0107233023	0.0524049487	0.0526383088	-0.0506152933	-0.0248536922	-0.0603787714	-0.0529241442	0.1155415645	0.0	0.07242900691989	-0.015397946813465	0.0002370967660702	0.0052459610434014	0.1955981928122838	0.0004885593264702	2.386902154811081e-07	0.0382586530314313	0.1576492304863848	0.0175027033791934	0.00030634462558	0.0248532798729492	-0.0061458088083088	-0.000276113274062	3.777096590828603e-05	7.623854011323725e-08	-0.0007598582513332	0.0003894113854884	5.773845621191485e-07	1.5164122714799532e-07	0.0006021710875518	2.0400407968999574e-06	3.626100186833176e-07	4.161766453016213e-12
557.6777743996181	0.8007087036843359	0.6411344281558496	311004.50005931134	720.9309961386532	1.6493083735576874	2.720218111087504	519741.5011934708	537.0898231128655	0.8536009080338545	0.7286345101962208	288465.47809140914	591.5743950924157	529.7982768333277	0.942678	17.811977	0.0186453736494419	0.0160443651272452	0.0362145757	0.0627807624	0.0211906057	0.0487323796	0.0762383421	0.0380593782	0.0373760668	0.0345808632	0.091752007	-0.0129389509	-0.1371606825	0.0429482323	-0.0514749067	-0.0714128968	-0.0580449399	0.0872664254	0.1078883465	-0.0909622357	0.1149649692	0.057450886	0.0501033875	-0.0558495525	0.1741689536	0.0070266616	0.044747199	-0.0802911389	0.0225589229	-0.0062393801	0.0220911628	-0.0453732167	-0.0302753373	0.0299215296	-0.0151907587	-0.0756452093	0.0677276941	0.0823423472	-0.0553609368	0.0683761256	0.1804170663	0.0242389383	0.0122331181	-0.115014272	0.0465984888	0.0088862661	0.0484390018	0.032034017	0.043584524	0.0254235536	0.0523127446	-0.0758610413	-0.0522629218	-0.1983767071	0.129771915	-0.0344822863	0.0715326881	0.0586570097	0.0564775284	0.0779366461	0.0960260018	-0.0733944913	-0.102329455	0.0472135952	-0.0539687353	0.0217752295	-0.0064912395	0.1544675238	0.0201708003	-0.0315115707	-0.0745289352	0.0821004094	0.0330869666	0.0421475911	-0.042020694	-0.1111817475	-0.0044770049	-0.1472983878	0.0766089714	-0.0255311782	-0.1810005526	0.0664048165	-0.0650951225	-0.1024182481	-0.0459723491	-0.0004184463	-0.0483537393	-0.1150959635	-0.1178142572	-0.0594459521	-0.0820260044	-0.049214103	-0.0004477753	-0.0537612246	0.0027013392	0.1084175182	-0.1348478279	-0.0223415103	-0.0449331476	-0.0228646273	0.143881006	0.0258482965	0.0072583854	0.1373169899	-0.0248049223	-0.0305414157	-0.0408798327	-0.008461038	-0.0623430614	0.0198786529	0.0514936741	-0.06245003	-0.0485323432	0.1147705489	0.0	0.0729234619872869	0.0004944550673968	2.444858136744713e-07	0.0053178313082112	0.1960611446797884	0.0004629518675046	2.143244316260087e-07	0.0384399724531489	0.1555972912761944	-0.0020519392101903	4.210454522316784e-06	0.0242105170524888	-0.0064583168391348	-0.000312508030826	4.170985639465212e-05	9.766126933074425e-08	-0.0007599525911823	-9.433984909999576e-08	5.77527940844692e-07	8.900007128209971e-15	0.0006020529081399	-1.1817941189995637e-07	3.624677041997109e-07	1.3966373397019547e-14
557.1493213715293	-0.5284530280888475	0.2792626028962723	310415.3663047556	724.1274451897644	3.1964490511112444	10.217286536349976	524360.5568770553	536.4925214559725	-0.5973016568930234	0.356769269327151	287824.22557818703	591.4358670706278	532.4365612095116	0.997116	18.840578	0.0809890666642308	0.0460569744242757	0.0274542399	0.0793549299	-0.0111582706	-0.0479055917	-0.0752408701	0.1382297302	-0.0394564358	0.0900786092	-0.0638052856	0.0293366774	0.0103751088	-0.0818178534	0.0182896824	-0.0609490075	-0.0052219195	0.0011083782	0.0621646016	0.0195623491	-0.0277539197	-0.1088763767	-0.0528665931	0.0946394037	0.0553422688	0.0930642076	-0.0164634162	0.0978222463	0.0388855626	-0.1044768553	-0.0057728926	-0.0922365781	-0.1470456578	0.0031636044	-0.0388020716	-0.1131293378	0.0121563982	-0.0547593338	0.2115216465	0.0224290765	0.062020478	-0.0862095666	0.1309530123	-0.0329375746	0.0371265668	0.0169354376	-0.0175109799	0.0895336613	0.0474154098	-0.0722553132	0.1224590495	-0.0390230862	0.1407443145	-0.0482658936	-0.167305403	0.0112762202	-0.0673605291	0.0213264134	-0.0728445078	0.1107263403	-0.07805471	-0.04199727	0.0128379553	-0.0759932247	-0.0443218477	0.0444095399	-0.0118512982	0.0419487615	-0.0116673447	0.000654792	-0.0318903936	0.0265486501	-0.0878202011	0.0999366271	0.215126133	0.0415261789	-0.0062842418	-0.037103655	0.0797082035	0.098202018	0.0455677772	0.0536272863	0.0752737867	-0.0872199715	0.0607963979	-0.1082463487	-0.0495800545	-0.1543908911	-0.0495545204	-0.0548386686	-0.0257820629	0.0732979234	-0.0986307353	-0.0727677749	-0.0540126539	0.0786344618	-0.1357320793	-0.0800529536	-0.0137877114	-0.0103329342	-0.0399142315	0.0780807509	-0.064135493	0.0397070429	0.1528135544	-0.0109935557	-0.0093385379	0.0576997839	0.0730789754	-0.058321021	-0.0188175292	-0.064493527	-0.0440542534	0.1135404882	0.0	0.0552734453441843	-0.0176500166431026	0.0003115230875017	0.0030551537602165	0.2195556732914667	0.0234945286116782	0.0005519928746849	0.0482046936744692	0.1897125897926344	0.0341152985164399	0.0011638535928658	0.0359908667258283	-0.0065728229224637	-0.0001145060833288	4.320200117006425e-05	1.3111643119324912e-08	-0.000759987172143	-3.458096070000499e-08	5.77580501821914e-07	1.1958428429352897e-15	0.0006020091145693	-4.3793570599992906e-08	3.624149740245126e-07	1.917876825896563e-15
558.0768836350428	0.9275622635135504	0.8603717526943814	311449.8080478011	722.7599539691811	-1.3674912205833607	1.8700322383725696	522381.9510615328	536.4770330447961	-0.0154884111763067	0.0002398908807663	287807.6069845473	591.0121253673847	536.3554147308587	0.973734	18.398781	0.0729990042547395	0.0359615738915886	0.0002922126	0.0795488105	0.0772119377	-0.0970469417	-0.0931988017	0.0617417955	-0.0423938491	0.096696228	0.045800895	0.1217799319	-0.0357323383	0.0183470447	0.0079013521	0.1640880228	0.0945171816	-0.0099055762	-0.1436005434	0.0435527263	0.0824021124	0.0521859988	-0.1245173468	-0.0313973066	0.0085482081	0.2032700961	0.0013957829	0.0184731613	0.0914241795	-0.0206771994	-0.019474714	-0.1126809481	0.0312469906	-0.0029704747	0.1305289388	-0.0192535195	-0.0456284555	-0.0021981897	-0.1331576459	-0.0668922275	0.100191093	-0.0504247148	-0.1664252574	-0.0529104054	-0.0534479198	-0.0331664393	0.1216894773	-0.0476445919	-0.0836673968	-0.0676073497	-0.0134155853	-0.0142458355	-0.001985906	0.146206981	0.0166586142	-0.021044021	-0.1319348295	0.0369208104	-0.0582903388	-0.0084099579	-0.1416416432	-0.0187239654	-0.1617504958	-0.0520985368	-0.0411541262	-0.003111597	0.0637963921	0.0377741464	-0.0348149834	0.0688827936	-0.1153748712	-0.106232386	-0.0688645568	-0.0561282418	-0.0426198288	-0.0410013278	0.0623915117	0.0453862533	0.0686863834	-0.0823940398	-0.0663261933	-0.0941599967	0.0486305791	0.0044272514	-0.0236373423	-0.1006297992	0.0422042466	-0.157958823	-0.011253392	0.0220474989	-0.0649506576	-0.0682448368	0.0160701294	-0.0575814263	-0.1639549702	0.0432987728	-0.0225233198	-0.0880580469	-0.0591196375	0.0017915945	0.0404189058	0.0187341057	-0.0351325183	0.0701166797	0.0105112551	-0.0003317769	-0.1072041009	0.0399793669	-0.0596439164	0.0216239671	-0.0865985408	-0.066508354	-0.0394978367	0.1118563022	0.0	0.0815206899603282	0.0262472446161439	0.0006889178499396	0.0066456228916079	0.2273298185541961	0.0077741452627294	6.043733456601804e-05	0.0516788464038837	0.2049415602463256	0.0152289704536912	0.0002319215410793	0.0420010431161983	-0.006791918334553	-0.0002190954120893	4.61301546632372e-05	4.800279959858021e-08	-0.0007581899857398	1.7971864031999466e-06	5.748520544761182e-07	3.229878967846761e-12	0.0003479288346183	-0.000254080279951	1.2105447395884838e-07	6.455678865997857e-08
559.3814640774337	1.304580442390943	1.7019301306689487	312907.6223534133	723.6266847449363	0.8667307757551725	0.7512222376411632	523635.5788749474	536.869383300177	0.3923502553808475	0.1539387228974163	288228.7347251124	591.7402470871642	539.1739955641749	0.952016	17.988422	0.0362403811570644	0.0195314938110817	-0.0153034676	0.0649489181	0.0530935623	-0.0023631845	-0.0935311282	-0.0321763731	-0.0521825697	0.1154723621	-0.0987163319	0.0872025151	0.0709200005	-0.054608072	0.0795544681	-0.0251330788	-0.1117723348	0.0696537597	0.0311752669	-0.0151881721	0.1067606658	-0.1280444529	-0.1498438163	-0.0763240121	0.0710242776	-0.0775043918	-0.1204909004	0.052851816	-0.1399054138	0.0881134515	0.0301098644	-0.0421993089	0.1307516739	0.0107350656	-0.0114883143	-0.0686900705	-0.0535664495	0.0061026287	0.0326794611	0.0645221587	0.0563232709	-0.0867917529	0.172736787	-0.0341460984	-0.0305478291	0.1533662623	-0.1554063543	0.0698389814	0.1128469017	-0.1259286478	-0.087346789	-0.1846513337	0.0195396338	0.0195825371	-0.0382248323	-0.0653185818	-0.1464695882	-0.0526223077	-0.0088642406	-0.0627363985	-0.1343834171	-0.0865335466	0.0879550087	-0.0197129794	-0.1233825971	0.0654350203	0.0450833598	-0.0040118387	0.0025808777	-0.0404883022	0.0259363212	0.0513169378	-0.0402353746	0.2200273999	-0.1068076306	-0.058367165	0.1130576199	-0.0325975624	-0.0340945295	-0.0240397038	-0.0413140977	-0.0501273983	-0.1411657537	-0.1367222882	0.0378243245	0.0405893612	-0.0710393465	-0.1359604334	-0.0082064296	0.0193341833	-0.0256325607	0.1415314805	-0.0098591374	0.0066572972	-0.1468797707	0.050707377	-0.0076207271	0.0030518094	0.0118547832	-0.0676886369	-0.0247586336	0.0581939467	0.0559508013	0.0861669745	0.1023145123	-0.0435169724	0.0017668511	-0.0063686605	0.0686451208	-0.0341109461	0.0324374017	-0.0684936154	-0.0348711943	0.1097247271	0.0	0.0817700281330786	0.0002493381727503	6.216952439050785e-08	0.0066863375008844	0.2147930028177143	-0.0125368157364817	0.0001571717488104	0.0461360340594506	0.2035752112164033	-0.0013663490299223	1.86690967156962e-06	0.0414428666218032	-0.0069783307526429	-0.0001864124180898	4.869710009328162e-05	3.4749589618123645e-08	-0.0007601090507012	-1.9190649613999404e-06	5.777657689578794e-07	3.682810326072955e-12	0.0006013549159252	0.0002534260813068	3.616277349074043e-07	6.422477868657147e-08
559.4459130839575	0.0644490065237732	0.0041536744419013	312979.72966634296	722.3708723104618	-1.2558124344744783	1.577064870580716	521819.6771625775	537.0838119657913	0.214428665614264	0.0459796526371138	288459.0210757054	591.8941196679195	541.2742237464611	0.911269	17.218496	0.1404840313092019	0.1079775421402977	-0.0390715217	0.0303438911	0.0770911008	0.0651178251	-0.0388032437	-0.0505801502	0.0500617868	-0.0247639764	-0.0458835368	0.1098737887	-0.0647553108	-0.0196953394	0.0097599615	0.0978448544	-0.0129238511	-0.090911403	-0.061588208	0.0262111878	-0.028938717	0.092221607	-0.0270878302	-0.1291462661	-0.0009933702	0.0698914858	-0.1156317626	0.1012434053	0.1070018997	-0.0550391151	0.0740389417	0.0129987403	0.0597972843	-0.0127499651	-0.1544463656	-0.0198220382	-0.081069655	-0.0871495983	-0.0083389695	0.0424926217	0.0185073676	0.0517993647	-0.1403349799	-0.1118503341	-0.0562500552	0.0621327402	0.1396329825	-0.0168253354	0.0991500105	-0.1753561366	-0.0703351678	-0.1319887919	0.1510811139	0.094802839	0.1749077523	-0.0282095274	-0.0175129205	0.0935202465	0.0118184369	-0.065729797	-0.0094572973	-0.072995677	-0.0282501326	0.0019339548	-0.0590553216	-0.0034633671	-0.0645167677	0.0689365305	-0.0806151784	0.0979352997	-0.0108684306	-0.1869524797	-0.0540456174	-0.0096566196	0.0792533088	-0.0864319608	-0.0173133723	-0.0143200841	0.0901385142	-0.0855122548	-0.0044360294	-0.0815313843	-0.0358530589	-0.1722499075	-0.0299970914	0.0106920012	0.0428051423	-0.064529094	-0.1171421707	0.0826322999	-0.0932009693	0.0266087944	0.0551952621	-0.0860534688	-0.071167627	0.0303098776	-0.0902034087	-0.0663485538	0.1278023114	-0.0324056247	0.159386768	-0.1820660343	0.0088409176	0.0343744262	0.1998209007	-0.0404085911	-0.1039625196	-0.0947586775	0.025089089	-0.0059416349	-0.0297269602	-0.0704484286	-0.0301825523	0.1071542885	0.0	0.0817379598822185	-3.2068250860092795e-05	1.0283727132258424e-09	0.0066810940857071	0.1174115961758843	-0.09738140664183	0.0094831383595414	0.0137854829165689	0.2030744681927814	-0.0005007430236218	2.507435757059829e-07	0.0412392396317809	-0.006285374530396	0.0006929562222468	3.950593298735074e-05	4.801883259506944e-07	-0.0007589039425834	1.2051081177999771e-06	5.759351940686285e-07	1.4522855755874036e-12	0.0004441199784321	-0.000157234937493	1.97242555242529e-07	2.4722825568459044e-08
559.2002134810311	-0.2456996029263791	0.0603682948781803	312704.8787572308	720.4989834819243	-1.8718888285375213	3.5039677864035745	519118.7851984862	536.4750730608949	-0.6087389048963132	0.3705630543343626	287805.50401569257	590.9524624541566	542.7488908979942	0.8582769999999998	16.217205	0.1556257887187821	0.1024446173251743	-0.0701556256	0.0396855112	0.1184281328	0.0475075399	0.0353690954	-0.1043110723	-0.0138858246	0.0024042476	-0.0100698782	0.0153259412	-0.0338632429	-0.0546665885	0.1122412594	0.0496843619	-0.0867202252	-0.0231490034	0.0255747878	0.0261950441	0.0357159794	-0.0509050467	0.0049091079	-0.1368344034	0.0263795507	0.0540384006	-0.0789141639	0.0349598344	-0.0907314175	0.0780588245	-0.0147450432	-0.0579605539	-0.0540281409	-0.0637071808	0.0884700335	-0.0269120873	-0.0197679746	0.0129651222	-0.0178479036	-0.004188898	0.0258914206	0.0344126428	0.0477687526	0.0407753547	-0.0952208498	-0.0174906059	0.2025553303	0.0167235887	0.0287296438	-0.0345050661	0.0281872673	0.2049690511	-0.1176278724	0.0342488755	-0.0139158568	0.0662420553	0.0549090722	0.050447752	0.0224586923	-0.1209427298	0.0090191505	-0.0718445428	0.0017821628	-0.1290416882	-0.0711299913	-0.03588732	0.0674854993	-0.0387614208	-0.0117720653	0.0045417671	-0.0136440906	0.0204466965	-0.0543470393	0.0738203175	-0.077942558	-0.0049916756	0.0878833648	0.1469550443	0.0380692368	-0.0181479772	0.0579965542	0.0183476926	-0.0668412774	-0.0320224614	-0.0951769665	-0.030181898	0.0701406949	-0.0951974023	-0.0373631774	0.0902777038	0.0405470042	0.0296689417	0.086618975	-0.0034060843	-0.0416424721	0.1641879577	0.0426538598	-0.1023632168	0.0564415377	-0.0353459074	-0.0456408043	0.0542179155	-0.0635282828	0.1271644961	0.1079222055	0.0132146495	-0.0053296372	-0.0468696059	0.0385275186	-0.1175021	0.0392834773	-0.0723719246	-0.0254402467	0.1041552675	0.0	0.0781010371599677	-0.0036369227222508	1.322720688762418e-05	0.0060997720054626	0.2086264509960216	0.0912148548201372	0.0083201497398587	0.0435249960551954	0.2317282967189555	0.028653828526174	0.0008210418892073	0.0536980035002682	-0.0067688220367338	-0.0004834475063377	4.581695176497311e-05	2.337214913842367e-07	-0.0007600455091714	-1.141566588000009e-06	5.776691760116127e-07	1.3031742748379825e-12	0.0006019345585107	0.0001578145800785	3.623252127294713e-07	2.4905441685384837e-08
558.2161608222383	-0.984052658792848	0.9683596352772732	311605.282203119	720.2989270368779	-0.2000564450463571	0.0400225812045861	518830.5442904775	536.0872867093228	-0.3877863515721174	0.1503782544656138	287389.5789713637	590.3323964380955	538.8166785792002	0.918663	17.358204	0.1488832157752866	0.0823269285107119	-0.050947919	0.0438259884	0.1501766324	0.0182472745	0.1088442037	-0.0113260376	0.0996946013	-0.1384936528	0.0194085335	-0.0377413832	-0.1168390011	-0.0394869226	-0.0026172792	-0.0647566656	-0.0739766749	-0.0571680217	-0.0525594013	0.1423686522	-0.0126040884	-0.0162582424	0.1122804215	-0.0005725293	-0.0599582795	0.0164682252	-0.1168026721	-0.0231322819	-0.0483922548	-0.0728721608	0.0673425956	0.0960003142	-0.0783102301	0.0539786129	0.0152951483	0.0487277287	0.0412509195	-0.0303714895	0.0713445566	0.1445576752	0.0589032588	0.222602014	-0.119795697	0.0753791246	0.0996083344	-0.0423395802	-0.0904190486	-0.0059672086	0.1540909607	-0.0163454601	0.012484001	-0.1045923408	0.0174328865	-0.0165983864	-0.0792082191	0.0944734083	-0.0449368175	-0.0508373373	-0.0354746373	-0.0184837347	0.1620632749	-0.0809994323	0.0314515082	-0.0181820766	0.0106072163	-0.0604367559	-0.0840683604	-0.0976854977	0.0222628491	0.0553965388	-0.1326655417	-0.0902023076	-0.0305391664	-0.0520534975	0.0741533262	0.0941663503	-0.0804919993	-0.029179151	-0.0076231773	-0.0556515819	-0.0427495218	-0.045189414	-0.0871794984	-0.020629548	0.2150663724	0.0954015107	-0.1049907371	-0.0495070482	0.0024093537	0.1515967529	0.085014942	0.0132913174	-0.030587637	-0.0526751028	0.0886530171	0.0745092703	0.0055051365	0.0073609303	-0.0145023087	0.0862487025	-0.0330284842	-0.0263790819	0.1982964592	-0.0114164242	0.1317964769	-0.1313649593	0.001061383	0.0093273827	-0.0373337748	0.0187925492	-0.1213910715	-0.0742632484	-0.0206527093	0.100739659	0.0	0.1167219558153505	0.0386209186553827	0.0014915753577856	0.0136240149693606	0.1525380432752285	-0.0560884077207931	0.0031459094806539	0.0232678546462354	0.2755452167939012	0.0438169200749457	0.0019199224848541	0.075925166497998	-0.0065618230741154	0.0002069989626183	4.305752205599328e-05	4.2848570525093694e-08	-0.0007599833885925	6.212057890005522e-08	5.775747509365388e-07	3.858966322877984e-15	0.0006020128617967	7.830328600008219e-08	3.624194857686528e-07	6.1314045984106655e-15
557.9602315577026	-0.2559292645356663	0.065499788445767	311319.61999992514	720.0619090233577	-0.2370180135202417	0.0561775387330815	518489.1528263622	536.227152637444	0.1398659281211394	0.0195624778491877	287539.55922566063	590.3289818257202	535.8873744902342	0.87187	16.47406	0.1786078992059029	0.1179785454728258	-0.0517448713	0.0836291775	0.1862560881	-0.1039195888	0.1593969589	-0.0052081179	0.0234002982	-0.0926063541	0.1040611489	0.0614446823	-0.1483066267	0.0001757907	0.0426103174	-0.078031389	-0.0382839696	-0.0663011794	0.1551762489	0.2784499411	0.0116761639	-0.1087096563	0.0149840218	-0.0491606086	-0.0197854843	0.1210202488	-0.0857713433	-0.1544232873	-0.0789233192	0.0120676718	-0.0557996788	-0.0565992959	0.044529118	0.0885951996	0.0278749886	0.2271395576	-0.0286355536	-0.0115742081	0.0435081794	0.0133763784	0.0105968162	0.0198825726	-0.0800584139	0.1135788537	-0.0813139957	-0.1930660095	0.0716424982	0.1042904519	-0.0786407665	0.0819401129	-0.0174580647	-0.0344507148	-0.1524797169	-0.0845982604	0.101186609	0.0184276879	-0.0487247748	-0.0366125879	-0.0689859986	-0.0572159787	0.140050371	-0.1009088905	-0.0650922199	-0.0675876369	0.0956187987	-0.0773055781	-0.0303605921	-0.069701387	0.1249345962	-0.0122478137	-0.0827064279	-0.0774110228	-0.0277527802	0.1299489286	-0.1212455694	0.029996912	-0.0986260246	0.1242271313	-0.063364078	-0.0210806383	-0.0966726342	-0.0905092306	-0.1017437097	0.1165105456	0.1964076913	-0.0562119017	0.1607903024	-0.1083085817	0.0885469314	0.1359845002	0.1299397915	-0.1049877277	0.0187746581	-0.039645174	0.0779670993	0.0907005806	0.1237909147	-0.0100569359	-0.1273350442	0.085679078	-0.1244575315	-0.0111436796	0.0850594297	-0.0060527661	0.1335453865	-0.2119105615	0.0026776575	0.0349566558	0.0234097949	0.0523526592	-0.0140747765	-0.0761215592	-0.0158284522	0.0969211244	0.0	0.1164093087778184	-0.0003126470375321	9.774817007759939e-08	0.0135511271701294	0.2602579993002649	0.1077199560250364	0.0116035889260357	0.0677342261997766	0.3126497790184857	0.0371045622245844	0.001376748537878	0.0977498843203079	-0.0068009496477916	-0.0002391265736761	4.625291611179668e-05	5.718151823811888e-08	-0.0003320599271336	0.0004279234614589	1.1026379520797173e-07	1.8311848886696666e-07	0.0006043775050366	2.3646432398999632e-06	3.652721685942656e-07	5.591537652004595e-12
557.56844100113	-0.3917905565725732	0.1534998402194467	310882.56640043063	720.0048302590685	-0.0570787642891446	0.0032579853327757	518406.95559639006	536.4528964052106	0.2257437677666303	0.0509602486854743	287781.7100615396	590.1529784331829	532.6227016222583	0.8745119999999998	16.523977	0.0388394728752899	0.0231517797921217	-0.0010299284	0.0492544396	0.0975716988	-0.053291382	0.1000488271	0.0427895133	0.0012710984	-0.071884495	0.0741284258	-0.0354567137	-0.1085073735	-0.0591193484	0.0344973345	-0.135504901	0.0137153382	0.0457243422	-0.0038927627	0.0577691545	0.0156291675	-0.0438527242	0.0162167897	0.0431908444	-0.0553165624	0.0982883953	0.0092158371	-0.0944118857	-0.0277785076	-0.1785061881	0.006789148	-0.0088043448	0.0349251963	-0.0057998862	0.0530827822	0.0689043912	0.1097938623	0.0092814476	-0.0191987017	-0.0148514343	0.1401217237	-0.0706815665	0.01305684	0.0116623702	0.1152416029	0.0464863294	0.008990662	-0.0347253673	-0.0391305346	-0.0303063408	0.2007156119	-0.0439129801	-0.0665456463	-0.0187930571	-0.0479322871	-0.1336203457	-0.0238405804	0.1489672972	-0.0799592473	0.0266716485	0.1142858028	-0.0474954429	-0.0653091267	-0.0458420295	0.0886697304	0.0044115543	-0.1036494381	-0.0740808992	0.0085777871	-0.0077781733	-0.1149884035	0.0681470728	0.0250148206	-0.0137174915	-0.103267716	-0.0115168408	0.1364747071	-0.074719044	-0.0399233228	0.0226399776	-0.1884294224	-0.0272650051	-0.0191756149	-0.0544589312	-0.0089135714	-0.1114179609	0.039507673	-0.076021737	0.0597066107	0.0913724259	0.0925689088	-0.0360354515	-0.0565860541	-0.0235276887	0.0359678059	0.0912103162	0.0066831879	0.0321773105	-0.1759429233	0.0163763458	0.0268356285	-0.019199289	0.0369306991	0.0916322068	0.0134005537	-0.144874253	-0.0386440301	0.0187452862	-0.0921642626	0.014331197	0.0524381176	-0.0779460309	-0.0109760526	0.0927149366	0.0	0.1144216713618391	-0.0019876374159792	3.950702497400842e-06	0.0130923188772367	0.2407424087045768	-0.019515590595688	0.0003808582762985	0.0579569073488814	0.3040865021041981	-0.0085632769142875	7.332971151077093e-05	0.0924686007619664	-0.0067724959345803	2.845371321129938e-05	4.586670118390669e-05	8.096137955108729e-10	-0.0001860536646198	0.0001460062625138	3.4615966118457015e-08	2.131782869324868e-08	0.0006053768882982	9.993832615999823e-07	3.664811768856114e-07	9.98766903566219e-13
559.1084928068673	1.540051805737221	2.371759564354475	312602.3067287668	726.3780847284385	6.373254469369954	40.61837253134409	527625.1219737545	536.6776997028011	0.2248032975904834	0.0505365226075554	288022.95335829	591.4263376718039	538.228334503287	0.963491	18.205235	0.0515392017554924	0.0272165119848396	-0.0370021538	0.0636260395	0.075344182	-0.1895769854	-0.0849237521	0.2177369398	-0.1609375409	-0.0187043506	-0.0544725155	0.1021399073	-0.0810184665	-0.1421557506	0.0247525971	-0.0904553115	0.0179436605	0.0574902302	0.1740325253	-0.0187705881	0.0174449053	-0.2446979651	-0.105999678	0.153594096	-0.1570571293	0.1501035753	-0.1537522173	-0.0204420804	0.0987422931	-0.0152671626	-0.0115590827	-0.22417463	0.1342629857	0.0092795268	-0.0659360553	0.0050874518	0.0199534605	-0.0762340876	0.145778446	-0.063601376	-0.0207560147	0.0520872117	0.1512963408	-0.0200014191	-0.0033102142	-0.1637304691	-0.1036951417	0.0279184602	0.078436322	0.0006300765	-0.1179302216	0.1234117681	0.0323864497	-0.1919415552	0.0815067198	0.0314748632	-0.1210857708	0.0254300313	-0.2661281835	0.0420569249	-0.0086968512	0.0205885619	-0.017018348	-0.1982275996	0.0221427801	0.0086706059	-0.0872897402	-0.0368737901	-0.0805178292	0.0426868012	-0.0463404105	0.0156860206	-0.0683076971	0.2120940598	0.0220406951	0.034507361	0.0282345552	0.0390067592	0.0129427734	0.018076908	-0.0897517195	0.1316848662	-0.049308999	0.0346318317	0.044282515	-0.0353814029	0.1982693397	-0.1051735555	0.1218374291	0.1382942314	0.0976780581	-0.0548061741	-0.1585298189	0.0115737836	-0.0142137512	0.0360991086	0.0280181394	0.0479691653	-0.0945036125	-0.0594244128	-0.1068144599	-0.0134730226	-0.163569799	-0.0469679321	0.174821401	-0.0698545588	0.0542814505	0.0527889153	0.0092554945	0.0152735048	-0.0467493011	-0.0797358525	-0.006104138	0.0881379191	0.0	0.1140480562714429	-0.0003736150903961	1.395882357717594e-07	0.0130069591392942	0.2525383076684449	0.011795898963868	0.0001391432323657	0.0637755968400421	0.3180594238872913	0.0139729217830932	0.0001952425431564	0.1011617971235156	-0.007020930946052	-0.0002484350114716	4.929347134923063e-05	6.171995492494344e-08	-0.0004441255781419	-0.0002580719135221	1.972475291598769e-07	6.660111254895825e-08	0.0006039484949293	-1.4283933688999948e-06	3.6475378452736673e-07	2.0403076163174765e-12
559.3052895578853	0.1967967510180415	0.038728961211257	312822.40692742995	721.736285965839	-4.641798762599478	21.546295752470048	520903.2664797633	536.4055194061582	-0.2721802966428868	0.0740821138806098	287730.8812493904	590.6860475463308	545.746357909296	0.881569	16.657316	0.1187096796719676	0.0682917422438682	-0.0879867994	0.016458319	0.0073988762	-0.1427974685	-0.0678058132	0.0453352413	0.0009933978	-0.1178901263	-0.0754462866	0.0450034288	-0.0410903735	-0.0119267655	0.0471674462	0.0913818758	0.1544590797	-0.0461599486	0.0601011106	-0.0237852512	-0.0503387934	-0.0412929308	-0.1346018811	0.082454554	-0.0708918543	0.0426972747	-0.1152333227	-0.0918378672	-0.0615448216	0.0511670682	0.0469736142	0.0634468535	0.0571630689	-0.0458072549	-0.1252620333	-0.0679041532	0.0822298483	-0.1456705261	-0.1192616648	0.0328480393	-0.0400074763	0.1407043093	0.0468787473	-0.0077841852	-0.1153929498	-0.040719928	0.1251123813	0.0289701536	0.1586225518	-0.0118237328	0.0571420963	-0.1266519076	-0.04444463	0.0171220907	-0.0503928939	-0.084593448	0.0093581793	-0.0732834272	-0.1512253232	-0.0424385371	-0.0425364012	-0.026788113	0.0166004469	-0.0357014423	0.1320775726	-0.1298784706	0.0123963514	0.0089086194	-0.0797655734	-0.0036890596	-0.0115762769	-0.0330683692	-0.023249816	0.0439166981	0.0567174151	0.0336405772	0.0791010681	-0.1342530867	-0.0335754815	0.0362094416	0.0318846783	-0.1569743288	-0.1729173299	-0.0741896676	-0.0703697319	0.0435618877	-0.0426607605	-0.0703737488	0.0804954514	0.1278921747	0.0358231338	-0.0525119737	-0.1064483746	-0.0167841753	-0.0247573005	-0.0407784263	-0.0360219601	-0.0431291027	-0.0452957859	-0.0340738584	-0.0361186739	-0.0910862146	0.0346024265	-0.105573533	0.0653848092	-0.0451965148	0.0304461161	-0.0250478994	-0.035442361	-0.1255990621	0.0543985072	-0.0814902283	-0.0012213705	0.0832083783	0.0	0.1157258056080223	0.0016777493365793	2.8148428363926016e-06	0.0133924620836257	0.2014626865204292	-0.0510756211480156	0.0026087190756556	0.0405872140600287	0.2799140163378837	-0.0381454075494075	0.0014550721171104	0.078351856542405	-0.0067319795042541	0.0002889514417978	4.531954804569728e-05	8.349293571708488e-08	-0.0003459670623704	9.81585157715e-05	1.1969320824520426e-07	9.635094218463813e-09	0.0004348404197394	-0.0001691080751899	1.890861906391376e-07	2.8597541094432873e-08
558.5988574438045	-0.7064321140808261	0.4990463318047052	312032.6835375238	722.8859803826023	1.149694416763282	1.321797251936663	522564.140633716	536.4953803487343	0.0898609425761378	0.0080749890006719	287827.2931355331	590.6145281529689	543.1758890406668	0.8216299999999999	15.524761	0.0769544930922288	0.0368562748426342	-0.0735155329	0.0359007993	-0.0126823947	-0.1586718046	-0.0574025318	0.0869489589	-0.0591411656	-0.0936091	-0.0277551681	0.0261112307	0.0464874306	0.0286770471	0.0364103096	0.2473654243	0.1004841342	-0.0098727753	0.1736447901	0.0076989223	0.0406462937	0.1020565637	-0.1090919236	0.0880666682	-0.0050307877	0.0473086047	-0.0362933574	-0.1645208519	-0.0488810036	0.0964369635	0.1311579925	-0.0420383231	-0.0182931924	0.0888995625	-0.0461302296	0.126294685	0.0794097499	-0.106613035	-0.1382071158	0.0951267646	0.041785931	0.0201822817	0.0030052392	0.0497676455	0.0869840289	-0.0819012927	-0.18338543	-0.0594051143	-0.1452032847	-0.0198822572	-0.0180655362	0.0072623144	0.0135318025	0.0977575324	-0.0913602962	0.0422037605	0.133794422	-0.1548169344	-0.1729648983	-0.0162779775	-0.0539489024	0.0228125617	-0.0199446146	0.0117056031	0.067387471	-0.2109889757	0.0594452913	0.0925806093	0.0382089232	0.1648632714	0.0628284362	0.0460544201	0.0547330699	-0.0308919161	-0.1231526389	0.0347496242	-0.037306596	-0.1554554433	0.1084706945	-0.1530416612	0.1812402311	0.060445635	-0.0855768192	0.0885323783	-0.0161924504	0.0100172731	0.0575314624	-0.0514200468	0.0478749834	0.0994625955	-0.0059856533	-0.135208135	-0.0959219586	-0.0247218922	-0.0555636699	-0.0401429015	-0.0275205599	-0.0908433861	-0.0145898342	-0.1226819298	-0.0916423766	-0.0516626405	-0.0326544814	-0.0314996313	0.1186877551	0.0967206362	-0.0285388633	-0.1262853054	0.0399162573	-0.0264426731	0.0283301642	-0.0832083783	0.0036635686	0.0779460309	0.0	0.1232723744462021	0.0075465688381797	5.695070122938631e-05	0.0151960783016046	0.2284899475946673	0.027027261074238	0.000730472841175	0.0522076561518138	0.2602918833998728	-0.0196221329380109	0.0003850281010369	0.0677518645638529	-0.0064479542892999	0.0002840252149542	4.157611451690098e-05	8.067032272977981e-08	-0.000470758945797	-0.0001247918834266	2.216139850479028e-07	1.5573014169158132e-08	0.0003884869132842	-4.63535064552e-05	1.5092208179308553e-07	2.1486475606922678e-09
560.0051778492627	1.4063204054582457	1.9777370828082448	313605.7992179844	722.8035898650375	-0.0823905175648178	0.0067881973845985	522445.02952178527	537.2447282243484	0.7493478756140348	0.561522238687267	288631.8980048539	591.8670557909396	545.8096413852907	0.99515	18.803434	0.1878528055757683	0.1008475504987976	-0.1002022613	0.0422999809	0.0853543313	-0.1172654095	-0.0519640316	0.0145397439	-0.0056379956	-0.0500583853	-0.0142249862	0.1006328046	0.1109600416	-0.0378003498	0.0552312067	0.1220784778	0.0306637518	0.063209984	-0.0167434471	0.1768832528	-0.108884772	0.1372141372	-0.1666369077	-0.0473341168	-0.0274545575	0.0517809316	-0.0857826602	-0.0769013679	0.0452858763	-0.0986945861	0.026006649	0.113677334	0.2076613034	-0.0222587207	0.1008243544	-0.0020998121	-0.0760551739	0.071500687	-0.1085004231	0.0840239344	0.014481238	0.089434469	-0.028441289	-0.1039826137	0.2285483594	0.0189518737	0.0302662761	0.012189246	-0.0032726927	0.0270777117	-0.0149344523	0.2118954304	0.0073161159	0.0013176117	-0.1218108587	-0.0757079188	-0.0911402483	-0.0060139801	-0.1149873001	-0.0975021861	-0.078801888	-0.028797447	-0.0385540671	0.0592512517	0.0779339911	0.041642374	-0.0050308531	-0.0481269811	0.0077891502	0.2911535704	-0.0631957742	-0.0343891265	0.0678259492	-0.0517586924	-0.058992221	-0.0710109223	0.0241482448	-0.0358803435	-0.132043036	-0.0184843646	-0.0135785932	-0.0055028426	0.130642305	0.0163258214	-0.0561914128	-0.0826448224	-0.0794550399	-0.1012408064	0.1290549275	0.1238369331	0.0717225377	-0.0312734994	0.0129330653	0.0828854369	-0.1456688221	-0.0339039988	0.0475569755	0.0152384301	-0.181794765	0.0223003956	-0.0320539035	-0.048223065	-0.0016328124	0.0235962663	-0.1524469964	0.0168323849	-0.1085531967	0.1390387532	0.0077531672	-0.0891140414	-0.0174637718	-0.0848895389	0.0085419939	0.0723719246	0.0	0.1321197530491531	0.008847378602951	7.827610814395539e-05	0.0174556291457692	0.3003241495094357	0.0718342019147684	0.0051601525647317	0.0901945947785658	0.2887323418556917	0.0284404584558188	0.0008088596771771	0.083366365233472	-0.0074625316369421	-0.0010145773476422	5.568937843236174e-05	1.0293671943486829e-06	-0.0001282629263961	0.0003424960194009	1.6451378287691363e-08	1.1730352330546169e-07	0.0006060288782857	0.0002175419650015	3.672710013162239e-07	4.7324506536713854e-08
560.3252638805119	0.3200860312491613	0.1024550674008391	313964.4013427653	722.8813482799062	0.0777584148687537	0.0060463710829012	522557.4436909751	537.0640304414353	-0.1806977829130573	0.0326516887496944	288437.77279399894	591.6871503585425	548.6361487725368	0.961123	18.160498	0.1809743588772599	0.1067551132991194	-0.1239050395	0.0408979195	0.1200178818	-0.0943157226	-0.0094166297	-0.0004386538	-0.0559620637	-0.036742799	-0.0814587404	0.0287063775	-0.0884160418	-0.0884947552	0.0793627517	-0.0163308	-0.0093475362	-0.0459248574	-0.0518407389	0.1576573112	-0.1065733657	0.0737715094	-0.0133545006	-0.0592631784	-0.1294096589	0.0712085189	-0.1419846479	0.0277002036	-0.0308514673	-0.0118947777	-0.0729835335	0.0137432573	0.0403726166	0.0468808387	-0.0458253725	0.0674416398	0.1460810858	-0.124894841	-0.0154935503	-0.0961915137	0.0218031765	0.1443306901	-0.0067681039	0.016740399	0.0119598009	0.057175462	0.005720699	-0.109843427	0.0240688475	0.0206318659	0.057690536	-0.1194432513	-0.0971499143	-0.1449912989	0.0368568588	-0.0508982745	0.1402097039	-0.0534683531	-0.0942941741	-0.1131857154	0.0188856172	-0.0528415083	0.0444689134	-0.1213019883	0.0081523679	-0.0059917327	-0.1031752877	-0.0650333067	-0.1611980926	0.0456432608	-0.0058874348	-0.0618499309	-0.1012106702	-0.0349387094	-0.0916183783	0.0632533775	-0.0056734643	0.0397693841	-0.0125469101	0.0953928559	0.1040770338	0.031952278	-0.094830536	0.0196671523	-0.0339705018	0.2085918035	0.0065710539	-0.0324956475	0.0869209324	0.2280413423	0.1265046598	0.0521573392	0.00550637	0.025077954	0.0051848193	-0.07253178	0.1112628585	0.1079411527	-0.0525648557	0.0008393675	-0.0020967454	-0.1510944951	-0.1670431626	0.0311345289	0.0755007882	-0.0394081272	0.016151172	-0.0154464052	-0.0890329789	-0.0488578143	-0.0126170215	-0.0865329627	0.013405232	0.066508354	0.0	0.1500733349611778	0.0179535819120247	0.0003223311034717	0.0225220058663698	0.2055571979981607	-0.094766951511275	0.0089807750987403	0.042253761648855	0.3266051598900219	0.0378728180343302	0.0014343503458614	0.1066709304667867	-0.0071729343624397	0.0002895972745023	5.145098736786823e-05	8.386658139921839e-08	-0.0004441713592135	-0.0003159084328174	1.972881963455681e-07	9.979813792514574e-08	0.0006039144372129	-2.114441072800029e-06	3.647126474741737e-07	4.4708610503437376e-12
560.5370172864178	0.211753405905938	0.0448395049127649	314201.74774835387	721.6936808074203	-1.1876674724859413	1.410554025201144	520841.7689173626	537.0332694327477	-0.0307610086875911	0.000946239655478	288404.7324776262	591.2646278032016	552.6360683837347	0.87907	16.610092	0.0530756698410019	0.0275362602966237	-0.1656950355	0.0174381347	0.1737015961	-0.044162221	0.135269379	-0.0825335414	0.010723119	-0.0846163472	-0.0394384366	0.0523419548	-0.0649717137	-0.0289258245	0.0254163256	0.0059843738	-0.0550507987	0.0024677493	-0.0016554988	0.1299919976	-0.1245486664	-0.0169771458	0.0474707723	-0.1277064905	-0.1311471136	0.023277997	-0.1969365267	-0.0565260589	-0.1095844913	-0.1080639056	-0.0292081126	-0.0766619559	-0.090455573	-0.1408246269	-0.1053629962	-0.0306024535	-0.0387765303	-0.0361656968	0.072062629	-0.0735863625	-0.0647120109	0.0906636932	-0.0267683656	0.1071669386	-0.0027683824	0.0615484347	-0.0844796086	-0.1641219976	-0.1918490459	-0.0176464841	-0.0232039408	-0.0686471801	-0.1063746375	-0.1228947739	-0.1071844595	0.0630843457	0.1287404624	0.14281014	-0.042068551	-0.1722636763	0.1270560562	-0.069961016	0.011674183	-0.0406033874	0.0360425422	-0.0416597838	-0.1110847719	-0.103006729	-0.0564257032	-0.0012068632	-0.0861481681	-0.0234676531	-0.1177707947	0.0064078999	0.0017500384	0.145473163	5.52376e-05	0.0458445296	0.0181595708	-0.0225191668	0.1276969447	-0.0945618406	-0.0100226146	0.0801887275	-0.1359001447	-0.0767761122	-0.0622130321	0.0077008718	0.0516459664	0.2487909608	0.1271484278	-0.0195482365	0.0845218998	-0.0367982383	0.1034901387	-0.0663332147	0.108524616	-0.0108269161	-0.0248077589	0.0085128606	-0.0996693981	0.0470515273	-0.1293435729	0.0610353792	-0.0860958198	0.0485760731	-0.0501080028	0.0569879758	-0.0108531283	0.0643253024	0.0465288452	-0.0881379191	0.018244636	0.0603787714	0.0	0.145473665036576	-0.0045996699246018	2.1156963415286444e-05	0.0211625872191739	0.1881602155459489	-0.0173969824522118	0.0003026549984425	0.0354042667142979	0.3120373444984636	-0.0145678153915583	0.0002122212452825	0.0973673043616528	-0.0071779888233821	-5.054460942399697e-06	5.152352354859834e-05	2.554757541824403e-11	-0.0004901708333509	-4.599947413739993e-05	2.402674458679157e-07	2.115951620917325e-09	0.0003247443308401	-0.0002791701063727	1.0545888041278433e-07	7.793594829220045e-08
558.1598333453989	-2.377183941018984	5.651003489438549	311542.39956016344	716.8505184994731	-4.843162307947182	23.456221141120277	513874.6658729634	534.924636493343	-2.1086329394047425	4.446332873142684	286144.3667275351	588.9661471831492	545.7906985353645	1.040618	19.662565	0.1111588359983719	0.0552808327488757	-0.1312672328	0.0190506019	0.0642575333	-0.0174850666	0.1548072452	-0.0056118323	-0.0139452353	-0.1664056731	0.0467046845	-0.1938920451	-0.1668749713	-0.0373881052	0.1009468185	0.0552784689	-0.0436132765	0.1098139222	0.1375241005	-0.0043389301	-0.1027424795	-0.0842722382	0.075755097	0.0519602937	-0.0840163265	0.012295724	-0.0545124536	-0.0317534703	-0.1375743852	-0.0598706335	0.0046379707	0.096440802	0.0836198037	-0.0885942255	0.0969683351	0.0326709566	-0.106387172	0.0145215455	-0.0774599292	-0.1340544772	-0.0179341333	-0.0488601527	0.0139696343	-9.07227e-05	-0.0918398504	0.0171030913	-0.1138293191	-0.0141241754	0.0625054318	0.0563580224	0.0743278203	-0.088210465	-0.1488167279	-0.0166534643	-0.0290311189	0.132045551	-0.1470963962	-0.0895104297	-0.087870696	-0.0317467109	0.1526652699	-0.0281215418	0.0416820561	-0.012093382	-0.0320103741	-0.1618430278	-0.0205211146	-0.1660186304	0.0375263409	-0.0090004184	0.0126046685	0.0501421372	0.1918592661	0.0969007198	-0.0109078817	0.0871408805	-0.0219777318	-0.0790374244	0.0075338778	0.1270694289	0.0459619674	-0.0896932009	-0.1136130578	0.2375727617	-0.0279046641	-0.2120309904	-0.1959464861	0.0087184861	0.0254211459	0.1908895067	0.0118930731	-0.0564771039	0.0575834033	0.0456149618	0.096240733	0.051667106	0.0217879765	-0.0991979384	0.0803830391	-0.1671784835	0.0630759629	0.0785601219	0.015340145	-0.0814649164	-0.0081661552	0.2490298308	-0.0536373577	0.030078089	0.0167801382	0.3574712331	0.1312783215	-0.0897036946	0.0230516017	0.0540076933	0.0	0.134195361082277	-0.0112783039542989	0.0001272001400855	0.0180083949360027	0.1684540320685243	-0.0197061834774245	0.0003883336672459	0.0283767609201434	0.2758069395738403	-0.0362304049246233	0.0013126422410021	0.0760694679170879	-0.0066244571530169	0.0005535316703652	4.388343257215677e-05	3.063973100972888e-07	-0.0007388300502975	-0.0002486592169466	5.458698432226064e-07	6.183140617249631e-08	0.0002480563453114	-7.668798552870002e-05	6.153195044924853e-08	5.881047124450104e-09
560.990742519158	2.830909173759096	8.014046750073408	314710.6131921962	721.408282828266	4.557764328792928	20.773215676817248	520429.9105332274	536.910987325234	1.986350831891059	3.9455896273543023	288273.4083105576	591.5289876357976	554.7847323460112	1.13177	21.38488	0.1170727624804065	0.0623968609286689	-0.1710394175	0.0090198442	0.0026152849	-0.0125320073	0.0058793825	-0.0601707098	0.0274114987	-0.2174575443	-0.2570162638	-0.0171921617	-0.1145289978	-0.0756498528	-0.0215155362	0.083878239	0.1700245995	0.0404243932	0.0712062729	-0.1090119825	0.0697630179	0.2272849344	-0.0372023164	0.0626279693	-0.0642620679	0.0139537591	-0.2334525847	0.0053461173	-0.0861037497	0.1794281545	-0.0025145499	0.106516301	0.1048196065	-0.0344493841	0.1040194827	0.077975267	0.1036558686	0.1383035813	-0.0309665478	-0.014998038	0.07827843	-0.1120935331	0.0473578882	-0.0462315887	-0.1185309805	0.0482585198	0.049107609	-0.1489653252	-0.0444996454	-0.017658368	0.0424386707	-0.1424054596	0.0920726518	0.0418135161	0.0019670692	-4.82717e-05	-0.0609680856	-0.0588818063	-0.100273286	-0.1109641905	-0.009515884	-0.0583537584	0.1862615986	-0.077499302	0.0639944896	-0.158376103	0.0591723934	0.0214453748	-0.1241732835	-0.0227013745	-0.0182322192	0.0055832955	0.1186110913	-0.0385058767	-0.0844926506	-0.3208290148	0.0990262612	-0.0061705062	0.0328240355	0.1224765022	-0.0370430141	-0.0948726617	0.1131186156	0.0535476345	0.0834870294	0.2687223743	0.0535355786	-0.0428106023	0.0825896198	0.1384893692	0.0471270446	0.0913967794	-0.1086521003	0.143431641	0.0205104393	0.0053337421	-0.0268498481	0.0108340985	0.0645670571	-0.0539737336	0.1531019242	-0.058436525	0.0079463681	-0.1989871012	0.0908861787	0.0527198714	0.1153719402	0.0142482013	0.0957339821	-0.085907838	-0.1165336621	-0.0912295932	0.0278175825	0.0474206018	0.0	0.1306294030563322	-0.0035659580259448	1.2716056642800203e-05	0.0170640409428536	0.2067133672056371	0.0382593351371128	0.0014637767251339	0.0427304161814925	0.2859992816183876	0.0101923420445473	0.000103883836353	0.0817955890862337	-0.0070830638238662	-0.0004586066708493	5.016979313296207e-05	2.103200785474782e-07	5.330158009653197e-05	0.000792131630394	2.841058440787013e-09	6.274725198707073e-07	0.0001976921010987	-5.036424421269998e-05	3.9082166836818635e-08	2.5365570951164837e-09
561.0013085281398	0.0105660089818684	0.0001116405458049	314722.4681702851	723.1665895134616	1.7583066851956346	3.091642399203661	522969.9161885316	536.7698494788443	-0.1411378463897108	0.0199198916835256	288121.8713095412	591.0618126921602	560.5398711790317	1.046725	19.777948	0.0881241577628224	0.0534840044549458	-0.2078033224	-0.0199723963	0.0093460202	-0.0056204706	-0.0008270396	-0.0242075024	0.0616946573	-0.1424955965	-0.0844641056	0.0762906478	-0.0934884813	-0.1766557658	-0.0099607283	0.0229625037	0.0567952557	-0.0795373729	-0.126717809	-0.0060447715	-0.125238764	0.0312265441	-0.056128954	-0.0384583486	-0.0587522834	0.028750533	-0.0805124657	0.0027380506	-0.0421895017	-0.0612566916	0.0129238545	0.0414089341	0.0714636908	-0.1408366168	0.0281670694	-0.1155663076	0.0759124673	0.0115086581	0.104562294	-0.0229267939	-0.0489715233	-0.0345180209	0.0235589591	-0.175368536	0.0788317073	0.0567497452	-0.0354770505	-0.1622075725	-0.0904286355	0.067607135	0.1338436079	0.0801497317	-0.0299848668	0.0256988089	0.06603254	0.1012585982	0.0336257563	0.0389537815	-0.1039574764	-0.1140625775	0.0529602948	-0.0670891818	0.0308870813	0.063710191	0.0368308418	-0.0204373697	-0.1427851585	-0.0850050187	-0.0976992581	0.0660010826	0.0807891225	0.0350977637	-0.0634957167	-0.1136919144	0.0008925702	-0.1677790645	0.1183318542	0.0876456785	-0.0629578308	0.023639423	-0.0331283102	0.0336638098	0.1216074661	-0.0732946231	-0.2063404094	-0.05486419	0.0573756155	0.0006140001	0.0755251274	0.1893966908	-0.036540055	-0.0130696927	0.033660513	-0.0275054872	0.0079236411	-0.1914110551	0.0515583443	0.1367798676	0.10805059	-0.1677977887	0.0946791934	-0.0270641176	0.0463341953	-0.0600186263	-0.0209877826	0.0228108043	-0.0308533833	0.0379362721	-0.0033009737	-0.0128635341	0.002162106	-0.0927149366	0.0325341047	0.0406438432	0.0	0.1404964783244935	0.0098670752681613	9.735917434756042e-05	0.0197392604215848	0.179929735566418	-0.026783631639219	0.0007173629237853	0.0323747097410011	0.2850285879464422	-0.0009706936719454	9.422462047548646e-07	0.0812412959467427	-0.0062730288659709	0.0008100349578952	3.935089115330415e-05	6.561566330124401e-07	-0.0001380947927021	-0.0001913963727986	1.9070171771435968e-08	3.66325715204729e-08	0.0001890682881227	-8.623812976000025e-06	3.57468175736483e-08	7.43701502450264e-11
558.4930076353237	-2.5083008928161235	6.291573368902162	311914.4395775497	719.3989997884559	-3.767589725005792	14.194732335969215	517534.9208966307	536.1241430905786	-0.6457063882656939	0.4169367398471271	287429.09680460725	590.2189156347142	544.7712414597191	0.970917	18.345547	0.1088735661755457	0.0677368834674201	-0.1111361374	-0.0202402147	0.0089669424	-0.0031056858	-0.0115067474	-0.0372230552	0.0304563236	-0.0538377328	0.1245162457	0.0036052128	0.0557012298	-0.127852457	0.0620001235	-0.0298964356	-0.0067658478	0.1249663746	0.0477235696	0.022566632	-0.0098445571	0.0521364674	-0.0739450839	-0.1424471909	-0.0981866999	-0.0065862491	0.0400614113	-0.1399566808	-0.013110845	-0.1149394479	-0.040346856	0.0052009159	-0.0018381065	-0.2079315902	0.1346641462	0.1396382618	0.0009018633	-0.175647122	0.1743153626	-0.092717274	0.0131720607	0.0104267891	-0.0187541856	0.0002242223	-0.1080585123	-0.0078374128	0.102073989	0.1045941835	-0.0804860418	0.0317655429	-0.069096686	-0.0113195495	-0.0297868854	-0.0353500012	0.0150570767	-0.0423148894	-0.0565380907	-0.0222692567	-0.0268094349	-0.1026637837	0.0108698243	-0.0033714698	-0.0791043587	0.1262212748	0.0456993652	0.0482656514	-0.0212596883	-0.2232022178	-0.0601470892	0.1344254624	-0.0200532303	0.198792735	-0.0045605265	-0.015695987	0.003518086	0.0979327056	0.0272159111	-0.0706354173	0.1242581932	0.1121633703	-0.0459898831	-0.0258334147	0.0049655194	0.1025249439	0.0748048089	0.0910978441	0.085043995	0.0032602998	0.0638108614	0.1529346417	0.035994418	0.0027678409	0.0392359871	0.1109438732	-0.1397236416	-0.0250991472	0.0637286316	0.1166810832	0.0103709963	-0.1504713171	0.0243714219	0.1167414022	0.1373483519	0.0559605227	-0.1539100509	0.0085325257	0.0631212563	-0.055413324	-0.0076749694	-0.0262912028	0.1422784213	-0.0941590645	0.0371927824	0.0337045224	0.0	0.1392111671603402	-0.0012853111641532	1.652024788697074e-06	0.0193797490621441	0.2297481629934168	0.0498184274269987	0.0024818757112991	0.0527842183988496	0.3014171588543632	0.016388570907921	0.0002685852564039	0.0908523036518364	-0.0069790538189478	-0.0007060249529769	4.870719220776987e-05	4.984712342260339e-07	-2.263833365234724e-05	0.0001154564590497	5.124941505549975e-10	1.3330193936307232e-08	0.0001829245666199	-6.1437215027999815e-06	3.346139707307823e-08	3.774531390396687e-11
558.0529439560361	-0.4400636792876184	0.1936560418281559	311423.08825799875	721.4720144453751	2.073014656919213	4.297389767801882	520521.8676278675	535.3113101014997	-0.8128329890789701	0.660697468135053	286558.19872258394	589.7139397491902	536.1245626908028	0.910467	17.203354	0.1101476255721089	0.0798224801192922	-0.0470458917	-0.0071697438	0.0466650237	-0.01568801	-0.0958331859	-0.041401699	-0.04409007	-0.0496512518	-0.1124148322	-0.0466487166	0.008160652	-0.1841482414	-0.0829380896	-0.0399717244	-0.0466925894	-0.008341924	-0.0621904351	0.0508023157	0.0080273062	0.0691493084	-0.072107576	0.0008746994	-0.163119843	-0.1607015639	-0.0786626635	0.0457592905	-0.1008993836	-0.0088010003	0.0683812367	0.0241650452	0.0013131185	-0.1401937939	0.0327288587	-0.0644828514	0.0024491209	-0.016396531	-0.0573942894	-0.0650092231	0.1075800746	-0.1205587092	-0.0355541245	-0.0056438423	0.0603285376	-0.037476223	0.0307718352	0.1821984968	0.0621405968	0.0498219281	-0.0133665564	0.0882358494	-0.0414562335	0.0097673057	0.1387170729	-0.0621135717	0.0623456544	-0.1635162502	-0.0480380053	-0.0811376355	-0.0351052848	0.0253336844	0.128043341	0.0311962192	-0.0346492866	-0.0138749489	-0.1914100696	-0.1597829981	0.0068095473	-0.006853566	-0.0017302107	0.1327226942	-0.0101575837	0.0047983671	0.0530433566	-0.0501367767	0.0514457467	-0.0690580906	-0.0497176541	0.0944034908	0.0706322183	0.0247857766	-0.0006812414	-0.0477781136	-0.0399238762	-5.81894e-05	0.0196808252	0.0247614918	0.007523561	0.1880364701	0.014569718	0.131358478	-0.0313362705	-0.0224401173	-0.0969470934	-0.1216807147	0.0243694139	0.0954919786	0.0784681127	-0.0528421411	0.0755666015	0.00204835	0.1186238638	-0.0888462937	-0.0411247411	0.1362643287	-0.0304142903	0.0625772302	-0.0902068352	0.0829900272	0.0364031338	-0.0955613349	0.0417853327	0.0266303944	0.0	0.1399093542878944	0.0006981871275541	4.874652650823547e-07	0.0195746274172555	0.1539125033694262	-0.0758356596239906	0.0057510472706057	0.0236890586934436	0.2922150862199117	-0.0092020726344514	8.467814076972111e-05	0.0853896566145104	-0.0067370298415893	0.0002420239773584	4.538757108646475e-05	5.85756056164276e-08	-0.000254069731242	-0.0002314313975896	6.455142833338212e-08	5.3560491790299937e-08	0.0001681458178458	-1.47787487741e-05	2.8273016059032955e-08	2.1841141532796227e-10
559.75443029037	1.7014863343339357	2.895055745925134	313325.0222296967	720.8046293752395	-0.6673850701355377	0.4454028318398166	519559.3137287764	537.0464412878056	1.735131186305921	3.0106802336913923	288418.8800998964	591.637066802699	541.1093444880817	0.999027	18.876701	0.1077895810168019	0.0678534287533747	-0.0832945858	-0.0187247165	0.0620817244	0.0603770977	-0.0274346683	-0.0593692569	-0.0512841915	0.0148465644	0.1032171881	0.0590572187	-0.0701117398	0.0208571314	0.0019491256	0.0152165978	-0.0416339198	0.0503342229	0.1118742782	-0.057945752	-0.031148743	0.1715916436	0.022698828	-0.1122816065	-0.1264294229	0.0379703472	0.0022973031	-0.0504269691	0.0132949072	-0.1001646419	0.0697507295	0.0546993506	-0.0742895015	-0.012371233	-0.0986087518	-0.0505042283	0.074435663	0.0865583987	-0.0341337883	-0.1838803409	0.0546459112	-0.1673009405	0.0233507736	0.0122008134	0.0834927107	-0.0414113869	-0.1551400163	-0.0008448496	-0.0507186329	-0.0425027495	0.0842380853	-0.0596715544	0.0339477992	-0.0213036563	0.0787259988	0.1078322611	-0.0859203068	0.0402508207	-0.003236632	-0.1077283693	0.0614193764	0.0263866319	-0.1072881799	0.0144994194	-0.0318539798	-0.003129419	-0.0666990657	0.0584508075	-0.0536482449	0.068330006	-0.0210959861	0.0166254351	0.1774086786	0.009328184	-0.0334849457	0.0214274143	0.045165107	-0.04316246	0.1116518563	0.0511847288	0.1454881129	-0.0100808109	0.1388292182	-0.0917004047	-0.0741435815	-0.0849492414	-0.0273374218	0.0092047904	-0.0176013276	0.1257131921	0.0169698663	-0.0544889565	0.0594851486	0.0854287075	0.003538616	0.0252903553	-0.0506482919	0.0221148609	0.0924429441	0.0408390122	0.207836686	-0.1078451615	-0.0399921791	-0.1291496813	-0.1916981109	0.0833120054	0.0646967069	0.0677987677	0.0682803971	0.0034895177	0.0121766122	-0.0969211244	0.0463035902	0.0194497534	0.0	0.1498925655358363	0.0099832112479419	9.966450682103384e-05	0.0224677812029149	0.2177789472650033	0.0638664438955771	0.0040789226558668	0.047427669871853	0.2772911132249192	-0.0149239729949925	0.0002227249699552	0.0768903614735149	-0.006712057885425	2.497195616430001e-05	4.505172105729592e-05	6.235985946717214e-10	2.1204435132649024e-05	0.0002752741663746	4.4962806929472013e-10	7.577586667325795e-08	8.807288281894232e-05	-8.007293502685769e-05	7.756832688039145e-09	6.411674923815372e-09
560.7470637106765	0.9926334203064472	0.9853211071092756	314437.26946014544	721.3630628455887	0.5584334703492004	0.3118479408062513	520364.6684379688	537.7750364398012	0.7285951519955916	0.5308508955114791	289201.98981782945	591.8836545210618	549.2106640020535	0.974197	18.407534	0.0549777223773474	0.0346180979417076	-0.1544847263	-0.0187231166	0.0215118585	0.1143933647	0.0157665854	-0.0754570454	-0.0375885721	-0.0321003852	-0.0346766153	-0.031879554	-0.0551476052	-0.0079276077	0.0614116309	0.0089459999	-0.119615305	-0.0497599623	0.0169669775	0.0371063324	-0.0308911336	-0.0366481702	0.0429115071	-0.0656815799	0.0326836558	-0.0397578568	-0.1712798787	-0.0311700216	0.0201798245	0.0152921933	0.0206985731	0.0190492782	-0.1163501935	-0.039267862	0.0287033153	-0.0858168028	-0.0130322067	0.1608158878	0.1100564843	-0.0482703836	0.0040195517	0.0169232221	-0.0113085214	0.0474364657	0.1188325692	-0.0401237194	-0.006990277	0.0401167478	0.0736139842	0.1405486989	-0.1186361683	0.1291010067	0.0442796222	0.0639947391	0.061296342	-0.0151625612	-0.0229080251	-0.0488505781	-0.0204810015	-0.1235660304	0.0799254292	-0.0394731311	0.0851079804	-0.0498937882	-0.0740467468	-0.0323552642	0.0328971678	-0.00247533	-0.0890401381	0.0052466285	-0.0159382134	0.0576621953	-0.0529259722	0.0256876526	0.0275644457	0.082736641	-0.0386955384	0.0746078554	0.0535872732	0.1308431504	0.0316961322	0.0343128795	0.1687585351	-0.0500689896	0.0009779902	-0.0767225898	-0.0762841399	0.0401730446	-0.0171420495	0.1476987832	0.0811793125	0.1060447583	0.0414261802	0.0253853411	0.0928602317	-0.0403707997	0.0225979593	-0.0967182077	0.1367958301	0.0084843342	-0.0259641949	0.0921443824	-0.0478017824	0.0041311682	-0.1094598821	0.178569807	0.023437426	0.0227284173	-0.0749547069	-0.0311310449	0.0025629011	-0.0982378286	0.0507395216	0.0121913197	0.0	0.150069005381269	0.0001764398454326	3.113101905631384e-08	0.0225207063761233	0.1904640303970524	-0.0273149168679509	0.000746104683503	0.0362765468750893	0.2731131644926137	-0.0041779487323054	1.7455255609772977e-05	0.0745908006191694	-0.0063750455053506	0.0003370123800744	4.0641205195290886e-05	1.1357734432341196e-07	2.983668132405804e-05	8.632246191409017e-06	8.902275524333938e-10	7.451567430909548e-11	0.0002085965951863	0.0001205237123673	4.351253952331712e-08	1.4525965242809569e-08
560.5045609844781	-0.2425027261983814	0.0588075722136471	314165.3628844025	720.9997379396527	-0.3633249059359968	0.1320049872734009	519840.6221090479	537.9517362689028	0.1766998291016079	0.0312228296045374	289392.0705547271	592.3465480650738	548.5092707500967	1.002459	18.941549	0.1270273213592814	0.0665367295553615	-0.1491422533	-0.0379290559	0.014384681	0.0851524812	0.097946587	-0.0584145945	0.0541310728	-0.0281770886	0.1195815045	0.1070034517	-0.0669110784	0.0468899871	0.0028204643	0.0503766562	-0.0685924448	0.0388170936	0.0589642854	-0.0402371965	0.0229122299	-0.0612883424	0.054596862	-0.0697399283	0.0551187541	0.0039611225	-0.0210670172	-0.157907018	0.0780301469	0.0165546	-0.0039607071	-0.0941925576	0.0166026707	-0.0215738516	0.0255639342	-0.0462582977	-0.0448900429	0.0380142763	-0.0159197502	-0.0546973885	0.027798818	0.0216730685	-0.007854977	-0.1670225438	-0.0969736853	0.0925943402	0.1022359882	0.0557978755	0.0305249763	0.0774057577	-0.00034723	-0.017476188	0.0116863206	-0.0020123897	0.0116004299	-0.1292675198	0.2502409112	-0.0276721775	0.0168400676	-0.0825435216	0.1170023665	-0.0395517507	-0.1146683672	0.079132525	-0.0024137489	-0.0052417813	0.0901229609	0.0844209045	-0.0566072732	-0.0044415068	0.0212427653	-0.0062791196	-0.0170723819	0.0779850595	-0.0210585872	-0.0312621302	-0.007755322	0.0375348243	0.0685916357	0.100979749	0.0531282487	-0.0069304407	0.0760750998	-0.0026654405	0.0571834138	-0.0192842501	-0.0179723189	-0.003300353	-0.0037855374	0.0680143645	0.0123068873	-0.148718101	0.1304609306	-0.0192073907	0.0914477141	0.0315432851	-0.0185945696	-0.0546000867	0.0608392957	-0.0543890859	0.0209986963	0.0090596191	-0.0333545905	0.0382204618	-0.2433493046	-0.0838862705	0.1040452868	-0.0183240199	0.0876822596	0.0016029417	0.0095081153	-0.0995108621	0.05508524	0.0048841247	0.0	0.1417094465506068	-0.0083595588306621	6.988222384330228e-05	0.0200815672416792	0.25019054390593	0.0597265135088775	0.0035672564159261	0.062595308259945	0.2552161698945241	-0.0178969945980895	0.000320302415644	0.0651352933756305	-0.0060911125442654	0.0002839329610851	3.710165202690732e-05	8.061792639060965e-08	0.0004500123947539	0.0004201757134298	2.0251115543213994e-07	1.765476301562767e-07	0.0003253730091043	0.000116776413918	1.058675950535869e-07	1.3636730847548062e-08
559.4914838215637	-1.0130771629143285	1.0263253380185444	313030.7204688551	720.9004088357618	-0.0993291038909092	0.009866270879771	519697.39945956855	537.3714571509031	-0.5802791179996802	0.3367238547864868	288768.0829604849	591.8798044071966	542.1443551966274	0.987237	18.653917	0.0497272986180377	0.028791224816465	-0.1098479855	-0.0179339448	-0.0032466132	0.1453437281	0.1053144128	-0.0382667003	0.1009277281	-0.1096289279	-0.0205043464	-0.07186142	-0.025325665	-0.0376621685	0.0085972611	-0.0065466614	-0.090340896	0.0351097019	0.0598958929	0.0370136261	0.0045985711	0.020888031	0.0692062233	-0.0188987149	0.0566842785	-0.0322877584	-0.0948237423	-0.0078040299	-0.008825013	-0.0335129878	-0.0647985078	0.1132205262	-0.1026043001	0.0761461135	0.1143864138	-0.0981676972	-0.0413970165	-0.0114135009	0.063300946	0.1278098305	-0.1372372983	-0.1182884101	-0.1412561453	0.0878980688	-0.047824291	-0.1132961689	-0.171468629	0.0040914	0.1152534066	0.0736184979	0.07860578	-0.0482303336	-0.0183856197	-0.0231949545	-0.1075445016	-0.0345227928	0.1212353234	-0.0692304936	0.0176269677	-0.0318652094	0.1174928815	-0.0905165382	0.0743883162	0.0164067611	0.0050715337	0.0103602153	0.1209892411	-0.0384983323	0.0085411314	-0.0021500585	-0.0398324196	-0.0355155178	0.0533630382	-0.0004625697	0.0876905461	0.0669935067	-0.1158524193	0.057564709	-0.0073048582	0.0548396362	0.0220301574	-0.0381247555	0.1508085248	-0.0679779061	0.2010165909	-0.0210050956	-0.0845190406	0.0037042706	0.0067181873	0.0129628581	0.1129852787	0.0856748919	-0.0054957694	0.0754980045	0.1378420608	0.056193136	-0.0211324309	-0.0688137711	0.0719305065	0.0869825324	-0.0301376053	0.0685891218	0.0944554661	-0.0046796308	-0.1909054666	-0.0717342826	0.0867369057	-0.0331766462	0.1051415157	-0.1197069876	-0.129065161	-0.100739659	0.0593330188	-0.0024426053	0.0	0.1412351407475256	-0.0004743058030811	2.249659948364955e-07	0.0199473649819733	0.2444240366252046	-0.0057665072807253	3.325260621865895e-05	0.0597431096801593	0.2782352381139503	0.0230190682194261	0.0005298775016905	0.0774148477283266	-0.0057761218661656	0.0003149906780998	3.336358381279637e-05	9.921912728977215e-08	0.0005430684864404	9.305609168649996e-05	2.949233809646669e-07	8.659436199966289e-09	0.0003240714325945	-1.3015765098000156e-06	1.0502229342385154e-07	1.6941014108631901e-12
558.8428203491211	-0.6486634724426494	0.4207643004813558	312305.29785576	720.1326542992033	-0.7677545365585274	0.5894470284061992	518591.0397880158	536.4644593191618	-0.9069978317412506	0.8226450667833299	287794.11611260066	591.1392616523491	536.535453360583	0.940649	17.77364	0.0574936095464425	0.0341696606205954	-0.0681990658	-0.0114391552	0.0220887471	0.0504050914	0.1628252374	-0.0085668506	0.09500091	-0.0665795966	0.1126163925	-0.062880591	-0.1066820435	-0.0237909289	-0.0532267084	-0.0243847997	0.0330693837	-0.0977905915	0.036806576	-0.0144760866	0.0171779175	0.005705213	0.126001782	0.0075364099	0.0776076962	0.0611783212	-0.0154881742	-0.0675019491	-0.1192791173	-0.0206855821	-0.0492979342	-0.0256896364	0.0517929934	-0.0395219233	-0.0318482596	-0.039623391	-0.0583550148	-0.006437533	-0.0464298978	0.1239962128	0.0330439766	-0.0356436853	0.0346974927	-0.0926245444	-0.1053251345	-0.1126041009	-0.0669543789	-0.0086136375	-0.06509042	-0.0673849927	-0.050247998	0.0303571074	0.1879486229	0.0493177622	-0.1087319965	-0.0419765914	-0.0612486437	0.0028795181	0.0361561189	0.011502059	0.1454142268	-0.0616825256	-0.0487994987	0.0244059155	0.0290995027	-0.0871804275	0.0408977448	-0.0011698058	-0.0313049829	-0.0417495647	0.0329645848	-0.0399393863	0.012604871	0.0164021034	0.0257216846	-0.0874069607	-0.0385886753	-0.0578448602	-0.0242942372	-0.0260798409	-0.095355812	0.0243530194	0.0416149333	-0.0688157732	0.0590125926	-0.0806181807	0.021675267	0.014124357	0.0051881241	0.0392804067	0.0013732444	-0.109072319	0.0119366006	-0.0821903749	0.1678020007	0.0193875012	-0.0893651197	-0.0611340519	-0.0142309868	0.0291099907	0.0881419586	-0.0682111403	0.1521492467	-0.0397351846	-0.1217644669	-0.0936716249	0.0527967883	-0.1143321034	0.0418535219	0.0792086221	-0.101217598	-0.1019236731	0.0634753057	-0.0097595656	0.0	0.1397282170770069	-0.0015069236705187	2.270818948769604e-06	0.0195239746475191	0.2187136550378596	-0.0257103815873449	0.0006610237213668	0.0478356629000198	0.2723414575757914	-0.0058937805381588	3.473664903198021e-05	0.0741698695145066	-0.0054331449968195	0.000342976869346	2.9519064556464768e-05	1.176331329064514e-07	0.0006540339220035	0.0001109654355631	4.277603711312802e-07	1.2313327889708498e-08	0.0003577796026937	3.3708170099199994e-05	1.280062441036618e-07	1.1362407314366003e-09
558.4522853854419	-0.3905349636792152	0.1525175578559259	311868.955052223	720.1767408074735	0.0440865082701975	0.0019436202114581	518654.53800007486	536.8102893187267	0.3458299995648985	0.1195983885990577	288165.2867184551	591.2970974576342	531.078122540822	0.840427	15.879941	0.149726823070405	0.0772511262292397	-0.0430552122	-0.007891453	0.001448272	-0.0058320516	0.1376618514	-0.0011353745	0.0302177997	-0.0431329115	0.1277954222	-0.0621985109	-0.0019054746	-0.030035084	0.0320431334	-0.0621202923	0.0717940805	0.0344535541	0.089658888	0.0338344732	0.0519623155	0.11619748	0.1359863954	0.0717133157	0.0306197532	0.0497620847	-0.1023559514	0.0009213928	0.0070660317	-0.0312646781	-0.08046658	0.0689360237	0.0015544208	-0.0706489872	0.0467808533	-0.0850287003	0.043146009	0.2237014174	0.10496219	-0.114660309	-0.0144822238	-0.0241628885	-0.0247292806	0.0332236959	-0.1241540437	0.0636486533	0.0841265739	0.0089482056	-0.083871019	-0.0351459099	-0.0604715941	-0.0513715656	-0.0591556547	0.0754011223	0.0745259026	-0.0492591702	0.0360646101	0.0272552587	0.0188753391	0.0250096383	0.1175652668	-0.0178145868	-0.0095621439	-0.0895030906	0.0779049806	0.0289997482	0.0850715686	-0.0335374765	-0.0323416369	-0.0019923315	-0.0514875227	0.0661090835	0.0125253372	-0.0091668049	-0.0873971508	-0.0564168718	-0.0382872644	0.034633762	0.0307345391	0.1270205141	-0.0072895935	0.0466662666	0.0998891725	-0.1611918533	0.0019811772	0.0071282503	-0.0106449292	-0.0158981524	0.0422721642	-0.0122646852	0.0686988938	-0.0302393795	-0.0229781828	0.0520062246	0.0720560789	0.102143358	-0.0797729158	-0.0198187649	-0.0907722345	-0.0323442889	0.0367280991	0.0331387916	0.0433393935	0.0880252946	-0.1363901958	-0.0117505572	0.0272588381	-0.1850287248	0.041885567	-0.048105768	-0.0806981874	-0.103062378	0.0675047358	-0.0170374908	0.0	0.1257417925306754	-0.0139864245463314	0.0001956200715902	0.0158109983888274	0.2801809736830307	0.061467318645171	0.0037782312614269	0.0785013780139711	0.3006737968787689	0.0283323393029774	0.000802721450379	0.0904047321294951	-0.0058737842640152	-0.0004406392671957	3.4501341580192585e-05	1.9416296379476362e-07	0.0009960590784574	0.0003420251564539	9.921336877774048e-07	1.1698120764731477e-07	0.0004939299905626	0.0001361503878689	2.439668355771701e-07	1.8536928116851917e-08
557.5416052247195	-0.910680160722336	0.8293383551332598	310852.64155655704	723.6911010326417	3.5143602251681614	12.35072779224401	523728.8097138372	536.9690866149298	0.1587972962030335	0.0252165812813939	288335.799980072	591.1915090721606	524.4809242327772	0.935186	17.670412	0.2372088465368573	0.1197893026218154	0.0293681736	-0.0488934484	-0.0627541148	0.0185086947	0.0638317797	0.11698675	0.0750472505	0.0002161393	-0.0330222551	-0.0798139081	0.0150604327	0.0310690165	-0.1228913811	-0.1386837889	0.0126083606	0.0740684967	-0.034681045	-0.1058930035	0.1208427959	0.1766965353	0.0873810865	0.1470415354	-0.0151166826	-0.0679975675	-0.0519030408	0.0500163418	-0.0339586347	-0.1328564244	-0.0241689986	0.0093854121	-0.0226109066	-0.0431289409	0.0615124163	-0.0195813053	0.0586088638	0.0515309912	0.015711947	0.0023692729	0.0148811012	-0.0023351924	-0.092777092	-0.0312740716	0.1671716736	-0.0459728777	0.0017425078	-0.1346628136	-0.0434979393	-0.0621353887	0.0117070141	0.0434584336	0.1128159955	-0.0720734326	0.0865698988	-0.023068329	0.0547179056	-0.1345753732	-0.0365165395	0.1542686415	0.122797674	0.0080393895	0.0685396585	0.0548054669	0.0154894519	0.0719453948	-0.05720173	-0.0190827796	-0.0387296849	-0.0367413327	-0.0521615214	0.0947790672	-0.0363843244	-0.0841579863	-0.0504610811	-0.143685807	0.080121925	-0.0578427155	0.0938972024	-0.0482758364	0.1683326703	0.1349239953	0.013228681	0.0061637586	0.012679793	0.0044475166	-0.1262471401	0.0488763908	-0.0428284496	-0.0328901126	-0.0258287742	0.0184912781	-0.156660637	-0.0114118539	0.1251099909	-0.0213463919	-0.1280568106	0.0256807379	0.0843603542	-0.1303154608	0.0823577784	-0.0091829656	0.0027286772	0.0989011801	-0.0111431434	0.1068134565	-0.1627127593	-0.048483246	0.011913233	0.0026283151	-0.0941370963	-0.1041552675	0.071414145	-0.0242472716	0.0	0.150175983752419	0.0244341912217435	0.0005970297006607	0.0225528260960068	0.1888836159122036	-0.091297357770827	0.0083352075359344	0.0356770203600688	0.2718270685169273	-0.0288467283618416	0.0008321337371818	0.0738899551785062	-0.0049080572434624	0.0009657270205528	2.408902590510373e-05	9.326286782257888e-07	0.0004240630536358	-0.0005719960248216	1.7982947345891936e-07	3.271794524117125e-07	0.0001790416522881	-0.0003148883382745	3.2055913254052916e-08	9.915466558127593e-08
557.3457266431614	-0.1958785815581905	0.0383684187132486	310634.2590073936	724.8002095235466	1.1091084909049869	1.2301216445975374	525335.3437253771	536.7352799368376	-0.2338066780921508	0.0546655627204866	288084.76072887547	591.2663360847222	522.887075432684	0.8668209999999998	16.378658	0.1437246534223995	0.0827554693740142	0.0400453557	-0.0300401671	-0.0291666193	-0.0726236193	-0.0489202489	0.132746587	-0.0534301617	0.0008052593	0.0117047906	0.0551470823	-0.0300776984	-0.049718887	-0.0291490842	-0.1330952842	0.0421740484	-0.1340684854	-0.1361866077	0.0196438627	-0.0037214426	-0.0138249502	0.0228091389	0.1581725785	0.004935951	0.0656785783	0.0219757622	0.0121486329	0.0381342375	-0.0553091218	-0.0719518921	-0.1219216818	-0.0090043975	-0.0660427013	-0.0901724779	-0.0002745413	-0.1034106065	0.0194991039	-0.020861691	0.0055663183	-0.1612603414	-0.0950759224	0.0088436848	-0.0164546611	0.0291092886	-0.09483434	-0.0736756864	0.0755237799	-0.0223549222	-0.0045225817	0.0153962712	0.022427846	0.0474888551	-0.1066972302	0.034637811	0.1316780472	0.0992744875	0.0662911458	-0.069640008	0.1209845082	0.0402548338	0.0651294934	-0.0429898576	-0.0444279777	0.0400035653	0.0656110868	-0.0556463212	0.0159704458	0.0080628339	-0.0395391798	0.0054612315	-0.0084766071	-0.0677377564	0.1320137925	0.1565706661	-0.0762390673	0.0349530761	0.044914529	-0.0567781864	-0.0657937044	0.0711751979	0.0471942253	0.0860398658	0.0049237857	0.0313406462	-0.079441434	0.094693639	0.0160625416	-0.0058366212	-0.0647078976	-0.0229978	-0.0762836808	-0.1106644133	0.0007118006	0.0506304728	0.0061447969	-0.1003358623	0.008474567	0.054366165	-0.046063263	-0.0008096643	0.0209624706	-0.0452821564	-0.0194573328	0.0429600952	0.0235502938	0.0161152988	-0.0411814542	0.0349078746	-0.0092531775	-0.1050209602	-0.1052018558	0.0751965824	-0.0313600711	0.0	0.1342199348527657	-0.0159560488996532	0.0002545954964881	0.0180149909118806	0.264406946518477	0.0755233306062734	0.0057037734658644	0.0699110333672247	0.2872665098263951	0.0154394413094678	0.0002383763479485	0.0825220476678383	-0.0048976994049991	1.035783846329956e-05	2.398745946172854e-05	1.0728481763180779e-10	0.0009410563294527	0.0005169932758169	8.855870152029887e-07	2.672820472398893e-07	0.000387807190148	0.0002087655378598	1.5039441673048705e-07	4.358304979793333e-08
558.2017075742839	0.8559809311225308	0.7327033544453948	311589.1463388464	723.3049958772166	-1.4952136463300576	2.2356638481716264	523170.1170609403	537.6461812236522	0.9109012868145784	0.8297411543204546	289063.4161843763	592.1962022508893	524.6933766147149	0.882772	16.68004	0.0473707562953825	0.0271800775321245	0.0186905389	-0.0261227786	0.0207250806	-0.0463581953	-0.0989981867	0.0409930859	-0.0322201146	0.1139230864	0.061076972	0.0708448621	0.0026613817	0.0849092603	0.1119508754	0.0393791958	0.0990134131	0.0560774856	-0.1289086894	0.1144915655	0.0039207872	0.0226346488	-0.0682715993	-0.0002319996	0.0783066636	0.0668629679	0.0902468838	0.0337084743	0.0878053791	0.0653351607	-0.0160240367	-0.0001958366	0.0423182893	0.0317519065	-0.014402379	-0.0684668952	0.0666101678	-0.0257756335	-0.1312968793	-0.0804069873	-0.0178909029	-0.079684769	-0.0048761843	0.1628771891	-0.0504312871	0.0282308654	-0.1157890947	0.0357088575	-0.0105187501	0.0214049936	0.0803849109	0.0072883824	0.0481305916	0.0673770194	0.0207194828	-0.0330826322	-0.063291887	-0.0115996091	0.0336054882	0.0206487054	-0.1195343684	0.0236449915	-0.0850799691	-0.0088866089	0.0430443917	0.0348992835	0.1027165471	0.069449327	-0.062560024	0.0376655317	-0.0854051378	0.0055177908	-0.0171995427	-0.0185380511	-0.0338596372	0.0199674879	0.0997910473	0.0770448638	-0.0955871457	0.0061077754	0.0302910199	0.0387484096	0.035341818	-0.0426034039	0.0139702395	-0.0852286934	0.0371600064	0.0033778267	0.0379274961	-0.0405765338	-0.0294396725	-0.024305852	0.0090687005	-0.0131999447	-0.059684881	-0.0287330367	-0.0046680415	-0.0580771652	-0.0069381131	0.0081021803	0.0235294924	-0.0055275477	0.019678019	-0.0133629834	-0.1252083775	0.0524035623	-0.0452345272	-0.0897341902	-0.0665194027	-0.0756536773	-0.1271175222	-0.1062016776	0.0788453231	-0.0383474405	0.0	0.1401623561359315	0.0059424212831658	3.531237070662187e-05	0.0196454860775756	0.2644326354521951	2.5688933718071016e-05	6.599213155714458e-10	0.0699246186921935	0.2881397293521388	0.0008732195257436	7.625123401399676e-07	0.0830245036311237	-0.0053323615505175	-0.0004346621455184	2.84340797054374e-05	1.8893118074665878e-07	0.0010918746632071	0.0001508183337543	1.192190280153618e-06	2.2746169796453568e-08	0.0006129152419303	0.0002251080517823	3.756650937904782e-07	5.067363497722268e-08
558.1139222605768	-0.0877853137070587	0.0077062613026467	311491.1502210852	723.2845444432396	-0.020451433976973	0.0004182611517144	523140.5322304647	537.7330694066416	0.0868881829893553	0.0075495563431916	289156.853933488	592.0976221412966	525.0960391215118	0.88082	16.643171	0.0274818326047419	0.0133995084757814	0.013724773	0.0003978726	-0.0047938783	-0.0063247376	-0.0438504273	0.0068623444	-0.0462182345	0.1171159118	-0.0126521497	-0.0442618454	0.099529865	0.061909317	0.1038668403	0.0114016492	0.0329868884	-0.053753999	-0.0006327327	0.0449104486	0.2515460069	-0.017440991	-0.0625804389	0.0446408766	0.1185544918	-0.0274265913	0.0421617037	0.0938832206	0.1398485318	0.1758558295	0.072209338	0.0599880249	0.0182053653	-0.1481886927	0.1748535409	-0.0357761915	0.0262112994	0.132253262	-0.014468295	0.0048173037	-0.1859065648	-0.0343922369	0.0529527051	0.0484671791	0.1051647278	-0.1397575944	0.2126209022	-0.0146204319	-0.04910007	0.0073488438	0.0798454828	-0.1481075744	-0.1076843274	-0.0010444037	-0.1701733039	-0.0202156756	0.0513766123	-0.0391151641	0.0360502997	0.0185750293	-0.1175676073	0.0259831016	0.0554703572	-0.067568665	-0.0192071844	0.0127853984	0.1675302357	0.026861628	-0.029149709	0.0934898093	0.0390577649	0.2961828509	-0.1000782239	-0.1028050836	-0.0970281886	0.0063511385	-0.031392323	0.1842055612	0.0137896088	-0.0287710216	-0.0792548607	-0.0024953843	0.0296010067	0.1035355736	0.0111381218	-0.0510253096	-0.1091891425	0.0208913446	0.0142928501	-0.0385749144	-0.0074325416	0.0069632787	-0.0172583539	0.0241991389	-0.0364541489	-0.0723986832	0.0915424901	0.0109836298	0.0540261636	-0.0519563063	-0.0876552916	0.0999561606	-0.002688082	0.0799774294	-0.0573434757	0.0839825885	0.0459421672	-0.1664764268	-0.2166673984	-0.05233286	-0.1134266096	-0.1071542885	0.0823538796	-0.0451814325	0.0	0.1444046647181807	0.0042423085822491	1.7997182107025163e-05	0.0208527071923701	0.2586139118448756	-0.0058187236073194	3.385754441837723e-05	0.066881155399709	0.2879649406691555	-0.0001747886829832	3.055108369902338e-08	0.0829238070545902	-0.0051789451798453	0.0001534163706722	2.6821473175842868e-05	2.353658279022998e-08	0.0011951927258522	0.0001033180626451	1.4284856519300122e-06	1.0674622068736824e-08	0.0007011010432568	8.818580132650001e-05	4.915426728557733e-07	7.77673555559693e-09
557.3493642695718	-0.7645579910050628	0.5845489216096977	310638.3138516958	722.3946242579323	-0.8899201853073464	0.7919579362174618	521853.9931567591	537.4635774669081	-0.2694919397334843	0.0726259055813159	288867.0971035271	591.6698369889032	520.1658275389176	0.929835	17.569305	0.0212863717659601	0.0116414929615779	0.0449935595	-0.0121595439	-0.0027994869	-0.0309382916	-0.0091204783	-0.0306197232	0.0992181108	0.074702636	0.0652497972	0.0388104857	0.0759910696	-0.0161256467	-0.034733435	0.0154673083	0.04756685	-0.0212160031	-0.0644308382	-0.0696535674	-0.0358460606	-0.1166014803	-0.010049152	-0.0677485418	0.0512070668	-0.0237639016	0.0885006417	-0.0104428224	-0.0212824715	-0.0453290683	-0.0225719462	-0.0420865123	0.0245778994	-0.0566761478	-0.0674910316	0.0317183695	0.0764885886	0.0073832669	0.0610883044	0.0034642449	-0.0520731562	0.0064650485	-0.1143819613	-0.0005115968	0.0247389451	0.0207230001	-0.0592412654	0.0408331153	-0.0289743658	-0.0599480648	-0.0983214782	0.0631826549	0.1219512264	0.0350344874	-0.1267380096	0.1179937665	0.0036608184	-0.0733990218	0.0934997577	0.0170948474	-0.0733343309	-0.0139150136	-0.0390812736	0.0883049127	0.0570883083	0.0263109608	-0.0093607744	-0.0103354208	-0.0619244328	0.0195681737	0.0785309036	-0.0163735585	-0.0507654578	0.0206738841	-0.029124203	0.0802888798	0.0684580938	-0.0291343377	0.0418665484	0.0160871723	-0.0024218844	0.0437215699	0.0362339512	-0.1045356215	0.1149133975	-0.0304088639	-0.0548781909	0.0130247215	0.0101226975	-0.0418455594	-0.0329873965	0.0159597074	0.0433584563	-0.0501807241	-0.0188488703	-0.069908429	0.0249271165	0.0800262725	-0.02230669	-0.0227081979	0.0273939265	-0.0517154504	0.0327273661	0.0622169764	-0.0396502327	-0.0236417746	0.0349754218	-0.1133688563	0.0624534799	-0.0763973126	-0.0149471438	-0.1080592651	0.085716014	-0.0518347133	0.0	0.1509740836507518	0.006569418932571	4.315726511162357e-05	0.0227931739341842	0.2586206522026657	6.740357790135931e-06	4.5432423139046135e-11	0.0668846417457321	0.2857133788269266	-0.0022515618422289	5.069530729381247e-06	0.0816321348406988	-0.0050504919334582	0.000128453246387	2.550746876992635e-05	1.6500236507384943e-08	0.0013052139646441	0.0001100212387918	1.70358349350197e-06	1.2104672985304273e-08	0.0007117995707452	1.0698527488399922e-05	5.066586289130509e-07	1.1445849042004873e-10
556.9513460265077	-0.3980182430640298	0.1584185218117771	310194.80184073874	723.0504824355123	0.6558581775800576	0.4301499490986343	522802.0001502271	536.8421912467126	-0.621386220195518	0.3861208346488728	288199.5383025719	591.1550112280654	515.1027682584541	0.839225	15.857224	0.1015434043639157	0.0537649918657394	0.0873626223	-0.0032312385	0.0105769644	0.0317394285	-0.0605683194	0.0037041516	-0.0334414036	0.0577034312	-0.0439798116	-0.0546059378	0.0551680602	-0.0720032814	-0.0743748922	-0.0138544594	-0.1034318126	-0.0515132142	-0.0282060247	-0.0277074093	-0.0180797581	-0.0212283673	-0.0138749945	-0.0064809577	0.0537465298	-0.1705385749	0.1052429807	-0.0444914544	-0.0123428087	0.0689608046	-0.0317651957	0.1123731876	0.0413261755	0.0227339603	0.0873776191	-0.0436877203	-0.0542976947	4.03113e-05	0.0658166858	-0.0910773591	-0.0360050211	0.088705525	0.0527789097	0.0285096207	0.180061309	-0.0367476095	0.0064722746	0.0628362481	0.1279691039	-0.0018751465	0.0351574178	0.0229504403	-0.0558992845	0.1290610676	-0.1055477699	-0.055147133	-0.024864842	0.1000257519	0.0473267754	0.0229151184	-0.0451653457	0.0619334578	0.0670808496	0.08524967	-0.0761616402	0.0327399517	-0.0924510878	-0.0596131357	0.0851148175	0.0767793139	0.0559403018	0.0962200345	0.0396689178	0.0037324855	0.0246758307	0.023362618	-0.0851958322	0.0490502105	-0.049204989	0.092433433	-0.081708009	0.0803892473	-0.0573854933	-0.0748250893	0.0027689741	0.0667389852	-0.0314219547	0.0729840635	-0.0492131467	-0.0273295435	-0.0328443626	0.0851276851	0.0048713108	0.0031551687	-0.0488527775	-0.0261485033	0.0363076948	0.1058299596	0.0935027035	-0.0011575256	-0.0357899119	0.0006166037	0.1920729509	0.0440702851	-0.0198600171	0.0152322847	0.0188353823	-0.039106319	-0.0630128862	-0.0163633972	-0.0092060168	-0.1089162049	0.0889257484	-0.0582806721	0.0	0.1506146142206859	-0.0003594694300659	1.292182711519035e-07	0.022684762016846	0.2211694902724588	-0.0374511619302069	0.0014025895299225	0.0489159434273792	0.3050822378983895	0.0193688590714629	0.0003751527017301	0.0930751718810895	-0.0045647848468352	0.000485707086623	2.0837260697896254e-05	2.35911373995803e-07	0.0013781335998104	7.291963516630005e-05	1.899252218926372e-06	5.3172731927863034e-09	0.0003831480138909	-0.0003286515568542	1.4680240054854133e-07	1.0801184582275515e-07
556.6211829587783	-0.3301630677294724	0.1090076512925362	309827.1413184297	720.9507449615229	-2.099737473989421	4.408897459675475	519769.9766605749	537.2548722068863	0.4126809601737022	0.1703055748898888	288642.7977100377	591.4758719084464	512.3924441811592	0.8459449999999998	15.9842	0.0729579486361508	0.0383512861284393	0.0894726261	-0.0067939043	0.0235065081	-0.0150936573	-0.000643642	-0.0594671814	0.0539685112	0.0797818913	0.0407578045	0.0005541205	-0.0204269441	0.0391838611	-0.0303630734	-0.0331410674	0.0328800311	0.0905858361	-0.026131051	-0.0119905101	-0.0163031549	-0.0467467172	-0.0219429116	-0.092994008	-0.0345698643	-0.0011388035	0.1541672348	-0.0342666699	0.0040164913	0.0215476182	-0.0927485034	-0.0726581425	0.0346662788	-0.1512285049	-0.0772553434	0.110957615	0.0231405507	0.0827704719	0.0783744495	0.1236508497	0.028211469	-0.0337319868	0.0366905366	0.006098589	-0.0578397855	0.0062939956	0.0905065399	-0.2531964366	0.237100154	0.0462241031	-0.0973796079	0.0330552359	-0.0416475026	0.0489115369	-0.1082952808	0.0065723028	-0.0398291951	0.0277173679	0.130574769	0.0008779809	-0.0641301737	0.0138248082	-0.0474074909	0.0806709429	0.0786288185	0.0400471252	-0.0748307334	-0.0125677268	-0.0461419199	-0.0087708487	0.0088058644	0.0075525994	-0.0007690346	0.0231061867	-0.0045853236	0.0771638168	0.0485802002	-0.067002762	0.0342576132	-0.0073639886	-0.0897063873	0.0662756415	0.0299284463	0.1210281886	0.0324516594	0.1247065063	0.0421870429	0.0154014542	-0.0246664062	-0.033650886	-0.0471770562	-0.0116627401	0.0666465445	-0.1293999251	-0.0320710212	0.0155786074	0.0049311865	0.0501755893	0.0038889133	-0.0573658494	0.0489983918	-0.0624105007	0.0090451754	0.0519478125	-0.0037175017	-0.0421260821	-0.0472647254	-0.1653879517	0.0297671788	-0.0310232816	0.0792861666	-0.1097247271	0.091977376	-0.064493527	0.0	0.1275119478316497	-0.0231026663890361	0.0005337331942831	0.0162592968398213	0.2421553926295985	0.0209859023571397	0.0004404080977434	0.058639234179595	0.3053963099954444	0.0003140720970549	9.864128214847399e-08	0.0932669061588336	-0.0048756212951788	-0.0003108364483436	2.3771683014001e-05	9.661929761886362e-08	0.0013971631124427	1.9029512632299945e-05	1.9520647627705728e-06	3.621223510228631e-10	0.0001419078190084	-0.0002412401948825	2.013782909572081e-08	5.8196831626946594e-08
555.9477480501326	-0.6734349086456177	0.4535145761825315	309077.8985620137	719.9005905691869	-1.050154392336026	1.1028242477426478	518256.860301864	536.4622209756682	-0.7926512312180876	0.6282959743515502	287791.71453414665	590.1777073563237	506.65731599201786	0.935992	17.685646	0.0671007670528405	0.0339751507358089	0.1326765515	-0.0110472795	0.0223211786	0.0702392005	-0.0495597519	-0.0295216054	-0.177332167	0.0447240678	0.0169965907	-0.144414501	0.0002586886	-0.0227729733	0.030693987	0.1381463834	-0.0790922243	-0.0939355482	-0.0121428578	-0.0567278002	0.014805648	0.0346980477	0.0831009872	-0.0061488503	-0.0868783918	-0.000801076	0.0118520886	0.0680947617	-0.0129394847	0.1809803838	-0.0070318475	-0.0633464095	-0.018194895	0.1911845849	-0.0348981489	0.0786070083	0.0855688556	0.0303075378	-0.0424643557	-0.1405845098	-0.0437085881	0.1052501263	-0.1824446247	0.0876872098	-0.0103667301	0.0733380777	0.1282571995	0.1228260724	-0.0112910088	-0.0302518979	-0.0839859496	-0.0045363573	0.1059189104	-0.0337711382	-0.1009704988	0.030227941	-0.0997159932	0.084393919	0.0432495369	0.0109596039	0.000934394	0.1215807046	0.030690297	-0.1549375687	-0.1511879833	-0.1005785435	0.0272474847	-0.006414968	0.0081106256	-0.0815374898	0.0091343169	-0.12378907	0.0606263173	-0.0591814087	-0.1212176298	0.0182716979	-0.0168970891	0.0170916684	-0.0296062135	0.0171143098	-0.0502517217	0.0923607197	-0.0383684957	-0.1291737289	0.0191970345	0.0539491209	0.1429152809	0.0849817689	-0.1144075669	-0.0307760488	0.009920059	0.0531934972	0.0278299291	0.0190598096	0.0330755045	0.0927220446	0.0843594318	-0.0391295244	0.1377052249	0.0582042927	0.002359403	-0.1017431275	-0.088578475	-0.000705697	0.1937053279	0.1072053544	-0.0337933337	-0.1337130638	-0.0931539604	0.062385421	0.001660671	-0.1104844722	0.0948654713	-0.0704484286	0.0	0.1434117626436375	0.0158998148119877	0.0002528041110555	0.020566933664555	0.2213587942344759	-0.0207965983951226	0.000432498504808	0.048999715784941	0.3053099290962393	-8.63808992051518e-05	7.461659747490595e-09	0.0932141528047506	-0.004626252189618	0.0002493691055607	2.140220932194534e-05	6.218495080819335e-08	0.0016078409084556	0.0002106777960128	2.585152386903329e-06	4.438513373285308e-08	0.0002882203763652	0.0001463125573568	8.307098535209757e-08	2.1407364440286893e-08
557.9692259678303	2.0214779176976663	4.0863729717392925	311329.6571271397	721.1199120046008	1.2193214354139172	1.4867447628598556	520013.9274895232	537.6410639696783	1.1788429940100968	1.3896708045266892	289057.9136664477	591.8862629481724	515.9652938163599	1.045978	19.763832	0.1296520721082718	0.0860558315249904	0.0523305267	-0.0049900977	0.0904622047	-0.021279079	0.0793495525	-0.1129558226	0.0215193121	0.0602611723	0.0834970811	0.1096228593	-0.0799741911	0.1497520588	-0.0214939358	-0.0209736349	0.0679831093	-0.0700285681	0.0750361123	0.0160075658	0.0284423941	-0.0026976137	0.059969896	-0.0461918493	0.0691054029	0.0539313176	0.0730252276	-0.0445437532	-0.0328097623	0.0801126789	-0.0084680652	-0.0098343782	0.0270844924	0.0845087488	-0.0519092868	-0.0330298621	0.1089746548	0.1630387201	-0.0426251528	0.083163571	-0.091940651	-0.0411824404	0.0483392396	-0.0223227249	-0.0033323521	0.0264679368	0.0445542666	0.0321449291	0.006480838	-0.0132810323	-0.1470427409	0.0300072544	0.052103453	-0.0864379955	0.0464552959	-0.0386409465	-0.0278647961	-0.0472449539	0.1126781805	-0.0446519209	0.045738002	-0.0388852853	-0.0927082799	-0.0295966852	0.086463351	-0.0271007742	0.014441982	0.179786459	0.0395756416	-0.0932335242	0.0092465535	0.0181157026	0.0051077168	-0.0423734612	-0.0794071437	-0.0229444941	0.0030861945	0.0781350777	-0.0647436218	-0.034402667	0.0543111592	0.1074778417	0.0518076385	-0.0301392233	-0.0150680866	0.0027723227	-0.0352728354	-0.0089965096	0.0218941958	-0.0230596549	0.0079072715	-0.0843609945	0.1009483254	-0.1453425842	0.0909197908	0.0803555419	-0.0186358121	-0.0306495063	-0.0951103685	0.1030999177	-0.04151071	0.0849479945	-0.1033744946	0.0204208737	-0.1109669053	-0.0428303651	0.103734967	0.0555015384	0.0856365273	0.0290950439	-0.0330161467	-0.1111951025	0.0975848992	-0.0761215592	0.0	0.1366058565381394	-0.0068059061054981	4.632035791685646e-05	0.0186611600405187	0.290808343059254	0.0694495488247781	0.0048232398319652	0.0845694923928687	0.3063007739705199	0.0009908448742806	9.817735648882143e-07	0.0938201641349395	-0.0054303040895198	-0.0008040518999017	2.9488202504655463e-05	6.46499457735694e-07	0.0014489941630737	-0.0001588467453818	2.0995840846216524e-06	2.5232288518422138e-08	0.0003734371771558	8.52168007906e-05	1.3945532528209237e-07	7.261903136984805e-09
556.7875537113658	-1.1816722564644806	1.3963493216978573	310012.3799678871	721.3729778986211	0.2530658940203238	0.0640423467163057	520378.9732423245	537.5510206770189	-0.0900432926594021	0.0081077945529467	288961.09983090474	591.5914858211964	515.7167179987763	1.060988	20.047453	0.1094662832222236	0.0678535833085771	0.063992225	-0.0146308834	-0.0365480744	0.1502092813	0.050205818	-0.0383779978	-0.0227345015	0.0403234023	0.0185807451	-0.1274996426	0.0448283008	0.1443892365	0.0338332913	0.0080040113	-0.1595367496	0.0479798767	-0.0263964857	0.0406258552	0.0427233043	0.0213584389	0.1031347765	-0.017449853	0.0184347234	-0.065606734	-0.0136377454	0.1033110808	0.0554460377	-0.0330169155	0.1016024258	-0.0193257074	-0.0340268871	0.0618716783	-0.0291331943	-0.0242610371	-0.0570417966	-0.0445018684	-0.242033744	-0.0706864711	-0.1287317315	0.0092944505	-0.0685071124	-0.0526519288	-0.0884556944	-0.0738925975	0.0178048289	-0.1085313818	-0.0577532479	-0.008339533	-0.0244524659	-0.0012793541	-0.0005947318	-0.0625343421	-0.0370331164	-0.0089588498	0.0700586453	-0.0607256592	0.0877081083	0.0406761219	0.0552533753	0.0434027299	0.0501682531	-0.0123940189	-0.1284644209	0.0009320012	0.071583229	0.0198829472	0.0793469763	0.0236442722	-0.0702668143	-0.0639773855	0.0931119959	-0.0268770658	0.0183560959	0.1494605261	-0.0465950408	0.1250875383	0.0475954097	-0.0144607098	0.0675402221	-0.1017062448	0.0116686533	-0.0406160884	-0.061613126	-0.0382340077	-0.0269078761	0.07465945	-0.0950492396	-0.0611357304	0.0536225347	0.0784518704	-0.0275742117	0.0896776617	0.0864222549	0.1334496391	-0.0012136649	-0.0337430698	0.1351384583	0.1121442528	-0.0650474734	0.0654999675	0.0993316885	0.0145249081	0.0428208946	-0.0183258314	0.0795954705	0.0036344875	0.0233025278	0.0101620451	-0.0745208787	-0.1118563022	0.1001308247	-0.0814902283	0.0	0.143739613296205	0.0071337567580656	5.089048548324664e-05	0.0206610764305425	0.252374189753155	-0.038434153306099	0.0014771841403567	0.0636927316535614	0.3052813399729359	-0.001019433997584	1.0392456754301548e-06	0.0931966965356712	-0.0044503549117834	0.0009799491777364	1.9805658840834632e-05	9.603003909462468e-07	0.0013148557727669	-0.0001341383903068	1.7288457031784416e-06	1.7993107754099452e-08	0.0005169283923221	0.0001434912151662	2.6721496278871094e-07	2.0589728829901392e-08
556.8461847377396	0.0586310263737459	0.0034375972536388	310077.6734569768	721.3153309003534	-0.0576469982677281	0.0033231764092794	520295.8065918863	537.3667258234308	-0.184294853588085	0.0339645930590537	288762.99802219425	591.6306466434464	513.1075316508375	0.992966	18.762165	0.0435877695507937	0.0211811101732317	0.0550300215	0.0110111828	0.025418917	0.012931272	0.1272419691	-0.0901019543	0.0596404951	0.0087665706	0.0185420008	0.0553725482	-0.0513520827	0.1328534373	-0.1096381714	-0.0693020005	-0.0680313117	-0.0450441599	0.1453929788	0.0023567103	0.0615823251	-0.0612049547	0.1144899304	-0.0081439344	0.0733536524	0.0488779122	-0.0088309044	-0.106627552	-0.051567178	-0.0344168202	-0.0522213653	0.1612810261	0.0018863305	0.0283562874	-0.0649746605	-0.0373566907	0.0031814399	-0.0591726079	0.0106624234	0.0489530427	-0.1181868286	-0.0072661329	0.0327568122	-0.0485077851	-0.0698028403	0.1166246002	0.0563861026	0.1126749037	-0.0326924093	0.0235423469	-0.0154950834	-0.1186161814	-0.0267212178	0.1371831635	-0.116953503	-0.0083524197	0.0176440401	0.0113194567	0.086216388	-0.0114485296	0.0922549018	-0.0604370324	-0.009391086	0.0111469422	0.0834416347	-0.0312636907	-0.0411228942	0.1307171306	0.0951231114	-0.0722624844	0.0240727833	-0.0034692303	0.003057478	-0.0347383949	-0.0117980211	0.0196725088	-0.117251094	0.0223307029	-0.07641092	0.0329918931	0.0485954085	-0.0835498318	-0.0190389718	-0.1124910962	-0.0070831829	-0.0439666604	-0.1042228459	0.0092447497	-0.0314304666	-0.0114570915	-0.0003016712	-0.0094764138	0.0196543836	-0.1804085947	0.1294170271	0.036332881	-0.0421592648	-0.0581777249	-0.0160369108	0.0973934975	-0.0019465535	0.0958312582	0.0678885747	-0.015991391	0.0220143911	0.0022994298	0.0344984462	0.0273956154	0.0117818072	0.1291032184	-0.0751003366	-0.1124677771	0.1024987213	-0.0865329627	0.0	0.1355111988735728	-0.0082284144226321	6.770680391058154e-05	0.0183632850201529	0.24014319290076	-0.012230996852395	0.0001495972840032	0.0576687530965716	0.3053196312599624	3.829128702653728e-05	1.466222662148662e-09	0.0932200772327194	-0.0046201899590704	-0.0001698350472869	2.134615525789494e-05	2.8843943286977517e-08	0.0012688864717613	-4.5969301005599874e-05	1.6100728782188404e-06	2.1131766349434456e-09	0.0002709314008399	-0.0002459969914822	7.340382396107056e-08	6.051451981829358e-08
556.8468170870067	0.0006323492671072	3.998655956110152e-07	310078.3776999303	722.7350999795773	1.4197690792238973	2.015744238320273	522346.0247424896	537.8119553518767	0.4452295284459069	0.1982293330001646	289241.69931940903	591.8597706476847	513.3021788724452	1.000559	18.905645	0.0982042398978529	0.0527517546800419	0.0773231719	0.0044089003	-0.060978632	-0.0377318914	0.045421807	0.0898686952	-0.0765435775	0.0469933039	0.0690110871	-0.0544841339	-0.0995112631	0.1066286807	0.0736425831	-0.0327056813	-0.0031956047	0.091739932	-0.0310113466	-0.0832664744	0.0662966813	0.0051779977	0.0813210876	0.1483097382	0.0818863733	-0.0133939578	-0.0192633641	-0.0414390446	0.0899672271	-0.1094862958	-0.0154393855	0.0539967252	-0.0007323643	-0.0177300266	-0.0073694506	-0.0421296249	-0.118182543	0.0510954629	-0.0907493933	0.0036298601	0.2164429043	0.0739544673	0.0013078901	-0.0240751912	-0.1109914204	0.0599307669	-0.0957119953	0.0868147289	0.0398315216	0.020492275	-0.0859134711	-0.0088210852	-0.1198421313	0.1879722828	-0.0847500238	0.0331371282	-0.0837852174	-0.0524302286	-0.0103368815	0.1219024789	0.0495173674	0.0673413538	-0.0490986551	0.0031385489	-0.0401157443	0.0437238459	0.086007567	0.0600632132	-0.0208361999	5.98213e-05	-0.1251156938	-0.0649434363	0.1431287312	0.068273923	0.0515608558	0.0149614305	0.0989380514	0.0259002275	-0.0008231575	0.0148629288	-0.0655333226	0.0440992985	-0.050502096	0.0469531015	-0.0832167325	0.0658625143	-0.133892159	0.0230937774	-0.0369034344	-0.0832046685	-0.0480180643	-0.0709236943	-0.0783099073	0.0829754367	0.002970298	0.1403141532	-0.0977805696	-0.0276118241	-0.0234648499	0.0147434418	0.1624140521	-0.0403340558	-0.0350531263	0.0031380815	0.0277179911	0.109323895	0.0036101848	-0.0202682586	0.1190570447	0.0911074643	0.0219256502	-0.1130292557	0.1046843788	-0.0912295932	0.0	0.1314459221388517	-0.004065276734721	1.6526474929864618e-05	0.017278030446933	0.2814582786036226	0.0413150857028626	0.0017069363066348	0.0792187625945144	0.3119313834949366	0.0066117522349741	4.371526761668603e-05	0.0973011880090652	-0.0050259010138165	-0.0004057110547461	2.5259681000681725e-05	1.6460145994319335e-07	0.0015933404309305	0.0003244539591691	2.5387337288377917e-06	1.0527037162056889e-07	0.0004650088914305	0.0001940774905906	2.162332691094225e-07	3.7666072353944434e-08
557.6391796782792	0.7923625912725356	0.6278384760481274	310961.4547122642	725.1489284421832	2.4138284626059203	5.826567846886461	525840.9684208465	536.7669269675075	-1.045028384369175	1.0920843241372482	288118.7338861416	591.5181046272809	521.9377731162646	1.032893	19.516598	0.0532513732897425	0.0247628734128361	0.0117104748	0.0206958571	-0.0758633635	-0.1184242478	-0.0010269467	0.1510526998	-0.0224494206	0.0306819887	-0.0657445246	-0.0074452615	-0.0367821462	0.119454885	0.0936559515	-0.0781232144	0.0456583149	-0.2057495593	0.0094994716	-0.1153732744	-0.1176166546	-0.0220878414	0.0134346216	0.1565383368	0.0037778926	0.0185912359	0.0397883571	0.057824873	-0.0238703082	-0.0195918078	0.0809623475	-0.0700043538	-0.0349724873	0.0307359732	-0.0274336871	-0.0885978356	0.1201379715	-0.0621872205	0.1071205832	0.0560803431	-0.0589539457	-0.0361461489	0.0471398321	0.0584978971	0.0288150976	-0.126934453	-0.0327250863	-0.0364810133	-0.0451861641	0.0073784407	-0.0189321124	0.0154356751	-0.2152509019	0.0615164534	0.0036772872	-0.1680178692	-0.0035517977	0.1081390048	-0.0869751474	0.1490256115	0.0299242741	-0.0347057876	0.0796130876	-0.0956966437	0.0134345378	0.0206894039	-0.0461522601	0.1485460028	-0.0542626153	-0.0475365983	0.1615183695	0.0930891469	-0.0194280882	-0.0632004082	0.0696908601	0.1012887171	0.0395536901	0.0184983603	-0.0870103801	-0.0327157052	0.0034058217	0.0170922332	-0.0099112883	0.1489844427	-0.0769577164	-0.0793331274	0.0501110837	0.0062360069	0.0374301748	-0.0666522357	-0.0049575864	0.0332138418	-0.1247100532	-0.0735981936	0.0770143092	-0.0450112662	-0.1025699692	0.01270037	-0.0430485623	-0.0059329921	-0.0990660604	0.0585517584	-0.250055193	0.0686226686	0.0605561573	0.0607050269	0.0484460917	0.1282110709	-0.0470777654	0.0050957618	-0.0197932476	-0.1135404882	0.1066839114	-0.0955613349	0.0	0.1507329238434778	0.0192870017046261	0.0003719884347542	0.0227204143304036	0.2846586996140701	0.0032004210104474	1.02426946441137e-05	0.0810305752659733	0.3057347623363426	-0.0061966211585939	3.8398113783134655e-05	0.0934737449008599	-0.0048648718526167	0.0001610291611998	2.3666978142382243e-05	2.59303907567112e-08	0.0013227339040424	-0.0002706065268881	1.749624980903249e-06	7.322789239444002e-08	0.0005247197916641	5.971090023360005e-05	2.7533085976401653e-07	3.565391606706938e-09
556.6291139286451	-1.0100657496341228	1.0202328185839424	309835.97047298856	724.1714515789978	-0.9774768631854158	0.9554610180628	524424.2912820327	535.8618813694113	-0.9050455980961942	0.8191075346332979	287147.95590476505	590.7601138956818	519.8318566427033	0.960669	18.151922	0.0579239329521289	0.031852694557817	0.0258199528	0.0057263393	-0.1008615654	-0.0852995603	0.0296052062	0.1248787822	0.0399097676	0.0018635016	0.1025148023	0.0197721077	0.1053350592	0.0924399723	-0.0061254088	0.1068137601	0.0375308461	-0.0648058268	-0.051539663	-0.1320675246	-0.0701880069	-0.0747252008	0.0076574801	0.0805177627	-0.0875173276	0.1227558807	0.0896527698	-0.0639049892	-0.0703090791	0.0625292076	0.0080330476	-0.0025649258	-0.0309466338	0.1116121668	0.0711247391	-0.0436767895	-0.0378522583	0.0173100071	-0.050778676	0.0268745714	0.0739248172	0.0084395027	-0.0371426721	-0.0369862212	-0.1049180435	0.1077231849	-0.0925656667	0.0133330704	0.0454893148	0.0379193732	0.2057462684	0.0259658907	0.1322036645	-0.0258552036	0.0759780673	-0.1038791689	-0.0936717415	0.0143889755	-0.0305184103	0.1188704502	-0.0128843116	0.0600436952	-0.1268364318	0.0343716953	0.0199992761	-0.0455814942	0.0834073016	0.0337357073	-0.02318846	-0.0677038363	0.1201036848	-0.1220948457	0.0252464399	0.0171214477	0.0047018279	0.0612748687	0.1466722844	-0.090852294	-0.0724495174	-0.0501294779	0.0655174089	-0.0605126069	0.0221319322	-0.0708770742	0.0235213571	0.1069755643	-0.1022039655	0.0134139508	0.0320493604	-0.0975910186	-0.0637470131	-0.1205277709	-0.0257805374	0.0335333968	-0.0279706858	0.0466220187	-0.0713574536	-0.0475958799	-0.0795195996	-0.0288070793	-0.0266655047	-0.0199338236	-0.1410549612	-0.0106457306	0.0099964725	0.0071695347	0.0218699134	-0.0066084253	0.0652462255	-0.0406989874	0.0981368957	-0.1140012473	0.1084937639	-0.0995108621	0.0	0.1420297519386792	-0.0087031719047986	7.574520120447581e-05	0.0201724504357627	0.3120563869210571	0.0273976873069869	0.0007506332697714	0.0973791886182244	0.2990354009935743	-0.0066993613427683	4.488144240097866e-05	0.0894221710473877	-0.0050233103240406	-0.0001584384714239	2.523364661161288e-05	2.5102749227142052e-08	0.0013579638064968	3.522990245439996e-05	1.844065699755278e-06	1.241146026946536e-09	0.0004159139175909	-0.0001088058740732	1.7298438684580994e-07	1.1838718232833069e-08
557.5022924962053	0.8731785675602168	0.7624408108465122	310808.80613852444	723.6094903764023	-0.5619612025955121	0.3158003932225942	523610.6945627966	537.702080467904	1.8401990984926897	3.386332722093308	289123.5273395123	592.2090360927931	517.1276056660389	1.008179	19.049627	0.0270573384007515	0.0136889639589732	0.0453937887	0.0076417281	-0.1142048208	-0.0911984141	-0.0464329441	0.0623048742	-0.0325016592	0.0405939614	-0.104269035	-0.1005284991	0.1047899789	0.1067805602	0.0651673128	0.0388439294	0.0949718278	-0.0586781031	0.0859150509	0.0639490413	0.0171814588	-0.1783704436	-0.071696149	0.1173386847	0.0620533086	-0.0263304739	-0.0616400957	0.0889048408	-0.018452976	0.1153594442	0.0504823941	0.0525719574	-0.1536339218	0.0073561136	-0.0183839835	-0.0545594706	0.1005207754	0.0409520432	0.0898955832	-0.0756760609	0.0316522812	0.1566694599	-0.0092565373	0.1128905154	-0.1628113061	-0.0142655772	0.0579109826	0.0486223853	0.1076632642	-0.1694661093	0.0019536761	0.1405661531	0.0260129928	0.0249883193	0.0235800163	0.1252797124	0.0385988441	-0.01182921	-0.0243981411	0.0761617227	-0.1521706181	0.0358130504	0.1482053914	-0.0650454894	0.0721165247	-0.0800462153	0.1937969241	0.0753662789	-0.0017003456	-0.0863759723	-0.0318188625	-0.0112844675	-0.0587084898	0.0173690585	0.0998203168	0.1129641767	0.0037122919	0.001365821	-0.0896326875	0.0200367067	0.032633393	-0.0729936781	0.0146911048	-0.1537668991	-0.0950753685	0.0690082034	-0.0400567317	-0.0028712562	0.0663989943	-0.1049833012	-0.006210143	0.0956578104	-0.0939952986	0.0154228503	-0.0436526929	-0.0348208018	-0.0268792031	-0.1589455801	-0.1074985296	0.0838157133	-0.1548317459	-0.0219186515	-0.0273210622	-0.1239231689	0.0737546553	0.1121527918	0.0569662743	-0.0243087657	-0.0111279681	-0.0743852456	-0.0048694318	-0.1144113283	0.1101107184	-0.103062378	0.0	0.150905608111401	0.0088758561727217	7.878082279884361e-05	0.0227725025594717	0.3165627817834462	0.0045063948623891	2.030759465576714e-05	0.1002119948104737	0.3008608606690899	0.0018254596755156	3.3323030269335824e-06	0.0905172574825455	-0.0049539161994077	6.939412463290075e-05	2.4541285710754027e-05	4.8155445335665636e-09	0.0013675854439296	9.621637432800142e-06	1.8702899464481207e-06	9.257590688826089e-11	0.0005738907093277	0.0001579767917367	3.293505462526506e-07	2.4956666727452276e-08
557.1842867907468	-0.3180057054585177	0.1011276287041695	310454.32944651315	722.5956092439491	-1.013881132453207	1.0279549507445978	522144.41449863394	537.2047049947304	-0.4973754731736335	0.2473823613146958	288588.8950684753	591.11630769527	515.1373559629175	1.073026	20.274916	0.091738428733541	0.0614230843870791	0.0530508362	-0.0178598365	-0.0817672192	-0.1089475648	0.0210029579	0.0526562955	-0.008071106	-0.0205113223	0.0466369679	0.0264274941	0.0015463266	0.074891744	-0.1197222825	-0.0053815032	0.0496700459	0.0918598554	-0.0631417937	0.0410025545	-0.0554552728	0.0416830037	-0.025310733	0.0141400273	-0.068439001	-0.0531639588	0.0661003665	0.0110168709	0.0637953866	-0.0458046741	-0.0010686631	0.0131594558	0.0093021463	0.009130366	-0.0412900897	0.0414680649	0.0992331469	0.0083724941	-0.0751373453	0.1208595063	0.0328588429	-0.0022682923	0.0257491007	-0.0031298611	0.2069960399	0.1303454692	0.0298153195	0.0977969098	-0.0686566591	-0.0332593498	-0.0993855432	0.0536008194	-0.0747246252	-0.0869714626	0.0931865305	-0.019742092	0.0429917905	-0.0654546962	-0.0287049718	0.0304344762	-0.0268592799	0.0748823252	-0.0773278361	0.0891415471	0.0054228972	0.0416925774	-0.037790084	0.0175032552	0.0296234521	-0.0445900814	-0.0640219312	-0.1115791049	-0.0320310628	-0.1018160343	-0.0130883395	-0.0841210004	-0.14453744	-0.1288075871	0.0137615021	-0.0124350987	0.0500224203	-0.0428202849	-0.1137199378	0.08645349	-0.0788730165	-0.0241768607	-0.0277608162	0.0383932292	0.0138949766	-0.0788188906	-0.091038708	-0.1105667403	-0.0160366218	0.0208514179	-0.0394066085	-0.0736482724	-0.0267741342	-0.044026936	-0.0286459028	0.0998440623	-0.0070804785	-0.0568649864	-0.0182979418	0.0203015691	0.0264471425	0.0378294456	-0.1676174441	0.0675382106	0.0045040896	0.0371372414	-0.1054854217	-0.1147705489	0.1115319001	-0.1062016776	0.0	0.1599524325890371	0.0090468244776361	8.18450331291558e-05	0.0255847806911504	0.2637438497811359	-0.0528189320023103	0.0027898395778646	0.0695608182973743	0.3073356721452995	0.0064748114762095	4.192318365245549e-05	0.094455215373003	-0.0044889117958209	0.0004650044035868	2.015032911066001e-05	2.162290953551156e-07	0.0013697234817482	2.1380378185998678e-06	1.8761424164524116e-06	4.57120571376328e-12	0.0005730759351854	-8.147741422999833e-07	3.284160274886208e-07	6.638569029606736e-13
557.4292870169039	0.2450002261571171	0.0600251108170385	310727.41002417385	722.0135373315629	-0.5820719123861409	0.3388077111888593	521303.5480900362	536.6349969542853	-0.5697080404451071	0.3245672513478038	287977.11995612574	590.7443345241057	517.6647998904616	0.917812	17.342136	0.1802626646427649	0.1138359913908811	0.0393189242	-0.0007573395	-0.0244228732	-0.1043971023	-0.0369724718	0.0120112871	-0.0337183239	0.0032541962	-0.0289505594	0.0439915649	0.150836809	-0.0220580292	0.0174871007	-0.0757516757	0.0160454838	0.1061085203	-0.0338063965	0.043336275	-0.1465504811	0.0302506742	-0.0727012167	-0.0071698977	-0.0848768324	-0.0237282844	0.0357429391	0.1183672452	-0.046539968	-0.042545385	-0.1710067573	-0.0308080711	-0.0336182719	0.1880848685	0.0182014395	0.2156374238	-0.1903923286	-0.1060190526	0.0372884558	0.0578799399	0.0720409932	0.0043848577	0.0551441433	-0.0347605531	0.0193096722	0.1430524486	0.0807836024	0.0112051171	-0.0415850568	0.0727513289	0.0580821165	0.1213913364	0.005440132	0.0869074781	0.0406329874	-0.0024616457	0.0170730036	0.1033121497	-0.0385556243	0.0079266172	-0.0838705263	0.0417671195	0.0053278943	-0.0365609872	0.0347331852	0.1212819822	0.0168162933	-0.0915023283	0.1453435611	-0.1421118034	-0.01561478	-0.1785448693	-0.0700781947	-0.012725557	-0.0947619926	-0.0036595821	-0.1020298612	-0.0460900216	0.0173956014	-0.0305134625	0.1406280347	-0.1019815118	-0.0478909586	0.1251405217	-0.0540336443	0.0878169356	0.1915816475	0.0007995643	0.1047503609	-0.1132876558	0.018215154	0.033718887	-0.0154651286	0.1056549451	-0.0731994605	-0.0349106848	0.0639169173	-0.0331564909	-0.1684210283	0.1047610174	-0.1111354141	0.046601102	-0.1233090536	0.0679751163	0.0504340298	-0.0454847978	-0.106381622	0.0457012792	-0.0332565446	-0.0562048238	-0.0917345104	-0.1150787493	0.1127547821	-0.1089162049	0.0	0.1600644402196991	0.0001120076306619	1.2545709326513245e-08	0.0256206250228456	0.3649253025709384	0.1011814527898025	0.010237686388655	0.1331704764564909	0.3421830221518149	0.0348473500065154	0.0012143378024765	0.1170892206489494	-0.0049100508133922	-0.0004211390175713	2.4108598990093403e-05	1.7735807212092008e-07	0.0018281026252535	0.0004583791435053	3.341959208458739e-06	2.1011143920065257e-07	0.0005759948584245	2.918923239100053e-06	3.317700769314598e-07	8.520112875758348e-12
558.0107039070649	0.5814168901609946	0.3380456001644821	311375.94567485806	723.5581843820514	1.5446470504884928	2.3859345105828007	523536.4461862507	537.3629679160543	0.7279709617690742	0.5299417211789909	288758.9592875505	591.6987603309827	516.1595045742013	0.943752	17.832273	0.1427509894679569	0.0837440368017277	0.0561216651	-0.040831658	-0.0270166994	-0.0196028944	-0.0500014362	-0.0055040711	0.0072745183	0.041942732	-0.0718788547	0.0850622988	0.0778116218	-0.0725362708	-0.0855149463	-0.0206872697	0.0675206184	0.0897552209	-0.0669965047	-0.028056743	0.0457120051	-0.1366026057	-0.0513578978	-0.0314901186	0.0289287223	-0.0922415138	0.0797828252	0.0155443908	-0.0604614334	0.1112960363	-0.0112036317	-0.2356036519	0.0847011195	0.0939141767	-0.03061815	0.0080758613	-0.0447836482	-0.0251824137	0.0146840903	0.0139348168	0.0211541492	0.0395873595	-0.0210345373	0.0205178775	0.0954700884	-0.0568040636	-0.1371657085	0.0269139472	-0.0952730423	-0.0734930481	0.0299746343	-0.0350567807	0.0065897779	-0.1047980346	0.0621998448	-0.0330071415	0.0515171582	0.07515285	0.0299277385	-0.0073434316	-0.0911999379	0.0276114883	-0.0167792245	0.0644160005	-0.0496673867	0.0096016641	-0.0240425849	-0.0306679211	0.0033785401	-0.0973490026	0.0748804096	-0.0291205631	-0.0868037799	0.1368021921	-0.1061617216	-0.0963540964	0.0202897635	-0.0347960655	-0.0069462821	-0.1939407422	-0.1019111055	-0.0131023822	-0.0427722019	0.0297804441	0.0174426343	-0.0501569911	-0.0035524071	0.0297678058	0.0230347167	-0.0818806022	-0.0614265584	-0.0194557038	0.0811769058	-0.0123953748	-0.0704791708	-0.0504974909	0.0772570217	0.058593511	-0.0458932238	-0.0550064824	-0.0500606018	0.0699673099	-0.0245675388	-0.0091366528	0.0421909562	-0.1227485643	-0.0409756938	0.1030007157	0.0093330648	0.0975451445	0.1424651853	-0.1153357926	0.1137771902	-0.1111951025	0.0	0.1449232885141071	-0.0151411517055919	0.0002292544749717	0.0210027595537431	0.2898873190350031	-0.0750379835359353	0.0056306989731393	0.0840346577373016	0.3197834573539353	-0.0223995647978795	0.0005017405031344	0.1022614595972361	-0.0046708499835571	0.0002392008298351	2.181683956889536e-05	5.7217036993800523e-08	0.001628047911321	-0.0002000547139325	2.650540001556671e-06	4.0021888566614415e-08	0.0004118046136211	-0.0001641902448034	1.6958303979962345e-07	2.6958436488600433e-08
558.4171153157365	0.4064114086716017	0.1651702330984356	311829.6746775486	722.2421446340286	-1.3160397480228312	1.731960618375997	521633.71548556106	538.197067215419	0.8340992993646523	0.6957216412006039	289656.0831592782	592.0424419738434	519.2025145808738	0.922651	17.433556	0.0498688962073757	0.027394450951407	0.031565971	-0.0581032382	-0.0336075124	0.0833868758	-0.1131583596	-0.0525890285	-0.0263545693	-0.0275389132	-0.0582491553	0.0090459209	0.0647025467	-0.0862763567	-0.0219474352	-0.0275271682	-0.0469666403	0.0460261275	-0.0102283192	-0.0816135193	-0.0817075437	0.077339913	-0.0813752917	-0.0686101908	0.080586685	-0.0513888784	0.001571745	0.0256108843	0.1436652798	-0.0891891166	0.0215287113	0.182672434	0.0479897871	-0.0071324154	-0.0341271983	0.0048170172	-0.1174909712	-0.1556857255	0.0143278394	-0.0679087614	-0.0182934269	-0.0239963971	-0.1111531899	-0.0066692818	-0.0766350117	0.0468550517	-0.0264052019	0.0450088675	0.0388846006	-0.0656464624	0.0531822615	-0.0283992319	-0.0647767241	-0.1359015347	0.1584493356	0.0090433422	0.0519627969	0.0738678741	0.0240054662	-0.0392181034	-0.0472609469	0.0172807002	0.0485536083	0.0450272437	-0.0081499602	0.1264852862	-0.0366167128	-0.0607087728	0.0621706361	0.1467554205	-0.0162329224	-0.0110371151	0.1234346724	0.0157568706	0.1750303374	-0.0438907245	-0.0504945556	0.0229211798	0.0262927993	-0.0387201002	-0.0782123785	0.0557717142	-0.1297002416	-0.0469791178	0.0217247639	0.0139240712	0.0589576919	0.0206005177	0.0117773808	-0.0727023812	0.0022423207	0.1194096419	0.0381503753	0.0761019581	-0.1160865647	0.0235927864	0.0285928605	0.0894381395	-0.0366184908	0.0519407079	0.0426499298	0.0132430888	0.084680115	-0.0458149848	0.0388945876	-0.149807232	0.0126037361	0.1957221829	0.0499177817	-0.0521314666	0.1152744231	-0.1155415645	0.1145973067	-0.1130292557	0.0	0.1295040045765034	-0.0154192839376036	0.0002377543171484	0.016771287201351	0.3069215670296472	0.017034247994644	0.000290165604743	0.0942008483079342	0.3338454363783683	0.0140619790244329	0.0001977392540835	0.1114527753906631	-0.0047208682932904	-5.00183097333004e-05	2.2286597442594616e-05	2.501831308576374e-09	0.0016405281327342	1.2480221413199884e-05	2.6913325542923607e-06	1.5575592652249287e-10	0.0004163737874885	4.569173867400027e-06	1.733671309075186e-07	2.087734983053132e-11
557.6551301066025	-0.7619852091339681	0.580621458938937	310979.2441342118	722.2389063198495	-0.0032383141790433	1.0486678722192883e-05	521629.0378020925	537.6244715171285	-0.5725956982904563	0.3278658337007353	289040.0723740717	591.6242724981064	516.3660444155645	0.871185	16.461109	0.1492137374668568	0.0931113623252587	0.0465584332	-0.0563556583	-0.0698092685	0.1119765311	-0.0699804	-0.0520688731	0.0811578971	-0.0231126754	-0.069699276	0.0066251119	0.0213034516	-0.0343839128	-0.1032078284	-0.008937197	0.0178866693	0.0139326979	-0.0533971994	0.0168455489	0.0051229169	-0.0652238672	-0.0191553636	-0.0280324675	0.0484052265	-0.0673655931	0.100051691	-0.0296260639	0.0495166111	0.0233595374	-0.0089424627	-0.0797456007	-0.0120298527	-0.0541730091	-0.0521211107	0.0419647475	-0.0793614091	-0.0766352857	0.0342440413	0.0274200339	0.073625592	0.032522911	0.1812759746	-0.0852940022	-0.0101183573	-0.0657218614	0.0335549901	-0.0637661861	-0.0908074278	0.0052917044	-0.016472121	-0.0989950555	0.0447651413	-0.0088755276	0.0003718596	0.1149002126	-0.0751015726	0.0842685453	0.0487098947	-0.0100660466	-0.0394972906	0.0179200095	0.0270145656	0.1016835172	-0.0146589985	0.0171352969	-0.0632907484	-0.0205429294	0.0250712954	0.0088495295	0.0617477742	0.0306212497	-0.0548641595	-0.0113167046	0.0436735212	-0.0643439518	-0.0345839931	0.0563258635	0.0789618477	-0.0623590846	-0.134675581	-0.0735440425	-0.074756477	0.1479854451	-0.0406902341	-0.0995865615	0.057367301	0.0771908217	-0.0465620541	-0.0596821034	-0.0855282098	0.0173008387	0.0338564561	-0.0581312601	-0.0558564555	-0.0929399697	0.0698508352	0.0567449257	0.0236786371	-0.0505850127	-0.0041402816	0.0459285152	0.1078596058	-0.0322321035	0.0851188696	-0.0976642627	-0.030720092	0.093058233	-0.0488437982	0.0451382837	0.1510699337	-0.1156959735	0.1152136733	-0.1144113283	0.0	0.1460434516338011	0.0165394470572977	0.0002735533089611	0.0213286897651144	0.2246019809995658	-0.0823195860300813	0.0067765142441639	0.0504460498689293	0.3149647512008755	-0.0188806851774927	0.0003564802727715	0.0992027944990294	-0.0042263053125343	0.0004945629807561	1.7861656594755648e-05	2.445925419343586e-07	0.0015467157700672	-9.381236266699992e-05	2.392329673374572e-06	8.800759389164721e-09	0.0003752687468719	-4.110504061660003e-05	1.4082663237880614e-07	1.689624364092338e-09
556.7953758964584	-0.8597542101441604	0.7391773018606091	310021.0906196784	722.4708225759564	0.2319162561068424	0.0537851498466145	521964.0894735791	536.9412256524114	-0.6832458647171507	0.4668249116530869	288305.8798051138	591.6079223940224	512.4512552790543	0.778835	14.716144	0.1289356941180278	0.0874256390407736	0.0805467067	-0.0474718863	-0.0819466375	0.1000606725	-0.073252348	-0.0349851711	0.0121869512	0.0618471132	0.0662109234	0.0200609814	0.1160405962	-0.0575324863	-0.0847306865	0.0120971973	-0.0310172453	0.0646062813	0.0010946997	-0.044626943	0.007367544	0.0169921427	-0.0518864839	-0.021604467	-0.0166556849	-0.0502595205	0.1568797064	0.0201616521	0.0505740492	0.0537562002	0.0600609901	0.0582605701	0.0467430337	-0.048445578	-0.0396357747	0.0258832854	-0.0627275591	-0.1137102538	-0.0586263157	0.0952423056	-0.0130571425	-0.0293851184	0.1508779611	0.0217010049	0.0157403326	-0.0312183212	0.0551288728	-0.1056336547	-0.0578015136	0.0168490179	-0.0028202271	0.0736962981	0.0030439189	-0.0666110748	-0.0098793638	0.0087798175	-0.0506754037	-0.0982554262	0.0701554612	-0.005613436	-0.0757348692	0.0588982608	-0.05623417	0.0907330004	0.0070814341	0.0538977041	-0.0503709765	-0.0706269253	0.0534579503	0.0637804501	0.0585679305	0.1190058349	0.0891838329	0.0419542429	0.0641078766	0.0040255177	-0.0508385968	0.0222187078	0.0428714141	-0.0801640437	-0.0635607686	-0.043516569	-0.0219753348	0.1233446157	0.0344286337	0.0645872971	0.0407799334	0.0527994137	-0.0033657911	-0.0974562413	-0.039027869	-0.008227605	0.0703990082	0.0659198192	-0.1358791192	0.0141644969	0.0749886729	0.1066256636	-0.0206505068	-0.0434184605	0.0120430876	0.0518846388	0.0593931818	-0.0540656852	0.00030968	-0.1127882326	0.0271534835	0.0787149052	-0.0400211701	-0.0015022017	0.1982158114	-0.115798951	0.1156251942	-0.1153357926	0.0	0.1433585628183635	-0.0026848888154376	7.208627951261933e-06	0.0205516775333466	0.3031795686021468	0.0785775876025809	0.0061744372734412	0.0919178508177838	0.3185163028778248	0.0035515516769492	1.2613519314041105e-05	0.1014526351989582	-0.0047430137671336	-0.0005167084545992	2.249617959521886e-05	2.669876270543963e-07	0.0017126445729964	0.0001659288029292	2.9331514334140213e-06	2.753236764151729e-08	0.0005750648098046	0.0001997960629327	3.306995354756008e-07	3.991846676340743e-08
556.5529046009202	-0.2424712955381665	0.0587923291599568	309751.135619721	720.4694998426723	-2.001322733284041	4.005292682759507	519076.3002035504	537.2160661905119	0.2748405381005341	0.0755373213833911	288601.1017732085	591.0890693769351	507.5277115478006	0.930402	17.580017	0.124877006495176	0.0664640003541635	0.1144047141	-0.0376763426	-0.0527446439	0.0783686549	-0.0545745197	-0.0635718119	-0.0202570847	-0.0004924591	-0.0891828493	-0.1084695239	0.0289973021	-0.0415161896	-0.0148927181	0.0155130735	0.0222703157	-0.0457032789	-0.102829485	0.0167971617	-0.0355989483	0.0559369422	0.0506070074	-0.0107263709	-0.095850949	-0.0522620518	0.0307758677	0.0905860359	0.0912588969	-0.0104582815	-0.0263040269	-0.029038259	-0.0842754126	0.0764670135	-0.0069432917	0.0433378773	0.0205863612	0.0088300415	0.0887885716	0.0562189936	0.0681545831	-0.057509765	-0.059432797	-0.0179524019	0.0612316858	0.0095487353	-0.0305002545	-0.0863577809	0.0693867141	0.1350986886	-0.0124339837	-0.0321175065	0.1072099272	0.0512429899	0.1223191789	0.0901453332	-0.046335018	0.0467923215	0.0621682356	0.0163179674	-0.0341277043	0.0673933127	0.0982048774	-0.0377479793	-0.0414652007	0.0168804973	-0.0661568692	-0.0067614162	-0.0269809481	-0.0582607225	0.026092126	-0.1353810661	-0.0356020908	-0.1312990996	0.0359854946	-0.0491880697	-0.0681244229	-0.0573464588	-0.0083126122	-0.0386364724	-0.0581945688	0.0851831616	0.0221440823	0.0232030266	0.0934934042	0.0448869173	0.1142804808	0.0628484515	-0.0736140093	-0.0760075986	-0.0261080244	0.0726400561	0.0204290476	-0.0549083895	-0.002118807	-0.0516274631	0.0267698998	0.0684249232	0.0608394694	0.0541589586	0.0691287562	-0.1840647123	-0.026020883	-0.0544827661	0.1522852614	-0.0887558484	-0.0667416755	0.0555141647	-0.0331749199	-0.034481092	0.0441378813	-0.1158504512	0.1158311377	-0.115798951	0.0	0.1401672178519817	-0.0031913449663818	1.0184682694450584e-05	0.0196468489603648	0.2548339859069699	-0.0483455826951769	0.0023372953661361	0.0649403603732337	0.3008433598480025	-0.0176729430298223	0.0003123329153353	0.0905067271646347	-0.0041571984358377	0.0005858153312958	1.728229883493142e-05	3.431796023813245e-07	0.0015240121182416	-0.0001886324547548	2.322612936547249e-06	3.5582202986821665e-08	0.0002361698797794	-0.0003388949300252	5.577621211501625e-08	1.1484977359678525e-07
