global_signal	global_signal_derivative1	global_signal_power2	global_signal_derivative1_power2	csf	csf_derivative1	csf_derivative1_power2	csf_power2	white_matter	white_matter_derivative1	white_matter_derivative1_power2	white_matter_power2	csf_wm	tcompcor	std_dvars	dvars	framewise_displacement	rmsd	t_comp_cor_00	t_comp_cor_01	t_comp_cor_02	c_comp_cor_00	c_comp_cor_01	c_comp_cor_02	c_comp_cor_03	c_comp_cor_04	c_comp_cor_05	c_comp_cor_06	c_comp_cor_07	c_comp_cor_08	w_comp_cor_00	w_comp_cor_01	w_comp_cor_02	w_comp_cor_03	w_comp_cor_04	w_comp_cor_05	w_comp_cor_06	w_comp_cor_07	w_comp_cor_08	w_comp_cor_09	w_comp_cor_10	w_comp_cor_11	w_comp_cor_12	w_comp_cor_13	w_comp_cor_14	w_comp_cor_15	w_comp_cor_16	w_comp_cor_17	w_comp_cor_18	w_comp_cor_19	w_comp_cor_20	w_comp_cor_21	w_comp_cor_22	w_comp_cor_23	w_comp_cor_24	w_comp_cor_25	w_comp_cor_26	w_comp_cor_27	w_comp_cor_28	w_comp_cor_29	w_comp_cor_30	w_comp_cor_31	a_comp_cor_00	a_comp_cor_01	a_comp_cor_02	a_comp_cor_03	a_comp_cor_04	a_comp_cor_05	a_comp_cor_06	a_comp_cor_07	a_comp_cor_08	a_comp_cor_09	a_comp_cor_10	a_comp_cor_11	a_comp_cor_12	a_comp_cor_13	a_comp_cor_14	a_comp_cor_15	a_comp_cor_16	a_comp_cor_17	a_comp_cor_18	a_comp_cor_19	a_comp_cor_20	a_comp_cor_21	a_comp_cor_22	edge_comp_00	edge_comp_01	edge_comp_02	edge_comp_03	edge_comp_04	edge_comp_05	edge_comp_06	edge_comp_07	edge_comp_08	edge_comp_09	edge_comp_10	edge_comp_11	edge_comp_12	edge_comp_13	edge_comp_14	edge_comp_15	edge_comp_16	edge_comp_17	edge_comp_18	edge_comp_19	edge_comp_20	edge_comp_21	edge_comp_22	edge_comp_23	cosine00	cosine01	cosine02	non_steady_state_outlier00	trans_x	trans_x_derivative1	trans_x_derivative1_power2	trans_x_power2	trans_y	trans_y_derivative1	trans_y_derivative1_power2	trans_y_power2	trans_z	trans_z_derivative1	trans_z_derivative1_power2	trans_z_power2	rot_x	rot_x_derivative1	rot_x_derivative1_power2	rot_x_power2	rot_y	rot_y_derivative1	rot_y_derivative1_power2	rot_y_power2	rot_z	rot_z_derivative1	rot_z_power2	rot_z_derivative1_power2	motion_outlier00	motion_outlier01	motion_outlier02
546.6495289158939	n/a	298825.7074639688	n/a	654.4190899046127	n/a	n/a	428264.3452315816	518.3868862765652	n/a	n/a	268724.9638635125	589.8421187692134	528.6668638746561	n/a	n/a	n/a	n/a	0.0	0.0	0.0	0.0	0.0	0.0	0.0	0.0	0.0	0.0	0.0	0.0	0.0	0.0	0.0	0.0	0.0	0.0	0.0	0.0	0.0	0.0	0.0	0.0	0.0	0.0	0.0	0.0	0.0	0.0	0.0	0.0	0.0	0.0	0.0	0.0	0.0	0.0	0.0	0.0	0.0	0.0	0.0	0.0	0.0	0.0	0.0	0.0	0.0	0.0	0.0	0.0	0.0	0.0	0.0	0.0	0.0	0.0	0.0	0.0	0.0	0.0	0.0	0.0	0.0	0.0	0.0	0.0	0.0	0.0	0.0	0.0	0.0	0.0	0.0	0.0	0.0	0.0	0.0	0.0	0.0	0.0	0.0	0.0	0.0	0.0	0.0	0.0	0.0	0.0	0.0	0.0	0.0	0.0	1.0	0.0173159222459844	n/a	n/a	0.0002998411632289	-0.1240046643965797	n/a	n/a	0.0153771567921083	-0.2174611133206241	n/a	n/a	0.0472893358066453	0.0010906723857611	n/a	n/a	1.1895662530618096e-06	-0.0006071905722355	n/a	n/a	3.68680391011674e-07	0.0005678315457042	n/a	3.22432664296821e-07	n/a	0.0	0.0	0.0
542.8380786750811	-3.81145024081286	294673.1796596535	14.52715293819241	637.5092502098299	-16.909839694782818	285.94267850325264	406418.0441030996	518.4799343367001	0.0930480601349472	0.0086579414948767	268821.4423097889	584.171227454117	516.1565161821961	1.182941	25.437881	0.2080682633906506	0.1237659623591122	-0.0387298931	-0.0444890613	-0.0185814944	-0.0673077694	0.0235300218	-0.0220007954	0.0617866619	-0.0034745515	0.1910101505	-0.0685206014	0.0822732449	-0.0557551489	-0.0789175904	0.0052498992	-0.0663606018	0.0440764774	0.0380566898	-0.0767146948	0.0616872805	-0.0081531319	0.0269454405	-0.0446444343	0.1411680051	-0.0004420242	-0.1038179181	-0.0087463836	0.0598142841	-0.0877733792	0.0564005644	-0.0229816785	0.0169267267	-0.1527244547	0.0813119806	-0.0035035657	0.0607527449	-0.0783706881	0.0544384563	-0.147874825	0.054885169	-0.135598409	0.0557838389	-0.0092137896	-0.0309922182	0.1353126023	0.0059629418	-0.0222306972	0.0598476389	-0.0925437638	0.023226297	-0.0422755999	0.1360097567	0.015554789	-0.1311862878	0.0381871338	-0.029794835	0.1887142052	-0.0752301286	0.1516269955	-0.0182475404	0.1098082431	-0.0730341727	0.1495319973	-0.1555450329	-0.0327742884	0.0913465744	-0.1115682855	0.1099200784	-0.0355358823	-0.0269835834	0.1219575679	-0.014390539	0.0612916508	-0.1469670873	0.0170845221	-0.1111196687	0.0256883281	-0.1082032396	0.0768220209	-0.0114607853	0.0078530508	-0.0015406923	0.0228630549	-0.0385119893	0.1776882879	-0.184997283	0.0647149765	-0.147925055	0.1147247944	0.06733912	-0.001319565	0.0490808831	0.1158504512	0.1158311377	0.115798951	0.0	-0.0016495378473706	-0.018965460093355	0.0003596886765526	2.720975109908033e-06	-0.0688236105054329	0.0551810538911468	0.0030449487085376	0.0047366893630035	-0.1244676529850252	0.0929934603355989	0.0086477836651886	0.0154921966396006	0.0004081352735631	-0.0006825371121979	4.658569095275851e-07	1.665744015264265e-07	-0.0005023908171393	0.0001047997550962	1.09829886682235e-08	2.523965331458936e-07	0.0005366026315874	-3.1228914116800057e-05	2.879423842265229e-07	9.75245076914474e-10	0.0	0.0	0.0
542.2475286110953	-0.5905500639858019	294032.38228484057	0.3487493780736347	635.3062626897952	-2.2029875200347533	4.853154013428872	403614.0474128751	518.2679352304597	-0.2119991062404551	0.0449436210467517	268601.65268804395	582.052395803241	515.1464993570753	0.948715	20.401098	0.1237429097646086	0.0705054434128923	-0.0373367207	-0.1150883832	0.0195430847	-0.0390559973	-0.0470516006	-0.0658199001	-0.0501428409	0.0825238865	0.134855564	-0.1320580266	0.1512866167	-0.0721721004	-0.0905466904	-0.0519724248	-0.0699317797	-0.0095764588	-0.0976635156	-0.0618204824	0.0660452983	0.0174820155	-0.0045727925	-0.0616410176	-0.0441245059	0.0285748476	-0.1705482946	-0.0944367547	0.0323086614	0.0409887944	0.0230009113	0.0951983538	0.0535451391	0.1932626058	-0.0329549018	-0.0217242059	0.0597476956	-0.0138608622	0.0289319825	0.049098674	-0.0519911818	-0.0373971536	0.0580325234	0.0345400951	0.0637717035	0.0272673564	0.0946446344	-0.0138436438	0.0634786911	-0.0244517562	-0.0452485112	-0.1198706681	0.060739908	-0.0151994782	-0.0605314948	0.1664639419	0.015255429	0.1667236169	0.0890612938	0.132188705	0.0350449047	0.0510197066	-0.0635219307	0.1067829187	-0.0927793138	-0.0827296416	-0.0541497118	0.0937189077	-0.0413068067	-0.1054743698	0.0419059338	0.084328307	0.0944948081	0.0653444523	-0.1201486594	0.0930836565	-0.0981022884	-0.1623571939	0.0451008975	0.0318323163	0.0908420999	0.0148682929	-0.0481086101	-0.0474234457	-0.0130987684	0.1385999729	-0.0572008041	-0.0427885765	0.0077521691	0.1633091821	0.0205402992	-0.1336613317	-0.0964092639	0.115798951	0.1156251942	0.1153357926	0.0	-0.0061598484750646	-0.004510310627694	2.0342901958289445e-05	3.794373323575568e-05	-0.1136511082110587	-0.0448274977056258	0.0020095045505478	0.0129165743976017	-0.1419909860771682	-0.017523333092143	0.0003070672026581	0.0201614401271665	0.001120020768475	0.0007118854949119	5.067809578659608e-07	1.2544465218153294e-06	-7.71999548074831e-05	0.0004251908623318	1.807872694104741e-07	5.959833022277432e-09	0.0005360436220482	-5.590095391999617e-07	2.873427647385535e-07	3.1249166491655345e-13	0.0	0.0	0.0
542.5693218643512	0.3217932532559189	294381.46902834193	0.1035508978410279	635.3154395798506	0.0091768900554143	8.421531108916248e-05	403625.7077685388	518.9419447536513	0.6740095231916712	0.4542888373530639	269300.7420247017	582.7590029431309	516.7148278126033	0.956182	20.561666	0.2054930268565267	0.1344302115761545	-0.0269845805	-0.009477134	-0.0909554176	-0.0428177963	0.0146225597	0.0725890585	-0.0099003741	-0.1023735252	0.1893221136	-0.0155675755	0.1274731965	-0.0613330342	-0.0972167609	0.0565276667	0.0740938563	-0.0048965491	-0.0179068882	-0.0396517746	0.0175962339	0.0542053601	0.0775981992	0.0286691443	0.0904685849	0.0980188392	-0.0319986956	0.0504811782	0.0074525474	-0.1438842806	0.1190054301	0.1183874115	0.1349087824	-0.1366076029	0.0651423108	0.0935603975	0.0738500581	0.0512496716	-0.0425345709	0.0921166969	-0.035774172	0.0212799189	-0.0897523492	-0.0690880484	-0.0999768955	-0.023063726	0.0018482015	-0.0191544415	-0.0413209412	-0.1235363171	0.0799816934	-0.0902151738	0.1192013913	0.0767236159	-0.0184617734	0.0062953882	-0.0176491881	0.0950780475	-0.0138042441	0.0685197459	0.0040627572	0.1517476509	-0.0929205584	-0.0258629468	-0.1466796409	0.0013464198	-0.1161955679	-0.052123547	0.1070234377	-0.0014041343	-0.0605079965	0.1490894718	-0.0333511406	-0.0219729835	-0.1180999916	0.0505743245	-0.0615038681	-0.0247328245	-0.0953986188	0.1727922682	0.0074926525	0.0265406544	-0.0003869586	0.0359103769	-0.0384288906	0.1021922248	-0.0370934249	-0.0149548316	-0.0348738827	0.1424999593	-0.0061850574	-0.0954038695	-0.0336441022	0.1156959735	0.1152136733	0.1144113283	0.0	-0.0124130775568431	-0.0062532290817784	3.910287394920037e-05	0.0001540844944322	-0.0086606923794931	0.1049904158315656	0.011022987416485	7.500759249220984e-05	-0.0974318722796212	0.044559113797547	0.0019855146224227	0.0094929697359124	0.0001270204081608	-0.0009930003603141	9.860497155841309e-07	1.613418408933623e-08	-7.796584881769597e-05	-7.658940102128753e-07	5.865936348799599e-13	6.078673581863824e-09	0.0005360045134599	-3.910858829999069e-08	2.873008384493841e-07	1.5294816788181689e-15	0.0	0.0	0.0
541.3570888548196	-1.2122330095315874	293067.4976533651	1.4695088693980096	631.8224445709401	-3.4929950089104977	12.201014132273649	399199.60146359866	518.0118121167163	-0.9301326369350136	0.8651467222916818	268336.2374924442	581.2260782951199	514.5517191516303	1.029987	22.148764	0.223264510130822	0.1502897785059868	-0.0237082047	-0.1296316003	0.10862913	-0.0265550678	-0.1076214692	-0.0817349437	-0.1223590968	-0.0592182643	0.0310725419	-0.0428255532	-0.0060435281	-0.0143016731	-0.1200338895	-0.086542493	-0.0883904106	0.0645504152	-0.0195329161	-0.018710738	0.0519028692	-0.0915859212	0.0610842435	-0.0516695873	0.1470847434	-0.0424423954	0.0329457678	0.0481571157	0.0514240828	-0.0321146542	0.0772266661	0.0480374677	0.0883001792	-0.0288946196	0.036617168	0.0501466067	0.0323224689	-0.073521846	0.032318191	-0.0311935558	-0.0412857757	-0.0865201701	-0.0720535741	0.012365616	-0.0070632524	0.0240042277	0.1238949432	-0.0096188259	0.1121679254	-0.0170950569	-0.036680601	0.0147653956	0.1085418702	-0.0509934039	-0.0141983772	-0.0118183492	-0.0976479707	0.1587288929	-0.0178882464	0.1385284163	0.0369500047	0.0276301648	-0.0380589426	-0.0237013691	-0.0508015688	-0.0148578505	-0.0268767152	0.0389966615	0.0691811742	-0.1348094908	0.0738372565	0.0735626145	0.0944019517	0.1648110435	-0.1483322735	0.0572173811	-0.0840221342	-0.0315693989	-0.0574516495	0.0620923737	0.0636281469	0.0290160046	-0.0317653064	0.0066420511	-0.0088046106	0.0269681277	0.011185071	0.0347678025	-0.0183898724	0.0909155286	-0.0424391726	-0.0332118961	0.0112009424	0.1155415645	0.1145973067	0.1130292557	0.0	-0.0124768168187614	-6.373926191830144e-05	4.062693509889832e-09	0.0001556709579289	-0.1176660588698723	-0.1090053664903792	0.0118821699237018	0.0138453014099682	-0.1407804474608198	-0.0433485751811986	0.00187909897024	0.0198191343872686	0.0015430217524376	0.0014160013442767	2.005059806993704e-06	2.380916128495602e-06	-7.708614452117679e-05	8.797042965191793e-07	7.738796493143042e-13	5.942273677139754e-09	0.0005360600488331	5.553537319998113e-08	2.873603759549456e-07	3.0841776764611814e-15	0.0	0.0	0.0
540.7894300115388	-0.5676588432808103	292453.207612205	0.3222365623549075	630.2172386040122	-1.6052059669278833	2.576686196260881	397173.76783366647	517.7063874286928	-0.3054246880235496	0.0932842400542826	268019.9035844678	580.9962382096825	514.1915069869968	1.058474	22.761351	0.1690837404577163	0.1033890004822541	-0.0375280982	0.0252289545	-0.1001913871	0.0201559099	-0.0018083673	0.1803369349	-0.1088287852	-0.0321693326	0.0442107455	-0.06656226	-0.0185438898	0.0057293316	-0.0007001261	0.0561086152	0.0117313949	-0.0291396753	0.0035033348	-0.0569223098	0.0600350836	0.0624086909	-0.0745032955	0.0348828204	0.0219996027	0.0132862953	-0.027601788	0.1287858796	0.0219318492	0.0111864041	0.0146755326	0.0277054532	-0.0762592725	0.0697070087	-0.032568902	-0.0784438529	-0.0592621289	-0.0078177992	0.0497790479	0.0095070402	0.0451791217	0.0463994054	0.0246976068	-0.2239495451	-0.0160400163	-0.0908771149	-0.0282993007	0.0075860389	-0.0612777388	-0.0840546369	-0.06207948	-0.1089799687	0.0222843767	0.0746901811	-0.0141366662	-0.0800564694	-0.0214733453	0.0972255703	-0.0874332499	0.0015797985	0.0111748695	0.0423092353	0.1122254356	0.0493317394	0.0265205833	-0.0076287096	-0.0100048118	0.0807659915	0.0590231337	-0.0015564821	0.0201413355	0.1027944927	0.0716352835	-0.0876528714	-0.0917373684	0.1154988173	-0.0842665366	-0.076714694	-0.0502080332	0.1543534332	0.055414822	0.0519836978	0.0234126672	-0.0457210671	-0.0403079217	0.051525036	-0.0135049169	-0.090180043	-0.1057639171	-0.0434275651	-0.0539198119	-0.0802916696	-0.0488837524	0.1153357926	0.1137771902	0.1111951025	0.0	0.0010469465365616	0.013523763355323	0.0001828921752907	1.0960970504183295e-06	-0.0733541535780233	0.044311905291849	0.0019635449505937	0.0053808318471482	-0.0833239703832902	0.0574564770775296	0.0033012467581606	0.0069428840404354	0.0004680203748217	-0.0010750013776158	1.1556279618760825e-06	2.1904307124824458e-07	-7.787445331897125e-05	-7.88308797794457e-07	6.21430760680142e-13	6.064430479728632e-09	0.0005360178405865	-4.2208246599988e-08	2.873151254270145e-07	1.7815360810453985e-15	0.0	0.0	0.0
540.6222152551281	-0.167214756410658	292272.3796273621	0.0279607747614757	629.3207706947111	-0.8964679093011227	0.803654712406726	396044.63242778514	516.9653528742579	-0.7410345544349184	0.5491322108665581	267253.17607240594	579.9872385251944	516.2216287293377	1.082698	23.282263	0.1772988851777192	0.1077010068012604	-0.0208485934	-0.1388274335	0.0269461701	0.0198341332	-0.1385145696	-0.0508018654	0.0747687065	-0.0554578893	0.0112215672	-0.0247311127	-0.0975522382	0.0028802057	-0.0288271394	-0.1612211953	-0.0301302098	0.0466220135	-0.0497993378	-0.0251829004	0.1183488872	-0.088114439	0.115173962	-0.0745134279	-0.0349861664	0.0312722603	-0.0198726931	0.0971350041	-0.1865885106	-0.0436883627	0.037119525	0.0393881916	-0.0147731412	-0.0126923551	0.0099986201	0.0458702955	0.051978575	-0.0449304431	-0.0382820631	0.0062821398	0.0086329458	-0.1325509684	0.0904163378	-0.0701783249	0.060835983	-0.0221026081	0.1404597184	0.005937011	-0.0100912309	0.0482336437	0.0210901287	0.0494349895	0.0646310084	0.0044488918	-0.121313912	-0.0330058993	-0.0154616735	0.1641396322	-0.0283064622	0.1740997524	0.0354436426	-0.0705303513	0.0946488607	0.1036419495	0.069860767	0.0485033405	0.0110984383	0.128151195	-0.0721451589	-0.1563538689	0.0303484654	0.0271955965	0.0498069891	0.1640771894	-0.1406916385	0.1373064082	-0.1010102857	0.0022616039	-0.0342933981	-0.0279421297	-0.0104509622	0.0152604154	-0.0889508685	0.044460307	0.0170668791	-0.076258474	0.0265015803	-0.0421154342	-0.0168837592	0.0296043653	-0.1324960337	-0.0082063031	0.0121807526	0.1150787493	0.1127547821	0.1089162049	0.0	-0.0031298704771813	-0.0041768170137429	1.744580036629216e-05	9.7960892039311e-06	-0.1058044530061863	-0.0324502994281629	0.0010530219329774	0.0111945822759382	-0.1642355979761021	-0.0809116275928119	0.0065466914797178	0.0269733316425678	0.0013080692913728	0.0008400489165511	7.05682182198677e-07	1.7110452710325392e-06	-0.0003227215955494	-0.0002448471422304	5.99501230584078e-08	1.0414922823395053e-07	0.000425711076508	-0.0001103067640784	1.8122992066160025e-07	1.2167582201469853e-08	0.0	0.0	0.0
541.4320262560701	0.809811000941977	293148.6390557538	0.6557938572466466	630.170428863353	0.8496581686418949	0.7219190035398988	397114.7694138222	516.7732588049971	-0.1920940692607473	0.0369001314451528	267054.6010159365	580.6182891338713	517.8060947510451	1.108535	23.837872	0.2110813856119601	0.1161249997476306	-0.0146627819	0.0258228944	-0.0641248479	0.0112830777	0.0128205342	0.0637118486	-0.1031227499	0.1064333293	0.011178275	-0.0407283128	-0.0708952229	-0.0107913723	0.0940071682	-0.0096405497	-0.0407925692	-0.1110286851	0.0890681007	-0.1172201798	0.0590415413	0.0881978068	-0.1224283827	0.1067903066	0.0231358326	0.0644045295	-0.0467732549	0.0395644755	-0.0006295338	-0.0124608332	0.0304167243	-0.0909873762	-0.0095713364	0.0668974942	-0.0469794212	0.0057365154	-0.0679110407	-0.0855721074	0.0690386007	-0.0030763129	0.0674434529	0.0383649996	0.0193599987	0.1705763671	-0.081049737	-0.1481024792	-0.0474241832	-0.0050188685	-0.0366470829	0.0617869675	-0.0764386291	-0.1682946959	0.0351696407	0.053012459	-0.0274347209	0.0236919515	-0.0383900727	0.0009640236	-0.1703218292	0.0348851646	-0.0598944785	0.0374116495	0.1021311311	-0.0537752058	0.049457392	0.0088235685	-0.0086183899	0.0092972987	-0.0846592303	0.0053805346	-0.0153533737	0.1114716074	0.0674320853	-0.1131147908	-0.0367068753	0.0333932213	-0.0505940294	-0.0840021451	-0.0203984024	-0.0621390868	0.019797162	0.0487636912	-0.0952625394	0.0996797178	0.0007340362	-0.1061335303	-0.0999281783	-0.0449150712	0.0622543547	-0.1247850431	0.031650884	-0.127416885	-0.1717753842	0.1147705489	0.1115319001	0.1062016776	0.0	-0.0124770310999764	-0.0093471606227951	8.736941170833128e-05	0.0001556763050697	-0.047600576496265	0.0582038765099212	0.0033876912407821	0.0022658148827767	-0.0910483609929784	0.0731872369831237	0.0053563716572239	0.0082898040395077	0.0004620348097268	-0.000846034481646	7.157743441340161e-07	2.134761653992803e-07	-0.0005789720994946	-0.0002562505039452	6.566432077216898e-08	3.3520869199318505e-07	0.0001211338321768	-0.0003045772443312	1.4673405297837146e-08	9.276729776438752e-08	0.0	0.0	0.0
542.0858781267814	0.6538518707112644	293857.09926448367	0.42752226883262	633.4904996149958	3.3200707516427883	11.022869795913907	401310.21310245694	517.2821963294681	0.50893752447098	0.2590174038146493	267580.8706394384	581.5445053615754	529.936110310398	0.972419	20.910831	0.1809140553490168	0.0861876522871862	0.0369955215	-0.0820946589	-0.0244379402	-0.0551133547	-0.077327149	-0.0357709579	0.1099724545	-0.0325311711	-0.017941258	0.0129270423	-0.0561307838	0.0219395996	-0.0146106349	-0.0719077596	0.081862363	-0.0447050038	0.0482881545	0.0006129701	0.0870148165	-0.0533607583	0.0061669101	0.0273846047	0.0647424923	-0.0833645771	0.0375673705	0.0602110654	0.0093048455	-0.1393740778	0.0475081174	-0.2150089612	-0.0795173574	-0.0241786332	-0.0834656675	0.0136227742	-0.0585813471	0.0990121323	0.0986192326	-0.1188717293	-0.060094338	-0.184474308	0.0032265673	-0.1394611621	-0.1128028425	0.0100261452	0.0657135654	-0.0503896827	-0.0629302469	0.0478404356	0.0786225978	0.0292640109	0.0640424088	-0.0407432327	-0.0795757041	0.0093182902	-0.0456139006	0.01928319	-0.1277239792	-0.0080100988	0.0249783601	-0.087078491	0.0421132056	0.0966590809	-0.0490092073	0.0887550948	0.0018882917	-0.0231385021	-0.0165831932	-0.1081382449	-0.0481827397	0.0343578511	-0.0789868318	0.0969000756	-0.1473873913	0.0569020294	-0.0137500303	-0.0030286546	-0.0478974759	-0.0209031664	0.0767143424	0.0176157233	-0.1309920253	0.0781614971	0.0468811955	0.0017010832	0.0588735265	-0.0639120499	-0.0353773517	-0.0540689672	-0.0549050971	0.1115120816	-0.0901079585	0.1144113283	0.1101107184	0.103062378	0.0	0.0034229131314305	0.0158999442314069	0.0002528082265618	1.171633430531935e-05	-0.0048053994248391	0.0427951770714259	0.0018314271805746	2.3091863632243952e-05	-0.1387896656750413	-0.0477413046820629	0.0022792321727455	0.0192625712981897	0.0009239970720456	0.0004619622623188	2.1340913180670386e-07	8.537705891488418e-07	1.27575993911222e-05	0.0005917296988857	3.501440365433875e-07	1.627563422243615e-10	0.0005569944582547	0.0004358606260779	3.102428265264468e-07	1.8997448536501897e-07	0.0	0.0	0.0
542.7429892816807	0.6571111548993258	294569.9524144145	0.4317950698931257	633.9314980156678	0.4409984006720151	0.1944795893952751	401869.1441763886	516.7225197034004	-0.5596766260676986	0.3132379257665225	267002.162368631	582.0629531843997	533.9482966638806	1.013013	21.783773	0.1945231881254146	0.1091893535915611	0.073243201	0.0410015246	0.0095055222	-0.050614377	0.0341119854	0.0638738317	-0.0811986192	0.1691630527	-0.0851698345	-0.0604984035	0.019830678	0.0237572223	0.0362629987	-0.0692602219	-0.0626476925	-0.0614740776	0.075006114	-0.1204082869	-0.0399740706	0.0100655953	-0.1088401831	0.0214699825	0.0114818505	0.0371712185	0.0029934803	0.0624266631	0.0621835718	0.1149074048	0.0891023552	0.0285421274	-0.0496811766	0.0560630152	0.0070155154	0.0424808058	-0.0379262638	-0.1885435743	-0.0382722516	0.0422370778	0.0449580882	0.0054586347	-0.1645088297	0.2288451917	0.0041989431	-0.1567419011	-0.0489900107	-0.0665685926	0.0118997231	0.0642789103	-0.0937192662	-0.1508109903	-0.0142528832	-0.0612044771	-0.0868255082	-0.0022144428	-0.0487845197	0.0021121083	-0.118578009	0.0250305128	0.065286257	-0.0014151593	-0.001580527	-0.070654989	0.1597661146	0.0332266664	-0.0577850745	-0.0963927045	0.0154470987	-0.001633227	0.041185327	0.0265239067	0.142913828	-0.0580758126	-0.1121965552	0.0060726026	0.0095335005	-0.0499680493	-0.1008954579	-0.0052408046	0.0831648222	-0.0007172336	-0.0528694576	-0.0734742286	0.04867722	-0.0540523401	0.0236802305	0.0536684974	0.0295600609	-0.2047442692	0.1253330696	0.0367195714	-0.0360199181	0.1140012473	0.1084937639	0.0995108621	0.0	0.0133744768836976	0.0099515637522671	9.903362111543644e-05	0.0001788766319125	-0.0887419147264978	-0.0839365153016587	0.0070453386009855	0.007875127429325	-0.0806590777491536	0.0581305879258877	0.0033791652526093	0.006505886823344	0.0007141754303425	-0.0002098216417031	4.40251213269841e-08	5.100465453048951e-07	-0.000600291327836	-0.0006130489272271	3.758289871743253e-07	3.60349678275108e-07	0.0005842143122365	2.7219853981799973e-05	3.413063626219667e-07	7.409204507905118e-10	0.0	0.0	0.0
543.1418667767282	0.3988774950474862	295003.0874457092	0.1591032560553574	635.7756068989382	1.8441088832704509	3.4007375733569893	404210.6223277133	518.4006112549966	1.6780915515962531	2.8159912555387208	268739.19374955416	582.9316904654712	544.6073019656905	0.97964	21.066116	0.0698398626937231	0.0404841188746809	0.1050016946	-0.0080075795	-0.0718290673	-0.0798199787	-0.0339525556	0.0144636183	0.1476860119	-0.0320595367	-0.0129482672	0.0102399517	-0.0373924613	-0.0456111638	-0.0386549653	0.0727818526	0.0744833358	-0.0514818805	-0.0466759911	0.064633249	0.0755855406	-0.1262894655	0.1165497808	0.1234938762	-0.0779535899	-0.0486361103	0.069453311	0.0247387348	-0.0148998755	0.0408855245	-0.045127339	0.0413210142	-0.107720731	0.070320627	-0.1605323874	0.0344118358	0.1196047768	0.034547147	0.0170161665	-0.0438366429	-0.0075702875	-0.0517517297	-0.0097461772	-0.0023708446	0.0977712048	-0.0329855362	-0.0013725598	-0.0858433449	-0.0948816538	-0.0175759474	0.0482063398	0.1224094044	0.0951089096	-0.0828963649	-0.0345086093	0.0608149215	0.0554508284	0.0133041652	0.0013533782	-0.0287854928	0.0508066675	-0.0321040122	0.0153072226	0.01867469	0.0424362399	0.0884347532	-0.0735771364	0.0898413943	-0.0514577076	-0.0611677033	-0.0091628386	-0.0025505057	0.0189520534	0.0838910696	-0.1303157527	0.1457269172	0.0842511127	0.0647727213	0.043583451	-0.0275028417	-0.0575319178	0.0160274106	0.0147674932	0.0635688432	0.0256455287	-0.0004241733	-0.0178539141	-0.0203210772	0.0291347482	-0.0866835169	-0.0200251271	0.0482046283	-0.0607129821	0.1135404882	0.1066839114	0.0955613349	0.0	0.0115954201691721	-0.0017790567145254	3.1650427934982624e-06	0.0001344537688996	-0.0668228548174738	0.021919059909024	0.0004804451872953	0.0044652939259571	-0.1120259386219473	-0.0313668608727937	0.0009838799610131	0.0125498109241283	0.000793152133263	7.897670292050004e-05	6.237319604192921e-09	6.290903064996477e-07	-0.0004597383684337	0.0001405529594022	1.975513439674458e-08	2.113593674100805e-07	0.0006601823538613	7.59680416248e-05	4.3584074034984674e-07	5.771143348307346e-09	0.0	0.0	0.0
542.0545877327506	-1.08727904397756	293823.17608212226	1.182175719472757	633.4989974242819	-2.2766094746563112	5.182950700094885	401320.97973757033	518.779557305894	0.3789460508972979	0.1436001094906575	269132.2290784993	583.3497866337194	532.9262951289228	1.071787	23.04763	0.1678543479796683	0.0933510490813509	0.064820616	0.0644155321	0.1875449655	-0.0185191102	0.0558487792	-0.148231365	-0.1585619094	0.0087128652	-0.1072044946	0.0235689989	0.0561743891	0.0935236015	-0.0754266008	0.0462789864	-0.0910367846	0.0631458206	0.0316586123	0.0051023203	-0.0765148612	0.1001084145	-0.0203588202	0.1686193435	0.0016073214	0.0359637789	0.1262861901	0.0054145251	0.0335714841	0.103201866	0.1085965345	0.0098431081	-0.043545443	0.0002536006	-0.2357573238	-0.0220362144	0.1188156295	0.0184631111	-0.0524796802	-0.0185478738	-0.0845858748	0.1363423914	-0.1124584705	-0.0735851855	0.0550218806	0.2478360055	-0.0556120308	-0.0481382539	0.1754842346	-0.0222179436	-0.0407900563	0.0263001556	-0.0130208711	0.0272116789	0.1016190882	-0.0209715421	0.1074172827	0.0042454741	-0.0367290455	-0.0484984449	0.1996618378	0.0875989364	-0.1049992963	-0.0806716481	0.0198207538	0.0364574538	-0.0368419804	-0.0396908775	-0.0925807022	0.0573124292	0.0146729103	-0.069139335	0.1484169044	0.0235406971	0.0023401009	-0.1074937039	0.001554763	0.0164917696	-0.008767266	-0.0090504625	0.0457885539	0.0718183289	0.2412734467	-0.0325918907	-0.0023072943	-0.1035980036	-0.05115286	0.0909734573	0.2009884937	-0.0706584199	0.0698463317	0.0374650071	-0.0338818783	0.1130292557	0.1046843788	0.0912295932	0.0	0.0525431110249314	0.0409476908557593	0.0016767133864188	0.0027607785161782	-0.0654846704548219	0.0013381843626519	1.790737388446074e-06	0.0042882420645766	-0.0474765175917752	0.0645494210301721	0.0041666277553304	0.0022540197226421	0.0001598611153193	-0.0006332910179437	4.010575134081678e-07	2.5555576191130534e-08	-0.0009289365889064	-0.0004691982204727	2.201469700947484e-07	8.62923186209058e-07	0.0007780741500666	0.0001178917962053	6.05399383001862e-07	1.3898475612511988e-08	0.0	0.0	0.0
541.926712697975	-0.127875034775684	293684.5619356335	0.0163520245188824	632.7354108734993	-0.7635865507826338	0.5830644205361198	400354.100173256	518.1994130239065	-0.5801442819874865	0.3365673879227762	268530.6316583212	581.8904845390034	535.4166090607849	1.071568	23.042915	0.1185618014457535	0.0633408316957322	0.0702769124	0.004429051	-0.1115235834	-0.0171727025	-0.0626721536	0.1050780339	-0.0198252567	-0.1367466259	-0.0302907126	0.072706043	-0.0641719954	0.0042196531	-0.0669004431	0.0769007124	0.1045465205	-0.0253745874	-0.070818104	0.0752376466	0.1134326002	-0.0862619168	-0.0182410836	0.1035930041	0.0019155397	0.0793412846	0.0024385221	-0.0101502094	-0.0209250546	0.0164773212	0.0170776153	0.0339388245	0.0432640986	0.0570482914	0.0316626999	-0.0344074212	0.0169617772	-0.0894669496	-0.1278613739	-0.0300980777	0.0264482248	0.0964257827	-0.0414548308	-0.0936301707	0.1739166983	0.0219041758	0.0008765006	-0.0553698136	-0.153934599	-0.0687274125	0.0166218647	0.1137223636	0.0180434538	-0.0140022696	0.0870779033	-0.0264842161	0.0377422866	0.0651188635	0.0363497693	-0.0622294465	0.0426298422	0.1112041547	0.0612122484	-0.087003601	0.0499050236	0.0682227659	-0.0773280263	-0.0560502313	0.0098908736	-0.0148204869	-0.015624739	-0.0520622911	-0.0697143328	-0.0132950973	-0.0963008679	0.1086742625	0.0782915191	0.0637949472	0.0703592021	0.0089494815	-0.1035726485	0.0588870732	0.092522588	-0.024659109	-0.010464815	-0.0947589213	0.0003391639	0.1128883736	-0.0345241752	0.0343927089	-0.0047072097	0.1591245125	0.0936747676	0.1124677771	0.1024987213	0.0865329627	0.0	0.0289112352056122	-0.0236318758193192	0.0005584655547397	0.0008358595211142	-0.052103769263823	0.0133809011909988	0.0001790485166832	0.0027148027714977	-0.0957579732516507	-0.0482814556598754	0.0023310989606365	0.0091695894412638	0.0003031661785616	0.0001433050632423	2.0536341150879612e-08	9.190973182364397e-08	-0.0004193799631264	0.00050955662578	2.59647954876299e-07	1.7587955347190061e-07	0.0007905638365555	1.2489686488899982e-05	6.249911796693513e-07	1.5599226859101076e-10	0.0	0.0	0.0
541.3879465581363	-0.5387661398386854	293100.90867843543	0.2902689534366779	629.8597992934749	-2.8756115800243838	8.26914195917033	396723.36676601646	517.3385421646225	-0.8608708592839776	0.7410986363643339	267639.16720901686	581.2115493970668	527.4337478641402	1.036537	22.289631	0.1217402301498019	0.0592327385680342	0.0424084328	0.0069763202	0.1772478766	0.0068958884	-0.0026839529	-0.0856873181	-0.158520847	0.0087371897	-0.0540525484	0.0724129144	-0.1254870691	0.0558791504	0.0216417002	-0.0292079448	-0.131286104	0.0267296457	0.0296634714	0.0541333716	-0.1944210415	-0.0507206534	0.0779398303	-0.0366925614	-0.0054523012	-0.0186001957	0.0141993757	0.033302732	-0.0533332556	0.0376982322	0.1454264053	0.0599047623	-0.0243298252	-0.1321823263	-0.0838897371	0.0476830026	-0.0310938684	-0.0367339429	-0.0935187361	0.0701358737	0.1248200971	0.1034043809	-0.0318401395	0.0686693538	-0.0607181985	0.0063848801	-0.0068164929	-0.0130164545	0.1352195407	0.0722868244	-0.0492948516	0.0603529858	0.0272923367	-0.0437614075	0.1732373831	-0.0107419777	-0.0180216254	-0.1056369508	0.0281585674	0.1017847279	0.1182553232	0.0565558586	0.0652234958	-0.1219452357	0.0520447413	0.0578171033	0.0318768164	0.0764734354	0.117390915	0.0037271996	0.0597039599	-0.0427893573	0.1321230274	0.0624348403	0.051179394	-0.0759894565	0.0378923509	0.0177288911	0.1201043759	-0.0280698067	0.0128874664	-0.10411571	0.0771183085	0.0465339091	-0.0731278894	-0.201119098	0.0008360604	0.1568488057	0.1637111444	-0.1565852984	0.0881687199	-0.0792284269	-0.0507743448	0.1118563022	0.1001308247	0.0814902283	0.0	0.0291332834799931	0.0002220482743808	4.9305436155534986e-08	0.0008487482063256	-0.0782114568009433	-0.0261076875371202	0.0006816113485359	0.0061170319749258	-0.0626484588272049	0.0331095144244457	0.0010962399454225	0.0039248293934239	0.0010248015121742	0.0007216353336126	5.207575547181685e-07	1.050218139354527e-06	-0.0008561390321557	-0.0004367590690293	1.9075848437934085e-07	7.329740423804987e-07	0.0007029386409203	-8.762519563520002e-05	4.941227328988784e-07	7.678174910107076e-09	0.0	0.0	0.0
541.1215612246758	-0.2663853334604482	292812.5440222306	0.0709611458828342	631.9341003073138	2.0743010138388627	4.302724696012934	399340.7071312141	517.7711936755059	0.4326515108833746	0.1871873298696668	268087.00900015817	580.4515021958919	528.4061989199519	1.1	23.654318	0.1076766734540263	0.0721515931046127	0.0309687164	0.0214676397	-0.1593587694	-0.0095955662	-0.0442608777	0.1618697176	0.0050416808	-0.0709782357	-0.142926061	-0.0135720489	-0.0133381926	-0.0531726162	-0.0139232866	0.0253333824	0.1685859987	-0.0451636518	-0.0425411771	-0.0308855339	0.0012402478	0.0319093944	-0.054339556	0.0134876797	-0.0320364484	0.0226458005	-0.0519615026	0.093711954	-0.0244234751	-0.1271811175	0.0609038264	-0.0289632009	0.1006469981	0.1198802397	0.0231750108	-0.0444997438	-0.1945898313	0.0350376772	0.0753690176	0.0523236309	0.2233019267	0.008760291	-0.001430457	-0.0471413655	-0.0119172626	0.1434338193	0.0135060442	0.0106342932	-0.1688591407	-0.0703285942	-0.0185651183	-0.0202663176	-0.0826656889	-0.0198695755	0.0488379964	-0.0873857149	-0.0157070596	-0.0006540455	-0.0240175015	-0.0217638356	0.0056025982	0.0553171243	0.0721828029	0.0419850963	0.0689227705	0.0303866587	-0.0460040056	0.0430935407	0.0471447242	0.0036556803	-0.0274111002	-0.0510687421	-0.0904723273	-0.1348911301	-0.0356843194	0.0577783368	0.0542963998	0.0073922568	0.0680386773	0.0158905182	-0.0873681019	0.0833505547	0.0283886114	-0.0464799201	0.03111933	-0.1900622624	0.1064361777	-0.0309140865	0.0402629868	-0.0647647393	-0.0544702664	0.0364837803	0.0776608126	0.1111951025	0.0975848992	0.0761215592	0.0	0.0291448159682374	1.1532488244300754e-05	1.329982851049351e-10	0.0008494202978224	-0.0175698807191224	0.0606415760818209	0.0036774007496872	0.0003087007084841	-0.0771983557260611	-0.0145498968988561	0.0002116994997673	0.0059595861268074	0.0004008102742111	-0.0006239912379631	3.893650650547223e-07	1.6064887591317716e-07	-0.0008813600325181	-2.5221000362399965e-05	6.360988592801792e-10	7.767955069203062e-07	0.0007026775195437	-2.611213765999496e-07	4.937556964720869e-07	6.818437331745269e-14	0.0	0.0	0.0
540.3116888383229	-0.8098723863529358	291936.72109532065	0.6558932821769989	629.1553387830486	-2.778761524265178	7.721515608736537	395836.4403192126	516.3807662572616	-1.3904274182442578	1.933288405405392	266649.0957604366	579.0096786351833	518.6829484633214	1.044789	22.467077	0.200507721773706	0.1376357804229096	-0.0195194852	-0.0179692783	0.0733206378	0.0367531613	0.0071345145	-0.1216006671	0.0880294333	0.0742167974	-0.008535398	-0.0156769819	-0.0212570021	0.1606123587	0.0955685891	-0.0854887134	-0.0618194113	-0.015445071	-0.0905105054	0.1360275882	-0.0955784584	-0.0137971723	0.0548918853	-0.005013966	0.0290444223	-0.0496274115	0.0224702605	-0.1965181708	-0.0691840041	0.0730991192	0.0317193343	-0.0202154208	0.1420494486	0.0513600348	-0.0789948706	-0.0341280644	0.01731398	0.0450835243	0.0453532274	-0.0268234779	0.0459434739	-0.0266108982	-0.080932104	-0.0701763507	-0.0465600871	-0.0751900233	0.0157686446	0.0625010539	0.0441027257	0.1042520265	-0.0481102248	0.1383857419	-0.0236257446	-0.0146053732	0.0310614249	0.068448404	0.0665035655	-0.0996348729	-0.0223981144	0.0925271176	0.0562166365	0.0082947014	-0.1303588753	-0.0229941468	0.0876634798	0.0118104742	0.0758316487	0.0080892208	0.0105589545	-0.031913848	0.1085199113	-0.0688157671	0.143543274	0.0864670177	0.051924516	0.0483756577	0.0675838504	0.0078111967	0.1123748493	0.0534145421	-0.0096521329	-0.1158694722	-0.0043520967	-0.0043805978	-0.0820390949	-0.0675594627	-0.0435603818	-0.0090031836	0.0242315702	-0.1183909129	0.0794817293	0.1101128091	0.0131167015	0.1104844722	0.0948654713	0.0704484286	0.0	0.0288896392849267	-0.0002551766833107	6.511513970545054e-08	0.0008346112580131	-0.1385081857963683	-0.1209383050772459	0.014626073634957	0.0191845175326012	-0.0646799358690017	0.0125184198570593	0.0001567108357176	0.0041834941040181	0.0013871874119899	0.0009863771377788	9.72939857932698e-07	1.9242889159832368e-06	-0.0005320125877925	0.0003493474447255	1.2204363713630614e-07	2.8303739356967253e-07	0.0007028693401611	1.9182061739995895e-07	4.940253093385001e-07	3.679514925970144e-14	0.0	0.0	0.0
541.3238735368542	1.012184698531314	293031.5360609441	1.0245178639409271	631.7618152812375	2.606476498188954	6.793719735611352	399122.9912474445	517.7710282119004	1.390261954638845	1.932828302516222	268086.8376556086	580.3254540086687	521.4876382363275	0.98887	21.264597	0.1893107729229533	0.1230021564734969	-0.0069995749	0.0349015294	-0.0466548916	0.0299636347	0.0182319144	0.0233461554	0.0488423243	0.0535724207	-0.0341147766	0.0188859787	0.0689548587	-0.106081675	-0.0145306546	0.0258029053	0.1292688618	0.0080683313	0.0464800022	0.02434464	-0.0410875852	-0.0564794767	0.0143729196	-0.1089978942	-0.0259991497	0.0701664015	-0.092781269	-0.181728913	-0.0413508752	0.0578694816	0.0406492532	-0.2266606363	0.0391467185	0.0655151944	0.0488668826	0.013030653	-0.0401988541	-0.0023371756	-0.0460539657	-0.050623677	-0.0647720234	-0.1414806891	0.0172700427	-0.0490493868	-0.0420638665	-0.1156843143	-0.0028745809	0.0260604894	-0.0564126746	-0.0567282034	0.0622340568	-0.0421034597	-0.1262931033	-0.0247389485	0.0516497105	0.0598818797	0.044191147	-0.0068208328	0.175252842	-0.05888656	-0.025165641	0.0096019594	-0.1313183146	0.0076047571	0.0692384404	0.0199026999	0.0464882862	-0.0721654087	-0.0062959363	0.0397589514	-0.0049108849	-0.0972365641	-0.0431801222	-0.0912207496	-0.0192161381	0.0281674941	0.0035666451	-0.0273228892	0.1268367154	-0.0373510844	0.0132012836	0.0791482942	0.1251601055	-0.1206834097	0.0288578485	-0.1202425579	-0.0455854255	-0.0015241448	0.1158001829	-0.0279409366	0.0553124633	0.0448361859	0.0126065816	0.1097247271	0.091977376	0.064493527	0.0	0.0477720195338804	0.0188823802489537	0.000356544283866	0.0022821658503454	-0.0322787036044189	0.1062294821919494	0.0112847028867696	0.0010419147063819	-0.0638017285853465	0.0008782072836552	7.712480330650492e-07	0.0040706605704782	0.0005588470944268	-0.0008283403175631	6.861476817005375e-07	3.123100749492768e-07	-0.0007567440036899	-0.0002247314158974	5.050420929125017e-08	5.726614871206194e-07	0.0009162116706685	0.0002133423305074	8.394438254691639e-07	4.5514949986328714e-08	0.0	0.0	0.0
540.1454592689726	-1.1784142678816352	291757.11716888926	1.3886601867470103	628.6097202624305	-3.1520950188070174	9.93570300758801	395150.1804084112	516.0884373271382	-1.6825908847622486	2.8311120854850067	266347.27514276747	578.739718438217	519.7020663095055	1.018745	21.907022	0.063639000344177	0.0349668380292841	-0.0037668244	-0.0425304703	0.0224581132	0.0258329087	-0.0347105236	-0.0872789394	0.060068105	0.0113647834	-0.0184857158	0.0387462655	-0.0560857397	0.1416268825	0.0760929589	-0.110276393	-0.1160486457	0.017494231	-0.0294385059	0.0613236824	-0.0497901947	0.0486552688	0.0585530519	-0.0187069301	-0.1095707019	-0.0235176534	0.0351265032	-0.0284493558	0.1161677367	0.0239697475	0.054155415	-0.0342562704	0.1379379415	0.0531916648	-0.0141478283	0.0703495238	-0.1288979427	0.04555101	-0.0410517035	0.148076784	0.0959059275	-0.0015093942	-0.0537518668	0.0537525213	-0.0404912395	0.1393770733	0.0564819485	0.0381562084	0.0651887772	0.0993618215	-0.0229242841	0.0714654366	-0.0609538712	0.0677993909	-0.0238621257	0.0174556143	0.0676144988	-0.1577014632	-0.0657601743	-0.0888114437	0.1558533556	0.0505145488	-0.0360774714	-0.0617868511	0.057617872	-0.1403434652	0.0144599952	0.0656557845	0.0638303528	-0.0188896949	0.0073844338	-0.0820756257	0.0294403942	0.05455556	0.0894389524	-0.0339073776	0.0536318203	0.0204665053	0.1356781979	0.1735172753	-0.0679817452	-0.2201376253	-0.0747748609	-0.0058582808	-0.1285690305	-0.1410525405	0.0374599442	0.0157239716	0.0646635857	0.040827259	-0.0257729036	0.2135791601	0.1525352165	0.1089162049	0.0889257484	0.0582806721	0.0	0.0565004671994984	0.008728447665618	7.618579865143241e-05	0.0031923027937615	-0.0535264369702304	-0.0212477333658114	0.0004514661731846	0.002865079454728	-0.069107145737199	-0.0053054171518525	2.8147451155170795e-05	0.0047757975919424	0.0009749164894482	0.0004160693950213	1.7311374147347377e-07	9.504621613980024e-07	-0.0009075544817009	-0.0001508104780109	2.27438002779063e-08	8.236551372553892e-07	0.000915943500483	-2.681701855000154e-07	8.389524960770514e-07	7.191524839111266e-14	0.0	0.0	0.0
540.8849752052719	0.7395159362993127	292556.5564028076	0.5468838200406491	633.5875700826699	4.977849820239385	24.77898883285728	401433.20896326215	516.9910258046397	0.9025884775014674	0.8146659597184169	267279.7207625336	580.8979296668932	524.4291904956772	1.168853	25.134943	0.4435678556327479	0.1955063824602831	0.0126250327	0.0837083926	0.0106428152	0.0038618289	0.0485251737	-0.0189916304	-0.0455511285	0.0463338431	0.0661124561	0.0489672861	0.1060119454	0.0128888823	0.082729161	0.064953924	-0.0039656826	-0.0125457382	0.044659907	-0.084897673	0.068669829	0.0312616703	-0.0193283177	0.1269690374	0.0457349166	0.0779348767	-0.0529230123	0.0038232493	0.0268629542	0.0316959803	-0.0860673828	-0.0954444631	-0.0961684751	-0.0805383189	0.005623133	-0.0656435357	0.1260036979	0.1061883745	-0.192814848	-0.0181878108	-0.0382660868	0.100263031	0.0500012575	-0.0040291981	0.0181262619	0.1290363083	-0.0911865548	0.0085146734	0.0253340479	0.0285970286	0.0094573759	-0.090406492	0.1345237774	0.0173774443	0.0615470372	0.0256509437	0.0684986285	0.039217775	0.0026750158	-0.293775979	-0.1969974085	-0.0306390728	0.0557156831	0.1374469961	0.0123595111	-0.0471988143	0.0695521869	0.0169953352	0.0996390625	0.072202112	-0.0158575954	0.2358336556	-0.0192641815	-0.1442650955	0.1033220314	-0.2474960881	0.1370528134	0.0384038924	-0.0325810932	-0.018947838	-0.2669122466	-0.2150079801	-0.0610598395	-0.2249864481	-0.038984073	0.0582280316	-0.1054182404	0.0045434755	-0.1562363741	0.1781339157	-0.144946111	0.0648146789	-0.0031341715	0.1080592651	0.085716014	0.0518347133	0.0	-0.0171486296802214	-0.0736490968797198	0.0054241894711983	0.0002940754999093	0.002479249009724	0.0560056859799544	0.0031366368620852	6.146675652217435e-06	-0.0076158698517403	0.0614912758854587	0.0037811770100215	5.800147359864681e-05	-0.000191987121798	-0.0011669036112462	1.361664037939423e-06	3.6859054936280094e-08	0.0008481155316022	0.0017556700133031	3.082377195611707e-06	7.192999549448823e-07	-0.00120991881272	-0.002125862313203	1.4639035333737743e-06	4.51929057469681e-06	0.0	0.0	0.0
540.7724475315752	-0.112527673696718	292434.8400092902	0.012662477347595	631.1088828609488	-2.4786872217210885	6.143890343123409	398298.4220259948	517.1949385529631	0.2039127483234324	0.0415804089288154	267490.6044648033	580.8769085016281	521.8104043146901	1.112043	23.913307	0.248949240076587	0.1097465656737782	0.0111828648	-0.0060948345	0.0112543993	0.002160484	-0.0266588711	-0.0052308636	0.050011161	0.0254567028	-0.011775556	0.1245649657	0.04252843	0.1523523802	0.0289577907	-0.0240914745	-0.1073524429	0.0164233241	-0.0367295432	-0.0602965678	0.0691590792	0.0391068742	0.039121894	0.0769307237	-0.2180751609	-0.1415013816	0.1584776966	-0.056857314	0.0022916571	0.0215246978	-0.0983795385	-0.0211216239	0.0165883288	-0.0755401658	-0.1771493163	0.0823083367	0.0056934932	0.0703112008	0.0165652781	0.1727316139	-0.1104084377	0.1518889959	0.006077322	-0.0092442963	0.0793020507	-0.1458219679	0.0141208949	-0.003941013	0.0337499793	0.0568177441	-0.0117079786	0.004754023	0.1116406066	-0.0533286561	-0.0589426005	-0.051257756	0.1108370574	-0.1786351256	-0.0290268918	-0.1571964247	0.0571296255	-0.065227034	-0.0640923299	-0.0957884731	-0.0004600567	-0.0773322138	-0.0303256281	0.0400213342	-0.1818026806	-0.0219104267	0.0076976165	0.037627443	0.0221542972	-0.0068509246	0.1479732746	-0.0857706212	0.1177885903	0.0798780727	0.0054360685	0.0700174868	-0.182850529	-0.0787634338	-0.057799429	0.1081985762	0.1067665838	-0.1023562962	0.0594615718	-0.1721490326	0.1167632818	0.0666711955	0.0532977946	0.046702355	0.0358204011	0.1071542885	0.0823538796	0.0451814325	0.0	0.0034152993091538	0.0205639289893752	0.00042287517548	1.1664269371106423e-05	-0.0422282028361706	-0.0447074518458946	0.0019987562505529	0.0017832211147727	-0.0488338519540576	-0.0412179821023173	0.0016989220485869	0.0023847450966708	0.0006058829439844	0.0007978700657823	6.365966418716112e-07	3.6709414181120353e-07	-0.0004801474565072	-0.0013282629881094	1.7642825655813123e-06	2.3054157999033354e-07	-0.0004868543238318	0.0007230644888881	2.370271326337192e-07	5.228222550911538e-07	0.0	0.0	0.0
540.8828990793551	0.1104515477799168	292554.3105164878	0.0121995444069792	632.9626703639489	1.853787503000035	3.436528106279105	400641.742074261	517.4117706227692	0.2168320698060597	0.0470161464963799	267714.9403789891	581.5045590906665	525.0245467665281	0.94033	20.220795	0.1805611428130193	0.0908123353060548	0.0185497044	0.0657965424	0.0462008045	-0.002832378	0.0513192438	-0.0255305971	-0.0061813051	0.0170187182	0.0348530169	0.0758016971	0.0085285896	-0.0343790008	0.0127136131	0.0282012281	-0.0121929903	0.0500066456	0.0290895896	0.0526239416	0.1091664505	0.0452851746	0.0645751416	0.1425584482	0.0404522805	0.0490217467	-0.0447991467	0.0228155624	0.0978855221	0.1164679304	-0.2726477447	-0.0642389556	-0.0233311801	0.055937595	0.16854411	0.0325429308	-0.005895926	0.0409450132	0.0137957106	-0.1008784059	0.019630662	0.0732237031	-0.0906073456	-0.0407980386	-0.0706012774	0.072988062	-0.055865242	-0.0228516199	0.0446420286	0.0117099625	0.0329801978	-0.0383184797	0.0840087236	0.0224789265	0.0101775167	0.0353049985	0.0692083222	0.0166465987	0.0197620196	-0.2633946819	-0.1467511631	-0.0198411279	0.0954183503	0.0567245025	0.0664074669	-0.0749734104	-0.006118023	0.0981457844	-0.0071625306	0.0515740494	-0.0381784524	0.1256877003	-0.0463280618	-0.0697368204	0.0595624243	-0.1968024525	0.0497762228	0.1020467837	-0.0242222025	-0.0755518206	-0.1281801525	-0.0283000511	0.0608718684	-0.1324029984	0.0126051787	0.0801345529	-0.0120429579	-0.0140812318	0.0089369212	0.1010452002	-0.0389688059	-0.0153249333	-0.0158561821	0.1062016776	0.0788453231	0.0383474405	0.0	-0.0119695933140491	-0.0153848926232029	0.0002366949210274	0.0001432711641037	0.0149396453770407	0.0571678482132112	0.0032681628693287	0.0002231930039917	-0.0287713748009537	0.0200624771531039	0.0004025029895188	0.0008277920079369	-0.0003439975945911	-0.0009498805385754	9.022730375644818e-07	1.183343450844628e-07	2.603163967962452e-05	0.0005061790961868	2.5621727741651053e-07	6.776462644098016e-10	-0.0001839954621241	0.0003028588617077	3.3854330082261126e-08	9.172349011488376e-08	0.0	0.0	0.0
540.4717935177639	-0.4111055615911709	292109.7595883084	0.169007782771192	630.6669142771575	-2.295756086791357	5.270496010039565	397740.7567638715	516.8298837088205	-0.5818869139486651	0.3385923806247012	267113.1286944729	580.7967736100077	520.1768230708358	0.925139	19.894129	0.1270413765264587	0.0713432700006288	0.0054693933	0.0119093363	-0.025265749	0.0246650554	-0.0084532079	0.0431866697	0.0192739694	-0.0419348035	-0.0289376589	0.1746937714	0.1031510861	-7.22475e-05	0.0197583099	-0.0178918231	0.0690872734	-0.0239103045	-0.0199847077	0.099232996	-0.0415605168	-0.000568721	-0.0041644574	-0.0653129492	0.0870556696	0.0376948372	0.1938234618	-0.1301993456	-0.0589760261	0.073509822	-0.1142626951	-0.0794700497	0.0439519749	-0.0555887723	-0.0807169475	0.1632449044	0.1193536342	0.1243692401	-0.019241971	0.10510052	-0.0092938327	0.0014823405	0.0137855228	0.0106082382	0.0548843946	-0.0702945226	-0.0073334963	0.0039657591	-0.067074681	0.0295592056	0.0575729853	0.0118408975	0.071987496	-0.109869104	0.1017776194	-0.0189141494	0.0654824008	-0.0761671241	-0.0356315789	-0.0645602048	0.1720512482	-0.1351789316	-0.1460037518	-0.0793341723	-0.0073982534	-0.0657859537	0.0783102882	-0.1296177726	-0.2122920012	0.0221282363	-0.0124878367	0.0479174421	-0.1019527763	-0.028266371	0.0294283603	-0.0646756106	0.045347647	0.0537476329	0.1364443616	-0.0803968091	0.0409757589	-0.1414627566	0.0408814161	-0.0252845672	-0.0193332549	0.144111874	0.0694996178	-0.0367540694	-0.0334390398	-0.0065951479	0.2091915333	0.212369445	-0.0470106789	0.1052018558	0.0751965824	0.0313600711	0.0	0.0271085995046149	0.0390781928186639	0.0015271051539726	0.0007348761671016	0.0107276555165327	-0.004211989860508	1.774085858502221e-05	0.0001150825928813	-0.0490215845117774	-0.0202502097108236	0.0004100709933323	0.0024031157480453	0.0004139957216771	0.0007579933162682	5.745538675072635e-07	1.7139245756694286e-07	2.606792220638532e-05	3.6282526760800244e-08	1.3164217481481854e-15	6.795365681581569e-10	0.0003279946218102	0.0005119900839343	1.075804719364161e-07	2.621338460470515e-07	0.0	0.0	0.0
540.7092833264398	0.2374898086759458	292366.5290753922	0.0564014092249373	632.892996728757	2.2260824515994955	4.9554430813192205	400553.5453083064	517.4258877058408	0.5960039970202615	0.3552207644641279	267729.5492681773	580.779884248429	518.1561375685512	0.974663	20.959091	0.0738026263211194	0.0448946449237735	-0.0199490698	0.0619664406	-0.0334502567	0.0125148766	0.0838651301	-0.0180756813	0.0043723882	0.0440865575	0.0027964792	0.0727926488	0.0173930046	-0.0178055426	0.0202052236	0.0950983993	0.0435527175	-0.1253939117	-0.0217170922	0.1048747789	-0.1499390142	-0.0516858651	-0.11051888	0.0756313841	0.1071328927	-0.0139516859	-0.1616234281	-0.0413179366	0.0271588618	-0.0057813821	-0.074952737	0.0504545578	-0.0389714084	-0.1590637071	-6.5613e-05	-0.1494434666	-0.1201016021	-0.1104685063	0.0692856185	0.0170853414	-0.0366298563	-0.143892261	0.0491899987	-0.0133272099	0.010938235	0.0118468476	-0.0630499725	0.0078828113	-0.0595982721	0.0197286212	-0.0390509594	0.047036463	-0.028998052	-0.0360532111	0.1693934583	0.0818417829	-0.0121527792	-0.0860693684	0.0073624288	0.0323003424	-0.3304784352	0.1188821552	0.0062630977	0.0582705956	-0.2258063106	0.0081390288	0.0955490605	-0.0770620706	-0.0228474015	0.0595427965	-0.0177281258	0.005109741	-0.1047385273	-0.1039459542	0.0838403177	-0.1096616688	0.0464558599	0.0969230323	0.0600581717	-0.1776414477	-0.057318287	-0.0657134225	-0.0064484116	-0.0321241046	0.0132639562	0.0858428417	-0.0842870932	-0.1084447364	0.0192942334	0.0115448845	-0.0019844646	-0.1031140006	-0.0966508839	0.1041552675	0.071414145	0.0242472716	0.0	0.0369402641500471	0.0098316646454322	9.666162970024148e-05	0.0013645831154752	0.0130810557501632	0.0023534002336305	5.538492659652095e-06	0.0001711140195388	-0.016280863205381	0.0327407213063963	0.0010719548316631	0.0002650665067123	4.002912945247781e-05	-0.0003739665922246	1.3985101210009686e-07	1.6023312047232263e-09	-0.0001769935206172	-0.0002030614428235	4.1233949561596215e-08	3.1326706340471205e-08	0.0003285033894752	5.08767665000011e-07	1.0791447689669493e-07	2.588445369495635e-13	0.0	0.0	0.0
540.0913619887037	-0.6179213377361066	291698.679294813	0.3818267796295795	628.6328754748329	-4.260121253924126	18.148633098136067	395179.2921277568	517.552261992768	0.1263742869272164	0.0159704603963624	267860.3438938307	580.0692285862766	515.7515420007788	0.96375	20.724421	0.2299106939289743	0.0980269506112698	-0.0261111687	0.059488855	0.0003794358	0.0441476349	0.0597834515	-0.0447032787	0.0808538514	0.0312266236	-0.0630360012	0.0004309465	0.0022247769	0.045610277	0.0634501438	0.0923462662	0.0504020214	-0.0570927046	-0.0520272553	0.0585994609	-0.2271159182	0.0047144672	-0.0712668255	-0.0955578898	-0.0049280462	-0.1914797149	0.1612126918	-0.0517984577	-0.1383085126	0.017240893	-0.0362742853	0.0663303193	0.0514599035	-0.0674669145	-0.0285101906	-0.0497876567	0.0262274204	-0.056992479	0.1742608637	-0.0542454903	-0.1300028608	0.0037703211	0.0265837181	0.0859915915	0.1355973712	0.015559528	-0.0708213703	0.0546247869	-0.028041112	0.0134012573	-0.0110060605	0.1200572445	-0.2153193225	-0.0157005581	0.0645803991	0.0508588249	0.0138261895	-0.2244466194	-0.0100633868	0.0396803756	0.0627325169	-0.03193975	-0.0914237474	0.0554986244	-0.185236775	0.1494482908	0.0449054124	-0.0808618416	0.0170870745	0.1099568199	0.0233529731	-0.2345412998	-0.0455000215	-0.0003968777	0.0818997354	-1.91737e-05	0.0347562339	-0.0335097312	0.0725264672	-0.1870715157	0.1454480059	-0.1521290381	0.035010268	0.087526956	0.0494427322	-0.030731407	-0.0380156571	-0.0095152283	-0.0671895832	0.0636951913	0.0795377253	0.1250712881	-0.0195597426	0.103062378	0.0675047358	0.0170374908	0.0	0.0770685731202434	0.0401283089701963	0.0016102811808075	0.0059395649627903	-0.0205084235291934	-0.0335894792793566	0.0011282531182583	0.0004205954356527	0.0149513532726643	0.0312322164780452	0.0009754513461314	0.000223542964684	0.0005827577667667	0.0005427286373142	2.945543737609525e-07	3.396066147269115e-07	-0.0011921326091772	-0.00101513908856	1.0305073691224277e-06	1.4211801578636388e-06	0.0012698494476285	0.0009413460581533	1.6125176196424066e-06	8.861324012007561e-07	0.0	0.0	0.0
540.7102268317683	0.6188648430645571	292367.5494004623	0.3829936939813189	633.6462136823578	5.013338207524953	25.133559983029507	401507.5241139883	518.1259934218614	0.5737314290934137	0.3291677527295708	268454.5450593907	581.3266517990783	520.3513924000795	1.089253	23.423218	0.3360879368562315	0.142534293165979	0.0059400714	0.0103007429	-0.001336475	0.0021094065	0.0465222994	-0.0477072999	0.0485114446	0.0395628683	-0.0050424709	0.0269543868	0.0551503364	-0.128340857	0.0340710024	0.0727480882	0.0711151637	-0.0689588075	0.071526874	0.0949759105	-0.0633489967	0.0575465099	0.0640320734	0.0715556045	0.073691038	0.0742304336	-0.1282729346	-0.0121751495	-0.272865904	0.0365236727	-0.2367224567	-0.0465118871	-0.0361562315	-0.0080555307	0.1922920565	0.0857480699	0.0086218358	0.1031845073	0.124458245	0.0208721588	-0.145050914	0.0922384458	-0.0032168492	0.1087172215	0.0234182646	-0.0295820096	-0.0348235554	-0.0159038813	-0.0162328513	-0.0012259361	0.0761655055	-0.0264027683	-0.0355609437	0.0211577115	0.086104522	0.0969353869	0.0159950487	-0.1253673391	0.0065373045	-0.0312908732	-0.3006653953	0.0154619502	-0.0572621439	0.0616303531	0.0650019606	0.1648155073	0.0433360155	-0.04383238	-0.0776466069	0.0504359538	-0.101997041	0.0233024504	-0.1418115404	-0.0711572934	0.1157197034	-0.0590187816	0.0410156615	0.0101373069	0.0181827342	-0.0595784874	0.0751439902	-0.0641167972	0.1136269129	0.0430269324	-0.0165037565	0.017788127	-0.0911809025	-0.1888541477	-0.1568581382	-0.1329677251	-0.1713995452	-0.0472892601	0.0613542803	0.1019236731	0.0634753057	0.0097595656	0.0	0.007920230711818	-0.0691483424084254	0.0047814932578328	6.273005452842507e-05	0.0554735767869374	0.0759820003161308	0.0057732643720405	0.0030773177215362	-0.052924994792896	-0.0678763480655603	0.004607198626717	0.002801055073828	-0.0003049034234628	-0.0008876611902295	7.879423886396525e-07	9.296609763933555e-08	-0.000381076875199	0.0008110557339782	6.578114036189167e-07	1.4521958481143424e-07	0.0005069414505139	-0.0007629079971146	2.569896342491369e-07	5.820286120614105e-07	0.0	0.0	0.0
540.6595983828345	-0.0506284489338213	292312.8013234879	0.0025632398414445	630.6814583816097	-2.964755300748152	8.789773993314265	397759.101946354	517.2046052803804	-0.9213881414809748	0.8489561072617648	267500.6037232341	580.4547954448933	522.6074683266806	1.179805	25.370438	0.2674768448650625	0.1303276736461084	0.0273962414	-0.1197553011	-0.0472978841	-0.0431725896	-0.1158989946	-0.015742071	0.101749407	0.0222556386	-0.0336085875	-0.0010583096	-0.0109817181	0.024951438	-0.0063995343	-0.0963627808	-0.0488805194	-0.0362023716	-0.0098248459	0.0313308236	0.0343291717	0.0986696935	0.0345364972	-0.1195164188	0.0179080324	0.0180319118	-0.0122038405	-0.0066897277	-0.0332653927	-0.0301866494	0.0731020622	0.0164610598	-0.1134785268	0.0809185568	0.0783389736	0.0612698851	-0.0500151716	0.0385304108	0.0464584711	-0.1300748282	-0.232186213	0.0034291759	-0.0137065674	0.1781690613	-0.0351417631	0.0604156016	0.1078465229	-0.0385302345	-0.019778889	0.048215198	-0.0254716918	0.0125743018	0.0354118908	0.1004520161	-0.0342297554	-0.0201975404	-0.0167473862	-0.0139413537	-0.0006702553	0.0021874939	0.0985722071	-0.1812164322	0.0158514701	0.1605828601	0.0231983531	0.0792191799	0.1386053546	0.0333585047	-0.119017443	-0.1019318019	-0.0658165327	0.0634646375	0.0806425578	-0.0298316285	0.095948778	0.0071420513	-0.0179438556	0.0108738387	0.0315709859	-0.1242409456	-0.0293744442	-0.065126603	-0.0918079992	0.0338720188	0.2362908914	-0.1393915196	0.1977458645	-0.0611064778	-0.0876143839	-0.0465359578	-0.1406651561	0.0946733644	0.0712405348	0.100739659	0.0593330188	0.0024426053	0.0	-0.0237517101107869	-0.0316719408226048	0.0010031118354705	0.0005641437331868	-0.0298266032938272	-0.0853001800807645	0.0072761207218108	0.0008896262640473	-0.095456166367434	-0.0425311715745379	0.0018089005555027	0.0091118796975672	0.0002668017913158	0.0005717052147786	3.268468526050452e-07	7.11831958493197e-08	-0.00110204829899	-0.000720971423791	5.197997939232218e-07	1.2145104533067529e-06	-0.0003598529586596	-0.0008667944091734	1.294941518560678e-07	7.513325477744368e-07	0.0	0.0	0.0
540.8272572101689	0.167658827334435	292494.1221414742	0.0281094823831579	633.7012467034119	3.0197883218022525	9.119121508493263	401577.27007345855	517.5107628526665	0.3061575722861107	0.0937324590681251	267817.3896683488	581.7848222983995	522.6170073873227	1.272487	27.363482	0.313956600823882	0.1787867234678446	0.0340881786	0.0699611692	-0.0087888688	-0.0241875145	0.1332698671	-0.0073010032	-0.0415711931	0.0088992131	0.0623297322	-0.014959756	0.0152877853	-0.1154439556	0.0143112513	0.0737342647	0.0034245085	0.0428189472	0.1031706808	0.1023570747	0.0348523315	0.0393438137	0.0578303605	0.0152569643	0.1096288003	0.0846111262	0.0897784435	-0.0110600141	0.1923994904	-0.0746658941	-0.1773609278	0.0588813049	0.1175146784	0.019018398	-0.0616470288	-0.0469210852	-0.0352344059	-0.0069928216	-0.0920444964	0.0163185095	-0.0058792285	-0.0050043514	0.0833082462	0.0057983037	0.0088828135	-0.0517211276	-0.1049468134	-0.0350888204	0.0129162237	-0.0141008815	0.0242803554	0.0029747031	-0.0111277941	0.1131201516	0.0388049574	0.0067025494	-0.0339645565	0.0139084047	-0.0038780066	0.0112060337	-0.1618124331	-0.0923205392	0.0206850697	-0.1715066574	-0.0858865515	-0.170311703	0.0661923584	-0.0686964062	-0.0075479715	0.1376432665	-0.1569487949	0.0674419493	-0.046402245	-0.0945212242	0.0874654798	-0.0897218165	-0.0794847973	0.0907282244	0.0274652303	0.0324078587	-0.0545702178	0.0360728002	0.0429235241	0.1009078751	0.0107899483	0.0224067678	0.0170112265	-0.0366856807	0.0778309484	-0.0811125789	0.0105829561	-0.1823665711	0.016206551	0.0995108621	0.05508524	-0.0048841247	0.0	0.0108944079533017	0.0346461180640886	0.0012003534969107	0.0001186881246529	0.0774852012193463	0.1073118045131734	0.0115158233878735	0.0060039564080025	-0.0006970274418591	0.0947591389255749	0.0089792944099164	4.858472547046411e-07	-0.0010860928034383	-0.0013528945947541	1.8303237845148605e-06	1.1795975776804655e-06	-0.0011019059929509	1.4230603910016237e-07	2.025100876437694e-14	1.2141968173011087e-06	-0.0001680990730319	0.0001917538856277	2.8257298354184053e-08	3.6769552653321066e-08	0.0	0.0	0.0
540.1880120579468	-0.6392451522220881	291803.0883711165	0.4086343646394406	629.5071742170948	-4.194072486317168	17.59024402048267	396279.2823907917	517.4653696624827	-0.0453931901838586	0.0020605417150679	267770.40879992984	581.1169225236866	517.022000762465	1.033149	22.216764	0.1507972146726501	0.0916457173495467	0.001613052	-0.0411976416	0.0271178178	-0.0006410705	-0.0383626614	-0.0107333242	-0.0121353722	-0.0639154808	-0.0553349297	-0.0044074334	-0.1424954951	-0.0728131836	-0.0598395489	-0.0294094174	-0.0333110004	0.0111084327	-0.010629857	-0.0179174191	0.0841208237	0.0129917941	-0.1357210684	0.0707877884	0.0667707353	-0.1401923834	0.0978895967	-0.1069652455	0.1651356247	-0.0802908067	-0.0262042961	0.1549587036	-0.2291165603	0.1084288312	0.0099829648	-0.0149494047	-0.0672825805	-0.0111278643	0.0174891856	0.0250748307	-0.0452121514	-0.0079705558	0.154492264	0.1495445139	-0.052624449	0.0400102869	0.032974324	-0.0376201786	0.0043539579	0.0033968875	0.0040990139	0.035004098	-0.0133505637	0.0215402164	0.0369819373	-0.071742212	-0.0709231146	0.0369469437	-0.0394839476	-0.0946736405	0.0349531534	-0.243193786	0.1163052905	-0.0449503041	-0.0809385827	-0.0410969944	0.0681779608	0.0657408237	-0.1268299953	-0.0095132405	-0.0576505857	-0.0088629217	-0.124300841	0.009165465	0.0502473483	-0.0976609759	-0.0228378495	0.0611229734	0.013342121	-0.069621514	0.1386099427	-0.0217862522	-0.0945164204	0.0791968608	0.072878524	-0.0077337794	0.23396644	0.009194622	-0.0619203934	-0.004361092	-0.0590589299	-0.0431795871	-0.0459552552	0.0982378286	0.0507395216	-0.0121913197	0.0	0.014885239624192	0.0039908316708903	1.5926737425381067e-05	0.0002215703586696	0.0409279205051547	-0.0365572807141915	0.0013364347732162	0.0016750946768762	-0.0204684964235823	-0.0197714689817232	0.0003909109856952	0.0004189593458422	0.0002671588394111	0.0013532516428494	1.8312900088746e-06	7.137384547548592e-08	-0.001101961001666	-5.500871510014625e-08	3.0259587369690578e-15	1.2143180491927342e-06	0.0002881469415205	0.0004562460145523	8.302865990761845e-08	2.0816042579494882e-07	0.0	0.0	0.0
540.4942383941938	0.3062263362469366	292134.02173731953	0.0937745690112218	629.8590343712414	0.3518601541466069	0.1238055680760739	396722.4031790726	517.2734748822548	-0.1918947802278126	0.0368236066786804	267571.84781676275	581.0231861551986	515.8803282887618	0.926289	19.918865	0.1253401029145686	0.0646958998229711	-0.0119757395	0.0878318034	-0.0191870278	0.0241663984	0.0765658709	0.0760310074	-0.0289655566	-0.0173112403	0.0220885296	-0.0038563003	-0.0637712602	-0.085060569	0.0138073435	0.0572974611	0.0601410801	0.0451276611	0.0210927585	-0.0279096014	-0.0168758962	0.0132350081	-0.0341985975	0.0244266814	0.0819716541	0.0362390023	-0.0480837817	0.0557589606	0.1759814642	-0.0076621992	-0.1788784951	0.0320121636	-0.0124986535	0.0006508697	-0.0028077577	-0.1301067105	-0.0016344724	0.059068956	-0.1985760483	-0.0472606033	-0.0093015976	-0.0075996611	0.0851223365	0.0459194031	-0.0440741568	-0.1406070629	-0.0875991946	0.0070162629	-0.0260607575	-0.0095619186	-0.0041724639	-0.0156796703	-0.0452920967	-0.0128464767	0.0413644836	-0.0604135146	-0.0747333299	0.0266507117	-0.0654753116	-0.0247726439	-0.1978219473	-0.0997324003	-0.0196004016	-0.1874435511	-0.0386562691	-0.2681555938	0.0268278497	-0.0468842823	0.0068485589	0.1222404926	-0.0422039237	-0.0108699847	-0.1542452023	-0.0885247948	-0.0068912297	-0.0917266679	-0.0502925802	0.1163084642	0.0082401172	0.0329697564	0.1242613787	-0.0116663554	0.0642775025	0.0185436456	-0.0743597074	0.1010188443	0.0055200951	-0.0215132582	-0.0642181567	-0.0041931655	0.115071255	-0.1734235807	0.0904505257	0.0969211244	0.0463035902	-0.0194497534	0.0	0.0324992179469489	0.0176139783227569	0.0003102522323545	0.0010561991671632	0.0468367148096859	0.0059087943045312	3.4913850133260354e-05	0.0021936778541638	0.0272057297220058	0.0476742261455881	0.0022728318385806	0.0007401517297068	4.313360606055021e-05	-0.0002240252333505	5.018730517776829e-08	1.8605079717867334e-09	-0.0004949879929248	0.0006069730087412	3.68416233340345e-07	2.4501311313972185e-07	0.0005400107822626	0.0002518638407421	2.916116449598652e-07	6.343539427336192e-08	0.0	0.0	0.0
539.4195265051864	-1.0747118890074034	290973.42557507945	1.1550056443738614	625.8154552912308	-4.043579080010545	16.350531776298926	391644.9840813705	517.1371629265916	-0.1363119556632455	0.0185809492567386	267430.8452797641	579.3670126372211	513.7153074860779	1.004471	21.600086	0.1989441395761391	0.1069201773054567	-0.02606832	-0.046513547	0.039522513	0.0495571775	-0.0579583534	-0.0118178908	-0.0011101124	-0.097306884	-0.0562791039	-0.0516830611	-0.1661740028	-0.068391013	0.0033156054	-0.0688081316	0.0216409171	0.0579456007	-0.0133644871	-0.0449987246	0.027997019	-0.0514026092	-0.0150379379	-0.0372844058	0.0311605518	-0.0518931582	0.1070245355	-0.0048157301	-0.157840766	-0.059043858	-0.1065809132	0.1482573051	0.0456266643	0.0833222629	0.0813178749	0.0173452532	-0.0138191512	-0.0489671322	0.0121306585	0.1362442127	0.0302205022	-0.0848724257	0.1677132128	0.0869541062	-0.0016263721	0.1433243707	0.0740480946	0.0253575626	0.0081695937	0.0299899337	0.0077925777	0.042033204	-0.0879204533	-0.0351096724	0.0181888439	-0.1395035658	-0.0698602002	0.0878035981	0.0371499279	-0.0233485982	-0.0326645911	-0.1058577165	-0.0895677388	-0.1444939475	-0.0003075149	0.0023079012	-0.0933538438	0.2118962831	-0.0490789957	-0.0337456376	-0.0007339154	-0.0542241914	-0.0880414737	0.049624174	0.0116855097	-0.0463003099	-0.0367182366	0.0814542724	0.1070461994	-0.0558908068	0.0990723299	0.1050281193	-0.0060271958	0.0120125972	0.0256451059	0.0223750999	0.1450173503	0.051380659	-0.0678148931	0.1087210233	-0.0792632307	-0.0387812199	0.0876907249	0.0955613349	0.0417853327	-0.0266303944	0.0	0.0175349424864776	-0.0149642754604712	0.0002239295400568	0.000307474208004	-0.011829073724499	-0.0586657885341849	0.0034416747443377	0.0001399269851796	-0.0375457009327746	-0.0647514306547804	0.0041927477718408	0.0014096796585333	0.0008172610175594	0.0007741274114988	5.992732492339096e-07	6.679155708222259e-07	-0.0008842622527625	-0.0003892742598376	1.5153444937218916e-07	7.819197316606114e-07	0.0005878620094601	4.7851227197499976e-05	3.455817421664667e-07	2.289739944306761e-09	0.0	0.0	0.0
539.0931496495791	-0.3263768556072364	290621.4239991035	0.1065218518760668	627.1104355289438	1.2949802377129345	1.6769738160670482	393267.4983493015	517.6068125904857	0.4696496638940743	0.220570806795817	267916.81244008214	578.4705195125404	506.1345470408701	0.975828	20.984148	0.1396886744837196	0.0852835821093634	-0.0717691878	0.0671249384	-0.0294712834	0.0618247264	0.0328379883	0.0945107272	-0.0670155332	-0.0759858956	-0.0008650706	-0.0789968256	0.0074829828	-0.0016557884	0.0062443572	0.0587561702	0.0669953819	0.0629255337	0.0118441125	-0.0473274228	0.0459566454	-0.0096236764	-0.0878273911	-0.1127916715	0.0585728688	-0.0296972469	0.0394428693	-0.0387693279	0.0536640426	0.0770286644	-0.0465655831	0.0384305964	0.0030013424	-0.0048652605	-0.0468027883	0.0401523845	0.0028111073	0.0023171158	-0.0114843235	0.1025423777	0.0226966575	0.1254886391	0.0786617672	0.0112267862	-0.1108268075	0.0882898781	-0.0261454998	0.0891777613	-0.0195933014	-0.0783684159	-0.0411118093	-0.0481129685	-0.0260175141	0.0363755018	-0.0006950833	-0.1208701148	-0.1025878331	0.0324512874	0.050779177	-0.0599586624	-0.0492035025	0.021042353	-0.0660064567	-0.1741004344	0.012434786	-0.0943759146	-0.0020127288	0.040070085	0.0319072743	0.0911170988	0.009175357	0.0252853538	-0.0748874777	-0.1268837621	0.0350051529	-0.0423421274	-0.0658633856	0.1091124919	0.0307036133	0.0387036165	0.1023488909	0.1114890414	0.1028159862	5.91673e-05	0.0264631734	0.0399028827	-0.030022353	-0.0509875069	0.005879288	0.056310258	0.1039980493	-0.1518799315	0.1319575961	0.0941590645	0.0371927824	-0.0337045224	0.0	0.0200572409611368	0.0025222984746592	6.361989595268127e-06	0.0004022929149731	1.6854151141387774e-05	0.0118459278756403	0.0001403260072348	2.840624106967428e-10	0.0280620916300975	0.0656077925628721	0.0043043824449728	0.0007874809866559	7.812550874584153e-05	-0.0007391355088135	5.46321300389078e-07	6.103595116796561e-09	-0.0005949832045955	0.0002892790481669	8.368236770840547e-08	3.540050137507307e-07	0.0004220234550297	-0.0001658385544304	1.7810379659520525e-07	2.7502426135564745e-08	0.0	0.0	0.0
538.7198239386149	-0.3733257109641954	290219.0487044523	0.1393720864669219	625.512288066627	-1.5981474623167742	2.5540753113095453	391265.6225223469	517.4924845306467	-0.1143280598389537	0.0130709052665393	267798.4715457016	577.3328824303925	501.2836719868714	1.039946	22.36293	0.2342486835260575	0.1103966963611778	-0.0944242521	-0.0628635422	0.041424796	0.0916255564	-0.037531807	-0.0298669908	0.0154108233	-0.1414319488	-0.0106254225	-0.1269985002	-0.1069865884	-0.0564311219	-0.0369797867	-0.0302421951	0.0350228399	0.0671519864	0.0188732725	0.1229474117	-0.0875841124	0.039062958	-0.0711082371	-0.1158876905	0.0014718791	0.0255248408	0.1020501087	-0.1496616816	0.0058865507	-0.0286478485	-0.007201324	0.0979212838	0.0539679385	0.1397525046	0.1266885716	-0.1848312902	0.0177452444	-0.114553961	0.0797391745	-0.1036075646	-0.0109064265	-0.0527450809	0.0646004089	0.0711618313	0.0482205761	0.0503885659	0.1006775206	0.0964685346	0.0421776021	-0.037587169	0.0586440357	0.0968518766	-0.1910448504	0.0740895795	0.0119916684	0.0137888648	-0.0475313987	0.0502079849	0.1951822741	0.1167474778	0.0722640667	-0.0803153693	0.0003934264	-0.1013119397	-0.0676347303	0.0185286849	-0.0375777929	-0.0124181625	-0.0292540002	-0.0111872295	0.0039872312	-0.201345304	-0.0626219599	0.0905709313	0.0507611727	0.0254319049	-0.1432477368	0.0424876794	0.130402269	-0.0393778681	0.0499381541	0.1076578783	0.0072293598	0.0101463305	-0.0040810552	-0.039684031	0.0530329872	0.0870515833	-0.0198579862	0.1763170692	-0.0961071953	-0.0444257917	0.1313680295	0.0927149366	0.0325341047	-0.0406438432	0.0	0.0649006071953124	0.0448433662341756	0.0020109274952124	0.0042120888143202	-0.0213575852291825	-0.0213744393803238	0.0004568666588231	0.0004561464468217	-0.0414582804096426	-0.0695203720397401	0.0048330821285438	0.0017187890145245	0.0009469946776514	0.0008688691689055	7.549336326746359e-07	8.96798919500079e-07	-0.0014246723717348	-0.0008296891671392	6.883841140683051e-07	2.02969136678446e-06	0.0006936752364212	0.0002716517813915	4.811853336240078e-07	7.379469033317532e-08	0.0	0.0	0.0
538.8889303046823	0.1691063660673535	290401.2792049247	0.0285969630445057	625.1025088466494	-0.4097792199776222	0.1679190091254685	390753.1465663753	518.0058568496527	0.5133723190059527	0.2635511379215496	268330.06773054285	578.5627345241535	499.6124445004373	1.083033	23.289465	0.1854504266015327	0.1203177685418117	-0.1096854231	0.0827112388	-0.0138364456	0.1111415889	0.0704766414	0.0541786106	-0.0606447183	-0.0156553683	0.0102201938	-0.1381813775	-0.0643442769	0.0370144863	0.027102495	0.1192767217	-0.0346716498	0.0573316922	-0.0102352212	0.0095502194	0.09893174	0.1069129305	-0.0778751507	-0.0484201783	-0.0871388731	-0.0289731275	-0.0043194965	0.0420967876	-0.0628254882	-0.1072935466	-0.0301155793	0.0320946036	-0.0517183242	-0.0325528401	0.0512541759	-0.0320012841	-0.1100789008	0.1113987744	-0.0042108535	-0.1061701268	0.1254066195	0.0414311103	-0.0739873533	0.0630702488	0.0649104914	0.0527666917	-0.0558778553	0.119352718	0.0149152207	-0.0884484184	-0.0778241291	0.0304133799	-0.1174468179	0.115648406	-0.0334749795	-0.051522416	-0.0229434094	-0.0115944158	0.0619683359	-0.0178673739	-0.003015949	0.0365634174	0.0300193316	0.0142616991	0.0168082949	0.0603778375	0.00844714	-0.072228317	-0.0225893089	0.1422740666	0.0059692673	-0.1558002817	0.017300006	-0.0752066285	0.1321311966	0.068526823	-0.1618081661	-0.0433995292	0.0467696329	0.116917436	0.1028615288	0.1159373163	0.1505881392	0.0599314419	0.0080404807	-0.0416112969	-0.1849893222	-0.011359821	-0.0639941222	0.10114202	0.0391720583	-0.0379747243	0.1433719866	0.0912295932	0.0278175825	-0.0474206018	0.0	0.0594381126219616	-0.0054624945733508	2.983884696388697e-05	0.0035328892320609	-0.0302340609235045	-0.0088764756943219	7.879182075188918e-05	0.0009140984399261	0.0493124295768723	0.0907707099865149	0.0082393217914559	0.0024317157107739	-0.0001362272282176	-0.001083221905869	1.1733696973544686e-06	1.8557857707850075e-08	-0.0017680602808398	-0.000343387909105	1.1791525611950385e-07	3.126037156683313e-06	0.0008738803483941	0.0001802051119728	7.636668633093936e-07	3.24738823811654e-08	0.0	0.0	0.0
539.2110794198809	0.3221491151986129	290748.5881691531	0.1037800524232491	626.3635874602754	1.2610786136260683	1.590319269745047	392331.3436961061	517.1932339612698	-0.8126228883828617	0.6603559587237049	267488.8412553168	577.6055034543413	500.3093060047104	1.171673	25.195585	0.2345984344421337	0.1242871605181418	-0.0953561177	-0.043661589	0.0374289401	0.1074726165	-0.0409487387	-0.030878737	0.0761656045	-0.0576951928	-0.0600886388	0.0554340754	-0.0346333979	-0.0566955043	-0.0231320634	-0.0454764173	-0.0248178286	0.0569300978	0.0386922698	0.1103179202	-0.0083742653	-0.106548827	0.1030965483	-0.110548543	-0.1157196397	-0.0791954949	0.1357339783	0.0689998676	0.0539889067	-0.0144098689	0.0778883902	0.1754142691	-0.0615686034	0.0395336148	0.0061176747	-0.1715577126	-0.0198690895	-0.0189010013	0.0317630142	0.0802759107	-0.0090512591	0.0862423605	0.1456497962	-0.1540465068	-0.2078215763	-0.092587892	0.0731296033	0.0830571163	0.0073353533	-0.0053997563	0.0857154233	0.1016127108	-0.0866272164	0.0254321756	-0.0269152187	-0.0586603947	-0.0160253655	0.018262049	0.1759600883	0.081493588	0.0130526334	-0.1873020132	0.1095029664	-0.0301801071	-0.0372955619	-0.0203685181	-0.0151463494	0.0244402929	0.166409105	-0.0327852263	0.0168649779	-0.1574672168	-0.1912967116	0.0919895583	0.0374761136	-0.0257353269	-0.0752351769	0.0239766283	-0.0158298627	-0.1112906456	0.0797515729	0.0853605077	-0.1674995046	0.0209876435	-0.1198264875	-0.039007367	-0.0085827609	0.1072199795	0.1250126378	0.0595026147	-0.1908371458	0.0156516773	0.1199168768	0.0897036946	0.0230516017	-0.0540076933	0.0	0.0342487899845309	-0.0251893226374307	0.0006345019749325	0.0011729796154045	0.023268227720024	0.0535022886435285	0.0028624948900954	0.0005414104212308	-0.0361212925631022	-0.0854337221399745	0.0072989208786903	0.0013047477764292	0.0008540980912776	0.0009903253194952	9.8074423843327e-07	7.294835495240396e-07	-0.0013561221520428	0.000411938128797	1.6969302195677385e-07	1.839067291261195e-06	0.0008810789205259	7.198572131799979e-06	7.763000641950851e-07	5.1819440736727296e-11	0.0	0.0	0.0
538.8100800169884	-0.4009994028924666	290316.30232791346	0.1608005211201147	626.3438426303325	-0.0197448299429652	0.0003898583094766	392306.6092009307	515.9524835084146	-1.2407504528551954	1.5394616862603725	266206.96523850085	577.9545444762464	501.3372750488176	1.168562	25.128674	0.3169998169068003	0.1431204407867133	-0.0938202074	0.1038089385	-0.0034885978	0.085010425	0.0295009717	0.0918547857	-0.0971024736	0.1199890106	-0.0998292771	0.0454396825	0.0355641788	0.0988185161	0.1488366408	0.0211251509	-0.072065393	0.0375027622	-0.0792011724	-0.0915524264	-0.0850956171	0.0695395511	-0.0129420727	0.0475589016	-0.0087742658	-0.0948369147	0.0826795771	0.3151172277	-0.0640800014	0.0714658204	0.0238094287	-0.0614176236	-0.1979536204	-0.1132064774	0.2745787576	-0.1506794128	0.150142097	0.1328522958	-0.0905765501	0.1061452966	0.0651249789	-0.0225255465	-0.0934695906	-0.0170748432	-0.1321085248	-0.1516225674	-0.0750525125	0.1113255842	-0.008076602	0.0178611344	-0.1019991899	-0.0875930784	0.0105183234	-0.0170870888	-0.0297440821	-0.1244698681	-0.049895078	-0.1438101347	-0.0971659468	-0.0954290561	-0.0827391886	-0.0328162927	0.1839194896	0.1910499248	0.109716318	0.0932164487	0.0113697639	-0.1212901876	0.1984845284	0.0638029875	0.1217232263	0.0777164127	-0.0958617137	-0.1288123057	0.1676010375	-0.0979088649	0.0615317714	-0.1293687867	-0.3474701627	0.0526220054	0.1957471081	0.0051452704	-0.3467783095	-0.0077822443	-0.3653338637	-0.0599659206	-0.0618966771	0.2599069312	-0.1004766808	-0.1548149819	-0.1337218605	0.0975259292	0.0202661687	0.0881379191	0.018244636	-0.0603787714	0.0	-0.0310947133045118	-0.0653435032890427	0.0042697734220851	0.0009668811954897	0.0025809514334724	-0.0206872762865516	0.0004279634001561	6.6613103019432365e-06	0.0550244727810138	0.091145765344116	0.0083075505401646	0.0030276926048285	0.0013684182663181	0.0005143201750405	2.6452524245369064e-07	1.872568551593035e-06	-0.0003837934872468	0.000972328664796	9.45423032383972e-07	1.4729744085305962e-07	-0.0004287376793794	-0.0013098165999053	1.838159977196332e-07	1.7156195253874809e-06	0.0	0.0	0.0
540.2777320819248	1.4676520649363738	291900.0277835881	2.154002583712002	628.563069866202	2.219227235869539	4.924969524425155	395091.532799624	517.2043279901251	1.2518444817104637	1.5671146063889394	267500.3168917169	578.910087879831	506.81809241207566	1.193847	25.672407	0.2072745422372063	0.1044825178110909	-0.0739623775	0.007577801	0.0481277177	0.0722901998	0.0230012679	-0.0837982274	0.1911270174	-0.037292902	-0.0869096557	-0.0016806598	-0.0176742	0.0415754504	0.0266252277	0.0013623073	0.0539606409	0.1335225713	-0.0134950811	-0.102873076	-0.0944858679	-0.1081131962	-0.0086946402	-0.0501651703	-0.1698600547	0.0106406993	0.0793621621	-0.0160389957	0.0665036142	0.0025859716	0.0854579845	-0.1455095179	-0.1331786057	-0.1628427337	0.1289444814	-0.0964881816	-0.0959049504	0.0129305995	-0.0155911494	0.0226511707	-0.0507219898	-0.0348840747	0.170920824	-0.0271162617	0.0857292408	0.117606595	0.0355099828	0.0943729627	-0.0125715869	-0.02810818	0.1341399619	0.0833041572	-0.0503650812	-0.1530612043	-0.0984715437	-0.0651739191	0.0321595556	-0.116270507	0.0836011217	0.06284358	-0.0553080394	-0.1465602074	0.1701917721	-0.0061772663	0.020787675	0.0587940072	0.0187160588	-0.0325141048	0.0223271878	-0.0479062873	0.1041580721	-0.1288404486	-0.1918519125	0.147793817	0.0474490375	0.0591507167	0.06151309	0.0026559223	-0.0726104778	-0.1475881955	0.0268821358	0.1261809834	-0.0245666751	0.0544099428	0.0169939146	0.1559622704	0.1173441784	-0.0926662579	0.129246572	0.0268975617	0.0511001437	-0.0546389368	-0.1080947514	0.0865329627	0.013405232	-0.066508354	0.0	0.0195548172345354	0.0506495305390472	0.0025653749438258	0.000382390877076	-0.010381481747089	-0.0129624331805614	0.0001680246739605	0.0001077751632651	-0.004617863356934	-0.0596423361379478	0.0035572082599919	2.1324661983313755e-05	0.0020371104510058	0.0006686921846876	4.471492378624089e-07	4.149818989597054e-06	-0.0006141423507184	-0.0002303488634716	5.3060598902657825e-08	3.771708269459222e-07	0.0003526261200543	0.0007813637994337	1.2434518054454958e-07	6.105293870654674e-07	0.0	0.0	0.0
539.7448457369234	-0.5328863450014296	291324.4984995752	0.2839678566889826	628.6015232969812	0.0384534307792137	0.0014786663386917	395139.8750912852	516.9759410511364	-0.2283869389887058	0.0521605939006308	267264.12362570805	578.8593691941371	505.5474335336109	1.057466	22.739677	0.120649014766971	0.0874656718948742	-0.0708880165	0.1116881227	0.0469070931	0.0714858072	0.0564054366	-0.0003827023	-0.0040334268	0.1620717627	-0.0957227491	-0.0328498803	0.075315649	0.0281794179	0.1312958598	0.0722293634	-0.0350550612	0.0135542868	-0.0030414584	-0.1388472628	-0.0926511992	0.0324842928	-0.0127890275	-0.0430262187	-0.1163930713	-0.0824998221	0.1111643279	0.0705686291	-0.0665804877	-0.0568095312	-0.0828523268	0.0363294368	0.049122971	0.0499647244	0.1708984109	0.1054297542	0.0585503405	-0.0784354719	-0.1135871424	-0.1869337269	-0.0708540677	-0.0162167918	-0.1071969766	-0.0164065539	-0.0377140717	-0.0565192621	-0.0801016783	0.1107523466	0.0330595072	-0.0124909023	-0.0680171888	-0.1018276375	-0.0728237787	-0.1108676401	-0.0835430496	-0.0100026585	-0.0032785557	-0.1267208156	0.0035920325	-0.0637965382	-0.0417018071	-0.1098522678	-0.0090349417	0.0122762743	0.0723824019	0.1182339298	-0.1011981938	-0.0390606176	0.034320763	0.0676321449	0.1533892332	-0.0463232753	-0.057866935	-0.073897196	0.0681994704	-0.0694929786	0.0698445875	-0.0578925534	-0.2062559746	-0.0455092384	0.1596795933	0.0878317356	-0.075474511	-0.0898297904	-0.0245089351	0.0015740333	-0.0097934827	0.0094470321	0.0843281862	-0.1021309468	0.0927168774	-0.0205840215	-0.0185661179	0.0848895389	0.0085419939	-0.0723719246	0.0	0.021018041064039	0.0014632238295036	2.141023975227183e-06	0.0004417580501696	-0.0221327379951361	-0.0117512562480471	0.0001380920234072	0.0004898580911613	0.0652969219259063	0.0699147852828403	0.0048880772011456	0.0042636880129979	0.001296611816907	-0.0007404986340988	5.483382271021885e-07	1.6812022037428715e-06	-0.0006147658646613	-6.235139429000081e-07	3.887696369907146e-13	3.779370683527559e-07	0.0003618989601442	9.272840089900043e-06	1.309708573534533e-07	8.598556333285746e-11	0.0	0.0	0.0
539.9556898121549	0.2108440752315346	291552.14696052007	0.044455224060241	629.7109909488656	1.109467651884415	1.230918470577918	396535.9321218024	517.3722163913967	0.3962753402603312	0.1570341452984412	267674.0102937462	579.118054585186	508.09664140217046	1.038163	22.324583	0.1476934705397052	0.077011403631737	-0.0700669301	0.0257243312	-0.0136991632	0.052912012	0.0266678189	-0.0278756112	0.1609704578	-0.0162445898	-0.0023791982	0.0030547716	0.0054456732	0.0373867034	-0.0333395225	-0.0017662796	0.1230784081	0.1130940455	-0.0801076514	-0.0597397657	-0.0475415243	-0.124037982	0.0669755652	-0.0587047855	-0.1397343168	0.0772302933	-0.0391908479	0.0953633244	0.1237865047	0.1121837	-0.0599515633	-0.0110436904	0.0354949317	-0.0604201625	-0.0031331834	-9.23189e-05	-0.051845156	0.0342812918	0.0149134934	-0.1790754321	0.0538875659	-0.0469784065	0.0832078473	0.1026236078	0.0001351722	-0.1007182466	0.0387622239	0.083949707	-0.0472557543	-0.0544252282	0.125211184	0.0536472236	0.0462779379	-0.1476522349	-0.0931923328	0.0280149579	0.028315586	-0.089298634	0.0770068247	0.0749600504	-0.0505800001	-0.1025585891	0.1721071895	0.0115553998	0.0105447117	-0.0701854876	-0.0183156916	-0.0840163766	0.0639795487	-0.0403332925	0.1405173023	-0.02480124	-0.1184354648	0.1116778651	0.0269983712	0.0466610944	0.1401199608	-0.0018073537	-0.0574559037	-0.1706805349	-0.1561572624	0.0986774726	0.0014466355	0.0776248435	0.1040485226	0.1411229958	-0.0114188726	-0.0331672755	-0.0460013482	-0.016885797	0.0617986981	-0.0115568234	-0.0267385764	0.0832083783	0.0036635686	-0.0779460309	0.0	-0.0176794763915353	-0.0386975174555743	0.0014974978572244	0.0003125638854788	-0.04968240838447	-0.0275496703893339	0.0007589843385609	0.0024683417028812	0.0281334632439893	-0.037163458681917	0.0013811226612025	0.0007914917541008	0.0015759268592766	0.0002793150423696	7.801689289393149e-08	2.4835454657894085e-06	-0.0006151927193238	-4.268546625000452e-07	1.8220490289802758e-13	3.784620819090118e-07	-0.0002440156230813	-0.0006059145832255	5.9543624307755074e-08	3.671324821653314e-07	0.0	0.0	0.0
539.5287977982778	-0.4268920138771364	291091.3236536549	0.1822367915120772	628.0175272839217	-1.69346366494392	2.8678191844852927	394406.01457581134	518.0078029321346	0.6355865407379042	0.4039702507671756	268332.0838985772	578.9603344016775	504.3525692308917	1.11897	24.06225	0.1210291708571748	0.0601497267719915	-0.0689602795	0.0300115225	0.1050265207	0.0873512503	0.0374400233	-0.1097970696	-0.0812458281	0.2009872735	-0.0232894294	-0.0909351804	0.1673776448	0.1205747009	0.0088489128	0.0232770201	-0.1730478829	-0.0167955019	-0.1604158466	-0.0187096838	-0.284086602	-0.0360671933	-0.07079587	-0.1161292172	-0.0788160175	0.1970735563	-0.2056182053	-0.0299771429	-0.0454006731	0.06521409	0.1301463798	-0.1313073957	0.0123873632	-0.0719803457	-0.0172043779	0.0118990076	-0.1184825903	0.0975067912	-0.0694108579	-0.0415906548	-0.0749882298	0.087142137	-0.0613016435	0.0551446489	-0.0563222816	-0.0168902577	-0.0158190962	0.0841009285	0.1379355776	0.0198864546	-0.1309042161	-0.0931262828	-0.046133476	-0.0980695518	0.1019910535	0.142352744	0.0346083241	-0.193691494	0.0820500633	0.0389021593	0.0771712343	0.131906556	0.0309899434	0.1193843724	0.1095193823	-0.0948363724	-0.074125274	-0.191240761	-0.0358218035	0.0097144768	0.1736305944	-0.0011378928	0.1479416645	0.0201631629	0.1797809091	-0.0240092039	0.1531908415	-0.2952883482	0.0096754613	0.0718500252	0.0408175217	0.0475272876	0.0597657896	0.0332578895	-0.011547074	0.0965640432	0.0512001437	0.0112234091	-0.0255640821	0.0130799448	0.0992248119	0.0047404044	0.0107363381	0.0814902283	-0.0012213705	-0.0832083783	0.0	-0.0059760002916249	0.0117034760999104	0.0001369713528211	3.571257948550089e-05	-0.0944295945050868	-0.0447471861206167	0.0020023106657131	0.0089169483183951	0.052101724871477	0.0239682616274877	0.0005744775654436	0.002714589734583	0.0012958861476969	-0.0002800407115796	7.84228001420647e-08	1.679320907792712e-06	-0.0011031274853015	-0.0004879347659776	2.3808033584971277e-07	1.2168902488276108e-06	-0.0001997861604555	4.422946262580001e-05	3.991450990955079e-08	1.9562453641670404e-09	0.0	0.0	0.0
541.5473896085646	2.0185918102868072	293273.5751918504	4.07471289655697	632.58947784079	4.5719505568682735	20.90273189444812	400169.44747488335	518.4318501932638	0.4240472611292034	0.1798160796711788	268771.5832948107	581.1301079982092	512.095865299047	1.157148	24.883234	0.1130906060590982	0.0663401817887931	-0.0371198817	0.0499047471	-0.032528168	0.0323163149	0.0486706348	0.093501871	0.1128044988	-0.1079365141	0.038904954	0.0859487366	0.1228547172	0.0077618415	-0.0268843922	0.0813237318	0.1567708114	0.1162441439	-0.0237209735	-0.0746597208	-0.0484113653	-0.0282962731	0.1032751441	-0.0172941281	-0.0738889938	0.0505622212	0.0573285679	-0.0956186729	0.0074844648	0.1303387684	0.0596397572	0.1175312708	-0.0761322298	-0.1376343524	0.078086372	0.0153474511	0.0721007143	0.0559384565	0.0383141493	-0.032997883	0.0633228379	0.0033489003	-0.054332623	0.0139799839	-0.0602388984	-0.0084490652	-0.0337987409	0.0324029332	-0.0689342586	-0.0968912091	0.1490286371	0.0269464949	0.0304375062	-0.105774481	-0.0766939976	-0.1058334028	0.0539806756	-0.0448067854	0.1681560539	0.0084258421	-0.0118759435	0.0793745236	-0.044682711	-0.010859094	-0.0854356867	0.1035426327	0.0180719471	-0.0332727987	0.0423278982	-0.0059950427	0.1052421322	-0.1025430458	-0.0901639127	0.04080573	-0.0050445985	0.0326564805	0.1046453346	0.0686827522	-0.1485549082	-0.0527390792	-0.2135749864	0.1593328893	-0.050393018	-0.0164758618	0.0510638249	0.0286599301	-0.1419250997	0.0890334692	0.1581995069	-0.0043388155	0.0928617217	-0.0617679098	0.1326443392	0.0797358525	-0.006104138	-0.0881379191	0.0	0.0043859015712541	0.010361901862879	0.0001073690102159	1.9236132592729185e-05	-0.0356417276362606	0.0587878668688262	0.0034560132909868	0.0012703327488973	0.023791666346284	-0.0283100585251929	0.0008014594136998	0.0005660433875329	0.0011358405351314	-0.0001600456125655	2.5614598101466132e-08	1.2901337212475854e-06	-0.0010541731207076	4.895436459389992e-05	2.396529812792482e-09	1.1112809684224e-06	-0.0003034017593401	-0.0001036155988846	9.205262757066797e-08	1.0736192332214322e-08	0.0	0.0	0.0
539.9421536702009	-1.6052359383636483	291537.52931001486	2.576782417814224	628.9859119135108	-3.603565927279192	12.985687392247542	395623.2773856708	517.3058450338724	-1.126005159391411	1.2678876189760775	267605.3373062088	579.5798870957549	513.8438627476932	1.114767	23.971884	0.1796375196202391	0.1041293779179535	-0.0121501276	-0.054974689	0.0940245992	0.0235550865	-0.0467712828	-0.0549080184	-0.0801081511	0.1035465785	-0.0273755101	-0.0246223943	0.1020895669	0.1401399213	0.0410195426	-0.0347241499	-0.097695328	0.0593322034	-0.0835826985	-0.1184276557	-0.1739309249	0.0150436377	0.1158953764	0.0519558949	-0.0494124355	-0.0455175971	-0.2443419414	0.046054632	-0.0150565118	-0.1546648652	-0.0403498267	0.0928045119	0.0388972962	0.1353293676	-0.0780232157	0.0732524138	0.0972077567	-0.0961740374	0.1675622461	0.0408173582	0.1067667088	0.0721973243	-0.0395438611	-0.0641308442	-0.0118498898	0.0314945471	0.042125487	0.0313872145	0.0593782334	0.0412855179	-0.068469417	-0.0705319458	-0.0159866084	-0.1209562	0.0082625239	0.0994997927	0.0234402401	-0.1102187967	0.0239777349	0.0900828165	0.0785128213	0.1218168146	0.0268690136	0.0910751712	-0.0741133579	-0.0412678313	-0.0560056413	0.2114132275	0.0346177388	-0.0976078862	0.1566778027	-0.0064798012	0.1613537159	0.0848804062	0.1352231136	0.0465094456	0.1077159701	-0.2314572638	-0.0292264544	-0.0872067416	-0.075256717	-0.0274955654	0.0993420982	-0.0317391308	0.0112477503	0.1157125607	0.1770252791	-0.0255069604	0.0284451002	0.0242937832	0.0037010555	-0.1400387446	0.1083332705	0.0779460309	-0.0109760526	-0.0927149366	0.0	-0.0335906632771099	-0.0379765648483639	0.0014422194776819	0.0011283326593961	-0.1117762023220052	-0.0761344746857446	0.0057964582356742	0.0124939194055298	0.0084009773782085	-0.0153906889680755	0.000236873306912	7.057642090917096e-05	0.0019677658615489	0.0008319253264175	6.92099748734864e-07	3.872102485877285e-06	-0.0010419557676264	1.2217353081200042e-05	1.4926371631070815e-10	1.0856718216899204e-06	-0.0004619749022025	-0.0001585731428624	2.134208102650095e-07	2.5145441637259133e-08	0.0	0.0	0.0
539.7892607820215	-0.1528928881793945	291372.44605560123	0.0233762352558368	628.4744148038875	-0.5114971096232921	0.2616292931529821	394980.09006308886	517.4708366127281	0.1649915788557336	0.0272222210933077	267776.0667446768	579.9866009842034	508.1301336008444	1.206304	25.940271	0.2659813318142159	0.1664627205684594	-0.0545103273	0.1423298541	0.0075978352	0.1009969989	0.1081660951	0.1035073427	-0.078557529	-0.1414274631	0.0469504823	0.0375199448	0.0976214985	0.1062273166	0.0587581655	0.1088075372	0.0521036106	0.1231790974	0.0150106112	-0.1720699596	-0.0738234449	0.0005398421	0.0238217904	0.0542925291	0.0203518337	0.0163888341	-0.1981387511	0.0595988809	0.0599788706	-0.1367553236	0.0966619035	-0.147327872	0.064854762	-0.0915476235	0.0638862588	0.2198003636	-0.0207647053	-0.1640382077	0.1147397562	-0.0226311006	-0.0650993302	0.1065818604	0.1484510372	-0.1557887391	0.1705630017	-0.0703294153	-0.1202388309	0.0858495293	-0.0004331006	-0.0884496729	0.0475863858	-0.0767852852	0.0722061503	-0.0646731975	-0.0519113555	-0.0311012359	-0.102789637	-0.1533547021	-0.0337476173	0.0072167723	-0.005142507	0.239526393	0.0350310766	-0.1046996817	-0.0490541973	-0.0218620035	-0.0789647033	0.0371282248	0.0256164896	0.0800957261	0.1107499334	0.0793641342	-0.0212231438	0.0128530249	0.1035073718	0.0763925643	0.1761450165	-0.1540124127	-0.1964622595	0.1125715968	-0.0751796808	0.096485798	0.215516094	0.1033000522	0.0826213329	0.1387097177	0.1920280083	-0.0630338711	0.0402991121	-0.0691040852	-0.0918650619	-0.0515970836	0.0529961196	0.0761215592	-0.0158284522	-0.0969211244	0.0	-0.0408264054645997	-0.0072357421874898	5.235596500381975e-05	0.0016667953831598	-0.0080423179969386	0.1037338843250666	0.0107607187571663	6.467887876388248e-05	0.082540091082258	0.0741391137040495	0.0054966081808219	0.0068128666358674	0.0004337401949042	-0.0015340256666447	2.353234745924717e-06	1.881305566755334e-07	-0.0011241006123732	-8.21448447468e-05	6.747775518475874e-09	1.2636021867378031e-06	-0.0004632562227632	-1.28132056069995e-06	2.1460632792882761e-07	1.641782379272434e-12	0.0	0.0	0.0
539.9131017754893	0.123840993467752	291506.1574688298	0.0153365916630797	629.418692680402	0.9442778765145476	0.8916607080748233	396167.8906955064	516.3516396831521	-1.1191969295759918	1.2526017671723275	266619.01580347976	578.501775007667	505.8820852829796	1.36114	29.269857	0.3302319716409609	0.1532020314387993	-0.046388072	-0.0795573348	0.0307269766	0.0183817506	-0.0841781358	-0.0228339328	0.0101785777	0.0845730048	-0.003787566	-0.0278496366	0.0430364505	0.0459439846	0.0562403715	-0.09683039	-0.0442442139	0.0354693393	-0.045209304	-0.0562774697	0.1388095226	-0.0433034605	0.044123203	-0.1091740794	-0.1538298144	0.0257667147	-0.0854897867	-0.1121501212	-0.0780085208	0.0985244838	-0.0917348111	-0.0038469332	-0.1476231458	0.068954655	0.0067323501	-0.0205717724	-0.0321207204	0.2389545185	0.0917912452	-0.0082921196	0.1046982316	0.105366407	-0.1383513647	-0.1135995198	0.0882687051	-0.0374534397	0.053806757	0.0362522835	0.0747394165	0.059892194	-0.0251411967	0.0247541775	-0.1200156526	-0.0245812561	-0.161174959	-0.0743687621	0.0178533933	0.082267343	0.2204715737	-0.054965369	-0.0057658574	0.1181526982	-0.1471999455	0.1261162488	0.1807049494	-0.0293000314	0.1365638417	-0.0191192321	-0.1158824609	-0.0654347461	0.0991110629	-0.1970678155	0.1010036739	0.0395551064	0.0804307655	-0.0183014838	-0.0100610532	-0.0728785605	0.0070966119	0.1423316486	-0.0567975896	0.0784826983	-0.1380105055	-0.2204861017	0.0450802188	0.1006757655	-0.0957033353	-0.0637469025	0.0216412048	0.082689001	-0.0333866604	0.0586620485	0.046928562	0.0742632484	-0.0206527093	-0.100739659	0.0	0.0390145900278326	0.0798409954924323	0.0063745845612225	0.0015221382350398	-0.081381943519105	-0.0733396255221664	0.0053787006717316	0.0066230207309467	0.0029605736184308	-0.0795795174638272	0.0063328995997755	8.764996150148439e-06	0.0011511882747233	0.0007174480798191	5.147317472361137e-07	1.3252344438604075e-06	-0.0016678725920837	-0.0005437719797105	2.956879659182764e-07	2.781798983424e-06	0.0002249603809579	0.0006882166037211	5.06071730007235e-08	4.7364209363740565e-07	0.0	0.0	0.0
541.8856553511071	1.9725535756177808	293640.0634752988	3.890967608682491	635.2044562862418	5.785763605839748	33.47506050265976	403484.7012859001	517.5821384527744	1.2304987696222724	1.5141272220419264	267891.27004534693	581.1553745412878	520.0024854333907	1.341021	28.837223	0.2991261437528563	0.1675679791444229	0.0107168489	0.1320639516	-0.0598109243	-0.0194204267	0.1568878071	0.0556232021	0.0899456299	-0.0304040345	0.067968936	0.08547179	0.0784158882	0.0037438784	0.0738960188	0.0782022278	0.0651983645	0.1159012011	0.066166988	0.0138004717	0.1821608342	0.0123975544	0.0186908714	-0.019944974	-0.0365813455	-0.0028287175	-0.0407821787	-0.1393987853	-0.0228854907	-0.0708811056	-0.0890468938	-0.0488740473	0.0653101787	0.0049243329	-0.1143189177	-0.0285906554	-0.0701438234	-0.0080451792	0.0995283787	0.1312817079	0.104595373	-0.0485922378	-0.1537262324	-0.0014359129	0.0593017567	-0.0281315476	-0.1524521036	0.0141487746	-0.0120919628	-0.0071808692	0.0971404934	0.0369167158	0.022660603	0.0547151862	-0.1343180301	-0.01481488	0.0517180785	0.0395467221	0.1372805961	-0.0792891388	0.1161173713	0.1323308986	-0.0855613733	-0.0273827255	-0.0240682013	-0.0543683481	0.0996956907	0.090999252	-0.0658901307	0.1602596219	0.0178729583	-0.0517927034	0.0453502129	-0.0078385957	-0.0550764857	0.0915383913	-0.0129386855	0.0517489786	-0.0125243015	0.15556168	-0.1064840448	-0.1022310095	0.0263513436	-0.0563272361	0.1802275584	0.1719438727	0.0065450395	0.0842702836	-0.0471249497	-0.0148139208	0.0193658951	-0.0007616105	-0.1153293341	0.0723719246	-0.0254402467	-0.1041552675	0.0	0.0205471808691299	-0.0184674091587026	0.0003410452010349	0.0004221866416687	-0.0013991750971484	0.0799827684219565	0.0063972432444403	1.9576909524802343e-06	0.0922712366173215	0.0893106629988907	0.0079763945253014	0.0085139811068897	-0.0005599464836531	-0.0017111347583763	2.92798216132386e-06	3.1354006455547135e-07	-0.0012940238200385	0.0003738487720451	1.3976290435970382e-07	1.6744976468270323e-06	8.26378479133743e-05	-0.0001423225330445	6.829013907753981e-09	2.0255703412210117e-08	0.0	0.0	0.0
541.906255840806	0.0206004896989497	293662.3901194011	0.0004243801758365	633.167468572067	-2.0369877141747565	4.1493189476989	400901.0432579595	517.3970750928759	-0.1850633598985496	0.03424844717694	267699.73331466306	581.0357269009082	525.6140350896048	1.188921	25.566471	0.1768715545286245	0.1038197446128578	0.0685916591	-0.0757593291	0.0902792759	-0.0725341958	-0.010217894	-0.0939874857	0.0075635433	0.0883722179	-0.0636350562	0.0291614971	0.0687010346	0.0005609155	-0.0221426553	-0.0721334383	-0.0490433058	-0.0945053409	0.0566271447	0.0792987501	-0.0858527384	-0.1193369261	0.0258431921	-0.0612212592	-0.0600989566	-0.0038810678	-0.0365265205	-0.0556917588	0.1065173925	0.1118564413	-0.035172331	-0.0999567057	0.0860269606	0.115114257	0.0548037817	-0.1379377513	0.0333247451	0.0044580903	-0.1698186747	-0.0867353788	0.0616691358	-0.0397664475	-0.1539247289	-0.0536037571	0.0568413531	0.0143266875	0.0290795852	-0.0972624895	0.095860711	0.095958747	0.0073382329	0.0248518734	-0.1645056242	-0.0172806248	0.0560042187	0.1185900473	0.0550942288	0.0228457265	0.0502613043	0.0914189372	-0.0011681677	0.028089213	-0.0416299837	0.0445283457	0.058744422	-0.263600541	0.0877447548	-0.0762712639	0.0073724516	-0.0033465587	-0.0786626519	-0.1435881625	0.0412959223	0.0459862716	-0.0307960255	-0.0980933214	-0.0607199968	-0.0985123387	0.1017684672	0.1495232809	-0.0508155068	-0.0799944489	-0.038232417	-0.0737151299	-0.0046425349	0.152826177	0.0615420876	0.0160433831	-0.047394094	-0.0524533568	0.0839523366	0.0018221639	-0.1843323238	0.0704484286	-0.0301825523	-0.1071542885	0.0	0.0288901255229774	0.0083429446538474	6.960472549716256e-05	0.0008346393527333	0.0321817305956528	0.0335809056928012	0.0011276772271488	0.0010356637841311	-0.0007502685721121	-0.0930215051894336	0.0086530004277078	5.629029302991293e-07	-0.0003764192060092	0.0001835272776438	3.368226163938114e-08	1.4169141865259656e-07	-0.0019490158045587	-0.0006549919845201	4.290144997857098e-07	3.7986626064195966e-06	8.263313022662907e-05	-4.7176867452197215e-09	6.8282342110510405e-09	2.225656822602185e-17	0.0	0.0	0.0
541.8894275526441	-0.0168282881619461	293644.1516933323	0.0002831912824614	634.2290783682786	1.0616097962115418	1.1270153594123111	402246.52384787606	517.9946638165098	0.5975887236339759	0.3571122826144843	268318.4717423791	582.2303681532031	528.0754463248509	1.23201	26.493053	0.2216163275349065	0.1129053589124042	0.0768779493	0.1437545742	-0.1282896634	-0.0640958862	0.1225625528	0.1541582597	-0.0131371151	-0.0881547013	0.0480189361	0.1181728995	0.0180213406	0.006046911	0.0459182753	0.1468497138	0.0327079917	-0.0733929964	0.0440978611	0.0086170986	0.1529612291	0.0118492285	-0.0639108493	-0.2054133912	-0.030098309	-0.0671735845	-0.0090629799	0.0286254434	0.0550121497	-0.000635334	0.0051005027	0.0206541109	0.0773332027	-0.2377997289	-0.0314372096	-0.070383889	0.0776743919	0.0101462296	0.1038705701	-0.0103392002	0.025018926	0.0263183713	-0.0729019153	0.0530451888	0.0979954875	-0.0725006161	-0.1684111367	-0.0663821868	-0.0856564649	-0.0338771994	0.0005181353	0.0514536088	-0.0005802579	0.1426484077	-0.0393722149	-0.1093548325	0.0505627304	0.0461858199	0.0441820601	-0.1090249798	0.0778085187	0.0831728036	0.0426285527	0.0802947106	-0.1158973655	-0.0633789082	0.1191832116	-0.0090655156	0.0922339489	0.1618441378	-0.0785730599	0.0237639611	0.0431692836	-0.0881820078	-0.0613481205	0.0971679179	0.005675658	0.0795745889	-0.042907211	0.1942628905	-0.153062375	-0.0915026695	-0.0246624073	-0.0240819062	0.1282886416	0.0120400989	0.1976155478	0.121899321	0.0702321741	0.0352935087	-0.0920267877	-0.0903534233	-0.1422676614	0.0684936154	-0.0348711943	-0.1097247271	0.0	-0.005398088415319	-0.0342882139382964	0.0011756816150783	2.91393585396012e-05	0.0539959289282876	0.0218141983326348	0.0004758592488955	0.0029155603408286	0.0838623914958418	0.0846126600679539	0.0071593022437751	0.0070329007074018	-0.0011352533052497	-0.0007588340992405	5.75829190170141e-07	1.2888000670803686e-06	-0.0015023113779699	0.0004467044265887	1.9954484473402853e-07	2.25693947637782e-06	-0.0003298534478645	-0.0004124865780911	1.0880329706809844e-07	1.7014517710532918e-07	0.0	0.0	0.0
542.0986054228667	0.2091778702226747	293870.898001417	0.0437553813908941	634.4116096927621	0.1825313244835342	0.0333176844177132	402478.0905129616	517.7813781880554	-0.2132856284544004	0.0454907593051885	268097.55559832207	581.5717201478228	526.4722898710577	1.271831	27.349367	0.2177010654196938	0.1134977012276667	0.0797126398	-0.0662409359	0.1587539702	-0.0960306321	-0.0099506569	-0.1162602848	-0.0842777064	-0.0715467876	-0.0179998501	0.1156550984	-0.0898902204	-0.0658199233	-0.0820461063	-0.0633348035	-0.0731092672	0.0401540443	0.0717365741	0.103351394	0.0070407336	-0.1770298717	-0.1163845341	-0.0929099333	-0.0589949731	-0.1330435244	0.0066610774	0.0336523801	0.0196889614	0.1082623368	0.0617466414	-0.1139813712	0.0839215142	0.0466647157	-0.0161757537	-0.092024058	-0.023613507	-0.0830528258	-0.0666563204	0.0304750143	0.0894069866	-0.0087231593	-0.0875447752	0.0693481676	0.0353223528	-0.0956635377	0.052094982	-0.0842399044	0.1342691808	0.0676700931	0.0288607634	0.1126109141	-0.0959527213	-0.0402044203	0.0663901328	-0.0909220101	-0.0155270982	0.0925076096	-0.0114283682	0.0429261705	-0.0028311961	-0.0022826279	0.0697671009	-0.0569701087	0.0886196237	-0.0842889484	0.0341143392	0.0068341302	0.0888408706	-0.0412881474	-0.0782778167	-0.0986381426	0.0883855821	0.1097345063	-0.0446070639	-0.1061517186	-0.1046436039	0.0698996994	-0.0823204741	0.0243010713	-0.190316795	-0.0006993447	-0.0389054887	-0.0211767048	-0.0200570756	-0.046015287	0.10046449	0.1676544748	-0.1053729727	-0.1389280715	-0.0074156702	-0.1418645252	-0.1131441739	0.066508354	-0.0394978367	-0.1118563022	0.0	-0.0108376519066268	-0.0054395634913078	2.95888509759687e-05	0.0001174546988492	0.0172429673195892	-0.0367529616086984	0.0013507801870104	0.0002973199219844	0.0018420891981492	-0.0820203022976926	0.0067273299890048	3.3932926139379628e-06	-0.0004427272465833	0.0006925260586664	4.795923419320181e-07	1.9600741486723014e-07	-0.0024053716939416	-0.0009030603159716	8.155179342829063e-07	5.785812986015481e-06	-0.0006040318336663	-0.0002741783858018	3.648544560822728e-07	7.51737872408807e-08	0.0	0.0	0.0
541.3467641162401	-0.7518413066266021	293056.31901912414	0.5652653503499963	631.5825109320172	-2.829098760744955	8.003799798048641	398896.4681151916	516.9148284627563	-0.8665497252991372	0.7509084264160102	267200.9398846808	581.0766522651828	522.6912756608558	1.331428	28.63093	0.2462676109841531	0.1433171372366736	0.0550342157	0.166364748	-0.093919747	-0.0200031488	0.1394096048	0.1360536594	-0.010816289	0.0174218455	-0.0606896293	0.0123221688	-0.1289642962	-0.020583385	0.1386243389	0.085693718	-0.0476034284	-0.0709897223	0.083502724	0.0300094221	0.096702379	0.0602658442	-0.139831258	-0.1079324684	-0.1700694987	0.0695619893	0.0095357752	0.1839672768	-0.0947419668	-0.000115516	0.0637549516	0.0081765922	-0.0368504099	-0.0009856651	-0.1006925587	0.0072229497	0.2153419032	-0.1158789356	0.0047365504	0.0970218904	-0.1133584446	-0.12109437	-0.0650305902	-0.0772212787	0.0476218405	0.0950895566	-0.2006148866	-0.0190551051	-0.0455539533	0.0428304719	-0.0963014879	-0.0030888493	-0.1344157352	0.1619191213	-0.0357526621	-0.1835270707	0.0548966844	0.1120770797	-0.0123446831	0.0652248371	0.0538371925	0.0419863922	0.1115723938	0.1024631529	0.0118178582	0.0643102776	-0.1813420159	-0.0206321106	-0.0805300042	0.1882471698	-0.016772675	-0.1005271624	0.0815733754	-0.1226109801	-0.0515458589	0.1282619687	-0.0581454477	0.0668972749	-0.0363765061	0.0666163414	0.0273034029	0.0221707106	0.0135772113	0.037537393	0.069061286	0.0165292836	-0.0278469793	0.0397861856	-0.0605768807	0.0658560596	-0.06353811	0.0120734835	-0.1288308853	0.064493527	-0.0440542534	-0.1135404882	0.0	0.0205346279266507	0.0313722798332775	0.0009842199419374	0.0004216709440859	0.0082731668115911	-0.0089698005079981	8.045732115328298e-05	6.844528909241244e-05	0.1275325543897167	0.1256904651915674	0.0157980930400726	0.016264552429166	-0.0008138648914084	-0.000371137644825	1.3774315140632206e-07	6.623760614672067e-07	-0.0019175597557814	0.0004878119381601	2.3796048701161059e-07	3.677035416992423e-06	0.0001417198923746	0.0007457517260409	2.008452789466821e-08	5.561456368929816e-07	0.0	0.0	0.0
542.7946652596761	1.4479011434359563	294626.0486343638	2.09641772116315	634.4947689940027	2.91225806198554	8.481247019599772	402583.6118807528	517.8879044183763	0.9730759556199472	0.9468768154056736	268207.8815428572	582.4660372105442	529.0663491448385	1.167041	25.095961	0.1409549431121247	0.0998952345819162	0.083641849	-0.0222221923	0.083244485	-0.0817789515	0.0229491008	-0.1216436558	0.0991055847	-0.0909138432	-0.0787272576	0.0597688722	-0.1097643762	-0.0735038826	-0.0290378838	-0.0342975804	0.0388501293	0.0196835924	0.1051889782	-0.0150555031	-0.0132898161	-0.0555864006	-0.0029102208	-0.0373113253	-0.0934553659	0.0319041394	-0.0133362788	0.0529441588	-0.2180062627	-0.1111001678	0.034522331	0.0079239671	0.0467023669	-0.0197940413	-0.0569094408	8.6702e-06	0.0249397674	0.0760172957	-0.0892593405	-0.0368263648	-0.0481465215	-0.0370985735	0.0713947645	0.0229172884	0.0002588688	0.0622409538	0.0012010259	-0.0903477775	0.0435521169	0.0520067998	0.1239853822	0.0785970997	-0.1464165608	-0.0501400167	-0.0326058202	-0.0907292373	0.0284926519	0.0703438692	-0.0536859441	0.0855765684	-0.009796215	-0.0058517062	-0.0534230366	0.0878920944	0.03651228	0.0429624407	-0.0687402204	0.0351956119	-0.0619669197	0.0170474501	-0.0560897154	-0.1676854582	-0.0163026496	0.0777422366	-0.0623974434	-0.0446622832	0.00225804	0.0400715598	-0.0492450618	0.0588738864	-0.0701826852	0.0385066747	-0.0126200871	0.0230584426	0.0080376965	0.0297301552	-0.0674711516	0.1315659922	-0.2699757825	-0.0119073181	-0.011274854	0.0033373682	-0.1131226075	0.06245003	-0.0485323432	-0.1147705489	0.0	0.0206017919611838	6.71640345331001e-05	4.5110075347634636e-09	0.0004244338320118	0.0259213058178886	0.0176481390062974	0.0003114568103855	0.0006719140953045	0.0352449143165856	-0.092287640073131	0.0085170085102677	0.0012422039851834	-0.0004690497366585	0.0003448151547498	1.1889749094519747e-07	2.200076554594082e-07	-0.0018389865952366	7.857316054480008e-05	6.173741557998927e-09	3.3818716974599024e-06	-5.393179229396013e-05	-0.0001956516846685	2.908638220038857e-09	3.827958171364568e-08	0.0	0.0	0.0
542.7925493974393	-0.002115862236792	294623.7516813716	4.476873005082675e-06	633.7670083988858	-0.7277605951169335	0.5296354838049532	401660.62093487335	517.5762811763026	-0.3116232420736651	0.097109045000502	267885.206836291	581.9749268493979	536.8152491152802	1.113355	23.941504	0.1277148742941913	0.0794523661100534	0.1269769703	0.1091087956	-0.1187454633	-0.1065566211	0.059087508	0.113796497	-0.009889368	0.1172544415	-0.0751788266	-0.0344154571	-0.1428545943	-0.055110773	0.0666456742	0.0468108433	0.0858244837	-0.2148534492	0.0841235749	-0.0031208183	0.0112885359	0.0453771733	0.0242584873	-0.0440383591	-0.0033706699	0.0417218565	0.0934996732	-0.107693768	-0.0590220435	0.0371142967	0.1217002362	-0.0314733794	0.1284797836	-0.0272477289	0.0405561375	-0.0796598982	0.1087918809	-0.0045180246	0.1572303342	-0.0154188683	0.141646646	0.0251010422	0.1242518626	-0.0635981257	0.1344258017	0.0264087937	-0.1395770647	-0.1007186014	-0.1322383007	0.045547605	-0.0850983705	-0.0265967386	-0.1712831337	0.0337160339	0.01843556	0.0028418804	0.0739970726	0.0233292487	-0.0797306487	0.1243907689	0.1014653782	-0.0555979578	-0.1454848183	-0.0918091252	0.0077538446	0.1431905419	-0.0296913551	0.0461341138	0.1370657006	0.0984636019	-0.0240390041	-0.1507918443	0.1939396138	-0.1336784108	-0.0631187014	0.1254917048	-0.0179787687	0.0088096054	0.0375122757	-0.0745540213	-0.0730696438	0.0571777199	-0.0733584768	0.0105618475	0.047834044	-0.0468459225	-0.0098527293	0.127138659	-0.1094972505	0.0309479588	-0.0099699922	0.0003786704	-0.0153762233	0.0603787714	-0.0529241442	-0.1155415645	0.0	0.0206024823403225	6.903791387007086e-07	4.766233551531322e-13	0.0004244622785833	-0.0455629061354443	-0.0714842119533329	0.005109992558589	0.0020759784155073	0.0633071275758183	0.0280622132592327	0.0007874878130066	0.0040077924019009	-0.0006502299338929	-0.0001811801972343	3.2826263869896074e-08	4.2279896693036506e-07	-0.0020509259738534	-0.0002119393786168	4.491830020847538e-08	4.2062973502265176e-06	-0.0002241673904925	-0.0001702355981985	5.0251018960216994e-08	2.8980158894014718e-08	0.0	0.0	0.0
542.6249088270246	-0.1676405704147328	294441.79167953675	0.0281033608489769	633.9793155907238	0.2123071918380219	0.0450743437061466	401929.77259688254	518.0889843493909	0.5127031730883118	0.2628645436948234	268416.1957041834	582.5769962993593	539.5103430015024	1.147537	24.676567	0.2540371336879401	0.1613657631205864	0.1203837943	0.0059366034	0.0214162823	-0.0937988309	0.0538485992	-0.0737580964	0.1287816435	-0.0861614064	-0.0452404036	-0.1189924378	-0.098090316	0.002813154	-0.0616819328	0.057498941	0.0649183655	-0.0259143652	0.0271242838	0.0951931962	0.0358652746	-0.0227694181	-0.1388632937	0.2228886667	0.0524013288	-0.1247854763	-0.1388505711	0.0753048792	-0.1999630832	0.0632439544	0.1539007644	-0.0519037321	0.146195545	-0.0618130216	-0.1343879118	0.0915493498	-0.0951610419	-0.0364541452	-0.001583841	-0.0147721197	0.0135795048	0.0637265788	-0.0165532966	0.0054231781	-0.0122871804	0.0289905115	-0.0100289891	-0.0987991732	0.0246234637	-0.0542221842	0.0652492737	0.1537681119	-0.0895653721	0.0069567191	0.0160825893	0.1126556433	-0.0520542776	0.0790930625	-0.2365272043	0.0277748261	-0.1278604878	0.1701299957	-0.0665138301	0.0076156707	0.1331898932	0.1366900022	-0.0414606257	0.0382001458	-0.0804910867	0.034622172	-0.1780637023	-0.0469486788	-0.0220649878	0.091164334	-0.0064052565	0.0147520443	0.0518080085	-0.0441574353	-0.0149281956	0.0524639397	-0.0509080136	0.0108118198	0.0801557586	0.08239296	-0.0308063516	0.0304027786	-0.1059662771	-0.0781980932	-0.0539210474	-0.1847617286	-0.1175672321	0.0828567709	-0.1049328418	0.0582806721	-0.0572218481	-0.1158504512	0.0	-0.0098520140686702	-0.0304544964089927	0.0009274763515253	9.706218120927556e-05	0.1019113682914536	0.1474742744268979	0.0217486616177399	0.0103859269870362	0.0103937290453188	-0.0529133985304995	0.0027998277440474	0.0001080296034675	-0.0010322840160663	-0.0003820540821734	1.4596532170535914e-07	1.065610289825969e-06	-0.0020858616187762	-3.493564492279989e-05	1.2204992861719535e-09	4.3508186926836695e-06	-0.0002710769498273	-4.69095593348e-05	7.348271272767253e-08	2.2005067569851222e-09	0.0	0.0	0.0
541.3229238650326	-1.301984961991934	293030.50790178793	1.6951648412531382	632.7720280447923	-1.2072875459315355	1.4575432185613897	400400.43947591935	518.6144341955652	0.5254498461742969	0.2760975408445922	268960.9313559862	581.2698748998448	527.0680719072543	1.031642	22.184361	0.1255321537292155	0.0816468182049879	0.079705519	-0.075375849	0.00083669	-0.066483647	-0.0702799932	-0.03520611	-0.0426061114	0.06832837	-0.0390175836	-0.0737658696	0.0782883819	-0.0887328717	-0.0994147808	0.0146530739	-0.0783699653	-0.1650779983	0.0548793808	0.0784122586	-0.054156581	0.0729746751	0.0811223609	-0.1610123038	-0.0208648185	-0.1055754375	-0.066121495	-0.0917753998	0.049608437	-0.0758931444	0.0507332062	0.0007648766	-0.1628462734	0.0997094827	-0.1030940941	0.0508665869	-0.0546249577	0.0600425246	-0.1630419079	-0.0493095836	0.0129265191	0.0468001183	0.1277283244	-0.1791047231	-0.0382019309	0.0165618933	0.0512707051	-0.1036392735	0.0185876447	-0.0032522732	-0.1154786726	-0.0250733554	-0.0781452955	0.0629543369	0.0802075873	0.1539155382	0.0052315784	0.0127836975	0.1231817526	0.0106974025	0.0821985426	-0.1403909617	-0.0787768592	0.1070709208	-0.116138797	-0.0656080033	-0.0051665452	0.0206808697	0.0010268386	-0.0371523709	-0.1128541389	-0.0425941788	0.1494316689	-0.0188902913	0.0370731312	0.0092778293	-0.0673601082	-0.0406120125	0.0676368425	-0.1325436795	0.0609432897	-0.0312238267	0.0504679255	-0.085045575	0.0108063648	0.115523518	0.0836038031	0.0270784393	0.0204347157	0.0115236983	-0.0467118074	0.0698085427	-0.0414221784	0.0561566646	-0.0614178136	-0.1156959735	0.0	-0.0088261359221064	0.0010258781465638	1.052425971597178e-06	7.7900675315497e-05	0.028887497845119	-0.0730238704463346	0.005332485654963	0.0008344875317517	-0.0002605204658934	-0.0106542495112122	0.0001135130326471	6.78709131493142e-08	-0.0006251745471803	0.000407109468886	1.6573811965664104e-07	3.908432144420932e-07	-0.0017484381552945	0.0003374234634816	1.138545937079861e-07	3.0570359828896345e-06	-0.0001990467696929	7.203018013440002e-05	3.961961652517837e-08	5.188346850194115e-09	0.0	0.0	0.0
541.3275183128447	0.00459444781211	293035.48208274326	2.11089506982028e-05	632.593573317016	-0.178454727776284	0.0318460898657076	400174.6290019908	517.2140010309108	-1.4004331646543733	1.961213048663863	267510.322862403	580.7296196057482	524.3376260404966	0.924853	19.887974	0.1782973361762451	0.1083826313888093	0.0571778173	-0.0643450554	-0.0648371509	-0.0819139996	-0.0146701763	0.0338068021	-0.0393041892	-0.1278028494	0.1435477371	0.0349639379	-0.0309241712	0.0693502505	-0.0403073432	-0.0464201026	0.0542818011	-0.0203372154	0.0175665169	0.168552695	-0.014539667	0.0933668694	-0.1773751887	0.0829676839	0.0215071883	-0.1108666353	-0.0082290319	-0.0486027272	-0.0474679576	-0.0562583528	0.0591978759	0.1303529929	-0.013546443	-0.1013372454	0.1254943993	0.2061237589	-0.0843786223	-0.0247617294	-0.0726562232	0.1586058678	0.0384275082	0.0592192375	0.0605904876	0.0205100464	-0.0691097998	0.079929795	0.0376428815	-0.0783942178	-0.022276536	-0.0044737334	0.0673826863	0.07090704	-0.0105642797	0.1561010315	0.0319722821	0.049872568	-0.1105498439	-0.0171832789	-0.0308460862	-0.0437838795	-0.027364008	0.1560768266	0.0659071205	-0.1380025723	-0.0690100459	0.0704194944	-0.0683911337	-0.0472066237	-0.0250040611	0.0096051904	-0.222895734	-0.001951615	-0.0492299469	0.0430539576	0.011026399	0.0304843003	-0.0557009143	-0.0737646032	-0.0129635916	0.0630102823	0.0587367833	-0.0268156179	0.0638659434	0.0057378781	-0.0006386583	0.0532741392	-0.0582359535	-0.0332402512	0.0912020726	-0.1003298504	-0.0691569122	0.1111145315	0.0686438748	0.0540076933	-0.0655045805	-0.1150787493	0.0	-0.0136027148089254	-0.004776578886819	2.281570586200504e-05	0.0001850338501729	0.1271209524180108	0.0982334545728918	0.0096498115973243	0.0161597365436621	-0.0164312259923278	-0.0161707055264344	0.0002614917172226	0.0002699851876109	-0.0012429381689011	-0.0006177636217208	3.816318923215997e-07	1.5448952917112197e-06	-0.0021012463950202	-0.0003528082397256	1.2447365401834686e-07	4.415236412585386e-06	-0.0004108068520484	-0.0002117600823555	1.68762269689916e-07	4.484233247920813e-08	0.0	0.0	0.0
541.5493228635524	0.2218045507077022	293275.6690939722	0.0491972587146456	632.6859465130304	0.0923731960144778	0.0085328073419291	400291.5069150892	517.2529067815323	0.0389057506214385	0.0015136574314175	267550.5695739445	580.1332782814868	524.7230134891516	0.896263	19.27319	0.147314359997097	0.0887599407416699	0.0665869018	-0.1107260457	-0.0762498291	-0.100972977	-0.080973769	0.0396822521	-0.0065833482	0.1523642704	0.0957607366	-0.0298544881	-0.1173424853	-0.073607788	0.0041174708	-0.1479129937	-0.0682535627	-0.1469115039	0.0115248053	-0.0408795111	-0.0372735936	0.1037575968	0.0895958669	0.0320809102	0.0050548436	-0.0808575838	-0.144131751	-0.1241987057	0.1792959724	-0.1241152343	0.0184487548	-0.0906034518	-0.0825291158	0.0506676675	0.0674575089	-0.1550115602	0.0782800097	-0.0101713028	-0.0482893538	0.0659440119	0.0270174788	-0.0434475357	0.0435408884	-0.1059372759	0.0555657326	-0.0876434412	0.0664048184	-0.0892867185	-0.0248531373	0.1174310695	-0.0671511913	-0.0881018908	-0.027874114	0.1287101115	-0.0645700801	0.1805489504	0.0262680074	0.0182519879	0.1484068436	0.0065524119	-0.0050185674	0.0040931374	0.0641386274	0.0636570583	-0.1248668629	-0.0050510843	0.0822717553	0.0565857669	0.1189308662	-0.0714272485	-0.1507013632	-0.0237093356	0.0980847427	-0.0119489442	0.0426578586	0.0222478921	-0.0784998596	-0.0324747322	0.0593762921	-0.1276674518	0.0076757461	-0.1176164995	-0.097345163	-0.1285131508	-0.0088529395	0.079402164	-0.0553907124	-0.0027982597	0.0699390736	-0.0151985036	-0.027085257	-0.0475679772	0.0870481154	0.0518347133	-0.0694748826	-0.1140012473	0.0	-0.0259734652337613	-0.0123707504248358	0.0001530354660735	0.0006746208962494	0.059312381424661	-0.0678085709933498	0.0045980023001601	0.0035179585902644	-0.0241516895547491	-0.0077204635624213	5.9605557618675006e-05	0.0005833041083489	-0.0004321457998323	0.0008107923690688	6.573842657401971e-07	1.867499923126983e-07	-0.0019688619168836	0.0001323844781365	1.75256500514999e-08	3.876417247754564e-06	-0.0006559215051728	-0.0002451146531244	4.3023302094815153e-07	6.008119317629497e-08	0.0	0.0	0.0
543.6634949161618	2.1141720526093195	295569.9957044555	4.469723468034303	637.3949632051974	4.709016692166983	22.17483820710728	406272.33911935496	518.1763336964143	0.9234269148820432	0.8527172671285681	268506.7128030577	582.4225482286492	536.6152311894972	0.937225	20.154026	0.1590551944607602	0.1075860113561607	0.1203428886	-0.0681808567	-0.0599974406	-0.1677116492	0.0073924253	-0.0043950143	0.0752651972	-0.0295420296	0.1184728564	0.0198593041	-0.0179780906	-0.0226236834	-0.0574376371	-0.044794307	0.0764837655	-0.0923951969	0.1357554171	0.0738985637	-0.0063893414	0.1415153955	-0.0118252771	-0.0503622518	0.0858145727	-0.000304604	0.1191555387	0.0997827551	0.0279877441	-0.0590450294	-0.0031388073	-0.0962969936	-0.0592262505	0.0192034605	-0.0355232459	0.0379343217	-0.0191863563	-0.0141578972	0.0664888155	-0.0276933246	-0.0523775086	-0.1023481824	-0.0430676236	0.0162855413	-0.0149913903	0.0354140587	0.0253436639	-0.1412820021	-0.0283548151	0.0189177685	0.0980253045	-0.0309160921	0.0236278258	0.1291562803	0.0062272473	0.0254195244	-0.1001807831	-0.0567678389	-0.0539357432	-0.0402182245	0.0138756432	-0.0619945849	-0.0247769944	0.0445476695	-0.0783513458	0.0653948603	-0.0472020234	-0.1132772698	0.0278738406	0.0008248804	-0.2564417329	0.0509687164	-0.0255151717	0.0480512914	-0.0362688775	0.0260058508	0.0121239426	-0.0847199061	-0.0660905946	-0.0056955165	0.1127048599	-0.0919922001	-0.029381155	0.0368134061	0.0802709602	-0.0290855041	-0.0489811147	-0.0385477314	0.121980073	-0.1070035964	0.0831436473	0.1212219836	0.094281011	0.0496386907	-0.0733216609	-0.1124677771	0.0	-0.0374532775718421	-0.0114798123380808	0.0001317860913175	0.0014027480008734	0.1466317443932183	0.0873193629685573	0.0076246711492346	0.0215008684637981	-0.017804908106612	0.0063467814481371	4.0281634750417256e-05	0.0003170147526848	-0.0013991792629783	-0.0009670334631459	9.35153718844146e-07	1.9577026099484985e-06	-0.0020760439498568	-0.0001071820329732	1.1487988192268146e-08	4.309958481737024e-06	-0.0006519522471723	3.969258000500022e-06	4.2504173259301177e-07	1.575500907453343e-11	0.0	0.0	0.0
543.4445596746646	-0.2189352414972063	295331.98943999	0.04793263996944	636.5021852827341	-0.8927779224633241	0.7970524188379291	405135.031869696	517.6260246863732	-0.5503090100411328	0.3028400065324515	267936.7014326178	582.0849501680332	540.9892062552029	0.955612	20.549412	0.1773591347470579	0.1182024248685651	0.1637770891	-0.1223660588	-0.045120913	-0.1939638845	-0.087129412	0.0184232138	0.0505613582	0.1771232958	0.029234372	-0.0454920946	-0.0770951091	-0.0670713151	-0.0358411814	-0.134726307	0.0152042794	-0.2022216373	0.0386575569	-0.014922309	0.0030322328	-0.0055991567	-0.0743957493	-0.1074422166	0.0651534166	0.1253848377	-0.0188662777	0.00419599	0.1168318324	-0.1134706773	0.0224586454	0.1036397922	-0.0411874417	0.0113610638	0.0634052649	0.0936140357	-0.0308631758	0.1110593697	-0.0080549102	0.1123706793	-0.1538899665	0.0051724579	-0.1801264493	0.0245072328	0.0293402091	-0.0838314932	0.0721049874	-0.1827389892	-0.0564519826	0.1192290314	-0.0594105397	-0.1114393509	-0.0500278997	0.0190940456	-0.0843353828	0.099736213	-0.0482698987	0.0192332406	0.0580293441	-0.0002644294	-0.023053273	-0.0718965976	-0.0058346259	0.0380302691	-0.0439857521	0.0015153828	-0.1529854551	-0.1783921123	0.0712963285	-0.1045093577	-0.1609281614	-0.0331053684	0.131776958	-0.0182538866	-0.0047951734	-0.0296412183	-0.0040934068	-0.0173170221	-0.0725086364	-0.1581799156	0.0511969354	-0.1085046762	-0.0452744794	-0.0869111724	0.0824009381	-0.0507988858	0.0128784068	0.0411748148	-0.0510962637	-0.0246431959	0.0693683653	0.0024992181	0.1129574458	0.0474206018	-0.077038076	-0.1104844722	0.0	-0.0333482657400594	0.0041050118317827	1.685112213907599e-05	0.0011121068278696	0.0417935544691943	-0.104838189924024	0.0109910460665457	0.0017467011951695	-0.0339446247272832	-0.0161397166206711	0.0002604904525955	0.001152237547876	-0.0008111139786634	0.0005880652843148	3.458207786163641e-07	6.579058863831705e-07	-0.0021500825880789	-7.403863822209996e-05	5.481719949783001e-09	4.6228551355600605e-06	-0.0010353726520469	-0.0003834204048746	1.0719965286066312e-06	1.4701120687420224e-07	0.0	0.0	0.0
544.211700830329	0.7671411556644898	296166.3753206396	0.588505552714249	639.4020370440295	2.8998517612953947	8.409140237488003	408834.9649760544	518.0381745024995	0.4121498161263162	0.1698674709329562	268363.5502418821	583.3987616266085	546.8390708801454	1.00819	21.680052	0.1331738018222264	0.0662936165385554	0.1686247718	0.0121240668	-0.0940154139	-0.195620364	0.0391878017	0.041586996	0.1364022293	0.0343645874	0.0837540837	0.0340017616	-0.0388006508	-0.0207154286	-0.0352220383	-0.0078179681	0.0899198029	-0.1291883946	0.1183845192	0.0948176319	0.0001255941	0.0290938742	0.0597649649	0.0860435785	-0.1246033698	0.0206562976	0.0268744516	-0.0377955855	0.209254515	-0.0851530604	0.1128643332	-0.0425379579	-0.0326734727	0.001950613	-0.0185958886	0.1571509376	0.1709648754	-0.0202056134	0.0248316923	-0.0677223459	0.0713533975	0.0129313522	-0.0108496099	-0.0516330397	-0.0043118908	-0.0958275748	-0.0239117443	-0.1755118136	-0.0787364671	0.0099268208	0.1067625901	-0.0071791114	0.0257806992	0.1199457633	-0.0496180341	0.1019540887	0.0379699089	-0.0641731732	-0.0335522395	-0.0235538372	0.0583099838	-0.0470523751	0.047946338	-0.0237110089	-0.0563908834	0.0691008006	-0.10468773	-0.0159757315	0.1209732474	-0.0031898819	-0.2204470349	0.0903698226	0.1083788022	0.0248484257	-0.0575807092	0.1009340527	0.0977358821	-0.021848631	-0.1002710075	0.0216650881	0.0037000943	-0.0036294307	0.0276927436	0.0837298365	-0.1042556574	0.0570256882	-0.2489257275	-0.1464087885	0.1850942898	-0.0637472424	0.02306125	0.0562530147	0.1126633615	0.0451814325	-0.0806175202	-0.1080592651	0.0	-0.0497280344801112	-0.0163797687400518	0.0002682968239775	0.0024728774132551	0.0810899860462655	0.0392964315770711	0.0015442095346914	0.0065755858369835	-0.0177507520013548	0.0161938727259284	0.0002622415138635	0.0003150891966136	-0.0015228210754757	-0.0007117070968123	5.065269916529926e-07	2.318984027912968e-06	-0.0017177746041254	0.0004323079839535	1.868901929899397e-07	2.9507495905781746e-06	-0.0009533131572292	8.205949481770005e-05	9.088059757463056e-07	6.733760689736141e-09	0.0	0.0	0.0
541.9535579263077	-2.2581429040213834	293713.6589489837	5.099209374982126	634.0997789188967	-5.302258125132767	28.11394122553644	402082.52962499374	516.8390651249385	-1.1991093775609445	1.4378632993545952	267122.61923922045	581.4459979792244	538.1289890483665	1.089104	23.420013	0.1522332974291792	0.0833287224014711	0.146650469	-0.1496050792	0.111844384	-0.1662091988	-0.1251528829	-0.1370644332	-0.0818500699	0.0649307757	0.0428480563	-0.0231971937	-0.1446066999	-0.0288902151	-0.0383685513	-0.1871578372	-0.0915339661	-0.0928660271	0.1227897852	0.0483139435	0.0309445149	-0.0209857629	-0.0366883786	0.1664751628	-0.0097767113	-0.0693615536	0.0003793233	0.0029308398	-0.0005038108	-0.097292612	-0.0335269393	-0.0281121842	0.0801644192	0.0334930531	0.0198276862	-0.0442998649	-0.0032200227	-0.0193288778	-0.0355048512	-0.0383536115	0.0512445264	-0.0670151757	-0.0820923629	0.0045728559	-0.0889374503	0.0825757471	0.112099534	-0.159984738	0.0721017545	0.153770777	-0.0356891373	-7.347e-05	0.0663950239	0.0906435731	0.0052424238	0.0533009206	-0.0009311103	0.0121304433	-0.0668362888	-0.0949389228	-0.0479786237	0.01725239	0.0951000133	-0.0683868383	-0.0395765941	0.0894141482	-0.0659767323	0.0903547436	0.0363938665	-0.14931364	-0.1388956166	0.0628177556	0.1507294351	0.0781718879	0.0122686986	-0.0451456951	3.2307e-06	-0.0175393605	-0.0907964656	-0.0367102562	0.0384981938	-0.0368153842	0.0531569395	-0.0071925315	-0.1917451572	-0.0334566935	0.0075688754	-0.1854651377	-0.0104456639	0.0840254127	0.0180121553	-0.1087349398	0.0038734289	0.0429221782	-0.0840536294	-0.1052018558	0.0	-0.0659890685282675	-0.0162610340481563	0.0002644212283152	0.0043545571652283	0.0387775227092532	-0.0423124633370122	0.001790344553646	0.0015036962674666	-0.0356917346306104	-0.0179409826292556	0.0003218788577032	0.0012738999209419	-0.0004490851472523	0.0010737359282234	1.1529088435577668e-06	2.0167746948262002e-07	-0.002057761619566	-0.0003399870154406	1.1559117066820688e-07	4.234382882958887e-06	-0.0010539665618603	-0.000100653404631	1.1108455135196215e-06	1.0131107863831928e-08	0.0	0.0	0.0
542.4951619235312	0.5416039972235467	294301.00071043835	0.2933348898085235	635.3878050550902	1.28802613619348	1.659011327517505	403717.66281272535	518.1349813821432	1.2959162572046807	1.679398945687388	268463.8589318739	582.6272666007121	535.6021945011224	1.174859	25.264082	0.214590834935642	0.1183862184765473	0.1261994725	0.030890936	-0.1334076971	-0.1224550226	0.0226851987	0.1276610667	-0.0291941881	-0.0877087295	0.016445168	0.0271655589	-0.0289130038	-0.0540312956	-0.0433234975	0.0355360345	0.0976650774	-0.0902884491	0.0273774542	0.0226903435	0.1217099876	0.041002383	0.0543054828	-0.1266065721	0.0715137687	0.0569967589	0.1268931378	-0.0799111715	0.0340166101	-0.0071993834	0.0471218373	0.0078122851	-0.0201739999	-0.0806208403	-0.0364319816	0.0872238002	-0.0470384281	-0.0415949164	0.0245274496	0.1467829318	-0.0424462893	0.0554087154	-0.0833564417	-0.0261178788	-0.0962498873	-0.0538133201	-0.0469463266	-0.1309511831	-0.1147001412	-0.0262554624	0.012945285	0.0009090108	0.0552950678	0.0921269179	0.0561379383	-0.0406916416	-0.1116117263	0.0186530173	0.0055290752	-0.0541201093	0.0772212433	-0.0709958814	-0.0930923594	-0.0938117766	0.0340800317	-0.0061430566	0.0848865929	-0.0322330387	-0.0181127267	0.0476932048	-0.1884850199	0.0960962522	0.0289114719	-0.0228326844	-0.0451317662	0.0659337016	-0.0043146439	0.0212672634	-0.0451523869	-0.0185421947	0.0403235648	0.0554147503	-0.0119689603	0.01578657	-0.1212602762	-0.0424422761	0.1950060271	0.1055104056	0.0657474418	0.0795892989	0.1794348728	0.0617520119	-0.019970105	0.0406438432	-0.0873402943	-0.1019236731	0.0	-0.0520197021761106	0.0139693663521568	0.0001951431962807	0.0027060494144912	0.1080423229441152	0.069264800234862	0.0047976125515753	0.0116731435471604	0.0245985650778877	0.0602902997084981	0.0036349202389405	0.000605089403891	-0.001461821785816	-0.0010127366385637	1.025635499089302e-06	2.1369229334862794e-06	-0.0017848322783633	0.0002729293412027	7.449042528933988e-08	3.185626261887528e-06	-0.0009183051688242	0.0001356613930361	8.432843830892424e-07	1.84040135604952e-08	0.0	0.0	0.0
541.0693567673898	-1.4258051561414504	292756.0488326769	2.032920343279546	632.7426113839877	-2.645193671102561	6.997049557641043	400363.212261028	518.2030937710564	0.068112388913164	0.0046392975234581	268534.44639389426	582.0806210467797	530.6723408707271	1.154636	24.829205	0.1885018940331523	0.1077771881386568	0.1042547184	-0.1265373883	0.0971893493	-0.103289183	-0.094195337	-0.0990332538	-0.0603270653	-0.0622492968	-0.0044605986	-0.0744383027	-0.1067119135	-0.0233450104	-0.139823391	-0.0986230575	-0.1334109474	-0.016227138	0.0091032418	0.1326014163	0.0972313437	-0.086126088	-0.0917056417	0.085321168	-0.0081695716	-0.0538852508	-0.1187954212	0.0213950189	-0.1680693038	0.0145410957	-0.0548799142	0.0578386808	-0.0062080072	-0.0389021113	0.0880540568	-0.027204496	-0.0404757849	0.019299423	-0.0762541736	-0.1331137003	-0.0639673255	0.0588679858	0.0601452208	-0.1406610234	-0.0846589991	-0.0399835532	0.1084480358	-0.1173484675	0.1041957447	0.0135521958	-0.0798919352	0.1282883338	0.0463001696	0.0173896651	0.0341639308	0.0028094323	-0.1198431568	0.0812718351	-0.019384364	-0.0560666411	-0.2040411642	0.0525433101	-0.0398946457	-0.0382815095	0.0946102691	0.0233918025	-0.0596463061	0.106829625	-0.0780796091	-0.1195711187	-0.1128891377	-0.0009633641	0.0502469113	0.0953370155	0.0282504716	-0.0683667785	-0.0450621951	0.0656356541	-0.0115769715	-0.0002302559	-0.0337824943	0.0336894423	0.0076344226	0.0052861299	-0.2158625548	-0.1480166688	0.0520438074	-0.1046988532	-0.0050574611	0.0819295482	0.0068498766	-0.1044330586	-0.1040654038	0.0383474405	-0.0904716714	-0.0982378286	0.0	-0.0413953874002857	0.0106243147758249	0.0001128760644558	0.0017135780980197	0.0592184651576701	-0.0488238577864451	0.002383769089151	0.0035068266156301	-0.0199637093122646	-0.0445622743901523	0.0019857962988232	0.0003985496895046	-0.0001480593567427	0.0013137624290733	1.7259717200445778e-06	2.1921573119062103e-08	-0.0016489480120873	0.0001358842662759	1.8464533821366847e-08	2.7190295465666582e-06	-0.0006781229225589	0.0002401822462652	4.598506980998239e-07	5.76875114210452e-08	0.0	0.0	0.0
539.8549586088526	-1.2143981585371648	291443.3763345659	1.4747628874584569	630.8692118973382	-1.8733994866494184	3.509625636578305	397995.9625199686	519.3866734360204	1.183579664963986	1.4008608233162614	269762.5165429353	581.8316770800951	521.3992715746627	1.263872	27.178228	0.1708310665040297	0.1095715324961645	0.0341293244	0.0526887864	-0.1047758548	-0.0194539383	0.0100209245	0.1613097592	-0.0433273636	-0.0502747895	-0.1335571808	-0.2358316565	0.088417715	-0.0364934509	-0.0955345576	0.0810791388	-0.0076442578	-0.1424977088	-0.0507675027	-0.1345507161	0.0883453489	0.1382354475	0.0432096836	-0.0991013526	0.1290477644	-0.0742701531	-0.0620121224	0.0987814278	0.0018719755	0.1307345504	-0.0005024505	0.0858996232	0.151822187	0.0401485658	0.0219726035	0.0015438079	-0.1078732281	-0.0377088662	-0.1617839421	0.0881480262	0.0175489286	0.1125117004	0.1273311564	0.079539643	-0.0357414021	-0.0083758614	-0.0071123334	-0.0314282487	-0.0700868189	-0.1962252015	-0.169125478	-0.0774414996	-0.0195067751	0.0780806778	0.00572168	-0.012241654	-0.0983504277	0.0466640282	-0.1008872648	0.0165738171	-0.0372367761	-0.135771149	-0.1975066464	-0.0246711707	0.208124797	-0.0909609367	0.0076040626	0.0680363214	0.0661175452	0.0605846609	-0.0694460681	0.0906106772	0.0484770105	-0.1152801541	-0.0275580145	0.0195593423	-0.0826517893	-0.0109696565	0.0328303316	-0.0158725809	-0.0511598151	0.2018822042	-0.0268716429	0.0039442851	-0.0815620058	-0.1978399848	0.1228069101	-0.0620956043	-0.0025230975	0.0484445339	0.1098541282	0.0621521228	-0.1272576617	0.0360339907	-0.0934421931	-0.0941590645	0.0	-0.0504271817684269	-0.0090317943681412	8.157330950838711e-05	0.0025429006611059	0.0756598427149697	0.0164413775572996	0.0002703188959816	0.0057244117996539	0.0698188296750643	0.0897825389873289	0.0080609043070112	0.0048746689771956	-0.0008768754055834	-0.0007288160488407	5.311728330477696e-07	7.689104769170523e-07	-0.0016510362263393	-2.0882142519999557e-06	4.360638762255733e-12	2.7259206206847163e-06	-0.0010587257712914	-0.0003806028487325	1.12090025879657e-06	1.448585284632943e-07	0.0	0.0	0.0
537.8818953889354	-1.973063219917208	289316.93338719365	3.89297846979006	625.880948341499	-4.988263555839239	24.88277330251393	391726.9614968541	518.1509685382977	-1.2357048977227123	1.526966594255899	268480.4261971759	577.9817946782578	499.679300874832	1.254597	26.97876	0.1646331231811962	0.0930975317023206	-0.083920789	-0.1087390407	-0.0385475065	0.1031797571	-0.1246242008	-0.0892177145	0.1852014568	-0.0115451982	0.0801939471	-0.1311456901	-0.0452808239	-0.0651593511	-0.1052843646	-0.0579253135	-0.0346821062	0.0550319419	-0.1435506372	-0.0319263586	0.1771620566	0.0255424893	0.0135653019	0.1305226118	0.0411905671	-0.0614360465	-0.0810579172	-0.1812432153	0.0169819828	0.0187945393	-0.0468340794	0.1492124359	-0.0053151365	-0.0986539894	0.0036644927	0.0687021709	0.0024341918	0.0735650541	-0.0511318463	-0.0920930779	-0.0614554632	0.0001527042	-0.0459847869	0.0019389989	0.0926860422	-0.0765459259	0.1546922262	0.0846150519	-0.0256481382	-0.0572335948	-0.0197822029	0.1583538973	0.1011088265	0.0345038673	-0.1480669962	0.1803151645	0.0796102238	0.0638104402	-0.0434953337	-0.1101187314	-0.147532619	-0.0477323556	-0.087438088	-0.0403687265	0.0159422721	0.0867293643	0.0516693772	0.0737735557	-0.025265118	-0.1132764972	-0.0115201675	0.0160065537	-0.0562570148	0.0560823296	0.0743410334	0.034199256	-0.0866076746	0.121162159	-0.0053326069	-0.0099410302	-0.1332445939	0.0697320588	-0.0137435382	0.0191796147	-0.1660677697	-0.0665642749	-0.1269105595	-0.131603143	0.0392380981	0.0877533972	-0.0104795753	0.0623075022	-0.1234887357	0.0337045224	-0.096246578	-0.0897036946	0.0	-0.0448281134721213	0.0055990682963055	3.134956578669446e-05	0.0020095597574693	0.0419098401103212	-0.0337500026046485	0.0011390626758137	0.0017564346980726	0.0172132142033021	-0.0526056154717621	0.0027673507791629	0.0002962947432087	0.0001059074968967	0.0009827829024801	9.658622334072097e-07	1.1216397898924522e-08	-0.001380049612784	0.0002709866135553	7.343374472616954e-08	1.904536933745268e-06	-0.0008589265511572	0.0001997992201342	7.377548202828022e-07	3.9919728366234516e-08	0.0	0.0	0.0
537.1937632492094	-0.6881321397260081	288577.1392738476	0.4735258417238943	625.65095821747	-0.2299901240289728	0.0528954571508622	391439.1215184384	517.7083860988662	-0.4425824394314759	0.195879215693116	268021.9730370927	577.32968818362	486.89413127668575	1.159038	24.923883	0.1654471391433535	0.104601411719641	-0.1493960116	0.0034667147	0.0361516775	0.1405551883	0.0341026936	-0.0564252661	-0.0650457886	-0.0411269161	0.0226505186	-0.0919754898	0.0615958521	-0.0414732674	-0.0030837533	0.0282140323	-0.0609951656	0.1250884823	-0.0393308736	-0.0035762329	0.0702148669	0.220975422	-0.1289288793	0.0919730846	0.0119143639	0.0644472969	0.0214359872	0.0301663838	0.0322201113	0.2430624252	0.0727881128	-0.0028175389	0.0624169754	0.0400980383	-0.0327407705	0.0755144793	0.0061757465	0.1892810604	0.0269352541	-0.0547928228	-0.1600116266	-0.1468009369	0.1757695599	0.0377281469	0.0136000869	0.0813334991	0.0182025016	0.1368952881	0.1001317056	-0.0525061038	-0.0442735704	-0.0659354953	0.0446058311	0.1255518184	0.0805022937	0.0256530097	0.0335220676	0.0730885082	0.0072176352	-0.255224167	0.1355892133	-0.0408678085	-0.0772965629	0.0016081629	0.0338541361	0.0627195613	-0.0992676292	-0.04503298	-0.0661651258	0.0724116116	0.0125102505	0.0944548464	0.0304425173	-0.0050476063	0.0332065015	-0.0561938767	-0.1663349919	-0.0443144424	0.0793915676	-0.0024741639	-0.0268875766	0.0877570698	0.0337467808	0.0202199961	-0.0228735526	-0.0782787509	-0.0676429977	0.0337155316	0.0372903075	0.2192700621	0.04642839	0.1784616747	-0.1358509283	0.0313600711	-0.09887984	-0.0848895389	0.0	-0.035948961649538	0.0088791518225833	7.883933708848437e-05	0.0012923278436799	0.0498625701139019	0.0079527300035806	6.324591450985262e-05	0.0024862758983637	0.1000236094294066	0.0828103952261045	0.0068575615575036	0.0100047224432864	-0.0007533747288242	-0.0008592822257209	7.383659434398638e-07	5.67573482030937e-07	-0.0011032448816932	0.0002768047310907	7.662085915425007e-08	1.2171492689822429e-06	-0.0006789162661472	0.00018001028501	4.609272964392557e-07	3.240370270938145e-08	0.0	0.0	0.0
536.686062538145	-0.5077007110643308	288031.92972269777	0.2577600120152271	622.0924566667633	-3.558501550706751	12.662933286382351	386999.0246416888	516.6109422803759	-1.0974438184903192	1.2043829347426127	266886.8656838178	575.3918929677557	483.6705695697475	1.189056	25.569382	0.2287931620852765	0.1494876732152929	-0.1573566849	-0.1658606654	-0.0912251262	0.1560157071	-0.1923728741	0.0199551375	0.0648790901	-0.093700904	0.1272472224	0.0504930422	0.0090680552	-0.0188241907	-0.063707466	-0.161294883	0.1182340011	0.0723525532	-0.1738656973	0.0659762966	0.0096407067	0.0114173562	-0.1505020238	-0.0032941461	0.0360586809	0.0671714426	-0.0095740386	-0.0166669943	-0.0664883353	0.1202798062	-0.0415808882	-0.011707412	-0.0175482695	-0.1657253162	-0.1169869137	-0.0817853811	-0.0086400214	0.027951689	-0.0157635638	0.0969794719	0.0510689128	-0.064877787	0.051561232	-0.0833046891	-0.0404672612	0.0075171401	0.1944293752	0.1308493262	-0.1016664276	-0.0080102467	0.0490049082	0.0337875775	0.0396102909	0.0775148264	0.0143663304	0.0481190227	-0.0295967394	0.0791471189	0.0089620159	-0.0130232611	0.0301433081	0.1680745498	-0.0130743518	-0.0447324151	0.0812871569	-0.0032461222	-0.0199256723	-0.101547362	-0.1116219592	-0.1565787338	-0.000465275	0.0587847132	-0.1353982078	0.0435329074	0.0525507278	0.1068499656	-0.1046602146	0.083502929	-0.0103052003	0.0360852362	-0.0746597192	-0.0003587727	0.0588391422	-0.0286114212	-0.1030157701	-0.0142810897	-0.1007422835	0.0309195179	-0.0258225939	0.0614398724	0.0266719644	0.0754184423	0.1082152724	0.029001679	-0.1013372972	-0.0797358525	0.0	-0.0771391379770136	-0.0411901763274756	0.0016966306258885	0.0059504466078367	0.0498425785595202	-1.999155438169725e-05	3.9966224659635856e-10	0.0024842826374619	-0.0112948078221677	-0.1113184172515743	0.0123917900193955	0.0001275726837397	0.0005292079566426	0.0012825826854668	1.6450183450592286e-06	2.80061061373836e-07	-0.0008616795090645	0.0002415653726286	5.835382925324266e-08	7.424915763416378e-07	-0.0006777727852058	1.1434809413999854e-06	4.593759483656275e-07	1.307548663344997e-12	0.0	0.0	0.0
536.7596244482091	0.073561910064086	288110.8944377825	0.0054113546122766	621.9951733519129	-0.097283314850415	0.0094640433482849	386877.9956730761	516.0114328522227	-0.5995094281531692	0.35941155444454	266267.7988342039	575.8540931938801	480.1422736541801	1.177067	25.311579	0.3291801696517775	0.1670650872312753	-0.1821353895	-0.0322784245	0.0497927355	0.1421993549	-0.0389616516	-0.0283964682	-0.1807810933	0.0462700118	0.1563084263	-0.0555049361	-0.1016746109	0.0237628559	0.1159846806	-0.0663062488	-0.1713367808	0.1123352775	0.04203038	0.0438044631	0.0994281736	0.0750659263	-0.0564122719	0.0183779535	0.0733046579	0.1267279735	-0.0291605835	0.1231914428	-0.0042784517	0.0053993326	-0.0140169684	-0.095027104	-0.0102431851	0.0495150243	-0.0589292718	0.1454900978	0.0512337078	-0.049289162	-0.0758650738	-0.0042625197	0.0700548554	-0.1041757826	0.1506897448	0.0626994402	-0.0367523026	-0.0764941077	0.0301779938	0.1508900595	0.1295329771	0.0833542654	-0.0862626576	-0.1424720124	0.1621476899	0.124340682	-0.0161332801	-0.0004556949	-0.0883316608	0.0677859676	-0.025440028	-0.0549097638	0.0824784468	-0.0552356235	0.1449886473	-0.0226468683	0.1422220656	0.0253870307	-0.0484886516	-0.0831379715	-0.0519069961	-0.0241183011	0.1003935472	0.2975341212	0.0685867634	0.0200827001	0.108367495	-0.0698358441	-0.1156967862	-0.0615423482	-0.0564116259	-0.0055718809	-0.0180253326	-0.0179112086	0.0502079943	0.1372351994	0.1514189781	-0.1146821424	0.107146612	0.1345619638	0.0265393838	0.1413700419	-0.0197936812	0.0785008463	0.0512243674	0.0266303944	-0.1036145805	-0.0742632484	0.0	-0.1287555275652323	-0.0516163895882186	0.0026642516741227	0.0165779858786012	0.0049483392320439	-0.0448942393274763	0.0020154927247927	2.4486061155384812e-05	0.1214778925376478	0.1327727003598155	0.0176285899608373	0.0147568783753883	-9.823378925124096e-05	-0.0006274417458938	3.936831444903112e-07	9.649877350657225e-09	-0.0003119260142656	0.0005497534947989	3.022289050436042e-07	9.72978383756233e-08	-0.0014985143520384	-0.0008207415668326	2.2455452632650657e-06	6.736167195268312e-07	0.0	0.0	0.0
537.8731260291606	1.1135015809514923	289307.49970438133	1.2398857707814732	625.2524064058638	3.2572330539509267	10.60956716775048	390940.5717163234	516.441140875116	0.4297080228933509	0.1846489849389126	266711.45198839146	575.997915760625	482.0506645426643	1.017802	21.886753	0.1835582021191394	0.1033868467043031	-0.1652745143	-0.083762607	-0.0831429256	0.123177991	-0.1282060888	0.0230401578	0.0004891379	-0.0087041433	0.144374488	0.0928439974	0.0474109975	-0.0507249155	0.0472179806	-0.1285887131	0.0881054206	0.0657234738	-0.121482642	0.0012251409	-0.0222491659	-0.0265679091	0.1001359326	0.0128276871	0.1465798292	0.1095290858	0.0627943784	0.0794858337	-0.0546408837	0.0539415	0.0168914664	-0.0375441635	-0.1397467877	-0.0238519322	0.014132105	0.0273931362	-0.0608779223	-0.2031410323	0.0137319097	0.0245029393	-0.0139708254	0.1543414778	0.0078575964	0.1274097922	0.134465705	-0.0053354176	0.0897962097	0.1400849531	-0.1014515287	0.0736620314	0.0776016154	-0.0866970152	0.2002288524	-0.0679000066	0.0328049426	-0.0227155926	-0.0995072451	-0.0432583377	0.0350506655	0.129210908	0.0092541354	0.0269822182	-0.0106218963	-0.0725029549	0.1280758875	0.0563159938	0.0299458177	-0.1800729741	-0.0762054994	-0.1286180702	0.0810189423	0.1890346661	-0.1226763416	0.0253975536	0.0010484988	0.0818604606	0.005172897	0.0183646967	-0.0486608552	-0.065938763	-0.0886380758	-0.0198149323	0.0604063959	0.11388902	0.0443441965	-0.0341963987	0.0385934501	0.0475504427	-0.066471031	0.0141486094	0.0375742009	0.0267785235	0.0802774147	0.0242472716	-0.1057076408	-0.0684936154	0.0	-0.1130516914374624	0.0157038361277698	0.0002466104691278	0.0127806849368712	0.035825452481859	0.030877113249815	0.0009533961226419	0.0012834630455299	0.0407651315514954	-0.0807127609861524	0.0065145497860077	0.0016617959504107	0.0005668782026075	0.0006651119918587	4.42373961714302e-07	3.2135089659150986e-07	-0.0002143221661567	9.76038481089e-05	9.526511165665225e-09	4.593399090610013e-08	-0.001135940356898	0.0003625739951403	1.2903604944295558e-06	1.3145990195207078e-07	0.0	0.0	0.0
539.6034432186884	1.7303171895277956	291171.8759334643	2.993997576375369	626.0713154421014	0.8189090362376419	0.6706120096316635	391965.2920194033	517.9819720074847	1.5408311323686803	2.3741605784765496	268305.3233247627	579.1379035058385	490.4763597478521	0.959791	20.639271	0.1591673960504274	0.0778584340734814	-0.1274609357	-0.0512452947	0.0410258488	0.0698854507	-0.0399480814	-0.0536810672	-0.1357951867	-0.0014808813	0.1576875461	0.0382643671	0.0453765826	-0.0069877036	0.0114395584	-0.0252759281	0.0086425654	0.0821869843	0.0883441144	-0.061508353	-0.0533077624	0.1033177827	0.078993509	0.0554955399	0.0989651286	0.0460999014	0.0546216748	0.0316263479	-0.0694626507	0.0210660368	0.065536198	0.1644881549	-0.0276388289	0.0439656236	-0.195014185	-0.0438031377	0.051266607	-0.1146326322	0.0077249529	-0.227349352	0.0145745905	-0.0136610405	-0.1383265509	-0.0223798155	0.0083159826	0.009973514	0.0167256679	0.0761651128	0.0725694426	0.0238217891	0.0556689056	-0.1437630759	0.1519774629	0.0247089228	0.0347717776	-0.0510466013	-0.030169447	0.0418496332	-0.0548070872	0.0933502546	0.0759758844	0.0276532335	-0.0820102834	0.0742132325	-0.0916922784	0.1945824242	-0.0556453432	-0.0333787881	-0.0533906563	-0.0415332061	0.1224546613	0.1661588782	0.0241507345	-0.0083965887	-0.0343357869	-0.0280569374	-0.0803279202	0.0752288153	0.0750312322	-0.0656142061	0.2045213093	0.0161079285	0.0518624993	-0.0540954577	0.1200784388	0.0179450254	-0.0589915176	0.1119372191	-0.0420220095	0.0100860766	0.0108436219	0.1098838512	-0.0142564142	0.0218533699	-0.1076127567	-0.06245003	0.0	-0.0965260460478703	0.0165256453895921	0.0002730969555425	0.0093172775656355	0.0003049753052266	-0.0355204771766324	0.0012617042988556	9.300993679805782e-08	0.0897299274177783	0.0489647958662829	0.0023975512342267	0.0080514598743997	0.0002509775553835	-0.000315900647224	9.979321891654217e-08	6.29897333062778e-08	-0.0001160485044555	9.82736617012e-05	9.657712584161904e-09	1.34672553863582e-08	-0.0003869851134648	0.0007489552434332	1.4975747804336417e-07	5.60933956666084e-07	0.0	0.0	0.0
540.4606139558182	0.8571707371297634	292097.67523749993	0.734741672591582	627.2318675585386	1.160552116437202	1.3468812149668692	393419.8156809721	517.9009316539987	-0.0810403534860597	0.0065675388931455	268221.3750080798	579.3341892647206	500.842490008458	0.8785269999999998	18.891788	0.077746862864781	0.0515024912858542	-0.0790292136	-0.0748040013	-0.0607214817	0.0638736249	-0.070127488	0.0271500602	-0.0369292624	-0.0210568749	0.066785394	0.0681004058	0.0773536029	0.0246025216	-0.0577032856	-0.0737488232	0.0957489197	0.0188323134	-0.0186350929	-0.0129226792	-0.0259665219	-0.0883318819	0.0996128884	0.2155248831	0.0432243916	-0.0356597093	0.0973671046	0.0982407575	0.0637752219	0.0216414625	-0.0676994684	-0.1544705552	0.0120013967	0.020166225	-0.0767782929	-0.0421496162	0.0426154707	-0.1371286262	0.0427171688	0.0717699804	0.0050187697	0.0368682568	0.0227392271	0.0611383784	-0.0419585421	-0.0891270901	0.0782088238	0.040914365	-0.0799901233	-0.010894683	0.0913997102	-0.0757418961	0.1462927906	-0.0860393805	0.0688496441	0.0031981286	0.0024869795	-0.0275298891	-0.0979287146	0.0958620116	0.0359231226	0.0113631787	0.0527734314	-0.0346989688	0.0294691111	-0.0212349278	-0.0358538698	0.0333050432	0.0060278694	-0.1065808396	0.0793524611	0.1358591521	-0.0794306127	-0.0024993125	-0.0448686729	0.1095974606	0.0707778341	-0.0214642941	0.1237941118	-0.0378568943	0.0826319348	-0.0454448796	0.0917334898	0.0235195072	0.053504637	0.038034315	-0.1134187628	0.0552371286	-0.1769630167	-0.0707635724	0.0906111581	0.0581183256	0.0312960553	0.0194497534	-0.1093265412	-0.0561566646	0.0	-0.089323710694515	0.0072023353533552	5.187363454219152e-05	0.0079787252922374	0.0127231258558708	0.0124181505506442	0.0001542104630984	0.0001618779315443	0.0408035540249827	-0.0489263733927956	0.0023937900133712	0.0016649300210696	0.0002010008019184	-4.997675346509999e-05	2.4976758869113838e-09	4.0401322371839876e-08	3.959567128619668e-06	0.0001200080715841	1.4401937245339188e-08	1.56781718460454e-11	-0.0004010003597753	-1.4015246310499973e-05	1.6080128853992005e-07	1.9642712914398304e-10	0.0	0.0	0.0
541.2252661084902	0.7646521526720562	292924.78867420607	0.5846929145860096	630.0669791658046	2.835111607265958	8.037857825654163	396984.3982351224	518.4199508631424	0.5190192091437211	0.2693809394601737	268759.24545294297	580.5720084007402	505.43362769520553	0.90538	19.469221	0.0945242770909819	0.0689703117880615	-0.0531024666	-0.0238335921	0.0930732882	0.0188692803	0.0066307411	-0.0560312679	-0.0968250776	0.0408032349	0.0325959851	0.0053981726	0.1990028817	0.0599306334	-0.0352046849	-0.0229701145	-0.1020418971	-0.0324782019	-0.0050905894	-0.0466055037	-0.0638476797	-0.0010487554	0.1612270843	0.0642122118	0.0848393298	0.0873872519	-0.0027851766	0.1286305588	0.0356347618	0.1966928119	-0.0770304695	0.0245793929	-0.1004318818	-0.0108753398	0.0315859195	-0.0143796416	-0.0728285722	-0.1594059887	0.1853368006	0.1016361823	-0.0587911613	-0.1877822003	-0.0628864403	-0.1091554374	0.0215301958	-0.0065274648	0.0263375834	0.0280693722	0.0941657954	-0.0054911204	-0.0698896902	-0.1176514306	0.1515257505	-0.0597683387	0.0023483207	-0.0321781512	0.0254072665	-0.0700895875	0.0091055653	0.1410147582	-0.079127367	-0.0615560191	-0.0580505908	0.0629443029	-0.0153438862	-0.0326687135	-0.0415602327	-0.0312305537	0.0087477107	-0.0415806458	0.1204718922	0.1177380484	0.0510316524	-0.0133523072	-0.0362895464	-0.0911141182	-0.0124547507	0.1013597728	0.0773988592	-0.0671051397	0.2070357253	0.0126256271	0.043717016	-0.0634874274	0.0837609098	0.0429964552	-0.1440767755	-0.0214202076	0.0769569032	-0.0311813669	0.05146636	0.0042606376	-0.0395409253	0.0170374908	-0.110845947	-0.0496386907	0.0	-0.0689441145054132	0.0203795961891018	0.0004153279408308	0.0047532909249355	0.0128852547706799	0.0001621289148091	2.6285785017176722e-08	0.0001660297905053	0.104834908731398	0.0640313547064153	0.0041000143855387	0.0109903580887205	0.000117000716576	-8.400008534239999e-05	7.0560143375304815e-09	1.3689167679297482e-08	4.983246832734878e-06	1.02367970411521e-06	1.0479201366174045e-12	2.4832748995962192e-11	-0.0002870001792087	0.0001140001805665	8.236910286582592e-08	1.29960411692174e-08	0.0	0.0	0.0
541.0979849175559	-0.1272811909343545	292787.02928183955	0.0162005015656676	629.4998003857283	-0.5671787800762331	0.321691768568764	396269.99868567183	518.9254448452751	0.505493982132748	0.2555241659724229	269283.6173078667	580.3755117418426	510.736599778882	1.089369	23.425716	0.1202250688690736	0.072813542114931	-0.0232599401	0.0203108179	-0.0978862883	0.0423976454	-0.0082800716	0.0619896121	-0.0035292457	-0.1315521292	0.0328073434	0.0563727677	0.0955472012	-0.0851022233	-0.0638291553	0.0896848623	0.1414458431	-0.013551769	-0.0941841963	0.122142207	-0.0154338724	-0.0009866493	0.0970758671	0.1612886364	-0.0206605561	0.0871354069	0.1501641388	0.0854292683	-0.0615008088	-0.0780646387	-0.0269194858	-0.1157717501	0.0961691977	0.144028424	0.112018637	-0.0403093455	0.0233142908	-0.0450901789	-0.0453472527	-0.0646522617	-0.0082912628	0.012398421	-0.0519430657	0.0361156239	-0.0141591476	0.135543676	0.0118386886	0.0311051398	-0.1493793525	-0.1001449383	0.0864324045	0.0173817949	0.1163516061	-0.0441494768	0.2088627312	0.0474610058	0.0391413861	-0.083974631	-0.0764813275	0.0827878509	0.0032996502	-0.0033405619	0.0978422383	-0.1065271407	0.0128904037	-0.1214629283	-0.0637538601	-0.0141440792	0.0245315929	-0.0164575427	0.0087610619	0.1155774977	-0.1466345036	-0.0462627219	-0.0731895866	0.0912676578	0.1234532311	-0.0486430236	0.1325789743	-0.0553701196	-0.0212568884	-0.0453356096	0.0454416208	0.1543988376	-0.066569486	-0.0536191313	0.0009027751	0.0612645288	-0.1540205746	-0.028369417	0.0926462593	-0.1265923786	-0.0068824985	0.0146176544	-0.1121682727	-0.0429221782	0.0	-0.0688640598464331	8.005465898010267e-05	6.408748424420533e-09	0.0047422587385331	0.0794591598478291	0.0665739050771491	0.0044320848372212	0.0063137580837228	0.0832670236451065	-0.0215678850862914	0.0004651736670954	0.0069333972267147	1.9185973489770905e-06	-0.000115082119227	1.3243894165782716e-08	3.681015787501919e-12	-0.000405999878642	-0.0004109831254747	1.689071294249817e-07	1.6483590145731877e-07	-0.00040099941544	-0.0001139992362312	1.608005311832217e-07	1.2995825861319736e-08	0.0	0.0	0.0
540.1129946195433	-0.9849902980125762	291722.04695689084	0.9702058871789035	627.3275226873193	-2.172277698409061	4.7187903990053695	393539.8207210091	518.3670741439144	-0.5583707013607864	0.3117778401381365	268704.4235565224	579.7189372513456	502.83460893285087	1.033298	22.219975	0.0929006198190892	0.0700057374818144	-0.0513910836	-0.0417467286	0.1280216043	0.049049087	-0.0359162373	-0.086809876	-0.1242187433	-0.0460040144	-0.0315943798	-0.0063283833	0.0537846197	0.078367948	-0.0087586945	0.003279325	-0.1271185706	-0.0596290352	-0.1079424826	0.0793507285	-0.1911933574	-0.0281038805	0.0037192854	0.0004522265	0.0086647557	0.1308515734	0.1022817012	0.1016347864	-0.0602081174	-0.0547095435	-0.1589334909	-0.0718982422	0.0531814779	0.0686783161	-0.0960844943	0.0482894754	0.1272740311	0.0570544547	0.0422735473	-0.0617775068	0.0429040394	-0.0232948134	0.1751196917	0.1732361855	0.0489653532	0.1017223865	0.0646258512	0.0494511392	0.0998040171	-0.0087139075	-0.0730676847	-0.0315747622	0.0394096961	-0.0300621291	0.2146696439	-0.0815260389	0.099601901	-0.0902508498	-0.0372864558	0.1256538385	-0.0191923752	0.0406601052	0.0958415947	0.0659836855	-0.0258965637	-0.0686055826	0.0165879927	0.0355556844	-0.0545867746	-0.0727982975	0.1237628735	0.044155397	0.0180877289	0.0165233778	0.031321906	-0.0601005421	0.0752173755	0.021880061	0.1754560128	0.0455483785	0.1301145549	-4.31714e-05	0.0477809903	0.0652264471	-0.0170702147	-0.07668714	0.0361098456	-0.0375139545	-0.1375813749	-0.0139481048	-0.0825734254	-0.1606062968	-0.0553330691	0.0121913197	-0.1132911674	-0.0360339907	0.0	-0.0689123681314498	-4.830828501670159e-05	2.3336904012548753e-09	0.0047489144814844	0.0142370630547219	-0.0652220967931072	0.0042539219100894	0.0002026939644241	0.0832965139102057	2.949026509919961e-05	8.696757356210704e-10	0.006938309229593	0.0002909708179146	0.0002890522205656	8.355118621391754e-08	8.466401687789134e-08	-0.000143058230793	0.000262941647849	6.913831017354754e-08	2.046565739762325e-08	-0.0004009787943373	2.0621102699968505e-08	1.6078399350819477e-07	4.2522987656264814e-16	0.0	0.0	0.0
541.2510723284623	1.1380777089190133	292952.72329671035	1.2952208715383504	628.7043675999183	1.37684491259904	1.8957019133498585	395269.1818392133	518.4962946396051	0.129220495690788	0.0166979365065729	268838.4075550002	579.9432299860293	507.3218286445104	1.047684	22.529333	0.0618459841872007	0.0322463970386573	-0.04325496	0.0141068445	-0.0916800164	0.0578324537	-0.0319561996	0.0906706684	-0.0474715567	-0.0479144199	0.0388421516	0.0698417212	0.0632703854	-0.0684532883	-0.0098307414	0.0738264902	0.1050013261	0.0623427886	-0.0881342218	-0.0406783688	-0.0081806044	0.0062588079	0.1871498172	-0.0843717177	0.0521422788	0.0743444534	0.0027179097	-0.1089188883	0.0641938584	0.0805720515	-0.0204811532	0.0269164845	-0.0073021632	0.0364524064	0.0213070416	0.0390474162	-0.0443558251	-0.0602849101	-0.0717195031	-0.0684687596	0.0061164191	0.0899360672	0.0833012596	-0.0388029209	-0.0884954875	-0.0328751112	-0.0045266416	0.054494803	-0.1183192848	-0.0736314632	0.0396709227	-0.0515237589	0.1354049162	-0.080056208	0.0633430698	-0.0446191179	0.0170949724	0.008821738	0.0419104216	0.02921615	0.0025647909	-0.0339797567	-0.10910752	-0.0319408956	0.0591678716	-0.0286127822	0.1128832099	0.048239916	0.1106185996	-0.0218123334	0.0704341097	0.1211711255	-0.0862146741	-0.0704328263	-0.121333924	0.0815458971	0.067792328	0.0511416047	0.0963418774	-0.0159151199	0.0562936782	0.0037368425	0.0400408164	-0.1062389865	0.00733256	0.0259795595	-0.0480473954	0.0905127361	0.0157087717	-0.0830045355	0.0258819877	0.0339001649	0.0669495185	0.0097595656	-0.1142126345	-0.029001679	0.0	-0.0690017620237029	-8.93938922530979e-05	7.991267972158478e-09	0.0047612431623757	0.0363946174655751	0.0221575544108532	0.0004909572174699	0.0013245681804655	0.0664484583607318	-0.0168480555494739	0.0002838569757981	0.0044153976185179	2.598671677948937e-05	-0.0002649841011351	7.021657385438257e-08	6.753094489773943e-10	-0.0001080031373845	3.505509340849999e-05	1.2288595738786594e-09	1.1664677684895184e-08	-0.0002459983821885	0.0001549804121488	6.051520403935934e-08	2.4018928149811913e-08	0.0	0.0	0.0
541.4526237349445	0.2015514064821673	293170.9437494554	0.0406229694549398	627.6408092908266	-1.063558309091718	1.1311562768380343	393932.9854872438	518.1536599183694	-0.3426347212357541	0.1173985521963029	268483.2152868012	580.6170784847018	506.15995531049214	1.145094	24.624022	0.0972601829540362	0.0586977440930361	-0.0290434212	-0.1052169161	0.1444295564	0.0225138431	-0.084641918	-0.0955064403	-0.1385772529	-0.0185569977	0.0438622626	-0.0274779833	0.0038576492	0.1223975111	-0.0585600749	-0.0908057923	-0.1416917873	0.0847265223	0.0072445226	0.01227165	-0.035010167	-0.0140509331	0.1138622812	0.0521387832	-0.0301449938	-0.0121897271	-0.0160866575	-0.0329820712	-0.0378647138	0.0317003683	0.0111573326	0.1233188776	-0.0769946148	-0.0435126793	0.0048927319	-0.0466844533	-0.2386300565	-0.1660681263	0.0775504592	-0.0080161358	-0.0001913535	0.1079132031	-0.0527871376	-0.0497558187	0.1644138784	0.1138322685	0.086282817	0.0126372913	0.151862812	0.0168884059	-0.0437244175	0.0210189929	0.0831285879	-0.0113569193	0.0248830837	-0.0836907536	-0.0142307022	-0.0206354214	-0.025928583	0.1986570608	-0.0797502408	0.1072424498	0.0179566201	-0.039184623	0.0923765007	-0.0966317267	0.0550823958	0.1763648171	-0.0304451522	-0.123594232	0.1209629898	0.03463452	0.046922827	0.0476901445	0.051654251	-0.0962763745	0.0827240135	0.0662460732	0.2027464102	0.1030954322	0.0573933618	-0.0125782825	-0.0714230916	0.0523442595	0.0352535086	-0.1415383077	-0.1227443889	0.0167295069	0.023134136	-0.066524873	-0.0440194559	-0.2471993622	-0.0884097484	0.0073234729	-0.1149310357	-0.0218533699	0.0	-0.0689003806865002	0.0001013813372026	1.0278175533006334e-08	0.0047472624587446	0.00243771296482	-0.0339569045007551	0.0011530713632734	5.942444498851513e-06	0.0580964114203439	-0.0083520469403878	6.97566880944428e-05	0.0033751930199218	0.0007859420175607	0.0007599553007812	5.775320591854604e-07	6.177048549673838e-07	-0.0002901571280709	-0.0001821539906864	3.3180076322981095e-08	8.419115897035268e-08	-0.0004008860942347	-0.0001548877120461	1.6070966055075279e-07	2.3990203342906562e-08	0.0	0.0	0.0
541.3147329251294	-0.1378908098150759	293021.6400818042	0.0190138754314574	628.9040130356611	1.2632037448345272	1.5956837009639735	395520.257612359	518.9347682855068	0.781108367137449	0.6101302812121319	269293.2937355327	580.826899423221	513.2227437195588	1.333487	28.675207	0.1929533430413401	0.1132323142608862	-0.017969274	0.1131340195	-0.0614149392	0.039599971	0.0486975075	0.1999687906	-0.0118633599	0.0160724045	-0.0716252837	-0.0926226515	0.1375607643	0.0079544485	0.0137678911	0.1522156467	0.0380627691	0.0202642714	-0.0401444129	-0.1438758983	-0.0418906173	-0.0017000487	-0.0161385967	-0.0215705009	0.1464795943	0.0836282244	-0.022162445	-0.0517905618	0.0646178424	-0.0324061801	-0.058019971	-0.0870898019	-0.0147757456	-0.0438973348	-0.0942563906	-0.0475014177	0.0257084995	-0.0126622461	-0.0431838729	0.0231683451	-0.0884162796	-0.0330278562	-0.0948211523	-0.0565154488	-0.0053435971	0.0325654584	-0.0750734072	0.0384764393	-0.0714607102	-0.1521378543	-0.0526948079	-0.1546060756	0.0926545452	-0.092708207	-0.0005243999	-0.0312159276	-0.0379847851	0.0728918111	-0.0060837307	-0.0463204255	0.0478989568	-0.0706411151	-0.0154711697	0.0273994717	-0.0038850897	-0.0285243334	0.0302561486	0.0091398889	0.0607097238	0.0490650267	0.076111562	0.1454616159	-0.0474819838	-0.121309568	-0.1552243952	-0.0194739474	0.0339279035	-0.0442336294	-0.0075853034	-0.0200805662	-0.0072025172	0.0629323169	0.0105119804	-0.1428261034	0.0469302683	-0.1031931348	0.0315333387	-0.0326702686	0.0519067131	-0.0548487402	-0.0386223828	-0.0028701349	0.0337298949	0.0048841247	-0.1154450938	-0.0146176544	0.0	-0.0730534269745248	-0.0041530462880245	1.724779347047489e-05	0.0053368031927222	0.0630582269126023	0.0606205139477823	0.0036748467112932	0.0039763399813612	0.1023000973708221	0.0442036859504782	0.0019539658516085	0.0104653099220796	-0.0005360709049724	-0.0013220129225331	1.7477181673445084e-06	2.87372015157928e-07	-0.0002098182113572	8.033891671370002e-05	6.454341538730828e-09	4.4023681817134655e-08	-0.000678056192089	-0.0002771700978543	4.597601996302349e-07	7.682326314456225e-08	0.0	0.0	0.0
540.2905580432831	-1.0241748818463066	291913.88711072225	1.048934188604896	630.1354184554795	1.2314054198183155	1.5163593079579225	397070.6455920622	518.0038518127584	-0.9309164727484358	0.8666054792343892	268327.9904928541	579.9859816948829	509.148102419364	1.423136	30.603016	0.3022165767766214	0.1883881310258428	-0.0363851781	-0.1439486715	-0.0001627195	0.0242889894	-0.1787002092	-0.0600145841	0.173434437	0.037650435	-0.0105032117	0.0289103847	0.1306881688	0.1904901232	-0.0537958127	-0.0963975425	-0.0732068803	0.1533798477	-0.1564240351	-0.0419485144	0.1514870052	-0.0331643971	0.181266042	0.0426681654	-0.0191080132	-0.0259552912	0.0276458915	-0.1155963506	-0.0556860021	-0.1413106834	-0.0537555368	-0.1194261744	0.0560154019	0.018777494	0.0759217983	0.0280261491	0.0036307394	0.0079420724	-0.0441434483	-0.025908993	0.0367111019	-0.0360249983	-0.0477075663	0.1110313355	-0.0448233708	-0.0704107466	0.1607229772	0.0340574369	-0.0204644812	-0.015448556	0.0170990528	0.1135878679	0.1823122734	-0.1054706339	-0.1464157412	-0.0095471727	0.1512968449	-0.0319108259	0.043325951	-0.0630161951	-0.0538908751	-0.0520287624	-0.0421949617	-0.0075558446	0.0344905238	-0.0042280778	0.0690519554	0.0371400984	0.0525431901	-0.2344390534	0.1548307792	-0.0022090889	-0.0548963871	0.0360691906	0.000910145	0.0265149564	0.0738752156	0.1419439869	-0.0015448306	0.0945363416	-0.060905296	0.040805699	-0.0652525132	-0.1209041405	0.0117454049	0.0239316641	-0.0083251846	-0.0617700087	0.1943933137	0.0121765129	-0.0413338153	-0.0139386935	0.0296961139	0.0024426053	-0.1157538946	-0.0073234729	0.0	-0.0710287478616038	0.0020246791129209	4.099325510298541e-06	0.0050450830227872	-0.0093250215340816	-0.0723832484466839	0.0052393346556943	8.695602661108554e-05	0.0094484524700675	-0.0928516449007546	0.0086214279607758	8.927325407912464e-05	0.0017409878437554	0.0022770587487278	5.184996545157814e-06	3.031038672104077e-06	-6.484901135506149e-05	0.0001449692000021	2.1016068949260036e-08	4.2053942737288945e-09	-0.0004009440544937	0.0002771121375953	1.607561348338471e-07	7.679113680263649e-08	0.0	0.0	0.0
540.0021710243891	-0.2883870188940136	291602.3447110536	0.0831670726665761	628.9191117798541	-1.216306675625333	1.4794019291707488	395539.2491619606	518.296362870223	0.2925110574645941	0.0855627187390551	268631.11976450187	580.2248842294576	503.9250345114805	1.533502	32.976318	0.2791356837111236	0.1762612497557571	-0.07473655	0.1240445561	0.0482494266	0.1091132406	0.1204541575	-0.0262077033	-0.1180257112	0.0675259407	0.0176758509	0.0802914862	0.0418904868	-0.0407222581	0.0716538717	0.1055533772	-0.0433403987	0.0418138925	0.0263994484	-0.0462982204	-0.1105742589	0.0917920115	0.0578221768	0.0918714288	0.0111336802	0.0257129895	0.0310336224	-0.1813448826	-0.0013700866	-0.1041667092	0.0163750949	-0.1133731734	-0.1484121512	0.0378736896	-0.0611726161	-0.1023339163	-0.0645296241	0.001091115	0.0621904944	0.0086603637	0.0109439313	-0.0600891486	-0.0476579023	0.1659666019	-0.0256682331	-0.008837549	-0.1205275556	0.0928354428	0.0260059998	-0.0233667647	0.0260726798	-0.130041769	0.1325086467	-0.0372455895	0.0952008949	0.1434121415	0.1169264148	0.0008901125	0.0470094793	-0.021873528	0.1276644125	-0.0423003455	0.0932307966	0.0433139742	-0.0631629015	0.1194043809	0.10078648	0.1240961934	-0.0774896095	0.0763214889	0.1508080218	0.1219609478	0.0040564361	-0.0311485463	-0.1182481178	-0.0499574937	0.0026769333	-0.0663248821	0.0886974487	-0.0936122193	-0.1069008478	-0.1357153735	0.0003796866	-0.0367916552	-0.0829154778	-0.0381493796	-0.1019748237	0.0845321502	0.1677254484	0.0414920952	-0.0631505453	-0.0396518445	-0.0475114226	0.0	-0.1158568893	-0.0	0.0	-0.0691110907181524	0.0019176571434514	3.677408919830209e-06	0.0047763428602526	0.0297630359365115	0.0390880574705931	0.0015278762368243	0.000885838308158	0.1395889660852987	0.1301405136152311	0.0169365532840361	0.0194850794527626	0.0001800337831443	-0.0015609540606111	2.436577579338281e-06	3.2412163073248843e-08	7.99228455194978e-05	0.0001447718568745	2.0958890542907882e-08	6.387661235933509e-09	-0.000855007246645	-0.0004540631921512	7.310373918154638e-07	2.0617338246662837e-07	1.0	0.0	0.0
540.7025187389868	0.7003477145976831	292359.2137706844	0.4904869213421977	631.2416505759719	2.322538796117783	5.394186459472241	398466.02142187743	518.2309267270815	-0.0654361431414827	0.0042818888292326	268563.2934164097	580.6893797503407	502.6553121576655	1.29797	27.911463	0.1834642733932351	0.0909829823103691	-0.0665831696	-0.0776433086	0.0074852525	0.0278095047	-0.1139579133	-0.0508721822	0.0429146197	-0.0668830656	-0.0799433251	0.134330456	0.1225721891	0.0439588775	-0.031256406	-0.0875580145	0.0603006365	0.1185645956	-0.0285024611	-0.1539709529	0.023874817	-0.0214569303	0.0667944795	0.0253861609	-0.0269208322	-0.0820511736	-0.0730750912	-0.0169942841	0.0300268595	-0.1103261989	0.0055257327	-0.0226525564	0.0288329855	0.0352382562	-0.0959134991	-0.1646848679	0.0468272573	0.059172783	0.1391844149	0.0589848205	-0.0162769135	-0.0713412343	0.0484333041	0.1471461926	-0.1600812647	0.0772882763	0.1159674978	0.0322233101	0.0157848644	-0.0247639644	0.0782934154	-0.0327824781	0.0152818948	-0.0469601165	-0.0862584106	-0.172189108	0.08990385	-0.0658536132	-0.0665551332	-0.0467470694	-0.0672925325	0.0065484392	-0.0430711017	0.073372243	-0.1723321025	-0.105045785	0.0673156345	0.0846043218	0.0110205919	-0.1018972383	0.0723743205	-0.0010359348	-0.1498704687	0.0030177301	-0.0029113267	-0.0416699098	0.0035052114	0.0403343499	0.0645953637	0.1429304284	0.0452419779	0.0064672019	-0.0830373971	-0.1075964223	0.153703487	0.0785685918	0.0209435233	-0.0123712969	0.0816150843	-0.0573485915	0.0297449095	0.1545283483	-0.1734051391	-0.0024426053	-0.1157538946	0.0073234729	0.0	-0.0456794674998235	0.0234316232183288	0.0005490409666457	0.0020866137510674	0.064276565124743	0.0345135291882315	0.0011911836970269	0.0041314768242353	0.0703158751067789	-0.0692730909785197	0.0047987611337182	0.0049443222920321	0.0002239567751436	4.392299199930001e-05	1.9292292261705728e-09	5.015663713272101e-08	-0.0003760255534683	-0.0004559483989877	2.0788894253953605e-07	1.4139521686114133e-07	-0.000229958037469	0.000625049209176	5.2880698996594017e-08	3.90686513891543e-07	0.0	0.0	0.0
537.7031333391453	-2.999385399841458	289124.65960273467	8.996312776782103	624.5362616932325	-6.705388882739385	44.962240068764935	390045.5421697578	514.0209448398688	-4.209981887212734	17.723947490659295	264217.53173407144	575.7141137158884	504.7891088627369	1.868567	40.181534	0.3863175656434742	0.2115641802845096	-0.0653202968	0.2193614528	0.0173966765	0.1325789255	0.1367220587	0.0799007893	-0.0568311129	0.1542340973	-0.1176298743	0.1524915908	-0.2335785212	-0.0572102155	0.4289085121	0.1482112914	0.0689423093	0.0023094339	-0.2308171488	0.080786609	0.121498955	-0.389365626	-0.0561410889	-0.0122274119	0.175373566	0.0110824546	-0.1008764325	-0.0297533525	0.0586711234	-0.0091360677	0.1008537024	0.1357762439	-0.0986971196	0.2009181507	-0.0643497489	-0.0301330394	0.0355772356	0.0575564044	-0.1103140284	0.0885989483	-0.0445416557	-0.089670601	-0.0382181927	-0.064209832	0.0393025798	0.1131095631	-0.2727403159	0.1801296623	-0.1839049722	0.280759789	-0.1241508223	0.2581473106	0.0678867243	-0.3597916166	0.0912326021	0.1489348314	-0.233398719	0.3771389023	0.0806207428	-0.1190001676	0.0444656829	-0.0109667745	0.0015993308	0.1444160677	-0.0533245164	-0.0857701109	-0.0516642424	0.0259407938	0.0529214663	0.1494340983	0.2239578563	-0.122581654	0.0292247963	0.0171626225	-0.2639352822	0.1396320923	-0.1494771079	0.0739550589	-0.2299897378	-0.2980034565	-0.0498124127	-0.3817920531	0.1119913203	-0.1039443998	-0.1057674115	-0.0365333021	0.1427726805	-0.1723269915	-0.0419909986	0.0294087745	0.0250937515	-0.0485294677	0.0792501213	-0.0048841247	-0.1154450938	0.0146176544	0.0	0.0006536935031959	0.0463331610030194	0.0021467618085317	4.273151961205281e-07	-0.0055513682033137	-0.0698279333280567	0.0048759402728675	3.081768892876238e-05	0.249517944263637	0.1792020691568581	0.0321133815900993	0.0622592045095514	-0.0002252865894066	-0.0004492433645502	2.0181960059238395e-07	5.0754047366457976e-08	-0.0011420409965838	-0.0007660154431155	5.86779659091436e-07	1.3042576378781192e-06	0.0003738711979761	0.0006038292354451	1.3977967267608418e-07	3.6460974557821403e-07	0.0	1.0	0.0
539.4701972493616	1.7670639102162795	291028.09372026514	3.122514862788848	626.8797987598484	2.3435370666159088	5.492165982602699	392978.2820931881	516.6238661545974	2.6029213147286328	6.775199370668634	266900.2190805233	579.1894999235261	506.08484620010296	1.415859	30.446541	0.1623968241454944	0.0878846835455993	-0.0657941089	0.1965691974	0.1105222371	0.0999081494	0.177501127	-0.077677355	-0.0757010955	-0.0533867356	-0.21293842	-0.0818986289	-0.1935803177	0.1485367092	0.1626782951	0.0936377801	-0.0111594762	0.0335553943	0.0653840231	-0.0547040968	-0.119842731	-0.2307304434	-0.1739475189	0.0625768753	0.0750493096	-0.2047857139	-0.0003053012	-0.0002787745	0.0348474244	-0.0059382918	0.0073362576	0.0184062278	0.0893636764	-0.0642693872	0.0526805731	0.0392096449	-0.0281397129	0.0481702582	0.1017781897	-0.0945913683	-0.0125673068	0.01195009	-0.0330944302	-0.0489361409	-0.1609689049	0.0621270324	-0.1479103845	0.1102005277	0.0933454159	0.0136610691	0.032618407	0.1092475351	-0.1799621086	-0.1321442349	-0.0480997895	-0.0267804842	-0.1392859677	-0.0289539285	-0.3130636047	-0.0109725474	0.0660265885	0.1287345269	0.1377865737	0.0442806706	-0.1467326113	0.0163205929	-0.0131574868	0.0867598768	-0.0440525783	0.1739797316	0.1315430252	-0.145403881	-0.0866894156	0.06229206	-0.0800163735	0.0049254183	0.0522097986	-0.1730748375	-0.036617066	0.1598606571	0.0518766966	-0.1935726984	0.0874150538	0.128051028	-0.1076605073	-0.1324901263	-0.0436598723	-0.2378671168	-0.122917947	0.1460169508	-0.0681155355	0.0392885008	0.0263603653	-0.0073234729	-0.1149310357	0.0218533699	0.0	0.0066019065881874	0.0059482130849915	3.5381238904464095e-05	4.35851705991522e-05	0.0646112584901317	0.0701626266934454	0.0049227941845237	0.0041746147236786	0.2086446965348045	-0.0408732477288324	0.0016706223799025	0.0435326093921006	-0.000564263574411	-0.0003389769850043	1.1490539636267317e-07	3.183933814070781e-07	-0.0007941677233695	0.0003478732732143	1.2101581421683108e-07	6.307023728418946e-07	0.0005952756725219	0.0002214044745457	3.543531262964003e-07	4.9019941348901794e-08	0.0	0.0	0.0
541.5343064372149	2.064109187853319	293259.4050484354	4.260546739380487	632.8839660472115	6.004167287363089	36.05002481464104	400542.114479648	519.0777880617511	2.453921907153699	6.021732726408848	269441.7500590802	582.1351192920026	512.3906765181783	1.068315	22.972973	0.1595484251564656	0.0872851795278253	-0.0203392297	0.1744059733	0.0960415601	0.054824624	0.1010337761	-0.0054813601	0.0431934099	0.1025060884	-0.1807804725	-0.0600918021	0.0471820696	-0.0568584024	0.0494360284	0.1452276413	-0.0570547287	0.0660216528	0.0110215159	-0.2019561175	0.0068997989	-0.0408681684	-0.0782571507	0.0208656356	-0.1121384006	-0.0071233361	0.2064701745	0.0498643717	-0.1200493283	0.0321187071	0.0149751063	0.1174354325	0.1441126151	0.1128210227	-0.0275092493	0.0149111067	-0.0922811776	0.0899741036	-0.018923544	-0.0918624186	0.0770328029	-0.0932392113	0.0070937815	-0.1646650106	0.0198491555	-0.1303058023	-0.116084481	0.0651408884	0.0928692331	-0.099600436	-0.0951476252	0.0050921263	-0.1312883576	-0.1687353314	-0.1788009658	-0.1228706024	0.0885536015	0.0093138629	-0.0400156654	-0.0897860009	-0.0018879204	0.034872683	-0.0399613767	0.0228190179	-0.0837769504	0.1619510958	-0.0541248264	0.025313661	-0.0130576346	0.1226054827	0.208996833	-0.1113280038	0.0161045125	-0.0429880129	-0.1383645034	-0.0916378765	-0.0299146204	0.0659856544	-0.1973676664	0.0403586774	0.0064179081	0.0167473548	0.0483279067	-0.0359912005	0.0554742041	-0.209543335	-0.116879287	-0.0400053962	0.0416202649	0.0333611959	0.0004405485	0.0174387793	-0.0200167353	-0.0097595656	-0.1142126345	0.029001679	0.0	-0.0120989365043016	-0.018700843092489	0.0003497215323698	0.0001463842645351	-0.0080139458823822	-0.0726252043725139	0.0052744203101494	6.422332860575061e-05	0.2389726938869572	0.0303279973521526	0.0009197874233921	0.0571079484235893	-0.0003892840640899	0.000174979510321	3.0617829032211933e-08	1.5154208255434937e-07	-0.0011555764142634	-0.0003614086908939	1.306162418536426e-07	1.335356849201857e-06	0.0003737762669507	-0.0002214994055711	1.3970869773560098e-07	4.9061986668394925e-08	0.0	0.0	0.0
539.789377374978	-1.7449290622369062	291372.5719268664	3.044777432238969	627.2297552722996	-5.654210774911917	31.970099487130017	393417.1658989489	517.6338502754976	-1.443937786253514	2.0849563305706984	267944.80295103625	579.1422456207766	512.518793198317	1.220267	26.24053	0.3278244426694053	0.2045549580061176	-0.0216805467	0.0091676955	-0.050661777	0.0611374575	-0.0446262589	0.0016458695	0.1183788374	-0.0194334714	-0.1364853903	-0.030068783	-0.0974611098	0.0535572512	-0.0109965626	0.0338304065	0.009056464	0.0438058823	-0.0900681603	0.0287467632	-0.0442406354	-0.0761227583	-0.1155999803	0.0209292572	-0.1226824025	-0.087486007	0.0066448018	0.1189818899	0.2276162904	-0.0220425284	1.49173e-05	0.0517886691	0.0115606141	-0.004122839	0.0503537917	0.1904715922	-0.0347307248	0.0813141234	0.0172763713	0.0205368224	0.053244566	-0.0515489503	-0.0408731854	0.1120881295	0.1323870272	-0.0266116438	0.0428269348	0.0462249492	-0.0241082929	-0.0501192448	0.0227679731	0.1156361817	-0.1014172685	-0.0309912892	-0.0448619551	0.1410382746	0.0164518814	-0.0555110526	-0.1337799609	-0.0804523478	0.2026477956	0.0818494941	0.1742580818	-0.0302130483	0.1019715755	-0.1725149097	0.0544219278	0.1010477335	0.0092818539	-0.0192445651	0.0424145013	-0.0776029899	-0.0672582696	0.0155695104	-0.0303595512	0.1021690673	0.043142457	-0.1534258186	0.1150639999	0.1353258806	-0.0715861489	-0.0932901572	0.0030426784	0.0274226795	-0.1028521099	-0.0539751857	-0.0004945498	0.0210630645	-0.0560163864	-0.0800242863	-0.0557651007	0.0288702963	0.0117049231	-0.0121913197	-0.1132911674	0.0360339907	0.0	-0.038005098307309	-0.0259061618030074	0.0006711292193635	0.0014443874973482	0.0572844355868227	0.0652983814692049	0.0042638786224978	0.0032815065605008	0.0543008507493141	-0.1846718431376431	0.0341036896478542	0.0029485823920992	0.0001786172528061	0.000567901316896	3.225119057322111e-07	3.190412299999824e-08	-0.0014179876215398	-0.0002624112072764	6.885964170425775e-08	2.010688894840099e-06	0.0001651276659321	-0.0002086486010186	2.726714605618322e-08	4.353423870701893e-08	0.0	0.0	0.0
540.7585181483776	0.9691407733995449	292419.7749500292	0.9392338386654676	632.2944754261082	5.064720153808594	25.651390236394946	399796.30365437735	517.7462418562883	0.1123915807906996	0.0126318674326323	268061.1709563102	580.4105075128848	507.5798294054206	1.132276	24.348377	0.2248067970943856	0.1493827556010444	-0.0388128551	0.0231298227	0.1062487755	0.0355792561	0.0571707936	-0.0815997253	-0.0474810652	0.0914413436	-0.0057300312	-0.0444252127	0.0971503711	0.0432340617	0.0254034536	0.0128685734	-0.1574879895	0.0515030589	0.0384649181	-0.0624001248	0.0969495896	-0.0776629031	-0.138806429	-0.0125564967	-0.0541287161	-0.0690746047	-0.0327924182	-0.0532605112	-0.0225825536	-0.0998371202	-0.0436573585	0.0204283787	-0.05678324	-0.0292014823	0.062043726	0.0034511809	-0.0144404392	-0.0984054364	0.0472464133	0.069076455	-0.1874318007	-0.0651879836	-0.0117720716	0.0081845495	0.0644507179	-0.0266265787	-0.0142817759	0.0557953943	0.1272340435	-0.0115377275	-0.1209338793	0.0253763444	-0.0339294666	-0.0142108508	-0.1231608322	-0.0514252484	0.0642330701	0.0054774021	0.1070493956	-0.0511296404	-0.1738147557	0.0413617148	0.0760180928	-0.0403570091	-0.0861057477	0.0648946839	0.1417437353	0.0514667022	-0.128111427	0.0534162661	0.0476129154	-0.0339843466	0.0508918806	0.0057815274	-0.0022550915	-0.0953693754	-0.1353987141	0.0924900436	-0.0413173735	0.0444108117	0.0827809385	0.0781498898	-0.0269814074	0.0408316692	0.0983852707	0.0635925268	-0.0520123753	-0.1615069694	0.1698841732	-0.0304124638	-0.1926655448	0.0194383462	-0.0797186426	-0.0146176544	-0.1121682727	0.0429221782	0.0	-0.0218676243977142	0.0161374739095947	0.0002604180641828	0.0004781929967995	0.0648545718813409	0.0075701362945182	5.7306963517581736e-05	0.004206115493912	0.1708238056779691	0.116522954928655	0.0135775990253053	0.0291807725863045	-0.0011260432599314	-0.0013046605127375	1.7021390534964766e-06	1.2679734232369344e-06	-0.0012634629488779	0.0001545246726619	2.3877874461267346e-08	1.5963386231872389e-06	-6.721178790085357e-05	-0.0002323394538329	4.5174244328293274e-09	5.3981621807395175e-08	0.0	0.0	0.0
541.3266431281604	0.5681249797828514	293034.53456040274	0.3227659926532653	630.4672235822947	-1.827251843813542	3.338849300719989	397488.9200115671	518.6249460784983	0.8787042222099899	0.7721211101296633	268971.83469492523	581.5381259570679	507.49351522218376	1.039419	22.351603	0.1789758021660683	0.094366919487185	-0.0444614245	0.0527792009	-0.0484127765	0.0588669298	0.0621211242	0.0411212005	0.0683594133	-0.0414737476	-0.0347303544	-0.0251606056	0.0111120514	-0.0546140059	-0.0254506189	0.0700963858	0.0986177277	0.0565436372	0.0346387374	-0.104735238	0.0234210063	0.1070847245	0.043763413	-0.1351467795	0.0755402934	-0.1142305103	0.0721817441	-0.0656557821	0.0191735214	0.0069974042	0.0045298022	-0.1124487557	-0.0879348572	-0.0155009419	0.0509915487	0.1513396985	-0.0485226259	-0.0042577148	-0.1123356522	0.0608371389	0.0314427534	-0.0105837942	-0.0617793281	-0.1638344845	-0.0560383833	0.288050271	-0.0524497442	0.0239645718	-0.0429850109	-0.1207018767	0.1180819323	-0.0641280601	-0.0412696521	0.0131676986	-0.0272015376	-0.0128290536	-0.0483892876	0.0034482763	-0.0062804138	-0.0154982199	0.1510827287	-0.1132930059	0.03373888	0.1052440886	-0.0271557761	-0.0436343145	0.1835998805	0.107955775	-0.0604200703	0.0757508271	-0.0089972684	-0.0002440714	-0.1354804529	-0.0380506522	-0.0484791548	0.0298396615	0.0318050317	-0.1116277782	0.0922622849	0.0100511453	0.0564461976	-0.0476837233	-0.162846887	0.0734935755	0.056108514	-0.0453163019	0.0401543042	-0.0081473581	0.0153840189	0.1345843178	-0.146590325	0.0682173657	-0.0887428743	-0.0170374908	-0.110845947	0.0496386907	0.0	-0.039368304165734	-0.0175006797680198	0.0003062737923427	0.0015498633728857	0.1397933544624265	0.0749387825810855	0.0056158211347352	0.0195421819518576	0.1291093805280354	-0.0417144251499337	0.0017400932655894	0.016669232140333	-0.0006390278721223	0.0004870153878091	2.3718398796284805e-07	4.083566213491546e-07	-0.0008549790114427	0.0004084839374351	1.6685912714256436e-07	7.309891100075366e-07	-6.62728198045698e-05	9.389680962837714e-07	4.392086644848979e-09	8.816610858387698e-13	0.0	0.0	0.0
543.6925020241702	2.3658588960097404	295601.53675730224	5.597288315828428	635.5041537096272	5.036930127332539	25.370665107630188	403865.52938218944	518.3764031683648	-0.2485429101334375	0.061773578177598	268714.0953617711	583.6760993254275	521.6176988041874	1.082797	23.284399	0.1461124648584865	0.0814472066794372	0.0349264804	0.0688729889	0.1072948359	-0.0681883151	0.0883515839	-0.0299460602	-0.0847314658	-0.004293466	-0.0140788177	0.0468909133	0.0744087856	0.1716951635	0.012615962	0.0224245105	-0.0250767583	0.1246801534	0.0507899456	-0.0038657099	0.0108158272	0.0109279573	-0.0152344241	-0.0329938433	0.0507290958	0.182408659	-0.0087085922	0.0384291155	0.0346201307	0.1411707397	0.0440431481	-0.0080490879	0.1436424525	0.0614826454	-0.0895150573	0.0097529981	-0.1530201757	0.0029949032	0.0104628745	-0.00533202	0.0223517459	0.035896237	-0.0568193591	0.0740770836	-0.1992989816	-0.0048527448	-0.0805290104	-0.0438131263	0.1174958729	-0.006361523	0.0145748338	-0.0190657165	-0.0037560531	-0.073162107	-0.0948141723	-0.1543897425	0.0097262009	-0.0055039365	-0.0255124512	0.0736112675	0.0218211634	0.1101658059	-0.0803506242	-0.1053281628	0.0117735635	-0.1252210518	0.0177959582	-0.2181776195	-0.109228338	0.084847469	0.0494117192	-0.0244411965	0.0264526701	0.0276411692	-0.0569775116	-0.1317161055	0.0045666418	0.0935103669	-0.0679963415	0.2461733846	0.0630398778	-0.0318497657	-0.0643418865	0.106718811	0.1513292685	-0.0156630452	0.0325499295	-0.1013345096	0.0240124676	0.0339590967	0.0297287208	0.0042920604	0.125866089	-0.0194497534	-0.1093265412	0.0561566646	0.0	-0.0324754089434833	0.0068928952222507	4.751200454492653e-05	0.0010546521860464	0.0818250074196669	-0.0579683470427595	0.0033603292588698	0.0066953318392285	0.1732190678724592	0.0441096873444238	0.0019456645176228	0.0300048454746036	-0.0012360342226194	-0.0005970063504971	3.564165825338662e-07	1.5277805994863443e-06	-0.0009999583764777	-0.0001449793650349	2.1019016285951748e-08	9.999167546879175e-07	-6.711780925351945e-05	-8.44989448949647e-07	4.504800318991821e-09	7.14007168836228e-13	0.0	0.0	0.0
544.0653784870668	0.3728764628966701	296007.13606827526	0.1390368565823317	634.6776382748017	-0.8265154348255237	0.6831277640048246	402815.70452608	518.9049401627832	0.5285369944183458	0.2793513544687784	269262.33692534163	583.5156252207863	532.0254397186385	1.145935	24.642107	0.19083077434556	0.1274899004609698	0.0894576091	0.0232335826	-0.0734039948	-0.0713696331	0.0020877444	0.1013902752	0.0662681492	0.0479621265	-0.0835515501	0.0695610416	-0.0827488362	-0.1481362586	-0.0608942487	0.0158821322	0.1527762584	-0.0379070417	-0.0397574063	0.0359491127	-0.0679842759	-0.1034169315	-0.0527890974	0.0157144285	-0.1255185182	0.2538707516	-0.0863737206	0.0030938334	0.1071841347	-0.0418917055	-0.0159820223	0.067332429	-0.017228733	-0.015247985	0.1100437806	0.0252752132	0.1242753626	-0.0529288707	0.1086256376	0.1085771091	0.0222832356	-0.0195591375	0.0258550057	0.0008919641	-0.0860963609	-0.0350749774	-0.0168725852	-0.0926811107	-0.1224770971	-0.0340218852	0.0907947868	-0.0465118774	-0.1178465134	-0.0936996685	-0.029162452	0.001566312	0.1082297654	0.0757885592	0.1060273879	0.1341658472	-0.0400905184	0.1074743413	0.1818087286	0.0107902742	0.0246425781	-0.0241143233	-0.0329175718	-0.1167540524	-0.0421015073	-0.0165037081	-0.0143437133	-0.1282420157	-0.0441512453	-0.0806170093	-0.1341920211	0.021479354	0.0607931596	0.0278388999	0.0613245387	-0.113704343	-0.1233536854	0.0501914279	-0.0815648748	-0.095161327	-0.030658411	-0.0203834468	-0.0898799488	0.0091801447	-0.0446573142	-0.0990238814	-0.0553157701	-0.1172305434	-0.0001330154	-0.0218533699	-0.1076127567	0.06245003	0.0	-0.0149689076307168	0.0175065013127665	0.0003064775882138	0.0002240681956569	0.0819321078999593	0.0001071004802924	1.1470512878863175e-08	0.0067128703049305	0.0636183927705928	-0.1096006751018664	0.0120123079827848	0.0040472998987134	-0.0004110488771988	0.0008249853454206	6.806008201587467e-07	1.6896117944639419e-07	-0.0014469836956818	-0.0004470253192041	1.998316360095275e-07	2.09376181556896e-06	-6.679852486552503e-05	3.192843879944174e-07	4.462042924210166e-09	1.0194252041696969e-13	0.0	0.0	0.0
543.7334383423122	-0.3319401447546397	295646.051971553	0.1101842596997311	636.3527730737029	1.6751347989012402	2.806076594489898	404944.8517985916	517.7168358756112	-1.1881042871719956	1.4115917971964758	268030.7221490545	582.9923851037715	536.6157383482279	1.034771	22.251654	0.1289792735621247	0.0770044526227366	0.1096952382	0.052649703	0.0186661264	-0.0988417976	0.0473227131	-0.0821539234	0.0732111444	0.0411448575	-0.0692911934	-0.0500536945	-0.0666555698	0.1786124642	0.1076407924	0.0233265344	-0.0641325819	-0.0852015877	0.0478291597	-0.0119370185	0.0399603726	0.0605241508	0.0398270028	0.0789662571	0.0111178408	-0.1899714754	0.0364518921	-0.0367169643	0.0473887468	0.0978334116	0.0117985213	-0.0774777886	-0.042591066	-0.031283563	-0.0759158024	-0.0510036388	-0.1104336707	0.0069608821	0.0554793342	-0.1093961672	-0.0160635418	0.0280932588	-0.0987118565	-0.00521914	-0.0073784835	0.0509182172	-0.0734580198	-0.0602874463	0.0195588695	0.104816286	-0.0373387106	0.1069674314	0.0511888916	-0.0013419835	-0.0204617778	-0.042183043	0.1150560986	-0.0889104958	-0.2008116042	-0.0069741727	-0.0055653637	-0.1093058357	-0.1024813001	0.0394373499	0.0009452056	0.0523336203	0.0405807597	0.0396600509	-0.0091318325	0.0195097884	0.0160471678	-0.0118348418	0.0681127508	-0.0207843345	0.0200455893	-0.0238290911	0.0859153837	0.144162268	0.0405161941	0.0784896663	0.0780435119	-0.0071030207	-0.0509625111	0.1930680386	0.0137876995	-0.0079567309	-0.0013192169	-0.0787841465	0.007054541	-0.0523194331	0.006855513	0.0225883989	-0.0269286122	-0.0242472716	-0.1057076408	0.0684936154	0.0	-0.0421201650874252	-0.0271512574567084	0.0007371907814804	0.0017741083069919	0.0819607600755603	2.8652175600996088e-05	8.209471666703154e-10	0.0067175661921635	0.1331427878668094	0.0695243950962165	0.0048336415134948	0.0177270019609462	-0.0005110730073678	-0.0001000241301689	1.000482661606505e-08	2.611956188599673e-07	-0.0009839616843008	0.0004630220113809	2.143893830233068e-07	9.681805961720674e-07	-0.0001492517599875	-8.245323512197497e-05	2.2276087859366305e-08	6.7985359820796874e-09	0.0	0.0	0.0
543.9394011700142	0.2059628277020238	295870.07214519364	0.0424206863950135	639.6864127250715	3.3336396513685718	11.11315332517677	409198.7066250705	519.092644644784	1.3758087691727496	1.8928497693326365	269457.17372431594	584.4832904811585	533.7231446893721	0.992448	21.341545	0.1254063073550466	0.0715473619163962	0.078884462	0.1100434596	0.0888461548	-0.0658686453	0.1216215128	-0.1166657135	0.0268828554	0.0167269739	-0.0120554426	0.0922455283	0.1044186523	-0.1804723655	-0.0134190469	0.0936908088	0.0670117035	-0.0182010802	0.1622595829	0.0143142034	-0.0891783092	-0.0551054139	0.044894021	0.1439051021	0.0197290247	-0.0813837612	-0.0056658473	0.0133305555	-0.096362018	0.0020748612	0.0617651069	-0.0014180856	-0.0542201695	0.0490886677	-0.0377164482	-0.0626157492	0.0517769319	0.0892943054	-0.0696617356	0.0440767992	0.1325029093	0.1656363276	0.1033896295	-0.0233309222	-0.0046494575	-0.0864053293	-0.1163473087	-0.07972786	0.0472018306	0.0037657629	0.1556106159	-0.0558931493	-0.0200078453	-0.1077130404	0.1244850622	0.1079438227	0.1142432444	0.0411389479	-0.0727929823	-0.0412640497	-0.0596963486	-0.052606944	-0.0095526339	-0.0462713617	-0.0227185507	0.0245025216	-0.0577338901	0.0458649268	0.0455920578	0.0957791867	-0.0284596686	-0.0142755155	-0.0662343859	0.0279142955	-0.1436006478	-0.1253891726	0.0664948865	-0.0817978334	0.0571077861	-0.0103316199	-0.0284216632	-0.0284232788	-0.0318061988	-0.0108558586	-0.0525806814	0.0972287999	0.032758115	0.0236184411	0.0820337797	-0.0272735545	-0.0188045113	-0.0510178915	-0.0940983165	-0.0266303944	-0.1036145805	0.0742632484	0.0	-0.0204671838358905	0.0216529812515347	0.0004688515970793	0.0004189056141721	0.142280962982511	0.0603202029069507	0.0036385268787357	0.0202438724272306	0.1297664741849686	-0.0033763136818407	1.1399494078185364e-05	0.0168393378223981	-0.0009030436978681	-0.0003919706905003	1.53641022211282e-07	8.154879202592922e-07	-0.0013109682830183	-0.0003270065987174	1.0693331560478805e-07	1.7186378390799496e-06	-6.709285891089107e-05	8.215890107660893e-05	4.501451716836735e-09	6.7500850261160125e-09	0.0	0.0	0.0
542.933950602111	-1.0054505679031536	294777.2747164156	1.010930844496774	636.181118334754	-3.505294390317431	12.28708876279085	404726.4153256584	518.7288555865521	-0.3637890582318732	0.1323424788892332	269079.625618134	582.8831634030848	534.3383881465141	1.132112	24.344866	0.192285125103794	0.1000996866986616	0.1041834302	-0.0222200087	-0.0998485813	-0.0984559165	-0.0784545742	0.0595383158	0.0360463462	-0.006102734	-0.0701767537	0.1478800105	0.0014586749	0.0983375364	0.0046272831	0.0162209653	0.0073408209	-0.1524733074	0.0377624864	-0.0120799818	0.0447766173	-0.0982452954	0.0959199722	-0.0954780997	0.0520751477	0.0130998317	0.0317836084	0.0503995571	-0.0042576765	0.0092815141	-0.0492985631	0.0590918268	0.0170481218	0.0289509346	-0.0223960737	-0.0580598882	0.0735652455	0.1439884941	0.1073876715	-0.0973134784	-0.1819730773	0.3051664197	0.0665782938	0.0314869207	0.070166334	0.0208888789	0.0173825349	-0.1057978756	-0.1260631087	0.0760779196	-0.0632246329	0.0675310845	0.0284526003	-0.0214687886	0.1033805546	-0.1667800101	0.0880746608	-0.0048078271	-0.0385143783	0.0163153879	-0.0238028011	-0.1436353716	-0.1460234065	-0.0139236982	-0.1421523764	-0.0600309907	-0.0919433648	-0.0841462627	0.0256662653	-0.0598287109	-0.0297073558	-0.01758746	-0.0159049154	-0.0811605818	-0.0112665516	0.0599359438	0.0761349853	0.0869258072	0.0410538022	0.0455883739	0.0669095328	-0.0170140997	-0.069785466	-0.0566914602	-0.0143525452	0.0740770296	0.1650640933	0.093695452	-0.0366958245	-0.0089506939	0.0194504093	-0.0244939809	0.0142844106	-0.029001679	-0.1013372972	0.0797358525	0.0	-0.0515468529350755	-0.031079669099185	0.0009659458313148	0.0026570780475103	0.0999907528330368	-0.0422902101494742	0.0017884618744866	0.0099981506521174	0.0690019951351601	-0.0607644790498084	0.0036923219141946	0.0047612753326326	-0.0001430296300486	0.0007600140678195	5.776213832835435e-07	2.0457475071839377e-08	-0.0009089953281309	0.0004019729548874	1.6158225646090776e-07	8.262725065638024e-07	-6.606454551126342e-05	1.0283133996276514e-06	4.364524173609796e-09	1.057428447853778e-12	0.0	0.0	0.0
542.9134691062515	-0.0204814958595989	294755.03493698465	0.0004194916726467	635.6341071910103	-0.5470111437437026	0.2992211913797937	404030.7182245128	519.8337499800817	1.104894393529662	1.2207916208532796	270227.1276183541	583.844655542895	526.5877420560478	1.090561	23.451344	0.0712612950645383	0.0589804050072027	0.0507269705	0.0402484649	0.1486603421	-0.035622396	0.0893903516	-0.0755631202	-0.117562804	-0.1713431948	-0.0528426497	0.0226721381	0.0297338889	-0.0577577831	-0.0579601554	0.0908426369	-0.0429519105	0.0593087783	0.0611674855	-0.0136949953	-0.0625583523	-0.0480700256	0.150412394	0.0707799475	0.1390919168	-0.0779344188	-0.0236371349	-0.1102704607	-0.0911408956	-0.0345994816	-0.0548728491	0.090354465	0.0069174588	-0.0490453283	-0.0812492842	-0.0246155757	0.1527244745	0.1271869523	0.0041111659	0.1159183502	0.0247048157	-0.1793496188	-0.0213889285	0.0112348613	-0.0765167156	0.0189338579	-0.0413534811	-0.0474016256	0.0988584608	-0.0765127023	0.030273735	0.0007585389	0.0311720781	-0.0377403895	0.2050662421	-0.0713085777	0.0118569297	0.0917411919	0.0249024386	-0.0132818525	-0.0285597201	0.0873460985	-0.1799238923	0.0108588356	-0.0828910364	0.0772539234	-0.0230970414	0.124153859	0.1399219673	0.0490657968	-0.0247124324	0.031000136	0.0298790433	0.0599251288	-0.054813713	-0.0869201198	0.0347730719	0.0161023812	0.065734221	0.0267400367	-0.0291692629	0.0535696363	0.1037816592	0.0455877073	-0.0174187028	-0.0184869659	0.0227546448	0.1032962629	-0.0598186143	-0.0598351153	-0.1646803091	-0.0697350814	0.1580687679	-0.0313600711	-0.09887984	0.0848895389	0.0	-0.051516268489351	3.058444572449914e-05	9.35408320274834e-10	0.0026539259190668	0.0998433274276493	-0.0001474254053874	2.1734250153666962e-08	0.0099686900318247	0.0941378447994765	0.0251358496643163	0.0006318109383471	0.0088619338234903	-0.0010610305628705	-0.0009180009328218	8.427257126618783e-07	1.12578585534529e-06	-0.0009089650401417	3.0287989199908986e-08	9.173622897738034e-16	8.262174441998024e-07	-6.698203568236347e-05	-9.17490171100044e-07	4.486593104153413e-09	8.417882140651882e-13	0.0	0.0	0.0
541.8789951856091	-1.0344739206423128	293632.8454233654	1.070136292489078	631.6921716894807	-3.941935501529656	15.53885549821986	399034.9997737724	519.1081552927866	-0.7255946872951426	0.5264876502309358	269473.27689147985	581.6449329094105	519.5508655011139	1.336756	28.745512	0.2093022752645874	0.1064067268824182	0.0340797433	-0.1509433241	-0.1319190671	-0.0415649841	-0.2081722531	0.1382914682	-0.0583803856	0.0665927372	-0.0841808984	-0.0082012656	-0.0519731783	0.0514083819	-0.0923592942	-0.0731838286	-0.0157479822	-0.1425480868	-0.111533146	-0.0985981937	0.0640281925	0.1045707374	-0.0338195607	0.0109378037	-0.0807008968	-0.0037048728	0.0123913398	0.0941032484	-0.0547844278	0.0145731632	-0.0023912398	0.0934394218	-0.0348143017	0.0047731955	0.1217662791	-0.0295419266	0.0885958889	0.0291159442	0.1061756696	-0.0445513025	-0.0308995021	0.0123663535	0.0442346028	-0.0526777519	0.0101138568	0.1258563038	0.1483118439	-0.0564835187	-0.108352267	-0.0253271607	-0.1868374319	-0.0555143504	-0.0669373781	0.0882922991	0.0056431879	-0.1059130208	0.1135447032	0.0184871278	0.0295704274	-0.0248553252	-0.0157971019	0.0975439532	0.0150761365	0.0348820944	-0.0358313371	0.0563163344	-0.0203376422	0.1478852325	0.0664426802	-0.1466704137	-0.028282381	-0.0934599427	0.0833019136	-0.1890923133	0.0719320166	0.097355574	-0.0372470518	-0.0223148178	0.0321895243	0.0146504053	0.1069831692	0.0284297073	0.0059125086	-0.2440655119	0.0628745287	0.0390214281	-0.0317394007	-0.0820757644	-0.0693324853	0.0287719934	-0.0858476887	-0.0277592393	0.0650067263	-0.0337045224	-0.096246578	0.0897036946	0.0	-0.0333427161127701	0.0181735523765809	0.0003302780059843	0.0011117367177767	0.0414640490912034	-0.0583792783364459	0.0034081401390842	0.0017192673670377	0.0306234145367483	-0.0635144302627282	0.0040340828515989	0.0009377935178895	-0.0003550524856086	0.0007059780772618	4.984050455744091e-07	1.260622675368451e-07	-0.0015869872394325	-0.0006780221992908	4.597141027311334e-07	2.5185284981215877e-06	-6.628202645841462e-05	7.000092239488516e-07	4.393307031433975e-09	4.900129136134735e-13	0.0	0.0	0.0
542.0307373002139	0.1517421146047581	293797.3201782135	0.0230256693447235	632.5220002212093	0.8298285317285945	0.688615392070835	400084.0807638395	518.8656637907584	-0.2424915020282014	0.0588021285558932	269221.5770610243	582.3325086963649	517.6787977004504	1.533995	32.986919	0.307862123135205	0.181805828478954	-0.0140632853	0.1202324592	-0.0124454612	0.0419655727	0.1690319815	-0.0020024889	0.1639033958	0.0021786642	0.0771318635	-0.0102429907	-0.0742120876	0.0449936606	-0.0033897618	0.1348095903	-0.0773093856	0.0313786952	0.0541579047	0.0677807403	0.0362127717	0.0161771024	-0.0144181646	0.0250139798	0.0287089557	-0.0062410284	0.1011954406	-0.1032457095	0.0435514716	-0.1331916949	0.1633180376	0.0106289444	0.1303207933	-0.0026830934	0.1083789595	-0.035123809	-0.0150565639	-0.0017606035	-0.1226574249	-0.0284498029	0.0332535392	0.0314504676	0.001557018	0.1843003754	0.10031659	0.0480762062	-0.1254306471	0.0233890873	0.0053254502	-0.0617709249	0.0432895353	0.08759162	0.0484975311	0.0828845064	-0.0216743892	0.1409281275	0.1443935687	0.0429944206	-0.0672887672	0.0927700502	0.0404137533	-0.0895221234	0.0360330172	-0.150578104	-0.0426180263	-0.0392908139	0.1339835098	-0.1239132815	-0.0150503794	0.1387138633	-0.042358191	0.0376993058	-0.0254222849	0.1000540976	-0.0474302459	0.0382313866	-0.0395412868	0.0208726459	0.0509828687	0.0107067478	0.0888266391	-0.0891591124	-0.0590717162	0.1084688226	-0.0697123928	0.2152555626	0.1218277233	0.0081402597	0.1052652998	-0.1323145363	-0.0088932846	0.0321215799	0.1534149856	-0.0360339907	-0.0934421931	0.0941590645	0.0	-0.0296650403790863	0.0036776757336837	1.3525298802126673e-05	0.0008800146206928	0.1607048997084348	0.1192408506172313	0.0142183804559208	0.025826064790298	0.1482673185022633	0.117643903965515	0.0138400881402473	0.0219831977358515	-0.0011039523445673	-0.0007488998589587	5.608509987483609e-07	1.2187107790756389e-06	-0.0011400458215398	0.0004469414178927	1.997566310279371e-07	1.2997044752103575e-06	8.387055306568276e-05	0.000150152579524	7.034269671543508e-09	2.2545797137740392e-08	0.0	0.0	1.0
542.3534856484395	0.3227483482255593	294147.30339501204	0.1041664962823269	634.4762200177726	1.9542197965632797	3.818975013279825	402560.0737680409	518.7931743701855	-0.0724894205728787	0.0052547160949917	269146.3577730937	581.9818015757864	516.5039380029076	1.363158	29.313259	0.2655624102663937	0.1480061083252843	0.0097037682	-0.1358613164	-0.0143141752	-0.0269426477	-0.1143015285	-0.0630017645	0.0294220764	0.085355122	0.0279563442	0.0566873795	0.0588022157	-0.017436691	-0.1030405181	-0.1074615499	0.0349213815	-0.1006900887	-0.0025032501	0.0226649842	-0.0440135716	-0.060390837	-0.0837193701	-0.0089705883	0.00884158	0.0586021738	-0.0030347512	-0.0058803517	-0.044571495	0.0745615632	-0.0543404038	-0.0442670976	-0.0033240469	0.0066898969	0.0322817002	-0.0213583394	0.0956525541	0.0243856439	-0.0745661473	-0.0377257408	0.0241336859	-0.0870439164	-0.1127462003	-0.0635468655	0.0880374327	0.0018262415	0.1266454306	-0.067459908	-0.0038785077	0.0442585749	-0.0003476987	-0.0644439084	-0.1081130114	-0.0063499426	0.0655407656	0.0128931936	0.0938227546	-0.0049599916	0.0002851814	-0.0562604516	-0.1100419849	0.0364945067	-0.0127759758	0.1255004858	-0.0437499415	-0.1110473824	0.00560575	-0.0623646011	-0.0120849165	-0.119504666	-0.06914646	-0.0501443412	-0.0154343348	-0.0703605363	0.038006329	-0.0699128298	-0.0431829315	-0.0822379833	-0.0509747823	0.0401458535	0.048219215	-0.0105883598	-0.0369904239	-0.1817555062	0.061408444	-0.0046934287	0.0347026846	-0.0085081182	-0.0365784615	-0.0777173	0.0725894061	-0.1185573717	0.066715413	-0.0383474405	-0.0904716714	0.0982378286	0.0	-0.0513466702961977	-0.0216816299171114	0.0004700930758625	0.0026364805505064	0.1107585207011254	-0.0499463790073093	0.0024946407759417	0.0122674499079016	0.0260575003992045	-0.1222098181030588	0.0149352396407827	0.0006789933270545	-0.0004671421256902	0.0006368102188771	4.055272548663001e-07	2.182217655943586e-07	-0.0016859638028623	-0.0005459179813225	2.980264423312335e-07	2.8424739445619083e-06	-0.000167892911513	-0.0002517634645786	2.8188029736312053e-08	6.338484209666167e-08	0.0	0.0	0.0
543.4929256781166	1.1394400296771892	295384.5602621588	1.2983235812307536	637.7564573126324	3.2802372948598304	10.759956710589336	406733.2988439595	518.7461502324173	-0.0470241377681759	0.0022112695328403	269097.5683809537	583.5094349361309	525.867333917832	1.180005	25.374741	0.1572194486053489	0.1024522627538802	0.0363772669	0.0835111479	-0.0823992308	-0.0545643672	0.113114317	0.0651080553	0.1116740367	0.0416626392	0.1380491301	0.091979828	0.0097268118	0.0776984358	0.0271676349	0.0386185839	-0.0525555321	-0.0391087803	0.0076738582	0.0473045899	0.1618370531	0.0888743234	0.0337581758	-0.0236024144	-0.1304378719	0.1145605965	-0.0169585117	-0.06180266	-0.1027592559	-0.136017573	0.1155927363	0.0207336455	0.0311259625	-0.0353425283	-0.1180390206	-0.0502100099	0.0941848507	-0.059686333	-0.102335223	-0.0613095045	0.0123451681	0.0392041159	0.0691160409	0.0841425497	-0.0006638516	-0.0158838024	-0.0978036	-0.0376705198	-0.0423557108	0.0284510942	0.0046939813	0.0156154523	0.0870749417	0.0948728026	-0.0553312258	-0.0093526726	0.1542577149	0.0306495431	0.0526065582	0.1124826484	0.0617362177	0.0217100458	-0.0463834866	-0.0424833511	-0.0809640436	0.0193256898	0.0079440945	-0.0597572771	-0.2149731111	0.0719701097	-0.0602508266	0.0314623871	0.0702285942	-0.0083447179	0.006680348	0.0731643352	0.0388882411	0.0796824529	-0.0151166523	0.0017250814	-0.0849514859	-0.0105456549	-0.0970225998	0.1324090863	0.0663915596	-0.0037940524	-0.0191274203	0.0528658013	0.0735389858	0.0113572499	0.0342213753	-0.0359405293	0.1982697297	-0.0406438432	-0.0873402943	0.1019236731	0.0	-0.0516273840590884	-0.0002807137628906	7.880021667625442e-08	0.0026653867847846	0.1195259959674643	0.0087674752663388	7.686862254586423e-05	0.0142864637120142	0.1133555928593139	0.0872980924601094	0.0076209569471738	0.0128494904324865	-0.0011164037332642	-0.0006492616075739	4.215406350695747e-07	1.246357295646243e-06	-0.0014907012692355	0.0001952625336267	3.8127457038357184e-08	2.222190274100331e-06	-0.0005408321126324	-0.0003729392011194	2.9249937405442505e-07	1.390836477315763e-07	0.0	0.0	0.0
543.6409986651296	0.148072987012938	295545.5354296194	0.0219256094829337	637.5836662033857	-0.1727911092466456	0.0298567674346862	406512.9314093504	517.4871985517738	-1.2589516806435768	1.5849593341952866	267793.0006649629	583.0558736050883	529.6915084792748	1.112551	23.924215	0.1029748477705079	0.0722226648454637	0.0757571362	-0.1112437529	0.1477478952	-0.1119453868	-0.0503928108	-0.1112658159	-0.0734520666	-0.0413467985	0.010112797	0.0066672536	0.0075470217	-0.0278476757	-0.0359077442	-0.1431903598	-0.0142822939	0.0421904735	0.1340641454	0.016411577	-0.0103638924	-0.0335581974	0.0123907391	-0.1121239115	0.0661606974	0.0456584457	-0.1633546263	0.0909744498	-0.0487905295	-0.108681692	0.0439908612	-0.0247692079	0.1407919578	-0.0972255136	-0.1159041805	-0.0971232355	0.0780127619	0.1202189303	-0.1388658939	0.0031698401	-0.082252053	-0.082919923	-0.082410816	0.0198022509	0.0184127321	-0.0102315884	0.0729724966	-0.100577016	0.112534584	0.0851649107	0.059981384	-0.0465237038	-0.0315156158	-0.0213746067	0.0230714061	-0.0574521842	-0.0960027528	0.0273074416	-0.0061154707	0.0159271862	0.0137373274	0.0979063601	-0.0391629047	0.0700363905	0.0240695896	-0.0862318769	0.0698540333	-0.0556154717	0.0677866279	-0.0743136899	-0.0845235864	-0.0467371151	0.035104775	0.0750119573	0.041447438	-0.1302671579	0.0308138756	-0.0675530884	-0.0398454652	0.0375070714	0.0236081712	0.0287197814	0.0119889625	0.0297479461	0.0575677253	-0.0830130333	-0.0131532966	0.0278890107	-0.1002617633	-0.0213547241	0.0159149149	-0.0815585652	0.0729417599	-0.0429221782	-0.0840536294	0.1052018558	0.0	-0.0514635453694154	0.0001638386896729	2.684311623376519e-08	0.0026484965019898	0.1241971578513556	0.0046711618838913	2.1819753345518924e-05	0.0154249340183545	0.0500418436876302	-0.0633137491716837	0.0040086308341748	0.0025041861196572	-0.0006708319230602	0.000445571810204	1.9853423804846938e-07	4.500154689966461e-07	-0.0016118611950424	-0.0001211599258068	1.4679727621533492e-08	2.598096512083514e-06	-0.0004110418881381	0.0001297902244943	1.6895543380413433e-07	1.6845502374280795e-08	0.0	0.0	0.0
544.216858737157	0.5758600720274671	296171.98933373875	0.3316148225554796	636.9360337338205	-0.6476324695652238	0.4194278156351505	405687.51106857054	518.7327993255117	1.2456007737379196	1.551521287536504	269083.7170960816	583.9672847269433	535.0332556545014	1.107186	23.808859	0.1260874456030513	0.0789457201875351	0.0929778391	0.0528469017	-0.1304217756	-0.1018929575	0.0486746645	0.2296971619	-0.0766773664	-0.0069133695	0.0767696028	-0.0597431502	-0.040405424	0.0189272678	-0.0061278253	0.0264688806	0.0580732626	-0.0437291395	0.1303003527	-0.0620362444	0.0436915427	0.0286099901	-0.03208726	-0.0825337671	0.0406911035	-0.0038982106	-0.0461356276	0.0611712085	-0.0213844859	-0.0666930966	0.0499889075	0.1120110032	0.067060068	0.0148668149	0.1030418458	-0.0651449884	0.0513756977	0.0455247294	0.0701899903	-0.0040374275	0.0798728848	0.0584155945	-0.1135014452	0.1230704247	-0.0457465639	-0.1096793866	-0.0842111806	-0.0969005837	-0.0815502294	-0.0506854676	-0.0268369533	-0.1114347987	-0.0508540829	0.1036305594	-0.0642448449	-0.1134690003	-0.0957137452	0.0191303043	0.0340844913	0.0447860323	0.0519429255	0.0209532758	0.0999400184	-0.0477358433	-0.0143675652	0.0506357214	0.1416249956	-0.001063284	0.038662961	0.0662095198	-0.0808678504	0.0042770451	0.1133312778	-0.0962027224	-0.0159530918	0.0334432289	0.0548144349	-0.0102862098	-0.0298475109	-0.0359228122	-0.0184570034	0.108807356	-0.1295932779	0.0431034057	0.0569758898	-0.0359705642	0.0406762734	-0.0971076281	-0.0338688127	0.0363848274	-0.0622128594	0.0116426481	0.1944888079	-0.0451814325	-0.0806175202	0.1080592651	0.0	-0.0378863752683287	0.0135771701010867	0.0001843395479538	0.0014353774309726	0.124144579841257	-5.257801009860008e-05	2.764447145928492e-09	0.0154118767039622	0.1002713474064762	0.050229503718846	0.0025230030438415	0.0100543431107102	-0.0015857476781523	-0.000914915755092	8.370708389157474e-07	2.51459569876541e-06	-0.0013212072309818	0.0002906539640606	8.447972682414062e-08	1.745588547198595e-06	-0.0003720477318304	3.8994156307700005e-05	1.3841951476014526e-07	1.52054422614934e-09	0.0	0.0	0.0
544.3309161729725	0.1140574358154253	296296.1463017076	0.0130090986647898	636.9523675778491	0.0163338440286224	0.0002667944607513	405708.3185630274	518.9838267506419	0.2510274251302462	0.0630147681675213	269344.2124287403	583.638990976675	538.2238280423153	1.18038	25.38282	0.1902149335753195	0.1188815623649362	0.1008685691	-0.1430865548	-0.0314040768	-0.1156152595	-0.0886393252	-0.0553778129	0.1261395419	0.0014866934	0.0651747983	-0.1395269759	-0.1112019609	0.0466261775	-0.1008925053	-0.0972961344	0.0063263808	-0.0624345521	-0.0171482273	0.1287469301	0.0483526138	-0.0224455842	-0.0782676628	-0.065511971	0.0402603165	0.0729981101	0.0180902356	0.0053627932	0.0423734382	0.077769274	-0.0348748328	0.0124564427	0.1191455343	-0.0347892665	0.0012964121	-0.1213440635	-0.0634841426	0.0282675186	0.2595250564	-0.0018091798	0.1128887926	0.0365576335	0.0068883552	-0.0530696398	0.0303738392	-0.1046440519	0.1106728352	-0.1122679914	-0.0074781208	0.017590108	0.0297881269	0.1051891529	-0.03179705	0.033657379	-0.1071834401	0.0943516795	-0.0540622524	-0.0205667171	-0.0739214733	0.0403786817	-0.0161274701	-0.0162816261	0.1218772468	0.0072287058	0.0532161994	0.032732107	0.090927267	-0.1666844659	0.0489352284	-0.1323129152	-0.1051073865	-0.060619016	0.0191233293	0.02815189	0.0404402137	-0.0152688414	0.1018032585	0.0361321639	-0.1076771201	0.0033738498	-0.0676129289	-0.0438081651	0.0450162303	-0.0276157875	0.037511176	-0.0131208297	-0.1226903781	-0.0587753967	-0.0655814489	-0.0784619772	0.0205693814	-0.0239925937	-0.0168651316	-0.0474206018	-0.077038076	0.1104844722	0.0	-0.0512555790109132	-0.0133692037425845	0.0001787356087107	0.0026271343797439	0.1087046765516248	-0.0154399032896321	0.0002383906135931	0.0118167067041933	0.0046204210222384	-0.0956509263842377	0.0091490997181628	2.134829042274254e-05	-0.0006883455525772	0.0008974021255751	8.053305749867075e-07	4.738195997528108e-07	-0.0017068641986019	-0.0003856569676201	1.4873129667393088e-07	2.913385392468906e-06	-0.0004040866418125	-3.20389099821e-05	1.632860140913037e-07	1.026491752841107e-09	0.0	0.0	0.0
543.6879260059678	-0.6429901670046547	295596.5608846708	0.4134363548646738	638.833543637378	1.8811760595289115	3.538823366944723	408108.2964762898	518.4737053006401	-0.5101214500018614	0.2602238937520015	268814.9830881749	583.7888374860136	534.3201638783404	1.184836	25.478642	0.1713650561789221	0.1221104514233729	0.0765936241	0.0614237146	0.0602143154	-0.0661983815	0.0835700748	-0.0731539972	-0.0649654072	0.0772490703	0.044981213	-0.0852484712	-0.0026680903	-0.0489803739	0.0513249601	0.0395041148	-0.1763269896	-0.0417295779	0.0991567823	0.0665406948	0.0295104588	0.0346344527	0.0006636315	0.0796004167	0.0196329174	0.0957332799	-0.0251984087	0.085859347	0.1507306997	0.1514877304	-0.1745882446	0.0617980594	0.1036491759	0.0299414089	0.0649894234	0.0183644547	0.030999206	0.0327913273	0.0766381209	0.0707780549	0.0903441809	0.0825408661	0.0865980133	-0.0742222666	0.0051197453	0.0128197389	-0.0975424274	-0.0695472728	0.1216465399	0.0398478088	-0.0758534346	-0.0185683046	0.0263231655	0.0989733626	-0.0497049763	0.1254279908	-0.0219728229	-0.0464016761	-0.0082067309	-0.0659029226	0.0374574479	-0.0425184208	0.1456310626	-0.0781558058	0.016403396	-0.0968558452	0.0607239406	0.0025668974	0.0466534625	0.077878472	-0.0301686353	0.0399310301	0.1698527309	0.0435092646	0.011696884	-0.058934613	0.035273289	-0.0255411116	0.0409686135	-0.0638118848	-0.0454257306	0.058648997	-0.026299208	0.0841736828	-0.0712022301	0.0853271388	0.0413464016	-0.0149628902	0.0670580115	0.0487191949	-0.0057079272	0.0886302191	0.0103118628	-0.0496386907	-0.0733216609	0.1124677771	0.0	-0.0515125531510278	-0.0002569741401145	6.60357086876348e-08	0.0026535431321374	0.0985442058929209	-0.0101604706587039	0.0001032351640063	0.0097109605150663	0.116239801417187	0.1116193803949485	0.0124588860797522	0.013511691433507	-0.0012643881199266	-0.0005760425673494	3.3182503939848816e-07	1.5986773178115224e-06	-0.0014331613614344	0.0002737028371674	7.491324307353895e-08	2.053951487908503e-06	-0.0005409058569987	-0.0001368192151862	2.9257914613549813e-07	1.8719497644167703e-08	0.0	0.0	0.0
543.6705920203965	-0.0173339855713265	295577.7126278084	0.0003004670557869	636.8194112185031	-2.014132418874965	4.056729400763118	405538.96250468097	518.7249952196241	0.2512899189840709	0.0631466233830209	269075.62066559907	583.5933708730618	529.8857185416477	1.08578	23.348534	0.1792643701900008	0.0964590480214359	0.065974063	-0.097192284	-0.052326305	-0.0615687257	-0.0784397322	0.0567697814	0.0113002131	-0.1301658407	0.074666828	0.0715457201	0.0398628245	0.0165482775	-0.0830203243	-0.0650908248	0.1554788271	0.0334716987	0.0222335788	0.0227438779	-0.0707893068	-0.0306636069	-0.0364375119	-0.0499853564	-0.0874348047	-0.1779007968	-0.0555794536	0.1058489194	0.0029584053	0.05360869	0.0128921898	-0.0036102754	-0.0710767637	0.0874208654	-0.1672373084	0.001702237	0.0026679233	0.1565714292	0.0017461542	0.0064570828	0.0114050538	-0.0146691116	0.1082351488	0.1536641292	0.0095341382	-0.0946862587	0.0611823265	-0.0855145568	-0.0477636301	-0.0106538078	0.1283844308	0.0066115903	-0.0372976478	-0.0267231711	-0.0001055971	-0.0474095798	-0.1403041482	-0.1030417955	0.0056916346	-0.090548129	0.1120338709	0.0508159503	-0.0198261404	0.0557747789	-0.0539758274	-0.0752483193	0.0284778833	-0.0046800707	-0.0673313822	-0.0606145248	-0.0880168384	-0.0673232698	-0.0634416362	0.0029189491	-0.0075750462	-0.0136840457	0.0576037103	-0.039540018	-0.043557394	0.0123871466	-0.0161277754	0.0194182236	0.0073174383	-0.0091442405	0.0472034416	-0.0059450761	0.0003299034	0.0671349262	-0.0622964416	0.0464943329	0.250474349	0.0479443539	-0.0429482675	-0.0518347133	-0.0694748826	0.1140012473	0.0	-0.032795111949369	0.0187174412016587	0.0003503426051375	0.0010755193677716	0.1429699280337502	0.0444257221408292	0.0019736447877341	0.0204404003219757	0.0464640982352193	-0.0697757031819677	0.004868648754538	0.0021589124248121	-0.000651723380234	0.0006126647396926	3.753580832626014e-07	4.24743364343631e-07	-0.0013213905030133	0.0001117708584211	1.2492724792189585e-08	1.746072861453742e-06	-0.0003384313818015	0.0002024744751972	1.1453580018807268e-07	4.099591310638156e-08	0.0	0.0	0.0
544.5067675651172	0.8361755447207315	296487.6199242126	0.699189541589012	636.1186428393348	-0.7007683791682666	0.4910763212421195	404646.9277677572	519.2490395499276	0.5240443303034681	0.2746224601232103	269619.5650735223	585.053438601642	534.8064191156101	1.022572	21.989317	0.1490430168555591	0.0946953685008462	0.0851885906	0.0344342039	-0.0420885373	-0.0840041594	0.0151092382	0.0707029046	-0.0295758423	0.1405634743	0.0349862564	-0.1396587806	-0.1198138478	0.0085274656	0.009845413	0.0071148349	-0.0957932036	-0.1479994482	0.0248986756	-0.1271369815	0.0726793314	-0.0445501278	-0.0378877815	-0.0650407896	0.0720294209	-0.0476598709	0.0109579588	-0.0660710696	-0.0729431154	0.102267633	0.0599175087	-0.0489668412	-0.0651353355	0.099663147	0.1300509011	-0.1056965844	0.0442271625	-0.1523072586	0.0649494005	0.0607342876	-0.0362239327	0.0496972968	-0.0975254242	-0.0441018011	-0.0596562277	0.0786981626	-0.0811062674	-0.1005888472	-0.0052722391	0.0091058387	-0.152740112	-0.0384237014	-0.0571744134	-0.0056599663	-0.1416435515	0.0106537531	-0.0671768034	-0.0035594947	-0.0871513204	0.1246931815	-0.0724420423	-0.0322298303	-0.0392448501	-0.0653937515	0.0670148386	0.0202163406	0.1626457557	-0.0098222279	-0.0095100997	0.0333816191	0.0163479228	-0.0293357888	0.1357080127	-0.0579951578	-0.0224051072	-0.0205610253	0.0133680413	0.085913646	-0.0083023686	-0.0662015622	-0.051689727	0.0915999154	-0.0624952487	0.0608059342	0.0025761698	-0.0101578163	0.0012307166	-0.024971764	-0.1458408759	-0.0165295419	0.0948542869	-0.015075678	0.0281795958	-0.0540076933	-0.0655045805	0.1150787493	0.0	-0.034586384967497	-0.0017912730181279	3.208659025473377e-06	0.0011962180251199	0.0728274554470971	-0.0701424725866531	0.0049199664605693	0.0053038382668989	0.1101030837511274	0.0636389855159081	0.0040499204774939	0.0121226890515077	-0.0006761041509375	-2.43807707035e-05	5.944219800966437e-10	4.5711682291491773e-07	-0.0013789501132288	-5.755961021549987e-05	3.313108728160277e-09	1.90150341477372e-06	-0.0001509660480231	0.0001874653337784	2.279074765571293e-08	3.5143251368646926e-08	0.0	0.0	0.0
545.0114832757845	0.5047157106672557	297037.5169024707	0.254737948594353	638.3939137000822	2.275270860747355	5.17685748976601	407546.789049308	521.6100072971868	2.360967747259224	5.574168703598295	272076.99971257127	586.7379783311458	544.555155686558	0.983409	21.147169	0.1354911412258771	0.0910679818219265	0.106275916	0.0058942689	-0.0180297767	-0.0721211871	0.0225769042	-0.0112006189	0.1122324014	-0.0896170112	-0.0791809496	-0.1389818623	0.0924411134	-0.0095970327	-0.1843993088	0.1283774707	-0.0231985177	-0.0387903187	-0.0776289805	-0.0379785006	-0.0105878252	-0.0245100359	0.1070121787	-0.0387785691	0.0225161241	0.0172831628	0.0779669925	-0.0146840994	-0.1220136973	0.0447912725	0.0300610893	-0.0216335422	0.0204948141	0.1201882338	0.0840413304	0.1810619294	-0.0961882841	-0.042625882	-0.0744297098	0.0385840522	-0.0940997868	-0.1655750903	0.0298292767	-0.089872315	-0.0493612062	-0.1457522719	0.0271753701	-0.1133158101	0.011047538	-0.1817925609	-0.033349677	0.0929240251	-0.0153537741	-0.0807836188	-0.0390661384	0.0601537877	-0.0503009599	-0.0649166735	0.0096609643	0.05641878	-0.0411054309	-0.1217889606	-0.0914767188	0.0735174766	0.0830802568	0.0595393858	-0.103423868	0.0302529036	-0.0607731561	0.0078355248	-0.0500138463	-0.037499745	-0.0428951834	0.0226671558	-0.0229750938	-0.0116985229	0.1052930643	0.0041593641	0.0617984301	-0.0107287773	-0.0140032458	0.1110721201	-0.0240012179	-0.0373607023	-0.0944153563	0.0015505693	0.0488527448	-0.0789934421	-0.0802422156	-0.0521928044	0.0952282867	0.0290562967	-0.1326321179	-0.0561566646	-0.0614178136	0.1156959735	0.0	-0.0326090991505623	0.0019772858169346	3.909659201851107e-06	0.0010633533474112	0.1561040713372108	0.0832766158901137	0.0069349947541095	0.0243684810880529	0.0760502858504637	-0.0340527979006637	0.0011595930448634	0.0057836459779372	-0.0009026267535612	-0.0002265226026237	5.131248949941471e-08	8.147350562444313e-07	-0.0013214147535616	5.753535966719994e-05	3.310317612034057e-09	1.746136950930264e-06	-0.0001905969180955	-3.96308700724e-05	3.6327185187502735e-08	1.5706058626954503e-09	0.0	0.0	0.0
542.6096297883764	-2.401853487408061	294425.2103390789	5.7689001749742665	635.8085859697418	-2.585327730340396	6.6839194732670215	404252.5579928425	520.3758083601376	-1.2341989370492	1.5232470162133755	270790.9819264667	584.12984166038	527.9005363543416	1.040119	22.366659	0.1459655328312514	0.0754092008575322	0.0249346523	0.0726964568	0.166616857	0.0086499963	0.050500065	-0.0433348236	0.0012197696	-0.0425523486	-0.1561902354	-0.1332174928	0.1751246884	0.0012947259	-0.0967714984	0.1108855458	-0.1581592038	0.0394184277	-0.0631365115	0.0127852156	-0.1579815012	0.0367621958	-0.0132706568	-0.063597578	0.0199472408	-0.1140406076	0.0709041735	-0.0010832058	-0.0298337646	0.0111003339	-0.0529765648	-0.0121564192	0.0069218328	0.0075118327	0.0127727962	0.0873257868	0.0395055022	-0.0617028487	0.0173809299	0.1473739696	0.0603440039	-0.1457259848	-0.021464043	-0.1053631314	0.0521369422	-0.0032377796	-0.0172336647	0.0125468308	0.1550409768	-0.1491749571	-0.1589426711	0.0561385365	-0.0572329717	-0.0688636134	0.0139547131	0.0364944759	-0.0145899789	-0.0209394785	0.0328961568	0.013927425	0.0137184904	-0.1175300999	-0.1025030122	-0.0170426027	-0.0116996366	-0.0190232612	-0.1270272234	0.0170879378	0.0312907111	0.0705360271	0.0632176157	-0.0119344157	0.0653711487	0.0387157051	-0.0098702421	-0.1555772076	-0.0480823714	0.0570130711	0.0458126872	-0.0555577398	0.0533881056	0.1579281732	0.0619111912	0.0384852217	-0.1173713386	0.071244122	0.1004270188	-0.0761875705	0.0232322302	-0.0049490028	0.0657451447	0.1287078359	-0.0355863446	-0.0582806721	-0.0572218481	0.1158504512	0.0	-0.0322460243563824	0.0003630747941799	1.31823306168777e-07	0.0010398060867924	0.137372596671625	-0.0187314746655858	0.0003508681431474	0.0188712303163049	0.1468491993397265	0.0707989134892628	0.0050124861512601	0.0215646873467187	-0.0004869971110279	0.0004156296425333	1.7274799975235873e-07	2.3716618614952083e-07	-0.0008140018751432	0.0005074128784184	2.57467829184846e-07	6.625990527366457e-07	7.801958597257523e-06	0.0001983988766927	6.087055795332056e-11	3.936211427294801e-08	0.0	0.0	0.0
540.7630723597148	-1.84655742866164	292424.7004279181	3.4097743373454885	630.7264788352837	-5.082107134458056	25.827812926109477	397815.8911039556	520.5655391666439	0.1897308065063043	0.0359977789375327	270988.48056785867	581.1985942354029	513.0422668259379	1.247775	26.832079	0.167406260394091	0.0956684812035033	-0.0606943046	-0.0253100148	-0.1457135087	0.0941810519	-0.0709413116	0.1403939559	0.0837305218	-0.1833740075	-0.1208751609	-0.1018046723	0.0593786844	-0.1278946484	-0.1507811449	0.117415933	0.1483002276	0.0143114903	-0.184689764	0.1010238809	-0.0629869549	0.0573466412	-0.0369670593	0.1079306338	-0.1239891649	-0.0033217324	-0.0351405048	-0.0231978682	-0.001549967	-0.1344867577	0.1081970962	0.0080095159	-0.1114362271	0.0210627264	0.0995683265	-0.0432455845	-0.0222165478	0.1226164643	-0.0065938385	0.0058623911	-0.0235373767	-0.0306428912	-0.0948211969	0.1196181155	-0.0988373689	-0.0281936551	0.1106270263	0.0801931607	-0.1498362581	-0.2439237774	0.0015730947	0.1134331385	-0.0740295413	0.0235947554	0.0886762016	0.0978723078	0.0207070499	-0.0067337305	0.022762768	-0.0062928372	-0.0240117808	-0.0120324642	0.0802122071	0.0041027075	0.064333556	0.0193089675	-0.1581334938	0.036499921	0.0100787978	-0.0222427503	-0.0576961181	-0.0154253071	-0.1678314193	-0.0790623847	0.0389006438	0.1386463779	-0.0293058682	-0.0682801476	0.060091257	0.0117154663	-0.0697492979	0.0745012658	0.1273888266	-0.0329248205	-0.1651459095	-0.0119621793	0.0521990837	0.0567353413	0.0401268838	0.0313211374	0.0162779554	0.017776312	-0.091548024	-0.0603787714	-0.0529241442	0.1155415645	0.0	-0.0281458865377146	0.0041001378186678	1.6811130132069947e-05	0.0007921909289939	0.1736721144807376	0.0362995178091126	0.001317654993174	0.0301620033482104	0.0590057199291038	-0.0878434794106227	0.0077164768749644	0.0034816749843518	-0.0006240869678788	-0.0001370898568509	1.8793628851400266e-08	3.894845434761544e-07	-0.001321459775369	-0.0005074579002258	2.57513520501578e-07	1.746255937918288e-06	-0.0001309127914398	-0.000138714750037	1.713815896256057e-08	1.9241781877843348e-08	0.0	0.0	0.0
538.4689418218966	-2.294130537818205	289948.80130679306	5.263034924550047	624.613687375171	-6.112791460112703	37.3662194348268	390142.2584564079	518.318883366796	-2.2466557998479857	5.047462282990592	268654.46485460224	577.9100930723986	485.7579920296018	1.183913	25.458794	0.1840884397436271	0.0943941536857015	-0.1800226155	-0.0430476957	0.1059236522	0.1924876208	-0.0192070417	-0.1042336105	-0.0794790665	-0.0675069272	0.0362518645	-0.0308902861	-0.056305459	0.0054681088	0.0477731417	0.0027480623	-0.1306046185	0.0322269678	-0.140530348	0.1003573493	-0.0702339259	0.0937198617	0.0129585547	-0.0769677549	0.1072776127	0.0917553808	0.0575862913	0.1326619593	0.0090414344	-0.1149750985	0.0587667812	0.0152547489	-0.1311856543	-0.0600679113	-0.0595018391	-0.1309975729	0.0732219272	0.008806326	-0.0039290017	-0.0450298538	0.0309414707	0.0565143383	0.077662603	-0.078476201	0.0910810901	-0.054409109	0.0406352196	0.1820499714	0.0991256602	0.021115612	-0.1226725802	0.0441386722	-0.0057854198	0.1086354255	0.1143505722	-0.0400883003	-0.0589074049	0.0480813478	0.0739064815	0.07657223	0.0063904075	-0.1195631635	0.0246114245	0.0882082439	-0.1290283784	0.1033107969	-0.1035029873	-0.1476732814	0.0115188318	0.015221492	0.0632635288	0.0179873204	-0.0021271518	0.063264942	0.106290348	-0.0364464572	-0.2210423799	0.1065289532	-0.0122048766	-0.017607735	0.0211805232	-0.0492939384	0.0267032967	-0.0054922796	-0.0661501704	0.102423782	0.0763867525	0.0065037807	0.0055323553	-0.0297796267	-0.018075088	0.0665520753	0.0018780112	-0.06245003	-0.0485323432	0.1147705489	0.0	-0.039990011269694	-0.0118441247319794	0.0001402832906666	0.0015992010013502	0.118989929991784	-0.0546821844889536	0.0029901413004839	0.0141586034394496	0.1353028587429463	0.0762971388138425	0.0058212533911787	0.0183068635840136	-0.0003719800067626	0.0002521069611162	6.355791984324523e-08	1.3836912543110392e-07	-0.0009220079074645	0.0003994518679045	1.5956179477239413e-07	8.50098581427066e-07	4.282821371653112e-05	0.0001737410051563	1.8342558901488647e-09	3.0185936872732274e-08	0.0	0.0	0.0
539.7985777046792	1.329635882782668	291382.5044919946	1.7679315807832447	628.2110978897008	3.59741051452977	12.941362410049344	394649.18351178325	518.9542613351817	0.6353779683857965	0.4037051627100622	269313.52535794413	579.2914374086762	489.8106099888039	1.016533	21.859467	0.1439580284191265	0.0774602421955636	-0.1913135571	0.0004848009	-0.1089932417	0.178831709	-0.0121823479	0.0571405832	0.0551454493	-0.0307345674	-0.0015097908	0.0082089225	0.0588056945	-0.1619653459	-0.0130797083	-0.0039709719	0.1594560765	0.0648976739	-0.0581304639	-0.0110961981	-0.0659850935	0.2278998919	-0.084901942	-0.0490263923	-0.0258175115	-0.0133848261	-0.0604388285	-0.049654698	-0.0569356735	0.061175021	-0.0204653011	0.0031805942	0.0195816941	0.0164782318	-0.001265946	-0.0077766686	0.0085135153	-0.0569194722	0.0148081839	-0.052960086	0.1028381992	0.0127326246	-0.0568044169	-0.115442563	0.0744624498	-0.1177083119	0.0416597997	0.1571049639	-0.0857331084	-0.0695016433	0.0953424634	-0.0847536363	-0.1333585564	0.0811053499	0.0725700048	0.0389228726	-0.0203932332	0.0080147389	-0.0356687314	0.0346688466	-0.0175663485	0.0481602851	-0.0519160409	0.0585994008	0.0292593419	0.0616979055	0.0252158072	-0.0671939421	-0.1052011821	0.0484794925	-0.0199105417	0.0216258709	-0.156391633	-0.0418303698	0.0560146002	0.0847438909	-0.1581097228	-0.1543422015	0.0836330081	0.043889503	-0.0776644388	0.0305030522	-0.0264530224	-0.0826403074	-0.0287140784	0.0407907255	0.0309575902	0.0230487342	0.082000785	-0.0834006425	0.025903216	0.0267717758	0.0739673346	-0.064493527	-0.0440542534	0.1135404882	0.0	-0.0399294448368436	6.0566432850399365e-05	3.668292788221935e-09	0.0015943605649785	0.1794931240924597	0.0605031941006757	0.003660636496384	0.0322177815964711	0.0938001832259374	-0.0415026755170089	0.0017224720750701	0.0087984743732194	-0.0008830648261011	-0.0005110848193385	2.612076925582672e-07	7.79803487096966e-07	-0.0010869463604141	-0.0001649384529495	2.720469326140739e-08	1.1814523904174584e-06	-0.0001189803613672	-0.0001618085750837	1.4156326391069498e-08	2.6182014970627452e-08	0.0	0.0	0.0
538.7302972020657	-1.0682805026135611	290230.333123426	1.1412232322642828	625.5072425799182	-2.703855309782625	7.310833536239696	391259.3105199326	515.7447592284018	-3.2095021067799507	10.300903773424942	265992.6566715621	576.9209528245343	490.42779135662863	0.971459	20.890184	0.1372357162137556	0.0816196787623588	-0.1802505544	-0.0579009083	-0.0230075631	0.1822892457	-0.0667083752	-0.0658799379	0.0617616477	0.0630635196	0.0656054022	0.0202419867	-0.0622790296	0.1005536746	0.2010899436	-0.1584411114	-0.0310674099	0.0208062139	-0.1140150721	0.060558856	-0.0530945583	0.168992759	-0.001851081	-0.0541601547	0.1102508679	-0.0960990838	0.0971447945	-0.0199591176	0.0539958116	-0.1213418704	-0.0261652234	-0.0617494373	-0.0031609544	-0.1167550542	0.0221603394	0.0267812538	0.0574786571	0.0784629487	0.0222662998	-0.052041054	0.0575586772	-0.019715692	-0.0220775788	-0.0711079268	-0.0253065429	-0.0991924675	0.0530121818	0.1782582879	-0.0084623525	0.1945118269	-0.0552679343	0.0679821329	-0.0204853955	0.1259815058	-0.0159252608	0.0018273911	0.0349786638	-0.0593346974	-0.0804861334	-0.0074278326	-0.0118981051	-0.0525604174	-0.0607006824	0.0079047225	-0.1444637255	0.0879542181	0.066558541	-0.0075607759	0.0968468048	-0.0321204302	0.0576536662	-0.0342320229	-0.0026423393	0.0200165965	0.1527571777	0.0425761005	-0.1812123965	0.0764807608	-0.0256070988	0.0786384134	-0.0839111712	-0.1827099632	-0.1103496848	0.0222363588	-0.0356837872	0.0787338747	0.0413156854	0.0050775801	0.0459489149	-0.0899086966	0.0963145453	-0.0263473432	-0.0634793184	-0.066508354	-0.0394978367	0.1118563022	0.0	-0.0397335409883226	0.000195903848521	3.83783178653392e-08	0.0015787542794707	0.1149226139907	-0.0645705101017597	0.0041693507748014	0.0132072072064554	0.1083191172677473	0.0145189340418099	0.0002107994457104	0.0117330311656639	-0.0001241930320577	0.0007588717940434	5.758863997946485e-07	1.5423909211684903e-08	-0.0013119805275128	-0.0002250341670987	5.06403763618057e-08	1.7212929045727652e-06	-0.0002940817646584	-0.0001751014032911	8.648408430459856e-08	3.0660501434547465e-08	0.0	0.0	0.0
540.6397712471462	1.9094740450805148	292291.36225416657	3.646091128836144	632.0885401149254	6.581297535007252	43.31347724429253	399535.9225446177	517.5515520500414	1.8067928216396467	3.264500300328556	267859.60902940674	579.6126482473948	496.3624644930087	1.114343	23.962767	0.1631603066908462	0.1066090378184135	-0.1657755344	0.0680275815	-0.000679698	0.1492131914	0.0948535681	-0.0488844062	0.0583380412	0.0960306795	0.0605478854	0.058507634	0.0349526508	-0.198713719	0.1180970798	-0.0636420513	0.1290085928	0.0937759445	0.1629239331	-0.1291876738	-0.1132392106	0.1784106869	-0.0349275584	-0.042720371	0.0502146637	-0.0235742753	-0.1128962264	-0.0671656183	-0.0961011336	-0.061916265	-0.1315580027	0.0706173076	-0.0809055362	0.1739251399	-0.0095835823	-0.0258678956	-0.0488199687	3.21896e-05	-0.1406777939	0.1302245564	0.0140239401	0.0219371115	-0.0242811662	0.0399419045	0.1972140703	-0.0382750913	-0.05939225	0.1397834174	0.0126326283	0.051530581	0.2023833897	-0.228681729	-0.1616824692	0.0313911183	0.0521860215	0.1049054405	-0.0057387107	0.0587452895	0.0403251728	-0.0026233524	-0.0565613705	-0.0642163937	-0.1114864023	-0.0284345007	0.0322744386	0.0202121439	0.0686079508	0.1320350413	-0.1078026237	0.1197765599	-0.0253621143	0.0280380341	-0.0980476606	0.0560358107	0.0315827725	-0.0268526168	-0.1403218576	-0.2478939964	0.1059265057	-0.0282202236	-0.1509161269	0.0030980647	-0.1815782243	-0.0165879828	0.0535802821	0.0062896982	0.0127773189	0.0436411127	0.1606814372	-0.008262353	0.0494527891	-0.102632036	0.011708239	-0.0684936154	-0.0348711943	0.1097247271	0.0	-0.0399432157120429	-0.0002096747237202	4.3963489767183696e-08	0.0015954604814187	0.2001985000632373	0.0852758860725373	0.0072719767454563	0.04007943942757	0.1176834279388359	0.0093643106710886	8.769031434466386e-05	0.0138493892114351	-0.0010978389002063	-0.0009736458681486	9.47986276562841e-07	1.2052502508061783e-06	-0.0015667643762276	-0.0002547838487148	6.49148095659261e-08	2.4547506106158607e-06	-0.000431860752265	-0.0001377789876066	1.865037093468917e-07	1.8983049425899648e-08	0.0	0.0	0.0
540.8063145164017	0.1665432692554986	292471.4698208132	0.0277366605343095	630.0280567320053	-2.060483382920097	4.245591771289847	396935.3522695069	516.4908628308134	-1.0606892192280384	1.1250616197865857	266762.8113877181	578.4790380381822	502.2647847651612	1.337721	28.766256	0.1823774898663734	0.1104962592383112	-0.1076536597	-0.1481086536	-0.0539087031	0.0676205227	-0.1518149741	-0.0214512106	-0.017684023	0.0408985387	0.0835988659	0.0870358509	-0.0445181111	0.1157289166	0.1081471977	-0.2564401403	0.0303005209	0.0470309428	-0.0281358381	-0.0613690117	-0.0483973963	0.0640383239	0.1024665549	-0.0056118678	-0.1026960818	-0.0068657298	0.0303537469	-0.0058856126	0.0983701003	0.0630129329	-0.0729361256	-0.0139001201	0.1718046289	-0.1806372291	0.0107610122	-0.0149787421	-0.070877999	0.0875550828	-0.1027733639	-0.0061631076	-0.1326974153	0.009840985	-0.0296405472	-0.0017946853	0.1022098049	0.1449112665	0.1374166092	0.0765828756	-0.0073058264	0.2068186123	0.0530489996	-0.0552989122	-0.0011997529	0.0445451657	-0.1294384089	-0.1073734774	-0.0119241544	-0.1409060079	0.0142095493	-0.0931750214	-0.0143806662	0.0775863046	-0.1229031561	-0.0089676348	-0.0540583257	-0.0750496398	-0.1593368309	0.0503534552	0.1056900388	-0.1148176173	-0.0122996114	-0.0564900183	-0.0433439119	-0.0187868178	0.1889634278	0.0213790833	-0.0862208487	0.0371291908	-0.0929928187	0.1076949771	-0.0203290054	-0.093635468	-0.0271048289	0.0796454364	0.1374582619	-0.0511076556	-0.0161868174	-0.0554701516	-0.0674188018	0.0705791146	0.1090905207	-0.064631234	0.0172137343	-0.0704484286	-0.0301825523	0.1071542885	0.0	-0.0406812068389257	-0.0007379911268827	5.446309033577395e-07	0.0016549605898714	0.1289398413461242	-0.0712586587171131	0.0050777964421619	0.0166254826863636	0.0577022469391934	-0.0599811809996425	0.0035977420741118	0.0033295493018316	-0.0003011728753529	0.0007966660248534	6.346767551557181e-07	9.070510084833347e-08	-0.0015669667671065	-2.023908788999218e-07	4.0962067861882815e-14	2.455384849216196e-06	-0.0002207359875426	0.0002111247647224	4.8724376196406864e-08	4.457366627908877e-08	0.0	0.0	0.0
544.0056706151166	3.199356098714929	295942.1696614028	10.235879446384413	637.0348601260428	7.0068033940374335	49.0952938026945	405813.4130158069	518.4558887970753	1.9650259662619192	3.861327048083589	268796.5086283653	582.8342883896087	518.3092260871321	1.459173	31.377962	0.2103465101806202	0.1350822001146952	-0.0521114731	0.1253834486	0.0352917871	0.0233459654	0.1869709941	-0.0261146897	0.004852154	0.0798685898	0.1218690894	0.026977967	-0.0208709708	-0.1841961691	0.1046957607	0.0335857872	0.0171180675	-0.0007989733	0.2600330719	-0.0609760376	-0.0528424791	0.0080897947	-0.0122056596	0.1148317809	-0.1512610402	0.1009042603	0.0668313274	-0.1412374126	0.0211401596	-0.0036918311	0.0195636651	-0.0262498357	0.1030707744	-0.0445377114	0.1350930929	-0.1122319443	-0.1228993892	0.0241918263	0.0197266139	0.0270726946	-0.0845263511	-0.0595650044	0.1584191287	-0.0238635406	-0.008888062	-0.0388810451	-0.1485988551	0.0350613607	0.0679175217	0.0357343862	0.1306365777	-0.1542668003	-0.0522764685	0.0219060661	-0.0590843139	0.1011013177	0.0206876056	-0.0019151376	0.1043759653	0.0196295792	-0.0556439368	-0.0345126383	0.0612485901	-0.2384757543	0.077434093	0.0999140333	-0.1032912688	0.0992972078	0.0897199452	0.1572483526	-0.0192117304	0.0346252186	0.0593539358	0.0891731069	0.0123432764	-0.0286486276	-0.0341213938	-0.1074378874	0.0680562094	-0.1060329463	-0.0987312696	0.1214117324	-0.1873130344	0.0734927212	0.0525591148	0.0837318697	-0.0971401523	0.0226124804	-0.0327380352	0.023792144	-0.009275345	-0.0426831335	0.1082334805	-0.0723719246	-0.0254402467	0.1041552675	0.0	-0.0264803170584571	0.0142008897804685	0.000201665270557	0.0007012071915164	0.1603145944641824	0.0313747531180581	0.0009843751332191	0.0257007691982152	0.1490721237574419	0.0913698768182484	0.0083484543897819	0.022222498081554	-0.0016636886275748	-0.0013625157522219	1.8564491750528105e-06	2.7678598495217216e-06	-0.0016703166311062	-0.0001033498639997	1.0681194388756508e-08	2.7899576481499656e-06	-0.0002228901805979	-2.154193055299997e-06	4.968003260696448e-08	4.640547719502738e-12	0.0	0.0	0.0
545.9669873965796	1.9613167814629835	298079.9513268969	3.846763517248316	641.4027821061302	4.367921980087431	19.0787424241309	411397.5288934839	519.49215804947	1.0362692523947317	1.073853963458736	269872.1022748956	584.0942081786684	535.961324793893	1.294374	27.834131	0.2034948552937224	0.1334228393814843	0.055977023	-0.0636057657	0.02722429	-0.1092378764	-0.0231078569	-0.0153883258	0.0441602136	-0.0115089005	-0.0472880327	0.0533888071	0.038118053	0.0867568195	-0.0384014293	-0.0417876046	-0.0267329231	-0.0660014771	0.1658202927	-0.0708553214	0.0330750202	-0.1343886595	-0.0362682202	-0.0858243172	-0.0816007212	0.0060637989	0.0170450243	0.0478848394	-0.0175557967	0.0086395159	-0.183551973	-0.0854731381	0.0305168419	-0.0774806549	-0.0087934096	0.1232895653	0.045604604	-0.0250646092	-0.0036914446	-0.1060469643	0.0468141868	-0.0296319395	0.1591034403	-0.0114919139	0.0556808052	0.1016517092	0.0358073225	-0.0848041043	0.0281336472	0.0441987949	0.0435723242	-0.0489742352	-0.0063940981	-0.0637702208	-0.1184471578	-0.156364467	-0.0612109822	-0.10758853	0.1363556738	-0.0355747465	-0.0676128675	-0.0305719349	0.0051650096	0.0877938294	-0.0340795474	-0.006162364	-0.124700409	-0.0145633003	0.0074703456	-0.0567487305	-0.0373117995	-0.0800099523	-0.0569132103	0.0265593659	0.057031119	-0.0496868782	0.0901726696	0.0489156618	-0.1452871112	-0.0226786872	0.0338036809	0.0204564433	-0.0571347842	-0.0048704891	0.1047929029	-0.0226574768	0.0108897023	-0.040850157	-0.1309760972	0.0646769705	0.0628639864	0.0234511904	-0.2010031505	-0.0742632484	-0.0206527093	0.100739659	0.0	-0.0332757247460904	-0.0067954076876332	4.617756564114572e-05	0.0011072738573775	0.1779096186829463	0.0175950242187639	0.0003095848772588	0.0316518324199113	0.0532208645682317	-0.0958512591892102	0.0091874638881571	0.00283246042539	-0.0003221493381685	0.0013415392894063	1.7997276650207603e-06	1.0378019608240258e-07	-0.0013489656453611	0.0003213509857451	1.0326645603934753e-07	1.819708312364489e-06	-0.000220717171787	2.1730088108999884e-06	4.871606992165207e-08	4.721967292248982e-12	0.0	0.0	0.0
546.8015085263363	0.8345211297566948	298991.88972667704	0.6964255160103903	645.1200030442685	3.717220938138325	13.817731502933972	416179.818327837	520.4160208179678	0.92386276849777	0.8535224150163643	270832.8347240075	587.6170285330708	552.762420002043	1.235712	26.572662	0.150703721789198	0.0976548543647928	0.1293363088	0.1313695059	0.0994441816	-0.1514724403	0.1419880666	-0.0170255668	-0.015351227	0.0720329295	-0.0593446448	-0.0743088738	0.1129122089	-0.0726628903	-0.001631068	0.1226036151	-0.1260687568	-0.0644691379	0.1227790717	-0.0888830054	0.0511115708	-0.1294144242	-0.0297355675	-0.0031657211	-0.1125249399	0.0751111439	-0.0073585456	-0.0755063575	0.0047371868	0.0960343787	0.0251796797	-0.0353146772	-0.0867785251	-0.0102047771	-0.0397473874	0.0081605085	-0.0647052054	-0.0063116596	-0.0693416726	-0.0943844009	-0.0534162445	0.0026890934	-0.0150726576	-0.0076219064	-0.0137047734	0.0179141632	-0.1572000177	-0.1183829043	0.1203021017	-0.0507121817	-0.0634070968	-0.0540964879	0.0017127769	-0.1098288228	-0.1297241945	0.0597361178	0.0516692835	0.0117984285	0.1080375248	0.0206357973	-0.0621257474	-0.1121142662	-0.0008899123	-0.0860686515	0.1249234656	-0.0181162357	-0.1014749241	-0.0729659562	0.0040239035	0.1308950799	0.0125289228	0.005913878	0.1299693191	0.0577938674	-0.0342162553	-0.090841227	0.0844541103	-0.0345117319	0.0184100821	-0.1527264187	-0.0311225297	0.1902261574	-0.0378951009	0.010936628	-0.0185594572	0.1260380634	-0.0102017226	-0.0248845704	-0.1104520429	-0.01608552	0.0226361271	0.1042061781	0.0066412772	-0.0761215592	-0.0158284522	0.0969211244	0.0	-0.03154106474868	0.0017346599974103	3.009045306615838e-06	0.0009948387654804	0.1407948100755476	-0.0371148086073987	0.0013775090179638	0.0198231785442095	0.1309497075162156	0.0777288429479839	0.0060417730260323	0.0171478258985824	-0.0009861474623949	-0.0006639981242264	4.408935089761778e-07	9.72486817587901e-07	-0.0013308939864522	1.8071658908900027e-05	3.2658485571962567e-10	1.7712788031746287e-06	-0.0002211555933798	-4.38421592799989e-07	4.890979648317144e-08	1.9221349303327942e-13	0.0	0.0	0.0
544.6197312890645	-2.181777237271831	296610.6517093728	4.760151913077503	640.0955107737395	-5.024492270528981	25.245522576605477	409722.2629126945	520.7503287931145	0.3343079751466575	0.1117618222466582	271180.9049381368	585.8313962807609	549.1911501316209	1.313123	28.237314	0.1789919351306584	0.1209866364625452	0.1120078423	-0.0248720158	-0.0884199689	-0.0711199026	-0.093888935	0.066096904	0.1107554312	-0.1262622057	-0.1319451004	-0.1018751455	0.0623863431	0.0225436603	-0.1499964702	0.029627208	0.034755172	-0.0375180099	-0.0547528789	-0.0416284245	0.0706210167	-0.0432731853	-0.0523544689	-0.008495461	-0.1538376968	-0.0940959655	-0.0171255341	0.0069909057	0.0646382557	0.1118619314	-0.0536115063	-0.0464251989	-0.0436187458	-0.0922528799	0.0322113968	0.0978774029	0.0820440418	-0.0412802091	0.0291993323	0.1191794652	0.0621416557	-0.0595069149	-0.0172837012	0.0562285642	-0.056600826	0.0130385923	0.0721560929	-0.0928582296	-0.0740727114	-0.1478330934	-0.012252449	0.1176294613	-0.0059596212	-0.0442100127	-0.0953970672	-0.0146723916	-0.0075814306	-0.0671288413	0.0285315075	-0.1313585964	0.0808110276	0.0495074043	0.0392013772	0.0160574749	0.0975805033	-0.0268458399	-0.0997922587	0.0036344595	0.0494192537	-0.0707439942	-0.04687081	-0.036954644	-0.0394887976	-0.0439493989	0.0321961251	0.0564171582	0.1604620327	0.0395453017	-0.0816767483	0.0494481972	-0.0213779886	0.0839161724	0.1465920405	-0.0196379592	-0.0301572203	0.042092659	0.0297156237	0.062195285	0.0134010332	0.0330709907	-0.1352053373	0.1264092877	-0.034134924	-0.0779460309	-0.0109760526	0.0927149366	0.0	-0.0445767662497189	-0.0130357015010389	0.0001699295136241	0.001987088089282	0.1670785107602341	0.0262837006846865	0.0006908329216821	0.0279152287578576	0.020492258134837	-0.1104574493813786	0.0122008481238398	0.0004199326434647	-0.0005470611423823	0.0004390863200126	1.9279679642220747e-07	2.992758935046271e-07	-0.0013139745024044	1.6919484047799895e-05	2.8626894044375507e-10	1.7265289929688907e-06	-9.285972616911044e-05	0.0001282958672106	8.622928744202174e-09	1.6459829543342884e-08	0.0	0.0	0.0
542.8712924890887	-1.7484387999758155	294709.24020877364	3.05703823726087	634.8585583099538	-5.236952463785769	27.42567110795184	403045.38905939297	519.6959863764979	-1.0543424166165778	1.1116379314768854	270083.91825584107	582.5747061072183	527.557913136194	1.202877	25.866587	0.1863374692153029	0.1206044885906012	0.0018814795	0.0245571158	0.1959055597	0.0307518464	0.0482273626	-0.0906870488	-0.1271956087	-0.0392658767	-0.0028655189	-0.0977029799	-0.068588392	-0.003468873	-0.043623566	0.0728647542	-0.1687757405	0.1786847774	-0.0185367111	0.149643161	0.026095692	-0.0948133828	-0.0660932182	-0.0826368486	-0.0181942338	-0.0484454083	-0.0671007875	-0.019133444	0.0146630824	-0.0977791905	-0.0159574904	-0.1135896274	0.0389397676	0.0897160907	0.0537833964	0.0975663273	0.0709058402	-0.0348293322	0.0437133047	0.1113233752	-0.0571601338	0.2410830281	0.0370096891	0.0249577336	0.0400757128	-0.1007292131	-0.0065693657	0.0454903773	0.188368099	-0.0670423455	-0.0681750991	0.1381360052	0.0426431426	0.064973383	0.0616736511	0.0013158872	-0.0583260924	0.0271549117	0.2112094299	-0.0991624856	0.0509834965	0.0919233763	0.0627327546	-0.1402130034	0.065205457	0.0114051659	0.000265561	-0.0802686154	0.1711966504	0.0463729659	0.0726119601	0.0176724808	0.176052764	0.1160941409	0.087321074	-0.0441401945	-0.0349679877	0.0766603848	0.0171629879	-0.0404150382	-0.0755550165	0.1347815841	0.1549629966	-0.0417236194	-0.0792008449	0.0454397548	0.0026621758	0.1534855616	-0.1571679239	-0.0562067147	-0.1248991095	0.0916659535	-0.0016530277	-0.0797358525	-0.006104138	0.0881379191	0.0	-0.0499295911174044	-0.0053528248676854	2.865273406411228e-05	0.0024929640691511	0.0777517695025267	-0.0893267412577074	0.0079792667037214	0.006045337660774	0.0997446424170576	0.0792523842822206	0.0062809404144167	0.0099489936909066	-0.0006351491968651	-8.808805448279995e-05	7.759505342564732e-09	4.034145022783815e-07	-0.0013459288847144	-3.19543823099999e-05	1.0210825488136343e-09	1.8115245627085489e-06	-0.0002209276655301	-0.0001280679393609	4.880903339657973e-08	1.6401397092170095e-08	0.0	0.0	0.0
542.3062380634886	-0.5650544256000103	294096.05584257323	0.3192865038901575	631.9639852275956	-2.894573082358193	8.378553329112608	399378.47862474463	519.2398046391271	-0.4561817373707981	0.2081017775106398	269609.9747216789	581.0194823376492	517.1875130977861	1.226231	26.368788	0.1599138260552779	0.1009074028072488	-0.0569080779	-0.0364903192	-0.1618586232	0.0691320455	-0.0871804348	0.1568830313	-0.0329316711	-0.0594525975	-0.0423680864	0.001999647	-0.0747081862	0.0040878358	-0.039424676	-0.0203189285	0.1435914672	0.0176054753	-0.1620465504	-0.0198490513	0.0168632597	0.0706291051	-0.0344918284	-0.0843554551	-0.1012847278	-0.0924890251	0.0536926612	0.0010971252	-0.034233248	0.0455837215	-0.0345206222	0.0062750548	0.0131780229	-0.0042969566	-0.0609678789	-0.0772356155	0.0258817514	-0.2852507357	-0.1686960482	-0.1213253385	-0.0994509159	0.1286375577	-0.0689234856	0.0037050324	-0.0759264567	-0.0575519446	0.0825882784	0.0697482256	-0.1687985959	-0.0732926696	-0.0197442798	0.0049527451	-0.0424739474	0.0929210764	0.0545331076	-0.0699937223	-0.0226016257	0.0026735783	0.0683375921	0.0106299551	0.0134488281	0.0736699904	0.019710401	0.0038555644	0.0909350863	-0.0073170925	0.0219872666	0.0262344494	-0.0226943942	-0.0548293087	-0.0153430691	-0.018832094	-0.0309594323	-0.1370822893	0.0989184599	0.1303473792	-0.0106491785	-0.0441719566	-0.0453023809	-0.0092441656	-0.0603996975	0.0785000892	0.0868244819	0.0112448645	0.0290013454	-0.0112578114	-0.0483672029	0.0545706408	-0.0116178949	0.0036895539	-0.06632302	0.018799859	-0.0056184077	-0.0814902283	-0.0012213705	0.0832083783	0.0	-0.0498133288467244	0.0001162622706799	1.3516915583669164e-08	0.0024813677307919	0.1525509500727082	0.0747991805701814	0.0055949174139706	0.0232717923680859	0.0352076569217061	-0.0645369854953515	0.0041650224968272	0.0012395791059165	-0.0003161589367492	0.0003189902601158	1.0175478604880952e-07	9.995647328638465e-08	-0.0014359657100269	-9.003682531250013e-05	8.106629912353665e-09	2.06199752037306e-06	-0.0002207267965772	2.008689528999828e-07	4.872031872723264e-08	4.034833623913549e-14	0.0	0.0	0.0
542.3457492352692	0.039511171780532	294138.91171356547	0.0015611326954707	632.630605579096	0.6666203515004554	0.4443826930345907	400221.48311537376	518.0802934197557	-1.1595112193714383	1.3444662678482402	268407.19042990013	581.0146937886491	517.6305133839345	1.03194	22.190767	0.1404509032776355	0.092014837448877	-0.0609104832	0.0456820037	0.0906203328	0.0550391082	0.0835437768	-0.0824108577	0.0286136404	-0.0055743647	0.0015894841	0.0276792917	-0.1580287952	0.0826852917	0.1051950081	-0.0166678791	-0.0745985087	0.1181436166	-0.0312709552	0.189705643	-0.0070531183	0.0408326602	-0.0421571143	-0.0202113144	0.0204055453	0.1181394442	0.0159944366	-0.0336428019	-0.047991272	-0.0598917961	0.0245749162	0.0287595792	-0.0785792213	-0.0136051184	0.1032860101	-0.0018259076	-0.1090802423	-0.03732375	-0.0132340101	-0.1010661472	0.0215801841	0.0759700989	0.0882624792	-0.1181942119	-0.1146141995	-0.0379388117	-0.0381576433	0.0916419764	0.081887427	0.0866818735	0.0082344821	0.1330428124	0.0289283748	0.1121272349	0.0179896182	-0.0069922754	0.0321516641	0.0181686257	0.0309887682	0.0556716814	-0.0669050256	-0.0447762062	0.0926649574	-0.002045574	0.0739732642	0.1001736265	0.0515044844	-0.113037673	-0.0149340633	0.0608742844	-0.0079016364	0.0230116887	0.040558536	0.1374681878	0.1319056689	0.0210487605	-0.0764757438	0.0607307192	-0.0588915092	-0.0562484076	0.0377425314	-0.0080925256	0.0367611943	0.0223421067	0.0225574283	0.0416816015	-0.0533061429	0.0064303271	-0.0272579092	-0.0977780133	-0.0991979366	0.0884938346	-0.0867478426	-0.0832083783	0.0036635686	0.0779460309	0.0	-0.042841247039135	0.0069720818075894	4.860992473171912e-05	0.0018353724478681	0.1743866677207961	0.0218357176480879	0.000476798565207	0.0304107098787633	0.1082254917045943	0.0730178347828882	0.0053316041963811	0.0117127570547012	-0.0009981491334983	-0.000681990196749	4.65110628461876e-07	9.96301692703407e-07	-0.0013458942099544	9.007150007250006e-05	8.112875125310381e-09	1.8114312243887787e-06	-0.000221170480537	-4.436839597999926e-07	4.89163814609675e-08	1.9685545618380145e-13	0.0	0.0	0.0
543.057738456266	0.7119892209967702	294911.70729723416	0.5069286508155877	635.2917755687304	2.6611699896343453	7.081825713730462	403595.6401052701	517.7084509576117	-0.3718424621439453	0.1382668166532714	268022.04019292985	581.2885260914172	521.3916590267306	1.041234	22.390621	0.1327882971802347	0.0919444021729312	-0.0316983415	-0.0488170291	-0.0908252009	0.0455398059	-0.0667608119	0.0277891305	0.0789808681	0.1428310053	-0.0452026156	0.0979210185	-0.0102283141	-0.176125849	0.0555791714	-0.1150375068	0.2148211115	-0.0500349774	-0.0514470453	-1.28363e-05	-0.034747041	0.049632529	-0.0949736412	-0.0329470145	-0.1120127579	-0.0269883353	-0.0778221022	-0.0121873374	0.0136261716	0.0633445909	-0.0358430962	0.0630145275	-0.019920335	-0.0876701726	-0.1039207113	-0.0491463228	0.0564853261	-0.1116289721	-0.0514399547	-0.028258703	-0.0527531293	-0.0221047809	0.0142909129	0.0211554856	-0.0671146635	0.0919711582	0.0694253781	0.0267853925	-0.1433923925	0.0844697558	0.0575883779	-0.1181046615	-0.1500180436	-0.00642597	0.0047873599	0.0667899745	0.0091198316	0.0242939821	0.0076549307	-0.064379264	-0.0533636801	0.0487148526	-0.016506876	0.0689753777	0.0558030237	-0.044693912	-0.0205149557	0.007541403	-0.0372077944	-0.0540761014	-0.0610142324	-0.0370974859	-0.0754396876	-0.0921028698	0.0399033251	0.033546285	-0.0411705056	-0.1659014293	-0.0951245502	-0.1181067021	-0.0156684476	0.009629659	0.0743479353	-0.0027351734	0.1105413807	-0.0909128737	-0.0656591659	-0.0208181839	0.0486351295	-0.05077949	-0.0546773645	-0.0021519451	-0.1046574252	-0.0848895389	0.0085419939	0.0723719246	0.0	-0.0458670126244271	-0.003025765585292	9.15525737713804e-06	0.0021037828470893	0.1945556132034482	0.020168945482652	0.0004067863618821	0.0378518866289697	0.0194195828503538	-0.0888059088542405	0.0078864894474276	0.0003771201980817	-0.001001196110887	-3.0469773887001773e-06	9.284071207250151e-12	1.002393652455254e-06	-0.0017578913351616	-0.0004119971252071	1.697416311789972e-07	3.090181946236233e-06	-0.0002218799231021	-7.094425650999877e-07	4.923070027579381e-08	5.033087531756504e-13	0.0	0.0	0.0
543.3350693825072	0.277330926241234	295212.9976208939	0.0769124426498207	635.3174369510284	0.0256613822980398	0.0006585065414461	403628.245694024	516.6231660998507	-1.085284857761053	1.177843222485429	266899.4957510339	581.3192151591965	526.945206643798	0.941791	20.252203	0.14272819408963	0.0701065031247516	-0.0135392017	0.0226873151	-0.014445017	0.00770253	0.0339457299	-0.0305940938	0.0916925559	0.0927085114	0.1012625319	0.0760957508	-0.0970233343	0.1039598227	0.1958228637	-0.0965824732	0.0383056984	0.0512813795	0.0763767957	0.1095840399	0.1006329678	0.0130696051	0.088068107	0.0960048287	-0.0844756932	-0.0752449796	0.005593543	-0.0640767401	0.1180455189	0.0231289791	0.1262793247	0.0256791792	0.0289425599	-0.100695028	0.1191600885	0.1244418166	0.177427863	-0.164804993	-0.0306056255	-0.0490819447	0.0168026162	0.0353394091	0.0163690546	0.0028437576	-0.0677563299	0.0078139019	-0.0480557301	0.0370227254	-0.0165456467	0.191481474	0.0716401662	0.073088624	0.0637079884	0.0773335779	-0.1180398716	0.0123979849	0.0617327737	-0.0136851572	0.0010834309	-0.0322344416	0.0156984643	0.0512699498	-0.0264859456	-0.0626071102	0.0571246313	0.0733253867	0.0031288748	0.0378679934	0.0917988906	0.0075695186	-0.0070759749	0.0031401975	0.0394906256	0.0692019184	0.1217122962	0.0693898127	0.0007245373	0.1318050898	-0.0605717637	-0.0592388247	0.0285083662	-0.0669413783	0.0540650608	0.0632677078	0.0252214974	0.0916683387	-0.117303722	0.0910955669	-0.0208506817	-0.0428222797	-0.0035214238	0.0179416043	0.0421345424	-0.0865329627	0.013405232	0.066508354	0.0	-0.0499291767876997	-0.0040621641632726	1.6501177689376213e-05	0.0024929226946973	0.1570205364890426	-0.0375350767144055	0.0014088819839563	0.0246554488793067	0.0730228048888506	0.0536032220384968	0.0028733054129083	0.0053323300338351	-0.0004636486747612	0.0005375474361258	2.8895724608542124e-07	2.14970093607817e-07	-0.0013459526666226	0.0004119386685389	1.6969346663768405e-07	1.811588580788488e-06	-0.0002208114042978	1.068518804299987e-06	4.875767626796649e-08	1.1417324351426738e-12	0.0	0.0	0.0
544.3531534060429	1.018084023535721	296320.35562310286	1.0364950789786824	639.1326117973543	3.815174846325931	14.555559108038093	408490.49546290765	518.3292812178463	1.7061151179956369	2.910828795853266	268665.2437678092	582.9856042545069	533.9432586577684	0.928128	19.958397	0.1601829768991437	0.0790445431080559	0.020034427	-0.0430018306	0.015164896	-0.0350602352	0.0068522753	-0.0915324389	0.0047609577	0.0813546565	0.046272905	0.0621307741	0.0572000748	-0.1797551526	0.0480193818	-0.0968127669	0.1076153906	0.0054413094	0.1027309845	-0.0038970362	-0.0913791847	0.0372804732	-0.0289926519	0.1104903815	-0.1212859482	0.111510832	-0.0819169234	-0.0686399108	-0.0485617806	0.0447039667	0.0455522417	0.1099922952	0.0271462431	0.0271021279	0.0181341023	0.1077933386	-0.0548715493	0.02521267	-0.0340840829	0.1794856142	-0.0712502108	0.003269012	-0.065830225	-0.1358509665	0.0324042059	0.0190027253	0.0210813534	-0.0216795864	0.0187641912	0.1006939117	0.1601111278	-0.1412169756	-0.0858095557	0.0071483993	0.0387592966	0.1271878073	0.0337426522	0.0097875554	0.0819793401	-0.0864534238	0.020909275	0.0485688853	-0.0268594712	-0.0044817914	0.0874909429	0.0368805844	-0.0854456065	0.1183002577	-0.0106913787	-0.0265869429	-0.0581472456	-0.0293465326	-0.0308099078	0.0044782294	0.0321655938	-0.0404659561	0.0195978012	-0.1859543009	0.0076825921	-0.0202932827	0.0037208684	-0.0623961839	0.090011281	-0.0578888044	0.0635516605	0.0775941337	-0.0608094428	0.0357696127	0.0683699249	0.0903433216	-0.0555558318	-0.0080432209	-0.0216753236	-0.0881379191	0.018244636	0.0603787714	0.0	-0.0361412655435344	0.0137879112441653	0.0001901064964769	0.0013061910750882	0.2037293049794044	0.0467087684903617	0.0021817090538862	0.0415056297073911	0.012789234713459	-0.0602335701753916	0.0036280829760738	0.0001635645245559	-0.0008610934403621	-0.0003974447656009	1.579623417035544e-07	7.414819130346376e-07	-0.0016309529021034	-0.0002850002354807	8.12251342241114e-08	2.6600073688795027e-06	-0.000114201865595	0.0001066095387028	1.3042066105378446e-08	1.136559374242381e-08	0.0	0.0	0.0
544.7657265670069	0.4125731609640297	296769.696842079	0.1702166131478512	640.2876304798881	1.1550186825337505	1.3340681570020008	409968.2497455497	517.7889040789127	-0.5403771389336498	0.292007452282117	268105.3491872414	581.9498728377004	541.110773042076	0.906098	19.484673	0.0580842707086742	0.0352145934848009	0.0656113314	-0.0217985193	-0.0672378994	-0.0732358429	-0.0249250084	0.08566627	-0.0016277803	0.0129917459	0.1295328916	0.1746020073	-0.0089096057	0.0526479996	0.0997329629	-0.0892505	0.057807156	-0.0526112651	0.0178654796	-0.0048494327	0.0987468677	-0.0810117893	0.170485137	-0.0015883564	0.0467638657	0.0423662341	-0.0814794545	0.0845581243	-0.1114468249	0.0328644509	0.1563490196	-0.1121840853	-0.0416714916	-0.0232454298	-0.0561820792	0.0579564276	-0.0774033161	0.0110039659	0.0772253411	0.0604516635	0.0973933759	-0.0156319985	0.0934717054	0.0806839052	0.0657653671	0.0758853665	-0.0156830551	-0.0335898636	-0.1067716723	0.1742020445	0.0176025194	0.0476150583	0.0990844362	0.0082168669	0.0220263845	-0.0546529805	-0.0213736991	-0.0264719834	0.1086587644	-0.0308226162	0.0780055597	0.1073437699	-0.0799646477	0.0032297473	0.0931415737	-0.0111455137	0.0403500859	-0.0620565014	0.0683443536	-0.0355965909	-0.0446174384	-0.0366170749	0.0284942085	-0.0494856592	0.048163138	0.0918295937	0.0708278705	0.1139714441	-0.0897196038	-0.0327448737	0.0846323546	-0.0916067999	0.0441630159	0.029395165	0.027039091	0.0498857145	-0.0288921175	0.1891861008	0.0872178401	0.1197474689	-0.0363412705	-0.0476366438	-0.0253776455	-0.0897036946	0.0230516017	0.0540076933	0.0	-0.0350555231615459	0.0010857423819884	1.1788365200460557e-06	0.0012288897041296	0.169557689236143	-0.0341716157432613	0.0011676993225051	0.0287498099791004	0.0189007410177097	0.0061115063042507	3.7350509306896055e-05	0.0003572380110185	-0.0009809948962944	-0.0001199014559323	1.437635913468528e-08	9.623509865556608e-07	-0.0017240035876071	-9.305068550369992e-05	8.658430072708473e-09	2.9721883700821512e-06	7.154118552473224e-06	0.0001213559841474	5.1181412262841576e-11	1.4727274888401771e-08	0.0	0.0	0.0
545.5804219318019	0.8146953647949431	297657.996795283	0.6637285374183653	641.1825233287057	0.8948928488175625	0.8008332108648127	411115.0282221662	519.8365903912169	2.047686312304222	4.193019233598064	270230.0807095658	584.766332068244	543.9674728637326	0.858418	18.45936	0.0952592145725073	0.0533959207795136	0.0762531549	-0.053064425	0.0547537846	-0.0923092584	0.0042813845	-0.0785243553	-0.1227350056	-0.0783323464	-0.0069584661	0.1185485654	-0.0436608484	-0.0400972322	-0.0214251001	-0.0245101243	0.044196488	-0.0642743473	0.0594921692	0.0810625235	-0.0847715673	0.0345288996	0.0088129771	0.0632526549	-0.0631685354	0.0422663105	0.0038539394	0.0838266108	0.0996527399	0.0682163415	0.0099751005	0.0929708357	-0.1891964068	0.0492676223	-0.1071222508	0.0360069505	-0.1844456498	0.0117150331	0.0026888407	-0.038295654	0.0283084351	-0.107687156	0.0407841473	-0.0210952722	0.0116805071	0.1124999085	0.0252183678	-0.0787738753	-0.0018922444	0.0425354441	0.1024307248	-0.0430272589	-0.027255299	0.0427902762	0.1489930671	0.0061861339	-0.0650646681	-0.0444021956	0.0087855257	0.0033311935	0.0409990234	-0.0431509272	0.1028686459	0.0916191536	0.0317275809	-0.0147035604	-0.0715552171	0.0783335261	-0.0581962618	-0.0357860886	-0.0841073519	-0.0225938713	-0.0196827338	0.0348180175	-0.01128814	-0.0321114151	0.0769422639	-0.1263212041	0.0068168993	-0.0166490525	0.0817586037	-0.0850138391	0.1174380158	0.0095829672	0.0452234289	-0.0380319344	-0.0270917705	0.1620931753	0.0555134998	0.1082475429	-0.0978649335	-0.1000540275	-0.0369654627	-0.0912295932	0.0278175825	0.0474206018	0.0	-0.038661047722357	-0.003605524560811	1.299980735861206e-05	0.0014946766109903	0.2142170937067504	0.0446594044706074	0.0019944624076693	0.0458889632361666	-0.0087266696506205	-0.0276274106683302	0.0007632738202365	7.615476319106092e-05	-0.0011471311159446	-0.0001661362196502	2.760124347965952e-08	1.3159097971683036e-06	-0.0016659119728068	5.80916148003e-05	3.374635710106433e-09	2.775262701141044e-06	-0.0001559555444522	-0.0001631096630046	2.4322131845382133e-08	2.6604762165498068e-08	0.0	0.0	0.0
545.7780973840372	0.1976754522353303	297873.7315841396	0.0390755844164423	641.0537199354441	-0.1288033932615917	0.0165903141157002	410949.8718430708	518.1328792616482	-1.70371112956866	2.902631613016119	268461.6805719657	583.6764485378613	548.561904198971	0.8626049999999998	18.549398	0.1002192248335415	0.0512144603764036	0.1011513924	-0.0304471284	-0.0612494845	-0.1056624464	-0.0452600074	0.0765123037	-0.0476312973	0.0196381913	0.055024932	0.152059205	-0.0457319809	0.0815305621	0.0885816691	-0.0626789635	0.0067390976	-0.1143847955	-0.0528677119	0.0348107327	-0.0123439893	-0.0853995367	0.0812851814	-0.0326886348	0.151314301	-0.0060601012	0.0055361363	0.0282889477	0.0335816266	0.0578848919	0.0701591074	0.0953312708	-0.0587093646	-0.1551948856	0.0764100172	0.1661160357	0.0179249616	0.080591163	0.010376073	-0.1257471091	0.1565117086	0.0671101795	-0.054959729	0.0574746065	0.0988592892	0.0283028762	-0.0206690122	-0.0751317006	-0.0820039906	0.1553959436	-0.060896051	0.0592333157	0.0757053005	-0.0168672355	0.0330992398	-0.0331253472	-0.0854078597	-0.0305850126	0.0587462392	-0.0287268184	0.0702183736	0.0381216838	-0.0352566349	-9.45632e-05	0.038311307	0.0593805681	0.0642880922	-0.122730365	0.0955195197	-0.0417949082	-0.041413865	-0.0552255214	0.0615034031	-0.0976421893	0.00733333	0.0389334515	0.0780379766	0.1068853853	-0.1036567781	-0.0143150341	0.106219948	-0.1187595105	0.0117896363	0.0372588295	0.001517822	0.0441555554	-0.0423690828	0.1678338933	0.1189335524	0.1297356897	-0.0235524696	-0.018558349	-0.0297274802	-0.0927149366	0.0325341047	0.0406438432	0.0	-0.0202854474113962	0.0183756003109607	0.0003376626867881	0.0004114993766805	0.1740791629720632	-0.0401379307346872	0.0016110534836625	0.0303035549810541	0.0045082601261512	0.0132349297767716	0.000175163366196	2.0324409365044837e-05	-0.0007575665887944	0.0003895645271502	1.5176052081375896e-07	5.739071364575836e-07	-0.0017649753597599	-9.906338695310012e-05	9.813554634619647e-09	3.1151380205595884e-06	-7.516817833306264e-05	8.078736611913736e-05	5.650255033911108e-09	6.526598524467544e-09	0.0	0.0	0.0
547.2811548940595	1.503057510022245	299516.6625021755	2.259181878434271	644.85989950471	3.806179569265964	14.487002913497642	415844.2899892247	519.4872462132594	1.354366951611155	1.8343098396164923	269866.9989782356	586.2434108801593	554.2251030587573	0.95981	20.63969	0.1822528952909586	0.1070909488891623	0.1139122936	0.0480044196	0.0721532082	-0.1367680844	0.0951851994	-0.0587487519	-0.121364777	-0.0718445682	0.0174146726	0.0570684786	-0.0556746993	-0.0431356954	-0.0130829516	-0.0011035242	0.059553041	0.0041847503	0.1354923793	0.1381376704	-0.012614135	-0.0687867127	0.053527484	-0.0169576312	0.0374522862	-0.0496636257	-0.0616161058	-0.0219751239	-0.0090581395	0.0880798111	-0.0047820313	0.0606953746	-0.1241211346	0.1101990656	0.097780976	0.0637567751	0.0564929713	-0.0213398977	0.0358473932	-0.0276178425	-0.090053296	-0.0513671919	0.053360312	-0.0120653104	0.0336704542	-0.0611598575	-0.0835489946	-0.1150315845	0.0548891364	0.0613957866	0.1237025583	0.003010614	0.0191154417	0.0205046297	0.114526828	0.0051228424	-0.1229852585	0.0201774389	0.0903784735	0.0365771802	-0.0417659899	-0.0051840737	0.0625270859	0.011054946	0.0464553179	0.0077916198	0.0183554995	0.0901773408	0.0168293466	0.0719217861	-0.1024730482	-0.0158020129	-0.0315235673	0.1285524424	-0.0349886483	-0.0115460875	0.1255595974	-0.0600161747	0.0201919999	-0.0799206777	0.0951951827	-0.0607852284	0.0237126732	-0.0916775041	0.0121133394	-0.0283515841	-0.0629029652	0.1063779042	0.087959247	0.1560105757	-0.0460825395	-0.1411743727	-0.0404071553	-0.0941590645	0.0371927824	0.0337045224	0.0	-0.019793320103318	0.0004921273080782	2.421892873562959e-07	0.0003917755207124	0.257484309739354	0.0834051467672908	0.0069564185072733	0.0662981697619515	0.0329935705241055	0.0284853103979543	0.0008114129084678	0.0010885756959291	-0.0015779496000886	-0.0008203830112942	6.730282852201395e-07	2.489924940419773e-06	-0.0013400634615918	0.0004249118981681	1.8055012120481786e-07	1.7957700810933977e-06	7.694312855734435e-05	0.0001521113068904	5.9202450321920204e-09	2.3137849683907577e-08	0.0	0.0	0.0
547.1034563407871	-0.1776985532723074	299322.1919400356	0.031576775835071	643.2277328308019	-1.6321666739081593	2.663968051416424	413741.9162826534	520.2306075018324	0.7433612885730554	0.5525860053489934	270639.8849817256	586.3296949901764	560.290347110834	1.045889	22.490725	0.1812043570851219	0.1015731324638262	0.1575934413	-0.0551151182	-0.0810929365	-0.1518332193	-0.0829415366	0.1354640008	-0.1165395582	0.0061698548	-0.0173179517	0.0733230237	0.0271436676	0.146868723	-0.0259792712	-0.0172803732	-0.0437760053	-0.1607397351	0.0048950922	-0.0431878768	0.0044284509	-0.0575766519	0.0151716665	-0.0172777721	-0.0843215097	-0.0405869149	0.0112665565	0.0255755742	-0.0193337878	-0.1133873707	-0.2239387255	-0.0317139833	-0.0443736318	-0.0989667089	-0.0226270791	0.0310643823	-0.1532560527	-0.0197597062	0.0066420386	-0.0151917399	-0.0737422742	0.023648721	-0.1117735391	0.0418476956	-0.0894762896	0.0345233558	0.0030683765	-0.1458845454	-0.0934997288	0.056094843	-0.0957685037	0.0219616967	0.0329247016	-0.0095843798	0.0338667864	-0.1373070646	-0.0567109581	-0.1613195898	0.0585455643	-0.0391833825	-0.0143148188	0.0172085416	0.0482366903	0.0331155921	-0.0121902324	-0.0424653604	0.0222140707	0.0506164173	-0.1434468441	-0.0654902977	-0.0461597529	-0.0712366652	0.0250153429	-0.1250474763	-0.0050919056	-0.0022398179	0.1682584428	0.0124377701	-0.0495111552	0.1016837312	0.1206459473	-0.0310194668	-0.0197014374	0.0654533418	-0.0465882555	0.0141300506	0.0800083205	0.039793487	0.0600691853	0.1735140965	0.1199100124	-0.0039636767	-0.0484742663	-0.0955613349	0.0417853327	0.0266303944	0.0	-0.0292322224120908	-0.0094389023087728	8.909287679455652e-05	0.0008545228271499	0.2040785488718342	-0.0534057608675198	0.0028521752938387	0.0416480541096336	-0.0011811000726993	-0.0341746705968048	0.0011679081104001	1.3949973817302916e-06	-0.0003659287715177	0.0012120208285709	1.4689944888896912e-06	1.3390386582445308e-07	-0.001810016838103	-0.0004699533765112	2.208561760942777e-07	3.276160954216382e-06	7.866938971573382e-05	1.7262611583894732e-06	6.188872878246006e-09	2.9799775869641657e-12	0.0	0.0	0.0
547.7024001539985	0.5989438132113492	299977.91913445067	0.3587336913841515	646.545978287519	3.318245456717136	11.010752911023916	418021.702039765	520.8258381734639	0.5952306716314979	0.354299552450884	271259.5537090912	588.8565697256008	564.3326386104181	1.144448	24.61014	0.21202537176369	0.1248864796493489	0.1586074264	0.0834112678	0.1089433782	-0.1608642949	0.1195813201	-0.0585763081	-0.0331375261	-0.1023630828	0.0355618044	-0.0795769673	-0.0354133286	0.0738176592	-0.0478845762	0.1077766504	-0.0412515009	0.053377121	0.1331901445	0.0526844446	0.0660544466	-0.0542891062	0.0269952089	-0.1440711906	-0.0079078321	0.0855041724	-0.0527761063	0.0789694673	-0.0079968225	-0.0490664008	-0.0610876715	0.0305331417	-0.1474857686	-0.1853252603	-0.0636767268	-0.0697232109	-0.0423909342	-0.0273528826	-0.0914765315	0.0117391664	0.1323034583	-0.0206500838	0.0125730997	0.1315007627	-0.0018577575	0.0486319384	-0.1172221999	-0.1475341377	0.0842884827	-0.0530115963	0.0844514376	0.0592876891	0.0959424362	0.0313905026	0.0628024777	-0.0854013876	-0.1049357393	0.0001433819	0.0993352638	0.0527487522	-0.0158400029	-0.020022291	0.1242089091	0.1310086864	0.0074260218	-0.0194805331	0.1000412985	0.018565187	-0.0847542202	0.09497585	-0.1069466784	0.0385844947	-0.0284554906	0.1998357152	-0.0555628147	0.0077971596	0.1716678402	0.0421896203	-0.0258940652	-0.019691718	0.1083675085	0.0363586318	-0.0123940694	-0.1636612071	-0.0460665629	-0.0620833349	0.1106894259	-0.0591073869	-0.0390973888	0.0486226677	-0.0145303144	-0.1237962937	0.0809371774	-0.0969211244	0.0463035902	0.0194497534	0.0	-0.0498231265918747	-0.0205909041797838	0.000423985334941	0.0024823439433899	0.2812012698287987	0.0771227209569644	0.0059479140878058	0.0790741541533288	0.0355872308634914	0.0367683309361907	0.0013519101598332	0.0012664510005314	-0.0017730221306753	-0.0014070933591576	1.979911721385419e-06	3.143607475864381e-06	-0.0017679792324736	4.203760562939991e-05	1.7671602870529544e-09	3.12575056645794e-06	-2.3067959312286063e-05	-0.000101737349028	5.321307468332853e-10	1.0350488187249138e-08	0.0	0.0	0.0
545.6095547033901	-2.0928454506083654	297689.7861836317	4.380002080132132	642.3870190819778	-4.158959205541237	17.296941673356194	412661.0822850293	521.3070500513891	0.4812118779251477	0.2315648714562473	271761.04043328145	586.5586873766949	558.6417193371603	1.367932	29.415913	0.2683505100193418	0.1623570283703372	0.1444937111	-0.08899098	-0.0557590122	-0.107820777	-0.1777206039	0.0701789808	-0.0440291474	0.0352319253	-0.1688465876	-0.1304315208	0.1250529079	0.0427389684	-0.1525721239	0.037544484	-0.0380569014	-0.1831248456	-0.2045477869	-0.153056236	0.0034781924	-0.0859968095	-0.1237522415	0.0550480092	0.0119860313	0.0299683007	0.0378107061	0.0381342775	0.0284966141	-0.1280957907	-0.0075116899	-0.1572722019	-0.018535126	0.0607280633	-0.0607120028	0.0507039523	-0.050844667	0.0961972523	0.0040525218	-0.0121913814	0.0792520393	0.1074342073	-0.0206177212	0.0059514086	0.0320258756	0.0843704862	0.116480318	-0.1245258938	-0.078526218	-0.1022680461	-0.2409337791	-0.0274354921	-0.01387453	-0.1824386128	0.0387534505	0.0416598954	-0.0528288835	-0.0089924418	-0.067677383	-0.1153473545	0.0170411971	0.0294709699	0.0046578604	0.044909855	0.0084528097	0.002351731	-0.0377285911	-0.1246140606	-0.0948907386	-0.133493461	-0.0289135745	-0.0315115332	0.0513263282	-0.17779005	-0.0902676305	-0.1006783797	0.0438818135	-0.0368123061	-0.1267868711	0.0237847224	0.051620837	0.0514150614	0.1472301173	-0.0053053082	-0.0764335323	-0.0199483895	0.1519262533	-0.0805264004	0.0361782492	0.0446275233	-0.0211390601	0.0850134693	-0.0086652302	-0.0982378286	0.0507395216	0.0121913197	0.0	-0.0500508829867527	-0.000227756394878	5.187297540782389e-08	0.0025050908877536	0.1957617550169175	-0.0854395148118811	0.0072999106912896	0.0383226647273036	-0.0591171855398755	-0.0947044164033669	0.0089689264863023	0.003494841626156	-0.0003957469507856	0.0013772751798897	1.8968869211402052e-06	1.566156490561001e-07	-0.0016594390898672	0.0001085401426064	1.1780962557017665e-08	2.753738092979281e-06	-0.0002968290850005	-0.0002737611256882	8.810750570223407e-08	7.494515393807807e-08	0.0	0.0	0.0
544.1967715142753	-1.4127831891148617	296150.1261265603	1.995956339445559	638.8543610222596	-3.532658059718188	12.479672966891869	408134.8945971596	521.1010221467985	-0.2060279045905417	0.0424474974699693	271546.2752824382	585.6403401692709	538.5717801042995	1.348246	28.992586	0.1821393809786431	0.1264951794299628	0.0227952419	0.0993198627	-0.0294973605	0.0280608683	0.1086988407	0.0045353151	0.1493481823	-0.0004934023	0.05216169	-0.1200838591	0.0602074825	0.1060707455	-0.0352771487	0.1553159898	-0.0749857359	0.0258923584	-0.1093126579	0.1392408762	0.1731982779	0.1295689598	0.0465803289	0.0715777804	-0.0672736602	-0.0568295689	-0.1204774705	-0.0167306145	-0.0241034451	0.0502138364	-0.0409014002	0.0521139804	-0.0429167719	-0.1236529408	0.0212573797	-0.0896717289	-0.0826544395	-0.0026515221	-0.0165920236	-0.0659935571	0.187946522	-0.126034512	-0.0143889127	0.0115978843	0.0668948835	-0.036393237	-0.071419818	0.0175328934	0.001005192	-0.1264786502	-0.0493369091	0.1739008824	0.1225026531	0.1150910629	-0.1064846439	0.1827055019	0.0670943591	-0.0112235313	0.033740808	0.0340154592	-0.0947008453	0.0358031862	-0.0125936982	0.0315014755	0.058179037	0.047795108	-0.021669116	-0.0539456626	-0.0966797502	0.07212898	0.0025920877	0.0578309318	0.0433968764	0.0878130004	0.0865949679	0.1278493433	0.069924534	0.1495009182	0.0172529695	0.0431375299	-0.0477896861	0.0387781687	0.0436586413	-0.1503080994	-0.1930664319	0.0447648434	0.038359684	-0.0901821052	0.0289094756	-0.0212667086	-0.0399108015	0.0407956428	-0.0318970953	-0.0995108621	0.05508524	0.0048841247	0.0	-0.0500015624794514	4.932050730129672e-05	2.4325124404572634e-09	0.0025001562503864	0.2086690443705237	0.0129072893536061	0.0001665981184577	0.0435427700785075	0.0544214404695608	0.1135386260094363	0.0128910195961106	0.0029616931827819	-0.0010420561361368	-0.0006463091853512	4.177155630693317e-07	1.085880990860357e-06	-0.001409960113438	0.0002494789764292	6.22397596801614e-08	1.9879875214860976e-06	-7.973434461491303e-05	0.0002170947403855	6.35756571116971e-09	4.71301263030854e-08	0.0	0.0	0.0
542.4057213646532	-1.7910501496220377	294203.9665691098	3.207860638461124	634.9587401724131	-3.895620849846523	15.175861805758949	403172.60172133794	520.427218599475	-0.6738035473234731	0.4540112203856959	270844.4898591858	583.2968277645009	520.1747876037176	1.311567	28.203846	0.1102305053235322	0.0736548097371295	-0.0621657109	-0.129493632	0.1189877758	0.0447244058	-0.1134822255	-0.1163798251	-0.1240694322	-0.0865001029	0.0002129681	-0.0068848979	0.0969158211	-0.1099114368	-0.1086707122	-0.0457503305	-0.0702961304	0.0337041729	-0.0142456923	0.0641097641	-0.1118379013	-0.0089622894	-0.0747273713	0.1574312173	0.0312218097	-0.0589212095	-0.0027109411	-0.0820036482	-0.0070151544	-0.0287038792	0.0865505105	-0.1611471713	-0.0512670122	-0.0417865621	0.0352535904	-0.1107427671	0.0932006398	-0.0145256691	-0.0080431111	0.0858194328	-0.0191322614	0.11811537	0.1073398865	-0.0763472844	0.0804218709	-0.0576991327	0.1382159187	0.0196152121	0.1268541602	-0.0244939871	-0.0242795131	0.0058208856	-0.0132196618	-0.0121569256	0.1590230826	0.0633694035	0.0112597297	0.0287739691	-0.0536549085	-0.1311872607	0.022419915	0.0525163053	0.0207569722	-0.0046560693	-0.1448187063	0.0363489093	-0.0495341007	-0.0931975233	-0.0132099167	-0.0813397158	0.0169579267	-0.0179710075	-0.0262809557	0.005864302	-0.0183008771	-0.1569885855	-0.1074558648	-0.0571965637	-0.0287535101	0.0671444975	-0.030856497	-0.0418767475	0.16542191	-0.0657929433	-0.1038457185	0.0113198149	0.0660391021	0.0017755674	0.0702464356	0.0306710251	0.0506337582	-0.0303778872	-0.0250725158	-0.100739659	0.0593330188	-0.0024426053	0.0	-0.0440363441010021	0.0059652183784493	3.5583830302589305e-05	0.0019391996017818	0.2004160107139796	-0.008253033656544	6.811256453604951e-05	0.0401665773505059	-0.0070159029632037	-0.0614373434327645	0.0037745471680754	4.9222894389090455e-05	-0.0005306763655886	0.0005113797705482	2.6150926972592964e-07	2.816174049943254e-07	-0.0014219358305176	-1.1975717079600132e-05	1.4341779957062632e-10	2.021901506109777e-06	-0.0002478770541026	-0.0001681427094876	6.144303395058327e-08	2.8271970753860693e-08	0.0	0.0	0.0
541.2590522737896	-1.146669090863611	292961.3616683209	1.31485000394198	633.0515872502731	-1.9071529221399717	3.637232268427032	400754.3121200901	519.8248332986187	-0.6023853008563265	0.3628680506877669	270217.85731393675	582.3817560373778	508.3650430471786	1.222617	26.291073	0.1490092721596611	0.1102138066371272	-0.1253023659	0.0793514094	-0.0955805097	0.1089733264	0.0371964558	0.1496948375	-0.095748634	-0.0802749198	0.0636078648	-0.0332566959	-0.0404025731	0.0732947509	0.0571904382	0.1121102057	-0.0773055926	0.032193896	-0.0847106006	0.101633499	0.0756591092	0.1188070889	-0.1109782837	-0.0789786895	-0.0785463435	0.0891601005	-0.0063210723	-0.0743969601	-0.0162084956	-0.013363136	-0.08492996	-0.1171472139	-0.026977313	-0.0150562251	-0.1271037623	0.0014665648	-0.0368026723	-0.0747443609	0.1216135424	-0.0211438008	-0.0654813964	0.0090561211	-0.0605669706	-0.0538583906	-0.1957051851	0.0015788891	-0.0648723915	0.1072180354	-0.0440422795	-0.0554005245	-0.1112549076	0.0477761025	0.0431330007	0.1764931536	0.0023348557	-0.0857199089	-0.0006191757	0.0386099767	0.0583293805	-0.0123454229	-0.0970512025	-0.0232549653	0.0610441892	-0.0371691367	-0.1298840796	-0.1530898907	-0.1512140289	0.0497970492	-0.2674301286	0.0883535245	0.0268378754	0.0788660137	-0.0046494868	0.0149984988	0.1436549495	0.1688411529	-0.1027716891	0.0683902567	-0.0240604503	-0.0083302223	0.0074373335	0.0708691596	0.0107892028	-0.0576742599	-0.087010081	-0.0140327184	0.1032445952	-0.0696225436	0.0131525659	0.0367768634	0.0129427331	-0.0237065222	-0.0603511888	-0.1019236731	0.0634753057	-0.0097595656	0.0	-0.0499596726090061	-0.0059233285080039	3.508582061373288e-05	0.002495968887199	0.2130885421191806	0.0126725314052009	0.0001605930522158	0.0454067267824778	0.0913294741417374	0.0983453771049411	0.009671813197913	0.0083410728470062	-0.0010972101586201	-0.0005665337930315	3.209605386466586e-07	1.2038701321791452e-06	-0.0014568397999528	-3.490396943520006e-05	1.2182870823333799e-09	2.122382202726515e-06	-0.0002877999944662	-3.9922940363600046e-05	8.282883681474477e-08	1.5938411672755659e-09	0.0	0.0	0.0
541.6544829453522	0.3954306715626217	293389.5788947969	0.1563654160124659	632.1489067508676	-0.9026804994055057	0.8148320840069729	399612.24030631705	519.1672632533075	-0.6575700453112177	0.4323983644905968	269534.6472339291	581.1869693891028	505.4944266317628	1.148045	24.687475	0.1314248863733909	0.0936614278620663	-0.1408504761	-0.1213896943	0.0617204104	0.1038337579	-0.0894030546	-0.0666932474	-0.0378473733	-0.1128165133	0.064159811	-0.0810168171	-0.1004455329	-0.0746573472	-0.0405061612	-0.0805826481	0.0102252435	0.1318617905	0.0452631468	-0.0152688625	-0.1142505791	-0.0329057125	-0.1049826583	-0.1641117793	0.0634335304	0.0167914731	0.0996598486	0.0001456945	0.1136335138	-0.124442055	-0.0581331609	0.0348313564	0.0491573358	0.0603409576	0.0025128729	0.1307053413	-0.0458439806	0.0197470263	0.005379315	-0.1484335751	0.1173024286	0.0090372614	-0.0132786635	-0.1453381227	0.0138339143	0.0618872035	0.1268683145	0.0950746583	0.0553463036	-0.0109677659	0.0588066943	0.0169235568	-0.0814438382	-0.0109445856	-0.0181624004	-0.0509658084	-0.1648325925	0.0388789067	-0.0615089309	0.0117589295	0.0394357975	-0.1364448043	0.0653168519	-0.0808080085	-0.1716093861	-0.062956627	-0.085136219	-0.0171130408	-0.0188161059	-0.0584895418	0.0028883601	-0.0103420898	-0.1025574145	0.0397578764	-0.0033684663	-0.0904044307	-0.1615629718	-0.0569081991	-0.0699558956	-0.0046127959	-0.0792158278	-0.0654294108	0.0895935809	0.0980239409	-0.0237832095	-0.070596173	-0.0078347321	0.1108001651	-0.0086218193	-0.0068390345	0.0915968581	-0.0149818715	-0.0124432073	-0.103062378	0.0675047358	-0.0170374908	0.0	-0.0498319985089921	0.0001276741000139	1.6300675814384443e-08	0.0024832280754001	0.2172787519694878	0.0041902098503071	1.755785858961137e-05	0.0472100560574181	0.0025944842818077	-0.0887349898599297	0.0078738984254418	6.731348688547218e-06	-0.0008413104826668	0.0002558996759533	6.548464415300398e-08	7.07803328245044e-07	-0.001936365197755	-0.0004795253978022	2.299446071373582e-07	3.7495101790767607e-06	-0.0003198151719735	-3.201517750729997e-05	1.0228174422443939e-07	1.0249715908239255e-09	0.0	0.0	0.0
541.4556381788952	-0.1988447664570003	293174.2081157147	0.039539241147339	629.9038130550061	-2.245093695861442	5.040445703196789	396778.8137012361	518.1687558047421	-0.9985074485654196	0.997017124840624	268498.8594922344	579.7724384949777	505.8281447850361	1.071129	23.033495	0.112678012137478	0.0629799876927489	-0.1521541357	0.0313869722	-0.1151493399	0.1227878648	-0.019984552	0.123489442	-0.0388260458	0.151210863	0.1052335926	-0.1176571053	-0.1554681376	0.0095782467	0.1477596661	-0.0401086509	0.0422200146	-0.0999502331	-0.1064090767	-0.0730212019	0.0710835938	0.0897440908	0.0113965479	-0.0542359212	0.0557973268	-0.0529304567	0.0111942027	0.0052191464	-0.0156489965	0.0528230302	0.0650772651	-0.0659082977	0.002687301	0.0786341707	-0.0418381032	0.0217270408	-0.0338438115	-0.0537527318	-0.0098500248	-0.0290332645	-0.0102006425	-0.1219872779	0.1164683031	0.0646328468	0.1171136182	-0.1771640744	-0.0291920879	0.1481711103	-0.1175758332	0.057789587	-0.1130797105	-0.0558132152	-0.0292480801	0.0810208878	-0.0997329804	0.0487533935	-0.1584983749	0.0066890931	-0.0229251626	0.0863460766	-0.0237756919	-0.046939674	-0.0966805297	-0.0366835498	0.0772081011	-0.0043274477	-0.0077291958	0.044440812	0.00532863	0.0400757302	0.0539662905	0.0460254971	0.0216337115	-0.058603402	0.13243489	0.1197905368	-0.1003804961	-0.0291069444	-0.0122695903	-0.1044355417	-0.0119532928	0.0299974761	-0.0850419012	-0.0652289756	-0.0115309802	-0.115735522	-0.01764876	-0.0864926013	-0.0652334704	-0.0207318501	0.0638996046	-0.0256956952	-0.0242218894	-0.1041552675	0.071414145	-0.0242472716	0.0	-0.0498220669660014	9.93154299069876e-06	9.863554617609768e-11	0.0024822383567647	0.1980283667052162	-0.0192503852642715	0.0003705773328228	0.0392152340199355	0.0616047745602585	0.0590102902784508	0.003482214358747	0.0037951482486202	-0.0005937796080442	0.0002475308746226	6.127153389142935e-08	3.5257422292912373e-07	-0.0015388905237099	0.0003974746740451	1.5798611650725849e-07	2.3681840439641305e-06	-0.0003629577243411	-4.314255236759999e-05	1.3173830965886992e-07	1.861279824791107e-09	0.0	0.0	0.0
542.229206188293	0.7735680093977635	294012.51204358635	0.5984074651636183	632.2206787399653	2.316865684959112	5.367866602141054	399702.9866264223	518.6729240862084	0.5041682814662636	0.2541856560366455	269021.60218013765	581.3591060926549	512.5247501116343	0.900557	19.365522	0.0913239829865431	0.0460518871435891	-0.129317257	-0.0525155864	0.0005113396	0.1065169667	-0.0321823427	-0.051165077	0.1075994418	-0.0255874176	0.1617229015	-0.0851514593	-0.0797052409	-0.002655475	0.0044526636	-0.0683885031	0.0841723709	0.1656113087	0.0300117397	0.0071494856	0.0569264288	0.0387851885	-0.0534741919	0.0180260524	0.0928968492	-0.0951695767	0.021021	0.2097106113	0.0440016908	-0.0554003945	0.0311355792	0.0554971558	0.0605415573	0.060944699	-0.0836004938	0.0135339848	-0.1003457124	0.0983415823	0.1235407904	-0.0678030842	-0.1363872088	0.0049580443	-0.0134602105	-0.1030465997	0.025549223	-0.1561431675	0.0634787912	0.1198969775	0.0260380992	-0.0099520413	0.1150861329	0.0096327215	-0.0322819462	0.0331765265	-0.1135570959	0.0519530118	-0.1262135135	0.0025080474	-0.1813181078	-0.0806665624	0.0210636982	-0.0063313514	-0.0470282834	-0.06045083	-0.0659633432	-0.0338806373	-0.0501741289	-0.0256854435	0.0722975178	0.010633641	-0.0105120844	0.0223055564	-0.0663994288	0.06460665	0.0463384575	-0.0190823212	-0.0980578044	-0.0937119035	-0.0680001047	-0.0050166228	-0.0950034261	0.0075717629	0.0551509794	0.0613951965	0.1168669527	-0.0852619621	-0.1165683038	-0.0228236324	-0.04509283	-0.0466658093	0.0909170543	0.1089937684	-0.0208816636	-0.1052018558	0.0751965824	-0.0313600711	0.0	-0.0498235686785193	-1.5017125178998223e-06	2.255140486417025e-12	0.0024823879958631	0.2266731177397645	0.0286447510345483	0.0008205217618312	0.0513807023058651	0.0408209780128316	-0.0207837965474269	0.0004319661989248	0.001666352245924	-0.0011477065670718	-0.0005539269590276	3.0683507593756445e-07	1.317230364099736e-06	-0.0017018619085291	-0.0001629713848191	2.6559672269887764e-08	2.896333955702311e-06	-0.0002419773943469	0.0001209803299941	5.855305937491514e-08	1.4636240245505525e-08	0.0	0.0	0.0
542.1938330020903	-0.0353731862027189	293974.15254549857	0.0012512623021322	633.0657678808869	0.8450891409216865	0.7141756561037541	400772.266462617	518.5812318886354	-0.091692197572911	0.0084074590957497	268926.4940671347	580.6462638094495	510.6352139606377	0.8791029999999999	18.904177	0.0975818252841941	0.0664505390360334	-0.1236309966	-0.0595603882	-0.0897074046	0.0977748518	-0.0288705016	0.0534720373	-0.0221745167	0.1610710558	0.1449692339	-0.0370465704	-0.0789419188	0.0285594678	0.1212567861	-0.0732452537	0.0303627091	-0.1317175698	-0.066904114	-0.0372598367	-0.0329025286	0.0193433099	0.0199089935	0.1253055926	-0.0061692378	-0.0313739277	-0.0242764125	-0.02989501	0.0870336965	0.0360917996	0.1238795769	0.0648520428	0.0845307943	0.0305764147	-0.0222040781	0.0220423507	-0.0270578753	0.0937730262	-0.0601662008	-0.0627021565	-0.1993824822	0.0071401056	0.0630329855	-0.004740298	-0.1081992743	-0.075437012	0.0085756226	0.1023727387	-0.0893787196	0.120387243	-0.0813204037	-0.0317721883	-0.0006578681	0.0166126681	-0.0472804639	0.1307423063	-0.0453423282	-0.0999293552	-0.0150290438	0.0450499362	-0.074773113	0.0222528088	-0.0466642161	-0.1066319553	-0.1013950043	-0.038692262	-0.0240671151	0.0765017176	0.0543455161	-0.0297073298	0.0488542841	0.0027742796	0.0461308258	-0.0910224265	0.095363005	0.0722587934	-0.0791870504	-0.0445056415	0.0199391688	-0.1125246696	-0.0204380947	-0.0433243294	-0.0479333975	0.0982054066	0.0403040491	0.0047289191	-0.094776522	-0.1301238107	-0.0124128461	0.0244579386	0.0001934529	-0.1238027505	-0.048212417	-0.1062016776	0.0788453231	-0.0383474405	0.0	-0.0498759183380173	-5.2349659497998025e-05	2.7404868495563352e-09	0.0024876072300605	0.1775006750653744	-0.0491724426743901	0.0024179291185661	0.0315064896486636	0.0365010839141106	-0.0043198940987209	1.866148502416447e-05	0.0013323291269049	-0.0004327733531522	0.0007149332139196	5.111295003654085e-07	1.872927751985988e-07	-0.0016294275957475	7.243431278160001e-05	5.246729668142663e-09	2.6550342897834785e-06	-0.0003353526446774	-9.33752503305e-05	1.124613962921265e-07	8.718937374283539e-09	0.0	0.0	0.0
544.7163455352048	2.5225125331145364	296715.89709322865	6.363069479719915	637.1440538524907	4.078285971603805	16.632416466180388	405952.5453595856	520.7688104589503	2.1875785703148267	4.785500001300662	271200.1539468301	583.7509241993404	523.9112579925485	0.964237	20.734877	0.1703200199187879	0.099802051503493	-0.0786359779	0.0236270469	-0.0113833098	0.0464703998	0.0517330631	-0.0041262919	0.1115536382	-0.0311366231	0.1126530541	-0.0918303216	-0.0071566057	0.0039973071	-0.0560910486	0.0278758496	0.0900329905	0.1378614522	0.0333911639	-0.0268016859	0.0523396265	-0.0618078794	0.0665495887	-0.0184474298	0.034922441	-0.150204244	-0.048917489	0.078247755	0.0718582695	0.0002336233	-0.0134444188	-0.156842757	0.0125508154	0.0443917178	-0.0168502405	-0.0609065899	0.0228175141	-0.0766328137	0.0319976988	0.0276285759	-0.1302353504	0.0814134518	-0.1093238191	0.0063901068	0.0098469931	0.0536104033	-0.015482022	0.0691887282	0.0251775994	-0.0670677221	0.1308943814	0.0125081789	0.0009337226	0.0139786333	-0.1103485285	0.0049775712	-0.0805978306	-0.0109687291	-0.0692556071	-0.0139635408	-0.0012657199	-0.0442951916	-0.0873911699	0.0882179547	0.0131851421	-0.1443799186	0.0139883914	-0.0651878697	0.1174415919	0.0608881485	-0.0143363063	0.0447118277	-0.0526555605	0.1045595774	0.0113363362	0.0124472118	-0.0341424567	-0.0251112476	-0.0768587268	0.0118977695	0.0260410025	-0.0016592748	-0.0511153959	-0.1092044698	0.1366119071	-0.1266954345	0.0124548685	0.0358414782	-0.0729353225	0.0232998985	0.1209504151	0.1075694224	0.025424738	-0.1071542885	0.0823538796	-0.0451814325	0.0	-0.0496073183423675	0.0002685999956498	7.214595766307259e-08	0.0024608860331209	0.2447906572372602	0.0672899821718858	0.0045279417006927	0.0599224658706498	0.0608694241865634	0.0243683402724528	0.000593816007634	0.0037050868008037	-0.001415932281496	-0.0009831589283438	9.666014783821294e-07	2.004864225782468e-06	-0.001802054220384	-0.0001726266246365	2.979995153339108e-08	3.2473994132037863e-06	7.672375191829152e-05	0.0004120763965956	5.886534108419542e-09	1.6980695663128966e-07	0.0	0.0	0.0
545.194098976285	0.4777534410801536	297236.6055585632	0.2282483504639278	637.6987596824345	0.554705829943714	0.3076985577735445	406659.7081005153	520.6375698987698	-0.1312405601804585	0.0172240846364805	271063.47919009643	583.4017460711643	530.6610663682479	0.981293	21.101656	0.1944139957143409	0.1111460987115572	-0.0190718235	-0.042372571	-0.0330734768	0.0090712231	-0.0228118435	0.0246689733	-0.040264807	0.0652754824	0.0977639746	0.005845391	0.0218380987	-0.0256017625	0.0012633553	0.0148627099	-0.0523017558	-0.1137820975	-0.0363034979	-0.0993680204	-0.0059546239	-0.0848168948	0.1712776498	-0.0129875122	-0.0204535374	-0.0658092459	-0.003939926	-0.0186059681	-0.0341615474	0.0756776093	0.0373274937	0.0923504382	0.106220411	-0.0620594169	0.0332363977	-0.0779022405	-0.0941451579	-0.027553412	-0.0103174847	0.0028225258	-0.0683091913	0.0057085159	0.1038352997	0.1012027156	-0.0960289885	0.0005238305	0.0118108668	0.0167961435	-0.0473398732	0.0345844227	-0.0755097442	-0.0011630303	0.0246965164	-0.0629600894	0.0092082174	0.0136106761	0.0005192661	-0.1056541469	0.0311965	0.1635964077	-0.0962204409	-0.0390637757	-0.0207199201	-0.1016885289	-0.0017583117	0.0103290131	0.1040800179	0.0841645861	0.1395768417	-0.0428910547	0.0367261488	-0.0073183095	0.0256281956	-0.0631605017	0.0267763125	0.0596827097	0.0141203071	0.0117972724	0.0186087399	-0.0028947284	-0.0587414061	-0.0388921709	-0.0457726061	0.1589607517	-0.0944569088	0.0035849228	0.0062448586	0.066974527	-0.0237724838	-0.0074279489	0.1937187146	-0.1365815318	0.0311427031	-0.1080592651	0.085716014	-0.0518347133	0.0	-0.0461732754938708	0.0034340428484967	1.179265028531134e-05	0.0021319713698328	0.1872782411703752	-0.057512416066885	0.0033076780018504	0.0350731396158692	0.0043776363520038	-0.0564917878345596	0.0031913220927448	1.916370003038514e-05	-0.0003768598481077	0.0010390724333883	1.0796715218274834e-06	1.4202334511575873e-07	-0.0018339268051139	-3.187258472989998e-05	1.0158616573646532e-09	3.3632875265152767e-06	-0.0003918462092515	-0.0004685699611697	1.5354345170477038e-07	2.1955780851066002e-07	0.0	0.0	0.0
546.2281033741393	1.0340043978543465	298365.14091570943	1.0691650947821292	640.7229814946988	3.0242218122643862	9.145917569775689	410525.9390154562	521.9652648072142	1.327694908444414	1.762773769909221	272447.7376652653	586.554323424097	543.8906109534809	1.03188	22.18948	0.1967466337924466	0.1255799578217952	0.0334964142	0.0390731522	0.1088844909	-0.0463993994	0.0552529862	-0.0591223206	-0.0985039333	-0.1787870977	-0.0174747729	-0.0444487545	0.0442546296	-0.0324440493	-0.1008493474	0.1420668033	0.0090322412	0.0059016071	0.089604081	0.0931591173	-0.0614516025	0.0224045661	0.1606124787	-0.1227556798	0.145373881	-0.0737084777	-0.0070822396	0.0891195783	-0.0309317782	0.0063266456	-0.0496774211	-0.0632218472	0.0067900504	-0.0993384794	-0.0455628989	-0.0733921558	-0.0849876579	0.0203262769	-0.076677811	0.1667147351	-0.0901186665	0.0271962083	-0.0108722589	-0.0287679503	-0.015544224	-0.0635714317	-0.0132878597	-0.0286662136	0.0839992691	-0.1586972234	0.0549698872	0.0109412666	0.0458633899	0.0281921906	0.1797336638	-0.0972237448	-0.1354935412	-0.0917315905	0.0587669798	-0.04157708	-0.0134329081	-0.0437705078	-0.1290341799	0.0853373169	0.0529486736	0.0870881534	0.1038826321	0.0551603376	0.1444794755	0.0678552485	-0.0389760061	0.0634984634	-0.0585700868	0.1091230202	-0.0407993066	-0.0306628208	0.0299000621	-0.0224034032	-0.0006327836	0.0367528904	-0.0230137171	0.0681299772	-0.0097519418	-0.130220921	0.0157753428	-0.1429488558	0.0705870078	-0.0109809836	-0.0265210977	-0.0341783888	0.038562866	-0.10581652	0.0512201098	-0.1089162049	0.0889257484	-0.0582806721	0.0	-0.0500348230440437	-0.0038615475501729	1.4911549482246328e-05	0.0025034835170487	0.2881851802780488	0.1009069391076736	0.0101822103600797	0.0830506981318914	0.0242620061961389	0.0198843698441351	0.0003953881640983	0.0005886449446614	-0.0014502754976785	-0.0010734156495708	1.1522211567435025e-06	2.103299019166621e-06	-0.0014902308598263	0.0003436959452876	1.1812690280713703e-07	2.220788015578633e-06	-0.0003670822583006	2.4763950950900026e-05	1.347493843590684e-07	6.132532666985821e-10	0.0	0.0	0.0
544.0452285769331	-2.182874797206182	295985.2107373274	4.76494238027793	635.7240184633072	-4.998963031391668	24.989631389220573	404145.02765113534	521.2661059186175	-0.6991588885966848	0.4888231515037515	271718.3531795594	583.914997203046	536.5806574648526	1.16375	25.025198	0.2375891541446111	0.1579709638538134	0.004351729	-0.038231177	-0.0792988833	0.0545068531	-0.1296923665	0.0919629662	-0.0519734744	0.0114266556	-0.2145452243	0.0145715126	-0.0031219054	-0.009913852	-0.0598891272	0.0545099626	-0.0504027215	-0.0772934428	-0.1079870241	-0.1076602406	0.0540408812	0.0481401146	0.0179121396	-0.0160133561	0.0158062648	0.0522307631	0.0970209476	0.0314840683	0.0162825579	-0.0326963968	0.1330382363	-0.110603693	0.0993552495	0.1222350552	0.0752762848	-0.0891770526	0.0126466789	0.068069862	0.01400061	0.024861349	-0.0204955164	0.0296040652	0.1020288661	-0.0876023039	-0.0317400643	0.0009007189	0.082520797	0.0331020987	-0.0707687645	-0.1072538503	-0.1809144706	-0.0113024121	-0.0205138517	-0.0112692212	0.060857745	-0.055844775	0.157905001	0.0345745364	0.0064566237	-0.0362472949	0.0958710705	0.0045954522	0.0807344704	-0.0132364168	0.0400842286	0.0648198717	0.1460962544	0.0367532074	0.174234378	-0.0944004745	0.0739478411	-0.027123439	0.0621018838	-0.1865298499	-0.0295664767	0.0039814947	-0.027754998	0.0410912862	0.0573902906	0.0420783522	-0.0497816811	0.0156413305	0.0167447135	0.0020728874	-0.0568279162	0.0068982652	0.0959454863	-0.0113696566	-0.0755087586	-0.076311194	-0.0882029904	0.0398014656	0.1100374261	-0.1097247271	0.091977376	-0.064493527	0.0	-0.0458768615695106	0.004157961474533	1.7288643623701432e-05	0.002104686427468	0.1591160919124945	-0.1290690883655542	0.0166588295715152	0.0253179307055054	-0.0117617309538999	-0.0360237371500388	0.001297709638255	0.0001383383150319	-0.000224169582442	0.0012261059152365	1.5033357153779352e-06	5.0252001692220645e-08	-0.0014909765497024	-7.45689876099952e-07	5.56053391317962e-13	2.223011071762473e-06	-0.0002271665203235	0.0001399157379771	5.1604627955887145e-08	1.9576413733676505e-08	0.0	0.0	0.0
544.1495385846389	0.1043100077057488	296098.7203418754	0.0108805777075733	635.8449957572808	0.120977293973624	0.0146355056571806	404298.85862957645	521.8088526514582	0.5427467328406692	0.2945740160092208	272284.4787054312	585.1604701693291	528.0698223509319	1.129456	24.287756	0.2483210417953564	0.1426188374649358	-0.0592567683	0.098923241	0.0332176635	0.0883855235	0.0846610679	-0.0240655625	0.0840056631	-0.0753044883	-0.1055984075	0.0110484541	0.0234753992	0.0278808634	-0.1132191699	0.1206676221	-0.0480927383	0.0393251055	-0.0341601353	0.0928152781	-0.0455477141	0.0965015317	-0.0421842492	-0.0296020608	0.0923436879	-0.082508639	-0.0680939918	0.0122139176	0.1044180764	0.1715647239	0.085468546	-0.0253395627	0.0979640555	0.0771431034	0.0675400783	-0.0230591906	0.1891975244	-0.0089503766	0.029951075	-0.0899367559	-0.0285448299	-0.0793888238	-0.1070207838	0.0902604589	0.0484559873	0.0852218956	-0.0347786776	0.0614564189	0.0589031809	-0.1606436757	0.0156130798	0.0695428722	-0.0252192235	0.0920433671	0.0669293296	0.0665711331	0.1473192907	0.0598400975	-0.1698626144	0.0367469748	-0.0050950579	0.0094609437	-0.0584072695	0.136864473	0.0477987507	-0.1081209228	0.0670574601	-0.0799244633	0.1413398136	0.0913609717	0.0113429808	0.0682363344	-0.0281900298	0.0988980938	0.0559223683	0.0738222641	-0.0241281199	-0.0042246015	0.0897603981	0.0797249929	0.0332618122	-0.0187110191	0.054864728	-0.1806112792	0.0291049003	-0.0308460058	0.0172858453	-0.0488199824	-0.0535648065	-0.1278168576	-0.0406764207	-0.0451627112	0.0334547869	-0.1104844722	0.0948654713	-0.0704484286	0.0	-0.0397115800018781	0.0061652815676325	3.801069680818912e-05	0.0015770095862455	0.2506739472566579	0.0915578553441634	0.0083828408752227	0.0628374278332337	0.0465511726459766	0.0583129035998765	0.0034003947262484	0.0021670116747155	-0.0015039342036079	-0.0012797646211659	1.6377974855878996e-06	2.2618180887817285e-06	-0.0017530628528796	-0.0002620863031772	6.868923031309122e-08	3.073229366146362e-06	7.668258100708067e-05	0.0003038491013305	5.8802182299074906e-09	9.232427637940148e-08	0.0	0.0	0.0
543.4089821237603	-0.7405564608785653	295293.3218527813	0.548423871748986	634.7748228277864	-1.070172929494447	1.145270099022727	402939.0756960476	519.655703066668	-2.153149584790185	4.636053134482147	270042.04972971306	582.9756288702209	523.5799881271336	1.132221	24.347197	0.2058865689858057	0.128964761053222	-0.0641116301	-0.0560413423	-0.0258327988	0.0809067747	-0.1321418001	0.0048442684	-0.0008418483	0.0594046969	-0.1220846569	0.1567752642	-0.0042293664	-0.0420231264	-0.0061439185	-0.0853496744	-0.0153298046	0.0482320723	-0.0704306511	-0.0744952013	0.0859754517	-0.0264871826	-0.200883165	0.0317074744	0.0516154121	0.1901922632	0.1112869052	-0.1289986645	-0.0163757818	-0.076221471	-0.0060536931	0.0043183159	-0.0633475045	-0.0993947214	-0.0351588816	-0.0707387182	0.0888790897	-0.0807944766	0.1063908127	0.0573141575	-0.0451315725	0.0443818339	0.0409300314	-0.0041934873	-0.0360866163	0.02062126	0.0990740655	0.0420348853	-0.0333688576	0.0279628893	-0.0489265849	-0.0513278586	-0.0538767804	-0.0357012169	0.014836769	-0.0844742238	0.2095758112	0.1629868221	-0.029414503	-0.0598846834	-0.0356409528	0.0565191544	0.1395431401	-0.0887752106	-0.0749931297	0.027778249	0.1148822972	-0.1214535102	-0.0433425122	-0.1069265397	0.0622089476	-0.0477758788	-0.0227766727	-0.1559135833	-0.0498685335	-0.0678638065	-0.13390931	0.0399206297	0.0149254734	0.0270181129	-0.0251217439	-0.0060240998	-0.0062415476	0.0480252727	-0.0037817671	0.1090375432	0.0610561116	-0.0594557456	0.0539585425	-0.166157628	-0.1042369673	-0.0059860802	0.0622749946	-0.1111951025	0.0975848992	-0.0761215592	0.0	-0.038294180174347	0.001417399827531	2.009022271085189e-06	0.0014664442352253	0.197911913507113	-0.0527620337495449	0.0027838322053881	0.0391691255080469	-0.0274270664991291	-0.0739782391451057	0.0054727798670104	0.0007522439767476	-0.000153102628901	0.0013508315747069	1.824745943225123e-06	2.344041497639732e-08	-0.001763991178362	-1.092832548240004e-05	1.1942829784927403e-10	3.1116648773389573e-06	-0.0001161354440761	-0.0001928180250831	1.3487441370752952e-08	3.7178790796978095e-08	0.0	0.0	0.0
544.0111532692914	0.6021711455310879	295948.1348813845	0.3626100885102226	637.2605657685275	2.4857429407411478	6.178917967444447	406101.02868362376	519.1198090239839	-0.5358940426841627	0.2871824249843752	269485.3761210975	584.4654265124698	526.8488659241038	1.178929	25.35162	0.2110979616592272	0.129650792905104	-0.0667212831	0.1360270906	0.0020565804	0.0725592986	0.1263457914	-0.0351420514	0.0862071946	0.0094429076	-0.0758940018	0.1157588815	0.021298629	0.0741790928	0.0928831599	-0.0115409799	-0.0021560927	0.0704706635	0.0088753817	0.0425134456	0.023754593	0.1345613808	0.0739716268	-0.1115440381	-0.0934192423	-0.1056641164	-0.1104571559	0.0132944509	-0.0164619628	0.1524057291	0.0175654917	-0.114250318	0.000779134	0.1477727918	0.0889035199	0.0008297508	0.1592039507	0.044071749	0.0550900772	0.1414543905	0.1090693216	-0.0253499966	0.0632190426	0.0647076595	-0.0686981123	0.154276587	-0.0792277414	0.0688161277	0.0325570883	0.0203664488	0.0854907195	0.0256793854	-0.0283838945	0.1295372077	-0.0171199441	-0.0474507473	0.20110818	0.0168846061	-0.1288040146	0.0640624359	0.0198089877	-0.023342098	-0.0200187597	0.185201316	0.0986270627	-0.1726623071	0.0211650065	0.0811268752	0.0705028583	0.1016163401	0.0273346087	0.0784777446	4.26878e-05	0.0963878183	0.0788990769	0.104466835	-0.032291387	-0.0155296919	0.0798941543	0.1023081745	0.087813404	-0.0741247164	-0.0118173216	-0.160941076	0.0367838509	-0.0258327387	0.0081710929	-0.0106241143	-0.0641698421	-0.0852327929	0.0173663666	-0.0336543158	0.0001644498	-0.1118563022	0.1001308247	-0.0814902283	0.0	-0.041838903407438	-0.0035447232330909	1.2565062799215092e-05	0.0017504938383369	0.2405475114236566	0.0426355979165435	0.0018177942097011	0.0578631052521142	0.0636936387082585	0.0911207052073876	0.0083029829174916	0.0040568796118981	-0.0013056166211179	-0.0011525139922169	1.3282885022557369e-06	1.7046347613393222e-06	-0.001480398293453	0.000283592884909	8.042492437100936e-08	2.1915791072585543e-06	-0.0001559672729943	-3.983182891820001e-05	2.4325790245278505e-08	1.5865745949687542e-09	0.0	0.0	0.0
544.5362213938591	0.5250681245677242	296519.69640990195	0.2756965354370672	637.1004304131545	-0.1601353553729723	0.0256433320404281	405896.95843262674	518.1530216101444	-0.9667874138394836	0.9346779035584368	268482.5538037227	582.8230258322222	529.9159855224925	1.194424	25.68482	0.1829882401083573	0.1328687056620323	-0.0324507498	-0.0541067459	-0.0010193079	0.0321579925	-0.0859995105	-0.0057014369	-0.0225947489	0.017427675	-0.100035694	0.195595509	0.0110157204	-0.0610074429	0.0455219045	-0.1636019628	0.0525242194	0.0375756869	-0.0174672722	-0.0350275288	0.0703268811	-0.0696055856	-0.1798365011	0.0483629515	0.1895560595	-0.0140929743	0.0700390859	-0.0059010053	-0.1244961846	0.0803820212	-0.0373711701	-0.0574278136	0.099457474	-0.000542685	0.1172887146	-0.1068026608	-0.0198393783	0.0321777038	-0.1458842738	0.0965674129	0.0273721052	0.0413743401	-0.0003013348	-0.0309711138	-0.0274127683	0.0419009771	0.0816914286	0.0323042779	-0.0506349916	0.1179168834	0.0182622432	-0.0342292369	-0.0504242909	-0.0838031955	0.0609853885	-0.1507700217	0.0980115463	0.1653721972	-0.1085897682	-0.0317903334	-0.0550891565	0.083174861	-0.0414761612	-0.1499016355	0.0529905564	0.0388356327	0.1225839994	-0.0849480283	0.0010561211	-0.1071251571	0.0399844117	-0.0398329774	-0.0482627336	-0.1101216406	-0.1268729524	-0.0617155816	-0.1069466801	0.0600298385	-0.0308597778	0.0673721179	-0.0387247245	-0.0334170655	0.0293023502	0.1051826656	-0.0092473109	0.1062186598	0.0295616616	0.0765708322	0.0344135245	-0.1312375609	0.0627599991	-0.0040897052	0.1209327487	-0.1124677771	0.1024987213	-0.0865329627	0.0	-0.0424675877677458	-0.0006286843603078	3.9524402489563e-07	0.0018034960108111	0.2118649628108215	-0.028682548612835	0.0008226885949276	0.0448867624668307	-0.0507077714688009	-0.1144014101770594	0.0130876826504997	0.0025712780873321	-0.0005625856196218	0.0007430310014961	5.520950691842974e-07	3.165025794052447e-07	-0.0014779688095147	2.4294839382999964e-06	5.902392206457661e-12	2.184391801898299e-06	-0.0001159158192656	4.005145372870001e-05	1.3436477156015244e-08	1.604118945782198e-09	0.0	0.0	0.0
545.6202593006268	1.0840379067676622	297701.46735928324	1.1751381833092147	637.9463590848244	0.8459286716698671	0.7155953175531458	406975.5570695837	519.7654098475174	1.6123882373730112	2.599795828018846	270156.08127395774	584.7066388104633	538.356079559458	1.170949	25.180002	0.175616974588673	0.1214625105023301	-0.009499032	0.133305142	0.0415337432	0.0172053107	0.1396559111	-0.0652607111	-0.0045909728	-0.0295562959	-0.0985561016	0.0913062355	-0.1050193886	0.0887242753	0.0817006207	0.013566939	0.0213863327	0.0249239145	0.0322041829	0.2278501367	0.0248661091	-0.0075737639	0.1151688885	0.0191813331	-0.1859001922	0.1071167366	0.035552095	0.1907092948	-0.068777692	-0.1169207458	-0.0306093669	0.047213807	0.0079142768	0.1170986531	0.0107755535	-0.0104010276	-0.021785871	-0.0303578209	-0.0096681308	0.0569511323	-0.1253561197	-0.0126942477	-0.1545186428	-0.002120204	-0.1234836248	0.0540394472	-0.1074704491	0.0246785777	0.0314587815	0.0799116345	0.0869330795	0.0685509615	0.0521021351	0.0760875821	0.0536480268	-0.1204898534	0.1226534902	0.0295123095	-0.0157191302	0.1402628691	-0.0377462143	-0.0638599876	0.0538970693	0.1695241649	0.1715967002	-0.049933999	-0.2590236489	0.0490057304	-0.0381107846	0.0906667735	0.0322557818	0.0570443581	0.0241072128	0.1093688725	0.0745564779	0.0944945108	0.0546131729	0.0669078121	0.0230365527	-7.2329e-05	0.0797252475	-0.0222629454	-0.0440138478	-0.0113288803	0.0265693422	-0.0556392398	-0.0532628014	0.0130061305	-0.0300310161	-0.1193157704	-0.0116368383	-0.0122937793	-0.1164137964	-0.1130292557	0.1046843788	-0.0912295932	0.0	-0.0409607942718963	0.0015067934958494	2.270426639134356e-06	0.0016777866673846	0.2384973419160303	0.0266323791052087	0.0007092836168035	0.0568809821010118	0.051702610316525	0.1024103817853259	0.0104878862974162	0.0026731599135424	-0.0012940400321911	-0.0007314544125693	5.350255576670998e-07	1.6745396049131431e-06	-0.0015809698277415	-0.0001030010182267	1.060920975575758e-08	2.499465596228988e-06	-4.902284601592281e-05	6.689297324967719e-05	2.403239431500879e-09	4.4746698701820276e-09	0.0	0.0	0.0
545.9468498598433	0.3265905592164699	298057.96287188627	0.1066613933693265	641.6006442678851	3.654285183060665	13.35380019913672	411651.3867249652	519.811715043786	0.0463051962685767	0.0021441712014714	270204.2190967621	585.5778482095733	542.2901451591795	1.171736	25.196939	0.1145907316629827	0.0852656665138306	0.0280727302	-0.0313690085	0.0432322129	-0.0111294228	-0.0463010454	-0.0774514332	0.0428851691	0.1207156951	-0.1370174169	0.1413680667	0.0567942087	-0.2228877231	-0.0398263684	-0.0739216638	0.0627317492	0.0334111042	0.0542336863	-0.1299474589	-0.0030681723	-0.0625054501	-0.0082329141	0.0645228582	-0.0351984455	0.0613519185	0.1089844274	0.0204235358	-0.041097546	-0.0679916689	-0.0819925173	-0.0045387383	-0.0061106022	0.0455343926	-0.0031534479	-0.0880780024	0.0244553983	-0.0974566957	-0.0771929654	-0.0431423608	0.1385658017	0.0749021391	-0.0516932466	-0.0282310009	0.0792024874	0.0070157224	0.0627810604	-0.0279295606	3.39376e-05	0.044636523	0.0522808929	-0.1261474175	-0.0939694896	-0.1700869811	-0.0050388714	-0.0311115165	0.1810564182	0.1729101541	-0.0571823024	-0.0355617635	-0.0541050311	-0.0474472929	-0.0137879357	-0.0419999232	0.0510323087	0.0187877948	-0.0486019528	-0.0546015296	0.0150535788	-0.0702333739	0.0044693557	-0.0430380853	-0.0328418661	-0.0720819861	-0.1501749816	-0.1200984064	-0.0522783784	-0.0698699719	-0.036944033	-0.0676938751	-0.038807959	0.0223708714	0.0539819096	0.063962523	0.0790169955	0.0059362833	-0.0105537619	-0.0368389127	0.0051937783	-0.0863486184	-0.1047159922	0.0725855417	-0.0652315897	-0.1135404882	0.1066839114	-0.0955613349	0.0	-0.0430893728630223	-0.002128578591126	4.530846818599953e-06	0.0018566940537285	0.2407849233508727	0.0022875814348423	5.233028821035591e-06	0.0579773793130856	-0.0310346122199405	-0.0827372225364655	0.0068454479930486	0.000963147155642	-0.0011472069623849	0.0001468330698061	2.1559950388712393e-08	1.3160838145443897e-06	-0.0018038719984689	-0.0002229021707274	4.9685377714987064e-08	3.2539541868601837e-06	-0.0002280345874933	-0.0001790117414773	5.199977309323949e-08	3.204520358676332e-08	0.0	0.0	0.0
545.6933751872886	-0.2534746725547165	297781.2597232949	0.0642494096267207	639.9857145945231	-1.614929673361985	2.607997849905048	409581.7148850624	519.5826094478439	-0.2291055959420873	0.0524893740919789	269966.0880406307	584.4656757117596	543.1275261992618	1.075678	23.131317	0.1021762612046412	0.0524297572289469	0.0229661797	0.105985643	-0.078292041	-0.009583534	0.0673899278	0.0334462555	0.1099840225	0.0437417986	-0.0181418688	0.1172597433	-0.0273666242	0.0873507155	0.0991021666	0.0570612078	-0.0081855297	-0.1553502706	-0.0729222245	0.0810437155	0.0545407158	0.0185080697	0.1122934392	0.0416575596	-0.0101350956	0.0049594626	0.1382286707	0.0484954318	0.0374068881	-0.0611493352	0.0616595226	-0.0276824197	0.0276133079	-0.0231484105	0.0539289687	-0.0024343266	-0.2195760876	0.0325840476	-0.0383922606	0.079149665	0.0584526331	-0.1222929597	-0.0248527942	0.0294140743	0.21157838	0.0060673225	-0.1037840909	0.0006429568	-0.0978659778	0.0871878052	-0.0092260659	0.0661950096	0.1064184911	0.0446356813	0.0278951883	0.0030494415	0.1321130163	-0.0389145463	-0.0111975027	0.0709450842	0.0240113003	-0.0728253228	-0.0924201073	0.0223429099	0.0188837896	-0.0321713063	-0.1800648571	-0.0170236039	-0.0273661855	0.0348090138	0.0267278367	0.0284523458	0.052747234	-0.0297363929	0.0447595931	0.1506562061	0.0995542236	0.1131404848	0.0346498316	-0.0004809065	0.0124899669	-0.0469275033	-0.0328800919	0.0742319191	-0.0140278969	-0.0114732789	-0.0825620624	0.0687671145	0.0814627632	0.0457233022	-0.153762651	-0.0296523729	-0.0775887881	-0.1140012473	0.1084937639	-0.0995108621	0.0	-0.0371739193199545	0.0059154535430678	3.499259062019339e-05	0.0013819002776064	0.2075232755011455	-0.0332616478497272	0.0011063372176792	0.0430659098747243	0.007137509413333	0.0381721216332735	0.0014571108699854	5.094404062541719e-05	-0.0008380492681496	0.0003091576942353	9.557847990488732e-08	7.023265758460801e-07	-0.001815980880061	-1.2108881592099928e-05	1.4662501341149643e-10	3.297786556747124e-06	-5.276039974924592e-05	0.000175274187744	2.783659781700229e-09	3.072104088933792e-08	0.0	0.0	0.0
545.9270086757475	0.2336334884589632	298036.2988016497	0.0545846069295045	643.2211376906788	3.235423096155728	10.467962611137915	413733.4319720912	520.6455916113509	1.0629821635070584	1.1299310799341469	271071.8320643336	586.8484962587061	543.7286830368437	1.072709	23.067471	0.1339666188406766	0.065079807321977	0.031197226	-0.0388772504	0.1705064106	-0.0607047746	-0.0083328007	-0.1729487823	-0.1085216584	-0.1060379493	-0.0160158202	0.0286404787	0.0027691514	-0.1096083686	-0.0906647953	-0.0331650276	-0.0097250868	0.1229406236	0.1025318999	0.0078535173	-0.0204341703	-0.1125186505	-0.0958471863	-0.0052967454	0.0774057734	0.1101023241	0.1184958599	-0.0579324048	0.0451634198	0.0160479972	0.0587304088	-0.0466701609	-0.1161275129	0.0916514566	0.0073299986	0.0903866478	-0.0059945591	0.0924435481	0.0514383743	0.0351159961	-0.0494709817	-0.0021716716	-0.1318652976	0.071378339	0.1538496434	-0.0501690158	0.0331362697	-0.0576248893	0.1578271112	-0.009597245	0.1013493002	-0.0553115084	-0.0100287695	-0.0923781285	0.0925639028	-0.0442171252	-0.0284249123	0.1071314514	-0.0139849588	-0.1148705277	0.0704189125	-0.0760907736	0.041501322	-0.0322634262	-0.0348275894	0.0453277619	0.0210632291	-0.1223466823	-0.0389494738	-0.0228800875	-0.0089762153	-0.0021924579	-0.023472316	0.0809805978	-0.1126825867	-0.1512625003	-0.0244657625	-0.0331013222	-0.0130912012	0.0029881034	-0.0052792212	0.0054663752	0.0993506223	0.0701811756	0.0951967906	-0.0238538733	-0.0181988758	0.0575138832	0.0486080097	0.0227040805	-0.1590382742	0.0032287605	-0.0292587725	-0.1144113283	0.1101107184	-0.103062378	0.0	-0.043382950724407	-0.0062090314044525	3.855207098147742e-05	0.0018820804135563	0.2536428106422903	0.0461195351411447	0.0021270115216352	0.0643346753905207	-0.0152443824026136	-0.0223818918159466	0.0005009490812607	0.0002323911948371	-0.0015126675858899	-0.0006746183177403	4.551098746307525e-07	2.288163225401978e-06	-0.0014778329755049	0.000338147904556	1.1434400535568128e-07	2.183990303489666e-06	-0.0002251173870355	-0.0001723569872862	5.06778379456911e-08	2.9706931066393953e-08	0.0	0.0	0.0
545.1493705736937	-0.7776381020538565	297187.8362368944	0.6047210177659241	638.7644864098501	-4.456651280828737	19.861740638912423	408020.06909843953	519.2624554044995	-1.383136206851418	1.9130657667033288	269633.49759270984	584.4514258038192	542.3281028184248	1.057817	22.747231	0.1101687604760505	0.0719459974533296	0.0236363997	0.0307540232	-0.134625609	-0.0125650615	-0.016865337	0.1674458083	-0.0852833865	-0.0300435225	0.0194987473	0.0355671469	-0.046321418	0.0554179835	0.1588213032	0.0344045442	-0.0218188504	-0.1303246414	-0.1061886144	0.0185339867	-0.0664586529	-0.0302891078	0.0646710461	0.0579497727	0.0098916958	-0.025725641	-0.0338376617	-0.1060832949	-0.0735084878	-0.0716775555	-0.1848856013	0.0215808918	0.1210223307	-0.0636469183	-0.0924569439	0.0727917602	0.0014640351	-0.0614994661	0.0734067185	-0.0557849429	0.0317718941	-0.0199870181	-0.0094419259	0.0082222085	-0.1441883499	-0.0219182598	-0.0604660514	-0.0085899338	-0.1385842252	0.0653097391	-0.1279095754	0.0145460052	0.0486654223	-0.0259374865	0.0783763311	-0.0071428725	-0.0348027388	-0.118107063	0.0585530985	0.0941265626	0.0100760373	0.1214789721	0.0254047662	-0.0163700296	-0.0391245268	0.0537955238	0.0832757203	0.1705272863	-0.1176334144	-0.0066802441	0.0306815509	0.0014717762	0.0485981257	-0.1301322831	0.0044118004	0.1221217569	0.07799012	0.0193175788	0.0877304884	-0.0501159469	0.0278012886	-0.0260440167	-0.0738797748	0.1396351861	-0.057627146	0.0575834391	0.0053878536	-0.0282981594	0.0829160576	0.0544856107	-0.0866093734	0.0128780021	-0.1318459642	-0.1147705489	0.1115319001	-0.1062016776	0.0	-0.0402176710293389	0.0031652796950681	1.0018995548010406e-05	0.0016174610630241	0.2039333520640553	-0.0497094585782349	0.0024710302721412	0.0415888120840819	-0.0154558416110361	-0.0002114592084225	4.4714996826670466e-08	0.0002388830399054	-0.0006431760584016	0.0008694915274883	7.560155163739372e-07	4.1367544210101844e-07	-0.0017279318265035	-0.0002500988509985	6.25494352708199e-08	2.985748397043721e-06	-0.0002030565056359	2.20608813996e-05	4.1231944481062294e-08	4.86682488127217e-10	0.0	0.0	0.0
545.8505721943884	0.7012016206947465	297952.84716494125	0.491683712864939	642.0498369470828	3.2853505372327163	10.793528152495298	412227.9931237756	520.1526762422149	0.8902208377153329	0.7924931399025891	270558.8066019384	585.8047398951659	545.4431441509662	1.011823	21.758163	0.203332366855885	0.1236444079448446	0.0339556965	0.0158034375	0.1256719854	-0.0480675972	0.0658995083	-0.1164048847	-0.0135908098	-0.1358655586	-0.0072299637	-0.1155116961	-0.0301128391	0.0026375007	-0.0155208287	-0.0049752561	0.0546317665	0.0505597057	0.1142372449	0.0228534886	0.0286389024	-0.018427929	-0.0137933603	-0.0404518655	0.0683919713	-0.0820291467	-0.1020857677	-0.0688980697	-0.1096273011	0.079302042	0.0401391527	-0.0506430206	-0.145732714	0.0601380666	-0.0173917346	0.1345304763	0.0210449858	0.0042116792	0.0594968797	-0.2091551195	0.0762917657	0.0727792706	0.079930662	0.032613067	-0.0755807602	0.0004180528	-0.0223247884	-0.0206094843	0.0992695714	-0.0266884726	0.0745955934	0.0276301993	0.0120733461	-0.0206633145	-0.0038127979	-0.0124323132	-0.2247772142	-0.0401054905	-0.0230306909	-0.0028041948	-0.0057063701	-0.0135302868	-0.0608438297	0.0732226077	0.0967132971	0.1646993065	0.167478502	0.0131182828	-0.0946588226	0.0465914839	-0.0272008812	0.0366339246	-0.0738003232	0.1505919955	-0.0904841844	-0.0547143136	0.0151316541	0.0264104604	-0.038304302	-0.0168222894	0.0518216104	0.0083671379	-0.0277595411	-0.048151645	0.0219320318	-0.0856235717	0.0053580924	-0.0365363393	0.0033044438	0.0298319814	-0.0373403934	0.0144618559	0.0011698494	-0.1150787493	0.1127547821	-0.1089162049	0.0	-0.049790013138093	-0.0095723421087541	9.16297334470269e-05	0.0024790454082914	0.2988183447668007	0.0948849927027453	0.0090031618402	0.0892924031691705	0.0188548491135591	0.0343106907245952	0.0011772234979988	0.000355505335095	-0.0016359375214877	-0.0009927614630861	9.85575322588854e-07	2.6762915742113197e-06	-0.001709064770434	1.8867056069500057e-05	3.5596580472965896e-10	2.920902389538621e-06	7.66018016043076e-05	0.0002796583072402	5.8678360090257025e-09	7.820876880845834e-08	0.0	0.0	0.0
544.8611924354825	-0.9893797589058976	296873.7190222159	0.9788723073326924	639.4552346784516	-2.5946022686312062	6.731960932386202	408902.9971576736	520.519905606072	0.3672293638571773	0.1348574056789471	270940.97213215416	585.162171514088	540.8196666500112	0.99968	21.497057	0.1949203342941912	0.1155699343695539	0.0174453244	-0.0300057478	-0.0935059845	-4.32655e-05	-0.0388531431	0.0755713228	0.0348082508	0.1463287259	-0.0125748722	-0.1572067549	0.0279580921	-0.0864723345	-0.0184071045	0.0234842535	-0.0056957169	-0.1171555872	-0.0592519837	-0.0597825411	-0.1210334959	0.0072120599	-0.0821649062	0.0025635579	-0.0046528573	-0.0454781749	-0.108031899	0.0009164466	0.0073902441	-0.0965962593	-0.1886224255	0.1229416685	0.0074058821	0.0391566272	-0.0611431864	0.0713007838	0.0828596072	-0.0860007263	-0.1687718645	-0.0156188462	0.0967046907	-0.0770044308	0.0314587611	0.0093537813	0.0182365673	-0.0184528062	0.0106994422	-0.0204386867	-0.068383045	-0.0420130161	-0.1141774857	-0.097756614	-0.0660932752	-0.0740036711	-0.0363295496	0.1670585516	-0.109229008	-0.0603451492	-0.0130317976	0.0101931685	0.0138248334	-0.0138884202	0.0320053044	-0.0006007395	-0.0510816277	-0.0726090775	0.0970601549	0.0474186885	-0.1700598376	-0.0351770317	0.0325846502	3.0274e-06	0.0373631657	-0.1137456119	-0.0541622737	-0.0091636505	0.0299725565	-0.0973550801	0.0918180254	-0.0399864275	0.0074573785	-0.0159027092	-0.1059386019	0.0726060028	-0.0391235749	0.0318599403	0.0296060285	-0.1180949051	-0.0204758217	0.0372331255	-0.0124553182	0.0909687785	-0.0324090363	-0.1153357926	0.1137771902	-0.1111951025	0.0	-0.0467803479251074	0.0030096652129856	9.058084694255676e-06	0.0021884009519941	0.2258044322066865	-0.0730139125601141	0.005331031427336	0.050987641604184	-0.024260031803557	-0.0431148809171161	0.0018588929564971	0.0005885491431095	-0.0004977170804965	0.0011382204409912	1.295545772290202e-06	2.477222922179595e-07	-0.0017639408073493	-5.4876036915299953e-05	3.011379427529363e-09	3.1114871718321e-06	-0.0002459392325687	-0.000322541034173	6.048610611648113e-08	1.0403271872539327e-07	0.0	0.0	0.0
546.0301538905713	1.1689614550888336	298148.92895776103	1.3664708834834032	641.6943634378034	2.2391287593518427	5.013697600956522	411771.6560678477	521.062331975479	0.5424263694069396	0.2942263662279936	271505.95380372426	586.1049105694312	541.3846670885366	0.911393	19.598524	0.123279424361215	0.0673924594878596	0.0044764617	-0.0077497133	0.0119820598	-0.0214871701	0.0456329821	-0.0314893265	0.1049023216	-0.0413241746	0.1261868958	-0.1268715219	0.0610415725	0.0698964959	-0.0467430438	0.0308044398	-0.0031514316	0.1101662863	0.0372588299	-0.062925501	-0.0441322975	0.052054334	0.0638782677	0.0293974339	0.0022079639	-0.0168375276	-0.1041329764	0.0369348538	0.0218097647	-0.0583193157	0.0470271323	0.1324897873	0.0832473926	-0.0089249636	0.0698246069	-0.1382735265	0.0124619214	0.1847423887	0.1361136088	-0.0171056684	-0.0696894444	0.0286638305	-0.0866260333	-0.0032380546	0.1300396139	0.0789813356	-0.0281177903	-0.0069649056	0.0562260757	-0.0709688554	0.0787304445	0.012282051	0.0602183133	-0.00303902	-0.1524439615	0.0565304937	-0.0907077362	-0.0376269377	-0.0159503017	-0.0282196528	0.0467853102	0.0836568802	-0.0974781063	0.0680012157	-0.0917556113	0.0289115952	0.0186659359	-0.0294315083	-0.0071045492	0.0299352041	-0.0009027157	0.0536747034	-0.0141005596	0.0937265636	-0.0868321193	-0.0198373268	0.0517046052	0.0483382455	-0.0323517034	0.0573300471	0.0227735852	0.0350556761	-0.0376199562	-0.087317203	0.0984937392	-0.0603021299	-0.0054298361	-0.0771314959	-0.0010855537	0.0081400338	0.0508119689	0.0698494731	0.0942905124	-0.1155415645	0.1145973067	-0.1130292557	0.0	-0.0499392146802222	-0.0031588667551148	9.978439176569508e-06	0.0024939251628773	0.2620411339814694	0.0362367017747828	0.0013130985555145	0.0686655558982943	-0.0111852056372043	0.0130748261663527	0.0001709510792803	0.0001251088251465	-0.0013489982703633	-0.0008512811898668	7.246796642210348e-07	1.8197963334431751e-06	-0.0014490033302534	0.0003149374770958	9.918561447953045e-08	2.099610651085444e-06	4.022693767892754e-06	0.0002499619263365	1.6182065150243198e-11	6.248096461790023e-08	0.0	0.0	0.0
546.6058682239141	0.5757143333427166	298777.9751768189	0.3314469936162486	640.59786018544	-1.0965032523633909	1.202319382443494	410365.61847416457	521.2985408044917	0.236208829012753	0.055794610903576	271752.16864489234	587.0506715948303	548.852144224862	0.976134	20.990715	0.1903432640226834	0.1042964137676733	0.0591876895	-0.0827442965	-0.030620293	-0.0545841964	-0.0845485347	0.0366319287	0.0070216361	0.1717635745	-0.0047090108	-0.1500980014	0.095184775	-0.0458240418	-0.0429790035	-0.0202866871	-0.0497903669	-0.0375330383	0.0218682564	-0.1688493007	-0.0372774469	-0.0296855644	0.0107273535	-0.0137543729	0.0325104637	0.1064	0.07299516	-0.0784149261	0.0357483915	0.0222357814	0.039138947	0.10590725	-0.0334533764	0.0227123303	-0.0929209915	0.0494545757	0.0930911187	0.0729275853	0.0837867509	0.0319643864	0.1487361764	0.074950431	-0.0218349271	0.0111450123	-0.225422008	0.0273342378	0.0365366673	-0.0919083294	-0.0064242523	-0.0359282118	-0.0738010748	-0.1365651309	-0.0129693847	-0.1111706438	-0.1052192561	0.0858238652	0.0475781043	0.0519475105	0.0260841825	0.0434170812	0.1587282499	-0.0334125622	0.0647815902	-0.0489303449	-0.0934141734	-0.0012120835	0.0221035508	0.0071789899	0.0339101021	-0.0683520911	0.037145116	-0.0456734002	0.0506046899	-0.0924338875	-0.130738331	-0.1006007803	0.0151649975	-0.0924970563	0.1293418109	-0.0008663193	-0.0174093781	0.0182151807	-0.1093416168	0.0491335209	-0.0233050005	0.1025582103	-0.0612912897	-0.0260636627	-0.0543074352	0.1316103541	0.0551739019	0.107468847	0.1293741238	-0.1156959735	0.1152136733	-0.1144113283	0.0	-0.0325909433685751	0.0173482713116471	0.0003009625175025	0.0010621695896536	0.20564077334393	-0.0564003606375393	0.0031810006800445	0.0422881276614895	-0.0601241471995166	-0.0489389415623123	0.0023950200012394	0.0036149130764691	-0.0002876123626732	0.0010613859076901	1.1265400450431373e-06	8.272087116246032e-08	-0.0015959781475927	-0.0001469748173393	2.16015969319206e-08	2.5471462475934265e-06	-0.0001407303914264	-0.0001447530851942	1.9805043071027757e-08	2.095345567326617e-08	0.0	0.0	0.0
547.1653193581928	0.5594511342787882	299389.8867083532	0.3129855716458227	643.7712955932833	3.173435407843272	10.070692287753392	414441.48102985456	521.2220251621344	-0.0765156423573216	0.0058546435253535	271672.39951411664	588.0424089120004	555.1821630276959	1.026786	22.079947	0.2148131239893421	0.1267466011729797	0.0768692833	0.0776895944	-0.019926628	-0.0507630679	0.0833685708	0.0872762426	0.0615841939	-0.0393793457	0.0944944975	-0.0120530978	0.1358381553	0.1954723445	-0.0397994341	0.112130363	-0.0436590823	0.0324962751	-0.0149182565	0.0010230638	0.0231982899	-0.0124122488	0.0286095154	0.0358460775	-0.0702336964	0.0191841853	-0.093759079	0.0293780118	0.1413406292	-0.0024104226	-0.005762021	0.0699963303	0.1103629082	-0.0574420224	-0.0750122649	-0.0367011893	0.0441768247	-0.0774665387	-0.0353631012	0.0635282194	-0.1440324686	-0.0546631365	0.0957365086	-0.0508864814	0.0986890311	0.0249476226	-0.084730192	-0.0655359782	0.0253582857	-0.0932492597	0.0006561243	0.0548904639	0.115155799	0.0026602705	-0.1276770656	0.0232572794	0.0075477628	-0.0624922723	0.0726610337	-0.001875674	0.0100853034	0.1108331498	-0.0188148025	0.013033228	-0.1206277307	-0.1338305066	-0.1928785804	0.0216376057	-0.0042484824	0.0726645762	0.0047850608	-0.0001921872	0.0046733374	0.0431455814	-0.0498559351	0.0301267422	0.1114966113	0.1088484157	0.0396845025	0.0818916461	-0.0018426107	0.0488635211	-0.1322106231	-0.088912998	0.0211430373	-0.0147050965	-0.0553460962	-0.0780105369	0.0263368305	0.1048407678	0.1616468329	-0.0339759152	0.070999876	-0.115798951	0.1156251942	-0.1153357926	0.0	-0.0242780128319992	0.0083129305365758	6.910481410593605e-05	0.0005894219070707	0.2666284057887083	0.0609876324447782	0.0037194913112193	0.071090706773428	0.019439341829198	0.0795634890287146	0.0063303487864223	0.0003778880107524	-0.0013310187927557	-0.0010434064300825	1.0886969783375074e-06	1.7716110266688412e-06	-0.0017499877652515	-0.0001540096176587	2.3718962331409717e-08	3.0624571785299387e-06	-1.9164999582233508e-05	0.0001215653918441	3.6729720898701047e-10	1.4778144494225738e-08	0.0	0.0	0.0
547.4101871730591	0.2448678148662111	299657.9130208435	0.059960246757353	644.6359842375847	0.8646886443013955	0.7476864515837852	415555.5521739596	521.8606256516108	0.6386004894764028	0.4078105851595012	272338.5126054907	588.665979739043	556.5461245126675	1.051237	22.60574	0.1776168246581784	0.1055945898531997	0.0862274955	-0.0676914883	0.1229806488	-0.0890335135	-0.0276365471	-0.0662070097	-0.0461364515	-0.0105601149	-0.0382639331	-0.0085362736	0.0699896877	-0.0118016338	-0.0883064362	0.0111896268	-0.1017040842	0.0425685237	0.0838127323	-0.1184366572	-0.0265036594	-0.0453339424	0.0123397907	0.1444503052	0.0129373073	0.0925981761	0.0946572421	-0.1222565655	-0.1285401494	0.052423238	0.0991365458	0.1041102648	-0.0827430776	-0.0862269635	0.0207446788	0.0197581751	0.0527132035	0.0403955373	-0.0455123371	-0.0137885518	0.0501910473	-0.157764856	-0.0243002121	0.0240395279	0.0132266295	-0.1374864547	0.0412454122	-0.1136176306	0.0891172584	-0.0439692987	-0.0078279028	-0.0034437347	0.043556572	-0.1264832115	-0.0064222833	-0.0009733509	0.1072638394	0.0592258923	-0.0050069169	0.0140219338	0.0103394	-0.0069299029	0.0927712108	-0.1720243946	-0.1037915482	0.2057912023	0.0487824511	0.0777375904	-0.0232698822	-0.0683594181	0.0228598807	-0.0391693516	0.031922838	-0.0029659662	-0.1316729389	-0.1935951188	0.007745974	0.0165786	0.0965921782	0.0207335326	-0.0796356662	0.0107478442	-0.0155963472	0.0987980733	-0.1151149995	0.0562746369	-0.0473881411	0.0114302802	-0.0433297985	-0.0676970986	0.0316418288	-0.0169987167	0.0698803813	-0.1158504512	0.1158311377	-0.115798951	0.0	-0.0370578580315736	-0.0127798451995743	0.000163324443325	0.0013732848418882	0.2244182019367144	-0.0422102038519938	0.0017817013092268	0.0503635293605079	-0.0523725252458859	-0.0718118670750839	0.0051569442528095	0.0027428814006309	-0.0004630010338091	0.0008680177589466	7.534548298466778e-07	2.1436995730829539e-07	-0.0016199963607059	0.0001299914045456	1.689776525573784e-08	2.62438820870036e-06	-8.759924439069838e-07	1.8289007138326524e-05	7.673627617821303e-13	3.344877821057586e-10	0.0	0.0	0.0
