#!ascii label  , from subject sub-v1s2x0051476_ses-1 vox2ras=TkReg
4472
132582  -15.445  -97.357  12.543 0.8999999762
133368  -15.903  -98.059  11.926 0.8000000119
13  -16.580  -98.129  11.284 0.8000000119
65  -17.478  -97.261  10.085 0.8000000119
11  -15.026  -97.399  11.216 0.8999999762
18  -15.676  -98.039  10.205 0.8000000119
28  -16.730  -96.892  9.584 0.8000000119
148728  -16.304  -96.248  8.278 0.8000000119
135102  -13.881  -96.810  8.785 0.8000000119
73  -14.721  -96.689  8.634 0.8000000119
27  -16.134  -96.680  9.215 0.8000000119
1057  -8.576  -91.703  20.228 0.6999999881
609  -10.236  -94.020  19.137 0.8000000119
429  -10.910  -94.924  17.974 0.6999999881
119  -13.788  -95.942  17.039 0.6000000238
186  -18.161  -95.867  6.283 0.5000000000
93  -17.619  -95.831  6.388 0.6999999881
197  -18.199  -95.607  4.776 0.6000000238
90  -15.684  -95.508  6.312 0.8000000119
86  -15.182  -95.734  7.117 0.8000000119
95  -16.129  -95.533  5.810 0.6999999881
188  -14.289  -95.233  6.035 0.8000000119
1063  -8.530  -91.531  19.397 0.8000000119
144886  -9.586  -93.158  19.025 0.8000000119
1763  -9.338  -89.029  18.517 0.8000000119
148294  -10.376  -94.400  17.399 1.0000000000
275  -11.940  -95.919  15.747 0.8999999762
145  -13.115  -96.452  15.112 0.8999999762
37  -13.449  -96.479  14.360 0.8999999762
31  -14.047  -96.658  15.050 0.8999999762
6  -14.358  -96.862  12.307 0.8999999762
148844  -18.041  -96.393  8.023 0.5000000000
143007  -18.170  -95.704  5.428 0.5000000000
156113  -17.867  -95.811  5.975 0.6999999881
203  -17.775  -95.563  4.196 0.6000000238
362  -18.551  -95.138  3.210 0.6000000238
7  -14.907  -97.318  12.062 0.8999999762
97  -17.495  -95.660  5.761 0.6999999881
207  -17.937  -95.277  3.430 0.6999999881
63  -13.453  -97.119  11.107 0.8999999762
68  -13.632  -97.045  9.552 0.8999999762
72  -13.163  -96.756  9.073 1.0000000000
67  -12.806  -96.582  9.497 0.8999999762
353  -13.118  -95.053  4.799 0.8000000119
201  -15.747  -95.301  4.334 0.6999999881
504  -11.918  -94.624  5.386 1.0000000000
139720  -12.919  -94.617  4.139 0.8000000119
359  -13.374  -94.492  3.908 0.8000000119
4914  -9.890  -83.233  20.525 0.6999999881
1399  -7.875  -90.321  20.583 0.6999999881
608  -9.705  -93.414  18.203 0.8000000119
1781  -10.089  -89.629  16.922 0.8999999762
134  -12.298  -96.127  15.038 1.0000000000
44  -13.610  -96.511  13.542 0.8999999762
372  -18.203  -94.817  2.714 0.6000000238
723  -18.630  -92.818  2.148 0.6000000238
145017  -14.215  -96.172  7.511 0.8000000119
345  -11.999  -95.066  5.907 1.0000000000
136912  -14.800  -95.090  5.395 0.8000000119
145057  -17.354  -94.552  2.706 0.6000000238
205  -15.490  -95.076  3.851 0.6999999881
721  -17.234  -93.579  2.655 0.6000000238
337  -11.911  -95.189  6.552 1.0000000000
717  -12.627  -93.677  2.407 0.6999999881
1762  -8.536  -89.205  19.365 0.8000000119
133402  -8.022  -90.044  19.585 0.8000000119
3696  -10.465  -85.264  19.907 0.8000000119
413  -10.980  -94.363  19.327 0.6000000238
824  -9.301  -92.649  18.280 0.8000000119
615  -9.819  -93.613  17.230 0.8999999762
1408  -8.975  -90.374  17.885 0.8999999762
621  -10.149  -94.211  16.579 1.0000000000
276  -12.403  -96.020  16.343 0.8999999762
136  -13.564  -96.501  15.830 0.8000000119
146735  -14.315  -96.544  15.758 0.8000000119
155276  -14.777  -96.572  14.529 0.8999999762
151  -12.971  -96.369  13.784 1.0000000000
57  -12.923  -96.741  11.503 0.8999999762
133060  -13.297  -97.098  10.318 0.8999999762
85  -14.235  -95.789  6.779 0.8000000119
195  -16.975  -95.534  5.136 0.6999999881
360  -14.006  -94.636  4.019 0.8000000119
361  -14.840  -95.034  4.070 0.6999999881
522  -16.450  -94.284  2.951 0.6000000238
137850  -11.597  -94.707  7.171 1.0000000000
705  -11.720  -93.226  4.815 1.0000000000
519  -13.579  -94.015  2.929 0.6999999881
368  -14.177  -94.396  3.635 0.8000000119
521  -15.123  -94.303  3.559 0.6000000238
7241  -15.047  -80.673  1.678 0.8000000119
153170  -11.773  -93.742  3.882 1.0000000000
157797  -11.948  -93.953  3.202 0.8000000119
520  -14.254  -94.006  3.230 0.6999999881
710  -15.047  -93.116  3.549 0.6000000238
697  -11.667  -93.503  6.478 1.0000000000
735  -13.899  -92.739  0.772 0.8000000119
1536  -12.207  -90.185  1.005 0.8999999762
734  -13.361  -92.744  0.801 0.8000000119
1911  -12.924  -89.703  -0.292 0.8999999762
737  -13.623  -92.362  0.047 0.8000000119
2592  -8.553  -87.901  20.849 0.6000000238
1081  -8.958  -91.107  17.595 1.0000000000
834  -9.532  -92.844  16.649 1.0000000000
3703  -8.604  -85.196  19.064 0.8999999762
3160  -10.101  -86.757  17.609 0.8999999762
842  -9.602  -92.619  15.870 0.8999999762
859  -10.341  -92.069  13.788 1.0000000000
875  -11.104  -92.190  13.095 1.0000000000
627  -9.721  -93.431  16.231 1.0000000000
136564  -9.709  -93.186  15.470 1.0000000000
642  -10.482  -92.875  13.637 1.0000000000
866  -10.945  -92.831  13.085 1.0000000000
876  -12.375  -92.380  12.684 1.0000000000
454  -10.806  -94.347  13.762 1.0000000000
1125  -12.293  -91.566  12.660 1.0000000000
2169  -10.252  -88.659  16.207 0.8999999762
155129  -11.463  -95.350  14.178 1.0000000000
868  -12.469  -93.250  12.820 1.0000000000
877  -13.384  -93.176  12.507 1.0000000000
297  -12.018  -95.073  13.191 1.0000000000
462  -12.868  -95.040  12.729 1.0000000000
298  -12.767  -95.601  12.773 1.0000000000
660  -14.036  -94.137  12.007 1.0000000000
169  -12.773  -96.378  11.026 1.0000000000
305  -12.985  -95.350  11.381 1.0000000000
62  -12.883  -96.914  10.844 0.8999999762
4544  -11.791  -84.005  1.134 0.5000000000
146823  -12.677  -96.161  10.310 1.0000000000
174  -12.589  -96.131  9.685 1.0000000000
4529  -12.247  -84.074  2.229 0.6999999881
147623  -11.718  -94.975  8.869 1.0000000000
321  -11.914  -95.543  8.482 1.0000000000
5806  -13.459  -82.483  2.243 0.8000000119
141961  -11.739  -92.959  5.814 1.0000000000
719  -15.514  -93.923  3.319 0.6000000238
136835  -14.358  -82.051  0.797 0.8000000119
139529  -14.475  -80.456  3.146 0.8000000119
718  -14.651  -93.857  3.218 0.6000000238
133761  -11.670  -92.854  3.911 1.0000000000
932  -14.515  -93.208  2.967 0.6999999881
7253  -16.081  -79.626  1.134 0.8000000119
135830  -11.696  -91.632  3.182 1.0000000000
727  -12.276  -93.158  1.904 0.8000000119
730  -14.259  -93.232  1.924 0.8000000119
943  -15.331  -92.155  1.403 0.6999999881
736  -14.512  -92.601  0.876 0.8000000119
1192  -15.975  -91.390  1.600 0.6999999881
1556  -13.031  -90.583  -0.640 0.8999999762
1912  -13.383  -89.731  -0.878 0.8999999762
1211  -14.887  -91.050  -1.583 0.8000000119
1217  -15.545  -90.829  -2.104 0.8000000119
2332  -14.344  -88.896  -1.600 0.8000000119
157151  -7.647  -82.705  23.422 0.6000000238
158940  -8.033  -85.437  19.601 0.8999999762
1770  -8.645  -89.830  18.712 0.8000000119
1097  -9.787  -91.762  15.488 0.8999999762
1118  -10.653  -91.129  13.620 1.0000000000
3124  -6.995  -86.850  20.742 0.8999999762
151629  -10.022  -88.326  18.351 0.8999999762
1419  -9.582  -90.619  16.889 0.8999999762
1124  -11.533  -91.785  12.947 1.0000000000
1475  -12.217  -90.660  12.683 1.0000000000
3148  -8.341  -86.418  18.475 0.8999999762
3713  -9.428  -85.508  18.446 0.8999999762
157105  -10.643  -87.477  17.785 0.8999999762
2621  -10.352  -87.546  17.122 0.8999999762
1126  -13.387  -92.201  12.338 1.0000000000
140488  -8.254  -87.220  17.874 0.8999999762
2614  -8.600  -87.550  17.275 0.8999999762
136727  -12.060  -94.461  13.113 1.0000000000
659  -13.334  -93.901  12.709 1.0000000000
469  -13.089  -95.245  11.971 1.0000000000
879  -15.172  -93.032  11.519 1.0000000000
4527  -10.270  -84.660  2.505 0.5000000000
669  -14.083  -94.233  10.340 1.0000000000
140554  -10.445  -83.729  1.470 0.5000000000
312  -13.396  -94.912  10.828 1.0000000000
143718  -11.698  -84.410  2.650 0.5000000000
477  -12.602  -95.155  10.103 1.0000000000
891  -13.241  -93.106  8.996 1.0000000000
5156  -11.001  -83.234  0.017 0.5000000000
159652  -12.099  -95.199  9.521 1.0000000000
688  -12.413  -93.259  8.605 1.0000000000
1496  -13.087  -90.882  7.063 1.0000000000
1848  -13.570  -90.335  6.874 0.8999999762
487  -11.668  -94.385  8.248 1.0000000000
913  -11.788  -92.608  6.623 1.0000000000
1495  -12.465  -91.192  6.657 1.0000000000
1501  -12.960  -90.756  6.325 1.0000000000
2268  -14.619  -88.777  5.433 0.8999999762
1505  -12.678  -90.501  5.469 1.0000000000
5157  -11.797  -83.275  -0.215 0.5000000000
5137  -12.541  -83.569  1.497 0.6999999881
1158  -11.915  -91.393  5.933 1.0000000000
141064  -11.048  -82.706  -0.517 0.5000000000
5833  -13.684  -82.639  0.409 0.8000000119
1161  -11.851  -91.631  5.222 1.0000000000
940  -11.855  -92.603  1.828 1.0000000000
5851  -12.146  -82.451  -1.320 0.5000000000
157473  -11.744  -91.337  3.823 1.0000000000
729  -13.462  -93.175  1.502 0.8000000119
1183  -15.402  -91.581  3.505 0.6000000238
6572  -13.570  -82.232  -1.892 0.4000000060
5834  -14.133  -82.423  -0.317 0.8000000119
137879  -15.538  -80.412  0.932 0.8000000119
7932  -17.236  -79.362  1.941 0.8000000119
1529  -11.740  -91.046  2.454 0.8999999762
147153  -14.852  -92.694  1.322 0.6999999881
1881  -11.892  -90.205  2.205 0.8999999762
1547  -12.555  -90.155  0.267 0.8999999762
157823  -12.599  -91.831  0.237 0.8999999762
154109  -14.968  -92.069  0.176 0.8000000119
1210  -14.277  -90.992  -1.570 0.8999999762
137587  -14.959  -91.724  -0.353 0.8000000119
951  -15.581  -91.673  -0.191 0.6999999881
1195  -16.667  -91.367  0.503 0.6000000238
131938  -16.250  -91.146  -0.551 0.6999999881
952  -17.024  -91.007  -0.481 0.6000000238
2327  -13.611  -88.194  -0.382 0.8999999762
2338  -16.013  -87.961  -2.653 0.8000000119
144725  -15.626  -88.730  -2.735 0.8000000119
1569  -16.157  -90.581  -2.548 0.6999999881
1577  -18.194  -89.901  -2.916 0.5000000000
144967  -7.505  -83.197  24.860 0.6000000238
4274  -7.208  -84.673  22.995 0.8000000119
3678  -7.281  -84.993  22.120 0.8999999762
2131  -9.382  -87.641  19.740 0.8000000119
4312  -9.741  -84.270  19.436 0.8999999762
1801  -10.213  -89.706  15.313 0.8999999762
1441  -9.983  -89.822  14.615 0.8999999762
1466  -10.416  -90.139  13.318 1.0000000000
1476  -13.843  -90.873  12.377 1.0000000000
1468  -14.541  -90.540  12.470 1.0000000000
1469  -15.321  -90.573  12.302 1.0000000000
2168  -8.960  -88.557  16.095 0.8999999762
148708  -14.583  -92.292  11.952 1.0000000000
1128  -15.485  -92.060  11.689 1.0000000000
463  -13.442  -94.692  12.447 1.0000000000
471  -14.338  -94.245  11.125 1.0000000000
662  -15.490  -93.049  10.816 1.0000000000
893  -14.835  -93.047  9.354 1.0000000000
4514  -11.676  -84.837  3.320 0.5000000000
1139  -15.126  -92.329  9.204 1.0000000000
482  -13.011  -94.480  9.955 1.0000000000
156946  -14.424  -89.944  7.905 0.8999999762
1497  -13.654  -90.504  7.433 0.8999999762
5831  -9.643  -82.662  0.489 0.5000000000
2263  -14.635  -89.404  7.037 0.8999999762
153225  -14.113  -89.925  6.704 0.8999999762
910  -11.966  -92.341  7.343 1.0000000000
1154  -11.968  -91.664  6.631 1.0000000000
2778  -14.418  -88.344  4.659 0.8999999762
136085  -13.248  -89.907  5.176 0.8999999762
2288  -13.217  -88.895  3.974 0.8999999762
2785  -14.220  -88.161  4.082 0.8999999762
1864  -12.008  -90.087  3.837 0.8999999762
7931  -16.320  -79.354  1.948 0.8000000119
144391  -12.699  -88.756  2.364 0.8999999762
135582  -15.140  -92.036  2.935 0.6999999881
7242  -15.587  -79.804  1.792 0.8000000119
1184  -15.642  -90.913  2.979 0.6000000238
6582  -14.654  -81.045  -2.395 0.4000000060
7252  -15.485  -81.183  -0.165 0.8000000119
7273  -15.212  -80.582  -2.203 0.5000000000
7265  -15.788  -80.571  -0.763 0.5000000000
147099  -16.792  -79.170  1.302 0.6999999881
138392  -17.882  -80.518  2.476 0.8999999762
1202  -13.136  -91.393  -0.551 0.8999999762
948  -17.069  -91.276  -0.160 0.5000000000
2331  -13.747  -88.928  -0.966 0.8000000119
159815  -16.840  -90.867  -0.869 0.6999999881
953  -17.930  -90.908  -0.533 0.5000000000
134259  -14.707  -88.010  -1.656 0.8000000119
1220  -17.865  -90.604  -1.689 0.6000000238
1925  -18.405  -89.379  -3.529 0.5000000000
4888  -8.042  -82.828  22.179 0.6999999881
132541  -9.652  -85.095  21.664 0.6000000238
3697  -10.456  -85.127  19.427 0.8999999762
1811  -8.840  -89.144  14.441 1.0000000000
1815  -9.786  -89.409  13.320 1.0000000000
2213  -11.389  -89.062  12.781 1.0000000000
155635  -13.113  -90.539  12.580 1.0000000000
2602  -7.291  -87.318  19.205 0.8999999762
1799  -8.346  -88.981  15.554 1.0000000000
2216  -14.305  -89.204  12.994 1.0000000000
1133  -16.220  -91.442  10.279 1.0000000000
1140  -15.798  -91.977  9.670 1.0000000000
1492  -14.711  -90.030  8.278 0.8999999762
159336  -14.216  -93.318  9.314 1.0000000000
4492  -11.945  -84.069  5.296 0.8000000119
1138  -14.419  -91.668  8.781 1.0000000000
150462  -13.738  -91.911  8.532 1.0000000000
2269  -14.990  -88.920  6.410 0.8999999762
5789  -13.076  -82.416  4.021 0.8000000119
150804  -13.816  -81.199  4.224 0.8000000119
154345  -15.841  -79.401  2.486 0.8000000119
2797  -13.129  -88.485  3.390 0.8999999762
2314  -12.503  -89.034  1.733 0.8999999762
2323  -12.715  -88.618  1.051 0.8999999762
135479  -12.404  -89.455  0.990 0.8999999762
7944  -16.503  -79.384  0.413 0.6999999881
1904  -12.758  -89.159  0.325 0.8999999762
7965  -16.186  -79.533  -1.554 0.5000000000
7945  -17.152  -78.838  0.622 0.6000000238
7934  -18.906  -79.170  1.110 0.6999999881
7244  -18.420  -79.603  1.301 0.6999999881
2828  -13.932  -87.407  -0.438 0.8000000119
1915  -13.970  -89.714  -1.494 0.8000000119
7935  -19.243  -79.028  0.929 0.6000000238
6553  -17.906  -80.571  0.256 0.6999999881
154714  -17.239  -81.231  0.036 0.6999999881
157271  -15.074  -90.208  -2.501 0.8000000119
1213  -16.252  -90.867  -1.109 0.6999999881
8701  -17.197  -78.163  -1.225 0.5000000000
8673  -17.871  -78.493  0.651 0.6000000238
1568  -15.551  -90.422  -2.672 0.8000000119
1923  -16.774  -89.728  -3.202 0.6999999881
1228  -18.972  -90.290  -2.231 0.4000000060
136281  -18.714  -89.954  -2.726 0.5000000000
2199  -10.995  -88.304  13.006 1.0000000000
2214  -12.855  -88.842  13.090 1.0000000000
2201  -13.660  -88.595  13.540 1.0000000000
2217  -15.410  -89.181  12.996 1.0000000000
1127  -13.914  -91.575  12.194 1.0000000000
1824  -15.818  -89.974  12.534 1.0000000000
1831  -16.575  -89.970  11.993 1.0000000000
1830  -16.010  -90.498  12.045 1.0000000000
1480  -16.853  -90.177  11.236 1.0000000000
1129  -16.107  -91.637  11.185 1.0000000000
1483  -16.604  -90.867  10.857 1.0000000000
1489  -16.438  -90.644  10.105 1.0000000000
2257  -15.412  -88.912  8.163 0.8999999762
1488  -15.970  -91.059  9.577 1.0000000000
2256  -14.792  -89.515  7.921 0.8999999762
2264  -15.529  -88.437  6.938 0.8999999762
4516  -12.323  -83.638  4.015 0.8000000119
1148  -13.104  -91.836  8.062 1.0000000000
2768  -15.375  -88.205  5.950 0.8999999762
146730  -12.698  -83.076  4.480 0.8000000119
5796  -13.612  -81.850  3.640 0.8000000119
6520  -14.058  -81.135  3.342 0.8000000119
7219  -15.027  -79.889  3.562 0.8000000119
5807  -13.906  -81.894  2.788 0.8000000119
3340  -14.257  -87.639  3.574 0.8999999762
2810  -13.470  -87.670  2.361 0.8999999762
2818  -13.468  -87.531  1.589 0.8999999762
2823  -13.566  -87.398  0.758 0.8999999762
3645  -7.062  -85.163  25.347 0.8000000119
4245  -7.401  -84.087  25.485 0.6999999881
153665  -6.953  -85.364  24.649 0.8000000119
5591  -6.266  -82.329  18.060 1.0000000000
3677  -6.563  -86.717  22.889 0.8999999762
3668  -6.798  -85.904  23.435 0.8000000119
5608  -6.717  -82.636  17.455 1.0000000000
3110  -6.333  -87.093  22.274 0.8999999762
3688  -6.891  -86.185  22.009 0.8999999762
2590  -6.344  -87.335  20.723 0.8999999762
138219  -6.099  -87.994  19.362 0.8999999762
3128  -7.091  -87.053  20.048 0.8999999762
2611  -6.162  -87.822  18.060 1.0000000000
2655  -11.031  -86.814  14.015 1.0000000000
2674  -12.526  -87.647  13.939 1.0000000000
151490  -14.145  -88.050  13.900 1.0000000000
2202  -14.625  -88.631  13.590 1.0000000000
2601  -6.659  -87.962  18.991 0.8999999762
2145  -6.922  -88.066  17.895 0.8999999762
2643  -6.571  -87.399  15.752 1.0000000000
2652  -7.481  -87.873  14.658 1.0000000000
2654  -9.012  -87.265  13.844 1.0000000000
3206  -9.979  -87.001  13.710 1.0000000000
2203  -15.556  -88.523  13.627 1.0000000000
2167  -6.926  -88.157  16.369 1.0000000000
2188  -7.408  -88.425  15.223 1.0000000000
141382  -16.220  -88.869  13.203 1.0000000000
2678  -17.241  -87.997  13.529 1.0000000000
135251  -16.453  -89.395  12.697 1.0000000000
2218  -17.037  -88.719  12.933 1.0000000000
3222  -18.363  -87.462  12.274 1.0000000000
2746  -10.812  -85.907  8.437 0.6999999881
143552  -11.336  -85.578  8.734 0.6999999881
3829  -11.806  -84.972  8.597 0.8999999762
3239  -18.124  -87.249  11.260 1.0000000000
2776  -9.930  -86.689  6.417 0.6999999881
2777  -10.396  -86.069  6.340 0.6999999881
1832  -17.104  -89.581  11.521 1.0000000000
2720  -17.738  -87.978  10.753 1.0000000000
153470  -7.238  -85.458  5.291 0.4000000060
3319  -8.406  -86.385  5.775 0.6000000238
4513  -8.264  -84.590  3.436 0.5000000000
3915  -9.087  -85.275  3.769 0.6000000238
3895  -10.859  -85.664  4.564 0.6000000238
3307  -10.789  -85.584  6.438 0.6999999881
3847  -11.671  -84.744  7.410 0.8000000119
3862  -12.088  -84.182  7.005 0.8999999762
5085  -12.798  -83.138  7.409 0.8999999762
5733  -15.142  -81.862  8.872 0.8999999762
6492  -16.432  -80.379  8.134 0.8999999762
2238  -17.190  -88.716  10.246 0.8999999762
2732  -16.345  -87.956  8.739 0.8999999762
158320  -10.024  -85.294  3.569 0.6000000238
3896  -11.219  -85.175  4.819 0.6000000238
3861  -11.623  -84.612  6.356 0.6999999881
137868  -12.589  -83.779  7.747 0.8999999762
137375  -16.502  -89.071  9.595 0.8999999762
133139  -6.974  -86.426  7.241 0.6000000238
3928  -11.124  -85.076  3.372 0.6000000238
4476  -12.040  -84.112  6.052 0.8000000119
5758  -14.640  -81.636  8.178 0.8999999762
2247  -15.962  -88.759  8.809 0.8999999762
2258  -15.948  -88.380  8.294 0.8999999762
2756  -16.187  -87.744  7.354 0.8999999762
3897  -11.537  -84.626  4.948 0.6000000238
147030  -12.599  -83.092  6.448 0.8000000119
5086  -13.124  -82.461  6.986 0.8000000119
5771  -13.611  -81.789  6.901 0.8999999762
5772  -14.284  -81.267  7.372 0.8999999762
145532  -15.252  -80.713  7.814 0.8999999762
4506  -12.288  -83.628  4.915 0.8000000119
5096  -12.658  -82.949  5.526 0.8000000119
5780  -13.144  -82.044  6.044 0.8000000119
6499  -14.943  -80.534  6.953 0.8999999762
154945  -15.357  -79.810  5.856 0.8999999762
7183  -15.606  -79.894  6.525 0.8999999762
3309  -16.270  -86.966  6.009 0.8999999762
159524  -13.401  -81.827  4.383 0.8000000119
6505  -14.163  -80.644  5.584 0.8000000119
7879  -16.935  -79.405  5.877 0.8999999762
5774  -18.818  -82.001  6.245 0.8999999762
5773  -18.392  -82.782  6.333 0.8999999762
137620  -15.389  -87.298  4.828 0.8999999762
3323  -15.647  -87.446  5.587 0.8999999762
7208  -14.175  -80.537  4.810 0.8000000119
7895  -15.536  -79.499  5.270 0.8999999762
7198  -17.785  -79.896  5.553 0.8999999762
5098  -18.523  -83.228  5.073 0.8999999762
2786  -14.747  -87.758  4.368 0.8999999762
7209  -15.009  -79.845  4.506 0.8999999762
7903  -17.270  -79.532  4.328 0.8999999762
5106  -18.786  -83.158  3.982 0.8999999762
3878  -16.408  -86.214  5.149 0.8999999762
3341  -15.166  -87.161  3.908 0.8999999762
7910  -16.425  -79.292  3.891 0.8999999762
7220  -17.929  -80.223  4.028 0.8999999762
4517  -16.666  -85.736  3.646 0.8999999762
3360  -14.703  -87.014  3.058 0.8999999762
7919  -16.685  -79.400  2.837 0.8999999762
143890  -18.478  -81.099  3.541 0.8999999762
157116  -18.526  -83.355  3.185 0.8999999762
142388  -16.500  -85.622  2.720 0.8999999762
3366  -13.850  -87.019  2.046 0.8999999762
7228  -17.856  -80.389  3.286 0.8999999762
6529  -18.240  -81.324  2.781 0.8999999762
5114  -17.546  -84.318  2.376 0.8999999762
3367  -14.440  -86.754  2.332 0.8999999762
3374  -14.230  -86.554  1.690 0.8000000119
5797  -18.156  -83.414  2.531 0.8999999762
5127  -16.797  -84.315  1.576 0.8000000119
3376  -13.898  -86.678  0.653 0.8999999762
6543  -17.883  -81.514  2.047 0.8000000119
144772  -17.461  -81.641  1.246 0.8000000119
5836  -16.975  -81.699  0.474 0.8000000119
3942  -15.124  -84.882  -1.058 0.8000000119
2831  -14.463  -87.245  -1.051 0.8000000119
7978  -16.074  -79.080  -2.221 0.5000000000
8675  -19.155  -78.829  0.879 0.5000000000
5160  -15.888  -83.446  -0.888 0.6999999881
3384  -14.736  -86.381  -1.160 0.8000000119
1924  -17.553  -89.212  -3.359 0.6999999881
7956  -19.370  -79.626  -0.156 0.5000000000
6562  -17.382  -81.122  -0.901 0.6999999881
5854  -16.327  -82.726  -1.286 0.6999999881
3389  -16.165  -86.405  -2.184 0.8000000119
2834  -15.742  -87.134  -2.190 0.8000000119
8676  -19.537  -78.738  0.285 0.5000000000
5855  -16.824  -81.992  -1.714 0.6999999881
5858  -16.500  -82.992  -1.985 0.6999999881
4564  -16.704  -84.236  -2.177 0.8000000119
2840  -16.692  -88.076  -3.037 0.8000000119
2346  -18.901  -88.913  -4.004 0.4000000060
6575  -17.787  -80.798  -1.604 0.6000000238
6583  -17.570  -81.808  -2.228 0.5000000000
5178  -17.809  -83.197  -2.237 0.5000000000
144600  -17.634  -84.199  -2.107 0.6999999881
3955  -17.454  -85.797  -2.061 0.6999999881
2836  -17.465  -87.475  -2.756 0.6000000238
2343  -18.409  -88.661  -3.525 0.6000000238
3397  -18.508  -87.363  -2.713 0.6000000238
1930  -19.204  -89.196  -3.991 0.4000000060
4571  -18.575  -83.780  -2.118 0.4000000060
3965  -20.483  -85.648  -2.259 0.4000000060
141390  -19.363  -87.303  -2.781 0.4000000060
4219  -6.833  -85.214  28.028 0.6000000238
3636  -6.866  -85.537  26.780 0.8000000119
3644  -6.506  -86.084  25.119 0.8000000119
5581  -5.269  -82.470  18.989 1.0000000000
2551  -5.936  -87.113  24.206 0.8999999762
5580  -4.862  -82.985  19.366 1.0000000000
4928  -4.815  -83.728  18.956 1.0000000000
5609  -7.424  -82.326  17.126 1.0000000000
134275  -5.233  -86.893  23.773 0.8999999762
148068  -4.661  -84.991  20.094 1.0000000000
147103  -4.711  -84.589  19.381 1.0000000000
4330  -5.386  -84.489  17.724 1.0000000000
4941  -6.384  -83.326  17.207 1.0000000000
2589  -5.780  -87.366  21.123 0.8999999762
152246  -4.703  -85.777  20.577 1.0000000000
3146  -4.996  -86.393  19.167 1.0000000000
2600  -5.945  -87.671  20.218 0.8999999762
3147  -5.579  -86.906  18.639 1.0000000000
4346  -6.293  -84.649  16.448 1.0000000000
3746  -7.156  -85.581  15.473 1.0000000000
138169  -5.949  -87.763  18.761 0.8999999762
137822  -5.921  -87.354  18.149 1.0000000000
3730  -5.753  -85.916  16.890 1.0000000000
3745  -6.407  -86.031  15.749 1.0000000000
145395  -7.751  -85.886  15.018 1.0000000000
3190  -9.581  -86.496  14.273 1.0000000000
3191  -10.374  -86.467  14.286 1.0000000000
2656  -12.094  -86.911  14.418 1.0000000000
158722  -13.579  -87.363  14.558 1.0000000000
2660  -16.166  -87.452  14.537 1.0000000000
3199  -18.012  -86.857  14.237 1.0000000000
2642  -6.263  -87.294  16.303 1.0000000000
2676  -14.888  -87.945  13.961 1.0000000000
147455  -16.589  -87.813  14.024 1.0000000000
3830  -13.138  -84.716  9.569 1.0000000000
1825  -17.148  -89.277  12.175 1.0000000000
2227  -17.553  -88.886  11.322 1.0000000000
3232  -8.364  -86.847  11.858 0.8999999762
140798  -8.044  -86.676  6.462 0.6999999881
2752  -8.367  -87.123  7.797 0.6999999881
3306  -8.995  -86.740  6.335 0.6999999881
3337  -9.739  -86.124  5.000 0.6000000238
4448  -13.025  -84.053  8.805 0.8999999762
5055  -14.040  -82.947  8.712 1.0000000000
7155  -17.284  -80.734  9.501 0.8999999762
3250  -17.578  -86.978  10.373 0.8999999762
5070  -13.436  -82.722  7.961 0.8999999762
2733  -16.767  -87.544  9.187 0.8999999762
2749  -16.727  -87.249  8.634 0.8999999762
3278  -16.668  -87.086  7.887 0.8999999762
3279  -17.122  -86.391  8.541 0.8999999762
7169  -18.401  -80.783  8.360 0.8999999762
3294  -17.097  -86.451  7.663 0.8999999762
3293  -16.583  -86.911  6.928 0.8999999762
6498  -13.947  -81.088  6.367 0.8000000119
142640  -18.732  -81.495  6.943 0.8999999762
6506  -14.756  -80.317  6.140 0.8999999762
7186  -18.375  -80.553  6.902 0.8999999762
5072  -17.742  -83.826  7.317 0.8999999762
3849  -17.168  -86.089  6.925 0.8999999762
144303  -16.388  -86.459  5.723 0.8999999762
7199  -18.436  -80.506  5.958 0.8999999762
138773  -18.237  -83.194  5.784 0.8999999762
154726  -17.643  -84.398  6.097 0.8999999762
3342  -15.781  -86.722  4.591 0.8999999762
6513  -18.650  -81.004  4.493 0.8999999762
5105  -18.141  -84.127  4.615 0.8999999762
3899  -16.276  -86.247  4.193 0.8999999762
5115  -18.136  -84.209  3.401 0.8999999762
3929  -15.089  -86.515  2.609 0.8999999762
4530  -16.939  -84.995  2.265 0.8999999762
3934  -15.617  -85.778  1.598 0.8999999762
5809  -18.063  -82.417  2.204 0.8999999762
154394  -16.282  -85.282  1.808 0.8999999762
3377  -14.053  -86.158  0.129 0.8000000119
147292  -16.925  -82.245  0.981 0.8000000119
5139  -15.937  -84.094  0.877 0.8000000119
4541  -15.751  -85.130  1.061 0.8000000119
3938  -14.730  -85.716  0.329 0.8000000119
3381  -14.240  -86.583  -0.442 0.8000000119
5847  -16.285  -82.750  -0.470 0.8000000119
5149  -15.729  -84.055  -0.129 0.8000000119
3941  -14.679  -85.782  -0.527 0.8000000119
5159  -15.582  -84.233  -0.931 0.8000000119
3945  -14.984  -85.635  -1.259 0.8000000119
146324  -17.011  -84.964  -2.103 0.8000000119
7285  -18.708  -80.597  -2.651 0.4000000060
5864  -18.034  -82.324  -2.350 0.4000000060
3398  -18.982  -86.639  -2.204 0.5000000000
2841  -19.029  -87.897  -3.396 0.5000000000
2846  -19.038  -88.424  -3.976 0.5000000000
2347  -19.606  -88.552  -4.100 0.4000000060
3404  -20.839  -86.590  -2.823 0.4000000060
135400  -6.256  -85.995  26.996 0.8000000119
7051  -7.855  -80.734  18.681 1.0000000000
2535  -5.457  -86.647  25.141 0.8999999762
6318  -5.665  -81.707  19.313 1.0000000000
6332  -8.069  -80.872  17.755 1.0000000000
132222  -4.554  -82.141  20.584 1.0000000000
6349  -7.702  -81.579  17.411 1.0000000000
6350  -8.430  -81.297  16.966 1.0000000000
6365  -8.910  -81.840  16.414 1.0000000000
6366  -9.784  -81.673  16.177 1.0000000000
2581  -5.109  -87.002  22.225 0.8999999762
4960  -8.635  -83.179  16.187 1.0000000000
5620  -9.423  -82.609  16.212 1.0000000000
3122  -4.799  -86.424  21.730 0.8999999762
151093  -10.078  -83.971  16.111 1.0000000000
4349  -11.198  -84.331  16.342 1.0000000000
4943  -12.216  -83.741  16.986 1.0000000000
3135  -4.961  -86.581  20.091 1.0000000000
4345  -5.721  -84.983  16.926 1.0000000000
137462  -7.122  -84.482  16.172 1.0000000000
4364  -8.664  -84.831  15.520 1.0000000000
3748  -10.135  -85.124  15.454 1.0000000000
3751  -12.759  -85.787  15.658 1.0000000000
3181  -13.460  -86.239  15.520 1.0000000000
3724  -5.387  -85.538  17.609 1.0000000000
3747  -8.542  -85.499  15.054 1.0000000000
158749  -10.229  -85.804  14.810 1.0000000000
3180  -12.058  -86.186  15.022 1.0000000000
3194  -13.723  -86.821  14.986 1.0000000000
3183  -15.210  -86.439  15.663 1.0000000000
3184  -16.125  -86.429  15.524 1.0000000000
3185  -17.032  -86.300  15.254 1.0000000000
2689  -17.784  -88.116  12.729 1.0000000000
2679  -18.121  -87.411  13.402 1.0000000000
4419  -14.451  -84.485  10.548 1.0000000000
2703  -17.943  -88.089  11.741 1.0000000000
3223  -18.778  -86.751  12.723 1.0000000000
3240  -18.607  -86.625  11.726 1.0000000000
2751  -7.586  -86.947  7.983 0.6999999881
2753  -9.207  -87.121  7.587 0.6999999881
140689  -9.264  -85.775  4.526 0.6000000238
4463  -13.290  -83.407  8.340 1.0000000000
4432  -14.326  -84.065  9.708 1.0000000000
3793  -18.019  -86.180  10.856 0.8999999762
150322  -17.835  -85.528  10.253 0.8999999762
5732  -14.498  -82.279  8.673 0.8999999762
3810  -17.256  -85.985  9.263 0.8999999762
3288  -6.471  -85.978  7.574 0.4000000060
7177  -17.467  -80.256  7.974 0.8999999762
5760  -18.631  -82.152  7.660 0.8999999762
154765  -17.323  -85.997  7.543 0.8999999762
3832  -17.306  -85.759  8.073 0.8999999762
152428  -16.837  -80.063  7.463 0.8999999762
4464  -17.501  -84.628  7.478 0.8999999762
136647  -17.399  -85.247  6.838 0.8999999762
7184  -16.649  -79.741  6.711 0.8999999762
3863  -16.654  -86.346  6.250 0.8999999762
5781  -18.740  -82.503  5.574 0.8999999762
3864  -17.009  -85.751  6.227 0.8999999762
3879  -16.929  -85.569  5.554 0.8999999762
4493  -16.894  -85.546  4.619 0.8999999762
5790  -18.986  -81.974  3.902 0.8999999762
4507  -17.510  -84.889  4.204 0.8999999762
4518  -17.336  -85.160  3.175 0.8999999762
135917  -18.669  -82.387  3.031 0.8999999762
156719  -16.222  -84.716  1.319 0.8000000119
4540  -15.111  -85.749  1.054 0.8000000119
4545  -15.510  -84.702  0.308 0.8000000119
6590  -19.066  -81.197  -2.859 0.4000000060
3956  -18.388  -85.781  -1.960 0.6000000238
3964  -19.389  -85.682  -1.932 0.5000000000
5187  -20.216  -83.674  -2.585 0.4000000060
3051  -5.964  -86.053  27.641 0.8000000119
7748  -8.877  -80.070  19.910 1.0000000000
6308  -5.869  -81.101  19.862 1.0000000000
7041  -6.706  -80.836  19.698 1.0000000000
7044  -9.073  -79.926  19.035 1.0000000000
7053  -9.372  -79.860  18.201 1.0000000000
3060  -5.258  -86.174  25.990 0.8000000119
3049  -5.160  -85.899  26.804 0.8000000119
6307  -5.225  -81.441  20.114 1.0000000000
7068  -9.516  -80.391  16.853 1.0000000000
3643  -4.762  -85.966  25.388 0.8999999762
6351  -9.217  -81.087  16.536 1.0000000000
7086  -10.811  -80.672  16.080 1.0000000000
3676  -4.544  -85.680  22.231 1.0000000000
148320  -4.346  -83.914  21.181 1.0000000000
4922  -4.656  -83.680  19.702 1.0000000000
5621  -10.380  -82.307  16.240 1.0000000000
135617  -11.320  -82.000  16.384 1.0000000000
5612  -13.045  -82.302  17.753 1.0000000000
147636  -4.541  -84.697  20.806 1.0000000000
134937  -10.142  -83.230  16.290 1.0000000000
134459  -10.924  -83.010  16.572 1.0000000000
4331  -5.965  -84.094  17.033 1.0000000000
4959  -7.733  -83.686  16.269 1.0000000000
4332  -13.972  -83.806  17.652 1.0000000000
4333  -14.700  -84.111  17.640 1.0000000000
4348  -8.655  -84.029  15.880 1.0000000000
4366  -10.598  -84.580  15.912 1.0000000000
3733  -12.303  -85.086  16.107 1.0000000000
4351  -12.680  -84.501  16.719 1.0000000000
4353  -14.293  -84.638  17.063 1.0000000000
4354  -15.847  -84.881  17.034 1.0000000000
3754  -15.711  -85.832  16.060 1.0000000000
3750  -11.801  -85.564  15.534 1.0000000000
3197  -16.567  -86.867  14.866 1.0000000000
156060  -18.514  -86.286  14.365 1.0000000000
2745  -10.313  -86.554  8.561 0.6999999881
159779  -12.962  -85.824  10.650 1.0000000000
3800  -14.052  -85.351  10.913 1.0000000000
4420  -15.146  -84.081  11.089 1.0000000000
138768  -11.309  -86.104  9.433 0.8999999762
2718  -11.936  -86.514  10.439 1.0000000000
3799  -13.217  -85.418  10.319 1.0000000000
4406  -19.023  -85.202  12.142 1.0000000000
3259  -11.966  -85.833  9.891 1.0000000000
5015  -15.773  -83.343  11.328 1.0000000000
3794  -18.670  -85.694  11.464 1.0000000000
2730  -8.195  -87.203  9.598 0.6999999881
2252  -8.900  -87.489  9.250 0.6999999881
2253  -9.507  -87.437  9.222 0.6999999881
2754  -10.249  -86.557  7.642 0.6999999881
3831  -13.715  -84.328  9.383 1.0000000000
5038  -15.157  -83.076  9.798 1.0000000000
5712  -15.658  -82.078  9.559 1.0000000000
6475  -16.504  -80.829  8.929 0.8999999762
4422  -18.454  -84.307  10.720 0.8999999762
4421  -17.876  -84.687  10.064 0.8999999762
2729  -7.390  -86.763  9.623 0.6999999881
6454  -16.425  -81.237  9.613 1.0000000000
3801  -18.204  -85.184  10.812 1.0000000000
139826  -17.662  -84.791  9.291 0.8999999762
7167  -17.393  -80.470  8.719 0.8999999762
6439  -18.693  -81.436  9.710 0.8999999762
3833  -17.334  -85.356  8.801 0.8999999762
3275  -6.396  -85.714  8.541 0.4000000060
6493  -18.641  -81.043  7.716 0.8999999762
5735  -18.437  -82.483  8.457 0.8999999762
4450  -17.358  -84.902  8.147 0.8999999762
156197  -4.823  -85.412  27.988 0.6999999881
3586  -5.449  -85.318  29.935 0.6000000238
7020  -5.805  -80.350  21.176 1.0000000000
7032  -7.278  -80.539  20.356 1.0000000000
7738  -8.663  -80.006  20.763 1.0000000000
7749  -9.809  -79.736  18.809 1.0000000000
7031  -6.295  -80.687  20.452 1.0000000000
7759  -10.390  -79.333  18.412 1.0000000000
7030  -5.386  -80.860  20.580 1.0000000000
7758  -9.978  -79.603  18.030 1.0000000000
7788  -11.307  -79.897  16.149 1.0000000000
3667  -4.476  -85.641  23.981 1.0000000000
159372  -4.312  -82.933  21.014 1.0000000000
6368  -11.562  -80.983  15.988 1.0000000000
145029  -4.234  -84.912  23.338 1.0000000000
4287  -4.081  -84.149  22.685 1.0000000000
156333  -11.896  -81.511  16.324 1.0000000000
142668  -12.450  -81.105  16.173 1.0000000000
6352  -13.201  -81.445  17.031 1.0000000000
4299  -4.368  -84.664  21.830 1.0000000000
4930  -14.011  -82.290  18.399 1.0000000000
3736  -16.228  -85.334  16.604 1.0000000000
3756  -17.740  -85.650  15.636 1.0000000000
4355  -16.673  -84.622  17.204 1.0000000000
3737  -17.142  -85.148  16.483 1.0000000000
4398  -7.492  -85.376  13.064 1.0000000000
3237  -13.004  -86.243  11.448 1.0000000000
149607  -10.548  -87.678  10.860 0.8999999762
143957  -11.253  -86.976  10.545 0.8999999762
3249  -13.414  -85.982  10.965 1.0000000000
3785  -14.873  -85.146  12.448 1.0000000000
5014  -15.658  -83.995  11.896 1.0000000000
4986  -19.761  -83.194  14.130 1.0000000000
4379  -19.142  -84.661  15.182 1.0000000000
3773  -19.448  -85.119  13.561 1.0000000000
5683  -16.317  -82.605  11.493 1.0000000000
134687  -19.608  -83.895  12.875 1.0000000000
4413  -19.163  -84.126  12.080 1.0000000000
137237  -7.802  -86.996  10.467 0.6999999881
2233  -8.580  -87.540  10.387 0.6999999881
2244  -9.385  -88.009  9.620 0.8000000119
2236  -10.319  -88.066  10.039 0.8000000119
4433  -15.009  -83.869  10.142 1.0000000000
5696  -16.361  -82.188  10.888 1.0000000000
6438  -17.638  -81.015  10.937 1.0000000000
4412  -18.767  -84.769  11.385 1.0000000000
3257  -6.659  -85.663  9.786 0.6999999881
138015  -17.876  -80.750  10.198 1.0000000000
7156  -17.988  -80.631  9.357 0.8999999762
6437  -17.130  -81.120  10.280 1.0000000000
5714  -18.583  -82.427  9.358 0.8999999762
4435  -18.213  -83.760  10.141 0.8999999762
4434  -17.820  -84.011  9.453 0.8999999762
154897  -6.428  -85.127  9.908 0.6000000238
5734  -17.939  -83.086  7.922 0.8999999762
4451  -17.612  -84.415  8.741 0.8999999762
139848  -4.767  -85.068  29.241 0.6000000238
7711  -6.970  -79.734  22.462 1.0000000000
137599  -10.308  -79.551  19.364 1.0000000000
3634  -4.872  -85.938  26.182 0.8999999762
7019  -4.912  -80.557  21.375 1.0000000000
159834  -3.992  -84.181  23.464 1.0000000000
4244  -4.467  -85.289  25.662 0.8999999762
157542  -3.992  -81.456  21.876 1.0000000000
7018  -4.234  -80.945  21.726 1.0000000000
7750  -10.895  -78.930  19.034 1.0000000000
7776  -10.540  -79.392  17.189 1.0000000000
4887  -3.992  -83.123  22.476 1.0000000000
153609  -4.106  -82.713  21.776 1.0000000000
6333  -14.569  -81.687  18.250 1.0000000000
4946  -14.758  -83.391  18.237 1.0000000000
4947  -15.384  -83.906  17.902 1.0000000000
4948  -16.883  -83.456  18.203 1.0000000000
4356  -17.618  -84.427  17.019 1.0000000000
5659  -9.029  -82.129  13.017 1.0000000000
3757  -18.498  -85.060  15.613 1.0000000000
4387  -7.884  -84.411  13.125 1.0000000000
6418  -9.838  -81.876  12.629 1.0000000000
6419  -10.537  -81.870  12.402 1.0000000000
3221  -13.486  -86.053  12.246 1.0000000000
3784  -14.172  -85.520  12.512 1.0000000000
4405  -15.396  -84.445  12.709 1.0000000000
4935  -17.611  -82.936  18.085 1.0000000000
4950  -18.254  -82.988  17.531 1.0000000000
4357  -18.410  -84.078  16.726 1.0000000000
4386  -6.907  -84.842  13.672 1.0000000000
3234  -10.703  -87.231  11.241 0.8999999762
3220  -12.682  -86.278  12.089 1.0000000000
5662  -17.043  -82.906  13.682 1.0000000000
4380  -19.652  -83.971  14.640 1.0000000000
4393  -19.715  -84.173  13.656 1.0000000000
3236  -12.285  -86.677  11.443 0.8999999762
5009  -16.147  -83.308  12.035 1.0000000000
5678  -17.100  -82.306  12.763 1.0000000000
3781  -11.469  -85.918  12.140 1.0000000000
5010  -19.562  -83.196  12.456 1.0000000000
2696  -7.741  -86.969  11.263 0.8000000119
2715  -8.788  -87.741  10.813 0.8000000119
2716  -9.535  -88.021  10.757 0.8000000119
148316  -18.180  -80.942  12.231 1.0000000000
153149  -19.508  -82.467  12.114 1.0000000000
5016  -18.840  -83.942  11.298 1.0000000000
3230  -7.048  -86.328  11.542 0.8000000119
6440  -19.146  -81.671  11.304 1.0000000000
5697  -18.816  -82.076  10.310 0.8999999762
5025  -18.707  -83.429  10.805 0.8999999762
3788  -6.347  -85.467  11.758 0.8000000119
3798  -6.565  -85.374  10.749 0.6999999881
142630  -5.789  -84.117  12.104 0.8000000119
4431  -6.274  -84.371  9.703 0.5000000000
4171  -4.717  -84.842  30.895 0.5000000000
4201  -4.466  -84.784  28.477 0.6000000238
7710  -5.966  -79.795  22.577 1.0000000000
7724  -8.406  -79.845  21.694 1.0000000000
7725  -9.386  -79.807  21.359 1.0000000000
4826  -4.139  -84.184  26.729 0.8000000119
4218  -4.459  -84.919  27.454 0.6999999881
7721  -5.306  -79.941  21.885 1.0000000000
7722  -6.351  -79.921  21.761 1.0000000000
7723  -7.363  -79.900  21.688 1.0000000000
139153  -4.160  -84.556  25.049 1.0000000000
6279  -3.916  -81.152  22.399 1.0000000000
7007  -4.454  -80.256  22.224 1.0000000000
7021  -6.793  -80.232  21.053 1.0000000000
7739  -9.541  -79.901  20.485 1.0000000000
7726  -10.335  -79.508  20.960 1.0000000000
134011  -3.935  -83.926  24.545 1.0000000000
5536  -3.860  -82.660  23.057 1.0000000000
8455  -11.467  -78.807  19.810 1.0000000000
145905  -3.895  -83.486  23.219 1.0000000000
7760  -11.053  -78.785  17.891 1.0000000000
8472  -12.444  -78.120  17.765 1.0000000000
7789  -12.211  -79.218  16.149 1.0000000000
156051  -11.752  -78.505  17.510 1.0000000000
7088  -13.175  -79.509  15.837 1.0000000000
6369  -13.415  -80.535  16.107 1.0000000000
7070  -14.250  -80.616  16.254 1.0000000000
8502  -13.103  -78.597  16.113 1.0000000000
7089  -14.042  -79.777  15.769 1.0000000000
6354  -14.986  -81.425  17.855 1.0000000000
7117  -9.001  -81.006  13.864 1.0000000000
6403  -9.457  -81.393  13.221 1.0000000000
7790  -13.971  -78.892  15.684 1.0000000000
6334  -15.289  -81.809  18.298 1.0000000000
4933  -16.389  -83.014  18.508 1.0000000000
7792  -14.849  -79.688  15.393 1.0000000000
7090  -14.293  -80.241  16.009 1.0000000000
5595  -16.587  -82.546  18.330 1.0000000000
6405  -11.904  -81.147  13.052 1.0000000000
7105  -15.136  -79.694  14.822 1.0000000000
7097  -14.787  -80.521  14.777 1.0000000000
6370  -15.271  -81.784  17.353 1.0000000000
6356  -16.683  -82.228  17.778 1.0000000000
4358  -19.404  -83.761  15.523 1.0000000000
4994  -7.398  -83.877  13.704 1.0000000000
5676  -11.773  -82.350  12.493 1.0000000000
3783  -13.623  -85.687  12.867 1.0000000000
3771  -14.773  -85.080  13.149 1.0000000000
5633  -14.884  -82.781  16.043 1.0000000000
5624  -17.050  -82.437  16.703 1.0000000000
5626  -18.451  -82.496  17.040 1.0000000000
4337  -18.558  -83.417  16.971 1.0000000000
5636  -17.500  -82.280  15.719 1.0000000000
4965  -19.432  -82.912  15.866 1.0000000000
4971  -19.690  -83.054  15.024 1.0000000000
4401  -10.212  -84.743  11.816 1.0000000000
155399  -11.729  -85.279  12.410 1.0000000000
4403  -12.345  -85.113  12.954 1.0000000000
149748  -17.673  -81.698  13.628 1.0000000000
5000  -19.717  -83.214  13.272 1.0000000000
3769  -6.672  -85.544  13.258 1.0000000000
3779  -8.126  -85.812  12.544 0.8999999762
148433  -18.278  -81.054  13.101 1.0000000000
5679  -19.654  -82.407  12.828 1.0000000000
3216  -7.263  -86.550  12.162 0.8000000119
3233  -9.359  -86.673  11.674 0.8999999762
145002  -9.924  -87.176  11.358 0.8999999762
7138  -19.239  -81.084  12.523 1.0000000000
3776  -6.269  -85.520  12.503 0.8000000119
6429  -19.174  -81.191  11.765 1.0000000000
4397  -5.867  -84.857  12.862 0.8000000119
4418  -6.117  -84.159  10.458 0.6000000238
5022  -5.866  -82.990  10.635 0.5000000000
5013  -5.685  -83.196  11.642 0.6999999881
4170  -4.375  -84.206  31.359 0.5000000000
4784  -3.899  -83.788  29.648 0.6000000238
4809  -4.052  -83.956  27.659 0.6999999881
7709  -5.066  -79.914  22.750 1.0000000000
7712  -7.802  -79.693  22.314 1.0000000000
8407  -9.484  -79.014  22.763 1.0000000000
5484  -3.991  -83.113  26.851 0.8999999762
134749  -3.986  -80.410  22.864 1.0000000000
8419  -9.971  -79.278  21.921 1.0000000000
5503  -3.866  -82.731  25.200 1.0000000000
6261  -3.832  -81.238  23.296 1.0000000000
8420  -10.843  -78.942  21.659 1.0000000000
4873  -3.835  -83.045  23.674 1.0000000000
8421  -11.716  -78.624  21.423 1.0000000000
8456  -11.813  -78.549  18.666 1.0000000000
136251  -12.332  -78.422  19.715 1.0000000000
138901  -13.963  -78.095  16.281 1.0000000000
8457  -12.768  -78.104  18.853 1.0000000000
6355  -15.420  -81.642  17.865 1.0000000000
7103  -10.249  -80.148  14.067 1.0000000000
152617  -14.034  -77.595  17.041 1.0000000000
156124  -15.210  -78.710  14.975 1.0000000000
7098  -14.821  -80.131  15.336 1.0000000000
6357  -17.377  -82.346  17.630 1.0000000000
6387  -8.160  -81.511  14.192 1.0000000000
6407  -13.627  -81.192  13.771 1.0000000000
6389  -14.315  -81.806  15.489 1.0000000000
5627  -18.859  -82.147  16.361 1.0000000000
4388  -12.808  -84.401  13.485 1.0000000000
4998  -14.001  -84.181  14.472 1.0000000000
4376  -14.836  -84.158  14.463 1.0000000000
4984  -16.009  -83.866  14.932 1.0000000000
5646  -16.596  -83.164  15.362 1.0000000000
6381  -19.202  -81.792  15.622 1.0000000000
4995  -8.234  -83.407  13.068 1.0000000000
137294  -10.805  -84.023  12.021 1.0000000000
4402  -11.579  -84.390  12.364 1.0000000000
4389  -13.597  -84.711  13.866 1.0000000000
4390  -14.453  -84.727  13.861 1.0000000000
4378  -16.042  -84.076  14.179 1.0000000000
4985  -16.488  -83.411  14.464 1.0000000000
5647  -17.299  -82.512  14.659 1.0000000000
6392  -19.412  -81.638  14.701 1.0000000000
4399  -8.404  -84.904  12.524 1.0000000000
5005  -9.878  -83.859  11.934 1.0000000000
7106  -18.818  -81.093  14.305 1.0000000000
4374  -5.987  -84.295  14.555 1.0000000000
4384  -5.738  -84.611  13.659 0.8999999762
4993  -4.938  -83.540  13.529 0.8000000119
5003  -5.280  -83.412  12.625 0.8000000119
5657  -4.714  -82.855  13.789 0.8000000119
6127  -3.889  -82.149  32.959 0.5000000000
133235  -3.939  -81.350  32.949 0.5000000000
132296  -3.791  -82.123  32.276 0.5000000000
4775  -3.909  -83.640  31.137 0.6000000238
8393  -6.264  -79.623  23.984 1.0000000000
4797  -3.938  -83.636  28.694 0.6999999881
8403  -5.722  -79.848  23.369 1.0000000000
8405  -7.638  -79.309  23.109 1.0000000000
151844  -8.596  -78.986  23.310 1.0000000000
8408  -10.544  -78.844  22.540 1.0000000000
132632  -4.075  -82.085  26.998 0.8999999762
6995  -3.891  -80.552  23.790 1.0000000000
133409  -3.993  -82.233  26.036 1.0000000000
146582  -3.905  -81.753  25.080 1.0000000000
8406  -8.546  -79.457  22.580 1.0000000000
144131  -3.822  -82.253  24.530 1.0000000000
8410  -12.271  -78.092  21.978 1.0000000000
8438  -11.984  -78.592  20.564 1.0000000000
7102  -9.377  -80.374  14.306 1.0000000000
8503  -14.364  -78.356  15.674 1.0000000000
9255  -14.394  -77.632  15.957 1.0000000000
7120  -12.577  -80.617  13.374 1.0000000000
8526  -14.428  -78.515  14.475 1.0000000000
5623  -16.003  -82.501  17.031 1.0000000000
6420  -11.299  -81.627  12.559 1.0000000000
5635  -16.475  -82.868  16.271 1.0000000000
6380  -18.724  -81.783  15.972 1.0000000000
5643  -7.568  -82.412  14.220 1.0000000000
159864  -8.437  -82.660  13.121 1.0000000000
5661  -13.060  -81.952  13.747 1.0000000000
6388  -13.634  -82.131  14.591 1.0000000000
4969  -14.943  -83.430  15.512 1.0000000000
4970  -15.792  -83.408  15.687 1.0000000000
153922  -9.479  -82.420  12.443 1.0000000000
5007  -11.459  -83.259  12.233 1.0000000000
139810  -12.093  -83.029  12.778 1.0000000000
4996  -12.612  -83.391  13.388 1.0000000000
5004  -8.857  -83.832  12.378 1.0000000000
4968  -5.363  -83.370  15.131 1.0000000000
4978  -5.192  -83.745  14.577 1.0000000000
5641  -4.613  -82.695  14.712 1.0000000000
5672  -5.371  -82.588  12.235 0.6999999881
5682  -5.835  -82.494  11.194 0.6000000238
5694  -5.826  -82.222  10.114 0.4000000060
6417  -5.994  -81.164  11.554 0.5000000000
6159  -3.756  -82.218  29.880 0.6000000238
5471  -3.965  -82.824  27.754 0.8000000119
5453  -3.900  -82.400  28.534 0.6000000238
8394  -7.081  -79.259  23.930 1.0000000000
157849  -8.682  -78.833  24.026 1.0000000000
9150  -9.937  -78.307  24.225 1.0000000000
9151  -10.788  -78.049  23.946 1.0000000000
6206  -4.206  -81.425  26.459 1.0000000000
8395  -7.964  -78.999  23.945 1.0000000000
9159  -11.103  -78.273  23.102 1.0000000000
8409  -11.430  -78.525  22.270 1.0000000000
8439  -12.750  -78.249  20.419 1.0000000000
9171  -13.265  -77.808  21.741 1.0000000000
8440  -13.251  -77.983  19.788 1.0000000000
8458  -13.737  -77.768  18.919 1.0000000000
8474  -14.582  -77.202  17.498 1.0000000000
8514  -12.653  -77.994  15.056 1.0000000000
9239  -14.552  -77.073  17.046 1.0000000000
9280  -14.698  -78.048  14.932 1.0000000000
7824  -12.223  -79.977  13.693 1.0000000000
7809  -12.804  -79.302  14.028 1.0000000000
142567  -14.422  -77.014  16.643 1.0000000000
5642  -6.776  -82.803  14.923 1.0000000000
8511  -9.737  -78.673  15.806 1.0000000000
6404  -10.431  -81.281  12.937 1.0000000000
7118  -10.742  -80.566  13.408 1.0000000000
7122  -14.173  -80.381  13.765 1.0000000000
7104  -14.357  -80.918  14.391 1.0000000000
4979  -6.171  -83.706  14.942 1.0000000000
7100  -7.712  -81.112  15.007 1.0000000000
136829  -9.367  -78.348  16.418 1.0000000000
6406  -12.730  -81.370  13.294 1.0000000000
5660  -12.475  -82.361  13.167 1.0000000000
5632  -5.922  -82.950  15.412 1.0000000000
6378  -6.821  -81.609  15.551 1.0000000000
7095  -7.255  -80.829  15.729 1.0000000000
6376  -4.794  -82.193  15.973 1.0000000000
151370  -4.851  -82.786  15.322 1.0000000000
133102  -4.006  -81.434  15.283 0.8999999762
133473  -5.499  -81.714  12.355 0.8000000119
6401  -5.000  -81.447  13.203 0.8000000119
7593  -4.034  -79.918  32.029 0.5000000000
139816  -3.916  -81.041  32.022 0.5000000000
6895  -3.875  -80.994  31.032 0.6000000238
6884  -4.132  -80.213  31.155 0.6000000238
6149  -4.345  -80.511  30.223 0.6000000238
6160  -4.062  -81.214  29.462 0.6000000238
6148  -3.823  -81.531  30.454 0.6000000238
6192  -4.167  -81.800  27.812 0.8000000119
140181  -6.023  -79.774  24.670 1.0000000000
8380  -6.660  -79.389  24.705 1.0000000000
8381  -7.490  -79.042  24.684 1.0000000000
6950  -4.403  -80.593  26.387 1.0000000000
7688  -4.574  -80.110  24.769 1.0000000000
9142  -10.474  -77.857  24.817 1.0000000000
8368  -5.605  -79.965  25.787 1.0000000000
9139  -7.106  -79.125  25.512 1.0000000000
9140  -7.951  -78.715  25.430 1.0000000000
9141  -9.601  -78.074  25.048 1.0000000000
9143  -11.312  -77.521  24.551 1.0000000000
9933  -12.074  -77.010  24.212 1.0000000000
7673  -4.900  -79.982  26.117 1.0000000000
9126  -6.049  -79.501  26.479 1.0000000000
9128  -7.586  -78.588  26.304 1.0000000000
9112  -8.018  -77.920  27.096 1.0000000000
9130  -9.269  -77.914  25.942 1.0000000000
9160  -11.947  -77.909  22.806 1.0000000000
9111  -7.162  -78.239  27.190 1.0000000000
9914  -9.772  -77.323  26.571 1.0000000000
9153  -12.488  -77.321  23.359 1.0000000000
9161  -12.871  -77.602  22.560 1.0000000000
7101  -8.535  -80.690  14.581 1.0000000000
9172  -14.318  -77.535  21.534 1.0000000000
9173  -15.154  -77.251  21.309 1.0000000000
138271  -14.690  -77.584  20.818 1.0000000000
9209  -15.135  -77.283  19.411 1.0000000000
9265  -12.088  -77.593  15.720 1.0000000000
155245  -15.562  -76.950  20.532 1.0000000000
9224  -15.316  -77.006  18.965 1.0000000000
9990  -15.435  -76.679  20.289 1.0000000000
10025  -12.930  -76.305  17.252 1.0000000000
10007  -14.807  -76.476  18.272 1.0000000000
10733  -14.704  -75.986  20.179 1.0000000000
6377  -5.722  -82.237  15.940 1.0000000000
8512  -10.614  -78.438  15.583 1.0000000000
9253  -11.642  -77.222  16.389 1.0000000000
10747  -14.232  -76.045  18.577 1.0000000000
10714  -15.114  -75.685  21.577 1.0000000000
7094  -6.268  -81.301  16.313 1.0000000000
8510  -8.924  -78.950  16.049 1.0000000000
8501  -10.120  -77.989  16.258 1.0000000000
10036  -11.259  -76.836  17.014 1.0000000000
10024  -11.869  -76.414  17.463 1.0000000000
10005  -12.518  -76.125  18.052 1.0000000000
10732  -14.030  -75.908  19.731 1.0000000000
10723  -14.002  -75.711  20.840 1.0000000000
157561  -6.936  -80.681  16.235 1.0000000000
7787  -8.141  -79.324  16.427 1.0000000000
10004  -11.509  -76.260  18.220 1.0000000000
10731  -13.084  -75.941  19.015 1.0000000000
7084  -7.568  -80.143  16.147 1.0000000000
8486  -8.319  -78.313  17.428 1.0000000000
157622  -9.633  -77.938  16.636 1.0000000000
9989  -12.038  -75.992  19.711 1.0000000000
10722  -12.862  -75.789  20.452 1.0000000000
7082  -4.786  -81.154  17.020 1.0000000000
6363  -4.209  -81.523  15.981 1.0000000000
7093  -3.849  -80.816  15.926 1.0000000000
7115  -5.341  -80.684  13.336 0.6999999881
7821  -5.169  -80.156  13.886 0.8999999762
132279  -4.573  -82.109  13.985 0.8999999762
7141  -5.705  -80.268  11.128 0.6000000238
159470  -6.082  -80.484  11.803 0.6000000238
152453  -4.429  -79.073  32.084 0.5000000000
6906  -4.744  -80.472  29.410 0.6000000238
140626  -4.701  -80.924  27.901 0.8000000119
6920  -4.706  -80.708  28.715 0.8000000119
8382  -9.118  -78.532  24.488 1.0000000000
6965  -4.280  -80.426  25.741 1.0000000000
9127  -6.782  -79.063  26.431 1.0000000000
12407  -13.095  -73.513  24.613 1.0000000000
9110  -6.706  -78.659  26.829 1.0000000000
9905  -9.401  -76.843  27.501 1.0000000000
9925  -12.631  -76.395  24.845 1.0000000000
9935  -13.856  -76.317  23.546 1.0000000000
11515  -13.704  -74.375  24.641 1.0000000000
9941  -14.316  -76.702  22.728 1.0000000000
10669  -14.365  -74.891  24.036 1.0000000000
12408  -13.823  -73.650  24.128 1.0000000000
9942  -14.996  -76.502  22.370 1.0000000000
9936  -14.606  -76.092  23.113 1.0000000000
10690  -15.409  -75.963  22.081 1.0000000000
11545  -15.161  -75.397  22.433 1.0000000000
9960  -15.412  -76.518  21.588 1.0000000000
10715  -15.375  -76.148  21.578 1.0000000000
11565  -15.218  -75.447  22.079 1.0000000000
9238  -10.394  -77.066  17.279 1.0000000000
11564  -14.869  -74.828  22.011 1.0000000000
8484  -6.673  -79.191  18.242 1.0000000000
8499  -7.838  -79.007  17.141 1.0000000000
11563  -13.370  -74.877  21.589 1.0000000000
150284  -6.455  -80.087  17.447 1.0000000000
10023  -10.915  -76.566  17.693 1.0000000000
10713  -14.357  -75.210  21.524 1.0000000000
7083  -5.552  -81.178  16.967 1.0000000000
7066  -5.422  -80.681  17.600 1.0000000000
7774  -6.986  -79.447  17.633 1.0000000000
9236  -8.776  -77.636  17.801 1.0000000000
9237  -9.578  -77.309  17.515 1.0000000000
139691  -11.219  -76.147  19.155 1.0000000000
7065  -4.379  -80.438  17.409 1.0000000000
7081  -4.122  -80.849  16.636 1.0000000000
7116  -6.028  -79.905  13.002 0.8999999762
7795  -4.882  -79.320  15.040 0.8999999762
7803  -4.285  -80.390  14.971 1.0000000000
140250  -5.552  -79.144  12.106 0.6000000238
8265  -4.673  -78.343  32.516 0.5000000000
7594  -4.521  -79.571  31.402 0.5000000000
152615  -4.981  -79.550  30.521 0.6000000238
8280  -5.155  -78.980  31.231 0.5000000000
7617  -5.214  -79.875  29.692 0.6000000238
7627  -5.330  -80.176  29.004 0.8000000119
12404  -10.019  -72.790  25.220 1.0000000000
150695  -5.384  -80.103  27.873 1.0000000000
136266  -5.766  -79.585  28.258 0.8000000119
142784  -10.462  -73.701  25.792 1.0000000000
12405  -10.961  -73.082  25.111 1.0000000000
9923  -10.921  -77.207  25.371 1.0000000000
136223  -11.116  -74.294  26.121 1.0000000000
11514  -12.800  -74.196  25.217 1.0000000000
12420  -11.405  -72.607  24.430 1.0000000000
8351  -5.424  -79.810  26.869 1.0000000000
136174  -10.163  -76.502  26.972 1.0000000000
137947  -11.368  -76.567  25.961 1.0000000000
10658  -12.591  -75.308  25.738 1.0000000000
10667  -12.962  -75.644  25.171 1.0000000000
141119  -3.889  -71.103  21.569 1.0000000000
13319  -13.790  -72.558  23.102 1.0000000000
13335  -3.564  -72.581  21.384 1.0000000000
12423  -14.235  -73.298  23.472 1.0000000000
11516  -14.412  -74.090  23.812 1.0000000000
13320  -14.524  -72.921  22.672 1.0000000000
12424  -14.819  -73.745  23.031 1.0000000000
13332  -14.564  -72.581  21.907 1.0000000000
11544  -15.006  -74.511  22.490 1.0000000000
12451  -14.865  -73.808  21.868 1.0000000000
10704  -4.265  -75.537  21.333 1.0000000000
151275  -14.430  -74.340  21.663 1.0000000000
9188  -4.155  -77.550  20.312 1.0000000000
9222  -10.065  -76.771  17.970 1.0000000000
12450  -13.686  -73.963  21.352 1.0000000000
8485  -7.480  -78.730  17.851 1.0000000000
10002  -9.264  -77.086  18.310 1.0000000000
157179  -9.756  -76.487  18.766 1.0000000000
9988  -10.371  -76.150  19.356 1.0000000000
9975  -11.077  -76.048  19.982 1.0000000000
10721  -11.894  -75.767  20.374 1.0000000000
10711  -12.230  -75.549  20.996 1.0000000000
7772  -4.733  -80.147  18.183 1.0000000000
7785  -3.802  -79.606  16.658 1.0000000000
8538  -6.107  -78.542  13.767 0.8999999762
8497  -3.972  -78.715  16.764 1.0000000000
7822  -6.007  -79.282  13.666 0.8999999762
7794  -3.939  -79.941  15.851 1.0000000000
9024  -6.094  -76.767  33.014 0.5000000000
9037  -5.178  -77.633  32.809 0.5000000000
150569  -6.475  -76.789  30.185 0.6999999881
9857  -6.805  -76.630  30.887 0.6000000238
9038  -6.326  -77.145  32.252 0.6000000238
8295  -6.025  -78.900  30.493 0.6999999881
9075  -6.069  -76.998  29.316 0.8000000119
136972  -6.379  -78.267  29.037 0.8000000119
8307  -6.138  -79.411  29.111 0.8000000119
7605  -5.914  -79.336  29.891 0.8000000119
12401  -7.109  -72.548  25.454 1.0000000000
139176  -9.127  -72.573  25.253 1.0000000000
8317  -6.257  -78.588  28.097 0.8000000119
148200  -6.205  -78.796  28.331 0.8000000119
12392  -6.636  -72.948  26.002 1.0000000000
11503  -8.888  -73.667  26.357 1.0000000000
12395  -9.483  -73.257  25.825 1.0000000000
13298  -10.491  -72.377  24.586 1.0000000000
9092  -6.168  -78.595  28.196 1.0000000000
156073  -5.964  -79.293  28.096 0.8999999762
9129  -8.415  -78.217  26.145 1.0000000000
13316  -10.899  -71.992  23.989 1.0000000000
9108  -6.086  -78.961  26.989 1.0000000000
9113  -8.936  -77.693  26.926 1.0000000000
11493  -9.221  -74.436  27.226 1.0000000000
11504  -9.790  -74.067  26.448 1.0000000000
13317  -11.817  -72.114  23.741 1.0000000000
9093  -6.294  -78.065  27.902 1.0000000000
9902  -6.738  -77.428  27.889 1.0000000000
11505  -10.610  -74.441  26.541 1.0000000000
13318  -12.828  -72.295  23.448 1.0000000000
13329  -12.198  -71.604  22.963 1.0000000000
9901  -6.338  -77.517  28.002 1.0000000000
11495  -10.770  -75.072  26.856 1.0000000000
11506  -11.774  -74.554  26.045 1.0000000000
15083  -4.672  -70.656  21.443 1.0000000000
137054  -12.868  -71.382  22.269 1.0000000000
13331  -14.093  -72.219  22.292 1.0000000000
155521  -5.528  -70.909  21.136 1.0000000000
14201  -6.949  -71.426  20.315 1.0000000000
12441  -4.028  -73.283  21.632 1.0000000000
14191  -4.769  -71.551  21.363 1.0000000000
142580  -4.991  -73.209  21.453 1.0000000000
12443  -6.147  -73.058  21.084 1.0000000000
13343  -6.548  -72.264  20.623 1.0000000000
13344  -7.483  -72.174  20.134 1.0000000000
15095  -7.383  -70.586  20.058 1.0000000000
10703  -3.832  -75.103  21.118 1.0000000000
132140  -5.811  -73.984  21.401 1.0000000000
150511  -6.735  -73.645  21.050 1.0000000000
12452  -14.412  -73.311  21.376 1.0000000000
13350  -14.243  -72.386  20.964 1.0000000000
11554  -4.200  -74.703  21.574 1.0000000000
11556  -6.209  -74.781  21.579 1.0000000000
11557  -6.899  -74.386  21.271 1.0000000000
142177  -7.953  -72.792  20.161 1.0000000000
12463  -13.787  -72.883  20.856 1.0000000000
9190  -6.105  -77.444  20.661 1.0000000000
151384  -7.151  -76.068  21.249 1.0000000000
138818  -8.027  -75.535  21.144 1.0000000000
11558  -7.950  -74.757  21.213 1.0000000000
12449  -12.639  -74.449  21.408 1.0000000000
157183  -8.498  -75.287  21.085 1.0000000000
11561  -11.416  -75.106  21.053 1.0000000000
8451  -4.043  -78.192  19.758 1.0000000000
8469  -4.892  -79.293  19.260 1.0000000000
8435  -4.561  -78.052  20.237 1.0000000000
9207  -7.438  -77.477  19.644 1.0000000000
9986  -8.817  -76.321  19.717 1.0000000000
9987  -9.541  -76.154  19.459 1.0000000000
9974  -10.188  -75.970  19.840 1.0000000000
10710  -10.684  -75.380  20.275 1.0000000000
8450  -3.874  -78.254  19.120 1.0000000000
152565  -3.832  -78.929  18.382 1.0000000000
7770  -3.772  -79.309  17.443 1.0000000000
9263  -6.299  -77.573  15.262 0.8999999762
8508  -4.406  -78.998  15.908 1.0000000000
7804  -6.000  -78.837  14.387 0.8999999762
8548  -4.573  -78.736  11.678 0.5000000000
10588  -6.681  -75.351  32.642 0.5000000000
9846  -6.375  -75.912  30.957 0.6999999881
8266  -5.594  -77.940  32.068 0.5000000000
9062  -6.690  -77.332  30.466 0.6000000238
8282  -6.725  -77.449  31.002 0.6000000238
12383  -5.453  -73.306  26.684 1.0000000000
8308  -6.431  -78.715  29.798 0.8000000119
12402  -7.807  -72.196  25.119 1.0000000000
13296  -8.685  -72.015  24.795 1.0000000000
9074  -5.975  -76.861  29.077 0.8999999762
12384  -6.222  -73.492  26.544 1.0000000000
11502  -7.935  -73.383  26.298 1.0000000000
13297  -9.627  -72.187  24.713 1.0000000000
13314  -9.347  -71.673  24.389 1.0000000000
11491  -6.757  -74.041  27.285 1.0000000000
13315  -10.138  -71.813  24.215 1.0000000000
11481  -6.816  -74.723  28.043 1.0000000000
14183  -10.741  -71.091  23.470 1.0000000000
10640  -6.708  -75.543  28.127 1.0000000000
10641  -7.371  -75.428  28.165 1.0000000000
11483  -8.346  -74.432  27.593 1.0000000000
10648  -9.672  -75.668  27.585 1.0000000000
15076  -11.348  -70.470  23.038 1.0000000000
10642  -8.174  -75.265  28.116 1.0000000000
16787  -3.622  -68.656  21.779 1.0000000000
15084  -5.599  -70.172  21.197 1.0000000000
15085  -12.039  -70.095  22.257 1.0000000000
139477  -7.033  -69.802  20.335 1.0000000000
15086  -12.516  -70.251  21.407 1.0000000000
15953  -7.842  -69.788  19.802 1.0000000000
15087  -13.022  -70.815  20.995 1.0000000000
13336  -4.313  -72.476  21.529 1.0000000000
15943  -8.362  -68.973  19.605 1.0000000000
11553  -3.667  -74.182  21.228 1.0000000000
14214  -7.805  -71.364  19.809 1.0000000000
14219  -12.667  -71.494  19.763 1.0000000000
14202  -13.678  -71.694  20.555 1.0000000000
12458  -8.693  -73.210  20.245 1.0000000000
13361  -10.511  -72.311  19.659 1.0000000000
13348  -13.157  -72.464  20.342 1.0000000000
13349  -13.665  -72.204  20.516 1.0000000000
134922  -3.863  -75.657  20.722 1.0000000000
10707  -7.083  -75.199  21.486 1.0000000000
12445  -8.409  -74.007  20.890 1.0000000000
151455  -7.949  -73.384  20.465 1.0000000000
12460  -11.182  -73.824  20.897 1.0000000000
13347  -12.354  -72.783  20.362 1.0000000000
12462  -12.992  -73.374  20.894 1.0000000000
10705  -5.042  -75.980  21.435 1.0000000000
10706  -5.958  -75.509  21.633 1.0000000000
12446  -9.261  -74.188  20.840 1.0000000000
139403  -10.271  -73.777  20.678 1.0000000000
12461  -12.058  -73.717  21.011 1.0000000000
9170  -5.784  -77.072  21.148 1.0000000000
9971  -7.690  -76.577  20.682 1.0000000000
9957  -8.294  -75.991  20.729 1.0000000000
9958  -9.137  -75.729  20.226 1.0000000000
10709  -9.841  -75.425  20.217 1.0000000000
12447  -10.816  -74.648  20.963 1.0000000000
9205  -3.884  -77.496  19.713 1.0000000000
9219  -3.997  -77.229  18.520 1.0000000000
9233  -4.547  -77.450  17.605 1.0000000000
140638  -4.448  -77.988  16.948 1.0000000000
8498  -5.509  -77.953  16.031 1.0000000000
8522  -6.257  -78.066  14.509 0.8999999762
9289  -5.966  -77.708  13.840 0.8000000119
12382  -4.832  -72.990  26.876 1.0000000000
13286  -6.346  -72.439  25.409 1.0000000000
9856  -5.546  -76.175  30.053 0.6999999881
141714  -5.806  -76.465  29.094 0.8000000119
11490  -5.827  -73.894  27.188 1.0000000000
151509  -8.642  -71.563  24.460 1.0000000000
9884  -6.268  -77.203  28.496 0.8999999762
146314  -6.237  -74.293  27.850 1.0000000000
152275  -8.411  -73.954  26.850 1.0000000000
14174  -9.929  -71.238  23.936 1.0000000000
9885  -6.120  -76.597  28.390 1.0000000000
159560  -6.088  -76.019  28.267 1.0000000000
14182  -10.147  -70.693  23.634 1.0000000000
159573  -10.668  -70.588  23.425 1.0000000000
15075  -10.604  -70.062  23.373 1.0000000000
14175  -11.234  -71.566  23.471 1.0000000000
9886  -6.369  -76.276  28.144 1.0000000000
15925  -11.539  -69.668  22.720 1.0000000000
17636  -4.177  -67.964  22.058 1.0000000000
15933  -5.700  -69.235  21.300 1.0000000000
16800  -6.317  -68.472  21.176 1.0000000000
15081  -3.037  -70.018  21.272 1.0000000000
15935  -12.109  -69.476  21.723 1.0000000000
15942  -7.531  -69.017  20.175 1.0000000000
15936  -12.272  -69.568  20.818 1.0000000000
150559  -2.877  -70.719  20.955 1.0000000000
13342  -3.043  -72.640  20.969 1.0000000000
16791  -12.048  -69.092  20.349 1.0000000000
13337  -5.454  -72.350  21.179 1.0000000000
136052  -9.510  -69.875  19.020 1.0000000000
145322  -12.554  -70.963  19.625 1.0000000000
15956  -12.131  -69.888  19.706 1.0000000000
15097  -13.110  -71.030  20.500 1.0000000000
157822  -3.387  -74.056  20.507 1.0000000000
14215  -9.164  -71.498  19.288 1.0000000000
13362  -11.596  -72.296  19.795 1.0000000000
15113  -13.014  -71.240  20.024 1.0000000000
11575  -3.701  -74.530  20.145 1.0000000000
13345  -8.418  -72.139  19.724 1.0000000000
137279  -4.856  -75.296  21.602 1.0000000000
13360  -9.461  -72.476  19.709 1.0000000000
9985  -3.995  -76.118  19.527 1.0000000000
9984  -3.871  -76.636  19.987 1.0000000000
11559  -9.622  -74.973  20.660 1.0000000000
150294  -9.989  -74.574  20.788 1.0000000000
9218  -3.850  -77.009  19.325 1.0000000000
9250  -5.696  -77.234  16.724 1.0000000000
10035  -6.357  -77.019  16.049 1.0000000000
9278  -6.086  -77.232  14.581 0.8000000119
10597  -5.136  -75.368  31.261 0.6000000238
12376  -4.255  -72.957  27.787 0.8999999762
12381  -4.387  -72.710  27.035 1.0000000000
13277  -4.524  -72.381  26.462 1.0000000000
10596  -4.570  -75.144  30.911 0.6000000238
10618  -4.914  -75.149  29.957 0.8000000119
11478  -4.626  -73.578  28.431 0.8999999762
153757  -5.288  -72.449  25.929 1.0000000000
140249  -6.984  -71.942  24.877 1.0000000000
133447  -5.299  -75.381  29.449 0.8000000119
13295  -7.914  -71.683  24.590 1.0000000000
10630  -5.085  -74.560  29.038 0.8999999762
11489  -5.159  -73.622  27.337 1.0000000000
14172  -8.276  -71.106  24.224 1.0000000000
14173  -9.102  -71.242  24.238 1.0000000000
9873  -5.613  -75.872  28.900 0.8999999762
15073  -9.208  -69.948  23.834 1.0000000000
10639  -5.737  -75.082  28.675 1.0000000000
15068  -9.286  -70.699  23.988 1.0000000000
15923  -9.940  -69.567  23.510 1.0000000000
149721  -6.188  -75.102  28.272 1.0000000000
16779  -10.082  -68.799  23.227 1.0000000000
15924  -10.869  -69.250  23.121 1.0000000000
17626  -10.348  -67.958  23.048 1.0000000000
16778  -3.625  -67.809  21.628 1.0000000000
16788  -4.559  -68.817  21.779 1.0000000000
18592  -5.766  -67.378  21.838 1.0000000000
17638  -6.689  -67.648  21.227 1.0000000000
15934  -11.752  -68.937  22.273 1.0000000000
16781  -11.780  -68.175  21.846 1.0000000000
140231  -11.546  -66.923  22.329 1.0000000000
15951  -2.977  -69.164  20.235 1.0000000000
15932  -4.632  -69.799  21.576 1.0000000000
16801  -7.158  -68.317  20.643 1.0000000000
18610  -8.180  -67.014  20.532 1.0000000000
16790  -11.982  -68.757  21.093 1.0000000000
17628  -11.852  -67.266  21.500 1.0000000000
15964  -3.713  -68.967  19.520 1.0000000000
14212  -2.959  -71.464  20.196 1.0000000000
16802  -8.093  -68.134  20.099 1.0000000000
147411  -11.841  -67.932  20.979 1.0000000000
18576  -11.297  -66.180  22.604 1.0000000000
158520  -11.472  -67.542  20.083 1.0000000000
16803  -11.792  -68.289  20.175 1.0000000000
13358  -2.952  -72.226  20.369 1.0000000000
14190  -3.700  -71.817  21.476 1.0000000000
133094  -9.237  -69.011  19.148 1.0000000000
18613  -11.005  -66.087  20.212 1.0000000000
133772  -10.145  -69.133  18.941 1.0000000000
16804  -11.916  -69.227  19.847 1.0000000000
16814  -11.437  -68.804  19.514 1.0000000000
133567  -10.406  -69.990  18.900 1.0000000000
15110  -11.217  -70.164  19.059 1.0000000000
14216  -10.086  -71.574  19.221 1.0000000000
140537  -10.677  -70.804  18.984 1.0000000000
14218  -12.034  -71.393  19.408 1.0000000000
12444  -7.540  -73.858  20.899 1.0000000000
12459  -9.521  -73.447  20.375 1.0000000000
13346  -10.072  -72.979  20.141 1.0000000000
10744  -4.718  -75.839  18.954 1.0000000000
10001  -5.481  -75.901  18.360 1.0000000000
9235  -6.227  -76.501  16.766 1.0000000000
150232  -6.275  -76.261  16.243 0.8999999762
10048  -6.121  -76.645  15.365 0.8999999762
9277  -5.163  -76.893  13.932 0.8000000119
11446  -4.489  -74.794  31.682 0.6000000238
148444  -4.397  -73.720  29.561 0.8000000119
11459  -4.575  -74.439  29.965 0.6999999881
12367  -4.200  -73.207  28.782 0.8999999762
13285  -5.563  -72.228  25.506 1.0000000000
10629  -4.869  -74.658  29.592 0.8000000119
13294  -6.017  -71.871  24.963 1.0000000000
14155  -7.245  -71.315  24.312 1.0000000000
11479  -5.122  -73.910  28.263 1.0000000000
151002  -6.490  -71.420  24.528 1.0000000000
14171  -7.482  -70.600  23.975 1.0000000000
15067  -8.414  -70.315  23.985 1.0000000000
15066  -6.478  -70.743  24.141 1.0000000000
142028  -8.229  -69.033  23.732 1.0000000000
15918  -8.549  -69.643  23.843 1.0000000000
15922  -9.157  -69.129  23.628 1.0000000000
16775  -9.417  -68.257  23.455 1.0000000000
18584  -10.739  -67.048  22.922 1.0000000000
18593  -6.543  -66.805  21.684 1.0000000000
146280  -7.294  -66.188  21.534 1.0000000000
20678  -10.924  -64.655  20.670 1.0000000000
18595  -11.817  -66.550  20.921 1.0000000000
19618  -11.820  -65.299  21.955 1.0000000000
15952  -3.412  -69.859  19.692 1.0000000000
17655  -8.799  -67.338  19.939 1.0000000000
20650  -11.779  -64.398  21.813 1.0000000000
15094  -6.426  -70.603  20.657 1.0000000000
16811  -8.984  -68.167  19.438 1.0000000000
18627  -10.505  -66.901  19.775 1.0000000000
18628  -11.092  -67.374  19.792 1.0000000000
14213  -3.615  -71.761  19.553 1.0000000000
149427  -3.186  -71.938  21.200 1.0000000000
16813  -10.742  -68.518  19.204 1.0000000000
17657  -11.271  -68.000  19.630 1.0000000000
145340  -11.680  -63.828  21.841 1.0000000000
151037  -3.047  -73.024  20.477 1.0000000000
13359  -3.679  -72.774  19.601 1.0000000000
15955  -11.635  -69.633  19.399 1.0000000000
12473  -5.119  -73.911  18.891 1.0000000000
11576  -4.244  -74.194  19.505 1.0000000000
153465  -4.268  -74.823  19.606 1.0000000000
10746  -6.150  -75.298  18.154 1.0000000000
10772  -6.315  -75.800  16.963 1.0000000000
10022  -6.134  -76.016  17.587 1.0000000000
10059  -4.441  -76.225  14.495 0.6999999881
136938  -3.927  -76.619  13.996 0.6000000238
12341  -3.916  -73.754  31.853 0.6000000238
11450  -4.395  -74.558  30.682 0.6000000238
135501  -4.031  -73.076  29.764 0.8000000119
12355  -4.294  -73.875  30.262 0.6000000238
14143  -4.399  -71.302  25.320 1.0000000000
15050  -4.107  -70.480  24.936 1.0000000000
13283  -4.111  -71.730  25.992 1.0000000000
14154  -5.685  -71.162  24.636 1.0000000000
14153  -4.852  -71.015  24.860 1.0000000000
15052  -5.644  -70.429  24.424 1.0000000000
15908  -6.169  -69.865  24.091 1.0000000000
15916  -6.896  -70.063  23.889 1.0000000000
145634  -6.791  -69.302  23.902 1.0000000000
15917  -7.675  -69.715  23.825 1.0000000000
151670  -8.668  -68.498  23.659 1.0000000000
17617  -8.681  -67.724  23.692 1.0000000000
17618  -9.575  -67.220  23.403 1.0000000000
16769  -6.757  -68.298  24.106 1.0000000000
18575  -10.021  -66.152  23.239 1.0000000000
141373  -3.227  -67.865  21.065 1.0000000000
17625  -4.761  -67.218  22.138 1.0000000000
152152  -5.563  -66.514  22.210 1.0000000000
19617  -7.166  -65.414  22.017 1.0000000000
20663  -9.587  -64.067  21.206 1.0000000000
17627  -11.358  -67.684  22.522 1.0000000000
19604  -10.821  -65.265  22.925 1.0000000000
16789  -5.517  -68.506  21.541 1.0000000000
19641  -8.687  -65.790  20.886 1.0000000000
157977  -9.263  -64.550  21.188 1.0000000000
159530  -11.155  -64.124  20.865 1.0000000000
20633  -11.353  -64.470  22.599 1.0000000000
18611  -8.952  -66.393  20.354 1.0000000000
19644  -11.481  -65.303  20.668 1.0000000000
19627  -11.807  -64.870  21.220 1.0000000000
15106  -3.550  -70.862  19.569 1.0000000000
17667  -9.700  -67.495  19.449 1.0000000000
21606  -11.515  -63.361  21.698 1.0000000000
134975  -11.765  -62.433  22.147 1.0000000000
142017  -4.751  -72.058  18.764 1.0000000000
142294  -5.811  -73.548  18.254 1.0000000000
12483  -6.198  -74.050  17.985 1.0000000000
11598  -6.221  -74.574  17.617 1.0000000000
134237  -5.414  -74.650  16.428 1.0000000000
10780  -4.550  -75.181  15.431 0.8000000119
10058  -3.800  -75.755  14.420 0.6999999881
12348  -4.104  -73.932  31.030 0.6000000238
157582  -4.041  -73.340  30.583 0.6999999881
13247  -3.763  -72.557  29.053 0.6999999881
14129  -3.557  -71.519  27.550 0.8000000119
14138  -3.822  -71.675  26.686 0.8000000119
15037  -3.931  -70.997  25.506 0.8999999762
15008  -3.207  -70.525  27.473 0.8000000119
15051  -4.940  -70.329  24.700 1.0000000000
15906  -4.494  -69.553  24.744 1.0000000000
15907  -5.368  -69.633  24.512 1.0000000000
16768  -5.959  -68.942  24.261 1.0000000000
17608  -6.375  -67.374  24.535 1.0000000000
17609  -7.197  -67.371  24.208 1.0000000000
18573  -7.972  -67.323  23.910 1.0000000000
18574  -8.580  -66.726  23.819 1.0000000000
19602  -8.929  -65.753  23.811 1.0000000000
19590  -8.203  -65.108  24.446 1.0000000000
17653  -3.385  -67.702  20.357 1.0000000000
18583  -4.494  -66.378  22.334 1.0000000000
19626  -8.027  -65.610  21.382 1.0000000000
20632  -10.428  -64.354  23.470 1.0000000000
21605  -11.135  -63.179  21.298 1.0000000000
15965  -4.905  -69.115  18.817 1.0000000000
20662  -8.872  -65.081  21.186 1.0000000000
21565  -11.251  -63.172  22.945 1.0000000000
21626  -11.359  -63.876  21.166 1.0000000000
22515  -11.709  -62.398  22.976 1.0000000000
15122  -4.621  -70.146  18.818 1.0000000000
16848  -4.612  -68.755  16.666 0.6999999881
17656  -9.581  -66.838  19.835 1.0000000000
14228  -5.618  -71.416  18.231 1.0000000000
13373  -6.061  -73.186  17.881 1.0000000000
147314  -5.931  -73.746  17.403 1.0000000000
10770  -4.489  -74.615  15.917 0.8999999762
144486  -4.026  -74.591  15.542 0.6999999881
13234  -3.662  -72.600  30.600 0.6000000238
148782  -3.512  -72.183  29.816 0.6999999881
14078  -3.204  -71.545  30.776 0.5000000000
14094  -3.191  -71.373  29.905 0.6000000238
155950  -3.476  -71.642  28.262 0.6999999881
15049  -3.583  -70.140  25.744 0.8999999762
15905  -3.780  -69.415  25.055 1.0000000000
16766  -4.018  -68.737  24.853 1.0000000000
14953  -2.979  -70.631  30.474 0.6000000238
14992  -3.175  -70.840  28.440 0.6999999881
151706  -3.437  -69.147  25.774 0.8000000119
16767  -4.926  -68.592  24.725 1.0000000000
17607  -5.550  -66.820  24.878 1.0000000000
137068  -2.941  -69.823  30.181 0.6000000238
143612  -2.954  -69.677  29.168 0.6000000238
15861  -3.018  -69.422  27.377 0.6999999881
18563  -6.522  -66.358  24.750 1.0000000000
16734  -3.183  -67.819  26.904 0.8000000119
17606  -4.743  -67.339  24.944 1.0000000000
18564  -7.621  -66.544  24.276 1.0000000000
18565  -8.086  -65.904  24.151 1.0000000000
19624  -3.775  -65.782  21.696 0.8999999762
19614  -4.311  -65.559  22.541 0.8999999762
19591  -8.879  -64.826  24.086 1.0000000000
20619  -9.416  -64.154  24.225 1.0000000000
155964  -3.479  -67.147  20.496 0.8999999762
155420  -3.702  -66.949  21.584 0.8999999762
18582  -3.926  -66.232  22.095 0.8999999762
19616  -6.137  -65.506  22.423 1.0000000000
20648  -6.526  -64.871  22.472 1.0000000000
21602  -7.905  -63.980  22.112 1.0000000000
20661  -8.017  -64.850  21.725 1.0000000000
21603  -8.936  -63.380  21.548 1.0000000000
21563  -10.199  -63.597  23.925 1.0000000000
17665  -4.004  -67.710  19.467 0.8999999762
19625  -6.470  -66.086  22.103 1.0000000000
22544  -10.613  -62.469  21.307 1.0000000000
21549  -10.380  -63.105  24.311 1.0000000000
23412  -13.427  -62.250  24.992 1.0000000000
18626  -4.876  -66.516  19.094 0.8999999762
145942  -8.741  -64.312  21.474 1.0000000000
154890  -11.432  -62.346  24.926 1.0000000000
23481  -10.989  -61.672  21.388 1.0000000000
23437  -12.059  -61.971  24.599 1.0000000000
24332  -13.394  -61.980  24.673 1.0000000000
16823  -5.358  -68.272  18.254 0.8999999762
23438  -12.743  -61.479  24.063 1.0000000000
16824  -5.688  -69.029  18.062 1.0000000000
159794  -5.356  -68.023  17.787 0.8999999762
158084  -11.670  -61.595  21.675 1.0000000000
151141  -11.995  -61.708  22.053 1.0000000000
22516  -12.118  -61.707  22.708 1.0000000000
24345  -14.015  -61.826  24.108 1.0000000000
145071  -14.668  -61.730  23.295 1.0000000000
145287  -14.929  -61.552  22.927 1.0000000000
15999  -5.610  -69.836  17.160 1.0000000000
15979  -5.500  -69.166  17.356 0.8000000119
16847  -4.408  -68.263  16.373 0.6000000238
23452  -12.527  -61.270  23.288 1.0000000000
24376  -15.127  -61.191  22.553 1.0000000000
14247  -5.722  -71.306  16.961 1.0000000000
15998  -4.852  -69.613  16.598 0.8000000119
16846  -4.289  -69.024  16.017 0.6999999881
23467  -12.101  -61.160  21.873 1.0000000000
23468  -12.500  -61.038  22.517 1.0000000000
155890  -12.985  -60.560  22.749 1.0000000000
24357  -13.114  -61.131  23.536 1.0000000000
24360  -14.372  -61.142  22.989 1.0000000000
24375  -14.699  -60.994  22.647 1.0000000000
13394  -5.156  -72.261  16.429 1.0000000000
14246  -4.599  -71.207  16.269 0.6999999881
15146  -4.225  -70.341  16.154 0.6000000238
25318  -13.754  -60.423  22.715 1.0000000000
25319  -13.956  -60.551  22.850 1.0000000000
25320  -14.386  -60.336  22.394 1.0000000000
25350  -14.817  -59.955  21.869 1.0000000000
24394  -15.210  -60.524  22.038 1.0000000000
146436  -4.545  -73.453  16.219 1.0000000000
134943  -4.098  -74.108  15.924 0.6999999881
15875  -3.211  -69.355  26.412 0.8000000119
131966  -3.208  -68.427  26.270 0.8000000119
136549  -3.669  -67.409  25.666 0.8999999762
18531  -3.722  -66.699  26.097 0.8999999762
15810  -3.089  -69.301  30.651 0.6000000238
15826  -2.928  -69.160  29.952 0.6000000238
16710  -3.077  -68.272  27.715 0.6000000238
134659  -3.371  -67.530  26.218 0.8000000119
17594  -4.043  -66.833  25.481 0.8999999762
18562  -5.448  -65.776  25.304 1.0000000000
19589  -7.270  -65.424  24.785 1.0000000000
20618  -8.485  -64.339  24.724 1.0000000000
21548  -9.707  -63.486  24.689 1.0000000000
19615  -5.152  -65.689  22.594 1.0000000000
132409  -6.836  -64.197  22.587 1.0000000000
22542  -8.764  -62.576  21.845 1.0000000000
22543  -9.593  -62.538  21.427 1.0000000000
142307  -13.012  -62.521  25.486 1.0000000000
156160  -4.728  -67.215  19.153 0.8999999762
23425  -14.199  -62.095  24.382 1.0000000000
149708  -5.247  -66.468  18.141 0.8999999762
23480  -10.051  -61.771  21.411 1.0000000000
24343  -13.164  -61.633  24.393 1.0000000000
23453  -14.859  -62.074  23.572 1.0000000000
22518  -15.866  -62.637  22.709 1.0000000000
24391  -11.059  -60.121  21.863 1.0000000000
24344  -13.640  -61.733  24.154 1.0000000000
23469  -15.872  -61.777  22.285 1.0000000000
25303  -13.853  -61.326  23.550 1.0000000000
24409  -16.920  -61.228  21.148 1.0000000000
25349  -12.558  -59.642  22.259 1.0000000000
24393  -12.908  -60.311  22.664 1.0000000000
24422  -17.036  -60.660  20.681 1.0000000000
25317  -13.363  -60.379  22.700 1.0000000000
24408  -16.251  -60.621  21.285 1.0000000000
152704  -17.261  -60.070  20.145 1.0000000000
145061  -4.109  -71.842  16.021 0.6000000238
146371  -14.361  -59.715  22.001 1.0000000000
16671  -3.046  -68.641  29.287 0.6000000238
18532  -4.098  -66.235  26.423 0.8000000119
18549  -4.217  -66.010  25.921 0.8999999762
16672  -3.544  -68.313  29.501 0.6000000238
150732  -3.571  -66.993  26.833 0.6999999881
19588  -6.168  -65.221  25.317 1.0000000000
20617  -7.585  -64.450  25.029 1.0000000000
20603  -8.032  -63.907  25.330 1.0000000000
149059  -4.206  -64.841  22.662 0.8999999762
16697  -4.763  -67.935  28.186 0.6999999881
20600  -5.909  -64.671  25.973 0.8999999762
21534  -9.465  -63.471  25.466 1.0000000000
18511  -5.431  -65.870  27.134 0.6999999881
22476  -10.112  -63.301  25.876 1.0000000000
20659  -3.814  -65.066  21.295 0.8999999762
20645  -3.933  -64.936  22.101 0.8999999762
20647  -4.714  -64.911  22.994 1.0000000000
138327  -6.060  -64.447  22.949 1.0000000000
21581  -6.081  -63.802  23.189 1.0000000000
21583  -8.040  -63.018  22.228 1.0000000000
22488  -10.155  -63.022  25.099 1.0000000000
22490  -13.473  -63.049  25.646 1.0000000000
19656  -3.981  -66.120  19.968 0.8999999762
22489  -11.015  -62.875  25.499 1.0000000000
20691  -4.873  -64.808  19.366 0.8999999762
23479  -9.104  -61.816  21.874 1.0000000000
23421  -11.871  -62.400  25.258 1.0000000000
23410  -12.502  -62.491  25.503 1.0000000000
22492  -14.252  -62.110  24.451 1.0000000000
22503  -14.608  -62.257  24.057 1.0000000000
19657  -4.800  -65.625  19.292 0.8999999762
22517  -15.161  -62.487  23.376 1.0000000000
22530  -16.423  -62.629  22.205 1.0000000000
23422  -12.595  -61.937  24.918 1.0000000000
23470  -16.609  -62.143  21.891 1.0000000000
23482  -16.401  -61.444  21.668 1.0000000000
23494  -17.643  -61.402  20.701 1.0000000000
26308  -13.592  -59.513  22.339 1.0000000000
157679  -17.645  -60.678  20.266 1.0000000000
24435  -18.797  -60.304  19.587 1.0000000000
26309  -13.991  -59.530  22.221 1.0000000000
25360  -15.444  -60.135  21.651 1.0000000000
24421  -16.450  -59.962  20.625 1.0000000000
26310  -14.081  -59.631  22.212 1.0000000000
25359  -14.921  -59.482  21.522 1.0000000000
157775  -15.943  -60.063  21.165 1.0000000000
24434  -18.059  -60.143  19.883 1.0000000000
17544  -3.594  -67.732  28.288 0.6000000238
17559  -3.677  -67.242  27.623 0.6999999881
19587  -5.415  -65.065  25.657 1.0000000000
17545  -3.905  -67.386  28.173 0.6999999881
19571  -6.736  -64.596  25.512 1.0000000000
20602  -7.213  -64.121  25.696 1.0000000000
21514  -7.864  -63.915  26.019 1.0000000000
21533  -8.689  -63.797  25.757 1.0000000000
21516  -9.352  -63.721  26.159 1.0000000000
20646  -4.074  -64.191  22.515 0.8999999762
21562  -5.200  -63.304  23.626 1.0000000000
21580  -5.256  -64.248  23.228 1.0000000000
21582  -7.085  -63.433  22.736 1.0000000000
22477  -10.877  -63.339  26.253 1.0000000000
22479  -12.887  -62.786  25.819 1.0000000000
19640  -4.156  -65.194  20.273 0.8999999762
22528  -7.301  -62.607  22.895 1.0000000000
22529  -8.173  -62.184  22.364 1.0000000000
22478  -11.738  -62.961  25.928 1.0000000000
134479  -4.648  -64.478  20.125 0.8999999762
21638  -5.054  -64.058  19.465 0.8999999762
22527  -6.261  -62.984  23.392 1.0000000000
23466  -9.235  -60.898  22.162 1.0000000000
144543  -13.896  -63.107  25.132 1.0000000000
144455  -15.041  -63.299  23.817 1.0000000000
22586  -5.780  -62.728  18.806 0.8000000119
23465  -8.351  -61.378  22.541 1.0000000000
159801  -9.669  -61.366  21.697 1.0000000000
22546  -17.873  -63.221  21.253 1.0000000000
23509  -6.173  -61.978  19.535 0.8000000119
24390  -9.912  -60.079  22.149 1.0000000000
24406  -10.364  -60.952  21.615 1.0000000000
22559  -18.532  -62.948  20.723 1.0000000000
22560  -19.116  -62.560  20.285 1.0000000000
25347  -10.561  -59.234  22.327 1.0000000000
23483  -17.207  -62.083  21.349 1.0000000000
23495  -18.415  -61.966  20.464 1.0000000000
23512  -19.601  -61.302  19.608 1.0000000000
25333  -12.338  -58.890  22.384 1.0000000000
23511  -19.014  -60.980  19.745 1.0000000000
147638  -12.981  -59.317  22.431 1.0000000000
26330  -13.242  -58.651  22.262 1.0000000000
26331  -13.574  -58.918  22.053 1.0000000000
26350  -14.608  -59.427  21.628 1.0000000000
25389  -19.427  -59.673  19.273 1.0000000000
25402  -20.091  -59.216  19.093 1.0000000000
25412  -7.748  -59.407  17.247 0.4000000060
26332  -13.768  -59.025  21.966 1.0000000000
27389  -14.273  -59.162  21.681 1.0000000000
26365  -15.013  -58.972  21.047 1.0000000000
25372  -15.643  -59.555  20.990 1.0000000000
141694  -16.248  -59.278  20.385 1.0000000000
25373  -16.909  -59.357  20.042 1.0000000000
25388  -18.588  -59.328  19.416 1.0000000000
26413  -19.365  -58.827  19.152 1.0000000000
28603  -18.788  -56.792  18.903 1.0000000000
140161  -18.832  -56.137  18.649 1.0000000000
17560  -4.149  -66.858  27.478 0.6999999881
18509  -4.034  -66.501  27.031 0.6999999881
19529  -4.545  -65.997  26.660 0.8000000119
19530  -5.225  -65.471  26.716 0.8000000119
136985  -5.412  -68.011  27.480 0.6999999881
20558  -7.089  -64.544  26.695 0.8999999762
20601  -6.473  -64.397  25.919 1.0000000000
19531  -5.910  -65.262  27.064 0.8000000119
20581  -7.057  -64.173  26.188 1.0000000000
21495  -7.818  -64.107  26.635 1.0000000000
21515  -8.584  -63.943  26.409 1.0000000000
155715  -9.206  -63.973  26.704 1.0000000000
21517  -10.040  -63.805  26.561 1.0000000000
21498  -10.857  -63.770  26.691 1.0000000000
21601  -4.136  -63.538  22.164 0.8999999762
22511  -4.965  -62.443  23.946 1.0000000000
144727  -10.605  -65.951  27.403 0.8999999762
159691  -11.981  -63.627  26.629 1.0000000000
22465  -11.587  -63.513  26.456 1.0000000000
136634  -4.205  -63.866  21.360 0.8999999762
22512  -5.561  -62.431  23.945 1.0000000000
21519  -12.330  -63.232  26.294 1.0000000000
20620  -14.543  -65.189  24.705 1.0000000000
21566  -15.519  -64.554  23.567 1.0000000000
23478  -5.053  -61.965  21.626 0.8999999762
22510  -4.832  -62.189  23.483 0.8999999762
23464  -7.516  -61.796  23.086 1.0000000000
21536  -13.505  -64.010  25.393 1.0000000000
20665  -18.132  -64.224  21.406 1.0000000000
138789  -6.011  -60.728  21.142 0.8999999762
21651  -5.404  -63.216  16.892 0.6000000238
23448  -5.921  -61.301  24.171 1.0000000000
22513  -6.554  -62.179  23.549 1.0000000000
21585  -16.666  -63.850  22.319 1.0000000000
21586  -17.515  -64.073  21.685 1.0000000000
22577  -20.464  -62.308  19.745 0.8999999762
22603  -6.230  -62.194  15.959 0.6000000238
20586  -16.196  -64.243  26.832 0.8000000119
19576  -16.186  -65.424  24.931 0.8999999762
22576  -19.691  -62.071  19.920 1.0000000000
24437  -21.253  -60.988  19.065 0.8999999762
25348  -11.709  -59.427  22.112 1.0000000000
24436  -20.376  -60.895  19.256 0.8999999762
26349  -11.358  -58.755  22.417 1.0000000000
24449  -20.901  -60.232  19.054 1.0000000000
134294  -12.543  -58.288  22.494 1.0000000000
25403  -20.647  -59.602  19.039 1.0000000000
147874  -21.603  -58.916  18.685 1.0000000000
146562  -13.277  -58.304  22.045 1.0000000000
27387  -13.567  -58.267  21.543 1.0000000000
26387  -15.741  -58.832  20.486 1.0000000000
26426  -21.054  -58.231  18.630 1.0000000000
27388  -13.901  -58.371  21.340 1.0000000000
134347  -15.207  -58.411  20.586 1.0000000000
26411  -17.359  -58.667  19.668 1.0000000000
141788  -18.065  -58.732  19.485 1.0000000000
26412  -18.662  -58.418  19.259 1.0000000000
26424  -19.298  -58.105  19.064 1.0000000000
26425  -20.109  -58.316  18.881 1.0000000000
29619  -20.529  -56.025  18.205 1.0000000000
17561  -5.010  -66.827  27.333 0.6999999881
17563  -6.886  -66.834  27.284 0.6999999881
20557  -6.102  -64.910  26.710 0.8000000119
20559  -8.015  -64.339  27.089 1.0000000000
21496  -8.600  -64.050  27.006 1.0000000000
155512  -7.551  -67.361  27.275 0.6999999881
18514  -8.781  -66.554  27.620 0.6999999881
21497  -9.454  -64.163  27.106 1.0000000000
148093  -10.242  -64.037  26.939 1.0000000000
24404  -4.944  -61.290  22.171 0.8999999762
20583  -11.984  -64.556  26.562 1.0000000000
20584  -12.469  -64.165  26.259 1.0000000000
20605  -13.776  -65.040  25.199 1.0000000000
18515  -9.670  -66.672  27.677 0.8000000119
19572  -12.639  -65.163  26.180 1.0000000000
20604  -13.078  -64.748  25.723 1.0000000000
19605  -16.649  -65.531  23.687 1.0000000000
21551  -14.781  -64.344  24.217 1.0000000000
23477  -4.729  -62.067  22.535 0.8999999762
23436  -5.439  -60.877  24.197 1.0000000000
22499  -5.312  -61.713  24.129 1.0000000000
140180  -11.323  -66.691  27.786 0.8000000119
19554  -13.695  -65.383  26.580 0.8999999762
19574  -14.374  -65.310  25.402 1.0000000000
19592  -15.131  -65.428  24.756 1.0000000000
138617  -16.931  -65.041  22.487 1.0000000000
151228  -4.908  -61.486  23.758 0.8999999762
23449  -6.743  -61.323  23.816 1.0000000000
23450  -7.733  -60.960  23.256 1.0000000000
136976  -8.455  -60.689  22.787 1.0000000000
19538  -14.049  -65.456  27.762 0.8999999762
20585  -15.255  -64.607  27.375 0.8999999762
21627  -19.379  -63.606  20.656 0.8999999762
21628  -20.322  -63.717  20.709 0.8000000119
141648  -5.838  -59.958  21.599 0.8999999762
22602  -5.768  -62.635  16.314 0.6000000238
24355  -5.554  -60.000  24.319 1.0000000000
24372  -7.134  -60.419  23.898 1.0000000000
157661  -7.985  -59.502  23.583 1.0000000000
24389  -8.911  -60.077  22.660 1.0000000000
21537  -17.989  -63.905  25.925 0.8000000119
19606  -17.231  -65.513  23.399 1.0000000000
23513  -21.692  -61.707  19.229 0.8999999762
25370  -6.508  -60.053  20.823 0.8999999762
24432  -6.692  -61.183  20.259 0.8999999762
26347  -9.817  -58.643  22.757 1.0000000000
26348  -10.673  -58.486  22.618 1.0000000000
26329  -11.498  -58.048  22.681 1.0000000000
21568  -19.338  -64.518  23.718 0.8000000119
24450  -21.664  -60.332  18.872 0.8999999762
25405  -22.065  -59.659  18.664 0.8999999762
27385  -12.057  -57.373  22.655 1.0000000000
27386  -12.730  -57.792  22.361 1.0000000000
143281  -20.064  -63.940  26.184 0.6999999881
25404  -21.273  -59.617  18.857 0.8999999762
28526  -12.824  -57.447  22.032 1.0000000000
28527  -13.186  -57.551  21.381 1.0000000000
27455  -15.910  -58.018  19.963 1.0000000000
28543  -13.436  -57.581  21.081 1.0000000000
27454  -14.994  -57.784  20.391 1.0000000000
26410  -16.909  -57.992  19.592 1.0000000000
27474  -17.885  -57.973  19.380 1.0000000000
27485  -21.327  -57.569  18.470 1.0000000000
143563  -6.010  -66.746  27.241 0.6999999881
18512  -6.557  -65.816  27.285 0.6999999881
17562  -5.888  -67.651  27.229 0.6999999881
16735  -7.353  -69.073  26.723 0.6000000238
136864  -8.334  -65.729  27.539 0.8000000119
19533  -8.381  -64.863  27.391 1.0000000000
144703  -9.185  -65.624  27.582 0.8000000119
19534  -9.906  -65.160  27.450 1.0000000000
20563  -11.496  -63.767  26.797 1.0000000000
19535  -11.476  -65.872  27.186 1.0000000000
19575  -15.298  -65.485  25.178 1.0000000000
24387  -4.947  -60.616  22.756 0.8999999762
19537  -13.180  -65.769  27.514 0.8999999762
19555  -14.667  -65.297  26.196 0.8999999762
24354  -5.100  -60.422  24.110 0.8999999762
24373  -8.053  -60.099  23.345 1.0000000000
18516  -12.223  -66.597  27.795 0.8000000119
157490  -18.567  -64.951  23.239 0.8000000119
21588  -19.589  -64.561  21.959 0.8000000119
21587  -18.749  -64.594  21.674 0.8000000119
25315  -5.854  -58.961  24.496 0.8999999762
154676  -7.407  -59.613  23.911 1.0000000000
25331  -8.542  -59.357  23.172 1.0000000000
19539  -14.794  -64.898  28.073 0.8000000119
21538  -18.601  -63.931  25.312 0.8000000119
22561  -19.949  -62.915  20.203 0.8000000119
23514  -22.403  -61.759  19.078 0.8000000119
23525  -6.674  -61.201  18.082 0.6999999881
26307  -6.249  -58.138  24.618 0.8999999762
145018  -8.508  -58.663  23.351 1.0000000000
26328  -10.221  -57.762  22.892 1.0000000000
25332  -9.079  -58.847  23.016 1.0000000000
20565  -16.191  -63.950  27.891 0.6000000238
21500  -17.005  -63.831  27.301 0.6999999881
21520  -18.529  -63.761  26.782 0.6999999881
154769  -20.856  -65.549  22.565 0.6000000238
133514  -19.617  -64.654  22.794 0.8000000119
24451  -22.516  -60.424  18.707 0.8999999762
25371  -6.905  -59.189  20.340 0.8000000119
23534  -6.632  -61.317  17.024 0.6000000238
144875  -22.940  -59.719  18.526 0.8999999762
25406  -23.392  -59.009  18.475 0.8000000119
28525  -12.300  -56.895  22.313 1.0000000000
27472  -16.538  -57.238  19.466 1.0000000000
18629  -23.036  -66.502  19.617 0.5000000000
140874  -21.984  -58.101  18.533 0.8999999762
28541  -12.332  -56.578  21.997 1.0000000000
148055  -12.662  -56.890  21.629 1.0000000000
27481  -18.011  -57.098  19.127 1.0000000000
27483  -19.590  -57.358  18.789 1.0000000000
151148  -22.598  -57.604  18.436 0.8999999762
28542  -12.911  -56.922  21.405 1.0000000000
27430  -13.982  -58.044  21.184 1.0000000000
28605  -20.183  -56.707  18.443 1.0000000000
27486  -21.953  -57.233  18.388 1.0000000000
30613  -16.681  -54.184  18.509 1.0000000000
28602  -18.050  -56.167  18.853 1.0000000000
140461  -19.877  -56.071  18.333 1.0000000000
24370  -4.933  -60.701  23.639 0.8999999762
151980  -10.624  -64.947  27.163 1.0000000000
17567  -11.152  -67.436  27.919 0.8000000119
19536  -12.397  -65.979  27.348 1.0000000000
19552  -12.112  -65.447  26.710 1.0000000000
25316  -6.788  -58.919  24.244 1.0000000000
25314  -5.257  -59.431  24.193 0.8999999762
21609  -20.438  -64.285  21.484 0.8000000119
152631  -21.600  -63.495  20.385 0.8000000119
26306  -5.872  -58.108  24.648 0.8999999762
137837  -20.998  -64.462  21.391 0.8000000119
21630  -22.293  -63.659  20.214 0.8000000119
22580  -23.154  -63.108  19.324 0.8000000119
23528  -24.082  -61.213  18.562 0.8000000119
26385  -6.157  -59.095  21.332 0.8999999762
26327  -9.022  -58.088  23.175 1.0000000000
20666  -21.318  -65.275  21.373 0.6999999881
22579  -22.311  -62.450  19.416 0.8000000119
25386  -7.372  -59.548  19.434 0.6999999881
27383  -8.384  -57.324  23.619 1.0000000000
27406  -10.179  -56.817  22.998 1.0000000000
28524  -11.743  -56.648  22.709 1.0000000000
21521  -19.613  -63.775  26.886 0.5000000000
26408  -7.661  -58.987  18.914 0.6000000238
28539  -11.017  -56.364  22.753 1.0000000000
28540  -11.865  -56.340  22.454 1.0000000000
27453  -14.184  -57.634  20.780 1.0000000000
140873  -22.933  -58.253  18.488 0.8999999762
29555  -12.028  -56.172  22.083 1.0000000000
28559  -13.568  -57.323  20.896 1.0000000000
27471  -15.604  -57.079  19.768 1.0000000000
28597  -16.259  -56.270  19.259 1.0000000000
28604  -19.435  -56.470  18.588 1.0000000000
145026  -22.784  -56.865  18.355 0.8999999762
28558  -13.175  -56.708  20.894 1.0000000000
28581  -13.896  -56.867  20.573 1.0000000000
28582  -14.683  -56.974  20.172 1.0000000000
29609  -17.114  -55.800  18.887 1.0000000000
28606  -21.110  -56.779  18.325 1.0000000000
28607  -21.960  -56.436  18.314 1.0000000000
158016  -22.576  -56.131  18.328 1.0000000000
29630  -19.950  -55.355  18.091 1.0000000000
29631  -20.776  -55.298  17.942 1.0000000000
30615  -18.362  -54.703  18.275 1.0000000000
30629  -18.964  -54.228  17.977 1.0000000000
17565  -9.317  -67.446  27.640 0.6999999881
18517  -13.023  -66.322  28.002 0.8000000119
25329  -5.037  -59.214  23.853 0.8999999762
25330  -7.820  -58.909  23.825 1.0000000000
19522  -13.804  -65.947  28.099 0.8000000119
26363  -5.728  -58.625  22.182 0.8999999762
26346  -5.244  -58.540  23.723 0.8999999762
26305  -5.483  -58.518  24.217 0.8999999762
27384  -9.272  -57.195  23.208 1.0000000000
19524  -15.369  -65.067  28.494 0.6000000238
19659  -23.514  -65.821  19.243 0.6999999881
20704  -24.861  -64.719  18.602 0.6999999881
146996  -23.863  -62.038  18.731 0.8000000119
149592  -24.289  -60.467  18.474 0.8000000119
24453  -24.984  -59.901  18.432 0.8000000119
24452  -23.433  -60.480  18.565 0.8000000119
25407  -24.368  -59.055  18.462 0.8000000119
27428  -5.843  -57.808  22.241 0.8999999762
26386  -6.577  -58.321  20.909 0.8999999762
26325  -7.137  -58.124  24.219 1.0000000000
28538  -9.977  -56.302  22.717 1.0000000000
29572  -12.672  -56.359  21.226 1.0000000000
19661  -25.180  -65.482  19.004 0.6000000238
140147  -23.855  -58.299  18.487 0.8000000119
26364  -6.081  -58.287  21.575 0.8999999762
28522  -8.637  -56.635  23.481 1.0000000000
29554  -11.292  -55.966  22.281 1.0000000000
29556  -12.419  -56.465  21.715 1.0000000000
29598  -13.874  -55.488  20.172 1.0000000000
30590  -14.108  -54.568  20.040 1.0000000000
143262  -23.787  -56.854  18.443 0.8999999762
26423  -7.820  -58.266  18.303 0.5000000000
154490  -13.661  -56.238  20.423 1.0000000000
132427  -15.189  -53.676  18.950 1.0000000000
29608  -16.421  -55.454  18.937 1.0000000000
28608  -23.293  -56.141  18.404 0.8999999762
28595  -14.341  -56.162  20.087 1.0000000000
29615  -16.947  -54.963  18.677 1.0000000000
32712  -17.244  -52.856  17.980 1.0000000000
29620  -21.320  -55.897  18.156 1.0000000000
146297  -22.819  -55.511  18.241 0.8999999762
29632  -21.534  -55.136  17.915 1.0000000000
31676  -20.384  -53.999  17.684 1.0000000000
30631  -21.000  -54.559  17.720 1.0000000000
148392  -21.215  -53.727  17.604 1.0000000000
27381  -5.429  -57.804  23.941 0.8999999762
27405  -5.477  -58.159  23.075 0.8999999762
27368  -6.593  -57.530  24.543 0.8999999762
20706  -25.975  -64.048  18.751 0.6000000238
145539  -24.872  -63.029  18.521 0.8000000119
24454  -25.934  -60.379  18.559 0.8000000119
154702  -25.880  -59.631  18.562 0.8000000119
27367  -6.065  -57.486  24.753 0.8999999762
23530  -26.099  -61.110  18.616 0.6999999881
26427  -24.829  -58.317  18.494 0.8000000119
27488  -24.322  -57.585  18.495 0.8000000119
143217  -5.718  -57.207  23.219 0.8999999762
28505  -6.472  -56.794  24.532 0.8999999762
152265  -8.017  -56.649  24.006 0.8999999762
29571  -12.184  -55.888  21.248 1.0000000000
20624  -20.343  -65.237  24.296 0.6000000238
19620  -21.156  -66.016  21.986 0.5000000000
27429  -6.310  -57.642  21.458 0.8999999762
27452  -6.791  -57.436  20.633 0.8000000119
29553  -10.240  -55.880  22.337 1.0000000000
29570  -11.431  -55.647  21.477 1.0000000000
28609  -24.282  -56.034  18.605 0.8999999762
28556  -6.071  -57.025  22.164 0.8999999762
28594  -7.517  -56.598  19.404 0.5000000000
29596  -12.647  -55.684  20.696 1.0000000000
30589  -13.184  -54.920  20.356 1.0000000000
30612  -15.918  -53.956  18.677 1.0000000000
29621  -23.610  -55.365  18.421 0.8999999762
29606  -14.767  -55.217  19.678 1.0000000000
29607  -15.682  -55.418  19.200 1.0000000000
143378  -22.079  -55.680  18.186 1.0000000000
30617  -23.078  -54.750  18.126 0.8999999762
32726  -17.991  -52.546  17.738 1.0000000000
136664  -19.572  -53.733  17.743 1.0000000000
30632  -21.762  -54.382  17.751 1.0000000000
30633  -22.539  -54.169  17.845 0.8999999762
153710  -20.673  -53.461  17.580 1.0000000000
32728  -19.414  -52.935  17.609 1.0000000000
139875  -20.180  -53.225  17.600 1.0000000000
133270  -26.652  -61.999  19.287 0.6999999881
136568  -26.500  -59.905  18.879 0.6999999881
135067  -5.721  -57.038  24.215 0.8999999762
26428  -25.676  -58.369  18.623 0.8000000119
29552  -9.322  -55.747  22.836 1.0000000000
30573  -11.708  -55.190  20.945 1.0000000000
22581  -26.559  -62.835  19.348 0.6000000238
28610  -25.247  -56.221  18.833 0.8000000119
28579  -6.758  -56.547  20.859 0.8999999762
29569  -10.514  -55.421  21.656 1.0000000000
29622  -24.446  -55.132  18.679 0.8000000119
29567  -6.409  -56.187  21.950 0.8999999762
29594  -6.839  -55.692  21.057 0.8000000119
28593  -7.036  -56.832  20.120 0.6999999881
28580  -7.074  -56.126  20.157 0.6000000238
31660  -15.745  -53.112  18.584 1.0000000000
29633  -22.302  -54.944  17.977 1.0000000000
138575  -17.114  -53.668  18.264 1.0000000000
31675  -18.810  -53.462  17.795 1.0000000000
147136  -7.331  -56.130  24.278 0.8999999762
147316  -26.882  -60.086  20.352 0.6000000238
26389  -26.857  -58.272  20.467 0.6000000238
27456  -26.879  -57.388  20.267 0.6000000238
159223  -5.953  -57.029  24.677 0.8999999762
28504  -6.679  -55.882  24.270 0.8999999762
28521  -8.169  -56.042  23.832 0.8999999762
29568  -9.640  -55.198  22.110 1.0000000000
30572  -10.965  -54.696  21.116 1.0000000000
136129  -26.577  -56.851  19.701 0.6000000238
28503  -6.116  -56.460  24.355 0.8999999762
29542  -7.092  -55.321  24.285 0.8999999762
29551  -8.483  -55.469  23.441 0.8999999762
31638  -13.595  -53.919  20.248 1.0000000000
150909  -26.243  -58.007  18.903 0.6000000238
29611  -26.372  -55.107  19.934 0.6000000238
29610  -25.790  -55.559  19.317 0.6999999881
28537  -5.995  -56.445  22.896 0.8999999762
28520  -6.336  -55.727  24.034 0.8999999762
141759  -7.712  -55.323  24.073 0.8999999762
30555  -8.139  -54.610  23.633 0.8999999762
30587  -11.854  -54.284  20.863 1.0000000000
152710  -25.020  -55.567  18.828 0.8000000119
30619  -24.748  -54.304  18.807 0.8000000119
30570  -9.351  -54.457  22.261 0.8999999762
30588  -12.327  -54.996  20.631 1.0000000000
157479  -14.211  -53.806  19.872 1.0000000000
31639  -14.558  -53.337  19.377 1.0000000000
32711  -16.330  -52.557  18.250 1.0000000000
33744  -16.117  -51.807  18.178 1.0000000000
31663  -24.227  -53.690  18.457 0.8999999762
29595  -7.222  -55.319  20.191 0.6000000238
32672  -10.115  -52.993  22.024 0.8999999762
150450  -13.259  -53.270  20.367 1.0000000000
31647  -13.892  -53.060  19.889 1.0000000000
32709  -14.891  -51.894  18.839 1.0000000000
31659  -15.037  -52.803  18.884 1.0000000000
142636  -16.378  -51.054  17.907 1.0000000000
32727  -18.643  -52.717  17.656 1.0000000000
31679  -22.714  -53.262  17.724 0.8999999762
30634  -23.353  -53.917  18.062 0.8999999762
135937  -14.541  -49.990  18.618 1.0000000000
159087  -14.987  -49.893  18.427 1.0000000000
33759  -17.249  -51.077  17.677 1.0000000000
142932  -18.405  -51.985  17.576 1.0000000000
135803  -19.196  -52.137  17.512 1.0000000000
32729  -20.118  -52.323  17.501 1.0000000000
31678  -21.805  -53.052  17.560 0.8999999762
32731  -22.426  -52.418  17.530 0.8999999762
31677  -20.923  -52.882  17.522 1.0000000000
35999  -13.835  -49.326  18.590 1.0000000000
36001  -15.240  -49.434  18.136 1.0000000000
33761  -18.895  -51.361  17.376 1.0000000000
33763  -20.508  -51.506  17.327 1.0000000000
33764  -21.334  -51.483  17.319 0.8999999762
36014  -16.046  -49.397  17.574 1.0000000000
34899  -20.882  -50.677  17.051 1.0000000000
26370  -26.331  -58.412  21.128 0.3000000119
28565  -26.244  -56.817  21.361 0.4000000060
26369  -25.325  -58.588  21.445 0.3000000119
137538  -26.631  -55.061  21.168 0.5000000000
30591  -26.578  -54.592  20.640 0.6000000238
30571  -10.027  -54.574  21.602 1.0000000000
31627  -9.687  -53.815  21.949 0.8999999762
31629  -11.272  -53.650  21.124 1.0000000000
30604  -26.132  -54.222  19.882 0.6000000238
139269  -7.270  -54.648  24.128 0.8999999762
31630  -12.079  -53.360  20.956 1.0000000000
141494  -12.705  -52.982  20.618 1.0000000000
31648  -25.642  -53.452  19.485 0.6000000238
31664  -25.195  -53.361  19.037 0.6999999881
29540  -6.290  -55.680  23.221 0.8999999762
30554  -6.556  -54.877  23.471 0.8999999762
31611  -9.033  -53.777  22.636 0.8999999762
32673  -10.840  -53.007  21.519 1.0000000000
33717  -13.334  -51.729  19.698 1.0000000000
31681  -24.474  -53.053  18.479 0.8999999762
136570  -6.925  -54.391  21.922 0.8000000119
31610  -8.330  -53.822  23.324 0.8999999762
32685  -13.227  -52.482  20.133 1.0000000000
143719  -23.143  -52.525  17.684 0.8999999762
31680  -23.704  -53.018  18.025 0.8999999762
30586  -7.015  -54.826  21.098 0.6999999881
31636  -7.563  -53.419  20.329 0.6000000238
32683  -7.548  -52.373  20.512 0.6000000238
34854  -12.253  -50.411  19.950 1.0000000000
33765  -22.210  -51.609  17.365 0.8999999762
37070  -14.098  -48.381  18.169 1.0000000000
34895  -16.777  -50.111  17.530 1.0000000000
34898  -19.396  -50.787  17.131 1.0000000000
38116  -13.268  -47.994  18.171 0.8999999762
36015  -17.404  -49.642  17.049 1.0000000000
36018  -19.982  -50.302  16.888 1.0000000000
29560  -25.352  -55.268  21.922 0.3000000119
159740  -26.435  -54.761  21.596 0.4000000060
138555  -26.647  -53.884  20.994 0.5000000000
30545  -7.570  -53.946  23.784 0.8999999762
158381  -25.885  -52.907  19.470 0.5000000000
30544  -6.992  -54.066  24.046 0.8999999762
31600  -7.855  -53.366  23.468 0.8999999762
145030  -12.826  -51.890  20.123 1.0000000000
32733  -24.313  -52.487  18.297 0.8000000119
32734  -24.945  -52.730  18.817 0.6999999881
30543  -6.778  -54.203  23.720 0.8999999762
31599  -7.241  -53.306  23.565 0.8999999762
144488  -8.602  -53.059  23.001 0.8999999762
32659  -9.300  -52.514  22.461 0.8999999762
136493  -10.996  -52.203  21.489 1.0000000000
32675  -12.168  -52.557  20.899 1.0000000000
33701  -12.234  -51.781  20.590 1.0000000000
34870  -12.879  -50.365  19.406 1.0000000000
134568  -23.077  -51.797  17.490 0.8999999762
31625  -6.934  -53.680  22.275 0.6999999881
31626  -7.133  -52.907  21.580 0.6000000238
35972  -11.269  -49.600  20.383 1.0000000000
35986  -13.047  -49.550  19.027 1.0000000000
34901  -22.891  -50.957  17.259 0.8000000119
37072  -15.474  -48.976  17.535 1.0000000000
37069  -13.194  -48.736  18.583 1.0000000000
34897  -18.585  -50.585  17.207 1.0000000000
36016  -18.258  -49.856  16.909 1.0000000000
36029  -18.847  -49.359  16.537 1.0000000000
147635  -19.752  -49.560  16.584 0.8999999762
34915  -21.671  -49.960  16.800 0.8000000119
141428  -11.714  -52.159  21.124 1.0000000000
33767  -24.266  -51.754  18.137 0.6999999881
32658  -8.465  -52.179  22.963 0.8999999762
33686  -9.161  -51.652  22.482 0.8999999762
32660  -10.119  -52.047  22.003 0.8999999762
33715  -12.017  -51.000  20.457 1.0000000000
33716  -12.717  -51.165  19.918 1.0000000000
33766  -23.787  -51.165  17.541 0.6999999881
34902  -23.500  -50.297  17.119 0.6999999881
32657  -6.208  -52.198  22.999 0.8000000119
33684  -7.343  -51.186  23.052 0.8999999762
34837  -9.476  -50.160  21.723 0.8999999762
34900  -21.934  -50.784  17.161 0.8999999762
34916  -22.666  -50.147  16.887 0.6999999881
32671  -6.326  -52.041  22.295 0.6999999881
32682  -7.050  -52.017  21.323 0.6000000238
34869  -7.117  -50.504  19.797 0.6000000238
35984  -5.947  -49.892  19.550 0.5000000000
37062  -12.428  -48.948  19.080 1.0000000000
38128  -13.004  -47.530  17.431 0.8999999762
37068  -12.514  -48.239  18.566 0.8999999762
151041  -12.574  -47.725  18.086 0.8000000119
150633  -13.917  -47.942  17.675 1.0000000000
157839  -14.536  -48.267  17.829 1.0000000000
37080  -14.985  -48.742  17.539 1.0000000000
38127  -12.165  -47.328  17.729 0.8000000119
33700  -11.485  -51.451  21.053 1.0000000000
31609  -6.842  -53.585  23.179 0.8999999762
32646  -6.885  -52.852  23.228 0.8999999762
34838  -10.353  -50.531  21.356 1.0000000000
153207  -11.132  -50.743  21.089 1.0000000000
34839  -11.548  -50.375  20.462 1.0000000000
35985  -12.335  -49.726  19.483 1.0000000000
34820  -6.754  -50.838  22.782 0.8000000119
35959  -10.990  -50.006  21.017 0.8999999762
36030  -21.381  -49.089  16.345 0.6999999881
33697  -5.528  -51.225  21.912 0.6000000238
34807  -6.300  -51.307  23.061 0.8999999762
143131  -10.715  -49.413  20.777 0.8999999762
145559  -11.676  -49.094  19.702 1.0000000000
37061  -11.134  -48.337  19.707 0.8999999762
38107  -11.811  -48.325  19.116 0.8999999762
138435  -11.838  -47.679  18.437 0.8999999762
37091  -17.666  -48.680  16.242 0.8999999762
156256  -20.386  -49.130  16.353 0.8000000119
33713  -6.537  -51.414  21.325 0.6000000238
35996  -4.614  -48.728  19.183 0.6000000238
38092  -9.982  -47.862  19.983 0.8000000119
132163  -10.599  -47.425  19.097 0.8000000119
39159  -10.121  -46.451  17.390 0.8000000119
39161  -11.581  -46.891  17.298 0.8000000119
38129  -14.438  -48.286  17.030 1.0000000000
37094  -20.597  -48.407  16.015 0.6999999881
39130  -4.926  -46.711  19.262 0.6999999881
39132  -7.056  -46.576  19.178 0.6999999881
38142  -14.709  -47.843  16.221 0.8999999762
37093  -19.569  -48.768  16.159 0.8999999762
33671  -6.665  -51.839  23.233 0.8999999762
152299  -8.172  -50.798  22.676 0.8999999762
34821  -8.921  -50.850  22.407 0.8999999762
34836  -8.493  -50.182  22.219 0.8999999762
34818  -5.258  -50.869  22.186 0.8000000119
35939  -6.639  -50.303  22.292 0.8000000119
35957  -8.824  -49.443  21.667 0.8999999762
153404  -9.611  -49.366  21.337 0.8999999762
37053  -10.442  -48.303  20.223 0.8999999762
38105  -9.926  -47.404  19.437 0.8000000119
39168  -11.906  -46.340  16.792 0.8000000119
38141  -13.047  -47.063  16.776 0.8999999762
39169  -12.685  -46.454  16.639 0.8000000119
39171  -14.359  -46.908  15.943 0.8999999762
37106  -19.050  -48.097  15.860 0.8999999762
37107  -19.879  -47.968  15.842 0.6999999881
35954  -5.818  -49.970  22.048 0.8000000119
35953  -5.155  -49.767  21.659 0.8000000119
35969  -3.923  -48.627  20.099 0.6999999881
136793  -9.644  -48.233  20.530 0.8000000119
153755  -9.334  -47.291  19.461 0.8000000119
38113  -9.438  -47.016  18.984 0.8000000119
38146  -18.254  -48.116  15.843 0.8999999762
38101  -5.547  -47.032  20.002 0.6999999881
38104  -8.702  -47.116  19.437 0.8000000119
39146  -8.713  -46.360  17.881 0.8000000119
38157  -15.251  -47.314  15.711 0.8000000119
38160  -18.002  -47.424  15.584 0.8999999762
37038  -10.182  -48.894  20.877 0.8999999762
37036  -8.233  -48.828  21.354 0.8000000119
37037  -9.226  -48.776  21.124 0.8000000119
37034  -5.865  -49.066  21.561 0.8000000119
38089  -7.629  -47.740  20.494 0.8000000119
38090  -8.386  -47.512  20.098 0.8000000119
40205  -10.465  -45.260  16.612 0.8000000119
40207  -12.314  -45.586  16.567 0.8000000119
39181  -15.120  -46.505  15.633 0.8000000119
37051  -6.593  -48.154  20.993 0.8000000119
38103  -7.619  -47.076  19.787 0.6999999881
41160  -9.266  -44.386  16.160 0.8000000119
38159  -17.148  -47.423  15.544 0.8000000119
41163  -11.901  -44.638  16.532 0.6999999881
41165  -14.288  -45.119  16.068 0.5000000000
139232  -7.678  -48.323  21.017 0.8000000119
37052  -8.603  -48.138  20.669 0.8000000119
40208  -13.147  -45.788  16.408 0.6000000238
38088  -5.759  -47.714  20.564 0.6999999881
41161  -10.105  -44.447  16.308 0.6999999881
150106  -9.640  -43.605  15.880 0.6000000238
135789  -11.741  -42.968  16.416 0.6000000238
150741  -13.636  -45.194  16.294 0.5000000000
41174  -15.038  -44.984  15.752 0.6000000238
42273  -12.309  -43.717  16.475 0.5000000000
143296  -15.256  -44.137  15.642 0.5000000000
44468  -11.508  -41.856  16.190 0.5000000000
146795  -13.309  -43.539  16.314 0.5000000000
44473  -11.805  -40.643  15.990 0.4000000060
43348  -12.479  -42.716  16.360 0.5000000000
131810  -10.301  -41.593  15.919 0.5000000000
145693  -13.404  -41.592  15.968 0.4000000060
131514  -11.210  -39.858  15.670 0.3000000119
153885  -10.777  -94.517  18.677 0.6999999881
1087  -9.455  -92.038  16.404 0.8999999762
1819  -10.940  -90.454  12.753 1.0000000000
150905  -14.721  -93.866  10.572 1.0000000000
1193  -16.951  -90.989  1.036 0.5000000000
2195  -7.949  -88.292  14.062 1.0000000000
2198  -9.949  -88.513  12.975 1.0000000000
1837  -17.170  -89.527  10.818 1.0000000000
3292  -15.961  -87.620  6.450 0.8999999762
2324  -13.208  -88.265  0.381 0.8999999762
4220  -7.247  -84.788  27.114 0.6000000238
157158  -4.979  -85.209  18.139 1.0000000000
2204  -16.444  -88.355  13.629 1.0000000000
4563  -16.072  -84.815  -2.102 0.8000000119
6331  -7.322  -81.222  18.176 1.0000000000
2549  -5.164  -86.689  24.556 0.8999999762
5782  -18.819  -81.453  5.482 0.8999999762
3930  -15.717  -86.071  2.361 0.8999999762
7052  -8.680  -80.345  18.295 1.0000000000
3755  -16.637  -85.783  15.934 1.0000000000
142159  -18.648  -82.266  6.868 0.8999999762
7033  -8.146  -80.381  20.183 1.0000000000
3656  -4.459  -85.419  24.834 1.0000000000
7087  -12.343  -80.209  15.878 1.0000000000
5594  -15.694  -82.458  18.457 1.0000000000
4400  -9.322  -84.687  12.073 1.0000000000
7125  -19.200  -81.090  13.363 1.0000000000
7071  -14.683  -81.205  16.960 1.0000000000
8396  -9.370  -78.768  23.717 1.0000000000
8397  -10.244  -78.619  23.405 1.0000000000
6224  -4.127  -81.159  25.738 1.0000000000
7807  -10.660  -79.531  14.502 1.0000000000
7808  -11.655  -79.394  14.268 1.0000000000
6386  -7.288  -81.923  14.861 1.0000000000
7797  -9.335  -79.348  15.419 1.0000000000
7096  -8.088  -80.367  15.327 1.0000000000
9194  -14.428  -77.676  19.879 1.0000000000
7806  -9.773  -79.738  14.745 1.0000000000
8513  -11.582  -78.224  15.320 1.0000000000
10026  -14.000  -76.477  17.076 1.0000000000
133283  -5.235  -80.198  28.070 0.8000000119
8367  -5.509  -79.945  26.365 1.0000000000
8471  -7.999  -78.118  18.237 1.0000000000
9906  -10.937  -76.260  26.604 1.0000000000
12422  -13.390  -73.017  23.842 1.0000000000
8453  -5.919  -78.596  19.487 1.0000000000
8454  -6.960  -78.542  18.691 1.0000000000
9220  -7.694  -77.831  18.973 1.0000000000
9208  -8.910  -76.881  19.251 1.0000000000
12396  -11.407  -73.881  25.612 1.0000000000
9903  -7.544  -77.315  27.945 1.0000000000
9888  -7.910  -76.263  28.177 1.0000000000
11496  -11.279  -74.844  26.520 1.0000000000
12448  -11.693  -74.593  21.274 1.0000000000
9192  -8.183  -76.963  20.015 1.0000000000
9959  -10.064  -75.576  20.007 1.0000000000
10720  -11.040  -75.661  20.259 1.0000000000
12394  -8.599  -72.964  25.827 1.0000000000
16780  -11.113  -68.492  22.802 1.0000000000
137950  -3.796  -77.504  12.866 0.6000000238
10745  -5.474  -75.270  18.717 1.0000000000
13269  -3.990  -72.298  27.247 0.8000000119
152479  -4.180  -72.209  26.626 0.8000000119
143628  -10.913  -63.732  23.147 1.0000000000
20664  -11.616  -64.177  21.399 1.0000000000
17637  -5.074  -67.986  21.884 1.0000000000
21564  -10.791  -63.313  23.680 1.0000000000
22501  -11.550  -62.238  24.176 1.0000000000
23451  -12.118  -61.727  23.661 1.0000000000
22545  -11.517  -62.372  21.638 1.0000000000
13372  -5.776  -72.380  18.128 1.0000000000
14115  -3.397  -71.708  28.997 0.6999999881
16834  -4.804  -67.995  17.203 0.8000000119
15874  -3.059  -68.631  26.925 0.8000000119
19677  -5.153  -65.849  18.315 0.8999999762
25335  -14.624  -60.216  22.145 1.0000000000
18550  -4.860  -65.442  25.780 0.8999999762
20579  -5.579  -64.960  26.288 0.8999999762
27482  -18.718  -57.616  19.129 1.0000000000
19593  -15.973  -65.523  24.352 1.0000000000
148329  -18.450  -65.016  22.552 0.8000000119
23463  -4.832  -61.392  23.084 0.8999999762
27473  -17.332  -57.393  19.320 1.0000000000
27484  -20.560  -57.498  18.556 1.0000000000
20582  -11.350  -64.757  26.861 1.0000000000
21629  -21.059  -63.844  20.814 0.8000000119
28598  -17.226  -56.665  19.122 1.0000000000
145953  -10.492  -66.739  27.757 0.8000000119
21554  -20.096  -64.772  24.956 0.6999999881
28596  -15.227  -56.180  19.670 1.0000000000
29616  -17.759  -55.246  18.581 1.0000000000
17564  -8.373  -67.379  27.444 0.6999999881
21541  -20.573  -64.378  25.822 0.6000000238
30602  -16.152  -54.766  18.812 1.0000000000
148066  -17.639  -53.589  18.110 1.0000000000
30618  -23.888  -54.539  18.419 0.8999999762
25391  -27.130  -59.530  19.826 0.6000000238
150794  -26.821  -59.500  19.323 0.6000000238
24424  -26.625  -60.984  20.334 0.4000000060
25408  -26.362  -58.948  18.861 0.6999999881
156227  -25.522  -56.868  18.806 0.8000000119
28519  -5.929  -56.360  23.745 0.8999999762
25374  -26.742  -59.171  20.604 0.5000000000
30603  -25.839  -54.537  19.521 0.6000000238
31635  -7.175  -53.961  21.216 0.6000000238
34885  -15.150  -50.289  18.409 1.0000000000
27436  -26.537  -57.562  20.996 0.5000000000
27435  -25.906  -57.689  21.477 0.3000000119
33725  -13.461  -50.967  19.389 1.0000000000
147673  -16.227  -49.095  17.062 1.0000000000
37081  -17.064  -49.120  16.730 1.0000000000
34887  -24.572  -50.743  18.595 0.4000000060
153417  -24.041  -50.389  17.500 0.6000000238
33685  -8.308  -51.366  22.948 0.8999999762
33698  -9.769  -51.110  21.868 1.0000000000
39148  -10.466  -46.894  17.922 0.8000000119
38130  -15.227  -48.478  16.656 1.0000000000
133627  -13.774  -47.593  16.644 0.8999999762
40193  -8.498  -45.695  17.197 0.6999999881
36032  -23.308  -49.476  16.723 0.6000000238
38158  -16.174  -47.535  15.617 0.8999999762
37047  -3.906  -48.131  20.089 0.6999999881
146710  -9.272  -45.574  16.932 0.8000000119
38091  -9.239  -47.642  19.964 0.8000000119
38161  -19.384  -47.366  15.651 0.6999999881
39182  -15.846  -46.606  15.468 0.6000000238
39183  -16.755  -46.650  15.406 0.6999999881
39185  -18.698  -46.760  15.506 0.6999999881
250  -11.725  -95.147  18.096 0.6999999881
259  -12.184  -95.521  17.436 0.8000000119
132426  -14.069  -96.356  16.388 0.8000000119
137  -14.911  -96.423  16.040 0.8000000119
142416  -14.265  -96.568  14.092 0.8999999762
0  -15.854  -96.792  13.520 0.8000000119
4  -16.497  -98.030  12.975 0.8000000119
59  -17.523  -97.952  12.187 0.8000000119
12  -15.693  -98.033  11.028 0.8000000119
75  -17.033  -96.412  8.529 0.6000000238
4903  -8.140  -83.320  21.346 0.8000000119
7837  -6.013  -79.095  12.901 0.6999999881
12504  -3.970  -73.443  15.756 0.6000000238
10778  -3.518  -74.935  14.479 0.6999999881
18646  -5.114  -66.843  17.510 0.8000000119
149406  -4.717  -66.717  16.721 0.5000000000
20702  -4.990  -65.066  18.381 0.8000000119
157834  -5.022  -65.355  17.530 0.8000000119
148877  -5.546  -63.155  17.850 0.8000000119
159233  -5.816  -62.435  17.463 0.8000000119
23524  -6.104  -61.870  18.377 0.8000000119
146237  -6.219  -61.739  17.506 0.6999999881
16712  -5.967  -69.142  27.315 0.6999999881
23510  -6.633  -61.538  19.052 0.8000000119
24448  -6.974  -60.320  18.242 0.6000000238
24458  -6.967  -60.577  17.355 0.6000000238
24468  -7.775  -60.622  16.412 0.5000000000
19556  -15.598  -65.099  25.956 0.8999999762
25400  -7.386  -59.696  18.519 0.6000000238
25401  -7.606  -59.138  17.997 0.5000000000
139353  -6.782  -67.859  27.098 0.6999999881
20587  -17.114  -64.095  26.380 0.8000000119
20608  -17.969  -64.303  24.840 0.8000000119
20652  -20.718  -65.133  22.166 0.6999999881
31646  -7.977  -52.892  19.407 0.6000000238
34886  -15.860  -50.214  17.985 1.0000000000
34884  -13.645  -50.168  19.019 1.0000000000
33747  -25.247  -52.126  19.248 0.4000000060
33723  -6.759  -50.953  20.382 0.6000000238
151730  -3.972  -47.120  19.034 0.6000000238
40181  -5.853  -45.675  18.014 0.6999999881
34835  -4.767  -49.915  21.173 0.6000000238
34867  -5.182  -50.128  19.995 0.6000000238
37095  -21.626  -48.213  16.026 0.6000000238
140449  -22.258  -48.645  16.249 0.6000000238
35952  -4.685  -49.523  21.257 0.6999999881
37048  -3.988  -48.536  20.601 0.6999999881
38087  -4.716  -47.706  20.390 0.6999999881
37108  -21.016  -47.696  15.783 0.6000000238
37033  -4.827  -49.016  21.249 0.6999999881
41172  -8.753  -43.603  15.639 0.5000000000
40218  -16.372  -45.747  15.418 0.6000000238
39184  -17.696  -46.661  15.448 0.6000000238
131771  -8.995  -42.650  15.441 0.5000000000
43359  -14.746  -42.702  15.578 0.5000000000
11615  -3.889  -74.013  15.447 0.6999999881
149241  -8.152  -42.798  15.311 0.5000000000
2  -15.443  -96.868  13.039 0.8999999762
5  -17.009  -98.058  12.593 0.8000000119
20  -17.133  -98.048  10.519 0.8000000119
66  -17.917  -97.055  10.693 0.8000000119
24  -16.327  -97.687  9.761 0.8000000119
145998  -18.027  -96.676  10.126 0.6999999881
71  -17.742  -96.671  9.549 0.6999999881
17  -14.844  -97.995  10.538 0.8000000119
16  -14.271  -97.416  10.903 0.8999999762
26  -15.299  -96.871  9.263 0.8000000119
22  -15.087  -97.463  9.872 0.8000000119
80  -15.934  -95.985  7.595 0.8000000119
139679  -16.251  -95.693  6.758 0.8000000119
81  -16.875  -95.994  7.543 0.6999999881
180  -13.306  -96.426  8.104 0.8999999762
79  -14.951  -96.203  7.937 0.8000000119
815  -9.426  -92.906  19.672 0.6999999881
600  -9.922  -93.569  19.887 0.6000000238
267  -11.779  -95.658  16.604 1.0000000000
269  -14.588  -96.092  16.706 0.8000000119
260  -12.958  -95.686  17.295 0.8000000119
89  -18.013  -96.100  6.785 0.6000000238
91  -16.389  -95.586  6.194 0.6999999881
82  -17.631  -96.215  7.574 0.6000000238
196  -17.647  -95.679  5.030 0.6999999881
198  -18.889  -95.249  4.180 0.5000000000
200  -15.253  -95.245  4.840 0.6999999881
192  -13.974  -94.942  5.165 0.8000000119
1071  -8.669  -91.301  18.437 0.8999999762
2136  -9.323  -88.391  19.140 0.8000000119
274  -11.099  -95.361  15.676 1.0000000000
281  -11.589  -95.599  14.886 1.0000000000
77  -18.001  -96.548  8.752 0.6000000238
202  -17.162  -95.491  4.468 0.6999999881
139216  -16.595  -94.887  3.195 0.6999999881
330  -11.996  -95.572  7.741 1.0000000000
509  -12.407  -94.690  4.638 0.8999999762
352  -12.535  -95.077  5.358 0.8999999762
701  -11.669  -93.864  5.572 1.0000000000
199  -14.432  -94.947  4.633 0.8000000119
518  -12.976  -94.104  2.874 0.8000000119
4923  -9.497  -83.643  19.940 0.8000000119
5552  -8.935  -82.652  21.531 0.6000000238
147725  -10.215  -84.391  20.991 0.6999999881
156260  -10.287  -83.983  19.985 0.8999999762
1758  -7.968  -89.370  20.205 0.6999999881
142513  -10.739  -88.225  17.164 0.8999999762
282  -12.004  -95.783  14.274 1.0000000000
157  -12.814  -96.156  12.756 1.0000000000
531  -18.845  -93.654  1.883 0.6000000238
523  -18.048  -94.123  2.066 0.6000000238
185  -13.433  -95.703  6.366 0.8000000119
338  -12.525  -95.650  6.951 1.0000000000
154452  -15.882  -94.524  3.303 0.6000000238
720  -16.325  -93.647  3.206 0.6000000238
716  -12.048  -93.634  2.614 0.8000000119
529  -13.221  -93.659  2.273 0.6999999881
733  -12.844  -92.913  1.288 0.8000000119
2594  -10.278  -86.675  19.305 0.8999999762
828  -9.368  -92.575  17.372 1.0000000000
135749  -10.485  -94.718  15.262 1.0000000000
628  -9.999  -94.010  15.555 1.0000000000
33  -15.743  -96.550  14.844 0.8000000119
693  -11.731  -93.178  7.277 1.0000000000
919  -11.732  -92.277  4.600 1.0000000000
709  -11.740  -93.349  3.145 0.8999999762
530  -13.778  -93.582  2.221 0.6999999881
738  -14.387  -92.257  0.146 0.8000000119
146900  -13.938  -93.128  1.391 0.6999999881
1189  -11.809  -91.827  1.626 0.8999999762
148260  -12.237  -90.807  0.670 0.8999999762
1190  -12.210  -91.663  0.762 0.8999999762
1204  -14.269  -91.461  -1.122 0.8000000119
3714  -10.064  -85.507  18.489 0.8999999762
4306  -8.761  -83.810  19.998 0.8999999762
2620  -9.649  -87.372  17.086 0.8999999762
2603  -10.502  -86.226  18.832 0.8999999762
634  -9.896  -93.336  14.763 1.0000000000
151867  -9.977  -92.059  14.180 1.0000000000
1104  -9.994  -91.569  14.603 1.0000000000
1452  -10.292  -90.619  14.311 1.0000000000
635  -10.331  -94.127  14.476 1.0000000000
651  -11.628  -93.593  13.015 1.0000000000
156695  -10.288  -90.378  15.374 0.8999999762
461  -11.422  -94.318  13.388 1.0000000000
1790  -9.751  -89.170  15.567 0.8999999762
2631  -9.977  -87.991  16.511 0.8999999762
304  -12.889  -95.721  11.796 1.0000000000
661  -15.013  -93.648  11.027 1.0000000000
311  -12.792  -95.705  10.778 1.0000000000
4539  -12.079  -84.022  1.412 0.6000000238
4528  -11.169  -84.752  2.659 0.5000000000
4515  -11.913  -84.154  3.717 0.6999999881
5126  -12.937  -83.119  2.650 0.6999999881
159599  -11.879  -94.321  8.857 1.0000000000
5138  -13.107  -83.144  1.745 0.8000000119
5795  -13.254  -82.440  3.150 0.8000000119
6542  -14.526  -81.378  1.515 0.8000000119
147373  -14.843  -81.845  0.046 0.8000000119
7218  -14.291  -80.436  3.929 0.8999999762
147625  -15.989  -80.173  0.181 0.6999999881
946  -15.359  -92.124  0.506 0.6999999881
1537  -16.423  -90.490  2.101 0.6000000238
146251  -16.244  -91.540  -0.048 0.6999999881
1212  -15.562  -90.957  -1.401 0.8000000119
1567  -14.861  -90.685  -2.180 0.8000000119
2328  -14.123  -88.105  -1.017 0.8000000119
140102  -7.324  -84.082  23.686 0.6999999881
132264  -7.599  -84.994  20.740 0.8999999762
3137  -7.824  -86.197  19.394 0.8999999762
3689  -7.177  -86.074  21.106 0.8999999762
2137  -10.164  -87.595  18.711 0.8999999762
1820  -11.775  -89.803  12.733 1.0000000000
2613  -7.523  -87.903  17.833 0.8999999762
2157  -7.801  -88.126  16.982 0.8999999762
678  -12.561  -93.922  9.134 1.0000000000
901  -11.900  -92.946  8.041 1.0000000000
1147  -12.417  -92.285  7.782 1.0000000000
1490  -13.354  -91.040  7.723 1.0000000000
1851  -13.580  -90.159  5.956 0.8999999762
2279  -14.078  -89.024  4.719 0.8999999762
1856  -12.828  -89.949  4.816 0.8999999762
1512  -11.949  -90.942  4.860 1.0000000000
5158  -12.711  -83.268  -0.187 0.6000000238
140522  -13.397  -82.963  -0.249 0.6999999881
159656  -13.618  -82.689  -0.836 0.8000000119
1523  -11.879  -90.757  4.198 1.0000000000
6571  -12.694  -82.060  -1.815 0.5000000000
5845  -13.096  -83.074  -0.935 0.5000000000
6573  -14.430  -81.850  -1.875 0.5000000000
6561  -14.799  -81.915  -0.883 0.6000000238
7920  -17.524  -79.832  2.515 0.8999999762
1882  -12.280  -89.470  2.484 0.8999999762
151686  -16.195  -88.612  -3.040 0.8000000119
2835  -16.516  -87.291  -2.504 0.8000000119
1920  -16.038  -89.427  -3.122 0.8000000119
1219  -17.145  -90.616  -1.765 0.6999999881
1226  -17.480  -90.344  -2.411 0.6999999881
1574  -16.141  -90.230  -3.062 0.6999999881
1576  -17.534  -89.906  -3.099 0.6000000238
3658  -7.290  -84.295  24.559 0.8000000119
4288  -7.497  -83.806  22.126 0.8000000119
1800  -9.075  -89.335  14.980 0.8999999762
1451  -9.798  -89.660  14.079 1.0000000000
138099  -10.916  -89.774  12.746 1.0000000000
2181  -7.514  -88.543  15.740 1.0000000000
894  -15.482  -92.958  9.880 1.0000000000
1486  -14.580  -90.809  8.551 1.0000000000
2278  -13.283  -89.314  4.645 0.8999999762
2784  -13.670  -88.298  3.705 0.8999999762
1873  -12.344  -89.539  3.345 0.8999999762
2817  -12.893  -88.185  1.852 0.8999999762
7264  -15.268  -81.183  -1.492 0.5000000000
7977  -15.447  -79.752  -2.483 0.5000000000
7274  -15.715  -80.290  -1.565 0.5000000000
7954  -16.221  -79.861  -0.650 0.6000000238
8657  -17.632  -78.911  1.287 0.6999999881
7933  -18.073  -79.346  1.469 0.6999999881
133159  -17.807  -80.797  1.651 0.6999999881
965  -17.566  -90.745  -1.286 0.5000000000
2189  -7.920  -88.687  14.549 1.0000000000
2197  -9.177  -88.844  13.340 1.0000000000
2212  -10.468  -89.112  12.788 1.0000000000
1821  -12.767  -89.750  12.755 1.0000000000
1487  -15.360  -90.322  9.008 0.8999999762
7909  -15.580  -79.394  3.994 0.8999999762
2798  -13.613  -87.932  3.103 0.8999999762
7955  -16.750  -79.050  -0.509 0.5000000000
8689  -17.364  -78.507  -0.222 0.5000000000
6552  -17.574  -81.015  0.838 0.6999999881
3380  -13.819  -86.925  0.115 0.8999999762
6563  -18.353  -80.272  -0.670 0.6999999881
9443  -18.730  -78.059  0.061 0.5000000000
2342  -17.471  -88.389  -3.242 0.6999999881
2673  -11.573  -87.566  13.669 1.0000000000
2672  -10.524  -87.618  13.388 1.0000000000
144279  -12.907  -88.245  13.649 1.0000000000
1843  -16.524  -89.891  9.839 1.0000000000
1842  -15.941  -89.591  9.205 0.8999999762
2747  -15.730  -88.416  7.775 0.8999999762
3657  -6.618  -86.092  24.279 0.8000000119
5590  -5.622  -82.883  18.302 1.0000000000
5592  -6.940  -81.897  17.760 1.0000000000
2573  -5.970  -87.244  22.457 0.8999999762
4942  -7.159  -83.097  16.880 1.0000000000
4940  -5.751  -83.539  17.689 1.0000000000
2155  -6.341  -87.814  17.392 1.0000000000
2659  -15.199  -87.529  14.617 1.0000000000
2651  -6.910  -87.189  15.040 1.0000000000
3189  -8.642  -86.676  14.356 1.0000000000
2661  -17.184  -87.338  14.196 1.0000000000
2755  -10.484  -86.093  7.813 0.6999999881
3290  -10.769  -85.657  7.387 0.6999999881
2731  -10.873  -86.800  9.919 0.6999999881
2719  -17.098  -87.676  9.940 0.8999999762
3322  -11.231  -85.091  5.689 0.6999999881
6491  -15.574  -81.065  8.548 0.8999999762
3289  -6.940  -86.468  8.028 0.6999999881
7197  -14.793  -80.095  5.358 0.8999999762
7896  -16.316  -79.277  5.254 0.8999999762
7210  -17.889  -80.027  4.781 0.8999999762
5097  -18.025  -83.950  5.572 0.8999999762
3920  -15.320  -86.632  3.243 0.8999999762
5808  -17.424  -83.339  1.827 0.8000000119
5825  -17.398  -82.425  1.552 0.8000000119
5824  -16.763  -83.204  1.072 0.8000000119
143532  -16.634  -81.904  -0.552 0.6999999881
5835  -16.584  -82.498  0.296 0.8000000119
4558  -15.701  -84.526  -1.669 0.8000000119
2832  -15.074  -87.125  -1.683 0.8000000119
5171  -16.104  -83.863  -2.118 0.8000000119
3385  -15.452  -86.198  -1.693 0.8000000119
7967  -18.976  -79.758  -1.348 0.5000000000
3954  -16.558  -85.691  -2.123 0.8000000119
3390  -17.021  -86.577  -2.275 0.6999999881
6574  -17.474  -81.373  -1.808 0.5000000000
5859  -17.172  -82.601  -2.280 0.6999999881
5172  -16.940  -83.499  -2.258 0.6999999881
7275  -18.371  -80.384  -1.930 0.5000000000
148205  -17.831  -85.092  -1.958 0.6000000238
3391  -17.995  -86.638  -2.234 0.6000000238
4565  -18.583  -84.805  -1.906 0.5000000000
2842  -20.192  -87.436  -3.435 0.4000000060
3623  -6.304  -85.770  27.722 0.8000000119
3071  -6.088  -86.761  25.539 0.8000000119
5619  -8.595  -82.475  16.389 1.0000000000
3109  -4.811  -86.463  22.671 0.8999999762
138906  -4.587  -85.576  21.398 1.0000000000
2588  -5.212  -87.045  21.433 0.8999999762
3731  -6.025  -85.451  16.275 1.0000000000
140709  -7.338  -84.955  15.714 1.0000000000
3193  -12.851  -86.525  15.033 1.0000000000
3196  -15.631  -86.881  14.994 1.0000000000
3207  -18.711  -86.587  13.665 1.0000000000
3198  -17.348  -86.780  14.704 1.0000000000
3261  -17.087  -86.806  9.426 0.8999999762
135134  -17.571  -80.135  7.195 0.8999999762
6476  -18.663  -81.538  8.615 0.8999999762
7157  -18.364  -80.852  9.122 0.8999999762
4494  -17.457  -84.803  5.290 0.8999999762
3597  -5.849  -85.625  29.193 0.6000000238
3061  -5.680  -86.136  26.269 0.8000000119
7042  -7.598  -80.684  19.549 1.0000000000
6320  -6.988  -80.925  18.927 1.0000000000
6294  -4.688  -81.325  20.841 1.0000000000
6367  -10.671  -81.413  16.086 1.0000000000
4944  -13.044  -83.791  17.351 1.0000000000
150434  -12.600  -83.077  17.535 1.0000000000
135186  -9.388  -85.280  15.227 1.0000000000
3749  -10.918  -85.328  15.431 1.0000000000
3752  -13.679  -85.676  16.065 1.0000000000
144192  -13.835  -85.117  16.582 1.0000000000
3764  -18.665  -85.610  14.901 1.0000000000
3029  -5.283  -85.669  28.737 0.6999999881
152193  -9.651  -79.864  19.644 1.0000000000
7069  -10.309  -80.113  16.492 1.0000000000
5611  -11.793  -82.911  17.061 1.0000000000
139853  -13.421  -83.054  17.946 1.0000000000
4334  -15.970  -84.335  17.612 1.0000000000
148129  -14.516  -85.428  16.507 1.0000000000
3765  -19.401  -84.936  14.327 1.0000000000
5695  -15.875  -82.549  10.338 1.0000000000
3247  -7.033  -86.129  10.652 0.6999999881
7777  -11.432  -78.874  16.752 1.0000000000
6353  -14.240  -81.235  17.228 1.0000000000
4392  -16.042  -84.111  13.392 1.0000000000
6408  -19.542  -81.624  13.224 1.0000000000
5684  -17.017  -81.983  11.821 1.0000000000
132564  -18.234  -80.871  10.961 1.0000000000
4183  -4.196  -84.319  30.467 0.6000000238
154130  -3.854  -81.882  22.944 1.0000000000
5674  -10.147  -82.402  12.220 1.0000000000
135407  -10.606  -85.682  11.853 1.0000000000
5026  -18.898  -82.531  10.940 1.0000000000
4742  -4.185  -83.504  32.422 0.5000000000
133051  -3.964  -83.390  25.975 1.0000000000
7708  -4.458  -80.134  23.123 1.0000000000
8437  -11.133  -78.932  20.756 1.0000000000
8473  -14.145  -77.566  17.956 1.0000000000
7791  -14.581  -79.237  15.452 1.0000000000
136583  -15.173  -79.300  15.018 1.0000000000
7091  -14.422  -80.781  16.150 1.0000000000
6421  -12.022  -81.750  12.856 1.0000000000
151913  -14.451  -79.737  13.842 1.0000000000
155997  -15.194  -79.212  14.679 1.0000000000
6379  -14.793  -81.663  16.408 1.0000000000
6371  -16.466  -82.318  17.456 1.0000000000
5645  -14.189  -82.888  15.382 1.0000000000
5625  -17.948  -82.075  16.272 1.0000000000
6390  -18.230  -81.558  14.695 1.0000000000
3780  -9.653  -85.670  11.871 1.0000000000
5412  -3.833  -82.993  31.834 0.6000000238
5438  -3.806  -82.872  29.336 0.6000000238
7698  -5.015  -80.061  23.622 1.0000000000
153662  -4.148  -80.205  23.568 1.0000000000
151327  -13.006  -82.856  14.034 1.0000000000
4981  -13.663  -83.319  14.719 1.0000000000
5425  -3.746  -82.609  30.818 0.6000000238
8391  -5.185  -80.066  24.428 1.0000000000
133321  -4.452  -81.164  27.103 0.8000000119
6964  -4.334  -80.224  25.072 1.0000000000
157638  -14.356  -77.458  15.933 1.0000000000
7810  -14.005  -79.211  13.939 1.0000000000
9279  -13.823  -77.874  14.943 1.0000000000
8525  -13.307  -78.567  14.479 1.0000000000
154168  -8.321  -78.768  24.647 1.0000000000
9193  -13.630  -77.893  20.778 1.0000000000
9223  -14.941  -77.205  18.471 1.0000000000
9240  -14.986  -76.952  18.071 1.0000000000
8524  -12.144  -78.706  14.656 1.0000000000
10049  -13.512  -77.031  15.985 1.0000000000
9254  -12.630  -77.056  16.134 1.0000000000
10027  -14.650  -76.742  17.487 1.0000000000
7798  -10.188  -79.096  15.167 1.0000000000
8500  -8.611  -78.607  16.713 1.0000000000
6174  -4.201  -81.498  28.596 0.8000000119
9138  -6.199  -79.612  25.526 1.0000000000
6935  -4.876  -80.202  27.187 1.0000000000
7674  -4.550  -80.025  25.865 1.0000000000
8378  -5.206  -80.036  25.367 1.0000000000
9131  -10.121  -77.619  25.684 1.0000000000
9934  -12.980  -76.625  23.908 1.0000000000
7659  -4.688  -79.927  26.369 1.0000000000
145226  -5.652  -79.705  27.395 1.0000000000
9109  -6.098  -79.050  27.009 1.0000000000
9904  -8.497  -77.128  27.885 1.0000000000
9154  -13.365  -76.909  23.030 1.0000000000
9162  -13.869  -77.311  22.296 1.0000000000
7796  -8.490  -79.651  15.700 1.0000000000
10008  -15.312  -76.609  19.479 1.0000000000
9264  -11.085  -77.786  15.976 1.0000000000
10748  -14.898  -76.175  19.228 1.0000000000
150357  -13.579  -76.060  17.891 1.0000000000
10712  -13.108  -75.320  21.279 1.0000000000
12421  -12.422  -72.822  24.192 1.0000000000
12406  -12.052  -73.421  25.005 1.0000000000
9889  -8.772  -76.079  27.981 1.0000000000
9916  -12.181  -76.036  25.714 1.0000000000
10677  -14.136  -75.623  23.874 1.0000000000
9926  -13.416  -75.968  24.397 1.0000000000
10668  -13.708  -75.239  24.691 1.0000000000
10659  -13.111  -74.949  25.331 1.0000000000
10678  -14.747  -75.379  23.348 1.0000000000
7773  -5.885  -79.907  18.181 1.0000000000
8470  -5.865  -79.284  18.817 1.0000000000
7757  -5.095  -79.805  18.763 1.0000000000
7064  -3.848  -80.088  17.125 1.0000000000
150497  -11.549  -75.984  26.293 1.0000000000
11494  -10.124  -74.844  27.074 1.0000000000
15931  -3.642  -69.483  21.704 1.0000000000
14189  -3.230  -71.097  21.274 1.0000000000
13330  -13.250  -71.931  22.659 1.0000000000
14184  -14.189  -71.969  21.544 1.0000000000
149825  -4.045  -76.474  20.789 1.0000000000
9189  -4.981  -77.531  20.808 1.0000000000
136801  -8.101  -77.249  19.258 1.0000000000
7756  -4.382  -79.451  18.606 1.0000000000
9025  -6.865  -76.105  32.219 0.5000000000
9847  -6.938  -76.092  31.430 0.6000000238
9086  -6.300  -77.750  28.641 0.8000000119
11501  -7.046  -73.480  26.483 1.0000000000
12391  -5.781  -72.821  26.042 1.0000000000
15077  -12.222  -70.844  22.338 1.0000000000
142374  -13.607  -71.608  21.882 1.0000000000
14193  -12.983  -71.060  21.565 1.0000000000
14194  -13.667  -71.404  21.110 1.0000000000
14192  -6.007  -71.520  20.942 1.0000000000
12442  -4.560  -74.004  21.612 1.0000000000
12457  -7.191  -73.020  20.553 1.0000000000
15107  -8.150  -70.577  19.529 1.0000000000
9206  -6.541  -77.862  20.018 1.0000000000
9970  -6.732  -76.911  21.115 1.0000000000
8483  -3.837  -78.447  17.621 1.0000000000
155839  -4.487  -77.706  13.036 0.6000000238
152148  -6.256  -75.247  31.679 0.5000000000
10607  -5.043  -75.683  30.649 0.6999999881
11482  -7.551  -74.519  27.850 1.0000000000
17624  -3.988  -67.105  22.121 1.0000000000
15940  -2.889  -69.248  20.972 1.0000000000
153622  -6.348  -69.787  20.876 1.0000000000
15941  -6.721  -69.105  20.762 1.0000000000
15096  -12.709  -70.268  20.546 1.0000000000
141122  -8.632  -69.802  19.313 1.0000000000
153089  -8.470  -71.268  19.424 1.0000000000
14217  -11.090  -71.548  19.244 1.0000000000
10000  -4.410  -76.498  18.803 1.0000000000
9234  -5.695  -76.735  17.261 1.0000000000
12377  -4.671  -73.267  27.554 1.0000000000
9866  -5.459  -76.000  29.574 0.8000000119
11480  -5.689  -74.192  28.042 1.0000000000
147563  -2.854  -69.979  20.657 1.0000000000
15944  -12.385  -69.685  20.095 1.0000000000
15109  -9.786  -70.735  19.001 1.0000000000
15112  -12.667  -70.449  19.897 1.0000000000
11471  -4.647  -73.983  29.229 0.8999999762
17654  -7.599  -67.583  20.627 1.0000000000
18594  -8.123  -66.369  21.003 1.0000000000
17640  -11.679  -67.355  20.609 1.0000000000
18585  -11.889  -66.315  21.716 1.0000000000
19643  -10.482  -65.407  20.446 1.0000000000
18614  -11.377  -66.815  20.255 1.0000000000
16812  -9.888  -68.292  19.123 1.0000000000
10781  -5.770  -75.743  15.729 0.8999999762
17616  -7.839  -68.177  23.822 1.0000000000
16774  -7.438  -68.907  23.817 1.0000000000
21624  -10.502  -64.090  20.940 1.0000000000
21625  -10.951  -63.690  20.991 1.0000000000
20677  -9.875  -64.750  20.822 1.0000000000
14227  -4.642  -71.115  18.760 1.0000000000
143025  -11.614  -66.092  20.666 1.0000000000
136602  -11.883  -65.709  21.112 1.0000000000
20634  -11.565  -63.794  22.344 1.0000000000
18612  -10.021  -66.185  20.101 1.0000000000
17668  -10.558  -67.731  19.418 1.0000000000
21584  -11.627  -63.187  22.181 1.0000000000
13371  -4.963  -73.043  18.776 1.0000000000
11585  -5.915  -74.516  18.414 1.0000000000
156913  -9.260  -66.479  23.580 1.0000000000
139295  -5.736  -67.919  24.591 1.0000000000
20649  -7.323  -64.668  22.177 1.0000000000
21604  -10.205  -63.326  21.186 1.0000000000
19642  -9.469  -65.575  20.585 1.0000000000
20679  -11.514  -64.480  20.929 1.0000000000
135588  -5.339  -73.913  16.682 1.0000000000
13261  -3.797  -72.332  28.185 0.6999999881
15024  -3.307  -70.291  26.612 0.8000000119
19603  -9.739  -65.083  23.656 1.0000000000
17666  -3.859  -67.005  19.859 0.8999999762
16822  -4.523  -68.330  19.111 1.0000000000
15966  -5.559  -69.637  18.266 1.0000000000
14235  -5.989  -71.344  17.803 1.0000000000
13381  -5.946  -72.343  17.422 1.0000000000
12505  -5.598  -73.110  16.888 1.0000000000
14970  -3.048  -70.692  29.525 0.6999999881
18561  -4.704  -66.285  25.398 1.0000000000
19639  -3.659  -65.860  20.854 0.8999999762
22500  -10.923  -62.725  24.679 1.0000000000
22491  -13.930  -62.363  24.881 1.0000000000
23411  -12.906  -61.825  24.909 1.0000000000
23424  -13.833  -62.245  24.729 1.0000000000
24407  -11.479  -60.956  21.592 1.0000000000
23423  -13.682  -62.068  24.566 1.0000000000
24358  -13.561  -61.225  23.498 1.0000000000
24374  -12.917  -60.885  23.306 1.0000000000
24359  -14.154  -61.296  23.492 1.0000000000
23439  -14.384  -61.947  24.041 1.0000000000
23454  -15.165  -61.843  22.938 1.0000000000
24395  -15.660  -60.898  21.986 1.0000000000
21547  -8.878  -63.741  25.017 1.0000000000
24392  -12.221  -60.340  21.948 1.0000000000
25334  -12.897  -59.758  22.437 1.0000000000
25387  -17.697  -59.405  19.759 1.0000000000
16673  -4.085  -68.171  29.460 0.6000000238
20631  -4.497  -64.033  23.153 0.8999999762
16674  -4.637  -68.299  28.981 0.6000000238
22502  -14.393  -62.908  24.562 1.0000000000
21645  -5.107  -64.292  18.445 0.8000000119
148411  -15.760  -63.600  23.079 1.0000000000
22531  -17.106  -62.959  21.829 1.0000000000
24423  -18.339  -61.031  20.072 1.0000000000
142615  -14.804  -58.975  21.221 1.0000000000
21561  -4.753  -63.086  23.321 0.8999999762
22526  -4.481  -62.892  22.777 0.8999999762
21535  -12.911  -63.448  25.967 1.0000000000
145714  -12.360  -63.098  26.035 1.0000000000
140101  -4.766  -63.807  20.485 0.8999999762
152585  -5.114  -63.117  20.484 0.8999999762
21623  -5.399  -63.362  19.663 0.8000000119
21550  -14.108  -64.238  24.809 1.0000000000
22575  -5.711  -62.664  20.054 0.8999999762
23484  -17.963  -62.270  20.970 1.0000000000
23493  -5.870  -61.902  20.719 0.8999999762
23496  -19.008  -61.643  20.042 1.0000000000
159848  -20.180  -61.655  19.536 1.0000000000
144427  -19.531  -60.546  19.416 1.0000000000
25390  -20.164  -60.009  19.161 1.0000000000
27407  -14.407  -58.727  21.321 1.0000000000
148960  -20.793  -58.979  18.866 1.0000000000
29618  -19.301  -55.760  18.388 1.0000000000
19532  -6.734  -64.988  27.137 0.8999999762
136250  -7.533  -64.740  27.159 1.0000000000
22541  -4.562  -62.701  21.940 0.8999999762
23447  -4.948  -61.832  24.001 1.0000000000
22557  -4.621  -63.265  21.254 0.8999999762
145443  -5.998  -61.830  24.059 1.0000000000
20621  -15.345  -65.271  24.207 1.0000000000
20635  -16.119  -65.351  23.602 1.0000000000
21567  -16.323  -64.810  22.928 1.0000000000
22558  -5.111  -62.592  21.020 0.8999999762
134834  -5.622  -61.337  21.437 0.8999999762
142749  -17.335  -64.709  22.127 1.0000000000
20651  -17.955  -64.782  21.903 1.0000000000
21607  -18.624  -63.955  20.984 1.0000000000
24405  -5.420  -60.638  21.912 0.8999999762
21661  -5.338  -63.532  15.833 0.6000000238
24371  -6.203  -60.635  24.240 1.0000000000
144493  -20.884  -61.653  19.332 0.8999999762
23533  -6.156  -61.930  16.675 0.6000000238
154231  -17.680  -63.875  26.770 0.8000000119
20606  -16.543  -64.782  25.721 0.8999999762
19577  -17.075  -65.142  24.827 0.8000000119
23526  -22.077  -61.074  18.974 0.8999999762
26388  -16.516  -58.685  19.980 1.0000000000
27431  -14.655  -58.283  20.843 1.0000000000
154322  -8.750  -64.343  27.239 1.0000000000
16714  -7.896  -68.168  27.087 0.5000000000
18513  -7.728  -66.414  27.452 0.6999999881
20561  -10.012  -64.345  27.263 1.0000000000
20562  -10.796  -63.990  26.949 1.0000000000
17566  -10.230  -67.472  27.775 0.6999999881
19553  -12.833  -65.490  26.627 1.0000000000
19573  -13.396  -65.261  25.874 1.0000000000
20636  -16.821  -65.408  23.043 1.0000000000
19594  -16.800  -65.581  24.145 1.0000000000
150960  -12.081  -67.286  27.952 0.8000000119
147085  -14.411  -65.163  27.355 0.8999999762
150540  -19.290  -64.296  21.200 0.8999999762
22562  -20.953  -63.053  20.206 0.8000000119
21608  -19.975  -64.205  21.363 0.8000000119
22578  -21.352  -62.362  19.579 0.8000000119
24388  -5.296  -59.909  22.445 0.8999999762
146313  -19.009  -63.804  26.054 0.8000000119
21539  -19.417  -64.004  25.387 0.8000000119
20607  -17.348  -64.360  25.552 0.8000000119
19619  -17.530  -65.246  22.628 1.0000000000
19607  -18.000  -65.340  23.190 1.0000000000
19595  -17.592  -65.308  23.998 0.8999999762
20623  -18.859  -64.141  24.482 0.8000000119
20637  -18.904  -64.510  23.446 0.8000000119
20622  -18.394  -64.643  23.927 0.8000000119
15876  -6.657  -69.583  26.862 0.5000000000
140074  -12.973  -67.086  27.978 0.6999999881
20638  -19.220  -64.634  22.658 0.8000000119
20564  -15.615  -64.369  28.329 0.8000000119
19523  -14.606  -65.535  28.210 0.6999999881
21552  -19.618  -64.330  24.836 0.8000000119
22587  -23.077  -62.281  19.013 0.8000000119
23527  -23.036  -61.316  18.797 0.8000000119
24420  -7.065  -60.170  19.879 0.8000000119
21502  -19.092  -63.766  27.623 0.6000000238
19608  -21.072  -66.040  22.856 0.5000000000
21570  -19.889  -64.921  23.854 0.6999999881
21590  -20.164  -64.737  22.496 0.8000000119
21589  -19.962  -64.534  22.260 0.8000000119
138967  -7.448  -58.857  19.690 0.8000000119
24467  -7.161  -60.903  16.584 0.6000000238
142678  -22.475  -58.942  18.551 0.8999999762
18630  -23.750  -66.313  19.570 0.5000000000
19658  -22.478  -65.899  19.816 0.6999999881
18615  -22.515  -66.770  20.163 0.5000000000
19645  -22.041  -66.427  20.411 0.6999999881
27487  -23.368  -57.578  18.443 0.8999999762
30614  -17.532  -54.322  18.358 1.0000000000
31661  -16.496  -53.392  18.363 1.0000000000
29617  -18.569  -55.506  18.481 1.0000000000
21610  -21.793  -64.013  20.769 0.8000000119
22563  -21.904  -62.954  20.015 0.8000000119
135177  -22.597  -63.194  19.766 0.8000000119
19629  -21.850  -65.644  20.602 0.8000000119
20667  -21.731  -64.700  20.812 0.8000000119
21639  -23.065  -64.027  19.693 0.8000000119
20680  -22.395  -64.593  20.205 0.8000000119
21640  -23.765  -63.896  19.043 0.8000000119
22588  -23.933  -62.948  18.873 0.8000000119
23529  -25.175  -60.988  18.467 0.8000000119
19628  -21.582  -66.312  21.064 0.6000000238
139905  -23.881  -59.772  18.463 0.8000000119
27470  -7.332  -57.463  19.748 0.5000000000
30616  -19.134  -55.019  18.159 1.0000000000
30630  -19.718  -54.519  17.895 1.0000000000
31662  -18.230  -53.913  18.070 1.0000000000
157751  -22.137  -65.204  20.384 0.8000000119
20692  -23.014  -65.125  19.530 0.6999999881
20694  -24.323  -65.269  18.840 0.6999999881
19660  -24.425  -65.765  19.049 0.6999999881
20703  -24.238  -64.575  18.764 0.8000000119
21647  -24.517  -63.874  18.650 0.6999999881
19678  -24.926  -65.303  18.769 0.6999999881
159745  -25.487  -63.249  18.511 0.6999999881
22589  -24.840  -62.038  18.474 0.8000000119
148372  -25.363  -59.032  18.507 0.8000000119
18596  -21.922  -67.005  20.801 0.4000000060
20683  -26.079  -64.304  19.022 0.6000000238
20682  -25.780  -64.430  19.698 0.5000000000
19646  -24.591  -65.954  19.551 0.6000000238
29597  -13.150  -55.909  20.570 1.0000000000
137726  -24.758  -56.864  18.581 0.8000000119
30600  -14.704  -54.194  19.480 1.0000000000
30601  -15.376  -54.550  19.077 1.0000000000
33745  -16.814  -51.890  17.928 1.0000000000
33760  -17.624  -51.932  17.714 1.0000000000
158239  -22.003  -53.723  17.664 1.0000000000
148945  -26.338  -62.590  18.826 0.6999999881
22590  -25.627  -62.692  18.517 0.6999999881
148103  -25.871  -61.844  18.544 0.6999999881
23531  -26.479  -61.585  18.881 0.6999999881
24438  -26.909  -60.210  19.521 0.6999999881
137017  -25.378  -57.598  18.638 0.8000000119
21632  -26.288  -63.622  19.494 0.5000000000
23499  -27.051  -60.659  19.946 0.6000000238
23515  -26.746  -61.109  19.408 0.6999999881
153385  -26.143  -57.223  19.067 0.8000000119
141451  -8.940  -54.979  22.810 0.8999999762
152685  -26.653  -62.257  19.792 0.4000000060
30569  -6.695  -55.138  22.235 0.8999999762
146957  -25.925  -59.236  21.230 0.3000000119
25363  -26.298  -59.803  20.889 0.4000000060
158499  -27.219  -60.018  19.992 0.6000000238
27457  -27.008  -58.241  19.875 0.6000000238
26390  -27.160  -58.935  20.074 0.6000000238
28583  -26.671  -56.440  20.410 0.6000000238
27476  -26.659  -57.666  19.516 0.6000000238
28566  -26.631  -56.838  20.884 0.6000000238
27475  -25.994  -56.455  19.247 0.6000000238
28599  -26.435  -55.998  19.841 0.6000000238
29599  -26.590  -55.541  20.536 0.6000000238
31637  -12.729  -53.945  20.599 1.0000000000
30556  -8.785  -54.325  22.954 0.8999999762
29623  -25.224  -54.896  19.067 0.6999999881
32710  -15.604  -52.240  18.510 1.0000000000
33743  -15.519  -51.226  18.353 1.0000000000
155609  -9.354  -53.227  22.396 0.8999999762
31628  -10.435  -53.793  21.431 1.0000000000
32693  -14.356  -52.497  19.274 1.0000000000
33726  -14.067  -51.600  19.184 1.0000000000
33742  -14.699  -50.980  18.726 1.0000000000
36000  -14.526  -49.101  18.254 1.0000000000
133219  -18.093  -51.199  17.520 1.0000000000
34896  -17.738  -50.382  17.333 1.0000000000
33762  -19.705  -51.506  17.343 1.0000000000
135882  -20.895  -52.090  17.445 1.0000000000
32730  -21.596  -52.256  17.456 1.0000000000
132269  -20.095  -50.961  17.123 1.0000000000
158933  -16.677  -49.414  17.181 1.0000000000
34914  -20.673  -49.785  16.681 0.8000000119
29577  -24.935  -56.097  21.836 0.3000000119
29578  -25.975  -55.928  21.689 0.3000000119
134307  -26.365  -55.332  21.492 0.4000000060
30579  -26.608  -54.220  21.490 0.3000000119
31640  -26.359  -53.289  20.750 0.5000000000
31649  -25.889  -53.360  19.807 0.5000000000
32713  -25.438  -52.711  19.333 0.6000000238
137416  -6.753  -54.303  22.864 0.8999999762
32674  -11.527  -52.822  21.206 1.0000000000
32732  -23.734  -52.119  17.822 0.8999999762
136210  -7.780  -53.966  19.282 0.6000000238
37071  -14.872  -48.573  17.894 1.0000000000
36017  -19.122  -50.056  16.860 1.0000000000
29561  -26.087  -55.004  21.837 0.3000000119
32680  -26.350  -52.739  21.467 0.3000000119
32648  -7.750  -52.706  23.319 0.8999999762
33746  -24.690  -51.569  18.658 0.6000000238
32647  -7.035  -52.480  23.346 0.8999999762
33699  -10.634  -51.361  21.489 1.0000000000
132411  -6.819  -52.856  22.694 0.8000000119
37092  -18.542  -48.734  16.163 0.8999999762
37082  -17.942  -49.228  16.580 1.0000000000
34903  -24.338  -50.949  17.969 0.5000000000
33672  -7.566  -51.948  23.210 0.8999999762
33683  -5.832  -51.473  22.671 0.8000000119
35958  -10.204  -49.737  21.149 0.8999999762
36031  -22.451  -49.339  16.518 0.6000000238
34868  -6.187  -50.449  19.959 0.6000000238
38115  -11.010  -47.267  18.451 0.8000000119
38131  -15.772  -48.884  17.004 1.0000000000
38140  -12.345  -47.030  16.966 0.8000000119
39149  -11.110  -46.960  17.801 0.8000000119
35940  -7.547  -50.493  22.458 0.8999999762
34819  -6.111  -50.887  22.767 0.8000000119
37060  -10.568  -47.821  19.619 0.8000000119
37090  -16.734  -48.659  16.471 1.0000000000
33712  -5.597  -50.710  20.855 0.6000000238
37059  -3.878  -47.951  19.449 0.5000000000
39158  -9.351  -46.146  17.381 0.8000000119
40194  -9.926  -45.789  16.940 0.8000000119
40195  -10.658  -46.032  16.950 0.8000000119
39147  -9.564  -46.752  18.069 0.8000000119
38143  -15.460  -47.973  15.970 0.8999999762
38102  -6.609  -46.880  19.736 0.6999999881
39131  -6.008  -46.538  19.278 0.6999999881
39143  -5.378  -46.185  18.651 0.6999999881
38100  -4.532  -47.089  19.860 0.6999999881
39133  -7.998  -46.658  19.020 0.8000000119
39145  -7.444  -46.297  18.486 0.6999999881
34817  -4.967  -50.215  21.672 0.6999999881
35956  -7.687  -49.610  21.974 0.8000000119
35955  -6.638  -49.525  21.917 0.8000000119
39170  -13.479  -46.666  16.408 0.8000000119
40209  -13.930  -45.945  16.129 0.8000000119
154729  -18.682  -47.540  15.650 0.8000000119
38162  -20.325  -47.248  15.675 0.6999999881
35970  -4.323  -49.235  20.730 0.6999999881
39134  -8.773  -46.747  18.613 0.8000000119
141407  -16.751  -48.029  15.837 0.8999999762
140142  -6.662  -47.422  20.265 0.8000000119
40183  -7.892  -46.025  17.849 0.8000000119
37035  -7.147  -48.877  21.508 0.8000000119
40204  -9.667  -45.107  16.556 0.6999999881
40206  -11.363  -45.541  16.668 0.6999999881
41162  -10.972  -44.555  16.466 0.6999999881
40216  -14.694  -45.870  15.786 0.6000000238
40203  -8.845  -45.038  16.594 0.6999999881
137638  -12.929  -44.693  16.453 0.5000000000
42272  -11.411  -43.733  16.404 0.6999999881
42271  -10.519  -43.648  16.190 0.6999999881
131910  -10.929  -42.768  16.155 0.5000000000
41164  -13.811  -44.426  16.231 0.5000000000
40217  -15.499  -45.740  15.552 0.6000000238
41173  -14.089  -43.762  16.068 0.5000000000
131837  -9.952  -42.645  15.769 0.4000000060
42282  -14.077  -43.010  16.030 0.5000000000
43358  -13.344  -42.456  16.162 0.5000000000
38144  -16.076  -48.351  16.263 1.0000000000
40192  -7.407  -45.445  17.252 0.6000000238
40219  -17.313  -45.814  15.393 0.6000000238
21553  -19.739  -64.660  24.412 0.8000000119
40220  -18.266  -45.867  15.455 0.6000000238
3125  -9.549  -86.030  21.034 0.6999999881
2585  -8.843  -86.980  21.432 0.6000000238
140135  -5.181  -63.759  17.567 0.6999999881
20714  -4.930  -64.547  17.264 0.5000000000
38147  -21.920  -47.431  15.799 0.5000000000
39186  -19.726  -46.549  15.571 0.5000000000
39187  -20.705  -46.296  15.566 0.5000000000
144021  -19.227  -45.842  15.525 0.5000000000
40222  -20.164  -45.689  15.549 0.5000000000
40221  -19.803  -45.040  15.537 0.5000000000
143287  -15.939  -44.782  15.507 0.5000000000
41175  -16.935  -44.924  15.428 0.5000000000
150835  -17.883  -44.997  15.437 0.5000000000
148257  -15.899  -43.927  15.432 0.4000000060
2130  -8.559  -88.532  20.013 0.6999999881
36019  -23.892  -49.671  17.202 0.4000000060
42284  -15.448  -43.281  15.433 0.4000000060
37097  -23.071  -48.669  16.337 0.5000000000
141672  -16.626  -44.068  15.415 0.5000000000
438  -15.711  -94.635  16.450 0.5000000000
444  -16.410  -94.996  15.687 0.5000000000
449  -17.068  -94.746  15.007 0.6000000238
457  -18.147  -94.151  12.828 0.5000000000
277  -16.203  -96.049  15.554 0.6000000238
134880  -17.522  -95.025  13.775 0.6000000238
465  -18.175  -94.713  12.249 0.5000000000
472  -18.344  -94.480  11.475 0.5000000000
146  -16.607  -96.318  14.766 0.6000000238
299  -17.870  -95.824  12.938 0.6000000238
306  -18.242  -95.188  11.714 0.5000000000
146459  -17.399  -97.203  12.762 0.6000000238
53  -17.828  -96.929  11.975 0.6999999881
164  -18.240  -96.047  11.624 0.5000000000
12529  -3.385  -73.214  14.654 0.5000000000
13392  -3.899  -71.976  15.594 0.5000000000
14245  -3.987  -71.119  15.855 0.5000000000
135330  -7.426  -54.427  20.201 0.5000000000
32703  -8.796  -52.017  19.353 0.5000000000
34881  -6.916  -49.916  19.445 0.5000000000
40182  -6.923  -45.806  17.927 0.6000000238
131505  -10.677  -40.549  15.875 0.4000000060
11624  -3.243  -74.097  14.427 0.5000000000
137689  -7.461  -55.793  19.557 0.5000000000
147152  -8.697  -53.004  18.902 0.5000000000
32691  -7.892  -51.817  19.713 0.5000000000
149495  -4.971  -63.837  16.641 0.4000000060
27480  -7.765  -57.432  18.900 0.4000000060
29605  -7.700  -55.028  19.237 0.5000000000
33714  -7.308  -51.579  20.546 0.5000000000
271  -15.745  -95.735  16.195 0.5000000000
139  -15.973  -96.489  15.241 0.6999999881
39  -16.483  -96.980  13.725 0.6999999881
47  -16.818  -97.664  13.399 0.6999999881
134842  -18.292  -95.545  10.083 0.5000000000
284  -17.190  -95.510  14.442 0.6000000238
456  -17.809  -94.294  13.573 0.6000000238
464  -17.866  -95.040  13.044 0.6000000238
147  -17.106  -96.362  14.159 0.6000000238
300  -18.123  -95.528  12.355 0.6000000238
39157  -4.123  -46.258  17.758 0.5000000000
153268  -4.587  -45.247  17.327 0.5000000000
41148  -4.884  -44.798  16.727 0.5000000000
41150  -5.703  -44.506  16.756 0.5000000000
41156  -5.174  -44.326  16.270 0.4000000060
41158  -6.231  -43.986  16.180 0.4000000060
42268  -6.025  -43.581  15.590 0.4000000060
41152  -7.886  -44.940  16.658 0.5000000000
139876  -7.298  -44.146  16.142 0.4000000060
148150  -6.601  -42.911  15.092 0.4000000060
41159  -8.343  -44.307  16.102 0.4000000060
42269  -6.809  -43.443  15.529 0.4000000060
43354  -7.147  -42.336  14.755 0.4000000060
43356  -8.216  -41.744  15.082 0.4000000060
44472  -8.596  -40.960  15.066 0.3000000119
133820  -9.781  -40.669  15.616 0.3000000119
42281  -7.381  -42.558  15.093 0.4000000060
43355  -7.694  -41.834  14.622 0.3000000119
131515  -9.931  -40.015  15.370 0.3000000119
157761  -8.202  -41.398  14.896 0.3000000119
39129  -4.172  -46.920  19.324 0.5000000000
150125  -9.173  -41.338  15.469 0.3000000119
39141  -4.265  -46.499  18.497 0.5000000000
40180  -4.967  -45.824  18.052 0.5000000000
40191  -6.300  -45.196  17.338 0.5000000000
42270  -7.770  -43.515  15.564 0.4000000060
39142  -4.414  -46.308  18.619 0.5000000000
41151  -6.788  -44.712  16.718 0.5000000000
40202  -4.588  -45.245  16.805 0.5000000000
40190  -5.238  -45.083  17.350 0.5000000000
41170  -4.942  -44.682  16.310 0.5000000000
44495  -7.579  -41.866  14.198 0.3000000119
137752  -9.627  -51.167  19.212 0.4000000060
33738  -9.919  -50.721  18.569 0.4000000060
35998  -7.462  -49.424  18.931 0.4000000060
33737  -8.591  -51.072  19.457 0.4000000060
34883  -9.198  -50.339  19.119 0.4000000060
133758  -8.477  -49.676  18.691 0.4000000060
36012  -7.635  -49.247  18.002 0.4000000060
34894  -9.182  -50.195  18.107 0.4000000060
36010  -5.566  -48.908  18.678 0.4000000060
37078  -5.796  -48.464  17.835 0.4000000060
36027  -7.835  -49.159  17.144 0.3000000119
37079  -6.878  -48.724  17.266 0.4000000060
38125  -4.965  -47.653  17.597 0.4000000060
37087  -5.964  -48.069  16.920 0.4000000060
154219  -4.664  -46.753  17.248 0.4000000060
156346  -7.398  -47.705  15.904 0.3000000119
39167  -4.236  -45.969  16.996 0.4000000060
38137  -4.978  -46.374  16.567 0.4000000060
39178  -5.289  -45.923  15.907 0.4000000060
39197  -7.476  -46.069  14.786 0.3000000119
39196  -6.671  -45.793  14.924 0.3000000119
40230  -7.281  -45.206  14.483 0.3000000119
41171  -5.257  -44.276  15.784 0.3000000119
41185  -5.550  -44.423  15.267 0.3000000119
41186  -6.046  -43.923  14.627 0.3000000119
42301  -6.475  -43.155  14.539 0.3000000119
40248  -8.220  -44.887  14.299 0.3000000119
37067  -4.840  -48.233  18.421 0.4000000060
38112  -3.998  -47.393  18.688 0.4000000060
38124  -4.165  -46.952  17.922 0.4000000060
42300  -5.733  -43.738  15.164 0.3000000119
39177  -4.768  -45.616  16.499 0.4000000060
40215  -5.758  -45.377  15.344 0.4000000060
36011  -6.627  -49.050  18.290 0.4000000060
38139  -6.937  -48.067  16.361 0.3000000119
38153  -5.722  -46.840  16.031 0.4000000060
39179  -6.214  -46.335  15.477 0.3000000119
38155  -7.853  -47.284  15.472 0.3000000119
40229  -6.270  -44.852  14.771 0.3000000119
39198  -8.318  -45.947  14.615 0.3000000119
41206  -7.359  -44.219  14.128 0.3000000119
159268  -6.838  -42.852  13.999 0.3000000119
1  -16.357  -97.189  13.335 0.8000000119
3  -15.916  -97.390  13.042 0.8999999762
8  -15.789  -98.031  12.574 0.8000000119
9  -16.660  -98.173  12.259 0.8000000119
10  -14.265  -97.132  11.587 0.8999999762
14  -17.085  -98.116  11.781 0.8000000119
15  -17.163  -98.083  11.054 0.8000000119
19  -16.419  -98.099  10.456 0.8000000119
21  -17.616  -97.842  10.679 0.8000000119
23  -15.745  -97.258  9.826 0.8000000119
25  -17.004  -97.915  9.730 0.8000000119
32  -14.975  -96.544  15.223 0.8000000119
34  -16.243  -96.664  14.421 0.6999999881
38  -16.076  -96.767  13.996 0.6999999881
40  -16.752  -96.924  14.041 0.6000000238
45  -14.532  -96.711  13.142 0.8999999762
46  -15.090  -96.682  13.782 0.8999999762
51  -12.963  -96.549  12.304 1.0000000000
52  -13.616  -96.643  12.710 0.8999999762
58  -13.513  -96.851  11.904 0.8999999762
60  -17.813  -97.437  11.377 0.8000000119
64  -14.228  -97.324  10.176 0.8000000119
69  -14.490  -97.043  9.376 0.8000000119
70  -17.118  -96.991  9.711 0.8000000119
74  -15.545  -96.424  8.487 0.8000000119
76  -17.393  -96.693  9.055 0.6999999881
78  -14.219  -96.473  8.177 0.8000000119
83  -18.021  -96.198  7.487 0.6000000238
84  -13.390  -96.124  7.135 0.8000000119
87  -16.973  -95.789  6.809 0.6999999881
88  -17.873  -96.108  6.854 0.6000000238
92  -16.963  -95.623  6.273 0.6999999881
94  -18.069  -95.826  6.147 0.5000000000
96  -16.719  -95.533  5.742 0.6999999881
98  -17.935  -95.807  5.574 0.6999999881
126  -13.134  -96.168  16.566 0.8000000119
127  -15.593  -96.332  15.866 0.6999999881
135  -12.716  -96.274  15.797 0.8999999762
138  -15.463  -96.413  15.499 0.8000000119
144  -12.696  -96.218  14.367 1.0000000000
152  -17.179  -96.824  13.527 0.6000000238
158  -17.595  -96.415  13.071 0.6000000238
159  -17.935  -96.329  12.469 0.6999999881
163  -12.856  -96.239  12.000 1.0000000000
170  -18.210  -96.207  10.627 0.6999999881
187  -13.367  -95.278  5.600 0.8000000119
189  -14.929  -95.415  6.526 0.8000000119
190  -18.325  -95.622  5.531 0.5000000000
193  -15.546  -95.350  5.591 0.8000000119
194  -16.141  -95.445  5.139 0.6999999881
204  -18.394  -95.364  3.863 0.6000000238
206  -17.150  -95.310  3.710 0.6999999881
258  -11.405  -95.289  17.303 1.0000000000
261  -14.351  -95.443  17.182 0.8000000119
266  -11.059  -95.261  16.533 1.0000000000
268  -12.484  -95.863  16.881 0.8999999762
280  -10.848  -95.067  14.479 1.0000000000
283  -16.750  -95.559  15.132 0.6000000238
289  -11.819  -95.361  13.755 1.0000000000
290  -12.527  -95.808  13.527 1.0000000000
291  -17.526  -95.877  13.612 0.6000000238
313  -18.307  -95.201  10.882 0.5000000000
317  -12.100  -95.583  9.264 1.0000000000
318  -12.536  -95.648  9.901 1.0000000000
322  -12.416  -95.989  8.140 1.0000000000
329  -11.562  -95.003  7.925 1.0000000000
346  -12.695  -95.368  6.087 1.0000000000
354  -13.655  -94.769  4.418 0.8000000119
363  -19.102  -95.075  3.429 0.5000000000
367  -13.463  -94.289  3.486 0.8000000119
369  -14.952  -94.608  3.751 0.8000000119
370  -15.722  -94.807  3.543 0.6999999881
371  -17.462  -95.041  3.091 0.6999999881
373  -19.081  -94.828  2.744 0.6000000238
422  -11.324  -94.704  18.661 0.6999999881
423  -11.962  -94.680  18.604 0.6000000238
437  -10.707  -94.877  16.987 1.0000000000
443  -10.520  -94.804  16.101 1.0000000000
455  -11.287  -94.968  13.714 1.0000000000
460  -10.892  -93.590  13.333 1.0000000000
470  -13.633  -94.862  11.567 1.0000000000
481  -12.164  -94.691  9.439 1.0000000000
492  -11.595  -93.984  7.143 1.0000000000
497  -11.704  -94.436  6.331 1.0000000000
513  -12.249  -94.301  3.791 0.8000000119
514  -12.854  -94.341  3.489 0.8000000119
517  -12.394  -94.068  3.013 0.8000000119
524  -18.881  -94.393  2.110 0.6000000238
532  -19.518  -94.136  1.895 0.6000000238
616  -10.306  -94.221  18.136 0.8000000119
643  -10.510  -93.647  13.780 1.0000000000
652  -12.661  -94.152  12.944 1.0000000000
670  -15.154  -93.482  10.429 1.0000000000
679  -13.722  -93.833  9.588 1.0000000000
680  -14.717  -93.639  9.851 1.0000000000
687  -11.908  -93.734  8.477 1.0000000000
712  -16.526  -93.031  3.345 0.6000000238
722  -18.128  -93.460  2.139 0.6000000238
728  -12.898  -93.341  1.853 0.6999999881
814  -9.003  -92.330  19.935 0.8000000119
823  -8.981  -92.281  18.933 0.8000000119
865  -10.753  -92.124  13.496 1.0000000000
867  -11.604  -92.632  12.901 1.0000000000
878  -14.284  -93.199  11.972 1.0000000000
880  -15.681  -92.460  11.196 1.0000000000
885  -15.903  -92.296  10.515 1.0000000000
892  -14.123  -92.528  8.972 1.0000000000
902  -12.735  -92.630  8.316 1.0000000000
903  -13.377  -92.393  8.562 1.0000000000
916  -11.781  -92.082  5.970 1.0000000000
931  -11.764  -92.978  2.412 0.8999999762
934  -17.850  -92.904  2.512 0.6000000238
941  -12.257  -92.495  1.269 0.8000000119
942  -14.832  -92.590  2.375 0.6999999881
945  -12.789  -92.370  0.520 0.8000000119
947  -16.112  -91.798  0.539 0.6999999881
949  -12.975  -91.932  -0.183 0.8999999762
950  -13.652  -91.745  -0.588 0.8000000119
958  -14.892  -91.304  -0.937 0.8000000119
959  -15.577  -91.212  -0.733 0.8000000119
960  -17.602  -90.847  -0.915 0.5000000000
966  -18.153  -90.783  -1.160 0.5000000000
1072  -8.973  -91.908  17.901 0.8999999762
1082  -9.257  -91.511  16.998 0.8999999762
1112  -10.307  -91.377  13.991 1.0000000000
1119  -10.970  -91.552  13.331 1.0000000000
1149  -13.829  -91.239  8.264 1.0000000000
1155  -12.642  -91.608  7.305 1.0000000000
1164  -11.797  -91.505  4.451 1.0000000000
1173  -11.693  -92.024  3.875 1.0000000000
1182  -11.697  -92.124  2.395 1.0000000000
1191  -15.291  -91.782  2.534 0.6999999881
1194  -12.592  -91.234  0.006 0.8999999762
1196  -17.477  -91.119  0.100 0.5000000000
1203  -13.631  -91.192  -1.054 0.8999999762
1218  -16.328  -90.786  -1.818 0.6999999881
1225  -16.743  -90.560  -2.293 0.6999999881
1227  -18.287  -90.326  -2.236 0.5000000000
1402  -8.148  -90.919  19.935 0.8000000119
1442  -10.178  -90.936  15.066 1.0000000000
1460  -10.053  -89.704  13.647 1.0000000000
1461  -10.242  -90.404  14.138 1.0000000000
1467  -10.777  -90.851  13.429 1.0000000000
1473  -11.109  -91.123  13.152 1.0000000000
1474  -11.524  -91.005  12.909 1.0000000000
1477  -14.776  -91.277  12.045 1.0000000000
1478  -15.760  -91.169  11.815 1.0000000000
1479  -16.372  -90.749  11.534 1.0000000000
1491  -14.039  -90.429  7.983 0.8999999762
1500  -12.192  -90.995  6.129 1.0000000000
1504  -12.079  -90.875  5.446 1.0000000000
1535  -11.908  -90.778  1.452 0.8999999762
1561  -13.709  -90.486  -1.306 0.8999999762
1575  -16.758  -90.311  -2.827 0.6999999881
1578  -19.316  -89.747  -2.887 0.5000000000
1583  -18.882  -89.499  -3.310 0.4000000060
1771  -9.457  -89.551  17.908 0.8000000119
1810  -8.002  -89.030  15.113 1.0000000000
1814  -9.277  -89.187  13.772 1.0000000000
1818  -10.205  -89.733  12.968 1.0000000000
1822  -13.844  -90.015  12.708 1.0000000000
1823  -14.888  -89.944  12.732 1.0000000000
1829  -11.387  -90.346  12.817 1.0000000000
1836  -16.818  -90.129  10.517 1.0000000000
1841  -15.283  -89.447  8.558 0.8999999762
1849  -14.242  -89.928  7.448 0.8999999762
1852  -14.363  -89.507  6.127 0.8999999762
1865  -12.664  -89.621  4.146 0.8999999762
1872  -11.913  -90.121  2.973 0.8999999762
1893  -12.145  -89.828  1.649 0.8999999762
1905  -13.228  -88.980  -0.325 0.8999999762
1916  -14.626  -89.798  -2.161 0.8000000119
1919  -15.336  -89.649  -2.709 0.8000000119
2144  -6.405  -88.021  17.824 0.8999999762
2146  -10.298  -88.752  17.570 0.8999999762
2147  -10.641  -87.842  17.813 0.8999999762
2156  -6.865  -88.073  17.137 1.0000000000
2158  -10.572  -88.748  16.712 0.8999999762
2159  -10.652  -87.770  17.363 0.8999999762
2166  -6.518  -87.847  16.817 1.0000000000
2170  -10.597  -88.138  16.771 0.8999999762
2180  -6.905  -88.098  15.781 1.0000000000
2196  -8.501  -88.774  13.932 1.0000000000
2200  -12.061  -88.386  13.313 1.0000000000
2211  -9.765  -89.202  12.987 1.0000000000
2215  -13.484  -89.227  12.950 1.0000000000
2219  -17.589  -88.678  12.229 1.0000000000
2234  -9.104  -88.030  10.277 0.8000000119
2235  -9.797  -88.127  10.126 0.8000000119
2237  -10.681  -87.522  10.384 0.8999999762
2243  -8.821  -87.795  9.828 0.6999999881
2245  -10.018  -88.011  9.508 0.8000000119
2246  -10.344  -87.416  9.747 0.8000000119
2248  -16.603  -88.234  9.386 0.8999999762
2254  -9.876  -87.172  9.204 0.8000000119
2255  -10.270  -86.857  9.395 0.6999999881
2262  -9.692  -86.926  8.303 0.6999999881
2267  -13.875  -89.509  5.281 0.8999999762
2289  -13.820  -88.717  4.237 0.8999999762
2295  -12.833  -89.088  3.576 0.8999999762
2304  -12.726  -88.913  2.996 0.8999999762
2336  -14.929  -88.820  -2.265 0.8000000119
2337  -15.349  -87.959  -2.209 0.8000000119
2341  -16.753  -88.908  -3.230 0.6999999881
2523  -5.500  -86.417  25.617 0.8000000119
2524  -5.865  -86.654  25.630 0.8000000119
2536  -5.887  -87.008  25.006 0.8000000119
2550  -5.476  -86.928  24.408 0.8999999762
2561  -5.120  -86.979  22.993 0.8999999762
2562  -5.663  -87.133  23.193 0.8999999762
2563  -5.957  -87.165  23.624 0.8999999762
2572  -5.566  -87.132  22.555 0.8999999762
2582  -5.659  -87.203  21.923 0.8999999762
2583  -6.120  -87.257  21.693 0.8999999762
2591  -6.416  -87.669  19.731 0.8999999762
2593  -9.472  -86.851  20.410 0.8000000119
2599  -5.429  -87.146  20.592 0.8999999762
2612  -6.343  -88.028  18.522 1.0000000000
2615  -10.515  -87.163  17.744 0.8999999762
2619  -6.107  -87.397  17.486 1.0000000000
2629  -6.319  -87.521  16.822 1.0000000000
2630  -6.526  -87.714  16.328 1.0000000000
2653  -8.123  -87.542  14.131 1.0000000000
2657  -13.022  -87.198  14.537 1.0000000000
2658  -14.216  -87.558  14.523 1.0000000000
2670  -8.593  -88.172  13.727 1.0000000000
2671  -9.445  -87.915  13.398 1.0000000000
2675  -13.436  -87.777  14.067 1.0000000000
2677  -15.791  -87.884  14.022 1.0000000000
2688  -7.325  -86.729  11.729 0.8000000119
2697  -8.322  -87.156  11.257 0.8000000119
2698  -9.174  -87.450  11.251 0.8999999762
2699  -10.080  -87.795  11.044 0.8000000119
2700  -11.061  -87.209  10.895 0.8999999762
2701  -11.894  -87.017  10.960 0.8999999762
2702  -12.453  -86.693  11.011 1.0000000000
2713  -7.279  -86.772  11.047 0.8000000119
2714  -8.314  -87.317  10.850 0.8000000119
2717  -10.205  -88.040  10.586 0.8000000119
2742  -7.468  -86.880  8.785 0.6999999881
2743  -8.239  -87.162  8.645 0.6999999881
2744  -9.008  -87.205  8.450 0.6999999881
2748  -16.289  -87.810  8.113 0.8999999762
2763  -7.690  -86.855  7.204 0.6999999881
2764  -8.601  -87.053  6.986 0.6999999881
2765  -9.922  -86.981  7.223 0.6999999881
2766  -10.268  -86.579  6.887 0.6999999881
2767  -10.393  -86.008  7.060 0.6999999881
2779  -15.086  -87.973  5.078 0.8999999762
2809  -12.965  -88.212  2.720 0.8999999762
2822  -13.116  -87.969  1.132 0.8999999762
2827  -13.598  -87.613  0.091 0.8999999762
3030  -5.621  -85.869  28.822 0.6000000238
3041  -5.123  -85.723  27.908 0.8000000119
3042  -5.566  -85.948  28.188 0.8000000119
3043  -6.095  -85.824  28.429 0.8000000119
3050  -5.566  -85.923  27.296 0.8000000119
3062  -6.007  -86.457  26.255 0.8000000119
3070  -5.166  -86.404  25.387 0.8000000119
3083  -4.821  -86.226  24.675 0.8999999762
3084  -6.213  -86.866  24.698 0.8000000119
3096  -4.869  -86.513  23.704 0.8999999762
3097  -6.362  -86.929  23.762 0.8000000119
3123  -6.624  -86.983  21.449 0.8999999762
3127  -4.895  -86.621  20.929 1.0000000000
3129  -10.205  -85.948  20.095 0.8999999762
3130  -10.490  -85.801  19.397 0.8999999762
3136  -5.621  -87.260  19.571 0.8999999762
3138  -10.494  -85.683  18.943 0.8999999762
3149  -9.264  -86.584  17.725 0.8999999762
3150  -9.896  -86.037  18.120 0.8999999762
3151  -10.347  -86.177  18.378 0.8999999762
3159  -5.733  -86.552  17.709 1.0000000000
3168  -6.003  -86.847  16.748 1.0000000000
3177  -6.089  -86.806  15.965 1.0000000000
3178  -6.584  -86.742  15.541 1.0000000000
3179  -7.021  -86.368  15.188 1.0000000000
3182  -14.312  -86.236  15.741 1.0000000000
3188  -7.696  -86.796  14.655 1.0000000000
3192  -11.485  -86.425  14.593 1.0000000000
3195  -14.687  -86.887  15.060 1.0000000000
3214  -6.626  -85.962  12.038 0.8000000119
3215  -6.822  -86.282  11.980 0.8000000119
3217  -8.201  -86.389  12.280 0.8999999762
3218  -8.735  -86.226  12.131 0.8999999762
3219  -11.955  -86.599  12.010 1.0000000000
3229  -6.741  -85.833  11.411 0.8000000119
3231  -7.687  -86.891  11.845 0.8000000119
3235  -11.587  -86.959  11.342 0.8999999762
3238  -13.924  -86.044  11.696 1.0000000000
3248  -12.551  -85.859  10.327 1.0000000000
3258  -7.001  -86.208  9.690 0.6999999881
3260  -12.409  -85.240  9.625 1.0000000000
3262  -17.433  -86.127  10.009 0.8999999762
3276  -6.920  -86.320  8.884 0.6999999881
3277  -11.724  -85.509  9.299 1.0000000000
3287  -6.359  -85.777  8.152 0.4000000060
3291  -11.263  -85.382  7.861 0.6999999881
3305  -7.316  -86.468  6.657 0.6000000238
3308  -11.252  -85.217  6.803 0.6999999881
3318  -7.432  -86.259  6.003 0.4000000060
3320  -9.401  -86.378  5.722 0.6000000238
3321  -10.212  -86.182  5.678 0.6000000238
3324  -15.960  -86.852  5.321 0.8999999762
3336  -8.827  -86.097  5.101 0.6000000238
3338  -10.446  -86.050  4.939 0.6000000238
3339  -10.842  -85.774  5.442 0.6000000238
3359  -13.969  -87.239  2.789 0.8999999762
3373  -13.873  -86.856  1.309 0.8000000119
3399  -19.979  -86.688  -2.371 0.4000000060
3585  -4.991  -85.171  30.310 0.6000000238
3595  -5.125  -85.347  29.421 0.6000000238
3596  -5.436  -85.548  29.155 0.6999999881
3609  -4.958  -85.524  28.685 0.6999999881
3622  -4.840  -85.621  27.187 0.8999999762
3624  -6.716  -85.526  27.359 0.8000000119
3635  -6.501  -85.916  26.070 0.8000000119
3690  -10.195  -85.157  20.612 0.8000000119
3691  -10.377  -84.388  20.182 0.8999999762
3695  -7.519  -85.865  20.172 0.8999999762
3702  -4.789  -85.637  19.682 1.0000000000
3712  -5.103  -86.038  18.324 1.0000000000
3715  -10.323  -85.264  18.872 0.8999999762
3725  -15.142  -84.715  17.216 1.0000000000
3732  -6.656  -85.172  15.930 1.0000000000
3734  -13.116  -85.165  16.362 1.0000000000
3735  -15.373  -85.387  16.634 1.0000000000
3738  -18.032  -84.802  16.260 1.0000000000
3744  -5.968  -86.195  16.264 1.0000000000
3753  -14.985  -85.871  16.149 1.0000000000
3761  -9.144  -85.928  14.689 1.0000000000
3762  -11.252  -85.887  14.926 1.0000000000
3763  -17.874  -86.255  14.837 1.0000000000
3768  -6.217  -85.293  13.187 0.8000000119
3770  -14.021  -85.235  13.287 1.0000000000
3772  -19.143  -85.800  13.017 1.0000000000
3777  -6.718  -85.955  12.554 0.8000000119
3778  -7.339  -86.163  12.611 1.0000000000
3782  -12.986  -85.898  12.772 1.0000000000
3789  -10.237  -86.481  11.610 0.8999999762
3790  -11.132  -86.537  11.682 1.0000000000
3791  -14.486  -85.280  11.760 1.0000000000
3792  -15.109  -84.698  11.829 1.0000000000
3797  -6.283  -84.743  10.391 0.6000000238
3808  -6.398  -85.319  9.133 0.6000000238
3809  -13.876  -84.826  10.005 1.0000000000
3811  -17.573  -85.418  9.570 0.8999999762
3828  -6.395  -85.421  8.511 0.4000000060
3848  -12.278  -84.367  8.087 0.8999999762
3859  -6.543  -85.497  7.066 0.4000000060
3860  -6.767  -85.990  6.564 0.6000000238
3876  -6.995  -85.703  5.734 0.4000000060
3877  -7.787  -85.845  5.292 0.4000000060
3893  -7.522  -85.235  4.860 0.4000000060
3894  -10.087  -85.662  4.296 0.6000000238
3898  -15.673  -86.625  3.844 0.8999999762
3917  -10.706  -85.331  3.846 0.6000000238
3918  -11.269  -85.108  4.063 0.6000000238
3919  -11.691  -84.835  4.162 0.5000000000
3921  -15.972  -86.264  3.250 0.8999999762
3927  -10.506  -85.134  3.089 0.5000000000
3932  -14.256  -86.178  0.983 0.8000000119
3933  -14.932  -86.265  1.795 0.8999999762
3946  -15.492  -85.237  -1.610 0.8000000119
3953  -15.872  -85.626  -2.033 0.8000000119
4184  -4.286  -84.494  29.470 0.6000000238
4233  -4.470  -85.145  26.544 0.8999999762
4261  -4.139  -84.622  24.164 1.0000000000
4273  -7.069  -85.069  23.933 0.8000000119
4300  -7.577  -84.327  21.371 0.8999999762
4302  -10.246  -83.663  20.988 0.6999999881
4305  -8.133  -83.943  20.590 0.8000000119
4309  -4.594  -84.314  20.064 1.0000000000
4310  -8.201  -84.699  19.870 0.8999999762
4311  -9.017  -84.281  19.448 0.8999999762
4317  -4.857  -85.403  18.849 1.0000000000
4318  -4.913  -84.498  18.519 1.0000000000
4319  -9.392  -84.740  18.976 0.8999999762
4320  -9.950  -84.864  18.842 0.8999999762
4321  -16.158  -83.633  18.178 1.0000000000
4335  -17.266  -83.957  17.676 1.0000000000
4336  -17.996  -83.689  17.376 1.0000000000
4347  -7.909  -84.500  15.776 1.0000000000
4350  -11.879  -84.451  16.511 1.0000000000
4352  -13.514  -84.516  16.927 1.0000000000
4363  -7.893  -85.181  15.395 1.0000000000
4365  -9.563  -84.512  15.765 1.0000000000
4367  -11.482  -84.881  15.923 1.0000000000
4368  -18.827  -84.367  15.962 1.0000000000
4372  -5.136  -84.053  13.977 0.8000000119
4373  -5.643  -84.251  14.288 1.0000000000
4375  -6.514  -84.288  14.322 1.0000000000
4377  -15.570  -84.080  14.464 1.0000000000
4385  -6.119  -84.921  14.025 1.0000000000
4391  -15.280  -84.359  13.761 1.0000000000
4396  -5.442  -84.113  13.175 0.8000000119
4404  -13.227  -85.272  13.313 1.0000000000
4407  -19.468  -84.742  12.864 1.0000000000
4410  -6.146  -84.662  11.232 0.8000000119
4411  -14.730  -84.886  11.212 1.0000000000
4449  -13.946  -83.835  8.920 1.0000000000
4465  -17.608  -84.046  8.079 0.8999999762
4477  -12.382  -83.683  6.706 0.8000000119
4478  -17.368  -85.049  6.135 0.8999999762
4505  -11.877  -84.105  4.525 0.8000000119
4537  -10.797  -84.275  1.943 0.5000000000
4538  -11.601  -84.258  1.893 0.5000000000
4550  -14.905  -85.051  -0.197 0.8000000119
4551  -15.371  -84.611  -0.427 0.8000000119
4572  -19.663  -84.485  -2.100 0.4000000060
4729  -4.300  -83.223  32.970 0.5000000000
4760  -4.096  -83.744  31.821 0.5000000000
4842  -3.927  -83.676  25.176 1.0000000000
4857  -3.840  -83.085  24.403 1.0000000000
4858  -7.482  -83.132  23.961 0.6000000238
4902  -4.173  -83.584  21.825 1.0000000000
4912  -4.482  -83.714  20.457 1.0000000000
4913  -9.042  -83.116  20.602 0.8000000119
4915  -10.178  -83.630  20.447 0.6999999881
4924  -10.093  -83.774  19.940 0.8999999762
4929  -5.183  -83.689  18.299 1.0000000000
4931  -14.560  -82.704  18.472 1.0000000000
4932  -15.598  -83.185  18.449 1.0000000000
4934  -17.112  -82.937  18.381 1.0000000000
4945  -14.110  -83.067  18.261 1.0000000000
4949  -17.555  -83.297  17.953 1.0000000000
4958  -6.742  -83.858  16.640 1.0000000000
4961  -9.419  -83.571  16.028 1.0000000000
4962  -10.699  -83.857  16.414 1.0000000000
4963  -11.418  -83.746  16.712 1.0000000000
4964  -18.902  -82.826  16.633 1.0000000000
4967  -4.899  -83.262  14.864 1.0000000000
4977  -4.860  -83.414  14.293 1.0000000000
4980  -7.057  -83.390  14.375 1.0000000000
4982  -14.455  -83.761  15.061 1.0000000000
4983  -15.335  -83.886  15.057 1.0000000000
4997  -13.192  -83.832  14.097 1.0000000000
4999  -16.356  -83.620  13.780 1.0000000000
5006  -10.504  -83.128  12.038 1.0000000000
5008  -12.089  -83.953  12.917 1.0000000000
5017  -19.196  -83.081  11.598 1.0000000000
5023  -15.394  -83.258  10.597 1.0000000000
5024  -16.033  -82.864  10.873 1.0000000000
5037  -14.524  -83.375  9.319 1.0000000000
5039  -18.190  -83.292  9.596 0.8999999762
5056  -14.944  -82.707  9.050 0.8999999762
5071  -17.571  -84.451  6.752 0.8999999762
5087  -17.918  -83.658  6.419 0.8999999762
5095  -12.314  -83.656  5.792 0.8000000119
5104  -13.030  -82.271  4.931 0.8000000119
5112  -12.424  -83.695  3.053 0.6999999881
5113  -12.739  -83.107  3.547 0.8000000119
5125  -12.655  -83.546  2.246 0.6999999881
5136  -11.147  -83.866  1.299 0.5000000000
5145  -10.525  -83.318  0.722 0.5000000000
5146  -11.443  -83.573  0.595 0.5000000000
5147  -12.217  -83.605  0.676 0.6000000238
5148  -13.077  -83.216  0.699 0.6999999881
5150  -16.158  -83.325  0.160 0.8000000119
5164  -15.737  -83.935  -1.549 0.8000000119
5165  -16.006  -83.368  -1.723 0.6999999881
5522  -3.819  -82.238  23.734 1.0000000000
5551  -3.944  -82.109  22.250 1.0000000000
5570  -4.574  -82.893  20.123 1.0000000000
5571  -9.641  -82.821  21.131 0.6999999881
5589  -5.105  -83.127  18.753 1.0000000000
5593  -14.877  -82.180  18.549 1.0000000000
5596  -17.275  -82.556  18.120 1.0000000000
5607  -6.110  -82.905  17.701 1.0000000000
5610  -8.131  -82.022  16.750 1.0000000000
5613  -17.918  -82.503  17.635 1.0000000000
5618  -7.930  -82.781  16.562 1.0000000000
5622  -12.253  -82.010  16.893 1.0000000000
5630  -4.418  -82.125  15.380 0.8999999762
5631  -5.252  -82.762  15.582 1.0000000000
5634  -15.643  -82.770  16.423 1.0000000000
5637  -19.536  -82.254  15.328 1.0000000000
5644  -8.269  -82.150  13.556 1.0000000000
5648  -19.673  -82.343  14.500 1.0000000000
5658  -7.845  -82.950  13.648 1.0000000000
5663  -19.702  -82.402  13.670 1.0000000000
5673  -8.904  -82.866  12.598 1.0000000000
5675  -11.011  -82.383  12.173 1.0000000000
5677  -16.406  -83.208  12.933 1.0000000000
5685  -19.308  -82.091  11.507 1.0000000000
5698  -18.993  -82.008  10.911 1.0000000000
5713  -16.376  -81.734  10.249 1.0000000000
5757  -13.973  -82.269  8.316 0.8999999762
5759  -18.063  -82.903  7.104 0.8999999762
5791  -18.902  -82.242  4.728 0.8999999762
5822  -13.606  -82.551  1.265 0.8000000119
5823  -14.110  -81.945  1.844 0.8000000119
5843  -11.727  -82.745  -0.843 0.5000000000
5844  -12.455  -83.064  -0.875 0.5000000000
5846  -14.059  -82.392  -1.255 0.5000000000
5852  -12.957  -82.750  -1.410 0.5000000000
5853  -13.460  -82.598  -1.271 0.8000000119
6140  -3.779  -81.890  31.401 0.6000000238
6240  -3.830  -81.440  24.196 1.0000000000
6293  -4.156  -81.879  21.379 1.0000000000
6306  -4.925  -82.155  19.797 1.0000000000
6319  -6.319  -81.188  19.261 1.0000000000
6329  -5.815  -82.169  18.632 1.0000000000
6330  -6.463  -81.595  18.586 1.0000000000
6335  -16.076  -82.073  18.146 1.0000000000
6336  -16.822  -82.291  18.082 1.0000000000
6364  -5.175  -81.755  16.607 1.0000000000
6372  -17.331  -82.303  16.941 1.0000000000
6373  -18.155  -82.170  16.860 1.0000000000
6384  -4.239  -81.981  14.783 0.8999999762
6385  -6.523  -82.325  15.393 1.0000000000
6391  -18.991  -81.297  15.092 1.0000000000
6402  -8.748  -81.581  13.515 1.0000000000
6422  -17.597  -81.432  12.541 1.0000000000
6423  -19.458  -81.702  12.223 1.0000000000
6426  -5.937  -81.737  10.829 0.5000000000
6427  -16.984  -81.564  11.018 1.0000000000
6428  -17.539  -81.276  11.682 1.0000000000
6474  -15.864  -81.426  9.079 0.8999999762
6500  -18.733  -81.173  6.296 0.8999999762
6512  -13.583  -81.356  5.196 0.8000000119
6528  -14.359  -81.019  2.384 0.8000000119
6551  -15.036  -81.308  0.819 0.8000000119
6560  -11.235  -82.036  -1.083 0.5000000000
6584  -17.873  -81.011  -2.292 0.5000000000
6589  -18.246  -81.443  -2.536 0.5000000000
6980  -4.171  -80.202  24.290 1.0000000000
6981  -3.997  -80.830  24.859 1.0000000000
6994  -4.521  -80.128  23.959 1.0000000000
7043  -8.431  -80.432  19.321 1.0000000000
7067  -8.803  -80.629  17.296 1.0000000000
7080  -3.839  -80.316  16.505 1.0000000000
7085  -10.049  -80.873  16.210 1.0000000000
7107  -19.137  -81.168  14.178 1.0000000000
7119  -11.633  -80.527  13.339 1.0000000000
7121  -13.359  -80.686  13.529 1.0000000000
7123  -18.414  -81.161  13.867 1.0000000000
7124  -18.875  -80.899  13.602 1.0000000000
7136  -5.834  -80.702  12.426 0.6000000238
7137  -18.852  -80.847  12.770 1.0000000000
7142  -17.909  -80.936  11.513 1.0000000000
7143  -18.679  -80.918  11.899 1.0000000000
7147  -18.774  -81.049  11.129 1.0000000000
7168  -18.029  -80.508  8.549 0.8999999762
7176  -15.952  -80.117  7.299 0.8999999762
7178  -18.140  -80.464  7.798 0.8999999762
7185  -17.674  -79.946  6.371 0.8999999762
7211  -18.406  -80.526  5.227 0.8999999762
7227  -15.152  -80.027  2.602 0.8000000119
7243  -17.945  -79.949  1.810 0.6999999881
7254  -18.150  -80.262  1.193 0.6999999881
7255  -18.786  -79.762  0.720 0.6999999881
7643  -5.162  -79.709  27.112 1.0000000000
7658  -4.858  -79.907  26.646 1.0000000000
7737  -7.779  -80.082  20.941 1.0000000000
7740  -10.760  -79.273  20.021 1.0000000000
7771  -3.990  -79.728  17.841 1.0000000000
7775  -9.775  -79.841  17.368 1.0000000000
7786  -7.291  -79.737  16.918 1.0000000000
7799  -15.007  -78.875  15.202 1.0000000000
7805  -8.919  -80.000  14.996 1.0000000000
7811  -14.963  -79.910  14.237 1.0000000000
7823  -11.173  -80.011  13.879 1.0000000000
7825  -13.462  -79.994  13.616 1.0000000000
7836  -6.057  -79.843  12.103 0.6000000238
7878  -16.056  -79.422  5.960 0.8999999762
7901  -15.859  -79.294  4.595 0.8999999762
7902  -16.571  -79.285  4.630 0.8999999762
7911  -17.350  -79.707  3.555 0.8999999762
7946  -19.403  -79.143  0.683 0.6000000238
7957  -19.844  -79.165  -0.166 0.5000000000
7966  -16.568  -78.800  -1.491 0.5000000000
8267  -6.397  -77.545  31.633 0.6000000238
8281  -6.113  -78.311  31.255 0.6000000238
8296  -6.586  -78.116  30.452 0.8000000119
8332  -5.868  -79.416  27.791 0.8999999762
8379  -5.516  -79.982  25.008 1.0000000000
8392  -5.582  -79.996  24.167 1.0000000000
8404  -6.593  -79.551  23.239 1.0000000000
8418  -9.185  -79.560  22.104 1.0000000000
8422  -12.606  -78.256  21.159 1.0000000000
8436  -5.447  -78.108  20.247 1.0000000000
8452  -4.709  -78.604  19.775 1.0000000000
8467  -3.772  -78.068  18.443 1.0000000000
8468  -4.130  -78.814  19.182 1.0000000000
8487  -12.279  -78.439  16.725 1.0000000000
8488  -13.268  -77.909  17.023 1.0000000000
8489  -14.231  -77.475  16.472 1.0000000000
8509  -5.870  -78.455  15.169 0.8999999762
8515  -14.879  -78.253  15.237 1.0000000000
8516  -15.071  -78.258  15.055 1.0000000000
8523  -11.092  -78.848  14.875 1.0000000000
8527  -15.109  -78.609  14.744 1.0000000000
8537  -5.561  -78.201  13.104 0.8000000119
8545  -5.365  -78.639  12.431 0.6999999881
8658  -18.490  -78.808  1.146 0.6999999881
8674  -18.636  -78.400  0.580 0.5000000000
8690  -18.051  -78.050  -0.207 0.5000000000
8710  -16.310  -78.251  -2.253 0.5000000000
9048  -6.783  -76.727  31.503 0.6000000238
9076  -6.614  -77.757  29.825 0.6000000238
9152  -11.648  -77.758  23.682 1.0000000000
9163  -14.795  -77.080  22.028 1.0000000000
9164  -15.293  -76.795  21.729 1.0000000000
9174  -15.530  -76.952  21.109 1.0000000000
9187  -3.962  -76.901  20.387 1.0000000000
9191  -7.145  -77.188  20.402 1.0000000000
9195  -15.297  -77.268  20.437 1.0000000000
9196  -15.505  -76.669  21.004 1.0000000000
9210  -15.507  -77.006  19.825 1.0000000000
9221  -8.432  -77.398  18.584 1.0000000000
9251  -9.190  -77.978  17.063 1.0000000000
9252  -10.699  -77.381  16.615 1.0000000000
9266  -13.151  -77.439  15.537 1.0000000000
9267  -14.160  -77.479  15.583 1.0000000000
9268  -14.675  -77.895  15.410 1.0000000000
9287  -4.179  -77.242  13.476 0.8000000119
9288  -5.167  -77.468  13.383 0.8000000119
9298  -4.346  -78.142  12.481 0.6000000238
9887  -7.071  -76.327  28.113 1.0000000000
9915  -10.559  -76.936  26.226 1.0000000000
9924  -11.775  -76.814  25.139 1.0000000000
9937  -15.103  -75.857  22.617 1.0000000000
9943  -15.327  -76.341  22.064 1.0000000000
9953  -3.937  -75.910  20.993 1.0000000000
9954  -4.340  -76.292  21.112 1.0000000000
9955  -5.032  -76.779  21.211 1.0000000000
9956  -5.982  -76.422  21.355 1.0000000000
9968  -3.924  -76.250  20.536 1.0000000000
9969  -4.292  -76.979  20.841 1.0000000000
9972  -8.483  -76.135  20.149 1.0000000000
9973  -9.272  -75.913  19.806 1.0000000000
10003  -10.595  -76.356  18.472 1.0000000000
10006  -14.338  -76.318  17.817 1.0000000000
10021  -5.025  -76.633  17.994 1.0000000000
10037  -12.241  -76.681  16.772 1.0000000000
10038  -13.266  -76.659  16.545 1.0000000000
10046  -4.269  -75.687  14.943 0.6999999881
10047  -5.255  -75.929  15.044 0.8999999762
10050  -14.067  -76.949  16.272 1.0000000000
10060  -5.567  -76.538  14.628 0.8000000119
10598  -6.723  -75.577  31.865 0.5000000000
10606  -4.890  -75.511  30.272 0.6999999881
10647  -8.888  -75.140  27.857 1.0000000000
10649  -10.482  -75.688  26.994 1.0000000000
10650  -11.168  -75.556  26.610 1.0000000000
10657  -11.906  -75.308  26.175 1.0000000000
10708  -8.945  -75.545  20.691 1.0000000000
10719  -3.762  -75.152  20.520 1.0000000000
10724  -14.867  -75.884  20.944 1.0000000000
10725  -15.288  -76.284  20.926 1.0000000000
10729  -3.918  -75.315  19.890 1.0000000000
10730  -4.591  -75.347  19.308 1.0000000000
10734  -15.135  -76.275  20.132 1.0000000000
10763  -6.308  -75.271  17.645 1.0000000000
10771  -5.297  -75.091  15.958 0.8999999762
10779  -3.896  -75.132  15.063 0.6999999881
11445  -4.301  -74.480  31.427 0.6000000238
11492  -7.672  -73.976  27.042 1.0000000000
11507  -12.473  -74.757  25.798 1.0000000000
11513  -12.145  -74.140  25.605 1.0000000000
11527  -14.839  -74.602  23.318 1.0000000000
11528  -15.021  -75.153  22.865 1.0000000000
11555  -5.210  -74.738  21.670 1.0000000000
11560  -10.420  -74.984  20.507 1.0000000000
11562  -12.220  -75.119  21.351 1.0000000000
11569  -3.502  -74.469  20.818 1.0000000000
11577  -4.998  -74.678  19.055 1.0000000000
11586  -6.322  -74.753  18.019 1.0000000000
11606  -4.613  -74.187  16.209 1.0000000000
11607  -5.843  -74.393  17.037 1.0000000000
11614  -3.687  -74.442  15.024 0.6999999881
12390  -5.067  -72.683  26.322 1.0000000000
12393  -7.840  -72.754  25.663 1.0000000000
12403  -8.405  -72.471  25.308 1.0000000000
12436  -14.838  -73.366  22.233 1.0000000000
12440  -3.544  -73.384  21.261 1.0000000000
12456  -3.165  -73.656  20.849 1.0000000000
12471  -3.447  -73.691  20.062 1.0000000000
12472  -4.237  -73.525  19.347 1.0000000000
12503  -3.914  -72.828  15.567 0.6000000238
12513  -3.813  -73.372  15.291 0.5000000000
13284  -4.834  -72.038  25.832 1.0000000000
13338  -14.669  -72.901  21.570 1.0000000000
13363  -12.555  -72.034  19.845 1.0000000000
13364  -13.181  -71.847  20.091 1.0000000000
13393  -4.051  -72.658  15.964 0.6000000238
13404  -3.714  -72.563  15.152 0.5000000000
14144  -5.140  -71.643  25.134 1.0000000000
14200  -2.870  -71.568  20.873 1.0000000000
14203  -14.153  -71.886  21.059 1.0000000000
14244  -3.919  -71.060  15.467 0.5000000000
14991  -2.994  -69.888  28.174 0.6999999881
15074  -9.838  -70.222  23.703 1.0000000000
15082  -3.679  -70.368  21.605 1.0000000000
15105  -2.912  -70.768  20.409 1.0000000000
15108  -8.922  -70.630  19.186 1.0000000000
15111  -12.005  -70.468  19.382 1.0000000000
15123  -5.720  -70.506  18.163 1.0000000000
15132  -5.845  -70.481  17.460 1.0000000000
15145  -4.046  -70.327  15.772 0.6000000238
15147  -5.321  -70.424  16.702 0.8000000119
15846  -2.967  -68.969  28.414 0.6999999881
15930  -3.175  -69.194  21.431 1.0000000000
15954  -10.978  -69.341  19.066 1.0000000000
15980  -5.885  -69.715  17.781 1.0000000000
15997  -4.203  -69.575  16.042 0.6000000238
16694  -3.298  -68.040  28.827 0.6000000238
16695  -3.739  -67.822  28.874 0.6000000238
16696  -4.178  -67.768  28.641 0.6999999881
16711  -3.377  -67.576  27.461 0.8000000119
16713  -6.345  -68.647  27.053 0.6999999881
16754  -3.567  -68.347  25.521 0.8000000119
16755  -4.002  -67.815  24.986 0.8999999762
16786  -3.206  -68.559  21.256 1.0000000000
16799  -2.995  -68.484  20.642 1.0000000000
16810  -3.418  -68.399  19.869 1.0000000000
16835  -5.400  -68.462  17.650 0.8000000119
16857  -4.408  -67.933  16.172 0.6000000238
17543  -3.339  -67.819  28.114 0.6000000238
17546  -4.471  -67.378  27.863 0.6999999881
17639  -7.418  -66.951  21.130 1.0000000000
17675  -5.077  -67.666  18.758 0.8999999762
17684  -4.587  -67.426  16.806 0.8000000119
17685  -5.309  -67.552  17.877 0.8999999762
18510  -4.605  -66.139  27.036 0.8000000119
18586  -21.524  -66.970  21.555 0.4000000060
18591  -3.595  -66.464  21.263 0.8999999762
18609  -3.576  -66.634  20.602 0.8999999762
18640  -5.224  -67.067  18.458 0.8999999762
19551  -4.795  -65.541  26.188 0.8000000119
19569  -5.336  -64.946  25.921 0.8999999762
19570  -5.908  -64.669  25.797 0.8999999762
19613  -4.025  -65.465  22.275 0.8999999762
20560  -9.279  -64.627  27.403 1.0000000000
20580  -6.362  -64.620  26.231 0.8999999762
20639  -20.485  -65.311  23.156 0.6000000238
20660  -3.943  -64.316  21.774 0.8999999762
20676  -4.096  -64.419  20.888 0.8999999762
20693  -23.673  -64.851  19.105 0.6999999881
20695  -25.645  -64.933  19.118 0.6000000238
20705  -25.511  -64.764  18.785 0.6999999881
21499  -11.347  -63.688  26.698 1.0000000000
21518  -11.838  -63.435  26.531 1.0000000000
21540  -20.262  -64.202  25.636 0.6000000238
21569  -19.662  -64.737  23.270 0.8000000119
21579  -4.317  -63.576  22.810 0.8999999762
21641  -26.271  -63.504  18.937 0.6000000238
21646  -5.445  -63.603  18.627 0.8000000119
21648  -25.376  -63.917  18.543 0.6999999881
22480  -13.423  -62.442  25.281 1.0000000000
22514  -11.124  -62.830  23.799 1.0000000000
22565  -26.426  -62.885  20.041 0.5000000000
22612  -6.085  -62.841  15.488 0.6000000238
23435  -5.008  -61.190  24.058 1.0000000000
23498  -26.787  -61.497  19.870 0.5000000000
24346  -14.313  -61.770  23.761 1.0000000000
24356  -6.466  -59.769  24.287 1.0000000000
24433  -6.978  -60.794  19.080 0.6999999881
24455  -26.549  -60.732  18.913 0.6999999881
25313  -4.990  -59.908  23.960 0.8999999762
25328  -4.952  -59.885  23.324 0.8999999762
25345  -5.286  -59.083  22.999 0.8999999762
25346  -9.443  -59.353  22.615 1.0000000000
25358  -5.644  -59.320  22.073 0.8999999762
25375  -27.137  -59.550  20.150 0.6000000238
25411  -7.295  -59.853  17.652 0.6000000238
25420  -7.476  -60.164  16.915 0.5000000000
26326  -8.073  -58.085  23.804 1.0000000000
26409  -7.617  -58.224  19.318 0.5000000000
26414  -26.927  -58.912  19.561 0.6000000238
27366  -5.814  -57.629  24.496 0.8999999762
27382  -7.419  -57.213  24.218 0.8999999762
28523  -9.374  -56.441  23.124 1.0000000000
28557  -6.470  -56.969  21.383 0.8999999762
28564  -25.416  -56.892  21.661 0.3000000119
29541  -6.757  -54.949  24.150 0.8999999762
29543  -8.787  -56.071  23.351 0.8999999762
29579  -26.558  -55.996  21.151 0.4000000060
30561  -26.293  -54.282  22.015 0.4000000060
30620  -25.414  -54.109  19.239 0.8000000119
31598  -6.947  -53.615  23.637 0.8999999762
31674  -18.083  -53.191  17.860 1.0000000000
32684  -12.628  -52.335  20.442 1.0000000000
32692  -13.760  -52.272  19.603 1.0000000000
33670  -6.010  -51.730  23.090 0.8000000119
33724  -7.598  -51.022  19.806 0.6000000238
33768  -24.844  -52.223  18.778 0.6999999881
34853  -4.765  -50.010  20.708 0.6999999881
34866  -4.408  -49.295  19.979 0.6999999881
34871  -14.083  -50.752  18.999 1.0000000000
34882  -8.039  -50.160  19.356 0.5000000000
35937  -5.316  -50.521  22.135 0.8000000119
35938  -5.815  -50.639  22.397 0.8000000119
35971  -10.967  -48.884  20.360 1.0000000000
35973  -11.830  -49.831  20.024 1.0000000000
35982  -4.056  -48.539  19.551 0.5000000000
35983  -5.322  -49.357  19.432 0.6000000238
35997  -6.366  -49.381  19.080 0.5000000000
37032  -4.274  -48.928  21.022 0.6999999881
37049  -4.367  -48.411  20.846 0.6999999881
37050  -5.278  -48.306  21.044 0.6999999881
37077  -4.345  -47.627  18.346 0.4000000060
38086  -4.056  -47.933  20.337 0.6999999881
38098  -3.987  -47.561  19.757 0.6000000238
38099  -4.161  -47.394  19.969 0.6999999881
38106  -11.201  -47.758  19.115 0.8000000119
38114  -10.186  -47.083  18.694 0.8000000119
38123  -4.117  -46.674  18.327 0.5000000000
38126  -11.569  -47.194  17.975 0.8000000119
38138  -5.419  -47.230  16.770 0.4000000060
38145  -17.475  -48.105  15.848 0.8999999762
38154  -6.782  -47.221  15.800 0.3000000119
39144  -6.460  -46.165  18.605 0.6999999881
39156  -4.163  -46.153  18.050 0.5000000000
39160  -10.853  -46.651  17.343 0.8000000119
39166  -4.354  -45.796  17.561 0.5000000000
39180  -7.161  -46.582  15.201 0.3000000119
40179  -4.276  -45.923  18.007 0.5000000000
40196  -11.257  -46.334  16.947 0.8000000119
40214  -4.946  -44.971  15.935 0.5000000000
41149  -5.058  -44.602  16.755 0.5000000000
41157  -5.487  -44.075  16.205 0.4000000060
41205  -6.711  -43.574  14.224 0.3000000119
42267  -5.584  -43.890  15.677 0.4000000060
42280  -6.082  -43.227  15.120 0.4000000060
42283  -14.682  -43.542  15.755 0.5000000000
43357  -12.596  -41.662  16.146 0.4000000060
43378  -7.059  -41.935  14.167 0.4000000060
44496  -8.399  -41.313  14.798 0.3000000119
132065  -10.439  -89.343  16.056 0.8999999762
132854  -18.370  -80.922  10.173 0.8999999762
132960  -18.599  -82.921  10.193 0.8999999762
133389  -7.451  -87.614  18.459 0.8999999762
134002  -11.818  -94.188  4.639 0.8999999762
134144  -10.269  -90.120  16.075 0.8999999762
134214  -5.097  -78.519  31.820 0.5000000000
134283  -5.943  -83.470  10.083 0.5000000000
134323  -3.504  -71.035  26.849 0.8000000119
134387  -15.215  -98.029  12.018 0.8999999762
134530  -3.897  -83.721  23.915 1.0000000000
134586  -9.854  -80.748  13.592 1.0000000000
134593  -7.475  -83.285  23.007 0.6999999881
134595  -5.916  -83.726  11.010 0.6000000238
134932  -6.536  -85.898  9.006 0.6999999881
134948  -4.530  -85.758  23.099 1.0000000000
134979  -6.207  -75.053  17.036 1.0000000000
135260  -5.068  -66.071  17.203 0.8000000119
135314  -8.425  -91.407  21.048 0.6999999881
135602  -7.316  -72.996  26.010 1.0000000000
135792  -15.303  -91.387  9.110 1.0000000000
135903  -6.463  -52.198  23.158 0.8999999762
136133  -6.521  -80.548  16.816 1.0000000000
136366  -12.205  -90.330  4.730 1.0000000000
136595  -19.599  -81.831  14.022 1.0000000000
136636  -13.212  -77.793  18.073 1.0000000000
136893  -8.056  -88.814  20.769 0.6999999881
137096  -7.083  -58.241  20.102 0.8000000119
137099  -8.851  -74.877  21.011 1.0000000000
137163  -7.176  -84.945  26.195 0.8000000119
137289  -3.791  -83.286  30.220 0.6000000238
137334  -14.903  -79.199  14.178 1.0000000000
137979  -26.681  -58.345  19.339 0.6000000238
138018  -4.692  -84.985  30.031 0.6000000238
138065  -16.103  -90.312  9.533 0.8999999762
138235  -13.767  -81.671  17.950 1.0000000000
138275  -12.518  -84.644  8.957 0.8999999762
138287  -6.157  -47.534  16.336 0.4000000060
138381  -11.230  -75.334  20.608 1.0000000000
138398  -13.076  -91.272  12.457 1.0000000000
138843  -4.156  -84.390  25.864 1.0000000000
138923  -11.669  -93.755  7.828 1.0000000000
139009  -10.585  -87.000  18.290 0.8999999762
139376  -9.976  -92.706  14.116 1.0000000000
139388  -10.891  -86.283  14.535 1.0000000000
139402  -15.748  -79.362  3.243 0.8000000119
139649  -12.795  -96.689  10.196 1.0000000000
139934  -6.202  -87.100  23.052 0.8999999762
140133  -20.359  -54.751  17.835 1.0000000000
140189  -11.654  -92.493  3.129 1.0000000000
140357  -14.652  -93.732  11.479 1.0000000000
140358  -6.453  -86.018  8.310 0.6999999881
140545  -6.954  -78.109  19.386 1.0000000000
140549  -8.382  -90.623  18.971 0.8000000119
140555  -12.013  -84.224  3.011 0.5000000000
140797  -17.154  -79.410  5.087 0.8999999762
140913  -5.668  -83.911  14.756 1.0000000000
141006  -7.348  -43.263  13.943 0.3000000119
141072  -14.527  -44.320  15.919 0.5000000000
141152  -4.640  -75.010  30.413 0.8000000119
141319  -19.402  -81.432  13.914 1.0000000000
141341  -15.150  -89.071  7.521 0.8999999762
141342  -12.943  -96.420  13.103 1.0000000000
141369  -13.532  -95.308  17.593 0.6000000238
141370  -15.097  -95.223  6.026 0.8000000119
141620  -18.084  -96.641  11.278 0.8000000119
141844  -11.768  -95.212  7.301 1.0000000000
141956  -18.400  -81.731  15.559 1.0000000000
142300  -10.158  -93.350  14.119 1.0000000000
142379  -16.515  -95.408  4.500 0.6999999881
142490  -16.656  -86.046  5.796 0.8999999762
142869  -7.663  -86.675  12.210 0.8999999762
142907  -5.989  -85.018  12.130 0.8000000119
142948  -18.166  -87.935  -3.197 0.6000000238
143104  -10.720  -86.452  9.147 0.6999999881
143157  -16.968  -90.766  -1.269 0.6999999881
143318  -5.926  -86.135  26.888 0.8000000119
143450  -6.349  -77.536  28.570 0.8999999762
143783  -11.512  -71.127  23.074 1.0000000000
143793  -11.444  -70.883  19.109 1.0000000000
143836  -17.480  -95.970  6.997 0.6999999881
144089  -17.443  -94.508  14.303 0.6000000238
144146  -11.597  -73.094  20.494 1.0000000000
144147  -10.841  -73.005  20.306 1.0000000000
144261  -17.388  -85.435  7.520 0.8999999762
144277  -18.937  -86.064  12.168 1.0000000000
144413  -4.338  -85.044  22.634 1.0000000000
144595  -18.379  -95.327  6.435 0.5000000000
144857  -11.057  -84.969  12.063 1.0000000000
144903  -7.665  -88.421  16.280 1.0000000000
145004  -9.853  -91.049  16.049 0.8999999762
145069  -6.050  -75.464  16.404 0.8999999762
145178  -4.902  -82.285  13.089 0.8000000119
145216  -10.587  -71.506  23.775 1.0000000000
145234  -9.594  -83.035  12.166 1.0000000000
145337  -3.618  -73.880  14.994 0.6999999881
145384  -15.037  -96.984  12.592 0.8999999762
145721  -5.593  -64.960  22.832 1.0000000000
146013  -14.294  -91.885  -0.521 0.8000000119
146047  -17.860  -96.448  8.234 0.6000000238
146218  -7.538  -65.337  27.373 0.8999999762
146264  -3.928  -82.855  32.701 0.5000000000
146808  -15.105  -82.749  18.538 1.0000000000
146971  -3.673  -71.027  26.163 0.8999999762
147124  -8.760  -78.338  25.267 1.0000000000
147323  -11.150  -57.089  22.870 1.0000000000
147403  -19.043  -85.785  13.990 1.0000000000
147459  -5.676  -51.141  22.718 0.8000000119
147681  -26.395  -53.931  20.419 0.5000000000
147859  -4.049  -48.123  18.908 0.5000000000
147866  -11.791  -90.785  3.413 1.0000000000
147908  -12.224  -85.965  12.494 1.0000000000
147950  -18.975  -83.564  16.318 1.0000000000
148016  -16.265  -95.218  3.814 0.6999999881
148018  -17.906  -83.340  8.816 0.8999999762
148371  -5.054  -50.491  21.471 0.6000000238
148499  -16.535  -82.628  12.202 1.0000000000
148638  -12.712  -86.187  10.834 1.0000000000
148787  -5.646  -87.065  23.820 0.8999999762
148834  -15.998  -82.038  17.849 1.0000000000
148876  -8.412  -85.552  4.590 0.6000000238
149492  -9.403  -87.039  6.845 0.6999999881
149566  -11.653  -84.487  5.599 0.6999999881
149570  -12.187  -89.130  12.842 1.0000000000
149657  -5.791  -81.985  11.653 0.6000000238
149740  -14.159  -93.720  2.641 0.6999999881
150316  -10.959  -74.878  20.748 1.0000000000
150446  -12.096  -76.099  18.811 1.0000000000
150472  -15.740  -89.993  -3.008 0.8000000119
150578  -3.854  -75.860  20.211 1.0000000000
150587  -14.380  -72.323  21.372 1.0000000000
150663  -5.782  -80.977  10.668 0.5000000000
150819  -9.902  -77.563  16.863 1.0000000000
151088  -17.002  -78.656  -0.890 0.5000000000
151170  -6.690  -44.349  14.401 0.3000000119
151298  -16.069  -83.931  12.566 1.0000000000
151478  -3.805  -77.696  19.063 1.0000000000
151666  -3.857  -81.992  29.137 0.6000000238
151728  -7.335  -85.306  21.483 0.8999999762
152066  -13.755  -81.981  7.670 0.8999999762
152477  -14.287  -90.391  -1.771 0.8000000119
152831  -5.293  -79.555  14.338 0.8999999762
152840  -18.835  -81.419  10.608 1.0000000000
153056  -11.572  -94.378  7.652 1.0000000000
153074  -11.765  -92.416  5.267 1.0000000000
153116  -8.990  -87.937  16.649 0.8999999762
153154  -15.471  -86.352  2.870 0.8999999762
153304  -11.630  -75.444  20.838 1.0000000000
153462  -12.539  -96.171  8.886 0.8999999762
153529  -3.350  -67.175  20.993 0.8999999762
153598  -16.901  -89.483  10.201 1.0000000000
153676  -10.204  -84.491  19.521 0.8999999762
153692  -7.278  -86.663  10.326 0.6999999881
153787  -7.586  -83.920  26.328 0.6999999881
153844  -19.266  -82.306  15.997 1.0000000000
153894  -3.811  -73.145  31.299 0.6000000238
153908  -18.167  -95.934  7.250 0.5000000000
153946  -3.932  -73.915  21.554 1.0000000000
154037  -6.808  -42.664  14.556 0.4000000060
154386  -5.189  -59.935  24.157 0.8999999762
154524  -3.102  -68.244  28.550 0.6000000238
154540  -6.980  -85.728  22.697 0.8000000119
154828  -11.207  -81.005  13.032 1.0000000000
154910  -4.521  -81.216  14.258 0.8999999762
154953  -25.988  -63.377  18.621 0.6999999881
154982  -4.611  -81.492  16.431 1.0000000000
155002  -15.185  -96.123  16.347 0.5000000000
155157  -15.471  -96.585  14.324 0.8000000119
155205  -10.048  -83.044  21.252 0.6999999881
155288  -4.629  -80.033  25.440 1.0000000000
155306  -16.601  -84.005  17.805 1.0000000000
155361  -4.918  -82.949  13.042 0.8000000119
155421  -15.159  -76.633  18.751 1.0000000000
155514  -6.952  -87.848  15.232 1.0000000000
155541  -9.803  -92.440  14.895 1.0000000000
155617  -7.193  -60.107  19.009 0.8000000119
155662  -14.582  -77.517  18.925 1.0000000000
155787  -20.011  -64.506  25.232 0.6999999881
155813  -9.182  -80.133  17.584 1.0000000000
155976  -20.431  -47.846  15.821 0.6999999881
156037  -3.479  -67.457  21.290 0.8999999762
156114  -17.128  -85.382  3.903 0.8999999762
156553  -12.705  -96.027  7.584 1.0000000000
156662  -9.962  -66.038  27.559 0.8999999762
156711  -5.945  -73.072  17.460 1.0000000000
156958  -12.801  -82.593  6.261 0.8000000119
157030  -4.858  -81.767  20.358 1.0000000000
157106  -14.801  -83.649  9.752 1.0000000000
157253  -15.127  -89.026  7.002 0.8999999762
157365  -16.500  -95.817  7.143 0.8000000119
157399  -3.842  -81.660  32.559 0.5000000000
157404  -15.085  -85.186  0.546 0.8000000119
157459  -6.417  -55.256  23.849 0.8999999762
157470  -4.112  -80.570  22.250 1.0000000000
157534  -15.585  -84.433  -1.329 0.8000000119
157614  -10.487  -90.276  13.535 1.0000000000
157712  -4.703  -86.130  21.126 1.0000000000
157746  -12.401  -82.638  17.392 1.0000000000
157762  -8.361  -86.115  14.706 1.0000000000
157766  -7.251  -86.692  7.592 0.6999999881
157799  -19.290  -81.605  11.686 1.0000000000
157815  -4.256  -46.412  17.536 0.4000000060
157828  -5.889  -67.997  21.522 1.0000000000
158035  -6.911  -88.038  18.410 0.8999999762
158053  -13.824  -97.253  10.632 0.8999999762
158227  -24.354  -62.500  18.629 0.8000000119
158304  -8.171  -67.486  20.271 1.0000000000
158399  -10.177  -79.711  20.125 1.0000000000
158484  -8.180  -46.447  18.356 0.8000000119
158487  -8.855  -85.432  12.218 1.0000000000
158587  -16.853  -98.137  10.833 0.8000000119
158668  -5.841  -65.958  22.363 1.0000000000
158763  -9.729  -73.996  20.838 1.0000000000
158897  -10.529  -52.549  21.748 1.0000000000
158981  -16.774  -95.383  4.116 0.6999999881
159100  -11.573  -50.907  20.712 1.0000000000
159232  -6.072  -61.283  20.896 0.8999999762
159301  -3.762  -66.357  21.663 0.8999999762
159473  -13.033  -96.958  9.691 0.8999999762
159771  -5.276  -70.760  24.650 1.0000000000
159905  -14.690  -89.494  7.500 0.8999999762
159917  -16.655  -82.048  11.308 1.0000000000
