
Mon Mar  9 23:38:59 CET 2026
cd /out/sourcedata/freesurfer/sub-v1s2x0051475_ses-1
setenv SUBJECTS_DIR /out/sourcedata/freesurfer
/opt/freesurfer/bin/recon-all -autorecon-hemi lh -noparcstats -noparcstats2 -noparcstats3 -nohyporelabel -nobalabels -lh-only -openmp 16 -subjid sub-v1s2x0051475_ses-1 -sd /out/sourcedata/freesurfer

subjid sub-v1s2x0051475_ses-1
setenv SUBJECTS_DIR /out/sourcedata/freesurfer
FREESURFER_HOME /opt/freesurfer
Actual FREESURFER_HOME /opt/freesurfer
build-stamp.txt: freesurfer-linux-ubuntu22_x86_64-7.3.2-20220804-6354275
Linux dna010 5.14.0-427.37.1.el9_4.x86_64 #1 SMP PREEMPT_DYNAMIC Fri Sep 13 12:41:50 EDT 2024 x86_64 x86_64 x86_64 GNU/Linux
cputime      unlimited
filesize     unlimited
datasize     unlimited
stacksize    8192 kbytes
coredumpsize 0 kbytes
memoryuse    67108864 kbytes
vmemoryuse   unlimited
descriptors  1024 
memorylocked unlimited
maxproc      2061970 
maxlocks     unlimited
maxsignal    2061970 
maxmessage   819200 
maxnice      0 
maxrtprio    0 
maxrttime    unlimited

               total        used        free      shared  buff/cache   available
Mem:           503Gi        47Gi       412Gi       9.4Gi        43Gi       443Gi
Swap:             0B          0B          0B

########################################
program versions used
7.3.2 (freesurfer-linux-ubuntu22_x86_64-7.3.2-20220804-6354275)
7.3.2

ProgramName: lta_convert  ProgramArguments: lta_convert -all-info  ProgramVersion: 7.3.2  TimeStamp: 2026/03/09-22:38:59-GMT  BuildTime: Aug  4 2022 06:17:15  BuildStamp: freesurfer-linux-ubuntu22_x86_64-7.3.2-20220804-6354275  User: oesteban  Machine: dna010  Platform: Linux  PlatformVersion: 5.14.0-427.37.1.el9_4.x86_64  CompilerName: GCC  CompilerVersion: 8.4.0
ProgramName: mri_and  ProgramArguments: mri_and -all-info  ProgramVersion: 7.3.2  TimeStamp: 2026/03/09-22:38:59-GMT  BuildTime: Aug  4 2022 06:17:15  BuildStamp: freesurfer-linux-ubuntu22_x86_64-7.3.2-20220804-6354275  User: oesteban  Machine: dna010  Platform: Linux  PlatformVersion: 5.14.0-427.37.1.el9_4.x86_64  CompilerName: GCC  CompilerVersion: 8.4.0
ProgramName: mri_annotation2label  ProgramArguments: mri_annotation2label -all-info  ProgramVersion: 7.3.2  TimeStamp: 2026/03/09-22:38:59-GMT  BuildTime: Aug  4 2022 06:17:15  BuildStamp: freesurfer-linux-ubuntu22_x86_64-7.3.2-20220804-6354275  User: oesteban  Machine: dna010  Platform: Linux  PlatformVersion: 5.14.0-427.37.1.el9_4.x86_64  CompilerName: GCC  CompilerVersion: 8.4.0
ProgramName: mri_aparc2aseg  ProgramArguments: mri_aparc2aseg -all-info  ProgramVersion: 7.3.2  TimeStamp: 2026/03/09-22:38:59-GMT  BuildTime: Aug  4 2022 06:17:15  BuildStamp: freesurfer-linux-ubuntu22_x86_64-7.3.2-20220804-6354275  User: oesteban  Machine: dna010  Platform: Linux  PlatformVersion: 5.14.0-427.37.1.el9_4.x86_64  CompilerName: GCC  CompilerVersion: 8.4.0
ProgramName: mri_surf2volseg  ProgramArguments: mri_surf2volseg -all-info  ProgramVersion: 7.3.2  TimeStamp: 2026/03/09-22:38:59-GMT  BuildTime: Aug  4 2022 06:17:15  BuildStamp: freesurfer-linux-ubuntu22_x86_64-7.3.2-20220804-6354275  User: oesteban  Machine: dna010  Platform: Linux  PlatformVersion: 5.14.0-427.37.1.el9_4.x86_64  CompilerName: GCC  CompilerVersion: 8.4.0
ProgramName: mri_binarize  ProgramArguments: mri_binarize -all-info  ProgramVersion: 7.3.2  TimeStamp: 2026/03/09-22:38:59-GMT  BuildTime: Aug  4 2022 06:17:15  BuildStamp: freesurfer-linux-ubuntu22_x86_64-7.3.2-20220804-6354275  User: oesteban  Machine: dna010  Platform: Linux  PlatformVersion: 5.14.0-427.37.1.el9_4.x86_64  CompilerName: GCC  CompilerVersion: 8.4.0
ProgramName: mri_ca_label  ProgramArguments: mri_ca_label -all-info  ProgramVersion: 7.3.2  TimeStamp: 2026/03/09-22:38:59-GMT  BuildTime: Aug  4 2022 06:17:15  BuildStamp: freesurfer-linux-ubuntu22_x86_64-7.3.2-20220804-6354275  User: oesteban  Machine: dna010  Platform: Linux  PlatformVersion: 5.14.0-427.37.1.el9_4.x86_64  CompilerName: GCC  CompilerVersion: 8.4.0
ProgramName: mri_ca_normalize  ProgramArguments: mri_ca_normalize -all-info  ProgramVersion: 7.3.2  TimeStamp: 2026/03/09-22:38:59-GMT  BuildTime: Aug  4 2022 06:17:15  BuildStamp: freesurfer-linux-ubuntu22_x86_64-7.3.2-20220804-6354275  User: oesteban  Machine: dna010  Platform: Linux  PlatformVersion: 5.14.0-427.37.1.el9_4.x86_64  CompilerName: GCC  CompilerVersion: 8.4.0
ProgramName: mri_ca_register  ProgramArguments: mri_ca_register -all-info  ProgramVersion: 7.3.2  TimeStamp: 2026/03/09-22:38:59-GMT  BuildTime: Aug  4 2022 06:17:15  BuildStamp: freesurfer-linux-ubuntu22_x86_64-7.3.2-20220804-6354275  User: oesteban  Machine: dna010  Platform: Linux  PlatformVersion: 5.14.0-427.37.1.el9_4.x86_64  CompilerName: GCC  CompilerVersion: 8.4.0
ProgramName: mri_cc  ProgramArguments: mri_cc -all-info  ProgramVersion: 7.3.2  TimeStamp: 2026/03/09-22:38:59-GMT  BuildTime: Aug  4 2022 06:17:15  BuildStamp: freesurfer-linux-ubuntu22_x86_64-7.3.2-20220804-6354275  User: oesteban  Machine: dna010  Platform: Linux  PlatformVersion: 5.14.0-427.37.1.el9_4.x86_64  CompilerName: GCC  CompilerVersion: 8.4.0
ProgramName: mri_compute_overlap  ProgramArguments: mri_compute_overlap -all-info  ProgramVersion: 7.3.2  TimeStamp: 2026/03/09-22:38:59-GMT  BuildTime: Aug  4 2022 06:17:15  BuildStamp: freesurfer-linux-ubuntu22_x86_64-7.3.2-20220804-6354275  User: oesteban  Machine: dna010  Platform: Linux  PlatformVersion: 5.14.0-427.37.1.el9_4.x86_64  CompilerName: GCC  CompilerVersion: 8.4.0
ProgramName: mri_compute_seg_overlap  ProgramArguments: mri_compute_seg_overlap -all-info  ProgramVersion: 7.3.2  TimeStamp: 2026/03/09-22:38:59-GMT  BuildTime: Aug  4 2022 06:17:15  BuildStamp: freesurfer-linux-ubuntu22_x86_64-7.3.2-20220804-6354275  User: oesteban  Machine: dna010  Platform: Linux  PlatformVersion: 5.14.0-427.37.1.el9_4.x86_64  CompilerName: GCC  CompilerVersion: 8.4.0
ProgramName: mri_concat  ProgramArguments: mri_concat -all-info  ProgramVersion: 7.3.2  TimeStamp: 2026/03/09-22:38:59-GMT  BuildTime: Aug  4 2022 06:17:15  BuildStamp: freesurfer-linux-ubuntu22_x86_64-7.3.2-20220804-6354275  User: oesteban  Machine: dna010  Platform: Linux  PlatformVersion: 5.14.0-427.37.1.el9_4.x86_64  CompilerName: GCC  CompilerVersion: 8.4.0
ProgramName: mri_concatenate_lta  ProgramArguments: mri_concatenate_lta -all-info  ProgramVersion: 7.3.2  TimeStamp: 2026/03/09-22:38:59-GMT  BuildTime: Aug  4 2022 06:17:15  BuildStamp: freesurfer-linux-ubuntu22_x86_64-7.3.2-20220804-6354275  User: oesteban  Machine: dna010  Platform: Linux  PlatformVersion: 5.14.0-427.37.1.el9_4.x86_64  CompilerName: GCC  CompilerVersion: 8.4.0
mri_convert -all-info 
ProgramName: mri_convert  ProgramArguments: mri_convert -all-info  ProgramVersion: 7.3.2  TimeStamp: 2026/03/09-22:38:59-GMT  BuildTime: Aug  4 2022 06:17:15  BuildStamp: freesurfer-linux-ubuntu22_x86_64-7.3.2-20220804-6354275  User: oesteban  Machine: dna010  Platform: Linux  PlatformVersion: 5.14.0-427.37.1.el9_4.x86_64  CompilerName: GCC  CompilerVersion: 8.4.0
ProgramName: mri_diff  ProgramArguments: mri_diff -all-info  ProgramVersion: 7.3.2  TimeStamp: 2026/03/09-22:38:59-GMT  BuildTime: Aug  4 2022 06:17:15  BuildStamp: freesurfer-linux-ubuntu22_x86_64-7.3.2-20220804-6354275  User: oesteban  Machine: dna010  Platform: Linux  PlatformVersion: 5.14.0-427.37.1.el9_4.x86_64  CompilerName: GCC  CompilerVersion: 8.4.0
ProgramName: mri_edit_wm_with_aseg  ProgramArguments: mri_edit_wm_with_aseg -all-info  ProgramVersion: 7.3.2  TimeStamp: 2026/03/09-22:38:59-GMT  BuildTime: Aug  4 2022 06:17:15  BuildStamp: freesurfer-linux-ubuntu22_x86_64-7.3.2-20220804-6354275  User: oesteban  Machine: dna010  Platform: Linux  PlatformVersion: 5.14.0-427.37.1.el9_4.x86_64  CompilerName: GCC  CompilerVersion: 8.4.0
ProgramName: mri_em_register  ProgramArguments: mri_em_register -all-info  ProgramVersion: 7.3.2  TimeStamp: 2026/03/09-22:38:59-GMT  BuildTime: Aug  4 2022 06:17:15  BuildStamp: freesurfer-linux-ubuntu22_x86_64-7.3.2-20220804-6354275  User: oesteban  Machine: dna010  Platform: Linux  PlatformVersion: 5.14.0-427.37.1.el9_4.x86_64  CompilerName: GCC  CompilerVersion: 8.4.0
ProgramName: mri_fill  ProgramArguments: mri_fill -all-info  ProgramVersion: 7.3.2  TimeStamp: 2026/03/09-22:38:59-GMT  BuildTime: Aug  4 2022 06:17:15  BuildStamp: freesurfer-linux-ubuntu22_x86_64-7.3.2-20220804-6354275  User: oesteban  Machine: dna010  Platform: Linux  PlatformVersion: 5.14.0-427.37.1.el9_4.x86_64  CompilerName: GCC  CompilerVersion: 8.4.0
ProgramName: mri_fuse_segmentations  ProgramArguments: mri_fuse_segmentations -all-info  ProgramVersion: 7.3.2  TimeStamp: 2026/03/09-22:38:59-GMT  BuildTime: Aug  4 2022 06:17:15  BuildStamp: freesurfer-linux-ubuntu22_x86_64-7.3.2-20220804-6354275  User: oesteban  Machine: dna010  Platform: Linux  PlatformVersion: 5.14.0-427.37.1.el9_4.x86_64  CompilerName: GCC  CompilerVersion: 8.4.0
ProgramName: mri_fwhm  ProgramArguments: mri_fwhm -all-info  ProgramVersion: 7.3.2  TimeStamp: 2026/03/09-22:38:59-GMT  BuildTime: Aug  4 2022 06:17:15  BuildStamp: freesurfer-linux-ubuntu22_x86_64-7.3.2-20220804-6354275  User: oesteban  Machine: dna010  Platform: Linux  PlatformVersion: 5.14.0-427.37.1.el9_4.x86_64  CompilerName: GCC  CompilerVersion: 8.4.0
ProgramName: mri_gcut  ProgramArguments: mri_gcut -all-info  ProgramVersion: 7.3.2  TimeStamp: 2026/03/09-22:38:59-GMT  BuildTime: Aug  4 2022 06:17:15  BuildStamp: freesurfer-linux-ubuntu22_x86_64-7.3.2-20220804-6354275  User: oesteban  Machine: dna010  Platform: Linux  PlatformVersion: 5.14.0-427.37.1.el9_4.x86_64  CompilerName: GCC  CompilerVersion: 8.4.0
ProgramName: mri_info  ProgramArguments: mri_info -all-info  ProgramVersion: 7.3.2  TimeStamp: 2026/03/09-22:38:59-GMT  BuildTime: Aug  4 2022 06:17:15  BuildStamp: freesurfer-linux-ubuntu22_x86_64-7.3.2-20220804-6354275  User: oesteban  Machine: dna010  Platform: Linux  PlatformVersion: 5.14.0-427.37.1.el9_4.x86_64  CompilerName: GCC  CompilerVersion: 8.4.0
ProgramName: mri_label2label  ProgramArguments: mri_label2label -all-info  ProgramVersion: 7.3.2  TimeStamp: 2026/03/09-22:38:59-GMT  BuildTime: Aug  4 2022 06:17:15  BuildStamp: freesurfer-linux-ubuntu22_x86_64-7.3.2-20220804-6354275  User: oesteban  Machine: dna010  Platform: Linux  PlatformVersion: 5.14.0-427.37.1.el9_4.x86_64  CompilerName: GCC  CompilerVersion: 8.4.0
ProgramName: mri_label2vol  ProgramArguments: mri_label2vol -all-info  ProgramVersion: 7.3.2  TimeStamp: 2026/03/09-22:38:59-GMT  BuildTime: Aug  4 2022 06:17:15  BuildStamp: freesurfer-linux-ubuntu22_x86_64-7.3.2-20220804-6354275  User: oesteban  Machine: dna010  Platform: Linux  PlatformVersion: 5.14.0-427.37.1.el9_4.x86_64  CompilerName: GCC  CompilerVersion: 8.4.0
ProgramName: mri_log_likelihood  ProgramArguments: mri_log_likelihood -all-info  ProgramVersion: 7.3.2  TimeStamp: 2026/03/09-22:38:59-GMT  BuildTime: Aug  4 2022 06:17:15  BuildStamp: freesurfer-linux-ubuntu22_x86_64-7.3.2-20220804-6354275  User: oesteban  Machine: dna010  Platform: Linux  PlatformVersion: 5.14.0-427.37.1.el9_4.x86_64  CompilerName: GCC  CompilerVersion: 8.4.0
ProgramName: mri_mask  ProgramArguments: mri_mask -all-info  ProgramVersion: 7.3.2  TimeStamp: 2026/03/09-22:38:59-GMT  BuildTime: Aug  4 2022 06:17:15  BuildStamp: freesurfer-linux-ubuntu22_x86_64-7.3.2-20220804-6354275  User: oesteban  Machine: dna010  Platform: Linux  PlatformVersion: 5.14.0-427.37.1.el9_4.x86_64  CompilerName: GCC  CompilerVersion: 8.4.0
ProgramName: mri_matrix_multiply  ProgramArguments: mri_matrix_multiply -all-info  ProgramVersion: 7.3.2  TimeStamp: 2026/03/09-22:38:59-GMT  BuildTime: Aug  4 2022 06:17:15  BuildStamp: freesurfer-linux-ubuntu22_x86_64-7.3.2-20220804-6354275  User: oesteban  Machine: dna010  Platform: Linux  PlatformVersion: 5.14.0-427.37.1.el9_4.x86_64  CompilerName: GCC  CompilerVersion: 8.4.0
ProgramName: mri_normalize  ProgramArguments: mri_normalize -all-info  ProgramVersion: 7.3.2  TimeStamp: 2026/03/09-22:38:59-GMT  BuildTime: Aug  4 2022 06:17:15  BuildStamp: freesurfer-linux-ubuntu22_x86_64-7.3.2-20220804-6354275  User: oesteban  Machine: dna010  Platform: Linux  PlatformVersion: 5.14.0-427.37.1.el9_4.x86_64  CompilerName: GCC  CompilerVersion: 8.4.0
ProgramName: mri_normalize_tp2  ProgramArguments: mri_normalize_tp2 -all-info  ProgramVersion: 7.3.2  TimeStamp: 2026/03/09-22:38:59-GMT  BuildTime: Aug  4 2022 06:17:15  BuildStamp: freesurfer-linux-ubuntu22_x86_64-7.3.2-20220804-6354275  User: oesteban  Machine: dna010  Platform: Linux  PlatformVersion: 5.14.0-427.37.1.el9_4.x86_64  CompilerName: GCC  CompilerVersion: 8.4.0
ProgramName: mri_or  ProgramArguments: mri_or -all-info  ProgramVersion: 7.3.2  TimeStamp: 2026/03/09-22:38:59-GMT  BuildTime: Aug  4 2022 06:17:15  BuildStamp: freesurfer-linux-ubuntu22_x86_64-7.3.2-20220804-6354275  User: oesteban  Machine: dna010  Platform: Linux  PlatformVersion: 5.14.0-427.37.1.el9_4.x86_64  CompilerName: GCC  CompilerVersion: 8.4.0
ProgramName: mri_relabel_hypointensities  ProgramArguments: mri_relabel_hypointensities -all-info  ProgramVersion: 7.3.2  TimeStamp: 2026/03/09-22:38:59-GMT  BuildTime: Aug  4 2022 06:17:15  BuildStamp: freesurfer-linux-ubuntu22_x86_64-7.3.2-20220804-6354275  User: oesteban  Machine: dna010  Platform: Linux  PlatformVersion: 5.14.0-427.37.1.el9_4.x86_64  CompilerName: GCC  CompilerVersion: 8.4.0
ProgramName: mri_relabel_nonwm_hypos  ProgramArguments: mri_relabel_nonwm_hypos -all-info  ProgramVersion: 7.3.2  TimeStamp: 2026/03/09-22:38:59-GMT  BuildTime: Aug  4 2022 06:17:15  BuildStamp: freesurfer-linux-ubuntu22_x86_64-7.3.2-20220804-6354275  User: oesteban  Machine: dna010  Platform: Linux  PlatformVersion: 5.14.0-427.37.1.el9_4.x86_64  CompilerName: GCC  CompilerVersion: 8.4.0
ProgramName: mri_remove_neck  ProgramArguments: mri_remove_neck -all-info  ProgramVersion: 7.3.2  TimeStamp: 2026/03/09-22:38:59-GMT  BuildTime: Aug  4 2022 06:17:15  BuildStamp: freesurfer-linux-ubuntu22_x86_64-7.3.2-20220804-6354275  User: oesteban  Machine: dna010  Platform: Linux  PlatformVersion: 5.14.0-427.37.1.el9_4.x86_64  CompilerName: GCC  CompilerVersion: 8.4.0
7.3.2

ProgramName: mri_robust_register  ProgramArguments: mri_robust_register -all-info  ProgramVersion: 7.3.2  TimeStamp: 2026/03/09-22:38:59-GMT  BuildTime: Aug  4 2022 06:17:15  BuildStamp: freesurfer-linux-ubuntu22_x86_64-7.3.2-20220804-6354275  User: oesteban  Machine: dna010  Platform: Linux  PlatformVersion: 5.14.0-427.37.1.el9_4.x86_64  CompilerName: GCC  CompilerVersion: 8.4.0
7.3.2

ProgramName: mri_robust_template  ProgramArguments: mri_robust_template -all-info  ProgramVersion: 7.3.2  TimeStamp: 2026/03/09-22:38:59-GMT  BuildTime: Aug  4 2022 06:17:15  BuildStamp: freesurfer-linux-ubuntu22_x86_64-7.3.2-20220804-6354275  User: oesteban  Machine: dna010  Platform: Linux  PlatformVersion: 5.14.0-427.37.1.el9_4.x86_64  CompilerName: GCC  CompilerVersion: 8.4.0
ProgramName: mris_anatomical_stats  ProgramArguments: mris_anatomical_stats -all-info  ProgramVersion: 7.3.2  TimeStamp: 2026/03/09-22:38:59-GMT  BuildTime: Aug  4 2022 06:17:15  BuildStamp: freesurfer-linux-ubuntu22_x86_64-7.3.2-20220804-6354275  User: oesteban  Machine: dna010  Platform: Linux  PlatformVersion: 5.14.0-427.37.1.el9_4.x86_64  CompilerName: GCC  CompilerVersion: 8.4.0
ProgramName: mris_ca_label  ProgramArguments: mris_ca_label -all-info  ProgramVersion: 7.3.2  TimeStamp: 2026/03/09-22:38:59-GMT  BuildTime: Aug  4 2022 06:17:15  BuildStamp: freesurfer-linux-ubuntu22_x86_64-7.3.2-20220804-6354275  User: oesteban  Machine: dna010  Platform: Linux  PlatformVersion: 5.14.0-427.37.1.el9_4.x86_64  CompilerName: GCC  CompilerVersion: 8.4.0
ProgramName: mris_calc  ProgramArguments: mris_calc -all-info  ProgramVersion: 7.3.2  TimeStamp: 2026/03/09-22:38:59-GMT  BuildTime: Aug  4 2022 06:17:15  BuildStamp: freesurfer-linux-ubuntu22_x86_64-7.3.2-20220804-6354275  User: oesteban  Machine: dna010  Platform: Linux  PlatformVersion: 5.14.0-427.37.1.el9_4.x86_64  CompilerName: GCC  CompilerVersion: 8.4.0
ProgramName: mris_convert  ProgramArguments: mris_convert -all-info  ProgramVersion: 7.3.2  TimeStamp: 2026/03/09-22:38:59-GMT  BuildTime: Aug  4 2022 06:17:15  BuildStamp: freesurfer-linux-ubuntu22_x86_64-7.3.2-20220804-6354275  User: oesteban  Machine: dna010  Platform: Linux  PlatformVersion: 5.14.0-427.37.1.el9_4.x86_64  CompilerName: GCC  CompilerVersion: 8.4.0
ProgramName: mris_curvature  ProgramArguments: mris_curvature -all-info  ProgramVersion: 7.3.2  TimeStamp: 2026/03/09-22:38:59-GMT  BuildTime: Aug  4 2022 06:17:15  BuildStamp: freesurfer-linux-ubuntu22_x86_64-7.3.2-20220804-6354275  User: oesteban  Machine: dna010  Platform: Linux  PlatformVersion: 5.14.0-427.37.1.el9_4.x86_64  CompilerName: GCC  CompilerVersion: 8.4.0
ProgramName: mris_curvature_stats  ProgramArguments: mris_curvature_stats -all-info  ProgramVersion: 7.3.2  TimeStamp: 2026/03/09-22:38:59-GMT  BuildTime: Aug  4 2022 06:17:15  BuildStamp: freesurfer-linux-ubuntu22_x86_64-7.3.2-20220804-6354275  User: oesteban  Machine: dna010  Platform: Linux  PlatformVersion: 5.14.0-427.37.1.el9_4.x86_64  CompilerName: GCC  CompilerVersion: 8.4.0
ProgramName: mris_diff  ProgramArguments: mris_diff -all-info  ProgramVersion: 7.3.2  TimeStamp: 2026/03/09-22:38:59-GMT  BuildTime: Aug  4 2022 06:17:15  BuildStamp: freesurfer-linux-ubuntu22_x86_64-7.3.2-20220804-6354275  User: oesteban  Machine: dna010  Platform: Linux  PlatformVersion: 5.14.0-427.37.1.el9_4.x86_64  CompilerName: GCC  CompilerVersion: 8.4.0
ProgramName: mris_divide_parcellation  ProgramArguments: mris_divide_parcellation -all-info  ProgramVersion: 7.3.2  TimeStamp: 2026/03/09-22:38:59-GMT  BuildTime: Aug  4 2022 06:17:15  BuildStamp: freesurfer-linux-ubuntu22_x86_64-7.3.2-20220804-6354275  User: oesteban  Machine: dna010  Platform: Linux  PlatformVersion: 5.14.0-427.37.1.el9_4.x86_64  CompilerName: GCC  CompilerVersion: 8.4.0
ProgramName: mri_segment  ProgramArguments: mri_segment -all-info  ProgramVersion: 7.3.2  TimeStamp: 2026/03/09-22:38:59-GMT  BuildTime: Aug  4 2022 06:17:15  BuildStamp: freesurfer-linux-ubuntu22_x86_64-7.3.2-20220804-6354275  User: oesteban  Machine: dna010  Platform: Linux  PlatformVersion: 5.14.0-427.37.1.el9_4.x86_64  CompilerName: GCC  CompilerVersion: 8.4.0
ProgramName: mri_segstats  ProgramArguments: mri_segstats -all-info  ProgramVersion: 7.3.2  TimeStamp: 2026/03/09-22:38:59-GMT  BuildTime: Aug  4 2022 06:17:15  BuildStamp: freesurfer-linux-ubuntu22_x86_64-7.3.2-20220804-6354275  User: oesteban  Machine: dna010  Platform: Linux  PlatformVersion: 5.14.0-427.37.1.el9_4.x86_64  CompilerName: GCC  CompilerVersion: 8.4.0
ProgramName: mris_euler_number  ProgramArguments: mris_euler_number -all-info  ProgramVersion: 7.3.2  TimeStamp: 2026/03/09-22:38:59-GMT  BuildTime: Aug  4 2022 06:17:15  BuildStamp: freesurfer-linux-ubuntu22_x86_64-7.3.2-20220804-6354275  User: oesteban  Machine: dna010  Platform: Linux  PlatformVersion: 5.14.0-427.37.1.el9_4.x86_64  CompilerName: GCC  CompilerVersion: 8.4.0
ProgramName: mris_fix_topology  ProgramArguments: mris_fix_topology -all-info  ProgramVersion: 7.3.2  TimeStamp: 2026/03/09-22:38:59-GMT  BuildTime: Aug  4 2022 06:17:15  BuildStamp: freesurfer-linux-ubuntu22_x86_64-7.3.2-20220804-6354275  User: oesteban  Machine: dna010  Platform: Linux  PlatformVersion: 5.14.0-427.37.1.el9_4.x86_64  CompilerName: GCC  CompilerVersion: 8.4.0
ProgramName: mris_topo_fixer  ProgramArguments: mris_topo_fixer -all-info  ProgramVersion: 7.3.2  TimeStamp: 2026/03/09-22:38:59-GMT  BuildTime: Aug  4 2022 06:17:15  BuildStamp: freesurfer-linux-ubuntu22_x86_64-7.3.2-20220804-6354275  User: oesteban  Machine: dna010  Platform: Linux  PlatformVersion: 5.14.0-427.37.1.el9_4.x86_64  CompilerName: GCC  CompilerVersion: 8.4.0
ProgramName: mris_jacobian  ProgramArguments: mris_jacobian -all-info  ProgramVersion: 7.3.2  TimeStamp: 2026/03/09-22:38:59-GMT  BuildTime: Aug  4 2022 06:17:15  BuildStamp: freesurfer-linux-ubuntu22_x86_64-7.3.2-20220804-6354275  User: oesteban  Machine: dna010  Platform: Linux  PlatformVersion: 5.14.0-427.37.1.el9_4.x86_64  CompilerName: GCC  CompilerVersion: 8.4.0
ProgramName: mris_label2annot  ProgramArguments: mris_label2annot -all-info  ProgramVersion: 7.3.2  TimeStamp: 2026/03/09-22:38:59-GMT  BuildTime: Aug  4 2022 06:17:15  BuildStamp: freesurfer-linux-ubuntu22_x86_64-7.3.2-20220804-6354275  User: oesteban  Machine: dna010  Platform: Linux  PlatformVersion: 5.14.0-427.37.1.el9_4.x86_64  CompilerName: GCC  CompilerVersion: 8.4.0
ProgramName: mris_left_right_register  ProgramArguments: mris_left_right_register -all-info  ProgramVersion: 7.3.2  TimeStamp: 2026/03/09-22:38:59-GMT  BuildTime: Aug  4 2022 06:17:15  BuildStamp: freesurfer-linux-ubuntu22_x86_64-7.3.2-20220804-6354275  User: oesteban  Machine: dna010  Platform: Linux  PlatformVersion: 5.14.0-427.37.1.el9_4.x86_64  CompilerName: GCC  CompilerVersion: 8.4.0
ProgramName: mris_place_surface  ProgramArguments: mris_place_surface -all-info  ProgramVersion: 7.3.2  TimeStamp: 2026/03/09-22:38:59-GMT  BuildTime: Aug  4 2022 06:17:15  BuildStamp: freesurfer-linux-ubuntu22_x86_64-7.3.2-20220804-6354275  User: oesteban  Machine: dna010  Platform: Linux  PlatformVersion: 5.14.0-427.37.1.el9_4.x86_64  CompilerName: GCC  CompilerVersion: 8.4.0
ProgramName: mrisp_paint  ProgramArguments: mrisp_paint -all-info  ProgramVersion: 7.3.2  TimeStamp: 2026/03/09-22:38:59-GMT  BuildTime: Aug  4 2022 06:17:15  BuildStamp: freesurfer-linux-ubuntu22_x86_64-7.3.2-20220804-6354275  User: oesteban  Machine: dna010  Platform: Linux  PlatformVersion: 5.14.0-427.37.1.el9_4.x86_64  CompilerName: GCC  CompilerVersion: 8.4.0
ProgramName: mris_register  ProgramArguments: mris_register -all-info  ProgramVersion: 7.3.2  TimeStamp: 2026/03/09-22:38:59-GMT  BuildTime: Aug  4 2022 06:17:15  BuildStamp: freesurfer-linux-ubuntu22_x86_64-7.3.2-20220804-6354275  User: oesteban  Machine: dna010  Platform: Linux  PlatformVersion: 5.14.0-427.37.1.el9_4.x86_64  CompilerName: GCC  CompilerVersion: 8.4.0
ProgramName: mris_smooth  ProgramArguments: mris_smooth -all-info  ProgramVersion: 7.3.2  TimeStamp: 2026/03/09-22:38:59-GMT  BuildTime: Aug  4 2022 06:17:15  BuildStamp: freesurfer-linux-ubuntu22_x86_64-7.3.2-20220804-6354275  User: oesteban  Machine: dna010  Platform: Linux  PlatformVersion: 5.14.0-427.37.1.el9_4.x86_64  CompilerName: GCC  CompilerVersion: 8.4.0
ProgramName: mris_sphere  ProgramArguments: mris_sphere -all-info  ProgramVersion: 7.3.2  TimeStamp: 2026/03/09-22:38:59-GMT  BuildTime: Aug  4 2022 06:17:15  BuildStamp: freesurfer-linux-ubuntu22_x86_64-7.3.2-20220804-6354275  User: oesteban  Machine: dna010  Platform: Linux  PlatformVersion: 5.14.0-427.37.1.el9_4.x86_64  CompilerName: GCC  CompilerVersion: 8.4.0
ProgramName: mris_surface_stats  ProgramArguments: mris_surface_stats -all-info  ProgramVersion: 7.3.2  TimeStamp: 2026/03/09-22:38:59-GMT  BuildTime: Aug  4 2022 06:17:15  BuildStamp: freesurfer-linux-ubuntu22_x86_64-7.3.2-20220804-6354275  User: oesteban  Machine: dna010  Platform: Linux  PlatformVersion: 5.14.0-427.37.1.el9_4.x86_64  CompilerName: GCC  CompilerVersion: 8.4.0
ProgramName: mri_stats2seg  ProgramArguments: mri_stats2seg -all-info  ProgramVersion: 7.3.2  TimeStamp: 2026/03/09-22:38:59-GMT  BuildTime: Aug  4 2022 06:17:15  BuildStamp: freesurfer-linux-ubuntu22_x86_64-7.3.2-20220804-6354275  User: oesteban  Machine: dna010  Platform: Linux  PlatformVersion: 5.14.0-427.37.1.el9_4.x86_64  CompilerName: GCC  CompilerVersion: 8.4.0
ProgramName: mris_thickness  ProgramArguments: mris_thickness -all-info  ProgramVersion: 7.3.2  TimeStamp: 2026/03/09-22:38:59-GMT  BuildTime: Aug  4 2022 06:17:15  BuildStamp: freesurfer-linux-ubuntu22_x86_64-7.3.2-20220804-6354275  User: oesteban  Machine: dna010  Platform: Linux  PlatformVersion: 5.14.0-427.37.1.el9_4.x86_64  CompilerName: GCC  CompilerVersion: 8.4.0
ProgramName: mris_thickness_diff  ProgramArguments: mris_thickness_diff -all-info  ProgramVersion: 7.3.2  TimeStamp: 2026/03/09-22:38:59-GMT  BuildTime: Aug  4 2022 06:17:15  BuildStamp: freesurfer-linux-ubuntu22_x86_64-7.3.2-20220804-6354275  User: oesteban  Machine: dna010  Platform: Linux  PlatformVersion: 5.14.0-427.37.1.el9_4.x86_64  CompilerName: GCC  CompilerVersion: 8.4.0
ProgramName: mris_topo_fixer  ProgramArguments: mris_topo_fixer -all-info  ProgramVersion: 7.3.2  TimeStamp: 2026/03/09-22:38:59-GMT  BuildTime: Aug  4 2022 06:17:15  BuildStamp: freesurfer-linux-ubuntu22_x86_64-7.3.2-20220804-6354275  User: oesteban  Machine: dna010  Platform: Linux  PlatformVersion: 5.14.0-427.37.1.el9_4.x86_64  CompilerName: GCC  CompilerVersion: 8.4.0
ProgramName: mri_surf2surf  ProgramArguments: mri_surf2surf -all-info  ProgramVersion: 7.3.2  TimeStamp: 2026/03/09-22:38:59-GMT  BuildTime: Aug  4 2022 06:17:15  BuildStamp: freesurfer-linux-ubuntu22_x86_64-7.3.2-20220804-6354275  User: oesteban  Machine: dna010  Platform: Linux  PlatformVersion: 5.14.0-427.37.1.el9_4.x86_64  CompilerName: GCC  CompilerVersion: 8.4.0
ProgramName: mri_surf2vol  ProgramArguments: mri_surf2vol -all-info  ProgramVersion: 7.3.2  TimeStamp: 2026/03/09-22:38:59-GMT  BuildTime: Aug  4 2022 06:17:15  BuildStamp: freesurfer-linux-ubuntu22_x86_64-7.3.2-20220804-6354275  User: oesteban  Machine: dna010  Platform: Linux  PlatformVersion: 5.14.0-427.37.1.el9_4.x86_64  CompilerName: GCC  CompilerVersion: 8.4.0
ProgramName: mri_surfcluster  ProgramArguments: mri_surfcluster -all-info  ProgramVersion: 7.3.2  TimeStamp: 2026/03/09-22:38:59-GMT  BuildTime: Aug  4 2022 06:17:15  BuildStamp: freesurfer-linux-ubuntu22_x86_64-7.3.2-20220804-6354275  User: oesteban  Machine: dna010  Platform: Linux  PlatformVersion: 5.14.0-427.37.1.el9_4.x86_64  CompilerName: GCC  CompilerVersion: 8.4.0
ProgramName: mris_volmask  ProgramArguments: mris_volmask -all-info  ProgramVersion: 7.3.2  TimeStamp: 2026/03/09-22:38:59-GMT  BuildTime: Aug  4 2022 06:17:15  BuildStamp: freesurfer-linux-ubuntu22_x86_64-7.3.2-20220804-6354275  User: oesteban  Machine: dna010  Platform: Linux  PlatformVersion: 5.14.0-427.37.1.el9_4.x86_64  CompilerName: GCC  CompilerVersion: 8.4.0
ProgramName: mri_tessellate  ProgramArguments: mri_tessellate -all-info  ProgramVersion: 7.3.2  TimeStamp: 2026/03/09-22:38:59-GMT  BuildTime: Aug  4 2022 06:17:15  BuildStamp: freesurfer-linux-ubuntu22_x86_64-7.3.2-20220804-6354275  User: oesteban  Machine: dna010  Platform: Linux  PlatformVersion: 5.14.0-427.37.1.el9_4.x86_64  CompilerName: GCC  CompilerVersion: 8.4.0
ProgramName: mri_vol2surf  ProgramArguments: mri_vol2surf -all-info  ProgramVersion: 7.3.2  TimeStamp: 2026/03/09-22:38:59-GMT  BuildTime: Aug  4 2022 06:17:15  BuildStamp: freesurfer-linux-ubuntu22_x86_64-7.3.2-20220804-6354275  User: oesteban  Machine: dna010  Platform: Linux  PlatformVersion: 5.14.0-427.37.1.el9_4.x86_64  CompilerName: GCC  CompilerVersion: 8.4.0
ProgramName: mri_vol2vol  ProgramArguments: mri_vol2vol -all-info  ProgramVersion: 7.3.2  TimeStamp: 2026/03/09-22:38:59-GMT  BuildTime: Aug  4 2022 06:17:15  BuildStamp: freesurfer-linux-ubuntu22_x86_64-7.3.2-20220804-6354275  User: oesteban  Machine: dna010  Platform: Linux  PlatformVersion: 5.14.0-427.37.1.el9_4.x86_64  CompilerName: GCC  CompilerVersion: 8.4.0
ProgramName: mri_voldiff  ProgramArguments: mri_voldiff -all-info  ProgramVersion: 7.3.2  TimeStamp: 2026/03/09-22:38:59-GMT  BuildTime: Aug  4 2022 06:17:15  BuildStamp: freesurfer-linux-ubuntu22_x86_64-7.3.2-20220804-6354275  User: oesteban  Machine: dna010  Platform: Linux  PlatformVersion: 5.14.0-427.37.1.el9_4.x86_64  CompilerName: GCC  CompilerVersion: 8.4.0
ProgramName: mri_watershed  ProgramArguments: mri_watershed -all-info  ProgramVersion: 7.3.2  TimeStamp: 2026/03/09-22:38:59-GMT  BuildTime: Aug  4 2022 06:17:15  BuildStamp: freesurfer-linux-ubuntu22_x86_64-7.3.2-20220804-6354275  User: oesteban  Machine: dna010  Platform: Linux  PlatformVersion: 5.14.0-427.37.1.el9_4.x86_64  CompilerName: GCC  CompilerVersion: 8.4.0
ProgramName: tkregister2  ProgramArguments: tkregister2_cmdl -all-info  ProgramVersion: 7.3.2  TimeStamp: 2026/03/09-22:38:59-GMT  BuildTime: Aug  4 2022 06:17:15  BuildStamp: freesurfer-linux-ubuntu22_x86_64-7.3.2-20220804-6354275  User: oesteban  Machine: dna010  Platform: Linux  PlatformVersion: 5.14.0-427.37.1.el9_4.x86_64  CompilerName: GCC  CompilerVersion: 8.4.0
mri_motion_correct.fsl 7.3.2
mri_convert -all-info 
ProgramName: mri_convert  ProgramArguments: mri_convert -all-info  ProgramVersion: 7.3.2  TimeStamp: 2026/03/09-22:38:59-GMT  BuildTime: Aug  4 2022 06:17:15  BuildStamp: freesurfer-linux-ubuntu22_x86_64-7.3.2-20220804-6354275  User: oesteban  Machine: dna010  Platform: Linux  PlatformVersion: 5.14.0-427.37.1.el9_4.x86_64  CompilerName: GCC  CompilerVersion: 8.4.0
Program nu_correct, built from:
Package MNI N3, version 1.12.0, compiled by nicks@terrier (x86_64-unknown-linux-gnu) on 2015-06-19 at 01:25:34
#######################################
GCADIR /opt/freesurfer/average
GCA RB_all_2020-01-02.gca
GCASkull RB_all_withskull_2020_01_02.gca
AvgCurvTif folding.atlas.acfb40.noaparc.i12.2016-08-02.tif
GCSDIR /opt/freesurfer/average
GCS DKaparc.atlas.acfb40.noaparc.i12.2016-08-02.gcs
#######################################
#--------------------------------------------
#@# Tessellate lh Mon Mar  9 23:38:59 CET 2026
/out/sourcedata/freesurfer/sub-v1s2x0051475_ses-1/scripts

 mri_pretess ../mri/filled.mgz 255 ../mri/norm.mgz ../mri/filled-pretess255.mgz 


Iteration Number : 1
pass   1 (xy+):   1 found -   1 modified     |    TOTAL:   1
pass   2 (xy+):   0 found -   1 modified     |    TOTAL:   1
pass   1 (xy-):   2 found -   2 modified     |    TOTAL:   3
pass   2 (xy-):   0 found -   2 modified     |    TOTAL:   3
pass   1 (yz+):   9 found -   9 modified     |    TOTAL:  12
pass   2 (yz+):   0 found -   9 modified     |    TOTAL:  12
pass   1 (yz-):   4 found -   4 modified     |    TOTAL:  16
pass   2 (yz-):   0 found -   4 modified     |    TOTAL:  16
pass   1 (xz+):   0 found -   0 modified     |    TOTAL:  16
pass   1 (xz-):   1 found -   1 modified     |    TOTAL:  17
pass   2 (xz-):   0 found -   1 modified     |    TOTAL:  17
Iteration Number : 1
pass   1 (+++):   0 found -   0 modified     |    TOTAL:   0
pass   1 (+++):   0 found -   0 modified     |    TOTAL:   0
pass   1 (+++):   0 found -   0 modified     |    TOTAL:   0
pass   1 (+++):   0 found -   0 modified     |    TOTAL:   0
Iteration Number : 1
pass   1 (++):   1 found -   1 modified     |    TOTAL:   1
pass   2 (++):   0 found -   1 modified     |    TOTAL:   1
pass   1 (+-):   0 found -   0 modified     |    TOTAL:   1
pass   1 (--):   0 found -   0 modified     |    TOTAL:   1
pass   1 (-+):   0 found -   0 modified     |    TOTAL:   1
Iteration Number : 2
pass   1 (xy+):   0 found -   0 modified     |    TOTAL:   0
pass   1 (xy-):   0 found -   0 modified     |    TOTAL:   0
pass   1 (yz+):   0 found -   0 modified     |    TOTAL:   0
pass   1 (yz-):   0 found -   0 modified     |    TOTAL:   0
pass   1 (xz+):   0 found -   0 modified     |    TOTAL:   0
pass   1 (xz-):   0 found -   0 modified     |    TOTAL:   0
Iteration Number : 2
pass   1 (+++):   0 found -   0 modified     |    TOTAL:   0
pass   1 (+++):   0 found -   0 modified     |    TOTAL:   0
pass   1 (+++):   0 found -   0 modified     |    TOTAL:   0
pass   1 (+++):   0 found -   0 modified     |    TOTAL:   0
Iteration Number : 2
pass   1 (++):   0 found -   0 modified     |    TOTAL:   0
pass   1 (+-):   0 found -   0 modified     |    TOTAL:   0
pass   1 (--):   0 found -   0 modified     |    TOTAL:   0
pass   1 (-+):   0 found -   0 modified     |    TOTAL:   0

Total Number of Modified Voxels = 18 (out of 322651: 0.005579)
Ambiguous edge configurations... 

mri_pretess done


 mri_tessellate ../mri/filled-pretess255.mgz 255 ../surf/lh.orig.nofix 

7.3.2
  7.3.2
slice 30: 654 vertices, 737 faces
slice 40: 5808 vertices, 6058 faces
slice 50: 14597 vertices, 14930 faces
slice 60: 25355 vertices, 25747 faces
slice 70: 36947 vertices, 37358 faces
slice 80: 47995 vertices, 48390 faces
slice 90: 59775 vertices, 60197 faces
slice 100: 71441 vertices, 71816 faces
slice 110: 82697 vertices, 83101 faces
slice 120: 93138 vertices, 93526 faces
slice 130: 103002 vertices, 103366 faces
slice 140: 112242 vertices, 112529 faces
slice 150: 119750 vertices, 120032 faces
slice 160: 126778 vertices, 127034 faces
slice 170: 133400 vertices, 133649 faces
slice 180: 138939 vertices, 139122 faces
slice 190: 143954 vertices, 144141 faces
slice 200: 147349 vertices, 147464 faces
slice 210: 148162 vertices, 148184 faces
slice 220: 148162 vertices, 148184 faces
slice 230: 148162 vertices, 148184 faces
slice 240: 148162 vertices, 148184 faces
slice 250: 148162 vertices, 148184 faces
using the conformed surface RAS to save vertex points...
writing ../surf/lh.orig.nofix
using vox2ras matrix:
-1.00000   0.00000   0.00000   128.00000;
 0.00000   0.00000   1.00000  -128.00000;
 0.00000  -1.00000   0.00000   128.00000;
 0.00000   0.00000   0.00000   1.00000;

 rm -f ../mri/filled-pretess255.mgz 


 mris_extract_main_component ../surf/lh.orig.nofix ../surf/lh.orig.nofix 


counting number of connected components...
   148162 voxel in cpt #1: X=-22 [v=148162,e=444552,f=296368] located at (-28.619308, -22.829781, 45.471275)
For the whole surface: X=-22 [v=148162,e=444552,f=296368]
One single component has been found
nothing to do
done

#--------------------------------------------
#@# Smooth1 lh Mon Mar  9 23:39:03 CET 2026
/out/sourcedata/freesurfer/sub-v1s2x0051475_ses-1/scripts

 mris_smooth -nw -seed 1234 ../surf/lh.orig.nofix ../surf/lh.smoothwm.nofix 

setting seed for random number generator to 1234
smoothing surface tessellation for 10 iterations...
smoothing complete - recomputing first and second fundamental forms...
#--------------------------------------------
#@# Inflation1 lh Mon Mar  9 23:39:06 CET 2026
/out/sourcedata/freesurfer/sub-v1s2x0051475_ses-1/scripts

 mris_inflate -no-save-sulc ../surf/lh.smoothwm.nofix ../surf/lh.inflated.nofix 

Not saving sulc
Reading ../surf/lh.smoothwm.nofix
avg radius = 50.9 mm, total surface area = 82667 mm^2
step 000: RMS=0.139 (target=0.015)   step 005: RMS=0.108 (target=0.015)   step 010: RMS=0.078 (target=0.015)   step 015: RMS=0.064 (target=0.015)   step 020: RMS=0.055 (target=0.015)   step 025: RMS=0.047 (target=0.015)   step 030: RMS=0.041 (target=0.015)   step 035: RMS=0.037 (target=0.015)   step 040: RMS=0.035 (target=0.015)   step 045: RMS=0.032 (target=0.015)   step 050: RMS=0.030 (target=0.015)   step 055: RMS=0.029 (target=0.015)   step 060: RMS=0.028 (target=0.015)   writing inflated surface to ../surf/lh.inflated.nofix
inflation took 0.2 minutes

inflation complete.
Not saving sulc
mris_inflate utimesec    57.840223
mris_inflate stimesec    2.035951
mris_inflate ru_maxrss   233840
mris_inflate ru_ixrss    0
mris_inflate ru_idrss    0
mris_inflate ru_isrss    0
mris_inflate ru_minflt   642931
mris_inflate ru_majflt   35
mris_inflate ru_nswap    0
mris_inflate ru_inblock  1672
mris_inflate ru_oublock  10424
mris_inflate ru_msgsnd   0
mris_inflate ru_msgrcv   0
mris_inflate ru_nsignals 0
mris_inflate ru_nvcsw    8058
mris_inflate ru_nivcsw   369
#--------------------------------------------
#@# QSphere lh Mon Mar  9 23:39:21 CET 2026
/out/sourcedata/freesurfer/sub-v1s2x0051475_ses-1/scripts

 mris_sphere -q -p 6 -a 128 -seed 1234 ../surf/lh.inflated.nofix ../surf/lh.qsphere.nofix 

doing quick spherical unfolding.
limitting unfolding to 6 passes
using n_averages = 128
setting seed for random number genererator to 1234
version: 7.3.2
available threads: 16
scaling brain by 0.280...
inflating...
projecting onto sphere...
surface projected - minimizing metric distortion...
vertex spacing 0.95 +- 0.56 (0.00-->6.23) (max @ vno 66995 --> 68121)
face area 0.02 +- 0.03 (-0.19-->0.74)
Entering MRISinflateToSphere()
inflating to sphere (rms error < 2.00)
000: dt: 0.0000, rms radial error=177.236, avgs=0
005/300: dt: 0.9000, rms radial error=176.975, avgs=0
010/300: dt: 0.9000, rms radial error=176.415, avgs=0
015/300: dt: 0.9000, rms radial error=175.679, avgs=0
020/300: dt: 0.9000, rms radial error=174.839, avgs=0
025/300: dt: 0.9000, rms radial error=173.940, avgs=0
030/300: dt: 0.9000, rms radial error=173.009, avgs=0
035/300: dt: 0.9000, rms radial error=172.061, avgs=0
040/300: dt: 0.9000, rms radial error=171.106, avgs=0
045/300: dt: 0.9000, rms radial error=170.148, avgs=0
050/300: dt: 0.9000, rms radial error=169.190, avgs=0
055/300: dt: 0.9000, rms radial error=168.234, avgs=0
060/300: dt: 0.9000, rms radial error=167.283, avgs=0
065/300: dt: 0.9000, rms radial error=166.342, avgs=0
070/300: dt: 0.9000, rms radial error=165.405, avgs=0
075/300: dt: 0.9000, rms radial error=164.473, avgs=0
080/300: dt: 0.9000, rms radial error=163.546, avgs=0
085/300: dt: 0.9000, rms radial error=162.625, avgs=0
090/300: dt: 0.9000, rms radial error=161.708, avgs=0
095/300: dt: 0.9000, rms radial error=160.797, avgs=0
100/300: dt: 0.9000, rms radial error=159.890, avgs=0
105/300: dt: 0.9000, rms radial error=158.989, avgs=0
110/300: dt: 0.9000, rms radial error=158.092, avgs=0
115/300: dt: 0.9000, rms radial error=157.201, avgs=0
120/300: dt: 0.9000, rms radial error=156.315, avgs=0
125/300: dt: 0.9000, rms radial error=155.433, avgs=0
130/300: dt: 0.9000, rms radial error=154.557, avgs=0
135/300: dt: 0.9000, rms radial error=153.685, avgs=0
140/300: dt: 0.9000, rms radial error=152.818, avgs=0
145/300: dt: 0.9000, rms radial error=151.956, avgs=0
150/300: dt: 0.9000, rms radial error=151.099, avgs=0
155/300: dt: 0.9000, rms radial error=150.247, avgs=0
160/300: dt: 0.9000, rms radial error=149.401, avgs=0
165/300: dt: 0.9000, rms radial error=148.559, avgs=0
170/300: dt: 0.9000, rms radial error=147.721, avgs=0
175/300: dt: 0.9000, rms radial error=146.889, avgs=0
180/300: dt: 0.9000, rms radial error=146.061, avgs=0
185/300: dt: 0.9000, rms radial error=145.238, avgs=0
190/300: dt: 0.9000, rms radial error=144.419, avgs=0
195/300: dt: 0.9000, rms radial error=143.604, avgs=0
200/300: dt: 0.9000, rms radial error=142.795, avgs=0
205/300: dt: 0.9000, rms radial error=141.989, avgs=0
210/300: dt: 0.9000, rms radial error=141.189, avgs=0
215/300: dt: 0.9000, rms radial error=140.392, avgs=0
220/300: dt: 0.9000, rms radial error=139.600, avgs=0
225/300: dt: 0.9000, rms radial error=138.813, avgs=0
230/300: dt: 0.9000, rms radial error=138.030, avgs=0
235/300: dt: 0.9000, rms radial error=137.251, avgs=0
240/300: dt: 0.9000, rms radial error=136.477, avgs=0
245/300: dt: 0.9000, rms radial error=135.707, avgs=0
250/300: dt: 0.9000, rms radial error=134.941, avgs=0
255/300: dt: 0.9000, rms radial error=134.180, avgs=0
260/300: dt: 0.9000, rms radial error=133.423, avgs=0
265/300: dt: 0.9000, rms radial error=132.670, avgs=0
270/300: dt: 0.9000, rms radial error=131.922, avgs=0
275/300: dt: 0.9000, rms radial error=131.177, avgs=0
280/300: dt: 0.9000, rms radial error=130.437, avgs=0
285/300: dt: 0.9000, rms radial error=129.701, avgs=0
290/300: dt: 0.9000, rms radial error=128.969, avgs=0
295/300: dt: 0.9000, rms radial error=128.241, avgs=0
300/300: dt: 0.9000, rms radial error=127.518, avgs=0

spherical inflation complete.
epoch 1 (K=10.0), pass 1, starting sse = 17742.34
taking momentum steps...
taking momentum steps...
taking momentum steps...
taking momentum steps...
pass 1 complete, delta sse/iter = 0.00/13 = 0.00035
epoch 2 (K=40.0), pass 1, starting sse = 3057.96
taking momentum steps...
taking momentum steps...
taking momentum steps...
taking momentum steps...
pass 1 complete, delta sse/iter = 0.00/13 = 0.00010
epoch 3 (K=160.0), pass 1, starting sse = 337.11
taking momentum steps...
taking momentum steps...
taking momentum steps...
taking momentum steps...
pass 1 complete, delta sse/iter = 0.11/15 = 0.00747
epoch 4 (K=640.0), pass 1, starting sse = 20.10
taking momentum steps...
taking momentum steps...
taking momentum steps...
taking momentum steps...
pass 1 complete, delta sse/iter = 0.22/29 = 0.00772
final distance error %100000.00
writing spherical brain to ../surf/lh.qsphere.nofix
spherical transformation took 0.0242 hours
FSRUNTIME@ mris_sphere  0.0242 hours 16 threads
#VMPC# mris_sphere VmPeak  1572012
mris_sphere done
#@# Fix Topology lh Mon Mar  9 23:40:48 CET 2026

 mris_fix_topology -mgz -sphere qsphere.nofix -inflated inflated.nofix -orig orig.nofix -out orig.premesh -ga -seed 1234 sub-v1s2x0051475_ses-1 lh 

reading spherical homeomorphism from 'qsphere.nofix'
reading inflated coordinates from 'inflated.nofix'
reading original coordinates from 'orig.nofix'
using genetic algorithm with optimized parameters
setting seed for random number genererator to 1234

*************************************************************
Topology Correction Parameters
retessellation mode:           genetic search
number of patches/generation : 10
number of generations :        10
surface mri loglikelihood coefficient :         1.0
volume mri loglikelihood coefficient :          10.0
normal dot loglikelihood coefficient :          1.0
quadratic curvature loglikelihood coefficient : 1.0
volume resolution :                             2
eliminate vertices during search :              1
initial patch selection :                       1
select all defect vertices :                    0
ordering dependant retessellation:              0
use precomputed edge table :                    0
smooth retessellated patch :                    2
match retessellated patch :                     1
verbose mode :                                  0

*************************************************************
INFO: assuming .mgz format
writing corrected surface to 'orig.premesh'
7.3.2
  7.3.2
before topology correction, eno=-22 (nv=148162, nf=296368, ne=444552, g=12)
using quasi-homeomorphic spherical map to tessellate cortical surface...

Correction of the Topology
Finding true center and radius of Spherical Surface...done
Surface centered at (0,0,0) with radius 100.0 in 7 iterations
marking ambiguous vertices...
3303 ambiguous faces found in tessellation
segmenting defects...
18 defects found, arbitrating ambiguous regions...
analyzing neighboring defects...
18 defects to be corrected 
0 vertices coincident
reading input surface /out/sourcedata/freesurfer/sub-v1s2x0051475_ses-1/surf/lh.qsphere.nofix...
reading brain volume from brain...
reading wm segmentation from wm...
Reading original properties of orig.nofix
Reading vertex positions of inflated.nofix
Computing Initial Surface Statistics
      -face       loglikelihood: -9.1675  (-4.5838)
      -vertex     loglikelihood: -5.8943  (-2.9471)
      -normal dot loglikelihood: -3.5415  (-3.5415)
      -quad curv  loglikelihood: -6.0097  (-3.0049)
      Total Loglikelihood : -24.6130
CORRECTING DEFECT 0 (vertices=16, convex hull=34, v0=549)
After retessellation of defect 0 (v0=549), euler #=-14 (146266,438222,291942) : difference with theory (-15) = -1 
CORRECTING DEFECT 1 (vertices=194, convex hull=192, v0=4173)
After retessellation of defect 1 (v0=4173), euler #=-13 (146333,438509,292163) : difference with theory (-14) = -1 
CORRECTING DEFECT 2 (vertices=1085, convex hull=319, v0=53532)
After retessellation of defect 2 (v0=53532), euler #=-13 (146506,439186,292667) : difference with theory (-13) = 0 
CORRECTING DEFECT 3 (vertices=27, convex hull=32, v0=61860)
After retessellation of defect 3 (v0=61860), euler #=-12 (146514,439220,292694) : difference with theory (-12) = 0 
CORRECTING DEFECT 4 (vertices=7, convex hull=30, v0=61897)
After retessellation of defect 4 (v0=61897), euler #=-11 (146518,439241,292712) : difference with theory (-11) = 0 
CORRECTING DEFECT 5 (vertices=29, convex hull=52, v0=64275)
After retessellation of defect 5 (v0=64275), euler #=-10 (146529,439293,292754) : difference with theory (-10) = 0 
CORRECTING DEFECT 6 (vertices=48, convex hull=70, v0=68968)
After retessellation of defect 6 (v0=68968), euler #=-9 (146544,439363,292810) : difference with theory (-9) = 0 
CORRECTING DEFECT 7 (vertices=26, convex hull=52, v0=85776)
After retessellation of defect 7 (v0=85776), euler #=-8 (146554,439409,292847) : difference with theory (-8) = 0 
CORRECTING DEFECT 8 (vertices=7, convex hull=24, v0=91604)
After retessellation of defect 8 (v0=91604), euler #=-7 (146556,439421,292858) : difference with theory (-7) = 0 
CORRECTING DEFECT 9 (vertices=21, convex hull=38, v0=92970)
After retessellation of defect 9 (v0=92970), euler #=-6 (146561,439452,292885) : difference with theory (-6) = 0 
CORRECTING DEFECT 10 (vertices=11, convex hull=25, v0=104607)
After retessellation of defect 10 (v0=104607), euler #=-5 (146563,439465,292897) : difference with theory (-5) = 0 
CORRECTING DEFECT 11 (vertices=145, convex hull=109, v0=105979)
After retessellation of defect 11 (v0=105979), euler #=-4 (146615,439671,293052) : difference with theory (-4) = 0 
CORRECTING DEFECT 12 (vertices=39, convex hull=69, v0=108855)
After retessellation of defect 12 (v0=108855), euler #=-3 (146637,439764,293124) : difference with theory (-3) = 0 
CORRECTING DEFECT 13 (vertices=118, convex hull=85, v0=118778)
After retessellation of defect 13 (v0=118778), euler #=-2 (146654,439854,293198) : difference with theory (-2) = 0 
CORRECTING DEFECT 14 (vertices=23, convex hull=33, v0=119190)
After retessellation of defect 14 (v0=119190), euler #=-1 (146659,439880,293220) : difference with theory (-1) = 0 
CORRECTING DEFECT 15 (vertices=27, convex hull=51, v0=136336)
After retessellation of defect 15 (v0=136336), euler #=0 (146668,439927,293259) : difference with theory (0) = 0 
CORRECTING DEFECT 16 (vertices=39, convex hull=85, v0=139390)
After retessellation of defect 16 (v0=139390), euler #=1 (146687,440018,293332) : difference with theory (1) = 0 
CORRECTING DEFECT 17 (vertices=36, convex hull=83, v0=145164)
After retessellation of defect 17 (v0=145164), euler #=2 (146701,440097,293398) : difference with theory (2) = 0 
computing original vertex metric properties...
storing new metric properties...
computing tessellation statistics...
vertex spacing 0.89 +- 0.22 (0.06-->12.71) (max @ vno 62521 --> 68885)
face area -nan +- -nan (1000.00-->-1.00)
performing soap bubble on retessellated vertices for 0 iterations...
vertex spacing 0.89 +- 0.22 (0.06-->12.71) (max @ vno 62521 --> 68885)
face area -nan +- -nan (1000.00-->-1.00)
tessellation finished, orienting corrected surface...
58 mutations (31.4%), 127 crossovers (68.6%), 132 vertices were eliminated
building final representation...
1461 vertices and 0 faces have been removed from triangulation
after topology correction, eno=2 (nv=146701, nf=293398, ne=440097, g=0)
writing corrected surface to /out/sourcedata/freesurfer/sub-v1s2x0051475_ses-1/surf/lh.orig.premesh...

0.000 % of the vertices (0 vertices) exhibit an orientation change
removing intersecting faces
000: 208 intersecting
001: 19 intersecting
002: 5 intersecting
terminating search with 0 intersecting
topology fixing took 1.0 minutes
FSRUNTIME@ mris_fix_topology lh  0.0164 hours 16 threads
#VMPC# mris_fix_topology VmPeak  1863916

 mris_euler_number ../surf/lh.orig.premesh 

euler # = v-e+f = 2g-2: 146701 - 440097 + 293398 = 2 --> 0 holes
      F =2V-4:          293398 = 293402-4 (0)
      2E=3F:            880194 = 880194 (0)

total defect index = 0
Mon Mar  9 23:41:48 CET 2026

setenv SUBJECTS_DIR /out/sourcedata/freesurfer
cd /out/sourcedata/freesurfer/sub-v1s2x0051475_ses-1/scripts
/opt/freesurfer/bin/defect2seg --s sub-v1s2x0051475_ses-1 --lh-only --cortex

freesurfer-linux-ubuntu22_x86_64-7.3.2-20220804-6354275
defect2seg 7.3.2
Linux dna010 5.14.0-427.37.1.el9_4.x86_64 #1 SMP PREEMPT_DYNAMIC Fri Sep 13 12:41:50 EDT 2024 x86_64 x86_64 x86_64 GNU/Linux
pid 3384517
mri_label2label --label-cortex /out/sourcedata/freesurfer/sub-v1s2x0051475_ses-1/surf/lh.orig.nofix /out/sourcedata/freesurfer/sub-v1s2x0051475_ses-1/mri/aseg.presurf.mgz 0 /out/sourcedata/freesurfer/sub-v1s2x0051475_ses-1/label/lh.nofix.cortex.label

 Generating cortex label... RemoveHipAmgy=0
 NucAccIsMedialWall=0
 mris->useRealRAS=0
14 non-cortical segments detected
only using segment with 8499 vertices
erasing segment 1 (vno[0] = 64277)
erasing segment 2 (vno[0] = 65566)
erasing segment 3 (vno[0] = 66819)
erasing segment 4 (vno[0] = 76590)
erasing segment 5 (vno[0] = 105656)
erasing segment 6 (vno[0] = 107618)
erasing segment 7 (vno[0] = 109542)
erasing segment 8 (vno[0] = 112059)
erasing segment 9 (vno[0] = 122321)
erasing segment 10 (vno[0] = 124224)
erasing segment 11 (vno[0] = 127971)
erasing segment 12 (vno[0] = 129939)
erasing segment 13 (vno[0] = 129964)
mri_label2vol --defects /out/sourcedata/freesurfer/sub-v1s2x0051475_ses-1/surf/lh.orig.nofix /out/sourcedata/freesurfer/sub-v1s2x0051475_ses-1/surf/lh.defect_labels /out/sourcedata/freesurfer/sub-v1s2x0051475_ses-1/mri/orig.mgz 1000 0 /out/sourcedata/freesurfer/sub-v1s2x0051475_ses-1/mri/lh.surface.defects.mgz /out/sourcedata/freesurfer/sub-v1s2x0051475_ses-1/label/lh.nofix.cortex.label
mri_label2vol supposed to be reproducible but seed not set
Contraining to label /out/sourcedata/freesurfer/sub-v1s2x0051475_ses-1/label/lh.nofix.cortex.label
Changing input type 0 to MRI_INT
Converting defects to volume: offset=1000, merge=0
Writing to /out/sourcedata/freesurfer/sub-v1s2x0051475_ses-1/mri/lh.surface.defects.mgz
mris_defects_pointset -s /out/sourcedata/freesurfer/sub-v1s2x0051475_ses-1/surf/lh.orig.nofix -d /out/sourcedata/freesurfer/sub-v1s2x0051475_ses-1/surf/lh.defect_labels -o /out/sourcedata/freesurfer/sub-v1s2x0051475_ses-1/surf/lh.defects.pointset --label /out/sourcedata/freesurfer/sub-v1s2x0051475_ses-1/label/lh.nofix.cortex.label
Reading in surface /out/sourcedata/freesurfer/sub-v1s2x0051475_ses-1/surf/lh.orig.nofix
Reading in defect segmentation /out/sourcedata/freesurfer/sub-v1s2x0051475_ses-1/surf/lh.defect_labels
Reading in label /out/sourcedata/freesurfer/sub-v1s2x0051475_ses-1/label/lh.nofix.cortex.label
#VMPC# mris_defects_pointset 1506852
mris_defects_pointset done
 
Started at Mon Mar 9 23:41:48 CET 2026 
Ended   at Mon Mar  9 23:42:06 CET 2026
Defect2seg-Run-Time-Sec 18
Defect2seg-Run-Time-Min 0.36
Defect2seg-Run-Time-Hours 0.00
 
tkmeditfv sub-v1s2x0051475_ses-1 brain.finalsurfs.mgz -defect
defect2seg Done

 mris_remesh --remesh --iters 3 --input /out/sourcedata/freesurfer/sub-v1s2x0051475_ses-1/surf/lh.orig.premesh --output /out/sourcedata/freesurfer/sub-v1s2x0051475_ses-1/surf/lh.orig 

iters = 3
standard remeshing without target
   adjusted l: 0.714168
remeshing to edge length 0.714168 with 3 iterations

avg qual before   : 0.89406  after: 0.971298

Removing intersections
Remeshed surface quality stats nv0 = 146701  nv = 154083  1.05032
Area    308162  0.30536  0.03391 0.020857   0.4926
Corner  924486 60.00000  8.78086 10.140568 149.7006
Edge    462243  0.84773  0.08265 0.169135   1.2803
Hinge   462243  8.75302  9.06993 0.000001 139.0326
mris_remesh done
/out/sourcedata/freesurfer/sub-v1s2x0051475_ses-1/scripts

 mris_remove_intersection ../surf/lh.orig ../surf/lh.orig 

intersection removal took 0.00 hours
writing corrected surface to ../surf/lh.orig

 rm -f ../surf/lh.inflated 

#--------------------------------------------
#@# AutoDetGWStats lh Mon Mar  9 23:42:52 CET 2026
cd /out/sourcedata/freesurfer/sub-v1s2x0051475_ses-1/mri
mris_autodet_gwstats --o ../surf/autodet.gw.stats.lh.dat --i brain.finalsurfs.mgz --wm wm.mgz --surf ../surf/lh.orig.premesh
7.3.2

cd /out/sourcedata/freesurfer/sub-v1s2x0051475_ses-1/mri
setenv SUBJECTS_DIR /out/sourcedata/freesurfer
mris_autodet_gwstats --o ../surf/autodet.gw.stats.lh.dat --i brain.finalsurfs.mgz --wm wm.mgz --surf ../surf/lh.orig.premesh 

border white:    287978 voxels (1.72%)
border gray      302244 voxels (1.80%)
Reading in intensity volume brain.finalsurfs.mgz
Reading in wm volume wm.mgz
Reading in surf ../surf/lh.orig.premesh
Auto detecting stats
MRIclipBrightWM(): nthresh=22856, wmmin=5, clip=110 
Binarizing thresholding at 5
computing class statistics... low=30, hi=110.000000
CCS WM (103.0): 103.1 +- 6.0 [70.0 --> 110.0]
CCS GM (84.0) : 82.8 +- 11.3 [30.0 --> 110.0]
white_mean = 103.07 +/- 6.03128, gray_mean = 82.8057 +/- 11.333
using class modes intead of means, discounting robust sigmas....
MRIScomputeClassModes(): min=0 max=246 nbins=247
intensity peaks found at WM=107+-3.5,    GM=81+-7.8
white_mode = 107, gray_mode = 81
std_scale = 1
Applying sanity checks, max_scale_down = 0.2
setting MIN_GRAY_AT_WHITE_BORDER to 69.7 (was 70.000000)
setting MAX_BORDER_WHITE to 113.0 (was 105.000000)
setting MIN_BORDER_WHITE to 81.0 (was 85.000000)
setting MAX_CSF to 58.3 (was 40.000000)
setting MAX_GRAY to 101.0 (was 95.000000)
setting MAX_GRAY_AT_CSF_BORDER to 69.7 (was 75.000000)
setting MIN_GRAY_AT_CSF_BORDER to 47.0 (was 40.000000)
When placing the white surface
  white_border_hi   = 113.031;
  white_border_low  = 81;
  white_outside_low = 69.667;
  white_inside_hi   = 120;
  white_outside_hi  = 113.031;
When placing the pial surface
  pial_border_hi   = 69.667;
  pial_border_low  = 47.001;
  pial_outside_low = 10;
  pial_inside_hi   = 100.969;
  pial_outside_hi  = 64.0005;
#VMPC# mris_autodet_gwstats VmPeak  1350760
mris_autodet_gwstats done
#--------------------------------------------
#@# WhitePreAparc lh Mon Mar  9 23:42:55 CET 2026
cd /out/sourcedata/freesurfer/sub-v1s2x0051475_ses-1/mri
mris_place_surface --adgws-in ../surf/autodet.gw.stats.lh.dat --wm wm.mgz --threads 16 --invol brain.finalsurfs.mgz --lh --i ../surf/lh.orig --o ../surf/lh.white.preaparc --white --seg aseg.presurf.mgz --nsmooth 5
7.3.2
7.3.2

cd /out/sourcedata/freesurfer/sub-v1s2x0051475_ses-1/mri
setenv SUBJECTS_DIR /out/sourcedata/freesurfer
mris_place_surface --adgws-in ../surf/autodet.gw.stats.lh.dat --wm wm.mgz --threads 16 --invol brain.finalsurfs.mgz --lh --i ../surf/lh.orig --o ../surf/lh.white.preaparc --white --seg aseg.presurf.mgz --nsmooth 5 

Reading in input surface ../surf/lh.orig
Smoothing surface before ripping with 5 iterations
removing intersecting faces
000: 19 intersecting
001: 12 intersecting
step 1 with no progress (num=29, old_num=12)
002: 29 intersecting
003: 20 intersecting
004: 17 intersecting
005: 14 intersecting
step 1 with no progress (num=20, old_num=14)
006: 20 intersecting
007: 14 intersecting
step 1 with no progress (num=18, old_num=14)
008: 18 intersecting
009: 13 intersecting
step 1 with no progress (num=16, old_num=13)
010: 16 intersecting
011: 12 intersecting
step 1 with no progress (num=19, old_num=12)
012: 19 intersecting
013: 17 intersecting
step 1 with no progress (num=19, old_num=17)
014: 19 intersecting
step 2 with no progress (num=21, old_num=19)
015: 21 intersecting
016: 19 intersecting
step 1 with no progress (num=20, old_num=19)
017: 20 intersecting
018: 18 intersecting
step 1 with no progress (num=21, old_num=18)
019: 21 intersecting
020: 18 intersecting
step 1 with no progress (num=18, old_num=18)
021: 18 intersecting
022: 17 intersecting
step 1 with no progress (num=20, old_num=17)
023: 20 intersecting
024: 19 intersecting
025: 10 intersecting
step 1 with no progress (num=18, old_num=10)
026: 18 intersecting
step 2 with no progress (num=21, old_num=18)
027: 21 intersecting
028: 18 intersecting
step 1 with no progress (num=26, old_num=18)
029: 26 intersecting
step 2 with no progress (num=30, old_num=26)
030: 30 intersecting
step 3 with no progress (num=39, old_num=30)
031: 39 intersecting
032: 36 intersecting
033: 32 intersecting
step 1 with no progress (num=32, old_num=32)
034: 32 intersecting
035: 31 intersecting
step 1 with no progress (num=31, old_num=31)
036: 31 intersecting
step 2 with no progress (num=31, old_num=31)
037: 31 intersecting
step 3 with no progress (num=31, old_num=31)
038: 31 intersecting
step 4 with no progress (num=31, old_num=31)
039: 31 intersecting
step 5 with no progress (num=31, old_num=31)
040: 31 intersecting
step 6 with no progress (num=31, old_num=31)
041: 31 intersecting
step 7 with no progress (num=31, old_num=31)
042: 31 intersecting
step 8 with no progress (num=31, old_num=31)
043: 31 intersecting
step 9 with no progress (num=31, old_num=31)
044: 31 intersecting
step 10 with no progress (num=31, old_num=31)
045: 31 intersecting
step 11 with no progress (num=31, old_num=31)
046: 31 intersecting
step 12 with no progress (num=31, old_num=31)
047: 31 intersecting
step 13 with no progress (num=31, old_num=31)
048: 31 intersecting
step 14 with no progress (num=31, old_num=31)
049: 31 intersecting
step 15 with no progress (num=31, old_num=31)
050: 31 intersecting
step 16 with no progress (num=31, old_num=31)
terminating search with 10 intersecting
Area    308162  0.27505  0.06150 0.000000   0.5834
Corner  924486 60.00000  9.11211 0.010040 179.9616
Edge    462243  0.80062  0.11039 0.000089   1.3355
Hinge   462243  5.95099  5.96421 0.000020 177.1673
Not reading in aparc
Reading in input volume brain.finalsurfs.mgz
Reading in wm volume wm.mgz
MRIclipBrightWM(): nthresh=22856, wmmin=5, clip=110 
MRIfindBrightNonWM(): 503 bright non-wm voxels segmented.
Masking bright non-wm for white surface
MRImask(): AllowDiffGeom = 1
MRImask(): AllowDiffGeom = 1
Reading in seg volume aseg.presurf.mgz
Ripping frozen voxels
INFO: rip surface needed but not specified, so using input surface
Freezing midline and others
Entering: MRISripMidline(): inhibiting deformation at non-cortical midline structures...
  which=1, fix_mtl=0, using annot = 0
#FML0# MRISripMidline(): nripped=0
#FML# MRISripMidline(): nmarked=6939, nmarked2=14, nripped=6939
Ripping segs (eg, WMSA, BG, frozen)
Starting MRISripSegs() d = (-2 2 0.5) segnos: 247 
MRISripSegs(): -2 2 0.5 ripped 0
vertex 77042: xyz = (-40.0662,-11.9422,73.8613) oxyz = (-40.0662,-11.9422,73.8613) wxzy = (-40.0662,-11.9422,73.8613) pxyz = (0,0,0) 
CBVO Creating mask 154083
n_averages 4
Iteration 0 =========================================
n_averages=4, current_sigma=2
Freezing midline and others
Ripping frozen voxels
INFO: rip surface needed but not specified, so using input surface
Freezing midline and others
Entering: MRISripMidline(): inhibiting deformation at non-cortical midline structures...
  which=1, fix_mtl=0, using annot = 0
#FML0# MRISripMidline(): nripped=6939
#FML# MRISripMidline(): nmarked=6939, nmarked2=14, nripped=6939
Ripping segs (eg, WMSA, BG, frozen)
Starting MRISripSegs() d = (-2 2 0.5) segnos: 247 247 
MRISripSegs(): -2 2 0.5 ripped 0
Computing target border values 
Entering MRIScomputeBorderValues_new(): 
  inside_hi   = 120.0000000;
  border_hi   = 113.0312880;
  border_low  =  81.0000000;
  outside_low =  69.6670070;
  outside_hi  = 113.0312880;
  sigma = 2;
  max_thickness = 10;
  step_size=0.5;
  STEP_SIZE=0.1;
  which = 1
  thresh = 0
  flags = 0
  CBVfindFirstPeakD1=0
  CBVfindFirstPeakD2=0
  nvertices=154083
  Gdiag_no=-1
  vno start=0, stop=154083
Replacing 255s with 0s
#SI# sigma=2 had to be increased for 128 vertices, nripped=6939
mean border=89.6, 93 (93) missing vertices, mean dist 0.4 [0.8 (%30.7)->0.9 (%69.3))]
%48 local maxima, %47 large gradients and % 0 min vals, 0 gradients ignored
nFirstPeakD1 0
MRIScomputeBorderValues_new() finished in 0.0161 min


Finding expansion regions
mean absolute distance = 0.85 +- 1.07
4171 vertices more than 2 sigmas from mean.
Averaging target values for 5 iterations...
Positioning Surface: tspring = 0.3, nspring = 0.3, spring = 0, niters = 100 l_repulse = 5, l_surf_repulse = 0, checktol = 0
Positioning pial surface
Entering MRISpositionSurface()
  max_mm = 0.3
  MAX_REDUCTIONS = 2, REDUCTION_PCT = 0.5
  parms->check_tol = 0, niterations = 100
tol=1.0e-04, sigma=2.0, host=dna01, nav=4, nbrs=2, l_repulse=5.000, l_tspring=0.300, l_nspring=0.300, l_intensity=0.200, l_curv=1.000
mom=0.00, dt=0.50
complete_dist_mat 0
rms 0
smooth_averages 0
remove_neg 0
ico_order 0
which_surface 0
target_radius 0.000000
nfields 0
scale 0.000000
desired_rms_height 0.000000
momentum 0.000000
nbhd_size 0
max_nbrs 0
niterations 100
nsurfaces 0
SURFACES 3
flags 0 (0)
use curv 0
no sulc 0
no rigid align 0
mris->nsize 2
mris->hemisphere 0
randomSeed 0

000: dt: 0.0000, sse=2404084.0, rms=8.710
001: dt: 0.5000, sse=1282395.6, rms=6.150 (29.396%)
002: dt: 0.5000, sse=754831.9, rms=4.460 (27.468%)
003: dt: 0.5000, sse=501227.9, rms=3.355 (24.788%)
004: dt: 0.5000, sse=380435.0, rms=2.666 (20.524%)
005: dt: 0.5000, sse=325203.4, rms=2.279 (14.534%)
006: dt: 0.5000, sse=301163.5, rms=2.073 (9.020%)
007: dt: 0.5000, sse=288978.2, rms=1.969 (5.040%)
008: dt: 0.5000, sse=285156.4, rms=1.913 (2.807%)
rms = 1.8806/1.9135, sse=281494.8/285156.4, time step reduction 1 of 3 to 0.250  0 0 1
009: dt: 0.5000, sse=281494.8, rms=1.881 (1.720%)
010: dt: 0.2500, sse=230247.1, rms=1.295 (31.163%)
011: dt: 0.2500, sse=223236.8, rms=1.208 (6.721%)
rms = 1.1869/1.2075, sse=221507.6/223236.8, time step reduction 2 of 3 to 0.125  0 0 1
012: dt: 0.2500, sse=221507.6, rms=1.187 (1.704%)
rms = 1.1730/1.1869, sse=223146.6/221507.6, time step reduction 3 of 3 to 0.062  0 1 1
013: dt: 0.1250, sse=223146.6, rms=1.173 (1.178%)
  maximum number of reductions reached, breaking from loop
positioning took 1.3 minutes
Iteration 1 =========================================
n_averages=2, current_sigma=1
Freezing midline and others
Ripping frozen voxels
INFO: rip surface needed but not specified, so using input surface
Freezing midline and others
Entering: MRISripMidline(): inhibiting deformation at non-cortical midline structures...
  which=1, fix_mtl=0, using annot = 0
#FML0# MRISripMidline(): nripped=6939
removing 2 vertices from ripped group in thread:0
removing 4 vertices from ripped group in thread:0
removing 2 vertices from ripped group in thread:0
removing 4 vertices from ripped group in thread:0
removing 4 vertices from ripped group in thread:0
removing 3 vertices from ripped group in thread:0
removing 4 vertices from ripped group in thread:0
removing 4 vertices from ripped group in thread:0
#FML# MRISripMidline(): nmarked=7305, nmarked2=28, nripped=7305
Ripping segs (eg, WMSA, BG, frozen)
Starting MRISripSegs() d = (-2 2 0.5) segnos: 247 247 247 
MRISripSegs(): -2 2 0.5 ripped 0
Computing target border values 
Entering MRIScomputeBorderValues_new(): 
  inside_hi   = 120.0000000;
  border_hi   = 113.0312880;
  border_low  =  81.0000000;
  outside_low =  69.6670070;
  outside_hi  = 113.0312880;
  sigma = 1;
  max_thickness = 10;
  step_size=0.5;
  STEP_SIZE=0.1;
  which = 1
  thresh = 0
  flags = 0
  CBVfindFirstPeakD1=0
  CBVfindFirstPeakD2=0
  nvertices=154083
  Gdiag_no=-1
  vno start=0, stop=154083
Replacing 255s with 0s
#SI# sigma=1 had to be increased for 74 vertices, nripped=7305
mean border=92.5, 77 (17) missing vertices, mean dist -0.4 [0.6 (%72.4)->0.2 (%27.6))]
%67 local maxima, %29 large gradients and % 0 min vals, 0 gradients ignored
nFirstPeakD1 0
MRIScomputeBorderValues_new() finished in 0.0123 min


Finding expansion regions
mean absolute distance = 0.50 +- 0.79
4801 vertices more than 2 sigmas from mean.
Averaging target values for 5 iterations...
Positioning Surface: tspring = 0.3, nspring = 0.3, spring = 0, niters = 100 l_repulse = 5, l_surf_repulse = 0, checktol = 0
Positioning pial surface
Entering MRISpositionSurface()
  max_mm = 0.3
  MAX_REDUCTIONS = 2, REDUCTION_PCT = 0.5
  parms->check_tol = 0, niterations = 100
tol=1.0e-04, sigma=1.0, host=dna01, nav=2, nbrs=2, l_repulse=5.000, l_tspring=0.300, l_nspring=0.300, l_intensity=0.200, l_curv=1.000
mom=0.00, dt=0.50
000: dt: 0.0000, sse=825238.3, rms=4.518
014: dt: 0.5000, sse=495397.4, rms=3.055 (32.389%)
015: dt: 0.5000, sse=381576.4, rms=2.348 (23.150%)
016: dt: 0.5000, sse=328518.4, rms=1.921 (18.171%)
017: dt: 0.5000, sse=304643.8, rms=1.692 (11.900%)
018: dt: 0.5000, sse=293857.6, rms=1.573 (7.037%)
rms = 1.5495/1.5734, sse=291752.9/293857.6, time step reduction 1 of 3 to 0.250  0 0 1
019: dt: 0.5000, sse=291752.9, rms=1.550 (1.514%)
020: dt: 0.2500, sse=247602.6, rms=0.914 (41.039%)
021: dt: 0.2500, sse=241761.1, rms=0.810 (11.367%)
rms = 0.7900/0.8098, sse=242122.9/241761.1, time step reduction 2 of 3 to 0.125  0 1 1
022: dt: 0.2500, sse=242122.9, rms=0.790 (2.443%)
rms = 0.7758/0.7900, sse=241962.5/242122.9, time step reduction 3 of 3 to 0.062  0 0 1
023: dt: 0.1250, sse=241962.5, rms=0.776 (1.799%)
  maximum number of reductions reached, breaking from loop
positioning took 0.9 minutes
Iteration 2 =========================================
n_averages=1, current_sigma=0.5
Freezing midline and others
Ripping frozen voxels
INFO: rip surface needed but not specified, so using input surface
Freezing midline and others
Entering: MRISripMidline(): inhibiting deformation at non-cortical midline structures...
  which=1, fix_mtl=0, using annot = 0
#FML0# MRISripMidline(): nripped=7305
removing 3 vertices from ripped group in thread:0
removing 3 vertices from ripped group in thread:0
removing 4 vertices from ripped group in thread:0
#FML# MRISripMidline(): nmarked=7353, nmarked2=29, nripped=7353
Ripping segs (eg, WMSA, BG, frozen)
Starting MRISripSegs() d = (-2 2 0.5) segnos: 247 247 247 247 
MRISripSegs(): -2 2 0.5 ripped 0
Computing target border values 
Entering MRIScomputeBorderValues_new(): 
  inside_hi   = 120.0000000;
  border_hi   = 113.0312880;
  border_low  =  81.0000000;
  outside_low =  69.6670070;
  outside_hi  = 113.0312880;
  sigma = 0.5;
  max_thickness = 10;
  step_size=0.5;
  STEP_SIZE=0.1;
  which = 1
  thresh = 0
  flags = 0
  CBVfindFirstPeakD1=0
  CBVfindFirstPeakD2=0
  nvertices=154083
  Gdiag_no=-1
  vno start=0, stop=154083
Replacing 255s with 0s
#SI# sigma=0.5 had to be increased for 161 vertices, nripped=7353
mean border=94.9, 64 (11) missing vertices, mean dist -0.3 [0.4 (%75.8)->0.2 (%24.2))]
%83 local maxima, %12 large gradients and % 0 min vals, 0 gradients ignored
nFirstPeakD1 0
MRIScomputeBorderValues_new() finished in 0.0072 min


Finding expansion regions
mean absolute distance = 0.37 +- 0.53
6529 vertices more than 2 sigmas from mean.
Averaging target values for 5 iterations...
Positioning Surface: tspring = 0.3, nspring = 0.3, spring = 0, niters = 100 l_repulse = 5, l_surf_repulse = 0, checktol = 0
Positioning pial surface
Entering MRISpositionSurface()
  max_mm = 0.3
  MAX_REDUCTIONS = 2, REDUCTION_PCT = 0.5
  parms->check_tol = 0, niterations = 100
tol=1.0e-04, sigma=0.5, host=dna01, nav=1, nbrs=2, l_repulse=5.000, l_tspring=0.300, l_nspring=0.300, l_intensity=0.200, l_curv=1.000
mom=0.00, dt=0.50
000: dt: 0.0000, sse=550144.4, rms=3.383
024: dt: 0.5000, sse=344248.6, rms=1.991 (41.152%)
025: dt: 0.5000, sse=281771.7, rms=1.472 (26.077%)
026: dt: 0.5000, sse=268876.8, rms=1.292 (12.196%)
rms = 1.3155/1.2922, sse=270439.2/268876.8, time step reduction 1 of 3 to 0.250  0 1 1
   RMS increased, rejecting step
027: dt: 0.2500, sse=247152.6, rms=0.968 (25.086%)
028: dt: 0.2500, sse=239739.4, rms=0.791 (18.244%)
rms = 0.7459/0.7914, sse=240170.2/239739.4, time step reduction 2 of 3 to 0.125  0 1 1
029: dt: 0.2500, sse=240170.2, rms=0.746 (5.753%)
rms = 0.7315/0.7459, sse=245111.2/240170.2, time step reduction 3 of 3 to 0.062  0 1 1
030: dt: 0.1250, sse=245111.2, rms=0.731 (1.936%)
  maximum number of reductions reached, breaking from loop
positioning took 0.7 minutes
Iteration 3 =========================================
n_averages=0, current_sigma=0.25
Freezing midline and others
Ripping frozen voxels
INFO: rip surface needed but not specified, so using input surface
Freezing midline and others
Entering: MRISripMidline(): inhibiting deformation at non-cortical midline structures...
  which=1, fix_mtl=0, using annot = 0
#FML0# MRISripMidline(): nripped=7353
removing 4 vertices from ripped group in thread:0
removing 3 vertices from ripped group in thread:0
removing 3 vertices from ripped group in thread:0
removing 2 vertices from ripped group in thread:0
removing 4 vertices from ripped group in thread:0
#FML# MRISripMidline(): nmarked=7400, nmarked2=31, nripped=7400
Ripping segs (eg, WMSA, BG, frozen)
Starting MRISripSegs() d = (-2 2 0.5) segnos: 247 247 247 247 247 
MRISripSegs(): -2 2 0.5 ripped 0
Computing target border values 
Entering MRIScomputeBorderValues_new(): 
  inside_hi   = 120.0000000;
  border_hi   = 113.0312880;
  border_low  =  81.0000000;
  outside_low =  69.6670070;
  outside_hi  = 113.0312880;
  sigma = 0.25;
  max_thickness = 10;
  step_size=0.5;
  STEP_SIZE=0.1;
  which = 1
  thresh = 0
  flags = 0
  CBVfindFirstPeakD1=0
  CBVfindFirstPeakD2=0
  nvertices=154083
  Gdiag_no=-1
  vno start=0, stop=154083
Replacing 255s with 0s
#SI# sigma=0.25 had to be increased for 237 vertices, nripped=7400
mean border=95.6, 94 (9) missing vertices, mean dist -0.1 [0.3 (%60.8)->0.2 (%39.2))]
%87 local maxima, % 8 large gradients and % 0 min vals, 0 gradients ignored
nFirstPeakD1 0
MRIScomputeBorderValues_new() finished in 0.0061 min


Finding expansion regions
mean absolute distance = 0.24 +- 0.37
4965 vertices more than 2 sigmas from mean.
Averaging target values for 5 iterations...
Positioning Surface: tspring = 0.3, nspring = 0.3, spring = 0, niters = 100 l_repulse = 5, l_surf_repulse = 0, checktol = 0
Positioning pial surface
Entering MRISpositionSurface()
  max_mm = 0.3
  MAX_REDUCTIONS = 2, REDUCTION_PCT = 0.5
  parms->check_tol = 0, niterations = 100
tol=1.0e-04, sigma=0.2, host=dna01, nav=0, nbrs=2, l_repulse=5.000, l_tspring=0.300, l_nspring=0.300, l_intensity=0.200, l_curv=1.000
mom=0.00, dt=0.50
000: dt: 0.0000, sse=277017.0, rms=1.340
031: dt: 0.5000, sse=244205.8, rms=0.820 (38.836%)
rms = 0.9152/0.8196, sse=248237.5/244205.8, time step reduction 1 of 3 to 0.250  0 1 1
   RMS increased, rejecting step
032: dt: 0.2500, sse=236486.9, rms=0.678 (17.240%)
033: dt: 0.2500, sse=232481.6, rms=0.626 (7.742%)
rms = 0.6060/0.6258, sse=229304.5/232481.6, time step reduction 2 of 3 to 0.125  0 0 1
034: dt: 0.2500, sse=229304.5, rms=0.606 (3.154%)
rms = 0.6028/0.6060, sse=228786.3/229304.5, time step reduction 3 of 3 to 0.062  0 0 1
035: dt: 0.1250, sse=228786.3, rms=0.603 (0.535%)
  maximum number of reductions reached, breaking from loop
positioning took 0.5 minutes
removing intersecting faces
000: 10 intersecting
step 1 with no progress (num=10, old_num=10)
001: 10 intersecting
step 2 with no progress (num=10, old_num=10)
002: 10 intersecting
step 3 with no progress (num=10, old_num=10)
003: 10 intersecting
step 4 with no progress (num=10, old_num=10)
004: 10 intersecting
step 5 with no progress (num=10, old_num=10)
005: 10 intersecting
step 6 with no progress (num=10, old_num=10)
006: 10 intersecting
step 7 with no progress (num=10, old_num=10)
007: 10 intersecting
step 8 with no progress (num=10, old_num=10)
008: 10 intersecting
step 9 with no progress (num=10, old_num=10)
009: 10 intersecting
step 10 with no progress (num=10, old_num=10)
010: 10 intersecting
step 11 with no progress (num=10, old_num=10)
011: 10 intersecting
step 12 with no progress (num=10, old_num=10)
012: 10 intersecting
step 13 with no progress (num=10, old_num=10)
013: 10 intersecting
step 14 with no progress (num=10, old_num=10)
014: 10 intersecting
step 15 with no progress (num=10, old_num=10)
015: 10 intersecting
step 16 with no progress (num=10, old_num=10)
terminating search with 10 intersecting


Writing output to ../surf/lh.white.preaparc
#ET# mris_place_surface  4.18 minutes
#VMPC# mris_place_surfaces VmPeak  3528992
mris_place_surface done
#--------------------------------------------
#@# CortexLabel lh Mon Mar  9 23:49:07 CET 2026
cd /out/sourcedata/freesurfer/sub-v1s2x0051475_ses-1/mri
mri_label2label --label-cortex ../surf/lh.white.preaparc aseg.presurf.mgz 0 ../label/lh.cortex.label

 Generating cortex label... RemoveHipAmgy=0
 NucAccIsMedialWall=0
 mris->useRealRAS=0
4 non-cortical segments detected
only using segment with 8801 vertices
erasing segment 1 (vno[0] = 94389)
erasing segment 2 (vno[0] = 111506)
erasing segment 3 (vno[0] = 112061)
#--------------------------------------------
#@# CortexLabel+HipAmyg lh Mon Mar  9 23:49:25 CET 2026
cd /out/sourcedata/freesurfer/sub-v1s2x0051475_ses-1/mri
mri_label2label --label-cortex ../surf/lh.white.preaparc aseg.presurf.mgz 1 ../label/lh.cortex+hipamyg.label

 Generating cortex label... RemoveHipAmgy=1
 NucAccIsMedialWall=0
 mris->useRealRAS=0
6 non-cortical segments detected
only using segment with 6664 vertices
erasing segment 1 (vno[0] = 74996)
erasing segment 2 (vno[0] = 81166)
erasing segment 3 (vno[0] = 94389)
erasing segment 4 (vno[0] = 111506)
erasing segment 5 (vno[0] = 112061)
#--------------------------------------------
#@# Smooth2 lh Mon Mar  9 23:49:43 CET 2026
/out/sourcedata/freesurfer/sub-v1s2x0051475_ses-1/scripts

 mris_smooth -n 3 -nw -seed 1234 ../surf/lh.white.preaparc ../surf/lh.smoothwm 

smoothing for 3 iterations
setting seed for random number generator to 1234
smoothing surface tessellation for 3 iterations...
smoothing complete - recomputing first and second fundamental forms...
#--------------------------------------------
#@# Inflation2 lh Mon Mar  9 23:49:46 CET 2026
/out/sourcedata/freesurfer/sub-v1s2x0051475_ses-1/scripts

 mris_inflate ../surf/lh.smoothwm ../surf/lh.inflated 

Reading ../surf/lh.smoothwm
avg radius = 50.8 mm, total surface area = 91021 mm^2
step 000: RMS=0.150 (target=0.015)   step 005: RMS=0.106 (target=0.015)   step 010: RMS=0.078 (target=0.015)   step 015: RMS=0.063 (target=0.015)   step 020: RMS=0.053 (target=0.015)   step 025: RMS=0.044 (target=0.015)   step 030: RMS=0.037 (target=0.015)   step 035: RMS=0.031 (target=0.015)   step 040: RMS=0.027 (target=0.015)   step 045: RMS=0.024 (target=0.015)   step 050: RMS=0.021 (target=0.015)   step 055: RMS=0.020 (target=0.015)   step 060: RMS=0.019 (target=0.015)   writing inflated surface to ../surf/lh.inflated
writing sulcal depths to ../surf/lh.sulc

inflation complete.
inflation took 0.3 minutes
mris_inflate utimesec    75.646876
mris_inflate stimesec    2.153158
mris_inflate ru_maxrss   235804
mris_inflate ru_ixrss    0
mris_inflate ru_idrss    0
mris_inflate ru_isrss    0
mris_inflate ru_minflt   556993
mris_inflate ru_majflt   1
mris_inflate ru_nswap    0
mris_inflate ru_inblock  130
mris_inflate ru_oublock  12048
mris_inflate ru_msgsnd   0
mris_inflate ru_msgrcv   0
mris_inflate ru_nsignals 0
mris_inflate ru_nvcsw    8348
mris_inflate ru_nivcsw   311
#--------------------------------------------
#@# Curv .H and .K lh Mon Mar  9 23:50:03 CET 2026
/out/sourcedata/freesurfer/sub-v1s2x0051475_ses-1/surf

 mris_curvature -w -seed 1234 lh.white.preaparc 

setting seed for random number generator to 1234
total integrated curvature = 16.978*4pi (213.349) --> -16 handles
ICI = 125.4, FI = 1274.4, variation=19946.513
writing Gaussian curvature to ./lh.white.preaparc.K...done.
writing mean curvature to ./lh.white.preaparc.H...done.
rm -f lh.white.H
ln -s lh.white.preaparc.H lh.white.H
rm -f lh.white.K
ln -s lh.white.preaparc.K lh.white.K

 mris_curvature -seed 1234 -thresh .999 -n -a 5 -w -distances 10 10 lh.inflated 

setting seed for random number generator to 1234
normalizing curvature values.
averaging curvature patterns 5 times.
sampling 10 neighbors out to a distance of 10 mm
195 vertices thresholded to be in k1 ~ [-0.36 0.73], k2 ~ [-0.14 0.08]
total integrated curvature = 0.603*4pi (7.584) --> 0 handles
ICI = 1.7, FI = 11.1, variation=189.438
149 vertices thresholded to be in [-0.03 0.03]
writing Gaussian curvature to ./lh.inflated.K...thresholding curvature at 99.90% level
curvature mean = 0.000, std = 0.002
146 vertices thresholded to be in [-0.19 0.27]
done.
writing mean curvature to ./lh.inflated.H...curvature mean = -0.016, std = 0.024
done.
#--------------------------------------------
#@# Sphere lh Mon Mar  9 23:50:54 CET 2026
/out/sourcedata/freesurfer/sub-v1s2x0051475_ses-1/scripts

 mris_sphere -seed 1234 ../surf/lh.inflated ../surf/lh.sphere 

setting seed for random number genererator to 1234
version: 7.3.2
available threads: 16
reading original vertex positions...
projecting onto sphere...
surface projected - minimizing metric distortion...
scaling brain by 0.266...
MRISunfold() max_passes = 1 -------
tol=5.0e-01, sigma=0.0, host=dna01, nav=1024, nbrs=2, l_area=1.000, l_dist=1.000
using quadratic fit line minimization
complete_dist_mat 0
rms 0
smooth_averages 0
remove_neg 0
ico_order 0
which_surface 0
target_radius 0.000000
nfields 0
scale 1.000000
desired_rms_height -1.000000
momentum 0.900000
nbhd_size 7
max_nbrs 8
niterations 25
nsurfaces 0
SURFACES 3
flags 0 (0)
use curv 0
no sulc 0
no rigid align 0
mris->nsize 2
mris->hemisphere 0
randomSeed 1234

singular matrix in quadratic form
singular matrix in quadratic form
singular matrix in quadratic form
--------------------
  mrisRemoveNegativeArea()
pass 1: epoch 1 of 3 starting distance error %21.33
pass 1: epoch 2 of 3 starting distance error %21.32
unfolding complete - removing small folds...
starting distance error %21.24
removing remaining folds...
final distance error %21.24
MRISunfold() return, current seed 1234
-01: dt=0.0000,  89 negative triangles  VmPeak 1626628
096: dt=0.9900,  89 negative triangles
097: dt=0.9900,  47 negative triangles
098: dt=0.9900,  40 negative triangles
099: dt=0.9900,  35 negative triangles
100: dt=0.9900,  29 negative triangles
101: dt=0.9900,  28 negative triangles
102: dt=0.9900,  29 negative triangles
103: dt=0.9900,  28 negative triangles
104: dt=0.9900,  25 negative triangles
105: dt=0.9900,  24 negative triangles
106: dt=0.9900,  24 negative triangles
107: dt=0.9900,  25 negative triangles
108: dt=0.9900,  24 negative triangles
109: dt=0.9900,  24 negative triangles
110: dt=0.9900,  24 negative triangles
111: dt=0.9900,  25 negative triangles
112: dt=0.9900,  25 negative triangles
113: dt=0.9900,  24 negative triangles
114: dt=0.9900,  25 negative triangles
115: dt=0.9405,  25 negative triangles
116: dt=0.9405,  25 negative triangles
117: dt=0.9405,  24 negative triangles
118: dt=0.9405,  24 negative triangles
119: dt=0.9405,  24 negative triangles
120: dt=0.9405,  24 negative triangles
121: dt=0.9405,  23 negative triangles
122: dt=0.9405,  25 negative triangles
123: dt=0.9405,  23 negative triangles
124: dt=0.9405,  22 negative triangles
125: dt=0.9405,  25 negative triangles
126: dt=0.9405,  22 negative triangles
127: dt=0.9405,  23 negative triangles
128: dt=0.9405,  23 negative triangles
129: dt=0.9405,  21 negative triangles
130: dt=0.9405,  23 negative triangles
131: dt=0.9405,  23 negative triangles
132: dt=0.9405,  26 negative triangles
133: dt=0.9405,  25 negative triangles
134: dt=0.9405,  25 negative triangles
135: dt=0.9405,  24 negative triangles
136: dt=0.9405,  26 negative triangles
137: dt=0.9405,  26 negative triangles
138: dt=0.9405,  23 negative triangles
139: dt=0.8935,  24 negative triangles
140: dt=0.8935,  21 negative triangles
141: dt=0.8935,  23 negative triangles
142: dt=0.8935,  24 negative triangles
143: dt=0.8935,  25 negative triangles
144: dt=0.8935,  23 negative triangles
145: dt=0.8935,  22 negative triangles
146: dt=0.8935,  24 negative triangles
147: dt=0.8935,  23 negative triangles
148: dt=0.8935,  21 negative triangles
149: dt=0.8488,  22 negative triangles
150: dt=0.8488,  22 negative triangles
151: dt=0.8488,  24 negative triangles
152: dt=0.8488,  20 negative triangles
153: dt=0.8488,  24 negative triangles
154: dt=0.8488,  23 negative triangles
155: dt=0.8488,  27 negative triangles
156: dt=0.8488,  24 negative triangles
157: dt=0.8488,  24 negative triangles
158: dt=0.8488,  24 negative triangles
159: dt=0.8488,  24 negative triangles
160: dt=0.8488,  23 negative triangles
161: dt=0.8488,  22 negative triangles
162: dt=0.8064,  23 negative triangles
163: dt=0.8064,  24 negative triangles
164: dt=0.8064,  23 negative triangles
165: dt=0.8064,  24 negative triangles
166: dt=0.8064,  21 negative triangles
167: dt=0.8064,  22 negative triangles
168: dt=0.8064,  23 negative triangles
169: dt=0.8064,  21 negative triangles
170: dt=0.8064,  21 negative triangles
171: dt=0.8064,  22 negative triangles
172: dt=0.7660,  22 negative triangles
173: dt=0.7660,  22 negative triangles
174: dt=0.7660,  22 negative triangles
175: dt=0.7660,  22 negative triangles
176: dt=0.7660,  23 negative triangles
177: dt=0.7660,  22 negative triangles
178: dt=0.7660,  22 negative triangles
179: dt=0.7660,  21 negative triangles
180: dt=0.7660,  25 negative triangles
181: dt=0.7660,  24 negative triangles
182: dt=0.7277,  25 negative triangles
183: dt=0.7277,  25 negative triangles
184: dt=0.7277,  25 negative triangles
185: dt=0.7277,  25 negative triangles
186: dt=0.7277,  27 negative triangles
187: dt=0.7277,  25 negative triangles
188: dt=0.7277,  25 negative triangles
189: dt=0.7277,  24 negative triangles
190: dt=0.7277,  25 negative triangles
191: dt=0.7277,  27 negative triangles
192: dt=0.6914,  28 negative triangles
193: dt=0.6914,  26 negative triangles
194: dt=0.6914,  26 negative triangles
195: dt=0.6914,  27 negative triangles
196: dt=0.6914,  25 negative triangles
197: dt=0.6914,  27 negative triangles
198: dt=0.6914,  27 negative triangles
199: dt=0.6914,  25 negative triangles
200: dt=0.6914,  24 negative triangles
201: dt=0.6914,  24 negative triangles
202: dt=0.6568,  26 negative triangles
expanding nbhd size to 1
203: dt=0.9900,  25 negative triangles
204: dt=0.9900,  27 negative triangles
205: dt=0.9900,  28 negative triangles
206: dt=0.9900,  25 negative triangles
207: dt=0.9900,  28 negative triangles
208: dt=0.9900,  26 negative triangles
209: dt=0.9900,  27 negative triangles
210: dt=0.9900,  26 negative triangles
211: dt=0.9900,  26 negative triangles
212: dt=0.9405,  28 negative triangles
213: dt=0.9405,  29 negative triangles
214: dt=0.9405,  29 negative triangles
215: dt=0.9405,  29 negative triangles
216: dt=0.9405,  29 negative triangles
217: dt=0.9405,  28 negative triangles
218: dt=0.9405,  29 negative triangles
219: dt=0.9405,  29 negative triangles
220: dt=0.9405,  28 negative triangles
221: dt=0.9405,  27 negative triangles
222: dt=0.8935,  27 negative triangles
223: dt=0.8935,  27 negative triangles
224: dt=0.8935,  29 negative triangles
225: dt=0.8935,  28 negative triangles
226: dt=0.8935,  29 negative triangles
227: dt=0.8935,  28 negative triangles
228: dt=0.8935,  29 negative triangles
229: dt=0.8935,  29 negative triangles
230: dt=0.8935,  28 negative triangles
231: dt=0.8935,  29 negative triangles
232: dt=0.8488,  29 negative triangles
233: dt=0.8488,  28 negative triangles
234: dt=0.8488,  28 negative triangles
235: dt=0.8488,  28 negative triangles
236: dt=0.8488,  29 negative triangles
237: dt=0.8488,  28 negative triangles
238: dt=0.8488,  28 negative triangles
239: dt=0.8488,  29 negative triangles
240: dt=0.8488,  28 negative triangles
241: dt=0.8488,  29 negative triangles
242: dt=0.8064,  30 negative triangles
243: dt=0.8064,  29 negative triangles
244: dt=0.8064,  29 negative triangles
245: dt=0.8064,  31 negative triangles
246: dt=0.8064,  28 negative triangles
247: dt=0.8064,  30 negative triangles
248: dt=0.8064,  30 negative triangles
249: dt=0.8064,  28 negative triangles
250: dt=0.8064,  29 negative triangles
251: dt=0.8064,  29 negative triangles
252: dt=0.7660,  28 negative triangles
253: dt=0.7660,  30 negative triangles
254: dt=0.7660,  29 negative triangles
255: dt=0.7660,  27 negative triangles
256: dt=0.7660,  30 negative triangles
257: dt=0.7660,  29 negative triangles
258: dt=0.7660,  28 negative triangles
259: dt=0.7660,  31 negative triangles
260: dt=0.7660,  27 negative triangles
261: dt=0.7660,  29 negative triangles
262: dt=0.7277,  29 negative triangles
263: dt=0.7277,  29 negative triangles
264: dt=0.7277,  31 negative triangles
265: dt=0.7277,  31 negative triangles
266: dt=0.7277,  30 negative triangles
267: dt=0.7277,  28 negative triangles
268: dt=0.7277,  29 negative triangles
269: dt=0.7277,  29 negative triangles
270: dt=0.7277,  29 negative triangles
271: dt=0.7277,  29 negative triangles
272: dt=0.6914,  30 negative triangles
273: dt=0.6914,  29 negative triangles
274: dt=0.6914,  29 negative triangles
275: dt=0.6914,  28 negative triangles
276: dt=0.6914,  29 negative triangles
277: dt=0.6914,  27 negative triangles
278: dt=0.6914,  29 negative triangles
279: dt=0.6914,  27 negative triangles
280: dt=0.6914,  30 negative triangles
281: dt=0.6914,  32 negative triangles
282: dt=0.6568,  29 negative triangles
283: dt=0.6568,  29 negative triangles
284: dt=0.6568,  28 negative triangles
285: dt=0.6568,  31 negative triangles
286: dt=0.6568,  30 negative triangles
287: dt=0.6568,  31 negative triangles
288: dt=0.6568,  32 negative triangles
289: dt=0.6568,  30 negative triangles
290: dt=0.6568,  29 negative triangles
291: dt=0.6568,  29 negative triangles
292: dt=0.6239,  29 negative triangles
293: dt=0.6239,  29 negative triangles
294: dt=0.6239,  27 negative triangles
295: dt=0.6239,  29 negative triangles
296: dt=0.6239,  28 negative triangles
297: dt=0.6239,  30 negative triangles
298: dt=0.6239,  30 negative triangles
299: dt=0.6239,  33 negative triangles
300: dt=0.6239,  33 negative triangles
301: dt=0.6239,  33 negative triangles
302: dt=0.5927,  28 negative triangles
303: dt=0.5927,  30 negative triangles
304: dt=0.5927,  28 negative triangles
305: dt=0.5927,  29 negative triangles
306: dt=0.5927,  30 negative triangles
307: dt=0.5927,  30 negative triangles
308: dt=0.5927,  31 negative triangles
309: dt=0.5927,  31 negative triangles
310: dt=0.5927,  27 negative triangles
311: dt=0.5927,  29 negative triangles
312: dt=0.5631,  28 negative triangles
313: dt=0.5631,  29 negative triangles
314: dt=0.5631,  28 negative triangles
315: dt=0.5631,  29 negative triangles
316: dt=0.5631,  30 negative triangles
317: dt=0.5631,  28 negative triangles
318: dt=0.5631,  29 negative triangles
319: dt=0.5631,  31 negative triangles
320: dt=0.5631,  30 negative triangles
321: dt=0.5631,  25 negative triangles
322: dt=0.5350,  27 negative triangles
323: dt=0.5350,  32 negative triangles
324: dt=0.5350,  29 negative triangles
325: dt=0.5350,  31 negative triangles
326: dt=0.5350,  30 negative triangles
327: dt=0.5350,  30 negative triangles
328: dt=0.5350,  27 negative triangles
329: dt=0.5350,  29 negative triangles
330: dt=0.5350,  28 negative triangles
331: dt=0.5350,  27 negative triangles
332: dt=0.5082,  28 negative triangles
333: dt=0.5082,  24 negative triangles
334: dt=0.5082,  27 negative triangles
335: dt=0.5082,  28 negative triangles
336: dt=0.5082,  29 negative triangles
337: dt=0.5082,  26 negative triangles
338: dt=0.5082,  29 negative triangles
339: dt=0.5082,  30 negative triangles
340: dt=0.5082,  29 negative triangles
341: dt=0.5082,  27 negative triangles
342: dt=0.4828,  26 negative triangles
343: dt=0.4828,  27 negative triangles
344: dt=0.4828,  32 negative triangles
345: dt=0.4828,  30 negative triangles
346: dt=0.4828,  26 negative triangles
347: dt=0.4828,  28 negative triangles
348: dt=0.4828,  26 negative triangles
349: dt=0.4828,  29 negative triangles
350: dt=0.4828,  29 negative triangles
351: dt=0.4828,  27 negative triangles
352: dt=0.4587,  26 negative triangles
353: dt=0.4587,  29 negative triangles
354: dt=0.4587,  29 negative triangles
355: dt=0.4587,  26 negative triangles
356: dt=0.4587,  27 negative triangles
357: dt=0.4587,  27 negative triangles
358: dt=0.4587,  25 negative triangles
359: dt=0.4587,  30 negative triangles
360: dt=0.4587,  30 negative triangles
361: dt=0.4587,  31 negative triangles
362: dt=0.4357,  26 negative triangles
363: dt=0.4357,  27 negative triangles
364: dt=0.4357,  30 negative triangles
365: dt=0.4357,  27 negative triangles
366: dt=0.4357,  28 negative triangles
367: dt=0.4357,  29 negative triangles
368: dt=0.4357,  28 negative triangles
369: dt=0.4357,  28 negative triangles
370: dt=0.4357,  27 negative triangles
371: dt=0.4357,  29 negative triangles
372: dt=0.4139,  28 negative triangles
373: dt=0.4139,  27 negative triangles
374: dt=0.4139,  27 negative triangles
375: dt=0.4139,  30 negative triangles
376: dt=0.4139,  26 negative triangles
377: dt=0.4139,  30 negative triangles
378: dt=0.4139,  29 negative triangles
379: dt=0.4139,  27 negative triangles
380: dt=0.4139,  26 negative triangles
381: dt=0.4139,  26 negative triangles
382: dt=0.3932,  27 negative triangles
383: dt=0.3932,  27 negative triangles
384: dt=0.3932,  27 negative triangles
385: dt=0.3932,  29 negative triangles
386: dt=0.3932,  27 negative triangles
387: dt=0.3932,  26 negative triangles
388: dt=0.3932,  27 negative triangles
389: dt=0.3932,  29 negative triangles
390: dt=0.3932,  29 negative triangles
391: dt=0.3932,  29 negative triangles
392: dt=0.3736,  27 negative triangles
393: dt=0.3736,  27 negative triangles
394: dt=0.3736,  27 negative triangles
395: dt=0.3736,  31 negative triangles
396: dt=0.3736,  28 negative triangles
397: dt=0.3736,  28 negative triangles
398: dt=0.3736,  27 negative triangles
399: dt=0.3736,  31 negative triangles
400: dt=0.3736,  29 negative triangles
401: dt=0.3736,  28 negative triangles
402: dt=0.3549,  26 negative triangles
403: dt=0.3549,  27 negative triangles
404: dt=0.3549,  28 negative triangles
405: dt=0.3549,  27 negative triangles
406: dt=0.3549,  28 negative triangles
407: dt=0.3549,  27 negative triangles
408: dt=0.3549,  28 negative triangles
409: dt=0.3549,  26 negative triangles
410: dt=0.3549,  27 negative triangles
411: dt=0.3549,  31 negative triangles
412: dt=0.3372,  29 negative triangles
413: dt=0.3372,  24 negative triangles
414: dt=0.3372,  25 negative triangles
415: dt=0.3372,  26 negative triangles
416: dt=0.3372,  30 negative triangles
417: dt=0.3372,  28 negative triangles
418: dt=0.3372,  28 negative triangles
419: dt=0.3372,  29 negative triangles
420: dt=0.3372,  29 negative triangles
421: dt=0.3372,  27 negative triangles
422: dt=0.3203,  28 negative triangles
423: dt=0.3203,  26 negative triangles
424: dt=0.3203,  23 negative triangles
425: dt=0.3203,  27 negative triangles
426: dt=0.3203,  27 negative triangles
427: dt=0.3203,  28 negative triangles
428: dt=0.3203,  27 negative triangles
429: dt=0.3203,  26 negative triangles
430: dt=0.3203,  26 negative triangles
431: dt=0.3203,  25 negative triangles
432: dt=0.3043,  26 negative triangles
433: dt=0.3043,  27 negative triangles
434: dt=0.3043,  27 negative triangles
435: dt=0.3043,  25 negative triangles
436: dt=0.3043,  27 negative triangles
437: dt=0.3043,  29 negative triangles
438: dt=0.3043,  25 negative triangles
439: dt=0.3043,  24 negative triangles
440: dt=0.3043,  24 negative triangles
441: dt=0.3043,  22 negative triangles
442: dt=0.2891,  22 negative triangles
443: dt=0.2891,  26 negative triangles
444: dt=0.2891,  26 negative triangles
445: dt=0.2891,  23 negative triangles
446: dt=0.2891,  25 negative triangles
447: dt=0.2891,  25 negative triangles
448: dt=0.2891,  29 negative triangles
449: dt=0.2891,  25 negative triangles
450: dt=0.2891,  26 negative triangles
451: dt=0.2891,  28 negative triangles
452: dt=0.2746,  23 negative triangles
453: dt=0.2746,  23 negative triangles
454: dt=0.2746,  26 negative triangles
455: dt=0.2746,  29 negative triangles
456: dt=0.2746,  29 negative triangles
457: dt=0.2746,  27 negative triangles
458: dt=0.2746,  29 negative triangles
459: dt=0.2746,  26 negative triangles
460: dt=0.2746,  29 negative triangles
461: dt=0.2746,  27 negative triangles
462: dt=0.2609,  26 negative triangles
463: dt=0.2609,  24 negative triangles
464: dt=0.2609,  27 negative triangles
465: dt=0.2609,  26 negative triangles
466: dt=0.2609,  26 negative triangles
467: dt=0.2609,  25 negative triangles
468: dt=0.2609,  27 negative triangles
469: dt=0.2609,  24 negative triangles
470: dt=0.2609,  25 negative triangles
471: dt=0.2609,  25 negative triangles
472: dt=0.2478,  23 negative triangles
473: dt=0.2478,  27 negative triangles
474: dt=0.2478,  24 negative triangles
475: dt=0.2478,  28 negative triangles
476: dt=0.2478,  26 negative triangles
477: dt=0.2478,  27 negative triangles
478: dt=0.2478,  26 negative triangles
479: dt=0.2478,  27 negative triangles
480: dt=0.2478,  26 negative triangles
481: dt=0.2478,  27 negative triangles
482: dt=0.2354,  25 negative triangles
483: dt=0.2354,  24 negative triangles
484: dt=0.2354,  23 negative triangles
485: dt=0.2354,  25 negative triangles
486: dt=0.2354,  23 negative triangles
487: dt=0.2354,  24 negative triangles
488: dt=0.2354,  23 negative triangles
489: dt=0.2354,  25 negative triangles
490: dt=0.2354,  24 negative triangles
491: dt=0.2354,  23 negative triangles
492: dt=0.2237,  23 negative triangles
493: dt=0.2237,  25 negative triangles
494: dt=0.2237,  28 negative triangles
495: dt=0.2237,  26 negative triangles
496: dt=0.2237,  26 negative triangles
497: dt=0.2237,  25 negative triangles
498: dt=0.2237,  24 negative triangles
499: dt=0.2237,  27 negative triangles
500: dt=0.2237,  26 negative triangles
501: dt=0.2237,  25 negative triangles
502: dt=0.2125,  25 negative triangles
503: dt=0.2125,  25 negative triangles
504: dt=0.2125,  24 negative triangles
505: dt=0.2125,  25 negative triangles
506: dt=0.2125,  26 negative triangles
507: dt=0.2125,  23 negative triangles
508: dt=0.2125,  25 negative triangles
509: dt=0.2125,  24 negative triangles
510: dt=0.2125,  26 negative triangles
511: dt=0.2125,  25 negative triangles
512: dt=0.2019,  27 negative triangles
513: dt=0.2019,  26 negative triangles
514: dt=0.2019,  26 negative triangles
515: dt=0.2019,  23 negative triangles
516: dt=0.2019,  25 negative triangles
517: dt=0.2019,  25 negative triangles
518: dt=0.2019,  23 negative triangles
519: dt=0.2019,  23 negative triangles
520: dt=0.2019,  24 negative triangles
521: dt=0.2019,  24 negative triangles
522: dt=0.1918,  25 negative triangles
523: dt=0.1918,  23 negative triangles
524: dt=0.1918,  23 negative triangles
525: dt=0.1918,  23 negative triangles
526: dt=0.1918,  24 negative triangles
527: dt=0.1918,  26 negative triangles
528: dt=0.1918,  27 negative triangles
529: dt=0.1918,  26 negative triangles
530: dt=0.1918,  26 negative triangles
531: dt=0.1918,  27 negative triangles
532: dt=0.1822,  27 negative triangles
533: dt=0.1822,  24 negative triangles
534: dt=0.1822,  25 negative triangles
535: dt=0.1822,  26 negative triangles
536: dt=0.1822,  26 negative triangles
537: dt=0.1822,  26 negative triangles
538: dt=0.1822,  25 negative triangles
539: dt=0.1822,  26 negative triangles
540: dt=0.1822,  22 negative triangles
541: dt=0.1822,  24 negative triangles
542: dt=0.1731,  23 negative triangles
543: dt=0.1731,  25 negative triangles
544: dt=0.1731,  27 negative triangles
545: dt=0.1731,  25 negative triangles
546: dt=0.1731,  26 negative triangles
547: dt=0.1731,  23 negative triangles
548: dt=0.1731,  25 negative triangles
549: dt=0.1731,  25 negative triangles
550: dt=0.1731,  26 negative triangles
551: dt=0.1731,  25 negative triangles
552: dt=0.1644,  23 negative triangles
553: dt=0.1644,  23 negative triangles
554: dt=0.1644,  22 negative triangles
555: dt=0.1644,  23 negative triangles
556: dt=0.1644,  23 negative triangles
557: dt=0.1644,  22 negative triangles
558: dt=0.1644,  24 negative triangles
559: dt=0.1644,  25 negative triangles
560: dt=0.1644,  24 negative triangles
561: dt=0.1644,  25 negative triangles
562: dt=0.1562,  23 negative triangles
563: dt=0.1562,  23 negative triangles
564: dt=0.1562,  27 negative triangles
565: dt=0.1562,  26 negative triangles
566: dt=0.1562,  26 negative triangles
567: dt=0.1562,  25 negative triangles
568: dt=0.1562,  25 negative triangles
569: dt=0.1562,  23 negative triangles
570: dt=0.1562,  24 negative triangles
571: dt=0.1562,  25 negative triangles
572: dt=0.1484,  22 negative triangles
573: dt=0.1484,  22 negative triangles
574: dt=0.1484,  23 negative triangles
575: dt=0.1484,  23 negative triangles
576: dt=0.1484,  21 negative triangles
577: dt=0.1484,  23 negative triangles
578: dt=0.1484,  23 negative triangles
579: dt=0.1484,  23 negative triangles
580: dt=0.1484,  24 negative triangles
581: dt=0.1484,  24 negative triangles
582: dt=0.1410,  24 negative triangles
583: dt=0.1410,  24 negative triangles
584: dt=0.1410,  26 negative triangles
585: dt=0.1410,  25 negative triangles
586: dt=0.1410,  24 negative triangles
587: dt=0.1410,  26 negative triangles
588: dt=0.1410,  25 negative triangles
589: dt=0.1410,  23 negative triangles
590: dt=0.1410,  24 negative triangles
591: dt=0.1410,  24 negative triangles
592: dt=0.1339,  26 negative triangles
593: dt=0.1339,  25 negative triangles
594: dt=0.1339,  24 negative triangles
595: dt=0.1339,  24 negative triangles
596: dt=0.1339,  24 negative triangles
597: dt=0.1339,  24 negative triangles
598: dt=0.1339,  25 negative triangles
599: dt=0.1339,  25 negative triangles
600: dt=0.1339,  25 negative triangles
601: dt=0.1339,  25 negative triangles
602: dt=0.1272,  26 negative triangles
603: dt=0.1272,  25 negative triangles
604: dt=0.1272,  26 negative triangles
605: dt=0.1272,  26 negative triangles
606: dt=0.1272,  27 negative triangles
607: dt=0.1272,  26 negative triangles
608: dt=0.1272,  26 negative triangles
609: dt=0.1272,  26 negative triangles
610: dt=0.1272,  25 negative triangles
611: dt=0.1272,  23 negative triangles
612: dt=0.1209,  23 negative triangles
613: dt=0.1209,  23 negative triangles
614: dt=0.1209,  23 negative triangles
615: dt=0.1209,  23 negative triangles
616: dt=0.1209,  23 negative triangles
617: dt=0.1209,  25 negative triangles
618: dt=0.1209,  25 negative triangles
619: dt=0.1209,  25 negative triangles
620: dt=0.1209,  24 negative triangles
621: dt=0.1209,  26 negative triangles
622: dt=0.1148,  26 negative triangles
623: dt=0.1148,  25 negative triangles
624: dt=0.1148,  25 negative triangles
625: dt=0.1148,  24 negative triangles
626: dt=0.1148,  23 negative triangles
627: dt=0.1148,  24 negative triangles
628: dt=0.1148,  25 negative triangles
629: dt=0.1148,  23 negative triangles
630: dt=0.1148,  22 negative triangles
631: dt=0.1148,  26 negative triangles
632: dt=0.1091,  25 negative triangles
633: dt=0.1091,  26 negative triangles
634: dt=0.1091,  24 negative triangles
635: dt=0.1091,  26 negative triangles
636: dt=0.1091,  25 negative triangles
637: dt=0.1091,  27 negative triangles
638: dt=0.1091,  26 negative triangles
639: dt=0.1091,  25 negative triangles
640: dt=0.1091,  25 negative triangles
641: dt=0.1091,  24 negative triangles
642: dt=0.1036,  24 negative triangles
643: dt=0.1036,  26 negative triangles
644: dt=0.1036,  26 negative triangles
645: dt=0.1036,  25 negative triangles
646: dt=0.1036,  23 negative triangles
647: dt=0.1036,  22 negative triangles
648: dt=0.1036,  23 negative triangles
649: dt=0.1036,  22 negative triangles
650: dt=0.1036,  26 negative triangles
651: dt=0.1036,  24 negative triangles
652: dt=0.0984,  23 negative triangles
653: dt=0.0984,  23 negative triangles
654: dt=0.0984,  23 negative triangles
655: dt=0.0984,  22 negative triangles
656: dt=0.0984,  23 negative triangles
657: dt=0.0984,  25 negative triangles
658: dt=0.0984,  23 negative triangles
659: dt=0.0984,  25 negative triangles
660: dt=0.0984,  25 negative triangles
661: dt=0.0984,  25 negative triangles
662: dt=0.0935,  25 negative triangles
663: dt=0.0935,  24 negative triangles
664: dt=0.0935,  23 negative triangles
665: dt=0.0935,  24 negative triangles
666: dt=0.0935,  24 negative triangles
667: dt=0.0935,  25 negative triangles
668: dt=0.0935,  27 negative triangles
669: dt=0.0935,  26 negative triangles
670: dt=0.0935,  24 negative triangles
671: dt=0.0935,  25 negative triangles
672: dt=0.0888,  25 negative triangles
673: dt=0.0888,  26 negative triangles
674: dt=0.0888,  26 negative triangles
675: dt=0.0888,  25 negative triangles
676: dt=0.0888,  26 negative triangles
677: dt=0.0888,  27 negative triangles
678: dt=0.0888,  26 negative triangles
679: dt=0.0888,  26 negative triangles
680: dt=0.0888,  24 negative triangles
681: dt=0.0888,  23 negative triangles
682: dt=0.0844,  23 negative triangles
683: dt=0.0844,  24 negative triangles
684: dt=0.0844,  23 negative triangles
685: dt=0.0844,  27 negative triangles
686: dt=0.0844,  27 negative triangles
687: dt=0.0844,  24 negative triangles
688: dt=0.0844,  24 negative triangles
689: dt=0.0844,  22 negative triangles
690: dt=0.0844,  23 negative triangles
691: dt=0.0844,  22 negative triangles
692: dt=0.0802,  24 negative triangles
693: dt=0.0802,  22 negative triangles
694: dt=0.0802,  22 negative triangles
695: dt=0.0802,  23 negative triangles
696: dt=0.0802,  24 negative triangles
697: dt=0.0802,  24 negative triangles
698: dt=0.0802,  24 negative triangles
699: dt=0.0802,  24 negative triangles
700: dt=0.0802,  23 negative triangles
701: dt=0.0802,  25 negative triangles
702: dt=0.0762,  24 negative triangles
703: dt=0.0762,  24 negative triangles
704: dt=0.0762,  25 negative triangles
705: dt=0.0762,  24 negative triangles
706: dt=0.0762,  26 negative triangles
707: dt=0.0762,  25 negative triangles
708: dt=0.0762,  25 negative triangles
709: dt=0.0762,  25 negative triangles
710: dt=0.0762,  25 negative triangles
711: dt=0.0762,  24 negative triangles
712: dt=0.0724,  26 negative triangles
713: dt=0.0724,  26 negative triangles
714: dt=0.0724,  25 negative triangles
715: dt=0.0724,  24 negative triangles
716: dt=0.0724,  23 negative triangles
717: dt=0.0724,  24 negative triangles
718: dt=0.0724,  24 negative triangles
719: dt=0.0724,  25 negative triangles
720: dt=0.0724,  24 negative triangles
721: dt=0.0724,  23 negative triangles
722: dt=0.0687,  24 negative triangles
723: dt=0.0687,  24 negative triangles
724: dt=0.0687,  22 negative triangles
725: dt=0.0687,  22 negative triangles
726: dt=0.0687,  23 negative triangles
727: dt=0.0687,  22 negative triangles
728: dt=0.0687,  23 negative triangles
729: dt=0.0687,  23 negative triangles
730: dt=0.0687,  24 negative triangles
731: dt=0.0687,  27 negative triangles
732: dt=0.0653,  26 negative triangles
733: dt=0.0653,  22 negative triangles
734: dt=0.0653,  22 negative triangles
735: dt=0.0653,  22 negative triangles
736: dt=0.0653,  24 negative triangles
737: dt=0.0653,  22 negative triangles
738: dt=0.0653,  23 negative triangles
739: dt=0.0653,  23 negative triangles
740: dt=0.0653,  23 negative triangles
741: dt=0.0653,  25 negative triangles
742: dt=0.0620,  25 negative triangles
743: dt=0.0620,  26 negative triangles
744: dt=0.0620,  26 negative triangles
745: dt=0.0620,  25 negative triangles
746: dt=0.0620,  24 negative triangles
747: dt=0.0620,  22 negative triangles
748: dt=0.0620,  24 negative triangles
749: dt=0.0620,  23 negative triangles
750: dt=0.0620,  23 negative triangles
751: dt=0.0620,  22 negative triangles
752: dt=0.0589,  22 negative triangles
753: dt=0.0589,  23 negative triangles
754: dt=0.0589,  24 negative triangles
755: dt=0.0589,  22 negative triangles
756: dt=0.0589,  23 negative triangles
757: dt=0.0589,  24 negative triangles
758: dt=0.0589,  22 negative triangles
759: dt=0.0589,  22 negative triangles
760: dt=0.0589,  22 negative triangles
761: dt=0.0589,  21 negative triangles
762: dt=0.0560,  22 negative triangles
763: dt=0.0560,  23 negative triangles
764: dt=0.0560,  23 negative triangles
765: dt=0.0560,  23 negative triangles
766: dt=0.0560,  24 negative triangles
767: dt=0.0560,  25 negative triangles
768: dt=0.0560,  24 negative triangles
769: dt=0.0560,  24 negative triangles
770: dt=0.0560,  24 negative triangles
771: dt=0.0560,  25 negative triangles
772: dt=0.0532,  23 negative triangles
773: dt=0.0532,  23 negative triangles
774: dt=0.0532,  22 negative triangles
775: dt=0.0532,  23 negative triangles
776: dt=0.0532,  23 negative triangles
777: dt=0.0532,  24 negative triangles
778: dt=0.0532,  23 negative triangles
779: dt=0.0532,  23 negative triangles
780: dt=0.0532,  22 negative triangles
781: dt=0.0532,  23 negative triangles
782: dt=0.0505,  23 negative triangles
783: dt=0.0505,  23 negative triangles
784: dt=0.0505,  23 negative triangles
785: dt=0.0505,  23 negative triangles
786: dt=0.0505,  23 negative triangles
787: dt=0.0505,  24 negative triangles
788: dt=0.0505,  26 negative triangles
789: dt=0.0505,  25 negative triangles
790: dt=0.0505,  26 negative triangles
791: dt=0.0505,  25 negative triangles
792: dt=0.0480,  26 negative triangles
793: dt=0.0480,  26 negative triangles
794: dt=0.0480,  26 negative triangles
795: dt=0.0480,  26 negative triangles
796: dt=0.0480,  25 negative triangles
797: dt=0.0480,  25 negative triangles
798: dt=0.0480,  25 negative triangles
799: dt=0.0480,  24 negative triangles
800: dt=0.0480,  26 negative triangles
801: dt=0.0480,  26 negative triangles
802: dt=0.0456,  26 negative triangles
803: dt=0.0456,  24 negative triangles
804: dt=0.0456,  25 negative triangles
805: dt=0.0456,  24 negative triangles
806: dt=0.0456,  24 negative triangles
807: dt=0.0456,  23 negative triangles
808: dt=0.0456,  24 negative triangles
809: dt=0.0456,  25 negative triangles
810: dt=0.0456,  26 negative triangles
811: dt=0.0456,  26 negative triangles
812: dt=0.0433,  25 negative triangles
813: dt=0.0433,  24 negative triangles
814: dt=0.0433,  25 negative triangles
815: dt=0.0433,  26 negative triangles
816: dt=0.0433,  23 negative triangles
817: dt=0.0433,  23 negative triangles
818: dt=0.0433,  24 negative triangles
819: dt=0.0433,  24 negative triangles
820: dt=0.0433,  26 negative triangles
821: dt=0.0433,  25 negative triangles
822: dt=0.0412,  26 negative triangles
823: dt=0.0412,  26 negative triangles
824: dt=0.0412,  25 negative triangles
825: dt=0.0412,  24 negative triangles
826: dt=0.0412,  25 negative triangles
827: dt=0.0412,  23 negative triangles
828: dt=0.0412,  23 negative triangles
829: dt=0.0412,  23 negative triangles
830: dt=0.0412,  23 negative triangles
831: dt=0.0412,  23 negative triangles
832: dt=0.0391,  23 negative triangles
833: dt=0.0391,  23 negative triangles
834: dt=0.0391,  24 negative triangles
835: dt=0.0391,  23 negative triangles
836: dt=0.0391,  23 negative triangles
837: dt=0.0391,  22 negative triangles
838: dt=0.0391,  22 negative triangles
839: dt=0.0391,  21 negative triangles
840: dt=0.0391,  21 negative triangles
841: dt=0.0391,  21 negative triangles
842: dt=0.0371,  21 negative triangles
843: dt=0.0371,  21 negative triangles
844: dt=0.0371,  21 negative triangles
845: dt=0.0371,  22 negative triangles
846: dt=0.0371,  22 negative triangles
847: dt=0.0371,  22 negative triangles
848: dt=0.0371,  22 negative triangles
849: dt=0.0371,  23 negative triangles
850: dt=0.0371,  23 negative triangles
851: dt=0.0371,  24 negative triangles
852: dt=0.0353,  23 negative triangles
853: dt=0.0353,  23 negative triangles
854: dt=0.0353,  23 negative triangles
855: dt=0.0353,  23 negative triangles
856: dt=0.0353,  22 negative triangles
857: dt=0.0353,  22 negative triangles
858: dt=0.0353,  22 negative triangles
859: dt=0.0353,  22 negative triangles
860: dt=0.0353,  22 negative triangles
861: dt=0.0353,  21 negative triangles
862: dt=0.0335,  23 negative triangles
863: dt=0.0335,  22 negative triangles
864: dt=0.0335,  22 negative triangles
865: dt=0.0335,  21 negative triangles
866: dt=0.0335,  21 negative triangles
867: dt=0.0335,  21 negative triangles
868: dt=0.0335,  21 negative triangles
869: dt=0.0335,  21 negative triangles
870: dt=0.0335,  20 negative triangles
871: dt=0.0335,  21 negative triangles
872: dt=0.0319,  24 negative triangles
873: dt=0.0319,  25 negative triangles
874: dt=0.0319,  23 negative triangles
875: dt=0.0319,  24 negative triangles
876: dt=0.0319,  23 negative triangles
877: dt=0.0319,  22 negative triangles
878: dt=0.0319,  21 negative triangles
879: dt=0.0319,  23 negative triangles
880: dt=0.0319,  25 negative triangles
881: dt=0.0319,  26 negative triangles
882: dt=0.0303,  24 negative triangles
883: dt=0.0303,  24 negative triangles
884: dt=0.0303,  24 negative triangles
885: dt=0.0303,  26 negative triangles
886: dt=0.0303,  26 negative triangles
887: dt=0.0303,  25 negative triangles
888: dt=0.0303,  24 negative triangles
889: dt=0.0303,  24 negative triangles
890: dt=0.0303,  24 negative triangles
891: dt=0.0303,  25 negative triangles
892: dt=0.0287,  25 negative triangles
893: dt=0.0287,  26 negative triangles
894: dt=0.0287,  26 negative triangles
895: dt=0.0287,  23 negative triangles
896: dt=0.0287,  23 negative triangles
897: dt=0.0287,  23 negative triangles
898: dt=0.0287,  24 negative triangles
899: dt=0.0287,  24 negative triangles
900: dt=0.0287,  24 negative triangles
901: dt=0.0287,  23 negative triangles
902: dt=0.0273,  25 negative triangles
903: dt=0.0273,  25 negative triangles
904: dt=0.0273,  25 negative triangles
905: dt=0.0273,  25 negative triangles
906: dt=0.0273,  24 negative triangles
907: dt=0.0273,  25 negative triangles
908: dt=0.0273,  23 negative triangles
909: dt=0.0273,  24 negative triangles
910: dt=0.0273,  23 negative triangles
911: dt=0.0273,  25 negative triangles
912: dt=0.0259,  26 negative triangles
913: dt=0.0259,  25 negative triangles
914: dt=0.0259,  24 negative triangles
915: dt=0.0259,  24 negative triangles
916: dt=0.0259,  26 negative triangles
917: dt=0.0259,  25 negative triangles
918: dt=0.0259,  24 negative triangles
919: dt=0.0259,  23 negative triangles
920: dt=0.0259,  23 negative triangles
921: dt=0.0259,  26 negative triangles
922: dt=0.0246,  27 negative triangles
923: dt=0.0246,  27 negative triangles
924: dt=0.0246,  26 negative triangles
925: dt=0.0246,  26 negative triangles
926: dt=0.0246,  26 negative triangles
927: dt=0.0246,  26 negative triangles
928: dt=0.0246,  25 negative triangles
929: dt=0.0246,  24 negative triangles
930: dt=0.0246,  22 negative triangles
931: dt=0.0246,  23 negative triangles
932: dt=0.0234,  25 negative triangles
933: dt=0.0234,  24 negative triangles
934: dt=0.0234,  22 negative triangles
935: dt=0.0234,  22 negative triangles
936: dt=0.0234,  24 negative triangles
937: dt=0.0234,  23 negative triangles
938: dt=0.0234,  24 negative triangles
939: dt=0.0234,  23 negative triangles
940: dt=0.0234,  25 negative triangles
941: dt=0.0234,  25 negative triangles
942: dt=0.0222,  24 negative triangles
943: dt=0.0222,  25 negative triangles
944: dt=0.0222,  25 negative triangles
945: dt=0.0222,  24 negative triangles
946: dt=0.0222,  26 negative triangles
947: dt=0.0222,  24 negative triangles
948: dt=0.0222,  24 negative triangles
949: dt=0.0222,  25 negative triangles
950: dt=0.0222,  26 negative triangles
951: dt=0.0222,  25 negative triangles
952: dt=0.0211,  25 negative triangles
953: dt=0.0211,  23 negative triangles
954: dt=0.0211,  25 negative triangles
955: dt=0.0211,  23 negative triangles
956: dt=0.0211,  25 negative triangles
957: dt=0.0211,  24 negative triangles
958: dt=0.0211,  24 negative triangles
959: dt=0.0211,  24 negative triangles
960: dt=0.0211,  25 negative triangles
961: dt=0.0211,  25 negative triangles
962: dt=0.0201,  25 negative triangles
963: dt=0.0201,  24 negative triangles
964: dt=0.0201,  24 negative triangles
965: dt=0.0201,  23 negative triangles
966: dt=0.0201,  24 negative triangles
967: dt=0.0201,  26 negative triangles
968: dt=0.0201,  24 negative triangles
969: dt=0.0201,  24 negative triangles
970: dt=0.0201,  23 negative triangles
971: dt=0.0201,  24 negative triangles
972: dt=0.0191,  22 negative triangles
973: dt=0.0191,  22 negative triangles
974: dt=0.0191,  23 negative triangles
975: dt=0.0191,  23 negative triangles
976: dt=0.0191,  23 negative triangles
977: dt=0.0191,  23 negative triangles
978: dt=0.0191,  24 negative triangles
979: dt=0.0191,  24 negative triangles
980: dt=0.0191,  24 negative triangles
981: dt=0.0191,  25 negative triangles
982: dt=0.0181,  25 negative triangles
983: dt=0.0181,  26 negative triangles
984: dt=0.0181,  25 negative triangles
985: dt=0.0181,  25 negative triangles
986: dt=0.0181,  25 negative triangles
987: dt=0.0181,  25 negative triangles
988: dt=0.0181,  25 negative triangles
989: dt=0.0181,  24 negative triangles
990: dt=0.0181,  24 negative triangles
991: dt=0.0181,  24 negative triangles
992: dt=0.0172,  24 negative triangles
993: dt=0.0172,  24 negative triangles
994: dt=0.0172,  25 negative triangles
995: dt=0.0172,  25 negative triangles
996: dt=0.0172,  25 negative triangles
997: dt=0.0172,  25 negative triangles
998: dt=0.0172,  25 negative triangles
999: dt=0.0172,  25 negative triangles
1000: dt=0.0172,  24 negative triangles
1001: dt=0.0172,  24 negative triangles
1002: dt=0.0164,  24 negative triangles
1003: dt=0.0164,  23 negative triangles
1004: dt=0.0164,  21 negative triangles
1005: dt=0.0164,  21 negative triangles
1006: dt=0.0164,  22 negative triangles
1007: dt=0.0164,  22 negative triangles
1008: dt=0.0164,  23 negative triangles
1009: dt=0.0164,  23 negative triangles
1010: dt=0.0164,  23 negative triangles
1011: dt=0.0164,  24 negative triangles
1012: dt=0.0155,  24 negative triangles
1013: dt=0.0155,  24 negative triangles
1014: dt=0.0155,  24 negative triangles
1015: dt=0.0155,  24 negative triangles
1016: dt=0.0155,  23 negative triangles
1017: dt=0.0155,  23 negative triangles
1018: dt=0.0155,  23 negative triangles
1019: dt=0.0155,  25 negative triangles
1020: dt=0.0155,  24 negative triangles
1021: dt=0.0155,  25 negative triangles
1022: dt=0.0148,  25 negative triangles
1023: dt=0.0148,  25 negative triangles
1024: dt=0.0148,  25 negative triangles
1025: dt=0.0148,  25 negative triangles
1026: dt=0.0148,  24 negative triangles
1027: dt=0.0148,  24 negative triangles
1028: dt=0.0148,  25 negative triangles
1029: dt=0.0148,  24 negative triangles
1030: dt=0.0148,  22 negative triangles
1031: dt=0.0148,  22 negative triangles
1032: dt=0.0140,  22 negative triangles
1033: dt=0.0140,  22 negative triangles
1034: dt=0.0140,  22 negative triangles
1035: dt=0.0140,  22 negative triangles
1036: dt=0.0140,  23 negative triangles
1037: dt=0.0140,  22 negative triangles
1038: dt=0.0140,  22 negative triangles
1039: dt=0.0140,  23 negative triangles
1040: dt=0.0140,  23 negative triangles
1041: dt=0.0140,  23 negative triangles
1042: dt=0.0133,  23 negative triangles
1043: dt=0.0133,  23 negative triangles
1044: dt=0.0133,  23 negative triangles
1045: dt=0.0133,  23 negative triangles
1046: dt=0.0133,  24 negative triangles
1047: dt=0.0133,  24 negative triangles
1048: dt=0.0133,  25 negative triangles
1049: dt=0.0133,  24 negative triangles
1050: dt=0.0133,  24 negative triangles
1051: dt=0.0133,  24 negative triangles
1052: dt=0.0127,  25 negative triangles
1053: dt=0.0127,  25 negative triangles
1054: dt=0.0127,  26 negative triangles
1055: dt=0.0127,  26 negative triangles
1056: dt=0.0127,  25 negative triangles
1057: dt=0.0127,  26 negative triangles
1058: dt=0.0127,  26 negative triangles
1059: dt=0.0127,  22 negative triangles
1060: dt=0.0127,  22 negative triangles
1061: dt=0.0127,  22 negative triangles
1062: dt=0.0120,  22 negative triangles
1063: dt=0.0120,  22 negative triangles
1064: dt=0.0120,  22 negative triangles
1065: dt=0.0120,  22 negative triangles
1066: dt=0.0120,  22 negative triangles
1067: dt=0.0120,  22 negative triangles
1068: dt=0.0120,  22 negative triangles
1069: dt=0.0120,  22 negative triangles
1070: dt=0.0120,  22 negative triangles
1071: dt=0.0120,  22 negative triangles
1072: dt=0.0114,  22 negative triangles
1073: dt=0.0114,  23 negative triangles
1074: dt=0.0114,  22 negative triangles
1075: dt=0.0114,  22 negative triangles
1076: dt=0.0114,  22 negative triangles
1077: dt=0.0114,  22 negative triangles
1078: dt=0.0114,  25 negative triangles
1079: dt=0.0114,  25 negative triangles
1080: dt=0.0114,  25 negative triangles
1081: dt=0.0114,  25 negative triangles
1082: dt=0.0108,  25 negative triangles
1083: dt=0.0108,  25 negative triangles
1084: dt=0.0108,  25 negative triangles
1085: dt=0.0108,  25 negative triangles
1086: dt=0.0108,  25 negative triangles
1087: dt=0.0108,  25 negative triangles
1088: dt=0.0108,  25 negative triangles
1089: dt=0.0108,  25 negative triangles
1090: dt=0.0108,  25 negative triangles
1091: dt=0.0108,  25 negative triangles
1092: dt=0.0103,  25 negative triangles
1093: dt=0.0103,  25 negative triangles
1094: dt=0.0103,  25 negative triangles
1095: dt=0.0103,  23 negative triangles
1096: dt=0.0103,  23 negative triangles
1097: 23 negative triangles
writing spherical brain to ../surf/lh.sphere
spherical transformation took 0.0952 hours
FSRUNTIME@ mris_sphere  0.0952 hours 16 threads
#VMPC# mris_sphere VmPeak  1626628
mris_sphere done
#--------------------------------------------
#@# Surf Reg lh Mon Mar  9 23:56:37 CET 2026
/out/sourcedata/freesurfer/sub-v1s2x0051475_ses-1/scripts

 mris_register -curv ../surf/lh.sphere /opt/freesurfer/average/lh.folding.atlas.acfb40.noaparc.i12.2016-08-02.tif ../surf/lh.sphere.reg 

using smoothwm curvature for final alignment

cwd /out/sourcedata/freesurfer/sub-v1s2x0051475_ses-1/scripts
cmdline mris_register -curv ../surf/lh.sphere /opt/freesurfer/average/lh.folding.atlas.acfb40.noaparc.i12.2016-08-02.tif ../surf/lh.sphere.reg 

0 inflated.H
1 sulc
2 smoothwm (computed)
7.3.2
  7.3.2
reading surface from ../surf/lh.sphere...
reading template parameterization from /opt/freesurfer/average/lh.folding.atlas.acfb40.noaparc.i12.2016-08-02.tif...
MRISregister() -------
max_passes = 4 
min_degrees = 0.500000 
max_degrees = 64.000000 
nangles = 8 
tol=5.0e-01, sigma=0.0, host=dna01, nav=1024, nbrs=1, l_extern=10000.000, l_parea=0.200, l_nlarea=1.000, l_corr=1.000, l_dist=5.000
using quadratic fit line minimization
complete_dist_mat 0
rms 0
smooth_averages 0
remove_neg 0
ico_order 0
which_surface 0
target_radius 0.000000
nfields 0
scale 0.000000
desired_rms_height -1.000000
momentum 0.950000
nbhd_size -10
max_nbrs 10
niterations 25
nsurfaces 0
SURFACES 3
flags 16 (10)
use curv 16
no sulc 0
no rigid align 0
mris->nsize 1
mris->hemisphere 0
randomSeed 0

tol=5.0e-01, sigma=0.0, host=dna01, nav=1024, nbrs=1, l_extern=10000.000, l_parea=0.200, l_nlarea=1.000, l_corr=1.000, l_dist=5.000
using quadratic fit line minimization
--------------------
1 Reading lh.sulc
tol=1.0e+00, sigma=0.5, host=dna01, nav=1024, nbrs=1, l_extern=10000.000, l_parea=0.200, l_nlarea=1.000, l_corr=0.050, l_spring=0.500, l_dist=5.000
using quadratic fit line minimization
curvature mean = 0.000, std = 5.510
curvature mean = 0.025, std = 0.818
curvature mean = 0.020, std = 0.846
Starting MRISrigidBodyAlignGlobal()
Starting new MRISrigidBodyAlignGlobal_findMinSSE()
  new MRISrigidBodyAlignGlobal_findMinSSE min @ (8.00, -6.50, 1.50) sse = 291099.8, elapsed since starting=0.1246 min
MRISrigidBodyAlignGlobal() done   0.13 min
curvature mean = -0.003, std = 0.829
curvature mean = 0.010, std = 0.940
curvature mean = -0.010, std = 0.834
curvature mean = 0.004, std = 0.976
curvature mean = -0.010, std = 0.835
curvature mean = 0.001, std = 0.990
2 Reading smoothwm
curvature mean = -0.023, std = 0.243
curvature mean = 0.037, std = 0.247
curvature mean = 0.058, std = 0.396
curvature mean = 0.036, std = 0.303
curvature mean = 0.025, std = 0.606
curvature mean = 0.035, std = 0.329
curvature mean = 0.013, std = 0.739
curvature mean = 0.034, std = 0.341
curvature mean = 0.004, std = 0.831
MRISregister() return, current seed 0
-01: dt=0.0000,  25 negative triangles  VmPeak 2208632
121: dt=0.9900,  25 negative triangles
expanding nbhd size to 1
122: dt=0.9900,  26 negative triangles
123: dt=0.9900,  24 negative triangles
124: dt=0.9900,  27 negative triangles
125: dt=0.9900,  25 negative triangles
126: dt=0.9900,  24 negative triangles
127: dt=0.9900,  25 negative triangles
128: dt=0.9900,  26 negative triangles
129: dt=0.9900,  25 negative triangles
130: dt=0.9900,  25 negative triangles
131: dt=0.9900,  26 negative triangles
132: dt=0.9900,  25 negative triangles
133: dt=0.9405,  25 negative triangles
134: dt=0.9405,  24 negative triangles
135: dt=0.9405,  25 negative triangles
136: dt=0.9405,  25 negative triangles
137: dt=0.9405,  25 negative triangles
138: dt=0.9405,  25 negative triangles
139: dt=0.9405,  25 negative triangles
140: dt=0.9405,  25 negative triangles
141: dt=0.9405,  27 negative triangles
142: dt=0.9405,  24 negative triangles
143: dt=0.8935,  26 negative triangles
144: dt=0.8935,  27 negative triangles
145: dt=0.8935,  27 negative triangles
146: dt=0.8935,  28 negative triangles
147: dt=0.8935,  27 negative triangles
148: dt=0.8935,  29 negative triangles
149: dt=0.8935,  26 negative triangles
150: dt=0.8935,  31 negative triangles
151: dt=0.8935,  31 negative triangles
152: dt=0.8935,  30 negative triangles
153: dt=0.8488,  29 negative triangles
154: dt=0.8488,  31 negative triangles
155: dt=0.8488,  30 negative triangles
156: dt=0.8488,  31 negative triangles
157: dt=0.8488,  30 negative triangles
158: dt=0.8488,  31 negative triangles
159: dt=0.8488,  30 negative triangles
160: dt=0.8488,  32 negative triangles
161: dt=0.8488,  29 negative triangles
162: dt=0.8488,  32 negative triangles
163: dt=0.8064,  32 negative triangles
164: dt=0.8064,  29 negative triangles
165: dt=0.8064,  29 negative triangles
166: dt=0.8064,  30 negative triangles
167: dt=0.8064,  30 negative triangles
168: dt=0.8064,  30 negative triangles
169: dt=0.8064,  31 negative triangles
170: dt=0.8064,  31 negative triangles
171: dt=0.8064,  30 negative triangles
172: dt=0.8064,  32 negative triangles
173: dt=0.7660,  31 negative triangles
174: dt=0.7660,  30 negative triangles
175: dt=0.7660,  31 negative triangles
176: dt=0.7660,  30 negative triangles
177: dt=0.7660,  32 negative triangles
178: dt=0.7660,  31 negative triangles
179: dt=0.7660,  30 negative triangles
180: dt=0.7660,  30 negative triangles
181: dt=0.7660,  31 negative triangles
182: dt=0.7660,  30 negative triangles
183: dt=0.7277,  31 negative triangles
184: dt=0.7277,  29 negative triangles
185: dt=0.7277,  28 negative triangles
186: dt=0.7277,  30 negative triangles
187: dt=0.7277,  28 negative triangles
188: dt=0.7277,  28 negative triangles
189: dt=0.7277,  29 negative triangles
190: dt=0.7277,  26 negative triangles
191: dt=0.7277,  28 negative triangles
192: dt=0.7277,  31 negative triangles
193: dt=0.6914,  29 negative triangles
194: dt=0.6914,  29 negative triangles
195: dt=0.6914,  31 negative triangles
196: dt=0.6914,  30 negative triangles
197: dt=0.6914,  32 negative triangles
198: dt=0.6914,  30 negative triangles
199: dt=0.6914,  29 negative triangles
200: dt=0.6914,  27 negative triangles
201: dt=0.6914,  27 negative triangles
202: dt=0.6914,  30 negative triangles
203: dt=0.6568,  31 negative triangles
204: dt=0.6568,  28 negative triangles
205: dt=0.6568,  30 negative triangles
206: dt=0.6568,  29 negative triangles
207: dt=0.6568,  30 negative triangles
208: dt=0.6568,  26 negative triangles
209: dt=0.6568,  28 negative triangles
210: dt=0.6568,  27 negative triangles
211: dt=0.6568,  28 negative triangles
212: dt=0.6568,  28 negative triangles
213: dt=0.6239,  28 negative triangles
214: dt=0.6239,  29 negative triangles
215: dt=0.6239,  28 negative triangles
216: dt=0.6239,  30 negative triangles
217: dt=0.6239,  32 negative triangles
218: dt=0.6239,  29 negative triangles
219: dt=0.6239,  28 negative triangles
220: dt=0.6239,  30 negative triangles
221: dt=0.6239,  31 negative triangles
222: dt=0.6239,  27 negative triangles
223: dt=0.5927,  27 negative triangles
224: dt=0.5927,  30 negative triangles
225: dt=0.5927,  25 negative triangles
226: dt=0.5927,  28 negative triangles
227: dt=0.5927,  25 negative triangles
228: dt=0.5927,  25 negative triangles
229: dt=0.5927,  30 negative triangles
230: dt=0.5927,  28 negative triangles
231: dt=0.5927,  26 negative triangles
232: dt=0.5927,  27 negative triangles
233: dt=0.5631,  28 negative triangles
234: dt=0.5631,  27 negative triangles
235: dt=0.5631,  31 negative triangles
236: dt=0.5631,  31 negative triangles
237: dt=0.5631,  29 negative triangles
238: dt=0.5631,  28 negative triangles
239: dt=0.5631,  27 negative triangles
240: dt=0.5631,  27 negative triangles
241: dt=0.5631,  27 negative triangles
242: dt=0.5631,  28 negative triangles
243: dt=0.5350,  25 negative triangles
244: dt=0.5350,  29 negative triangles
245: dt=0.5350,  30 negative triangles
246: dt=0.5350,  27 negative triangles
247: dt=0.5350,  26 negative triangles
248: dt=0.5350,  26 negative triangles
249: dt=0.5350,  28 negative triangles
250: dt=0.5350,  31 negative triangles
251: dt=0.5350,  26 negative triangles
252: dt=0.5350,  27 negative triangles
253: dt=0.5082,  28 negative triangles
254: dt=0.5082,  26 negative triangles
255: dt=0.5082,  27 negative triangles
256: dt=0.5082,  30 negative triangles
257: dt=0.5082,  28 negative triangles
258: dt=0.5082,  26 negative triangles
259: dt=0.5082,  28 negative triangles
260: dt=0.5082,  28 negative triangles
261: dt=0.5082,  29 negative triangles
262: dt=0.5082,  32 negative triangles
263: dt=0.4828,  26 negative triangles
264: dt=0.4828,  27 negative triangles
265: dt=0.4828,  28 negative triangles
266: dt=0.4828,  26 negative triangles
267: dt=0.4828,  29 negative triangles
268: dt=0.4828,  28 negative triangles
269: dt=0.4828,  26 negative triangles
270: dt=0.4828,  25 negative triangles
271: dt=0.4828,  26 negative triangles
272: dt=0.4828,  32 negative triangles
273: dt=0.4587,  26 negative triangles
274: dt=0.4587,  25 negative triangles
275: dt=0.4587,  27 negative triangles
276: dt=0.4587,  28 negative triangles
277: dt=0.4587,  25 negative triangles
278: dt=0.4587,  29 negative triangles
279: dt=0.4587,  30 negative triangles
280: dt=0.4587,  27 negative triangles
281: dt=0.4587,  30 negative triangles
282: dt=0.4587,  28 negative triangles
283: dt=0.4357,  30 negative triangles
284: dt=0.4357,  29 negative triangles
285: dt=0.4357,  27 negative triangles
286: dt=0.4357,  28 negative triangles
287: dt=0.4357,  29 negative triangles
288: dt=0.4357,  26 negative triangles
289: dt=0.4357,  28 negative triangles
290: dt=0.4357,  27 negative triangles
291: dt=0.4357,  27 negative triangles
292: dt=0.4357,  29 negative triangles
293: dt=0.4139,  27 negative triangles
294: dt=0.4139,  30 negative triangles
295: dt=0.4139,  26 negative triangles
296: dt=0.4139,  26 negative triangles
297: dt=0.4139,  30 negative triangles
298: dt=0.4139,  29 negative triangles
299: dt=0.4139,  27 negative triangles
300: dt=0.4139,  25 negative triangles
301: dt=0.4139,  32 negative triangles
302: dt=0.4139,  27 negative triangles
303: dt=0.3932,  27 negative triangles
304: dt=0.3932,  25 negative triangles
305: dt=0.3932,  29 negative triangles
306: dt=0.3932,  27 negative triangles
307: dt=0.3932,  29 negative triangles
308: dt=0.3932,  28 negative triangles
309: dt=0.3932,  28 negative triangles
310: dt=0.3932,  29 negative triangles
311: dt=0.3932,  27 negative triangles
312: dt=0.3932,  26 negative triangles
313: dt=0.3736,  28 negative triangles
314: dt=0.3736,  27 negative triangles
315: dt=0.3736,  28 negative triangles
316: dt=0.3736,  30 negative triangles
317: dt=0.3736,  28 negative triangles
318: dt=0.3736,  26 negative triangles
319: dt=0.3736,  29 negative triangles
320: dt=0.3736,  27 negative triangles
321: dt=0.3736,  30 negative triangles
322: dt=0.3736,  27 negative triangles
323: dt=0.3549,  28 negative triangles
324: dt=0.3549,  25 negative triangles
325: dt=0.3549,  27 negative triangles
326: dt=0.3549,  29 negative triangles
327: dt=0.3549,  32 negative triangles
328: dt=0.3549,  26 negative triangles
329: dt=0.3549,  29 negative triangles
330: dt=0.3549,  30 negative triangles
331: dt=0.3549,  28 negative triangles
332: dt=0.3549,  30 negative triangles
333: dt=0.3372,  27 negative triangles
334: dt=0.3372,  26 negative triangles
335: dt=0.3372,  26 negative triangles
336: dt=0.3372,  28 negative triangles
337: dt=0.3372,  26 negative triangles
338: dt=0.3372,  26 negative triangles
339: dt=0.3372,  25 negative triangles
340: dt=0.3372,  30 negative triangles
341: dt=0.3372,  32 negative triangles
342: dt=0.3372,  29 negative triangles
343: dt=0.3203,  29 negative triangles
344: dt=0.3203,  30 negative triangles
345: dt=0.3203,  28 negative triangles
346: dt=0.3203,  28 negative triangles
347: dt=0.3203,  29 negative triangles
348: dt=0.3203,  29 negative triangles
349: dt=0.3203,  25 negative triangles
350: dt=0.3203,  27 negative triangles
351: dt=0.3203,  25 negative triangles
352: dt=0.3203,  24 negative triangles
353: dt=0.3043,  25 negative triangles
354: dt=0.3043,  26 negative triangles
355: dt=0.3043,  27 negative triangles
356: dt=0.3043,  26 negative triangles
357: dt=0.3043,  25 negative triangles
358: dt=0.3043,  26 negative triangles
359: dt=0.3043,  27 negative triangles
360: dt=0.3043,  24 negative triangles
361: dt=0.3043,  26 negative triangles
362: dt=0.3043,  27 negative triangles
363: dt=0.2891,  28 negative triangles
364: dt=0.2891,  27 negative triangles
365: dt=0.2891,  26 negative triangles
366: dt=0.2891,  26 negative triangles
367: dt=0.2891,  25 negative triangles
368: dt=0.2891,  26 negative triangles
369: dt=0.2891,  26 negative triangles
370: dt=0.2891,  26 negative triangles
371: dt=0.2891,  28 negative triangles
372: dt=0.2891,  27 negative triangles
373: dt=0.2746,  26 negative triangles
374: dt=0.2746,  27 negative triangles
375: dt=0.2746,  27 negative triangles
376: dt=0.2746,  27 negative triangles
377: dt=0.2746,  26 negative triangles
378: dt=0.2746,  27 negative triangles
379: dt=0.2746,  27 negative triangles
380: dt=0.2746,  27 negative triangles
381: dt=0.2746,  26 negative triangles
382: dt=0.2746,  28 negative triangles
383: dt=0.2609,  27 negative triangles
384: dt=0.2609,  27 negative triangles
385: dt=0.2609,  26 negative triangles
386: dt=0.2609,  26 negative triangles
387: dt=0.2609,  26 negative triangles
388: dt=0.2609,  27 negative triangles
389: dt=0.2609,  29 negative triangles
390: dt=0.2609,  27 negative triangles
391: dt=0.2609,  28 negative triangles
392: dt=0.2609,  30 negative triangles
393: dt=0.2478,  33 negative triangles
394: dt=0.2478,  29 negative triangles
395: dt=0.2478,  27 negative triangles
396: dt=0.2478,  28 negative triangles
397: dt=0.2478,  31 negative triangles
398: dt=0.2478,  27 negative triangles
399: dt=0.2478,  28 negative triangles
400: dt=0.2478,  29 negative triangles
401: dt=0.2478,  30 negative triangles
402: dt=0.2478,  28 negative triangles
403: dt=0.2354,  30 negative triangles
404: dt=0.2354,  29 negative triangles
405: dt=0.2354,  31 negative triangles
406: dt=0.2354,  31 negative triangles
407: dt=0.2354,  28 negative triangles
408: dt=0.2354,  29 negative triangles
409: dt=0.2354,  30 negative triangles
410: dt=0.2354,  30 negative triangles
411: dt=0.2354,  28 negative triangles
412: dt=0.2354,  29 negative triangles
413: dt=0.2237,  29 negative triangles
414: dt=0.2237,  28 negative triangles
415: dt=0.2237,  27 negative triangles
416: dt=0.2237,  29 negative triangles
417: dt=0.2237,  26 negative triangles
418: dt=0.2237,  27 negative triangles
419: dt=0.2237,  28 negative triangles
420: dt=0.2237,  27 negative triangles
421: dt=0.2237,  28 negative triangles
422: dt=0.2237,  28 negative triangles
423: dt=0.2125,  27 negative triangles
424: dt=0.2125,  30 negative triangles
425: dt=0.2125,  29 negative triangles
426: dt=0.2125,  26 negative triangles
427: dt=0.2125,  27 negative triangles
428: dt=0.2125,  27 negative triangles
429: dt=0.2125,  25 negative triangles
430: dt=0.2125,  27 negative triangles
431: dt=0.2125,  26 negative triangles
432: dt=0.2125,  25 negative triangles
433: dt=0.2019,  29 negative triangles
434: dt=0.2019,  27 negative triangles
435: dt=0.2019,  27 negative triangles
436: dt=0.2019,  26 negative triangles
437: dt=0.2019,  26 negative triangles
438: dt=0.2019,  28 negative triangles
439: dt=0.2019,  28 negative triangles
440: dt=0.2019,  28 negative triangles
441: dt=0.2019,  29 negative triangles
442: dt=0.2019,  28 negative triangles
443: dt=0.1918,  28 negative triangles
444: dt=0.1918,  32 negative triangles
445: dt=0.1918,  28 negative triangles
446: dt=0.1918,  28 negative triangles
447: dt=0.1918,  27 negative triangles
448: dt=0.1918,  27 negative triangles
449: dt=0.1918,  26 negative triangles
450: dt=0.1918,  28 negative triangles
451: dt=0.1918,  27 negative triangles
452: dt=0.1918,  26 negative triangles
453: dt=0.1822,  27 negative triangles
454: dt=0.1822,  27 negative triangles
455: dt=0.1822,  26 negative triangles
456: dt=0.1822,  28 negative triangles
457: dt=0.1822,  27 negative triangles
458: dt=0.1822,  27 negative triangles
459: dt=0.1822,  30 negative triangles
460: dt=0.1822,  31 negative triangles
461: dt=0.1822,  27 negative triangles
462: dt=0.1822,  29 negative triangles
463: dt=0.1731,  26 negative triangles
464: dt=0.1731,  26 negative triangles
465: dt=0.1731,  23 negative triangles
466: dt=0.1731,  25 negative triangles
467: dt=0.1731,  22 negative triangles
468: dt=0.1731,  26 negative triangles
469: dt=0.1731,  26 negative triangles
470: dt=0.1731,  27 negative triangles
471: dt=0.1731,  28 negative triangles
472: dt=0.1731,  27 negative triangles
473: dt=0.1731,  30 negative triangles
474: dt=0.1731,  29 negative triangles
475: dt=0.1731,  28 negative triangles
476: dt=0.1731,  27 negative triangles
477: dt=0.1644,  28 negative triangles
478: dt=0.1644,  29 negative triangles
479: dt=0.1644,  29 negative triangles
480: dt=0.1644,  30 negative triangles
481: dt=0.1644,  30 negative triangles
482: dt=0.1644,  28 negative triangles
483: dt=0.1644,  27 negative triangles
484: dt=0.1644,  30 negative triangles
485: dt=0.1644,  27 negative triangles
486: dt=0.1644,  26 negative triangles
487: dt=0.1562,  29 negative triangles
488: dt=0.1562,  28 negative triangles
489: dt=0.1562,  28 negative triangles
490: dt=0.1562,  30 negative triangles
491: dt=0.1562,  30 negative triangles
492: dt=0.1562,  29 negative triangles
493: dt=0.1562,  30 negative triangles
494: dt=0.1562,  27 negative triangles
495: dt=0.1562,  28 negative triangles
496: dt=0.1562,  28 negative triangles
497: dt=0.1484,  27 negative triangles
498: dt=0.1484,  26 negative triangles
499: dt=0.1484,  26 negative triangles
500: dt=0.1484,  25 negative triangles
501: dt=0.1484,  27 negative triangles
502: dt=0.1484,  26 negative triangles
503: dt=0.1484,  27 negative triangles
504: dt=0.1484,  28 negative triangles
505: dt=0.1484,  27 negative triangles
506: dt=0.1484,  27 negative triangles
507: dt=0.1410,  28 negative triangles
508: dt=0.1410,  27 negative triangles
509: dt=0.1410,  28 negative triangles
510: dt=0.1410,  27 negative triangles
511: dt=0.1410,  28 negative triangles
512: dt=0.1410,  30 negative triangles
513: dt=0.1410,  28 negative triangles
514: dt=0.1410,  30 negative triangles
515: dt=0.1410,  30 negative triangles
516: dt=0.1410,  30 negative triangles
517: dt=0.1339,  30 negative triangles
518: dt=0.1339,  29 negative triangles
519: dt=0.1339,  28 negative triangles
520: dt=0.1339,  27 negative triangles
521: dt=0.1339,  28 negative triangles
522: dt=0.1339,  26 negative triangles
523: dt=0.1339,  28 negative triangles
524: dt=0.1339,  29 negative triangles
525: dt=0.1339,  25 negative triangles
526: dt=0.1339,  26 negative triangles
527: dt=0.1272,  27 negative triangles
528: dt=0.1272,  28 negative triangles
529: dt=0.1272,  24 negative triangles
530: dt=0.1272,  31 negative triangles
531: dt=0.1272,  28 negative triangles
532: dt=0.1272,  26 negative triangles
533: dt=0.1272,  26 negative triangles
534: dt=0.1272,  28 negative triangles
535: dt=0.1272,  29 negative triangles
536: dt=0.1272,  28 negative triangles
537: dt=0.1209,  26 negative triangles
538: dt=0.1209,  28 negative triangles
539: dt=0.1209,  28 negative triangles
540: dt=0.1209,  26 negative triangles
541: dt=0.1209,  26 negative triangles
542: dt=0.1209,  26 negative triangles
543: dt=0.1209,  29 negative triangles
544: dt=0.1209,  29 negative triangles
545: dt=0.1209,  27 negative triangles
546: dt=0.1209,  28 negative triangles
547: dt=0.1148,  29 negative triangles
548: dt=0.1148,  30 negative triangles
549: dt=0.1148,  29 negative triangles
550: dt=0.1148,  32 negative triangles
551: dt=0.1148,  29 negative triangles
552: dt=0.1148,  29 negative triangles
553: dt=0.1148,  28 negative triangles
554: dt=0.1148,  28 negative triangles
555: dt=0.1148,  27 negative triangles
556: dt=0.1148,  26 negative triangles
557: dt=0.1091,  28 negative triangles
558: dt=0.1091,  30 negative triangles
559: dt=0.1091,  28 negative triangles
560: dt=0.1091,  28 negative triangles
561: dt=0.1091,  30 negative triangles
562: dt=0.1091,  28 negative triangles
563: dt=0.1091,  28 negative triangles
564: dt=0.1091,  28 negative triangles
565: dt=0.1091,  30 negative triangles
566: dt=0.1091,  28 negative triangles
567: dt=0.1036,  29 negative triangles
568: dt=0.1036,  29 negative triangles
569: dt=0.1036,  29 negative triangles
570: dt=0.1036,  30 negative triangles
571: dt=0.1036,  28 negative triangles
572: dt=0.1036,  27 negative triangles
573: dt=0.1036,  26 negative triangles
574: dt=0.1036,  25 negative triangles
575: dt=0.1036,  29 negative triangles
576: dt=0.1036,  27 negative triangles
577: dt=0.0984,  27 negative triangles
578: dt=0.0984,  28 negative triangles
579: dt=0.0984,  30 negative triangles
580: dt=0.0984,  28 negative triangles
581: dt=0.0984,  28 negative triangles
582: dt=0.0984,  27 negative triangles
583: dt=0.0984,  27 negative triangles
584: dt=0.0984,  26 negative triangles
585: dt=0.0984,  27 negative triangles
586: dt=0.0984,  27 negative triangles
587: dt=0.0935,  28 negative triangles
588: dt=0.0935,  27 negative triangles
589: dt=0.0935,  28 negative triangles
590: dt=0.0935,  28 negative triangles
591: dt=0.0935,  29 negative triangles
592: dt=0.0935,  28 negative triangles
593: dt=0.0935,  27 negative triangles
594: dt=0.0935,  27 negative triangles
595: dt=0.0935,  25 negative triangles
596: dt=0.0935,  27 negative triangles
597: dt=0.0888,  27 negative triangles
598: dt=0.0888,  26 negative triangles
599: dt=0.0888,  26 negative triangles
600: dt=0.0888,  28 negative triangles
601: dt=0.0888,  29 negative triangles
602: dt=0.0888,  25 negative triangles
603: dt=0.0888,  26 negative triangles
604: dt=0.0888,  26 negative triangles
605: dt=0.0888,  26 negative triangles
606: dt=0.0888,  28 negative triangles
607: dt=0.0844,  29 negative triangles
608: dt=0.0844,  27 negative triangles
609: dt=0.0844,  27 negative triangles
610: dt=0.0844,  29 negative triangles
611: dt=0.0844,  28 negative triangles
612: dt=0.0844,  26 negative triangles
613: dt=0.0844,  27 negative triangles
614: dt=0.0844,  26 negative triangles
615: dt=0.0844,  30 negative triangles
616: dt=0.0844,  29 negative triangles
617: dt=0.0802,  32 negative triangles
618: dt=0.0802,  30 negative triangles
619: dt=0.0802,  29 negative triangles
620: dt=0.0802,  32 negative triangles
621: dt=0.0802,  30 negative triangles
622: dt=0.0802,  28 negative triangles
623: dt=0.0802,  29 negative triangles
624: dt=0.0802,  26 negative triangles
625: dt=0.0802,  27 negative triangles
626: dt=0.0802,  26 negative triangles
627: dt=0.0762,  26 negative triangles
628: dt=0.0762,  29 negative triangles
629: dt=0.0762,  28 negative triangles
630: dt=0.0762,  27 negative triangles
631: dt=0.0762,  27 negative triangles
632: dt=0.0762,  28 negative triangles
633: dt=0.0762,  26 negative triangles
634: dt=0.0762,  26 negative triangles
635: dt=0.0762,  27 negative triangles
636: dt=0.0762,  28 negative triangles
637: dt=0.0724,  28 negative triangles
638: dt=0.0724,  27 negative triangles
639: dt=0.0724,  27 negative triangles
640: dt=0.0724,  26 negative triangles
641: dt=0.0724,  26 negative triangles
642: dt=0.0724,  26 negative triangles
643: dt=0.0724,  28 negative triangles
644: dt=0.0724,  28 negative triangles
645: dt=0.0724,  25 negative triangles
646: dt=0.0724,  26 negative triangles
647: dt=0.0687,  27 negative triangles
648: dt=0.0687,  27 negative triangles
649: dt=0.0687,  25 negative triangles
650: dt=0.0687,  28 negative triangles
651: dt=0.0687,  29 negative triangles
652: dt=0.0687,  28 negative triangles
653: dt=0.0687,  29 negative triangles
654: dt=0.0687,  28 negative triangles
655: dt=0.0687,  27 negative triangles
656: dt=0.0687,  27 negative triangles
657: dt=0.0653,  26 negative triangles
658: dt=0.0653,  27 negative triangles
659: dt=0.0653,  29 negative triangles
660: dt=0.0653,  27 negative triangles
661: dt=0.0653,  26 negative triangles
662: dt=0.0653,  26 negative triangles
663: dt=0.0653,  29 negative triangles
664: dt=0.0653,  26 negative triangles
665: dt=0.0653,  27 negative triangles
666: dt=0.0653,  26 negative triangles
667: dt=0.0620,  26 negative triangles
668: dt=0.0620,  25 negative triangles
669: dt=0.0620,  27 negative triangles
670: dt=0.0620,  27 negative triangles
671: dt=0.0620,  29 negative triangles
672: dt=0.0620,  27 negative triangles
673: dt=0.0620,  26 negative triangles
674: dt=0.0620,  28 negative triangles
675: dt=0.0620,  26 negative triangles
676: dt=0.0620,  27 negative triangles
677: dt=0.0589,  24 negative triangles
678: dt=0.0589,  24 negative triangles
679: dt=0.0589,  25 negative triangles
680: dt=0.0589,  24 negative triangles
681: dt=0.0589,  23 negative triangles
682: dt=0.0589,  24 negative triangles
683: dt=0.0589,  25 negative triangles
684: dt=0.0589,  25 negative triangles
685: dt=0.0589,  26 negative triangles
686: dt=0.0589,  27 negative triangles
687: dt=0.0560,  24 negative triangles
688: dt=0.0560,  25 negative triangles
689: dt=0.0560,  25 negative triangles
690: dt=0.0560,  24 negative triangles
691: dt=0.0560,  24 negative triangles
692: dt=0.0560,  26 negative triangles
693: dt=0.0560,  24 negative triangles
694: dt=0.0560,  24 negative triangles
695: dt=0.0560,  25 negative triangles
696: dt=0.0560,  27 negative triangles
697: dt=0.0532,  26 negative triangles
698: dt=0.0532,  27 negative triangles
699: dt=0.0532,  26 negative triangles
700: dt=0.0532,  26 negative triangles
701: dt=0.0532,  27 negative triangles
702: dt=0.0532,  26 negative triangles
703: dt=0.0532,  27 negative triangles
704: dt=0.0532,  27 negative triangles
705: dt=0.0532,  28 negative triangles
706: dt=0.0532,  27 negative triangles
707: dt=0.0505,  27 negative triangles
708: dt=0.0505,  28 negative triangles
709: dt=0.0505,  25 negative triangles
710: dt=0.0505,  26 negative triangles
711: dt=0.0505,  26 negative triangles
712: dt=0.0505,  26 negative triangles
713: dt=0.0505,  27 negative triangles
714: dt=0.0505,  26 negative triangles
715: dt=0.0505,  26 negative triangles
716: dt=0.0505,  29 negative triangles
717: dt=0.0480,  28 negative triangles
718: dt=0.0480,  28 negative triangles
719: dt=0.0480,  29 negative triangles
720: dt=0.0480,  29 negative triangles
721: dt=0.0480,  29 negative triangles
722: dt=0.0480,  29 negative triangles
723: dt=0.0480,  29 negative triangles
724: dt=0.0480,  30 negative triangles
725: dt=0.0480,  30 negative triangles
726: dt=0.0480,  30 negative triangles
727: dt=0.0456,  30 negative triangles
728: dt=0.0456,  29 negative triangles
729: dt=0.0456,  28 negative triangles
730: dt=0.0456,  27 negative triangles
731: dt=0.0456,  29 negative triangles
732: dt=0.0456,  29 negative triangles
733: dt=0.0456,  28 negative triangles
734: dt=0.0456,  28 negative triangles
735: dt=0.0456,  27 negative triangles
736: dt=0.0456,  27 negative triangles
737: dt=0.0433,  28 negative triangles
738: dt=0.0433,  28 negative triangles
739: dt=0.0433,  27 negative triangles
740: dt=0.0433,  28 negative triangles
741: dt=0.0433,  29 negative triangles
742: dt=0.0433,  27 negative triangles
743: dt=0.0433,  30 negative triangles
744: dt=0.0433,  28 negative triangles
745: dt=0.0433,  26 negative triangles
746: dt=0.0433,  28 negative triangles
747: dt=0.0412,  27 negative triangles
748: dt=0.0412,  28 negative triangles
749: dt=0.0412,  27 negative triangles
750: dt=0.0412,  26 negative triangles
751: dt=0.0412,  27 negative triangles
752: dt=0.0412,  26 negative triangles
753: dt=0.0412,  28 negative triangles
754: dt=0.0412,  29 negative triangles
755: dt=0.0412,  30 negative triangles
756: dt=0.0412,  28 negative triangles
757: dt=0.0391,  27 negative triangles
758: dt=0.0391,  28 negative triangles
759: dt=0.0391,  28 negative triangles
760: dt=0.0391,  29 negative triangles
761: dt=0.0391,  29 negative triangles
762: dt=0.0391,  30 negative triangles
763: dt=0.0391,  29 negative triangles
764: dt=0.0391,  30 negative triangles
765: dt=0.0391,  31 negative triangles
766: dt=0.0391,  29 negative triangles
767: dt=0.0371,  29 negative triangles
768: dt=0.0371,  28 negative triangles
769: dt=0.0371,  28 negative triangles
770: dt=0.0371,  29 negative triangles
771: dt=0.0371,  27 negative triangles
772: dt=0.0371,  28 negative triangles
773: dt=0.0371,  28 negative triangles
774: dt=0.0371,  27 negative triangles
775: dt=0.0371,  28 negative triangles
776: dt=0.0371,  29 negative triangles
777: dt=0.0353,  26 negative triangles
778: dt=0.0353,  27 negative triangles
779: dt=0.0353,  27 negative triangles
780: dt=0.0353,  26 negative triangles
781: dt=0.0353,  25 negative triangles
782: dt=0.0353,  24 negative triangles
783: dt=0.0353,  25 negative triangles
784: dt=0.0353,  23 negative triangles
785: dt=0.0353,  23 negative triangles
786: dt=0.0353,  25 negative triangles
787: dt=0.0335,  27 negative triangles
788: dt=0.0335,  27 negative triangles
789: dt=0.0335,  24 negative triangles
790: dt=0.0335,  25 negative triangles
791: dt=0.0335,  25 negative triangles
792: dt=0.0335,  25 negative triangles
793: dt=0.0335,  28 negative triangles
794: dt=0.0335,  26 negative triangles
795: dt=0.0335,  27 negative triangles
796: dt=0.0335,  28 negative triangles
797: dt=0.0319,  26 negative triangles
798: dt=0.0319,  29 negative triangles
799: dt=0.0319,  26 negative triangles
800: dt=0.0319,  27 negative triangles
801: dt=0.0319,  26 negative triangles
802: dt=0.0319,  26 negative triangles
803: dt=0.0319,  27 negative triangles
804: dt=0.0319,  25 negative triangles
805: dt=0.0319,  24 negative triangles
806: dt=0.0319,  23 negative triangles
807: dt=0.0303,  26 negative triangles
808: dt=0.0303,  26 negative triangles
809: dt=0.0303,  23 negative triangles
810: dt=0.0303,  25 negative triangles
811: dt=0.0303,  26 negative triangles
812: dt=0.0303,  28 negative triangles
813: dt=0.0303,  26 negative triangles
814: dt=0.0303,  27 negative triangles
815: dt=0.0303,  26 negative triangles
816: dt=0.0303,  28 negative triangles
817: dt=0.0287,  26 negative triangles
818: dt=0.0287,  28 negative triangles
819: dt=0.0287,  26 negative triangles
820: dt=0.0287,  27 negative triangles
821: dt=0.0287,  28 negative triangles
822: dt=0.0287,  26 negative triangles
823: dt=0.0287,  28 negative triangles
824: dt=0.0287,  29 negative triangles
825: dt=0.0287,  29 negative triangles
826: dt=0.0287,  28 negative triangles
827: dt=0.0273,  29 negative triangles
828: dt=0.0273,  28 negative triangles
829: dt=0.0273,  28 negative triangles
830: dt=0.0273,  28 negative triangles
831: dt=0.0273,  27 negative triangles
832: dt=0.0273,  28 negative triangles
833: dt=0.0273,  28 negative triangles
834: dt=0.0273,  29 negative triangles
835: dt=0.0273,  29 negative triangles
836: dt=0.0273,  29 negative triangles
837: dt=0.0259,  29 negative triangles
838: dt=0.0259,  29 negative triangles
839: dt=0.0259,  29 negative triangles
840: dt=0.0259,  29 negative triangles
841: dt=0.0259,  29 negative triangles
842: dt=0.0259,  28 negative triangles
843: dt=0.0259,  29 negative triangles
844: dt=0.0259,  28 negative triangles
845: dt=0.0259,  28 negative triangles
846: dt=0.0259,  28 negative triangles
847: dt=0.0246,  28 negative triangles
848: dt=0.0246,  28 negative triangles
849: dt=0.0246,  27 negative triangles
850: dt=0.0246,  27 negative triangles
851: dt=0.0246,  26 negative triangles
852: dt=0.0246,  26 negative triangles
853: dt=0.0246,  26 negative triangles
854: dt=0.0246,  26 negative triangles
855: dt=0.0246,  26 negative triangles
856: dt=0.0246,  25 negative triangles
857: dt=0.0234,  26 negative triangles
858: dt=0.0234,  26 negative triangles
859: dt=0.0234,  27 negative triangles
860: dt=0.0234,  28 negative triangles
861: dt=0.0234,  25 negative triangles
862: dt=0.0234,  25 negative triangles
863: dt=0.0234,  26 negative triangles
864: dt=0.0234,  27 negative triangles
865: dt=0.0234,  27 negative triangles
866: dt=0.0234,  27 negative triangles
867: dt=0.0222,  27 negative triangles
868: dt=0.0222,  26 negative triangles
869: dt=0.0222,  29 negative triangles
870: dt=0.0222,  29 negative triangles
871: dt=0.0222,  27 negative triangles
872: dt=0.0222,  26 negative triangles
873: dt=0.0222,  29 negative triangles
874: dt=0.0222,  25 negative triangles
875: dt=0.0222,  25 negative triangles
876: dt=0.0222,  28 negative triangles
877: dt=0.0211,  27 negative triangles
878: dt=0.0211,  27 negative triangles
879: dt=0.0211,  27 negative triangles
880: dt=0.0211,  27 negative triangles
881: dt=0.0211,  26 negative triangles
882: dt=0.0211,  27 negative triangles
883: dt=0.0211,  29 negative triangles
884: dt=0.0211,  27 negative triangles
885: dt=0.0211,  29 negative triangles
886: dt=0.0211,  27 negative triangles
887: dt=0.0201,  27 negative triangles
888: dt=0.0201,  28 negative triangles
889: dt=0.0201,  27 negative triangles
890: dt=0.0201,  28 negative triangles
891: dt=0.0201,  27 negative triangles
892: dt=0.0201,  29 negative triangles
893: dt=0.0201,  26 negative triangles
894: dt=0.0201,  29 negative triangles
895: dt=0.0201,  25 negative triangles
896: dt=0.0201,  27 negative triangles
897: dt=0.0191,  27 negative triangles
898: dt=0.0191,  26 negative triangles
899: dt=0.0191,  25 negative triangles
900: dt=0.0191,  27 negative triangles
901: dt=0.0191,  26 negative triangles
902: dt=0.0191,  23 negative triangles
903: dt=0.0191,  24 negative triangles
904: dt=0.0191,  25 negative triangles
905: dt=0.0191,  25 negative triangles
906: dt=0.0191,  23 negative triangles
907: dt=0.0181,  23 negative triangles
908: dt=0.0181,  23 negative triangles
909: dt=0.0181,  26 negative triangles
910: dt=0.0181,  26 negative triangles
911: dt=0.0181,  26 negative triangles
912: dt=0.0181,  26 negative triangles
913: dt=0.0181,  27 negative triangles
914: dt=0.0181,  27 negative triangles
915: dt=0.0181,  28 negative triangles
916: dt=0.0181,  26 negative triangles
917: dt=0.0172,  26 negative triangles
918: dt=0.0172,  24 negative triangles
919: dt=0.0172,  26 negative triangles
920: dt=0.0172,  25 negative triangles
921: dt=0.0172,  24 negative triangles
922: dt=0.0172,  24 negative triangles
923: dt=0.0172,  25 negative triangles
924: dt=0.0172,  23 negative triangles
925: dt=0.0172,  23 negative triangles
926: dt=0.0172,  22 negative triangles
927: dt=0.0164,  27 negative triangles
928: dt=0.0164,  26 negative triangles
929: dt=0.0164,  26 negative triangles
930: dt=0.0164,  26 negative triangles
931: dt=0.0164,  25 negative triangles
932: dt=0.0164,  26 negative triangles
933: dt=0.0164,  27 negative triangles
934: dt=0.0164,  27 negative triangles
935: dt=0.0164,  27 negative triangles
936: dt=0.0164,  30 negative triangles
937: dt=0.0155,  31 negative triangles
938: dt=0.0155,  29 negative triangles
939: dt=0.0155,  29 negative triangles
940: dt=0.0155,  29 negative triangles
941: dt=0.0155,  29 negative triangles
942: dt=0.0155,  29 negative triangles
943: dt=0.0155,  29 negative triangles
944: dt=0.0155,  28 negative triangles
945: dt=0.0155,  28 negative triangles
946: dt=0.0155,  28 negative triangles
947: dt=0.0148,  28 negative triangles
948: dt=0.0148,  28 negative triangles
949: dt=0.0148,  25 negative triangles
950: dt=0.0148,  25 negative triangles
951: dt=0.0148,  26 negative triangles
952: dt=0.0148,  25 negative triangles
953: dt=0.0148,  27 negative triangles
954: dt=0.0148,  27 negative triangles
955: dt=0.0148,  26 negative triangles
956: dt=0.0148,  26 negative triangles
957: dt=0.0140,  26 negative triangles
958: dt=0.0140,  27 negative triangles
959: dt=0.0140,  25 negative triangles
960: dt=0.0140,  26 negative triangles
961: dt=0.0140,  25 negative triangles
962: dt=0.0140,  25 negative triangles
963: dt=0.0140,  25 negative triangles
964: dt=0.0140,  26 negative triangles
965: dt=0.0140,  25 negative triangles
966: dt=0.0140,  25 negative triangles
967: dt=0.0133,  25 negative triangles
968: dt=0.0133,  25 negative triangles
969: dt=0.0133,  24 negative triangles
970: dt=0.0133,  25 negative triangles
971: dt=0.0133,  25 negative triangles
972: dt=0.0133,  28 negative triangles
973: dt=0.0133,  26 negative triangles
974: dt=0.0133,  26 negative triangles
975: dt=0.0133,  27 negative triangles
976: dt=0.0133,  25 negative triangles
977: dt=0.0127,  25 negative triangles
978: dt=0.0127,  26 negative triangles
979: dt=0.0127,  26 negative triangles
980: dt=0.0127,  28 negative triangles
981: dt=0.0127,  28 negative triangles
982: dt=0.0127,  29 negative triangles
983: dt=0.0127,  30 negative triangles
984: dt=0.0127,  29 negative triangles
985: dt=0.0127,  28 negative triangles
986: dt=0.0127,  28 negative triangles
987: dt=0.0120,  29 negative triangles
988: dt=0.0120,  27 negative triangles
989: dt=0.0120,  26 negative triangles
990: dt=0.0120,  23 negative triangles
991: dt=0.0120,  27 negative triangles
992: dt=0.0120,  26 negative triangles
993: dt=0.0120,  25 negative triangles
994: dt=0.0120,  25 negative triangles
995: dt=0.0120,  27 negative triangles
996: dt=0.0120,  28 negative triangles
997: dt=0.0114,  29 negative triangles
998: dt=0.0114,  28 negative triangles
999: dt=0.0114,  27 negative triangles
1000: dt=0.0114,  28 negative triangles
1001: dt=0.0114,  29 negative triangles
1002: dt=0.0114,  28 negative triangles
1003: dt=0.0114,  28 negative triangles
1004: dt=0.0114,  29 negative triangles
1005: dt=0.0114,  28 negative triangles
1006: dt=0.0114,  27 negative triangles
1007: dt=0.0108,  26 negative triangles
1008: dt=0.0108,  27 negative triangles
1009: dt=0.0108,  27 negative triangles
1010: dt=0.0108,  24 negative triangles
1011: dt=0.0108,  26 negative triangles
1012: dt=0.0108,  26 negative triangles
1013: dt=0.0108,  26 negative triangles
1014: dt=0.0108,  25 negative triangles
1015: dt=0.0108,  26 negative triangles
1016: dt=0.0108,  26 negative triangles
1017: dt=0.0103,  26 negative triangles
1018: dt=0.0103,  26 negative triangles
1019: dt=0.0103,  26 negative triangles
1020: dt=0.0103,  26 negative triangles
1021: dt=0.0103,  26 negative triangles
1022: dt=0.0103,  27 negative triangles
1023: dt=0.0103,  28 negative triangles
1024: dt=0.0103,  28 negative triangles
1025: dt=0.0103,  27 negative triangles
1026: dt=0.0103,  27 negative triangles
1027: dt=0.0098,  27 negative triangles
1028: dt=0.0098,  27 negative triangles
1029: dt=0.0098,  28 negative triangles
1030: dt=0.0098,  27 negative triangles
1031: dt=0.0098,  27 negative triangles
1032: dt=0.0098,  27 negative triangles
1033: dt=0.0098,  27 negative triangles
1034: dt=0.0098,  26 negative triangles
1035: dt=0.0098,  28 negative triangles
1036: dt=0.0098,  28 negative triangles
1037: dt=0.0098,  28 negative triangles
1038: dt=0.0098,  26 negative triangles
1039: dt=0.0098,  27 negative triangles
1040: dt=0.0098,  26 negative triangles
1041: dt=0.0098,  29 negative triangles
1042: dt=0.0098,  29 negative triangles
1043: dt=0.0098,  27 negative triangles
1044: dt=0.0098,  27 negative triangles
1045: dt=0.0098,  26 negative triangles
1046: dt=0.0098,  27 negative triangles
1047: dt=0.0098,  28 negative triangles
1048: dt=0.0098,  26 negative triangles
1049: dt=0.0098,  27 negative triangles
1050: dt=0.0098,  27 negative triangles
1051: dt=0.0098,  28 negative triangles
1052: dt=0.0098,  28 negative triangles
1053: dt=0.0098,  30 negative triangles
1054: dt=0.0098,  28 negative triangles
1055: dt=0.0098,  26 negative triangles
1056: dt=0.0098,  28 negative triangles
1057: dt=0.0098,  26 negative triangles
1058: dt=0.0098,  25 negative triangles
1059: dt=0.0098,  28 negative triangles
1060: dt=0.0098,  29 negative triangles
1061: dt=0.0098,  29 negative triangles
1062: dt=0.0098,  29 negative triangles
1063: dt=0.0098,  25 negative triangles
1064: dt=0.0098,  28 negative triangles
1065: dt=0.0098,  28 negative triangles
1066: dt=0.0098,  29 negative triangles
1067: dt=0.0098,  27 negative triangles
1068: dt=0.0098,  29 negative triangles
1069: dt=0.0098,  28 negative triangles
1070: dt=0.0098,  26 negative triangles
1071: dt=0.0098,  25 negative triangles
1072: dt=0.0098,  28 negative triangles
1073: dt=0.0098,  29 negative triangles
1074: dt=0.0098,  29 negative triangles
1075: dt=0.0098,  27 negative triangles
1076: dt=0.0098,  27 negative triangles
1077: dt=0.0098,  26 negative triangles
1078: dt=0.0098,  26 negative triangles
1079: dt=0.0098,  26 negative triangles
1080: dt=0.0098,  29 negative triangles
1081: dt=0.0098,  28 negative triangles
1082: dt=0.0098,  29 negative triangles
1083: dt=0.0098,  27 negative triangles
1084: dt=0.0098,  27 negative triangles
1085: dt=0.0098,  25 negative triangles
1086: dt=0.0098,  25 negative triangles
1087: dt=0.0098,  26 negative triangles
1088: dt=0.0098,  29 negative triangles
1089: dt=0.0098,  29 negative triangles
1090: dt=0.0098,  29 negative triangles
1091: dt=0.0098,  26 negative triangles
1092: dt=0.0098,  26 negative triangles
1093: dt=0.0098,  29 negative triangles
1094: dt=0.0098,  28 negative triangles
1095: dt=0.0098,  29 negative triangles
1096: dt=0.0098,  27 negative triangles
1097: dt=0.0098,  26 negative triangles
1098: dt=0.0098,  27 negative triangles
1099: dt=0.0098,  27 negative triangles
1100: dt=0.0098,  26 negative triangles
1101: dt=0.0098,  28 negative triangles
1102: dt=0.0098,  28 negative triangles
1103: dt=0.0098,  29 negative triangles
1104: dt=0.0098,  27 negative triangles
1105: dt=0.0098,  27 negative triangles
1106: dt=0.0098,  28 negative triangles
1107: dt=0.0098,  28 negative triangles
1108: dt=0.0098,  26 negative triangles
1109: dt=0.0098,  26 negative triangles
1110: dt=0.0098,  26 negative triangles
1111: dt=0.0098,  26 negative triangles
1112: dt=0.0098,  26 negative triangles
1113: dt=0.0098,  26 negative triangles
1114: dt=0.0098,  28 negative triangles
1115: dt=0.0098,  28 negative triangles
1116: dt=0.0098,  28 negative triangles
1117: dt=0.0098,  26 negative triangles
1118: dt=0.0098,  26 negative triangles
1119: dt=0.0098,  29 negative triangles
1120: dt=0.0098,  29 negative triangles
writing registered surface to ../surf/lh.sphere.reg...
1121: dt=0.0098,  29 negative triangles
1122: 26 negative triangles
registration took 0.12 hours
#VMPC# mris_register VmPeak  2208632
FSRUNTIME@ mris_register  0.1249 hours 16 threads

 ln -sf lh.sphere.reg lh.fsaverage.sphere.reg 

#--------------------------------------------
#@# Jacobian white lh Tue Mar 10 00:04:07 CET 2026
/out/sourcedata/freesurfer/sub-v1s2x0051475_ses-1/scripts

 mris_jacobian ../surf/lh.white.preaparc ../surf/lh.sphere.reg ../surf/lh.jacobian_white 

reading surface from ../surf/lh.white.preaparc...
writing curvature file ../surf/lh.jacobian_white
#--------------------------------------------
#@# AvgCurv lh Tue Mar 10 00:04:08 CET 2026
/out/sourcedata/freesurfer/sub-v1s2x0051475_ses-1/scripts

 mrisp_paint -a 5 /opt/freesurfer/average/lh.folding.atlas.acfb40.noaparc.i12.2016-08-02.tif#6 ../surf/lh.sphere.reg ../surf/lh.avg_curv 

averaging curvature patterns 5 times...
reading surface from ../surf/lh.sphere.reg...
reading template parameterization from /opt/freesurfer/average/lh.folding.atlas.acfb40.noaparc.i12.2016-08-02.tif...
writing curvature file to ../surf/lh.avg_curv...
#-----------------------------------------
#@# Cortical Parc lh Tue Mar 10 00:04:09 CET 2026
/out/sourcedata/freesurfer/sub-v1s2x0051475_ses-1/scripts

 mris_ca_label -l ../label/lh.cortex.label -aseg ../mri/aseg.presurf.mgz -seed 1234 sub-v1s2x0051475_ses-1 lh ../surf/lh.sphere.reg /opt/freesurfer/average/lh.DKaparc.atlas.acfb40.noaparc.i12.2016-08-02.gcs ../label/lh.aparc.annot 

setting seed for random number generator to 1234
using ../mri/aseg.presurf.mgz aseg volume to correct midline
7.3.2
  7.3.2
reading atlas from /opt/freesurfer/average/lh.DKaparc.atlas.acfb40.noaparc.i12.2016-08-02.gcs...
reading color table from GCSA file....
average std = 0.8   using min determinant for regularization = 0.006
0 singular and 342 ill-conditioned covariance matrices regularized
input 0: MEAN CURVATURE, flags 0, avgs 5, name mean_curvature
labeling surface...
1737 labels changed using aseg
relabeling using gibbs priors...
000:   3614 changed, 154083 examined...
001:    846 changed, 14852 examined...
002:    226 changed, 4717 examined...
003:     86 changed, 1390 examined...
004:     33 changed, 536 examined...
005:     14 changed, 193 examined...
006:     13 changed, 79 examined...
007:     11 changed, 74 examined...
008:     12 changed, 61 examined...
009:      5 changed, 61 examined...
010:      3 changed, 30 examined...
011:      5 changed, 20 examined...
012:      1 changed, 29 examined...
013:      0 changed, 6 examined...
252 labels changed using aseg
000: 131 total segments, 86 labels (255 vertices) changed
001: 45 total segments, 2 labels (6 vertices) changed
002: 43 total segments, 0 labels (0 vertices) changed
10 filter iterations complete (10 requested, 3 changed)
rationalizing unknown annotations with cortex label
relabeling unknown label...
relabeling corpuscallosum label...
2006 vertices marked for relabeling...
2006 labels changed in reclassification.
writing output to ../label/lh.aparc.annot...
classification took 0 minutes and 12 seconds.
#--------------------------------------------
#@# WhiteSurfs lh Tue Mar 10 00:04:21 CET 2026
cd /out/sourcedata/freesurfer/sub-v1s2x0051475_ses-1/mri
mris_place_surface --adgws-in ../surf/autodet.gw.stats.lh.dat --seg aseg.presurf.mgz --threads 16 --wm wm.mgz --invol brain.finalsurfs.mgz --lh --i ../surf/lh.white.preaparc --o ../surf/lh.white --white --nsmooth 0 --rip-label ../label/lh.cortex.label --rip-bg --rip-surf ../surf/lh.white.preaparc --aparc ../label/lh.aparc.annot
7.3.2
7.3.2

cd /out/sourcedata/freesurfer/sub-v1s2x0051475_ses-1/mri
setenv SUBJECTS_DIR /out/sourcedata/freesurfer
mris_place_surface --adgws-in ../surf/autodet.gw.stats.lh.dat --seg aseg.presurf.mgz --threads 16 --wm wm.mgz --invol brain.finalsurfs.mgz --lh --i ../surf/lh.white.preaparc --o ../surf/lh.white --white --nsmooth 0 --rip-label ../label/lh.cortex.label --rip-bg --rip-surf ../surf/lh.white.preaparc --aparc ../label/lh.aparc.annot 

Reading in input surface ../surf/lh.white.preaparc
Not smoothing input surface
removing intersecting faces
000: 10 intersecting
step 1 with no progress (num=18, old_num=10)
001: 18 intersecting
step 2 with no progress (num=21, old_num=18)
002: 21 intersecting
003: 18 intersecting
step 1 with no progress (num=26, old_num=18)
004: 26 intersecting
step 2 with no progress (num=30, old_num=26)
005: 30 intersecting
step 3 with no progress (num=39, old_num=30)
006: 39 intersecting
007: 36 intersecting
008: 32 intersecting
step 1 with no progress (num=32, old_num=32)
009: 32 intersecting
010: 31 intersecting
step 1 with no progress (num=31, old_num=31)
011: 31 intersecting
step 2 with no progress (num=31, old_num=31)
012: 31 intersecting
step 3 with no progress (num=31, old_num=31)
013: 31 intersecting
step 4 with no progress (num=31, old_num=31)
014: 31 intersecting
step 5 with no progress (num=31, old_num=31)
015: 31 intersecting
step 6 with no progress (num=31, old_num=31)
016: 31 intersecting
step 7 with no progress (num=31, old_num=31)
017: 31 intersecting
step 8 with no progress (num=31, old_num=31)
018: 31 intersecting
step 9 with no progress (num=31, old_num=31)
019: 31 intersecting
step 10 with no progress (num=31, old_num=31)
020: 31 intersecting
step 11 with no progress (num=31, old_num=31)
021: 31 intersecting
step 12 with no progress (num=31, old_num=31)
022: 31 intersecting
step 13 with no progress (num=31, old_num=31)
023: 31 intersecting
step 14 with no progress (num=31, old_num=31)
024: 31 intersecting
step 15 with no progress (num=31, old_num=31)
025: 31 intersecting
step 16 with no progress (num=31, old_num=31)
terminating search with 10 intersecting
Area    308162  0.31736  0.10809 0.000000   2.9174
Corner  924486 60.00000 13.52914 0.010040 179.9616
Edge    462243  0.86489  0.18096 0.000089   3.9425
Hinge   462243  8.72589  9.98284 0.000009 179.8630
Reading in aparc ../label/lh.aparc.annot
Reading in input volume brain.finalsurfs.mgz
Reading in wm volume wm.mgz
MRIclipBrightWM(): nthresh=22856, wmmin=5, clip=110 
MRIfindBrightNonWM(): 503 bright non-wm voxels segmented.
Masking bright non-wm for white surface
MRImask(): AllowDiffGeom = 1
MRImask(): AllowDiffGeom = 1
Reading in seg volume aseg.presurf.mgz
Ripping frozen voxels
Ripping vertices not in label ../label/lh.cortex.label
MRISripNotLabel() ripped 9202/154083 vertices (144881 unripped)
Reading in ripping surface ../surf/lh.white.preaparc
Reading in aparc ../label/lh.aparc.annot for ripsurf
Ripping BG
MRISripBasalGanglia(): 1 -2 2 0.5 ripped 488
Ripping segs (eg, WMSA, BG, frozen)
Starting MRISripSegs() d = (-2 2 0.5) segnos: 247 
MRISripSegs(): -2 2 0.5 ripped 0
vertex 77042: xyz = (-40.1684,-11.7725,73.8873) oxyz = (-40.1684,-11.7725,73.8873) wxzy = (-40.1684,-11.7725,73.8873) pxyz = (0,0,0) 
CBVO Creating mask 154083
n_averages 4
Iteration 0 =========================================
n_averages=4, current_sigma=2
Computing target border values 
Entering MRIScomputeBorderValues_new(): 
  inside_hi   = 120.0000000;
  border_hi   = 113.0312880;
  border_low  =  81.0000000;
  outside_low =  69.6670070;
  outside_hi  = 113.0312880;
  sigma = 2;
  max_thickness = 10;
  step_size=0.5;
  STEP_SIZE=0.1;
  which = 1
  thresh = 0
  flags = 0
  CBVfindFirstPeakD1=0
  CBVfindFirstPeakD2=0
  nvertices=154083
  Gdiag_no=-1
  vno start=0, stop=154083
Replacing 255s with 0s
#SI# sigma=2 had to be increased for 93 vertices, nripped=9690
mean border=89.7, 61 (61) missing vertices, mean dist 0.6 [1.6 (%10.8)->0.8 (%89.2))]
%46 local maxima, %48 large gradients and % 0 min vals, 0 gradients ignored
nFirstPeakD1 0
MRIScomputeBorderValues_new() finished in 0.0161 min


Finding expansion regions
mean absolute distance = 0.89 +- 1.03
2858 vertices more than 2 sigmas from mean.
Averaging target values for 5 iterations...
Positioning Surface: tspring = 0.3, nspring = 0.3, spring = 0, niters = 100 l_repulse = 5, l_surf_repulse = 0, checktol = 0
Positioning pial surface
Entering MRISpositionSurface()
  max_mm = 0.3
  MAX_REDUCTIONS = 2, REDUCTION_PCT = 0.5
  parms->check_tol = 0, niterations = 100
tol=1.0e-04, sigma=2.0, host=dna01, nav=4, nbrs=2, l_repulse=5.000, l_tspring=0.300, l_nspring=0.300, l_intensity=0.200, l_curv=1.000
mom=0.00, dt=0.50
complete_dist_mat 0
rms 0
smooth_averages 0
remove_neg 0
ico_order 0
which_surface 0
target_radius 0.000000
nfields 0
scale 0.000000
desired_rms_height 0.000000
momentum 0.000000
nbhd_size 0
max_nbrs 0
niterations 100
nsurfaces 0
SURFACES 3
flags 0 (0)
use curv 0
no sulc 0
no rigid align 0
mris->nsize 2
mris->hemisphere 0
randomSeed 0

000: dt: 0.0000, sse=3354710.2, rms=7.378
001: dt: 0.5000, sse=2167832.2, rms=4.559 (38.212%)
002: dt: 0.5000, sse=1808900.2, rms=2.898 (36.426%)
003: dt: 0.5000, sse=1694350.8, rms=2.109 (27.224%)
004: dt: 0.5000, sse=1651212.8, rms=1.716 (18.658%)
005: dt: 0.5000, sse=1637646.2, rms=1.567 (8.677%)
006: dt: 0.5000, sse=1629176.5, rms=1.463 (6.595%)
rms = 1.4535/1.4635, sse=1628756.2/1629176.5, time step reduction 1 of 3 to 0.250  0 0 1
007: dt: 0.5000, sse=1628756.1, rms=1.453 (0.682%)
008: dt: 0.2500, sse=1595580.0, rms=0.951 (34.546%)
009: dt: 0.2500, sse=1591316.4, rms=0.865 (9.042%)
rms = 0.8409/0.8653, sse=1590273.2/1591316.3, time step reduction 2 of 3 to 0.125  0 0 1
010: dt: 0.2500, sse=1590273.1, rms=0.841 (2.820%)
rms = 0.8274/0.8409, sse=1589761.0/1590273.2, time step reduction 3 of 3 to 0.062  0 0 1
011: dt: 0.1250, sse=1589761.0, rms=0.827 (1.606%)
  maximum number of reductions reached, breaking from loop
positioning took 1.1 minutes
Iteration 1 =========================================
n_averages=2, current_sigma=1
Computing target border values 
Entering MRIScomputeBorderValues_new(): 
  inside_hi   = 120.0000000;
  border_hi   = 113.0312880;
  border_low  =  81.0000000;
  outside_low =  69.6670070;
  outside_hi  = 113.0312880;
  sigma = 1;
  max_thickness = 10;
  step_size=0.5;
  STEP_SIZE=0.1;
  which = 1
  thresh = 0
  flags = 0
  CBVfindFirstPeakD1=0
  CBVfindFirstPeakD2=0
  nvertices=154083
  Gdiag_no=-1
  vno start=0, stop=154083
Replacing 255s with 0s
#SI# sigma=1 had to be increased for 47 vertices, nripped=9690
mean border=92.5, 41 (9) missing vertices, mean dist -0.4 [0.6 (%70.6)->0.2 (%29.4))]
%65 local maxima, %29 large gradients and % 0 min vals, 0 gradients ignored
nFirstPeakD1 0
MRIScomputeBorderValues_new() finished in 0.0121 min


Finding expansion regions
mean absolute distance = 0.50 +- 0.79
4283 vertices more than 2 sigmas from mean.
Averaging target values for 5 iterations...
Positioning Surface: tspring = 0.3, nspring = 0.3, spring = 0, niters = 100 l_repulse = 5, l_surf_repulse = 0, checktol = 0
Positioning pial surface
Entering MRISpositionSurface()
  max_mm = 0.3
  MAX_REDUCTIONS = 2, REDUCTION_PCT = 0.5
  parms->check_tol = 0, niterations = 100
tol=1.0e-04, sigma=1.0, host=dna01, nav=2, nbrs=2, l_repulse=5.000, l_tspring=0.300, l_nspring=0.300, l_intensity=0.200, l_curv=1.000
mom=0.00, dt=0.50
000: dt: 0.0000, sse=2132641.5, rms=4.343
012: dt: 0.5000, sse=1833085.6, rms=2.920 (32.765%)
013: dt: 0.5000, sse=1726678.8, rms=2.206 (24.463%)
014: dt: 0.5000, sse=1676807.5, rms=1.775 (19.555%)
015: dt: 0.5000, sse=1655857.8, rms=1.552 (12.534%)
016: dt: 0.5000, sse=1646922.8, rms=1.444 (6.964%)
rms = 1.4329/1.4441, sse=1647031.4/1646922.7, time step reduction 1 of 3 to 0.250  0 1 1
017: dt: 0.5000, sse=1647031.5, rms=1.433 (0.773%)
018: dt: 0.2500, sse=1607898.8, rms=0.804 (43.865%)
019: dt: 0.2500, sse=1604089.0, rms=0.707 (12.076%)
rms = 0.6915/0.7072, sse=1603057.1/1604089.0, time step reduction 2 of 3 to 0.125  0 0 1
020: dt: 0.2500, sse=1603057.1, rms=0.692 (2.220%)
rms = 0.6804/0.6915, sse=1602489.6/1603057.1, time step reduction 3 of 3 to 0.062  0 0 1
021: dt: 0.1250, sse=1602489.6, rms=0.680 (1.604%)
  maximum number of reductions reached, breaking from loop
positioning took 1.0 minutes
Iteration 2 =========================================
n_averages=1, current_sigma=0.5
Computing target border values 
Entering MRIScomputeBorderValues_new(): 
  inside_hi   = 120.0000000;
  border_hi   = 113.0312880;
  border_low  =  81.0000000;
  outside_low =  69.6670070;
  outside_hi  = 113.0312880;
  sigma = 0.5;
  max_thickness = 10;
  step_size=0.5;
  STEP_SIZE=0.1;
  which = 1
  thresh = 0
  flags = 0
  CBVfindFirstPeakD1=0
  CBVfindFirstPeakD2=0
  nvertices=154083
  Gdiag_no=-1
  vno start=0, stop=154083
Replacing 255s with 0s
#SI# sigma=0.5 had to be increased for 108 vertices, nripped=9690
mean border=94.9, 52 (4) missing vertices, mean dist -0.3 [0.4 (%76.1)->0.2 (%23.9))]
%82 local maxima, %12 large gradients and % 0 min vals, 0 gradients ignored
nFirstPeakD1 0
MRIScomputeBorderValues_new() finished in 0.0072 min


Finding expansion regions
mean absolute distance = 0.38 +- 0.54
5507 vertices more than 2 sigmas from mean.
Averaging target values for 5 iterations...
Positioning Surface: tspring = 0.3, nspring = 0.3, spring = 0, niters = 100 l_repulse = 5, l_surf_repulse = 0, checktol = 0
Positioning pial surface
Entering MRISpositionSurface()
  max_mm = 0.3
  MAX_REDUCTIONS = 2, REDUCTION_PCT = 0.5
  parms->check_tol = 0, niterations = 100
tol=1.0e-04, sigma=0.5, host=dna01, nav=1, nbrs=2, l_repulse=5.000, l_tspring=0.300, l_nspring=0.300, l_intensity=0.200, l_curv=1.000
mom=0.00, dt=0.50
000: dt: 0.0000, sse=1912557.4, rms=3.400
022: dt: 0.5000, sse=1697420.2, rms=1.989 (41.503%)
023: dt: 0.5000, sse=1645811.4, rms=1.448 (27.189%)
024: dt: 0.5000, sse=1631522.6, rms=1.234 (14.800%)
rms = 1.2394/1.2339, sse=1631406.9/1631522.7, time step reduction 1 of 3 to 0.250  0 0 1
   RMS increased, rejecting step
025: dt: 0.2500, sse=1610652.4, rms=0.910 (26.288%)
026: dt: 0.2500, sse=1601940.1, rms=0.715 (21.369%)
027: dt: 0.2500, sse=1600181.4, rms=0.664 (7.173%)
rms = 0.6496/0.6639, sse=1600149.7/1600181.4, time step reduction 2 of 3 to 0.125  0 0 1
028: dt: 0.2500, sse=1600149.8, rms=0.650 (2.161%)
rms = 0.6404/0.6496, sse=1599011.4/1600149.7, time step reduction 3 of 3 to 0.062  0 0 1
029: dt: 0.1250, sse=1599011.4, rms=0.640 (1.409%)
  maximum number of reductions reached, breaking from loop
positioning took 0.8 minutes
Iteration 3 =========================================
n_averages=0, current_sigma=0.25
Computing target border values 
Entering MRIScomputeBorderValues_new(): 
  inside_hi   = 120.0000000;
  border_hi   = 113.0312880;
  border_low  =  81.0000000;
  outside_low =  69.6670070;
  outside_hi  = 113.0312880;
  sigma = 0.25;
  max_thickness = 10;
  step_size=0.5;
  STEP_SIZE=0.1;
  which = 1
  thresh = 0
  flags = 0
  CBVfindFirstPeakD1=0
  CBVfindFirstPeakD2=0
  nvertices=154083
  Gdiag_no=-1
  vno start=0, stop=154083
Replacing 255s with 0s
#SI# sigma=0.25 had to be increased for 248 vertices, nripped=9690
mean border=95.7, 50 (3) missing vertices, mean dist -0.1 [0.3 (%60.7)->0.2 (%39.3))]
%86 local maxima, % 7 large gradients and % 0 min vals, 0 gradients ignored
nFirstPeakD1 0
MRIScomputeBorderValues_new() finished in 0.0046 min


Finding expansion regions
mean absolute distance = 0.24 +- 0.38
4985 vertices more than 2 sigmas from mean.
Averaging target values for 5 iterations...
Positioning Surface: tspring = 0.3, nspring = 0.3, spring = 0, niters = 100 l_repulse = 5, l_surf_repulse = 0, checktol = 0
Positioning pial surface
Entering MRISpositionSurface()
  max_mm = 0.3
  MAX_REDUCTIONS = 2, REDUCTION_PCT = 0.5
  parms->check_tol = 0, niterations = 100
tol=1.0e-04, sigma=0.2, host=dna01, nav=0, nbrs=2, l_repulse=5.000, l_tspring=0.300, l_nspring=0.300, l_intensity=0.200, l_curv=1.000
mom=0.00, dt=0.50
000: dt: 0.0000, sse=1630209.4, rms=1.292
030: dt: 0.5000, sse=1405184.0, rms=0.758 (41.312%)
rms = 0.8468/0.7583, sse=1611985.6/1405183.9, time step reduction 1 of 3 to 0.250  0 1 1
   RMS increased, rejecting step
031: dt: 0.2500, sse=472065.5, rms=0.607 (19.978%)
rms = 0.5437/0.6068, sse=1598262.8/472065.5, time step reduction 2 of 3 to 0.125  0 1 0
032: dt: 0.2500, sse=1598262.9, rms=0.544 (10.411%)
rms = 0.5304/0.5437, sse=1597538.5/1598262.8, time step reduction 3 of 3 to 0.062  0 0 1
033: dt: 0.1250, sse=1597538.5, rms=0.530 (2.432%)
  maximum number of reductions reached, breaking from loop
positioning took 0.4 minutes
removing intersecting faces
000: 9 intersecting
step 1 with no progress (num=23, old_num=9)
001: 23 intersecting
step 2 with no progress (num=41, old_num=23)
002: 41 intersecting
step 3 with no progress (num=41, old_num=41)
003: 41 intersecting
step 4 with no progress (num=41, old_num=41)
004: 41 intersecting
step 5 with no progress (num=41, old_num=41)
005: 41 intersecting
step 6 with no progress (num=41, old_num=41)
006: 41 intersecting
step 7 with no progress (num=41, old_num=41)
007: 41 intersecting
step 8 with no progress (num=41, old_num=41)
008: 41 intersecting
step 9 with no progress (num=41, old_num=41)
009: 41 intersecting
step 10 with no progress (num=41, old_num=41)
010: 41 intersecting
step 11 with no progress (num=41, old_num=41)
011: 41 intersecting
step 12 with no progress (num=41, old_num=41)
012: 41 intersecting
step 13 with no progress (num=41, old_num=41)
013: 41 intersecting
step 14 with no progress (num=41, old_num=41)
014: 41 intersecting
step 15 with no progress (num=41, old_num=41)
015: 41 intersecting
step 16 with no progress (num=41, old_num=41)
terminating search with 9 intersecting


Writing output to ../surf/lh.white
#ET# mris_place_surface  4.09 minutes
#VMPC# mris_place_surfaces VmPeak  3429976
mris_place_surface done
#--------------------------------------------
#@# T1PialSurf lh Tue Mar 10 00:09:37 CET 2026
cd /out/sourcedata/freesurfer/sub-v1s2x0051475_ses-1/mri
mris_place_surface --adgws-in ../surf/autodet.gw.stats.lh.dat --seg aseg.presurf.mgz --threads 16 --wm wm.mgz --invol brain.finalsurfs.mgz --lh --i ../surf/lh.white --o ../surf/lh.pial.T1 --pial --nsmooth 0 --rip-label ../label/lh.cortex+hipamyg.label --pin-medial-wall ../label/lh.cortex.label --aparc ../label/lh.aparc.annot --repulse-surf ../surf/lh.white --white-surf ../surf/lh.white
7.3.2
7.3.2

cd /out/sourcedata/freesurfer/sub-v1s2x0051475_ses-1/mri
setenv SUBJECTS_DIR /out/sourcedata/freesurfer
mris_place_surface --adgws-in ../surf/autodet.gw.stats.lh.dat --seg aseg.presurf.mgz --threads 16 --wm wm.mgz --invol brain.finalsurfs.mgz --lh --i ../surf/lh.white --o ../surf/lh.pial.T1 --pial --nsmooth 0 --rip-label ../label/lh.cortex+hipamyg.label --pin-medial-wall ../label/lh.cortex.label --aparc ../label/lh.aparc.annot --repulse-surf ../surf/lh.white --white-surf ../surf/lh.white 

Reading in input surface ../surf/lh.white
Not smoothing input surface
removing intersecting faces
000: 9 intersecting
step 1 with no progress (num=25, old_num=9)
001: 25 intersecting
step 2 with no progress (num=27, old_num=25)
002: 27 intersecting
003: 20 intersecting
004: 15 intersecting
step 1 with no progress (num=19, old_num=15)
005: 19 intersecting
step 2 with no progress (num=30, old_num=19)
006: 30 intersecting
007: 19 intersecting
step 1 with no progress (num=19, old_num=19)
008: 19 intersecting
009: 18 intersecting
step 1 with no progress (num=20, old_num=18)
010: 20 intersecting
step 2 with no progress (num=20, old_num=20)
011: 20 intersecting
step 3 with no progress (num=20, old_num=20)
012: 20 intersecting
step 4 with no progress (num=20, old_num=20)
013: 20 intersecting
step 5 with no progress (num=20, old_num=20)
014: 20 intersecting
step 6 with no progress (num=20, old_num=20)
015: 20 intersecting
step 7 with no progress (num=20, old_num=20)
016: 20 intersecting
step 8 with no progress (num=20, old_num=20)
017: 20 intersecting
step 9 with no progress (num=20, old_num=20)
018: 20 intersecting
step 10 with no progress (num=20, old_num=20)
019: 20 intersecting
step 11 with no progress (num=20, old_num=20)
020: 20 intersecting
step 12 with no progress (num=20, old_num=20)
021: 20 intersecting
step 13 with no progress (num=20, old_num=20)
022: 20 intersecting
step 14 with no progress (num=20, old_num=20)
023: 20 intersecting
step 15 with no progress (num=20, old_num=20)
024: 20 intersecting
step 16 with no progress (num=20, old_num=20)
terminating search with 9 intersecting
Area    308162  0.31858  0.11964 0.000000   2.9939
Corner  924486 60.00000 14.86511 0.010040 179.9616
Edge    462243  0.86802  0.19920 0.000089   3.9425
Hinge   462243  8.83770 10.34588 0.000029 179.8915
Reading white surface coordinates from ../surf/lh.white
Reading repulsion surface coordinates from ../surf/lh.white
Reading in aparc ../label/lh.aparc.annot
Reading in input volume brain.finalsurfs.mgz
Reading in wm volume wm.mgz
MRIclipBrightWM(): nthresh=22856, wmmin=5, clip=110 
MRIfindBrightNonWM(): 503 bright non-wm voxels segmented.
Masking bright non-wm for pial surface mid_gray = 73.9849
MRImask(): AllowDiffGeom = 1
MRImask(): AllowDiffGeom = 1
MRImask(): AllowDiffGeom = 1
Reading in seg volume aseg.presurf.mgz
Ripping frozen voxels
Ripping vertices not in label ../label/lh.cortex+hipamyg.label
MRISripNotLabel() ripped 7097/154083 vertices (146986 unripped)
INFO: rip surface needed but not specified, so using input surface
Ripping segs (eg, WMSA, BG, frozen)
Starting MRISripSegs() d = (-2 2 0.5) segnos: 247 
MRISripSegs(): -2 2 0.5 ripped 0
vertex 77042: xyz = (-40.1824,-11.7558,73.9198) oxyz = (-40.1824,-11.7558,73.9198) wxzy = (-40.1824,-11.7558,73.9198) pxyz = (-40.1824,-11.7558,73.9198) 
CBVO Creating mask 154083
n_averages 16
Iteration 0 =========================================
n_averages=16, current_sigma=2
Computing target border values 
Entering MRIScomputeBorderValues_new(): 
  inside_hi   = 100.9687120;
  border_hi   =  69.6670070;
  border_low  =  47.0010300;
  outside_low =  10.0000000;
  outside_hi  =  64.0005190;
  sigma = 2;
  max_thickness = 10;
  step_size=0.5;
  STEP_SIZE=0.1;
  which = 2
  thresh = 0
  flags = 0
  CBVfindFirstPeakD1=0
  CBVfindFirstPeakD2=0
  nvertices=154083
  Gdiag_no=-1
  vno start=0, stop=154083
Replacing 255s with 0s
#SI# sigma=2 had to be increased for 140 vertices, nripped=7097
mean border=66.7, 101 (101) missing vertices, mean dist 1.9 [0.9 (%0.0)->2.8 (%100.0))]
%18 local maxima, %48 large gradients and %30 min vals, 0 gradients ignored
nFirstPeakD1 0
MRIScomputeBorderValues_new() finished in 0.0128 min


Averaging target values for 5 iterations...
Positioning Surface: tspring = 0.3, nspring = 0.3, spring = 0, niters = 100 l_repulse = 0, l_surf_repulse = 5, checktol = 0
Positioning pial surface
Entering MRISpositionSurface()
  max_mm = 0.3
  MAX_REDUCTIONS = 2, REDUCTION_PCT = 0.5
  parms->check_tol = 0, niterations = 100
tol=1.0e-04, sigma=2.0, host=dna01, nav=16, nbrs=2, l_surf_repulse=5.000, l_tspring=0.300, l_nspring=0.300, l_intensity=0.200, l_curv=1.000
mom=0.00, dt=0.50
complete_dist_mat 0
rms 0
smooth_averages 0
remove_neg 0
ico_order 0
which_surface 0
target_radius 0.000000
nfields 0
scale 0.000000
desired_rms_height 0.000000
momentum 0.000000
nbhd_size 0
max_nbrs 0
niterations 100
nsurfaces 0
SURFACES 3
flags 0 (0)
use curv 0
no sulc 0
no rigid align 0
mris->nsize 2
mris->hemisphere 0
randomSeed 0

000: dt: 0.0000, sse=26372848.0, rms=29.844
001: dt: 0.5000, sse=20563546.0, rms=26.324 (11.796%)
002: dt: 0.5000, sse=16062220.0, rms=23.232 (11.748%)
003: dt: 0.5000, sse=12798412.0, rms=20.702 (10.890%)
004: dt: 0.5000, sse=10456093.0, rms=18.675 (9.790%)
005: dt: 0.5000, sse=8674521.0, rms=16.971 (9.122%)
006: dt: 0.5000, sse=6998759.0, rms=15.195 (10.466%)
007: dt: 0.5000, sse=5415756.5, rms=13.301 (12.468%)
008: dt: 0.5000, sse=4010540.2, rms=11.357 (14.615%)
009: dt: 0.5000, sse=2882789.2, rms=9.513 (16.234%)
010: dt: 0.5000, sse=2000841.1, rms=7.772 (18.305%)
011: dt: 0.5000, sse=1454764.5, rms=6.461 (16.861%)
012: dt: 0.5000, sse=1135115.1, rms=5.551 (14.091%)
013: dt: 0.5000, sse=1009421.7, rms=5.147 (7.270%)
014: dt: 0.5000, sse=933470.0, rms=4.886 (5.073%)
rms = 4.8383/4.8862, sse=920622.6/933470.0, time step reduction 1 of 3 to 0.250  0 0 1
015: dt: 0.5000, sse=920622.6, rms=4.838 (0.980%)
016: dt: 0.2500, sse=571816.4, rms=3.373 (30.292%)
017: dt: 0.2500, sse=527731.9, rms=3.139 (6.921%)
rms = 3.1491/3.1393, sse=530032.3/527731.9, time step reduction 2 of 3 to 0.125  0 1 1
   RMS increased, rejecting step
018: dt: 0.1250, sse=484544.5, rms=2.893 (7.841%)
019: dt: 0.1250, sse=426331.1, rms=2.522 (12.818%)
020: dt: 0.1250, sse=414245.6, rms=2.438 (3.357%)
rms = 2.4083/2.4376, sse=410214.7/414245.6, time step reduction 3 of 3 to 0.062  0 0 1
021: dt: 0.1250, sse=410214.7, rms=2.408 (1.200%)
  maximum number of reductions reached, breaking from loop
positioning took 1.8 minutes
Iteration 1 =========================================
n_averages=8, current_sigma=1
Computing target border values 
Entering MRIScomputeBorderValues_new(): 
  inside_hi   = 100.9687120;
  border_hi   =  69.6670070;
  border_low  =  47.0010300;
  outside_low =  10.0000000;
  outside_hi  =  64.0005190;
  sigma = 1;
  max_thickness = 10;
  step_size=0.5;
  STEP_SIZE=0.1;
  which = 2
  thresh = 0
  flags = 0
  CBVfindFirstPeakD1=0
  CBVfindFirstPeakD2=0
  nvertices=154083
  Gdiag_no=-1
  vno start=0, stop=154083
Replacing 255s with 0s
#SI# sigma=1 had to be increased for 8974 vertices, nripped=7097
mean border=65.0, 1424 (17) missing vertices, mean dist 0.1 [0.1 (%42.9)->0.4 (%57.1))]
%36 local maxima, %32 large gradients and %26 min vals, 0 gradients ignored
nFirstPeakD1 0
MRIScomputeBorderValues_new() finished in 0.0042 min


Averaging target values for 5 iterations...
Positioning Surface: tspring = 0.3, nspring = 0.3, spring = 0, niters = 100 l_repulse = 0, l_surf_repulse = 5, checktol = 0
Positioning pial surface
Entering MRISpositionSurface()
  max_mm = 0.3
  MAX_REDUCTIONS = 2, REDUCTION_PCT = 0.5
  parms->check_tol = 0, niterations = 100
tol=1.0e-04, sigma=1.0, host=dna01, nav=8, nbrs=2, l_surf_repulse=5.000, l_tspring=0.300, l_nspring=0.300, l_intensity=0.200, l_curv=1.000
mom=0.00, dt=0.50
000: dt: 0.0000, sse=731089.3, rms=3.911
rms = 4.4483/3.9106, sse=864897.9/731089.3, time step reduction 1 of 3 to 0.250  0 1 1
   RMS increased, rejecting step
022: dt: 0.2500, sse=590655.4, rms=3.238 (17.194%)
023: dt: 0.2500, sse=509111.7, rms=2.771 (14.435%)
rms = 2.8658/2.7707, sse=524823.0/509111.7, time step reduction 2 of 3 to 0.125  0 1 1
   RMS increased, rejecting step
024: dt: 0.1250, sse=489958.9, rms=2.649 (4.380%)
025: dt: 0.1250, sse=464334.2, rms=2.477 (6.505%)
026: dt: 0.1250, sse=453896.8, rms=2.403 (2.980%)
rms = 2.3674/2.4032, sse=448998.1/453896.7, time step reduction 3 of 3 to 0.062  0 0 1
027: dt: 0.1250, sse=448998.1, rms=2.367 (1.489%)
  maximum number of reductions reached, breaking from loop
positioning took 0.6 minutes
Iteration 2 =========================================
n_averages=4, current_sigma=0.5
Computing target border values 
Entering MRIScomputeBorderValues_new(): 
  inside_hi   = 100.9687120;
  border_hi   =  69.6670070;
  border_low  =  47.0010300;
  outside_low =  10.0000000;
  outside_hi  =  64.0005190;
  sigma = 0.5;
  max_thickness = 10;
  step_size=0.5;
  STEP_SIZE=0.1;
  which = 2
  thresh = 0
  flags = 0
  CBVfindFirstPeakD1=0
  CBVfindFirstPeakD2=0
  nvertices=154083
  Gdiag_no=-1
  vno start=0, stop=154083
Replacing 255s with 0s
#SI# sigma=0.5 had to be increased for 9885 vertices, nripped=7097
mean border=63.8, 1603 (15) missing vertices, mean dist 0.1 [0.1 (%38.7)->0.3 (%61.3))]
%49 local maxima, %20 large gradients and %26 min vals, 0 gradients ignored
nFirstPeakD1 0
MRIScomputeBorderValues_new() finished in 0.0026 min


Averaging target values for 5 iterations...
Positioning Surface: tspring = 0.3, nspring = 0.3, spring = 0, niters = 100 l_repulse = 0, l_surf_repulse = 5, checktol = 0
Positioning pial surface
Entering MRISpositionSurface()
  max_mm = 0.3
  MAX_REDUCTIONS = 2, REDUCTION_PCT = 0.5
  parms->check_tol = 0, niterations = 100
tol=1.0e-04, sigma=0.5, host=dna01, nav=4, nbrs=2, l_surf_repulse=5.000, l_tspring=0.300, l_nspring=0.300, l_intensity=0.200, l_curv=1.000
mom=0.00, dt=0.50
000: dt: 0.0000, sse=559725.5, rms=3.053
rms = 4.1523/3.0531, sse=793679.3/559725.5, time step reduction 1 of 3 to 0.250  0 1 1
   RMS increased, rejecting step
028: dt: 0.2500, sse=478007.5, rms=2.553 (16.372%)
029: dt: 0.2500, sse=465740.7, rms=2.467 (3.360%)
rms = 2.6576/2.4675, sse=494129.3/465740.6, time step reduction 2 of 3 to 0.125  0 1 1
   RMS increased, rejecting step
030: dt: 0.1250, sse=454947.8, rms=2.391 (3.095%)
031: dt: 0.1250, sse=444433.9, rms=2.314 (3.221%)
rms = 2.2889/2.3141, sse=441067.7/444433.9, time step reduction 3 of 3 to 0.062  0 0 1
032: dt: 0.1250, sse=441067.7, rms=2.289 (1.086%)
  maximum number of reductions reached, breaking from loop
positioning took 0.5 minutes
Iteration 3 =========================================
n_averages=2, current_sigma=0.25
Computing target border values 
Entering MRIScomputeBorderValues_new(): 
  inside_hi   = 100.9687120;
  border_hi   =  69.6670070;
  border_low  =  47.0010300;
  outside_low =  10.0000000;
  outside_hi  =  64.0005190;
  sigma = 0.25;
  max_thickness = 10;
  step_size=0.5;
  STEP_SIZE=0.1;
  which = 2
  thresh = 0
  flags = 0
  CBVfindFirstPeakD1=0
  CBVfindFirstPeakD2=0
  nvertices=154083
  Gdiag_no=-1
  vno start=0, stop=154083
Replacing 255s with 0s
#SI# sigma=0.25 had to be increased for 8519 vertices, nripped=7097
mean border=63.1, 3739 (15) missing vertices, mean dist 0.1 [0.1 (%45.7)->0.2 (%54.3))]
%52 local maxima, %17 large gradients and %25 min vals, 0 gradients ignored
nFirstPeakD1 0
MRIScomputeBorderValues_new() finished in 0.0024 min


Averaging target values for 5 iterations...
Positioning Surface: tspring = 0.3, nspring = 0.3, spring = 0, niters = 100 l_repulse = 0, l_surf_repulse = 5, checktol = 0
Positioning pial surface
Entering MRISpositionSurface()
  max_mm = 0.3
  MAX_REDUCTIONS = 2, REDUCTION_PCT = 0.5
  parms->check_tol = 0, niterations = 100
tol=1.0e-04, sigma=0.2, host=dna01, nav=2, nbrs=2, l_surf_repulse=5.000, l_tspring=0.300, l_nspring=0.300, l_intensity=0.200, l_curv=1.000
mom=0.00, dt=0.50
000: dt: 0.0000, sse=472674.0, rms=2.513
rms = 3.4739/2.5129, sse=641522.0/472674.0, time step reduction 1 of 3 to 0.250  0 1 1
   RMS increased, rejecting step
033: dt: 0.2500, sse=445602.2, rms=2.320 (7.689%)
rms = 2.3055/2.3196, sse=443475.5/445602.1, time step reduction 2 of 3 to 0.125  0 0 1
034: dt: 0.2500, sse=443475.5, rms=2.305 (0.610%)
035: dt: 0.1250, sse=429757.2, rms=2.200 (4.574%)
rms = 2.1551/2.2000, sse=423943.6/429757.2, time step reduction 3 of 3 to 0.062  0 0 1
036: dt: 0.1250, sse=423943.6, rms=2.155 (2.044%)
  maximum number of reductions reached, breaking from loop
positioning took 0.4 minutes
Pinning medial wall to white surface
removing intersecting faces
000: 15 intersecting
step 1 with no progress (num=40, old_num=15)
001: 40 intersecting
step 2 with no progress (num=40, old_num=40)
002: 40 intersecting
step 3 with no progress (num=40, old_num=40)
003: 40 intersecting
step 4 with no progress (num=40, old_num=40)
004: 40 intersecting
step 5 with no progress (num=40, old_num=40)
005: 40 intersecting
step 6 with no progress (num=40, old_num=40)
006: 40 intersecting
step 7 with no progress (num=40, old_num=40)
007: 40 intersecting
step 8 with no progress (num=40, old_num=40)
008: 40 intersecting
step 9 with no progress (num=40, old_num=40)
009: 40 intersecting
step 10 with no progress (num=40, old_num=40)
010: 40 intersecting
step 11 with no progress (num=40, old_num=40)
011: 40 intersecting
step 12 with no progress (num=40, old_num=40)
012: 40 intersecting
step 13 with no progress (num=40, old_num=40)
013: 40 intersecting
step 14 with no progress (num=40, old_num=40)
014: 40 intersecting
step 15 with no progress (num=40, old_num=40)
015: 40 intersecting
step 16 with no progress (num=40, old_num=40)
terminating search with 15 intersecting


Writing output to ../surf/lh.pial.T1
#ET# mris_place_surface  4.07 minutes
#VMPC# mris_place_surfaces VmPeak  2582660
mris_place_surface done
#@# white curv lh Tue Mar 10 00:14:49 CET 2026
cd /out/sourcedata/freesurfer/sub-v1s2x0051475_ses-1/mri
mris_place_surface --curv-map ../surf/lh.white 2 10 ../surf/lh.curv
insurf  ../surf/lh.white, nbrs 2, curvature_avgs 10
writing curvature file ../surf/lh.curv
#@# white area lh Tue Mar 10 00:14:52 CET 2026
cd /out/sourcedata/freesurfer/sub-v1s2x0051475_ses-1/mri
mris_place_surface --area-map ../surf/lh.white ../surf/lh.area
writing curvature file ../surf/lh.area
#@# pial curv lh Tue Mar 10 00:14:52 CET 2026
cd /out/sourcedata/freesurfer/sub-v1s2x0051475_ses-1/mri
mris_place_surface --curv-map ../surf/lh.pial 2 10 ../surf/lh.curv.pial
insurf  ../surf/lh.pial, nbrs 2, curvature_avgs 10
writing curvature file ../surf/lh.curv.pial
#@# pial area lh Tue Mar 10 00:14:54 CET 2026
cd /out/sourcedata/freesurfer/sub-v1s2x0051475_ses-1/mri
mris_place_surface --area-map ../surf/lh.pial ../surf/lh.area.pial
writing curvature file ../surf/lh.area.pial
#@# thickness lh Tue Mar 10 00:14:55 CET 2026
cd /out/sourcedata/freesurfer/sub-v1s2x0051475_ses-1/mri
mris_place_surface --thickness ../surf/lh.white ../surf/lh.pial 20 5 ../surf/lh.thickness
0 of 154083 vertices processed
25000 of 154083 vertices processed
50000 of 154083 vertices processed
75000 of 154083 vertices processed
100000 of 154083 vertices processed
125000 of 154083 vertices processed
150000 of 154083 vertices processed
0 of 154083 vertices processed
25000 of 154083 vertices processed
50000 of 154083 vertices processed
75000 of 154083 vertices processed
100000 of 154083 vertices processed
125000 of 154083 vertices processed
150000 of 154083 vertices processed
thickness calculation complete, 134:626 truncations.
86612 vertices at 0 distance
133588 vertices at 1 distance
58526 vertices at 2 distance
19494 vertices at 3 distance
6472 vertices at 4 distance
2266 vertices at 5 distance
776 vertices at 6 distance
208 vertices at 7 distance
88 vertices at 8 distance
31 vertices at 9 distance
19 vertices at 10 distance
15 vertices at 11 distance
10 vertices at 12 distance
13 vertices at 13 distance
6 vertices at 14 distance
6 vertices at 15 distance
5 vertices at 16 distance
4 vertices at 17 distance
8 vertices at 18 distance
5 vertices at 19 distance
14 vertices at 20 distance
writing curvature file ../surf/lh.thickness
#@# area and vertex vol lh Tue Mar 10 00:15:29 CET 2026
cd /out/sourcedata/freesurfer/sub-v1s2x0051475_ses-1/mri
mris_place_surface --thickness ../surf/lh.white ../surf/lh.pial 20 5 ../surf/lh.thickness
/out/sourcedata/freesurfer/sub-v1s2x0051475_ses-1/surf
mris_calc -o lh.area.mid lh.area add lh.area.pial
Saving result to 'lh.area.mid' (type = MRI_CURV_FILE)                       [ ok ]
mris_calc -o lh.area.mid lh.area.mid div 2
Saving result to 'lh.area.mid' (type = MRI_CURV_FILE)                       [ ok ]
mris_convert --volume sub-v1s2x0051475_ses-1 lh /out/sourcedata/freesurfer/sub-v1s2x0051475_ses-1/surf/lh.volume
masking with /out/sourcedata/freesurfer/sub-v1s2x0051475_ses-1/label/lh.cortex.label
Total face volume 265944
Total vertex volume 265689 (mask=0)
#@# sub-v1s2x0051475_ses-1 lh 265689
 
vertexvol Done

#-----------------------------------------
#@# Curvature Stats lh Tue Mar 10 00:15:31 CET 2026
/out/sourcedata/freesurfer/sub-v1s2x0051475_ses-1/surf

 mris_curvature_stats -m --writeCurvatureFiles -G -o ../stats/lh.curv.stats -F smoothwm sub-v1s2x0051475_ses-1 lh curv sulc 

             Toggling save flag on curvature files                       [ ok ]
                 Outputting results using filestem   [ ../stats/lh.curv.stats ]
             Toggling save flag on curvature files                       [ ok ]
                                   Setting surface [ sub-v1s2x0051475_ses-1/lh.smoothwm ]
                                Reading surface...                       [ ok ]
                                   Setting texture                     [ curv ]
                                Reading texture...                       [ ok ]
                                   Setting texture                     [ sulc ]
                                Reading texture...Gb_filter = 0
                       [ ok ]
      Calculating Discrete Principal Curvatures...
      Determining geometric order for vno faces... [####################] [ ok ]
                      Determining KH curvatures... [####################] [ ok ]
                    Determining k1k2 curvatures... [####################] [ ok ]
                                   deltaViolations                      [ 254 ]
Gb_filter = 0
#-----------------------------------------
#@# Cortical Parc 2 lh Tue Mar 10 00:15:34 CET 2026
/out/sourcedata/freesurfer/sub-v1s2x0051475_ses-1/scripts

 mris_ca_label -l ../label/lh.cortex.label -aseg ../mri/aseg.presurf.mgz -seed 1234 sub-v1s2x0051475_ses-1 lh ../surf/lh.sphere.reg /opt/freesurfer/average/lh.CDaparc.atlas.acfb40.noaparc.i12.2016-08-02.gcs ../label/lh.aparc.a2009s.annot 

setting seed for random number generator to 1234
using ../mri/aseg.presurf.mgz aseg volume to correct midline
7.3.2
  7.3.2
reading atlas from /opt/freesurfer/average/lh.CDaparc.atlas.acfb40.noaparc.i12.2016-08-02.gcs...
reading color table from GCSA file....
average std = 3.0   using min determinant for regularization = 0.088
0 singular and 0 ill-conditioned covariance matrices regularized
input 0: MEAN CURVATURE, flags 0, avgs 5, name mean_curvature
labeling surface...
31 labels changed using aseg
relabeling using gibbs priors...
000:  10076 changed, 154083 examined...
001:   2187 changed, 38823 examined...
002:    648 changed, 11765 examined...
003:    273 changed, 3696 examined...
004:    115 changed, 1621 examined...
005:     57 changed, 715 examined...
006:     29 changed, 324 examined...
007:     15 changed, 175 examined...
008:      9 changed, 79 examined...
009:      6 changed, 55 examined...
010:      6 changed, 37 examined...
011:      3 changed, 30 examined...
012:      1 changed, 19 examined...
013:      0 changed, 7 examined...
23 labels changed using aseg
000: 239 total segments, 156 labels (1661 vertices) changed
001: 87 total segments, 5 labels (15 vertices) changed
002: 82 total segments, 0 labels (0 vertices) changed
10 filter iterations complete (10 requested, 37 changed)
rationalizing unknown annotations with cortex label
relabeling Medial_wall label...
1337 vertices marked for relabeling...
1337 labels changed in reclassification.
writing output to ../label/lh.aparc.a2009s.annot...
classification took 0 minutes and 15 seconds.
#-----------------------------------------
#@# Cortical Parc 3 lh Tue Mar 10 00:15:49 CET 2026
/out/sourcedata/freesurfer/sub-v1s2x0051475_ses-1/scripts

 mris_ca_label -l ../label/lh.cortex.label -aseg ../mri/aseg.presurf.mgz -seed 1234 sub-v1s2x0051475_ses-1 lh ../surf/lh.sphere.reg /opt/freesurfer/average/lh.DKTaparc.atlas.acfb40.noaparc.i12.2016-08-02.gcs ../label/lh.aparc.DKTatlas.annot 

setting seed for random number generator to 1234
using ../mri/aseg.presurf.mgz aseg volume to correct midline
7.3.2
  7.3.2
reading atlas from /opt/freesurfer/average/lh.DKTaparc.atlas.acfb40.noaparc.i12.2016-08-02.gcs...
reading color table from GCSA file....
average std = 1.4   using min determinant for regularization = 0.020
0 singular and 383 ill-conditioned covariance matrices regularized
input 0: MEAN CURVATURE, flags 0, avgs 5, name mean_curvature
labeling surface...
1701 labels changed using aseg
relabeling using gibbs priors...
000:   2029 changed, 154083 examined...
001:    483 changed, 9543 examined...
002:    147 changed, 2781 examined...
003:     64 changed, 844 examined...
004:     37 changed, 405 examined...
005:     26 changed, 202 examined...
006:     11 changed, 136 examined...
007:      5 changed, 74 examined...
008:      4 changed, 33 examined...
009:      3 changed, 25 examined...
010:      2 changed, 22 examined...
011:      2 changed, 13 examined...
012:      2 changed, 15 examined...
013:      4 changed, 14 examined...
014:      3 changed, 20 examined...
015:      2 changed, 17 examined...
016:      3 changed, 13 examined...
017:      2 changed, 13 examined...
018:      4 changed, 13 examined...
019:      3 changed, 14 examined...
020:      4 changed, 15 examined...
021:      7 changed, 19 examined...
022:      5 changed, 24 examined...
023:      7 changed, 26 examined...
024:      6 changed, 34 examined...
025:      6 changed, 25 examined...
026:      6 changed, 29 examined...
027:      6 changed, 28 examined...
028:      7 changed, 32 examined...
029:      4 changed, 26 examined...
030:      6 changed, 26 examined...
031:      5 changed, 28 examined...
032:      4 changed, 23 examined...
033:      4 changed, 20 examined...
034:      4 changed, 19 examined...
035:      2 changed, 20 examined...
036:      1 changed, 12 examined...
037:      2 changed, 7 examined...
038:      2 changed, 13 examined...
039:      2 changed, 15 examined...
040:      2 changed, 12 examined...
041:      2 changed, 14 examined...
042:      2 changed, 15 examined...
043:      2 changed, 14 examined...
044:      0 changed, 16 examined...
339 labels changed using aseg
000: 45 total segments, 12 labels (61 vertices) changed
001: 33 total segments, 0 labels (0 vertices) changed
10 filter iterations complete (10 requested, 1 changed)
rationalizing unknown annotations with cortex label
relabeling unknown label...
relabeling corpuscallosum label...
966 vertices marked for relabeling...
966 labels changed in reclassification.
writing output to ../label/lh.aparc.DKTatlas.annot...
classification took 0 minutes and 11 seconds.
#-----------------------------------------
#@# WM/GM Contrast lh Tue Mar 10 00:16:00 CET 2026
/out/sourcedata/freesurfer/sub-v1s2x0051475_ses-1/scripts

 pctsurfcon --s sub-v1s2x0051475_ses-1 --lh-only 

Log file is /out/sourcedata/freesurfer/sub-v1s2x0051475_ses-1/scripts/pctsurfcon.log
Tue Mar 10 00:16:00 CET 2026
setenv SUBJECTS_DIR /out/sourcedata/freesurfer
cd /out/sourcedata/freesurfer/sub-v1s2x0051475_ses-1/scripts
/opt/freesurfer/bin/pctsurfcon
pctsurfcon 7.3.2
Linux dna010 5.14.0-427.37.1.el9_4.x86_64 #1 SMP PREEMPT_DYNAMIC Fri Sep 13 12:41:50 EDT 2024 x86_64 x86_64 x86_64 GNU/Linux
FREESURFER_HOME /opt/freesurfer
mri_vol2surf --mov /out/sourcedata/freesurfer/sub-v1s2x0051475_ses-1/mri/rawavg.mgz --hemi lh --noreshape --interp trilinear --projdist -1 --o /out/sourcedata/freesurfer/sub-v1s2x0051475_ses-1/surf/tmp.pctsurfcon.3392358/lh.wm.mgh --regheader sub-v1s2x0051475_ses-1 --cortex
srcvol = /out/sourcedata/freesurfer/sub-v1s2x0051475_ses-1/mri/rawavg.mgz
srcreg unspecified
srcregold = 0
srcwarp unspecified
surf = white
hemi = lh
ProjDist = -1
reshape = 0
interp = trilinear
float2int = round
GetProjMax = 0
INFO: float2int code = 0
Done loading volume
Computing registration from header.
  Using /out/sourcedata/freesurfer/sub-v1s2x0051475_ses-1/mri/orig.mgz as target reference.
-------- original matrix -----------
-1.00000   0.00000   0.00000   0.00001;
 0.00000   0.00000   1.00000   0.00000;
 0.00000  -1.00000   0.00000   0.00000;
 0.00000   0.00000   0.00000   1.00000;
-------- original matrix -----------
Loading label /out/sourcedata/freesurfer/sub-v1s2x0051475_ses-1/label/lh.cortex.label
Reading surface /out/sourcedata/freesurfer/sub-v1s2x0051475_ses-1/surf/lh.white
Done reading source surface
Mapping Source Volume onto Source Subject Surface
Projecting -1 -1 1
 1 -1 -1 -1
using old
Done mapping volume to surface
Number of source voxels hit = 88232
Masking with /out/sourcedata/freesurfer/sub-v1s2x0051475_ses-1/label/lh.cortex.label
Writing to /out/sourcedata/freesurfer/sub-v1s2x0051475_ses-1/surf/tmp.pctsurfcon.3392358/lh.wm.mgh
Dim: 154083 1 1
mri_vol2surf --mov /out/sourcedata/freesurfer/sub-v1s2x0051475_ses-1/mri/rawavg.mgz --hemi lh --noreshape --interp trilinear --o /out/sourcedata/freesurfer/sub-v1s2x0051475_ses-1/surf/tmp.pctsurfcon.3392358/lh.gm.mgh --projfrac 0.3 --regheader sub-v1s2x0051475_ses-1 --cortex
srcvol = /out/sourcedata/freesurfer/sub-v1s2x0051475_ses-1/mri/rawavg.mgz
srcreg unspecified
srcregold = 0
srcwarp unspecified
surf = white
hemi = lh
ProjFrac = 0.3
thickness = thickness
reshape = 0
interp = trilinear
float2int = round
GetProjMax = 0
INFO: float2int code = 0
Done loading volume
Computing registration from header.
  Using /out/sourcedata/freesurfer/sub-v1s2x0051475_ses-1/mri/orig.mgz as target reference.
-------- original matrix -----------
-1.00000   0.00000   0.00000   0.00001;
 0.00000   0.00000   1.00000   0.00000;
 0.00000  -1.00000   0.00000   0.00000;
 0.00000   0.00000   0.00000   1.00000;
-------- original matrix -----------
Loading label /out/sourcedata/freesurfer/sub-v1s2x0051475_ses-1/label/lh.cortex.label
Reading surface /out/sourcedata/freesurfer/sub-v1s2x0051475_ses-1/surf/lh.white
Done reading source surface
Reading thickness /out/sourcedata/freesurfer/sub-v1s2x0051475_ses-1/surf/lh.thickness
Done
Mapping Source Volume onto Source Subject Surface
Projecting 0.3 0.3 1
 1 0.3 0.3 0.3
using old
Done mapping volume to surface
Number of source voxels hit = 102501
Masking with /out/sourcedata/freesurfer/sub-v1s2x0051475_ses-1/label/lh.cortex.label
Writing to /out/sourcedata/freesurfer/sub-v1s2x0051475_ses-1/surf/tmp.pctsurfcon.3392358/lh.gm.mgh
Dim: 154083 1 1
mri_concat /out/sourcedata/freesurfer/sub-v1s2x0051475_ses-1/surf/tmp.pctsurfcon.3392358/lh.wm.mgh /out/sourcedata/freesurfer/sub-v1s2x0051475_ses-1/surf/tmp.pctsurfcon.3392358/lh.gm.mgh --paired-diff-norm --mul 100 --o /out/sourcedata/freesurfer/sub-v1s2x0051475_ses-1/surf/lh.w-g.pct.mgh
ninputs = 2
Checking inputs
nframestot = 2
Allocing output
Done allocing
Combining pairs
nframes = 1
Multiplying by 100.000000
Writing to /out/sourcedata/freesurfer/sub-v1s2x0051475_ses-1/surf/lh.w-g.pct.mgh
mri_segstats --in /out/sourcedata/freesurfer/sub-v1s2x0051475_ses-1/surf/lh.w-g.pct.mgh --annot sub-v1s2x0051475_ses-1 lh aparc --sum /out/sourcedata/freesurfer/sub-v1s2x0051475_ses-1/stats/lh.w-g.pct.stats --snr

7.3.2
cwd 
cmdline mri_segstats --in /out/sourcedata/freesurfer/sub-v1s2x0051475_ses-1/surf/lh.w-g.pct.mgh --annot sub-v1s2x0051475_ses-1 lh aparc --sum /out/sourcedata/freesurfer/sub-v1s2x0051475_ses-1/stats/lh.w-g.pct.stats --snr 
sysname  Linux
hostname dna010
machine  x86_64
user     oesteban
whitesurfname  white
UseRobust  0
Constructing seg from annotation

Reading annotation /out/sourcedata/freesurfer/sub-v1s2x0051475_ses-1/label/lh.aparc.annot
Seg base 1000
Loading /out/sourcedata/freesurfer/sub-v1s2x0051475_ses-1/surf/lh.w-g.pct.mgh
Vertex Area is 0.637142 mm^3
Generating list of segmentation ids
Found  36 segmentations
Computing statistics for each segmentation

Reporting on  35 segmentations
Using PrintSegStat
mri_segstats done
Cleaning up

Started at Mon Mar 9 23:38:59 CET 2026 
Ended   at Tue Mar 10 00:16:03 CET 2026
#@#%# recon-all-run-time-hours 0.618
recon-all -s sub-v1s2x0051475_ses-1 finished without error at Tue Mar 10 00:16:03 CET 2026



#New# invocation of recon-all 




Tue Mar 10 00:48:15 CET 2026
cd /out/sourcedata/freesurfer/sub-v1s2x0051475_ses-1
setenv SUBJECTS_DIR /out/sourcedata/freesurfer
/opt/freesurfer/bin/recon-all -autorecon-hemi lh -nohyporelabel -lh-only -openmp 16 -subjid sub-v1s2x0051475_ses-1 -sd /out/sourcedata/freesurfer -notessellate -nosmooth1 -noinflate1 -noqsphere -nofix -nowhite -nosmooth2 -noinflate2 -nocurvHK -nocurvstats -nosphere -nosurfreg -nojacobian_white -noavgcurv -nocortparc -nopial -nocortparc2 -nocortparc3 -nopctsurfcon

subjid sub-v1s2x0051475_ses-1
setenv SUBJECTS_DIR /out/sourcedata/freesurfer
FREESURFER_HOME /opt/freesurfer
Actual FREESURFER_HOME /opt/freesurfer
build-stamp.txt: freesurfer-linux-ubuntu22_x86_64-7.3.2-20220804-6354275
Linux dna010 5.14.0-427.37.1.el9_4.x86_64 #1 SMP PREEMPT_DYNAMIC Fri Sep 13 12:41:50 EDT 2024 x86_64 x86_64 x86_64 GNU/Linux
cputime      unlimited
filesize     unlimited
datasize     unlimited
stacksize    8192 kbytes
coredumpsize 0 kbytes
memoryuse    67108864 kbytes
vmemoryuse   unlimited
descriptors  1024 
memorylocked unlimited
maxproc      2061970 
maxlocks     unlimited
maxsignal    2061970 
maxmessage   819200 
maxnice      0 
maxrtprio    0 
maxrttime    unlimited

               total        used        free      shared  buff/cache   available
Mem:           503Gi        45Gi       416Gi       9.3Gi        41Gi       445Gi
Swap:             0B          0B          0B

########################################
program versions used
7.3.2 (freesurfer-linux-ubuntu22_x86_64-7.3.2-20220804-6354275)
7.3.2

ProgramName: lta_convert  ProgramArguments: lta_convert -all-info  ProgramVersion: 7.3.2  TimeStamp: 2026/03/09-23:48:15-GMT  BuildTime: Aug  4 2022 06:17:15  BuildStamp: freesurfer-linux-ubuntu22_x86_64-7.3.2-20220804-6354275  User: oesteban  Machine: dna010  Platform: Linux  PlatformVersion: 5.14.0-427.37.1.el9_4.x86_64  CompilerName: GCC  CompilerVersion: 8.4.0
ProgramName: mri_and  ProgramArguments: mri_and -all-info  ProgramVersion: 7.3.2  TimeStamp: 2026/03/09-23:48:15-GMT  BuildTime: Aug  4 2022 06:17:15  BuildStamp: freesurfer-linux-ubuntu22_x86_64-7.3.2-20220804-6354275  User: oesteban  Machine: dna010  Platform: Linux  PlatformVersion: 5.14.0-427.37.1.el9_4.x86_64  CompilerName: GCC  CompilerVersion: 8.4.0
ProgramName: mri_annotation2label  ProgramArguments: mri_annotation2label -all-info  ProgramVersion: 7.3.2  TimeStamp: 2026/03/09-23:48:15-GMT  BuildTime: Aug  4 2022 06:17:15  BuildStamp: freesurfer-linux-ubuntu22_x86_64-7.3.2-20220804-6354275  User: oesteban  Machine: dna010  Platform: Linux  PlatformVersion: 5.14.0-427.37.1.el9_4.x86_64  CompilerName: GCC  CompilerVersion: 8.4.0
ProgramName: mri_aparc2aseg  ProgramArguments: mri_aparc2aseg -all-info  ProgramVersion: 7.3.2  TimeStamp: 2026/03/09-23:48:15-GMT  BuildTime: Aug  4 2022 06:17:15  BuildStamp: freesurfer-linux-ubuntu22_x86_64-7.3.2-20220804-6354275  User: oesteban  Machine: dna010  Platform: Linux  PlatformVersion: 5.14.0-427.37.1.el9_4.x86_64  CompilerName: GCC  CompilerVersion: 8.4.0
ProgramName: mri_surf2volseg  ProgramArguments: mri_surf2volseg -all-info  ProgramVersion: 7.3.2  TimeStamp: 2026/03/09-23:48:15-GMT  BuildTime: Aug  4 2022 06:17:15  BuildStamp: freesurfer-linux-ubuntu22_x86_64-7.3.2-20220804-6354275  User: oesteban  Machine: dna010  Platform: Linux  PlatformVersion: 5.14.0-427.37.1.el9_4.x86_64  CompilerName: GCC  CompilerVersion: 8.4.0
ProgramName: mri_binarize  ProgramArguments: mri_binarize -all-info  ProgramVersion: 7.3.2  TimeStamp: 2026/03/09-23:48:15-GMT  BuildTime: Aug  4 2022 06:17:15  BuildStamp: freesurfer-linux-ubuntu22_x86_64-7.3.2-20220804-6354275  User: oesteban  Machine: dna010  Platform: Linux  PlatformVersion: 5.14.0-427.37.1.el9_4.x86_64  CompilerName: GCC  CompilerVersion: 8.4.0
ProgramName: mri_ca_label  ProgramArguments: mri_ca_label -all-info  ProgramVersion: 7.3.2  TimeStamp: 2026/03/09-23:48:15-GMT  BuildTime: Aug  4 2022 06:17:15  BuildStamp: freesurfer-linux-ubuntu22_x86_64-7.3.2-20220804-6354275  User: oesteban  Machine: dna010  Platform: Linux  PlatformVersion: 5.14.0-427.37.1.el9_4.x86_64  CompilerName: GCC  CompilerVersion: 8.4.0
ProgramName: mri_ca_normalize  ProgramArguments: mri_ca_normalize -all-info  ProgramVersion: 7.3.2  TimeStamp: 2026/03/09-23:48:15-GMT  BuildTime: Aug  4 2022 06:17:15  BuildStamp: freesurfer-linux-ubuntu22_x86_64-7.3.2-20220804-6354275  User: oesteban  Machine: dna010  Platform: Linux  PlatformVersion: 5.14.0-427.37.1.el9_4.x86_64  CompilerName: GCC  CompilerVersion: 8.4.0
ProgramName: mri_ca_register  ProgramArguments: mri_ca_register -all-info  ProgramVersion: 7.3.2  TimeStamp: 2026/03/09-23:48:15-GMT  BuildTime: Aug  4 2022 06:17:15  BuildStamp: freesurfer-linux-ubuntu22_x86_64-7.3.2-20220804-6354275  User: oesteban  Machine: dna010  Platform: Linux  PlatformVersion: 5.14.0-427.37.1.el9_4.x86_64  CompilerName: GCC  CompilerVersion: 8.4.0
ProgramName: mri_cc  ProgramArguments: mri_cc -all-info  ProgramVersion: 7.3.2  TimeStamp: 2026/03/09-23:48:15-GMT  BuildTime: Aug  4 2022 06:17:15  BuildStamp: freesurfer-linux-ubuntu22_x86_64-7.3.2-20220804-6354275  User: oesteban  Machine: dna010  Platform: Linux  PlatformVersion: 5.14.0-427.37.1.el9_4.x86_64  CompilerName: GCC  CompilerVersion: 8.4.0
ProgramName: mri_compute_overlap  ProgramArguments: mri_compute_overlap -all-info  ProgramVersion: 7.3.2  TimeStamp: 2026/03/09-23:48:16-GMT  BuildTime: Aug  4 2022 06:17:15  BuildStamp: freesurfer-linux-ubuntu22_x86_64-7.3.2-20220804-6354275  User: oesteban  Machine: dna010  Platform: Linux  PlatformVersion: 5.14.0-427.37.1.el9_4.x86_64  CompilerName: GCC  CompilerVersion: 8.4.0
ProgramName: mri_compute_seg_overlap  ProgramArguments: mri_compute_seg_overlap -all-info  ProgramVersion: 7.3.2  TimeStamp: 2026/03/09-23:48:16-GMT  BuildTime: Aug  4 2022 06:17:15  BuildStamp: freesurfer-linux-ubuntu22_x86_64-7.3.2-20220804-6354275  User: oesteban  Machine: dna010  Platform: Linux  PlatformVersion: 5.14.0-427.37.1.el9_4.x86_64  CompilerName: GCC  CompilerVersion: 8.4.0
ProgramName: mri_concat  ProgramArguments: mri_concat -all-info  ProgramVersion: 7.3.2  TimeStamp: 2026/03/09-23:48:16-GMT  BuildTime: Aug  4 2022 06:17:15  BuildStamp: freesurfer-linux-ubuntu22_x86_64-7.3.2-20220804-6354275  User: oesteban  Machine: dna010  Platform: Linux  PlatformVersion: 5.14.0-427.37.1.el9_4.x86_64  CompilerName: GCC  CompilerVersion: 8.4.0
ProgramName: mri_concatenate_lta  ProgramArguments: mri_concatenate_lta -all-info  ProgramVersion: 7.3.2  TimeStamp: 2026/03/09-23:48:16-GMT  BuildTime: Aug  4 2022 06:17:15  BuildStamp: freesurfer-linux-ubuntu22_x86_64-7.3.2-20220804-6354275  User: oesteban  Machine: dna010  Platform: Linux  PlatformVersion: 5.14.0-427.37.1.el9_4.x86_64  CompilerName: GCC  CompilerVersion: 8.4.0
mri_convert -all-info 
ProgramName: mri_convert  ProgramArguments: mri_convert -all-info  ProgramVersion: 7.3.2  TimeStamp: 2026/03/09-23:48:16-GMT  BuildTime: Aug  4 2022 06:17:15  BuildStamp: freesurfer-linux-ubuntu22_x86_64-7.3.2-20220804-6354275  User: oesteban  Machine: dna010  Platform: Linux  PlatformVersion: 5.14.0-427.37.1.el9_4.x86_64  CompilerName: GCC  CompilerVersion: 8.4.0
ProgramName: mri_diff  ProgramArguments: mri_diff -all-info  ProgramVersion: 7.3.2  TimeStamp: 2026/03/09-23:48:16-GMT  BuildTime: Aug  4 2022 06:17:15  BuildStamp: freesurfer-linux-ubuntu22_x86_64-7.3.2-20220804-6354275  User: oesteban  Machine: dna010  Platform: Linux  PlatformVersion: 5.14.0-427.37.1.el9_4.x86_64  CompilerName: GCC  CompilerVersion: 8.4.0
ProgramName: mri_edit_wm_with_aseg  ProgramArguments: mri_edit_wm_with_aseg -all-info  ProgramVersion: 7.3.2  TimeStamp: 2026/03/09-23:48:16-GMT  BuildTime: Aug  4 2022 06:17:15  BuildStamp: freesurfer-linux-ubuntu22_x86_64-7.3.2-20220804-6354275  User: oesteban  Machine: dna010  Platform: Linux  PlatformVersion: 5.14.0-427.37.1.el9_4.x86_64  CompilerName: GCC  CompilerVersion: 8.4.0
ProgramName: mri_em_register  ProgramArguments: mri_em_register -all-info  ProgramVersion: 7.3.2  TimeStamp: 2026/03/09-23:48:16-GMT  BuildTime: Aug  4 2022 06:17:15  BuildStamp: freesurfer-linux-ubuntu22_x86_64-7.3.2-20220804-6354275  User: oesteban  Machine: dna010  Platform: Linux  PlatformVersion: 5.14.0-427.37.1.el9_4.x86_64  CompilerName: GCC  CompilerVersion: 8.4.0
ProgramName: mri_fill  ProgramArguments: mri_fill -all-info  ProgramVersion: 7.3.2  TimeStamp: 2026/03/09-23:48:16-GMT  BuildTime: Aug  4 2022 06:17:15  BuildStamp: freesurfer-linux-ubuntu22_x86_64-7.3.2-20220804-6354275  User: oesteban  Machine: dna010  Platform: Linux  PlatformVersion: 5.14.0-427.37.1.el9_4.x86_64  CompilerName: GCC  CompilerVersion: 8.4.0
ProgramName: mri_fuse_segmentations  ProgramArguments: mri_fuse_segmentations -all-info  ProgramVersion: 7.3.2  TimeStamp: 2026/03/09-23:48:16-GMT  BuildTime: Aug  4 2022 06:17:15  BuildStamp: freesurfer-linux-ubuntu22_x86_64-7.3.2-20220804-6354275  User: oesteban  Machine: dna010  Platform: Linux  PlatformVersion: 5.14.0-427.37.1.el9_4.x86_64  CompilerName: GCC  CompilerVersion: 8.4.0
ProgramName: mri_fwhm  ProgramArguments: mri_fwhm -all-info  ProgramVersion: 7.3.2  TimeStamp: 2026/03/09-23:48:16-GMT  BuildTime: Aug  4 2022 06:17:15  BuildStamp: freesurfer-linux-ubuntu22_x86_64-7.3.2-20220804-6354275  User: oesteban  Machine: dna010  Platform: Linux  PlatformVersion: 5.14.0-427.37.1.el9_4.x86_64  CompilerName: GCC  CompilerVersion: 8.4.0
ProgramName: mri_gcut  ProgramArguments: mri_gcut -all-info  ProgramVersion: 7.3.2  TimeStamp: 2026/03/09-23:48:16-GMT  BuildTime: Aug  4 2022 06:17:15  BuildStamp: freesurfer-linux-ubuntu22_x86_64-7.3.2-20220804-6354275  User: oesteban  Machine: dna010  Platform: Linux  PlatformVersion: 5.14.0-427.37.1.el9_4.x86_64  CompilerName: GCC  CompilerVersion: 8.4.0
ProgramName: mri_info  ProgramArguments: mri_info -all-info  ProgramVersion: 7.3.2  TimeStamp: 2026/03/09-23:48:16-GMT  BuildTime: Aug  4 2022 06:17:15  BuildStamp: freesurfer-linux-ubuntu22_x86_64-7.3.2-20220804-6354275  User: oesteban  Machine: dna010  Platform: Linux  PlatformVersion: 5.14.0-427.37.1.el9_4.x86_64  CompilerName: GCC  CompilerVersion: 8.4.0
ProgramName: mri_label2label  ProgramArguments: mri_label2label -all-info  ProgramVersion: 7.3.2  TimeStamp: 2026/03/09-23:48:16-GMT  BuildTime: Aug  4 2022 06:17:15  BuildStamp: freesurfer-linux-ubuntu22_x86_64-7.3.2-20220804-6354275  User: oesteban  Machine: dna010  Platform: Linux  PlatformVersion: 5.14.0-427.37.1.el9_4.x86_64  CompilerName: GCC  CompilerVersion: 8.4.0
ProgramName: mri_label2vol  ProgramArguments: mri_label2vol -all-info  ProgramVersion: 7.3.2  TimeStamp: 2026/03/09-23:48:16-GMT  BuildTime: Aug  4 2022 06:17:15  BuildStamp: freesurfer-linux-ubuntu22_x86_64-7.3.2-20220804-6354275  User: oesteban  Machine: dna010  Platform: Linux  PlatformVersion: 5.14.0-427.37.1.el9_4.x86_64  CompilerName: GCC  CompilerVersion: 8.4.0
ProgramName: mri_log_likelihood  ProgramArguments: mri_log_likelihood -all-info  ProgramVersion: 7.3.2  TimeStamp: 2026/03/09-23:48:16-GMT  BuildTime: Aug  4 2022 06:17:15  BuildStamp: freesurfer-linux-ubuntu22_x86_64-7.3.2-20220804-6354275  User: oesteban  Machine: dna010  Platform: Linux  PlatformVersion: 5.14.0-427.37.1.el9_4.x86_64  CompilerName: GCC  CompilerVersion: 8.4.0
ProgramName: mri_mask  ProgramArguments: mri_mask -all-info  ProgramVersion: 7.3.2  TimeStamp: 2026/03/09-23:48:16-GMT  BuildTime: Aug  4 2022 06:17:15  BuildStamp: freesurfer-linux-ubuntu22_x86_64-7.3.2-20220804-6354275  User: oesteban  Machine: dna010  Platform: Linux  PlatformVersion: 5.14.0-427.37.1.el9_4.x86_64  CompilerName: GCC  CompilerVersion: 8.4.0
ProgramName: mri_matrix_multiply  ProgramArguments: mri_matrix_multiply -all-info  ProgramVersion: 7.3.2  TimeStamp: 2026/03/09-23:48:16-GMT  BuildTime: Aug  4 2022 06:17:15  BuildStamp: freesurfer-linux-ubuntu22_x86_64-7.3.2-20220804-6354275  User: oesteban  Machine: dna010  Platform: Linux  PlatformVersion: 5.14.0-427.37.1.el9_4.x86_64  CompilerName: GCC  CompilerVersion: 8.4.0
ProgramName: mri_normalize  ProgramArguments: mri_normalize -all-info  ProgramVersion: 7.3.2  TimeStamp: 2026/03/09-23:48:16-GMT  BuildTime: Aug  4 2022 06:17:15  BuildStamp: freesurfer-linux-ubuntu22_x86_64-7.3.2-20220804-6354275  User: oesteban  Machine: dna010  Platform: Linux  PlatformVersion: 5.14.0-427.37.1.el9_4.x86_64  CompilerName: GCC  CompilerVersion: 8.4.0
ProgramName: mri_normalize_tp2  ProgramArguments: mri_normalize_tp2 -all-info  ProgramVersion: 7.3.2  TimeStamp: 2026/03/09-23:48:16-GMT  BuildTime: Aug  4 2022 06:17:15  BuildStamp: freesurfer-linux-ubuntu22_x86_64-7.3.2-20220804-6354275  User: oesteban  Machine: dna010  Platform: Linux  PlatformVersion: 5.14.0-427.37.1.el9_4.x86_64  CompilerName: GCC  CompilerVersion: 8.4.0
ProgramName: mri_or  ProgramArguments: mri_or -all-info  ProgramVersion: 7.3.2  TimeStamp: 2026/03/09-23:48:16-GMT  BuildTime: Aug  4 2022 06:17:15  BuildStamp: freesurfer-linux-ubuntu22_x86_64-7.3.2-20220804-6354275  User: oesteban  Machine: dna010  Platform: Linux  PlatformVersion: 5.14.0-427.37.1.el9_4.x86_64  CompilerName: GCC  CompilerVersion: 8.4.0
ProgramName: mri_relabel_hypointensities  ProgramArguments: mri_relabel_hypointensities -all-info  ProgramVersion: 7.3.2  TimeStamp: 2026/03/09-23:48:16-GMT  BuildTime: Aug  4 2022 06:17:15  BuildStamp: freesurfer-linux-ubuntu22_x86_64-7.3.2-20220804-6354275  User: oesteban  Machine: dna010  Platform: Linux  PlatformVersion: 5.14.0-427.37.1.el9_4.x86_64  CompilerName: GCC  CompilerVersion: 8.4.0
ProgramName: mri_relabel_nonwm_hypos  ProgramArguments: mri_relabel_nonwm_hypos -all-info  ProgramVersion: 7.3.2  TimeStamp: 2026/03/09-23:48:16-GMT  BuildTime: Aug  4 2022 06:17:15  BuildStamp: freesurfer-linux-ubuntu22_x86_64-7.3.2-20220804-6354275  User: oesteban  Machine: dna010  Platform: Linux  PlatformVersion: 5.14.0-427.37.1.el9_4.x86_64  CompilerName: GCC  CompilerVersion: 8.4.0
ProgramName: mri_remove_neck  ProgramArguments: mri_remove_neck -all-info  ProgramVersion: 7.3.2  TimeStamp: 2026/03/09-23:48:16-GMT  BuildTime: Aug  4 2022 06:17:15  BuildStamp: freesurfer-linux-ubuntu22_x86_64-7.3.2-20220804-6354275  User: oesteban  Machine: dna010  Platform: Linux  PlatformVersion: 5.14.0-427.37.1.el9_4.x86_64  CompilerName: GCC  CompilerVersion: 8.4.0
7.3.2

ProgramName: mri_robust_register  ProgramArguments: mri_robust_register -all-info  ProgramVersion: 7.3.2  TimeStamp: 2026/03/09-23:48:16-GMT  BuildTime: Aug  4 2022 06:17:15  BuildStamp: freesurfer-linux-ubuntu22_x86_64-7.3.2-20220804-6354275  User: oesteban  Machine: dna010  Platform: Linux  PlatformVersion: 5.14.0-427.37.1.el9_4.x86_64  CompilerName: GCC  CompilerVersion: 8.4.0
7.3.2

ProgramName: mri_robust_template  ProgramArguments: mri_robust_template -all-info  ProgramVersion: 7.3.2  TimeStamp: 2026/03/09-23:48:16-GMT  BuildTime: Aug  4 2022 06:17:15  BuildStamp: freesurfer-linux-ubuntu22_x86_64-7.3.2-20220804-6354275  User: oesteban  Machine: dna010  Platform: Linux  PlatformVersion: 5.14.0-427.37.1.el9_4.x86_64  CompilerName: GCC  CompilerVersion: 8.4.0
ProgramName: mris_anatomical_stats  ProgramArguments: mris_anatomical_stats -all-info  ProgramVersion: 7.3.2  TimeStamp: 2026/03/09-23:48:16-GMT  BuildTime: Aug  4 2022 06:17:15  BuildStamp: freesurfer-linux-ubuntu22_x86_64-7.3.2-20220804-6354275  User: oesteban  Machine: dna010  Platform: Linux  PlatformVersion: 5.14.0-427.37.1.el9_4.x86_64  CompilerName: GCC  CompilerVersion: 8.4.0
ProgramName: mris_ca_label  ProgramArguments: mris_ca_label -all-info  ProgramVersion: 7.3.2  TimeStamp: 2026/03/09-23:48:16-GMT  BuildTime: Aug  4 2022 06:17:15  BuildStamp: freesurfer-linux-ubuntu22_x86_64-7.3.2-20220804-6354275  User: oesteban  Machine: dna010  Platform: Linux  PlatformVersion: 5.14.0-427.37.1.el9_4.x86_64  CompilerName: GCC  CompilerVersion: 8.4.0
ProgramName: mris_calc  ProgramArguments: mris_calc -all-info  ProgramVersion: 7.3.2  TimeStamp: 2026/03/09-23:48:16-GMT  BuildTime: Aug  4 2022 06:17:15  BuildStamp: freesurfer-linux-ubuntu22_x86_64-7.3.2-20220804-6354275  User: oesteban  Machine: dna010  Platform: Linux  PlatformVersion: 5.14.0-427.37.1.el9_4.x86_64  CompilerName: GCC  CompilerVersion: 8.4.0
ProgramName: mris_convert  ProgramArguments: mris_convert -all-info  ProgramVersion: 7.3.2  TimeStamp: 2026/03/09-23:48:16-GMT  BuildTime: Aug  4 2022 06:17:15  BuildStamp: freesurfer-linux-ubuntu22_x86_64-7.3.2-20220804-6354275  User: oesteban  Machine: dna010  Platform: Linux  PlatformVersion: 5.14.0-427.37.1.el9_4.x86_64  CompilerName: GCC  CompilerVersion: 8.4.0
ProgramName: mris_curvature  ProgramArguments: mris_curvature -all-info  ProgramVersion: 7.3.2  TimeStamp: 2026/03/09-23:48:16-GMT  BuildTime: Aug  4 2022 06:17:15  BuildStamp: freesurfer-linux-ubuntu22_x86_64-7.3.2-20220804-6354275  User: oesteban  Machine: dna010  Platform: Linux  PlatformVersion: 5.14.0-427.37.1.el9_4.x86_64  CompilerName: GCC  CompilerVersion: 8.4.0
ProgramName: mris_curvature_stats  ProgramArguments: mris_curvature_stats -all-info  ProgramVersion: 7.3.2  TimeStamp: 2026/03/09-23:48:16-GMT  BuildTime: Aug  4 2022 06:17:15  BuildStamp: freesurfer-linux-ubuntu22_x86_64-7.3.2-20220804-6354275  User: oesteban  Machine: dna010  Platform: Linux  PlatformVersion: 5.14.0-427.37.1.el9_4.x86_64  CompilerName: GCC  CompilerVersion: 8.4.0
ProgramName: mris_diff  ProgramArguments: mris_diff -all-info  ProgramVersion: 7.3.2  TimeStamp: 2026/03/09-23:48:16-GMT  BuildTime: Aug  4 2022 06:17:15  BuildStamp: freesurfer-linux-ubuntu22_x86_64-7.3.2-20220804-6354275  User: oesteban  Machine: dna010  Platform: Linux  PlatformVersion: 5.14.0-427.37.1.el9_4.x86_64  CompilerName: GCC  CompilerVersion: 8.4.0
ProgramName: mris_divide_parcellation  ProgramArguments: mris_divide_parcellation -all-info  ProgramVersion: 7.3.2  TimeStamp: 2026/03/09-23:48:16-GMT  BuildTime: Aug  4 2022 06:17:15  BuildStamp: freesurfer-linux-ubuntu22_x86_64-7.3.2-20220804-6354275  User: oesteban  Machine: dna010  Platform: Linux  PlatformVersion: 5.14.0-427.37.1.el9_4.x86_64  CompilerName: GCC  CompilerVersion: 8.4.0
ProgramName: mri_segment  ProgramArguments: mri_segment -all-info  ProgramVersion: 7.3.2  TimeStamp: 2026/03/09-23:48:16-GMT  BuildTime: Aug  4 2022 06:17:15  BuildStamp: freesurfer-linux-ubuntu22_x86_64-7.3.2-20220804-6354275  User: oesteban  Machine: dna010  Platform: Linux  PlatformVersion: 5.14.0-427.37.1.el9_4.x86_64  CompilerName: GCC  CompilerVersion: 8.4.0
ProgramName: mri_segstats  ProgramArguments: mri_segstats -all-info  ProgramVersion: 7.3.2  TimeStamp: 2026/03/09-23:48:16-GMT  BuildTime: Aug  4 2022 06:17:15  BuildStamp: freesurfer-linux-ubuntu22_x86_64-7.3.2-20220804-6354275  User: oesteban  Machine: dna010  Platform: Linux  PlatformVersion: 5.14.0-427.37.1.el9_4.x86_64  CompilerName: GCC  CompilerVersion: 8.4.0
ProgramName: mris_euler_number  ProgramArguments: mris_euler_number -all-info  ProgramVersion: 7.3.2  TimeStamp: 2026/03/09-23:48:16-GMT  BuildTime: Aug  4 2022 06:17:15  BuildStamp: freesurfer-linux-ubuntu22_x86_64-7.3.2-20220804-6354275  User: oesteban  Machine: dna010  Platform: Linux  PlatformVersion: 5.14.0-427.37.1.el9_4.x86_64  CompilerName: GCC  CompilerVersion: 8.4.0
ProgramName: mris_fix_topology  ProgramArguments: mris_fix_topology -all-info  ProgramVersion: 7.3.2  TimeStamp: 2026/03/09-23:48:16-GMT  BuildTime: Aug  4 2022 06:17:15  BuildStamp: freesurfer-linux-ubuntu22_x86_64-7.3.2-20220804-6354275  User: oesteban  Machine: dna010  Platform: Linux  PlatformVersion: 5.14.0-427.37.1.el9_4.x86_64  CompilerName: GCC  CompilerVersion: 8.4.0
ProgramName: mris_topo_fixer  ProgramArguments: mris_topo_fixer -all-info  ProgramVersion: 7.3.2  TimeStamp: 2026/03/09-23:48:16-GMT  BuildTime: Aug  4 2022 06:17:15  BuildStamp: freesurfer-linux-ubuntu22_x86_64-7.3.2-20220804-6354275  User: oesteban  Machine: dna010  Platform: Linux  PlatformVersion: 5.14.0-427.37.1.el9_4.x86_64  CompilerName: GCC  CompilerVersion: 8.4.0
ProgramName: mris_jacobian  ProgramArguments: mris_jacobian -all-info  ProgramVersion: 7.3.2  TimeStamp: 2026/03/09-23:48:16-GMT  BuildTime: Aug  4 2022 06:17:15  BuildStamp: freesurfer-linux-ubuntu22_x86_64-7.3.2-20220804-6354275  User: oesteban  Machine: dna010  Platform: Linux  PlatformVersion: 5.14.0-427.37.1.el9_4.x86_64  CompilerName: GCC  CompilerVersion: 8.4.0
ProgramName: mris_label2annot  ProgramArguments: mris_label2annot -all-info  ProgramVersion: 7.3.2  TimeStamp: 2026/03/09-23:48:16-GMT  BuildTime: Aug  4 2022 06:17:15  BuildStamp: freesurfer-linux-ubuntu22_x86_64-7.3.2-20220804-6354275  User: oesteban  Machine: dna010  Platform: Linux  PlatformVersion: 5.14.0-427.37.1.el9_4.x86_64  CompilerName: GCC  CompilerVersion: 8.4.0
ProgramName: mris_left_right_register  ProgramArguments: mris_left_right_register -all-info  ProgramVersion: 7.3.2  TimeStamp: 2026/03/09-23:48:16-GMT  BuildTime: Aug  4 2022 06:17:15  BuildStamp: freesurfer-linux-ubuntu22_x86_64-7.3.2-20220804-6354275  User: oesteban  Machine: dna010  Platform: Linux  PlatformVersion: 5.14.0-427.37.1.el9_4.x86_64  CompilerName: GCC  CompilerVersion: 8.4.0
ProgramName: mris_place_surface  ProgramArguments: mris_place_surface -all-info  ProgramVersion: 7.3.2  TimeStamp: 2026/03/09-23:48:16-GMT  BuildTime: Aug  4 2022 06:17:15  BuildStamp: freesurfer-linux-ubuntu22_x86_64-7.3.2-20220804-6354275  User: oesteban  Machine: dna010  Platform: Linux  PlatformVersion: 5.14.0-427.37.1.el9_4.x86_64  CompilerName: GCC  CompilerVersion: 8.4.0
ProgramName: mrisp_paint  ProgramArguments: mrisp_paint -all-info  ProgramVersion: 7.3.2  TimeStamp: 2026/03/09-23:48:16-GMT  BuildTime: Aug  4 2022 06:17:15  BuildStamp: freesurfer-linux-ubuntu22_x86_64-7.3.2-20220804-6354275  User: oesteban  Machine: dna010  Platform: Linux  PlatformVersion: 5.14.0-427.37.1.el9_4.x86_64  CompilerName: GCC  CompilerVersion: 8.4.0
ProgramName: mris_register  ProgramArguments: mris_register -all-info  ProgramVersion: 7.3.2  TimeStamp: 2026/03/09-23:48:16-GMT  BuildTime: Aug  4 2022 06:17:15  BuildStamp: freesurfer-linux-ubuntu22_x86_64-7.3.2-20220804-6354275  User: oesteban  Machine: dna010  Platform: Linux  PlatformVersion: 5.14.0-427.37.1.el9_4.x86_64  CompilerName: GCC  CompilerVersion: 8.4.0
ProgramName: mris_smooth  ProgramArguments: mris_smooth -all-info  ProgramVersion: 7.3.2  TimeStamp: 2026/03/09-23:48:16-GMT  BuildTime: Aug  4 2022 06:17:15  BuildStamp: freesurfer-linux-ubuntu22_x86_64-7.3.2-20220804-6354275  User: oesteban  Machine: dna010  Platform: Linux  PlatformVersion: 5.14.0-427.37.1.el9_4.x86_64  CompilerName: GCC  CompilerVersion: 8.4.0
ProgramName: mris_sphere  ProgramArguments: mris_sphere -all-info  ProgramVersion: 7.3.2  TimeStamp: 2026/03/09-23:48:16-GMT  BuildTime: Aug  4 2022 06:17:15  BuildStamp: freesurfer-linux-ubuntu22_x86_64-7.3.2-20220804-6354275  User: oesteban  Machine: dna010  Platform: Linux  PlatformVersion: 5.14.0-427.37.1.el9_4.x86_64  CompilerName: GCC  CompilerVersion: 8.4.0
ProgramName: mris_surface_stats  ProgramArguments: mris_surface_stats -all-info  ProgramVersion: 7.3.2  TimeStamp: 2026/03/09-23:48:16-GMT  BuildTime: Aug  4 2022 06:17:15  BuildStamp: freesurfer-linux-ubuntu22_x86_64-7.3.2-20220804-6354275  User: oesteban  Machine: dna010  Platform: Linux  PlatformVersion: 5.14.0-427.37.1.el9_4.x86_64  CompilerName: GCC  CompilerVersion: 8.4.0
ProgramName: mri_stats2seg  ProgramArguments: mri_stats2seg -all-info  ProgramVersion: 7.3.2  TimeStamp: 2026/03/09-23:48:16-GMT  BuildTime: Aug  4 2022 06:17:15  BuildStamp: freesurfer-linux-ubuntu22_x86_64-7.3.2-20220804-6354275  User: oesteban  Machine: dna010  Platform: Linux  PlatformVersion: 5.14.0-427.37.1.el9_4.x86_64  CompilerName: GCC  CompilerVersion: 8.4.0
ProgramName: mris_thickness  ProgramArguments: mris_thickness -all-info  ProgramVersion: 7.3.2  TimeStamp: 2026/03/09-23:48:16-GMT  BuildTime: Aug  4 2022 06:17:15  BuildStamp: freesurfer-linux-ubuntu22_x86_64-7.3.2-20220804-6354275  User: oesteban  Machine: dna010  Platform: Linux  PlatformVersion: 5.14.0-427.37.1.el9_4.x86_64  CompilerName: GCC  CompilerVersion: 8.4.0
ProgramName: mris_thickness_diff  ProgramArguments: mris_thickness_diff -all-info  ProgramVersion: 7.3.2  TimeStamp: 2026/03/09-23:48:16-GMT  BuildTime: Aug  4 2022 06:17:15  BuildStamp: freesurfer-linux-ubuntu22_x86_64-7.3.2-20220804-6354275  User: oesteban  Machine: dna010  Platform: Linux  PlatformVersion: 5.14.0-427.37.1.el9_4.x86_64  CompilerName: GCC  CompilerVersion: 8.4.0
ProgramName: mris_topo_fixer  ProgramArguments: mris_topo_fixer -all-info  ProgramVersion: 7.3.2  TimeStamp: 2026/03/09-23:48:16-GMT  BuildTime: Aug  4 2022 06:17:15  BuildStamp: freesurfer-linux-ubuntu22_x86_64-7.3.2-20220804-6354275  User: oesteban  Machine: dna010  Platform: Linux  PlatformVersion: 5.14.0-427.37.1.el9_4.x86_64  CompilerName: GCC  CompilerVersion: 8.4.0
ProgramName: mri_surf2surf  ProgramArguments: mri_surf2surf -all-info  ProgramVersion: 7.3.2  TimeStamp: 2026/03/09-23:48:16-GMT  BuildTime: Aug  4 2022 06:17:15  BuildStamp: freesurfer-linux-ubuntu22_x86_64-7.3.2-20220804-6354275  User: oesteban  Machine: dna010  Platform: Linux  PlatformVersion: 5.14.0-427.37.1.el9_4.x86_64  CompilerName: GCC  CompilerVersion: 8.4.0
ProgramName: mri_surf2vol  ProgramArguments: mri_surf2vol -all-info  ProgramVersion: 7.3.2  TimeStamp: 2026/03/09-23:48:16-GMT  BuildTime: Aug  4 2022 06:17:15  BuildStamp: freesurfer-linux-ubuntu22_x86_64-7.3.2-20220804-6354275  User: oesteban  Machine: dna010  Platform: Linux  PlatformVersion: 5.14.0-427.37.1.el9_4.x86_64  CompilerName: GCC  CompilerVersion: 8.4.0
ProgramName: mri_surfcluster  ProgramArguments: mri_surfcluster -all-info  ProgramVersion: 7.3.2  TimeStamp: 2026/03/09-23:48:16-GMT  BuildTime: Aug  4 2022 06:17:15  BuildStamp: freesurfer-linux-ubuntu22_x86_64-7.3.2-20220804-6354275  User: oesteban  Machine: dna010  Platform: Linux  PlatformVersion: 5.14.0-427.37.1.el9_4.x86_64  CompilerName: GCC  CompilerVersion: 8.4.0
ProgramName: mris_volmask  ProgramArguments: mris_volmask -all-info  ProgramVersion: 7.3.2  TimeStamp: 2026/03/09-23:48:16-GMT  BuildTime: Aug  4 2022 06:17:15  BuildStamp: freesurfer-linux-ubuntu22_x86_64-7.3.2-20220804-6354275  User: oesteban  Machine: dna010  Platform: Linux  PlatformVersion: 5.14.0-427.37.1.el9_4.x86_64  CompilerName: GCC  CompilerVersion: 8.4.0
ProgramName: mri_tessellate  ProgramArguments: mri_tessellate -all-info  ProgramVersion: 7.3.2  TimeStamp: 2026/03/09-23:48:16-GMT  BuildTime: Aug  4 2022 06:17:15  BuildStamp: freesurfer-linux-ubuntu22_x86_64-7.3.2-20220804-6354275  User: oesteban  Machine: dna010  Platform: Linux  PlatformVersion: 5.14.0-427.37.1.el9_4.x86_64  CompilerName: GCC  CompilerVersion: 8.4.0
ProgramName: mri_vol2surf  ProgramArguments: mri_vol2surf -all-info  ProgramVersion: 7.3.2  TimeStamp: 2026/03/09-23:48:16-GMT  BuildTime: Aug  4 2022 06:17:15  BuildStamp: freesurfer-linux-ubuntu22_x86_64-7.3.2-20220804-6354275  User: oesteban  Machine: dna010  Platform: Linux  PlatformVersion: 5.14.0-427.37.1.el9_4.x86_64  CompilerName: GCC  CompilerVersion: 8.4.0
ProgramName: mri_vol2vol  ProgramArguments: mri_vol2vol -all-info  ProgramVersion: 7.3.2  TimeStamp: 2026/03/09-23:48:16-GMT  BuildTime: Aug  4 2022 06:17:15  BuildStamp: freesurfer-linux-ubuntu22_x86_64-7.3.2-20220804-6354275  User: oesteban  Machine: dna010  Platform: Linux  PlatformVersion: 5.14.0-427.37.1.el9_4.x86_64  CompilerName: GCC  CompilerVersion: 8.4.0
ProgramName: mri_voldiff  ProgramArguments: mri_voldiff -all-info  ProgramVersion: 7.3.2  TimeStamp: 2026/03/09-23:48:16-GMT  BuildTime: Aug  4 2022 06:17:15  BuildStamp: freesurfer-linux-ubuntu22_x86_64-7.3.2-20220804-6354275  User: oesteban  Machine: dna010  Platform: Linux  PlatformVersion: 5.14.0-427.37.1.el9_4.x86_64  CompilerName: GCC  CompilerVersion: 8.4.0
ProgramName: mri_watershed  ProgramArguments: mri_watershed -all-info  ProgramVersion: 7.3.2  TimeStamp: 2026/03/09-23:48:16-GMT  BuildTime: Aug  4 2022 06:17:15  BuildStamp: freesurfer-linux-ubuntu22_x86_64-7.3.2-20220804-6354275  User: oesteban  Machine: dna010  Platform: Linux  PlatformVersion: 5.14.0-427.37.1.el9_4.x86_64  CompilerName: GCC  CompilerVersion: 8.4.0
ProgramName: tkregister2  ProgramArguments: tkregister2_cmdl -all-info  ProgramVersion: 7.3.2  TimeStamp: 2026/03/09-23:48:16-GMT  BuildTime: Aug  4 2022 06:17:15  BuildStamp: freesurfer-linux-ubuntu22_x86_64-7.3.2-20220804-6354275  User: oesteban  Machine: dna010  Platform: Linux  PlatformVersion: 5.14.0-427.37.1.el9_4.x86_64  CompilerName: GCC  CompilerVersion: 8.4.0
mri_motion_correct.fsl 7.3.2
mri_convert -all-info 
ProgramName: mri_convert  ProgramArguments: mri_convert -all-info  ProgramVersion: 7.3.2  TimeStamp: 2026/03/09-23:48:16-GMT  BuildTime: Aug  4 2022 06:17:15  BuildStamp: freesurfer-linux-ubuntu22_x86_64-7.3.2-20220804-6354275  User: oesteban  Machine: dna010  Platform: Linux  PlatformVersion: 5.14.0-427.37.1.el9_4.x86_64  CompilerName: GCC  CompilerVersion: 8.4.0
Program nu_correct, built from:
Package MNI N3, version 1.12.0, compiled by nicks@terrier (x86_64-unknown-linux-gnu) on 2015-06-19 at 01:25:34
#######################################
GCADIR /opt/freesurfer/average
GCA RB_all_2020-01-02.gca
GCASkull RB_all_withskull_2020_01_02.gca
AvgCurvTif folding.atlas.acfb40.noaparc.i12.2016-08-02.tif
GCSDIR /opt/freesurfer/average
GCS DKaparc.atlas.acfb40.noaparc.i12.2016-08-02.gcs
#######################################
#--------------------------------------------
#@# AutoDetGWStats lh Tue Mar 10 00:48:16 CET 2026
cd /out/sourcedata/freesurfer/sub-v1s2x0051475_ses-1/mri
mris_autodet_gwstats --o ../surf/autodet.gw.stats.lh.dat --i brain.finalsurfs.mgz --wm wm.mgz --surf ../surf/lh.orig.premesh
  Update not needed
#--------------------------------------------
#@# WhitePreAparc lh Tue Mar 10 00:48:16 CET 2026
cd /out/sourcedata/freesurfer/sub-v1s2x0051475_ses-1/mri
mris_place_surface --adgws-in ../surf/autodet.gw.stats.lh.dat --wm wm.mgz --threads 16 --invol brain.finalsurfs.mgz --lh --i ../surf/lh.orig --o ../surf/lh.white.preaparc --white --seg aseg.presurf.mgz --nsmooth 5
   Update not needed
#--------------------------------------------
#@# CortexLabel lh Tue Mar 10 00:48:16 CET 2026
cd /out/sourcedata/freesurfer/sub-v1s2x0051475_ses-1/mri
mri_label2label --label-cortex ../surf/lh.white.preaparc aseg.presurf.mgz 0 ../label/lh.cortex.label
   Update not needed
#--------------------------------------------
#@# CortexLabel+HipAmyg lh Tue Mar 10 00:48:16 CET 2026
cd /out/sourcedata/freesurfer/sub-v1s2x0051475_ses-1/mri
mri_label2label --label-cortex ../surf/lh.white.preaparc aseg.presurf.mgz 1 ../label/lh.cortex+hipamyg.label
   Update not needed
#@# white curv lh Tue Mar 10 00:48:16 CET 2026
cd /out/sourcedata/freesurfer/sub-v1s2x0051475_ses-1/mri
mris_place_surface --curv-map ../surf/lh.white 2 10 ../surf/lh.curv
   Update not needed
#@# white area lh Tue Mar 10 00:48:16 CET 2026
cd /out/sourcedata/freesurfer/sub-v1s2x0051475_ses-1/mri
mris_place_surface --area-map ../surf/lh.white ../surf/lh.area
   Update not needed
#@# pial curv lh Tue Mar 10 00:48:16 CET 2026
cd /out/sourcedata/freesurfer/sub-v1s2x0051475_ses-1/mri
mris_place_surface --curv-map ../surf/lh.pial 2 10 ../surf/lh.curv.pial
   Update not needed
#@# pial area lh Tue Mar 10 00:48:16 CET 2026
cd /out/sourcedata/freesurfer/sub-v1s2x0051475_ses-1/mri
mris_place_surface --area-map ../surf/lh.pial ../surf/lh.area.pial
   Update not needed
#@# thickness lh Tue Mar 10 00:48:16 CET 2026
cd /out/sourcedata/freesurfer/sub-v1s2x0051475_ses-1/mri
mris_place_surface --thickness ../surf/lh.white ../surf/lh.pial 20 5 ../surf/lh.thickness
   Update not needed
#@# area and vertex vol lh Tue Mar 10 00:48:16 CET 2026
cd /out/sourcedata/freesurfer/sub-v1s2x0051475_ses-1/mri
mris_place_surface --thickness ../surf/lh.white ../surf/lh.pial 20 5 ../surf/lh.thickness
   Update not needed
#-----------------------------------------
#@# Parcellation Stats lh Tue Mar 10 00:48:16 CET 2026
/out/sourcedata/freesurfer/sub-v1s2x0051475_ses-1/scripts

 mris_anatomical_stats -th3 -mgz -noglobal -cortex ../label/lh.cortex.label -f ../stats/lh.aparc.stats -b -a ../label/lh.aparc.annot -c ../label/aparc.annot.ctab sub-v1s2x0051475_ses-1 lh white 

computing statistics for each annotation in ../label/lh.aparc.annot.
reading volume /out/sourcedata/freesurfer/sub-v1s2x0051475_ses-1/mri/wm.mgz...
reading input surface /out/sourcedata/freesurfer/sub-v1s2x0051475_ses-1/surf/lh.white...
reading input pial surface /out/sourcedata/freesurfer/sub-v1s2x0051475_ses-1/surf/lh.pial...
reading input white surface /out/sourcedata/freesurfer/sub-v1s2x0051475_ses-1/surf/lh.white...
INFO: using TH3 volume calc
INFO: assuming MGZ format for volumes.
INFO: not computing global stats
INFO: using ../label/lh.cortex.label as mask to calc cortex NumVert, SurfArea and MeanThickness.
Using TH3 vertex volume calc
Total face volume 265944
Total vertex volume 265689 (mask=0)
Saving annotation colortable ../label/aparc.annot.ctab

table columns are:
    number of vertices
    total surface area (mm^2)
    total gray matter volume (mm^3)
    average cortical thickness +- standard deviation (mm)
    integrated rectified mean curvature
    integrated rectified Gaussian curvature
    folding index
    intrinsic curvature index
    structure name

 1548   1012   2559  2.739 0.389     0.081     0.012        6     0.8  bankssts
 1118    728   1993  2.432 0.724     0.113     0.014       12     0.7  caudalanteriorcingulate
 4363   2780   8225  2.686 0.471     0.103     0.018       33     3.4  caudalmiddlefrontal
 2375   1387   2619  1.783 0.482     0.101     0.021       18     2.2  cuneus
  671    445   1730  2.900 0.730     0.095     0.018        5     0.5  entorhinal
 5570   3861  11981  2.666 0.731     0.117     0.022       59     5.3  fusiform
 7913   4578  12894  2.653 0.492     0.085     0.015       52     4.9  inferiorparietal
 6332   4201  14578  2.998 0.576     0.108     0.018       56     5.0  inferiortemporal
 1651   1095   2437  2.070 0.809     0.101     0.021       17     1.2  isthmuscingulate
 8987   5303  10852  1.975 0.593     0.112     0.024       82     9.4  lateraloccipital
 4306   2896   9075  2.945 0.515     0.104     0.019       37     3.4  lateralorbitofrontal
 4498   2847   5295  1.835 0.513     0.112     0.024       39     4.8  lingual
 3230   2340   7663  2.821 0.742     0.128     0.026       48     3.8  medialorbitofrontal
 5220   3335  12756  3.132 0.589     0.095     0.016       39     3.6  middletemporal
 1163    726   2414  2.939 0.642     0.078     0.012        5     0.5  parahippocampal
 1825   1037   2601  2.360 0.614     0.084     0.016       10     1.2  paracentral
 2623   1777   5701  2.833 0.448     0.105     0.019       23     1.9  parsopercularis
 1077    704   2659  2.987 0.530     0.115     0.020       12     0.9  parsorbitalis
 2288   1503   4550  2.761 0.505     0.095     0.015       16     1.4  parstriangularis
 2098   1432   1791  1.433 0.452     0.134     0.027       23     2.4  pericalcarine
 6683   4026   8618  2.003 0.635     0.087     0.015       41     4.2  postcentral
 2129   1465   3635  2.274 0.710     0.117     0.020       23     1.9  posteriorcingulate
 7919   4822  12871  2.521 0.682     0.095     0.018       49     6.3  precentral
 6224   4142  10937  2.505 0.499     0.112     0.020       53     5.4  precuneus
  985    711   2482  2.946 0.729     0.117     0.021       12     0.8  rostralanteriorcingulate
 9722   6480  19032  2.664 0.478     0.110     0.019       88     7.8  rostralmiddlefrontal
11751   7691  25306  2.910 0.588     0.103     0.018       89     8.8  superiorfrontal
10543   6049  15518  2.388 0.518     0.092     0.017       77     7.3  superiorparietal
 6113   3983  13450  3.020 0.641     0.088     0.013       40     3.4  superiortemporal
 8171   5096  14803  2.728 0.522     0.092     0.016       60     5.4  supramarginal
  443    296   1174  2.845 0.486     0.138     0.027        6     0.5  frontalpole
  771    627   3824  3.759 0.764     0.129     0.024       10     0.8  temporalpole
  737    428   1371  2.833 0.366     0.092     0.015        5     0.4  transversetemporal
 3816   2564   8297  3.172 0.777     0.101     0.022       30     3.3  insula

 mris_anatomical_stats -th3 -mgz -noglobal -cortex ../label/lh.cortex.label -f ../stats/lh.aparc.pial.stats -b -a ../label/lh.aparc.annot -c ../label/aparc.annot.ctab sub-v1s2x0051475_ses-1 lh pial 

computing statistics for each annotation in ../label/lh.aparc.annot.
reading volume /out/sourcedata/freesurfer/sub-v1s2x0051475_ses-1/mri/wm.mgz...
reading input surface /out/sourcedata/freesurfer/sub-v1s2x0051475_ses-1/surf/lh.pial...
reading input pial surface /out/sourcedata/freesurfer/sub-v1s2x0051475_ses-1/surf/lh.pial...
reading input white surface /out/sourcedata/freesurfer/sub-v1s2x0051475_ses-1/surf/lh.white...
INFO: using TH3 volume calc
INFO: assuming MGZ format for volumes.
INFO: not computing global stats
INFO: using ../label/lh.cortex.label as mask to calc cortex NumVert, SurfArea and MeanThickness.
Using TH3 vertex volume calc
Total face volume 265944
Total vertex volume 265689 (mask=0)
Saving annotation colortable ../label/aparc.annot.ctab

table columns are:
    number of vertices
    total surface area (mm^2)
    total gray matter volume (mm^3)
    average cortical thickness +- standard deviation (mm)
    integrated rectified mean curvature
    integrated rectified Gaussian curvature
    folding index
    intrinsic curvature index
    structure name

 1548    883   2559  2.739 0.389     0.094     0.024       32     1.5  bankssts
 1118    866   1993  2.432 0.724     0.135     0.037       24     1.4  caudalanteriorcingulate
 4363   3244   8225  2.686 0.471     0.108     0.017       49     3.2  caudalmiddlefrontal
 2375   1696   2619  1.783 0.482     0.099     0.025       27     2.1  cuneus
  671    745   1730  2.900 0.730     0.222     0.054       15     1.9  entorhinal
 5570   4970  11981  2.666 0.731     0.139     0.032      122     8.1  fusiform
 7913   5155  12894  2.653 0.492     0.087     0.017       81     5.3  inferiorparietal
 6332   5378  14578  2.998 0.576     0.129     0.032      116     7.8  inferiortemporal
 1651   1320   2437  2.070 0.809     0.145     0.040       41     2.8  isthmuscingulate
 8987   6037  10852  1.975 0.593     0.107     0.023     6880     8.1  lateraloccipital
 4306   3311   9075  2.945 0.515     0.125     0.029       96     5.2  lateralorbitofrontal
 4498   3222   5295  1.835 0.513     0.111     0.028       88     5.1  lingual
 3230   3014   7663  2.821 0.742     0.151     0.038      277     4.4  medialorbitofrontal
 5220   4593  12756  3.132 0.589     0.117     0.021       70     4.7  middletemporal
 1163    939   2414  2.939 0.642     0.136     0.034       16     1.9  parahippocampal
 1825   1167   2601  2.360 0.614     0.087     0.012       12     0.9  paracentral
 2623   2198   5701  2.833 0.448     0.122     0.023       28     2.6  parsopercularis
 1077   1070   2659  2.987 0.530     0.144     0.021       12     1.2  parsorbitalis
 2288   1775   4550  2.761 0.505     0.110     0.022       22     1.9  parstriangularis
 2098   1169   1791  1.433 0.452     0.106     0.028       50     2.1  pericalcarine
 6683   4654   8618  2.003 0.635     0.086     0.013       40     3.7  postcentral
 2129   1655   3635  2.274 0.710     0.127     0.027       67     2.5  posteriorcingulate
 7919   5329  12871  2.521 0.682     0.088     0.015      189     5.0  precentral
 6224   4538  10937  2.505 0.499     0.121     0.028      114     7.6  precuneus
  985    976   2482  2.946 0.729     0.182     0.045       29     1.8  rostralanteriorcingulate
 9722   7599  19032  2.664 0.478     0.118     0.023      131     8.9  rostralmiddlefrontal
11751   9277  25306  2.910 0.588     0.115     0.020      126     9.7  superiorfrontal
10543   7061  15518  2.388 0.518     0.095     0.019       98     8.0  superiorparietal
 6113   4778  13450  3.020 0.641     0.113     0.024       91     6.3  superiortemporal
 8171   5795  14803  2.728 0.522     0.106     0.021     3720     6.0  supramarginal
  443    523   1174  2.845 0.486     0.175     0.026        4     0.6  frontalpole
  771   1348   3824  3.759 0.764     0.233     0.031        9     1.3  temporalpole
  737    575   1371  2.833 0.366     0.114     0.027        7     0.9  transversetemporal
 3816   2582   8297  3.172 0.777     0.158     0.043     3905     8.1  insula
#-----------------------------------------
#@# Parcellation Stats 2 lh Tue Mar 10 00:48:38 CET 2026
/out/sourcedata/freesurfer/sub-v1s2x0051475_ses-1/scripts

 mris_anatomical_stats -th3 -mgz -noglobal -cortex ../label/lh.cortex.label -f ../stats/lh.aparc.a2009s.stats -b -a ../label/lh.aparc.a2009s.annot -c ../label/aparc.annot.a2009s.ctab sub-v1s2x0051475_ses-1 lh white 

computing statistics for each annotation in ../label/lh.aparc.a2009s.annot.
reading volume /out/sourcedata/freesurfer/sub-v1s2x0051475_ses-1/mri/wm.mgz...
reading input surface /out/sourcedata/freesurfer/sub-v1s2x0051475_ses-1/surf/lh.white...
reading input pial surface /out/sourcedata/freesurfer/sub-v1s2x0051475_ses-1/surf/lh.pial...
reading input white surface /out/sourcedata/freesurfer/sub-v1s2x0051475_ses-1/surf/lh.white...
INFO: using TH3 volume calc
INFO: assuming MGZ format for volumes.
INFO: not computing global stats
INFO: using ../label/lh.cortex.label as mask to calc cortex NumVert, SurfArea and MeanThickness.
Using TH3 vertex volume calc
Total face volume 265944
Total vertex volume 265689 (mask=0)
Saving annotation colortable ../label/aparc.annot.a2009s.ctab

table columns are:
    number of vertices
    total surface area (mm^2)
    total gray matter volume (mm^3)
    average cortical thickness +- standard deviation (mm)
    integrated rectified mean curvature
    integrated rectified Gaussian curvature
    folding index
    intrinsic curvature index
    structure name

 1458    948   2525  2.399 0.508     0.112     0.021       15     1.3  G_and_S_frontomargin
 2117   1236   2858  2.117 0.618     0.113     0.025       21     2.2  G_and_S_occipital_inf
 1437    762   1894  2.166 0.615     0.103     0.026       12     1.5  G_and_S_paracentral
 1486    971   3224  2.829 0.427     0.101     0.018       12     1.1  G_and_S_subcentral
  789    538   2031  2.877 0.445     0.135     0.027       11     0.9  G_and_S_transv_frontopol
 2366   1688   5382  2.993 0.532     0.110     0.019       26     1.9  G_and_S_cingul-Ant
 1482    967   2783  2.804 0.487     0.093     0.012       10     0.8  G_and_S_cingul-Mid-Ant
 1428   1002   2541  2.507 0.473     0.114     0.022       13     1.4  G_and_S_cingul-Mid-Post
  578    390   1493  2.929 0.401     0.118     0.026        8     0.5  G_cingul-Post-dorsal
  269    167    446  2.261 0.815     0.105     0.023        3     0.2  G_cingul-Post-ventral
 2317   1334   2441  1.670 0.485     0.109     0.024       21     2.4  G_cuneus
 1454    985   3924  2.978 0.424     0.115     0.021       19     1.1  G_front_inf-Opercular
  522    325   1271  2.830 0.427     0.104     0.020        4     0.6  G_front_inf-Orbital
 1270    790   3350  3.073 0.442     0.103     0.018       13     1.0  G_front_inf-Triangul
 5602   3553  13601  2.882 0.486     0.120     0.022       68     5.4  G_front_middle
 7417   4759  18560  3.050 0.603     0.111     0.021       70     6.6  G_front_sup
  785    565   1848  3.029 0.781     0.130     0.033       12     1.1  G_Ins_lg_and_S_cent_ins
  858    562   3026  3.975 0.660     0.101     0.023        7     0.7  G_insular_short
 2926   1573   4660  2.365 0.636     0.101     0.020       27     2.6  G_occipital_middle
 1755    964   2216  2.035 0.620     0.101     0.023       15     1.6  G_occipital_sup
 2391   1565   5119  2.645 0.669     0.121     0.024       30     2.3  G_oc-temp_lat-fusifor
 2874   1781   3600  1.806 0.542     0.121     0.027       30     3.5  G_oc-temp_med-Lingual
 1372    894   3658  3.059 0.691     0.092     0.017       11     0.8  G_oc-temp_med-Parahip
 2607   1771   7027  3.055 0.541     0.110     0.023       32     2.2  G_orbital
 3342   1733   6624  2.926 0.552     0.090     0.020       34     2.5  G_pariet_inf-Angular
 3508   2168   7792  2.920 0.468     0.099     0.018       34     2.5  G_pariet_inf-Supramar
 4448   2292   7407  2.594 0.509     0.094     0.019       40     3.3  G_parietal_sup
 2638   1412   3104  1.854 0.571     0.089     0.015       18     1.8  G_postcentral
 3077   1602   5535  2.643 0.789     0.091     0.021       24     2.6  G_precentral
 3311   2123   7030  2.657 0.449     0.109     0.019       35     2.6  G_precuneus
 1076    804   3437  3.171 0.698     0.140     0.029       19     1.4  G_rectus
  616    431   1078  2.512 0.802     0.126     0.045        9     1.2  G_subcallosal
  536    298   1147  2.923 0.408     0.088     0.017        4     0.3  G_temp_sup-G_T_transv
 1940   1239   6219  3.463 0.668     0.105     0.017       21     1.4  G_temp_sup-Lateral
  894    600   2417  3.340 0.607     0.064     0.010        2     0.4  G_temp_sup-Plan_polar
 1323    898   2463  2.587 0.514     0.082     0.012        7     0.7  G_temp_sup-Plan_tempo
 3230   2116   9181  3.229 0.583     0.121     0.022       39     3.1  G_temporal_inf
 2943   1824   8600  3.349 0.506     0.100     0.019       26     2.4  G_temporal_middle
  402    268    495  2.304 0.428     0.086     0.012        2     0.2  Lat_Fis-ant-Horizont
  497    356    780  2.507 0.444     0.100     0.013        3     0.3  Lat_Fis-ant-Vertical
 1281    838   1824  2.721 0.528     0.089     0.014        5     0.8  Lat_Fis-post
 2276   1290   2303  1.702 0.564     0.114     0.028       23     2.9  Pole_occipital
 1773   1431   7226  3.430 0.746     0.137     0.025       25     2.1  Pole_temporal
 2861   1944   2839  1.726 0.624     0.108     0.019       21     2.4  S_calcarine
 3160   2183   3531  1.877 0.602     0.100     0.016       16     2.2  S_central
 1034    680   1335  2.142 0.485     0.080     0.011        4     0.5  S_cingul-Marginalis
  593    388    991  3.048 0.418     0.080     0.012        2     0.3  S_circular_insula_ant
 1612   1036   2487  2.962 0.495     0.074     0.010        6     0.6  S_circular_insula_inf
 1836   1203   2640  2.814 0.398     0.086     0.015        6     1.2  S_circular_insula_sup
 1202    827   2177  2.872 0.473     0.098     0.014        7     0.7  S_collat_transv_ant
  570    374    634  1.684 0.620     0.125     0.029        6     0.6  S_collat_transv_post
 2663   1815   4137  2.488 0.363     0.091     0.015       12     1.5  S_front_inf
 1883   1290   2704  2.555 0.340     0.102     0.016       11     1.4  S_front_middle
 4041   2730   6817  2.587 0.467     0.090     0.013       21     2.3  S_front_sup
  647    438    872  2.570 0.337     0.085     0.009        2     0.3  S_interm_prim-Jensen
 4489   2887   6022  2.324 0.353     0.084     0.012       21     2.4  S_intrapariet_and_P_trans
 1178    777   1137  1.776 0.327     0.116     0.021       10     1.0  S_oc_middle_and_Lunatus
 1433    948   1861  2.245 0.438     0.100     0.016        8     1.0  S_oc_sup_and_transversal
  841    550   1125  2.613 0.373     0.105     0.019        5     0.7  S_occipital_ant
 1131    762   1712  2.585 0.489     0.095     0.014        6     0.7  S_oc-temp_lat
 2548   1722   3765  2.352 0.675     0.105     0.020       16     2.2  S_oc-temp_med_and_Lingual
  399    287    607  2.630 0.351     0.117     0.017        2     0.3  S_orbital_lateral
  736    499   1074  2.577 0.689     0.105     0.015        5     0.5  S_orbital_med-olfact
 1580   1061   2779  2.869 0.422     0.107     0.018       12     1.1  S_orbital-H_Shaped
 2071   1399   2924  2.291 0.577     0.119     0.021       17     2.0  S_parieto_occipital
 1822   1128   1343  1.481 0.370     0.102     0.013       19     0.9  S_pericallosal
 3713   2417   5019  2.277 0.429     0.087     0.013       19     2.1  S_postcentral
 1646   1081   2503  2.719 0.368     0.087     0.013        7     0.9  S_precentral-inf-part
 1567   1027   2167  2.463 0.473     0.091     0.015        6     1.0  S_precentral-sup-part
  775    544   1231  2.526 0.651     0.109     0.012        4     0.5  S_suborbital
 1135    788   1572  2.305 0.378     0.116     0.025        8     1.2  S_subparietal
 2180   1421   3158  2.614 0.387     0.093     0.012       11     1.2  S_temporal_inf
 6432   4053   9777  2.690 0.420     0.078     0.012       24     3.3  S_temporal_sup
  414    292    611  2.741 0.572     0.098     0.009        2     0.2  S_temporal_transverse
#-----------------------------------------
#@# Parcellation Stats 3 lh Tue Mar 10 00:48:49 CET 2026
/out/sourcedata/freesurfer/sub-v1s2x0051475_ses-1/scripts

 mris_anatomical_stats -th3 -mgz -noglobal -cortex ../label/lh.cortex.label -f ../stats/lh.aparc.DKTatlas.stats -b -a ../label/lh.aparc.DKTatlas.annot -c ../label/aparc.annot.DKTatlas.ctab sub-v1s2x0051475_ses-1 lh white 

computing statistics for each annotation in ../label/lh.aparc.DKTatlas.annot.
reading volume /out/sourcedata/freesurfer/sub-v1s2x0051475_ses-1/mri/wm.mgz...
reading input surface /out/sourcedata/freesurfer/sub-v1s2x0051475_ses-1/surf/lh.white...
reading input pial surface /out/sourcedata/freesurfer/sub-v1s2x0051475_ses-1/surf/lh.pial...
reading input white surface /out/sourcedata/freesurfer/sub-v1s2x0051475_ses-1/surf/lh.white...
INFO: using TH3 volume calc
INFO: assuming MGZ format for volumes.
INFO: not computing global stats
INFO: using ../label/lh.cortex.label as mask to calc cortex NumVert, SurfArea and MeanThickness.
Using TH3 vertex volume calc
Total face volume 265944
Total vertex volume 265689 (mask=0)
Saving annotation colortable ../label/aparc.annot.DKTatlas.ctab

table columns are:
    number of vertices
    total surface area (mm^2)
    total gray matter volume (mm^3)
    average cortical thickness +- standard deviation (mm)
    integrated rectified mean curvature
    integrated rectified Gaussian curvature
    folding index
    intrinsic curvature index
    structure name

 1933   1257   3667  2.640 0.703     0.110     0.015       19     1.3  caudalanteriorcingulate
 4655   2974   8774  2.690 0.479     0.102     0.018       35     3.5  caudalmiddlefrontal
 3244   1956   3504  1.774 0.481     0.107     0.021       27     3.0  cuneus
  608    400   1601  2.920 0.741     0.090     0.019        4     0.4  entorhinal
 5220   3533  10308  2.595 0.695     0.115     0.021       53     4.7  fusiform
 8158   4715  13346  2.673 0.522     0.085     0.015       53     5.0  inferiorparietal
 6185   4210  15315  3.051 0.608     0.112     0.019       58     5.2  inferiortemporal
 1644   1095   2456  2.100 0.801     0.102     0.021       17     1.2  isthmuscingulate
 8947   5241  10819  1.974 0.585     0.111     0.024       82     9.3  lateraloccipital
 4800   3232  10332  2.892 0.581     0.110     0.021       48     4.3  lateralorbitofrontal
 4600   2917   5382  1.815 0.513     0.113     0.024       40     5.0  lingual
 2497   1808   5921  2.815 0.766     0.127     0.027       33     3.0  medialorbitofrontal
 7135   4562  16113  3.028 0.566     0.093     0.015       49     4.7  middletemporal
 1215    761   2495  2.929 0.634     0.079     0.012        5     0.5  parahippocampal
 2180   1230   3249  2.433 0.622     0.086     0.018       14     1.5  paracentral
 2388   1624   5133  2.812 0.422     0.106     0.019       22     1.7  parsopercularis
 1162    740   2337  2.773 0.425     0.093     0.018        7     0.8  parsorbitalis
 2731   1786   5346  2.763 0.517     0.098     0.016       20     1.9  parstriangularis
 2072   1412   1756  1.436 0.454     0.133     0.026       22     2.4  pericalcarine
 7370   4450   9622  2.047 0.654     0.089     0.015       45     4.7  postcentral
 2276   1560   3789  2.266 0.693     0.114     0.020       24     1.9  posteriorcingulate
 7899   4822  12794  2.525 0.673     0.097     0.018       50     6.3  precentral
 6056   4027  10843  2.522 0.497     0.111     0.020       52     5.1  precuneus
 1485   1050   3296  2.946 0.654     0.118     0.020       19     1.2  rostralanteriorcingulate
 7147   4814  14743  2.736 0.497     0.113     0.019       70     6.1  rostralmiddlefrontal
12919   8542  28065  2.856 0.591     0.104     0.018      103     9.8  superiorfrontal
 8971   5094  13641  2.454 0.470     0.091     0.017       66     6.2  superiorparietal
 7859   5237  18648  3.049 0.685     0.092     0.015       55     4.9  superiortemporal
 7477   4683  13511  2.704 0.503     0.093     0.016       57     4.9  supramarginal
  728    423   1360  2.832 0.364     0.092     0.015        5     0.4  transversetemporal
 3302   2210   7526  3.265 0.748     0.096     0.019       24     2.5  insula
/out/sourcedata/freesurfer/sub-v1s2x0051475_ses-1/label
#--------------------------------------------
#@# BA_exvivo Labels lh Tue Mar 10 00:49:00 CET 2026

 mri_label2label --srcsubject fsaverage --srclabel /out/sourcedata/freesurfer/fsaverage/label/lh.BA1_exvivo.label --trgsubject sub-v1s2x0051475_ses-1 --trglabel ./lh.BA1_exvivo.label --hemi lh --regmethod surface 


srclabel = /out/sourcedata/freesurfer/fsaverage/label/lh.BA1_exvivo.label
srcsubject = fsaverage
trgsubject = sub-v1s2x0051475_ses-1
trglabel = ./lh.BA1_exvivo.label
regmethod = surface

srchemi = lh
trghemi = lh
trgsurface = white
srcsurfreg = sphere.reg
trgsurfreg = sphere.reg
usehash = 1
Use ProjAbs  = 0, 0
Use ProjFrac = 0, 0
DoPaint 0

SUBJECTS_DIR    /out/sourcedata/freesurfer
FREESURFER_HOME /opt/freesurfer
Loading source label.
Found 4129 points in source label.
Starting surface-based mapping
Reading source registration 
 /out/sourcedata/freesurfer/fsaverage/surf/lh.sphere.reg
Rescaling ...  original radius = 100
Reading target surface 
 /out/sourcedata/freesurfer/sub-v1s2x0051475_ses-1/surf/lh.white
Reading target registration 
 /out/sourcedata/freesurfer/sub-v1s2x0051475_ses-1/surf/lh.sphere.reg
Rescaling ...  original radius = 100
Building target registration hash (res=16).
Building source registration hash (res=16).
INFO: found  4129 nlabel points
Performing mapping from target back to the source label 154083
Number of reverse mapping hits = 254
Checking for and removing duplicates
Writing label file ./lh.BA1_exvivo.label 4383
mri_label2label: Done


 mri_label2label --srcsubject fsaverage --srclabel /out/sourcedata/freesurfer/fsaverage/label/lh.BA2_exvivo.label --trgsubject sub-v1s2x0051475_ses-1 --trglabel ./lh.BA2_exvivo.label --hemi lh --regmethod surface 


srclabel = /out/sourcedata/freesurfer/fsaverage/label/lh.BA2_exvivo.label
srcsubject = fsaverage
trgsubject = sub-v1s2x0051475_ses-1
trglabel = ./lh.BA2_exvivo.label
regmethod = surface

srchemi = lh
trghemi = lh
trgsurface = white
srcsurfreg = sphere.reg
trgsurfreg = sphere.reg
usehash = 1
Use ProjAbs  = 0, 0
Use ProjFrac = 0, 0
DoPaint 0

SUBJECTS_DIR    /out/sourcedata/freesurfer
FREESURFER_HOME /opt/freesurfer
Loading source label.
Found 7909 points in source label.
Starting surface-based mapping
Reading source registration 
 /out/sourcedata/freesurfer/fsaverage/surf/lh.sphere.reg
Rescaling ...  original radius = 100
Reading target surface 
 /out/sourcedata/freesurfer/sub-v1s2x0051475_ses-1/surf/lh.white
Reading target registration 
 /out/sourcedata/freesurfer/sub-v1s2x0051475_ses-1/surf/lh.sphere.reg
Rescaling ...  original radius = 100
Building target registration hash (res=16).
Building source registration hash (res=16).
INFO: found  7909 nlabel points
Performing mapping from target back to the source label 154083
Number of reverse mapping hits = 490
Checking for and removing duplicates
Writing label file ./lh.BA2_exvivo.label 8399
mri_label2label: Done


 mri_label2label --srcsubject fsaverage --srclabel /out/sourcedata/freesurfer/fsaverage/label/lh.BA3a_exvivo.label --trgsubject sub-v1s2x0051475_ses-1 --trglabel ./lh.BA3a_exvivo.label --hemi lh --regmethod surface 


srclabel = /out/sourcedata/freesurfer/fsaverage/label/lh.BA3a_exvivo.label
srcsubject = fsaverage
trgsubject = sub-v1s2x0051475_ses-1
trglabel = ./lh.BA3a_exvivo.label
regmethod = surface

srchemi = lh
trghemi = lh
trgsurface = white
srcsurfreg = sphere.reg
trgsurfreg = sphere.reg
usehash = 1
Use ProjAbs  = 0, 0
Use ProjFrac = 0, 0
DoPaint 0

SUBJECTS_DIR    /out/sourcedata/freesurfer
FREESURFER_HOME /opt/freesurfer
Loading source label.
Found 4077 points in source label.
Starting surface-based mapping
Reading source registration 
 /out/sourcedata/freesurfer/fsaverage/surf/lh.sphere.reg
Rescaling ...  original radius = 100
Reading target surface 
 /out/sourcedata/freesurfer/sub-v1s2x0051475_ses-1/surf/lh.white
Reading target registration 
 /out/sourcedata/freesurfer/sub-v1s2x0051475_ses-1/surf/lh.sphere.reg
Rescaling ...  original radius = 100
Building target registration hash (res=16).
Building source registration hash (res=16).
INFO: found  4077 nlabel points
Performing mapping from target back to the source label 154083
Number of reverse mapping hits = 55
Checking for and removing duplicates
Writing label file ./lh.BA3a_exvivo.label 4132
mri_label2label: Done


 mri_label2label --srcsubject fsaverage --srclabel /out/sourcedata/freesurfer/fsaverage/label/lh.BA3b_exvivo.label --trgsubject sub-v1s2x0051475_ses-1 --trglabel ./lh.BA3b_exvivo.label --hemi lh --regmethod surface 


srclabel = /out/sourcedata/freesurfer/fsaverage/label/lh.BA3b_exvivo.label
srcsubject = fsaverage
trgsubject = sub-v1s2x0051475_ses-1
trglabel = ./lh.BA3b_exvivo.label
regmethod = surface

srchemi = lh
trghemi = lh
trgsurface = white
srcsurfreg = sphere.reg
trgsurfreg = sphere.reg
usehash = 1
Use ProjAbs  = 0, 0
Use ProjFrac = 0, 0
DoPaint 0

SUBJECTS_DIR    /out/sourcedata/freesurfer
FREESURFER_HOME /opt/freesurfer
Loading source label.
Found 5983 points in source label.
Starting surface-based mapping
Reading source registration 
 /out/sourcedata/freesurfer/fsaverage/surf/lh.sphere.reg
Rescaling ...  original radius = 100
Reading target surface 
 /out/sourcedata/freesurfer/sub-v1s2x0051475_ses-1/surf/lh.white
Reading target registration 
 /out/sourcedata/freesurfer/sub-v1s2x0051475_ses-1/surf/lh.sphere.reg
Rescaling ...  original radius = 100
Building target registration hash (res=16).
Building source registration hash (res=16).
INFO: found  5983 nlabel points
Performing mapping from target back to the source label 154083
Number of reverse mapping hits = 193
Checking for and removing duplicates
Writing label file ./lh.BA3b_exvivo.label 6176
mri_label2label: Done


 mri_label2label --srcsubject fsaverage --srclabel /out/sourcedata/freesurfer/fsaverage/label/lh.BA4a_exvivo.label --trgsubject sub-v1s2x0051475_ses-1 --trglabel ./lh.BA4a_exvivo.label --hemi lh --regmethod surface 


srclabel = /out/sourcedata/freesurfer/fsaverage/label/lh.BA4a_exvivo.label
srcsubject = fsaverage
trgsubject = sub-v1s2x0051475_ses-1
trglabel = ./lh.BA4a_exvivo.label
regmethod = surface

srchemi = lh
trghemi = lh
trgsurface = white
srcsurfreg = sphere.reg
trgsurfreg = sphere.reg
usehash = 1
Use ProjAbs  = 0, 0
Use ProjFrac = 0, 0
DoPaint 0

SUBJECTS_DIR    /out/sourcedata/freesurfer
FREESURFER_HOME /opt/freesurfer
Loading source label.
Found 5784 points in source label.
Starting surface-based mapping
Reading source registration 
 /out/sourcedata/freesurfer/fsaverage/surf/lh.sphere.reg
Rescaling ...  original radius = 100
Reading target surface 
 /out/sourcedata/freesurfer/sub-v1s2x0051475_ses-1/surf/lh.white
Reading target registration 
 /out/sourcedata/freesurfer/sub-v1s2x0051475_ses-1/surf/lh.sphere.reg
Rescaling ...  original radius = 100
Building target registration hash (res=16).
Building source registration hash (res=16).
INFO: found  5784 nlabel points
Performing mapping from target back to the source label 154083
Number of reverse mapping hits = 247
Checking for and removing duplicates
Writing label file ./lh.BA4a_exvivo.label 6031
mri_label2label: Done


 mri_label2label --srcsubject fsaverage --srclabel /out/sourcedata/freesurfer/fsaverage/label/lh.BA4p_exvivo.label --trgsubject sub-v1s2x0051475_ses-1 --trglabel ./lh.BA4p_exvivo.label --hemi lh --regmethod surface 


srclabel = /out/sourcedata/freesurfer/fsaverage/label/lh.BA4p_exvivo.label
srcsubject = fsaverage
trgsubject = sub-v1s2x0051475_ses-1
trglabel = ./lh.BA4p_exvivo.label
regmethod = surface

srchemi = lh
trghemi = lh
trgsurface = white
srcsurfreg = sphere.reg
trgsurfreg = sphere.reg
usehash = 1
Use ProjAbs  = 0, 0
Use ProjFrac = 0, 0
DoPaint 0

SUBJECTS_DIR    /out/sourcedata/freesurfer
FREESURFER_HOME /opt/freesurfer
Loading source label.
Found 4070 points in source label.
Starting surface-based mapping
Reading source registration 
 /out/sourcedata/freesurfer/fsaverage/surf/lh.sphere.reg
Rescaling ...  original radius = 100
Reading target surface 
 /out/sourcedata/freesurfer/sub-v1s2x0051475_ses-1/surf/lh.white
Reading target registration 
 /out/sourcedata/freesurfer/sub-v1s2x0051475_ses-1/surf/lh.sphere.reg
Rescaling ...  original radius = 100
Building target registration hash (res=16).
Building source registration hash (res=16).
INFO: found  4070 nlabel points
Performing mapping from target back to the source label 154083
Number of reverse mapping hits = 97
Checking for and removing duplicates
Writing label file ./lh.BA4p_exvivo.label 4167
mri_label2label: Done


 mri_label2label --srcsubject fsaverage --srclabel /out/sourcedata/freesurfer/fsaverage/label/lh.BA6_exvivo.label --trgsubject sub-v1s2x0051475_ses-1 --trglabel ./lh.BA6_exvivo.label --hemi lh --regmethod surface 


srclabel = /out/sourcedata/freesurfer/fsaverage/label/lh.BA6_exvivo.label
srcsubject = fsaverage
trgsubject = sub-v1s2x0051475_ses-1
trglabel = ./lh.BA6_exvivo.label
regmethod = surface

srchemi = lh
trghemi = lh
trgsurface = white
srcsurfreg = sphere.reg
trgsurfreg = sphere.reg
usehash = 1
Use ProjAbs  = 0, 0
Use ProjFrac = 0, 0
DoPaint 0

SUBJECTS_DIR    /out/sourcedata/freesurfer
FREESURFER_HOME /opt/freesurfer
Loading source label.
Found 13589 points in source label.
Starting surface-based mapping
Reading source registration 
 /out/sourcedata/freesurfer/fsaverage/surf/lh.sphere.reg
Rescaling ...  original radius = 100
Reading target surface 
 /out/sourcedata/freesurfer/sub-v1s2x0051475_ses-1/surf/lh.white
Reading target registration 
 /out/sourcedata/freesurfer/sub-v1s2x0051475_ses-1/surf/lh.sphere.reg
Rescaling ...  original radius = 100
Building target registration hash (res=16).
Building source registration hash (res=16).
INFO: found  13589 nlabel points
Performing mapping from target back to the source label 154083
Number of reverse mapping hits = 1143
Checking for and removing duplicates
Writing label file ./lh.BA6_exvivo.label 14732
mri_label2label: Done


 mri_label2label --srcsubject fsaverage --srclabel /out/sourcedata/freesurfer/fsaverage/label/lh.BA44_exvivo.label --trgsubject sub-v1s2x0051475_ses-1 --trglabel ./lh.BA44_exvivo.label --hemi lh --regmethod surface 


srclabel = /out/sourcedata/freesurfer/fsaverage/label/lh.BA44_exvivo.label
srcsubject = fsaverage
trgsubject = sub-v1s2x0051475_ses-1
trglabel = ./lh.BA44_exvivo.label
regmethod = surface

srchemi = lh
trghemi = lh
trgsurface = white
srcsurfreg = sphere.reg
trgsurfreg = sphere.reg
usehash = 1
Use ProjAbs  = 0, 0
Use ProjFrac = 0, 0
DoPaint 0

SUBJECTS_DIR    /out/sourcedata/freesurfer
FREESURFER_HOME /opt/freesurfer
Loading source label.
Found 4181 points in source label.
Starting surface-based mapping
Reading source registration 
 /out/sourcedata/freesurfer/fsaverage/surf/lh.sphere.reg
Rescaling ...  original radius = 100
Reading target surface 
 /out/sourcedata/freesurfer/sub-v1s2x0051475_ses-1/surf/lh.white
Reading target registration 
 /out/sourcedata/freesurfer/sub-v1s2x0051475_ses-1/surf/lh.sphere.reg
Rescaling ...  original radius = 100
Building target registration hash (res=16).
Building source registration hash (res=16).
INFO: found  4181 nlabel points
Performing mapping from target back to the source label 154083
Number of reverse mapping hits = 238
Checking for and removing duplicates
Writing label file ./lh.BA44_exvivo.label 4419
mri_label2label: Done


 mri_label2label --srcsubject fsaverage --srclabel /out/sourcedata/freesurfer/fsaverage/label/lh.BA45_exvivo.label --trgsubject sub-v1s2x0051475_ses-1 --trglabel ./lh.BA45_exvivo.label --hemi lh --regmethod surface 


srclabel = /out/sourcedata/freesurfer/fsaverage/label/lh.BA45_exvivo.label
srcsubject = fsaverage
trgsubject = sub-v1s2x0051475_ses-1
trglabel = ./lh.BA45_exvivo.label
regmethod = surface

srchemi = lh
trghemi = lh
trgsurface = white
srcsurfreg = sphere.reg
trgsurfreg = sphere.reg
usehash = 1
Use ProjAbs  = 0, 0
Use ProjFrac = 0, 0
DoPaint 0

SUBJECTS_DIR    /out/sourcedata/freesurfer
FREESURFER_HOME /opt/freesurfer
Loading source label.
Found 3422 points in source label.
Starting surface-based mapping
Reading source registration 
 /out/sourcedata/freesurfer/fsaverage/surf/lh.sphere.reg
Rescaling ...  original radius = 100
Reading target surface 
 /out/sourcedata/freesurfer/sub-v1s2x0051475_ses-1/surf/lh.white
Reading target registration 
 /out/sourcedata/freesurfer/sub-v1s2x0051475_ses-1/surf/lh.sphere.reg
Rescaling ...  original radius = 100
Building target registration hash (res=16).
Building source registration hash (res=16).
INFO: found  3422 nlabel points
Performing mapping from target back to the source label 154083
Number of reverse mapping hits = 806
Checking for and removing duplicates
Writing label file ./lh.BA45_exvivo.label 4228
mri_label2label: Done


 mri_label2label --srcsubject fsaverage --srclabel /out/sourcedata/freesurfer/fsaverage/label/lh.V1_exvivo.label --trgsubject sub-v1s2x0051475_ses-1 --trglabel ./lh.V1_exvivo.label --hemi lh --regmethod surface 


srclabel = /out/sourcedata/freesurfer/fsaverage/label/lh.V1_exvivo.label
srcsubject = fsaverage
trgsubject = sub-v1s2x0051475_ses-1
trglabel = ./lh.V1_exvivo.label
regmethod = surface

srchemi = lh
trghemi = lh
trgsurface = white
srcsurfreg = sphere.reg
trgsurfreg = sphere.reg
usehash = 1
Use ProjAbs  = 0, 0
Use ProjFrac = 0, 0
DoPaint 0

SUBJECTS_DIR    /out/sourcedata/freesurfer
FREESURFER_HOME /opt/freesurfer
Loading source label.
Found 4641 points in source label.
Starting surface-based mapping
Reading source registration 
 /out/sourcedata/freesurfer/fsaverage/surf/lh.sphere.reg
Rescaling ...  original radius = 100
Reading target surface 
 /out/sourcedata/freesurfer/sub-v1s2x0051475_ses-1/surf/lh.white
Reading target registration 
 /out/sourcedata/freesurfer/sub-v1s2x0051475_ses-1/surf/lh.sphere.reg
Rescaling ...  original radius = 100
Building target registration hash (res=16).
Building source registration hash (res=16).
INFO: found  4641 nlabel points
Performing mapping from target back to the source label 154083
Number of reverse mapping hits = 1244
Checking for and removing duplicates
Writing label file ./lh.V1_exvivo.label 5885
mri_label2label: Done


 mri_label2label --srcsubject fsaverage --srclabel /out/sourcedata/freesurfer/fsaverage/label/lh.V2_exvivo.label --trgsubject sub-v1s2x0051475_ses-1 --trglabel ./lh.V2_exvivo.label --hemi lh --regmethod surface 


srclabel = /out/sourcedata/freesurfer/fsaverage/label/lh.V2_exvivo.label
srcsubject = fsaverage
trgsubject = sub-v1s2x0051475_ses-1
trglabel = ./lh.V2_exvivo.label
regmethod = surface

srchemi = lh
trghemi = lh
trgsurface = white
srcsurfreg = sphere.reg
trgsurfreg = sphere.reg
usehash = 1
Use ProjAbs  = 0, 0
Use ProjFrac = 0, 0
DoPaint 0

SUBJECTS_DIR    /out/sourcedata/freesurfer
FREESURFER_HOME /opt/freesurfer
Loading source label.
Found 8114 points in source label.
Starting surface-based mapping
Reading source registration 
 /out/sourcedata/freesurfer/fsaverage/surf/lh.sphere.reg
Rescaling ...  original radius = 100
Reading target surface 
 /out/sourcedata/freesurfer/sub-v1s2x0051475_ses-1/surf/lh.white
Reading target registration 
 /out/sourcedata/freesurfer/sub-v1s2x0051475_ses-1/surf/lh.sphere.reg
Rescaling ...  original radius = 100
Building target registration hash (res=16).
Building source registration hash (res=16).
INFO: found  8114 nlabel points
Performing mapping from target back to the source label 154083
Number of reverse mapping hits = 2589
Checking for and removing duplicates
Writing label file ./lh.V2_exvivo.label 10703
mri_label2label: Done


 mri_label2label --srcsubject fsaverage --srclabel /out/sourcedata/freesurfer/fsaverage/label/lh.MT_exvivo.label --trgsubject sub-v1s2x0051475_ses-1 --trglabel ./lh.MT_exvivo.label --hemi lh --regmethod surface 


srclabel = /out/sourcedata/freesurfer/fsaverage/label/lh.MT_exvivo.label
srcsubject = fsaverage
trgsubject = sub-v1s2x0051475_ses-1
trglabel = ./lh.MT_exvivo.label
regmethod = surface

srchemi = lh
trghemi = lh
trgsurface = white
srcsurfreg = sphere.reg
trgsurfreg = sphere.reg
usehash = 1
Use ProjAbs  = 0, 0
Use ProjFrac = 0, 0
DoPaint 0

SUBJECTS_DIR    /out/sourcedata/freesurfer
FREESURFER_HOME /opt/freesurfer
Loading source label.
Found 2018 points in source label.
Starting surface-based mapping
Reading source registration 
 /out/sourcedata/freesurfer/fsaverage/surf/lh.sphere.reg
Rescaling ...  original radius = 100
Reading target surface 
 /out/sourcedata/freesurfer/sub-v1s2x0051475_ses-1/surf/lh.white
Reading target registration 
 /out/sourcedata/freesurfer/sub-v1s2x0051475_ses-1/surf/lh.sphere.reg
Rescaling ...  original radius = 100
Building target registration hash (res=16).
Building source registration hash (res=16).
INFO: found  2018 nlabel points
Performing mapping from target back to the source label 154083
Number of reverse mapping hits = 850
Checking for and removing duplicates
Writing label file ./lh.MT_exvivo.label 2868
mri_label2label: Done


 mri_label2label --srcsubject fsaverage --srclabel /out/sourcedata/freesurfer/fsaverage/label/lh.entorhinal_exvivo.label --trgsubject sub-v1s2x0051475_ses-1 --trglabel ./lh.entorhinal_exvivo.label --hemi lh --regmethod surface 


srclabel = /out/sourcedata/freesurfer/fsaverage/label/lh.entorhinal_exvivo.label
srcsubject = fsaverage
trgsubject = sub-v1s2x0051475_ses-1
trglabel = ./lh.entorhinal_exvivo.label
regmethod = surface

srchemi = lh
trghemi = lh
trgsurface = white
srcsurfreg = sphere.reg
trgsurfreg = sphere.reg
usehash = 1
Use ProjAbs  = 0, 0
Use ProjFrac = 0, 0
DoPaint 0

SUBJECTS_DIR    /out/sourcedata/freesurfer
FREESURFER_HOME /opt/freesurfer
Loading source label.
Found 1290 points in source label.
Starting surface-based mapping
Reading source registration 
 /out/sourcedata/freesurfer/fsaverage/surf/lh.sphere.reg
Rescaling ...  original radius = 100
Reading target surface 
 /out/sourcedata/freesurfer/sub-v1s2x0051475_ses-1/surf/lh.white
Reading target registration 
 /out/sourcedata/freesurfer/sub-v1s2x0051475_ses-1/surf/lh.sphere.reg
Rescaling ...  original radius = 100
Building target registration hash (res=16).
Building source registration hash (res=16).
INFO: found  1290 nlabel points
Performing mapping from target back to the source label 154083
Number of reverse mapping hits = 149
Checking for and removing duplicates
Writing label file ./lh.entorhinal_exvivo.label 1439
mri_label2label: Done


 mri_label2label --srcsubject fsaverage --srclabel /out/sourcedata/freesurfer/fsaverage/label/lh.perirhinal_exvivo.label --trgsubject sub-v1s2x0051475_ses-1 --trglabel ./lh.perirhinal_exvivo.label --hemi lh --regmethod surface 


srclabel = /out/sourcedata/freesurfer/fsaverage/label/lh.perirhinal_exvivo.label
srcsubject = fsaverage
trgsubject = sub-v1s2x0051475_ses-1
trglabel = ./lh.perirhinal_exvivo.label
regmethod = surface

srchemi = lh
trghemi = lh
trgsurface = white
srcsurfreg = sphere.reg
trgsurfreg = sphere.reg
usehash = 1
Use ProjAbs  = 0, 0
Use ProjFrac = 0, 0
DoPaint 0

SUBJECTS_DIR    /out/sourcedata/freesurfer
FREESURFER_HOME /opt/freesurfer
Loading source label.
Found 1199 points in source label.
Starting surface-based mapping
Reading source registration 
 /out/sourcedata/freesurfer/fsaverage/surf/lh.sphere.reg
Rescaling ...  original radius = 100
Reading target surface 
 /out/sourcedata/freesurfer/sub-v1s2x0051475_ses-1/surf/lh.white
Reading target registration 
 /out/sourcedata/freesurfer/sub-v1s2x0051475_ses-1/surf/lh.sphere.reg
Rescaling ...  original radius = 100
Building target registration hash (res=16).
Building source registration hash (res=16).
INFO: found  1199 nlabel points
Performing mapping from target back to the source label 154083
Number of reverse mapping hits = 104
Checking for and removing duplicates
Writing label file ./lh.perirhinal_exvivo.label 1303
mri_label2label: Done


 mri_label2label --srcsubject fsaverage --srclabel /out/sourcedata/freesurfer/fsaverage/label/lh.FG1.mpm.vpnl.label --trgsubject sub-v1s2x0051475_ses-1 --trglabel ./lh.FG1.mpm.vpnl.label --hemi lh --regmethod surface 


srclabel = /out/sourcedata/freesurfer/fsaverage/label/lh.FG1.mpm.vpnl.label
srcsubject = fsaverage
trgsubject = sub-v1s2x0051475_ses-1
trglabel = ./lh.FG1.mpm.vpnl.label
regmethod = surface

srchemi = lh
trghemi = lh
trgsurface = white
srcsurfreg = sphere.reg
trgsurfreg = sphere.reg
usehash = 1
Use ProjAbs  = 0, 0
Use ProjFrac = 0, 0
DoPaint 0

SUBJECTS_DIR    /out/sourcedata/freesurfer
FREESURFER_HOME /opt/freesurfer
Loading source label.
Found 414 points in source label.
Starting surface-based mapping
Reading source registration 
 /out/sourcedata/freesurfer/fsaverage/surf/lh.sphere.reg
Rescaling ...  original radius = 100
Reading target surface 
 /out/sourcedata/freesurfer/sub-v1s2x0051475_ses-1/surf/lh.white
Reading target registration 
 /out/sourcedata/freesurfer/sub-v1s2x0051475_ses-1/surf/lh.sphere.reg
Rescaling ...  original radius = 100
Building target registration hash (res=16).
Building source registration hash (res=16).
INFO: found  414 nlabel points
Performing mapping from target back to the source label 154083
Number of reverse mapping hits = 142
Checking for and removing duplicates
Writing label file ./lh.FG1.mpm.vpnl.label 556
mri_label2label: Done


 mri_label2label --srcsubject fsaverage --srclabel /out/sourcedata/freesurfer/fsaverage/label/lh.FG2.mpm.vpnl.label --trgsubject sub-v1s2x0051475_ses-1 --trglabel ./lh.FG2.mpm.vpnl.label --hemi lh --regmethod surface 


srclabel = /out/sourcedata/freesurfer/fsaverage/label/lh.FG2.mpm.vpnl.label
srcsubject = fsaverage
trgsubject = sub-v1s2x0051475_ses-1
trglabel = ./lh.FG2.mpm.vpnl.label
regmethod = surface

srchemi = lh
trghemi = lh
trgsurface = white
srcsurfreg = sphere.reg
trgsurfreg = sphere.reg
usehash = 1
Use ProjAbs  = 0, 0
Use ProjFrac = 0, 0
DoPaint 0

SUBJECTS_DIR    /out/sourcedata/freesurfer
FREESURFER_HOME /opt/freesurfer
Loading source label.
Found 703 points in source label.
Starting surface-based mapping
Reading source registration 
 /out/sourcedata/freesurfer/fsaverage/surf/lh.sphere.reg
Rescaling ...  original radius = 100
Reading target surface 
 /out/sourcedata/freesurfer/sub-v1s2x0051475_ses-1/surf/lh.white
Reading target registration 
 /out/sourcedata/freesurfer/sub-v1s2x0051475_ses-1/surf/lh.sphere.reg
Rescaling ...  original radius = 100
Building target registration hash (res=16).
Building source registration hash (res=16).
INFO: found  703 nlabel points
Performing mapping from target back to the source label 154083
Number of reverse mapping hits = 314
Checking for and removing duplicates
Writing label file ./lh.FG2.mpm.vpnl.label 1017
mri_label2label: Done


 mri_label2label --srcsubject fsaverage --srclabel /out/sourcedata/freesurfer/fsaverage/label/lh.FG3.mpm.vpnl.label --trgsubject sub-v1s2x0051475_ses-1 --trglabel ./lh.FG3.mpm.vpnl.label --hemi lh --regmethod surface 


srclabel = /out/sourcedata/freesurfer/fsaverage/label/lh.FG3.mpm.vpnl.label
srcsubject = fsaverage
trgsubject = sub-v1s2x0051475_ses-1
trglabel = ./lh.FG3.mpm.vpnl.label
regmethod = surface

srchemi = lh
trghemi = lh
trgsurface = white
srcsurfreg = sphere.reg
trgsurfreg = sphere.reg
usehash = 1
Use ProjAbs  = 0, 0
Use ProjFrac = 0, 0
DoPaint 0

SUBJECTS_DIR    /out/sourcedata/freesurfer
FREESURFER_HOME /opt/freesurfer
Loading source label.
Found 1873 points in source label.
Starting surface-based mapping
Reading source registration 
 /out/sourcedata/freesurfer/fsaverage/surf/lh.sphere.reg
Rescaling ...  original radius = 100
Reading target surface 
 /out/sourcedata/freesurfer/sub-v1s2x0051475_ses-1/surf/lh.white
Reading target registration 
 /out/sourcedata/freesurfer/sub-v1s2x0051475_ses-1/surf/lh.sphere.reg
Rescaling ...  original radius = 100
Building target registration hash (res=16).
Building source registration hash (res=16).
INFO: found  1873 nlabel points
Performing mapping from target back to the source label 154083
Number of reverse mapping hits = 329
Checking for and removing duplicates
Writing label file ./lh.FG3.mpm.vpnl.label 2202
mri_label2label: Done


 mri_label2label --srcsubject fsaverage --srclabel /out/sourcedata/freesurfer/fsaverage/label/lh.FG4.mpm.vpnl.label --trgsubject sub-v1s2x0051475_ses-1 --trglabel ./lh.FG4.mpm.vpnl.label --hemi lh --regmethod surface 


srclabel = /out/sourcedata/freesurfer/fsaverage/label/lh.FG4.mpm.vpnl.label
srcsubject = fsaverage
trgsubject = sub-v1s2x0051475_ses-1
trglabel = ./lh.FG4.mpm.vpnl.label
regmethod = surface

srchemi = lh
trghemi = lh
trgsurface = white
srcsurfreg = sphere.reg
trgsurfreg = sphere.reg
usehash = 1
Use ProjAbs  = 0, 0
Use ProjFrac = 0, 0
DoPaint 0

SUBJECTS_DIR    /out/sourcedata/freesurfer
FREESURFER_HOME /opt/freesurfer
Loading source label.
Found 2101 points in source label.
Starting surface-based mapping
Reading source registration 
 /out/sourcedata/freesurfer/fsaverage/surf/lh.sphere.reg
Rescaling ...  original radius = 100
Reading target surface 
 /out/sourcedata/freesurfer/sub-v1s2x0051475_ses-1/surf/lh.white
Reading target registration 
 /out/sourcedata/freesurfer/sub-v1s2x0051475_ses-1/surf/lh.sphere.reg
Rescaling ...  original radius = 100
Building target registration hash (res=16).
Building source registration hash (res=16).
INFO: found  2101 nlabel points
Performing mapping from target back to the source label 154083
Number of reverse mapping hits = 877
Checking for and removing duplicates
Writing label file ./lh.FG4.mpm.vpnl.label 2978
mri_label2label: Done


 mri_label2label --srcsubject fsaverage --srclabel /out/sourcedata/freesurfer/fsaverage/label/lh.hOc1.mpm.vpnl.label --trgsubject sub-v1s2x0051475_ses-1 --trglabel ./lh.hOc1.mpm.vpnl.label --hemi lh --regmethod surface 


srclabel = /out/sourcedata/freesurfer/fsaverage/label/lh.hOc1.mpm.vpnl.label
srcsubject = fsaverage
trgsubject = sub-v1s2x0051475_ses-1
trglabel = ./lh.hOc1.mpm.vpnl.label
regmethod = surface

srchemi = lh
trghemi = lh
trgsurface = white
srcsurfreg = sphere.reg
trgsurfreg = sphere.reg
usehash = 1
Use ProjAbs  = 0, 0
Use ProjFrac = 0, 0
DoPaint 0

SUBJECTS_DIR    /out/sourcedata/freesurfer
FREESURFER_HOME /opt/freesurfer
Loading source label.
Found 3877 points in source label.
Starting surface-based mapping
Reading source registration 
 /out/sourcedata/freesurfer/fsaverage/surf/lh.sphere.reg
Rescaling ...  original radius = 100
Reading target surface 
 /out/sourcedata/freesurfer/sub-v1s2x0051475_ses-1/surf/lh.white
Reading target registration 
 /out/sourcedata/freesurfer/sub-v1s2x0051475_ses-1/surf/lh.sphere.reg
Rescaling ...  original radius = 100
Building target registration hash (res=16).
Building source registration hash (res=16).
INFO: found  3877 nlabel points
Performing mapping from target back to the source label 154083
Number of reverse mapping hits = 965
Checking for and removing duplicates
Writing label file ./lh.hOc1.mpm.vpnl.label 4842
mri_label2label: Done


 mri_label2label --srcsubject fsaverage --srclabel /out/sourcedata/freesurfer/fsaverage/label/lh.hOc2.mpm.vpnl.label --trgsubject sub-v1s2x0051475_ses-1 --trglabel ./lh.hOc2.mpm.vpnl.label --hemi lh --regmethod surface 


srclabel = /out/sourcedata/freesurfer/fsaverage/label/lh.hOc2.mpm.vpnl.label
srcsubject = fsaverage
trgsubject = sub-v1s2x0051475_ses-1
trglabel = ./lh.hOc2.mpm.vpnl.label
regmethod = surface

srchemi = lh
trghemi = lh
trgsurface = white
srcsurfreg = sphere.reg
trgsurfreg = sphere.reg
usehash = 1
Use ProjAbs  = 0, 0
Use ProjFrac = 0, 0
DoPaint 0

SUBJECTS_DIR    /out/sourcedata/freesurfer
FREESURFER_HOME /opt/freesurfer
Loading source label.
Found 2919 points in source label.
Starting surface-based mapping
Reading source registration 
 /out/sourcedata/freesurfer/fsaverage/surf/lh.sphere.reg
Rescaling ...  original radius = 100
Reading target surface 
 /out/sourcedata/freesurfer/sub-v1s2x0051475_ses-1/surf/lh.white
Reading target registration 
 /out/sourcedata/freesurfer/sub-v1s2x0051475_ses-1/surf/lh.sphere.reg
Rescaling ...  original radius = 100
Building target registration hash (res=16).
Building source registration hash (res=16).
INFO: found  2919 nlabel points
Performing mapping from target back to the source label 154083
Number of reverse mapping hits = 1132
Checking for and removing duplicates
Writing label file ./lh.hOc2.mpm.vpnl.label 4051
mri_label2label: Done


 mri_label2label --srcsubject fsaverage --srclabel /out/sourcedata/freesurfer/fsaverage/label/lh.hOc3v.mpm.vpnl.label --trgsubject sub-v1s2x0051475_ses-1 --trglabel ./lh.hOc3v.mpm.vpnl.label --hemi lh --regmethod surface 


srclabel = /out/sourcedata/freesurfer/fsaverage/label/lh.hOc3v.mpm.vpnl.label
srcsubject = fsaverage
trgsubject = sub-v1s2x0051475_ses-1
trglabel = ./lh.hOc3v.mpm.vpnl.label
regmethod = surface

srchemi = lh
trghemi = lh
trgsurface = white
srcsurfreg = sphere.reg
trgsurfreg = sphere.reg
usehash = 1
Use ProjAbs  = 0, 0
Use ProjFrac = 0, 0
DoPaint 0

SUBJECTS_DIR    /out/sourcedata/freesurfer
FREESURFER_HOME /opt/freesurfer
Loading source label.
Found 1286 points in source label.
Starting surface-based mapping
Reading source registration 
 /out/sourcedata/freesurfer/fsaverage/surf/lh.sphere.reg
Rescaling ...  original radius = 100
Reading target surface 
 /out/sourcedata/freesurfer/sub-v1s2x0051475_ses-1/surf/lh.white
Reading target registration 
 /out/sourcedata/freesurfer/sub-v1s2x0051475_ses-1/surf/lh.sphere.reg
Rescaling ...  original radius = 100
Building target registration hash (res=16).
Building source registration hash (res=16).
INFO: found  1286 nlabel points
Performing mapping from target back to the source label 154083
Number of reverse mapping hits = 473
Checking for and removing duplicates
Writing label file ./lh.hOc3v.mpm.vpnl.label 1759
mri_label2label: Done


 mri_label2label --srcsubject fsaverage --srclabel /out/sourcedata/freesurfer/fsaverage/label/lh.hOc4v.mpm.vpnl.label --trgsubject sub-v1s2x0051475_ses-1 --trglabel ./lh.hOc4v.mpm.vpnl.label --hemi lh --regmethod surface 


srclabel = /out/sourcedata/freesurfer/fsaverage/label/lh.hOc4v.mpm.vpnl.label
srcsubject = fsaverage
trgsubject = sub-v1s2x0051475_ses-1
trglabel = ./lh.hOc4v.mpm.vpnl.label
regmethod = surface

srchemi = lh
trghemi = lh
trgsurface = white
srcsurfreg = sphere.reg
trgsurfreg = sphere.reg
usehash = 1
Use ProjAbs  = 0, 0
Use ProjFrac = 0, 0
DoPaint 0

SUBJECTS_DIR    /out/sourcedata/freesurfer
FREESURFER_HOME /opt/freesurfer
Loading source label.
Found 1006 points in source label.
Starting surface-based mapping
Reading source registration 
 /out/sourcedata/freesurfer/fsaverage/surf/lh.sphere.reg
Rescaling ...  original radius = 100
Reading target surface 
 /out/sourcedata/freesurfer/sub-v1s2x0051475_ses-1/surf/lh.white
Reading target registration 
 /out/sourcedata/freesurfer/sub-v1s2x0051475_ses-1/surf/lh.sphere.reg
Rescaling ...  original radius = 100
Building target registration hash (res=16).
Building source registration hash (res=16).
INFO: found  1006 nlabel points
Performing mapping from target back to the source label 154083
Number of reverse mapping hits = 378
Checking for and removing duplicates
Writing label file ./lh.hOc4v.mpm.vpnl.label 1384
mri_label2label: Done


 mris_label2annot --s sub-v1s2x0051475_ses-1 --ctab /opt/freesurfer/average/colortable_vpnl.txt --hemi lh --a mpm.vpnl --maxstatwinner --noverbose --l lh.FG1.mpm.vpnl.label --l lh.FG2.mpm.vpnl.label --l lh.FG3.mpm.vpnl.label --l lh.FG4.mpm.vpnl.label --l lh.hOc1.mpm.vpnl.label --l lh.hOc2.mpm.vpnl.label --l lh.hOc3v.mpm.vpnl.label --l lh.hOc4v.mpm.vpnl.label 

Reading ctab /opt/freesurfer/average/colortable_vpnl.txt
Number of ctab entries 9

7.3.2
cwd /out/sourcedata/freesurfer/sub-v1s2x0051475_ses-1/label
cmdline mris_label2annot --s sub-v1s2x0051475_ses-1 --ctab /opt/freesurfer/average/colortable_vpnl.txt --hemi lh --a mpm.vpnl --maxstatwinner --noverbose --l lh.FG1.mpm.vpnl.label --l lh.FG2.mpm.vpnl.label --l lh.FG3.mpm.vpnl.label --l lh.FG4.mpm.vpnl.label --l lh.hOc1.mpm.vpnl.label --l lh.hOc2.mpm.vpnl.label --l lh.hOc3v.mpm.vpnl.label --l lh.hOc4v.mpm.vpnl.label 
sysname  Linux
hostname dna010
machine  x86_64
user     oesteban

subject sub-v1s2x0051475_ses-1
hemi    lh
SUBJECTS_DIR /out/sourcedata/freesurfer
ColorTable /opt/freesurfer/average/colortable_vpnl.txt
AnnotName  mpm.vpnl
nlables 8
LabelThresh 0 0.000000
Loading /out/sourcedata/freesurfer/sub-v1s2x0051475_ses-1/surf/lh.orig
 1 1376057 FG1
 2 16711935 FG2
 3 16711680 FG3
 4 1705837 FG4
 5 25600 hOc1
 6 255 hOc2
 7 16776960 hOc3v
 8 65535 hOc4v
Mapping unhit to unknown
Found 136244 unhit vertices
Writing annot to /out/sourcedata/freesurfer/sub-v1s2x0051475_ses-1/label/lh.mpm.vpnl.annot

 mri_label2label --srcsubject fsaverage --srclabel /out/sourcedata/freesurfer/fsaverage/label/lh.BA1_exvivo.thresh.label --trgsubject sub-v1s2x0051475_ses-1 --trglabel ./lh.BA1_exvivo.thresh.label --hemi lh --regmethod surface 


srclabel = /out/sourcedata/freesurfer/fsaverage/label/lh.BA1_exvivo.thresh.label
srcsubject = fsaverage
trgsubject = sub-v1s2x0051475_ses-1
trglabel = ./lh.BA1_exvivo.thresh.label
regmethod = surface

srchemi = lh
trghemi = lh
trgsurface = white
srcsurfreg = sphere.reg
trgsurfreg = sphere.reg
usehash = 1
Use ProjAbs  = 0, 0
Use ProjFrac = 0, 0
DoPaint 0

SUBJECTS_DIR    /out/sourcedata/freesurfer
FREESURFER_HOME /opt/freesurfer
Loading source label.
Found 1014 points in source label.
Starting surface-based mapping
Reading source registration 
 /out/sourcedata/freesurfer/fsaverage/surf/lh.sphere.reg
Rescaling ...  original radius = 100
Reading target surface 
 /out/sourcedata/freesurfer/sub-v1s2x0051475_ses-1/surf/lh.white
Reading target registration 
 /out/sourcedata/freesurfer/sub-v1s2x0051475_ses-1/surf/lh.sphere.reg
Rescaling ...  original radius = 100
Building target registration hash (res=16).
Building source registration hash (res=16).
INFO: found  1014 nlabel points
Performing mapping from target back to the source label 154083
Number of reverse mapping hits = 122
Checking for and removing duplicates
Writing label file ./lh.BA1_exvivo.thresh.label 1136
mri_label2label: Done


 mri_label2label --srcsubject fsaverage --srclabel /out/sourcedata/freesurfer/fsaverage/label/lh.BA2_exvivo.thresh.label --trgsubject sub-v1s2x0051475_ses-1 --trglabel ./lh.BA2_exvivo.thresh.label --hemi lh --regmethod surface 


srclabel = /out/sourcedata/freesurfer/fsaverage/label/lh.BA2_exvivo.thresh.label
srcsubject = fsaverage
trgsubject = sub-v1s2x0051475_ses-1
trglabel = ./lh.BA2_exvivo.thresh.label
regmethod = surface

srchemi = lh
trghemi = lh
trgsurface = white
srcsurfreg = sphere.reg
trgsurfreg = sphere.reg
usehash = 1
Use ProjAbs  = 0, 0
Use ProjFrac = 0, 0
DoPaint 0

SUBJECTS_DIR    /out/sourcedata/freesurfer
FREESURFER_HOME /opt/freesurfer
Loading source label.
Found 2092 points in source label.
Starting surface-based mapping
Reading source registration 
 /out/sourcedata/freesurfer/fsaverage/surf/lh.sphere.reg
Rescaling ...  original radius = 100
Reading target surface 
 /out/sourcedata/freesurfer/sub-v1s2x0051475_ses-1/surf/lh.white
Reading target registration 
 /out/sourcedata/freesurfer/sub-v1s2x0051475_ses-1/surf/lh.sphere.reg
Rescaling ...  original radius = 100
Building target registration hash (res=16).
Building source registration hash (res=16).
INFO: found  2092 nlabel points
Performing mapping from target back to the source label 154083
Number of reverse mapping hits = 162
Checking for and removing duplicates
Writing label file ./lh.BA2_exvivo.thresh.label 2254
mri_label2label: Done


 mri_label2label --srcsubject fsaverage --srclabel /out/sourcedata/freesurfer/fsaverage/label/lh.BA3a_exvivo.thresh.label --trgsubject sub-v1s2x0051475_ses-1 --trglabel ./lh.BA3a_exvivo.thresh.label --hemi lh --regmethod surface 


srclabel = /out/sourcedata/freesurfer/fsaverage/label/lh.BA3a_exvivo.thresh.label
srcsubject = fsaverage
trgsubject = sub-v1s2x0051475_ses-1
trglabel = ./lh.BA3a_exvivo.thresh.label
regmethod = surface

srchemi = lh
trghemi = lh
trgsurface = white
srcsurfreg = sphere.reg
trgsurfreg = sphere.reg
usehash = 1
Use ProjAbs  = 0, 0
Use ProjFrac = 0, 0
DoPaint 0

SUBJECTS_DIR    /out/sourcedata/freesurfer
FREESURFER_HOME /opt/freesurfer
Loading source label.
Found 1504 points in source label.
Starting surface-based mapping
Reading source registration 
 /out/sourcedata/freesurfer/fsaverage/surf/lh.sphere.reg
Rescaling ...  original radius = 100
Reading target surface 
 /out/sourcedata/freesurfer/sub-v1s2x0051475_ses-1/surf/lh.white
Reading target registration 
 /out/sourcedata/freesurfer/sub-v1s2x0051475_ses-1/surf/lh.sphere.reg
Rescaling ...  original radius = 100
Building target registration hash (res=16).
Building source registration hash (res=16).
INFO: found  1504 nlabel points
Performing mapping from target back to the source label 154083
Number of reverse mapping hits = 11
Checking for and removing duplicates
Writing label file ./lh.BA3a_exvivo.thresh.label 1515
mri_label2label: Done


 mri_label2label --srcsubject fsaverage --srclabel /out/sourcedata/freesurfer/fsaverage/label/lh.BA3b_exvivo.thresh.label --trgsubject sub-v1s2x0051475_ses-1 --trglabel ./lh.BA3b_exvivo.thresh.label --hemi lh --regmethod surface 


srclabel = /out/sourcedata/freesurfer/fsaverage/label/lh.BA3b_exvivo.thresh.label
srcsubject = fsaverage
trgsubject = sub-v1s2x0051475_ses-1
trglabel = ./lh.BA3b_exvivo.thresh.label
regmethod = surface

srchemi = lh
trghemi = lh
trgsurface = white
srcsurfreg = sphere.reg
trgsurfreg = sphere.reg
usehash = 1
Use ProjAbs  = 0, 0
Use ProjFrac = 0, 0
DoPaint 0

SUBJECTS_DIR    /out/sourcedata/freesurfer
FREESURFER_HOME /opt/freesurfer
Loading source label.
Found 1996 points in source label.
Starting surface-based mapping
Reading source registration 
 /out/sourcedata/freesurfer/fsaverage/surf/lh.sphere.reg
Rescaling ...  original radius = 100
Reading target surface 
 /out/sourcedata/freesurfer/sub-v1s2x0051475_ses-1/surf/lh.white
Reading target registration 
 /out/sourcedata/freesurfer/sub-v1s2x0051475_ses-1/surf/lh.sphere.reg
Rescaling ...  original radius = 100
Building target registration hash (res=16).
Building source registration hash (res=16).
INFO: found  1996 nlabel points
Performing mapping from target back to the source label 154083
Number of reverse mapping hits = 48
Checking for and removing duplicates
Writing label file ./lh.BA3b_exvivo.thresh.label 2044
mri_label2label: Done


 mri_label2label --srcsubject fsaverage --srclabel /out/sourcedata/freesurfer/fsaverage/label/lh.BA4a_exvivo.thresh.label --trgsubject sub-v1s2x0051475_ses-1 --trglabel ./lh.BA4a_exvivo.thresh.label --hemi lh --regmethod surface 


srclabel = /out/sourcedata/freesurfer/fsaverage/label/lh.BA4a_exvivo.thresh.label
srcsubject = fsaverage
trgsubject = sub-v1s2x0051475_ses-1
trglabel = ./lh.BA4a_exvivo.thresh.label
regmethod = surface

srchemi = lh
trghemi = lh
trgsurface = white
srcsurfreg = sphere.reg
trgsurfreg = sphere.reg
usehash = 1
Use ProjAbs  = 0, 0
Use ProjFrac = 0, 0
DoPaint 0

SUBJECTS_DIR    /out/sourcedata/freesurfer
FREESURFER_HOME /opt/freesurfer
Loading source label.
Found 2319 points in source label.
Starting surface-based mapping
Reading source registration 
 /out/sourcedata/freesurfer/fsaverage/surf/lh.sphere.reg
Rescaling ...  original radius = 100
Reading target surface 
 /out/sourcedata/freesurfer/sub-v1s2x0051475_ses-1/surf/lh.white
Reading target registration 
 /out/sourcedata/freesurfer/sub-v1s2x0051475_ses-1/surf/lh.sphere.reg
Rescaling ...  original radius = 100
Building target registration hash (res=16).
Building source registration hash (res=16).
INFO: found  2319 nlabel points
Performing mapping from target back to the source label 154083
Number of reverse mapping hits = 72
Checking for and removing duplicates
Writing label file ./lh.BA4a_exvivo.thresh.label 2391
mri_label2label: Done


 mri_label2label --srcsubject fsaverage --srclabel /out/sourcedata/freesurfer/fsaverage/label/lh.BA4p_exvivo.thresh.label --trgsubject sub-v1s2x0051475_ses-1 --trglabel ./lh.BA4p_exvivo.thresh.label --hemi lh --regmethod surface 


srclabel = /out/sourcedata/freesurfer/fsaverage/label/lh.BA4p_exvivo.thresh.label
srcsubject = fsaverage
trgsubject = sub-v1s2x0051475_ses-1
trglabel = ./lh.BA4p_exvivo.thresh.label
regmethod = surface

srchemi = lh
trghemi = lh
trgsurface = white
srcsurfreg = sphere.reg
trgsurfreg = sphere.reg
usehash = 1
Use ProjAbs  = 0, 0
Use ProjFrac = 0, 0
DoPaint 0

SUBJECTS_DIR    /out/sourcedata/freesurfer
FREESURFER_HOME /opt/freesurfer
Loading source label.
Found 1549 points in source label.
Starting surface-based mapping
Reading source registration 
 /out/sourcedata/freesurfer/fsaverage/surf/lh.sphere.reg
Rescaling ...  original radius = 100
Reading target surface 
 /out/sourcedata/freesurfer/sub-v1s2x0051475_ses-1/surf/lh.white
Reading target registration 
 /out/sourcedata/freesurfer/sub-v1s2x0051475_ses-1/surf/lh.sphere.reg
Rescaling ...  original radius = 100
Building target registration hash (res=16).
Building source registration hash (res=16).
INFO: found  1549 nlabel points
Performing mapping from target back to the source label 154083
Number of reverse mapping hits = 21
Checking for and removing duplicates
Writing label file ./lh.BA4p_exvivo.thresh.label 1570
mri_label2label: Done


 mri_label2label --srcsubject fsaverage --srclabel /out/sourcedata/freesurfer/fsaverage/label/lh.BA6_exvivo.thresh.label --trgsubject sub-v1s2x0051475_ses-1 --trglabel ./lh.BA6_exvivo.thresh.label --hemi lh --regmethod surface 


srclabel = /out/sourcedata/freesurfer/fsaverage/label/lh.BA6_exvivo.thresh.label
srcsubject = fsaverage
trgsubject = sub-v1s2x0051475_ses-1
trglabel = ./lh.BA6_exvivo.thresh.label
regmethod = surface

srchemi = lh
trghemi = lh
trgsurface = white
srcsurfreg = sphere.reg
trgsurfreg = sphere.reg
usehash = 1
Use ProjAbs  = 0, 0
Use ProjFrac = 0, 0
DoPaint 0

SUBJECTS_DIR    /out/sourcedata/freesurfer
FREESURFER_HOME /opt/freesurfer
Loading source label.
Found 7035 points in source label.
Starting surface-based mapping
Reading source registration 
 /out/sourcedata/freesurfer/fsaverage/surf/lh.sphere.reg
Rescaling ...  original radius = 100
Reading target surface 
 /out/sourcedata/freesurfer/sub-v1s2x0051475_ses-1/surf/lh.white
Reading target registration 
 /out/sourcedata/freesurfer/sub-v1s2x0051475_ses-1/surf/lh.sphere.reg
Rescaling ...  original radius = 100
Building target registration hash (res=16).
Building source registration hash (res=16).
INFO: found  7035 nlabel points
Performing mapping from target back to the source label 154083
Number of reverse mapping hits = 456
Checking for and removing duplicates
Writing label file ./lh.BA6_exvivo.thresh.label 7491
mri_label2label: Done


 mri_label2label --srcsubject fsaverage --srclabel /out/sourcedata/freesurfer/fsaverage/label/lh.BA44_exvivo.thresh.label --trgsubject sub-v1s2x0051475_ses-1 --trglabel ./lh.BA44_exvivo.thresh.label --hemi lh --regmethod surface 


srclabel = /out/sourcedata/freesurfer/fsaverage/label/lh.BA44_exvivo.thresh.label
srcsubject = fsaverage
trgsubject = sub-v1s2x0051475_ses-1
trglabel = ./lh.BA44_exvivo.thresh.label
regmethod = surface

srchemi = lh
trghemi = lh
trgsurface = white
srcsurfreg = sphere.reg
trgsurfreg = sphere.reg
usehash = 1
Use ProjAbs  = 0, 0
Use ProjFrac = 0, 0
DoPaint 0

SUBJECTS_DIR    /out/sourcedata/freesurfer
FREESURFER_HOME /opt/freesurfer
Loading source label.
Found 1912 points in source label.
Starting surface-based mapping
Reading source registration 
 /out/sourcedata/freesurfer/fsaverage/surf/lh.sphere.reg
Rescaling ...  original radius = 100
Reading target surface 
 /out/sourcedata/freesurfer/sub-v1s2x0051475_ses-1/surf/lh.white
Reading target registration 
 /out/sourcedata/freesurfer/sub-v1s2x0051475_ses-1/surf/lh.sphere.reg
Rescaling ...  original radius = 100
Building target registration hash (res=16).
Building source registration hash (res=16).
INFO: found  1912 nlabel points
Performing mapping from target back to the source label 154083
Number of reverse mapping hits = 96
Checking for and removing duplicates
Writing label file ./lh.BA44_exvivo.thresh.label 2008
mri_label2label: Done


 mri_label2label --srcsubject fsaverage --srclabel /out/sourcedata/freesurfer/fsaverage/label/lh.BA45_exvivo.thresh.label --trgsubject sub-v1s2x0051475_ses-1 --trglabel ./lh.BA45_exvivo.thresh.label --hemi lh --regmethod surface 


srclabel = /out/sourcedata/freesurfer/fsaverage/label/lh.BA45_exvivo.thresh.label
srcsubject = fsaverage
trgsubject = sub-v1s2x0051475_ses-1
trglabel = ./lh.BA45_exvivo.thresh.label
regmethod = surface

srchemi = lh
trghemi = lh
trgsurface = white
srcsurfreg = sphere.reg
trgsurfreg = sphere.reg
usehash = 1
Use ProjAbs  = 0, 0
Use ProjFrac = 0, 0
DoPaint 0

SUBJECTS_DIR    /out/sourcedata/freesurfer
FREESURFER_HOME /opt/freesurfer
Loading source label.
Found 1151 points in source label.
Starting surface-based mapping
Reading source registration 
 /out/sourcedata/freesurfer/fsaverage/surf/lh.sphere.reg
Rescaling ...  original radius = 100
Reading target surface 
 /out/sourcedata/freesurfer/sub-v1s2x0051475_ses-1/surf/lh.white
Reading target registration 
 /out/sourcedata/freesurfer/sub-v1s2x0051475_ses-1/surf/lh.sphere.reg
Rescaling ...  original radius = 100
Building target registration hash (res=16).
Building source registration hash (res=16).
INFO: found  1151 nlabel points
Performing mapping from target back to the source label 154083
Number of reverse mapping hits = 339
Checking for and removing duplicates
Writing label file ./lh.BA45_exvivo.thresh.label 1490
mri_label2label: Done


 mri_label2label --srcsubject fsaverage --srclabel /out/sourcedata/freesurfer/fsaverage/label/lh.V1_exvivo.thresh.label --trgsubject sub-v1s2x0051475_ses-1 --trglabel ./lh.V1_exvivo.thresh.label --hemi lh --regmethod surface 


srclabel = /out/sourcedata/freesurfer/fsaverage/label/lh.V1_exvivo.thresh.label
srcsubject = fsaverage
trgsubject = sub-v1s2x0051475_ses-1
trglabel = ./lh.V1_exvivo.thresh.label
regmethod = surface

srchemi = lh
trghemi = lh
trgsurface = white
srcsurfreg = sphere.reg
trgsurfreg = sphere.reg
usehash = 1
Use ProjAbs  = 0, 0
Use ProjFrac = 0, 0
DoPaint 0

SUBJECTS_DIR    /out/sourcedata/freesurfer
FREESURFER_HOME /opt/freesurfer
Loading source label.
Found 3405 points in source label.
Starting surface-based mapping
Reading source registration 
 /out/sourcedata/freesurfer/fsaverage/surf/lh.sphere.reg
Rescaling ...  original radius = 100
Reading target surface 
 /out/sourcedata/freesurfer/sub-v1s2x0051475_ses-1/surf/lh.white
Reading target registration 
 /out/sourcedata/freesurfer/sub-v1s2x0051475_ses-1/surf/lh.sphere.reg
Rescaling ...  original radius = 100
Building target registration hash (res=16).
Building source registration hash (res=16).
INFO: found  3405 nlabel points
Performing mapping from target back to the source label 154083
Number of reverse mapping hits = 856
Checking for and removing duplicates
Writing label file ./lh.V1_exvivo.thresh.label 4261
mri_label2label: Done


 mri_label2label --srcsubject fsaverage --srclabel /out/sourcedata/freesurfer/fsaverage/label/lh.V2_exvivo.thresh.label --trgsubject sub-v1s2x0051475_ses-1 --trglabel ./lh.V2_exvivo.thresh.label --hemi lh --regmethod surface 


srclabel = /out/sourcedata/freesurfer/fsaverage/label/lh.V2_exvivo.thresh.label
srcsubject = fsaverage
trgsubject = sub-v1s2x0051475_ses-1
trglabel = ./lh.V2_exvivo.thresh.label
regmethod = surface

srchemi = lh
trghemi = lh
trgsurface = white
srcsurfreg = sphere.reg
trgsurfreg = sphere.reg
usehash = 1
Use ProjAbs  = 0, 0
Use ProjFrac = 0, 0
DoPaint 0

SUBJECTS_DIR    /out/sourcedata/freesurfer
FREESURFER_HOME /opt/freesurfer
Loading source label.
Found 3334 points in source label.
Starting surface-based mapping
Reading source registration 
 /out/sourcedata/freesurfer/fsaverage/surf/lh.sphere.reg
Rescaling ...  original radius = 100
Reading target surface 
 /out/sourcedata/freesurfer/sub-v1s2x0051475_ses-1/surf/lh.white
Reading target registration 
 /out/sourcedata/freesurfer/sub-v1s2x0051475_ses-1/surf/lh.sphere.reg
Rescaling ...  original radius = 100
Building target registration hash (res=16).
Building source registration hash (res=16).
INFO: found  3334 nlabel points
Performing mapping from target back to the source label 154083
Number of reverse mapping hits = 1204
Checking for and removing duplicates
Writing label file ./lh.V2_exvivo.thresh.label 4538
mri_label2label: Done


 mri_label2label --srcsubject fsaverage --srclabel /out/sourcedata/freesurfer/fsaverage/label/lh.MT_exvivo.thresh.label --trgsubject sub-v1s2x0051475_ses-1 --trglabel ./lh.MT_exvivo.thresh.label --hemi lh --regmethod surface 


srclabel = /out/sourcedata/freesurfer/fsaverage/label/lh.MT_exvivo.thresh.label
srcsubject = fsaverage
trgsubject = sub-v1s2x0051475_ses-1
trglabel = ./lh.MT_exvivo.thresh.label
regmethod = surface

srchemi = lh
trghemi = lh
trgsurface = white
srcsurfreg = sphere.reg
trgsurfreg = sphere.reg
usehash = 1
Use ProjAbs  = 0, 0
Use ProjFrac = 0, 0
DoPaint 0

SUBJECTS_DIR    /out/sourcedata/freesurfer
FREESURFER_HOME /opt/freesurfer
Loading source label.
Found 513 points in source label.
Starting surface-based mapping
Reading source registration 
 /out/sourcedata/freesurfer/fsaverage/surf/lh.sphere.reg
Rescaling ...  original radius = 100
Reading target surface 
 /out/sourcedata/freesurfer/sub-v1s2x0051475_ses-1/surf/lh.white
Reading target registration 
 /out/sourcedata/freesurfer/sub-v1s2x0051475_ses-1/surf/lh.sphere.reg
Rescaling ...  original radius = 100
Building target registration hash (res=16).
Building source registration hash (res=16).
INFO: found  513 nlabel points
Performing mapping from target back to the source label 154083
Number of reverse mapping hits = 140
Checking for and removing duplicates
Writing label file ./lh.MT_exvivo.thresh.label 653
mri_label2label: Done


 mri_label2label --srcsubject fsaverage --srclabel /out/sourcedata/freesurfer/fsaverage/label/lh.entorhinal_exvivo.thresh.label --trgsubject sub-v1s2x0051475_ses-1 --trglabel ./lh.entorhinal_exvivo.thresh.label --hemi lh --regmethod surface 


srclabel = /out/sourcedata/freesurfer/fsaverage/label/lh.entorhinal_exvivo.thresh.label
srcsubject = fsaverage
trgsubject = sub-v1s2x0051475_ses-1
trglabel = ./lh.entorhinal_exvivo.thresh.label
regmethod = surface

srchemi = lh
trghemi = lh
trgsurface = white
srcsurfreg = sphere.reg
trgsurfreg = sphere.reg
usehash = 1
Use ProjAbs  = 0, 0
Use ProjFrac = 0, 0
DoPaint 0

SUBJECTS_DIR    /out/sourcedata/freesurfer
FREESURFER_HOME /opt/freesurfer
Loading source label.
Found 470 points in source label.
Starting surface-based mapping
Reading source registration 
 /out/sourcedata/freesurfer/fsaverage/surf/lh.sphere.reg
Rescaling ...  original radius = 100
Reading target surface 
 /out/sourcedata/freesurfer/sub-v1s2x0051475_ses-1/surf/lh.white
Reading target registration 
 /out/sourcedata/freesurfer/sub-v1s2x0051475_ses-1/surf/lh.sphere.reg
Rescaling ...  original radius = 100
Building target registration hash (res=16).
Building source registration hash (res=16).
INFO: found  470 nlabel points
Performing mapping from target back to the source label 154083
Number of reverse mapping hits = 50
Checking for and removing duplicates
Writing label file ./lh.entorhinal_exvivo.thresh.label 520
mri_label2label: Done


 mri_label2label --srcsubject fsaverage --srclabel /out/sourcedata/freesurfer/fsaverage/label/lh.perirhinal_exvivo.thresh.label --trgsubject sub-v1s2x0051475_ses-1 --trglabel ./lh.perirhinal_exvivo.thresh.label --hemi lh --regmethod surface 


srclabel = /out/sourcedata/freesurfer/fsaverage/label/lh.perirhinal_exvivo.thresh.label
srcsubject = fsaverage
trgsubject = sub-v1s2x0051475_ses-1
trglabel = ./lh.perirhinal_exvivo.thresh.label
regmethod = surface

srchemi = lh
trghemi = lh
trgsurface = white
srcsurfreg = sphere.reg
trgsurfreg = sphere.reg
usehash = 1
Use ProjAbs  = 0, 0
Use ProjFrac = 0, 0
DoPaint 0

SUBJECTS_DIR    /out/sourcedata/freesurfer
FREESURFER_HOME /opt/freesurfer
Loading source label.
Found 450 points in source label.
Starting surface-based mapping
Reading source registration 
 /out/sourcedata/freesurfer/fsaverage/surf/lh.sphere.reg
Rescaling ...  original radius = 100
Reading target surface 
 /out/sourcedata/freesurfer/sub-v1s2x0051475_ses-1/surf/lh.white
Reading target registration 
 /out/sourcedata/freesurfer/sub-v1s2x0051475_ses-1/surf/lh.sphere.reg
Rescaling ...  original radius = 100
Building target registration hash (res=16).
Building source registration hash (res=16).
INFO: found  450 nlabel points
Performing mapping from target back to the source label 154083
Number of reverse mapping hits = 49
Checking for and removing duplicates
Writing label file ./lh.perirhinal_exvivo.thresh.label 499
mri_label2label: Done


 mris_label2annot --s sub-v1s2x0051475_ses-1 --hemi lh --ctab /opt/freesurfer/average/colortable_BA.txt --l lh.BA1_exvivo.label --l lh.BA2_exvivo.label --l lh.BA3a_exvivo.label --l lh.BA3b_exvivo.label --l lh.BA4a_exvivo.label --l lh.BA4p_exvivo.label --l lh.BA6_exvivo.label --l lh.BA44_exvivo.label --l lh.BA45_exvivo.label --l lh.V1_exvivo.label --l lh.V2_exvivo.label --l lh.MT_exvivo.label --l lh.perirhinal_exvivo.label --l lh.entorhinal_exvivo.label --a BA_exvivo --maxstatwinner --noverbose 

Reading ctab /opt/freesurfer/average/colortable_BA.txt
Number of ctab entries 15

7.3.2
cwd /out/sourcedata/freesurfer/sub-v1s2x0051475_ses-1/label
cmdline mris_label2annot --s sub-v1s2x0051475_ses-1 --hemi lh --ctab /opt/freesurfer/average/colortable_BA.txt --l lh.BA1_exvivo.label --l lh.BA2_exvivo.label --l lh.BA3a_exvivo.label --l lh.BA3b_exvivo.label --l lh.BA4a_exvivo.label --l lh.BA4p_exvivo.label --l lh.BA6_exvivo.label --l lh.BA44_exvivo.label --l lh.BA45_exvivo.label --l lh.V1_exvivo.label --l lh.V2_exvivo.label --l lh.MT_exvivo.label --l lh.perirhinal_exvivo.label --l lh.entorhinal_exvivo.label --a BA_exvivo --maxstatwinner --noverbose 
sysname  Linux
hostname dna010
machine  x86_64
user     oesteban

subject sub-v1s2x0051475_ses-1
hemi    lh
SUBJECTS_DIR /out/sourcedata/freesurfer
ColorTable /opt/freesurfer/average/colortable_BA.txt
AnnotName  BA_exvivo
nlables 14
LabelThresh 0 0.000000
Loading /out/sourcedata/freesurfer/sub-v1s2x0051475_ses-1/surf/lh.orig
 1 1530880 BA1_exvivo
 2 16749699 BA2_exvivo
 3 16711680 BA3a_exvivo
 4 3368703 BA3b_exvivo
 5 1376196 BA4a_exvivo
 6 13382655 BA4p_exvivo
 7 10036737 BA6_exvivo
 8 2490521 BA44_exvivo
 9 39283 BA45_exvivo
10 3993 V1_exvivo
11 8508928 V2_exvivo
12 10027163 MT_exvivo
13 16422433 perirhinal_exvivo
14 16392598 entorhinal_exvivo
Mapping unhit to unknown
Found 109434 unhit vertices
Writing annot to /out/sourcedata/freesurfer/sub-v1s2x0051475_ses-1/label/lh.BA_exvivo.annot

 mris_label2annot --s sub-v1s2x0051475_ses-1 --hemi lh --ctab /opt/freesurfer/average/colortable_BA.txt --l lh.BA1_exvivo.thresh.label --l lh.BA2_exvivo.thresh.label --l lh.BA3a_exvivo.thresh.label --l lh.BA3b_exvivo.thresh.label --l lh.BA4a_exvivo.thresh.label --l lh.BA4p_exvivo.thresh.label --l lh.BA6_exvivo.thresh.label --l lh.BA44_exvivo.thresh.label --l lh.BA45_exvivo.thresh.label --l lh.V1_exvivo.thresh.label --l lh.V2_exvivo.thresh.label --l lh.MT_exvivo.thresh.label --l lh.perirhinal_exvivo.thresh.label --l lh.entorhinal_exvivo.thresh.label --a BA_exvivo.thresh --maxstatwinner --noverbose 

Reading ctab /opt/freesurfer/average/colortable_BA.txt
Number of ctab entries 15

7.3.2
cwd /out/sourcedata/freesurfer/sub-v1s2x0051475_ses-1/label
cmdline mris_label2annot --s sub-v1s2x0051475_ses-1 --hemi lh --ctab /opt/freesurfer/average/colortable_BA.txt --l lh.BA1_exvivo.thresh.label --l lh.BA2_exvivo.thresh.label --l lh.BA3a_exvivo.thresh.label --l lh.BA3b_exvivo.thresh.label --l lh.BA4a_exvivo.thresh.label --l lh.BA4p_exvivo.thresh.label --l lh.BA6_exvivo.thresh.label --l lh.BA44_exvivo.thresh.label --l lh.BA45_exvivo.thresh.label --l lh.V1_exvivo.thresh.label --l lh.V2_exvivo.thresh.label --l lh.MT_exvivo.thresh.label --l lh.perirhinal_exvivo.thresh.label --l lh.entorhinal_exvivo.thresh.label --a BA_exvivo.thresh --maxstatwinner --noverbose 
sysname  Linux
hostname dna010
machine  x86_64
user     oesteban

subject sub-v1s2x0051475_ses-1
hemi    lh
SUBJECTS_DIR /out/sourcedata/freesurfer
ColorTable /opt/freesurfer/average/colortable_BA.txt
AnnotName  BA_exvivo.thresh
nlables 14
LabelThresh 0 0.000000
Loading /out/sourcedata/freesurfer/sub-v1s2x0051475_ses-1/surf/lh.orig
 1 1530880 BA1_exvivo
 2 16749699 BA2_exvivo
 3 16711680 BA3a_exvivo
 4 3368703 BA3b_exvivo
 5 1376196 BA4a_exvivo
 6 13382655 BA4p_exvivo
 7 10036737 BA6_exvivo
 8 2490521 BA44_exvivo
 9 39283 BA45_exvivo
10 3993 V1_exvivo
11 8508928 V2_exvivo
12 10027163 MT_exvivo
13 16422433 perirhinal_exvivo
14 16392598 entorhinal_exvivo
Mapping unhit to unknown
Found 128291 unhit vertices
Writing annot to /out/sourcedata/freesurfer/sub-v1s2x0051475_ses-1/label/lh.BA_exvivo.thresh.annot

 mris_anatomical_stats -th3 -mgz -noglobal -f ../stats/lh.BA_exvivo.stats -b -a ./lh.BA_exvivo.annot -c ./BA_exvivo.ctab sub-v1s2x0051475_ses-1 lh white 

computing statistics for each annotation in ./lh.BA_exvivo.annot.
reading volume /out/sourcedata/freesurfer/sub-v1s2x0051475_ses-1/mri/wm.mgz...
reading input surface /out/sourcedata/freesurfer/sub-v1s2x0051475_ses-1/surf/lh.white...
reading input pial surface /out/sourcedata/freesurfer/sub-v1s2x0051475_ses-1/surf/lh.pial...
reading input white surface /out/sourcedata/freesurfer/sub-v1s2x0051475_ses-1/surf/lh.white...
INFO: using TH3 volume calc
INFO: assuming MGZ format for volumes.
INFO: not computing global stats
Using TH3 vertex volume calc
Total face volume 265944
Total vertex volume 265689 (mask=0)
Saving annotation colortable ./BA_exvivo.ctab

table columns are:
    number of vertices
    total surface area (mm^2)
    total gray matter volume (mm^3)
    average cortical thickness +- standard deviation (mm)
    integrated rectified mean curvature
    integrated rectified Gaussian curvature
    folding index
    intrinsic curvature index
    structure name

 1305    665   1593  1.927 0.577     0.102     0.018       11     1.1  BA1_exvivo
 4426   2770   6187  2.263 0.515     0.083     0.013       22     2.6  BA2_exvivo
 1071    786   1076  1.750 0.462     0.129     0.021        8     1.0  BA3a_exvivo
 2345   1465   3066  1.888 0.692     0.093     0.016       17     1.6  BA3b_exvivo
 1527    853   2079  2.192 0.683     0.101     0.020       10     1.5  BA4a_exvivo
 1280    827   1676  2.226 0.612     0.096     0.018        6     1.0  BA4p_exvivo
10264   6215  20107  2.792 0.605     0.099     0.019       78     8.0  BA6_exvivo
 2433   1636   5265  2.809 0.409     0.103     0.016       22     1.6  BA44_exvivo
 3465   2281   7257  2.784 0.491     0.100     0.018       26     2.5  BA45_exvivo
 3726   2383   3329  1.465 0.437     0.117     0.025       33     4.1  V1_exvivo
 8553   5189   9738  1.813 0.538     0.114     0.025       81     9.4  V2_exvivo
 2734   1602   3991  2.360 0.555     0.098     0.018       22     2.1  MT_exvivo
  787    548   1829  3.011 0.691     0.104     0.022        5     0.6  perirhinal_exvivo
  733    474   1866  2.676 1.250     0.114     0.029       11     1.0  entorhinal_exvivo

 mris_anatomical_stats -th3 -mgz -f ../stats/lh.BA_exvivo.thresh.stats -noglobal -b -a ./lh.BA_exvivo.thresh.annot -c ./BA_exvivo.thresh.ctab sub-v1s2x0051475_ses-1 lh white 

computing statistics for each annotation in ./lh.BA_exvivo.thresh.annot.
reading volume /out/sourcedata/freesurfer/sub-v1s2x0051475_ses-1/mri/wm.mgz...
reading input surface /out/sourcedata/freesurfer/sub-v1s2x0051475_ses-1/surf/lh.white...
reading input pial surface /out/sourcedata/freesurfer/sub-v1s2x0051475_ses-1/surf/lh.pial...
reading input white surface /out/sourcedata/freesurfer/sub-v1s2x0051475_ses-1/surf/lh.white...
INFO: using TH3 volume calc
INFO: assuming MGZ format for volumes.
INFO: not computing global stats
Using TH3 vertex volume calc
Total face volume 265944
Total vertex volume 265689 (mask=0)
Saving annotation colortable ./BA_exvivo.thresh.ctab

table columns are:
    number of vertices
    total surface area (mm^2)
    total gray matter volume (mm^3)
    average cortical thickness +- standard deviation (mm)
    integrated rectified mean curvature
    integrated rectified Gaussian curvature
    folding index
    intrinsic curvature index
    structure name

  945    452   1042  1.818 0.513     0.107     0.019        9     0.8  BA1_exvivo
 1815   1085   2238  2.009 0.511     0.068     0.009        6     0.8  BA2_exvivo
  888    671    841  1.593 0.322     0.137     0.021        7     0.9  BA3a_exvivo
 1435    911   1372  1.507 0.393     0.080     0.013        8     0.7  BA3b_exvivo
 1523    848   2032  2.174 0.667     0.097     0.019        9     1.4  BA4a_exvivo
 1018    667   1382  2.276 0.595     0.095     0.020        5     0.7  BA4p_exvivo
 5502   3176  10179  2.738 0.674     0.098     0.020       40     4.5  BA6_exvivo
 1548   1045   3363  2.769 0.419     0.109     0.018       17     1.2  BA44_exvivo
 1399    900   3623  3.068 0.416     0.104     0.021       14     1.1  BA45_exvivo
 3987   2536   3615  1.477 0.433     0.113     0.024       33     4.3  V1_exvivo
 4298   2589   4721  1.763 0.512     0.119     0.027       46     5.2  V2_exvivo
  641    421    819  2.089 0.632     0.100     0.016        5     0.4  MT_exvivo
  353    233    633  2.798 0.582     0.093     0.012        2     0.2  perirhinal_exvivo
  440    277   1211  3.120 0.686     0.062     0.010        1     0.2  entorhinal_exvivo

Started at Tue Mar 10 00:48:15 CET 2026 
Ended   at Tue Mar 10 00:51:58 CET 2026
#@#%# recon-all-run-time-hours 0.062
recon-all -s sub-v1s2x0051475_ses-1 finished without error at Tue Mar 10 00:51:58 CET 2026
