global_signal	global_signal_derivative1	global_signal_power2	global_signal_derivative1_power2	csf	csf_derivative1	csf_power2	csf_derivative1_power2	white_matter	white_matter_derivative1	white_matter_power2	white_matter_derivative1_power2	csf_wm	tcompcor	std_dvars	dvars	framewise_displacement	rmsd	t_comp_cor_00	t_comp_cor_01	t_comp_cor_02	t_comp_cor_03	t_comp_cor_04	t_comp_cor_05	c_comp_cor_00	c_comp_cor_01	c_comp_cor_02	c_comp_cor_03	c_comp_cor_04	c_comp_cor_05	c_comp_cor_06	c_comp_cor_07	c_comp_cor_08	c_comp_cor_09	w_comp_cor_00	w_comp_cor_01	w_comp_cor_02	w_comp_cor_03	w_comp_cor_04	w_comp_cor_05	w_comp_cor_06	w_comp_cor_07	w_comp_cor_08	w_comp_cor_09	w_comp_cor_10	w_comp_cor_11	w_comp_cor_12	w_comp_cor_13	w_comp_cor_14	w_comp_cor_15	w_comp_cor_16	w_comp_cor_17	w_comp_cor_18	w_comp_cor_19	w_comp_cor_20	w_comp_cor_21	w_comp_cor_22	w_comp_cor_23	w_comp_cor_24	w_comp_cor_25	w_comp_cor_26	w_comp_cor_27	w_comp_cor_28	w_comp_cor_29	w_comp_cor_30	a_comp_cor_00	a_comp_cor_01	a_comp_cor_02	a_comp_cor_03	a_comp_cor_04	a_comp_cor_05	a_comp_cor_06	a_comp_cor_07	a_comp_cor_08	a_comp_cor_09	a_comp_cor_10	a_comp_cor_11	a_comp_cor_12	a_comp_cor_13	a_comp_cor_14	a_comp_cor_15	a_comp_cor_16	a_comp_cor_17	a_comp_cor_18	a_comp_cor_19	a_comp_cor_20	a_comp_cor_21	a_comp_cor_22	a_comp_cor_23	a_comp_cor_24	a_comp_cor_25	edge_comp_00	edge_comp_01	edge_comp_02	edge_comp_03	edge_comp_04	edge_comp_05	edge_comp_06	edge_comp_07	edge_comp_08	edge_comp_09	edge_comp_10	edge_comp_11	edge_comp_12	edge_comp_13	edge_comp_14	edge_comp_15	edge_comp_16	edge_comp_17	edge_comp_18	edge_comp_19	edge_comp_20	edge_comp_21	edge_comp_22	edge_comp_23	cosine00	cosine01	cosine02	trans_x	trans_x_derivative1	trans_x_power2	trans_x_derivative1_power2	trans_y	trans_y_derivative1	trans_y_derivative1_power2	trans_y_power2	trans_z	trans_z_derivative1	trans_z_power2	trans_z_derivative1_power2	rot_x	rot_x_derivative1	rot_x_power2	rot_x_derivative1_power2	rot_y	rot_y_derivative1	rot_y_derivative1_power2	rot_y_power2	rot_z	rot_z_derivative1	rot_z_derivative1_power2	rot_z_power2
600.0004378928841	n/a	360000.5254716526	n/a	628.4560543528775	n/a	394957.0122527869	n/a	577.9725484026319	n/a	334052.2667070327	n/a	570.542097290357	526.8013254172159	n/a	n/a	n/a	n/a	-0.1780854411	0.0011329782	-0.0254728747	0.038165923	-0.0142452787	0.0161297417	0.0225354888	-0.0447071388	0.0977925915	-0.0203249692	0.5145978347	-0.0514720136	0.1260937475	-0.3356074608	-0.1354524643	0.218318391	-0.1427735996	0.0453361178	-0.0688355949	-0.1054435799	0.1203893985	-0.0758882457	0.0135213577	-0.0424981683	0.1483279225	-0.1082253154	0.0861074627	-0.0065060562	0.0557025889	-0.0803144389	0.0100202943	-0.1125898779	-0.1552977565	0.0037297852	-0.0907702895	0.1416382712	-0.0193672472	0.0620251228	-0.0626283571	0.0353160847	-0.0099034265	0.0101049048	-0.0882121467	0.063941339	-0.0532936833	0.036234344	-0.0626979549	-0.1415698974	0.00309213	-0.0285768619	0.0477765004	-0.2182715277	0.1217040826	-0.0391828496	0.0142203108	-0.1322845565	0.2491229014	-0.1509112288	0.2996790609	-0.1252347237	0.1761060094	-0.1003138164	0.0667327796	-0.2621760094	0.1929392907	-0.1028859086	0.1449781849	0.0069566996	-0.1261401049	0.1114681244	-0.1346593417	0.1050099712	-0.0708149369	-0.2772840655	0.0228889719	-0.1274703049	0.1901908498	-0.028006511	0.0082148535	-0.1238047019	0.0813400609	-0.0498988343	0.0423990716	-0.0073787437	0.0071259811	-0.0621374834	0.0992916076	-0.0515097046	0.0647726284	-0.1477488469	0.0656989652	-0.0066458696	-0.0452931502	0.1430166804	-0.1034240144	0.1738171848	-0.0597097316	0.1154637225	0.1154447293	0.1154130763	0.0182216869373377	n/a	0.0003320298748423	n/a	0.00169427692731	n/a	n/a	2.870574306415015e-06	-0.0466531095712383	n/a	0.0021765126326659	n/a	0.0040547561512969	n/a	1.6441047446480048e-05	n/a	-0.0012593367204964	n/a	n/a	1.5859289755906275e-06	-0.0004099474781739	n/a	n/a	1.6805693486114026e-07
595.785414063052	-4.215023829832035	354960.2596102824	17.766425886051913	614.6945742333842	-13.761480119493283	377849.4195919614	189.3783350792089	576.6937059447285	-1.2788424579033515	332575.63047626504	1.6354380321362858	566.8887924000069	516.9937525348859	1.302867	23.876133	0.1107779312708683	0.0652428430803383	-0.2211824198	0.0882223152	0.0046931117	-0.0212170369	0.0557393211	-0.0956079796	0.1709355258	-0.0396566829	-0.0710919211	-0.0646186557	0.1830100675	-0.1417378241	0.0026696646	-0.1266136854	-0.1344216356	-0.021520771	-0.0797878832	0.1054912613	-0.177012341	-0.1405978157	0.0020866148	0.1197639167	0.0378461562	-0.1112860826	0.0033923612	-0.0267625416	-0.0546263094	0.0326898209	-0.0786322776	-0.0646752925	-0.1032624033	-0.0700588398	-0.0957004564	-0.0591410483	0.0234819863	0.1704614542	0.0869515292	-0.0774496622	0.0544712335	-0.0540378212	0.0608648913	0.0166803357	0.0477704637	-0.0701875416	-0.0149969604	-0.1095646084	-0.0281625796	-0.1597979685	-0.1237174405	-0.1401552536	0.0627232783	0.0651269496	0.1217643531	0.0002442613	0.1174028116	-0.0328109973	0.1306947523	-0.0840645095	-0.0015479599	-0.0747693024	0.0267858304	-0.0826334471	0.1421858812	-0.0965143602	0.1650496559	0.0828074018	0.1752380232	0.117219226	0.0537783633	0.11939095	0.0782049175	-0.0309535547	-0.0330828141	-0.2727732977	0.0478411859	-0.0511793903	0.1704930971	0.0154600611	-0.0321839569	-0.0304423579	0.1047874461	0.0282659886	-0.0224869474	0.1614486477	0.0064075268	-0.1986324311	-0.0860460386	-0.0220405376	-0.0565479035	-0.0346921032	-0.0104025628	-0.0675888239	-0.023377864	0.0287739383	-0.0943525761	0.381058512	-0.2191953317	0.1154130763	0.1152422001	0.1149575937	0.0175135516668234	-0.0007081352705143	0.0003067244919864	5.014555613463617e-07	0.0312291603730585	0.0295348834457485	0.0008723093401539	0.0009752604576062	0.0062093083856922	0.0528624179569304	3.855551062862747e-05	0.0027944352322532	0.0037401257292247	-0.0003146304220721	1.3988540470408596e-05	9.899230249333065e-08	-0.0013290867376998	-6.97500172034001e-05	4.865064899874609e-09	1.7664715563294972e-06	-0.0005790169308518	-0.0001690694526778	2.8584479828804643e-08	3.352606062130381e-07
596.9127298614128	1.127315798360769	356304.80707060394	1.2708409092337778	612.4392314487034	-2.2553427846808063	375081.81221747847	5.086571076411774	578.7749958486532	2.0812899039246986	334980.49581960856	4.331767664178881	568.9690234087132	518.423222987725	1.157096	21.20476	0.1319758246803244	0.0639422065117123	-0.1992479321	0.0704683679	-0.1354790163	-0.0289211545	-0.0489020402	0.0433884827	0.1368290869	-0.1416604671	-0.0793033293	-0.0504065909	0.1280758715	0.0482424826	0.1162944387	-0.0671022339	0.0083597855	-0.0682417978	0.0380761951	-0.0606469211	-0.1272228169	-0.0468555389	0.1434104564	-0.0407110166	0.0270834271	0.0516455362	0.0054145426	-0.0228047878	-0.0483133659	0.0909453783	-0.0148389259	-0.1298376516	-0.0858741717	-0.0473255556	-0.0299423164	-0.0239969094	0.1292123382	0.0490991432	-0.0821024565	-0.1716529019	0.050978873	0.0400018947	-0.1771621142	-0.030853512	0.1733500401	0.0044735208	0.1025094474	0.0048355082	0.1112371966	-0.0595984815	-0.1610691812	-0.0013991375	0.0093969081	-0.0855116084	0.0452971073	-0.0732686009	-0.0380827763	-0.1496047098	0.0541171673	-0.0375395331	-0.0422669041	-0.1808817543	-0.0736454924	0.1073230543	0.0339534477	0.0832496516	0.2033226194	0.1425831164	0.012407448	-0.0276774839	0.0028602088	-0.1610638969	-0.1305969341	-4.74071e-05	0.0086128445	-0.2352436819	-0.070274367	-0.1162407912	0.2056602573	0.0495199637	0.1611561547	0.098082127	0.0057262513	-0.0190237275	0.0851177943	0.0745546513	0.086266603	0.06375799	0.0574874928	0.0091477704	-0.1081692595	-0.1554760447	-0.021248185	-0.0003626504	-0.1523884212	0.0793831013	0.0610718973	-0.0522733555	0.1457647713	0.1153118061	0.1148374968	0.1140484259	-0.0107641413312649	-0.0282776929980883	0.0001158667385994	0.0007996279212941	0.0432049000443583	0.0119757396712998	0.0001434183406747	0.0018666633878429	0.0210570691622535	0.0148477607765613	0.0004434001617039	0.0002204560000779	0.003968972493197	0.0002288467639722	1.575274265175441e-05	5.2370841380593554e-08	-0.0001848228236236	0.0011442639140762	1.3093399050569855e-06	3.415947613220035e-08	-0.0004146349842128	0.0001643819466389	2.7021424380827026e-08	1.719221701331489e-07
596.9476723138263	0.0349424524134747	356346.5234808953	0.0012209749806679	617.4333817777577	4.994150329054378	381223.9809335183	24.94153750919395	578.6495604751627	-0.125435373490518	334835.313838099	0.0157340329227057	570.0947374679424	532.463980853761	1.223435	22.420483	0.1770300997073944	0.1146222949314145	-0.0984244456	0.2116412337	0.0923773455	0.06196492	-0.026764729	-0.0586870131	0.0803196084	0.0304966674	-0.1839325992	0.078923455	0.040267845	0.0812151781	0.0917526789	-0.0774818381	0.0723369728	0.0537240327	0.1143576771	0.0899570143	-0.120350185	0.0243375987	0.0379368234	0.0724869143	-0.133522294	0.0835908951	0.0323490058	-0.0629583298	-0.0005993576	0.0901487988	-0.0392737962	-0.0123776919	-0.0562593971	-0.2562577683	-0.0055794082	0.1636690609	-0.0083880726	0.1482402896	0.0561845825	0.0482633234	0.1381234422	-0.0495676812	0.0528838245	0.1378929405	-0.0118806749	-0.1101820822	0.0974831055	0.0370934541	0.0461149453	0.0254393368	-0.1012849284	-0.1615752876	-0.0369521404	-0.0645097396	-0.0757155369	0.0750864113	-0.0520443865	-0.1249505219	0.0970033778	-0.0204281088	0.0895965119	-0.0460844537	0.0462055387	0.052816625	0.1207153084	-0.0200936599	0.0282278517	0.0923926534	0.0554894706	-0.0950615765	-0.0335138723	0.0313409516	0.2079178571	-0.0471084048	0.1690787601	-0.1557948646	0.1067890596	-0.1742239312	0.2613968972	0.1733035147	0.084092127	0.0686314155	-0.0810671109	-0.0257573451	-0.0433613013	0.0819918922	-0.0232787072	0.0166017635	0.006459003	0.0784488766	0.1798630763	-0.1254243021	-0.1477774494	-0.0362540733	0.054760474	-0.1417975865	0.1016976393	-0.034714482	-0.1240911355	0.1151599564	0.1142313295	0.112689161	-0.0130427962994019	-0.0022786549681369	0.0001701145353076	5.192268463815428e-06	-0.0620219525321203	-0.1052268525764786	0.0110726905031519	0.0038467225958965	-0.0093535323354103	-0.0304106014976638	8.748856714956605e-05	0.0009248046834497	0.0040868169629831	0.000117844469786	1.6702072888926405e-05	1.3887319059166929e-08	-0.0005369872396578	-0.0003521644160341	1.2401977592070906e-07	2.883552955553035e-07	-0.0007269059116948	-0.0003122709274819	9.751313215046849e-08	5.283922044568484e-07
593.3843510697698	-3.5633212440565103	352104.98809449177	12.697258288344436	611.4699401186224	-5.963441659135356	373895.4876686717	35.562636421911044	577.6697478929325	-0.979812582230238	333702.3376306842	0.9600326962966872	568.2224783323429	516.9648751203517	1.174883	21.530725	0.1751554692375305	0.1176032552498534	-0.1619190927	0.0845118493	-0.0234030265	0.1112146201	-0.1923330503	-0.1162359339	0.1569544334	-0.0718429768	-0.1764587055	0.0444375235	-0.0456263688	0.0882495682	-0.2311748126	-0.1208163983	0.0915509842	-0.0466206502	-0.0724130637	0.1371054657	-0.0905611121	-0.0251980328	-0.0841216649	-0.099648878	-0.205935877	0.1173127925	0.1304528344	-0.1548509445	-0.2314111381	0.0954439656	-0.0348776023	-0.0945045664	0.0204264367	-0.0063936039	-0.120063495	-0.0691298579	-0.1117563185	-0.0593169811	0.1115859542	-0.0394120727	-0.0712859538	-0.0336103588	-0.1066905093	-0.0884989245	-0.0932182474	-0.1186156539	-0.0915926617	-0.0143679162	0.0050639182	-0.0829693693	-0.0983239222	-0.1046717774	0.1872252581	-0.0157133218	-0.043396128	0.1472440196	-0.1067309847	-0.1124046825	-0.0951953783	0.0951258536	0.1265058613	-0.0372561268	0.077653257	0.0472682806	0.1169302745	0.1451420271	-0.0154910306	-0.0724223251	-0.1351593814	-0.0856247002	0.1463780289	-0.0404613851	0.013310438	-0.006073585	-0.1260636209	-0.2148401752	0.0118245764	-0.1239295016	0.1075289854	0.1202371905	0.0562885016	0.0010717408	0.006405667	0.1263059292	0.0271604951	-0.0732596634	-0.0209909924	0.0843858335	-0.0203995819	-0.125394384	0.0275013406	0.2278652918	-0.0638015182	0.0538631961	0.0812799564	-0.1039434047	-0.1778595069	-0.3206306187	-0.077323461	0.1149575937	0.1134247617	0.1108851636	-0.0106579743037968	0.002384821995605	0.0001135924162603	5.687375950721887e-06	0.0306159032317907	0.092637855763911	0.0085817723205351	0.0009373335306983	-0.0027545779445858	0.0065989543908245	7.58769965279853e-06	4.354619905218195e-05	0.0030408452205902	-0.0010459717423928	9.246739655586265e-06	1.094056885884438e-06	-0.0007047162726754	-0.0001677290330176	2.8133028517019177e-08	4.966250249735088e-07	-0.0004699299453615	0.0002569759663332	6.60366472729333e-08	2.208341535474624e-07
592.6906360200207	-0.6937150497490165	351282.1900258168	0.4812405702482805	608.8062718263146	-2.663668292307761	370645.0766150565	7.095128771445746	575.7975165862639	-1.872231306668596	331542.7801069089	3.5052500656699968	565.0194282090223	504.5297648784651	1.222638	22.405874	0.1851132462659231	0.0810340632847259	-0.2842193023	-0.0199256264	-0.030714421	0.0981814584	0.0076383562	-0.0091087749	0.2399138675	-0.0805301082	-0.0542830594	0.0437244301	0.0454280382	0.1794248142	-0.1115278072	0.1716610374	-0.0421330026	-0.0524248993	-0.0935508634	0.0517292404	-0.156390459	0.0196107733	0.0500531566	-0.0416652085	-0.0756405629	0.0808281798	0.0730395947	0.0241602914	0.0444458486	-0.14054253	0.1884200759	-0.0738811384	0.0299933871	0.0713633517	-0.0031245376	-0.1042814395	0.165549222	-0.1202477696	-0.0654500902	0.0555733451	0.138206258	-0.1565504625	0.0145303771	0.0603783731	-0.0293636068	0.0869965582	0.1342129365	0.0839197241	-0.1461194534	-0.2087349014	-0.0971433606	-0.0585286894	0.0003293626	-0.0945174045	-0.0064578064	-0.040115454	-0.1325599258	-0.0308193584	0.036652375	0.1859656037	-0.0943918417	-0.0071031141	-0.1928634461	-0.1746937213	-0.123669496	0.1297765323	0.0921760865	-0.1050308242	0.0012969922	-0.0614045292	0.0486907784	-0.0206021951	0.0535297189	0.1572365928	0.0725153929	-0.0646267982	0.0356511284	0.0462955113	0.0801038574	-0.0811301602	0.0118879597	-0.0708550115	0.090642644	-0.0071779207	-0.1198874592	-0.2150215826	0.0242889935	-0.0005938292	-0.1884012349	0.1686324889	-0.1309542902	0.1022311022	0.0908782232	-0.0484158769	0.0436665228	0.1286929501	-0.037714532	-0.1511635289	0.0720659532	0.1147048067	0.1124192083	0.108643553	0.0188828479723355	0.0295408222761323	0.0003565619475463	0.00087266018075	-0.0109594526961132	-0.0415753559279039	0.0017285102205318	0.0001201096033983	0.018028595409703	0.0207831733542887	0.0003250302524467	0.0004319402946744	0.0018819844940542	-0.001158860726536	3.5418656358604435e-06	1.342958183507546e-06	-0.000379085366517	0.0003256309061584	1.0603548704554073e-07	1.4370571510732826e-07	-9.014368390393805e-05	0.0003797862614575	1.4423760439191165e-07	8.125883747773099e-09
597.7755557544564	5.08491973443563	357335.6150575492	25.85640870565292	612.6283822979843	3.822110471669703	375313.5347970452	14.608528457647198	577.4188739587371	1.6213573724731989	333412.5560037759	2.6287997292731946	567.1115489403406	520.410423575001	1.246434	22.841948	0.0596298906165231	0.0362160371220698	-0.1630703151	0.0373202715	0.1098795572	-0.0184844725	0.0290488139	0.0831638449	0.1474344217	0.0531030769	0.009311486	0.0232578953	-0.0611375136	-0.0069851705	0.0895280225	0.091802937	-0.0236509939	-0.1185263399	-0.0732254775	-0.051527796	-0.0391739814	0.0365932495	0.0960816452	0.0779529283	-0.0092131099	0.0464027591	-0.0169447114	-0.0073469709	-0.1092595641	-0.0631852686	0.0331653176	0.1066102103	-0.0332806634	0.1170728899	0.0089572596	0.1013262986	0.0304968117	0.0680794404	-0.0455243233	0.1595438578	0.0544751456	-0.0849082122	0.0341171704	0.1289071277	0.0426251326	0.1243097865	0.0212419609	-0.0643569267	-0.0294967704	-0.1090481969	-0.0546592423	-0.0097843429	-0.1082348035	-0.025946099	-0.0907138359	0.0240551362	0.0913284887	0.1131340991	-0.0799099865	0.1261239931	0.0426775935	-0.0570204836	-0.0991495484	0.0636778536	0.1057276765	-0.0854915967	-0.1112351401	0.0834881374	0.0436093588	-0.055260073	-0.136481029	0.0751263192	0.0708082876	0.0320182346	0.0301776335	-0.072004387	-0.0128585963	-0.0004186759	-0.0094103549	0.0592548139	0.0498386531	0.1007941086	-0.0584109152	0.0436701118	-0.0375290783	-0.1663395604	0.1475637022	-0.0206894856	0.0341369854	0.1120371869	-0.0251994943	0.0922938892	0.2644386343	0.079367352	0.2130189309	0.0903668292	0.1072751512	0.110889747	0.1057313856	0.1144017065	0.1112164334	0.105973176	0.0053399133389291	-0.0135429346334064	2.851467446727293e-05	0.0001834110784847	0.021661864362116	0.0326213170582291	0.0010641503266135	0.0004692363676427	0.0217975513877775	0.0037689559780745	0.0004751332465028	1.4205029164663516e-05	0.0018999634369476	1.797894289339995e-05	3.609861061737737e-06	3.232423875641366e-10	-0.0004891485166216	-0.0001100631501046	1.2113897010947713e-08	2.392662713131117e-07	-0.0001560352498422	-6.589156593826195e-05	4.341698461796322e-09	2.4346999193317773e-08
599.6519512900086	1.8763955355522055	359582.4626859148	3.520860205840249	618.1472692656936	5.51888696770925	382106.0465006339	30.458113362351	578.2180789718428	0.799205013105734	334336.14684988826	0.6387286529733365	568.167005415316	537.6359936971306	1.247314	22.858082	0.0561295963672362	0.0268555891402992	0.0175224755	-0.1378236054	-0.0792802022	-0.130080409	0.042093563	-0.0402483636	-0.0457143799	-0.0295885042	0.1546851484	-0.040056416	-0.0659888383	-0.0615940669	0.051543978	0.0972728614	0.1497076141	-0.1543693298	-0.1708392428	-0.1236870987	0.1386591441	-0.0657874986	-0.0268943417	0.0420509353	0.136113045	-0.1236581677	0.1721821639	-0.1094248154	-0.0199635993	0.0518551539	0.0311144646	0.1099801328	-0.0406121422	0.0891337761	-0.0716441123	0.0915613936	-0.0004241967	-0.0913656004	0.1038397818	-0.0236145715	0.0043946705	0.0402054894	0.0838392902	0.005406621	-0.0964281864	-0.0099657807	0.0913194838	0.0034996873	0.0537571429	-0.1045626978	0.0910115844	0.1588651311	-0.007931304	0.1027749092	0.1318499612	-0.087559408	0.1106780079	0.0793147292	0.0294599702	0.134579666	0.1079176591	-0.0063361574	0.0309238761	-0.0626442327	-0.1423742495	0.1451706579	-0.0450945789	0.0366598628	0.0499757016	-0.0681194681	0.0413084198	0.0802670975	0.098389404	-0.0954114863	-0.0547888556	-0.0503522657	0.0202262869	0.072586908	-0.0026152519	-0.0733774594	-0.0461899307	-0.0978662197	0.0259747615	-0.0314059403	-0.1091611151	-0.057559347	0.0285724342	-0.0915607735	0.0178867864	-0.1125319102	-0.3189904594	-0.0189075575	0.0100276524	0.0625980301	0.1047361009	0.0004793184	0.081838764	0.0043694822	-0.0066283483	0.1140484259	0.1098185471	0.1028845713	0.016722494050029	0.0113825807110999	0.0002796418072532	0.0001295631436447	0.0110862118980747	-0.0105756524640413	0.0001118444250401	0.000122904094249	0.0053856323180525	-0.016411919069725	2.9005035465251545e-05	0.0002693510875512	0.0018390344715034	-6.0928965444200086e-05	3.3820477873777896e-06	3.712338830100528e-09	-0.0004888732876076	2.752290140000313e-07	7.575101014742942e-14	2.389970913362632e-07	0.000137949438147	0.0002939846879891	8.642699677210725e-08	1.9030047485072976e-08
598.2933370486701	-1.3586142413385005	357954.9171568335	1.8458326567677892	618.3921498527304	0.244880587036846	382408.8509994818	0.0599665019075103	578.4834334171783	0.265354445335447	334643.0827381269	0.0704129816592827	570.5006620883942	540.1273124616707	1.267628	23.230343	0.2326074383053244	0.1416683874454423	0.0080911578	-0.0155991188	-0.0765401549	0.0458874748	0.0774261085	0.0985016983	0.0044297081	-0.0136195362	-0.1028731083	0.1068810868	0.0465146969	0.0374025544	-0.0458406586	0.1025656044	0.0394758121	-0.2304884916	-0.0286866556	-0.0618931646	-0.0869050186	-0.0558829529	0.1896281664	-0.2129708997	0.0302059179	4.71097e-05	0.1011402595	0.0670381829	-0.2011326833	0.040426141	-0.0823214412	0.065259005	-0.102353536	0.0803410285	0.0034040104	0.0984308439	0.0449174301	-0.0365332113	0.0303229827	-0.046779636	-0.0955462399	-0.0390961157	-0.0107556749	0.0786983746	0.1592783792	0.0914207805	0.002202154	0.0188103019	-0.0388967764	-0.0086439713	-0.0754209012	0.0320352078	0.0021545764	-0.1844589475	0.1626016211	-0.096207539	0.1126667759	-0.1121765805	-0.2339996615	0.1198775527	0.0100491472	0.1042222029	-0.0770198134	0.033972998	0.0340804106	0.1239692432	-0.0609946205	0.1447842636	-0.0602883556	0.0803505777	-0.0710298734	0.0085226714	-0.0429124353	-0.0488781468	0.0656103248	-0.0714221117	-0.1645010244	0.2308415274	-0.0357475222	-0.1798590265	-0.0047339104	0.0652441266	0.1087688686	0.0460646791	0.1024604002	-0.0763982658	0.159310645	0.2048504619	-0.1466273845	0.0518926077	-0.169191748	-0.0962848081	0.1005122379	0.2088108096	0.0463330813	-0.1159242234	0.0045935773	0.0541301168	-0.0061659386	0.1136451198	0.1082280018	0.0993899282	0.0183905654730978	0.0016680714230688	0.0003382128984202	2.7824622724587797e-06	0.1116143888251173	0.1005281769270426	0.0101059143562747	0.0124577717928044	0.0803839125933905	0.074998280275338	0.0064615734038218	0.0056247420442581	0.000927581997178	-0.0009114524743253	8.604083614887272e-07	8.307456129538938e-07	-0.0004888448717239	2.841588369998944e-08	8.074624464513255e-16	2.3896930861075624e-07	0.0003347267415354	0.0001967773033884	3.8721307128810426e-08	1.120419914989065e-07
598.0091005889992	-0.2842364596708648	357614.8843872638	0.0807903650062271	617.9647608974524	-0.4273889552780474	381880.4457110455	0.1826613190936608	576.66814109862	-1.8152923185582492	332546.14495813794	3.295286201816585	567.1093072273113	533.8299453006263	1.475997	27.048883	0.3899594136712428	0.2196629956063508	-0.0585300178	-0.005204109	0.0831816708	0.0150747789	0.0154988079	-0.0279282253	0.0650273846	0.1099448558	0.0332439007	-0.0189161972	0.0138969299	-0.0171880186	0.0110891857	-0.0430794791	-0.0135298824	0.0728101211	-0.0634932137	0.1560629712	-0.0855279775	0.126184967	0.0166809672	0.0671671343	0.0581415696	0.013982611	0.0653373782	-0.1077955735	0.137047132	-0.0055464293	-0.0332313549	-0.1032604235	-0.0222223828	0.0646540497	0.0154302863	0.0034253986	-0.0978551457	-0.0336700617	0.1554682269	-0.0927705028	-0.1704183887	0.0816642569	-0.0334278044	0.0708347555	0.0530778994	-0.0037702403	-0.0610199621	-0.0653283429	-0.1110823305	-0.0918568763	-0.0035836076	-0.1204300975	-0.0581143148	0.0628173071	0.000112819	0.1214665799	-0.040768272	0.0601347211	0.1836472946	-0.1218564728	0.1146403145	0.0280451338	-0.0602648195	0.1857327765	-0.0946996629	0.0424544108	-0.0961339784	-0.1083900138	-0.1645804596	-0.0233289039	0.1788815981	0.0499540008	-0.0576809464	0.02640056	-0.0539430676	-0.096331517	0.097006966	-0.1099251297	0.0422353384	0.0143396011	-0.0025546531	0.1223296748	-0.1189427186	-0.0462094888	0.0321682761	-0.0378631777	-0.1768198226	-0.0241840013	0.1443768449	-0.006756531	0.0748353662	0.1003165171	0.081139904	-0.1831684778	0.0243725253	-0.0675319019	0.0839648613	-0.3017924044	0.0434546483	0.1131919653	0.1064475877	0.0955030384	0.019993909331248	0.0016033438581501	0.0003997564103461	2.570711527467959e-06	-0.0403110197950837	-0.1519254086202009	0.023081329784415	0.0016249783169196	-0.0323666661280412	-0.1127505787214317	0.001047601076244	0.0127126930020177	0.0024699666280449	0.0015423846308669	6.100735143655493e-06	2.378950349534423e-06	-0.0010150889225364	-0.0005262440508125	2.769328010155492e-07	1.0304055206561096e-06	-7.024622621439958e-05	-0.0004049729677497	1.640031046080802e-07	4.934532297364599e-09
599.4424488929692	1.4333483039699786	359331.2495348	2.054487360493614	618.2369237531695	0.2721628557171698	382216.8938917824	0.0740726200321249	577.6337793813361	0.9656382827160996	333660.7830823661	0.932457293046898	569.3055937025282	538.4193239179488	1.13991	20.889801	0.1570143235248998	0.1090557428446572	0.0205818479	-0.0790293964	0.0027062808	-0.0699454604	-0.1007083906	-0.083555693	0.0032246932	-0.1413673349	0.0604544213	0.0619635487	-0.0502700282	-0.1295027353	0.0140366621	-0.1097876704	-0.0410610204	-0.1197390024	-0.104764037	-0.0443609616	-0.0702042702	-0.0731933222	-0.1546193836	0.0343291097	0.0988068718	0.0402900593	0.0692295845	0.0502096573	0.0473457158	0.1337552856	-0.0787245995	0.0147791941	-0.00503119	0.1693987044	0.0384957869	0.106459742	-0.1596784619	-0.0311770099	-0.0365589724	0.1682221897	-0.0127883564	0.0355614081	-0.0115459537	-0.0761908571	-0.0484384897	-0.0810212325	-0.0787841848	0.0408732049	0.0613075858	-0.0633774852	-0.021382425	0.0589709897	0.0997680596	0.1147469941	-0.0157836265	-0.0919100703	0.0595028942	-0.1343303414	-0.0710737252	-0.1163395578	0.0828482184	0.0198594241	-0.0870829189	0.1529638129	-0.1294082891	0.0311030231	-0.1745517832	0.0497706099	0.0754623428	-0.0551728097	0.093433726	0.0756190445	-0.0111834003	-0.0969008025	-0.1051431797	-0.1452670851	0.0047130324	-0.0009483969	-0.15336171	0.0262273932	-0.0519325195	0.0564775748	-0.0739410329	-0.0487702933	0.0554142662	0.1492110427	0.0045029026	0.1485044179	-0.0186316365	-0.1061000005	0.0255288135	-0.0056603414	-0.0523589503	-0.0171189307	0.1057721895	0.0105163941	-0.0008273803	0.0616524672	0.1167734476	0.112689161	0.1044804285	0.0912392418	0.0241269949103184	0.0041330855790704	0.0005821118834025	1.7082396403919712e-05	0.0585114203880721	0.0988224401831558	0.0097658746837534	0.0034235863158296	0.0021795753101798	0.034546241438221	4.75054853274537e-06	0.0011934427975078	0.0021589698513347	-0.0003109967767102	4.661150818972177e-06	9.671899512413404e-08	-0.0009365779182874	7.85110042490001e-05	6.163977788186512e-09	8.771781970235596e-07	-7.098957174425289e-05	-7.433455298533082e-07	5.525625767528956e-13	5.039519296432428e-09
600.1072620183647	0.6648131253955398	360128.7259271783	0.4419764916981857	618.370750159548	0.133826406378489	382382.3846528822	0.0179095070441805	578.9061582879049	1.272378906568747	335132.3401036608	1.6189480818810802	569.6134680288809	543.5034325309988	1.00938	18.49773	0.1412451158860302	0.0692768958952836	0.0318322401	-0.1062246858	0.00136917	-0.0044816226	0.0938398666	0.0533957926	0.0280962355	0.0775381944	0.1314525991	0.0135502724	0.0885209165	-0.0302763729	0.0167830634	0.0078936104	0.0358106068	0.0907540455	-0.0256124404	-0.0855741487	0.00590024	0.0509106657	0.0278536577	-0.1268747783	0.1055579501	0.1189665348	-0.0229634106	0.0293985334	-0.0097390963	-0.1192246634	-0.0262646543	-0.0402103081	0.0661307549	0.0163932307	-0.1382949025	0.093791378	-0.0473147002	0.0306299054	-0.1754034846	0.0752044973	-0.0565657056	0.0833341762	0.0194745957	-0.0438521966	0.042366456	-0.1932509967	-0.012299847	-0.0018464026	0.0208544513	-0.0363130286	0.0443704203	0.0681950721	-0.1485105764	0.0220098184	0.0185515342	-0.0816205334	-0.0975204108	-0.0845615838	-0.0235673991	-0.106248042	-0.0701709303	-0.0471507471	-0.0354463387	-0.0123467193	0.1272024898	0.0781251286	-0.1214715785	-0.0095700269	-0.077667939	0.0502148536	-0.0122501406	0.0062227419	-0.0853384088	0.1352849197	-0.0216827138	-0.0704299687	-0.0043707876	-0.0068200011	-0.1368234064	-0.109654835	0.0452427024	0.0444475523	-0.142754874	-0.1388548815	-0.0479263778	0.0645516252	0.0027804818	-0.0450073401	0.0740891903	-0.0137775438	0.084334487	-0.0535257981	-0.0828744465	-0.0486085204	0.0401761446	-0.0081906961	-0.0843099495	-0.063471804	0.2534887554	0.1121369276	0.102329975	0.0866153656	0.0297015686591493	0.0055745737488308	0.0008821831808141	3.107587248115459e-05	0.0010662522090285	-0.0574451681790436	0.0032999473471186	1.136893773258156e-06	-0.0302654227224081	-0.0324449980325879	0.000915995812566	0.0010526778973346	0.0016599539832638	-0.0004990158680708	2.7554472265533564e-06	2.4901683658655375e-07	-0.0013530576415266	-0.0004164797232392	1.734553598694007e-07	1.8307649812935251e-06	-7.087764454299732e-05	1.1192720125556554e-07	1.2527698380903871e-14	5.023640495963478e-09
601.9428624316043	1.835600413239604	362335.2096323533	3.369428877085404	622.4727055064419	4.101955346893874	387472.2691005096	16.82603766791124	579.9905966019195	1.0844383140146192	336389.0921466505	1.17600645690287	573.1325487207483	552.3800779218967	1.240536	22.733866	0.084930365227399	0.0463393936523961	0.1202971792	0.1955553555	-0.0154286607	-0.0487056959	0.0519357876	0.0138364356	-0.1002363304	0.0111522733	-0.1135481047	-0.0881691754	-0.0235700619	-0.1137366329	0.0697660259	0.0207755925	-0.0676114428	-0.1004540541	0.1748137275	-0.0367843693	0.0233884835	-0.1279223325	0.0404235899	0.0775406406	0.0451372437	-0.0504373492	-0.0732771858	0.0345243538	-0.0423491765	0.0255596087	0.0028796176	0.1869007464	-0.0408699689	0.0856774365	-0.032516592	0.0348215546	0.001911347	-0.0056214955	0.0314314814	-0.0686303255	0.0107182641	0.0398519388	0.1160315482	-0.0688791872	0.1810031042	-0.0636661709	0.0376579743	0.1050255726	-0.0493927492	0.1726687792	-0.0942237197	-0.0315128172	0.0198491929	0.016953938	0.0286111938	-0.0649171396	0.1635785524	0.0775236218	-0.053859768	-0.0104306868	0.0586259941	0.0344888845	-0.1084438295	0.1011049841	0.0580913611	-0.0069487985	-0.0825111639	0.0053555858	0.1204878762	0.1173208449	-0.0128519324	-0.0584071487	0.0358449788	0.0379806027	0.0121424284	-0.0057474777	-0.0186706661	-0.0068540642	-0.1180066923	-0.0296373287	-0.1619736035	0.1829795921	0.1134470043	0.0160730298	0.0335912925	0.1040126236	-0.05386968	0.0135447587	0.0446320425	0.1518719978	0.0321664155	0.0041061644	-0.0688622821	0.0527489804	0.1101276261	-0.0852597779	0.0209030262	0.0289710804	0.0499666225	0.1115355072	0.1	0.0816496581	0.0256260484854067	-0.0040755201737425	0.0006566943609764	1.6609864686582908e-05	-0.0117752875580237	-0.0128415397670522	0.0001649051435887	0.0001386573970741	0.0098528318659845	0.0401182545883926	9.707829577935962e-05	0.001609474351219	0.0015189668197625	-0.0001409871635013	2.307260199539403e-06	1.9877380272142337e-08	-0.0009365552325046	0.000416502409022	1.7347425672112937e-07	8.771357035317454e-07	-7.128908598392971e-05	-4.1144144093238556e-07	1.6928405931651765e-13	5.082133780424123e-09
599.9082957143576	-2.034566717246776	359889.9632669051	4.139461726928321	619.7231579161527	-2.7495475902892395	384056.7924575687	7.560011951265364	578.8825333398565	-1.1080632620629558	335104.9874059701	1.2278041927335988	570.7976453039381	544.4145170202028	1.197054	21.937021	0.1038359595784131	0.0554130453072313	0.0866495159	-0.0788209486	0.0285732788	-0.112389342	-0.1484483383	-0.0150410482	-0.0442752411	-0.0500237328	0.0750997904	0.0668321003	-0.1556845665	-0.0570478295	-0.0017406678	-0.1789386703	0.080428235	0.0917945228	-0.0727312459	-0.0010634169	0.1373234881	-0.0611675926	-0.0436862298	0.1219719489	-0.1363341285	0.0483467131	-0.0980460564	0.0339454375	-0.0736146866	-0.0469703824	-0.0569535283	0.0421071575	0.0272215859	0.0139423092	-0.0280519132	-0.0910883139	-0.031945387	0.1140176767	-0.1581373676	-0.0386498529	0.103049421	0.2272306634	0.0534496265	-0.0335310708	0.0518556659	0.016141926	-0.0412170851	-0.0770720813	-0.0243104628	0.003060787	0.1228560619	0.0500345372	0.0733158466	0.053919712	-0.1604420599	0.0714469868	0.1057315577	-0.0504533392	-0.0225667526	0.0594139631	-0.0562022183	-0.1396023796	0.095406878	-0.0505813958	0.1542388013	0.0713299066	-0.1059613053	-0.0421961575	0.0577770136	0.2034527619	-0.003052008	-0.0985827504	0.0008055648	-0.1230846749	-0.0215191168	0.0014048639	0.0889836977	-0.0951357427	-0.1665519288	-0.0686047864	-0.1812516264	-0.0153608769	-0.103785128	0.0243856213	-0.1608314171	0.0262670461	0.0009532868	0.0523473494	-0.0128077694	-0.1192066063	0.0034949577	-0.0098169298	-0.1475706184	-0.0103609939	0.0375424147	-0.0791351951	0.012565865	0.0489632349	0.1179809023	0.1108851636	0.097494591	0.0763617167	0.0415962468197079	0.0159701983343012	0.001730247749486	0.0002550472348369	-0.0594007038985751	-0.0476254163405514	0.0022681802816108	0.0035284436236461	-0.0095861238964545	-0.019438955762439	9.1893771358176e-05	0.000377873001134	0.0016290864348545	0.000110119615092	2.6539226122269447e-06	1.2126329628010236e-08	-0.0010028587620227	-6.630352951810003e-05	4.396158026557562e-09	1.0057256965657026e-06	0.0001683155522284	0.0002396046382123	5.74103826528614e-08	2.8330125121951244e-08
599.2645025446175	-0.6437931697400927	359117.9440100478	0.4144696454039958	620.2949056346514	0.5717477184987274	384765.7699563011	0.3268954536085	578.8183800122134	-0.0641533276431118	335030.7170399631	0.0041156494476844	570.49230227647	545.2262606181382	1.131988	20.744623	0.2529877081327206	0.1465482501190729	0.0485552408	-0.0475746033	-0.0010556297	0.0277509941	0.0331068028	0.0478764711	-0.0082851508	-0.0057232171	0.0065210247	0.1286289832	0.0131421221	0.0166219847	-0.0442369192	0.0722348646	-0.0105103766	-0.0174439809	-0.0433553609	0.0981386369	0.0514813126	-0.0332785601	0.158162526	-0.071207576	-0.0550759143	-0.0787669282	0.0246919977	0.104393113	-0.017495007	-0.0620265341	-0.0262248543	-0.02354867	-0.018792021	0.0242441794	0.0390707254	-0.1459169694	-0.0245098939	0.0570101696	-0.0682953505	-0.0113197723	-0.0300332523	0.0281958756	-0.1205724423	-0.1478388982	-0.148460378	0.1120332095	0.1034820238	0.0319867889	0.2376500698	-0.0065231318	0.0676377934	-0.0446024494	0.0387026169	-0.151724901	0.0864057082	-0.0342688301	0.0309620436	-0.0509727208	-0.0424639714	0.0502546866	-0.1770679731	-0.1122887012	-0.0298149649	-0.0456494568	-0.0494560406	0.0075827815	-0.1732742376	-0.0503825022	0.0068679939	0.0820786927	-0.0185249959	-0.1828940757	-0.1348963948	-0.0803454766	-0.0613778008	-0.0474633645	-0.0428064347	0.1259753637	-0.1649012122	-0.069730399	-0.1354486578	-0.0468383036	0.1163769191	-0.0200200401	0.0705146978	-0.2303486457	-0.0902757924	0.1840094924	0.0164959436	0.0111249647	-0.0345308644	-0.0393345449	0.038696603	0.0354594844	0.012991737	-0.1114494169	-0.1145131026	0.121792895	0.0228412406	0.1101861821	0.0948181434	0.0707724105	0.0377045903020984	-0.0038916565176095	0.001421636129849	1.5144990451052531e-05	0.0578360389985874	0.1172367428971625	0.0137444538851353	0.0033450074070461	0.0341075083370441	0.0436936322334986	0.0011633221249615	0.0019091334977562	0.0006131294078956	-0.0010159570269589	3.75927670826409e-07	1.032168680627167e-06	-0.0005548568810989	0.0004480018809238	2.007056853112628e-07	3.078661585027988e-07	0.0004676701740347	0.0002993546218063	8.961318959679291e-08	2.187153916816466e-07
599.3163248926797	0.0518223480622737	359180.0572828681	0.0026855557586874	617.3054424977443	-2.989463136907148	381066.0093373358	8.936889846926723	578.37882668916	-0.4395533230534738	334522.06716232933	0.1932071238073515	569.2221918459292	538.5872208006145	1.087696	19.932949	0.1719303977806461	0.1236533357255962	0.0039176402	-0.077099129	0.0420027945	0.0200445779	0.0397500995	0.0160488386	0.0391738366	0.0848975055	0.0883452011	-0.0503754628	-0.0447198372	0.0262752183	-0.0405273449	-0.0105577209	0.052167272	-0.0133905353	-0.0490892189	0.0160317892	0.0732845931	0.1758416115	-0.0190704875	0.11055738	-0.0191314247	-0.1453531508	0.0303752197	-0.0589494579	-0.0623722139	-0.0626005134	-0.0684158426	0.1093453912	0.0135162321	0.0382948002	-0.0205153429	0.0082224167	-0.1163206855	-0.0723767109	-0.148571217	0.0109919001	0.1548016657	0.0233452301	-0.1262258985	-0.0026111136	-0.1184543505	-0.0781565309	0.0182575892	-0.0681804238	-0.1120158617	-0.0322136338	0.0469894862	0.0177707821	-0.085029862	0.0659707192	0.0619402004	0.1564313741	0.0605458033	0.1051731471	0.042243661	0.0660851266	0.0474060317	0.1210628636	-0.0255704516	0.0192088779	0.0715949504	0.0788797979	-0.0777873664	-0.1121388066	-0.0167574881	-0.0559535181	0.050018387	-0.07910637	-0.0048178829	-0.0787413699	0.0088606275	0.0659004532	0.0138363525	-0.009067807	-0.1094931385	-0.1388445507	-0.0728477716	0.034610549	-0.0241635366	0.0538655582	-0.1636288184	-0.0405862686	-0.1110885867	0.0037150142	0.1515021643	-0.0252410379	-0.0121209955	0.0963456109	0.0597855308	0.1315795446	-0.0742051633	-0.0292204191	-0.0542386781	0.064453136	0.0507235106	0.1094388693	0.0919753525	0.0649037979	0.0248419485332078	-0.0128626417688905	0.0006171224069265	0.0001654475532748	-0.0604753865860772	-0.1183114255846645	0.0139975934238756	0.0036572723827354	0.0195503915391128	-0.0145571167979313	0.0003822178093326	0.0002119096494686	0.0006320123320402	1.8882924144599943e-05	3.9943958785089205e-07	3.5656482425071545e-10	-0.0006309876166141	-7.613073551520006e-05	5.795888890085344e-09	3.981453723203425e-07	3.869956111130819e-05	-0.0004289706129233	1.8401578675187045e-07	1.497656030207877e-09
601.2216536329823	1.9053287403025931	361467.4767971778	3.630277608623067	621.1723624781558	3.8669199804115806	385855.1039066934	14.953070134906298	579.9171098953127	1.5382832061527552	336303.8543493322	2.3663152223316	572.2406387417404	547.9623827820345	1.098284	20.126974	0.1082958948534873	0.0670555924513174	0.0858368382	0.0086173571	-0.119016011	-0.0139266508	0.0442875139	0.0090468317	-0.0820740223	-0.049801329	0.040369606	-0.0372494054	-0.0142748655	0.0061238747	0.0571715888	0.1563636662	0.1466831083	-0.0308672926	0.0392402821	-0.0665348557	0.1144173171	-0.0731839083	-0.0270270986	-0.0475849324	0.0422781202	-0.0475372399	-0.043390388	-0.0009819325	-0.0533599344	-0.0253855263	0.1228153336	0.0753288494	0.0729008559	-0.080547922	0.1144969121	-0.0213434819	-0.0086646099	0.0014658183	0.2018138334	0.0130165049	0.0322918246	0.1895887273	0.0584407378	0.005063659	-0.0517617232	-0.1233449918	-0.0191819644	0.0521253854	-0.0091231706	0.0936388867	0.0408772347	0.1011017726	-0.0009965027	0.0258368468	0.051850394	-0.1197444049	-0.007533445	0.0834624435	-0.0531649743	0.1233745159	0.099737319	-0.0448589715	0.0772554738	0.0774776093	-0.0412971143	0.0094565157	0.0410631761	-0.0923685816	0.0686978098	0.0982705987	0.0407250176	-0.1006277368	0.0351552157	-0.0031085052	-0.0583524519	0.080152249	-0.0648801809	0.0528395834	-0.1088019539	0.048870462	-0.1459708223	0.0474830829	-0.0113127935	-0.0681219758	-0.0937906083	-0.0054676341	0.0229663768	-0.0398410754	0.0112661342	0.1244462191	-0.1885596756	-0.131932124	-0.1387747872	0.068155378	-0.2271166931	0.1049989971	-0.0412228008	-0.0507662025	0.0454397672	0.108643553	0.0889712056	0.0587790397	0.017725597891129	-0.0071163506420788	0.0003141968205979	5.064244646101536e-05	-0.0012639564660048	0.0592114301200724	0.0035059934568642	1.597585947955343e-06	0.0426884781716125	0.0231380866324996	0.0018223061686082	0.000535371053013	0.0004080091323192	-0.0002240031997209	1.6647145205586646e-07	5.017743348524619e-08	-0.0004789921069283	0.0001519955096858	2.3102634964646123e-08	2.29433438499612e-07	3.809772134137914e-05	-6.018397699290542e-07	3.6221110866825693e-13	1.4514363714053752e-09
601.160557386099	-0.0610962468833804	361394.0157567652	0.0037327513832349	622.6278734262924	1.4555109481365207	387665.4687673471	2.1185121201452737	580.0744283491887	0.1573184538759733	336486.34242463805	0.0247490959299267	572.516374181818	548.6261826863467	1.130951	20.725636	0.1277366447903362	0.0856559251303721	0.1039447064	-0.0283380744	0.125061908	0.0457680755	-0.0594241693	0.1587580192	-0.0903534355	0.1486360701	0.0064996737	-0.0112227886	-0.0752748622	0.0455937201	0.0009173419	-0.1778337003	0.0887381011	0.0477329648	0.0829371942	-0.0783200034	0.0350098221	0.0880841486	0.0433678952	0.0448370431	-0.0402474547	0.0226759567	0.0434015566	0.1481178972	0.0458733026	0.1939359652	-0.0841303002	0.1008274581	0.0280376488	-0.0894947713	0.1607840031	0.0255716755	0.1891686189	-0.0500323405	0.0263393162	-0.0043198805	-0.1356607203	-0.0663492469	-0.0613571609	-0.0502984983	-0.135074916	-0.0457762987	-0.0785093461	-0.0575711238	0.0352012015	0.1187800835	0.053545662	0.0339872651	-0.1200062078	-0.0199081636	-0.0719492725	0.0416726859	0.0533154015	-0.1532194253	-0.0185045323	-0.0709040552	-0.0633815332	0.1200598642	0.1102106095	0.0389029464	-0.1090791041	-0.0790329608	0.0142006044	0.0371633381	0.0485856007	-0.1213247326	0.1743105596	-0.1458191273	0.0981884381	-0.0402881579	-0.0070994832	0.153506621	0.0178178258	-0.0131166709	-0.0071869157	-0.1066577466	-0.1325904532	-0.0483283671	-0.1685177093	-0.0643857252	-0.0456531754	0.0696243137	0.0309859051	-0.0650872586	-0.1736001566	-0.0185143287	0.1377560232	-0.0407752083	0.0276241166	0.0354601129	-0.0277339844	-0.0170597385	0.0822809197	-0.0037650633	0.1202146285	0.1078005821	0.085810973	0.0524223074	0.0206796600199083	0.0029540621287793	0.0004276483385389	8.72648306068809e-06	-0.0784152477285289	-0.0771512912625241	0.0059523217434748	0.0061489510763265	0.0138575969046996	-0.0288308812669128	0.0001920329919731	0.0008312197146268	0.0006340065179296	0.0002259973856104	4.019642647772163e-07	5.107481830273584e-08	-0.000328987878414	0.0001500042285143	2.2501268572170336e-08	1.0823302414334485e-07	3.810430985907743e-05	6.588517698292084e-09	4.340856546070802e-17	1.4519384298365852e-09
601.4397444562336	0.2791870701346397	361729.7662115796	0.0779454201303642	624.066303409331	1.438429983038645	389458.7510509872	2.0690808161045573	580.9235194034427	0.8490910542540178	337472.13539608207	0.7209556184141993	573.0279457304213	551.3011581108432	1.144936	20.981922	0.1376079780352075	0.0861874475211168	0.1144824851	0.0176816353	-0.0560283115	-0.0242751562	0.0760800252	-0.1140135504	-0.1299187809	-0.0410260735	-0.0235545892	0.0082759421	-0.0593426797	-0.1715777332	-0.0858950112	0.0580750167	-0.0701022036	0.0273657544	0.1173881297	0.0199439666	0.0683586223	-0.0746976627	-0.1026712141	-0.0534256155	0.0667843467	0.0187672612	0.0040812059	-0.1347082732	0.0325822952	-0.080566127	0.0050791944	-0.0832006227	0.066825132	0.053111433	0.1135959492	-0.0661169511	0.0446965461	0.0040777633	-0.0139107416	0.0660399858	0.0116334536	0.0327850801	0.0231331507	0.1301955339	-0.2118454285	0.0968155759	0.0359788291	0.1997767632	0.1181191666	0.1244477442	0.0252905067	-0.0079362557	0.1064402153	0.1032994644	0.0363281342	-0.068954933	-0.0610038483	0.0684843885	-0.0716308985	-0.0279118872	0.015004135	-0.0710823087	0.0195841516	-0.1246652538	0.0017197377	-0.0285094429	-0.0908415958	0.0454950354	-0.1168191509	-0.078609729	0.1087641054	-0.0274063283	0.0661524316	0.0573303355	0.0637102686	0.1063513183	0.0174210705	0.0934933689	-0.0383064664	0.0786643588	-0.1748102328	0.0244842089	0.020675259	-0.1130260611	0.1091023065	-0.0170122398	0.07636883	-0.2445294276	-0.144255786	-0.0559425516	0.0242686493	0.1670455887	-0.0220703692	0.0198419574	-0.0011286413	0.0523633415	0.1498952758	0.0436631291	-0.0639980862	0.1069103263	0.0825001988	0.0458586883	0.006530438237732	-0.0141492217821763	4.264662357683223e-05	0.0002002004770412	-0.0082553087762136	0.0701599389523153	0.0049224170337926	6.815012299062928e-05	0.0139132278163316	5.563091163200001e-05	0.0001935779082691	3.094798329007394e-09	-5.498369896075559e-05	-0.0006889902168903	3.0232071514069956e-09	4.747075189706193e-07	-0.0001430061238325	0.0001859817545815	3.45892130372133e-08	2.0450751453596323e-08	0.0002279960661689	0.0001898917563098	3.6058879114429046e-08	5.198220618849343e-08
600.2914227048495	-1.14832175138406	360349.79217301233	1.3186428447017549	622.0123843812106	-2.05391902812039	386899.4063235989	4.218583374075008	578.5612515681095	-2.362267835333228	334733.12181605725	5.5803093258499326	570.4888852349034	547.8095243473508	1.087576	19.930752	0.0999487225072746	0.0721846705990824	0.1015906657	-0.0626005837	0.0008004498	-0.0146796195	-0.0725386297	0.0505906232	-0.1116596718	-0.0730399147	0.0512827162	0.0073911301	-0.0708779087	0.1067307636	0.0052494144	0.0190034079	-0.2154344496	0.0195086122	0.0055390969	0.082955415	0.070964446	-0.0801686451	0.0172942952	-0.0438758195	-0.1665507955	-0.0589782354	-0.1169114519	0.0455385496	0.2364938019	0.0074644527	-0.0974581615	0.0323534699	-0.0589801285	0.075715092	0.1388940166	-0.0027324064	-0.0724225326	-0.0217363152	0.0555311517	0.0473223113	-0.1585111387	0.0893079277	-0.0815294581	0.0439300444	0.05697316	0.033392295	-0.0739663165	-0.0453689923	-0.100654545	0.0297285734	0.0484364559	0.0452733516	0.1490654031	-0.1196506339	-0.0601690706	0.0577085706	0.0517859594	0.0787049794	0.0987524201	-0.1768291618	-0.0956049934	0.1416522661	-0.0024747105	0.0256870523	0.0056504592	-0.0153233972	-0.0890418948	0.0669780883	-0.0665947827	0.018146598	0.0038445639	0.0371750207	0.0705143777	0.0248331258	-0.0210858352	0.1541315899	-0.0297104342	-0.0361573433	0.0419915484	-0.0673874286	-0.1511836274	-0.1417082191	0.0466289777	-0.1088450197	0.0162591929	0.0716053024	-0.041797294	-0.0037388026	0.068870019	0.0441129992	0.1475092175	0.0991005864	0.1215864535	0.1479750953	-0.1399736511	0.0433499702	0.0998132618	0.0124365211	-0.1050547318	0.105973176	0.0790446912	0.0391140859	0.0059042200435044	-0.0006262181942276	3.4859814322119094e-05	3.921492267816769e-07	-0.0725775391851755	-0.0643222304089619	0.0041373493247835	0.0052674991941756	0.0139641419591072	5.09141427755995e-05	0.000194997260654	2.59224993457413e-09	0.0003450006256153	0.000399984324576	1.190254316749484e-07	1.599874599065634e-07	-3.3993438883106464e-05	0.0001090126849493	1.1883765479875732e-08	1.1555538870994942e-09	3.800588046815742e-05	-0.0001899901857007	3.6096270662602655e-08	1.4444469501598696e-09
599.9332063724097	-0.3582163324398379	359919.85210828035	0.1283189408266485	622.0288311250029	0.0164467437922439	386919.8667507373	0.0002704953813677	579.2739415978016	0.7126900296921121	335558.2994142532	0.5079270784225437	570.488946305381	551.3739547599298	1.074469	19.690556	0.1420992236628417	0.0854555644245526	0.0890766603	0.0604652479	0.0357163948	-0.0073001518	0.1255917054	-0.0830552015	-0.0613598505	0.0281694574	-0.0997680704	0.0705003278	0.047056814	-0.1470466976	-0.0370729849	0.1219033121	-0.063464332	0.1279558149	0.0652606034	0.1053704464	0.0230226872	-0.021992681	-0.0262243654	-0.0067514516	0.1354962358	0.0111072277	-0.0865213917	0.0273123746	-0.0536062789	-0.1078278055	0.0014159266	-0.0775854443	0.0059224056	-0.0301855367	0.0297129184	-0.0647918565	-0.0777074606	-0.0656350468	0.1345372647	0.0341455999	-0.0324098519	0.0009990187	0.1524264795	0.0223009872	-0.0778909241	0.0639277325	0.0284075942	0.0727448302	-0.0103138418	0.0564468474	0.0486697437	-0.152058761	0.0148835123	0.0580710057	0.0360364592	-0.097501472	-0.0723257492	0.1010375786	0.0130184386	-0.0032512219	-0.1391375034	0.0588428166	0.0906296013	-0.0935762651	0.0433621328	0.0013197054	-0.0639605864	0.1235761468	-0.157628943	-0.0321325053	0.0265733426	0.0795735078	0.0476377728	0.0690003027	-0.0756978982	0.0981716045	0.0558513653	0.1415813699	-0.0036248545	0.0096467993	-0.108194259	-0.0916210002	-0.0226137718	0.0153150115	0.1306344148	-0.0167126186	-0.0300244005	-0.2297926629	-0.0745223607	0.0136496422	-0.0117429633	0.1322037361	0.0249884591	-0.0029846361	-0.0985207084	-0.043110832	0.0832550212	-0.0970925791	-0.1631829497	0.1049895425	0.0754505123	0.032215118	-2.8769432248054727e-05	-0.0059329894757524	8.276802318754113e-10	3.5200364119389386e-05	-0.0147523251417709	0.0578252140434046	0.0033437553791655	0.0002176310970885	-0.0212253274707023	-0.0351894694298094	0.0004505145262385	0.0012382987587514	-0.000517999294157	-0.0008629999197722	2.683232687471502e-07	7.447688615269961e-07	-3.400980137358012e-05	-1.6362490473653682e-08	2.677310945004074e-16	1.156666589470372e-09	3.799114845342791e-05	-1.4732014729509164e-08	2.1703225799047494e-16	1.443327360810398e-09
599.5521559440451	-0.3810504283645741	359462.7876971526	0.1451994289568254	620.6837536995871	-1.3450774254157525	385248.3221066097	1.8092332803630689	578.8826812664461	-0.3912603313555109	335105.1586702298	0.1530846468924242	570.4272914550922	542.1937464561072	1.233431	22.603666	0.1768647553341134	0.0945304753652243	0.0483792061	-0.0534760498	0.0082297894	-0.0734489197	-0.1688937232	0.0365221244	-0.0433339319	-0.0762275752	0.052616524	-0.0582018548	-0.1013678496	0.1223302272	0.0278923029	-0.0005490435	-0.1513620073	0.012045971	0.0065446062	0.0010543038	0.0778576744	0.0103718698	-0.0511042478	-0.0248651514	-0.1874762265	0.011349167	-0.1646015716	-0.1062245078	0.0824577073	0.0171825761	-0.0031227242	-0.0148895148	0.107578375	0.0472019733	0.0698564947	-0.1828029726	0.0923694644	-0.0799670271	0.0513995645	0.0008242453	-0.0967461352	0.0430522048	-0.0131371533	0.0391267064	0.0786338337	0.1367988339	-0.1467099972	-0.068624306	0.000457273	0.0115702178	0.0212640175	0.0882184233	0.1100569212	-0.0621450287	-0.1527737629	0.1213957674	0.0158270306	0.0951766149	-0.069876685	-0.122656895	-0.016891468	-0.0226769436	-0.0569961035	0.020835393	-0.0314136388	-0.0002662068	0.1600672911	-0.2714984065	-0.0484240665	0.1671688021	0.0008105821	0.0340745653	0.0176016982	-0.099506516	0.0592833294	0.110543419	-0.0653494242	-0.1323862986	-0.0264874037	0.0217200874	-0.075379428	-0.1150876631	0.0308977802	-0.0400555229	-0.0550671894	0.1580849193	0.0324726144	0.075695423	0.0340323602	0.0515069769	0.1701251954	0.0680154811	0.016104726	0.0591185095	-0.1846632474	0.0490643556	0.1414485194	-0.0012265835	0.0675006134	0.103959857	0.0717239676	0.0251890118	-0.0042521293157165	-0.0042233598834684	1.8080603717575677e-05	1.78367687052906e-05	-0.0579993011147763	-0.0432469759730054	0.0018703009308097	0.0033639189298024	0.0270884710522949	0.0483137985229972	0.000733785263951	0.0023342231277207	0.0006860022899374	0.0012040015840944	4.705991417993567e-07	1.4496198145018248e-06	0.0003329956646347	0.0003670054660082	1.346930120799549e-07	1.1088611266550561e-07	-1.2614220536738976e-05	-5.0605368990166886e-05	2.560903370630944e-09	1.5911855974948735e-10
600.2755640018813	0.7234080578361954	360330.7527377767	0.5233192181423363	622.2621785214072	1.5784248218201355	387210.2188182077	2.4914249181379264	578.4017106696147	-0.4809705968314119	334548.53890553664	0.2313327150163646	570.232023468724	547.7609201633076	1.248966	22.888355	0.091892385580569	0.0535627540911073	0.0558669868	0.040862828	0.0473797637	-0.0201028242	0.1391946573	-0.0689387887	-0.0303520035	0.0404443125	-0.0472383838	0.0475922349	0.0796917993	-0.0747395457	0.0377747081	0.0863770499	0.0376993924	0.1344924796	0.0569626901	0.1281432123	0.0015650862	0.0404004862	-0.0008550413	0.0622985097	0.1281399496	-0.004684819	-0.0628019959	0.1090205603	-0.0109261104	-0.1063679052	0.030346071	-0.0740273144	0.1725916479	-0.1587909322	0.0400711772	-0.0004949615	0.0495356155	0.0003247772	-0.0323614719	-0.0432054586	-0.1099092617	0.047377889	0.0286288682	0.029535623	0.030517403	-0.039529501	0.0365394955	-0.0765933863	0.0866891344	0.0282103583	0.0560523667	-0.1578291769	-0.0438263393	0.0571222516	0.066952792	-0.0701736	-0.042002983	0.0304435326	0.0682919242	-0.0708053309	-0.1325289624	0.0326465046	0.1586867534	-0.037080626	-0.0439331421	0.0380567743	-0.0552094761	0.058768494	-0.1793183624	0.0140368595	-0.0072915297	-0.0021866908	0.0500779405	0.0540509192	-0.0522544837	0.0674722723	0.1074414734	0.1098304868	-0.0334156914	-0.0315755905	0.0180329949	-0.1264698186	-0.1041560633	0.0178919245	0.0951420401	-0.029007253	-0.0963149033	-0.0635402462	-0.0777911174	0.1250957798	0.0012701412	0.0935777051	-0.106258301	-0.0007307238	0.0537737483	0.0203349448	0.1019987012	-0.0315620925	-0.1140665811	0.1028845713	0.0678715947	0.0180634961	-0.0055407554534667	-0.0012886261377501	3.069997099512097e-05	1.660557322892996e-06	-0.0162271718622974	0.0417721292524789	0.0017449107822858	0.0002633211066485	0.0139866567765096	-0.0131018142757853	0.0001956265677838	0.0001716575373171	0.0002389977939329	-0.0004470044960045	5.7119945504792935e-08	1.9981301944823708e-07	0.0001160042773742	-0.0002169913872605	4.708526214523629e-08	1.3456992369110332e-08	3.798621448935339e-05	5.060043502609236e-05	2.5604040248297944e-09	1.4429524912311611e-09
599.7119318927985	-0.563632109082846	359654.4012545926	0.3176811543891772	618.1115597730492	-4.150618748358056	382061.90032507177	17.227635994221398	579.628930990752	1.227220321137338	335969.69764148194	1.506069716612431	571.0145578384399	541.7800639481268	1.25619	23.020737	0.0460728114939613	0.0239781330863779	0.0477755762	0.0295699682	0.0072877058	-0.035200276	-0.2057942126	0.0259841893	-0.0038278255	-0.0195867747	-0.0025408293	-0.0526810712	-0.1406115966	0.0534069528	0.0241529474	-0.1013822698	-0.0595419188	0.0172977258	0.061576363	-0.1177723613	0.0243236318	-0.0013958068	-0.1024263265	0.02444222	-0.1853096766	-0.0401229031	-0.0427852729	0.1329661174	-0.0399792881	0.0158169473	0.0288495609	-0.0207048077	-0.0575758302	-0.0915174407	0.0715471996	-0.008072171	-0.0852416671	-0.1103705841	-0.0494623001	0.0854528416	0.0808698271	-0.0889020949	0.0058019503	0.0016834336	0.0423256733	0.0774067626	-0.0854713014	0.1216782208	-0.0246775509	0.0480757746	-0.0685048695	0.0866008201	0.0434412606	-0.0415233722	-0.1365522889	0.0581331912	0.0716303192	0.0477858355	-0.1090975737	0.1078618376	-0.0344316151	0.0605038294	0.1666360647	-0.1294748872	-0.0278102364	-0.1595127407	0.0190066051	-0.0260910316	-0.0225862813	-0.0488085063	0.0952360846	0.1322540207	-0.1193773689	0.0384227929	0.0905012115	0.1120324149	-0.0772190574	-0.1247640734	-0.0807490781	0.0918795159	-0.0971502068	-0.0536921892	0.0716097846	0.1465854418	-0.0642427762	0.0025544065	0.0644623564	-0.0193126878	-0.0024658852	-0.0910505274	0.1400303865	-0.0170611379	-0.0465674243	-0.0159679337	-0.1076686464	0.0284012416	0.0666874628	-0.0517387889	0.0274194553	0.1017641571	0.063900152	0.010866692	-0.007940948012731	-0.0024001925592643	6.305865534089642e-05	5.7609243215477125e-06	-0.0365351586660978	-0.0203079868038004	0.0004124143280233	0.0013348178187569	0.0140027590164635	1.6102239953900976e-05	0.0001960772600731	2.5928213153300487e-10	-2.499240789907547e-05	-0.0002639902018319	6.246204525937699e-10	6.969082666328715e-08	0.0002080010455294	9.19967681552e-05	8.463405351001619e-09	4.326443494132353e-08	-7.299741334232656e-05	-0.0001109836278316	1.2317365646680844e-08	5.3286223546704765e-09
599.4632306305643	-0.2487012622341353	359356.1648780332	0.0618523178368521	617.7600319845635	-0.3515277884856687	381627.4571175689	0.123571786077625	578.8546620660289	-0.7742689247230601	335072.7197955766	0.5994923677918037	569.5708573924171	538.1454252334178	1.256457	23.025625	0.0827707314198412	0.0428401733145436	-0.0079584029	-0.078897003	0.0013885689	-0.0159919038	0.1118086281	0.0302211537	0.0356696455	0.0500570839	0.0861458676	0.0345776237	-0.0197333495	0.0446193117	-0.0017455293	0.0810524078	0.1153774292	0.0838645042	-0.0137629075	-0.0996603507	0.0052325345	0.0758511642	-0.0328072144	-0.0180551036	0.0804410212	0.0025220726	0.0562498546	0.1074758711	0.0280174479	-0.0348344351	-0.0303813591	0.0317125846	0.1001038041	-0.0200367643	-0.040703173	-0.0661452815	0.1820637489	-0.1118016223	-0.0562057073	0.0186230003	0.0539728256	0.0534273681	0.067464477	-0.0201829697	-0.0067328625	-0.0550723369	0.0196326228	-0.0514825323	-0.081674927	-0.0272788448	0.0348787196	0.0790684535	-0.1162214578	0.0927998126	0.0081489834	-0.0642130309	-0.0306225421	0.0015790109	0.0126834663	0.0264052482	0.0080875684	0.2569075156	0.0770559672	-0.0204918126	-0.0029226337	0.0870605238	-0.0635327259	0.0461340821	-0.0281001954	0.0629812881	-0.086799055	-0.1085022714	0.0103254179	-0.0063455252	0.1329119984	0.0774481377	0.0753443243	0.0989767534	-0.0926521146	-0.1346732849	0.1491747256	0.0598773963	-0.0583481803	-0.0094401631	-0.1455062144	-0.0441098236	0.0311471761	0.0104028793	-0.0100967877	0.0504485591	-0.0149091677	0.0014679751	-0.0971601274	-0.0515958802	0.012460952	0.0919298213	-0.0037056274	-0.1322912809	-0.1675231549	0.1005991057	0.0598166067	0.003627002	-0.0097740763644225	-0.0018331283516915	9.553256877756256e-05	3.360359553775197e-06	-0.0161400525507104	0.0203951061153874	0.0004159603534579	0.0002605012963396	-0.0162862121273548	-0.0302889711438183	0.0002652407054571	0.000917421772951	-0.0003410068431369	-0.0003160144352378	1.1628566706619435e-07	9.986512327868121e-08	0.0003859937964723	0.0001779927509429	3.1681419388221235e-08	1.4899121091509938e-07	3.806591665583029e-05	0.0001110633299981	1.2335063270279486e-08	1.4490140108486176e-09
599.8959379549934	0.4327073244290886	359875.13637490134	0.1872356286145806	616.0353010300307	-1.724730954532788	379499.49211516057	2.974696865523582	579.9605067479704	1.1058446819414485	336354.1893873626	1.2228924605781832	570.6554301138277	539.6442869336125	1.120886	20.541182	0.0827988343617311	0.0466641066943338	0.006227581	0.0791389476	0.1191614409	-0.0885335016	-0.0318422897	0.1008867324	0.0418965712	0.1365577623	-0.0656538898	0.0048416115	-0.0869042833	-0.0133655619	0.1080489542	-0.0179524594	-0.0015889399	0.0737303351	0.0823804498	-0.1003543505	-0.0435118628	-0.0089712546	0.0697394941	0.0500872766	-0.0248913457	0.1220092784	-0.0351155228	0.0320037093	0.0584775559	0.0823756972	0.0796546744	0.1059502634	0.1285687276	-0.0193737481	0.0685864612	-0.0997490088	-0.0075128941	-0.1201154579	-0.1130095521	0.0581609138	-0.0082996487	-0.0319661133	0.0066300029	-0.0313819035	0.0984911531	0.0442588347	-0.0451806404	0.1059195541	0.0295076409	0.0573040179	-0.0852660052	-0.0316327478	-0.1352877834	-0.031862506	-0.1538791089	-0.0196391465	0.0150071158	-0.0298873947	-0.1595346462	-0.0226705596	0.0015371423	0.015552015	0.0145930511	-0.0414203534	-0.159365762	-0.132446815	-0.0463469248	-0.089988294	-0.0808702929	-0.0279213013	-0.0145369166	-0.0541527289	-0.108541637	0.0660744072	0.0574979177	0.0878619189	-0.0172344491	-0.0242360071	-0.1091849331	0.107235436	0.029870366	-0.004747632	-0.0130586333	0.1184727747	0.0917926573	-0.0584659816	-0.02103768	0.0955751727	-0.022059927	0.0618588385	0.176206059	-0.0683277076	0.0668131734	-0.1927827934	0.0162896927	0.0433457242	0.0656145463	-0.0622135734	0.0719062629	0.0993899282	0.0556281227	-0.003627002	-0.0242668005707713	-0.0144927242063488	0.0005888776099415	0.0002100390549212	0.0118733498946141	0.0280134024453245	0.0007847507165637	0.0001409764377199	-0.0075972523994494	0.0086889597279054	5.771824402093967e-05	7.549802115316192e-05	-0.000884005860886	-0.000542999017749	7.81466362080798e-07	2.948479332764873e-07	0.0002969828991559	-8.901089731639999e-05	7.922939841070703e-09	8.819884239104348e-08	3.813096123337869e-05	6.504457754839925e-08	4.230797068449722e-15	1.4539702045814283e-09
601.2349250916658	1.3389871366723582	361483.43514998094	1.7928865521740407	620.3276483413072	4.292347311276444	384806.39129665645	18.42424544062212	578.6948811304476	-1.265625617522801	334887.76544658287	1.601808203729971	569.9817174054958	542.2481404978261	1.184552	21.707907	0.0679715697704246	0.0315167625885782	0.0289963873	-0.1017239691	-0.0096989737	-0.1678906937	0.0814567063	0.0359807663	-0.0066736841	0.083745576	0.1910891576	-0.1050202786	-0.0682312264	-0.1039647171	0.0272084014	-0.0898177991	0.008543988	-0.0049670444	-0.0616629147	-0.1077302061	0.0233145904	0.0300025354	-0.0708920676	0.1300811687	0.0441167616	-0.1207546785	0.0677996687	0.0628401577	0.2266815277	0.0778113849	-0.040143681	0.0257734596	0.0489386383	-0.0334275779	0.0070410316	-0.073545871	0.0490830745	0.0008154642	-0.0283556972	0.0227456149	0.1599713581	0.0329875356	0.1088837256	-0.0168559344	-0.0130020322	0.0331817637	0.0714909946	0.0246713905	0.0003926121	-0.0180649942	0.0159136581	0.133074142	-0.0707365785	0.1982146135	0.0438627052	0.0418888523	0.1337101562	0.0231174699	0.0937082385	-0.1093497995	-0.0770902973	0.0602090456	0.0390542015	-0.1361671634	-0.105185548	0.0475564853	-0.0564570443	-0.0940380272	0.09459024	-0.0187358089	-0.0375615931	0.0094126322	0.0599346972	0.061430772	0.1513537117	0.1113161555	-0.0118115301	0.0579748772	-0.0309266802	-0.0896709084	0.0388552469	0.0098161235	-0.0533919653	0.0724635924	-0.1077391173	0.1149039329	-0.1736460096	-0.0252152006	0.0569446832	-0.0508247678	-0.1262643867	0.0086888212	0.1281256559	-0.1338328331	-0.0132361182	0.0359244436	-0.0641238581	0.0480672247	-0.1487828865	0.098137155	0.0513420481	-0.010866692	-0.0174090764244425	0.0068577241463287	0.000303075941952	4.702838046714105e-05	-0.0065452721005385	-0.0184186219951526	0.0003392456362003	4.284058687008767e-05	0.0074434477517399	0.0150407001511893	5.540491443288177e-05	0.0002262226610379	-0.0006289715889175	0.0002550342719684	3.9560525966540477e-07	6.50424798785028e-08	0.0004240415556939	0.000127058656538	1.6143902201241453e-08	1.7981124095530294e-07	-0.0001328665798152	-0.0001709975410485	2.9240159044660348e-08	1.7653528031788907e-08
601.9190282615357	0.6841031698698998	362306.5165833114	0.467997147026045	624.7716679712485	4.444019629941295	390339.637099576	19.749310471303563	579.4358814528343	0.7410003223867534	335745.9407150231	0.5490814777772725	572.542841690558	553.7142592485447	1.157995	21.221239	0.0775593523944427	0.0372862958163026	0.1423644404	0.0455987818	-0.1095543264	-0.0645491691	0.0402965409	-0.0128282198	-0.1619204848	-0.0721713052	0.0273597671	-0.1404392237	-0.0470767115	-0.0617274773	0.0342381243	0.0812317852	0.0640156609	0.0157867952	0.0426133017	-0.0353770542	0.0107538917	-0.0603363389	-0.0213240142	-0.0017763114	0.0342696874	0.0256571564	-0.008341285	-0.0805255162	0.0258599737	-0.1211182222	0.1016193857	-0.0128378933	-0.0857887757	-0.0194705192	-0.0205611771	0.1069372542	-0.0385865772	0.0256579323	0.0056620445	-0.0463832323	0.0264303445	-0.04703196	0.086068587	0.0486430905	0.0088796967	-0.0552993059	-0.112212342	-0.070125548	0.1633070232	0.1344595297	0.0183766918	0.06326516	0.0466104915	0.0557110238	-0.0274194087	-0.0958159511	-0.0618714159	0.1148525112	0.0717515492	0.0515823587	0.0795369985	-0.0130890741	0.0873245083	0.030115673	0.0168677248	-0.087578672	-0.0918914282	-0.0378757489	-0.0646410924	-0.0520319813	-0.0772159675	0.1340492911	-0.0678947961	0.0524338663	-0.0570807486	0.1066876557	-0.0121823398	-0.0173435876	-0.1007982061	0.0860526359	0.0022036751	0.0651608222	-0.0083269975	-0.0245466219	0.1245221605	-0.0713199232	0.1048958855	-0.088372068	0.1418862439	-0.0470899632	0.0158654987	0.0569075499	-0.150222782	-0.0772772847	-0.0657276685	0.0117921374	-0.0416034536	-0.0781476755	-0.120049408	0.0968413356	0.0469659021	-0.0180634961	-0.0095982373899232	0.0078108390345193	9.212616099331971e-05	6.10092064231704e-05	0.0005901608851814	0.0071354329857198	5.09144038936996e-05	3.482898703980937e-07	-0.0241688868253788	-0.0316123345771187	0.0005841350903779	0.0009993396974156	-0.0008030029888501	-0.0001740313999326	6.448138001021939e-07	3.0286928162500566e-08	0.0001489844825839	-0.00027505707311	7.56563934678399e-08	2.21963760507924e-08	3.805986308389668e-05	0.000170926442899	2.9215848882138158e-08	1.448553177964961e-09
601.2847503670348	-0.6342778945008831	361543.35102394735	0.4023084474524734	625.3031351189865	0.5314671477379989	391004.01078963344	0.2824573291247639	579.8479558083159	0.4120743554815362	336223.65185508266	0.1698052744455235	572.0493343141344	553.3388880706891	1.06414	19.501265	0.0447445886022114	0.019755136030599	0.1447682693	-0.0197582638	0.0843760078	0.0700107097	-0.0525574901	0.0899940433	-0.1505136399	0.0559056367	0.048364244	0.0278436946	-0.0409506153	0.0772348612	0.047161957	0.0949112691	-0.0868546001	0.0089334926	0.0263227932	0.089212504	0.1302252674	0.0119736402	0.0520951772	-0.0127100549	-0.0890666777	0.0419191367	-0.0402653413	0.0682251778	0.0727493367	0.1095141788	0.0448311849	0.1529043892	0.0373937625	-0.0716665386	0.0286930273	-0.0054264231	-0.0377309617	-0.0395920532	0.0257760349	0.0154921304	0.0426279889	-0.0659479289	0.0748317716	0.117890701	0.1260719958	-0.0575768093	0.0086485594	-0.0678568853	0.0766410796	0.0781121844	0.1567738863	-0.0237674622	0.0091234331	-0.0856511136	-0.0749196173	0.0223548773	0.0883224313	0.0873534179	-0.0829671517	-0.0604537792	-0.0624791275	0.048218532	0.0485496643	-0.0084343287	-0.0224265615	0.0475080741	0.0797607262	-0.1142314363	0.0369659866	0.1824514459	0.0132024199	0.134211706	0.0254200386	0.0685952751	0.117645916	0.1181172885	-0.0013972423	0.0466397414	-0.0124610049	-0.0187391024	-0.0285176714	-0.1133366523	-0.0226913704	0.0760370865	0.0344538966	0.1547471276	-0.0465916734	0.0373697241	0.0182661948	-0.0471989699	0.0490027612	-0.1761280657	0.0742106264	0.0205068666	-0.0813957086	0.0366895045	-0.1037822331	-0.1011148096	-0.2247221807	0.0955030384	0.0425073619	-0.0251890118	-0.0217972908441907	-0.0121990534542675	0.0004751218881462	0.00014881690518	0.0006586655328106	6.850464762919999e-05	4.6928867468008555e-09	4.338402841126716e-07	-0.0160918884451177	0.0080769983802611	0.0002589488737301	6.523790283474047e-05	-0.0006019901656733	0.0002010128231768	3.623921595673672e-07	4.0406155081507484e-08	0.0003440160326884	0.0001950315501045	3.80373055361641e-08	1.1834703074666629e-07	-5.38964060358762e-05	-9.195626911977288e-05	8.455955430428096e-09	2.904822583584032e-09
600.9375468521871	-0.3472035148477062	361125.9352167246	0.1205502807226013	622.2896893596092	-3.013445759377305	387244.4574832789	9.080855344709065	579.904900274451	0.0569444661351781	336289.693362321	0.0032426722234204	572.4507731949842	548.6885798717929	1.088087	19.940102	0.0885555298598012	0.0489773283360123	0.0799920633	0.0070244279	-0.04174983	0.0646775794	0.03365163	-0.149059186	-0.0746418456	0.0135774616	-0.0558434211	-0.0357738078	-0.0244076518	-0.1143653868	-0.1536729048	0.0477389965	-0.0834035858	0.0148568348	0.1132751136	0.0235847501	-0.0142501874	0.0015960664	-0.1172469554	-0.0103640144	0.0974793652	-0.0740415214	-0.0039526952	0.0018228006	0.0628621825	0.0397282296	-0.0786566331	-0.0126294934	-0.0830108208	-0.0410505416	0.0326983245	-0.149670538	0.0628684313	0.0618474601	0.0721996417	-0.0811052942	0.0990831286	-0.0138858757	-0.0119521602	0.0399284953	0.070453266	0.0751158926	-0.0427064681	-0.0694979722	-0.0038252587	0.0975691374	-0.0066418254	-0.0193984525	0.0593876604	0.1392338559	0.0885385624	0.0397852374	-0.0842334036	-0.0159825691	-0.0370969762	-0.1003698567	-0.0962619915	0.0461083318	-0.0366237765	-0.0425717596	0.0481570591	-0.0726530246	0.1587705625	0.0147871936	-0.0168776848	-0.002513258	-0.0444513939	0.027589739	-0.0596257956	-0.1528502882	-0.0391859242	0.0621854472	-0.0348411093	0.0466029905	-0.0268464251	0.0241858513	0.1320662284	-0.0094042074	0.1199542196	0.0877066692	0.0928460972	0.1171789241	-0.1386203329	0.0520240188	-0.0184706079	-0.1515270474	0.0314894018	0.1186248141	-0.0182304216	-0.099688295	0.0004459363	0.0713420077	-0.0833908816	-0.013931318	0.0459770707	0.0941228505	0.0379742494	-0.032215118	-0.028776987775501	-0.0069796969313103	0.0008281150254313	4.871616925294242e-05	0.040058605165214	0.0393999396324034	0.001552355243037	0.0016046918477825	-0.0054491264862832	0.0106427619588344	2.9692979463513093e-05	0.0001132683821124	-0.0006100172753859	-8.027109712599977e-06	3.72121076269237e-07	6.443449033811687e-11	0.000873988652984	0.0005299726202956	2.8087097826298425e-07	7.638561655447868e-07	3.876649070098497e-05	9.266289673686116e-05	8.586412431666197e-09	1.5028408012695541e-09
600.8290126444982	-0.1085342076888764	360995.5024353626	0.0117796742386521	623.1296691894531	0.8399798298439691	388290.5846241573	0.7055661145447033	579.7367301522596	-0.1681701221914409	336094.6762876339	0.0282811899978841	572.4215442339579	547.0303048273809	0.983	18.014309	0.0518657246857924	0.0353520696773432	0.0644946723	0.0060682317	-0.0668808959	0.0615874132	-0.0112052042	0.0104549543	-0.1145239775	-0.0429712932	-0.0076813537	-0.0119477724	0.1193915513	0.0915123685	0.0441100708	0.0345954122	0.1494695685	0.0080199478	0.030773628	-0.0136899603	0.0055402847	-0.041180192	-0.0595599141	-0.0494342142	-0.0517427066	0.039608457	0.1411704468	0.1227847964	0.062094763	-0.1553577196	0.0256338875	-0.0334039741	-0.0052495951	-0.0512542894	0.0027736701	0.0826353164	-0.0372372351	-0.0996300504	-0.0371629737	0.074684858	-0.0339934372	-0.0110321364	0.0261640196	-0.0274812406	0.0185502034	-0.0602861809	0.047507441	-0.0194622948	-0.0369047416	0.0856554513	0.0392488663	0.029415831	0.0115673945	-0.0227662279	0.0302388844	-0.081178787	-0.0579594982	-0.0808046262	0.1626039512	0.1172643176	0.0340802312	0.1517199998	-0.0477547813	0.0195779067	0.0211814146	-0.1732168708	-0.0140416506	-0.0558412207	-0.1466687208	0.0201666378	-0.1343133383	0.0444621177	0.0090376937	-0.0375165184	0.103417838	0.0969951346	0.0011011611	0.0152019366	-0.0190181089	-0.0389437058	0.076642647	0.0188379436	0.16712293	-0.0715861925	0.0462470058	-0.0895082879	-0.0229637703	0.0628308082	-0.0676663097	0.0126698683	0.0601650156	-0.0430726171	-0.1251235955	-0.196019811	0.0211530537	-0.0008707608	-0.0331931191	0.0215117898	-0.1263593217	0.0927013771	0.0333745172	-0.0391140859	-0.0236029240071076	0.0051740637683934	0.0005570980216852	2.677093587940132e-05	0.0075184497152491	-0.0325401554499649	0.0010588617167078	5.652708612072928e-05	-0.016199105361494	-0.0107499788752108	0.0002624110145127	0.0001155620458174	-0.0005420170578852	6.800021750069999e-05	2.9378249103852826e-07	4.6240295801425054e-09	0.0008739894902021	8.372180999687007e-10	7.009341469152013e-19	7.638576289837266e-07	3.873701357531785e-05	-2.9477125667116608e-08	8.689009375949848e-16	1.5005562207343591e-09
600.4230015495442	-0.4060110949540103	360507.780789764	0.1648450092257544	621.5326132300304	-1.5970559594227325	386302.7893085505	2.5505877375276644	579.5164322815738	-0.2202978706858402	335839.2952843639	0.0485311518287152	571.1065677934223	543.3933703972618	1.006871	18.451752	0.130104982593226	0.0860344126998187	0.0267064171	-0.0447851106	0.1062618018	0.0414505609	-0.007488866	0.0561322901	-0.0242402581	0.1451328947	-0.0025194825	0.0980396307	-0.0430301057	0.0637133295	0.0006859414	0.0325584747	-0.0401775965	-0.1053282705	-0.0076778342	-0.0087026831	0.0411350966	0.1654913273	0.0508308866	0.0500823069	0.0036837412	0.0144532517	-0.0907266713	-0.0894112697	-0.120758543	-0.1048583931	-0.0325990108	0.0330485334	0.0489212364	0.0941529429	0.1345085817	0.1558936767	-0.0544428606	0.0338443077	-0.0215346296	-0.0606249837	0.0296521939	-0.0366967612	-0.0589773252	-0.0675332877	-0.0391747103	0.02623704	0.0240193803	-0.0372780407	-0.0284113534	0.0083005944	0.0763953983	-0.0191507256	-0.1064479278	-0.025781792	-0.0364071752	0.1173579642	-0.0277618341	0.0501439796	-0.0522669251	0.0576173878	0.0113901178	-0.0632565193	-0.1372716494	-0.0141732936	0.0257655746	-0.0263445505	0.0113958814	0.1490692248	-0.1021834857	-0.0510772519	-0.1511577495	0.060487197	-0.1049663233	-0.0575992929	-0.0956057827	0.0447364501	-0.0219209642	0.0882965664	-0.0767698194	0.0671181227	0.1993322884	0.0745883783	-0.0790463641	0.0869608504	0.0488206656	-0.1362648528	0.0310562455	0.0119010852	0.0297873211	-0.1091790101	0.0603937657	-0.008711305	0.1438118376	-0.0044816471	0.0882508454	-0.053828423	-0.0718381193	0.0415141471	-0.0803073075	0.0912392418	0.0287162347	-0.0458586883	-0.0310042572195214	-0.0074013332124138	0.0009612639657342	5.47797333211796e-05	0.0819775951710397	0.0744591454557905	0.0055441643420065	0.0067203261100268	0.0049338255513617	0.0211329309128557	2.4342634571269587e-05	0.0004466007689675	-0.0010490183373243	-0.0005070012794391	1.1004394720426391e-06	2.570502973528845e-07	0.0009089801713639	3.499068116180008e-05	1.2243477681667504e-09	8.262449519327451e-07	3.897651321773613e-05	2.39499642418282e-07	5.736007871848494e-14	1.5191685826123591e-09
600.0321024555092	-0.390899094035035	360038.5239771787	0.1528021017174111	620.1990237319678	-1.333589498062565	384646.829038086	1.778460949342765	578.660920265138	-0.8555120164357959	334848.46064209635	0.7319008102660415	570.7516135374705	543.8670591282763	1.029519	18.866804	0.0871310869324953	0.0599212662786573	0.0463605368	0.0127052117	-0.1650945091	0.0486840707	0.0287902906	0.0209346306	-0.0376853329	-0.055695315	0.0219345045	-0.1387220708	-0.0173001867	0.0737427201	-0.0628924386	0.1040529871	0.1235948784	-0.0292401123	0.0479501993	-0.0735632641	0.0007164247	-0.0035630324	-0.1046273708	-0.049627551	0.0678398781	-0.0692237518	-0.0533231931	0.0772777409	0.1195415593	0.1180266869	0.1952395836	0.0407214241	0.0268844257	-0.0122669501	-0.0103305667	-0.0437581224	-0.0625174454	0.0728101617	0.0161777407	-0.1473251792	-0.0712207098	-0.1999361463	-0.0650709742	-0.0490385844	0.0748677752	-0.1250474206	-0.0951903134	-0.0402670346	0.0301221312	0.0667233117	-0.0142784738	0.0958561988	-0.0110332905	0.0355450962	-0.0060801536	-0.000817166	-0.1385752678	0.0918433676	0.0187701099	-0.0031643338	-0.0501310926	-0.0782843063	0.0684398372	0.0785541887	-0.1712862511	-0.078405452	0.1201712231	0.0416526437	0.0815237561	0.0714679386	-0.0569494506	0.0497755747	0.1117305072	-0.0124788523	-0.0769384592	0.1101278895	-0.0652892643	-4.56571e-05	0.000537163	0.0342830177	0.1030780413	-0.0452435088	-0.0844368246	0.0441160463	0.0728313951	0.0002608227	0.0190663571	0.0242297102	0.0572833769	0.0247621225	-0.0753277124	-0.0377964198	-0.1028958546	-0.0228459095	-0.104560258	0.0038923966	-0.1659008249	0.0764128874	-0.038813535	0.089737086	0.0240075741	-0.0524223074	-0.0333516146405941	-0.0023473574210726	0.0011123301991346	5.510086862265071e-06	0.0248658011226865	-0.0571117940483532	0.0032617570194215	0.0006183080654729	0.0052401151667993	0.0003062896154375	2.7458806961320052e-05	9.381332852491273e-08	-0.0011369052248939	-8.788688756959998e-05	1.2925534903910497e-06	7.724105006671507e-09	0.0011660924035892	0.0002571122322252	6.610669995987652e-08	1.3597714937084375e-06	-0.00016333728394	-0.0002023137971577	4.09308725203816e-08	2.6679068324896185e-08
599.6926141059222	-0.3394883495869862	359631.2314131945	0.1152523395052958	617.9082660786589	-2.2907576533089014	381810.62528833473	5.247570626193305	580.1680881510205	1.5071678858824953	336595.0105088103	2.2715550362355104	571.6177583358906	540.8462417329131	1.022326	18.73498	0.0585731413594586	0.030867376515719	0.0186283587	0.0275426796	0.1261384456	0.11125822	-0.0820183684	0.0047472956	-0.0015761627	0.0715294279	-0.0789156717	0.1031325206	-0.1252199169	0.0327407608	-0.0623865065	0.0221444483	0.082854085	-0.0347576757	0.0892670863	0.0202543543	-0.0003496071	0.086754895	-0.0100512488	-0.0031916451	0.0612471067	0.004954495	0.0214833395	0.0884646024	-0.0507136334	0.1181995716	0.001570476	-0.0583418401	-0.0824848895	0.058572757	0.0399140685	-0.036852834	0.0230112599	-0.0853264998	-0.013598655	-0.0806394944	0.1068209542	-0.0769756634	-0.0825182321	-0.0327315105	0.0297484215	0.1101315112	-0.1039602042	0.0696661646	0.0932076211	0.062908289	0.0376640406	-0.0590809431	-0.0621354038	0.0318437247	-0.0460710433	-0.0044286314	-0.0145946232	-0.0931588336	-0.141840171	0.0567576203	-0.0666885512	0.0571335081	0.0079504327	0.0670521079	-0.165288578	-0.0441753052	0.0825817278	-0.0037197886	0.0408944128	-0.0667144228	0.1120920452	-0.038960927	-0.0038787889	-0.0155162962	0.0096608201	0.0893204878	0.0098069081	0.0987805612	0.0290580272	0.0361591242	0.0575489753	-0.0010255335	-0.1052142436	0.0997115168	0.0945991866	-0.0061890958	0.079489685	0.0616419104	-0.1433492377	-0.1015153167	0.042527699	-0.1154288747	0.1014463196	-0.0968694019	-0.050791111	0.0049181022	-0.0615460442	-0.0283008591	0.0938940068	0.0881955685	0.0192567962	-0.0587790397	-0.033403481248996	-5.186660840190288e-05	0.001115792559552	2.690145067116342e-09	0.0358814358570214	0.0110156347343349	0.0001213442086002	0.0012874774391615	0.0269290693528887	0.0216889541860894	0.0007251747762126	0.0004704107336862	-0.0013810222337272	-0.0002441170088332	1.9072224100488648e-06	5.959311400171739e-08	0.001096970850668	-6.912155292119982e-05	4.7777890782382285e-09	1.2033450472152758e-06	3.975787091814887e-05	0.0002030951548581	4.1247641926855474e-08	1.5806882999441876e-09
599.1198667244576	-0.5727473814646373	358944.6147039318	0.3280395629745988	620.535586663854	2.6273205851950934	385064.4143162535	6.902813457389888	578.9000381190846	-1.2680500319358998	335125.2541342776	1.6079508834926366	570.8130981215725	541.4658446718809	1.032435	18.920231	0.0671659228741972	0.0400603331948758	-0.0002129117	-0.061094574	-0.0681127818	0.117552805	0.0480699526	0.0453270592	0.0081581627	0.0438362461	0.0616448775	-0.0817877701	-0.0304456214	0.0714274259	-0.1888068984	0.012673278	0.0015730613	0.074237305	0.0243874774	-0.0528613176	-0.0822118258	0.1005314258	-0.0913762859	-0.1123935689	0.0753759556	0.0440192382	-0.1233568425	-0.0729651571	0.0675583501	-0.0483326233	-0.1174137123	0.0136142531	0.0828035712	-0.0254141859	0.0412897606	0.0223265324	0.0552956442	0.0242257676	-0.1280270326	-0.0903742231	-0.0261993556	-0.0228962877	-0.107103904	0.0180789991	-0.0004598308	-0.0216880635	0.067513183	0.0645879133	-0.0426900203	0.0250258734	-0.0146065799	0.0919018887	-0.0804144171	0.0426992093	0.0183466807	0.061470802	-0.2104851468	-0.0007656328	-0.0642229385	-0.1117426292	-0.0851226236	-0.0315548327	-0.0713759565	0.0006317333	-0.0263509743	-0.1356414118	-0.052833714	0.0061228612	0.0870013725	0.031965116	-0.0552981229	-0.1864806749	-0.048291276	0.0582534155	0.0974095936	0.08876444	-0.1039247321	-0.0106606376	0.0079242447	0.013688799	0.1691854986	0.0211412571	0.0284957459	-0.0417467226	-0.0796463406	0.0269399518	0.0623770853	0.0438198276	0.0013079539	0.0897789463	0.1011525506	0.0609818441	-0.1191751999	-0.0812847394	-0.0341406346	-0.0270431008	-0.1944794692	0.094866502	0.0554102362	0.0866153656	0.0144722352	-0.0649037979	-0.03369887700903	-0.0002953957600339	0.0011356143116697	8.72586550460633e-08	0.0195485135403572	-0.0163329223166642	0.0002667643514021	0.0003821443816375	0.0604319259502545	0.0335028565973657	0.003652017674057	0.0011224414001836	-0.0012130187093987	0.0001680035243284	1.471414389351288e-06	2.8225184186796823e-08	0.0009249761671772	-0.0001719946834908	2.9582171149100488e-08	8.555809098458235e-07	3.90611147347837e-05	-6.967561833651735e-07	4.854691790576033e-13	1.525770684323936e-09
598.7190274162706	-0.4008393081869599	358464.473790285	0.1606721509878006	616.8813806277269	-3.654206036127107	380542.6377651705	13.353221754467784	578.0971595624719	-0.8028785566126544	334196.3258941981	0.6446139766684192	569.7420553366343	534.8691831204671	0.972557	17.822924	0.090558352408307	0.0485528744674474	-0.0506101195	0.0184339568	0.0528124271	0.1585483026	0.0179664087	0.0263355424	0.039961335	0.1029916171	-0.0513253246	0.0293973785	-0.0697522717	0.100906242	-0.0112863203	0.0805778058	0.0989992396	-0.031586247	-0.044590518	0.0290047525	0.0426352595	0.1860536906	-0.0470090628	0.0788725751	0.0061313354	-0.0465639852	-0.1157019188	-0.11477202	-0.0136525404	0.0575128775	0.1023828516	0.0656192802	-0.0279752707	-0.131034062	-0.0426973255	0.2455818509	-0.0012587119	-0.0116108248	0.0197729724	0.0638858808	0.0173030968	-0.1388430414	-0.0875448262	-0.1167079737	0.1374754229	0.1524662705	0.1093940077	0.0233754864	0.0072019288	-0.0085302029	0.0511868441	-0.0278539659	-0.0936196773	0.0185479962	-0.0414726562	0.1326829622	-0.0665706463	0.1512533918	-0.0215272441	0.0863803131	0.0724385776	0.0284750078	-0.0265602507	0.1283381237	-0.0149976228	0.0292275491	0.0217544488	0.0305272689	0.0636161544	-0.0507823447	-0.16163952	-0.06770886	0.0165009458	-0.0949285075	0.0610757859	0.1005684545	0.0560224254	0.0158802834	0.0149729779	0.0041557619	0.1535427293	0.1119276332	-0.0352233845	0.0759766003	-0.079314977	-0.1351050381	0.0046881783	0.075318547	0.0494246734	0.0977752428	0.0684205067	0.0637949311	0.044836854	0.0748717024	-0.0263899323	-0.0159298185	-0.0771467951	0.1009511083	-0.1060000606	0.0849971703	0.0096622851	-0.0707724105	-0.0382812485316037	-0.0045823715225737	0.0014654539891384	2.099812877089442e-05	-0.0125043154147022	-0.0320528289550594	0.0010273838440222	0.0001563579039903	0.0268284176307247	-0.0336035083195297	0.0007197639925685	0.0011291957713807	-0.0012859234687617	-7.290475936299994e-05	1.6535991675121229e-06	5.3151039377769274e-09	0.0010750942672625	0.0001501181000853	2.253544397322016e-08	1.155827683500692e-06	-0.0001443088980398	-0.0001833700127745	3.3624561584950995e-08	2.0825058053461396e-08
601.3368827365011	2.6178553202305466	361606.0465392525	6.853166477659378	620.4691405714603	3.587759943733431	384981.9544014866	12.872021413858112	579.9144665591089	1.817306996636944	336300.7885245358	3.302604720025589	571.3093120257059	538.6887264512097	1.036946	19.002907	0.0960781922810685	0.0602640137003868	-0.0162931207	-0.0708515927	-0.116640749	0.0634101815	0.0153551821	-0.0419550273	-0.0108261744	-0.0622316796	0.13588901	-0.0682216527	-0.0267525247	-0.0444536502	-0.0749587326	0.0501788601	0.1194915074	0.0749003308	-0.0584986739	-0.1539058363	0.0761026924	0.0113544501	-0.0910390067	0.0019839343	0.0459423562	-0.0313622599	-0.0749609655	-0.0534634188	-0.0406551812	-0.0184627745	0.129423817	-0.0142068633	-0.090123494	0.0222574233	-0.0791767282	-0.081014817	-0.0405462746	0.06759902	-0.0559515727	-0.0490152697	-0.0195198579	-0.0144388879	-0.0911901915	-0.1334642627	-0.0857706849	-0.1421785679	0.0294589174	-0.0020795372	0.0063037267	-0.0219487081	0.0308482724	0.1495329083	-0.0188601707	0.0966344036	-0.0143343801	-0.0294957633	-0.0875861802	0.0681273679	-0.0316609622	0.0812889167	-0.0207505478	-0.1509624228	0.1001693002	0.043240615	-0.0258783386	-0.0664987893	0.0811792901	0.0199941432	0.1160566712	0.0039176945	-0.0060210062	0.0092103726	-0.0354314701	0.0717911194	0.0038360892	0.0699159348	-0.0612475368	0.0009448045	-0.0692609986	0.1432046773	0.1413852996	-0.0817083314	-0.0500546816	0.0347808652	-0.0882052729	-0.0668570224	-0.019730419	-0.0017594503	0.0859856092	0.0426657707	-0.0676500649	-0.0707566223	-0.1715787121	-0.0154827677	-0.0111713343	0.1792738844	-0.0164496428	0.0377442558	0.0694992967	0.0833416924	0.004835384	-0.0763617167	-0.0399243623629246	-0.0016431138313208	0.0015939547100861	2.699823062678033e-06	0.0402392423527686	0.0527435577674708	0.0027818828859705	0.0016191966251248	0.0375560194089956	0.0107276017782708	0.0014104545938488	0.0001150814399131	-0.0015880196662306	-0.0003020961974688	2.5218064603351462e-06	9.126211252516859e-08	0.0009419693546988	-0.0001331249125637	1.7722242345092786e-08	8.873062651916737e-07	3.974837000771895e-05	0.0001840572680475	3.387707792111624e-08	1.5799329182705311e-09
601.7764485382878	0.4395658017866708	362134.89401535457	0.1932180941003587	619.7668437400059	-0.7022968314544187	384110.9405994489	0.4932208394709161	580.9037298695537	0.9892633104448124	337449.14337635937	0.9786418973922292	572.3615997720648	545.9971330304195	1.200757	22.004887	0.0582743071469241	0.0356279965213357	0.0485378868	0.0598715515	0.1062959139	0.02422341	-0.0288469434	0.1707767243	0.000221766	0.065106921	-0.0790248477	0.019011903	-0.0914411799	0.0662146738	0.1264178354	0.0217467243	0.0979721514	0.0420463943	0.0984006892	-0.0704850771	0.0047938566	0.0418115297	0.0454178983	0.0805538752	0.0372772259	0.0660021202	-0.2246947442	0.1475301668	0.0348805607	0.1756725626	0.027725139	-0.0834632148	0.0913641048	0.0186155608	-0.0794192479	0.003479176	-0.0249324084	-0.0152169783	0.0411937288	0.010816837	-0.0438289656	0.0076963486	-0.1930663213	-0.0892550772	-0.1046375979	-0.100615438	0.0554797787	0.0061822458	-0.0542818303	0.0881133457	-0.009552761	-0.0319839458	-0.1110836882	-0.0333676376	-0.168591031	-0.0572326226	0.0445323176	-0.0507620071	-0.0425995925	-0.0803576393	-0.1242782506	0.0912418267	0.0510697919	0.2129624018	-0.0613455792	0.0293026736	0.1882158964	-0.0901133099	0.0253029708	-0.0578046325	-0.0123812029	-0.1066801875	-0.001907719	-0.1124393297	-0.1542837655	0.1061724356	0.0056750557	0.0031032142	0.0493988361	-0.1302562921	0.0795059651	-0.0308757762	-0.0906620084	0.1643341894	0.1580521965	0.0981936291	-0.0243825705	0.1950551525	-0.0135490313	0.0614233256	0.0496261883	-0.1355302891	0.0767183552	-0.0597745728	-0.0250398315	0.0197355337	-0.035282704	0.0296264367	0.0396589628	0.0816496581	0.0	-0.0816496581	-0.0392385007211117	0.0006858616418128	0.0015396599388406	4.704061917102832e-07	0.0163174014389966	-0.023921840913772	0.0005722544727038	0.0002662575897213	0.0130934508998024	-0.0244625685091932	0.0001714384564655	0.0005984172580669	-0.0015410224967297	4.699716950089987e-05	2.3747503354270385e-06	2.208733941096313e-09	0.0010789698403272	0.0001370004856283	1.87691330624174e-08	1.1641759163357032e-06	3.9831436521339954e-05	8.306651362100568e-08	6.9000456851487206e-15	1.5865433353535344e-09
601.3492178093124	-0.4272307289753598	361620.8817598719	0.1825260957808173	619.5886225560953	-0.1782211839106366	383890.0612009595	0.0317627903945089	579.782719704252	-1.1210101653016409	336148.0020676593	1.2566637907096123	570.3678208722008	547.7530162277482	1.266803	23.215225	0.0911261978363665	0.0457720226370354	0.0435061567	-0.0954581756	0.1034750147	-0.1717796109	0.0880287468	-0.1144306824	0.0231045667	0.0807151339	0.1274478967	0.0166364008	-0.115838312	-0.2390676396	-0.1005735103	0.0037284089	-0.0964401952	0.0662563046	-0.056782895	0.0096255455	0.0861717859	-0.0139017078	-0.1385189644	0.1676040285	0.1561914739	0.0107250048	0.010867591	0.067220814	-0.0528722288	-0.0298473125	-0.0159194117	-0.0687670296	0.0818993225	0.1261926834	-0.0494619236	-0.1843466785	0.1311987707	0.1243917655	-0.010665157	-0.0629977634	-0.0676037161	-0.0615119937	0.0275438563	0.0223066711	-0.0841104859	0.0193404502	0.0809674088	0.0837236821	-0.0341462	-0.0496743071	0.0808802227	-0.0339280869	0.0054793786	0.2855755699	0.0342048292	0.0094192904	0.0504495262	-0.0097099089	-0.0196236332	-0.0599073792	-0.1180392172	-0.0362760598	-0.0697153947	-0.1958380751	-0.0729322564	0.0203245845	0.1493380622	-0.0281725684	0.052845133	-0.0451190117	-0.0077634212	-0.0768615367	-0.0222050332	0.1290569335	-0.1228721013	0.086961071	0.0713731964	0.1276489715	0.06579496	0.1369550668	0.0624751938	-0.0072197616	-0.0168948737	0.0200681528	-0.07889151	0.1095126987	-0.184040202	-0.060705497	0.0269381741	-0.1397810369	-0.1644768645	-0.0321635677	0.1098148354	-0.1477112716	-0.0350697601	-0.0420833551	0.0457550424	0.0433640329	0.0716023328	0.0799218096	-0.004835384	-0.0866153656	-0.0533774770595272	-0.0141389763384155	0.0028491550572403	0.0001999106518982	0.0340230142502804	0.0177056128112837	0.000313488725023	0.0011575654986747	0.027318881374839	0.0142254304750366	0.0007463212795725	0.0002023628722001	-0.0021830303671872	-0.0006420078704575	4.765621584061482e-06	4.121741057293743e-07	0.0013369576775674	0.0002579878372402	6.655772416387595e-08	1.7874558316064157e-06	4.095929305625171e-05	1.1278565349117546e-06	1.27206036334315e-12	1.6776636876679095e-09
602.4991231149638	1.149905305651373	363005.19335430034	1.3222822119651776	625.8255649588958	6.236942402800537	391657.6377561211	38.89945053585134	581.8973669943548	2.1146472901027664	338604.5457149628	4.471733161538974	574.7269554668003	554.3181432522198	1.348072	24.70455	0.0587564559660374	0.0307261275783338	0.1121225788	0.0053513854	-0.1610439061	-0.0565003294	-0.0102801533	0.13281955	-0.1293218393	-0.0886934918	-0.0549135327	-0.0801172507	0.0721764106	0.1143562576	0.089917449	-0.0165320537	-0.0240609747	-0.1649040508	0.0957281643	-0.0731767887	0.0323053515	-0.0570590198	0.0928958372	-0.1171597143	-0.0773401197	0.0158230895	0.1200302788	0.16688557	0.0711886504	-0.088970531	0.0742128049	-0.1550333096	0.0394331336	0.190636537	-0.1037943464	0.0331078065	0.1400003522	-0.0218150697	0.0096461742	-0.0520133993	0.0693196955	-0.0416387802	0.0454985545	-0.0654339036	0.0731329963	0.0568803703	-0.0104941505	0.0154965002	-0.0572951164	0.1382893774	-0.0556880795	0.1218077297	0.0713226941	-0.1514729116	0.0347143131	-0.0805244129	0.0421665823	-0.0759779213	0.0570379628	0.0926337827	-0.102448367	0.0342400642	-0.1478495816	-0.0220835856	-0.1057220805	0.1139729106	0.058147108	0.1023116433	-0.0660245204	0.0440816264	-0.1843597572	-0.0266490041	-0.0721639853	0.1923708351	0.0179905349	0.1226226011	-0.2006152163	0.0083451813	0.1271817427	-0.015032053	0.0456778469	0.0815243396	0.1302321116	-0.0940583327	0.0692187315	-0.0803933224	0.0209423157	0.1115031013	-0.0779796305	0.0012077126	-0.0472177846	-0.0820282839	-0.0842982886	-0.066207008	-0.0019484118	0.0170969444	0.1301061311	-0.0605632868	0.0015799105	0.0781589047	-0.0096622851	-0.0912392418	-0.0639771382174245	-0.0105996611578972	0.0040930742144914	0.0001123528166622	0.0267031421834076	-0.0073198720668727	5.358052707538463e-05	0.0007130578024672	0.0542502849014141	0.0269314035265751	0.0029430934118845	0.0007253004959112	-0.0020800333188831	0.0001029970483041	4.326538607663843e-06	1.0608391959357186e-08	0.0015119577960986	0.0001750001185312	3.0625041485934075e-08	2.286016377183336e-06	4.107251051479609e-05	1.1321745854438009e-07	1.2818192919248422e-14	1.6869511199880351e-09
601.1901583788291	-1.308964736134726	361429.6065315616	1.713388680444253	624.6951059709515	-1.13045898794428	390243.9754240584	1.277937523424006	580.0527458091318	-1.8446211852229908	336461.1879207133	3.4026273169734718	571.6109930850841	553.4614327792015	1.35151	24.767551	0.1648407304701401	0.0952561484743747	0.0892791746	-0.0660631365	0.1749444416	0.0035571745	0.0261440664	0.0036600771	-0.055682499	0.171193486	0.0442972449	0.0984298498	-0.0569649541	0.0551908213	0.0455238563	-0.0080723626	0.078928473	0.1286605865	0.0137345239	0.0086249502	0.1048201962	0.2483400022	-0.0440406489	0.0671398604	0.0439869564	0.0527116241	0.0211567388	-0.0354223796	-0.0700437923	-0.082913178	-0.0106502401	-0.0002557121	0.0022350817	-0.0313032892	0.0569254377	-0.0655075011	-0.1034901767	0.0022882986	-0.1066715243	0.0485640423	-0.0560522432	-0.0849283123	0.0260625825	-0.0547189164	0.0206027135	0.1048431589	-0.050321249	-0.1772305592	-0.1274782022	0.0147778456	0.1710422807	-0.0381176996	-0.1466043726	0.0194684076	-0.0703106445	0.1379547694	-0.0827496465	0.0376256857	-0.0357010549	0.0817534184	0.03208036	-0.0338773381	-0.0133805876	-0.0917129776	0.0411939668	-0.0532478772	-0.0083830024	0.10640443	0.0683997776	-0.029396445	-0.112801383	0.0306011797	-0.0483763058	-0.1159172121	0.0849063432	0.1240142954	0.1540777263	-0.0318487767	0.0488429942	0.0641941074	0.1230829034	0.0005288372	-0.0600519857	-0.0251752436	-0.1826223464	-0.0757608609	0.0290805826	-0.0525426541	0.01086189	-0.0263245829	0.1552537338	-0.0102677387	-0.0142905471	0.03827509	0.1178579626	-0.1043427609	0.1181833802	0.1757795362	-0.0257519978	0.0763617167	-0.0144722352	-0.0955030384	-0.0564100529347655	0.0075670852826589	0.003182094072103	5.726077967503436e-05	-0.0464171798115415	-0.0731203219949491	0.005346581488645	0.0021545545816569	0.0268873630687807	-0.0273629218326333	0.0007229302927924	0.0007487294912188	-0.0012675241021206	0.0008125092167624	1.6066173494566337e-06	6.601712273240108e-07	0.0011899775272554	-0.0003219802688432	1.0367129352433937e-07	1.416046515372876e-06	3.975396892252252e-05	-1.3185415922735682e-06	1.7385519305553165e-12	1.5803780450928863e-09
601.8141007160066	0.6239423371774819	362180.2118206157	0.3893040401224985	623.1242930094401	-1.5708129615114783	388283.88453851454	2.467453360052461	580.7782588988621	0.7255130897302706	337303.38600959367	0.5263692433699637	572.8618979189131	550.0745010115588	1.190256	21.812439	0.2143415688410921	0.1449391408469613	0.082993631	0.0103921842	-0.1321995007	0.0033457394	0.0162505862	-0.0948847801	-0.0842308411	-0.099040598	-0.030140724	-0.081187919	-0.0929908564	-0.069097778	-0.0289555147	0.0661405209	-0.0914422825	-0.001102533	0.0598506896	-0.0399263418	0.0222787464	-0.0684586107	-0.0559018266	-0.1269369249	0.0483515246	-0.0574548949	-0.1577281563	-0.161509289	-0.0624480705	0.0981844003	0.0225113525	-0.087489531	-0.0958996054	0.0837701543	0.0313855998	0.0564043022	-0.1234523145	0.1576423538	-0.0095642929	0.0568512264	0.0239900818	0.057121569	0.1772512409	-0.1182180343	-0.0602154859	0.0180568812	-0.0072608036	0.1796859906	-0.0222077261	0.075048827	-0.0607238431	0.0676097991	0.0933194831	0.0270258475	0.0186274159	-0.0282607936	-0.0832237673	0.0908857681	-0.145987007	-0.0458907269	-0.008561161	-0.2103605109	-0.0364155467	0.0323255847	0.0694057302	0.0601858539	-0.1081188609	-0.0071956858	0.0387275773	-0.131793344	-0.0145690136	0.125026748	-0.0564312421	-0.0156216686	-0.0041348338	0.0422845595	-0.1264823715	0.0396070219	0.0021374199	0.1310498703	0.0443130897	0.0311691165	-0.0407104893	-0.0347470625	0.0977324246	-0.0052858391	0.1254266466	0.0212654923	0.1148481408	0.0138779907	-0.1103375174	0.0344314953	-0.0855662418	0.048298708	-0.0211013237	-0.0425698504	-0.0622774565	0.100332334	0.0322853277	0.074531034	-0.0192567962	-0.0993899282	-0.0583286816489732	-0.0019186287142076	0.0034022351029072	3.6811361429822874e-06	0.0806993568892693	0.1271165367008108	0.0161586139028085	0.0065123862023416	0.0715689679527855	0.0446816048840048	0.0051221171738268	0.0019964458150103	-0.0019550678245809	-0.0006875437224603	3.822290198711493e-06	4.727163702945661e-07	0.0011418876835369	-4.808984371849987e-05	2.3126330688697416e-09	1.3039074818132675e-06	0.0001166163735851	7.686240466257748e-05	5.907829250513812e-09	1.3599378588139611e-08
600.8412240277282	-0.9728766882783476	361010.1764911387	0.946489050595445	623.7104887934456	0.5861957840055538	389014.7738309589	0.3436254971858859	579.1124576339522	-1.6658012649098737	335371.2385868361	2.774893854175335	570.6079743438297	547.4400843857906	1.102391	20.202242	0.2041084030591073	0.141055864236007	0.0590684152	-0.0678030185	0.0662653571	0.0132009715	0.003332679	-0.0482143747	-0.0558315657	-0.0556210204	0.048040978	0.058883921	-0.018721438	0.0950690596	0.0364375177	0.0606472364	-0.1602324524	0.0970315496	-0.0151064732	0.1068589288	0.0488099648	0.0387788899	0.0409538534	-0.0362197451	-0.0295282092	-0.0476888524	-0.221497588	0.1072504359	0.0993220953	-0.0768227646	-0.0691991113	-0.0040497405	-0.0206919199	-0.0640377628	-0.0199537185	0.063122807	0.0309736598	0.1084245905	0.1160312131	0.030144849	0.0919769041	-0.0738184193	0.0247771086	0.0986926368	-0.0136605722	0.0662726245	-0.0957065016	-0.0660368722	0.0068477764	-0.0320255529	0.1187583566	-0.043492139	0.05381693	-0.0836766415	-0.0540680282	0.008296668	-0.0176367731	0.1431573478	0.0960121791	-0.0949812248	-0.1364892773	0.1733365693	-0.0464895143	-0.0158852031	0.0470491586	-0.0340661592	-0.031751963	-0.0272722264	0.0751501704	-0.0676950964	-0.0548806321	0.0302688318	0.0399807309	0.071329297	-0.0833128387	0.1012595497	0.1269563378	-0.0114786698	0.1251201684	-0.0281017537	-0.0125868224	-0.1408812606	0.0447614798	-0.0154222311	0.0115245816	0.0474301932	-0.0164161998	0.0361309601	0.1604944691	0.0094035411	0.0488214252	-0.0572581474	0.0618150833	0.0478431767	-0.064899971	-0.1263429194	0.0467693595	0.0622302979	0.0347878434	0.0726676594	-0.0240075741	-0.1028845713	-0.0574610050161368	0.0008676766328363	0.0033017670974644	7.528627391703114e-07	-0.0443850841713668	-0.1250844410606361	0.0156461173954517	0.0019700356968993	0.0209493650106509	-0.0506196029421346	0.0004388758943494	0.0025623442020193	-0.0014840230258383	0.0004710447987426	2.202324341218264e-06	2.218832024224567e-07	0.001138969853254	-2.9178302829000087e-06	8.513733559808344e-12	1.2972523266214386e-06	3.984535414059548e-05	-7.677101944450452e-05	5.893789426548491e-09	1.587652246589469e-09
600.8217271821295	-0.0194968455987236	360986.7478541173	0.0003801269883004	619.8081420541507	-3.9023467392948983	384162.1329566183	15.228310073685527	580.1068270611079	0.9943694271556752	336523.9308029061	0.9887705576619056	572.026953096743	545.0805470463359	1.111164	20.36301	0.2283220538772004	0.1669294499466049	0.0323777686	0.0279041082	0.0064945624	0.0083891279	0.0606181999	-0.1475386204	-0.0088908074	0.0356726424	-0.0564447901	-0.0120318631	-0.0539550525	-0.1026369994	-0.0820247378	-0.0262639527	-0.0168540931	-0.1410196149	0.0369921132	0.0765237677	-0.0368238611	-0.0138622922	-0.1132164365	-0.0298380378	0.0490233579	-0.1111300893	-0.0446030955	0.034645995	-0.1044711181	0.094267864	0.0336741566	0.0145450744	-0.0678681902	-0.0931901424	-0.0439519063	0.0214083245	0.0291526462	-0.0061109341	0.030741423	0.1368866346	-0.0900716614	0.0623379673	-0.0102506343	0.1035256328	-0.0086805585	0.0662212101	0.2059957538	-0.0332324278	0.0372936861	0.0206638279	-0.0356203385	-0.0426660749	0.0739889949	0.0881765717	0.1194089249	0.0830660519	0.0186435979	-0.0504619203	-0.045436891	0.0012299377	-0.078308078	-0.0392307484	0.0240447561	0.054961296	0.0436935976	0.0322344289	0.1477962815	0.1242153427	0.1115933279	0.0130041907	-0.0337458953	-0.0056417871	-0.0034235724	0.0255397758	0.0284067407	-0.0161956497	-0.0793342789	0.1226282773	0.0303922173	0.1096615529	0.0673310425	0.0138865343	0.0629519507	0.0051991227	0.0014469766	0.0870935895	-0.1621994215	-0.0192394599	-0.1579311765	-0.0193206821	-0.1035676538	0.0613522612	-0.0632220874	0.0401316503	0.030547023	0.0038489302	0.0321986172	0.0368100854	0.0041727433	0.0707724105	-0.0287162347	-0.105973176	-0.0581226244433565	-0.0006616194272196	0.0033782394721834	4.37740266474523e-07	0.1077318599274974	0.1521169440988642	0.0231395646819769	0.0116061536434379	0.0626980737406484	0.0417487087299974	0.0039310484507877	0.0017429546806221	-0.002159026145619	-0.0006750031197807	4.661393897466436e-06	4.556292117136782e-07	0.0011389606921043	-9.161149700171248e-09	8.392666382894773e-17	1.2972314581587058e-06	4.072870563257545e-05	8.833514919799699e-07	7.803098583832389e-13	1.6588274625049831e-09
600.2153129033373	-0.6064142787921583	360258.4218436512	0.3677382775230134	621.6310790212531	1.8229369671023503	386425.1984051274	3.3230991860283163	578.9172172845188	-1.1896097765891227	335145.1444684507	1.4151714205564223	571.544185258724	541.5538537477877	1.009221	18.494827	0.2100211824158964	0.1337581818998075	0.009281175	-0.0534041436	-0.0938183448	0.058780099	-0.0365803783	-0.0321680106	-0.0164449129	-0.1272199997	0.0112287801	-0.0260155094	0.0582935987	0.1798757594	-0.0005685132	0.0232563374	0.0079324862	-0.009517727	0.0071833083	0.0235182369	-0.0305121774	0.0562393015	0.0266785559	-0.0555982064	-0.0170551062	-0.0701854998	-0.0383126068	0.0884887493	0.0503983885	-0.123252747	0.0422126819	-0.0799595642	-0.1280275207	0.0537968951	0.0145213661	0.0843501263	0.0517241155	0.0281382454	-0.030514001	-0.1166554439	-0.1638430264	-0.0206081062	-0.0999328436	0.0311750599	0.0680901867	-0.0013684591	0.1588444046	-0.1142795477	0.0026310205	0.008164415	0.0050311588	0.0326945185	0.0518580672	-0.0925304909	0.0003302839	-0.0284986728	-0.0878359738	0.0061232414	0.1581985355	0.1308027647	-0.1539768963	0.0074642538	-0.154592218	0.012811872	-0.0523168431	0.0492486305	0.1476646331	0.0956869554	0.0081634476	0.0689966362	0.0085069745	0.0148477686	0.0279267177	-0.1043854226	-0.0302774157	0.0690766794	0.031504115	-0.0277679437	0.1162661866	-0.1220030995	0.0590442356	0.0100800729	0.1630766079	-0.0288171917	0.0397272487	-0.0294375047	0.0731936328	0.0300235064	-0.0028307235	-0.1027405149	-0.0221716677	0.017072851	-0.0411889527	-0.0324880321	-0.0383880621	-0.1557908038	0.0758111504	0.0524696239	0.0714958125	0.0688461184	-0.0333745172	-0.108643553	-0.0532137635126872	0.0049088609306693	0.0028317046271842	2.409691563665146e-05	-0.0065454902743624	-0.1142773502018597	0.0130593127691585	4.284344293177277e-05	0.0113718549033023	-0.051326218837346	0.0001293190839417	0.0026343807401391	-0.0015381213691194	0.0006209047764996	2.3658173461417373e-06	3.855227414800184e-07	0.0011388379043582	-1.227877460998738e-07	1.507683059228707e-14	1.2969517724029768e-06	0.0002098761903073	0.0001691474846747	2.8610871571786182e-08	4.4048015257906014e-08
599.5169402221511	-0.6983726811862425	359420.5616133303	0.4877244018272611	621.0373176440858	-0.5937613771673114	385687.3499065611	0.3525525730156222	579.2547622361942	0.3375449516754543	335536.07957330986	0.1139365944015847	570.9405426890762	544.1104531532261	1.083718	19.860037	0.1732662518679429	0.1115766185004717	-0.0050906021	0.0132033463	0.1174220344	0.0625612762	0.0534202057	-0.0509634323	-0.0080474596	0.0956521017	0.0009325913	0.0608107926	0.0511869352	0.0091020978	-0.011746596	0.0519158153	0.0663253911	-0.1800408641	-0.0229484671	0.0741186886	0.0254423659	0.1877139429	-0.001075239	0.0908545328	0.073274039	-0.0592158781	0.082362357	0.0133054548	-0.0009762042	-0.1067861518	0.0078725716	0.1121314801	0.0099041964	0.0795869371	0.0771032739	0.0876465767	0.0222757464	-0.0175196125	0.2015176233	-0.0224910399	-0.1653557313	0.0055585165	-0.0257951257	-0.005216458	0.0102304805	0.0195167318	-0.0922734716	0.1020913859	0.0680430221	-0.0100888248	0.0887471861	-0.0951065366	-0.1182122864	0.0346711783	0.0611463681	0.1237374672	-0.0323730523	0.0690177017	0.0467053537	0.1085049205	0.103806339	0.0485209572	-0.1210504196	0.0350042237	-0.1027209948	-0.0842073176	0.0303920842	0.1066282404	0.0184061272	0.099370739	-0.051968841	0.0317738449	-0.0467741781	0.0010842807	-0.216318099	0.0123263484	0.0113920576	0.0918987805	0.0237623142	0.1639251503	0.0924052419	0.1073841335	0.0330270597	-0.039601184	-0.1261563308	-0.036492185	-0.0324413388	-0.0890812322	0.0330996073	0.0137991213	-0.0348695423	-0.0399360047	0.1119399518	0.1224367363	-0.0542777471	-0.1618018319	-0.0626907106	0.0027983772	0.0084057495	0.0668896282	-0.0379742494	-0.1108851636	-0.0541288214834878	-0.0009150579708005	0.0029299293151912	8.373310899257054e-07	0.0817851940841905	0.0883306843585528	0.0078023097992503	0.0066888179713887	0.0622939052412618	0.0509220503379595	0.0038805306302073	0.0025930552106216	-0.0021711339800572	-0.0006330126109378	4.713822759359018e-06	4.007049656062906e-07	0.0011387417514701	-9.615288809996028e-08	9.245377889963484e-15	1.2967327765411913e-06	0.000238736610494	2.8860420186699987e-05	8.3292385335288e-10	5.699516919016387e-08
600.2734717128014	0.7565314906503318	360328.2408421394	0.572339896345613	620.504512496859	-0.5328051472267816	385025.85002896463	0.2838813249113524	579.6773366903201	0.4225744541258791	336025.8146723827	0.1785691692797847	571.3847573774832	537.216123008077	1.308404	23.977602	0.1568452169173594	0.0999860823409983	-0.0247543956	-0.0116327862	-0.272485977	-0.0184638486	-0.0553458057	0.0178673769	-0.0230402663	-0.1438028536	0.0082347184	-0.2227723038	-0.0387520957	0.0841389025	-0.0349339323	0.0482652072	0.0404565444	0.0675482725	0.0095064771	-0.1446698789	-0.0165700697	-0.0173674781	-0.0425406181	-0.0502323309	-0.1486498019	-0.0628159892	-0.0241685317	-0.152768928	0.0760415433	-0.1296085399	0.0592314324	0.0645696634	0.0536324678	-0.0289521964	0.0356734519	0.0956981941	0.0442942859	0.0327539462	-0.0124248487	-0.0407778296	-0.0875277196	-0.0134688227	-0.1193281368	0.1270641319	-0.0263563741	-0.025362001	-0.1738236058	0.0261896601	0.0505343361	0.0242548648	-0.103210726	0.1680654001	0.0497333233	-0.0127022824	-0.0663017534	0.0514470307	-0.1236159046	0.145233958	0.0538699328	0.0235600162	0.0275475316	-0.1023622443	-0.0014128961	-0.0261397249	-0.0043262222	-0.046189579	-0.0422321007	0.0090766125	-0.0604830165	0.0127962379	0.0364913892	-0.0316150476	0.1106728444	0.0580185787	-0.0438774794	0.0822344473	-0.0851593035	-0.1570078655	0.0806592784	-0.0266476087	0.0015182996	-0.0623572571	-0.0268724626	-0.004938015	0.057591256	0.0373583071	0.1447845352	-0.0828514759	0.1066393905	-0.0525953191	-0.0617315702	0.1173523458	0.02840317	0.0018112532	-0.0025310799	-0.0791588205	-0.0978048184	0.0733482918	0.0790742098	0.0649037979	-0.0425073619	-0.112689161	-0.0477346233413982	0.0063941981420896	0.0022785942655451	4.08857698803021e-05	-0.0008598127181329	-0.0826450068023234	0.006830197149356	7.392779102630858e-07	0.0184301818785854	-0.0438637233626763	0.0003396716040777	0.0019240262272374	-0.0017211213682346	0.0004500126118225	2.9622587641937418e-06	2.025113507993979e-07	0.0011388186812613	7.69297911998746e-08	5.9181927740563026e-15	1.2969079887897265e-06	0.0002099803799024	-2.8756230591599997e-05	8.269207978372714e-10	4.4091759943956235e-08
601.0746434817963	0.801171768994891	361290.72703676857	0.6418762034344029	625.5256108958819	5.02109839902289	391282.2898866662	25.211429132670222	580.9605077041347	1.2831710138145809	337515.1115118459	1.6465278506939394	573.1614631635172	546.9774633674491	1.366638	25.044792	0.0789979285322606	0.0485338933524412	0.0165165652	0.0622317635	0.0845013986	0.0004124094	0.0472877484	-0.0617363005	-0.0624609661	-0.0471424978	-0.0677652514	0.1626528139	0.0261970228	0.0514752141	0.0689775258	0.1263288057	-0.1318311931	0.0500464663	0.0608145495	0.1214757732	0.0470763968	-0.1088882655	0.0049873677	0.0226254009	0.043634739	0.135041773	0.0984076453	-0.0435283902	0.0548948855	-0.1007159363	-0.0225650692	-0.033694349	-0.0416030397	-0.0162984003	0.0021968434	0.1073394206	-0.0744965687	-0.0150430322	-0.0113696388	0.0502022989	0.1063455111	-0.021529783	-0.0287342303	-0.1568208913	-0.1322225583	0.1905459769	-0.1862376749	-0.0809751768	-0.0821076927	0.0374937751	0.0749745021	-0.129884632	0.0466473864	-0.076548473	-0.0616388504	-0.1433245948	-0.0536240218	0.0039125742	0.0530089356	0.0328203533	0.1334505221	0.0122807391	-0.133744869	-0.0675444212	-0.0118203422	-0.0058347395	-0.0756486394	-0.0208605396	0.029452298	-0.1245480386	-0.1055593205	0.0136071451	-0.0155966534	-0.1546228216	-0.0326026514	0.0049351341	0.1352432451	0.0623142242	0.0493725775	0.1034085129	0.0012446538	0.0740257415	0.1690419746	-0.1119841043	0.0823903381	-0.058925227	0.1272030804	-0.0097291955	0.0354587062	0.0125549526	-0.009733183	-0.072328035	0.0573009729	-0.0190755293	0.0102927053	-0.0834350472	0.0461747542	-0.0013200003	-0.0685822249	0.0628894987	-0.0469659021	-0.1140484259	-0.0449864605446208	0.0027481627967773	0.0020237816323327	7.552398757591378e-06	0.0413280296825888	0.0421878424007217	0.0017798140464281	0.0017080060374449	0.0280788829951319	0.0096487011165465	0.0007884236702543	9.30974332364457e-05	-0.0019916826692154	-0.0002705613009807	3.96679985485298e-06	7.320341758842296e-08	0.0012862201133201	0.0001474014320588	2.1727182172985064e-08	1.654362179909171e-06	0.0002802820912271	7.03017113247e-05	4.942330615181453e-09	7.85580506626364e-08
600.8587760893689	-0.2158673924274126	361031.2688036144	0.0465987311134105	623.436505055567	-2.0891058403149145	388673.0758359	4.364363212037885	581.5284244148912	0.567916710756549	338175.30840246583	0.3225293903565377	572.5474322283709	541.9478683146193	1.314162	24.083117	0.0442780959817559	0.0266822936009145	-0.0098683606	-0.0548858404	0.0769954612	0.0651008764	-0.1149058366	0.1974462062	-0.0038618612	0.1738841073	0.067488662	-0.0451169887	-0.0338166758	0.1362149922	0.0016912919	-0.1332323742	-0.1195993388	-0.0607525112	0.0080596357	-0.1125356671	0.0469674748	0.1190904945	0.0937632033	0.0054982822	-0.1135931937	0.0438095167	0.0535320069	-0.1142687763	-0.029203562	-0.056124575	-0.1868795566	-0.080125937	-0.0943225697	-0.0295496547	0.0300207503	-0.0292604896	-0.0879845068	-0.0570932903	-0.058746432	0.009220563	-0.052278683	-0.1279410224	0.2292291389	0.0259311968	-0.0266070111	-0.0564471912	-0.0172542029	0.1611305033	0.0558274513	0.0053848536	-0.0233865617	0.1028627658	-0.1118436116	-0.1120785982	-0.0466885188	0.1934424396	0.0679212497	-0.0132224779	-0.0178569398	-0.0075451185	0.066440957	-0.0425083744	-0.0686738974	-0.1318405105	0.0894558409	-0.1367616038	-0.0609587196	0.0622651236	-0.1180067404	-0.1236616078	0.1471749456	0.0293576461	-0.0946067784	0.0744728529	0.1982621075	0.0365620645	-0.1772908439	-0.1169206496	0.0606290429	0.0621417083	0.0377012744	-0.0259825549	-0.0755937808	-0.0563503729	-0.025906499	-0.0959310018	0.0150811222	-0.0731399122	-0.0698447679	-0.0795604009	0.099988742	-0.0110150116	0.1609993259	0.0041314729	0.135131348	-0.0345362072	-0.000716849	-0.020431893	0.0168479944	0.0608476141	-0.0513420481	-0.1149575937	-0.0470883439291327	-0.0021018833845119	0.0022173121339882	4.417913762087201e-06	0.0447689059622291	0.0034408762796402	1.1839629571791268e-05	0.0020042549410549	0.0430744667542057	0.0149955837590737	0.0018554096861591	0.0002248675322753	-0.0023906587035283	-0.0003989760343128	5.715249036755611e-06	1.5918187595604826e-07	0.0012387025323103	-4.7517581009800126e-05	2.257920505022917e-09	1.5343839635519498e-06	0.0002519806553792	-2.8301435847900037e-05	8.00971271052801e-10	6.349425068533116e-08
601.0836568658465	0.224880776477562	361301.56255121867	0.0505713636291512	622.6864362125508	-0.7500688430161517	387738.3978430871	0.5626032692635885	580.1498201136178	-1.3786043012734126	336573.8137778631	1.9005498194895545	572.131960188901	546.4127604188366	1.327697	24.331165	0.1022027300534458	0.0527670512778107	0.0169210362	0.0290679065	-0.0869654112	-0.0495853223	0.0589273012	-0.2100106155	-0.0215768538	-0.0793425616	-0.095141463	-0.013819461	0.026975093	-0.1390098566	-0.1193537698	0.0035516668	0.0976712781	0.1238493148	0.054851633	0.0030900777	-0.0137146928	-0.0585538947	-0.0845200795	-0.0613773399	0.0571637715	0.0035900041	0.0113738304	-0.0433971848	-0.0280970414	-0.0284546326	0.0920582563	-0.0631087881	-0.0093265638	0.0356080426	0.0556461797	-0.0567861807	-0.0048093531	-0.1130284421	-0.1462969194	0.0283711323	-0.0707551622	-0.1352240134	0.1163501512	0.0562509436	-0.0676974531	0.0207332225	0.1277292124	-0.1085239891	-0.0619328001	0.0351672228	-0.0427731973	-0.0231138334	0.0588132185	0.1212987247	0.0529642087	-0.0827114085	-0.0867079945	0.0147051339	0.0548373455	0.030947936	-0.0325921899	0.0007651119	0.0110692942	-0.0965253008	0.0559545329	0.0190416235	0.0580305607	-0.0238522992	0.023831621	-0.0369311995	0.0469303125	0.0400367463	0.0314825149	-0.0367959119	0.2017918782	0.0134242027	0.1417314513	-0.0021588896	0.06198584	0.0392974256	0.0339850359	-0.0533650429	0.0233459761	-0.0001391768	0.0779748513	0.0839517877	0.03461048	-0.1051892138	-0.0793443339	-0.0482743134	-0.0667798796	0.1053774493	-0.0610918109	0.0019392402	0.0906602004	-0.0277664173	0.0542239472	0.0671191097	0.028288541	0.0587790397	-0.0556281227	-0.1154130763	-0.0549951223727731	-0.0079067784436403	0.0030244634847962	6.251714535681648e-05	0.0182429655486515	-0.0265259404135776	0.0007036255148246	0.0003328057920092	0.0120134172976378	-0.0310610494565678	0.0001443221951671	0.0009647887933433	-0.0018981664948607	0.0004924922086675	3.603036042211755e-06	2.425485755982908e-07	0.0014547888023188	0.0002160862700085	4.6693276086186385e-08	2.1164104593521685e-06	0.0002263798992621	-2.560075611709997e-05	6.553987137672316e-10	5.124785878991855e-08
601.6618371857255	0.5781803198790385	361996.9663257025	0.3342924822954273	623.3606839096337	0.674247697082933	388578.5422442863	0.4546099570216385	580.6208918798063	0.4710717661885155	337120.62008730177	0.2219086088999674	573.576919193621	546.9888816416874	1.124426	20.60605	0.2105779612129257	0.1203035939790753	0.0295434851	-0.0176813487	-0.0745378096	0.0172072555	-0.0247268635	0.0146067988	-0.0517698826	-0.0132271512	0.0237386385	-0.0083633343	0.0900408233	0.0303163641	0.012637112	-0.0819306993	0.0515848187	-0.0776926995	0.0146746797	-0.0234165487	-0.0330417892	-0.0155155985	-0.0034307847	-0.1297205172	-0.0139903962	-0.0156429351	0.0807142533	0.0475248121	-0.04884746	0.0003092463	-0.0525212996	-0.1390238725	0.0254622728	-0.0477707908	0.0504961798	0.1452953096	0.003512951	-0.1123816713	0.0240695873	-0.0596071901	0.1172113693	0.0961365515	0.0373667402	-0.076466345	-0.1374241882	0.0072035133	-0.0784922017	-0.0982936808	-0.0769765158	0.033647757	-0.0167375477	0.0808245315	0.0423681181	-0.0685785716	0.0907804856	-0.0082941744	0.0159479126	-0.1609632069	0.0011092017	0.0311110657	0.0170378026	0.0406480969	-0.0093555367	0.1285601364	0.1259056617	-0.1060755243	-0.0362844041	-0.0344861018	-0.1313112602	-0.1129734771	-0.2125877493	0.0615473182	0.0267343153	-0.0517597976	0.0709105198	-0.0283513116	-0.1591711861	0.0224050907	0.0397779534	0.017762694	0.0235710151	0.060943942	0.1431098719	-0.1526314595	0.0016514659	-0.0442032446	0.0253274831	0.0713669001	-0.1171391271	-0.0172051008	0.0064041506	-0.0155686917	-0.0433466224	0.0078013301	0.1168570993	0.0206240346	0.0937229235	-0.0359730945	0.0544946589	0.0566846829	-0.0598166067	-0.1154130763	-0.0569138530319008	-0.0019187306591277	0.0032391866669368	3.6815273422766334e-06	0.1057017346054749	0.0874587690568234	0.0076490362849347	0.0111728566986062	0.0743524933109824	0.0623390760133445	0.0055282932615596	0.0038861603981975	-0.0026648441641666	-0.0007666776693059	7.101394419292785e-06	5.877946486123271e-07	0.0016889677738041	0.0002341789714853	5.483979068591295e-08	2.8526121409487773e-06	0.0004027509681435	0.0001763710688814	3.110675393836754e-08	1.6220834234052658e-07
601.2942000830782	-0.3676371026473362	361554.71505354886	0.135157039242928	623.8639047187671	0.5032208091333814	389206.1716109469	0.253231182744855	581.5057519061136	0.8848600263072512	338148.9394998945	0.7829772661564693	572.8355045406906	546.5714242303737	1.105061	20.251179	0.2266279559263922	0.1324895478326841	0.0211616868	0.0307078379	0.1574257412	0.0422167255	-0.0003937351	0.0709617658	-0.0046913065	0.0557848742	-0.0382623107	0.1019291284	-0.010289134	0.0561983063	0.0995106983	-0.0102793909	-0.0093724378	0.1446139495	0.0726831944	0.0109432909	0.0519162951	0.0637690116	0.0380515772	-0.0248298789	-0.0423073497	0.199113198	-0.0903856657	0.0627580193	-0.032586515	0.1222627221	0.0252618731	-0.0014329931	-0.0278659274	0.0351262405	0.0044479336	-0.0145459299	-0.0035354531	0.0046667712	0.0264979013	-0.0477970986	0.0314112067	0.2325260359	0.1239486583	-0.0808758922	-0.0853843755	0.058601418	-0.030306291	-0.0925509471	0.0508297855	0.0397827106	0.0623528202	-0.0911653959	-0.0772498056	-0.0526947591	-0.1338019313	-0.0532378474	-0.0035945564	-0.0564801365	-0.0579435361	-0.0457568591	-0.0072079412	0.0459881277	0.0312341594	0.0725205934	0.0366564	0.1983888779	0.0800187779	-0.1037921428	0.0298348915	-0.0392858368	0.1204396589	0.1314096852	0.0844742435	-0.0740816628	-0.1107186042	0.028276806	0.116267635	-0.0145306735	0.093368579	-0.0503484719	0.005902248	-0.0409118487	-0.0998836411	-0.0105120204	0.0892767664	0.1325546985	0.0482055755	-0.0169019453	-0.0922736879	0.025721471	-0.0464522734	-0.144904449	0.0613900362	0.1054502256	0.082891439	0.0021969496	0.1365151232	-0.0688628029	0.0455550318	0.0545654623	-0.063900152	-0.1149575937	-0.0568806652620139	3.318776988690125e-05	0.0032354100806492	1.1014280700659094e-09	0.0029892323103268	-0.1027125022951481	0.0105498581277308	8.935509805101698e-06	0.0090921863480701	-0.0652603069629123	8.266785258803229e-05	0.0042589076648935	-0.0019792695306916	0.0006855746334749	3.917507875124147e-06	4.700125780643804e-07	0.0012335728215995	-0.0004553949522045	2.0738456249342986e-07	1.521701906188952e-06	0.0004342205604328	3.146959228930002e-05	9.903352388547716e-10	1.8854749510257495e-07
601.3225963951472	0.0283963120690486	361588.8649354011	0.0008063505391228	620.5399683455975	-3.3239363731696585	385069.8523143551	11.048553012880264	580.3047022010265	-1.20104970508703	336753.5473966221	1.4425203940896416	571.8658382539396	547.0327167510986	1.151871	21.108997	0.2172037882196132	0.1301671429497762	0.0258339493	-0.0558469922	0.0433560058	-0.0496367511	0.0358362557	-0.1126917069	0.0297752553	0.105248774	0.0428409517	-0.0505990632	-0.0554004525	-0.1736723411	-0.1535374897	-0.0849349495	-0.1605696803	-0.0712633125	0.0002092464	0.0300608912	-0.0087776085	0.1059917361	-0.0831564343	-0.0232744833	0.0142867612	-0.1122842956	-0.0091983447	-0.1052227145	-0.07463317	0.066603508	-0.2133826984	-0.1279118288	0.0999770489	0.0161442494	0.0439747395	-0.005072289	0.1580471356	-0.0254924393	-0.0252023277	0.0569625467	0.0482754036	-0.0261530735	0.0415985897	0.1119786031	0.0176114378	-0.0097720047	0.0067860028	0.0410462344	0.0170745309	-0.0268920223	-0.0157163306	0.0155599216	0.0179667118	0.1309169286	0.1661320931	0.167325489	0.0819888507	-0.0402798877	-0.136122954	-0.0928756006	-0.0290678776	-0.0057572191	-0.0748448788	-0.0601271996	0.0949836918	0.0338997806	0.0620356126	-0.1346781144	-0.0642772415	-0.1974526976	-0.0348801822	0.0305881249	0.0314359028	0.0651380349	0.0680303625	-0.0469537453	-0.1114747589	0.0218458844	0.0026035143	0.0543738503	0.0087902205	-0.0004202073	0.1310181024	-0.0166853016	-0.1196900889	0.1606159519	-0.1720667541	-0.0630222607	0.0196574058	-0.0469133659	-0.0617730754	0.0570575454	0.0684371008	0.1046866874	0.103134119	-0.0123120965	0.0592534322	-0.0589421881	0.1140952979	0.0524223074	-0.0678715947	-0.1140484259	-0.0524638365733238	0.0044168286886901	0.0027524541479924	1.950837566523593e-05	0.0889386352854018	0.085949402975075	0.0073872998717718	0.0079100808464297	0.0893430741151632	0.0802508877670931	0.0079821848923475	0.0064402049874065	-0.0027893466660002	-0.0008100771353086	7.780454823126432e-06	6.562249651497878e-07	0.0012342266754978	6.538538982999234e-07	4.275249203220066e-13	1.5233154865103517e-06	0.000555222947001	0.0001210023865682	1.4641577555200114e-08	3.082725208764753e-07
600.7515055570823	-0.5710908380649471	360902.371429101	0.3261447453217236	622.2503811127958	1.710412767198363	387195.5367950197	2.9255118341951625	580.0667671223533	-0.2379350786732175	336477.4543197785	0.0566131016632302	572.7201031578911	545.5003862478627	1.227758	22.499704	0.212421958722332	0.1433972042105588	0.018348662	0.0536019535	-0.1638611922	0.0039044432	-0.0294781914	-0.0242328583	-0.034296803	-0.1374060947	-0.0061370607	-0.0937754572	0.0666781275	0.0764264475	0.0272701882	-0.0112754093	0.2033915114	0.0130172149	0.0713857912	-0.0770761687	-0.0123125637	0.0294647421	-0.1410190923	-0.0397115313	0.0235420361	0.0561884176	0.0638602914	0.0464146758	0.0714174335	-0.0579553102	0.2142059377	0.0919172951	-0.2054846121	-0.0824380894	-0.2161614773	0.0370413949	0.0805577346	-0.0017718332	0.1242560094	-0.1097958551	0.0337423785	-0.0894503239	-0.0500845494	0.0275838803	-0.0491290795	-0.0353495859	-0.0288889695	-0.0770958699	0.0325788513	0.0515353418	-0.0573707082	0.0874375007	0.0118562798	0.0159322211	-0.0529407562	-0.0957079977	-0.1426235237	-0.0089348265	0.1232064005	0.1158958985	0.1000230768	0.1297773041	0.0718343859	0.1435927397	-0.0419071356	0.0955535879	0.0864391534	0.063477336	0.0835507276	6.7681e-06	0.0838564159	0.0628153461	-0.0836832106	0.1153314587	0.0155959349	0.0620546763	0.0635292961	-0.1113551933	0.0883671516	-0.0600477543	-0.0147065179	0.0726110855	-0.1264592436	-0.0600252742	-0.0290555336	-0.0170306133	0.1282675141	-0.0436460624	0.0250212082	0.0779493607	-0.17412243	-0.0011157823	-0.1529958738	0.1803528758	0.0522500465	0.0812074968	0.0779155191	-0.1231938654	0.0338561292	0.0502561585	-0.0717239676	-0.112689161	-0.053983393559605	-0.0015195569862812	0.0029142067802112	2.309053434556005e-06	-0.0388107731971274	-0.1277494084825292	0.0163199113676361	0.0015062761161588	0.0445657157516166	-0.0447773583635466	0.0019861030204538	0.0020050118220174	-0.0022158204426889	0.0005735262233113	4.909860234238034e-06	3.289323288257232e-07	0.0013449808282346	0.0001107541527368	1.2266482348446424e-08	1.8089734283186304e-06	0.0004719906252496	-8.323232175140002e-05	6.927619384128577e-09	2.2277515032350843e-07
600.1869064872516	-0.564599069830706	360224.3227187369	0.3187721096536984	621.9831490544548	-0.267232058341051	386863.0377076961	0.0714129730051948	579.7186269934433	-0.3481401289100176	336073.68648316304	0.1212015493574837	571.1334691180123	544.9416060463967	1.260319	23.096405	0.1598434406267462	0.1115780712981473	-0.002662095	0.0033119706	0.1633912288	0.0255242861	-0.0074161805	-0.0242267578	0.0271166356	0.0783159448	-0.0319632799	0.1139305012	0.043730157	0.0225497107	-0.022798144	0.0332169943	-0.0552929518	0.0435129254	-0.0199926256	0.1227554174	0.0560096248	0.0877094761	0.0612051419	-0.0137967607	-0.0898193465	0.1678930815	-0.0516874212	-0.0235469245	-0.0487983651	0.1279778141	0.0653889259	0.0186931661	0.1008000802	-0.0332299121	-0.1019515168	-0.0826488554	-0.0618465871	-0.103350666	-0.0391189433	-0.0718759019	-0.0012222453	0.0716218932	0.0793264655	-0.0567283419	0.1201890293	-0.1429226908	0.0624011402	0.0230638357	-0.0339078161	-0.0408299717	0.1114105453	-0.1450159138	-0.0309044243	-0.0805062419	-0.0618474163	0.0654514101	0.0182334054	0.0170358232	-0.1815347305	-0.0246855877	0.0289001757	-0.0423895688	0.0953608887	0.0181404966	0.0009159088	0.0805491143	0.1043291247	-0.1333659325	-0.0098555979	0.0846631017	0.0799470114	0.1080848244	-0.0324504846	0.0860451874	0.1000353675	-0.0126326029	0.0473265165	0.0361818604	0.0362382556	0.1310334991	-0.055964644	-0.155882799	0.0095867579	0.0261301604	-0.1127905265	0.0684190243	-0.0447213524	0.0281568376	-0.0235313524	0.1447016675	-0.0086438876	-0.1132752947	0.0311926144	0.1327156699	0.1237858731	0.1087533316	-0.0104454975	-0.1566940139	0.0424197791	0.0480679655	-0.0754505123	-0.1108851636	-0.0520998255684048	0.0018835679912002	0.0027143918242582	3.5478283774739603e-06	0.0549136745085832	0.0937244477057105	0.0087842720977404	0.0030155116480346	0.0655384783852071	0.0209727626335905	0.0042952921490482	0.0004398567724849	-0.0030668207688173	-0.0008510003261283	9.405389628049136e-06	7.242015550706426e-07	0.0013317804803605	-1.3200347874100071e-05	1.7424918399725832e-10	1.773639247869244e-06	0.000473043197172	1.0525719223999854e-06	1.1079076518248007e-12	2.237698663907077e-07
600.2816797865944	0.0947732993428189	360338.0950874154	0.0089819782683235	619.7077978479932	-2.27535120646155	384037.7547136092	5.177223112746034	579.6195192660738	-0.0991077273695282	335958.78711423447	0.0098223416243527	571.1135414971245	541.5109864583194	1.247839	22.867697	0.0602884112551862	0.0407503184291523	-0.0223029848	0.0539068567	-0.1023699219	-0.0296401891	0.0175091803	-0.0692292918	0.0473880545	-0.0480230145	-0.0664566697	-0.1238612214	-0.0005312137	-0.0517921757	-0.0606399272	-0.0136291453	-0.0905431162	0.0630339282	0.0171863181	0.0171663052	-0.1080803659	-0.0923208222	-0.1111168742	0.0046979998	-0.0238747231	-0.0734713242	-0.0698392735	-0.0282394685	-0.0217909151	0.0012593731	-0.0959364142	0.0248411238	0.0367992365	0.0847186979	-0.0078141356	-0.0589002551	-0.0109815249	0.0807182143	0.1822040072	0.047514313	0.0948473233	-0.1320145379	-0.0467628107	0.036314301	0.0060931439	-0.0600533376	0.1003137253	-0.0394214054	-0.1747564225	-0.0081230739	-0.1592094996	0.0078543569	0.0801490647	0.0819365346	0.0404975639	0.0218492257	-0.0035417155	0.0455627389	-0.0035573265	-0.0856958512	-0.0187749024	0.116039742	-0.0696711381	-0.0033626573	0.0585494077	0.0601524244	0.0332019096	0.0502860453	0.0270628749	-0.0016770138	0.0164717877	0.0537872112	0.0407764646	-0.0437718449	-0.0410217562	-0.0131615171	-0.0367392302	-0.0453986317	0.0558823742	-0.1238611658	0.0349647089	0.069308431	0.0958471435	0.0686494269	0.0225831647	0.1592782723	-0.0054436714	0.0386440076	-0.0409801185	0.0112255427	-0.016745191	0.1848514821	-0.0041100399	0.1442982527	0.1433796811	0.0848818934	0.0209444644	0.0574257983	0.0104568297	0.0458586883	-0.0790446912	-0.108643553	-0.0562618490313582	-0.0041620234629534	0.0031653956564273	1.7322439306174657e-05	0.0545614284250177	-0.0003522460835655	1.240773033872348e-07	0.0029769494717783	0.0450668422211748	-0.0204716361640323	0.0020310202677882	0.0004190878872325	-0.0024013263060923	0.0006654944627249	5.766368028330891e-06	4.4288287991763613e-07	0.0013714396490311	3.9659168670600105e-05	1.572849659643109e-09	1.8808467109345468e-06	0.0004721467176749	-8.964794971000247e-07	8.036754887207132e-13	2.229225230111817e-07
599.9709766560195	-0.3107031305748933	359965.1728295779	0.0965364353490391	619.5185939052649	-0.1892039427283407	383803.2881943565	0.0357981319439492	579.0872123857703	-0.5323068803035085	335341.99954872223	0.2833506148184537	570.4447236326006	540.3585438386572	1.114976	20.432869	0.0409587443290144	0.034300547143563	-0.0335291369	-0.0226924876	0.0989647978	-0.0459143741	-0.0290182816	-0.095950172	0.0392615306	-0.0758069045	-0.0207589611	0.1477002936	0.0006982103	-0.0302701725	-0.0331058764	-0.0068581311	-0.0784599123	0.028691828	-0.1321744344	0.1437285103	0.0666132622	-0.1385460315	0.0822627735	-0.010760351	0.0462349922	0.0297675327	-0.063321696	-0.007423428	0.0638498124	0.0826737002	-0.0229306976	0.1310767703	0.0317726595	-0.0400867518	-0.1598649771	0.0297615947	0.0558686212	0.0539359558	-0.1903818413	-0.0390563209	0.0407118042	0.0624377113	0.0252952976	-0.1363809906	-0.0324700311	0.1316178212	0.0432833303	0.0190359477	-0.0642608028	-0.1027327332	0.0967595951	-0.0948982913	0.1076694355	-0.0596322459	-0.0305057784	-0.0421882642	-0.0117303948	0.0698401461	-0.0200554893	-0.1679160441	0.0608763972	-0.0092407146	0.06892136	0.0454920617	0.0530740928	0.0122035655	-0.0536648201	0.0587509471	0.1433130249	-0.0512265201	-0.0783400156	-0.1323643815	-0.0879662413	-0.0363267581	-0.0737363099	-0.0791258121	0.0792914276	0.0326093559	-0.0180872753	0.0762658611	0.0081686412	-0.0965501971	0.0720346813	-0.0895619811	0.0477837308	0.0004455929	0.011763578	0.0851351791	0.1034964093	0.1066410873	0.0122573934	0.0482190713	0.0211250598	0.1227319361	0.1037546347	-0.0236667786	-0.0411217271	-0.0028632215	-0.0095004322	0.043629296	-0.0825001988	-0.105973176	-0.0521462264178609	0.0041156226134973	0.0027192289296228	1.6938349496730353e-05	0.0877484696386403	0.0331870412136226	0.0011013797045146	0.0076997939239233	0.0449893799655853	-7.746225558949438e-05	0.0020240443096878	6.000401041012153e-09	-0.0024728273752339	-7.150106914159985e-05	6.114875227706179e-06	5.112402888391843e-09	0.0013714182912736	-2.1357757500062305e-08	4.561538054314675e-16	1.8807881296398007e-06	0.0004721966557019	4.993802700000013e-08	2.4938065406527418e-15	2.229696816560587e-07
599.9001852499439	-0.0707914060756138	359880.232262917	0.0050114231741624	619.42412245901	-0.094471446254829	383686.2434841147	0.008924854157479	580.2685077557676	1.181295369997315	336711.54109310533	1.3954587511770933	571.2840184547283	539.5640521521455	1.145452	20.991365	0.0403219129934557	0.0208849515143613	-0.0654293582	0.0690237116	-0.0873011463	-0.0635817407	0.0441421473	0.0554195644	0.0927797296	-0.0153288514	-0.0432761478	-0.1636879247	0.0428684596	-0.0331177806	0.0269336321	-0.019195422	-0.083551933	-0.0311777331	0.0057622542	-0.0516416386	-0.0974997107	-0.0928804441	0.1081657176	0.0119671496	-0.0323449116	-0.0724120175	-0.0043476006	-0.1716911773	-0.0262123846	0.0302179288	-0.046752631	-0.0764240728	0.0976211922	0.0084259068	-0.2424042618	-0.1093828894	-0.0579259718	-0.0430210736	0.066606861	0.0658468689	-0.0111024576	0.0421895197	-0.0858791816	-0.0118769816	0.0336163481	0.0410974301	0.0151708986	-0.1887088196	0.0120725924	-0.0320161216	-0.1570386467	0.0010990479	0.0116017176	-0.0578156705	0.0451220077	0.0057117492	0.0623867059	0.0574618481	0.0303728419	-0.0761665812	0.0383395981	0.0146030079	0.0717969088	-0.1355771447	0.0657869835	0.1218458626	0.0711909362	-0.023796316	-0.081629739	-0.0134749481	-0.0439467725	-0.0391414631	-0.0277848033	-0.064610108	-0.1304040671	-0.0568767351	-0.0849570329	-0.0812944758	0.0182367221	-0.1276868867	-0.0150156761	-0.0524426209	0.0731546905	0.1204303855	0.1025920033	0.0716480419	-0.0038203289	-0.1059554163	-0.0237645129	-0.0024864149	-0.0840795913	0.0504456517	0.0217268946	0.0135707284	0.0689384934	-0.0475969668	-0.0037206211	0.008184643	0.0353473592	0.0413807664	-0.085810973	-0.1028845713	-0.0404726403237702	0.0116735860940907	0.0016380346147772	0.0001362726122961	0.0724785821001461	-0.0152698875384942	0.0002331694654382	0.0052531448632476	0.0450084517574111	1.907179182579488e-05	0.0020257607295992	3.6373324344645645e-10	-0.0025297786042524	-5.695122901850031e-05	6.399779786533222e-06	3.2434424867176715e-09	0.0011614090918847	-0.0002100091993889	4.410386382796679e-08	1.3488710787124433e-06	0.0004719697327284	-2.2692297349996345e-07	5.149403590206511e-14	2.2275542861171735e-07
599.6170473586205	-0.2831378913233493	359540.6034830702	0.0801670655030327	617.0211974026864	-2.4029250563236246	380715.1580442449	5.774048826307895	579.6280944266456	-0.6404133291219978	335968.7278486644	0.4101292321171202	570.1740196722525	535.1454147104517	1.100003	20.15848	0.1681340179140645	0.0937448670943716	-0.075197838	0.0470154068	0.0737971162	-0.1322951089	-0.0746509666	-0.0457210548	0.1041226132	-0.114222821	-0.0668890663	0.1009925289	-0.0798007505	-0.0424520478	0.1032758929	-0.0125604511	-0.1280897903	0.146700975	-0.0852156366	0.0419572773	-0.0076409827	-0.1958609219	0.0622729169	0.1226032621	-0.0200971883	0.0722813595	-0.0970657115	-0.0251238833	0.002510495	-0.0522302133	0.0817463445	0.0057543474	-0.0458317994	-0.0027872932	-0.0681044045	0.1423609039	0.0541694421	-0.041723928	0.1048046478	0.1145906443	0.0176666743	0.0470460779	0.1305295821	-0.1141038256	-0.0060643597	0.0541851185	-0.0854264769	-0.0121876051	0.0054613861	-0.0929715673	-0.0246197267	-0.0933316242	0.0785111264	-0.0468560179	-0.157884772	-0.1073501939	0.0494066896	0.1056396651	0.0378692325	-0.0117345596	0.0194858173	-0.019274596	0.0369989069	-0.0577255923	0.0610241611	-0.0153886153	-0.0704058093	-0.0371210264	0.0392601611	-0.0972231362	-0.1467370428	0.0262164011	-0.1822574121	-0.079491732	-0.1112626621	-0.083992774	0.1520113317	-0.1806677401	-0.1107989011	0.0133434536	-0.0171753832	-0.1063514129	0.1593396729	-0.0290413502	0.0489865451	-0.0402811527	0.0314882243	0.0473199897	0.2009419132	0.1049747325	0.0919050242	-0.0026404723	-0.0710224044	0.103662157	0.0766092689	-0.1048516373	0.0954710391	-0.0059506208	-0.0092205194	0.0391140859	-0.0889712056	-0.0993899282	-0.0332442099927305	0.0072284303310397	0.0011051774980407	5.225020505069476e-05	0.0148204320145453	-0.0576581500856007	0.0033244622712936	0.0002196452050977	0.0045272423679421	-0.0404812093894689	2.0495923458089995e-05	0.001638728313634	-0.0015209184839117	0.0010088601203407	2.313193034704264e-06	1.017798742413852e-06	0.0011644567650872	3.0476732025002014e-06	9.288311949237831e-12	1.3559595577573467e-06	0.0007153865013443	0.0002434167686158	5.9251723243406585e-08	5.117778463056381e-07
600.666848302588	1.0498009439675116	360800.66264976433	1.1020820219550784	618.0514667577911	1.0302693551046789	381987.61556145694	1.0614549440678105	579.4573370632241	-0.1707573634214441	335770.805476403	0.0291580771626431	570.0439474361914	539.0626166216749	1.110864	20.357525	0.1448172416729863	0.0812163979896033	-0.0806895552	-0.0182487146	0.0569911628	-0.109173293	0.0760030274	0.0301477429	0.1444562874	0.1219146638	0.054197789	-0.1301202001	0.0502955064	-0.0140109859	-0.0755299141	-0.1163114288	-0.0495532155	-0.1061967331	-0.0666301655	-0.0500165233	-0.0466911473	0.0451472349	0.0366504416	0.1120517467	0.064907269	-0.1671230401	0.0958209779	0.0249034381	-0.0160606185	0.0091298864	-0.1252758938	-0.0009474155	0.0470314654	-0.0612117567	-0.1848995304	-0.0279257815	-0.0350248224	-0.0293738631	0.0377640857	-0.0336050947	-0.087960361	0.004002649	0.1231617086	0.0311594985	0.0352893233	0.0659468985	-0.0669256413	0.0863269366	-0.0310583014	-0.1003718616	-0.0868373549	0.0177278147	-0.0641798155	0.096805146	0.0781759884	0.1046793395	0.1539495366	-0.0146538991	0.1412175206	-0.0149560539	0.0360358748	0.1502805809	0.0461646398	-0.1086291512	0.0247297731	0.0398424792	0.0342071084	0.0139702667	-0.0226358975	-0.0007482585	0.0291188431	-0.0151918088	-0.1083416199	0.05902484	-0.0266760824	-0.101068684	0.0316811019	-0.0945479648	-0.100947007	-0.1049415637	0.0629217778	-0.0323662785	0.0333167138	0.1057287606	-0.1306092714	0.0198498641	-0.2565493214	-0.0285739727	0.0622751272	0.0127975441	-0.1476603623	-0.1112046066	0.0118146304	0.0167275679	0.106020314	0.0140683778	0.0305394147	-0.0466474641	-0.0345341427	0.0368302486	-0.0919753525	-0.0955030384	-0.0355183604239073	-0.0022741504311767	0.0012615539272025	5.1717601836216174e-06	0.0719565593914808	0.0571361273769354	0.0032645370516333	0.0051777464394597	0.0277571758309562	0.0232299334630141	0.0007704608101106	0.000539629808696	-0.0023537378651631	-0.0008328193812513	5.540081937902547e-06	6.935881217879645e-07	0.0009979468965326	-0.0001665098685546	2.772553632607017e-08	9.95898008299048e-07	0.0004711751431131	-0.0002442113582312	5.96391874891275e-08	2.2200601548765025e-07
601.4500809251052	0.7832326225171755	361742.19984481565	0.6134533409751324	617.511746635214	-0.5397201225771369	381320.7572324727	0.2912978107146796	580.4971842155755	1.039847152351399	336976.9808822118	1.0812821002533135	570.974921517902	540.1614855938805	1.157908	21.219637	0.0577703424913254	0.0435871313523357	-0.0420201122	0.012098432	-0.0927782694	-0.1610471109	0.0675723216	-0.0901847538	0.070797638	-0.1336732624	-0.043265483	-0.0467707087	0.0392837988	-0.16532605	0.0120844987	0.0898386671	0.1430336321	-0.0161788757	-0.0406081879	-0.0782000299	0.0580229034	-0.20865355	-0.0391269862	0.010970443	0.0877401278	0.0745724618	-0.0180707413	-0.1770914716	-0.0791211136	0.0260662436	0.0834094457	-0.0490980318	-0.0802666183	-0.0656392884	-0.042066683	-0.0811436997	0.1007152792	-0.1699336683	-0.0014534452	0.0955383815	-0.0587172894	0.0257272761	-0.113875262	-0.0156565312	0.0476596724	-0.0886598673	0.0012422668	-0.0703634882	-0.0703346797	-0.0565829578	-0.060816003	0.0481404714	0.0760961023	0.0728200115	0.0109148139	-0.2119628769	-0.0094387037	0.1054564348	-0.0188346625	0.0675873351	0.1869864191	-0.0760744579	0.0800951775	0.0490197887	0.0629431722	0.0997266521	0.1061626283	-0.122960745	-0.08930205	-0.0431766174	0.0755173081	-0.1148288765	-0.0512452515	-0.1170303223	0.0426053635	-0.1276262299	0.0609897304	-0.0140162216	-0.1531621058	0.0444138621	0.0187643696	0.0415264065	-0.0437747093	0.021863358	0.149716325	-0.0254736021	0.0804468241	-0.0015795547	0.1466758775	-0.0032481241	-0.200275316	0.0599417921	-0.087795148	-0.0338500554	-0.0447118717	0.0435573547	-0.0386039894	-0.0316859825	0.0051254326	0.0345302564	-0.0948181434	-0.0912392418	-0.0376272570890421	-0.0021088966651348	0.0014158104760448	4.447445144216682e-06	0.1114869954127044	0.0395304360212236	0.001562655372028	0.0124293501461523	0.0279054961372082	0.0001483203062519	0.0007787167146637	2.1998913246687023e-08	-0.0026192510872101	-0.000265513222047	6.860476257851292e-06	7.049727108177971e-08	0.0010513844324193	5.343753588669996e-05	2.855570241642346e-09	1.1054092247336538e-06	0.0004718781751537	7.030320406000009e-07	4.942540501102014e-13	2.22669012186386e-07
602.5862853928546	1.136204467749394	363110.2313435588	1.290960592533684	622.6152133160864	5.10346668087243	387649.70385263575	26.045372162775053	582.2088722647326	1.7116880491570328	338967.1709437717	2.9298759776270087	574.2109900050693	545.4955020422822	1.165117	21.35174	0.0522992428774036	0.0288720463856245	-0.0029658611	-0.0115944283	-0.1064897528	-0.0656990911	-0.0435803633	0.2063526867	-0.0163442448	-0.0706562414	0.0443740576	-0.0269766541	0.1184669346	0.1379808189	0.0744781224	-0.0230561169	-0.078149965	-0.1267498893	0.0369178309	-0.1220377532	0.0663632103	-0.0979389434	0.137272726	-0.0384884646	-0.1138583757	-0.0585805596	0.231514552	-0.0676462983	0.0617774343	0.0565392187	0.0791973792	0.1280426786	0.0368544379	-0.1104356355	0.1387543723	-0.1279125305	-0.0280992787	0.0340472406	0.0465671107	-0.0299335894	-0.0830622712	-0.0443608004	-0.0459027571	-0.0557230444	-0.0652382312	-0.1143956913	0.0001256161	-0.0032090533	-0.0706926397	0.044491267	-0.0485813317	0.134543722	0.0003208448	-0.1488017272	0.0561419913	-0.0659257682	0.109106082	-0.1077170775	0.0746242179	-0.0641722856	0.144006986	0.0155431655	0.0016557965	-0.0604177006	-0.0667159503	-0.0030461182	0.0628723774	-0.0061375396	-0.0579728584	0.0264768239	0.0305203262	-0.0717430813	0.1995255619	-0.0860568444	-0.0321517556	-0.0751015014	-0.1452682389	-0.0796072362	-0.0400530594	-0.0549217995	-0.1095220356	-0.0008922916	0.0271683143	-0.1675075223	0.0318316527	0.028002225	-0.0131997875	-0.0358363204	-0.0048218231	0.0158993245	-0.0305440855	-0.1812190778	0.1083447202	-0.0673962703	-0.0561245729	0.0197297912	-0.0901259932	-0.0432726242	0.0531318173	0.032215118	-0.097494591	-0.0866153656	-0.0330494961893919	0.0045777608996501	0.0010922691983726	2.095589485436616e-05	0.108466168055088	-0.0030208273576163	9.125397924523673e-06	0.0117649096125545	0.0516099537757952	0.0237044576385869	0.0026635873287397	0.0005619013119395	-0.0026137742642531	5.476822957000208e-06	6.831815904471834e-06	2.99955897023245e-11	0.000825139295332	-0.0002262451370873	5.118686205565121e-08	6.808548567009895e-07	0.0006600801547404	0.0001882019795867	3.541998512035266e-08	4.357058106821105e-07
602.2511196702974	-0.3351657225572353	362706.4111441269	0.1123360615773136	623.6824083830181	1.0671950669317312	388979.7465264418	1.1389053108834222	581.6228661201019	-0.5860061446306872	338285.158393762	0.3434032015449219	573.3688894995937	545.4994154399573	1.189682	21.801914	0.0999029852976774	0.0675900097800979	0.0297025325	-0.00376686	0.1093816274	-0.0278920792	0.0345123577	0.057292773	-0.0593409518	0.0173506066	0.0343444675	0.1355591978	0.0201291704	-0.0704569807	0.0559608334	0.0232580741	0.019466888	-0.0340317544	-0.0084244074	0.031577289	0.1019079639	-0.1106259332	0.0600110684	-0.0293593579	-0.0169742362	0.1654160715	0.1138965178	-0.0075475496	0.0410286568	-0.0473735205	-0.1099253682	0.0765471647	-0.0689918121	0.1265946833	0.1607435631	-0.0558787472	-0.0544854077	-0.0219611548	0.0556174373	0.1187691806	0.1518974311	0.0235432308	-0.0113702449	0.0848719011	-0.069099587	-0.025127024	0.0843435486	0.0093689278	-0.1107008832	0.042183193	0.0978265919	-0.0259783247	-0.0114943268	-0.0349794341	-0.0690225448	-0.1534959637	0.0827197149	-0.0744321327	0.0384078897	-0.0027611373	0.0947199783	-0.0103834404	-0.1010499987	-0.036996373	0.0586828472	0.0452894075	-0.0646322041	-0.0262675192	0.0426318211	0.0279109965	0.2073655938	0.0235542978	0.0236568254	-0.0598474005	0.080397675	-0.1171655373	0.1198024965	0.0514513166	-0.1017928302	-0.0936050465	-0.0428897035	-0.0104836645	-0.0012212753	-0.0449069271	0.1358136043	-0.0463823977	0.0228506394	-0.0284526411	0.0535549368	-0.0877327955	0.0605647616	-0.0961307554	0.0112785607	0.0091579282	0.0426518956	0.1255785615	-0.0518244592	-0.1281681547	-0.1976244704	0.0298858491	-0.1	-0.0816496581	-0.0334006536523929	-0.0003511574630009	0.0011156036644071	1.2331156382129618e-07	0.1136679726248104	0.0052018045697223	2.705877078158483e-05	0.0129204080006346	-0.0140530330461388	-0.065662986821934	0.0001974877377958	0.0043116278383774	-0.0029031733187197	-0.0002893990544666	8.428415318525957e-06	8.37518127261622e-08	0.0007298174042196	-9.53218911124e-05	9.086262925244244e-09	5.32633443501835e-07	0.000471060371459	-0.0001890197832814	3.5728478471747444e-08	2.2189787355909107e-07
601.9871625056786	-0.2639571646187733	362388.54382163833	0.0696733847535821	627.1284782900448	3.44606990702664	393290.1282823872	11.875397804114597	580.9453007073066	-0.6775654127952748	337497.4424139029	0.4590948886164311	573.3731528564736	552.683330412204	1.123265	20.584772	0.1504515734604062	0.093343065676267	0.0675993645	-0.0191054966	0.0831660875	0.064626572	-0.0035782892	0.0995829235	-0.0875277369	0.1902516858	0.059486112	-0.0637957252	0.0760027752	-0.0296739349	-0.1092686371	-0.1090756303	-0.1339306026	-0.1512001843	-0.0124197807	0.0846211011	0.0982463667	0.0663726829	0.1377021676	0.0300283689	-0.0375805083	-0.0847791509	0.063486636	-0.1246833762	0.009618356	-0.0680482347	-0.1301614939	-0.0114165491	0.0851133917	0.0741146987	0.0104245142	0.0269376624	0.0717357621	-0.0146799002	0.0745121555	-0.0115402941	0.0604968716	0.0184311646	-0.0702109674	-0.0545493356	0.0966290907	-0.1697699984	0.0497551311	-0.0841426787	0.0858747934	0.0323991879	0.0915592455	-0.0029348531	-0.0499232771	-0.0408214261	0.1439589819	0.1794372084	0.0979779011	0.0009073692	0.0364993983	-0.0861511145	0.1522079968	-0.1150382538	-0.1206330116	-0.0168234744	0.0389942038	0.0238787678	-0.0860922082	-0.1287898094	-0.0853877398	0.0486667477	0.0848725446	-0.1361564013	-0.0543566485	-0.0118607588	-0.1474541308	-0.1187238581	-0.123078473	-0.0206859361	-0.1209172297	0.0196869806	-0.0708650646	0.1242427044	-0.0380669349	-0.0804973367	-0.0377614551	-0.0409045863	-0.1282694926	-0.1198776219	0.0975653055	-0.0716674827	0.0690527491	0.0447970526	0.1590050878	0.1173257256	-0.0903537684	-0.0540885398	-0.1483068918	-0.0519984702	-0.0216591141	0.0275434712	-0.102329975	-0.0763617167	-0.0123985273355202	0.0210021263168726	0.0001537234800896	0.0004410893098298	0.1362887929988261	0.0226208203740156	0.0005117015143934	0.0185746350970768	0.0715642377791141	0.0856172708252528	0.0051214401289055	0.0073303170635647	-0.0031356322848712	-0.0002324589661515	9.832189825926584e-06	5.403717094422423e-08	0.000538763544607	-0.0001910538596126	3.6501577272871074e-08	2.902661569974988e-07	0.0004703460783378	-7.142931211999676e-07	5.102146629935915e-13	2.212254334077479e-07
601.2399959055907	-0.747166600087894	361489.5326765548	0.558257928286903	624.9296843322397	-2.1987939578050373	390537.1103595928	4.83469486887994	580.4368924970104	-0.5084082102962384	336906.986171586	0.2584789082966242	572.6273538448193	546.6352701414974	1.186811	21.749317	0.1730391306333762	0.1154515008828013	0.0421674716	-0.0212124697	-0.1879149189	0.0923482078	0.0281790125	-0.1073014397	-0.0912375349	-0.1407653331	0.0046411907	-0.0481816121	0.0457698877	-0.0093442718	-0.1173762513	0.0908114041	0.0540475485	0.0923649965	0.0204617486	0.0253380206	0.0388723583	-0.0246927413	-0.0990839337	-0.135033599	-0.0030114321	0.062175293	-0.0009270928	-0.1136523579	-0.0361716495	-0.125266469	-0.0009302459	0.0237594546	-0.1458071123	0.0504217172	-0.0081707921	-0.0650147797	-0.0239827304	0.2689873898	-0.075722664	0.0809500846	-0.1918772512	0.0794175134	0.0422928808	0.033614365	0.0986631611	-0.1015190246	-0.0339035296	0.0240069088	0.0757841725	0.0489697369	0.0195477557	0.035939469	0.0719119732	0.0635621866	0.023926367	-0.0477039399	-0.1917793191	0.0024094112	0.0525745309	-0.0091351203	-0.0204183606	-0.1708252082	-0.0006336619	-0.0214670995	0.1890197534	0.0705285827	-0.1668957353	0.061162426	0.0164837373	0.1679623439	0.1515116557	0.132244036	0.1347224854	0.0326889301	-0.1285873038	-0.0474259144	0.1125486315	-0.048222398	-0.050329805	-0.0974548768	-0.1185188562	0.0384573527	-0.1541350473	-0.079565098	0.0783002103	-0.0016424947	0.12115103	-0.1519644311	0.0434205449	-0.1481298893	-0.0021110625	0.0793020016	-0.041940657	0.0221081211	0.0066090572	0.0307222091	-0.1838137183	0.0111738962	0.0206516119	0.0251890118	-0.1044804285	-0.0707724105	-0.0121856152025685	0.0002129121329516	0.000148489217865	4.5331576358042014e-08	0.041693792469033	-0.0945950005297931	0.0089482141252315	0.0017383723304507	0.0082691976113977	-0.0632950401677164	6.837962913634544e-05	0.0040062621098328	-0.0029636015080476	0.0001720307768236	8.782933898502009e-06	2.9594588174531386e-08	0.000412304412197	-0.0001264591324099	1.5991912169889898e-08	1.699949283171137e-07	0.0004701124315131	-2.3364682470001198e-07	5.459083869239812e-14	2.210056982631592e-07
601.1609211405008	-0.0790747650898993	361394.4531064954	0.0062528184740227	624.6449169136628	-0.284767418576962	390181.2722260767	0.0810924826829866	580.8801451202472	0.4432526232368445	337421.7429949195	0.196472888006344	573.6307753810177	547.0163052724897	1.086929	19.918896	0.1857989185801107	0.1156346591626701	0.0224052105	-0.0096156816	0.0119215077	0.1610347874	0.0091665267	-0.0628170484	-0.0687136153	-0.0358265283	-0.0356030826	0.1162274737	0.0846174412	0.0619622132	-0.0023770194	0.1282778009	-0.0942142596	-0.0233880238	0.0773986376	0.1092662223	-0.0159155239	-0.0187953818	0.0626294101	-0.1588928144	-0.0007715001	0.1315143695	0.029406063	0.0336975144	0.0309113367	-0.0125802485	-0.0444510855	0.1076905088	0.0746975047	0.1009187418	-0.0140761326	0.1108232829	0.0074978614	0.0382593803	-0.1207254133	-0.1510587577	0.0351810335	0.090135162	0.0471966052	0.080363097	0.0253302596	-0.1049376337	0.0068370417	-0.0454650847	0.0650473591	0.0480999043	0.0596325512	-0.0717039488	0.0563017336	-0.1186203621	0.0683465587	-0.1162703101	-0.0374999646	-0.0968660374	-0.0533360888	0.0111833081	0.0338597761	0.0023414283	-0.0982250923	0.0199177631	0.0082724778	-0.0633310346	-0.0579580289	-0.0665216083	-2.88395e-05	0.0387686866	0.0726313586	0.0176859775	0.1484642435	0.1162573091	0.01442963	-0.1144877511	0.0065462683	0.1010877841	-0.0329187807	0.0383469468	-0.1601793978	0.0664888175	0.1142855674	-0.1782273326	0.0624636363	-0.0567519453	0.0192857799	-0.0668927365	-0.1156230217	-0.0325397021	0.1129262167	-0.1262830063	0.0547702825	-0.0341754458	-0.1116991454	0.1066688018	-0.0011507735	-0.0896619875	0.084171278	0.0228235037	-0.1064475877	-0.0649037979	-0.0167115741316195	-0.0045259589290509	0.0002792767099566	2.048430422745647e-05	0.1375099374057669	0.0958161449367338	0.0091807336305371	0.0189089828853379	0.0612271812873785	0.0529579836759808	0.0037487677283975	0.0028045480350254	-0.0034231499819668	-0.0004595484739192	1.1717955799039302e-05	2.111847998814657e-07	0.0004900044796527	7.770006745569998e-05	6.037300482620327e-09	2.401043900797133e-07	0.0005828405109051	0.0001127280793919	1.2707619883409045e-08	3.39703061152118e-07
601.6006512016492	0.4397300611483388	361923.3435262484	0.1933625266775217	621.9185578195672	-2.726359094095528	386782.6925603704	7.433033909957389	581.0640950812995	0.1839499610522352	337635.4825926494	0.0338375881711188	573.0829347769419	545.948945237508	1.159324	21.245592	0.1522321330143162	0.0836208491019686	0.0235701869	-0.0194926717	0.0919664974	0.1642314125	-0.1318798776	0.1424154695	-0.044869477	0.1139879597	0.0424300759	0.053296713	-0.0241179853	0.0984828649	0.1017825586	-0.1398093152	0.1076657141	-0.0208240525	0.0096347191	-0.050339905	0.0194310901	0.0731734861	0.0647463234	-0.0279405564	-0.0919183216	0.0389634522	-0.0137895304	0.1582397454	-0.0556696946	0.1232070429	-0.0622005135	0.0824094613	-0.2198373208	0.0875968271	0.0439605049	0.0010040845	-0.253089914	0.0967572559	-0.0159913237	-0.0634961626	-0.0158588555	0.0089096093	0.0135998711	0.0581587834	-0.0079709794	0.0125572281	0.0877931704	0.1285658267	-0.0216746938	0.0406225091	0.0640356511	0.0306987447	-0.0515300104	-0.1186249095	-0.08687758	0.0928270097	0.0993543332	-0.1450157233	0.0037659058	0.0478328678	-0.0481062212	-0.016901935	0.0611551144	0.1331303516	0.1191915598	-0.078413541	-0.0332324489	0.2230681082	0.0831482726	0.0712002149	0.2039327504	0.1649557546	-0.0042736675	0.0056809015	0.0352538441	-0.0417258133	-0.0252613304	-0.1075135282	-0.0532970859	-0.1358032126	-0.0702259495	-0.0136326127	-0.1057295237	0.0330621446	-0.0232069724	-0.0630922105	-0.0040587153	0.0018040897	-0.2069563199	-0.0964278047	0.1384270846	-0.0054571946	-0.0253043103	0.123655082	0.2179771804	0.1838339472	-0.0001225136	0.0522895719	-0.0479239619	0.0204479845	-0.1082280018	-0.0587790397	-0.0282800621091183	-0.0115684879774988	0.0007997619128955	0.0001338299140855	0.068932398856063	-0.0685775385497038	0.0047028787935361	0.0047516756120513	0.0409521486480599	-0.0202750326393186	0.0016770784788927	0.0004110769485254	-0.002930722453848	0.0004924275281187	8.589134101488843e-06	2.424848704491913e-07	0.0009228110888541	0.0004328066092014	1.873215609684134e-07	8.515803057120896e-07	0.0004718531712694	-0.0001109873396356	1.2318189559410212e-08	2.2264541523698975e-07
598.794801351643	-2.8058498500062115	358555.21412575355	7.872793380779879	623.9192259939093	2.0006681743420813	389275.2005648389	4.002673143825277	579.5031496052953	-1.5609454760041217	335823.9004024573	2.436550779057734	572.080137455905	539.4554024133259	1.193268	21.86763	0.077047823759507	0.0426411192308339	-0.0283042707	-0.0003279967	-0.0127948788	0.11747647	-0.1542944471	-0.1330422979	-0.0575816872	-0.1154742943	-0.0904985946	0.1784908136	0.0652798133	-0.0106772631	-0.0323953286	-0.1888563355	0.1070911826	-0.090178731	-0.0351241045	0.1006180344	-0.0215791297	-0.02335985	-0.1992848052	-0.007347768	-0.0216416108	0.0139489754	0.1514162307	0.0331771463	-0.0769600524	0.1025203759	-0.0579140864	0.1354848954	-0.0216977962	-0.0004642154	0.0139837383	-0.0716596367	-0.0940036771	0.089319913	0.0042875164	-0.1791986119	0.0165223512	0.1272474168	-0.0955330316	0.0447276616	0.0602679369	0.0345696589	0.1669385329	0.0506308297	0.0502277534	-0.0156051674	0.0612839129	-0.0710945171	0.1574101155	0.0915534174	0.0185318277	0.0653213622	-0.0899176372	-0.1438647686	-0.051786796	0.0447911892	0.1591675962	0.0220644216	0.0432520794	-0.0656502345	-0.1908614718	-0.0574681951	-0.0541262999	0.1635701224	0.0644719115	0.1947232388	0.1031824587	-0.0536274102	-0.0975001475	0.084973782	0.0506886413	-0.0906304319	0.0735261169	0.0266147152	-0.0300309127	0.0325421493	-0.0650828859	0.0446613856	-0.0143090109	0.0866014356	-0.0540416199	0.0013428516	0.0870224045	0.0619523198	-0.1097656302	-0.0835604965	-0.0045067637	0.0583217858	-0.0669898316	0.0513996473	-0.0829626439	-0.0222360837	-0.2070791587	-0.1598118107	-0.1461284181	0.0180634961	-0.1098185471	-0.0524223074	-0.0434878523245885	-0.0152077902154702	0.0018911932998052	0.0002312768832377	0.0980146769512799	0.0290822780952168	0.0008457788992075	0.0096068768978637	0.0545550226346449	0.013602873986585	0.0029762504946666	0.0001850381806949	-0.0033112294421317	-0.0003805069882836	1.0964240418439807e-05	1.447855681327316e-07	0.0009252214530008	2.410364146699989e-06	5.809855319696765e-12	8.560347370929116e-07	0.0004720334480837	1.802768142999587e-07	3.249972977414178e-14	2.228155761097871e-07
596.2993751455798	-2.495426206063144	355572.9447990089	6.227151949906695	618.4710582264682	-5.448167767441078	382506.4498637675	29.682532022183896	576.8103060012697	-2.6928436040255974	332710.12910927844	7.251406675741569	568.560725097303	520.4132442213977	1.247628	22.863825	0.0995635999025026	0.0609934774695752	-0.229886	-0.0739737377	-0.0324278466	0.1375679622	-0.0552461212	0.0418723304	0.1551946393	-0.0547068447	0.036049054	0.0531603614	0.1177834418	0.1035967864	-0.1347624472	-0.0364050254	-0.0719686386	-0.0504451803	-0.1839252165	0.0564675072	-0.1877628679	0.068539007	-0.0604594271	-0.1022729352	-0.0625675478	-0.0771010757	-0.0282255834	-0.051759147	0.1453772355	0.0862038183	0.0228823914	-0.0657016988	0.0653393114	0.026568227	0.0368642706	0.0516665883	-0.0302954796	0.0152382507	0.049954351	-0.0628222808	0.0457572074	0.1807029062	0.0999220113	-0.0707060209	0.0308741174	0.0753643364	0.0480654031	0.0030737914	0.0483796215	-0.1924509892	-0.0395807283	0.0082994136	0.0828708391	-0.0827429854	0.0934320729	0.1320493257	-0.1206364701	-0.0196340334	0.0065974852	-0.1076859296	0.0051592302	0.0706211808	-0.0198527788	0.1119662579	-0.0778362585	-0.0269485218	0.0075188969	-0.0019833306	-0.0921193413	0.0843812398	-0.1335426583	-0.0713503614	0.0513842923	-0.0226884507	0.034190694	-0.1459491276	-0.0833095276	0.024580178	0.0444276014	-0.0431809442	0.0116488989	-0.1480923574	-0.1056655669	-0.0461834071	-0.0248136085	-0.006599766	-0.0812520595	0.1640359981	-0.1349193961	0.1562903248	0.0346223714	0.1670676887	0.1339450126	-0.0876472507	-0.1514988561	-0.0117106002	-0.1128186881	-0.0494146306	-0.0382365704	0.0156710845	-0.1112164334	-0.0458586883	-0.0430477756853662	0.0004400766392223	0.0018531109914576	1.9366744838919845e-07	0.1485308265375948	0.0505161495863149	0.0025518813690269	0.022061406431941	0.0833764820366553	0.0288214594020104	0.0069516377568087	0.0008306765220617	-0.0035216580840624	-0.0002104286419306	1.2402075661042052e-05	4.4280213344798726e-08	0.0008789162029156	-4.630525008520001e-05	2.1441761854529155e-09	7.724936917475761e-07	0.0003330490546005	-0.0001389843934832	1.931666163189297e-08	1.1092167277028683e-07
598.1425146242343	1.843139478654507	357774.4678010024	3.397163137774808	613.153366066559	-5.317692159909257	375957.0503187517	28.277849907560373	578.3763061204716	1.5660001192018171	334519.1514815614	2.452356373340105	568.0579889482922	521.0104750480261	1.107141	20.289293	0.1622010949550608	0.0944045831964244	-0.2160733566	0.065219285	-0.0472050444	0.0230932676	0.0943086081	-0.0223649594	0.2038236352	-0.0491528754	-0.0309722659	-0.0662710017	0.029142067	-0.068035005	0.125620481	0.0608266149	-0.0135999785	0.0913267631	-0.0771353293	0.017625806	-0.1150585671	-0.085606978	0.0713068829	0.0600103059	0.088341747	0.0089753458	-0.0112094144	-0.0469574455	0.0810037423	-0.1333120789	-0.0271782685	0.0346210713	-0.045449308	-0.1126765121	0.0896058682	-0.069689604	-0.054591629	-0.1350522006	-0.0585877722	0.0502331932	-0.0073010413	-0.0991506934	0.0201360552	-0.0355495822	0.1051707031	-0.0329048268	0.173791718	-0.0212888844	0.107390453	-0.1439012772	-0.1292069444	-0.1014320995	-0.034283836	0.0031576891	-0.0144417667	-0.1108565677	-0.026206192	0.160251917	0.0322047109	0.0299157011	-0.0878220953	-0.0099253922	0.0933272024	-0.079952216	-0.0135283694	-0.0302692864	-0.0203787931	0.1152731723	-0.1367110797	0.0229644052	0.1365552273	-0.0688284341	0.0509819302	-0.0256418352	0.1327243212	-0.0741898821	0.0478618249	-0.0032032428	0.0283742524	-0.0537432172	-0.023557603	-0.11446895	-0.0469851297	0.1521072179	0.090733515	-0.0212290931	0.0490847408	-0.1229655439	0.0140711177	0.0869454857	-0.0067764555	0.1266410254	0.0317574543	-0.1138211153	-0.0918759291	0.1041721246	-0.0239921307	-0.0281802278	0.1316700116	0.013271799	-0.1124192083	-0.0391140859	-0.0500648925207656	-0.0070171168353993	0.0025064934631158	4.923992868164568e-05	0.0735414413994135	-0.0749893851381813	0.0056234078834024	0.0054083436031033	0.0334161542844952	-0.0499603277521601	0.0011166393671651	0.0024960343491032	-0.0034741149289376	4.754315512479988e-05	1.2069474539467106e-05	2.2603515992207847e-09	0.0012702156753665	0.0003912994724509	1.531152771403527e-07	1.6134478619467738e-06	0.0001672063775898	-0.0001658426770107	2.7503793518075363e-08	2.7957972706702768e-08
600.7404326158537	2.597917991619397	360889.0673794831	6.7491778911797615	615.756691893639	2.60332582707997	379156.3036117978	6.777305361941613	580.4065072878846	2.030201167412997	336871.7137021212	4.121716780165096	570.694596639386	530.3787513153545	1.1008	20.17309	0.0314121470172987	0.0223467992443902	-0.125599736	-0.0145821688	0.0281472121	-0.0565146138	0.0003320745	0.0233024976	0.1138750283	-0.0812728065	0.1148515926	0.0630922772	-0.0476057337	-0.0147712153	0.1386587275	0.0852326149	-0.1526668914	-0.0922073214	-0.0545673098	-0.0399446852	0.0315155063	-0.1397007468	0.0673578929	0.0012329731	-0.0534674717	0.0089140088	0.1175178797	-0.0070702786	0.04267632	-0.1191743004	-0.0556232457	-0.0151395141	0.0170026867	0.0093893314	0.0558146937	0.1724911624	0.1421504176	0.003380294	-0.020307952	-0.1095877989	0.0374754045	-0.0503908532	-0.1527646522	0.1143874647	-0.0396635661	0.1192139659	-0.019447877	0.0410952368	0.0238801482	-0.0937031276	-0.0394328549	0.0270705673	0.0459526623	-0.066815322	-0.043710899	-0.1180627199	0.1090114446	0.0224374257	0.0346833575	0.034388063	0.0610100507	-0.0372113644	-0.2327359321	-0.110899046	-0.0669034179	-0.0755538323	-0.0281451022	-0.0279694608	0.0273492745	-0.1163296188	0.0791169061	0.0329995628	0.0396326882	0.0701853195	0.0320222516	-0.03673646	-0.0118997808	-0.0117624915	0.0206778551	0.0928132187	-0.0791248851	-0.0006086992	0.1367710703	-0.0384695718	-0.0771057909	-0.0983843629	-0.0023310631	-0.0404567194	0.0605970099	0.0806169523	0.0940345051	-0.0553589951	0.0357838833	-0.1776623995	0.0252695952	0.167487911	0.0520022864	-0.0112916448	-0.0128451352	0.010866692	-0.1134247617	-0.032215118	-0.0503117736504208	-0.0002468811296552	0.0025312745678511	6.0950292179828e-08	0.0738265740434229	0.0002851326440093	8.13006246797883e-08	0.005450363034989	0.0528035183399993	0.0193873640555041	0.0027882115490826	0.0003758698850206	-0.003680606850186	-0.0002064919212484	1.3546866785636107e-05	4.2638913540855476e-08	0.0012642311632722	-5.984512094300018e-06	3.581438500682319e-11	1.59828043418858e-06	0.0001498274271699	-1.7378950419899976e-05	3.0202791769734153e-10	2.2448257932351694e-08
602.9628493392669	2.2224167234131755	363564.1976833274	4.939136092506555	623.7613926491542	8.004700755515273	389078.2749596124	64.07523418534679	581.7853231803556	1.3788158924710388	338474.1622680708	1.9011332653307071	573.0305743923893	548.6562470510958	1.150525	21.084345	0.0289161917850129	0.0162394359653753	0.0371576323	0.0833700012	0.0293607293	-0.0217099033	0.0565014383	0.0637083626	-0.0575159057	0.0986964491	-0.0147409739	-0.0967613851	0.009269245	-0.0645623277	0.0799995317	0.012083682	0.0283544542	0.0007001092	0.0807188204	-0.053196851	0.0682723431	-0.0051057026	0.1262304534	0.0790550353	0.0765940869	-0.0619852814	0.1102413593	-0.0552800738	0.0216176	0.0225156993	-0.1994553493	0.0628352779	0.0046961236	-0.1074786568	-0.0785835464	-0.0724015318	0.0718331544	-0.0004710086	0.016304372	0.2003602148	0.0532160411	-0.0658295912	0.08450117	-0.0026778363	0.0084449899	0.019680262	-0.1427869208	-0.0386431315	0.1504245018	0.0618325521	-0.0008328601	-0.0012046451	-0.133731201	0.0403106969	0.0482897087	0.0012492811	0.1581456947	0.0340433617	0.0500107248	-0.0908411724	0.0754426903	-0.0040163549	3.21993e-05	-0.105563731	0.0925024934	0.0978287606	-0.0278696289	-0.0186956985	0.0397363207	0.0331004	0.0335925928	-0.1995900094	0.0636291392	-0.0015782483	0.0878786437	-0.0185259333	0.0369466158	0.0077547748	0.0383138923	-0.1157013272	-0.0607728558	0.1526549243	-0.0185606473	0.0132960921	-0.0444244905	0.0640913376	-0.0106556473	-0.0012143573	0.0483180002	-0.0030694395	0.0387747391	0.0043586575	0.0833155607	0.0013616341	-0.051389215	0.0104121637	-0.0819747763	0.0351764853	0.0505288168	0.0084568186	-0.1142313295	-0.0251890118	-0.0440000521155639	0.0063117215348569	0.0019360045861723	3.983782873357636e-05	0.0734808334749033	-0.0003457405685195	1.195365407202491e-07	0.0053994328881664	0.0525353912258879	-0.0002681271141114	0.002759967331257	7.189214932170816e-08	-0.0034091521483294	0.0002714547018566	1.1622318370458965e-05	7.368765516005567e-08	0.0011940820542852	-7.014910898700002e-05	4.920897491670006e-09	1.4258319523659634e-06	0.0002480356676768	9.820824050689998e-05	9.644858503461112e-09	6.152169243987597e-08
599.9458103732096	-3.017038966057271	359934.9753843672	9.102524122707926	623.7494070934273	-0.0119855557269374	389063.3228494021	0.0001436535460835	581.0613982596534	-0.7239249207021885	337632.34854746354	0.5240672908136699	573.9229212425373	549.1660108012958	1.059411	19.414595	0.0846682711994318	0.0402029736942601	0.0422805332	0.2298190507	-0.0343975189	0.0520144586	-0.083832775	-0.0611152043	-0.0681390629	-0.0789992707	-0.207118507	-0.0083855379	-0.0051143209	-0.0292637487	-0.06749337	-0.0405631494	0.0820116124	0.059328091	0.1330064683	0.0667431749	-0.064031331	-0.0605110048	-0.0674396486	-0.0076207492	-0.0439401619	0.0417967728	0.1479211167	-0.0930726753	-0.1080947483	-0.0605994168	0.0277924238	0.0649683149	0.0715764835	-0.0460547313	-4.09989e-05	-0.0592918107	-0.0625445914	-0.0003410297	-0.0908874809	-0.0450372659	0.0132130494	-0.0225655424	-0.1134933328	0.0627855401	0.1192433449	0.0567443613	-0.1752468466	0.1046423292	0.0784109278	0.1229175835	-0.0835813467	-0.1027444743	0.0634997778	-0.0071717709	0.0206198552	-0.0086140182	-0.0558272445	-0.0221340914	-0.0676061015	0.019352379	0.1232308177	0.0182250759	0.101625464	-0.0797582912	0.0415055369	-0.0071304762	-0.0322335978	-0.0836292443	0.0088866082	0.1337643603	-0.0339161125	-0.1176233231	0.0383411923	-0.0180009807	-0.0133800724	-0.0255035014	0.0233348864	0.0275018794	0.0322237378	0.0610258067	-0.1352986983	0.1420271989	-0.0054371199	0.0640509413	-0.0183076632	0.0822026525	0.0592696459	-0.0179403518	-0.0717827339	0.086400161	0.0692506627	0.0100950501	-0.0685871034	0.0079010014	-0.1172582438	-0.1000162686	-0.2223648035	-0.0109174055	0.0567679588	0.0060432357	-0.1148374968	-0.0180634961	-0.0519348199547948	-0.0079347678392309	0.0026972255237369	6.296054066249304e-05	0.0886326279125455	0.0151517944376421	0.0002295768746805	0.0078557427306837	0.0704146410112116	0.0178792497853237	0.0049582216687378	0.0003196675728859	-0.0038867513396591	-0.0004775991913296	1.5106835976341808e-05	2.281009875587833e-07	0.0010225848885137	-0.0001714971657714	2.9411277867657313e-08	1.0456798542165766e-06	0.0004729884933203	0.0002249528256435	5.0603773764994926e-08	2.237181148134075e-07
597.9939328838162	-1.9518774893933823	357596.7437658541	3.8098257336006136	617.1220614338479	-6.627345659579419	380839.6387083619	43.92171049154616	578.9801906655414	-2.081207594112016	335218.0611831067	4.331425049789524	570.2734125808433	529.5692941060245	1.260961	23.108168	0.0520392827438816	0.0316270447620599	-0.1213948998	0.0196086243	-0.0343645808	0.0763606063	-0.142579762	0.09826967	0.0909369364	-0.0010167623	-0.0816779616	0.0640927021	-0.0749040767	0.1764629444	-0.1024999744	-0.0736800906	0.0080951389	0.0184533474	-0.0634086425	0.0600579883	-0.0852491938	0.0731636385	-0.0059785218	0.0327032448	-0.2634826329	0.0068940834	0.014090124	0.076022124	-0.0658907516	-0.059009269	0.0320773885	0.0122902632	0.1422974978	0.0766562341	-0.1540099155	-0.0901231825	-0.0597493271	-0.0180753622	-0.0227716289	0.0119277731	0.0393504885	-0.0903089254	0.0156846064	-0.010804951	-0.0644818716	0.039265525	0.1037447659	0.0438013311	0.1220253876	-0.0703569113	-0.0683821837	-0.0156656402	0.0513646692	-0.1163232669	-0.0940253963	0.1732822748	-0.0128759113	-0.0671344416	-0.0025250784	0.1625474268	-0.0706227595	0.0130156407	0.0218865168	-0.0383278322	0.0204854577	0.056149887	-0.0268732551	-0.0528234429	-0.0747415943	0.0841785709	0.0782917838	-0.1527393228	0.0546846951	0.1513749189	-0.1477213958	-0.009976155	-0.072589565	-0.0988812638	0.0649949413	0.0118212342	-0.1085477447	-0.0048679783	-0.0460286512	0.1061181484	-0.13633623	-0.1571640178	0.0563665447	0.0093243623	-0.1004546344	-0.0524062209	0.0065453046	0.0313602425	0.0655473814	0.0013674807	-0.0577440094	-0.0054796625	-0.0305951338	-0.0342984617	0.0228509864	0.003627002	-0.1152422001	-0.010866692	-0.052802927471987	-0.0008681075171921	0.0027881491496119	7.536106614056035e-07	0.0649473838124805	-0.023685244100065	0.0005609907880796	0.0042181626640856	0.071103062721761	0.0006884217105494	0.0050556455284146	4.739244515557696e-07	-0.0036031744710774	0.0002835768685816	1.29828662690239e-05	8.041584039460267e-08	0.0011039596445057	8.137475599199985e-05	6.621850912757515e-09	1.2187268966971511e-06	0.0003019899295725	-0.0001709985637478	2.924050880381043e-08	9.11979175632035e-08
598.3093659374006	0.3154330535843428	357974.0973684143	0.0994980112935428	614.8603267111973	-2.2617347226505444	378053.22136340034	5.115443955643135	578.281134662678	-0.6990560028633581	334409.07070675434	0.4886792951392953	568.653120553052	525.9586392783468	1.123443	20.588034	0.0814361703275792	0.0470163453877363	-0.1601538216	-0.0954535069	-0.008220342	-0.0399888123	0.0386413345	-0.0761804676	0.1390242466	-0.0365953024	0.0698053206	0.087938783	0.0178841795	-0.0504185793	-0.0272084796	0.03708543	0.053999531	0.032612165	-0.1412709595	0.0758179582	-0.0497093196	0.0089287845	0.0087840733	0.0634567367	-0.0302246221	-0.036025927	0.0232500482	0.1433852486	-0.0698235677	-0.1210723748	0.1147480211	-0.0305906485	-0.0036102772	0.0048708375	0.0742695115	-0.0595914627	0.0649685593	0.1705417135	0.0752050837	-0.0131952385	0.0674144613	0.036697184	0.0026874695	-0.1415304302	-0.1698361258	0.0118791308	0.0081191964	0.122640236	-0.079412616	-0.168459222	0.0091527447	-0.0429506875	0.0273394654	0.0052705293	0.0388321055	-0.0428897375	-0.0381302837	-0.0597004052	0.0429839532	0.1644939032	-0.154455834	-0.0914590507	-0.0513456934	-0.0841359778	-0.0787467355	0.04128005	-0.0613315153	0.0156584721	0.1362602418	0.059510705	0.0243028213	-0.046712495	-0.0285021501	-0.0927428591	-0.0579357183	-0.0800927059	0.0852634889	0.0965576148	0.0586955637	-0.0333408479	-0.0084919334	-0.0892389399	0.0676225691	0.001961954	-0.1533601405	-0.0849430589	0.022635411	0.0093521249	-0.0422575497	-0.0498210857	-0.0287301262	0.0439542119	-0.0408769276	-0.1475972785	-0.1007019376	0.1067143168	0.0829866214	-0.0518137386	0.0134448894	0.0012091775	-0.1154447293	-0.003627002	-0.054824342864947	-0.00202141539296	0.0030057085705732	4.086120190895645e-06	0.1041407909483211	0.0391934071358406	0.0015361231629157	0.0108453043393419	0.0578334693525874	-0.0132695933691736	0.0033447101773566	0.0001760821081832	-0.0038961652298582	-0.0002929907587807	1.5180103498356e-05	8.584358473094884e-08	0.0012910301838013	0.0001870705392956	3.499538667234664e-08	1.6667589354860185e-06	0.0002430161390568	-5.89737905157e-05	3.477907967789667e-09	5.905684384207396e-08
599.4467429851818	1.1373770477812286	359336.3976755426	1.293626548819543	615.4074866311591	0.547159919961814	378726.3746016803	0.2993839780126187	578.4149921307676	0.133857468089559	334563.903121636	0.0179178217633473	569.3062077098423	535.3777687346162	1.091028	19.994003	0.1155328155884747	0.0662290422717635	-0.1018988779	0.0998567042	0.0101138037	-0.0169266626	0.1381193815	0.0777863275	0.1236997016	0.0592800129	-0.0764422233	-0.0773252142	0.0674104193	-0.0260282305	0.0551678604	0.0828970564	-0.0117694903	-0.0278704585	-0.0210438789	0.0381580537	-0.209348099	-0.0883957151	0.1343199107	-0.0179788732	0.0576485989	-0.118421702	-0.077482775	0.0687354557	-0.0743072691	0.0968333528	0.0155339681	-0.0032429563	0.1132255012	-0.0631176695	0.0866382493	0.018341745	0.0475228574	-0.0169836438	-0.1181004849	0.0555985542	-0.0334091433	-0.1011886289	-0.0089262451	0.0550114556	-0.1019185226	-0.0654473035	-0.0692028028	0.1344316015	0.0251557091	-0.0619740393	-0.1534236106	-0.089332326	-0.0646080907	-0.0856039468	0.1186853994	-0.0120241609	0.0731608025	0.0413706997	-0.1044142832	-0.0279641371	-0.1501609087	-0.0220273708	0.0925905542	0.0409771228	-0.0877887892	-0.1354699078	-0.0937994618	-0.0401217262	-0.0159542375	-0.0673804925	-0.0174236617	0.0147994075	0.1009840246	-0.0210910324	0.0037478395	-0.1019818591	-0.0989609273	0.0891213052	0.0356755353	-0.0363917844	-0.0608046391	-0.0911805634	-0.0780247637	0.2175384006	0.0325364229	-0.0902475654	-0.0341629301	-0.0317374973	-0.0152074657	0.1326222664	0.0580321377	0.0179243108	-0.0862725464	-0.0396059131	0.0086460805	0.00829929	0.0634599942	0.078291128	0.0245074546	-0.0012091775	-0.1154447293	0.003627002	-0.0626786364522189	-0.0078542935872718	0.0039286114675094	6.168992775506042e-05	0.1535673679238129	0.0494265769754918	0.0024429865115142	0.0235829364910477	0.0944307471107634	0.0365972777581759	0.0089171659998969	0.001339360739309	-0.0041786836110079	-0.0002825183811497	1.7461396720906026e-05	7.981663568744751e-08	0.0011824114688376	-0.0001086187149637	1.1798025240365506e-08	1.3980968816386908e-06	0.0002849723882941	4.195624923729999e-05	1.760326850062436e-09	8.12092620900433e-08
599.331002192023	-0.1157407931588068	359197.65018849465	0.0133959312010297	615.1793259960866	-0.2281606350725269	378445.6031329994	0.0520572753966988	579.0973827073219	0.6823905765543259	335353.7786584705	0.4656568989701453	570.2628554723881	533.1764246318934	1.047181	19.190464	0.2405811289458163	0.1678577357035982	-0.0890696458	0.1369354288	-0.0006967123	-0.0691394589	-0.0933403306	-0.0163319139	0.1126018651	-0.0203240318	-0.1057514187	-0.0109993622	-0.1079602233	0.0093024571	0.1333848711	-0.1083139439	0.0424950784	0.0445329351	0.0392668218	0.0519162889	-0.1423158144	-0.005162143	-0.0160872301	0.1989068235	-0.0552770315	-0.0669887503	0.0369038025	0.0078620934	0.053024911	0.1530323786	0.1050187229	-0.0698691547	-0.2689217432	0.0230761297	0.0042870591	-0.0322825073	0.0857225843	-0.057402306	-0.0592325779	0.2088984434	-0.0196142943	0.2076777035	-0.1782018823	0.1754115506	0.0184775862	0.0836409754	-0.0151550716	-0.080043725	-0.0763498184	-0.0232355006	-0.1256422235	-0.0965367959	0.0224376992	0.0610323389	-0.094452581	0.0614010087	0.0817646153	-0.0450581454	0.1353118755	0.0334857847	-0.0401045375	-0.0708905365	0.0755621118	0.1084732675	-0.0580986293	0.118932682	-0.0274467371	0.0270765717	0.1269776598	-0.0290400166	-0.0061194195	0.0637568407	-0.0336392813	-0.1214137756	0.1006047418	0.0176991427	0.0815078078	-0.1427440649	0.0223690196	0.0417441324	-0.0766668852	0.0448386391	-0.0193130807	0.0553589811	-0.1219502271	-0.0926008885	-0.0663755916	0.0913952228	-0.0669071812	0.1333339334	-0.0676840411	0.0645632194	-0.0764772156	-0.0458352998	-0.0363990301	-0.018569758	0.040290562	0.1144777306	-0.0718785452	-0.003627002	-0.1152422001	0.010866692	-0.0528572857206626	0.0098213507315562	0.0027938926537557	9.645893019224137e-05	6.50907862080885e-05	-0.1535022771376048	0.02356294908643	4.236810449187084e-09	0.0653828161153882	-0.0290479309953752	0.0042749126431786	0.000843782295112	-0.003404120764587	0.0007745628464209	1.1588038179892382e-05	5.999476030556472e-07	0.0012592120308698	7.680056203219999e-05	5.898326328461799e-09	1.5856149386872462e-06	0.0001721443951216	-0.0001128279931724	1.2730156043333705e-08	2.9633692771781538e-08
598.9152734427305	-0.4157287492924979	358699.5047629806	0.1728303929883046	614.8944287662617	-0.2848972298248782	378095.1585277873	0.0811664315618894	579.3423504941458	0.2449677868238495	335637.5590760816	0.060009216581375	570.1658650592522	529.4480919951872	1.041071	19.078499	0.1747523464060879	0.1384203276466404	-0.1106458074	-0.0448426782	0.0511254794	-0.0932598219	-0.0904512263	0.0104739006	0.129746882	-0.0647332191	0.0567320794	0.0501022492	-0.0222865589	-0.0567498459	-0.0125291803	-0.1356895729	0.0897202108	0.0019099828	-0.1314463397	-0.0663774569	-0.0754018085	-0.029088796	-0.0551700415	0.0478850852	-0.0526114369	0.1038031771	0.0158189207	0.0637275	-0.1288338934	0.0837773345	-0.1836978479	0.1023491961	-0.1055669302	-0.0886558758	0.0954632803	-0.0065499949	0.0266332562	0.062958204	-0.1002490046	0.0181323595	-0.0763696437	-0.069262151	0.0156163845	0.0110156878	-0.0680640047	-0.0054576628	-0.0322417061	-0.0203668767	-0.0622397225	-0.1256537908	-0.0372754336	0.0374189341	0.0042047907	0.0287770342	-0.1029770302	-0.0208615252	0.0533706752	-0.147229531	-0.1298435356	0.0164300071	0.0338672993	0.0867688422	0.0416509687	0.0106932708	0.0756607735	-0.1484184779	-0.045969354	0.1270433109	0.0992576162	-0.0234888936	0.0788602387	-0.0449871998	0.1014775428	-0.0442576693	0.0370639991	-0.0761927552	-0.0238265771	0.0346716898	-0.0679559055	0.0432209593	-0.0279593495	-0.0035849938	-0.0537426241	0.0333925876	-0.1691042266	0.1015013906	0.1342806733	0.0818225849	-0.1019055547	-0.0177461533	0.0642273282	-0.0106124554	-0.0052207674	-0.0644585439	0.0407631845	0.0532538186	0.020394311	0.0478001084	-0.1630340305	-0.0060432357	-0.1148374968	0.0180634961	-0.0525908989319106	0.000266386788752	0.0027658026504664	7.096192122160354e-08	0.1343744946090339	0.1343094038228258	0.0180390159552428	0.0180565048014332	0.0734807286854533	0.0080979125700651	0.0053994174881452	6.557618799241844e-05	-0.0035977757688417	-0.0001936550042546	1.2943990482864484e-05	3.7502260672887854e-08	0.0011121526939661	-0.0001470593369036	2.1626448570555936e-08	1.2368836146960538e-06	0.0004730029184521	0.0003008585233305	9.051585106060902e-08	2.23731760864204e-07
599.2057206964967	0.2904472537661604	359047.49571540795	0.0843596072203043	615.0702582688359	0.1758295025741745	378311.4226068925	0.0309160139754816	578.1270771076412	-1.2152733865045775	334230.9172850245	1.4768894039463043	568.4776806875511	530.62680849199	0.9003489999999998	16.499647	0.0645231521149974	0.0402566113321925	-0.1260639997	-0.0989861374	-0.005841529	-0.0812143202	0.0776977006	0.0344783157	0.1381002893	0.0343317347	0.1367516695	-0.0077439607	0.040848487	0.0048793368	-0.0367924862	-0.0104006751	0.014371447	-0.0683192835	-0.1176873865	-0.1591460145	-0.1343043048	0.1168510334	-0.0254289452	-0.0742148932	0.0869504694	0.1128007404	-0.002106545	0.1049848727	-0.0422241681	-0.0530370448	0.0500408964	0.0141750988	0.092677447	-0.0077602591	-0.004113231	0.1329347088	0.0071406391	0.0705970807	0.1232813252	0.0636614967	0.103818614	0.0371423144	-0.0445088473	0.0515488944	0.0876546993	0.0423945224	-0.1039466652	0.1078586195	-0.0731398125	-0.1567181835	-0.0227140904	0.1202547194	-0.1533741095	0.0407666811	-0.0016806545	-0.053875102	-0.0663501699	-0.0675013438	-0.054314761	0.0236850505	0.0508695568	0.1342216844	0.0025193087	0.0688778028	0.0078643447	-0.0123496431	-0.065867244	0.0089004423	-0.0276430888	0.0497871782	-0.1227784702	0.0692418692	0.0725782704	0.1869957924	-0.0770988336	-0.0738464343	-0.0122341684	0.0483110059	-0.0210890448	-0.1026133158	0.1219113678	0.0381928755	-0.0067429316	0.0088138656	-0.1399261879	0.0119792424	0.1311874874	-0.0162203779	0.0172721493	-0.0322011559	0.0209084287	0.0089206231	-0.0395559357	-0.0914240376	-0.1017395707	-0.01265305	0.053392222	-0.048771726	-0.0327226026	-0.0084568186	-0.1142313295	0.0251890118	-0.0525489654162214	4.193351568920062e-05	0.0027613937663152	1.7584197380564342e-09	0.12455648548287	-0.0098180091261638	9.639330320143738e-05	0.0155143180758444	0.0386343273830789	-0.0348464013023744	0.0014926112523429	0.0012142716837261	-0.0034568324937852	0.0001409432750564	1.1949690890089209e-05	1.9865006783652173e-08	0.0013666848160283	0.0002545321220622	6.478660116148669e-08	1.867827386362308e-06	0.0004738636847488	8.607662967000194e-07	7.409186175346657e-13	2.2454679172371013e-07
601.2076082380931	2.0018875415964885	361450.5882033685	4.007553729199232	617.914289307176	2.844031038340063	381818.0689299924	8.088512547041656	580.3056676481162	2.1785905404750565	336754.66790452594	4.746256743047399	571.452393244814	543.3689714991599	1.057237	19.374756	0.1188661095829955	0.0635162702397774	-0.0380636869	0.1186079935	0.0243084075	-0.0483213637	0.145071873	0.0302362066	0.0671116611	0.0705981671	-0.0877602539	-0.00309332	0.0925128112	-0.1294337622	0.047010418	0.0742290221	0.0365154653	-0.0201583269	0.0168932188	0.0363460149	-0.1073128242	-0.0668219407	0.1140953186	0.0228351021	0.0226651676	-0.0247375314	-0.0219840037	0.0751436256	-0.1609127343	-0.0721458111	0.0346762551	-0.0303971627	0.145166646	0.0404305873	-0.0147227805	0.0191746236	-0.0360423155	-0.0124561958	0.0239521145	-0.0580554616	-0.064636104	-0.0005356788	0.0429124473	0.0479091266	0.0400574552	-0.0117411082	-0.0900593992	0.009996622	-0.0274020759	0.0044235485	-0.0917429481	-0.1170283937	-0.048689334	-0.0498297336	0.0741860948	-0.0788318211	0.0977789666	0.0425378961	-0.1042788411	0.0448630943	-0.0779072515	-0.0187323471	0.0135504983	-0.0026397343	0.0002927978	-0.0965967258	-0.0169434002	-0.043412333	-0.0992317651	0.1008192662	-0.0668232645	-0.0007899627	0.0116741731	0.0497628199	-0.0618318668	-0.0942266321	-0.0455305784	0.1111126052	-0.0196970786	-0.0357789339	-0.0835053778	0.024051124	0.0485389438	0.2362810734	0.0510764284	-0.0185743542	0.0040745808	-0.0107463031	0.1012019248	0.0786840416	0.1081497597	-0.0353510633	-0.0668626723	-0.0412834768	-0.0093809228	0.0092060265	0.0473147585	0.0689192949	0.0057369604	-0.010866692	-0.1134247617	0.032215118	-0.0526871792436622	-0.0001382138274408	0.0027759388566537	1.9103062095835662e-08	0.1450018863383917	0.0204454008555216	0.0004180144161429	0.0210255470416918	0.082602437266587	0.0439681098835081	0.0068231626423804	0.0019331946867282	-0.0040916788362265	-0.0006348463424412	1.6741835698823844e-05	4.030298785110961e-07	0.0010858841093548	-0.0002808007066735	7.884903686833698e-08	1.1791442989492671e-06	0.0003032230335331	-0.0001706406512157	2.9118231847318183e-08	9.194420806501549e-08
601.0099024213816	-0.1977058167115046	361212.90280855866	0.039087589961563	616.894931280125	-1.0193580270509983	380559.3562391101	1.0390907873133035	580.0850663546171	-0.2206012934991577	336498.68420764053	0.0486649306935015	571.4510395791796	542.0430625290594	1.096105	20.087046	0.2240369691362302	0.1353917768747488	-0.0235159757	0.0535338131	-0.002095975	-0.0955890614	-0.1439383183	0.0501582827	0.054029468	0.0073660199	-0.0418460404	-0.0275573719	-0.1430045004	0.0632520476	0.1314731785	-0.1141133218	0.0859820773	0.0588732357	-0.004497828	-0.0402910204	-0.0471347677	0.039247279	0.0094822203	0.1814805467	-0.0585973589	-0.0329326167	-0.0010490613	0.0318664823	0.0245042702	0.0343310221	0.1272054165	-0.0514819755	0.003859841	-0.0069738551	-0.0222951878	0.1131697138	-0.0597450805	0.1239351626	-0.2126220143	0.0664897476	0.0962522738	0.05059132	-0.0487742069	-0.022215248	0.0584331704	-0.0066344625	0.0132180629	-0.0837926999	0.0501486287	-0.0116102482	-0.0765122929	0.0182372994	-0.0039431586	0.0376050208	-0.0970510693	0.0872502964	0.1029812446	-0.0672289897	0.1357319761	0.082916075	-0.08000014	-0.1184685457	0.0791399981	0.0871953318	-0.1127533372	0.0657642002	-0.0949406274	-0.0277962369	-0.0415306697	-0.1342281731	-0.064627534	0.0052100028	0.0389375666	0.0508409653	-0.0363507975	0.0377068451	0.0230396234	-0.1643578586	0.0263202134	-0.0629655142	-0.0602971264	0.0371661944	-0.0442809945	0.0528787774	-0.0186151693	-0.1147286658	-0.0510294387	0.0449698232	-0.0475715531	-0.0304177298	-0.0984208519	0.0679523942	0.0012062363	-0.1203436395	-0.0833330572	-0.1302237032	0.0621022178	-0.0315424667	0.0850586919	-0.013271799	-0.1124192083	0.0391140859	-0.0524418256623846	0.0002453535812775	0.0027501450788039	6.019837984574349e-08	0.0308819064531462	-0.1141199798852455	0.0130233698090088	0.0009536921461808	0.0380274858482749	-0.0445749514183121	0.0014460896799407	0.0019869262939448	-0.0033718673004353	0.0007198115357911	1.136948909174484e-05	5.181286470580859e-07	0.0014972019115013	0.0004113178021465	1.6918233436262738e-07	2.241613563803147e-06	0.0004740273806233	0.0001708043470902	2.9174124984909513e-08	2.2470195758058693e-07
601.194286934349	0.1843845129673127	361434.5706425003	0.0339976486221931	618.8283293428477	1.9333980627227447	382948.50119726	3.7380280689400633	578.5807233367203	-1.5043430178967585	334755.6534168425	2.2630479154947265	569.6400799398069	542.0852861567162	1.201617	22.020649	0.1137568934984424	0.0718336787024375	-0.0205449216	-0.1528175922	0.0614004517	-0.1115441939	0.0474016807	-0.0887680787	0.0612811447	-0.0142959799	0.1195416091	0.1139412049	0.0657503594	-0.1245077243	0.0100615463	0.0252176479	0.1138254099	0.077982583	-0.1906370505	0.0836886267	0.0353198121	-0.0057269943	0.0093044508	0.0728731161	0.0989241379	-0.0376418265	0.0442945168	0.0319375103	-0.02641992	-0.0150480415	0.0595029271	-0.0224689995	0.0314923126	0.0124052761	0.0680808808	-0.0486412289	0.0015034517	0.0402343367	-0.0768168264	-0.0767747855	-0.1029840781	0.0924959968	-0.199721032	0.1094866963	-0.0629908302	-0.0057389351	-0.1248410467	0.0846147616	0.0461620933	-0.1420291928	0.136853561	-0.0381758653	0.0093733342	0.0802616583	0.0910084505	-0.0682093645	0.0635994406	-0.0354376997	0.069617042	0.0344085248	-0.1005655016	-0.0340900875	0.0673197186	0.067061647	-0.0337154753	-0.0367202471	-0.1069422524	-0.0659385249	0.0139627861	0.0261453069	-0.0539633047	-0.0815445559	-0.0082210171	-0.003247932	0.0268951987	-0.0260970707	0.1216819653	0.1155432446	-0.0093075438	-0.0048957777	-0.084902278	-0.0996281378	-0.0299588692	-0.1247046276	-0.0688812048	-0.0479561624	-0.0876648122	0.0922523819	0.0229764597	0.0191127341	-0.0325037889	0.0367697791	-0.0728003316	-0.1304940318	0.0074834587	-0.0470284941	-0.0077649975	0.0726018875	0.0779163022	-0.0156710845	-0.1112164334	0.0458586883	-0.052672644619335	-0.0002308189569503	0.0027744074911947	5.327739088766812e-08	0.0912434582083534	0.0603615517552072	0.0036435169302965	0.0083253686658195	0.0481636742791948	0.0101361884309199	0.0023197395200723	0.0001027423159071	-0.0037612532177839	-0.0003893859173485	1.414702576828974e-05	1.5162139262941057e-07	0.0010271150014924	-0.0004700869100089	2.209817029617157e-07	1.054965226290733e-06	0.0004729335208735	-1.0938597497999697e-06	1.196529152232452e-12	2.236661151658053e-07
602.5365262615821	1.3422393272331874	363050.2654793743	1.8016064115713997	620.3188430161504	1.4905136733026438	384795.4670008954	2.2216310103021404	579.873143447597	1.2924201108767193	336252.8624917975	1.6703497429985914	571.5202463644522	548.3822784228537	1.115767	20.447359	0.1136969912596561	0.075390172433616	0.0246267711	0.0346556156	-0.0292812079	-0.0463744959	0.0841653246	0.0870886477	-0.0148540607	0.0233936415	0.0158271492	-0.0619180408	0.0186197324	-0.0220517496	0.0906526614	0.0939910245	-0.0263764937	-0.03854458	0.0022946163	-0.0163790808	-0.0159533699	-0.0927773396	0.1309543553	-0.0299437927	0.146944278	-0.1149059059	-0.0647167627	-0.0009084208	0.0589271608	0.0771413075	0.1305993505	0.0643145657	-0.0458862845	-0.0422298145	0.1129986001	-0.0580975903	-0.0643555766	-0.108178834	-0.0083663529	-0.0126289175	-0.0514463556	0.047906127	0.0582097688	-0.0674636804	-0.0457587206	-0.0457888862	0.0880045221	-0.0523221925	0.1268410468	0.0088264004	-0.0344606175	0.007892523	-0.0467807184	-0.0462078047	0.1077175308	-0.0597997249	0.0638182494	0.1292504945	-0.0847811647	-0.0948244443	-0.0567035924	-0.1453149331	0.1315274822	0.0636689397	-0.1500983619	-0.0722101746	-0.0361603635	0.0026879748	0.056640636	-0.0349989857	0.0638226232	0.0362777005	-0.0257387606	-0.1028987408	0.0010243306	-0.0517604503	-0.114033283	0.0657822511	-0.0056766231	0.040820978	-0.0721100697	-0.0934708406	-0.1560322643	0.0427269845	0.122814052	-0.0177250452	-0.0467720446	-0.0673329458	0.0260404575	0.0960371873	0.021797005	-0.0564882512	-0.0079792002	-0.0578484773	-0.0065491705	-0.0755873983	0.0963128146	0.0946069365	0.0817366574	-0.0180634961	-0.1098185471	0.0524223074	-0.05266563974358	7.004875754994255e-06	0.0027736696096005	4.9068284342906336e-11	0.1529561122324594	0.0617126540241059	0.003808451666699	0.0233955722692687	0.07669840407506	0.0285347297958651	0.0058826451876611	0.000814230804523	-0.0042297531227043	-0.0004684999049204	1.7890811479026776e-05	2.19492160910424e-07	0.0010270034205246	-1.115809678000311e-07	1.2450312375191578e-14	1.0547360257692285e-06	0.0004731740862639	2.405653903999553e-07	5.78717070582829e-14	2.2389371591167665e-07
602.684925761092	0.1483994995098783	363229.119739653	0.0220224114547823	623.3360054506893	3.017162434538932	388547.77569122176	9.103269156392894	581.340527785976	1.4673843383789062	337956.8092464771	2.1532167965197004	573.0923209720188	550.0408631738136	1.044873	19.148176	0.2035919690349302	0.1360749822507116	0.0553268684	0.0554995351	0.0256588445	-0.0382137461	-0.0828782815	0.0630952199	-0.0643591816	0.1181528138	-0.0350337583	-0.0384814671	-0.0600799671	0.029688999	0.130103127	-0.1332738727	0.0767304573	0.022023554	0.0688966383	-0.0298340282	-0.0140678072	0.067086525	0.0168964569	0.1586868447	-0.0216203446	-0.0720994563	0.0531976565	0.0698206602	0.0099578082	0.1212995001	0.0890871107	-0.2318227081	0.1281903963	0.098207787	-0.0940064099	0.0005377778	-0.1720007509	-0.095963397	-0.0145488789	-0.0138726384	0.0330026727	0.0274673751	0.0077786718	-0.013226969	-0.0125153696	-0.0270642046	-0.114885451	0.0852459067	-0.0939500363	0.0736616643	-0.0133594398	-0.0173497199	-0.0419886403	0.0724078936	-0.0175928454	0.0922521013	0.1189790538	-0.1294812724	0.1425120478	0.0428457988	-0.0320267803	-0.0385641725	0.1237291334	0.1063350869	-0.1666870378	0.043528766	0.0245799862	-0.1362501597	-0.1465235124	-0.0007040017	-0.0829580461	0.136074333	-0.0287164179	0.0152619474	-0.0423606381	0.0537930855	0.029323195	-0.1091422166	0.0731030165	-0.0457238343	-0.0567717021	0.1195776112	-0.0656605174	-0.0022177204	0.0185017974	-0.0526968499	-0.1071291341	0.0643974751	-0.0326530131	-0.0842896946	-0.1246418071	-0.0858206885	0.0166010807	-0.0272285177	-0.0763348988	0.0022201284	0.1531451234	-0.0100741513	-0.0541189534	-0.0204479845	-0.1082280018	0.0587790397	-0.0556550649026377	-0.0029894251590576	0.0030974862493168	8.936662781607123e-06	0.0370544802145786	-0.1159016320178807	0.0134331883044082	0.0013730345039725	0.0436954074061333	-0.0330029966689267	0.0019092886283879	0.0010891977891291	-0.0033177777504245	0.0009119753722798	1.1007649201211855e-05	8.316990796448799e-07	0.0011487193544008	0.0001217159338762	1.4814768559355493e-08	1.3195561551749908e-06	0.0004729070886386	-2.669976252999838e-07	7.128773191583057e-14	2.236411144846367e-07
601.4017920967083	-1.2831336643837403	361684.1155371323	1.6464320006748452	621.5789299680475	-1.757075482641767	386360.36618022295	3.087314251700798	579.5054184238842	-1.835109362091771	335826.5299826411	3.367626370836866	570.7239900871559	547.1747592235995	1.200276	21.996061	0.1449959980380835	0.0927833787697501	0.0291818655	-0.1535714899	0.0259636152	-0.0301166382	0.0054453885	-0.1466985633	-0.0255740788	-0.0441472273	0.1059727694	0.130232326	0.0387347905	-0.1714579642	-0.061295397	-0.0388315195	0.0584313815	0.0368142807	-0.1334535863	0.1163105529	0.1138653506	-0.0060389626	-0.0266566822	-0.041300758	0.0754760377	0.0137607316	0.0274491053	0.0919735001	-0.0137885689	0.088941488	0.0694701751	-0.0891671698	-0.0387463585	-0.0437010601	-0.10855657	-0.0161721513	-0.0358083199	-0.0428807564	0.0516973026	0.1209053283	-0.0093964228	-0.1210130739	0.0090112978	0.1319962651	0.0186145936	-0.0094946651	0.050289003	0.0015405851	-0.0144760984	-0.1075220869	0.1488879189	-0.0168291829	0.0828130418	0.0638238402	0.0604749151	-0.0502762548	0.0006164352	-0.0837984389	0.0039663245	0.0494638492	-0.1128078682	-0.0411966691	0.0936012662	0.0281291256	0.0253758906	0.0610378781	-0.0334257869	-0.03877845	-0.011950437	-0.1053169815	-0.0341923083	0.0306219777	-0.1484859295	0.08592307	0.1182777698	-0.0358329264	0.1011811393	0.128477017	0.0324010091	0.0461469094	-0.0707347948	-0.0748958098	-0.0878196379	-0.142033224	0.0093793013	-0.0299067722	-0.0760533034	0.0858206832	0.0149241158	-0.06931881	-0.05824	0.0120435826	-0.0568184192	-0.0997471766	-0.0061415066	-0.0564412634	0.0417703397	0.059170118	0.1166129906	-0.0228235037	-0.1064475877	0.0649037979	-0.0526725901016078	0.0029824748010299	0.0027744017480119	8.895155938778348e-06	0.1109276706025355	0.0738731903879569	0.0054572482580953	0.0123049481053046	0.066993035285165	0.0232976278790316	0.0044880667767193	0.0005427794647898	-0.0040927519350641	-0.0007749741846396	1.6750618401970938e-05	6.005849868578134e-07	0.0010270363702515	-0.0001216829841492	1.4806748631478781e-08	1.0548037058193763e-06	0.000473104019251	1.9693061240001666e-07	3.87816661002456e-14	2.238274130314506e-07
601.7976034570248	0.3958113603165429	362160.3555266185	0.1566666329556322	621.5563169557448	-0.0226130123027132	386332.2551475903	0.0005113483254026	580.08232730238	0.5769088784958285	336495.50644854555	0.3328238540873146	571.7036043758745	550.9767287062297	1.134315	20.787268	0.0737759680816772	0.0500684754069718	0.0358889005	-0.006579302	-0.0228075467	0.0880537723	0.1197924369	0.1112886821	-0.0040088	0.0637248719	0.011873556	-0.0658421437	0.0742239528	0.0411975223	-0.0204007868	0.0829550983	-0.003416237	-0.0388287483	0.0195986241	-0.0076003171	-0.0501659589	0.0348208344	0.1687567462	-0.0991592233	0.147003796	-0.1061824999	-0.1072152382	-0.043495504	0.1031461225	0.1023942637	0.0269796191	-0.0180791817	0.0485281869	0.0550842152	0.1071436408	-0.0657108821	-0.1944323714	-0.0495867021	-0.096507196	-0.0843442064	-0.0796670644	0.0535506215	0.0668880979	0.0984142442	-0.0529468304	0.0915356839	0.0015467413	0.0209272133	0.0113892589	0.0145295468	-0.03468945	0.0036584605	-0.0831871111	-0.1228783247	0.122560193	-0.019987362	-0.0125771808	0.1074644711	-0.0405670637	-0.1378214917	-0.0647164079	-0.0441885313	0.1067423585	0.0726495798	-0.1185786534	-0.0048946419	0.0025805869	0.0536905421	-0.0155195615	0.0237459919	-0.0055627565	0.0233503414	-0.1328669134	-0.0915938691	0.0777152973	-0.0443189702	-0.1739494707	0.050800201	0.002217784	0.0213598849	-0.0049716018	-0.0266510835	-0.1677488752	-0.0757779721	0.0838944634	0.0166355291	-0.1252047144	-0.0377231928	0.0525800375	0.08093736	0.031237548	-0.0617321165	0.0315644839	0.0020576077	0.0103466178	-0.096915511	0.0994943205	-0.0271398558	-0.0157423528	-0.0251890118	-0.1044804285	0.0707724105	-0.0527155487320953	-4.2958630487505145e-05	0.0027789290781259	1.8454439333620062e-09	0.1578651761488032	0.0469375055462676	0.0022031294269059	0.0249214138404926	0.076747085490382	0.009754050205217	0.005890115131268	9.5141495405894e-05	-0.0040148896027112	7.786233235290013e-05	1.6119338521958498e-05	6.062542799433479e-09	0.0010260289937567	-1.0073764948000975e-06	1.0148074022757309e-12	1.0527354960293862e-06	0.0007350633843974	0.0002619593651463	6.862270898790492e-08	5.403181790817598e-07
601.8561901322582	0.0585866752334141	362230.873600517	0.0034323985149055	621.0456160606697	-0.5107008950751606	385697.6572281767	0.2608154042305702	580.4384021410432	0.3560748386631758	336908.7386800474	0.1267892907290066	572.4899956650204	546.3795716412645	1.042812	19.110401	0.2372410258144479	0.1580933544350425	0.0323358622	0.1189332028	-0.0322604209	0.0203073825	-0.0343613811	-0.0287637706	-0.014354647	0.0055443093	-0.1151023282	-0.1309975178	-0.0310716966	-0.0176859377	0.0448089795	-0.0325063454	0.0431869317	0.1038120612	0.1047760578	-0.0127493166	-0.0951306939	-0.03862172	-0.0457957843	0.0593510028	-0.0168691361	-0.0271508977	-0.1090604583	0.0355814281	0.079537642	-0.0419867272	-0.0796937932	0.0517269491	-0.0251211708	-0.0644745185	-0.0340942511	-0.0735601704	-0.0571330689	-0.0372548757	0.0769157201	-0.0142173701	0.1361402857	-0.0166576102	0.0038026867	0.1433694302	-0.0078984368	-0.233802807	-0.0999395176	0.0071008827	0.0310913222	0.0696164138	-0.1257631356	-0.0280083711	0.002971182	0.0503208801	-0.063666033	0.0135206179	0.013236922	0.0254294613	0.0715996728	-0.0323609017	-0.0258152403	0.0601855678	0.035602054	0.1070480433	0.0917459064	0.0492275235	-0.0474076351	-0.0520039199	0.0457661185	0.1058676181	-0.0008717447	0.0268552319	-0.0377174095	-0.0303714231	0.132989081	0.0674100855	0.0639005653	-0.106591435	0.0243740231	-0.0742205083	-0.0371801679	0.1456272863	-0.0174272674	-0.031240765	0.0142037718	0.0556075658	-0.0489633775	0.0396867185	-0.0182450653	0.0582537589	-0.0177891873	0.0548056136	-0.0432898478	0.0322113557	0.0113286835	-0.0608627924	0.0644657921	0.0635492103	-0.0069080249	-0.0275434712	-0.102329975	0.0763617167	-0.0549148302508939	-0.0021992815187985	0.0030156385814844	4.836839198929071e-06	0.0209767402055831	-0.1368884359432201	0.018738443894981	0.0004400236296525	0.0352066155837178	-0.0415404699066642	0.0012395057808596	0.0017256106400664	-0.0031017727160844	0.0009131168866268	9.620993982245597e-06	8.337824486430203e-07	0.0010272006719869	1.1716782301999813e-06	1.3728298751245602e-12	1.0551412205303389e-06	0.0005170951803391	-0.0002179682040583	4.751013798040072e-08	2.673874255299263e-07
601.2871813029474	-0.5690088293108602	361546.2743992435	0.3237710478337156	618.0909819575081	-2.9546341031615384	382036.4619771966	8.72986268356519	580.0256432515835	-0.4127588894597238	336429.7468294132	0.1703699008280245	571.2473093933529	541.7114577960642	1.088507	19.947813	0.1864016070143024	0.1379091638839747	0.0002672577	-0.0539995384	0.0897839619	-0.0802351232	-0.0904075795	-0.0893845686	0.0422034117	-0.0934825018	0.0165594643	0.1574838021	-0.0792070415	-0.0511051373	0.0077371177	-0.07539959	-0.005366366	-0.0177499095	-0.0651897453	-0.0233251496	-0.038822885	-0.1188432334	-0.0816513706	-0.0228049764	0.0032935484	0.0458829336	-0.093612447	0.1294085903	-0.1107593514	0.0421723123	-0.0806060103	0.0014507503	0.1326030773	-0.0249184637	0.0534155053	0.1386252458	0.0235302067	-0.0946554125	0.0868729309	0.0924362258	-0.0897916007	-0.0392119375	0.008598975	-0.0220246232	-0.0014037843	-0.0590843076	0.061992131	0.0154608766	-0.1171987292	-0.0571194784	-0.0026797894	-0.0129424693	0.0842854357	0.0841164944	-0.1021229093	-0.110010971	0.0564931336	-0.115808665	-0.1669135185	-0.0226621311	-0.0132569637	0.0743466267	-0.0312547219	0.0238841027	0.0312069216	-0.0408013645	-0.0498437732	-0.0462646308	0.0539514123	0.0071022516	-0.0886113661	0.0213989563	-0.0831242887	-0.0172441512	-0.0397385392	-0.0558712764	0.0588254711	0.0772264076	-0.1468651366	0.0551811278	0.0140202432	-0.0181683351	-0.010323857	0.0640974234	-0.027306114	0.1323891146	0.1403318248	0.1735864831	0.0067038337	-0.0167007878	0.0672332517	0.0196337569	-0.0302992907	0.0525701053	0.0801909013	0.0318388197	0.1126518029	0.0032581881	-0.088657074	-0.0298858491	-0.1	0.0816496581	-0.0527026378195074	0.0022121924313864	0.0027775680331341	4.893795353483704e-06	0.1487168356313759	0.1277400954257928	0.0163175319793906	0.0221166972002096	0.052486940927281	0.0172803253435631	0.0027548789679038	0.0002986096439793	-0.0037123640568365	-0.000610591340752	1.3781646890491556e-05	3.7282178540144697e-07	0.0010262253944517	-9.752775351999643e-07	9.511662706657177e-13	1.0531385602175471e-06	0.000688908438323	0.0001718132579839	2.9519795619042184e-08	4.745948363926346e-07
601.9261425147268	0.6389612117794741	362315.0810426592	0.4082714301586939	617.9948947304174	-0.0960872270907202	381917.6899128597	0.0092327552099836	579.9706936430371	-0.0549496085463943	336366.00548478554	0.0030194594794019	570.7564368247986	544.957457272266	1.156532	21.19442	0.0493189199513875	0.0233828635980354	-0.0073640336	-0.1192712125	-0.0690392873	-0.0565319872	0.0554653161	0.1298038287	0.0517264973	0.0863375124	0.1754394379	-0.1059795463	-0.0170986938	0.0813024414	0.0266837819	0.0053120131	-0.0207279852	-0.0099908277	-0.0631956491	-0.2091396833	-0.0375518699	0.0720993306	0.0272340389	-0.0953603119	0.0199230498	-0.0489391433	-0.0174628978	-0.0137407469	0.0086349667	0.0194629275	0.0141738494	0.0020596984	0.1444078792	-0.0766147678	-0.0182086164	0.0680354303	0.0315322988	0.0242101906	0.0385382619	0.0364670048	0.0157157622	0.1936738673	-0.0103606334	0.0135967174	0.1171504849	0.0372227492	-0.0044012876	-0.003492889	-0.1201963046	-0.0662070528	-0.0332936603	0.2073025005	-0.1562267717	-0.0117528384	0.0260376973	0.0069561581	-0.0191196813	-0.0340814236	-0.049497443	-0.1178441634	0.0439650748	0.0241274635	0.0783053134	0.0125211257	0.0458870627	0.0371177546	-0.0872119707	0.0185103813	0.019835211	-0.0225908626	-0.1329737295	0.0183064204	0.0153660553	0.0558140559	-0.0779480255	-0.0179037544	-0.1808254116	-0.0086740876	-0.0762567081	-0.1094083607	0.112654277	0.039254035	-0.0693704402	-0.1192634362	-0.1005186827	0.0301470361	0.0417374507	-0.0108687731	0.0219110644	0.0750624426	0.0122379617	-0.0007964554	-0.0547279323	-0.0512995876	0.0341399762	-0.0541375253	0.0756598668	0.0825185307	0.0171895027	-0.032215118	-0.097494591	0.0866153656	-0.0552822536826482	-0.0025796158631407	0.0030561275722326	6.654418001367631e-06	0.1406318792316341	-0.0080849563997418	6.536651998572588e-05	0.0197773254562209	0.071051223868821	0.01856428294154	0.0050482764132573	0.0003446326011335	-0.0037600251977395	-4.766114090299983e-05	1.4137789487635963e-05	2.271584352175603e-09	0.0012379415314751	0.0002117161370234	4.48237226761111e-08	1.532499235350916e-06	0.0008313324553359	0.0001424240170129	2.0284600622090842e-08	6.911136512948162e-07
603.124832698174	1.1986901834471837	363759.5638172004	1.436858155892643	621.2075636121962	3.212668881778768	385898.8370890008	10.32124134394964	582.4232148651043	2.452521222067276	339216.8012138035	6.014860344690363	573.8660498195225	551.8252255729441	1.210157	22.177151	0.0941158676759726	0.0524096092318393	0.0487672725	0.1435058126	0.0371670266	-0.0744795688	0.0745411367	-0.0150669969	-0.0206938083	0.0539654634	-0.088584646	-0.039160169	0.0804629456	-0.1368120578	0.1313282444	0.0217479822	0.0503723531	0.0151238079	0.1209166881	0.0059076898	0.0149679812	-0.0795174279	0.0440308962	0.0764748247	0.0813382995	0.0550402309	-0.0169789668	-0.0436183872	0.0173352754	-0.0254772729	-0.1351339366	0.0152520439	-0.1134623598	0.0514526515	-0.1318357749	0.0312078493	0.1776613953	-0.0633432394	-0.1255513559	0.019771561	0.0306481152	-0.0288534235	0.0205887189	-0.0346310892	0.0260238965	-0.1043403195	0.02851304	0.1790021178	-0.0352562566	0.0939463987	-0.0586687689	-0.0960160806	-0.0509164319	0.0730818151	0.0172162305	-0.1017874213	0.1019201602	0.0119185205	0.0423255464	-0.013318673	0.0290554201	0.0299187106	-0.0534230916	0.0587470138	0.1339743024	0.0164931361	-0.0167541109	0.0849422935	0.0085678635	0.0148355183	-0.0289672345	-0.0899339849	-0.1692510998	0.0884459434	0.1721892348	0.0112874753	0.0759517891	0.0302999143	-0.0333255627	-0.0525581338	-0.0163181435	0.1897796197	0.0279172636	0.0086030126	0.0770805905	0.0467177381	-0.0327713518	0.0443608187	0.0225189198	0.0879714805	-0.0099122247	0.0282464568	0.0050182527	-0.028152793	-0.0076659065	-0.1046363107	0.0660726845	0.005539411	-0.085713198	-0.0345302564	-0.0948181434	0.0912392418	-0.0527794865875534	0.0025027670950947	0.0027856742044457	6.263843132289244e-06	0.0977232869892219	-0.0429085922424121	0.0018411472882255	0.0095498408199778	0.0491249743253803	-0.0219262495434406	0.0024132631024692	0.0004807604190412	-0.0036058331654247	0.0001541920323147	1.3002032816876712e-05	2.377518282936825e-08	0.0010919300318328	-0.0001460114996423	2.131935802779341e-08	1.1923111944183794e-06	0.0005959708113925	-0.0002353616439434	5.539510343973981e-08	3.551812080318348e-07
601.9006492014256	-1.2241834967484235	362284.3915090976	1.498625233711198	621.0356521829527	-0.1719114292434369	385685.2812823054	0.0295535395045212	580.4424690266502	-1.9807458384541403	336913.45984975377	3.923354076553396	572.319893055492	543.3030538526411	1.11168	20.372465	0.0529673288179593	0.0328407821620839	0.0266248262	-0.0973014609	0.0098501286	-0.1433589307	-0.1512426081	-0.0583895907	-0.04555349	-0.1320820761	0.0839839441	0.0596604389	-0.1104399626	-0.0760317884	0.0294619339	-0.0072962399	-0.0920590319	-0.0413072336	-0.0852731191	-0.059123254	0.0267510073	-0.0302896151	-0.1349050464	0.0065072437	-0.076563853	0.0531435444	0.0182815007	-0.0578553841	0.0040309522	-0.0156800931	0.001218741	-0.0168555392	0.0179178796	0.039601021	0.0711182304	-0.0125543047	0.2469519068	0.0051348541	0.0757751503	-0.0003921571	-0.0386567736	0.0103382879	0.0846705081	-0.0986172455	0.0953486201	0.029975958	0.0512632198	-0.0424344529	0.163614701	-0.0274042586	0.0521159078	0.0893922811	0.1203852163	0.1061067869	-0.1053448232	-0.0042550261	0.0015715246	-0.0676837042	-0.1122046444	-0.0946316314	0.0503497853	-0.0715991187	-0.1171543045	-0.0476193884	-0.0412507527	0.0497772085	0.0771262875	-0.0745597564	0.0388440611	0.0904163267	-0.0919912078	0.0555823075	0.0444382376	-0.0043003981	-0.0105013392	-0.0103882045	-0.002172772	-0.0241794083	-0.1435202537	0.1161381845	0.0299967471	-0.0197543329	-0.050843162	-0.0328826758	-0.0513647756	0.1561855507	0.1214803959	0.1429266236	0.0283336162	-0.0502906	-0.0431386989	0.0367232607	-0.0231946352	-0.0337087369	0.02687897	0.0028488628	0.0041016196	0.0502602062	-0.0670382812	-0.0368302486	-0.0919753525	0.0955030384	-0.0555774732046217	-0.0027979866170682	0.0030888555278104	7.828729109293279e-06	0.1265628925244044	0.0288396055351824	0.0008317228474249	0.0160181657641439	0.0548695902377289	0.0057446159123486	0.0030106719328562	3.300061198040875e-05	-0.0037648607159941	-0.0001590275505693	1.4174176210835608e-05	2.5289761840103053e-08	0.0010262192840815	-6.571074775129997e-05	4.317902370034974e-09	1.0531260190207463e-06	0.000682934928139	8.696411674649998e-05	7.562757601498878e-09	4.66400116072221e-07
601.8990559874244	-0.0015932140012182	362282.47359855263	2.538330853677889e-06	622.3137107759889	1.2780585930361212	387274.3546197811	1.6334337672334698	580.4402802071435	-0.0021888195067276	336910.9188869472	4.790930833031553e-06	572.293311715126	551.2535168644512	1.073924	19.680553	0.0433774179828732	0.0224603208817046	0.0262721536	-0.0673667333	0.0180942183	-0.0017973895	0.1439531455	0.1464156945	-0.0084758573	0.1115753839	0.0804128267	-0.0250335355	0.0980644792	0.0867697977	0.0015720129	0.0742043802	0.0453641329	0.03099214	-0.0094079225	-0.1205442259	-0.0117224647	0.1415794104	0.0993815385	-0.0900320372	0.0157698884	0.1416587552	0.0593001683	0.0416710073	0.052158351	0.0041676174	-0.0451269353	-0.0244175693	-0.1081783491	-0.0566178481	0.1306959015	-0.1168674376	0.0734868344	0.0566049425	0.1074940922	0.0834868684	-0.0924995269	0.0475210343	0.0321158004	-0.0300969975	0.040786831	-0.0917824536	0.0618307852	-0.0753420392	-0.0691366391	0.0032461538	0.0405916606	0.0822183144	-0.190762867	-0.0575935705	0.0365104295	-0.0383759827	-0.0617655868	-0.1462490602	-0.0409086272	-0.0797312868	-0.0244837507	0.0351870985	-0.0129419855	-0.0846916362	0.0945338378	0.0704857763	0.0247574617	-0.0581578998	-0.0243475442	0.1333763767	-0.0358050259	0.1573537876	0.0718908321	-0.06483175	-0.002001654	-0.0269904095	-0.0285420569	0.0753852199	-0.0387230712	-0.1546313571	0.1054520486	0.0183417234	0.0323319386	-0.0086495721	-0.0597677514	0.0419005113	0.0498915504	-0.0407038604	0.0435723962	-0.0444119242	0.0975228335	-0.112943707	-0.0258852768	-0.0775576464	0.0369041435	-0.1336608443	0.054454631	-0.058865945	-0.0289552551	-0.0391140859	-0.0889712056	0.0993899282	-0.0611249129346731	-0.0055474397300514	0.0037362549812713	3.0774087558552775e-05	0.1410002742613301	0.0144373817369257	0.0002084379914177	0.0198810773417703	0.0396469698296328	-0.0152226204080961	0.0015718822166718	0.0002317281720889	-0.0037648687202312	-8.004237099946271e-09	1.4174236480575314e-05	6.406781155215631e-17	0.0011368183530837	0.0001105990690022	1.2232154064153413e-08	1.292355967907936e-06	0.0006301424792223	-5.27924489167e-05	2.787042662622379e-09	3.9707954412042674e-07
601.5488743539133	-0.3501816335110561	361861.0482364602	0.1226271764484716	619.9281161124246	-2.385594663564234	384310.86914669984	5.691061898826151	580.1613995425073	-0.2788806646361763	336587.2495191208	0.0777744251079154	571.9585811473705	545.068766948713	0.997016	18.271162	0.0825558455798628	0.0478448193310543	0.0109328283	0.0423109396	-0.03861688	-0.0571360096	0.0595006731	-0.1134221105	0.0043537278	-0.0453802108	-0.0819228512	-0.0423185472	-0.0059071977	-0.1177192481	-0.0636067384	-0.0188165548	0.020014825	-0.0579358953	0.0399236338	-0.0106260116	-0.0514131777	-0.0225818033	-0.0702495294	0.0706023611	-0.026633612	-0.0026561714	0.0267269304	0.0051977201	-0.0538275839	-0.0965212572	0.050321162	-0.0129452135	0.0060051513	-0.0780694607	0.1516170335	-0.0463168708	-0.069734282	-0.1783118795	0.0462004705	-0.024678916	0.0349356668	0.1237911568	-0.006962029	0.048362251	0.0627509651	-0.0338248347	0.1610199851	-0.0977055724	-0.2045186202	0.0246037635	-0.0583008129	-0.0457883146	0.0497195144	0.1007383631	0.047788498	0.003116886	0.0211033249	0.0079702311	-0.0135472556	0.0599607175	0.0144823728	0.0681450125	-0.0132296237	0.0213045847	0.0279112203	-0.0589066299	0.0201850104	-0.0397066819	-0.1433517116	0.0310104645	0.0160194608	0.0308463768	-0.0256200837	-0.0779922683	0.0131400521	0.0067936349	0.0394749108	0.0461499852	-0.0218456927	-0.0083384871	-0.0236592121	0.108262222	0.0892319074	0.1292344049	-0.0074456393	0.0905013728	-0.0123547578	0.0051017832	0.0411174231	-0.0422491573	-0.0620251227	0.0114190935	-0.012525334	-0.0850814988	-0.0682722174	-0.0392265102	0.0827321113	0.0798879009	0.055313391	-0.0413807664	-0.085810973	0.1028845713	-0.0601512270590944	0.0009736858755787	0.0036181701167147	9.48064184301463e-07	0.109290048045878	-0.0317102262154521	0.0010055384466351	0.0119443146018703	0.0739070878511398	0.034260118021507	0.005462257634636	0.0011737556868475	-0.0037649362221894	-6.750195820012794e-08	1.4174744757153792e-05	4.55651436085182e-15	0.0010254401874341	-0.0001113781656496	1.2405095783469743e-08	1.0515275780048822e-06	0.000830933120961	0.0002007906417387	4.0316881809838984e-08	6.904498515099878e-07
602.2343796813725	0.6855053274591683	362686.24807020754	0.4699175539749015	621.5003723233764	1.572256210951764	386262.7127980955	2.471989592876397	579.7374033317865	-0.4239962107208157	336095.45682188246	0.1797727867056103	571.7150021040881	546.1246986649548	0.994602	18.226915	0.0670833949439011	0.0353282145461181	0.019984892	-0.0416129591	0.000555011	-0.0314825588	-0.0013877728	0.0700654908	-0.0531024117	-0.0956107834	0.0656959585	0.0349738379	0.0103971158	0.0792826786	0.1136966138	0.0366743946	-0.0920878592	-0.0775341961	-0.032158489	0.0396770402	0.0022475362	-0.0971580329	0.0794408392	-0.0153965173	0.0373526632	-0.0583790037	-0.0200812345	0.1391571113	0.1890146139	-0.0524230333	-0.0633028229	0.1365484022	-0.0751139707	0.0482336969	-0.0053347077	0.0592003878	0.0373975565	-0.0552162111	-0.0313666999	-0.0956812184	-0.0737877445	-0.055904618	0.0120357397	-0.0530591129	-0.0233164382	-0.0017953092	-0.0493822464	-0.0521115965	-0.0321496201	-0.0115997306	0.0237275696	0.0117049618	0.0731914823	-0.1023430964	0.0229539068	-0.0770610282	0.068123754	0.0746013635	0.0335507434	-0.0963214713	-0.0246174336	0.0248498576	-0.1448774913	0.0383907156	-0.1328649508	-0.1293100044	-0.1054809731	0.0228607329	0.1684074655	-0.0297345144	0.0441130513	-0.0226450675	-0.0755027003	0.0350874428	0.0266735089	0.0380907163	-0.0480181132	0.0121045337	0.0217419083	0.077596576	-0.0760490936	-0.0264793941	0.0520426742	-0.1141198251	0.012137321	-0.0931897038	-0.0339540184	0.0845298363	0.1011859762	0.0526084009	0.0744512039	-0.0487471979	0.0188735717	-0.1096411379	0.1267370767	0.0373977689	0.060508082	0.076641006	-0.080486223	-0.043629296	-0.0825001988	0.105973176	-0.0761085467985225	-0.0159573197394281	0.0057925108957828	0.0002546360532663	0.109564647964703	0.000274599918825	7.5405115418698e-08	0.0120044120836292	0.0711945730116667	-0.002712514839473	0.0050686672263135	7.357736754361709e-06	-0.0040371840610656	-0.0002722478388761	1.6298855142922127e-05	7.411888577276115e-08	0.0011769152563432	0.0001514750689091	2.294469650101662e-08	1.3851295206133804e-06	0.0002918768198228	-0.0005390563011382	2.9058169579679776e-07	8.519207794987124e-08
604.2615648998454	2.027185218472937	365132.0388152101	4.109479909995168	624.4479537874635	2.9475814640870794	389935.2469893501	8.68823648742973	580.7129482139807	0.9755448821941854	337227.5282233734	0.9516878171752672	573.0882740992087	554.0732761682503	1.047813	19.202063	0.0356810824163081	0.021601667551743	0.0882786651	-0.1176251221	0.0536917943	0.0087803873	0.026118642	0.1066414948	-0.1011092872	0.1372095246	0.1145896672	1.00906e-05	-0.040072072	0.0206927227	0.0861362368	-0.046661944	0.0226475272	-0.0734685036	-0.0578502124	-0.0340074342	0.1267938608	0.1543238133	0.1382414782	0.0958739304	0.009552279	-0.1150485805	0.071690143	-0.0551878119	-0.0519946126	0.0690685053	0.0898935863	-0.0155868444	-0.1377944993	0.1992850988	0.0410496398	0.0136614906	0.0481496961	0.0978450656	0.1598567697	0.0845913534	0.1410433419	-0.0402309688	0.0520375657	-0.0537234551	0.0915677852	0.0433624756	-0.0359345951	0.0137884461	0.1220632615	0.0244601422	0.1436301136	0.0801906442	-0.1148766171	-0.0008761102	0.0513223407	0.1211560486	0.1442980755	0.0386144549	0.0924583036	0.0963385899	0.0437335046	-0.10238864	-0.062192695	0.0163723754	0.0430137753	0.0532056004	0.002201263	0.0593600075	0.0513065515	-0.0196317592	-0.0234004467	0.1455173995	0.0137163984	-0.023946604	-0.1379288095	0.0474786022	-0.0178937271	0.0149240928	0.0626441452	-0.0374255299	0.0336614361	0.1358291059	-0.0871879324	0.0053640752	-0.0339553152	-0.0838385331	-0.0322621066	0.0046799807	0.1089193899	-0.2220930334	-0.0143034656	0.0036062869	0.1436006807	0.0440979199	-0.0146599725	-0.0576899703	0.0555698001	0.0700104122	-0.0702281634	-0.0458586883	-0.0790446912	0.108643553	-0.0800921128105756	-0.0039835660120531	0.0064147465344619	1.586879817238466e-05	0.115338631859629	0.005773983894926	3.3338890018864873e-05	0.013302999999251	0.0708595587764477	-0.000335014235219	0.0050210770699928	1.1223453779937517e-07	-0.0036312324513391	0.0004059516097264	1.318584911565817e-05	1.647967094395363e-07	0.0011563203994091	-2.059485693410015e-05	4.24148132136053e-10	1.3370768660896203e-06	0.0003771007186444	8.522389882160004e-05	7.26311293035432e-09	1.4220495200212296e-07
605.2382451921283	0.976680292282822	366313.3334432468	0.9539043933336584	629.9014353612711	5.453481573807608	396775.8182701896	29.7404612758591	583.344285133302	2.6313369193213703	340290.5549976832	6.923933982983679	575.9162921464002	564.6570661629427	1.03057	18.88607	0.0435426350626437	0.0213111108042857	0.1709619964	-0.052064942	-0.0111094716	0.0978558583	0.0869404012	-0.0205832493	-0.214131804	0.0096485929	0.1029193991	0.0132624019	0.0199740919	-0.0593944656	-0.048508058	0.0689628585	0.022439224	0.0264444723	0.0944641482	-0.0727200259	0.201040748	0.0846292329	-0.0243512989	-0.0979413506	0.1181199294	0.0985079242	0.0160150876	-0.0228528999	-0.0342060942	6.91317e-05	0.0476170787	-0.1663060305	-0.0094532786	0.0107926047	-0.0693527888	-0.1030866589	0.0060849345	-0.0233921411	0.0441659398	0.1103025952	0.0156294446	0.0202430257	-0.0811206913	0.107805391	-0.0317105628	0.0129988716	0.0187981596	0.0464358017	0.1133871656	0.1488106918	0.1580106153	0.0836146141	-0.0595492212	0.0571766981	0.0513691179	-0.0978717612	-0.1284837175	-0.0221624939	-0.0061246993	-0.0032277083	0.034708048	-0.118411057	0.0132644199	0.0358933179	0.0330439743	0.0495143193	0.0530389845	-0.0269618404	-0.013884389	-0.0734475033	0.0664611618	0.0862787901	-0.067565184	0.138433213	-0.0357363516	0.0406003152	0.0279815778	0.0669655385	0.0390594615	0.0810769609	0.0728240669	0.0714488127	-0.1540194887	-0.0754181137	0.0529011734	0.033555206	0.0225320942	-0.0465809786	0.0895722335	-0.1152715849	-0.0557977571	-0.1399290852	-0.0892978634	0.1425912068	-0.0379909986	0.1211304978	-0.0122218974	-0.0289703066	0.0083176557	-0.0480679655	-0.0754505123	0.1108851636	-0.0837513953470932	-0.0036592825365175	0.0070142962225851	1.3390348682062638e-05	0.1272604261069005	0.0119217942472714	0.0001421291780742	0.0161952160529098	0.060296645424188	-0.0105629133522597	0.0036356854494102	0.0001115751384873	-0.0037762689632061	-0.000145036511867	1.4260207282473674e-05	2.1035589774546444e-08	0.0013582904436604	0.0002019700442513	4.0791898774872086e-08	1.844952929339166e-06	0.000378067061058	9.663424136000008e-07	9.338176603222752e-13	1.429347026570335e-07
602.9263373205933	-2.3119078715349133	363520.1682348259	5.344918006465093	627.845880653426	-2.05555470784509	394190.449853476	4.225305156944113	581.9322006185746	-1.4120845147274397	338645.086116777	1.993982676733028	575.13250791585	557.555292448493	1.104695	20.244459	0.0557045733629904	0.0278176735946599	0.1418715209	0.0585390096	-0.0494482773	0.1650387375	-0.1466393122	-0.0177341436	-0.1776341957	0.068935527	-0.1108619046	-0.0670935545	0.0320821869	0.0719466562	-0.1040674172	-0.1591563767	-0.0477984221	-0.0053663966	0.1714369984	0.0929193564	0.0439610722	0.0773940558	-0.1316799226	-0.0643583742	-0.0017958956	-0.1273217853	0.08448975	0.0088994239	0.0333367096	0.080254448	0.0075761765	-0.0269492328	-0.0184523338	0.0782937284	-0.1324318177	0.0955611679	0.0526279436	0.0006015266	-0.0120065373	-0.0909072765	0.0205481758	-0.0380250172	0.0055610819	-0.0633004474	-0.0741279221	0.0035270538	-0.0794545957	0.0558769716	0.1286988949	0.1775313754	0.002833184	0.0098176639	0.0766907075	-7.5641e-06	0.1107100229	0.1789844521	-0.046576777	-0.0950324979	0.04969373	0.0241630011	0.0160998852	-0.0043282243	-0.0082828985	0.0728573136	-0.0590013793	0.047516355	0.0069639215	0.0234678122	0.0406736935	-0.063731416	0.0008429786	-0.0528429926	-0.0339460255	0.0739021062	0.0288422243	0.0509580314	-0.0933422083	-0.0721239737	0.0354432072	0.0770406474	-0.0110782322	0.0353730817	-0.0414198886	-0.0625099491	0.0602072307	-0.0499410397	-0.2281111352	0.0398611878	-0.0812084478	-0.0904244473	-0.0092935948	-0.0201187048	-0.0381481665	0.1507143556	-0.053436925	0.0394009881	-0.0092668499	-0.0215226256	-0.1293936199	-0.0502561585	-0.0717239676	0.112689161	-0.0675936196334561	0.016157775713637	0.0045688974151523	0.0002610737160122	0.1092372124530669	-0.0180232136538335	0.0003248362304117	0.0119327685845164	0.0710728488756728	0.0107762034514848	0.0050513498473042	0.0001161265608277	-0.0037762261279985	4.283520760013995e-08	1.4259883769778544e-05	1.834855010147088e-15	0.0011442893601736	-0.0002140010834867	4.5796463733524286e-08	1.3093981398065071e-06	0.0003771633688717	-9.036921862999916e-07	8.166595675796589e-13	1.422522068186501e-07
601.5372153640767	-1.3891219565166466	361847.0214679676	1.929659810076636	626.0801904243335	-1.7656902290924563	391976.4048417697	3.117661985112571	581.0070231066671	-0.9251775119074636	337569.16089927126	0.855953428539285	573.6008242942669	547.8453101070261	1.064423	19.506451	0.0491137922624438	0.027993287957081	0.044301292	-0.0836956634	-0.0121363311	0.17561585	-0.0118363688	-0.0830917089	-0.1130001473	-0.0272800678	0.0411310794	0.088142348	0.0566488603	0.0049485341	-0.1508437674	-0.0050465669	0.0893990042	0.0845083334	0.02341594	0.0729304857	0.0973629246	0.0118648153	-0.0022505709	-0.064471149	-0.0700938408	-0.0317573104	-0.0478766269	0.1144923736	-0.0886946146	-0.0446068899	0.0776916213	-0.1618163739	-0.0295633394	-0.0427520059	0.1101969508	0.0095783316	0.0773854351	0.227100097	-0.0588854571	0.0327208631	0.142142313	-0.0016823487	0.0244559673	-0.0291076212	-0.0286698168	-0.2927435735	-0.1332664717	-0.0938488579	-0.0485517393	0.0650206098	0.1262838421	-0.0022071255	0.051983512	-0.0110285858	0.0249523537	-0.0019428483	-0.0839002818	-0.1008494961	0.0620707757	0.1172552229	-0.1684145476	-0.0352878856	-0.0406495397	0.0362636873	0.1696929112	-0.0202879753	0.0066179019	-0.1311544744	0.012884368	-0.0327279392	-0.0600576388	0.0483208048	0.1099792356	-0.0050632772	0.0265004714	0.0425247139	0.0839016186	0.0609640426	0.0896141378	-0.0970082364	0.0573435764	0.0421569817	0.0809320239	-0.1294337077	0.0195653718	-0.017934475	0.0074666508	0.0531632076	-0.0758929335	-0.1051681406	0.0712781478	0.0361257776	-0.0892562673	0.028507748	-0.0813957481	0.0748439354	-0.0170226303	-0.0066470545	-0.0467611905	-0.0524223074	-0.0678715947	0.1140484259	-0.0674386077498923	0.0001550118835638	0.0045479658152438	2.4028684045997715e-08	0.1008047939851621	-0.0084324184679048	7.110568121786209e-05	0.0101616064903909	0.0521760926843626	-0.0188967561913102	0.0027223446478071	0.0003570873945538	-0.0034742475766877	0.0003019785513108	1.2070396224120355e-05	9.119104545176949e-08	0.0012748523873569	0.0001305630271832	1.70467040672671e-08	1.6252486095495871e-06	0.0003772139047709	5.053589919999007e-08	2.5538771079515563e-15	1.4229032995250966e-07
602.3948177950607	0.8576024309840022	362879.5165063444	0.7354819296296703	623.1523364775362	-2.9278539467973133	388318.8344574125	8.572328733776605	580.6700764349796	-0.3369466716875422	337177.73766700504	0.1135330595613123	572.5544612142775	549.7865309471157	1.027402	18.828001	0.1114935736215842	0.0658290861105226	0.0325011385	-0.0303336759	0.1270850814	0.2044268078	-0.005238365	-0.0096480809	-0.0815698773	0.1632527654	-0.0043270305	0.0784402599	-0.0062872793	-0.0013661459	-0.0350693522	0.0113136794	0.018058817	-0.1718198709	-0.0078661415	0.1129446444	0.1523030754	0.20593644	0.0303503308	-6.68372e-05	0.0020996593	0.0080609883	-0.0560369928	-0.1283455326	-0.0570167857	-0.0433982031	0.0771625926	0.0017433201	0.0851796465	-0.0175158348	-0.0413444524	0.132956148	-0.0083108429	-0.1455832362	0.0685374302	-0.0825892753	0.0715013987	-0.0425240655	5.40786e-05	0.0660333627	-0.007676532	-0.0853745952	0.1018795502	-0.0134746787	0.0013860246	0.0256381431	0.1529656955	-0.0600568471	-0.0834436972	-0.0391077364	0.0487766516	0.1438712763	-0.0326434767	0.1170328625	-0.0310891049	0.1264553291	0.1380085264	-0.0377666915	-0.1089973048	0.1153201279	-0.0163146643	-0.0484226239	0.0469452054	-0.0076009647	-0.0801342583	-0.0890539693	0.0899997252	-0.0995963043	0.018292792	0.1200962604	0.0285080216	0.0229932478	-0.0056001532	0.0361453106	-0.0009544604	0.1317298259	0.091898681	0.1005529482	-0.0093240086	-0.0120478609	-0.0247687674	-0.1600037129	-0.0158850965	-0.0492300156	0.0243220524	-0.0645132422	0.117175698	0.0144702921	0.0763956665	0.1766685571	-0.0525743448	0.0810787107	0.0363063054	0.051549093	-0.0364647022	-0.0545654623	-0.063900152	0.1149575937	-0.0791003284735296	-0.0116617207236373	0.0062568619646202	0.0001359957302361	0.1536836756647375	0.0528788816795754	0.0027961761276825	0.0236186721658242	0.0763923296107691	0.0242162369264064	0.0058357880233603	0.0005864261308758	-0.0038787409023229	-0.0004044933256351	1.5044630987352664e-05	1.636148504834239e-07	0.0012247737534172	-5.0078633939700055e-05	2.507869577266478e-09	1.500070747059656e-06	0.0003773766310353	1.6272626439996782e-07	2.6479837125568237e-14	1.4241312165155294e-07
603.4775637712694	1.0827459762086846	364185.1699753065	1.1723388489960975	623.9336524651064	0.781315987570224	389293.2026784482	0.6104546724328345	582.7383587789909	2.0682823440113225	339583.99479243194	4.277791854548971	574.4955989166542	552.168903468005	1.129503	20.699097	0.0912386512927423	0.0493357142131604	0.0664276349	-0.1235767527	-0.1633963496	0.1086567411	0.0190094829	-0.0101257397	-0.0832200742	-0.0618193372	0.1346231818	-0.1060762337	0.0638061683	0.0491827484	-0.1664163123	-0.0085236805	0.1741822187	-0.0905927334	0.029371981	-0.1714038404	0.1423812703	0.0253518488	-0.0737845288	-0.0900483446	-0.0751493387	-0.0766171114	0.0400402137	0.0940440989	-0.1353600985	0.0517792892	-0.0378322101	-0.1347367031	-0.0598848144	-0.0695794058	-0.0706932784	-0.0296087834	-0.0216915126	-0.0322567606	0.0611693708	0.0105270026	-0.004992763	0.0047892895	0.0815985372	0.1690033775	0.0816149537	0.0722268127	0.0499501697	-0.0469932008	0.0458583717	0.0740151004	0.0366497323	0.201468784	-0.0018993847	0.0040373251	0.0699721724	0.0033054752	-0.0016160105	-0.0303840779	-0.0277964172	0.1413036906	0.0027421789	0.1271925051	0.0922115928	-0.009363013	0.1082390879	0.0331032997	0.1739985113	0.0439366368	-0.0593716464	-0.0331728417	0.0621260174	0.0114445997	-0.0096350676	-0.0276827789	-0.0082886512	0.0412538457	-0.0625215815	0.0244410115	0.0406993678	-0.1320604778	0.0856465279	-0.0657929363	0.1055172701	0.0827960944	-0.0597433293	0.0498214375	-0.018134749	-0.0690350533	0.0521636778	-0.1496867168	0.0145600767	-0.0500428961	-0.1443935455	0.1755382288	-0.0993633104	0.0795941083	0.0478233535	-0.0233878352	-0.0404980442	-0.0566846829	-0.0598166067	0.1154130763	-0.0908577481705634	-0.0117574196970337	0.0082551304026255	0.0001382369179321	0.1207206039652817	-0.0329630716994558	0.0010865640958634	0.0145734642217423	0.0651787611041214	-0.0112135685066477	0.0042482708990681	0.0001257441186532	-0.0033497707176868	0.0005289701846361	1.122096386107194e-05	2.7980945623394965e-07	0.0014018689115999	0.0001770951581827	3.13626950517556e-08	1.9652364453102883e-06	0.000377350146062	-2.6484973299992918e-08	7.014538107013377e-16	1.4239313273301273e-07
602.3816552361891	-1.095908535080298	362863.65856509097	1.2010155172618446	624.0122398688779	0.0785874037715075	389391.2755061741	0.0061759800315459	582.4309729832582	-0.3073857957326709	339225.8382902249	0.0944860274182072	575.1657224407902	551.4683185356062	1.055817	19.34874	0.0719742786116806	0.0399027432336878	0.0395147127	0.0695242058	-0.0303348517	0.172439073	0.0809857806	-0.081608945	-0.0380974061	0.0325882825	-0.1425978137	0.0108805733	0.0948823914	0.0096528303	-0.122421992	0.026386186	-0.0181089808	-0.0676450451	0.1681751415	0.0377007239	-0.0105557874	0.0309771652	-0.0702505238	-0.1066780427	0.056160887	0.0145789614	0.0451749774	-0.0574603412	-0.0791108525	-0.0139920361	-0.0139492733	0.0914748874	0.0094164516	0.03367162	0.0481199764	-0.0137516348	-0.0652652556	0.0006175284	0.0885342435	-0.1140568622	0.0870080041	-0.0886980651	-0.0306167495	-0.0923556494	-0.0160111973	0.1670516588	0.0909645989	-0.0130243323	-0.1542699779	0.1308011318	-0.0457865336	-0.0703259296	0.0194178577	-0.0220078077	0.1013584715	0.0137511609	-0.0806393277	-0.0055023331	-0.0812619714	0.0248477158	0.0870904662	0.1014217913	-0.0823248683	-0.0370015423	0.027050406	-0.0795658378	0.13141177	0.0560077408	-0.0292925229	-0.072216852	0.0703062859	0.004441967	0.0112160492	-0.0097269717	-0.0762614008	0.0450419555	-0.0129899261	0.0680635296	0.0432803737	0.0309614041	0.0035056001	0.0895740195	0.1365107586	0.0348549092	0.0121754904	0.0793985148	0.0189712263	-0.0628936557	-0.0008541268	-0.0425861409	0.1104460989	0.00126512	-0.0269537277	0.0796031827	-0.0916378268	0.0689596997	-0.0486619249	0.0330841127	0.1063361617	-0.0587790397	-0.0556281227	0.1154130763	-0.083952029285939	0.0069057188846243	0.0070479432212271	4.768895331345797e-05	0.1301612820807633	0.0094406781154816	8.91264032801333e-05	0.016941959352908	0.093296685269081	0.0281179241649596	0.0087042714821979	0.0007906176593464	-0.003800758364653	-0.0004509876469662	1.4445764146479748e-05	2.0338985771611e-07	0.0013032864785986	-9.858243300130002e-05	9.718496096455806e-09	1.6985556452979392e-06	0.0003779792150268	6.290689647999999e-07	3.9572776247454354e-13	1.428682869922759e-07
601.6599560239946	-0.7216992121944941	361994.7026827951	0.5208497528821534	621.1281207346776	-2.8841191342003185	385800.14236739225	8.318143180260394	580.2081510379483	-2.222821945309988	336641.4985308745	4.940937400551681	571.8367765038101	538.3529001828347	1.1117	20.372837	0.1219649959005789	0.0803125649607001	-0.0283011575	-0.0764293057	-0.0717294481	0.0810957818	-0.1251534351	-0.039940123	-0.0520473432	-0.1728495079	0.0523028485	-0.0171541694	-0.0057985558	0.0848833805	-0.0578487635	-0.0807623149	-0.0181817834	0.0012804757	-0.0721731471	0.0198641846	0.0908279585	-0.0925512698	-0.0866444406	0.0035169188	-0.0829454324	-0.0711092923	-0.1163135698	-0.0357434147	0.0938725941	-0.0062980941	-0.1033013559	0.0042815565	-0.066983526	-0.1212521771	0.0270541804	-0.0337253107	0.046360005	-0.0329486267	0.1238366201	-0.2061802663	-0.0283107837	0.0200492093	0.1085632485	-0.0937139991	-0.0133169868	0.0677256689	0.0175009009	0.1133824429	-0.0109442266	-0.0323686027	0.0657914213	0.0794902968	0.1999096709	-0.0216383349	-0.0465821625	0.0902732675	-0.0042516092	0.1102409845	0.0852610071	-0.0800953344	-0.0106583748	0.0721464722	0.0200929803	0.0709485993	0.0518635959	-0.0820722219	0.0915403651	0.1421534076	-0.0762705177	0.0195747408	-0.0036350598	-0.1578395478	0.1083043784	-0.0169849465	0.0229210577	0.0914591654	0.0299800938	-0.105631367	0.0718760203	0.0055959788	0.0200373884	-0.1541793527	0.0483632311	-0.0911426313	0.000580495	0.0151215581	-0.0111635847	0.1134684484	0.0216815863	0.054533666	-0.0533245324	0.1028532197	0.0219344275	0.0690321294	-0.0626610099	0.1143345888	-0.1125854248	0.1066339878	0.0125388897	-0.0608476141	-0.0513420481	0.1149575937	-0.0832733851151061	0.0006786441708329	0.0069344566685287	4.6055791060548713e-07	0.0594682632167717	-0.0706930188639916	0.0049975029161046	0.0035364743300192	0.0723841171457166	-0.0209125681233643	0.0052394604149648	0.0004373355055143	-0.0034037926222599	0.0003969657423931	1.1585804215350926e-05	1.575818006337051e-07	0.0014998613796404	0.0001965749010417	3.864169171959343e-08	2.249584158136804e-06	0.0003780538664397	7.465141289999352e-08	5.572833447965317e-15	1.4292472593000652e-07
602.002412343507	0.3424563195123937	362406.9044674018	0.1172763307739747	622.9610456053973	1.832924870719694	388080.4643417699	3.3596135817028068	581.5315703947301	1.3234193567818693	338178.96736576094	1.7514387939049367	572.8637228188692	545.9604737669127	1.164075	21.332647	0.1563047167402575	0.1342044226099976	-0.0111927226	0.0226575925	0.1023089476	0.0215265988	0.1642675879	0.0272303268	-0.0103492546	0.1166735156	-0.0012287024	0.0635559984	0.1282344616	-0.0292907202	0.0096670092	0.068374293	0.0309983903	0.022980524	0.0257903528	0.1286395512	0.0833151058	-0.0803860565	0.0656118061	-0.0237799209	0.2086905135	-0.0021691147	0.0239801049	0.020735306	0.0531672571	0.0243425236	-0.0763640954	-0.046742214	0.140199628	-0.0610647447	0.0753790875	-0.1122573575	-0.1319112397	0.0875226527	0.0120034945	0.0721489101	0.0989676105	-0.2102558964	-0.123362487	-0.0762225205	0.1423840518	0.024067241	0.003591653	-0.0405935668	-0.0131682021	0.0224868141	0.1223471056	-0.1394801694	-0.0839434042	-0.009325341	0.1063941647	-0.0727683742	-0.0296902052	0.0365697982	-0.0209173544	-0.0684050142	-0.0299905206	-0.0399695252	0.0842825999	-0.0573079243	-0.0494033467	-0.1411046614	0.1030458088	0.0664190925	-0.0927350669	-0.0449988414	0.0412848912	-0.0839167029	0.2580133776	-0.0004268665	-0.0565149044	-0.04195573	0.0565803361	0.1485230448	-0.000619867	0.007267838	0.0940373064	-0.1267988852	-0.0345660169	0.1076799819	0.1070758435	-0.060694185	-0.0779996769	-0.1180709672	-0.0421933063	0.0349171288	0.0523961613	-0.0350846885	-0.0400566231	0.057065752	-0.0246482896	0.0144507268	0.0437019211	0.0752739047	-0.0158539343	-0.0628894987	-0.0469659021	0.1140484259	-0.085022896343986	-0.0017495112288799	0.0072288929027201	3.060789539976894e-06	0.1911541401734666	0.1316858769566949	0.0173411701898537	0.0365399053054573	0.0683438445514639	-0.0040402725942527	0.0046708810880746	1.6323802635869443e-05	-0.0036447652493953	-0.0002409726271353	1.3284313723199585e-05	5.806780702853648e-08	0.0013643188788321	-0.0001355425008083	1.8371769525368003e-08	1.8613660031376783e-06	0.0003779878751748	-6.599126489996356e-08	4.354847043097163e-15	1.428748337791602e-07
601.221151257489	-0.7812610860179348	361466.8727193805	0.6103688845259229	621.6847838463142	-1.276261759083127	386491.9704660384	1.6288440776979574	581.4193078979811	-0.1122624967490537	338048.4115965673	0.0126028681763313	574.160339223014	544.7306564252938	1.387679	25.430391	0.1312147338253287	0.0999749715179482	0.0088673713	0.2440526419	-0.1171098867	-0.0153050661	-0.1759868782	0.1150701596	-0.0462225937	-0.0440157202	-0.2129357656	-0.1386639185	-0.0791135665	0.145080774	0.0662702925	-0.0701607352	0.0091214824	-0.0163890857	0.1715075551	-0.0215133724	-0.0944827538	-0.0852651149	0.0339206982	0.0841290116	-0.1672551967	-0.100864446	-0.0188989737	-0.0502403838	0.0210630554	-0.0625565536	0.1359005471	0.0061179976	0.1521004335	-0.0106217147	0.0628621385	0.087156613	0.0055857704	0.1180353425	0.0630641455	0.0207118638	-0.0231626056	0.0199746623	-0.028984403	-0.1790225461	-0.079632256	-0.0015406359	0.2360280005	-0.0042642865	0.1941730742	0.1771609005	-0.1695734903	0.0031510355	0.0713449547	-0.0909490367	-0.074868797	0.0908273917	-0.0455809498	0.0335034007	0.0524613753	0.0754453963	-0.0315264772	-0.1284803374	0.0264258186	-0.0444754752	-0.1674220416	-0.0267407262	-0.0835127765	-0.044207549	0.041995196	0.0462806133	-0.1282053072	-0.1171861066	0.0893742014	0.0055107289	-0.1549226514	0.0844812594	-0.1218063973	-0.1979390463	0.019398039	0.0512323748	-0.023065573	-0.0156389985	0.0296677142	0.1607662721	0.0836654604	-0.1099869436	-0.0501924011	0.0599774901	-0.0531202103	0.0462824311	-0.0602774744	-0.0530550525	-0.029663478	0.0628554075	-0.0978905254	-0.1091338319	-0.0224341653	0.0011960647	-0.01856479	-0.0649037979	-0.0425073619	0.112689161	-0.0928027839081124	-0.0077798875641263	0.0086123567010958	6.052665051044857e-05	0.0952600885097041	-0.0958940516637625	0.0091956691444923	0.0090744844628766	0.0726792284511788	0.0043353838997148	0.0052822702482586	1.879555355790716e-05	-0.0033861448052464	0.0002586204441488	1.146597664209718e-05	6.688453413177417e-08	0.0013891714777294	2.485259889729993e-05	6.176516719500737e-10	1.9297973945368844e-06	0.0001973527042665	-0.0001806351709083	3.262906496907076e-08	3.89480898813006e-08
598.6916201760835	-2.529531081405594	358431.65606906376	6.398527491796953	615.5713762205247	-6.113407625789478	378928.1192220308	37.37375279906094	579.1079776056753	-2.311330292305797	335366.0497265353	5.342247720130402	569.9469908210966	531.566561500367	1.412348	25.882473	0.0241957586649	0.0128944822805376	-0.0971381746	0.0226767596	0.1503550668	-0.0012128539	-0.0306981938	0.0349638172	0.1159713813	0.1318309598	-0.0468289651	0.1711460509	-0.1632805196	0.0956303469	-0.0901263997	0.0138211899	0.1294444419	0.1098594983	-0.0329225135	0.0793416169	0.0061121799	0.1516554099	0.0214266812	0.1418086474	-0.0759708776	0.086562709	0.054994833	0.0033164151	-0.0774330898	0.0145167757	0.0964174917	0.1532442057	-0.0203857291	-0.1483256116	0.0253783259	-0.1340549884	0.0190589119	0.114289769	-0.0698889844	-0.0476232765	-0.1009620038	-0.1184783642	0.142858225	-0.1349672843	0.0508117616	0.1101115123	-0.1354761383	-0.0981372573	0.0040973719	-0.0669202964	0.0999253339	-0.1159344875	-0.1021593146	-0.0243387771	-0.164241468	0.1111286165	-0.0875437968	0.0075170298	-0.0339959463	0.1394587841	0.0226128672	0.0043785882	0.1132227951	-0.1289990924	0.0314108695	0.0373789874	0.0495351417	0.030658406	0.0887224611	-0.0494801326	-0.0994736553	-0.0432500751	0.0947715743	-0.145259405	-0.0244166224	0.0581537141	0.1465935147	0.0040478521	0.0488409121	0.0813403625	0.0580370468	-0.0198238834	-0.0687987959	0.0413253299	-0.1485414112	-0.1009843213	0.0838798702	-0.08595228	-0.1271178728	-0.0129201358	0.0037622292	-0.0772849811	0.1229499243	0.0546658051	-0.0370935445	-0.1262628701	-0.1012157518	0.0414243771	0.1377633983	-0.0668896282	-0.0379742494	0.1108851636	-0.0833813577683315	0.0094214261397809	0.0069524508232904	8.876327050734694e-05	0.0951174101770391	-0.0001426783326649	2.0357106612064395e-08	0.0090473217187871	0.0661134475767397	-0.006565780874439	0.0043709879504823	4.310947849115024e-05	-0.003289682807621	9.64619976254002e-05	1.0822012974757185e-05	9.304916985882712e-09	0.001396081274184	6.90979645460001e-06	4.774528704400287e-11	1.9490429241272207e-06	0.0002552983765468	5.794567228029998e-05	3.3577009360159253e-09	6.517726106743168e-08
601.0935715273421	2.4019513512586173	361313.4817314959	5.769370293813098	616.6151216071949	1.043745386670139	380214.2081946557	1.089404432195198	580.5915683517256	1.4835907460503677	337086.5692411165	2.2010415017662863	571.4953598667074	533.5297194210742	1.281641	23.487154	0.1326717426185185	0.0924896538920847	-0.0957490521	0.0014287476	-0.1674524913	-0.0525773368	0.0273417126	0.011391928	0.1104916147	-0.0644232112	0.075495408	-0.1570858342	-0.1312060374	-0.0327919271	-0.0750128738	0.1207421625	-0.0672467251	0.0581685763	-0.0284115972	-0.1343355366	-0.0172770791	0.0007517798	-0.0517913212	-0.0479273489	-0.029042491	0.0452952604	-0.1195263532	-0.1215619492	-0.0840937816	-0.098366025	0.0586141426	-0.0303134854	-0.1160222613	-0.0902447168	0.1556808878	-0.0305508709	-0.027687862	-0.0010654228	-0.1329498899	-0.0657159594	0.0646432089	-0.0187707769	-0.0293931491	0.0859792128	-0.1248615735	0.1017940179	0.1086480391	-0.0075914996	0.1066033938	-0.0455725668	-0.1196823626	0.125535945	-0.0106490842	0.0172041379	-0.0784074324	-0.0379101642	-0.1288936584	0.1666934535	-0.085927166	0.0556484071	0.0416443557	-0.1422958933	-0.0427757376	-0.0234899855	0.0840887215	-0.0952452729	-0.0055035361	-0.088571064	0.0252378151	-0.1307378243	0.0428896443	-0.0438829456	0.0718802133	0.0032761271	0.0630168522	0.0209941191	-0.1363873465	-0.0490194814	-0.0182374108	0.1131332685	0.0529504801	-0.0318841679	0.0009779308	0.0105907979	0.0837018523	-0.0551783163	0.1536373021	-0.1256054615	0.0769397935	-0.0348743066	-0.0433991348	0.1159056779	0.1433452809	-0.022866096	-0.0573930103	0.1005221055	0.0474124618	0.021413738	0.0060516253	-0.0688461184	-0.0333745172	0.108643553	-0.0849702884290053	-0.0015889306606737	0.0072199499157083	2.524700644429265e-06	0.175354643373268	0.0802372331962289	0.006438013590986	0.030749250952566	0.0730249621509955	0.0069115145742558	0.0053326450971543	4.7769033710150376e-05	-0.0039532624935861	-0.000663579685965	1.562828434319459e-05	4.403379996255406e-07	0.0013037592034361	-9.232207074789988e-05	8.52336474718023e-09	1.699788060544334e-06	0.000378077903581	0.0001227795270342	1.5074812258741855e-08	1.4294290117620392e-07
602.9121438005869	1.818572273244854	363503.0531422196	3.307205113014956	621.3604207624469	4.745299155252042	386088.772490085	22.51786407283574	580.3275403453538	-0.2640280063718592	336780.05408328824	0.0697107881486985	571.1275559266409	546.9416749973752	1.281227	23.479563	0.1599849491733386	0.1049402912666445	0.0519314532	-0.0140486227	0.0897763027	-0.060525361	-0.0324933333	-0.0043735261	-0.068511415	-0.0820720365	-0.0016385	0.1161599549	-0.0889660299	0.0604459734	0.1486816534	0.0826468345	-0.1030887097	0.0241728836	-0.0329949255	0.1052209225	0.1629489685	-0.0207885222	0.0390602989	0.0519474236	-0.0598119209	0.1614810135	-0.1570414123	-0.1048719147	0.1140893562	0.0572882467	0.0280179016	-0.0512208572	0.0477032743	-0.0019080608	-0.00771863	0.0372482023	0.1453887322	-0.0022013284	0.1322251467	0.0068258773	-0.1171761471	-0.079394628	-0.1840155514	0.0283997744	-0.0109426579	-0.0322714509	-0.0674750171	0.1714771215	-0.0840036103	-0.0137809636	0.1319261296	-0.0666881771	0.0748016815	-0.0646006501	-0.1936816579	-0.0662144307	0.0435840788	0.1598056603	0.0804546925	-0.1319216388	-0.033685481	0.0235362783	-0.0677372807	0.0297644195	-0.0297391022	0.1628933842	0.1099553116	0.2000887213	-0.1041305	-0.0210105023	-0.0115590229	-0.0266668794	0.1004917791	0.1271847978	0.0139679171	0.0857955951	0.1196394115	-0.0270705657	0.0562116809	-0.044169081	0.0150860999	-0.0982731019	0.0404398689	-0.046874607	0.1074648438	0.0608950419	0.0448244466	0.0905910632	0.0890441327	0.0702958664	-0.0444329352	-0.0100688981	0.1530757857	0.0966570313	-0.0702113076	0.0304708521	-0.0239710673	-0.0770735357	-0.0339277889	-0.0707724105	-0.0287162347	0.105973176	-0.0796372810005294	0.0053330074284758	0.0063420965251572	2.8440968232179076e-05	0.08403183835496	-0.091322805018308	0.0083398547164119	0.0070613498573141	0.0401361904060308	-0.0328887717449647	0.0016109137803091	0.0010816713068923	-0.0034212678492763	0.0005319946443098	1.170507369649168e-05	2.830183015743106e-07	0.001379855630976	7.609642753989986e-05	5.790666284335231e-09	1.9040015623361747e-06	0.0003773616757989	-7.162277820999831e-07	5.129822358518609e-13	1.4240183436175413e-07
600.7250005625674	-2.18714323801953	360870.5263008966	4.783595543614555	622.6848758005956	1.3244550381486988	387736.4545508032	1.7541811480774712	579.6592721963987	-0.6682681489551214	336004.8718432586	0.4465823189079043	571.492014558227	543.5563524786522	1.122221	20.565634	0.1937663098381977	0.138180479909822	0.033188921	-0.1203584467	0.0101524223	-0.0604297873	-0.1514999119	-0.1328657901	-0.0567780552	-0.1030490855	-0.0312369049	0.1665796618	-0.0099091487	0.0219252607	-0.0241830325	0.0046813568	-0.1627184697	-0.1667219206	-0.1196833554	0.0365283557	0.0423066606	-0.0036123889	-0.1440993353	-0.0868363901	0.0091657917	0.0576969833	0.0923948984	-0.1276905208	0.0680148788	0.1413745561	-0.0096545054	0.029103059	0.0975417412	0.1438894507	0.1582918819	0.0869334988	0.0282504685	-0.0527128939	-0.0047026541	0.0685021501	-0.0809220189	-0.0655351244	0.0112386004	-0.1681947463	0.0636747651	0.0055615495	-0.0118732717	-0.0958908174	0.0464646302	-0.0763115744	0.0847667095	0.0129928397	0.1390955099	0.0320696744	-0.0259615144	0.0218230863	-0.0803700511	-0.0266298276	-0.1729837219	-0.1089239172	0.1883960426	0.0225307049	-0.1383005857	-0.0597341936	-0.2358484063	0.094831691	0.0610426845	0.1658789918	-0.1347052511	0.0186705425	-0.0646587915	0.0719220041	-0.0187665875	-0.1595024383	0.0924498177	-0.0406770985	-0.0349705521	0.0162051575	-0.1213833031	0.1085813132	0.1231819988	-0.1354476776	0.0316987682	-0.0801973775	0.0380104956	0.1063911494	0.034113729	0.1195339666	-0.139560553	-0.0436854168	-0.0086930857	0.0831406774	-0.0086601327	0.0528766902	-0.0347818552	-0.0681472943	-0.0392433281	-0.0256960427	0.0245890489	-0.0726676594	-0.0240075741	0.1028845713	-0.0836131354508467	-0.0039758544503172	0.0069911564199216	1.5807418610107867e-05	0.2194543001392475	0.1354224617842875	0.0183392431557168	0.0481601898496069	0.0693512264168987	0.0292150360108678	0.0048095926055279	0.0008535183291163	-0.0031627191811398	0.0002585486681365	1.0002792618749606e-05	6.684741379515803e-08	0.0011364081507276	-0.0002434474802483	5.9266675639295016e-08	1.291423485040124e-06	0.0003762986723293	-1.0630034696000276e-06	1.1299763763816969e-12	1.416006907967939e-07
600.4528096000378	-0.2721909625296348	360543.5765565792	0.074087920082809	622.9152438738192	0.2303680732236444	388023.4010503797	0.0530694491607743	580.1618332825503	0.5025610861516725	336587.75279776973	0.2525676453139487	571.4907188989498	542.3091480268147	1.177905	21.586107	0.1163363794909707	0.0876951992641139	-0.0444281707	-0.0162995657	0.0274600185	0.0483747194	0.1065810643	0.1249619312	0.051005806	0.0770230484	0.053993985	-0.0199838816	0.0801389681	0.1211876923	-0.0542887165	0.0673178537	-0.1042977994	0.1795794481	0.0342380376	-0.0709916962	-0.1671728908	0.1459657318	0.0278594471	-0.0873879911	0.0258207016	0.1817291177	-0.0200324113	0.0120814221	0.2163551603	-0.0242381528	-0.0800851609	-0.0142305417	0.0242338207	0.0242257496	-0.058560621	-0.128527466	-0.0372220189	0.1315628054	0.0218582913	0.0523177292	0.1086443382	0.0717496803	-0.0195728243	0.0460897362	-0.1942065673	0.0806157242	-0.0827023881	-0.1655360247	0.0551316888	-0.0446627394	-0.0546143993	0.0098554189	-0.1809964333	-0.0427393948	-0.0713304203	-0.0150837072	-0.263369348	-0.0922636212	0.0374859016	-0.1860262449	-0.0297768835	0.0452585211	-0.0118399679	-0.0701105193	-0.0344768772	0.0392432447	0.0061559297	-0.0869116959	-0.0073326864	0.0185949313	0.0388613574	0.0066725819	-0.0335983871	0.0132904539	-0.0029359399	0.0440995984	-0.013943939	-0.0189779132	0.0128417501	-0.1240458971	0.1663741278	-0.0201214169	-0.0510489299	-0.1408440702	0.0103068627	0.091883063	0.0685011226	-0.1465868791	-0.1265900488	0.1379116707	0.0551775458	-0.0270597631	0.1328558113	-0.0025928158	-0.0114837608	-0.0077683686	-0.1123625298	-0.0938262744	0.02533034	-0.074531034	-0.0192567962	0.0993899282	-0.0833764539464994	0.0002366815043473	0.0069516330726927	5.6018134500102184e-08	0.1337369817606344	-0.0857173183786131	0.0073474586700205	0.0178855802904442	0.0499062312937184	-0.0194449951231803	0.0024906319219421	0.0003781078353405	-0.0032677418457217	-0.0001050226645819	1.067813677028066e-05	1.1029760075882297e-08	0.0012493881977182	0.0001129800469905	1.2764491017998172e-08	1.560970868597532e-06	0.0003770436504534	7.449781241000036e-07	5.549924053875603e-13	1.421619143472257e-07
601.4433234501244	0.990513850086586	361734.0713227309	0.9811176872133518	616.7633351108484	-6.151908762970834	380397.0115370567	37.84598142791734	579.661950751322	-0.4998825312283088	336007.9771488281	0.2498825450272211	570.8677864869436	541.2610507613563	1.17289	21.494198	0.0119563722476759	0.0068089714040885	0.0010185847	0.1108681955	0.0359242426	-0.0634498001	0.0038797794	-0.1383631758	0.0358511678	0.0129434472	-0.0697252984	-0.0747326233	-0.0869285117	-0.0796437864	0.0163229173	0.0142239569	-0.0220708317	-0.0963209416	0.0246027645	-0.0018611746	-0.0712259667	-0.0136779408	-0.1219647057	0.1023509295	0.0900634295	0.0675136933	-0.0303270828	-0.1276024275	0.0577234757	-0.082669017	-0.0277668592	0.1796702961	-0.1000026571	0.0594103888	-0.0439485097	0.0972200504	0.0280923326	0.07082813	-0.0499441811	-0.0314600877	-0.0521564675	-0.066136974	-0.0536524291	0.0071992469	0.0416611832	-0.1040858899	-0.0282277586	0.064701321	-0.0498769937	0.0177896117	-0.0737867826	-0.0635164126	0.0016040627	0.1519477112	-0.0711221799	-0.0013857823	-0.0187363519	0.1103789647	0.0737013495	0.0200693147	0.1179076889	0.0310394734	-0.1349981591	0.1043030328	-0.0002221044	0.0012754025	-0.0681130411	0.0888041655	0.067176974	0.0381479457	-0.0213145353	-0.0385403398	0.0160057089	0.0357948774	0.0941403233	0.0387054926	0.0708005458	-0.0758131431	-0.0814436874	0.1333948702	0.094142197	0.0576331679	0.1366183007	-0.0649343264	0.0342499603	0.0010406954	-0.0616900342	-0.0452619316	-0.0454728637	0.1091130027	-0.0507570591	0.0901373813	0.0221795876	0.0489471391	-0.0049720024	0.07701591	0.0148923361	-0.031164525	-0.1025472496	-0.0763617167	-0.0144722352	0.0955030384	-0.0859581083002325	-0.0025816543537331	0.0073887963825544	6.664939202149075e-06	0.133727624357661	-9.35740297339227e-06	8.756099040645049e-11	0.0178830775163436	0.0490776040323339	-0.0008286272613844	0.0024086112175545	6.866231383095696e-07	-0.0033222620607765	-5.45202150548001e-05	1.1037425200474916e-05	2.9724538496216513e-09	0.0013653763260634	0.0001159881283451	1.3453245917022577e-08	1.864252511774388e-06	0.0003772699716451	2.263211917000077e-07	5.122128181251162e-14	1.4233263150509458e-07
601.7423271234364	0.299003673312086	362093.8282519288	0.0894031966541206	620.1440885666518	3.380753455803415	384578.6905841633	11.429493928926732	581.23647836232	1.5745276109979611	337835.84377903165	2.479137197794948	572.1401157555757	543.3406587672315	1.091279	19.998602	0.0515321271246986	0.0230684845153789	0.0174484334	-0.1120832646	0.026303507	-0.0805912585	-0.0733455919	-0.0189627092	0.0140624034	-0.1032249184	0.0707695818	0.0385367213	-0.0390365161	0.0368958892	0.0593548751	0.0444352158	-0.1122231094	-0.0022637334	-0.0275703832	-0.0477822977	-0.0325877094	-0.0466031872	-0.0443772949	0.0055743244	-0.0462095012	0.122562589	0.0051226505	0.1034553081	0.0045624632	0.0849289009	-0.2095739494	-0.0412899365	-0.0023884261	0.1701862751	-0.0316970685	0.1050622934	-0.042212254	-0.1056467538	-0.0238227871	-0.1356305435	-0.0510382056	0.0036833072	-0.0220205577	-0.0320510353	-0.0312803207	0.0654553571	0.0317819296	-0.0995985538	0.1066181055	-0.049155256	-0.024500374	0.056759694	0.0656026921	0.037646212	-0.1162968465	-0.0481804937	0.0272528933	-0.1070131829	-0.0376982518	-0.1264035725	-0.068979965	0.1020347522	-0.1388123848	-0.0388664657	-0.0410875789	0.0420490373	0.0096786257	-0.0167313258	-0.0949458782	-0.0485142575	0.0494543451	0.0473025687	-0.0760547963	-0.0590196118	-0.0660740501	0.0200244771	-0.0075381671	-0.0683474572	-0.0836047136	-0.0263604942	0.0925262042	-0.1413113415	-0.0101598983	-0.0355155219	0.0549083995	0.168405549	0.0081111901	0.048980553	-0.079546699	-0.0357867378	-0.0090738401	0.0098526845	0.103767749	-0.0304872042	0.094076849	-0.0051289176	-0.0221595822	0.000675881	-0.0835094868	-0.0781589047	-0.0096622851	0.0912392418	-0.0876791981057465	-0.0017210898055139	0.0076876417804667	2.962150118644211e-06	0.147008435207141	0.0132808108494799	0.0001763799368196	0.0216114800220521	0.0423598460710792	-0.0067177579612547	0.0017943565591655	4.512827202600098e-05	-0.0029871478468559	0.0003351142139206	8.923052258975839e-06	1.123015363716217e-07	0.0012456505342974	-0.0001197257917659	1.4334265213995591e-08	1.551645253595398e-06	0.0002358606071627	-0.0001414093644824	1.9996608363316252e-08	5.56302260111575e-08
603.0041855891573	1.2618584657208205	363614.0478380429	1.5922867875113025	620.7280488265188	0.5839602598670126	385303.3105999772	0.3410095851039489	580.7194646531545	-0.5170137091654396	337235.0966270464	0.2673031754650058	571.8555347963616	549.9229877719293	0.950286	17.414795	0.0671623921182934	0.0421475485188044	0.0514415261	0.0058708417	-0.0007697805	-0.0686288994	0.0829141301	-0.0349326854	0.0197100185	0.0384984733	-0.0141255898	-0.0249937094	0.0234272055	-0.0805372567	0.0690128379	0.1037278109	-0.0298955003	0.0716083128	0.0314353458	-0.0274071417	-0.0337336906	0.0013662024	0.0685486296	-0.0438339603	0.0561015379	0.0972420112	-0.0372217216	-0.0855191637	0.0214327173	0.0128752801	0.0675846943	-0.0745528489	-0.0057459671	0.0133069422	-0.0333095092	0.1047077268	-0.0563279504	-0.0074764785	-0.0258059524	0.0427202155	-0.0370256443	0.0463057905	0.1080382141	0.0788850074	0.1500944743	0.0358178599	-0.0187033315	-0.0487435487	0.0708192901	-0.0014137693	-0.027152057	-0.0406322704	-0.0900533854	0.0010280193	-0.0218539197	-0.0766351865	-0.0592592977	0.0359782024	-0.0201523455	-0.0417194709	-0.006002376	-0.085883656	0.0288905706	-0.0627071814	-0.0072931698	0.0689986994	-0.0270988654	0.0510664924	-0.1763078409	-0.0119309468	-0.0272960249	0.1381729793	-0.1030540701	-0.0301730407	-0.0056337774	-0.0182214207	-0.0060357378	-0.0134537594	-0.1170343467	0.0146259688	0.122827201	-0.0948155263	-0.0561009346	0.0159819748	0.2331425521	-0.059814849	-0.0459418651	-0.1130042068	-0.0088571292	0.0276154478	-0.0400407298	0.0763706514	-0.1059941458	0.0001767649	0.1123240973	0.008005903	0.0410701753	-0.0146000178	0.0641456972	-0.0799218096	-0.004835384	0.0866153656	-0.0849085540733938	0.0027706440323526	0.0072094625548344	7.676468354011589e-06	0.1808098030732878	0.0338013678661468	0.0011425324696225	0.0326921848874011	0.0469723182338981	0.0046124721628189	0.0022063986802665	2.1274899452779293e-05	-0.0033442384193612	-0.0003570905725053	1.1183930605531498e-05	1.27513676972163e-07	0.0012243719372422	-2.1278597055199997e-05	4.527786926375658e-10	1.4990866407062175e-06	0.0003770495987417	0.000141188991579	1.993433134309493e-08	1.42166399911277e-07
603.1340927510872	0.1299071619299638	363770.73383867706	0.0168758707206978	623.2788601033171	2.5508112767982998	388476.5374516904	6.50663816984137	582.1053216202141	1.385856967059567	338846.6054585729	1.920599533147542	574.047081987063	553.7925517502091	1.063332	19.486454	0.1327380192317497	0.0860320053467012	0.098493062	0.1468893632	-0.0188631359	0.0017476571	-0.0074107873	0.1034230268	-0.0443440081	0.0954297006	-0.0648072101	-0.1720858722	0.0148986248	0.10032042	0.0189419692	0.0134057497	-0.1222807663	0.0650428685	0.1420795658	-9.18878e-05	0.0061294618	0.0495824933	0.0849965612	-0.0271878437	-0.1096734951	-0.1665235043	0.0736870366	-0.1225240187	0.0773284622	0.086127382	0.0119786833	0.0196491871	0.0019836865	-0.0064483065	-0.0334127736	0.1421387292	-0.0213592037	-0.0339376005	-0.0274297505	0.0599850363	-0.1071896739	0.0105210798	0.0888674377	0.0081391413	-0.24099669	0.0427314066	-0.0201420759	-0.032292397	-0.0728468032	0.1111028293	-0.0823929333	-0.0204432467	-0.0420801463	-0.1338738897	0.0093350647	0.0855978701	0.039434482	0.1290386207	0.0844127244	-0.0909604038	0.057424397	0.0524472181	0.0957891445	-0.1613458159	-0.1243673989	0.0730385553	-0.0407157995	-0.0114578059	0.0358605964	-0.1273844554	0.0229715457	0.1640321019	-0.0225672703	-0.0996810114	0.0011832596	0.0934531985	-0.0525468783	-0.1226282461	-0.0123069682	-0.0237704465	-0.0199147744	-0.1027243663	0.0559279711	0.0376533118	0.1000650487	-0.0888886235	-0.0923750998	-0.1363060743	-0.0118954337	0.098607172	-0.034214514	-0.1715483681	-0.0772484481	0.0258250431	0.1575430526	-0.1206952213	-0.1474706424	-0.0350308777	0.0059313234	-0.0816496581	-0.0	0.0816496581	-0.091821936062999	-0.0069133819896051	0.0084312679423574	4.7794850534197546e-05	0.0982703583694473	-0.0825394447038405	0.0068127599320183	0.0096570633340596	0.0572303373781721	0.0102580191442739	0.0032753115164194	0.0001052269567642	-0.0032383872611493	0.0001058511582119	1.0487152053174062e-05	1.1204467694800749e-08	0.001032804272246	-0.0001915676649961	3.6698170272096295e-08	1.0666846647695895e-06	0.0007401742434142	0.0003631246446724	1.3185950756852936e-07	5.478579106137833e-07
600.6515778753748	-2.482514875712468	360782.31800417736	6.16288010813369	618.2617760150753	-5.017084088241859	382247.6236813151	25.171132748489644	579.5084271941422	-2.5968944260719127	335830.01718902844	6.743860660163369	571.4390483741407	540.2073599128593	1.072403	19.652679	0.0431475571606115	0.0211845031846561	-0.0081274471	0.1242263448	0.000447352	0.0031057077	0.0170479501	-0.0871280233	0.0406189259	-0.0104120242	-0.1228243915	-0.0422730997	-0.0776011255	-0.0240415183	-0.0655669251	0.084492849	-0.0335715026	0.1451819613	0.0649004037	0.0582847127	-0.1361143651	0.0195794234	-0.1172628263	0.0237845221	0.0859941535	0.1285176899	0.0050455254	-0.099066874	0.0936662433	-0.0231525386	0.0803042418	0.0844523531	0.0234645	0.059273149	-0.0659527703	-0.1393366947	-0.0884739001	-0.0690684753	0.0776607302	-0.0266037735	0.0626397709	-0.0806456419	-0.0070432027	0.0171296104	-0.0412630099	0.0354739212	-0.0976616015	0.0177361293	-0.0052477532	0.0066051751	-0.0850275733	-0.0944671016	-0.0152600847	0.0797700477	-0.068869787	-0.0044053075	-0.1297262499	0.072673629	0.0169635588	0.0065373186	0.0924317159	0.0604973202	0.0613970685	-0.0409043857	0.0191544603	0.0608109728	-0.0055716897	-0.0462727708	0.0884498995	0.0898487123	-0.125283312	0.0146276397	-0.0212153259	0.057728118	0.0960035304	0.0684531043	0.1080315979	-0.0648247877	-0.045749778	0.0203287472	0.0569266741	0.0606344137	0.0953421604	-0.0118559692	-0.00019747	0.0339513201	0.007654958	-0.0699628184	-0.1061230309	0.1497300469	-0.0862878296	0.0287982282	-0.0051363651	0.0149165855	-0.001022608	-0.1311483863	-0.0626222331	0.0002291571	0.0692866283	-0.0833416924	0.004835384	0.0763617167	-0.0887421028697161	0.0030798331932829	0.0078751608217392	9.485372498447193e-06	0.0963573199916396	-0.0019130383778076	3.659715834965092e-06	0.0092847331159712	0.0685091312001731	0.011278793822001	0.0046935010578025	0.0001272111900792	-0.0031182606392764	0.0001201266218728	9.723549414460462e-06	1.4430405282594668e-08	0.0011508164419073	0.0001180121696613	1.3926872188167458e-08	1.324378482964178e-06	0.000440795199598	-0.0002993790438161	8.96278118763022e-08	1.9430040798864066e-07
601.2745299298895	0.6229520545147125	361531.06034240953	0.3880692622241013	617.6603912442748	-0.6013847708004505	381504.3589120306	0.3616636425507104	580.4017245539175	0.8932973597752607	336866.1618651615	0.7979801729814515	571.7480749289194	536.684710818346	1.025071	18.78529	0.0931999840044474	0.0564402414388488	-0.0301341475	-0.0028526895	0.121860705	-0.0424477395	-0.1165482645	-0.0322021937	0.0610193205	-0.0197227072	0.0419656646	0.0360217934	-0.1226332434	-0.0077534911	0.0321349679	-0.0571874912	-0.0344438777	0.0266381853	-0.0189491785	-0.0622158699	-0.0230378957	-0.0196344505	-0.1056362475	0.0714263545	0.0066862261	0.1480769429	-0.039697672	0.1005238093	0.0299255016	0.0160679895	0.0170474358	-0.0051823505	-0.030474114	0.1183366365	-0.0363074105	0.0604724659	0.0068249861	-0.1183309488	-0.0392603349	0.0006108433	-0.0017676918	-0.1309784418	0.0759867974	-0.1286505454	-0.0021760785	-0.0714812197	0.011703568	-0.0042666244	0.025196867	-0.0221989656	-0.0151675406	-0.0059342278	-0.0060847823	0.0910099287	-0.16736102	-0.0336138491	0.0240341687	-0.0593374476	-0.0726047564	0.0206719602	-0.0259710888	0.0693714027	-0.0589048417	-0.0018256089	-0.0637260789	-0.1839808164	0.0493600954	-0.1104469387	0.0914697258	0.0370494195	0.0456527878	0.0686715111	-0.0009973764	0.0391818442	-0.0421622095	0.0409276999	0.0207540517	-0.0727644382	-0.1134361444	0.1035872545	0.0240768254	-0.0837566654	0.0870374893	0.129548697	-0.0487675221	0.0930443376	0.1289436861	0.0060287506	-0.0786977331	-0.0284489628	0.0235341227	-0.0915286874	0.0583313081	-0.0022057103	0.0937493099	0.0493862156	0.0443421337	-0.1498890914	0.0775980584	-0.0849971703	0.0096622851	0.0707724105	-0.0840735108066184	0.0046685920630976	0.0070683552193505	2.179575185161877e-05	0.1423838112063293	0.0460264912146897	0.0021184378935359	0.0202731496936396	0.0729400492386531	0.00443091803848	0.0053202507829371	1.9633034663727475e-05	-0.0036007271858336	-0.0004824665465572	1.2965236266801156e-05	2.327739685468309e-07	0.0013189101790784	0.0001680937371711	2.8255504476146852e-08	1.7395240604766172e-06	0.0003298758295627	-0.0001109193700353	1.2303106649027806e-08	1.0881806292967949e-07
602.5120083876399	1.2374784577503988	363020.7202513074	1.5313529333963054	619.4835445114046	1.8231532671297828	383759.8619204134	3.323887835446001	580.9101474453201	0.508422891402688	337456.5994049436	0.2584938365022695	571.9326776221947	542.6049906759946	1.124138	20.600779	0.0436410930237164	0.0219508593364565	0.0054474975	-0.1036154609	-0.0641429633	-0.0647345423	0.0390906403	0.0826334414	0.0335814098	0.0538192645	0.1494876231	-0.1003085619	-0.0821556475	0.0104169928	0.0119734534	-0.0046997889	-0.0447877638	0.0914804685	-0.0453782208	-0.2418454243	0.0078066532	0.0710746682	-0.002505752	0.0114843734	0.0765988405	0.0369011742	-0.0923505273	-0.0184236169	0.1203823463	-0.0709111214	-0.0769971301	-0.0907974882	-0.0389818294	-0.066294046	-0.0920146379	-0.0491277476	-0.0779062443	0.1238389617	-0.0047328054	-0.0053497112	0.0193277169	-0.0212476834	-0.0246298903	-0.1436629153	0.0097358003	0.0269759882	0.0266029276	0.0879278491	-0.065571281	-0.0317208034	-0.0084387293	0.1996807925	-0.1564718209	0.0747234521	-0.0766259973	-0.0180474301	-0.0923509511	-0.0314691505	0.0555475758	-0.1201817229	-0.0747771555	-0.0892284822	-0.0344321536	-0.0503292469	0.0518044016	-0.0086723431	0.0382584587	0.0431204622	0.0564310605	-0.0018108651	-0.0022526811	-0.095142568	-0.0784693696	-0.0494474207	-0.055012044	0.0747077457	-0.0707724316	-0.0755436699	-0.0520649807	-0.0849767555	0.1609739594	0.0084023212	-0.0222688081	-0.1583236044	-0.0872142002	0.0322654544	0.0146480954	-0.0770943849	-0.0097602665	0.1030243926	-0.0337860515	0.0143922302	-0.01511349	-0.1339684018	0.0857965471	0.0176258223	-0.0731824439	-0.0097801148	-0.0122785478	-0.0866153656	0.0144722352	0.0649037979	-0.0897190459998427	-0.0056455351932243	0.0080495072151218	3.187206761793419e-05	0.1261803053142216	-0.0162035058921077	0.0002625536031955	0.0159214694491901	0.0731700026024526	0.0002299533637994	0.0053538492808429	5.2878549522703124e-08	-0.0037339234869654	-0.0001331963011317	1.3942184606511851e-05	1.7741254635193142e-08	0.0013278509210086	8.940741930199819e-06	7.993686626243318e-11	1.763188068423387e-06	0.0006189807579924	0.0002891049284296	8.358165964234195e-08	3.83137178764846e-07
603.6442186031264	1.132210215486566	364386.3426529791	1.2818999720521365	623.4416546291775	3.9581101177728897	388679.4967267666	15.666635704416118	582.5509584989622	1.6408110536420963	339365.61924805964	2.6922609137540863	574.9751354941616	554.4876091732507	1.213539	22.239128	0.0452020742874052	0.0258034264854337	0.0814135109	0.1616999883	0.0633929238	-0.0954934446	0.084282991	-0.0210366607	-0.0514572492	0.0789515959	-0.1259210232	-0.0359143689	0.0234481405	-0.0187602924	0.1163574012	0.0863928693	0.0133776832	0.0735340181	0.1431352872	-0.0150301565	-0.0133397107	-0.0278744106	0.0348689948	0.1061530405	0.0692669097	0.0059062339	-0.029826584	0.0409914997	-0.0387308265	-0.1215980977	-0.0872108841	0.0732035795	0.1423405645	-0.1386078978	-0.1587634125	0.0071285513	-0.0185793657	0.0019757144	-0.0199701602	-0.0811404695	-0.0784928508	0.0546357605	0.0579540377	0.0574039194	0.001542045	0.0733576872	-0.0434805288	-0.0166312824	-0.0316185361	0.1253313719	-0.0415004606	-0.1100606945	-0.0866923238	0.0627084716	-0.0430613713	-0.0934734527	0.0481470162	0.0178875612	0.0417720103	0.0224934175	0.0477169789	0.0874064612	-0.0098167564	-0.0300748772	0.0478369797	-0.0965680516	0.0693479372	-0.0246490809	-0.0214866164	0.0982016217	-0.0891537009	-0.1080935405	-0.0629005253	0.0247358815	-0.0289586671	0.0889364868	0.1047771573	-0.0163603649	-0.0430750018	0.0164235731	-0.0182328737	0.101773567	0.0893704473	0.0497679092	0.0325769368	0.0396475213	0.0014014374	-0.0603166986	0.0248875101	0.1302316842	-0.0434461966	-0.0947463222	0.0797879859	-0.0446837253	0.0303293693	-0.1074217133	-0.07893464	-0.0213555603	0.0440858853	-0.0881955685	0.0192567962	0.0587790397	-0.0945268134943546	-0.0048077674945118	0.0089353184693964	2.311462828128518e-05	0.1113461507330981	-0.0148341545811235	0.0002200521421366	0.0123979652830778	0.0730207891067777	-0.0001492134956748	0.0053320356417765	2.2264667291523152e-08	-0.0035378240085643	0.000196099478401	1.2516198715573973e-05	3.8455005429183456e-08	0.00101691149467	-0.0003109394263385	9.668332685177761e-08	1.0341089879919733e-06	0.0006178008884102	-1.1798695821999992e-06	1.3920922310008006e-12	3.8167793772043233e-07
602.2274412165488	-1.416777386577678	362677.89095423167	2.0072581631178754	619.5697726422583	-3.87188198691922	383866.7031719796	14.991470120629527	581.6454509008024	-0.9055075981598292	338311.43055359775	0.8199440103251828	573.33158659935	544.2697918862613	1.078086	19.756828	0.0787475164291933	0.0518478045780096	0.0403704026	-0.0167511433	0.0033366805	-0.1658247246	-0.1876810716	0.0003497637	-0.0181712174	-0.0513233434	-0.0153281854	0.0262099443	-0.1640080481	-0.0167083663	0.0004444959	-0.1284975807	0.0146497384	0.0112373432	-0.0121157982	-0.1321107973	0.0883824947	-0.055778704	-0.0909871836	0.1082335712	-0.1447418069	-0.0098812224	-0.0165152269	-0.0071647096	-0.1187259658	-0.0909817842	0.0177582173	0.0054982724	0.0947079457	-0.0654936387	-0.0988407219	0.0379555256	0.0673272716	-0.0101149948	-0.0453878809	-0.0443522785	-0.1813029043	0.0784513114	0.0460318664	0.0326847209	-0.0320075237	0.1540855256	-0.014122268	-0.0117488603	-0.0145942485	0.0209887442	-0.0046309346	0.0735190248	0.0851850535	0.0560441362	-0.1548515156	0.0472126046	0.0955250262	0.0283909399	-0.0350254129	0.1216211087	0.0016559874	-0.0175671318	0.1027274037	-0.1206766532	0.0952492265	-0.005510995	0.0509730697	0.1067837933	-0.1203122033	0.0504070832	-0.108166262	-0.0777660619	-0.1906143457	-0.0207614769	-0.1137840576	0.0572810844	-0.0464356989	-0.0967445775	-0.0995877253	0.1290401269	-0.0437982075	-0.0112259575	0.0343519214	0.0500816227	-0.0155086605	-0.0115587739	0.1020471396	-0.0527202958	-0.0836041052	-0.1656850921	-0.1112793553	-0.0496198261	0.0205566957	-0.076209029	0.0896795671	-0.0683274972	0.0331063448	-0.0389524709	-0.026542967	-0.089737086	0.0240075741	0.0524223074	-0.0962889356535612	-0.0017621221592065	0.0092715591292956	3.1050745039669204e-06	0.1561238432754237	0.0447776925423255	0.002005041749415	0.024374654439089	0.0916698014944188	0.0186490123876411	0.0084033525060261	0.0003477856630343	-0.0037918221755859	-0.0002539981670215	1.4377915411264988e-05	6.45150688503325e-08	0.0009998328525298	-1.707864214019997e-05	2.916800173530142e-10	9.996657329978767e-07	0.0006178978660488	9.697763860005981e-08	9.40466238844381e-15	3.817977728676608e-07
601.9164734907965	-0.3109677257522207	362303.4410595968	0.0967009264595083	622.1364707500614	2.5666981078031768	387053.7882373421	6.587939176600408	580.7200219774371	-0.9254289233653026	337235.74392547505	0.856418692201063	572.3441143874769	544.5942592881238	1.07473	19.695324	0.0891956348492433	0.0475536550297479	-0.003342735	-0.0986029163	0.0073615614	-0.0459420164	0.0946953225	0.0954805279	0.0289204214	0.0900935097	0.101757653	-0.0006465583	0.0824513711	0.1357979462	-0.0390109597	0.0718496297	0.0213952602	0.0902250686	-0.0314662156	-0.0692774098	0.0658452633	0.0750485087	0.1353351382	0.0820390974	-0.0366117757	-0.009016346	0.1287930598	0.0393793918	0.0096932883	-0.1715234233	0.0449206	0.0848684082	-0.1054266762	-0.011700552	-0.0573075019	-0.0862401535	-0.0068886787	-0.0846195012	-0.0192637381	-0.0964770111	-0.0842246515	0.1002441203	-0.0174678245	0.0212043444	-0.0905646628	-0.0973560065	0.0447579937	-0.0143490659	-0.0603249965	-0.0349574986	0.0641142226	0.0432172115	-0.109116848	-0.0952471492	-0.009336619	-0.0368782699	0.0421746072	0.0424798157	0.1300213085	0.1598485108	-0.0117632367	0.067623891	-0.0333375019	-0.2355077716	-0.04553322	0.0400904755	0.0359994567	-0.0309638565	-0.0215336945	0.1328088569	0.1188387199	-0.0208531786	-0.1444951083	-0.1532748018	0.0331513918	0.0470505055	0.063227835	-0.0170590837	-0.0080114906	-0.1452728385	0.0450178962	-0.1135585201	0.1448529617	0.0636192724	-0.0676519523	-0.1157232404	-0.0295236737	-0.1101876453	0.0781685272	-0.0982518488	-0.0676603898	-0.1760353811	0.0521100228	-0.0658670016	0.0608839969	-0.0377387952	-0.0117733041	-0.125942573	0.0215010087	-0.0912392418	0.0287162347	0.0458586883	-0.0976895825183135	-0.0014006468647523	0.0095432545326023	1.961811639740456e-06	0.1363586442484603	-0.0197651990269633	0.0003906630925754	0.0185936798612781	0.0635335151957861	-0.0281362862986327	0.0040365075531331	0.0007916506066786	-0.0033319227473213	0.0004598994282645	1.110170919411712e-05	2.115074841181057e-07	0.0013369716715976	0.0003371388190678	1.1366258332243077e-07	1.7874932506544809e-06	0.0006187296718943	8.318058454999952e-07	6.919009646079619e-13	3.828264068824282e-07
601.7410809547315	-0.1753925360650328	362092.3285085688	0.0307625417073238	618.709167123538	-3.42730362652344	382801.0334827021	11.74641014838072	580.8696130498582	0.1495910724211171	337409.50736469205	0.0223774889480999	573.1790470017327	544.4963594312961	1.116435	20.459616	0.1206638343272371	0.0648950911024743	0.0170023306	0.1053906745	-0.0258807849	-0.0260972171	0.0907151891	-0.1262100394	0.0266933891	-0.0173902753	-0.1174522523	-0.0897116924	-0.0415384319	-0.1019615694	-0.0388798356	0.1016340999	-0.0091619192	0.0259771945	0.0980051993	0.0269416538	-0.0990357389	-0.090909513	-0.15162906	0.0101115548	0.0581380272	-0.006225371	-0.003628318	-0.0288493816	-0.0746546777	-0.0586354102	-0.0162202693	0.0120742643	-0.0706663398	0.0032388896	0.1353931484	0.0793642231	-0.0788225059	-0.0281860719	-0.0697947029	-0.0215461601	0.06000587	-0.0169757251	-0.01300157	-0.0802088946	-0.086376274	0.0105997651	-0.0625902704	-0.0753234669	-0.0829474127	0.0612021981	-0.1034640307	-0.0643638811	0.0439398598	0.1193578919	0.0298794741	-0.038907933	-0.068607238	0.0373415998	-0.0196467733	0.0438423452	-0.012913573	0.03383762	-0.0637439416	-0.0240534366	0.0323405423	-0.1399914186	0.03309597	-0.0166324679	-0.009074485	-0.0027063852	0.067939906	0.1217010994	-0.0184126014	-0.1243233112	-0.0382013557	0.0242169573	0.0493253567	0.0269512479	-0.0636470199	0.0482307992	0.00146215	0.068940959	0.1551691483	0.0921167694	0.0679624125	0.0802832104	0.032868002	-0.0537819353	0.0113562505	0.016060035	0.0258762928	0.0743008575	0.0173515971	-0.0719684916	0.0258469655	-2.25224e-05	-0.0181872447	0.0050065047	0.0843437268	-0.0927013771	0.0333745172	0.0391140859	-0.1058093514964895	-0.0081197689781759	0.0111956188641076	6.593064825894929e-05	0.180360734852286	0.0440020906038256	0.0019361839775072	0.0325299946764566	0.0979322790925465	0.0343987638967604	0.0095907312882604	0.001183274957625	-0.0036918242904199	-0.0003599015430986	1.36295665913344e-05	1.295291207247535e-07	0.0010148632468716	-0.000322108424726	1.0375383727946521e-07	1.029947409850766e-06	0.0006178754227494	-8.542491449000256e-07	7.29741601562425e-13	3.817700380377498e-07
601.8389246442277	0.0978436894962442	362210.09121692047	0.0095733875742374	621.4151323552717	2.7059652317336718	386156.7667201198	7.322247835351462	580.4307267311036	-0.4388863187546121	336899.82853359706	0.192621200789975	572.1463698369486	540.25180919504	1.130231	20.712431	0.1353633280224522	0.0721547254586197	0.0022329352	-0.0711394224	0.0189310255	0.0268476684	-0.0306582338	0.0668480879	-0.0307757562	-0.1186271012	0.0926961295	0.0391205846	-0.0444294246	0.1007315076	0.0772644583	0.0314208066	-0.1372188438	-0.0874978439	-0.0526158574	0.0378317095	0.1027933482	-0.050923431	0.0405859839	0.040433046	-0.2091649565	-0.1083666237	-0.1402232098	-0.0912358983	0.0600214898	0.0048619743	-0.0339009445	0.0137350063	-0.0612602996	0.1239903564	-0.0343294243	-0.0949743765	-0.0808064656	-0.0030747152	-0.1069943491	-0.041915445	0.0245863022	-0.1347046042	-0.0115285993	0.1383227031	0.0974022656	0.0181355444	0.0051982313	0.0381682961	-0.160451851	-0.0288445284	0.0861675756	0.0579535251	0.1143998382	-0.1134791888	-0.0817720941	0.0802831353	0.1333370352	0.1681693668	-0.0237142636	-0.0576026474	-0.0579172745	-0.0300461978	-0.0956082061	-0.0340110736	0.0080068036	0.0266333258	0.1003098273	0.0209713067	0.0558218572	0.1184323414	0.0240162496	0.0811324199	0.0466472835	0.1037441411	0.1580618602	0.0865153017	-0.0510855243	0.0010484206	0.0389161789	0.0914953333	-0.1407469652	-0.112576121	0.0084880967	0.0114519636	-0.113763876	0.0726906416	0.0359623274	0.092269223	0.1612706855	0.08942614	-0.1044219968	-0.08421346	0.113375677	0.0272838238	0.0925611493	0.0487612285	-0.1017659858	-0.0994338575	-0.0861854573	-0.0941228505	0.0379742494	0.032215118	-0.1022827305811802	0.0035266209153092	0.0104617569751422	1.2437055080296968e-05	0.1349963808220735	-0.0453643540302124	0.0020579246165784	0.0182240228350582	0.149532179139527	0.0515999000469804	0.0223598725982155	0.0026625496848583	-0.0042518711068927	-0.0005600468164728	1.807840790962896e-05	3.136524366413184e-07	0.0011511900219354	0.0001363267750638	1.8584989599295924e-08	1.3252384666036266e-06	0.0006189508918118	1.075469062400045e-06	1.1566337041796322e-12	3.8310020647462257e-07
602.8700783065865	1.0311536623587472	363452.3313173897	1.0632778753958572	622.3713372659962	0.956204910724523	387346.0814502644	0.9143278312936928	581.1496185621456	0.7188918310420149	337734.8791549274	0.516805464738941	573.294633158931	546.8546479000573	1.084645	19.877029	0.0594481173577639	0.0358674119116335	0.0599128351	-0.0138330266	-0.1057391448	0.0216413203	0.0572684308	-0.0641150854	-0.0676097885	-0.0044456838	-0.0025856626	-0.0985960931	-0.0422543034	-0.0727391588	-0.0553577655	0.0925382434	0.0291283078	0.0448169737	0.0516730467	0.0177969488	0.0309283783	-0.0424526415	-0.0939844117	-0.0282596327	0.043911378	-0.1249848591	-0.0448922396	0.0639646395	-0.0025151272	-0.1063721785	-0.0762654928	-0.0281835671	-0.1309687612	-0.0909027275	0.0527724214	-0.0522786531	-0.0087671436	-0.1417262469	-0.0794626727	0.0447167959	0.0906529482	0.1372908105	-0.07028236	-0.1969953063	0.1889669006	0.1495127024	-0.0686555996	-0.0442090376	0.0504492471	0.0522709986	-0.0050122564	0.0398814572	0.0413802837	0.0978909645	0.1147806919	0.0313484128	0.0156129615	0.0560223917	0.0249407637	-0.0210445865	-0.1476267438	0.0329250091	0.0120811832	0.01645245	0.1003250209	-0.0493609967	-0.0285626134	0.0328312817	0.0009577728	0.0395072252	0.0249005654	-0.0531384863	0.1139464032	-0.180409777	0.0425394416	0.0726466774	-0.0065583551	0.0459817592	0.0787714936	-0.0775403347	-0.0616042778	0.035581827	-0.0155202996	0.0460055824	0.0145604176	0.0570519541	0.0022331986	-0.0002830121	0.0398453393	-0.0726586356	-0.0129613395	0.1585360982	0.0014443231	-0.1245963375	0.1546819729	0.1429895669	-0.1264085429	0.089156634	0.0685202263	-0.0955030384	0.0425073619	0.0251890118	-0.0943085583598559	0.0079741722213243	0.0088941041799143	6.358742261534024e-05	0.1668415589198701	0.0318451780977966	0.0010141153680803	0.0278361057828124	0.134614382690529	-0.0149177964489979	0.0181210320271521	0.0002225406508937	-0.004246841215206	5.029891686700316e-06	1.8035660307172376e-05	2.5299810379936957e-11	0.0010621921894811	-8.899783245429988e-05	7.920614181563634e-09	1.1282522473946531e-06	0.0006187592041599	-1.916876519000204e-07	3.674415589094338e-14	3.828629527325928e-07
603.44708407789	0.5770057713035612	364148.3832821081	0.3329356601176176	626.2100312974718	3.8386940314755975	392139.00329758064	14.735571867286376	581.8525196603322	0.702901098186544	338552.35463507724	0.4940699538318496	574.8090322370882	554.0289541446308	1.032842	18.927706	0.0293618528828613	0.020915179234608	0.1129789404	-0.070378085	0.0691728943	0.0738509499	0.0401564338	-0.0504708526	-0.1310193581	-0.0045584097	0.0387220605	0.1007851664	0.0587706729	0.0104961784	-0.0447877553	0.0689125385	-0.0044307923	0.0259298153	0.0173340391	0.1382622117	0.1448089495	-0.0462668988	0.0059999374	-0.0538222934	0.0434936302	-0.0323589131	-0.0134309394	0.1266932714	0.0299438942	-0.1112656506	-0.0308505523	-0.0732024344	0.0517243206	0.0372463428	-0.0138218019	0.0745233847	-0.0854989775	0.0287254272	-0.0704487928	0.0411982352	-0.068232582	-0.0859073354	-0.0402710234	0.1695072473	-0.0485616176	-0.0117011305	0.1130359995	0.0177104576	0.105161638	0.0718852989	0.1790396302	-0.0381784448	0.051897006	-0.0484974634	0.0582117385	-0.0795623808	0.0031346665	-0.0199094261	0.0437505459	0.0270029917	-0.0456431269	-0.0014299468	-0.1215113505	0.0060920656	-0.004568278	-0.1025781282	-0.1228612017	-0.1643172771	0.0655821626	-0.0920519447	0.0351941867	-0.0274451854	-0.0400369882	-0.022635474	-0.0315524644	0.0882186552	0.0909038377	0.0953097676	0.063334555	0.0324515732	-0.1057061408	0.056111763	0.0776952032	-0.0803394628	-0.0181557474	-0.0887112797	0.064017944	0.0671623369	0.1089973069	-0.0579984588	0.091461416	-0.0414521243	-0.0191346707	-0.0413746644	0.136353306	0.1577467521	-0.1230593913	0.0561131153	0.0651441143	-0.0968413356	0.0469659021	0.0180634961	-0.0972646438243742	-0.0029560854645183	0.0094604109382823	8.738441273536432e-06	0.1475141345100752	-0.0193274244097949	0.0003735493343163	0.0217604198802565	0.1344886277013159	-0.0001257549892131	0.0180871909809831	1.581431731198841e-08	-0.00414985504026	9.698617494599982e-05	1.7221296855171328e-05	9.406318130656085e-09	0.001104221705934	4.202951645289983e-05	1.7664802532645772e-09	1.2193055758557929e-06	0.0006187952731477	3.606898779998091e-08	1.300971880915172e-15	3.829075900699366e-07
603.6969784607014	0.2498943828113624	364450.0418025806	0.0624472025606717	624.8147284078319	-1.3953028896398791	390393.4448353528	1.9468701538373967	581.3510415498022	-0.5014781105300017	337969.0335110398	0.2514802953407405	574.873085004312	552.6925245096252	1.116792	20.46616	0.1351439917326478	0.0844037733022915	0.1148372088	0.0327019287	-0.0378058918	0.0885954729	3.97555e-05	-0.0400853307	-0.0930770368	0.0404713424	-0.0370997355	-0.1094677303	-0.0246111146	-0.0511538065	-0.1531153095	-0.0480114639	-0.0750717184	-0.0216099959	0.1052635191	0.0058826901	-0.0253165116	0.0242396118	-0.1223860874	-0.1029217105	0.0209073387	-0.1749156191	-0.0438331509	0.000275064	-0.057902016	-0.0678410131	-0.1241849236	0.0667723248	0.1542690216	0.0994653471	-0.0437043308	-0.0343380816	0.080371825	0.1360404701	0.0284607353	0.023160219	0.0009418959	0.0516700232	0.0300279408	0.0135636532	0.0428639038	0.0373747146	0.0751860044	-0.244006168	-0.0380190715	0.1308982619	-0.0597603334	0.0664326935	0.0645997864	0.0595558412	0.1135935098	0.1340494971	0.0230045078	0.0071755321	-0.0564387245	-0.0408485919	-0.0324414146	0.0773576702	-0.122176551	-0.0354140845	0.0795341671	0.0006878588	-0.0405447415	-0.0753362967	0.0752592428	0.0047697856	-0.0365383258	0.028775924	0.0613848369	-0.0065540968	-0.1846800746	0.0383995366	-0.160967943	0.0651446826	0.017050695	0.0533074403	-0.0874120514	0.1187342162	0.0464206634	-0.0448046939	-0.0659137839	0.0908826531	-0.0962207249	0.0069862439	0.0319145426	-0.0144760552	0.0580404054	0.081821982	-0.0177955892	0.0181579481	0.1577651234	0.0505910225	-0.0230520418	-0.0821174692	-0.0251823923	-0.098137155	0.0513420481	0.010866692	-0.1035081537307434	-0.0062435099063691	0.0107139378887472	3.8981415950930287e-05	0.2186826484545321	0.0711685139444569	0.0050649573770623	0.0478221007350884	0.1673236217308726	0.0328349940295567	0.0279971943891361	0.001078136832921	-0.0045499117241828	-0.0004000566839227	2.0701696697856098e-05	1.6004535035130686e-07	0.0011058798801941	1.6581742601001412e-06	2.7495418768586505e-12	1.222970309418117e-06	0.0007150198920101	9.622461886240004e-05	9.25917727521415e-09	5.112534459701351e-07
602.5161932495016	-1.1807852111998045	363025.7631278708	1.3942537149881669	623.9598502443548	-0.8548781634771103	389325.8947169577	0.730816674389997	581.2208393385765	-0.1302022112256509	337817.6640814394	0.016952615808049	573.4220917048277	547.0127111181057	1.093622	20.041536	0.1694079542088908	0.1016274438247044	0.0656884248	-0.072716502	0.0067975533	0.1276509841	-0.0162456246	-0.0379286734	-0.0579672464	-0.1138531756	0.0411800991	0.0629790823	0.0115398847	0.0094959936	-0.0767683812	-0.0325259073	-0.0095017196	0.1145582426	-0.0302134558	0.0889852441	0.115543709	-0.0701232983	-0.0074251859	-0.1261680382	-0.0708466693	0.0863199174	-0.0921149294	0.0474171642	-0.0203076197	0.0169942253	-0.0370076806	0.0493638367	0.0353085919	-0.121089475	-0.1379464855	0.1142576951	-0.0330359191	0.0765020465	0.0470542011	0.1868955391	-0.0430802235	-0.0031233905	-0.0410993455	-0.0558685871	-0.0234045251	0.1266401695	0.0632105988	0.0237868903	-0.1157579935	-0.0052100558	0.1104098571	0.0077178288	0.1309089479	-0.0861331309	-0.0634277414	-0.0353813032	-0.0338440619	0.0670098951	0.0254456279	-0.0630861444	-0.0166354715	0.1852348404	0.0274664533	0.0136464878	0.1925980305	-0.0067675595	-0.0168384981	-0.0057579065	0.073730984	-0.2354872272	-0.0017172858	-0.0631346656	-0.0191065219	0.105773382	-0.1031988405	0.071920767	0.0883102281	0.0365868686	0.1173173344	-0.0861827814	-0.0722050273	-0.0357221838	0.0198611874	-0.0153302958	0.0821361073	-0.05992287	0.0175614747	0.1173964485	0.1497182612	-0.0628795555	0.0613928346	0.0565459237	0.0348288244	-0.0268869633	0.1218897374	0.0593694429	-0.1428716143	0.0097065513	0.0771035685	-0.0993899282	0.0556281227	0.003627002	-0.1091074625933714	-0.0055993088626279	0.0119044383935639	3.13522597391044e-05	0.1418662491931854	-0.0768163992613467	0.0059007591954786	0.0201260326601429	0.1210580258249365	-0.0462655959059361	0.0146550456166309	0.0021405053645313	-0.0038408507931528	0.0007090609310299	1.4752134815262497e-05	5.0276740391313e-07	0.0010973174022368	-8.562477957299976e-06	7.331602876924795e-11	1.2041054812517193e-06	0.0006181102974178	-9.690959459230004e-05	9.391469524043949e-09	3.820603397739211e-07
603.3570733245903	0.8408800750886485	364039.757930815	0.7070793006810911	623.437843590452	-0.5220066539028494	388674.7448207128	0.2724909467188492	582.1608889905964	0.9400496520198658	338911.3006703215	0.8836933482626708	574.2823746380983	546.5237440818813	1.138029	20.855331	0.2598799540241098	0.170957082431646	0.0432312815	-0.0184042661	0.0132507621	0.0835142816	0.0814057431	-0.0814100239	-0.0145992483	0.0769554936	-0.0642038042	0.0267175636	0.0625298478	-0.1230022756	-0.0806678061	-0.0935022347	-0.0395083617	-0.1330966616	0.0812883697	0.0694776001	0.0305171863	0.0472751745	-0.0410262052	-0.0365446493	-0.023690003	-0.1155447739	0.0646046484	0.0056859717	-0.1108485748	0.0378359109	-0.1288416462	0.0150068742	-0.0338188658	-0.0296678831	-0.0194431563	-0.0323741444	0.0900350312	-0.0280145834	-0.0288505176	-0.0272147647	0.0535844946	0.1408779811	-0.0561705013	-0.091467307	0.0085573389	-0.1261228635	-0.0448897218	0.1994734858	-0.0844354714	0.0456318255	-0.0140782522	-0.0499657833	0.0332833163	0.043962962	0.1692230597	0.1324017518	0.045933947	-0.0373444616	-0.1492919582	-0.0050986793	-0.0188434491	-0.0161946115	0.007269764	0.0004531474	0.0590893395	0.0100787889	0.0874944092	0.0322518702	0.009788345	0.0078716981	0.0336831619	0.0003646097	-0.1302324283	0.0839595186	0.0310981739	-0.0407660875	-0.1137400907	0.1786826442	0.1171031478	0.0669841154	0.0119638647	0.0956369247	0.0204988181	0.0074224701	-0.0149636484	0.1122934187	-0.1667485744	-0.0198653404	0.0343297792	-0.100907239	0.0570899869	0.0161106067	-0.0202352216	0.0357795542	0.0080018211	0.0069706118	0.0288705086	-0.0689612085	0.0838671674	-0.1005991057	0.0598166067	-0.003627002	-0.1324378702074966	-0.0233304076141251	0.0175397894650977	0.0005443079194412	0.2946815348281291	0.1528152856349436	0.0233525115236894	0.0868372069686618	0.1940764708158724	0.0730184449909359	0.0376656765243441	0.0053316933088943	-0.0037648115575152	7.603923563760011e-05	1.4173806063600027e-05	5.7819653563504755e-09	0.0009593414614583	-0.0001379759407785	1.9037360233712155e-08	9.203360396729468e-07	0.0006178091581518	-3.0113926599995965e-07	9.068485752699445e-14	3.816881558962358e-07
603.028338446558	-0.3287348780322645	363643.1769696165	0.1080666200348878	624.2301872654965	0.792343675044549	389663.32669351686	0.6278084993831018	581.5304703276712	-0.6304186629251944	338177.68791952246	0.3974276905643899	575.2364614892889	547.4198998851581	1.09511	20.068808	0.2648041859146151	0.1680528262729387	0.0505147216	-0.0635107224	-0.1135276838	0.0926316492	-0.0430373332	-0.0378859585	-0.0533522024	-0.1241960673	0.0240571532	-0.0222662325	0.0330539164	0.0304688207	-0.0244750142	-0.0721955582	0.1025507956	0.0723655692	0.0434343698	0.0622204411	0.0300905125	0.0139625568	0.001632012	-0.0946888139	-0.0688883487	-0.0845844555	0.0076277413	0.1301659085	0.0975554427	-0.0295846319	-0.0282719309	-0.2156253489	-0.2494157028	-0.057502891	-0.1472732673	0.0408175185	-0.0024861545	-0.0702281506	0.0116476	-0.1081156558	-0.1257686914	-0.0764654207	-0.0067471305	-0.0836032314	-0.0343977752	-0.0028431041	-0.0162345953	-0.0258553085	-0.0864327207	0.0711545391	0.0188818143	0.0515331755	0.1047282535	-0.0872485104	0.0379535961	-0.000200256	-0.0901397724	-0.0380973175	0.1729539675	0.0097750349	-0.1777326692	-0.0041559201	-0.0065621727	0.0689367803	0.0148022661	0.014264863	0.078016456	-0.0230112502	-0.0188790959	-0.1247237011	0.099752598	0.0155394822	-0.2686745908	-0.1031514652	0.0940962016	0.0646852816	0.0044420304	-0.0447711029	0.1707182676	-0.1053969076	-0.0133573922	-0.0365735667	-0.0202757102	-0.0879753268	0.1884174665	-0.0547338448	-0.098923559	0.0733603447	0.0130634455	-0.1229751994	0.0086289417	0.0537504528	-0.0939172049	-0.0461964963	0.0734797378	0.0312866117	-0.0184720198	-0.0320152161	0.1161859236	-0.1017641571	0.063900152	-0.010866692	-0.1209179042144654	0.0115199659930311	0.0146211395596186	0.0001327096164805	0.1504559019985976	-0.1442256328295315	0.0208010331650788	0.0226369784462116	0.13166571891729	-0.0624107518985823	0.0173358615380068	0.0038951019525464	-0.003039211592467	0.0007255999650482	9.236807103785795e-06	5.264953092779493e-07	0.0009448569018382	-1.448455962009998e-05	2.0980246738823089e-10	8.927545649512819e-07	0.0004249369789507	-0.0001928721792011	3.7199677509781236e-08	1.805714360797477e-07
600.1460577289031	-2.882280717654908	360175.2906075439	8.30754213536529	622.5112405520433	-1.7189467134531924	387520.244613644	2.9547778036915315	578.8711660997675	-2.659304227903704	335091.8269417046	7.071898976546513	571.8391689547786	545.298470129332	1.218779	22.335142	0.1606527077784117	0.0988342765877116	0.0135362487	-0.0993559355	0.0714597804	0.1311669174	0.0709502057	-0.1079093588	0.0093657677	0.0403831647	-0.011393755	0.1141823587	0.1056396567	-0.0190093852	-0.1270536552	0.0187177297	0.0829979278	-0.0110734831	-0.1289290484	0.1954364234	0.0541401939	0.0966003794	-0.0610621746	-0.1957240176	0.0207855744	-0.0186929089	0.0079215899	0.1142921353	0.0305082885	-0.0395056384	0.1111025924	0.1330978039	-0.0516106714	-0.038808892	-0.0713644083	-0.1055821675	-0.0415999273	-0.0340005881	-0.0595516186	0.1798373804	-0.0387635914	0.0845658417	0.0548410571	0.0026896395	0.135978563	-0.0081249118	0.0124100199	0.1819686711	0.0311844524	-0.0725149301	0.1880116673	-0.0778614653	0.0495375605	-0.0633911851	0.1341527541	0.0529360349	-0.1218869547	0.056755571	-0.0629884315	0.0281626234	-0.0034236927	0.0892021906	0.1631391521	0.0175828262	-0.0185673275	-0.0361480246	-0.0380711444	0.0046217609	0.1693731519	0.1197329642	0.0723200511	0.021604857	-0.1304027734	0.1234085187	0.0241915032	-0.0135686834	0.0334350048	0.1604116803	0.0754411082	0.0834698632	0.0082158149	-0.203327676	-0.0186026955	-0.1021396913	-0.1050532715	-0.0214431481	-0.019121449	-0.0748038938	0.0152374444	0.0070942189	0.0682614954	0.0385357563	-0.1676983392	0.1325981591	0.0287985553	-0.1859818634	-0.1045871132	0.0084264318	0.1453877073	-0.1028845713	0.0678715947	-0.0180634961	-0.124420243166412	-0.0035023389519465	0.015480396909589	1.2266378134322398e-05	0.2347072388074877	0.0842513368088901	0.007098287754085	0.055087487948635	0.17163824538639	0.0399725264690999	0.0294596872793186	0.0015978028723228	-0.0034617063879126	-0.0004224947954456	1.19834111161149e-05	1.7850185217861965e-07	0.0011138845564424	0.0001690276546042	2.8570348020996745e-08	1.2407388050808824e-06	0.000357929318031	-6.70076609197e-05	4.4900266219294905e-09	1.2811339670613678e-07
597.8800259660735	-2.2660317628295843	357460.52544919273	5.134899950152553	617.0720380816543	-5.439202470388977	380777.9001822466	29.58492351388556	579.0026189739336	0.1314528741661433	335244.0327786741	0.0172798581265399	571.3710058706778	526.3818833608269	1.25401	22.980789	0.0315571664041012	0.0179170499604765	-0.1382575709	-0.0408967564	-0.1047819565	0.1791687548	-0.024983061	0.0545832452	0.1305037679	-0.0509198646	-0.0082873515	-0.0471664213	-0.0133654065	0.1554916574	-0.1944057771	-0.0153379011	0.0703476919	0.0217265944	-0.0822349832	0.0003135633	-0.070784648	0.038246795	-0.0307606756	-0.1979436207	-0.0883555971	-0.1682763685	-0.0987462038	0.0095626507	-0.0492560638	-0.0024646823	0.000979161	0.1179174782	-0.007111755	-0.1648942603	-0.0222418049	-0.0622722113	0.1048856825	-0.1684454894	-0.0513637238	0.1106352362	0.0700589018	-0.0437520403	-0.010218513	-0.0533804462	-0.144616971	-0.0603482048	-0.126566327	0.0826031691	0.0661833332	-0.088693323	-0.0889148336	0.0808627727	0.0634121468	-0.1427496679	0.083662601	0.0787997927	-0.1025620749	0.0567913885	-0.0591151214	0.0996821161	-0.0603136576	0.1260054199	0.086402138	0.0556215792	0.0468736245	-0.0293238635	-0.0623499149	-0.1813771106	0.1034129761	-0.0782935084	0.0928902379	-0.0987495688	-0.0352095063	-0.1409132124	0.0259152912	-0.0149525024	-0.1274473969	0.0168175286	0.1277928202	-0.0895859104	-0.0129092658	-0.090212857	0.087653732	0.1020185358	-0.0913333831	-0.0989039257	0.0665588684	0.0535014675	0.086519134	-0.0541191018	0.104433065	0.1145234576	-0.098983038	0.0602797305	-0.0554235696	-0.0938089417	0.0302882852	-0.0965391158	0.0207163821	-0.103959857	0.0717239676	-0.0251890118	-0.1234403579858138	0.0009798851805981	0.0152375219796658	9.601749671559454e-07	0.2345315618865981	-0.0001756769208896	3.086238053325088e-08	0.0550050535209671	0.1850813896151635	0.0134431442287734	0.0342551207818799	0.0001807181267556	-0.0032451681312459	0.0002165382566667	1.0531116200054009e-05	4.6888816600253695e-08	0.0010379977533103	-7.588680313210016e-05	5.758806889610126e-09	1.0774393358772302e-06	0.000311185176353	-4.6744141678000046e-05	2.185014781212941e-09	9.683621398184769e-08
599.4701826324906	1.5901566664171014	359364.49986543163	2.5285982237507487	613.0965138931721	-3.975524188482268	375887.3353479605	15.804792573207596	579.5500259598615	0.5474069859278643	335878.23259007616	0.299654408242629	570.1300468268217	520.2505407382197	1.167181	21.38958	0.0283567876857449	0.0165950359056348	-0.1958229891	-0.0215389614	0.0564636207	0.0436184097	0.1328497772	-0.0930694485	0.1798973361	0.0441610651	0.0243062995	-0.0200074831	-0.0056654176	-0.041763175	-0.0164508023	0.0315864305	0.0193505401	-0.1818584154	-0.0699511407	0.043623695	-0.0824812836	0.0942616396	-0.0460232422	0.0770912101	0.146109803	-0.0446265649	0.0026960062	0.045414662	-0.0385734144	0.0119775717	0.0052644436	0.0536558739	-0.0102494066	0.1326152285	-0.0206777861	-0.0266325105	0.1375131036	0.0536341156	0.0103990264	0.0200207208	-0.0999695765	0.0448755115	0.0440518782	0.0308601695	-0.0582912777	-0.0101153213	0.0240242795	0.0802976183	-0.1082634448	-0.1299656448	-0.0504849564	-0.0883988041	-0.0592894352	0.1316023508	0.1001308375	0.026351286	0.0346500942	0.0218133159	0.0244322326	0.0558177971	-0.0214720514	0.0734661643	-0.1005147302	0.04333178	-0.0464730189	0.0075925097	0.0984440016	-0.0113607932	0.1187304817	-0.0928495313	0.06463202	0.0299043301	0.0003145822	0.089341887	-0.0907813885	-0.0531488914	0.0704694563	0.1208938887	0.0608973103	0.025683733	0.0811694046	0.0095908572	0.0152867146	0.1457249221	-0.1294435803	0.0534967224	-0.1032616531	-0.0303763842	0.0761292207	0.1083606511	0.0095636674	0.100228758	0.0115249507	0.0030940321	-0.062661605	0.1397447445	0.0265808635	-0.0637023976	0.1121161627	-0.1049895425	0.0754505123	-0.032215118	-0.1239091715540894	-0.0004688135682755	0.0153534827952207	2.197861617992929e-07	0.2347151511972924	0.0001835893106942	3.3705035001203684e-08	0.0550912022015678	0.1849599176047434	-0.00012147201042	0.0342101711203534	1.4755449315499138e-08	-0.0034346226869043	-0.0001894545556583	1.1796633001397711e-05	3.5893028659721734e-08	0.0012686955885643	0.000230697835254	5.322149119088175e-08	1.6095884964425154e-06	0.0001796793113383	-0.0001315058650146	1.729379253326449e-08	3.2284654923005744e-08
603.9950098374557	4.5248272049650495	364809.97190854815	20.474061234791822	619.6052137229875	6.508699829815441	383910.620872709	42.36317347463955	581.7507813854567	2.200755425595162	338433.9716425894	4.843324443286542	573.576015913928	536.0634962967231	1.396025	25.583332	0.0498183852657191	0.030460529139141	-0.0372576748	-0.0215055519	-0.196926971	-0.1198611589	0.0104036638	0.1216534977	0.0327664749	-0.1223454452	0.0692067796	-0.1295813952	0.033476027	-0.0361286529	0.2109797544	0.0117238501	0.1977958266	-0.1855243773	-0.0578062071	-0.146957216	0.1497747804	-0.1448823993	0.0549373941	-0.012406342	0.0437126804	-0.1180600153	-0.0421791948	-0.069850352	-0.0523453236	0.0397865986	0.1787041227	0.0083273005	0.0789394627	0.0727933377	-0.0075594091	0.0087875319	-0.1373574681	0.0055165972	-0.0556699381	-0.1448427502	0.0449031503	-0.0500815322	0.0245005095	0.0782258931	-0.0059062972	-0.0580264319	-0.0412178731	-0.0955650593	-0.1559132086	-0.0166852208	-0.0293294175	0.1672050841	0.0234903714	-0.0194638626	0.0838361392	-0.120738193	0.1570882952	0.1361246504	-0.002798883	0.1062511937	0.0786078866	-0.0744165194	0.0882270182	0.1852790087	-0.0906797826	0.0094368639	0.1611464929	-0.0416355121	-0.0532828368	-0.0167657866	0.0335324362	-0.0186972974	0.0609864522	0.1153176677	0.0396412625	0.0188911343	-0.1638380696	-0.0026712961	0.0673658855	0.0494595628	-0.0707823047	0.025849298	-0.136202436	0.061935267	-0.0221451432	-0.0677411332	0.0652802821	-0.0012993212	0.2036699302	0.0904121427	-0.1299718266	0.0008343261	-0.1079212223	-0.0474090048	0.0032543962	0.1900392119	0.1016703135	0.0089089959	-0.0803852161	-0.105973176	0.0790446912	-0.0391140859	-0.1208391416382852	0.0030700299158041	0.0146020981518775	9.425083683932732e-06	0.2349797178621742	0.0002645666648818	6.999552016668403e-08	0.0552154678065869	0.2072911578759715	0.022331240271228	0.0429696241335609	0.0004986842920513	-0.0038081159879878	-0.0003734933010835	1.45017473779683e-05	1.3949724595425004e-07	0.0011591659921199	-0.0001095295964443	1.1996732497273092e-08	1.3436657972873124e-06	0.0001797073820865	2.807074820000309e-08	7.879669045079765e-16	3.22947431763833e-08
606.1146493223806	2.11963948492496	367374.9681231924	4.49287154605295	630.7926492523728	11.187435529385311	397899.36635082704	125.1587137241528	585.2341555204466	3.4833741349899583	342499.0167877303	12.13389536431704	579.1071907767544	560.4080643735241	1.388802	25.45096	0.0809199098169131	0.0447738044656819	0.17231118	0.1571228569	0.0205825229	-0.1331477171	-0.0034930889	0.0729218701	-0.1747379636	0.0072422223	-0.1307896522	0.0614262051	0.0695612215	-0.026853201	0.1421064307	-0.0322785725	0.020348651	-0.0295057591	0.1885450604	0.0232220705	0.2194267127	-0.1059356999	0.0743985729	0.0399563516	0.1001471036	0.0334711545	0.0920759176	0.0526444095	-0.0782724971	0.1306072148	0.0184488837	0.0981034417	0.0315469105	0.0663821879	-0.0338726207	0.0158926761	0.0820126234	0.1039515307	-0.0808378335	0.1379235824	-0.0080642205	0.0288242793	-0.1064583596	0.0692832136	-0.0945340238	0.0497187104	-0.0283669143	-0.1431224707	-0.0226964316	0.2216459004	0.0624549692	-0.0610348252	-0.0045025343	-0.0437776869	0.0184148411	-0.1348176387	0.1452086719	-0.0599710879	-0.0448980771	0.0078155294	0.0267454019	-0.0235305456	0.078123369	-0.0937676197	0.0069013153	0.1890624989	0.0225924746	0.0862098934	0.1421912384	-0.184681567	-0.0803406648	-0.0942614706	0.0478043369	0.0107746918	-0.0479117796	0.0351836394	0.0658145523	0.0983116795	0.1444282231	0.0146285751	-0.1046260805	0.0961145204	-0.1847117899	0.0919581039	0.066907016	0.0725158932	-0.001463468	0.080629332	-0.0156965836	-0.0110351972	-0.0100316429	-0.1742754035	-0.0546203264	0.052306057	0.1426122015	0.0010230016	-0.0608093258	-0.0419409004	-0.0528963509	-0.1069103263	0.0825001988	-0.0458586883	-0.1237207680518537	-0.0028816264135684	0.0153068284473405	8.303770787375639e-06	0.2097037663395724	-0.0252759515226017	0.0006388737253729	0.0439756696170019	0.1849382085016486	-0.0223529493743228	0.0342021409637992	0.000499654345731	-0.0033191517548973	0.0004889642330905	1.1016768372037824e-05	2.3908602124178097e-07	0.0011130834672505	-4.608252486940014e-05	2.123599098338882e-09	1.2389548050663949e-06	0.000252848274255	7.314089216850001e-05	5.349590107204147e-09	6.39322497937317e-08
600.7833906773773	-5.331258645003345	360940.68251380615	28.4223187399229	626.3822582311798	-4.41039102119305	392354.7334267924	19.451548959820272	580.9947681078401	-4.239387412606561	337554.92056868284	17.972405634166954	574.9999912491551	550.529656979818	1.236386	22.65782	0.0845127349042388	0.0482922894396233	0.0833106932	0.1884864936	-0.0543558945	-0.0242676711	-0.0290839648	0.044585047	-0.100093931	0.0587366056	-0.178300428	-0.0366683778	0.005540646	0.0508026257	-0.1467175555	-0.0353597115	-0.1231527879	-0.0405010975	0.1541823796	0.1003327274	-0.0935909967	0.0441029435	-0.036877803	-0.1632632943	-0.0471624242	-0.053152651	0.1716744679	-0.0905210781	0.0389594877	0.1667624269	0.2181652208	0.0658037102	0.0538083953	0.0643318369	0.0012899571	-0.0011539779	0.156379219	0.0547331075	-0.1368947367	0.0284044774	0.0360288486	0.0477958051	0.0567609487	-0.0090057227	0.1196487758	0.030992276	-0.0045915473	0.0436822661	-0.1273278718	0.1387053239	-0.064310583	-0.0659522779	0.0763206112	-0.0755646139	0.1085515043	0.1143914625	-0.0724496786	-0.0442157487	-0.0917677186	-0.0129813898	0.0640278143	-0.0167756641	0.0890910856	-0.1392973901	-0.1765043818	0.2151308341	-0.1035968806	-0.0066641641	0.1572207445	-0.0202068774	-0.1733067564	0.1356057687	0.0826080099	0.0369599229	0.1100291311	0.0040052483	-0.0934437348	0.0405935943	0.1074531746	0.0982308856	-0.122448047	0.0198045701	-0.0300216644	0.0465489409	-0.0474633943	-0.029407706	-0.0109582496	-0.1011154965	-0.1566336007	0.0739606537	0.0197557476	-0.084855513	-0.2151640615	-0.0089133841	0.0560718023	-0.1093024163	-0.1404114919	-0.0021285236	-0.078273895	-0.1078005821	0.085810973	-0.0524223074	-0.1212656322546195	0.0024551357972341	0.0147053535661126	6.027691782860774e-06	0.2475510818371304	0.0378473154975579	0.0014324192903716	0.0612815381187336	0.2042359523877053	0.0192977438860567	0.041712324247713	0.0003724029190918	-0.003570125054794	-0.0002509732998967	1.2745792906867862e-05	6.2987597261039e-08	0.0008790273622523	-0.0002340561049981	5.478226028692842e-08	7.726891035882362e-07	0.0002660696638279	1.3221389572899982e-05	1.7480514223838838e-10	7.079306600949172e-08
599.2202099935292	-1.5631806838480315	359064.8600646893	2.4435338503556	620.9476180494877	-5.434640181692089	385575.94436133245	29.53531390446222	580.1220011101068	-0.8727669977332653	336541.53617199475	0.7617222323323375	572.5321996035399	528.8976855164095	1.264587	23.174625	0.1129875632013235	0.0767188266836753	-0.105404648	0.0953187676	-0.0218629688	0.0519715286	-0.0610471667	0.0732786493	0.0458155277	-0.0263318333	-0.1117667979	0.0437142189	-0.0559009923	0.0588301531	0.0097795656	-0.0590686313	-0.0044114389	0.0554792696	0.0369051568	0.1106743401	-0.1211548256	0.0200391011	0.0706667807	0.0160521454	-0.1138235734	0.0211529875	-0.0048670547	-0.0218084705	0.0533424373	-0.0403357631	0.0009014536	0.0186169629	-0.0052808148	0.1420089653	0.0130358746	-0.1018597654	0.1210711704	0.0371392231	-0.0208442104	0.0629361283	-0.0535432535	-0.0568855972	0.221367741	-0.0333965898	-0.0887997725	-0.1720800665	0.0698415021	-0.0670046981	-0.0738130179	-0.0261977673	-0.12419714	-0.0723448669	0.0241227331	-0.0654582072	-0.0281316287	0.092181737	-0.024788105	-0.0698592507	0.0705569451	0.0352637348	-0.0926862718	-0.0483398265	-0.0067442935	-0.0119860157	0.0231812732	0.1283726914	-0.1246759836	0.0014202974	0.0469085539	-0.0692324767	-0.0012011844	0.0175396359	0.1005993444	0.1457266045	0.0917532205	0.0387991034	-0.0081869979	-0.0160555063	0.1986011633	-0.0486049352	-0.1198743394	0.1020427431	-0.1070343375	0.0525077317	-0.0248870205	-0.0367546231	0.0028170876	0.1204436503	-0.1125989884	0.0416354842	-0.0339954967	0.0742425583	0.0269641259	-0.0009859476	0.0341301276	0.0480104515	0.0166402138	0.0577102321	-0.07777693	-0.108643553	0.0889712056	-0.0587790397	-0.1210673499719376	0.0001982822826818	0.0146573032292276	3.93158636255448e-08	0.1817356337131173	-0.0658154481240131	0.0043316732117646	0.0330278405611083	0.2154874753239539	0.0112515229362485	0.0464348520214916	0.0001265967683849	-0.0030046522445128	0.0005654728102811	9.027935110455808e-06	3.197594991673178e-07	0.0010020642819827	0.0001230369197304	1.513808361674489e-08	1.004132825225504e-06	0.0002920061309839	2.5936467155999977e-05	6.727003285342654e-10	8.526758053218657e-08
600.1069764637689	0.8867664702396496	360128.3832004865	0.7863547727412874	619.2168112860786	-1.7308067634090776	383429.4593792991	2.9956920522626067	578.9296205286569	-1.1923805814499246	335159.50552545465	1.4217714510188604	570.224958093078	527.1650186089526	1.1753	21.538363	0.1123545910355624	0.0615025197398003	-0.0999490285	-0.0928589851	0.0407461866	-0.0605377791	-0.0667165949	-0.1556549511	0.0602234601	-0.0742158673	0.0810853567	0.1111109963	0.0155494663	-0.0780708748	-0.0055248807	-0.0032350557	0.0159859073	-0.0236078946	-0.1951866796	0.0708540336	0.0257716901	0.0153390769	-0.0510272148	-0.0102978756	0.0272444405	0.0678463088	-0.0416984306	-0.1126350559	0.0776369395	0.1072143589	-0.0196067882	-0.0951263134	-0.0478724049	-0.0287940387	-0.0047660787	-0.0071582864	0.1003578797	-0.1508997921	-0.0977116776	-0.1020801763	0.1684446937	-0.0134929106	0.0240142651	0.0596140723	-0.0348155724	-0.0494287151	0.0169884084	-0.1065107747	0.1256346787	-0.1795717261	0.0931614311	-0.0290748174	0.0651800158	0.0609826764	0.0047584946	-0.0059596088	-0.0291038905	-0.0410082523	-0.0163444733	-0.0114981375	0.0360565501	-0.0170556782	-0.0314925359	0.1243192722	0.0049071855	0.0768294889	0.0801289996	-0.1739328756	-0.0798573464	-0.0135730036	-0.1108209319	-0.008027994	0.0567344398	-0.0657135154	0.1423840668	-0.0347688864	0.0492270592	0.0442971542	0.0569445121	0.0868825398	-0.0092314822	-0.0019439555	-0.0540221997	-0.1790384535	-0.0060271657	0.0411912127	0.0687880332	0.1511746812	-0.0381638022	-0.0128947941	-0.133189847	0.0666011652	0.0750439515	-0.0636635445	-0.0863708038	0.0272493809	0.0975097109	-0.0253563788	0.0465629413	-0.1094388693	0.0919753525	-0.0649037979	-0.1147694402066576	0.00629790976528	0.0131720244053495	3.966366741160931e-05	0.2286378903768451	0.0469022566637278	0.0021998216801501	0.0522752849159742	0.1850521435627143	-0.0304353317612396	0.0342442958371554	0.0009263094194167	-0.0031738391892045	-0.0001691869446916	1.0073255198930278e-05	2.8624222254112303e-08	0.0010890347322363	8.697045025360004e-05	7.563859217313921e-09	1.1859966480169897e-06	0.0006102305929449	0.000318224461961	1.0126680819036796e-07	3.7238137656588425e-07
600.3217784924615	0.2148020286925884	360386.237732352	0.0461399115304516	619.1793901766949	-0.037421109383672	383383.11721958383	0.0014003394275047	579.2581346078579	0.3285140792009997	335539.9865093752	0.1079215002332807	570.4654738814743	535.5546661871692	1.090472	19.983824	0.1185788965328001	0.0980138550523501	-0.047916808	-0.1027154981	-0.0066996296	-0.0094124147	0.0598179643	0.0676833269	0.0623486014	0.0007738557	0.0298911494	0.0022951758	0.0440975183	-0.0116855528	0.0245985029	0.0705032312	0.0383926882	-0.1433191442	-0.1652272179	0.0017203388	-0.0177976454	-0.0161087375	0.1055108822	-0.0567048654	0.0117610829	-0.0090563172	-0.1524199986	-0.0040135051	-0.1648697959	-0.0268663627	-0.036303639	0.1455233356	-0.0415580188	0.0953546282	-0.0993486574	-0.0598359332	-0.015012313	-0.1123923209	0.1151314743	0.0478612408	0.1141116001	0.044330851	-0.1968947049	-0.0552024659	-0.0532817308	-0.0993757994	-0.0589778022	-0.1121466011	0.1708432546	-0.1572547716	0.011024467	0.0637283469	0.0109563446	-0.0823888674	0.0708518696	-0.014806423	0.0525507912	0.1506045078	-0.1198939381	-0.0381812502	0.0032667143	0.0486304789	0.0949985567	0.1493410441	0.0381960065	0.1131634171	-0.0933560002	0.0975560765	-0.078762001	0.1083726969	0.0680671374	0.0354003548	-0.0864785386	0.0474123148	-0.1270036075	-0.0967212207	-0.1196258902	0.0992108905	0.0035112459	-0.0532670157	-0.0210096812	-0.1187482143	-0.1222670262	-0.0126441436	-0.0064602302	-0.0072441616	0.125460955	0.0159139858	0.1563282436	-0.0510483017	-0.002942835	0.0822681353	0.0290689709	0.0594652183	-0.0108866888	-0.2343864235	0.101684332	-0.0586051437	-0.1379443872	-0.1101861821	0.0948181434	-0.0707724105	-0.1131885058888571	0.0015809343178005	0.0128116378653518	2.499353317199333e-06	0.3230150711413984	0.0943771807645532	0.0089070522490651	0.1043387361844826	0.1852836057996256	0.0002314622369113	0.034330014578111	5.35747671159882e-08	-0.0034523642709693	-0.0002785250817647	1.1918819059465384e-05	7.75762211720884e-08	0.0010117912917619	-7.724344047440007e-05	5.966549096322187e-09	1.0237216180852142e-06	0.0007022484549764	9.20178620315e-05	8.467286932848172e-09	4.931528925167409e-07
599.3058240850127	-1.0159544074488167	359167.4707822161	1.0321633580146763	616.0353039300929	-3.1440862466020008	379499.495688242	9.885278326071855	578.2458555854021	-1.0122790224558005	334368.26950169366	1.0247088193040703	569.9206711451212	531.1980677041585	0.945447	17.326118	0.1089231306563438	0.064613882390043	-0.0972881142	-0.0712628105	0.0123115326	0.003617341	0.0581309242	-0.0450434223	0.1308546726	0.0123812339	0.0253513056	0.0386957982	0.0200037714	0.001699028	-0.0230287058	0.0534863915	0.0609258649	-0.0651537568	-0.1516557131	0.0083650949	-0.1056538415	0.0463086104	-0.0091084176	-0.0674040279	0.1130395313	-0.0477876644	-0.0725042322	0.0673905532	-0.0426183139	0.0661115425	0.1081961766	0.1363005199	-0.0324440687	-0.0486681716	0.0481301034	0.0907044215	0.0324066237	0.0167364392	-0.019208392	-0.0738238404	0.0255594527	-0.0245109217	0.1160480191	0.1959719271	-0.1109562457	0.0347587862	-0.1381340511	-0.0917674504	0.0390354351	-0.1519276597	-0.0331540874	-0.005093763	-0.0593655449	0.0029366989	0.0706593453	-0.0361807854	-0.0360130268	0.0317949868	-0.0444019524	0.0913141694	-0.0153519868	0.1413145554	0.0417670147	0.1039798145	-0.0041603942	-0.0120373539	-0.061482503	0.0314474539	0.0630429237	-0.0438894388	-0.0805653248	0.1297695124	0.0761042549	-0.047294983	-0.037239301	-0.0729482275	-0.0034171058	0.0898942093	0.0066770185	-0.1246691884	0.0663672828	0.000835892	0.0487741983	0.0109178683	-0.0724409071	0.0032562453	0.0916909141	0.0278003883	0.0275082768	-0.0313559078	0.0476814259	0.0561242527	-0.0689098607	0.011922888	-0.0722674368	-0.0780966595	0.1605501731	-0.1120840062	-0.0344508615	-0.1108851636	0.097494591	-0.0763617167	-0.1209354984505921	-0.007746992561735	0.0146253947854931	6.001589375157742e-05	0.2680200081835409	-0.0549950629578575	0.0030244569497387	0.0718347247867053	0.1654442130526092	-0.0198393927470164	0.0273717876325971	0.0003936015045703	-0.003112834910953	0.0003395293600162	9.689741182847773e-06	1.1528018631307801e-07	0.0011010625908272	8.927129906530001e-05	7.969364836806234e-09	1.212338828919106e-06	0.0006042154662633	-9.803298871310008e-05	9.610466876022805e-09	3.6507632967177697e-07
601.0959087230515	1.7900846380388202	361316.291483591	3.204403011342574	615.7269755134805	-0.3083284166124258	379119.7083749782	0.0950664124907256	581.0293897424604	2.783534157058284	337595.1517444959	7.748062403510172	572.3397414154476	533.239602375356	1.041455	19.085531	0.0567272060412415	0.0318183589850212	-0.076592129	0.1087949534	0.0258464569	-0.1057693282	0.1011750711	0.0282464686	0.1582476418	0.0359896993	-0.0528613789	-0.0749821199	-0.0224621677	-0.0837692685	0.061268982	0.1102608563	-0.0457697099	0.0291209133	0.0281446658	-0.0051998586	-0.0953697683	-0.0498494941	0.133788262	0.0494952111	0.0081425207	-0.0361443196	-0.0791278701	0.0406127998	-0.1660213454	-0.1220580215	0.0569267718	-0.0478195674	-0.0196775261	0.1712292037	0.0543256243	-0.1194932702	-0.0081404747	-0.0651495743	0.0568652862	-0.062127967	0.0435671445	-0.0596442391	0.0445171863	-0.0694876011	0.0891109659	0.0832305723	-0.1138347594	0.0276464067	0.0880851079	-0.0384301521	-0.154990193	-0.0771501149	-0.0795336692	-0.0122895553	0.0048209944	-0.0540955947	0.1240558031	0.096387341	-0.0926726225	0.065565819	-0.1151995297	-0.0357232788	-0.1128025822	-0.0281542653	0.0642833127	-0.0602051246	0.0967847053	-0.0706077415	-0.0219105073	0.0980248608	-0.0156949051	0.0413259884	0.0041490434	0.0327478677	-0.0899334371	-0.0484780445	-0.0526751044	0.0347617302	-0.017129641	0.0067175893	-0.0971888897	0.0541821568	0.0966173943	0.1409653988	0.0306066494	0.0900100316	0.0673070484	-0.1281211784	0.0391817625	0.0455725856	0.0349062081	-0.0495156097	0.0989899269	-0.0672664574	-0.0216003543	-0.0430372788	0.1122389151	0.0051017072	-0.0022169894	-0.1115355072	0.1	-0.0816496581	-0.1206271054136891	0.0003083930369029	0.0145508985604852	9.510626521025425e-08	0.2679966492514722	-2.3358932068673344e-05	5.45639707388896e-10	0.0718222040100166	0.1851446677231791	0.0197004546705699	0.0342785479863264	0.0003881079142271	-0.0032058250093203	-9.29900983672998e-05	1.0277313990383502e-05	8.647158394360094e-09	0.0007271049158548	-0.0003739576749724	1.3984434267076318e-07	5.286815586602157e-07	0.0008711676809576	0.0002669522146943	7.126348493019168e-08	7.589331283450428e-07
601.7453874340105	0.6494787109589879	362097.5112981074	0.4218225959889485	620.7083889699122	4.98141345643171	385278.9041376239	24.81448002391892	581.5103907771895	0.4810010347291609	338154.3345818397	0.2313619954105234	574.0338656637404	535.8715777966756	1.119751	20.52037	0.2179267607518858	0.1202242887313445	-0.0162694314	0.0174726973	-0.0119990682	-0.2220879924	-0.1419549462	0.0262556307	-0.006427504	-0.0958567559	0.0349678746	-0.0088035856	-0.1432115126	-0.042298441	0.1335491179	-0.1390521539	0.0534365735	0.0432728419	-0.0230082446	-0.0713713723	0.0091979358	-0.1176816275	-0.0785580597	0.1496182188	-0.1104068636	0.1234744144	-0.0090893407	0.0662107361	0.1149309937	-0.0080997554	0.0613195807	0.0039772318	0.0592216785	0.1233244365	-0.0012796515	-0.0113344409	0.0177892603	0.0316811088	0.0590546188	-0.0579282389	0.095412978	0.1623850196	0.005173057	0.2211262285	0.0368151033	0.0334994354	-0.0268701077	0.132396185	0.0978504394	0.0123191059	-0.0159539647	0.0485602503	0.0772962888	0.1183028741	-0.174393977	-0.007013448	0.0991663173	-0.0811053489	0.1091626442	0.0219706636	0.0317006909	-0.0038406802	0.0479790086	0.0581997691	0.0017465821	-0.0454280046	-0.0631570806	-0.0738073877	-0.0166831098	0.0966876983	-0.0760433665	-0.0391616756	0.0393431311	0.1697425587	0.0194483184	0.0122479021	0.094502543	-0.1520472192	-0.0449680862	-0.0092918949	-0.0281306753	0.0431098193	0.0092483626	0.0246712847	0.0248799104	0.0476191553	0.0494774595	0.0809131914	-0.0581868887	-0.0679172833	-0.1607393946	0.0415667345	0.0381467949	-0.0361443684	-0.0641083214	-0.0092014656	0.0630300836	0.0158900558	-0.0631768093	-0.1121369276	0.102329975	-0.0866153656	-0.10885881123707	0.011768294176619	0.011850240783948	0.0001384927478274	0.1743543081304466	-0.0936423411210256	0.0087688880506265	0.0303994247636467	0.142919545798108	-0.0422251219250711	0.0204259965711374	0.0017829609215871	-0.0024167568273452	0.000789068181975	5.8407135625196375e-06	6.226285958054893e-07	0.0009858812224143	0.0002587763065594	6.69651768365763e-08	9.719617847091144e-07	0.0005131920989088	-0.0003579755820488	1.2814651734317718e-07	2.633661303824196e-07
601.5667789986859	-0.1786084353245769	361882.5895948538	0.0319009731690935	625.928832293951	5.220443324038797	391786.90309686906	27.253028499501244	580.9493235296742	-0.5610672475153251	337502.11650958605	0.3147964562344231	573.5643447063587	540.9570175014666	1.147373	21.026583	0.2145298248277909	0.1412934735282011	-0.0185610261	-0.0972360614	0.0979911149	-0.1504467137	0.0260931463	0.01081518	-0.0401107584	-0.0218760859	0.0677671599	0.1767589063	0.0592577804	-0.0318552977	0.0020590959	0.0500751664	-0.0017566044	0.060993075	-0.1412258788	0.0784341509	0.1290952721	-0.0618848882	0.0506810838	0.0358604998	0.0933011824	0.0801502809	0.1894134431	-0.0292249981	0.0479699686	0.0074267673	0.0009334279	-0.172337126	0.072686097	-0.2414943356	0.1536759588	0.0657126537	0.0083950141	0.0769810263	-0.0433802965	-0.185387316	0.1154539132	0.044065319	0.0420270702	-0.0410465271	0.1054092144	-0.0130883293	-0.058123017	0.0884784241	-0.0872784312	-0.0897711498	0.1843482133	-0.0386674369	0.0439760941	-0.0165559891	0.0567678648	-0.0834739863	0.0343306021	-0.0815953931	0.0031139465	-0.0328708525	0.0315568655	-0.1382301613	0.0920697398	-0.0063005111	-0.0077934569	-0.0552405833	0.0204308416	-0.0240793003	-0.1657542573	0.0005662289	-0.1408555566	-0.150576513	0.1392973888	0.0188321493	0.1011532091	-0.0977775088	0.0653248189	0.1095967058	-0.0537000241	0.0773840385	-0.0338058155	-0.0996922613	-0.0783152335	-0.0983489809	-0.0001947772	-0.0034162136	0.0208379847	0.084445919	0.0163740597	0.0484019341	-0.0383177574	-0.0108246924	0.0949943524	-0.0577488572	-0.0948959056	-0.1378141631	0.0070040392	0.0350829506	-0.0854696061	-0.112689161	0.1044804285	-0.0912392418	-0.1163757258254634	-0.0075169145883934	0.0135433095614034	5.650400492920157e-05	0.3017998412095011	0.1274455330790544	0.0162423639018043	0.09108314415408	0.1741285396879561	0.0312089938898481	0.0303207483338601	0.0009740012996165	-0.0030452221501721	-0.0006284653228268	9.273377943898789e-06	3.949686619959192e-07	0.0007280970346608	-0.0002577841877535	6.645268745573174e-08	5.301252918818502e-07	0.0005941102537383	8.091815482950005e-05	6.547747781010942e-09	3.5296699359698725e-07
601.5660362745398	-0.0007427241461073	361881.6959990609	5.516391572108488e-07	621.2193317971035	-4.709500496847568	385913.4581984397	22.179394929807486	581.8791849320613	0.9298614023871324	338583.3858572	0.8646422276493644	573.6170355655529	537.7641959304289	1.231751	22.572868	0.0490067516728491	0.0248240494473071	-0.0296755111	-0.031920557	-0.0739623691	-0.051286991	0.0677486253	0.1833206374	0.0261495914	-0.0011461275	0.0488767541	-0.1152186093	0.0452937759	0.07347555	0.0109037502	-0.0034992497	-0.0667185701	-0.0133655649	0.0068267834	-0.1272295848	-0.0549776312	0.0051565323	0.1574198683	-0.0774564998	0.010468831	-0.0029492708	-0.0926953139	-0.1346784852	-0.0075364082	0.0754258958	-0.1170203013	0.0074322547	0.0210880497	0.0287646232	-0.0074988221	-0.0173625028	0.0475926099	0.087291688	0.0018988494	-0.0355216716	0.033149086	-0.0951306677	-0.0508008566	-0.0173529478	0.0535366297	0.036241335	0.0101028416	0.1219690474	-0.070223125	-0.0067448732	-0.0928432643	0.1047604406	-0.0696667915	-0.091559555	-0.0247153695	0.0318019222	-0.0389611579	0.0023980605	-0.05577131	-0.1792250147	-0.026408358	-0.0916651341	-0.0339428402	-0.0076232122	0.0830806298	0.0206124114	0.0326160699	0.1043566556	0.0202071551	0.0382122704	-0.0134856493	-0.041381849	-0.017430775	0.0315801155	0.0142926522	-0.0495730748	-0.1710506956	-0.0409023379	-0.0280856587	-0.1070740448	0.0413671108	0.0119591344	-0.0894179112	-0.1010897482	-0.0118624848	0.0971864632	0.007472552	-0.0664240831	0.006988679	0.0984402483	0.0414396949	0.0958248362	0.0277754287	-0.1121286337	0.0085403067	-0.0690027475	0.0124464288	0.0573090295	-0.1021642837	-0.1131919653	0.1064475877	-0.0955030384	-0.1090806767191736	0.0072950491062898	0.0118985940335128	5.321774146317973e-05	0.2810662166953648	-0.0207336245141362	0.0004298831854931	0.0789982181674457	0.1816447304281041	0.007516190740148	0.0329948080922986	5.649312324228661e-05	-0.0031487679296116	-0.0001035457794395	9.914739474550522e-06	1.0721728439733662e-08	0.0008875771366683	0.0001594801020075	2.5433902936322618e-08	7.877931735362981e-07	0.0005878983889398	-6.211864798500062e-06	3.8587264274844216e-11	3.456245157180123e-07
601.694356612812	0.1283203382722604	362036.0987797058	0.0164661092143073	623.6137022051895	2.394370408086047	388894.0495780628	5.733009651118143	582.5521213541455	0.6729364220841489	339366.974094215	0.4528434281674158	575.0362751130705	541.2205072995339	1.188739	21.784637	0.0848265876430197	0.0725454456260327	-0.0038870356	0.1746907177	0.0385785889	0.038930831	0.0891730932	-0.0189180474	-0.0060895556	0.0679734962	-0.1379896541	-0.0198421246	0.0863453514	-0.0217228036	0.0698236657	0.0757701059	-0.0492161672	0.0699399107	0.1328074242	0.0412668793	-0.0253931088	-0.0027500235	0.1098361731	0.0783877515	0.0568401724	0.160316903	0.0284071426	-0.0509600028	0.021261352	0.029406677	-0.0018512496	0.087613596	-0.0456458098	-0.0989300813	-0.0680313847	0.0246982667	-0.0715048345	-0.0490808582	0.1994094279	-0.0784114207	0.0840562671	0.0699069469	0.0860418584	0.0171161437	-0.0801779836	0.0464968319	0.1832276467	0.0453357768	0.0306228808	0.0771249326	-0.0492502035	-0.152462254	-0.1040113412	-0.0219130819	-0.0123874687	-0.0754329523	-0.0071079312	0.0230802451	-0.0104832451	-0.0224353321	0.1330841306	0.0227669883	-0.0445071229	-0.0327475527	0.0409910218	0.0672663401	-0.0233388951	-0.1045173984	0.0139532979	0.0260958577	0.0173938777	-0.0282007379	-0.0360092678	0.0755288158	0.0153710046	-0.0144678806	0.1048543416	0.0372227618	0.0121763511	-0.0556011254	-0.0550620934	0.165697806	0.0170045566	0.0629175129	0.005023496	0.0547740556	0.0761310483	-0.0498411722	-0.0224873969	0.1224437543	0.0240357786	-0.0179675005	0.0223154979	-0.0299772901	-0.0454320149	-0.0149873881	-0.0299296127	-0.0155760724	0.0060515049	-0.1136451198	0.1082280018	-0.0993899282	-0.1086816184801051	0.0003990582390684	0.0118116941954551	1.5924747816844805e-07	0.2101147049548331	-0.0709515117405317	0.0050341170182668	0.0441481892382565	0.1817770740617987	0.0001323436336945	0.0330429046544686	1.7514837379484117e-08	-0.003103677342034	4.509058757760009e-05	9.632813043455236e-06	2.0331610880932235e-09	0.0008488738579937	-3.8703278674600064e-05	1.497943780163752e-09	7.205868267851083e-07	0.0004048187745975	-0.0001830796143422	3.3518145187725284e-08	1.6387824026662154e-07
600.5490651225649	-1.145291490247132	360659.17961958674	1.311692597632497	619.1143638655457	-4.499338339643828	383302.5955446393	20.244045494588875	581.8508998781209	-0.701221476024557	338550.4696889791	0.4917115584380583	573.5777124740459	530.1404713201034	1.056545	19.362066	0.0602427272789962	0.0309309341695624	-0.0556937482	0.0156489517	0.0573726345	-0.0095764335	-0.1727765	-0.0333204641	0.0326531072	-0.056233299	0.0325624762	0.0054234189	-0.1137666032	-0.0059642928	0.0063079029	-0.1417689165	-0.0473718492	-0.0053003229	-0.0328259467	-0.0573507669	-0.0277289253	-0.1184500909	-0.0321366263	0.0774995648	-0.028192105	0.0597304232	0.0309305268	0.0895662075	-0.1270333886	0.1378736155	0.0531118515	-0.1541199983	0.0550301352	-0.018732512	0.1431582635	-0.0290743012	-0.0132486509	0.1396670117	0.1225039728	0.0156125844	-0.124514209	-0.1523824024	0.0369687756	-0.0105569642	0.032033005	0.0416048204	0.0176972261	-0.085366771	0.070114421	-0.0344556127	-0.023732306	-0.0067205032	0.0622337071	0.0358963538	-0.1132171167	-0.0062257129	0.0772639946	-0.1207854083	-0.053699316	0.0315511625	-0.0317153804	-0.0450917668	0.0998706588	-0.0865222993	-0.0446088798	-0.1270642041	0.0209952624	0.0827436342	-0.0837535657	-0.0949941508	0.0375300233	0.1007811285	0.039654949	0.1329581439	-0.1442467531	-0.0271187419	-0.0096972033	-0.0836879562	-0.0516919999	0.1216782899	-0.0848543132	-0.0529614812	-0.0269450204	0.0853737803	-0.0454573385	0.0143058928	0.1330734662	0.0037831054	-0.0588399782	-0.1043798209	-0.0031634105	-0.0205541519	0.0719849752	-0.0424638701	-0.0226075452	0.0146434616	0.0149996006	0.0315685399	0.0689313985	-0.1140484259	0.1098185471	-0.1028845713	-0.1023931058655449	0.0062885126145602	0.0104843481287926	3.9545390903482816e-05	0.2314486826460609	0.0213339776912278	0.0004551386041298	0.053568492698597	0.1986925887065069	0.0169155146447082	0.0394787448068931	0.0002861346356953	-0.0032962155443987	-0.0001925382023647	1.0865036915135618e-05	3.7070959369830174e-08	0.000913241613788	6.436775579430004e-05	4.143207985994647e-09	8.340102451541105e-07	0.0004620072630085	5.718848841100002e-05	3.2705232067350842e-09	2.134507110726053e-07
601.7619172628347	1.2128521402697745	362117.4050678427	1.471010314156972	621.9050344054461	2.790670539900475	386765.8718188392	7.787842062268409	581.38856358939	-0.4623362887309667	338012.66187253414	0.2137548438775238	573.4973017595432	535.2891982081807	1.058149	19.391462	0.0899969161077309	0.0460951045985412	-0.0484976976	-0.0511732566	-0.0476873055	0.0245662183	0.0988443587	0.1346606136	0.0355829096	0.0803785145	0.145434203	-0.0605870304	0.0294348197	0.0403330557	0.0183171462	0.0309983785	-0.0568502589	0.1356242653	-0.0181162857	-0.1403311761	-0.0379970806	0.0814169697	0.0756775548	-0.0073209775	0.0193926757	0.0360497759	0.024924227	-0.0650677325	0.1172376123	-0.00944127	0.0119044515	-0.0129769444	0.0054860873	-0.0409081673	-0.0386665329	-0.0722198498	0.0143766755	0.1078501158	0.0239818238	0.0893019698	-0.0693207304	-0.0019094096	-0.1249878135	-0.0982546606	-0.0389238495	0.0471029472	0.1469229946	0.0559881221	-0.0480062185	-0.0361544124	-0.0209275254	0.113035279	-0.1808515107	-0.0099284925	-0.027187269	-0.0482022678	-0.0563465204	-0.0401665186	0.0852111331	-0.0754309608	0.0212984283	-0.0851077351	-0.0110432526	-0.0112889706	-0.0157892156	0.0641198246	-0.0536461613	0.0131368618	0.0738322412	-0.0359622051	0.0948502868	-0.1012441514	0.017421181	0.0037673232	-0.007095918	-0.0242136137	-0.0017792014	-0.049778182	-0.0540749855	-0.1201474357	0.0565955261	0.0331397363	-0.0566902629	-0.0852023443	-0.0841634207	0.0068808113	0.0378926579	-0.1153502289	0.0218534337	0.1126653774	0.0250240475	-0.0706749172	0.0138127692	-0.0228354384	0.0265966491	0.1058424452	-0.0491564375	0.0527682688	-0.0788718112	-0.1144017065	0.1112164334	-0.105973176	-0.0982189803652175	0.0041741255003273	0.0096469681039829	1.7423323692483396e-05	0.2109509358023444	-0.0204977468437164	0.000420157625669	0.0445002973158848	0.1692681152132849	-0.029424473493222	0.0286516948278578	0.0008657996403533	-0.0028171916714709	0.0004790238729278	7.936568913805002e-06	2.294638708347493e-07	0.0007282739299472	-0.0001849676838408	3.421304406543016e-08	5.303829170407391e-07	0.0005160271116492	5.4019848640700016e-05	2.918144047164139e-09	2.66283979957016e-07
601.8423116243532	0.0803943615185289	362214.16806134506	0.0064632533639719	622.2049140260931	0.2998796206469478	387138.9550382179	0.0899277868793573	580.813719149358	-0.5748444400319386	337344.5763521093	0.330446130235633	574.1195675355417	540.7065927941644	1.078474	19.763948	0.0206139902777201	0.010436508505452	0.0201532564	0.1096200082	0.0260958522	0.0125274022	-0.0541212792	-0.0998500658	-0.0296865956	0.0232187593	-0.0860601697	-0.0459149278	0.0031019737	-0.0860279012	0.1128765006	-0.0657762301	0.0436657318	-0.0432703169	0.0929293461	0.063947277	-0.1165928708	0.0211131407	-0.0343946334	0.1743211419	0.0320649896	-0.0080609291	0.0047532265	-0.0633323885	0.0154712267	-0.0814649244	-0.0377503326	-0.1571587728	-0.0482053457	0.0304736317	0.0678710757	0.0594196021	-0.0590821366	-0.0586591215	-0.0723046796	0.1592190796	-0.2001555665	0.0997383801	0.0563237417	-0.0733117781	0.0956469963	-0.1071298311	-0.0662398611	0.0241423709	0.1021659541	0.0703765681	-0.0628439341	-0.1205329001	0.0017758356	0.130283371	-0.0310281635	0.0242144695	-0.0116303752	-0.0519845623	0.088286203	-0.0520491577	-0.001951226	-0.1067705482	0.005956615	0.0911226114	-0.027790558	-0.0376609305	-0.1150216415	0.0389641228	-0.1646347282	0.1344651802	0.0283083909	0.0417870463	-0.0873882905	-0.0481104705	0.0041297479	-0.0321014643	0.0531930553	-0.104049179	-0.0966079007	0.071290553	-0.0004737273	0.0884075649	-0.0358454796	-0.0879442911	0.0987171046	-0.0499826547	-0.1646665478	0.010580684	-0.0992877319	0.0439330954	-0.025435272	0.0320973719	0.0407475952	-0.018140674	-0.0827136276	0.0083741989	-0.0116642782	0.0238691994	-0.0188620928	-0.1147048067	0.1124192083	-0.108643553	-0.0982154295356991	3.5508295184033534e-06	0.0096462705988818	1.2608390268764592e-11	0.2142245255674026	0.0032735897650582	1.0716389949893833e-05	0.0458921473545787	0.1635525080521063	-0.0057156071611785	0.0267494228901342	3.266816522091589e-05	-0.0028071799115304	1.0011759940499724e-05	7.880259055699825e-06	1.0023533710619506e-10	0.0005881607233104	-0.0001401132066368	1.963171067404661e-08	3.459330364450129e-07	0.0005983269955112	8.229988386199995e-05	6.7732708836986805e-09	3.579951935574595e-07
601.6304378044247	-0.2118738199285417	361959.1836927437	0.0448905155711121	623.3607080916912	1.1557940655981156	388578.5723925746	1.335859922071821	580.8754533015717	0.0617341522137167	337416.29224830645	0.0038111055495463	573.5255288636243	541.9967526803651	1.085346	19.889875	0.0426499724839925	0.0208004954695393	0.0241477877	-0.1118284395	-0.083305833	0.0133877372	-0.0348716292	0.0251364368	-0.0430708426	-0.0320074622	0.1227962419	0.0011723856	0.0931040625	0.033770918	0.0240466845	0.0238864389	0.0822445699	-0.0134879138	-0.0706076082	-0.0559600299	0.0151666716	-0.0058522575	0.002555868	-0.0616299046	-0.0670252546	-0.1262704033	0.0902820389	0.0460148999	0.0975195181	-0.1123779789	-0.0135856155	-0.052071559	0.0017511093	0.0439903249	0.1112929229	0.051882932	-0.0885368059	0.0188203135	0.096273407	0.112953375	0.1167822201	-0.0183665303	0.0052104813	-0.0049666808	0.1357020988	-0.1068793837	-0.0237932581	-0.0345120546	-0.0021494263	-0.0177457308	0.0525392308	0.1022454136	0.0010785485	-0.0285023138	0.0790051495	-0.0200981108	0.0232782512	-0.0400742096	0.1074048689	0.045941106	-0.0416783039	-0.025717994	-0.063418739	-0.0354041548	-0.0155343385	-0.0895075799	-0.0763601314	-0.0309674255	-0.0841745468	0.1442285172	-0.0010047063	0.1638078257	0.1024875489	-0.1615571462	0.0665123	-0.0359264986	-0.025566403	-0.0629153004	-0.0487400588	-0.0833205612	-0.0277126581	-0.0364302322	0.1445615671	-0.0891330931	-0.0424320658	-0.1024951358	-0.0157457925	-0.0491680594	-0.0225729115	-0.1208627179	0.0233407725	-0.0616795968	-0.0278214614	-0.0949440355	-0.0048856691	-0.0566708063	0.0169496378	0.0208848463	-0.113825172	-0.1149575937	0.1134247617	-0.1108851636	-0.1036134570660323	-0.0053980275303331	0.0107357484851745	2.913870121823508e-05	0.2300229028988667	0.0157983773314641	0.0002495887263073	0.0529105358580214	0.1627614851474561	-0.0007910229046502	0.0264913010474055	6.257172356812681e-07	-0.0026352431617323	0.0001719367497981	6.944506521456849e-06	2.9562245931134457e-08	0.0008182275318546	0.0002300668085442	5.29307363937136e-08	6.694962938848704e-07	0.0005870796595026	-1.1247336008599997e-05	1.2650256729035003e-10	3.446625266016888e-07
602.602145833417	0.9717080289923388	363129.3461630388	0.9442164936081758	625.4372924447757	2.076584353084513	391171.8067806519	4.312202575475426	581.6636162501402	0.7881629485684698	338332.56246919034	0.6212008334961444	574.8590552365339	548.013337626799	1.019304	18.679611	0.0682088733339721	0.029746455594842	0.0604494925	0.10081921	0.048885609	0.0664582998	0.014242382	-0.0348180677	-0.0603067394	0.0639102909	-0.0687973305	0.0164716047	0.0761983947	-0.034435422	0.0559847168	0.0103118216	0.0129595952	-0.0438245507	0.0911115569	0.0505631555	-0.0651891241	0.0614227219	0.011119968	0.1025962273	-0.0214624768	-0.0400064801	0.0353037809	0.0712215424	0.0053457632	-0.0549374326	0.0113750225	0.0253325748	0.001361297	-0.0424657853	0.0876697161	0.0948586119	-0.0675202692	-0.0411213997	0.0389446838	0.0767549181	0.0504935972	0.0823613587	-0.2344544987	-0.0317282069	0.027364458	-0.0178070983	0.0706088991	0.1197495847	0.0246643427	0.0914120437	-0.0342522427	-0.0847646667	-0.0593254933	0.0232451565	0.0081691372	0.0283018082	-0.0094772658	-0.0276316452	0.0769569398	-0.0079973972	0.0277647992	-0.0123280845	-0.1261231841	0.0985446276	-0.05596014	-0.054954252	-0.0434543867	-0.0030731804	0.0292668783	0.1017818334	0.0563892038	-0.0368163752	-0.032690977	-0.0225845367	0.0158021591	-0.0394009502	0.0571398379	-0.0583942871	-0.0938668099	-0.0187362101	0.0225163433	0.1121242299	0.0383993927	-0.0359178041	0.0441672105	-0.0137772256	-0.1347618661	0.039961626	0.007066518	0.0746666725	0.0613955493	0.0387600823	0.006608974	0.1670343865	-0.0735636084	0.0944742614	0.0037360663	0.0176549101	0.0049286826	-0.1151599564	0.1142313295	-0.112689161	-0.1203138417444762	-0.0167003846784438	0.0144754205153148	0.000278902848408	0.2174596014238687	-0.012563301474998	0.0001578365439516	0.0472886782514278	0.1661714388184663	0.0034099536710102	0.0276129470789992	1.1627784038436028e-05	-0.002913747855252	-0.0002785046935196	8.489926563985628e-06	7.756486431250189e-08	0.0006038290987346	-0.00021439843312	4.596668812431112e-08	3.646095804786393e-07	0.0008048812030533	0.0002178015435507	4.743751237306748e-08	6.478337510285275e-07
601.5862227111107	-1.015923122306276	361905.9833558221	1.032099790436533	624.1470805385657	-1.290211906210061	389559.5781448148	1.6646467629261992	581.0945919823708	-0.5690242677693504	337670.9248311581	0.3237886173104454	573.8420022858513	541.7211209157222	1.101523	20.186331	0.0549204003733296	0.0278103687603635	0.0382946679	-0.1212154272	-0.0604729651	-0.0076956561	-0.1871527552	-0.0921230708	-0.0568137184	-0.0944230889	0.0784992124	0.022153057	-0.0525730958	-0.0349947402	-0.0806069918	-0.174318091	-0.0140483354	0.0142606707	-0.089270082	-0.1072685358	0.0219976399	-0.040964782	-0.159706452	0.0516534915	-0.077166137	-0.0168208276	0.1729740921	0.0692348127	0.1250258926	0.0707330117	-0.118637555	0.0215198286	0.1502194456	-0.0443143707	-0.0681155974	0.0440079328	-0.1611435739	0.0396026049	-0.0704539538	0.0087475399	-0.0223549415	-0.1211761727	0.0023584656	0.0568851259	0.0169752628	-0.0444744847	0.1060263142	-0.0257324624	0.1394136238	-0.0403363665	0.0257001765	0.1203463856	0.1386031076	0.087511045	-0.0336494795	0.0711168005	0.0282918863	-0.1016891337	0.0234199344	-0.0168404724	0.0974507191	0.0480150992	0.0886477242	-0.1451315681	-0.1168268868	-0.1007683434	-0.1184595476	0.102891977	-0.0582247422	-0.0865107508	0.0419708963	-0.0998135762	-0.0019507703	-0.0949132165	0.0082320609	-0.0572725861	-0.0087106675	-0.1288777177	-0.1478338204	0.0732434362	-0.0063841511	-0.1303213634	0.025838345	-0.0058025559	-0.0615203942	-0.0321446269	-0.1371835023	0.0687976042	-0.0720431581	-0.1576547399	-0.0173588702	-0.0606160172	-0.0643372103	0.00560992	-0.0534213765	0.0257212803	0.0030259479	0.148887946	0.0200370189	-0.1153118061	0.1148374968	-0.1140484259	-0.1204234534846904	-0.0001096117402142	0.0145018081491793	1.2014733592786353e-08	0.2362269295683319	0.0187673281444632	0.0003522126056819	0.0558031622532816	0.1643586631431191	-0.0018127756753472	0.0270137701501932	3.286155649130538e-06	-0.002547674030201	0.0003660738250509	6.490642964160606e-06	1.3401004538747008e-07	0.0006523198192498	4.849072051520001e-05	2.3513499760832395e-09	4.2552114658609173e-07	0.0005348320523534	-0.0002700491506999	7.29265437937373e-08	2.8604532422455e-07
600.6663147528983	-0.919907958212434	360800.0216788279	0.8462306515825694	622.7426163968984	-1.4044641416672905	387808.3662768545	1.9725195252292385	580.696330615808	-0.3982613665627923	337208.22839066386	0.1586121160964628	573.5112186802758	536.3642972662994	1.073311	19.669331	0.083598190402904	0.0407550280246734	-0.0399079939	-0.0141171787	0.0024825973	0.1100458447	0.0319221096	0.0865223223	0.0356865495	0.0229317803	-0.0127458104	0.0061908128	0.0750769067	0.1209888386	-0.0826232057	0.0132736102	0.0497403534	0.0668601364	0.0028052248	-0.0601423964	-0.0829151136	0.0242425099	0.010189409	-0.0923776918	0.0251615703	0.1000028035	0.0780258191	0.0309829118	-0.1025680212	-0.0398733835	-0.0216591009	0.0657110919	0.0171023528	-0.070978888	-0.0153423512	-0.0890311549	-0.0812587218	-0.0377158754	0.1335129552	-0.0156246755	-0.0781742816	0.0283999186	-0.0644043477	0.0238560528	0.0013839027	0.0260387005	-0.0698918076	-0.0175322599	0.0276593334	-0.0211500338	-0.0340535118	0.0238295886	-0.0644398058	-0.0814004796	-0.0116125141	-0.0679853772	-0.1042688242	-0.0814375368	-0.0220394282	0.0194557335	0.1224375892	0.1111090685	0.048296881	-0.026809648	0.0326176	0.0365910892	0.0168901844	0.0301222149	0.004711525	0.0936457718	0.0621236579	-0.0244312913	0.0574691239	-0.0374721045	-0.1005003757	-0.0949278562	0.0530638148	-0.0365980091	-0.0928647213	-0.150999844	0.1561053003	0.011596223	-0.0003635059	0.019931636	0.0441491303	-0.0709404277	-0.000898093	-0.0090736086	-0.0825219803	-0.0014254338	0.0598066747	-0.0982480223	-0.0721278133	0.126095901	-0.2030949884	0.0657873668	0.0548347015	0.0187132401	0.1055985383	-0.1154130763	0.1152422001	-0.1149575937	-0.1212752221934891	-0.0008517687087987	0.0147076795180801	7.255099332886098e-07	0.2641680186410156	0.0279410890726836	0.0007807044585676	0.0697847420727199	0.1444328181124774	-0.0199258450306416	0.0208608389479119	0.0003970393001851	-0.0021247576918937	0.0004229163383072	4.514595249261444e-06	1.7885822920725455e-07	0.0008828864706635	0.0002305666514136	5.3160980744126645e-08	7.794885200806512e-07	0.000578938814448	4.410676209460002e-05	1.945406462469645e-09	3.351701508744558e-07
602.2084744315612	1.5421596786628695	362655.04667718825	2.3782564744935657	619.413986250671	-3.328630146227397	383673.6863629464	11.079778650373822	581.6694642308487	0.9731336150406378	338339.36561860255	0.9469890327220604	573.4639048664658	535.4032753628676	1.015496	18.609812	0.066754244277742	0.0427736856164979	-0.0433656089	0.0173552082	0.1793596528	0.0669905825	-0.0121060608	-0.000805066	0.0534542911	0.1549957405	0.0149883613	0.1378578522	-0.0643305566	-0.0426505455	0.0697138659	-0.0276498495	0.0199308956	-0.0731945783	-0.0007072496	0.0197265037	0.018658931	0.0741619282	0.0896830748	0.1245165964	0.0274128828	0.0495837863	-0.0680743438	-0.0761813598	-0.1072628695	0.1382985797	-0.0302269713	-0.1349170319	-0.0821065032	-0.0407956396	0.1083153491	0.0588938803	0.1013203136	-0.0242343682	-0.0639739538	-0.1088721638	-0.0172206561	0.0296962477	0.0429703623	0.0880936555	-0.0808136915	-0.0208276722	0.0235907477	-0.0276996178	-0.0593213623	-0.0375807677	0.073804821	-0.0981903275	-0.1279867404	0.0212615582	-0.0729361741	0.0153954694	0.0850002659	-0.0649606472	-0.0515237816	0.0027396912	-0.002349991	-0.2215001041	-0.0557702743	0.1206132884	0.0155448335	-0.028906854	0.0868940235	0.0922527543	-0.0626544106	-0.0817463788	-0.0104788489	-0.0028496305	0.0347878254	-0.1007802084	0.0721724718	-0.0936038133	0.0991812558	-0.0033280891	-0.1177112165	0.0382269656	0.1034563631	0.0356729835	-0.1028156001	0.0739441011	0.0707508791	-0.1364766987	-0.1018188918	0.029547287	-0.053778448	-0.0335004914	0.0930220747	-0.0401225816	0.0497928794	0.1053054277	-0.0481294501	0.091150068	0.1076389327	0.129682464	0.081625791	-0.1154637225	0.1154447293	-0.1154130763	-0.1242281376298848	-0.0029529154363956	0.0154326301789896	8.719709574503995e-06	0.3047183686650356	0.04055035002402	0.0016443308870705	0.0928532842018805	0.1478157304973137	0.0033829123848362	0.0218494901824544	1.1444096203478752e-05	-0.0021461368070814	-2.137911518769985e-05	4.605903194709546e-06	4.5706656620893817e-10	0.0007025891195695	-0.0001802973510939	3.2507134811513095e-08	4.936314709374452e-07	0.0003832539520799	-0.0001956848623681	3.829256536002224e-08	1.468835917848623e-07
