
Mon Mar  9 23:34:09 CET 2026
cd /out/sourcedata/freesurfer/sub-v1s2x0051467_ses-1
setenv SUBJECTS_DIR /out/sourcedata/freesurfer
/opt/freesurfer/bin/recon-all -autorecon-hemi lh -noparcstats -noparcstats2 -noparcstats3 -nohyporelabel -nobalabels -lh-only -openmp 16 -subjid sub-v1s2x0051467_ses-1 -sd /out/sourcedata/freesurfer

subjid sub-v1s2x0051467_ses-1
setenv SUBJECTS_DIR /out/sourcedata/freesurfer
FREESURFER_HOME /opt/freesurfer
Actual FREESURFER_HOME /opt/freesurfer
build-stamp.txt: freesurfer-linux-ubuntu22_x86_64-7.3.2-20220804-6354275
Linux dna013 5.14.0-427.37.1.el9_4.x86_64 #1 SMP PREEMPT_DYNAMIC Fri Sep 13 12:41:50 EDT 2024 x86_64 x86_64 x86_64 GNU/Linux
cputime      unlimited
filesize     unlimited
datasize     unlimited
stacksize    8192 kbytes
coredumpsize 0 kbytes
memoryuse    67108864 kbytes
vmemoryuse   unlimited
descriptors  1024 
memorylocked unlimited
maxproc      2061970 
maxlocks     unlimited
maxsignal    2061970 
maxmessage   819200 
maxnice      0 
maxrtprio    0 
maxrttime    unlimited

               total        used        free      shared  buff/cache   available
Mem:           503Gi        48Gi       416Gi       7.6Gi        38Gi       444Gi
Swap:             0B          0B          0B

########################################
program versions used
7.3.2 (freesurfer-linux-ubuntu22_x86_64-7.3.2-20220804-6354275)
7.3.2

ProgramName: lta_convert  ProgramArguments: lta_convert -all-info  ProgramVersion: 7.3.2  TimeStamp: 2026/03/09-22:34:09-GMT  BuildTime: Aug  4 2022 06:17:15  BuildStamp: freesurfer-linux-ubuntu22_x86_64-7.3.2-20220804-6354275  User: oesteban  Machine: dna013  Platform: Linux  PlatformVersion: 5.14.0-427.37.1.el9_4.x86_64  CompilerName: GCC  CompilerVersion: 8.4.0
ProgramName: mri_and  ProgramArguments: mri_and -all-info  ProgramVersion: 7.3.2  TimeStamp: 2026/03/09-22:34:09-GMT  BuildTime: Aug  4 2022 06:17:15  BuildStamp: freesurfer-linux-ubuntu22_x86_64-7.3.2-20220804-6354275  User: oesteban  Machine: dna013  Platform: Linux  PlatformVersion: 5.14.0-427.37.1.el9_4.x86_64  CompilerName: GCC  CompilerVersion: 8.4.0
ProgramName: mri_annotation2label  ProgramArguments: mri_annotation2label -all-info  ProgramVersion: 7.3.2  TimeStamp: 2026/03/09-22:34:09-GMT  BuildTime: Aug  4 2022 06:17:15  BuildStamp: freesurfer-linux-ubuntu22_x86_64-7.3.2-20220804-6354275  User: oesteban  Machine: dna013  Platform: Linux  PlatformVersion: 5.14.0-427.37.1.el9_4.x86_64  CompilerName: GCC  CompilerVersion: 8.4.0
ProgramName: mri_aparc2aseg  ProgramArguments: mri_aparc2aseg -all-info  ProgramVersion: 7.3.2  TimeStamp: 2026/03/09-22:34:09-GMT  BuildTime: Aug  4 2022 06:17:15  BuildStamp: freesurfer-linux-ubuntu22_x86_64-7.3.2-20220804-6354275  User: oesteban  Machine: dna013  Platform: Linux  PlatformVersion: 5.14.0-427.37.1.el9_4.x86_64  CompilerName: GCC  CompilerVersion: 8.4.0
ProgramName: mri_surf2volseg  ProgramArguments: mri_surf2volseg -all-info  ProgramVersion: 7.3.2  TimeStamp: 2026/03/09-22:34:09-GMT  BuildTime: Aug  4 2022 06:17:15  BuildStamp: freesurfer-linux-ubuntu22_x86_64-7.3.2-20220804-6354275  User: oesteban  Machine: dna013  Platform: Linux  PlatformVersion: 5.14.0-427.37.1.el9_4.x86_64  CompilerName: GCC  CompilerVersion: 8.4.0
ProgramName: mri_binarize  ProgramArguments: mri_binarize -all-info  ProgramVersion: 7.3.2  TimeStamp: 2026/03/09-22:34:09-GMT  BuildTime: Aug  4 2022 06:17:15  BuildStamp: freesurfer-linux-ubuntu22_x86_64-7.3.2-20220804-6354275  User: oesteban  Machine: dna013  Platform: Linux  PlatformVersion: 5.14.0-427.37.1.el9_4.x86_64  CompilerName: GCC  CompilerVersion: 8.4.0
ProgramName: mri_ca_label  ProgramArguments: mri_ca_label -all-info  ProgramVersion: 7.3.2  TimeStamp: 2026/03/09-22:34:09-GMT  BuildTime: Aug  4 2022 06:17:15  BuildStamp: freesurfer-linux-ubuntu22_x86_64-7.3.2-20220804-6354275  User: oesteban  Machine: dna013  Platform: Linux  PlatformVersion: 5.14.0-427.37.1.el9_4.x86_64  CompilerName: GCC  CompilerVersion: 8.4.0
ProgramName: mri_ca_normalize  ProgramArguments: mri_ca_normalize -all-info  ProgramVersion: 7.3.2  TimeStamp: 2026/03/09-22:34:09-GMT  BuildTime: Aug  4 2022 06:17:15  BuildStamp: freesurfer-linux-ubuntu22_x86_64-7.3.2-20220804-6354275  User: oesteban  Machine: dna013  Platform: Linux  PlatformVersion: 5.14.0-427.37.1.el9_4.x86_64  CompilerName: GCC  CompilerVersion: 8.4.0
ProgramName: mri_ca_register  ProgramArguments: mri_ca_register -all-info  ProgramVersion: 7.3.2  TimeStamp: 2026/03/09-22:34:09-GMT  BuildTime: Aug  4 2022 06:17:15  BuildStamp: freesurfer-linux-ubuntu22_x86_64-7.3.2-20220804-6354275  User: oesteban  Machine: dna013  Platform: Linux  PlatformVersion: 5.14.0-427.37.1.el9_4.x86_64  CompilerName: GCC  CompilerVersion: 8.4.0
ProgramName: mri_cc  ProgramArguments: mri_cc -all-info  ProgramVersion: 7.3.2  TimeStamp: 2026/03/09-22:34:09-GMT  BuildTime: Aug  4 2022 06:17:15  BuildStamp: freesurfer-linux-ubuntu22_x86_64-7.3.2-20220804-6354275  User: oesteban  Machine: dna013  Platform: Linux  PlatformVersion: 5.14.0-427.37.1.el9_4.x86_64  CompilerName: GCC  CompilerVersion: 8.4.0
ProgramName: mri_compute_overlap  ProgramArguments: mri_compute_overlap -all-info  ProgramVersion: 7.3.2  TimeStamp: 2026/03/09-22:34:09-GMT  BuildTime: Aug  4 2022 06:17:15  BuildStamp: freesurfer-linux-ubuntu22_x86_64-7.3.2-20220804-6354275  User: oesteban  Machine: dna013  Platform: Linux  PlatformVersion: 5.14.0-427.37.1.el9_4.x86_64  CompilerName: GCC  CompilerVersion: 8.4.0
ProgramName: mri_compute_seg_overlap  ProgramArguments: mri_compute_seg_overlap -all-info  ProgramVersion: 7.3.2  TimeStamp: 2026/03/09-22:34:09-GMT  BuildTime: Aug  4 2022 06:17:15  BuildStamp: freesurfer-linux-ubuntu22_x86_64-7.3.2-20220804-6354275  User: oesteban  Machine: dna013  Platform: Linux  PlatformVersion: 5.14.0-427.37.1.el9_4.x86_64  CompilerName: GCC  CompilerVersion: 8.4.0
ProgramName: mri_concat  ProgramArguments: mri_concat -all-info  ProgramVersion: 7.3.2  TimeStamp: 2026/03/09-22:34:09-GMT  BuildTime: Aug  4 2022 06:17:15  BuildStamp: freesurfer-linux-ubuntu22_x86_64-7.3.2-20220804-6354275  User: oesteban  Machine: dna013  Platform: Linux  PlatformVersion: 5.14.0-427.37.1.el9_4.x86_64  CompilerName: GCC  CompilerVersion: 8.4.0
ProgramName: mri_concatenate_lta  ProgramArguments: mri_concatenate_lta -all-info  ProgramVersion: 7.3.2  TimeStamp: 2026/03/09-22:34:09-GMT  BuildTime: Aug  4 2022 06:17:15  BuildStamp: freesurfer-linux-ubuntu22_x86_64-7.3.2-20220804-6354275  User: oesteban  Machine: dna013  Platform: Linux  PlatformVersion: 5.14.0-427.37.1.el9_4.x86_64  CompilerName: GCC  CompilerVersion: 8.4.0
mri_convert -all-info 
ProgramName: mri_convert  ProgramArguments: mri_convert -all-info  ProgramVersion: 7.3.2  TimeStamp: 2026/03/09-22:34:09-GMT  BuildTime: Aug  4 2022 06:17:15  BuildStamp: freesurfer-linux-ubuntu22_x86_64-7.3.2-20220804-6354275  User: oesteban  Machine: dna013  Platform: Linux  PlatformVersion: 5.14.0-427.37.1.el9_4.x86_64  CompilerName: GCC  CompilerVersion: 8.4.0
ProgramName: mri_diff  ProgramArguments: mri_diff -all-info  ProgramVersion: 7.3.2  TimeStamp: 2026/03/09-22:34:09-GMT  BuildTime: Aug  4 2022 06:17:15  BuildStamp: freesurfer-linux-ubuntu22_x86_64-7.3.2-20220804-6354275  User: oesteban  Machine: dna013  Platform: Linux  PlatformVersion: 5.14.0-427.37.1.el9_4.x86_64  CompilerName: GCC  CompilerVersion: 8.4.0
ProgramName: mri_edit_wm_with_aseg  ProgramArguments: mri_edit_wm_with_aseg -all-info  ProgramVersion: 7.3.2  TimeStamp: 2026/03/09-22:34:09-GMT  BuildTime: Aug  4 2022 06:17:15  BuildStamp: freesurfer-linux-ubuntu22_x86_64-7.3.2-20220804-6354275  User: oesteban  Machine: dna013  Platform: Linux  PlatformVersion: 5.14.0-427.37.1.el9_4.x86_64  CompilerName: GCC  CompilerVersion: 8.4.0
ProgramName: mri_em_register  ProgramArguments: mri_em_register -all-info  ProgramVersion: 7.3.2  TimeStamp: 2026/03/09-22:34:09-GMT  BuildTime: Aug  4 2022 06:17:15  BuildStamp: freesurfer-linux-ubuntu22_x86_64-7.3.2-20220804-6354275  User: oesteban  Machine: dna013  Platform: Linux  PlatformVersion: 5.14.0-427.37.1.el9_4.x86_64  CompilerName: GCC  CompilerVersion: 8.4.0
ProgramName: mri_fill  ProgramArguments: mri_fill -all-info  ProgramVersion: 7.3.2  TimeStamp: 2026/03/09-22:34:09-GMT  BuildTime: Aug  4 2022 06:17:15  BuildStamp: freesurfer-linux-ubuntu22_x86_64-7.3.2-20220804-6354275  User: oesteban  Machine: dna013  Platform: Linux  PlatformVersion: 5.14.0-427.37.1.el9_4.x86_64  CompilerName: GCC  CompilerVersion: 8.4.0
ProgramName: mri_fuse_segmentations  ProgramArguments: mri_fuse_segmentations -all-info  ProgramVersion: 7.3.2  TimeStamp: 2026/03/09-22:34:09-GMT  BuildTime: Aug  4 2022 06:17:15  BuildStamp: freesurfer-linux-ubuntu22_x86_64-7.3.2-20220804-6354275  User: oesteban  Machine: dna013  Platform: Linux  PlatformVersion: 5.14.0-427.37.1.el9_4.x86_64  CompilerName: GCC  CompilerVersion: 8.4.0
ProgramName: mri_fwhm  ProgramArguments: mri_fwhm -all-info  ProgramVersion: 7.3.2  TimeStamp: 2026/03/09-22:34:09-GMT  BuildTime: Aug  4 2022 06:17:15  BuildStamp: freesurfer-linux-ubuntu22_x86_64-7.3.2-20220804-6354275  User: oesteban  Machine: dna013  Platform: Linux  PlatformVersion: 5.14.0-427.37.1.el9_4.x86_64  CompilerName: GCC  CompilerVersion: 8.4.0
ProgramName: mri_gcut  ProgramArguments: mri_gcut -all-info  ProgramVersion: 7.3.2  TimeStamp: 2026/03/09-22:34:09-GMT  BuildTime: Aug  4 2022 06:17:15  BuildStamp: freesurfer-linux-ubuntu22_x86_64-7.3.2-20220804-6354275  User: oesteban  Machine: dna013  Platform: Linux  PlatformVersion: 5.14.0-427.37.1.el9_4.x86_64  CompilerName: GCC  CompilerVersion: 8.4.0
ProgramName: mri_info  ProgramArguments: mri_info -all-info  ProgramVersion: 7.3.2  TimeStamp: 2026/03/09-22:34:09-GMT  BuildTime: Aug  4 2022 06:17:15  BuildStamp: freesurfer-linux-ubuntu22_x86_64-7.3.2-20220804-6354275  User: oesteban  Machine: dna013  Platform: Linux  PlatformVersion: 5.14.0-427.37.1.el9_4.x86_64  CompilerName: GCC  CompilerVersion: 8.4.0
ProgramName: mri_label2label  ProgramArguments: mri_label2label -all-info  ProgramVersion: 7.3.2  TimeStamp: 2026/03/09-22:34:09-GMT  BuildTime: Aug  4 2022 06:17:15  BuildStamp: freesurfer-linux-ubuntu22_x86_64-7.3.2-20220804-6354275  User: oesteban  Machine: dna013  Platform: Linux  PlatformVersion: 5.14.0-427.37.1.el9_4.x86_64  CompilerName: GCC  CompilerVersion: 8.4.0
ProgramName: mri_label2vol  ProgramArguments: mri_label2vol -all-info  ProgramVersion: 7.3.2  TimeStamp: 2026/03/09-22:34:09-GMT  BuildTime: Aug  4 2022 06:17:15  BuildStamp: freesurfer-linux-ubuntu22_x86_64-7.3.2-20220804-6354275  User: oesteban  Machine: dna013  Platform: Linux  PlatformVersion: 5.14.0-427.37.1.el9_4.x86_64  CompilerName: GCC  CompilerVersion: 8.4.0
ProgramName: mri_log_likelihood  ProgramArguments: mri_log_likelihood -all-info  ProgramVersion: 7.3.2  TimeStamp: 2026/03/09-22:34:09-GMT  BuildTime: Aug  4 2022 06:17:15  BuildStamp: freesurfer-linux-ubuntu22_x86_64-7.3.2-20220804-6354275  User: oesteban  Machine: dna013  Platform: Linux  PlatformVersion: 5.14.0-427.37.1.el9_4.x86_64  CompilerName: GCC  CompilerVersion: 8.4.0
ProgramName: mri_mask  ProgramArguments: mri_mask -all-info  ProgramVersion: 7.3.2  TimeStamp: 2026/03/09-22:34:09-GMT  BuildTime: Aug  4 2022 06:17:15  BuildStamp: freesurfer-linux-ubuntu22_x86_64-7.3.2-20220804-6354275  User: oesteban  Machine: dna013  Platform: Linux  PlatformVersion: 5.14.0-427.37.1.el9_4.x86_64  CompilerName: GCC  CompilerVersion: 8.4.0
ProgramName: mri_matrix_multiply  ProgramArguments: mri_matrix_multiply -all-info  ProgramVersion: 7.3.2  TimeStamp: 2026/03/09-22:34:09-GMT  BuildTime: Aug  4 2022 06:17:15  BuildStamp: freesurfer-linux-ubuntu22_x86_64-7.3.2-20220804-6354275  User: oesteban  Machine: dna013  Platform: Linux  PlatformVersion: 5.14.0-427.37.1.el9_4.x86_64  CompilerName: GCC  CompilerVersion: 8.4.0
ProgramName: mri_normalize  ProgramArguments: mri_normalize -all-info  ProgramVersion: 7.3.2  TimeStamp: 2026/03/09-22:34:09-GMT  BuildTime: Aug  4 2022 06:17:15  BuildStamp: freesurfer-linux-ubuntu22_x86_64-7.3.2-20220804-6354275  User: oesteban  Machine: dna013  Platform: Linux  PlatformVersion: 5.14.0-427.37.1.el9_4.x86_64  CompilerName: GCC  CompilerVersion: 8.4.0
ProgramName: mri_normalize_tp2  ProgramArguments: mri_normalize_tp2 -all-info  ProgramVersion: 7.3.2  TimeStamp: 2026/03/09-22:34:09-GMT  BuildTime: Aug  4 2022 06:17:15  BuildStamp: freesurfer-linux-ubuntu22_x86_64-7.3.2-20220804-6354275  User: oesteban  Machine: dna013  Platform: Linux  PlatformVersion: 5.14.0-427.37.1.el9_4.x86_64  CompilerName: GCC  CompilerVersion: 8.4.0
ProgramName: mri_or  ProgramArguments: mri_or -all-info  ProgramVersion: 7.3.2  TimeStamp: 2026/03/09-22:34:09-GMT  BuildTime: Aug  4 2022 06:17:15  BuildStamp: freesurfer-linux-ubuntu22_x86_64-7.3.2-20220804-6354275  User: oesteban  Machine: dna013  Platform: Linux  PlatformVersion: 5.14.0-427.37.1.el9_4.x86_64  CompilerName: GCC  CompilerVersion: 8.4.0
ProgramName: mri_relabel_hypointensities  ProgramArguments: mri_relabel_hypointensities -all-info  ProgramVersion: 7.3.2  TimeStamp: 2026/03/09-22:34:09-GMT  BuildTime: Aug  4 2022 06:17:15  BuildStamp: freesurfer-linux-ubuntu22_x86_64-7.3.2-20220804-6354275  User: oesteban  Machine: dna013  Platform: Linux  PlatformVersion: 5.14.0-427.37.1.el9_4.x86_64  CompilerName: GCC  CompilerVersion: 8.4.0
ProgramName: mri_relabel_nonwm_hypos  ProgramArguments: mri_relabel_nonwm_hypos -all-info  ProgramVersion: 7.3.2  TimeStamp: 2026/03/09-22:34:09-GMT  BuildTime: Aug  4 2022 06:17:15  BuildStamp: freesurfer-linux-ubuntu22_x86_64-7.3.2-20220804-6354275  User: oesteban  Machine: dna013  Platform: Linux  PlatformVersion: 5.14.0-427.37.1.el9_4.x86_64  CompilerName: GCC  CompilerVersion: 8.4.0
ProgramName: mri_remove_neck  ProgramArguments: mri_remove_neck -all-info  ProgramVersion: 7.3.2  TimeStamp: 2026/03/09-22:34:09-GMT  BuildTime: Aug  4 2022 06:17:15  BuildStamp: freesurfer-linux-ubuntu22_x86_64-7.3.2-20220804-6354275  User: oesteban  Machine: dna013  Platform: Linux  PlatformVersion: 5.14.0-427.37.1.el9_4.x86_64  CompilerName: GCC  CompilerVersion: 8.4.0
7.3.2

ProgramName: mri_robust_register  ProgramArguments: mri_robust_register -all-info  ProgramVersion: 7.3.2  TimeStamp: 2026/03/09-22:34:09-GMT  BuildTime: Aug  4 2022 06:17:15  BuildStamp: freesurfer-linux-ubuntu22_x86_64-7.3.2-20220804-6354275  User: oesteban  Machine: dna013  Platform: Linux  PlatformVersion: 5.14.0-427.37.1.el9_4.x86_64  CompilerName: GCC  CompilerVersion: 8.4.0
7.3.2

ProgramName: mri_robust_template  ProgramArguments: mri_robust_template -all-info  ProgramVersion: 7.3.2  TimeStamp: 2026/03/09-22:34:09-GMT  BuildTime: Aug  4 2022 06:17:15  BuildStamp: freesurfer-linux-ubuntu22_x86_64-7.3.2-20220804-6354275  User: oesteban  Machine: dna013  Platform: Linux  PlatformVersion: 5.14.0-427.37.1.el9_4.x86_64  CompilerName: GCC  CompilerVersion: 8.4.0
ProgramName: mris_anatomical_stats  ProgramArguments: mris_anatomical_stats -all-info  ProgramVersion: 7.3.2  TimeStamp: 2026/03/09-22:34:09-GMT  BuildTime: Aug  4 2022 06:17:15  BuildStamp: freesurfer-linux-ubuntu22_x86_64-7.3.2-20220804-6354275  User: oesteban  Machine: dna013  Platform: Linux  PlatformVersion: 5.14.0-427.37.1.el9_4.x86_64  CompilerName: GCC  CompilerVersion: 8.4.0
ProgramName: mris_ca_label  ProgramArguments: mris_ca_label -all-info  ProgramVersion: 7.3.2  TimeStamp: 2026/03/09-22:34:09-GMT  BuildTime: Aug  4 2022 06:17:15  BuildStamp: freesurfer-linux-ubuntu22_x86_64-7.3.2-20220804-6354275  User: oesteban  Machine: dna013  Platform: Linux  PlatformVersion: 5.14.0-427.37.1.el9_4.x86_64  CompilerName: GCC  CompilerVersion: 8.4.0
ProgramName: mris_calc  ProgramArguments: mris_calc -all-info  ProgramVersion: 7.3.2  TimeStamp: 2026/03/09-22:34:09-GMT  BuildTime: Aug  4 2022 06:17:15  BuildStamp: freesurfer-linux-ubuntu22_x86_64-7.3.2-20220804-6354275  User: oesteban  Machine: dna013  Platform: Linux  PlatformVersion: 5.14.0-427.37.1.el9_4.x86_64  CompilerName: GCC  CompilerVersion: 8.4.0
ProgramName: mris_convert  ProgramArguments: mris_convert -all-info  ProgramVersion: 7.3.2  TimeStamp: 2026/03/09-22:34:09-GMT  BuildTime: Aug  4 2022 06:17:15  BuildStamp: freesurfer-linux-ubuntu22_x86_64-7.3.2-20220804-6354275  User: oesteban  Machine: dna013  Platform: Linux  PlatformVersion: 5.14.0-427.37.1.el9_4.x86_64  CompilerName: GCC  CompilerVersion: 8.4.0
ProgramName: mris_curvature  ProgramArguments: mris_curvature -all-info  ProgramVersion: 7.3.2  TimeStamp: 2026/03/09-22:34:09-GMT  BuildTime: Aug  4 2022 06:17:15  BuildStamp: freesurfer-linux-ubuntu22_x86_64-7.3.2-20220804-6354275  User: oesteban  Machine: dna013  Platform: Linux  PlatformVersion: 5.14.0-427.37.1.el9_4.x86_64  CompilerName: GCC  CompilerVersion: 8.4.0
ProgramName: mris_curvature_stats  ProgramArguments: mris_curvature_stats -all-info  ProgramVersion: 7.3.2  TimeStamp: 2026/03/09-22:34:09-GMT  BuildTime: Aug  4 2022 06:17:15  BuildStamp: freesurfer-linux-ubuntu22_x86_64-7.3.2-20220804-6354275  User: oesteban  Machine: dna013  Platform: Linux  PlatformVersion: 5.14.0-427.37.1.el9_4.x86_64  CompilerName: GCC  CompilerVersion: 8.4.0
ProgramName: mris_diff  ProgramArguments: mris_diff -all-info  ProgramVersion: 7.3.2  TimeStamp: 2026/03/09-22:34:09-GMT  BuildTime: Aug  4 2022 06:17:15  BuildStamp: freesurfer-linux-ubuntu22_x86_64-7.3.2-20220804-6354275  User: oesteban  Machine: dna013  Platform: Linux  PlatformVersion: 5.14.0-427.37.1.el9_4.x86_64  CompilerName: GCC  CompilerVersion: 8.4.0
ProgramName: mris_divide_parcellation  ProgramArguments: mris_divide_parcellation -all-info  ProgramVersion: 7.3.2  TimeStamp: 2026/03/09-22:34:09-GMT  BuildTime: Aug  4 2022 06:17:15  BuildStamp: freesurfer-linux-ubuntu22_x86_64-7.3.2-20220804-6354275  User: oesteban  Machine: dna013  Platform: Linux  PlatformVersion: 5.14.0-427.37.1.el9_4.x86_64  CompilerName: GCC  CompilerVersion: 8.4.0
ProgramName: mri_segment  ProgramArguments: mri_segment -all-info  ProgramVersion: 7.3.2  TimeStamp: 2026/03/09-22:34:09-GMT  BuildTime: Aug  4 2022 06:17:15  BuildStamp: freesurfer-linux-ubuntu22_x86_64-7.3.2-20220804-6354275  User: oesteban  Machine: dna013  Platform: Linux  PlatformVersion: 5.14.0-427.37.1.el9_4.x86_64  CompilerName: GCC  CompilerVersion: 8.4.0
ProgramName: mri_segstats  ProgramArguments: mri_segstats -all-info  ProgramVersion: 7.3.2  TimeStamp: 2026/03/09-22:34:09-GMT  BuildTime: Aug  4 2022 06:17:15  BuildStamp: freesurfer-linux-ubuntu22_x86_64-7.3.2-20220804-6354275  User: oesteban  Machine: dna013  Platform: Linux  PlatformVersion: 5.14.0-427.37.1.el9_4.x86_64  CompilerName: GCC  CompilerVersion: 8.4.0
ProgramName: mris_euler_number  ProgramArguments: mris_euler_number -all-info  ProgramVersion: 7.3.2  TimeStamp: 2026/03/09-22:34:09-GMT  BuildTime: Aug  4 2022 06:17:15  BuildStamp: freesurfer-linux-ubuntu22_x86_64-7.3.2-20220804-6354275  User: oesteban  Machine: dna013  Platform: Linux  PlatformVersion: 5.14.0-427.37.1.el9_4.x86_64  CompilerName: GCC  CompilerVersion: 8.4.0
ProgramName: mris_fix_topology  ProgramArguments: mris_fix_topology -all-info  ProgramVersion: 7.3.2  TimeStamp: 2026/03/09-22:34:09-GMT  BuildTime: Aug  4 2022 06:17:15  BuildStamp: freesurfer-linux-ubuntu22_x86_64-7.3.2-20220804-6354275  User: oesteban  Machine: dna013  Platform: Linux  PlatformVersion: 5.14.0-427.37.1.el9_4.x86_64  CompilerName: GCC  CompilerVersion: 8.4.0
ProgramName: mris_topo_fixer  ProgramArguments: mris_topo_fixer -all-info  ProgramVersion: 7.3.2  TimeStamp: 2026/03/09-22:34:09-GMT  BuildTime: Aug  4 2022 06:17:15  BuildStamp: freesurfer-linux-ubuntu22_x86_64-7.3.2-20220804-6354275  User: oesteban  Machine: dna013  Platform: Linux  PlatformVersion: 5.14.0-427.37.1.el9_4.x86_64  CompilerName: GCC  CompilerVersion: 8.4.0
ProgramName: mris_jacobian  ProgramArguments: mris_jacobian -all-info  ProgramVersion: 7.3.2  TimeStamp: 2026/03/09-22:34:09-GMT  BuildTime: Aug  4 2022 06:17:15  BuildStamp: freesurfer-linux-ubuntu22_x86_64-7.3.2-20220804-6354275  User: oesteban  Machine: dna013  Platform: Linux  PlatformVersion: 5.14.0-427.37.1.el9_4.x86_64  CompilerName: GCC  CompilerVersion: 8.4.0
ProgramName: mris_label2annot  ProgramArguments: mris_label2annot -all-info  ProgramVersion: 7.3.2  TimeStamp: 2026/03/09-22:34:09-GMT  BuildTime: Aug  4 2022 06:17:15  BuildStamp: freesurfer-linux-ubuntu22_x86_64-7.3.2-20220804-6354275  User: oesteban  Machine: dna013  Platform: Linux  PlatformVersion: 5.14.0-427.37.1.el9_4.x86_64  CompilerName: GCC  CompilerVersion: 8.4.0
ProgramName: mris_left_right_register  ProgramArguments: mris_left_right_register -all-info  ProgramVersion: 7.3.2  TimeStamp: 2026/03/09-22:34:09-GMT  BuildTime: Aug  4 2022 06:17:15  BuildStamp: freesurfer-linux-ubuntu22_x86_64-7.3.2-20220804-6354275  User: oesteban  Machine: dna013  Platform: Linux  PlatformVersion: 5.14.0-427.37.1.el9_4.x86_64  CompilerName: GCC  CompilerVersion: 8.4.0
ProgramName: mris_place_surface  ProgramArguments: mris_place_surface -all-info  ProgramVersion: 7.3.2  TimeStamp: 2026/03/09-22:34:09-GMT  BuildTime: Aug  4 2022 06:17:15  BuildStamp: freesurfer-linux-ubuntu22_x86_64-7.3.2-20220804-6354275  User: oesteban  Machine: dna013  Platform: Linux  PlatformVersion: 5.14.0-427.37.1.el9_4.x86_64  CompilerName: GCC  CompilerVersion: 8.4.0
ProgramName: mrisp_paint  ProgramArguments: mrisp_paint -all-info  ProgramVersion: 7.3.2  TimeStamp: 2026/03/09-22:34:09-GMT  BuildTime: Aug  4 2022 06:17:15  BuildStamp: freesurfer-linux-ubuntu22_x86_64-7.3.2-20220804-6354275  User: oesteban  Machine: dna013  Platform: Linux  PlatformVersion: 5.14.0-427.37.1.el9_4.x86_64  CompilerName: GCC  CompilerVersion: 8.4.0
ProgramName: mris_register  ProgramArguments: mris_register -all-info  ProgramVersion: 7.3.2  TimeStamp: 2026/03/09-22:34:10-GMT  BuildTime: Aug  4 2022 06:17:15  BuildStamp: freesurfer-linux-ubuntu22_x86_64-7.3.2-20220804-6354275  User: oesteban  Machine: dna013  Platform: Linux  PlatformVersion: 5.14.0-427.37.1.el9_4.x86_64  CompilerName: GCC  CompilerVersion: 8.4.0
ProgramName: mris_smooth  ProgramArguments: mris_smooth -all-info  ProgramVersion: 7.3.2  TimeStamp: 2026/03/09-22:34:10-GMT  BuildTime: Aug  4 2022 06:17:15  BuildStamp: freesurfer-linux-ubuntu22_x86_64-7.3.2-20220804-6354275  User: oesteban  Machine: dna013  Platform: Linux  PlatformVersion: 5.14.0-427.37.1.el9_4.x86_64  CompilerName: GCC  CompilerVersion: 8.4.0
ProgramName: mris_sphere  ProgramArguments: mris_sphere -all-info  ProgramVersion: 7.3.2  TimeStamp: 2026/03/09-22:34:10-GMT  BuildTime: Aug  4 2022 06:17:15  BuildStamp: freesurfer-linux-ubuntu22_x86_64-7.3.2-20220804-6354275  User: oesteban  Machine: dna013  Platform: Linux  PlatformVersion: 5.14.0-427.37.1.el9_4.x86_64  CompilerName: GCC  CompilerVersion: 8.4.0
ProgramName: mris_surface_stats  ProgramArguments: mris_surface_stats -all-info  ProgramVersion: 7.3.2  TimeStamp: 2026/03/09-22:34:10-GMT  BuildTime: Aug  4 2022 06:17:15  BuildStamp: freesurfer-linux-ubuntu22_x86_64-7.3.2-20220804-6354275  User: oesteban  Machine: dna013  Platform: Linux  PlatformVersion: 5.14.0-427.37.1.el9_4.x86_64  CompilerName: GCC  CompilerVersion: 8.4.0
ProgramName: mri_stats2seg  ProgramArguments: mri_stats2seg -all-info  ProgramVersion: 7.3.2  TimeStamp: 2026/03/09-22:34:10-GMT  BuildTime: Aug  4 2022 06:17:15  BuildStamp: freesurfer-linux-ubuntu22_x86_64-7.3.2-20220804-6354275  User: oesteban  Machine: dna013  Platform: Linux  PlatformVersion: 5.14.0-427.37.1.el9_4.x86_64  CompilerName: GCC  CompilerVersion: 8.4.0
ProgramName: mris_thickness  ProgramArguments: mris_thickness -all-info  ProgramVersion: 7.3.2  TimeStamp: 2026/03/09-22:34:10-GMT  BuildTime: Aug  4 2022 06:17:15  BuildStamp: freesurfer-linux-ubuntu22_x86_64-7.3.2-20220804-6354275  User: oesteban  Machine: dna013  Platform: Linux  PlatformVersion: 5.14.0-427.37.1.el9_4.x86_64  CompilerName: GCC  CompilerVersion: 8.4.0
ProgramName: mris_thickness_diff  ProgramArguments: mris_thickness_diff -all-info  ProgramVersion: 7.3.2  TimeStamp: 2026/03/09-22:34:10-GMT  BuildTime: Aug  4 2022 06:17:15  BuildStamp: freesurfer-linux-ubuntu22_x86_64-7.3.2-20220804-6354275  User: oesteban  Machine: dna013  Platform: Linux  PlatformVersion: 5.14.0-427.37.1.el9_4.x86_64  CompilerName: GCC  CompilerVersion: 8.4.0
ProgramName: mris_topo_fixer  ProgramArguments: mris_topo_fixer -all-info  ProgramVersion: 7.3.2  TimeStamp: 2026/03/09-22:34:10-GMT  BuildTime: Aug  4 2022 06:17:15  BuildStamp: freesurfer-linux-ubuntu22_x86_64-7.3.2-20220804-6354275  User: oesteban  Machine: dna013  Platform: Linux  PlatformVersion: 5.14.0-427.37.1.el9_4.x86_64  CompilerName: GCC  CompilerVersion: 8.4.0
ProgramName: mri_surf2surf  ProgramArguments: mri_surf2surf -all-info  ProgramVersion: 7.3.2  TimeStamp: 2026/03/09-22:34:10-GMT  BuildTime: Aug  4 2022 06:17:15  BuildStamp: freesurfer-linux-ubuntu22_x86_64-7.3.2-20220804-6354275  User: oesteban  Machine: dna013  Platform: Linux  PlatformVersion: 5.14.0-427.37.1.el9_4.x86_64  CompilerName: GCC  CompilerVersion: 8.4.0
ProgramName: mri_surf2vol  ProgramArguments: mri_surf2vol -all-info  ProgramVersion: 7.3.2  TimeStamp: 2026/03/09-22:34:10-GMT  BuildTime: Aug  4 2022 06:17:15  BuildStamp: freesurfer-linux-ubuntu22_x86_64-7.3.2-20220804-6354275  User: oesteban  Machine: dna013  Platform: Linux  PlatformVersion: 5.14.0-427.37.1.el9_4.x86_64  CompilerName: GCC  CompilerVersion: 8.4.0
ProgramName: mri_surfcluster  ProgramArguments: mri_surfcluster -all-info  ProgramVersion: 7.3.2  TimeStamp: 2026/03/09-22:34:10-GMT  BuildTime: Aug  4 2022 06:17:15  BuildStamp: freesurfer-linux-ubuntu22_x86_64-7.3.2-20220804-6354275  User: oesteban  Machine: dna013  Platform: Linux  PlatformVersion: 5.14.0-427.37.1.el9_4.x86_64  CompilerName: GCC  CompilerVersion: 8.4.0
ProgramName: mris_volmask  ProgramArguments: mris_volmask -all-info  ProgramVersion: 7.3.2  TimeStamp: 2026/03/09-22:34:10-GMT  BuildTime: Aug  4 2022 06:17:15  BuildStamp: freesurfer-linux-ubuntu22_x86_64-7.3.2-20220804-6354275  User: oesteban  Machine: dna013  Platform: Linux  PlatformVersion: 5.14.0-427.37.1.el9_4.x86_64  CompilerName: GCC  CompilerVersion: 8.4.0
ProgramName: mri_tessellate  ProgramArguments: mri_tessellate -all-info  ProgramVersion: 7.3.2  TimeStamp: 2026/03/09-22:34:10-GMT  BuildTime: Aug  4 2022 06:17:15  BuildStamp: freesurfer-linux-ubuntu22_x86_64-7.3.2-20220804-6354275  User: oesteban  Machine: dna013  Platform: Linux  PlatformVersion: 5.14.0-427.37.1.el9_4.x86_64  CompilerName: GCC  CompilerVersion: 8.4.0
ProgramName: mri_vol2surf  ProgramArguments: mri_vol2surf -all-info  ProgramVersion: 7.3.2  TimeStamp: 2026/03/09-22:34:10-GMT  BuildTime: Aug  4 2022 06:17:15  BuildStamp: freesurfer-linux-ubuntu22_x86_64-7.3.2-20220804-6354275  User: oesteban  Machine: dna013  Platform: Linux  PlatformVersion: 5.14.0-427.37.1.el9_4.x86_64  CompilerName: GCC  CompilerVersion: 8.4.0
ProgramName: mri_vol2vol  ProgramArguments: mri_vol2vol -all-info  ProgramVersion: 7.3.2  TimeStamp: 2026/03/09-22:34:10-GMT  BuildTime: Aug  4 2022 06:17:15  BuildStamp: freesurfer-linux-ubuntu22_x86_64-7.3.2-20220804-6354275  User: oesteban  Machine: dna013  Platform: Linux  PlatformVersion: 5.14.0-427.37.1.el9_4.x86_64  CompilerName: GCC  CompilerVersion: 8.4.0
ProgramName: mri_voldiff  ProgramArguments: mri_voldiff -all-info  ProgramVersion: 7.3.2  TimeStamp: 2026/03/09-22:34:10-GMT  BuildTime: Aug  4 2022 06:17:15  BuildStamp: freesurfer-linux-ubuntu22_x86_64-7.3.2-20220804-6354275  User: oesteban  Machine: dna013  Platform: Linux  PlatformVersion: 5.14.0-427.37.1.el9_4.x86_64  CompilerName: GCC  CompilerVersion: 8.4.0
ProgramName: mri_watershed  ProgramArguments: mri_watershed -all-info  ProgramVersion: 7.3.2  TimeStamp: 2026/03/09-22:34:10-GMT  BuildTime: Aug  4 2022 06:17:15  BuildStamp: freesurfer-linux-ubuntu22_x86_64-7.3.2-20220804-6354275  User: oesteban  Machine: dna013  Platform: Linux  PlatformVersion: 5.14.0-427.37.1.el9_4.x86_64  CompilerName: GCC  CompilerVersion: 8.4.0
ProgramName: tkregister2  ProgramArguments: tkregister2_cmdl -all-info  ProgramVersion: 7.3.2  TimeStamp: 2026/03/09-22:34:10-GMT  BuildTime: Aug  4 2022 06:17:15  BuildStamp: freesurfer-linux-ubuntu22_x86_64-7.3.2-20220804-6354275  User: oesteban  Machine: dna013  Platform: Linux  PlatformVersion: 5.14.0-427.37.1.el9_4.x86_64  CompilerName: GCC  CompilerVersion: 8.4.0
mri_motion_correct.fsl 7.3.2
mri_convert -all-info 
ProgramName: mri_convert  ProgramArguments: mri_convert -all-info  ProgramVersion: 7.3.2  TimeStamp: 2026/03/09-22:34:10-GMT  BuildTime: Aug  4 2022 06:17:15  BuildStamp: freesurfer-linux-ubuntu22_x86_64-7.3.2-20220804-6354275  User: oesteban  Machine: dna013  Platform: Linux  PlatformVersion: 5.14.0-427.37.1.el9_4.x86_64  CompilerName: GCC  CompilerVersion: 8.4.0
Program nu_correct, built from:
Package MNI N3, version 1.12.0, compiled by nicks@terrier (x86_64-unknown-linux-gnu) on 2015-06-19 at 01:25:34
#######################################
GCADIR /opt/freesurfer/average
GCA RB_all_2020-01-02.gca
GCASkull RB_all_withskull_2020_01_02.gca
AvgCurvTif folding.atlas.acfb40.noaparc.i12.2016-08-02.tif
GCSDIR /opt/freesurfer/average
GCS DKaparc.atlas.acfb40.noaparc.i12.2016-08-02.gcs
#######################################
#--------------------------------------------
#@# Tessellate lh Mon Mar  9 23:34:10 CET 2026
/out/sourcedata/freesurfer/sub-v1s2x0051467_ses-1/scripts

 mri_pretess ../mri/filled.mgz 255 ../mri/norm.mgz ../mri/filled-pretess255.mgz 


Iteration Number : 1
pass   1 (xy+):   2 found -   2 modified     |    TOTAL:   2
pass   2 (xy+):   0 found -   2 modified     |    TOTAL:   2
pass   1 (xy-):   1 found -   1 modified     |    TOTAL:   3
pass   2 (xy-):   0 found -   1 modified     |    TOTAL:   3
pass   1 (yz+):  11 found -  11 modified     |    TOTAL:  14
pass   2 (yz+):   0 found -  11 modified     |    TOTAL:  14
pass   1 (yz-):  14 found -  14 modified     |    TOTAL:  28
pass   2 (yz-):   0 found -  14 modified     |    TOTAL:  28
pass   1 (xz+):   1 found -   1 modified     |    TOTAL:  29
pass   2 (xz+):   0 found -   1 modified     |    TOTAL:  29
pass   1 (xz-):   1 found -   1 modified     |    TOTAL:  30
pass   2 (xz-):   0 found -   1 modified     |    TOTAL:  30
Iteration Number : 1
pass   1 (+++):   0 found -   0 modified     |    TOTAL:   0
pass   1 (+++):   0 found -   0 modified     |    TOTAL:   0
pass   1 (+++):   0 found -   0 modified     |    TOTAL:   0
pass   1 (+++):   0 found -   0 modified     |    TOTAL:   0
Iteration Number : 1
pass   1 (++):   0 found -   0 modified     |    TOTAL:   0
pass   1 (+-):   1 found -   1 modified     |    TOTAL:   1
pass   2 (+-):   0 found -   1 modified     |    TOTAL:   1
pass   1 (--):   0 found -   0 modified     |    TOTAL:   1
pass   1 (-+):   1 found -   1 modified     |    TOTAL:   2
pass   2 (-+):   0 found -   1 modified     |    TOTAL:   2
Iteration Number : 2
pass   1 (xy+):   0 found -   0 modified     |    TOTAL:   0
pass   1 (xy-):   0 found -   0 modified     |    TOTAL:   0
pass   1 (yz+):   3 found -   3 modified     |    TOTAL:   3
pass   2 (yz+):   0 found -   3 modified     |    TOTAL:   3
pass   1 (yz-):   0 found -   0 modified     |    TOTAL:   3
pass   1 (xz+):   0 found -   0 modified     |    TOTAL:   3
pass   1 (xz-):   0 found -   0 modified     |    TOTAL:   3
Iteration Number : 2
pass   1 (+++):   0 found -   0 modified     |    TOTAL:   0
pass   1 (+++):   0 found -   0 modified     |    TOTAL:   0
pass   1 (+++):   0 found -   0 modified     |    TOTAL:   0
pass   1 (+++):   0 found -   0 modified     |    TOTAL:   0
Iteration Number : 2
pass   1 (++):   0 found -   0 modified     |    TOTAL:   0
pass   1 (+-):   0 found -   0 modified     |    TOTAL:   0
pass   1 (--):   0 found -   0 modified     |    TOTAL:   0
pass   1 (-+):   0 found -   0 modified     |    TOTAL:   0
Iteration Number : 3
pass   1 (xy+):   0 found -   0 modified     |    TOTAL:   0
pass   1 (xy-):   0 found -   0 modified     |    TOTAL:   0
pass   1 (yz+):   0 found -   0 modified     |    TOTAL:   0
pass   1 (yz-):   0 found -   0 modified     |    TOTAL:   0
pass   1 (xz+):   0 found -   0 modified     |    TOTAL:   0
pass   1 (xz-):   0 found -   0 modified     |    TOTAL:   0
Iteration Number : 3
pass   1 (+++):   0 found -   0 modified     |    TOTAL:   0
pass   1 (+++):   0 found -   0 modified     |    TOTAL:   0
pass   1 (+++):   0 found -   0 modified     |    TOTAL:   0
pass   1 (+++):   0 found -   0 modified     |    TOTAL:   0
Iteration Number : 3
pass   1 (++):   0 found -   0 modified     |    TOTAL:   0
pass   1 (+-):   0 found -   0 modified     |    TOTAL:   0
pass   1 (--):   0 found -   0 modified     |    TOTAL:   0
pass   1 (-+):   0 found -   0 modified     |    TOTAL:   0

Total Number of Modified Voxels = 35 (out of 351631: 0.009954)
Ambiguous edge configurations... 

mri_pretess done


 mri_tessellate ../mri/filled-pretess255.mgz 255 ../surf/lh.orig.nofix 

7.3.2
  7.3.2
slice 30: 2024 vertices, 2156 faces
slice 40: 10603 vertices, 10940 faces
slice 50: 22819 vertices, 23280 faces
slice 60: 36842 vertices, 37389 faces
slice 70: 51350 vertices, 51809 faces
slice 80: 65106 vertices, 65580 faces
slice 90: 79034 vertices, 79503 faces
slice 100: 92823 vertices, 93305 faces
slice 110: 105938 vertices, 106392 faces
slice 120: 118286 vertices, 118737 faces
slice 130: 129725 vertices, 130145 faces
slice 140: 140098 vertices, 140490 faces
slice 150: 149546 vertices, 149888 faces
slice 160: 157617 vertices, 157930 faces
slice 170: 164730 vertices, 165010 faces
slice 180: 170904 vertices, 171149 faces
slice 190: 175034 vertices, 175168 faces
slice 200: 175530 vertices, 175580 faces
slice 210: 175530 vertices, 175580 faces
slice 220: 175530 vertices, 175580 faces
slice 230: 175530 vertices, 175580 faces
slice 240: 175530 vertices, 175580 faces
slice 250: 175530 vertices, 175580 faces
using the conformed surface RAS to save vertex points...
writing ../surf/lh.orig.nofix
using vox2ras matrix:
-1.00000   0.00000   0.00000   128.00000;
 0.00000   0.00000   1.00000  -128.00000;
 0.00000  -1.00000   0.00000   128.00000;
 0.00000   0.00000   0.00000   1.00000;

 rm -f ../mri/filled-pretess255.mgz 


 mris_extract_main_component ../surf/lh.orig.nofix ../surf/lh.orig.nofix 


counting number of connected components...
   175510 voxel in cpt #1: X=-52 [v=175510,e=526686,f=351124] located at (-29.712502, -29.283791, 42.219040)
   20 voxel in cpt #2: X=2 [v=20,e=54,f=36] located at (-2.000000, -6.500000, 49.000000)
For the whole surface: X=-50 [v=175530,e=526740,f=351160]
2 components have been found
keeping component #1 with 175510 vertices
done

#--------------------------------------------
#@# Smooth1 lh Mon Mar  9 23:34:14 CET 2026
/out/sourcedata/freesurfer/sub-v1s2x0051467_ses-1/scripts

 mris_smooth -nw -seed 1234 ../surf/lh.orig.nofix ../surf/lh.smoothwm.nofix 

setting seed for random number generator to 1234
smoothing surface tessellation for 10 iterations...
smoothing complete - recomputing first and second fundamental forms...
#--------------------------------------------
#@# Inflation1 lh Mon Mar  9 23:34:18 CET 2026
/out/sourcedata/freesurfer/sub-v1s2x0051467_ses-1/scripts

 mris_inflate -no-save-sulc ../surf/lh.smoothwm.nofix ../surf/lh.inflated.nofix 

Not saving sulc
Reading ../surf/lh.smoothwm.nofix
avg radius = 50.4 mm, total surface area = 95436 mm^2
step 000: RMS=0.146 (target=0.015)   step 005: RMS=0.112 (target=0.015)   step 010: RMS=0.084 (target=0.015)   step 015: RMS=0.070 (target=0.015)   step 020: RMS=0.060 (target=0.015)   step 025: RMS=0.053 (target=0.015)   step 030: RMS=0.047 (target=0.015)   step 035: RMS=0.043 (target=0.015)   step 040: RMS=0.040 (target=0.015)   step 045: RMS=0.037 (target=0.015)   step 050: RMS=0.036 (target=0.015)   step 055: RMS=0.035 (target=0.015)   step 060: RMS=0.035 (target=0.015)   writing inflated surface to ../surf/lh.inflated.nofix
inflation took 0.3 minutes

inflation complete.
Not saving sulc
mris_inflate utimesec    77.195981
mris_inflate stimesec    2.634139
mris_inflate ru_maxrss   275884
mris_inflate ru_ixrss    0
mris_inflate ru_idrss    0
mris_inflate ru_isrss    0
mris_inflate ru_minflt   714768
mris_inflate ru_majflt   36
mris_inflate ru_nswap    0
mris_inflate ru_inblock  1672
mris_inflate ru_oublock  12352
mris_inflate ru_msgsnd   0
mris_inflate ru_msgrcv   0
mris_inflate ru_nsignals 0
mris_inflate ru_nvcsw    14525
mris_inflate ru_nivcsw   562
#--------------------------------------------
#@# QSphere lh Mon Mar  9 23:34:36 CET 2026
/out/sourcedata/freesurfer/sub-v1s2x0051467_ses-1/scripts

 mris_sphere -q -p 6 -a 128 -seed 1234 ../surf/lh.inflated.nofix ../surf/lh.qsphere.nofix 

doing quick spherical unfolding.
limitting unfolding to 6 passes
using n_averages = 128
setting seed for random number genererator to 1234
version: 7.3.2
available threads: 16
scaling brain by 0.281...
inflating...
projecting onto sphere...
surface projected - minimizing metric distortion...
vertex spacing 0.88 +- 0.52 (0.00-->6.08) (max @ vno 100028 --> 101240)
face area 0.02 +- 0.03 (-0.21-->0.71)
Entering MRISinflateToSphere()
inflating to sphere (rms error < 2.00)
000: dt: 0.0000, rms radial error=176.038, avgs=0
005/300: dt: 0.9000, rms radial error=175.775, avgs=0
010/300: dt: 0.9000, rms radial error=175.213, avgs=0
015/300: dt: 0.9000, rms radial error=174.473, avgs=0
020/300: dt: 0.9000, rms radial error=173.630, avgs=0
025/300: dt: 0.9000, rms radial error=172.731, avgs=0
030/300: dt: 0.9000, rms radial error=171.811, avgs=0
035/300: dt: 0.9000, rms radial error=170.877, avgs=0
040/300: dt: 0.9000, rms radial error=169.935, avgs=0
045/300: dt: 0.9000, rms radial error=168.991, avgs=0
050/300: dt: 0.9000, rms radial error=168.048, avgs=0
055/300: dt: 0.9000, rms radial error=167.108, avgs=0
060/300: dt: 0.9000, rms radial error=166.171, avgs=0
065/300: dt: 0.9000, rms radial error=165.240, avgs=0
070/300: dt: 0.9000, rms radial error=164.313, avgs=0
075/300: dt: 0.9000, rms radial error=163.391, avgs=0
080/300: dt: 0.9000, rms radial error=162.474, avgs=0
085/300: dt: 0.9000, rms radial error=161.563, avgs=0
090/300: dt: 0.9000, rms radial error=160.657, avgs=0
095/300: dt: 0.9000, rms radial error=159.756, avgs=0
100/300: dt: 0.9000, rms radial error=158.860, avgs=0
105/300: dt: 0.9000, rms radial error=157.969, avgs=0
110/300: dt: 0.9000, rms radial error=157.083, avgs=0
115/300: dt: 0.9000, rms radial error=156.202, avgs=0
120/300: dt: 0.9000, rms radial error=155.326, avgs=0
125/300: dt: 0.9000, rms radial error=154.454, avgs=0
130/300: dt: 0.9000, rms radial error=153.587, avgs=0
135/300: dt: 0.9000, rms radial error=152.725, avgs=0
140/300: dt: 0.9000, rms radial error=151.867, avgs=0
145/300: dt: 0.9000, rms radial error=151.015, avgs=0
150/300: dt: 0.9000, rms radial error=150.167, avgs=0
155/300: dt: 0.9000, rms radial error=149.323, avgs=0
160/300: dt: 0.9000, rms radial error=148.484, avgs=0
165/300: dt: 0.9000, rms radial error=147.649, avgs=0
170/300: dt: 0.9000, rms radial error=146.819, avgs=0
175/300: dt: 0.9000, rms radial error=145.994, avgs=0
180/300: dt: 0.9000, rms radial error=145.173, avgs=0
185/300: dt: 0.9000, rms radial error=144.357, avgs=0
190/300: dt: 0.9000, rms radial error=143.545, avgs=0
195/300: dt: 0.9000, rms radial error=142.737, avgs=0
200/300: dt: 0.9000, rms radial error=141.935, avgs=0
205/300: dt: 0.9000, rms radial error=141.136, avgs=0
210/300: dt: 0.9000, rms radial error=140.342, avgs=0
215/300: dt: 0.9000, rms radial error=139.552, avgs=0
220/300: dt: 0.9000, rms radial error=138.767, avgs=0
225/300: dt: 0.9000, rms radial error=137.985, avgs=0
230/300: dt: 0.9000, rms radial error=137.209, avgs=0
235/300: dt: 0.9000, rms radial error=136.436, avgs=0
240/300: dt: 0.9000, rms radial error=135.668, avgs=0
245/300: dt: 0.9000, rms radial error=134.904, avgs=0
250/300: dt: 0.9000, rms radial error=134.144, avgs=0
255/300: dt: 0.9000, rms radial error=133.388, avgs=0
260/300: dt: 0.9000, rms radial error=132.636, avgs=0
265/300: dt: 0.9000, rms radial error=131.889, avgs=0
270/300: dt: 0.9000, rms radial error=131.146, avgs=0
275/300: dt: 0.9000, rms radial error=130.407, avgs=0
280/300: dt: 0.9000, rms radial error=129.672, avgs=0
285/300: dt: 0.9000, rms radial error=128.941, avgs=0
290/300: dt: 0.9000, rms radial error=128.214, avgs=0
295/300: dt: 0.9000, rms radial error=127.491, avgs=0
300/300: dt: 0.9000, rms radial error=126.773, avgs=0

spherical inflation complete.
epoch 1 (K=10.0), pass 1, starting sse = 21098.36
taking momentum steps...
taking momentum steps...
taking momentum steps...
taking momentum steps...
pass 1 complete, delta sse/iter = 0.00/13 = 0.00030
epoch 2 (K=40.0), pass 1, starting sse = 3678.58
taking momentum steps...
taking momentum steps...
taking momentum steps...
taking momentum steps...
pass 1 complete, delta sse/iter = 0.00/13 = 0.00004
epoch 3 (K=160.0), pass 1, starting sse = 396.97
taking momentum steps...
taking momentum steps...
taking momentum steps...
taking momentum steps...
pass 1 complete, delta sse/iter = 0.11/14 = 0.00753
epoch 4 (K=640.0), pass 1, starting sse = 21.35
taking momentum steps...
taking momentum steps...
taking momentum steps...
taking momentum steps...
pass 1 complete, delta sse/iter = 0.14/21 = 0.00657
final distance error %100000.00
writing spherical brain to ../surf/lh.qsphere.nofix
spherical transformation took 0.0273 hours
FSRUNTIME@ mris_sphere  0.0273 hours 16 threads
#VMPC# mris_sphere VmPeak  1610444
mris_sphere done
#@# Fix Topology lh Mon Mar  9 23:36:14 CET 2026

 mris_fix_topology -mgz -sphere qsphere.nofix -inflated inflated.nofix -orig orig.nofix -out orig.premesh -ga -seed 1234 sub-v1s2x0051467_ses-1 lh 

reading spherical homeomorphism from 'qsphere.nofix'
reading inflated coordinates from 'inflated.nofix'
reading original coordinates from 'orig.nofix'
using genetic algorithm with optimized parameters
setting seed for random number genererator to 1234

*************************************************************
Topology Correction Parameters
retessellation mode:           genetic search
number of patches/generation : 10
number of generations :        10
surface mri loglikelihood coefficient :         1.0
volume mri loglikelihood coefficient :          10.0
normal dot loglikelihood coefficient :          1.0
quadratic curvature loglikelihood coefficient : 1.0
volume resolution :                             2
eliminate vertices during search :              1
initial patch selection :                       1
select all defect vertices :                    0
ordering dependant retessellation:              0
use precomputed edge table :                    0
smooth retessellated patch :                    2
match retessellated patch :                     1
verbose mode :                                  0

*************************************************************
INFO: assuming .mgz format
writing corrected surface to 'orig.premesh'
7.3.2
  7.3.2
before topology correction, eno=-52 (nv=175510, nf=351124, ne=526686, g=27)
using quasi-homeomorphic spherical map to tessellate cortical surface...

Correction of the Topology
Finding true center and radius of Spherical Surface...done
Surface centered at (0,0,0) with radius 100.0 in 10 iterations
marking ambiguous vertices...
5610 ambiguous faces found in tessellation
segmenting defects...
32 defects found, arbitrating ambiguous regions...
analyzing neighboring defects...
32 defects to be corrected 
0 vertices coincident
reading input surface /out/sourcedata/freesurfer/sub-v1s2x0051467_ses-1/surf/lh.qsphere.nofix...
reading brain volume from brain...
reading wm segmentation from wm...
Reading original properties of orig.nofix
Reading vertex positions of inflated.nofix
Computing Initial Surface Statistics
      -face       loglikelihood: -8.7551  (-4.3775)
      -vertex     loglikelihood: -5.3245  (-2.6623)
      -normal dot loglikelihood: -3.5996  (-3.5996)
      -quad curv  loglikelihood: -6.0841  (-3.0421)
      Total Loglikelihood : -23.7633
CORRECTING DEFECT 0 (vertices=304, convex hull=177, v0=1506)
After retessellation of defect 0 (v0=1506), euler #=-29 (172129,515098,342940) : difference with theory (-29) = 0 
CORRECTING DEFECT 1 (vertices=225, convex hull=144, v0=2957)
After retessellation of defect 1 (v0=2957), euler #=-28 (172165,515273,343080) : difference with theory (-28) = 0 
CORRECTING DEFECT 2 (vertices=103, convex hull=43, v0=3674)
After retessellation of defect 2 (v0=3674), euler #=-27 (172171,515305,343107) : difference with theory (-27) = 0 
CORRECTING DEFECT 3 (vertices=270, convex hull=235, v0=5199)
After retessellation of defect 3 (v0=5199), euler #=-26 (172249,515650,343375) : difference with theory (-26) = 0 
CORRECTING DEFECT 4 (vertices=201, convex hull=119, v0=10371)
After retessellation of defect 4 (v0=10371), euler #=-25 (172282,515805,343498) : difference with theory (-25) = 0 
CORRECTING DEFECT 5 (vertices=15, convex hull=23, v0=13699)
After retessellation of defect 5 (v0=13699), euler #=-24 (172283,515816,343509) : difference with theory (-24) = 0 
CORRECTING DEFECT 6 (vertices=114, convex hull=170, v0=18534)
After retessellation of defect 6 (v0=18534), euler #=-23 (172308,515967,343636) : difference with theory (-23) = 0 
CORRECTING DEFECT 7 (vertices=256, convex hull=249, v0=22256)
After retessellation of defect 7 (v0=22256), euler #=-22 (172407,516383,343954) : difference with theory (-22) = 0 
CORRECTING DEFECT 8 (vertices=62, convex hull=71, v0=27953)
After retessellation of defect 8 (v0=27953), euler #=-21 (172416,516439,344002) : difference with theory (-21) = 0 
CORRECTING DEFECT 9 (vertices=63, convex hull=75, v0=44759)
normal vector of length zero at vertex 173660 with 4 faces
After retessellation of defect 9 (v0=44759), euler #=-20 (172437,516533,344076) : difference with theory (-20) = 0 
CORRECTING DEFECT 10 (vertices=41, convex hull=58, v0=49292)
After retessellation of defect 10 (v0=49292), euler #=-19 (172449,516594,344126) : difference with theory (-19) = 0 
CORRECTING DEFECT 11 (vertices=23, convex hull=33, v0=57448)
After retessellation of defect 11 (v0=57448), euler #=-18 (172453,516617,344146) : difference with theory (-18) = 0 
CORRECTING DEFECT 12 (vertices=19, convex hull=40, v0=63371)
After retessellation of defect 12 (v0=63371), euler #=-17 (172463,516661,344181) : difference with theory (-17) = 0 
CORRECTING DEFECT 13 (vertices=218, convex hull=225, v0=64742)
After retessellation of defect 13 (v0=64742), euler #=-16 (172511,516910,344383) : difference with theory (-16) = 0 
CORRECTING DEFECT 14 (vertices=274, convex hull=193, v0=71488)
After retessellation of defect 14 (v0=71488), euler #=-15 (172542,517105,344548) : difference with theory (-15) = 0 
CORRECTING DEFECT 15 (vertices=18, convex hull=23, v0=74770)
After retessellation of defect 15 (v0=74770), euler #=-14 (172544,517117,344559) : difference with theory (-14) = 0 
CORRECTING DEFECT 16 (vertices=36, convex hull=66, v0=75029)
After retessellation of defect 16 (v0=75029), euler #=-13 (172552,517168,344603) : difference with theory (-13) = 0 
CORRECTING DEFECT 17 (vertices=29, convex hull=66, v0=81045)
After retessellation of defect 17 (v0=81045), euler #=-12 (172565,517233,344656) : difference with theory (-12) = 0 
CORRECTING DEFECT 18 (vertices=35, convex hull=42, v0=95153)
After retessellation of defect 18 (v0=95153), euler #=-11 (172574,517278,344693) : difference with theory (-11) = 0 
CORRECTING DEFECT 19 (vertices=29, convex hull=58, v0=96681)
After retessellation of defect 19 (v0=96681), euler #=-10 (172583,517327,344734) : difference with theory (-10) = 0 
CORRECTING DEFECT 20 (vertices=38, convex hull=53, v0=100702)
After retessellation of defect 20 (v0=100702), euler #=-9 (172607,517419,344803) : difference with theory (-9) = 0 
CORRECTING DEFECT 21 (vertices=61, convex hull=54, v0=110849)
After retessellation of defect 21 (v0=110849), euler #=-8 (172622,517485,344855) : difference with theory (-8) = 0 
CORRECTING DEFECT 22 (vertices=18, convex hull=41, v0=111064)
After retessellation of defect 22 (v0=111064), euler #=-7 (172632,517530,344891) : difference with theory (-7) = 0 
CORRECTING DEFECT 23 (vertices=33, convex hull=49, v0=111079)
After retessellation of defect 23 (v0=111079), euler #=-6 (172650,517604,344948) : difference with theory (-6) = 0 
CORRECTING DEFECT 24 (vertices=108, convex hull=103, v0=117971)
After retessellation of defect 24 (v0=117971), euler #=-5 (172698,517797,345094) : difference with theory (-5) = 0 
CORRECTING DEFECT 25 (vertices=365, convex hull=215, v0=122588)
After retessellation of defect 25 (v0=122588), euler #=-4 (172715,517951,345232) : difference with theory (-4) = 0 
CORRECTING DEFECT 26 (vertices=27, convex hull=28, v0=123437)
After retessellation of defect 26 (v0=123437), euler #=-3 (172721,517978,345254) : difference with theory (-3) = 0 
CORRECTING DEFECT 27 (vertices=22, convex hull=58, v0=128668)
After retessellation of defect 27 (v0=128668), euler #=-2 (172730,518024,345292) : difference with theory (-2) = 0 
CORRECTING DEFECT 28 (vertices=30, convex hull=45, v0=140045)
After retessellation of defect 28 (v0=140045), euler #=-1 (172742,518075,345332) : difference with theory (-1) = 0 
CORRECTING DEFECT 29 (vertices=149, convex hull=181, v0=142064)
After retessellation of defect 29 (v0=142064), euler #=0 (172822,518400,345578) : difference with theory (0) = 0 
CORRECTING DEFECT 30 (vertices=156, convex hull=48, v0=144817)
After retessellation of defect 30 (v0=144817), euler #=1 (172832,518447,345616) : difference with theory (1) = 0 
CORRECTING DEFECT 31 (vertices=80, convex hull=99, v0=164689)
After retessellation of defect 31 (v0=164689), euler #=2 (172849,518541,345694) : difference with theory (2) = 0 
computing original vertex metric properties...
storing new metric properties...
computing tessellation statistics...
vertex spacing 0.89 +- 0.24 (0.05-->12.46) (max @ vno 1882 --> 2759)
face area -nan +- -nan (1000.00-->-1.00)
performing soap bubble on retessellated vertices for 0 iterations...
vertex spacing 0.89 +- 0.24 (0.05-->12.46) (max @ vno 1882 --> 2759)
face area -nan +- -nan (1000.00-->-1.00)
tessellation finished, orienting corrected surface...
133 mutations (32.8%), 273 crossovers (67.2%), 379 vertices were eliminated
building final representation...
2661 vertices and 0 faces have been removed from triangulation
after topology correction, eno=2 (nv=172849, nf=345694, ne=518541, g=0)
writing corrected surface to /out/sourcedata/freesurfer/sub-v1s2x0051467_ses-1/surf/lh.orig.premesh...

0.000 % of the vertices (0 vertices) exhibit an orientation change
removing intersecting faces
000: 396 intersecting
001: 30 intersecting
002: 2 intersecting
step 1 with no progress (num=3, old_num=2)
003: 3 intersecting
terminating search with 0 intersecting
topology fixing took 4.6 minutes
FSRUNTIME@ mris_fix_topology lh  0.0769 hours 16 threads
#VMPC# mris_fix_topology VmPeak  1891688

 mris_euler_number ../surf/lh.orig.premesh 

euler # = v-e+f = 2g-2: 172849 - 518541 + 345694 = 2 --> 0 holes
      F =2V-4:          345694 = 345698-4 (0)
      2E=3F:            1037082 = 1037082 (0)

total defect index = 0
Mon Mar  9 23:40:52 CET 2026

setenv SUBJECTS_DIR /out/sourcedata/freesurfer
cd /out/sourcedata/freesurfer/sub-v1s2x0051467_ses-1/scripts
/opt/freesurfer/bin/defect2seg --s sub-v1s2x0051467_ses-1 --lh-only --cortex

freesurfer-linux-ubuntu22_x86_64-7.3.2-20220804-6354275
defect2seg 7.3.2
Linux dna013 5.14.0-427.37.1.el9_4.x86_64 #1 SMP PREEMPT_DYNAMIC Fri Sep 13 12:41:50 EDT 2024 x86_64 x86_64 x86_64 GNU/Linux
pid 1494733
mri_label2label --label-cortex /out/sourcedata/freesurfer/sub-v1s2x0051467_ses-1/surf/lh.orig.nofix /out/sourcedata/freesurfer/sub-v1s2x0051467_ses-1/mri/aseg.presurf.mgz 0 /out/sourcedata/freesurfer/sub-v1s2x0051467_ses-1/label/lh.nofix.cortex.label

 Generating cortex label... RemoveHipAmgy=0
 NucAccIsMedialWall=0
 mris->useRealRAS=0
22 non-cortical segments detected
only using segment with 8140 vertices
erasing segment 1 (vno[0] = 74283)
erasing segment 2 (vno[0] = 81026)
erasing segment 3 (vno[0] = 82515)
erasing segment 4 (vno[0] = 94846)
erasing segment 5 (vno[0] = 98696)
erasing segment 6 (vno[0] = 107648)
erasing segment 7 (vno[0] = 117515)
erasing segment 8 (vno[0] = 120224)
erasing segment 9 (vno[0] = 120245)
erasing segment 10 (vno[0] = 124956)
erasing segment 11 (vno[0] = 125006)
erasing segment 12 (vno[0] = 126023)
erasing segment 13 (vno[0] = 126127)
erasing segment 14 (vno[0] = 128471)
erasing segment 15 (vno[0] = 148407)
erasing segment 16 (vno[0] = 150073)
erasing segment 17 (vno[0] = 150763)
erasing segment 18 (vno[0] = 151721)
erasing segment 19 (vno[0] = 153296)
erasing segment 20 (vno[0] = 154202)
erasing segment 21 (vno[0] = 161550)
mri_label2vol --defects /out/sourcedata/freesurfer/sub-v1s2x0051467_ses-1/surf/lh.orig.nofix /out/sourcedata/freesurfer/sub-v1s2x0051467_ses-1/surf/lh.defect_labels /out/sourcedata/freesurfer/sub-v1s2x0051467_ses-1/mri/orig.mgz 1000 0 /out/sourcedata/freesurfer/sub-v1s2x0051467_ses-1/mri/lh.surface.defects.mgz /out/sourcedata/freesurfer/sub-v1s2x0051467_ses-1/label/lh.nofix.cortex.label
mri_label2vol supposed to be reproducible but seed not set
Contraining to label /out/sourcedata/freesurfer/sub-v1s2x0051467_ses-1/label/lh.nofix.cortex.label
Changing input type 0 to MRI_INT
Converting defects to volume: offset=1000, merge=0
Writing to /out/sourcedata/freesurfer/sub-v1s2x0051467_ses-1/mri/lh.surface.defects.mgz
mris_defects_pointset -s /out/sourcedata/freesurfer/sub-v1s2x0051467_ses-1/surf/lh.orig.nofix -d /out/sourcedata/freesurfer/sub-v1s2x0051467_ses-1/surf/lh.defect_labels -o /out/sourcedata/freesurfer/sub-v1s2x0051467_ses-1/surf/lh.defects.pointset --label /out/sourcedata/freesurfer/sub-v1s2x0051467_ses-1/label/lh.nofix.cortex.label
Reading in surface /out/sourcedata/freesurfer/sub-v1s2x0051467_ses-1/surf/lh.orig.nofix
Reading in defect segmentation /out/sourcedata/freesurfer/sub-v1s2x0051467_ses-1/surf/lh.defect_labels
Reading in label /out/sourcedata/freesurfer/sub-v1s2x0051467_ses-1/label/lh.nofix.cortex.label
#VMPC# mris_defects_pointset 1332296
mris_defects_pointset done
 
Started at Mon Mar 9 23:40:52 CET 2026 
Ended   at Mon Mar  9 23:41:12 CET 2026
Defect2seg-Run-Time-Sec 20
Defect2seg-Run-Time-Min 0.40
Defect2seg-Run-Time-Hours 0.01
 
tkmeditfv sub-v1s2x0051467_ses-1 brain.finalsurfs.mgz -defect
defect2seg Done

 mris_remesh --remesh --iters 3 --input /out/sourcedata/freesurfer/sub-v1s2x0051467_ses-1/surf/lh.orig.premesh --output /out/sourcedata/freesurfer/sub-v1s2x0051467_ses-1/surf/lh.orig 

iters = 3
standard remeshing without target
   adjusted l: 0.713008
remeshing to edge length 0.713008 with 3 iterations

avg qual before   : 0.892435  after: 0.971297

Removing intersections
Remeshed surface quality stats nv0 = 172849  nv = 180778  1.04587
Area    361552  0.30422  0.03374 0.075276   0.4775
Corner 1084656 60.00000  8.78459 18.812682 141.6813
Edge    542328  0.84615  0.08239 0.480760   1.2884
Hinge   542328  9.31686  9.66961 0.000008 132.6275
mris_remesh done
/out/sourcedata/freesurfer/sub-v1s2x0051467_ses-1/scripts

 mris_remove_intersection ../surf/lh.orig ../surf/lh.orig 

intersection removal took 0.00 hours
writing corrected surface to ../surf/lh.orig

 rm -f ../surf/lh.inflated 

#--------------------------------------------
#@# AutoDetGWStats lh Mon Mar  9 23:41:54 CET 2026
cd /out/sourcedata/freesurfer/sub-v1s2x0051467_ses-1/mri
mris_autodet_gwstats --o ../surf/autodet.gw.stats.lh.dat --i brain.finalsurfs.mgz --wm wm.mgz --surf ../surf/lh.orig.premesh
7.3.2

cd /out/sourcedata/freesurfer/sub-v1s2x0051467_ses-1/mri
setenv SUBJECTS_DIR /out/sourcedata/freesurfer
mris_autodet_gwstats --o ../surf/autodet.gw.stats.lh.dat --i brain.finalsurfs.mgz --wm wm.mgz --surf ../surf/lh.orig.premesh 

border white:    332383 voxels (1.98%)
border gray      351544 voxels (2.10%)
Reading in intensity volume brain.finalsurfs.mgz
Reading in wm volume wm.mgz
Reading in surf ../surf/lh.orig.premesh
Auto detecting stats
MRIclipBrightWM(): nthresh=27662, wmmin=5, clip=110 
Binarizing thresholding at 5
computing class statistics... low=30, hi=110.000000
CCS WM (104.0): 104.0 +- 5.0 [70.0 --> 110.0]
CCS GM (90.0) : 88.6 +- 9.1 [30.0 --> 110.0]
white_mean = 103.987 +/- 4.95896, gray_mean = 88.5946 +/- 9.13331
using class modes intead of means, discounting robust sigmas....
MRIScomputeClassModes(): min=0 max=218 nbins=219
intensity peaks found at WM=107+-3.5,    GM=88+-6.1
white_mode = 107, gray_mode = 88
std_scale = 1
Applying sanity checks, max_scale_down = 0.2
setting MIN_GRAY_AT_WHITE_BORDER to 78.9 (was 70.000000)
setting MAX_BORDER_WHITE to 112.0 (was 105.000000)
setting MIN_BORDER_WHITE to 88.0 (was 85.000000)
setting MAX_CSF to 69.7 (was 40.000000)
setting MAX_GRAY to 102.0 (was 95.000000)
setting MAX_GRAY_AT_CSF_BORDER to 78.9 (was 75.000000)
setting MIN_GRAY_AT_CSF_BORDER to 60.6 (was 40.000000)
When placing the white surface
  white_border_hi   = 111.959;
  white_border_low  = 88;
  white_outside_low = 78.8667;
  white_inside_hi   = 120;
  white_outside_hi  = 111.959;
When placing the pial surface
  pial_border_hi   = 78.8667;
  pial_border_low  = 60.6001;
  pial_outside_low = 10;
  pial_inside_hi   = 102.041;
  pial_outside_hi  = 74.3;
#VMPC# mris_autodet_gwstats VmPeak  1382168
mris_autodet_gwstats done
#--------------------------------------------
#@# WhitePreAparc lh Mon Mar  9 23:41:57 CET 2026
cd /out/sourcedata/freesurfer/sub-v1s2x0051467_ses-1/mri
mris_place_surface --adgws-in ../surf/autodet.gw.stats.lh.dat --wm wm.mgz --threads 16 --invol brain.finalsurfs.mgz --lh --i ../surf/lh.orig --o ../surf/lh.white.preaparc --white --seg aseg.presurf.mgz --nsmooth 5
7.3.2
7.3.2

cd /out/sourcedata/freesurfer/sub-v1s2x0051467_ses-1/mri
setenv SUBJECTS_DIR /out/sourcedata/freesurfer
mris_place_surface --adgws-in ../surf/autodet.gw.stats.lh.dat --wm wm.mgz --threads 16 --invol brain.finalsurfs.mgz --lh --i ../surf/lh.orig --o ../surf/lh.white.preaparc --white --seg aseg.presurf.mgz --nsmooth 5 

Reading in input surface ../surf/lh.orig
Smoothing surface before ripping with 5 iterations
Area    361552  0.27060  0.06211 0.003299   0.5873
Corner 1084656 60.00000  9.29732 8.938877 140.6547
Edge    542328  0.79434  0.11203 0.065208   1.3368
Hinge   542328  6.24658  6.22080 0.000014 145.6301
Not reading in aparc
Reading in input volume brain.finalsurfs.mgz
Reading in wm volume wm.mgz
MRIclipBrightWM(): nthresh=27662, wmmin=5, clip=110 
MRIfindBrightNonWM(): 532 bright non-wm voxels segmented.
Masking bright non-wm for white surface
MRImask(): AllowDiffGeom = 1
MRImask(): AllowDiffGeom = 1
Reading in seg volume aseg.presurf.mgz
Ripping frozen voxels
INFO: rip surface needed but not specified, so using input surface
Freezing midline and others
Entering: MRISripMidline(): inhibiting deformation at non-cortical midline structures...
  which=1, fix_mtl=0, using annot = 0
#FML0# MRISripMidline(): nripped=0
removing 3 vertices from ripped group in thread:0
removing 3 vertices from ripped group in thread:0
removing 3 vertices from ripped group in thread:0
removing 4 vertices from ripped group in thread:0
removing 4 vertices from ripped group in thread:0
#FML# MRISripMidline(): nmarked=7059, nmarked2=147, nripped=7059
Ripping segs (eg, WMSA, BG, frozen)
Starting MRISripSegs() d = (-2 2 0.5) segnos: 247 
MRISripSegs(): -2 2 0.5 ripped 0
vertex 90389: xyz = (-15.6003,-17.5546,92.4968) oxyz = (-15.6003,-17.5546,92.4968) wxzy = (-15.6003,-17.5546,92.4968) pxyz = (0,0,0) 
CBVO Creating mask 180778
n_averages 4
Iteration 0 =========================================
n_averages=4, current_sigma=2
Freezing midline and others
Ripping frozen voxels
INFO: rip surface needed but not specified, so using input surface
Freezing midline and others
Entering: MRISripMidline(): inhibiting deformation at non-cortical midline structures...
  which=1, fix_mtl=0, using annot = 0
#FML0# MRISripMidline(): nripped=7059
removing 3 vertices from ripped group in thread:0
removing 3 vertices from ripped group in thread:0
removing 3 vertices from ripped group in thread:0
removing 4 vertices from ripped group in thread:0
removing 4 vertices from ripped group in thread:0
#FML# MRISripMidline(): nmarked=7059, nmarked2=147, nripped=7059
Ripping segs (eg, WMSA, BG, frozen)
Starting MRISripSegs() d = (-2 2 0.5) segnos: 247 247 
MRISripSegs(): -2 2 0.5 ripped 0
Computing target border values 
Entering MRIScomputeBorderValues_new(): 
  inside_hi   = 120.0000000;
  border_hi   = 111.9589610;
  border_low  =  88.0000000;
  outside_low =  78.8666840;
  outside_hi  = 111.9589610;
  sigma = 2;
  max_thickness = 10;
  step_size=0.5;
  STEP_SIZE=0.1;
  which = 1
  thresh = 0
  flags = 0
  CBVfindFirstPeakD1=0
  CBVfindFirstPeakD2=0
  nvertices=180778
  Gdiag_no=-1
  vno start=0, stop=180778
Replacing 255s with 0s
#SI# sigma=2 had to be increased for 180 vertices, nripped=7059
mean border=95.4, 78 (78) missing vertices, mean dist 0.2 [0.7 (%40.5)->0.8 (%59.5))]
%65 local maxima, %31 large gradients and % 0 min vals, 0 gradients ignored
nFirstPeakD1 0
MRIScomputeBorderValues_new() finished in 0.0199 min


Finding expansion regions
mean absolute distance = 0.75 +- 1.01
5075 vertices more than 2 sigmas from mean.
Averaging target values for 5 iterations...
Positioning Surface: tspring = 0.3, nspring = 0.3, spring = 0, niters = 100 l_repulse = 5, l_surf_repulse = 0, checktol = 0
Positioning pial surface
Entering MRISpositionSurface()
  max_mm = 0.3
  MAX_REDUCTIONS = 2, REDUCTION_PCT = 0.5
  parms->check_tol = 0, niterations = 100
tol=1.0e-04, sigma=2.0, host=dna01, nav=4, nbrs=2, l_repulse=5.000, l_tspring=0.300, l_nspring=0.300, l_intensity=0.200, l_curv=1.000
mom=0.00, dt=0.50
complete_dist_mat 0
rms 0
smooth_averages 0
remove_neg 0
ico_order 0
which_surface 0
target_radius 0.000000
nfields 0
scale 0.000000
desired_rms_height 0.000000
momentum 0.000000
nbhd_size 0
max_nbrs 0
niterations 100
nsurfaces 0
SURFACES 3
flags 0 (0)
use curv 0
no sulc 0
no rigid align 0
mris->nsize 2
mris->hemisphere 0
randomSeed 0

000: dt: 0.0000, sse=1340608.5, rms=5.727
001: dt: 0.5000, sse=718677.6, rms=3.873 (32.373%)
002: dt: 0.5000, sse=459351.7, rms=2.742 (29.212%)
003: dt: 0.5000, sse=348722.5, rms=2.077 (24.240%)
004: dt: 0.5000, sse=299703.9, rms=1.684 (18.908%)
005: dt: 0.5000, sse=275061.9, rms=1.454 (13.651%)
006: dt: 0.5000, sse=264377.9, rms=1.326 (8.818%)
007: dt: 0.5000, sse=258984.2, rms=1.244 (6.229%)
rms = 1.1942/1.2435, sse=257285.8/258984.2, time step reduction 1 of 3 to 0.250  0 0 1
008: dt: 0.5000, sse=257285.8, rms=1.194 (3.961%)
009: dt: 0.2500, sse=242167.1, rms=1.008 (15.599%)
rms = 0.9790/1.0080, sse=240621.2/242167.1, time step reduction 2 of 3 to 0.125  0 0 1
010: dt: 0.2500, sse=240621.2, rms=0.979 (2.869%)
rms = 0.9700/0.9790, sse=240319.6/240621.2, time step reduction 3 of 3 to 0.062  0 0 1
011: dt: 0.1250, sse=240319.6, rms=0.970 (0.927%)
  maximum number of reductions reached, breaking from loop
positioning took 1.3 minutes
Iteration 1 =========================================
n_averages=2, current_sigma=1
Freezing midline and others
Ripping frozen voxels
INFO: rip surface needed but not specified, so using input surface
Freezing midline and others
Entering: MRISripMidline(): inhibiting deformation at non-cortical midline structures...
  which=1, fix_mtl=0, using annot = 0
#FML0# MRISripMidline(): nripped=7059
removing 2 vertices from ripped group in thread:0
removing 3 vertices from ripped group in thread:0
removing 4 vertices from ripped group in thread:0
removing 2 vertices from ripped group in thread:0
removing 3 vertices from ripped group in thread:0
removing 3 vertices from ripped group in thread:0
removing 4 vertices from ripped group in thread:0
removing 4 vertices from ripped group in thread:0
removing 3 vertices from ripped group in thread:0
removing 4 vertices from ripped group in thread:0
removing 2 vertices from ripped group in thread:0
removing 2 vertices from ripped group in thread:0
removing 4 vertices from ripped group in thread:0
removing 2 vertices from ripped group in thread:0
removing 3 vertices from ripped group in thread:0
#FML# MRISripMidline(): nmarked=7486, nmarked2=342, nripped=7486
Ripping segs (eg, WMSA, BG, frozen)
Starting MRISripSegs() d = (-2 2 0.5) segnos: 247 247 247 
MRISripSegs(): -2 2 0.5 ripped 0
Computing target border values 
Entering MRIScomputeBorderValues_new(): 
  inside_hi   = 120.0000000;
  border_hi   = 111.9589610;
  border_low  =  88.0000000;
  outside_low =  78.8666840;
  outside_hi  = 111.9589610;
  sigma = 1;
  max_thickness = 10;
  step_size=0.5;
  STEP_SIZE=0.1;
  which = 1
  thresh = 0
  flags = 0
  CBVfindFirstPeakD1=0
  CBVfindFirstPeakD2=0
  nvertices=180778
  Gdiag_no=-1
  vno start=0, stop=180778
Replacing 255s with 0s
#SI# sigma=1 had to be increased for 79 vertices, nripped=7486
mean border=97.0, 87 (12) missing vertices, mean dist -0.3 [0.6 (%67.7)->0.3 (%32.3))]
%74 local maxima, %21 large gradients and % 0 min vals, 0 gradients ignored
nFirstPeakD1 0
MRIScomputeBorderValues_new() finished in 0.0141 min


Finding expansion regions
mean absolute distance = 0.47 +- 0.76
6739 vertices more than 2 sigmas from mean.
Averaging target values for 5 iterations...
Positioning Surface: tspring = 0.3, nspring = 0.3, spring = 0, niters = 100 l_repulse = 5, l_surf_repulse = 0, checktol = 0
Positioning pial surface
Entering MRISpositionSurface()
  max_mm = 0.3
  MAX_REDUCTIONS = 2, REDUCTION_PCT = 0.5
  parms->check_tol = 0, niterations = 100
tol=1.0e-04, sigma=1.0, host=dna01, nav=2, nbrs=2, l_repulse=5.000, l_tspring=0.300, l_nspring=0.300, l_intensity=0.200, l_curv=1.000
mom=0.00, dt=0.50
000: dt: 0.0000, sse=547902.6, rms=2.910
012: dt: 0.5000, sse=376505.1, rms=1.881 (35.346%)
013: dt: 0.5000, sse=325745.0, rms=1.447 (23.107%)
014: dt: 0.5000, sse=305415.0, rms=1.220 (15.671%)
015: dt: 0.5000, sse=293008.7, rms=1.068 (12.422%)
016: dt: 0.5000, sse=288798.1, rms=0.986 (7.735%)
017: dt: 0.5000, sse=284752.0, rms=0.926 (6.099%)
rms = 0.9239/0.9256, sse=285562.5/284752.0, time step reduction 1 of 3 to 0.250  0 1 1
018: dt: 0.5000, sse=285562.5, rms=0.924 (0.179%)
019: dt: 0.2500, sse=278517.7, rms=0.782 (15.336%)
rms = 0.7713/0.7822, sse=278283.3/278517.7, time step reduction 2 of 3 to 0.125  0 0 1
020: dt: 0.2500, sse=278283.3, rms=0.771 (1.392%)
rms = 0.7664/0.7713, sse=277946.8/278283.3, time step reduction 3 of 3 to 0.062  0 0 1
021: dt: 0.1250, sse=277946.8, rms=0.766 (0.635%)
  maximum number of reductions reached, breaking from loop
positioning took 1.1 minutes
Iteration 2 =========================================
n_averages=1, current_sigma=0.5
Freezing midline and others
Ripping frozen voxels
INFO: rip surface needed but not specified, so using input surface
Freezing midline and others
Entering: MRISripMidline(): inhibiting deformation at non-cortical midline structures...
  which=1, fix_mtl=0, using annot = 0
#FML0# MRISripMidline(): nripped=7486
removing 2 vertices from ripped group in thread:0
removing 3 vertices from ripped group in thread:0
removing 2 vertices from ripped group in thread:0
removing 3 vertices from ripped group in thread:0
removing 3 vertices from ripped group in thread:0
removing 2 vertices from ripped group in thread:0
removing 4 vertices from ripped group in thread:0
removing 2 vertices from ripped group in thread:0
removing 3 vertices from ripped group in thread:0
removing 2 vertices from ripped group in thread:0
removing 2 vertices from ripped group in thread:0
removing 2 vertices from ripped group in thread:0
#FML# MRISripMidline(): nmarked=7606, nmarked2=349, nripped=7606
Ripping segs (eg, WMSA, BG, frozen)
Starting MRISripSegs() d = (-2 2 0.5) segnos: 247 247 247 247 
MRISripSegs(): -2 2 0.5 ripped 0
Computing target border values 
Entering MRIScomputeBorderValues_new(): 
  inside_hi   = 120.0000000;
  border_hi   = 111.9589610;
  border_low  =  88.0000000;
  outside_low =  78.8666840;
  outside_hi  = 111.9589610;
  sigma = 0.5;
  max_thickness = 10;
  step_size=0.5;
  STEP_SIZE=0.1;
  which = 1
  thresh = 0
  flags = 0
  CBVfindFirstPeakD1=0
  CBVfindFirstPeakD2=0
  nvertices=180778
  Gdiag_no=-1
  vno start=0, stop=180778
Replacing 255s with 0s
#SI# sigma=0.5 had to be increased for 354 vertices, nripped=7606
mean border=98.4, 72 (8) missing vertices, mean dist -0.2 [0.4 (%71.1)->0.2 (%28.9))]
%86 local maxima, %10 large gradients and % 0 min vals, 0 gradients ignored
nFirstPeakD1 0
MRIScomputeBorderValues_new() finished in 0.0078 min


Finding expansion regions
mean absolute distance = 0.37 +- 0.53
8154 vertices more than 2 sigmas from mean.
Averaging target values for 5 iterations...
Positioning Surface: tspring = 0.3, nspring = 0.3, spring = 0, niters = 100 l_repulse = 5, l_surf_repulse = 0, checktol = 0
Positioning pial surface
Entering MRISpositionSurface()
  max_mm = 0.3
  MAX_REDUCTIONS = 2, REDUCTION_PCT = 0.5
  parms->check_tol = 0, niterations = 100
tol=1.0e-04, sigma=0.5, host=dna01, nav=1, nbrs=2, l_repulse=5.000, l_tspring=0.300, l_nspring=0.300, l_intensity=0.200, l_curv=1.000
mom=0.00, dt=0.50
000: dt: 0.0000, sse=427741.0, rms=2.278
022: dt: 0.5000, sse=315841.1, rms=1.344 (41.025%)
023: dt: 0.5000, sse=289521.9, rms=0.978 (27.206%)
024: dt: 0.5000, sse=286765.5, rms=0.861 (11.927%)
025: dt: 0.5000, sse=285011.5, rms=0.809 (6.076%)
rms = 0.8375/0.8091, sse=294469.5/285011.5, time step reduction 1 of 3 to 0.250  0 1 1
   RMS increased, rejecting step
026: dt: 0.2500, sse=281079.9, rms=0.742 (8.320%)
rms = 0.7206/0.7417, sse=283017.7/281079.9, time step reduction 2 of 3 to 0.125  0 1 1
027: dt: 0.2500, sse=283017.8, rms=0.721 (2.846%)
rms = 0.7188/0.7206, sse=281881.8/283017.7, time step reduction 3 of 3 to 0.062  0 0 1
028: dt: 0.1250, sse=281881.8, rms=0.719 (0.249%)
  maximum number of reductions reached, breaking from loop
positioning took 0.9 minutes
Iteration 3 =========================================
n_averages=0, current_sigma=0.25
Freezing midline and others
Ripping frozen voxels
INFO: rip surface needed but not specified, so using input surface
Freezing midline and others
Entering: MRISripMidline(): inhibiting deformation at non-cortical midline structures...
  which=1, fix_mtl=0, using annot = 0
#FML0# MRISripMidline(): nripped=7606
removing 3 vertices from ripped group in thread:0
removing 4 vertices from ripped group in thread:0
removing 2 vertices from ripped group in thread:0
removing 3 vertices from ripped group in thread:0
removing 1 vertices from ripped group in thread:0
removing 3 vertices from ripped group in thread:0
removing 3 vertices from ripped group in thread:0
removing 2 vertices from ripped group in thread:0
removing 4 vertices from ripped group in thread:0
removing 2 vertices from ripped group in thread:0
removing 3 vertices from ripped group in thread:0
removing 2 vertices from ripped group in thread:0
removing 2 vertices from ripped group in thread:0
removing 3 vertices from ripped group in thread:0
#FML# MRISripMidline(): nmarked=7625, nmarked2=349, nripped=7625
Ripping segs (eg, WMSA, BG, frozen)
Starting MRISripSegs() d = (-2 2 0.5) segnos: 247 247 247 247 247 
MRISripSegs(): -2 2 0.5 ripped 0
Computing target border values 
Entering MRIScomputeBorderValues_new(): 
  inside_hi   = 120.0000000;
  border_hi   = 111.9589610;
  border_low  =  88.0000000;
  outside_low =  78.8666840;
  outside_hi  = 111.9589610;
  sigma = 0.25;
  max_thickness = 10;
  step_size=0.5;
  STEP_SIZE=0.1;
  which = 1
  thresh = 0
  flags = 0
  CBVfindFirstPeakD1=0
  CBVfindFirstPeakD2=0
  nvertices=180778
  Gdiag_no=-1
  vno start=0, stop=180778
Replacing 255s with 0s
#SI# sigma=0.25 had to be increased for 396 vertices, nripped=7625
mean border=98.9, 106 (5) missing vertices, mean dist -0.1 [0.3 (%59.0)->0.2 (%41.0))]
%90 local maxima, % 6 large gradients and % 0 min vals, 0 gradients ignored
nFirstPeakD1 0
MRIScomputeBorderValues_new() finished in 0.0051 min


Finding expansion regions
mean absolute distance = 0.26 +- 0.39
5782 vertices more than 2 sigmas from mean.
Averaging target values for 5 iterations...
Positioning Surface: tspring = 0.3, nspring = 0.3, spring = 0, niters = 100 l_repulse = 5, l_surf_repulse = 0, checktol = 0
Positioning pial surface
Entering MRISpositionSurface()
  max_mm = 0.3
  MAX_REDUCTIONS = 2, REDUCTION_PCT = 0.5
  parms->check_tol = 0, niterations = 100
tol=1.0e-04, sigma=0.2, host=dna01, nav=0, nbrs=2, l_repulse=5.000, l_tspring=0.300, l_nspring=0.300, l_intensity=0.200, l_curv=1.000
mom=0.00, dt=0.50
000: dt: 0.0000, sse=300259.3, rms=1.107
029: dt: 0.5000, sse=296157.9, rms=0.645 (41.730%)
rms = 0.6802/0.6448, sse=282668.3/296157.9, time step reduction 1 of 3 to 0.250  0 0 1
   RMS increased, rejecting step
rms = 0.6098/0.6448, sse=278294.3/296157.9, time step reduction 2 of 3 to 0.125  0 0 1
030: dt: 0.2500, sse=278294.3, rms=0.610 (5.429%)
rms = 0.5986/0.6098, sse=279221.6/278294.3, time step reduction 3 of 3 to 0.062  0 1 1
031: dt: 0.1250, sse=279221.6, rms=0.599 (1.831%)
  maximum number of reductions reached, breaking from loop
positioning took 0.4 minutes


Writing output to ../surf/lh.white.preaparc
#ET# mris_place_surface  3.87 minutes
#VMPC# mris_place_surfaces VmPeak  3437476
mris_place_surface done
#--------------------------------------------
#@# CortexLabel lh Mon Mar  9 23:45:56 CET 2026
cd /out/sourcedata/freesurfer/sub-v1s2x0051467_ses-1/mri
mri_label2label --label-cortex ../surf/lh.white.preaparc aseg.presurf.mgz 0 ../label/lh.cortex.label

 Generating cortex label... RemoveHipAmgy=0
 NucAccIsMedialWall=0
 mris->useRealRAS=0
12 non-cortical segments detected
only using segment with 8679 vertices
erasing segment 1 (vno[0] = 59904)
erasing segment 2 (vno[0] = 67932)
erasing segment 3 (vno[0] = 80939)
erasing segment 4 (vno[0] = 88532)
erasing segment 5 (vno[0] = 88884)
erasing segment 6 (vno[0] = 103555)
erasing segment 7 (vno[0] = 106562)
erasing segment 8 (vno[0] = 106569)
erasing segment 9 (vno[0] = 107598)
erasing segment 10 (vno[0] = 136557)
erasing segment 11 (vno[0] = 149606)
#--------------------------------------------
#@# CortexLabel+HipAmyg lh Mon Mar  9 23:46:17 CET 2026
cd /out/sourcedata/freesurfer/sub-v1s2x0051467_ses-1/mri
mri_label2label --label-cortex ../surf/lh.white.preaparc aseg.presurf.mgz 1 ../label/lh.cortex+hipamyg.label

 Generating cortex label... RemoveHipAmgy=1
 NucAccIsMedialWall=0
 mris->useRealRAS=0
13 non-cortical segments detected
only using segment with 6436 vertices
erasing segment 1 (vno[0] = 59904)
erasing segment 2 (vno[0] = 60251)
erasing segment 3 (vno[0] = 67932)
erasing segment 4 (vno[0] = 77800)
erasing segment 5 (vno[0] = 80939)
erasing segment 6 (vno[0] = 88532)
erasing segment 7 (vno[0] = 88884)
erasing segment 8 (vno[0] = 103555)
erasing segment 9 (vno[0] = 106562)
erasing segment 10 (vno[0] = 106569)
erasing segment 11 (vno[0] = 107598)
erasing segment 12 (vno[0] = 136557)
#--------------------------------------------
#@# Smooth2 lh Mon Mar  9 23:46:37 CET 2026
/out/sourcedata/freesurfer/sub-v1s2x0051467_ses-1/scripts

 mris_smooth -n 3 -nw -seed 1234 ../surf/lh.white.preaparc ../surf/lh.smoothwm 

smoothing for 3 iterations
setting seed for random number generator to 1234
smoothing surface tessellation for 3 iterations...
smoothing complete - recomputing first and second fundamental forms...
#--------------------------------------------
#@# Inflation2 lh Mon Mar  9 23:46:41 CET 2026
/out/sourcedata/freesurfer/sub-v1s2x0051467_ses-1/scripts

 mris_inflate ../surf/lh.smoothwm ../surf/lh.inflated 

Reading ../surf/lh.smoothwm
avg radius = 50.3 mm, total surface area = 104495 mm^2
step 000: RMS=0.158 (target=0.015)   step 005: RMS=0.110 (target=0.015)   step 010: RMS=0.082 (target=0.015)   step 015: RMS=0.068 (target=0.015)   step 020: RMS=0.056 (target=0.015)   step 025: RMS=0.047 (target=0.015)   step 030: RMS=0.039 (target=0.015)   step 035: RMS=0.033 (target=0.015)   step 040: RMS=0.028 (target=0.015)   step 045: RMS=0.024 (target=0.015)   step 050: RMS=0.021 (target=0.015)   step 055: RMS=0.019 (target=0.015)   step 060: RMS=0.018 (target=0.015)   writing inflated surface to ../surf/lh.inflated
writing sulcal depths to ../surf/lh.sulc

inflation complete.
inflation took 0.3 minutes
mris_inflate utimesec    77.477038
mris_inflate stimesec    2.162543
mris_inflate ru_maxrss   276804
mris_inflate ru_ixrss    0
mris_inflate ru_idrss    0
mris_inflate ru_isrss    0
mris_inflate ru_minflt   594756
mris_inflate ru_majflt   7
mris_inflate ru_nswap    0
mris_inflate ru_inblock  130
mris_inflate ru_oublock  14136
mris_inflate ru_msgsnd   0
mris_inflate ru_msgrcv   0
mris_inflate ru_nsignals 0
mris_inflate ru_nvcsw    8291
mris_inflate ru_nivcsw   420
#--------------------------------------------
#@# Curv .H and .K lh Mon Mar  9 23:47:00 CET 2026
/out/sourcedata/freesurfer/sub-v1s2x0051467_ses-1/surf

 mris_curvature -w -seed 1234 lh.white.preaparc 

setting seed for random number generator to 1234
total integrated curvature = 25.391*4pi (319.077) --> -24 handles
ICI = 175.4, FI = 1709.2, variation=26969.145
writing Gaussian curvature to ./lh.white.preaparc.K...done.
writing mean curvature to ./lh.white.preaparc.H...done.
rm -f lh.white.H
ln -s lh.white.preaparc.H lh.white.H
rm -f lh.white.K
ln -s lh.white.preaparc.K lh.white.K

 mris_curvature -seed 1234 -thresh .999 -n -a 5 -w -distances 10 10 lh.inflated 

setting seed for random number generator to 1234
normalizing curvature values.
averaging curvature patterns 5 times.
sampling 10 neighbors out to a distance of 10 mm
251 vertices thresholded to be in k1 ~ [-0.21 0.70], k2 ~ [-0.11 0.05]
total integrated curvature = 0.561*4pi (7.048) --> 0 handles
ICI = 1.8, FI = 12.6, variation=211.042
156 vertices thresholded to be in [-0.01 0.02]
writing Gaussian curvature to ./lh.inflated.K...thresholding curvature at 99.90% level
curvature mean = 0.000, std = 0.001
170 vertices thresholded to be in [-0.13 0.14]
done.
writing mean curvature to ./lh.inflated.H...curvature mean = -0.014, std = 0.023
done.
#--------------------------------------------
#@# Sphere lh Mon Mar  9 23:48:00 CET 2026
/out/sourcedata/freesurfer/sub-v1s2x0051467_ses-1/scripts

 mris_sphere -seed 1234 ../surf/lh.inflated ../surf/lh.sphere 

setting seed for random number genererator to 1234
version: 7.3.2
available threads: 16
reading original vertex positions...
projecting onto sphere...
surface projected - minimizing metric distortion...
scaling brain by 0.266...
MRISunfold() max_passes = 1 -------
tol=5.0e-01, sigma=0.0, host=dna01, nav=1024, nbrs=2, l_area=1.000, l_dist=1.000
using quadratic fit line minimization
complete_dist_mat 0
rms 0
smooth_averages 0
remove_neg 0
ico_order 0
which_surface 0
target_radius 0.000000
nfields 0
scale 1.000000
desired_rms_height -1.000000
momentum 0.900000
nbhd_size 7
max_nbrs 8
niterations 25
nsurfaces 0
SURFACES 3
flags 0 (0)
use curv 0
no sulc 0
no rigid align 0
mris->nsize 2
mris->hemisphere 0
randomSeed 1234

singular matrix in quadratic form
singular matrix in quadratic form
singular matrix in quadratic form
--------------------
  mrisRemoveNegativeArea()
pass 1: epoch 1 of 3 starting distance error %20.57
pass 1: epoch 2 of 3 starting distance error %20.45
unfolding complete - removing small folds...
starting distance error %20.36
removing remaining folds...
final distance error %20.39
MRISunfold() return, current seed 1234
-01: dt=0.0000,  11 negative triangles  VmPeak 1672160
168: dt=0.9900,  11 negative triangles
169: dt=0.9900,   2 negative triangles
170: dt=0.9900,   1 negative triangles
171: dt=0.9900,   3 negative triangles
172: dt=0.9900,   1 negative triangles
173: dt=0.9900,   1 negative triangles
174: dt=0.9900,   1 negative triangles
175: dt=0.9900,   1 negative triangles
writing spherical brain to ../surf/lh.sphere
spherical transformation took 0.0784 hours
FSRUNTIME@ mris_sphere  0.0784 hours 16 threads
#VMPC# mris_sphere VmPeak  1672160
mris_sphere done
#--------------------------------------------
#@# Surf Reg lh Mon Mar  9 23:52:43 CET 2026
/out/sourcedata/freesurfer/sub-v1s2x0051467_ses-1/scripts

 mris_register -curv ../surf/lh.sphere /opt/freesurfer/average/lh.folding.atlas.acfb40.noaparc.i12.2016-08-02.tif ../surf/lh.sphere.reg 

using smoothwm curvature for final alignment

cwd /out/sourcedata/freesurfer/sub-v1s2x0051467_ses-1/scripts
cmdline mris_register -curv ../surf/lh.sphere /opt/freesurfer/average/lh.folding.atlas.acfb40.noaparc.i12.2016-08-02.tif ../surf/lh.sphere.reg 

0 inflated.H
1 sulc
2 smoothwm (computed)
7.3.2
  7.3.2
reading surface from ../surf/lh.sphere...
reading template parameterization from /opt/freesurfer/average/lh.folding.atlas.acfb40.noaparc.i12.2016-08-02.tif...
MRISregister() -------
max_passes = 4 
min_degrees = 0.500000 
max_degrees = 64.000000 
nangles = 8 
tol=5.0e-01, sigma=0.0, host=dna01, nav=1024, nbrs=1, l_extern=10000.000, l_parea=0.200, l_nlarea=1.000, l_corr=1.000, l_dist=5.000
using quadratic fit line minimization
complete_dist_mat 0
rms 0
smooth_averages 0
remove_neg 0
ico_order 0
which_surface 0
target_radius 0.000000
nfields 0
scale 0.000000
desired_rms_height -1.000000
momentum 0.950000
nbhd_size -10
max_nbrs 10
niterations 25
nsurfaces 0
SURFACES 3
flags 16 (10)
use curv 16
no sulc 0
no rigid align 0
mris->nsize 1
mris->hemisphere 0
randomSeed 0

tol=5.0e-01, sigma=0.0, host=dna01, nav=1024, nbrs=1, l_extern=10000.000, l_parea=0.200, l_nlarea=1.000, l_corr=1.000, l_dist=5.000
using quadratic fit line minimization
--------------------
1 Reading lh.sulc
tol=1.0e+00, sigma=0.5, host=dna01, nav=1024, nbrs=1, l_extern=10000.000, l_parea=0.200, l_nlarea=1.000, l_corr=0.050, l_spring=0.500, l_dist=5.000
using quadratic fit line minimization
curvature mean = -0.000, std = 5.644
curvature mean = 0.026, std = 0.812
curvature mean = 0.027, std = 0.830
Starting MRISrigidBodyAlignGlobal()
Starting new MRISrigidBodyAlignGlobal_findMinSSE()
  new MRISrigidBodyAlignGlobal_findMinSSE min @ (5.00, -8.50, 4.00) sse = 320332.8, elapsed since starting=0.1567 min
MRISrigidBodyAlignGlobal() done   0.16 min
curvature mean = -0.024, std = 0.813
curvature mean = 0.009, std = 0.932
curvature mean = -0.033, std = 0.817
curvature mean = 0.004, std = 0.971
curvature mean = -0.037, std = 0.816
curvature mean = 0.001, std = 0.988
2 Reading smoothwm
curvature mean = -0.024, std = 0.262
curvature mean = 0.035, std = 0.245
curvature mean = 0.063, std = 0.355
curvature mean = 0.031, std = 0.303
curvature mean = 0.032, std = 0.562
curvature mean = 0.030, std = 0.330
curvature mean = 0.017, std = 0.714
curvature mean = 0.030, std = 0.342
curvature mean = 0.005, std = 0.823
MRISregister() return, current seed 0
-01: dt=0.0000,   8 negative triangles  VmPeak 1659984
123: dt=0.9900,   8 negative triangles
124: dt=0.9900,   1 negative triangles
125: dt=0.9900,   2 negative triangles
126: dt=0.9900,   1 negative triangles
writing registered surface to ../surf/lh.sphere.reg...
registration took 0.10 hours
#VMPC# mris_register VmPeak  1659984
FSRUNTIME@ mris_register  0.0993 hours 16 threads

 ln -sf lh.sphere.reg lh.fsaverage.sphere.reg 

#--------------------------------------------
#@# Jacobian white lh Mon Mar  9 23:58:40 CET 2026
/out/sourcedata/freesurfer/sub-v1s2x0051467_ses-1/scripts

 mris_jacobian ../surf/lh.white.preaparc ../surf/lh.sphere.reg ../surf/lh.jacobian_white 

reading surface from ../surf/lh.white.preaparc...
writing curvature file ../surf/lh.jacobian_white
#--------------------------------------------
#@# AvgCurv lh Mon Mar  9 23:58:42 CET 2026
/out/sourcedata/freesurfer/sub-v1s2x0051467_ses-1/scripts

 mrisp_paint -a 5 /opt/freesurfer/average/lh.folding.atlas.acfb40.noaparc.i12.2016-08-02.tif#6 ../surf/lh.sphere.reg ../surf/lh.avg_curv 

averaging curvature patterns 5 times...
reading surface from ../surf/lh.sphere.reg...
reading template parameterization from /opt/freesurfer/average/lh.folding.atlas.acfb40.noaparc.i12.2016-08-02.tif...
writing curvature file to ../surf/lh.avg_curv...
#-----------------------------------------
#@# Cortical Parc lh Mon Mar  9 23:58:43 CET 2026
/out/sourcedata/freesurfer/sub-v1s2x0051467_ses-1/scripts

 mris_ca_label -l ../label/lh.cortex.label -aseg ../mri/aseg.presurf.mgz -seed 1234 sub-v1s2x0051467_ses-1 lh ../surf/lh.sphere.reg /opt/freesurfer/average/lh.DKaparc.atlas.acfb40.noaparc.i12.2016-08-02.gcs ../label/lh.aparc.annot 

setting seed for random number generator to 1234
using ../mri/aseg.presurf.mgz aseg volume to correct midline
7.3.2
  7.3.2
reading atlas from /opt/freesurfer/average/lh.DKaparc.atlas.acfb40.noaparc.i12.2016-08-02.gcs...
reading color table from GCSA file....
average std = 0.8   using min determinant for regularization = 0.006
0 singular and 342 ill-conditioned covariance matrices regularized
input 0: MEAN CURVATURE, flags 0, avgs 5, name mean_curvature
labeling surface...
2087 labels changed using aseg
relabeling using gibbs priors...
000:   3739 changed, 180778 examined...
001:    935 changed, 15523 examined...
002:    221 changed, 5158 examined...
003:    101 changed, 1365 examined...
004:     35 changed, 586 examined...
005:     18 changed, 218 examined...
006:      5 changed, 100 examined...
007:      1 changed, 31 examined...
008:      0 changed, 8 examined...
222 labels changed using aseg
000: 136 total segments, 96 labels (415 vertices) changed
001: 41 total segments, 2 labels (7 vertices) changed
002: 39 total segments, 0 labels (0 vertices) changed
10 filter iterations complete (10 requested, 2 changed)
rationalizing unknown annotations with cortex label
relabeling unknown label...
relabeling corpuscallosum label...
2378 vertices marked for relabeling...
2378 labels changed in reclassification.
writing output to ../label/lh.aparc.annot...
classification took 0 minutes and 12 seconds.
#--------------------------------------------
#@# WhiteSurfs lh Mon Mar  9 23:58:55 CET 2026
cd /out/sourcedata/freesurfer/sub-v1s2x0051467_ses-1/mri
mris_place_surface --adgws-in ../surf/autodet.gw.stats.lh.dat --seg aseg.presurf.mgz --threads 16 --wm wm.mgz --invol brain.finalsurfs.mgz --lh --i ../surf/lh.white.preaparc --o ../surf/lh.white --white --nsmooth 0 --rip-label ../label/lh.cortex.label --rip-bg --rip-surf ../surf/lh.white.preaparc --aparc ../label/lh.aparc.annot
7.3.2
7.3.2

cd /out/sourcedata/freesurfer/sub-v1s2x0051467_ses-1/mri
setenv SUBJECTS_DIR /out/sourcedata/freesurfer
mris_place_surface --adgws-in ../surf/autodet.gw.stats.lh.dat --seg aseg.presurf.mgz --threads 16 --wm wm.mgz --invol brain.finalsurfs.mgz --lh --i ../surf/lh.white.preaparc --o ../surf/lh.white --white --nsmooth 0 --rip-label ../label/lh.cortex.label --rip-bg --rip-surf ../surf/lh.white.preaparc --aparc ../label/lh.aparc.annot 

Reading in input surface ../surf/lh.white.preaparc
Not smoothing input surface
Area    361552  0.31334  0.11064 0.001011   3.4216
Corner 1084656 60.00000 14.43232 0.156682 178.5984
Edge    542328  0.86096  0.18709 0.036776   3.4759
Hinge   542328  9.52994 10.80266 0.000021 179.7897
Reading in aparc ../label/lh.aparc.annot
Reading in input volume brain.finalsurfs.mgz
Reading in wm volume wm.mgz
MRIclipBrightWM(): nthresh=27662, wmmin=5, clip=110 
MRIfindBrightNonWM(): 532 bright non-wm voxels segmented.
Masking bright non-wm for white surface
MRImask(): AllowDiffGeom = 1
MRImask(): AllowDiffGeom = 1
Reading in seg volume aseg.presurf.mgz
Ripping frozen voxels
Ripping vertices not in label ../label/lh.cortex.label
MRISripNotLabel() ripped 9003/180778 vertices (171775 unripped)
Reading in ripping surface ../surf/lh.white.preaparc
Reading in aparc ../label/lh.aparc.annot for ripsurf
Ripping BG
MRISripBasalGanglia(): 1 -2 2 0.5 ripped 469
Ripping segs (eg, WMSA, BG, frozen)
Starting MRISripSegs() d = (-2 2 0.5) segnos: 247 
MRISripSegs(): -2 2 0.5 ripped 0
vertex 90389: xyz = (-14.9644,-18.2946,92.5653) oxyz = (-14.9644,-18.2946,92.5653) wxzy = (-14.9644,-18.2946,92.5653) pxyz = (0,0,0) 
CBVO Creating mask 180778
n_averages 4
Iteration 0 =========================================
n_averages=4, current_sigma=2
Computing target border values 
Entering MRIScomputeBorderValues_new(): 
  inside_hi   = 120.0000000;
  border_hi   = 111.9589610;
  border_low  =  88.0000000;
  outside_low =  78.8666840;
  outside_hi  = 111.9589610;
  sigma = 2;
  max_thickness = 10;
  step_size=0.5;
  STEP_SIZE=0.1;
  which = 1
  thresh = 0
  flags = 0
  CBVfindFirstPeakD1=0
  CBVfindFirstPeakD2=0
  nvertices=180778
  Gdiag_no=-1
  vno start=0, stop=180778
Replacing 255s with 0s
#SI# sigma=2 had to be increased for 191 vertices, nripped=9472
mean border=95.3, 130 (130) missing vertices, mean dist 0.5 [0.9 (%17.3)->0.8 (%82.7))]
%62 local maxima, %33 large gradients and % 0 min vals, 0 gradients ignored
nFirstPeakD1 0
MRIScomputeBorderValues_new() finished in 0.0193 min


Finding expansion regions
mean absolute distance = 0.80 +- 1.00
3730 vertices more than 2 sigmas from mean.
Averaging target values for 5 iterations...
Positioning Surface: tspring = 0.3, nspring = 0.3, spring = 0, niters = 100 l_repulse = 5, l_surf_repulse = 0, checktol = 0
Positioning pial surface
Entering MRISpositionSurface()
  max_mm = 0.3
  MAX_REDUCTIONS = 2, REDUCTION_PCT = 0.5
  parms->check_tol = 0, niterations = 100
tol=1.0e-04, sigma=2.0, host=dna01, nav=4, nbrs=2, l_repulse=5.000, l_tspring=0.300, l_nspring=0.300, l_intensity=0.200, l_curv=1.000
mom=0.00, dt=0.50
complete_dist_mat 0
rms 0
smooth_averages 0
remove_neg 0
ico_order 0
which_surface 0
target_radius 0.000000
nfields 0
scale 0.000000
desired_rms_height 0.000000
momentum 0.000000
nbhd_size 0
max_nbrs 0
niterations 100
nsurfaces 0
SURFACES 3
flags 0 (0)
use curv 0
no sulc 0
no rigid align 0
mris->nsize 2
mris->hemisphere 0
randomSeed 0

000: dt: 0.0000, sse=1090783.6, rms=4.915
001: dt: 0.5000, sse=565569.4, rms=3.083 (37.278%)
002: dt: 0.5000, sse=390130.8, rms=2.110 (31.558%)
003: dt: 0.5000, sse=331353.9, rms=1.656 (21.495%)
004: dt: 0.5000, sse=307237.4, rms=1.416 (14.483%)
005: dt: 0.5000, sse=296202.4, rms=1.268 (10.466%)
006: dt: 0.5000, sse=288582.3, rms=1.175 (7.360%)
007: dt: 0.5000, sse=283544.2, rms=1.112 (5.340%)
rms = 1.0731/1.1121, sse=283225.8/283544.3, time step reduction 1 of 3 to 0.250  0 0 1
008: dt: 0.5000, sse=283225.8, rms=1.073 (3.514%)
009: dt: 0.2500, sse=275995.7, rms=0.957 (10.815%)
rms = 0.9353/0.9570, sse=275580.2/275995.7, time step reduction 2 of 3 to 0.125  0 0 1
010: dt: 0.2500, sse=275580.2, rms=0.935 (2.269%)
rms = 0.9264/0.9353, sse=277822.1/275580.2, time step reduction 3 of 3 to 0.062  0 1 1
011: dt: 0.1250, sse=277822.1, rms=0.926 (0.949%)
  maximum number of reductions reached, breaking from loop
positioning took 1.3 minutes
Iteration 1 =========================================
n_averages=2, current_sigma=1
Computing target border values 
Entering MRIScomputeBorderValues_new(): 
  inside_hi   = 120.0000000;
  border_hi   = 111.9589610;
  border_low  =  88.0000000;
  outside_low =  78.8666840;
  outside_hi  = 111.9589610;
  sigma = 1;
  max_thickness = 10;
  step_size=0.5;
  STEP_SIZE=0.1;
  which = 1
  thresh = 0
  flags = 0
  CBVfindFirstPeakD1=0
  CBVfindFirstPeakD2=0
  nvertices=180778
  Gdiag_no=-1
  vno start=0, stop=180778
Replacing 255s with 0s
#SI# sigma=1 had to be increased for 143 vertices, nripped=9472
mean border=96.9, 102 (32) missing vertices, mean dist -0.3 [0.6 (%67.0)->0.3 (%33.0))]
%73 local maxima, %22 large gradients and % 0 min vals, 0 gradients ignored
nFirstPeakD1 0
MRIScomputeBorderValues_new() finished in 0.0145 min


Finding expansion regions
mean absolute distance = 0.47 +- 0.76
6113 vertices more than 2 sigmas from mean.
Averaging target values for 5 iterations...
Positioning Surface: tspring = 0.3, nspring = 0.3, spring = 0, niters = 100 l_repulse = 5, l_surf_repulse = 0, checktol = 0
Positioning pial surface
Entering MRISpositionSurface()
  max_mm = 0.3
  MAX_REDUCTIONS = 2, REDUCTION_PCT = 0.5
  parms->check_tol = 0, niterations = 100
tol=1.0e-04, sigma=1.0, host=dna01, nav=2, nbrs=2, l_repulse=5.000, l_tspring=0.300, l_nspring=0.300, l_intensity=0.200, l_curv=1.000
mom=0.00, dt=0.50
000: dt: 0.0000, sse=545959.0, rms=2.842
012: dt: 0.5000, sse=391354.1, rms=1.854 (34.757%)
013: dt: 0.5000, sse=353281.1, rms=1.443 (22.175%)
014: dt: 0.5000, sse=322562.6, rms=1.227 (14.967%)
015: dt: 0.5000, sse=314606.4, rms=1.080 (11.981%)
016: dt: 0.5000, sse=304661.1, rms=1.003 (7.112%)
rms = 0.9546/1.0031, sse=299188.2/304661.1, time step reduction 1 of 3 to 0.250  0 0 1
017: dt: 0.5000, sse=299188.2, rms=0.955 (4.839%)
018: dt: 0.2500, sse=296239.6, rms=0.859 (10.052%)
rms = 0.8454/0.8586, sse=294663.1/296239.6, time step reduction 2 of 3 to 0.125  0 0 1
019: dt: 0.2500, sse=294663.2, rms=0.845 (1.541%)
rms = 0.8416/0.8454, sse=295560.7/294663.1, time step reduction 3 of 3 to 0.062  0 1 1
020: dt: 0.1250, sse=295560.8, rms=0.842 (0.454%)
  maximum number of reductions reached, breaking from loop
positioning took 1.0 minutes
Iteration 2 =========================================
n_averages=1, current_sigma=0.5
Computing target border values 
Entering MRIScomputeBorderValues_new(): 
  inside_hi   = 120.0000000;
  border_hi   = 111.9589610;
  border_low  =  88.0000000;
  outside_low =  78.8666840;
  outside_hi  = 111.9589610;
  sigma = 0.5;
  max_thickness = 10;
  step_size=0.5;
  STEP_SIZE=0.1;
  which = 1
  thresh = 0
  flags = 0
  CBVfindFirstPeakD1=0
  CBVfindFirstPeakD2=0
  nvertices=180778
  Gdiag_no=-1
  vno start=0, stop=180778
Replacing 255s with 0s
#SI# sigma=0.5 had to be increased for 310 vertices, nripped=9472
mean border=98.4, 130 (22) missing vertices, mean dist -0.2 [0.4 (%71.7)->0.2 (%28.3))]
%85 local maxima, %10 large gradients and % 0 min vals, 0 gradients ignored
nFirstPeakD1 0
MRIScomputeBorderValues_new() finished in 0.0080 min


Finding expansion regions
mean absolute distance = 0.38 +- 0.54
6986 vertices more than 2 sigmas from mean.
Averaging target values for 5 iterations...
Positioning Surface: tspring = 0.3, nspring = 0.3, spring = 0, niters = 100 l_repulse = 5, l_surf_repulse = 0, checktol = 0
Positioning pial surface
Entering MRISpositionSurface()
  max_mm = 0.3
  MAX_REDUCTIONS = 2, REDUCTION_PCT = 0.5
  parms->check_tol = 0, niterations = 100
tol=1.0e-04, sigma=0.5, host=dna01, nav=1, nbrs=2, l_repulse=5.000, l_tspring=0.300, l_nspring=0.300, l_intensity=0.200, l_curv=1.000
mom=0.00, dt=0.50
000: dt: 0.0000, sse=447065.4, rms=2.335
021: dt: 0.5000, sse=343627.7, rms=1.412 (39.538%)
022: dt: 0.5000, sse=332687.8, rms=1.055 (25.286%)
023: dt: 0.5000, sse=308671.4, rms=0.934 (11.475%)
024: dt: 0.5000, sse=307601.7, rms=0.878 (6.041%)
rms = 0.8937/0.8775, sse=317469.5/307601.7, time step reduction 1 of 3 to 0.250  0 1 1
   RMS increased, rejecting step
025: dt: 0.2500, sse=304219.2, rms=0.821 (6.450%)
rms = 0.7987/0.8209, sse=308149.8/304219.2, time step reduction 2 of 3 to 0.125  0 1 1
026: dt: 0.2500, sse=308149.8, rms=0.799 (2.704%)
rms = 0.7954/0.7987, sse=308021.6/308149.8, time step reduction 3 of 3 to 0.062  0 0 1
027: dt: 0.1250, sse=308021.6, rms=0.795 (0.424%)
  maximum number of reductions reached, breaking from loop
positioning took 0.9 minutes
Iteration 3 =========================================
n_averages=0, current_sigma=0.25
Computing target border values 
Entering MRIScomputeBorderValues_new(): 
  inside_hi   = 120.0000000;
  border_hi   = 111.9589610;
  border_low  =  88.0000000;
  outside_low =  78.8666840;
  outside_hi  = 111.9589610;
  sigma = 0.25;
  max_thickness = 10;
  step_size=0.5;
  STEP_SIZE=0.1;
  which = 1
  thresh = 0
  flags = 0
  CBVfindFirstPeakD1=0
  CBVfindFirstPeakD2=0
  nvertices=180778
  Gdiag_no=-1
  vno start=0, stop=180778
Replacing 255s with 0s
#SI# sigma=0.25 had to be increased for 384 vertices, nripped=9472
mean border=98.9, 157 (17) missing vertices, mean dist -0.1 [0.3 (%59.3)->0.2 (%40.7))]
%89 local maxima, % 6 large gradients and % 0 min vals, 0 gradients ignored
nFirstPeakD1 0
MRIScomputeBorderValues_new() finished in 0.0052 min


Finding expansion regions
mean absolute distance = 0.27 +- 0.41
5810 vertices more than 2 sigmas from mean.
Averaging target values for 5 iterations...
Positioning Surface: tspring = 0.3, nspring = 0.3, spring = 0, niters = 100 l_repulse = 5, l_surf_repulse = 0, checktol = 0
Positioning pial surface
Entering MRISpositionSurface()
  max_mm = 0.3
  MAX_REDUCTIONS = 2, REDUCTION_PCT = 0.5
  parms->check_tol = 0, niterations = 100
tol=1.0e-04, sigma=0.2, host=dna01, nav=0, nbrs=2, l_repulse=5.000, l_tspring=0.300, l_nspring=0.300, l_intensity=0.200, l_curv=1.000
mom=0.00, dt=0.50
000: dt: 0.0000, sse=326521.3, rms=1.171
028: dt: 0.5000, sse=316721.0, rms=0.756 (35.403%)
rms = 0.7756/0.7564, sse=316945.6/316721.0, time step reduction 1 of 3 to 0.250  0 1 1
   RMS increased, rejecting step
rms = 0.7252/0.7564, sse=311368.0/316721.0, time step reduction 2 of 3 to 0.125  0 0 1
029: dt: 0.2500, sse=311368.0, rms=0.725 (4.129%)
rms = 0.7121/0.7252, sse=311480.0/311368.0, time step reduction 3 of 3 to 0.062  0 1 1
030: dt: 0.1250, sse=311480.0, rms=0.712 (1.801%)
  maximum number of reductions reached, breaking from loop
positioning took 0.4 minutes


Writing output to ../surf/lh.white
#ET# mris_place_surface  3.65 minutes
#VMPC# mris_place_surfaces VmPeak  3416108
mris_place_surface done
#--------------------------------------------
#@# T1PialSurf lh Tue Mar 10 00:02:41 CET 2026
cd /out/sourcedata/freesurfer/sub-v1s2x0051467_ses-1/mri
mris_place_surface --adgws-in ../surf/autodet.gw.stats.lh.dat --seg aseg.presurf.mgz --threads 16 --wm wm.mgz --invol brain.finalsurfs.mgz --lh --i ../surf/lh.white --o ../surf/lh.pial.T1 --pial --nsmooth 0 --rip-label ../label/lh.cortex+hipamyg.label --pin-medial-wall ../label/lh.cortex.label --aparc ../label/lh.aparc.annot --repulse-surf ../surf/lh.white --white-surf ../surf/lh.white
7.3.2
7.3.2

cd /out/sourcedata/freesurfer/sub-v1s2x0051467_ses-1/mri
setenv SUBJECTS_DIR /out/sourcedata/freesurfer
mris_place_surface --adgws-in ../surf/autodet.gw.stats.lh.dat --seg aseg.presurf.mgz --threads 16 --wm wm.mgz --invol brain.finalsurfs.mgz --lh --i ../surf/lh.white --o ../surf/lh.pial.T1 --pial --nsmooth 0 --rip-label ../label/lh.cortex+hipamyg.label --pin-medial-wall ../label/lh.cortex.label --aparc ../label/lh.aparc.annot --repulse-surf ../surf/lh.white --white-surf ../surf/lh.white 

Reading in input surface ../surf/lh.white
Not smoothing input surface
Area    361552  0.31532  0.12354 0.000609   2.7195
Corner 1084656 60.00000 15.99900 0.156441 179.6454
Edge    542328  0.86559  0.20616 0.015153   3.3191
Hinge   542328  9.67499 11.22983 0.000042 179.8450
Reading white surface coordinates from ../surf/lh.white
Reading repulsion surface coordinates from ../surf/lh.white
Reading in aparc ../label/lh.aparc.annot
Reading in input volume brain.finalsurfs.mgz
Reading in wm volume wm.mgz
MRIclipBrightWM(): nthresh=27662, wmmin=5, clip=110 
MRIfindBrightNonWM(): 532 bright non-wm voxels segmented.
Masking bright non-wm for pial surface mid_gray = 81.3205
MRImask(): AllowDiffGeom = 1
MRImask(): AllowDiffGeom = 1
MRImask(): AllowDiffGeom = 1
Reading in seg volume aseg.presurf.mgz
Ripping frozen voxels
Ripping vertices not in label ../label/lh.cortex+hipamyg.label
MRISripNotLabel() ripped 6904/180778 vertices (173874 unripped)
INFO: rip surface needed but not specified, so using input surface
Ripping segs (eg, WMSA, BG, frozen)
Starting MRISripSegs() d = (-2 2 0.5) segnos: 247 
MRISripSegs(): -2 2 0.5 ripped 0
vertex 90389: xyz = (-14.9367,-18.2556,92.566) oxyz = (-14.9367,-18.2556,92.566) wxzy = (-14.9367,-18.2556,92.566) pxyz = (-14.9367,-18.2556,92.566) 
CBVO Creating mask 180778
n_averages 16
Iteration 0 =========================================
n_averages=16, current_sigma=2
Computing target border values 
Entering MRIScomputeBorderValues_new(): 
  inside_hi   = 102.0410390;
  border_hi   =  78.8666840;
  border_low  =  60.6000630;
  outside_low =  10.0000000;
  outside_hi  =  74.3000340;
  sigma = 2;
  max_thickness = 10;
  step_size=0.5;
  STEP_SIZE=0.1;
  which = 2
  thresh = 0
  flags = 0
  CBVfindFirstPeakD1=0
  CBVfindFirstPeakD2=0
  nvertices=180778
  Gdiag_no=-1
  vno start=0, stop=180778
Replacing 255s with 0s
#SI# sigma=2 had to be increased for 123 vertices, nripped=6904
mean border=77.7, 167 (167) missing vertices, mean dist 1.6 [1.0 (%0.0)->3.2 (%100.0))]
%14 local maxima, %32 large gradients and %50 min vals, 0 gradients ignored
nFirstPeakD1 0
MRIScomputeBorderValues_new() finished in 0.0162 min


Averaging target values for 5 iterations...
Positioning Surface: tspring = 0.3, nspring = 0.3, spring = 0, niters = 100 l_repulse = 0, l_surf_repulse = 5, checktol = 0
Positioning pial surface
Entering MRISpositionSurface()
  max_mm = 0.3
  MAX_REDUCTIONS = 2, REDUCTION_PCT = 0.5
  parms->check_tol = 0, niterations = 100
tol=1.0e-04, sigma=2.0, host=dna01, nav=16, nbrs=2, l_surf_repulse=5.000, l_tspring=0.300, l_nspring=0.300, l_intensity=0.200, l_curv=1.000
mom=0.00, dt=0.50
complete_dist_mat 0
rms 0
smooth_averages 0
remove_neg 0
ico_order 0
which_surface 0
target_radius 0.000000
nfields 0
scale 0.000000
desired_rms_height 0.000000
momentum 0.000000
nbhd_size 0
max_nbrs 0
niterations 100
nsurfaces 0
SURFACES 3
flags 0 (0)
use curv 0
no sulc 0
no rigid align 0
mris->nsize 2
mris->hemisphere 0
randomSeed 0

000: dt: 0.0000, sse=17469116.0, rms=22.267
001: dt: 0.5000, sse=13874335.0, rms=19.808 (11.042%)
002: dt: 0.5000, sse=11114565.0, rms=17.689 (10.697%)
003: dt: 0.5000, sse=9131544.0, rms=15.993 (9.587%)
004: dt: 0.5000, sse=7707061.5, rms=14.653 (8.378%)
005: dt: 0.5000, sse=6573239.5, rms=13.491 (7.931%)
006: dt: 0.5000, sse=5481339.5, rms=12.268 (9.068%)
007: dt: 0.5000, sse=4423052.0, rms=10.952 (10.726%)
008: dt: 0.5000, sse=3443205.8, rms=9.573 (12.588%)
009: dt: 0.5000, sse=2591994.2, rms=8.189 (14.459%)
010: dt: 0.5000, sse=1890113.4, rms=6.840 (16.477%)
011: dt: 0.5000, sse=1393137.9, rms=5.693 (16.760%)
012: dt: 0.5000, sse=1082973.6, rms=4.841 (14.974%)
013: dt: 0.5000, sse=913329.8, rms=4.302 (11.137%)
014: dt: 0.5000, sse=822511.4, rms=3.982 (7.444%)
015: dt: 0.5000, sse=783627.9, rms=3.834 (3.717%)
016: dt: 0.5000, sse=759007.6, rms=3.736 (2.548%)
rms = 3.6938/3.7359, sse=749329.1/759007.6, time step reduction 1 of 3 to 0.250  0 0 1
017: dt: 0.5000, sse=749329.1, rms=3.694 (1.128%)
018: dt: 0.2500, sse=569574.4, rms=2.886 (21.880%)
019: dt: 0.2500, sse=543517.6, rms=2.748 (4.751%)
rms = 2.7518/2.7485, sse=544698.4/543517.6, time step reduction 2 of 3 to 0.125  0 1 1
   RMS increased, rejecting step
020: dt: 0.1250, sse=524034.1, rms=2.643 (3.850%)
021: dt: 0.1250, sse=497275.5, rms=2.488 (5.848%)
rms = 2.4504/2.4881, sse=491123.2/497275.5, time step reduction 3 of 3 to 0.062  0 0 1
022: dt: 0.1250, sse=491123.2, rms=2.450 (1.515%)
  maximum number of reductions reached, breaking from loop
positioning took 2.2 minutes
Iteration 1 =========================================
n_averages=8, current_sigma=1
Computing target border values 
Entering MRIScomputeBorderValues_new(): 
  inside_hi   = 102.0410390;
  border_hi   =  78.8666840;
  border_low  =  60.6000630;
  outside_low =  10.0000000;
  outside_hi  =  74.3000340;
  sigma = 1;
  max_thickness = 10;
  step_size=0.5;
  STEP_SIZE=0.1;
  which = 2
  thresh = 0
  flags = 0
  CBVfindFirstPeakD1=0
  CBVfindFirstPeakD2=0
  nvertices=180778
  Gdiag_no=-1
  vno start=0, stop=180778
Replacing 255s with 0s
#SI# sigma=1 had to be increased for 20349 vertices, nripped=6904
mean border=77.2, 3208 (43) missing vertices, mean dist 0.1 [0.1 (%44.0)->0.5 (%56.0))]
%24 local maxima, %25 large gradients and %46 min vals, 0 gradients ignored
nFirstPeakD1 0
MRIScomputeBorderValues_new() finished in 0.0039 min


Averaging target values for 5 iterations...
Positioning Surface: tspring = 0.3, nspring = 0.3, spring = 0, niters = 100 l_repulse = 0, l_surf_repulse = 5, checktol = 0
Positioning pial surface
Entering MRISpositionSurface()
  max_mm = 0.3
  MAX_REDUCTIONS = 2, REDUCTION_PCT = 0.5
  parms->check_tol = 0, niterations = 100
tol=1.0e-04, sigma=1.0, host=dna01, nav=8, nbrs=2, l_surf_repulse=5.000, l_tspring=0.300, l_nspring=0.300, l_intensity=0.200, l_curv=1.000
mom=0.00, dt=0.50
000: dt: 0.0000, sse=608772.1, rms=2.839
rms = 3.2756/2.8393, sse=701697.2/608772.1, time step reduction 1 of 3 to 0.250  0 1 1
   RMS increased, rejecting step
023: dt: 0.2500, sse=566295.2, rms=2.612 (8.011%)
024: dt: 0.2500, sse=549006.4, rms=2.512 (3.815%)
rms = 2.5706/2.5122, sse=559285.7/549006.4, time step reduction 2 of 3 to 0.125  0 1 1
   RMS increased, rejecting step
rms = 2.4633/2.5122, sse=540726.0/549006.4, time step reduction 3 of 3 to 0.062  0 0 1
025: dt: 0.1250, sse=540725.9, rms=2.463 (1.946%)
  maximum number of reductions reached, breaking from loop
positioning took 0.4 minutes
Iteration 2 =========================================
n_averages=4, current_sigma=0.5
Computing target border values 
Entering MRIScomputeBorderValues_new(): 
  inside_hi   = 102.0410390;
  border_hi   =  78.8666840;
  border_low  =  60.6000630;
  outside_low =  10.0000000;
  outside_hi  =  74.3000340;
  sigma = 0.5;
  max_thickness = 10;
  step_size=0.5;
  STEP_SIZE=0.1;
  which = 2
  thresh = 0
  flags = 0
  CBVfindFirstPeakD1=0
  CBVfindFirstPeakD2=0
  nvertices=180778
  Gdiag_no=-1
  vno start=0, stop=180778
Replacing 255s with 0s
#SI# sigma=0.5 had to be increased for 21760 vertices, nripped=6904
mean border=77.0, 3448 (42) missing vertices, mean dist 0.1 [0.1 (%44.8)->0.4 (%55.2))]
%32 local maxima, %16 large gradients and %46 min vals, 0 gradients ignored
nFirstPeakD1 0
MRIScomputeBorderValues_new() finished in 0.0025 min


Averaging target values for 5 iterations...
Positioning Surface: tspring = 0.3, nspring = 0.3, spring = 0, niters = 100 l_repulse = 0, l_surf_repulse = 5, checktol = 0
Positioning pial surface
Entering MRISpositionSurface()
  max_mm = 0.3
  MAX_REDUCTIONS = 2, REDUCTION_PCT = 0.5
  parms->check_tol = 0, niterations = 100
tol=1.0e-04, sigma=0.5, host=dna01, nav=4, nbrs=2, l_surf_repulse=5.000, l_tspring=0.300, l_nspring=0.300, l_intensity=0.200, l_curv=1.000
mom=0.00, dt=0.50
000: dt: 0.0000, sse=553526.1, rms=2.534
rms = 2.9972/2.5338, sse=640919.6/553526.0, time step reduction 1 of 3 to 0.250  0 1 1
   RMS increased, rejecting step
026: dt: 0.2500, sse=528569.2, rms=2.387 (5.813%)
rms = 2.3610/2.3865, sse=524073.1/528569.2, time step reduction 2 of 3 to 0.125  0 0 1
027: dt: 0.2500, sse=524073.1, rms=2.361 (1.070%)
028: dt: 0.1250, sse=512593.2, rms=2.287 (3.119%)
rms = 2.2607/2.2873, sse=508374.5/512593.3, time step reduction 3 of 3 to 0.062  0 0 1
029: dt: 0.1250, sse=508374.5, rms=2.261 (1.164%)
  maximum number of reductions reached, breaking from loop
positioning took 0.4 minutes
Iteration 3 =========================================
n_averages=2, current_sigma=0.25
Computing target border values 
Entering MRIScomputeBorderValues_new(): 
  inside_hi   = 102.0410390;
  border_hi   =  78.8666840;
  border_low  =  60.6000630;
  outside_low =  10.0000000;
  outside_hi  =  74.3000340;
  sigma = 0.25;
  max_thickness = 10;
  step_size=0.5;
  STEP_SIZE=0.1;
  which = 2
  thresh = 0
  flags = 0
  CBVfindFirstPeakD1=0
  CBVfindFirstPeakD2=0
  nvertices=180778
  Gdiag_no=-1
  vno start=0, stop=180778
Replacing 255s with 0s
#SI# sigma=0.25 had to be increased for 18687 vertices, nripped=6904
mean border=76.7, 7973 (40) missing vertices, mean dist 0.1 [0.1 (%43.8)->0.3 (%56.2))]
%35 local maxima, %13 large gradients and %44 min vals, 0 gradients ignored
nFirstPeakD1 0
MRIScomputeBorderValues_new() finished in 0.0023 min


Averaging target values for 5 iterations...
Positioning Surface: tspring = 0.3, nspring = 0.3, spring = 0, niters = 100 l_repulse = 0, l_surf_repulse = 5, checktol = 0
Positioning pial surface
Entering MRISpositionSurface()
  max_mm = 0.3
  MAX_REDUCTIONS = 2, REDUCTION_PCT = 0.5
  parms->check_tol = 0, niterations = 100
tol=1.0e-04, sigma=0.2, host=dna01, nav=2, nbrs=2, l_surf_repulse=5.000, l_tspring=0.300, l_nspring=0.300, l_intensity=0.200, l_curv=1.000
mom=0.00, dt=0.50
000: dt: 0.0000, sse=518750.4, rms=2.323
rms = 2.6501/2.3226, sse=573440.1/518750.4, time step reduction 1 of 3 to 0.250  0 1 1
   RMS increased, rejecting step
030: dt: 0.2500, sse=506851.7, rms=2.247 (3.238%)
rms = 2.2270/2.2474, sse=502973.3/506851.7, time step reduction 2 of 3 to 0.125  0 0 1
031: dt: 0.2500, sse=502973.3, rms=2.227 (0.906%)
032: dt: 0.1250, sse=495253.4, rms=2.175 (2.336%)
rms = 2.1491/2.1750, sse=491210.2/495253.4, time step reduction 3 of 3 to 0.062  0 0 1
033: dt: 0.1250, sse=491210.2, rms=2.149 (1.192%)
  maximum number of reductions reached, breaking from loop
positioning took 0.4 minutes
Pinning medial wall to white surface
removing intersecting faces
000: 4 intersecting
terminating search with 0 intersecting


Writing output to ../surf/lh.pial.T1
#ET# mris_place_surface  3.72 minutes
#VMPC# mris_place_surfaces VmPeak  2560164
mris_place_surface done
#@# white curv lh Tue Mar 10 00:06:31 CET 2026
cd /out/sourcedata/freesurfer/sub-v1s2x0051467_ses-1/mri
mris_place_surface --curv-map ../surf/lh.white 2 10 ../surf/lh.curv
insurf  ../surf/lh.white, nbrs 2, curvature_avgs 10
writing curvature file ../surf/lh.curv
#@# white area lh Tue Mar 10 00:06:33 CET 2026
cd /out/sourcedata/freesurfer/sub-v1s2x0051467_ses-1/mri
mris_place_surface --area-map ../surf/lh.white ../surf/lh.area
writing curvature file ../surf/lh.area
#@# pial curv lh Tue Mar 10 00:06:34 CET 2026
cd /out/sourcedata/freesurfer/sub-v1s2x0051467_ses-1/mri
mris_place_surface --curv-map ../surf/lh.pial 2 10 ../surf/lh.curv.pial
insurf  ../surf/lh.pial, nbrs 2, curvature_avgs 10
writing curvature file ../surf/lh.curv.pial
#@# pial area lh Tue Mar 10 00:06:36 CET 2026
cd /out/sourcedata/freesurfer/sub-v1s2x0051467_ses-1/mri
mris_place_surface --area-map ../surf/lh.pial ../surf/lh.area.pial
writing curvature file ../surf/lh.area.pial
#@# thickness lh Tue Mar 10 00:06:37 CET 2026
cd /out/sourcedata/freesurfer/sub-v1s2x0051467_ses-1/mri
mris_place_surface --thickness ../surf/lh.white ../surf/lh.pial 20 5 ../surf/lh.thickness
0 of 180778 vertices processed
25000 of 180778 vertices processed
50000 of 180778 vertices processed
75000 of 180778 vertices processed
100000 of 180778 vertices processed
125000 of 180778 vertices processed
150000 of 180778 vertices processed
175000 of 180778 vertices processed
0 of 180778 vertices processed
25000 of 180778 vertices processed
50000 of 180778 vertices processed
75000 of 180778 vertices processed
100000 of 180778 vertices processed
125000 of 180778 vertices processed
150000 of 180778 vertices processed
175000 of 180778 vertices processed
thickness calculation complete, 161:868 truncations.
85296 vertices at 0 distance
151129 vertices at 1 distance
77912 vertices at 2 distance
29580 vertices at 3 distance
11269 vertices at 4 distance
4001 vertices at 5 distance
1353 vertices at 6 distance
460 vertices at 7 distance
185 vertices at 8 distance
96 vertices at 9 distance
42 vertices at 10 distance
38 vertices at 11 distance
30 vertices at 12 distance
29 vertices at 13 distance
19 vertices at 14 distance
23 vertices at 15 distance
13 vertices at 16 distance
21 vertices at 17 distance
10 vertices at 18 distance
15 vertices at 19 distance
35 vertices at 20 distance
writing curvature file ../surf/lh.thickness
#@# area and vertex vol lh Tue Mar 10 00:07:16 CET 2026
cd /out/sourcedata/freesurfer/sub-v1s2x0051467_ses-1/mri
mris_place_surface --thickness ../surf/lh.white ../surf/lh.pial 20 5 ../surf/lh.thickness
/out/sourcedata/freesurfer/sub-v1s2x0051467_ses-1/surf
mris_calc -o lh.area.mid lh.area add lh.area.pial
Saving result to 'lh.area.mid' (type = MRI_CURV_FILE)                       [ ok ]
mris_calc -o lh.area.mid lh.area.mid div 2
Saving result to 'lh.area.mid' (type = MRI_CURV_FILE)                       [ ok ]
mris_convert --volume sub-v1s2x0051467_ses-1 lh /out/sourcedata/freesurfer/sub-v1s2x0051467_ses-1/surf/lh.volume
masking with /out/sourcedata/freesurfer/sub-v1s2x0051467_ses-1/label/lh.cortex.label
Total face volume 300378
Total vertex volume 300191 (mask=0)
#@# sub-v1s2x0051467_ses-1 lh 300191
 
vertexvol Done

#-----------------------------------------
#@# Curvature Stats lh Tue Mar 10 00:07:18 CET 2026
/out/sourcedata/freesurfer/sub-v1s2x0051467_ses-1/surf

 mris_curvature_stats -m --writeCurvatureFiles -G -o ../stats/lh.curv.stats -F smoothwm sub-v1s2x0051467_ses-1 lh curv sulc 

             Toggling save flag on curvature files                       [ ok ]
                 Outputting results using filestem   [ ../stats/lh.curv.stats ]
             Toggling save flag on curvature files                       [ ok ]
                                   Setting surface [ sub-v1s2x0051467_ses-1/lh.smoothwm ]
                                Reading surface...                       [ ok ]
                                   Setting texture                     [ curv ]
                                Reading texture...                       [ ok ]
                                   Setting texture                     [ sulc ]
                                Reading texture...Gb_filter = 0
                       [ ok ]
      Calculating Discrete Principal Curvatures...
      Determining geometric order for vno faces... [####################] [ ok ]
                      Determining KH curvatures... [####################] [ ok ]
                    Determining k1k2 curvatures... [####################] [ ok ]
                                   deltaViolations                      [ 322 ]
Gb_filter = 0

WARN:    S lookup   min:                          -0.154635
WARN:    S explicit min:                          0.000000	vertex = 1
#-----------------------------------------
#@# Cortical Parc 2 lh Tue Mar 10 00:07:21 CET 2026
/out/sourcedata/freesurfer/sub-v1s2x0051467_ses-1/scripts

 mris_ca_label -l ../label/lh.cortex.label -aseg ../mri/aseg.presurf.mgz -seed 1234 sub-v1s2x0051467_ses-1 lh ../surf/lh.sphere.reg /opt/freesurfer/average/lh.CDaparc.atlas.acfb40.noaparc.i12.2016-08-02.gcs ../label/lh.aparc.a2009s.annot 

setting seed for random number generator to 1234
using ../mri/aseg.presurf.mgz aseg volume to correct midline
7.3.2
  7.3.2
reading atlas from /opt/freesurfer/average/lh.CDaparc.atlas.acfb40.noaparc.i12.2016-08-02.gcs...
reading color table from GCSA file....
average std = 3.0   using min determinant for regularization = 0.088
0 singular and 0 ill-conditioned covariance matrices regularized
input 0: MEAN CURVATURE, flags 0, avgs 5, name mean_curvature
labeling surface...
7 labels changed using aseg
relabeling using gibbs priors...
000:  11653 changed, 180778 examined...
001:   2782 changed, 44766 examined...
002:    908 changed, 14801 examined...
003:    388 changed, 5136 examined...
004:    184 changed, 2267 examined...
005:     96 changed, 1073 examined...
006:     44 changed, 521 examined...
007:     20 changed, 244 examined...
008:     11 changed, 122 examined...
009:      9 changed, 60 examined...
010:      3 changed, 43 examined...
011:      2 changed, 19 examined...
012:      3 changed, 10 examined...
013:      1 changed, 12 examined...
014:      0 changed, 7 examined...
0 labels changed using aseg
000: 301 total segments, 215 labels (3111 vertices) changed
001: 102 total segments, 17 labels (38 vertices) changed
002: 85 total segments, 0 labels (0 vertices) changed
10 filter iterations complete (10 requested, 53 changed)
rationalizing unknown annotations with cortex label
relabeling Medial_wall label...
1501 vertices marked for relabeling...
1501 labels changed in reclassification.
writing output to ../label/lh.aparc.a2009s.annot...
classification took 0 minutes and 16 seconds.
#-----------------------------------------
#@# Cortical Parc 3 lh Tue Mar 10 00:07:38 CET 2026
/out/sourcedata/freesurfer/sub-v1s2x0051467_ses-1/scripts

 mris_ca_label -l ../label/lh.cortex.label -aseg ../mri/aseg.presurf.mgz -seed 1234 sub-v1s2x0051467_ses-1 lh ../surf/lh.sphere.reg /opt/freesurfer/average/lh.DKTaparc.atlas.acfb40.noaparc.i12.2016-08-02.gcs ../label/lh.aparc.DKTatlas.annot 

setting seed for random number generator to 1234
using ../mri/aseg.presurf.mgz aseg volume to correct midline
7.3.2
  7.3.2
reading atlas from /opt/freesurfer/average/lh.DKTaparc.atlas.acfb40.noaparc.i12.2016-08-02.gcs...
reading color table from GCSA file....
average std = 1.4   using min determinant for regularization = 0.020
0 singular and 383 ill-conditioned covariance matrices regularized
input 0: MEAN CURVATURE, flags 0, avgs 5, name mean_curvature
labeling surface...
2205 labels changed using aseg
relabeling using gibbs priors...
000:   2375 changed, 180778 examined...
001:    514 changed, 10851 examined...
002:    127 changed, 2962 examined...
003:     50 changed, 767 examined...
004:     29 changed, 313 examined...
005:     24 changed, 173 examined...
006:     16 changed, 140 examined...
007:     10 changed, 96 examined...
008:      6 changed, 54 examined...
009:      6 changed, 41 examined...
010:      4 changed, 32 examined...
011:      3 changed, 29 examined...
012:      2 changed, 17 examined...
013:      1 changed, 14 examined...
014:      1 changed, 7 examined...
015:      1 changed, 8 examined...
016:      0 changed, 7 examined...
221 labels changed using aseg
000: 57 total segments, 24 labels (240 vertices) changed
001: 34 total segments, 1 labels (1 vertices) changed
002: 33 total segments, 0 labels (0 vertices) changed
10 filter iterations complete (10 requested, 4 changed)
rationalizing unknown annotations with cortex label
relabeling unknown label...
relabeling corpuscallosum label...
1235 vertices marked for relabeling...
1235 labels changed in reclassification.
writing output to ../label/lh.aparc.DKTatlas.annot...
classification took 0 minutes and 13 seconds.
#-----------------------------------------
#@# WM/GM Contrast lh Tue Mar 10 00:07:50 CET 2026
/out/sourcedata/freesurfer/sub-v1s2x0051467_ses-1/scripts

 pctsurfcon --s sub-v1s2x0051467_ses-1 --lh-only 

Log file is /out/sourcedata/freesurfer/sub-v1s2x0051467_ses-1/scripts/pctsurfcon.log
Tue Mar 10 00:07:50 CET 2026
setenv SUBJECTS_DIR /out/sourcedata/freesurfer
cd /out/sourcedata/freesurfer/sub-v1s2x0051467_ses-1/scripts
/opt/freesurfer/bin/pctsurfcon
pctsurfcon 7.3.2
Linux dna013 5.14.0-427.37.1.el9_4.x86_64 #1 SMP PREEMPT_DYNAMIC Fri Sep 13 12:41:50 EDT 2024 x86_64 x86_64 x86_64 GNU/Linux
FREESURFER_HOME /opt/freesurfer
mri_vol2surf --mov /out/sourcedata/freesurfer/sub-v1s2x0051467_ses-1/mri/rawavg.mgz --hemi lh --noreshape --interp trilinear --projdist -1 --o /out/sourcedata/freesurfer/sub-v1s2x0051467_ses-1/surf/tmp.pctsurfcon.1498983/lh.wm.mgh --regheader sub-v1s2x0051467_ses-1 --cortex
srcvol = /out/sourcedata/freesurfer/sub-v1s2x0051467_ses-1/mri/rawavg.mgz
srcreg unspecified
srcregold = 0
srcwarp unspecified
surf = white
hemi = lh
ProjDist = -1
reshape = 0
interp = trilinear
float2int = round
GetProjMax = 0
INFO: float2int code = 0
Done loading volume
Computing registration from header.
  Using /out/sourcedata/freesurfer/sub-v1s2x0051467_ses-1/mri/orig.mgz as target reference.
-------- original matrix -----------
-1.00000   0.00000   0.00000   0.00001;
 0.00000   0.00000   1.00000   0.00000;
 0.00000  -1.00000   0.00000   0.00000;
 0.00000   0.00000   0.00000   1.00000;
-------- original matrix -----------
Loading label /out/sourcedata/freesurfer/sub-v1s2x0051467_ses-1/label/lh.cortex.label
Reading surface /out/sourcedata/freesurfer/sub-v1s2x0051467_ses-1/surf/lh.white
Done reading source surface
Mapping Source Volume onto Source Subject Surface
Projecting -1 -1 1
 1 -1 -1 -1
using old
Done mapping volume to surface
Number of source voxels hit = 100541
Masking with /out/sourcedata/freesurfer/sub-v1s2x0051467_ses-1/label/lh.cortex.label
Writing to /out/sourcedata/freesurfer/sub-v1s2x0051467_ses-1/surf/tmp.pctsurfcon.1498983/lh.wm.mgh
Dim: 180778 1 1
mri_vol2surf --mov /out/sourcedata/freesurfer/sub-v1s2x0051467_ses-1/mri/rawavg.mgz --hemi lh --noreshape --interp trilinear --o /out/sourcedata/freesurfer/sub-v1s2x0051467_ses-1/surf/tmp.pctsurfcon.1498983/lh.gm.mgh --projfrac 0.3 --regheader sub-v1s2x0051467_ses-1 --cortex
srcvol = /out/sourcedata/freesurfer/sub-v1s2x0051467_ses-1/mri/rawavg.mgz
srcreg unspecified
srcregold = 0
srcwarp unspecified
surf = white
hemi = lh
ProjFrac = 0.3
thickness = thickness
reshape = 0
interp = trilinear
float2int = round
GetProjMax = 0
INFO: float2int code = 0
Done loading volume
Computing registration from header.
  Using /out/sourcedata/freesurfer/sub-v1s2x0051467_ses-1/mri/orig.mgz as target reference.
-------- original matrix -----------
-1.00000   0.00000   0.00000   0.00001;
 0.00000   0.00000   1.00000   0.00000;
 0.00000  -1.00000   0.00000   0.00000;
 0.00000   0.00000   0.00000   1.00000;
-------- original matrix -----------
Loading label /out/sourcedata/freesurfer/sub-v1s2x0051467_ses-1/label/lh.cortex.label
Reading surface /out/sourcedata/freesurfer/sub-v1s2x0051467_ses-1/surf/lh.white
Done reading source surface
Reading thickness /out/sourcedata/freesurfer/sub-v1s2x0051467_ses-1/surf/lh.thickness
Done
Mapping Source Volume onto Source Subject Surface
Projecting 0.3 0.3 1
 1 0.3 0.3 0.3
using old
Done mapping volume to surface
Number of source voxels hit = 118986
Masking with /out/sourcedata/freesurfer/sub-v1s2x0051467_ses-1/label/lh.cortex.label
Writing to /out/sourcedata/freesurfer/sub-v1s2x0051467_ses-1/surf/tmp.pctsurfcon.1498983/lh.gm.mgh
Dim: 180778 1 1
mri_concat /out/sourcedata/freesurfer/sub-v1s2x0051467_ses-1/surf/tmp.pctsurfcon.1498983/lh.wm.mgh /out/sourcedata/freesurfer/sub-v1s2x0051467_ses-1/surf/tmp.pctsurfcon.1498983/lh.gm.mgh --paired-diff-norm --mul 100 --o /out/sourcedata/freesurfer/sub-v1s2x0051467_ses-1/surf/lh.w-g.pct.mgh
ninputs = 2
Checking inputs
nframestot = 2
Allocing output
Done allocing
Combining pairs
nframes = 1
Multiplying by 100.000000
Writing to /out/sourcedata/freesurfer/sub-v1s2x0051467_ses-1/surf/lh.w-g.pct.mgh
mri_segstats --in /out/sourcedata/freesurfer/sub-v1s2x0051467_ses-1/surf/lh.w-g.pct.mgh --annot sub-v1s2x0051467_ses-1 lh aparc --sum /out/sourcedata/freesurfer/sub-v1s2x0051467_ses-1/stats/lh.w-g.pct.stats --snr

7.3.2
cwd 
cmdline mri_segstats --in /out/sourcedata/freesurfer/sub-v1s2x0051467_ses-1/surf/lh.w-g.pct.mgh --annot sub-v1s2x0051467_ses-1 lh aparc --sum /out/sourcedata/freesurfer/sub-v1s2x0051467_ses-1/stats/lh.w-g.pct.stats --snr 
sysname  Linux
hostname dna013
machine  x86_64
user     oesteban
whitesurfname  white
UseRobust  0
Constructing seg from annotation

Reading annotation /out/sourcedata/freesurfer/sub-v1s2x0051467_ses-1/label/lh.aparc.annot
Seg base 1000
Loading /out/sourcedata/freesurfer/sub-v1s2x0051467_ses-1/surf/lh.w-g.pct.mgh
Vertex Area is 0.630631 mm^3
Generating list of segmentation ids
Found  36 segmentations
Computing statistics for each segmentation

Reporting on  35 segmentations
Using PrintSegStat
mri_segstats done
Cleaning up

Started at Mon Mar 9 23:34:09 CET 2026 
Ended   at Tue Mar 10 00:07:54 CET 2026
#@#%# recon-all-run-time-hours 0.562
recon-all -s sub-v1s2x0051467_ses-1 finished without error at Tue Mar 10 00:07:54 CET 2026



#New# invocation of recon-all 




Tue Mar 10 00:45:52 CET 2026
cd /out/sourcedata/freesurfer/sub-v1s2x0051467_ses-1
setenv SUBJECTS_DIR /out/sourcedata/freesurfer
/opt/freesurfer/bin/recon-all -autorecon-hemi lh -nohyporelabel -lh-only -openmp 16 -subjid sub-v1s2x0051467_ses-1 -sd /out/sourcedata/freesurfer -notessellate -nosmooth1 -noinflate1 -noqsphere -nofix -nowhite -nosmooth2 -noinflate2 -nocurvHK -nocurvstats -nosphere -nosurfreg -nojacobian_white -noavgcurv -nocortparc -nopial -nocortparc2 -nocortparc3 -nopctsurfcon

subjid sub-v1s2x0051467_ses-1
setenv SUBJECTS_DIR /out/sourcedata/freesurfer
FREESURFER_HOME /opt/freesurfer
Actual FREESURFER_HOME /opt/freesurfer
build-stamp.txt: freesurfer-linux-ubuntu22_x86_64-7.3.2-20220804-6354275
Linux dna013 5.14.0-427.37.1.el9_4.x86_64 #1 SMP PREEMPT_DYNAMIC Fri Sep 13 12:41:50 EDT 2024 x86_64 x86_64 x86_64 GNU/Linux
cputime      unlimited
filesize     unlimited
datasize     unlimited
stacksize    8192 kbytes
coredumpsize 0 kbytes
memoryuse    67108864 kbytes
vmemoryuse   unlimited
descriptors  1024 
memorylocked unlimited
maxproc      2061970 
maxlocks     unlimited
maxsignal    2061970 
maxmessage   819200 
maxnice      0 
maxrtprio    0 
maxrttime    unlimited

               total        used        free      shared  buff/cache   available
Mem:           503Gi        51Gi       411Gi       7.5Gi        39Gi       441Gi
Swap:             0B          0B          0B

########################################
program versions used
7.3.2 (freesurfer-linux-ubuntu22_x86_64-7.3.2-20220804-6354275)
7.3.2

ProgramName: lta_convert  ProgramArguments: lta_convert -all-info  ProgramVersion: 7.3.2  TimeStamp: 2026/03/09-23:45:52-GMT  BuildTime: Aug  4 2022 06:17:15  BuildStamp: freesurfer-linux-ubuntu22_x86_64-7.3.2-20220804-6354275  User: oesteban  Machine: dna013  Platform: Linux  PlatformVersion: 5.14.0-427.37.1.el9_4.x86_64  CompilerName: GCC  CompilerVersion: 8.4.0
ProgramName: mri_and  ProgramArguments: mri_and -all-info  ProgramVersion: 7.3.2  TimeStamp: 2026/03/09-23:45:52-GMT  BuildTime: Aug  4 2022 06:17:15  BuildStamp: freesurfer-linux-ubuntu22_x86_64-7.3.2-20220804-6354275  User: oesteban  Machine: dna013  Platform: Linux  PlatformVersion: 5.14.0-427.37.1.el9_4.x86_64  CompilerName: GCC  CompilerVersion: 8.4.0
ProgramName: mri_annotation2label  ProgramArguments: mri_annotation2label -all-info  ProgramVersion: 7.3.2  TimeStamp: 2026/03/09-23:45:52-GMT  BuildTime: Aug  4 2022 06:17:15  BuildStamp: freesurfer-linux-ubuntu22_x86_64-7.3.2-20220804-6354275  User: oesteban  Machine: dna013  Platform: Linux  PlatformVersion: 5.14.0-427.37.1.el9_4.x86_64  CompilerName: GCC  CompilerVersion: 8.4.0
ProgramName: mri_aparc2aseg  ProgramArguments: mri_aparc2aseg -all-info  ProgramVersion: 7.3.2  TimeStamp: 2026/03/09-23:45:52-GMT  BuildTime: Aug  4 2022 06:17:15  BuildStamp: freesurfer-linux-ubuntu22_x86_64-7.3.2-20220804-6354275  User: oesteban  Machine: dna013  Platform: Linux  PlatformVersion: 5.14.0-427.37.1.el9_4.x86_64  CompilerName: GCC  CompilerVersion: 8.4.0
ProgramName: mri_surf2volseg  ProgramArguments: mri_surf2volseg -all-info  ProgramVersion: 7.3.2  TimeStamp: 2026/03/09-23:45:52-GMT  BuildTime: Aug  4 2022 06:17:15  BuildStamp: freesurfer-linux-ubuntu22_x86_64-7.3.2-20220804-6354275  User: oesteban  Machine: dna013  Platform: Linux  PlatformVersion: 5.14.0-427.37.1.el9_4.x86_64  CompilerName: GCC  CompilerVersion: 8.4.0
ProgramName: mri_binarize  ProgramArguments: mri_binarize -all-info  ProgramVersion: 7.3.2  TimeStamp: 2026/03/09-23:45:52-GMT  BuildTime: Aug  4 2022 06:17:15  BuildStamp: freesurfer-linux-ubuntu22_x86_64-7.3.2-20220804-6354275  User: oesteban  Machine: dna013  Platform: Linux  PlatformVersion: 5.14.0-427.37.1.el9_4.x86_64  CompilerName: GCC  CompilerVersion: 8.4.0
ProgramName: mri_ca_label  ProgramArguments: mri_ca_label -all-info  ProgramVersion: 7.3.2  TimeStamp: 2026/03/09-23:45:52-GMT  BuildTime: Aug  4 2022 06:17:15  BuildStamp: freesurfer-linux-ubuntu22_x86_64-7.3.2-20220804-6354275  User: oesteban  Machine: dna013  Platform: Linux  PlatformVersion: 5.14.0-427.37.1.el9_4.x86_64  CompilerName: GCC  CompilerVersion: 8.4.0
ProgramName: mri_ca_normalize  ProgramArguments: mri_ca_normalize -all-info  ProgramVersion: 7.3.2  TimeStamp: 2026/03/09-23:45:52-GMT  BuildTime: Aug  4 2022 06:17:15  BuildStamp: freesurfer-linux-ubuntu22_x86_64-7.3.2-20220804-6354275  User: oesteban  Machine: dna013  Platform: Linux  PlatformVersion: 5.14.0-427.37.1.el9_4.x86_64  CompilerName: GCC  CompilerVersion: 8.4.0
ProgramName: mri_ca_register  ProgramArguments: mri_ca_register -all-info  ProgramVersion: 7.3.2  TimeStamp: 2026/03/09-23:45:52-GMT  BuildTime: Aug  4 2022 06:17:15  BuildStamp: freesurfer-linux-ubuntu22_x86_64-7.3.2-20220804-6354275  User: oesteban  Machine: dna013  Platform: Linux  PlatformVersion: 5.14.0-427.37.1.el9_4.x86_64  CompilerName: GCC  CompilerVersion: 8.4.0
ProgramName: mri_cc  ProgramArguments: mri_cc -all-info  ProgramVersion: 7.3.2  TimeStamp: 2026/03/09-23:45:52-GMT  BuildTime: Aug  4 2022 06:17:15  BuildStamp: freesurfer-linux-ubuntu22_x86_64-7.3.2-20220804-6354275  User: oesteban  Machine: dna013  Platform: Linux  PlatformVersion: 5.14.0-427.37.1.el9_4.x86_64  CompilerName: GCC  CompilerVersion: 8.4.0
ProgramName: mri_compute_overlap  ProgramArguments: mri_compute_overlap -all-info  ProgramVersion: 7.3.2  TimeStamp: 2026/03/09-23:45:52-GMT  BuildTime: Aug  4 2022 06:17:15  BuildStamp: freesurfer-linux-ubuntu22_x86_64-7.3.2-20220804-6354275  User: oesteban  Machine: dna013  Platform: Linux  PlatformVersion: 5.14.0-427.37.1.el9_4.x86_64  CompilerName: GCC  CompilerVersion: 8.4.0
ProgramName: mri_compute_seg_overlap  ProgramArguments: mri_compute_seg_overlap -all-info  ProgramVersion: 7.3.2  TimeStamp: 2026/03/09-23:45:52-GMT  BuildTime: Aug  4 2022 06:17:15  BuildStamp: freesurfer-linux-ubuntu22_x86_64-7.3.2-20220804-6354275  User: oesteban  Machine: dna013  Platform: Linux  PlatformVersion: 5.14.0-427.37.1.el9_4.x86_64  CompilerName: GCC  CompilerVersion: 8.4.0
ProgramName: mri_concat  ProgramArguments: mri_concat -all-info  ProgramVersion: 7.3.2  TimeStamp: 2026/03/09-23:45:52-GMT  BuildTime: Aug  4 2022 06:17:15  BuildStamp: freesurfer-linux-ubuntu22_x86_64-7.3.2-20220804-6354275  User: oesteban  Machine: dna013  Platform: Linux  PlatformVersion: 5.14.0-427.37.1.el9_4.x86_64  CompilerName: GCC  CompilerVersion: 8.4.0
ProgramName: mri_concatenate_lta  ProgramArguments: mri_concatenate_lta -all-info  ProgramVersion: 7.3.2  TimeStamp: 2026/03/09-23:45:52-GMT  BuildTime: Aug  4 2022 06:17:15  BuildStamp: freesurfer-linux-ubuntu22_x86_64-7.3.2-20220804-6354275  User: oesteban  Machine: dna013  Platform: Linux  PlatformVersion: 5.14.0-427.37.1.el9_4.x86_64  CompilerName: GCC  CompilerVersion: 8.4.0
mri_convert -all-info 
ProgramName: mri_convert  ProgramArguments: mri_convert -all-info  ProgramVersion: 7.3.2  TimeStamp: 2026/03/09-23:45:52-GMT  BuildTime: Aug  4 2022 06:17:15  BuildStamp: freesurfer-linux-ubuntu22_x86_64-7.3.2-20220804-6354275  User: oesteban  Machine: dna013  Platform: Linux  PlatformVersion: 5.14.0-427.37.1.el9_4.x86_64  CompilerName: GCC  CompilerVersion: 8.4.0
ProgramName: mri_diff  ProgramArguments: mri_diff -all-info  ProgramVersion: 7.3.2  TimeStamp: 2026/03/09-23:45:52-GMT  BuildTime: Aug  4 2022 06:17:15  BuildStamp: freesurfer-linux-ubuntu22_x86_64-7.3.2-20220804-6354275  User: oesteban  Machine: dna013  Platform: Linux  PlatformVersion: 5.14.0-427.37.1.el9_4.x86_64  CompilerName: GCC  CompilerVersion: 8.4.0
ProgramName: mri_edit_wm_with_aseg  ProgramArguments: mri_edit_wm_with_aseg -all-info  ProgramVersion: 7.3.2  TimeStamp: 2026/03/09-23:45:52-GMT  BuildTime: Aug  4 2022 06:17:15  BuildStamp: freesurfer-linux-ubuntu22_x86_64-7.3.2-20220804-6354275  User: oesteban  Machine: dna013  Platform: Linux  PlatformVersion: 5.14.0-427.37.1.el9_4.x86_64  CompilerName: GCC  CompilerVersion: 8.4.0
ProgramName: mri_em_register  ProgramArguments: mri_em_register -all-info  ProgramVersion: 7.3.2  TimeStamp: 2026/03/09-23:45:52-GMT  BuildTime: Aug  4 2022 06:17:15  BuildStamp: freesurfer-linux-ubuntu22_x86_64-7.3.2-20220804-6354275  User: oesteban  Machine: dna013  Platform: Linux  PlatformVersion: 5.14.0-427.37.1.el9_4.x86_64  CompilerName: GCC  CompilerVersion: 8.4.0
ProgramName: mri_fill  ProgramArguments: mri_fill -all-info  ProgramVersion: 7.3.2  TimeStamp: 2026/03/09-23:45:52-GMT  BuildTime: Aug  4 2022 06:17:15  BuildStamp: freesurfer-linux-ubuntu22_x86_64-7.3.2-20220804-6354275  User: oesteban  Machine: dna013  Platform: Linux  PlatformVersion: 5.14.0-427.37.1.el9_4.x86_64  CompilerName: GCC  CompilerVersion: 8.4.0
ProgramName: mri_fuse_segmentations  ProgramArguments: mri_fuse_segmentations -all-info  ProgramVersion: 7.3.2  TimeStamp: 2026/03/09-23:45:52-GMT  BuildTime: Aug  4 2022 06:17:15  BuildStamp: freesurfer-linux-ubuntu22_x86_64-7.3.2-20220804-6354275  User: oesteban  Machine: dna013  Platform: Linux  PlatformVersion: 5.14.0-427.37.1.el9_4.x86_64  CompilerName: GCC  CompilerVersion: 8.4.0
ProgramName: mri_fwhm  ProgramArguments: mri_fwhm -all-info  ProgramVersion: 7.3.2  TimeStamp: 2026/03/09-23:45:52-GMT  BuildTime: Aug  4 2022 06:17:15  BuildStamp: freesurfer-linux-ubuntu22_x86_64-7.3.2-20220804-6354275  User: oesteban  Machine: dna013  Platform: Linux  PlatformVersion: 5.14.0-427.37.1.el9_4.x86_64  CompilerName: GCC  CompilerVersion: 8.4.0
ProgramName: mri_gcut  ProgramArguments: mri_gcut -all-info  ProgramVersion: 7.3.2  TimeStamp: 2026/03/09-23:45:52-GMT  BuildTime: Aug  4 2022 06:17:15  BuildStamp: freesurfer-linux-ubuntu22_x86_64-7.3.2-20220804-6354275  User: oesteban  Machine: dna013  Platform: Linux  PlatformVersion: 5.14.0-427.37.1.el9_4.x86_64  CompilerName: GCC  CompilerVersion: 8.4.0
ProgramName: mri_info  ProgramArguments: mri_info -all-info  ProgramVersion: 7.3.2  TimeStamp: 2026/03/09-23:45:52-GMT  BuildTime: Aug  4 2022 06:17:15  BuildStamp: freesurfer-linux-ubuntu22_x86_64-7.3.2-20220804-6354275  User: oesteban  Machine: dna013  Platform: Linux  PlatformVersion: 5.14.0-427.37.1.el9_4.x86_64  CompilerName: GCC  CompilerVersion: 8.4.0
ProgramName: mri_label2label  ProgramArguments: mri_label2label -all-info  ProgramVersion: 7.3.2  TimeStamp: 2026/03/09-23:45:52-GMT  BuildTime: Aug  4 2022 06:17:15  BuildStamp: freesurfer-linux-ubuntu22_x86_64-7.3.2-20220804-6354275  User: oesteban  Machine: dna013  Platform: Linux  PlatformVersion: 5.14.0-427.37.1.el9_4.x86_64  CompilerName: GCC  CompilerVersion: 8.4.0
ProgramName: mri_label2vol  ProgramArguments: mri_label2vol -all-info  ProgramVersion: 7.3.2  TimeStamp: 2026/03/09-23:45:52-GMT  BuildTime: Aug  4 2022 06:17:15  BuildStamp: freesurfer-linux-ubuntu22_x86_64-7.3.2-20220804-6354275  User: oesteban  Machine: dna013  Platform: Linux  PlatformVersion: 5.14.0-427.37.1.el9_4.x86_64  CompilerName: GCC  CompilerVersion: 8.4.0
ProgramName: mri_log_likelihood  ProgramArguments: mri_log_likelihood -all-info  ProgramVersion: 7.3.2  TimeStamp: 2026/03/09-23:45:52-GMT  BuildTime: Aug  4 2022 06:17:15  BuildStamp: freesurfer-linux-ubuntu22_x86_64-7.3.2-20220804-6354275  User: oesteban  Machine: dna013  Platform: Linux  PlatformVersion: 5.14.0-427.37.1.el9_4.x86_64  CompilerName: GCC  CompilerVersion: 8.4.0
ProgramName: mri_mask  ProgramArguments: mri_mask -all-info  ProgramVersion: 7.3.2  TimeStamp: 2026/03/09-23:45:52-GMT  BuildTime: Aug  4 2022 06:17:15  BuildStamp: freesurfer-linux-ubuntu22_x86_64-7.3.2-20220804-6354275  User: oesteban  Machine: dna013  Platform: Linux  PlatformVersion: 5.14.0-427.37.1.el9_4.x86_64  CompilerName: GCC  CompilerVersion: 8.4.0
ProgramName: mri_matrix_multiply  ProgramArguments: mri_matrix_multiply -all-info  ProgramVersion: 7.3.2  TimeStamp: 2026/03/09-23:45:52-GMT  BuildTime: Aug  4 2022 06:17:15  BuildStamp: freesurfer-linux-ubuntu22_x86_64-7.3.2-20220804-6354275  User: oesteban  Machine: dna013  Platform: Linux  PlatformVersion: 5.14.0-427.37.1.el9_4.x86_64  CompilerName: GCC  CompilerVersion: 8.4.0
ProgramName: mri_normalize  ProgramArguments: mri_normalize -all-info  ProgramVersion: 7.3.2  TimeStamp: 2026/03/09-23:45:52-GMT  BuildTime: Aug  4 2022 06:17:15  BuildStamp: freesurfer-linux-ubuntu22_x86_64-7.3.2-20220804-6354275  User: oesteban  Machine: dna013  Platform: Linux  PlatformVersion: 5.14.0-427.37.1.el9_4.x86_64  CompilerName: GCC  CompilerVersion: 8.4.0
ProgramName: mri_normalize_tp2  ProgramArguments: mri_normalize_tp2 -all-info  ProgramVersion: 7.3.2  TimeStamp: 2026/03/09-23:45:52-GMT  BuildTime: Aug  4 2022 06:17:15  BuildStamp: freesurfer-linux-ubuntu22_x86_64-7.3.2-20220804-6354275  User: oesteban  Machine: dna013  Platform: Linux  PlatformVersion: 5.14.0-427.37.1.el9_4.x86_64  CompilerName: GCC  CompilerVersion: 8.4.0
ProgramName: mri_or  ProgramArguments: mri_or -all-info  ProgramVersion: 7.3.2  TimeStamp: 2026/03/09-23:45:52-GMT  BuildTime: Aug  4 2022 06:17:15  BuildStamp: freesurfer-linux-ubuntu22_x86_64-7.3.2-20220804-6354275  User: oesteban  Machine: dna013  Platform: Linux  PlatformVersion: 5.14.0-427.37.1.el9_4.x86_64  CompilerName: GCC  CompilerVersion: 8.4.0
ProgramName: mri_relabel_hypointensities  ProgramArguments: mri_relabel_hypointensities -all-info  ProgramVersion: 7.3.2  TimeStamp: 2026/03/09-23:45:52-GMT  BuildTime: Aug  4 2022 06:17:15  BuildStamp: freesurfer-linux-ubuntu22_x86_64-7.3.2-20220804-6354275  User: oesteban  Machine: dna013  Platform: Linux  PlatformVersion: 5.14.0-427.37.1.el9_4.x86_64  CompilerName: GCC  CompilerVersion: 8.4.0
ProgramName: mri_relabel_nonwm_hypos  ProgramArguments: mri_relabel_nonwm_hypos -all-info  ProgramVersion: 7.3.2  TimeStamp: 2026/03/09-23:45:52-GMT  BuildTime: Aug  4 2022 06:17:15  BuildStamp: freesurfer-linux-ubuntu22_x86_64-7.3.2-20220804-6354275  User: oesteban  Machine: dna013  Platform: Linux  PlatformVersion: 5.14.0-427.37.1.el9_4.x86_64  CompilerName: GCC  CompilerVersion: 8.4.0
ProgramName: mri_remove_neck  ProgramArguments: mri_remove_neck -all-info  ProgramVersion: 7.3.2  TimeStamp: 2026/03/09-23:45:52-GMT  BuildTime: Aug  4 2022 06:17:15  BuildStamp: freesurfer-linux-ubuntu22_x86_64-7.3.2-20220804-6354275  User: oesteban  Machine: dna013  Platform: Linux  PlatformVersion: 5.14.0-427.37.1.el9_4.x86_64  CompilerName: GCC  CompilerVersion: 8.4.0
7.3.2

ProgramName: mri_robust_register  ProgramArguments: mri_robust_register -all-info  ProgramVersion: 7.3.2  TimeStamp: 2026/03/09-23:45:52-GMT  BuildTime: Aug  4 2022 06:17:15  BuildStamp: freesurfer-linux-ubuntu22_x86_64-7.3.2-20220804-6354275  User: oesteban  Machine: dna013  Platform: Linux  PlatformVersion: 5.14.0-427.37.1.el9_4.x86_64  CompilerName: GCC  CompilerVersion: 8.4.0
7.3.2

ProgramName: mri_robust_template  ProgramArguments: mri_robust_template -all-info  ProgramVersion: 7.3.2  TimeStamp: 2026/03/09-23:45:52-GMT  BuildTime: Aug  4 2022 06:17:15  BuildStamp: freesurfer-linux-ubuntu22_x86_64-7.3.2-20220804-6354275  User: oesteban  Machine: dna013  Platform: Linux  PlatformVersion: 5.14.0-427.37.1.el9_4.x86_64  CompilerName: GCC  CompilerVersion: 8.4.0
ProgramName: mris_anatomical_stats  ProgramArguments: mris_anatomical_stats -all-info  ProgramVersion: 7.3.2  TimeStamp: 2026/03/09-23:45:52-GMT  BuildTime: Aug  4 2022 06:17:15  BuildStamp: freesurfer-linux-ubuntu22_x86_64-7.3.2-20220804-6354275  User: oesteban  Machine: dna013  Platform: Linux  PlatformVersion: 5.14.0-427.37.1.el9_4.x86_64  CompilerName: GCC  CompilerVersion: 8.4.0
ProgramName: mris_ca_label  ProgramArguments: mris_ca_label -all-info  ProgramVersion: 7.3.2  TimeStamp: 2026/03/09-23:45:52-GMT  BuildTime: Aug  4 2022 06:17:15  BuildStamp: freesurfer-linux-ubuntu22_x86_64-7.3.2-20220804-6354275  User: oesteban  Machine: dna013  Platform: Linux  PlatformVersion: 5.14.0-427.37.1.el9_4.x86_64  CompilerName: GCC  CompilerVersion: 8.4.0
ProgramName: mris_calc  ProgramArguments: mris_calc -all-info  ProgramVersion: 7.3.2  TimeStamp: 2026/03/09-23:45:52-GMT  BuildTime: Aug  4 2022 06:17:15  BuildStamp: freesurfer-linux-ubuntu22_x86_64-7.3.2-20220804-6354275  User: oesteban  Machine: dna013  Platform: Linux  PlatformVersion: 5.14.0-427.37.1.el9_4.x86_64  CompilerName: GCC  CompilerVersion: 8.4.0
ProgramName: mris_convert  ProgramArguments: mris_convert -all-info  ProgramVersion: 7.3.2  TimeStamp: 2026/03/09-23:45:52-GMT  BuildTime: Aug  4 2022 06:17:15  BuildStamp: freesurfer-linux-ubuntu22_x86_64-7.3.2-20220804-6354275  User: oesteban  Machine: dna013  Platform: Linux  PlatformVersion: 5.14.0-427.37.1.el9_4.x86_64  CompilerName: GCC  CompilerVersion: 8.4.0
ProgramName: mris_curvature  ProgramArguments: mris_curvature -all-info  ProgramVersion: 7.3.2  TimeStamp: 2026/03/09-23:45:52-GMT  BuildTime: Aug  4 2022 06:17:15  BuildStamp: freesurfer-linux-ubuntu22_x86_64-7.3.2-20220804-6354275  User: oesteban  Machine: dna013  Platform: Linux  PlatformVersion: 5.14.0-427.37.1.el9_4.x86_64  CompilerName: GCC  CompilerVersion: 8.4.0
ProgramName: mris_curvature_stats  ProgramArguments: mris_curvature_stats -all-info  ProgramVersion: 7.3.2  TimeStamp: 2026/03/09-23:45:52-GMT  BuildTime: Aug  4 2022 06:17:15  BuildStamp: freesurfer-linux-ubuntu22_x86_64-7.3.2-20220804-6354275  User: oesteban  Machine: dna013  Platform: Linux  PlatformVersion: 5.14.0-427.37.1.el9_4.x86_64  CompilerName: GCC  CompilerVersion: 8.4.0
ProgramName: mris_diff  ProgramArguments: mris_diff -all-info  ProgramVersion: 7.3.2  TimeStamp: 2026/03/09-23:45:52-GMT  BuildTime: Aug  4 2022 06:17:15  BuildStamp: freesurfer-linux-ubuntu22_x86_64-7.3.2-20220804-6354275  User: oesteban  Machine: dna013  Platform: Linux  PlatformVersion: 5.14.0-427.37.1.el9_4.x86_64  CompilerName: GCC  CompilerVersion: 8.4.0
ProgramName: mris_divide_parcellation  ProgramArguments: mris_divide_parcellation -all-info  ProgramVersion: 7.3.2  TimeStamp: 2026/03/09-23:45:52-GMT  BuildTime: Aug  4 2022 06:17:15  BuildStamp: freesurfer-linux-ubuntu22_x86_64-7.3.2-20220804-6354275  User: oesteban  Machine: dna013  Platform: Linux  PlatformVersion: 5.14.0-427.37.1.el9_4.x86_64  CompilerName: GCC  CompilerVersion: 8.4.0
ProgramName: mri_segment  ProgramArguments: mri_segment -all-info  ProgramVersion: 7.3.2  TimeStamp: 2026/03/09-23:45:52-GMT  BuildTime: Aug  4 2022 06:17:15  BuildStamp: freesurfer-linux-ubuntu22_x86_64-7.3.2-20220804-6354275  User: oesteban  Machine: dna013  Platform: Linux  PlatformVersion: 5.14.0-427.37.1.el9_4.x86_64  CompilerName: GCC  CompilerVersion: 8.4.0
ProgramName: mri_segstats  ProgramArguments: mri_segstats -all-info  ProgramVersion: 7.3.2  TimeStamp: 2026/03/09-23:45:52-GMT  BuildTime: Aug  4 2022 06:17:15  BuildStamp: freesurfer-linux-ubuntu22_x86_64-7.3.2-20220804-6354275  User: oesteban  Machine: dna013  Platform: Linux  PlatformVersion: 5.14.0-427.37.1.el9_4.x86_64  CompilerName: GCC  CompilerVersion: 8.4.0
ProgramName: mris_euler_number  ProgramArguments: mris_euler_number -all-info  ProgramVersion: 7.3.2  TimeStamp: 2026/03/09-23:45:52-GMT  BuildTime: Aug  4 2022 06:17:15  BuildStamp: freesurfer-linux-ubuntu22_x86_64-7.3.2-20220804-6354275  User: oesteban  Machine: dna013  Platform: Linux  PlatformVersion: 5.14.0-427.37.1.el9_4.x86_64  CompilerName: GCC  CompilerVersion: 8.4.0
ProgramName: mris_fix_topology  ProgramArguments: mris_fix_topology -all-info  ProgramVersion: 7.3.2  TimeStamp: 2026/03/09-23:45:52-GMT  BuildTime: Aug  4 2022 06:17:15  BuildStamp: freesurfer-linux-ubuntu22_x86_64-7.3.2-20220804-6354275  User: oesteban  Machine: dna013  Platform: Linux  PlatformVersion: 5.14.0-427.37.1.el9_4.x86_64  CompilerName: GCC  CompilerVersion: 8.4.0
ProgramName: mris_topo_fixer  ProgramArguments: mris_topo_fixer -all-info  ProgramVersion: 7.3.2  TimeStamp: 2026/03/09-23:45:52-GMT  BuildTime: Aug  4 2022 06:17:15  BuildStamp: freesurfer-linux-ubuntu22_x86_64-7.3.2-20220804-6354275  User: oesteban  Machine: dna013  Platform: Linux  PlatformVersion: 5.14.0-427.37.1.el9_4.x86_64  CompilerName: GCC  CompilerVersion: 8.4.0
ProgramName: mris_jacobian  ProgramArguments: mris_jacobian -all-info  ProgramVersion: 7.3.2  TimeStamp: 2026/03/09-23:45:52-GMT  BuildTime: Aug  4 2022 06:17:15  BuildStamp: freesurfer-linux-ubuntu22_x86_64-7.3.2-20220804-6354275  User: oesteban  Machine: dna013  Platform: Linux  PlatformVersion: 5.14.0-427.37.1.el9_4.x86_64  CompilerName: GCC  CompilerVersion: 8.4.0
ProgramName: mris_label2annot  ProgramArguments: mris_label2annot -all-info  ProgramVersion: 7.3.2  TimeStamp: 2026/03/09-23:45:52-GMT  BuildTime: Aug  4 2022 06:17:15  BuildStamp: freesurfer-linux-ubuntu22_x86_64-7.3.2-20220804-6354275  User: oesteban  Machine: dna013  Platform: Linux  PlatformVersion: 5.14.0-427.37.1.el9_4.x86_64  CompilerName: GCC  CompilerVersion: 8.4.0
ProgramName: mris_left_right_register  ProgramArguments: mris_left_right_register -all-info  ProgramVersion: 7.3.2  TimeStamp: 2026/03/09-23:45:52-GMT  BuildTime: Aug  4 2022 06:17:15  BuildStamp: freesurfer-linux-ubuntu22_x86_64-7.3.2-20220804-6354275  User: oesteban  Machine: dna013  Platform: Linux  PlatformVersion: 5.14.0-427.37.1.el9_4.x86_64  CompilerName: GCC  CompilerVersion: 8.4.0
ProgramName: mris_place_surface  ProgramArguments: mris_place_surface -all-info  ProgramVersion: 7.3.2  TimeStamp: 2026/03/09-23:45:52-GMT  BuildTime: Aug  4 2022 06:17:15  BuildStamp: freesurfer-linux-ubuntu22_x86_64-7.3.2-20220804-6354275  User: oesteban  Machine: dna013  Platform: Linux  PlatformVersion: 5.14.0-427.37.1.el9_4.x86_64  CompilerName: GCC  CompilerVersion: 8.4.0
ProgramName: mrisp_paint  ProgramArguments: mrisp_paint -all-info  ProgramVersion: 7.3.2  TimeStamp: 2026/03/09-23:45:52-GMT  BuildTime: Aug  4 2022 06:17:15  BuildStamp: freesurfer-linux-ubuntu22_x86_64-7.3.2-20220804-6354275  User: oesteban  Machine: dna013  Platform: Linux  PlatformVersion: 5.14.0-427.37.1.el9_4.x86_64  CompilerName: GCC  CompilerVersion: 8.4.0
ProgramName: mris_register  ProgramArguments: mris_register -all-info  ProgramVersion: 7.3.2  TimeStamp: 2026/03/09-23:45:52-GMT  BuildTime: Aug  4 2022 06:17:15  BuildStamp: freesurfer-linux-ubuntu22_x86_64-7.3.2-20220804-6354275  User: oesteban  Machine: dna013  Platform: Linux  PlatformVersion: 5.14.0-427.37.1.el9_4.x86_64  CompilerName: GCC  CompilerVersion: 8.4.0
ProgramName: mris_smooth  ProgramArguments: mris_smooth -all-info  ProgramVersion: 7.3.2  TimeStamp: 2026/03/09-23:45:52-GMT  BuildTime: Aug  4 2022 06:17:15  BuildStamp: freesurfer-linux-ubuntu22_x86_64-7.3.2-20220804-6354275  User: oesteban  Machine: dna013  Platform: Linux  PlatformVersion: 5.14.0-427.37.1.el9_4.x86_64  CompilerName: GCC  CompilerVersion: 8.4.0
ProgramName: mris_sphere  ProgramArguments: mris_sphere -all-info  ProgramVersion: 7.3.2  TimeStamp: 2026/03/09-23:45:52-GMT  BuildTime: Aug  4 2022 06:17:15  BuildStamp: freesurfer-linux-ubuntu22_x86_64-7.3.2-20220804-6354275  User: oesteban  Machine: dna013  Platform: Linux  PlatformVersion: 5.14.0-427.37.1.el9_4.x86_64  CompilerName: GCC  CompilerVersion: 8.4.0
ProgramName: mris_surface_stats  ProgramArguments: mris_surface_stats -all-info  ProgramVersion: 7.3.2  TimeStamp: 2026/03/09-23:45:52-GMT  BuildTime: Aug  4 2022 06:17:15  BuildStamp: freesurfer-linux-ubuntu22_x86_64-7.3.2-20220804-6354275  User: oesteban  Machine: dna013  Platform: Linux  PlatformVersion: 5.14.0-427.37.1.el9_4.x86_64  CompilerName: GCC  CompilerVersion: 8.4.0
ProgramName: mri_stats2seg  ProgramArguments: mri_stats2seg -all-info  ProgramVersion: 7.3.2  TimeStamp: 2026/03/09-23:45:52-GMT  BuildTime: Aug  4 2022 06:17:15  BuildStamp: freesurfer-linux-ubuntu22_x86_64-7.3.2-20220804-6354275  User: oesteban  Machine: dna013  Platform: Linux  PlatformVersion: 5.14.0-427.37.1.el9_4.x86_64  CompilerName: GCC  CompilerVersion: 8.4.0
ProgramName: mris_thickness  ProgramArguments: mris_thickness -all-info  ProgramVersion: 7.3.2  TimeStamp: 2026/03/09-23:45:52-GMT  BuildTime: Aug  4 2022 06:17:15  BuildStamp: freesurfer-linux-ubuntu22_x86_64-7.3.2-20220804-6354275  User: oesteban  Machine: dna013  Platform: Linux  PlatformVersion: 5.14.0-427.37.1.el9_4.x86_64  CompilerName: GCC  CompilerVersion: 8.4.0
ProgramName: mris_thickness_diff  ProgramArguments: mris_thickness_diff -all-info  ProgramVersion: 7.3.2  TimeStamp: 2026/03/09-23:45:52-GMT  BuildTime: Aug  4 2022 06:17:15  BuildStamp: freesurfer-linux-ubuntu22_x86_64-7.3.2-20220804-6354275  User: oesteban  Machine: dna013  Platform: Linux  PlatformVersion: 5.14.0-427.37.1.el9_4.x86_64  CompilerName: GCC  CompilerVersion: 8.4.0
ProgramName: mris_topo_fixer  ProgramArguments: mris_topo_fixer -all-info  ProgramVersion: 7.3.2  TimeStamp: 2026/03/09-23:45:52-GMT  BuildTime: Aug  4 2022 06:17:15  BuildStamp: freesurfer-linux-ubuntu22_x86_64-7.3.2-20220804-6354275  User: oesteban  Machine: dna013  Platform: Linux  PlatformVersion: 5.14.0-427.37.1.el9_4.x86_64  CompilerName: GCC  CompilerVersion: 8.4.0
ProgramName: mri_surf2surf  ProgramArguments: mri_surf2surf -all-info  ProgramVersion: 7.3.2  TimeStamp: 2026/03/09-23:45:52-GMT  BuildTime: Aug  4 2022 06:17:15  BuildStamp: freesurfer-linux-ubuntu22_x86_64-7.3.2-20220804-6354275  User: oesteban  Machine: dna013  Platform: Linux  PlatformVersion: 5.14.0-427.37.1.el9_4.x86_64  CompilerName: GCC  CompilerVersion: 8.4.0
ProgramName: mri_surf2vol  ProgramArguments: mri_surf2vol -all-info  ProgramVersion: 7.3.2  TimeStamp: 2026/03/09-23:45:52-GMT  BuildTime: Aug  4 2022 06:17:15  BuildStamp: freesurfer-linux-ubuntu22_x86_64-7.3.2-20220804-6354275  User: oesteban  Machine: dna013  Platform: Linux  PlatformVersion: 5.14.0-427.37.1.el9_4.x86_64  CompilerName: GCC  CompilerVersion: 8.4.0
ProgramName: mri_surfcluster  ProgramArguments: mri_surfcluster -all-info  ProgramVersion: 7.3.2  TimeStamp: 2026/03/09-23:45:52-GMT  BuildTime: Aug  4 2022 06:17:15  BuildStamp: freesurfer-linux-ubuntu22_x86_64-7.3.2-20220804-6354275  User: oesteban  Machine: dna013  Platform: Linux  PlatformVersion: 5.14.0-427.37.1.el9_4.x86_64  CompilerName: GCC  CompilerVersion: 8.4.0
ProgramName: mris_volmask  ProgramArguments: mris_volmask -all-info  ProgramVersion: 7.3.2  TimeStamp: 2026/03/09-23:45:52-GMT  BuildTime: Aug  4 2022 06:17:15  BuildStamp: freesurfer-linux-ubuntu22_x86_64-7.3.2-20220804-6354275  User: oesteban  Machine: dna013  Platform: Linux  PlatformVersion: 5.14.0-427.37.1.el9_4.x86_64  CompilerName: GCC  CompilerVersion: 8.4.0
ProgramName: mri_tessellate  ProgramArguments: mri_tessellate -all-info  ProgramVersion: 7.3.2  TimeStamp: 2026/03/09-23:45:52-GMT  BuildTime: Aug  4 2022 06:17:15  BuildStamp: freesurfer-linux-ubuntu22_x86_64-7.3.2-20220804-6354275  User: oesteban  Machine: dna013  Platform: Linux  PlatformVersion: 5.14.0-427.37.1.el9_4.x86_64  CompilerName: GCC  CompilerVersion: 8.4.0
ProgramName: mri_vol2surf  ProgramArguments: mri_vol2surf -all-info  ProgramVersion: 7.3.2  TimeStamp: 2026/03/09-23:45:52-GMT  BuildTime: Aug  4 2022 06:17:15  BuildStamp: freesurfer-linux-ubuntu22_x86_64-7.3.2-20220804-6354275  User: oesteban  Machine: dna013  Platform: Linux  PlatformVersion: 5.14.0-427.37.1.el9_4.x86_64  CompilerName: GCC  CompilerVersion: 8.4.0
ProgramName: mri_vol2vol  ProgramArguments: mri_vol2vol -all-info  ProgramVersion: 7.3.2  TimeStamp: 2026/03/09-23:45:52-GMT  BuildTime: Aug  4 2022 06:17:15  BuildStamp: freesurfer-linux-ubuntu22_x86_64-7.3.2-20220804-6354275  User: oesteban  Machine: dna013  Platform: Linux  PlatformVersion: 5.14.0-427.37.1.el9_4.x86_64  CompilerName: GCC  CompilerVersion: 8.4.0
ProgramName: mri_voldiff  ProgramArguments: mri_voldiff -all-info  ProgramVersion: 7.3.2  TimeStamp: 2026/03/09-23:45:52-GMT  BuildTime: Aug  4 2022 06:17:15  BuildStamp: freesurfer-linux-ubuntu22_x86_64-7.3.2-20220804-6354275  User: oesteban  Machine: dna013  Platform: Linux  PlatformVersion: 5.14.0-427.37.1.el9_4.x86_64  CompilerName: GCC  CompilerVersion: 8.4.0
ProgramName: mri_watershed  ProgramArguments: mri_watershed -all-info  ProgramVersion: 7.3.2  TimeStamp: 2026/03/09-23:45:52-GMT  BuildTime: Aug  4 2022 06:17:15  BuildStamp: freesurfer-linux-ubuntu22_x86_64-7.3.2-20220804-6354275  User: oesteban  Machine: dna013  Platform: Linux  PlatformVersion: 5.14.0-427.37.1.el9_4.x86_64  CompilerName: GCC  CompilerVersion: 8.4.0
ProgramName: tkregister2  ProgramArguments: tkregister2_cmdl -all-info  ProgramVersion: 7.3.2  TimeStamp: 2026/03/09-23:45:52-GMT  BuildTime: Aug  4 2022 06:17:15  BuildStamp: freesurfer-linux-ubuntu22_x86_64-7.3.2-20220804-6354275  User: oesteban  Machine: dna013  Platform: Linux  PlatformVersion: 5.14.0-427.37.1.el9_4.x86_64  CompilerName: GCC  CompilerVersion: 8.4.0
mri_motion_correct.fsl 7.3.2
mri_convert -all-info 
ProgramName: mri_convert  ProgramArguments: mri_convert -all-info  ProgramVersion: 7.3.2  TimeStamp: 2026/03/09-23:45:52-GMT  BuildTime: Aug  4 2022 06:17:15  BuildStamp: freesurfer-linux-ubuntu22_x86_64-7.3.2-20220804-6354275  User: oesteban  Machine: dna013  Platform: Linux  PlatformVersion: 5.14.0-427.37.1.el9_4.x86_64  CompilerName: GCC  CompilerVersion: 8.4.0
Program nu_correct, built from:
Package MNI N3, version 1.12.0, compiled by nicks@terrier (x86_64-unknown-linux-gnu) on 2015-06-19 at 01:25:34
#######################################
GCADIR /opt/freesurfer/average
GCA RB_all_2020-01-02.gca
GCASkull RB_all_withskull_2020_01_02.gca
AvgCurvTif folding.atlas.acfb40.noaparc.i12.2016-08-02.tif
GCSDIR /opt/freesurfer/average
GCS DKaparc.atlas.acfb40.noaparc.i12.2016-08-02.gcs
#######################################
#--------------------------------------------
#@# AutoDetGWStats lh Tue Mar 10 00:45:52 CET 2026
cd /out/sourcedata/freesurfer/sub-v1s2x0051467_ses-1/mri
mris_autodet_gwstats --o ../surf/autodet.gw.stats.lh.dat --i brain.finalsurfs.mgz --wm wm.mgz --surf ../surf/lh.orig.premesh
  Update not needed
#--------------------------------------------
#@# WhitePreAparc lh Tue Mar 10 00:45:52 CET 2026
cd /out/sourcedata/freesurfer/sub-v1s2x0051467_ses-1/mri
mris_place_surface --adgws-in ../surf/autodet.gw.stats.lh.dat --wm wm.mgz --threads 16 --invol brain.finalsurfs.mgz --lh --i ../surf/lh.orig --o ../surf/lh.white.preaparc --white --seg aseg.presurf.mgz --nsmooth 5
   Update not needed
#--------------------------------------------
#@# CortexLabel lh Tue Mar 10 00:45:52 CET 2026
cd /out/sourcedata/freesurfer/sub-v1s2x0051467_ses-1/mri
mri_label2label --label-cortex ../surf/lh.white.preaparc aseg.presurf.mgz 0 ../label/lh.cortex.label
   Update not needed
#--------------------------------------------
#@# CortexLabel+HipAmyg lh Tue Mar 10 00:45:52 CET 2026
cd /out/sourcedata/freesurfer/sub-v1s2x0051467_ses-1/mri
mri_label2label --label-cortex ../surf/lh.white.preaparc aseg.presurf.mgz 1 ../label/lh.cortex+hipamyg.label
   Update not needed
#@# white curv lh Tue Mar 10 00:45:52 CET 2026
cd /out/sourcedata/freesurfer/sub-v1s2x0051467_ses-1/mri
mris_place_surface --curv-map ../surf/lh.white 2 10 ../surf/lh.curv
   Update not needed
#@# white area lh Tue Mar 10 00:45:52 CET 2026
cd /out/sourcedata/freesurfer/sub-v1s2x0051467_ses-1/mri
mris_place_surface --area-map ../surf/lh.white ../surf/lh.area
   Update not needed
#@# pial curv lh Tue Mar 10 00:45:52 CET 2026
cd /out/sourcedata/freesurfer/sub-v1s2x0051467_ses-1/mri
mris_place_surface --curv-map ../surf/lh.pial 2 10 ../surf/lh.curv.pial
   Update not needed
#@# pial area lh Tue Mar 10 00:45:52 CET 2026
cd /out/sourcedata/freesurfer/sub-v1s2x0051467_ses-1/mri
mris_place_surface --area-map ../surf/lh.pial ../surf/lh.area.pial
   Update not needed
#@# thickness lh Tue Mar 10 00:45:52 CET 2026
cd /out/sourcedata/freesurfer/sub-v1s2x0051467_ses-1/mri
mris_place_surface --thickness ../surf/lh.white ../surf/lh.pial 20 5 ../surf/lh.thickness
   Update not needed
#@# area and vertex vol lh Tue Mar 10 00:45:52 CET 2026
cd /out/sourcedata/freesurfer/sub-v1s2x0051467_ses-1/mri
mris_place_surface --thickness ../surf/lh.white ../surf/lh.pial 20 5 ../surf/lh.thickness
   Update not needed
#-----------------------------------------
#@# Parcellation Stats lh Tue Mar 10 00:45:52 CET 2026
/out/sourcedata/freesurfer/sub-v1s2x0051467_ses-1/scripts

 mris_anatomical_stats -th3 -mgz -noglobal -cortex ../label/lh.cortex.label -f ../stats/lh.aparc.stats -b -a ../label/lh.aparc.annot -c ../label/aparc.annot.ctab sub-v1s2x0051467_ses-1 lh white 

computing statistics for each annotation in ../label/lh.aparc.annot.
reading volume /out/sourcedata/freesurfer/sub-v1s2x0051467_ses-1/mri/wm.mgz...
reading input surface /out/sourcedata/freesurfer/sub-v1s2x0051467_ses-1/surf/lh.white...
reading input pial surface /out/sourcedata/freesurfer/sub-v1s2x0051467_ses-1/surf/lh.pial...
reading input white surface /out/sourcedata/freesurfer/sub-v1s2x0051467_ses-1/surf/lh.white...
INFO: using TH3 volume calc
INFO: assuming MGZ format for volumes.
INFO: not computing global stats
INFO: using ../label/lh.cortex.label as mask to calc cortex NumVert, SurfArea and MeanThickness.
Using TH3 vertex volume calc
Total face volume 300378
Total vertex volume 300191 (mask=0)
Saving annotation colortable ../label/aparc.annot.ctab

table columns are:
    number of vertices
    total surface area (mm^2)
    total gray matter volume (mm^3)
    average cortical thickness +- standard deviation (mm)
    integrated rectified mean curvature
    integrated rectified Gaussian curvature
    folding index
    intrinsic curvature index
    structure name

 1876   1237   3151  2.547 0.534     0.101     0.016       13     1.4  bankssts
 1204    788   2173  2.467 0.631     0.109     0.013       12     0.8  caudalanteriorcingulate
 5022   3101   9228  2.779 0.483     0.099     0.017       35     3.7  caudalmiddlefrontal
 3088   1934   3048  1.573 0.483     0.119     0.023       30     3.2  cuneus
  612    413   1951  3.470 0.748     0.100     0.029        4     0.6  entorhinal
 5073   3326   8692  2.502 0.721     0.114     0.026       49     5.3  fusiform
10957   6776  17932  2.524 0.539     0.105     0.023      108    11.1  inferiorparietal
 6870   4625  15480  2.820 0.720     0.117     0.028       72     7.7  inferiortemporal
 2027   1340   3560  2.314 0.868     0.115     0.024       22     1.9  isthmuscingulate
10129   6503  11278  1.753 0.573     0.124     0.029      117    13.8  lateraloccipital
 5374   3606  10636  2.838 0.711     0.115     0.024       65     5.4  lateralorbitofrontal
 5161   3485   5572  1.626 0.606     0.128     0.030       57     7.0  lingual
 3092   2054   6082  2.661 0.571     0.108     0.019       32     2.6  medialorbitofrontal
 6626   4368  15520  3.034 0.741     0.110     0.021       66     5.8  middletemporal
 1110    699   2189  2.616 0.651     0.083     0.015        8     0.7  parahippocampal
 3181   1714   4278  2.287 0.534     0.093     0.018       22     2.3  paracentral
 4156   2691   8210  2.800 0.414     0.109     0.019       38     3.2  parsopercularis
 1428    869   3258  2.985 0.648     0.099     0.021       13     1.2  parsorbitalis
 2899   1816   5567  2.764 0.592     0.112     0.023       28     2.8  parstriangularis
 1963   1373   1280  1.092 0.299     0.124     0.026       21     2.1  pericalcarine
 8756   5118  11365  2.052 0.650     0.097     0.019       67     6.9  postcentral
 2297   1549   4328  2.533 0.899     0.122     0.025       26     2.4  posteriorcingulate
11089   6485  18567  2.668 0.739     0.101     0.023       92    11.6  precentral
 7291   4690  11871  2.429 0.536     0.109     0.019       66     5.9  precuneus
 1567   1087   3534  2.795 0.606     0.115     0.021       26     1.4  rostralanteriorcingulate
10757   7008  20281  2.643 0.522     0.115     0.023      111     9.9  rostralmiddlefrontal
15925  10032  33417  2.957 0.540     0.106     0.020      137    13.3  superiorfrontal
11375   6588  15339  2.174 0.622     0.106     0.022      101    11.0  superiorparietal
 6962   4310  15095  3.041 0.655     0.087     0.015       49     4.5  superiortemporal
 7251   4422  12836  2.735 0.573     0.109     0.023       71     7.1  supramarginal
  548    365   1328  2.698 0.499     0.147     0.037        9     0.7  frontalpole
  606    460   2653  4.044 0.621     0.139     0.030        8     0.7  temporalpole
  760    454   1255  2.458 0.457     0.108     0.020        6     0.5  transversetemporal
 4743   3144   9240  2.978 0.788     0.105     0.024       44     4.1  insula

 mris_anatomical_stats -th3 -mgz -noglobal -cortex ../label/lh.cortex.label -f ../stats/lh.aparc.pial.stats -b -a ../label/lh.aparc.annot -c ../label/aparc.annot.ctab sub-v1s2x0051467_ses-1 lh pial 

computing statistics for each annotation in ../label/lh.aparc.annot.
reading volume /out/sourcedata/freesurfer/sub-v1s2x0051467_ses-1/mri/wm.mgz...
reading input surface /out/sourcedata/freesurfer/sub-v1s2x0051467_ses-1/surf/lh.pial...
reading input pial surface /out/sourcedata/freesurfer/sub-v1s2x0051467_ses-1/surf/lh.pial...
reading input white surface /out/sourcedata/freesurfer/sub-v1s2x0051467_ses-1/surf/lh.white...
INFO: using TH3 volume calc
INFO: assuming MGZ format for volumes.
INFO: not computing global stats
INFO: using ../label/lh.cortex.label as mask to calc cortex NumVert, SurfArea and MeanThickness.
Using TH3 vertex volume calc
Total face volume 300378
Total vertex volume 300191 (mask=0)
Saving annotation colortable ../label/aparc.annot.ctab

table columns are:
    number of vertices
    total surface area (mm^2)
    total gray matter volume (mm^3)
    average cortical thickness +- standard deviation (mm)
    integrated rectified mean curvature
    integrated rectified Gaussian curvature
    folding index
    intrinsic curvature index
    structure name

 1876   1226   3151  2.547 0.534     0.112     0.113       16     2.1  bankssts
 1204    942   2173  2.467 0.631     0.126     0.030       74     1.4  caudalanteriorcingulate
 5022   3499   9228  2.779 0.483     0.100     0.022       81     4.8  caudalmiddlefrontal
 3088   2143   3048  1.573 0.483     0.114     0.034      295     3.5  cuneus
  612    741   1951  3.470 0.748     0.246     0.075       21     2.3  entorhinal
 5073   3558   8692  2.502 0.721     0.113     0.048      150     5.7  fusiform
10957   7576  17932  2.524 0.539     0.100     0.021      113     9.7  inferiorparietal
 6870   6033  15480  2.820 0.720     0.134     0.032      134     9.4  inferiortemporal
 2027   1699   3560  2.314 0.868     0.146     0.036       37     2.9  isthmuscingulate
10129   7205  11278  1.753 0.573     0.099     0.024      297     9.5  lateraloccipital
 5374   4005  10636  2.838 0.711     0.124     0.031      144     7.4  lateralorbitofrontal
 5161   3910   5572  1.626 0.606     0.127     0.034      981     7.5  lingual
 3092   2537   6082  2.661 0.571     0.131     0.035      190     3.8  medialorbitofrontal
 6626   5725  15520  3.034 0.741     0.125     0.027      183     8.0  middletemporal
 1110    990   2189  2.616 0.651     0.136     0.031        8     1.8  parahippocampal
 3181   2047   4278  2.287 0.534     0.095     0.018       27     2.1  paracentral
 4156   3184   8210  2.800 0.414     0.117     0.025       57     4.4  parsopercularis
 1428   1318   3258  2.985 0.648     0.132     0.025       16     1.6  parsorbitalis
 2899   2229   5567  2.764 0.592     0.122     0.030      133     3.8  parstriangularis
 1963   1164   1280  1.092 0.299     0.100     0.024       40     1.7  pericalcarine
 8756   6206  11365  2.052 0.650     0.098     0.019       93     6.8  postcentral
 2297   1810   4328  2.533 0.899     0.142     0.034       66     3.3  posteriorcingulate
11089   7326  18567  2.668 0.739     0.093     0.020     1080     8.7  precentral
 7291   5102  11871  2.429 0.536     0.116     0.027      162     7.8  precuneus
 1567   1466   3534  2.795 0.606     0.150     0.037       35     2.4  rostralanteriorcingulate
10757   8215  20281  2.643 0.522     0.129     0.031     8246    11.9  rostralmiddlefrontal
15925  12064  33417  2.957 0.540     0.114     0.025      307    15.0  superiorfrontal
11375   7739  15339  2.174 0.622     0.105     0.024      151    11.3  superiorparietal
 6962   5519  15095  3.041 0.655     0.118     0.027      146     7.9  superiortemporal
 7251   5022  12836  2.735 0.573     0.114     0.032      728     7.4  supramarginal
  548    600   1328  2.698 0.499     0.166     0.030        9     0.7  frontalpole
  606    830   2653  4.044 0.621     0.188     0.036        8     1.0  temporalpole
  760    613   1255  2.458 0.457     0.127     0.029       10     0.9  transversetemporal
 4743   3035   9240  2.978 0.788     0.133     0.039      103     7.5  insula
#-----------------------------------------
#@# Parcellation Stats 2 lh Tue Mar 10 00:46:21 CET 2026
/out/sourcedata/freesurfer/sub-v1s2x0051467_ses-1/scripts

 mris_anatomical_stats -th3 -mgz -noglobal -cortex ../label/lh.cortex.label -f ../stats/lh.aparc.a2009s.stats -b -a ../label/lh.aparc.a2009s.annot -c ../label/aparc.annot.a2009s.ctab sub-v1s2x0051467_ses-1 lh white 

computing statistics for each annotation in ../label/lh.aparc.a2009s.annot.
reading volume /out/sourcedata/freesurfer/sub-v1s2x0051467_ses-1/mri/wm.mgz...
reading input surface /out/sourcedata/freesurfer/sub-v1s2x0051467_ses-1/surf/lh.white...
reading input pial surface /out/sourcedata/freesurfer/sub-v1s2x0051467_ses-1/surf/lh.pial...
reading input white surface /out/sourcedata/freesurfer/sub-v1s2x0051467_ses-1/surf/lh.white...
INFO: using TH3 volume calc
INFO: assuming MGZ format for volumes.
INFO: not computing global stats
INFO: using ../label/lh.cortex.label as mask to calc cortex NumVert, SurfArea and MeanThickness.
Using TH3 vertex volume calc
Total face volume 300378
Total vertex volume 300191 (mask=0)
Saving annotation colortable ../label/aparc.annot.a2009s.ctab

table columns are:
    number of vertices
    total surface area (mm^2)
    total gray matter volume (mm^3)
    average cortical thickness +- standard deviation (mm)
    integrated rectified mean curvature
    integrated rectified Gaussian curvature
    folding index
    intrinsic curvature index
    structure name

 1624   1115   2852  2.413 0.476     0.124     0.025       18     1.6  G_and_S_frontomargin
 2602   1605   3114  1.819 0.635     0.122     0.030       29     3.7  G_and_S_occipital_inf
 1999   1060   2434  2.011 0.490     0.098     0.023       15     1.8  G_and_S_paracentral
 1972   1254   4133  2.835 0.548     0.115     0.021       24     1.7  G_and_S_subcentral
 1321    894   2843  2.635 0.589     0.144     0.034       19     1.8  G_and_S_transv_frontopol
 2616   1837   5473  2.821 0.435     0.113     0.021       31     2.3  G_and_S_cingul-Ant
 1499   1006   2868  2.765 0.428     0.090     0.012        9     0.8  G_and_S_cingul-Mid-Ant
 1722   1182   3503  2.840 0.732     0.120     0.026       15     1.9  G_and_S_cingul-Mid-Post
  792    539   1831  2.759 0.638     0.125     0.027       11     0.8  G_cingul-Post-dorsal
  344    216    911  2.994 0.810     0.108     0.027        4     0.2  G_cingul-Post-ventral
 2896   1755   2895  1.564 0.631     0.112     0.022       27     2.9  G_cuneus
 2326   1464   5345  2.916 0.425     0.106     0.020       25     1.7  G_front_inf-Opercular
  613    378   1368  2.821 0.522     0.119     0.027        8     0.6  G_front_inf-Orbital
 1830   1075   4227  2.979 0.597     0.118     0.028       22     2.0  G_front_inf-Triangul
 6424   3909  14985  2.912 0.530     0.116     0.022       78     5.8  G_front_middle
12159   7322  26479  2.963 0.585     0.108     0.021      120    10.6  G_front_sup
  818    574   1807  3.044 0.634     0.124     0.035       12     0.9  G_Ins_lg_and_S_cent_ins
  923    630   2759  3.388 0.715     0.118     0.029       16     0.8  G_insular_short
 3253   1821   4960  2.212 0.599     0.110     0.025       36     3.4  G_occipital_middle
 2294   1399   2401  1.623 0.477     0.117     0.024       24     2.4  G_occipital_sup
 1924   1236   3600  2.429 0.740     0.121     0.033       25     2.5  G_oc-temp_lat-fusifor
 3478   2402   3645  1.429 0.574     0.136     0.037       46     5.5  G_oc-temp_med-Lingual
 1374    865   3406  3.052 0.783     0.096     0.025       11     1.2  G_oc-temp_med-Parahip
 3402   2175   8204  2.938 0.732     0.111     0.025       47     3.3  G_orbital
 4001   2142   7469  2.753 0.628     0.108     0.029       54     4.8  G_pariet_inf-Angular
 3576   2076   7399  2.912 0.592     0.113     0.028       44     4.0  G_pariet_inf-Supramar
 4754   2453   7540  2.411 0.643     0.098     0.023       46     4.3  G_parietal_sup
 3880   1992   4953  2.129 0.616     0.091     0.019       29     3.1  G_postcentral
 4697   2312   8924  2.998 0.722     0.088     0.024       39     4.8  G_precentral
 3773   2276   7201  2.563 0.531     0.113     0.021       44     3.4  G_precuneus
 1229    790   3052  2.815 0.611     0.112     0.023       17     1.2  G_rectus
  802    496   1114  2.116 0.852     0.079     0.021        5     0.5  G_subcallosal
  632    352   1146  2.540 0.459     0.092     0.019        5     0.4  G_temp_sup-G_T_transv
 2449   1479   7076  3.265 0.761     0.111     0.021       29     2.3  G_temp_sup-Lateral
 1018    652   2415  3.462 0.549     0.059     0.009        2     0.4  G_temp_sup-Plan_polar
  991    616   1789  2.789 0.467     0.063     0.009        3     0.4  G_temp_sup-Plan_tempo
 3847   2512   9444  2.816 0.796     0.120     0.033       50     4.7  G_temporal_inf
 3624   2357  10204  3.203 0.760     0.118     0.027       46     3.9  G_temporal_middle
  345    242    550  2.637 0.536     0.115     0.018        3     0.2  Lat_Fis-ant-Horizont
  785    526   1176  2.502 0.415     0.093     0.014        3     0.5  Lat_Fis-ant-Vertical
 1149    759   1545  2.714 0.461     0.108     0.018        7     1.0  Lat_Fis-post
 2589   1842   2686  1.554 0.570     0.161     0.045       45     6.0  Pole_occipital
 1592   1239   6451  3.644 0.753     0.145     0.032       23     2.2  Pole_temporal
 2575   1754   2554  1.610 0.750     0.123     0.025       26     2.8  S_calcarine
 3851   2581   4080  1.801 0.579     0.111     0.023       27     3.8  S_central
 1357    915   1806  2.122 0.405     0.088     0.011        7     0.6  S_cingul-Marginalis
  607    405   1025  3.204 0.463     0.088     0.013        2     0.3  S_circular_insula_ant
 1601   1038   2574  3.013 0.647     0.078     0.012        6     0.8  S_circular_insula_inf
 2217   1440   3379  2.855 0.525     0.099     0.017       11     1.8  S_circular_insula_sup
  855    634   2002  2.992 0.670     0.117     0.022        8     0.8  S_collat_transv_ant
  634    417    530  1.572 0.533     0.114     0.024        5     0.6  S_collat_transv_post
 2800   1894   4302  2.527 0.409     0.106     0.016       17     2.2  S_front_inf
 1892   1262   2908  2.542 0.457     0.104     0.020       13     1.6  S_front_middle
 3617   2358   5854  2.803 0.377     0.092     0.016       17     2.5  S_front_sup
  268    172    412  2.816 0.693     0.112     0.018        2     0.3  S_interm_prim-Jensen
 3987   2622   5252  2.235 0.453     0.111     0.020       31     3.9  S_intrapariet_and_P_trans
 1478    965   1525  1.892 0.458     0.107     0.016       11     1.0  S_oc_middle_and_Lunatus
 2175   1421   2577  2.022 0.462     0.103     0.017       15     1.6  S_oc_sup_and_transversal
 1057    696   1160  1.962 0.532     0.101     0.017        7     0.8  S_occipital_ant
 1811   1154   2571  2.487 0.598     0.098     0.017       10     1.4  S_oc-temp_lat
 2387   1554   2998  2.202 0.478     0.096     0.018       14     1.7  S_oc-temp_med_and_Lingual
  663    430    827  2.347 0.364     0.094     0.017        3     0.5  S_orbital_lateral
  969    642   1138  2.217 0.529     0.101     0.014        6     0.6  S_orbital_med-olfact
 2060   1434   4048  2.947 0.679     0.122     0.026       24     2.3  S_orbital-H_Shaped
 2758   1799   3408  2.195 0.597     0.106     0.017       20     2.1  S_parieto_occipital
 1880   1160   1660  1.679 0.671     0.103     0.017       18     1.3  S_pericallosal
 3846   2445   4878  2.161 0.463     0.105     0.020       28     3.3  S_postcentral
 2983   1911   4458  2.602 0.456     0.107     0.022       27     3.1  S_precentral-inf-part
 1770   1189   2561  2.473 0.543     0.098     0.014        9     1.2  S_precentral-sup-part
  929    644   1585  2.600 0.486     0.117     0.020       10     0.8  S_suborbital
 1358    951   2093  2.428 0.432     0.125     0.023       12     1.4  S_subparietal
 2461   1654   3520  2.589 0.538     0.110     0.019       16     2.1  S_temporal_inf
 8528   5738  13775  2.664 0.496     0.098     0.017       55     6.7  S_temporal_sup
  463    324    558  2.078 0.354     0.111     0.013        3     0.3  S_temporal_transverse
#-----------------------------------------
#@# Parcellation Stats 3 lh Tue Mar 10 00:46:35 CET 2026
/out/sourcedata/freesurfer/sub-v1s2x0051467_ses-1/scripts

 mris_anatomical_stats -th3 -mgz -noglobal -cortex ../label/lh.cortex.label -f ../stats/lh.aparc.DKTatlas.stats -b -a ../label/lh.aparc.DKTatlas.annot -c ../label/aparc.annot.DKTatlas.ctab sub-v1s2x0051467_ses-1 lh white 

computing statistics for each annotation in ../label/lh.aparc.DKTatlas.annot.
reading volume /out/sourcedata/freesurfer/sub-v1s2x0051467_ses-1/mri/wm.mgz...
reading input surface /out/sourcedata/freesurfer/sub-v1s2x0051467_ses-1/surf/lh.white...
reading input pial surface /out/sourcedata/freesurfer/sub-v1s2x0051467_ses-1/surf/lh.pial...
reading input white surface /out/sourcedata/freesurfer/sub-v1s2x0051467_ses-1/surf/lh.white...
INFO: using TH3 volume calc
INFO: assuming MGZ format for volumes.
INFO: not computing global stats
INFO: using ../label/lh.cortex.label as mask to calc cortex NumVert, SurfArea and MeanThickness.
Using TH3 vertex volume calc
Total face volume 300378
Total vertex volume 300191 (mask=0)
Saving annotation colortable ../label/aparc.annot.DKTatlas.ctab

table columns are:
    number of vertices
    total surface area (mm^2)
    total gray matter volume (mm^3)
    average cortical thickness +- standard deviation (mm)
    integrated rectified mean curvature
    integrated rectified Gaussian curvature
    folding index
    intrinsic curvature index
    structure name

 2203   1427   4258  2.693 0.654     0.104     0.016       19     1.5  caudalanteriorcingulate
 5379   3328   9939  2.783 0.483     0.100     0.017       38     4.0  caudalmiddlefrontal
 4241   2628   4488  1.720 0.576     0.111     0.021       37     4.1  cuneus
  570    381   1791  3.462 0.770     0.099     0.030        4     0.6  entorhinal
 4604   2989   7293  2.403 0.697     0.113     0.026       43     4.8  fusiform
10879   6667  18016  2.554 0.532     0.106     0.023      110    11.3  inferiorparietal
 6804   4608  15824  2.847 0.735     0.117     0.028       72     7.7  inferiortemporal
 1973   1310   3533  2.344 0.852     0.116     0.025       21     1.9  isthmuscingulate
10154   6493  11219  1.746 0.566     0.125     0.029      118    14.0  lateraloccipital
 5991   4043  11968  2.753 0.727     0.120     0.027       77     6.6  lateralorbitofrontal
 5291   3586   5663  1.608 0.609     0.128     0.031       60     7.3  lingual
 2925   1929   5863  2.588 0.671     0.107     0.022       33     2.6  medialorbitofrontal
 8939   5884  19448  2.906 0.751     0.108     0.021       84     7.5  middletemporal
 1175    745   2292  2.607 0.647     0.083     0.015        8     0.7  parahippocampal
 3810   2053   5254  2.337 0.534     0.093     0.018       26     2.9  paracentral
 3838   2498   7387  2.785 0.403     0.110     0.019       35     2.9  parsopercularis
 1342    829   2854  2.940 0.582     0.103     0.020       12     1.1  parsorbitalis
 3548   2227   6633  2.711 0.576     0.110     0.022       31     3.4  parstriangularis
 1955   1366   1283  1.101 0.305     0.124     0.026       21     2.1  pericalcarine
 9849   5743  12842  2.081 0.657     0.099     0.019       78     7.9  postcentral
 2578   1732   4665  2.513 0.882     0.121     0.025       28     2.7  posteriorcingulate
10937   6381  18356  2.678 0.737     0.101     0.023       91    11.3  precentral
 7135   4531  11707  2.421 0.560     0.109     0.020       66     5.9  precuneus
 2187   1479   4391  2.729 0.604     0.115     0.021       31     1.9  rostralanteriorcingulate
 7381   4767  14173  2.708 0.535     0.112     0.022       75     6.4  rostralmiddlefrontal
17226  10983  36092  2.904 0.554     0.109     0.021      156    14.7  superiorfrontal
 9165   5345  12697  2.217 0.593     0.107     0.022       83     8.8  superiorparietal
 8768   5562  19633  3.044 0.709     0.092     0.016       63     6.1  superiortemporal
 6484   3990  11431  2.736 0.574     0.111     0.023       62     6.4  supramarginal
  778    468   1284  2.456 0.467     0.110     0.020        7     0.6  transversetemporal
 3666   2457   7915  3.232 0.623     0.104     0.022       35     2.9  insula
/out/sourcedata/freesurfer/sub-v1s2x0051467_ses-1/label
#--------------------------------------------
#@# BA_exvivo Labels lh Tue Mar 10 00:46:49 CET 2026

 mri_label2label --srcsubject fsaverage --srclabel /out/sourcedata/freesurfer/fsaverage/label/lh.BA1_exvivo.label --trgsubject sub-v1s2x0051467_ses-1 --trglabel ./lh.BA1_exvivo.label --hemi lh --regmethod surface 


srclabel = /out/sourcedata/freesurfer/fsaverage/label/lh.BA1_exvivo.label
srcsubject = fsaverage
trgsubject = sub-v1s2x0051467_ses-1
trglabel = ./lh.BA1_exvivo.label
regmethod = surface

srchemi = lh
trghemi = lh
trgsurface = white
srcsurfreg = sphere.reg
trgsurfreg = sphere.reg
usehash = 1
Use ProjAbs  = 0, 0
Use ProjFrac = 0, 0
DoPaint 0

SUBJECTS_DIR    /out/sourcedata/freesurfer
FREESURFER_HOME /opt/freesurfer
Loading source label.
Found 4129 points in source label.
Starting surface-based mapping
Reading source registration 
 /out/sourcedata/freesurfer/fsaverage/surf/lh.sphere.reg
Rescaling ...  original radius = 100
Reading target surface 
 /out/sourcedata/freesurfer/sub-v1s2x0051467_ses-1/surf/lh.white
Reading target registration 
 /out/sourcedata/freesurfer/sub-v1s2x0051467_ses-1/surf/lh.sphere.reg
Rescaling ...  original radius = 100
Building target registration hash (res=16).
Building source registration hash (res=16).
INFO: found  4129 nlabel points
Performing mapping from target back to the source label 180778
Number of reverse mapping hits = 994
Checking for and removing duplicates
Writing label file ./lh.BA1_exvivo.label 5123
mri_label2label: Done


 mri_label2label --srcsubject fsaverage --srclabel /out/sourcedata/freesurfer/fsaverage/label/lh.BA2_exvivo.label --trgsubject sub-v1s2x0051467_ses-1 --trglabel ./lh.BA2_exvivo.label --hemi lh --regmethod surface 


srclabel = /out/sourcedata/freesurfer/fsaverage/label/lh.BA2_exvivo.label
srcsubject = fsaverage
trgsubject = sub-v1s2x0051467_ses-1
trglabel = ./lh.BA2_exvivo.label
regmethod = surface

srchemi = lh
trghemi = lh
trgsurface = white
srcsurfreg = sphere.reg
trgsurfreg = sphere.reg
usehash = 1
Use ProjAbs  = 0, 0
Use ProjFrac = 0, 0
DoPaint 0

SUBJECTS_DIR    /out/sourcedata/freesurfer
FREESURFER_HOME /opt/freesurfer
Loading source label.
Found 7909 points in source label.
Starting surface-based mapping
Reading source registration 
 /out/sourcedata/freesurfer/fsaverage/surf/lh.sphere.reg
Rescaling ...  original radius = 100
Reading target surface 
 /out/sourcedata/freesurfer/sub-v1s2x0051467_ses-1/surf/lh.white
Reading target registration 
 /out/sourcedata/freesurfer/sub-v1s2x0051467_ses-1/surf/lh.sphere.reg
Rescaling ...  original radius = 100
Building target registration hash (res=16).
Building source registration hash (res=16).
INFO: found  7909 nlabel points
Performing mapping from target back to the source label 180778
Number of reverse mapping hits = 1807
Checking for and removing duplicates
Writing label file ./lh.BA2_exvivo.label 9716
mri_label2label: Done


 mri_label2label --srcsubject fsaverage --srclabel /out/sourcedata/freesurfer/fsaverage/label/lh.BA3a_exvivo.label --trgsubject sub-v1s2x0051467_ses-1 --trglabel ./lh.BA3a_exvivo.label --hemi lh --regmethod surface 


srclabel = /out/sourcedata/freesurfer/fsaverage/label/lh.BA3a_exvivo.label
srcsubject = fsaverage
trgsubject = sub-v1s2x0051467_ses-1
trglabel = ./lh.BA3a_exvivo.label
regmethod = surface

srchemi = lh
trghemi = lh
trgsurface = white
srcsurfreg = sphere.reg
trgsurfreg = sphere.reg
usehash = 1
Use ProjAbs  = 0, 0
Use ProjFrac = 0, 0
DoPaint 0

SUBJECTS_DIR    /out/sourcedata/freesurfer
FREESURFER_HOME /opt/freesurfer
Loading source label.
Found 4077 points in source label.
Starting surface-based mapping
Reading source registration 
 /out/sourcedata/freesurfer/fsaverage/surf/lh.sphere.reg
Rescaling ...  original radius = 100
Reading target surface 
 /out/sourcedata/freesurfer/sub-v1s2x0051467_ses-1/surf/lh.white
Reading target registration 
 /out/sourcedata/freesurfer/sub-v1s2x0051467_ses-1/surf/lh.sphere.reg
Rescaling ...  original radius = 100
Building target registration hash (res=16).
Building source registration hash (res=16).
INFO: found  4077 nlabel points
Performing mapping from target back to the source label 180778
Number of reverse mapping hits = 177
Checking for and removing duplicates
Writing label file ./lh.BA3a_exvivo.label 4254
mri_label2label: Done


 mri_label2label --srcsubject fsaverage --srclabel /out/sourcedata/freesurfer/fsaverage/label/lh.BA3b_exvivo.label --trgsubject sub-v1s2x0051467_ses-1 --trglabel ./lh.BA3b_exvivo.label --hemi lh --regmethod surface 


srclabel = /out/sourcedata/freesurfer/fsaverage/label/lh.BA3b_exvivo.label
srcsubject = fsaverage
trgsubject = sub-v1s2x0051467_ses-1
trglabel = ./lh.BA3b_exvivo.label
regmethod = surface

srchemi = lh
trghemi = lh
trgsurface = white
srcsurfreg = sphere.reg
trgsurfreg = sphere.reg
usehash = 1
Use ProjAbs  = 0, 0
Use ProjFrac = 0, 0
DoPaint 0

SUBJECTS_DIR    /out/sourcedata/freesurfer
FREESURFER_HOME /opt/freesurfer
Loading source label.
Found 5983 points in source label.
Starting surface-based mapping
Reading source registration 
 /out/sourcedata/freesurfer/fsaverage/surf/lh.sphere.reg
Rescaling ...  original radius = 100
Reading target surface 
 /out/sourcedata/freesurfer/sub-v1s2x0051467_ses-1/surf/lh.white
Reading target registration 
 /out/sourcedata/freesurfer/sub-v1s2x0051467_ses-1/surf/lh.sphere.reg
Rescaling ...  original radius = 100
Building target registration hash (res=16).
Building source registration hash (res=16).
INFO: found  5983 nlabel points
Performing mapping from target back to the source label 180778
Number of reverse mapping hits = 816
Checking for and removing duplicates
Writing label file ./lh.BA3b_exvivo.label 6799
mri_label2label: Done


 mri_label2label --srcsubject fsaverage --srclabel /out/sourcedata/freesurfer/fsaverage/label/lh.BA4a_exvivo.label --trgsubject sub-v1s2x0051467_ses-1 --trglabel ./lh.BA4a_exvivo.label --hemi lh --regmethod surface 


srclabel = /out/sourcedata/freesurfer/fsaverage/label/lh.BA4a_exvivo.label
srcsubject = fsaverage
trgsubject = sub-v1s2x0051467_ses-1
trglabel = ./lh.BA4a_exvivo.label
regmethod = surface

srchemi = lh
trghemi = lh
trgsurface = white
srcsurfreg = sphere.reg
trgsurfreg = sphere.reg
usehash = 1
Use ProjAbs  = 0, 0
Use ProjFrac = 0, 0
DoPaint 0

SUBJECTS_DIR    /out/sourcedata/freesurfer
FREESURFER_HOME /opt/freesurfer
Loading source label.
Found 5784 points in source label.
Starting surface-based mapping
Reading source registration 
 /out/sourcedata/freesurfer/fsaverage/surf/lh.sphere.reg
Rescaling ...  original radius = 100
Reading target surface 
 /out/sourcedata/freesurfer/sub-v1s2x0051467_ses-1/surf/lh.white
Reading target registration 
 /out/sourcedata/freesurfer/sub-v1s2x0051467_ses-1/surf/lh.sphere.reg
Rescaling ...  original radius = 100
Building target registration hash (res=16).
Building source registration hash (res=16).
INFO: found  5784 nlabel points
Performing mapping from target back to the source label 180778
Number of reverse mapping hits = 1304
Checking for and removing duplicates
Writing label file ./lh.BA4a_exvivo.label 7088
mri_label2label: Done


 mri_label2label --srcsubject fsaverage --srclabel /out/sourcedata/freesurfer/fsaverage/label/lh.BA4p_exvivo.label --trgsubject sub-v1s2x0051467_ses-1 --trglabel ./lh.BA4p_exvivo.label --hemi lh --regmethod surface 


srclabel = /out/sourcedata/freesurfer/fsaverage/label/lh.BA4p_exvivo.label
srcsubject = fsaverage
trgsubject = sub-v1s2x0051467_ses-1
trglabel = ./lh.BA4p_exvivo.label
regmethod = surface

srchemi = lh
trghemi = lh
trgsurface = white
srcsurfreg = sphere.reg
trgsurfreg = sphere.reg
usehash = 1
Use ProjAbs  = 0, 0
Use ProjFrac = 0, 0
DoPaint 0

SUBJECTS_DIR    /out/sourcedata/freesurfer
FREESURFER_HOME /opt/freesurfer
Loading source label.
Found 4070 points in source label.
Starting surface-based mapping
Reading source registration 
 /out/sourcedata/freesurfer/fsaverage/surf/lh.sphere.reg
Rescaling ...  original radius = 100
Reading target surface 
 /out/sourcedata/freesurfer/sub-v1s2x0051467_ses-1/surf/lh.white
Reading target registration 
 /out/sourcedata/freesurfer/sub-v1s2x0051467_ses-1/surf/lh.sphere.reg
Rescaling ...  original radius = 100
Building target registration hash (res=16).
Building source registration hash (res=16).
INFO: found  4070 nlabel points
Performing mapping from target back to the source label 180778
Number of reverse mapping hits = 421
Checking for and removing duplicates
Writing label file ./lh.BA4p_exvivo.label 4491
mri_label2label: Done


 mri_label2label --srcsubject fsaverage --srclabel /out/sourcedata/freesurfer/fsaverage/label/lh.BA6_exvivo.label --trgsubject sub-v1s2x0051467_ses-1 --trglabel ./lh.BA6_exvivo.label --hemi lh --regmethod surface 


srclabel = /out/sourcedata/freesurfer/fsaverage/label/lh.BA6_exvivo.label
srcsubject = fsaverage
trgsubject = sub-v1s2x0051467_ses-1
trglabel = ./lh.BA6_exvivo.label
regmethod = surface

srchemi = lh
trghemi = lh
trgsurface = white
srcsurfreg = sphere.reg
trgsurfreg = sphere.reg
usehash = 1
Use ProjAbs  = 0, 0
Use ProjFrac = 0, 0
DoPaint 0

SUBJECTS_DIR    /out/sourcedata/freesurfer
FREESURFER_HOME /opt/freesurfer
Loading source label.
Found 13589 points in source label.
Starting surface-based mapping
Reading source registration 
 /out/sourcedata/freesurfer/fsaverage/surf/lh.sphere.reg
Rescaling ...  original radius = 100
Reading target surface 
 /out/sourcedata/freesurfer/sub-v1s2x0051467_ses-1/surf/lh.white
Reading target registration 
 /out/sourcedata/freesurfer/sub-v1s2x0051467_ses-1/surf/lh.sphere.reg
Rescaling ...  original radius = 100
Building target registration hash (res=16).
Building source registration hash (res=16).
INFO: found  13589 nlabel points
Performing mapping from target back to the source label 180778
Number of reverse mapping hits = 4762
Checking for and removing duplicates
Writing label file ./lh.BA6_exvivo.label 18351
mri_label2label: Done


 mri_label2label --srcsubject fsaverage --srclabel /out/sourcedata/freesurfer/fsaverage/label/lh.BA44_exvivo.label --trgsubject sub-v1s2x0051467_ses-1 --trglabel ./lh.BA44_exvivo.label --hemi lh --regmethod surface 


srclabel = /out/sourcedata/freesurfer/fsaverage/label/lh.BA44_exvivo.label
srcsubject = fsaverage
trgsubject = sub-v1s2x0051467_ses-1
trglabel = ./lh.BA44_exvivo.label
regmethod = surface

srchemi = lh
trghemi = lh
trgsurface = white
srcsurfreg = sphere.reg
trgsurfreg = sphere.reg
usehash = 1
Use ProjAbs  = 0, 0
Use ProjFrac = 0, 0
DoPaint 0

SUBJECTS_DIR    /out/sourcedata/freesurfer
FREESURFER_HOME /opt/freesurfer
Loading source label.
Found 4181 points in source label.
Starting surface-based mapping
Reading source registration 
 /out/sourcedata/freesurfer/fsaverage/surf/lh.sphere.reg
Rescaling ...  original radius = 100
Reading target surface 
 /out/sourcedata/freesurfer/sub-v1s2x0051467_ses-1/surf/lh.white
Reading target registration 
 /out/sourcedata/freesurfer/sub-v1s2x0051467_ses-1/surf/lh.sphere.reg
Rescaling ...  original radius = 100
Building target registration hash (res=16).
Building source registration hash (res=16).
INFO: found  4181 nlabel points
Performing mapping from target back to the source label 180778
Number of reverse mapping hits = 1679
Checking for and removing duplicates
Writing label file ./lh.BA44_exvivo.label 5860
mri_label2label: Done


 mri_label2label --srcsubject fsaverage --srclabel /out/sourcedata/freesurfer/fsaverage/label/lh.BA45_exvivo.label --trgsubject sub-v1s2x0051467_ses-1 --trglabel ./lh.BA45_exvivo.label --hemi lh --regmethod surface 


srclabel = /out/sourcedata/freesurfer/fsaverage/label/lh.BA45_exvivo.label
srcsubject = fsaverage
trgsubject = sub-v1s2x0051467_ses-1
trglabel = ./lh.BA45_exvivo.label
regmethod = surface

srchemi = lh
trghemi = lh
trgsurface = white
srcsurfreg = sphere.reg
trgsurfreg = sphere.reg
usehash = 1
Use ProjAbs  = 0, 0
Use ProjFrac = 0, 0
DoPaint 0

SUBJECTS_DIR    /out/sourcedata/freesurfer
FREESURFER_HOME /opt/freesurfer
Loading source label.
Found 3422 points in source label.
Starting surface-based mapping
Reading source registration 
 /out/sourcedata/freesurfer/fsaverage/surf/lh.sphere.reg
Rescaling ...  original radius = 100
Reading target surface 
 /out/sourcedata/freesurfer/sub-v1s2x0051467_ses-1/surf/lh.white
Reading target registration 
 /out/sourcedata/freesurfer/sub-v1s2x0051467_ses-1/surf/lh.sphere.reg
Rescaling ...  original radius = 100
Building target registration hash (res=16).
Building source registration hash (res=16).
INFO: found  3422 nlabel points
Performing mapping from target back to the source label 180778
Number of reverse mapping hits = 1964
Checking for and removing duplicates
Writing label file ./lh.BA45_exvivo.label 5386
mri_label2label: Done


 mri_label2label --srcsubject fsaverage --srclabel /out/sourcedata/freesurfer/fsaverage/label/lh.V1_exvivo.label --trgsubject sub-v1s2x0051467_ses-1 --trglabel ./lh.V1_exvivo.label --hemi lh --regmethod surface 


srclabel = /out/sourcedata/freesurfer/fsaverage/label/lh.V1_exvivo.label
srcsubject = fsaverage
trgsubject = sub-v1s2x0051467_ses-1
trglabel = ./lh.V1_exvivo.label
regmethod = surface

srchemi = lh
trghemi = lh
trgsurface = white
srcsurfreg = sphere.reg
trgsurfreg = sphere.reg
usehash = 1
Use ProjAbs  = 0, 0
Use ProjFrac = 0, 0
DoPaint 0

SUBJECTS_DIR    /out/sourcedata/freesurfer
FREESURFER_HOME /opt/freesurfer
Loading source label.
Found 4641 points in source label.
Starting surface-based mapping
Reading source registration 
 /out/sourcedata/freesurfer/fsaverage/surf/lh.sphere.reg
Rescaling ...  original radius = 100
Reading target surface 
 /out/sourcedata/freesurfer/sub-v1s2x0051467_ses-1/surf/lh.white
Reading target registration 
 /out/sourcedata/freesurfer/sub-v1s2x0051467_ses-1/surf/lh.sphere.reg
Rescaling ...  original radius = 100
Building target registration hash (res=16).
Building source registration hash (res=16).
INFO: found  4641 nlabel points
Performing mapping from target back to the source label 180778
Number of reverse mapping hits = 1439
Checking for and removing duplicates
Writing label file ./lh.V1_exvivo.label 6080
mri_label2label: Done


 mri_label2label --srcsubject fsaverage --srclabel /out/sourcedata/freesurfer/fsaverage/label/lh.V2_exvivo.label --trgsubject sub-v1s2x0051467_ses-1 --trglabel ./lh.V2_exvivo.label --hemi lh --regmethod surface 


srclabel = /out/sourcedata/freesurfer/fsaverage/label/lh.V2_exvivo.label
srcsubject = fsaverage
trgsubject = sub-v1s2x0051467_ses-1
trglabel = ./lh.V2_exvivo.label
regmethod = surface

srchemi = lh
trghemi = lh
trgsurface = white
srcsurfreg = sphere.reg
trgsurfreg = sphere.reg
usehash = 1
Use ProjAbs  = 0, 0
Use ProjFrac = 0, 0
DoPaint 0

SUBJECTS_DIR    /out/sourcedata/freesurfer
FREESURFER_HOME /opt/freesurfer
Loading source label.
Found 8114 points in source label.
Starting surface-based mapping
Reading source registration 
 /out/sourcedata/freesurfer/fsaverage/surf/lh.sphere.reg
Rescaling ...  original radius = 100
Reading target surface 
 /out/sourcedata/freesurfer/sub-v1s2x0051467_ses-1/surf/lh.white
Reading target registration 
 /out/sourcedata/freesurfer/sub-v1s2x0051467_ses-1/surf/lh.sphere.reg
Rescaling ...  original radius = 100
Building target registration hash (res=16).
Building source registration hash (res=16).
INFO: found  8114 nlabel points
Performing mapping from target back to the source label 180778
Number of reverse mapping hits = 4201
Checking for and removing duplicates
Writing label file ./lh.V2_exvivo.label 12315
mri_label2label: Done


 mri_label2label --srcsubject fsaverage --srclabel /out/sourcedata/freesurfer/fsaverage/label/lh.MT_exvivo.label --trgsubject sub-v1s2x0051467_ses-1 --trglabel ./lh.MT_exvivo.label --hemi lh --regmethod surface 


srclabel = /out/sourcedata/freesurfer/fsaverage/label/lh.MT_exvivo.label
srcsubject = fsaverage
trgsubject = sub-v1s2x0051467_ses-1
trglabel = ./lh.MT_exvivo.label
regmethod = surface

srchemi = lh
trghemi = lh
trgsurface = white
srcsurfreg = sphere.reg
trgsurfreg = sphere.reg
usehash = 1
Use ProjAbs  = 0, 0
Use ProjFrac = 0, 0
DoPaint 0

SUBJECTS_DIR    /out/sourcedata/freesurfer
FREESURFER_HOME /opt/freesurfer
Loading source label.
Found 2018 points in source label.
Starting surface-based mapping
Reading source registration 
 /out/sourcedata/freesurfer/fsaverage/surf/lh.sphere.reg
Rescaling ...  original radius = 100
Reading target surface 
 /out/sourcedata/freesurfer/sub-v1s2x0051467_ses-1/surf/lh.white
Reading target registration 
 /out/sourcedata/freesurfer/sub-v1s2x0051467_ses-1/surf/lh.sphere.reg
Rescaling ...  original radius = 100
Building target registration hash (res=16).
Building source registration hash (res=16).
INFO: found  2018 nlabel points
Performing mapping from target back to the source label 180778
Number of reverse mapping hits = 1025
Checking for and removing duplicates
Writing label file ./lh.MT_exvivo.label 3043
mri_label2label: Done


 mri_label2label --srcsubject fsaverage --srclabel /out/sourcedata/freesurfer/fsaverage/label/lh.entorhinal_exvivo.label --trgsubject sub-v1s2x0051467_ses-1 --trglabel ./lh.entorhinal_exvivo.label --hemi lh --regmethod surface 


srclabel = /out/sourcedata/freesurfer/fsaverage/label/lh.entorhinal_exvivo.label
srcsubject = fsaverage
trgsubject = sub-v1s2x0051467_ses-1
trglabel = ./lh.entorhinal_exvivo.label
regmethod = surface

srchemi = lh
trghemi = lh
trgsurface = white
srcsurfreg = sphere.reg
trgsurfreg = sphere.reg
usehash = 1
Use ProjAbs  = 0, 0
Use ProjFrac = 0, 0
DoPaint 0

SUBJECTS_DIR    /out/sourcedata/freesurfer
FREESURFER_HOME /opt/freesurfer
Loading source label.
Found 1290 points in source label.
Starting surface-based mapping
Reading source registration 
 /out/sourcedata/freesurfer/fsaverage/surf/lh.sphere.reg
Rescaling ...  original radius = 100
Reading target surface 
 /out/sourcedata/freesurfer/sub-v1s2x0051467_ses-1/surf/lh.white
Reading target registration 
 /out/sourcedata/freesurfer/sub-v1s2x0051467_ses-1/surf/lh.sphere.reg
Rescaling ...  original radius = 100
Building target registration hash (res=16).
Building source registration hash (res=16).
INFO: found  1290 nlabel points
Performing mapping from target back to the source label 180778
Number of reverse mapping hits = 70
Checking for and removing duplicates
Writing label file ./lh.entorhinal_exvivo.label 1360
mri_label2label: Done


 mri_label2label --srcsubject fsaverage --srclabel /out/sourcedata/freesurfer/fsaverage/label/lh.perirhinal_exvivo.label --trgsubject sub-v1s2x0051467_ses-1 --trglabel ./lh.perirhinal_exvivo.label --hemi lh --regmethod surface 


srclabel = /out/sourcedata/freesurfer/fsaverage/label/lh.perirhinal_exvivo.label
srcsubject = fsaverage
trgsubject = sub-v1s2x0051467_ses-1
trglabel = ./lh.perirhinal_exvivo.label
regmethod = surface

srchemi = lh
trghemi = lh
trgsurface = white
srcsurfreg = sphere.reg
trgsurfreg = sphere.reg
usehash = 1
Use ProjAbs  = 0, 0
Use ProjFrac = 0, 0
DoPaint 0

SUBJECTS_DIR    /out/sourcedata/freesurfer
FREESURFER_HOME /opt/freesurfer
Loading source label.
Found 1199 points in source label.
Starting surface-based mapping
Reading source registration 
 /out/sourcedata/freesurfer/fsaverage/surf/lh.sphere.reg
Rescaling ...  original radius = 100
Reading target surface 
 /out/sourcedata/freesurfer/sub-v1s2x0051467_ses-1/surf/lh.white
Reading target registration 
 /out/sourcedata/freesurfer/sub-v1s2x0051467_ses-1/surf/lh.sphere.reg
Rescaling ...  original radius = 100
Building target registration hash (res=16).
Building source registration hash (res=16).
INFO: found  1199 nlabel points
Performing mapping from target back to the source label 180778
Number of reverse mapping hits = 17
Checking for and removing duplicates
Writing label file ./lh.perirhinal_exvivo.label 1216
mri_label2label: Done


 mri_label2label --srcsubject fsaverage --srclabel /out/sourcedata/freesurfer/fsaverage/label/lh.FG1.mpm.vpnl.label --trgsubject sub-v1s2x0051467_ses-1 --trglabel ./lh.FG1.mpm.vpnl.label --hemi lh --regmethod surface 


srclabel = /out/sourcedata/freesurfer/fsaverage/label/lh.FG1.mpm.vpnl.label
srcsubject = fsaverage
trgsubject = sub-v1s2x0051467_ses-1
trglabel = ./lh.FG1.mpm.vpnl.label
regmethod = surface

srchemi = lh
trghemi = lh
trgsurface = white
srcsurfreg = sphere.reg
trgsurfreg = sphere.reg
usehash = 1
Use ProjAbs  = 0, 0
Use ProjFrac = 0, 0
DoPaint 0

SUBJECTS_DIR    /out/sourcedata/freesurfer
FREESURFER_HOME /opt/freesurfer
Loading source label.
Found 414 points in source label.
Starting surface-based mapping
Reading source registration 
 /out/sourcedata/freesurfer/fsaverage/surf/lh.sphere.reg
Rescaling ...  original radius = 100
Reading target surface 
 /out/sourcedata/freesurfer/sub-v1s2x0051467_ses-1/surf/lh.white
Reading target registration 
 /out/sourcedata/freesurfer/sub-v1s2x0051467_ses-1/surf/lh.sphere.reg
Rescaling ...  original radius = 100
Building target registration hash (res=16).
Building source registration hash (res=16).
INFO: found  414 nlabel points
Performing mapping from target back to the source label 180778
Number of reverse mapping hits = 172
Checking for and removing duplicates
Writing label file ./lh.FG1.mpm.vpnl.label 586
mri_label2label: Done


 mri_label2label --srcsubject fsaverage --srclabel /out/sourcedata/freesurfer/fsaverage/label/lh.FG2.mpm.vpnl.label --trgsubject sub-v1s2x0051467_ses-1 --trglabel ./lh.FG2.mpm.vpnl.label --hemi lh --regmethod surface 


srclabel = /out/sourcedata/freesurfer/fsaverage/label/lh.FG2.mpm.vpnl.label
srcsubject = fsaverage
trgsubject = sub-v1s2x0051467_ses-1
trglabel = ./lh.FG2.mpm.vpnl.label
regmethod = surface

srchemi = lh
trghemi = lh
trgsurface = white
srcsurfreg = sphere.reg
trgsurfreg = sphere.reg
usehash = 1
Use ProjAbs  = 0, 0
Use ProjFrac = 0, 0
DoPaint 0

SUBJECTS_DIR    /out/sourcedata/freesurfer
FREESURFER_HOME /opt/freesurfer
Loading source label.
Found 703 points in source label.
Starting surface-based mapping
Reading source registration 
 /out/sourcedata/freesurfer/fsaverage/surf/lh.sphere.reg
Rescaling ...  original radius = 100
Reading target surface 
 /out/sourcedata/freesurfer/sub-v1s2x0051467_ses-1/surf/lh.white
Reading target registration 
 /out/sourcedata/freesurfer/sub-v1s2x0051467_ses-1/surf/lh.sphere.reg
Rescaling ...  original radius = 100
Building target registration hash (res=16).
Building source registration hash (res=16).
INFO: found  703 nlabel points
Performing mapping from target back to the source label 180778
Number of reverse mapping hits = 286
Checking for and removing duplicates
Writing label file ./lh.FG2.mpm.vpnl.label 989
mri_label2label: Done


 mri_label2label --srcsubject fsaverage --srclabel /out/sourcedata/freesurfer/fsaverage/label/lh.FG3.mpm.vpnl.label --trgsubject sub-v1s2x0051467_ses-1 --trglabel ./lh.FG3.mpm.vpnl.label --hemi lh --regmethod surface 


srclabel = /out/sourcedata/freesurfer/fsaverage/label/lh.FG3.mpm.vpnl.label
srcsubject = fsaverage
trgsubject = sub-v1s2x0051467_ses-1
trglabel = ./lh.FG3.mpm.vpnl.label
regmethod = surface

srchemi = lh
trghemi = lh
trgsurface = white
srcsurfreg = sphere.reg
trgsurfreg = sphere.reg
usehash = 1
Use ProjAbs  = 0, 0
Use ProjFrac = 0, 0
DoPaint 0

SUBJECTS_DIR    /out/sourcedata/freesurfer
FREESURFER_HOME /opt/freesurfer
Loading source label.
Found 1873 points in source label.
Starting surface-based mapping
Reading source registration 
 /out/sourcedata/freesurfer/fsaverage/surf/lh.sphere.reg
Rescaling ...  original radius = 100
Reading target surface 
 /out/sourcedata/freesurfer/sub-v1s2x0051467_ses-1/surf/lh.white
Reading target registration 
 /out/sourcedata/freesurfer/sub-v1s2x0051467_ses-1/surf/lh.sphere.reg
Rescaling ...  original radius = 100
Building target registration hash (res=16).
Building source registration hash (res=16).
INFO: found  1873 nlabel points
Performing mapping from target back to the source label 180778
Number of reverse mapping hits = 173
Checking for and removing duplicates
Writing label file ./lh.FG3.mpm.vpnl.label 2046
mri_label2label: Done


 mri_label2label --srcsubject fsaverage --srclabel /out/sourcedata/freesurfer/fsaverage/label/lh.FG4.mpm.vpnl.label --trgsubject sub-v1s2x0051467_ses-1 --trglabel ./lh.FG4.mpm.vpnl.label --hemi lh --regmethod surface 


srclabel = /out/sourcedata/freesurfer/fsaverage/label/lh.FG4.mpm.vpnl.label
srcsubject = fsaverage
trgsubject = sub-v1s2x0051467_ses-1
trglabel = ./lh.FG4.mpm.vpnl.label
regmethod = surface

srchemi = lh
trghemi = lh
trgsurface = white
srcsurfreg = sphere.reg
trgsurfreg = sphere.reg
usehash = 1
Use ProjAbs  = 0, 0
Use ProjFrac = 0, 0
DoPaint 0

SUBJECTS_DIR    /out/sourcedata/freesurfer
FREESURFER_HOME /opt/freesurfer
Loading source label.
Found 2101 points in source label.
Starting surface-based mapping
Reading source registration 
 /out/sourcedata/freesurfer/fsaverage/surf/lh.sphere.reg
Rescaling ...  original radius = 100
Reading target surface 
 /out/sourcedata/freesurfer/sub-v1s2x0051467_ses-1/surf/lh.white
Reading target registration 
 /out/sourcedata/freesurfer/sub-v1s2x0051467_ses-1/surf/lh.sphere.reg
Rescaling ...  original radius = 100
Building target registration hash (res=16).
Building source registration hash (res=16).
INFO: found  2101 nlabel points
Performing mapping from target back to the source label 180778
Number of reverse mapping hits = 924
Checking for and removing duplicates
Writing label file ./lh.FG4.mpm.vpnl.label 3025
mri_label2label: Done


 mri_label2label --srcsubject fsaverage --srclabel /out/sourcedata/freesurfer/fsaverage/label/lh.hOc1.mpm.vpnl.label --trgsubject sub-v1s2x0051467_ses-1 --trglabel ./lh.hOc1.mpm.vpnl.label --hemi lh --regmethod surface 


srclabel = /out/sourcedata/freesurfer/fsaverage/label/lh.hOc1.mpm.vpnl.label
srcsubject = fsaverage
trgsubject = sub-v1s2x0051467_ses-1
trglabel = ./lh.hOc1.mpm.vpnl.label
regmethod = surface

srchemi = lh
trghemi = lh
trgsurface = white
srcsurfreg = sphere.reg
trgsurfreg = sphere.reg
usehash = 1
Use ProjAbs  = 0, 0
Use ProjFrac = 0, 0
DoPaint 0

SUBJECTS_DIR    /out/sourcedata/freesurfer
FREESURFER_HOME /opt/freesurfer
Loading source label.
Found 3877 points in source label.
Starting surface-based mapping
Reading source registration 
 /out/sourcedata/freesurfer/fsaverage/surf/lh.sphere.reg
Rescaling ...  original radius = 100
Reading target surface 
 /out/sourcedata/freesurfer/sub-v1s2x0051467_ses-1/surf/lh.white
Reading target registration 
 /out/sourcedata/freesurfer/sub-v1s2x0051467_ses-1/surf/lh.sphere.reg
Rescaling ...  original radius = 100
Building target registration hash (res=16).
Building source registration hash (res=16).
INFO: found  3877 nlabel points
Performing mapping from target back to the source label 180778
Number of reverse mapping hits = 1091
Checking for and removing duplicates
Writing label file ./lh.hOc1.mpm.vpnl.label 4968
mri_label2label: Done


 mri_label2label --srcsubject fsaverage --srclabel /out/sourcedata/freesurfer/fsaverage/label/lh.hOc2.mpm.vpnl.label --trgsubject sub-v1s2x0051467_ses-1 --trglabel ./lh.hOc2.mpm.vpnl.label --hemi lh --regmethod surface 


srclabel = /out/sourcedata/freesurfer/fsaverage/label/lh.hOc2.mpm.vpnl.label
srcsubject = fsaverage
trgsubject = sub-v1s2x0051467_ses-1
trglabel = ./lh.hOc2.mpm.vpnl.label
regmethod = surface

srchemi = lh
trghemi = lh
trgsurface = white
srcsurfreg = sphere.reg
trgsurfreg = sphere.reg
usehash = 1
Use ProjAbs  = 0, 0
Use ProjFrac = 0, 0
DoPaint 0

SUBJECTS_DIR    /out/sourcedata/freesurfer
FREESURFER_HOME /opt/freesurfer
Loading source label.
Found 2919 points in source label.
Starting surface-based mapping
Reading source registration 
 /out/sourcedata/freesurfer/fsaverage/surf/lh.sphere.reg
Rescaling ...  original radius = 100
Reading target surface 
 /out/sourcedata/freesurfer/sub-v1s2x0051467_ses-1/surf/lh.white
Reading target registration 
 /out/sourcedata/freesurfer/sub-v1s2x0051467_ses-1/surf/lh.sphere.reg
Rescaling ...  original radius = 100
Building target registration hash (res=16).
Building source registration hash (res=16).
INFO: found  2919 nlabel points
Performing mapping from target back to the source label 180778
Number of reverse mapping hits = 1817
Checking for and removing duplicates
Writing label file ./lh.hOc2.mpm.vpnl.label 4736
mri_label2label: Done


 mri_label2label --srcsubject fsaverage --srclabel /out/sourcedata/freesurfer/fsaverage/label/lh.hOc3v.mpm.vpnl.label --trgsubject sub-v1s2x0051467_ses-1 --trglabel ./lh.hOc3v.mpm.vpnl.label --hemi lh --regmethod surface 


srclabel = /out/sourcedata/freesurfer/fsaverage/label/lh.hOc3v.mpm.vpnl.label
srcsubject = fsaverage
trgsubject = sub-v1s2x0051467_ses-1
trglabel = ./lh.hOc3v.mpm.vpnl.label
regmethod = surface

srchemi = lh
trghemi = lh
trgsurface = white
srcsurfreg = sphere.reg
trgsurfreg = sphere.reg
usehash = 1
Use ProjAbs  = 0, 0
Use ProjFrac = 0, 0
DoPaint 0

SUBJECTS_DIR    /out/sourcedata/freesurfer
FREESURFER_HOME /opt/freesurfer
Loading source label.
Found 1286 points in source label.
Starting surface-based mapping
Reading source registration 
 /out/sourcedata/freesurfer/fsaverage/surf/lh.sphere.reg
Rescaling ...  original radius = 100
Reading target surface 
 /out/sourcedata/freesurfer/sub-v1s2x0051467_ses-1/surf/lh.white
Reading target registration 
 /out/sourcedata/freesurfer/sub-v1s2x0051467_ses-1/surf/lh.sphere.reg
Rescaling ...  original radius = 100
Building target registration hash (res=16).
Building source registration hash (res=16).
INFO: found  1286 nlabel points
Performing mapping from target back to the source label 180778
Number of reverse mapping hits = 823
Checking for and removing duplicates
Writing label file ./lh.hOc3v.mpm.vpnl.label 2109
mri_label2label: Done


 mri_label2label --srcsubject fsaverage --srclabel /out/sourcedata/freesurfer/fsaverage/label/lh.hOc4v.mpm.vpnl.label --trgsubject sub-v1s2x0051467_ses-1 --trglabel ./lh.hOc4v.mpm.vpnl.label --hemi lh --regmethod surface 


srclabel = /out/sourcedata/freesurfer/fsaverage/label/lh.hOc4v.mpm.vpnl.label
srcsubject = fsaverage
trgsubject = sub-v1s2x0051467_ses-1
trglabel = ./lh.hOc4v.mpm.vpnl.label
regmethod = surface

srchemi = lh
trghemi = lh
trgsurface = white
srcsurfreg = sphere.reg
trgsurfreg = sphere.reg
usehash = 1
Use ProjAbs  = 0, 0
Use ProjFrac = 0, 0
DoPaint 0

SUBJECTS_DIR    /out/sourcedata/freesurfer
FREESURFER_HOME /opt/freesurfer
Loading source label.
Found 1006 points in source label.
Starting surface-based mapping
Reading source registration 
 /out/sourcedata/freesurfer/fsaverage/surf/lh.sphere.reg
Rescaling ...  original radius = 100
Reading target surface 
 /out/sourcedata/freesurfer/sub-v1s2x0051467_ses-1/surf/lh.white
Reading target registration 
 /out/sourcedata/freesurfer/sub-v1s2x0051467_ses-1/surf/lh.sphere.reg
Rescaling ...  original radius = 100
Building target registration hash (res=16).
Building source registration hash (res=16).
INFO: found  1006 nlabel points
Performing mapping from target back to the source label 180778
Number of reverse mapping hits = 601
Checking for and removing duplicates
Writing label file ./lh.hOc4v.mpm.vpnl.label 1607
mri_label2label: Done


 mris_label2annot --s sub-v1s2x0051467_ses-1 --ctab /opt/freesurfer/average/colortable_vpnl.txt --hemi lh --a mpm.vpnl --maxstatwinner --noverbose --l lh.FG1.mpm.vpnl.label --l lh.FG2.mpm.vpnl.label --l lh.FG3.mpm.vpnl.label --l lh.FG4.mpm.vpnl.label --l lh.hOc1.mpm.vpnl.label --l lh.hOc2.mpm.vpnl.label --l lh.hOc3v.mpm.vpnl.label --l lh.hOc4v.mpm.vpnl.label 

Reading ctab /opt/freesurfer/average/colortable_vpnl.txt
Number of ctab entries 9

7.3.2
cwd /out/sourcedata/freesurfer/sub-v1s2x0051467_ses-1/label
cmdline mris_label2annot --s sub-v1s2x0051467_ses-1 --ctab /opt/freesurfer/average/colortable_vpnl.txt --hemi lh --a mpm.vpnl --maxstatwinner --noverbose --l lh.FG1.mpm.vpnl.label --l lh.FG2.mpm.vpnl.label --l lh.FG3.mpm.vpnl.label --l lh.FG4.mpm.vpnl.label --l lh.hOc1.mpm.vpnl.label --l lh.hOc2.mpm.vpnl.label --l lh.hOc3v.mpm.vpnl.label --l lh.hOc4v.mpm.vpnl.label 
sysname  Linux
hostname dna013
machine  x86_64
user     oesteban

subject sub-v1s2x0051467_ses-1
hemi    lh
SUBJECTS_DIR /out/sourcedata/freesurfer
ColorTable /opt/freesurfer/average/colortable_vpnl.txt
AnnotName  mpm.vpnl
nlables 8
LabelThresh 0 0.000000
Loading /out/sourcedata/freesurfer/sub-v1s2x0051467_ses-1/surf/lh.orig
 1 1376057 FG1
 2 16711935 FG2
 3 16711680 FG3
 4 1705837 FG4
 5 25600 hOc1
 6 255 hOc2
 7 16776960 hOc3v
 8 65535 hOc4v
Mapping unhit to unknown
Found 161901 unhit vertices
Writing annot to /out/sourcedata/freesurfer/sub-v1s2x0051467_ses-1/label/lh.mpm.vpnl.annot

 mri_label2label --srcsubject fsaverage --srclabel /out/sourcedata/freesurfer/fsaverage/label/lh.BA1_exvivo.thresh.label --trgsubject sub-v1s2x0051467_ses-1 --trglabel ./lh.BA1_exvivo.thresh.label --hemi lh --regmethod surface 


srclabel = /out/sourcedata/freesurfer/fsaverage/label/lh.BA1_exvivo.thresh.label
srcsubject = fsaverage
trgsubject = sub-v1s2x0051467_ses-1
trglabel = ./lh.BA1_exvivo.thresh.label
regmethod = surface

srchemi = lh
trghemi = lh
trgsurface = white
srcsurfreg = sphere.reg
trgsurfreg = sphere.reg
usehash = 1
Use ProjAbs  = 0, 0
Use ProjFrac = 0, 0
DoPaint 0

SUBJECTS_DIR    /out/sourcedata/freesurfer
FREESURFER_HOME /opt/freesurfer
Loading source label.
Found 1014 points in source label.
Starting surface-based mapping
Reading source registration 
 /out/sourcedata/freesurfer/fsaverage/surf/lh.sphere.reg
Rescaling ...  original radius = 100
Reading target surface 
 /out/sourcedata/freesurfer/sub-v1s2x0051467_ses-1/surf/lh.white
Reading target registration 
 /out/sourcedata/freesurfer/sub-v1s2x0051467_ses-1/surf/lh.sphere.reg
Rescaling ...  original radius = 100
Building target registration hash (res=16).
Building source registration hash (res=16).
INFO: found  1014 nlabel points
Performing mapping from target back to the source label 180778
Number of reverse mapping hits = 318
Checking for and removing duplicates
Writing label file ./lh.BA1_exvivo.thresh.label 1332
mri_label2label: Done


 mri_label2label --srcsubject fsaverage --srclabel /out/sourcedata/freesurfer/fsaverage/label/lh.BA2_exvivo.thresh.label --trgsubject sub-v1s2x0051467_ses-1 --trglabel ./lh.BA2_exvivo.thresh.label --hemi lh --regmethod surface 


srclabel = /out/sourcedata/freesurfer/fsaverage/label/lh.BA2_exvivo.thresh.label
srcsubject = fsaverage
trgsubject = sub-v1s2x0051467_ses-1
trglabel = ./lh.BA2_exvivo.thresh.label
regmethod = surface

srchemi = lh
trghemi = lh
trgsurface = white
srcsurfreg = sphere.reg
trgsurfreg = sphere.reg
usehash = 1
Use ProjAbs  = 0, 0
Use ProjFrac = 0, 0
DoPaint 0

SUBJECTS_DIR    /out/sourcedata/freesurfer
FREESURFER_HOME /opt/freesurfer
Loading source label.
Found 2092 points in source label.
Starting surface-based mapping
Reading source registration 
 /out/sourcedata/freesurfer/fsaverage/surf/lh.sphere.reg
Rescaling ...  original radius = 100
Reading target surface 
 /out/sourcedata/freesurfer/sub-v1s2x0051467_ses-1/surf/lh.white
Reading target registration 
 /out/sourcedata/freesurfer/sub-v1s2x0051467_ses-1/surf/lh.sphere.reg
Rescaling ...  original radius = 100
Building target registration hash (res=16).
Building source registration hash (res=16).
INFO: found  2092 nlabel points
Performing mapping from target back to the source label 180778
Number of reverse mapping hits = 700
Checking for and removing duplicates
Writing label file ./lh.BA2_exvivo.thresh.label 2792
mri_label2label: Done


 mri_label2label --srcsubject fsaverage --srclabel /out/sourcedata/freesurfer/fsaverage/label/lh.BA3a_exvivo.thresh.label --trgsubject sub-v1s2x0051467_ses-1 --trglabel ./lh.BA3a_exvivo.thresh.label --hemi lh --regmethod surface 


srclabel = /out/sourcedata/freesurfer/fsaverage/label/lh.BA3a_exvivo.thresh.label
srcsubject = fsaverage
trgsubject = sub-v1s2x0051467_ses-1
trglabel = ./lh.BA3a_exvivo.thresh.label
regmethod = surface

srchemi = lh
trghemi = lh
trgsurface = white
srcsurfreg = sphere.reg
trgsurfreg = sphere.reg
usehash = 1
Use ProjAbs  = 0, 0
Use ProjFrac = 0, 0
DoPaint 0

SUBJECTS_DIR    /out/sourcedata/freesurfer
FREESURFER_HOME /opt/freesurfer
Loading source label.
Found 1504 points in source label.
Starting surface-based mapping
Reading source registration 
 /out/sourcedata/freesurfer/fsaverage/surf/lh.sphere.reg
Rescaling ...  original radius = 100
Reading target surface 
 /out/sourcedata/freesurfer/sub-v1s2x0051467_ses-1/surf/lh.white
Reading target registration 
 /out/sourcedata/freesurfer/sub-v1s2x0051467_ses-1/surf/lh.sphere.reg
Rescaling ...  original radius = 100
Building target registration hash (res=16).
Building source registration hash (res=16).
INFO: found  1504 nlabel points
Performing mapping from target back to the source label 180778
Number of reverse mapping hits = 30
Checking for and removing duplicates
Writing label file ./lh.BA3a_exvivo.thresh.label 1534
mri_label2label: Done


 mri_label2label --srcsubject fsaverage --srclabel /out/sourcedata/freesurfer/fsaverage/label/lh.BA3b_exvivo.thresh.label --trgsubject sub-v1s2x0051467_ses-1 --trglabel ./lh.BA3b_exvivo.thresh.label --hemi lh --regmethod surface 


srclabel = /out/sourcedata/freesurfer/fsaverage/label/lh.BA3b_exvivo.thresh.label
srcsubject = fsaverage
trgsubject = sub-v1s2x0051467_ses-1
trglabel = ./lh.BA3b_exvivo.thresh.label
regmethod = surface

srchemi = lh
trghemi = lh
trgsurface = white
srcsurfreg = sphere.reg
trgsurfreg = sphere.reg
usehash = 1
Use ProjAbs  = 0, 0
Use ProjFrac = 0, 0
DoPaint 0

SUBJECTS_DIR    /out/sourcedata/freesurfer
FREESURFER_HOME /opt/freesurfer
Loading source label.
Found 1996 points in source label.
Starting surface-based mapping
Reading source registration 
 /out/sourcedata/freesurfer/fsaverage/surf/lh.sphere.reg
Rescaling ...  original radius = 100
Reading target surface 
 /out/sourcedata/freesurfer/sub-v1s2x0051467_ses-1/surf/lh.white
Reading target registration 
 /out/sourcedata/freesurfer/sub-v1s2x0051467_ses-1/surf/lh.sphere.reg
Rescaling ...  original radius = 100
Building target registration hash (res=16).
Building source registration hash (res=16).
INFO: found  1996 nlabel points
Performing mapping from target back to the source label 180778
Number of reverse mapping hits = 128
Checking for and removing duplicates
Writing label file ./lh.BA3b_exvivo.thresh.label 2124
mri_label2label: Done


 mri_label2label --srcsubject fsaverage --srclabel /out/sourcedata/freesurfer/fsaverage/label/lh.BA4a_exvivo.thresh.label --trgsubject sub-v1s2x0051467_ses-1 --trglabel ./lh.BA4a_exvivo.thresh.label --hemi lh --regmethod surface 


srclabel = /out/sourcedata/freesurfer/fsaverage/label/lh.BA4a_exvivo.thresh.label
srcsubject = fsaverage
trgsubject = sub-v1s2x0051467_ses-1
trglabel = ./lh.BA4a_exvivo.thresh.label
regmethod = surface

srchemi = lh
trghemi = lh
trgsurface = white
srcsurfreg = sphere.reg
trgsurfreg = sphere.reg
usehash = 1
Use ProjAbs  = 0, 0
Use ProjFrac = 0, 0
DoPaint 0

SUBJECTS_DIR    /out/sourcedata/freesurfer
FREESURFER_HOME /opt/freesurfer
Loading source label.
Found 2319 points in source label.
Starting surface-based mapping
Reading source registration 
 /out/sourcedata/freesurfer/fsaverage/surf/lh.sphere.reg
Rescaling ...  original radius = 100
Reading target surface 
 /out/sourcedata/freesurfer/sub-v1s2x0051467_ses-1/surf/lh.white
Reading target registration 
 /out/sourcedata/freesurfer/sub-v1s2x0051467_ses-1/surf/lh.sphere.reg
Rescaling ...  original radius = 100
Building target registration hash (res=16).
Building source registration hash (res=16).
INFO: found  2319 nlabel points
Performing mapping from target back to the source label 180778
Number of reverse mapping hits = 372
Checking for and removing duplicates
Writing label file ./lh.BA4a_exvivo.thresh.label 2691
mri_label2label: Done


 mri_label2label --srcsubject fsaverage --srclabel /out/sourcedata/freesurfer/fsaverage/label/lh.BA4p_exvivo.thresh.label --trgsubject sub-v1s2x0051467_ses-1 --trglabel ./lh.BA4p_exvivo.thresh.label --hemi lh --regmethod surface 


srclabel = /out/sourcedata/freesurfer/fsaverage/label/lh.BA4p_exvivo.thresh.label
srcsubject = fsaverage
trgsubject = sub-v1s2x0051467_ses-1
trglabel = ./lh.BA4p_exvivo.thresh.label
regmethod = surface

srchemi = lh
trghemi = lh
trgsurface = white
srcsurfreg = sphere.reg
trgsurfreg = sphere.reg
usehash = 1
Use ProjAbs  = 0, 0
Use ProjFrac = 0, 0
DoPaint 0

SUBJECTS_DIR    /out/sourcedata/freesurfer
FREESURFER_HOME /opt/freesurfer
Loading source label.
Found 1549 points in source label.
Starting surface-based mapping
Reading source registration 
 /out/sourcedata/freesurfer/fsaverage/surf/lh.sphere.reg
Rescaling ...  original radius = 100
Reading target surface 
 /out/sourcedata/freesurfer/sub-v1s2x0051467_ses-1/surf/lh.white
Reading target registration 
 /out/sourcedata/freesurfer/sub-v1s2x0051467_ses-1/surf/lh.sphere.reg
Rescaling ...  original radius = 100
Building target registration hash (res=16).
Building source registration hash (res=16).
INFO: found  1549 nlabel points
Performing mapping from target back to the source label 180778
Number of reverse mapping hits = 133
Checking for and removing duplicates
Writing label file ./lh.BA4p_exvivo.thresh.label 1682
mri_label2label: Done


 mri_label2label --srcsubject fsaverage --srclabel /out/sourcedata/freesurfer/fsaverage/label/lh.BA6_exvivo.thresh.label --trgsubject sub-v1s2x0051467_ses-1 --trglabel ./lh.BA6_exvivo.thresh.label --hemi lh --regmethod surface 


srclabel = /out/sourcedata/freesurfer/fsaverage/label/lh.BA6_exvivo.thresh.label
srcsubject = fsaverage
trgsubject = sub-v1s2x0051467_ses-1
trglabel = ./lh.BA6_exvivo.thresh.label
regmethod = surface

srchemi = lh
trghemi = lh
trgsurface = white
srcsurfreg = sphere.reg
trgsurfreg = sphere.reg
usehash = 1
Use ProjAbs  = 0, 0
Use ProjFrac = 0, 0
DoPaint 0

SUBJECTS_DIR    /out/sourcedata/freesurfer
FREESURFER_HOME /opt/freesurfer
Loading source label.
Found 7035 points in source label.
Starting surface-based mapping
Reading source registration 
 /out/sourcedata/freesurfer/fsaverage/surf/lh.sphere.reg
Rescaling ...  original radius = 100
Reading target surface 
 /out/sourcedata/freesurfer/sub-v1s2x0051467_ses-1/surf/lh.white
Reading target registration 
 /out/sourcedata/freesurfer/sub-v1s2x0051467_ses-1/surf/lh.sphere.reg
Rescaling ...  original radius = 100
Building target registration hash (res=16).
Building source registration hash (res=16).
INFO: found  7035 nlabel points
Performing mapping from target back to the source label 180778
Number of reverse mapping hits = 2612
Checking for and removing duplicates
Writing label file ./lh.BA6_exvivo.thresh.label 9647
mri_label2label: Done


 mri_label2label --srcsubject fsaverage --srclabel /out/sourcedata/freesurfer/fsaverage/label/lh.BA44_exvivo.thresh.label --trgsubject sub-v1s2x0051467_ses-1 --trglabel ./lh.BA44_exvivo.thresh.label --hemi lh --regmethod surface 


srclabel = /out/sourcedata/freesurfer/fsaverage/label/lh.BA44_exvivo.thresh.label
srcsubject = fsaverage
trgsubject = sub-v1s2x0051467_ses-1
trglabel = ./lh.BA44_exvivo.thresh.label
regmethod = surface

srchemi = lh
trghemi = lh
trgsurface = white
srcsurfreg = sphere.reg
trgsurfreg = sphere.reg
usehash = 1
Use ProjAbs  = 0, 0
Use ProjFrac = 0, 0
DoPaint 0

SUBJECTS_DIR    /out/sourcedata/freesurfer
FREESURFER_HOME /opt/freesurfer
Loading source label.
Found 1912 points in source label.
Starting surface-based mapping
Reading source registration 
 /out/sourcedata/freesurfer/fsaverage/surf/lh.sphere.reg
Rescaling ...  original radius = 100
Reading target surface 
 /out/sourcedata/freesurfer/sub-v1s2x0051467_ses-1/surf/lh.white
Reading target registration 
 /out/sourcedata/freesurfer/sub-v1s2x0051467_ses-1/surf/lh.sphere.reg
Rescaling ...  original radius = 100
Building target registration hash (res=16).
Building source registration hash (res=16).
INFO: found  1912 nlabel points
Performing mapping from target back to the source label 180778
Number of reverse mapping hits = 778
Checking for and removing duplicates
Writing label file ./lh.BA44_exvivo.thresh.label 2690
mri_label2label: Done


 mri_label2label --srcsubject fsaverage --srclabel /out/sourcedata/freesurfer/fsaverage/label/lh.BA45_exvivo.thresh.label --trgsubject sub-v1s2x0051467_ses-1 --trglabel ./lh.BA45_exvivo.thresh.label --hemi lh --regmethod surface 


srclabel = /out/sourcedata/freesurfer/fsaverage/label/lh.BA45_exvivo.thresh.label
srcsubject = fsaverage
trgsubject = sub-v1s2x0051467_ses-1
trglabel = ./lh.BA45_exvivo.thresh.label
regmethod = surface

srchemi = lh
trghemi = lh
trgsurface = white
srcsurfreg = sphere.reg
trgsurfreg = sphere.reg
usehash = 1
Use ProjAbs  = 0, 0
Use ProjFrac = 0, 0
DoPaint 0

SUBJECTS_DIR    /out/sourcedata/freesurfer
FREESURFER_HOME /opt/freesurfer
Loading source label.
Found 1151 points in source label.
Starting surface-based mapping
Reading source registration 
 /out/sourcedata/freesurfer/fsaverage/surf/lh.sphere.reg
Rescaling ...  original radius = 100
Reading target surface 
 /out/sourcedata/freesurfer/sub-v1s2x0051467_ses-1/surf/lh.white
Reading target registration 
 /out/sourcedata/freesurfer/sub-v1s2x0051467_ses-1/surf/lh.sphere.reg
Rescaling ...  original radius = 100
Building target registration hash (res=16).
Building source registration hash (res=16).
INFO: found  1151 nlabel points
Performing mapping from target back to the source label 180778
Number of reverse mapping hits = 980
Checking for and removing duplicates
Writing label file ./lh.BA45_exvivo.thresh.label 2131
mri_label2label: Done


 mri_label2label --srcsubject fsaverage --srclabel /out/sourcedata/freesurfer/fsaverage/label/lh.V1_exvivo.thresh.label --trgsubject sub-v1s2x0051467_ses-1 --trglabel ./lh.V1_exvivo.thresh.label --hemi lh --regmethod surface 


srclabel = /out/sourcedata/freesurfer/fsaverage/label/lh.V1_exvivo.thresh.label
srcsubject = fsaverage
trgsubject = sub-v1s2x0051467_ses-1
trglabel = ./lh.V1_exvivo.thresh.label
regmethod = surface

srchemi = lh
trghemi = lh
trgsurface = white
srcsurfreg = sphere.reg
trgsurfreg = sphere.reg
usehash = 1
Use ProjAbs  = 0, 0
Use ProjFrac = 0, 0
DoPaint 0

SUBJECTS_DIR    /out/sourcedata/freesurfer
FREESURFER_HOME /opt/freesurfer
Loading source label.
Found 3405 points in source label.
Starting surface-based mapping
Reading source registration 
 /out/sourcedata/freesurfer/fsaverage/surf/lh.sphere.reg
Rescaling ...  original radius = 100
Reading target surface 
 /out/sourcedata/freesurfer/sub-v1s2x0051467_ses-1/surf/lh.white
Reading target registration 
 /out/sourcedata/freesurfer/sub-v1s2x0051467_ses-1/surf/lh.sphere.reg
Rescaling ...  original radius = 100
Building target registration hash (res=16).
Building source registration hash (res=16).
INFO: found  3405 nlabel points
Performing mapping from target back to the source label 180778
Number of reverse mapping hits = 920
Checking for and removing duplicates
Writing label file ./lh.V1_exvivo.thresh.label 4325
mri_label2label: Done


 mri_label2label --srcsubject fsaverage --srclabel /out/sourcedata/freesurfer/fsaverage/label/lh.V2_exvivo.thresh.label --trgsubject sub-v1s2x0051467_ses-1 --trglabel ./lh.V2_exvivo.thresh.label --hemi lh --regmethod surface 


srclabel = /out/sourcedata/freesurfer/fsaverage/label/lh.V2_exvivo.thresh.label
srcsubject = fsaverage
trgsubject = sub-v1s2x0051467_ses-1
trglabel = ./lh.V2_exvivo.thresh.label
regmethod = surface

srchemi = lh
trghemi = lh
trgsurface = white
srcsurfreg = sphere.reg
trgsurfreg = sphere.reg
usehash = 1
Use ProjAbs  = 0, 0
Use ProjFrac = 0, 0
DoPaint 0

SUBJECTS_DIR    /out/sourcedata/freesurfer
FREESURFER_HOME /opt/freesurfer
Loading source label.
Found 3334 points in source label.
Starting surface-based mapping
Reading source registration 
 /out/sourcedata/freesurfer/fsaverage/surf/lh.sphere.reg
Rescaling ...  original radius = 100
Reading target surface 
 /out/sourcedata/freesurfer/sub-v1s2x0051467_ses-1/surf/lh.white
Reading target registration 
 /out/sourcedata/freesurfer/sub-v1s2x0051467_ses-1/surf/lh.sphere.reg
Rescaling ...  original radius = 100
Building target registration hash (res=16).
Building source registration hash (res=16).
INFO: found  3334 nlabel points
Performing mapping from target back to the source label 180778
Number of reverse mapping hits = 1869
Checking for and removing duplicates
Writing label file ./lh.V2_exvivo.thresh.label 5203
mri_label2label: Done


 mri_label2label --srcsubject fsaverage --srclabel /out/sourcedata/freesurfer/fsaverage/label/lh.MT_exvivo.thresh.label --trgsubject sub-v1s2x0051467_ses-1 --trglabel ./lh.MT_exvivo.thresh.label --hemi lh --regmethod surface 


srclabel = /out/sourcedata/freesurfer/fsaverage/label/lh.MT_exvivo.thresh.label
srcsubject = fsaverage
trgsubject = sub-v1s2x0051467_ses-1
trglabel = ./lh.MT_exvivo.thresh.label
regmethod = surface

srchemi = lh
trghemi = lh
trgsurface = white
srcsurfreg = sphere.reg
trgsurfreg = sphere.reg
usehash = 1
Use ProjAbs  = 0, 0
Use ProjFrac = 0, 0
DoPaint 0

SUBJECTS_DIR    /out/sourcedata/freesurfer
FREESURFER_HOME /opt/freesurfer
Loading source label.
Found 513 points in source label.
Starting surface-based mapping
Reading source registration 
 /out/sourcedata/freesurfer/fsaverage/surf/lh.sphere.reg
Rescaling ...  original radius = 100
Reading target surface 
 /out/sourcedata/freesurfer/sub-v1s2x0051467_ses-1/surf/lh.white
Reading target registration 
 /out/sourcedata/freesurfer/sub-v1s2x0051467_ses-1/surf/lh.sphere.reg
Rescaling ...  original radius = 100
Building target registration hash (res=16).
Building source registration hash (res=16).
INFO: found  513 nlabel points
Performing mapping from target back to the source label 180778
Number of reverse mapping hits = 243
Checking for and removing duplicates
Writing label file ./lh.MT_exvivo.thresh.label 756
mri_label2label: Done


 mri_label2label --srcsubject fsaverage --srclabel /out/sourcedata/freesurfer/fsaverage/label/lh.entorhinal_exvivo.thresh.label --trgsubject sub-v1s2x0051467_ses-1 --trglabel ./lh.entorhinal_exvivo.thresh.label --hemi lh --regmethod surface 


srclabel = /out/sourcedata/freesurfer/fsaverage/label/lh.entorhinal_exvivo.thresh.label
srcsubject = fsaverage
trgsubject = sub-v1s2x0051467_ses-1
trglabel = ./lh.entorhinal_exvivo.thresh.label
regmethod = surface

srchemi = lh
trghemi = lh
trgsurface = white
srcsurfreg = sphere.reg
trgsurfreg = sphere.reg
usehash = 1
Use ProjAbs  = 0, 0
Use ProjFrac = 0, 0
DoPaint 0

SUBJECTS_DIR    /out/sourcedata/freesurfer
FREESURFER_HOME /opt/freesurfer
Loading source label.
Found 470 points in source label.
Starting surface-based mapping
Reading source registration 
 /out/sourcedata/freesurfer/fsaverage/surf/lh.sphere.reg
Rescaling ...  original radius = 100
Reading target surface 
 /out/sourcedata/freesurfer/sub-v1s2x0051467_ses-1/surf/lh.white
Reading target registration 
 /out/sourcedata/freesurfer/sub-v1s2x0051467_ses-1/surf/lh.sphere.reg
Rescaling ...  original radius = 100
Building target registration hash (res=16).
Building source registration hash (res=16).
INFO: found  470 nlabel points
Performing mapping from target back to the source label 180778
Number of reverse mapping hits = 26
Checking for and removing duplicates
Writing label file ./lh.entorhinal_exvivo.thresh.label 496
mri_label2label: Done


 mri_label2label --srcsubject fsaverage --srclabel /out/sourcedata/freesurfer/fsaverage/label/lh.perirhinal_exvivo.thresh.label --trgsubject sub-v1s2x0051467_ses-1 --trglabel ./lh.perirhinal_exvivo.thresh.label --hemi lh --regmethod surface 


srclabel = /out/sourcedata/freesurfer/fsaverage/label/lh.perirhinal_exvivo.thresh.label
srcsubject = fsaverage
trgsubject = sub-v1s2x0051467_ses-1
trglabel = ./lh.perirhinal_exvivo.thresh.label
regmethod = surface

srchemi = lh
trghemi = lh
trgsurface = white
srcsurfreg = sphere.reg
trgsurfreg = sphere.reg
usehash = 1
Use ProjAbs  = 0, 0
Use ProjFrac = 0, 0
DoPaint 0

SUBJECTS_DIR    /out/sourcedata/freesurfer
FREESURFER_HOME /opt/freesurfer
Loading source label.
Found 450 points in source label.
Starting surface-based mapping
Reading source registration 
 /out/sourcedata/freesurfer/fsaverage/surf/lh.sphere.reg
Rescaling ...  original radius = 100
Reading target surface 
 /out/sourcedata/freesurfer/sub-v1s2x0051467_ses-1/surf/lh.white
Reading target registration 
 /out/sourcedata/freesurfer/sub-v1s2x0051467_ses-1/surf/lh.sphere.reg
Rescaling ...  original radius = 100
Building target registration hash (res=16).
Building source registration hash (res=16).
INFO: found  450 nlabel points
Performing mapping from target back to the source label 180778
Number of reverse mapping hits = 6
Checking for and removing duplicates
Writing label file ./lh.perirhinal_exvivo.thresh.label 456
mri_label2label: Done


 mris_label2annot --s sub-v1s2x0051467_ses-1 --hemi lh --ctab /opt/freesurfer/average/colortable_BA.txt --l lh.BA1_exvivo.label --l lh.BA2_exvivo.label --l lh.BA3a_exvivo.label --l lh.BA3b_exvivo.label --l lh.BA4a_exvivo.label --l lh.BA4p_exvivo.label --l lh.BA6_exvivo.label --l lh.BA44_exvivo.label --l lh.BA45_exvivo.label --l lh.V1_exvivo.label --l lh.V2_exvivo.label --l lh.MT_exvivo.label --l lh.perirhinal_exvivo.label --l lh.entorhinal_exvivo.label --a BA_exvivo --maxstatwinner --noverbose 

Reading ctab /opt/freesurfer/average/colortable_BA.txt
Number of ctab entries 15

7.3.2
cwd /out/sourcedata/freesurfer/sub-v1s2x0051467_ses-1/label
cmdline mris_label2annot --s sub-v1s2x0051467_ses-1 --hemi lh --ctab /opt/freesurfer/average/colortable_BA.txt --l lh.BA1_exvivo.label --l lh.BA2_exvivo.label --l lh.BA3a_exvivo.label --l lh.BA3b_exvivo.label --l lh.BA4a_exvivo.label --l lh.BA4p_exvivo.label --l lh.BA6_exvivo.label --l lh.BA44_exvivo.label --l lh.BA45_exvivo.label --l lh.V1_exvivo.label --l lh.V2_exvivo.label --l lh.MT_exvivo.label --l lh.perirhinal_exvivo.label --l lh.entorhinal_exvivo.label --a BA_exvivo --maxstatwinner --noverbose 
sysname  Linux
hostname dna013
machine  x86_64
user     oesteban

subject sub-v1s2x0051467_ses-1
hemi    lh
SUBJECTS_DIR /out/sourcedata/freesurfer
ColorTable /opt/freesurfer/average/colortable_BA.txt
AnnotName  BA_exvivo
nlables 14
LabelThresh 0 0.000000
Loading /out/sourcedata/freesurfer/sub-v1s2x0051467_ses-1/surf/lh.orig
 1 1530880 BA1_exvivo
 2 16749699 BA2_exvivo
 3 16711680 BA3a_exvivo
 4 3368703 BA3b_exvivo
 5 1376196 BA4a_exvivo
 6 13382655 BA4p_exvivo
 7 10036737 BA6_exvivo
 8 2490521 BA44_exvivo
 9 39283 BA45_exvivo
10 3993 V1_exvivo
11 8508928 V2_exvivo
12 10027163 MT_exvivo
13 16422433 perirhinal_exvivo
14 16392598 entorhinal_exvivo
Mapping unhit to unknown
Found 122588 unhit vertices
Writing annot to /out/sourcedata/freesurfer/sub-v1s2x0051467_ses-1/label/lh.BA_exvivo.annot

 mris_label2annot --s sub-v1s2x0051467_ses-1 --hemi lh --ctab /opt/freesurfer/average/colortable_BA.txt --l lh.BA1_exvivo.thresh.label --l lh.BA2_exvivo.thresh.label --l lh.BA3a_exvivo.thresh.label --l lh.BA3b_exvivo.thresh.label --l lh.BA4a_exvivo.thresh.label --l lh.BA4p_exvivo.thresh.label --l lh.BA6_exvivo.thresh.label --l lh.BA44_exvivo.thresh.label --l lh.BA45_exvivo.thresh.label --l lh.V1_exvivo.thresh.label --l lh.V2_exvivo.thresh.label --l lh.MT_exvivo.thresh.label --l lh.perirhinal_exvivo.thresh.label --l lh.entorhinal_exvivo.thresh.label --a BA_exvivo.thresh --maxstatwinner --noverbose 

Reading ctab /opt/freesurfer/average/colortable_BA.txt
Number of ctab entries 15

7.3.2
cwd /out/sourcedata/freesurfer/sub-v1s2x0051467_ses-1/label
cmdline mris_label2annot --s sub-v1s2x0051467_ses-1 --hemi lh --ctab /opt/freesurfer/average/colortable_BA.txt --l lh.BA1_exvivo.thresh.label --l lh.BA2_exvivo.thresh.label --l lh.BA3a_exvivo.thresh.label --l lh.BA3b_exvivo.thresh.label --l lh.BA4a_exvivo.thresh.label --l lh.BA4p_exvivo.thresh.label --l lh.BA6_exvivo.thresh.label --l lh.BA44_exvivo.thresh.label --l lh.BA45_exvivo.thresh.label --l lh.V1_exvivo.thresh.label --l lh.V2_exvivo.thresh.label --l lh.MT_exvivo.thresh.label --l lh.perirhinal_exvivo.thresh.label --l lh.entorhinal_exvivo.thresh.label --a BA_exvivo.thresh --maxstatwinner --noverbose 
sysname  Linux
hostname dna013
machine  x86_64
user     oesteban

subject sub-v1s2x0051467_ses-1
hemi    lh
SUBJECTS_DIR /out/sourcedata/freesurfer
ColorTable /opt/freesurfer/average/colortable_BA.txt
AnnotName  BA_exvivo.thresh
nlables 14
LabelThresh 0 0.000000
Loading /out/sourcedata/freesurfer/sub-v1s2x0051467_ses-1/surf/lh.orig
 1 1530880 BA1_exvivo
 2 16749699 BA2_exvivo
 3 16711680 BA3a_exvivo
 4 3368703 BA3b_exvivo
 5 1376196 BA4a_exvivo
 6 13382655 BA4p_exvivo
 7 10036737 BA6_exvivo
 8 2490521 BA44_exvivo
 9 39283 BA45_exvivo
10 3993 V1_exvivo
11 8508928 V2_exvivo
12 10027163 MT_exvivo
13 16422433 perirhinal_exvivo
14 16392598 entorhinal_exvivo
Mapping unhit to unknown
Found 146500 unhit vertices
Writing annot to /out/sourcedata/freesurfer/sub-v1s2x0051467_ses-1/label/lh.BA_exvivo.thresh.annot

 mris_anatomical_stats -th3 -mgz -noglobal -f ../stats/lh.BA_exvivo.stats -b -a ./lh.BA_exvivo.annot -c ./BA_exvivo.ctab sub-v1s2x0051467_ses-1 lh white 

computing statistics for each annotation in ./lh.BA_exvivo.annot.
reading volume /out/sourcedata/freesurfer/sub-v1s2x0051467_ses-1/mri/wm.mgz...
reading input surface /out/sourcedata/freesurfer/sub-v1s2x0051467_ses-1/surf/lh.white...
reading input pial surface /out/sourcedata/freesurfer/sub-v1s2x0051467_ses-1/surf/lh.pial...
reading input white surface /out/sourcedata/freesurfer/sub-v1s2x0051467_ses-1/surf/lh.white...
INFO: using TH3 volume calc
INFO: assuming MGZ format for volumes.
INFO: not computing global stats
Using TH3 vertex volume calc
Total face volume 300378
Total vertex volume 300191 (mask=0)
Saving annotation colortable ./BA_exvivo.ctab

table columns are:
    number of vertices
    total surface area (mm^2)
    total gray matter volume (mm^3)
    average cortical thickness +- standard deviation (mm)
    integrated rectified mean curvature
    integrated rectified Gaussian curvature
    folding index
    intrinsic curvature index
    structure name

 1801    890   2381  2.176 0.629     0.097     0.021       15     1.5  BA1_exvivo
 5761   3349   8245  2.300 0.615     0.099     0.020       44     4.9  BA2_exvivo
 1192    823   1041  1.660 0.383     0.142     0.034       12     1.7  BA3a_exvivo
 3159   1980   4034  1.883 0.692     0.101     0.020       24     2.6  BA3b_exvivo
 2463   1294   3325  2.292 0.601     0.100     0.024       21     2.5  BA4a_exvivo
 1693   1063   2419  2.385 0.544     0.096     0.021       11     1.5  BA4p_exvivo
15540   8991  29446  2.887 0.629     0.097     0.019      119    12.7  BA6_exvivo
 3843   2449   7744  2.829 0.501     0.111     0.022       42     3.9  BA44_exvivo
 4577   2888   8490  2.652 0.558     0.113     0.023       45     4.3  BA45_exvivo
 3760   2515   2859  1.199 0.399     0.121     0.026       39     4.2  V1_exvivo
10262   6867  10685  1.603 0.575     0.138     0.034      138    16.2  V2_exvivo
 2934   1814   3347  1.865 0.505     0.113     0.023       28     3.0  MT_exvivo
  593    405   1337  2.973 0.732     0.087     0.017        3     0.4  perirhinal_exvivo
  612    398   1791  3.087 1.259     0.108     0.029        5     0.8  entorhinal_exvivo

 mris_anatomical_stats -th3 -mgz -f ../stats/lh.BA_exvivo.thresh.stats -noglobal -b -a ./lh.BA_exvivo.thresh.annot -c ./BA_exvivo.thresh.ctab sub-v1s2x0051467_ses-1 lh white 

computing statistics for each annotation in ./lh.BA_exvivo.thresh.annot.
reading volume /out/sourcedata/freesurfer/sub-v1s2x0051467_ses-1/mri/wm.mgz...
reading input surface /out/sourcedata/freesurfer/sub-v1s2x0051467_ses-1/surf/lh.white...
reading input pial surface /out/sourcedata/freesurfer/sub-v1s2x0051467_ses-1/surf/lh.pial...
reading input white surface /out/sourcedata/freesurfer/sub-v1s2x0051467_ses-1/surf/lh.white...
INFO: using TH3 volume calc
INFO: assuming MGZ format for volumes.
INFO: not computing global stats
Using TH3 vertex volume calc
Total face volume 300378
Total vertex volume 300191 (mask=0)
Saving annotation colortable ./BA_exvivo.thresh.ctab

table columns are:
    number of vertices
    total surface area (mm^2)
    total gray matter volume (mm^3)
    average cortical thickness +- standard deviation (mm)
    integrated rectified mean curvature
    integrated rectified Gaussian curvature
    folding index
    intrinsic curvature index
    structure name

 1228    564   1612  2.234 0.529     0.095     0.020        9     1.0  BA1_exvivo
 2566   1421   3319  2.131 0.503     0.085     0.018       16     1.9  BA2_exvivo
  985    692    863  1.639 0.349     0.145     0.035       10     1.4  BA3a_exvivo
 1753   1139   1647  1.437 0.328     0.088     0.015        9     1.1  BA3b_exvivo
 2313   1272   3029  2.244 0.620     0.097     0.022       17     2.2  BA4a_exvivo
 1322    826   1831  2.320 0.599     0.102     0.025       10     1.3  BA4p_exvivo
 9002   4854  16134  2.836 0.636     0.090     0.019       69     7.5  BA6_exvivo
 2599   1653   5090  2.794 0.458     0.109     0.020       26     2.3  BA44_exvivo
 2129   1285   4550  2.888 0.559     0.122     0.028       26     2.4  BA45_exvivo
 4013   2694   3196  1.241 0.444     0.124     0.027       43     4.8  V1_exvivo
 5008   3454   5120  1.556 0.561     0.149     0.039       79     9.5  V2_exvivo
  743    446    887  1.989 0.470     0.103     0.018        7     0.6  MT_exvivo
  244    161    553  3.095 0.526     0.064     0.011        0     0.1  perirhinal_exvivo
  373    242   1209  3.469 0.590     0.082     0.015        2     0.2  entorhinal_exvivo

Started at Tue Mar 10 00:45:52 CET 2026 
Ended   at Tue Mar 10 00:50:09 CET 2026
#@#%# recon-all-run-time-hours 0.071
recon-all -s sub-v1s2x0051467_ses-1 finished without error at Tue Mar 10 00:50:09 CET 2026
