#!ascii label  , from subject sub-v1s2x0051462_ses-1 vox2ras=TkReg
2892
47558  1.010  -35.318  91.683 0.6250000000
48505  0.575  -35.604  91.526 0.6250000000
137530  0.303  -34.973  91.425 0.5000000000
47569  0.917  -36.148  91.808 0.6250000000
48520  0.228  -35.809  91.350 0.5000000000
46576  1.079  -37.010  92.077 0.6250000000
46577  0.601  -37.098  91.750 0.6250000000
47570  0.452  -36.642  91.499 0.5000000000
48521  -0.163  -35.865  90.856 0.2500000000
46578  0.464  -37.203  91.515 0.5000000000
47580  -0.009  -36.677  91.158 0.3750000000
47581  -0.283  -36.718  90.539 0.2500000000
46592  -0.168  -37.460  90.773 0.3750000000
46591  0.210  -37.451  91.246 0.5000000000
46603  -0.442  -37.504  90.250 0.2500000000
47590  -0.449  -36.837  89.997 0.2500000000
49474  2.775  -34.490  92.701 0.6250000000
48503  2.423  -35.373  92.536 0.6250000000
48492  2.081  -34.806  92.660 0.6250000000
48502  3.204  -35.180  92.254 0.6250000000
48504  1.828  -35.515  92.464 0.6250000000
161516  1.643  -35.078  92.405 0.6250000000
144151  1.608  -34.660  92.199 0.6250000000
48494  0.727  -34.783  91.525 0.6250000000
48519  2.957  -35.997  92.042 0.7500000000
47567  2.123  -36.129  92.332 0.6250000000
47568  1.502  -36.191  92.189 0.6250000000
47557  1.366  -35.351  92.057 0.6250000000
47579  1.753  -36.889  92.079 0.6250000000
47604  -0.424  -36.595  89.389 0.2500000000
48538  -0.361  -35.904  90.018 0.2500000000
47578  2.554  -36.675  91.676 0.6250000000
46624  -0.528  -37.383  88.887 0.2500000000
45607  0.434  -37.696  91.411 0.5000000000
46613  -0.597  -37.441  89.674 0.2500000000
148673  -0.357  -38.177  90.368 0.3750000000
45634  -0.719  -38.151  89.935 0.2500000000
45626  0.789  -39.912  90.995 0.2500000000
44776  0.020  -40.158  90.568 0.3750000000
45625  1.369  -39.542  90.593 0.2500000000
44775  0.304  -40.255  90.819 0.3750000000
150814  -0.176  -41.127  89.835 0.3750000000
50393  3.761  -32.517  92.481 0.6250000000
50414  3.622  -33.481  92.376 0.6250000000
145257  3.124  -33.786  92.601 0.6250000000
49489  3.426  -34.295  92.358 0.6250000000
49504  3.909  -34.822  91.642 0.7500000000
48518  3.610  -35.590  91.359 0.7500000000
48554  -0.183  -35.597  89.126 0.2500000000
46589  1.339  -37.675  91.737 0.6250000000
48567  0.086  -35.501  88.311 0.2500000000
47617  -0.234  -36.404  88.610 0.2500000000
48537  3.311  -36.363  91.090 1.0000000000
46590  0.761  -37.771  91.681 0.5000000000
47589  2.878  -37.122  90.730 0.8750000000
46588  2.125  -37.488  91.400 0.7500000000
45616  0.143  -38.356  91.037 0.6250000000
46601  2.361  -38.020  90.287 0.5000000000
45614  1.000  -38.669  91.335 0.6250000000
154000  -0.805  -38.014  89.390 0.2500000000
46602  1.660  -38.425  91.045 0.3750000000
142483  0.072  -39.281  90.891 0.5000000000
45624  1.962  -39.066  89.818 0.3750000000
45615  0.433  -38.804  91.147 0.5000000000
49503  4.123  -33.934  91.956 0.6250000000
49514  4.436  -34.321  91.034 0.7500000000
47629  0.074  -36.330  87.852 0.2500000000
48536  3.869  -35.876  90.395 1.0000000000
46648  0.090  -37.255  87.491 0.2500000000
140883  -0.185  -37.046  88.188 0.2500000000
48553  3.927  -36.078  89.377 0.8750000000
47588  3.439  -36.612  90.026 0.5000000000
137125  -0.121  -38.287  87.522 0.2500000000
46636  -0.415  -37.825  88.136 0.2500000000
48566  3.820  -36.229  88.333 0.3750000000
47603  2.977  -37.444  89.544 0.5000000000
50483  5.050  -34.807  85.779 0.3750000000
49537  4.660  -35.246  86.143 0.1250000000
48579  4.269  -35.815  86.707 0.3750000000
50474  4.910  -34.524  86.362 0.5000000000
49531  4.554  -35.052  87.050 0.3750000000
51361  5.606  -33.084  86.035 0.5000000000
50482  5.403  -34.045  85.683 0.2500000000
152339  5.282  -31.045  92.272 0.5000000000
51297  5.181  -31.861  91.710 0.5000000000
50425  5.019  -32.555  91.388 0.5000000000
50412  4.650  -32.476  91.856 0.6250000000
51312  5.506  -32.105  91.042 0.7500000000
50436  5.129  -32.946  90.688 0.7500000000
50437  4.873  -33.800  90.424 0.8750000000
49515  4.224  -35.153  90.723 1.0000000000
141883  4.604  -34.580  90.092 1.0000000000
49522  4.321  -35.343  89.760 1.0000000000
49521  4.645  -34.743  89.134 0.7500000000
50456  4.988  -34.182  88.500 0.7500000000
52307  6.674  -31.724  85.303 0.3750000000
51360  6.163  -32.418  85.604 0.5000000000
49527  4.580  -34.882  88.110 0.5000000000
50464  5.236  -33.572  87.838 0.7500000000
51372  6.597  -32.461  84.861 0.2500000000
51373  6.043  -33.253  85.225 0.3750000000
51354  5.543  -32.928  87.165 0.5000000000
50465  4.905  -34.324  87.410 0.5000000000
52233  6.074  -30.385  92.237 0.5000000000
157417  5.887  -31.209  91.491 0.5000000000
148569  6.479  -30.394  91.685 0.5000000000
136961  6.027  -31.592  90.590 0.7500000000
50447  5.221  -33.207  89.831 0.8750000000
50448  4.995  -34.026  89.494 1.0000000000
51334  5.548  -32.574  89.290 0.7500000000
51333  6.086  -31.962  88.768 0.8750000000
50455  5.234  -33.407  88.884 0.7500000000
152437  6.494  -31.722  86.200 0.5000000000
51344  6.051  -32.210  87.717 0.8750000000
51345  5.584  -32.766  88.286 0.8750000000
51353  6.013  -32.340  86.614 0.6250000000
52312  7.280  -31.277  84.991 0.5000000000
52306  7.192  -31.146  85.956 0.6250000000
52267  8.115  -29.634  90.777 0.6250000000
52253  6.787  -30.170  91.173 0.6250000000
52269  6.835  -30.264  90.293 0.7500000000
52270  6.443  -31.006  90.069 0.7500000000
52268  7.409  -29.726  90.188 0.6250000000
52280  7.432  -29.811  89.565 0.7500000000
52281  6.855  -30.505  89.413 0.8750000000
52282  6.463  -31.179  89.161 0.8750000000
52299  6.463  -31.663  87.200 0.8750000000
135877  8.927  -30.593  84.533 0.3750000000
53291  8.519  -30.475  85.342 0.7500000000
139034  10.149  -30.810  83.555 0.1250000000
53305  9.895  -30.456  84.310 0.5000000000
52279  8.334  -29.665  89.934 0.6250000000
52288  8.532  -29.772  89.086 0.7500000000
52289  7.546  -30.056  88.744 0.8750000000
53246  8.411  -30.007  88.194 0.8750000000
52297  7.622  -30.493  87.923 0.8750000000
52290  6.999  -30.787  88.565 1.0000000000
53262  9.166  -30.170  87.619 1.0000000000
52298  7.035  -31.089  87.693 0.8750000000
53276  9.108  -30.345  86.417 0.7500000000
52305  7.551  -30.863  86.989 0.8750000000
53289  10.377  -30.376  85.223 0.7500000000
53290  9.468  -30.376  85.283 0.7500000000
53277  8.047  -30.566  86.215 0.7500000000
158393  6.914  -31.281  86.802 0.8750000000
146033  10.862  -30.716  83.259 0.2500000000
53304  10.546  -30.519  83.806 0.6250000000
53230  9.162  -29.819  89.568 0.5000000000
53214  9.451  -29.867  90.306 0.5000000000
53244  10.817  -30.387  88.646 0.8750000000
134685  9.561  -30.066  88.925 0.5000000000
154277  11.548  -30.493  88.085 0.8750000000
135656  9.958  -30.308  88.093 1.0000000000
135363  10.843  -30.471  87.685 0.8750000000
135361  10.883  -30.490  86.808 1.0000000000
135741  10.054  -30.431  87.154 1.0000000000
154731  10.844  -30.488  86.019 0.7500000000
53303  11.223  -30.431  83.773 0.7500000000
53288  11.211  -30.421  85.346 0.7500000000
53275  10.149  -30.434  86.177 0.7500000000
53302  12.116  -30.289  83.863 0.8750000000
135364  12.163  -30.420  88.700 0.6250000000
53261  11.783  -30.514  87.288 0.8750000000
53273  13.059  -30.253  86.839 0.8750000000
151121  12.902  -30.248  85.899 0.8750000000
53274  11.544  -30.512  86.319 1.0000000000
53287  12.084  -30.432  85.614 1.0000000000
54198  13.355  -29.653  83.822 0.8750000000
53286  12.544  -30.269  84.863 1.0000000000
53317  12.752  -30.285  83.116 0.8750000000
53301  12.894  -30.125  84.131 0.8750000000
55197  18.264  -27.852  81.812 0.1250000000
56112  17.638  -27.665  80.985 0.5000000000
56111  18.147  -27.595  80.278 0.3750000000
56126  16.649  -26.643  79.247 0.7500000000
138301  12.753  -30.354  87.473 0.7500000000
54182  13.701  -28.990  85.489 0.8750000000
54171  13.439  -29.815  86.152 0.8750000000
54183  13.335  -29.836  85.035 0.8750000000
54212  13.869  -29.126  83.378 0.8750000000
55188  14.064  -28.722  81.867 0.7500000000
55209  18.874  -28.245  79.962 0.2500000000
155423  18.692  -28.151  81.021 0.2500000000
56124  18.653  -27.487  79.202 0.5000000000
56125  17.446  -27.102  79.728 0.6250000000
57066  16.056  -26.111  79.214 0.7500000000
54170  13.444  -28.568  86.392 0.8750000000
54197  13.888  -29.149  84.538 0.8750000000
56087  14.561  -27.774  83.040 0.8750000000
55166  14.247  -28.477  84.138 0.8750000000
160806  14.246  -28.295  82.530 0.7500000000
55179  14.288  -28.442  83.278 0.8750000000
57046  14.726  -26.739  81.734 0.7500000000
56099  14.365  -27.671  81.796 0.7500000000
147071  14.684  -26.658  80.285 0.7500000000
57055  14.509  -26.938  81.019 0.7500000000
138916  16.462  -25.447  78.939 0.7500000000
57078  15.812  -25.552  79.421 0.7500000000
57067  15.233  -26.401  79.682 0.7500000000
56139  19.197  -27.451  78.885 0.7500000000
56140  18.460  -26.552  79.044 0.8750000000
57077  17.772  -25.639  78.828 0.8750000000
57065  16.922  -25.813  78.793 0.7500000000
55165  14.544  -27.603  84.595 0.8750000000
55152  13.986  -28.223  84.975 0.8750000000
56086  14.949  -26.849  82.828 0.7500000000
58116  15.396  -25.447  81.414 0.7500000000
57054  14.752  -26.175  81.048 0.7500000000
58150  16.475  -24.941  79.202 0.8750000000
58127  15.983  -24.975  80.825 0.7500000000
58128  15.190  -25.667  80.223 0.7500000000
57076  19.179  -26.679  79.001 0.8750000000
58149  17.226  -25.062  78.781 0.8750000000
58083  24.948  -25.563  85.120 0.3750000000
57011  23.194  -25.657  84.677 0.6250000000
57012  22.484  -25.575  84.671 0.6250000000
157815  26.371  -23.417  84.198 0.5000000000
59100  26.023  -25.091  84.195 0.6250000000
57010  24.874  -25.981  84.543 0.6250000000
57022  23.652  -26.403  84.446 0.7500000000
56061  22.080  -26.004  84.235 0.8750000000
57023  21.339  -25.716  84.116 0.7500000000
57014  20.965  -24.898  84.563 0.6250000000
57015  20.378  -24.538  84.497 0.8750000000
58084  19.475  -23.952  84.781 0.8750000000
58085  18.315  -23.495  85.357 0.8750000000
60069  26.389  -23.658  83.220 0.7500000000
59107  26.153  -25.072  83.351 0.7500000000
57032  24.842  -26.859  83.445 0.6250000000
56069  24.084  -27.151  83.883 1.0000000000
56071  22.326  -27.221  84.294 1.0000000000
56072  20.995  -26.596  83.996 1.0000000000
57024  20.821  -25.393  83.845 0.8750000000
57025  20.197  -24.777  83.686 0.8750000000
153827  18.735  -23.710  84.504 0.8750000000
143367  17.948  -23.490  84.551 0.8750000000
60076  26.410  -23.840  82.400 0.8750000000
57043  24.990  -26.996  82.376 0.8750000000
56094  23.538  -27.572  82.662 0.8750000000
56083  22.946  -27.536  83.447 1.0000000000
56084  21.447  -27.281  83.881 1.0000000000
57033  20.495  -26.050  83.502 0.8750000000
58095  19.301  -24.340  83.729 0.8750000000
58096  18.414  -23.800  83.836 0.8750000000
58097  17.131  -23.824  84.389 0.8750000000
58098  16.484  -24.627  84.078 0.8750000000
57035  15.926  -25.487  83.825 0.8750000000
57017  15.422  -26.289  85.081 0.8750000000
56073  14.927  -27.331  83.841 0.8750000000
59113  26.367  -24.365  81.723 0.8750000000
57051  24.956  -27.013  81.361 0.8750000000
56093  24.285  -27.416  81.970 0.8750000000
56095  22.730  -27.834  82.527 1.0000000000
56097  20.611  -27.212  82.256 1.0000000000
151899  20.091  -26.349  82.671 1.0000000000
58103  18.932  -24.767  83.235 0.8750000000
58104  17.958  -24.147  83.005 0.8750000000
58105  17.063  -24.079  83.354 0.8750000000
57027  15.400  -26.366  84.037 0.8750000000
58136  25.675  -25.632  80.473 1.0000000000
56106  24.280  -27.548  81.023 0.8750000000
56107  23.428  -27.884  81.598 0.8750000000
56108  22.288  -28.007  81.621 1.0000000000
57052  20.134  -26.784  81.376 1.0000000000
157729  19.188  -25.392  82.141 1.0000000000
58113  18.084  -24.591  81.752 0.8750000000
58114  17.219  -24.321  82.163 0.7500000000
157775  16.763  -24.462  82.681 0.7500000000
137058  16.349  -25.002  83.075 0.8750000000
59140  25.797  -24.665  79.473 1.0000000000
58137  25.245  -26.300  80.049 1.0000000000
56119  24.142  -27.648  80.177 0.8750000000
138294  22.772  -28.139  80.741 1.0000000000
56109  21.247  -27.643  81.705 1.0000000000
148925  19.567  -25.896  81.845 1.0000000000
58124  18.925  -25.215  81.344 0.8750000000
58106  15.702  -25.402  82.355 0.7500000000
60104  25.351  -23.745  77.953 1.0000000000
59148  25.474  -24.571  78.548 1.0000000000
58147  25.095  -26.165  79.296 1.0000000000
57073  24.576  -26.995  79.598 0.8750000000
56120  23.282  -28.104  80.021 1.0000000000
56121  22.171  -28.072  79.823 1.0000000000
56110  20.735  -27.478  80.696 1.0000000000
57053  19.541  -25.942  80.625 0.8750000000
58138  18.866  -25.358  79.990 0.8750000000
58125  18.289  -24.733  80.479 0.7500000000
59123  17.054  -24.443  80.193 0.7500000000
148915  25.109  -24.548  77.858 1.0000000000
58166  24.646  -25.741  77.937 0.8750000000
57088  24.514  -26.688  78.821 0.8750000000
138127  22.933  -28.090  79.333 0.8750000000
56123  20.407  -27.454  79.378 0.8750000000
57062  19.971  -26.757  80.091 0.8750000000
57063  19.333  -26.143  79.561 0.8750000000
58139  18.226  -24.902  79.382 0.8750000000
59131  17.148  -24.606  79.343 0.8750000000
59124  16.472  -24.668  80.347 0.7500000000
146495  24.203  -26.042  77.289 1.0000000000
57097  24.363  -26.456  78.063 0.8750000000
56135  23.144  -27.781  78.582 0.8750000000
56136  22.071  -27.987  78.733 0.8750000000
149446  20.367  -27.837  78.514 0.8750000000
56138  19.695  -27.529  78.685 0.8750000000
57064  18.553  -25.680  79.079 0.8750000000
59130  17.717  -24.738  79.076 0.8750000000
60967  26.289  -22.397  83.602 0.7500000000
60977  26.265  -22.113  82.617 0.7500000000
61939  26.088  -21.027  82.349 0.7500000000
60083  26.408  -23.310  81.810 0.8750000000
60090  26.415  -23.157  80.886 1.0000000000
60988  26.354  -23.127  80.054 1.0000000000
59129  26.157  -24.400  80.237 1.0000000000
60995  26.110  -23.117  79.282 1.0000000000
60097  26.157  -23.847  79.695 1.0000000000
61001  25.694  -22.984  78.523 1.0000000000
60103  25.817  -23.836  78.892 1.0000000000
61008  25.276  -22.725  77.682 1.0000000000
60982  26.318  -22.153  81.625 0.8750000000
61942  26.247  -21.282  81.299 0.8750000000
61948  26.341  -21.493  80.301 1.0000000000
150387  26.249  -21.662  79.362 1.0000000000
61956  26.054  -21.697  78.692 1.0000000000
61980  25.326  -21.706  77.371 1.0000000000
61993  24.892  -21.659  76.568 1.0000000000
62964  24.756  -21.209  75.976 0.8750000000
62983  24.379  -20.359  74.568 0.8750000000
63987  23.216  -19.357  73.233 0.7500000000
64966  22.629  -18.837  72.216 0.7500000000
63898  26.392  -19.504  81.299 0.8750000000
62910  26.196  -20.247  81.874 0.8750000000
62919  26.358  -20.519  80.859 0.8750000000
62932  26.405  -20.764  79.854 1.0000000000
159758  26.162  -20.661  78.339 1.0000000000
62956  26.095  -20.392  77.800 1.0000000000
63952  25.654  -20.063  76.337 1.0000000000
62945  25.873  -21.230  78.116 1.0000000000
63944  25.734  -20.393  77.068 1.0000000000
62972  25.133  -20.440  75.767 1.0000000000
63964  24.956  -20.048  74.916 1.0000000000
63975  24.558  -19.636  74.141 1.0000000000
63986  23.985  -19.152  73.535 0.8750000000
64965  23.267  -18.534  72.531 0.6250000000
64978  23.999  -18.371  71.271 0.6250000000
63018  23.005  -19.981  71.349 0.6250000000
64012  23.371  -19.448  70.764 0.7500000000
64011  23.845  -19.094  70.104 0.6250000000
64991  24.076  -18.569  70.341 0.6250000000
141395  26.644  -18.852  80.760 0.6250000000
63914  26.752  -19.115  79.938 0.8750000000
63915  26.615  -19.827  80.364 0.7500000000
63926  26.796  -19.256  79.082 1.0000000000
63935  26.718  -19.136  78.329 1.0000000000
63927  26.616  -20.028  79.419 1.0000000000
63936  26.476  -20.022  78.545 1.0000000000
141740  26.444  -19.658  77.878 1.0000000000
63943  26.192  -19.671  77.068 1.0000000000
63963  25.587  -19.716  75.384 1.0000000000
63974  25.387  -19.463  74.382 1.0000000000
64934  24.929  -19.170  73.534 1.0000000000
64949  24.360  -18.750  73.082 1.0000000000
139090  24.651  -18.523  72.727 0.7500000000
151542  23.955  -18.489  72.789 0.7500000000
159904  24.801  -18.302  71.873 0.7500000000
64950  23.491  -18.732  73.071 0.7500000000
64964  24.150  -18.339  72.239 0.6250000000
64977  24.802  -18.241  71.033 0.6250000000
64990  24.881  -18.438  70.013 0.6250000000
64882  26.922  -18.419  78.831 0.8750000000
64893  26.608  -19.012  77.537 1.0000000000
64905  26.553  -18.862  76.662 1.0000000000
63951  26.204  -19.359  75.997 1.0000000000
64920  26.283  -19.134  74.787 1.0000000000
64933  25.866  -19.158  73.613 1.0000000000
64948  25.335  -18.795  72.916 0.8750000000
64963  25.110  -18.485  72.499 0.7500000000
65002  25.014  -18.786  69.192 0.6250000000
141083  26.906  -18.221  77.995 0.8750000000
64892  26.980  -17.639  77.167 0.8750000000
64931  27.129  -18.332  74.512 1.0000000000
64904  26.905  -18.131  76.411 1.0000000000
64918  27.116  -18.035  75.500 1.0000000000
65964  27.386  -18.107  74.280 1.0000000000
64919  26.691  -18.657  75.701 1.0000000000
64946  26.484  -19.059  73.626 1.0000000000
64947  25.851  -18.991  73.106 1.0000000000
64975  25.739  -18.657  72.541 1.0000000000
64962  25.571  -18.643  72.691 1.0000000000
64976  25.562  -18.396  72.013 0.6250000000
64989  25.661  -18.241  70.825 0.6250000000
66003  26.617  -18.233  70.372 0.7500000000
65001  25.817  -18.381  69.492 0.6250000000
66019  26.972  -18.149  69.262 0.6250000000
64961  25.677  -18.855  72.863 1.0000000000
65991  26.286  -18.428  71.711 1.0000000000
64945  26.501  -18.950  73.001 1.0000000000
65982  26.362  -18.715  72.451 1.0000000000
65983  26.084  -18.686  72.441 1.0000000000
156284  27.452  -18.443  71.966 1.0000000000
142577  27.039  -18.446  71.711 1.0000000000
141135  27.191  -18.303  70.887 1.0000000000
66002  27.791  -18.157  69.844 0.8750000000
66018  27.948  -18.089  68.891 0.8750000000
146991  27.400  -18.602  72.505 1.0000000000
65990  28.317  -18.183  71.189 1.0000000000
66001  28.054  -18.197  70.622 1.0000000000
66983  28.301  -17.490  69.300 0.8750000000
66991  28.007  -17.254  68.508 0.7500000000
161092  27.778  -16.613  67.903 0.8750000000
157342  27.934  -15.562  67.360 0.8750000000
67959  27.642  -15.601  65.786 0.8750000000
67986  28.504  -15.707  63.704 0.6250000000
65971  28.528  -17.963  72.597 0.8750000000
65981  28.633  -17.967  71.751 1.0000000000
66957  29.184  -17.395  70.963 1.0000000000
66969  28.936  -17.416  70.365 1.0000000000
67924  29.312  -16.111  69.895 1.0000000000
66982  28.749  -16.680  69.690 1.0000000000
67935  28.359  -16.247  69.010 1.0000000000
153846  28.555  -15.591  68.664 1.0000000000
67943  27.959  -15.952  68.138 0.8750000000
68891  28.197  -15.322  66.944 0.8750000000
67942  28.494  -15.387  67.888 0.8750000000
68915  28.600  -15.276  65.456 1.0000000000
68905  28.016  -15.295  66.051 1.0000000000
149109  29.034  -15.272  64.281 0.7500000000
67977  28.294  -15.456  64.321 0.7500000000
66936  29.327  -16.968  72.801 0.7500000000
66943  29.935  -16.323  72.251 0.7500000000
66944  29.333  -17.172  72.015 0.7500000000
66956  29.645  -16.993  71.294 0.8750000000
161805  29.626  -16.796  70.896 0.8750000000
67911  29.980  -16.248  70.763 0.8750000000
66968  29.530  -16.487  70.492 0.8750000000
67923  29.913  -15.938  70.068 0.8750000000
67934  28.909  -15.708  69.303 1.0000000000
68904  29.001  -15.300  66.353 1.0000000000
68890  28.894  -15.310  67.212 1.0000000000
156728  29.752  -14.983  64.332 0.8750000000
68928  29.300  -15.204  64.846 1.0000000000
68914  29.761  -15.294  65.579 1.0000000000
68929  28.331  -15.345  64.823 0.7500000000
66935  30.044  -16.056  73.142 0.7500000000
66955  29.917  -16.442  71.679 0.8750000000
67910  30.389  -16.048  71.165 0.8750000000
67909  31.447  -16.012  70.822 0.8750000000
67922  30.782  -16.095  70.409 0.8750000000
68863  30.104  -16.067  69.223 0.8750000000
67933  29.373  -15.737  69.408 1.0000000000
150954  31.383  -16.301  67.673 0.8750000000
68874  30.739  -16.275  68.459 1.0000000000
68876  29.002  -15.418  68.764 1.0000000000
144650  30.487  -16.081  67.688 1.0000000000
156083  29.598  -15.433  66.923 1.0000000000
68889  29.474  -15.518  67.744 1.0000000000
68903  30.162  -15.436  66.313 1.0000000000
69835  31.420  -15.216  65.074 1.0000000000
68913  30.826  -15.382  65.662 1.0000000000
68902  31.027  -15.694  66.291 1.0000000000
69848  30.355  -14.482  64.018 0.8750000000
66942  30.591  -15.570  72.475 0.6250000000
154444  30.745  -15.682  71.564 0.8750000000
68843  32.311  -16.120  70.464 0.8750000000
136905  33.212  -16.046  69.371 0.8750000000
68854  32.526  -16.240  69.613 0.8750000000
67921  31.722  -16.250  69.969 0.8750000000
68861  32.555  -16.266  68.657 0.7500000000
68855  31.009  -16.304  69.375 0.8750000000
68872  32.939  -16.100  67.886 0.5000000000
142337  31.648  -16.378  68.472 0.8750000000
68885  33.243  -15.783  67.267 0.7500000000
68873  32.199  -16.290  67.743 0.8750000000
68886  32.630  -16.075  67.101 0.8750000000
68887  31.950  -16.190  66.987 0.8750000000
147561  31.187  -16.101  66.938 1.0000000000
69807  33.044  -15.697  66.548 0.8750000000
68900  32.450  -15.842  66.445 1.0000000000
68888  30.324  -15.719  66.938 1.0000000000
68901  31.804  -15.852  66.353 1.0000000000
69821  32.363  -15.532  65.759 1.0000000000
69822  31.649  -15.491  65.705 1.0000000000
162499  31.079  -14.231  64.009 1.0000000000
70759  31.782  -14.366  64.244 1.0000000000
70760  31.240  -13.743  63.730 1.0000000000
70791  30.021  -13.316  62.741 0.7500000000
70790  30.129  -12.642  62.398 0.7500000000
66934  30.735  -15.532  73.555 0.5000000000
67884  31.178  -15.066  72.585 0.6250000000
153327  31.289  -15.281  71.697 0.6250000000
67895  32.052  -15.136  71.374 0.5000000000
67908  31.875  -15.768  71.116 0.7500000000
68853  33.108  -15.974  70.277 0.7500000000
69792  34.325  -15.040  67.906 0.5000000000
68871  33.685  -15.650  68.153 0.5000000000
68860  33.269  -15.991  68.641 0.5000000000
69806  33.624  -15.379  66.698 0.5000000000
69793  33.785  -15.413  67.385 0.5000000000
69818  34.091  -14.828  66.186 0.5000000000
69833  33.357  -15.168  65.398 1.0000000000
69834  32.912  -15.263  65.176 1.0000000000
159763  31.793  -14.946  64.682 1.0000000000
70776  30.810  -13.006  63.125 0.8750000000
70775  31.881  -13.381  63.641 1.0000000000
69888  32.137  -13.732  60.345 0.1250000000
69889  31.374  -13.210  60.250 0.2500000000
70820  30.199  -12.164  60.701 0.5000000000
162830  30.037  -12.224  61.872 0.5000000000
71774  30.692  -12.076  62.412 0.8750000000
70819  30.910  -12.361  60.189 0.2500000000
71806  30.270  -11.311  60.873 0.5000000000
140567  31.884  -14.449  72.800 0.3750000000
68828  33.090  -15.401  70.817 0.5000000000
134596  33.757  -15.457  70.564 0.3750000000
68842  32.596  -15.774  70.814 0.7500000000
69774  34.783  -15.141  69.737 0.2500000000
68852  33.647  -15.701  69.944 0.3750000000
69783  35.185  -14.431  69.390 0.2500000000
151474  33.887  -15.601  69.260 0.3750000000
70702  35.404  -13.356  69.187 0.2500000000
69784  34.480  -15.139  68.823 0.3750000000
69791  34.861  -14.258  68.589 0.3750000000
69805  34.185  -14.888  67.058 0.5000000000
70720  34.562  -14.074  66.697 0.5000000000
144691  32.542  -14.299  64.154 1.0000000000
71773  31.638  -11.802  62.631 0.8750000000
140000  32.306  -12.565  63.126 1.0000000000
71789  30.276  -11.572  61.602 0.7500000000
71760  31.464  -12.537  63.019 0.8750000000
69900  33.481  -13.168  59.817 0.1250000000
69901  32.439  -13.060  59.876 0.1250000000
71805  30.802  -11.061  60.302 0.5000000000
70808  29.976  -12.147  61.299 0.5000000000
69899  34.433  -13.228  59.901 0.1250000000
70835  33.099  -12.565  59.434 0.1250000000
70681  37.567  -11.635  71.951 0.2500000000
70667  37.771  -12.476  72.668 0.2500000000
67894  32.825  -14.486  71.525 0.1250000000
70668  37.554  -12.605  71.981 0.2500000000
69762  36.770  -14.245  71.328 0.2500000000
68840  35.876  -14.753  71.392 0.2500000000
145543  35.194  -14.971  71.297 0.2500000000
135901  34.527  -15.177  70.892 0.2500000000
70682  37.330  -12.114  71.193 0.2500000000
69761  37.370  -13.397  71.640 0.2500000000
69763  35.994  -14.636  70.818 0.2500000000
69771  37.154  -13.336  70.894 0.2500000000
69772  36.450  -13.923  70.544 0.2500000000
68841  35.189  -15.078  70.672 0.2500000000
70691  36.782  -12.495  70.291 0.2500000000
69773  35.611  -14.601  70.168 0.2500000000
68851  34.272  -15.362  70.211 0.2500000000
69782  35.978  -13.590  69.828 0.2500000000
70701  36.049  -12.281  69.526 0.2500000000
70710  35.077  -13.145  68.381 0.5000000000
70729  34.494  -14.018  65.728 0.7500000000
148470  33.952  -14.239  64.552 1.0000000000
70757  33.729  -14.077  64.137 1.0000000000
70774  32.858  -13.427  63.594 1.0000000000
72718  30.960  -11.199  62.013 0.8750000000
71825  31.334  -11.663  59.788 0.5000000000
72746  30.944  -10.501  60.755 0.5000000000
72733  31.252  -10.503  61.550 0.8750000000
71846  33.135  -11.770  58.946 0.1250000000
71824  32.069  -11.248  59.183 0.5000000000
71847  32.738  -10.804  58.694 0.1250000000
69749  37.615  -13.429  72.536 0.2500000000
71679  37.522  -10.754  71.225 0.2500000000
69750  37.221  -14.100  72.076 0.2500000000
143832  34.768  -14.692  71.404 0.2500000000
71680  37.106  -10.943  70.545 0.2500000000
70700  36.571  -11.032  69.815 0.2500000000
70709  35.509  -12.313  68.958 0.2500000000
71703  35.321  -11.738  68.194 0.5000000000
70719  34.883  -13.009  67.395 0.5000000000
71745  33.695  -13.329  63.580 1.0000000000
71759  33.201  -12.602  63.030 1.0000000000
72716  32.837  -11.039  62.182 1.0000000000
71772  32.576  -11.772  62.646 1.0000000000
73720  31.598  -9.838  61.041 0.6250000000
72717  31.875  -10.987  62.238 0.8750000000
72759  32.032  -10.288  59.228 0.3750000000
73731  31.631  -9.884  60.269 0.6250000000
71691  37.600  -10.051  70.600 0.2500000000
71711  35.029  -11.889  66.980 0.5000000000
70742  34.830  -13.039  65.309 1.0000000000
149402  34.383  -13.817  64.819 1.0000000000
71758  33.990  -12.479  62.902 1.0000000000
72699  33.470  -11.837  62.515 1.0000000000
73705  33.158  -10.425  61.741 1.0000000000
72732  32.157  -10.284  61.758 1.0000000000
73738  32.185  -9.404  59.559 0.7500000000
73730  32.157  -9.313  60.512 0.8750000000
71698  35.943  -11.207  69.150 0.2500000000
70728  34.851  -13.065  66.332 0.5000000000
147730  35.428  -12.245  64.876 1.0000000000
71737  34.856  -12.909  64.240 1.0000000000
137902  34.518  -12.778  63.403 1.0000000000
70743  34.205  -13.593  64.066 1.0000000000
71757  34.617  -12.280  62.757 1.0000000000
147286  33.727  -11.246  61.990 1.0000000000
73729  33.068  -9.144  60.780 1.0000000000
73718  33.723  -9.966  61.209 1.0000000000
71697  36.736  -10.201  69.224 0.2500000000
71702  36.149  -10.476  68.472 0.2500000000
71710  35.671  -10.818  67.446 0.5000000000
143915  35.447  -11.188  66.486 0.5000000000
71736  35.609  -12.249  63.761 1.0000000000
71756  35.255  -12.288  62.968 1.0000000000
160724  35.059  -12.566  63.554 1.0000000000
72697  34.971  -11.838  62.339 1.0000000000
72715  34.525  -11.327  61.863 1.0000000000
73704  33.992  -10.750  61.608 1.0000000000
74681  33.448  -8.488  60.337 1.0000000000
74694  33.127  -8.097  59.589 0.6250000000
74682  32.636  -8.725  60.000 0.7500000000
74712  33.222  -7.898  58.923 0.3750000000
154057  35.116  -7.889  57.099 0.1250000000
75716  34.080  -7.213  58.048 0.3750000000
72655  36.326  -10.496  66.572 0.5000000000
71721  35.813  -11.341  65.595 0.5000000000
72682  37.090  -11.180  63.425 1.0000000000
143467  36.872  -11.110  64.382 1.0000000000
71735  36.159  -11.659  64.564 1.0000000000
72694  38.044  -11.058  63.054 1.0000000000
156440  36.348  -11.655  63.603 1.0000000000
73700  39.498  -10.062  62.290 1.0000000000
73701  38.818  -10.174  61.878 1.0000000000
73688  38.876  -10.533  62.650 1.0000000000
72695  37.133  -11.059  62.536 1.0000000000
71744  36.425  -11.487  62.840 1.0000000000
161420  35.962  -12.028  63.028 1.0000000000
73689  38.018  -10.708  62.178 1.0000000000
72713  36.268  -11.212  62.076 1.0000000000
74658  39.477  -9.484  61.576 1.0000000000
141495  38.017  -10.308  61.492 1.0000000000
72712  37.020  -10.633  61.587 1.0000000000
73702  35.848  -10.722  61.405 1.0000000000
72714  35.370  -11.306  61.861 1.0000000000
74660  37.541  -9.985  60.857 1.0000000000
73716  36.326  -10.030  60.766 1.0000000000
74668  37.060  -9.424  60.433 1.0000000000
74669  36.228  -9.115  60.251 1.0000000000
74670  35.194  -9.409  60.573 1.0000000000
145666  34.613  -9.968  60.883 1.0000000000
74679  35.348  -8.467  60.252 1.0000000000
74671  34.065  -9.204  60.769 1.0000000000
76699  34.798  -6.987  59.861 0.8750000000
75664  33.777  -7.805  59.982 0.8750000000
76727  34.314  -6.626  58.366 0.3750000000
76714  34.249  -6.772  59.163 0.5000000000
75682  33.642  -7.464  59.327 0.5000000000
75715  35.016  -7.155  57.087 0.1250000000
76744  34.708  -5.986  57.902 0.5000000000
72681  37.837  -11.100  64.226 1.0000000000
75635  39.620  -8.522  61.076 1.0000000000
74666  39.008  -8.849  60.690 1.0000000000
74667  38.031  -9.178  60.425 1.0000000000
75646  37.190  -8.572  59.998 1.0000000000
75645  38.392  -8.243  60.064 1.0000000000
75661  36.564  -7.693  59.847 1.0000000000
75662  35.510  -7.647  60.066 1.0000000000
76698  35.758  -6.896  59.819 0.8750000000
75663  34.606  -7.701  60.157 1.0000000000
77741  34.719  -6.065  58.627 0.6250000000
78742  35.893  -5.087  57.074 0.3750000000
77760  35.611  -5.645  56.952 0.2500000000
74638  40.721  -9.578  63.394 0.7500000000
73685  40.342  -9.738  63.116 0.8750000000
74646  41.177  -9.045  62.968 0.8750000000
74647  40.561  -9.360  62.692 0.8750000000
75625  41.012  -8.732  62.112 0.8750000000
75632  41.548  -7.973  61.737 0.8750000000
74648  40.242  -9.535  62.520 1.0000000000
73687  39.652  -10.229  62.893 1.0000000000
136237  39.001  -10.850  63.577 0.8750000000
75633  40.776  -7.988  61.295 0.8750000000
74656  40.401  -8.980  61.916 0.8750000000
74649  39.979  -9.748  62.374 1.0000000000
76679  38.624  -7.316  59.988 1.0000000000
75660  37.658  -7.629  59.790 1.0000000000
76697  36.896  -6.790  59.719 1.0000000000
77733  37.542  -6.070  59.750 1.0000000000
77734  36.685  -5.985  59.591 1.0000000000
76712  35.975  -6.154  59.516 0.8750000000
76713  35.068  -6.337  59.379 0.8750000000
78724  36.776  -4.931  59.007 0.7500000000
77744  35.218  -5.506  58.219 0.6250000000
77740  35.414  -5.660  58.969 0.6250000000
78740  37.062  -4.173  56.152 0.3750000000
79652  36.927  -4.122  56.832 0.3750000000
78728  36.444  -4.683  58.177 0.6250000000
78733  35.783  -5.031  57.801 0.6250000000
78752  36.798  -4.889  55.928 0.2500000000
75634  40.028  -8.275  61.312 0.8750000000
76676  40.236  -6.386  60.809 1.0000000000
76661  40.106  -7.334  60.942 0.8750000000
75643  39.551  -7.599  60.932 1.0000000000
77727  40.589  -5.591  60.867 1.0000000000
76677  39.534  -6.729  60.981 1.0000000000
77728  39.776  -6.030  60.725 1.0000000000
76678  38.954  -6.951  60.835 1.0000000000
77731  39.275  -5.792  60.350 1.0000000000
77737  38.423  -5.068  59.357 1.0000000000
157533  37.699  -4.721  58.900 0.7500000000
77738  37.600  -5.337  59.428 1.0000000000
79648  37.645  -3.683  57.279 0.6250000000
134555  37.774  -4.191  58.174 0.6250000000
157970  37.116  -4.529  58.430 0.7500000000
81606  40.502  -1.078  55.695 0.8750000000
81607  39.846  -1.282  56.173 0.7500000000
80572  39.105  -1.765  56.465 0.3750000000
148126  37.954  -3.199  56.710 0.6250000000
78731  37.002  -4.264  57.687 0.5000000000
80594  41.771  -2.223  53.403 0.3750000000
81619  41.146  -1.155  54.984 0.7500000000
81621  39.836  -1.463  55.298 0.6250000000
80582  39.176  -1.826  55.470 0.5000000000
79650  37.966  -3.024  56.093 0.5000000000
80600  43.393  -2.271  52.446 0.2500000000
76659  41.612  -6.936  61.286 0.8750000000
77716  42.358  -5.480  61.859 0.7500000000
77717  41.775  -5.887  61.408 0.8750000000
77718  41.086  -6.032  60.985 0.8750000000
77730  40.169  -5.392  60.594 1.0000000000
78718  40.497  -4.678  60.406 1.0000000000
78719  39.700  -5.058  60.109 1.0000000000
77732  38.396  -5.699  59.854 1.0000000000
78723  39.231  -4.696  59.425 1.0000000000
78720  39.024  -5.345  59.819 1.0000000000
78727  38.571  -4.241  58.790 0.8750000000
80556  39.723  -2.270  58.017 0.8750000000
79646  38.817  -2.710  57.666 0.6250000000
79642  39.190  -3.096  58.390 0.7500000000
81586  42.298  -0.675  56.643 1.0000000000
81587  41.566  -0.692  56.798 1.0000000000
81588  40.680  -0.851  56.781 0.8750000000
81589  39.904  -1.355  57.225 0.8750000000
79647  38.232  -3.104  57.283 0.5000000000
81604  42.459  -0.765  55.732 0.8750000000
158543  41.173  -0.743  56.076 0.8750000000
81618  42.483  -1.086  54.703 0.6250000000
81624  43.099  -1.582  53.182 0.6250000000
81616  43.764  -1.218  53.774 0.8750000000
159866  43.904  -1.818  52.041 0.3750000000
81633  43.706  -1.418  52.752 0.8750000000
81644  44.521  -1.809  51.507 0.5000000000
78699  42.899  -5.074  62.789 0.7500000000
77726  41.459  -5.272  61.193 0.8750000000
135315  42.051  -4.779  61.417 0.8750000000
78713  41.504  -4.707  61.094 1.0000000000
78714  40.899  -4.955  60.920 1.0000000000
135497  42.475  -4.300  61.467 1.0000000000
78712  41.922  -4.293  61.133 1.0000000000
78717  41.273  -4.266  60.734 1.0000000000
79634  40.813  -3.870  59.987 1.0000000000
78722  40.048  -4.285  59.667 1.0000000000
80544  40.722  -2.537  59.047 1.0000000000
79638  40.332  -3.369  59.330 1.0000000000
81548  44.611  -0.817  59.456 1.0000000000
135788  43.990  -0.990  58.807 1.0000000000
81549  43.385  -1.652  59.300 1.0000000000
80542  42.567  -1.863  59.109 1.0000000000
79641  39.954  -2.881  58.726 0.8750000000
82518  45.218  -0.561  60.076 1.0000000000
135959  42.620  -1.005  58.009 1.0000000000
80553  41.980  -1.731  58.773 1.0000000000
80564  40.670  -1.583  57.966 1.0000000000
155182  43.808  -0.922  58.099 1.0000000000
81570  43.330  -0.861  57.702 1.0000000000
81571  42.000  -0.838  57.581 1.0000000000
81572  41.437  -1.278  58.047 1.0000000000
81569  44.191  -0.903  57.399 0.8750000000
135312  43.524  -0.840  56.881 0.8750000000
81603  43.127  -0.955  55.358 0.8750000000
81617  43.130  -1.184  54.236 0.7500000000
81631  44.724  -0.896  51.635 0.7500000000
81632  44.202  -1.070  52.201 0.8750000000
81623  44.288  -0.701  53.360 0.8750000000
78698  43.183  -4.521  63.462 0.6250000000
78708  42.805  -4.690  61.954 0.7500000000
135230  43.472  -3.719  63.242 0.6250000000
78707  43.117  -4.214  62.649 0.6250000000
79623  42.952  -3.885  61.867 1.0000000000
79627  42.950  -3.053  61.511 0.8750000000
79628  42.462  -3.635  61.176 1.0000000000
79633  41.481  -3.473  60.290 1.0000000000
82510  45.652  -0.560  61.670 0.5000000000
80531  43.066  -2.366  60.792 1.0000000000
79632  42.099  -3.175  60.588 1.0000000000
82517  46.047  -0.290  60.654 0.6250000000
81536  45.095  -0.759  60.998 1.0000000000
81537  44.407  -1.260  60.374 1.0000000000
81538  43.618  -1.849  60.122 1.0000000000
80533  41.812  -2.755  59.971 1.0000000000
137115  43.997  -1.380  59.583 1.0000000000
82521  45.966  -0.431  59.815 0.7500000000
81547  45.361  -0.593  59.315 0.8750000000
81556  45.594  -0.836  58.474 0.7500000000
135313  44.892  -1.017  56.892 0.7500000000
156087  44.395  -1.088  55.720 0.7500000000
81602  43.929  -1.069  54.926 0.8750000000
82589  46.258  -0.178  51.262 0.6250000000
145258  45.813  0.203  52.115 0.7500000000
82577  44.891  -0.199  52.480 0.8750000000
82488  47.730  -0.193  63.148 0.5000000000
79621  43.688  -2.991  63.033 0.7500000000
79622  43.305  -3.283  62.386 0.8750000000
159038  45.416  -1.447  63.139 0.5000000000
81503  44.960  -1.752  63.113 0.5000000000
80518  43.666  -2.563  62.459 0.7500000000
80523  43.415  -2.470  61.724 0.8750000000
148204  47.064  -0.199  62.255 0.5000000000
82503  46.134  -0.541  62.407 0.5000000000
81519  45.369  -1.145  62.526 0.5000000000
81520  44.643  -1.577  62.332 0.6250000000
82509  46.554  -0.234  61.494 0.6250000000
81526  45.004  -1.055  61.802 0.7500000000
81527  44.478  -1.417  61.430 0.8750000000
81528  43.786  -1.864  61.087 0.8750000000
82516  47.026  -0.240  60.731 0.3750000000
82515  47.164  -0.532  59.786 0.5000000000
81546  46.348  -0.729  59.171 0.6250000000
81555  46.879  -1.012  58.461 0.6250000000
81568  45.205  -0.961  57.590 0.7500000000
81583  45.908  -1.168  56.824 0.7500000000
135079  46.067  -1.287  55.847 0.7500000000
81601  45.126  -1.184  56.052 0.7500000000
81614  46.881  -0.944  54.715 0.8750000000
134601  45.954  -1.162  54.973 0.8750000000
159327  45.528  -1.267  55.453 0.7500000000
135421  44.944  -1.185  55.069 1.0000000000
82550  46.018  -0.315  54.218 0.8750000000
81615  45.049  -0.753  54.340 1.0000000000
158780  44.405  -1.046  54.277 1.0000000000
161709  48.150  -0.090  53.405 0.8750000000
140155  46.871  0.057  53.595 1.0000000000
159466  46.849  -0.402  54.262 0.8750000000
82564  45.036  -0.075  53.631 1.0000000000
140853  49.088  0.252  52.964 1.0000000000
82576  46.474  0.344  52.681 1.0000000000
82563  45.760  0.244  53.167 0.8750000000
83553  47.343  0.334  52.619 0.8750000000
83566  46.712  0.336  51.837 0.7500000000
82588  47.106  0.016  51.094 0.3750000000
144005  48.064  -0.093  61.983 0.3750000000
82502  48.628  -0.153  62.585 0.3750000000
141353  48.995  -0.320  61.755 0.3750000000
82507  48.487  -0.362  61.036 0.3750000000
145946  47.938  -0.455  60.410 0.5000000000
82514  48.946  -0.790  60.143 0.3750000000
81535  48.463  -0.894  59.583 0.5000000000
81545  48.182  -1.019  59.020 0.5000000000
162439  47.314  -0.860  58.994 0.5000000000
137889  47.977  -1.190  58.448 0.6250000000
136074  46.374  -1.130  57.733 0.6250000000
81566  47.738  -1.338  57.776 0.6250000000
81567  47.107  -1.324  57.074 0.7500000000
81581  47.733  -1.397  56.413 0.6250000000
81582  46.770  -1.311  56.361 0.7500000000
81612  48.454  -1.221  54.766 0.7500000000
81600  47.082  -1.306  55.525 0.7500000000
82547  49.505  -0.947  54.265 0.8750000000
82549  47.632  -0.650  54.266 0.8750000000
82548  48.669  -0.824  54.127 0.8750000000
83551  49.948  0.596  52.504 0.8750000000
142226  49.742  -0.649  61.630 0.3750000000
82506  49.400  -0.700  60.848 0.3750000000
81544  49.001  -1.328  58.926 0.5000000000
81554  48.867  -1.441  58.407 0.6250000000
138509  48.662  -1.509  57.962 0.6250000000
138305  48.122  -1.471  57.081 0.6250000000
81580  48.877  -1.512  56.569 0.6250000000
138582  49.332  -1.453  55.391 0.7500000000
161417  49.132  -1.557  56.004 0.6250000000
81579  49.815  -1.505  56.139 0.6250000000
82546  50.229  -0.849  54.492 0.7500000000
153324  50.008  -1.212  54.984 0.7500000000
82560  51.189  0.282  54.310 0.8750000000
81525  50.230  -1.077  60.930 0.3750000000
81534  49.316  -1.235  59.343 0.3750000000
162024  49.483  -1.428  58.841 0.5000000000
140831  49.531  -1.512  58.418 0.6250000000
80563  50.257  -1.324  57.134 0.3750000000
81553  49.489  -1.543  57.728 0.6250000000
160340  50.743  -1.322  57.347 0.5000000000
81564  49.669  -1.436  56.895 0.6250000000
80571  50.418  -1.259  56.393 0.3750000000
161849  51.728  -1.700  55.897 0.3750000000
80581  50.555  -1.470  56.228 0.6250000000
80577  52.595  -2.075  56.094 0.3750000000
81597  50.835  -1.504  55.438 0.7500000000
80580  51.110  -1.501  55.676 0.7500000000
135951  53.043  -1.678  55.960 0.5000000000
82545  50.931  -0.562  54.764 0.7500000000
82544  51.748  -0.176  54.989 0.7500000000
82558  52.643  0.417  54.969 0.6250000000
82559  52.057  0.766  54.272 0.8750000000
80562  51.353  -1.412  57.177 0.2500000000
83511  54.335  -0.343  58.951 0.1250000000
143521  53.197  -2.040  57.342 0.1250000000
144205  51.656  -1.438  56.328 0.2500000000
81540  54.682  -0.948  58.342 0.1250000000
80560  52.679  -2.014  57.017 0.1250000000
80558  53.824  -1.930  56.813 0.2500000000
81578  53.504  -1.765  56.512 0.5000000000
81609  53.311  -0.925  56.154 0.6250000000
80551  50.960  -1.496  57.923 0.2500000000
80550  51.755  -1.681  57.940 0.1250000000
144262  52.969  -1.911  58.626 0.1250000000
157202  52.885  -2.060  58.003 0.1250000000
80561  51.937  -1.689  57.085 0.2500000000
82520  54.300  -0.862  59.222 0.1250000000
148657  52.851  0.890  58.413 0.1250000000
83517  54.273  0.182  58.692 0.1250000000
84391  52.220  1.436  57.856 0.1250000000
84381  53.861  0.797  58.308 0.1250000000
81610  52.434  -0.768  55.688 0.6250000000
85258  50.806  2.239  57.756 0.1250000000
84380  54.952  0.780  58.165 0.2500000000
82524  55.108  -0.415  57.973 0.2500000000
48493  1.185  -34.685  91.757 0.6250000000
149768  -0.072  -38.072  90.810 0.5000000000
43948  1.043  -40.966  90.569 0.2500000000
43949  -0.239  -40.298  89.806 0.3750000000
50413  4.135  -33.034  92.111 0.6250000000
45617  -0.119  -38.924  90.544 0.3750000000
45640  -0.781  -38.293  88.796 0.2500000000
47640  0.433  -36.324  87.148 0.2500000000
47639  0.539  -37.027  86.707 0.2500000000
48552  4.293  -35.499  88.759 0.8750000000
47602  3.451  -36.810  88.941 0.3750000000
45644  -0.549  -38.680  88.119 0.2500000000
49544  5.496  -34.822  85.528 0.1250000000
48592  4.580  -35.958  85.955 0.1250000000
48565  4.194  -35.650  87.705 0.5000000000
48580  3.807  -36.541  87.303 0.2500000000
47616  3.104  -37.600  88.407 0.3750000000
50473  5.212  -33.741  86.688 0.6250000000
50426  4.628  -33.323  91.423 0.7500000000
52313  6.966  -31.807  84.762 0.3750000000
52321  6.962  -31.966  84.615 0.2500000000
52254  6.463  -30.840  90.921 0.7500000000
51323  5.589  -32.333  90.215 0.7500000000
51322  6.066  -31.782  89.728 0.8750000000
53278  7.767  -30.804  85.372 0.6250000000
53292  8.062  -30.956  84.621 0.5000000000
52291  6.498  -31.414  88.222 1.0000000000
53320  9.331  -30.906  83.910 0.3750000000
53306  8.647  -31.069  84.170 0.3750000000
53245  9.104  -29.947  88.423 0.8750000000
53263  8.327  -30.371  87.251 1.0000000000
141907  10.784  -30.385  84.445 0.7500000000
53318  11.685  -30.574  83.098 0.5000000000
53229  10.191  -30.190  89.517 0.5000000000
148522  11.641  -30.363  84.621 0.7500000000
53260  12.272  -30.457  87.978 0.7500000000
53228  11.442  -30.366  89.432 0.6250000000
135362  12.441  -30.422  86.613 0.8750000000
55198  17.234  -27.871  81.488 0.5000000000
53258  13.128  -29.270  87.123 0.7500000000
151253  14.044  -28.834  82.670 0.7500000000
54230  13.773  -29.378  82.260 0.7500000000
158380  18.026  -27.029  79.169 0.3750000000
56141  17.549  -26.373  78.958 0.7500000000
56074  14.559  -27.973  83.801 0.8750000000
55200  14.261  -28.547  80.976 0.7500000000
58140  15.986  -25.002  79.853 0.8750000000
58148  17.940  -25.076  78.849 0.8750000000
57045  15.082  -26.034  82.079 0.7500000000
59132  16.609  -24.661  79.742 0.7500000000
145483  24.071  -25.639  84.733 0.3750000000
56060  22.821  -26.271  84.335 0.6250000000
59099  26.305  -24.410  83.746 0.7500000000
57031  25.158  -26.185  83.873 0.6250000000
58094  25.377  -25.582  84.403 0.6250000000
58102  25.712  -25.619  83.539 0.7500000000
57021  24.488  -26.450  84.236 0.7500000000
56070  23.288  -27.206  84.131 0.7500000000
158045  21.549  -26.804  84.434 0.8750000000
59106  26.318  -24.601  82.678 0.7500000000
58111  26.040  -25.447  82.679 0.8750000000
57042  25.470  -26.217  82.811 0.7500000000
56081  24.250  -27.286  82.988 0.8750000000
56082  23.620  -27.358  83.460 0.7500000000
137284  22.107  -27.646  83.290 1.0000000000
56085  20.707  -27.019  83.325 1.0000000000
156166  15.049  -26.939  84.622 0.8750000000
147640  26.390  -23.041  82.756 0.7500000000
147597  25.855  -25.793  82.027 0.7500000000
59114  26.187  -25.166  81.822 1.0000000000
57050  25.435  -26.336  81.731 0.8750000000
57034  19.857  -25.279  83.183 0.8750000000
142255  17.705  -23.670  83.883 0.8750000000
57026  15.959  -25.528  84.657 0.8750000000
59121  26.147  -24.932  80.906 1.0000000000
58122  25.800  -25.693  81.252 1.0000000000
60084  26.375  -24.038  80.948 1.0000000000
58123  25.368  -26.339  80.843 0.8750000000
158309  21.902  -27.805  82.377 1.0000000000
56096  21.284  -27.497  82.814 1.0000000000
57044  19.478  -25.423  82.653 0.8750000000
58112  18.697  -24.985  82.465 0.8750000000
57036  15.591  -25.901  83.064 0.7500000000
162726  25.862  -25.029  80.164 1.0000000000
57061  24.820  -26.994  80.471 0.8750000000
157407  23.639  -27.981  80.687 0.8750000000
135654  21.693  -27.960  80.772 1.0000000000
160390  20.650  -27.353  81.504 1.0000000000
58126  17.561  -24.439  80.935 0.7500000000
58115  16.277  -24.762  81.985 0.7500000000
58146  25.543  -25.535  79.743 1.0000000000
59141  25.399  -25.382  78.966 1.0000000000
59115  16.765  -24.504  81.106 0.7500000000
61009  24.765  -23.275  77.144 1.0000000000
59149  25.073  -25.217  78.213 1.0000000000
58159  24.886  -25.946  78.573 1.0000000000
149204  23.760  -27.749  79.435 0.8750000000
56122  21.202  -27.832  79.955 0.8750000000
59122  17.730  -24.546  79.812 0.7500000000
144472  24.569  -25.062  77.418 1.0000000000
57089  23.889  -27.233  78.231 0.8750000000
57074  24.089  -27.354  78.932 0.8750000000
56137  21.179  -27.876  79.016 0.8750000000
57075  19.673  -26.913  79.324 0.8750000000
57098  23.652  -26.899  77.394 0.8750000000
56158  22.894  -27.604  77.534 0.8750000000
56148  22.010  -28.018  77.747 0.8750000000
60091  26.333  -23.752  80.342 1.0000000000
60987  26.363  -22.262  80.651 0.8750000000
60994  26.299  -22.394  79.720 1.0000000000
61957  26.062  -22.370  78.948 1.0000000000
61968  25.702  -22.134  78.243 1.0000000000
61981  24.795  -22.376  76.858 1.0000000000
62957  25.605  -20.920  77.430 1.0000000000
62963  25.265  -20.907  76.659 1.0000000000
61994  24.401  -22.015  76.014 0.8750000000
62973  24.635  -20.768  75.289 1.0000000000
62015  23.696  -21.561  74.549 0.8750000000
63976  23.892  -19.882  73.890 0.8750000000
62974  24.190  -21.151  74.887 1.0000000000
62996  22.935  -20.034  73.004 0.7500000000
64006  22.791  -19.204  71.472 0.7500000000
62944  26.246  -20.892  78.877 1.0000000000
64992  23.425  -18.841  70.852 0.6250000000
157934  26.718  -18.393  77.167 1.0000000000
148792  26.857  -18.574  74.847 1.0000000000
64932  26.637  -19.063  73.931 1.0000000000
66970  28.469  -17.770  69.924 1.0000000000
68940  29.547  -14.779  63.731 0.7500000000
69836  30.427  -15.119  64.839 1.0000000000
68875  29.758  -15.838  68.590 1.0000000000
69847  31.207  -14.712  64.533 1.0000000000
69858  30.540  -13.756  63.486 0.8750000000
69859  29.872  -14.091  63.186 0.7500000000
68862  31.921  -16.363  69.168 0.8750000000
69819  33.494  -15.273  65.981 0.8750000000
69820  32.941  -15.506  65.895 1.0000000000
70746  32.249  -15.146  64.871 1.0000000000
70711  34.702  -14.153  67.656 0.5000000000
70730  33.906  -14.649  65.307 1.0000000000
70745  32.906  -14.782  64.592 1.0000000000
69887  32.949  -13.733  60.333 0.1250000000
70837  31.663  -12.539  59.833 0.2500000000
72734  30.560  -10.899  61.299 0.6250000000
70744  33.438  -14.682  64.721 1.0000000000
70758  33.241  -14.191  64.063 1.0000000000
70836  32.289  -12.188  59.439 0.1250000000
67907  33.863  -14.942  71.001 0.2500000000
72760  31.379  -10.561  59.865 0.5000000000
159084  31.721  -9.956  59.728 0.6250000000
71722  35.202  -12.117  65.917 0.7500000000
72698  34.242  -11.857  62.373 1.0000000000
73719  32.583  -9.693  61.287 1.0000000000
72696  35.733  -11.726  62.485 1.0000000000
73717  35.343  -10.233  60.917 1.0000000000
73703  34.779  -10.643  61.366 1.0000000000
74680  34.383  -8.482  60.394 1.0000000000
75681  34.122  -7.251  59.751 0.6250000000
75699  33.809  -7.264  58.689 0.5000000000
137871  34.513  -6.758  57.640 0.1250000000
74729  34.142  -8.448  57.610 0.3750000000
74659  38.553  -9.703  61.110 1.0000000000
74657  40.032  -9.157  61.788 1.0000000000
76743  35.134  -6.254  57.154 0.2500000000
75647  36.172  -8.356  59.996 1.0000000000
78732  36.348  -4.590  57.309 0.5000000000
78741  36.491  -4.662  56.595 0.3750000000
77750  35.344  -5.551  57.519 0.3750000000
74637  41.389  -9.277  63.796 0.6250000000
75644  39.179  -7.862  60.454 1.0000000000
76696  37.949  -6.895  59.740 1.0000000000
76695  38.597  -6.417  60.235 1.0000000000
76694  39.140  -6.337  60.810 1.0000000000
151980  36.926  -5.512  59.464 1.0000000000
77739  36.233  -5.475  59.246 0.7500000000
77743  35.909  -5.119  58.622 0.6250000000
79651  37.506  -3.635  56.423 0.5000000000
79656  37.650  -3.664  55.806 0.1250000000
76660  40.771  -6.932  60.874 0.8750000000
79643  38.432  -3.506  58.053 0.6250000000
80583  38.525  -2.392  55.789 0.3750000000
138343  39.133  -2.000  57.258 0.6250000000
80573  38.471  -2.528  56.736 0.6250000000
80588  41.155  -1.748  53.915 0.5000000000
81626  41.781  -1.332  54.175 0.6250000000
81625  42.424  -1.565  53.649 0.6250000000
150785  41.573  -3.035  53.177 0.3750000000
136835  41.950  -0.934  55.119 0.6250000000
81620  40.263  -1.458  54.862 0.6250000000
80589  40.429  -1.869  54.131 0.3750000000
81605  41.799  -0.685  55.931 0.7500000000
80590  39.565  -2.070  54.560 0.6250000000
80591  38.754  -2.590  54.927 0.3750000000
80593  42.616  -2.298  52.969 0.6250000000
79639  39.456  -3.736  58.990 1.0000000000
162027  38.895  -3.614  58.594 0.7500000000
80555  40.425  -2.217  58.520 1.0000000000
135311  42.797  -0.764  57.224 1.0000000000
81585  42.986  -0.771  56.347 0.8750000000
136212  41.184  -0.928  57.522 1.0000000000
135038  41.852  -3.802  60.788 1.0000000000
80543  41.654  -2.268  59.253 1.0000000000
79637  41.085  -2.978  59.668 1.0000000000
81557  43.149  -1.229  58.511 1.0000000000
81558  42.464  -1.419  58.552 1.0000000000
80554  41.257  -1.851  58.576 1.0000000000
155246  44.759  -0.705  58.834 1.0000000000
81559  41.960  -1.299  58.304 1.0000000000
139366  44.552  -0.855  58.174 0.7500000000
81584  44.269  -0.987  56.511 0.8750000000
135310  43.696  -0.930  55.994 0.8750000000
80532  42.452  -2.596  60.296 1.0000000000
80541  42.902  -2.132  59.852 1.0000000000
148759  42.288  -2.328  59.669 1.0000000000
80522  43.943  -1.934  62.059 0.8750000000
82508  47.507  -0.163  61.301 0.3750000000
81613  47.666  -1.215  54.934 0.8750000000
155458  49.189  -0.414  53.664 0.8750000000
83552  48.268  0.389  52.383 1.0000000000
83565  47.600  0.381  51.639 0.7500000000
81611  49.187  -1.214  54.631 0.7500000000
81599  48.340  -1.405  55.676 0.7500000000
83542  49.874  0.095  53.504 0.8750000000
82562  49.847  -0.536  53.988 0.8750000000
81565  48.845  -1.515  57.365 0.6250000000
81598  50.322  -1.463  55.616 0.7500000000
141987  50.813  -1.037  54.775 0.7500000000
82561  50.434  -0.184  54.150 0.8750000000
83540  51.508  0.943  53.445 0.8750000000
80549  52.516  -1.889  57.579 0.2500000000
80579  51.521  -1.740  55.686 0.3750000000
80568  52.777  -2.023  56.158 0.2500000000
81596  51.370  -1.569  55.265 0.3750000000
80567  53.220  -2.015  56.378 0.1250000000
140913  51.480  -0.919  55.234 0.6250000000
80559  53.393  -2.004  56.638 0.1250000000
83518  53.445  0.366  58.936 0.1250000000
81551  54.737  -1.111  57.620 0.2500000000
54231  13.532  -30.122  81.897 0.6250000000
55178  17.113  -28.776  82.894 0.1250000000
55187  16.816  -28.455  81.904 0.1250000000
53345  14.922  -30.593  81.312 0.1250000000
54213  13.381  -29.823  82.741 0.6250000000
53347  13.931  -30.482  81.520 0.6250000000
54249  14.067  -29.550  81.360 0.6250000000
55199  16.432  -28.235  80.790 0.2500000000
56113  16.726  -27.458  80.215 0.5000000000
55233  20.776  -28.788  77.660 0.7500000000
56150  20.087  -28.241  78.139 0.7500000000
151578  20.180  -28.798  77.949 0.7500000000
52324  16.039  -31.370  83.854 0.1250000000
54211  16.716  -29.744  83.255 0.1250000000
156128  16.398  -30.603  83.582 0.1250000000
53316  15.847  -31.072  83.007 0.1250000000
52334  15.305  -31.446  82.449 0.1250000000
53333  16.198  -30.380  82.805 0.1250000000
53334  15.614  -30.662  82.057 0.1250000000
54228  16.307  -29.593  82.162 0.1250000000
54229  15.507  -29.896  81.253 0.1250000000
54247  14.949  -29.727  80.802 0.2500000000
139876  16.036  -29.069  81.120 0.2500000000
162403  15.547  -28.638  80.413 0.2500000000
54248  14.638  -29.215  80.791 0.6250000000
55212  14.759  -28.315  80.417 0.5000000000
56127  15.600  -27.095  79.659 0.6250000000
56128  14.884  -27.361  79.996 0.6250000000
56114  14.494  -27.596  80.637 0.6250000000
56149  21.006  -28.128  77.994 0.7500000000
162026  21.268  -29.018  77.171 0.6250000000
54309  21.662  -29.469  77.158 0.6250000000
135127  22.787  -25.331  85.353 0.5000000000
56160  21.447  -28.595  77.312 0.7500000000
55244  21.734  -28.922  76.780 0.6250000000
56159  22.150  -28.259  76.792 0.7500000000
55265  22.779  -28.215  75.533 0.5000000000
55255  22.364  -28.734  76.217 0.3750000000
62005  24.004  -21.888  75.222 0.7500000000
61027  23.414  -22.407  74.821 0.7500000000
140348  23.403  -23.196  75.278 0.6250000000
60128  23.092  -23.913  74.814 0.6250000000
61041  23.029  -22.696  74.032 0.7500000000
60138  22.831  -23.600  73.898 0.6250000000
59185  22.849  -24.517  73.932 0.6250000000
160912  23.051  -26.223  74.532 0.5000000000
153150  22.774  -27.278  75.013 0.5000000000
148585  22.695  -27.739  75.309 0.6250000000
56168  22.481  -27.992  75.895 0.5000000000
58187  23.076  -25.703  75.001 0.6250000000
57119  22.913  -26.565  75.071 0.6250000000
144321  22.744  -23.023  73.293 0.5000000000
62004  24.361  -21.407  75.506 0.7500000000
61018  23.890  -22.634  75.599 0.7500000000
60127  23.436  -23.815  75.556 0.6250000000
156587  23.285  -24.360  75.433 0.6250000000
59175  23.060  -24.843  74.819 0.5000000000
57111  22.830  -27.123  75.681 0.6250000000
57099  22.850  -27.433  76.594 0.7500000000
58186  23.315  -25.066  75.649 0.6250000000
53241  12.450  -28.959  87.930 0.6250000000
138296  12.774  -30.370  88.874 0.6250000000
53259  13.111  -30.152  87.756 0.6250000000
55137  13.777  -27.872  85.807 0.7500000000
61017  24.290  -22.898  76.358 0.7500000000
60121  23.876  -23.434  75.893 0.6250000000
59164  23.774  -24.310  76.056 0.6250000000
58176  23.862  -25.343  76.500 0.6250000000
58177  23.222  -26.030  75.764 0.6250000000
57110  23.435  -26.470  76.545 0.6250000000
57003  16.623  -24.580  87.083 0.5000000000
56047  15.239  -25.997  86.769 0.5000000000
58074  18.763  -23.556  86.262 0.6250000000
58075  17.484  -23.795  86.276 0.5000000000
58076  16.552  -24.597  86.040 0.5000000000
57004  15.852  -25.446  86.521 0.6250000000
56053  14.770  -26.582  86.134 0.6250000000
55151  14.281  -27.294  85.481 0.7500000000
57016  15.926  -25.497  85.597 0.6250000000
56052  15.319  -26.166  85.933 0.6250000000
56062  14.875  -26.823  85.322 0.6250000000
58086  17.272  -23.780  85.322 0.7500000000
58087  16.513  -24.594  85.054 0.7500000000
60113  24.733  -24.138  77.287 0.8750000000
59156  24.276  -24.509  76.749 0.8750000000
60120  24.284  -23.757  76.582 0.6250000000
54158  13.299  -28.326  87.414 0.6250000000
55136  14.191  -26.988  86.362 0.6250000000
64873  26.918  -18.361  79.572 0.7500000000
64872  27.092  -17.592  79.318 0.6250000000
64881  27.018  -17.636  78.690 0.6250000000
65943  27.234  -17.325  76.236 0.8750000000
65907  27.467  -16.741  79.822 0.6250000000
65916  27.452  -16.629  78.913 0.6250000000
65928  27.493  -16.370  77.892 0.7500000000
65929  27.029  -17.162  78.009 0.7500000000
140300  27.370  -16.727  77.059 0.7500000000
65942  27.920  -16.604  75.939 0.7500000000
65954  27.441  -17.453  75.204 0.8750000000
65953  27.965  -17.147  74.783 0.6250000000
65963  27.881  -17.931  73.877 0.7500000000
65915  28.022  -16.026  79.644 0.5000000000
160432  28.167  -15.848  79.045 0.5000000000
66898  28.238  -16.004  77.125 0.6250000000
66928  28.626  -16.833  74.257 0.6250000000
65962  28.564  -17.498  73.355 0.7500000000
67968  27.581  -15.696  65.165 0.6250000000
67035  27.860  -15.831  64.443 0.6250000000
69866  29.717  -13.836  62.353 0.5000000000
66880  28.949  -15.550  78.576 0.3750000000
153854  28.874  -15.624  77.762 0.3750000000
65927  28.103  -15.895  78.257 0.6250000000
66914  28.931  -16.087  76.028 0.6250000000
66913  29.480  -16.136  74.974 0.5000000000
156103  28.555  -16.395  75.157 0.6250000000
67952  27.730  -15.578  66.568 0.7500000000
66879  29.840  -15.822  77.897 0.2500000000
66897  29.390  -15.923  76.972 0.5000000000
66896  30.401  -16.175  76.849 0.1250000000
144778  29.979  -16.096  75.980 0.5000000000
159958  30.030  -15.996  74.500 0.5000000000
77706  42.181  -6.320  61.915 0.7500000000
66895  31.392  -16.362  76.610 0.1250000000
149904  30.862  -16.259  76.023 0.1250000000
66912  30.605  -16.047  75.114 0.5000000000
66927  30.423  -15.906  74.128 0.5000000000
138745  29.458  -16.375  73.803 0.6250000000
79573  47.323  -3.143  66.986 0.2500000000
78662  46.066  -4.345  66.939 0.2500000000
143860  44.764  -5.139  66.205 0.2500000000
78676  44.369  -5.014  65.575 0.3750000000
77670  43.570  -5.974  65.704 0.3750000000
79587  46.810  -2.954  66.444 0.2500000000
79588  46.168  -3.160  65.878 0.2500000000
78674  45.668  -3.963  66.300 0.2500000000
78686  44.070  -4.469  64.813 0.3750000000
156813  43.019  -5.528  64.493 0.3750000000
76648  42.477  -7.007  63.318 0.6250000000
79600  45.740  -2.896  65.059 0.2500000000
78685  44.729  -3.962  65.133 0.2500000000
78687  43.396  -4.813  64.324 0.3750000000
77705  42.655  -6.167  62.815 0.6250000000
79601  45.235  -3.300  64.896 0.2500000000
79614  44.787  -3.216  64.398 0.2500000000
79615  44.095  -3.180  63.777 0.2500000000
66911  31.617  -16.206  75.620 0.2500000000
66926  31.190  -15.832  74.589 0.3750000000
78646  46.503  -4.658  67.466 0.2500000000
78661  46.827  -3.940  67.256 0.2500000000
78663  45.324  -4.781  66.561 0.2500000000
76622  43.112  -6.958  65.067 0.3750000000
75623  42.242  -7.808  63.249 0.6250000000
80480  47.457  -2.251  66.463 0.2500000000
80481  46.735  -2.489  65.992 0.2500000000
146240  42.939  -6.032  65.051 0.3750000000
76636  42.627  -7.336  64.116 0.3750000000
75624  41.735  -8.340  62.528 0.7500000000
80492  46.374  -2.337  65.289 0.2500000000
80507  44.826  -2.481  63.741 0.3750000000
80517  44.215  -2.299  62.981 0.3750000000
66925  31.938  -15.760  74.890 0.2500000000
79557  47.583  -3.639  67.539 0.2500000000
75615  41.878  -8.606  63.428 0.5000000000
80463  47.969  -2.377  67.017 0.2500000000
81460  48.071  -1.400  65.919 0.2500000000
80491  47.083  -1.787  65.642 0.2500000000
81480  47.602  -1.066  65.030 0.3750000000
81481  46.681  -1.548  64.712 0.3750000000
80505  45.951  -2.080  64.498 0.3750000000
81500  47.097  -0.790  64.061 0.3750000000
81501  46.266  -1.339  63.879 0.3750000000
81518  45.858  -1.132  63.160 0.3750000000
80479  48.441  -1.682  66.642 0.2500000000
81479  48.622  -0.670  65.271 0.3750000000
82489  46.629  -0.626  63.175 0.3750000000
82467  48.124  -0.391  64.327 0.3750000000
72669  36.613  -10.838  65.390 0.7500000000
53243  12.889  -30.329  88.265 0.6250000000
63896  26.826  -18.135  80.340 0.6250000000
65972  27.146  -18.746  73.649 0.8750000000
68916  27.896  -15.408  65.310 0.7500000000
68941  28.980  -15.280  63.694 0.6250000000
77759  36.214  -5.465  56.427 0.1250000000
73686  40.111  -9.899  62.976 0.8750000000
76649  42.175  -7.290  62.321 0.6250000000
77704  42.873  -5.378  63.668 0.6250000000
78697  43.705  -4.037  64.084 0.3750000000
82487  48.791  -0.216  63.529 0.3750000000
62016  23.277  -21.866  74.046 0.7500000000
135617  44.304  -3.776  64.471 0.3750000000
162017  15.080  -31.187  81.852 0.1250000000
53346  14.505  -30.093  81.142 0.5000000000
54310  21.048  -29.296  77.402 0.6250000000
54294  20.624  -29.398  77.893 0.6250000000
52325  15.449  -31.767  83.277 0.1250000000
54246  15.347  -29.302  80.715 0.2500000000
153428  14.991  -28.938  80.396 0.5000000000
55210  15.791  -27.947  80.032 0.5000000000
55211  15.135  -28.087  80.030 0.6250000000
61028  23.125  -23.145  74.604 0.6250000000
56192  23.072  -26.920  74.490 0.3750000000
56178  23.037  -27.691  74.853 0.5000000000
54169  13.706  -27.574  86.797 0.7500000000
156480  27.656  -18.514  73.194 0.7500000000
79574  46.465  -3.606  66.667 0.2500000000
78675  44.995  -4.410  65.911 0.2500000000
77685  43.594  -5.264  65.072 0.3750000000
79589  45.392  -3.616  65.541 0.2500000000
77686  42.741  -6.391  64.029 0.5000000000
80506  45.353  -2.644  64.371 0.2500000000
81502  45.505  -1.816  63.721 0.3750000000
40685  0.100  -43.752  85.824 0.1250000000
41598  0.393  -43.283  85.282 0.1250000000
40683  0.802  -44.449  84.762 0.1250000000
41607  1.030  -43.472  83.927 0.1250000000
41608  0.672  -43.144  84.544 0.1250000000
42415  1.063  -42.755  84.031 0.1250000000
40663  -0.293  -44.355  86.759 0.1250000000
42407  0.336  -43.090  85.863 0.1250000000
161864  0.425  -42.683  85.560 0.1250000000
43196  0.496  -42.037  85.427 0.1250000000
43209  0.854  -41.642  84.623 0.1250000000
42425  1.426  -42.385  83.458 0.1250000000
40623  -0.374  -44.313  88.983 0.1250000000
147235  -0.249  -43.084  88.712 0.1250000000
42385  -0.103  -42.215  88.701 0.1250000000
147234  -0.081  -42.854  87.870 0.1250000000
42389  0.085  -42.089  87.917 0.1250000000
147065  0.043  -43.057  87.061 0.1250000000
42393  0.232  -42.317  87.115 0.1250000000
148980  0.392  -42.286  86.433 0.1250000000
44001  0.256  -41.085  87.126 0.1250000000
43183  0.466  -41.589  86.021 0.1250000000
161021  0.818  -40.547  85.154 0.1250000000
44021  0.671  -41.245  85.324 0.1250000000
44872  1.145  -40.048  84.570 0.1250000000
44035  1.078  -40.807  84.557 0.1250000000
44034  1.435  -41.078  83.719 0.1250000000
43208  1.165  -42.028  83.968 0.1250000000
43218  1.632  -41.722  83.193 0.1250000000
142278  -0.439  -44.075  89.787 0.1250000000
41554  -0.364  -43.547  89.308 0.1250000000
42382  -0.269  -42.724  89.396 0.1250000000
162466  -0.877  -39.515  89.274 0.1250000000
44807  -0.537  -40.004  89.424 0.1250000000
43166  0.037  -41.478  88.326 0.1250000000
147230  -0.944  -38.778  89.509 0.1250000000
43991  0.048  -40.747  87.887 0.1250000000
145615  0.374  -41.083  86.587 0.1250000000
148979  0.161  -40.502  87.166 0.1250000000
44856  0.512  -39.744  86.073 0.1250000000
44863  0.829  -39.909  85.311 0.1250000000
44012  0.547  -40.651  85.911 0.1250000000
45670  1.263  -39.287  84.603 0.1250000000
159956  1.570  -39.546  83.322 0.1250000000
44871  1.404  -40.198  83.828 0.1250000000
145834  1.822  -40.973  82.913 0.1250000000
141714  1.767  -40.141  82.966 0.1250000000
43146  -0.023  -42.285  90.466 0.2500000000
159381  -0.451  -43.621  90.559 0.1250000000
153445  -0.328  -43.022  90.281 0.1250000000
43937  -0.103  -40.968  90.150 0.2500000000
44777  -0.201  -39.723  90.134 0.2500000000
43163  -0.166  -41.853  89.437 0.2500000000
43155  -0.166  -41.639  89.781 0.2500000000
45627  -0.552  -38.859  90.067 0.2500000000
153768  -0.150  -41.438  88.976 0.2500000000
44792  -0.600  -39.499  89.736 0.1250000000
44820  -0.515  -40.042  88.716 0.1250000000
44832  -0.188  -39.979  87.725 0.1250000000
146585  -0.522  -39.431  88.139 0.1250000000
147229  -0.886  -39.123  88.737 0.1250000000
44857  0.296  -40.241  86.666 0.1250000000
44844  0.266  -39.380  86.778 0.1250000000
152854  -0.154  -39.221  87.490 0.1250000000
45660  0.933  -39.106  85.456 0.1250000000
155304  0.576  -39.036  86.134 0.1250000000
46669  1.471  -37.107  84.272 0.1250000000
137202  1.348  -38.251  84.625 0.1250000000
155039  1.405  -39.551  83.940 0.1250000000
46668  1.564  -37.741  83.368 0.1250000000
45669  1.530  -38.820  83.541 0.1250000000
45678  1.736  -38.271  82.560 0.1250000000
44883  1.793  -39.173  82.693 0.1250000000
44882  2.167  -39.629  82.436 0.1250000000
45647  0.468  -38.524  86.492 0.1250000000
46647  0.316  -37.921  86.926 0.1250000000
147608  0.888  -38.336  85.738 0.1250000000
46662  1.206  -37.415  85.335 0.1250000000
47660  1.548  -36.092  84.039 0.1250000000
47659  1.547  -36.741  83.219 0.1250000000
46675  1.616  -37.275  82.330 0.1250000000
45677  2.102  -38.737  82.195 0.1250000000
46692  1.760  -37.194  81.603 0.1250000000
45698  1.927  -37.907  81.884 0.1250000000
142230  2.438  -39.268  82.231 0.1250000000
138810  2.323  -38.336  81.910 0.1250000000
46656  0.720  -37.660  86.203 0.1250000000
47648  0.994  -36.746  85.966 0.1250000000
143786  1.534  -35.791  83.065 0.1250000000
141975  1.542  -36.532  81.754 0.1250000000
47675  1.727  -36.623  81.123 0.1250000000
46691  2.108  -37.464  81.383 0.1250000000
45697  2.717  -38.944  82.053 0.1250000000
46712  2.081  -36.846  80.906 0.1250000000
46690  2.481  -37.966  81.646 0.1250000000
46711  2.371  -37.233  81.103 0.1250000000
48667  2.689  -35.990  79.880 0.1250000000
48606  1.211  -35.708  85.865 0.1250000000
140081  0.817  -36.276  86.523 0.1250000000
48581  0.390  -35.525  87.540 0.1250000000
48617  1.446  -35.402  84.779 0.1250000000
49538  1.133  -34.820  86.294 0.1250000000
49539  0.747  -34.706  87.206 0.1250000000
138599  1.382  -34.729  85.381 0.1250000000
157438  1.344  -34.163  85.811 0.1250000000
49555  1.421  -34.017  82.721 0.1250000000
48630  1.486  -35.126  83.814 0.1250000000
47665  1.518  -36.392  82.449 0.1250000000
146844  1.422  -34.743  81.677 0.1250000000
48641  1.471  -35.527  82.056 0.1250000000
48652  1.431  -35.224  81.234 0.1250000000
48669  1.410  -34.944  80.583 0.1250000000
47693  1.540  -35.777  80.813 0.1250000000
49598  1.245  -34.123  80.279 0.1250000000
48668  1.665  -35.462  80.223 0.1250000000
47692  1.849  -36.236  80.539 0.1250000000
48682  1.789  -35.137  79.563 0.1250000000
47708  2.061  -35.843  79.965 0.1250000000
49620  1.548  -34.389  79.226 0.1250000000
49523  -0.080  -34.834  89.655 0.1250000000
49532  0.378  -34.756  87.982 0.1250000000
143270  0.268  -34.465  88.876 0.1250000000
49546  1.178  -34.007  86.548 0.1250000000
159054  0.585  -34.355  87.732 0.1250000000
49545  1.458  -33.945  85.093 0.1250000000
49549  1.483  -34.482  84.499 0.1250000000
50491  1.511  -33.627  84.321 0.1250000000
48629  1.441  -34.876  82.905 0.1250000000
137684  1.435  -34.634  82.230 0.1250000000
49565  1.332  -34.088  81.884 0.1250000000
50504  1.238  -33.510  81.426 0.1250000000
49577  1.297  -34.297  81.087 0.1250000000
50514  1.144  -33.466  80.627 0.1250000000
48683  1.451  -34.702  79.909 0.1250000000
157037  1.306  -33.996  79.647 0.1250000000
50558  1.390  -33.446  79.017 0.1250000000
48699  1.915  -34.816  78.871 0.1250000000
145690  -0.017  -35.049  91.180 0.3750000000
49516  0.016  -34.191  90.055 0.3750000000
141540  0.202  -34.074  89.495 0.2500000000
50485  0.853  -33.100  86.614 0.1250000000
143517  0.484  -34.024  88.144 0.1250000000
50484  1.286  -33.425  85.622 0.1250000000
145577  0.615  -32.559  87.123 0.1250000000
137038  1.505  -33.020  83.882 0.1250000000
160278  1.447  -33.448  84.949 0.1250000000
51374  1.071  -32.617  85.616 0.1250000000
50494  1.450  -33.478  82.842 0.1250000000
50495  1.492  -33.544  83.397 0.1250000000
50499  1.370  -33.414  82.269 0.1250000000
147753  1.124  -32.974  80.990 0.1250000000
53336  12.310  -30.818  82.452 0.3750000000
50532  1.166  -33.342  79.822 0.1250000000
51436  1.365  -32.573  79.237 0.1250000000
49476  1.507  -34.007  91.960 0.5000000000
49477  0.991  -34.042  91.581 0.5000000000
49490  0.639  -34.162  91.420 0.3750000000
49505  0.344  -34.353  91.356 0.3750000000
50438  0.241  -33.602  90.418 0.3750000000
50449  0.237  -33.526  89.724 0.2500000000
147228  0.383  -32.990  89.045 0.1250000000
50457  0.335  -33.565  89.244 0.1250000000
154390  0.439  -32.947  88.522 0.1250000000
52308  0.573  -31.847  87.057 0.1250000000
157155  1.420  -32.537  84.229 0.1250000000
52314  0.721  -31.649  86.247 0.1250000000
55127  14.222  -26.815  87.335 0.5000000000
144043  1.400  -32.956  84.787 0.1250000000
51375  0.871  -31.896  85.571 0.1250000000
142109  0.716  -31.151  85.713 0.1250000000
51387  1.151  -32.233  84.838 0.1250000000
52330  0.914  -31.353  84.757 0.1250000000
161197  1.397  -32.970  82.389 0.1250000000
51398  1.485  -32.509  83.466 0.1250000000
51407  1.283  -32.860  81.769 0.1250000000
51397  1.472  -33.062  82.979 0.1250000000
51417  1.129  -32.419  80.994 0.1250000000
51424  1.083  -32.654  80.203 0.1250000000
150895  2.401  -33.993  92.627 0.5000000000
49475  1.984  -34.008  92.408 0.5000000000
50395  1.348  -33.456  91.891 0.5000000000
50415  0.767  -33.583  91.447 0.3750000000
51313  0.892  -33.056  91.545 0.3750000000
150481  0.573  -32.258  90.509 0.3750000000
51335  0.333  -32.960  89.459 0.1250000000
149514  0.404  -32.271  89.687 0.1250000000
55111  14.284  -26.824  89.460 0.2500000000
54136  13.848  -27.449  90.009 0.2500000000
54127  13.311  -28.044  90.492 0.2500000000
54137  13.296  -28.132  89.490 0.3750000000
52292  0.440  -31.606  88.626 0.1250000000
52283  0.515  -31.333  89.260 0.1250000000
54146  13.822  -27.423  88.937 0.3750000000
55118  14.276  -26.778  88.373 0.5000000000
54157  13.803  -27.454  87.838 0.3750000000
54147  13.262  -28.196  88.443 0.3750000000
148049  0.640  -31.013  86.642 0.1250000000
160663  0.548  -31.240  87.407 0.1250000000
52329  1.373  -31.954  84.036 0.1250000000
139768  1.461  -31.831  82.919 0.1250000000
52339  1.327  -32.176  81.829 0.1250000000
51408  1.433  -32.581  82.562 0.1250000000
52348  1.183  -31.799  80.994 0.1250000000
54274  23.430  -29.751  79.320 0.1250000000
49465  2.810  -33.309  92.643 0.5000000000
49467  1.837  -33.275  92.490 0.5000000000
145560  2.030  -32.680  92.872 0.5000000000
50382  1.331  -32.624  91.895 0.3750000000
147252  1.056  -32.833  91.611 0.3750000000
158556  0.952  -32.400  91.402 0.3750000000
52256  1.048  -31.577  91.160 0.2500000000
53209  12.619  -28.738  90.021 0.3750000000
53225  12.411  -28.834  88.939 0.3750000000
55103  14.265  -26.855  90.490 0.2500000000
148984  0.533  -30.670  88.572 0.1250000000
53226  12.108  -30.164  89.412 0.5000000000
53242  12.601  -30.277  88.564 0.5000000000
55117  14.750  -26.275  87.908 0.3750000000
56048  14.734  -26.369  86.987 0.5000000000
54262  19.525  -28.985  79.769 0.1250000000
54261  20.277  -29.523  79.698 0.1250000000
135360  22.714  -29.909  79.677 0.1250000000
135205  21.950  -30.054  79.580 0.1250000000
54260  21.102  -29.874  79.598 0.1250000000
54291  23.035  -29.776  78.281 0.1250000000
55242  25.158  -28.591  77.752 0.2500000000
55243  24.308  -28.961  77.229 0.2500000000
147790  24.030  -29.526  78.708 0.1250000000
154547  25.462  -27.558  76.379 0.1250000000
147594  25.447  -28.020  77.093 0.2500000000
151570  24.543  -28.544  76.485 0.2500000000
56189  24.773  -27.285  74.853 0.1250000000
55252  25.007  -27.990  76.250 0.2500000000
57139  24.798  -25.989  74.046 0.1250000000
57127  24.854  -26.731  74.443 0.1250000000
50378  3.691  -31.973  92.722 0.5000000000
50379  3.119  -32.263  92.968 0.3750000000
50380  2.719  -32.386  93.010 0.3750000000
50392  4.260  -32.079  92.299 0.5000000000
50394  3.279  -32.888  92.534 0.5000000000
55084  14.206  -26.758  91.868 0.2500000000
54126  13.814  -27.397  90.927 0.2500000000
54116  13.234  -27.923  91.318 0.2500000000
53189  12.665  -28.636  90.896 0.2500000000
53190  12.732  -29.747  91.148 0.5000000000
55093  14.639  -26.289  90.919 0.2500000000
53210  12.312  -29.210  90.464 0.3750000000
53211  12.511  -30.135  90.396 0.5000000000
55102  14.729  -26.316  89.964 0.3750000000
53227  12.454  -30.259  89.491 0.5000000000
56035  15.259  -25.837  89.417 0.3750000000
55110  14.788  -26.321  88.913 0.3750000000
56043  15.255  -25.845  88.471 0.3750000000
55223  19.269  -28.296  78.907 0.2500000000
54278  19.778  -29.118  78.847 0.1250000000
54275  22.405  -30.014  78.870 0.1250000000
54276  21.374  -29.960  78.567 0.1250000000
54290  23.695  -29.451  77.752 0.1250000000
55263  24.358  -28.195  75.679 0.2500000000
56175  25.066  -27.585  75.587 0.2500000000
58218  23.933  -25.009  72.906 0.2500000000
57140  24.260  -26.529  73.930 0.1250000000
60160  24.169  -23.446  72.049 0.2500000000
59206  24.165  -24.304  72.504 0.2500000000
59207  23.654  -24.475  72.557 0.2500000000
61072  24.776  -21.846  71.777 0.2500000000
61073  23.980  -22.501  71.680 0.2500000000
159569  15.032  -25.525  93.657 0.2500000000
56933  14.574  -25.936  94.101 0.2500000000
56001  14.332  -26.620  93.629 0.2500000000
56932  15.227  -25.506  93.161 0.2500000000
56006  14.746  -26.114  93.378 0.2500000000
56007  14.317  -26.738  93.033 0.2500000000
55075  13.758  -27.284  93.500 0.2500000000
55080  13.219  -27.968  93.072 0.2500000000
56939  15.367  -25.327  92.540 0.2500000000
149118  14.766  -26.047  92.681 0.2500000000
55078  14.243  -26.728  92.401 0.2500000000
54105  13.185  -27.913  92.457 0.2500000000
54109  12.904  -28.705  92.151 0.2500000000
53174  12.710  -29.690  91.713 0.2500000000
56944  15.643  -25.177  91.964 0.2500000000
139666  15.060  -25.724  91.799 0.2500000000
56020  14.580  -26.238  91.602 0.2500000000
55095  13.757  -27.320  91.608 0.2500000000
54117  12.769  -28.668  91.608 0.2500000000
53191  12.443  -30.114  91.209 0.5000000000
56018  15.712  -25.391  91.485 0.2500000000
56019  15.132  -25.818  91.274 0.2500000000
135872  11.915  -30.296  90.040 0.5000000000
56027  15.805  -25.478  90.827 0.3750000000
56028  15.202  -25.819  90.414 0.3750000000
56034  15.892  -25.371  89.840 0.3750000000
56980  15.751  -25.411  88.215 0.3750000000
56992  15.778  -25.419  87.405 0.3750000000
54295  20.079  -29.125  78.246 0.3750000000
54277  20.484  -29.594  78.772 0.1250000000
54308  22.643  -29.583  77.226 0.1250000000
55253  23.618  -28.992  76.376 0.2500000000
54307  23.395  -29.319  76.939 0.2500000000
56176  24.254  -27.775  74.990 0.2500000000
158352  23.766  -28.638  75.835 0.2500000000
56199  23.864  -26.878  73.973 0.2500000000
145383  22.723  -23.807  73.090 0.3750000000
58209  23.766  -25.503  73.307 0.2500000000
61087  23.389  -22.768  71.909 0.3750000000
60162  22.797  -23.278  72.598 0.2500000000
63017  23.706  -20.290  70.934 0.5000000000
139511  23.460  -20.734  71.560 0.3750000000
137475  25.488  -21.008  70.481 0.3750000000
63026  24.787  -20.328  69.863 0.3750000000
58989  13.886  -23.964  94.558 0.2500000000
58982  13.373  -24.451  94.992 0.2500000000
57949  13.303  -25.739  95.114 0.2500000000
58988  14.652  -23.918  94.402 0.2500000000
150375  14.118  -24.565  94.753 0.2500000000
56934  13.920  -26.654  94.196 0.2500000000
56925  13.313  -26.543  94.774 0.2500000000
56003  12.482  -27.698  94.338 0.2500000000
55070  11.666  -28.071  94.514 0.2500000000
55076  13.003  -27.918  93.746 0.2500000000
157535  12.298  -28.373  94.003 0.2500000000
55081  12.658  -28.553  93.380 0.2500000000
54110  12.577  -29.406  92.430 0.2500000000
53192  11.502  -30.232  91.518 0.5000000000
56042  15.785  -25.444  88.962 0.3750000000
56979  16.373  -24.945  88.763 0.3750000000
56991  16.358  -24.840  88.003 0.3750000000
61906  26.177  -21.225  85.145 0.3750000000
59089  26.237  -24.325  84.876 0.3750000000
60957  26.321  -22.360  84.608 0.3750000000
55234  19.776  -28.597  78.309 0.3750000000
56151  19.577  -28.023  78.479 0.5000000000
54293  21.296  -29.705  77.710 0.2500000000
54317  22.780  -29.168  76.433 0.2500000000
55264  23.456  -28.226  75.250 0.2500000000
58210  23.416  -25.577  73.575 0.3750000000
57128  23.526  -26.767  74.060 0.3750000000
62995  23.425  -20.354  73.626 0.7500000000
162067  22.774  -24.101  73.504 0.2500000000
138939  23.054  -25.022  73.482 0.2500000000
137689  22.951  -20.644  72.677 0.5000000000
61075  22.784  -22.565  72.777 0.3750000000
63025  26.358  -21.078  69.883 0.2500000000
57950  12.620  -25.697  95.274 0.2500000000
56914  12.008  -26.025  95.253 0.2500000000
151748  12.013  -27.448  94.771 0.2500000000
157338  16.929  -24.378  88.385 0.3750000000
59090  25.666  -25.093  85.096 0.3750000000
62869  25.628  -19.357  86.022 0.3750000000
63845  25.907  -18.275  85.522 0.3750000000
61918  25.714  -20.376  84.455 0.3750000000
152931  26.079  -21.321  84.246 0.6250000000
62879  25.642  -18.913  85.037 0.3750000000
62880  25.542  -19.490  84.575 0.3750000000
62887  25.780  -18.780  84.046 0.3750000000
61929  25.931  -20.912  83.459 0.6250000000
62888  25.692  -19.699  83.771 0.3750000000
63880  26.249  -18.206  82.432 0.3750000000
63897  26.402  -18.482  81.574 0.5000000000
63027  23.991  -19.800  70.182 0.5000000000
58060  17.237  -24.093  87.785 0.3750000000
140074  17.676  -23.787  87.060 0.3750000000
63855  26.498  -17.569  84.904 0.3750000000
63856  26.066  -18.104  84.438 0.3750000000
64802  27.581  -16.498  83.571 0.2500000000
64803  27.051  -16.972  84.247 0.2500000000
65849  28.056  -16.018  83.017 0.2500000000
139277  26.627  -17.494  82.776 0.2500000000
63868  26.155  -18.063  83.394 0.2500000000
62899  25.979  -19.952  82.834 0.5000000000
64815  27.591  -16.526  82.644 0.2500000000
62898  25.896  -18.891  83.071 0.3750000000
63879  26.690  -17.621  81.897 0.3750000000
64862  27.133  -17.445  80.060 0.5000000000
65003  24.445  -18.914  69.601 0.5000000000
58059  18.397  -23.604  87.402 0.3750000000
57013  21.625  -25.303  84.942 0.5000000000
64791  27.683  -16.420  84.755 0.2500000000
65897  27.527  -16.688  80.530 0.3750000000
57000  21.536  -24.889  86.153 0.3750000000
57001  20.968  -24.671  85.561 0.3750000000
58073  19.915  -24.073  85.587 0.5000000000
56999  22.178  -25.269  85.757 0.3750000000
66861  28.897  -15.588  79.369 0.2500000000
161829  20.529  -24.457  85.187 0.5000000000
57002  20.374  -24.308  86.125 0.5000000000
66032  27.280  -18.288  68.332 0.5000000000
146441  27.832  -17.383  67.655 0.5000000000
154040  27.609  -16.803  66.870 0.6250000000
147762  27.621  -16.175  67.255 0.6250000000
67007  27.456  -16.098  66.230 0.6250000000
66933  31.260  -15.165  73.920 0.2500000000
73675  39.834  -10.372  63.543 0.7500000000
78793  47.077  -3.762  51.875 0.1250000000
79683  46.336  -3.299  51.478 0.1250000000
79684  45.648  -3.350  51.560 0.1250000000
155648  46.955  -3.122  51.364 0.1250000000
80609  45.758  -2.722  51.203 0.1250000000
79682  47.638  -3.191  51.439 0.1250000000
80607  47.220  -2.576  51.014 0.1250000000
79679  49.997  -3.485  50.987 0.1250000000
79680  49.301  -3.385  51.249 0.1250000000
81655  46.683  -1.324  50.576 0.2500000000
147631  45.237  -2.158  51.083 0.2500000000
79689  48.845  -2.709  50.787 0.1250000000
80606  48.008  -2.558  50.969 0.1250000000
80621  46.752  -2.060  50.753 0.2500000000
79687  50.423  -3.295  50.342 0.1250000000
80618  49.376  -1.976  50.111 0.1250000000
80619  48.412  -1.865  50.470 0.1250000000
80617  50.137  -2.581  49.985 0.1250000000
82590  45.412  -0.491  51.469 0.6250000000
81643  45.213  -1.347  51.029 0.3750000000
82602  45.970  -0.920  50.782 0.2500000000
80622  45.963  -1.882  50.807 0.2500000000
80620  47.482  -1.788  50.588 0.1250000000
81653  48.786  -1.091  50.079 0.1250000000
80632  50.865  -2.361  49.611 0.1250000000
80633  50.227  -1.729  49.685 0.1250000000
80630  52.466  -2.740  49.517 0.1250000000
141331  49.029  0.507  52.144 0.7500000000
83564  48.465  0.445  51.441 0.6250000000
83575  47.900  0.149  50.868 0.2500000000
82601  46.783  -0.569  50.715 0.2500000000
157078  47.467  -0.334  50.666 0.2500000000
81654  47.400  -0.889  50.413 0.2500000000
81652  49.674  -1.026  49.780 0.1250000000
162433  48.025  -1.163  50.296 0.2500000000
82606  50.553  -0.976  49.597 0.1250000000
81659  51.764  -1.846  49.511 0.1250000000
81660  50.956  -1.566  49.520 0.2500000000
80629  53.599  -2.531  49.609 0.1250000000
83541  50.672  0.525  53.464 0.7500000000
83563  49.381  0.518  51.371 0.2500000000
83574  48.764  0.173  50.690 0.2500000000
83573  49.726  0.217  50.578 0.3750000000
82599  49.188  -0.381  50.195 0.2500000000
82597  50.984  -0.355  49.826 0.3750000000
79696  53.184  -3.424  49.566 0.1250000000
83562  50.401  0.632  51.376 0.5000000000
83560  52.450  0.778  51.277 0.6250000000
83561  51.459  0.677  51.182 0.5000000000
82595  52.976  -0.556  49.902 0.1250000000
154280  52.087  0.390  50.599 0.3750000000
150631  52.200  -0.169  50.057 0.3750000000
82596  51.650  -0.456  49.812 0.3750000000
154931  54.031  -1.825  49.823 0.1250000000
81658  53.003  -1.628  49.614 0.1250000000
82604  52.160  -0.926  49.641 0.2500000000
49637  1.660  -34.070  78.478 0.1250000000
143661  -0.178  -35.004  90.449 0.1250000000
43147  -0.219  -42.121  90.061 0.2500000000
43965  -0.264  -40.864  89.398 0.1250000000
53337  11.318  -30.946  82.777 0.1250000000
62984  23.882  -20.759  74.242 0.6250000000
63007  22.647  -19.897  72.387 0.6250000000
63019  22.641  -19.765  71.815 0.6250000000
62909  26.067  -19.135  82.150 0.6250000000
63040  24.476  -19.464  69.559 0.5000000000
147091  27.956  -18.076  68.201 0.5000000000
151505  32.634  -14.186  73.676 0.1250000000
48593  0.788  -35.566  86.782 0.1250000000
62025  23.196  -21.132  73.327 0.5000000000
83550  51.022  0.847  52.425 0.7500000000
54214  13.082  -30.431  82.321 0.5000000000
54318  22.165  -29.228  76.692 0.2500000000
55254  23.025  -28.743  75.828 0.2500000000
58198  23.023  -25.496  74.129 0.2500000000
62024  23.493  -21.149  73.980 0.6250000000
56177  23.679  -27.677  74.700 0.2500000000
56191  23.555  -27.244  74.318 0.2500000000
40694  0.617  -43.803  84.583 0.1250000000
42416  0.630  -42.513  84.793 0.1250000000
40675  -0.155  -44.095  86.188 0.1250000000
41582  -0.027  -43.622  86.607 0.1250000000
42400  0.255  -42.899  86.538 0.1250000000
159363  0.374  -42.827  86.137 0.1250000000
43197  0.416  -42.356  85.982 0.1250000000
160459  -0.232  -43.515  88.175 0.1250000000
144236  -0.332  -44.160  88.159 0.1250000000
43169  0.244  -41.538  87.491 0.1250000000
43174  0.362  -41.660  86.798 0.1250000000
43184  0.436  -41.799  86.325 0.1250000000
41547  -0.407  -43.320  90.001 0.2500000000
43978  -0.184  -40.883  88.715 0.1250000000
44845  0.086  -39.889  87.165 0.1250000000
40612  -0.550  -44.581  90.948 0.1250000000
42376  -0.270  -42.430  89.874 0.2500000000
152944  0.161  -38.704  87.073 0.1250000000
47653  1.372  -36.405  85.056 0.1250000000
159074  1.472  -35.973  81.350 0.1250000000
46710  2.683  -37.034  80.852 0.1250000000
46689  2.808  -37.625  81.325 0.1250000000
48681  2.298  -35.430  79.316 0.1250000000
47691  2.365  -36.540  80.529 0.1250000000
155628  0.791  -33.892  87.401 0.1250000000
49556  1.487  -34.247  83.610 0.1250000000
49506  0.045  -34.309  90.849 0.3750000000
50466  0.429  -33.529  88.716 0.1250000000
50475  0.557  -33.219  87.824 0.1250000000
51362  0.771  -32.260  86.341 0.1250000000
147227  0.483  -32.459  87.863 0.1250000000
50427  0.455  -33.699  91.196 0.3750000000
51324  0.325  -32.929  90.024 0.1250000000
148985  0.411  -32.391  88.594 0.1250000000
52300  0.458  -31.758  87.935 0.1250000000
143834  1.141  -32.068  80.355 0.1250000000
50396  1.026  -33.295  91.575 0.5000000000
51314  0.560  -32.993  90.854 0.3750000000
148986  0.381  -32.346  89.162 0.1250000000
153141  0.494  -30.988  88.005 0.1250000000
53247  0.519  -30.144  87.963 0.1250000000
49466  2.401  -33.246  92.659 0.5000000000
151195  2.423  -32.379  93.046 0.3750000000
50381  1.522  -33.074  92.231 0.5000000000
160335  1.311  -32.402  91.854 0.3750000000
51298  1.236  -32.498  91.820 0.3750000000
52271  0.650  -31.478  90.115 0.2500000000
53231  0.631  -30.244  89.016 0.1250000000
152882  0.622  -29.799  88.441 0.1250000000
54289  24.619  -29.091  78.229 0.2500000000
161302  24.944  -28.580  77.124 0.2500000000
58208  24.208  -25.706  73.468 0.2500000000
50371  3.001  -31.993  93.645 0.3750000000
55094  14.215  -26.811  91.298 0.2500000000
56011  14.584  -26.172  92.082 0.2500000000
135503  13.175  -27.877  91.913 0.2500000000
143149  15.219  -25.867  87.606 0.3750000000
58219  23.394  -24.911  72.990 0.2500000000
57141  23.770  -26.247  73.715 0.2500000000
60161  23.209  -23.358  72.147 0.2500000000
62054  23.393  -21.777  71.895 0.3750000000
57948  14.854  -24.422  94.436 0.2500000000
57960  14.418  -25.192  94.562 0.2500000000
56924  13.952  -25.934  94.725 0.2500000000
55079  13.771  -27.343  92.740 0.2500000000
56002  13.227  -27.246  94.238 0.2500000000
135137  12.891  -28.692  92.757 0.2500000000
56010  15.036  -25.676  92.187 0.2500000000
55085  13.732  -27.298  92.152 0.2500000000
53175  12.229  -30.113  92.033 0.3750000000
53212  11.777  -30.247  90.713 0.5000000000
54292  22.030  -29.891  77.909 0.1250000000
57129  23.313  -26.274  74.059 0.2500000000
62040  22.965  -21.671  72.579 0.5000000000
62055  22.924  -20.639  72.007 0.5000000000
59949  14.374  -23.579  94.194 0.2500000000
57939  12.947  -25.094  95.239 0.2500000000
142153  13.540  -25.012  95.058 0.2500000000
56926  12.640  -26.346  95.128 0.2500000000
55994  12.624  -27.070  94.809 0.2500000000
160297  11.663  -28.667  94.126 0.2500000000
54099  12.037  -29.001  93.728 0.2500000000
54106  12.339  -29.234  93.105 0.2500000000
143958  25.633  -19.979  85.315 0.3750000000
61056  22.966  -22.182  73.353 0.5000000000
143437  11.886  -26.843  95.090 0.2500000000
63867  26.568  -17.477  83.791 0.2500000000
64816  27.086  -16.974  83.172 0.2500000000
64828  27.153  -17.038  82.285 0.2500000000
80610  44.916  -2.846  51.487 0.1250000000
80608  46.493  -2.634  51.073 0.1250000000
79688  49.661  -2.968  50.551 0.1250000000
157982  50.546  -2.905  49.891 0.1250000000
80631  51.551  -2.713  49.551 0.1250000000
82600  48.192  -0.456  50.399 0.2500000000
82605  51.334  -1.013  49.546 0.3750000000
82598  50.149  -0.326  49.980 0.3750000000
83572  50.709  0.235  50.458 0.3750000000
83549  51.949  1.114  52.329 0.7500000000
83570  52.807  0.241  50.450 0.2500000000
51283  1.582  -32.052  92.286 0.2500000000
52223  1.712  -31.336  92.369 0.2500000000
146660  1.497  -31.890  92.048 0.2500000000
51275  1.787  -32.157  92.736 0.2500000000
53167  2.475  -30.434  93.560 0.2500000000
140716  1.428  -31.961  91.953 0.2500000000
51268  2.830  -31.262  94.056 0.2500000000
51269  2.836  -31.497  93.709 0.2500000000
52217  2.064  -31.079  93.104 0.2500000000
51267  3.674  -30.906  93.732 0.2500000000
51274  2.292  -31.935  93.237 0.2500000000
51282  3.966  -31.552  92.745 0.3750000000
59961  10.331  -23.618  94.404 0.1250000000
57951  9.140  -25.262  95.183 0.1250000000
57953  7.406  -25.608  95.440 0.1250000000
57946  6.451  -26.019  95.854 0.1250000000
56920  5.835  -26.681  96.164 0.1250000000
61824  13.764  -22.421  93.656 0.1250000000
59951  12.753  -23.617  94.536 0.1250000000
60866  12.019  -22.769  94.330 0.1250000000
140154  11.057  -23.923  95.034 0.1250000000
58991  10.543  -24.542  95.087 0.1250000000
58986  9.846  -25.367  95.205 0.1250000000
57943  8.861  -25.959  95.496 0.1250000000
56918  8.102  -26.612  95.925 0.1250000000
56919  7.186  -26.947  96.276 0.1250000000
55988  6.894  -27.832  96.368 0.1250000000
54086  5.414  -29.189  95.521 0.1250000000
54081  4.626  -29.113  95.360 0.1250000000
143497  3.757  -29.818  94.620 0.2500000000
54090  2.939  -29.526  95.054 0.2500000000
140847  2.587  -29.546  94.103 0.2500000000
54104  2.278  -29.243  93.187 0.2500000000
147549  14.231  -21.807  93.206 0.1250000000
60858  13.355  -23.312  94.122 0.1250000000
60859  12.411  -23.278  94.432 0.1250000000
58990  11.357  -24.311  95.131 0.1250000000
58985  10.850  -25.055  95.246 0.1250000000
57942  10.325  -25.858  95.282 0.1250000000
56916  9.792  -26.586  95.347 0.1250000000
56917  9.005  -26.658  95.633 0.1250000000
55986  8.519  -27.306  95.876 0.1250000000
150679  8.013  -29.180  95.058 0.1250000000
55066  7.026  -28.583  96.052 0.1250000000
53149  5.412  -29.465  94.796 0.1250000000
53160  4.277  -30.078  94.254 0.2500000000
52202  4.035  -30.092  94.363 0.2500000000
52204  2.947  -30.372  94.727 0.2500000000
58984  11.743  -24.772  95.249 0.1250000000
56915  10.672  -26.427  95.279 0.1250000000
55984  10.195  -27.188  95.245 0.1250000000
53156  7.456  -29.463  94.384 0.2500000000
54095  7.085  -29.430  94.991 0.1250000000
52216  4.565  -30.446  93.562 0.3750000000
51266  4.091  -30.676  93.613 0.3750000000
143629  10.762  -27.557  95.127 0.1250000000
159019  5.046  -30.747  92.782 0.3750000000
51271  4.299  -30.869  93.180 0.3750000000
55995  11.390  -27.543  94.995 0.1250000000
140210  4.755  -31.699  92.148 0.3750000000
63835  25.893  -18.610  86.529 0.2500000000
61896  26.143  -20.655  86.126 0.2500000000
60857  14.191  -23.271  93.950 0.1250000000
59950  13.620  -23.577  94.300 0.1250000000
55997  9.603  -27.739  95.258 0.1250000000
55064  8.815  -27.832  95.627 0.1250000000
54094  8.380  -28.491  95.416 0.1250000000
52206  6.064  -29.578  93.913 0.3750000000
53158  5.722  -29.588  94.270 0.2500000000
62787  14.547  -22.449  93.439 0.1250000000
55996  10.285  -27.795  95.133 0.1250000000
55071  9.997  -28.274  95.004 0.1250000000
54092  10.364  -28.584  94.629 0.1250000000
53155  8.577  -29.352  94.470 0.2500000000
53166  6.876  -29.471  93.846 0.2500000000
148199  5.675  -29.847  93.586 0.3750000000
143330  14.985  -22.594  93.461 0.1250000000
159981  14.552  -23.213  93.917 0.1250000000
136591  10.830  -28.130  94.941 0.1250000000
54101  10.346  -29.182  94.176 0.1250000000
53163  9.869  -30.004  94.076 0.2500000000
53171  9.066  -29.961  93.513 0.3750000000
52220  7.495  -29.570  92.932 0.3750000000
52215  6.376  -29.598  93.479 0.3750000000
146908  5.806  -29.917  93.240 0.3750000000
52222  5.588  -30.317  92.794 0.3750000000
62785  15.434  -22.253  93.134 0.1250000000
60855  15.572  -23.201  93.790 0.1250000000
59948  15.103  -23.424  94.057 0.1250000000
54100  11.281  -29.217  93.987 0.1250000000
53169  11.093  -30.135  93.147 0.3750000000
53170  10.173  -30.130  93.440 0.3750000000
146820  9.394  -30.074  92.941 0.3750000000
69567  29.871  -13.737  85.423 0.1250000000
67693  29.262  -14.697  85.826 0.1250000000
67694  28.852  -15.223  86.561 0.1250000000
148093  15.798  -22.689  93.393 0.1250000000
59947  15.649  -23.348  93.878 0.1250000000
58987  15.286  -23.790  94.165 0.1250000000
53177  10.268  -30.195  92.657 0.3750000000
151573  6.822  -29.882  91.865 0.3750000000
68649  29.797  -14.109  85.015 0.1250000000
67706  29.092  -15.070  86.021 0.1250000000
65810  28.235  -16.160  86.818 0.1250000000
60854  16.183  -22.963  93.518 0.1250000000
156357  16.012  -24.152  93.772 0.1250000000
57958  15.538  -24.837  93.585 0.1250000000
52252  7.332  -29.712  91.531 0.3750000000
68661  30.121  -14.046  84.280 0.1250000000
66759  29.091  -15.073  85.121 0.1250000000
65829  28.625  -15.532  85.778 0.1250000000
66746  28.855  -15.321  85.802 0.1250000000
64768  27.649  -16.770  86.960 0.1250000000
151897  26.312  -18.039  86.889 0.1250000000
141024  16.199  -23.520  93.677 0.1250000000
57957  16.386  -24.062  93.395 0.1250000000
65830  28.085  -16.071  85.570 0.1250000000
64781  27.435  -16.626  85.767 0.1250000000
158107  26.980  -17.383  86.668 0.2500000000
57965  16.306  -24.480  92.830 0.1250000000
62851  26.111  -20.003  87.324 0.1250000000
61887  26.290  -21.032  86.901 0.1250000000
56943  16.278  -24.764  91.892 0.1250000000
56954  16.293  -25.013  91.554 0.1250000000
63844  26.383  -17.735  86.034 0.2500000000
147703  26.169  -22.108  87.458 0.1250000000
60034  25.895  -22.645  87.440 0.1250000000
151437  16.292  -25.213  91.136 0.1250000000
148301  26.407  -21.754  85.955 0.2500000000
60045  26.230  -23.648  86.429 0.2500000000
60046  25.904  -23.922  86.866 0.2500000000
157353  26.354  -23.316  85.125 0.2500000000
161846  26.080  -24.196  86.330 0.2500000000
59082  25.493  -24.374  86.449 0.2500000000
58071  25.033  -24.931  85.864 0.2500000000
52219  8.294  -29.621  92.820 0.3750000000
63750  15.733  -21.405  92.768 0.1250000000
53178  8.972  -29.771  92.137 0.3750000000
52230  7.995  -29.556  92.117 0.3750000000
52231  7.286  -29.624  92.454 0.3750000000
63758  15.862  -20.726  92.543 0.1250000000
62784  16.002  -21.844  92.993 0.1250000000
53176  11.279  -30.200  92.371 0.3750000000
52251  8.256  -29.605  91.558 0.3750000000
68674  30.610  -14.060  83.561 0.1250000000
68643  28.892  -14.818  86.805 0.1250000000
60853  16.884  -22.470  93.461 0.1250000000
142677  10.499  -30.183  90.956 0.3750000000
53194  9.194  -29.788  91.240 0.3750000000
150657  7.158  -29.819  90.739 0.3750000000
66769  29.921  -14.458  83.432 0.1250000000
66758  29.630  -14.512  84.331 0.1250000000
158564  29.034  -15.037  84.865 0.1250000000
67678  28.403  -15.532  87.713 0.1250000000
66722  28.276  -16.076  87.384 0.1250000000
137649  27.748  -16.811  86.987 0.1250000000
59959  16.433  -23.086  93.515 0.1250000000
59007  16.670  -23.966  92.932 0.1250000000
66784  29.257  -15.055  83.051 0.1250000000
65836  28.463  -15.637  84.621 0.1250000000
65776  27.886  -16.403  88.031 0.1250000000
64757  27.286  -17.463  87.910 0.1250000000
63824  26.763  -18.213  87.960 0.1250000000
57974  16.364  -24.567  92.245 0.1250000000
53213  10.913  -30.274  90.169 0.3750000000
65848  28.594  -15.554  83.484 0.1250000000
65837  28.101  -16.073  83.857 0.1250000000
63798  26.866  -18.426  88.178 0.1250000000
64745  27.096  -17.720  88.184 0.1250000000
62841  26.084  -19.752  87.493 0.1250000000
61878  26.152  -21.526  87.301 0.1250000000
57973  16.691  -24.425  91.763 0.1250000000
56942  16.615  -24.705  91.508 0.1250000000
63799  26.577  -18.835  88.046 0.1250000000
61851  25.740  -19.944  87.915 0.1250000000
60035  25.518  -23.315  87.243 0.2500000000
60910  25.004  -21.646  87.856 0.2500000000
59058  24.523  -23.267  87.425 0.2500000000
58056  24.562  -24.312  86.534 0.2500000000
56962  16.469  -25.065  90.445 0.2500000000
59059  23.728  -23.018  87.788 0.2500000000
58034  24.208  -23.823  87.012 0.2500000000
58072  23.968  -24.683  86.008 0.2500000000
56986  22.716  -24.317  86.945 0.2500000000
135145  23.443  -25.130  85.463 0.2500000000
159957  26.731  -17.844  81.084 0.3750000000
56998  22.601  -24.975  86.255 0.2500000000
63748  16.760  -21.417  92.844 0.1250000000
61813  17.214  -21.970  93.494 0.1250000000
66783  30.062  -14.555  82.635 0.1250000000
60865  17.076  -22.388  93.700 0.1250000000
60864  17.782  -22.082  93.717 0.1250000000
59006  16.951  -23.624  92.521 0.1250000000
65863  28.649  -15.567  82.617 0.1250000000
65880  28.699  -15.574  81.911 0.1250000000
59015  17.048  -23.834  91.896 0.1250000000
57987  16.989  -24.380  91.096 0.1250000000
65864  28.102  -16.056  82.244 0.1250000000
65768  26.999  -16.671  88.935 0.1250000000
64731  26.285  -17.958  89.217 0.1250000000
56953  16.771  -24.760  90.981 0.1250000000
64846  27.587  -16.620  81.206 0.1250000000
63783  25.217  -19.570  89.004 0.1250000000
56968  16.637  -24.769  89.506 0.2500000000
160436  16.186  -25.187  89.233 0.2500000000
64847  27.158  -17.119  81.522 0.1250000000
61841  24.601  -20.353  88.794 0.1250000000
138652  27.128  -17.262  80.782 0.5000000000
59049  22.716  -22.738  88.372 0.1250000000
56987  22.074  -24.528  86.969 0.1250000000
61812  17.471  -21.911  93.609 0.1250000000
66811  29.398  -15.060  81.602 0.1250000000
63747  16.947  -21.346  92.769 0.1250000000
61823  17.734  -22.098  93.791 0.1250000000
66797  29.307  -15.082  82.278 0.1250000000
155928  18.034  -21.573  91.982 0.1250000000
59005  18.024  -23.017  92.080 0.1250000000
57972  17.342  -23.896  91.209 0.1250000000
61821  18.390  -21.617  91.765 0.1250000000
57971  18.241  -23.502  90.685 0.1250000000
58003  17.314  -24.110  90.334 0.1250000000
65881  28.118  -16.054  81.574 0.1250000000
66677  24.868  -17.097  89.424 0.1250000000
57985  18.711  -23.418  89.912 0.1250000000
58002  18.215  -23.531  89.655 0.1250000000
56961  17.024  -24.408  90.062 0.2500000000
62803  23.715  -20.035  89.056 0.1250000000
154955  18.935  -23.450  88.857 0.2500000000
159927  18.231  -23.500  88.820 0.2500000000
58020  17.439  -24.023  89.223 0.2500000000
59980  23.261  -21.730  88.940 0.1250000000
58019  19.302  -23.638  88.267 0.2500000000
58041  18.099  -23.567  88.504 0.2500000000
145430  17.777  -23.743  88.183 0.2500000000
58015  22.251  -23.132  87.999 0.1250000000
56988  21.518  -24.495  86.911 0.1250000000
56990  20.136  -24.185  87.003 0.2500000000
147084  29.714  -14.992  80.915 0.1250000000
66827  29.019  -15.449  80.470 0.1250000000
65895  28.791  -15.509  81.246 0.1250000000
65896  28.111  -16.034  80.902 0.1250000000
65906  28.053  -16.057  80.266 0.1250000000
60871  19.580  -22.071  91.069 0.1250000000
66842  28.705  -15.667  79.952 0.1250000000
60869  21.650  -21.491  90.074 0.1250000000
59974  20.901  -22.355  90.157 0.1250000000
57984  19.829  -23.295  89.572 0.1250000000
59023  21.833  -22.538  89.263 0.1250000000
57999  21.257  -23.163  88.688 0.1250000000
58000  20.488  -23.424  88.976 0.1250000000
58017  21.053  -23.526  88.409 0.1250000000
58038  21.011  -23.951  88.034 0.1250000000
56978  20.246  -24.115  87.566 0.2500000000
56989  20.881  -24.421  86.704 0.1250000000
135947  29.367  -17.455  64.029 0.1250000000
66081  29.395  -16.917  63.209 0.1250000000
65048  28.979  -17.652  64.875 0.1250000000
66064  28.195  -17.377  65.032 0.2500000000
66065  27.714  -16.842  65.272 0.3750000000
66082  28.612  -16.842  63.815 0.1250000000
67024  27.957  -16.661  64.466 0.2500000000
67025  27.574  -16.200  64.925 0.3750000000
67047  28.908  -15.752  63.095 0.2500000000
69876  29.908  -12.973  61.119 0.2500000000
156436  30.067  -13.813  61.251 0.2500000000
68004  29.558  -15.065  62.099 0.2500000000
161262  29.325  -14.939  62.571 0.2500000000
67017  27.500  -16.215  65.528 0.5000000000
142450  29.434  -14.680  62.924 0.5000000000
67996  29.062  -15.304  63.112 0.3750000000
69877  29.808  -12.917  61.881 0.3750000000
72797  33.857  -9.773  57.844 0.2500000000
150878  33.084  -8.592  58.517 0.3750000000
74730  33.669  -7.950  58.114 0.2500000000
149861  34.438  -7.694  57.518 0.2500000000
75614  42.412  -8.066  64.152 0.3750000000
75606  42.747  -8.339  65.011 0.3750000000
80462  48.674  -2.010  67.233 0.1250000000
77669  44.273  -5.829  66.215 0.2500000000
74636  42.088  -8.834  64.344 0.5000000000
73674  40.200  -10.025  63.463 0.6250000000
78644  47.788  -4.188  68.010 0.1250000000
79555  49.324  -2.975  68.120 0.1250000000
78645  47.141  -4.259  67.650 0.1250000000
77635  45.306  -5.861  67.453 0.1250000000
76599  44.107  -7.110  66.613 0.1250000000
77653  44.861  -5.653  66.794 0.1250000000
76620  44.287  -6.422  66.596 0.1250000000
136270  43.366  -7.462  65.597 0.2500000000
75605  43.315  -7.925  65.652 0.2500000000
79572  48.108  -2.837  67.447 0.1250000000
76621  43.734  -6.865  66.091 0.1250000000
80478  49.341  -1.370  66.735 0.1250000000
81459  49.234  -0.933  66.066 0.1250000000
73673  40.442  -9.989  63.765 0.5000000000
81478  50.404  -0.649  65.543 0.2500000000
75613  42.979  -7.682  64.907 0.2500000000
82464  50.694  -0.654  64.288 0.2500000000
82465  49.686  -0.416  65.062 0.2500000000
82486  49.708  -0.398  63.921 0.2500000000
77633  47.093  -4.923  68.075 0.1250000000
76582  44.379  -7.090  67.113 0.1250000000
77634  46.146  -5.383  67.772 0.1250000000
74626  43.143  -8.564  65.871 0.1250000000
74627  42.409  -9.040  65.291 0.3750000000
73658  41.668  -9.489  64.677 0.5000000000
73672  40.954  -9.804  64.181 0.5000000000
73660  40.570  -10.186  64.645 0.5000000000
72679  40.126  -10.472  64.233 0.6250000000
72668  37.314  -10.812  65.150 0.6250000000
72667  39.701  -10.985  65.247 0.6250000000
71743  38.662  -11.139  64.627 0.6250000000
72680  39.484  -10.993  64.369 0.6250000000
82500  50.328  -0.639  63.216 0.2500000000
82501  49.544  -0.397  62.658 0.2500000000
81517  50.492  -0.927  62.100 0.2500000000
75584  44.019  -7.599  66.646 0.1250000000
75585  43.688  -8.083  66.287 0.1250000000
73644  41.964  -9.514  65.623 0.1250000000
72651  40.156  -10.234  66.321 0.3750000000
138627  39.746  -10.541  65.969 0.5000000000
73659  41.210  -9.906  65.084 0.5000000000
71733  38.873  -11.092  65.401 0.6250000000
71734  38.007  -10.854  65.345 0.6250000000
72654  37.339  -10.274  66.123 0.6250000000
72666  40.206  -10.523  65.273 0.5000000000
81524  51.050  -1.420  61.195 0.2500000000
81533  49.904  -1.198  59.881 0.2500000000
77610  46.812  -5.966  69.324 0.1250000000
71720  38.243  -10.277  66.208 0.5000000000
148503  37.096  -9.855  67.110 0.3750000000
81543  49.964  -1.469  58.841 0.2500000000
80552  50.210  -1.515  57.962 0.2500000000
71709  36.588  -10.002  67.740 0.2500000000
72653  38.587  -9.839  67.006 0.3750000000
136215  37.816  -9.744  67.078 0.3750000000
82557  54.106  0.954  54.684 0.5000000000
82574  54.185  1.172  53.416 0.5000000000
83548  52.926  1.184  52.254 0.6250000000
62782  17.122  -21.712  93.246 0.1250000000
138382  16.713  -20.933  92.372 0.1250000000
155809  24.240  -25.101  85.351 0.2500000000
151291  25.939  -24.595  85.800 0.2500000000
161359  28.185  -16.216  63.882 0.2500000000
72782  32.561  -9.869  58.713 0.2500000000
73752  32.593  -9.081  58.836 0.3750000000
73762  33.639  -8.898  57.883 0.2500000000
83539  52.310  1.229  53.278 0.6250000000
142180  29.684  -13.675  61.719 0.3750000000
77652  45.687  -5.108  67.184 0.1250000000
79556  48.470  -3.414  67.920 0.1250000000
82466  49.008  -0.318  64.502 0.2500000000
51273  3.432  -31.506  93.380 0.3750000000
51272  4.076  -31.176  93.048 0.3750000000
50370  3.044  -31.743  93.522 0.2500000000
51281  4.589  -31.155  92.672 0.3750000000
160188  16.064  -24.500  93.318 0.1250000000
56938  15.938  -24.799  92.374 0.1250000000
59944  13.075  -23.981  94.783 0.1250000000
54107  11.618  -29.570  93.441 0.1250000000
53168  11.964  -30.066  92.843 0.2500000000
57940  12.197  -25.265  95.307 0.1250000000
58983  12.595  -24.539  95.160 0.1250000000
161757  11.388  -26.384  95.262 0.1250000000
58021  17.176  -24.240  88.816 0.2500000000
64792  27.002  -17.079  85.455 0.1250000000
58058  19.569  -23.869  86.737 0.2500000000
139321  21.972  -24.899  86.505 0.2500000000
54091  11.031  -28.640  94.420 0.1250000000
57941  11.309  -25.654  95.313 0.1250000000
64827  27.634  -16.586  81.893 0.1250000000
52218  1.872  -31.333  92.785 0.2500000000
148398  2.158  -30.285  92.851 0.2500000000
52213  2.650  -30.870  93.837 0.2500000000
53173  1.791  -30.481  92.370 0.2500000000
52211  3.107  -30.791  94.296 0.2500000000
52210  3.466  -30.621  94.219 0.2500000000
151713  3.343  -31.181  93.798 0.2500000000
51270  2.634  -31.297  93.684 0.2500000000
52212  2.911  -30.890  94.248 0.2500000000
59954  9.650  -24.228  94.598 0.1250000000
57952  8.378  -25.454  95.276 0.1250000000
57944  8.025  -25.971  95.748 0.1250000000
57945  7.323  -26.251  96.035 0.1250000000
154807  6.638  -26.597  96.215 0.1250000000
149093  6.280  -27.216  96.396 0.1250000000
55059  5.740  -28.019  96.434 0.1250000000
61818  13.068  -22.932  94.006 0.1250000000
61825  12.733  -22.120  93.913 0.1250000000
59952  11.850  -23.695  94.846 0.1250000000
60860  11.284  -23.383  94.686 0.1250000000
55985  9.280  -27.248  95.510 0.1250000000
55987  7.741  -27.341  96.133 0.1250000000
55065  7.907  -28.075  96.007 0.1250000000
54084  7.512  -28.840  95.556 0.1250000000
55067  6.135  -28.634  96.120 0.1250000000
54085  6.431  -29.154  95.428 0.1250000000
149968  4.800  -29.326  94.962 0.1250000000
55060  5.116  -28.759  96.117 0.1250000000
54087  4.172  -29.384  94.782 0.2500000000
53150  4.414  -29.693  94.559 0.2500000000
54089  3.147  -29.501  94.976 0.2500000000
54083  3.506  -29.159  94.896 0.2500000000
52203  3.211  -30.292  94.710 0.2500000000
53153  2.871  -29.995  94.960 0.2500000000
53152  2.954  -29.972  95.073 0.2500000000
53161  2.724  -30.091  94.414 0.2500000000
54103  2.438  -29.178  93.760 0.2500000000
155259  8.774  -28.910  94.991 0.1250000000
53159  4.878  -29.818  94.244 0.2500000000
54096  6.249  -29.481  94.719 0.2500000000
52209  3.961  -30.448  94.058 0.2500000000
52208  4.451  -30.256  93.912 0.3750000000
53157  6.561  -29.497  94.316 0.2500000000
52207  5.156  -29.959  93.806 0.3750000000
51280  5.038  -30.414  93.244 0.3750000000
62861  25.936  -19.805  86.832 0.2500000000
55072  9.169  -28.313  95.122 0.1250000000
54093  9.545  -28.865  94.625 0.1250000000
53164  8.903  -29.656  94.005 0.3750000000
54102  9.465  -29.393  94.177 0.3750000000
52214  7.190  -29.508  93.265 0.3750000000
53165  7.789  -29.473  93.868 0.2500000000
53162  10.802  -29.960  93.832 0.1250000000
53172  8.090  -29.552  93.406 0.3750000000
52221  6.475  -29.735  92.836 0.3750000000
157144  15.825  -23.156  93.715 0.1250000000
52232  6.708  -29.791  92.405 0.3750000000
66733  28.524  -16.032  86.954 0.1250000000
53193  10.358  -30.215  91.815 0.3750000000
65820  27.980  -16.300  86.368 0.1250000000
67719  29.894  -14.241  84.404 0.1250000000
63834  26.598  -17.894  87.291 0.1250000000
145470  26.028  -18.897  87.014 0.1250000000
58998  16.614  -23.454  93.220 0.1250000000
61897  26.447  -21.736  86.660 0.2500000000
61888  26.326  -21.672  87.234 0.1250000000
60931  26.301  -22.428  87.143 0.2500000000
60921  25.965  -21.978  87.454 0.1250000000
60020  25.127  -22.693  87.466 0.2500000000
60940  26.393  -22.707  86.396 0.2500000000
59081  26.267  -23.969  85.784 0.2500000000
63749  16.261  -21.392  92.821 0.1250000000
136153  28.691  -14.968  87.259 0.1250000000
66770  29.122  -14.989  83.965 0.1250000000
147909  28.400  -15.986  88.078 0.1250000000
66714  28.259  -16.056  88.014 0.1250000000
64756  27.718  -16.781  87.706 0.1250000000
59958  17.034  -22.643  93.359 0.1250000000
63813  26.515  -18.858  88.006 0.1250000000
63789  26.736  -18.420  88.184 0.1250000000
62830  26.286  -19.182  87.790 0.1250000000
141303  26.067  -20.709  87.198 0.1250000000
62818  26.213  -19.228  87.917 0.1250000000
61865  25.850  -21.035  87.376 0.1250000000
60909  25.574  -21.644  87.546 0.1250000000
61852  25.354  -20.042  88.402 0.1250000000
62819  25.775  -19.561  88.282 0.1250000000
159646  24.710  -21.339  88.330 0.1250000000
59047  24.256  -22.625  87.819 0.1250000000
60004  24.670  -22.138  87.776 0.2500000000
159997  23.023  -23.942  87.180 0.2500000000
56997  23.235  -24.675  86.303 0.2500000000
58014  23.002  -23.118  87.916 0.1250000000
58036  22.595  -23.675  87.529 0.2500000000
56975  22.170  -24.114  87.402 0.1250000000
59968  17.355  -22.921  92.688 0.1250000000
141071  26.575  -17.162  89.171 0.1250000000
64738  26.696  -17.889  88.798 0.1250000000
61840  25.776  -19.406  88.682 0.1250000000
63782  25.978  -18.388  89.333 0.1250000000
63772  25.579  -18.077  89.471 0.1250000000
60892  24.721  -20.851  88.562 0.1250000000
137857  24.763  -19.375  89.236 0.1250000000
60882  23.542  -21.247  89.001 0.1250000000
61842  23.872  -20.720  88.992 0.1250000000
60881  24.059  -21.391  88.698 0.1250000000
60005  23.930  -22.211  88.225 0.1250000000
59035  23.206  -22.323  88.555 0.1250000000
156428  17.254  -21.666  93.047 0.1250000000
142617  17.094  -20.299  91.746 0.1250000000
62790  17.399  -21.377  92.313 0.1250000000
154993  17.897  -22.553  92.480 0.1250000000
61822  17.864  -21.942  92.722 0.1250000000
63756  17.772  -21.012  91.581 0.1250000000
63755  18.656  -20.810  91.085 0.1250000000
60862  18.187  -21.977  92.280 0.1250000000
59967  18.485  -22.571  91.818 0.1250000000
59014  17.906  -23.415  91.491 0.1250000000
57986  17.705  -23.773  90.441 0.1250000000
60872  18.674  -22.188  91.733 0.1250000000
143683  18.793  -21.140  91.247 0.1250000000
60861  19.041  -21.850  91.451 0.1250000000
150480  18.726  -23.253  90.923 0.1250000000
65742  24.203  -17.412  89.390 0.1250000000
67649  25.029  -15.951  89.654 0.1250000000
64712  24.715  -18.332  89.422 0.1250000000
63773  25.114  -18.564  89.456 0.1250000000
59026  19.212  -23.277  90.271 0.1250000000
141307  19.481  -22.960  90.647 0.1250000000
134864  17.763  -23.732  89.481 0.1250000000
63763  24.363  -19.158  89.244 0.1250000000
61827  22.888  -20.757  89.302 0.1250000000
61834  23.565  -20.568  89.068 0.1250000000
138068  24.125  -18.258  89.292 0.1250000000
159703  19.831  -23.716  88.442 0.2500000000
58001  19.415  -23.390  89.212 0.2500000000
60883  22.860  -21.708  89.242 0.1250000000
59981  22.461  -22.160  89.273 0.1250000000
59993  23.020  -22.116  88.882 0.1250000000
58039  20.374  -23.961  88.068 0.2500000000
58040  19.145  -23.659  87.734 0.2500000000
150876  21.458  -23.675  87.973 0.1250000000
58037  21.933  -23.643  87.784 0.1250000000
58016  21.621  -23.248  88.169 0.1250000000
56976  21.604  -24.154  87.543 0.1250000000
60870  20.635  -21.828  90.548 0.1250000000
59965  20.205  -22.248  90.617 0.1250000000
59975  19.877  -22.572  90.637 0.1250000000
59976  19.142  -22.722  91.178 0.1250000000
61830  20.011  -21.594  90.815 0.1250000000
61828  22.053  -20.917  89.969 0.1250000000
62796  21.791  -20.696  90.037 0.1250000000
60877  22.228  -21.582  89.669 0.1250000000
59982  21.479  -22.418  89.653 0.1250000000
60878  21.273  -21.959  90.126 0.1250000000
59025  20.177  -23.062  89.891 0.1250000000
59024  21.090  -22.819  89.525 0.1250000000
59038  20.776  -23.159  89.278 0.1250000000
59037  21.516  -22.879  88.909 0.1250000000
58018  20.234  -23.648  88.565 0.2500000000
56977  20.990  -24.220  87.473 0.1250000000
67046  29.266  -16.187  62.776 0.1250000000
67034  28.724  -16.256  63.358 0.1250000000
141998  28.556  -17.264  64.390 0.1250000000
73761  34.372  -9.177  57.531 0.1250000000
76598  44.602  -6.474  67.054 0.1250000000
82575  53.127  1.202  53.652 0.6250000000
64705  16.498  -20.334  92.119 0.1250000000
59036  22.429  -22.507  88.873 0.1250000000
59013  18.651  -23.010  91.393 0.1250000000
62053  24.116  -21.258  71.386 0.2500000000
63016  24.519  -20.633  70.659 0.3750000000
81595  53.826  -0.960  56.430 0.5000000000
82543  53.312  0.119  55.450 0.5000000000
159021  53.469  0.913  54.594 0.5000000000
83547  54.067  0.940  51.960 0.3750000000
82573  54.963  1.093  53.384 0.3750000000
62052  25.060  -21.312  71.237 0.2500000000
53179  1.628  -30.619  92.110 0.1250000000
144618  2.425  -29.637  93.500 0.1250000000
53195  1.437  -30.743  91.531 0.1250000000
54119  1.439  -30.011  91.155 0.1250000000
54097  2.796  -29.110  94.816 0.1250000000
53215  0.778  -30.600  89.720 0.1250000000
54111  1.763  -29.618  92.364 0.1250000000
54118  1.574  -29.808  91.963 0.1250000000
55063  3.337  -28.893  94.969 0.1250000000
53335  13.176  -30.879  81.882 0.1250000000
59205  24.698  -24.232  73.056 0.1250000000
59184  25.632  -24.445  74.593 0.1250000000
58207  24.752  -25.346  73.673 0.1250000000
60159  24.697  -23.536  72.654 0.1250000000
154630  25.229  -22.028  72.387 0.1250000000
65012  25.700  -19.107  68.530 0.3750000000
65011  26.648  -18.970  67.989 0.3750000000
136245  26.401  -18.490  68.640 0.3750000000
65024  27.198  -19.311  67.416 0.3750000000
64036  26.950  -20.089  67.611 0.1250000000
66031  27.647  -18.471  67.660 0.3750000000
64035  27.722  -19.755  67.259 0.1250000000
64044  27.864  -18.897  66.968 0.3750000000
64043  28.285  -19.047  66.875 0.1250000000
66044  27.915  -17.715  67.060 0.3750000000
65034  28.271  -18.238  66.454 0.1250000000
66053  27.704  -16.992  66.186 0.3750000000
65043  28.021  -17.553  65.849 0.3750000000
67995  29.251  -15.497  62.611 0.1250000000
67994  29.767  -15.851  62.260 0.1250000000
68961  29.872  -14.450  61.645 0.1250000000
68812  36.447  -14.343  72.997 0.1250000000
68811  37.212  -14.168  72.823 0.1250000000
68825  36.564  -14.488  72.121 0.1250000000
69748  37.985  -13.115  73.198 0.1250000000
71667  37.727  -10.551  72.005 0.1250000000
72621  37.357  -9.949  69.896 0.1250000000
72632  36.956  -9.616  68.597 0.1250000000
72642  37.374  -9.499  67.907 0.1250000000
72652  39.402  -10.020  66.780 0.2500000000
79664  42.202  -2.960  52.886 0.1250000000
80595  40.922  -2.684  53.567 0.1250000000
80625  56.941  -2.367  49.314 0.1250000000
80613  56.624  -1.903  49.590 0.1250000000
80624  57.486  -1.988  49.225 0.1250000000
81662  57.934  -1.800  48.680 0.1250000000
145228  55.540  0.129  51.250 0.1250000000
145999  54.880  0.846  52.014 0.1250000000
159842  55.971  -0.885  50.380 0.1250000000
82587  54.835  0.248  50.887 0.1250000000
81648  56.929  -1.236  49.814 0.1250000000
81647  57.514  -1.006  49.701 0.1250000000
80612  57.252  -1.646  49.497 0.1250000000
81657  57.829  -1.340  49.353 0.1250000000
136073  58.455  -0.924  48.131 0.1250000000
82609  58.340  -0.840  49.030 0.1250000000
82541  55.322  0.929  54.405 0.2500000000
159059  55.251  1.025  53.348 0.2500000000
82556  54.754  0.996  54.555 0.2500000000
140039  56.619  0.318  52.004 0.1250000000
82554  56.035  0.626  52.804 0.1250000000
82569  57.088  -0.086  51.291 0.1250000000
82570  56.515  0.003  51.495 0.1250000000
82586  55.829  -0.285  50.930 0.1250000000
147365  53.410  0.652  51.075 0.1250000000
82585  57.073  -0.481  50.652 0.1250000000
82608  58.623  -0.093  48.597 0.1250000000
156251  58.584  0.116  49.065 0.1250000000
82530  55.266  0.174  56.279 0.1250000000
83526  55.362  0.139  56.983 0.1250000000
140283  55.175  0.605  55.226 0.2500000000
82542  54.680  0.602  55.308 0.2500000000
135928  53.993  0.115  55.691 0.2500000000
162731  57.764  1.966  54.253 0.1250000000
84400  57.335  1.411  53.812 0.1250000000
82535  56.093  0.928  54.133 0.1250000000
83534  57.313  0.936  52.952 0.1250000000
82539  56.466  0.676  53.199 0.1250000000
83537  57.415  0.648  52.113 0.1250000000
82584  57.416  -0.367  50.470 0.1250000000
82568  57.600  0.008  50.845 0.1250000000
82593  57.745  -0.518  49.938 0.1250000000
147916  58.218  0.685  50.418 0.1250000000
84414  58.359  0.855  50.026 0.1250000000
139103  58.452  -0.232  49.297 0.1250000000
142559  58.540  0.458  49.146 0.1250000000
86119  55.845  2.567  56.737 0.1250000000
81576  54.268  -1.131  56.867 0.3750000000
150683  56.522  1.853  56.224 0.1250000000
84386  56.127  1.160  57.175 0.1250000000
82537  53.977  -0.222  55.904 0.2500000000
85271  57.392  2.864  55.312 0.1250000000
85260  57.016  2.171  55.522 0.1250000000
83532  55.715  0.589  55.758 0.1250000000
157996  57.616  2.422  54.837 0.1250000000
158301  56.586  1.272  54.566 0.1250000000
83531  56.065  1.068  54.925 0.1250000000
86953  56.834  3.889  51.978 0.1250000000
86143  57.789  2.552  52.188 0.1250000000
86148  57.138  3.204  51.443 0.1250000000
146226  57.984  1.552  51.217 0.1250000000
84406  57.822  1.199  51.867 0.1250000000
87753  56.106  4.203  51.291 0.1250000000
86959  56.880  3.017  50.690 0.1250000000
86147  57.531  2.536  50.976 0.1250000000
87761  55.963  3.734  50.756 0.1250000000
85290  57.776  2.132  49.996 0.1250000000
85282  57.875  1.928  50.885 0.1250000000
146259  58.133  1.523  50.023 0.1250000000
85261  56.762  2.590  56.006 0.1250000000
86138  56.951  3.391  55.459 0.1250000000
86140  57.308  3.486  54.141 0.1250000000
138475  57.670  3.035  54.732 0.1250000000
137039  56.611  4.620  52.471 0.1250000000
86144  57.467  3.215  53.086 0.1250000000
85275  57.773  2.658  53.972 0.1250000000
87748  56.267  4.746  51.735 0.1250000000
150848  56.566  4.426  51.963 0.1250000000
86155  57.073  2.965  50.981 0.1250000000
88610  55.901  5.119  51.585 0.1250000000
86960  56.582  3.667  51.399 0.1250000000
86947  56.843  4.198  53.913 0.1250000000
86950  56.885  3.949  52.852 0.1250000000
87742  56.334  5.236  52.188 0.1250000000
67893  33.860  -14.042  71.720 0.1250000000
68826  35.665  -14.484  72.023 0.1250000000
79655  38.193  -3.133  55.394 0.2500000000
160189  14.347  -30.774  81.381 0.2500000000
53196  1.099  -30.769  90.608 0.1250000000
59196  24.443  -24.924  73.149 0.1250000000
145161  24.713  -22.700  72.181 0.1250000000
52234  1.588  -31.431  92.124 0.1250000000
52255  1.426  -31.382  91.740 0.1250000000
54108  2.003  -29.481  92.673 0.1250000000
81594  54.302  -0.572  56.486 0.2500000000
59195  25.096  -24.576  73.711 0.1250000000
60149  25.187  -23.647  73.433 0.1250000000
58197  25.282  -25.279  74.290 0.1250000000
61055  25.313  -22.647  73.047 0.1250000000
64027  26.280  -19.684  67.837 0.2500000000
65023  27.789  -18.570  67.134 0.3750000000
147535  28.050  -17.985  66.650 0.3750000000
68827  34.873  -13.890  72.303 0.1250000000
80635  57.263  -2.631  48.809 0.1250000000
82572  55.740  0.567  52.153 0.1250000000
82571  56.215  -0.132  51.268 0.1250000000
81630  56.534  -0.485  50.776 0.1250000000
153281  54.221  0.358  50.784 0.1250000000
81640  56.687  -0.845  50.246 0.1250000000
81639  57.201  -0.748  50.121 0.1250000000
81646  58.066  -0.671  49.546 0.1250000000
82555  55.685  0.813  53.123 0.1250000000
82540  55.938  0.904  54.037 0.1250000000
159817  55.941  0.468  52.124 0.1250000000
84393  56.118  1.247  56.762 0.1250000000
84402  57.703  1.374  52.843 0.1250000000
83546  57.714  0.513  51.265 0.1250000000
82583  57.911  -0.120  50.213 0.1250000000
84412  58.074  0.891  50.985 0.1250000000
142917  58.131  1.338  50.575 0.1250000000
83568  58.282  0.249  49.987 0.1250000000
145895  58.442  0.470  49.610 0.1250000000
85262  56.223  2.574  56.448 0.1250000000
156123  57.542  2.798  51.543 0.1250000000
136988  57.323  3.336  52.108 0.1250000000
85278  57.880  2.434  53.060 0.1250000000
145925  56.416  3.476  50.908 0.1250000000
162591  57.044  3.727  53.480 0.1250000000
46623  2.994  -38.355  88.033 0.2500000000
47615  3.470  -37.546  87.508 0.2500000000
150611  3.443  -36.916  88.038 0.2500000000
52319  8.208  -31.476  84.144 0.1250000000
64019  24.981  -19.314  68.974 0.2500000000
63056  25.628  -19.911  68.413 0.2500000000
63014  26.954  -20.988  70.648 0.1250000000
162073  25.514  -20.720  69.613 0.1250000000
69890  30.516  -12.865  60.538 0.1250000000
153161  33.589  -11.096  58.441 0.1250000000
137909  34.192  -10.646  58.079 0.1250000000
72781  33.329  -10.302  58.275 0.1250000000
73751  33.139  -9.420  58.299 0.1250000000
81477  51.297  -0.811  64.940 0.1250000000
137947  51.380  -1.431  62.184 0.1250000000
81523  51.861  -1.708  61.480 0.1250000000
81532  50.779  -1.492  60.176 0.1250000000
81562  54.559  -1.156  57.156 0.2500000000
52320  7.533  -31.679  84.372 0.1250000000
52328  8.828  -31.600  83.828 0.1250000000
62051  25.967  -21.228  71.475 0.1250000000
63015  26.361  -21.122  70.840 0.1250000000
154009  25.909  -20.730  68.882 0.2500000000
63039  25.107  -20.082  69.079 0.2500000000
52336  12.578  -31.306  82.164 0.1250000000
43923  1.175  -42.163  91.454 0.1250000000
43145  0.568  -42.730  91.269 0.1250000000
43935  0.935  -41.602  90.622 0.1250000000
160463  0.277  -40.852  90.609 0.1250000000
43946  2.477  -40.946  89.946 0.1250000000
44791  1.534  -40.552  90.235 0.1250000000
43963  2.661  -40.610  89.426 0.1250000000
43964  2.140  -40.703  89.633 0.1250000000
44806  2.458  -40.225  89.103 0.1250000000
45633  1.890  -40.020  89.575 0.1250000000
153872  2.695  -39.050  88.426 0.1250000000
46612  2.539  -38.455  88.938 0.1250000000
45639  3.273  -39.103  88.101 0.1250000000
55232  25.404  -28.645  78.683 0.1250000000
63055  26.439  -20.545  68.095 0.1250000000
77790  39.128  -5.418  54.989 0.1250000000
77770  38.197  -4.981  55.180 0.1250000000
78762  38.801  -4.467  54.800 0.1250000000
78750  38.163  -4.035  55.251 0.1250000000
149169  39.203  -3.986  54.423 0.1250000000
79662  39.276  -3.155  54.328 0.1250000000
80599  44.067  -2.560  51.853 0.1250000000
47638  4.229  -36.553  86.468 0.1250000000
47628  3.914  -37.179  86.833 0.1250000000
55186  17.527  -28.060  82.498 0.1250000000
78751  37.493  -4.463  55.588 0.1250000000
79663  38.660  -3.540  54.777 0.1250000000
42369  -0.216  -43.005  90.603 0.1250000000
43936  0.246  -41.643  90.506 0.1250000000
46622  3.645  -38.368  87.576 0.1250000000
42368  0.148  -43.162  91.302 0.1250000000
43947  1.795  -41.210  90.283 0.1250000000
43977  2.972  -40.334  89.002 0.1250000000
44819  2.808  -39.750  88.594 0.1250000000
45632  2.315  -39.462  88.954 0.1250000000
46635  4.016  -37.871  86.966 0.1250000000
78761  39.547  -4.686  54.507 0.1250000000
40684  0.271  -44.067  85.361 0.1250000000
41564  -0.296  -43.739  88.694 0.1250000000
41589  0.172  -43.413  86.138 0.1250000000
52205  2.890  -30.442  94.591 0.2500000000
53151  3.301  -29.920  94.843 0.2500000000
53154  2.738  -29.497  94.731 0.2500000000
54082  4.164  -28.961  95.117 0.2500000000
54088  3.561  -29.510  94.781 0.2500000000
55061  4.324  -28.785  95.683 0.1250000000
55069  2.985  -29.114  94.997 0.2500000000
55982  4.725  -28.196  96.288 0.1250000000
56190  24.185  -27.231  74.353 0.2500000000
56927  11.053  -26.994  95.170 0.1250000000
57959  14.996  -25.031  94.095 0.2500000000
57964  16.608  -24.239  92.396 0.1250000000
57966  15.724  -24.880  92.952 0.1250000000
57998  21.946  -22.865  88.474 0.1250000000
58035  23.469  -23.568  87.392 0.2500000000
58057  23.552  -24.162  86.760 0.2500000000
58993  8.875  -24.783  94.859 0.1250000000
58997  16.909  -23.305  92.872 0.1250000000
58999  15.788  -23.654  93.936 0.1250000000
59000  15.448  -24.273  94.071 0.1250000000
59012  20.515  -22.714  90.086 0.1250000000
59048  23.472  -22.636  88.159 0.1250000000
59070  25.071  -23.871  86.973 0.2500000000
59197  22.899  -24.465  73.161 0.2500000000
59208  23.124  -24.095  72.551 0.3750000000
59214  23.650  -23.892  72.173 0.2500000000
59945  12.220  -24.084  95.034 0.1250000000
59946  16.491  -23.149  93.774 0.1250000000
59953  10.413  -24.026  94.896 0.1250000000
59956  18.084  -22.198  92.502 0.1250000000
59957  17.672  -22.283  93.141 0.1250000000
59960  16.030  -23.189  93.730 0.1250000000
59966  19.275  -22.425  91.200 0.1250000000
59973  21.921  -21.929  89.705 0.1250000000
59991  24.335  -21.763  88.271 0.1250000000
59992  23.624  -21.893  88.600 0.1250000000
60019  25.462  -22.161  87.489 0.1250000000
60171  23.677  -23.253  71.890 0.2500000000
60852  17.762  -22.087  93.872 0.1250000000
60856  14.902  -23.169  93.896 0.1250000000
60863  17.811  -22.101  93.233 0.1250000000
60876  23.075  -21.127  89.290 0.1250000000
60891  25.344  -20.976  88.031 0.1250000000
60948  26.396  -22.447  85.483 0.2500000000
61074  23.004  -22.625  72.222 0.3750000000
61814  16.477  -22.191  93.251 0.1250000000
61815  15.184  -22.877  93.646 0.1250000000
61816  14.533  -22.991  93.776 0.1250000000
61817  13.962  -23.013  93.855 0.1250000000
61820  19.371  -21.354  91.054 0.1250000000
61864  25.984  -19.806  87.571 0.1250000000
61877  26.201  -21.028  87.116 0.1250000000
62783  16.717  -21.811  93.190 0.1250000000
62789  17.962  -21.325  91.735 0.1250000000
62802  24.304  -20.099  88.998 0.1250000000
63764  23.409  -19.670  89.002 0.1250000000
63790  26.121  -19.075  88.682 0.1250000000
63812  26.925  -18.147  88.005 0.1250000000
63825  26.363  -18.959  87.795 0.1250000000
63988  22.648  -19.288  72.658 0.6250000000
63997  22.498  -19.346  72.084 0.6250000000
64724  25.027  -17.965  89.539 0.1250000000
64737  27.018  -17.885  88.243 0.1250000000
64744  27.550  -17.075  87.992 0.1250000000
64769  27.123  -17.460  87.316 0.1250000000
64951  22.867  -18.830  72.819 0.7500000000
64979  23.201  -18.577  71.703 0.6250000000
65736  16.313  -19.817  91.899 0.1250000000
65741  24.836  -17.534  89.454 0.1250000000
65769  26.584  -17.539  89.108 0.1250000000
65778  26.959  -17.616  88.664 0.1250000000
65787  27.730  -16.750  88.230 0.1250000000
65788  27.366  -17.307  88.174 0.1250000000
65799  27.921  -16.468  87.751 0.1250000000
65811  28.113  -16.755  87.084 0.1250000000
66704  26.497  -16.340  89.219 0.1250000000
66721  28.361  -15.981  87.328 0.1250000000
67008  27.483  -15.840  65.642 0.5000000000
67637  25.076  -16.124  89.619 0.1250000000
67684  28.719  -15.385  87.038 0.1250000000
67705  29.495  -14.462  85.168 0.1250000000
67732  30.557  -14.151  83.558 0.1250000000
68601  24.831  -15.817  89.724 0.1250000000
68627  28.546  -14.498  87.437 0.1250000000
68648  30.321  -13.809  84.141 0.1250000000
68930  27.886  -15.470  64.831 0.7500000000
71719  39.118  -10.589  66.144 0.5000000000
74695  32.731  -8.587  59.221 0.3750000000
75604  43.761  -7.601  66.144 0.1250000000
80540  50.585  -1.535  58.491 0.2500000000
80547  54.040  -1.874  57.915 0.1250000000
80548  53.448  -2.052  57.939 0.1250000000
80569  51.909  -1.887  56.219 0.1250000000
80570  51.067  -1.297  56.259 0.6250000000
80578  52.020  -1.746  55.773 0.3750000000
81541  54.212  -1.492  58.813 0.1250000000
81552  54.454  -1.513  57.967 0.1250000000
81561  54.717  -0.865  57.212 0.2500000000
81563  54.241  -1.715  57.238 0.2500000000
81575  54.555  -0.477  56.576 0.2500000000
81577  54.082  -1.750  57.026 0.2500000000
82525  54.812  -0.307  58.445 0.1250000000
82528  55.009  -0.591  57.472 0.2500000000
82536  55.430  0.602  55.225 0.1250000000
82552  57.356  0.234  51.495 0.1250000000
82553  57.147  0.455  52.152 0.1250000000
82592  58.207  -0.197  49.733 0.1250000000
83516  54.828  0.122  58.427 0.2500000000
83520  55.740  0.696  57.243 0.1250000000
83524  56.319  1.287  55.689 0.1250000000
83525  55.729  0.604  56.571 0.1250000000
83535  56.608  0.935  53.735 0.1250000000
83538  57.124  0.707  52.805 0.1250000000
83559  57.989  0.326  50.570 0.1250000000
83571  51.522  0.123  50.257 0.3750000000
83577  58.453  0.101  49.464 0.1250000000
84398  57.114  1.753  54.796 0.1250000000
85252  56.262  1.860  56.714 0.1250000000
85253  56.023  1.746  57.026 0.1250000000
85274  57.987  1.899  53.472 0.1250000000
85277  57.985  1.878  52.547 0.1250000000
85288  57.832  2.025  50.476 0.1250000000
86124  56.469  3.408  55.989 0.1250000000
86137  57.343  3.380  54.939 0.1250000000
86157  57.419  2.576  50.507 0.1250000000
135923  54.649  0.152  55.872 0.2500000000
136553  53.879  -1.946  57.118 0.1250000000
137748  25.937  -19.016  89.120 0.1250000000
137829  9.534  -26.106  95.375 0.1250000000
138070  53.854  -0.832  56.376 0.3750000000
138512  26.561  -18.730  88.108 0.1250000000
140500  17.433  -23.386  92.159 0.1250000000
140926  2.317  -28.702  93.380 0.1250000000
141439  28.711  -15.671  86.837 0.1250000000
142237  53.923  -1.569  56.780 0.2500000000
146063  28.696  -15.506  86.808 0.1250000000
146593  26.129  -23.240  87.029 0.2500000000
148596  17.618  -21.643  92.525 0.1250000000
148845  54.928  0.073  56.078 0.1250000000
149070  29.541  -14.382  62.204 0.2500000000
149316  57.819  2.208  51.382 0.1250000000
149471  52.407  -1.865  58.399 0.1250000000
149926  56.408  0.560  52.742 0.1250000000
150504  22.408  -21.200  89.660 0.1250000000
152336  30.627  -11.677  60.334 0.5000000000
152852  14.713  -23.047  93.807 0.1250000000
153744  25.498  -18.826  89.359 0.1250000000
153899  26.364  -23.254  85.871 0.2500000000
153921  24.164  -20.916  88.848 0.1250000000
154684  53.590  -1.796  58.707 0.1250000000
154705  55.079  1.050  54.219 0.2500000000
154869  50.947  -1.194  56.676 0.3750000000
155732  3.492  -30.156  94.601 0.2500000000
156244  26.248  -18.663  89.029 0.1250000000
156336  29.140  -14.783  86.244 0.1250000000
156453  27.994  -16.511  86.844 0.1250000000
156841  52.117  -1.909  55.907 0.2500000000
158248  42.580  -2.920  60.906 1.0000000000
159255  40.620  -1.079  57.427 1.0000000000
159395  53.996  -2.147  57.068 0.2500000000
159653  24.039  -18.928  89.208 0.1250000000
160645  26.019  -17.944  89.374 0.1250000000
160983  17.539  -21.841  93.261 0.1250000000
161408  13.892  -25.293  94.900 0.2500000000
161731  34.134  -11.189  58.361 0.1250000000
161835  27.041  -18.728  88.071 0.1250000000
161935  57.583  0.992  52.433 0.1250000000
162435  26.937  -17.224  88.968 0.1250000000
162834  57.969  1.869  51.814 0.1250000000
