global_signal	global_signal_derivative1	global_signal_power2	global_signal_derivative1_power2	csf	csf_derivative1	csf_derivative1_power2	csf_power2	white_matter	white_matter_derivative1	white_matter_power2	white_matter_derivative1_power2	csf_wm	tcompcor	std_dvars	dvars	framewise_displacement	rmsd	t_comp_cor_00	t_comp_cor_01	t_comp_cor_02	t_comp_cor_03	t_comp_cor_04	c_comp_cor_00	c_comp_cor_01	c_comp_cor_02	c_comp_cor_03	c_comp_cor_04	c_comp_cor_05	c_comp_cor_06	c_comp_cor_07	c_comp_cor_08	c_comp_cor_09	c_comp_cor_10	c_comp_cor_11	c_comp_cor_12	c_comp_cor_13	c_comp_cor_14	c_comp_cor_15	w_comp_cor_00	w_comp_cor_01	w_comp_cor_02	w_comp_cor_03	w_comp_cor_04	w_comp_cor_05	w_comp_cor_06	w_comp_cor_07	w_comp_cor_08	w_comp_cor_09	w_comp_cor_10	w_comp_cor_11	w_comp_cor_12	w_comp_cor_13	w_comp_cor_14	w_comp_cor_15	w_comp_cor_16	w_comp_cor_17	w_comp_cor_18	w_comp_cor_19	w_comp_cor_20	w_comp_cor_21	w_comp_cor_22	w_comp_cor_23	w_comp_cor_24	w_comp_cor_25	w_comp_cor_26	w_comp_cor_27	w_comp_cor_28	w_comp_cor_29	w_comp_cor_30	w_comp_cor_31	w_comp_cor_32	w_comp_cor_33	w_comp_cor_34	w_comp_cor_35	w_comp_cor_36	w_comp_cor_37	w_comp_cor_38	w_comp_cor_39	w_comp_cor_40	a_comp_cor_00	a_comp_cor_01	a_comp_cor_02	a_comp_cor_03	a_comp_cor_04	a_comp_cor_05	a_comp_cor_06	a_comp_cor_07	a_comp_cor_08	a_comp_cor_09	a_comp_cor_10	a_comp_cor_11	a_comp_cor_12	a_comp_cor_13	a_comp_cor_14	a_comp_cor_15	a_comp_cor_16	a_comp_cor_17	a_comp_cor_18	a_comp_cor_19	a_comp_cor_20	a_comp_cor_21	a_comp_cor_22	a_comp_cor_23	a_comp_cor_24	a_comp_cor_25	a_comp_cor_26	a_comp_cor_27	a_comp_cor_28	a_comp_cor_29	a_comp_cor_30	a_comp_cor_31	a_comp_cor_32	a_comp_cor_33	a_comp_cor_34	edge_comp_00	edge_comp_01	edge_comp_02	edge_comp_03	edge_comp_04	edge_comp_05	edge_comp_06	edge_comp_07	edge_comp_08	edge_comp_09	edge_comp_10	edge_comp_11	edge_comp_12	edge_comp_13	edge_comp_14	edge_comp_15	edge_comp_16	edge_comp_17	edge_comp_18	edge_comp_19	edge_comp_20	edge_comp_21	edge_comp_22	edge_comp_23	cosine00	cosine01	cosine02	non_steady_state_outlier00	trans_x	trans_x_derivative1	trans_x_derivative1_power2	trans_x_power2	trans_y	trans_y_derivative1	trans_y_power2	trans_y_derivative1_power2	trans_z	trans_z_derivative1	trans_z_derivative1_power2	trans_z_power2	rot_x	rot_x_derivative1	rot_x_derivative1_power2	rot_x_power2	rot_y	rot_y_derivative1	rot_y_power2	rot_y_derivative1_power2	rot_z	rot_z_derivative1	rot_z_derivative1_power2	rot_z_power2	motion_outlier00	motion_outlier01	motion_outlier02	motion_outlier03	motion_outlier04
538.4833144533316	n/a	289964.27994464553	n/a	745.6671407362994	n/a	n/a	556019.4847738482	526.6453791191242	n/a	277355.355347526	n/a	577.7067977610534	508.8493894563082	n/a	n/a	n/a	n/a	0.0	0.0	0.0	0.0	0.0	0.0	0.0	0.0	0.0	0.0	0.0	0.0	0.0	0.0	0.0	0.0	0.0	0.0	0.0	0.0	0.0	0.0	0.0	0.0	0.0	0.0	0.0	0.0	0.0	0.0	0.0	0.0	0.0	0.0	0.0	0.0	0.0	0.0	0.0	0.0	0.0	0.0	0.0	0.0	0.0	0.0	0.0	0.0	0.0	0.0	0.0	0.0	0.0	0.0	0.0	0.0	0.0	0.0	0.0	0.0	0.0	0.0	0.0	0.0	0.0	0.0	0.0	0.0	0.0	0.0	0.0	0.0	0.0	0.0	0.0	0.0	0.0	0.0	0.0	0.0	0.0	0.0	0.0	0.0	0.0	0.0	0.0	0.0	0.0	0.0	0.0	0.0	0.0	0.0	0.0	0.0	0.0	0.0	0.0	0.0	0.0	0.0	0.0	0.0	0.0	0.0	0.0	0.0	0.0	0.0	0.0	0.0	0.0	0.0	0.0	0.0	0.0	0.0	0.0	0.0	0.0	0.0	0.0	0.0	1.0	-0.0389560441089855	n/a	n/a	0.0015175733726212	-0.0651340740747628	n/a	0.0042424476055766	n/a	-0.0567902146512722	n/a	n/a	0.0032251284801375	-0.0005029997350805	n/a	n/a	2.530087334910532e-07	1.4275982129774436e-07	n/a	2.0380366576963902e-14	n/a	-0.0005669998069442	n/a	n/a	3.214887810747601e-07	0.0	0.0	0.0	0.0	0.0
532.9766659176445	-5.506648535687077	284064.1264126884	30.32317809558463	717.8755620144643	-27.79157872183509	772.3718478519572	515345.322537583	526.2601090413661	-0.3852700777580367	276949.7023682306	0.1484330328156836	570.1641288815306	492.2066075655601	1.514183	27.833754	0.0847839083640223	0.0534763328971948	-0.0807896055	-0.0240605897	0.1137732272	-0.0521848163	0.0107933145	-0.1665654215	0.0533154661	-0.1193479115	0.0499325922	-0.0033885712	0.1798580821	-0.2134027774	-0.0172413896	0.1468949426	-0.2833056109	0.2265183135	-0.256202323	0.279471616	-0.2399636774	0.1269729156	-0.1415028093	-0.1309001951	0.0325380098	-0.0412651279	0.109303189	-0.1310695325	0.062679124	-0.0670464971	0.1269278308	-0.007217748	0.059090417	-0.0997974643	0.0449943195	-0.0824498895	0.1263718755	-0.084630508	0.1134101265	-0.0813820851	0.063998371	-0.0242055161	0.0184736409	-0.1015972112	0.0293352833	-0.0155620853	0.0363849011	-0.0540703388	0.0076680611	0.1500199784	-0.0637186615	0.066385707	-0.0846820028	-0.0015799258	0.0292854667	0.0576598329	-0.0473684381	-0.1048671629	0.1259550593	-0.0451947616	-0.0183760209	0.0623285679	0.0204833699	-0.0619933426	0.0308870702	-0.0307009689	0.0997146553	-0.0482491921	0.0332723951	-0.1305057913	0.0207817062	-0.0747995673	0.2072213636	-0.2917904106	0.1106869902	-0.0410004591	0.0429044902	-0.1373737725	0.1539355957	-0.0098165865	0.2154765147	-0.0007769495	0.1205414067	-0.1082940941	0.1660485251	-0.0029717756	0.2441681963	-0.0309291637	0.0963525401	-0.1850120757	0.060090997	-0.0445897353	0.0956741728	-0.1326611502	0.1263273615	-0.2097517241	0.057888759	-0.0259605106	-0.0010253437	-0.025241713	-0.0960397362	0.0593525841	-0.0408240525	0.134688838	-0.1138902483	-0.0118238364	0.1041468524	-0.04262368	0.03059424	-0.0748861135	0.0986013938	-0.0075742782	0.0164424166	-0.037397069	0.1480371135	-0.0028388137	0.0322287401	0.0124481119	-0.1341680216	0.0473626039	-0.0663591962	0.01660679	-0.1153653721	0.1158504512	0.1158311377	0.115798951	0.0	-0.0262730917563516	0.0126829523526339	0.0001608572803791	0.0006902753504376	-0.0462956342880431	0.0188384397867196	0.0021432857541322	0.0003548868135978	-0.0077789564546293	0.0490112581966429	0.0024021034300179	6.0512163523018855e-05	-0.0004179994624326	8.500027264790003e-05	7.2250463502173434e-09	1.7472355059394258e-07	1.1824162338136548e-07	-2.451819791637888e-08	1.3981081499860676e-14	6.011420290667258e-16	-0.0005669994372295	3.697147000440021e-10	1.3668895942862645e-19	3.214883618185697e-07	1.0	0.0	0.0	0.0	0.0
532.2793372966316	-0.6973286210128435	283321.29291294137	0.486267205683674	711.5439855846154	-6.331576429848951	40.08886008701879	506294.84342163935	525.9624704934337	-0.297638547932479	276636.5203675561	0.0885887052153546	568.9812228859339	492.793465265874	1.076773	19.793283	0.1144687298413958	0.0624802452763221	-0.0983610879	-0.1058580399	-0.0655753328	-0.099161076	0.0407744912	-0.0889978888	-0.0843805241	0.0944171274	0.0331722648	-0.0106958507	-0.0183048979	-0.1002700193	0.1154120445	0.0850122319	-0.1684059547	-0.0115224127	0.0268322689	-0.0394205043	-0.0715863815	-0.0179069511	0.0173309481	0.1683756306	-0.0139538526	0.0550631363	-0.0999861988	-0.0488632723	0.2448392686	-0.0283761624	0.0211552326	-0.1235101694	-0.0181191731	0.0366539829	-0.1215259962	-0.0341058854	-0.0669812349	-0.1802181365	0.1153354543	0.0019634554	-0.1600843847	-0.0859481472	0.0652303928	-0.0707603977	-0.1264070942	0.0592791331	-0.0243546849	-0.0138440142	-0.0514198167	0.1436610083	-0.0748609002	0.0592732157	0.0179912399	0.1445376627	-0.0897634387	0.0677946286	-0.0092120669	-0.0329210282	-0.0050740368	0.0535662748	0.1030613555	-0.0104652226	0.0336790434	0.0833296203	0.0498499707	0.1827625292	0.0161893348	-0.0063397622	0.1045181316	-0.0110989254	0.0516659114	0.0873551181	0.0141726599	0.0114639392	0.0297095873	-0.122070373	0.0170214795	-0.1533589258	-0.1427260125	-0.0716504471	0.156494965	-0.0593241277	0.0703509399	-0.0604399658	-0.0964428139	-0.0727470404	0.0393921584	-0.0139507776	0.0940567702	-0.0383358003	0.0842938243	-0.1680529898	0.1691304711	0.0364605555	0.0060946489	-0.0249919384	0.0571833163	0.0939807717	-0.026852314	0.0539950322	-0.1682622463	0.0492521244	0.0015884988	0.0705864724	-0.0514140792	0.0923969702	0.0569261422	-0.0445903847	0.0874035097	-0.0167097895	-0.0592999162	0.0105946645	0.1461966374	-0.0925215969	-0.0408955183	-0.077661228	-0.0769453788	0.0121187838	-0.0215175892	0.0614132307	0.0313115401	0.0768838036	0.0854766286	0.115798951	0.1156251942	0.1153357926	0.0	-0.0123015052957526	0.013971586460599	0.0001952052282259	0.0001513270325414	-0.0898355049533847	-0.0435398706653416	0.0080704179502296	0.0018957203375546	-0.0339300633873307	-0.0261511069327014	0.0006838803938055	0.0011512492014682	3.1999999937880005e-05	0.0004499994623704	2.0249951613372105e-07	1.0239999960243204e-09	-6.414325515180508e-09	-1.24655948896546e-07	4.114357181469569e-17	1.5539105595298284e-14	-0.0004010002398938	0.0001659991973356	2.7555733516096665e-08	1.6080119239488517e-07	0.0	0.0	0.0	0.0	0.0
531.8176416942073	-0.4616956024243563	282830.0040171882	0.2131628292979893	710.851992669815	-0.6919929148003803	0.4788541941339264	505310.5554826467	525.8673574295512	-0.0951130638824224	276536.4776099394	0.0090464949211017	567.582390540608	497.5725948643923	1.027696	18.891142	0.1231550805782286	0.0776249773982847	-0.1035272906	0.0617294655	0.0087831594	0.0614752198	0.0285199817	-0.0440620255	0.1225306019	0.0361980671	0.0974524805	-0.0116872037	0.0582535859	-0.0018333235	-0.0295352536	-0.1118635744	-0.0379790805	-0.0453115013	-0.0077910365	0.0339948028	0.0885648033	-0.0371357141	-0.0137548801	0.0712017697	-0.0374140538	0.00962524	0.065955232	0.0081406006	0.0459952888	-0.0335516566	0.0549883882	-0.0154385561	0.098614952	0.0124138359	-0.1142897942	0.016350329	-0.051268578	-0.0254957899	-0.0903011714	-0.0175895018	0.0061900827	-0.0404770352	0.1513238626	0.0430843664	-0.0212793672	-0.0359357825	0.0800832562	-0.0113206465	-0.1116769117	0.0522394517	-0.088048371	-0.0206312076	0.1115784293	0.0166057598	-0.0216610841	-0.0926123757	0.0112216779	0.0417725665	-0.0315791621	-0.0673937512	-0.094511551	-0.0492520468	0.0225027296	0.0679357766	0.0701737188	-0.0054748916	-0.1005192085	-0.051217958	0.0197581111	-0.0851337688	-0.0415313099	-0.0558477062	-0.0068238249	-0.0567054551	-0.0162792539	-0.0315538438	0.1271496188	0.0416375833	-0.1327746978	-0.0155414729	-0.0663452922	-0.035698607	0.0655635737	-0.0461388463	-0.1644660851	-0.0038013526	-0.0166506667	0.0213761076	0.0130925561	-0.0825108363	0.011634792	0.1370472647	-0.0212491024	0.0077479965	-0.0769139112	0.0277600266	0.097256915	0.0563536355	-0.0097628513	-0.0381410717	-0.0740800658	0.0863997174	-0.107263908	0.0389085351	0.0415497914	-0.0055573027	0.0940446395	-0.135547468	0.0778204779	-0.068160634	-0.0521666231	-0.0369116414	-0.0120752784	-0.0271442316	0.0797623875	0.017248411	-0.0311192036	-0.0034451204	0.0116006686	-0.1071263568	-0.083566196	-0.0243148563	-0.0867497419	0.1156959735	0.1152136733	0.1144113283	0.0	-0.0038882517434473	0.0084132535523053	7.078283533537777e-05	1.5118501620420968e-05	-0.0302877850830043	0.0595477198703804	0.0009173499252342	0.0035459309417612	-0.0108408325877604	0.0230892307995703	0.0005331125789158	0.0001175236511958	-0.0005429999485624	-0.0005749999485002	3.306249407753247e-07	2.948489441387691e-07	9.068203765671968e-08	9.70963631719002e-08	8.223231953574727e-15	9.427703741209536e-15	-0.0003339997576378	6.7000482256e-05	4.489064622536571e-09	1.1155583810210916e-07	0.0	0.0	0.0	0.0	0.0
531.1623144256934	-0.6553272685139291	282133.4042660591	0.4294538288579273	709.0598006792959	-1.7921919905190862	3.211952130880764	502765.8009393629	525.739554118525	-0.1278033110262413	276402.0787647455	0.0163336863092701	567.6850384222397	493.2226365619311	0.963536	17.711742	0.065859799026172	0.0396527180890071	-0.0856335125	-0.0178750306	-0.033737056	0.0065090128	-0.1278866132	-0.0204931389	-0.0725677521	0.1112406014	-0.0643871965	-0.0347497219	-0.010025661	0.0453547448	-0.0693490735	-0.1454486563	-0.0817365895	-0.0185353084	0.0347162098	0.0661061796	0.0900579242	-0.091173427	-0.033092706	0.0020825549	0.0623217375	0.0223421801	-0.1444938309	-0.0369995031	0.0015788221	-0.0346098826	0.0426275303	0.0023346829	0.1609163039	0.0458166207	0.0555285237	0.0496976676	0.0692131163	0.1550028155	-0.1219891252	-0.1073481628	0.1003262709	-0.1356000536	-0.0202560604	0.0108938604	-0.040656217	-0.0225990441	0.0514790611	-0.1230770709	-0.1193053035	-0.0193997343	-0.0280260371	-0.0553774715	0.0682555971	-0.0697750075	-0.0340045657	0.026731919	-0.0321806763	0.066247571	0.0090414388	-0.0595496904	0.0248818418	0.064176921	0.0149239181	-0.0597725295	-0.0019286396	0.0640617977	0.0875836624	-0.0410290871	-0.0171235086	0.0195664917	0.0082819797	-0.0326866738	-0.1040856859	-0.0822798868	-0.0351175622	-0.0722237176	0.078170786	0.0322021618	-0.1724369634	-0.064005003	0.0146834981	-0.074537363	-0.0423405552	-0.0779492033	0.0337620604	0.0419833246	-0.0240647714	0.1049535291	-0.0848803454	-0.1364921542	-0.1237247358	-0.0150432967	-0.2022699414	-0.0158524987	-0.051212386	-0.0955509426	0.1417117309	-0.0317845788	0.0739565162	0.0120106803	-0.1534148787	-0.0114773836	0.0471327905	0.0185321031	-0.0561238536	0.0014051726	0.0544076347	-0.0859804654	0.0802740026	-0.0736006306	-0.0896463048	-0.0485942006	0.0471855703	0.0252758737	-0.016771764	-0.0837604368	-0.0164424345	0.024021659	0.0034372467	-0.0847096512	0.0742985723	-0.0231502011	0.0137471614	0.1155415645	0.1145973067	0.1130292557	0.0	-0.0083250592027042	-0.0044368074592569	1.968526043051767e-05	6.930661072852989e-05	-0.05923235314755	-0.0289445680645457	0.003508471659396	0.0008377880204431	-0.005663677457619	0.0051771551301413	2.680293524154941e-05	3.207724234394162e-05	-0.0002299999938339	0.0003129999547285	9.796897166004309e-08	5.289999716359404e-08	6.495067239598029e-08	-2.5731365260739397e-08	4.218589844689956e-15	6.6210315818158615e-16	-0.0005669994389886	-0.0002329996813508	5.4288851509574346e-08	3.214883638133872e-07	0.0	0.0	0.0	0.0	0.0
530.4370969766416	-0.7252174490517973	281363.513849007	0.5259403484091962	710.7440247717201	1.6842240924241878	2.836610793502079	505157.06874870346	525.1808074295886	-0.5587466889363668	275814.8804923947	0.312197862397353	566.749679558182	485.3004850613408	1.016676	18.68858	0.0620453154599907	0.0320690197263246	-0.0295795235	0.1002330288	-0.0443648515	0.0243388852	-0.0566233492	-0.0598278113	0.0602456911	-0.0975961154	0.0845665312	-0.0861367813	-0.0502104279	-0.0722954371	-0.0768241699	-0.0776104755	0.0582637735	-0.1021398023	0.0329330884	-0.0197515567	0.0942242358	-0.0942461211	0.044987908	0.0400410165	-0.0918182792	0.1496995731	0.0432579997	0.0141925596	0.0380403269	-0.1423162684	0.0032397379	0.1079328704	-0.0329417217	-0.0275115885	0.0107352148	0.0985160749	-0.0280863655	-0.08972528	0.0399926201	0.1120401235	0.0045892397	0.0053762949	-0.0363062626	0.1446872032	-0.0221853535	0.0023353622	0.1657309275	-0.2894880655	0.0376641661	-0.0518123348	0.0659101021	0.1457801006	0.0104436697	0.0217567089	0.0130766724	0.0466003148	0.1294634389	-0.0065700548	0.030134565	0.0234704594	-0.0370705369	-0.0889194215	-0.0081103949	0.1059933374	0.076725677	-0.0031972588	-0.1335296857	0.1021483456	0.1044876208	-0.0781717731	-0.0558783947	-0.0433521179	-0.1286615138	-0.0129626726	0.1380155216	0.0608882612	0.056810797	-0.055272423	-0.0802853198	0.0084788723	-0.11661945	0.0081235704	-0.1183907138	-0.0502272714	-0.0400275392	-0.018552775	-0.1417523078	-0.0206940858	-0.0229324176	0.0867983503	0.1891857028	-0.0564677067	-0.0819727459	-0.0089962625	0.0361040767	-0.1123591725	2.0971e-06	0.1653815623	0.101402623	-0.0357361172	-0.1438360505	0.1961268909	-0.0779812103	-0.0668192997	0.0795598968	0.0043258737	0.0184710491	-0.0317072261	0.0508665375	-0.1187561832	0.0087820193	-0.0632478412	0.0207072821	0.0772090955	-0.0309293745	-0.0100067905	-0.0202681569	-0.0083163565	-0.0418058911	-0.0469567671	0.0645772486	0.1483404735	0.0473988606	0.1153357926	0.1137771902	0.1111951025	0.0	-0.0039270332414673	0.0043980259612369	1.934263235571376e-05	1.5421590079589168e-05	-0.0867313930209974	-0.0274990398734474	0.0075223345353627	0.0007561971939614	0.0055083530525905	0.0111720305102094	0.000124814265721	3.034195335198308e-05	-0.0002790075070034	-4.90075131695e-05	2.401736347058716e-09	7.78451889642523e-08	-5.2459664728443656e-05	-5.252461540083964e-05	2.752016423420715e-09	2.75883522300612e-09	-0.000289007185257	0.0002779922537316	7.72796931347743e-08	8.352515313017393e-08	0.0	0.0	0.0	0.0	0.0
530.8225897480943	0.3854927714527321	281772.6217868736	0.1486046768423083	707.549040038693	-3.194984733027127	10.207927444276422	500625.6440596759	525.3429636574962	0.1621562279075306	275985.22946444136	0.026294642249199	566.9192549468144	486.5624071020373	1.099504	20.211126	0.0620061303149754	0.033616366348166	-0.0163906352	-0.0509698248	0.1125047671	0.1240175648	-0.0393272719	0.1361687179	0.0450708476	0.0331875353	-0.0017696967	0.0313155401	-0.0787561755	0.041595801	-0.0609467256	0.1071729717	-0.0783300679	-0.0821074618	-0.0306697094	-0.0506879791	-0.0438336488	-0.0189432648	0.0515058409	-0.0892897647	-0.0162274928	0.0261186783	-0.1337482861	0.0800788229	-0.1214267625	-0.0373998576	0.0872419675	-0.0646484273	0.1044054803	-0.1534382089	0.0771057268	-0.0915926643	0.0772267216	-0.1257462626	-0.0938598431	0.0328291379	-0.0945021927	0.0198979902	-0.0934332258	0.0082682532	0.0417194987	0.0517262007	-0.1090653786	-0.0463287664	0.0684440673	0.0869469414	0.1811557276	0.0122374721	-0.0530596562	0.0124152902	-0.0414806852	0.0143138936	-0.0199464431	-0.1080357774	0.0136502124	0.0275473296	0.012238452	-0.1063841373	-0.1753847477	-0.013097839	-0.091210933	-0.0891192888	-0.0668305715	-0.0615628197	0.0553699605	-0.0124068779	0.1526804753	-0.0041823704	-0.1121997756	0.056627773	-0.0189556683	0.1102953966	0.0938159308	-0.0562284384	-0.0479226439	0.0197552898	0.0698438997	0.0209081669	0.1015136528	0.0206499377	0.0355212012	0.0160194499	-0.0463489357	0.0206525361	-0.118148375	-0.0205069683	0.0485649617	-0.1132860221	-0.0084219427	-0.1021658056	0.1343802082	0.0369133365	-0.1479590991	-0.0447725914	-0.1849137311	0.0835361646	-0.055771657	0.0043682188	-0.0339564626	0.0528550763	0.0513760968	-0.0758299652	0.1155583311	-0.10215825	-0.0263520869	-0.0096898353	-0.0530193125	-0.0094595968	0.0886760866	-0.079616039	0.0294136185	-0.0605508222	0.1177587931	-0.0637283096	-0.0008850262	0.0470170513	0.0062026037	-0.1277211705	-0.0105887865	0.1150787493	0.1127547821	0.1089162049	0.0	-0.0060533615317694	-0.0021263282903021	4.521271998139053e-06	3.664318583430558e-05	-0.0676915574536423	0.0190398355673551	0.0045821469504997	0.0003625153384319	-0.0207076762301312	-0.0262160292827217	0.0006872801913525	0.0004288078548519	-0.000105999999095	0.0001730075079084	2.9931597792675085e-08	1.123599980814e-08	1.886819078755764e-08	5.247853291923121e-05	3.5600862359567503e-16	2.753996417354834e-09	-0.0003559998879213	-6.69927026643e-05	4.488022210267307e-09	1.2673592019997816e-07	0.0	0.0	0.0	0.0	0.0
532.3066605358146	1.4840707877202703	283350.38085079094	2.202466102964664	710.7280904908494	3.179050452156389	10.10636177735574	505134.4186127689	526.4907324153221	1.1477687578259292	277192.4913192223	1.3173731214412767	567.6462936232255	488.4007886323371	1.129668	20.765589	0.1221212007939508	0.0774221074564263	-0.0639362069	0.0779144582	0.1745452149	-0.017387673	-0.0054143177	-0.0781762462	0.061997573	0.0305153162	-0.0449331002	0.1312308934	-0.0370041494	-0.0674848907	-0.0574452576	-0.0399391858	0.1242754712	-0.0307968532	-0.1403484712	-0.063155428	0.0326360479	-0.031517736	0.1205178026	-0.0404235202	0.1456949689	0.0311890656	0.0588061706	-0.0373045027	0.0353346236	0.0954756618	-0.0407678956	-0.0338562077	-0.0765960987	0.0549911423	-0.0806446457	-0.0855490991	0.0887312954	-0.193235211	-0.0164421859	-0.0959832899	0.0574007674	-0.117790484	-0.0718683968	0.0843087609	0.0321085639	0.100910879	0.0386550559	0.0819885575	-0.0625216866	0.1029186907	0.0408777102	-0.0016940179	0.0402198421	-0.0519031199	0.0781408107	-0.1037165996	-0.0383736558	0.0642804692	0.0158721279	-0.1021044312	0.0858985711	-0.0897351418	0.0196637716	-0.0235697205	0.11327926	-0.0960179178	0.0462401749	-0.0553379284	0.0924825994	-0.0512323791	-0.1105066261	0.0530650336	-0.1117880997	0.0063482898	-0.0055037943	-0.0092231722	-0.015423076	-0.0567920757	0.0063997919	0.1453739509	-0.0352956945	0.0455062958	0.0269241813	0.10315543	-0.1419371685	0.0063544906	0.0004729757	0.0532325217	0.023133555	-0.1176433841	0.0730667325	-0.121562504	-0.0445565224	0.1038520938	-0.0263425082	0.017013156	-0.0581087161	0.1310416444	-0.0579991326	-0.1075184378	-0.0365276712	0.0879290779	-0.1144353145	0.0570502064	-0.0822834533	-0.043297584	-0.0249188498	-0.1566734722	0.0934409399	-0.1114989779	0.0808563758	-0.0174872543	0.020159195	-0.0154581235	-0.1032872823	0.0134272896	-0.1021408682	-0.0156893011	0.0043326086	-0.1496224686	0.0511652641	0.1008609421	-0.0795709823	0.1147705489	0.1115319001	0.1062016776	0.0	-0.0038490496932865	0.0022043118384829	4.858990681275864e-06	1.48151835413889e-05	-0.0080910337811701	0.0596005236724722	6.546482764803573e-05	0.0035522224220329	0.0076064435018992	0.0283141197320304	0.0008016893761997	5.785798274758457e-05	-0.0006029994252709	-0.0004969994261759	2.47008429619174e-07	3.636083068770357e-07	6.426549359339617e-08	4.5397302805838535e-08	4.130053666802845e-15	2.0609151020449957e-15	-0.0002129998003807	0.0001430000875406	2.044902503661926e-08	4.5368914962218046e-08	0.0	0.0	0.0	0.0	0.0
532.1394582341552	-0.1672023016593584	283172.4030097402	0.0279566096801871	709.6577158403231	-1.0703746505262188	1.1457018924891251	503614.0736517048	526.3819339962824	-0.1087984190396582	277077.94043766666	0.011837095985529	568.4139320851882	495.29575007516206	1.187873	21.835526	0.1332091847226832	0.0880869401346239	-0.1048211495	-0.1357588511	-0.020369251	-0.0259185917	-0.0679629001	0.0196487707	-0.0923602829	0.138761405	0.0377160078	0.0414458647	0.0080197117	-0.0089544544	0.0432573491	-0.0723908193	-0.0886886779	-0.0268703472	0.1688101257	0.016695213	-0.0646737893	-0.1050484293	0.0935307313	0.0611298731	0.007299016	-0.043865652	-0.0351736754	-0.0540318545	0.0704562481	0.1035873079	-0.0239020401	-6.69117e-05	0.1225619335	-0.0383786015	-0.0193457593	0.1076205883	0.1361412832	-0.0864866839	0.106501943	-0.0066765902	0.0952431209	0.0116306279	0.0806117431	-0.0435484041	0.0063445134	0.0870396358	0.0594493793	0.0925528291	0.0218879676	0.0388458729	0.0338582889	-0.060046394	0.1220309381	-0.0166102232	-0.0610027945	0.0292884067	-0.1372649987	-0.2431516545	-0.0451656336	-0.1057088731	0.01053932	0.1391552204	-0.063839886	0.0399490329	-0.0421287673	0.1199888024	0.0642068161	-0.0721746946	0.0264157588	-0.0339611826	0.0369905541	0.0461537946	-0.0725702951	-0.11697754	-0.0891110189	-0.0266719483	-0.0069028061	-0.0301944895	-0.0129130367	-0.152932871	-0.0190218009	-0.0804790003	-0.0395748875	-0.0273042471	-0.054906091	-0.0670041765	-0.0240606563	-0.0697750711	-0.0347086009	-0.0054184292	0.0571433916	-0.1339397482	-0.0422618195	-0.0096342026	0.0461599856	0.0356159068	0.1150473532	0.05586063	-0.2203403462	0.0979398873	-0.1300931883	-0.0429559689	-0.0265086177	0.016720368	-0.0602772547	0.04020214	0.110105355	-0.063932378	-0.0572405837	0.0384866993	-0.0177684898	0.0119407549	0.0334861787	0.0927451553	-0.0305238583	-0.0777955982	0.0002865742	0.0419913881	0.0619115152	0.0068202277	0.07948043	-0.0750842786	0.0374667586	0.1144113283	0.1101107184	0.103062378	0.0	-0.000454550336002	0.0033944993572845	1.1522625886604884e-05	2.066160079595311e-07	-0.0839643301306978	-0.0758732963495277	0.0070500087342968	0.0057567570989432	-0.0074367079913315	-0.0150431514932307	0.0002262964068482	5.53046257483338e-05	-0.0001489647794556	0.0004540346458152	2.061474596006249e-07	2.2190505518255545e-08	0.0003090171403337	0.0003089528748401	9.549159302001762e-08	9.545187887196657e-08	-0.0002279770301781	-1.4977229797400024e-05	2.243174124041272e-10	5.1973526288826324e-08	0.0	0.0	0.0	0.0	0.0
532.5628061812349	0.4233479470797192	283623.1425276316	0.1792234842966127	712.8953547164231	3.237638876099936	10.482305492033658	508219.78677625465	526.1141234555859	-0.2678105406965869	276796.07089943945	0.0717224857081982	568.8712131652445	496.6313989832466	1.294743	23.800003	0.1763279252268689	0.1001692603267245	-0.0887995037	0.2003845168	-0.0694208159	-0.0504547427	0.0007473013	-0.1633713978	0.1116413402	-0.0271303494	0.0231666722	-0.0570463341	0.0576852607	0.0190336737	0.0925921452	-0.0795972418	0.0120143471	0.0003211441	0.0597108226	-0.1392820017	0.2337740931	-0.0266021997	-0.0811925514	0.140356653	0.0134400153	0.0926861306	0.0532496752	0.1233572674	0.0265045412	-0.0271921233	-0.0254333862	0.0181845574	0.1471536963	-0.0061112183	-0.0802808027	0.0935412894	0.1446613681	0.0107715533	-0.1783282615	-0.1188927067	0.1007436166	-0.0119642959	-0.0138456406	0.1494774018	0.033573169	-0.1522931235	0.007315593	0.0172605387	-0.0966574529	-0.153456305	-0.1077586093	-0.0969711592	0.13309014	-0.1280581718	-0.0281122553	0.0886560257	0.1148720812	0.0321803356	-0.0893700365	0.0445462816	0.2184164588	-0.0783365694	0.0783721049	-0.0135072401	0.2075936426	0.0259241871	-0.1073718238	0.0483249835	-0.0955221142	-0.0450886289	-0.0375070568	0.0062863315	-0.0384838886	-0.0050681167	0.0313774992	-0.0645140014	0.152029901	-0.0363685054	-0.060308871	-0.0364318183	-0.1051338426	0.0796361126	0.0305870891	-0.017475	-0.2267526216	0.0087369867	-0.0129711841	-0.1146064217	-0.0407976529	-0.1340081074	-0.0286745613	0.068256652	-0.0694050468	0.1125413683	0.0608548925	0.0824331714	-0.0479700207	0.0709956966	0.2039136436	-0.1828117345	-0.0966453885	0.1004480818	-0.0621550794	-0.0818835857	0.0337040691	0.0481832821	0.0285890344	-0.087303769	0.0744123039	-0.0882805882	-0.0986056526	-0.0397249216	-0.0807625822	0.000412189	-0.0548041817	0.0696235244	-0.0693260668	0.0742246937	0.047217203	-0.1485617112	0.0121107737	0.1192741176	0.1325631287	0.1140012473	0.1084937639	0.0995108621	0.0	0.003896667435697	0.004351217771699	1.893309609674921e-05	1.5184017104421434e-05	-0.0120465432411833	0.0719177868895145	0.0001451192040616	0.0051721680710856	0.0480720906334397	0.0555087986247712	0.0030812267247654	0.0023109258978696	-0.000448001043669	-0.0002990362642134	8.942268731470638e-08	2.007049351285133e-07	-8.999214873073313e-05	-0.0003990092890644	8.098586833174394e-09	1.5920841275970434e-07	-3.5020144638249e-05	0.0001929568855398	3.7232359677239175e-08	1.2264105304838804e-09	0.0	0.0	0.0	0.0	0.0
531.1049982173586	-1.4578079638763484	282072.51913146046	2.1252040595413044	707.9078634123489	-4.987491304074183	24.8750695082156	501133.5430810368	526.1423742376222	0.0282507820363662	276825.7979684021	0.0007981066856662	567.2356124803036	484.93601928891536	1.333265	24.50812	0.232356337437786	0.1355882213837272	-0.0097693634	-0.0648203359	0.0919452001	0.1087563872	0.0295404206	0.1540225584	0.1199347407	0.0182203773	-0.0022290118	-0.0196091938	-0.0161474855	0.0376459434	-0.1834278328	0.0085890423	-0.1585443273	0.1108156252	0.0089751085	0.0004920029	0.0490682218	-0.0401763548	-0.0811374174	-0.1117506577	-0.0412140255	-0.1359214838	0.0351737161	0.0581686541	-0.0413330113	0.0452819263	0.1623697336	-0.0090845247	0.0775468408	-0.004018461	-0.008683244	0.083165516	-0.1613820394	-0.0134939683	0.0727554375	-0.0175993181	-0.0982051482	0.1580604603	-0.0418477653	-0.0376954626	-0.0291964364	0.0452179084	0.007167041	-0.0511595432	-0.0807703658	-0.0556553385	0.1409423003	0.0159729857	-0.0489356151	0.0319889915	-0.1224624075	0.0715328102	-0.0782516385	-0.0849636319	0.1863403269	0.0589211756	-0.0353236427	-0.0235282933	0.0464447889	-0.118841304	-0.0912648658	-0.0990618663	-0.065711704	-0.1222298689	0.0597781589	0.0495643344	0.1097809243	-0.1687914389	0.0212814558	-0.0601351172	0.0217867319	0.0144105863	0.0398890842	0.0396958533	-0.0022181323	-0.1031197897	0.1573344552	0.0476379375	0.0079854673	0.0040995866	-0.0622600562	-0.0516699252	0.0264944712	0.0474720056	-0.0820939989	0.1363253702	0.1962580838	0.023494624	-0.0658986398	0.009769014	0.0101126239	-0.0582551528	-0.0105998854	-0.0872386093	-0.0265612948	0.1215990606	-0.0966385557	-0.0268215004	-0.064162073	-0.085964782	-0.0127043257	-0.1525651613	0.1669608021	-0.0522789304	-0.1058163339	0.0330180088	0.0526607644	-0.0012076903	0.0360115139	0.0197564192	0.0035474484	-0.0465405091	0.12390407	-0.0547965895	-0.0067294715	0.1506680614	-0.0217260246	-0.0972393619	-0.000943133	0.1135404882	0.1066839114	0.0955613349	0.0	0.001034850860563	-0.002861816575134	8.189994109711697e-06	1.0709163036079816e-06	-0.1098149700537476	-0.0977684268125643	0.0120593276479054	0.0095586652814037	-0.0276530370581582	-0.0757251276915979	0.0057342949639088	0.0007646904585398	-1.895205405588792e-05	0.0004290489896131	1.8408303548803237e-07	3.591803529372978e-10	0.0003910021534641	0.0004809943021948	1.528826840135636e-07	2.3135551874389445e-07	-0.0002449961800001	-0.0002099760353618	4.40899354262813e-08	6.00231282146414e-08	0.0	0.0	0.0	0.0	0.0
532.5189088233383	1.4139106059797086	283576.3882543989	1.9991432017019068	711.3332486796131	3.4253852672642324	11.733264229190857	505994.99067709234	526.263407888588	0.1210336509657281	276953.1744825103	0.0146491446660937	568.6873642436457	493.04226238887424	1.193959	21.947384	0.164810945577038	0.1019841591509954	-0.0781906499	0.0291357996	0.0627700873	-0.0353942924	0.0111390391	-0.0803198067	0.0274767986	0.1011356131	-0.1270561226	0.0596807086	0.0347631725	0.0202934425	-0.0830772713	-0.1296675082	0.1215512475	-0.0261786628	-0.0900127056	-0.016958644	0.0074595274	-0.0751645045	-0.0842416549	0.0026248482	0.1064130994	0.0159733026	-0.0466481451	-0.0426978603	-0.1660655411	-0.0788087736	0.0887726165	0.0341935572	-0.1069225692	0.1377643665	-0.0745171294	-0.0777935052	-0.0510194567	-0.0450209804	-0.1181430407	0.076332453	0.0943536284	-0.0614517239	0.0059964357	0.098498303	0.0177277737	-0.0291322315	0.0405479695	0.0135080135	-0.0006192705	-0.0146403219	0.080526206	0.1463161358	-0.0157743814	-0.0465605023	0.0770742953	0.104058666	-0.0395633551	-0.0626773114	-0.0974925519	0.0272206385	-0.0381099438	0.1426835418	0.0586515529	0.0046620451	0.1024062782	0.0083395627	0.0830337333	-0.085726595	-0.0469520414	0.0867324391	-0.132595692	0.0195458499	-0.026610637	0.0552262268	-0.0819238615	0.1166974737	0.1593597869	0.0479069676	-0.0627158759	0.1230149906	-0.0442185498	-0.037996967	-0.0477179523	-0.0816459774	0.0598307987	0.0250261014	-0.0983632057	-0.0245081195	0.0978266567	-0.0301041282	0.0476303415	0.033971458	-0.0223463139	0.051624303	0.0383934707	-0.0217508261	0.0143653033	0.0046209703	-0.0991663608	-0.0997641726	-0.0621971104	0.0021114407	-0.0091504544	-0.0168001076	-0.1042090117	-0.049547965	-0.0890115822	-0.1328152552	0.0923317292	-0.0306076164	-0.0954151001	0.0100007545	-0.1028068666	-0.0167043363	-0.0516927542	0.0416145866	-0.049969116	0.0957827332	0.0681551321	0.0761801726	0.0954717197	0.0033631221	-0.0398667335	0.1130292557	0.1046843788	0.0912295932	0.0	0.0074423953564348	0.0064075444958718	4.105662646657701e-05	5.538924864148228e-05	-0.0227577836028274	0.0870571864509202	0.0005179167145131	0.0075789537127502	0.0092401790053173	0.0368932160634754	0.0013611093915062	8.53809080503066e-05	-0.0003339933464874	-0.0003150412924315	9.92510159369175e-08	1.1155155549785245e-07	0.000193011812402	-0.0001979903410621	3.725355972670484e-08	3.920017515388668e-08	-6.89678421582999e-05	0.0001760283378418	3.0985975723346906e-08	4.7565632519721696e-09	0.0	0.0	0.0	0.0	0.0
531.7492405724707	-0.7696682508675394	282757.2548493994	0.5923892163934976	709.5098630119772	-1.8233856676358755	3.3247352929399274	503404.24571127474	526.3123101778557	0.0489022892677439	277004.64784475137	0.0023914338956261	567.9199847921379	486.9679990049861	1.086018	19.963217	0.1050675933597147	0.0590471827145616	-0.0311002788	-0.1231598209	0.0145322035	-0.0263845462	-0.0080883178	-0.0109611312	-0.1210716124	0.0182774276	0.0603049728	-0.0167532417	0.0223346892	0.0683438629	-0.0207524385	0.0806701488	-0.0535465828	-0.0697092047	-0.048126568	-0.0696419548	0.1004242663	0.0650268998	0.0388774479	-0.0038816629	-0.0183820721	-0.0747081357	-0.0831589417	-0.0855871866	0.1050939241	-0.0794710974	0.0448459055	0.073189843	-0.0219721112	-0.0733895298	0.0094193799	0.027510065	0.1722258718	0.1121393172	0.0639644911	-0.0415382292	-0.1039920571	-0.038716403	-0.1285109351	-0.0401714689	-0.0721480818	-0.0553729615	0.1486392855	0.0485378306	-0.0825359478	0.0179037049	0.1465290488	0.0771251515	-0.0413281105	-0.0061886218	-0.0499018128	-0.0748882313	-0.001668966	0.0928464147	-0.0004750847	-0.0336104145	-0.0394213191	-0.1568030449	0.0473630189	-0.1077967201	-0.0397922661	0.0855473855	0.0976923517	0.0058812748	0.0352299453	-0.0236988107	0.1201295243	-0.1124931069	0.051764063	0.022854749	0.0876458034	-0.0347711193	0.0191286761	-0.1392164629	0.0775762292	-0.0250279794	-0.1137741098	0.0850617288	-0.0371258087	0.0071577562	0.0069639033	0.1223471021	0.0269873921	-0.0126448496	-0.0360015831	0.036567641	-0.0582454387	-0.0606225922	0.0067348594	0.0980306524	-0.0217428362	0.0794075737	0.0475219596	0.0384074283	0.0631717545	0.0705369575	-0.0890858997	-0.0363333095	0.0076767211	0.0089879818	-0.1382230924	-0.0098958251	0.0282059544	0.0051572222	-0.0259619883	-0.0397062059	0.0547696991	-0.0487705841	-0.058732521	0.0590343034	-0.0026584327	-0.0726555441	0.0224476049	-0.1359085179	-0.1184327041	0.1180458897	0.0044149789	-0.07694934	0.0752175073	0.1124677771	0.1024987213	0.0865329627	0.0	-0.005752436365114	-0.0131948317215488	0.0001741035841599	3.3090524134685974e-05	-0.0678497422730544	-0.045091958670227	0.0046035875265199	0.0020332847367174	-0.0208917128340573	-0.0301318918393746	0.0009079309058197	0.0004364636651407	-0.0001399984560887	0.0001939948903987	3.763401750080363e-08	1.9599567707219665e-08	8.800245716167332e-05	-0.0001050093552403	7.744432466492148e-09	1.102696468798912e-08	-3.4993865226039485e-05	3.397397693226042e-05	1.154231108593763e-09	1.2245706034582155e-09	0.0	0.0	0.0	0.0	0.0
532.171967350788	0.4227267783172692	283207.0028340082	0.1786979291064976	709.7379836112158	0.2281205992385366	0.052039007796949	503728.0053805144	527.0731562280947	0.7608460502390244	277806.11201624555	0.5788867121643241	568.8261199284385	491.5897200015744	1.063901	19.556654	0.0754222900855816	0.0380502034472057	-0.0535826657	0.0236563748	-0.120992113	-0.0435695896	-0.0445834987	-0.0541347561	-0.0733670705	0.0913104902	0.0540485311	0.0238087463	-0.1057745358	0.0656090403	0.0252922213	-0.1091128972	0.147170877	-0.1123963498	-0.0301379631	0.1193676859	-0.0502134022	0.0328230037	-0.0082242307	0.155478464	0.0202916658	-0.012972657	-0.0002959559	-0.1231389088	-0.0693117721	-0.0825646194	-0.1144566385	-0.1929102996	0.0595858257	0.0758384595	-0.0649651617	-0.0776963766	-0.0343724241	0.1046236046	-0.0085398447	-0.0170983564	-0.08161499	-0.0741329952	0.0953838458	-0.0345990023	-0.086425823	0.0398575894	0.0140126531	0.0197292427	0.0266826327	0.068183936	0.1004875504	-0.1014804538	-0.0347077224	-0.0488615051	0.0254835225	0.1374381247	-0.0833018089	-0.0956057872	-0.0093170286	0.0802201189	0.0308805487	-0.0040351072	-0.0697155029	-0.0671265946	0.053953192	0.1398993316	-0.0077742195	0.0141897335	-0.04940988	-0.0322472434	-0.0362980273	-0.0147775792	0.0548718955	0.1451795975	-0.0872208852	0.0093329387	-0.0971221649	-0.0074549309	-0.1991676912	0.1791584883	0.0673075703	-0.0470974947	-0.0433074734	-0.0256317426	0.0318781067	-0.0567621178	0.000801067	0.0599421398	-0.0517462727	0.0388285477	-0.0409275253	-0.0219390507	-0.0262702036	-0.0977817636	-0.0730012029	-0.0087341715	0.0518639939	-0.11736322	-0.0970168985	-0.0487065953	-0.1006142299	0.0492528262	0.0544724464	0.0612807738	0.0503456952	0.0974048532	-0.1211546434	-0.0256878422	0.014293765	0.0433179561	-0.1263776588	-0.0561586814	-0.0226400097	-0.1532396394	0.0274852299	-0.0215250896	-0.0614076789	-0.019234783	0.0271566495	0.0252976561	0.0219336953	-0.1052156277	-0.0903124198	0.1118563022	0.1001308247	0.0814902283	0.0	-0.0134944158522785	-0.0077419794871645	5.99382463796759e-05	0.0001820992591942	-0.0365543136393426	0.0312954286337118	0.0013362178456434	0.0009794038533677	-0.0079065554578363	0.012985157376221	0.0001686143120852	6.251361920784097e-05	-0.0002519733325355	-0.0001119748764468	1.253837295527613e-08	6.349056030904566e-08	0.0001760380292801	8.803557211842667e-05	3.0989387752821345e-08	7.750261958218703e-09	-0.0003029779084305	-0.0002679840432044	7.181544741221015e-08	9.179561299692045e-08	0.0	0.0	0.0	0.0	0.0
530.6318146323704	-1.5401527184176302	281570.12270004227	2.3720703960492164	710.508699093723	0.7707154825071711	0.5940023549762616	504822.61148785456	526.521558703089	-0.5515975250057181	277224.9517791304	0.3042598295924338	567.9634040774538	481.16065505380806	1.10435	20.300205	0.0327358836477708	0.0189960236481293	0.0438414629	0.0538995372	-0.1092853323	0.1052973392	0.0221375237	0.0769653213	0.0310132078	-0.0601469861	0.1054479869	-0.0939864262	0.1061117807	0.1183013319	-0.0473624616	0.0389751271	-0.0210834753	0.1332786362	-0.0183274233	-0.057276906	0.0187394289	0.032592564	-0.0073140322	0.0267534099	-0.0194539058	0.0196659456	0.0562783412	0.1161005478	0.0315903191	-0.0654221972	-0.0861662546	0.0894249404	0.0098687551	-0.0940825946	-0.0918264366	-0.0018184813	0.0018943397	0.0775088384	0.2011447142	0.0602231376	0.0921116803	-0.0332799911	-0.0702134337	-0.0681314322	-0.0014789676	0.0457167324	-0.1106296173	-0.1619556942	-0.0543438009	-0.1568338529	-0.0525719984	0.0081821729	0.0530722422	0.1213229752	0.0447005423	-0.0507090586	0.0683971587	-0.0711199269	0.0230645464	-0.0284388592	-0.0842726761	0.19573102	0.0119723493	-0.0331746576	-0.0438818342	-0.0179980706	-0.1407816845	0.0520255701	-0.123472039	-0.0198386261	0.0582131113	-0.0778535484	0.0440477522	-0.0325922377	0.1032880096	-0.0529366939	0.028464144	0.0376245971	0.0232025378	0.0227338953	-0.1587194812	-0.0545144096	-0.0602066038	0.0366474572	0.1449931425	-0.0256243362	-0.0114527147	-0.0602365431	-0.0193468667	0.0543198414	-0.0293547139	-0.0757688277	-0.0015201525	0.0708527772	-0.0599072443	-0.0920711152	0.0970960562	0.0822930915	0.0452719709	0.0526360346	-0.0317645386	0.005726766	0.0712972982	-0.0208703817	0.1186090338	0.0066060076	0.1310858126	0.0186678238	-0.0017109562	-0.0763347814	0.0575341657	-0.0458336447	-0.0586723711	0.0483912279	0.0422967628	-0.0004063996	-0.0737987892	-0.0197068686	-0.031599275	0.1888794102	-0.0621879943	-0.0090435065	-0.0204986015	0.1111951025	0.0975848992	0.0761215592	0.0	-0.0116264383174637	0.0018679775348148	3.489340070572777e-06	0.0001351740679497	-0.0503308962261854	-0.0137765825868427	0.002533199114931	0.0001897942277721	-0.0079450212972886	-3.8465839452300754e-05	1.479620804770177e-09	6.312336341436942e-05	-0.0002810127588073	-2.9039426271799997e-05	8.432882781953077e-10	7.896817061248978e-08	-6.894800513301824e-05	-0.0002449860344131	4.75382741182271e-09	6.001815705746555e-08	-0.0003700096014788	-6.703169304830001e-05	4.493247872921512e-09	1.369071051865004e-07	0.0	0.0	0.0	0.0	0.0
531.1896796651483	0.5578650327779542	282162.4757827629	0.3112133947963479	711.1137995241422	0.6051004304192702	0.366146530893586	505682.8358736619	526.8608715782867	0.3393128751977201	277582.3780002319	0.1151332272749436	568.2539316029998	478.0061389536686	1.007385	18.517784	0.076144678715448	0.04121234808516	0.0884519439	0.0165203365	0.0140617565	0.0854097317	0.0272220657	0.0295072702	0.0610789967	-0.0101971333	-0.067373407	-0.003631128	0.1141207035	-0.0983887842	-0.0915765489	-0.0697885768	-0.0040390465	-0.099596756	-0.0825695883	-0.1402764264	-0.1870041838	0.0928367663	0.0722539771	0.02048212	-0.0025633037	-0.0416700139	0.055826029	-0.0110080559	-0.0964942234	0.1053513605	-0.1531371031	0.1225017886	0.1016732675	0.0188716395	0.1141234879	0.1035413265	-0.0912710732	-0.0097971389	0.056853042	-0.0679479986	-0.0737085182	0.0281764033	0.0838756031	-0.0547541961	0.114442564	0.0622554989	0.0802778649	0.0198608026	-0.0936436003	-0.0455098441	0.0870299027	0.0025252933	-0.0282180158	0.0711107364	0.1316267652	-0.1899574726	-0.1177217677	0.0728220206	-0.0084591281	0.112349685	-0.0976695101	0.0929770147	0.0667919639	-0.1098965247	-0.0432248586	-0.0447617844	-0.0268393999	-0.020030571	-0.0920597844	0.0509802822	-0.1602998806	-0.0447112856	-0.1170485335	0.0325699819	-0.0802167554	-0.028117122	-0.124733684	-0.1217251946	0.0809803088	-0.1295093242	0.0671710905	-0.0660387731	0.0856195674	0.0670144817	0.023147888	0.0348076445	0.0857170906	-0.0115020572	-0.1153750885	0.1019730783	0.0181692868	0.1492392922	0.1470740662	-0.0672229795	-0.0777552465	0.0879718706	0.0078238962	0.0488033613	0.0130670991	0.0284617651	-0.0037372516	0.0726130895	0.0888084299	0.008607923	0.0492616386	-0.099635746	-0.1272762232	-0.0269515553	-0.0401300545	0.1026511181	-0.0303143903	0.0358260578	-0.070121604	-0.0138859427	-0.0075780257	-0.0881438358	0.1300789781	-0.0717406431	0.0070422068	-0.0249370937	-0.0026417172	0.0607173197	-0.0094580682	0.1104844722	0.0948654713	0.0704484286	0.0	-0.0055818070749467	0.006044631242517	3.6537566858012616e-05	3.1156570221925035e-05	-0.0786018725002151	-0.0282709762740296	0.00617825436054	0.0007992480994867	-0.025724772034863	-0.0177797507375744	0.0003161195362902	0.0006617638962456	-4.7970581396579145e-05	0.0002330421774107	5.43086564523299e-08	2.301176679525825e-09	0.0001460094317606	0.0002149574368936	2.1318754163053305e-08	4.6206699675873865e-08	-0.000402996396401	-3.298679492219999e-05	1.088128639239279e-09	1.6240609551219196e-07	0.0	0.0	0.0	0.0	0.0
530.7438334686229	-0.4458461965253946	281689.01676496933	0.1987788309561607	709.3530556833867	-1.760743840755481	3.1002188727583624	503181.757607358	526.3495342512073	-0.5113373270794455	277043.8322064628	0.2614658620647518	567.4916274763498	474.1019762810559	0.969353	17.818676	0.1037909977368806	0.0766570327191147	0.0790517596	-0.0801748732	0.0689477909	-0.0155669733	-0.0076598869	0.044806054	-0.0727902518	-0.0632640564	0.039339443	0.0863281677	-0.0308445067	0.0238008772	0.0049461738	-0.0230387248	-0.0103252499	0.0832032148	-0.0044919063	0.0597096574	-0.140509765	-0.0417601423	0.0075288854	-0.1310370616	0.0370122951	-0.064557438	-0.0204197663	-0.067006727	-0.0465439162	-0.0528501605	0.0206322273	0.0912582186	-0.0592673669	-0.0530866868	-0.0501565887	-0.0263611221	-0.0163550415	-0.0050714013	0.1816153786	0.0556169152	0.074623171	-0.1068216079	0.0507054635	0.1311547622	-0.0105261476	0.1009031152	-0.0399380774	0.0717211694	0.0438415321	-0.071837197	0.0022844318	-0.029935384	-0.1774868009	-0.2026529587	-0.0291727725	0.0824422672	0.0747622539	0.0402384766	0.1025825311	0.1344669612	0.0415470055	0.0381067284	0.0052525066	-0.0334908379	-0.0828270048	-0.0726347343	0.1055056205	-0.0018456908	-0.0141838546	-0.0713609743	0.0381510593	-0.012226052	0.0652012939	0.0176604591	0.0088162248	0.0772665924	-0.0452970844	0.0477126817	0.0958535105	0.0692044938	-0.0564224651	-0.0977054719	-0.1860624779	0.127898885	0.0883243045	0.0499809945	0.1280916184	-0.0654488894	0.0207344559	0.0490301842	0.076152555	-0.0609551826	-0.0119027489	0.0085397282	-0.093980879	-0.0120900204	0.044470276	0.0017430733	-0.0700653384	0.0307922715	0.0777124684	-0.0087356825	0.0113359169	0.116949779	-0.0556416444	0.0252238617	0.0217215739	-0.0358524331	-0.0982943511	0.0269247673	0.0944767098	-0.0108531669	-0.0945799732	0.0256485075	0.0837766643	0.0190820299	-0.03602506	0.0506767359	0.0157879763	0.1685699754	-0.0216948822	0.012441952	-0.1749943459	0.1097247271	0.091977376	0.064493527	0.0	-0.0056766482621668	-9.484118722009968e-05	8.994850793318001e-09	3.222433549236135e-05	-0.0100641225926523	0.0685377499075628	0.0001012865635599	0.0046974231623916	-0.0258599042674347	-0.0001351322325716	1.8260720279811376e-08	0.0006687346487208	-0.0003980213061016	-0.000350050724705	1.2253550986651028e-07	1.5842096011082357e-07	-0.0001299346402363	-0.0002759440719968	1.6883010733336707e-08	7.61451308702303e-08	-0.0003285257049124	7.447069148859998e-05	5.545883890790237e-09	1.0792913878818935e-07	0.0	0.0	0.0	0.0	0.0
531.5426946066668	0.7988611380438897	282537.6361897163	0.6381791178767786	710.0219848989203	0.6689292155335806	0.4474662953943716	504131.2190398026	526.4688132116399	0.1192789604326662	277169.4112844726	0.0142274704018975	568.2186306342813	477.277049236648	1.041146	19.138388	0.0801471345240173	0.0396859493918958	0.0502392775	-0.0774741377	-0.0292278308	-0.1546449387	-0.0074812719	-0.04568536	-0.1328053175	-0.0093575394	-0.1448103707	-0.0943516657	0.0160511411	0.0382893751	-0.0528632875	0.0129805989	-0.0249180784	-0.0614843704	-0.029090193	-0.0722093017	-0.0262220093	-0.1381310152	-0.0123338578	0.0604157592	0.0153697343	-0.0047549191	-0.1086226642	-0.0366276545	0.004241195	0.0542892819	0.0263295047	0.1096318491	-0.0151811378	0.1131365583	-0.086227744	-0.0113843189	-0.1490463863	0.1898167429	0.0608444361	-0.0007152087	0.0010642835	-0.0229532079	-0.033152025	-0.0922345354	0.1945049107	-0.1927289232	0.0498472739	0.1226496125	0.0532130943	0.0186057785	0.0049762712	0.0056594208	0.1498515533	0.1921852725	0.0600087728	0.0606056986	0.0373485316	0.0542102918	0.0043078599	0.0279831558	-0.0152476329	-0.010346918	-0.0725336974	-0.0723345791	-0.0019506172	0.0865415302	0.1018773892	0.064909787	-0.0535467567	0.1687086786	-8.58614e-05	-0.0242015448	-0.0319132924	0.123836458	-0.0259729852	-0.0555230646	0.0565482059	-0.0531078877	0.0447528198	0.0158187623	0.010433126	-0.0127312842	-0.0673165629	0.0233433581	0.0936507594	-0.0152540718	0.0747124275	0.0062889849	-0.0046584598	0.0956602363	-0.0708260116	0.2343173975	0.1030242643	0.1591823475	-0.0643052602	-0.0520439819	0.0620530366	0.0509793608	-0.0138492223	-0.0198404276	-0.009731738	-0.0694174249	0.1711037456	-0.0703771179	-0.1286336333	0.0349138381	-0.1031987737	0.0174770431	-0.0071882653	0.0460443408	-0.0140473366	0.0250399501	-0.0064485645	-0.0163367553	-0.023839047	0.0027932533	0.1367952528	-0.0314232509	-0.0217121962	-0.0028349775	-0.0145114028	0.0670279799	0.064318867	0.1089162049	0.0889257484	0.0582806721	0.0	0.0131873059835214	0.0188639542456882	0.0003558487697834	0.000173905039103	-0.0293742991513568	-0.0193101765587045	0.0008628494506334	0.0003728829187283	-0.0133104183079666	0.0125494859594681	0.0001574895978468	0.000177167235533	2.798938567873143e-05	0.0004260106917803	1.814851095111565e-07	7.83405710672776e-10	-0.0001220023976218	7.932242614499987e-06	1.4884585025467792e-08	6.292047289528959e-11	-0.0001739982841041	0.0001545274208083	2.3878723781665435e-08	3.02754028711711e-08	0.0	0.0	0.0	0.0	0.0
531.5354011871653	-0.0072934195014795	282529.88271520083	5.319396802456217e-05	709.7578975453097	-0.2640873536106483	0.0697421303370755	503756.27312793833	527.0141686281544	0.5453554165144396	277743.9339348247	0.2974125303216379	568.707714595396	479.7620410483846	1.004215	18.459518	0.0539803077097815	0.0284551958636692	0.0532995513	-0.0312792154	-0.1330369804	-0.056058857	-0.0065667066	-0.0123118837	-0.044901318	-0.0426329291	0.0822537069	-0.0847002816	-0.1437395496	-0.0236571188	0.0398481761	0.0448339051	-0.0124837861	-0.0115046364	-0.0298549937	-0.014371147	-0.0304284564	0.0534301439	0.13339084	0.1135410904	-0.0363268919	-0.0209372406	0.0112392508	-0.0023018503	-0.0786561172	0.0834360215	0.0560156282	-0.1028793153	0.0074590978	-0.0004257911	0.0777996357	-0.12243705	0.07899417	0.0543152987	-0.1041820822	0.052854803	-0.0048023196	0.0134173641	-0.0070791575	-0.0157687944	-0.110937923	0.0474322029	0.0772918124	-0.0518170091	0.0662444228	-0.0688659481	-0.0572825689	-0.0407437424	-0.0341334179	0.1172299737	-0.0252016235	0.0044455228	0.0406006769	0.049218972	-0.0449399185	0.0205860083	-0.0322820957	0.1679200735	-0.1554393386	-0.1709509032	0.0156512476	0.0787688564	-0.0594042089	0.0889173257	-0.0106918301	-0.0351931419	0.0501619315	-0.0077575318	0.0650657795	0.0734536417	-0.0819741952	-0.0809896308	-0.079311685	0.0179127345	0.0950181708	0.0620082383	0.1266415592	0.1141988868	-0.0493887778	0.0498084269	0.0113123963	0.0370569203	0.0076755463	-0.0594236466	-0.1415513687	-0.0649520201	-0.0845749679	0.0044952944	-0.0457204559	0.0254220842	-0.0071207948	-9.41089e-05	0.0220158645	-0.0915390588	0.1034966632	0.0393556724	0.0302607244	0.0067999781	0.0125295935	-0.0070444086	-0.0042807735	0.1499498049	-0.0051681737	0.099603163	-0.1175440193	0.0511436881	0.0323492032	-0.0195213118	-0.0409812093	-0.126258027	-0.0079473749	0.2007307712	0.0524880529	0.0493420314	0.0887009819	-0.0712923796	0.0051629762	-0.0014784248	-0.1720413919	0.1080592651	0.085716014	0.0518347133	0.0	0.0095770793150364	-0.0036102266684849	1.3033736597840298e-05	9.172044820649808e-05	-0.0448805024654177	-0.0155062033140608	0.0020142595015483	0.0002404423412169	-0.0258239413909251	-0.0125135230829585	0.0001565882599477	0.0006668759489619	0.0003259972921747	0.0002980079064959	8.880871233410993e-08	1.0627423450523673e-07	-6.901272334047803e-05	5.298967428132197e-05	4.762755982869362e-09	2.807905580440595e-09	-7.798877199584727e-05	9.600951210825272e-05	9.217826415264728e-09	6.082248557420251e-09	0.0	0.0	0.0	0.0	0.0
531.04653474125	-0.4888664459153915	282010.4220606896	0.2389904019419464	709.7483715004574	-0.0095260448522367	9.074553052682604e-05	503742.7508475513	525.7888483152799	-1.2253203128744872	276453.9130127084	1.501409869142831	567.638993231234	478.4892391277618	1.043891	19.188829	0.1072602381167982	0.0514118768929783	0.0685863107	0.0831787171	-0.1139998118	0.001764629	0.0931337759	-0.0151881909	0.0029590922	-0.0187308225	-0.0847450342	-0.0513297643	-0.0635254579	0.0319719768	-0.0479765374	-0.1563075396	-0.05216389	0.0408552467	0.1261206049	-0.0145390567	-0.0142419288	0.0670387886	-0.0289891028	0.0195130481	0.0107746396	0.0752203039	-0.0117737037	-0.0019948142	-0.1032357446	0.0007276973	0.0703869303	-0.1397163521	-0.0032627204	0.0168401511	0.059585843	0.1459199826	-0.0695840704	0.0014256564	0.0139507322	0.0524468892	0.0490751579	-0.0261067492	0.1685803106	0.0558688087	-0.0182420763	-0.0496751995	-0.101624028	0.2523598982	0.1660352821	-0.1284267003	0.031062318	0.1331928824	0.0510948153	0.192123209	-0.0301250892	0.0026028472	-0.0733556568	-0.0601216233	-0.146468404	-0.0439258743	0.1208898616	-0.1185265301	0.1220515323	-0.0556157153	0.0409543599	-0.0050559397	-0.0136255896	0.0267820283	-0.0430981933	0.103951479	-0.0797646626	-0.0375634326	-0.0199822831	0.0458836118	-0.1998799264	0.0101542713	0.0893667302	0.15504281	-0.0838825133	-0.1332306098	0.0401824297	-0.1286010549	-0.0343151267	-0.0076477174	0.0673969859	0.1066268625	0.0994483613	-0.1981532591	0.1205113037	0.0738162608	-0.0540650389	0.0346572588	0.0361729674	-0.078117734	0.079385408	0.0138707686	-0.0689976655	0.0966698837	0.0229101945	-0.0365744707	0.0026391537	-0.0484016248	0.1418363864	-0.0302929209	0.0686385771	-0.0577260821	-0.0215549581	0.0381166155	0.0121139218	0.0159096767	-0.0895821346	0.0233911445	-0.1298845717	-0.1055934005	-0.0216016673	0.0034653363	0.124423789	0.2553986313	0.1671241258	0.0618714294	-0.0070658668	0.0881094314	0.0763610877	0.1071542885	0.0823538796	0.0451814325	0.0	-0.0042353816211289	-0.0138124609361653	0.000190784077113	1.7938457476596468e-05	-0.0042354831816169	0.0406450192838008	1.7939317781759622e-05	0.0016520175925805	0.0037770051705905	0.0296009465615156	0.0008762160373377	1.4265768058667373e-05	0.0004190173785251	9.30200863504e-05	8.652736464635873e-09	1.7557556350604693e-07	0.0001719563743567	0.0002409690976971	2.956899468190156e-08	5.806610604499213e-08	-0.0002080358146546	-0.0001300470426587	1.6912233304287452e-08	4.3278900179003083e-08	0.0	0.0	0.0	0.0	0.0
530.056509890732	-0.9900248505180116	280959.9036775436	0.9801492046432112	707.6267856479103	-2.121585852547128	4.501126529728122	500735.6677663936	525.9148031363458	0.1259548210658749	276586.3801579413	0.0158646169497365	567.0630639784694	470.3384590210146	1.115799	20.510645	0.0699196415938722	0.0362190850630592	0.1446184721	-0.0124153837	-0.0014759649	-0.0584117621	0.0608575653	0.0400172857	-0.0538477047	-0.1271972991	0.0558389097	0.0213689711	-0.0659688345	0.1398386293	0.0245086337	-0.1123164346	-0.0279242885	0.0954640179	-0.0381308674	0.0022174915	0.0723629921	0.0949150217	0.149174039	-0.0435779944	0.0061792535	-0.0049816153	-0.0168381779	-0.1226216881	-0.0345639137	-0.0471881902	-0.1982127106	-0.1009006148	0.0082640226	-0.0057677896	-0.0759631439	0.0701573746	0.0164442542	0.0146972969	-0.0798226387	0.0892068197	0.1165138159	0.059938684	-0.0250623476	0.0794627561	-0.0050156958	-0.0986048804	-0.1071253352	0.0535648116	-0.007914498	0.0343553253	-0.0774644754	-0.0751430469	-0.0790403795	0.088516799	0.1097429285	0.0286978244	-0.0095874085	0.0746473059	-0.0478028757	-0.0190445295	-0.0019229541	-0.152832285	-0.1100836549	0.0638684255	-0.0508364957	-0.0476345669	0.0696225198	0.1035876894	-0.0595223819	-0.0534355684	0.0186919626	-0.0597295407	0.1211092929	0.0197034212	-0.1582885029	-0.1481317627	0.0103531869	-0.1323318975	-0.0038722474	0.1015673806	-0.1638818227	0.0485743446	0.0312901525	0.0362160938	0.0341942634	0.1424479401	-0.1127582185	-0.0652746102	0.1270990675	0.1489604131	-0.1470823623	-0.035489254	0.0363952544	-0.0880355777	-0.1151108075	-0.0088437299	-0.1380301203	-0.092812568	-0.102164211	-0.0573045642	0.1314946888	0.0677689362	0.06528192	0.1060561568	-0.0251731175	0.063927237	-0.1619247821	0.0865488528	-0.1289372935	-0.0840380913	0.1535385035	-0.0388957488	-0.1928765198	-0.0920437822	0.0099002088	0.0870400508	0.1014319116	-0.2693273303	-0.0581083737	-0.0577801224	-0.044114169	-0.1683350928	-0.0196222066	0.1062016776	0.0788453231	0.0383474405	0.0	-0.0029672693411839	0.001268112279945	1.608108754547306e-06	8.804687343129935e-06	0.0172094140135214	0.0214448971951383	0.0002961639306887	0.00045988361571	0.0194324734579396	0.0156554682873491	0.0002450936872961	0.0003776210246935	0.0001729977910438	-0.0002460195874813	6.052563742446903e-08	2.9928235706034295e-08	-6.900551800170796e-05	-0.0002409618923584	4.761761514684041e-09	5.806263356894498e-08	-6.399401786551023e-05	0.000144041796789	2.0748039222229428e-08	4.095234322571242e-09	0.0	0.0	0.0	0.0	0.0
531.7068326599067	1.6503227691747495	282712.15589723	2.723565242456614	710.2082763658675	2.581490717957194	6.664094326899153	504395.7958185764	525.8236963705051	-0.0911067658406636	276490.5596647412	0.0083004427819455	568.0706636502517	472.8893180662147	1.163473	21.386995	0.1400426165334492	0.0666629544435199	0.0918362987	0.0345279962	-0.0916931175	-0.2799940813	0.1058710559	-0.1494469306	-0.0842000868	-0.0876382981	-0.0635928407	-0.0292110145	-0.214270774	0.1095994745	0.0949473346	0.0584051766	-0.051438186	-0.0202837456	-0.0519646464	-0.1710729752	-0.0310382998	0.1033648717	0.0045754498	0.1055338029	0.0437224845	0.1247221884	-0.0599530304	0.0037902125	0.0896742483	-0.0450754484	0.0128489312	-0.094180608	0.1141196576	0.1713172618	0.0555521204	-0.0321944046	0.1086070496	-0.0168642333	-0.0431080335	0.1438255571	-0.0525593496	0.1811317413	-0.0586963241	-0.1297042573	0.0733264351	0.0599822749	-0.0287693125	0.1693718244	-0.0064492339	-0.0874672851	-0.0494728638	-0.0346148169	0.0599729542	-0.096453754	0.177156466	-0.1979483931	0.091327345	0.1578978667	0.0824185226	-0.0351486307	-0.0198479018	0.1132235973	-0.0267319913	-0.0214712221	0.1611685498	0.0526886226	0.061318848	0.1904149294	0.0742171238	0.0407712903	0.0781104203	0.0190940168	0.093427242	0.2093490601	-0.0709525554	-0.1861859243	0.0362923959	-0.0081569645	0.0657179207	-0.0166724437	0.0181416793	0.153477391	0.0591804272	-0.0013328639	0.0672182521	-0.0851138424	0.0036376129	-0.2113138101	-0.0538536384	-0.0874129032	0.0905448448	0.0450459055	0.0075185842	-0.0553634042	-0.0017019403	0.0804314605	-0.1308545447	-0.0805189856	0.1136038928	-0.1162250034	-0.0218562191	6.28768e-05	0.0718861716	-0.0122409325	-0.0498436193	0.1656567727	-0.0516906952	0.1403871842	-0.2737029116	0.0472381998	0.0597416988	0.0141100882	-0.0600660662	-0.1877994172	-0.1229772358	0.1590965467	0.0045810648	0.0089212911	0.0863456319	-0.1754287751	-0.0547143495	0.1099061521	0.2037290871	0.1052018558	0.0751965824	0.0313600711	0.0	-0.0095617172401034	-0.0065944478989194	4.34867430915638e-05	9.142643657969056e-05	-0.0285079057138659	-0.0457173197273872	0.0008127006881906	0.0020900733230561	0.0579173912524169	0.0384849177944773	0.0014810888976476	0.0033544242094855	-0.0001849657950412	-0.0003579635860849	1.281379289628332e-07	3.4212345335223205e-08	-0.0004960124403701	-0.0004270069223683	2.46028341001902e-07	1.82334911750526e-07	0.0001359540959344	0.0001999481137999	3.997924821214185e-08	1.8483516201340042e-08	0.0	0.0	0.0	0.0	0.0
532.0604491533338	0.3536164934271255	283088.32155324734	0.1250446244236963	707.0596252230212	-3.1486511428463477	9.914004019347608	499933.3136205191	526.298572423268	0.4748760527628519	276990.1873347698	0.2255072654876269	567.2255911268412	480.77336421604673	1.241682	22.824631	0.1718664162982915	0.1143415692842694	0.0509177553	-0.0757214726	-0.0777499757	0.0169811138	0.100988664	0.1705564986	-0.010014373	0.0755789412	0.0366181443	-0.0102148694	-0.1461953682	0.1534086406	0.0546382185	0.0898171875	0.074588489	0.2565711967	-0.0513136613	-0.0470069555	-0.0296961611	-0.1017655522	0.0644976778	-0.0648677563	-0.1105661916	0.0030281275	0.1283470909	-0.0557504896	-0.0215154604	0.0123610692	0.0740837413	0.0066871193	-0.0047741337	-0.0398991722	0.036755101	-0.0738407729	0.0224472923	0.0352769944	0.0837430941	0.0314647223	0.1160855483	0.0200024594	-0.0201818931	-0.0276345877	0.0212122718	-0.0035503248	0.067652041	-0.0619516835	0.0599962584	-0.1195289155	-0.0299863133	-0.1180029744	-0.1236001747	-0.0818319396	-0.0786873339	0.1226700813	-0.0458800054	0.1150351993	0.0257199601	0.1334914023	-0.0701828253	0.0572747653	0.0328494064	0.2757433426	-0.0982360646	0.0165536219	-0.0567295118	-0.0138790102	0.0934204994	0.0092716644	0.0434586293	-0.1075755243	0.1862867085	-0.0392731881	-0.1126574853	-0.0147761298	-0.0155019204	0.0891088682	0.0197529703	0.0510226041	-0.1289784286	-0.0947432113	-0.0711660894	0.1933451447	0.1656273703	-0.2075032372	-0.1106997055	0.0939640479	0.0111006273	0.032273699	-0.0384136899	0.0854205315	0.042225789	0.0036500258	0.0571561479	0.12254481	0.1594003562	-0.0763216134	0.013418774	0.0611647741	0.0717657413	-0.0341632452	0.0125656317	0.0206567235	0.0771203192	0.034297066	-0.0038348982	0.1229193032	-0.0561226459	0.0499339183	0.0982601018	0.1156958696	-0.0917403709	0.040854398	-0.1048649549	0.0779193672	0.1068057197	-0.0418375321	0.0741330549	0.0439779851	-0.1319857565	0.0291797776	0.0078020344	0.1041552675	0.071414145	0.0242472716	0.0	0.0049772450089307	0.0145389622490341	0.0002113814232788	2.477296787892556e-05	-0.0285650858269548	-5.718011308889978e-05	0.0008159641283012	3.269565332859368e-09	-0.0440559959289146	-0.1019733871813315	0.0103985716932337	0.0019409307772885	0.0002170003738989	0.0004019661689401	1.6157680097238105e-07	4.70891622722624e-08	5.899861748481783e-05	0.0005550110578549	3.480836865119852e-09	3.080372743412349e-07	-1.3006412367322244e-05	-0.0001489605083017	2.2189233033507458e-08	1.6916676266883302e-10	0.0	0.0	0.0	0.0	0.0
531.7408622989122	-0.3195868544215727	282748.3446383908	0.1021357575190755	711.2627826149488	4.203157391927675	17.666532061316257	505894.74593316	526.4024515210485	0.1038790977805774	277099.54096736986	0.0107908669557067	568.7447992727075	486.0844325529526	1.085479	19.953302	0.1324808942573466	0.076550237635623	0.0251626031	0.0460084643	-0.1231122875	-0.0640428997	-0.0543431326	-0.0308480722	-0.0460469672	0.0237401788	-0.1074772958	-0.047561462	0.0338715509	0.1365090386	0.0759878821	-0.0519682518	0.0290257436	0.0320423218	-0.0172761816	0.0499833412	-0.1067429682	0.0685197044	0.1173747652	0.0352562818	0.055375274	0.0274594787	-0.0783732078	-0.0627301012	-0.0037116517	0.1381061904	0.0327986717	0.0281166962	-0.1353781512	0.0190440468	-0.0528620226	-0.0163153792	-2.73086e-05	-0.0037990616	-0.0488126815	0.0784077501	0.0566647684	0.0052228021	-0.0448355608	0.064704037	0.0884067634	-0.0703756131	-0.2767026036	-0.1437134264	-0.1158857186	0.0324974976	-0.2046252561	0.0872769229	-0.0123824752	-0.1747516579	0.0091351442	-0.0216178044	0.0546039369	0.0474500163	-0.0893181546	0.0923337436	-0.0356946345	0.0174316793	0.0020034305	0.1141049668	0.0138605868	0.0409430618	0.0740744283	0.0544422302	-0.1087573926	0.1485205952	0.0262213878	0.063355856	0.0171158661	-0.0820700642	-0.1359999121	0.0071085461	-0.0744433079	0.0477187687	0.0721169482	0.0073522272	-0.0650745898	-0.0541647897	-0.0489295691	0.0136376354	0.1276294088	0.0358428416	-0.1860679269	0.1124267451	0.1405417341	-0.0772850998	0.003328212	-0.0621537465	-0.094774058	-0.025558602	-0.1178347548	0.017018603	-0.1681620408	-0.1016384195	-0.0532529146	-0.0715560916	0.0589915409	-0.0794268695	0.1337751479	-0.0213187037	-0.0079800939	0.078810808	-0.066550291	0.0858605593	-0.0568151637	0.0324098967	-0.0202121248	0.0607920298	-0.17605774	0.0413233175	-0.073674864	0.0615891276	0.0480478605	0.0026963312	0.0600715106	-0.0870159838	-0.1053482771	-0.070612019	0.0313937805	0.103062378	0.0675047358	0.0170374908	0.0	0.0039974638478099	-0.0009797811611207	9.599711236872225e-07	1.5979717214547132e-05	0.0176609919886061	0.0462260778155609	0.0003119106380216	0.0021368502702102	0.0082694528266955	0.0523254487556101	0.0027379525874759	6.83838500529422e-05	6.201918949564417e-05	-0.0001549811844032	2.4019167519035997e-08	3.84637986569662e-09	-0.0003069960043415	-0.0003659946218263	9.424654668164629e-08	1.339520632057894e-07	0.0001250095119042	0.0001380159242715	1.9048395352522562e-08	1.562737806652632e-08	0.0	0.0	0.0	0.0	0.0
530.5473433959829	-1.193518902929327	281480.483584535	1.4244873716496242	708.8602998990914	-2.4024827158574453	5.771923199993767	502482.9247730298	525.9552080353345	-0.4472434857140115	276628.880859492	0.2000267355136192	566.5435917765525	469.7862818040453	1.111917	20.439301	0.1677433040823314	0.096859260140857	0.1311624918	0.0151285373	-0.1145680011	0.0225061115	-0.0510717617	0.0686949653	-0.0108226654	-0.1526606686	-0.0355943491	-0.154838946	-0.1102680499	-0.0782817597	0.007318551	-0.0384637173	0.0709683068	0.0259874384	0.1170843526	-0.0100788767	0.0034715808	-0.0195642525	0.0403620422	-0.0426610541	-0.1515457323	0.1095254926	0.0142687221	0.0309751105	0.0062160051	0.002293571	0.0580957404	0.1035348645	-0.0224731197	-0.1178894494	0.1445175277	-0.0871766065	-0.1308546383	0.0914698431	-0.0822078298	-0.198344763	0.0757804007	0.0103104274	-0.0126788226	-0.061941828	0.0730837616	0.0976227594	-0.1148244448	0.0244061886	0.0372668284	0.0873592004	0.0238288339	-0.0126487654	-0.0134221555	-0.0660051313	0.0225281357	-0.043296666	0.0486059856	0.0209658003	-0.0121029554	-0.0624402851	-0.0688567947	0.0340624348	0.0707524457	-0.0955769486	-0.081894667	-0.0191176125	-0.1148945556	0.185130486	0.0526479158	0.0252143803	-0.0052988998	-0.0055986536	-0.0330990394	0.025977176	0.0264662898	0.1641285877	-0.0803128266	0.1333150766	0.1278097256	-0.1607974627	-0.0159599839	0.0938207069	-0.1270568291	0.1060256838	0.0798213071	-0.022154111	0.0316058708	-0.001114104	0.1199023971	-0.1700681814	-0.064704342	0.0502961224	-0.0367016687	-0.0414572848	-0.0683971558	0.0101531485	-0.0615124999	-0.0678647814	-0.021988626	0.067222207	0.0578698488	0.013863957	0.0506614691	-0.0572560031	0.1087112586	0.0259644875	-0.0070639644	0.22438561	-0.0570193164	0.011381977	0.1043071788	0.0334825691	-0.0244160488	0.1614953843	-0.0715900849	0.0710473573	0.0095128775	0.0833932228	0.0296548934	0.0730347421	0.0129424752	0.0742409503	0.0066728173	0.1019236731	0.0634753057	0.0097595656	0.0	0.0133225791837361	0.0093251153359262	8.6957776028326e-05	0.0001774911161069	-0.057318423318037	-0.0749794153066431	0.0032854016516656	0.005621912719726	-0.0169673033978057	-0.0252367562245012	0.0006368938647349	0.0002878893845931	0.0006449990316198	0.0005829798421241	3.398654963231057e-07	4.160237507904798e-07	0.0001600034351556	0.0004669994394971	2.5601099261592296e-08	2.180884764906056e-07	1.094844922023587e-05	-0.0001140610626839	1.3009926020595194e-08	1.1986854032808344e-10	0.0	0.0	0.0	0.0	0.0
531.7770173756194	1.229673979636459	282786.7962089098	1.5120980961949668	709.0373054227202	0.1770055236288499	0.0313309553951233	502733.90048111184	526.4323087820977	0.4771007467631989	277130.9757296499	0.227625122562002	568.1524836749801	475.4077626973518	1.009639	18.559223	0.1315911307073761	0.0876090100308559	0.1194244207	0.0766394137	0.0248923995	0.027434346	-0.0347118593	0.0605020585	0.0817440617	-0.0817448368	-0.0489320328	-0.0091388411	-0.055089649	0.1469636812	0.1345489398	0.0352698046	0.0384331308	-0.2068420945	-0.0347056187	0.0791166933	0.0145210442	-0.0408668626	0.00113842	-0.0090914997	-0.0051212142	0.0151498646	-0.0268709313	0.1148916397	-0.0574635059	-0.0480484677	-0.0720457467	-0.022948278	-0.0336467243	-0.001826494	0.0204296871	-0.1230657437	-0.0549366806	0.0782150075	0.0027170932	0.1342785029	-0.0936778936	0.1259669241	0.1108103685	-0.029273916	0.085065601	0.0235633847	0.0351955817	0.008337031	-0.0261199539	-0.0316717841	-0.0170439947	-0.1130427344	-0.162871836	0.0741197374	0.0554214716	-0.0847158981	0.0137686475	0.0842236101	0.1301534853	-0.0561781713	-0.0795956488	-0.0565505091	-0.0804019999	0.1121951371	-0.0149161873	-0.0933299651	-0.0398903081	0.0626288587	-0.0914929059	0.1209969285	0.0715359988	0.0320611041	0.0740192158	0.1552018804	0.002255421	0.1389383583	-0.090177407	-0.0333679697	0.0182159959	0.0374538393	0.0601040942	0.0015356874	0.1059863277	0.0758664323	-0.0125621589	-0.0553902772	-0.0647369643	-0.0571471263	-0.0159741114	0.0944206333	-0.0609668874	0.0585183361	-0.0542090058	-0.0733603868	0.0268938333	1.13653e-05	-0.0224131049	0.087884589	-0.0519475295	-0.0504183521	0.1124064428	-0.062594462	0.1161451878	-0.0089935278	0.1144518349	-0.0480282951	-0.0428652756	0.0436918877	-0.0245894221	0.0585338161	-0.0106770388	0.0045311408	0.095355565	-0.0006814184	0.1790074175	0.1148346801	0.0274931191	-0.0130411197	0.1034252439	0.0528073896	0.038174855	-0.0665943992	0.0139426033	0.100739659	0.0593330188	0.0024426053	0.0	0.0106268599248124	-0.0026957192589237	7.266902322932148e-06	0.0001129301518615	0.0219664515562385	0.0792848748742755	0.0004825249939725	0.0062860913838295	0.0065947032329631	0.0235620066307688	0.0005551681564683	4.349011073085396e-05	0.0003470112575841	-0.0002979877740357	8.879671347475143e-08	1.2041681289009858e-07	0.0002959865281833	0.0001359830930276	8.760802486600345e-08	1.8491401589380105e-08	-7.605128258452663e-05	-8.69997318047625e-05	7.568953334100603e-09	5.783797582751523e-09	0.0	0.0	0.0	0.0	0.0
532.8001379675003	1.023120591880911	283875.98701818736	1.0467757455307456	710.8027525113116	1.7654470885913724	3.116803422615753	505240.5529776569	527.2545123422072	0.8222035601095286	277997.3207852188	0.6760186942567832	568.8188407274648	477.54711782711206	0.897147	16.491392	0.1401496265518449	0.0625528640393628	0.0780626357	0.0173113377	0.1061081079	0.0708665165	-0.0463906795	0.0587709844	0.0995630868	-0.023387959	-0.0311527172	0.0238666831	0.0748854741	0.0276875595	0.0546600632	0.0462701675	-0.0253191856	-0.0753259445	-0.0874053734	0.0104150136	0.1335719715	-0.0849874592	-0.0524364179	-0.02797585	0.0206298974	-0.0616537835	0.0534193946	0.1031002195	-0.0947316603	-0.0745104763	0.0632011769	-0.0044737015	-0.1134805185	-0.052959958	-0.0618745925	-0.0571764541	-0.0850012719	0.0757196334	0.0050934723	-0.0268030996	0.0198401433	0.1369374664	-0.0339347606	-0.0785060734	-0.0058903606	0.1091770755	0.0308845408	0.0047133447	-0.1750306578	-0.1230567	-0.0307475023	-0.1038514538	-0.0327844748	-0.0113810266	0.0022788981	-0.1093083315	-0.0068219329	-0.0168910467	-0.0392284012	0.0726124761	0.0590642245	-0.152378424	-0.0637171111	0.1914068553	-0.0319412719	-0.0901663999	-0.0608783275	-0.0375263867	-0.0643661108	0.0574654774	-0.0032325016	-0.025437132	0.0795747163	0.0294334265	0.1026443863	0.1096460665	0.0836176994	0.0287188867	0.0053696637	0.0840629596	0.1637076834	0.0921618394	0.0956710182	0.1965700023	-0.0409648372	0.0688481443	-0.104802582	0.1527214003	-0.0457395245	0.0417355195	-0.0031991747	0.0601853709	0.0175166203	-0.0509639991	0.064502534	0.0407234678	-0.0275502846	0.0491006845	0.1657257918	0.0155457207	0.1275750754	-0.0625862419	-0.0196889497	-0.0161946643	0.0944281387	-0.0772446001	-0.0218596691	0.0358399052	0.0053339434	0.0456704106	0.1751687191	0.0482533796	0.1611648178	0.0242203578	0.0699588556	0.1359372987	-0.0244776882	-0.0142092903	-0.0204157659	0.0400966858	-0.0539127053	-0.0590637378	0.1049865474	0.0995108621	0.05508524	-0.0048841247	0.0	0.0316846211217836	0.0210577611969712	0.0004434293066286	0.0010039152156309	-0.0130311706694641	-0.0349976222257026	0.0001698114090167	0.0012248335614529	-0.0360966963045967	-0.0426913995375598	0.0018225555944755	0.0013029714841062	0.0003080182412739	-3.899301631019996e-05	1.52045532096752e-09	9.487523695746649e-08	-0.0002919810164541	-0.0005879675446374	8.525291396956942e-08	3.457058335469329e-07	0.0001250450283001	0.0002010963108846	4.0439726251406415e-08	1.5636259102572813e-08	0.0	0.0	0.0	0.0	0.0
534.1983268102646	1.3981888427642843	285367.8523668862	1.9549320400305288	713.2623405984529	2.459588087141242	6.049573558407113	508743.16651598335	527.4928955592992	0.2383832170919504	278248.75486553373	0.0568265581911079	570.520446794255	492.7461632226571	1.065531	19.586626	0.0600579443354938	0.0383398401019506	-0.0502024341	-0.0535028254	0.0661469276	0.000415881	-0.1589029354	-0.0624594485	-0.050810602	0.0739143693	-0.0916948698	0.0094805076	0.2162023836	-0.0168098155	0.0025127739	0.0924384645	0.0092098559	-0.0629012806	-0.0989473334	-0.0732012776	0.0437955646	0.0951390784	0.0137818456	0.0614989745	0.0835131351	-0.1042537062	-0.0313338109	0.0144550245	-0.0656194732	0.2304847105	-0.0501210654	0.0549710732	0.0012857587	0.0529493508	-0.0061536778	-0.0307582002	-0.0949835583	0.0629498706	-0.0383661944	0.0638261178	-0.143754306	0.0499184815	-0.161526185	-0.0414137192	-0.0857747594	-0.2632313554	0.0023311792	0.0217218606	0.1686296549	-0.0294245776	-0.0868981046	-0.0475601737	-0.0826331962	0.0728603277	0.0941587501	-0.0313463058	-0.0165367504	-0.0046378455	0.0486307178	0.0237039814	-0.0173671624	-0.1431763859	0.1164931869	-0.0749304025	0.0168391541	0.0420178304	0.0749180565	-0.0832263307	-0.1557270664	0.0680349154	-0.0064141503	0.0388957665	-0.1057490604	0.0138221758	0.0519721814	-0.088701987	-0.053771416	0.0299197031	0.1577184311	0.0641444586	0.0448406027	0.2527815206	0.2428889917	-0.0365752144	0.030278413	0.032144066	-0.0967559264	0.1816717244	-0.0169490499	0.1899329124	-0.075180626	0.0393500442	0.0026187505	-0.094150518	0.0236821283	0.0414451007	0.1234361457	-0.021746922	-0.0418657853	-0.0277477884	0.0612891238	-0.1403810861	0.0416484631	-0.0448355605	0.0027196762	0.0374758806	-0.1240266498	-0.075739912	-0.0361271531	0.1223064017	-0.0250323112	0.0667449584	0.0857915681	0.1153199059	0.1056375071	-0.0060220245	-0.1312094537	-0.046043528	0.0263372561	-0.0740270493	0.0537018343	-0.0330789661	0.0543328349	0.0982378286	0.0507395216	-0.0121913197	0.0	0.0249989267854289	-0.0066856943363547	4.469850875916532e-05	0.0006249463404232	0.0104904902395759	0.02352166090904	0.0001100503854666	0.0005532685319198	-0.0374953698787408	-0.0013986735741441	1.956287767009041e-06	0.0014059027623435	-0.0001649877493525	-0.0004730059906264	2.23734667168462e-07	2.7220957436403367e-08	-0.0001960099768836	9.59710395705e-05	3.8419911037909414e-08	9.210440436242474e-09	0.0001249837481779	-6.128012219999746e-08	3.755253376846621e-15	1.5620937308596726e-08	0.0	0.0	0.0	0.0	0.0
532.561815169466	-1.6365116407986309	283622.0869765964	2.6781703504694265	713.1387434500724	-0.1235971483804405	0.0152762550877766	508566.8674095482	527.1160308276218	-0.3768647316774149	277851.3099554663	0.1420270259822899	569.4180968636723	491.5587290690391	1.028875	18.912804	0.0780336599162491	0.0572908122429755	-0.0194902582	0.0305606707	-0.0994449645	0.0689643376	-0.1635065376	-0.0537990191	-0.0292923159	-0.0251843769	0.1036803837	-0.0631136116	0.1799743781	-0.0758497501	0.0537361168	0.069648444	0.1180571981	0.1184568033	-0.0170266283	-0.1064711208	0.1367375079	-0.0624835456	0.1478029022	0.0556898517	-0.1603718854	0.0479698078	0.1041946794	-0.015052244	-0.1657433853	0.0613843551	-0.0678955463	0.1624478577	-0.0140706048	-0.0534274142	0.0040736214	0.0524182771	-0.0373845572	-0.0779538805	0.021226248	0.0482789208	-0.072459749	0.1701139277	0.126419363	-0.0423026357	-0.064605707	-0.0833578152	-0.0064722628	0.0842439204	-0.0198009882	0.1066067262	-0.0068210836	0.0172738509	-0.0623609727	-0.123581096	-0.0649121927	-0.1665151414	0.0590704641	0.06773191	-0.1127654399	-0.1138294157	0.0538928944	0.0310551421	-0.0055448619	0.0253636559	-0.0301595918	0.0774169498	-0.0899778053	0.0642335929	-0.1054241969	-0.0723837497	-0.1081397283	-0.0180923994	-0.0733955679	-0.1148184663	0.0705210465	0.0952375444	0.0436580646	0.0431495733	0.241279106	0.0201173588	-0.0697608387	0.0001518518	0.0484878726	-0.0538837984	-0.1106407702	-0.1212138241	-0.1667558146	0.0726356882	0.0699296914	0.0138177673	-0.0282629213	0.1103537003	0.069658507	-0.1193018732	0.0086352501	0.0943296169	-0.079298747	-0.0176380221	0.0090349647	0.0136185679	0.0497041808	-0.0080807845	-0.0051474946	-0.1172482839	0.1400155664	0.0486222977	-0.1225921566	0.0370253661	-0.0334368851	0.0575718567	0.1136176418	0.0028347489	0.0137978938	0.2443476182	0.1017128615	-0.0100478165	-0.0880503286	-0.0795306551	-0.1038323001	-0.025336612	-0.0567395327	0.0029236328	0.0083076829	0.0969211244	0.0463035902	-0.0194497534	0.0	0.031666951191724	0.0066680244062951	4.446254948294716e-05	0.001002795797779	-0.0437754779782437	-0.0542659682178196	0.0019162924722236	0.0029447953066174	-0.0513945410675802	-0.0138991711888393	0.0001931869597366	0.0026413988515471	-0.0001009877493946	6.39999999579e-05	4.095999994611201e-09	1.0198525527786534e-08	-0.0001960064547958	3.522087799987276e-09	3.841853032161799e-08	1.2405102470819209e-17	0.0001249901481981	6.400020200001549e-09	4.096025856042788e-17	1.5622537146583004e-08	0.0	0.0	0.0	0.0	0.0
532.1140602524716	-0.4477549169943131	283145.373118371	0.2004844656925842	711.080578582922	-2.058164867150367	4.236042620372088	505635.5892378232	527.1883783867023	0.0723475590805264	277927.5863060008	0.0052341693049102	568.6739401101613	486.1740058288085	0.985902	18.122879	0.030100970731799	0.0204870620488334	0.05182241	0.0454850338	0.0464537632	0.1438199265	-0.1332432474	0.0663711961	0.0470292	-0.0429441334	0.0158884113	0.0264000386	0.1610441957	-0.0700130939	-0.0735327306	0.0281968893	0.1245649324	0.0373598416	0.0522822962	-0.0591528131	-0.0808401923	0.0642942163	-0.0348631399	-0.0323102039	0.0441298633	-0.0891772404	0.0346079834	0.1137068454	0.0861278741	0.1194221096	-0.1745909948	0.0515566262	-0.0751313802	-0.0896276445	0.0239922607	0.189046643	-0.0386293125	-0.0485191789	0.0194036142	0.0209553811	-0.0288276145	0.0659313605	0.069763861	-0.0120994314	0.1009091482	-0.0384561165	0.0793586123	-0.1025823474	-0.0072414724	-0.0459937014	-0.1213628622	0.0004270828	-0.0440632706	-0.0924354557	-0.1449299641	0.0469548956	-0.0340873626	-0.0300992579	0.0099769836	-0.1368048481	-0.110238956	-0.0467833601	-0.020800965	0.0145489303	-0.084013988	-0.0786489528	-0.0312780993	-0.0439662769	-0.127806504	-0.0126959887	-0.0512378015	0.0480245869	-0.1270063528	-0.0496610555	0.1345626135	0.0001315315	-0.2215569755	0.0040104038	0.0398443208	-0.1318716138	-0.0495919729	-0.019624898	0.0028882775	-0.0302227424	0.0241847328	-0.0251916399	-0.0061173295	0.042388318	0.0349314794	0.1026216207	0.0870974201	0.0978478133	-0.0731111292	0.1540697718	0.039214839	0.0191834024	-0.0481690937	0.0200836961	-0.0028067812	0.0427262032	0.114953811	-0.0299282355	0.0003653028	-0.0727533158	0.0900131318	-0.0850480672	-0.1201388684	-0.0615658528	-0.0900134809	0.1626808133	-0.0648247955	0.0486553781	0.054970982	0.184520064	0.0537657237	-0.0402500819	-0.0068461848	0.0747604523	-0.0348615632	0.0215717725	0.0729232457	-0.0212916831	0.0305484151	0.0955613349	0.0417853327	-0.0266303944	0.0	0.0374358446468363	0.0057688934551122	3.328013169643752e-05	0.001401442464422	-0.0403545476897022	0.0034209302885414	0.0016284895192404	1.1702764039060622e-05	-0.0532526382691855	-0.0018580972016052	3.452525210613439e-06	0.0028358434826287	0.0002800117461889	0.0003809994955835	1.4516061563488144e-07	7.840657800375696e-08	-0.0001959821644379	2.42903579000212e-08	3.840900877776408e-08	5.900214869111221e-16	0.0001250273579875	3.720978939997666e-08	1.3845684271906157e-15	1.5631840245334476e-08	0.0	0.0	0.0	0.0	0.0
531.7489183649342	-0.3651418875374475	282756.9121822774	0.1333285980344099	711.012000615209	-0.068577967713054	0.0047029376556526	505538.06501884194	527.1266946149019	-0.0616837718004035	277862.55217563204	0.0038048877035242	568.0448875137339	476.17589750439566	0.980432	18.022329	0.130995632687323	0.0954123572329271	0.083530347	0.0305343996	0.1026947138	-0.0242627222	-0.1079243651	-0.0218399745	-0.0569843583	-0.1164683857	-0.0054934499	0.1238350035	0.0464751615	-0.1265003547	0.07942894	-0.0048339704	0.0571626046	-0.0173200558	0.0298501893	0.0792360002	0.0870137026	0.1879082703	-0.0435839043	-0.0797794186	0.0259009226	-0.0277584685	0.0965565595	-0.0576898859	-0.0552085523	0.0679616961	-0.1139424769	-0.0395085982	-0.2165323311	0.1028684455	0.2297040188	-0.0845756847	-0.0877699249	0.0289261939	0.0562748831	0.1772753843	0.0482534612	-0.0352948262	-0.0545817183	-0.0254315169	-0.0176117285	-0.0103829859	-0.0021534952	0.0683293826	-0.0665601422	0.0176223109	0.0213950472	0.0169196368	0.0101145559	-0.059600325	-0.0387441606	0.0450519518	0.0727773774	-0.1209867373	-0.01209731	-0.0558526467	0.0960970084	-0.0805992921	-0.0139376738	-0.1337266621	-0.0482565436	-0.0850922633	0.1188979502	0.0619771923	-0.0341351899	-0.1239588474	-0.114929353	0.0872680941	-0.0398564966	-0.035577736	0.1130644392	-0.0040201291	-0.1497924641	0.1583107004	0.0757179677	0.1279579236	0.010874514	-0.0615458484	0.1036346215	0.0607423047	0.0147786966	0.0339101169	0.0205857692	0.0801062573	-0.0026084981	0.1123704706	0.0612240368	-0.092091911	-0.0456497237	0.0979058356	0.1750384068	-0.0592106814	-0.0894580787	-0.0283472702	0.1351994456	-0.0548295872	0.2049016207	-0.0214407095	-0.0331579167	0.0769169358	0.0343223838	-2.99492e-05	-0.1266544845	-0.0594706304	-0.0722105619	0.03136022	0.1202498119	-0.0156752169	0.0347997696	0.1475060615	0.124326422	-0.1214404059	-0.1688458664	0.1170838418	-0.0735684078	-0.0259239488	0.0865786589	-0.0654836027	-0.0811110548	0.0941590645	0.0371927824	-0.0337045224	0.0	0.036664778921903	-0.0007710657249333	5.945423521669188e-07	0.001344306013392	0.0469134744715233	0.0872680221612255	0.0022008740869902	0.0076157076919321	-0.0307990276314598	0.0224536106377256	0.0005041646306705	0.0009485801030434	-4.99955914663805e-05	-0.0003300073376552	1.0890484290632629e-07	2.4995591660732188e-09	-0.0001960013015771	-1.9137139200007877e-08	3.84165102199173e-08	3.6623009676047798e-16	4.499514951320941e-05	-8.003220847429057e-05	6.405154393272308e-09	2.0245634797160687e-09	0.0	0.0	0.0	0.0	0.0
532.5815359803961	0.8326176154619134	283643.092467238	0.6932520935774826	709.8091080939481	-1.2028925212608783	1.4469504177053525	503828.9699331261	526.7706814397333	-0.3560131751686413	277487.35082448093	0.1267453808936576	568.3432821076908	481.817783780853	1.001866	18.416328	0.0878422615086704	0.0711893684225813	0.0589259864	-0.0152545963	0.1318858962	-0.0314910684	-0.0426836407	0.0426656644	-0.0593711283	-0.0609817633	-0.027567734	-0.0515921494	0.0485637447	0.0757835912	-0.145631711	0.1541918938	0.0199551788	-0.0795346937	0.1026755865	-0.012581238	-0.0338982574	0.0142560622	-0.0796274496	-0.0150262601	-0.0090507832	-0.0362191801	0.0257882248	0.0366215481	0.1323013586	0.043682789	-0.0110711402	0.1277024277	0.0298885473	0.2089329233	0.1049649485	-0.102765399	-0.0278912375	0.039451462	-0.0023370071	-0.0807093325	-0.008059801	0.017582785	0.0538929995	-0.0362698196	0.0221293829	-0.0859486116	-0.0301416844	-0.0244149997	0.1196087925	-0.0062944159	-0.0361115796	-0.0506562713	0.0113299998	-0.0072579697	-0.154098726	-0.0007771389	-0.0753367668	0.1142510545	-0.0260527934	-0.0336386374	-0.1308202723	0.0050907288	0.0310558237	0.0129209491	-0.0344090563	-0.0478163737	0.0645365557	0.0137582061	0.0180594177	0.1247569902	0.0338276552	-0.0331557782	-0.1334489355	0.0942535231	0.1396628248	-0.1461697913	-0.1109758907	0.049217707	0.0747515751	0.0298228106	0.0252015192	-0.1297669424	0.0032010052	-0.0381507056	-0.059625882	-0.1302388463	0.0755453983	0.0805255611	0.0317734404	-0.029313856	-0.0340886614	0.0574756371	-0.1064027411	-0.0552671826	-0.0688980292	-0.0400461672	0.0122264458	-0.094581571	-0.0354540546	0.0009220639	0.0469287728	-0.1464658624	0.0902151564	-0.0757763257	0.0422861953	-0.1381625569	-0.0900827485	-0.0962478085	-0.1233331814	0.1113882158	0.027309758	0.0445060896	0.1400140273	0.0203328021	-0.0249808254	-0.1071322365	-0.1497001716	-0.0130195506	-0.0256902233	-0.0224505197	0.0741836093	-0.0268630229	0.0154470307	0.0927149366	0.0325341047	-0.0406438432	0.0	0.0295345379334577	-0.0071302409884453	5.084033655330542e-05	0.0008722889309428	-0.022516678004024	-0.0694301524755473	0.0005070007883368	0.0048205460727777	-0.0260165982782893	0.0047824293531705	2.2871630518066816e-05	0.0006768633859738	1.3997942001453856e-05	6.399353346783436e-05	4.0951723256988365e-09	1.95942380276066e-10	-0.0001959998828529	1.418724199995754e-09	3.841595407835053e-08	2.012778355653592e-18	-2.099867212490248e-05	-6.599382163811188e-05	4.355184494402924e-09	4.4094423100915637e-10	0.0	0.0	0.0	0.0	0.0
533.3686239292668	0.7870879488707487	284482.0889921997	0.6195074392575624	712.0620417413414	2.25293364739332	5.075710019556968	507032.3512888479	527.4465920149914	0.6759105752581718	278199.9074282288	0.4568551057458327	568.9408464884743	488.22006399587286	1.102562	20.267332	0.0652548153493521	0.0306696370202476	0.005629411	0.0658244789	0.1027665893	0.0455466861	-0.0669232053	-0.0604859486	0.0038127261	-0.0163290134	0.1497198376	0.1724110124	0.0109705941	-0.1039731154	-0.0911524109	-0.0440991519	0.1104943294	-0.095831779	0.0457728334	0.0126112772	0.0438952311	0.1590328217	-0.0320068327	-0.0115560238	0.0967660475	-0.0735491689	0.0644759051	-0.1374867095	-0.0625560921	0.0414903341	-0.195487543	0.0570292487	-0.0179653457	0.0952679557	0.1759217706	0.0441310264	0.0361634911	-0.090975285	-0.0143695739	0.0314397667	0.0864430441	-0.0511384035	-0.0405365596	-0.0263833419	-0.0751863677	0.0597674439	-0.1818219318	0.003975829	0.0906986112	-0.0959247421	-0.0732950141	0.0086904027	0.0983386627	-0.0566889542	0.0282546309	-0.0594173452	-0.0842253561	0.0515522434	0.0585078949	0.2189374141	-0.0248416703	-0.0025846693	-0.0967005964	0.0024633431	0.0350429279	-0.0583710723	0.070690561	-0.0387044296	-0.0012644969	-0.2071501788	-0.1864436938	0.0493699551	-0.0890368142	0.0935347586	-0.0299607169	-0.039284122	-0.1627050767	0.0561509027	0.0349538658	0.0995883965	-0.0701500665	-0.0288258296	-0.0316432206	0.0362163865	-0.0367710658	0.0070888627	0.1302931984	-0.0133582549	0.0133606124	0.0804693461	-0.008365599	-0.1183260154	-0.1325396367	-0.0538915099	0.0507149012	-0.0304848723	-0.051459052	-0.1253844421	0.0169478063	-0.0647795407	0.1028479266	0.0428199167	-0.1566472057	0.0947725021	0.0828102971	-0.0233677331	-0.2185208219	-0.0442164446	-0.0788459011	-0.0164577347	0.0336654507	0.1540471271	0.1163871134	0.065627314	-0.0069994532	-0.1915641825	-0.1535276928	0.0218521056	0.0488924234	-0.011062812	0.0983075979	-0.0178036971	-0.0025608824	0.0912295932	0.0278175825	-0.0474206018	0.0	0.035744649521618	0.0062101115881603	3.856548593740287e-05	0.0012776799694233	-0.0058633107716161	0.0166533672324079	3.437841320454939e-05	0.0002773346401774	-0.0417564662807308	-0.0157398680024415	0.0002477434447342	0.0017436024762538	0.0003910128574679	0.0003770149154664	1.4214024648417154e-07	1.528910547052123e-07	-0.0002059754715406	-9.9755886877e-06	4.2425894876372526e-08	9.951236966616819e-11	0.0001250401942478	0.0001460388663727	2.1327350491424057e-08	1.5635050177527558e-08	0.0	0.0	0.0	0.0	0.0
532.0227949468082	-1.34582898245867	283048.2543430135	1.811255650025739	707.4775130394008	-4.584528701940599	21.01790341891715	500524.4314564156	526.7240324898	-0.7225595251914001	277438.20640231593	0.5220922674448215	567.6680675153871	489.1204875913394	1.200122	22.060673	0.1130962904035471	0.0690484464255872	0.0035960646	-0.0097297111	0.0347577375	0.1591875496	-0.150737038	0.1066851212	-0.1290044939	-0.0012721125	0.1319949843	0.1894123903	-0.0815288961	-0.0690609254	-0.1580721722	-0.0843728412	0.0499364774	0.0280453103	0.2756252456	-0.1561448638	-0.1070784679	0.0483663933	-0.1105728494	0.0726282916	-0.0744210388	-0.1146343346	-0.0439647585	-0.0316697595	-0.0039194381	-0.004129197	-0.1394361008	-0.0591944337	0.1012393002	-0.097346604	0.1896982563	0.001963309	-0.0907996937	0.0786224233	-0.0315314435	-0.007906957	-0.0437375061	-0.0035200494	-0.1186757164	0.0521220281	-0.0450005007	0.1446132484	-0.0626508999	0.0931431346	0.1914687378	-0.0212727212	-0.0093446883	0.0430570931	0.0181453494	0.0845067297	0.0088448435	0.0557611819	0.0822295524	0.0478444705	-0.0305127334	0.1701624962	0.0273159621	0.0496501487	0.1187987472	0.1246878103	-0.1003145172	0.0289951663	0.0692783694	-0.0386228888	0.0073539635	-0.1956155797	-0.0377843955	-0.0372898944	-0.1356953796	0.1484345307	-0.0273423267	-0.0399986312	-0.1929792171	0.1593099228	-0.117934412	-0.0979760312	-0.0633953009	0.0391483572	-0.0775491757	-0.0049648616	-0.1259035031	0.0528602041	0.2496596327	0.0650932206	-0.119292407	0.0653792816	-0.0747656799	-0.0770503573	0.1172503414	-0.0607676015	0.1761155451	-0.0281560483	-0.0382515879	-0.0713844637	0.0453614297	0.1224847491	0.0875771979	-0.1396750242	-0.1356213991	-0.0153546774	0.0689803267	-0.0748160575	-0.0043237807	0.0632312953	0.0018001724	-0.2275595595	-0.1456472695	0.2062289203	0.230583801	0.0536839586	0.0015827108	0.0083193178	0.0446254195	0.0719336978	0.1054133698	-0.1716182405	-0.0902054687	-0.0435199426	-0.0352472028	0.0897036946	0.0230516017	-0.0540076933	0.0	0.0367956437341661	0.001050994212548	1.1045888348095938e-06	0.0013539193978116	-0.019768309404796	-0.0139049986331799	0.0003907860567237	0.0001933489869887	-0.08584028360886	-0.0440838173281291	0.0019433829502198	0.0073685542900495	0.0011599928464848	0.0007689799890169	5.913302235084318e-07	1.345583403895909e-06	0.000106072433168	0.0003120479047086	1.1251361078179826e-08	9.73738948330275e-08	0.0001249384833795	-1.0171086830000664e-07	1.0345100730341294e-14	1.56096246291696e-08	0.0	0.0	0.0	0.0	0.0
533.2732614478775	1.2504665010693543	284380.37137525633	1.5636664702966334	712.9575366511889	5.480023611788056	30.030658785754607	508308.4490677313	526.9683582563342	0.2443257665341889	277695.6506033762	0.0596950801925189	569.7937480921682	493.0851430634459	1.109155	20.388519	0.0422217828355753	0.0366104277896221	0.0036089914	0.0417689689	-0.0264284186	0.1108639719	-0.0985749822	-0.033523573	-0.0752314167	-0.0999000848	0.1972855086	0.1292753887	0.1432889419	-0.0782036311	0.0210557258	0.0922111064	0.2174117655	0.0353297773	0.1314772207	0.0602731967	0.0365229953	-0.0585307205	0.0450340443	0.0047520981	-0.0057901103	-0.0505536136	-0.0254070618	0.0183219291	-0.0918861707	-0.0534633887	0.0422333362	-0.1004782593	-0.0276817205	-0.1092150493	-0.020635288	0.0430649235	-0.0941527108	-0.1004405556	0.0517198186	-0.1708881852	0.0428262537	-0.1075267448	-0.0283728965	-0.05641237	0.0760018151	0.006831423	-0.1147330607	-0.0192265463	0.1757979966	-0.0801335266	-0.0645697412	0.0403019605	-0.0707429477	0.075777948	-0.0796460973	-0.0025975632	0.1286669585	0.0659966909	-0.0686221247	-0.1499435153	0.2702575316	-0.0040637744	0.0027749062	0.0278672828	-0.034060964	-0.009448132	-0.02158769	0.0110485902	-0.148090414	-0.1608527976	0.0429269204	0.0392780205	-0.0203938442	-0.1004959379	0.0319247446	0.1612298442	-0.0013101788	0.0436677329	-0.0867752002	-0.006672323	0.1255865	0.0191596942	-0.1562398234	-0.0225272851	-0.1877745991	-0.0868071392	-0.0608766884	-0.0532125596	0.0889951768	0.0458216267	-0.0196006519	-0.0257658087	0.2668675268	0.1855819711	-0.0233594796	-0.041586005	-0.1073638486	-0.2068155987	0.0483917369	0.0252486578	0.115543464	-0.017219971	-0.0614873717	0.0990752478	0.162119103	-0.03052371	-0.0287350673	0.0723841737	0.1888663891	-0.1329409189	-0.1145195886	-0.0052118083	0.1235069795	0.037053287	0.0807703845	0.1210857788	0.0644207194	0.0462841169	-0.0923944128	-0.0300679356	-0.0984631765	-0.0250105919	0.0212401154	0.0881379191	0.018244636	-0.0603787714	0.0	0.037359656158145	0.0005640124239789	3.181100144025581e-07	0.0013957439082548	0.0165732773969011	0.0363415868016971	0.0002746735236746	0.0013207109312652	-0.0845764331821357	0.0012638504267242	1.5973179011311742e-06	0.0071531730498122	0.0011599928036097	-4.287510017159102e-11	1.8382742147239638e-21	1.345583304426292e-06	0.0001870722849899	8.099985182189999e-05	3.499603981134236e-08	6.5609759951697555e-09	0.000124891714413	-4.676896650000566e-08	2.187336227478652e-15	1.559794032901835e-08	0.0	0.0	0.0	0.0	0.0
532.9356629688127	-0.337598479064809	284020.420864008	0.1139727330668722	713.02904289404	0.0715062428511146	0.0051131427666825	508410.41601039073	526.8398978344502	-0.1284604218840286	277560.27795021393	0.0165020799906226	569.7687177869471	489.7112071980083	1.07048	19.677589	0.1182047443846871	0.0708531914108674	0.0486984967	0.0663500549	-0.0722326573	0.0739851791	-0.0015648766	0.0149474406	-0.0084321963	-0.0363944111	0.0667322412	-0.0757690016	0.1422893205	0.0810852178	0.0492679113	0.1785604326	0.0908898043	-0.0122649563	0.1669907914	0.1382186008	0.0486536522	-0.0175605437	-0.1928366625	-0.0526802608	0.0076073231	-0.0096609606	0.0249278021	0.1995803938	0.0549253594	-0.033256644	-0.031380954	0.0243854926	-0.0459449895	-0.1217271843	-0.139867921	0.0462110688	0.0435280726	0.0941285715	-0.0452399117	0.006563251	-0.1374914594	0.0818864228	0.2125432703	-0.0278379987	0.0638128396	0.0373362318	0.0327688807	-0.0708422479	0.1592049976	0.0372105962	0.0439002319	0.0018598841	-0.0328023531	-0.0310864715	0.0078633475	0.0190275239	-0.053490475	-0.2367910497	0.0261330409	0.0351224149	0.0122704925	0.0360652265	-0.0176153927	-0.0811943282	-0.0411724687	-0.0277739989	-0.037595355	0.0270397091	-0.1317003816	0.1126155384	0.2072726486	0.0486455629	0.083909222	-0.1250659144	0.1674923319	0.1727422894	-0.0892774694	0.0277778123	-0.0098801947	-0.1197873602	0.0312616399	-0.0036064934	0.00200961	-0.1151611775	-0.1387024816	-0.0410026851	0.1090482607	-0.2158137509	-0.0789380966	0.0080915586	-0.0858234442	-0.0339102465	0.0813623793	0.056649376	0.0421981667	-0.1131473911	-0.0954139424	-0.0825544852	0.0933429366	0.0592054204	0.0232446502	-0.1073078537	0.089373731	-0.061627925	0.0596572359	-0.0806180292	0.1874389807	0.1436471056	0.0311935162	-0.0410159585	-0.1135353802	-0.0716150655	-0.0089970507	0.0929030905	0.1613770822	-0.0127600185	-0.0923531892	-0.0338642214	-0.2311732848	-0.1033585976	-0.0689614555	0.0839366049	0.0493491505	0.0865329627	0.013405232	-0.066508354	0.0	0.0321109250217261	-0.0052487311364189	2.7549178542413272e-05	0.0010311115057509	-0.0343790265559675	-0.0509523039528686	0.0011819174669359	0.0025961372781055	-0.0379789288588341	0.0465975043233016	0.0021713274091601	0.0014423990372643	0.0010760019421078	-8.399086150189992e-05	7.054464815831333e-09	1.1577801794197575e-06	-3.6932696789060415e-05	-0.0002240049817789	1.3640240921126735e-09	5.017823186179238e-08	0.0001250199705741	1.282561610999912e-07	1.6449642860106894e-14	1.5629993042348828e-08	0.0	0.0	0.0	0.0	0.0
530.9154094215156	-2.020253547297102	281871.1719612156	4.081424395366525	708.2335242433119	-4.795518650728127	22.996999129481317	501594.7248621018	525.8494415283203	-0.990456306129886	276517.6351556464	0.9810036943524584	567.2407636588099	476.3659039215423	1.126124	20.700445	0.0797469320261163	0.0510942516698	0.1490920861	0.0286773299	-0.0538906066	0.1030068134	0.0635239833	0.18780211	0.1137581373	-0.0651646395	-0.0374551434	0.0502634006	-0.0171144052	-0.0456775149	0.0242046096	-0.0940251952	-0.0872721119	0.0304962894	-0.0332211447	0.0703924	0.0419414215	-0.1136879811	-0.1039007765	-0.1382222476	-0.0907812053	0.036982513	-0.0425120713	0.0943334841	-0.0896698033	-0.0199569219	-0.0901818046	-0.1155450449	-0.0284947401	-0.093543752	-0.1012380704	0.0148472964	-0.0433058342	-0.0498397605	-0.0572287323	-0.0892933819	-0.0414373922	-0.0970526543	0.003391004	-0.0132283534	-0.0616551224	0.0543911402	-0.0334616486	-0.0054082275	0.0013077533	-0.0408990398	0.0027767197	0.0903803206	0.0358710019	0.1427893993	0.0536155944	-0.1498169919	0.0567747876	-0.1058967914	0.0941001375	0.0425580028	0.0027589668	-0.1245913616	0.10851773	0.0746005961	-0.1279959	-0.1362185833	-0.0822409017	0.0076631667	0.0293344829	-0.0053463022	-0.0695891749	0.0526832921	0.001423245	-0.0266023005	-0.1131832593	0.1475802752	0.0738578325	-0.0776809327	-0.1745195144	-0.1281150842	0.1006535873	0.0428906415	0.0748698863	0.0251332826	0.0626586973	0.0374291998	-0.0283381617	0.0341806293	0.0722960263	0.0356878123	-0.0070256604	0.0160637459	0.1366391061	0.0781495315	0.0243550748	0.0169052835	-0.0206101837	-0.0283419687	0.0932979628	0.0722340842	0.1271884511	0.1222254595	-0.0104924822	0.0176742918	0.0675643572	-0.0914459094	-0.0151203473	0.1128641222	0.1030010348	-0.0053353647	-0.1559354873	-0.117087406	0.0578163212	-0.0248661716	-0.0929684674	0.0329014514	0.0900909003	0.1042657772	-0.1958366883	0.0904817834	-0.0511669462	-0.0235621725	0.1351478756	0.0848895389	0.0085419939	-0.0723719246	0.0	0.0498559906407365	0.0177450656190104	0.0003148873538229	0.0024856198027692	-0.0343409103099361	3.811624603140135e-05	0.001179298120915	1.452848211526319e-09	-0.0782834543016406	-0.0403045254428065	0.0016244547711698	0.006128299217397	0.0011599800796368	8.397813752900008e-05	7.052327582839652e-09	1.345553785154197e-06	0.0003120724577834	0.0003490051545724	9.738921890697197e-08	1.21804597918147e-07	0.0001248187683102	-2.0120226389998535e-07	4.0482350998479355e-14	1.5579724922475392e-08	0.0	0.0	0.0	0.0	0.0
530.3840782170311	-0.5313312044845588	281307.27042612975	0.2823128488590121	708.7617148825042	0.528190639192303	0.2789853513303736	502343.16848318814	525.6178233374848	-0.2316181908355474	276274.0962100353	0.053646986325932	567.4353280722755	470.8866065457442	0.989474	18.188543	0.1822866828575089	0.1124879072528242	0.1724988499	0.0489039228	0.0424465018	-0.0056103236	0.1023057646	0.1380574571	0.0019661167	-0.1522489289	-0.1743318686	0.084946561	-0.0141646817	-0.0440264382	0.0811650976	0.0702217426	0.005052049	0.0399825723	0.1162792379	0.1502375286	-0.0221139708	-0.1084407863	0.1326954875	-0.2262088146	0.0421012789	0.1099273198	-0.0132518367	0.1330163224	0.0732570667	-0.0247459522	0.0281094342	-0.12752832	-0.0844232154	0.0233373966	0.0090666412	-0.0403681413	0.0076439704	0.061750178	0.0182954414	0.0055300464	0.1457137908	-0.0238273431	-0.0195083357	-0.0068696054	-0.1141909017	-0.0496180878	0.0065613411	-0.0840290086	-0.0175561712	0.1463544861	-0.0382520294	-0.104855926	0.0026601363	0.0615484107	-0.0622433796	-0.0144364353	0.1732478205	-0.026275478	-0.0936580836	-0.0578423761	0.0606623984	-0.02394219	-0.0792503924	-0.0823761811	-0.0774369049	-0.2022943109	0.0337127177	0.0859870555	0.0616139033	0.0842534462	0.0478336376	0.1665316203	0.0329636901	-0.1047729775	0.085791829	-0.0246684936	0.0556317169	0.048951881	-0.1034943755	0.0596773394	0.1042315129	0.0304244614	-0.1134007485	-0.1005944319	0.0613757235	-0.0171244181	-0.1746914705	-0.0090410512	0.0786159516	-0.0611284715	-0.084567934	-0.0429187497	0.1158078495	0.0391497358	-0.029768317	0.0843930312	-0.0451937857	-0.0355549266	-0.0068721585	-0.0121075368	0.2202080378	-0.0550612353	0.05585493	0.0579200701	-0.0257847513	-0.071349917	0.1965423956	0.1083851403	0.0383905516	-0.1270721339	0.0093645297	-0.0666984157	0.0699509782	-0.0792042226	-0.1744272022	-0.0208034131	0.0287763006	0.0077249022	-0.1487246458	-0.049912707	0.0188836279	-0.0574542576	-0.0121610568	0.0832083783	0.0036635686	-0.0779460309	0.0	0.0498355964589478	-2.0394181788702115e-05	4.15922650830629e-10	0.002483586674419	0.0524353795518379	0.0867762898617739	0.0027494690287453	0.0075301244821746	-0.0316545618398294	0.0466288924618112	0.0021742536122151	0.0010020112852715	0.0006050068132018	-0.000554973266435	3.079953264575336e-07	3.660332440205978e-07	-0.0001099619821169	-0.0004220344399003	1.2091637511077436e-08	1.7811306846195997e-07	0.0001250331890176	2.144207073999968e-07	4.597623976191503e-14	1.563329835591089e-08	0.0	0.0	0.0	0.0	0.0
531.692719455976	1.3086412389449151	282697.1479224912	1.7125418922672824	709.3998590720154	0.6381441895111948	0.4072280066068997	503248.1600513953	525.7784899846176	0.1606666471328708	276443.02053050464	0.0258137715009184	567.4117867751843	470.50763628928365	0.942971	17.333729	0.1661030264278835	0.1023331056508518	0.1541351464	-0.0382801297	0.0953710325	-0.0285610726	0.1933552037	0.0855146599	0.0401341872	-0.0707299329	-0.2627899772	0.0980372916	-0.0606936725	-0.139259505	0.007561032	0.1594642034	-0.0118630385	-0.0934534306	0.1091885978	0.0806516716	0.0105970036	0.0401041921	-0.0915461785	-0.1745261618	-0.027331281	0.0554269991	0.0108042226	0.0274166179	0.0794464851	0.0034193127	-0.0738439007	-0.0526723859	-0.0506202254	-0.0027215632	-0.0422267055	-0.0678836092	-0.1253107611	0.1003149066	-0.0306161108	-0.0549509081	-0.0697026696	-0.0765420573	0.1511882574	0.0567176958	-0.1378328451	0.066304833	0.002579624	0.0387275187	-0.0411142875	0.1352633125	0.1209312154	-0.0230975191	0.1054807797	0.0616645489	0.0314777627	-0.0317242698	0.1664042103	0.126267856	-0.0196709382	-0.0570548426	-0.1561328251	0.0401827206	-0.0574344064	0.0046660076	-0.0688185331	-0.1410420182	0.026160089	0.0259174676	0.2129419601	0.1105396868	-0.1415286439	0.0904765927	-0.0224465292	0.0276471987	0.029775971	0.0182634567	-0.0092266528	-0.0190287439	-0.1255739493	-0.0532541941	0.1705306804	0.0199792852	-0.0038777146	-0.0692504944	0.0159831094	0.0092947866	-0.0366920429	-0.0222383141	0.1732881778	-0.0413242339	-0.1626198259	-0.048437081	0.0805880851	-0.0045124306	-0.1210125434	0.1072398762	0.1070449713	0.0855086581	-0.0092423372	0.0535165848	0.1249670307	0.0776804041	0.0294573452	0.0410361788	-0.0205544244	-0.1314185973	0.0241671391	0.0924408456	0.1000086562	0.0117491236	-0.0252236347	-0.0814431776	0.1851970218	-0.1688226186	-0.2034159059	-0.0591015799	0.0531313073	0.0248357016	-0.0641744393	0.0142408335	-0.0161770927	-0.0671777564	0.0114032881	0.0814902283	-0.0012213705	-0.0832083783	0.0	0.0471163386740585	-0.0027192577848893	7.394362900681074e-06	0.0022199493700485	-0.0365258905536052	-0.0889612701054431	0.0013341406807339	0.0079141075787736	-0.0673823579149655	-0.0357277960751361	0.0012764754123865	0.0045403821581805	0.0008899684949486	0.0002849616817468	8.120316006396454e-08	7.920439220010762e-07	0.0002481139469612	0.0003580759290781	6.156053067666518e-08	1.282183709851445e-07	0.000255889627441	0.0001308564384234	1.7123407476857078e-08	6.547950143189378e-08	0.0	0.0	0.0	0.0	0.0
533.3037176777699	1.6109982217939205	284412.85528893047	2.595315270623174	710.682183711174	1.2823246391586736	1.6443564801934225	505069.1662444829	525.777352081486	-0.0011379031316209	276441.8239618189	1.2948235369528506e-06	568.0248801682552	485.9265443173353	1.00525	18.478542	0.1286654820221939	0.0737467496681631	0.0362238128	-0.0127765112	0.1686973418	-0.0718471732	0.1875514887	0.0399972931	0.0225237961	0.0292331228	-0.1125521721	0.1270233073	-0.0538412524	-0.0485804118	0.0881137977	0.2293902615	0.0527249714	-0.0282241629	0.0487710143	0.0754530203	0.0923222885	-0.0856668722	0.0948747962	-0.2300609182	0.0532539296	0.0620873942	0.0163961168	0.0981060711	0.1820985385	0.0122508733	0.0535294712	-0.0162989999	-0.0322933907	0.1082508852	0.1032981596	-0.0762842202	0.0587369944	-0.0347914849	-0.0347175267	0.1054976572	0.0050228185	0.0283736777	0.0438971576	0.0104912064	-0.144870981	0.0235431517	-0.0128106961	0.068994889	0.000161762	0.0460727336	0.0036058338	-0.1392025573	0.0071943503	0.0374213743	0.0740992901	0.046317559	-0.1711527097	0.0814782954	0.0411651283	-0.1082737371	0.041333753	0.0768474167	0.0827812687	0.1158465505	0.0153185304	-0.1516551378	0.0627423811	-0.0348342832	0.2373861104	0.0512441802	0.0522252632	0.1711504849	0.0244092335	-0.0612440665	0.0759578627	-0.086255567	-0.0064989511	0.1281787196	-0.0346611899	0.1140855713	-0.0591956045	0.0183810398	-0.0454624369	-0.0424337877	-0.0578377648	-0.1425465364	-0.0276064071	-0.0028717326	-0.0159652748	-0.0250903226	-0.1269989008	-0.0428428664	0.0710450609	-0.06442498	-0.0705691446	0.0177815173	0.0275839238	0.0936636874	0.0072592957	-0.0337252135	0.1395505174	-0.0584068006	-0.0402201059	0.032238222	-0.1048875071	-0.0414058807	0.173100768	0.0618189763	0.0518419993	-0.0012823606	0.0417837461	0.0573593569	0.1313355387	-0.1352066972	-0.1541184423	-0.0236042945	-0.0937321953	-0.0779854613	-0.0720827135	-0.1104721161	0.0971894293	0.0374834115	-0.0913229082	0.0797358525	-0.006104138	-0.0881379191	0.0	0.0498513905603061	0.0027350518862476	7.480508820466584e-06	0.0024851611407961	0.0224326861138735	0.0589585766674787	0.0005032254062835	0.0034761137626549	-0.0458388575187029	0.0215435003962626	0.0004641224093237	0.0021012008586199	0.0005530255526496	-0.000336942942299	1.1353054636510727e-07	3.058372618833955e-07	-0.0001093697223946	-0.0003574836693558	1.196173617667187e-08	1.277945738560869e-07	0.0004700300772303	0.0002141404497892	4.58561322359637e-08	2.2092827350112173e-07	0.0	0.0	0.0	0.0	0.0
534.6163346695114	1.3126169917414927	285814.625295463	1.7229633670084858	711.4113466863402	0.7291629751661048	0.5316786443530856	506106.1041940721	527.5913658610151	1.8140137795290912	278352.6493310915	3.290645992321418	569.9601657062939	497.49048761158286	1.085348	19.950901	0.1896644552975715	0.1119026629047423	-0.0691610036	-0.1506265392	0.1265908365	-0.0138157095	0.2329546166	0.027890545	0.0077426917	0.1458272621	-0.0605920758	0.0599653366	-0.0147575818	-0.1100377585	0.12340989	0.1176103818	0.0174795971	-0.0118208751	0.0613154305	-0.0324541754	0.190691877	0.1455504068	-0.0619282382	-0.0601743446	-9.1e-08	-0.1043887821	0.0371563589	-0.0536166923	0.0382920239	0.0463841095	0.0887887468	0.1248909871	-0.0378939418	0.158535344	-0.0145296075	0.1306861763	0.0885655913	-0.0274007211	-0.0067785023	-0.1371312145	-0.084839323	0.0874927727	0.0200375173	0.0764366452	-0.0875502919	0.1002942103	-0.1107440441	0.1257454805	-0.0512339131	0.1738484709	0.1414568724	0.1333089619	0.0555750343	-0.0056181675	0.0450049645	0.0248141494	-0.0623710488	0.0721000273	0.0011051611	0.0181942562	-0.0257479105	-0.0532137786	-0.0991840831	0.0912966053	-0.0404347105	0.0320912841	0.0501449773	-0.1706041134	0.1496774999	0.049262038	-0.0686947099	0.0512090984	0.0656968274	0.0850827909	0.0116844425	-0.0350535459	0.0578918902	0.0380073578	0.1654860929	-0.035169651	-0.0217477755	-0.1732600384	-0.0707728879	-0.0189626998	-0.1526053356	0.0209930126	0.1099478962	0.0518178931	0.0687019058	-0.0691385465	-0.1177940662	-0.0773224465	-0.1012105106	-0.0706745574	-0.1236025588	0.0351432822	-0.1317946081	0.0304151504	0.0553899299	0.0958702013	0.0211465625	0.0184278514	-0.0905323921	-0.0452638548	-0.1619474115	-0.0807009053	0.017865544	0.0443505514	0.0972526083	0.1586446064	-0.0083047835	0.0553767127	0.0437382129	-0.0385565682	-0.0622770088	-0.013557784	-0.0259526433	0.0333517909	0.005415986	-0.0409621272	-0.0280484299	0.0557578144	-0.0802248244	0.0779460309	-0.0109760526	-0.0927149366	0.0	0.0578383565091087	0.0079869659488025	6.379162506733218e-05	0.0033452754836747	-0.0643928214754083	-0.0868255075892818	0.0041464354575638	0.0075386687681364	-0.09753779481494	-0.0516989372962371	0.0026727801175602	0.0095136214173613	0.0009979830280537	0.0004449574754041	1.979871549179903e-07	9.959701242832325e-07	0.0001236422328281	0.0002330119552227	1.5287401738718085e-08	5.4294571276705556e-08	0.0002849386185921	-0.0001850914586381	3.425884806081649e-08	8.119001636517425e-08	0.0	0.0	0.0	0.0	0.0
535.9917980775652	1.3754634080538608	287287.2076064215	1.8918995868951416	713.6175027273106	2.206156040970427	4.867124477110309	509249.9401987631	527.4527439281253	-0.138621932889805	278206.3970773085	0.0192160402781056	571.0883143909979	511.4912878844605	1.115774	20.510197	0.2202073217726857	0.1375086447770827	-0.1817244691	-0.0671068079	0.0701979644	-0.1311399388	0.1121466838	-0.1112932022	-0.0304898228	0.1535226824	0.0008682952	0.0502917073	-0.0447569108	-0.0475545345	0.1512448114	0.0374766994	-0.0338029297	0.0290696692	0.0748013673	0.0414644704	0.0613058797	-0.0338340237	0.0079184958	0.0316204673	0.0200372699	0.0032755892	-0.0047958632	-0.0595674512	0.0901861183	0.0060108105	0.1305354063	0.1822384939	-0.0683996957	0.0982049666	-0.0071606829	0.0011377977	0.0572328629	0.0522165661	-0.1671800314	-0.2023256749	0.0514628106	0.0410024217	0.0204864206	-0.1237908052	-0.0048908753	-0.0515655896	0.0783083985	-0.0610282687	0.0495250266	-0.0090191723	0.0053961164	-0.0233145107	-0.0509527983	0.073363069	0.0314489715	0.0668507563	-0.0301676835	-0.1487536017	-0.2004545234	0.0040809401	-0.0790531904	-0.0577440508	0.0520545072	0.116645502	0.1066365619	0.1029441807	0.0842689274	-0.0902608829	0.1077384299	-0.01992331	0.0268071638	0.147746998	0.1165883	-0.0470666173	0.0009344294	0.0385854272	0.0812115483	0.0243023064	0.0757732978	-0.0748186386	-0.0795515265	0.0212362089	0.0087999799	0.0431373427	-0.0967605046	-0.0750485258	0.0057699385	0.0468371769	-0.1144269463	-0.0561314869	-0.1906853497	0.2205312263	-0.0432060469	0.0158278437	-0.0228779048	-0.051891739	0.1012436987	-0.0298874426	0.114404692	-0.0852482622	0.0272804448	-0.0885807064	-0.0741313365	0.0760930121	-0.1514179492	0.1209893487	0.1180886752	0.0857789378	0.1283739643	0.1339362217	0.0070248993	0.1073777281	-0.0055723585	0.0322138816	-0.0288118609	-0.0022085204	0.0444543163	-0.070419907	-0.0156813663	-0.0291167227	0.0073344706	0.0687197563	0.0733559181	0.0761215592	-0.0158284522	-0.0969211244	0.0	0.0499862366797003	-0.0078521198294084	6.165578581538861e-05	0.002498623857399	0.0518447363138108	0.1162375577892191	0.0026878766834485	0.013511169840802	-0.0446474742724518	0.0528903205424882	0.0027973860070871	0.0019933969589092	0.0005800273658979	-0.0004179556621558	1.7468693552809326e-07	3.364317451904564e-07	-0.0001093556361813	-0.0002329978690093	1.1958655164616849e-08	5.428800696292151e-08	0.0004985315596583	0.0002135929410662	4.56219444733092e-08	2.485337159753372e-07	0.0	0.0	0.0	0.0	0.0
536.2965434781656	0.3047454006003818	287613.982546628	0.0928697591870871	713.2541146921864	-0.3633880351242169	0.1320508640714391	508731.4321253345	528.3514925950875	0.8987486669622058	279155.2997274568	0.8077491663663419	571.1350509892392	513.8021121603276	1.068931	19.649132	0.2093462251764371	0.1306009720934458	-0.1825133351	-0.0403015929	-0.0817640966	-0.0235136853	0.1281319339	-0.0644054588	0.0357598739	0.1430688721	0.0478392872	-0.1218699613	-0.1636347821	-0.081567789	-0.0526030192	0.0439565847	0.1771291674	0.1073390283	-0.0625536859	0.0169038307	-0.1393450014	-0.1684299735	-0.0361206637	0.179872068	-0.0595461042	-0.0302436301	0.0833181383	0.0026578005	-0.122254569	0.1410343197	0.1765439797	-0.0989898376	-0.0573542792	0.0335147611	-0.1064970334	-0.0594466397	-0.0091149334	0.0081318934	0.1070320492	-0.1207268387	-0.1105368716	0.0670338309	-0.0855091553	0.0671387176	0.0858545373	-0.027666563	-0.0394438194	-0.0505114109	0.0072251235	0.1258739925	0.0747554238	0.0167398282	0.1276292021	-0.1742093713	-0.0072639774	-0.0761193555	0.0600270455	0.0496518288	0.0699956045	-0.0634810476	-0.0055552862	0.0264954163	0.0240063517	0.1059867494	0.0692596852	0.17744696	-0.1491990469	-0.0685623299	0.0563337368	0.046157857	-0.031203629	-0.0525620908	0.0773772565	0.0197690726	-0.0965181902	0.0486387753	-0.0686940863	-0.0117500056	0.0730922398	0.1312376384	0.0926315312	0.0210840715	-0.1513837017	-0.0950067044	-0.0252309315	0.0035011436	0.0834351846	0.1734406338	-0.0725073817	-0.1236432847	0.1207816038	0.0824693202	0.0364209911	0.0575040469	-0.0555799333	0.0776482978	-0.1198540484	-0.0607866322	-0.0276217583	0.0460778721	-0.1172526416	-0.0094742807	-0.046028913	-0.1003390972	-0.0475122071	0.0364250732	0.0280956891	0.12667991	0.1696750047	0.1609991722	-0.0189718031	0.0771296036	0.0284496419	-0.1564244802	-0.0172114837	0.0642896062	-5.79736e-05	-0.003321112	0.0111875391	0.0631621919	-0.0911030723	-0.1136128455	-0.2157253281	0.0742632484	-0.0206527093	-0.100739659	0.0	0.0498905587367914	-9.567794290889914e-05	9.154268759278564e-09	0.0024890678510692	-0.0557375980487506	-0.1075823343625614	0.003106679836244	0.0115739586668979	-0.0936067906602886	-0.0489593163878368	0.0023970146611643	0.008762231257719	0.001061934660514	0.0004819072946161	2.3223464060420875e-07	1.1277052232009846e-06	0.0003432010249624	0.0004525566611437	1.177869435352419e-07	2.048075315455337e-07	0.0003788175857555	-0.0001197139739028	1.4331435547600296e-08	1.4350276327762558e-07	0.0	0.0	0.0	0.0	0.0
535.2855782572481	-1.0109652209175692	286530.6502901964	1.0220506779049097	712.7668452147382	-0.4872694774481942	0.2374315436526363	508036.5756373705	527.2715797658346	-1.079912829252862	278015.3188287589	1.1662117187849217	570.665490462706	514.4511155714832	1.124396	20.66869	0.1879785569339134	0.1206450193461939	-0.1605991231	0.0678219644	0.0526116103	0.0723099271	0.1096432704	0.0326789658	0.1639066146	0.1324758372	0.100434084	0.117627247	-0.0072676404	0.0972910879	0.1647759347	-0.043890861	-0.0133248039	0.1693558553	0.0358319254	-0.0435840589	-0.0598681762	-0.0739265425	0.0418900131	-0.069631981	0.1423817459	-0.0397752045	0.0482005027	0.056068744	0.1452531093	-0.0871228675	-0.0604769012	-0.0621314783	-0.0064705744	-0.0893622799	0.0686026866	-0.0473244305	0.0784815499	-0.1055602932	-0.0224231907	-0.1286717547	-0.0014437577	0.13639734	-0.1903065655	-0.1529865144	0.0695675445	0.0176320229	-0.0144755785	0.0168652649	-0.0516631949	0.090639406	0.0387320614	0.0085437364	-0.0042929002	-0.0578839437	-0.0728069471	0.2054403945	0.0451400037	0.0349431537	-0.1928077744	0.0555164359	-0.1932564819	-0.0312173282	0.0559270517	-0.0363036126	0.0673593826	-0.0713489566	-0.0351682967	-0.1817118705	-0.0039855948	-0.0975310598	0.1100730787	0.1014467166	0.2003974272	-0.0413541392	-0.0234915018	-0.0190468666	-0.0467525742	-0.0962712695	-0.0798227231	-0.1080428403	-0.1376875057	-0.0565322222	-0.0372772893	0.0527153746	0.083022798	-0.1008512741	0.0418865533	0.2035304207	-0.0240413558	-0.1448043794	0.0543607989	0.0117594365	-0.1408302657	0.0181942265	-0.0467156963	0.0157031609	-0.125617725	-0.0063525639	0.0898929929	-0.0622999653	0.0538400382	-0.0060740675	-0.1078966235	0.1310000749	-0.0214634103	-0.0137872906	0.1423362989	0.0547889518	0.0915783604	0.1616903602	-0.1010879136	0.1119157258	-0.1815311123	0.0836649317	-0.006991959	0.0586785547	-0.0166646044	-0.0879758064	0.0239791673	0.1163415783	0.0485338802	0.0894116883	0.0009856504	0.0723719246	-0.0254402467	-0.1041552675	0.0	0.050006596839367	0.0001160381025755	1.3464841249345387e-08	0.0025006597274549	0.0438069619999197	0.0995445600486703	0.0019190499196624	0.0099091194352833	-0.0451460456728511	0.0484607449874375	0.0023484438047374	0.0020381654398951	0.0006119534670668	-0.0004499811934472	2.0248307445616653e-07	3.7448704585507705e-07	0.0001681684798704	-0.000175032545092	2.8280637621921127e-08	3.0636391841383025e-08	0.0005509481231209	0.0001721305373654	2.9628921893701367e-08	3.035438343704424e-07	0.0	0.0	0.0	0.0	0.0
534.2817284740108	-1.0038497832372286	285456.9653811766	1.0077143873054308	710.6695023770976	-2.0973428376405536	4.39884697860213	505051.1416089116	527.1314955869335	-0.1400841789011337	277867.6136397173	0.0196235771784048	569.5484436039987	501.5288832932498	1.231266	22.633171	0.1467586383715658	0.0872541865397693	-0.0858769638	-0.1072803581	-0.1112398336	-0.0635211047	0.0697356808	0.0524742701	-0.0572769534	0.1810408008	-0.1751827929	-0.0744859202	-0.0629623094	-0.1025301938	0.0354763084	-0.1616660096	0.054792243	0.0522186354	0.0439725295	0.1249452923	-0.0313184739	0.0561987967	-0.0238236426	0.0053242664	-0.1015272	0.0009470151	-0.0123399455	-0.0672019885	0.0850647869	0.1575285604	0.092027221	0.0250670526	-0.1183667068	-0.0797009875	-0.1093733277	0.0949810517	0.0407379497	-0.0442657961	-0.0903828103	0.0829717298	-0.0508621223	-0.1238512327	-0.0451012693	0.0731002269	-0.0108710387	0.0941248588	0.0561044457	-0.0789386652	0.1064767068	0.0059944497	-0.0164267828	-0.0734478067	-0.0992566429	0.0517201008	-0.1182415041	-0.0425096492	0.0007585115	0.1165480316	0.0231786067	-0.0268524585	0.025124206	0.1222177181	-0.0856915017	-0.0605435085	-0.0494053914	0.1462146423	0.0486159916	-0.0535978294	0.1367798677	0.1734269402	-0.0772397226	0.0606145544	0.0551018308	-0.130015639	0.0115305064	0.1063335696	-0.067423457	0.0871605078	-0.032631527	-0.1036605592	-0.042679589	0.0317881991	-0.0527682477	0.0755484431	-0.0527382179	0.1344593034	-0.0686787184	0.0225677047	-0.1179727994	-0.0784203928	0.1065334469	-0.0509773755	-0.0606644313	0.0364465107	0.0109734331	0.0339906556	0.0834965204	0.0041413437	-0.0314157289	0.0658599221	-0.0257637002	-0.0773148492	0.0675072363	-0.0456691347	-0.1645106541	0.0722205567	0.0126415042	0.091925767	0.1895742305	0.0333124401	0.0770964687	0.0277561711	-0.0311565199	0.0325614385	-0.1558126664	-0.0776135333	0.0021967867	0.1064160041	0.031356667	0.0490468124	-0.1053615827	-0.0467456597	-0.0082311007	0.0704484286	-0.0301825523	-0.1071542885	0.0	0.062082784363028	0.0120761875236609	0.0001458343051066	0.0038542721142662	-0.0173513540471077	-0.0611583160470274	0.000301069487268	0.003740339621708	-0.0911633033802985	-0.0460172577074474	0.0021175880069136	0.0083107478832083	0.0010889594596103	0.0004770059925434	2.2753471692240954e-07	1.1858327046747564e-06	0.0001682602296997	9.174982930001965e-08	2.8311504898595813e-08	8.418031176582741e-15	0.0004779083236251	-7.303979949579997e-05	5.334812310386661e-09	2.283963657901533e-07	0.0	0.0	0.0	0.0	0.0
535.1394688738358	0.8577403998249338	286374.251146571	0.7357185934918372	712.7417670253238	2.0722646482262235	4.294280772288154	508000.826462381	527.0493444197017	-0.0821511672318138	277781.0114532373	0.0067488142775494	569.9872169518787	503.692034143184	1.082798	19.904028	0.1186030829994781	0.0797434585849955	-0.0878369773	0.019774382	-0.0792976246	-0.0097057075	0.1488192358	0.0078632386	0.1025091231	0.0385766597	0.0861521612	-0.0918428026	-0.0453965876	0.0291571351	0.136953227	-0.1212065594	-0.0013103073	-0.1217081963	0.0287359658	0.1494981426	-0.1308060289	0.0216005248	0.0178841701	0.0395125946	0.0177779669	0.1528037806	0.002201265	0.1101886884	0.0493294628	0.0081831177	-0.0533680927	0.0179214604	-0.1211180015	-0.1017387667	0.0833181678	0.0780969135	0.1055649439	-0.0326335311	0.1929779702	-0.1493568357	-0.1156728762	-0.0969636024	-0.1474893149	0.1149245561	-0.0742990519	-0.0355582664	-0.0398344129	0.0687216468	0.0789489148	-0.123747015	-0.0280955634	-0.0993765613	-0.0259637593	0.0223816574	0.0742939644	-0.0124306847	-0.0254403161	-0.0749435543	0.008618314	-0.0361622241	0.0645446629	0.1435649846	0.0437246477	0.0816101625	0.0591811473	0.0135187273	-0.1268383557	0.0188895745	0.0514187365	-0.0337144324	0.0643748668	0.1904710737	0.005360892	-0.106540475	-0.0505158435	0.0193760445	-0.0924955506	-0.0826357728	-0.024418058	-0.0023650647	-0.1513039882	-0.0681390799	-0.0494795893	-0.0161259454	0.0390311493	0.1647677021	0.1045356798	0.0051868005	0.0223585759	0.0915351734	0.0307053983	0.0222745531	-0.0114305168	-0.0682356772	-0.0428549533	0.2425568688	0.0400880834	0.0656273213	0.1270877495	-0.06514783	0.0642521196	0.0773911317	-0.0545798404	-0.0090481375	0.0491020645	0.1277230805	0.0710685706	0.0942639735	0.1159199818	0.107919096	-0.0842361836	0.0891903152	-0.0772807195	-0.008213544	0.016873594	-0.054922219	0.0516563845	-0.1378902242	0.0957123595	0.0677939544	0.249346625	0.0464340604	-0.0042656	0.0684936154	-0.0348711943	-0.1097247271	0.0	0.0636194748922207	0.0015366905291926	2.3614177825105308e-06	0.0040474375855618	0.0497307760031731	0.0670821300502808	0.0024731500818777	0.0045000121720827	-0.0530569456395539	0.0381063577407446	0.0014520945002656	0.0028150394805985	0.0009819490665631	-0.0001070103930471	1.1451224220116202e-08	9.642239693241437e-07	0.0001682988820408	3.8652341100004065e-08	2.832451369618312e-08	1.494003472511063e-15	0.000608417371822	0.0001305090481969	1.7032611661260777e-08	3.701716983347898e-07	0.0	0.0	0.0	0.0	0.0
536.9002930060278	1.760824132192056	288261.9246299585	3.100501624509907	713.1655828218559	0.4238157965320397	0.1796198293900872	508605.14852163737	528.4694056832717	1.4200612635700054	279279.9127432304	2.0165739922920403	571.6221660036615	503.9214339072626	1.136238	20.88637	0.2080090251479775	0.0951169114449701	-0.0987092544	0.1415009239	0.0168922375	-0.0783937913	0.1838640871	-0.0391106226	0.0357893819	0.0149405605	-0.117707502	-0.1188532137	0.0039009126	0.0993849368	0.1069304333	0.0869886254	0.0812694761	0.1765857231	-0.0997941457	-0.0356158526	-0.0727912684	0.0329737917	-0.019653892	0.0133982566	0.000457712	-0.046339995	0.2918687074	-0.0337071338	0.0293914508	-0.218498866	-0.0985190747	-0.0428930121	-0.1963319354	-0.0031955949	-0.0100446844	0.0573078609	0.1749067132	0.0864529362	-0.033126829	0.0800214457	-0.0921787384	0.0376239134	0.0571299225	0.1141131823	0.0912710429	-0.0711019661	-0.0642587833	-0.0325149804	0.0051836786	0.0631154744	-0.0111026492	0.1342926695	0.081970836	0.0379078278	-0.0074470797	0.1596058038	-0.0870759417	0.0405182605	0.0228192544	-0.0336604466	-0.0457412367	0.0360405123	0.0476979893	-0.1711506497	0.0776202187	0.0202342084	-0.0518836949	-0.008008284	-0.0253434919	0.1027523691	-0.1485829592	0.028835326	0.2804713837	-0.0456669301	0.2116206523	0.0061285473	-0.0691329602	0.0331191157	0.0246357684	0.1600389983	-0.1195744585	-0.1643524791	0.1912068173	-0.1346231199	-0.0474369312	0.0614055576	0.009214511	-0.1410803707	-0.1076844965	0.0536150921	-0.0079933745	-0.0204775747	-0.0186128589	0.0415931461	0.0397049442	0.0745116279	0.0630349686	0.1681102857	-0.1151439047	-0.2124084803	0.139231858	0.0652563449	-0.0168014662	-0.202038712	-0.1465575999	0.1018404897	0.0929506781	-0.0337862041	0.2445119864	-0.0316728989	0.2055651251	0.1125341702	-0.0685739303	-0.0540249178	0.2507099831	0.022347162	-0.1019020607	-0.0859483603	0.1349404312	0.0865171412	0.2382783667	-0.0118852669	0.2117646224	0.066508354	-0.0394978367	-0.1118563022	0.0	0.0912383296556385	0.0276188547634178	0.0007628011384427	0.0083244327983509	0.0805444080582731	0.0308136320551	0.0064874016694576	0.000949479920427	-0.0087808473248287	0.0442760983147252	0.0019603728819752	7.710327974195133e-05	8.579822379260933e-05	-0.0008961508427704	8.030863329982608e-07	7.3613352059666745e-09	-0.0005349524489868	-0.0007032513310276	2.861741226769749e-07	4.94562434592091e-07	0.0011150239983186	0.0005066066264966	2.566502740102656e-07	1.2432785168263971e-06	0.0	0.0	0.0	0.0	0.0
536.0469896000351	-0.8533034059927331	287346.3750592601	0.7281267026787992	714.2155886983377	1.050005876481805	1.1025123406463235	510103.90713971306	528.1811481546039	-0.2882575286678275	278975.3252659156	0.0830924028336834	571.5673168658304	509.85597369402177	1.398842	25.713566	0.324124864205856	0.1866265414245736	-0.1241766656	-0.0818916462	-0.0977153323	0.0861885539	0.07530395	0.0328067476	0.1014120959	0.1167667119	0.0357708362	-0.1880252552	0.003211181	0.0087032476	0.0177713764	0.0040162548	0.0110603924	-0.0640702387	-0.0782541847	-0.1745630219	-0.2428440977	0.1039819289	-0.10115983	0.0623641877	-0.1369627865	-0.1633637051	0.0800748131	0.0562898539	0.0805828235	0.0017188376	-0.0906187405	-0.0590237155	-0.0359428016	0.0723643259	-0.0872414529	0.0502127173	-0.0338011011	0.066124872	-0.1980445942	-0.0931356707	0.0018549886	0.1176063046	-0.1059799544	0.1164106575	-0.0611436261	-0.0789000392	0.0631356052	0.0189635686	0.0186995559	-0.0622852537	0.0027630127	-0.0539258934	-0.0218155706	-0.1374253542	-0.0800655152	-0.0803514381	-0.0335525432	-0.09952991	0.0532123349	-0.0912609781	0.1365630317	0.1715348077	0.1097633536	0.0144539717	-0.0265469297	0.0890533244	-0.1459460628	-0.0975634997	-0.0229298498	0.012551916	0.0280458946	0.0254045673	0.113129557	-0.0150843472	0.0122219404	-0.0118036537	-0.0682632714	-0.1210894715	0.1566957734	-0.0412832999	0.1188741203	0.1729381961	0.1115259045	-0.1369876666	-0.0788009071	0.2152215091	-0.1042669672	-0.0506616987	-0.0704650563	0.0514188272	-0.0778499514	-0.0288306666	-0.0381871973	-0.0562046481	-0.178509625	-0.1178180218	0.1246218933	-0.0975792312	-0.0132981041	0.1123084011	-0.0145382568	0.031363656	-0.0787812338	-0.1228895583	-0.0806800528	0.0477554137	0.0627660827	0.0422877665	0.0453949039	0.0641718367	-0.0874583396	0.0342879486	-0.1128350876	0.0474982747	0.094258618	-0.0379864557	-0.0132877647	0.0402810491	0.0833131055	-0.0756266232	-0.1659567842	-0.0725915108	0.0444414892	0.064493527	-0.0440542534	-0.1135404882	0.0	0.0842309240447036	-0.0070074056109348	4.910373339616184e-05	0.0070948485654246	-0.0556507439030866	-0.1361951519613597	0.0030970052969669	0.0185491194177778	-0.0904428504304206	-0.0816620031055919	0.0066686827512177	0.0081799091939794	0.0011629418957428	0.0010771436719501	1.1602384900223405e-06	1.3524338528738576e-06	0.0001330086919091	0.0006679611408959	1.7691312123369885e-08	4.461720857469524e-07	0.0008749227406053	-0.0002401012577132	5.7648613955508494e-08	7.654898020282892e-07	0.0	0.0	0.0	0.0	0.0
533.0715885437762	-2.975401056258874	284165.3185125851	8.853011445586427	713.3139079994809	-0.9016806988568078	0.8130280826909013	508816.7313454919	526.9311275833223	-1.2500205712815389	277656.4132162315	1.5625514286270243	570.1294659704555	499.3798873101424	1.091799	20.069483	0.0843056465116582	0.0379933898439289	-0.027017276	0.0052328102	-0.131871595	0.0639572453	0.0498841203	0.022530531	0.1430132728	0.0638705399	-0.0750092589	-0.0772195021	0.052071562	-0.0352451518	0.0298619405	-0.1847935208	0.044794904	-0.0205912043	0.0323938244	0.0655801585	-0.1357279004	0.1873949425	-0.0409664731	-0.065159364	-0.0785214715	-0.0504800827	-0.076546314	0.0261955403	-0.0840359052	0.0498512921	-0.05126856	-0.013944899	-0.0654172561	-0.0007460275	0.0118258105	0.0345572364	-0.0347102332	-0.0077050701	0.0005517183	0.1202138129	0.0034573075	-0.0575265388	-0.1006354972	0.0703290742	0.153016072	-0.1044182765	0.1278589505	-0.0636677866	0.0049564403	0.1818171445	-0.0226530325	0.0094613835	0.0759347192	-0.1145619709	0.1643888418	-0.0798579078	-0.1713800279	-0.0877763863	-0.133978849	0.0235924292	0.0866417457	0.0916119608	0.1024453496	0.0116377036	-0.0597407697	0.0295620497	-0.0302526696	-0.0491592416	-0.0909118969	0.0379206942	-0.1159571765	0.0885897104	0.0279448524	0.0222316926	-0.0445670604	0.1588064385	-0.060839732	-0.0792633019	0.0677488983	-0.1153872171	-0.0837321575	0.0290443265	0.0741038681	-0.2953752353	0.1426951904	0.0866660986	-0.0030538942	0.0514525562	0.0260341996	-0.0535682682	0.2181447593	0.0341419067	-0.0007503607	-0.1268194351	0.0842760196	-0.0566174635	-0.0225694654	0.1866983582	-0.0090692026	0.0617146286	0.0342794665	0.1030801726	-0.0067480075	-0.0877890551	-0.084704199	0.0228906441	-0.0787374225	0.0539693222	0.1037549664	-0.0320347126	-0.1967745222	-0.1172548887	-0.2518725967	0.0980474336	0.0997255081	-0.0689372639	-0.0152314374	0.0881672955	-0.0210690023	-0.0822745774	-0.0636878321	0.0186213211	-0.1348155182	0.06245003	-0.0485323432	-0.1147705489	0.0	0.084175164136397	-5.575990830659905e-05	3.1091673743603333e-09	0.0070854582573893	-0.0244083574885536	0.031242386414533	0.000595767915289	0.0009760867088749	-0.080670905207242	0.0097719452231785	9.549091344480288e-05	0.0065077949469558	0.0015343366390643	0.0003713947433215	1.3793405536684286e-07	2.354188921975132e-06	0.0004640466942267	0.0003310380023176	2.1533933442272846e-07	1.0958615897842737e-07	0.0007126443869316	-0.0001622783536737	2.6334264071046494e-08	5.07862022225116e-07	0.0	0.0	0.0	0.0	0.0
531.2486743064279	-1.8229142373483	282225.1539523371	3.3230163167271343	708.9845476909492	-4.3293603085317045	18.743360681089737	502659.0888645398	526.1489610496474	-0.7821665336749675	276832.72921362333	0.611784486401114	567.7534604256783	476.7710359433238	1.162514	21.369368	0.064678783572253	0.0364237236676106	0.1470246027	0.0259327454	-0.0855733605	0.0122715275	0.0191898587	0.1589905633	0.0143223021	-0.1377479137	0.0045767906	-0.0035168216	0.0410071901	0.0093934571	0.1078632983	-0.0540669229	-0.0062542301	0.0235522516	-0.0845328206	-0.0612118078	0.0212329142	0.0537553559	-0.120231433	-0.0738829718	-0.1130229734	0.0899729723	-0.0252133731	-0.0034202083	0.0024840068	-0.1490277702	-0.0365260716	0.0342972021	0.0479355727	0.0304928698	0.0832834885	0.095391969	0.0958556721	-0.0529113872	0.003854576	0.1318943053	-0.0711824256	-0.0222615959	0.0085104998	-0.0339832955	0.0088047883	0.0720578737	-0.049373367	-0.0025883243	-0.0450692412	0.0904333479	-0.1212191728	0.1130302247	-0.0377368784	0.003468893	-0.1584201429	-0.0692342966	0.1818513787	0.0874535552	0.1089099076	-0.0381014642	-0.0773422683	-0.0179699996	-0.1096759257	0.008404552	-0.1120384901	-0.0717524561	-0.048163651	0.1520561021	0.0266956834	-0.0786663749	-0.0053089255	0.0597915728	0.0484524504	-0.0138437055	0.0845711057	-0.0275594579	0.1214706958	0.0427967716	-0.0215110114	-0.0613722091	-0.0885639798	-0.046952668	0.0949079258	-0.0747380742	0.1135530589	-0.0001107066	-0.0945835795	0.0574234099	-0.0386651187	-0.0936440395	-0.0220344752	-0.0985128395	-0.0007501297	0.0097190272	0.0871589821	0.0065107383	0.1177908783	0.0327205558	-0.0926649746	0.0680493248	0.1035475312	0.1591915092	-0.0576633188	-0.038012089	0.0251436685	0.0678075405	0.0854550313	0.090793339	-0.0254321486	-0.1013922148	-0.0328740799	-0.1000944305	-0.0821682446	0.0942801162	-0.1306365682	-0.0609387658	-0.0633615991	-0.0672294589	-0.0224675946	-0.0300520699	-0.0307776196	0.1531730792	-0.0610723718	0.0603787714	-0.0529241442	-0.1155415645	0.0	0.0840514532571887	-0.0001237108792083	1.530438163449121e-08	0.0070646467946453	-0.013447196941712	0.0109611605468415	0.0001808271055891	0.0001201470405336	-0.0613659180386889	0.0193049871685531	0.000372682529578	0.003765775896731	0.0012059594548778	-0.0003283771841864	1.0783157509425453e-07	1.4543382068091607e-06	0.0001129336486527	-0.000351113045574	1.2754008998011492e-08	1.2328037077224978e-07	0.0007189326567241	6.288269792500099e-06	3.9542336983269237e-11	5.168641649043726e-07	0.0	0.0	0.0	0.0	0.0
531.7618080031407	0.5131336967127709	282770.6204507691	0.2633061907021139	708.9463894589962	-0.0381582319529343	0.0014560506657739	502604.9831269468	526.0295335500518	-0.1194274995955311	276707.0701668851	0.0142629276596405	567.5165864051785	476.0404218328152	1.079241	19.838638	0.0225671141128631	0.0124754851599866	0.1499054428	-0.0002331528	0.0688405045	0.0216233552	0.054132833	0.1388921877	-0.0086438898	-0.0330745126	-0.1826907926	-0.0164890435	-0.0010068365	0.0149161716	-0.0412241472	0.0851879013	-0.0073069821	-0.1648704794	0.1082604727	0.001784919	-0.0929415456	0.0212379874	0.0673647779	-0.1880868571	-0.0194549071	0.0469560678	-0.0415784447	0.0256608926	0.0652052789	-0.0065528399	-0.0149856172	0.0851739251	0.1015815401	0.0689149831	-0.1196796888	-0.0532815733	0.006692872	0.0691646392	-0.06615497	0.0328032903	-0.07389585	-0.1355850731	-0.0667449401	0.0851531507	0.1034426803	-0.0471782639	-0.056097395	-0.0515792935	0.0340648651	-0.0771293595	0.1557656002	-0.0175824519	0.0440209095	0.0279406508	-0.1430525944	-0.0349909424	-0.0886161446	-0.0089943802	-0.0418264089	0.0142995909	-2.37079e-05	-0.0305330858	-0.0713093108	-0.0125172314	-0.0839121445	-0.1468761429	0.0153280993	0.0222472984	0.0806800254	0.1994137038	-0.0561517596	0.0024570661	-0.1012339222	0.0149155827	0.0559991626	-0.0273916674	0.0162397593	-0.0704236795	-0.0899899733	-0.0265274454	-0.0596129913	-0.0571263377	-0.011008653	0.0669736248	0.0061282577	0.0308225189	0.0313744131	-0.0462510721	-0.2098127539	-0.0146414864	0.0339790787	0.0275462175	-0.0239574655	0.0716462335	0.0149680501	-0.0209820294	0.0657079905	-0.0691572818	-0.1235243043	0.0632088296	0.0643552429	0.0008353598	0.1097165188	-0.1365026234	-0.0958284389	-0.1312708966	0.0180095197	-0.041109357	0.0193502376	-0.0017321925	-0.0083956387	-0.0856748759	-0.0165451161	-0.0281788672	-0.0699778252	-0.0345724956	0.0587495801	0.0354880237	0.1729394318	-0.015057762	0.0888987574	0.0753293027	0.0088858888	0.0582806721	-0.0572218481	-0.1158504512	0.0	0.0841072731497263	5.5819892537598e-05	3.1158604029089884e-09	0.0070740333966826	-0.0243953847958238	-0.0109481878541117	0.0005951347993363	0.0001198628172889	-0.0680274110859926	-0.0066614930473037	4.437548961927554e-05	0.0046277286590626	0.0011169589835095	-8.900047136830018e-05	7.92108390377962e-09	1.2475973708425751e-06	0.000112906566428	-2.7082224700008382e-08	1.2747892742560376e-08	7.334468947017439e-16	0.0007279373695093	9.00471278519996e-06	8.108485234394363e-11	5.298928139281192e-07	0.0	0.0	0.0	0.0	0.0
532.9526839766215	1.1908759734808427	284038.56335788465	1.4181855842139448	709.2736960678365	0.3273066088402174	0.1071296161904831	503069.1759337296	526.9679487263498	0.9384151762980082	277695.21898485685	0.8806230431064218	568.5630430785669	480.29434300659386	1.043851	19.18811	0.0585935903482741	0.0313521237400692	0.0944506866	-0.1328173403	0.0779590083	-0.0714398917	0.0167896587	0.0902781848	-0.1109430045	-0.0173195907	0.0084011109	0.1364372881	-0.0858061669	-0.0079454391	0.0563761186	0.0410914602	-0.0233609458	-0.1410513983	-0.2311868146	0.0572672944	-0.1071720581	-0.0091056068	-0.0581580734	-0.1323729027	0.0145366006	-0.0035639458	-0.0895410526	-0.0996174478	-0.011086323	0.0405367437	0.0255777288	-0.0303296695	-0.0805443275	-0.0241949852	-0.0198392391	-0.0521787517	0.068526767	-0.003714553	0.0359391468	0.0901916487	-0.0217891203	0.05183824	-0.1624551819	0.1416235749	0.0426500509	0.08220141	-0.0248780276	0.1073280296	0.0330738173	-0.1550151863	0.0122536327	0.0573606862	0.0537245533	-0.0125492446	0.0706219192	-0.0658291198	-0.0488406807	-0.0667295725	-0.0602499842	-0.1005843777	0.0553996156	-0.0149797107	-0.0232155776	-0.1032284961	-0.0958612954	-0.0304675298	0.1324817052	0.0087713329	0.1281531615	-0.0600678536	0.0284816191	0.031226825	-0.031352475	0.0355145218	-0.1135848586	0.0231630599	-0.0221922002	-0.1167984917	0.0683639827	0.1778594214	-0.0595536284	0.0240953197	0.0640437323	0.081388848	0.0032340218	0.15976643	0.0677081831	-0.0903963547	-0.0488309933	0.0549243201	0.1382709834	-0.0065640373	0.0068433925	-0.0568043846	0.1712213243	0.0441907487	-0.0289640363	0.1112680682	-0.0072833624	0.057651335	0.0844757477	0.0474843942	-0.0310145543	0.0437796321	-0.0999197844	0.0592548321	-0.0607700835	-0.0365010572	-0.0576245662	-0.0113388212	-0.006266959	-0.0777101085	0.0073035126	-0.1087690071	0.067461078	-0.1037226211	0.0180091254	-0.017290832	0.07467271	-0.0278952752	-0.0035768964	0.0470703603	-0.12285633	0.0561566646	-0.0614178136	-0.1156959735	0.0	0.0740571011463231	-0.0100501720034031	0.0001010059572979	0.0054844542301967	-0.0005536944608195	0.0238416903350042	3.065775559421969e-07	0.0005684261980302	-0.0859785136719892	-0.0179511025859966	0.0003222420840529	0.0073923048132444	0.0012059615454518	8.900256194230012e-05	7.921456032292969e-09	1.454343249108494e-06	0.0001129112237661	4.657338100003431e-09	1.2748944452358304e-08	2.169079817774357e-17	0.0006819320803123	-4.600528919700001e-05	2.116486634099606e-09	4.650313621590612e-07	0.0	0.0	0.0	0.0	0.0
533.5347058216248	0.5820218450032826	284659.2823161677	0.3387494280610251	711.9677386828359	2.694042614999489	7.257865611433286	506898.060925151	527.3257586239306	0.3578098975807506	278072.4557083039	0.1280279228067472	569.8103564831937	490.2729814049181	1.086126	19.965208	0.0622615201645866	0.0338602347726445	0.0163797361	-0.0381312384	-0.0924660774	-0.0829937722	0.0225644743	-0.0271496785	-0.0982964374	-0.0315674385	0.0459683554	-0.1346459906	0.0090337888	0.0750030813	0.0355754776	0.1092989574	0.0336180456	0.0020864061	-0.0733620043	0.1100621562	0.1294350149	-0.109395851	-0.1523637415	0.0871478801	-0.0490164111	-0.0079477456	-0.1396109289	0.0833094252	0.0461694097	-0.0488936288	0.0908426662	-0.0706954966	-0.0864719374	-0.0188417397	-0.0103193303	0.0606463888	-0.0824352227	0.0380532756	0.0041453512	0.0521676176	-0.0025939842	0.087888236	-0.1221749711	-0.1900142583	0.0668734404	-0.0525322528	0.0605408027	-0.0753132643	0.0006104703	0.1260745739	0.0147176847	0.0586444998	0.0908051658	-0.0190997427	0.1216898506	0.2052494781	0.0128929701	0.2024012922	0.2111161518	0.0614753132	0.1028940756	-0.0550751106	-0.063833659	-0.0531051702	-0.0124748651	0.0948053637	-0.0100625558	0.056708551	-0.0188490976	0.1152031371	0.1498693059	0.0153637175	0.0298678221	0.08088307	0.0739745958	-0.0669348973	0.0112351263	0.0853248704	-0.0201581393	0.1294700886	-0.0135183821	0.1114119384	-0.0814415447	-0.0556062906	0.0320274992	-0.0309401209	0.0974577669	0.1014288128	0.0226284754	0.0273808237	0.0527426049	0.2188438361	0.059230544	0.1279300291	0.0678605605	-0.1023476426	-0.0110736793	0.017639191	-0.1265061436	0.0043900114	0.0071459507	-0.1318400964	0.0697110629	-0.1516004852	-0.0151215246	0.1286337319	-0.0003005162	-0.1200231437	-0.0574935131	-0.0137715529	-0.0042093213	-0.1566139026	-0.0176739015	-0.1341833205	-0.0418044217	-0.0055639355	-0.044833622	-0.0469715666	-0.0498843927	0.1027241832	-0.0942407768	0.0668965215	0.0216311883	0.0540076933	-0.0655045805	-0.1150787493	0.0	0.079949123523491	0.0058920223771678	3.4715927693047167e-05	0.0063918623521744	0.0201196252427564	0.0206733197035759	0.0004047993199089	0.0004273861475662	-0.0693836662218814	0.0165948474501078	0.0002753889618923	0.0048140931383894	0.0009749535943934	-0.0002310079510583	5.3364673452200126e-08	9.505345112206103e-07	0.0001129057555244	-5.468241699995314e-09	1.2747709630535582e-08	2.9901667289567636e-17	0.0008329452736869	0.0001510131933746	2.2804984573194352e-08	6.937978289573448e-07	0.0	0.0	0.0	0.0	0.0
533.4968298856895	-0.0378759359352898	284618.8674980804	0.0014345865229741	710.9135403616618	-1.0541983211741126	1.1113341003663175	505398.0618695522	527.5928973800566	0.2671387561259735	278354.2653658829	0.0713631150245323	569.3730093851506	489.3754546618496	1.000328	18.388067	0.0893805266036759	0.0623094231818517	0.0300676568	-0.0030143435	-0.0545106182	0.1071970949	0.0215195195	0.0621448386	0.0875864591	0.0301319144	0.0467250843	0.0054159185	-0.0244244695	-0.0245762543	0.0083592646	-0.1127550757	-0.0339388027	0.0442033655	0.0534572838	0.1228455173	0.1521964258	-0.0185762146	-0.0906449055	0.0684456693	-0.0815084039	-0.0657581562	-0.0267619637	0.0400522855	-0.2001741008	-0.1006968132	0.079629169	-0.0623224556	0.071201686	0.0465621011	0.1068496362	0.0021221029	0.0509306439	-0.0971655123	-0.1796018357	-0.1350085346	0.0967010049	-0.0236088666	-0.0466501738	-0.091802256	0.0361529072	-0.0630511499	0.010908006	-0.0272358135	0.0480960228	-0.0564766695	-0.1592043883	-0.0180667697	0.0173476221	0.0445215047	-0.0081627809	0.0954339409	0.0024805767	-0.1292353915	0.142105649	-0.0342177436	-0.073722249	0.0273046007	-0.0676493614	0.1191231782	-0.0400867132	-0.0059752837	-0.1114795991	-0.0555404093	-0.0510402533	-0.0992020062	-0.0059354288	-0.0466427107	-0.0071619324	0.0450150143	-0.1386153706	-0.0014286411	0.1489624033	0.179382342	-0.0328896742	0.0026523321	0.0102616548	0.0525511015	0.125322893	-0.0048439122	-0.0475095956	0.0687344987	0.112105232	-0.0328580109	0.0223568859	-0.0719527617	-0.0382379171	0.1894942352	-0.1215169441	0.1324856471	0.0749306754	-0.0426171654	0.0994938063	-0.1133978432	-0.147330955	0.059903557	0.0238544701	0.0580817425	-0.1054200074	-0.0996677453	0.0712461523	0.0084280622	-0.0643667824	-0.0808471488	-0.0347791871	-0.0006669527	-0.0398605613	-0.0944363317	-0.0044753575	-0.092959762	-0.006474727	-0.0737568042	-0.0313281913	0.0128818119	0.0849771308	0.0009156733	-0.1090386001	-0.047634815	-0.0716359591	0.0518347133	-0.0694748826	-0.1140012473	0.0	0.0794559975345663	-0.0004931259889247	2.431732409529664e-07	0.006313255544213	-0.0355163483879437	-0.0556359736307001	0.0012614110028137	0.0030953615618359	-0.0912805484715875	-0.021896882249706	0.0004794734522574	0.0083321385292738	0.0011379494043174	0.0001629958099239	2.6567634052780713e-08	1.2949288467863254e-06	0.0001130103472886	1.0459176419999041e-07	1.2771338594289982e-08	1.0939437138466395e-14	0.0008969357666856	6.39904929986999e-05	4.094783194216662e-09	8.04493769559885e-07	0.0	0.0	0.0	0.0	0.0
533.4641876354086	-0.0326422502809009	284584.03948950645	0.0010655165034009	711.5021999451528	0.588659583490994	0.3465201052357905	506235.3805267922	527.7290560950531	0.1361587149965544	278497.9566469757	0.0185391956695129	570.0995399639379	492.73307414231726	1.027461	18.886814	0.1524394974709365	0.0941162774359329	0.0122166112	-0.0124747521	0.0749384351	-0.0032758596	-0.0930122557	0.0069537067	-0.0048927488	0.016518397	-0.1155493575	0.0129633571	0.0305780035	0.108452655	-0.0644504253	-0.0107377273	0.0380871341	0.105743676	-0.0282189115	0.0575424651	-0.0059722327	0.0012599468	-0.1574400731	0.019063869	0.1114119839	-0.0895814303	-0.1264648134	0.108328917	0.0040151357	0.0588271647	0.1043437375	-0.0090461629	-0.0418777032	0.0784233533	-0.0262050808	-0.0031738909	0.030732901	0.0079959201	0.0601430559	0.0049174619	0.103862298	-0.0353378009	0.110490838	-0.101258165	0.0294612087	0.0603614642	-0.0291192213	-0.0695151525	-0.067628843	0.0523967557	-0.0544925811	0.1112898474	-0.1667558749	-0.2093065616	0.213130155	0.0773698843	0.0299639464	-0.048458122	0.0175953478	-0.0048504711	0.0503307748	-0.0902169162	0.2040318766	-0.0042348107	0.0008833722	-0.0323964221	0.1199127993	-0.083324133	-0.1128757107	0.0856020134	0.0626284363	-0.0266996061	-0.058830723	0.0413370593	0.0157069401	-0.0322234301	0.0604860083	0.0887924733	-0.0700177971	0.1207195222	-0.042548912	0.102173996	0.0072110686	-0.1674187274	0.1552541888	-0.0468411136	0.0538673971	0.0501219823	0.1484358689	-0.1135262815	0.1146326326	0.0839882609	0.0027135911	0.0599920806	0.0058195529	-0.0112727187	-0.1792129107	-0.0002339565	0.0977490211	-0.0189316421	0.0118018645	-0.1640560374	0.0288187519	-0.0291100443	-0.0592901809	-0.0165476109	-0.0723834826	-0.1790882622	-0.068749294	-0.0348897282	-0.0162949	-0.1258904156	-0.0379109915	-0.0475725868	-0.0131206084	0.0208316544	0.022000114	-0.0614984964	-0.0341926213	0.1064728995	-0.0293062576	0.0167839207	-0.0905667055	0.0496386907	-0.0733216609	-0.1124677771	0.0	0.0709849825817059	-0.0084710149528604	7.17580943315845e-05	0.005038867752125	0.0463680450082932	0.0818843933962369	0.0021499955978911	0.0067050538818696	-0.0644477770150189	0.0268327714565685	0.0007199976240404	0.0041535159621775	0.0007650369636222	-0.0003729124406951	1.39063688425251e-07	5.852815557082754e-07	-9.520442334021162e-05	-0.0002082147706288	9.063882223542232e-09	4.335339070800863e-08	0.0007730366247042	-0.0001238991419813	1.5350997383727106e-08	5.975856231340622e-07	0.0	0.0	0.0	0.0	0.0
533.6848539305358	0.2206662951272164	284819.5233148574	0.0486936138051718	710.893984784717	-0.6082151604358614	0.3699256813840206	505370.2576030934	526.9199761700777	-0.8090799249754355	277644.66128707526	0.6546103249982562	569.403995581561	488.4427047340404	1.062859	19.537512	0.159653962754265	0.1019406383076347	0.0020415048	-0.1535802838	-0.0128064631	-0.1041638859	-0.0435651256	-0.0301884343	-0.1210348552	-0.0264379363	0.0363261781	-0.0454518955	-0.0913210369	-0.1112543507	-0.0080080497	-0.058223511	-0.1083396276	-0.0620074505	-0.136354384	-0.0983409533	0.0681657121	0.0089281564	-0.1051493414	0.0498299962	-0.0895880676	0.0189713911	-0.0964634725	-0.0998218755	0.0445139578	-0.0247600201	-0.0248075654	-0.0723366666	0.0564424387	-0.1056252269	0.11728151	-0.0654549131	0.0146017709	-0.0170205668	-0.0144783578	0.0726280237	0.0118375063	-0.0025319172	-0.0233265088	-0.0195723261	0.0258251536	-0.0811192637	0.1270885142	0.1324886073	-0.0376934708	0.0364386105	0.0763477194	-0.0252215115	-0.00119353	-0.0966583327	-0.0437466123	-0.044853625	-0.022188005	-0.2030720893	-0.0372718587	0.0763645478	-0.1427275353	-0.0700217475	0.1157991265	0.0405004956	-0.0305269655	0.1202971668	0.0519616373	0.0891606037	0.0845556879	-0.0799163872	-0.0039881625	-0.0660365832	-0.0593919112	0.0840683088	-0.0417384852	0.0038054843	0.0802288052	-0.1226804774	0.0284839901	-0.0740628816	0.0258728269	0.1179094327	0.1446105114	-0.0185844284	0.1115330339	0.0490281286	0.0089406542	0.0050626717	0.0719999675	0.0132372971	-0.0522689158	-0.021283115	0.0702231363	-0.0130861837	0.1332667435	0.0590804166	0.0090489968	-0.0450579807	-0.093160876	0.0563106141	-0.0915097616	-0.0040569079	-0.0433578559	-0.0044272383	-0.0456266476	0.0882827608	-0.1489367564	-0.0089291564	-0.0681721081	-0.0071831916	0.0749281514	-0.1117084192	0.1094474193	-0.0548459812	-3.68898e-05	-0.0962197304	0.0367943931	-0.0377820972	0.0495616349	0.0542570413	-0.0237658281	0.0175250415	0.066192753	0.0474206018	-0.077038076	-0.1104844722	0.0	0.0733739372042379	0.002388954622532	5.707104188517062e-06	0.0053837346608514	-0.0414003534335591	-0.0877683984418523	0.0017139892644236	0.0077032917650477	-0.095591895464679	-0.0311441184496601	0.0009699561140064	0.0091378104785301	0.0012059496786755	0.0004409127150532	1.944040222956724e-07	1.4543146274975414e-06	0.0001130373330833	0.0002082417564235	1.2777438670584912e-08	4.3364629118349146e-08	0.0008909319780318	0.0001178953533276	1.3899314336239658e-08	7.937597894796559e-07	0.0	0.0	0.0	0.0	0.0
534.8003447315803	1.115490801044416	286011.4087250171	1.2443197272147128	712.8164306231436	1.9224458384265968	3.6957980016837424	508107.2637663189	527.0500858985573	0.1301097284796242	277781.79304567666	0.0169285414450415	569.7153537513486	500.8784967047002	1.035858	19.04117	0.1122187845810106	0.0792269973619748	-0.0589563507	-0.0183350396	-0.0163685465	0.0202332875	0.0088514924	-0.0318432644	0.0368105153	0.0170381479	0.0566650287	-0.0755940605	0.0544648467	0.0638456189	-0.0652293642	0.0643461231	-0.0818364171	-0.0875016542	-0.0302276777	0.0885465699	0.0790442534	-0.0022270438	0.0648984791	-0.0148999217	-0.0641444917	0.0958318169	0.0197377278	0.0385301238	-0.0405002711	0.1574873409	0.1091359992	0.0902093664	0.0469004628	-0.0238678962	0.052789436	0.0512581792	0.0051491286	0.029580032	-0.0237126658	0.0515003354	0.1300698416	0.055677971	0.0644411977	0.1501606916	-0.0654741822	0.056048104	0.0123336134	0.0944691903	-0.0945248778	-0.0532532987	-0.0054555142	-0.1361764078	-0.0626652362	0.1340880098	-0.0054123506	0.1349349253	0.0909262133	0.0161525854	0.0340180829	0.0125983378	-0.0040261586	-0.0239138824	0.1265642226	-0.0308254436	0.0378146777	-0.0275244039	-0.0580082124	0.0008845153	0.0462277227	0.0654427287	0.1065126624	-0.0426168705	-0.17184845	-0.1237118598	-0.0571533707	-0.1413755176	0.0692085794	0.0640391075	0.1003859996	0.0588932516	-0.0655121917	-0.0659353758	0.0468765992	0.0655411041	-0.0177492753	0.0178207541	-0.0153776981	-0.051690889	0.0338443301	-0.0041075042	-0.0273014093	0.1367364121	0.093005417	-0.1343289581	0.0896776162	-0.0041685152	0.1517001007	-0.0052022521	0.1103698425	-0.0110512389	-0.0435611988	-0.1191070738	-0.023655876	-0.0853166613	0.1071236814	0.0315891074	0.0861470996	-0.1296873346	-0.0684563872	0.0141492134	0.0035756309	-0.0909915615	-0.0180849687	0.0462930915	0.0006476118	-0.0828841654	0.1288796007	-0.0505508184	0.0535381388	-0.0832847648	0.0311127915	0.1392597795	-0.093344704	0.0451814325	-0.0806175202	-0.1080592651	0.0	0.0705352416306936	-0.0028386955735443	8.058192559260068e-06	0.0049752203119003	0.0288543329590851	0.0702546863926442	0.0008325725305137	0.0049357209601287	-0.0614685666879069	0.0341233287767721	0.0011644015668076	0.0037783846906656	0.0011259508494906	-7.999882918489996e-05	6.399812670954801e-09	1.2677653154686036e-06	0.0001129900671794	-4.726590390000812e-08	1.2766755281205324e-08	2.234065671484803e-15	0.0008709365963596	-1.9995381672200004e-05	3.9981528821695184e-10	7.585305548784448e-07	0.0	0.0	0.0	0.0	0.0
534.4465135143498	-0.3538312172304358	285633.0758076441	0.1251965302867718	711.8540318234982	-0.9623987996453708	0.9262114495588504	506736.16262337	527.6042074893882	0.5541215908308459	278366.19976050535	0.3070507374249074	570.1407365744593	496.1744244680255	1.051008	19.319658	0.1079136852974664	0.0580834900965099	-0.0260319389	-0.0325977405	0.0831677874	0.0555511847	-0.0149658443	0.0031934827	0.0210213957	0.0466150459	0.0091688257	0.039085327	-0.0537082113	-0.0551025918	-0.0335260767	0.0519788619	0.1055560938	-0.006311555	-0.1389097444	-0.0365574984	0.1544794764	0.0950030792	0.0418273112	-0.0541943487	0.0762413978	-0.0774232791	-0.0099792225	0.0192920859	0.0458553137	-0.1293241215	-0.0610699213	0.107936973	0.0819796786	0.042609255	-0.2101035592	-0.0943922151	-0.0565623247	-0.0387019966	0.0842719385	0.21022222	0.00962893	-0.0548370854	0.0230628985	-0.0993018982	-0.0107026962	-0.0680940806	-0.0353524632	-0.0221506826	0.002146958	-0.0416334897	-0.0438479006	0.1150444744	0.0115988387	0.0071636993	0.1338536301	0.0130235898	0.034607481	-0.0365050216	-0.000501919	-0.0677089937	-0.0969897913	-0.0510147297	0.0132882676	-0.0133672633	-0.0063364309	-0.0371442674	0.0097561026	-0.0910486357	0.020211863	-0.0094465084	-0.0552213453	-0.0453613839	0.0090773872	0.1587732334	0.0976237652	0.0443887045	0.0931072442	-0.1380771431	0.0272630343	0.0458223003	-0.0907233977	0.0199416819	-0.0123215151	0.0096115822	0.1463394552	-0.0922150772	-0.0760257867	-0.0507690696	0.0799479646	0.055108684	0.0494911345	-0.0938938286	0.0573320495	0.1039162069	-0.0646839853	-0.1008970062	0.0068053295	-0.0440306401	-0.1085413131	0.0299781132	-0.0411728957	0.0079974377	-0.0825611148	0.0108608852	-0.0249395256	-0.0512692142	-0.1655110023	-0.1302464138	0.0214004498	0.016174785	0.0793648922	-0.1199912461	0.0034706326	-0.0748812952	-0.0024422315	0.0888392753	-0.0370169126	-0.0169678122	-0.1325308666	0.0904802414	-0.0625983763	0.1495373182	0.0630574144	0.0429221782	-0.0840536294	-0.1052018558	0.0	0.0843043844025999	0.0137691427719063	0.0001895892926731	0.0071072292295013	-0.0091438499092788	-0.0379981828683639	8.360999116341793e-05	0.0014438619012976	-0.0948790347152481	-0.0334104680273412	0.0011162593738059	0.0090020312284972	0.0014269426129609	0.0003009917634703	9.059604167696104e-08	2.0361652206836807e-06	0.0001132315799454	2.415127660000026e-07	1.282139069693151e-08	5.832841614097203e-14	0.0010244211527204	0.0001534845563608	2.3557509041271608e-08	1.0494386981409931e-06	0.0	0.0	0.0	0.0	0.0
534.7124573171726	0.2659438028227896	285917.4120101691	0.0707261062598468	712.7637691167812	0.9097372932830012	0.8276219427898814	508032.1905655602	526.4180253619796	-1.186182127408529	277115.93742600584	1.407028039383423	569.7209359133371	497.7910786953871	1.086061	19.964006	0.1135255460074761	0.0650022001243921	-0.0536074822	-0.0719250412	-0.0330535019	-0.0921577923	-0.0631753309	-0.0648233889	-0.0979645546	0.0343979505	0.0860336161	0.0140773255	-0.017311932	-0.0073961637	0.021808501	0.1216196395	-0.1338638791	-0.0085716051	-0.0034133375	0.024056882	0.0492164878	0.0206479173	-0.0149238801	0.0640363403	-0.0168400185	0.0646239901	-0.1803348572	0.0794334172	0.083411796	-0.0009419354	0.2091657775	-0.0205115939	-0.0376351586	0.0530778785	0.1565759872	0.007225593	0.050236847	0.0014592339	0.0340282952	0.0957031046	0.0158171875	-0.0592312229	0.0967414256	0.0772706628	0.0359519031	-0.0172346339	0.1063047005	-0.0609690094	0.0594747307	0.0074154088	-0.0714107779	-0.0581684911	0.0396503027	-0.0116546257	-0.0939869497	-0.154624219	-0.1998152133	0.0459819073	-0.0342110393	-0.0279394284	-0.0628023895	-0.0683003101	-0.1598717676	0.047250873	0.0297293963	0.0679605407	0.0430380533	0.0437021442	0.108279958	-0.0270673846	0.1823747944	0.0820623657	-0.0853851128	0.0196191694	0.0362204977	-0.0730625052	0.08251411	0.1254518254	-0.0319651761	-0.0186106142	0.0718911078	0.0326039776	-0.0032668943	0.0410719213	0.0051283262	0.0893433542	-0.047913891	-0.0472470355	-0.0193740224	0.0041982437	0.1085632306	0.032763299	-0.0611595304	-0.0590275469	0.0261019509	0.1111061832	0.0363106837	-0.083545013	-0.1077471513	-0.0016731383	-0.0498453401	-0.1607869148	-0.0884098474	0.0115930481	0.0077712463	0.1644556653	0.0724040932	-0.1159002908	-0.1385954684	-0.0030031329	-0.0097484416	-0.1901549786	0.0429728399	-0.0105247288	-0.047394621	-0.0365197069	0.0022392617	0.0578332344	-0.1001529901	0.0092913514	-0.0677356553	0.1105460614	-0.0089103993	0.0406438432	-0.0873402943	-0.1019236731	0.0	0.0744845138981276	-0.0098198705044722	9.64298567246049e-05	0.0055479428106403	0.0380866349266568	0.0472304848359356	0.0014505917600364	0.0022307186978375	-0.0583290327162444	0.0365500019990037	0.0013359026461271	0.0034022760576127	0.0012060040662171	-0.0002209385467437	4.8813841437262265e-08	1.4544458077321791e-06	-6.916717559590779e-06	-0.0001201482975049	4.784098179915143e-11	1.4435613393347774e-08	0.0009670042236079	-5.741692911250007e-05	3.296703748709857e-09	9.350971684755176e-07	0.0	0.0	0.0	0.0	0.0
534.9826866587417	0.2702293415691201	286206.47502460546	0.0730238970448802	713.1378037277802	0.3740346109990469	0.1399018902252083	508565.527105682	526.7531825574629	0.3351571954832479	277468.9153344158	0.112330345684196	569.53469926787	496.7532329550824	1.112155	20.443666	0.1149837582113678	0.0798375079132634	-0.0580144189	-0.0005212179	-0.10484952	0.0129051651	0.0199176757	-0.0654647374	0.0498669061	0.062332923	-0.0053818547	-0.1785592439	-0.0986508149	-0.1346976829	-0.0486591504	-0.054935684	-0.0112684014	-0.0524082483	0.1476252102	-0.0635360217	0.0821652526	0.0678336722	-0.0295555305	0.030434909	-0.0740630083	0.1473411271	0.0265799025	-0.0075565547	0.0268084664	0.0314053425	-0.0547716504	0.0279871969	0.1286162139	0.0076628088	-0.1345465337	0.0166784412	-0.2122331965	-0.0942777287	-0.0695184642	-0.0012825096	-0.0739292561	0.0010865032	-0.0453076925	0.0392122295	-0.1331344182	0.1426532636	-0.03001302	0.0475570126	0.0096909783	0.0039832799	-0.0058620158	0.0719353372	0.0544355586	-0.131957184	0.1270178491	0.0599523312	-0.0772411384	-0.052314998	0.0353702101	-0.0166026217	0.0461365574	0.0199258539	-0.0924424036	-0.1341539042	0.0584366496	0.0696337437	-0.1359034625	0.020150853	0.1290001262	0.0901932031	-0.1228887219	-0.0563192402	-0.1411341961	0.019429583	-0.0912187925	0.0851091554	0.0267181216	-0.006697935	-0.0637948431	-0.0191065697	-0.0552429004	0.0913498575	0.0540061781	-0.0067140836	-0.0753215839	-0.0181476194	0.1453727597	-0.0265058767	0.141364221	0.0165208416	0.0076977365	-0.1715771387	-0.0189091941	0.011350434	-0.0435506381	-0.1008020864	-0.0208383104	-0.0504575176	-0.0502135079	0.0098776042	-0.1625914122	0.0560829572	-0.0393192309	-0.1522635636	0.0883432046	0.0042241633	-0.1651668383	-0.0501896473	0.0266686741	0.0159165589	0.0653167487	-0.1457428497	0.1665783527	-0.1041839089	0.0969050464	-0.1052499072	0.0903187077	0.0227090797	-0.0152632479	0.1328971565	-0.0052776359	0.0967748833	0.0427703752	0.0383474405	-0.0904716714	-0.0982378286	0.0	0.0753241353594091	0.0008396214612814	7.049641982444778e-07	0.0056737253676425	-0.0367239360142548	-0.0748105709409115	0.001348647476379	0.0055966215245051	-0.0760706289194246	-0.0177415962031801	0.0003147642358366	0.0057867405841967	0.001349886441668	0.0001438823754508	2.0702137965393718e-08	1.8221934053990944e-06	0.0002236924093959	0.0002306091269554	5.0038294021342936e-08	5.318056943517366e-08	0.0010243521133214	5.734788971350005e-05	3.2887804545917652e-09	1.0492972520660184e-06	0.0	0.0	0.0	0.0	0.0
535.9116381938164	0.9289515350747024	287201.28395158	0.862950954517646	713.5117549566249	0.3739512288447031	0.1398395215544635	509099.0244612828	528.7347723838011	1.9815898263382223	279560.45952775	3.926698239847146	571.2819966587407	504.6348439460134	1.188797	21.852507	0.1805702201910206	0.1292170251817204	-0.0774008845	0.040827295	0.060696744	0.0826173367	0.0878661411	0.0020422096	0.1545041664	0.0553375768	0.1831486699	0.1292192834	-0.0539472506	0.0688975216	0.0347481379	0.0243976961	-0.0256420263	-0.0271537663	-0.1128535846	-0.0048505956	-0.0558444404	0.1297685338	0.0069593191	0.1345802963	0.0293251999	-0.1035686758	0.0106821994	0.0679725762	-0.074807789	-0.03494214	-0.0921284345	-0.0852797704	-0.0782827096	-0.0077641139	0.0489933996	-0.1556428151	0.098268121	-0.2512133697	-0.0522340717	0.0093881932	-0.128549826	-0.0144291311	0.1327339811	-0.0212368092	-0.041837798	-0.0213303534	0.1840179214	0.0158318467	-0.2697458009	-0.075542226	0.0146509033	-0.0009810613	0.035562329	0.1029104359	-0.0841430734	0.0205906815	-0.0577528971	-0.0022694344	-0.0198158344	0.0246433413	0.1379074779	0.067433019	-0.0057500877	0.1560472448	0.0757234727	-0.0524920121	-0.1167419165	-0.1077159565	-0.0088833398	-0.2078029167	0.1415191014	0.0582051439	0.0430785976	0.1298521795	-0.1135718219	-0.0305919892	-0.082181576	-0.0124837037	-0.044200291	0.1276559225	-0.0137966219	-0.0486555555	0.1878924992	0.0472914625	-0.0664145833	0.0290456132	-0.1995176726	-0.061226611	0.0792094833	0.0078604198	0.0328166314	-0.0618945377	0.1145750491	0.1173026904	-0.092343147	-0.0956992882	0.0539163708	0.0528617538	-0.0137581855	-0.0622825973	0.073439737	0.0046330477	-0.24622403	0.0989232168	0.1487485153	0.0759127698	0.0365520503	-0.1544511934	-0.0781122365	0.0554999465	0.0503640995	-0.1590847104	-0.0897776254	-0.0783750673	-0.0220676589	-0.0785326137	0.0695999757	-0.0220883535	0.1294727785	0.0156829005	-0.046466382	0.0014074451	0.1054648052	0.0360339907	-0.0934421931	-0.0941590645	0.0	0.0843144477338455	0.0089903123744363	8.082571658994424e-05	0.0071089260966633	0.0839291039496004	0.1206530399638552	0.0070440944897828	0.0145571560525196	-0.0432267263047805	0.032843902614644	0.0010787219389602	0.0018685498670284	0.0010949401771176	-0.0002549462645503	6.499759780820247e-08	1.1988939914663217e-06	0.0001170600051667	-0.0001066324042291	1.3703044809627833e-08	1.1370469631699508e-08	0.0010244327493035	8.063598209984146e-08	6.502161609205953e-15	1.0494624578455275e-06	0.0	0.0	0.0	0.0	0.0
535.2380923005115	-0.6735458933048903	286479.8154494909	0.4536640703878827	715.2807240469646	1.768969090339624	3.129251642576997	511626.51419314987	528.0789070597456	-0.6558653240555259	278867.3320814154	0.4301593232984599	571.6889822309421	504.6519677873685	1.341565	24.660688	0.1412017286252501	0.093839290041351	-0.0777274376	0.1419586108	0.0191434067	0.0085445783	-0.0258402691	-0.1323337185	0.0871903809	0.0673990848	-0.042022241	0.0447698159	0.0532338146	0.0172298962	-0.1452041691	-0.0982806826	-0.1069505629	-0.0517890481	0.073422253	-0.1453890418	0.0663705853	-0.056015616	0.0191327157	0.1199437023	0.1991699341	-0.0044707551	0.0471031831	0.1032144194	-0.0795754065	-0.0456631901	0.1412450574	-0.006288678	0.0407083653	0.0420579112	-0.0444571292	0.0923252917	-0.1842201875	-0.0232926409	-0.0550956669	-0.0254058619	0.0265039885	0.0214675575	-0.0010657998	-0.0717787568	-0.0750241201	-0.0397115893	-0.0032676576	-0.0118392674	-0.0917218868	-0.0732451145	0.0396294285	0.2591188643	-0.0670726023	0.0058816975	-0.1190760724	-0.0527761988	-0.0222502338	0.1247824008	0.0480388805	0.0858423009	0.0680045714	0.0966950597	0.018776162	-0.0707122589	0.1978095068	-0.0137675186	0.026097097	-0.1216462684	-0.1058859593	0.0338225295	-0.0161783959	-0.0779988714	-0.0477032876	0.1303768132	-0.0340892981	-0.046924828	0.1360433787	0.133070553	0.0229621926	-0.138592597	0.0076223627	0.1401899517	-0.0901839184	-0.0193443246	0.0092200813	-0.0185458462	0.0742686851	0.0280886784	-0.0684566802	0.1012877658	0.0021665696	-0.1020621278	-0.0391958083	0.0279498167	-0.0909638576	-0.1728865189	-0.0998822751	0.0816639542	-0.0526900534	-0.1014767565	-0.1203144766	-0.1854313545	-0.1364287755	-0.143538888	-0.0528669641	-0.1066783008	-0.1370393731	0.0904633486	-0.2069285993	-0.3941020285	-0.2150736907	0.2702184333	-0.100619667	-0.1270441234	-0.0924461263	0.1619111364	-0.0984089215	-0.0422744925	-0.1558678507	0.167482002	0.2263915366	-0.1117147502	-0.1341048565	0.0337045224	-0.096246578	-0.0897036946	0.0	0.0769365933598464	-0.007377854373999	5.443273516393763e-05	0.0059192393978183	0.0067332377765296	-0.0771958661730708	4.533649095528527e-05	0.0059592017542106	-0.0216580364183727	0.0215686898864078	0.000465208383416	0.0004690705414995	0.0017649617812981	0.0006700216041804	4.489289500686105e-07	3.1150900894429622e-06	8.590395671315143e-05	-3.115604845354857e-05	7.379489778974993e-09	9.706993552398663e-10	0.0010244240381021	-8.711201399981551e-09	7.588502983104051e-17	1.0494446098414129e-06	0.0	0.0	0.0	0.0	0.0
534.8200335347651	-0.418058765746423	286032.4682701273	0.1747731316174225	711.305963529435	-3.974760517529603	15.798721171712195	505956.1737525378	527.716667619951	-0.3622394397946209	278484.88128390576	0.1312174117427208	570.2131143597729	501.40361142396586	1.260602	23.172434	0.1087279892558617	0.063928083789482	-0.076804038	-0.0729546341	0.0535948279	-0.0162585163	-0.0069378384	-0.0521954066	-0.0743868992	0.0746764099	0.1334774681	0.2160271858	-0.0744485235	-0.0020324643	-0.0942355407	-0.1015856992	0.0073103622	0.1510572037	0.1593379454	-0.0875910603	-0.0383783682	-0.0734089641	-0.1202094848	-0.0099197165	0.0195205181	-0.0879520789	-0.0100656696	-0.1056012731	0.0543267052	-0.086197449	0.0278284239	0.0424872016	0.0774776625	-0.2302593654	0.1501019886	0.1225443492	-0.0338640635	-0.0825163257	0.1183719123	0.0483655729	0.0075969375	-0.1325585103	0.0060440862	-0.1032920506	0.0073811504	-0.1083855707	0.0494907624	0.0135292518	-0.0647821434	-0.0129027084	0.0122414205	-0.0798268258	0.0106035598	-0.0708209484	0.1707152287	0.0533370644	0.0726664799	0.0368652267	-0.1225175842	0.115283315	0.0539738411	0.1528693563	-0.0765515607	0.027688692	0.0012528332	0.0627757032	0.1058274984	-0.0760160145	0.0614393322	-0.2553926827	0.0717927159	-0.1165521429	0.0154284192	-0.0247836189	-0.053444327	0.0618629956	0.0273433028	0.0967630892	-0.14744711	-0.1641189851	-0.140296071	0.0214946808	0.0165327039	-0.0301346512	0.0280149857	-0.1070699576	0.0388473792	0.0376031379	-0.0252805045	0.1477496904	-0.0507636193	0.0165563726	0.1730562941	-0.0090879935	-0.0481646397	0.0738780032	-0.01836641	0.1094652137	-0.0094423166	0.0696082775	-0.1125802285	0.0251923732	-0.2410881918	0.0561793739	-0.0949860891	-0.005668707	-0.0278685873	0.1409853337	-0.1785655053	-0.1934516795	-0.0792405012	0.111162121	-0.0554871586	-0.0245789748	0.1991494162	-0.0042465281	0.0665721958	-0.0060538145	0.082370976	-0.0281915907	-0.0316240694	-0.0140866359	0.1640446764	0.0313600711	-0.09887984	-0.0848895389	0.0	0.0766999764066156	-0.0002366169532307	5.5987582556224187e-08	0.0058828863807753	-0.0352302908073198	-0.0419635285838494	0.0012411733903683	0.0017609377312075	-0.0666823440380568	-0.045024307619684	0.0020271882766319	0.0044465350064097	0.0018578809309934	9.29191496952999e-05	8.633968380097551e-09	3.4517215537489026e-06	0.000199660118052	0.0001137561613388	3.9864162740538576e-08	1.2940464242550149e-08	0.0012478194490499	0.0002233954109478	4.990550963253645e-08	1.5570533774271958e-06	0.0	0.0	0.0	0.0	0.0
536.0888555892072	1.2688220544421256	287391.2610869459	1.6099094058387362	714.0207387534805	2.7147752240455247	7.370004517091429	509825.615370066	528.2692388756875	0.5525712557365523	279068.3887422982	0.3053349926662703	572.08050001264	508.4515512850077	1.131035	20.790714	0.0970955857247744	0.0595921970209547	-0.1128322856	-0.0054443598	0.0810561083	0.0087029583	-0.0314607993	-0.1027851524	-0.0607578755	0.078896428	-0.0056346454	-0.0287282912	0.0735210136	0.1230743725	-0.1423844426	0.000135976	0.0820587788	-0.0546853016	0.0223007386	0.0455931509	-0.0244936328	-0.2132753739	0.0926868373	0.0226180233	0.0992079858	-0.0145824646	-0.0030496045	-0.1034003822	-0.1791262057	-0.0037640064	0.0809902757	0.1263929236	-0.0131095006	0.0074819499	-0.1783910737	-0.031814895	0.0286106917	0.1191240417	0.0949029568	0.0541918211	0.0499988098	0.0401493211	0.1035396069	0.0268786555	-0.1208938598	-0.0228601667	0.0324356136	-0.0043117329	-0.0027650674	0.0184010806	0.1877844694	-0.1014192453	0.0608264463	0.0930301007	0.0129309779	0.0577923426	0.0831930201	-0.0175605515	0.025889346	-0.1261570252	-0.0406705817	0.1774464969	-0.0580425377	0.1520206604	0.0726608936	0.0540264354	0.1028359935	-0.0963841569	-0.109035503	0.0613947981	0.0216496906	-0.0955890376	-0.0766198242	-0.0602197499	-0.0109198454	0.1489334768	0.1095066859	-0.092293226	0.0870256126	0.1973204516	0.0354717802	-0.0824324735	-0.2156681852	-0.0284673179	-0.0301281648	-0.0279300177	-0.0393278834	-0.1110426853	-0.0277272315	0.0712166962	-0.0970192685	-0.0611132525	0.0924150618	-0.0430149607	-0.0915827523	0.0367142533	0.0382786299	-0.0076812387	-0.0460169076	-0.0469214471	-0.105543991	-0.0923538983	0.0549604268	0.0124998716	-0.0756859178	-0.1077319991	-0.1080991139	-0.0515257825	0.0987751968	0.0669886996	0.0543366357	-0.0553806238	-0.1028966897	0.0115549626	0.1145837592	0.0684807672	0.0576498839	0.0380664169	-0.0139622716	-0.0309915086	0.0171035216	-0.0703817929	-0.0199685243	0.029001679	-0.1013372972	-0.0797358525	0.0	0.0647787893701092	-0.0119211870365064	0.0001421147003593	0.0041962915522569	0.0200773120015895	0.0553076028089093	0.0004030984572091	0.003058930928468	-0.0530549563072781	0.0136273877307787	0.0001857056963649	0.0028148283887671	0.001792380386342	-6.550054465139996e-05	4.290321349630039e-09	3.212627449343497e-06	0.0002354190140967	3.575889604469999e-05	5.542211219826224e-08	1.2786986463356607e-09	0.0010242907267744	-0.0002235287222755	4.9965089682117614e-08	1.0491714929560285e-06	0.0	0.0	0.0	0.0	0.0
535.0974972110815	-0.9913583781257104	286329.3315215634	0.9827914338800388	712.6906111694125	-1.3301275840680091	1.7692393898985987	507927.90724903066	527.6558560564474	-0.613382819240087	278420.70243066235	0.3762384829389172	570.6103410461117	503.6739617319148	0.970111	17.832619	0.0582814114968941	0.0353138118938338	-0.079878554	-0.0464529133	0.0759487375	0.0427408453	-0.0898299671	-0.0115031347	-0.0335902315	-0.000834416	0.1481847871	0.1553240709	0.0328558601	-0.0011592064	-0.1200214285	-0.060189792	-0.0255616788	-0.0048171483	-0.0721130748	-0.0618021419	-0.0327424026	-0.1676528819	-0.1161854224	-0.0110634699	0.0933769983	-0.0857560658	-0.0650835212	-0.1166990288	-0.1318227139	-0.1326045522	0.0755422045	0.0776795429	0.051142844	-0.0235277927	-0.0374785572	0.1499097412	0.07468695	0.0307692192	0.0397870324	-0.101604678	-0.0353115669	0.0496337516	0.0635847729	0.0779017913	-0.1681709171	0.0039758426	0.2172562248	0.0663497682	0.041403644	-0.030537117	-0.121646531	0.0125257215	0.1037347118	-0.156620584	0.0997940054	0.0432862503	-0.0139071154	-0.004212994	0.1090435035	0.1006071178	-0.0200284742	-0.0108325919	-0.1208781123	-0.0330025974	-0.0002287863	0.0008377994	0.0916840154	-0.0684546688	-0.0198592891	-0.2133823187	0.0207527562	-0.1090312498	-0.0311866057	0.019951259	-0.0317631103	0.1110964718	0.1405778397	-0.0577811641	0.053297188	0.074759694	0.0548041985	-0.0307818887	-0.1496337804	-0.1104770778	0.0119706425	0.1124488794	0.0514679899	-0.0686598562	-0.0052663432	0.0411821868	-0.0206668173	0.0069633671	-0.1184239411	-0.0707028256	-0.1616339528	0.0601989116	0.0662976132	0.0567751802	0.0373777188	0.0513367992	-0.1029506091	0.0142875204	-0.1230948495	0.1483880042	-0.0485617235	-0.0616517798	-0.0060384646	0.0382398221	-0.012100208	-0.0480755906	0.0005316003	-0.0096404281	-0.0689378789	0.0756688694	0.117019105	0.0966136332	0.003880814	0.1013671124	-0.0117702434	-0.0014831909	0.0337142867	-0.0043907731	0.0457531549	0.0266303944	-0.1036145805	-0.0742632484	0.0	0.0671812840059544	0.0024024946358452	5.771980475264965e-06	0.0045133249206887	0.0016438256457433	-0.0184334863558462	2.702162753603377e-06	0.0003397934192311	-0.0797101959634858	-0.0266552396562077	0.0007105018011298	0.0063537153405373	0.0017922698190298	-1.1056731220003557e-07	1.2225130527140134e-14	3.212231104205112e-06	0.0004509183156304	0.0002154993015337	2.0332732737095705e-07	4.643994896151256e-08	0.0010240967786404	-1.939481340000257e-07	3.7615878682091925e-14	1.0487742120216443e-06	0.0	0.0	0.0	0.0	0.0
535.3590580308112	0.2615608197296524	286609.3210156375	0.0684140624176477	713.636167902435	0.9455567330224994	0.8940775353641822	509276.5801384724	527.7624301793385	0.106574122891061	278533.1827088011	0.0113580436699989	571.267867749669	502.58842494382327	1.033552	18.998779	0.0826048056101965	0.049693882122338	-0.0975694722	-0.0066047586	0.0265866882	-0.0732995713	-0.1495065665	-0.1036003827	-0.1275182242	0.0389372373	-0.0153272246	-0.0717368834	0.1255028845	0.1722196861	-0.1399532222	0.0672379499	-0.017855384	0.0025375923	-0.0885404699	0.0404838757	-0.0121083605	-0.0192022416	-0.0324070287	0.0824045956	0.0839520873	-0.0017966558	-0.0601104193	-0.1172081023	-0.0092669057	-0.0152954756	0.0728875627	0.0300666623	-0.0169996262	-0.036167814	-0.0145574279	-0.07416903	-0.0230669073	0.1220503723	0.0175764616	0.0044304465	-0.0303087173	-0.0931151975	-0.0448969255	-0.0437326817	-0.0794482457	0.1244657531	-0.0868499632	0.0349815019	-0.0447703966	-0.0459823002	0.130987017	0.0069269042	-0.0582210854	-0.0488342642	-0.0348688484	-0.0457441278	-0.0818709396	0.0221467361	-0.0266617874	-0.0235194072	-0.038868137	0.0761063354	0.1651083149	-0.0192846157	0.06199835	0.0908538918	0.0946549224	0.0172503865	-0.091569137	0.0916128211	0.0968961086	-0.1265789713	-0.0405570154	-0.08428998	0.0718749292	0.0122935516	0.0210307792	-0.0927334057	-0.1138055812	0.0821893177	0.0369652337	-0.0111235557	0.0149565481	-0.0386222037	0.0172448951	-0.0273078872	0.0039122071	0.1473893616	-0.046898651	-0.0237135452	0.0020539203	-0.0704282343	0.0033374467	-0.0046793577	0.0456389792	-0.0909575872	0.0230968744	-0.0513098009	0.1300017555	-0.0497305007	-0.144631156	-0.1179576522	0.1195360191	0.0705674467	-0.0353999745	-0.0235409212	-0.0113284507	0.0348295509	0.1151906045	-0.0436583229	0.0369180011	-0.0586121505	0.0079720131	0.0580808924	-0.0024601517	-0.0049548456	-0.0247564685	-0.0481530683	-0.078405226	-0.0481514846	0.0806525363	-0.098871989	0.1569934102	0.0242472716	-0.1057076408	-0.0684936154	0.0	0.0612900093463792	-0.0058912746595751	3.470711711455283e-05	0.0037564652456792	0.0384684674967559	0.0368246418510126	0.0014798229915489	0.0013560542474553	-0.048071860404832	0.0316383355586538	0.0010009842769219	0.0023109037627816	0.0017923361228945	6.630386470006695e-08	4.3962024741647835e-15	3.212468777432488e-06	0.0003388714862539	-0.0001120468293764	1.1483388419592718e-07	1.2554491973326497e-08	0.0009711988410625	-5.2897937577899967e-05	2.798191799995401e-09	9.43227188881143e-07	0.0	0.0	0.0	0.0	0.0
534.4963228267007	-0.8627352041104359	285686.3191152647	0.7443120324114755	712.9701414009279	-0.6660265015070763	0.4435913007097555	508326.4225292591	527.451903384156	-0.3105267951824544	278205.51038356905	0.0964268905262859	570.6511737033488	499.82858704194194	1.040838	19.132723	0.1041386862032337	0.0882775759842008	-0.046274605	0.0436138159	-0.0554544167	-0.0346774983	-0.1949525849	-0.1019162053	-0.0561752437	-0.0437421541	0.0791054615	0.0118660656	-0.0624876511	-0.0609282156	-0.018266184	-0.101517068	-0.032575892	-0.1400856882	-0.0594945739	-0.0889997495	0.0193643748	0.0436814989	0.1375211034	0.0842902126	-0.0542347957	0.063771331	-0.028184205	-0.1319189922	-0.0647652647	0.0026206811	0.030599305	-0.0574262487	0.0402581803	0.0227925423	0.1330300145	-0.0849063107	0.081218934	0.1610069887	-0.0303692252	0.0036207031	-0.0272829829	0.068661394	0.0672028232	-0.0038178055	0.045912669	0.0400235426	0.0325312716	-0.0116982597	0.0985080452	-0.0244570684	-0.0450095186	0.1838878329	0.0326226868	0.0220527038	-0.1060367273	-0.0996741518	0.0573339098	-0.0783320045	0.1363044935	-0.1146745291	0.0940193543	-0.1594089375	0.0021977675	-0.0028147212	0.0426188802	0.0978609071	0.0047682103	0.1051410209	0.040591376	-0.1467841886	-0.0463734417	-0.0806115926	-0.0370247231	0.0205932331	-0.0222227971	0.0895032017	-0.0451522758	-0.0045507555	0.0370850976	0.0008871715	0.1865971363	-0.0366448303	-0.030163692	-0.0898914436	0.0306381821	-0.0215499539	-0.1325498746	-0.0576131784	-0.1710128392	-0.1742217644	-0.064340711	0.0091132128	-0.1274483557	-0.0327184678	0.1049336425	-0.0462650075	-0.0680230419	4.4325e-05	-0.0157587125	0.0141579928	-0.1747795216	0.1202285639	-0.0536654292	0.0645734641	0.0172619289	0.0314943828	-0.031759076	0.1074038583	-0.1180265596	0.0480925775	0.0016464832	-0.0324221446	0.028241962	0.0118722846	0.0440500068	0.0779977156	0.0171892545	0.0814651612	-0.0468530046	-0.2085833213	0.049302179	-0.1072658765	-0.0621374941	0.0218533699	-0.1076127567	-0.06245003	0.0	0.0569571029306672	-0.004332906415712	1.877407800731825e-05	0.0032441115742546	-0.0471143365281392	-0.0855828040248951	0.0022197607064867	0.0073244163447636	-0.0492915778042686	-0.0012197173994365	1.4877105344883751e-06	0.0024296596424342	0.0019763159521077	0.0001839798292132	3.3848577557318306e-08	3.905824742555366e-06	0.0003620125804744	2.314109422049996e-05	1.3105310842173394e-07	5.355102417220565e-10	0.0010241430848926	5.294424383010007e-05	2.8030929547410893e-09	1.0488690583333314e-06	0.0	0.0	0.0	0.0	0.0
535.2784560293738	0.7821332026730943	286523.0254891903	0.6117323467236716	714.0233511083267	1.0532097073987643	1.1092506877589907	509829.3459279647	528.0684397176731	0.6165363335170468	278856.2770258577	0.3801170505466432	570.7170279142297	498.33863304293953	0.986701	18.137577	0.142876569071631	0.1027992547421633	-0.0584780377	0.0642105511	-0.032057838	-0.0942415718	-0.1179427217	-0.0899378837	0.0262637772	-0.061889888	0.0398236737	-0.0969805532	0.0071829335	0.0763713717	-0.0521375864	0.0377892598	-0.224994335	0.0407700904	0.0305633351	-0.0164762826	-0.0109126771	-0.0692004208	-0.0675763757	0.086442812	0.1088123097	0.1143180415	0.0442611546	0.0429057849	-0.0040153113	0.0503721191	0.1008788934	0.05010489	-0.04781988	-0.0186798964	-0.1148242628	0.0388183121	0.0313546055	-0.0223487211	0.0849293266	-0.1201358057	-0.1149106841	-0.2150727734	-0.0622669637	-0.0695727724	0.0527121473	-0.0197329606	-0.0649989406	-0.0530935785	-0.0323010846	0.0052076873	-0.1414055511	-0.2042507658	0.0180745944	0.074669679	-0.0451968994	-0.0757011817	-0.0628408292	-0.0516173052	-0.081723696	0.0840180286	-0.0275387968	-0.1699356514	-0.0812334951	-0.1347900696	0.1050956225	0.0171546333	-0.0730494647	0.0983187253	-0.0216254801	0.0348322609	0.0820636422	-0.0661886715	-0.0531017739	-0.101220899	0.0273029301	-0.0006067305	0.0644842006	-0.0290356884	-0.0203475377	0.0370386368	0.1539558683	-0.1508335887	0.1059179667	0.2148794499	0.0841064293	0.0525293762	0.1603402067	0.1738327229	-0.0627285652	-0.0079578867	0.137432303	-0.0868857027	-0.0426755	0.0045899363	-0.1361493187	0.132177532	-0.0525511316	0.0796704729	0.0159281204	-0.0867055811	-0.1363737353	-0.0469922635	0.10256271	0.0558844794	0.0864625797	0.0108602584	0.062167384	0.0193463139	-0.0015711205	0.031740111	0.0694762116	-0.0388287722	0.085963296	-0.0269560409	0.0105660666	0.065839217	0.0235103691	0.1007006688	0.0080350511	0.0862153795	0.1428568121	-0.1279168179	-0.0615784033	0.0194497534	-0.1093265412	-0.0561566646	0.0	0.0537206878752698	-0.0032364150553974	1.0474382410802965e-05	0.0028859123057921	0.0413921510365042	0.0885064875646434	0.0017133101674287	0.0078333983410303	-0.0325795326974684	0.0167120451068002	0.0002792924516517	0.0010614259507854	0.0013708582531668	-0.0006054576989409	3.665790252068097e-07	1.8792523502755304e-06	0.0002792019870223	-8.281059345209996e-05	7.79537495572006e-08	6.857594387888981e-09	0.0010243072193954	1.641345027999369e-07	2.6940135009382495e-14	1.049205279705536e-06	0.0	0.0	0.0	0.0	0.0
535.3239860428923	0.045530013518487	286571.7700328508	0.0020729821309936	713.2158730846788	-0.8074780236478318	0.6520207586742085	508676.8816199407	527.7008250885946	-0.3676146290785027	278468.1607991835	0.1351405155125251	570.5562387313022	498.50778225723246	0.96022	17.650789	0.0679605228273948	0.0421964461321951	-0.0519543803	0.1000989172	0.0024010972	0.0742486423	-0.0612111089	-0.0376592189	0.1502273822	-0.0090262076	0.0357306648	-0.0191405692	-0.0809914387	0.0037781136	-0.0418826241	-0.0605134469	-0.0382271326	0.0085374078	-0.1661991746	-0.1039963897	0.1131326884	-0.0648265336	0.0612669059	0.0881066059	0.0336018439	0.0604035764	0.0316779611	0.0928871823	0.01742736	-0.1091590503	-0.077814102	-0.1101083019	0.1458844654	-0.0489359682	-0.0281056105	-0.1244508695	-0.0304087066	0.0022221252	0.2012423973	-0.0345897061	0.1318146906	0.0922183699	-0.0569397109	0.11904918	0.0411562001	-0.0004268947	-0.0376489153	0.0079557885	0.1396936205	-0.0778373833	0.0346005076	-0.0941682843	0.1752754477	0.0126187542	-0.0022087766	0.1315050222	-0.0024479674	0.0015520735	0.0906087566	-0.1381399335	0.0044580227	0.0207114898	0.0486226943	0.0030030637	0.0815303735	-0.013930261	-0.1411029955	-0.0136685576	-0.0124392314	-0.0595667065	-0.0149806148	-0.0857466362	0.0101017476	0.0688625342	0.0032667764	-0.0223614394	0.0122008228	-0.0650893295	-0.1066896123	0.0294207088	0.0334835637	0.0380808556	-0.0830525305	0.0383578815	0.0867329397	-0.1104146757	-0.0128276263	-0.0790079015	0.0651136646	0.035889868	-0.0148145655	-0.0414888575	-0.1596572473	-0.0182658286	0.1563546311	-0.0304617509	0.1457201553	0.0926220825	0.0005310089	-0.0459951987	-0.1408463253	0.0818686031	-0.0137160408	0.0399286191	0.1739912804	-0.0332343477	0.0302459137	0.007036394	0.0037711889	0.0395545117	0.1081393223	-0.0381173398	0.0489848908	-0.0499429023	0.052514067	0.145937804	-0.0708743752	-0.078213225	0.0713814796	-0.0787409939	0.0880660191	-0.1112692178	-0.0404437031	0.0170374908	-0.110845947	-0.0496386907	0.0	0.0537389121583373	1.8224283067504177e-05	3.321244933245194e-10	0.0028878706799614	0.0072326832378024	-0.0341594677987018	5.231170681838781e-05	0.0011668692402905	-0.0457569539477589	-0.0131774212502905	0.0001736444308076	0.0020936988345773	0.0016308173746711	0.0002599591215043	6.757874485328745e-08	2.659565309529139e-06	0.0003274212145649	4.82192275426e-05	1.072046517471543e-07	2.325093904805034e-09	0.0011282370602552	0.0001039298408597	1.0801411821143348e-08	1.2729188641332956e-06	0.0	0.0	0.0	0.0	0.0
535.6464493951	0.3224633522077056	286917.11874957744	0.1039826135170308	714.7668325166801	1.5509594320012638	2.405475159713683	510891.6248659278	527.9143203548127	0.2134952662181604	278693.52963568387	0.0455802286975631	571.3059492854094	504.2021014353688	0.974031	17.904661	0.1076468312125161	0.0717656194240827	-0.072998599	0.093690538	0.1165898476	0.050715916	-0.0688572472	-0.0976042704	0.0727843022	0.0292534163	-0.0541081655	0.0471609794	0.0534152285	0.1284790344	0.0120682002	0.1119467368	-0.0629619586	0.1075980649	0.0682266713	-0.0820878513	-0.0077367358	-0.0091038958	0.2375438578	0.0705469959	0.1934753806	0.0499480088	0.1139981312	0.0337130069	0.1357217502	0.0520683866	0.0204676483	-0.0022633621	0.1394736935	-0.0471087579	-0.0385406408	-0.0024686779	0.0638631334	-0.027475047	0.0096540193	0.0643197557	0.0454025223	0.0038621811	-0.0942912868	0.115757939	0.1076159063	-0.0814542714	-0.0481266879	0.0619019765	-0.0820301605	0.0303469081	0.1696143455	0.0966793708	-0.0682392608	0.1620562415	-0.007674532	-0.034753616	0.0631189856	0.0842083895	-0.0807635417	0.0376305654	0.0261381643	-0.0069246245	-0.0344051457	0.0881223355	0.1302131605	-0.06064702	0.0015252079	-0.0625873206	-0.0499508399	0.0585847343	0.0652323905	-0.0791076051	-0.0345231194	-0.000286235	0.0502854227	-0.0850216228	0.0077288826	-0.1257445174	0.0500354527	-0.079074779	-0.0024071741	-0.0655697515	-0.0986294245	0.1464761009	0.0165567634	-0.0696800956	-0.1333845382	0.0673841393	-0.0679356586	-0.0590892522	-0.0504294961	-0.1345361948	0.0576484516	0.0993634177	0.0318863284	0.0783968694	-0.2453357507	0.0022940546	-0.1665371686	-0.1048000693	-0.1095225841	-0.0667249996	0.0591837786	0.1291389533	0.0210698417	-0.1275892098	0.0736637102	-0.0598838529	0.0293259862	0.0263965379	0.0664600408	0.0418640209	-0.01756207	0.0930712588	-0.0272985044	0.0834287821	0.0901849601	-0.0437576907	0.0138265035	0.0797631608	0.0616698272	0.054135273	-0.0875882488	0.0146176544	-0.1121682727	-0.0429221782	0.0	0.053684176345115	-5.47358132223022e-05	2.996009249106752e-09	0.0028819907898534	0.067021473852975	0.0597887906151725	0.004491877957425	0.0035746994832249	-0.0244391518507427	0.0213178020970162	0.0004544486862475	0.0005972721431836	0.0012158382363189	-0.0004149791383522	1.7220768526753445e-07	1.4782626168950532e-06	0.0003166222265624	-1.0798988002500031e-05	1.0024963435333174e-07	1.1661814187813958e-10	0.0010243051328678	-0.0001039319273873	1.080184553045978e-08	1.0492010052193214e-06	0.0	0.0	0.0	0.0	0.0
535.2942619897954	-0.3521874053046758	286539.94691919966	0.12403596845524	712.8615713944484	-1.90526112223165	3.6300199438874063	508171.6199709624	528.2530516173942	0.3387312625815184	279051.2865430894	0.1147388682500695	571.2973037101258	500.8185639401816	1.040099	19.119133	0.1678205678563718	0.0971279111844336	-0.0773796728	-0.0660461784	-0.0551492992	-0.0534419301	-0.0809696306	-0.057611844	-0.0813845619	0.0753742685	-0.0768610716	-0.0033184168	-0.1041905415	-0.1330473323	-0.0465147265	-0.1140096012	-0.0580879084	0.0791288033	-0.0671530369	0.09114921	0.0464089162	0.0463059828	0.097285665	0.0849071628	-0.0648030247	-0.0704365019	0.0491678614	-0.1643269636	0.0861665806	-0.0374399231	0.0204865015	-0.0051812142	-0.0686217475	-0.007425621	0.0720197377	0.0693973993	-0.0563755646	-0.038268498	0.0098966611	-0.0975887107	-0.0892638187	-0.009817042	0.0573221901	-0.0986865998	0.0345722597	0.0590185712	-0.0810489437	-0.0138688729	-0.0297651135	-0.133929321	0.0121088221	-0.0044148559	0.0055438492	0.010558011	-0.159306547	-0.0979028081	0.0270397504	0.0315108532	0.0774896739	0.0678978255	-0.0314663726	-0.0586434289	0.1762239286	0.0489767928	0.0154102318	0.1311146011	0.0626115275	-0.0322162159	0.0547515297	-0.0319996521	-0.0799887144	-0.0741581763	0.0504101188	-0.0820044822	0.0113977008	0.0300909287	-0.0670488191	0.0042191294	-0.08412848	-0.0521945399	0.0675159497	-0.0148431806	0.0521683775	0.0944701054	0.0389428946	0.0270591784	-0.0339999107	-0.1105874332	0.0873824329	0.1171246454	0.0013725368	0.0616038547	-0.1311457164	0.1316624649	-0.0575919364	0.0668668071	-0.0969258391	-0.0320005192	0.082357904	0.0069276246	-0.1405823071	0.0387942475	0.0013739053	0.1226462261	-0.0228018527	0.0483926633	-0.0573201979	0.0285077829	0.0889940699	-0.0541073363	0.1214802842	0.0091443193	-0.0418021657	0.0523374138	-0.0771850073	-0.0040532133	0.0609456244	0.0997236251	0.0607553302	-0.0883992555	0.0334531944	-0.0683890369	0.1214787449	0.0121913197	-0.1132911674	-0.0360339907	0.0	0.0665679820081948	0.0128838056630798	0.000165992448364	0.0044312962286433	0.0099329418526252	-0.0570885320003497	9.866333384763336e-05	0.0032591004859549	-0.0808611236749499	-0.0564219718242071	0.0031834389045316	0.0065385213219755	0.0019167750753545	0.0007009368390356	4.913124523172189e-07	3.6740266895002496e-06	0.000443982947246	0.0001273607206836	1.9712085744524442e-07	1.622075317304598e-08	0.0010240775252123	-2.2760765549991601e-07	5.1805244842168433e-14	1.0487347776449492e-06	0.0	0.0	0.0	0.0	0.0
535.2851105547907	-0.0091514350046963	286530.14958165446	8.374876264518252e-05	715.0309796646804	2.169408270231997	4.706332242950987	511269.30188023264	527.9374530300772	-0.3155985873170266	278717.954311885	0.0996024683165028	571.3223303625144	502.45229391840826	0.964954	17.737806	0.1256513320888622	0.0716866743473996	-0.0654161833	0.0765520367	-0.0758345101	0.0135517597	0.0001998951	-0.1033341639	0.0775988355	-0.0291162486	0.0727043103	-0.0929126109	-0.0126666475	0.0425533406	-0.0432605903	0.0344944324	-0.051919366	-0.0403576645	0.0504868228	0.1399085714	-0.0362434208	0.0387076655	0.1730087777	0.1018312034	0.0844905378	0.0684795283	0.0010665018	0.0774999863	0.1051355576	0.1498881099	0.0143399359	-0.0378476575	0.0298814145	-0.105229736	0.0344786867	0.0604599815	-0.0834377243	0.0132928848	0.0770636275	-0.0329843483	0.2178408874	0.0442871702	0.095905143	0.074726183	0.0550918163	0.0630050309	0.0867586542	0.0927089359	-0.0643346845	-0.0078790417	-0.0330200611	-0.0231819607	-0.0901295474	0.0184860734	0.1499897112	0.0348627742	-0.1096372938	-0.1012114191	0.116362586	-0.0882005415	0.037360664	-0.1525696379	-0.1559638812	-0.1129183646	0.1213258162	0.0267824365	-0.0890617944	0.0102125509	-0.0319163377	0.0410865983	0.092537024	-0.0037949271	-0.0977473994	-0.0767896735	-0.0252740388	-0.0999793532	-0.0580041176	-0.0746065631	-0.0002077105	-0.107763014	0.0619672215	-0.0243515942	-0.11538468	0.0868747654	0.0045961146	0.0794574281	-0.0029642639	-0.1377996313	0.2164360824	0.1000627948	0.0047305761	0.0527977056	0.013965356	-0.0167661271	0.0341441827	-0.0324434544	-0.0065980045	0.0635294052	0.0409665944	-0.0566795978	-0.1249954261	-0.0206849917	0.0417317276	0.0132924741	0.1489843544	-0.0166669565	0.1454628637	-0.0464058378	-0.0077861441	0.0110557417	-0.0514213327	-0.0127567488	0.0014664188	0.1123265468	-0.1182606607	0.0505058051	0.0141720395	-0.0584941535	-0.0515675443	-0.0304038273	0.033827815	-0.0522520792	0.0387688694	0.0097595656	-0.1142126345	-0.029001679	0.0	0.0654390177188588	-0.001128964289336	1.2745603665959614e-06	0.0042822650400091	0.0440856666281348	0.0341527247755095	0.001943546002047	0.0011664086095917	-0.0326823969810732	0.0481787266938767	0.0023211897058432	0.0010681390724284	0.0014068449134031	-0.0005099301619514	2.60028770067781e-07	1.9792126103681763e-06	0.0002653293162968	-0.0001786536309491	7.039964608652736e-08	3.1917119851332945e-08	0.0011793120589145	0.0001552345337022	2.409776045373948e-08	1.3907769323011571e-06	0.0	0.0	0.0	0.0	0.0
534.8810135208563	-0.404097033934363	286097.69862509845	0.1632944128345497	713.6911382576174	-1.3398414070630906	1.7951749960808026	509355.0408274535	528.0172096673697	0.079756637292462	278802.17370491504	0.0063611211922013	570.9399832326299	496.919788064018	0.986286	18.129934	0.1137773358779392	0.0608731988591727	-0.0114217699	0.0660504634	0.0876918184	0.1029783354	-0.0209184612	0.0002794926	0.0931256461	-0.051965533	-0.0611074316	0.0194619959	0.0769299357	-0.1005445069	-0.1389828746	0.0275650709	-0.0367857234	0.1367747812	-0.0847197278	-0.0087773826	-0.0903019287	-0.041216148	-0.0249313265	-0.0287443755	0.085194448	-0.0843197663	0.1260188321	0.0024773084	0.0464044377	0.012336125	-0.0438804167	-0.022244557	0.1940485074	0.0461321384	0.0176398897	-0.00724749	0.0149295962	-0.0033503635	-0.0527624176	-0.0376974918	-0.055350108	-0.1188342779	0.0706470715	-0.0119369251	-0.04728384	-0.0671675565	-0.1176547178	-0.1427604468	-0.0355281942	0.0183594247	0.0126938086	0.0018043218	-0.0267229042	-0.0811600343	0.0965618139	-0.1428137919	0.0948883957	-0.0729315812	0.0463311806	0.0680457782	-0.1035521847	-0.0165039634	-0.1260619553	0.1157181069	0.0254947721	-0.0760142565	-0.0174733822	-0.0754535928	-0.0138567411	-0.0257904518	-0.0979334204	-0.1358795577	-0.0123432957	-0.0631509427	0.0743279937	-0.1220337556	-0.0253375101	-0.1212565981	-0.0755951511	-0.1014366953	0.0719807172	0.0021945004	0.0460391774	0.0012159038	0.1127220486	-0.0666291326	-0.0003310102	-0.027152088	-0.0258412672	-0.0985606919	-0.0768785166	0.0801888317	-0.063486384	0.0756921877	-0.0212586744	0.1357672698	-0.0250678978	-0.0199043893	-0.0449258154	-0.0106041087	-0.0547064686	0.0736914331	-0.0110526665	0.0629052155	0.013783867	-0.1464740155	-0.0343276712	-0.0639616726	0.029950913	0.0142746634	0.0998285638	0.000259767	-0.0630287591	0.0416160495	-0.0822798459	0.122731245	0.093005493	0.034103621	0.011329203	-0.0944415195	-0.0389564614	-0.088805839	0.0152289048	0.0073234729	-0.1149310357	-0.0218533699	0.0	0.0751867436370901	0.0097477259182313	9.501816057695842e-05	0.0056530464187495	0.0097107123125113	-0.0343749543156235	9.429793361635856e-05	0.0011816374842012	-0.0676483295938226	-0.0349659326127494	0.0012226164434793	0.0045762964968344	0.0017861698884465	0.0003793249750433	1.4388743669167592e-07	3.1904028703929822e-06	0.000548081589025	0.0002827522727281	3.0039342822816897e-07	7.994884773296237e-08	0.0012110092717696	3.1697212855099884e-05	1.0047133027815091e-09	1.4665434563119368e-06	0.0	0.0	0.0	0.0	0.0
534.481774200821	-0.399239320035349	285670.7669528574	0.1593920346622878	713.1332192866447	-0.5579189709726506	0.3112735781711814	508558.9884501337	527.9470439747067	-0.0701656926629539	278728.08124163095	0.0049232244268721	571.006978175699	496.6936682702472	0.999998	18.382	0.1287843636011242	0.0696294842380631	-0.0407896348	-0.0034433187	-0.0242789849	-0.0634169669	-0.1536331119	-0.0663676343	-0.0993477949	0.054869812	-0.0383878162	0.0125691573	0.0238997672	-0.0165027415	-0.0400633034	-0.0797627587	-0.0981914912	-0.0336897978	0.0644140156	0.0651857732	-0.0616422978	-0.008548085	0.0598681779	0.0160672738	0.0430592499	0.0128857134	-0.0566763553	-0.0950304082	-0.0253145089	0.1440499179	-0.0210895068	0.0613589219	-0.0194609119	0.0341578709	-0.018342748	-0.0422889179	-0.0075996472	0.0466110819	-0.0366873851	0.0746636354	0.0288131336	0.0640593761	0.0587129088	-0.0953764534	0.0907941432	-0.0173764297	-0.179825482	-0.1062183604	-0.0441789559	-0.1102220288	0.158866834	-0.0191712217	0.0115835901	-0.003804399	-0.1175662449	0.1277004346	0.023693986	-0.1516576354	0.1234570629	-0.0438139838	-0.0570366599	0.0196513327	-0.0316589764	0.0501583608	0.0435187411	0.0752953178	0.1084329444	0.0184350369	-0.0347837892	0.0461123955	0.014124767	-0.0028473449	-0.0867413334	-0.1030430129	-0.0454184311	0.0241646239	-0.0856443854	0.0300857317	-0.0330770154	-0.0298718742	0.0736372198	-0.0731472693	0.1108212529	0.0880406783	0.1049080745	-0.0823375962	-0.0236867649	-0.0657896384	-0.0274648736	0.0477662614	-0.0202337775	-0.0694838838	-0.1402464825	0.0419972026	0.0511180984	-0.1116607647	0.0326144557	0.0144337733	0.0778066301	-0.0468573023	-0.0982104449	-0.0578916615	0.1064114131	0.0827790375	0.0050840699	0.0230801425	0.045162793	-0.0388204419	0.0059581691	-0.0134111749	-0.014314542	-0.0188897305	0.0119066437	0.1458713555	-0.0447710039	-0.0726727655	0.0706723042	0.0822742172	0.0758855501	-0.0725112538	0.0435177263	-0.1747252201	0.053988811	0.0048841247	-0.1154450938	-0.0146176544	0.0	0.0760058197995761	0.0008190761624859	6.708857599527903e-07	0.0057768846434056	0.0566795290444588	0.0469688167319475	0.0032125690127016	0.0022060697451992	-0.0317915563832968	0.0358567732105257	0.001285708185071	0.0010107030572723	0.00140689740089	-0.0003792724875564	1.4384761981729537e-07	1.979360296631037e-06	0.0002112201163704	-0.0003368614726545	4.461393755952532e-08	1.134756517590258e-07	0.0010243492820574	-0.0001866599897122	3.4841951759358634e-08	1.0492914516515107e-06	0.0	0.0	0.0	0.0	0.0
533.7836332226547	-0.6981409781662933	284924.9670963775	0.4874008253949888	712.7637534488031	-0.3694658378416307	0.1365050053320181	508032.16823042615	527.6705789156487	-0.2764650590580686	278436.2398531758	0.0764329288799813	570.0056737425057	489.9111645218309	0.968982	17.811855	0.1007998847537175	0.0699808179728695	0.0346142815	0.0923953185	-0.0895336778	0.0566983302	-0.1115206952	-0.0305202257	0.0071818113	-0.1119625997	0.0559985431	-0.1474862749	-0.0354862659	-0.0367850215	-0.1310152513	0.0068849528	-0.0237650338	0.0083349802	-0.0166416532	0.1092260691	0.0733349259	0.0759221348	0.1624620417	0.0379687271	-0.0808951507	0.0817843886	0.0963747662	-0.0417330308	-0.0555197125	-0.0259673509	-0.0539179934	0.0486996509	0.1211302414	-0.0607164947	-0.0225206478	-0.0825157067	-0.1071281219	0.0510132681	0.0285215207	-0.0521024035	0.0484428663	-0.0681158616	0.0432477164	-0.0061170879	-0.1235324461	-0.0637669161	-0.0524977289	0.0915644647	-0.2076768732	0.0576576788	-0.1400528147	0.025487975	-0.076865073	-0.0528257805	-0.1046056488	-0.0057161325	0.03922071	-0.1087373554	-0.0048520928	0.1331329551	-0.0487057659	-0.0276883469	0.007267072	-0.171246796	-0.0004651521	0.0110352845	-0.1108658471	0.1195683955	-0.0215128615	-0.0059817472	-0.0612068226	-0.1679667729	-0.0705306433	-0.0436736664	0.0425370934	0.0229331622	-0.0344349899	-0.0389706752	-0.02882927	-7.25987e-05	0.031991469	-0.025925598	0.0456759338	-0.0117335175	-0.019655263	0.0240245029	-0.0025631556	0.0009658324	0.1790726147	-0.013676507	-0.0101127428	-0.0483055639	0.0111977666	-0.1327684785	-0.061687647	0.0818391481	0.1110431125	-0.1566879441	0.1168010465	-0.016098105	-0.0966461472	0.1314495365	0.0803604427	-0.0184720545	0.1361663411	-0.034438636	-0.0089707179	0.0236164432	0.0521084417	-0.0648017918	0.0997445511	0.0303957402	0.0224194253	0.0955628893	-0.0475068531	0.0302884372	-0.0600748542	-0.0047398307	0.0270896533	-0.0385250938	-0.0480434058	-0.0501170979	-0.0295196238	0.0024426053	-0.1157538946	-0.0073234729	0.0	0.0700499741103755	-0.0059558456892006	3.547209787356938e-05	0.0049069988728642	-0.0083878416079983	-0.0650673706524571	7.035588684086749e-05	0.0042337627236242	-0.0560362596350216	-0.0242447032517248	0.0005878056357641	0.0031400623938835	0.0014068355491617	-6.185172830006949e-08	3.825636293705615e-15	1.979186262385102e-06	0.0003217200613705	0.0001104999450001	1.0350379788823828e-07	1.2210237845025124e-08	0.0010242717755791	-7.750647829985782e-08	6.0072541784463305e-15	1.0491326702479623e-06	0.0	0.0	0.0	0.0	0.0
533.4602481879857	-0.3233850346689451	284579.8363967873	0.1045778806478348	711.5051477557647	-1.258605693038362	1.5840882905485756	506239.5752829526	526.9107310289254	-0.7598478867232643	277634.91847343656	0.5773688109578107	569.4375272198822	486.76831246578746	0.985369	18.113091	0.0847503984920837	0.0562855836345438	0.0656970382	0.0105926039	0.1315273139	0.06572056	-0.1157030577	0.059782319	-0.0086633344	-0.0694975392	0.0501911067	0.0333795402	0.0740876578	0.069387652	-0.0323387495	0.0588099384	-0.0771755125	-0.0835442137	0.0295395405	-0.0550701335	-0.0277990324	0.0028654456	0.129414791	-0.0932802478	0.0921618674	-0.0006549613	-0.1162317037	0.0916419432	-0.0246063484	-0.0380443115	-0.0998604277	0.0915703872	0.0245961922	-0.0396457802	0.084048187	0.0556729277	-0.0126923872	0.0556204414	-0.0148967639	0.0256844522	-0.008244583	0.0333145221	0.025442185	-0.0540231689	0.0658364814	0.1483865912	0.0093067305	-0.0781184871	0.0244117951	0.029946794	0.0030245105	0.025453394	-0.0030927953	0.1166188062	-0.0505815973	-0.021885364	0.0634270136	-0.0339854186	-0.0431624716	-0.0325444701	0.1382718643	0.031981238	-0.0098453789	0.0247648003	-0.0348848732	-0.1120980579	0.0238085621	0.0047758629	-0.065858094	-0.0201657418	0.1109787177	0.0302085501	-0.1010492263	0.1024488842	0.0779911429	0.0395319311	0.0279554481	-0.0728475396	0.0263574334	-0.0702845392	-0.057987143	-0.0808733733	-0.0857965682	0.0524712221	0.0292081758	0.0295589169	-0.0858156438	-0.0322890469	-0.0730054386	-0.0573366327	-0.051446168	-0.0432607687	0.0581360464	-0.0821314623	0.0912849611	-0.0786427841	0.0454428322	0.0086720831	0.0143572573	0.0003820557	-0.0162278781	0.0192268899	0.0761989154	0.1748867376	0.027390074	-0.0701447869	0.0325708829	-0.0774637273	-0.0581836375	0.0693493779	-0.0447023179	0.0328319941	0.0005433194	0.1151261146	-0.0818811475	0.1105570021	0.0452719547	0.0237718968	0.0315172893	0.0762544389	0.0478261777	0.0847303827	-0.0003030965	0.0	-0.1158568893	-0.0	0.0	0.0603574665674813	-0.0096925075428942	9.394470246906104e-05	0.0036430237704446	0.0473193325730108	0.055707174181009	0.0022391192351552	0.0031032892552332	-0.0542150280776212	0.0018212315574004	3.316884385671098e-06	0.0029392692694572	0.0015949195839505	0.0001880840347887	3.53756041424345e-08	2.543768479268836e-06	0.0001593174980365	-0.000162402563334	2.538206518061018e-08	2.637459257745388e-08	0.0010243748816719	1.0310609279990529e-07	1.0630866372462682e-14	1.0493438982003191e-06	0.0	0.0	0.0	0.0	0.0
533.7111437418657	0.2508955538800137	284847.5849542505	0.0629485789567588	712.4745045830222	0.9693568272574566	0.9396526585506426	507619.9196808229	527.3465507600937	0.4358197311682943	278094.3845985681	0.1899388380756043	569.9919614206016	485.6299444040797	1.046005	19.227703	0.0534942405897186	0.0280393898124694	0.0565576127	0.027972766	-0.0486535879	-0.1438242372	-0.1250073101	-0.097852341	-0.1350865627	-0.1052288128	-0.0205957068	-0.0028399028	-0.0136561063	-0.024247244	-0.0547958593	-0.0713147313	0.0347250218	-0.0265601613	-0.0518157565	0.1107868143	0.0364370826	0.1193575128	0.0464127702	0.0329581691	0.0141370389	0.0833102815	-0.008167374	-0.2091172517	0.0040102273	-0.1569981182	0.0311162925	0.0678463569	-0.0482835105	-0.059760639	0.0223585524	-0.1374223896	0.0083007125	-0.0008121373	-0.1529396138	-0.0248587562	0.0020729864	0.2169821716	0.1339827308	0.0300196763	-0.0391992315	-0.1048366115	-0.0324890583	-0.0815042006	0.0693897395	-0.0762472234	0.0831758846	-0.1718374179	-0.0034354427	0.0052436747	-0.0176427809	-0.1527234251	0.0610823741	0.0902185994	-0.1556754079	0.0161116681	0.1024757531	0.0689353749	-0.0505473604	-0.2489275412	0.0199115356	0.0541906857	0.1167452309	0.1496176996	-0.0057914728	-0.0086369587	-0.0880322897	-0.0401565559	0.0525274947	-0.0076234119	0.101606873	0.1327721963	0.0362187327	-0.0279549204	-0.1188703877	-0.0160412453	-0.0176922342	0.0704855542	0.0111661712	0.1197131439	0.0027535294	-0.0137713989	-0.0662234489	-0.0726879057	-0.007127027	-0.0222442365	-0.0614376589	0.0496979022	-0.1574491743	-0.2253206375	-0.0674378489	-0.0560698386	0.0014232598	-0.1196407958	0.0511646365	-0.0755373271	-0.0483178659	0.0880707057	0.116943956	0.1287421315	-0.0255832013	0.0621647702	-0.0736287838	0.0240391662	0.0529897231	-0.1158919538	0.1111977996	-0.0060710188	0.0734848045	0.0780257307	-0.0122441192	0.0205559565	-0.0727817639	-0.0067354486	0.0035567608	0.0552866254	-0.1770743564	-0.0185796462	0.0147384759	-0.0024426053	-0.1157538946	0.0073234729	0.0	0.0677896555457522	0.0074321889782709	5.523743300873146e-05	0.0045954373990117	0.0393913176733491	-0.0079280148996616	0.0015516759080427	6.285342024925785e-05	-0.0365734470124152	0.0176415810652059	0.0003112253824802	0.0013376170263699	0.0012368931290082	-0.0003580264549423	1.2818294243855076e-07	1.5299046125876956e-06	0.0002111334848164	5.181598677990001e-05	4.457734841071701e-08	2.684896485974773e-09	0.0010243682104625	-6.671209400004041e-09	4.450503485870228e-17	1.0493302306061446e-06	0.0	0.0	0.0	0.0	0.0
533.3971909399767	-0.3139528018890587	284512.5633026579	0.0985663618139905	711.7344852830299	-0.740019299992241	0.5476285643610064	506565.97754109954	526.9214045050685	-0.4251462550251972	277646.166525594	0.18074933816195	569.378638018076	483.8428388750672	1.10183	20.25388	0.0766674474668174	0.0523975099761846	0.0772353195	-0.0459576911	-0.0746264494	0.0325679212	-0.0532784562	0.0585692394	-0.0263122427	-0.0542100886	0.1109123255	-0.0725353588	0.050523441	0.0548794638	0.0147278569	-0.0119061654	-0.145225152	-0.0974733256	0.1603993943	0.015619618	-0.0039444232	0.0846717996	0.0723212055	-0.0244751716	-0.1249843423	0.1175738048	-0.056842091	0.0587130249	0.0033926752	0.0936726731	-0.0750270349	0.128493354	-0.009027625	0.0171537091	-0.0506555743	0.1021219598	0.0963291284	0.0244367442	-0.0568296007	-0.0825809609	0.0552242219	0.0045200187	0.099261731	0.058794023	0.0731320308	0.0761863658	-0.0062442009	0.1480575551	-0.102599138	-0.0482365118	-0.0426748152	-0.031105504	-0.056417298	0.1224869008	0.0137656871	0.1502980785	0.0118233724	0.0548535847	-0.0450587386	0.2354785116	-0.0073649866	-0.0530538822	0.0092587165	0.0468037117	-0.0757227543	-0.0087264272	-0.0887815546	0.1214834031	-0.0257738026	0.0167650045	0.1616311642	0.0152685205	-0.1023247426	-0.0571538159	-0.037491357	-0.0429213422	-0.0371415909	-0.0119325339	0.0661840296	-0.0892576194	-0.0807119043	-0.1821508128	0.032168211	0.1511635352	-0.1547171863	0.0645257754	-0.0227050065	0.0106026452	0.0496506365	-0.0782610626	-0.0266428339	0.0295104865	-0.0101350841	-0.111475515	0.0145094661	-0.0522804635	-0.0163062552	0.0164851114	-0.0061571719	0.092717939	-0.0335854294	0.0484209072	0.1232110675	0.0680902627	0.1491894688	0.0418071465	0.1247018698	-0.0039114112	-0.0897396251	0.0551403101	-0.0304815197	0.057296457	0.0224202781	0.1104771021	-0.0552088937	-0.0449089406	0.001427116	-0.0033490515	0.0891926933	0.018446112	0.0662500775	0.0886810784	0.0086180095	-0.0048841247	-0.1154450938	0.0146176544	0.0	0.0678487138500116	5.905830425939618e-05	3.4878833019954123e-09	0.0046034479711007	3.881812227746195e-05	-0.0393524995510716	1.506846617147988e-09	0.001548619220917	-0.0532417938550366	-0.0166683468426213	0.0002778337864659	0.0028346886129022	0.0016478932099568	0.0004110000809486	1.689210665397559e-07	2.7155520314217263e-06	0.0002118449998662	7.115150497999834e-07	4.4878303968310285e-08	5.06253666091873e-13	0.0010243289510836	-3.9259378899940765e-08	1.5412988316091136e-15	1.0492498000280282e-06	0.0	0.0	0.0	0.0	0.0
535.0984079492853	1.701217009308607	286330.3061898597	2.8941393127609207	715.5269421310161	3.792456847986159	14.382728943837114	511978.8049153625	527.78995183933	0.8685473342615069	278562.2332625623	0.7543744718527697	570.9248399414391	485.4919236764078	1.530763	28.138529	0.2918370158717396	0.1758722870805049	0.0691720507	0.3138067239	0.1061469059	-0.1363834581	0.0345610563	-0.2060418249	0.135376933	-0.1325723271	-0.0981186726	0.0888750853	0.0420276021	0.118039888	-0.0166819249	-0.0298372776	0.1117759742	-0.0104163302	-0.0409623985	-0.1377579858	-0.0555911115	-0.0259287085	0.0686862973	0.0067049536	0.2110247745	0.0734239747	0.0770024755	-0.0571805521	-0.067398511	-0.0288401674	-0.1232467218	-0.1290953879	0.0762410791	-0.0335418515	0.0546857577	-0.0327542921	0.0123389251	-0.0747963552	-0.0676521166	0.0838075814	0.0120846371	-0.0436837813	0.0363086801	0.0651183041	0.0894055282	0.0267420482	0.1642296833	-0.021913342	-0.0998552301	0.0272035862	0.0305180572	0.1509663785	-0.1526809405	0.0693243678	-0.0376069257	-0.0111601615	-0.021723493	0.1099239109	-0.0266822628	-0.1035212829	-0.0698739589	-0.0674301116	0.192411861	-0.0926946882	0.2392372161	-0.1824707387	0.0683415156	0.0914648122	-0.1466428477	0.0120012044	-0.0840220287	-0.0408013526	0.0749641472	0.0490287976	-0.0751634624	-0.030312065	-0.1350201412	-0.0191404253	0.0188157289	-0.0206406402	0.0238372712	0.0377379222	-0.019926701	0.0047436829	-0.0548981228	-0.0320620858	-0.0222205913	-0.0252972796	-0.0751372823	-0.0602288168	0.1026715745	-0.1052265458	0.0600439157	0.0323162576	-0.0288844253	-0.01387348	0.0544904505	0.0875524379	-0.0020928152	-0.3326373821	0.0003975043	0.0925559412	0.0961829701	0.0438505582	0.0263144053	-0.1725722599	0.0119442993	-0.0067653601	-0.1008522553	0.029781599	-0.0297431998	0.1205036887	0.0677529705	-0.0631937933	-0.0649219321	-0.0438902969	0.0757788061	-0.0630581999	-0.0413512602	0.1468442809	-0.113832113	-0.0198292118	-0.0552039404	-0.0073234729	-0.1149310357	0.0218533699	0.0	0.0681546663566479	0.0003059525066363	9.360693631703557e-08	0.0046450585461859	0.1015384410374196	0.1014996229151421	0.0103100550083095	0.010302173451916	0.0661177382809796	0.1193595321360161	0.0142466979117286	0.0043715553153921	0.0007711275393171	-0.0008767656706397	7.68718041212283e-07	5.946376818932457e-07	-0.0002260664357054	-0.0004379114355716	5.1106033352543763e-08	1.9176642540437962e-07	0.0011230900111512	9.876106006759991e-05	9.75374698567608e-09	1.2613311731476025e-06	0.0	1.0	0.0	0.0	0.0
534.6028020984272	-0.4956058508580554	285800.1560114901	0.245625159404737	711.51837459815	-4.008567532866096	16.068613665548174	506258.3973907933	527.8378479144325	0.0478960751024715	278612.79369093955	0.0022940340102215	569.9162271136041	483.3685965168153	1.384546	25.450769	0.3081881751909585	0.1882510039056358	0.0590602406	-0.0613671071	0.0859844597	-0.0626903548	0.0108554873	-0.0092451328	-0.045785904	-0.0300682151	-0.0524217471	0.0445689828	-0.0960460812	-0.0292394449	-0.1984475648	0.1529358832	-0.0343000032	0.0038015278	-0.01647248	-0.093191929	-0.0981956872	0.0496865525	0.0354290599	-0.0576803947	-0.068391645	-0.102394146	0.1616364745	-0.0372411106	0.104776003	0.0878706065	0.1189936453	-0.0881589868	0.1429561458	0.020300129	-0.025545313	-0.0790275283	-0.0145953755	-0.005930168	0.0446224254	0.0168428687	-0.0213402314	-0.1195333358	0.0963949475	0.023567325	-0.0243986126	0.0613898391	0.0485411153	0.0303414336	0.0122729176	-0.1801149206	-0.0450154025	0.0541684263	0.0659859988	0.037469804	-0.0321589442	0.1114087396	-0.0222858999	0.0724639155	-0.0283585278	-0.061222154	-0.0576001053	-0.0061816735	0.0704469688	-0.0380660355	-0.0148055008	-0.0212408966	0.0511881198	0.0271520741	0.0956714028	0.005692237	-0.0299522782	-0.2329493747	0.0003357875	-0.0084696636	0.0311720349	-0.1779229392	-0.1650160766	0.1179644263	0.0572457257	-0.0092987175	0.1456944451	0.0115391331	-0.0747094922	0.0280206335	-0.0619055186	0.0105963029	-0.0663249933	-0.142228391	0.0356807016	-0.0315078437	0.0965259396	-0.0634767437	0.0753549726	0.048191143	-0.0449391203	0.0180655293	0.062624711	0.0909349695	0.0472632143	0.065056833	-0.1251317839	0.0170280454	0.0863077838	0.0290931013	-0.0501161489	-0.1203299697	0.118454866	0.0133432606	-0.1687276257	0.0415197293	0.1389771652	0.1041377352	0.0076030829	-0.0537873163	0.0093952397	-0.0546879795	-0.1473664435	-0.0044356306	0.0987156828	0.0188921192	-0.1883991002	0.128819518	-0.0406896209	-0.0097595656	-0.1142126345	0.029001679	0.0	0.0679796707053128	-0.000174995651335	3.0623477986193855e-08	0.0046212356292027	-0.0413593662471214	-0.142897807284541	0.0017105971763635	0.0204197833267298	-0.0320583782462478	-0.0981761165272274	0.0096385498563677	0.0010277396157794	0.0013357713029542	0.0005646437636371	3.188225798142693e-07	1.7842849737959611e-06	0.0004491842607392	0.0006752506964446	2.0176650009582166e-07	4.559635030489173e-07	0.0010241993566758	-9.88906544754e-05	9.779361542572952e-09	1.0489843222151226e-06	0.0	0.0	0.0	0.0	0.0
535.0566676045778	0.4538655061505778	286285.6375481156	0.2059938976733202	712.2535501829893	0.7351755848393395	0.5404831405438649	507305.1197482721	528.9930226846707	1.1551747702382045	279833.61804906453	1.3344287497948886	571.4599990784329	495.12160310731633	1.055554	19.403234	0.1001646128566562	0.0689848766310013	0.0019387593	0.0408512138	-0.0478927985	0.0341788732	-0.0467135525	-0.0197296858	-0.0582257381	0.063553333	0.0832634605	0.0542835415	0.1042476733	0.1817930591	0.0527524353	-0.1096736088	0.1542291337	0.0264163635	-0.1026632816	0.0256759324	0.0240126883	0.0464418586	0.0032107135	0.1387807198	0.0217145911	-0.0704555529	0.0522167239	-0.0525118022	0.0086681354	0.026857027	-0.1294845695	0.0486396235	0.0941758754	0.0199010722	0.0097783972	-0.1807500466	-0.0327479318	-0.0497399495	0.1890132957	0.0458122462	0.0341366412	0.1630366987	0.0345290386	0.1471548262	0.1942755284	0.0787922403	-0.0560382664	-0.081452959	-0.0288198296	0.1537501046	-0.0693488956	-0.0927010785	-0.0890353661	0.1006281831	-0.017715987	-0.0198127091	-0.1193871603	-0.0461360648	-0.0429643896	0.0338147696	0.0651258303	-0.0162020354	-0.0130528222	-0.0292542341	-0.0111590579	0.0836568271	0.0257165273	-0.0554812315	-0.1490279193	0.0187742071	-0.0592077086	-0.0891960729	0.1011962826	0.0718269209	-0.031587978	-0.0135512671	-0.1176924191	-0.0399113376	-0.0315013397	-0.0052745056	-0.0873684676	-0.1442878866	-0.0011742697	0.1058373485	-0.1379576554	-0.2448504885	-0.0761985696	-0.0024514421	0.042245366	-0.0073881509	0.0369042845	0.0704058556	0.0529917017	-0.0836458414	0.2070664369	0.0875424078	0.1299107781	-0.0445797594	-0.0570983778	-0.0308220681	-0.0678914344	0.0571325441	0.1151734649	0.0991268426	0.0872538184	-0.045953706	-0.0476866245	-0.0003019298	0.0498341729	0.041644951	-0.1510119308	0.0709184634	-0.0901951438	0.0154507607	-0.0263015262	-0.0094537525	-0.1050069517	-0.1780892253	0.0693981264	-0.0139195974	-0.0525048426	0.046915349	-0.0536140631	-0.0121913197	-0.1132911674	0.0360339907	0.0	0.067940849355935	-3.882134937779891e-05	1.5070971675131275e-09	0.0046159590112058	0.0274758404008821	0.0688352066480035	0.0007549218057347	0.0047382856742733	-0.0471372862532177	-0.0150789080069698	0.0002273734666826	0.0022219237553177	0.0016552693695473	0.0003194980665931	1.02079014556729e-07	2.739916685761516e-06	0.0004538490593317	4.664798592499998e-06	2.05978968656269e-07	2.1760345908589964e-11	0.0010241286848153	-7.067186049997816e-08	4.994511866528371e-15	1.048839563061516e-06	0.0	0.0	0.0	0.0	0.0
532.4698263547565	-2.5868412498213047	283524.11597826454	6.6917476517770496	709.3931147037492	-2.8604354792400954	8.182091130895515	503238.5911890867	527.2039297138987	-1.7890929707720034	277943.98350577743	3.2008536580657925	568.9547336232896	481.7371623165768	1.153629	21.206036	0.1233614229371568	0.0706443468124866	0.1002068821	-0.1023162707	-0.0941417753	0.0082478696	-0.0765241409	0.1103814171	-0.2014982092	-0.0340812233	-0.0117391419	-0.0553024669	0.098976023	0.0512935822	-0.0688523726	-0.1248400626	-0.0331074531	0.0700892797	-0.0471942759	0.0078013964	0.0309387988	-0.0906069319	0.1287498942	-0.0456135468	-0.1563087602	-0.0676219143	-0.0690011631	-0.123781762	0.0134284531	0.079628527	-0.0136089535	0.0315857479	0.1224107436	-0.0994744549	-0.0566162277	0.0522258178	0.1097935274	-0.0958829231	0.0041042249	0.1219922724	0.0426783133	-0.0775683194	-0.0132579005	-0.0882685529	0.0610326119	-0.06751217	0.0118911613	-0.1600701022	0.0979697333	-0.0526958116	0.0581523296	0.0038622323	-0.0428216818	-0.019621438	-0.0264234867	-0.0347508532	0.0263412627	0.1631614504	-0.0647491248	-0.0177312776	0.1532685204	0.056776699	-0.0397192029	-0.1350221842	-0.1863420467	0.0592846977	0.0634495952	0.0857782984	-0.0741849591	0.0133392632	-0.0287585775	-0.1336054047	0.0044780225	-0.1740863748	-0.0569524376	-0.1221352396	0.0207194118	-0.0182763797	0.0069431888	0.0448789015	-0.1612966621	0.1036249315	-0.0349279379	-0.0003389814	-0.0390041855	-0.0124072411	-0.0558051579	-0.07616635	-0.16981009	-0.0062220646	0.0734928329	0.0014073989	0.0265626967	0.0072456604	-0.1589913019	-0.0884063027	-0.0270569765	0.0009816264	-0.060558491	0.1363375356	-0.0176530141	-0.0024587673	0.2066599049	0.0523408387	-0.0187276129	0.0068908783	0.0014836458	-0.0202779115	0.0046238741	-0.0895194037	0.1080708062	0.1492973524	-0.0851834911	-0.0159181967	0.0742259159	-0.1721198687	0.0127731973	0.067560748	-0.0835400069	-0.0566390201	-0.0572437976	-0.0877708864	-0.0745306502	-0.0146176544	-0.1121682727	0.0429221782	0.0	0.0677211491143054	-0.0002197002416295	4.826819617210224e-08	0.0045861540373619	-0.0159181264105114	-0.0433939668113935	0.000253386748421	0.0018830363556283	-0.0988546134281165	-0.0517173271748988	0.0026746819301155	0.0097722345960223	0.0017099320696431	5.4662700095799936e-05	2.9880107817633663e-09	2.9238676827939358e-06	0.0001751811600863	-0.0002786678992454	3.0688438849181874e-08	7.76557980698444e-08	0.0007968507099718	-0.0002272779748435	5.1655277848962615e-08	6.349710539825617e-07	0.0	0.0	0.0	0.0	0.0
532.8808599907416	0.4110336359850635	283962.0109444723	0.1689486499111016	710.2386051032782	0.8454903995290124	0.714854015695729	504438.8761790504	526.3607723259487	-0.8431573879499865	277055.6626435692	0.7109143808546441	568.520236331198	477.4759644972275	1.000608	18.393215	0.0461474529113785	0.0245886270693043	0.1209839096	-0.1058773322	-0.1335295706	-0.0087094744	0.0088624907	0.1047563465	-0.1046150328	-0.055319195	0.1178384185	-0.0770753955	-0.0026748551	-0.0444880252	0.1600379247	-0.0542675619	0.077407154	-0.1194568793	-0.0712320719	-0.1225287971	-0.2258850674	-0.0655366345	-0.0273896657	-0.0451242871	-0.1898109303	0.1532684812	-0.1104818368	-0.0586888862	-0.0773765814	0.011526645	-0.0736258608	-0.0709578038	0.0102620058	0.141550706	-0.0251886604	-0.1233319261	0.055619235	-0.1157081708	0.0755477519	-0.0897194882	0.087109265	0.0002433916	-0.0100849159	-0.2295093033	0.0705564663	-0.0229194659	0.1768712413	0.0268898931	0.0549351078	-0.0309370346	-0.012629636	-0.0378616271	-0.0416532216	0.0284314552	0.041083252	-0.0280991128	0.0426632906	-0.0542410997	-0.0254754673	0.073365823	-0.0964516896	0.1438181789	0.0575977695	-0.0096080155	-0.1588960477	0.064535253	-0.0589708689	0.1505701275	0.0165894657	-0.0759129539	-0.0254389175	0.1440760578	0.0031912279	0.0177497696	-0.1914811393	-0.0102143186	0.0184031637	-0.10597435	0.0065468532	0.0885022039	0.0159085443	-0.0134464401	0.0533944843	0.0128321964	0.0431269971	-0.2762301028	0.1901297065	0.0314426215	0.0021411715	-0.0628059152	0.1061135325	0.0968711909	0.0513910213	-0.0267435506	-0.0382536538	-0.098978318	0.0782285927	0.0758809193	0.0340500529	0.1200466071	0.0129209679	0.1518193368	0.124531073	0.1496355765	0.1199470897	0.149789828	-0.0751600997	0.0242010381	-0.000215505	0.0384144988	-0.0839007915	0.1710798877	0.0225402828	-0.1428471102	0.0683249963	-0.1151483058	0.049772539	-0.0276670894	-0.1829610657	0.0151519907	0.1369152158	0.1581398743	0.0120960607	-0.0170374908	-0.110845947	0.0496386907	0.0	0.0679009133381498	0.0001797642238443	3.231517617437466e-08	0.0046105340321549	-0.0081330319429753	0.0077850944675361	6.614620858545656e-05	6.060769586846121e-05	-0.1167362627231796	-0.0178816492950631	0.0003197533815116	0.0136273550345752	0.001967937631976	0.0002580055623329	6.656687019471598e-08	3.872778523347307e-06	0.0001921550836778	1.697392359149998e-05	3.692357618322232e-08	2.8811408209007957e-10	0.0006658112973975	-0.0001310394125743	1.717132764781762e-08	4.433046837421421e-07	0.0	0.0	0.0	0.0	0.0
533.0639395841008	0.1830795933592526	284157.16368492186	0.0335181375045892	710.3578183659221	0.1192132626438251	0.0142118019901856	504608.2301135924	527.1255586776265	0.7647863516777988	277861.3546111998	0.5848981637126378	568.8478405827431	478.4803936831791	1.000561	18.392336	0.1765121289167235	0.0919331680856858	0.1344175043	0.0236839556	-0.0385981661	0.0791184735	0.0843875147	0.1443177206	0.0645867393	-0.062066689	-0.0245348171	-0.0149864543	-0.0137488611	0.0302236624	0.0486591943	-0.0078964051	0.0208734483	0.0720235864	-0.0233127601	0.0292994565	-0.1196943476	-0.1276958776	-0.0195291906	-0.1526162618	-0.0684542741	0.0371740321	-0.0340397537	0.0899672931	-0.1122798015	0.0972329237	-0.0739742627	-0.1067913187	-0.0676338747	-0.005633711	-0.2066909488	-0.1062315844	0.1073211551	-0.125122243	-0.0987480036	0.050699283	-0.0041333613	-0.0850065628	0.052689829	-0.0328839629	0.0273719905	-0.1786428819	-0.0303092028	0.1213598659	0.0188036884	0.0769136573	-0.0892523453	-0.0433556608	0.0740806621	-0.1229070848	-0.1504421028	-0.0248234754	0.0405453847	0.0584004321	0.1714563219	0.1012726163	-0.1102393192	0.0392910883	0.0739629011	-0.1058951145	-0.1061222933	-0.1331831159	-0.0774485232	0.0530922952	-0.0207627657	0.0520830599	0.0594726973	0.0795707076	0.0702739897	-0.1120840114	-0.133385816	-0.012879613	-0.0746874978	0.0478885076	-0.018949615	0.150462028	0.0013153603	0.1346510409	0.020589952	0.0266755876	-0.1303875269	0.0069041277	0.1214402503	-0.0642470126	-0.0350874321	-0.1160061239	0.1749027957	-0.0385563107	0.0009506732	0.0034524796	-0.1054424526	-0.1034366233	0.0216384855	-0.0622270472	-0.0796019194	0.0587168184	0.1373062037	0.028322875	0.0677135317	0.0347343063	0.0739189487	0.0135806915	0.1770792873	-0.0874799438	-0.0098511412	-0.0969882811	0.0176044535	0.062522462	-0.0327435574	-0.1261851172	0.1231017314	-0.0601007045	-0.0139628447	-0.0478607255	0.0405956395	-0.0580979865	-0.0895965502	0.0655954	-0.095920401	-0.0194497534	-0.1093265412	0.0561566646	0.0	0.0843433353644087	0.0164424220262589	0.0002703532420896	0.0071137982203931	0.0469745245779193	0.0551075565208946	0.0022066059593215	0.0030368427857035	-0.0655265936865845	0.0512096690365951	0.0026224302028376	0.0042937344801667	0.0014179871327557	-0.0005499504992203	3.024455515926573e-07	2.010687508660731e-06	2.622656081530117e-05	-0.0001659285228624	6.878324921986908e-10	2.75322746993308e-08	0.0010249819019742	0.0003591706045767	1.290035231919923e-07	1.0505878993746488e-06	0.0	0.0	0.0	0.0	0.0
534.0379781016568	0.9740385175559824	285196.56205490563	0.9487510336826556	710.8747609280385	0.5169425621164692	0.2672296125275396	505342.925724496	527.6779606122913	0.5524019346647719	278444.0301159468	0.305147897421383	569.7413523832856	480.5803695626334	1.058598	19.459188	0.0810166904877551	0.0437402665337288	0.1061050583	-0.0819687886	0.081124942	-0.013292186	0.0528569359	0.1045452492	-0.0096661215	0.0503781681	-0.1801440393	0.0451668061	0.0526421333	-0.0001919494	0.0798541496	-0.0292123717	-0.0136434503	-0.0763059979	-0.1123417097	-0.1274551504	-0.0099003338	-0.0852684396	-0.0908691207	-0.0360895932	0.0678530749	-0.097861711	-0.0898765131	0.0042749458	-0.0797902014	0.004628802	-0.0118276877	0.0884238228	0.047142027	0.0094406071	0.0016394276	-0.0195880715	0.0295214269	0.0009137698	-0.1816640554	0.0398751853	0.05150895	0.0301503572	-0.0288648385	0.0628745866	-0.1265688929	0.2540598021	0.0306201365	-0.080113896	0.0838517014	0.0783210694	-0.1171293015	-0.0862586292	0.1211204104	0.1095683199	0.125153245	0.0147371015	0.0283254157	0.1029848687	-0.0872950572	0.0354434052	-0.1154831945	-0.0003775087	0.1128170038	0.0075869755	-0.0817374124	-0.0428768925	0.0988486888	-0.0699691516	-0.0440101487	0.074363346	-0.0859386644	0.1030250802	0.0109283753	0.2200797065	-0.0406032276	0.0069696724	0.0831716163	-0.0067057021	0.0764446432	0.0023804867	-0.0498792832	0.0925620622	-0.0463492926	0.1237719233	-0.0413953757	0.0026369915	0.0015825188	0.0484124622	-0.0071534171	-0.2121659347	-0.0065431712	-0.0176227388	0.0820503517	-0.1719475634	0.0154176079	-0.0007240937	0.0707354685	0.1555617266	0.1315368305	0.0485784865	0.0626890917	0.0760778187	0.0932771094	0.0555022309	-0.0913442382	-0.0357043975	-0.1025581809	-0.0790339634	-0.0077149303	0.0261170353	-0.1037393152	0.0815466656	0.0661996514	-0.0278558739	-0.0353808667	0.068917569	-0.0472759542	-0.0039530196	-0.0558452286	-0.0401243206	-0.0790785267	0.1810331763	-0.0091369611	-0.0218533699	-0.1076127567	0.06245003	0.0	0.0900111153843994	0.0056677800199907	3.212373035500579e-05	0.0081020008927436	0.0124792005896097	-0.0344953239883095	0.0001557304473557	0.0011899273770584	-0.0729129327531694	-0.0073863390665848	5.455800480655824e-05	0.0053162957626682	0.0016613179888717	0.000243330856116	5.920990553814553e-08	2.75997746014871e-06	0.0003049744620569	0.0002787479012415	9.300942250689557e-08	7.770039244659614e-08	0.001172248092874	0.0001472661908997	2.168733098213632e-08	1.3741655912467302e-06	0.0	0.0	0.0	0.0	0.0
534.4764513719106	0.4384732702537803	285665.0770711103	0.1922588087270447	713.3124795141517	2.437718586113192	5.9424719050817	508814.6934306271	528.3917344450219	0.7137738327306806	279197.8250298186	0.5094730842910457	571.2738381060261	488.4201031377414	1.003345	18.443514	0.095583330075942	0.0535679836635946	0.0593639849	-0.0250623047	-0.1041697854	-0.0292625381	-0.0343233479	-0.0228856257	-0.0826868434	-0.020678969	0.0136520737	0.0302844948	0.0658915189	-0.048218113	0.1671289209	-0.0311048161	0.0036034735	0.1431597308	0.0921700825	-0.0337529784	0.0119567642	0.0806218036	-0.0047394834	0.0899059063	-0.058381087	-0.1041992751	-0.0364302314	-0.0322577741	0.0742289427	-0.0661013592	-0.0198027326	0.0169957858	-0.1135032837	-0.1697662783	-0.0668423829	0.073713187	-0.1028295671	0.0172366373	-0.0622882747	0.0010148392	0.0442863729	0.049701686	-0.0124527767	-0.0455695737	-0.044638837	0.0015463598	0.0692479539	0.1187346378	0.0029484081	0.129989852	0.0092412373	-0.056220023	-0.0602001306	-0.0251003151	0.025410593	-0.1039362607	0.073177996	0.0053672362	-0.0500054863	-0.0097815479	0.1327356638	-0.0970824603	-0.1122600124	0.0336030439	-0.0581499214	0.1012009231	0.0428427682	0.0791673541	-0.090870131	-0.0695456849	-0.0277895963	0.1238558776	0.1343417397	-0.0241110568	0.1273431884	0.0414727591	-0.0045656233	0.0756326214	-0.0169566663	-0.0925495368	0.0075519493	0.0983260009	-0.0017983662	0.1369013744	-0.1559512158	-0.0048685367	0.0141315248	0.0456059234	-0.0322571209	0.037673973	-0.0472743027	0.0265589875	0.0992765042	-0.049274629	-0.0436900004	-0.0788679567	-0.044793854	0.1338571732	-0.0975548502	0.0299161694	0.0757943396	0.0587471498	0.0662598399	0.0481362797	-0.0078904197	0.1486863364	0.0509315941	-0.0244722211	-0.0194261652	-0.0369679451	0.0491379251	0.0171783483	0.0154581202	0.0689225667	0.0579301158	0.0284903294	-0.1154362377	0.0691823209	0.0205707585	-0.0032174488	-0.0807419771	0.0443271172	-0.0188056864	-0.0242472716	-0.1057076408	0.0684936154	0.0	0.0878498511019501	-0.0021612642824493	4.671063298591131e-06	0.0077175963386348	0.0466962941993784	0.0342170936097687	0.0021805438919549	0.0011708094950996	-0.0521020140232337	0.0208109187299357	0.0004330943383839	0.0027146198652772	0.0012169854386726	-0.0004443325501991	1.9743141516643574e-07	1.4810535579411407e-06	2.768606062253376e-05	-0.0002772884014343	7.665179527946143e-10	7.688885757002627e-08	0.0011259879754317	-4.626011744230003e-05	2.1399984657753922e-09	1.2678489208167786e-06	0.0	0.0	0.0	0.0	0.0
534.1330183710028	-0.3434330009077939	285298.081314118	0.1179462261125327	711.5732623565568	-1.7392171575949078	3.0248763212725103	506336.5077007532	528.1978778722096	-0.1938565728123649	278992.99818870565	0.0375803708225557	570.6486365890262	484.5126173479241	0.917323	16.862268	0.0735192604465411	0.0407221019341677	0.0818630559	-0.0134605581	-0.0792470904	0.0703838178	-0.0189925694	0.0688082007	0.014348018	-0.0817456744	-0.0164239526	-0.0708319716	0.1061944013	-0.002619045	0.0436341811	-0.0885557142	-0.0755377619	-0.0338030242	-0.0293264748	-0.0748375893	0.0589671759	-0.0330228856	-0.0979476126	0.0837414364	-0.062599664	-0.0007827005	-0.036761153	0.0496069138	-0.1845722666	0.0234124624	-0.0287807869	-0.130399405	-0.0193857662	0.0212275361	-0.0230024618	-0.0126808047	-0.019797821	0.0935026207	0.0918440531	-0.1057202281	0.0906075094	-0.0338089392	-0.0065741409	0.1467576001	0.0493787879	-0.0132361737	-0.0901274646	-0.1020992951	-0.0221906515	0.1042768359	0.0085067315	-0.0649581427	-0.1063681061	0.0160723288	0.1001005933	0.0168922209	-0.0035074508	-0.0181117071	-0.0454963192	-0.0205908051	-0.1152315878	-0.0485540571	-0.1033665869	0.154227711	-0.0810094565	0.0212752411	-0.0546705755	0.0526630785	-0.1859027652	0.012804876	-0.0616605751	0.0368431199	0.0240092105	0.0330572265	-0.0875658822	-0.0105526643	0.1314466772	0.0323370931	-0.0187619384	0.0664366812	0.1736613493	-0.0894909907	0.0550091967	0.013333494	-0.1096799309	0.0740362435	-0.0058003502	0.1107076799	0.0739290988	-0.0124174427	-0.0640991511	0.0262553058	0.0133576661	0.0674334666	0.1203651293	0.1196639445	-0.0709162582	0.07433216	-0.0032058926	0.0498216651	0.040673388	0.0643220678	0.1250586611	-0.0128569076	0.0896538136	0.0216695453	-0.0228621292	-0.0492193676	0.0581326319	0.0080340022	-0.12647283	0.0713054109	0.0308950277	-0.1559738982	0.062381182	0.0232167758	-0.1048795183	0.0889554615	0.0439651709	-0.0604299604	-0.0584167876	-0.007184484	0.1185417612	-0.0266303944	-0.1036145805	0.0742632484	0.0	0.0902343338683664	0.0023844827664163	5.685758063336391e-06	0.0081422350086678	0.0244556432202642	-0.0222406509791142	0.0005980784853168	0.0004946465559747	-0.069440868154686	-0.0173388541314523	0.0003006358625917	0.0048220341700764	0.001640405169206	0.0004234197305334	1.792842682049771e-07	2.6909291191577656e-06	0.0001609865422347	0.0001333004816121	2.591666678068484e-08	1.7769018398035467e-08	0.0012003732146773	7.438523924560006e-05	5.533163817625159e-09	1.4408958545147157e-06	0.0	0.0	0.0	0.0	0.0
534.2355182904113	0.1024999194085012	285407.5890030244	0.0105062334787492	713.2671929659728	1.6939306094159292	2.869400909516221	508750.0885615582	527.6820621139433	-0.5158157582662852	278448.3586768235	0.2660658964758228	569.8646180042366	479.6170070474056	1.177265	21.640524	0.2319287361405166	0.1269758081263689	0.1005429025	0.1372224111	0.1487473055	-0.034729587	0.0393562729	-0.0569290768	0.1093510663	-0.2016790027	-0.0271953962	0.1233532401	0.0195167214	-0.0409455832	0.0577044435	-0.0142133096	0.130572437	-0.0021529659	-0.013711595	0.0612665504	0.0581679507	-0.0415258398	0.0798628055	-0.1541160201	0.162494125	0.0220597622	0.0859782917	-0.0119029886	0.0440591887	-0.0183039081	-0.1730618858	-0.0283848123	-0.0089895075	0.0452775458	-0.0588825489	-0.0139998408	0.0198146991	-0.0495815571	0.0297101868	-0.1421391005	0.0610456318	-0.0371924045	0.051940587	-0.1519964809	-0.013931508	0.1070384544	-0.0359184964	-0.0976050684	0.0309128434	-0.0707107602	-0.0112911734	-0.027514266	0.2275448718	-0.0989614791	0.0191684139	-0.0793792133	-0.087103851	0.1103677841	0.0062147849	0.0081780992	0.1509598395	-0.0368986933	-0.0519532404	-0.0020296029	0.0720682408	-0.2290721672	0.0606515321	0.0483846494	-0.0292084734	-0.0995648454	-0.0744256778	0.0903294762	0.0600104636	-0.0856617653	0.0552783326	-0.0877642907	-0.0232733141	-0.0836538305	-0.0204324884	0.0921385541	-0.0339478163	0.0474756276	-0.0417215353	0.0203056324	-0.0233167582	-0.0413684927	0.0248554125	0.0216113889	0.028366505	-0.0550323863	-0.013352485	0.0392661167	-0.0596649872	0.0251043217	-0.0949589838	-0.1583614208	0.0293129908	-0.0049831115	0.111394752	-0.1455592258	0.1846397101	0.0971524724	-0.0578846941	0.0952244891	-0.0514946647	-0.0253944463	0.0753108427	-0.0562690421	-0.015870503	-0.0483687188	0.092019235	0.028153321	0.026321848	-0.0486428311	-0.0318936515	-0.0481214245	-0.0770589469	-0.026868642	0.0436431551	-0.0698341175	-0.0171672219	0.0187898314	-0.0162999169	-0.029001679	-0.1013372972	0.0797358525	0.0	0.1058584726503966	0.0156241387820302	0.0002441137126801	0.0112060162318747	0.1065837836473662	0.082128140427102	0.0113601029365885	0.0067450314500137	-0.0082882055377666	0.0611526626169194	0.0037396481451387	6.869435103626493e-05	0.0007066597819103	-0.0009337453872957	8.71880448295997e-07	4.993680473695127e-07	-0.0002410331310747	-0.0004020196733094	5.809697027567352e-08	1.616198177277967e-07	0.0013250840403615	0.0001247108256841	1.5552790042834902e-08	1.7558477140207572e-06	0.0	0.0	0.0	0.0	0.0
534.3872411383597	0.1517228479484629	285569.7234914674	0.0230198225895923	709.554474886726	-3.7127180792467698	13.784275535965824	503467.55283177743	527.7148846351296	0.03282252118629	278482.9994654681	0.0010773178970244	569.7348782308046	483.1133958514509	1.381284	25.390806	0.3056429335577899	0.1832669854281317	0.0498793863	-0.2221877463	0.0347861145	-0.0566947146	0.0629552037	0.128018262	-0.1315931781	0.1085664473	-0.113068003	0.011999523	-0.0071230601	-0.0218586489	-0.037918696	-0.0296226608	-0.0095526391	-0.013035206	-0.037855907	-0.069229096	-0.0038626664	0.0253875219	-0.0782729435	-0.0766263058	-0.1400047002	-0.1110300578	0.048304986	-0.1163640038	-0.0360332362	0.0341446512	0.1433586231	-0.0357338651	0.0720300692	0.189156935	0.0567497038	0.0381703542	0.1153104736	0.0259599485	0.073992885	-0.043716904	-0.1709254037	-0.0346141118	0.109748612	-0.0951441262	-0.0696773447	0.015923025	-0.086708885	-0.0590433982	0.0233203699	-0.0113536171	-0.001382982	0.0046567031	-0.0487734614	0.0135921623	0.1105149361	0.0753467671	0.0083476848	-0.0149610139	-0.1492328441	-0.0094366591	0.0617078826	-0.1992914102	0.0051295476	0.019246358	-0.1582386014	0.085467078	0.1130434807	-0.0610245136	0.1043206801	0.0734174798	-0.0866433274	-0.0591810962	-0.0040731314	-0.0055502364	-0.0275583354	-0.0955938011	0.0752895161	0.0875414157	0.0341827469	0.0839933259	0.0520334068	-0.0796264911	0.097279969	-0.145142285	-0.1318142347	-0.1028811075	0.0553182018	-0.0663653882	-0.0476285189	0.0159595882	0.0236015487	-0.0099734376	0.034548208	-0.0970255938	-0.0344774694	0.0715836467	-0.1723998625	0.0260354899	0.1575613353	0.1757720963	-0.0094820104	-0.0654537071	0.1132122891	-0.0263881337	-0.137922624	-0.0069707294	0.0384994836	-0.0543337561	0.0223121085	-0.0123824752	0.0377616945	0.1216450375	-0.0211954294	-0.1191920477	0.095160752	-0.068189361	-0.1269981144	0.1321977825	-0.0142188317	-0.0800468695	0.0937405783	0.0635759612	0.0315845763	-0.0313600711	-0.09887984	0.0848895389	0.0	0.1079008345480332	0.0020423618976365	4.17124212091776e-06	0.011642590096162	-0.0176220873851633	-0.1242058710325295	0.0003105379638103	0.0154270983989493	-0.1110570279525404	-0.1027688224147738	0.0105614308605193	0.0123336634576513	0.0016828864705022	0.0009762266885918	9.530185475191064e-07	2.8321068725993515e-06	0.0001920106869408	0.0004330438180155	3.686810389947791e-08	1.875269483214415e-07	0.0012018369827119	-0.0001232470576495	1.5189837219283797e-08	1.444412133014044e-06	0.0	0.0	0.0	0.0	0.0
535.4660112418734	1.078770103513648	286723.8491952821	1.1637449362348466	714.2051352068627	4.650660320136694	21.62864141329394	510088.975155853	527.8978405817886	0.1829559466590353	278676.1300909155	0.0334728784179037	571.6390264352867	497.4749079281185	1.147791	21.098736	0.1787434413895315	0.111930297140487	-0.0193871084	-0.0194033746	-0.0827787081	0.014866293	0.0414166966	-0.0061800697	0.0101310106	-0.0236563496	0.1247299807	-0.0880488124	0.0922500082	0.0157836474	0.180064373	0.0304350465	0.1384004441	0.0352318381	-0.0366772456	0.0385010318	-0.0582185202	-0.1150581571	0.0235425585	0.0577425487	-0.0365324782	0.0491220451	-0.095531203	0.0118700051	-0.0206862604	0.1071196501	-0.0881942166	-0.0949838909	0.0037260292	0.1330216111	-0.0521613032	0.1027788151	-0.0059407853	0.0046350643	0.1742466751	0.0103113747	0.0930460694	0.1404418021	-0.0727599613	-0.0128482121	-0.0041563547	-0.0767150069	-0.005743104	0.0109369522	-0.0739890105	0.1242053608	0.1370217976	-0.0052157037	0.0865422304	-0.0332399669	-0.2088036868	0.0678633931	0.0660715132	0.0556395944	-0.0020500467	0.1365781436	0.0436058836	0.0977894695	-0.0454998617	-0.0521481963	-0.0223213283	0.0699010588	-0.0805619516	0.0189512121	-0.101453355	0.0052941558	0.0460858146	0.1419365087	0.0139384115	-0.0848401265	-0.085966466	-0.1274473916	-0.0270249163	-0.1551315657	0.055955947	0.0535664499	0.0247603691	-0.0227622309	-0.1148348328	-0.0919452482	-0.0862260943	-0.0845772468	0.04798826	0.0509960602	0.015270966	0.0842990065	0.0501505974	-0.0049571374	-0.0215809331	0.0866011101	0.120449791	0.0866131712	-0.0324002769	-0.1307708811	-0.0838780177	-0.0226941648	0.0728453904	0.071081137	0.0241792858	-0.0398457215	0.0087803305	0.1200537323	-0.0332982254	-0.04077263	0.0557227006	0.0383548128	-0.1164451912	0.047588101	0.001454261	0.0379945436	0.0310922329	-0.0104376092	0.028484452	-0.1894314693	-0.1195501709	-0.0565644454	0.0910527455	0.0448524757	0.0209936183	-0.0337045224	-0.096246578	0.0897036946	0.0	0.1059421260554813	-0.0019587084925519	3.836538958794958e-06	0.0112237340731554	0.0650497405260068	0.0826718279111701	0.0042314687425008	0.0068346311301741	-0.0484522973769259	0.0626047305756145	0.0039193522904452	0.002347625121102	0.0012818880649739	-0.0004009984055282	1.607997212362388e-07	1.64323701112253e-06	0.0001679017252176	-2.41089617232e-05	2.8190989331046456e-08	5.812420353707225e-10	0.0014068931036643	0.0002050561209523	4.2048012740045265e-08	1.979348205138167e-06	0.0	0.0	0.0	0.0	0.0
534.3937551726772	-1.0722560691962144	285576.68556755525	1.149733077928117	714.7244503060839	0.5193150992212168	0.2696881722791422	510831.03986533376	526.9463984015529	-0.9514421802357448	277672.5067883681	0.9052422223317472	570.2040717189565	487.75589333723343	1.410482	25.927523	0.2443905928312564	0.1685873330629938	0.0504697451	0.3333009543	0.0356087372	-0.1372476035	0.1254446944	-0.1914606715	0.168702781	-0.1714919341	-0.1137226749	0.1533017612	-0.0848232054	0.1087631802	0.1031739029	0.0574741771	-0.0820628414	0.0345100297	0.2748934958	-0.1454979396	-0.1082514292	-0.0310252976	-0.0051815883	-0.0601075705	0.181792858	0.1496779105	0.0799793106	-0.0557523988	0.0035617206	-0.0213906115	0.0433545331	-0.2037416676	0.1039610889	0.0147500031	0.0588621028	0.0886687994	-0.1516288449	0.0237527545	0.0804437729	-0.0958465215	-0.1874081485	0.1289791419	-0.1550685169	0.1170775554	-0.0139473125	-0.0494905801	0.1062026733	-0.1943528315	0.1626352572	0.00596494	-0.0648430293	-0.0086828077	-0.0337879626	-0.0524753693	0.0547952173	-0.02943447	0.149801332	-0.007595401	-0.1030585678	-0.0013301101	-0.1069178922	-0.0256769655	-0.0234318651	0.0346935707	0.2684001571	-0.2173233437	0.0402984949	0.1158844165	0.0302719466	-0.0362074252	0.020630082	-0.0153098625	0.1493467025	0.0555989183	-0.1308154436	-0.0830256812	-0.0013519675	0.0654664515	0.0460649319	-0.218131138	0.064101788	0.1049027588	-0.0434274167	-0.2259184311	-0.0526936171	-0.088482581	-0.0893419943	0.2252447881	-0.1051669639	0.1620868581	0.0691179363	-0.0277411076	0.0065202216	-0.0795759988	-0.0385090727	0.0687226133	0.0602149208	-0.0338984973	0.007397734	-0.2797220399	0.0442521809	0.1238808204	-0.0445441194	-0.1651420331	-0.05145444	-0.1388244273	0.1253513656	0.0609786298	-0.2349253771	0.020143353	-0.0680864445	0.0084454578	-0.0518938678	-0.0245678483	0.0584481262	-0.1512567929	-0.0666693607	0.0133933807	-0.1341748081	-0.0073679663	-0.0579184465	-0.0895787201	0.1178706637	-0.0360339907	-0.0934421931	0.0941590645	0.0	0.1176097487555267	0.0116676227000454	0.0001361334194706	0.0138320530023381	0.069997212979274	0.0049474724532671	0.0048996098248658	2.4477483675837727e-05	0.1076808122424779	0.1561331096194038	0.0243775479194247	0.0115951573251997	0.0005161391075247	-0.0007657489574492	5.863714658345369e-07	2.6639957831639376e-07	-0.0001590489962961	-0.0003269507215137	2.529658322279683e-08	1.0689677429832905e-07	0.0017470411858722	0.0003401480822078	1.1570071782971229e-07	3.0521529051337426e-06	0.0	0.0	0.0	0.0	0.0
533.7431606689862	-0.6505945036909679	284881.7615609192	0.4232732082328969	709.5648838426002	-5.159566463483657	26.621126091105246	503482.3243825628	528.0716377211495	1.1252393195966306	278859.6545654969	1.2661635263662885	569.7894098548817	481.9512531821976	1.543701	28.376368	0.3480282628092867	0.212936631814248	0.0842367345	-0.0997225156	0.0581342231	0.0084209515	0.0657944108	0.13054497	-0.0249032506	0.0744974521	-0.0994662777	0.0667431194	-0.063887477	0.0317585062	-0.0120492883	0.0143370918	-0.0389838124	0.1475309475	0.0764278933	-0.0634181375	0.1968094815	0.1593322059	-0.0427328388	-0.0574609315	-0.0461803259	-0.124477083	0.0641145789	0.0787165829	-0.0656322117	-0.0615110523	0.2021422981	0.0333874838	0.0587717417	0.0986290334	0.0305904032	-0.0668757043	-0.0228447856	-0.076236461	0.0413951472	0.1056223539	-0.116766149	-0.1555118815	-0.0344771696	0.1196757035	0.0507981972	-0.0750040706	0.0414322993	0.1871817175	0.1153993746	0.0394881344	-0.0786963426	0.0192086599	-0.002938673	0.0920517062	-0.0144899227	0.0482670617	0.0134571783	-0.0790354889	-0.1248865655	0.0469392683	-0.0727838822	0.0655360745	-0.1084413855	-0.0358837481	-0.1171537829	-0.017368675	0.0619313335	-0.0983390502	0.0657661134	0.0953103012	-0.0119347045	-0.1216835631	0.0974562629	0.1239023278	0.0597848777	0.0257069762	0.0979334561	0.2119428728	0.0361376117	-0.0626824019	0.005465699	-0.1377064658	0.0570109693	-0.0011043721	-0.0539353598	0.0155641951	-0.0405549423	0.0549061259	-0.0346564059	0.0211946044	0.0786760511	-0.1400412031	0.01811297	0.0682151866	0.0896782269	0.0766916559	0.1338357529	-0.04538892	0.0458451568	0.1079806242	0.0198255577	0.0007453905	0.0318940097	-0.1158988907	-0.1751281631	-0.1074424294	0.0384821676	-0.0423200895	-0.0733884755	-0.0283608743	0.00622556	0.0212965078	-0.0311467098	0.0244282015	-0.0585302302	0.1029306059	-0.1081332329	0.0884510062	-0.0023297945	-0.0385931361	-0.0588229729	0.0860007692	0.1465253478	-0.0383474405	-0.0904716714	0.0982378286	0.0	0.1232610379853724	0.0056512892298457	3.1937069959370026e-05	0.0151932834852314	-0.0187871477306202	-0.0887843607098942	0.0003529569198521	0.0078826627066646	-0.0658368403061189	-0.1735176525485968	0.0301083757459755	0.0043344895414934	0.0014212953053366	0.0009051561978119	8.193077424372953e-07	2.0200803449718587e-06	0.0002770565106637	0.0004361055069598	7.676031010114491e-08	1.9018801320066415e-07	0.0014868036842249	-0.0002602375016473	6.77235572636285e-08	2.210585195424736e-06	0.0	0.0	1.0	0.0	0.0
533.6115897097554	-0.1315709592307712	284741.3286725724	0.0173109173129052	711.837603077344	2.2727192347438177	5.165252719974524	506712.7731548984	527.8237046551851	-0.2479330659643892	278597.8631959241	0.0614708051985021	570.8174543362618	486.7162387619345	1.004588	18.466375	0.0969622219712633	0.0561504546512972	0.0563640315	-0.0291621277	-0.1486928915	-0.0268143713	0.0268240409	0.0473676378	-0.0870624896	0.0372848068	0.0421468623	0.0079549449	0.0549558561	-0.0421195342	0.1690204419	-0.0853808295	0.0295379133	0.0174284128	-0.0043002255	-0.0714996682	0.1047037004	-0.0046559767	-0.0057680846	0.0894780848	-0.0939114995	-0.0315380048	-0.0432236344	-0.0473305007	0.1458841147	-0.1383478496	-0.0935186008	0.0519165391	0.0175322664	0.0283990803	-0.1134060722	0.0496243167	-0.0892647664	-0.0077773867	-0.113664099	-0.0730276146	0.0779703431	0.0543164226	-0.0862102259	-0.0286353123	0.0630651795	0.1091909835	-0.0553284382	0.0105072961	0.01206281	0.0219791654	-0.0431567349	0.0374703566	-0.2628913795	0.0467950091	0.0280179475	0.0605927912	-0.120467102	0.0917365189	-0.0036940835	-0.1428123946	-0.0446567831	0.0427639801	-0.0442971751	0.0701224756	-0.0696583025	0.1259178223	0.0213076955	0.0632277847	-0.0796350948	0.0132046567	-0.0846971651	0.1187544467	0.1045781333	0.0976996896	0.075287304	-0.0358931871	0.0216744388	-0.0967362023	-0.0736416696	-0.1607781979	-0.0479456849	-0.0300895313	0.0237799077	0.068451757	-0.0356917956	-0.0505286697	0.0198742785	0.0875064131	-0.0074456085	0.0458909075	-0.0480844073	-0.0189160704	-0.0790355975	0.0055445573	-0.055884767	-0.0406361089	-0.0797912905	0.0001831011	-0.093927079	0.0247205808	0.0378390796	0.1264532092	0.0284310507	-0.0560982024	-0.091471644	0.1119052521	-0.0686238476	0.0075807597	0.0326904516	-0.0212868584	-0.1498737172	-0.0815354906	0.0191528364	0.0410350106	-0.027505124	-0.0263604042	-0.0393899125	-0.009478821	-0.0130921029	0.1620391726	0.0493392366	-0.1449843499	0.1545675214	-0.0406438432	-0.0873402943	0.1019236731	0.0	0.1224309643851313	-0.000830073600241	6.890221818172108e-07	0.0149893410402732	0.0202493404408841	0.0390364881715043	0.0004100357882908	0.0015238474087639	-0.038826558120661	0.0270102821854579	0.000729555343738	0.001507501615497	0.0010778682737183	-0.0003434270316182	1.1794212604615675e-07	1.1618000154884682e-06	0.0001678812744594	-0.0001091752362043	2.818412231411239e-08	1.1919232200264698e-08	0.0016359089766835	0.0001491052924586	2.2232388239164687e-08	2.676198179993656e-06	0.0	0.0	0.0	0.0	0.0
532.6184041931818	-0.9931855165735896	283682.36448529165	0.986417470331548	710.5743077816023	-1.2632952957417274	1.5959150042431784	504915.84687930334	527.425458194288	-0.3982464608970986	278177.61395145464	0.1586002436170642	569.135949447081	474.56080403579625	0.990356	18.204754	0.0458410266889409	0.0247918499764649	0.1535279181	0.0204450722	-0.0735809732	0.0958896354	0.0641161922	0.1120755472	0.0218058777	-0.1156106594	-0.000181883	-0.0835859817	-0.0005344515	0.0039363355	-0.0377583355	-0.0856082854	-0.0271394791	0.0752391939	0.0353191199	0.0646881141	0.0868456052	-0.0322574274	-0.0857758407	-0.0784982518	-0.0839760712	-0.0255733381	-0.018452951	0.0287804899	-0.0549853467	-0.1530081251	0.0328391481	-0.1394468701	0.001958297	0.0529858779	0.086828199	0.1888132507	0.0354960458	0.1196470811	0.0595622753	-0.0369145453	0.0456198687	-0.0277155471	-0.1000536876	-0.0787898935	0.1663506507	-0.0371860153	-0.0527657338	0.0471288561	-0.1530236087	0.0289937494	0.0585333165	-0.1104783163	0.0337516769	0.0132699443	0.0144131967	-0.005128506	-0.1743899747	0.0921771357	-0.0089585412	-0.0592399444	-0.0212978604	-0.0471480662	-0.0301447608	-0.0386108076	-0.122570052	-0.0678438303	-0.0630166808	0.0627455387	-0.0434441331	0.0053654574	-0.0205849166	-0.0530938841	0.119254039	-0.0380424633	-0.0510938479	-0.100707766	0.0704561973	0.1091906123	-0.1201468006	0.0011728186	0.0025364792	-0.0188858519	-0.0162527402	-0.1543769739	0.0171651815	0.0941687356	0.0354601414	0.0457277361	-0.0850832032	0.1094169554	0.0150143908	0.0675492772	-0.0827437269	0.0492758668	-0.0889451032	0.0724408833	0.0016990543	0.0154043138	-0.005535942	0.0611320195	0.1263169736	0.0965058535	0.0345034645	-0.136160525	-0.0117667173	-0.0169858798	0.0509498318	-0.037262457	-0.0138511962	-0.1046710831	-0.0128819044	-0.0897070722	-0.0527563716	-0.0678803084	0.1199990705	0.0377742749	0.0279953386	0.1172360384	0.0080026619	0.0088591385	-0.0264935673	-0.2533025491	-0.0279436548	-0.0429221782	-0.0840536294	0.1052018558	0.0	0.1260502977638822	0.0036193333787509	1.3099574106540464e-05	0.0158886775663633	0.0276647238946452	0.007415383453761	0.0007653369481669	5.498791176631389e-05	-0.0573214604500549	-0.0184949023293939	0.0003420614121738	0.0032857498281272	0.0010772012718633	-6.670018550000798e-07	4.4489147457354753e-13	1.160362580103911e-06	0.0003898264849202	0.0002219452104608	1.519646883452389e-07	4.92596764464888e-08	0.0015322930384586	-0.0001036159382249	1.0736262654226328e-08	2.3479219557086885e-06	0.0	0.0	0.0	0.0	0.0
532.9068244453977	0.2884202522158148	283989.6835404779	0.0831862418882342	710.3329188600956	-0.2413889215067683	0.0582686114262007	504572.8556163031	526.941657317928	-0.4838008763599646	277667.5102169647	0.2340632879666697	569.3744949910971	476.197137636737	0.978598	17.988617	0.0341287759923383	0.0162697766888142	0.1215239609	-0.1157715702	-0.0061150311	-0.0827058794	-0.0124176243	0.0854100671	-0.1085568397	-0.0550347752	-0.1083307368	-0.0167255164	0.0568245026	0.0033760767	0.0767220698	-0.1752759966	-0.1149077123	0.0135907612	-0.0540274135	0.0384760821	0.0107209386	0.0074036971	0.0512287271	-0.1220787721	-0.0462824961	0.0702735431	-0.1038587028	-0.1311912588	-0.0004139877	-0.0374002419	-0.0024377221	-0.0148729584	-0.0121827301	0.0984718896	-0.0918092937	0.1514235104	-0.0660100232	-0.0155775198	0.0519736045	0.0267398497	0.1147889553	0.0489211344	-0.0346196367	-0.1446340268	-0.0934784481	0.0221338588	-0.121106024	-0.0183647799	0.0028520617	-0.0058870738	0.0507169803	0.0713322238	0.0294496538	0.1126528702	-0.1203957614	-0.1013409064	0.0251851767	-0.1367359163	-0.0871385393	-0.0635926647	0.0697201482	0.0079425774	0.0025310875	0.0855199128	-0.1235534342	-0.0102890222	0.1265297224	0.0721846327	0.0011052626	0.0377293905	-0.1115037709	0.0612304915	0.0009491041	-0.1128487701	-0.1070112683	-0.0224454597	0.1631764097	-0.063009928	-0.0294695865	-0.042285995	0.0348828289	-0.1002596086	-0.0077852626	-0.0667072107	0.060666975	-0.022273047	-0.0617440639	-0.0212010819	0.047970935	0.0654771882	-0.0374904855	-0.023086332	-0.0185504413	-0.0291576919	0.0871583334	-0.091607691	-0.0847714019	-0.0300999533	6.22979e-05	0.0531344651	0.0869027267	0.0816540676	0.1085521974	-0.0156447134	-0.1400775477	0.0661056635	-0.0564230813	-0.0382443977	-0.0220048413	-0.017078498	-0.0892703125	0.0135590282	0.0598987351	0.0184141758	0.0028516938	-0.131438714	0.1380146429	0.0406542189	-0.0121180709	0.0454393092	0.1319817728	-0.1229923529	0.0311572621	-0.0451814325	-0.0806175202	0.1080592651	0.0	0.1210953817790709	-0.0049549159848113	2.4551192416538733e-05	0.0146640914882189	0.030628339601975	0.0029636157073297	0.0009380951867739	8.7830180607319e-06	-0.0488342761368727	0.0084871843131822	7.203229756592609e-05	0.0023847865258123	0.0012353343724362	0.0001581331005729	2.5006077496798916e-08	1.52605101172234e-06	0.0002219288008489	-0.0001678976840712	4.925239264623073e-08	2.8189632316506055e-08	0.0015038626233625	-2.843041509609993e-05	8.082885025365468e-10	2.2616027899467405e-06	0.0	0.0	0.0	0.0	0.0
533.2244582958125	0.3176338504148361	284328.3229248627	0.1008912629293545	711.2005329726064	0.8676141125108643	0.7527542482280146	505806.1981005194	527.4682286034332	0.5265712855051561	278222.7321860437	0.2772773187185526	569.2085633884886	477.5973851886524	0.984214	18.091848	0.0449367900265759	0.0222404127600665	0.1046033056	0.0127845839	-0.0574971766	-0.0083885184	0.019026928	0.034658598	-0.0634746529	-0.1326424758	0.0051469488	-0.113929647	-0.0608594057	-0.1517197951	-0.0823849358	0.0465596372	0.072595564	-0.0665134709	0.0304639841	-0.0286271255	-0.0109720612	-0.0745622275	-0.0501454715	-0.0144929613	-0.1547895316	0.1585964254	0.1394879535	-0.0184029586	-0.0133509573	0.0222807535	-0.0827082178	0.0325311033	0.0584314663	-0.0203796625	0.0398240664	0.0558459909	-0.097868611	0.1426306284	-0.081489067	0.0894728827	-0.1450645395	-0.1883435153	-0.1784886955	-0.0361469698	-0.1061302478	-0.0585658377	0.0663220441	0.0130735364	-0.0863099647	0.1188806988	0.0976086873	-0.0478314593	-0.0834960668	-0.0104180804	0.1116507728	0.1137412269	-0.0775899636	-0.0239447971	0.0814861559	-0.0403549341	0.0528564471	0.0344850455	-0.0313785781	0.0201739368	-0.0356941048	0.0131549973	-0.1190193444	0.1817161757	0.115930105	0.0032964923	-0.15034636	-0.0287253889	-0.08933157	0.0135149554	0.0536097955	-0.0225833301	-0.0123909311	-0.0146332587	0.0066450458	0.0042429973	-0.0323129886	-0.0763930734	-0.0203973663	-0.1208842843	0.0820545113	0.123338309	0.0816575298	0.203000794	-0.1700705101	0.0551599218	-0.2201035962	-0.0847175862	0.1165040221	0.0806010699	-0.0159260908	-0.0947597449	0.0321578735	-0.089226083	-0.0190509394	0.0158318532	0.0478435165	0.1221755408	0.0192590762	-0.2449031207	-0.0277080414	0.0534559489	0.0236026481	0.0354012031	-0.0021322537	-0.0671202247	0.089818171	-0.0873513324	0.118392312	0.1549080472	-0.043088292	0.123621535	0.1516116164	0.0947100833	0.0840960257	0.0278531984	0.1160843583	-0.0107628074	-0.1119359352	-0.0474206018	-0.077038076	0.1104844722	0.0	0.1378157886997257	0.0167204069206547	0.0002795720075922	0.0189931916149274	0.0201307632234204	-0.0104975763785545	0.0004052476279574	0.0001101991098235	-0.0425171446557612	0.0063171314811114	3.99061501496499e-05	0.0018077075896789	0.0011333203510329	-0.0001020140214033	1.0406860562872956e-08	1.2844150180653357e-06	0.0002219245678347	-4.233014200012014e-09	4.9250513808618364e-08	1.7918409217503353e-17	0.0016298778738701	0.0001260152505076	1.58798433604932e-08	2.6565018837313177e-06	0.0	0.0	0.0	0.0	0.0
534.2727956695625	1.0483373737499733	285447.4201925701	1.0990112492009911	712.3163034643682	1.1157704917617366	1.2449437902862277	507394.5161811418	527.3677618576705	-0.1004667457626737	278116.7562467687	0.0100935670041417	570.0033216373765	484.5120917373309	1.044738	19.204405	0.0644522070046972	0.0297996215685961	0.0567880972	-0.0599815035	0.1437708329	0.0116067927	0.0202298065	0.0325080822	0.0500621803	-0.1584419987	0.0733986962	0.0615968619	-0.0639041809	-0.0509053538	-0.0457641533	0.0614238589	-0.1244860199	-0.0118002023	-0.0444697203	-0.0272005659	-0.0800008414	-0.0342133635	0.0511102421	-0.101512702	-0.003133522	0.0252413405	-0.0477253555	0.1541612661	-0.0329480036	-0.0454232295	-0.0364816875	0.0747787951	0.0394814144	0.1130197943	0.1553627541	-0.0044918928	-0.0222979274	0.0616925715	0.0387282862	-0.0491817999	-0.0141271998	-0.077109708	-0.0434374706	0.0372435869	-0.0022648559	0.0480434243	0.1734836427	-0.0080926975	-0.0235122781	-0.0741604339	-0.013360493	0.0611401829	0.1090343853	-0.027208263	-0.0098479968	-0.034325621	0.03651698	-0.079325708	0.1063368557	0.0645905656	0.0844250298	-0.0787938164	0.1001148131	0.0161568946	-0.0164274816	-0.1214743801	-0.0264139675	0.0095995922	0.0519019824	-0.0693138071	0.0623973332	0.0310933344	-0.0739866901	0.1527162286	0.046104273	-0.0481157673	0.0666832872	-0.0693556595	0.1205203626	-0.0658029354	0.0765653084	-0.1050439281	-0.1161079568	-0.0711870711	0.1398272063	0.1394799459	0.0242370453	-0.0181241635	-0.0654096705	-0.0164412661	0.040460676	0.1359431701	0.0333874881	0.0833912327	0.0407958583	-0.0729604637	0.0750007761	-0.0022941363	0.0962299674	0.0317063067	0.0613085675	0.0738216463	-0.0788602293	-0.0741749963	-0.1463204957	-0.0229959591	0.0449496521	-0.0276993081	-0.173904948	0.1386765205	-0.156552851	-0.1057096054	0.064910867	0.1340497455	0.0277695192	0.2982735729	0.0635075511	-0.0207460103	0.0311241626	-0.0604893195	0.0942355325	0.051563847	-0.1217838509	-0.0496386907	-0.0733216609	0.1124677771	0.0	0.1270445276900318	-0.0107712610096938	0.0001160200637389	0.0161403120159832	0.0095073162628978	-0.0106234469605225	9.0389062522761e-05	0.000112857625323	-0.0290411607013254	0.0134759839544358	0.0001816021435402	0.0008433890148802	0.0010769009444333	-5.641940659959995e-05	3.1831494410509827e-09	1.1597156441213335e-06	0.0007188991165154	0.0004969745486807	5.168159397266227e-07	2.4698370203638545e-07	0.0016681142201907	3.823634632059989e-05	1.4620181799488524e-09	2.782605051602427e-06	0.0	0.0	0.0	0.0	0.0
534.6377176451135	0.3649219755510557	285837.4891287761	0.1331680482400853	712.5134594135218	0.1971559491536254	0.0388704682866669	507675.4298454244	527.7908634583642	0.4231016006937125	278563.1955501257	0.1790149645095817	570.5973587205245	488.6921746693392	1.037802	19.076904	0.1526641782023398	0.0803978940686864	0.0227742283	0.0177756229	-0.0460663233	-0.0912093102	0.0842491866	-0.0170102799	0.0067936992	-0.1112355434	-0.0687281167	-0.1150597778	-0.0849498562	-0.0728041737	0.1011188564	0.0137737346	0.1911252147	0.1359561644	-0.0357425677	0.0256367656	0.0553208601	-0.0302434973	0.0356817745	0.006376501	-0.0658518786	0.0759390418	0.086375995	-0.0128831446	0.0035559462	-0.0295813585	0.0686440224	-0.0766313973	-0.2323408453	-0.0117431681	0.0246779958	-0.0211822231	0.1076699099	0.0756289869	0.1165850267	-0.0272507181	0.0461147392	-0.1268105253	-0.0086001153	0.1228964891	0.0558207772	0.0011472822	-0.024806816	-0.023369905	0.0217905056	0.0364362696	-0.0331810306	0.1083457519	0.0112999981	0.0567347652	0.0206410929	-0.1207751912	-0.1279205816	0.0275336017	0.0661924062	0.0931526225	-0.0071052865	0.1389355693	0.1342546399	0.0335226969	0.0219230336	0.011807626	-0.046430778	0.0882953756	0.0639966396	0.0464227084	-0.067606947	0.0692150286	0.1344272142	-0.0170585202	0.0553436908	0.0232195211	-0.0170633924	0.0429002343	0.0687159914	0.0460754977	0.0220506894	-0.0767240594	-0.1381359256	-0.0624012507	0.0776916772	0.0804271585	-0.0430902676	-0.026264719	0.0276628283	0.0095830617	0.1053473072	0.0232794881	-0.001780538	0.0787872039	0.2124285854	0.0772599488	0.0161124574	-0.0841494938	0.0296141091	-0.0611263515	0.0612435044	0.029884922	0.0235001201	-0.0638444213	-0.0358507776	0.0959565668	0.085998391	0.0102976006	-0.005250481	-0.0044094464	0.0142361001	-0.0306403489	0.1113863367	0.0506909513	-0.0327963791	0.0132044185	0.011894395	-0.1527502979	-0.0808010223	0.1112895113	-0.0504206301	-0.0446876645	-0.1874952188	-0.0518347133	-0.0694748826	0.1140012473	0.0	0.1145304231877446	-0.0125141045022871	0.0001566028114941	0.0131172178355638	0.0644328483047189	0.0549255320418211	0.0041515919406589	0.0030168140700771	-0.0129498772579239	0.0160912834434015	0.0002589294028558	0.0001676993209952	0.0005024136138598	-0.0005744873305735	3.30035692989466e-07	2.524194393916642e-07	0.0001188665927165	-0.0006000325237989	1.4129266864030292e-08	3.600390296164775e-07	0.0014599689102665	-0.0002081453099241	4.3324470043441225e-08	2.131509218944752e-06	0.0	0.0	0.0	0.0	0.0
534.7888362761414	0.1511186310278844	285999.0994055896	0.0228368406437418	711.4603483272672	-1.053111086254603	1.1090429599923497	506175.8272419564	528.0447567196711	0.2538932613068709	278831.2650991366	0.064461788137039	570.387592083748	486.9147913302913	1.024395	18.830469	0.1929541326734277	0.1136694377415655	0.0316236932	-0.1007130825	0.1321676354	0.0509589706	0.1324201608	0.1593405689	0.0624953251	0.0111446027	-0.0102301938	0.0446461987	-0.0338539918	-0.0670826132	0.1197596437	0.0587492203	0.0151640572	0.0316561223	-0.0504827747	-0.1670980609	0.0581976298	0.0694215387	0.0827298721	-0.1022094159	-0.0424154703	-0.1174742011	0.0125121001	0.0513534078	0.0648651661	-0.0531237312	-0.0913730374	0.0771579497	-0.0504359184	0.1197465688	-0.0091294559	0.1343053642	-0.0002339066	-0.0285076181	-0.013882354	-0.1900014221	0.0491819409	0.0702021811	-0.0551349469	0.1268217745	-0.049473393	-0.1498021214	0.0477805	0.0723161177	-0.0645957086	-0.0625252637	0.0949574659	0.1731713844	-0.0721203793	0.0687816298	0.1401869633	-0.0362598952	0.0854200968	-0.0401541441	0.0705889371	0.05415853	-0.0309410424	0.0804382609	-0.0925914631	-0.0403723014	-0.0988884892	-0.093333346	-0.0403946304	-0.1032252121	0.0454516299	-0.0084220074	-0.0102401475	0.0859985844	0.015138863	0.0738128185	0.0238839772	-0.0449945207	0.0876280802	-0.135725641	0.1984120554	-0.1242421394	-0.0132603982	-0.066857985	-0.0687300532	-0.0435348702	-0.029612792	0.0581314179	0.0160858291	-0.0208726324	0.0578687684	0.0963368187	-0.0948874109	0.0715541076	-0.1399699556	0.1386985083	-0.0256126162	0.0089359554	-0.0856930627	-0.0423976724	0.0425255782	0.0992454946	0.0542402358	0.0777090688	-0.0835729453	-0.0488494682	-0.1495004167	-0.0641310607	0.0355181961	-0.0440744128	-0.0674420647	0.1100610298	-0.0558874113	0.0663601117	0.0589916213	0.0510855773	-0.074056601	0.1044291336	0.0935937729	-0.016259901	-0.0033336891	0.0463011785	0.0329041196	0.0212731163	0.0189427225	-0.0540076933	-0.0655045805	0.1150787493	0.0	0.1211029535561039	0.0065725303683592	4.319815544300516e-05	0.0146659253600118	-0.0171806568251184	-0.0816135051298373	0.0002951749689424	0.0066607642195779	-0.065584549687955	-0.0526346724300311	0.0027704087418166	0.0043013331577718	0.001210712764496	0.0007082991506362	5.016876867919624e-07	1.4658253981135467e-06	0.0003739316862638	0.0002550650935473	1.3982490599208898e-07	6.505820194629291e-08	0.001539273160987	7.930425072050001e-05	6.2891641823399275e-09	2.369361864134911e-06	0.0	0.0	0.0	0.0	0.0
536.3285572203878	1.539720944246369	287648.3212901028	2.3707405861509305	714.8130888427418	3.3527405154745797	11.240868964104749	510957.7519809014	528.433531029824	0.3887743101529395	279241.99671664805	0.151145464234894	571.7638698660021	495.24484416455584	1.204964	22.149685	0.2514630406167459	0.1622139201647426	-0.0508676022	-0.0079407367	-0.0560522887	-0.1989322188	0.1360703795	-0.1350147224	-0.0376186012	0.0109414793	-0.1355641411	0.0334320696	-0.1183817458	-0.209584862	0.2217327326	0.0191972565	0.0134609519	0.0195672356	0.0331712611	0.0049608772	0.0059319109	0.0398909057	-0.1127983378	0.0910273383	0.0176499389	0.0900697838	0.0295145213	-0.0807241203	0.0868908877	-0.1347215127	0.0373732179	0.0342418846	-0.1319688668	0.0679949494	-0.0106489571	-0.1219157291	0.0456670836	0.0026438147	-0.112649758	0.0134634708	0.0974543703	0.1035826041	-0.1892860555	-0.0179069829	-0.0756302255	0.0721932417	0.0441606837	-0.0373722624	0.0794123446	0.0376502946	-0.0673179646	0.0225946551	-0.0249308366	0.0425477031	0.0016681639	0.0398490074	-0.0303550755	-0.1082515184	0.0845784381	0.0367414638	-0.0561915523	-0.0468595888	0.0183625809	-0.0680087032	0.1124405822	0.0855601011	0.0442278145	0.0508359199	0.1294558717	-0.023492563	-0.1092035939	0.2163836097	0.0819080156	0.0649466207	0.1061229398	0.0824120093	0.0985956362	0.0839808998	0.0488003683	0.0146698234	0.0298718358	0.1106404454	0.00866185	0.1130203257	0.0206174662	-0.0054825717	0.0906142445	-0.0862813778	0.1066991693	0.0349848052	-0.0128627101	-0.0430502749	-0.045972502	0.11236061	0.1006050503	0.0171330254	-0.015386548	-0.1517573238	-0.0803269981	-0.1186442007	0.0816897117	-0.0899902416	-0.0761893243	-9.47017e-05	-0.0438442265	0.2177197231	-0.0009237027	-0.0294817483	0.0149495536	-0.049301156	-0.0089113923	-0.0142728304	0.1578979574	-0.0060299878	-0.1188403352	0.0447529017	0.0139599363	0.086426169	0.0547945815	0.1696597765	-0.0596766743	0.0089381654	0.0256942325	-0.0561566646	-0.0614178136	0.1156959735	0.0	0.1217018916879055	0.0005989381318016	3.587268857259963e-07	0.0148113504404146	0.122239864972343	0.1394205217974614	0.0149425845884566	0.0194380818982764	-0.0223098993879204	0.0432746503000346	0.0018726953585902	0.0004977316106991	0.0005160504947607	-0.0006946622697353	4.825556689937987e-07	2.663081131427632e-07	-5.604114748236633e-05	-0.0004299728337461	3.1406102111403333e-09	1.848766377597084e-07	0.0017780166652545	0.0002387435042674	5.699846082992577e-08	3.161343261922733e-06	0.0	0.0	0.0	0.0	0.0
536.8140028451487	0.4854456247609278	288169.2736506313	0.2356574545995275	712.9737251638129	-1.839363678928862	3.383258743362718	508331.5327739642	528.3446441369554	-0.0888868928686861	279148.062988206	0.0079008797238492	571.0880717252764	501.72565673251296	1.171766	21.53944	0.2233934139092344	0.1468401332861826	-0.0917916124	-0.0943533103	0.0269143258	0.1170190109	0.1520900894	0.0966136304	0.0899902176	0.1375864104	0.0737341836	-0.0862848927	-0.0316532376	-0.0136346372	-0.0257094786	0.0353381821	-0.0658783775	0.0735298983	0.0613787292	0.0442962302	0.1502425768	-0.0183833394	0.0005593142	0.0203501841	-0.0654419138	-0.1006652301	0.0498017902	0.1270130181	0.1488583653	0.1287390131	0.0620242738	-0.0581803543	-0.0493097322	-0.0263214492	-0.0279190517	0.009919915	-0.0420872179	-0.032032867	-0.0546624977	0.1667871605	0.0754502081	-0.0682403183	-0.0065853542	-0.0793508714	-0.1118498312	0.0647889792	-0.0578053656	0.0744119048	0.0092511913	-0.1468251299	-0.0488265354	0.0671897558	0.0607647317	0.0200462082	0.000106117	6.70974e-05	-0.0320871318	0.0323891549	0.0441298801	-0.0435017936	-0.0332302665	-0.0727796002	-0.1822925967	0.1212142472	-0.0383317704	0.0244026919	-0.1233674402	-0.1505468667	0.0869749972	0.0568946865	0.0401783183	-0.0418955528	0.0177627298	-0.0546121443	0.0178269826	-0.1864355689	0.0054707748	0.0751654891	-0.0543130419	0.0594819492	-0.1033473091	0.0760305117	-0.0070602211	0.050926003	-0.073852683	0.1289804549	-0.0038338761	-0.0121442477	0.187814759	0.0585654877	-0.0748957299	0.0068543417	0.0031714339	0.0673939353	0.1154020275	-0.1022931677	-0.140082372	0.1365016252	-0.0135961059	0.0959385293	0.0009858884	-0.0652231039	-0.1328774756	-0.1627114054	0.0332141179	0.0117760791	0.0364883106	-0.0974876691	0.0314668565	0.0717815498	0.0879542474	0.1000379785	0.0528469478	-0.0681659863	-0.0342617009	-0.0290388856	-0.0592922561	-0.0999789536	0.1285311032	-0.0562138657	-0.0558785737	-0.0570096895	0.0188490699	-0.0582806721	-0.0572218481	0.1158504512	0.0	0.1212749527348364	-0.000426938953069	1.822768696477371e-07	0.0147076141608368	-0.0040766627786013	-0.1263165277509443	1.661917941043327e-05	0.015955865183055	-0.0809525069906982	-0.0586426076027778	0.0034389554264533	0.006553308388079	0.0008748568019708	0.0003588063072101	1.287419660937487e-07	7.653744239545756e-07	0.0001782041128606	0.0002342452603429	3.175670584043346e-08	5.4870841993144074e-08	0.0016109214407587	-0.0001670952244958	2.7920814049301843e-08	2.5950678882960854e-06	0.0	0.0	0.0	0.0	0.0
537.9795483115263	1.16554546637758	289421.99440147384	1.3584962341933304	716.7636869753933	3.7899618115803833	14.36381053323766	513750.18296655954	529.156081989499	0.8114378525435768	280006.15910647734	0.6584313885405315	572.9991346266241	513.090621768663	1.117373	20.539591	0.178532475817342	0.1172105486550176	-0.1807423351	-0.0090958496	-3.47108e-05	-0.0582910406	0.0099508064	-0.1513992298	0.0133295947	0.1451344075	-0.0497584959	0.0041240736	0.0212270714	-0.0373122775	0.0279628606	-0.036203494	-0.0031039882	0.0494013288	0.0141918533	0.0548337232	-0.0128399666	0.0272741533	0.0217678585	0.1022287139	0.1085868995	-0.050351925	-0.0175285513	-0.1257104618	-0.0500071922	0.1005551812	-0.1129411269	-0.0016704389	-0.0992515919	0.0230962742	-0.0285795125	-0.003014268	0.0409838578	0.0665456893	0.0417398452	0.0164599698	-0.093348566	-0.0422650629	-0.056952182	-0.0305402006	-0.1623909907	0.1079343262	-0.0512335914	-0.0021960426	-0.126192738	-0.0356387938	-0.0917264645	-0.032583091	-0.0478209618	-0.1019072516	-0.0954899185	0.061501896	0.0317342511	-0.0859867469	-0.0720184176	-0.126471387	-0.0235348109	-0.0665026172	0.0599573993	-0.0146387145	0.1086578406	0.1068132377	0.091430834	-0.0933376008	-0.0296003091	0.0083745092	-0.0543940528	0.0887999242	-0.0146794838	-0.1008057021	-0.0849205619	0.0353724341	-0.0935856077	0.0294229351	0.0090693492	0.0151440214	-0.0135464122	-0.0083321779	0.0185556615	-0.0122946059	0.0123625787	0.0784646294	-0.0318356584	0.0971233303	0.1157895861	-0.0533671883	-0.0152503947	-0.0995343176	0.0196622793	0.0833377179	0.0536937	-0.0296726349	0.0612854704	-0.1518096664	0.1714647756	-0.102021166	-0.0100275706	-0.1100666089	-0.0848341886	-0.0643236781	-0.0679469294	0.0957218813	-0.0505605692	-0.00938889	0.0639936444	0.0913443164	-0.0438996754	0.0391890908	-0.0064218176	0.0780464242	-0.0341203178	-0.0723746291	0.0379538401	-0.0922850552	-0.0184971537	-0.0533606951	-0.1849799707	-0.1399104563	-0.0059477507	-0.0603787714	-0.0529241442	0.1155415645	0.0	0.1171258988239714	-0.004149053910865	1.721464835526422e-05	0.0137184761753231	0.0887488305919959	0.0928254933705972	0.0078763549314467	0.0086165722194947	-0.013395751412105	0.0675567555785932	0.0045639152243057	0.0001794461558949	0.000769983013376	-0.0001048737885948	1.0998511534226813e-08	5.928738408875853e-07	2.1127105979568128e-05	-0.000157077006881	4.4635460707190334e-10	2.467318609070373e-08	0.0016289941044286	1.807266366990012e-05	3.266211721253277e-10	2.6536217922631365e-06	0.0	0.0	0.0	0.0	0.0
536.8635202260523	-1.1160280854739997	288222.43934950884	1.2455186875667603	714.6318993815913	-2.13178759380196	4.544518345087949	510698.75161374087	528.2406896345454	-0.9153923549534966	279038.2261855802	0.8379431635073082	571.5446388106923	507.0470371790517	1.026282	18.865152	0.1542561085585837	0.1000633941237799	-0.1377177291	0.0129487219	-0.04732923	0.1231945126	-0.0025748612	-0.0078081654	0.0767073316	0.0781359882	0.0732636698	-0.145921677	-0.0731447097	-0.0993394313	-0.1280451759	0.0517041354	0.0677778298	-0.0028757614	0.0240411397	0.1393173517	0.1182941359	0.0017012201	0.0305189026	0.0585234884	-0.1089300105	0.0126425179	0.0803144347	0.0855444979	-0.0250726156	0.1130026252	-0.056910998	0.1058785656	-0.0484932395	-0.1316284345	0.0050324538	-0.0791174564	-0.0515624417	-0.1492646783	-0.1263630454	0.0165341074	0.0702405957	-0.0770973705	-0.0114638608	-0.0042200006	-0.1050008125	0.007396787	-0.0168602057	-0.0776376249	0.1177083227	0.032884052	0.0207381801	0.0503269566	0.0229083526	0.0538285097	0.0900104541	-0.0908515673	-0.0874761074	0.0291471548	0.031180415	0.0835966555	-0.0389999462	-0.0094001267	0.0695754093	0.0024339207	0.0349942472	0.0591611492	-0.1532328426	-0.0568775978	0.0811262396	0.0450237223	-0.023691264	-0.0207996026	-0.1105313608	-0.0649676332	0.0581644072	0.0317210416	-0.0578964567	0.0375111809	0.0232064908	0.0498955781	-0.0580728445	0.1388574356	-0.0154104135	0.05045885	-0.0378195514	0.0768880354	-0.0658533333	0.0426371692	0.0506636377	-0.0370299669	0.0182801681	0.0350022482	0.0222793572	-0.1502348467	-0.0296193757	-0.1351069219	0.0261379897	0.038503	0.0059478691	0.0444907613	-0.0542248752	0.0056404621	-0.1189452575	-0.1915217612	0.0815111006	0.0136190832	0.0013190058	0.0470482118	0.0892062477	0.0003773814	0.0902770417	0.0676993561	-0.0181707756	0.0978094753	-0.0526689321	0.0398411379	-0.0065140498	-0.0548859439	0.0318351999	0.0430849462	-0.0464821545	-0.0505685145	0.0159302946	-0.06245003	-0.0485323432	0.1147705489	0.0	0.1215447036270944	0.0044188048031229	1.952583588810287e-05	0.0147731149797982	0.0024771323028147	-0.0862716982891812	6.136184445648058e-06	0.0074428059256995	-0.0565225201685564	-0.0431267687564514	0.0018599181833724	0.0031947952862048	0.0010149809560244	0.0002449979426484	6.002399190194873e-08	1.030186341092205e-06	2.190946263103121e-05	7.82356651463083e-07	4.80024552780553e-10	6.120819300885279e-13	0.0017919905393253	0.0001629964348966	2.656783778903413e-08	3.2112300930313792e-06	0.0	0.0	0.0	0.0	0.0
536.2784132639289	-0.5851069621234046	287594.5365328773	0.3423501571252793	713.2143123851102	-1.4175869964810772	2.0095528925922417	508674.6553909656	527.7653474632216	-0.4753421713238595	278536.261982975	0.2259501798388813	570.9583316341543	507.92236191535983	1.030738	18.947056	0.0854791796904855	0.0501890373242866	-0.1285554655	-0.1152014519	0.1247107528	0.1463284855	-0.0608404294	0.1107467174	0.0243615276	0.0982131441	0.0756855536	0.0234470948	0.1345103204	-0.1193143001	-0.0303059118	0.0867772501	-0.0313667472	-0.0997404961	-0.019393915	-0.0757548305	0.0756313023	0.1266787616	0.0472838331	-0.0332120654	-0.0393225269	-0.0744256664	-0.0836259281	0.1754452474	0.0180893237	-0.0005262428	0.0861205716	0.1132580964	0.0476143736	0.022964816	-0.0164240743	0.0326817949	-0.0909596724	-0.1842844863	0.0326370352	0.1351062778	-0.0173413062	0.1780610503	-0.0851856745	0.0588361812	-0.0347352592	0.067905714	0.0001436729	-0.0200532417	0.023167329	0.009490469	0.0483423702	-0.0438152725	0.1493339187	-0.1646609679	-0.0113853374	-0.0423143494	0.0400451894	-0.0700835854	-0.1691522691	0.1192183377	0.058399419	-0.0439328749	0.0308144259	-0.033525609	-0.0867499299	-0.0214539831	-0.0261659494	-0.1702201615	0.0447974525	-0.0388516057	0.041427095	0.0770716569	-0.1144301219	0.070166455	0.1103430318	0.008344689	0.1059707209	-0.0462949612	0.0825976589	-0.0581719018	-0.1190556555	0.0682690341	-0.0215014281	-0.0170517969	-0.0040497751	-0.016216346	-0.0768577167	0.0286041344	-0.0162438635	-0.0041147063	0.1774712292	0.0259833356	0.0876491223	-0.1020904638	-0.0102286115	0.0052274805	-0.0704085567	-0.1592682761	0.0463741598	0.1123165833	0.0291411682	-0.0989593202	-0.152009278	0.023771695	-0.0422927134	7.95299e-05	-0.0662219049	-0.0872941945	0.0363554677	0.1134866654	-0.0398042279	0.0832580115	-0.060459204	0.087253032	-0.0255378013	0.1246624201	-0.0063620376	0.0209739323	-0.1060142586	0.0436026346	-0.0353131841	0.0784003968	-0.0007973521	-0.064493527	-0.0440542534	0.1135404882	0.0	0.1213286979290444	-0.0002160056980499	4.6658461590066926e-08	0.0147206529411573	0.0290181701027734	0.0265410377999587	0.0008420541961134	0.0007044266874988	-0.0981427030829564	-0.0416201829144	0.0017322396258281	0.0096319901684293	0.0011739829271303	0.0001590019711058	2.5281626815561422e-08	1.378235913193427e-06	2.1945065728168345e-05	3.5603097137133614e-08	4.815859098136287e-10	1.2675805257561718e-15	0.0016089890479668	-0.0001830014913585	3.348954583943516e-08	2.588845756477109e-06	0.0	0.0	0.0	0.0	0.0
536.4207597886428	0.1423465247139574	287747.23153222486	0.0202625330981413	714.6645725078649	1.4502601227546847	2.1032544236524333	510745.45119784935	528.9417135086528	1.176366045431223	279779.33628946973	1.3838370728434943	572.3475226655347	507.0995850202531	0.974872	17.920135	0.1072494162282912	0.0738588282795397	-0.116701247	-0.0590700808	-0.0892847574	0.0084343267	-0.1029060355	-0.0072159031	-0.0995707785	0.0847492542	0.019087614	-0.0258871317	0.077790124	-0.12077387	0.1178891538	0.0588400441	-0.0250150233	-0.0301081141	0.018889444	0.097259178	-0.0349874703	-0.0762347373	-0.1206014312	0.099642146	-0.0491808842	-0.0636016607	-0.1286251303	-0.0300878353	0.1252143117	-0.1511387003	-0.0591786047	0.0437841997	-0.1573060474	0.0333371224	-0.0315227787	0.0568814025	-0.0319150431	-0.1100095544	-0.0520273576	-0.0571178125	-0.0383992218	-0.045718784	0.0092088921	0.0181061994	0.0103597779	-0.076258153	-0.1202508824	0.0396736409	0.0811608029	0.0200361231	0.0840754088	-0.1911605439	0.0812662337	-0.0096432636	-0.0042788366	0.0196711825	-0.0472747986	0.0101488846	0.2167764776	-0.0859748428	-0.0587192825	-0.0416369351	0.1228286626	-0.0267403079	-0.0274542201	0.1425152956	0.0226111469	-0.0336634223	0.0033681123	-0.0291931453	0.0061916787	0.1547895358	0.0118987323	0.0033881241	0.1710097026	0.0388321254	0.0005445508	-0.0202508825	-0.1464551333	-0.0172593365	-0.0318327728	0.002217951	0.0662954753	0.0179698351	0.0153918063	0.0873650828	-0.0025795169	0.0219668136	0.0125995142	0.0633434177	0.1022858881	0.0981867214	-0.0980132658	0.0103018945	-0.1737608128	0.0431104384	0.0341655739	-0.0419318039	-0.1176198698	0.0349151838	0.0491641369	-0.0959047923	-0.0781830304	0.054748625	0.0102041609	0.1857890748	-0.1072635202	-0.0270814044	0.1421467535	-0.0181740453	-0.024357571	-0.0129533679	0.0196303109	0.030856356	-0.0482060371	0.0875505874	-0.0558016558	0.0602799608	-0.006803904	0.0836754093	-0.0337722606	-0.1288742165	-0.0304431848	-0.066508354	-0.0394978367	0.1118563022	0.0	0.1214363408461309	0.0001076429170865	1.1586997598893044e-08	0.0147467848780976	0.0987169435894088	0.0696987734866354	0.0097450349516345	0.0048579190255413	-0.0740809184113686	0.0240617846715878	0.0005789694815818	0.0054879824726718	0.0011593719753767	-1.4610951753599949e-05	2.134799111460253e-10	1.3441433772888714e-06	0.0001708730370442	0.000148927971316	2.9197594788708546e-08	2.2179540640308743e-08	0.0015049036679768	-0.0001040853799899	1.0833766327662656e-08	2.264735049890027e-06	0.0	0.0	0.0	0.0	0.0
536.2080575639446	-0.2127022246982051	287519.0809964986	0.0452422363915657	715.0243597327632	0.3597872248982412	0.1294468471999776	511259.8350112479	528.4028747184145	-0.5388387902382874	279209.5980106845	0.290347241865461	571.4487305218997	499.8708295291569	0.947766	17.421869	0.0896349121152101	0.0517565886318782	-0.0542240567	0.0763417395	-0.0774049766	0.0400297791	0.033322426	-0.0240566041	0.0543049082	-0.0273060437	0.0513943419	-0.1211761645	0.061469539	-0.0157997662	0.0457357144	-0.0400153847	0.0016476199	-0.0899574865	0.11512386	-0.0551305352	-0.0172993322	0.0497613798	-0.0470809719	0.1321715329	0.0678319821	0.1018624992	0.0382456155	0.1420406999	0.0434628493	0.0235254653	-0.0318891535	0.0695128043	0.0343365811	-0.0053851817	0.1051141639	-0.0096035717	0.0511786672	-0.0009606608	0.0671894386	0.0430875575	-0.0028566195	-0.0567589239	0.1082148645	-0.0730603139	-0.1749779274	-0.1325523382	0.0147956967	0.0586779666	0.0442058941	0.0534898221	0.0823874274	-0.1013124883	-0.1076777337	-0.124531612	-0.0231816511	-0.020297309	0.0715387304	0.0165215988	-0.0160934539	-0.1446737385	-0.0390424052	0.0008402438	-0.0035244861	0.0239947993	0.0602916387	0.0100662182	-0.1268131392	0.0426273807	-0.0439312809	-0.0415036173	0.0180081092	0.0781077474	-0.0908804578	-0.029959614	0.1468260558	-0.0421257419	0.0199134747	0.0488506174	-0.0621436658	0.0391035472	-0.0892176945	0.02978715	0.0342878138	-0.0044730345	0.0289043409	-0.0207322296	0.0879929188	-0.0030692595	0.01483354	5.94481e-05	-0.065540085	-0.0509082914	0.0787273156	-0.0942976605	-0.0987179212	0.1425158858	0.0032760409	0.0167742434	-0.1274863956	-0.0465698949	0.0422376395	-0.0881220497	-0.0352031479	-0.0629195021	0.1294028105	0.073934697	0.0534107324	0.0271729692	0.1035641497	-0.0534689832	0.0441634349	0.0222419181	-0.0423227678	0.0054094392	0.0427106039	0.0145014963	-0.0462386446	-0.0584363412	-0.0084834857	0.018388908	0.0321710077	-0.0140990603	-0.0157524245	-0.0684936154	-0.0348711943	0.1097247271	0.0	0.1175537572673448	-0.0038825835787861	1.5074455246259567e-05	0.0138188858476698	0.0883541648249917	-0.0103627787644171	0.0078064584419218	0.0001073871837202	-0.0300034214862705	0.0440774969250981	0.001942825735182	0.0009002053008827	0.0007699744689976	-0.0003893975063791	1.516304179742612e-07	5.928606829081361e-07	3.21176753155239e-05	-0.0001387553617286	1.031545067673413e-09	1.925305040845575e-08	0.0016029918568072	9.808818883039997e-05	9.6212927880282e-09	2.569582892990195e-06	0.0	0.0	0.0	0.0	0.0
536.3171362390391	0.1090786750944516	287636.070623644	0.0118981573603609	711.9603126024292	-3.064047130333961	9.38838481690778	506887.4867209487	528.4639030175706	0.0610282991560779	279274.09679256426	0.0037244532978837	571.1879392941592	496.06306822935966	0.945933	17.388163	0.1099557027282601	0.0683532478809371	-0.0308699395	-0.0168354177	0.0253298865	0.0986575443	0.0670054174	0.0853928607	0.1024553357	0.0695832873	0.0327787639	0.0250759679	-0.1017109212	0.0204200334	-0.0298471017	0.018155698	0.0364451357	-0.1628269957	-0.0036332897	0.1031536571	-0.0932339271	0.0481184841	0.0252954673	-0.0955340398	-0.0297115161	-0.1021101447	0.0664434596	0.0622567322	0.0423545378	0.1154488262	0.0021057687	-0.0509104361	-0.0497811281	-0.1421979042	-0.0346653656	-0.0322975598	-0.0679432805	0.1770371733	-0.0863902839	-0.0625796727	0.1278039994	0.0600261878	0.0302463261	-0.0669742877	-0.0685758881	-0.1241892979	0.0121295316	-0.0102815611	0.0281570959	0.1009707811	-0.0819456637	0.2046053801	0.0943472851	-0.0197308257	-0.0991384822	0.0531967175	-0.0706230657	-0.056386433	-0.119096527	-0.069838742	-0.0297795252	0.1714074374	-0.0584809845	0.0502357732	-0.0383751777	-0.0529881198	-0.0749073274	-0.1154401802	0.0518166827	0.0267991362	0.0557840534	-0.0323233543	0.0076015283	-0.0326438489	-0.0840137071	0.1080250046	-0.1732875144	-0.0121293191	0.0455330485	-0.0085778628	0.042743372	0.1535528321	-0.0539179953	-0.0665576406	-0.0574885827	-0.0035292567	-0.0110700607	-0.0278974384	0.0814941321	-0.0283599879	-0.1671747054	0.0891031155	-0.0614544085	0.0362397613	0.1078518507	-0.0612292825	0.0837524689	0.0870727428	-0.1561970246	0.0690028185	0.0245613329	-0.0277898522	-0.1213894124	-0.002121081	0.0241528629	-0.0868977583	-0.0010388992	-0.0108987204	0.0220054479	0.0801057865	0.0184452586	0.0550990098	-0.0592078246	-0.0813404565	0.0591560216	-0.1160960438	0.1107234284	-0.0347054769	0.0830360312	-0.0559716091	0.0643627239	0.0318883319	0.0123170933	-0.0704484286	-0.0301825523	0.1071542885	0.0	0.1213370578670662	0.0037833005997214	1.4313363427852311e-05	0.0147226816118357	0.0383228430937663	-0.0500313217312253	0.0014686403027894	0.0025031331541733	-0.0648055427919445	-0.034802121305674	0.0012111876473748	0.0041997583765585	0.0011319296942783	0.0003619552252807	1.3101158510800238e-07	1.281264832788966e-06	8.890347327961123e-05	5.678579796408734e-05	7.903827561178548e-09	3.2246268504181453e-09	0.0015949536982192	-8.03815858800008e-06	6.461199348583943e-11	2.543877299463103e-06	0.0	0.0	0.0	0.0	0.0
536.5088567070496	0.1917204680105442	287841.7533251055	0.0367567378541821	714.681971764482	2.721659162052788	7.407428594385884	510770.3207651678	527.9149591878879	-0.5489438296826847	278694.20413434936	0.3013393281466924	571.7722713453547	501.3046492686796	1.01053	18.575603	0.1782238062491736	0.1154823485542487	-0.0884451894	0.0042501982	-0.0210898474	-0.0403498105	-0.0599020651	-0.0606255015	-0.0297608332	0.1346049637	-0.0484001055	0.0537193037	0.0144193475	0.0434225803	0.0203879005	-0.0634398935	-0.019114904	-0.0478497733	0.0062556982	0.0807400917	-0.0499265503	0.0043233173	-0.0332224515	-0.011547349	0.0566214205	0.0332632342	-0.0478599052	-0.0325371508	-0.0204057057	0.0485276352	0.0070792293	-0.1023552817	-0.0041975451	-0.0553570585	0.0219081695	0.050907158	0.0269063189	-0.0186449404	-0.1763994151	0.065275323	0.0484460313	0.0642474743	0.1432378891	0.0041710264	0.029294362	-0.0161729623	-0.0818076267	-0.0723386963	0.1017962959	0.0154885682	0.0606690936	-0.0422345245	0.0429345153	-0.0018059358	0.1337876579	0.0938718503	0.0299331709	-0.0927223206	0.1392307815	-0.0487201273	0.0190062907	-0.0188422541	0.1645610521	-0.003468867	0.0519029112	0.0529778007	0.0793549319	-0.0409116558	-0.0154078142	0.0214155826	-0.0006391381	0.0751007164	-0.0867611224	-0.1193035192	-0.0899642274	0.0630372253	-0.0379066109	0.1112019846	-0.0761771617	0.035215727	-0.028834892	0.0444550819	0.0348484292	-0.0470268588	0.1078565183	-0.0545158238	-0.1024712528	-0.1017801404	-0.1108015944	-0.0356860794	-0.1482181715	0.0412819449	-0.0064609547	-0.0279407524	0.0721564864	-0.0930086658	-0.0848485016	0.0721571928	0.0056047194	-0.0733741391	0.0415743383	-0.1810487131	0.0003789043	0.048555824	0.000119543	0.076341687	-0.0241256457	0.0078141328	0.0438799526	0.016203826	-0.0108080558	-0.0640685717	-0.0753415004	0.0345067439	0.0426370377	-0.1113388452	0.1638719122	0.0082703516	-0.0426318257	-0.174898288	-0.0706697224	-0.0816397787	-0.0381781096	-0.0723719246	-0.0254402467	0.1041552675	0.0	0.1173166620235122	-0.004020395843554	1.6163582738866284e-05	0.0137631991883389	0.1364752799150466	0.0981524368212803	0.0186255020278903	0.0096339008539554	-0.0194130966757626	0.0453924461161819	0.0020604741644104	0.0003768683225425	0.0007295405511833	-0.000402389143095	1.619170224807284e-07	5.322294158208332e-07	-5.2943773832137e-05	-0.0001418472471117	2.8030431875884743e-09	2.012064151318137e-08	0.0015260195390628	-6.893415915639996e-05	4.751918298599881e-09	2.3287356336014406e-06	0.0	0.0	0.0	0.0	0.0
535.2556445259219	-1.2532121811277648	286498.60499686	1.5705407709270096	713.5251054202809	-1.1568663442011484	1.33833973834533	509118.0760650229	527.587983815948	-0.3269753719399659	278349.080666977	0.106912893855279	570.7003706653636	493.1816474794491	1.001808	18.41526	0.1912492891877399	0.1167024870260244	-0.0386423896	-0.0351068768	-0.1201885384	0.0702785394	-0.0071609456	0.0264915275	-0.000198591	0.0333124957	0.0616058297	-0.1154846768	-0.0405910766	-0.0599945307	-0.0405046009	0.058275629	0.1135871506	-0.0235027336	0.094378706	-0.0683633318	-0.103845925	-0.0881600091	-0.0248381461	0.0352320351	-0.088462504	0.1539150764	-0.0524607513	0.0708482919	-0.0232802264	0.1049310526	0.0240973471	0.1013797359	-0.0619879901	-0.0635850894	0.0343577583	-0.1192853965	0.1858128607	-0.0855483767	0.1016260857	-0.053501731	-0.0045086221	0.1014341056	-0.0110650638	0.0151803922	-0.0695102914	0.0078491863	-0.0636441143	0.0040673643	0.0326447331	-0.1665315927	0.1461029244	0.1646379449	-0.0293652206	-0.1585417593	0.1416106915	-0.0134370423	0.0428945903	-0.01516667	-0.0360363172	-0.1090084556	-0.1851687447	-0.1030634644	-0.0526125906	-0.0195535681	-0.0248445602	0.0766626131	-0.1293738896	0.0370385529	0.0779569624	-0.002300539	0.0433880006	0.0172897485	-0.132584055	0.0002422441	-0.0420212988	0.0935121049	-0.0217044371	-0.0425637875	0.092926656	0.0370711554	-0.0403103876	0.0713035129	0.0367778995	-0.0781199795	0.1498230534	-0.128060552	0.0207062354	0.0136174297	0.0206274786	0.0490003069	-0.028687739	-0.0992974292	-0.1257414155	0.0232271776	-0.0786908734	0.0703990923	-0.1010118621	0.05880884	0.0720217171	0.0807588501	-0.0383679917	-0.0271343988	-0.035407588	-0.0715778811	0.0989422958	0.0452120648	-0.0468625589	0.0955213984	0.045457192	-0.0013130131	0.0846353314	-0.0420621574	-0.0482230566	0.0337957574	-0.0421046934	-0.0706844068	0.1122909547	-0.0619802908	-0.1433784846	-0.0504740714	0.1351615259	0.0936151763	-0.1307822663	-0.0742632484	-0.0206527093	0.100739659	0.0	0.121633214844735	0.0043165528212227	1.8632628258406508e-05	0.0147946389534654	0.03649760984581	-0.0999776700692366	0.0013320755244569	0.0099955345124731	-0.0611866165721863	-0.0417735198964236	0.0017450269645369	0.0037438020475517	0.0011613361023222	0.0004317955511388	1.8644739798334637e-07	1.3487015425569193e-06	0.000188020187291	0.0002409639611231	3.535159082894271e-08	5.806363056015267e-08	0.0017568909548179	0.000230871415755	5.330161061276421e-08	3.0866658271209523e-06	0.0	0.0	0.0	0.0	0.0
536.3129810072072	1.057336481285347	287631.613596837	1.1179604346568788	715.1077374917	1.582632071419198	2.504724273484621	511379.0762204982	527.834746354928	0.2467625389800787	278609.5194595712	0.0608917506438948	571.4457890255078	500.8406612189452	1.00974	18.561079	0.1442452193389058	0.0960746733927904	-0.0471769897	0.0957289516	0.0176255326	0.0849899848	0.0692748566	0.0019121921	0.1239599219	0.1044470587	0.0104102245	0.0480433509	-0.0278775191	0.0913853947	-0.0123695777	0.1173027136	0.0662448851	-0.1014771123	-0.0186688885	0.0704419823	-0.0330584683	0.0099677113	-0.0181509778	-0.0489254859	0.0211274993	0.0555539377	0.0788235279	0.0664665401	0.070025022	0.0132706037	-0.0358190367	-0.031346673	0.012174398	0.1070668244	-0.0094061404	0.0960695002	0.1419155192	0.1172502351	0.0105621643	0.0540837063	-0.1867128339	0.0342814638	0.1266941619	-0.0529605259	0.0490581679	-0.0408373815	0.0061731426	-0.0979909613	0.1888655024	-0.0123300179	-0.0074374806	-0.021398282	-0.1380648849	-0.1095136763	0.0291753458	0.1057930024	0.0283064475	0.0407444043	-0.003058912	0.0796678945	0.1936355528	-0.0473023828	0.1007435406	0.0913495282	0.0415599568	-0.0732679266	-0.0621514344	-0.0824653782	0.0564240919	0.0558444299	0.0571638535	0.0395876014	-0.0239223461	0.0130084162	0.0076031355	0.0466723887	-0.125583328	-0.0164164649	-0.0648236505	0.1095795237	-0.057012364	-0.0473202116	0.1107443641	-0.1440019549	0.1029381488	-0.1794581651	0.0543956214	-0.1705430562	-0.1519980511	0.0732019979	-0.0812768781	0.0057823136	-0.0151925794	-0.0790557362	-0.0318898409	0.0627327641	-0.065205213	-0.0314035892	-0.0023360721	-0.0563453202	0.0498754768	-0.1373849258	-0.073172558	-0.0262957504	0.1238967858	-0.035995708	0.0615756602	-0.0309581396	0.0204565595	0.0384337305	-0.0156319677	-0.1248665654	-0.0640039595	-0.082145212	0.0940352421	-0.0003802963	0.1130461634	-0.0469992329	-0.0223898362	-0.0851893651	0.0344429033	0.030707114	-0.0471645389	-0.0761215592	-0.0158284522	0.0969211244	0.0	0.1236556469762888	0.0020224321315538	4.090231726741248e-06	0.0152907190291245	0.1213718192212383	0.0848742093754283	0.0147311185010729	0.007203631417104	-0.0263884973011414	0.0347981192710449	0.0012109091048018	0.0006963527898123	0.0009119727575063	-0.0002493633448158	6.218207773777342e-08	8.316943104336447e-07	3.228000738242365e-05	-0.0001557401799085	1.0419988766093251e-09	2.4255003637955727e-08	0.0017109853083248	-4.590564649309989e-05	2.107328379949454e-09	2.9274707253033114e-06	0.0	0.0	0.0	0.0	0.0
536.5284020512381	0.2154210440309043	287862.72620765504	0.0464062262113648	713.309955035939	-1.7977824557610802	3.2320217582423405	508811.0919533733	528.6296927797282	0.7949464248001732	279449.3520883898	0.6319398183025774	571.8479770952723	498.1915452669504	0.938923	17.259314	0.1756406712269654	0.1038046872733792	-0.0527690244	-0.0458585263	0.0288551035	0.1573184792	0.0608358747	0.1308707447	0.0867107793	0.122843304	0.0256057687	-0.004879797	-0.033392738	0.0120509801	-0.1096353933	0.1447490611	-0.0218524292	-0.1049443809	-0.0428387811	0.036711776	0.0398565934	-0.0985606112	-0.0045777258	-0.0331250002	-0.0450852734	-0.0446095466	0.0076324448	0.0626690359	-0.0458043242	-0.000923279	0.168902702	-0.0306552877	0.0659347414	-0.0323913915	-0.0852785365	-0.1223686709	0.0726779065	0.0462093623	-0.0567668377	0.0516621286	-0.1149053013	0.0388152552	-0.0368186289	0.0647781143	0.0250092159	0.035470288	0.0426208675	-0.1543941314	-0.1972925134	-0.1293176555	0.0033447323	-0.0731718028	-0.0346496465	0.0415205069	0.0144154696	0.0562082013	-0.0561141035	0.0169694188	0.0061061057	0.0271711712	0.1390747784	0.0283847302	-0.007235889	-0.0710592831	-0.0469875547	-0.0076574257	-0.1134109826	-0.1560436054	0.0804651839	0.0625413777	0.0535219629	-0.0565844426	-0.0338696658	0.0050531937	-0.0378491551	0.1232151818	0.0773238636	-0.0900366376	-0.048344107	0.1056599414	0.076928145	0.0619868213	0.0472781011	0.0897311874	-0.0040432627	-0.0186543116	-0.1165540258	-0.0524215386	-0.2008181196	0.0159403433	-0.0205608686	-0.0411462344	0.0142766492	0.0611819001	0.0686922021	0.0445410547	-0.0695729358	-0.0123367959	0.0909012067	0.0977651169	0.0089937524	-0.0983745957	-0.0681935078	-0.0344069116	0.1038805553	-0.0836051172	-0.0421937987	-0.0019375814	0.0766268551	-0.0162244708	0.1028025898	-0.0082547935	-0.0202514881	-0.1450691836	0.0556195331	0.0468268358	0.1295736287	0.0115174841	-0.2174520411	-0.028142011	0.0232546444	0.0064628904	0.0878053399	-0.0779460309	-0.0109760526	0.0927149366	0.0	0.1215833708561149	-0.0020722761201738	4.2943283182429775e-06	0.0147825160687355	0.0513848051454175	-0.0699870140758208	0.0026403981998325	0.0048981821392491	-0.0829801914957784	-0.056591694194637	0.0032026198518193	0.006885712180676	0.0015572971169172	0.0006453243594108	4.164435288490883e-07	2.425174310358623e-06	0.0002269101088852	0.0001946301015027	5.148819751429332e-08	3.788087641098102e-08	0.0018108245841378	9.983927581299984e-05	9.967880994864253e-09	3.279085674517836e-06	0.0	0.0	0.0	0.0	0.0
537.7857133537467	1.2573113025085831	289213.47348739824	1.58083171141583	716.4672962175521	3.1573411816131056	9.968803337110042	513325.3865492895	528.7063337922827	0.0766410125545462	279530.3873920767	0.0058738448053861	572.6001510426846	507.6345685150756	1.016528	18.685854	0.1695604441925254	0.1066355683901854	-0.11484986	0.0685073542	0.1033756909	0.0991855004	0.0465888404	-0.022485054	0.1058573292	0.1411973512	-0.0607705796	0.1735218863	0.081707337	-0.1090054537	-0.0867268205	0.0618733354	0.0220049919	-0.0668078698	0.0280989405	0.0726353549	-0.1048247179	-0.1691799501	0.0584109032	-0.0504092014	0.1591382895	-0.0097863208	0.0600147056	0.0987702591	-0.0372911117	0.0915887198	0.04499835	-0.0093135271	-0.1392594998	0.0030418987	0.1113292267	-0.043592878	-0.1218823971	-0.0397808868	0.014630129	0.005177637	0.0638792924	-0.0539761818	0.0506776451	-0.0845447191	-0.0778634793	-0.0479409029	0.0537482716	-0.0704034062	0.0496298917	0.0623180351	0.0976342799	-0.0994963155	0.0702771161	0.0524104212	-0.0269553005	0.0332024503	0.0505269529	0.1110812295	0.0071222195	0.1130413013	0.0442129091	0.0431854701	0.1343389126	-0.017146733	0.0895794811	-0.086431634	-0.0061191092	-0.1920081638	0.0519229817	-0.0174661785	-0.0042225268	0.1514397429	-0.1518656016	-0.1026462945	-0.0246056356	-0.0372413411	-0.0954066381	0.109154091	-0.0780289053	0.1094047909	0.0990664642	0.0210736046	-0.0331445581	0.0343889123	0.1841218643	-0.0387484068	-0.0024150829	0.045439424	-0.0460063787	0.0311762127	-0.0683035381	0.1284722255	0.1557082672	-0.1068055313	-0.0055865229	-0.0113900343	0.0344823161	-0.0049686588	-0.0095258242	-0.0746254355	0.0658957849	-0.1488316572	-0.108619469	0.053856341	0.0670982229	-0.0613484006	0.0164049808	-0.0469181643	0.0710754372	0.0376769651	-0.0107410461	0.0187135489	-0.0420689205	-0.0869244107	-0.1530464307	-0.0846145134	0.0996945015	-0.0247796782	-0.0048971236	-0.1007761697	0.0842148645	0.0050493807	0.0201497733	-0.0797358525	-0.006104138	0.0881379191	0.0	0.1256482776555714	0.0040649067994565	1.652346728826775e-05	0.0157874896778115	0.1349654215865285	0.0835806164411109	0.0182156650240293	0.0069857194446761	-0.0370896485014355	0.0458905429943429	0.0021059419363156	0.00137564202596	0.0010098622599096	-0.0005474348570075	2.996849226669314e-07	1.0198217839897244e-06	0.0001459610320979	-8.094907678729999e-05	2.13046228910842e-08	6.552753032716191e-09	0.0019029282094952	9.210362535740004e-05	8.483077803976304e-09	3.621135770492608e-06	0.0	0.0	0.0	0.0	0.0
537.176396331343	-0.6093170224037294	288558.48077552806	0.3712672337909469	717.0040520598732	0.5367558423210994	0.2881068342658329	514094.8106702773	529.9515112660414	1.2451774737586447	280848.6042931612	1.5504669411559604	573.9124908918365	504.3767891107034	1.010161	18.568815	0.1652391050094812	0.1036305419326847	-0.1004133715	-0.0745619164	0.0500120436	0.1006401384	-0.0169773426	-0.0141904986	-0.0362787046	0.144320698	-0.0218233143	0.0171215975	0.1736192802	-0.0741441297	-0.1056070506	0.1753136388	0.0773762419	0.0538469926	0.0170955836	-0.0246937636	0.0206307803	0.1572748003	0.035388778	0.0308805003	-0.0155980469	-0.2399236288	0.0881075845	0.0349969816	0.0624591186	0.1215888529	0.0005560754	0.0614403947	0.0861549178	0.0578787252	0.1141234542	-0.0119001433	0.0670619271	-0.0353331467	0.0444265465	-0.0544161426	-0.0424937935	0.0356011011	-0.0234609604	0.0583617946	0.0758144008	-0.0096231615	-0.0238272597	0.0795221476	0.062640371	-0.008666255	-0.0024727208	-0.0056556884	0.0316189468	-0.0351569971	0.0184597033	-0.0081050959	0.0457758385	0.0504621465	0.0274225668	-0.2198647452	0.0443312518	0.1186774231	-0.0407958475	0.0002084349	-0.0420712983	0.0790667087	0.0447499875	-0.2085974978	-0.0472173351	-0.0149595916	-0.0481390633	-0.0427730069	-0.0718187408	-0.0228320939	0.1321283758	-0.0230676473	-0.057114909	0.0391725301	0.1773251054	-0.0235150944	0.0885412549	0.0189053304	0.1085116798	-0.0512971252	0.0181619135	-0.0884674146	0.0058332412	-0.1274495336	0.0040724359	-0.0426403383	0.0068015321	-0.0499860948	0.0047522864	0.0702518044	-0.109048873	0.1983869929	0.0291956941	0.0582508846	-0.0112979178	0.0966795003	-0.0245742325	-0.1475067077	-0.0626142614	-0.0054955454	-0.0379618846	-0.0887063746	-0.1240568497	0.0005521527	0.0484161203	-0.0156853036	0.1208685877	0.0199497204	-0.1479432718	-0.010425001	-0.0407006375	-0.0289169085	-0.0948151355	0.0257795017	-0.1165160597	-0.09146214	0.128002035	0.1094279776	-0.0203594072	-0.0814902283	-0.0012213705	0.0832083783	0.0	0.1293387469344225	0.003690469278851	1.3619563498143632e-05	0.0167285114585665	0.0502512172315334	-0.0847142043549951	0.0025251848332507	0.0071764964194998	-0.0740027940726406	-0.0369131455712051	0.0013625803159609	0.0054764135305576	0.0015157086130303	0.0005058463531207	2.558805329655121e-07	2.297372599614236e-06	0.0003318616480381	0.0001859006159401	1.1013215343856377e-07	3.4559039006945744e-08	0.0017962494624675	-0.0001066787470276	1.1380355067399995e-08	3.2265121314147827e-06	0.0	0.0	0.0	0.0	0.0
536.571249838051	-0.6051464932919544	287908.70615276817	0.3662022783435493	717.0435704095966	0.0395183497233802	0.0015616999648593	514151.48186574207	528.7125413110651	-1.2389699549762554	279536.95133960474	1.5350465493338643	573.2504825326292	503.9202855881543	1.081715	19.884121	0.2083193410117214	0.1196375678662533	-0.0784768652	0.0549834769	-0.0966476083	0.0057237842	-0.0856224133	-0.1075347776	-0.0324484894	0.1041167823	0.1022336682	0.0421245972	0.0769709995	0.08209143	0.1265660616	0.0515711944	0.017938409	0.0322239647	0.0791210211	0.0130849721	-0.015356571	-0.0327112863	-0.1290880918	0.1209038506	0.1259883223	-0.0336134243	-0.1316768472	0.0972363953	-0.0731761003	-0.0829804968	0.0969315649	0.0260687192	-0.0325008194	-0.1696806451	0.1476784962	0.0669143146	-0.0256298672	-0.034279781	-0.0231014458	0.0541610263	0.0013657308	-0.096870838	-0.0960633521	-0.0499091949	-0.112074182	-0.0885076704	-0.0794867162	0.0075905755	0.0132223108	-0.0287032258	-0.0120484158	0.0844945082	-0.0512812156	-0.0159149585	-0.0562449165	-0.1011111229	-0.0573547991	0.0265130252	-0.0255592142	-0.1309804756	-0.0925804762	0.0704648102	0.0346538708	-0.0068384408	0.0931984195	0.0772361846	0.0277614849	-0.0468480766	-0.1198001302	-0.0598686479	0.1228126529	0.1018212097	0.0075193766	-0.0014002934	0.0301228721	0.0763440466	0.0272960538	0.1201392302	-0.0674586259	-0.092776354	-0.0025786247	0.0633436066	-0.0447649262	0.0423735679	0.1596243618	0.0561112209	0.0285885007	0.0492732483	-0.0243419247	0.0696769498	-0.0239715738	-0.0442144457	-0.0035315802	-0.0655022912	0.0181199839	0.0723759349	0.0631720085	0.0455718323	0.0611116861	-0.0622438474	-0.006753019	-0.1258924996	-0.0265161196	0.0741455405	0.0698999385	0.1045160186	-0.0317553698	0.0658270968	-0.0444845703	0.022372312	-0.1267760294	-0.1406878865	-0.0917048082	0.0053587182	-0.0425839762	0.0323629456	-0.0717767238	0.0838343891	-0.0560924442	0.0425655574	-0.0541468832	0.0081225353	0.0668464873	-0.0832083783	0.0036635686	0.0779460309	0.0	0.1217524624227479	-0.0075862845116745	5.755171269207378e-05	0.0148236621060026	0.1230827781576664	0.072831560926133	0.0151493702790093	0.005304436266937	0.0024765326379849	0.0764793267106255	0.0058490874141105	6.133213907004448e-06	0.0009249891342002	-0.0005907194788301	3.4894950266930506e-07	8.556048983884355e-07	1.1885381833831588e-05	-0.0003199762662042	1.4126230133597392e-10	1.0238481093402484e-07	0.0019139970946989	0.0001177476322313	1.3864504896101006e-08	3.66338487851583e-06	0.0	0.0	0.0	0.0	0.0
534.407417740648	-2.163832097402974	285591.2881362275	4.682169345751353	713.3201220225297	-3.72344838706681	13.864067891150428	508825.5964822368	528.331591436468	-0.3809498745971496	279134.2705097909	0.145122806955584	570.8943529533691	483.6470369474269	1.151266	21.162613	0.1449931396436592	0.0940287812476677	0.0635542203	0.0499259077	-0.1622633135	0.0886297041	-0.0016026148	0.0443520501	0.0171035905	-0.0137284984	-0.0682701387	-0.1935181733	-0.0725247274	-0.0071672087	-0.0919414566	-0.0625769113	0.0796958021	0.1083294005	0.0966418796	0.0830127804	-0.0479615089	0.0770977758	0.095700664	0.0358720539	-0.1284564046	0.0292454472	0.102583129	0.044650126	0.0919887322	0.0310290239	0.0394798621	-0.0016176209	0.0666087863	0.0464067722	-0.008636682	-0.0412356318	0.0530350154	0.1154418492	-0.0167488836	0.1289058082	0.0380321504	0.0350858328	0.0233412842	-0.0339365032	0.1106381634	0.1051359102	0.0717332206	0.1051235721	0.0366965898	0.1007686837	-0.077582088	0.1014597581	-0.0406676551	-0.086685568	-0.060089093	-0.0456426719	0.0892436994	0.0278231591	-0.0886184394	0.0376056202	0.1033809589	-0.0676327389	0.0935790259	0.0280618211	-0.0402906919	0.0471397822	-0.1246267424	0.0661093877	0.0019828887	0.0953473078	-0.0517606442	-0.1146278687	0.0285313733	0.0045815137	0.0438716582	-0.0346811584	-0.0943188426	0.1327717276	0.0141572628	0.0012149893	-0.0827095794	0.1136325644	-0.0514526649	-0.0027752449	0.1038107191	-0.0593188191	0.0040627063	-0.1515100117	0.0371564339	-0.1221893026	0.0222549118	-0.0531759607	-0.021237255	0.0121408863	-0.0219336258	0.0398307896	-0.0176399592	-0.0116561314	-0.0682151163	0.0610280213	-0.0156298961	-0.057806987	0.0442471866	-0.1394566153	0.159365805	-0.0146489019	-0.077541704	0.106283421	0.0437753666	-0.1150078303	0.1714510622	-0.0248841863	-0.1612141186	-0.0362487338	-0.1355073522	-0.021591222	-0.078033253	0.0566053143	0.0161375135	-0.0237553596	0.0698279786	0.0798247504	0.052416356	-0.0848895389	0.0085419939	0.0723719246	0.0	0.1217332269697379	-1.923545300999696e-05	3.7000265249980116e-10	0.0148189785484657	0.0517038061219636	-0.0713789720357028	0.0026732835674976	0.0050949576488736	-0.0367676462788182	-0.039244178916803	0.001540105578854	0.0013518598128842	0.0015069375017676	0.0005819483675674	3.386639025143617e-07	2.2708606342335755e-06	6.890664204139973e-05	5.702126020756815e-05	4.748125317421597e-09	3.251424115659194e-09	0.001865951657711	-4.804543698789989e-05	2.3083640153582592e-09	3.481775588914429e-06	0.0	0.0	0.0	0.0	0.0
535.0093129138138	0.601895173165758	286234.9649045111	0.3622777994802378	713.6731023557459	0.3529803332161236	0.1245951156373657	509329.2970260749	528.4058091333308	0.0742176968627745	279212.69912585	0.0055082665276146	571.0833850664908	483.21414452510624	1.038373	19.087399	0.0492033327054355	0.0350738000048207	0.0957768427	0.011227704	-0.0146077331	0.1207093195	0.0418729917	0.1065237919	0.0977711786	0.0240903808	0.0548107382	0.0494912758	0.0021785919	0.1413085592	0.1396336205	-0.0107332042	-0.0430429437	-0.1080366259	-0.08231745	-0.004711322	0.0285925726	0.1018647887	-0.0278744283	-0.0658014429	0.0194617842	-0.0309007614	-0.0793872338	0.1832739822	-0.1776375589	-0.0972647645	-0.0915015465	0.0455452188	-0.089457204	-0.0119651553	-0.0842225197	-0.0262268654	0.1694823577	0.0546565304	0.0482882391	-0.0664198072	-0.0981364496	0.1719146147	-0.0411014617	0.0252773232	-0.0231383213	0.0795967922	-0.0231772692	0.0271867286	-0.0586583493	-0.0930992111	-0.0127029941	0.0199393099	-0.1169057829	0.1105007218	-0.0902881892	0.0199545078	-0.1223622614	0.1109637941	-0.1139814934	0.0102240779	-0.0165463598	0.0590254298	0.0052167072	-0.0304933253	-0.0783931161	-0.0928940617	-0.0677530863	-0.0540850635	-0.0936403535	0.0186558746	0.1292880966	0.0921269234	0.1082133409	0.1423277946	-0.1338983351	0.1450156411	0.0567637186	-0.0392710528	0.0507423406	-0.0044881365	-0.0367224411	0.0104071392	0.0721789634	0.0859401852	-0.0149768734	-0.0296109579	0.0641226193	-0.1208584077	-0.0119517894	-0.0404183624	0.0027282427	-0.1156696047	-0.1101203363	0.033122017	-0.0118840305	0.0599300776	0.0722174431	-0.0300964418	0.205115569	0.0540228069	0.0667412496	-0.0133737492	-0.0240402183	0.0584384761	0.1442911781	-0.0570147531	-0.0547684603	0.062407994	-0.0291621066	-0.0091534419	-0.0994434647	-0.0518908483	-0.0378448385	-0.1236599862	0.0306228409	0.0124033474	0.0701632863	-0.0259479813	0.0557332334	0.0844564865	0.0057998237	0.0665063637	0.1673559157	-0.0865329627	0.013405232	0.066508354	0.0	0.1241480420813303	0.0024148151115924	5.8313320231750285e-06	0.0154127363526277	0.0845524860783086	0.032848679956345	0.0071491229020225	0.0010790357748743	-0.0368289111808763	-6.12649020581002e-05	3.75338822418861e-09	0.0013563686987688	0.0014043231158716	-0.000102614385896	1.0529712192813217e-08	1.972123413771319e-06	0.0001957768096796	0.0001268701676382	3.832855920832232e-08	1.6096039436545038e-08	0.0018178647565364	-4.808690117460014e-05	2.31235006457576e-09	3.3046322730571444e-06	0.0	0.0	0.0	0.0	0.0
535.5117081928199	0.502395279006123	286772.7896115919	0.2524010163676402	715.1417523816383	1.4686500258924298	2.1569328985538347	511427.72599948046	529.195040673566	0.7892315402352779	280047.39107349725	0.622886424102149	571.6785827622224	481.6715700452916	0.967736	17.788946	0.0764360462067837	0.0457900934288079	0.0901149998	0.0862020053	0.0422567082	0.0405627508	0.0193963642	0.0221424914	0.063223968	-0.073519567	-0.0736941094	0.0794749605	0.1070323844	-0.0585863062	-0.1011557254	-0.015669696	0.0146423715	0.0254407836	-0.0298656544	0.0041900358	-0.0371022135	-0.0372072027	-0.0427384715	-0.0489013253	0.0557548392	-0.0999188162	0.1120695061	-0.0068394339	-0.0344657956	0.0057388032	0.0281374214	-0.1004640508	-0.0345398008	0.0017007784	-0.0411893369	0.0042636258	-0.1512506737	0.0390619834	-0.1163773301	-0.012810542	0.1165847467	-0.1214072089	-0.0637479048	0.0324698442	0.2132612719	-0.0157834956	0.1504867156	0.1038313841	0.0051003011	-0.1387236563	0.1558104649	-0.0949699643	-0.0042127735	-0.0987416757	-0.0708116086	-0.1391097598	0.0291704545	0.0772887858	0.0018357978	-0.0390505926	-0.1539273399	-0.1415732048	-0.0482784787	0.0871759821	-0.0056834225	-0.1112472296	0.0158321246	-0.0187134381	-0.0596027248	0.0056622176	-0.1310503707	-0.0557387902	0.0377330732	-0.0258250842	0.003138329	-0.068765818	-0.0513243879	0.0651455473	-0.0748350825	0.0074054644	0.1036648191	0.0683205179	0.0210704519	0.2064130691	0.0183386562	0.1663360828	0.028509928	0.0653674349	-0.0183357983	-0.0390390094	0.0524196215	0.1164882243	0.0732791782	0.0469511039	-0.0786517057	-0.0105049789	-0.0740366831	0.0897571988	-0.0392472089	-0.0228407835	0.1042675601	0.0096580198	-0.0290282688	0.0102659495	0.0575276983	-0.1132432677	-0.0503102458	0.0135666009	0.0386591267	-0.0772451067	0.1017132337	-0.0112369364	-0.029156181	-0.0392261592	-0.2132401207	-0.0413106777	-0.0940981243	0.1015477548	0.0713378467	0.0290376108	-0.0678259151	0.0087306412	0.0448972609	-0.0881379191	0.018244636	0.0603787714	0.0	0.1217610890168146	-0.0023869530645157	5.6975449322009366e-06	0.0148257627985606	0.104292208510202	0.0197397224318933	0.0108768647559354	0.0003896566416881	-0.0097901456435067	0.0270387655373696	0.0007310948417848	9.58469517210732e-05	0.0009248302429454	-0.0004794928729261	2.2991341518702093e-07	8.553109782664476e-07	0.000194810413276	-9.663964035999987e-07	3.795109712076592e-08	9.339220088910117e-13	0.0017529119224061	-6.495283413029984e-05	4.218870661558243e-09	3.0727002077134493e-06	0.0	0.0	0.0	0.0	0.0
535.3380013318057	-0.1737068610142387	286586.7756699324	0.03017407356342	713.6500935999992	-1.491658781639103	2.225045920841053	509296.4560952876	529.18000133491	-0.0150393386560381	280031.4738128153	0.000226181707211	571.388568553236	482.6731203435661	1.005545	18.483955	0.0264886822960654	0.0171320171954791	0.0873810649	-0.0429473982	0.0927382976	-0.0056427477	-0.0689354787	0.0223612735	-0.1001022419	-0.0274020896	-0.0159036881	0.1117922634	0.0651725269	0.0956705961	-0.0021379475	0.12177522	0.0369499518	0.0379683804	0.0618441108	0.0505044997	-0.0989110037	0.1060434582	0.0569781782	-0.0008581575	0.0768134155	-0.1443699104	-0.1421666229	0.0136167358	-0.0791829195	-0.010828145	-0.072392569	0.0133778772	0.0414958612	0.0473929933	0.111157151	0.0005991778	-0.1365355765	-0.0068572841	0.0224219226	0.0231225341	-0.1216791829	-0.0393240381	0.0793129058	-0.003602789	0.1250308628	0.1225642886	-0.0034989779	0.0194236135	-0.0355327959	0.0851870625	-0.0583665685	-0.0180031618	0.1156279805	-0.0036640162	-0.1060608873	0.1399793388	0.1447697508	0.0315797571	0.039605754	-0.072160352	-0.0323244062	0.0828507737	-0.0106804163	0.0325709084	-0.0368696584	-0.0424711093	0.1310266382	0.0040275641	-0.1042631137	-0.0468699785	0.0886985462	0.0367483995	-0.0592121502	0.1525165061	-0.0159891168	0.0056784438	-0.0325152574	0.1375515893	0.0624539726	-0.0633002775	0.0027597757	-0.0222840561	0.0716473653	-0.0818034842	0.0329556591	-0.0053782913	-0.0635689038	-0.0351913531	0.084539617	-0.1030815696	0.1142154973	-0.0790409421	0.1309079323	0.0258964796	-0.1785909579	0.0806275902	0.1728038829	-0.0438111378	-0.0542125231	0.033116429	0.0749701743	-0.129613711	0.0268044194	0.1362385976	-0.0022346921	-0.0553955296	-0.0747376314	0.0145303721	-0.0437378037	-0.0863468108	-0.0360288903	-0.0875366172	-0.0116038624	0.0044053228	0.020184507	-0.0253621983	-0.1453878877	-0.0613390511	0.1991338804	0.1508145482	0.0046279081	0.1021381247	-0.0794435266	-0.0897036946	0.0230516017	0.0540076933	0.0	0.1214666392774717	-0.0002944497393428	8.67006489990986e-08	0.0147541444573634	0.1197085580815127	0.0154163495713107	0.0143301388779549	0.0002376638341048	-0.0166908772352485	-0.0069007315917418	4.762009650126334e-05	0.0002785853828821	0.0009248377496068	7.506661400011154e-09	5.634996537441742e-17	8.553248630977701e-07	0.0001947748066695	-3.5606606499984665e-08	3.793722531314111e-08	1.2678304264447497e-15	0.0016754120078006	-7.749991460550003e-05	6.006236763859797e-09	2.807005395882438e-06	0.0	0.0	0.0	0.0	0.0
534.6095918379799	-0.7284094938257795	285807.4156851715	0.5305803906955282	712.7004787484667	-0.9496148515324876	0.9017683662510684	507941.9724082936	527.8776842597072	-1.3023170752028363	278654.8495393911	1.69602976436487	570.3004394371801	480.0498764987679	1.093606	20.102707	0.0708712403854737	0.0442106445724802	0.0515067666	-0.019475373	0.0151444377	-0.1285873541	-0.0757708633	-0.0494622116	-0.1572110923	-0.0421054052	-0.0708663656	0.0154558733	-0.0255212907	0.2001609889	-0.0969430634	0.0007582163	0.004353052	0.0519205866	0.10489501	0.1197193364	0.0139482021	0.0700684004	-0.0203044548	-0.0551880177	0.0599048665	0.0169797676	-0.1844417446	-0.0290820053	0.0351227518	0.0602065093	0.0249070052	0.0186760536	0.1338739894	-0.2552006379	-0.0654211715	-0.0168400071	0.1094903752	0.0834054587	-0.0339762679	0.0354124604	-0.1424421698	0.0218181634	0.0055623856	0.0507749219	0.1385579942	-0.0264838056	-0.0951444755	0.1777482907	-0.0510635536	0.1239034692	-0.1224624396	0.0552224608	0.0843214378	0.0438450216	0.0648032182	0.0065298648	0.0620718816	0.0110730297	0.064028877	0.0357284931	-0.0451912565	0.0912656904	0.1089954735	0.1100101471	-0.0003567316	-0.0085761767	0.1536379827	0.0966528483	-0.0078822544	0.0445579597	0.1605739406	-0.1359521323	-0.0555992238	-0.0571263065	-0.0286267892	0.1323631451	-0.0776405747	-0.0421332695	-0.0441507801	-0.0798344252	-0.24239675	0.1774628623	0.0411347095	-0.0879899157	-0.0233117001	0.0652720047	0.104089325	0.0379861476	-0.0348994954	-0.2034615175	-0.0422787064	-0.0149381499	0.0912964564	0.130555819	0.1409822898	0.2091872325	-0.0186402813	0.0705776313	0.0015502403	-0.0057372428	-0.0135145722	-0.0764026557	0.047026582	0.0512578176	-0.1335804782	-0.0519622225	0.0082250427	0.1936925567	0.049957092	-0.2213714077	0.0222372767	-0.101605588	0.1042619394	0.0384667803	0.2175110492	-0.0260052143	0.1494425776	-0.1876078886	0.2029068734	0.1611766063	-0.0199759423	0.1870984295	0.038810155	-0.0912295932	0.0278175825	0.0474206018	0.0	0.1256403304268332	0.0041736911493615	1.741969781025854e-05	0.0157854926297638	0.0814964705787559	-0.0382120875027568	0.006641674716794	0.0014601636313183	0.0035897802784319	0.0202806575136804	0.0004113050691872	1.2886522447418608e-05	0.0010033294662633	7.849171665649996e-05	6.160949583684274e-09	1.0066700178721983e-06	0.0001948845612316	1.097545620999858e-07	3.7979992206433256e-08	1.2046063901759641e-14	0.0017609066209755	8.549461317489994e-05	7.309328881925774e-09	3.1007921277953533e-06	0.0	0.0	0.0	0.0	0.0
536.8021261121628	2.19253427418289	288156.5225985383	4.807206543466692	713.9469657356764	1.2464869872096642	1.5537298092830256	509720.2698831791	529.0967062967686	1.2190220370614495	279943.32461408904	1.4860147268414463	572.350635952554	488.355916833784	1.106452	20.338831	0.0462151169436932	0.0368440583845064	0.0353487711	-0.0377645461	0.110355834	-0.096099686	-0.0343193425	-0.0090136794	-0.0108361675	-0.0263036233	-0.0484488178	0.0933904905	0.0632538837	0.0847343078	0.0136778608	-0.0916126274	-0.0051704686	-0.0339894559	-0.0539760068	-0.0528353325	0.0402571849	-0.0345257694	-0.1432520633	-0.0584764888	0.1225004698	-0.0309794756	0.0121133294	-0.1604273945	-0.0564049398	0.0066604867	-0.0156848104	0.1015612445	-0.0563786511	-0.0971735286	-0.0004692929	-0.097899115	-0.0299841743	0.0185572185	0.0679311602	-0.0462315891	0.100667526	0.0612079434	0.0687332878	0.0947798199	-0.1084450865	-0.0796620506	0.0871928044	0.0302991136	0.1433854264	0.0483404185	-0.0255556197	0.0627982698	-0.0351193	0.0019147796	-0.044658297	0.0242309166	-0.1011894898	0.087371356	0.1466597654	0.0294758739	0.1479734954	-0.0798797828	-0.1817475535	0.0609439033	0.0001346601	-0.0447359801	0.1216341938	-0.0049449647	-0.0704048468	-0.0040231538	0.0018550982	-0.052997866	0.0413712564	0.0090366328	0.0023947156	0.165851321	0.0427806954	-0.0794684159	0.0799438302	0.0533337725	0.0634627799	0.0143160458	-0.0241359492	0.0352157821	-0.0897312246	-0.0235120675	0.1220169596	0.0439100928	0.1008646847	0.0714004834	-0.0970035299	-0.0162949163	-0.1062318355	-0.0058004066	0.0221313166	-0.0376520173	0.1074801673	0.0700781393	-0.141180657	-0.0215523169	0.0631770097	-0.0421829091	0.0291849559	0.1120430839	-0.0693648522	-0.0849326458	-0.0298233003	0.0628062846	0.0323650507	0.0629278283	-0.0150241876	-0.1007847157	0.0291201459	-0.0379282628	0.1469676282	0.0765242595	0.0066614428	0.1110334061	0.0327268827	0.0683276316	0.0429945013	0.0568723904	0.0121375755	-0.0927149366	0.0325341047	0.0406438432	0.0	0.1283302477625767	0.0026899173357435	7.235655273133423e-06	0.0164686524908043	0.1173214269914524	0.0358249564126964	0.0137643172313106	0.0012834275019716	0.0036102747707502	2.0494492318300084e-05	4.2002421538486116e-10	1.3034083920315408e-05	0.0009248367754138	-7.84926908495e-05	6.16110251679518e-09	8.553230611577955e-07	0.0001947789341925	-1.0562703910000477e-07	3.7938833205166245e-08	1.1157071389033936e-14	0.0016859099648054	-7.499665617009994e-05	5.624498436696191e-09	2.842292409430145e-06	0.0	0.0	0.0	0.0	0.0
536.5949446296447	-0.2071814825180808	287934.13460209145	0.0429241666983898	714.2487739444191	0.3018082087427274	0.0910881948644937	510151.3110811059	528.2050136261922	-0.8916926705763899	279000.53641984594	0.7951158187596542	571.2546947556557	490.130698336004	0.870561	16.002687	0.0419450140059149	0.0323585004757357	0.0007455437	0.0284043207	0.1429583082	-0.0832920765	-0.0673443015	-0.0495892367	-0.0547966256	-0.0613532362	-0.0205637922	0.0720311268	-0.0263378455	0.0183924429	-0.1008050745	-0.110471895	0.066194803	0.0956267071	-0.0109023379	0.0513174105	-0.0118010162	-0.0906007943	-0.1543171128	-0.1167930334	0.0027020605	0.0503795914	-0.0129390055	-0.1483023829	-0.1592967797	-0.1103145049	0.0450363105	0.1975397215	-0.0453914587	-0.052911767	-0.0372741624	0.044715002	-0.0246770267	-0.0530155224	0.0290744902	0.0661171136	-0.0399504585	0.0825677383	0.0211155056	0.0413595655	0.0271145106	-0.0586016513	0.0661309294	0.0012952359	-0.047188671	0.1053050789	-0.1088734813	-0.0768516408	0.1958686685	0.0341340786	-0.0533519447	-0.0321711828	-0.0556702583	0.014276958	0.0286302571	-0.1230247208	0.0216727563	-0.1448520316	0.1494059847	0.132048133	0.0430413732	-0.052741208	0.111480435	0.0523203507	0.0168872187	-0.0692864427	-0.0319388832	-0.1149439264	-0.0235653307	-0.0316027455	0.0397848893	0.2147961663	0.1181465273	0.0062897065	0.0619059982	0.1040084119	-0.135699202	-0.0386690019	-0.0644918147	-0.0473412457	-0.1241751864	0.0285973031	0.0092889711	-0.0248199377	0.0074229337	0.0131721442	0.0404246863	0.1241441039	0.1051270066	-0.0064434639	-0.0535810273	-0.093439234	0.0425135297	-0.0600951904	-0.0398820657	-0.0402975019	-0.0021760893	-0.0019969425	-0.02050152	0.0691948461	-0.1037554485	-0.1280973612	-0.0439947742	0.1163306926	0.0626583882	-0.0375946075	0.0675464561	-0.084994657	0.018654721	0.0837757363	0.1501831272	0.0198861452	-0.0107210498	0.0588369883	0.0521090363	-0.0489343798	-0.0379071426	0.1611261749	-0.113388877	-0.0941590645	0.0371927824	0.0337045224	0.0	0.1290830956268962	0.0007528478643195	5.66779906810441e-07	0.0166624455766224	0.0852689809454716	-0.0320524460459808	0.0072707991114791	0.0010273592975305	0.0021749539844506	-0.0014353207862996	2.060145759583702e-06	4.73042483447754e-06	0.000924821759932	-1.5015481799997635e-08	2.254646936860602e-16	8.552952876437218e-07	0.0001948506898956	7.175570310001154e-08	3.796679135279128e-08	5.148880927377006e-15	0.0018399111798068	0.0001540012150013	2.3716374221907398e-08	3.3852731495780503e-06	0.0	0.0	0.0	0.0	0.0
536.5830854372588	-0.0118591923859412	287921.40757736855	0.0001406404440467	713.8078382287471	-0.4409357156720261	0.1944243053552019	509521.6299167972	528.4538471245327	0.2488334983404456	279263.4685407189	0.0619181098963445	571.888759820804	494.2261838491225	0.936736	17.219105	0.0192597111648107	0.0120675538881618	-0.0314519119	-0.0555326313	0.1193066658	-0.1358238827	-0.1147668635	-0.0368935623	-0.0859228621	-0.0405750838	0.0091087628	0.0823156513	-0.0064065901	0.1446123172	0.0067603456	0.0212556619	-0.0185354518	-0.0908089757	-0.0070596675	-0.0162850836	0.0027848966	-0.0278327202	-0.1508561968	-0.0681766816	0.0883869592	0.0365162041	-0.1082954077	-0.0344631785	0.0509960346	-0.0041561448	0.0678526973	0.0325117352	-0.0350209908	-0.0138193183	-0.0385159667	-0.0610150427	-0.0502546041	-0.0076345501	-0.0184872537	-0.1510372816	-0.1109675836	-0.0680919729	0.0353378737	0.0044451816	0.0599800289	-0.1065689462	-0.0529735447	0.1384920713	-0.0296967738	0.0361797145	-0.0795895544	-0.0266645897	-0.2594494873	0.0112062137	0.0380165489	-0.0261334568	0.0401909811	0.0210454767	0.0780977152	-0.065991814	0.0899369686	0.111026829	0.0331755329	0.0459951001	0.007524709	-0.0315782761	0.1360760204	0.0399085724	0.0278081374	0.014584559	0.1888125053	-0.0389901118	-0.020251428	-0.0561402774	0.0303285468	0.0762195408	0.0235447563	-0.1136514429	-0.0256463439	0.042907379	0.0542563774	-0.0982398995	0.0728505963	0.0355742186	-0.0822016505	-0.0314412799	0.1588606285	0.1329604482	0.0768953547	-0.0251743409	-0.0334015604	0.0773132233	0.0216389442	0.0540497139	-0.1110580453	0.043205261	-0.0428812624	0.0755132223	-0.0864027592	0.0098394401	-0.0267402652	-0.0890100771	0.0051617286	0.0926669446	-0.0641614751	-0.0822662399	0.0276312629	0.0960704791	0.0077227395	0.0718636397	-0.079190964	-0.111337281	0.0877078282	0.0546534804	0.0968286787	-0.0142602903	-0.0461079703	-0.0249110403	-0.057014768	-0.0188494182	0.0199162383	0.0032357879	0.1639729338	-0.0955613349	0.0417853327	0.0266303944	0.0	0.1301665004988166	0.0010834048719203	1.173766116500813e-06	0.0169433178521084	0.0948898658317745	0.0096208848863029	0.0090040866375721	9.25614259954916e-05	0.0057276364009481	0.0035526824164975	1.2621552352490516e-05	3.28058187414657e-05	0.0009248119574348	-9.80249719991031e-09	9.608895135424948e-17	8.552771566143864e-07	0.0001948964177072	4.5727811599999627e-08	3.7984613635099386e-08	2.0910327537250602e-15	0.0019399104292998	9.999924949299997e-05	9.999849899163254e-09	3.763252473706134e-06	0.0	0.0	0.0	0.0	0.0
537.3133720009833	0.7302865637245759	288705.65973106713	0.533318465156649	714.6310603065887	0.8232220778415922	0.6776945894458285	510697.5523549192	529.0307578572466	0.5769107327139409	279873.5427590127	0.3328259935205361	572.0293080762945	495.5525165563303	1.00566	18.486069	0.0479787220199681	0.023346881407769	-0.0422151052	0.0360493774	0.1323455264	-0.1832017493	-0.0952348971	-0.1544017371	-0.0732977129	-0.0807608741	-0.0613703306	0.0229800947	-0.1274115825	0.0252794535	-0.1138455716	0.0738792364	0.1272173035	-0.00576619	-0.2043397251	-0.0574363033	0.1540570714	-0.0049481157	-0.1371389333	0.0045802299	0.1036285648	0.0700892025	0.0450904878	-0.0827931207	0.1663746177	-0.0722593686	-0.0185902054	0.0652124152	-0.049761543	-0.0194972513	0.0214680337	-0.1914929173	-0.0631125285	0.0934941654	-0.1073585446	0.0570490072	-0.084229551	0.003453187	0.0209933124	-0.080503	0.1112536456	-0.033397707	0.102205842	0.0319394957	-0.0275156821	-0.0886354726	-0.0556707122	0.1285664813	0.0357175484	-0.0001475129	0.0608667575	-0.0870114967	-0.0170305996	-0.1348832313	0.054474031	0.1574382952	0.1657743618	0.1482572261	-0.1424919789	0.1964188089	0.1133820871	-0.0032865529	0.1272222911	0.0906918044	0.1357810454	-0.004909697	-0.0198899121	-0.0889115719	0.0272942288	0.1311585922	0.1619961111	0.0682490125	-0.074451516	-0.1519292917	-0.0803522948	0.0943925496	-0.0221767803	-0.0108513812	0.1200093368	0.0423581619	0.024278371	0.0232803386	-0.0178399296	0.0709226699	0.019661512	-0.0162308543	-0.0999151261	0.1338175852	0.0643539911	0.0704551492	0.0919712313	-0.0769710834	-0.0458942225	-0.000588312	0.0190347818	-0.12371736	-0.0788193881	0.0165066745	-0.0407757778	0.0105715928	-0.1002677191	-0.0507708583	-0.1319984511	0.1492689271	0.0189884336	0.0486141778	0.0330244213	-0.1028639873	0.214130778	-0.0082461302	0.0159284958	0.0402543532	-0.0291581819	-0.1434635262	-0.0312277744	-0.207450265	-0.0965137369	0.0207732201	0.0451983961	-0.0969211244	0.0463035902	0.0194497534	0.0	0.1309702724669961	0.0008037719681795	6.460493768311752e-07	0.0171532122700792	0.0803583288524976	-0.0145315369792768	0.0064574610159661	0.00021116556698	0.0165812448916398	0.0108536084906917	0.0001178008172692	0.0002749376821565	0.0006212993393134	-0.0003035126181214	9.21199093589068e-08	3.860128690312674e-07	0.0001946440687947	-2.523489125000041e-07	3.7886313516955904e-08	6.36799736399347e-14	0.0020719415539023	0.0001320311246025	1.7432217863800964e-08	4.292941802787078e-06	0.0	0.0	0.0	0.0	0.0
536.759185693054	-0.5541863079293989	288110.4234258704	0.3071224638964185	713.2896216831406	-1.3414386234480844	1.7994575804782915	508782.0844008778	528.0363512097692	-0.9944066474773764	278822.38819892675	0.9888445805471948	571.6043214236278	499.3434386450622	1.155027	21.231745	0.0601142450014291	0.0370186811556212	-0.0857641565	-0.0909455131	0.0373669225	-0.1056008504	-0.0684315379	0.0062253298	-0.0630734543	0.0068028691	0.1789378166	0.0254275643	-0.2472570128	0.0712140517	-0.0016456439	0.064557585	-0.0544924788	-0.0690705439	-0.0039325705	0.0570857443	-0.0024810955	0.0233838477	0.0329812969	0.014119523	-0.0550260339	0.0374203012	-0.2007140374	-0.0123032474	0.169576078	0.0253196599	-0.0472673143	-0.1009782788	-0.0919498427	0.0597769989	0.1788271966	0.0262500554	-0.0475846151	9.41388e-05	-0.0277280001	-0.077693648	-0.103128034	0.0022302215	0.1278387823	0.3167315287	-0.0177998773	-0.0482315316	-0.0772999438	-0.1262285852	-0.0992783291	-0.0340324252	0.0127662057	0.0627118122	0.0222948109	-0.0224352755	-0.0446706417	-0.024735259	-0.0237940686	-0.0310219392	0.1028265413	0.1131909782	-0.0581484341	0.0302254619	-0.1266649597	-0.0635553312	0.010206274	0.0531995746	0.0264514645	0.0563039119	0.1829002073	-0.0830244994	0.2397549832	0.0374445788	-0.0519691974	0.1349780891	-0.0079425606	-0.0492434433	-0.171150688	-0.057543841	-0.0295383914	0.0399719495	0.043379305	-0.1341640764	-0.0554961397	-0.1380882739	-0.1290852453	0.0803557726	-0.1543269918	0.0315369949	0.0399505436	0.0380923817	0.0395733549	0.1360546936	-0.1414668694	0.0124015498	0.0640209756	-0.0810388168	-0.0084560072	0.0172878133	-0.0924732276	0.0554299138	-0.0748196784	-0.0244878875	-0.1164708725	0.1091313991	0.0107209833	0.0718172525	0.0618369533	0.1640143101	-0.082373925	0.1369913706	-0.0397039536	-0.0359803578	0.1572441347	-0.0337178425	0.0140468839	0.0294965567	-0.0783021596	-0.0114788609	0.0698572404	-0.0572235858	0.130853242	-0.0418149085	0.0662758111	-0.0982378286	0.0507395216	0.0121913197	0.0	0.1300383023002069	-0.0009319701667891	8.685683917850851e-07	0.0169099600651199	0.0758072143881349	-0.0045511144643627	0.0057467337532886	2.0712642867731475e-05	-0.0109831694893074	-0.0275644143809472	0.0007597969401645	0.0001206300120308	0.0009783165905698	0.0003570172512563	1.2746131769467545e-07	9.571033513841177e-07	0.0001949227078543	2.786390596000107e-07	3.799486203725279e-08	7.763972553477833e-14	0.0018879025244317	-0.0001840390294706	3.3870364368480463e-08	3.5641759417555856e-06	0.0	0.0	0.0	0.0	0.0
538.9903440360843	2.2311583430303017	290510.59096413647	4.978067551673721	719.0691418796262	5.779520196485578	33.40285370158469	517060.4308035019	528.5837562186587	0.5474050088894273	279400.7873382264	0.299652243757234	572.9941756850636	508.3560028457097	1.610697	29.607876	0.3541254092080693	0.191662893097402	-0.1284868443	0.2967059379	0.0375961124	-0.2615910507	0.034490627	-0.274756571	0.1960769907	-0.0847526776	-0.1085698679	0.0151915605	-0.1477360783	0.0157897524	0.0592172184	0.0010649907	-0.0771000073	-0.0471756184	0.0198228667	0.0633567872	0.0011198396	-0.1228752888	-0.0400145754	0.0006630181	0.1893477132	0.3196317948	0.222163212	-0.0969647114	-0.0776236353	0.0425992617	0.1609737329	0.0305587268	-0.0129521241	0.0193274111	0.0039338906	0.2832402893	-0.0045353976	-0.0804560612	-0.0332904055	0.0113892584	-0.0141694904	0.0879316487	0.0015673081	-0.0465489339	0.09983394	0.1004286744	0.0142982958	0.1027279035	0.0738597893	0.0552001459	-0.1004147006	-0.0548272704	0.03864575	0.0205505516	-0.0814868559	-0.0200557595	0.0058039374	-0.0557018565	0.0959278116	0.0430018712	-0.1103235152	0.1251867604	-0.0437156322	0.0319546639	0.3699601729	-0.1200839058	0.0020218265	0.100323865	0.1106500869	0.0541227838	-0.0366167487	-0.0102679146	0.0102121656	-0.1783134042	-0.0915793372	0.1399698064	0.0829871762	0.0755788458	0.1711911418	-0.0583939102	-0.0512185094	-0.1046680204	0.0462618662	0.028348471	-0.0493717598	0.0318252075	0.049315968	-0.0122743397	-0.0090190996	0.1462358726	0.1218394348	0.0976523936	0.0318251092	-0.072046515	0.0671845119	0.0854524657	-0.0025796069	-0.0651790913	-0.1515060938	-0.3797361732	-0.0475753247	0.0040260058	-0.0424691829	-0.0936858901	-0.0106495907	0.0158154118	0.0172797395	0.1468951862	-0.017469984	0.1002714551	0.038347259	0.0935629125	0.0645873773	-0.0489260966	0.1209985439	-0.1520419627	0.1069943174	0.4138400095	-0.1267486253	0.027007272	-0.0676039875	0.1264348669	-0.1457410214	-0.0995108621	0.05508524	0.0048841247	0.0	0.1542938379882485	0.0242555356880415	0.0005883310115138	0.0238065884411438	0.1900230658481092	0.1142158514599743	0.0361087655543148	0.0130452607247269	0.1113617662214068	0.1223449357107142	0.0149682832940587	0.0124014429759512	7.110004718151645e-05	-0.0009072165433882	8.230418565973853e-07	5.055216709213865e-09	-0.0005789253055956	-0.0007738480134499	3.351545094589589e-07	5.988407479203566e-07	0.0020730196945803	0.0001851171701486	3.4268366683825776e-08	4.297410654117801e-06	0.0	0.0	0.0	1.0	0.0
538.0008212201888	-0.9895228158954978	289444.8836335975	0.9791554031777552	715.287963847388	-3.781178032238131	14.297307311480225	511636.8712249423	529.6139223765742	1.0301661579155734	280490.9067751	1.061242312914534	572.7386484212556	500.9555894740128	1.519471	27.930971	0.349863551854989	0.2053816139306421	-0.1003490256	-0.0435805861	-0.0402632573	-0.0213782656	0.125924963	0.0130958541	0.0543526743	0.1228292851	0.0256542171	-0.0393293891	-0.2312532921	0.072463559	-0.0473304091	0.1727729408	-0.1441041436	0.2225653174	-0.021229268	-0.1531548883	0.0294296027	0.0718599684	-0.1157178513	0.020028225	-0.0994899636	-0.0441005528	0.2005322459	0.0300875037	0.0589827823	-0.0708875786	0.2044011939	-0.0865483141	-0.1143948218	-0.056305462	0.0312701841	-0.0793523013	-0.1666224162	-0.1246699976	0.0300228385	-0.0091814089	-0.0887551245	0.1805501993	0.0305200857	0.022486169	-0.0366385875	0.0125222845	-0.1311998149	0.0396190939	-0.0955305631	-0.0117821517	-0.0866878452	-0.0887897124	0.0792589567	0.0932671773	0.1563913958	0.0532513849	0.0511356482	0.0305925791	-0.0325911607	0.0333682593	-0.017667912	0.0091437889	0.0501697174	-0.1031771129	0.0427125709	0.0670568499	-0.1055731314	-0.0590404274	0.1932587024	0.040669689	0.1118180217	-0.1977380011	0.2112742344	0.0814421191	0.0373321556	0.0382786115	0.0260183216	0.1503305145	0.0777540915	-0.0761426628	-0.0047070489	-0.0590250178	0.0881049961	0.0264955586	0.0582553292	-0.048456382	-0.0204383933	0.1204534352	0.1287557213	0.0839712422	-0.0308346236	-0.0781054975	0.0795519357	-0.0909452314	-0.0189602165	-0.2120392802	-0.1416364922	0.0591371658	0.0371530869	0.0566604436	-0.1681738834	-0.0733833889	-0.0665748208	-0.0977588015	0.0173088341	-0.0307669243	0.140464055	0.1936147565	-0.1128693312	0.1248607392	0.1000770713	0.0088800214	-0.02840043	-0.0836672654	-0.0043491834	-0.0864122152	-0.1640071868	-0.0205707206	-0.0022744412	0.054801032	-0.046492376	-0.0345216696	0.0241270931	-0.100739659	0.0593330188	-0.0024426053	0.0	0.1349604492718441	-0.0193333887164043	0.0003737799192595	0.018214322867658	0.0259216735859695	-0.1641013922621397	0.0006719331614975	0.0269292669423726	0.0140304470360916	-0.0973313191853152	0.0094733856943537	0.0001968534440325	0.0006549994895836	0.000583899442402	3.409385588374641e-07	4.290243313547765e-07	1.108162635210519e-06	0.0005800334682308	1.2280244260767218e-12	3.364388242678627e-07	0.0018550035713906	-0.0002180161231897	4.7531029970666495e-08	3.441038249871881e-06	0.0	0.0	0.0	0.0	1.0
538.0657194972157	0.0648982770269412	289514.7184980564	0.0042117863610656	717.9430137324085	2.655049885020503	7.049289891947387	515442.17096717336	529.7071841187272	0.0932617421530039	280589.7009069912	0.0086977525494134	573.9225094724562	509.7874401326527	1.150221	21.143406	0.05323019863988	0.0326493777014899	-0.1029942418	0.1076954873	-0.0249436683	0.099343243	0.1882256848	-0.0349368324	0.1824135807	0.1581449093	-0.021222994	-0.0095874196	0.0187825103	0.0486219974	-0.0131959484	-0.1189835011	0.0861486171	0.0198884726	-0.0605268282	0.0705258537	-0.0697428445	0.1864129602	0.0576547329	0.0435242376	0.0860320944	-0.0548681694	0.069019687	-0.0146237521	-0.077397925	0.1250884096	-0.1299169545	-0.0257000483	-0.080501794	-0.131939939	-0.09842731	0.0861771672	0.0961574702	-0.0677032646	-0.1254580537	-0.0417522778	-0.2115966455	-0.0401967529	0.0238193741	-0.0752629685	0.1344156289	0.065189523	0.0633539539	-0.02495032	0.1162716543	-0.038556765	0.1039811037	-0.0763621355	0.0090044955	0.0613269921	0.0113296557	0.0489214334	0.0672365643	-0.1023512583	-0.0192825179	0.0477622832	-0.0932436923	-0.0343360265	-0.0932109378	-0.0602991802	0.0852846768	0.0109250036	-0.0526383039	-0.1742396926	-0.0365738323	0.0986661287	-0.0892326472	0.0013359963	0.0442714919	0.0173951038	-0.1621235257	0.0882278722	-0.2042557133	-0.1197010271	-0.0530691389	-0.0980503364	-0.0728273048	-0.1530218787	0.0604811628	-0.0109964327	0.0613567418	0.1141103534	-0.0192266247	-0.0051462991	-0.0335772852	-0.1003657377	-0.0587099404	-0.0264401396	0.1454884939	0.0148561117	-0.0405083687	-0.0794367834	-0.0105637826	-0.1057745909	-0.0160189104	-0.053585362	-0.0741460906	0.0833493126	-0.0389988257	-0.0345803623	0.0615206204	-0.1668734142	-0.1227735097	0.0818373405	0.0807256309	0.1632268724	-0.1552745543	0.079223357	-0.1037661854	0.0235361801	-0.0106513255	-0.1841589512	0.0687724699	-0.0598847948	0.0787789123	0.0690024261	-0.1046245889	-0.0109566752	-0.0559248823	-0.1019236731	0.0634753057	-0.0097595656	0.0	0.143762605849858	0.0088021565780138	7.747796042387323e-05	0.0206676868407416	0.0571225791191949	0.0312009055332253	0.0032629890452286	0.0009734965060932	0.0070786710705874	-0.0069517759655041	4.832718907456185e-05	5.010758412557097e-05	0.0007010670344657	4.6067544882100056e-05	2.122218691464303e-09	4.91494986814531e-07	-7.135281582582031e-05	-7.246097846103083e-05	5.0912243262734345e-09	5.250593399529974e-09	0.001848024883471	-6.9786879196001225e-06	4.8702085079172686e-11	3.4151959699280025e-06	0.0	0.0	0.0	0.0	0.0
536.1648021237025	-1.9009173735131528	287472.6950363491	3.613486860924143	714.2953542557555	-3.647659476653075	13.305419657616987	510217.8531113552	529.137211665054	-0.5699724536732447	279986.18876866816	0.324868597946299	571.8385522853279	492.99530574156455	1.156493	21.258686	0.1007887833374453	0.0722285398783877	-0.0039634873	-0.0544610661	0.0211486637	-0.0383673477	0.1034798597	0.0207916743	-0.0480814201	-0.0145869843	0.0505660047	0.0974772927	-0.0469169241	0.0419817798	0.0166416132	-0.06219982	-0.0279918554	0.1407284703	-0.0815927065	0.1565548183	-0.0431701336	0.0550229509	0.0372984138	-0.1075716953	0.0429440916	-0.0706804257	0.0134807843	-0.0927976831	0.1364399527	-0.0227207134	0.0681013557	-0.0720281308	-0.012737583	-0.1737281506	-0.0256733885	0.0266088535	0.0840325228	0.0466068096	0.0222649805	0.0931688432	0.0325191285	0.1143857505	-0.1289023352	-0.0786028478	-0.0388309457	-0.0510522253	-0.0422928364	0.1218247298	-0.1049577081	-0.1136270675	0.0121840211	-0.1261286155	0.0430719803	-0.0261896572	-0.0528944886	-0.0410972499	0.0090176648	-0.1330388632	0.0278030162	0.1209325039	-0.0134619045	-0.0443127773	0.0284455554	-0.0156347407	-0.0547888969	-0.0304689106	0.107175962	-0.0037119377	0.0852679624	-0.0741422623	0.0769382534	-0.0978777521	0.1534182353	-0.1402509544	-0.0192672635	-0.0626424973	-0.0403575869	-0.0333901837	-0.0172706976	0.0306790917	-0.0704922274	0.0893385055	-0.0021505908	0.106398374	0.0893580853	0.1806832523	0.0561758006	-0.0120048148	-0.0162513844	0.0409951204	-0.0213107873	-0.0527058316	0.0094438327	-0.0635899715	-0.0061343257	0.055407877	-0.0299496148	-0.1081065066	0.0282250127	0.0035286526	0.0184507793	0.0218369945	-0.0469856217	0.1235775691	-0.0888736164	0.0025117325	0.032318981	0.0838261275	0.0233185749	-0.011048572	0.0850398796	-0.0686932825	-0.1336856497	0.03776234	-0.0521980603	-0.1402313739	-0.0565065079	-0.0600450546	-0.059994728	0.1431777479	-0.0237508673	-0.0867397236	0.0404915863	-0.103062378	0.0675047358	-0.0170374908	0.0	0.1438269890465164	6.438319665838521e-05	4.1451960119523046e-09	0.0206862027781867	0.1227866905021954	0.0656641113830005	0.0150765713644819	0.004311775523719	-0.0026410963497767	-0.0097197674203641	9.44738787059714e-05	6.97538992880381e-06	0.0004089850768413	-0.0002920819576244	8.531186996970182e-08	1.6726879307888405e-07	1.5403803219626866e-05	8.675661904544718e-05	2.37277153628987e-10	7.526710948196849e-09	0.0019759967335496	0.0001279718500785	1.637679441253965e-08	3.904563090998688e-06	0.0	0.0	0.0	0.0	0.0
537.060097885057	0.8952957613544186	288433.548740307	0.8015545002991881	713.9741040992077	-0.3212501565477623	0.1032016630819618	509759.0213242663	528.6898066748871	-0.4474049901668877	279512.9116819295	0.2001712252262329	572.2022595638108	494.6982834063651	1.023046	18.805672	0.1033140186821299	0.072861101061544	-0.0149253935	-0.0882343009	-0.0383718589	-0.0868281884	0.1019035448	0.0059252595	-0.0915977218	0.083754507	-0.008248435	-0.0511715184	-0.0933505585	0.0426396834	-0.0053173397	0.0242466388	0.1209331641	-0.1024210228	-0.0228434113	-0.039777138	-0.0421748024	0.091197426	-0.0105305655	0.0636554696	-0.0608119637	0.0320265046	-0.0789859673	-0.0507273395	0.0829856715	-0.104455183	-0.0032360894	-0.0506582006	-0.0516149432	-0.0113939491	0.0065341757	0.020022184	-0.1476363014	0.0290527817	0.001499142	0.0378817207	0.014228295	-0.0525900655	0.10012893	0.0387347063	0.1002302004	0.0938057521	-0.0600582103	-0.0460895943	0.0405705723	-0.0619219994	0.0041535763	-0.0281686157	0.0694640812	-0.0853482038	0.0254172964	0.0077985667	-0.2296415295	0.0233021144	-0.1920304515	0.0562427753	-0.0945309217	-0.0021568223	-0.007696442	-0.0017111919	-0.004794355	0.1048286615	0.0325692309	0.0233103344	0.059845488	0.1064137648	-0.0194554438	-0.0004938472	0.0713366641	0.1384604061	-0.0274797244	-0.0048554962	-0.0944909505	-0.0999500712	-0.1576182872	-0.0386335437	-0.0150248904	-0.0387243442	-0.0247421769	-0.0137774682	-0.1285265581	0.0626910959	-0.076533905	0.0173121952	0.0370562025	-0.0438681119	0.1021574534	0.0318275628	0.120104035	-0.1779774786	-0.0442730482	-0.0243976947	-0.0094903879	-0.1054887444	0.0696053579	0.0195374284	-0.0760860288	0.0107340035	0.0674619776	-0.0028288525	-0.03062034	0.0246665147	-0.1198590747	0.0769394495	0.0321549935	0.0863272007	-0.0632033284	0.0569777167	0.1168361689	-0.081539788	-0.1040004923	-0.036332175	-0.0692816329	-0.1191414824	0.0850456302	-0.0241571705	-0.0172551154	-0.0067206942	-0.0405565196	-0.1041552675	0.071414145	-0.0242472716	0.0	0.1437652633034645	-6.17257430518825e-05	3.81006735530702e-09	0.0206684509327144	0.0589810489524182	-0.0638056415497771	0.0034787641355275	0.0040711598935786	-0.0249498833947541	-0.0223087870449774	0.0004976819794181	0.0006224966814118	0.0007019362572066	0.0002929511803653	8.582039407742255e-08	4.927145091812101e-07	6.519366802759663e-05	4.978986480796976e-05	4.2502143508924754e-09	2.479030637595906e-09	0.0019759804918364	-1.624171319962106e-08	2.63793247658745e-16	3.904498904118022e-06	0.0	0.0	0.0	0.0	0.0
537.9530238902996	0.8929260052426571	289393.45591271727	0.7973168508386097	716.4542676272276	2.4801635280199434	6.151211125720333	513306.7176012671	530.0137598236646	1.3239531487774912	280914.58560241724	1.7528519401578335	573.2321510870597	500.8827829837119	0.97881	17.992514	0.0617194413485291	0.0427129097818727	-0.0591360484	-0.0352431652	-0.0880846062	-0.0141973172	0.0332813943	-0.0588972793	-0.0435964526	-0.0047616223	0.1706549954	0.0245997634	-0.1072372049	-0.0997096427	0.0188784308	-0.0341104322	0.0275050338	-0.0829144855	-0.0374746272	0.0065262681	-0.0800898749	-0.0247415506	-0.070552507	0.0704321278	-0.0623856871	-0.0913825694	0.0853046027	0.0203311293	-0.058942612	-0.0219089044	0.0137729252	-0.0649554543	-0.1423836092	0.1452677714	-4.36655e-05	0.0700770146	0.1695061657	0.1055616226	-0.0105015264	0.0487182605	0.0575206462	-0.1029384007	-0.0474369191	-0.0835472284	0.0348938675	0.1541962211	-0.0179713069	0.0423827625	-0.0849355356	-0.049940157	-0.0170810396	-0.0563252645	0.0260652817	0.0612530316	0.1562230706	-0.0819233638	0.275889899	-0.0795102206	0.0686636779	-0.0622056082	0.03581697	0.0649062721	-0.0833669665	-0.0717484993	0.0123399504	0.0914340631	-0.0600766109	0.0156803492	0.021892406	-0.1515296788	-0.0330345382	0.0467081797	0.0450836965	0.0486150232	-0.0157453458	-0.0175409926	-0.024039449	0.057787316	0.0263964831	0.0784251313	0.0829095974	-0.0749860755	-0.1040081121	-0.0193316591	0.0837801406	0.1393499508	-0.052519782	-0.0671268118	-0.1589067994	-0.0203428263	-0.0120651269	0.0454129644	0.0954719181	0.0964600019	-0.0341110691	0.0487160407	-0.0415569572	0.0210482423	-0.0018098883	0.0392807586	-0.0272430305	0.0568729995	-0.0916634906	0.047622614	0.0387138868	0.1119257381	0.0470833339	0.0682366393	-0.030087106	0.0700590765	-0.0126936526	0.0011082281	-0.0165538419	-0.0405064285	-0.0313087134	-0.0120971787	-0.0887291963	0.1313689585	-0.0115104098	0.0581584836	0.0286746721	-0.0587859728	-0.0654287397	-0.1052018558	0.0751965824	-0.0313600711	0.0	0.1438208620652261	5.559876176158829e-05	3.091222309421852e-09	0.0206844403651847	0.0973786518771362	0.0383976029247179	0.0094826018414084	0.0014743759103643	-0.0318114835425973	-0.0068616001478432	4.708155658888185e-05	0.0010119704851809	0.0005110716011281	-0.0001908646560785	3.64293169399641e-08	2.611941814796397e-07	-7.199501323063018e-05	-0.0001371886812582	5.183281930078614e-09	1.882073426537135e-08	0.0019760199447838	3.9452947399928197e-08	1.5565350585415005e-15	3.904654822183372e-06	0.0	0.0	0.0	0.0	0.0
537.8548697600957	-0.0981541302039659	289287.86092464946	0.009634233276097	717.4210497417251	0.9667821144975052	0.9346676569122668	514692.96261251887	530.2101427323979	0.1963829087333124	281122.79545630974	0.0385662468425565	574.2023425950816	505.6594983888591	0.996572	18.319027	0.0483257636984144	0.0259652949669062	-0.0779004772	0.0797416574	-0.0640006694	0.1016134171	-0.0183930756	0.0099901166	0.0491336772	0.0740936856	0.0346649132	-0.1177199698	0.1133003304	0.0851730005	-0.012923356	0.0274158776	0.0485760987	-0.0269369613	0.0537373026	0.0594997173	0.0102413771	0.032172393	-0.0704631465	0.1232852816	0.0940392097	-0.0482646639	0.0434595623	0.122005127	-0.0825897156	-0.0444727522	0.0077001776	0.1609221891	-0.0420359189	-0.020370933	-0.0085897522	-0.0287241298	0.0190836247	0.2433605239	0.0473340822	0.0454736184	-0.021088546	-0.1302748686	-0.0702720798	-0.0275843995	0.0217888621	0.0830148554	-0.0649540225	-0.0316262681	0.0297056975	0.048290845	-0.0707704216	0.0183144993	0.0667143094	-0.0299711169	-0.0675118629	-0.0250254565	-0.0781251376	-0.0016884749	-0.0165972289	0.0099393314	0.0290433912	-0.0522473895	-0.0355719078	-0.0701739481	0.0387930117	0.0392160554	-0.0797174413	-0.0877265104	-0.1689364478	0.0675070617	0.0307159614	-0.0654690502	-0.0016653068	0.041521676	0.0944552317	-0.0139588744	-0.01800628	0.0642375158	-0.0731401238	0.1057506796	-0.0420206898	-0.100070754	-0.0674027959	0.0192439188	0.0727500081	0.0988854649	0.0323074435	0.0527735461	-0.0029526722	-0.0636622693	-0.0412041608	-0.067186136	-0.0455472352	0.0059353823	0.0486871543	-0.0459320707	0.1217892042	0.0045249705	0.0855594925	-0.0080637767	-0.0501369711	-0.0128925346	0.0399417215	-0.0529141604	0.0951389546	-0.0770437701	-0.0015186451	-0.0022951716	0.1505941973	-0.0293681989	-0.1225576126	-0.0284744577	0.0112582223	-0.0010892452	-0.0372612338	0.0370668296	-0.2081073445	-0.0841672612	0.1255115502	0.0479296942	-0.1302792182	-0.0642126357	-0.0551551285	-0.1062016776	0.0788453231	-0.0383474405	0.0	0.1537351248702663	0.0099142628050402	9.829260696740372e-05	0.0236344886188763	0.0979432332916303	0.0005645814144941	0.0095928769476187	3.1875217359215905e-07	-0.0164619187402337	0.0153495648023636	0.0002356091396219	0.00027099476861	0.0002438915826964	-0.0002671800184316	7.138516224916355e-08	5.948310411015492e-08	0.0001107411424827	0.0001827361557133	1.2263600638373665e-08	3.339250260488645e-08	0.0019759890253985	-3.091938529991775e-08	9.560083873247702e-16	3.904532628495314e-06	0.0	0.0	0.0	0.0	0.0
535.816699448419	-2.0381703116767085	287099.5354077973	4.154138219400331	714.8267679577468	-2.594281783978317	6.730297974681721	510977.3081889184	529.4880939553851	-0.7220487770127875	280357.64164050674	0.521354436385662	572.7033430803721	493.7408877303359	1.052306	19.343521	0.0355854570106844	0.0173300795686789	0.0049184695	0.0070079226	0.0519380928	0.0472130332	-0.1336675782	0.0521785276	-0.0095923143	-0.0504625958	0.0871891356	0.1261770902	0.0398485548	0.0563984909	-0.0843976344	-0.0689695509	0.0816158822	0.0753959074	0.0554866316	0.0240136555	-0.0195923866	0.0971623788	0.0110890528	-0.0127208361	-0.0237659026	-0.1591377519	0.0076110598	0.0445682061	-0.0345025918	-0.0881377135	-0.0093343644	-0.037033953	-0.0394633337	-0.0277943333	0.1398819398	0.0929837823	0.0781186864	-0.0601382853	-0.020370674	0.0288579434	0.1346174632	0.0019179403	0.119619817	0.0232244969	-0.0418501468	-0.06943461	-0.0042868685	-0.0042004257	0.0058822128	0.0862249215	-0.1641397568	-0.00380665	-0.0961739143	0.0190682598	-0.0328613217	0.0550527667	0.0375155465	-0.0132478096	-0.0586183735	0.0188963865	-0.0731269838	-0.0193898548	-0.0868868502	-0.1273109314	-0.0702394558	-0.0522623867	0.0355857808	-0.0505490166	-0.1265435957	-0.1601656284	-0.0063049951	-0.0513860576	0.0433342044	0.0178012503	0.0719322871	-0.054596699	-0.047201321	0.0902391992	-0.0496036703	0.0006752149	-0.0046245827	-0.0366927027	-0.0310063295	-0.1234418743	0.0320291272	0.0787235236	-0.08376333	-0.0037485326	0.150851148	-0.1205857898	0.0660485287	0.101615186	-0.0889953761	-0.1555577793	0.0365917482	0.0309135553	-0.1035881587	0.0308352961	-0.0308648463	0.0358804734	0.0356870442	0.0632005676	-0.0547740337	0.1104003834	-0.058634167	-0.0758973087	-0.0036917292	-0.0310911568	-0.0374190346	0.0204309119	-0.0630403883	-0.0667328951	-0.1175001009	0.0938270822	0.0121480264	0.0316681679	-0.2143526791	0.0009769736	-0.0393522561	0.0474646119	-0.0250981092	-0.0767148973	-0.0453112212	-0.1071542885	0.0823538796	-0.0451814325	0.0	0.1586731812692789	0.0049380563990125	2.4384400999829254e-05	0.0251771784541134	0.1060741867690922	0.0081309534774619	0.0112517330987242	6.611240445264976e-05	-0.0190851870041086	-0.0026232682638748	6.881536384253227e-06	0.0003642443629817	0.0003017017418671	5.781015917070002e-05	3.342014503341672e-09	9.102394104564224e-08	0.0002778242299177	0.000167083087435	7.718630272936302e-08	2.7916758106811854e-08	0.0021489593561995	0.000172970330801	2.9918735337407385e-08	4.618026314597371e-06	0.0	0.0	0.0	0.0	0.0
535.7698962639878	-0.0468031844311553	287049.3817427242	0.0021905380728967	714.6742740485907	-0.1524939091560782	0.0232543923297022	510759.3179868802	528.9637331348256	-0.5243608205595365	279802.630971931	0.2749542701378704	572.2402944196396	487.055955329057	1.005521	18.483513	0.0595994016314983	0.0326809314698137	0.0637117047	0.0312874613	-0.0537502714	-0.1022747016	-0.1718712416	-0.050553034	-0.137071216	-0.114621224	-0.0550095903	-0.0712757212	0.0236864932	0.0688369413	-0.0093382203	0.0002881691	0.0188044907	-0.0097637606	0.0477355063	-0.018645977	-0.0676662241	0.0934566804	-0.0276687967	0.0355912596	-0.0023527423	0.0267014042	-0.1466656724	-0.0091003734	0.0402809122	-0.0736476445	-0.0111848811	0.0429423486	0.0148207968	0.0444629418	-0.0867566944	-0.0365989574	-0.0921641922	-0.0467014342	0.0403303508	0.0135562433	0.0045450107	-0.0334374033	0.0814445039	0.0874383169	0.0367644536	-0.0192337623	0.0529198691	-0.0027931838	-0.0470574701	-0.1941228259	-0.0811043167	0.0319215603	0.0149213817	-0.0777205756	-0.0899250749	0.0530624805	0.09413209	-0.0487781571	0.0387386664	-0.0788062278	-0.0995433868	-0.0060787369	0.0212986335	-0.1167334171	-0.0152173087	0.0424185536	0.0795432506	0.141235452	-0.0807786078	0.0856125677	0.0440194643	-0.0072281187	-0.0593592374	0.0580153366	0.1383120858	0.0289997706	-0.0005460948	-0.0103006882	-0.1180851417	-0.0280765779	0.046848092	-0.0383891806	0.02612385	-0.0352790475	-0.0262128825	0.0604017974	-0.0539703161	-0.0143140267	0.0375287874	-0.0050068667	0.2183942559	0.0125925398	-0.0673472644	-0.0209557957	-0.0381717587	-0.0336690045	-0.0047240594	0.0370924097	0.0305134708	-0.0271538429	-0.0093485812	-0.0198271967	0.1302824435	-0.0072270494	-0.0433831129	0.0400701175	-0.0491752086	0.0269624884	0.0234441951	-0.0603121847	-0.0621482679	-0.119918258	0.101169576	0.0711827355	-0.0831736046	0.0350676387	-0.0728619418	0.0315789104	0.0625030077	-0.0247767015	0.0357113473	-0.0107870887	-0.0172126199	-0.1080592651	0.085716014	-0.0518347133	0.0	0.1628880406146606	0.0042148593453817	1.7765039301351544e-05	0.0265325137752833	0.1306077576260804	0.0245335708569882	0.0170583863521129	0.0006018960989948	0.0013892286904848	0.0204744156945934	0.000419201698035	1.929956354466112e-06	0.0003472860272604	4.5584285393299965e-05	2.07792707481782e-09	1.206075847303113e-07	0.0001928868605727	-8.493736934499997e-05	3.7205340981592215e-08	7.2143567112489405e-09	0.0022259688161519	7.70094599523998e-05	5.930456922160268e-09	4.954937170480691e-06	0.0	0.0	0.0	0.0	0.0
535.9906643994277	0.2207681354399255	287285.99232334	0.0487385696256213	715.9749074625721	1.300633413981359	1.6916472775648048	512620.0681160387	529.5457515131476	0.5820183783220045	280418.70294562425	0.338745392704576	572.3395389631778	481.9093686333737	0.984027	18.088421	0.0633791918533552	0.0422679147739609	0.086602841	0.0398414362	-0.0407472408	-0.0211134524	-0.0812633469	0.0015408261	0.0158735695	-0.1618393213	0.1357347191	0.01046904	0.0058003194	-0.0858738134	0.0042245181	-0.0369198457	-0.1195132461	-0.0597067921	0.0126381057	-0.025210545	0.0286084867	0.0934536329	-0.0622169553	0.0248095614	-0.0145366852	0.0969274577	0.0672135725	-0.0255693222	-0.0757796802	0.0609606	-0.0091942376	0.0024329646	0.0241689121	-0.1108776484	0.1900567337	-0.1200377007	0.0341637057	0.0122631015	-0.1756735863	-0.0324907311	-0.0151641859	-0.0467780057	-0.0314572651	0.0004702308	0.0081842283	-0.0236936003	-0.1308899749	0.0002729505	-0.1441357445	0.0317507353	0.1904004325	0.0629398716	0.150026441	-0.0526452825	-0.0338784738	0.1706257119	0.0083391668	0.0093047601	-0.0580532447	-0.0446648951	0.0822342016	-0.0578955578	-0.1211536318	0.1095680028	-0.0051702475	-0.0222247141	-0.0659246002	0.1410066287	-0.0209261914	-0.172170865	0.0042579625	-0.0182794781	-0.0846336668	0.0178342943	-0.0128467938	0.0594376019	0.0015096706	0.1126861428	0.0908762443	0.0323873231	0.1006689231	-0.0300780921	0.0924225324	0.0339733837	-0.0271314651	-0.0002529309	-0.0463172924	0.0718720767	-0.0852804144	-0.1699890909	-0.1511032271	-0.1184043686	-0.085756833	0.0042295609	-0.0573564334	0.0672427494	-0.1073766013	0.0471750769	-0.1431666168	0.0218546839	0.024860884	0.1222417711	-0.0227417003	0.0012269519	0.0409264693	0.068076459	0.0358187544	0.0511641514	-0.103807821	-0.0028147837	0.0257154549	-0.1027413087	0.037945721	-0.0226581635	0.02787967	-0.0637751151	-0.0722973622	0.0791959576	-7.022e-06	-0.0183199092	0.1192945277	-0.0178935192	-0.1150932037	-0.1089162049	0.0889257484	-0.0582806721	0.0	0.1615302780664507	-0.0013577625482099	1.8435191373214584e-06	0.0260920307322248	0.092614855489117	-0.0379929021369633	0.00857751145727	0.0014434606127888	0.0066036834037817	0.0052144547132969	2.7190537957024256e-05	4.3608634497381854e-05	0.0003606253648141	1.3339337553700014e-05	1.7793792637155148e-10	1.300506537473027e-07	-0.0001151089681308	-0.0003079958287035	1.3250074544137529e-08	9.486143049875573e-08	0.0021710225333114	-5.494628284049988e-05	3.0190939979882118e-09	4.7133388401458495e-06	0.0	0.0	0.0	0.0	0.0
536.3977985160378	0.4071341166101092	287722.5982528519	0.165758188907894	714.9768400621249	-0.998067400447212	0.9961385358354556	511191.8818252213	528.6870076232161	-0.8587438899314748	279509.9520295905	0.7374410684946409	571.8415042159677	485.8843181538004	0.946809	17.404282	0.0630144589551924	0.0348672275812758	0.0771040451	0.077672487	0.0056968407	0.0482461766	0.0070094426	0.0107963265	0.043100709	-0.0352879295	-0.0413785923	-0.0421244981	-0.0626475795	0.0934941077	-0.0154417041	0.0232858692	-0.021638356	-0.0422656089	0.0448641654	0.1382457706	0.0226019829	0.079205696	-0.0672684555	-0.027620979	0.0296464882	0.0317362086	-0.0869031573	0.1026148229	-0.0724571174	-0.0761243982	0.0063484348	-0.1105614988	0.0438692841	0.0137018129	-0.1377067858	-0.1447993585	0.000159297	-0.0275455275	0.0187205539	-0.175877871	-0.033662167	0.0012796519	0.0898248516	-0.093055817	0.0159756899	0.0683595244	-0.0218718863	0.1627510004	0.1465778533	-0.0165857165	-0.0122376339	0.1058027502	-0.0295088028	-0.1505739056	0.0080951139	0.0311575335	-0.0478281937	0.119902247	-0.1010053877	0.0475951451	-0.0355427599	0.0066989484	-0.1125748422	-0.0535248387	-0.0025456213	-0.0701497039	-0.04481787	0.0108855065	-0.0456609604	0.1019087323	0.0881420149	-0.0328930371	0.0264651502	0.0769204531	-0.0725367209	0.0926720523	-0.0097186789	0.0801759529	-0.1005477128	0.0537967088	0.0489243385	0.0008342284	0.0258975852	-0.0771739944	-0.0385362804	-0.0203230376	0.1925937746	-0.0429938548	0.0848501406	-0.0350107818	-0.0385455592	-0.0084037689	-0.0994468499	0.0601481116	-0.0615693054	0.0709921917	0.0437650692	0.0077495917	-0.0242079611	-0.0102820559	0.0077313474	-0.0003125169	0.0771937119	-0.0782501732	0.0273964937	-0.1199634513	0.0357684709	-0.0174347271	-0.026198293	-0.0153298364	-0.0923734097	-0.1389448163	-0.0180322167	-0.0864800286	0.0421731316	0.0077303786	-0.0597956226	-0.0699999075	0.160210028	-0.0295927048	0.0220080054	-0.1021384744	0.0045941104	-0.1097247271	0.091977376	-0.064493527	0.0	0.165589110225369	0.0040588321589183	1.647411849426945e-05	0.0274197534252294	0.1142839724057722	0.0216691169166552	0.0130608263488433	0.0004695506279476	0.0065539340636178	-4.9749340163899626e-05	2.4749968467433966e-09	4.295405171024973e-05	0.0002437604860817	-0.0001168648787324	1.3657399881138556e-08	5.9419174574786665e-08	0.0001928039495899	0.0003079129177207	3.71733629774647e-08	9.481036489927461e-08	0.0024909799476474	0.000319957414336	1.0237274698857881e-07	6.204981099581444e-06	0.0	0.0	0.0	0.0	0.0
535.8082512553515	-0.589547260686345	287090.4821133179	0.3475659725827732	714.5434444651884	-0.4333955969365206	0.187831743443963	510572.3340281757	529.1851293879783	0.4981217647622316	280036.9011653714	0.2481252925298399	572.0130129301374	483.21293715794656	0.968383	17.800848	0.048361309190549	0.0245937734289563	0.0826561406	-0.0507497128	0.0283120292	-0.0587178668	-0.0573032226	0.0393159516	-0.0442291332	0.0069468173	-0.0172787062	0.1073406862	-0.01572682	0.0276472447	0.0132214432	-0.124686999	-0.1174638093	0.0028889186	-0.0641963577	0.0510694247	0.1015800206	-0.053559406	0.1102714285	-0.067980522	-0.0210297962	-0.0383333216	-0.0440557683	-0.0936451995	-0.0396713272	0.0738377468	0.0153618232	-0.0791052645	0.0422523033	0.1025741769	0.005646583	0.0632049957	-0.0421506109	-0.1005088332	-0.0280882542	-0.0300515922	-0.0515288275	0.024571236	-0.0360018704	0.0174981573	0.0232291743	-0.0293256364	0.0007887611	-0.1785159012	-0.168632198	0.0274730807	-0.0886944601	0.0246260829	0.0084020813	0.1020706802	0.1259552608	-0.1021777894	-0.0219082213	-0.1118938262	-0.0915151808	-0.1822039924	7.43648e-05	0.1193599541	0.0280586724	-0.0309292687	-0.0608560121	-0.0333639799	0.0997363572	0.0193356241	1.37952e-05	-0.0677033411	-0.0127819265	-0.043260506	-0.0319847846	-0.0748249342	-0.1664956231	-0.079059772	0.0113944263	0.0218782737	0.0378372155	-0.033796896	0.004564014	-0.124268386	0.1424859199	-0.0322106138	-0.0484207816	0.0369738074	-0.1718437422	-0.0151268625	0.0219145327	-0.0766466178	-0.0500262088	0.0837133606	-0.0469961122	0.1000208293	-0.0263035051	-0.0750047927	-0.0621141278	0.1112101491	0.0354383303	0.033986541	0.0447136092	0.0579554915	0.0145107142	0.0702757894	-0.0755207593	0.0011161352	-0.000525191	0.0023284499	-0.0782990751	-0.0210823135	0.0223079891	-0.1155861514	-0.1084728271	0.0494861744	-0.1207432218	-0.1226973231	0.0303583873	-0.0116599636	0.0117152035	-0.1557835655	0.0769465797	-0.1362242534	-0.0687794272	-0.1104844722	0.0948654713	-0.0704484286	0.0	0.1693883100712412	0.0037991998458721	1.4433919468875204e-05	0.0286923995887909	0.118448775110366	0.0041648027045937	0.014030112325146	1.734558156819179e-05	-0.0092794246983203	-0.0158333587619381	0.0002506952496842	8.610772273179681e-05	0.0004777848783984	0.0002340243923167	5.4767416199200725e-08	2.282783900261739e-07	0.0001930335065687	2.2955697879999625e-07	3.726193465820834e-08	5.2696406515781925e-14	0.00223395493938	-0.0002570250082674	6.606185487485722e-08	4.990554671180298e-06	0.0	0.0	0.0	0.0	0.0
535.904399454929	0.0961481995775557	287193.52535514813	0.0092444762820054	715.4935618271877	0.9501173619993324	0.9027230015725703	511931.03701615566	528.7114833293517	-0.4736460586266275	279535.83260432334	0.2243405888525387	571.6127350174829	483.0816896012778	0.971266	17.853836	0.0449975401916656	0.0282352283778159	0.0843131467	0.0662132574	-0.0650177249	-0.058336137	-0.0131396978	-0.0265534993	0.0114673585	-0.1282235898	0.0076053012	-0.0883079935	-0.0212852115	0.0435081195	0.003199138	0.0810091962	0.0947015844	-0.020911093	0.0085805291	-0.0467956866	0.025945444	0.0437393833	-0.0749299364	-0.0195583403	-0.0416963604	0.1819126868	-0.0239741561	0.0673826919	0.0240772809	0.0004023963	-0.1347561902	0.1563399482	0.0327462416	0.0332981526	0.0971897525	-0.0574563393	-0.0592404648	0.1054486401	0.0582177012	-0.0532464834	-0.1236725827	-0.0076207817	-0.0073283563	-0.0597269088	-0.0717413144	-0.068053246	-0.009069024	0.0420354378	-0.0528179796	-0.0638584984	-0.1190578918	0.0203559029	0.0721100188	-0.0022636142	0.0281034069	0.1111095506	-0.0232781072	-0.0178712779	-0.1040635731	-0.1018383156	0.0563666465	0.002593723	0.0019929572	-0.0102116561	0.0262803528	-0.0292807138	-0.0462300242	0.1639214006	0.0180553438	0.0553195165	0.0598503939	-0.020163778	-0.108501465	0.0528432449	0.0339083244	0.0171557027	-0.053513586	-0.0399632239	0.0754619905	-0.0032576142	-0.0481572941	-0.0584754193	0.0820243176	-0.0979739098	-0.0289197444	-0.0796786461	0.0671648441	0.0506916501	0.0668131748	0.0856050633	-0.1156823449	-0.0336222796	-0.0138825861	0.0831161277	-0.0732877248	-0.0001135355	0.0594199591	0.042138152	0.1905350753	-0.0313030992	-0.0408828959	0.030293113	0.1215017936	-0.1039625251	0.0440874433	-0.0171108862	0.0224335866	0.0778775029	-0.0239340495	-0.0618982613	-0.0314435287	-0.1006288646	-0.0135038325	0.0713572123	-0.0486622854	-0.0203264933	-0.0045607649	-0.0811924413	-0.0235547944	-0.0147995714	0.2160695281	0.1145644785	-0.090315185	-0.1111951025	0.0975848992	-0.0761215592	0.0	0.1637482394662726	-0.0056400706049686	3.181039642903087e-05	0.0268134859283037	0.1118299538855751	-0.0066188212247909	0.0125059385860498	4.3808794405742575e-05	0.0167022026784309	0.0259816273767512	0.0006750449611443	0.0002789635743113	0.0005972866031837	0.0001195017247852	1.4280662226661577e-08	3.567512863427227e-07	0.0001936636744874	6.301679186999942e-07	3.750561881596162e-08	3.971116057586825e-13	0.0022189464123809	-1.500852699909969e-05	2.2525588268270436e-10	4.923723181018067e-06	0.0	0.0	0.0	0.0	0.0
535.624776082813	-0.2796233721160206	286893.9007537636	0.0781892302335345	712.6778146222389	-2.8157472049488206	7.928432322177096	507909.6674547303	528.5619463774324	-0.1495369519193445	279377.7311582997	0.0223612999893283	570.9016575743836	478.68808694776897	1.09346	20.100018	0.0748041648769392	0.0552252840670158	0.1245657661	0.0093519998	0.0900940837	0.1097425015	0.014474216	0.1482928976	0.0842254867	-0.0594173739	0.0070548961	0.1160556411	-0.0847461224	0.0093845044	-0.0540082811	-0.0685058109	0.0473565741	-0.0370906455	0.01570864	0.070304244	0.0461684692	-0.0396866999	0.0751889233	-0.2201848415	-0.0357097128	0.0454004969	0.0346858015	-0.0517999647	-0.0200478278	0.0501262388	-0.0277442694	-0.0986126174	0.0127400759	0.061822342	0.0478034625	-0.0479775992	-0.1156730044	-0.0155006393	0.0762683555	-0.0992054723	0.029648384	0.0702747582	0.0309570642	-0.0300466179	0.0519245425	-0.0313474702	0.0401794172	-0.0054033947	-0.0163255427	-0.0498375372	-0.0176402384	-0.0091056791	-0.1231803832	-0.0515095805	-0.0287648744	-0.0741530011	-0.0530204453	-0.0811633694	-0.002957524	0.0032953826	0.0943075926	0.0221503241	-0.0355062817	0.0003424995	-0.1173183538	-0.1645739042	-0.0139648093	-0.001150072	0.0624211388	-0.0081923154	-0.036070389	-0.0520852738	0.045380378	-0.0473435093	-0.0557503421	0.0910548266	-0.0690627371	-0.0054080327	-0.0731110125	-0.0179309878	0.0783563274	0.0151382084	-0.0746682072	-0.0053008442	-0.0731949504	-0.151807316	-0.0414098869	0.0191477536	-0.0136373758	0.1634208263	0.0722256038	0.0284305234	-0.1774195075	-0.0987695112	0.0072204273	-0.0584569671	0.0172882318	-0.0155393471	0.0253436321	0.0779977458	0.0853108529	0.1059287347	-0.0164948023	0.0558094986	0.036055748	-0.1196529668	0.0700490763	-0.0443379534	0.0049439622	-0.0118299951	0.103813511	0.0035540027	-0.0670063722	-0.0789715634	-0.0023494245	0.0354466514	0.0553773779	0.1149203964	0.0918551592	0.0006402256	0.173555368	-0.1049374586	0.0859776684	-0.1118563022	0.1001308247	-0.0814902283	0.0	0.169111302948437	0.0053630634821643	2.8762449913725264e-05	0.028598632784918	0.1005734503395956	-0.0112565035459794	0.0101150189132111	0.0001267088720806	-0.0363783184240844	-0.0530805211025153	0.0028175417205145	0.001323382051364	0.0006682891852047	7.1002582021e-05	5.0413666536488315e-09	4.466104350615618e-07	0.0001937306891337	6.701464630001266e-08	3.7531579912218316e-08	4.490962818715799e-15	0.0021879344741226	-3.1011938258300106e-05	9.617403145366179e-10	4.787057263054138e-06	0.0	0.0	0.0	0.0	0.0
536.7625163099816	1.1377402271685924	288113.9989154233	1.29445282451764	713.2642155947569	0.5864009725180495	0.3438661005701142	508745.8412480039	528.9981203137731	0.436173936340765	279839.0112955052	0.1902477027429977	571.986267358008	486.07833057650487	1.070332	19.674879	0.0652550650669302	0.0350999591957211	0.0612118318	-0.1027919501	0.0741658002	-0.0648207686	-0.0427173505	0.0529598268	-0.128965225	0.0662066621	-0.1318944816	0.0009075907	0.045920806	0.0793471335	-0.0027847642	0.0299792905	-0.0302018417	-0.0872216385	-0.0667594196	-0.0289056612	0.1092275266	-0.0567921306	0.1364707465	-0.0627448695	0.0221524466	0.0138565149	-0.1035696561	-0.1342728741	-0.0047801723	0.1479236498	-0.008492905	-0.1678565232	0.0290948118	0.0116115607	-0.062310255	0.0761302871	-0.0085900488	0.0508247887	0.039849082	0.0904433558	-0.0436070544	0.078507411	-0.031125043	0.0209205728	-0.1509308143	-0.1710779928	-0.0624296653	-0.0356524086	-0.0285439332	-0.1525688266	-0.07821042	-0.016175715	-0.0655631249	0.0298843621	0.047249708	0.0682210318	-0.0515021911	0.1106406448	-0.0251099803	0.0568657767	-0.0795651208	-0.0026543734	0.0252340978	0.0664377213	-0.0565300811	0.0077559824	0.1343052751	0.0219729186	-0.0001058108	0.1526308453	0.0081103834	-0.0052362826	-0.0411035159	-0.0754719707	-0.1077477856	-0.0738769152	0.0399784587	-0.0413874236	-0.02484009	0.079060615	-0.0487981529	0.1703566793	-0.0209516962	-0.0549528928	-0.0955040761	-0.0312406976	-0.0398601303	0.0772903666	-0.009968511	0.1868554793	-0.0021768825	-0.1177780504	-0.1039970537	0.0312563942	0.0862122887	0.1145771605	-0.0302120547	-0.0344626431	0.106972649	0.0196801839	0.0110962901	-0.069214854	0.1403218359	0.0065176837	-0.0958280567	0.0071363495	-0.0310002455	-0.0703204246	0.019531688	-0.0467675053	0.0176023787	0.0321083278	0.033447112	-0.0708823969	0.0637634458	0.0615949223	0.0527813382	-0.1130748106	-0.0102429381	-0.1895457478	0.0271346253	-0.016212421	-0.0686076895	-0.1124677771	0.1024987213	-0.0865329627	0.0	0.1645805120724901	-0.0045307908759468	2.0528065961563472e-05	0.027086744954043	0.1232519316918541	0.0226784813522585	0.0151910386657734	0.0005143135164447	-0.0376020739837343	-0.0012237555596499	1.4975776697740467e-06	0.0014139159678782	0.0003726110088364	-0.0002956781763682	8.74255839804835e-08	1.3883896390607976e-07	-0.0001081188314893	-0.000301849520623	1.168968172261165e-08	9.111313310033489e-08	0.0020490214255324	-0.0001389130485902	1.9296835068623285e-08	4.198488802290828e-06	0.0	0.0	0.0	0.0	0.0
537.9215894206735	1.1590731106919063	289359.63636486366	1.343450475929013	715.6590754037085	2.394859808951537	5.7353535045313935	512167.9122076909	530.3988161847635	1.4006958709903756	281322.9042101985	1.961948923009487	573.9580357728539	492.48750145323095	0.991826	18.231773	0.0825907185133372	0.0512795187086478	0.0157592922	-0.1011885611	-0.0536842515	0.0013727778	0.0010401289	0.0269417745	-0.051802988	-0.0213021868	0.0947216539	0.0128349032	-0.016263244	-0.0940016422	0.106076307	0.0415014281	-0.0360891572	-0.0322997486	-0.0556302585	0.1040745415	0.0470778067	-0.2097214667	0.0384833988	0.0914915473	-0.0535992822	-0.1161087622	-0.0130948366	-0.0142845795	0.0575531893	-0.12909337	-0.0422738512	-0.0931456479	-0.0205572984	-0.0536685948	-0.0474390839	0.0034960571	0.0282610235	0.1135158544	0.1516023264	-0.0190570052	0.0711912733	-0.0621249951	0.1490343522	0.1007259175	-0.0868220937	-0.0078604617	0.0526143845	-0.0319995982	0.0545354994	0.058984347	0.1568596269	-0.0613123093	0.0581767381	-0.024281812	0.0465765395	-0.1375700375	0.17822121	-0.0098668582	-0.0942904307	0.0828786573	-0.052864168	-0.028905566	0.111524969	0.0743222307	-0.0619695662	0.103338994	-0.0250434883	0.0060440314	-0.0255324148	-0.0910803402	-0.0295567722	0.0396262926	0.0876361749	-0.0031750644	0.1090865764	-0.0197086424	-0.0075270478	-0.0497985174	-0.0618262314	0.0329531926	0.1742351113	0.0590326185	-0.2340420342	-0.0009055067	-0.0094021562	-0.0402752044	-0.0414478098	-0.0379161661	0.0123552394	0.0858450121	-0.0260912608	-0.007087076	0.0543151723	-0.0974557647	0.0369168054	0.2005372777	0.0330024726	0.1430913323	0.0755963581	0.0896643198	-0.0004200243	0.0878562905	-0.0245950212	0.0810898805	0.0080930305	0.1227771717	-0.0106785332	-0.0540047568	-0.0200919965	0.0725511293	0.0736046271	0.0573814292	0.0123679765	-0.137910027	0.0466623895	0.1748003345	-0.0126867557	0.0117681077	-0.0867657273	0.051536426	0.0169663087	-0.0595542662	0.0734251974	-0.1130292557	0.1046843788	-0.0912295932	0.0	0.161130567057512	-0.0034499450149781	1.1902120606372326e-05	0.0259630596402753	0.0784287644124361	-0.044823167279418	0.0061510710872614	0.0020091163249586	-0.0575961538181104	-0.0199940798343761	0.0003997632284234	0.0033173169346394	0.000481211158609	0.0001086001497726	1.1793992530631155e-08	2.315641791698162e-07	-0.0002130241156883	-0.000104905284199	4.537927386478222e-08	1.1005118652872961e-08	0.0019760563318127	-7.296509371969989e-05	5.323904901524589e-09	3.904798626497064e-06	0.0	0.0	0.0	0.0	0.0
538.506751557345	0.5851621366714426	289989.52147284406	0.342414726193888	717.8622027268459	2.203127323137437	4.853770001954729	515326.1421038392	529.5184415337499	-0.8803746510136534	280389.7799243313	0.775059526147412	573.487156362455	500.5438886117323	1.035967	19.04318	0.1793302243498324	0.1183131443462068	-0.0341567211	0.0464976261	-0.0130060838	0.0629634144	0.0384391415	-0.0349333912	0.0860972796	0.0147212647	-0.0324010003	-0.0732279277	0.1539167926	-0.0274618057	0.035142049	-0.0169154369	-0.085393192	-0.1165077524	0.0999716924	-0.0173752951	0.0595679064	-0.082977315	-0.0025452953	0.0665871229	0.0478585142	0.0100980037	-0.0004905531	0.0883688999	-0.0263327572	-0.0935051833	-0.0511799454	0.0174727054	0.0052095098	0.2299904534	-0.0393513178	0.0424334747	-0.0419428775	-0.0993251483	-0.0393179463	0.1320197875	-0.0172196283	-0.0591436691	-0.1859677013	0.032402745	-0.1065957406	0.0913896499	0.0560053493	0.0850642638	0.0681717967	0.0962095059	0.0399950687	-0.1604054617	-0.158108462	-0.0519077385	-0.1292659088	0.0150841568	-0.0163731685	-0.1081714381	-0.0310633853	0.0159026385	0.0116414452	0.0217861065	-0.0307002141	0.0553669571	0.0598849396	-0.0352255212	-0.0816868014	-0.0227987284	-0.088542419	0.0696236069	-0.0202119853	0.0969129576	-0.0561582092	0.0266269621	0.0485766579	-0.1115242767	0.1678467718	0.0254686954	-0.0310288807	0.034080807	-0.0234291705	-0.0876923609	0.0476238158	-0.0013411195	-0.0574763339	0.1070272962	0.0488686679	-0.0311915826	-0.0313392396	0.0252199509	0.0363169244	-0.1451024315	0.0652461279	-0.0698601578	0.0069327415	-0.047618503	0.0691560438	-0.2565170791	0.0175552944	-0.0554252096	0.0200353275	-0.0723754291	0.0772141701	-0.046845788	0.0884906368	0.0232368565	0.096734859	-0.1612887547	0.0777234488	-0.0331035043	-0.0654686808	0.0702296337	0.0238408244	-0.0206490044	0.0939585733	0.1415002513	0.0110324315	0.0377343096	0.0805148402	-0.0771806831	-0.0917431873	-0.0349058475	-0.0782080174	-0.1135404882	0.1066839114	-0.0955613349	0.0	0.169205685459616	0.008075118402104	6.52075372079988e-05	0.0286305639918585	0.1755404092911163	0.0971116448786802	0.0308144352940926	0.0094306715710428	-0.0137611097583771	0.0438350440597333	0.0019215110877187	0.0001893681417821	-0.0001237886946782	-0.0006049998532872	3.660248224775335e-07	1.5323640930132623e-08	-0.0002141225141922	-1.0983985038999858e-06	4.584845108398889e-08	1.2064792733697269e-12	0.0019759862434175	-7.008839520003182e-08	4.912383141715844e-15	3.904521634175204e-06	0.0	0.0	0.0	0.0	0.0
538.1334443967751	-0.3733071605698796	289587.603978337	0.1393582361327459	717.5997068939737	-0.2624958328722186	0.0689040622752797	514949.33933431696	530.1368538090056	0.6184122752557641	281045.083766511	0.382433742187011	573.6169949628795	499.1605091884031	1.043435	19.180447	0.1119075803486527	0.0747143696853458	-0.0331201106	0.0095462469	0.1531813533	0.1007070913	-0.0005607853	-0.0062540364	0.101986005	-0.0079020138	-0.0137271885	0.0439734833	0.0766986704	-0.0714727206	-0.0527546797	-0.0327666122	0.0472032182	0.0865475913	-0.0506665195	-0.0066939252	0.0302423527	0.0083293051	0.1503752569	-0.051048034	0.0175289906	-0.1340092703	0.03755047	-0.0280588138	0.0561780876	0.0197310689	0.0150010894	0.0949819872	0.260657632	0.0197273775	-0.0396064492	-0.1514501876	0.0478860158	0.0291854927	0.0014269857	-0.1038183801	0.0790627136	0.0134340051	-0.1476744849	0.1359773477	-0.0547823954	0.0381904126	-0.0727462607	-0.0507784599	0.0441749207	0.1453701748	-0.0946120335	-0.0442177766	-0.0306478364	0.0909153416	-0.1036965179	-0.141690048	0.0316148957	-0.052317974	0.1553093115	0.0577170346	0.0493934093	-0.0680189724	0.0742037439	-0.0437297531	0.0144869547	-0.0918130982	-0.0054856	-0.1269214912	0.0252617627	-0.0330786855	-0.0993087293	-0.0999040936	-0.0423816842	-0.0224363759	0.0808380521	-0.1116102728	0.0393858293	-0.1407848806	0.012675386	-0.0439815613	0.0002947617	0.093942952	-0.069794155	0.0525440714	-0.0534831945	-0.0558109648	0.011237163	0.0075116985	0.0726547534	-0.1831757463	-0.0115836102	0.0732272526	-0.0651239766	-0.0070321353	0.1041095107	0.1233970873	0.1201142058	-0.2015662999	-0.0842466262	-0.0135665264	0.008146736	0.0691587091	-0.0586716324	0.0434987316	-0.0640584763	-0.1000373238	-0.0475490235	-0.1595680992	0.073384033	0.0735053569	0.110866632	0.0235351558	-0.028089207	0.0230680473	-0.0980191859	0.1415642662	0.0510429897	0.0299639359	-0.0419271235	0.0822106952	-0.008217536	0.0173338792	-0.0418061399	-0.1140012473	0.1084937639	-0.0995108621	0.0	0.1694426493373413	0.0002369638777252	5.615187934660526e-08	0.0287108114144572	0.1067290364831592	-0.0688113728079571	0.0113910872286235	0.0047350050277156	-0.0356598573868041	-0.021898747628427	0.0004795551476935	0.0012716254288472	3.2239505929567217e-05	0.0001560282006077	2.4344799384897654e-08	1.0393857425825994e-09	-0.0002139635071594	1.5900703279999784e-07	4.578038239595061e-08	2.528323647985958e-14	0.0022390089564678	0.0002630227130503	6.918094758034053e-08	5.013161107143028e-06	0.0	0.0	0.0	0.0	0.0
537.9947885249182	-0.1386558718568267	289438.3924799715	0.0192254508003767	717.7904263532698	0.1907194592961332	0.0363739121542094	515223.0961644089	529.8566972463409	-0.2801565626647289	280748.11961680057	0.0784876996041161	573.8099987303025	501.0142056237954	1.107488	20.357887	0.0828507820551541	0.0511820179072392	-0.046535261	-0.0135555371	-0.0197905406	-0.0003515485	-0.0792748505	-0.0795091267	-0.0821710581	0.0520371176	-0.0180440194	0.0442959653	0.0218986948	-0.120142619	-0.012992032	0.0109746683	-0.1094308691	0.0076079773	0.0328342938	-0.0012666007	-0.0010394051	0.0218061621	0.0601324347	0.0551841381	0.0124117619	-0.0308156346	-0.0136466342	-0.0401658938	0.1120999031	0.0233761361	0.01990979	0.2056699446	-0.0733544957	0.0966596784	0.0139977596	-0.0712453947	-0.0237965184	-0.1784984316	0.0184691268	-0.030163546	0.0840022444	-0.0753602021	0.019498599	-0.0201251947	0.1702796166	-0.1167208287	0.0217568988	-0.0329590249	0.0271330583	-0.0409063664	0.1181884179	-0.0126506404	-0.00741995	0.1271350712	0.0714469512	0.0770013302	0.1848322691	-0.0336801646	-0.0105177891	0.0203747677	0.0286795006	-0.0961310721	-0.0167340384	-0.070998477	0.0339506468	0.0946207378	0.0845560359	-0.0311945455	0.0379086638	-0.0503212768	-0.0236535007	0.1122871964	-0.1109386663	-0.00547653	0.0547499929	-0.0306519816	-0.0143643045	0.0279991188	0.0271251257	-0.1131364683	0.0443257832	0.0016252148	0.1135160234	0.1536615158	0.1067369213	-0.1340748867	-0.0043391218	-0.160109574	0.0345682753	0.0571805513	0.117581155	0.1094876985	-0.0192995541	0.0962824116	-0.1016001184	-0.0596727488	0.0042494206	-0.0727459595	0.0351258601	-0.0174243606	-0.0069120203	-0.1208254858	-0.0549841237	0.0877791221	0.0231765266	0.1129156278	0.0206848687	-0.0927687573	-0.0384394843	-0.1868338862	-0.0360094656	0.1314354803	0.0360415194	0.1721623116	-0.0920410214	-0.1181822339	0.1427851379	0.0920098499	0.1198684794	0.0485479437	-0.003426728	0.0701437538	0.0570902761	-0.1144113283	0.1101107184	-0.103062378	0.0	0.1642672627309167	-0.0051753866064245	2.6784626525958944e-05	0.026983733605108	0.1573326036454148	0.0506035671622555	0.0247535481698451	0.0025607210095449	-0.0253772338808317	0.0102826235059724	0.0001057323461655	0.0006440039994424	0.0002447519785197	0.0002125124725901	4.5161551006371935e-08	5.990353098930769e-08	-0.000213711594319	2.519128403999978e-07	4.567264554636883e-08	6.346007915839478e-14	0.0023620286666473	0.0001230197101794	1.5133849092648093e-08	5.579179422063621e-06	0.0	0.0	0.0	0.0	0.0
537.2825861467084	-0.712202378209895	288672.57737649506	0.5072322275278303	716.292310219735	-1.498116133534836	2.244351949557367	513074.673679925	529.3105753097066	-0.5461219366343357	280169.6851346925	0.2982491696732374	572.8228377426176	497.9803378177267	0.958579	17.620623	0.0847466218104124	0.060353406827689	-0.0184872965	-0.0438473204	-0.0819497949	0.0175530585	0.029661064	0.0093657298	-0.0360095825	0.0015111443	0.0610088969	0.003871748	0.0022376842	-0.1038290897	0.0445992506	0.0289119993	-0.0411885864	0.1087789013	-0.0513943965	-0.0739170835	0.014999826	-0.0193861196	0.1557157818	0.005752458	-0.1426469739	0.0755204861	0.0754714348	-0.0739025854	-0.1256586434	-0.1020526247	-0.0248946651	0.0727785285	0.05617069	0.0272709391	-0.0266564803	-0.0004923043	-0.0379238601	-0.1718761786	0.0229910963	0.0039665233	0.0205623616	-0.0989106568	-0.0825333111	0.0612235286	0.0707162153	0.00743714	-0.0363999781	-0.0110467082	-0.0002443617	-0.0282683688	0.0614280568	0.0357528955	-0.0554924819	-0.0606153188	-0.0285407125	0.1581216135	-0.0016671642	0.0864790546	0.0059201264	-0.0612056209	0.0727505824	0.0020462225	0.0225206388	0.0705598357	-0.0486219729	0.0667942166	-0.0597641131	0.0305312675	0.0393088587	-0.1097493503	-0.0616757285	-0.0042860617	0.0007262417	-0.0456936076	-0.0739515858	0.0005418532	0.1328015709	0.056206932	0.0297738549	0.0142187378	-0.0690839551	-0.0744041117	0.1193614014	0.024392782	0.033527271	-0.0923058628	-0.0899235234	-0.0188802934	-0.1204591577	0.000802817	0.0993229951	0.0315309067	0.0822863734	0.1703611007	-0.0968805234	-0.0627701688	0.00521642	-0.0798245307	0.0596492603	0.0455274945	-0.0408692349	0.0556887421	-0.0490488285	0.0387196365	0.0196451304	0.1124934914	-0.0111155064	-0.0208842682	-0.0334249451	-0.1727042615	0.004362041	0.1818747324	0.0630202789	0.0183160159	0.0538680693	-0.0184340293	0.1403544829	-0.0556948824	0.043334972	-0.0233705385	-0.1072311099	0.0452680276	-0.0853854666	-0.1147705489	0.1115319001	-0.1062016776	0.0	0.1647059542033275	0.0004386914724107	1.9245020796595218e-07	0.0271280513500286	0.1019578265541696	-0.0553747770912451	0.0103953983956501	0.003066365937905	-0.0506068558501482	-0.0252296219693165	0.0006365338247146	0.0025610538590376	0.0001927500806705	-5.200189784919997e-05	2.7041973799186283e-09	3.7152593598484266e-08	-0.0002137750657664	-6.347144740001531e-08	4.5699778743428656e-08	4.028624635052911e-15	0.0023400234103951	-2.200525625219987e-05	4.842313027249814e-10	5.475709561197114e-06	0.0	0.0	0.0	0.0	0.0
538.7400630855261	1.4574769388177629	290240.85557339666	2.1242390271855967	717.8120928041662	1.5197825844312547	2.309739103940544	515254.20057589695	529.6867259440978	0.3761506343912515	280568.02764137776	0.1414892997529409	574.0542657138276	500.69515564846415	0.974423	17.91188	0.081121141567388	0.0424994287226968	-0.0375637412	-0.0691724951	-0.0989831267	-0.0254162331	0.0335352168	-0.0204705804	-0.0468558133	0.0806323469	0.0038813795	-0.0844385633	0.0636602127	-0.0652712648	0.0619625995	-0.0308929028	-0.0886762575	-0.0069188595	0.094964865	-0.1332161486	-0.0812519523	-0.174356366	0.0470015707	0.0452095235	-0.0133558769	0.0607846257	-0.0570474343	0.0272990614	-0.0244525868	0.1130207886	0.0833446934	0.0194112793	0.0157729493	0.0100120415	0.0441814324	0.0609332927	0.0223127612	0.0237267718	-0.0193255549	-0.0112652747	0.088172998	-0.0180300095	0.0875498099	-0.0468581477	0.0409668271	0.1096557862	-0.0279281192	-0.0991765743	-0.0581049339	0.1164497075	0.1083815925	-0.0539533261	-0.0679487249	-0.0117719307	0.0298235877	-0.0663305961	-0.0328339055	0.031018273	0.0863728305	0.1223910345	0.0984768528	0.0460511772	0.029228894	-0.1159875728	0.0034877152	0.1035121813	-0.0153596099	-0.0059502949	-0.03828261	0.0794328803	-0.0044367901	0.0983338436	-0.0569409394	-0.0404603659	-0.0309639917	-0.0278180095	0.072400531	0.0018185226	0.0702661402	0.0091487504	0.0804582591	-0.0601894556	-0.1682363965	0.0720689419	0.0263049015	-0.0136351462	0.0569824953	-0.0079775536	-0.1570712945	-0.0361104259	0.0228584061	0.0250457269	0.04458365	-0.1406126185	0.0017426647	-0.1207352531	-0.1106032159	0.1586863095	-0.0322233507	0.0097246086	-0.0579755992	-0.097141464	0.1351581981	-0.0090421911	0.0135247828	0.1035675025	0.0612948459	-0.0936118017	-0.0046567109	0.0745255585	-0.0054070467	0.0976071164	-0.0319193417	-0.0616409092	0.029679418	0.0821395972	0.0062108816	0.0788931411	-0.1157301483	0.0264674574	0.0315651813	0.0144524602	-0.0832999779	-0.1150787493	0.1127547821	-0.1089162049	0.0	0.1491747704100277	-0.0155311837932998	0.0002412176700212	0.0222531121268844	0.1340040082844922	0.0320461817303225	0.0179570742363102	0.0010269577634928	-0.0319451952369576	0.0186616606131906	0.0003482575768419	0.0010204954987273	0.0001062274127096	-8.652266796090001e-05	7.486172071072153e-09	1.1284263210975689e-08	-0.0002138861818561	-1.1111608969998625e-07	4.5747298788980686e-08	1.2346785390215386e-14	0.0021290148858342	-0.0002110085245608	4.452459743736788e-08	4.532704384103612e-06	0.0	0.0	0.0	0.0	0.0
537.7541086540956	-0.985954431430514	289179.48137436085	0.972106140857468	716.643448047572	-1.16864475659429	1.365730567115327	513577.83162951295	530.1101131556225	0.4233872115246413	281016.73206986685	0.1792567308826113	573.2432458356939	496.3729224837626	0.939844	17.276243	0.1413593378726271	0.0807089054952002	-0.0126575888	-0.0510240097	-0.1351072144	0.0853934801	0.0198978821	0.0514389778	0.0175632373	0.0065691802	0.0400030091	-0.1090032146	0.0455375458	-0.1024790002	0.011663395	-0.0444209227	-0.0796107787	0.0939331518	-0.0318303998	-0.0710361805	-0.0496028631	-0.0769972192	0.0362230709	0.0769057282	-0.0851852299	0.0146560649	-0.0233574684	-0.006834251	-0.060364542	0.1117316642	-0.0926956029	-0.0160721568	-0.0168566416	-0.0452598374	-0.0137020386	-0.0823314253	0.0940991742	-0.061783404	0.1480042092	-0.0806918954	0.0214664243	0.0508266738	-0.0815208972	-0.1228567029	-0.1373593324	-0.0784669447	0.1663801445	-0.0760826816	-0.0163110757	0.0201027027	-0.0467456339	0.0717508258	0.1199604845	0.1547729149	0.0152480191	0.0041160255	-0.130044584	0.1370468464	0.0673302063	-0.0039164661	-0.0202534344	-0.1113899944	-0.0331013404	0.0170122664	-0.0610104007	0.0732830319	-0.1130675543	0.0051913578	-0.0225155585	-0.0805302722	-0.0505731695	0.017106057	-0.0248388793	-0.0732852862	-0.0442535359	-0.0580189984	0.0783161973	-0.0654758293	0.0219845577	0.0636208148	-0.0125397171	0.1187661608	-0.0427266502	0.0451768247	0.041146432	-0.0790489009	0.0278111546	0.1421816215	0.0941053924	0.0575565218	0.0525250534	-0.1019672553	-0.0199922574	0.0046436882	-0.0038409149	-0.0175844163	0.1212312665	0.1245563372	-0.007177571	0.085670154	-0.0473481366	0.1173561883	0.0041756217	-0.0254445036	0.0573052652	0.0875093927	-0.0376468611	-0.0573476197	0.0109343452	0.0152232631	0.0073792816	0.1199965401	-0.0109989798	-0.0384925557	0.0384122035	0.0022981014	0.0194107036	0.0011385176	-0.1182685987	0.0965157794	-0.015624416	-0.0409144903	0.0084106604	-0.1153357926	0.1137771902	-0.1111951025	0.0	0.1691553441150262	0.0199805737049985	0.0003992233255808	0.0286135304426729	0.0712617069039112	-0.0627423013805809	0.0050782308708589	0.0039365963825316	-0.0728794807598802	-0.0409342855229225	0.0016756157312721	0.0053114187158297	0.0002446499417683	0.0001384225290587	1.9160796551006648e-08	5.98535940072326e-08	-0.0001512583766458	6.262780521029999e-05	2.2879096505522696e-08	3.922241985459279e-09	0.0019760216748207	-0.0001529932110135	2.3406922616221403e-08	3.904661659361204e-06	0.0	0.0	0.0	0.0	0.0
537.736708269871	-0.0174003842246293	289160.7674209163	0.0003027733711647	717.5829896563889	0.9395416088169668	0.8827384346983743	514925.3470442012	529.5283778371986	-0.5817353184238527	280400.302934895	0.3384159807017013	574.0536287113259	499.0102663951661	1.018364	18.719603	0.2342538310117225	0.1284594577313089	-0.0038840046	0.0859896726	-0.0419848735	0.0538316418	0.0443401132	-0.0032305854	0.0833465126	-0.047929683	0.0143520459	-0.0628953367	0.1084850939	0.1096213512	0.0884157844	-0.0755141632	-0.0411902525	0.005684169	0.040182908	-0.0990425516	-0.0146080588	0.0904593339	-0.0499368673	0.0823217436	0.0453638709	0.0055439892	0.0612744032	0.1678348358	-0.0226423927	-0.1314869644	-0.0017166086	-0.0491074672	0.1705827611	0.0834904953	-0.0094099926	0.0789436081	0.1282085303	-0.0201917141	-0.0123499005	0.0903711718	0.1157984558	0.0453697892	0.0657997283	-0.0751113424	-0.0875008753	-0.1698738952	-0.1754586678	-0.0152163735	0.0506469113	0.0556707912	0.1613351033	0.0578830304	-0.0403888877	0.0825138372	-0.0049482467	-0.145264849	-0.1336421156	-0.0626576574	0.0310864408	0.1035216774	-0.0061927557	0.0053419027	0.0725265542	0.0340280286	0.020371814	-0.0213964787	-0.0904275956	-0.0171078929	-0.1520379744	-0.0275425515	0.025395064	0.0450098312	0.0952786798	-0.0075958532	0.0753517268	-0.2135453752	0.124899623	-0.0131783043	-0.0331272193	-0.0346981054	-0.0221600973	-0.0482325655	0.0670621872	-0.0303315263	0.0174296467	-0.0593323218	0.1037743494	-0.106957422	-0.0235843665	0.0153966046	-0.1132167394	-0.04981995	0.0102521257	-0.1548420102	0.1592356581	-0.021812113	-0.1316923994	-0.0435353915	-0.0997056392	-0.0617482609	0.0186085057	0.0150759779	0.0487783817	-0.0110582971	0.0753140008	0.0358189178	0.1747161513	-0.1478639154	-0.0342539257	0.0071987729	-0.0737421249	0.0275515625	-0.0787042945	-0.0030064978	0.0326735648	0.0946988723	-0.0756452494	-0.0065398043	-0.1356611849	-0.019628426	-0.0788636569	0.0867573528	0.2013900238	-0.1155415645	0.1145973067	-0.1130292557	0.0	0.1598388918197457	-0.0093164522952804	8.679628337023724e-05	0.0255484713381643	0.1476246928360893	0.0763629859321781	0.0217930499349497	0.005831305620478	0.0057708146143937	0.0786502953742739	0.0061858689624605	3.330230131369991e-05	-0.0004021424502604	-0.0006467923920287	4.183403983862076e-07	1.617185503014383e-07	-0.0002750249008898	-0.000123766524244	7.563869610944432e-08	1.531815252344064e-08	0.0026039447067478	0.0006279230319271	3.94287334024522e-07	6.780528035799886e-06	0.0	0.0	0.0	0.0	0.0
536.9399527585406	-0.7967555113303888	288304.5128683438	0.6348193448353493	715.4088472412532	-2.174142415135748	4.726895241292302	511809.8187110587	529.2177744204281	-0.3106034167705047	280071.45276251115	0.0964744825095118	572.4037740198852	488.7876159542808	1.051194	19.323088	0.1186395057738053	0.0646828960022904	0.0727827139	0.0631774599	0.0917714502	0.0917688432	0.0322267041	0.0578272747	0.1071303912	-0.075053218	-0.0936039437	0.0023493291	0.046806702	-0.0631051958	-0.1053132227	-0.0586426699	0.0421639774	-0.0074477347	-0.0456921584	-0.0382528549	0.020449088	0.0034863419	-0.0738619354	-0.0797501179	-0.0354671999	0.0035135162	0.046909056	-0.0160856355	-0.0151186682	-0.087552426	0.003688885	0.018121022	0.1213072711	-0.0844106922	-0.0337470152	0.0820515776	-0.0652915791	-0.0078590015	-0.0549218962	0.0590085943	0.0027479884	-0.0417766693	0.0594429679	-0.0582332138	-0.0481660739	0.0368762605	0.0025841358	-0.0438546694	-0.0306396921	-0.0460666458	0.051701564	-0.1002140916	-0.0166296276	-0.0660893598	0.0870002769	0.0189360653	-0.1286392604	0.1074017007	0.0868886606	-0.1502769401	0.0039089724	-0.0098063676	0.053249055	-0.0332195825	-0.0216355578	-0.1149905896	-0.0157431521	-0.0315524901	0.01457772	0.0175850253	-0.1878627918	-0.0469485763	0.0129372022	0.0103222625	0.0292428283	-0.026318188	0.0191791131	-0.1098652632	-0.1054665579	-0.0874325618	-0.051685664	0.1100201847	-0.0457470839	0.0220616601	-0.0164417745	-0.0045354819	0.052636804	-0.0898120378	-0.1056577719	0.0212844856	0.009960518	0.0986595973	-0.0023640465	-0.0474323691	-0.0483959838	-0.0009333811	-0.0830081661	0.0169194015	-0.0092121777	-0.023414593	0.0254436812	0.1429326279	-0.0097597969	-0.054131203	-0.0384828863	-0.1167373232	-0.0476052176	-0.1278125112	-0.0198836249	-0.043105708	0.0757931965	0.0643812434	-0.015641842	0.0567528545	-0.0141960365	0.0275978625	0.1451617625	-0.0413297169	-0.0507076946	-0.0016504323	-0.1207964903	-0.0034961037	0.1294294296	-0.1156959735	0.1152136733	-0.1144113283	0.0	0.1863017791607433	0.0264628873409976	0.0007002844064223	0.0347083529184583	0.0996532815230324	-0.0479714113130569	0.0099307765183087	0.0023012563033664	-0.0164299800785272	-0.0222007946929208	0.0004928752849972	0.0002699442453808	-9.811043051330122e-05	0.000304032019747	9.243546903150028e-08	9.625656575505309e-09	-0.0003111232544934	-3.609835360359999e-05	9.679767948656495e-08	1.3030911328905404e-09	0.0025039868315619	-9.99578751858998e-05	9.99157681167992e-09	6.269950052635404e-06	0.0	0.0	0.0	0.0	0.0
537.1310244287336	0.1910716701929686	288509.7374038608	0.0365083831503305	716.4392802888547	1.0304330476014911	1.0617922655892968	513285.24234081205	529.3583145375632	0.1405401171350604	280220.22517004964	0.0197515245243365	573.2405811210763	488.4047327436156	1.088489	20.008635	0.1158238945638904	0.0661176330404238	0.0412093283	-0.0721670688	0.0261541727	-0.0915498711	-0.0404767964	-0.011241928	-0.1211806239	0.0090256063	-0.1116473209	0.0062830354	0.0522283836	-0.0196852519	0.1101412704	-0.007033083	-0.1034590944	0.0041400502	-0.0152209393	-0.0397727476	-0.0482847552	-0.0354983285	0.1145900138	0.0072967722	0.0738009397	-0.0033796139	-0.1237512995	-0.0519157976	0.1012624945	0.1510704034	-0.0180099791	-0.0923654039	-0.0238374186	-0.0130423519	-0.039009771	0.0564970551	0.0287586042	0.0273360795	-0.0502425199	-0.0338653406	0.0702609185	0.0297672376	-0.0489461871	0.0410880595	-0.0491669809	0.1609841574	0.2239667886	6.33755e-05	0.031807169	0.0011001255	0.0556520684	0.0795531679	-0.0554387258	0.0318800298	-0.0495322907	0.0529820487	0.0768935182	0.0522525621	-0.06154072	-0.0071502387	-0.0307321027	0.0410890109	0.0695565975	0.0099624168	-0.0113642636	0.0140258392	0.1271798568	0.0446989627	-0.036591024	0.0725224993	0.0447510294	0.1393937194	0.0157749145	-0.0576578572	-0.1079533287	-0.0819535997	0.0058168157	0.022136394	0.0930485244	-0.1267695654	0.0548073342	0.0850500418	-0.0680062389	0.0659089779	-0.0357774005	0.0046125391	-0.0797671664	-0.0234338205	-0.0382311821	0.0155062944	-0.0402402804	-0.1361471926	-0.0442404148	0.1101725529	0.0472221636	-0.0995116069	0.1703634508	0.1122078	-0.0597956757	-0.0172218858	0.0096111634	-0.0149464071	0.0814058561	-0.0050902296	-0.1115037644	0.0718714318	0.0877903213	-0.1137124359	-0.1569559254	-0.0027287799	-0.0305749168	0.0533604335	0.0378339494	0.1156764537	-0.0108062141	-0.0894954743	0.0610638827	-0.025131915	-0.0243921895	-0.0200722709	-0.0154649728	-0.1162789302	0.1261341894	-0.115798951	0.1156251942	-0.1153357926	0.0	0.1708309499821894	-0.0154708291785539	0.0002393465554719	0.0291832134718172	0.1374281876788785	0.037774906155846	0.018886506768701	0.0014269435350829	0.0319327900370183	0.0483627701155455	0.0023389575332491	0.0010197030795482	-0.0003071403183967	-0.0002090298878833	4.369349402854625e-08	9.433517518482625e-08	-0.000294876111299	1.6247143194400018e-05	8.695192101482023e-08	2.6396966197933883e-10	0.0024449560803608	-5.90307512011003e-05	3.4846295873662046e-09	5.977810234893247e-06	0.0	0.0	0.0	0.0	0.0
537.2068026518253	0.0757782230917882	288591.14881539723	0.0057423390949488	715.8518639930804	-0.5874162957742328	0.3450579045411209	512443.89118236775	529.9522949171944	0.5939803796312617	280849.434888001	0.3528126913868978	572.6160454197425	486.4779281711442	0.985868	18.122259	0.1563863242096043	0.0960630833434246	0.0572311635	-0.0032155525	-0.0717360027	0.0155268491	0.0368180764	0.016610265	-0.0272037498	-0.0317848827	-0.0264288202	-0.1038242887	-0.0177429395	-0.0891936227	-0.0319098047	0.0224623142	0.1987774202	0.0797636971	-0.0033980618	-0.137321729	-0.0650207256	-0.0379340468	0.0229700998	0.0599967539	-0.1290481315	0.0311588126	0.1321098869	-0.0387529692	0.0185327346	0.0663838709	-0.0158087719	-0.0501798964	0.0347210273	-0.0150539554	-0.1263774142	0.0541312503	0.0224170963	0.0986711765	0.0422958888	0.0646419648	0.0703783942	-0.0079558986	-0.0447215657	-0.0490430363	0.0322065813	0.0871856593	0.0733547113	-0.0388371808	0.0565936784	0.0207526337	-0.0439273499	0.1278880548	0.0541032997	-0.02945959	-0.0006371832	0.002281986	-0.0260311704	0.0029793759	-0.0637423589	0.0157014942	-0.0777261413	-0.0594168544	-0.0082057358	-0.0358616438	-0.02874833	0.0590809477	-0.0850029351	0.0687999988	0.0289869939	0.0411969274	-0.15594191	-0.0363255373	0.0352674682	0.0248450499	-0.0395015958	-0.0314487747	-0.0287862752	-0.033747541	0.1177947544	-0.0100346122	-0.0353811	0.024144813	-0.0979878468	-0.0191011024	0.0117138014	-0.0697053621	-0.0154914297	0.090663635	0.0145728574	-0.0395300902	0.0254520125	-0.0653338824	0.1015343373	0.1176699784	0.0820816855	-0.0528297937	0.0221314077	0.0390960894	0.0335522615	0.0095544936	-0.0480120161	0.1429038435	0.0399805937	-0.1741619093	-0.0148519179	0.0452787787	-0.0589646373	-0.0657595624	-0.0134884547	-0.0417487593	0.0457798493	0.0977142421	0.0652779907	0.0763320071	-0.0319490181	0.0053127989	0.0554741507	-0.0708074195	-0.0911015492	-0.0161946327	-0.0325275508	0.0974386974	-0.0048726319	-0.1158504512	0.1158311377	-0.115798951	0.0	0.1826978564058663	0.0118669064236769	0.0001408234680683	0.0333785067352985	0.0670796922500187	-0.0703484954288597	0.0044996851123572	0.0049489108091043	-0.0267793512594494	-0.0587121412964677	0.0034471155356163	0.0007171336538769	-8.515208369560168e-05	0.000221988234701	4.92787763457099e-08	7.250877357702753e-09	-0.0002951002253734	-2.241140744000487e-07	8.70841430154315e-08	5.022711834419056e-14	0.0023579928079243	-8.69632724364998e-05	7.562610752864888e-09	5.560130082222726e-06	0.0	0.0	0.0	0.0	0.0
