global_signal	global_signal_derivative1	global_signal_derivative1_power2	global_signal_power2	csf	csf_derivative1	csf_derivative1_power2	csf_power2	white_matter	white_matter_derivative1	white_matter_power2	white_matter_derivative1_power2	csf_wm	tcompcor	std_dvars	dvars	framewise_displacement	rmsd	t_comp_cor_00	t_comp_cor_01	t_comp_cor_02	t_comp_cor_03	c_comp_cor_00	c_comp_cor_01	c_comp_cor_02	c_comp_cor_03	c_comp_cor_04	c_comp_cor_05	c_comp_cor_06	c_comp_cor_07	c_comp_cor_08	c_comp_cor_09	w_comp_cor_00	w_comp_cor_01	w_comp_cor_02	w_comp_cor_03	w_comp_cor_04	w_comp_cor_05	w_comp_cor_06	w_comp_cor_07	w_comp_cor_08	w_comp_cor_09	w_comp_cor_10	w_comp_cor_11	w_comp_cor_12	w_comp_cor_13	w_comp_cor_14	w_comp_cor_15	w_comp_cor_16	w_comp_cor_17	w_comp_cor_18	w_comp_cor_19	w_comp_cor_20	w_comp_cor_21	w_comp_cor_22	w_comp_cor_23	w_comp_cor_24	w_comp_cor_25	w_comp_cor_26	w_comp_cor_27	w_comp_cor_28	w_comp_cor_29	w_comp_cor_30	w_comp_cor_31	w_comp_cor_32	w_comp_cor_33	w_comp_cor_34	w_comp_cor_35	a_comp_cor_00	a_comp_cor_01	a_comp_cor_02	a_comp_cor_03	a_comp_cor_04	a_comp_cor_05	a_comp_cor_06	a_comp_cor_07	a_comp_cor_08	a_comp_cor_09	a_comp_cor_10	a_comp_cor_11	a_comp_cor_12	a_comp_cor_13	a_comp_cor_14	a_comp_cor_15	a_comp_cor_16	a_comp_cor_17	a_comp_cor_18	a_comp_cor_19	a_comp_cor_20	a_comp_cor_21	a_comp_cor_22	a_comp_cor_23	a_comp_cor_24	a_comp_cor_25	a_comp_cor_26	a_comp_cor_27	a_comp_cor_28	a_comp_cor_29	a_comp_cor_30	edge_comp_00	edge_comp_01	edge_comp_02	edge_comp_03	edge_comp_04	edge_comp_05	edge_comp_06	edge_comp_07	edge_comp_08	edge_comp_09	edge_comp_10	edge_comp_11	edge_comp_12	edge_comp_13	edge_comp_14	edge_comp_15	edge_comp_16	edge_comp_17	edge_comp_18	edge_comp_19	edge_comp_20	edge_comp_21	edge_comp_22	edge_comp_23	cosine00	cosine01	cosine02	trans_x	trans_x_derivative1	trans_x_derivative1_power2	trans_x_power2	trans_y	trans_y_derivative1	trans_y_derivative1_power2	trans_y_power2	trans_z	trans_z_derivative1	trans_z_derivative1_power2	trans_z_power2	rot_x	rot_x_derivative1	rot_x_derivative1_power2	rot_x_power2	rot_y	rot_y_derivative1	rot_y_derivative1_power2	rot_y_power2	rot_z	rot_z_derivative1	rot_z_power2	rot_z_derivative1_power2
538.6951693809743	n/a	n/a	290192.4855143966	698.7862456156945	n/a	n/a	488302.2170616777	546.6503870960479	n/a	298826.645712259	n/a	565.116396005337	432.79377531651807	n/a	n/a	n/a	n/a	-0.0061275255	-0.0468993806	0.1260285404	-0.0221762346	0.6725320443	-0.060499177	0.0620135462	-0.3976535167	0.1791714172	-0.1930848742	0.2206523	-0.0386609629	0.0766875755	-0.0444182794	0.0709377544	-0.0242563922	0.0684884352	-0.0203387566	0.1499674742	-0.0800218685	0.0278553726	-0.1191589891	0.0109418579	-0.1163433842	0.0862654297	-0.02772874	-0.0051626317	0.0369276395	-0.0746888678	0.2148441859	-0.0449163491	0.071823056	-0.0370925904	0.1365257024	-0.0335106299	0.0277271736	-0.0873575036	0.0295613374	-0.0552882755	0.101193135	-0.0174023358	0.0495757237	-0.0581306957	0.1757703872	0.0381835088	-0.0665635398	-0.0081622009	0.0014915676	0.0918610329	-0.0567933591	0.0115426117	-0.14904232	0.0911309693	-0.2701639328	0.1486958055	-0.6171178089	0.3205108251	0.0189813559	-0.1106050735	0.1457116007	-0.0216059027	0.0442905314	-0.0389942626	0.0841916424	-0.0974656557	0.0853305065	-0.1520193854	0.0823210987	-0.0712286207	0.0739690007	-0.0890592817	0.0150563667	-0.0507079413	0.0520091753	-0.0411129672	0.0710088986	-0.159411144	0.0605100565	-0.0267360609	0.0311347076	-0.0290235228	-0.0069279888	0.0972333511	-0.1008750106	0.1116243246	-0.1236543907	0.1097635978	-0.2565384114	0.0717647689	-0.140257994	-0.1932516654	0.1651909386	-0.2563349173	0.1532133674	-0.0464547061	0.033776306	-0.0363227615	0.0228832295	-0.0337587139	0.0044232583	0.001978154	-0.1305532862	0.0911354448	-0.0881663349	0.0383292769	0.1154637225	0.1154447293	0.1154130763	-0.012777706846478	n/a	n/a	0.0001632697922545	-0.1144177543619235	n/a	n/a	0.0130914225132254	-0.0956772470081475	n/a	n/a	0.009154135595058	-5.8001997645078666e-05	n/a	n/a	3.3642317308197113e-09	5.399782289106092e-05	n/a	n/a	2.9157648769743827e-09	7.400158173587796e-05	n/a	5.476234099411826e-09	n/a
534.8673440686408	-3.827825312333516	14.65224662174118	286083.0757510418	680.7530021467758	-18.033243468918727	325.1978700092999	463424.6499318481	545.3646114649398	-1.2857756311080948	297422.55943830474	1.6532189735514191	561.1313763001026	422.3947025845824	1.287818	21.66387	0.1046571895085431	0.0555053918398005	-0.0665895854	-0.0073575351	0.0789887949	0.0378182939	0.1631425176	0.1315534684	-0.0188281497	-0.1218033679	0.123813686	-0.1427322772	0.200452824	0.313290499	-0.0051306366	0.0648311407	0.166356784	0.04608788	0.0694551966	0.0416695308	0.1597236868	-0.0032831962	0.0374493512	-0.1185441027	-0.0199127159	-0.1916053769	0.0886018884	-0.0437691302	0.1132642706	0.0073345398	-0.0023152363	0.0329926278	-0.114933712	-0.123974928	-0.0639400428	0.0783056399	-0.0268378477	0.1189710696	-0.0595503382	0.1652421251	0.012400674	-0.0230256079	0.108089721	0.0040834724	-0.0271957291	0.0075380324	-0.0131837444	0.1293527856	0.0531671858	0.1272835406	-0.0259734568	-0.0179948123	-0.1344461215	-0.0834276165	0.0961605389	-0.0675100993	0.115112859	-0.3248313288	0.2028502542	0.0213876225	-0.1258139232	0.0689213682	-0.0272384557	0.0762223257	-0.039152257	-0.1220344343	0.0868778025	-0.1943868413	0.1979180708	-0.1044993333	0.0587657367	-0.0419063645	0.2424569625	0.0080827908	-0.0805309166	-0.0850032555	0.076364928	-0.1162124812	0.2390321694	-0.0326496738	0.0517572304	0.0224995726	0.0072821409	0.05788613	0.0985853682	0.0029253033	-0.0095180051	-0.13491831	0.108702136	-0.2404138577	0.0012125006	-0.0744229238	-0.1154387246	0.1202661317	-0.1977505806	0.0755105409	0.0636480234	0.0048127208	-0.0495939993	-0.0138560477	-0.0718027553	-0.0651112001	0.0296272094	-0.0533724585	0.0224414537	-0.0688422631	-0.0742212567	0.1154130763	0.1152422001	0.1149575937	-0.006532345862567	0.006245360983911	3.900453381935778e-05	4.26715424681962e-05	-0.0769345853553318	0.0374831690065916	0.0014049879587767	0.0059189304237968	-0.060947407438725	0.0347298395694225	0.0012061617565178	0.0037145864735019	-0.0001299999996244	-7.199800197932133e-05	5.183712289014358e-09	1.6899999902344e-08	2.1032273700427595e-08	-5.397679061736049e-05	2.9134939253503756e-09	4.4235653700969833e-16	-0.0003240000246398	-0.0003980016063756	1.04976015966591e-07	1.5840527867762008e-07
533.5333251662244	-1.3340189024164602	1.779606432004417	284657.8090629281	674.4205746475939	-6.332427499181904	40.099638032395184	454843.1115079908	545.7224157526252	0.3578042876854397	297812.9550548812	0.1280239082860849	559.6224806369879	418.30744863695526	1.112886	18.721134	0.052784579580723	0.0280935996427371	-0.0772464705	0.0163933857	-0.0149090904	0.0973223392	0.0009695662	0.1162025486	0.0579938826	-0.0233898506	0.0528964898	-0.021648462	-0.0630578539	-0.0463747131	-0.1590558146	-0.2063391012	0.0464068876	0.1197392148	0.0454350009	-0.0059587437	-0.0837160749	-0.1311685213	-0.0265927252	-0.1712655739	0.023777432	-0.1396718236	0.0580475988	-0.0052977938	-0.0654078737	-0.0439645771	0.0115985599	-0.199941061	0.0238229992	-0.0855124195	0.1225857574	-0.0763192003	-0.0018169315	0.070018359	-0.0576279582	-0.1621770142	-0.1252878074	0.0419668179	-0.0931172736	-0.0477545916	-0.0737787569	-0.0559312949	-0.1167902705	-0.0923968752	-0.0610191323	0.0185973056	-0.0470098407	-0.1656448786	-0.0990430742	0.0767057681	0.0645445947	-0.0156730147	-0.0602621216	-0.0709860568	0.0461504459	-0.0897868628	0.0679743859	-0.0971022434	0.1817924385	0.0834710168	-0.0745503894	-0.0602605864	0.0772098751	0.0546178844	0.0184500776	0.1175672123	-0.0362693083	-0.0137785039	-0.0692679644	-0.0145183976	0.1432778904	0.0077716896	0.0837518757	0.211227831	-0.0980828412	-0.0227036208	-0.0681162973	-0.1605347235	0.2298550399	-0.0375498569	0.0851093132	0.0543320615	-0.0789199938	-0.1057146018	0.0733135169	-0.2007821151	-0.0358818178	-0.0419446412	-0.0983648716	0.0439170981	-0.1074965219	0.1242695763	-0.0976362494	0.0319773597	-0.0453137189	0.0294510891	-0.1463234826	-0.0175859152	0.0287319142	0.0742957722	0.0043424621	0.0129741783	-0.0768950147	0.1153118061	0.1148374968	0.1140484259	-0.0086749434592405	-0.0021425975966735	4.590724461271062e-06	7.525464402101955e-05	-0.0607730589313604	0.0161615264239714	0.0002611949363527	0.0036933646918746	-0.041316538438771	0.019630868999954	0.0003853710176933	0.0017070563485624	-0.0001209969589482	9.003040676199993e-06	8.105474141731162e-11	1.4640264074712396e-08	6.200595922800645e-05	6.198492695430602e-05	3.8421311695306535e-09	3.844738979785197e-09	-9.799626106782316e-05	0.0002260037635719	9.603267183272956e-09	5.1077701148698e-08
533.8067058607227	0.2733806944983143	0.0747370041243807	284949.59922187607	674.1851419179227	-0.2354327296711744	0.0554285702004203	454525.6055828896	546.7970507618194	1.0746350091941397	298987.0147218237	1.1548404029856882	560.6775032801506	423.6294032510069	1.054066	17.731651	0.0724067827617368	0.0339847411001019	0.0092671799	0.0988453196	0.0162573432	0.0770888355	-0.0641009657	-0.0999901711	0.0788556694	0.0620557588	-0.0225132127	-0.0432011919	0.0253035734	0.0132472073	-0.1004084944	0.0139110443	-0.0499251665	0.0432915995	0.0140373669	-0.1167233199	-0.0298393535	-0.0669423651	0.0532417405	-0.0460402324	0.0853971104	-0.1606930506	-0.0789775655	-0.0657928004	-0.141173901	-0.1288166102	-0.0691334838	0.0379202394	0.0529795258	0.0414849586	0.0171357142	-0.0490114153	-0.0160785555	-0.0027462687	-0.0564236099	0.0443238718	0.085027242	0.0574470132	0.0082636941	-0.1116793827	0.0522719787	0.003877873	-0.0219780863	-0.0621648386	0.0533236556	0.0489888221	0.1615166449	0.0608300999	0.0257918658	0.0614126486	-0.0540746055	-0.0913199083	-0.1036539282	0.0321530433	-0.0267694137	-0.0649425693	-0.0695936463	0.041818684	0.075284115	0.0385564745	-0.054948118	-0.0985467363	0.0682984996	-0.1291701939	0.0957196135	0.0078258046	0.086067632	0.1643719213	-0.0795981972	-0.0124903329	0.1029642747	0.006923857	0.0656282464	0.0340920689	0.0296811971	0.0385164451	0.0989384552	-0.1922280394	-0.1628044807	-0.1066663129	0.0610630143	-0.0799271459	-0.0388972607	-0.1448079356	0.0340727137	-0.1737615144	-0.0869993921	-0.029797517	0.0598145876	0.0869323211	0.1013886059	0.0783456063	-0.0948437857	-0.0452092787	-0.0413657094	0.0735821396	-0.0582890336	-0.0145408143	-0.0701156394	-0.0333585815	-0.0244755606	0.0667865248	-0.0612116508	0.1151599564	0.1142313295	0.112689161	5.962670110193358e-05	0.0087345701603424	7.629271588594446e-05	3.5553434842993263e-09	-0.0769442182574948	-0.0161711593261343	0.0002615063939512	0.0059204127232569	-0.0279650661046559	0.0133514723341151	0.0001782618134886	0.0007820449222377	0.0003599999899054	0.0004809969488536	2.313580648064727e-07	1.295999927318881e-07	7.563933923648847e-09	-6.19983952940828e-05	3.8438010190413484e-09	5.721309640132584e-17	4.2000013607391626e-05	0.0001399962746752	1.7640011430210816e-09	1.9598956922938185e-08
532.6865319635203	-1.120173897202335	1.2547895599734673	283754.94133532257	674.1543210014623	-0.0308209164603567	0.0009499288914562	454484.0485249427	546.4843434108777	-0.3127073509416505	298645.1375932181	0.0977858873329445	560.0920461507944	416.6837311749403	1.070912	18.015043	0.0796845745333366	0.0555523622880468	-0.0423355132	0.129765209	0.0469448862	-0.1206923922	-0.0685301653	0.0245999766	-0.1142088435	0.0482980869	-0.063502424	-0.0208967522	0.0685285314	-0.0707425256	-0.0124177137	0.122284799	0.0548966006	-0.0452105677	-0.0792246337	0.042703024	-0.0118145739	-0.0453696276	0.0113381803	-0.0506205731	0.0793953585	-0.0107286339	-0.0172580329	-0.0601026421	0.0014634313	-0.0558872378	0.1754601924	-0.1757695359	0.173067516	0.1725715635	-0.0392945099	-0.0869174128	-0.1014313577	0.0331349735	0.0620052558	0.0142916983	0.0759259488	0.1365206567	-0.0518764266	-0.026336948	0.1752834177	0.0415773513	0.1127851738	-0.0060032046	-0.0055819063	0.0272967185	0.0622424867	-0.0451843815	-0.0659569729	-0.0166204817	-0.1320545683	0.0718467561	0.0102974805	0.0090704819	-0.1240389933	0.0426196736	-0.0137805772	-0.0024565012	0.0991030232	0.0970220417	0.0278376627	-0.0920591871	0.1091959168	-0.0691336294	-0.0604785146	0.0851082404	-0.1274868294	0.075029776	-0.1723194235	0.1060635432	-0.0135556418	-0.1332107085	0.0291862701	0.056662673	-0.0784686497	0.0335420155	0.0772731396	-0.0870052164	0.0165999898	0.0696941696	0.0807311448	-0.0913244854	-0.1454733124	-0.1073669171	0.0777020756	-0.1087585728	-0.1110223956	-0.0626408624	-0.0247766911	0.0760834936	0.155449913	-0.0890894139	0.0482738032	-0.0023651176	-0.0640303241	-0.0348949062	-0.1607563688	-0.0464700872	-0.0393378351	-0.0276276456	-0.0067412058	0.1850803508	-0.0243477554	0.1149575937	0.1134247617	0.1108851636	0.0001211084372698	6.148173616786643e-05	3.780003882215135e-09	1.4667253577933082e-08	-0.0273445588303218	0.0495996594271729	0.0024601262152915	0.0007477248976249	-0.0238919691418644	0.0040730969627914	1.6590118868301323e-05	0.0005708261894758	7.999999981426307e-06	-0.0003519999899239	1.239039929064776e-07	6.39999997028209e-11	8.18463519181023e-10	-6.745470404467824e-09	4.5501370977551306e-17	6.698825322301848e-19	0.0002090000063571	0.0001669999927497	4.368100265726784e-08	2.7888997578402653e-08
532.8326607508902	0.1461287873698893	0.0213536224981943	283910.6443628733	671.6239916816431	-2.5303293198192023	6.402566466736707	451078.7862023839	547.0017380875148	0.5173946766370818	299210.9014707621	0.2676972514123905	560.2529602264747	414.8436225847122	1.125527	18.933788	0.10779604473998	0.0643103977460718	-0.072320264	0.0911975055	-0.1532756499	-0.0434658054	-0.1329915235	-0.0071972864	-0.0589599145	0.0517849126	0.0918356312	-0.0081126254	0.0674430693	-0.0236247791	0.0309306996	-0.1037297216	-0.045962483	0.0550347789	-0.0955455244	0.0918910096	0.1298746847	-0.037329093	0.0338130057	-0.0132328142	0.0034432594	0.1840435723	-0.1252233043	-0.0857019644	0.143346699	-0.0595167877	0.0904883309	0.0414302202	-0.1034751479	0.0047121207	0.1362504296	0.1194916975	-0.0996398267	-0.0015825866	0.1156217751	-0.0016206329	0.026017199	0.0106611101	-0.1290505809	0.1105969753	-0.0253964206	0.0962234347	-0.0314173823	0.0079941874	0.0580112211	0.0358105503	0.0286121739	0.0355527827	-0.0015328154	0.1234599587	-0.0975893083	0.119792792	0.0388321965	-0.0214018259	-0.1153931744	0.037913328	-0.0368839586	-0.108783633	0.0087535489	0.0121060616	-0.0955048699	0.022061145	-0.1204810303	0.0038337953	-0.0110235344	0.0996412524	0.1683057753	0.0061963824	0.1199705077	0.1250134061	-0.1699756639	-0.0711233106	-0.0587798709	0.0575297457	0.055473636	-0.0566262744	0.1021830607	-0.0315129034	0.064572419	-0.0646301839	0.0933246381	0.0467962285	-0.1760819374	-0.0399840444	0.0085948696	0.0852652241	-0.0071387004	-0.0406636409	-0.052964625	0.1971982974	0.0167753365	0.1133885443	0.0966333831	-0.1725816671	-0.0294748827	0.1141239574	-0.1086618932	-0.0816139576	-0.107004909	0.10615845	-0.0127439708	-0.0441066285	-0.0460173743	0.1147048067	0.1124192083	0.108643553	-0.0139174953833816	-0.0140386038206514	0.0001970823972332	0.0001936966777464	0.0285238998935284	0.0558684587238502	0.0031212846801785	0.000813612865136	-0.0216032423806282	0.0022887267612362	5.238270187598748e-06	0.0004667000813561	-0.0001280139097205	-0.0001360139097019	1.8499783632403762e-08	1.6387561081928325e-08	-0.0001069833867581	-0.0001069842052216	1.1445620166901528e-08	1.1445445042233206e-08	-0.0002600069874042	-0.0004690069937613	6.76036334990078e-08	2.199675601970121e-07
532.5201946121774	-0.3124661387128071	0.0976350878420912	283577.7576697913	672.1581275500553	0.534135868412136	0.2853011259243866	451796.5484315964	545.8538531757026	-1.1478849118121843	297956.4290267615	1.317639770766066	559.021441578865	408.5246726009362	1.201115	20.205339	0.210325185392537	0.1208977026141564	-0.1606368989	0.0486704203	0.0120968863	-0.0921557575	-0.1325091797	0.0888145453	0.061157303	-0.0469076722	0.0048815536	0.0310772027	0.1525339399	-0.035000916	-0.0394007886	0.012005479	0.0790298291	0.0613864987	-0.0616985776	-0.0635170718	0.1270380983	-0.0940937613	0.0016346969	0.0031325347	0.0292282234	-0.0853717032	0.0291368665	-0.0441097913	-0.1158409845	-0.0785512999	-0.1468575113	0.0327966672	0.0187600957	-0.0043796333	-0.036703568	0.0097418508	0.054724801	-0.1090883466	0.0529492939	-0.0773179163	0.0974333467	0.0594518181	0.0601242997	-0.1106005576	0.0243523654	-0.0180682286	0.140262425	-0.0133384409	0.0761859419	-0.0161903938	0.024533985	0.0345141549	-0.1088093148	0.059730302	-0.1011795246	-0.1149484389	0.0819072604	0.0233240343	-0.162118383	-0.066880083	0.0009461086	-0.0194738132	0.045929003	0.0076800014	0.0639427841	-0.1869439577	0.0620760735	0.0921620133	0.0290483158	0.0443717122	-0.0110519133	0.1033169642	-0.0273673067	-0.0282097494	0.0445740558	0.2062928253	0.0213613308	-0.0090769437	0.1154819578	-0.0477267671	-0.0794924905	-0.0047911521	-0.1341458137	-0.0056568165	0.2195069401	-0.1128046974	-0.048766253	-0.0885941121	0.0590902888	0.0139098863	-0.0263807433	0.0364515949	0.1447439759	0.0623060109	-0.0518041946	0.0267437124	-0.0128179341	0.0934449048	0.1635723944	-0.0204586425	0.1256993996	0.077606944	0.0908107474	-0.0527174644	-0.0104564865	0.0553215686	0.0612000537	0.1144017065	0.1112164334	0.105973176	0.0073005566389383	0.0212180520223199	0.0004502057316218	5.329812723834609e-05	-0.0771811558763175	-0.1057050557698459	0.0111735588153062	0.0059569308224044	0.0282984687089822	0.0499017110896104	0.0024901807696709	0.0008008033312732	0.000127999998977	0.0002560139086975	6.554312144657186e-08	1.6383999738112e-08	3.012643912114754e-09	0.000106986399402	1.1446089657006857e-08	9.076023341202089e-18	4.700003471150515e-05	0.0003070070221157	2.209003262882689e-09	9.425331162835308e-08
533.9892784343239	1.4690838221464446	2.1582072764924067	285144.54948280985	674.5727355717364	2.414608021681147	5.830331898366942	455048.3755767358	546.2283351769609	0.3744820012582295	298365.3941501943	0.1402367692663686	559.6867293700194	412.32742951218734	1.098094	18.472301	0.1947423627517563	0.1346735384001512	-0.1637314599	0.024619019	-0.0429739155	-0.012430629	-0.0501235864	0.1258637435	-0.0094743551	0.0024814601	0.040086526	-0.1011888253	0.0504783914	-0.0044268604	-0.10244506	0.1195637362	0.1123633081	0.0430795481	0.0833605746	0.095413487	-0.0090306441	-0.0457964447	-0.1399652378	0.0262804171	-0.0929979942	0.0728853325	-0.0015518064	-0.1201585082	-0.0707546287	-0.0054783798	0.1409988002	-0.0159524861	0.1264974457	0.0175934745	0.1362563487	0.0278778039	-0.0795045532	-0.0038809491	0.1433773143	-0.146903699	-0.0132791688	-0.0600622255	0.1071734078	-0.1251253127	-0.0722091447	-0.1137555879	0.0035065658	-0.0155339401	-0.0620688417	0.0335420741	-0.0279771977	0.0412512111	-0.1361654745	0.0586200999	0.0200068014	0.084755576	0.0421246627	0.0223608388	-0.046635931	-0.1700262038	0.0697907675	0.0589783747	0.0157228064	-0.0994109068	0.0069151261	-0.0642415973	0.0074685982	-0.1037888933	-0.1218396943	0.027376447	-0.0400708699	0.0026098355	-0.0151463631	-0.0661372958	-0.0257093958	-0.182184917	-0.0932598435	-0.0715731285	0.0984673018	0.0687070599	0.1205425257	0.0017735881	0.0576834685	0.0906557592	0.1736381667	0.0585762993	-0.1452365644	-0.0303428048	-0.1119545356	0.1441065621	0.0017502677	0.0430311834	0.0167429394	0.0696775697	-0.0617956677	-0.0346538904	-0.0986467053	0.1136022497	-0.0248625967	-0.2181322321	0.0069518025	0.0459664879	-0.0193779231	0.0768517283	0.177272318	0.0579169585	-0.0637466894	0.1140484259	0.1098185471	0.1028845713	-0.0067443472224653	-0.0140449038614036	0.000197259324476	4.5486219457175405e-05	0.0512338650849955	0.128415020961313	0.0164904176084944	0.0026249089315475	0.0215172005011154	-0.0067812682078668	4.5985598507025e-05	0.0004629899174052	-0.0003529878063904	-0.0004809878053674	2.313492689121479e-07	1.2460039146030656e-07	8.105318901896474e-05	8.105017637505263e-05	6.569131090427139e-09	6.569619450144027e-09	-0.0003009853779695	-0.000347985412681	9.059219775144281e-08	1.2109384743876949e-07
535.2408399544697	1.251561520145856	1.5664062387098057	286482.7567551663	672.9981837247678	-1.5745518469685749	2.4792135187921502	452926.5552968364	546.8921264334118	0.6637912564509634	299090.9979548589	0.4406188321407486	560.0734812219938	423.23601979439496	1.213397	20.411949	0.1251476974994776	0.0848080185751326	-0.082521153	-0.0976811755	-0.0639533146	0.0720454028	-0.1097795982	-0.0049278513	0.1173322581	-0.0532854142	0.0725703998	0.0718519017	0.0035394474	-0.0223823716	-0.0230372039	0.0636572401	-0.0548989116	0.0654985968	0.1095594886	-0.1079741775	0.0408402039	-0.1035400346	0.2433063511	0.0622698811	-0.0060379887	0.1153467703	0.0401220644	-0.0996162344	-0.0813793113	0.0874794066	-0.1076608999	0.0144857566	0.0171564999	0.0302468316	-0.050687335	0.0243759603	0.0091096555	0.0164227168	-0.0398525627	-0.05744917	-0.0076063887	0.0948895519	-0.0933941678	-0.1133714385	0.0783037832	-0.0347129941	-0.004499036	-0.0343519386	-0.1026981243	-0.1290073551	-0.0075189145	0.085723624	0.0064551595	0.1233505292	0.0696892017	-0.14653701	0.0169048505	0.1213664724	-0.1108402492	-0.0544551703	-0.2178825962	-0.0234153838	0.069894137	-0.092828386	-0.1416644668	0.0997233529	-0.0888361323	0.0349309914	0.1054717822	0.06001611	-0.0950670729	-0.0497479307	-0.1133068106	-0.0350082457	0.0529829175	-0.0287115744	-0.0796653742	-0.0186491592	0.0161655885	-0.0721999704	-0.0068307578	-0.0895387472	0.0011973281	-0.1334706367	0.1341303473	-0.0488221557	-0.0005498338	-0.0461093367	-0.0991921909	0.0288347151	0.0494328123	0.0888898269	0.0704599769	0.0480417714	0.01879746	-0.1554555906	-0.0941133423	-0.0393737341	-0.0629772714	0.0838256362	0.1496508754	-0.0239568089	0.0496268683	0.0296328612	0.0220886734	-0.103780197	0.139350576	0.1136451198	0.1082280018	0.0993899282	0.0001841529959989	0.0069285002184642	4.800411527725846e-05	3.391232593537088e-08	-0.0282206343211868	-0.0794544994061823	0.006313017475887	0.0007964042014901	0.018453842824357	-0.0030633576767583	9.384160255754612e-06	0.000340544314986	2.0999999830620586e-05	0.000373987806221	1.398668792020117e-07	4.4099999288606457e-10	-4.4448378311301435e-10	-8.105363350274786e-05	6.569691503997771e-09	1.975658334504572e-19	-4.200001373181233e-05	0.0002589853642376	1.764001153472424e-09	6.707341888932778e-08
535.5835027959953	0.3426628415255663	0.1174178229623754	286849.6884672279	673.7095036931063	0.7113199683384437	0.5059760973570046	453884.4953664116	547.40670480621	0.5145783727981552	299654.1004667931	0.2647909017515972	560.5694110179559	428.1548123886008	1.138228	19.147451	0.0812675253709241	0.0564386255350113	-0.0431984071	-0.1236029319	0.0951616401	-0.0363009604	-0.0280999377	0.1693771664	0.0160625371	0.0080051212	-0.0566871872	0.0520520956	0.0332524215	-0.0471492546	-0.0983910327	0.0645965583	0.0436623275	-0.1241563469	0.1031551913	0.0099466809	0.1987879556	0.0577519142	0.0450861133	-0.0407923792	0.0863635842	-0.0930975838	0.0365959905	0.0231054974	-0.2452470181	0.0181917323	-0.0088185937	-0.0101750627	0.0659632082	0.0292176462	-0.1585474439	0.0126141981	0.0682837114	0.0735867428	0.032458714	-0.0339994512	-0.0127271192	0.0351292286	-0.0004120892	0.0247057965	-0.0773511512	-0.0942144822	-0.018122932	0.1052119903	0.0486568402	-0.0653087854	-0.0607879892	0.0015722422	-0.0598427855	-0.0885597674	0.1122998923	-0.0563307893	0.0975496043	0.1168859054	-0.0945889265	0.0581481952	-0.0673143734	0.0271954002	0.1627872201	-0.0793791422	0.0890898642	-0.1111805511	0.1340882261	-0.081344474	-0.0718371885	0.0698503992	0.0738850508	0.0064025113	0.0345124412	-0.081410853	0.086135461	-0.0689389698	0.0854885879	0.0215061458	0.009038427	0.0442422507	-0.1147471807	-0.0352559323	-0.0385701164	0.0945235443	0.0991912562	-0.0507207155	-0.0188590213	-0.0286339521	-0.1091327788	-0.027040994	0.1211399832	0.033731674	-0.0434493475	-0.0068589008	0.0347233546	-0.1811399252	0.0027985035	-0.0519284391	0.0761902379	-0.0458648713	0.1179423083	0.0042139044	0.0037480286	0.0678445302	0.0953657469	0.1090201604	0.0487288372	0.1131919653	0.1064475877	0.0955030384	0.0002529337059655	6.878070996659997e-05	4.730786063509544e-09	6.3975459613442e-08	0.0153022323962943	0.0435228667174811	0.0018942399273076	0.0002341583163101	-0.0175220093135308	-0.0359758521378878	0.0012942619370471	0.0003070208103834	9.640081972701191e-17	-2.0999999830524183e-05	4.4099999288201583e-10	9.293118044039848e-33	1.035527219528376e-11	4.5483905530829816e-10	2.068785662337451e-19	1.0723166223841694e-22	-2.8999952289618327e-05	1.3000061442194002e-05	8.409972328001392e-10	1.6900159750081919e-10
536.3360155341919	0.7525127381966286	0.5662754211481876	287656.32155909296	677.1702258125025	3.460722119396223	11.976597587678286	458559.5147269556	548.1828628139996	0.7761580077896042	300504.45108295226	0.6024212530559273	561.8790176434395	434.4741743204032	1.043198	17.548838	0.0421685484849966	0.0228648725750403	0.0540464152	-0.0803368402	0.0683360543	0.0878609118	0.0588083818	0.0726639934	-0.0087888527	0.0372810547	-0.0269417074	0.1407779607	-0.1284297327	-0.0450196791	-0.1764173679	-0.1447635951	-0.0471363947	-0.0925448583	0.0591761401	0.1563823774	-0.0373569666	-0.0876889605	-0.044715126	-0.0094015115	-0.0377850324	-0.1021707137	0.1750929287	0.0138567819	-0.0236736389	0.0576403798	0.0894793724	0.0802236253	-0.0186024618	0.0659919194	0.0563196822	0.0209562982	0.0078686926	-0.0100882849	-0.0211267528	0.045641155	-0.0047339297	-0.0232963487	-0.0888317156	-0.0369813252	-0.074866954	-0.002770356	-0.1094731352	0.1515967523	0.044475547	-0.033421624	-0.1349059402	0.0712503244	0.0434475496	-0.0746980514	0.114429736	0.0733550017	-0.0072972525	0.0049015074	-0.0314156937	-0.1029266013	0.0757183161	-0.0873363704	0.1941128448	0.0779460858	-0.0558216096	0.0433586917	0.0823324481	0.0624660957	0.0240456762	0.104437559	0.0903621052	-0.1328601069	0.0139060352	-0.1480004905	0.0413441086	-0.0082758901	-0.035838837	0.1093512972	0.1376248619	-0.0243540338	-0.0004465059	0.0038976747	-0.1655952556	0.0441951055	0.0491934658	0.0099241302	-0.0535004455	0.0393843289	-0.1033762742	-0.0914628803	0.0947987517	0.0009156161	-0.0321352379	-0.1166539429	0.0132362622	0.047008548	-0.0007751606	-0.0819693187	0.1107718206	0.0609786862	0.0148553173	0.0209333521	-0.0438264001	0.2173526358	0.0445947627	-0.0405441724	0.0934811518	0.112689161	0.1044804285	0.0912392418	0.0002249119676775	-2.802173828799997e-05	7.852178166811634e-10	5.058539320456481e-08	0.0054174620419615	-0.0098847703543328	9.77086849578966e-05	2.9348894976093663e-05	-0.0328270126499887	-0.0153050033364578	0.0002342431271289	0.0010776127595225	1.4880012146226238e-08	1.4880012049825418e-08	2.2141475860294964e-16	2.214147614718404e-16	0.0002480000897433	0.000248000079388	6.150403937646808e-08	6.150404451268484e-08	-0.0001200000540079	-9.100010171828168e-05	1.4400012961898917e-08	8.281018512737613e-09
536.9357503631982	0.5997348290062519	0.3596818651231581	288300.00001809065	679.8728631304197	2.7026373179171514	7.304248472198414	462227.1100211544	549.1254556634453	0.9425928494457594	301538.7660575865	0.888481279826276	563.9578779721871	436.5367981315249	1.080767	18.18082	0.0783244151360761	0.0513101435626019	0.128653201	-0.0077200491	0.0123511793	0.0866432596	0.0890519871	-0.1295282692	-0.0212955834	0.1389257949	0.0675575465	0.0614434626	-0.0349906848	-0.1419717554	-0.0140585188	0.026464075	-0.1791301421	-0.0767092577	0.039670874	-0.0515004764	-0.1015075655	-0.029469526	-0.0272713554	-0.1031693673	-0.1063281586	0.1399192843	-0.128755774	-0.0075957621	-0.0881099531	0.0531657178	-0.0719832309	-0.0448779886	0.0030897412	-0.0820087297	0.0458385613	0.1415710292	0.0560975631	0.184894184	-0.0035301006	-0.0682455467	-0.0537816327	0.0548206588	0.0122538166	0.0626335993	-0.0364578768	0.0047284566	0.0911760201	-0.0053540558	-0.1094223072	0.0005242651	0.0108924542	-0.0749671475	0.1738212978	-0.0556480481	0.0760531927	0.0618869217	-0.1375331295	0.011480677	-0.0895245881	-0.1821355411	-0.0433417851	0.0402617899	0.0076094362	-0.1600235143	0.0307259218	-0.0574028715	-0.1805361128	-0.0749460004	-0.0758676516	0.0140232981	0.0371619188	0.1076842687	0.0220295975	-0.0269768742	0.0083250629	0.0723602639	0.0163246425	-0.0404218286	-0.0418641816	0.0165811128	-0.1747554229	-0.0600974467	-0.0536138303	-0.0801493826	0.0327942236	-0.0016887879	-0.0689959004	0.0744124835	-0.1502688293	-0.0249276686	-0.0306883718	0.1003524158	-0.0160375264	-0.0573536915	0.1477479837	0.0487059389	-0.0626632617	-0.0943846427	0.0075658494	-0.0909487292	0.1679479042	0.0891089097	0.0001675704	0.0950025106	0.0421153688	0.1704811518	0.0137257876	0.1121369276	0.102329975	0.0866153656	-0.0145466290823605	-0.014771541050038	0.0002181984249929	0.0002116044176597	0.0085747490197292	0.0031572869777677	9.9684610599815e-06	7.352632075134688e-05	0.0139678222649308	0.0467948349149194	0.0021897565747145	0.0001951000588246	-3.618307910235874e-15	-1.4880015764534148e-08	2.2141486915278478e-16	1.3092152133275497e-29	-3.2783997738761166e-11	-0.0002480001225272	6.150406077355469e-08	1.0747905077350973e-21	-9.60000126839434e-05	2.40000413239566e-05	9.216002435317294e-09	5.760019835516245e-10
535.4235658028698	-1.5121845603283646	2.2867021444954894	286678.39481706003	678.2119131837215	-1.6609499466981106	2.7587547254364564	459971.3991843239	547.9884373382682	-1.1370183251771095	300291.3274564371	1.2928106717885592	563.2518870035807	431.1164292456487	1.046781	17.609106	0.0987543711057039	0.0624585940774396	0.0930335436	0.050321667	0.0459912978	-0.021509098	0.0127980706	-0.1077765753	-0.0373282587	0.0900085862	-0.0283159986	0.1074874173	0.05909242	-0.1517966945	0.0866606479	0.1409083459	-0.0702484522	-0.0878322001	-0.1071014456	-0.0583741429	0.0734014272	0.0048889494	-0.0638404241	-0.095442604	0.0988536476	-0.0299706427	0.0201821822	0.1268143784	0.0139407269	-0.0025587564	-0.0372924302	-0.1038836668	0.0450553411	-0.0226799293	-0.0263601668	0.0399011214	0.0635933813	-0.0841023444	0.079967145	-0.0195702342	-0.0092232496	0.0865632199	0.1175709002	0.0391393273	0.0709014269	0.0915187526	0.1625447799	0.0368611523	0.0659500527	-0.0370896077	0.0522182868	-0.0487918978	0.1328201085	-0.0673255417	-0.0672263404	-0.0246978636	0.01244917	-0.0221612348	-0.1205332714	0.0787491959	-0.0218477884	-0.0187650884	-0.0646288271	-0.0737672297	0.1084535118	-0.0329271134	0.1081534103	0.0525690492	-0.0547110698	-0.0428877158	-0.0614267737	0.0628083969	-0.0049310361	-0.021123743	-0.0200740152	0.0323874197	0.0654048704	-0.0499383374	-0.1040891871	-0.0771986811	-0.0544238082	-0.0113190414	0.1112408224	-0.0221303708	0.0009012056	-0.1267033635	0.0038780342	0.0280622832	-0.0061722034	-0.0525908557	-0.0227663028	0.0483861657	0.0732688042	-0.0084450723	0.095991768	-0.0510935385	0.1286010647	-0.0276922557	0.052896055	-0.0365251383	0.1580801203	-0.024693953	-0.0329406147	-0.0414822821	-0.0707661342	-0.0267301803	0.1659544495	0.1115355072	0.1	0.0816496581	-0.005817229137861	0.0087293999444995	7.62024233910279e-05	3.384015484237903e-05	-0.0318319129083874	-0.0404066619281165	0.0016326983281731	0.0010132706794071	-0.0328004677489701	-0.0467682900139009	0.0021872729508243	0.0010758706845512	-7.793407846151679e-15	-4.175099935915805e-15	1.7431459474884157e-29	6.073720585645855e-29	-1.0176770537384527e-10	-6.898370763508409e-11	4.758751919082761e-21	1.0356665857057776e-20	-0.0001530003280798	-5.700031539585661e-05	2.3409100392526443e-08	3.249035955227128e-09
534.0535165721108	-1.3700492307590366	1.877034894703428	285213.1585630378	674.7907579831428	-3.42115520057871	11.704302906446753	455342.56705946446	546.8428600897057	-1.1455772485625175	299037.11363108945	1.312347232424068	561.0323514327025	422.2670909231145	1.115069	18.757868	0.1331251766090884	0.0848588883743634	0.0063348963	0.0461449046	-0.0231812716	-0.1217736212	-0.0711033479	0.0480956106	-0.1894733118	0.0306994239	0.0019027898	0.0036334635	0.0206623445	0.0017061642	-0.0207842973	-0.044928796	0.0536285125	-0.0340852084	-0.0991140045	0.0797189741	-0.0692320616	-0.0712449724	-0.0389982556	0.0237774012	-0.0754549751	0.081745791	-0.0238965388	0.094741503	-0.0404915881	0.1924151128	0.091048116	0.0510675165	0.0724252268	-0.1033926982	-0.135501945	-0.1258117063	-0.1154752449	0.0365223956	0.0450434233	0.0950255835	-0.072009764	0.0697444108	0.0444691156	0.0355099135	0.0773101686	-0.058197572	0.0753103061	-0.1057702737	-0.0314053128	0.037752037	0.0057252398	-0.0224901392	-0.0189313284	-0.0485335292	-0.0706283183	0.1442669395	0.076754112	-0.0258049748	-0.0807564544	-0.0039046615	0.0785063135	0.0252299414	0.0887167473	-0.0985074831	0.0590534088	0.0686549664	0.0211376009	-0.0255874894	0.0272285574	-0.1145681571	-0.128469731	-0.2068279389	-0.0394177368	0.0243380243	0.0025679853	-0.0164380936	0.0087853231	0.0390245505	-0.0600535722	-0.0009436826	0.0176012584	0.0905431662	0.1000793171	0.1298159002	0.0163067657	-0.0001923794	-0.1289137337	0.1398782703	-0.0096572775	0.0659079125	-0.0156139237	0.0587340542	-0.0869376621	-0.1142508437	-0.0224712742	-0.0486448954	0.1520921738	0.0813055281	0.0304127199	-0.1979112486	-0.0228266356	0.0606250723	-0.0306464101	-0.0114605932	-0.0887232278	0.0713524005	-0.0176938114	0.1108851636	0.097494591	0.0763617167	-0.0155296837697846	-0.0097124546319235	9.433177497717418e-05	0.0002411710779895	0.0450194135147796	0.076851326423167	0.0059061263730001	0.0020267475932147	-0.0216373659400304	0.0111631018089397	0.0001246148419967	0.0004681756048227	-0.0004660141275899	-0.0004660141275821	2.1716916710611197e-07	2.1716916711337565e-07	-9.39299571529606e-05	-9.392985538525522e-05	8.822817732694961e-09	8.822836850757013e-09	-0.0003010222200136	-0.0001480218919338	9.061437694191622e-08	2.1910480491661568e-08
533.4782843456317	-0.5752322264791019	0.3308921143801047	284599.0798683586	672.8747765506125	-1.915981432530316	3.6709848498009214	452760.4649180367	546.173665793201	-0.6691942965046564	298305.6732059833	0.447821006474362	560.5390680080806	418.84988523982895	1.196085	20.120726	0.0962296120569067	0.0556981344394035	-0.0133120574	0.0680497647	-0.1823888155	-0.0163137182	-0.1330504123	-0.079698664	-0.0063734273	0.031375039	0.1502425007	-0.0471942511	0.0257814861	-0.0442436705	-0.0072457806	-0.1549380618	-0.0524205522	0.1776563728	-0.0995672828	0.1137534131	-0.0164429579	-0.1196502907	0.0158043582	-0.0091253452	-0.0127084188	0.2076804872	-0.1382563103	0.0680324323	-0.0204336537	0.0826065835	-0.0506883114	0.0752612982	-0.0550617079	0.0163898227	0.0543780679	0.0685194714	0.2154265483	0.070167322	-0.1983738553	0.071247229	-0.0829393221	-0.0261357941	0.0190179992	0.0014506934	-0.0666090669	-0.0753645971	-0.0836076754	0.0507260295	-0.0126077899	-0.0176551229	-0.0072948606	0.1477147108	0.0444257958	0.1722747737	-0.0615649177	0.0343924019	-0.0417303351	-0.0724834979	-0.0733291793	-0.0432067022	0.0505170707	0.0038344423	0.0207972334	-0.1731803168	-0.1581038656	0.1641237337	-0.1132072811	-0.0307926801	-0.0868938702	-0.1122263811	0.1234480819	-0.0670887563	0.0752107855	0.025586649	0.0233423518	0.0035079966	0.009436468	0.0054194448	-0.044822727	0.0402054938	-0.1233948677	0.0464285207	-0.1325576879	-0.1203724109	0.0497821827	-0.0153305481	-0.0829168031	0.105038971	-0.0724263796	0.214612949	-0.0672603518	0.075424223	-0.090608601	-0.0872021042	-0.0691778986	0.0050370176	-0.0541706597	-0.0451628013	-0.1441124353	-0.0311909605	0.0841668264	-0.0183929415	-0.0749429249	-0.1003083603	-0.1057641312	-0.1108985807	-0.0755740665	0.1101861821	0.0948181434	0.0707724105	-0.0172606794829022	-0.0017309957131175	2.996346158831504e-06	0.0002979310562114	0.0384095356851474	-0.0066098778296322	4.369048492266333e-05	0.0014752924315486	0.0302062176453148	0.0518435835853452	0.0026877571589706	0.0009124155844361	0.0001049999987721	0.000571014126362	3.260571325049581e-07	1.1024999742141e-08	-1.873204502622628e-08	9.391122510793436e-05	8.819318201273124e-09	3.5088951086456873e-16	-0.0003569999671199	-5.597774710629997e-05	1.2744897652360968e-07	3.1335081710968744e-09
535.1298655182935	1.6515811726618497	2.72772036989109	286363.9729696269	674.4678477342217	1.5930711836091405	2.537875796045828	454906.8776272332	546.4880591974722	0.3143934042711862	298649.1988454199	0.0988432126492255	561.1961527604324	416.1500327614622	1.176281	19.78758	0.1338498678849577	0.075990955534852	-0.0297730785	0.0722820313	-0.0314440173	-0.1444483917	-0.1075072833	0.0047123423	-0.0074021228	-0.0778979767	-0.0892003661	-0.0325402662	-0.0062288781	0.0396232672	-0.0661830858	0.0565935268	0.0476286927	0.0472987226	-0.114516482	-0.0469909534	0.0201646172	-0.0260769725	-0.0527033366	0.0762733941	0.0177850967	0.1036583803	-0.0439715521	0.1064043907	0.0313960147	0.0865772519	0.0150619972	0.0428241841	0.0151967326	0.1178906316	-0.0692691846	0.0823404741	-0.0004651673	-0.1360332161	0.0724959762	0.0320934525	-0.0431467754	0.0026711016	0.1163063436	-0.0523757787	-0.0615426132	-0.1092061543	-0.1666818908	-0.0518961175	0.1040678468	0.1453331172	0.0165334257	-0.0062984286	-0.0326841247	0.0307124928	-0.0895049615	-0.0271831626	0.0614756924	0.0316816295	0.0066982718	0.0883798705	0.1116631771	0.0882225907	0.0234878621	-0.0785726854	0.1020116463	-0.0198411512	-0.0788678873	0.0383653471	-0.1037713561	-0.0412906092	-0.1807099081	0.0161010233	0.0005329177	-0.0043268075	0.0393787453	0.0819400298	-0.0010311056	0.0366058993	-0.0420732202	-0.0476513826	-0.0072891233	0.0458620149	0.0014876458	0.0398263591	-0.0072313025	-0.0916150714	-0.0551799273	0.067984787	0.0941801642	0.089508639	-0.0219927842	-0.0059640041	0.0430748517	-0.1928125764	-0.0459103209	-0.132972921	-0.0075414149	0.0334418555	0.0139104261	-0.1183581081	-0.0167886603	-0.0303474634	0.0412564717	-0.0360181034	-0.0732507723	-0.0070807256	0.0535140579	0.1094388693	0.0919753525	0.0649037979	-0.0165519914165628	0.0007086880663393	5.022387753718753e-07	0.0002739684198539	-0.012573128407979	-0.0509826640931264	0.0025992320380325	0.0001580835579635	-0.0277497957719532	-0.057956013417268	0.0033588994912225	0.0007700511653851	-0.0002629994935956	-0.0003679994923677	1.354236263828849e-07	6.916873363154203e-08	3.1732453553701134e-08	5.0464498579927415e-08	2.546665616923496e-15	1.0069486085377995e-15	-0.0002409998778217	0.0001160000892981	5.8080941110074334e-08	1.3456020717190373e-08
536.8923312926016	1.7624657743081116	3.1062856056074915	288253.3754008047	677.0537682178757	2.585920483654036	6.686984747781522	458401.80505802494	547.6816040210509	1.1935448235786907	299955.1393830712	1.424549245891488	562.2854414016773	426.62566315558246	0.946232	15.917656	0.0796143881275901	0.0525851473377226	0.0511141535	-0.0002012703	-0.1176007984	-0.0866896896	-0.0420313404	0.0051573475	-0.0762591362	-0.0911284184	-0.0865747124	-0.0890650002	-0.1447064593	-0.032114822	-0.0374602231	-0.0908289038	-0.0041965626	-0.0208479378	-0.0664609578	0.0747068749	-0.1140698482	0.1891990544	-0.1021169066	0.0400026574	0.0122454905	0.1281687997	-0.0596123867	-0.0642093826	-0.0973929916	0.0351587392	0.0671377602	-0.1414933152	0.0657232766	-0.0703592889	0.1426887918	-0.0705240397	0.0109904638	0.0212026277	0.0382100721	-0.0274069799	-0.1003328652	0.000330968	-0.0069186311	-0.0460066326	0.0094474431	0.0612730818	-0.066059364	0.0838970172	0.105800907	-0.1094805308	-0.0203939956	-0.0345923166	0.0276244934	0.0138484177	-0.031114933	0.0978249077	0.0531206339	0.0687617796	0.1075683268	0.0478609113	0.1362625079	0.080921351	0.0435810965	-0.1308453711	0.0029962758	0.0100160785	-0.0300676855	0.0178256493	-0.0388557428	-0.0151447616	0.055260773	-0.0213361309	0.0077107899	0.039909972	0.0101001763	-0.0014842897	-0.014100019	0.0012732182	-0.1140227855	0.1207981818	0.1400585281	0.0547115023	0.1198649802	0.044755922	-0.0541441074	-0.0181806359	-0.0779490766	0.1202324087	0.0255951822	0.1082242994	0.0447294345	-0.0473009397	-0.0209823242	-0.1411764615	-0.0121390824	-0.0909225905	-0.0241890736	-0.0004838991	-0.0351156227	-0.0347658543	-0.1053480236	0.0071776227	-0.0244722703	-0.010734427	-0.0170361744	0.0045745947	0.0548909212	0.108643553	0.0889712056	0.0587790397	-0.0147158585913445	0.0018361328252183	3.3713837518441387e-06	0.0002165564940804	0.033491532760749	0.046064661168728	0.0021219530085897	0.0011216827666643	-0.052613232019965	-0.0248634362480117	0.0006181904620589	0.0027681521835866	-0.0001859999953399	7.699949825569998e-05	5.9289227316295435e-09	3.459599826644282e-08	2.8009091712633e-08	-3.723361841068133e-09	1.3863423399522281e-17	7.845092185666866e-16	-0.0003009998139168	-5.999993609509999e-05	9.060088797794822e-08	3.5999923314160823e-09
537.0496288769388	0.1572975843371296	0.0247425300382963	288422.3038768576	676.3503402390405	-0.7034279788351796	0.4948109214081458	457449.7827414659	548.7680846082137	1.0864805871627825	301146.4106845676	1.1804400662815842	563.1784993868607	432.8338355621357	0.882494	14.845442	0.0530258244779196	0.0292064206210511	0.1029849058	-0.0447446423	-0.1668669835	-0.064635657	-0.0431487349	-0.0541895787	-0.0668590247	-0.0528041771	0.0161729284	0.0013244047	-0.1342431274	-0.0500845004	-0.016343147	0.0258082636	-0.130519957	0.0178597133	-0.0096396887	0.0385495891	-0.0140097147	0.082439058	-0.0622990022	0.0568009601	-0.1445287874	-0.0410587537	-0.0673177732	-0.0296583319	-0.0262260905	-0.1138690844	-0.0232727751	0.0257516402	0.0222947737	0.0709943633	0.1011920206	0.1624542588	-0.1037476688	-0.0994089633	-0.0921770568	-0.115354899	0.0988322512	-0.1035080702	-0.0977900298	0.0055293592	-0.047430579	0.1133879485	0.018044389	-0.0346574721	0.0285931667	-0.1292108212	0.0300802299	-0.1372185902	0.1066417618	0.0508829823	-0.0015634719	0.1030932731	0.0082215314	0.0462349241	0.0819024854	0.014968877	0.0889837071	0.0186875954	0.0101932842	-0.055131254	0.0309995382	-0.043623121	-0.0575450523	-0.034680469	-0.092679089	-0.0490061509	-0.0050744701	0.0605426278	0.1056008094	-0.043010337	-0.0599465457	-0.0066705342	-0.0845851542	-0.0021954007	0.059374673	0.0787783925	0.0439236602	-0.1268113048	-0.1231241384	-0.0407278981	-0.0348511971	0.0392075049	-0.0864135179	0.1626208747	0.0130068485	0.0744839443	0.0320365934	-0.0316156437	0.0219929753	-0.1311426874	0.0831667698	-0.0255049942	-0.1018229325	-0.1175307175	-0.0187801689	-0.0433832964	-0.0699580723	0.0515458412	-0.0861744294	-0.0184245119	-0.1024902403	-0.0018827522	-0.057973451	0.1078005821	0.085810973	0.0524223074	-0.0116168379755663	0.0030990206157782	9.603928777018294e-06	0.0001349509245505	0.0153376557710771	-0.0181538769896719	0.0003295632497561	0.000235243684552	-0.031591918607134	0.021021313412831	0.0004418956176004	0.0009980493212797	2.8999949803939124e-05	0.0002149999451438	4.6224976411853833e-08	8.409970886309887e-10	-4.302741718476e-09	-3.2311833431109e-08	1.0440545796797332e-15	1.85135862959138e-17	-0.0003009998261323	-1.2215499987401623e-11	9.060089533167483e-08	1.4921843994220905e-22
535.9363223214751	-1.1133065554636232	1.2394514864382775	287227.7415834681	675.4543828115413	-0.8959574274991837	0.802739711890955	456238.6232593202	547.9866307290753	-0.7814538791384393	300289.3474578039	0.6106701652205145	562.6375749600239	433.2180133423656	1.030934	17.342524	0.0864262827337567	0.0558693676084862	0.0825327053	-0.0517935267	-0.0807125541	-0.1008319675	-0.0824432092	-0.0904750341	-0.0199054315	-0.0245007623	-0.0059360595	0.0915827774	0.0486645748	-0.086284901	0.0649943196	-0.0034934513	-0.1108540691	-0.0253683268	-0.1355479039	0.0099886324	0.0079321839	-0.1425169349	0.0566884434	0.16437732	0.0387904252	0.0411774988	0.1718993597	-0.0333834501	0.0523298089	0.0216814412	-0.1204538135	-0.0706878916	-0.1060351039	-0.0152829594	-0.0646613148	-0.0552576202	0.0307570783	-0.1222833935	-0.0552398426	0.1629220547	-0.0710050766	-0.1662064194	-0.0085987951	0.0852794588	-0.168476787	-0.1211860735	-0.0577073424	-0.018048356	-0.0798415962	-0.0169102446	0.04363902	-0.0467358079	0.1266817173	0.0228408423	-0.0779955051	-0.0399160566	0.060854068	0.0389088382	-0.0838619158	-0.0417827142	-0.033781061	-0.056251736	-0.0132965562	0.1129934375	-0.1221071427	0.0930261688	-0.0145450507	0.1989233977	-0.1730411062	-0.0786209238	-0.0144433621	-0.1010829911	0.2629108565	0.0361067635	0.0734895772	-0.0011745378	0.0455971639	-0.0979597063	-0.0267910046	-0.0899245587	-0.0692514023	0.1401247515	-0.0944539136	-0.0766225968	0.0213506751	-0.0607210842	0.0178915648	0.0825846348	-0.0490852469	0.2057217137	0.0669224097	0.0861965378	-0.0664840887	0.0669447554	0.0571255912	0.0373388488	0.0909362256	-0.1746902353	0.0327465833	0.0777539379	0.0444466164	0.0265567939	-0.0105355978	-0.0655156696	-0.0293516156	0.0273641694	-0.0661219377	0.1069103263	0.0825001988	0.0458586883	-0.0155338259674948	-0.0039169879919285	1.5342794928912073e-05	0.0002412997491884	0.0439807592954508	0.0286431035243736	0.0008204273795079	0.0019343071882043	0.0171734996611547	0.0487654182682887	0.0023780660188811	0.0002949290906116	0.0001309999999578	0.0001020000501538	1.0404010231390133e-08	1.7160999988943597e-08	-1.969936147538932e-08	-1.5396619756913317e-08	2.3705589993897347e-16	3.880648425380527e-16	-0.0003009998139226	1.2209699993669804e-11	9.060088798143981e-08	1.490767739354204e-22
535.1079470504966	-0.8283752709785404	0.6862055895687702	286340.5149965971	674.4648843335856	-0.989498477955749	0.9791072378767438	454902.880199117	547.5401819064823	-0.4464488225929699	299800.25080218376	0.1993165511946491	561.3012500298329	427.7799582787754	1.108325	18.644419	0.1300641672172793	0.0616969327590951	-0.0039403302	-0.0162026397	0.0824732759	-0.161118153	-0.0917439525	0.0825480388	-0.1244652975	0.004332864	-0.0712369603	0.0634190345	0.0978030373	0.0239339958	0.1182710582	-0.0267798474	0.0398566853	-0.1038694054	-0.1341348442	0.1266104828	0.1707905999	0.0889490571	0.1666794218	-0.04425875	-0.0435246065	0.01569544	-0.084279163	0.083454038	0.2068432484	0.0326600558	-0.0712097141	0.0536755952	-0.0079508	-0.0988139875	-0.0616022596	-0.0744473285	0.0218622247	-0.208931505	0.1160836833	-0.0145118535	-0.0419846562	0.0405199386	0.0662038362	0.0797511045	0.0935683212	0.0782404578	0.0196768134	0.0615022395	-0.0516889043	-0.0195917278	-0.0023736702	0.0665268665	-0.0328896079	-0.0505148767	-0.0887586398	0.0633347018	0.1437679756	0.0646374861	-0.0768528784	0.0374305678	-0.1498668004	-0.1538212894	0.0234132818	0.1001890827	0.1600221943	0.0795819578	-0.0747029496	-0.0300454349	0.0178266828	-0.0101186021	0.0499678723	0.0156683563	0.0565293975	-0.0146761647	-0.1489145553	0.0916147494	0.1547555916	-0.061822012	-0.188773845	-0.0488876043	0.04791878	0.1450302604	-0.0717056346	0.1080900153	0.0287505331	-0.013076618	0.0301332854	0.0464933426	0.0503307435	0.1410839247	0.1016193826	0.0365238043	0.0171755274	0.0267947374	0.0309567958	0.054138039	0.2007904005	0.0279588854	0.0754531597	0.0797171834	0.09339699	0.010881603	0.1306999103	-0.0042129887	-0.2021518629	0.0070490857	0.000399877	0.105973176	0.0790446912	0.0391140859	0.0002246552294735	0.0157584811969683	0.0002483297296352	5.0469972129790944e-08	0.0248711819747455	-0.0191095773207052	0.000365175945376	0.0006185756928209	-0.0327202743036139	-0.0498937739647686	0.0024893886804474	0.0010706163505037	-0.0005709994545852	-0.0007019994545429	4.928032341786695e-07	3.260403771365959e-07	2.766209017401877e-08	4.7361451649408095e-08	2.2431071023392203e-15	7.651912327955458e-16	-9.699993522050664e-05	0.000203999878702	9.408987432782484e-09	4.1615950510468804e-08
534.0723931566296	-1.035553893867018	1.072371867103143	285233.3211320495	672.7642072507848	-1.7006770828007802	2.892302539963772	452611.6785577769	546.1852288835504	-1.354953022931909	298318.3042505764	1.835897694352318	560.1003782963141	421.5248615447143	1.24836	21.000101	0.0590008942529058	0.0350530227652723	-0.0821162257	-0.0243420004	-0.1290851072	0.0487903827	-0.101448907	0.0789260658	-0.0607501355	0.0281608443	0.1336430746	-0.0286748229	0.0044171997	-0.0567353698	0.0434313977	-0.1281663965	-0.0282987555	0.138496693	-0.0395631923	0.1063770294	0.0019134401	0.0982414746	-0.1293240532	0.0574936606	0.0949388079	0.0711801648	-0.0491080905	0.0511774703	0.0472338929	-0.0499272397	-0.0071231538	-0.0072139413	-0.0186808436	-0.1516605715	-0.1087244732	-0.0773116983	0.0754547668	0.0608380063	0.0220754975	0.0188767769	-0.0550368175	-0.0827271909	0.0420153806	-0.1114237507	0.0895034856	-0.0378570842	-0.0177531278	0.1554419445	-0.0937533389	-0.1188488077	-0.1466071032	-0.0368877755	-0.0265791204	0.1591252545	0.0003859643	0.1263886681	-0.0169161295	-0.0145514081	-0.0417997262	0.0255864603	0.124026693	-0.0131025154	-0.0228472977	0.0081315011	-0.0221521118	-0.0927127009	-0.0017585493	-0.0577221827	0.0482169029	-0.065798957	0.1048440567	0.0512266365	0.0029597746	-0.0418456789	-0.1404359841	0.0482329166	-0.0186188234	0.0879234208	-0.1115571063	0.0443128586	-0.0365641326	0.2938290208	0.1326024374	-0.0513190451	0.050498303	0.145651539	-0.004272494	0.0673390256	0.0384767862	0.0553405516	0.0138029651	-0.0488675983	0.1634156665	-0.1220231102	0.0493263129	0.1210157224	-0.0616343036	0.1314510997	0.0865934244	0.0713521475	0.022808487	0.0945255715	0.0658183549	-0.0295327756	-0.0605384529	-0.1337095167	-0.0133907851	0.1049895425	0.0754505123	0.032215118	0.0001991286963516	-2.5526533121900005e-05	6.51603893223458e-10	3.965223771068771e-08	0.0052747394839514	-0.0195964424907941	0.000384020558295	2.782287662355589e-05	-0.0284421503432028	0.0042781239604111	1.830234462064355e-05	0.0008089559161453	-7.299995181109923e-05	0.0004979995027741	2.480035047632516e-07	5.328992964422809e-09	1.1044457792763753e-08	-1.661763238125502e-08	2.761457059585354e-16	1.2198004793613995e-16	-0.0003009998401856	-0.000203999904965	9.060090379175675e-08	4.1615961225767134e-08
534.8452476263341	0.7728544697044981	0.597304031342221	286059.43890847464	674.1151709032308	1.350963652446012	1.8251027902302688	454431.2636418921	546.5190656283376	0.3338367447871633	298683.08909527113	0.1114469721700896	560.4333826364615	424.0840655582937	0.9833400000000002	16.541903	0.1014317762656129	0.0491975911262068	-0.072196113	-0.0551635461	-0.0908867206	0.0413949186	-0.1002033958	-0.0295728736	0.0812734309	-0.0774751428	-0.0022384612	0.0682116116	0.0044169848	0.0618017441	0.0169531571	-0.054794044	-0.038936864	0.1204601779	0.0189134382	-0.0837962534	0.0389838475	0.0178997423	-0.224325281	0.0264146763	-0.0907608446	0.0939761899	0.0496245871	0.1817723356	-0.0563290996	-0.019465317	-0.1837014102	0.0178522965	-0.0585222215	-0.0029488978	-0.138571249	-0.0109504104	-0.060721385	0.055136506	0.0117170937	0.06787052	-0.064599277	-0.1932896311	-0.0432915103	-0.003383898	0.1275572508	0.1494395014	-0.0448406079	-0.0850923355	0.060577015	-0.0039153142	-0.0518431263	0.0644422026	0.0004900122	0.1323638444	-0.0036026695	-0.0651058949	0.0372065692	0.0409883017	0.0437699494	-0.0190433485	0.0937242331	-0.176390183	-0.1799949392	0.0182183716	-0.0109133805	-0.0937995584	0.0213366044	0.0441140363	-0.1216250793	-0.1296959079	-0.0580425762	-0.0031317208	-0.185656312	-0.1136627642	0.1018818841	0.1129153025	0.0674009076	-0.0308526546	0.0343885293	-0.0492684919	0.0113324338	0.1669946628	-0.0366807809	-0.0864167564	0.0300607908	0.0526493294	0.0779296086	0.0041910343	0.0209203664	0.0409508264	0.0445331714	-0.0475644155	0.1844192592	-0.0672385659	0.0269301321	0.0142067351	-0.0321724425	0.1119533523	0.0230375422	-0.0007486021	-0.037774216	0.0671334738	0.0820231871	-0.0371690863	0.0012777174	-0.0367487687	0.0969262015	0.103959857	0.0717239676	0.0251890118	0.0002336488034018	3.452010705020002e-05	1.191637790757269e-09	5.4591763331092994e-08	-0.0308943898361064	-0.0361691293200578	0.001308205915771	0.0009544633233453	-0.0450221750957808	-0.016580024752578	0.000274897220796	0.0020269962503551	-0.0004630068256812	-0.0003900068738701	1.5210536166592868e-07	2.1437532062738117e-07	6.895060845613088e-05	6.893956399833812e-05	4.752663484280957e-09	4.754186406470667e-09	0.0002130157636645	0.0005140156038501	4.537571556957013e-08	2.642120410013829e-07
536.0493175369444	1.2040699106103148	1.4497843496371314	287348.87083182385	675.2375133973766	1.1223424941457552	1.2596526741653145	455945.69949907233	546.7473959190569	0.2283302907193274	298932.7149442699	0.0521347216599725	560.4360090677554	427.1803723355691	0.951309	16.003061	0.1089964267643388	0.0663731078889656	-0.0506814893	-0.1283893909	-0.0327509018	-0.0094511196	-0.0740883888	0.0088373841	0.0552511829	-0.0936425985	-0.0622449504	0.0479064681	-0.0289767001	0.0002371402	-0.0059255415	0.04445953	0.0529108561	0.0262884541	0.051069696	-0.0830051034	0.0357257892	0.0098503327	-0.0308001097	0.1901534744	-0.0357613748	-0.0634997254	0.1326349856	0.0752225312	0.0240602628	-0.1201106904	0.0509375197	-0.0215394022	0.0497064221	-0.114895188	0.1514749859	-0.0966780896	0.0891398308	0.040712787	0.1208350189	-0.0992258082	0.012840661	-0.1065019451	-0.1011161254	0.0228399238	0.0551099017	0.0804689028	-0.0334185112	-0.0555145386	-0.0769734392	0.070243762	0.0668108939	-0.0797230484	-0.047867877	0.0499562479	0.0337573178	-0.0758083558	0.0853245271	0.145013889	0.0568177216	-0.0505801439	0.0164166427	-0.0224582708	-0.1576760649	0.0878257102	-0.1377868664	-0.005912723	0.1775741062	0.0450236312	0.008403569	-0.0373294871	-0.0794240817	-0.0933837837	-0.1129637669	-0.0829013294	-0.0949898104	-0.0497426983	-0.0251483997	-0.1137229256	-0.0243581121	0.134337464	0.0942416561	0.0108868149	0.0533987151	-0.0333222867	-0.0239172736	0.0363072315	0.1143876524	-0.0208412836	-0.020435522	0.0626081832	0.0798006962	-0.0823899669	0.1953155799	-0.0544131411	0.0783490961	-0.1053274104	-0.0333326047	0.0970377573	-0.0364313069	0.0235820873	-0.1157298978	-0.0145092801	0.0143911213	-0.0378178512	0.0321004776	-0.1353354092	0.0802720042	0.1028845713	0.0678715947	0.0180634961	0.0001994032220409	-3.424558136090001e-05	1.172759842746022e-09	3.976164496029247e-08	0.0304273332374691	0.0613217230735755	0.0037603537207122	0.0009258226079439	-0.0599639216477712	-0.0149417465519904	0.0002232557900239	0.00359567189938	-4.799999984214962e-05	0.000415006825839	1.722306654930039e-07	2.3039999848463633e-09	-1.0167713337949635e-09	-6.895162522746467e-05	4.754326621508743e-09	1.0338239452271892e-18	4.299998358277448e-05	-0.0001700157800817	1.8489985881188747e-09	2.8905365476797665e-08
536.8260854697398	0.7767679327954511	0.6033684214193185	288182.24604076444	674.6541296674319	-0.5833837299446714	0.3403365763641572	455158.19467732	546.877644471015	0.1302485519580614	299075.1580221658	0.0169646852871718	561.2095850094771	436.5474749789796	0.979269	16.473412	0.0411299488189667	0.0255401161284852	0.0242818159	-0.1762707573	0.0848161738	-0.0379200901	-0.0462186315	0.0589732977	0.0339991497	-0.0487732504	-0.0908679731	0.1083914405	-0.0280118709	0.0610965052	0.1483337651	0.1334231708	0.0519612612	-0.0382759863	0.0995494866	-0.062786859	0.1187806091	0.0719053258	0.1560983726	0.1120081319	-0.1137092321	0.0867252743	-0.00406502	-0.11164375	0.1739711696	0.189669787	0.0285660301	-0.008959239	0.0100059338	-0.0223937375	0.0782067324	-0.0599478807	-0.1214836043	0.0286439167	-0.1052473711	-0.0190221227	0.0307821372	-0.0326551014	0.0195255351	0.0414393257	0.0464654283	0.0329288155	0.0532948496	0.0312565521	-0.1742672371	0.0474511261	0.0200079899	-0.0182260584	-0.0235011944	-0.0571054191	0.0677593111	-0.0816176387	0.063484204	0.1924824336	0.0124194925	0.0844338464	-0.1457446866	-0.0069060707	0.0028467504	-0.0735139709	-0.0429258372	0.1096988269	-0.1137637878	-0.0425486642	0.2188309294	0.0206463291	-0.1382113346	0.0395003651	0.0517193197	-0.0339437344	-0.181310814	0.0382634761	-0.0623703626	-0.0024776655	0.0919525951	0.002073613	0.0258876027	0.0532237159	1.85995e-05	0.0197936745	-0.0761262701	0.0030969761	0.129895179	-0.0483560465	-0.0471078457	0.0240357378	0.1468819168	-0.0446172827	0.0744049405	-0.0157657081	0.1260548652	-0.1781990634	0.0446779552	0.0035039672	-0.0660808463	0.0974481951	-0.0619467798	-0.0055411308	0.0378403629	-0.0295825932	-0.0579673	-0.0422153696	0.0504199704	0.1017641571	0.063900152	0.010866692	-0.0040582173966896	-0.0042576206187305	1.812733333303909e-05	1.6469128438794113e-05	0.0374808089946441	0.007053475757175	4.975152025705544e-05	0.0014048110428929	-0.0645330989729942	-0.0045691773252229	2.0877381429331964e-05	0.0041645208630582	-2.1011777122856726e-05	2.698822271929289e-05	7.283641655461571e-10	4.414947778606053e-10	0.0004709993258316	0.0004710003426029	2.2184132273208098e-07	2.218403649338217e-07	5.000492061731329e-05	7.004937034538811e-06	2.500492085943804e-09	4.9069142857853394e-11
536.6421151066218	-0.1839703631180782	0.0338450945057975	287984.75970610866	677.0412490205615	2.3871193531296058	5.698338806085908	458384.852875322	547.7729915804631	0.8953471094481529	300055.2503050101	0.8016464463971626	562.1203827368907	437.8757859501847	0.949765	15.977088	0.0332719693002253	0.0161148009268122	0.0428292775	-0.1506689823	0.105192971	0.0055995857	0.0405412415	0.1101606472	0.0186403974	-0.0214045299	-0.0012235236	0.0937832206	-0.0617509935	0.0821885606	0.1498452688	0.0126483071	0.0675194541	-0.1136324605	0.0997663668	-0.024238634	0.1006241927	0.1072059074	0.0027425515	-0.1204780485	0.0101930944	-0.057821768	-0.020894679	0.0017583439	0.1028446066	-0.0782049571	0.0620224524	0.1133689091	-0.0402513955	0.0491564887	0.0405874	-0.1340693596	0.0239077019	0.0638625208	-0.0505117444	-0.0012386694	-0.0606084945	-0.0380952024	-0.0265586402	0.0656878133	-0.110090678	0.0214436639	-0.0792422723	-0.0325974854	0.0282349788	-0.0193196006	0.03690242	0.0626788831	-0.0268090532	-0.1170174241	0.0892435092	-0.0149326351	0.0549477341	0.0585474007	0.0407178029	0.122198835	-0.0079915046	-0.1375386846	-0.1056529321	-0.0276312148	0.0445236568	-0.013957846	0.0648832937	-0.0055934464	0.1406355302	-0.0557792921	0.1551867435	-0.0831339489	0.0535744003	0.1240334289	-0.0056958793	-0.0732045107	-0.090454475	-0.0100523541	-0.0259944762	0.0610570748	0.0640734392	-0.0904786864	-0.0620416054	0.0700721555	-0.1224109507	0.0329845596	0.0972811982	-0.0462798463	-0.0286341866	-0.0494158067	0.1188508317	-0.0609749338	0.0407530587	-0.1153251863	0.0487929096	-0.0812052854	0.1817375613	-0.0145213235	0.0088859591	0.1707710248	-0.0728230826	-0.0269894152	0.0564321734	0.0287661008	-0.0546786859	-0.1049571713	-0.0394080662	0.1005991057	0.0598166067	0.003627002	-0.009596268560017	-0.0055380511633274	3.067001068763197e-05	9.208837027597074e-05	0.036196231610674	-0.0012845773839701	1.6501390554074675e-06	0.0013101671828135	-0.0722799611453197	-0.0077468621723255	6.0013873517007895e-05	0.0052243927831689	0.0001370071030743	0.0001580188801971	2.4969966498763364e-08	1.877094629281186e-08	0.000345997257696	-0.0001250020681355	1.5625517038177173e-08	1.1971410233315225e-07	-4.102370266197669e-05	-9.102862327928998e-05	1.6829441800982732e-09	8.286210256122894e-09
536.149343438483	-0.4927716681387437	0.2428239169202402	287456.1184695164	676.9379315201525	-0.103317500409048	0.0106745058907736	458244.96313078265	547.4449852218343	-0.3280063586288406	299696.0118445343	0.1075881713009516	561.8128360204207	436.79851974097664	0.943938	15.879062	0.056802155076213	0.0274374964501679	0.0831604367	-0.0592512525	0.113640826	0.0701697804	0.0481745384	0.054328388	-0.005939734	0.0686377482	-0.0439724757	0.0424227667	-0.1225100686	0.0964869308	-0.0026503625	-0.1364515937	0.0626123144	-0.0657352046	0.054287687	0.1343448834	-0.1230925068	0.0102982852	0.0035240527	-0.0133504891	0.0855754165	-0.1230831323	0.0087838958	0.0937160187	0.0208659173	0.0560133055	-0.017070625	0.0967429178	-0.1062708493	0.0429901873	-0.0625969238	-0.1193189551	0.1075453059	-0.0420993195	-0.0470995812	-0.0414691493	0.0116092224	0.061064957	-0.0198377034	0.088805482	0.0404970827	0.0196364107	-0.1147241556	-0.1587777182	0.0483423335	-0.0565603329	0.0344103363	-0.0100521113	-0.0336874122	-0.1165042748	0.0745257824	0.0842521099	-0.0487519044	0.0223190541	0.0453603237	0.0967491298	0.1078966063	-0.0666490991	-0.0166955838	0.0782525879	0.020151377	0.1610437938	0.0584134977	-0.0250755483	0.059642279	0.0269719105	-0.0175157473	-0.1372389128	0.0262425478	-0.0298817603	0.1622085379	0.0195882657	-0.0162410003	-0.0662444176	-0.1104811354	0.0100551591	-0.0634298498	0.0377673955	-0.0880546757	0.0913279829	-0.1518132518	0.0660800701	0.0437350288	-0.0164420825	-0.0186992747	-0.0306080503	0.044813194	-0.0073749364	-0.0044315681	-0.1542956232	0.0263689081	0.0679359576	0.1424971026	0.0418954984	-0.01166016	0.0323474702	-0.1408858252	-0.0308829534	0.00923989	0.0523677608	-0.0853702323	-0.0151975256	-0.0508064544	0.0993899282	0.0556281227	-0.003627002	-0.0199048686749279	-0.0103086001149109	0.0001062672363291	0.0003962037969661	0.0444068155935326	0.0082105839828586	6.74136893395742e-05	0.001971965271158	-0.0655458095349814	0.0067341516103383	4.5348797911021936e-05	0.004296253147596	-6.90000014171515e-05	-0.0002060071044914	4.2438927100951816e-08	4.761000195566908e-09	4.179442569807179e-09	-0.0003459930782534	1.197112101992843e-07	1.7467740194316437e-17	-0.0001199999072792	-7.897620461722331e-05	1.4399977747016596e-08	6.237240895741524e-09
535.7185606155964	-0.4307828228866128	0.1855738404941588	286994.3761880464	677.0624972837758	0.124565763623309	0.0155166294670581	458413.6252281429	547.5352788346537	0.0902936128194369	299794.881568542	0.0081529365159863	562.1380866827109	432.301556510234	1.040563	17.504513	0.0432942705550161	0.02752675954114	0.0935863454	0.0224090695	-0.0092324596	0.1500574733	0.035817507	-0.0890872689	0.0777949125	0.0976797434	0.0155640968	-0.0232022515	-0.0516700849	0.0353398149	0.0037268941	-0.1105681183	-0.0679834637	0.0585820879	0.065400834	-0.0322945199	-0.2269328074	0.0432975196	-0.050425686	0.0095704377	-0.0775632602	0.0689627023	0.0184223008	-0.0819430697	0.1604056923	0.1117407287	0.0802778776	-0.0331940158	-0.1253673162	0.0997668197	0.0138817888	-0.064920254	0.1025078241	0.1141017763	-0.0386266521	-0.1030502665	0.1586464127	0.0399537342	-0.1016324366	0.1283465446	0.0668766309	-0.1756018243	0.0483847213	-0.0010567322	0.1359536353	-0.0138232057	-0.0365663714	-0.0433804836	0.0576747582	0.0179666673	0.032519532	0.0270974935	-0.2086030135	0.0230120653	0.0386589106	-0.0576193235	0.1180477104	-0.0486592208	-0.0328076227	0.0307877038	0.002805425	0.1514634197	-0.1255045619	-0.0982357077	0.1165234093	0.058179235	0.0387328848	-0.0550682794	0.0441083979	0.0088941108	0.0582921431	0.0427928955	-0.1727267987	-0.0323501412	0.0449252561	0.0731949397	-0.1003131628	-0.0407252712	0.1498847357	-0.0854566126	-0.1518937265	0.0947101861	0.0287338692	0.0201828571	-0.0944040407	0.0121752481	-0.0433900711	-0.0306715092	0.0195886003	-0.0623470916	0.0430162249	0.1401469747	-0.0427775819	0.0173908952	-0.0651715978	0.1083763898	-0.0187113154	0.0054967191	-0.0446889025	0.041069896	0.0013356616	-0.1807786181	-0.0766736407	0.098137155	0.0513420481	-0.010866692	-0.0156138771003071	0.0042909915746208	1.8412608693466703e-05	0.0002437931581034	0.0488812670857754	0.0044744514922427	2.0020716156433816e-05	0.0023893782719109	-0.0400672943901767	0.0254785151448047	0.000649154733984	0.001605388079749	-6.899995048418162e-05	5.0932969877814406e-11	2.5941674205743495e-21	4.760993166819515e-09	1.0442469555727031e-08	6.263026985919852e-09	3.922550702636031e-17	1.0904517042228592e-16	-0.0003009998401862	-0.000180999932907	9.060090379211797e-08	3.2760975712338516e-08
536.3804413115031	0.6618806959066887	0.4380860556139225	287703.9778215228	679.0236767274547	1.9611794436789296	3.846224810308796	461073.1535564709	547.7210306746236	0.1857518399699529	299998.327443272	0.034503746052223	562.6094253613398	433.1630782861097	1.043672	17.556805	0.0968742201174081	0.0539023352557433	0.0906275649	0.0690066877	0.0919830321	0.0220875823	0.0332152475	-0.1409226096	0.0153527233	0.0699436579	-0.1151285549	-0.0267451034	0.0441347264	0.0150094132	0.0811247662	0.1325275035	0.0166650378	-0.0498756105	-0.0018205239	-0.2107319073	-0.0974048848	0.0870851812	0.0727770993	0.1139621739	-0.1033214154	-0.0582570342	0.0138142277	0.0971689215	-0.0316831324	0.0493729774	0.1416500125	0.0496637333	-0.0881095089	-0.043262306	-0.0035281454	0.0938502129	0.0211511105	-0.086234147	0.0382065663	-0.0360432415	-0.0083724406	0.0972884633	0.0594793938	-0.0084858511	-0.0105043982	0.1923799084	0.0882031691	0.0350523694	0.0581152288	-0.1034603377	-0.1376559315	-0.0811591105	0.0260825617	-0.0773755221	-0.100445334	-0.0739866186	-0.1157758442	0.0825353904	0.0524606184	0.0532705222	-0.0889625042	0.0689632472	-0.1094250606	0.0500591156	0.106811167	-0.0440632718	-0.0468744436	-0.0838661082	0.0293200801	0.0449119873	-0.0657468177	-0.0748546776	0.0449231275	-0.1185115596	0.0211074046	0.0796557506	-0.0449199113	-0.0516133536	0.0346896886	0.0013079603	-0.0345645091	0.1070593855	0.0892954779	-0.0076332686	-0.1731270224	-0.0657164441	0.1102180975	-0.073147536	0.0243353952	-0.0478189741	-0.049216723	-0.0654012921	0.132008941	-0.0148991047	0.145435974	0.0042492157	-0.0001854845	0.0021000442	-0.0018836718	0.0302724531	0.0124514379	-0.064932988	0.0705089712	-0.0835596508	-0.062479906	-0.0442934216	-0.0809504428	0.0968413356	0.0469659021	-0.0180634961	-0.0076054762289601	0.008008400871347	6.413448451619139e-05	5.784326866927714e-05	0.0093648929029228	-0.0395163741828526	0.0015615438285592	8.770121908321383e-05	-0.0575149901766209	-0.0174476957864442	0.0003044220882563	0.0033079740950167	0.0003929999891185	0.0004619999396026	2.134439441928815e-07	1.5444899144714113e-07	-2.4534339448933903e-08	-3.4976809004660936e-08	1.2233771681485305e-15	6.019338121955143e-16	-0.0001249997710626	0.0001760000691236	1.5624942765702416e-08	3.097602433151197e-08
535.2060495026838	-1.1743918088193368	1.3791961206219536	286445.5154242692	677.8183688817849	-1.2053078456698358	1.4527670028332609	459437.7411935634	547.6065656683418	-0.1144650062818755	299872.9507630759	0.0131022376631097	561.6209170451531	426.9669098139202	1.014684	17.069162	0.1234038185177571	0.0818137325721682	0.0440831736	0.0938348776	0.0348228418	0.0479125019	0.0116008777	-0.0320461223	-0.0827242672	0.1146345458	-0.0593858674	-0.122119695	-0.0677826209	0.0377960882	0.1119825346	0.1131539721	0.0543810579	-0.0481454908	-0.0982746986	-0.0206909791	-0.1284983451	0.0716874244	0.0478881444	-0.0001360766	0.0007898471	-0.0599207721	0.0732296662	0.0017496605	0.0555984106	-0.1026976532	0.120514827	0.0646139214	0.0471102745	0.0835950388	-0.0956549331	0.1181407983	-0.0114853667	0.0348192333	0.118152825	-0.1638208755	0.0135260313	-0.0853978213	0.1846716571	-0.0214120881	0.044592682	-0.1462947783	-0.1280573549	-0.0977644469	-0.1111120657	0.0472205	-0.0614745117	-0.002056738	-0.047778409	-0.0542388048	-0.0812338519	0.1389126262	-0.101736606	0.0557909436	0.0651860006	0.0908355551	-0.0808222	0.0135861071	-0.0552284596	0.0336166522	0.1369208035	-0.0412500197	0.0139182691	0.0029899155	-0.1035049887	0.0342530639	-0.0704982703	-0.0031996536	0.0124131042	-0.1189884282	0.0444798716	-0.0894982107	-0.0859751738	-0.0327644145	0.0431963447	-0.1182727249	0.0434031241	-0.0681634183	0.0875611566	0.1090197215	-0.1903425797	0.0660294186	-0.0152489429	0.0041290472	-0.0388441958	0.0402128937	-0.0700184013	-0.0118058625	0.0323220722	0.0939271331	0.002708091	-0.0101733164	0.1141867714	0.0668837354	0.0111499237	-0.0494914665	0.0103221667	-0.0349083832	0.0963497129	-0.005114612	-0.0429428736	0.0129101131	-0.196805405	0.0955030384	0.0425073619	-0.0251890118	-0.0219648298673575	-0.0143593536383974	0.0002061910369125	0.0004824537511019	0.0829471252845337	0.0735822323816109	0.0054143449222613	0.0068802255929681	-0.0598007436235903	-0.0022857534469694	5.224668820332496e-06	0.0035761289379343	-0.0001279942211301	-0.0005209942102486	2.714349671125625e-07	1.6382520642700937e-08	5.3513834293639206e-05	5.353836863308814e-05	2.866356915892436e-09	2.8637304608070756e-09	-0.0002139967731965	-8.899700213389999e-05	4.579461893851426e-08	7.920466388821399e-09
535.6928374429376	0.4867879402538619	0.2369624987765974	286966.8160876656	678.0191258135891	0.2007569318042215	0.0403033456674448	459709.9349690236	547.8349597373705	0.2283940690286954	300123.14311044634	0.0521638507674844	562.627321096567	423.5821313559518	1.028176	17.296141	0.0622018337753595	0.037516875770149	0.020953356	0.1004990523	-0.0613129786	0.1112497537	0.0291890457	-0.1238210217	0.0516161257	0.102241945	0.0106152429	-0.114599009	-0.1267813273	0.0685590997	0.0262766634	-0.048328369	-0.0884509406	0.0433963802	0.0020138537	0.0099209504	-0.0911565843	0.0394194689	0.0281608073	0.0087377522	0.025596534	0.0036393626	-0.1083380406	0.1375567325	0.0097059648	-0.0504656653	-0.0761569945	0.0378486653	-0.035825197	0.0324350462	0.0600857706	0.1369078159	0.1743327035	-0.0401591402	-0.0018874994	0.0618153605	0.1581214174	-0.0166658978	-0.0575534406	0.1023980198	-0.198299372	-0.0052805221	0.0896630392	0.0989568601	-0.0223203056	0.0089465123	-0.0808307315	0.0879581029	0.0658605682	0.049505033	-0.0001250335	0.0310481691	-0.1700067404	0.0015850521	0.0532768753	-0.0020353554	-0.024463602	0.0718549686	-0.1398468637	-0.0423754289	-0.0614729253	0.0426225389	-0.04124361	0.0692444178	-0.0105789815	0.0395507434	0.1766761593	0.0814513519	0.0230867173	0.0011459718	-0.0516718493	-0.0801968054	0.0368002864	-0.0387053785	0.063499659	-0.096638264	-0.1837084662	0.031860813	0.028280287	-0.0726217961	-0.1448696037	0.0934051569	0.0099714497	0.0476906901	-0.0836798466	0.069922893	-0.1098465732	0.0467886685	-0.0141057788	0.0955387122	-0.0563645471	0.0779621755	-0.0399828054	-0.008148199	-0.0669939758	-0.0023852575	0.1901780226	-0.0728353363	0.0329782013	-0.0748870325	0.120406312	-0.1185604129	-0.0088242628	0.0941228505	0.0379742494	-0.032215118	-0.0287138807555038	-0.0067490508881462	4.5549687890788345e-05	0.0008244869480412	0.0697444602820098	-0.0132026650025239	0.0001743103631688	0.0048642897400288	-0.0262755387029542	0.0335252049206361	0.0011239393649706	0.0006904039341304	-0.0001620000024864	-3.400578135630001e-05	1.1563931656524812e-09	2.624400080559361e-08	2.4397084574800946e-08	-5.3489437209064405e-05	2.861119892942444e-09	5.952177357499902e-16	-0.0003009998139122	-8.700304071569998e-05	9.060088797517903e-08	7.569529093777749e-09
536.1946724085195	0.5018349655819065	0.2518383326805933	287504.72671927954	677.1707418951064	-0.848383918482682	0.7197552731400301	458560.2136787688	548.0312972622418	0.1963375248712964	300338.3027789356	0.0385484236725869	562.5976556356137	427.5886559007195	0.995942	16.753887	0.0851208338365822	0.04948045282658	0.0300229079	0.0626216235	0.0459232887	0.082430949	0.0424257353	-0.107652545	0.1295904602	0.0732594028	-0.0743050097	0.0356930221	-0.0774181628	0.0369621799	-0.0643362695	0.0483500111	-0.0554997291	-0.01086545	0.0927249871	-0.1716123822	-0.0837817071	0.011678801	-0.0822967177	0.0220147401	0.072968039	-0.150009103	-0.1160331006	-0.006067905	-0.0233177661	-0.0588917075	-0.0426245441	-0.0429444706	-0.0376635202	-0.0723731501	0.1003601258	0.0323747738	-0.1071220209	-0.0928065321	-0.0912240978	0.0005689153	0.0285489986	-0.0872851652	0.0972405798	-0.0046212739	0.0363582705	-0.0071596944	0.026392586	-0.0294613719	-0.0146248348	-0.0192766119	-0.0608140631	0.0186900321	0.0671422593	-0.0293277621	0.0099983034	-0.12220709	-0.1317859879	0.0648930471	0.0463934871	-0.0203514812	0.0929449171	0.1200857175	-0.0434612473	0.0408874744	0.0688162871	0.0206280614	0.0413518814	0.0244035953	0.0137548529	0.002754897	0.08142326	0.0968856115	-0.0739786574	0.0215533813	0.014246226	0.0005732659	0.055891431	-0.118625729	0.1404134352	0.0139532685	0.059463159	-0.1961352032	0.1098935249	-0.0847286891	-0.1290761453	-0.0408643052	0.1301191122	-0.0563387952	-0.0145577478	0.0099944737	-0.080897076	-0.0204190079	0.0671113553	-0.1122659534	-0.0287936339	0.0722131487	-0.062944313	0.003472164	-0.0350120804	-0.0437512984	0.010696211	-0.0899000738	0.03695067	-0.0605494834	0.178742206	0.0364330844	0.0686079623	0.0927013771	0.0333745172	-0.0391140859	-0.0084058952289467	0.020307985526557	0.0004124142761468	7.06590746000289e-05	0.0302108225870654	-0.0395336376949444	0.0015629085093951	0.0009126938013871	-0.0395529145129316	-0.0132773758099774	0.0001762887083993	0.0015644330464672	7.79999498332447e-05	0.0002399999523196	5.7599977113431736e-08	6.08399217398869e-09	-1.1854764947472065e-08	-3.625184952227301e-08	1.314196593785526e-15	1.4053545195981235e-16	-0.0003010003058451	-4.919329000142163e-10	9.060118411884376e-08	2.4199797811639703e-19
537.0578385450713	0.8631661365517402	0.7450557792896575	288431.12194270384	678.6318370160008	1.461095120894356	2.134798952301293	460541.17021171184	549.612242437927	1.580945175685201	302073.6170376466	2.499387648522312	563.1461349221377	429.0036290622818	1.006354	16.929033	0.0810086973296489	0.0654879979668151	0.0153379736	-0.0089172573	0.1504109668	0.0341771377	0.1239828897	0.0438479658	0.0461516422	0.1130653638	-0.147585901	0.0992835328	-0.0671028366	0.0615183751	-0.0062727625	0.0501425016	-0.030677198	-0.2008660916	0.1303457457	-0.011842203	-0.1014199043	0.0594352717	-0.1089413386	0.0400177724	0.1425414211	0.058928869	0.029959441	-0.0335901719	-0.008044741	-0.0717840985	-0.0909789282	0.0988743085	0.0277929298	0.1461769522	0.0648513914	-0.0309689372	-0.048981535	-0.0660066209	-0.0717432666	0.1836848817	-0.145004183	-0.091870343	-0.009005479	-0.0928973122	0.059161228	-0.2212838586	-0.0238176117	0.0211148696	-0.1108502611	-0.0623260121	0.0405486346	-0.0671629292	0.0212958245	-0.1599174435	0.0929297348	-0.0299161233	-0.0369172979	0.0567767358	-0.0163531559	0.0377099872	0.1361017548	0.0714407339	0.0495338614	0.0380452849	0.0757443842	0.1141673534	-0.0539583105	0.2042394473	-0.0848484074	-0.032296911	0.0779258925	0.0416678153	-0.198693745	-0.0047033347	-0.0617537389	-0.0564136104	-0.0938970817	-0.0474903598	0.0594735479	-0.0486379452	0.1295740013	0.0168856208	-0.1206342748	0.1213519942	-0.1154667815	-0.0323137159	0.1124495777	-0.016466732	-0.0688376839	0.0789329043	0.0075097086	0.0552659877	-0.1187672847	-0.1474813255	-0.1394306385	0.0536860804	0.0292432641	0.0568205691	0.0259152359	-0.0934318592	0.0242076013	-0.0684069518	-0.0272029339	0.0660570645	0.1918694591	0.0394898317	-0.0195453508	0.0912392418	0.0287162347	-0.0458586883	-0.0109678157544408	-0.0025619205254941	6.563436778947966e-06	0.0001202929824233	0.0933203929008357	0.0631095703137702	0.0039828178651887	0.0087086957311663	-0.0357174674197864	0.0038354470931451	1.4710654404315957e-05	0.0012757374788835	-0.0001519999993408	-0.000229999949174	5.2899976620063146e-08	2.31039997996032e-08	2.2892069795332762e-08	3.474683474280482e-08	1.2073425246437882e-15	5.240468595143864e-16	-0.0003009998139091	4.919360000192781e-10	9.060088797331283e-08	2.420010281149672e-19
537.2377753236532	0.1799367785819186	0.0323772442864383	288624.42723470804	680.3826950632465	1.7508580472457425	3.0655039016051746	462920.6117415267	549.1151394790478	-0.497102958879168	301527.4364050941	0.2471113517264238	563.2172254874156	432.35962277307146	0.864838	14.548439	0.0544115141123668	0.0240581796688787	0.0357360931	-0.0449788447	0.1223996949	0.0782452579	0.1413692693	0.0410915936	0.0156014853	0.0750798966	-0.0852944408	0.0878085877	-0.1007809361	0.0130875898	0.0653163749	-0.057116618	-0.003323955	-0.1477552848	0.0835561163	0.1133678849	-0.0572932691	0.0268181486	-0.0622233925	-0.0933710513	0.0876553004	0.0839974729	0.0339796446	-0.0359183932	0.1167085691	0.1040475197	-0.0483160163	-0.1182030897	-0.0723563034	0.0037237339	0.1612170054	-0.0800431891	0.1549437955	-0.0506858927	-0.058431228	0.1321913436	0.1973670688	-0.0096778425	-0.0436373673	-0.0389810484	-0.0556874964	0.0464473929	0.026999805	-0.0526591091	0.0238728436	0.012816846	0.1086415376	0.1714676643	0.011147784	-0.1313851878	0.1297298902	0.0652628506	-0.0386232103	0.0116191226	-0.0043688308	0.0088352728	0.0944161012	-0.1268980855	-0.0182883257	-0.0329089708	-0.0057227645	0.2116799766	0.0200725505	0.123269405	0.0202272131	0.0472844386	0.1270746107	0.0832572909	0.0161695969	0.0655946257	0.034740144	-0.032667307	-0.0314908253	-0.0541390746	-0.0791019946	-0.167858868	0.0529331873	0.0949460782	0.0027695769	0.0816512332	-0.1435661926	0.0760766489	0.0789959095	-1.05414e-05	-0.0790709238	0.0229794627	0.0298892915	0.0042095413	-0.0824042664	-0.1100114391	-0.1270100822	0.0773349678	0.0365293477	0.0552985665	0.0241118072	0.0260193361	0.033669945	-0.0371755485	-0.0486435923	0.1603956213	0.1096139547	-0.0111172559	-0.0195905061	0.089737086	0.0240075741	-0.0524223074	-0.018503166426484	-0.0075353506720431	5.6781509750661885e-05	0.0003423671678061	0.0873288467110171	-0.0059915461898186	3.589862574472985e-05	0.0076263274678763	-0.0555507382367963	-0.0198332708170098	0.0003933586313008	0.003085884518653	-0.0004159933307072	-0.0002639933313664	6.969247900592987e-08	1.7305045119286985e-07	6.404319072039755e-05	6.402029865060221e-05	4.0985986393123e-09	4.101530277649214e-09	-0.0002079865152562	9.30132986529e-05	4.325839052841752e-08	8.651473726293567e-09
536.2712630590952	-0.9665122645579912	0.9341459575410166	287586.86758299725	678.4513944056646	-1.9313006575819145	3.729922229976336	460296.29457099066	548.4607761683089	-0.6543633107388587	300809.2229951439	0.4281913424411201	563.0161321102045	432.7153734650211	0.940859	15.827269	0.0645299146904634	0.0430588741304325	0.0812990405	0.0074874617	0.0457967453	0.1368761701	0.0941493287	-0.0687852542	0.0393121891	0.0873294355	0.0093930658	0.0789986045	-0.077341698	-0.0644183089	0.0596570349	-0.0732505406	-0.0973183105	-0.0319779544	0.0665064185	-0.0261143377	-0.2020304651	-0.0140484029	-0.0455437021	-0.0356495418	-0.0083081366	0.0362452221	0.071251331	-0.057434812	0.1290441304	0.0418482256	-0.0494247133	0.0252536227	0.0524580923	-0.0344889286	0.030086737	-0.1230543654	-0.1037707677	0.0982964821	-0.0877587584	0.0654353813	-0.0037854484	-0.0311274558	0.0197710239	-0.0417156071	0.1532135967	0.0133755801	-0.051514467	0.0467105003	0.0506951734	-0.0572465259	0.0294114513	0.0852618159	0.087227241	-0.0533232943	0.0761553434	0.041707904	-0.136054244	-0.0204496006	0.0205368848	-0.0312626433	0.1253477505	-0.1049142045	-0.0542070083	0.058408781	0.0079942928	0.140897674	-0.0234941287	0.0225401738	0.0625415549	-0.0179636175	-0.0733332038	-0.028211582	-0.0685931569	0.0292099289	-0.041538174	0.0601062516	-0.0075999044	0.0430725717	-0.0074750234	0.0188198837	0.1135609074	-0.1389613775	-0.0415879271	-0.0286547726	-0.1587566858	0.1107551617	0.0761841945	0.0209914388	-0.0344108471	-0.0415849135	-0.0145595211	-0.007959619	0.0176026314	-0.0687364865	-0.0574933586	0.146885922	-0.0210185871	0.0239345038	-0.0082712932	0.0420404951	0.0613321353	0.0376497916	-0.0568727574	0.1206297864	0.0774130533	0.0136713405	0.1008815101	0.0881955685	0.0192567962	-0.0587790397	-0.0197625068166615	-0.0012593403901775	1.5859382183324245e-06	0.0003905566756785	0.0506395747801775	-0.0366892719308395	0.001346102674815	0.0025643665339171	-0.0526719476358437	0.0028787906009525	8.287435324133028e-06	0.002774334067753	-4.499187188757657e-05	0.0003710014588196	1.376420824462887e-07	2.024268535948103e-09	5.4006726137645344e-05	-1.0036464582752204e-05	1.0073062132083936e-10	2.916726468106625e-09	-0.0003009988272237	-9.30123119675e-05	9.06002939900428e-08	8.651290177539542e-09
534.7852965601359	-1.4859664989593284	2.208096436029444	285995.31341691245	677.0411313041967	-1.4102631014678764	1.9888420153617936	458384.6934776665	547.2941393762939	-1.1666367920150833	299530.8749956381	1.3610414044832448	561.9920107859832	426.8056533756916	0.928856	15.625357	0.0492029508475236	0.0240062648152936	0.038864724	0.0985161183	0.0405943233	0.1192420377	0.0347797637	-0.1228856422	0.0623932878	0.1489745135	0.0018053365	-0.0273070885	0.0592119503	-0.056426673	0.0574431873	-0.0048593867	-0.0222530332	0.0444020681	0.0245250967	-0.1090158474	-0.0792215919	-0.0065561272	0.0491338413	0.0166968192	0.0444591768	-0.0367986837	-0.0030062826	0.0196704447	-0.0347030291	-0.0877567386	0.1218306165	-0.1957092503	0.0710709614	0.0496767169	-0.0783450853	-0.034932143	0.0124779393	-0.0044041048	-0.1041161464	0.1361318464	0.0317074103	0.0424426955	0.0164254525	-0.0223043845	0.0244334411	-0.0020160591	-0.0856150882	-0.0473154996	0.0463554737	-0.0505671435	0.0101641762	-0.0805684101	0.0444588377	-0.013516992	-0.0400324155	-0.0466184031	-0.1822119878	0.0165075002	-0.0216719539	0.0366455661	0.0130613151	0.0247436609	-0.1238103879	0.0334606231	-0.0228283556	0.0887016357	0.0724579213	-0.1178308826	0.0238810475	-0.0262825762	0.0170609101	-0.0240425959	-0.0381117036	0.0691026538	0.012218285	-0.1504532001	0.0924851159	0.1605858487	-0.0553902129	0.0801862626	-0.0716947119	0.0764826653	0.090408307	-0.0770668236	-0.1547354835	0.0282488021	0.0856252472	-0.0480818622	-0.0628842603	0.0178668342	-0.0787553892	-0.0162475639	0.0286895396	0.0173172434	0.0161202843	0.0870620008	-0.0384490463	-0.0346112881	-0.1142540615	-0.029655265	0.0575822302	0.0079611451	-0.0807525348	-0.0459038951	0.0393502237	0.1185082176	0.0067342465	0.0866153656	0.0144722352	-0.0649037979	-0.0151119006102788	0.0046506062063827	2.1628138086845296e-05	0.0002283695400549	0.0688051843486334	0.0181656095684559	0.0003299893709935	0.0047341533932494	-0.038386298575574	0.0142856490602697	0.0002040797690731	0.0014735079183331	0.00014300000376	0.0001879918756475	3.534094530949389e-08	2.044900107536001e-08	-2.1640759184649028e-08	-5.4028366896829993e-05	2.919064429538475e-09	4.683224580879712e-16	-0.0003010003049276	-1.4777038999987807e-09	9.060118356650819e-08	2.1836088160716064e-18
533.7213628679258	-1.063933692210071	1.1319549014197543	284858.4931815961	675.0603699209803	-1.980761383216418	3.923415657241417	455706.5030378508	546.2129428734941	-1.0811965027997985	298348.5789625229	1.1689858776665147	560.5455003059827	418.55681718200987	0.898451	15.113883	0.0263171084460838	0.0141715076150451	-0.0299162664	0.1471546373	0.0769606566	0.036950745	0.0050789996	-0.0511193782	0.0587878683	0.1433383106	-0.0905847158	-0.0887980866	0.0606783171	0.0122234214	0.0859729576	0.0272470151	0.088633557	0.0251236205	-0.0191228342	-0.1907499746	-0.0743814767	0.0075202939	0.0686774788	-0.0719682416	0.0132927554	-0.0431987605	-0.1479204579	-0.0908619474	0.0374234568	0.0630951177	0.0625339877	-0.0358109655	-0.0258615993	0.0208339531	-0.1282242146	-0.0119136222	0.0239882858	0.0022936932	0.0087712223	0.051212475	0.0735462333	-0.0986278972	-0.0574551269	-0.0691039256	0.0149840963	-0.0378384358	-0.0039328083	-0.0510960313	0.0362229587	0.0626228375	-0.0645598622	0.1244653592	-0.0687832151	-0.0262172249	-0.0984205694	-0.0681271636	-0.1560892068	0.0288423114	0.0417999905	0.0388960768	-0.0274480535	0.041369925	-0.1608408826	-0.0249864461	0.0107169351	-0.0008252925	0.0145859387	-0.1120618301	0.0664632898	0.0550610923	-0.0461811756	0.0558398864	0.0074098106	0.0372583147	0.0409067555	-0.0111419361	-0.0162829529	0.0424631151	-0.0500781756	-0.1677062692	0.0043193282	-0.0122599745	-0.020888512	0.0218488728	-0.1637810938	-0.021124415	0.0797468075	-0.1046764372	-0.0243421366	0.0565811812	-0.1240695672	-0.0418563485	0.0383726652	0.091964633	-0.0229692581	-0.0101118511	0.016350689	0.0207146648	-0.0878689398	0.0171642315	0.0062666703	-0.0505768942	0.06014863	-0.0866304801	0.0628059567	0.1503782993	0.0073628924	0.0849971703	0.0096622851	-0.0707724105	-0.0085959654902012	0.0065159351200776	4.24574104890607e-05	7.389062270872994e-05	0.0727471589996469	0.0039419746510134	1.5539164149232958e-05	0.0052921491425199	-0.0397441149672701	-0.0013578163916961	1.843665353558628e-06	0.0015795946745315	-5.4000000026053525e-05	-0.000197000003786	3.88090014917051e-08	2.916000002813781e-09	5.623268295451567e-09	2.7264027480100598e-08	7.433271944356805e-16	3.162114632263077e-17	-0.0002079999270752	9.30003778524e-05	4.326396966328852e-08	8.64907028068917e-09
535.0397706825402	1.3184078146143747	1.7381991656362514	286267.5562120252	677.2842982426988	2.223928321718517	4.945857180141742	458714.020646105	546.0714534659511	-0.1414894075429629	298194.0322904164	0.0200192524468586	560.6268225847147	418.4518009653987	0.827334	13.917532	0.0409731903522589	0.0219602217540051	-0.0272349638	0.1485628088	0.0338100935	0.0427052103	0.0185886617	-0.0464462064	0.025323992	0.0224531047	-0.1192644127	-0.171549493	-0.0338695914	-0.0496077053	-0.038011107	0.0831114357	0.1454575526	0.0219439458	-0.0735187345	-0.1548477641	-0.1059152173	0.1174801966	0.1208366249	0.1151855983	-0.0611880606	0.0977621004	0.0100343532	0.0783055304	0.0266949677	-0.0381346971	0.0956821431	0.037352752	-0.0177823334	0.0095352806	0.0243926866	0.0094076362	0.0341272015	0.0361615071	-0.0185116251	0.0149494098	0.1208189199	-0.0012870212	0.0457143449	-0.0276140188	0.0587371017	0.0814822413	0.1160810879	-0.1242949728	0.0821981759	-0.0381821305	-0.0660455218	0.1198461701	-0.1011323987	-0.0304971223	-0.109661329	-0.0107274954	-0.1095379754	0.0826720636	0.1259776523	-0.0020689613	-0.0800134545	0.1253774859	-0.1404533596	-0.0730349981	0.0140561305	0.0117822181	-0.0074491332	0.0108903777	-0.0042577407	0.0221675856	-0.0216448415	-0.0441928026	-0.0406248592	0.097845969	0.0103702727	0.0196469046	0.036630803	0.0608922887	0.0987513211	-0.0079704164	-0.0156751706	0.0022709705	0.0430215061	0.0502038595	-0.1653919742	-0.0086993037	0.0359148839	-0.072528525	-0.0147478468	0.0511079239	-0.1555937218	-0.0501422991	0.0454613233	0.0838336167	-0.0110338002	-0.0676616621	-0.0186341609	-0.0453512919	-0.0242446781	0.0813258482	-0.1181660478	-0.0117584642	0.0744755769	-0.055872643	0.0825315826	0.0987634624	-0.0457923185	0.0833416924	0.004835384	-0.0763617167	-0.013554137503533	-0.0049581720133318	2.4583469713786727e-05	0.0001837146434646	0.0911879209776174	0.0184407619779704	0.0003400617023281	0.0083152369322201	-0.0310696467478166	0.0086744682194535	7.524639889030881e-05	0.0009653229490341	-8.099127290507398e-05	-2.699127287902046e-05	7.285288116297453e-10	6.559586286784171e-09	5.8012498442838734e-05	5.800687517454328e-05	3.364797567515045e-09	3.3654499755803667e-09	-0.0003009975418517	-9.299761477650002e-05	9.05995202007659e-08	8.648556354118294e-09
536.362378551583	1.322607869042827	1.749291575254007	287684.60112551163	679.4550849954495	2.1707867527507005	4.7123151259179314	461659.2125261735	546.8519290252572	0.780475559306069	299047.0322786449	0.6091420986741213	561.6476972653315	427.69735810155726	0.8713769999999998	14.658445	0.0530845100665568	0.0291777974215112	0.0651057448	0.0968861022	0.0394953081	0.0462167474	0.0466339885	-0.0768752225	-0.0038716684	0.0461254804	-0.1024159614	-0.1605148626	-0.1272379293	0.0163143735	0.0677228745	0.1125111447	0.1116095859	-0.0092952925	-0.0840965054	-0.0701230429	-0.0931348031	0.2574283179	0.067072944	0.0248946652	0.0671570984	-0.0270610076	-0.0522489172	0.0386158337	-0.1030566469	0.0580847525	-0.0604992883	-0.0296009398	-0.042174018	0.0332947394	0.0763061618	-0.0426832301	0.0450297149	-0.0892801803	0.0382715952	0.0411638863	-0.0651857681	-0.1344135632	0.1348518267	-0.0508960892	-0.0311974161	0.1119475235	-0.0036519584	0.0817004121	-0.0727753864	0.1020349588	-0.1399445121	-0.0796022944	-0.068679601	-0.0505374757	-0.0860879896	0.0497365418	-0.0729660105	0.0398637363	0.1493167863	0.1496805683	-0.0878393339	0.0792874566	-0.0543790032	-0.072907843	0.0840408733	0.018968208	0.001106428	0.0281657713	0.0030519166	0.0265502596	0.0206259728	-0.0239121688	-0.0484654301	0.0082258075	0.1629099967	0.0431677734	0.0193828244	-0.0834700077	-0.0743180705	-0.0593118334	0.0454719508	0.0649154936	0.028103035	0.0661461556	-0.1580273431	-0.0003435289	0.0281688958	0.009193392	-0.0016831683	0.0006184037	-0.0764318488	-0.031119531	0.0349681004	0.1218810476	-0.0334832754	-0.064419375	-0.0068403998	0.0254677703	0.0368529022	-0.0052737881	-0.0218247787	-0.02023805	0.0878296438	-0.0126176885	0.011672604	0.0528859424	-0.1019154686	0.0816496581	0.0	-0.0816496581	0.0001818675142999	0.0137360050178329	0.0001886778338499	3.3075792757624336e-08	0.0683280312311751	-0.0228598897464422	0.0005225745592194	0.0046687198519284	-0.0430080731166739	-0.0119384263688573	0.0001425260241646	0.0018496943532091	-0.0001279846486493	-4.699337574422602e-05	2.20837736383801e-09	1.6380070289884768e-08	0.0001020191971627	4.400669871986127e-05	1.936589532220639e-09	1.0407916589721857e-08	-0.0003009938376473	3.704204400026625e-09	9.059729030164919e-08	1.3721130237176613e-17
536.3120240528347	-0.0503544987483337	0.0025355755441959	287630.5871436483	678.265262543843	-1.1898224516064602	1.4156774663468072	460043.76637366833	547.9486208997862	1.0966918745290286	300247.6911459776	1.2027330676579946	562.4597904559894	427.3695617955442	0.912196	15.345102	0.0515691225972659	0.0294926032898216	0.0764010649	0.0710852354	-0.0724598235	0.0992019861	0.0217525368	-0.0935849421	0.0210570222	0.0380177324	0.0503293241	-0.1059220228	-0.1371194999	0.0398196636	0.1018016716	0.0814165367	-0.0575142043	0.0274647879	-0.0356560768	-0.0237544427	-0.1320078588	0.1221252643	0.0631476277	0.0429888757	0.0357486437	-0.0237560087	0.0713668829	-0.0901006176	-0.0589936078	0.0023114109	0.0484434942	0.0721588535	-0.1201637082	-0.0462548726	0.0211706644	0.0253624358	0.0286319256	0.0009168814	0.1159305294	0.0834473215	-0.077325859	0.006535285	-0.0325475712	0.062578677	-0.0708060894	0.0941019457	-0.0319021179	-0.0197484081	0.0421859637	0.2130446427	0.0382502866	0.0473847692	0.0308351333	0.0295501726	-0.0253077028	0.0764190508	-0.1220668719	0.0166128067	0.1331631142	0.0615793333	-0.0963719267	0.0937343073	-0.0497569978	0.0651424507	0.0020000186	-0.0658745166	0.0323411567	0.0603960191	-0.0239678054	0.0222600815	0.0298327473	-0.099701478	-0.0030459517	0.1247454173	-0.0217192701	0.0099999852	-0.0594356693	-0.0460485172	0.0947765392	-0.0454586477	0.0706390536	0.0221395087	-0.0065827482	0.0107867162	-0.1609402861	0.0842618106	-0.0261681881	0.0922737587	-0.0092754471	-0.0627950653	-0.0724367816	-0.0072675036	0.0047617754	0.1965430123	-0.0039959625	-0.0704223177	-0.0073444229	0.0101990815	0.0732902805	0.0136370892	-0.0289679723	0.0419874537	-0.0135510491	0.022748703	0.004877969	-0.0299199005	-0.0488476338	0.0799218096	-0.004835384	-0.0866153656	-0.0128588851724344	-0.0130407526867343	0.0001700612306365	0.0001653509278778	0.0920334564204523	0.0237054251892771	0.0005619471834044	0.0084701571006952	-0.0405350990575215	0.0024729740591524	6.115600697240703e-06	0.001643094255603	-0.0002729999910613	-0.0001450153424119	2.10294495348696e-08	7.452899511946988e-08	4.11026117586033e-08	-0.0001019780945509	1.0399531768240745e-08	1.6894246933784744e-15	-0.0003009998139264	-5.976279100013051e-09	9.060088798372743e-08	3.57159118812528e-17
536.1861608833174	-0.125863169517288	0.0158415374409375	287495.5991227907	677.3240806619534	-0.9411818818896336	0.8858233347973122	458767.9102445604	547.5828581392095	-0.365762760576672	299846.9865279057	0.1337823970246679	562.4143713193062	433.127082268528	1.001438	16.846338	0.074864389003944	0.0384796294688352	0.1287913754	0.0420231255	-0.070761835	0.0264901137	-0.045349307	-0.1864856723	0.0109604663	-0.0727993987	0.0137672465	-0.0210865545	-0.0706292499	0.1531230493	0.0706791679	-0.0104938834	-0.1113882285	0.0601140647	-0.0854731377	-0.0894244101	0.0467222676	-0.0009256515	0.0455890069	0.0420076279	0.0902520079	-0.0712824479	0.0742080896	-0.0428761404	0.0660811952	-0.0068472165	0.0782899375	-0.0058800783	0.0992690686	-0.0868903038	0.064363515	0.0050646242	-0.0393636431	-0.1999465984	-0.1007359402	-0.0537564654	0.0633200215	0.0644676274	-0.1046643439	-0.0118890935	-0.1488300287	0.021010751	-0.0126414255	0.0868002746	0.0194080978	0.136398736	-0.0445734576	0.0227853521	0.1023974853	0.0648644578	-0.0866673203	-0.0264708841	-0.0211805295	0.0154050877	0.086154328	0.0033598159	-0.0556343933	-0.0300965766	0.1048074512	0.0511092087	-0.0607500944	-0.0119552028	0.0498993906	0.1287378236	0.0440873962	0.110935252	-0.0073826705	0.011668905	0.0234342598	-0.0037643615	-0.1428920814	0.0243947823	0.0866252851	-0.0484569925	0.0081054369	-0.0321406414	0.0692557114	-0.052338556	-0.0455388513	-0.1120548954	-0.0819975912	-0.0464017584	0.0488240276	0.0882638719	-0.0301213903	-0.0383750943	-0.0132085658	-0.0207014793	-0.0845751095	0.1624792068	-0.041300142	-0.0284643689	-0.0042601747	0.1582410837	0.058322459	0.0655511601	-0.0157470655	-0.0355821748	-0.0223033051	-0.0905823849	0.0019221956	-0.0086695494	0.0770568205	0.0781589047	-0.0096622851	-0.0912392418	0.0002226320170706	0.013081517189505	0.0001711260919793	4.956501502492394e-08	0.0683538553585378	-0.0236796010619144	0.0005607235064514	0.0046722495423759	-0.016282371162724	0.0242527278947974	0.000588194810339	0.0002651156106807	-0.0003269664365301	-5.39664454688e-05	2.9123772365369636e-09	1.069070506171919e-07	0.0002230492203714	0.0002230081177596	4.973262058669808e-08	4.975095470828935e-08	-0.0003009635200003	3.629392610000936e-08	9.057904037097099e-08	1.3172490717529405e-15
535.7656436632059	-0.4205172201114919	0.1768347324102969	287044.8249298493	675.7188995920551	-1.6051810698983218	2.576606267159921	456596.03126589785	546.7285226543298	-0.854335484879698	298912.07748378604	0.7298891207246287	561.4001518610196	428.30262391846105	1.038401	17.468136	0.0448434592149215	0.0268543095871347	0.0702990214	0.0293980189	0.0189841457	-0.1284439529	-0.0293134334	0.0053890465	-0.0459754895	-0.0354624839	-0.1338485498	0.0517872075	0.033603832	0.0227741779	0.0174842778	-0.0107602753	0.0625350475	-0.0271111713	-0.1048505968	-0.0361638937	0.0679493082	-0.0619285469	-0.0057361764	0.051958513	0.0097121558	0.0220051375	-0.051103135	0.0759389558	-0.0089480813	-0.0166147798	0.1230589287	0.0552980658	-0.0252863685	-0.0937849773	-0.0351270576	-0.0397139671	-0.1622553334	-0.0024755276	-0.0862422605	-0.0840722403	0.0342422414	-0.0403282901	-0.0694022549	0.2217845792	0.1012361682	-0.1001541744	-0.0295111838	-0.0942258512	-0.2526146338	0.1484262044	0.0415214638	0.0276764665	-0.0160018621	-0.0248692907	-0.1237019381	-0.009055235	0.1000906811	0.0149189109	-0.0170527592	0.0659605129	0.0765545961	0.0122572247	0.0507510375	0.0430493576	0.0299527155	-0.0653612741	-0.0440222561	0.0062197764	0.126290641	0.0511503187	-0.0395902738	-0.0938835207	-0.0395837094	0.0143189806	-0.0456409189	0.0888350803	0.0778573077	-0.0718100897	0.0057428061	0.1178168554	-0.0273739447	-0.0356188932	0.1111785656	0.0248483358	-0.0679460045	-0.1264637947	0.0602473146	0.0832306805	0.100853703	-0.0190184636	0.0063221763	-0.0138858532	-0.0462960202	-0.0432677936	-0.1374115998	-0.089976907	-0.0427593008	0.1202675534	-0.0132285809	-0.0170792019	0.0176789088	-0.0379132901	-0.0621181217	-0.0346157412	-0.0336741652	0.066034447	-0.0282112858	0.0763617167	-0.0144722352	-0.0955030384	0.0003410065193776	0.0001183745023069	1.4012522796429944e-08	1.162854462580255e-07	0.0453055967978173	-0.0230482585607205	0.0005312222226818	0.0020525971012063	-0.016285742755123	-3.371592398999923e-06	1.1367635304994056e-11	0.000265225417086	-0.000215970463741	0.000110995972789	1.232010597539862e-08	4.66432412085026e-08	0.0003940163364357	0.0001709671160643	2.922975477534384e-08	1.5524887337821072e-07	-0.0001494575176638	0.0001515060023364	2.2337549586225094e-08	2.2954068743987538e-08
536.7670107419616	1.0013670787557205	1.002736026415765	288118.8238208611	677.2122502351931	1.493350643138001	2.230096143360681	458616.4318686138	547.7700320325987	1.04150937826887	300052.0079929942	1.0847417850220082	562.52546893022	427.8510796957	0.959988	16.149073	0.0374463099669957	0.0241314736545086	0.0470181651	-0.020223524	-0.0445159626	-0.1479745498	-0.001781904	0.0700886817	-0.1555164228	-0.0679469187	-0.073921213	-0.0168751967	-0.0635271239	-0.0271526363	-0.0670207736	-0.0404485824	0.0462905348	-0.0181545564	-0.0606627323	0.0798689826	0.0334969629	0.058462622	-0.1707911491	-0.0173277682	0.0001052532	0.0793676354	0.0979094729	-0.1534293031	-0.0278458286	-0.1006860943	-0.0199497759	-0.0980882175	0.0628358066	-0.0098316141	-0.108608659	0.1327847289	0.0171426194	-0.0061287671	0.0530459097	0.1122340515	0.0202846316	-0.0907357298	-0.0331362967	0.1385810671	0.0256854545	0.0932886665	0.0088200033	0.0587710987	-0.0097598992	0.0035429259	0.0255470671	0.0917651707	-0.0168461259	-0.0503334171	-0.0171002268	0.1060582283	0.0952563828	0.0506135066	0.0846167375	-0.0148700745	0.093787927	0.0218212765	-0.0200432653	-0.0053846777	-0.0643032962	-0.1579515858	0.0650328263	0.0317203483	-0.0668500984	-0.0705825895	-0.0784395206	0.1292632813	0.1130238769	0.1067968599	-0.0058663258	0.0052898012	-0.1397056535	0.0039815755	-0.0348833541	0.0050310745	-0.1256482576	-0.0116059392	-0.0324555695	0.1188929577	-0.0289677012	-0.0080785284	-0.0035432871	0.1393329181	0.1449970051	-0.004283957	-0.0162717981	-0.0619851435	-0.0706817912	-0.0021793525	-0.0429597998	-0.1505375445	-0.1459758365	-0.0280175042	0.0295062758	-0.0608385396	-0.0192391306	0.0323006738	-0.0769786015	0.0222817776	0.0089684778	0.0022421682	-0.1485336122	0.074531034	-0.0192567962	-0.0993899282	0.0003785605256041	3.755400622650003e-05	1.4103033836600026e-09	1.433080715456525e-07	0.0665874368435339	0.0212818400457165	0.0004529167157314	0.0044338867453916	-0.0162572627905603	2.8479964562701937e-05	8.111083814927581e-10	0.0002642985934413	-0.0003529355993678	-0.0001369651356267	1.8759448377267717e-08	1.245635373011082e-07	0.0004280530815041	3.403674506839997e-05	1.1585000148512496e-09	1.8322944058515565e-07	-0.0003004243559784	-0.0001509668383146	9.02547936650364e-08	2.2790986270706576e-08
536.984494140252	0.2174833982903692	0.0472990285319273	288352.3469470623	675.9175489735229	-1.294701261670184	1.6762513569703663	456864.5330103748	547.8064401319411	0.0364080993424522	300091.89585003	0.0013255496977298	562.412519855377	432.11540789030727	1.011103	17.00893	0.039389957036868	0.029889292605854	0.07501515	-0.0715085847	-0.1635595002	-0.0153103065	-0.0394096609	-0.0150875847	-0.033640706	-0.0362999363	0.0229564983	0.0290656675	-0.1119430645	-0.0501519783	0.0633720013	-0.0991626084	-0.0711327306	0.0519933749	-0.0376329155	0.1050928301	-0.0257095805	-0.000153598	0.0186689062	0.0300890171	-0.1432590005	0.0587460528	0.1278331441	-0.0627952818	0.1121929809	-0.0529468433	-0.0871670652	-0.0641439236	-0.0005596867	-0.0545177624	-0.0937270415	0.0116234047	-0.0378050222	0.0675474751	-0.0523940637	-0.1183841709	0.0005339744	-0.1025568436	-0.0399490386	-0.0908653622	-0.0777792206	0.0158047091	0.1449970424	0.0675248832	0.0021893544	0.0155236462	0.0988275594	-0.1993798892	0.0591376513	0.0735322051	0.0546641091	0.1032473943	0.0368369301	0.0472198415	0.0628650565	-0.0710964917	-0.0898922748	-0.0595298968	-0.0199413228	0.047632453	-0.193759448	-0.0357164193	0.0214150532	0.1120454906	-0.0554869244	-0.1781965212	-0.0673951518	-0.0010213479	0.1083172464	0.0425122437	-0.1350064108	0.0542354889	-0.0037014422	0.0809620774	0.1304875676	-0.0098863577	0.0057851899	0.02329753	0.0211742847	-0.0134580177	-0.0170119184	0.1113608858	-0.0055481408	0.1938449093	0.053930566	0.0108851523	0.0395410267	-0.0228614679	-0.1145177477	0.1419169303	-0.0225859806	-0.0081564046	-0.154608672	-0.1761370341	0.0650303076	-0.0467294576	0.075727135	-0.0206177572	-0.0653128505	-0.0482325258	-0.0207709239	-0.0677627427	-0.0014922583	0.0726676594	-0.0240075741	-0.1028845713	0.0003885197680233	9.95924241919998e-06	9.918650956439225e-11	1.5094761014487884e-07	0.0907239141901214	0.0241364773465874	0.0005825695387023	0.0082308286059765	-0.0162952275291416	-3.796473858130173e-05	1.4413213755465796e-09	0.0002655344402264	-0.0006569358814293	-0.0003040002820615	9.241617149347157e-08	4.315647523092913e-07	0.0004280989220568	4.58405527000382e-08	2.1013562718449798e-15	1.8326868706619414e-07	-0.000300359364407	6.499157139999885e-08	9.021574778697704e-08	4.2239043530411486e-15
537.3027612913746	0.3182671511226544	0.1012939794837305	288694.2572913359	675.387798129576	-0.5297508439468857	0.2806359566624375	456148.67786231695	548.6844711160838	0.878030984142697	301054.6488439366	0.770938409114593	562.9738896504426	435.0452649966496	0.990286	16.658747	0.0685883015056795	0.0456763257172214	0.0878795601	-0.1031601824	-0.1175015205	-0.0455485564	-0.0765975208	-0.109278983	0.0523793353	-0.1126256384	0.0223681021	0.0670806334	0.0128808103	0.0173258055	0.0580999103	-0.0459562639	-0.1390802539	0.06207701	-0.0380994301	-0.0219124848	0.1036741065	0.0104138968	-0.0362809851	0.079525669	-0.102269139	-0.0791373951	0.0581217289	-0.003431121	0.0941152786	-0.0172424146	-0.104551123	-0.0822653253	0.1238059577	-0.0396396153	-0.2123255775	-0.0300708104	0.19989353	0.0210399224	0.0281542233	0.0644344756	0.1978180722	0.1106105697	-0.0542948572	-0.0584384518	-0.0362480944	-0.0042301632	-0.0527321378	-0.1216291663	0.124993896	0.0901847356	0.150621074	-0.0593323276	0.1213041637	0.1137715576	0.0111702271	-0.0766407065	0.0825223282	0.0595695727	0.0809101982	-0.0816926093	-0.0492624884	-0.0561403431	-0.0714257912	0.1520946708	-0.0283772448	-0.0640259025	0.1012896728	-0.0050008509	0.0114587151	-0.0687385786	0.0082824308	0.018314865	0.0253322498	0.0687812851	0.0351928699	0.0276289573	0.1017289762	0.0371324035	-0.1351875084	-0.1511837922	-0.0646340408	-0.0385985854	0.050448009	-0.1688356106	0.0194839019	-0.0169888854	0.1220524064	0.1373939538	0.0952859598	-0.0122583952	0.076751129	-0.0111078224	-0.0780813561	0.1207726753	0.0052108621	0.0065380597	-0.0598652166	-0.1335846974	0.1074384719	0.069584129	0.1047685976	-0.0640468204	0.0376983248	-0.0750340867	0.0404712886	-0.0350562619	0.1085392127	0.0707724105	-0.0287162347	-0.105973176	0.0003507320775213	-3.778769050199999e-05	1.42790955347494e-09	1.230129902024072e-07	0.0484557497755275	-0.0422681644145938	0.0017865977229791	0.0023479596863085	-0.0161609373190358	0.0001342902101057	1.803386053025978e-08	0.0002611758950298	-0.0004689873180557	0.0001879485633735	3.5324662474200124e-08	2.1994910449707839e-07	0.0003130190481726	-0.0001150798738842	1.3243377373203378e-08	9.798092451888048e-08	-8.042661785524218e-05	0.0002199327465517	6.46844085963316e-09	4.837041300579975e-08
538.0402102019282	0.7374489105535531	0.5438308956766224	289487.2677941351	677.0869315981241	1.699133468548098	2.8870545439402897	458446.7129409628	548.3892223200994	-0.2952487959844347	300730.7391568434	0.0871718515302583	563.181789679405	436.7127926938813	1.128359	18.98143	0.0593986347113657	0.0258626118972083	0.0804914576	-0.1134121299	0.0903038587	-0.1933963723	0.0029715154	0.0543368736	-0.0783429875	-0.1041471133	-0.1280547733	0.0984252292	-0.0028430787	0.0346826162	0.0304802968	-0.0294275873	0.0653942545	-0.144103723	-0.05839856	-0.0195996989	0.0883493649	0.1213458067	0.0198742125	0.0840728916	-0.0439116849	-0.0397858529	-0.0991378997	0.0929129568	-0.0541316615	-0.0575971705	-0.1303944083	0.1183818554	-0.0941782025	0.0355397298	-0.0310073113	-0.0884224434	-0.0814540108	0.0284818077	0.0105215464	-0.12646816	-0.0469770142	0.0575717813	-0.016151143	-0.0414443689	-0.0812086305	-0.2203696903	0.1639456415	0.1124672883	-0.0360779663	0.0449151167	-0.0489946726	-0.1053774784	0.0088460525	-0.1177641764	-0.0181074833	-0.0594815089	0.1613130098	0.1202368839	0.0565268613	0.0001396419	-0.0197752697	0.0786005958	-0.0350979211	0.0776572626	0.0910058168	-0.0517615626	0.0108896734	0.0490670102	0.1093658284	-0.1154915322	0.081715251	0.0450129786	-0.0548897168	0.0400839175	-0.0380059514	0.1547621788	0.1035061503	0.0584497999	0.097035733	0.0834735334	-0.1096752311	0.042943445	-0.094322923	0.0827417069	0.0036458841	-0.0867779882	0.1439298096	0.0843098825	0.1695641368	-0.0348714234	0.1009161754	0.0017962586	-0.0312470151	0.0764357878	-0.0219162226	-0.0540486785	0.0471167571	-0.1292762317	0.1051656798	-0.0699249499	0.064762114	-0.0284636491	0.0509637934	0.0025767975	-0.0464361148	0.0610202752	-0.0478265213	0.0688461184	-0.0333745172	-0.108643553	0.0102299305598165	0.0098791984822952	9.75985626525838e-05	0.0001046514792586	0.0369199600515628	-0.0115357897239647	0.0001330744445555	0.0013630834502089	-0.0348478787156238	-0.018686941396588	0.0003492017787595	0.0012143746509788	-0.0005369676177527	-6.798029969699995e-05	4.621321146893931e-09	2.883342225150097e-07	0.0002150808789074	-9.793816926520002e-05	9.591884999018973e-09	4.625978447157967e-08	-0.0003004422510634	-0.0002200156332081	9.026554622404309e-08	4.840687885598664e-08
538.0928974573758	0.0526872554476085	0.0027759468866015	289543.9662940739	678.9749707127116	1.8880391145875135	3.564691698212403	461007.0108543277	548.8816220144207	0.4923996943213069	301271.0349851814	0.2424574589677165	563.2754852527227	438.261112363963	1.027612	17.286652	0.0944468149284216	0.0504711882557792	0.055690117	-0.1295973273	0.0114827545	-0.0934264293	0.0577967813	0.1171185235	-0.1445163621	-0.0334143525	0.0085626907	0.0116836043	-0.1222089637	-0.0120968892	-0.0848802668	-0.0462348939	0.0491903308	-0.0981350541	-0.0399309729	0.1037687634	0.0348863074	0.1504051765	-0.0685017645	-0.0228933006	-0.0422313729	-0.0349640582	-0.0855244802	-0.1552013801	-0.1380928418	-0.0063660485	-0.1240887824	0.0016463036	0.0091627676	0.0921911189	0.0057795682	-0.0682374161	-0.1731908675	-0.0211583586	0.0621873005	0.0529148486	0.0530614918	0.0923723982	-0.0447916922	-0.0430141804	-0.0021876729	0.0198852312	-0.0506904325	0.062307789	0.0207160902	0.0485036648	0.0809584413	0.051736053	-0.0008550145	-0.0674382964	0.0536899728	0.1348372171	0.1105129477	0.0073701907	0.0626207917	-0.0606004092	0.0187908648	0.0316700346	0.0390178527	0.00145933	0.0280613909	0.0060201601	-0.007131657	-0.099529252	0.0675369951	-0.0059033617	0.0771810881	0.1214210419	-0.0199662397	0.1073868945	0.1316791183	0.02741981	0.0178777309	0.0058803362	-0.0262108738	0.0683162685	0.0854887081	-0.0092507303	-0.0287084464	0.1339661804	0.0595969912	0.0540632877	0.0523864943	0.130228418	0.1218360599	-0.0260750879	0.0738223302	0.0169349423	-0.0640306995	0.0665683393	0.0687464189	0.0811161323	0.0211387117	0.00106644	0.034160891	-0.0297903776	0.0513505944	0.1047197003	-0.0542857022	0.1078352897	0.045360385	0.1801615138	-0.1182597677	0.0668896282	-0.0379742494	-0.1108851636	0.0003472989231028	-0.0098826316367137	9.766640806697452e-05	1.2061654198836458e-07	0.074803045572878	0.0378830855213151	0.0014351281686152	0.005595495626978	-0.016099374455436	0.0187485042601878	0.0003515064119942	0.0002591898578563	-0.0008944376432384	-0.0003574700254857	1.2778481912074704e-07	8.000186976418634e-07	0.0004161345479987	0.0002010536690913	4.042257785507396e-08	1.7316796203808236e-07	-0.0003003140754363	1.2817562710000377e-07	9.018854390515968e-08	1.642899138247922e-14
537.2110790800194	-0.8818183773563533	0.7776036506433919	288595.7434863189	677.6725781026311	-1.3023926100805738	1.6962265107924897	459240.1231122666	548.7048240833068	-0.1767979311139242	301076.9839722926	0.0312575084461639	563.2580029842181	438.3581719060706	1.044528	17.571213	0.1082060786420772	0.0631153344389637	0.0038900957	-0.1522536303	-0.0240621679	0.0434068177	0.020591135	0.0377715832	-0.0142804791	-0.0374598052	0.1178410006	0.1458935535	-0.0798136771	-0.0211420159	0.0051988109	0.0404366133	-0.0688417142	-0.0173510764	0.1277747716	0.1225555356	-0.1004115867	-0.0983547129	-0.0177672469	0.043486602	0.0250296665	0.0135439975	-0.0278479268	-0.0953215189	-0.0276492565	-0.1259337897	-0.0018534208	-0.0494138109	-0.0768985364	0.0355236297	-0.1061689171	-0.0613166601	0.0669185532	-0.0269346025	0.0062314325	-0.1092946214	-0.0151960348	0.0741323635	0.0848831805	0.0446507388	-0.0940565746	0.0297427982	-0.0310774622	-0.0337809055	-0.1415517928	-0.0211490081	0.107079985	0.0493930525	0.0569324045	0.0268405334	0.1503213226	0.0702849386	0.0230620017	-0.0087193259	-0.0613425088	-0.0236740618	0.0408247783	0.0354557603	-0.0667658855	0.1107815349	-0.1564823867	-0.0237386353	-0.0256149795	-0.0546337278	-0.0074835847	-0.0004230211	-0.09262647	0.0235077254	-0.0540931194	0.0631069466	0.0922223546	-0.0622110494	-0.1222649454	-0.038520358	-0.0943267038	0.1481271165	0.0815093999	0.0686540045	-0.0154656152	-0.0234066427	0.0613893181	0.1406110075	0.1071811917	0.0764837201	0.0964702846	-0.1279655291	0.0478069788	0.0229126285	0.0747473545	0.0001392874	0.0700394877	0.0244530287	-0.1249647584	0.0221519261	-0.1275914691	-0.037785145	-0.0311878964	0.1046502137	-0.092668162	0.0479563097	-0.0356690589	-0.0086111429	-0.0049283833	0.0649037979	-0.0425073619	-0.112689161	0.0072242398184414	0.0068769408953386	4.729231607798047e-05	5.218964095435423e-05	0.0190884537176856	-0.0557145918551924	0.0031041157455906	0.0003643690653322	-0.0160815492936521	1.782516178390134e-05	3.1773639262225677e-10	0.0002586162276841	-0.000619001909742	0.0002754357334964	7.586484328669988e-08	3.831633642642432e-07	0.0001209873636831	-0.0002951471843156	8.711186040942677e-08	1.4637942170986706e-08	4.1037421346947465e-05	0.0003413514967832	1.6840699508068995e-09	1.165208443561634e-07
536.2171226874489	-0.993956392570567	0.9879493103318951	287528.8026632066	676.2241729816217	-1.448405121009387	2.097877394566216	457279.1321246782	548.2091590938496	-0.4956649894571683	300533.28211438574	0.2456837817735747	562.1775165964395	430.7846430381008	0.988404	16.627081	0.0668210866117233	0.0426805053316767	-0.0690367682	-0.1345658996	0.0665037749	0.010217733	0.0079019242	0.106795141	0.0227293395	0.0222184732	0.0811336156	0.1282436577	0.0238327666	-0.0831270917	0.0230311611	0.1885939965	-0.0154918803	-0.0285029871	0.1283125857	0.1230902075	-0.0629215351	-0.0941108782	0.1840027012	0.0121892403	-0.0306537974	-0.017637511	0.0642851953	-0.0434148038	-0.0117406433	-0.0065845607	-0.0436424779	-0.0709240851	-0.093638452	-0.0514065526	-0.0937573468	0.0890380203	-0.0983162595	0.0719707326	0.1959498923	-0.0247876986	-0.207494287	0.049663286	-0.0429952493	0.0389138153	0.1318401804	-0.0273617359	0.0666770199	0.1088996441	-0.0348980594	-0.1683225605	-0.0451580099	0.0865595824	-0.0227600263	-0.01189288	0.1569926764	0.0383232528	-0.0027820761	0.0031026272	-0.1464110628	0.0564455896	-0.1460114576	0.0637715287	0.011427424	0.1174723361	-0.0947137418	-0.0164194867	0.0033000779	0.0067961796	0.0394112289	-0.1055098761	-0.2551371099	-0.0120983258	0.0322369777	-0.0146334338	0.0179175743	0.0418476823	-0.0826875101	0.089468726	0.0164158831	0.0754514089	-0.0420952023	0.0020206055	0.0492992084	0.0695213388	0.0955912271	0.100962677	0.093100367	0.0490257173	0.089193403	-0.1601538321	-0.0479916269	0.1198068235	0.0622294514	0.0163809763	0.0161689657	-0.1869069359	-0.1022537144	-0.0642818811	-0.1059916568	-0.0397705412	0.1132126923	0.1015787949	-0.0073856613	-0.0146058365	-0.1004485954	0.0598429967	0.0465371578	0.0628894987	-0.0469659021	-0.1140484259	0.0086001980538554	0.0013759582354139	1.893261065603606e-06	7.396340656553819e-05	0.0280347551004638	0.0089463013827781	8.003630843149911e-05	0.0007859474935429	0.0258691630780205	0.0419507123716726	0.0017598622684908	0.0006692135983572	-0.0004519994674013	0.0001670024423407	2.7889815747758854e-08	2.0430351853105885e-07	-9.903365461028102e-09	-0.0001209972670485	1.4640338633220794e-08	9.807664745468435e-17	4.400000439485762e-05	2.962583047910153e-06	1.9360003867474892e-09	8.776898315764614e-12
535.9797732470183	-0.2373494404305347	0.0563347568726879	287274.3173299252	674.8969148166517	-1.327258164969976	1.7616142364794678	455485.8456290348	548.4017242831684	0.1925651893187705	300744.45119675226	0.0370813521373739	562.549917172163	428.7406108485415	0.940817	15.826563	0.146127462620604	0.0939245861763578	-0.0711315919	-0.085932774	-0.0002942926	0.1037253228	-0.0088515774	0.0694767541	0.0972973104	0.0609583296	0.1826920259	0.0488838523	0.0717489525	-0.0691758044	0.0065279755	0.0991602997	-0.1023308321	0.0361377773	0.1425586745	0.0331190728	0.0762522456	0.0383791506	0.1758057557	-0.0584276292	0.0598299649	0.061709994	-0.0284846117	-0.0815618249	-0.0553801149	-0.1176124465	0.0017997431	-0.1589223416	-0.1120895285	-0.0771445843	0.0394250501	0.051391454	-0.0704438308	0.0712687915	0.0236694631	0.1043884695	-0.1122174199	0.0821483038	0.1465427486	0.0183327416	-0.0097746848	-0.1302118903	0.1382165486	-0.0766862038	0.0802209033	0.0643686263	0.0596893437	-0.0043741261	0.0238488579	0.0629330145	0.1621286343	-0.0151133307	-0.0509278403	-0.0292838597	-0.1379306405	0.1231374455	-0.1566739776	0.0529971113	0.033580594	-0.0526575776	0.018507188	-0.0622655888	-0.1102143364	-0.0048755353	-0.0237923263	-0.022465456	-0.0308783504	0.0722018265	0.069929551	0.0958063925	0.0783910254	0.0316778456	-0.0360464664	0.1782133382	0.1145851152	0.0433328936	-0.0431797703	-0.0377072394	0.0427841172	-0.0007490634	0.0697692684	0.1408465827	0.0461848028	0.0301487664	-0.0877268383	-0.0052338125	-0.041351516	0.1748036336	-0.1214303431	0.1136145182	-0.0647323619	-0.1309452559	-0.0303974543	-0.0732877065	-0.0928897774	0.0646293875	0.0236366681	0.05785219	-0.0487599142	0.0709372024	-0.0044255116	0.0035660037	0.030070261	0.0608476141	-0.0513420481	-0.1149575937	0.000233175088212	-0.0083670229656433	7.000707330760406e-05	5.4370621762673984e-08	0.1158053469950033	0.0877705918945395	0.0077036768015178	0.0134108783926331	0.0512087235613307	0.0253395604833102	0.0006420933254873	0.0026223333687807	-0.0006319903902837	-0.0001799909228824	3.2396732320058086e-08	3.994118534109435e-07	0.0001270449672814	0.0001270548706468	1.6142940155090593e-08	1.6140423711531998e-08	-0.0001419599476181	-0.0001859599520129	2.0152626727733692e-08	3.45811037526615e-08
535.7613652260218	-0.2184080209965486	0.0477020636356288	287040.2404688507	674.7562121246498	-0.1407026920019234	0.0197972475365881	455295.94580080535	548.1950441996256	-0.2066800835427784	300517.80648502946	0.0427166569332498	562.8068564350789	426.94204635243045	0.957545	16.107975	0.1024759660954039	0.0718941068301259	-0.0956922837	-0.0922426804	-0.040349902	0.0501199144	-0.0537593951	-0.0045788502	0.106100891	-0.0519795812	0.0658949452	0.1018802047	0.0694088743	-0.0656485299	-0.0501838436	0.1218649405	-0.1118177483	0.0673674193	0.0851040531	-0.0219198943	0.035192053	-0.1378358406	0.1141593716	0.0371360902	0.0061861361	-0.0205050368	0.1054072028	0.0789576272	0.0340366189	0.0661806836	0.0093728548	0.002474524	0.2797469605	0.0699859912	0.0157549713	-0.0984319221	0.0214988603	-0.0115734703	0.083132592	0.0409015052	0.0243690156	-0.096907297	-0.0961171002	-0.0196207112	-0.09920345	0.0573665968	0.1374130142	-0.0619159754	-0.0151290734	-0.03963871	-0.1712694661	-0.1000497993	0.0638616207	0.0861846776	0.0974842163	-0.1245563075	0.0251547269	-0.0304825558	-0.1319403627	-0.0396699505	-0.1034769217	0.0392090738	-0.0524142832	-0.0014853361	-0.0431899824	0.0823424222	0.0420567831	0.1391369919	0.141308632	-0.0955039892	-0.1598482955	-0.0673485572	-0.1341250317	-0.0336491386	-0.0744315768	-0.0174457129	-0.0319418397	0.0207015928	0.0448816433	-0.0685948819	-0.1476905161	-0.0691738697	0.0012767451	-0.142457726	0.1204197467	0.0369864723	0.1380892118	-0.0253605521	-0.0060634821	-0.0070126557	-0.0445384357	0.1193964886	0.018608623	0.0681860239	-0.0090113502	-0.0626272049	-0.0908119925	0.0098843036	-0.0478727428	0.04873895	0.008915808	0.0567973166	-0.0895835985	0.007149929	-0.0352198274	0.0720683405	0.0912435293	0.0587790397	-0.0556281227	-0.1154130763	0.0081802159249804	0.0079470408367684	6.315545806126459e-05	6.691593257930296e-05	0.049085048658668	-0.0667202983363353	0.0044515982100895	0.0024093420018238	0.0494751615101805	-0.0017335620511502	3.0052373851880998e-06	0.0024477916064584	-0.0002529789740538	0.0003790114162299	1.4364965363259454e-07	6.399836131331324e-08	0.0002255234178225	9.84784505411e-05	9.698005220975878e-09	5.086081198634191e-08	-0.0001859713782701	-4.4011430652000005e-05	3.458535353568062e-08	1.937006028035805e-09
535.4026994551537	-0.3586657708681287	0.1286411351924289	286656.0505838656	676.7250912251897	1.96887910053988	3.8764849125427263	457956.8490937413	548.2667116600923	0.0716674604666423	300596.3871145708	0.0051362248897377	562.7271280900026	422.1721459534848	0.973332	16.373533	0.0839379240625319	0.0423208174148234	-0.1126923527	-0.0344469074	0.0163908435	-0.0387533139	-0.0113249456	-0.0119211499	0.0159699701	-0.0454268992	0.0138947931	0.0348911887	0.1077777481	0.0063645597	-0.0440674098	0.0343669219	-0.0283230694	0.0001020422	0.0245451371	0.0031446589	0.0960055755	-0.1170603602	-0.1823734023	-0.0224965835	-0.0638932238	0.0682251498	0.0196072	-0.0793703649	-0.0236265734	-0.1709815255	-0.0804250823	0.1773898684	0.0437217252	-0.0145100495	-0.0450781159	0.0344402965	-0.2595073048	0.068182845	-0.018145074	0.073304662	0.1404839524	-0.1227809614	0.0672271777	0.0448682889	0.0532397689	-0.0680547741	0.011405167	0.0278285733	0.0651515875	-0.0735744903	0.0184180077	-0.0620856217	0.0103444976	0.0217568926	-0.003179209	-0.0822179494	0.0699517396	-0.0629804145	-0.0754435552	-0.1247851058	0.0960119678	-0.0227995779	-0.1005128459	-0.0348893672	0.0855513364	-0.1208592885	0.0416477847	0.0328768891	-0.0960521453	-0.0602724313	0.0481316793	0.0955770875	0.0040042033	0.0505855319	0.0488108746	-0.0056924131	-0.1305948788	-0.1308430617	0.057472505	0.1283741731	-0.0410865416	-0.0674924058	-0.1034360777	-0.0375030918	0.0921806835	0.0101297027	0.1290383058	-0.0374620814	0.0439026827	0.0559981077	-0.0343035331	0.0637157901	0.0353888111	-0.0259394693	-0.0701471363	0.010517496	-0.0533430278	0.1026511325	0.0357321239	-0.1167975736	-0.1098482619	0.102241404	-0.0466402544	0.0103841848	0.1127223572	0.1295849721	0.0469000547	0.0566846829	-0.0598166067	-0.1154130763	0.0001991310164157	-0.0079810849085647	6.369771631771921e-05	3.965316169874978e-08	0.0760893513456153	0.0270043026869473	0.0007292323636082	0.0057895893881964	0.0216978848061373	-0.0277772767040432	0.0007715771010929	0.0004707982050604	-0.0001699999977096	8.297897634420003e-05	6.885510515131309e-09	2.8899999221264e-08	2.5646796464329213e-08	-0.000225497771026	5.0849244737710414e-08	6.577581688827294e-16	-0.0003009998261594	-0.0001150284478892	9.060089534798903e-08	1.3231543823821404e-08
535.3356615658485	-0.0670378893051975	0.0044940786024959	286584.2705441446	675.5452342407866	-1.179856984403045	1.392062503644648	456361.3635054393	547.9993815904253	-0.2673300696669685	300303.32222348853	0.0714653661481462	562.1575855719738	421.2179821837675	0.8844929999999999	14.879077	0.0269679644355726	0.0191226001758081	-0.086700515	-0.0086918458	0.0549208784	-0.1096034437	-0.0334717005	0.0443966163	-0.0209443385	-0.0401622222	-0.0326981525	0.031052211	0.1412570275	0.0737755794	-0.0329606335	0.0139414796	0.001062798	-0.0291855054	0.0622965796	0.0295181471	0.138515017	-0.0705222681	-0.0265519791	-0.095628892	0.0296499504	0.0469818899	-0.0309539223	0.0902797472	0.004782247	-0.0433181778	0.161015173	-0.0046902333	-0.0495747799	-0.0395214217	0.0649772652	-0.0824390344	-0.0393327752	-0.0476341869	-0.0206620001	-0.0077483027	0.0070505674	-0.0017442277	0.1269865533	0.1533843001	-0.0373499386	0.0134359656	-0.0235989812	0.0444903804	0.0286197134	-0.1253934215	0.095371098	-0.0449216357	-0.0244763931	-0.0167498952	-0.0207963591	-0.0646221326	0.0620152459	-0.0468284657	-0.1424760406	0.0205931383	0.0921000808	-0.0556737035	-0.0435571722	-0.0556901826	0.0628737309	-0.0446225305	-0.119134888	-0.0084890164	0.0925026494	0.1573361817	0.0131153231	-0.0122176863	-0.0316564521	0.0396553165	-0.0606791225	-0.079723162	0.0581060228	-0.1035570895	-0.017460425	0.1061526538	-0.0486213289	0.0581806821	-0.0525941636	-0.0224934453	0.0945272311	-0.0582704876	0.1362510628	-0.0196135698	0.0759609633	0.0763128581	0.0065595247	0.0907045677	0.0137617571	0.0317512763	-0.1229926516	0.1007540932	0.0584395252	0.1290687506	0.142165926	-0.0091915558	-0.028114074	0.0661096346	-0.1200356461	0.029715787	0.0059611035	-0.0056673362	0.1455631809	0.0545654623	-0.063900152	-0.1149575937	0.0002138586836366	1.47276672209e-05	2.1690418176957234e-10	4.5735536566779376e-08	0.0760821041272805	-7.247218334796579e-06	5.25221735922117e-11	0.0057884865684343	0.0277405935040775	0.0060427086979401	3.651432840816214e-05	0.0007695405279584	-0.0001699583543132	4.1643396399981695e-08	1.7341724637260085e-15	2.8885842200851232e-08	0.000353019896824	0.0003529942500275	1.2460494055250238e-07	1.246230475536276e-07	-0.0002359701025418	6.502972361759998e-05	5.568188929358762e-08	4.2288649537814414e-09
534.9466252695591	-0.389036296289305	0.1513492398304999	286167.8918872901	675.2699320129075	-0.2753022278791377	0.0757913166752166	455989.4810807167	547.7339424533344	-0.2654391370908797	300012.47171547264	0.0704579354995508	562.004919547301	420.62853340890496	0.926312	15.582565	0.0204559482910946	0.0102439721287271	-0.0813773775	0.0279834201	0.1021576648	-0.1094776015	-0.0356576582	0.0809915825	-0.0589717253	0.0245824333	0.0660788034	0.0015894217	0.1248116853	0.1367676491	-0.0353141045	-0.0415662605	0.1034450436	-0.0633656565	-0.0291811084	0.0695528736	0.0709469137	-0.0082439398	0.0720795141	0.0807915151	-0.0629502991	-0.1665455162	-0.123195808	0.0958011104	-0.0169439636	0.1413746229	0.056282723	-0.0699333522	-0.002503704	0.1363355323	0.0165816006	-0.0691156957	0.038827276	-0.092359044	0.0608291993	-0.1336726725	0.0142259511	-0.1237157649	-0.2137231516	0.0691305549	0.0306416511	-0.1247422705	-0.0299876316	0.1582452882	0.0130596822	-0.0252678659	0.0573196959	0.0553270756	-0.0779505673	-0.0733072239	-0.0579511736	0.0165724274	0.0889084169	-0.063635886	-0.1226606341	0.0509002878	0.0251574957	-0.0013691031	-0.0005176326	0.0205022608	0.1286703462	0.1267277812	0.0033193901	-0.0289276776	0.241654872	-0.0346585853	0.0743863371	0.0297067016	0.0537043012	-0.1113548584	0.1137346013	0.0210627655	0.0196113547	-0.0273449904	-0.0328838159	0.2422208855	0.0271759037	0.0136448211	-0.1094144592	0.099705516	0.0870462804	-0.0437660156	0.067738558	-0.0220216882	0.1271619782	0.0335076607	-0.0439244276	0.0992855551	0.019714791	0.0146994448	-0.1312746728	0.0971115306	0.1787989848	-0.0435990209	0.0907374555	0.0621980824	0.0388286749	0.1100763803	-0.0443309989	0.0833163061	-0.1492110613	0.0847427869	-0.0345396953	0.0524223074	-0.0678715947	-0.1140484259	0.0084815372704696	0.008267678586833	6.835450921517693e-05	7.193647447036492e-05	0.0760942378932583	1.2133765977792588e-05	1.4722827680383688e-10	0.0057903330405557	0.0317163964088464	0.0039758029047689	1.5807008737568845e-05	0.001005929801163	-0.0001699617835074	-3.4291942000027557e-09	1.175937286133254e-17	2.8887007853016313e-08	0.0002540252831702	-9.899461365379996e-05	9.799933532465116e-09	6.45288444897003e-08	-0.0003009787203641	-6.500861782229999e-05	9.05881901120111e-08	4.22612039116586e-09
533.2759521376892	-1.6706731318699894	2.7911487135522792	284383.24112835893	675.0043732807899	-0.2655587321175972	0.0705214402039057	455630.9039481919	546.9162950694338	-0.8176473839006348	299117.43381247594	0.6685472443995522	561.2224843777143	412.0261251898928	0.975658	16.412674	0.046234461912783	0.0325237656921126	-0.1269226554	0.0917821289	3.97511e-05	-0.1327582782	-0.0548753544	0.0828065496	-0.1499263148	-0.0044359143	0.0846719375	-0.1351353993	0.1063211718	0.0234324663	-0.0152030709	-0.063044101	0.1232453996	0.0250871087	-0.0753733398	0.109396076	0.0515811097	-0.0228344769	-0.0443652115	-0.0493818977	-0.0502184962	0.1054904488	-0.0021144488	0.0580860732	0.0253269806	-0.1009472573	0.0115042032	0.0757467936	0.091046398	-0.0728190173	-0.0657140286	-0.0001447906	-0.0980909748	0.0560310916	-0.1126077659	-0.1119500225	0.0354587754	0.056992817	-0.0990354353	0.0605391638	0.0396000572	0.0941515688	0.0195926752	-0.1595441668	0.0594533714	0.109929456	-0.1219231671	-0.0785729524	-0.1124061324	0.0021918621	-0.0737209985	0.0850515211	0.0969783218	-0.1167257793	-0.0592488407	-0.0389675398	0.0330509706	-0.0344675537	-0.1197152653	-0.0971618886	0.0051378855	-0.092469802	-0.0530575199	0.0309340415	0.159945203	-0.0056226546	-0.0253523404	-0.1054847593	-0.0191847072	0.2093651081	-0.0986882335	-0.0068605299	0.0351554481	0.0216703976	0.0344652658	0.0157519586	-0.0947996056	-0.1557335824	-0.034546803	0.0869530973	0.1199233241	-0.005304836	-0.0291612594	0.0150289423	0.1307293711	0.0036592092	-0.161199692	0.061294118	0.0179279772	0.0029839038	0.0099108725	0.0073503846	0.0483763591	-0.0933315617	0.0383779996	0.0713625752	-0.0555832697	0.0666151488	-0.1016931652	-0.0225481875	-0.1108347539	-0.0727502386	-0.0734441362	0.0502561585	-0.0717239676	-0.112689161	0.0239446095994821	0.0154630723290125	0.0002391066058522	0.0005733443288716	0.0760930860986803	-1.1517945779915273e-06	1.3266307498906805e-12	0.0057901577520211	0.060286158920384	0.0285697625115375	0.0008162313299656	0.0036344209573737	-0.000169968403679	-6.620171599986974e-09	4.38266720132741e-17	2.8889258249187505e-08	0.000210025673085	-4.399961008520002e-05	1.9359656876496353e-09	4.4110783354807296e-08	-0.0003009819956604	-3.2752963000180074e-09	9.059016171171707e-08	1.072756585291165e-17
533.3006078145081	0.024655676818952	0.0006079023994006	284409.5382953238	673.7052598723566	-1.2991134084332998	1.6876956479711855	453878.7771796795	545.8092838958854	-1.107011173548358	297907.77438693924	1.2254737383609124	560.2528322904537	406.467142134954	1.058352	17.803757	0.0262012526897112	0.013272614841996	-0.1448344112	0.175552593	-0.0168330372	0.0606337933	-0.040310068	0.0465667094	0.0183479973	0.1188600565	0.1241350772	-0.2018345304	-0.0108535643	0.0922480097	-0.1552411001	-0.0167832285	0.1169413522	0.1296312949	-0.0502278196	0.0787652215	-0.1432564312	-0.0632917798	-0.0812108412	0.0107580883	0.1829717662	-0.0418469533	0.0734476658	0.0333204132	-0.0029374067	0.1412712269	-0.0533458525	0.0635973904	-0.0211826018	-0.0656942722	0.0488040023	-0.0743981608	-0.0528069967	0.0525962095	-0.0067657742	-0.0022016156	0.0116013969	0.1896903622	0.0214210552	0.0305841213	0.0480327265	-0.1948116188	0.1663287664	-0.0347507597	0.1705952392	0.030575209	-0.0508521562	0.0562108907	-0.1436963978	0.0621806377	-0.0333395596	0.0528406318	-0.120171738	-0.1005648615	-0.0602761409	0.0131151315	0.1427063013	0.199916993	0.0673984835	0.0016099017	-0.0111612641	0.0419143418	0.1759269165	0.1041962261	-0.0011333566	-0.0292623047	-0.0494724965	0.0497661219	0.0327738682	0.0789430893	0.0008799443	-0.0152565552	0.0912084213	-0.0528632321	0.0705741683	-0.0623610698	0.0212892965	0.0537608432	0.0028200812	0.0550574589	0.0665897786	0.0267025159	-0.082771192	-0.0116663637	0.0867043747	-0.0866052106	-0.2753712026	0.0915670399	-0.0353852899	-0.11769695	-0.0141919033	-0.0620977119	-0.0385856425	0.0180974492	-0.0311538482	-0.0522157968	-0.05257962	-0.1003336566	0.0048014458	0.0295222247	-0.1460050238	-0.0672544554	0.0253717108	0.0480679655	-0.0754505123	-0.1108851636	0.017780960636287	-0.0061636489631951	3.799056854149604e-05	0.0003161625611491	0.0676934625724925	-0.0083996235261878	7.055367538168775e-05	0.0045824048750534	0.0517986538495307	-0.0084875050708532	7.203774232776039e-05	0.0026831005406235	-0.0002099649344221	-3.999653074310001e-05	1.599722471483744e-09	4.408527368687676e-08	0.0002330319279484	2.30062548634e-05	5.292877628397162e-10	5.430387944334829e-08	-0.0003009752786774	6.716983000029392e-09	9.058611837493858e-08	4.511786062268386e-17
535.9798539971364	2.679246182628276	7.1783601071281895	287274.40389079164	675.1836306986385	1.478370826281889	2.185580300001396	455872.9351633954	547.7714333694972	1.9621494736118168	300053.54321567353	3.850030556795129	561.2186171213785	415.6248657314546	1.204664	20.265043	0.1098366071310273	0.0555843798673014	-0.1406989931	-0.0226829018	-0.0198755019	0.1082045708	-0.0164860061	0.0759898785	0.1329275969	-0.013143543	0.1039028308	-0.0523129438	-0.0737676543	0.1603787387	-0.1625063698	0.1282322894	0.0141875102	0.0896914897	0.1436686259	0.0451420412	-0.0793874908	0.0491846565	0.1131815028	0.0805338238	-0.0648611934	-0.0693203089	0.0865416781	0.0055176146	-0.0252771278	-0.0779847681	0.0689760513	0.0503489144	0.0456021386	-0.004782997	0.113349194	0.0446046091	-0.023785978	-0.0653464956	0.0643615508	0.0218549193	-0.1703751374	0.0937148415	0.0029612427	0.0463074659	-0.0034089037	-0.0189001832	-0.0018491477	-0.0083268476	0.1549636145	-0.0377630919	0.0982893903	0.0053717763	-0.0858873021	0.1088935465	0.147467592	-0.0094492101	-0.053383849	-0.0185707313	0.0243778209	-0.0251997709	-0.0758379895	0.1341766018	0.0469638365	0.070549319	0.1140988684	0.0155534343	0.0530026546	0.0753125181	-0.0773595487	0.0518463213	0.0360216192	-0.1889417853	-0.0263136511	-0.0158615832	0.027816937	0.0806926436	-0.0153670351	0.1123190246	-0.0093547858	0.0214961467	0.2130589419	0.0335602019	-0.0323654086	0.01002613	0.0952591568	0.1263311629	-0.0436351595	-0.0735671351	-0.0142724303	-0.0626491639	-0.0576810262	0.0226176677	-0.0632900577	0.0118374951	0.0809959366	-0.0705090752	-0.0978597997	0.0448997008	0.0797892579	0.0001907075	-0.0753485796	-0.1574071226	0.0321681958	0.0499427094	-0.0625375438	-0.1356670331	0.1089915164	0.0458586883	-0.0790446912	-0.108643553	0.032326876013542	0.0145459153772549	0.0002115836541622	0.0010450269127949	0.105440572197466	0.0377471096249735	0.0014248442850397	0.011117714265329	0.0177857088608419	-0.0340129449886888	0.0011568804268035	0.0003163314396826	-0.0005834505864023	-0.0003734856519802	1.3949153223507505e-07	3.4041458677318774e-07	0.0003295877137603	9.65557858119e-05	9.323019773753508e-09	1.0862806106174144e-07	-0.0003004039736673	5.713050101000135e-07	9.024254739510387e-08	3.2638941456537654e-13
536.9021056277131	0.9222516305767384	0.8505480701014531	288263.871027472	677.5245984461919	2.340967747553464	5.480129995085536	459039.5814996736	549.0956018855063	1.324168516009081	301505.98001000646	1.753422258789692	563.6540716672555	427.3915597987921	1.060559	17.840879	0.0786500892357242	0.0379339642379173	-0.0194263455	-0.0442298571	-0.1343142309	0.0043550109	-0.0328373041	-0.0559183415	0.0182616039	-0.0844441371	0.0707924797	-0.0043422429	-0.025931594	-0.0271894264	-0.1521508278	0.0563611026	-0.1491129537	0.0434655513	0.0581747368	0.0655296595	0.085917493	0.0020006171	-0.0007414978	0.1550889495	-0.0224763239	-0.1354029559	-0.1424065638	-0.0570520532	0.0300598215	0.0322205682	0.051317562	-0.0179828827	-0.0005581009	0.1376871633	0.0475710315	0.0580512585	-0.0667597507	-0.0527622632	-0.0564660614	-0.0230046712	0.0001513124	0.023070523	0.0198355638	0.062377654	-0.0253665954	0.0576561869	0.0305932155	-0.1409220412	-0.080548847	0.0063552847	-0.158805862	0.1665690442	0.089969638	0.1282234416	0.0471432025	0.0009884236	0.0352733576	-0.0068130329	-0.0415344886	-0.0008853203	0.032836602	0.0369591525	0.0591112987	0.1316831755	0.2060570958	0.0357979881	-0.1073179266	-0.0294403628	-0.0938460005	0.0720199697	-0.0372070625	-0.029529423	0.0793934724	-0.0112594896	-0.017248754	-0.1153294362	0.0766708298	0.0336213566	0.1220677784	-0.0967874356	0.098814886	-0.0452794289	-0.1352195572	-0.1020046854	0.1170604671	0.0632613815	-0.083647138	0.0121186931	0.0263744596	0.0431918361	-0.022491088	-0.0384513795	-0.1359715931	-0.0405008663	0.150178708	0.0282295871	-0.0255073774	0.0668002439	0.1046782293	0.0600818047	-0.1240282309	-0.0300290968	0.0455804472	0.0340842484	-0.0239042831	0.0458829076	0.1290032307	0.043629296	-0.0825001988	-0.105973176	0.0229471773760536	-0.0093796986374883	8.797874653010171e-05	0.000526572949528	0.109083942617417	0.0036433704199509	1.3274148016973909e-05	0.0118993065369599	0.0444320326554787	0.0266463237946368	0.0007100265717686	0.0019742055258975	-0.0001339999936207	0.0004494505927815	2.020058353517316e-07	1.7955998290347646e-08	2.023229583869579e-08	-0.0003295674814644	1.0861472483882805e-07	4.09345794904507e-16	-0.0003009998270942	-5.958534269000487e-07	9.060089591073833e-08	3.5504130634853165e-13
537.4725930553557	0.5704874276425471	0.3254559050982104	288876.788285648	678.8308326761136	1.3062342299216425	1.7062478634189864	460811.2993917457	549.3836304168129	0.2880285313066224	301822.3733699573	0.0829604348466499	564.9425707230201	430.1551623619369	1.117269	18.794868	0.0417220384014033	0.0208593031065435	0.0746779162	0.0477644275	-0.0008144674	-0.0087312029	0.0319176164	-0.1403927051	0.0211737462	-0.0192156047	-0.0478516571	0.0753354801	0.1036610615	0.0056993016	-0.0257352569	0.0542055413	-0.1073248198	-0.0623643955	-0.035233162	-0.083236734	0.0418431075	-0.1206888556	0.0331161441	-0.025538157	0.0330813089	-0.080242735	-0.1316251817	0.1489632409	-0.0457478235	0.0208981126	-0.0396155356	-0.0312755777	0.2489565895	0.0251670686	0.1147062443	0.0117197114	-0.0408920652	0.0430130094	-0.0455757038	0.0166737713	-0.1138226631	0.0217760682	-0.0070926154	0.0379250376	0.0605887144	0.0577541208	-0.1744907896	0.0001344256	0.1890353172	0.0138957346	0.0053240178	0.1124786455	0.1360398931	-0.0273377258	-0.0938313395	-0.1173166205	0.0066494713	-0.0397286848	-0.0599263664	0.0179952193	-0.0603504659	-0.0117881573	0.0829197964	0.026071166	0.1935399474	0.0994532533	-0.02072608	-0.0179055982	-0.1003987911	-0.0872913384	0.0166731139	-0.0789080135	-0.0199764825	-0.1110499265	-0.0252161215	-0.0954292784	0.1205953684	0.0464484194	-0.1308193731	0.0814529716	0.0155120473	-0.175028002	0.0534117101	-0.1006176498	0.0262582782	-0.1478572331	-0.0342844376	-0.0578848866	-0.0231938495	-0.0124894601	-0.0227040713	0.0189007571	-0.1150864623	-0.0026384419	0.1788609077	-0.0419234919	0.0388365171	0.0390482501	0.0602811775	0.0714364787	-0.1519356165	0.0623139137	0.0612000625	-0.0769966035	-0.0513744829	-0.0428917677	0.0139998666	0.0413807664	-0.085810973	-0.1028845713	0.0203120872830595	-0.0026350900929941	6.943699798195663e-06	0.0004125808897946	0.1068769579793667	-0.0022069846380503	4.870781192590023e-06	0.0114226841469233	0.0344021082472778	-0.0100299244082009	0.0001005993836342	0.0011835050518574	-0.0001859800436445	-5.198005002379999e-05	2.701925600476749e-09	3.458857663401012e-08	0.0003120121946689	0.000311991962373	9.73389845853937e-08	9.735160962210357e-08	-0.0001279710542479	0.0001730287728463	1.6376590725318968e-08	2.9938956232696494e-08
536.569139017727	-0.9034540376286486	0.8162291981075076	287906.44094622484	680.1320373774823	1.3012047013687609	1.6931336748641657	462579.588267245	549.1921150693287	-0.1915153474842554	301611.9792543228	0.0366781283220151	563.3269331332965	427.7727875371741	1.190575	20.028027	0.1116759040570859	0.0550463983168528	0.0146180537	0.0594481332	0.1729550079	0.059863343	0.1265272863	-0.0091174012	0.0022706176	0.1515434363	0.0147541583	0.0170089772	0.0152626253	0.2151198411	-0.0714612315	0.0391750829	0.0275052989	-0.1311183056	0.0670288729	-0.0180085109	-0.1512668331	-0.0551048865	0.0146117629	-0.1479206301	-0.0034478502	0.0120159972	-0.0392879752	0.0744993493	0.129482651	-0.0109595272	-0.0001699503	0.1618791141	0.1101679491	-0.0419833073	-0.0577455073	0.0199156296	-0.0734274585	-0.0198494259	0.2179873287	0.1338833053	0.1403332376	-0.0614276209	0.0579800626	-0.0343472055	0.0399532498	-0.0469926657	-0.1176885205	0.0949552473	-0.0985547335	0.0690174183	0.0309290099	-0.019203355	-0.0572741917	-0.1546158787	0.0302527909	0.0393658528	-0.1231577821	-0.074751004	-0.0405104373	-0.0145194068	0.0233352189	-0.0737233099	0.0290209857	0.1278042773	0.1269163993	-0.0858227402	-0.1340541225	0.0651863283	-0.0430269107	-0.0309603761	-0.0407681927	0.0448443601	-0.0074184107	-0.1350554534	-0.1398521222	-0.0661057821	-0.0604783161	-0.0994139699	-0.10185667	-0.0544443592	0.0023059	0.0286767648	0.0872735127	0.1463874991	-0.0293403619	-0.008058095	-0.0591068455	-0.1204025998	-0.0333991683	-0.0682660905	0.0206969079	0.0611605059	-0.0787684106	-0.0805278357	0.0968774173	0.0918126267	-0.0285844225	0.0171972697	0.0081164474	-0.1470917951	-0.0926613692	-0.0071409336	0.1124022732	0.1012226536	-0.1415567563	-0.0387822516	-0.0096238152	0.0391140859	-0.0889712056	-0.0993899282	0.005970415651447	-0.0143416716316124	0.0002056835451889	3.5645863051043306e-05	0.1195597290909518	0.0126827711115851	0.0001608526830688	0.0142945288203017	-0.0143033517082855	-0.0487054599555633	0.0023722218294829	0.0002045858700909	-0.0005834304062884	-0.0003974503626439	1.579667907657676e-07	3.4039103898184745e-07	0.000461087537205	0.0001490753425361	2.2223457752255546e-08	2.1260171696577226e-07	-0.0003003653762344	-0.0001723943219865	9.021935924043267e-08	2.9719802253185037e-08
536.1112889290459	-0.4578500886810843	0.2096267037052768	287415.3141171629	676.1894924703068	-3.942544907175488	15.54366034509538	457232.2297272512	548.8150103994077	-0.3771046699209819	301197.915639702	0.1422079320762127	563.221538458115	423.970684438011	1.258819	21.176044	0.1227076468844291	0.0808044450459693	-0.0929388319	-0.0280383805	-0.0118168701	0.113093933	0.0430511995	0.0520350269	0.06569605	0.0670858724	0.1761824521	0.006258856	0.0254531744	-0.0370163304	0.0890619766	-0.0725874833	-0.0812840305	0.0514622054	0.0779651841	0.1385768048	-0.0242598919	-0.0356524403	-0.0399252264	-0.0377098876	-0.1251323514	-0.0274593724	0.0182982183	0.2572745723	0.0233275466	-0.1667115182	-0.0065230126	0.0497273989	-0.1432553201	0.0808049327	0.0359428519	-0.2094126752	0.0592285113	0.0314018308	-0.0161829264	0.0239566032	-0.0748852112	0.1444708148	0.0847399642	-0.0228679283	-0.0034658289	0.1378964108	0.0398802151	0.0168231791	0.0444047224	-0.0114661061	0.0573768864	-0.1272389968	0.0005485787	0.0655209258	0.1209541538	0.0262327283	-0.0137377738	-0.1352144871	-0.0631357872	-0.0132923494	-0.0285927619	-0.1360320128	-0.0161643632	0.0348348497	0.0652475948	0.0959540419	-0.0040045455	0.0459181219	-0.1472755295	-0.0607213542	0.1128778986	-0.1330768623	-0.165414761	0.023922233	-0.0030333528	0.1728028214	0.0224752335	0.0729315177	0.1858557652	0.1252840456	-0.0452727331	0.065769291	0.0860689548	-0.0179363784	0.09726656	0.1232390957	-0.0844058769	-0.1001469514	-0.0889765599	0.0490044656	0.0210049804	0.1695491678	-0.1666028562	-0.0131083305	0.033096814	0.0381642507	0.082196257	0.0543756899	-0.0486941615	0.0919882984	-0.0605845445	-0.1284242755	-0.038127679	0.0251371971	-0.1834103134	-0.1534977036	0.0209610136	0.0368302486	-0.0919753525	-0.0955030384	0.0027703859202574	-0.0032000297311896	1.0240190280497385e-05	7.67503814716044e-06	0.1560083471903084	0.0364486180993565	0.0013285017613527	0.0243386043930518	0.0581573377499324	0.0724606894582179	0.0052505515167602	0.0033822759341597	-0.0005009519261544	8.247848013399992e-05	6.8026996852146205e-09	2.509528323178035e-07	0.0003850615525817	-7.602598462330001e-05	5.7799503379422504e-09	1.482723992766293e-07	-0.0002469036490784	5.3461727156e-05	6.096141192822969e-08	2.858156270502588e-09
535.8921587114796	-0.2191302175663168	0.0480180522506613	287180.40576844965	675.9329784453228	-0.2565140249840851	0.0657994450135358	456885.3913499652	547.6221184748389	-1.192891924568812	299889.9846428705	1.4229911437014846	562.8466396698585	417.27996019240857	1.209758	20.350727	0.0894653748634113	0.079273301020072	-0.1095381279	0.042180389	-0.0922493811	-0.0517147603	-0.0844484887	-0.1139727666	0.0730969974	-0.0958367033	0.0283932032	-0.0497950551	0.1449158619	-0.0137527343	-0.0821968391	0.0872708342	-0.0186456691	0.121964139	-0.0206636822	-0.028445487	0.1137260935	-0.1227867354	0.0147515651	-0.0082490808	-0.0871254047	0.1235382154	-0.2668746294	0.0365105673	0.0288072112	0.0245712278	0.0382565459	-0.1050039033	-0.0298939616	0.0082925682	0.030864858	-0.1384092482	0.0462759546	0.0103031914	0.1034647914	-0.0003359712	0.0881033595	0.0842301493	0.1549966375	-0.1952409349	-0.1970172796	-0.0666579924	-0.034838106	0.068581628	0.0256847456	0.0762936757	-0.0569417364	-0.0151240515	0.0348534285	0.1458329574	-0.0712655852	-0.1385647794	0.079864227	-0.0572897085	-0.088144675	-0.1654397956	-0.0255366282	0.0603305973	-0.0914860938	-0.0760916294	0.0925641698	-0.0110366904	-0.1609433174	-0.0622590785	-0.0006778528	0.0847831853	0.0389951093	0.0717374105	-0.0165727634	0.1377373054	0.055579752	0.0151716156	0.0674303841	0.0170673484	-0.0231276995	-0.1510624502	0.0628990979	0.0387274054	0.1135012928	-0.1789784862	0.1378538653	-0.0909671339	0.0011850598	-0.0747483839	0.0428399892	0.1098627883	-0.0701256602	0.0670261188	-0.1064084222	-0.0584672521	0.1577382597	-0.0185696966	-0.0285733936	0.0750017571	-0.0074462264	0.0185994132	0.0007871828	-0.1781605865	0.194705427	-0.1039666334	0.1208510051	0.0967777375	0.0238977419	0.0345302564	-0.0948181434	-0.0912392418	0.0027841995789117	1.3813658654300044e-05	1.9081716541751846e-10	7.751767295212087e-06	0.0770384488559159	-0.0789698983343925	0.0062362448429442	0.0059349226021255	0.0648392932700119	0.0066819555200794	4.464852957232085e-05	0.0042041339517546	-0.000492955379453	7.996546701399994e-06	6.394475914767113e-11	2.4300500613165125e-07	0.0004190521086997	3.399055611800003e-05	1.155357905210909e-09	1.756046698056652e-07	-0.0002128966048921	3.4007044186300006e-05	4.5324964374582936e-08	1.156479054288961e-09
537.0309436047527	1.1387848932730549	1.296831033146923	288402.23438901105	678.3537962349297	2.4208177896069856	5.860358770477651	460163.87286634056	547.5724189844025	-0.04969949043641	299835.55403243	0.0024700393496388	562.028006318288	422.8170573534644	1.377236	23.168076	0.1106477040953535	0.0483106161284049	-0.037634098	0.0301295635	0.1376927408	-0.0338253742	0.0554566534	0.101038506	-0.0026808163	-0.0368607627	-0.2109668621	-0.0448846652	0.0310145524	-0.0596648091	-0.2934992651	-0.0860928069	0.152507957	-0.0603932049	-0.0327197879	-0.0004472385	0.0119114032	0.0569887661	-0.124083968	0.0146459044	0.1197392386	-0.0163986849	0.0515132518	0.0459432801	-0.1078971659	0.0876893305	0.0536207366	-0.1210192738	-0.0112189376	-0.143632876	-0.0507635057	0.152187818	0.0137681094	-0.1180659804	-0.0381260865	0.0159751677	0.0706964364	0.0846976029	-0.0318246997	0.0391360689	-0.1076743408	-0.1811444875	-0.0021044342	-0.0591485911	-0.2388670132	-0.1747784599	-0.0178113286	0.0162487624	-0.1259328994	-0.1053978263	0.0035009509	-0.0602747332	0.0424984162	0.0460156757	0.0265193932	-0.0187831752	0.157518044	0.1296834554	0.1981087136	-0.075289944	0.0084826312	-0.080857552	0.0267681811	0.1273325082	0.0392791053	0.0437477503	0.0013694583	-0.0226875208	0.1343635081	-0.0476858321	0.0064456056	-0.1862312927	0.1074939097	0.0433167727	-0.0715303839	-0.1358656905	-0.1848504822	0.0402210278	0.0617315797	0.1333022678	0.0833681216	-0.1096048923	-0.0570021286	-0.0813495177	0.0079935896	-0.0852645384	-0.0287135851	0.0604052565	-0.1095258092	-0.1996615569	0.1077403208	-0.0810283853	0.0524825557	-0.0760587575	0.1174039283	-0.0334923759	-0.1097144864	-0.0449808264	0.2304682739	-0.1200500211	0.2184340095	-0.1137000034	0.0267137257	0.032215118	-0.097494591	-0.0866153656	0.0269161138102873	0.0241319142313756	0.0005823492844704	0.0007244771826483	0.0984908607238566	0.0214524118679406	0.0004602059749517	0.0097004496461261	0.0338808805830765	-0.0309584126869353	0.0009584233160946	0.0011479140690846	-0.0006679997376406	-0.0001750443581875	3.06405273333088e-08	4.462236494879105e-07	1.0051201826399848e-07	-0.0004189515966814	1.7552044036192467e-07	1.0102665815502364e-14	-0.0003009999562051	-8.8103351313e-05	9.060097363547212e-08	7.7622005125819e-09
538.2019269717287	1.1709833669759746	1.37120204573439	289661.31419608195	677.9456793101047	-0.4081169248250944	0.1665594243286917	459610.3440952392	549.2770910513088	1.7046720669063689	301705.3227537878	2.905906855690832	563.9595239498676	438.8226482573608	1.360554	22.887449	0.1864863765005147	0.0923112115301163	-0.0010869675	-0.1651972988	-0.0180623818	0.0871933346	0.0456711218	0.0640941548	0.0139919967	-8.60909e-05	0.0465981513	-0.0364222669	-0.2174223466	-0.0822758686	0.1372748184	0.0652956636	0.0005928502	-0.0338095701	0.0657339518	0.071350974	-0.0167750344	0.0996595761	0.006408219	0.0199357803	-0.0871531464	0.0673384371	0.0650881499	0.1033432583	-0.0514573326	0.0767455816	-0.1172824826	-0.0037548685	0.0219041015	0.2038372173	-0.0345032727	0.0998174548	0.0113629968	0.0317041739	-0.0117281843	-0.0362595906	-0.0583606626	-0.0335890254	-0.0694783256	-0.1285928648	0.1800396077	-0.002124764	0.0330759631	0.0345766727	-0.0229516559	0.1410694114	0.0309433383	0.0240093286	-0.0097534206	-0.0209886615	0.1391849424	0.117459298	0.0496200733	0.0418630626	0.0765320253	0.0152484103	-0.0977592796	-0.0251006326	-0.084577746	-0.0860443608	-0.0303425951	0.0318155178	-0.0950721171	-0.0655741651	-0.1591796675	0.0454006904	-0.0303767521	0.0622915942	0.0293602695	-0.2146391053	0.1415010538	0.0008190559	0.0591195783	-0.1443023341	-0.0798369363	0.0056911096	0.1105767501	-0.0740954905	-0.0456922244	0.0281931471	0.0353319576	0.1591231616	-0.0630652288	-0.0774599437	-0.1040131365	0.0538127159	0.1603664458	0.0039645891	-0.0272469884	0.0564428165	0.1471993706	-0.036721255	0.0061193876	-0.0116051375	-0.033495233	-0.1918578652	-0.1710216531	0.0892453133	-0.0303831735	0.0484039698	0.1337983066	-0.145271616	-0.0136749303	0.0298858491	-0.1	-0.0816496581	0.0005321066672649	-0.0263840071430224	0.000696115832923	2.83137505347759e-07	0.1679563872036453	0.0694655264797887	0.0048254593691142	0.0282093480025008	-0.0130188455698103	-0.0468997261528868	0.0021995843132157	0.0001694903399705	-0.0010619274788997	-0.000393927741259	1.5517906533349634e-07	1.1276899704422726e-06	0.0004801598648769	0.0004800593528586	2.304569822670524e-07	2.305534958386029e-07	-0.0003002447158265	7.552403786000158e-07	9.014688938173573e-08	5.703880294678952e-13
536.7919535817639	-1.4099733899647615	1.988024960408722	288145.6014301266	678.6667816401776	0.7211023300729948	0.5199885704367024	460588.60050183657	548.4594393383697	-0.8176517129390959	300807.75659935887	0.6685543236722377	564.31593979322	439.40091089440335	1.320035	22.205835	0.1673384260105159	0.0911747066562561	0.0371524456	-0.0865708517	-0.0791382779	-0.0288260146	0.0114436753	-0.0730670789	-0.0074849486	-0.0923622651	0.0326779509	0.0668677603	0.1269540946	-0.0951348862	-0.0580609178	-0.0692145585	-0.1045595215	0.0860392181	0.0185011835	-0.0197804131	0.0458580412	-0.1186301027	-0.1464581956	-0.0728794691	-0.0557885291	-0.0682423089	-0.1399415498	0.0143010477	-0.0400126686	0.1301342758	0.0490897508	-0.061344362	-0.1638619289	-0.1193782443	0.0364662048	0.1367539954	-0.0469879903	-0.1079106255	-0.0110686987	0.0708207102	0.1229558962	0.0365939019	0.0246925505	-0.0751553387	0.1405064813	-0.0548318584	0.0102424027	-0.0280005872	0.0366110219	-0.0913577031	-0.0620764114	-0.0003113515	0.1178491807	0.0946322999	-0.0293813365	-0.0460472005	0.0194423981	-0.1278871195	-0.0134146309	-0.1124021682	0.1169750165	-0.0953140702	0.0160620579	0.0291752121	-0.0130844642	0.0009262547	-0.0935193885	-0.1954441784	0.0776273776	0.001341408	0.056018254	-0.0456507765	0.0304407604	-0.0389835836	0.0739398931	-0.190676303	0.0610202539	-0.0294353351	0.0779705093	-0.1369215437	0.0556718003	0.0136120823	0.0844209216	-0.1373315743	0.1054225938	-0.0195508702	-0.0029569608	-0.0527358662	0.0338373368	0.0919558258	0.1010748159	0.0958644297	-0.0412299275	-0.1109101169	0.1634223357	0.2577286481	0.0677454281	0.1257961488	-0.0313390785	0.0999932564	-0.0545175371	0.1182782956	-0.0498103227	-0.1658396355	0.1301942011	-0.034962022	-0.0504281543	0.0275434712	-0.102329975	-0.0763617167	0.0062716721634501	0.0057395654961852	3.294261208499966e-05	3.933387172579485e-05	0.1103474212309834	-0.0576089659726619	0.0033187929604393	0.012176553372328	0.0429528279608035	0.0559716735306138	0.0031328282378176	0.0018449454298303	-0.0001234309347966	0.000938496544103	8.807757632934616e-07	1.5235195664762518e-08	0.0004590186052599	-2.114125961700001e-05	4.4695285819339537e-10	2.106980799747439e-07	-0.0003009713323275	-7.266165010000368e-07	9.058374288299046e-08	5.279715395255365e-13
533.9082031889428	-2.883750392821071	8.31601632809568	285057.9694324455	674.5275644831632	-4.1392171570144	17.13311867292237	454987.435247588	547.7233949725547	-0.7360443658150189	300000.9174002612	0.5417613084480333	561.5242195373927	418.796628380136	1.38609	23.317019	0.0785766259571688	0.0397479664205634	-0.05731128	0.0800335046	-0.006637547	0.0201058209	-0.0120140182	0.0183078359	-0.0271654179	0.1558935701	0.1551274946	0.0049553224	0.0912334794	-0.0148905532	-0.0176498948	-0.1009939272	0.0049733528	0.0734223389	0.0859207338	0.0929795339	-0.0078544606	-0.0137389324	0.1047164363	-0.1255361171	0.2029803962	-0.067450469	-0.2603864537	-0.1048912088	0.0859216362	0.0635980756	0.0327727195	0.1060693489	-0.0431849747	0.0592047048	-0.2394931683	0.0859817203	0.1237618948	0.1206093445	0.0824179547	-0.0447035716	-0.1744395467	-0.0803900491	0.0247761768	-0.0759225575	0.0375909955	0.1962088	0.0015878747	-0.002176609	-0.0462008898	-0.0829947599	-0.0505858449	-0.1480683595	-0.0615118375	0.0403030077	0.0238520531	0.0039803025	-0.0976513322	-0.0987277561	-0.1491293914	0.1849937288	-0.0546704849	0.0794706094	0.1003283918	0.0142862499	-0.1175977912	-0.0557457287	0.0482597746	-0.3639132579	-0.0366769457	-0.295876544	0.1278954701	0.0551397783	-0.0146002365	-0.0403467224	-0.0816041023	-0.0344595613	-0.1533956271	0.0756247079	-0.0887503452	-0.1838608832	0.0522354613	0.0390682806	-0.2244022949	-0.0004069845	0.0236231602	-0.0044471457	-0.1512346709	-0.1271292373	0.0855944932	-0.0569049702	-0.0561022879	0.0372195825	0.0531987605	-0.2031296054	-0.006565021	0.082399057	0.1052608612	-0.1681178576	-0.2316156659	0.0215798441	0.3042090773	0.0684315901	-0.0235100574	-0.3240473484	0.1176914152	-0.018647847	-0.0422248277	0.0251890118	-0.1044804285	-0.0707724105	-0.0070288135447071	-0.0133004857081572	0.0001769029200728	4.940421984625798e-05	0.0898979232303958	-0.0204494980005875	0.000418181968476	0.0080816366011381	0.0323857088294445	-0.010567119131359	0.0001116640067363	0.0010488341363855	0.0003520751523541	0.0004755060871507	2.261060389173691e-07	1.2395691290516273e-07	0.0003629268447338	-9.609176052609995e-05	9.233626441005345e-09	1.317158946284318e-07	-0.000414563946992	-0.0001135926146645	1.718632661455858e-07	1.290328210631758e-08
536.1924803869774	2.284277198034601	5.21792231746081	287502.3760235392	675.1672092058271	0.6396447226638884	0.4091453712317627	455850.76038678514	548.110893378097	0.3874984055422601	300425.55143973563	0.1501550142977938	562.513534958546	414.36425861377495	1.264282	21.267942	0.1456224697577072	0.0836161439480218	-0.1601425264	0.0365524803	-0.0779131834	0.1049164337	-0.0599258035	0.0458549907	0.06631833	-0.0375301595	0.1017411999	-0.0501353585	-0.042366888	0.1511004621	-0.0049432106	-0.0140322257	-0.0051410669	0.088005198	0.0509280295	-0.0460105794	0.1111397526	0.1202429399	-0.0248132946	-0.0709552345	0.16266163	-0.0077665707	0.053127756	0.0553463024	0.1372365188	-0.0956227191	0.0720768972	-0.0554276628	0.0236682097	0.078886499	0.043470286	0.099967854	0.0873287469	0.1660344658	-0.1811696878	-0.1649889701	-0.0700332275	-0.0665238004	0.1313932934	-0.0279793396	-0.0495389626	-0.072715528	-0.0447089407	0.1070325014	-0.0441614419	-0.035039374	0.1242068135	0.0957689979	-0.0514913437	0.098308366	0.0337069453	0.0105353965	0.0064676909	-0.028820157	0.0197330736	0.1903509866	0.0724441976	-0.0788956525	-0.1050156353	-0.1341689075	-0.0158421679	-0.0958958545	0.0113820438	0.1504943551	-0.0113130287	0.0546040352	0.1469931108	0.2240898394	0.0033478743	-0.2368893295	0.0124226545	-0.058776998	-0.039215909	0.0722187928	0.0383642868	0.0490753004	0.0693099775	0.0108443769	0.0426847461	-0.0376074297	-0.0418905179	0.1255227504	-0.1578763356	-0.194548886	0.0009491393	0.0588173144	0.0349512923	-0.0829690727	0.1002088198	-0.0077422112	-0.1619509655	-0.0461629128	0.1671475577	-0.1243740574	0.1033351702	-0.1348595629	0.0429645022	0.1080923789	0.0695380372	-0.0237445546	0.1673380285	-0.0106900965	0.1018314405	0.0228235037	-0.1064475877	-0.0649037979	-0.0089115471287044	-0.0018827335839973	3.5446857483113194e-06	7.941567222711964e-05	0.1535969035340798	0.0636989803036839	0.0040575600917291	0.0235920087752574	-0.0184896351877412	-0.0508753440171857	0.0025883006288669	0.0003418666093757	-7.79055264735049e-05	-0.0004299806788276	1.84883384165048e-07	6.069271055113972e-09	0.0003440213756036	-1.8905469130200012e-05	3.574167630329457e-10	1.1835070687219324e-07	-0.000548986036091	-0.0001344220890989	3.013856678229088e-07	1.8069298037739487e-08
537.1631601522596	0.9706797652821706	0.9422192067282498	288544.2606247621	677.6635441006166	2.49633489478947	6.231687906943555	459227.8790030084	547.9440763237772	-0.1668170543198357	300242.7107783173	0.027827929611947	563.5305003447411	425.7768876108738	1.148413	19.318783	0.0722141778861466	0.0371489548523751	0.0162861936	0.0262714681	-0.1496742894	-0.0148555429	-0.0134786628	-0.0480706864	-0.0060076837	-0.0795169836	-0.073742692	-0.0212927842	-0.0335694234	-0.0816432062	-0.0826579638	-0.0609478481	-0.0168817225	0.10189952	-0.094936013	-0.0945989203	0.0915041641	0.0557742464	-0.0144848198	-0.0580115778	-0.047602054	-0.123658931	0.1571828306	-0.0739032395	0.0289407419	0.0235841618	0.0227112215	-0.0608275989	0.0081273564	-0.0495222482	-0.0327684136	-0.0017778585	-0.127427803	0.0348949901	-0.1099378317	-0.1103677744	-0.0500132965	-0.0245512897	-0.0346145424	-0.1616813086	-0.0255461862	0.0270801881	0.0779261263	0.0877781011	0.0126275488	-0.0464980511	-0.0066944226	0.2771887762	0.0247202545	0.0829641648	-0.0517236202	0.012053644	0.0392220262	-0.0043935112	0.1628674109	0.0422840697	0.0952768689	-0.1540094778	-0.0506821436	-0.0573350837	-0.0353983351	-0.0055339107	0.0298343781	0.0040478098	0.033887282	0.0671336604	-0.1091627109	0.0522145193	0.1845185048	-0.1266738718	0.0344132157	-0.008512024	0.0493428033	0.1683889712	0.1130532212	-0.09678416	0.0467760683	-0.1586246654	-0.0771261293	-0.0927376824	-0.0686404256	0.0530087286	-0.1598757568	-0.1089676114	0.0731672111	0.0478208101	0.0905113432	-0.1584473846	0.0017380135	-0.0476606711	0.0119077062	0.0435281318	0.0685116481	-0.2736702189	0.0367606116	-0.0596524547	0.0246397876	0.0630658816	-0.0956914427	0.0006518529	0.060050994	0.0030020314	0.0497832462	0.0204479845	-0.1082280018	-0.0587790397	-0.0058277521879261	0.0030837949407783	9.509791236769838e-06	3.396269556387745e-05	0.1332800326707826	-0.0203168708632972	0.0004127752416758	0.0177635671087248	-0.0260029683286546	-0.0075133331409134	5.645017488634766e-05	0.000676154361901	-8.871626159450194e-06	6.90339003140547e-05	4.765679392570842e-09	7.8705750713041e-11	0.0008530012492584	0.0005089798736548	2.5906051178565614e-07	7.27611131236391e-07	-0.0003009962312367	0.0002479898048542	9.0598731218697e-08	6.149894331167377e-08
535.5212822495844	-1.641877902675219	2.695763047293176	286783.043742239	676.0403255842119	-1.6232185164046768	2.634838351999	457030.52181600727	547.1091822077719	-0.8348941160052163	299328.457256057	0.6970481849401317	562.6164946892322	425.4956115710088	1.027796	17.289738	0.0150365840401375	0.0098606414447878	0.038662191	0.1027379092	-0.0932675371	0.0011655715	-0.0632602232	-0.0759548481	0.0444189102	-0.0615381129	-0.0554618963	-0.0398249962	0.0475827575	-0.0936809726	0.1079397605	-0.0532291553	-0.0049644198	0.1550148577	-0.1120451785	-0.0592538249	0.0382743805	0.05933177	-0.0489541331	-0.0572985273	0.2126874822	0.1208737993	0.1255298821	-0.0255277815	0.0329641958	0.0627780524	-0.0670105732	0.0130413063	0.0668199713	0.1540705215	-0.0570921768	-0.0808221795	0.0130793302	0.1366295949	0.0777778002	-0.0948496873	0.0671538815	0.0830413467	-0.1451644656	0.0205126637	0.0548009428	0.0039136064	-0.0900984817	0.0997518335	-0.107280415	-0.0959772826	-0.0050827813	0.0115584427	0.0029503136	0.1062712662	-0.1401472041	-0.053718654	-0.0488590135	-0.0652964031	0.0440713015	0.2014306215	0.0990915076	-0.2017084463	0.0703829309	-0.0590493121	-0.0555241778	0.1260051882	0.0990243202	-0.0611898225	-0.027571908	0.0851931435	-0.1601951539	0.0685816637	0.0408880965	-0.0369512963	-0.0853962919	0.0548256759	-0.0431573706	-0.0739956879	-0.0107501962	0.1460658857	-0.1428536242	0.023286157	-0.0692834422	-0.1281423199	-0.0944438215	-0.0396624651	-0.161448414	-0.1383611512	0.0080834175	-0.0103991872	0.0604318786	-0.0986034836	-0.0216813692	-0.0629172935	-0.0435833512	-0.0264353906	0.111288823	0.0794473768	-0.0392328761	-0.0728065154	0.0021658796	0.0923601694	-0.1056352452	0.0494568197	-0.145650881	0.1181627804	0.0943891448	0.0180634961	-0.1098185471	-0.0524223074	-0.0079365051188062	-0.00210875293088	4.446838923495407e-06	6.2988113500837e-05	0.1354452364746805	0.0021652038038979	4.688107512414044e-06	0.0183454120836821	-0.0169407170298185	0.0090622512988361	8.212439860325662e-05	0.0002869878934843	-2.887375611991877e-05	-2.000212996046857e-05	4.000852029554746e-10	8.336937924725464e-10	0.0008390042165029	-1.3997032755499996e-05	1.9591692595853975e-10	7.039280753096451e-07	-0.0003009878738222	8.357414500032023e-09	9.059370018800859e-08	6.984637712534552e-17
534.0004928272629	-1.5207894223215137	2.312800467045003	285156.5263397596	674.5688057944412	-1.4715197897706958	2.1653704916867924	455043.0737509386	546.4157137924366	-0.6934684153353601	298570.132279298	0.4808984430677355	560.7446789680383	420.8992033460388	1.052158	17.699558	0.0558956879223242	0.0271772301248049	-0.0327108359	0.1712364	0.059431603	0.0539325059	-0.0859629924	-0.0543763487	0.0903904944	0.1088598432	-0.0842115043	-0.0869716234	0.1253969337	0.0433312255	0.0436752347	-0.0864161306	0.1541640899	0.1206970158	-0.1030699937	-0.0984794891	0.0118041443	-0.0854014288	0.1075410126	-0.055511053	0.0816087825	-0.0515462675	0.0855673285	-0.0946683578	0.0844223682	-0.0411626794	-0.0121643929	-0.0701204501	-0.1646161772	-0.0826782564	0.0143891392	0.0757497287	0.0354160058	-0.0119243739	0.0403981716	0.0454002237	-0.0672462958	0.0099758945	-0.0804082768	0.0625736647	0.0718961203	-0.0023353783	0.0542153679	0.1230812829	0.0977027478	-0.0748520375	0.0514841305	-0.0662095646	-0.1369141236	0.0471144868	-0.1962664862	-0.1117923638	-0.1120708695	-0.0126293044	-0.0056033318	0.0971807526	-0.0683176421	-0.1195241376	0.0231260167	0.0696869643	-0.2009667442	-0.0025167968	0.1215927117	-0.0409035372	-0.005976979	0.0862260232	0.0594158614	-0.0399520532	0.094328248	-0.0249626199	0.0360881322	0.0128911651	0.0216946952	0.0617205834	-0.0409326643	0.0107026811	0.0790377129	0.0845049862	0.0185290459	-0.0537621012	-0.0882486682	-0.0883737791	-0.1044158353	-0.2477174246	-0.0408808422	0.0224534513	0.0064877568	-0.0233678867	0.0760900629	0.0715166868	-0.0108492662	0.0179764743	0.0274181314	-0.0684323343	0.0524219615	-0.0020911673	0.149280196	0.0415041581	-0.0769897191	0.0517358118	-0.1438394034	-0.0209819182	-0.0465378328	0.0156710845	-0.1112164334	-0.0458586883	-0.0110117463113965	-0.0030752411925903	9.457108392604214e-06	0.0001212585568265	0.1447657903556916	0.009320553881011	8.687272464883068e-05	0.020957134057308	0.0046009025935234	0.0215416196233419	0.0004640413759967	2.116830467509035e-05	0.0003141115521452	0.0003429853082651	1.1763892168571853e-07	9.86660671910667e-08	0.0007429529394937	-9.605127700919995e-05	9.225847815098068e-09	5.519790703023295e-07	-0.0003011167530555	-1.288792332999997e-07	9.067129897068697e-08	1.660985677599575e-14
533.2491956319149	-0.7512971953480019	0.5644474757377737	284354.7046420842	669.16978518501	-5.399020609431204	29.14942354106289	447788.2014045525	545.0941908046993	-1.3215229877372394	297127.67684903	1.7464230071179598	558.2194589682115	409.0098244385821	1.232083	20.726288	0.0436736801964402	0.0248582017972205	-0.1904336815	0.0784005788	0.1165235757	0.0031249788	-0.0460851606	0.2205636295	0.278112649	0.0947131623	-0.1749598882	-0.1211584994	0.1416070001	-0.0687831248	0.1079699205	-0.0588824895	0.2836413155	0.1689884274	0.0971102529	-0.0919720926	-0.0543270569	-0.0973203102	-0.0835864761	-0.0635265016	0.1036253964	0.1188515306	-0.061585631	-0.0981477513	-0.1307515924	0.0292052869	-0.1077002253	0.0369251494	0.0733583973	-0.0089796046	0.0270663623	-0.0007003826	0.1155345895	-0.0121309962	0.0281790053	-0.0648097923	-0.0341523439	0.0103658268	-0.0200829691	0.1938841202	-0.06730327	0.1075348748	-0.096625238	0.0063205569	0.0347175771	0.1350997906	-0.0544927426	-0.0084394224	-0.3264396358	0.0198506756	-0.0471459305	-0.1933235985	-0.0966484783	0.0501703786	-0.0256692305	-0.0095691823	0.0833902932	-0.0496089183	0.1663022417	-0.0015914985	-0.0562858436	0.0826170929	-0.0259991702	-0.1024824484	-0.1790436729	0.0476614591	0.0462087818	-0.035071615	0.0353598524	0.1232575032	-0.0142100261	0.0851707496	-0.0237395246	-0.1444229343	-0.0588802517	-0.015040662	-0.1141961772	-0.0820603843	0.0427791256	0.0433004009	-0.0253958456	-0.0862696888	-0.0635341333	-0.318892462	-0.0490563133	0.1380314824	0.0812794575	-0.0519872798	0.0144727869	0.0096802923	-0.0813069127	-0.0309880205	-0.1411579693	0.1076797585	-0.0208709966	0.0149895463	0.1157940703	-0.0959694971	-0.0061404039	0.1023258909	-0.2002737299	0.1180940355	-0.0709689142	0.013271799	-0.1124192083	-0.0391140859	-0.008120878119314	0.0028908681920825	8.357118903994345e-06	6.594866142875289e-05	0.1665415403667935	0.0217757500111019	0.000474183288546	0.0277360846677443	0.0168062625582692	0.0122053599647458	0.000148970811869	0.0002824504611774	0.0004201161520032	0.000106004599858	1.1236975191054695e-08	1.764975811739759e-07	0.0007729367458126	2.9983806318900023e-05	8.990286413693088e-10	5.974312130273719e-07	-0.0003011623874488	-4.563439329999426e-08	9.069878361386113e-08	2.082497851858561e-15
536.2231344889431	2.9739388570282017	8.844312325342207	287535.24996114714	673.225221284397	4.055436099386952	16.446561956210857	453232.1985734253	546.2464275002926	1.152236695593274	298385.15955683246	1.327649402671707	560.3314267672025	412.9014444979648	1.244227	20.930571	0.071018145171836	0.036555221518754	-0.1475957592	0.0163860293	-0.0259725655	-0.0392102926	-0.0620838032	0.2007289786	0.1313959263	-0.1744352773	-0.1619452313	-0.238795646	-0.0570095501	-0.2058677933	0.2782843151	-0.1077219057	0.2289364273	0.173662304	0.0121836807	-0.0805746416	0.0302588422	0.1177840344	-0.1011640341	-0.0676897434	-0.1950658108	-0.024812606	-0.0018771003	-0.0607820402	-0.0141949605	-0.0148906859	-0.0361084265	0.0772265103	0.1309871843	0.0308805461	0.1384148913	0.0889644479	0.2256984109	-0.1130491005	-0.0104667559	0.0988088888	-0.052694958	0.0621766791	-0.0209360709	0.0361111213	0.018482074	-0.0097834363	0.0091584044	-0.0676484037	-0.0151435458	-0.0768991701	0.03720279	-0.0672981903	-0.2757431883	0.0837861782	-0.0363880478	-0.0356750415	0.0677768671	0.1420857705	0.2498127315	-0.1881969276	-0.1336242462	-0.1684614171	0.095246423	-0.0315672818	0.040565561	0.054842851	0.0070262513	-0.101683366	-0.1194775933	-0.1086875652	0.06797399	0.0113283771	-0.0303968284	-0.0017877876	-0.0338072055	-0.0876924686	-0.1139447222	-0.0320669613	-0.1647747655	0.0777051597	-0.183668607	-0.0793256967	-0.0161285734	0.115927312	-0.0289353757	-0.0094687212	-0.1735640321	-0.148673265	0.0257527656	0.1438789307	0.1509297594	-0.1614652307	0.039782771	0.12610136	-0.0534559575	-0.0633363399	-0.1835087927	0.0473666022	0.0667406013	0.1846155116	0.1589837165	0.1113213413	0.1575838867	0.078766547	0.0387782904	0.0326358765	-0.0638684362	0.010866692	-0.1134247617	-0.032215118	-0.0051672296520877	0.0029536484672262	8.724039267948266e-06	2.6700262277414375e-05	0.1652927595210656	-0.0012487808457279	1.5594536006569125e-06	0.0273216963500888	-0.0147484085662981	-0.0315546711245673	0.0009956972697796	0.0002175155552384	2.9688197922608307e-05	-0.0003904279540805	1.5243398732755662e-07	8.813890958919642e-10	0.0006969916283476	-7.594511746500008e-05	5.76766086677266e-09	4.857973299866389e-07	-0.0005400102105895	-0.0002388478231407	2.916110275409161e-07	5.704828261905112e-08
539.526016348444	3.302881859500985	10.909028577820688	291088.3223168215	678.7332225220366	5.508001237639633	30.338077633839724	460678.78735514847	549.1740516348278	2.927624134535222	301592.1389890126	8.570983073113107	564.0224688297664	433.2541160944856	1.351295	22.731688	0.0547987636607575	0.0361252617851149	0.0766146003	-0.042735998	-0.1245864193	0.0270968857	0.0196899607	0.0001160299	0.0418048825	-0.1618626553	0.0144132324	-0.0875107119	-0.2785121895	0.1933315828	0.1245941895	-0.0313407901	-0.0317104368	0.0347582102	-0.011380145	-0.1033773137	-0.0614705762	0.1836224833	0.0331432779	0.1146592508	-0.1358525655	0.1284960984	0.0957255629	-0.0199187886	-0.0765892499	0.0642328405	0.0026718869	0.0505858642	0.0479912665	-0.1093168061	-0.0968180986	-0.0079528049	-0.0202737228	0.1254880231	0.0890083531	-0.0069109897	-0.0144512491	0.0689017227	-0.0354083635	0.0153208201	-0.1493549755	0.020608463	-0.0240346119	-0.0525778844	-0.0204269487	-0.0369881433	0.1544777536	-0.0042647546	-0.0057441959	0.0744715276	0.0515583604	0.050759211	0.0302053694	0.1643115566	0.2511572771	-0.0325844253	-0.0265797932	0.128792453	0.069596513	-0.1024407955	-0.1463123781	-0.1486210601	-0.132698999	0.0575455892	0.029414957	0.0263256577	-0.0596515533	-0.0561572622	-0.0472657299	-0.0347061985	0.0122800127	0.0142726317	-0.0347847129	0.0078104189	-0.1997264827	0.1627521243	-0.0899555818	-0.0146331417	-0.0518319351	-0.0111552815	-0.0697570185	0.0176354347	-0.2347292531	0.0082639735	0.0549999629	-0.033231429	0.1559789423	-0.1259302043	0.0778018692	-0.008886281	-0.0774617064	-0.079127191	-0.1794986408	-0.0927991287	0.0611282836	-0.0293061933	-0.0346036492	-0.0300896658	-0.0462711332	-0.1005623018	0.0304171659	-0.0536610425	-0.1368012102	0.0084568186	-0.1142313295	-0.0251890118	-0.0167424657358026	-0.0115752360837149	0.0001339860903937	0.0002803101589145	0.131957891104804	-0.0333348684162616	0.0011112134523294	0.0174128850248273	-0.0065602001039835	0.0081882084623145	6.704675782232041e-05	4.303622540430512e-05	2.9679975204278643e-05	-8.222718329663333e-09	6.761309672898137e-17	8.80900928126595e-10	0.0007029924297388	6.000801391200074e-06	3.6009617336628736e-11	4.941983562700617e-07	-0.0005120102207297	2.7999989859800044e-05	2.621544661316761e-07	7.839994321489051e-10
540.3707139123447	0.8446975639006951	0.7135139744597688	292000.50845413713	679.4138741618052	0.6806516397685982	0.4632866547196816	461603.2124035533	550.4553148505393	1.2812632157114194	303001.0536472063	1.6416354279351673	565.6481397274213	448.26113754442144	1.116512	18.782139	0.0606922131581744	0.0308506397072138	0.219742607	-0.0941461351	-0.1335651621	0.0656096826	0.0104078982	-0.0762239936	-0.045648157	-0.1463342801	-0.0206532081	0.0965431942	-0.1170861118	0.0007929547	-0.019491543	-0.0730414942	-0.2094885182	-0.0199883879	-0.0424640014	-0.0544016734	-0.0111921241	0.0806817448	-0.1702493215	0.0229229794	0.1164538708	-0.0226509408	0.0522329775	-0.0507433398	-0.0249035605	-0.0836547038	-0.0415780414	0.1978729022	0.1128312264	-0.0676373201	0.0427676539	0.0099574912	0.0882738636	-0.0874519067	-0.0822853151	0.0478877183	-0.0451096842	0.1474707504	0.0851298419	-0.1035170296	0.044522456	0.1215683931	0.0127022828	0.0674661766	-0.2064810263	0.132252027	-0.0649068306	-0.0384339562	0.1761729976	0.0422141913	0.0582697575	0.0477924089	0.0087285567	0.068648156	0.1744036416	-0.004675944	0.0776449214	0.0443502585	0.1827297916	0.0262534564	0.0162266211	-0.0882225819	0.0679687442	-0.0812871197	-0.1394828371	0.0851836935	0.0409897911	0.028605865	-0.1991855444	-0.0209834577	-0.1817676674	0.0969593243	0.0538975406	-0.1070148072	0.0352842179	-0.1086254067	-0.0766029975	0.0168486131	-0.1362136326	-0.0887495663	-0.0693121515	-0.0013698528	-0.1815525879	0.116858083	-0.0488066348	-0.1483577561	0.2071815405	-0.0934130588	0.041941667	0.0590711879	0.0619240345	0.0136924182	-0.0307927045	0.1540040298	0.0155415642	-0.1035556508	-0.0061496103	-0.0635344967	-0.0053444429	-0.0483620387	0.0704298335	0.0856387227	0.0101617613	0.0060432357	-0.1148374968	-0.0180634961	-0.0109677971244792	0.0057746686113234	3.334679757060375e-05	0.0001202925737637	0.1418329987361488	0.0098751076313448	9.751775073064438e-05	0.0201165995304883	-0.0268889957216558	-0.0203287956176723	0.000413259931265	0.0007230180909192	-0.0004153223862334	-0.0004450023614376	1.9802710168511042e-07	1.7249268450660548e-07	0.0007281017152414	2.5109285502599907e-05	6.304762184510738e-10	5.301321077374686e-07	-0.0004878490417133	2.416117901639993e-05	2.379966875005852e-07	5.837625714625242e-10
540.0019562450007	-0.3687576673440844	0.1359822172250504	291602.1127484276	678.9129463715079	-0.5009277902972826	0.2509286510921183	460922.788750842	550.7053133932392	0.2499985426999273	303276.34219954576	0.0624992713520874	566.3745703208141	453.2916734403205	1.134745	19.088846	0.0705668414438216	0.0363422838241614	0.2797711647	-0.0672350575	0.0208675064	-0.0405625473	0.0247824054	-0.1121031767	-0.066470401	-0.0763477204	-0.1323974967	0.1959046906	0.0289097917	0.0086248568	0.0810381814	-0.0596769563	-0.1679820609	-0.1281036964	-0.1069246217	-0.1157610412	0.1232090637	-0.0513737215	0.0308336313	-0.0468562274	0.0716317224	-0.0175386999	0.0915993357	-0.0562425628	0.1087500923	0.0093021034	0.0547602076	0.0287140519	-0.0367615526	0.050557481	0.0508346012	-0.1146429567	0.0723393466	0.0746098981	-0.0438032279	0.10705524	0.0097062731	-0.0952700188	0.0144393989	0.1204594554	0.0141768128	0.0829869262	0.0263550448	-0.0714755362	-0.0275171635	-0.0952501664	-0.1122991369	-0.112148886	0.2181110117	-0.1084231526	-0.0686455937	-0.091427696	0.0706980531	0.0681599809	0.0314453449	0.0121686879	-0.0435459898	-0.106930828	0.1338346928	0.1215111565	-0.1268476008	0.0098024297	0.0616509496	-0.0922589795	-0.0893051049	0.0831979183	0.0423501434	-0.0234224183	-0.0885644966	0.100014809	-0.1358713939	-0.0064446962	0.0505501276	-0.0465610632	0.0199773879	-0.0237494115	-0.0327036102	-0.0241870244	-0.0322753128	-0.1016221502	-0.0456194446	-0.1948614946	-0.0510042704	0.0979829126	-0.0844167068	-0.0915904285	0.2406279012	0.0289200617	0.004099466	0.0988603789	0.0380333026	0.0589325821	0.0065633613	0.0985194743	0.0103332542	-0.0313149143	0.0631679613	-0.0781678443	-0.0790914999	0.0130144495	-0.012804013	-0.1278034148	-0.0338806788	0.003627002	-0.1152422001	-0.010866692	-0.0081487540069957	0.0028190431174834	7.947004098231085e-06	6.640219186652848e-05	0.1318946830779594	-0.0099383156581893	9.877011812181252e-05	0.0173962074242353	0.004732201705508	0.0316211974271638	0.0009999001267276	2.2393732981612825e-05	-4.53321202841004e-05	0.0003699902659492	1.3689279689723342e-07	2.055001129452147e-09	0.0008090096855437	8.090797030230006e-05	6.546099658437868e-09	6.544966713035164e-07	-0.0004149815731452	7.286746856810002e-05	1.72209706050065e-07	5.309667975523044e-09
539.6781570973295	-0.3237991476711386	0.1048458880325558	291252.51324796985	680.8933949495486	1.980448578040637	3.92217657026318	463615.8152859219	551.2858226933283	0.5805093000891475	303916.05830265983	0.3369910474899918	566.2824077392236	444.8146496761768	1.109238	18.659763	0.0527730897646271	0.0276945035234872	0.1692974209	-0.024891646	0.0326113229	-0.0461504067	0.0838275339	0.0317459641	-0.2208621287	-0.0073726848	0.0215416739	0.1035190514	0.0093061273	0.1370108187	-0.0163111353	-0.121434944	-0.0545099984	-0.1993811199	-0.1116920865	0.1049736842	-0.0502780317	-0.0607222913	-0.0127558382	0.0499647141	0.0358963269	-0.0284565155	-0.0253362037	-0.0250972571	0.0544231212	0.06865308	-0.0562510826	-0.0074047092	-0.042430061	-0.1057780429	0.0246477265	0.1972247328	0.0241410621	-0.0389032124	0.1051584315	-0.1969845042	0.1631252669	-0.020160278	0.1071783534	0.0708175393	-0.0151505277	0.0636257577	-0.1051579224	-0.1125317195	0.0114944934	-0.0422255756	0.09733294	-0.1172102976	0.0754595626	-0.1497935273	-0.0103071839	0.1443812522	0.1023251511	-0.0080147348	-0.012347178	0.0187989764	-0.0103927911	0.0466977859	0.1040624055	0.1740133081	-0.0947776204	-0.0505521078	-0.0760147097	-0.1009745622	-0.0692310142	0.0714036131	-0.0264908634	0.0840211505	0.0112795082	-0.0600135099	0.0001851823	0.0102883639	0.0988264572	-0.1600184422	0.0376059195	-0.0303680393	-0.0204090027	0.0611850446	0.1592612031	0.1223589275	0.0051344667	-0.1112357298	-0.1091660577	0.1383648268	0.0051391116	-0.1463118503	0.1533714805	0.0204601675	0.0536816505	0.0111369652	0.0241003697	0.0437255179	0.0167735043	0.1427068365	-0.1473669143	-0.0143157151	0.1317648716	-0.1374443874	-0.0243881577	-0.0229692119	0.013759638	-0.0979554378	-0.071022066	0.0012091775	-0.1154447293	-0.003627002	-0.0115941777745405	-0.0034454237675448	1.1870944937962602e-05	0.0001344249582676	0.1137581318919132	-0.0181365511860462	0.000328934488924	0.0129409125715379	0.0049060471055142	0.0001738454000061	3.02222231033156e-08	2.406929820152426e-05	-0.0004367575143981	-0.0003914253941139	1.532138391572999e-07	1.907571263832065e-07	0.0009296140421382	0.0001206043565944	1.454541082957331e-08	8.641822673405231e-07	-0.0005232972106573	-0.0001083156375121	2.738399706817106e-07	1.1732277329652648e-08
538.4422181885185	-1.235938908811022	1.5275449863129795	289920.02232777217	676.7091408375046	-4.184254112043959	17.50798247415678	457935.26129303366	550.6384298917507	-0.6473928015776664	303202.68047365244	0.4191174395345798	565.6197777925394	435.0220182409397	1.152305	19.384249	0.0468699780998162	0.0241463817412894	0.1148813196	0.0048949776	-0.1199902882	0.024969611	-0.0028951749	-0.0305793804	-0.1162061177	-0.0162986955	0.1175455626	0.0371515752	-0.0367801151	-0.1425354772	0.0651166536	-0.0916579629	-0.1524630369	-0.0039274379	-0.0590378968	0.0948149023	0.0636404791	-0.0082035088	-0.0271103584	0.0374533861	-0.0247849881	0.0126810668	0.1272902135	-0.11308441	0.0036861318	0.0593729696	0.0447612382	-0.108301634	-0.1105874581	0.1896038191	0.0247178838	0.1735837726	-0.0164200816	0.0114385855	-0.0510098077	0.0051717626	-0.0796886137	0.1643131077	-0.0395139404	-0.1732191695	0.0468817704	0.0154653507	-0.1045006839	-0.0336886601	-0.0331362992	0.1482108921	-0.1339195455	-0.126695006	0.1465493104	0.0305764262	-0.0040657814	0.0989488836	0.0084052038	-0.0563037695	0.0033930727	0.0089626429	-0.0034416406	-0.0232480972	0.1497033067	0.0233259486	-0.0931500163	-0.0146821626	0.0163080046	-0.1175482153	0.0392651135	0.0449711076	-0.0105132746	0.0689348792	-0.0719105477	-0.0375688537	-0.0266234095	0.1274142597	-0.0613253504	0.1555683317	0.1203621371	-0.0099636407	-0.0445008075	0.0778976046	0.1039910512	-0.1085708755	-0.0002437377	-0.031414791	-0.1328295307	0.1732719574	-0.026357833	-0.1433457278	0.0555545612	-0.0137508214	0.1169660027	-0.0211236364	-0.0646956995	0.0617207296	0.0189213984	0.0661177076	-0.0958940824	-0.0447350676	0.129579201	-0.0888283539	0.0438242806	0.0585955333	-0.0440938191	0.0102043114	0.0254021319	-0.0012091775	-0.1154447293	0.003627002	-0.0192937909186525	-0.0076996131441119	5.928404256898227e-05	0.0003722503680126	0.1107164456070819	-0.0030416862848312	9.251855455330832e-06	0.0122581313278659	0.0201075219057571	0.0152014748002429	0.0002310848361024	0.0004043124371905	-0.0003378358328452	9.892168155289996e-05	9.785499081253353e-09	1.1413304995420993e-07	0.0006180898942342	-0.000311524147904	9.704729472731329e-08	3.820351173544445e-07	-0.000531395458613	-8.098247955700029e-06	2.8238113343452065e-07	6.558161995199969e-11
539.1306035861446	0.6883853976261207	0.4738744556648723	290661.8077231606	677.2854036261274	0.5762627886227847	0.3320788015513082	458715.5179650063	549.9000919499201	-0.7383379418305367	302390.1111265306	0.545142916346553	566.1851171958141	438.7598452843001	1.042885	17.543568	0.0590046642294386	0.0315448600586103	0.1145898219	-0.0084516365	-0.0404216093	-0.0656350013	-0.0318614622	-0.0715678083	-0.0608521389	-0.0447025787	-0.0052400716	0.103081464	0.1155731313	-0.086925879	-0.0411468915	-0.0852485046	-0.0536762184	-0.0485290977	-0.0780581405	-0.0835892398	0.1077988606	-0.0056627357	-0.0667256311	0.0052028207	-0.0061069738	-0.1180455268	-0.0611428353	0.094041292	-0.037207652	0.2181527092	-0.0531755898	-0.0487433664	-0.1002614227	-0.0722759057	0.0841513136	0.0697360431	0.0133808767	0.0877645273	0.0660515499	-0.0330217032	-0.0821549615	-0.0741408563	0.0644641671	-0.0187669417	-0.0274164427	0.0675146099	-0.1691990015	-0.131848482	-0.0201201282	-0.0237179454	0.0833081714	-0.0455616608	0.1336401328	-0.0330280223	-0.070426484	-0.0603712892	0.1006811421	-0.0418484031	0.0257131711	0.0327386228	0.0175638019	-0.0173792739	0.1226654074	-0.0770178647	-0.0346672156	0.0078485916	-0.0595026981	-0.0728215433	0.0915239276	-0.0974118882	0.0363435717	-0.0027491794	-0.0263849732	-0.149145456	0.0766274074	0.0659424355	0.0883367388	0.0012472646	0.070430459	-0.0055329666	-0.037855658	0.0196832624	0.138050281	-0.1083116819	0.0149961011	-0.1919647532	-0.0434087754	0.0849857825	-0.0333969757	-0.0224123553	0.0800862199	0.0444044899	0.0662893184	-0.069981648	-0.1633860089	0.0279872309	0.0084468458	0.011763763	-0.1112069572	0.0029297992	-0.0438390008	-0.0097425555	0.0093700707	0.0687736175	-0.119143472	0.0968036204	-0.0020478896	-0.003627002	-0.1152422001	0.010866692	-0.0261074812799648	-0.0068136903613123	4.642637633984014e-05	0.0006816005787837	0.1107133235190929	-3.122087988999267e-06	9.747433411053489e-12	0.0122574400046433	0.0426927717377694	0.0225852498320122	0.0005100935099744	0.0018226727586532	0.0001516951341132	0.0004895309669584	2.3964056761122616e-07	2.301141371362173e-08	0.000666955582891	4.886568865680003e-05	2.387855527903315e-09	4.448297495494736e-07	-0.0005850508419603	-5.3655383347299976e-05	3.42284487678456e-07	2.8789001621457156e-09
538.7972177917682	-0.3333857943764542	0.1111460878920194	290302.44190015004	678.23185234669	0.9464487205625574	0.8957651806545017	459998.4455376223	549.8157571085384	-0.0843348413817466	302297.36676483526	0.0071123654708843	565.4453598444278	432.7529924556097	0.899495	15.131443	0.0767971698619048	0.0439598713832032	0.0509997413	0.0151593476	0.0387438629	-0.1593163732	0.0181046457	0.0274307721	-0.1253891857	-0.0012433495	-0.042024819	0.0466640372	0.0563126371	0.0510778063	-0.0367238609	0.015454371	0.0404598034	-0.1210731073	-0.0148334996	-0.0294592472	0.0113972133	-0.0743756056	-0.0913556168	-0.0088013147	-0.0370357706	0.1356884427	-0.020443233	-0.0551891898	-0.0924743909	-0.0227013898	0.1559564836	0.0653577948	-0.1249793284	0.0401881211	-0.0001914703	0.0621650185	0.083054195	-0.0440143003	-0.0459113509	-0.0756209045	0.1040273004	0.020973563	0.0199547538	-0.1733679789	0.1863867388	0.0692451833	0.0050238728	0.0097776393	0.034016251	0.0132783745	0.0219305741	-0.0414441927	0.0301248633	-0.1143783682	-0.0541590302	-0.0189451051	0.0960414131	-0.0404163019	-0.0272123097	-0.0234712301	0.0735566863	0.0695637598	0.0330295772	-0.1142559459	-0.0442599845	-0.1000106808	-0.108507958	-0.0589952722	-0.0404287823	0.0406021334	0.0294763802	-0.0563686948	-0.0728478363	0.00376182	0.0996518575	0.0993684981	-0.2411748039	-0.0477740945	0.126447801	0.0474467296	0.052010619	-0.0019912768	0.1071788566	0.0345729768	0.0361706601	-0.1889452756	-0.0303881337	0.0879735884	-0.0297510914	0.034366838	0.0340548092	0.0619176595	0.0605802588	-0.0730672282	-0.1259191133	0.0112570207	0.0113004685	0.048315135	-0.1911080438	0.0065964375	-0.0731295844	-0.0832348591	-0.0230062388	0.0719221642	0.0479201789	0.1003191107	-0.0706911954	-0.0060432357	-0.1148374968	0.0180634961	-0.027336207604705	-0.0012287263247401	1.509768381109558e-06	0.0007472682462075	0.1423475580335065	0.0316342345144135	0.0010007247933129	0.0202628272781024	0.0472093096893004	0.004516537951531	2.039911506761985e-05	0.0022287189213402	-0.0003206981225516	-0.0004723932566647	2.2315538894237563e-07	1.0284728580812107e-07	0.0008896092178121	0.0002226536349211	4.95746411435785e-08	7.914045604162564e-07	-0.0006783573717988	-9.330652983849991e-05	4.601687238737753e-07	8.706108510502878e-09
538.139370515834	-0.6578472759341594	0.432763038453994	289593.9820991781	677.6464503423082	-0.5854020043817627	0.3426955067341853	459204.7116615304	549.3722198714925	-0.4435372370459163	301809.8359665315	0.1967252806463253	564.4028906241441	432.0092769446836	0.8599	14.465366	0.0348148618752178	0.0193516475048615	0.0475286534	0.0194996974	0.0715568554	-0.1074109139	0.0005438711	0.0541595607	-0.174355988	-0.0019779334	-0.0487114252	0.0364811037	0.0490658719	0.0504764591	-0.060864812	-0.0022616782	0.0893468069	-0.125871361	-0.0736795924	0.0297437309	-0.0429456617	0.0013522063	-0.0193920351	0.0097298326	0.0646213192	0.0660583033	-0.1436526524	-0.0788449084	-0.1962749999	-0.0045754259	0.0101307121	-0.0580516703	-0.0575082391	-0.0125036688	0.035302845	-0.1252120791	-0.0863991072	-0.0115643369	-0.1897957678	0.0615010695	-0.0659828798	-0.0368062217	-0.0926512162	0.023339857	-0.018610624	0.1449812513	0.0945172357	-0.1377108739	0.0071540468	-0.0639229436	0.07567435	0.0027337684	0.0017923929	-0.1113900519	-0.0530071283	0.0568204928	0.0704797253	0.0434308741	-0.0455380566	-0.0619271282	-0.0112227543	0.0810123822	0.0832431076	-0.0298726858	-0.0766718184	0.0448980894	-0.0011830197	-0.0075714501	0.0949048164	0.0701718868	0.1233009706	-0.0722422813	-0.1727717902	0.1605779028	0.1131800109	0.0204022344	-0.001591774	0.0397532009	-0.0196520361	-0.0742394036	0.0908277951	0.0703207231	0.004578322	0.0708081609	0.0401954342	-0.1504570381	-0.0140017306	0.1097276958	-0.0743862721	-0.0309555841	0.0071493521	0.080522327	0.0557908233	0.0067830415	-0.0426644853	-0.0117539004	0.0515357784	0.0284515168	-0.0692363471	0.1189225326	-0.0299407555	-0.0476094279	0.0396061457	0.1378753591	0.1775542809	-0.0241215647	0.0183536818	-0.0084568186	-0.1142313295	0.0251890118	-0.0233309329154849	0.0040052746892201	1.6042225336107175e-05	0.0005443324307068	0.1540960530086295	0.011748494975123	0.0001380271341804	0.0237455935528383	0.0466260524500157	-0.0005832572392846	3.401890071780097e-07	0.0021739887670716	-0.0004346144769529	-0.0001139163544013	1.2976935800082584e-08	1.888897435770429e-07	0.0011421429700559	0.0002525337522438	6.377329602233296e-08	1.3044905640481126e-06	-0.0006752507790121	3.106592786699942e-06	4.559636145564479e-07	9.650918742376111e-12
538.8163960302105	0.6770255143765098	0.4583635471167777	290323.1086309847	681.6962689304851	4.04981858817689	16.401030597143063	464709.8030737442	550.2199818186099	0.8477619471174194	302742.0283924714	0.7187003189803182	565.5539802435117	436.63066620174703	0.856137	14.402069	0.0434052354606304	0.0254119759158781	0.0998634635	0.0313906708	0.060716583	-0.0197409166	0.0784876605	-0.0181677091	-0.1392926267	0.0171085919	0.0376826018	0.0177408875	0.0001172248	-0.0181925113	-0.0509728263	0.0487496204	0.0171551184	-0.154155959	-0.0976211268	0.0343302212	-0.0072072913	-0.0010795981	0.0244404804	-0.0397257461	-0.016681657	-0.0685798607	0.0999658311	-0.0631576968	-0.1747595935	-0.032385012	0.0055237609	-0.033927767	-0.1554568181	-0.1633093782	-0.0311907649	-0.1305354171	0.036193945	0.034315413	-0.0206825386	-0.0632609959	-0.0007634332	-0.0893288716	-0.1127246353	-0.0813238321	-0.0913358893	0.0069708596	-0.0845893879	-0.0046180353	0.0305673102	0.0477798094	-0.0337559724	0.1512959106	0.0665711315	-0.1257478889	-0.0373248132	0.0980043207	0.0173904564	0.0108977911	-0.0169741704	-0.1069147451	-0.1184880924	0.0303742765	0.0067101837	-0.0581463019	-0.0902723602	-0.0482655834	0.1232005745	0.0839413528	0.0558464075	0.0577894234	0.0815405615	-0.1525400921	0.0468765064	0.0464779115	0.1432464349	-0.0047196905	0.030230045	0.1029295233	-0.0078923702	-0.0808421135	0.0011213388	0.0706993182	0.1009201341	0.0611447035	0.0426560271	-0.1177226871	-0.008558343	0.1111389498	-0.136888693	-0.0470402739	-0.0430313711	0.062666427	0.1144576961	0.0794376196	0.0594902135	0.002767162	0.0765138731	-0.0731372042	0.0316256903	0.1172226967	-0.0611664898	-0.0740062164	0.020684013	0.0929577936	0.1299908735	-0.0018219487	-0.0552496441	-0.010866692	-0.1134247617	0.032215118	-0.0163753355207205	0.0069555973947643	4.83803351180533e-05	0.0002681516134161	0.1563921887734238	0.0022961357647943	5.272239450367578e-06	0.0244585167093422	0.0503485848573674	0.0037225324073517	1.3857247523783655e-05	0.0025349799971395	-0.0004663101195843	-3.169564263139996e-05	1.0046137618174183e-09	2.174451276267242e-07	0.0006846295951921	-0.0004575133748638	2.0931848817926406e-07	4.6871768261289873e-07	-0.0005558403986329	0.0001194103803792	3.089585487523812e-07	1.4258838942305246e-08
538.2047969257918	-0.6115991044187012	0.3740534645257574	289664.4034339328	681.0053275143289	-0.6909414161561926	0.4774000405599249	463768.25610289833	550.4659788581762	0.2459970395663049	303012.79388029006	0.0605145434753861	565.8609674893893	435.8732121324618	0.795254	13.377883	0.0330537619148541	0.0177488761304397	0.0881018474	0.0341091042	0.0865439609	-0.0170270834	0.0723047195	-0.0472192056	-0.156963329	0.0552438046	0.0600089665	0.0694674314	0.0497766607	-0.0764637643	0.0470918881	-0.0437257456	0.0088703393	-0.1809317583	-0.1182509476	0.0579184671	-0.0286453532	-0.0490521804	0.1053840515	-0.1145266362	-0.0941639216	0.1167785911	0.0136608222	-0.0524511832	-0.0894288758	-0.1386959586	0.0426946014	-0.0213349227	-0.0448542411	-0.085244846	0.0351086394	-0.0766183105	0.1464408853	0.0253188291	-0.0646474273	-0.0734580514	-0.0202276996	-0.0453377721	-0.0579238902	-0.0611907613	-0.0794141289	-0.093341907	-0.0399325287	-0.149824444	-0.0662083116	0.075593824	-0.0609716275	0.030114179	0.0577904542	-0.161420399	-0.0535080631	0.0755156692	0.022657548	-0.0244314533	-0.0397766019	-0.0543923463	-0.1656058113	-0.0403775233	-0.0230377619	-0.0605389262	-0.0737832593	-0.1190356313	0.008326563	0.1181116728	-0.0610231733	-0.0323481916	0.081102759	-0.1471291097	0.0068009375	0.1186954733	0.1101297609	-0.0348414182	-0.0534398221	0.0182895763	-0.0665242852	-0.0047894948	0.0328089285	-0.0630267463	-0.0297321258	0.0889359962	0.0512853295	-0.1081117471	0.0091613101	0.1106031751	-0.1259393875	-0.0918426386	-0.0592095992	0.0655007877	0.1306277749	0.0458712897	0.0818281785	0.0082378778	0.0099676135	-0.0768905231	0.001679998	0.1376391866	-0.0988955429	0.0175814773	0.1033632249	0.0489299184	0.1175697387	-0.0058339133	-0.1447928715	-0.013271799	-0.1124192083	0.0391140859	-0.013375037675928	0.0030002978447924	9.001787157466513e-06	0.0001788916328324	0.1422400526061693	-0.0141521361672545	0.0002002829580965	0.0202322325654058	0.0498164139721453	-0.0005321708852221	2.832058510780761e-07	0.0024816751010441	-0.0005072229585357	-4.091283895140004e-05	1.6738603910631963e-09	2.5727512966570844e-07	0.0008671606507109	0.0001825310555188	3.3317586228807264e-08	7.519675941413516e-07	-0.0006397796445144	-8.393924588150005e-05	4.09317993534972e-07	7.045796999154924e-09
536.5799625942504	-1.624834331541365	2.6400866049554743	287918.05625764723	680.1762740449756	-0.8290534693533118	0.6873296550467627	462639.7637737057	549.6754504857438	-0.7905283724323908	302143.1008667053	0.6249351076206048	564.4657769478284	429.19479336809286	0.882154	14.839737	0.0274562229575707	0.0127256577641843	0.0375694164	0.105802527	0.0669725031	0.0225405177	0.0556027535	-0.0227778987	-0.1375847775	0.1554463795	0.0563779697	-0.0122789974	0.0434802962	-0.0931422131	-0.0037051824	0.0315801622	0.069546818	-0.0891211514	-0.0418619032	0.0460097296	-0.0268464267	0.0076270904	0.1391889587	-0.0642863984	-0.1000343377	-0.0157975142	-0.0229852053	0.138976696	-0.045980676	-0.0723402709	-0.0460007557	-0.0795400443	0.0639088112	0.048898527	0.133619421	0.07448159	-0.102836458	0.0444185602	-0.0871570483	-0.0208398342	-0.1115834895	-0.0042787262	-0.0551879319	0.0350222086	-0.0381541783	0.058545299	0.0322529739	0.1211321074	0.0513234142	-0.0898273084	-0.0417989298	-0.0948970149	-0.0198432661	-0.1048196129	-0.0684644484	0.0970704748	-0.0648410573	-0.0452067576	-0.088474751	-0.0677465594	-0.1172798674	-0.0172664936	-0.0806950852	-0.0162421294	-0.0567830507	-0.1020665126	-0.0162845725	0.0146863051	0.0149183158	0.0115822995	0.027516503	-0.0023616024	0.0110382649	-0.0356442682	0.0895505671	0.0265097009	0.1150118797	0.0683409888	-0.0598366844	0.1321530087	0.1449517863	-0.0210121821	-0.1282342807	0.0759076125	0.0438952458	-0.0398498554	-0.0068987391	0.0738269647	-0.1316873988	-0.0667231305	-0.123641697	0.0136011965	0.1793571118	0.0709270919	0.0839652872	0.0682166859	-0.0096494392	-0.0988540022	0.0142954219	0.0582906114	-0.0460647039	-0.016876928	0.0162635538	0.0432208396	-0.0108722563	-0.00063883	-0.1174665875	-0.0156710845	-0.1112164334	0.0458586883	-0.0073903078273929	0.0059847298485351	3.5816991359946964e-05	5.461664978362477e-05	0.1495680040006846	0.0073279513945153	5.369887164037885e-05	0.0223705878207488	0.044996107923275	-0.0048203060488703	2.3235350404775603e-05	0.002024649728243	-0.0003717427133606	0.0001354802451751	1.8354896832705207e-08	1.3819264493670126e-07	0.0008486133847356	-1.8547265975300104e-05	3.4400107515852486e-10	7.201446767524114e-07	-0.0006073424423518	3.243720216259999e-05	3.6886484228184965e-07	1.0521720841373815e-09
535.7995285882389	-0.7804340060115464	0.6090772377392305	287081.134835379	675.6824922012408	-4.493781843734723	20.19407525907985	456546.8302672799	548.8457460010543	-0.8297044846895005	301231.6529034538	0.6884095319138697	562.7338969707489	421.477665912182	1.043525	17.554337	0.0226253875904161	0.0104870073102465	-0.0971766337	0.0253284665	0.11176678	0.0524031506	0.041474122	0.0990824983	0.0864607922	0.1547330418	0.0492753391	0.0023168055	0.0134745209	-0.0089789463	0.0387160329	-0.0325101535	0.0465611922	0.0098901147	0.1069435207	0.0202400142	-0.0635376206	-0.0880249103	0.0789487745	-0.1256980219	-0.0259605673	0.0837433981	0.0160760953	0.113927212	-0.0293410452	0.0988803065	-0.2106519848	-0.0104554801	0.0787344638	0.027459405	-0.0589965802	0.0492851564	-0.1597022031	-0.0989144555	0.0357591017	0.1701472771	0.0995675026	-0.0239803231	0.0247641186	0.0162952604	-0.0715298635	0.0215398143	0.0267060421	-0.0685324756	-0.0394124757	0.0811354952	-0.0139569509	0.0143102727	-0.1148801883	-0.0328269185	0.0897386485	-0.0102345356	-0.1191947102	-0.0743748513	-0.0847162843	-0.076600937	-0.0495034302	-0.0511925747	0.1209313022	-0.0455263116	0.0052854253	-0.0686056006	-0.1444891285	0.1754521277	0.0318954907	-0.1474299635	-0.0860849067	0.0253576163	-0.0082942946	-0.0016425637	0.0434847922	0.0415620042	0.0972442087	-0.07045224	-0.1089253653	-0.0599883404	0.0167101329	-0.0388883172	-0.0659467347	0.1198734122	0.0829070571	0.01029465	0.0186152979	0.0409553858	-0.1606883855	-0.022902602	-0.0590568889	-0.0136848226	0.0603925937	-0.0822893005	-0.1103332858	0.0457335055	-0.1503205613	-0.0483014265	-0.001082986	0.0752180184	-0.0050092822	0.0246646904	0.1144653029	0.0083050351	-0.0012335958	-0.0216597568	-0.0691452233	-0.0180634961	-0.1098185471	0.0524223074	-0.0103815728979697	-0.0029912650705768	8.94766672245283e-06	0.0001077770558358	0.1551505411764537	0.005582537175769	3.116472131884395e-05	0.0240716904273464	0.0514220982268653	0.0064259903035902	4.1293351381836536e-05	0.0026442321860533	-0.0003507549911651	2.09877221955e-05	4.4048448295548326e-10	1.230290638272294e-07	0.0007571136412192	-9.149974351639992e-05	8.372203063566968e-09	5.732210657201955e-07	-0.0006473668774495	-4.00244350977e-05	4.19083874018716e-07	1.6019554048899995e-09
536.2226906744163	0.423162086177399	0.1790661511780084	287534.7739941108	676.0730552873063	0.3905630860654128	0.152539524196939	457074.77608551306	548.479864627681	-0.3658813733733268	300830.16190199926	0.1338691793815518	563.0094170876039	420.2641592607074	1.017014	17.108372	0.0413937031750407	0.0226916516851806	-0.1686932466	-0.0473798528	0.0263028941	-0.0130846455	-0.0467703323	0.0874874859	0.0392749153	-0.014314738	0.08493103	-0.0493363068	0.039454504	0.0423425811	-0.003346608	0.1347994963	0.1094404201	0.0123261597	0.0965870992	0.0853402113	0.1323407043	-0.0297158882	0.0808037174	-0.0554606949	0.0048810997	0.0951171962	0.0925539283	0.1415897267	0.0205070533	0.0597780202	0.0246442918	-0.0717999507	0.0708980149	-0.1054251842	0.1347118836	0.0646927599	-0.039449394	0.0442473012	-0.0382469855	-0.0027051483	0.0665128297	-0.2012693047	0.1033875728	-0.1172913559	-0.0679722738	-0.1029015815	0.14831778	-0.0848678976	0.0060108018	0.044293422	0.1323098475	0.004860976	-0.1212339588	0.0414285278	0.0637766215	0.0050612672	0.0638523377	-0.0278732722	-0.0923474576	0.0375156501	-0.0614508795	-0.0177157263	-0.0330341249	-0.2146647	-0.0631354894	-0.072780842	-0.0494748823	0.0980953107	0.0426430868	-0.0121496366	-0.0427209647	-0.0162688929	-0.0192832182	-0.0866099331	-0.0812412313	-0.1948185371	0.0906425941	-0.0082337914	-0.0162368258	0.0194951407	0.0824650842	-0.002682519	0.025019118	0.1029983123	0.1224539088	0.0972738374	0.0308674508	0.0165137099	-0.119636773	0.0554872804	-0.029719535	0.008573477	0.1800228609	0.0368530613	-0.1715310558	-0.012665016	0.0263196761	-0.0773382748	0.0959967423	0.0297622064	-0.1087531203	-0.0482746218	-0.0096460966	-0.1018500619	0.0243170226	-0.0726095961	0.0220863117	-0.0204479845	-0.1082280018	0.0587790397	-0.0211548129351513	-0.0107732400371815	0.0001160627008987	0.0004475261103212	0.1732130572603694	0.0180625160839157	0.0003262544872817	0.030002763205484	0.0565541134792937	0.0051320152524284	2.6337580551157748e-05	0.0031983677514288	-0.0003887832946111	-3.8028303446e-05	1.4461518629810554e-09	1.511524501686614e-07	0.0006586284628076	-9.84851784116e-05	9.69933036676468e-09	4.337914520203022e-07	-0.0006593720316222	-1.2005154172699934e-05	4.3477147608558747e-07	1.4412372671029462e-10
536.6760717886641	0.4533811142478043	0.2055544347565806	288021.20603051136	676.1898512515722	0.1167959642659752	0.0136412972688189	457232.7149356234	548.5692581291056	0.089393501424638	300928.2309643173	0.0079911980969567	563.4997471479269	422.79284935060406	1.031156	17.34626	0.0318869741811039	0.0232471166267551	-0.0898373475	-0.0144649969	-0.0993336818	-0.0591101771	-0.0920568994	0.0084715236	-0.0094129858	-0.0307742936	0.0330366466	-0.0520519374	-0.0487772022	-0.0254126133	-0.1793745322	0.0011102065	0.0346734079	0.0721927899	0.0290010879	0.1251328692	0.0282373907	-0.0877779733	0.0868994688	0.1035064439	-0.0614219446	0.0561849988	0.0709432792	0.0460068279	-0.0526681724	0.0441960687	0.0577622602	0.0143099317	0.0623579533	-0.028114591	-0.0897175841	-0.0084949382	-0.0515338278	-0.157963037	-0.1388266484	-0.0295809247	-0.0352713734	0.0010781052	0.0451744994	-0.0367290331	0.0567702183	0.0440741544	-0.1227612685	0.0294499012	0.0209556871	0.0197311963	0.1389746048	0.0033667107	-0.0364072806	0.0950112687	0.0206453193	0.0441934454	0.0701890751	-0.0281216271	-0.0448354887	-0.0630341756	0.0537878969	0.0951228195	-0.0669732064	-0.047229548	-0.0133181866	0.0611319868	0.060276427	-0.0038961858	-0.0568864202	0.0045548201	-0.1647241386	-0.150787772	0.1515523921	0.0483257396	0.0020319145	-0.0648154404	0.1659231164	-0.0295197211	0.0353988147	-0.0535738697	0.1623189971	-0.0062822607	-0.1583004731	0.0147182651	0.0980499139	0.0708996834	0.0176210903	0.1181153847	-0.0246586527	0.0938939818	-0.0753507789	-0.088180004	0.0678932726	-0.0165155056	-0.0642734342	0.0695531548	-0.0328461962	-0.1082389747	0.0569972221	0.0339988829	-0.0137212897	-0.2101100317	-0.0614683642	-0.0146737975	0.0185298913	0.070112646	0.1243081114	-0.0228235037	-0.1064475877	0.0649037979	-0.022956360614657	-0.0018015476795057	3.2455740415323806e-06	0.0005269944926701	0.1507124252202913	-0.0225006320400781	0.0005062784422029	0.0227142351157818	0.0506938824506235	-0.0058602310286701	3.434230770938897e-05	0.0025698697179176	-0.0003912726623767	-2.489367765599979e-06	6.196951872408232e-12	1.5309429632335106e-07	0.000670133336867	1.1504874059399908e-05	1.3236212712265288e-10	4.490786891805e-07	-0.0006798690584542	-2.0497026832000015e-05	4.6222193664340046e-07	4.201281089517287e-10
536.8717030269288	0.1956312382646956	0.0382715813849781	288231.22551103483	677.3967179303394	1.2068666787671418	1.4565271803184314	458866.31346279575	549.0363710524884	0.4671129233828424	301440.93673848576	0.2181944831912651	564.9324115881553	426.69259493669136	1.020889	17.173555	0.0538819769317484	0.0297165443615171	0.0095022264	0.057636014	-0.0922884412	-0.0057087766	-0.0390508199	-0.0859938984	0.0012567189	-0.0350368404	0.0305431141	-0.0439677951	0.0348909358	-0.1798468668	-0.0263274846	0.0121730683	-0.0491561855	0.0747740659	-0.0591935116	-0.0243710234	-0.011616317	-0.0580646786	0.0153007264	-0.1446881358	-0.0220848567	-0.1100315345	0.0502708619	-0.0837436285	-0.030090628	0.2226302833	0.0351520626	0.0801110531	0.1537865355	0.0348356575	0.0258066737	-0.0203693894	0.0009564994	-0.0343076029	-0.0482305552	-0.0631867732	-0.1272947429	-0.061949885	0.1215453123	-0.056249829	-0.0144626631	-0.0868263588	0.0076134337	-0.0316431006	-0.0409394001	0.0420629056	-0.1371458944	-0.0070715239	0.0730628941	0.0718225673	-0.0566341303	-0.0029318527	-0.0507668207	-0.0822911815	-0.0157676678	0.0139547116	-0.0142411384	-0.0167924713	0.110238209	-0.1620393336	0.1429340833	0.1440096642	0.1289700431	-0.0348871364	0.062569352	-0.0490256342	-0.1803452151	0.039303438	-0.0260220066	-0.1100421707	-0.0750894929	-0.0760956673	-0.0025350878	0.0032555042	-0.000662904	-0.0357709847	0.0528925149	-0.0223726966	-0.0266874123	-0.0689765131	0.0115701714	-0.0043534826	0.0001606439	0.1021213046	-0.0813856349	-0.0282779378	-0.104590574	-0.1477070497	0.0147420524	-0.0120435021	-0.0967993352	-0.0390383603	0.0522418106	0.0473654203	0.0425433226	0.073429071	-0.0029602214	0.0685843618	-0.0272457528	0.0364188823	-0.1114308675	0.0886353238	0.1353588965	-0.0251890118	-0.1044804285	0.0707724105	-0.0199077210297815	0.0030486395848755	9.294203318469866e-06	0.0003963173565996	0.1422511422024115	-0.0084612830178797	7.159331030866101e-05	0.0202353874578906	0.0294637180422654	-0.0212301644083581	0.0004507198808059	0.0008681106808741	-0.0001312613682689	0.0002600112941078	6.760587306361288e-08	1.7229546799823788e-08	0.0007710405932972	0.0001009072564302	1.018227440027014e-08	5.945035965120981e-07	-0.0006179498105795	6.191924787469995e-05	3.8186196839524e-07	3.833993257368534e-09
537.2142434994256	0.3425404724968075	0.1173339752983361	288599.1434186601	679.3704925457221	1.9737746153826947	3.8957862323291046	461544.266141817	550.1819701319777	1.145599079489216	302700.2002583044	1.312397250926539	565.2337996531755	428.5333286062301	1.037313	17.449839	0.0481951119922206	0.0246608355961531	-0.0192469949	0.0572860803	0.0653704928	0.0808717169	0.0268342735	-0.0927125211	0.1148184712	0.0520181774	-0.0416221268	0.0435404505	0.1243395882	-0.0587313212	-0.0077495872	-0.0551422085	-0.0263448799	-0.0838011333	0.0029461638	-0.1949024054	0.0140278214	-0.1249940215	0.0271173862	-0.1003087262	0.0151071146	0.114486057	-0.0073931643	0.0633383773	-0.0611915763	-0.0723347501	0.0726654422	0.1474441459	-0.0951106604	0.0630860932	0.016314211	-0.0096295621	-0.0097608202	0.0465744656	0.0609709154	0.0189670665	0.0935542198	-0.0374555793	-0.1544211273	0.0306513824	0.0380602252	-0.1797962655	0.010354277	0.0711997564	0.0937531474	-0.0672100943	-0.0460402263	-0.165500822	0.0497510925	-0.0536033515	-0.0388014171	-0.1653693732	-0.1007028068	-0.02994657	-0.0633176732	-0.0815541485	-0.0118974027	-0.074530626	-0.0742832761	-0.1162157073	-0.0167213069	-0.0246770499	0.0586369051	0.0888051941	-0.0451720674	0.0486678534	0.1016505427	-0.0831880604	-0.0854752732	0.0167796983	-0.0821481326	-0.0897013436	-0.0414401004	0.0847473936	-0.009521317	0.1157759505	0.0529026355	0.0703234479	-0.0657959569	-0.0929135004	0.0304136146	-0.0437700276	0.1178869225	-0.0065523334	-0.175146739	-0.0154519064	-0.0767918647	-0.0546093217	0.0491430502	-0.0009096521	-0.1109229621	0.0842068461	0.0127027572	-0.1478216394	0.1095195851	-0.0810291847	-0.0820270889	0.1147521965	0.0279709735	0.0766806382	-0.0977417665	-0.0408179769	0.0410990449	-0.0275434712	-0.102329975	0.0763617167	-0.025942725140112	-0.0060350041103305	3.642127461170605e-05	0.0006730249876953	0.1423122706789428	6.112847653130804e-05	3.7366906430386776e-09	0.0202527823857966	0.0427711362738492	0.0133074182315838	0.0001770873799902	0.0018293700981561	-0.0003851494658018	-0.0002538880975329	6.445916606887536e-08	1.483401110074119e-07	0.0010301318613259	0.0002590912680287	6.71282851687197e-08	1.0611716517187632e-06	-0.0006808016684934	-6.285185791390002e-05	4.634909118233974e-07	3.950356043229077e-09
537.0638054293238	-0.1504380701018135	0.0226316129359581	288437.5311022266	675.7955830359334	-3.574909509788654	12.779978003177352	456699.6700508772	549.2384635125206	-0.9435066194570254	301662.8898015945	0.8902047409592242	563.8429741981702	421.85085485166144	1.210012	20.355013	0.042348440213662	0.0235851763500361	-0.1574936945	-0.0536839487	0.1319451844	-0.0691502652	0.0209877043	0.1648405031	0.0523904421	0.0150004815	-0.0405109776	0.0374578373	0.1268249733	-0.0189081338	0.0194277405	0.0512859078	0.1205124189	-0.0703281383	0.0919693821	0.0108056897	-0.0004062529	-0.1885778452	-0.0700374262	0.0601690856	0.1007366236	0.1150327851	-0.0371342396	-0.014123697	0.0500197021	0.1080371502	0.1225067831	0.0296299005	0.0278245834	-0.0236365944	0.0115201626	-0.0201047778	0.0804817909	-0.061706181	-0.0471992472	0.1088460364	-0.1678965909	-0.0924233163	-0.0734076507	-0.08924718	0.0385757785	0.0556922322	0.0851457574	0.0389937078	0.0380726954	-0.003641051	0.1136975682	-0.0658616804	-0.1020682044	-0.081731752	0.0378398607	-0.1377940228	0.082312952	-0.0231796588	-0.1384819231	0.0229783017	0.1247080688	0.0651431132	-0.0501815538	-0.0921754902	-0.0741131965	0.1030544452	0.054209883	-0.0299365698	-0.0150313533	0.057608237	0.0292373248	-0.0956578136	-0.0776069904	-0.0809959745	-0.1298601271	0.0885020129	-0.1218065949	-0.0719433137	0.0043312409	-0.2065261384	0.0431105043	0.0555255393	0.0410188584	0.0430873209	0.1036649559	-0.0564620838	0.1807477671	-0.0723994501	-0.0714081621	0.0924831404	0.0034370517	-0.0587930819	0.1019367198	-0.0513960151	-0.1631367012	-0.0152354096	0.101028975	-0.0226209556	-0.0679670277	-0.0471785041	-0.0597018361	-0.0942225716	-0.1573696149	-0.0976933183	-0.0441811271	-0.0325505503	0.028141317	-0.0298858491	-0.1	0.0816496581	-0.0281376929598735	-0.0021949678197614	4.817883729788541e-06	0.0007917297651041	0.1510451504433803	0.0087328797644374	7.62631889801217e-05	0.0228146374724633	0.0401385999301311	-0.0026325363437181	6.930247600996665e-06	0.0016111072043511	-0.0003853746388362	-2.251730343999785e-07	5.070289542089389e-14	1.485136122581316e-07	0.0008350582347169	-0.000195073626609	3.805371979838759e-08	6.973222553685052e-07	-0.0003003393424219	0.0003804623260715	9.020372060641932e-08	1.447515815597364e-07
538.2906404928502	1.226835063526437	1.5051242730979164	289756.81364220293	680.0409336189949	4.245350583061509	18.02300157310069	462455.6713973943	549.8152743707435	0.5768108582228706	302296.835931376	0.3327107661638045	564.9266693041875	422.3280870855542	1.170777	19.694988	0.0589358092645168	0.0308181293296203	-0.0982716365	0.0131648016	0.0298589692	-0.1658563668	0.0509748483	0.1341236371	-0.1038476174	-0.0325155904	-0.1285130139	-0.0857792793	0.0073111411	-0.2340600005	-0.1621525848	0.1065815058	0.0737049734	-0.0683540257	-0.0116709701	0.0797673847	0.0426671612	-0.0756904217	-0.0087429404	0.0943626009	0.018924485	0.0484412848	0.1112362137	-0.1109997236	-0.0366664729	-0.0887082396	-0.0770504931	0.1483847027	0.0039621236	0.0932707089	-0.0487846675	0.0005065086	0.1292193509	-0.0158420243	0.0647309569	-0.0640582349	0.0774176158	0.1240261207	-0.0150733463	0.0454463144	0.0160721546	-0.0217636209	0.0314598437	0.176540414	0.0600473549	-0.0749156409	-0.0377257986	0.0829353071	-0.069235776	-0.0605128561	-0.0019135039	0.0806335104	0.1173239616	0.0157262581	-0.0519696517	-0.0733664684	0.0031557351	0.0694615961	-0.1595382236	-0.0708640176	0.0334088189	0.0643404818	0.0801232725	0.018857268	-0.1134417918	0.18866069	-0.0486031536	0.1086823899	0.0852781365	0.0655086925	-0.0227068081	0.1191865266	-0.0609579192	0.0022582638	0.0621846077	-0.058267389	-0.1166819373	-0.0882054484	-0.1162258129	0.1379646795	0.0729230252	0.0222136695	0.0411914702	0.0287786662	0.011687797	0.1665890444	-0.0814678687	-0.1986816349	0.0187513795	-0.0036643584	0.0184337939	-0.0289119478	0.0196649959	-0.0632073667	0.0087553974	0.0776892721	0.0079036191	-0.1828455267	-0.1316318919	-0.0584236618	-0.0106606589	0.0865871929	0.1449560777	-0.032215118	-0.097494591	0.0866153656	-0.0259156409000524	0.002222052059821	4.937515356555185e-06	0.0006716204432604	0.1741160229484819	0.0230708725051016	0.0005322651581466	0.0303163894473962	0.030227619219417	-0.0099109807107141	9.8227538648147e-05	0.000913708963674	-0.0002932447829528	9.21298558834e-05	8.487910345096053e-09	8.599250272903477e-08	0.0007950941976135	-3.996403710339997e-05	1.597124261601929e-09	6.321747830786553e-07	-0.0006428835292127	-0.0003425441867908	4.132992321329765e-07	1.173365199041705e-07
539.2440296888409	0.9533891959906668	0.9089509590317302	290784.12355505954	681.7259381279272	1.685004508932252	2.83924019512202	464750.2547164024	550.4007488493615	0.585474478618039	302940.984333938	0.3427803651130646	566.3727128383441	429.99519136278	1.227331	20.646357	0.0886257831961566	0.0432106807577296	0.0441916222	0.0235900287	-0.115342849	-0.0064161491	0.0494650517	-0.0430410794	-0.0777956809	-0.0743643661	0.0421143064	-0.0800654903	-0.1653022386	-0.1668581353	0.0039042814	0.0753004832	-0.081609932	0.0099455121	-0.0731721458	0.0554010934	0.0044095273	0.0548498787	0.018598396	-0.0413765741	-0.0470385477	0.0533047151	0.1143192709	0.0973034974	0.026032056	0.0434821315	-0.0390436176	-0.1199582076	0.0992837679	0.0201771364	0.1103249724	-0.043772484	-0.0893201591	-0.0833076222	0.1202842599	0.0620444925	0.0255794208	-0.0774282003	0.0238415119	-0.0565069309	0.0518782914	0.0697909885	-0.1160228737	0.0962473058	0.0774963402	-0.0659343295	-0.0545432431	0.1095890095	0.0762215043	0.0298263642	0.0133993366	0.1411287758	-0.001792494	-0.0336933113	0.0789199862	-0.0311436835	-0.0494863949	-0.0418895511	0.075331191	-0.1541249741	0.0798061889	0.0651051477	0.0732059108	0.1845531861	0.0226744449	0.0240067497	-0.0681629096	0.1397329128	0.0527156502	-0.0791456721	-0.0455872044	0.0179032465	0.0126872835	0.0679557801	-0.0191743324	0.0201093426	0.1130859807	-0.0055791328	0.0921860955	0.007607862	-0.0236223084	0.0632644374	-0.0499749039	0.1367077479	-0.0333175857	-0.0352122348	-0.0669768044	-0.2485003149	-0.1100772335	-0.0770624194	-0.0469525228	-0.088389222	0.0147816123	0.0064638353	0.0103679904	0.0247527223	-0.0438459182	0.1640172603	0.0263287299	-0.0740309404	-0.0266913043	-0.0516584911	0.1268981467	-0.0345302564	-0.0948181434	0.0912392418	-0.0383641500124838	-0.0124485091124313	0.0001549653791222	0.0014718080061803	0.1597485860134497	-0.0143674369350322	0.0002064232440821	0.0255196107332965	-0.007364033138451	-0.037591652357868	0.0014131323269948	5.422898406420448e-05	-0.0005291533851822	-0.0002359086022294	5.5652868605829284e-08	2.8000330504978176e-07	0.0009751901560681	0.0001800959584546	3.2434554251681006e-08	9.509958404921252e-07	-0.0007112426643452	-6.835913513249996e-05	5.058661275848588e-07	4.67297135606339e-09
539.2027527162496	-0.0412769725912767	0.001703788466301	290739.60853678104	680.452578399818	-1.2733597281091988	1.6214449971703329	463015.7114509604	550.1768385926435	-0.2239102567179998	302694.55372379575	0.0501358030635205	565.8567221959432	441.14263050952894	1.134258	19.080662	0.0460479521584926	0.0244563197569549	0.1265543819	0.0156312036	-0.0237383307	0.0691873569	0.0097739236	-0.144374407	0.0463725978	-0.0141299255	-0.0429909948	-0.0146977768	-0.0340812076	-0.1725775751	-0.0335062793	-0.0152523504	-0.071331533	0.0091942165	-0.0156539984	-0.0891482039	-0.0385416589	0.0313205503	0.1574210297	-0.0466557575	-0.0927912324	-0.034984493	0.0591626884	0.0638368759	-0.1098427988	-0.0790449045	0.0559386418	0.0046581693	-0.1355544599	-0.0388843368	-0.0117544746	-0.0467609709	0.0199110481	0.1023397587	0.0282162161	0.102747132	-0.0064227803	-0.0745266192	0.0010075128	-0.0377683125	-0.0043564368	0.0405901521	0.0164938798	0.0766582465	0.0235531591	0.1525844032	0.0211181066	0.0865110175	0.1118595956	-0.0010588599	-0.0270719076	-0.0436731019	-0.1057460562	0.0179882424	0.0516096192	-0.0389467469	-0.124943532	-0.0507171687	-0.0916737652	-0.0757116801	0.0117774025	-0.0999916624	0.1544906324	-0.0318363258	0.0018308864	0.0981045091	-0.0477277509	-0.0551677664	0.086016369	-0.1034487055	0.0624167894	0.047350365	-0.0453450205	0.0770820094	-0.0893199509	0.0319139311	0.0589533764	0.0768334178	-0.0600609757	-0.1017671868	-0.0312047672	0.0270422492	0.080178391	0.0641311902	-0.1521558309	-0.0541634995	-0.0485744567	-0.144722119	-0.0315708285	0.1481872	0.1014717787	-0.050445258	0.1010818254	0.0140645546	0.1114867013	-0.1294151239	-0.0238322707	0.0555666658	0.0521918424	-0.0602732495	-0.1270087997	0.0674596461	-0.0116810888	-0.0368302486	-0.0919753525	0.0955030384	-0.0294926586568351	0.0088714913556486	7.870335887334954e-05	0.0008698169146485	0.167557352963783	0.0078087669503332	6.09768412846173e-05	0.0280754665322297	0.0119757713705297	0.0193398045089807	0.0003740280384455	0.0001434190999191	-0.0005967060550991	-6.755266991689997e-05	4.563363212901642e-09	3.5605811619193017e-07	0.0008991960910105	-7.599406505759995e-05	5.7750979239787345e-09	8.085536100885635e-07	-0.0006542316124491	5.701105189609998e-05	4.280190027277494e-07	3.250260038299805e-09
538.6360023454494	-0.5667503708002641	0.3212059828022369	290128.7430226869	680.9042535352457	0.451675135427763	0.2040104279636881	463630.60248239024	549.7529762782408	-0.4238623144027542	302228.334926784	0.1796592615708593	565.2017353559152	441.7316823076377	1.091386	18.359467	0.0275735256342345	0.0180814201742823	0.0809892201	0.0183032583	0.1213149599	0.0515610022	0.0665279877	-0.0606091729	0.0870421034	0.0606529962	-0.1229331513	0.0139703208	0.0542023511	0.0460249277	-0.0464063795	-0.0436591573	0.057007195	-0.0643011609	0.0562822698	-0.1719826787	-0.0241225594	-0.112444898	-0.0113278637	0.0752067031	-0.1073165899	-0.021771541	-0.0955363688	-0.0209663771	0.120321354	-0.1211063916	-0.1337702301	0.0077083568	-0.0573600892	-0.0834961227	-0.0087108152	-0.0070252551	-0.0956315606	-0.0378164613	0.0005228713	-0.0898667163	-0.0216171182	0.151249916	-0.0727448919	0.0053525069	0.0976589344	-0.0549901096	-0.1828934874	0.0061661936	0.0113417461	-0.0779649148	-0.0376617674	0.0965974387	-0.0180803265	-0.1042378352	-0.0563038767	-0.1355512715	-0.0822790143	0.0686956039	0.0124925753	-0.0885127205	0.0757338684	0.0219725521	-0.0288036119	0.0862093457	-0.0486266938	-0.0318705988	-0.0857826199	-0.0044244875	-0.0267296351	0.0023380306	0.0194453175	0.0264699035	0.1669173823	-0.0393773506	-0.0148087218	0.0615487258	0.0389015628	0.0391118274	-0.0387072142	0.1358079725	0.10098946	-0.0858680232	0.0518414647	0.0225848896	-0.0160008617	-0.1192184844	0.1680313512	-0.0268582048	-0.1056390064	0.0222378051	-0.0132694847	-0.104852011	-0.1000291208	0.0188589217	0.0354539814	0.1207458046	-0.0665670056	-0.0809837704	-0.0489368143	-0.155781016	-0.0300540578	0.0866249559	0.0326190474	-0.0870233905	-0.1330435633	-0.0532484599	-0.0319488022	-0.0391140859	-0.0889712056	0.0993899282	-0.0303314455927932	-0.000838786935958	7.035635239339725e-07	0.0009199965917485	0.1674397661553399	-0.000117586808443	1.3826657519832673e-08	0.0280360752901549	0.0127796591845381	0.0008038878140084	6.462356175112044e-07	0.0001633196888729	-0.0002726912793058	0.0003240147757933	1.0498557493238249e-07	7.436053380943383e-08	0.0008126035388402	-8.659255217030007e-05	7.498270091366139e-09	6.603245113356164e-07	-0.000759889566002	-0.0001056579535528	5.774321525187079e-07	1.1163603148986762e-08
537.7950785260634	-0.840923819385921	0.707152870010605	289223.5464868547	678.1973300953811	-2.7069234398646813	7.327434509288839	459951.61854850326	548.7962990378619	-0.9566772403788946	301177.3778376543	0.9152313422589772	563.2869238150425	431.8318821405854	1.238053	20.826719	0.0879991641011055	0.0459627412716554	-0.0755080933	-0.0718453785	0.1344396864	-0.0204001416	0.0439090484	0.1752298885	0.0278695319	0.0904980563	-0.059049562	-0.0522725482	0.0064045145	-0.0016859399	0.1660257174	0.0162549996	0.1388173701	0.0229967736	0.1182098005	0.0927736252	-0.0041741594	0.0277502175	-0.0109163044	0.0738710881	-0.0498184016	-0.0844820816	0.0984729527	-0.0370345162	0.0839819039	-0.0236868118	0.0540852674	-0.0190684081	-0.0699338962	-0.0500203884	0.0284956971	-0.0700540446	0.1097919777	-0.1023933798	-0.0030202085	0.1396713953	0.1330649765	-0.0343889573	0.0925168375	-0.1051499488	-0.0476211704	0.0765362462	-0.049978974	-0.0499844489	0.155213959	-0.1129669229	-0.1109496463	-0.0689991658	-0.1772675003	-0.0345142233	0.0836810037	0.0544078937	-0.0165885084	0.0117047813	0.0411722383	-0.0233454907	-0.0267531651	-0.1224167653	-0.0292674604	0.0757624263	0.0310650212	0.0714136296	0.0938735046	-0.0710970725	-0.0971606003	0.1368129281	-0.0220632159	0.0110261312	0.0582346138	0.0213997385	-0.0962815289	0.1411096895	-0.0451410904	0.021712876	0.0674635984	-0.0588457402	0.1013431954	0.0966460047	0.0601444239	0.1768032452	0.0395970127	0.119446046	0.0815362143	-0.0261454059	-0.0771115366	0.0377830427	0.0467699507	-0.1593749033	-0.100258986	0.0392016969	0.0314744446	0.0597096237	-0.0259715262	0.096097537	-0.0923268426	-0.0481741816	0.0208931421	-0.1266219032	0.0125721469	-0.1138663424	-0.1504459702	0.0179965441	0.0942218775	-0.0413807664	-0.085810973	0.1028845713	-0.0192434529058402	0.011087992686953	0.0001229435818259	0.0003703104797392	0.1958007228364806	0.0283609566811406	0.0008043438638695	0.0383379230632882	-0.0074982954464388	-0.0202779546309769	0.0004111954440159	5.6224434602084845e-05	-0.0008376920671206	-0.0005650007878148	3.1922589023134466e-07	7.017279993167838e-07	0.0008128182956723	2.1475683210003729e-07	4.61204969336436e-14	6.606735817796225e-07	-0.0007596599086082	2.296573938000146e-07	5.770831767466187e-07	5.2742518527014985e-14
538.4205482100116	0.6254696839481539	0.3912123255382035	289896.68673476944	678.8346372674273	0.6373071720462349	0.4061604315415692	460816.4647539996	549.5637115021324	0.7674124642704783	302020.272999999	0.588921890317688	565.0892434762075	427.8425086236373	1.271573	21.390596	0.1032808756176311	0.0538950703591606	-0.0884445623	-0.0536985125	-0.1429775864	0.0016668397	-0.0788494803	-0.0068387706	0.0094135144	-0.1377283393	0.0679179341	-0.1261066128	-0.0275808388	-0.0698889637	0.0287910822	0.0252542624	-0.0418260539	0.1484467083	-0.0220010577	0.0590081764	0.075884371	0.0977823379	-0.061883483	-0.1185481535	-0.2175528669	-0.0696429089	-0.0179314868	-0.1840438274	0.0314640038	0.0494250564	0.1034345358	0.1171540235	0.037156434	0.1048086634	-0.0128650091	-0.0222344698	-0.0001440237	0.0506492745	0.0752117284	0.0833894654	0.0247860203	0.0183904598	0.0688798069	0.0351238199	-0.0888802084	-0.0266610476	0.0416051228	-0.0615772255	-0.1594977142	-0.0396382927	0.1433757064	-0.0494572296	0.0067512797	0.1682439414	0.0490337555	0.0321742002	0.0754051731	0.0082024377	0.119138575	-0.2065308355	-0.1274071441	-0.0954219453	-0.0033100832	-0.023878764	0.168494302	0.0730769956	0.0090098901	-0.0337233242	0.0966291457	-0.0691614346	-0.0076157429	0.068448746	-0.0680330734	0.0859377702	-0.0681622952	-0.1942267775	-0.2116384175	-0.0117083347	-0.0232992137	-0.0544557626	-0.0167139136	0.1236063141	0.0637642962	-0.0287694245	0.0673415727	0.1361622225	-0.0003916787	0.0820077125	0.0142845006	0.08881652	-0.0509629518	-0.198597296	-0.1295990397	0.0449776346	-0.0073736775	-0.0494459756	0.0044859442	0.0661115946	-0.099535855	0.1828113312	0.0016732789	0.2101376735	0.2295011513	0.0144548438	0.0672404806	0.0689757261	-0.0016006683	-0.043629296	-0.0825001988	0.105973176	-0.0440864551970037	-0.0248430022911635	0.0006171747628387	0.0019436155318374	0.1692260710859727	-0.0265746517505078	0.0007062121156607	0.0286374631351946	0.032080276000201	0.0395785714466397	0.0015664633177567	0.001029144108249	-0.0005921914865324	0.0002455005805881	6.027053506914326e-08	3.506907567214537e-07	0.0008127254606931	-9.283497919997021e-08	8.618333363058902e-15	6.605226744588116e-07	-0.0007597594956272	-9.958701900007317e-08	5.772344911956974e-07	9.917574353320932e-15
539.8341231327269	1.41357492271527	1.9981940621294816	291420.8804984801	681.6880553879663	2.853418120539004	8.141994970620342	464698.604858627	550.7121436301242	1.1484321279917822	303283.8651416865	1.3188963526037332	566.7919989640897	436.0270224607364	1.260754	21.208597	0.1206188680740225	0.0710010777066122	0.0632988476	-0.0032057471	-0.0746104355	0.0879605115	0.0211794302	-0.158816235	0.0124648946	-0.0131172473	0.0666007951	0.0511811985	-0.1117269985	0.0876974798	-0.1549808873	0.0904227433	-0.1342931454	0.022980023	-0.0067304037	-0.0855812146	-0.0355937525	0.0092784809	-0.0618448764	0.1362033455	0.0808816453	-0.0337659091	-0.0453054458	-0.1488799231	-0.1006020109	0.0907319581	0.0627608116	0.0038675791	0.1083647955	-0.0516902805	-0.0862616865	-0.0788090057	0.049239051	-0.0610576204	0.0671777659	0.013190448	-0.0435241586	0.0015056786	-0.0221518825	0.0668276336	-0.1021271927	-0.0647089561	0.0646027254	0.0788759711	0.067245292	-0.0237682676	0.061990359	-0.1203401624	0.1696539332	0.0453940214	0.0272147698	-0.0850188693	-0.0594933478	0.0709639925	-0.003578058	-0.0379933504	0.0719971321	0.2726897508	0.0375729043	-0.0175396571	0.0093153633	0.03559356	0.2513916203	-0.0110645412	0.0802277427	-0.001721442	0.0195027135	0.1052193271	0.1010763449	0.0480920191	-0.0753171714	-0.0180383965	-0.0236665405	0.0072926341	-0.0619252888	0.1174806582	-0.0361874245	0.1321474952	-0.0581294795	-0.1653434004	-0.0003806498	-0.0023927856	0.0905590909	0.0607464149	0.0415331234	-0.0922139389	-0.1113858724	-0.1232123804	-0.0739401207	-0.088289484	0.0516436297	-0.0391417198	0.0557111353	-0.0144952598	-0.0156821019	-0.1461773443	0.0005539821	-0.0305994658	0.0034072883	-0.014885479	0.0674700345	0.0571371815	-0.0422994338	-0.0458586883	-0.0790446912	0.108643553	-0.0456497932995461	-0.0015633381025423	2.4440260228608578e-06	0.0020839036282912	0.114429271065731	-0.0547968000202417	0.0030026892924583	0.0130940580766345	0.014303916190542	-0.0177763598096589	0.0003159989680824	0.000204602018386	-7.060337162010852e-06	0.0005851311493703	3.423784619635127e-07	4.9848360841271445e-11	0.0011570045097075	0.0003442790490144	1.1852806359025965e-07	1.3386594354834929e-06	-0.000759996700074	-2.372044468000297e-07	5.775949841233696e-07	5.6265949581708114e-14
541.0472277282203	1.2131045954934052	1.4716227596072182	292732.10263239266	681.3281176502168	-0.3599377377495329	0.1295551750562515	464208.0039007876	551.4013346697061	0.6891910395819423	304043.43187553325	0.4749842890400383	567.3941233249811	449.8317900191029	1.245428	20.950773	0.0928821929583973	0.0500041007976578	0.0687304986	-0.1925866773	0.0956299492	0.036343609	0.1196312406	0.0079782946	0.0821466212	-0.0316328617	-0.0405648937	0.2373342498	-0.023861274	0.040867983	0.0948086536	0.1605381699	-0.0698816562	-0.1351396357	0.1787129054	-0.0859226245	0.0995134559	0.0751118815	-0.0604368552	0.0457914853	-0.0292361218	-0.0729891889	0.0590269019	-0.122340601	0.0483023136	0.0288195669	-0.0425653962	-0.1101823612	0.0640314542	-0.1532486956	-0.0285203836	-0.0968716172	0.0567240542	0.0860880893	0.1182931831	0.0542085807	0.0049655798	0.061031152	0.1504972752	0.073216511	0.0538863501	-0.0996574988	0.0434026612	-0.141868267	0.0673318224	-0.0101771552	-0.0449042727	0.0122344041	0.1149942009	-0.1142198524	0.1807203368	-0.108658977	0.0592053924	0.1028400368	0.0126319091	-0.0087479355	0.0192072441	-0.0464184436	-0.0883520987	0.0060711008	0.1085861797	-0.012443006	0.072195267	-0.0563006028	-0.0024994934	-0.0157628906	-0.042900198	0.0441166607	0.1122188737	0.0660784659	-0.0374973136	-0.0321008967	-0.0375916867	0.0831633496	-0.0769151005	0.0115982008	0.0193322968	-0.0034592768	0.1631348342	-0.0160892722	0.0062954462	-0.0100063969	0.2029946155	-0.0105745667	0.0044469881	-0.0985046243	0.1201964148	-0.0695586899	-0.120922364	-0.0161100155	0.1068171021	-0.0387617971	0.0179797	-0.0262357834	-0.0138741955	-0.0650004105	0.0481182486	0.087699856	0.0133016617	0.0351181864	0.0603117327	0.0379231755	0.0355444677	-0.0480679655	-0.0754505123	0.1108851636	-0.0478068576857992	-0.0021570643862531	4.6529267664414895e-06	0.0022854956417902	0.1379869899232773	0.0235577188575462	0.0005549661177711	0.0190404093880866	-0.0252080229330715	-0.0395119391236135	0.0015611933333081	0.0006354444201942	-0.0004880879578548	-0.0004810276206927	2.313875718693658e-07	2.38229854602869e-07	0.0010851840399275	-7.182046978000006e-05	5.158179879419901e-09	1.17762440051337e-06	-0.0007597353787271	2.61321346900034e-07	5.7719784568961e-07	6.828884634564791e-14
539.4848056476211	-1.5624220805991629	2.4411627579438164	291043.85552465153	680.8082779889331	-0.5198396612836405	0.27023327344349	463499.91137825645	550.9594159787067	-0.4419186909993868	303556.2780555976	0.1952921294546115	566.8643543903644	449.37850890246017	1.13272	19.054781	0.06834550475222	0.040095614826314	0.0287368712	-0.2030004383	0.1310393632	-0.1007616255	0.0296391404	0.0720506795	-0.0613221558	-0.0120872136	0.0222515632	0.236654063	-0.0128211616	0.1692707765	0.1420112764	0.1118755184	0.0152249949	-0.1811642898	0.0869431686	-0.0128744672	0.1351605935	-0.0296700966	-0.0745986684	0.1068127757	-0.0263042435	0.1223001476	-0.0103569911	0.0401739062	0.0600867425	0.0867463307	-0.1149489272	-0.1408130184	0.0295976577	0.0603418109	-0.0592241972	0.0293069904	0.1218740105	-0.0140228068	-0.0952313203	-0.0035245062	-0.0384867514	0.0968581511	-0.1278111561	0.0939713317	-0.0458702576	0.1067511886	0.0994995872	0.0246803153	-0.0048808872	0.1531139071	-0.0697267484	0.1583064697	0.0439338363	-0.1654486445	0.0856951868	-0.0342657491	0.1367072952	0.0456809489	-0.098337891	0.0295981812	0.0396290422	-0.1309181021	-0.183926958	-0.0379746371	-0.0647494865	0.0972271412	-0.0375199095	-0.0470852121	0.0059151285	-0.0493661951	-0.037344616	-0.0058829246	0.0720373867	-0.0446166444	0.0242076383	0.0657425258	0.0467457151	-0.0602541546	-0.0055612451	-0.0863007353	-0.1305245594	0.018128874	0.0391238322	0.0743079636	0.0729374326	0.0337176558	0.196797782	-0.0347950098	0.0143436309	0.0294478843	0.1265059325	-0.0077672662	-0.0091947724	0.0748986087	0.112481924	-0.0145949304	0.0631937545	0.0099454157	-0.1992719695	-0.1292149444	0.0129597256	0.1174984214	-0.1467032825	-0.051636697	-0.0616603872	-0.0360759876	-0.1034442671	-0.0502561585	-0.0717239676	0.112689161	-0.0488848523359166	-0.0010779946501173	1.1620724656817275e-06	0.0023897287879043	0.1590361455495497	0.0210491556262724	0.000443066952579	0.0252924955912575	0.0055538416593137	0.0307618645923852	0.0009462923132002	3.084515717672836e-05	-0.0006370269573179	-0.0001489389994631	2.2182825561069322e-08	4.0580334434970163e-07	0.0012452426062901	0.0001600585663626	2.561874466605085e-08	1.5506291485201611e-06	-0.0007596031468839	1.3223184320003845e-07	5.769969407559237e-07	1.7485260356079555e-14
536.9777994129281	-2.5070062346929944	6.285080260789545	288345.15706235083	680.0139830025079	-0.7942949864252569	0.630904525460299	462419.0170789351	549.6991701018944	-1.2602458768122915	302169.1776107115	1.5882196700223814	564.9930001711234	430.23693649379976	1.236373	20.798452	0.0664310497090229	0.0384312569506202	-0.0815802345	2.98687e-05	0.0512042727	-0.1623936182	0.0077012796	0.0765864322	-0.1380425284	0.0247102384	0.1132258725	0.0074231832	0.1018109316	0.04447527	0.0056312037	-0.0069242597	0.0762790753	-0.0118818974	-0.060681971	0.063310827	-0.061231445	-0.211737332	-0.0363208917	0.1447188021	-0.0524876327	-0.0892251484	0.0173117982	0.0082431918	-0.045673268	-0.1940480025	0.020719762	-0.0534935768	0.0056580477	0.1537914751	0.0591547975	-0.0586129331	0.0425071985	0.0772705089	0.0475005014	-0.0356998785	0.0144772035	0.0819160879	0.2184710562	0.0036275696	0.0088141893	0.0814308362	0.0659802916	0.0679873123	-0.1617581151	-0.0615815856	-0.0750036946	0.2162713918	-0.0401434461	-0.0375560107	-0.0713651918	0.0854477922	0.0634125755	-0.0801439146	-0.147644758	-0.1118205297	0.0782009341	-0.0080074162	-0.1475566275	0.0998058247	-0.0205145307	0.066243375	0.0188303714	-0.1069133026	-0.0563628664	0.108572351	-0.1361476803	0.1852730221	-0.0929061422	0.0701737905	0.1283111705	-0.0204459023	-0.0395827875	0.0636638711	0.0959233569	0.0816323307	-0.089718149	-0.0208974618	0.0274594812	0.1030393081	0.0786580667	0.0090219312	0.0751956748	-0.0040176947	0.1348246376	0.1178363619	-0.0664635931	-0.0804743437	0.0121842	-0.0239837458	0.1572525671	0.1455378122	-0.0407180551	0.1133285297	-0.1923048647	0.1036378278	0.1009791883	0.051325107	-0.0275891137	0.0903614916	0.0602718469	0.0335586095	-0.054510079	-0.0524223074	-0.0678715947	0.1140484259	-0.0558987797639503	-0.0070139274280337	4.919517796572346e-05	0.0031246735790986	0.1592353052836017	0.0001991597340519	3.966459966765945e-08	0.0253558824487618	0.0340428473286635	0.0284890056693498	0.0008116234440282	0.0011589154542426	-5.003717235855197e-05	0.0005869897849593	3.445570076466217e-07	2.5037186176394372e-09	0.0012180195184827	-2.722308780740007e-05	7.410965097694142e-10	1.4835715474048285e-06	-0.0007599694116689	-3.662647850000405e-07	5.77553506672374e-07	1.3414989273112591e-13
536.6721329988351	-0.3056664140930252	0.0934319567044887	288016.97833751934	676.4654324916021	-3.548550510905784	12.5922107284497	457605.48135605024	549.5400448631258	-0.1591252387686381	301994.2609081663	0.0253208416131761	564.4953185778397	418.0138275941475	1.187024	19.968292	0.0574929829636217	0.0329936538003647	-0.1100288341	0.122855375	-0.0076180329	0.0382914091	-0.0610035731	0.0314787764	-0.0633221984	0.1625491955	0.0584877915	-0.0939502957	-0.0181524467	0.0746519792	0.0096452142	0.021813447	0.0374917871	0.0515861471	-0.0704657408	0.1258667924	-0.1681480821	0.0195832272	-0.0103170862	0.0302250292	0.0758637961	-0.1434468114	0.0602722067	-0.006994759	0.0731118521	-0.0066399585	-0.1787733175	-0.0638808367	0.1206236808	-0.052845652	0.0058690908	0.0869202662	0.0796726868	-0.1182583905	-0.0321475106	-0.0671517522	-0.0349955347	-0.1356158523	0.0203107661	0.1458998822	0.1331647736	-0.0232558757	0.0297541732	0.0579284344	-0.0205233768	-0.0228302285	0.1607519438	-0.0959034267	-0.0759800385	0.029630411	-0.0260702423	0.1156137991	-0.0633528778	-0.0368061009	-0.0749056448	0.008629645	-0.0368877101	0.1356039818	0.0455047156	0.1601653807	-0.0257344797	0.0827021381	0.1534415612	0.142658372	0.0045507289	-0.2595032097	0.0459644268	0.1312411709	0.0752035135	-0.0427250467	0.0148117428	-0.0249711089	-0.0196988053	-0.1548987395	-0.0376201166	-0.029707555	-0.0828102007	-0.1203983537	0.1237871162	0.0545218339	-0.0081392548	0.0650857761	-0.0071201781	-0.0135855011	0.1310094204	-0.0461778154	-0.2109870958	0.0129168713	-0.0214715668	-0.0775821056	-0.0165623829	-0.0702527604	0.0289254349	-0.0414643996	-0.1595111149	-0.0251994578	0.114678088	0.0314702539	0.0973628232	-0.039168935	0.0378837337	-0.0628621592	0.0133767457	-0.0545654623	-0.063900152	0.1149575937	-0.0720719744981721	-0.0161731947342217	0.000261572227911	0.0051943695080651	0.1341201660624875	-0.0251151392211141	0.0006307702180959	0.0179882189446292	0.0338960335340203	-0.0001468137946432	2.1554290297536008e-08	0.0011489410893394	0.000160421717143	0.0002104588895015	4.4292944170226465e-08	2.5735127331108696e-08	0.0011079419053841	-0.0001100776130985	1.2117080905485069e-08	1.22753526570615e-06	-0.0007605896133416	-6.202016727000284e-07	5.784965599231246e-07	3.8465011481991325e-13
538.6245437988384	1.952410800003349	3.8119079319697184	290116.39918250684	677.7578722968775	1.2924398052754211	1.670400650260369	459355.7334603905	549.6357243855795	0.095679522453679	302099.42952086066	0.009154571016964	564.4960217200793	429.86387276060304	1.196256	20.123604	0.1151033630943889	0.0620967302564007	-0.0996829708	-0.0534588106	-0.0904410006	0.1280801602	-0.046674832	0.0350809856	0.1130061928	-0.0151355099	0.1685811694	0.0092866827	-0.1446552797	0.1029046936	-0.1084045471	0.0770444723	-0.0338650613	0.1076817008	0.0617515973	0.091325571	0.0138986411	-0.0418597138	0.075972759	0.0547583014	0.0832833401	-0.0508756969	-0.1343549363	-0.0545164878	-0.0927177477	-0.1027510583	0.0803602244	0.1328347704	0.0192336472	-0.1261647662	-0.0715958173	-0.0799448496	-0.0593148345	-0.1176125384	-0.0296021837	0.1010120339	0.1652986258	-0.1071072032	-0.1674897176	-0.0619927257	-0.0243540005	0.0369055139	-0.0095925213	0.0326620231	-0.0913131244	-0.0511031207	-0.0049987317	-0.0379240977	-0.0318727264	0.1443574434	0.1087847613	0.0101579837	-0.0166031614	-0.0135954788	-0.0320613361	-0.0141219638	-0.0149766344	0.1353276329	-0.0468791886	0.127352797	0.0239360429	-0.0121407154	0.0123176192	0.0676235638	0.0764582523	0.2044735524	0.1706086915	-0.0708744267	-0.0115131904	-0.0461518976	0.0338481627	0.0631666204	-0.0733586169	-0.1148701179	-0.1020110675	-0.081369297	-0.1427357293	0.0715492549	-0.1250211686	-0.0847696964	0.0212245832	0.1852586405	0.0335831489	-0.0490353588	0.0337688444	0.0299827326	-0.0412556422	0.0865517054	0.0154297915	0.074109165	-0.0284021214	-0.0506555303	0.1196860668	0.0309437265	0.0099292117	-0.2433508858	-0.0509912027	-0.1655755586	0.0250043631	0.0027398417	0.1231224516	-0.0750299372	-0.0530041081	-0.0566846829	-0.0598166067	0.1154130763	-0.0858783876835502	-0.0138064131853781	0.0001906170450453	0.0073750974711261	0.1859789162693204	0.0518587502068328	0.0026893299730146	0.0345881572967108	0.0243163574628724	-0.0095796760711478	9.177019362812364e-05	0.0005912852402621	-0.0001699022645373	-0.0003303239816802	1.0911393287312717e-07	2.8866779494902672e-08	0.0015740657408804	0.0004661238354962	2.1727143001778167e-07	2.4776829566133624e-06	-0.0007598669578976	7.226554440000572e-07	5.77397793704553e-07	5.222308907429198e-13
539.3028469995697	0.6783032007313068	0.4600952321223355	290847.56078184134	678.3356473033965	0.5777750065190048	0.333823958158036	460139.250402518	550.0623449975632	0.4266206119837079	302568.5833842182	0.1820051465693535	565.8791569501926	435.73450756230113	1.143412	19.234657	0.0701806697258831	0.0403316569804773	0.0109363469	-0.043491135	-0.0932793415	-0.1079144988	-0.0926332982	-0.1067946157	0.0216547239	-0.1243449262	-0.0694764358	0.0319988124	0.0027847123	0.0383552946	-0.0539307031	0.082215336	-0.0178902036	0.0307976648	-0.0232265151	0.0116359219	0.1365849046	0.010472728	-0.0115294653	0.2205023594	0.0354054424	-0.0155489003	-0.0818529466	-0.0682300564	0.0745774424	0.0760538787	-0.0898449583	-0.0400672971	0.0576575545	0.0256121461	-0.0174527344	-0.0317181031	-0.02660337	0.1767741147	-0.0605553148	-0.0169186192	0.0780585885	-0.0858827766	0.1818933328	0.0972255101	0.0386789267	-0.0776659352	-0.1020224002	0.0637820907	0.0862180222	-0.041170973	-0.1720603369	0.0253499878	0.0516150209	0.0943952805	-0.0508111158	-0.0734216298	0.1231779653	0.0707403216	0.0071200656	0.0388556736	0.0428031931	0.0962779003	-0.0793596883	0.1526671508	0.0423035908	0.1349110533	-0.1095335496	0.0268675563	0.0155524376	0.093708244	0.0227897735	0.0131665419	0.2122045553	-0.030289179	0.0688078832	-0.1249915121	-0.0130533221	0.0196942219	0.015032818	0.0518331761	-0.0420851397	-0.0599839282	0.018772717	-0.1323155509	-0.0066421472	-0.0180538786	0.0915747979	-0.0318668514	0.1541774894	0.1384440357	0.0116102155	-0.0134980875	-0.1041029624	0.0248155893	0.0562556549	-0.0035995559	0.0761843178	-0.0409467973	0.0058654777	0.0023304528	-0.0118784925	-0.0552296136	-0.0122564501	0.1797864759	0.0769664848	-0.0801077722	-0.1552464104	-0.0587790397	-0.0556281227	0.1154130763	-0.0803555662920558	0.0055228213914944	3.050155612234818e-05	0.0064570170341169	0.1647434093243731	-0.0212355069449473	0.0004509467552089	0.0271403909158179	0.013858552524681	-0.0104578049381914	0.0001093656841252	0.0001920594780793	0.0003726427827557	0.000542545047293	2.943551283421636e-07	1.3886264353991184e-07	0.0016898622536722	0.0001157965127918	1.3408832374741541e-08	2.855634436386087e-06	-0.0007608161268378	-9.491689402000256e-07	5.788411788564714e-07	9.009216770404399e-13
538.3614398688457	-0.9414071307240874	0.8862473857781591	289833.0399376567	679.8491105084644	1.5134632050678647	2.290570873094293	462194.8130591502	549.7965904835904	-0.2657545139727517	302276.2909073808	0.0706254616968935	565.5691189521398	434.44799211115577	1.13057	19.018614	0.0278449161179242	0.0135094766851683	0.0482241223	0.0714541033	0.0480499242	-0.1151300075	-0.0285183074	-0.0167888869	-0.0824748183	-0.0225611222	-0.0433317212	0.0010353564	0.0487130789	0.0922239341	0.0554284545	0.0730125698	0.0234995944	-0.0065031339	-0.1313872518	0.0146086485	-0.0889412514	0.0101269909	0.002454742	0.050073006	-0.051742716	0.0334771689	-0.0354273409	-0.0055336847	0.0414042416	0.0125831131	0.2127740033	0.0334999592	0.0177928207	0.2335071994	-0.0661076145	-0.0388756733	-0.0356924314	-0.0699445551	-0.1030341789	0.0561855733	-0.107831605	-0.1175691372	0.0858129708	0.038306836	-0.0076362174	-0.0629459921	0.1571306896	-0.0602684165	0.1138606695	-0.0381966308	-0.0541701552	-0.0207895347	-0.0139675861	-0.0377368719	-0.1195378217	0.0373207398	-0.001752447	-0.002673617	0.0170197498	0.0440453296	0.0042021925	0.0327713884	0.0385333099	0.0609007621	0.1502619043	0.0186218966	-0.0920503306	0.0697496255	0.0297776839	-0.0503208838	-0.1373409324	-0.0736470938	-0.0794117881	-0.0247062985	0.0521941235	-0.0702908094	-0.2331639256	0.0010821372	0.0956942699	-0.0313320548	4.98197e-05	0.081763457	-0.1224391397	0.0480817835	-0.0794808023	-0.073015539	0.0075035763	-0.0337010954	0.1342185917	0.0027776729	-0.0477460169	0.0111210896	-0.0853414288	0.007571046	0.0433051611	-0.0606973264	0.0402705649	0.0971562211	-0.0009410271	0.0074683656	0.0568703663	0.1805303096	-0.015189492	0.0747345789	0.0599330644	-0.1125455175	0.0458459062	-0.0608476141	-0.0513420481	0.1149575937	-0.078736524754035	0.0016190415380207	2.621295501836745e-06	0.0061994403303427	0.1689728376734223	0.0042294283490492	1.7888064159741155e-05	0.0285518198714087	0.0060444401012418	-0.0078141124234391	6.106035296614682e-05	3.653525613749999e-05	0.0002840691976009	-8.857358515479999e-05	7.845279987174604e-09	8.069530902561919e-08	0.0014948928516718	-0.0001949694020004	3.801306771639362e-08	2.234704637979446e-06	-0.0007607124378447	1.0368899309998181e-07	5.786834130916267e-07	1.0751407290088075e-14
537.4996976213795	-0.861742247466168	0.7425997010680423	288905.92494307435	680.4230163733997	0.573905864935341	0.3293679418071819	462975.4812106758	550.3419828093454	0.5453923257549604	302876.2980425218	0.2974527889924049	565.1947797781382	429.1798478649711	1.066966	17.948673	0.0643603732288664	0.0317360441974093	-0.0139926059	0.1003318043	0.0224374685	0.0793205009	0.0193348066	-0.0120628928	-0.0455316873	0.1172456615	0.0417094412	-0.0959695662	-0.0025055983	0.0349846728	0.0517702661	-0.0636316914	0.009635118	0.0206052384	-0.0558279251	0.0165766045	-0.0896120202	0.124584243	0.0738504011	-0.0877956779	0.0324499211	-0.0369171589	0.0496931947	-0.0515731097	-0.0159280673	-0.1063498153	-0.0485659796	0.0098122376	-0.0423674936	-0.0163470728	0.0919865558	0.2202867198	-0.0496956995	0.1001438355	-0.009218839	-0.0047619905	0.0616643256	-0.1038097589	-0.0374567568	-0.0337931785	-0.0255025628	-0.0719278092	0.0295260494	-0.0470033081	0.0906964771	0.0662323668	-0.0950232502	0.1012646819	-0.0545669634	-0.0072430257	-0.0558615142	0.0982319553	-0.1234369903	-0.0359663656	0.0081758929	0.0754304056	-0.0866466469	-0.0057575398	-0.022533874	0.052712771	-0.0046305427	-0.0315269034	-0.0562025099	0.113605587	0.0170865457	-0.0078263748	0.1283889786	0.0368121551	0.0189472487	-0.1037719053	-0.0034337489	-0.0652270563	-0.0572575193	-0.0287308737	0.116030298	0.0922743844	-0.0977714908	-0.0908976608	0.0247361521	0.0279416962	-0.0998650288	0.0864791079	-0.0474221122	-0.0441357926	0.0578019263	-0.0382558481	-0.1029294991	0.1424665252	-0.0036263616	0.1001551327	0.010487068	-0.0018088757	0.0854589374	-0.0796051677	0.0080173976	-0.0435855266	0.0932398725	0.0835348879	0.009181652	0.0699699078	0.0343395194	-0.1271374498	0.0064245301	-0.0628894987	-0.0469659021	0.1140484259	-0.0993412106532503	-0.0206046858992152	0.0004245530810053	0.0098686761340534	0.1791518808648362	0.0101790431914138	0.0001036129202926	0.0320953964174084	0.0166798339027991	0.0106353938015573	0.0001131116013142	0.0002782168590249	0.0002166842480261	-6.738494957480001e-05	4.540731429198339e-09	4.6952063342636434e-08	0.0013538868399718	-0.0001410060117	1.988269533554056e-08	1.8330095754488264e-06	-0.0010111464833035	-0.0002504340454587	1.0224172106970352e-06	6.271721112486027e-08
537.2545595593847	-0.245138061994794	0.0600926694385634	288642.4617673484	674.4026988563737	-6.020317517026001	36.24422300581011	454819.0002247607	548.9507280414024	-1.3912547679429963	301346.90181718575	1.9355898293241205	563.4465883817428	425.4069733863215	1.180538	19.859186	0.0599925612439664	0.0353383249824925	-0.1239501323	-0.0353334113	-0.075745851	0.151585356	-0.0894903646	0.0504052838	0.1721017604	0.0846449607	0.1594207757	0.0098478387	-0.0280977259	0.0326510252	0.1146932218	-0.0439530612	-0.014262394	0.1598739724	0.1303709631	0.0881570085	-0.0381792962	0.0207990674	0.0887516156	0.0893210181	0.0834927954	-0.1248139242	-0.0958736449	0.1081440366	0.0742428354	-0.0931195613	-0.0486541142	-0.1474393806	-0.0741334322	0.0589418637	-0.1629851782	0.0011153923	-0.0113502803	0.0816849274	-0.0988177818	-0.0049658054	0.0893809091	-0.0670370258	-0.1064742593	0.0474009568	0.0989629902	-0.0366976538	-0.0726932377	-0.0914526301	-0.0496500795	0.1261661492	-0.0564393842	-0.0341627259	-0.0878594471	0.1709268224	0.123136014	-0.0079283234	-0.0720209134	-0.0156708006	-0.089019498	0.1148738589	0.0013061365	0.0339611498	-0.0423474341	0.1829198709	0.0534978545	0.0024896408	-0.092809779	-0.0135605858	0.0492955431	0.0038432872	0.0689304783	-0.0454443274	0.0354913159	-0.1253110034	0.1053042876	0.2227001381	0.0204652923	0.0036432546	-0.0220347507	0.0562614348	-0.0458098988	-0.0685202026	0.0187395977	-0.1118280453	-0.0336836689	0.1632800019	0.0316692698	-0.1046711387	0.1054669186	-0.0069270654	-0.0268051414	0.1031983129	0.0249335301	-0.0245199954	-0.0379187971	-0.0640990292	-0.0098172813	0.0645247525	-0.0194433819	-0.0570699618	0.0811119355	-0.2195299595	0.0356014967	0.195675006	-0.1153051843	0.007354305	-0.0312724475	-0.0649037979	-0.0425073619	0.112689161	-0.0885614400420706	0.0107797706111796	0.0001162034544296	0.0078431286623252	0.147841768026268	-0.0313101128385681	0.0009803231659638	0.0218571883731328	0.0060557846552455	-0.0106240492475536	0.0001128704224144	3.667252779070686e-05	0.0002762314828375	5.95472348114e-05	3.5458731736840074e-09	7.630383211060407e-08	0.0014228603886838	6.897354871200005e-05	4.757350421926644e-09	2.0245316856854143e-06	-0.0010281982707134	-1.70517874099e-05	1.057191683898026e-06	2.9076345387242417e-10
538.5842182485486	1.3296586891639208	1.7679922296691162	290072.96014640026	679.0456044461714	4.642905589797692	21.556572315774652	461102.9329176663	549.8673821495713	0.9166541081689276	302354.1379520227	0.8402547540229718	565.0831230114668	429.2012813637245	1.064624	17.909267	0.0318568083586395	0.0202291997598144	-0.0661971292	-0.0293659027	-0.1558632561	-0.0364797566	-0.1201641156	-0.053474999	0.0497105863	-0.1803354898	-0.0099876453	-0.0956876064	-0.0037086963	0.0234858105	-0.0092826712	0.0692075417	-0.0816585643	0.1342277189	-0.0594416051	0.0072747352	0.0987600931	0.1446839947	0.0892144025	0.0549139774	-0.0550611475	-0.0256812002	-0.2125403568	-0.0482265775	-0.0116646736	-0.1163271653	-0.0139906554	0.0295515527	-0.0054834074	0.0158702106	0.0129398644	0.0182542097	-0.046801154	-0.0765443536	0.0876306326	0.1121352765	-0.084176917	0.0431269753	-0.0229272824	0.0781047222	-0.014974209	-0.1331956942	-0.0087607329	0.0365503179	-0.0287630179	-0.0212906574	0.1333117122	0.0663858225	0.0141617233	0.1876807238	-0.0227483883	-0.0189480195	0.0685506512	0.0695125415	0.0637578662	0.037259943	-0.0569820617	0.0658868613	-0.0391222209	0.1286757507	0.2608731681	-1.80727e-05	-0.1604102861	-0.0075893649	0.0591235794	0.0010575421	0.0439883965	0.0128742277	-0.0040596763	0.1512538634	0.0314260227	-0.1054407585	0.0370582348	0.0224574179	-0.0677536846	0.0148924783	0.0107428592	0.0806401204	-0.1312499019	-0.099741072	-0.0251977452	0.0777296932	-0.0066760385	-0.0014989599	0.1747966169	0.0925320242	-0.0055046621	-0.0101506513	-0.0204923942	0.0239779867	0.0682447241	-0.048577241	-0.0365199155	0.0595299007	0.0684274069	0.0644292615	0.0637601992	-0.0801799404	0.0905255753	0.2003724766	0.0721370406	0.0731585134	-0.0103210129	-0.0668896282	-0.0379742494	0.1108851636	-0.0885937644364247	-3.232439435409129e-05	1.044866470358809e-09	0.0078488550970167	0.1616263664529924	0.0137845984267243	0.000190015153786	0.0261230823327969	0.0061106477473416	5.486309209610032e-05	3.009958874345186e-09	3.734001589209097e-05	0.0002530148756381	-2.321660719940003e-05	5.390108498512333e-10	6.40165272941632e-08	0.0013539038220538	-6.895656662999987e-05	4.7550080813976125e-09	1.833055559371888e-06	-0.0007606709956335	0.0002675272750799	5.786203635980601e-07	7.157084291167647e-08
539.9821835763316	1.3979653277830266	1.954307057683505	291580.7585798631	679.978307554235	0.932703108063606	0.869935087791511	462370.4987443218	550.1822063431757	0.3148241936044087	302700.4601766448	0.0991142728786662	566.7577822391803	439.3004828174974	1.077437	18.124809	0.0533299585477437	0.0321952771298411	0.0947278553	0.0125631327	-0.0816657097	-0.0457165945	-0.0375562112	-0.1100727977	0.0039820934	-0.1168749067	-0.0848705518	0.00460933	-0.0094899567	0.0545367933	-0.0048690341	-0.0872264032	-0.0467233728	0.0313698903	-0.0364276716	-0.0674632931	-0.0463047586	0.0001326461	-0.0967514302	0.179080858	0.0693859128	-0.088764191	-0.0095896202	0.053012285	0.0651606815	0.0686266266	0.1396307812	0.04062236	-0.1597175465	0.0983257514	0.0168680992	0.0251072548	-0.0553467706	0.0539937059	0.0560118854	0.0345616096	-0.0346868401	0.0347780249	-0.1381975113	0.0534802272	-0.1386114514	0.0386909045	-0.0477134313	0.0290554963	-0.0619663085	-0.0342442967	0.0359316653	-0.0373033683	0.0877170392	0.0398430915	-0.0760670138	-0.0782681918	0.0197409038	0.0266699458	0.0751039132	0.0868546263	0.1498159957	0.1036293845	0.120455778	0.0550250437	-0.0244329015	0.0022099497	-0.0605201452	0.0085802947	0.1112856497	-0.0769504285	-0.0125928579	-0.0628196528	0.0121148307	-0.0562932392	0.0912018484	-0.098810329	-0.1499397268	0.0860773292	0.0492052167	0.0267385813	-0.0431121876	0.0856193422	0.0095512607	-0.1373732159	-0.0926375658	-0.1024329735	0.0014850455	0.0163290023	0.1648789742	-0.011786832	0.000941092	0.0117081273	-0.0445051244	-0.0963666244	-0.0218700198	-0.0862934298	-0.0542372386	0.0300356002	0.0220621254	0.0194236626	-0.1079701936	0.1253648904	-0.0070720332	0.144989716	-0.0036440364	-0.0845414201	-0.0596234335	-0.0688461184	-0.0333745172	0.108643553	-0.0887096682746744	-0.0001159038382497	1.3433699721014082e-08	0.0078694052454027	0.1348256922110522	-0.0268006742419401	0.0007182761398225	0.0181779672801893	0.0061592033443105	4.855559696889927e-05	2.3576459970061794e-09	3.793578583656564e-05	0.0003152726199231	6.225774428500003e-05	3.876026723456454e-09	9.939682487317549e-08	0.0016348542638604	0.0002809504418065	7.893315075132366e-08	2.67274846406253e-06	-0.0009447593069536	-0.0001840883113201	8.925701480754466e-07	3.3888506364686066e-08
539.7442027018121	-0.2379808745195077	0.0566348966370697	291323.80435021484	680.9611591518861	0.9828515976511198	0.9659972630053588	463708.1002734804	551.1579368105541	0.975730467378412	303775.0713092668	0.9520499449704942	566.7977073406562	443.85887320705456	1.100092	18.50592	0.0450243721942595	0.0246162275002339	0.106991217	0.0515428813	0.0542776794	-0.0693286388	-0.0081747859	-0.0086857882	-0.1430819474	-0.0108886008	-0.1104104784	0.019989698	0.0098106251	0.0851920223	0.0542543227	-0.0014916241	-0.023300296	-0.0973340494	-0.1198936258	0.0216865473	-0.0639910432	-0.0240664017	0.0087204076	-0.1145346764	0.1683891187	-0.1068576644	-0.010155277	-0.0739545102	0.1056587816	0.0506738937	0.0666380164	-0.0659790703	0.0120659505	0.1039675037	0.0320981951	0.1193852901	-0.1250392857	0.0486347536	0.1464015639	-0.0196012635	0.1074990542	-0.040913517	-0.0037024588	0.0303346076	-0.0129383581	0.0569608765	0.0809249074	-0.0960180727	0.0377805598	-0.0242698117	0.0655926945	0.025837266	0.0254603155	-0.0882166154	-0.1004049648	0.0938528646	0.0366387305	0.0001083268	0.0233636025	0.0765316787	-0.0072302598	-0.0573380211	-0.0361849509	0.138079962	-0.0497301638	-0.0523754584	0.0005161122	-0.0161899769	0.1462804969	0.0518060116	-0.0796859434	0.1290220175	-0.1786818931	0.008541436	0.0088052422	-0.140992385	-0.0385993934	-0.0609172402	0.0240403766	-0.087123381	-0.0684385608	-0.0417781686	-0.1073730069	0.080709773	-0.1126759171	-0.0729847165	-0.0123713609	0.0014481034	0.1457112867	-0.0926871888	0.0131153402	0.1207550276	0.0510170973	0.0994501234	0.1169049483	-0.0109083741	0.0629034527	0.1332510942	-0.0078406471	0.0159703216	0.0793786825	0.0612217148	-0.0655933043	0.0321882297	0.0160817037	-0.1242975177	0.2019029583	-0.0707724105	-0.0287162347	0.105973176	-0.0884068393760344	0.00030282889864	9.170534185151585e-08	0.0078157692484599	0.1543649692433462	0.0195392770322939	0.0003817833469447	0.0238285437294992	-0.004306046329205	-0.0104652496735155	0.000109521450729	1.854203498925985e-05	0.0003561483810022	4.087576107909997e-05	1.670827843795664e-09	1.268416692904882e-07	0.0017043628040145	6.950854015410008e-05	4.831437154354143e-09	2.904852567708169e-06	-0.0007608032763906	0.000183956030563	5.788216253666716e-07	3.3839821180495405e-08
538.090014874108	-1.6541878277041633	2.7363373693246187	289540.86410721776	679.7048343838197	-1.2563247680664062	1.5783519228571097	461998.6618847358	551.1033878112107	-0.0545489993434102	303714.9440569937	0.0029755933293673	566.4351066259237	431.7399302298783	1.083862	18.232899	0.0722995213375445	0.0417744439886585	0.0269594766	0.0946335564	-0.0585028683	0.0277320117	-0.0117958585	-0.0276189362	-0.0898695925	0.0582763058	0.0999749944	-0.0409446404	-0.0336353257	-0.1031606169	0.1169190292	-0.0680410082	-0.1042514323	-0.011462048	-0.1387262383	0.083687256	-0.0563772801	0.0718539652	0.072297165	-0.1052805048	0.0441182109	-0.0846128874	0.0081727069	0.182187415	0.1047318278	0.0602257236	-0.1115567763	0.2516702533	0.0566857699	-0.0091679575	0.1888439769	-0.0925908856	0.0615536734	0.12225106	0.0554867782	-0.0194514976	0.0433745343	0.1012384895	-0.0077806377	-0.0221095103	0.0285293572	-0.0629140429	0.0189363313	-0.0867475698	-0.0889821352	0.005061643	0.0075815768	0.0666145153	0.062119861	0.0353675643	-0.0399952247	0.1440339733	-0.0429681778	-0.0777982242	0.004946517	0.0648586737	-0.0760914356	-0.0225161946	0.0078004861	0.0569782962	-0.0102254077	0.0830341345	0.0461306333	0.1082354364	0.1003456059	-0.0648836449	0.0655679567	0.0482429382	-0.1745753595	-0.0249310256	-0.1123865916	0.0573621957	0.0187877832	-0.0384253258	-0.0948129195	0.026523781	-0.0572383271	-0.1587365549	0.039693923	-0.0245902596	-0.0945864381	0.0702240782	-0.077508864	0.0632744583	0.0605134298	-0.0677370394	-0.0653751628	0.0799455207	0.0101610997	0.0219628607	-0.0408262537	-0.0053497439	0.1039117485	0.0584964306	0.0143113332	-0.0374014181	0.0558685391	0.0699641031	0.0106863319	0.0336143919	0.0008154833	-0.136133365	0.0966678591	-0.0726676594	-0.0240075741	0.1028845713	-0.0887031829674498	-0.0002963435914154	8.781952417298183e-08	0.0078682546685568	0.1748817798505655	0.0205168106072193	0.0004209395174925	0.0305836369237016	0.0061886617493698	0.0104947080785748	0.0001101388976545	3.829953424811288e-05	-0.0001949542340173	-0.0005511026150195	3.037140922813312e-07	3.8007153361272175e-08	0.0014365753404899	-0.0002677874635246	7.171012562093898e-08	2.0637487089036723e-06	-0.000759860173728	9.431026625999864e-07	5.773874836179463e-07	8.89442632203184e-13
538.58212407527	0.4921092011620658	0.2421714658683665	290070.7043734296	681.0692258505297	1.3643914667100034	1.8615640744310744	463855.2904006399	550.8307489973776	-0.2726388138331685	303414.514041012	0.0743319228083571	566.5006225750997	430.3165514096004	1.024965	17.242126	0.080684853315604	0.0438682622132386	-0.007059453	0.1211417613	-0.0251011282	0.0498955315	-0.0341474294	-0.185927281	0.0283387136	0.0406382064	0.0290417332	-0.0370658498	0.0831990173	0.0069926436	0.0227130607	0.0650005339	-0.0971361031	0.0326386739	-0.0564679614	-0.0744907297	-0.0133437019	-0.0185275961	0.0130173768	-0.0635003879	-0.0493098282	0.018881077	-0.0709080932	0.1360624286	-0.0489832012	-0.146755216	-0.1565110561	-0.0754533945	0.0560278151	-0.0525060322	-0.0207720606	-0.0512759434	0.0395810359	-0.101450286	0.0914608087	-0.0370150981	-0.0342482537	-0.0289479979	-0.1198362299	-0.0982843807	-0.0194633566	-0.0852779206	0.0474318388	-0.0387570048	-0.0614524541	-0.1698487626	-0.1323711413	-0.0982638469	0.090555759	0.0483111658	-0.0946287869	-0.0685160476	-0.1057395289	-0.0043003467	-0.0484893875	-0.0476782949	-0.0681073442	0.0234966611	-0.109251278	0.0009817154	0.020564401	-0.0621797109	0.0190989515	0.0905139737	-0.0343321356	-0.0328011479	0.1096223763	0.0465841711	0.0077072796	0.0231518054	-0.042453773	0.0224137101	0.1290155535	-0.0317526006	-0.034145542	0.0161823338	-0.0298345054	0.0556520587	0.0312670042	-0.1164440542	-0.048815758	-0.0408183827	0.0154621959	-0.0246045002	-0.0641782922	0.0448303584	-0.1028886815	0.1197223834	0.0058764184	0.0877665688	-0.0431489836	-0.0289222717	0.0096476949	0.0296805862	0.1652280328	-0.0946083109	0.0416155873	-0.0252126849	0.075251961	0.0361845264	-0.014812529	-0.0245230047	-0.0309066045	-0.074531034	-0.0192567962	0.0993899282	-0.088724585268423	-2.140230097319451e-05	4.5805848694720264e-10	0.0078720520310536	0.1846615795465283	0.0097797996959627	9.564448209315394e-05	0.0340998989606187	0.0469434070013079	0.0407547452519381	0.0016609492605503	0.0022036834608904	0.0001647107569856	0.0003596649910029	1.2935890575311614e-07	2.712963346676938e-08	0.0014289209680058	-7.654372484099939e-06	5.858941812534626e-11	2.0418151328066328e-06	-0.0009951189315756	-0.0002352587578476	9.902616879801638e-07	5.53466831439957e-08
538.989989325833	0.4078652505629634	0.1663540626167889	290510.20859346155	681.6516114479584	0.5823855974286971	0.3391729840923804	464648.9193895985	550.6102992711442	-0.2204497262333689	303171.7016634589	0.0485980817963672	565.8570592433979	432.38849326295554	1.065152	17.918144	0.0497600773940369	0.0238753111709722	-0.0033519428	0.1022708948	0.0954081847	0.0466796429	0.0805369968	-0.0198150203	0.0778835722	0.1008317572	-0.1483172538	-0.099360171	0.0467602744	0.0501378012	-0.1153261626	0.0218615398	0.0747459748	-0.0976272561	0.0855287597	-0.1731501716	-0.180764125	-0.0719334392	-0.0656407879	0.0576087455	-0.095908884	-0.0095403521	-0.1283837683	0.0225215184	0.1187422175	0.0002218355	-0.0337095007	-0.0220638025	0.0603693042	-0.0611644486	-0.0501935302	0.1105623791	0.0303171041	0.1403067487	-0.0496323384	0.0353361918	-0.0442160996	0.0573225929	0.0238222815	-0.0310267678	0.0011292702	0.0149786741	0.0663095432	0.085903598	-0.0346684433	0.1368583934	0.0221643463	-0.0095583219	-0.0607763249	-0.1296821496	-0.0216545005	-0.101424199	-0.1520012426	0.0773747883	0.0203424505	-0.1458524621	0.0616225026	0.1167935481	-0.0780278726	0.01639094	0.0017838336	0.0180700483	-0.119676323	-0.0319841148	-0.0547809781	-0.2090821154	0.0051304829	-0.0441074252	-0.0312843346	-0.1137295118	-0.1295913893	-0.0492379293	0.0623819508	0.1118445203	0.0930051549	-0.056911354	-0.008835942	-0.0073045762	0.0804104938	0.073273645	-0.0690598201	-0.0900935786	0.0486545006	-0.0807232929	-0.0196526468	0.0480600856	-0.0740347118	0.08374451	-0.0391743647	-0.0231460459	0.080694176	0.0272555079	-0.2277884004	-0.0224880934	0.0657236665	-0.0908462367	0.0814604678	0.0172191061	-0.0424596719	-0.0383004096	-0.0846344503	-0.0554774884	-0.0182446018	-0.0763617167	-0.0144722352	0.0955030384	-0.0754507709569196	0.0132738143115034	0.0001761941463762	0.0056928188379935	0.1914251319624469	0.0067635524159186	4.574564128287848e-05	0.0366435811468402	0.033365246060228	-0.0135781609410799	0.0001843664545418	0.0011132396446595	0.0003541343386427	0.0001894235816571	3.5881293287804034e-08	1.2541112980590254e-07	0.001353832674299	-7.508829370680005e-05	5.6382518517986685e-09	1.8328629099995824e-06	-0.0009367398124288	5.837911914679996e-05	8.774814761891435e-07	3.4081215523562663e-09
539.4050290913837	0.4150397655506594	0.1722580069883463	290957.78540907643	681.9265564124622	0.2749449645037884	0.0755947335059895	465023.82834055903	550.0675548596329	-0.5427444115113076	302574.31490925525	0.2945714962267556	565.6857314170935	438.202000248766	0.928043	15.611676	0.0561793177235054	0.0349918433669026	0.031631035	0.0405941377	0.0969414359	0.0431759164	0.1123545052	0.0428457263	0.0277672474	0.1031282516	-0.0918781944	-0.0838951536	-0.0842734627	-0.0021233855	-0.086004982	-0.0648919863	0.0672722501	-0.0243750053	0.1057770336	-0.014778848	-0.107849727	0.0208323108	-0.0182139536	0.0192850793	-0.0647254458	0.0461302726	0.0054797447	-0.0137793194	0.0979012608	0.0117348627	-0.076424543	-0.0147752029	0.0759937789	-0.0412099625	0.0445440322	-0.0191560557	-0.055418568	-0.0409162451	-0.0090128511	-0.0837810768	-0.020160247	0.0411237107	0.0438413247	0.124292897	-0.0981896063	-0.0042118046	-0.0685661909	0.1307354267	-0.0327466067	0.042053267	-0.0025849853	-0.0563223502	-0.0720447881	-0.0776753492	0.0615359752	0.0587413114	-0.1024631114	0.0228265522	0.0484495253	-0.0966702892	0.0766926242	0.0258774965	-0.0249337088	-0.0262915755	-0.0473819344	0.025492137	-0.0821389808	-0.010851399	-0.002801807	-0.0988849367	-0.0459320483	0.0189801432	0.0275147188	0.056396434	-0.1664564536	0.0343147913	0.1628829359	-0.0445889149	0.0695519533	0.1136559396	0.0447058083	-0.0148987572	0.052323181	0.1213378899	-0.0461315704	0.0230460198	-0.0228608659	-0.0089528529	-0.0709803483	0.0237585016	-0.0336550863	0.0729155074	-0.0324895821	0.0016112413	0.082924379	0.0807360916	-0.2150861596	0.0227718669	0.0667864449	-0.0485320281	0.0133575894	0.01840528	-0.0819216287	-0.0585432847	0.0135777154	-0.084214641	0.0312372858	-0.0781589047	-0.0096622851	0.0912392418	-0.0712016225824925	0.004249148374427	1.805526190789642e-05	0.0050696710583797	0.2196186398084734	0.0281935078460265	0.0007948738846639	0.0482323469513239	0.0333519257081249	-1.332035210310084e-05	1.77431780150583e-10	0.0011123509484402	5.601520095182536e-05	-0.0002981191376908	8.88750202575507e-08	3.137702737673377e-09	0.0013539786522565	1.4597795749992685e-07	2.130956407585044e-14	1.833258190766328e-06	-0.0007605381050582	0.0001762017073706	5.784182092455177e-07	3.104704168031455e-08
540.0684758099396	0.6634467185559743	0.4401615483626901	291673.95856367133	681.5602435766091	-0.3663128358531367	0.134185093710767	464524.3656242067	549.8680887543753	-0.1994661052575566	302354.9150303896	0.0397867271466186	565.6815627813339	439.16483865263433	0.91297	15.358123	0.0591536951656136	0.0314116067649451	0.011100881	-0.041792397	0.0748543788	0.0814404718	0.0929378847	0.0135174624	0.0792722615	0.107300324	-0.0216063854	-0.0321185862	-0.0872902731	0.0277061255	0.0820273818	-0.0380003725	0.0155454758	0.0784460063	0.0711516965	0.0563515863	-0.1076108373	0.0693266424	0.0133077796	-0.1281192632	-0.0561763276	0.1004531919	0.0125089045	-0.0647408138	0.0625172738	0.057321111	-0.1200933769	0.0488491436	-0.0931571344	-0.0122456431	0.0179423663	-0.0744107397	-0.0454126477	-0.0307951599	0.1084458483	-0.0814574094	0.0755833449	0.0418741414	-0.0528830329	-0.0566018706	-0.0619748214	0.0131211789	-0.0225286925	-0.1221702169	0.0424139321	-0.1530105265	-0.094016638	0.0131486933	-0.0472563906	-0.0070752208	0.1130765684	0.0187370675	-0.1065101142	-0.0156775842	0.0663693876	-0.0638555599	0.0668184738	-0.0982692056	0.0441828609	-0.0237369333	-0.0456638394	0.0549618227	-0.0338992505	0.047366361	0.1397695159	-0.0049667564	-0.0279131414	0.116461297	0.0834202716	0.1304398442	0.0169734943	0.1664410754	0.0114505614	-0.1138476819	-0.0618286396	0.039419535	0.1416278335	0.0533307151	-0.0764416745	0.079712225	-0.0476404267	0.0986020306	-0.0158216995	-0.0044547776	-0.0508945564	-0.0207713768	0.0423988012	0.0589083977	-0.1102130817	-0.1045988093	0.0156558937	0.1229654094	-0.1347980146	-0.0390869069	0.0810736511	-0.0084565015	-0.018207173	-0.0407754896	-0.027207273	-0.0596255032	-0.0221836659	0.0811084919	0.0118154322	-0.0799218096	-0.004835384	0.0866153656	-0.0779000888030196	-0.006698466220527	4.486944970754257e-05	0.0060684238355183	0.2087809645795744	-0.010837675228899	0.000117455204367	0.0435894911707775	0.0146523201107271	-0.0186996055973978	0.0003496752494982	0.0002146904846272	2.867921110872988e-05	-2.733598984309548e-05	7.472563407018192e-10	8.224971498190953e-10	0.0017849900816793	0.0004310114294228	1.8577085229308539e-07	3.186189591693474e-06	-0.0007605265619483	1.1543109899999834e-08	5.784006514289015e-07	1.3324338616347421e-16
540.2730995109649	0.204623701025298	0.0418708590212905	291895.022055185	680.0240233656	-1.5362202110090948	2.359972536712828	462432.6723543381	550.5124329984858	0.6443442441104708	303063.9388859123	0.4151795049182939	565.9819531593567	440.34978578746615	0.899016	15.123386	0.0621050244118115	0.0308810467359947	-0.0047540756	-0.1011652786	0.0187844471	0.0928609737	0.0214339273	0.0228344033	0.0656761003	0.02290664	0.0085655244	0.0203803625	-0.0996105407	0.0111825137	-0.06594972	-0.0360130716	-0.0419128931	0.037017998	0.1280586132	0.0378029984	-0.0072558351	0.08151302	-0.0396477059	-0.1166690122	-0.0762520792	-0.1207898826	0.0534659779	0.1595786598	-0.0975488948	0.1361169708	0.0946268244	-0.0090574979	-0.0137613125	-0.1078059059	-0.0578980279	-0.0103443816	-0.0199906941	0.0253476806	-0.0998978926	-0.0383204966	0.0256000809	0.0130333276	-0.0344130513	0.0814760855	0.1158983328	0.0205567209	0.0517628377	0.1207999803	-0.109178986	0.1968045085	-0.0486410544	-0.0916252643	-0.0114715904	0.0319250859	0.1474903189	0.0170729139	-0.0240606344	-0.0165443973	0.0456369091	0.0555058111	0.0179954999	-0.074271669	0.026072666	-0.0452945369	0.1030226526	-0.0771576698	0.1112877494	-0.0782906939	0.0293551859	-0.0642306005	0.0092491657	-0.2157337366	-0.0158129794	-0.0644323491	0.0795789089	0.0288633364	0.142410516	-0.180205638	0.0684285835	-0.0031149943	-0.0041103329	-0.0755317089	0.0226799022	0.0367828205	-0.0298851064	0.130820562	-0.0025651766	-0.007912477	-0.0233133037	-0.0662843274	0.0800268263	0.0919322863	-0.11632362	-0.0949216252	-0.0531123559	-0.0027229662	0.038528298	0.0647897363	0.1141448101	0.1178780568	0.0165181205	-0.1072644165	0.0089588165	-0.1255893875	0.015553527	0.0831191263	0.0182215484	-0.0816496581	-0.0	0.0816496581	-0.0887702302810993	-0.0108701414780797	0.0001181599757534	0.0078801537841594	0.1905555482045287	-0.0182254163750457	0.0003321658020437	0.0363114169515284	0.0230877013822947	0.0084353812715676	7.115565719671346e-05	0.000533041955118	0.0001480376593387	0.0001193584482299	1.4246439163866456e-08	2.1915148582480992e-08	0.0014129448402369	-0.0003720452414424	1.3841766167993373e-07	1.996413121552079e-06	-0.0007606045780183	-7.801606999996697e-08	5.785193241023962e-07	6.086507178239745e-15
540.3653414292173	0.0922419182523981	0.0085085714828821	291994.70221791463	678.8776653749156	-1.1463579906843506	1.3141366428058616	460874.8845448959	550.5863127976321	0.0738797991463116	303145.287840092	0.0054582247218993	566.2705084757927	442.3224979271802	0.8502159999999999	14.302463	0.03403068729307	0.0228468218907989	-0.0254799343	-0.1451924546	-0.0119579277	0.1143470749	-0.039861881	0.0414121424	0.0861219255	-0.0164332633	0.06139587	0.0679762819	-0.1042126929	-0.0011025898	-0.0681331808	0.0478483735	-0.0638130514	0.0205212043	0.114807321	0.0412563965	0.0581873157	0.1424242882	-0.0064933247	0.015069588	-0.0541952316	0.043479275	0.0683240151	0.0070261748	-0.118147114	0.0018301366	0.0645021055	0.0570914969	-0.1129327569	-0.1199808085	-0.0447892724	-0.0622917514	0.0226230616	-0.1478591107	-0.0756138538	-0.1461860414	0.0430639241	0.0055436487	0.1076771102	0.1806311839	0.1978773862	-0.0072920797	-0.062571091	-0.064725618	-0.0126808521	-0.0620438864	-0.0987213794	0.0659545204	0.025305365	0.0635792551	0.1646462225	-0.0278028017	0.0162362255	0.0527099425	0.0113668854	0.1313566372	0.0060552979	0.0006979616	0.0420877463	-0.045854193	0.1341119104	-0.0445084485	0.0746196229	-0.0824850036	-0.1067895314	0.0075291796	0.0262169484	-0.1253728919	0.0476496162	0.1503727879	0.0246348198	0.0748763766	0.0569401422	-0.015292532	0.062115516	-0.017376446	-0.014793723	-0.0048775479	0.1255164363	-0.0419154561	-0.0097722509	0.1226757505	0.0394499558	-0.0039618927	-0.0076466275	-0.0820986679	0.0976676998	0.1080263538	-0.0623012471	-0.1004956792	-0.008607513	-0.0951453814	0.0258232966	-0.0214713097	0.0300427469	0.1242871245	0.0745143702	-0.084813003	0.0433527628	-0.1226877084	-0.0433235352	0.1606739315	-0.1243791255	-0.0833416924	0.004835384	0.0763617167	-0.0832481841859618	0.0055220460951374	3.0492993076823288e-05	0.0069302601702598	0.1690891150131932	-0.0214664331913354	0.000460807753958	0.0285911288159448	0.0236274779077518	0.0005397765254571	2.913586974345395e-07	0.0005582577122812	0.0002190148256005	7.097716626180002e-05	5.037758130555202e-09	4.796749383281744e-08	0.0013539167627598	-5.902807747710007e-05	3.484313930642528e-09	1.833090600481976e-06	-0.0007606479639022	-4.3385883899947117e-08	5.785853249885625e-07	1.8823349217796898e-15
540.4909621592968	0.125620730079504	0.0157805678257076	292130.48017588246	679.8434945950333	0.965829220117712	0.9328260824331877	462187.1771431872	550.9465265166893	0.3602137190572421	303542.07508080505	0.1297539233970497	566.2861611781976	445.54040578876726	0.834315	14.034981	0.0629216541663898	0.035630617384263	-0.0209611278	-0.155402261	-0.0132001027	0.0834064922	-0.0101442291	0.0325676856	0.1233848693	-0.0308706152	0.0089424379	0.0924751746	-0.0500152085	-0.0802442222	-0.0650836775	0.0773231229	-0.1054355268	0.0421067695	0.1451141273	-0.04684482	0.091061394	0.1591681906	0.1183160745	0.0001879192	0.1401363768	0.21557083	0.0855975832	0.0161743785	-0.0031341009	-0.03434418	0.0815410034	0.0226789111	0.0587292649	0.1063342146	0.0785741792	-0.0430835718	-0.0135799341	-0.1464202078	-0.0343559429	-0.00491677	-0.0343595319	0.0971340408	0.0582530237	0.085306094	0.0969259577	-0.0706813102	0.0536324709	-0.0677733571	0.0207574593	0.0855828506	-0.0042482527	-0.0272358368	0.0338226156	0.0412862894	0.1529717969	-0.0542692242	-0.0203280814	0.0869639003	-0.0290295272	0.3047444403	-0.0574282437	-0.0167941438	0.0428140258	-0.1300896886	0.0727462893	-0.0138392745	-0.0295076487	0.0242850179	-0.0961086105	0.0245563265	-0.0681483337	0.0963102404	0.0021337252	0.2070676946	-0.1038629072	0.0615308337	0.0323492168	0.1016279396	0.1154625346	0.0982606104	0.0104853423	0.0331646597	0.0065453712	-0.004587235	-0.0110668262	0.1327391507	0.0382145562	-0.0203882526	-0.0438232924	-0.0450895023	0.1371285559	0.1094299012	-0.0660091653	0.0095149308	0.0214489623	-0.2054815023	0.0848298246	-0.0160937412	0.0492902876	0.0517708821	0.0652842673	-0.013470548	-0.0049874912	-0.0864307604	0.023671285	0.1677455166	-0.0722871596	-0.0849971703	0.0096622851	0.0707724105	-0.088493008930655	-0.0052448247446931	2.7508186602546e-05	0.0078310126296009	0.196477892911588	0.0273887778983947	0.0007501451547675	0.0386035624029774	0.0111832524622599	-0.0124442254454919	0.0001548587469382	0.0001250651356346	-0.0001369856821668	-0.0003560005077673	1.2673636153057542e-07	1.8765077118703546e-08	0.0013540515587906	1.3479603080002872e-07	1.816996991944229e-14	1.8334556238632536e-06	-0.0007599067461441	7.412177580999211e-07	5.774582628353137e-07	5.494037649226732e-13
540.0829394646278	-0.4080226946690573	0.1664825193649987	291689.5815007528	680.0021683058814	0.1586737108480065	0.0251773465142767	462402.9489007002	551.1674769540851	0.2209504373957997	303785.587651932	0.0488190957853952	566.9823010395735	443.1374160351824	0.91785	15.440218	0.0550083430690185	0.0309067396037194	-0.0188406049	-0.1171576704	-0.012874687	0.1241562958	0.0082393598	-0.0028247288	0.1614624316	-0.0055586516	0.0657811323	0.1592851354	0.0048975034	-0.0883126449	-0.0316724226	-0.0620724605	-0.1237854168	0.0038183649	0.1238570056	-0.0179968092	0.0574010018	0.1015336377	-0.0912619661	-0.1225830319	0.0459613785	0.0357968473	-0.0574388604	-0.0424424124	-0.0875157569	-0.084365694	0.1508706336	0.0109940118	0.0481401336	-0.0499827896	-0.0389931407	-0.0817786812	0.0781858949	0.0337296569	0.092263916	-0.0209427556	0.0320848133	-0.0206217925	-0.0550562406	0.155299198	0.0713245064	-0.0447685003	-0.1093779171	0.0818786285	0.115224613	0.1587491566	0.0151096016	-0.0156054941	0.0729476688	0.0418838444	0.1150290754	-0.0779146262	0.000546482	-0.0090358501	-0.0143366936	0.1373811142	0.0345979653	-0.1270954803	-0.0448128711	0.0414205357	0.0896574252	-0.1256580032	0.1034887468	-0.0584078894	-0.0680150741	-0.0025268034	0.0532582946	-0.1204190303	0.0024045868	0.1717459504	0.0163149485	-0.1041610665	-0.1080407677	-0.0833764552	-0.0821218616	0.0846051469	-0.0439416941	-0.1305477388	0.1403334827	-0.0898717675	-0.0195532826	0.0842006363	0.0548503931	-0.0431460174	-0.0397921652	-0.0605681729	0.098064944	0.0841449519	-0.0756993142	-0.1054840786	-0.0655547753	-0.0587910531	0.0685152784	-0.0303161664	0.0828004122	0.2072466293	0.0412353516	-0.0547056408	-0.0325258444	-0.0712516101	-0.0310209497	0.0888151145	-0.1250076248	-0.0866153656	0.0144722352	0.0649037979	-0.0885937298303076	-0.0001007208996526	1.014469962682932e-08	0.0078488489652455	0.1813287450010108	-0.0151491479105771	0.0002294966824165	0.0328801137636416	0.0300446405632186	0.0188613881009587	0.0003557519610949	0.000902680426573	0.0002800149141157	0.0004170005962825	1.7388949729996058e-07	7.840835212722284e-08	0.0013538934241903	-1.581346002999754e-07	2.5006551812032983e-14	1.8330274040657356e-06	-0.0007606897384179	-7.82992273799972e-07	5.786488781342932e-07	6.130769008304503e-13
539.4588171045424	-0.62412236008538	0.3895287203585447	291015.81535183213	680.9877617321713	0.9855934262899382	0.9713944019459398	463744.3316289925	550.3776474999131	-0.7898294541720361	302915.5548675386	0.6238305666776964	566.282063291623	440.6280789948767	0.989732	16.649426	0.0309064741959224	0.0169346752442046	0.0151280044	-0.0258413414	0.0808763143	0.0752686875	0.0340005047	-0.0039762378	0.1109305158	0.0076870288	-0.1111089007	0.1397630238	0.0542910172	0.0652390531	-0.0639345162	-0.1561225564	0.0052680814	-0.0119132827	0.1145564397	-0.0486487937	-0.0144355398	0.0400956353	-0.0784032091	0.0448741594	0.0005578791	-0.0001733192	0.0133701417	0.0505548473	0.0178419202	-0.0494167541	-0.0180136071	0.0675908945	-0.0105814254	0.0951122669	-0.0777160058	0.0881539525	-0.1377015943	0.0021391767	-0.0155722733	0.0252832679	-0.0775818784	-0.1172338701	-0.0992085037	0.0953004423	-0.1114945471	-0.001522063	0.030397236	-0.0163444295	0.140608549	0.0126749429	-0.11055236	0.0726596298	-0.0171077306	-0.0483644748	0.0221350683	-0.1217806463	-0.0381903149	0.0127514021	0.0212839113	0.0206066948	0.0983134436	-0.1318251607	0.0088282312	0.1168904612	-0.0259949308	-0.0564953064	0.0057521058	0.0621276786	-0.0154671366	-0.1052197673	-0.0563510054	-0.0922813214	-0.0191148777	0.0258461174	0.0343472748	-0.0930308948	-0.0235360812	0.0407316387	0.0765317652	0.1073955189	-0.0365666042	-0.0119947955	-0.1751813583	-0.0022594514	-0.030287625	-0.0501593708	0.0837016234	-0.0786777795	-0.012592894	-0.0322735153	0.0645323275	0.1219361145	-0.0318871236	-0.1299451859	-0.0377845382	0.0367652452	-0.0304756048	-0.0011344746	0.1637547745	0.0231119394	-0.0171602136	0.087844192	-0.0476482209	0.0055713364	0.0281256177	0.0879367674	-0.0524244265	-0.0881955685	0.0192567962	0.0587790397	-0.0887406471363192	-0.0001469173060116	2.158469480570652e-08	0.0078749024541727	0.1750263378710883	-0.0063024071299224	3.9720335631297954e-05	0.0306342189485643	0.0355444360251269	0.0054997954619082	3.024775012282711e-05	0.0012634069323443	0.0005580537805153	0.0002780388663996	7.730561122877466e-08	3.114240219474187e-07	0.0014547856516258	0.0001008922274355	1.0179241556896684e-08	2.116401292176304e-06	-0.0007609057305444	-2.159921265000109e-07	5.78977530775307e-07	4.665259870999672e-14
538.6945509315445	-0.7642661729978499	0.5841027831887795	290191.8192033384	681.7740745344711	0.7863128022997898	0.6182878230605484	464815.8887073345	550.0440976717946	-0.3335498281185209	302548.5093835787	0.1112554878378948	565.6125748402034	436.8473535723113	1.054776	17.743603	0.0506404687640326	0.0357480661433462	0.0300019658	0.1119242123	0.1059735204	0.0753141251	0.0440167753	-0.0142875739	0.0300451388	0.1274293104	-0.0795022858	-0.064020799	0.0254114862	0.019788815	0.0194947402	0.0507628636	0.1090239236	-0.0564102668	0.0403941374	-0.0971280364	-0.0994287997	-0.013857353	0.0626373561	0.0858057355	0.0302504927	0.0047013068	-0.05575598	-0.0183861345	0.0997352941	-0.0760920023	-0.0109556703	0.0209755778	-0.0169222904	0.0289942607	-0.0042585211	0.003573828	0.0260315667	-0.0028171971	-0.1140203363	0.0574617474	0.0318733506	0.0499367438	0.0587613794	-0.0912416524	-0.055565307	-0.0072480415	-0.0928973323	0.1070275611	-0.1422925803	0.0471688559	0.1892894594	9.6353e-05	-0.0766456754	-0.0878933642	-0.0660998265	-0.0175707144	-0.1384793668	0.0402688078	0.0125867127	-0.0417505041	0.0087289686	0.0635117426	-0.0086464946	0.0780860342	-0.0490033759	0.054363219	-0.0915914761	-0.0885995956	-0.0445081648	0.0210645448	0.0459417121	0.0163348447	-0.0253335576	-0.0143788019	-0.0273173605	0.0765217207	0.0336937505	0.1506676282	-0.0204860695	0.0652333861	0.0933252213	0.0886242435	-0.1093460688	0.0561051708	-0.0916064387	-0.0372471609	-0.008844826	-0.0957446909	-0.0400677868	0.0048324776	-0.0634003738	0.0443042682	0.0223097843	-0.023086467	0.1078915785	0.0794035988	-0.1840314564	-0.0128477398	0.0646975132	0.1104316826	-0.0248349789	0.0760564699	-0.1645956921	0.0040116972	-0.0278860841	0.0151886151	-0.019627629	-0.089737086	0.0240075741	0.0524223074	-0.0885935592660445	0.0001470878702747	2.1634841581948038e-08	0.0078488187434261	0.2098654916391211	0.0348391537680328	0.0012137666352726	0.04404352458093	0.0293914762551068	-0.00615295977002	3.785891393148579e-05	0.0008638588764545	0.000647015157687	8.896137717169994e-05	7.914126628285454e-09	4.186286142767335e-07	0.0013537538585579	-0.0001010317930679	1.0207423210514989e-08	1.8326495095604029e-06	-0.0007609379074189	-3.21768745000341e-08	5.790264989470545e-07	1.0353512525909443e-15
538.1088128529498	-0.5857380785947726	0.3430890967158959	289561.0944700109	680.8423875339369	-0.9316870005342252	0.8680406669644615	463546.3566629115	549.3439780246006	-0.7001196471940148	301778.8061918928	0.4901675203870717	565.3882627120385	431.4308457225316	0.968066	16.284956	0.0298448409063898	0.0192205783057018	0.0024399426	0.1439501688	0.0201577263	-0.007548758	-0.0056342926	-0.0094976162	-0.0683074645	0.0678330264	-0.0114039275	-0.1387856936	0.02337565	0.0156868064	-0.0080492189	0.053141434	0.0843968535	0.0442667292	-0.1288865444	-0.0561605059	-0.0298612462	0.0196925762	0.0440119958	-0.055841796	0.0799859257	0.0607289103	0.0602739563	0.0870000633	-0.0378817955	-0.1036526492	0.0193463675	-0.0486806482	-0.0607542642	0.0223920035	0.0135756048	0.1014021136	-0.0124402692	-0.0321685482	0.0368427829	0.1470157203	0.0226532503	0.1634249614	-0.0366568292	-0.0381891367	0.0901830042	0.0513042631	0.0383777433	-0.0050786987	-0.1813750019	0.0396464583	0.0175156699	-0.005733168	-0.0817281403	-0.0244341637	-0.122709333	0.074928293	-0.0658007738	-0.0497088642	0.0237816045	0.116614128	-0.0778908061	0.0042278215	-0.0003168937	-0.096209208	0.0268295281	-0.0548104313	0.0154120394	-0.0163494228	-0.0579413124	0.0219856243	-0.0202337693	-0.0282227405	-0.0689786219	0.0159950818	-0.0056500226	-0.0025255422	0.0389865226	-0.0401028974	0.1076122747	-0.1018354843	-0.0146167111	-0.0067822474	0.0113679769	0.0961662599	-0.0815209577	-0.0217058141	-0.090549218	-0.030676577	0.0300748978	-0.0094133944	-0.1129583814	0.0568471521	0.0558472966	0.0851085637	0.0582111074	-0.0856960341	0.0176846124	0.0388705399	0.0954345247	0.1319886987	-0.0286582765	0.0950719285	-0.123506198	-0.1592567885	-0.0267163049	0.0042611479	0.0371484949	-0.0912392418	0.0287162347	0.0458586883	-0.0849274699730955	0.0036660892929489	1.3440210703875268e-05	0.007212675156031	0.2046184858870816	-0.0052470057520395	2.753106936193573e-05	0.0418687247667218	0.0464691707125481	0.0170776944574413	0.0002916476479817	0.0021593838267119	0.0005700155570351	-7.699960065189998e-05	5.928938500552075e-09	3.249177352620354e-07	0.0013537831568695	2.9298311599946017e-08	8.583910626075313e-16	1.832728835823549e-06	-0.0007608857783032	5.2129115700070776e-08	5.789471676240664e-07	2.7174447036713647e-15
538.5605868771336	0.4517740241838055	0.2040997689272297	290047.5057374425	678.6942701888959	-2.148117345040987	4.614408128065938	460625.912387238	548.9922950973225	-0.3516829272780342	301392.54007622565	0.123680881338847	565.027079637234	427.39720536221	0.951052	15.998736	0.0291509644811478	0.0164550278718454	-0.0087904263	0.1225021392	-0.0917209136	-0.0018680815	-0.1005400902	-0.0467901988	-0.0235152496	-0.0409368024	0.0249908556	-0.0862097731	-0.0851676532	0.0494344227	0.0424306341	-0.0477851275	0.0202594995	0.1329256226	-0.1197642122	0.0090121448	-0.0523906883	-0.0326084613	0.0714805459	0.0394333432	0.0620080266	0.0041261728	0.0533777059	0.0374821761	-0.0270160771	0.0213199752	0.0406224658	-0.0819759879	-0.0189011944	-0.0664748269	0.0965745318	-0.1428236618	-0.1615275545	0.0927890516	-0.0405977137	0.0968053675	0.0678579815	0.1683240951	0.0148639322	0.0780270859	0.0034888632	0.0945530567	-0.0402057208	0.0090480513	-0.1299477082	-0.0423505555	-0.0050538655	-0.003952068	-0.0310020948	0.1082068565	-0.0993233278	0.0877786879	-0.0078505984	-0.02017032	0.0603275142	0.0115428796	0.0433027887	-0.0140445755	0.0437930416	-0.0268951963	-0.0190915971	0.0834931925	-0.0158456365	0.0292922305	0.0986540294	0.1364028063	-0.0875870133	-0.0463879263	-0.1055118603	0.1250855922	-0.0031607489	0.0517954076	0.1954990042	-0.0126744297	0.0686085247	0.0975105774	0.0159563996	-0.0108965148	0.0071604014	-0.0081462574	-0.0696927012	0.0145905206	-0.1195026248	0.0495263504	0.0163877802	0.0418245829	-0.049500273	0.058078463	-0.018911928	0.0371009612	-0.1220238076	0.0156027302	-0.0373898801	0.1977695974	0.0365918232	0.092600841	-0.0506143058	-0.0329773164	-0.109300552	-0.1348850399	0.0398477224	-0.0716317277	0.1146382628	-0.0927013771	0.0333745172	0.0391140859	-0.0888554618186105	-0.0039279918455149	1.542911993843231e-05	0.0078952930949985	0.2181648934144817	0.0135464075274001	0.0001835051568984	0.0475959207185521	0.0447376418539704	-0.0017315288585776	2.998192188087386e-06	0.0020014565986541	0.0004450654569986	-0.0001249501000365	1.5612527499131357e-08	1.980832610133727e-07	0.0013538172401876	3.4083318100133764e-08	1.1616725727149058e-15	1.83282111982917e-06	-0.0008348023199417	-7.391654163850004e-05	6.968949133800445e-07	5.463655127796111e-09
539.8234092477607	1.2628223706270774	1.5947203397561915	291409.31317187526	679.9249617891162	1.2306916002203252	1.5146018148528648	462297.9536639311	550.3345337771298	1.342238679807224	302868.0990676908	1.8016046735706392	566.5632439760061	432.9602226810361	1.014116	17.059612	0.0924625502895687	0.0591925666291286	0.0170800261	0.0290747175	-0.1312744614	-0.0629773738	-0.0793643793	-0.1050675271	0.0038055951	-0.1206436239	0.0269201284	-0.0444269383	-0.0448171648	0.1971424073	-0.0275238415	-0.0214022884	0.0042560729	0.0345113326	-0.0835269091	-0.0587874852	0.0405307361	0.0115547507	-0.0892177774	0.0526451819	-0.0037732281	0.085604653	0.0183256704	-0.0506601019	0.0082757111	0.0639897149	-0.0096846666	0.1267874588	-0.087732317	-0.1507629594	0.0643884436	0.0093464223	0.0215437569	0.0430736794	0.0425910035	-0.009497416	-0.1512910499	-0.0365138147	0.0433043873	-0.0789942934	0.047830449	0.0306077877	-0.0046287876	0.0653377785	0.0718750786	-0.0481129004	0.0952717434	0.0679741323	0.047289766	0.0773957255	-0.0851312433	-0.0570083903	0.0934901544	0.0311677042	0.0525690519	0.0194268462	0.0752993602	0.1102861246	0.0248266436	-0.1226780627	-0.0585308108	-0.0552851024	-0.0730745564	0.0139328736	0.0647755657	-0.076206501	0.0515794343	-0.1203533422	-0.0084702466	-0.0285805964	0.0032682864	0.1253380717	-0.1002906733	-0.0467629074	-0.1009698325	-0.052666374	0.1128192518	-0.030919505	0.0740034643	-0.1256609763	-0.0242429501	-0.0984857351	-0.0370627006	0.0399160773	0.0928692089	0.0481675782	-0.0463845398	0.0340557522	0.0163841611	-0.0879058357	-0.1128240803	-0.1455061261	-0.0836428422	-0.0028063857	0.0986972674	0.0417567375	-0.1290317592	0.0969427005	-0.0833100095	-0.0632775852	0.0841779577	-0.094129899	-0.1551198495	-0.0941228505	0.0379742494	0.032215118	-0.0859925040929425	0.0028629577256679	8.196526938962071e-06	0.0073947107601747	0.1648556131799949	-0.0533092802344868	0.002841879359119	0.0271773731969521	0.0667342404932043	0.0219965986392338	0.0004838503516955	0.0044534588542048	0.000657015354325	0.0002119498973263	4.492275897667147e-08	4.3166917581880523e-07	0.0013537499017799	-6.733840770016196e-08	4.5344611515932305e-15	1.8326387965690888e-06	-0.0007609452818722	7.385703806950001e-05	5.790377220035619e-07	5.454862072399573e-09
540.5943796418571	0.77097039409648	0.5943953485732818	292242.28330036433	680.6697527101527	0.7447909210364969	0.5547135160583934	463311.3122545004	551.0129126502334	0.6783788731036111	303615.2299072937	0.4601978954733253	566.6493309950217	438.9609043020786	1.097303	18.458998	0.1215968708820133	0.0654086934983301	0.0292092272	-0.0489602742	0.0239040284	-0.2114541927	-0.0244309335	0.0350875437	-0.0921333964	-0.0550512862	-0.0952258261	0.0532569713	-0.0388894481	0.0640984515	0.0367345164	0.0283598314	0.0107091941	-0.0700696182	0.0126616074	0.0586561971	0.0397305305	0.0254440462	-0.1425122581	0.0403630406	-0.0791185811	-0.1077310537	-0.061395644	-0.0887259196	0.055064519	0.0264379359	-0.0814960762	-0.0435338978	-0.0084935552	0.0649059019	0.0019929986	-0.0318832082	0.0371349923	-0.0387613068	0.001497712	-0.068697886	-0.0870559941	0.0504832828	-0.1167975853	-0.1013263622	0.0331528925	-0.0151367013	0.2350978461	-0.126448673	-0.0110927946	0.0841586076	0.055027964	-0.0358751718	-0.0016636095	-0.0492533825	-0.0012862148	0.0311924716	0.1132875809	0.1080024485	0.0454087756	-0.0707795866	0.0671025447	-0.0074244485	-0.0476948835	0.0671937533	-0.0228823546	0.0551878012	-0.0058518498	-0.066547371	-0.0949055131	-0.1157295275	0.0142872021	-0.0060709143	-0.0481110443	-0.0002500977	-0.0416625124	0.0357514471	0.0301376951	0.1140068032	0.0615873194	-0.1138174744	0.0951969699	-0.0627977728	-0.0636862021	0.0545168019	-0.03656333	-0.0648540006	0.0482901369	0.0098735203	0.1664306992	0.1000658692	0.0976781425	-0.015945523	-0.0125623488	0.0083112204	0.0626941267	0.0406944219	-0.1546897475	-0.0549497252	0.1291892491	-0.0184851038	-0.007626401	-0.1456099426	-0.1236555584	-0.0257340619	0.0948249288	0.0102904557	-0.0078320877	-0.0955030384	0.0425073619	0.0251890118	-0.0809492015867618	0.0050433025061806	2.543490016884847e-05	0.0065527732375342	0.1847197341889312	0.0198641210089363	0.0003945833034576	0.0341213801988294	0.0083303969071479	-0.0584038435860563	0.0034110089456245	6.93955126306193e-05	0.0004297913308078	-0.0002272240235171	5.1630756863345044e-08	1.8472058803753978e-07	0.0017478062686155	0.0003940563668356	1.552804202436731e-07	3.054826752611637e-06	-0.0009053769671362	-0.0001444316852639	8.197074526207436e-07	2.0860511708199136e-08
540.0219335930384	-0.5724460488187333	0.3276944788081796	291623.688761564	681.2935256159118	0.6237729057590968	0.3890926379591471	464160.86804615904	551.3660500772884	0.3531374270550032	304004.5211778309	0.1247060423870276	566.876094685151	442.5886854489121	1.135929	19.10878	0.0855136481385266	0.0374168728804078	-0.0266346465	-0.1209948963	0.0107619096	-0.0457155077	0.0355243742	0.1200710248	-0.0761997614	0.0384683968	0.0775659003	0.0604708991	-0.045533325	-0.0341624996	0.0562570052	0.2089563811	-0.0132756499	-0.0874304869	0.0340723405	0.1469468744	0.0053867754	0.0717740007	0.0504775766	0.0702775724	0.1594595113	0.1054350863	-0.0711051231	0.0838920269	0.0242818903	-0.0904584642	0.0834645088	-0.0886215671	0.0560567321	-0.0800652367	-0.1131059545	0.0485448669	0.0752459964	0.1236884167	0.1304731716	0.0123091468	-0.0360428678	-0.0283568907	0.0166388572	-0.1066498087	0.0438036967	0.0923840405	0.0407077111	-0.078967112	0.0246273272	-0.0575338935	-0.0340130327	0.0453961732	-0.0028186303	-0.0257210605	0.0847126411	0.1363361548	0.0698410831	0.0046463967	-0.1159612706	0.1503861303	-0.0112109646	0.0881218472	-0.1192957188	0.028424759	-0.1572404313	-0.0870301121	-0.044244537	-0.079739949	-0.029598618	-0.010501864	-0.0191728883	-0.0197914944	-0.1193828886	-0.0183079037	-0.1084472721	-0.0803542928	0.0669274962	-0.0130922815	-0.1402075767	0.027495643	-0.0199890237	0.037087529	-0.0271083489	0.0485539286	0.0196474616	0.1310728732	-0.0109950415	-0.006004169	0.0859643673	-0.0170300083	0.0880374072	0.1072047869	0.2104210116	0.0532051597	0.016725442	0.0134961891	0.0517664859	0.0643212325	0.0606788115	-0.0629781478	-0.1107022008	0.0071390175	-0.1962606376	-0.1735755027	0.0259863873	0.0308734814	-0.0421360896	-0.0968413356	0.0469659021	0.0180634961	-0.088733817218042	-0.0077846156312801	6.060024052677186e-05	0.0078736903180848	0.2014406762194056	0.0167209420304743	0.0002795899023864	0.0405783460357314	0.03635298239152	0.0280225854843721	0.0007852652972289	0.0013215393287581	0.0006740625826568	0.000244271251849	5.966844447987758e-08	4.543603653379553e-07	0.0014767460211331	-0.0002710602474824	7.347365776521998e-08	2.180778810932442e-06	-0.0007609983666196	0.0001443786005166	5.791185139976991e-07	2.0845180287131973e-08
539.8620085627372	-0.159925030301224	0.0255760153168474	291450.9882893929	679.1491911323907	-2.1443344835211064	4.5981703772177305	461243.6238157805	550.9169798433111	-0.4490702339772952	303509.51867967524	0.2016640750444226	566.5385151337355	442.52349406687	1.124489	18.916325	0.0380102686457247	0.0206890542666499	0.001954986	-0.0545258401	0.0291468819	0.1030597866	0.0236491852	0.0332392828	0.1649992246	0.0590103347	0.033531319	0.1266138217	0.0834902514	0.0429806354	0.0496402217	-0.2062702766	-0.0362662535	-0.0041345833	0.0881055725	-0.0368552198	0.0169515151	-0.0397135884	-0.0670929218	-0.1284881156	0.1561888074	0.1261105067	0.0612681474	0.0476898931	0.0692263474	-0.0763488343	-0.0418884961	-0.0797367945	-0.1033431137	0.0757979569	0.0518039281	0.0668434161	-0.0980920452	-0.2102117951	0.0019424455	-0.1401281279	-0.0442147602	0.0456613296	0.0761251265	0.0132033637	-0.1007675833	0.0293872881	-0.0218814272	-0.047231629	0.0645013039	0.0906297849	-0.0191987563	-0.0489740035	0.0133011862	-0.0225146469	0.0743064436	-0.0945623831	-0.0791034097	-0.0283435591	-0.0444111584	0.0822082282	0.0737757636	-0.1731698512	0.0572852988	-0.0189101859	-0.0849634151	-0.1079410401	-0.1788164261	0.0771668206	-0.0600424183	-0.0321722862	0.0152731189	0.0858330268	-0.0206123408	0.1451678071	0.0762745543	-0.1222656062	0.0551671024	-0.0293951104	0.0183142712	-0.1042549537	0.0883216712	-0.0237188375	0.0771913775	-0.0758564671	-0.0410240062	0.0191808569	0.0208063484	-0.0705094167	-0.0552122592	-0.0136661452	0.0787541605	0.1351793573	-0.0528873751	-0.0233162377	-0.1226275669	0.0172779541	-0.1101238074	-0.1076621028	-0.0428766011	0.0676088214	-0.1152321642	0.0455618844	0.0627676297	0.03571057	-0.0595014021	-0.0279177338	-0.0962809889	-0.098137155	0.0513420481	0.010866692	-0.0911772612222279	-0.0024434440041859	5.970418601592047e-06	0.0083132929639863	0.2079587067253356	0.00651803050593	4.2484721676234094e-05	0.0432468237028741	0.0490441826232839	0.0126912002317639	0.0001610665633227	0.002405331849186	0.0004700153863698	-0.000204047196287	4.1635258312585517e-08	2.2091446342435242e-07	0.001353821135033	-0.0001229248861	1.5110527622722543e-08	1.8328316656620408e-06	-0.0007608185709298	1.7979568979996366e-07	5.788448978716631e-07	3.2326490070644754e-14
539.5002196294924	-0.3617889332447248	0.1308912322183559	291060.4869802706	682.1975011376186	3.048310005227904	9.292193887972545	465393.4305584111	549.7135098489483	-1.203469994362763	302184.9429104498	1.4483400273315086	566.141870813492	436.5740548405655	1.130502	19.017471	0.0672402269416989	0.0370371902084969	0.0370642505	0.0861519934	0.0397691813	0.0241739653	0.0224145122	-0.0286013152	-0.0185105541	0.0626330094	-0.0969810106	-0.0505082291	0.0087127908	0.0672745039	-0.072032883	0.0250721954	0.0490300346	0.0243718406	-0.0071289285	-0.0308268555	-0.1210044194	0.036432208	-0.0764780772	-0.1447138258	-0.1341904932	-0.002269449	-0.0131880193	0.0303008776	-0.0394806394	-0.0036402876	0.0284484762	-0.169398797	0.0495099875	0.142443366	-0.2287507184	-0.0711313593	-0.0671550905	-0.0224816916	0.0599338912	-0.074765495	0.0568256497	-0.035723385	0.0921783662	0.0741581694	-0.1918555497	0.1647802223	-0.0366734344	0.0857307873	-0.0378047178	-0.0082495946	0.0155503733	0.0533456495	-0.0408070677	-0.0543892344	-0.0150868612	0.0211045194	-0.1166246975	-0.0004866158	0.040473654	-0.0775981899	0.0264598774	-0.0388123964	-0.0460420855	-0.0226395069	0.0792418248	-0.1097604309	0.0195220689	-0.0801733748	0.076265047	-0.1433802477	-0.1702341161	0.0246047861	-0.0430190442	0.1324514551	0.0634360477	0.1078216618	0.0635793645	0.0025405182	0.0013819686	-0.0491142863	-0.1035897858	0.044588082	-0.0506976522	0.0417580961	-0.0735538467	-0.0414491574	-0.0282309183	0.0079924555	0.0507313447	-0.0689580126	-0.0674856664	0.0954836142	0.1094896337	-0.0072292553	0.0303635386	0.0520417865	-0.1166540028	0.0131063424	0.158061307	-0.0031735168	-0.0102239614	-0.0121645488	0.032984174	-0.0513613051	-0.036791116	0.1542250319	0.0794952949	-0.0993899282	0.0556281227	0.003627002	-0.0886244642310316	0.0025527969911963	6.516772478260891e-06	0.0078542956602373	0.1792055360420619	-0.0287531706832736	0.0008267448243414	0.0321146241481227	0.0452726116850499	-0.0037715709382339	1.422474734213129e-05	0.0020496093687853	0.0007182674441878	0.000248252057818	6.162908421087163e-08	5.159081213800744e-07	0.0014556187310421	0.000101797596009	1.0362750553231926e-08	2.1188258901606136e-06	-0.0010540226836826	-0.0002932041127528	1.1109638177174703e-06	8.59686517351567e-08
540.68849562608	1.1882759965875491	1.4119998440661337	292344.0493023935	682.0534678753758	-0.1440332622428286	0.0207455806323114	465196.93304082623	549.856712869937	0.1432030209887216	302342.4046881324	0.0205071052202962	566.969831335239	439.9115420974656	1.111973	18.705782	0.1351806322817841	0.092363638550071	0.0925626739	0.073575913	-0.0792197243	-0.0279859303	0.0076109386	-0.0828864919	-0.0291009308	-0.0315780395	-0.0322773976	-0.0855291368	-0.0107248835	-0.0798915221	0.053414705	-0.1071313789	0.0083448399	0.0653634109	-0.1302691137	-0.0349141846	-0.02329364	0.0875375958	0.0022952366	0.0055846649	0.0941937514	0.0041415992	-0.0303684992	0.0113307597	-0.103528348	0.1399645126	-0.1262994919	0.0037578044	-0.0814335521	0.029838784	-0.077563957	-0.0392146559	-0.1436719729	0.060789524	-0.0915739992	0.0353555367	-0.0378075379	0.0480715991	0.1252602028	0.085666181	-0.1122334066	-0.0046557024	0.0617724792	-0.0629802197	0.1012052166	-0.1351437308	0.1043893008	-0.0782186354	0.0547887075	0.0253948056	-0.1070897336	0.0250872719	-0.0042556194	-0.0377597749	0.1128102081	0.0663448409	-0.0022474688	0.0314245869	0.0510255059	-0.1039319338	-0.0812722127	0.228869667	-0.0329335553	-0.0599656743	-0.0720188781	-0.1221254419	-0.0258667147	-0.0142772748	-0.0564088066	0.1078801752	0.1753275891	-0.064653637	0.1500048545	-0.0960540347	0.0761538273	0.0676145115	-0.03803244	0.072243985	-0.0704979594	-0.0162118776	-0.0794772153	-0.0482448152	-0.1089484687	0.0555522428	-0.0356129703	0.1452150035	-0.008907966	0.0895666432	-0.1672421854	0.0972368505	-0.0657307102	-0.0060199882	0.0006628343	0.0610236862	-0.2429337922	0.1094838304	-0.1350758878	0.0553800877	-0.0410032381	-0.0184292993	0.0262527146	0.1600350962	0.0608596099	-0.1005991057	0.0598166067	-0.003627002	-0.088807749485241	-0.0001832852542094	3.35934844106076e-08	0.0078868163686333	0.2650231561479614	0.0858176201058995	0.0073646639206404	0.0702372732946267	0.0636662307367501	0.0183936190517001	0.000338325221819	0.0040533889362251	0.0003970831415549	-0.0003211843026329	1.0315935625778229e-07	1.5767502130710877e-07	0.0013538333658122	-0.0001017853652299	1.0360260574984134e-08	1.8328647823863904e-06	-0.0008612701941459	0.0001927524895367	7.417863473241163e-07	3.715352222259566e-08
540.724351952251	0.0358563261710287	0.0012856761264832	292382.82479418186	679.7272189474854	-2.326248927890333	5.411434074510924	462029.0921780828	550.203762368763	0.3470494988259816	302724.18012474227	0.1204433546353649	566.5464142499826	437.1048477933277	1.229527	20.683289	0.2163285700781658	0.1387122812051155	0.0182316429	-0.0325516322	-0.0714593049	-0.1505405391	-0.0489100179	0.0088981092	-0.0266607682	-0.0718562181	-0.0681156866	0.0402797646	-0.0780058254	0.0425144933	0.0802644545	-0.0288074127	0.0983736532	-0.005045255	-0.0212032412	0.0761567868	-0.0212507857	0.0749244444	-0.0785018484	0.0698039834	0.0337822944	-0.1075044932	-0.091563198	-0.0298530668	0.1844009452	-0.0070990318	0.051543601	0.0685971592	0.0375994561	-0.1300329369	-0.0935125947	-0.0616445233	-0.0721582024	-0.0915817073	-0.056840854	0.0099700486	-0.1018313826	0.0022036799	-0.1156811159	-0.2363729752	0.01881224	0.0103370395	0.0518033655	-0.0559433839	0.0769653235	0.0635552102	-0.0338028506	0.0301809694	-0.0359619033	0.015362812	-0.0402807853	0.0156807728	0.134780509	0.0192126427	0.061357922	0.0751526579	0.158317697	0.0548049561	-0.1437133267	0.0382728698	-0.0249298559	0.0165311488	0.0027846593	0.007070896	0.0996234407	-0.014602007	0.0184605315	-0.0171454161	-0.0231138652	-0.0571589682	-0.0129867216	0.1611545776	-0.0661744991	0.2035085271	-0.1414818957	-0.2597282418	0.0607599298	-0.2529548173	0.0117146966	-0.0115508624	-0.0590744047	-0.0286533951	-0.0009934246	0.0341094891	0.2419278952	-0.0049771715	0.0574576034	-0.0625836109	0.1197068983	-0.0398299129	0.0426064423	0.0505655756	-0.0005064987	-0.206459354	-0.0521702777	-0.0104315382	-0.0844827342	-0.2017002123	-0.0218969881	0.1167278653	-0.0021964347	0.0238880688	0.1292404641	-0.1017641571	0.063900152	-0.010866692	-0.0864352119461386	0.0023725375391024	5.6289343744501175e-06	0.0074710458641739	0.1521045977908386	-0.1129185583571228	0.0127506008214509	0.0231358086691127	-0.0144018356384805	-0.0780680663752305	0.0060946229875674	0.0002074128697578	0.0003921499876166	-4.933153938300029e-06	2.433600777896509e-11	1.5378161278769952e-07	0.0017078533888499	0.0003540200230377	1.2533017671161366e-07	2.916763197806088e-06	-0.0007608352149877	0.0001004349791581	5.788702243653797e-07	1.0087185038508066e-08
541.6718073507873	0.947455398536249	0.8976717322154825	293408.3468786684	682.3820575494417	2.6548386019562717	7.048168002437129	465645.2724654096	551.13851194346	0.9347495746969798	303753.6593472514	0.8737567673961847	567.2942851415047	446.7839806311606	1.202316	20.225544	0.165418895877639	0.0965257921528658	0.0062003058	-0.1201948455	-0.0895933902	0.0647820706	0.016044958	0.0596919978	0.0128730258	-0.0653249496	-0.0011225815	0.002533452	-0.0902768569	-0.0636100169	-0.0204775969	0.0344654349	-0.0570441679	-0.012819691	0.0113148156	0.0303243712	-0.0206983717	0.0022615382	-0.0041653005	0.093851271	0.0173748564	-0.0235369712	-0.0336370673	0.1860686093	-0.2206858832	0.0725315238	0.0419787994	0.0002356684	0.0278540418	0.0501783306	-0.0356626588	0.1141215789	0.0648547771	0.072833973	-0.0225564972	-0.0890177032	0.1109184227	-0.0663144982	0.0463535545	-0.0006527934	0.0725032545	-0.0611340381	0.0346831703	-0.0049904042	0.1296307761	0.0256843764	0.2571337498	0.0945881554	0.0352148788	0.0516696351	0.0866350272	0.0404242085	0.070768479	0.0420766898	0.0344336897	0.0479000705	-0.0289524763	0.0719682712	-0.0959973142	-0.0119349995	-0.0892972006	0.0007477917	-0.0329756163	-0.0603418719	-0.0898895238	-0.0130312591	0.0019603656	-0.0443758076	-0.1393415963	-0.1593779608	0.1806944996	-0.1121116288	0.1736349376	-0.0708159947	0.0567377727	-0.0208625867	-0.0854435545	-0.0110100966	-0.0285840074	-0.0317284286	0.0157263764	0.0939725719	-0.0091347018	0.0004862442	0.0019588456	0.0465384655	0.1109982185	0.101180834	0.1285480165	0.1158439685	0.0149803262	0.035605386	0.0640471546	-0.0591916117	-0.147642199	-0.0895194327	-0.1554137915	0.0541905483	0.0166319911	-0.0919489616	0.0790346701	0.1461580243	-0.040295759	-0.1028845713	0.0678715947	-0.0180634961	-0.0885634497029173	-0.0021282377567787	4.529395949378435e-06	0.0078434846232811	0.2189797062011393	0.0668751084103007	0.0044722801248894	0.0479521117279372	0.0504968120217341	0.0648986476602146	0.0042118344681246	0.0025499280243583	0.0003658462727097	-2.630371490689999e-05	6.918854179034727e-10	1.338434952555802e-07	0.0013539062481653	-0.0003539471406846	1.252785783988041e-07	1.833062128821039e-06	-0.0005107480295723	0.0002500871854154	2.60863549711987e-07	6.254360030899668e-08
541.0998336558022	-0.571973694985104	0.3271539077549127	292789.0299823368	681.9915173116154	-0.3905402378262579	0.15252167736139	465112.42968499946	550.8524275361822	-0.2860844072778263	303438.3969225048	0.0818442880875052	567.370804522282	448.18005640070754	1.084681	18.246666	0.093671534120856	0.0550374293273804	0.0338418079	-0.0778728779	0.103966027	0.0303248266	0.0454757012	0.0488529259	0.076374475	-0.0187516207	-0.0673836013	0.0984098379	0.0532566013	0.00195952	0.119545406	-0.0851161324	0.0521070226	-0.064764213	0.0669272741	-0.0478120043	0.0590303126	0.1233140442	-0.0117355896	-0.0082652751	0.0730199288	-0.0335658549	0.033703716	0.063896668	0.0066770392	0.0211236483	-0.0424089457	0.0143941665	-0.0093219529	0.0825793324	0.0087148815	-0.1358190465	-0.0539653518	0.0895197059	0.0360683385	0.0036660183	0.0801662229	0.0020473072	-0.047234239	-0.1574054003	-0.1448528901	-0.0080880485	-0.0364352437	-0.0952739158	-0.0532607163	-0.0989202307	0.1187439816	0.0524512169	-0.0138438788	-0.0884773536	0.0185253867	-0.0948519611	0.0082676366	0.0321013568	0.0614338894	0.1148038994	0.0103138847	-0.0866170711	-0.0258933283	-0.0028399805	-0.0573862362	0.0527216263	-0.0262469521	0.0579406439	0.0518402858	0.0083462972	0.0658820459	0.1660905599	-0.0550396549	0.0078089395	0.0989167684	-0.1090347912	0.0104734916	0.1545832232	-0.0693482261	-0.051763742	-0.0246503641	0.0571152986	-0.0225793861	0.0385200861	-0.0684582513	-0.0417669398	0.03038773	-0.0753971391	0.0439005364	-0.0786615683	0.1097199813	0.0875860652	0.0556008399	-0.0411488227	-0.0331475179	0.0084645762	0.0059691468	-0.1942106088	-0.1838420327	0.0594351764	-0.1181706024	0.0663199298	0.1399172944	0.0919808191	-0.0152210212	0.0544825173	0.2087109097	-0.103959857	0.0717239676	-0.0251890118	-0.0885937885620933	-3.033885917599899e-05	9.20446376101098e-10	0.0078488593717848	0.1914456020712691	-0.0275341041298702	0.0007581268902345	0.0366514185524307	0.0099644221810493	-0.0405323898406848	0.0016428746261972	9.928970940218728e-05	0.0006270156421593	0.0002611693694496	6.820943953870167e-08	3.931486155124393e-07	0.0013537566333032	-1.4961486209988904e-07	2.2384606961168816e-14	1.832657022212415e-06	-0.0007609230710831	-0.0002501750415107	5.790039201065364e-07	6.258755139493049e-08
540.2811940004136	-0.8186396553885515	0.6701708853746864	291903.76859051257	683.1688100605111	1.1772927488956384	1.3860182166022488	466719.6230394947	550.7055533334111	-0.1468742027710732	303276.6064722585	0.0215720314396383	567.5295471564317	439.2647568829959	1.233168	20.744535	0.0749639440084147	0.0515424038296697	0.0803037032	0.0924683684	-0.0323500849	0.0536975593	0.0369721048	-0.038299476	-0.0556066112	0.0590593103	0.0251446746	-0.0566805904	-0.064825581	0.034268616	-0.0928376027	-0.0796366382	-0.061932616	0.0144261625	-0.0106133213	0.0378089132	-0.0908320299	-0.0010236	-0.0093855582	-0.0955113986	-0.0456024635	0.0377984532	0.0764010962	0.023152881	0.1185281794	-0.0722123135	0.0787781397	-0.0023607796	-0.0020479254	-0.0884897382	-0.0763746422	0.0808999495	0.0156165884	-0.0942288886	-0.0009993005	0.0174013857	-0.0893972952	0.0128316431	-0.1082297401	0.0045124098	-0.1272479632	-0.1433149907	0.038210561	-0.0599814698	0.0280869101	0.0373746466	-0.0347974272	0.0544006	0.0416333574	-0.0009166294	0.0215267659	0.1026843658	-0.1264060662	-0.0613468914	0.0620708666	-0.0255697247	0.0415583778	-0.0230953962	-0.0237516491	-0.0035290512	0.0332610838	-0.0975254787	-0.0280569618	0.0198086896	0.0593747618	0.043952974	-0.0376030942	-0.1087529135	0.0560070875	0.050869811	-0.0687925225	0.0152739688	-0.0822258955	-0.0181064574	-0.003010633	-0.1148649845	-0.129312286	-0.0322138351	-0.0504774205	-0.0096838957	-0.0880869563	0.0429596213	-0.1109430349	0.0639568143	-0.005815906	-0.0568076001	-0.0724861861	0.0710477574	0.0557602058	0.0407326859	0.019481767	0.0910342028	0.0067355625	0.0059873504	-0.0310410216	-0.0427692909	-0.0814795524	-0.0349564785	0.0844753273	0.0207226293	-0.0162762504	0.133724656	0.1725335612	-0.1049895425	0.0754505123	-0.032215118	-0.0885833062115324	1.0482350560891971e-05	1.0987967328143228e-10	0.0078470021393661	0.2209044704944887	0.0294588684232195	0.0008678249287765	0.0487987850844504	0.0529565232138935	0.0429921010328442	0.0018483207512182	0.0028043933509036	0.000677015379125	4.999973696570006e-05	2.4999736966391924e-09	4.5834982357176753e-07	0.0013537422886256	-1.4344677600050192e-08	2.0576977544938172e-16	1.8326181840132768e-06	-0.0007609588334756	-3.5762392500051504e-08	5.790583462445459e-07	1.27894871732774e-15
540.4236850010113	0.1424910005977153	0.0203036852513381	292057.75931007235	681.1291822663153	-2.039627794195781	4.160081538855946	463936.96293477935	550.8348758140306	0.1293224806195212	303419.06041305856	0.0167243039935864	567.6487693480956	440.23193745872334	1.189555	20.010868	0.0120598659536588	0.0071471330921748	0.0623103435	0.0274052046	-0.0418354882	-0.1404919176	-0.0791853131	-0.1144019382	-0.0653251226	-0.0571637682	-0.0218136905	-0.0256549106	0.0994302694	0.053577805	0.0973871697	-0.0523792631	-0.0194105389	-0.0212340236	-0.1209141997	-0.1051411641	0.1066111907	-0.0178141439	-0.0211364084	-0.0321634956	-0.019340231	0.0463990361	0.0612803462	0.0034777319	0.0131486827	0.0643532471	0.0511574855	0.0236417475	-0.0730088026	0.0268541015	-0.0006997321	-0.0186866249	0.0274460562	0.0945772232	-0.0541546568	-0.0872064202	0.0837461906	-0.0508868288	-0.0864422522	-0.1424833897	0.1135564023	0.0222345104	-0.055333033	0.131634579	0.0508218532	0.0279892826	0.1161467246	-0.1351214867	0.0677934329	0.0073231721	-0.1528375016	-0.048554466	0.0929441319	-0.0026880879	0.036636318	0.0740581714	-0.0842474686	-0.0666925213	-0.0013872823	-0.088300122	-0.0803043601	-0.0016751136	-0.0253243694	0.020737532	-0.0059075513	-0.0634050927	0.0979377655	-0.0355963038	0.0303482794	-0.0893479123	0.0948115619	0.0957245882	-0.1174279766	-0.0591401182	0.1433783841	0.0401151868	0.0133553949	-0.0401497627	0.0227579082	-0.0489461612	-0.0440679251	-0.133655923	-0.0179563344	0.0272939194	0.0350257283	0.1215332934	0.0609752665	0.0452825321	-0.0049317679	0.0760235396	-0.0830634875	-0.0272946759	0.0327855002	-0.1257758853	-0.0524567518	-0.0207125738	-0.0736572346	0.1046832976	0.0171762542	-0.014700317	-0.0515003412	-0.1170062669	0.0529431249	-0.105973176	0.0790446912	-0.0391140859	-0.088730603034989	-0.0001472968234565	2.169635420040469e-08	0.0078731199149527	0.2161650646997941	-0.0047394057946945	2.2461967286784657e-05	0.0467273351966661	0.0549799722571862	0.0020234490432926	4.0943460308021404e-06	0.0030227973494009	0.0006720530687423	-4.962310382700076e-06	2.4624524334252973e-11	4.516553272059426e-07	0.0014517450419839	9.800275335830003e-05	9.604539665807787e-09	2.1075636669248355e-06	-0.0007609880555789	-2.9222103299967293e-08	5.791028207337549e-07	8.539313212739594e-16
540.2054320017797	-0.2182529992315949	0.0476343716735865	291821.90876422945	679.5804500080528	-1.5487322582624756	2.398571607782788	461829.5880331476	550.7788857877924	-0.0559900262381916	303357.3810296421	0.0031348830381533	566.0705150121297	435.7783041393148	1.094088	18.404922	0.092536684127241	0.0517398227693004	-0.0311998016	0.0093771696	0.0054043662	-0.1117913581	-0.0483289119	0.107378814	-0.0594088466	-0.0394115404	-0.0486759694	-0.0095642164	-0.0166141631	-0.0031470859	0.0517436539	-0.1111665684	0.0367525144	-0.0154786305	-0.0407175011	0.0179691387	0.0317433205	0.096799542	0.0345541575	-0.0710829368	-0.1293528018	-0.0484224849	-0.0444900336	0.0231243503	0.0640406802	-0.0401868021	-0.0412106287	-0.0879089909	-0.0661802459	0.1186681947	-0.0014661384	-0.0231239277	0.0064039843	-0.1190163663	-0.0730904145	0.0729020254	-0.0219604501	0.0759466599	0.0485415212	-0.073661362	0.1017786117	-0.1375530318	-0.1991527532	0.0654438944	0.0879774546	-0.044682647	0.0636527819	-0.1032132402	-0.0739822634	0.0042386912	-0.0221503902	0.072545844	0.0642498245	0.0267006291	0.0747871859	-0.0322120691	-0.0670875267	-0.1075882637	0.0562846302	0.1197817404	0.0830313283	0.0619691319	-0.0629621202	-0.0030567729	-0.063619266	-0.087503325	0.032302994	0.057281473	-0.033725201	0.0031710424	0.0595308936	-0.0502631734	0.0482118854	0.1683901749	-0.0130898601	-0.0124618584	0.0670952541	0.01722915	0.0162523611	0.0951438262	-0.01526103	0.0239895022	-0.0322343712	0.0302968898	0.0963770145	0.1289255164	0.0845546725	-0.0251304292	-0.0131857085	0.1117150107	0.0378402624	0.1757951831	-0.0147120996	-0.0363422836	-0.0366225033	-0.0072609744	-0.0060330551	-0.0192169161	0.2168014494	0.0345429379	-0.0374676656	0.0764626009	0.1716442769	-0.1069103263	0.0825001988	-0.0458586883	-0.0885832899982261	0.0001473130367629	2.1701130800309973e-08	0.0078469992669098	0.2330149392111025	0.0168498745113084	0.0002839182710468	0.0542959618955537	0.0101017118592565	-0.0448782603979297	0.0020140582563443	0.0001020445824874	0.0001570147393595	-0.0005150383293828	2.652644807334256e-07	2.465362837613172e-08	0.0013539402220406	-9.780481994330004e-05	9.565782804141344e-09	1.8331541248593487e-06	-0.0007606064812802	3.815742986999944e-07	5.785222193654473e-07	1.4559894542839258e-13
540.5772529594149	0.3718209576351228	0.1382508245366998	292223.7664171472	680.0191321647604	0.438682156707614	0.1924420346136436	462426.0201101139	550.0330319493897	-0.7458538384026951	302536.3362354384	0.5562979482600336	566.1479072204003	438.2885520689963	1.189013	20.001766	0.1285626056622779	0.070943145044618	-0.0536010496	-0.0850237673	-0.1296809261	0.0756708233	-0.0552221845	0.0162501262	0.0312006755	-0.0156718312	0.0979582571	-0.002119946	-0.0180866775	-0.0208710357	0.1135143954	0.0844987652	-0.0148216074	0.0923548768	0.0500864126	0.0304486032	0.0076777377	0.0032788624	-0.0224355356	0.13527655	0.1726869624	0.0738891366	-0.0293321996	0.0061564693	0.0521530394	-0.0795365911	-0.03931653	0.0348064917	0.0216823838	-0.1209661388	0.0866049056	0.0303414668	-0.1351684811	0.0404262445	-0.0132998096	-0.0865903768	0.0993990376	-0.0081508959	0.0551805942	-0.1182818236	0.0245782377	0.0914964705	0.0108716725	0.0368886286	0.0086472733	0.0464106152	-0.0416284807	0.0147835627	-0.0078226251	0.1344754847	0.0274151264	-0.0062534596	0.0229937159	0.0050940847	-0.0063466056	0.0878961643	-0.0009797051	0.0934471658	-0.1118411527	0.066386467	-0.1276799319	-0.0390184017	-0.0717968073	-0.007525496	-0.0265067213	0.1142453573	0.0007769811	0.0115660321	-0.0670639085	-0.007229579	-0.093404294	-0.0309839909	0.0417514559	-0.159655503	-0.0477642967	-0.0142613496	0.0929231714	-0.0205915725	0.0675351696	-0.1136760189	0.0376774216	0.0752299227	0.013069989	-0.0046131625	0.0509209516	-0.0098643526	0.062834811	0.021630357	0.2194323789	0.0309095423	-0.0591510412	-0.0474834238	-0.0052668532	0.0251279884	-0.0984628392	-0.0434797972	-0.0801843617	-0.045738003	0.1077173324	0.0048938561	-0.0835834037	-0.0312209739	-0.0271168426	-0.1078005821	0.085810973	-0.0524223074	-0.0785218425551761	0.01006144744305	0.0001012327246492	0.0061656797582598	0.1766706191881581	-0.0563443200229444	0.0031746823988479	0.0312125076843271	0.044169124319815	0.0340674124605585	0.0011605885917578	0.0019509115431792	0.00065597253141	0.0004989577920505	2.4895887824791e-07	4.302999619644434e-07	0.0013537716178055	-1.6860423509993189e-07	2.8427388093633096e-14	1.832697593175721e-06	-0.0006979443628513	6.266211842889994e-05	4.871263336359072e-07	3.926541085997481e-09
541.5727548104087	0.9955018509938328	0.991023935332147	293301.0487529351	681.9951621250333	1.9760299602728535	3.904694403895936	465117.4011619504	549.8726046415751	-0.1604273078146434	302359.88133530994	0.0257369210926543	566.6004307422883	447.56467144886	1.18624	19.955111	0.0699546847531259	0.0553128764803262	0.0309741062	-0.065803281	0.0890550665	0.033772382	0.0215448347	0.0190272261	0.065469162	-0.017195402	-0.1124432998	0.0452263297	-0.0031541922	0.0923789415	-0.0947763031	-0.1089823653	0.0651936345	-0.0045379343	0.0849108318	-0.1538648534	0.0773176596	-0.031225856	-0.055478501	0.0886163521	0.0213639905	0.0820800421	0.0908300527	0.0617800908	0.1121256677	0.0213487889	-0.0781353483	-0.1035796368	-0.1612511645	0.0725463941	-0.0681780519	-0.0117411441	-0.0633440815	-0.0149048356	0.065642939	-0.0551257231	-0.0488005078	-0.0118944572	0.036717876	-0.0350982883	-0.09034953	0.0189455506	-0.0243172794	-0.0471574381	-0.093006637	-0.0498368176	0.0060331168	-0.0856549847	-0.0373201387	-0.0661305629	0.0094239381	-0.1429072688	-0.0297857978	0.0916316403	0.0375415763	0.0260721535	0.0501739043	-0.0283227895	0.087878808	0.0634813835	-0.0952576787	-0.1107876908	-0.0954996442	0.103623935	-0.041080035	-0.0279736676	-0.1312979108	0.061658115	0.0800411916	0.0292048546	0.0541309058	-0.0632362656	0.0482024965	0.0145883919	0.1006489606	-0.0030978238	0.0224877855	0.1802994921	-0.0200770905	0.0814148099	-0.0148732274	-0.0801400304	0.0470903156	-0.0266673888	-0.0599712907	0.0058563052	0.0762734442	0.0667570403	-0.0427340359	-0.0180699215	-0.0282405173	0.0225191293	-0.1204718892	-0.1185928441	-0.0619887688	-0.1513226328	-0.0057335505	0.1071372372	0.19342158	-0.0171742842	0.0124212526	-0.0541824323	0.1388162819	-0.108643553	0.0889712056	-0.0587790397	-0.073327276017892	0.005194566537284	2.6983521510271625e-05	0.0053768894082041	0.2306907115770684	0.0540200923889103	0.0029181703817064	0.0532182044079341	0.0450643620315815	0.0008952377117665	8.01450560568919e-07	0.0020307967253134	0.0005220154914193	-0.0001339570399906	1.794448856306999e-08	2.725001732817333e-07	0.0013538014210363	2.980323079992964e-08	8.882325661138745e-16	1.832778287599905e-06	-0.0007608532819331	-6.29089190818e-05	5.788977166283694e-07	3.957532100040461e-09
540.9786699581581	-0.594084852250603	0.3529368116736208	292657.92134969775	684.4689033867801	2.4737412617467958	6.119395830068627	468497.6797035013	550.7765420063605	0.9039373647854064	303354.7992244842	0.8171027594551847	567.3669021465839	445.3991936930322	1.154735	19.425135	0.0808050518273966	0.0440119982730457	0.109837821	0.0854658456	0.0520691333	0.0425052611	0.0572449513	-0.0366080022	-0.0635063439	0.0986147566	-0.0359918919	-0.0651643973	0.0262726	0.0104399255	0.0317891069	-0.0264199543	-0.0032751391	-0.0314018392	-0.0651871658	0.010102285	-0.0491797111	0.0043154765	0.1700210427	-0.0807244688	-0.0650717323	0.0928517108	0.0492479365	-0.0279274858	-0.0176730381	0.0205503568	0.09422323	0.0116021464	0.1908052768	-0.0830335436	-0.1539083598	0.0538766809	-0.0122439618	0.0013196287	-0.212836317	-0.0030092494	0.1197756569	0.0587327301	0.0358310016	0.0210076345	-0.0706424045	0.0720542309	-0.059752331	0.1383271684	0.0289403294	-0.1310634235	0.0208168796	-0.0327446168	0.0024193232	-0.0514027525	-0.0539402408	0.1059532801	-0.0901566718	-0.0502249488	0.0281924282	-0.0183575918	-0.1050132838	-0.0649297869	0.0105626125	-0.0309517802	-0.0141918705	-0.0477186602	-0.1349243155	-0.05342809	0.0218130989	0.1734233719	-0.0813021364	-0.1342046803	0.0647514897	-0.028832794	-0.1405351021	-0.0314374036	0.0176953612	-0.0287638276	-0.0470602242	0.0135514207	-0.1222944608	-0.0052457904	-0.0720892863	0.0566306193	-0.0556229863	-0.0109057495	-0.0696580773	0.0468015399	-0.1030118491	0.0103691492	-0.0083714336	0.0880747975	-0.0740668278	0.1287778149	0.0065185729	0.1511917083	0.0663254133	0.0498567823	-0.0219185262	-0.0876220281	-0.0085840108	-0.0169539149	0.0723436726	-0.0703722342	-0.0406398039	-0.0176683523	0.0950454308	-0.1094388693	0.0919753525	-0.0649037979	-0.0885177102275776	-0.0151904342096855	0.0002307492914787	0.0078353850239333	0.2552061031852446	0.0245153916081762	0.0006010044257022	0.0651301551029977	0.0575092331543132	0.0124448711227317	0.0001548748172614	0.0033073118979971	-1.933082096185288e-08	-0.0005220348222402	2.725203556314218e-07	3.736806390592107e-16	0.0013540003935288	1.9897249250002205e-07	3.959005277167133e-14	1.8333170656761447e-06	-0.0007099999789298	5.0853303003300086e-05	5.040999700803164e-07	2.586058426345449e-09
539.972940725882	-1.0057292322760532	1.0114912886545793	291570.7767161569	681.74144976551	-2.727453621270115	7.439003256179464	464771.4043283794	550.1750137100505	-0.6015282963099935	302692.5457108543	0.3618362912616033	566.9737046957016	436.1454942348173	1.090177	18.339119	0.0885364912714404	0.0453536935831439	0.0459284224	0.0702584134	-0.143142269	-0.0264534227	-0.0674037388	-0.1228759722	-0.0289998309	-0.0310960917	0.0968990871	-0.0594250133	0.046854281	0.0763306046	0.0824686155	-0.0479026249	-0.0663424811	0.1121258536	-0.1259674678	-0.0024940583	-0.0358527314	-0.0632165394	0.0042341034	-0.1471444476	-0.0678158045	0.0033283478	-0.0284728359	-0.0808004961	0.0343551716	-0.0305559388	-0.0870554419	0.0607741905	-0.0826449083	0.022650445	-0.1003745327	-0.1316176579	0.0864310414	-0.1196925414	-0.071829699	-0.1479088832	-0.0262075598	-0.0814341326	0.0753932203	0.0724674232	0.0481108928	-0.031785922	0.1978033679	-0.0306020723	0.0211841261	0.0680950907	-0.011816873	0.1220239103	0.05805702	0.0955520316	-0.1261423124	0.0177417924	0.0200868217	-0.0833419256	-0.0245829021	-0.0353619277	-0.028363809	-0.0515079374	0.1051992784	-0.0089580375	0.0374726443	-0.0363269998	-0.0117730169	0.0739569339	0.0316421847	-0.1445771746	0.016360051	-0.0226313761	0.0670419647	0.0773157824	0.0453905529	0.1355419542	-0.1733549626	-0.1557439068	-0.0210579882	-0.0716513098	0.1047391679	-0.1307179774	-0.0095661068	-0.1048526485	0.0134738541	-0.045819496	-0.0680095593	0.1085661024	0.0117387494	0.0550975232	-0.0413481583	-0.0239922101	-0.0744345483	-0.0377579155	-0.0874444472	-0.0306900991	0.0051740681	0.0245635462	-0.0679545725	-0.0053710515	-0.0455404366	0.0541173975	0.1654316955	-0.0871855839	-0.1180942435	0.0327420598	-0.1156834703	-0.1101861821	0.0948181434	-0.0707724105	-0.0808826917894691	0.0076350184381085	5.829350655025678e-05	0.0065420098311102	0.228227777700269	-0.0269783254849756	0.0007278300459732	0.0520879185140034	0.0805756961565364	0.0230664630022231	0.0005320617154329	0.0064924428111104	0.0005660155495636	0.0005660348803845	3.203954858119653e-07	3.2037360234778415e-07	0.0013537846787645	-2.157147643000717e-07	4.6532859537035484e-14	1.8327329564575e-06	-0.0007608830707036	-5.088309177380009e-05	5.789430472833397e-07	2.589089028460962e-09
540.3770236849242	0.4040829590421708	0.1632830377882767	292007.3277265771	679.7316330515278	-2.009816713982218	4.0393632238022805	462035.0929708968	550.8663624395592	0.691348729508718	303453.7492673918	0.4779630657933185	566.4616510990338	434.744077952729	1.121611	18.867918	0.0875519415199975	0.0417038165791381	-0.0039914195	0.0097597267	0.0118814329	-0.1952040673	-0.0685575714	0.0229180849	-0.0373433298	-0.0394390405	-0.0584001943	-0.0252297458	0.1183930476	0.0923607844	0.0198108595	0.0506131711	0.0309357446	-0.0720888713	-0.0391418673	0.0092542206	0.0571911668	-0.0797608062	0.0217852451	0.0202369995	0.0167738444	-0.0089697537	-0.1298671277	-0.0252463388	0.0963175469	-0.0769413423	0.0096814805	0.049607087	0.1484977667	-0.1181622317	0.0922587485	-0.0637934425	-0.0031369408	0.0942589799	0.0877817983	-0.1017004015	-0.1337092462	0.0147983318	-0.0702164656	0.010657118	-0.1297638439	0.0399345696	-0.0262285238	-0.0036268305	0.1269478922	0.0822820821	0.0051698302	-0.012599128	-0.0284197485	-0.0412051528	-0.0833292048	-0.0598264116	0.0987555478	0.0453381629	-0.0879349572	-0.0234561431	0.0426282106	0.0968533565	0.0474533075	0.0673451634	-0.0251509123	-0.0427250576	-0.0616467214	0.0273330672	-0.0669611164	-0.0013231616	0.107728845	-0.0611648825	0.0526243487	-0.0412347722	-0.2112212689	0.0298341581	-0.0016359218	0.0989697663	-0.0813600986	0.1178770517	0.0846597541	-0.1490388853	1.99548e-05	0.0210067805	0.0600639348	-0.1247709697	0.0369505612	0.0256563748	0.0494243794	0.0948242667	0.025868609	-0.096549015	-0.0442039414	0.025007472	0.0306700378	0.0280036179	0.0216431798	-0.0745361973	0.0986444408	-0.0706096722	0.0028755839	-0.1908275452	0.0122016308	-0.07944162	-0.0098097313	-0.0873665729	-0.0582563577	-0.1108851636	0.097494591	-0.0763617167	-0.0482918384252002	0.0325908533642688	0.0010621637230112	0.0023321016584856	0.2115788229642419	-0.016648954736027	0.0002771876938022	0.044765598326934	0.0618210203741398	-0.0187546757823965	0.0003517378637028	0.0038218385600998	0.0003239582787252	-0.0002420572708384	5.859172236573456e-08	1.0494896635459437e-07	0.0012048797348322	-0.0001489049439323	2.2172682327481404e-08	1.4517351754093124e-06	-0.0007606961327282	1.8693797540004275e-07	5.786586063476393e-07	3.494580664666697e-14
540.4226866243096	0.0456629393853518	0.0020851040333103	292056.6802182367	680.3757244329802	0.6440913814524265	0.4148537076612952	462911.12639770255	550.1253859273503	-0.7409765122089311	302637.9402417161	0.5490461916453122	565.976301813737	437.3776095860087	1.007739	16.952343	0.063053608528066	0.0320631759362972	-0.0450908804	-0.0331239102	0.0250162248	-0.08089981	-0.0270933809	0.108070717	-0.0685880831	-0.0225081634	-0.0131989298	-0.0373788326	0.0174635215	0.0151983232	0.05966363	-0.0872529592	0.0934224518	-0.0092699341	-0.0077905698	0.004498775	0.1200598067	0.0102865482	-0.1447320196	-0.0971586917	-0.0540113046	-0.0401061324	-0.0544186248	0.0801573339	0.0550851681	-0.0273794467	0.0966960222	-0.140439337	-0.0053663522	-0.0211271894	0.07622776	0.0568499549	0.1148778792	0.0209749993	-0.0173199776	0.1151883299	0.0927686298	0.0194452539	-0.0252547653	0.0453297746	0.0397394586	-0.1081540396	0.1379948343	0.1179152581	-0.1047631204	-0.047772495	-0.1145283122	-0.0341942668	-0.0787129476	-0.0056056368	-0.0100363758	0.041758722	0.0693387756	-0.0137214108	0.0293963466	-0.1137064116	0.0339871333	-0.09158899	0.0069896831	-0.0249447858	0.1029422171	-0.0667355578	0.0104471978	0.0153834577	0.1005304652	0.0084156959	0.1843176057	0.0552770216	-0.0226855725	-0.1483939377	-0.1239327647	0.0221923236	0.0846635546	-0.0100462199	0.123273614	0.0454918941	-0.0400220351	0.1451793745	0.0472289472	0.0959306427	0.0904649857	0.0181792785	0.0013097354	0.0350036318	0.0044864333	0.0468021316	0.0612175577	-0.0866329301	0.0286009827	0.0267572776	-0.0100554343	0.127503976	0.0223540332	0.1020074972	0.1066640634	0.0117299703	0.0278047259	0.1120210675	0.0891813872	-0.1029627007	-0.0397079607	-0.0280477943	-0.0644515866	-0.1115355072	0.1	-0.0816496581	-0.0480924461934506	0.0001993922317495	3.975726208208552e-08	0.0023128833808699	0.2282709197930899	0.0166920968288479	0.0002786260965436	0.0521076128231832	0.0572588185791147	-0.0045622017950251	2.0813685218530275e-05	0.0032785723050759	3.2749860577232733e-05	-0.0002912084181479	8.480234280024134e-08	1.0725533678281826e-09	0.0013539966060966	0.0001491168712644	2.223584129568369e-08	1.833306809321112e-06	-0.0003690230686917	0.0003916730640365	1.3617802522663918e-07	1.5340778909174025e-07
540.6781056071327	0.2554189828231301	0.0652388567864024	292332.81388291775	680.911911250409	0.5361868174288702	0.2874963031845006	463641.0308826849	550.8385658978523	0.713179970501983	303423.12568040256	0.5086256703252093	566.6109911142252	440.51055075505616	0.982368	16.525551	0.0664472681636534	0.0393642821809969	-0.0569341747	-0.0974541651	-0.0497574597	0.0294419461	-0.0242317197	0.0753167232	-0.018610128	-0.0169790009	0.1050018471	0.0355853254	-0.0327743498	-0.0498065032	0.0615652052	0.0983960277	-0.0442373537	0.0651856827	0.0512243942	0.1305307799	-0.0291593975	-0.0476317597	0.1444622117	0.0710898947	-0.1096329685	-0.0210440537	-0.0547247925	-0.1012089135	-0.1286873742	0.0774198765	-0.0301239989	-0.0367230315	-0.0462974668	-0.0181173523	0.1261396482	0.0679286993	0.056483515	0.0210218559	0.118884296	0.1364594601	0.0621331767	-0.1209709367	-0.0271098935	-0.0250914169	0.1030803026	0.0175209797	-0.0431335949	-0.0010875247	-0.1094037881	0.0799259826	0.0373120245	-0.079606609	-0.0172825241	0.0812389213	0.0941861506	0.0480242435	0.0232950082	-0.0091629553	-0.0449498716	-0.107155659	-0.1868226368	0.083369755	0.085020514	0.0965452688	0.0041329423	0.0688063515	-0.0135084403	-0.0374047872	-0.023374728	0.0609520172	-0.0253357188	0.0896554055	0.0188486204	-0.05186072	0.0632319614	0.0570935573	-0.0337011587	-0.0431178105	0.0085970449	0.023704767	0.0306960028	0.0844447737	0.1038156996	-0.009320321	0.0902228774	0.0917271175	0.0234988679	0.0264786875	-0.0277838519	-0.0619675362	0.0320188499	-0.020778835	0.0419273881	0.0125272317	0.0463374399	-0.0880110698	-0.0764101954	0.0708633685	-0.0875689333	-0.0088103726	0.0775915672	-0.0411762976	0.1132570074	-0.0700402237	-0.0788027843	-0.0449245422	-0.1266453414	-0.1121369276	0.102329975	-0.0866153656	-0.0479255935293139	0.0001668526641366	2.7839811529514103e-08	0.002296862515137	0.1941399696634818	-0.034130950129608	0.0011649217567497	0.0376903278209376	0.05937169786948	0.0021128792903653	4.4642588956546e-06	0.0035249985079048	0.000282606979834	0.0002498571192567	6.242858004329042e-08	7.986670505089487e-08	0.0011929758852919	-0.0001610207208047	2.5927672528465143e-08	1.4231914628879929e-06	-0.0001791691871623	0.0001898538815294	3.210159762839929e-08	3.6044496331779465e-08
540.849158995731	0.1710533885983522	0.0292592617509789	292517.81278638955	680.8576182020896	-0.0542930483194368	0.0029477350958167	463567.0962638224	550.6294150763237	-0.2091508215286239	303192.7527472943	0.0437440661460983	566.9286070267359	442.61748842116833	1.013652	17.051802	0.0418218416001292	0.0210970031186259	-0.0122828576	-0.0560568985	0.052897177	0.0720295297	0.0121934229	0.0245512726	0.1072356516	-0.0254166591	0.0756452725	0.1054026849	0.0352974962	-0.006726709	-0.0880566105	-0.1481672537	-0.0503884903	-0.0111092954	0.1118545126	-0.0320707251	0.0314405192	-0.0538056752	0.0759880973	-0.067740767	0.1181246555	0.0430911607	0.0723612663	-0.0188456291	-0.127590414	0.1354077039	0.0405491149	0.0778708843	-0.0908025299	0.0216343946	-0.0702806187	-0.048987798	-0.035228365	-0.1874553075	0.1396588874	-0.1092036524	0.0338063727	-0.0863174371	0.0336339882	-0.1190626813	-0.0583495182	0.0489023253	-0.0060656509	0.0650432286	-0.0086595903	0.0986566437	-0.0566001296	0.0105776157	0.0208088855	-0.0100029055	0.0792904424	-0.0844949941	-0.038644255	0.002470712	-0.0594105583	0.0602245105	0.0119687342	-0.0255194659	0.1872756487	0.0196322719	0.0140355516	-0.1448033485	-0.0329419898	0.0736200933	0.088439746	0.1157950442	-0.0456822	0.0737593162	0.0841355201	0.0305587156	0.1127404564	-0.0093149896	-0.0951628542	-0.0666834229	-0.059310515	-0.0738434082	0.0587889048	0.1192959304	-0.0133454654	-0.0508039589	0.0515233964	0.0062305119	0.0379386751	0.0043506938	-0.1002505248	-0.1048850528	0.0328117723	-0.0341323726	-0.046757166	-0.0568291681	-0.0916312928	0.0198657298	0.0054169555	-0.0618251057	0.070583489	-0.0408741953	0.0687451672	-0.0027602679	0.1218736015	-0.001769414	-0.0854137435	-0.072777433	-0.0816888801	-0.112689161	0.1044804285	-0.0912392418	-0.0547680756588988	-0.0068424821295849	4.681956169368874e-05	0.0029995421113788	0.2107338227354773	0.0165938530719955	0.0002753559597749	0.0444087440447075	0.0571563569835262	-0.0022153408859537	4.907735240978566e-06	0.0032668491436282	0.0001636510278852	-0.0001189559519488	1.4150518504045212e-08	2.6781658927882505e-08	0.0013539814242469	0.0001610055389549	2.5922783574189977e-08	1.833265697205664e-06	-0.0002226110065104	-4.34418193481e-05	4.9555660219573355e-08	1.887191668272955e-09
540.5340793292163	-0.3150796665147481	0.0992751962510449	292177.0909162835	683.1776592793889	2.320041077299265	5.382590600355936	466731.7141384648	551.4579178313637	0.8285027550400628	304105.8351389031	0.6864168151089742	567.5866326918969	439.8808601731327	1.111822	18.703241	0.0663608880996968	0.0306437489709665	0.0477876987	0.1100345278	0.0896634328	0.0286808118	0.0312577134	-0.0779896549	-0.0279082748	0.0577995862	-0.0509019273	-0.0368561117	0.0994241475	0.0040419272	-0.0961440174	-0.0307411178	-0.0417519015	-0.098446602	-0.0145205228	-0.1328702365	0.0104660709	-0.1199984616	-0.0483443598	-0.0131690961	-0.1326669045	-0.053190513	0.0737014749	0.007474054	0.0105146254	0.0214008028	0.0803059026	-0.007485838	0.0283569063	-0.0221272727	-0.0484834363	0.0851128202	0.0261765875	0.0005039923	0.1503992437	0.1394424712	-0.1066652728	0.1088415785	-0.0262644265	0.0478060593	0.0509483909	-0.0110204136	-0.0143969844	-0.0238976013	-0.0391771332	-0.0264221223	-0.0425583676	0.1323166056	0.0505828485	-0.0721510612	-0.0494352386	-0.0360421888	-0.0757498895	-0.0094208677	-0.0340159276	-0.1725349777	-0.0572260459	-0.0508386431	0.0159452947	0.0343002311	0.1172631505	-0.1051093298	0.0156325497	-0.0014155605	0.0399168275	0.0602464881	-0.061589318	-0.1153351017	-0.0422460364	-0.1113524525	-0.0448637934	-0.0347753864	-0.0868325743	0.0561230501	0.0363097759	0.0030075643	-0.0380074579	0.1036413219	-0.0079764554	-0.0139287201	0.0023278946	-0.1157127471	0.04303372	-0.0122081442	-0.0877681383	-0.0289069235	-0.0918330339	-0.0457324658	-0.0306576287	0.0091699604	0.0181452771	0.0417747514	0.0028031802	0.0623783289	0.0219279044	-0.0467391031	0.0948584205	0.0040439483	0.0072161574	0.043606742	0.0272113673	-0.0403902537	-0.0580403525	-0.1131919653	0.1064475877	-0.0955030384	-0.0635692317086125	-0.0088011560497137	7.746034781141211e-05	0.0040410472200232	0.2281682102731395	0.0174343875376621	0.0003039578688133	0.0520607321792476	0.0646538562594472	0.0074974992759209	5.62124953924358e-05	0.0041801211292172	0.0005438351645868	0.0003801841367016	1.445399777995409e-07	2.9575668624115186e-07	0.0013538662809642	-1.1514328269990846e-07	1.3257975550911041e-14	1.8329539067318345e-06	-0.0004948686312541	-0.0002722576247436	2.448949621993064e-07	7.412421423108135e-08
540.3678748730413	-0.1662044561750235	0.0276239212524353	291997.4401948068	683.0339211668644	-0.1437381125244883	0.0206606449921024	466535.3374645823	551.1846995264403	-0.2732183049233754	303804.5729920523	0.0746482421452025	568.0267943296677	432.0929099119083	0.961046	16.166861	0.037835038883007	0.0271062616078141	0.0024881845	0.126266427	0.0409081883	-0.1140678164	0.0221208342	-0.0274279271	-0.1459664197	0.0300680478	-0.0428747102	-0.005364774	0.0892226316	-0.0283963254	-0.0073460254	0.0718153811	0.0425480284	-0.1073221661	-0.1914445728	0.0585449704	-0.0028885995	-0.0400330004	0.0200115217	0.0295358361	-0.0025968326	-0.0135285615	0.0114482964	-0.1737832385	-0.0894880939	-0.0537912909	-0.1793387453	-0.1047613627	-0.0355546225	0.0443972838	0.066156549	-0.1200863216	-0.0068084419	0.0740270024	-0.0231687012	0.1266344493	0.0044388258	-0.0634676819	0.0880956756	0.1157425047	0.0491898213	-0.0067395788	-0.0257642209	0.0805704382	0.0536311449	0.2023523542	-0.1636405019	-0.1648128771	0.0252295744	-0.0953729576	-0.1414242382	0.053268777	0.0759974518	-0.0167026003	-0.0569254308	-0.0130334595	-0.0851771456	0.0384359886	0.0474680334	0.0340117571	0.0283998154	0.0898341985	0.1426803396	0.0684095077	-0.0956212409	-0.0655832348	0.0654394972	0.1174652841	0.0896438079	0.0862159526	0.0744952424	-0.0142738143	-0.0607023871	-0.0561402026	0.0475117111	0.0895843763	0.0137469829	0.0341974129	0.1232034425	0.0672278172	0.0233642735	-0.1110194068	-0.0282593087	0.0548562931	0.0057505834	0.0355195039	-0.1094466561	-0.0760196886	-0.0746858772	-0.0103484866	0.0076592494	-0.0576390544	0.0698118673	0.0315640332	-0.0542561864	0.0125745744	0.0832359886	-0.0138595575	-0.0244266749	0.066844925	0.0704412563	-0.1225540159	0.0082982997	-0.1136451198	0.1082280018	-0.0993899282	-0.0652205577513314	-0.0016513260427188	2.726877699361637e-06	0.0042537211533947	0.222030793428857	-0.0061374168442824	3.766788552048237e-05	0.0492976732306477	0.0647892593938976	0.0001354031344504	1.8334008818993483e-08	0.0041976481328097	3.289405997179478e-05	-0.000510941104615	2.6106081238520175e-07	1.0820191814280316e-09	0.0013539897895882	1.2350862399999885e-07	1.525438020237309e-14	1.8332883503090984e-06	-0.0005820218752462	-8.715324399210004e-05	3.387494632651032e-07	7.595687938346522e-09
540.2837393451089	-0.0841355279324034	0.0070787870604642	291906.5190007336	682.04132203906	-0.9925991278043966	0.985253028518049	465180.3649687888	550.8639312629842	-0.3207682634561024	303451.0707665098	0.1028922788406435	567.0741986922728	434.4084147527151	1.024685	17.237402	0.056016691988123	0.0308064135384451	-0.0251156344	0.0272140777	-0.063355301	-0.0876585449	0.0025104895	0.0656544332	-0.1522744762	0.0273401939	0.0680166073	0.0246331546	-0.0196989427	-0.0417332679	0.0014350885	0.0246321111	0.0062947551	-0.0010776363	-0.055293931	0.1647778146	-0.0301189804	-0.1273666761	-0.01691723	0.2029781874	0.0141290965	-0.0641407646	0.0943565414	0.080779366	-0.0719368613	-0.0119847383	0.0752845705	0.1275832175	-0.0058211421	-0.0405357544	-0.0221383472	0.1262360763	-0.0165635342	0.0940264409	-0.0180125702	0.0424074018	0.0176190292	0.1741720792	0.0766601474	-0.0122016233	-0.1320523171	-0.0849255192	-0.0448875456	-0.0159251678	0.1177948605	0.0536635576	-0.0648406405	-0.0919965451	-0.0174706227	0.0166753323	0.0021540358	0.138317433	0.062904913	-0.0697231186	-0.0493351882	-0.0075355123	0.092772153	0.0782959845	-0.0133293844	0.0921216656	-0.0106988736	0.0638959739	-0.0225479775	0.0347109791	-0.116139264	0.1082040475	-0.0537312367	-0.1255095524	0.1009994381	-0.0437738639	-0.0312229536	-0.0581186824	-0.0346138439	0.1700112633	-0.0173398616	0.0550049954	-0.1836093021	-0.0806085814	0.0061141679	0.0360733503	0.0708812721	0.048290306	-0.0384697569	0.0690377619	0.1105071157	0.0238036638	-0.0452853093	-0.0887866506	-0.0167573679	-0.0147029033	0.0385508957	0.1329702624	0.0899154191	-0.0651600364	-0.026257062	0.0148204525	0.0940237498	-0.093611462	0.011280277	0.1072537985	-0.0066440631	-0.069322135	-0.0712909208	-0.1140484259	0.1098185471	-0.1028845713	-0.0621426666341022	0.0030778911172291	9.4734137295184e-06	0.0038617110163971	0.1990104038062554	-0.0230203896226016	0.0005299383383763	0.0396051408231288	0.0562151261748056	-0.008574133219092	7.351576045873693e-05	0.0031601404108493	0.00028101492273	0.0002481208627582	6.156396253587611e-08	7.896938679694787e-08	0.0013538931680536	-9.662153460003944e-08	9.33572094846662e-15	1.8330267105022136e-06	-0.0007606899515374	-0.0001786680762912	5.786492023699721e-07	3.192228148559807e-08
539.1627006729123	-1.1210386721966188	1.2567277045603582	290696.41779690835	679.8742382189366	-2.1670838201233664	4.696252283440483	462228.9797937794	549.7340189187267	-1.129912344257491	302207.491556535	1.2767019057054587	565.7989739607542	432.33484861446175	1.028375	17.29948	0.0772002804399289	0.0385225821346213	-0.1013215622	0.0118770993	-0.1167170131	0.0615256755	-0.0368869876	0.0170715641	0.0325181759	-0.0188424855	0.1869666438	-0.0155826949	0.0464121462	-0.0951394917	-0.0074458409	-0.0572509753	0.0105713021	0.1185302296	-0.0387694507	0.0759587321	0.0946761249	0.0272824122	-0.1618400859	-0.0614940189	0.0133051395	0.0017319067	0.0398321259	0.0815373584	-0.0239808877	-0.0324982876	0.0635324556	-0.0441317731	0.0357073867	0.0039825029	0.0041905948	0.0490576776	-0.0143335484	0.0182679925	0.0909371147	0.1194948126	-0.1516775814	-0.0027460253	-0.1878617649	0.024355329	0.0099759291	-0.0338406374	-0.106844158	-0.1234514319	-0.0663227925	-0.0535211312	0.024598619	0.1123658256	-0.0297275004	0.1232747483	0.0040424535	0.0251551012	0.0373627223	-0.1163889501	-0.0325656755	-0.0154039215	0.1238588907	-0.0442037027	-0.0622682372	-0.0652687514	0.0715409921	-0.0915163927	0.1103695226	0.0199575128	0.0027044995	-0.0722511564	0.027292365	0.0093819884	-0.0318895646	-0.04909088	0.0149326176	0.0330072191	0.0378344802	0.1360549108	-0.1259589273	0.0085621059	-0.0421718356	0.1160296355	-0.0126643404	-0.0563671489	0.1413953686	0.0804380875	-0.0121515236	0.0141616846	0.0190896534	-0.02882334	-0.0681942433	-0.0981739394	0.1555337706	-0.0754003449	-0.0282800532	0.0854403252	0.1284161785	0.1015378408	0.1120351601	0.0151797029	0.0892638301	0.107862673	0.0018527407	0.0540742378	0.0817277856	0.0163847867	-0.154508762	-0.1144017065	0.1112164334	-0.105973176	-0.0481277414296812	0.0140149252044209	0.0001964181284855	0.0023162794951222	0.1880652098390527	-0.0109451939672026	0.0001197972709796	0.0353685231518069	0.0772741032936608	0.0210589771188552	0.0004434805172924	0.0059712870398393	0.0004316953788519	0.0001506804561219	2.2704599857103837e-08	1.863609001220855e-07	0.0013539392626162	4.609456260001171e-08	2.1247087012863986e-15	1.8331515268536995e-06	-0.0002877928192329	0.0004728971323045	8.282470680202064e-08	2.2363169774181985e-07
539.3215084009971	0.1588077280848665	0.0252198944994769	290867.6894239268	679.6386475887598	-0.23559063017683	0.0555029450271158	461908.6912962784	549.0822563600004	-0.6517625587263183	301491.32424938923	0.4247944329574775	565.1908564261901	428.2961188226791	0.980801	16.499191	0.0422382410177324	0.0245868286444842	-0.1440731786	-0.0074265429	-0.038749004	-0.0086615888	-0.0751439571	0.0003717108	0.0605807807	-0.1042198637	-0.0016625311	-0.0319458361	0.0884769619	0.0073504232	-0.0343451681	0.0274468614	0.0475146438	0.1231395096	0.0731331679	-0.0303129063	0.0159805758	-0.1413709038	-0.0593763755	0.0704739293	-0.021896305	-0.0728504464	0.0756864216	0.0171527512	-0.102619502	0.0016362997	-0.0037224569	0.0737072777	-0.0728279282	0.1395375195	0.1836503785	-0.1065761024	0.0438723002	0.0846229594	0.1164199516	-0.0105408265	0.0631419982	-0.1630119683	0.0507445113	0.0729565023	0.0195549942	0.0918378246	0.1482364445	0.0098201613	-0.0846450874	-0.0223387823	0.0644633333	0.0277353556	-0.0657149603	0.0946164306	-0.0103087777	-0.0865230244	0.0420218922	-0.0049771594	-0.0017871652	-0.1369891535	0.0224889615	-0.0348066255	-0.0938320247	0.0271139485	-0.07838068	0.0333647421	0.1559396995	0.0299251722	-0.0235868016	0.0772975986	-0.0490876911	0.0625995243	-0.0782419269	-0.0498277382	0.0687939931	-0.0735014715	-0.0686055943	-0.1021740375	0.0667190319	0.027688992	0.084906004	0.0561887391	0.0183702461	-0.0683971996	0.108253091	0.0081674549	0.0531017805	-0.0644369605	-0.0229735161	0.0372173703	-0.0345014171	-0.1129856885	0.0972533988	-0.0403367573	-0.0264678132	-0.0558672305	-0.0786408183	0.1033137933	-0.0233683174	-0.0750468344	-0.024523561	-0.0021184611	-0.0101817877	0.1683534169	0.0088390587	-0.0157319666	-0.0668528979	-0.1147048067	0.1124192083	-0.108643553	-0.0512668904754889	-0.0031391490458076	9.854256731795385e-06	0.0026282940590257	0.2065313209517256	0.0184661111126729	0.0003409972596255	0.0426551865340646	0.061463324724194	-0.0158107785694667	0.0002499807189727	0.0037777402861517	0.0003577098565434	-7.398552230849999e-05	5.473857511261549e-09	1.2795634146829982e-07	0.0013539474426262	8.180010000087556e-09	6.691256360153243e-17	1.8331736773940277e-06	-0.0003102431627101	-2.24503434772e-05	9.625082000836559e-08	5.040179222442565e-10
540.2349891505378	0.9134807495406676	0.8344470797813799	291853.8435024817	681.5692513351041	1.930603746344332	3.727230825398769	464536.6443654943	549.8042435663916	0.7219872063911907	302284.7062436121	0.5212655261925558	565.4835120088015	432.5803183566601	0.945502	15.905374	0.0435599138798643	0.0300027756196903	-0.1292602715	-0.062501368	0.0483531226	-0.030764534	-0.0202654075	0.06386486	0.0756243842	-0.0791048175	-0.0664924526	-0.0342651061	0.0210761635	-0.0571770798	-0.0656668105	0.1883335881	0.0731275047	0.0293263388	0.042096559	-0.0564574996	0.0252492436	0.0040974724	0.1459940411	0.0576854844	0.041008182	0.0055219266	-0.0109443002	-0.0941908219	0.0058386416	0.0961457295	-0.1001666255	-0.027283746	0.0640863164	0.0101036575	0.1420040973	0.0257493169	0.0647623441	-0.0741275998	0.0800198236	-0.0854751131	0.0293085468	0.0345154437	-0.0931853793	0.0441290986	0.1416573773	-0.0266583547	-0.0356305147	-0.0063740905	0.0403586302	-0.0032850815	0.0001083243	-0.05539186	-0.0864419751	0.0042439049	0.0347605616	-0.1164700642	0.045392648	0.1092785312	-0.0503804774	-0.0399474311	-0.1294395937	0.0767161759	0.0824301843	-0.0283447022	-0.070353367	0.1974406298	0.02991486	-0.0054973456	0.1066695631	0.0125445456	-0.0466491952	0.0591343088	-0.0163981556	-0.0250385466	-0.0587427721	-0.0234025443	0.0056396175	-0.0707320287	-0.0022219274	0.0108632645	0.0163522349	-0.0690885433	0.0646268711	0.0240181121	0.0767009576	-0.0426951893	0.0636371824	-0.0956754454	-0.0847005314	0.0337062993	0.0032530656	-0.0639701418	0.0159487264	0.0325681082	0.0009528467	-0.1807059707	-0.0135936133	0.0398477074	-0.0705246622	0.0097247088	0.0776853698	-0.048618775	-0.0378164418	0.0554182679	0.0333806876	-0.1090919	0.0259037757	-0.1149575937	0.1134247617	-0.1108851636	-0.0481212487550948	0.0031456417203941	9.895061833083973e-06	0.0023156545817497	0.2337773819163686	0.0272460609646429	0.000742347838089	0.0546518642956716	0.0675506443807663	0.0060873196565722	3.705546060129147e-05	0.0045630895562567	0.0002162101754155	-0.0001414996811279	2.0022159759297387e-08	4.674683995320128e-08	0.0013539694552673	2.2012641099885058e-08	4.845563681923489e-16	1.833233285796829e-06	-0.000310147025714	9.61369961000047e-08	9.619117755924057e-08	9.242322019132321e-15
541.268335341778	1.0333461912401845	1.067804350950596	292971.4108436594	682.6097152470294	1.040463911925258	1.0825651520188109	465956.0233496305	550.3661594462305	0.5619158798389208	302902.9094635937	0.3157494560151484	566.6214760817014	437.4126662532423	0.9253920000000002	15.567085	0.0340721356432934	0.0249575584143098	-0.079130491	-0.0748232115	0.1046201075	-0.0452820752	0.0621034846	0.1201268679	0.0232216242	-0.0525150258	-0.05162158	-0.0378255758	-0.0419701353	-0.1184710485	-0.0125888292	0.0669623451	0.1295858883	-0.0590601254	0.0071359145	0.0192511899	0.1000782545	0.037917037	0.0944339295	-0.0298028493	-0.0627437706	0.0334067665	0.0048417825	-0.0953339972	-0.0537441294	-0.0048722237	-0.0417078377	0.0705637479	0.0717414399	0.0825563653	0.0159964103	0.0553290579	0.0754972208	0.0951247587	-0.1250776584	0.0323932865	0.0140912452	0.0121109323	0.035020352	-0.0218704954	0.0343788669	0.0256369231	-0.206225253	-0.2386520173	-0.0285269052	-0.1106690155	-0.1731917542	-0.05945321	-0.0910181135	-0.0812567181	0.0705031523	-0.0078430576	0.0484226297	0.0555102655	0.01906266	-0.0097206826	-0.0959523127	0.0333150533	0.0355665663	-0.1901469679	0.0532003283	0.1512255774	0.0437184683	-0.0783153503	-0.0670713995	0.0298903733	0.0963482904	0.0693352082	0.0014365694	0.0034310605	0.0251857854	0.0560359406	-0.0176479278	0.1460943703	0.0438642947	-0.0740453067	-0.1095045875	-0.0454015678	-0.0474472576	0.1177581885	0.0604496146	-0.0148351567	-0.0035662457	-0.0693025716	-0.1056996291	-0.01204427	0.0368300356	-0.0879006737	-0.0431571553	0.011848784	0.004572197	-0.185685919	-0.0007642285	0.0063962135	-0.0915052974	0.1227423713	0.027073683	0.0222998241	-0.19418319	0.0368394431	0.0770946105	-0.0722630932	0.1129349389	-0.1151599564	0.1142313295	-0.112689161	-0.0481213178697714	-6.9114676599924e-08	4.776838521512081e-15	0.0023156612335235	0.2561414834355275	0.0223641015191589	0.0005001530367592	0.0656084595365526	0.0564932209282034	-0.0110574234525629	0.0001222666134092	0.0031914840108427	0.0002292101904197	1.3000015004200022e-05	1.690003901094257e-10	5.2537311392235136e-08	0.0013539674402451	-2.0150222000952364e-09	4.06031446687665e-18	1.833227829243868e-06	-0.0003101558268255	-8.801111500017241e-09	9.619663691380954e-08	7.74595636357357e-17
541.8356114521897	0.5672761104117399	0.3218021854438724	293585.8298377683	683.7872767024015	1.1775614553721423	1.3866509811781584	467565.0397800866	551.7825181653884	1.41635871915787	304463.9473529372	2.006072021334522	568.1527868998356	442.9004463057541	1.014005	17.057739	0.0575278070533463	0.0441313163380561	-0.0030741872	-0.0727487772	0.0513681489	0.0848033758	0.1137410515	0.0682080342	0.0240733807	0.0260358783	0.0542468655	0.0524196474	-0.1450447703	-0.0992014327	-0.1321180016	-0.0285324915	-0.0481150549	-0.087618648	0.1186195808	0.0897553864	-0.0180017377	0.0958059462	-0.0175573381	-0.0200896832	0.0354741039	-0.0423748116	-0.0901835302	-0.0291356414	-0.0472098198	0.1147845634	-0.016742322	0.0708100257	0.0595780633	-0.0732811441	0.0453137357	0.0834734544	-0.0168157291	0.0663873115	-0.1474132626	0.0390741386	0.1097546696	0.0962908681	-0.0732743327	-0.0066962298	-0.0850856535	0.0379441275	0.0958978404	0.1346894705	-0.0150116355	-0.1215668851	-0.0724057746	0.007496069	0.0339423443	-0.0460841534	0.1882565189	0.0514713326	-0.0236003852	-0.0377000248	0.0206880398	-0.031132305	0.054417833	0.0377193443	0.0133314139	-0.123305121	-0.0290604723	0.0168933602	0.1160454042	0.0187383418	0.1013685473	0.0526185029	0.1142261177	-0.0280695693	-0.0065123937	0.0234201428	-0.0529692084	-0.1253352277	0.0680138028	-0.0162424385	0.0235415677	0.0003485709	-0.0524203527	-0.0659440486	-0.0932414584	0.0398070674	0.0517975048	0.0883190307	-0.0483642119	0.0064110471	-0.0804964774	-0.1620187581	0.0060739853	-0.0969055197	-0.0244185109	-0.1119765019	-0.0385063523	-0.0087259226	0.0230680229	-0.0364376272	0.030656244	0.1324615393	0.0517196786	-0.0076660258	-0.1315510016	0.0302791827	0.0487488967	0.0240285442	0.1090665136	-0.1153118061	0.1148374968	-0.1140484259	-0.0481206519998238	6.658699475969865e-07	4.433827871128135e-13	0.0023155971488881	0.2193677876944235	-0.036773695741104	0.0013523046984592	0.0481222262779456	0.0563570678715237	-0.0001361530566797	1.85376548432263e-08	0.0031761190990755	0.0006412096959293	0.0004119995055095	1.6974359254015489e-07	4.111498741537453e-07	0.001353898788571	-6.865167409986912e-08	4.713052356714639e-15	1.8330419296940211e-06	-0.0003104335173541	-2.776905285999825e-07	9.636896869683829e-08	7.71120296741377e-14
542.0282031930932	0.1925917409034809	0.0370915786642335	293794.5730567331	686.7659989601655	2.978722257763934	8.872786288898268	471647.537327754	551.5541694583965	-0.2283487069919374	304212.00184694154	0.0521431319848896	568.9066756413533	447.2305877063381	1.117761	18.803143	0.0190985705653566	0.0096081808430074	0.1098696324	0.0500341532	0.0367774731	0.1093990868	0.0950454399	-0.1208361674	-0.0194643611	0.070896657	0.0319717793	0.047067197	-0.0372976764	-0.0458548394	-0.0443884562	0.0928713218	-0.1317793456	-0.0291025871	0.0254597244	-0.0290776371	-0.1013722346	-0.1291509233	-0.0467192881	-0.1242213189	-0.0870968586	-0.0494621926	-0.0359182138	-0.0809630822	0.0459769041	0.0729133874	0.000866516	-0.0271103699	-0.0237137481	-0.0158752709	0.0254274636	-0.0657978118	-0.013717522	-0.0873513835	-0.091461169	-0.0727913385	-0.0916865325	0.0037746924	0.0677727005	0.0117447871	0.0519742722	0.044104997	-0.077396043	0.0862518534	-0.0268344289	-0.0549013164	0.0872699244	0.1060844345	0.146456586	-0.0471874987	0.0508269597	-0.0153000239	-0.1048491452	-0.0554645493	-0.0406984921	-0.1576988746	0.0755767059	-0.0186091392	0.0114430513	-0.0839071477	0.0118442443	-0.0226395673	0.0464812609	-0.1862368004	0.052782894	0.0238923572	-0.1221306571	0.0716776125	0.119758688	-0.0429931931	0.0003507064	0.1138453172	0.0282445087	-0.0883090711	-0.1737232586	0.0175566352	0.1125533943	-0.0472843719	-0.0103051561	-0.0820679817	0.0292227739	-0.0017297465	-0.0193574133	-0.0089848237	-0.124736107	-0.125222127	-0.0866622546	-0.1718677795	-0.027250484	-0.102101902	0.1301559547	0.0661116899	0.0097217598	-0.0317612821	0.0067334967	-0.0590497486	0.0502819092	-0.0020443871	-0.1235903179	0.0515682096	-0.0370767972	0.1507444292	-0.0208897851	-0.1154130763	0.1152422001	-0.1149575937	-0.043520373984947	0.0046002780148768	2.1162557814158835e-05	0.0018940229517896	0.2126750876846586	-0.0066927000097649	4.479223342070719e-05	0.0452306929216772	0.0584823669190086	0.0021252990474849	4.516896041240232e-06	0.0034201872404495	0.0006026591850186	-3.8550510910699966e-05	1.486141891475997e-09	3.631980932872832e-07	0.0013539286646422	2.987607119987398e-08	8.925796303399396e-16	1.8331228289398109e-06	-0.0002354080344714	7.502548288269997e-05	5.5416942693687857e-08	5.628823081782306e-09
540.6963735505735	-1.331829642519665	1.7737701966940589	292352.5683707413	683.825293655795	-2.9407053043704536	8.647747687152522	467617.0322434343	551.1606364160888	-0.3935330423076948	303778.047134588	0.1548682553879499	568.1750264320618	440.0851899827332	0.964616	16.226913	0.0926517801851412	0.0535130242434465	0.0673573749	0.1040788528	0.0045373556	0.0381602049	0.0211661266	-0.124260827	-0.0239138458	0.0716336003	0.0144971154	-0.0074677593	0.0409020003	-0.0766290095	0.0131778701	0.1044610409	-0.0458190216	-0.0660459364	-0.0643564334	-0.0862659065	-0.0092418119	-0.060288759	0.0919241903	0.0306084302	0.0083191334	-0.000670438	0.0357858079	-0.0262981707	0.0068646258	-0.1297371971	0.036221799	0.0590336286	0.1273169792	-0.0428046911	-0.0418765195	0.0664041971	0.1671814077	-0.0309664096	-0.0737081171	0.0093606715	-0.0814131669	-0.1790806432	0.0549997209	0.029304659	0.0406161455	-0.0281946642	0.0675000261	-0.1000530473	-0.0181332368	-0.10043972	0.0458142389	0.0557032973	0.0985176777	-0.0533738335	-0.1155022262	-0.0483895096	-0.0523318951	-0.0504314527	-0.0865451875	0.0558077114	-0.0873527176	0.0234777542	-0.0456663087	-0.0587500162	0.0338867383	0.0332026054	0.1270662192	-0.0339533548	-0.1428512391	0.0623015071	-0.0118568665	-0.0786539061	0.0266260634	-0.0560537027	-0.0677789822	-0.0260144589	-0.1024753314	-0.0280588499	-0.0388581779	0.045846473	0.0467630188	-0.0020985082	-0.0422784846	-0.062403609	-0.0016466619	-0.1028856625	-0.0244816049	-0.0416635471	-0.1460980441	-0.0050381244	-0.087320294	-0.0634299585	-0.0699091339	0.0647610987	0.0989165009	-0.0926122572	0.1879185071	0.0314123359	0.0303203896	-0.0600411327	-0.0028455883	-0.0327797393	-0.1753039203	0.047389966	0.0685612587	0.0197501263	-0.0640037871	-0.1154637225	0.1154447293	-0.1154130763	-0.0584098909122587	-0.0148895169273116	0.0002216977143287	0.0034117153563819	0.2578039096954114	0.0451288220107528	0.0020366105760782	0.0664628558542398	0.0741512643846604	0.0156688974656517	0.0002455143477891	0.0054984100098438	0.000363167999759	-0.0002394911852596	5.7356027817048067e-08	1.31890996048953e-07	0.0012804537420492	-7.347492259299985e-05	5.398564250047321e-09	1.6395617855277993e-06	-0.0002617328022473	-2.6324767775899973e-05	6.850405977222426e-08	6.929933984550616e-10
