
Tue Mar 10 00:24:11 CET 2026
cd /out/sourcedata/freesurfer/sub-v1s2x0051478_ses-1
setenv SUBJECTS_DIR /out/sourcedata/freesurfer
/opt/freesurfer/bin/recon-all -autorecon-hemi rh -noparcstats -noparcstats2 -noparcstats3 -nohyporelabel -nobalabels -rh-only -openmp 16 -subjid sub-v1s2x0051478_ses-1 -sd /out/sourcedata/freesurfer

subjid sub-v1s2x0051478_ses-1
setenv SUBJECTS_DIR /out/sourcedata/freesurfer
FREESURFER_HOME /opt/freesurfer
Actual FREESURFER_HOME /opt/freesurfer
build-stamp.txt: freesurfer-linux-ubuntu22_x86_64-7.3.2-20220804-6354275
Linux dna029 5.14.0-427.37.1.el9_4.x86_64 #1 SMP PREEMPT_DYNAMIC Fri Sep 13 12:41:50 EDT 2024 x86_64 x86_64 x86_64 GNU/Linux
cputime      unlimited
filesize     unlimited
datasize     unlimited
stacksize    8192 kbytes
coredumpsize 0 kbytes
memoryuse    67108864 kbytes
vmemoryuse   unlimited
descriptors  1024 
memorylocked unlimited
maxproc      2061970 
maxlocks     unlimited
maxsignal    2061970 
maxmessage   819200 
maxnice      0 
maxrtprio    0 
maxrttime    unlimited

               total        used        free      shared  buff/cache   available
Mem:           503Gi        50Gi       416Gi       9.0Gi        37Gi       441Gi
Swap:             0B          0B          0B

########################################
program versions used
7.3.2 (freesurfer-linux-ubuntu22_x86_64-7.3.2-20220804-6354275)
7.3.2

ProgramName: lta_convert  ProgramArguments: lta_convert -all-info  ProgramVersion: 7.3.2  TimeStamp: 2026/03/09-23:24:11-GMT  BuildTime: Aug  4 2022 06:17:15  BuildStamp: freesurfer-linux-ubuntu22_x86_64-7.3.2-20220804-6354275  User: oesteban  Machine: dna029  Platform: Linux  PlatformVersion: 5.14.0-427.37.1.el9_4.x86_64  CompilerName: GCC  CompilerVersion: 8.4.0
ProgramName: mri_and  ProgramArguments: mri_and -all-info  ProgramVersion: 7.3.2  TimeStamp: 2026/03/09-23:24:11-GMT  BuildTime: Aug  4 2022 06:17:15  BuildStamp: freesurfer-linux-ubuntu22_x86_64-7.3.2-20220804-6354275  User: oesteban  Machine: dna029  Platform: Linux  PlatformVersion: 5.14.0-427.37.1.el9_4.x86_64  CompilerName: GCC  CompilerVersion: 8.4.0
ProgramName: mri_annotation2label  ProgramArguments: mri_annotation2label -all-info  ProgramVersion: 7.3.2  TimeStamp: 2026/03/09-23:24:11-GMT  BuildTime: Aug  4 2022 06:17:15  BuildStamp: freesurfer-linux-ubuntu22_x86_64-7.3.2-20220804-6354275  User: oesteban  Machine: dna029  Platform: Linux  PlatformVersion: 5.14.0-427.37.1.el9_4.x86_64  CompilerName: GCC  CompilerVersion: 8.4.0
ProgramName: mri_aparc2aseg  ProgramArguments: mri_aparc2aseg -all-info  ProgramVersion: 7.3.2  TimeStamp: 2026/03/09-23:24:11-GMT  BuildTime: Aug  4 2022 06:17:15  BuildStamp: freesurfer-linux-ubuntu22_x86_64-7.3.2-20220804-6354275  User: oesteban  Machine: dna029  Platform: Linux  PlatformVersion: 5.14.0-427.37.1.el9_4.x86_64  CompilerName: GCC  CompilerVersion: 8.4.0
ProgramName: mri_surf2volseg  ProgramArguments: mri_surf2volseg -all-info  ProgramVersion: 7.3.2  TimeStamp: 2026/03/09-23:24:11-GMT  BuildTime: Aug  4 2022 06:17:15  BuildStamp: freesurfer-linux-ubuntu22_x86_64-7.3.2-20220804-6354275  User: oesteban  Machine: dna029  Platform: Linux  PlatformVersion: 5.14.0-427.37.1.el9_4.x86_64  CompilerName: GCC  CompilerVersion: 8.4.0
ProgramName: mri_binarize  ProgramArguments: mri_binarize -all-info  ProgramVersion: 7.3.2  TimeStamp: 2026/03/09-23:24:11-GMT  BuildTime: Aug  4 2022 06:17:15  BuildStamp: freesurfer-linux-ubuntu22_x86_64-7.3.2-20220804-6354275  User: oesteban  Machine: dna029  Platform: Linux  PlatformVersion: 5.14.0-427.37.1.el9_4.x86_64  CompilerName: GCC  CompilerVersion: 8.4.0
ProgramName: mri_ca_label  ProgramArguments: mri_ca_label -all-info  ProgramVersion: 7.3.2  TimeStamp: 2026/03/09-23:24:11-GMT  BuildTime: Aug  4 2022 06:17:15  BuildStamp: freesurfer-linux-ubuntu22_x86_64-7.3.2-20220804-6354275  User: oesteban  Machine: dna029  Platform: Linux  PlatformVersion: 5.14.0-427.37.1.el9_4.x86_64  CompilerName: GCC  CompilerVersion: 8.4.0
ProgramName: mri_ca_normalize  ProgramArguments: mri_ca_normalize -all-info  ProgramVersion: 7.3.2  TimeStamp: 2026/03/09-23:24:11-GMT  BuildTime: Aug  4 2022 06:17:15  BuildStamp: freesurfer-linux-ubuntu22_x86_64-7.3.2-20220804-6354275  User: oesteban  Machine: dna029  Platform: Linux  PlatformVersion: 5.14.0-427.37.1.el9_4.x86_64  CompilerName: GCC  CompilerVersion: 8.4.0
ProgramName: mri_ca_register  ProgramArguments: mri_ca_register -all-info  ProgramVersion: 7.3.2  TimeStamp: 2026/03/09-23:24:11-GMT  BuildTime: Aug  4 2022 06:17:15  BuildStamp: freesurfer-linux-ubuntu22_x86_64-7.3.2-20220804-6354275  User: oesteban  Machine: dna029  Platform: Linux  PlatformVersion: 5.14.0-427.37.1.el9_4.x86_64  CompilerName: GCC  CompilerVersion: 8.4.0
ProgramName: mri_cc  ProgramArguments: mri_cc -all-info  ProgramVersion: 7.3.2  TimeStamp: 2026/03/09-23:24:11-GMT  BuildTime: Aug  4 2022 06:17:15  BuildStamp: freesurfer-linux-ubuntu22_x86_64-7.3.2-20220804-6354275  User: oesteban  Machine: dna029  Platform: Linux  PlatformVersion: 5.14.0-427.37.1.el9_4.x86_64  CompilerName: GCC  CompilerVersion: 8.4.0
ProgramName: mri_compute_overlap  ProgramArguments: mri_compute_overlap -all-info  ProgramVersion: 7.3.2  TimeStamp: 2026/03/09-23:24:11-GMT  BuildTime: Aug  4 2022 06:17:15  BuildStamp: freesurfer-linux-ubuntu22_x86_64-7.3.2-20220804-6354275  User: oesteban  Machine: dna029  Platform: Linux  PlatformVersion: 5.14.0-427.37.1.el9_4.x86_64  CompilerName: GCC  CompilerVersion: 8.4.0
ProgramName: mri_compute_seg_overlap  ProgramArguments: mri_compute_seg_overlap -all-info  ProgramVersion: 7.3.2  TimeStamp: 2026/03/09-23:24:11-GMT  BuildTime: Aug  4 2022 06:17:15  BuildStamp: freesurfer-linux-ubuntu22_x86_64-7.3.2-20220804-6354275  User: oesteban  Machine: dna029  Platform: Linux  PlatformVersion: 5.14.0-427.37.1.el9_4.x86_64  CompilerName: GCC  CompilerVersion: 8.4.0
ProgramName: mri_concat  ProgramArguments: mri_concat -all-info  ProgramVersion: 7.3.2  TimeStamp: 2026/03/09-23:24:11-GMT  BuildTime: Aug  4 2022 06:17:15  BuildStamp: freesurfer-linux-ubuntu22_x86_64-7.3.2-20220804-6354275  User: oesteban  Machine: dna029  Platform: Linux  PlatformVersion: 5.14.0-427.37.1.el9_4.x86_64  CompilerName: GCC  CompilerVersion: 8.4.0
ProgramName: mri_concatenate_lta  ProgramArguments: mri_concatenate_lta -all-info  ProgramVersion: 7.3.2  TimeStamp: 2026/03/09-23:24:11-GMT  BuildTime: Aug  4 2022 06:17:15  BuildStamp: freesurfer-linux-ubuntu22_x86_64-7.3.2-20220804-6354275  User: oesteban  Machine: dna029  Platform: Linux  PlatformVersion: 5.14.0-427.37.1.el9_4.x86_64  CompilerName: GCC  CompilerVersion: 8.4.0
mri_convert -all-info 
ProgramName: mri_convert  ProgramArguments: mri_convert -all-info  ProgramVersion: 7.3.2  TimeStamp: 2026/03/09-23:24:11-GMT  BuildTime: Aug  4 2022 06:17:15  BuildStamp: freesurfer-linux-ubuntu22_x86_64-7.3.2-20220804-6354275  User: oesteban  Machine: dna029  Platform: Linux  PlatformVersion: 5.14.0-427.37.1.el9_4.x86_64  CompilerName: GCC  CompilerVersion: 8.4.0
ProgramName: mri_diff  ProgramArguments: mri_diff -all-info  ProgramVersion: 7.3.2  TimeStamp: 2026/03/09-23:24:11-GMT  BuildTime: Aug  4 2022 06:17:15  BuildStamp: freesurfer-linux-ubuntu22_x86_64-7.3.2-20220804-6354275  User: oesteban  Machine: dna029  Platform: Linux  PlatformVersion: 5.14.0-427.37.1.el9_4.x86_64  CompilerName: GCC  CompilerVersion: 8.4.0
ProgramName: mri_edit_wm_with_aseg  ProgramArguments: mri_edit_wm_with_aseg -all-info  ProgramVersion: 7.3.2  TimeStamp: 2026/03/09-23:24:11-GMT  BuildTime: Aug  4 2022 06:17:15  BuildStamp: freesurfer-linux-ubuntu22_x86_64-7.3.2-20220804-6354275  User: oesteban  Machine: dna029  Platform: Linux  PlatformVersion: 5.14.0-427.37.1.el9_4.x86_64  CompilerName: GCC  CompilerVersion: 8.4.0
ProgramName: mri_em_register  ProgramArguments: mri_em_register -all-info  ProgramVersion: 7.3.2  TimeStamp: 2026/03/09-23:24:11-GMT  BuildTime: Aug  4 2022 06:17:15  BuildStamp: freesurfer-linux-ubuntu22_x86_64-7.3.2-20220804-6354275  User: oesteban  Machine: dna029  Platform: Linux  PlatformVersion: 5.14.0-427.37.1.el9_4.x86_64  CompilerName: GCC  CompilerVersion: 8.4.0
ProgramName: mri_fill  ProgramArguments: mri_fill -all-info  ProgramVersion: 7.3.2  TimeStamp: 2026/03/09-23:24:11-GMT  BuildTime: Aug  4 2022 06:17:15  BuildStamp: freesurfer-linux-ubuntu22_x86_64-7.3.2-20220804-6354275  User: oesteban  Machine: dna029  Platform: Linux  PlatformVersion: 5.14.0-427.37.1.el9_4.x86_64  CompilerName: GCC  CompilerVersion: 8.4.0
ProgramName: mri_fuse_segmentations  ProgramArguments: mri_fuse_segmentations -all-info  ProgramVersion: 7.3.2  TimeStamp: 2026/03/09-23:24:11-GMT  BuildTime: Aug  4 2022 06:17:15  BuildStamp: freesurfer-linux-ubuntu22_x86_64-7.3.2-20220804-6354275  User: oesteban  Machine: dna029  Platform: Linux  PlatformVersion: 5.14.0-427.37.1.el9_4.x86_64  CompilerName: GCC  CompilerVersion: 8.4.0
ProgramName: mri_fwhm  ProgramArguments: mri_fwhm -all-info  ProgramVersion: 7.3.2  TimeStamp: 2026/03/09-23:24:11-GMT  BuildTime: Aug  4 2022 06:17:15  BuildStamp: freesurfer-linux-ubuntu22_x86_64-7.3.2-20220804-6354275  User: oesteban  Machine: dna029  Platform: Linux  PlatformVersion: 5.14.0-427.37.1.el9_4.x86_64  CompilerName: GCC  CompilerVersion: 8.4.0
ProgramName: mri_gcut  ProgramArguments: mri_gcut -all-info  ProgramVersion: 7.3.2  TimeStamp: 2026/03/09-23:24:11-GMT  BuildTime: Aug  4 2022 06:17:15  BuildStamp: freesurfer-linux-ubuntu22_x86_64-7.3.2-20220804-6354275  User: oesteban  Machine: dna029  Platform: Linux  PlatformVersion: 5.14.0-427.37.1.el9_4.x86_64  CompilerName: GCC  CompilerVersion: 8.4.0
ProgramName: mri_info  ProgramArguments: mri_info -all-info  ProgramVersion: 7.3.2  TimeStamp: 2026/03/09-23:24:11-GMT  BuildTime: Aug  4 2022 06:17:15  BuildStamp: freesurfer-linux-ubuntu22_x86_64-7.3.2-20220804-6354275  User: oesteban  Machine: dna029  Platform: Linux  PlatformVersion: 5.14.0-427.37.1.el9_4.x86_64  CompilerName: GCC  CompilerVersion: 8.4.0
ProgramName: mri_label2label  ProgramArguments: mri_label2label -all-info  ProgramVersion: 7.3.2  TimeStamp: 2026/03/09-23:24:11-GMT  BuildTime: Aug  4 2022 06:17:15  BuildStamp: freesurfer-linux-ubuntu22_x86_64-7.3.2-20220804-6354275  User: oesteban  Machine: dna029  Platform: Linux  PlatformVersion: 5.14.0-427.37.1.el9_4.x86_64  CompilerName: GCC  CompilerVersion: 8.4.0
ProgramName: mri_label2vol  ProgramArguments: mri_label2vol -all-info  ProgramVersion: 7.3.2  TimeStamp: 2026/03/09-23:24:12-GMT  BuildTime: Aug  4 2022 06:17:15  BuildStamp: freesurfer-linux-ubuntu22_x86_64-7.3.2-20220804-6354275  User: oesteban  Machine: dna029  Platform: Linux  PlatformVersion: 5.14.0-427.37.1.el9_4.x86_64  CompilerName: GCC  CompilerVersion: 8.4.0
ProgramName: mri_log_likelihood  ProgramArguments: mri_log_likelihood -all-info  ProgramVersion: 7.3.2  TimeStamp: 2026/03/09-23:24:12-GMT  BuildTime: Aug  4 2022 06:17:15  BuildStamp: freesurfer-linux-ubuntu22_x86_64-7.3.2-20220804-6354275  User: oesteban  Machine: dna029  Platform: Linux  PlatformVersion: 5.14.0-427.37.1.el9_4.x86_64  CompilerName: GCC  CompilerVersion: 8.4.0
ProgramName: mri_mask  ProgramArguments: mri_mask -all-info  ProgramVersion: 7.3.2  TimeStamp: 2026/03/09-23:24:12-GMT  BuildTime: Aug  4 2022 06:17:15  BuildStamp: freesurfer-linux-ubuntu22_x86_64-7.3.2-20220804-6354275  User: oesteban  Machine: dna029  Platform: Linux  PlatformVersion: 5.14.0-427.37.1.el9_4.x86_64  CompilerName: GCC  CompilerVersion: 8.4.0
ProgramName: mri_matrix_multiply  ProgramArguments: mri_matrix_multiply -all-info  ProgramVersion: 7.3.2  TimeStamp: 2026/03/09-23:24:12-GMT  BuildTime: Aug  4 2022 06:17:15  BuildStamp: freesurfer-linux-ubuntu22_x86_64-7.3.2-20220804-6354275  User: oesteban  Machine: dna029  Platform: Linux  PlatformVersion: 5.14.0-427.37.1.el9_4.x86_64  CompilerName: GCC  CompilerVersion: 8.4.0
ProgramName: mri_normalize  ProgramArguments: mri_normalize -all-info  ProgramVersion: 7.3.2  TimeStamp: 2026/03/09-23:24:12-GMT  BuildTime: Aug  4 2022 06:17:15  BuildStamp: freesurfer-linux-ubuntu22_x86_64-7.3.2-20220804-6354275  User: oesteban  Machine: dna029  Platform: Linux  PlatformVersion: 5.14.0-427.37.1.el9_4.x86_64  CompilerName: GCC  CompilerVersion: 8.4.0
ProgramName: mri_normalize_tp2  ProgramArguments: mri_normalize_tp2 -all-info  ProgramVersion: 7.3.2  TimeStamp: 2026/03/09-23:24:12-GMT  BuildTime: Aug  4 2022 06:17:15  BuildStamp: freesurfer-linux-ubuntu22_x86_64-7.3.2-20220804-6354275  User: oesteban  Machine: dna029  Platform: Linux  PlatformVersion: 5.14.0-427.37.1.el9_4.x86_64  CompilerName: GCC  CompilerVersion: 8.4.0
ProgramName: mri_or  ProgramArguments: mri_or -all-info  ProgramVersion: 7.3.2  TimeStamp: 2026/03/09-23:24:12-GMT  BuildTime: Aug  4 2022 06:17:15  BuildStamp: freesurfer-linux-ubuntu22_x86_64-7.3.2-20220804-6354275  User: oesteban  Machine: dna029  Platform: Linux  PlatformVersion: 5.14.0-427.37.1.el9_4.x86_64  CompilerName: GCC  CompilerVersion: 8.4.0
ProgramName: mri_relabel_hypointensities  ProgramArguments: mri_relabel_hypointensities -all-info  ProgramVersion: 7.3.2  TimeStamp: 2026/03/09-23:24:12-GMT  BuildTime: Aug  4 2022 06:17:15  BuildStamp: freesurfer-linux-ubuntu22_x86_64-7.3.2-20220804-6354275  User: oesteban  Machine: dna029  Platform: Linux  PlatformVersion: 5.14.0-427.37.1.el9_4.x86_64  CompilerName: GCC  CompilerVersion: 8.4.0
ProgramName: mri_relabel_nonwm_hypos  ProgramArguments: mri_relabel_nonwm_hypos -all-info  ProgramVersion: 7.3.2  TimeStamp: 2026/03/09-23:24:12-GMT  BuildTime: Aug  4 2022 06:17:15  BuildStamp: freesurfer-linux-ubuntu22_x86_64-7.3.2-20220804-6354275  User: oesteban  Machine: dna029  Platform: Linux  PlatformVersion: 5.14.0-427.37.1.el9_4.x86_64  CompilerName: GCC  CompilerVersion: 8.4.0
ProgramName: mri_remove_neck  ProgramArguments: mri_remove_neck -all-info  ProgramVersion: 7.3.2  TimeStamp: 2026/03/09-23:24:12-GMT  BuildTime: Aug  4 2022 06:17:15  BuildStamp: freesurfer-linux-ubuntu22_x86_64-7.3.2-20220804-6354275  User: oesteban  Machine: dna029  Platform: Linux  PlatformVersion: 5.14.0-427.37.1.el9_4.x86_64  CompilerName: GCC  CompilerVersion: 8.4.0
7.3.2

ProgramName: mri_robust_register  ProgramArguments: mri_robust_register -all-info  ProgramVersion: 7.3.2  TimeStamp: 2026/03/09-23:24:12-GMT  BuildTime: Aug  4 2022 06:17:15  BuildStamp: freesurfer-linux-ubuntu22_x86_64-7.3.2-20220804-6354275  User: oesteban  Machine: dna029  Platform: Linux  PlatformVersion: 5.14.0-427.37.1.el9_4.x86_64  CompilerName: GCC  CompilerVersion: 8.4.0
7.3.2

ProgramName: mri_robust_template  ProgramArguments: mri_robust_template -all-info  ProgramVersion: 7.3.2  TimeStamp: 2026/03/09-23:24:12-GMT  BuildTime: Aug  4 2022 06:17:15  BuildStamp: freesurfer-linux-ubuntu22_x86_64-7.3.2-20220804-6354275  User: oesteban  Machine: dna029  Platform: Linux  PlatformVersion: 5.14.0-427.37.1.el9_4.x86_64  CompilerName: GCC  CompilerVersion: 8.4.0
ProgramName: mris_anatomical_stats  ProgramArguments: mris_anatomical_stats -all-info  ProgramVersion: 7.3.2  TimeStamp: 2026/03/09-23:24:12-GMT  BuildTime: Aug  4 2022 06:17:15  BuildStamp: freesurfer-linux-ubuntu22_x86_64-7.3.2-20220804-6354275  User: oesteban  Machine: dna029  Platform: Linux  PlatformVersion: 5.14.0-427.37.1.el9_4.x86_64  CompilerName: GCC  CompilerVersion: 8.4.0
ProgramName: mris_ca_label  ProgramArguments: mris_ca_label -all-info  ProgramVersion: 7.3.2  TimeStamp: 2026/03/09-23:24:12-GMT  BuildTime: Aug  4 2022 06:17:15  BuildStamp: freesurfer-linux-ubuntu22_x86_64-7.3.2-20220804-6354275  User: oesteban  Machine: dna029  Platform: Linux  PlatformVersion: 5.14.0-427.37.1.el9_4.x86_64  CompilerName: GCC  CompilerVersion: 8.4.0
ProgramName: mris_calc  ProgramArguments: mris_calc -all-info  ProgramVersion: 7.3.2  TimeStamp: 2026/03/09-23:24:12-GMT  BuildTime: Aug  4 2022 06:17:15  BuildStamp: freesurfer-linux-ubuntu22_x86_64-7.3.2-20220804-6354275  User: oesteban  Machine: dna029  Platform: Linux  PlatformVersion: 5.14.0-427.37.1.el9_4.x86_64  CompilerName: GCC  CompilerVersion: 8.4.0
ProgramName: mris_convert  ProgramArguments: mris_convert -all-info  ProgramVersion: 7.3.2  TimeStamp: 2026/03/09-23:24:12-GMT  BuildTime: Aug  4 2022 06:17:15  BuildStamp: freesurfer-linux-ubuntu22_x86_64-7.3.2-20220804-6354275  User: oesteban  Machine: dna029  Platform: Linux  PlatformVersion: 5.14.0-427.37.1.el9_4.x86_64  CompilerName: GCC  CompilerVersion: 8.4.0
ProgramName: mris_curvature  ProgramArguments: mris_curvature -all-info  ProgramVersion: 7.3.2  TimeStamp: 2026/03/09-23:24:12-GMT  BuildTime: Aug  4 2022 06:17:15  BuildStamp: freesurfer-linux-ubuntu22_x86_64-7.3.2-20220804-6354275  User: oesteban  Machine: dna029  Platform: Linux  PlatformVersion: 5.14.0-427.37.1.el9_4.x86_64  CompilerName: GCC  CompilerVersion: 8.4.0
ProgramName: mris_curvature_stats  ProgramArguments: mris_curvature_stats -all-info  ProgramVersion: 7.3.2  TimeStamp: 2026/03/09-23:24:12-GMT  BuildTime: Aug  4 2022 06:17:15  BuildStamp: freesurfer-linux-ubuntu22_x86_64-7.3.2-20220804-6354275  User: oesteban  Machine: dna029  Platform: Linux  PlatformVersion: 5.14.0-427.37.1.el9_4.x86_64  CompilerName: GCC  CompilerVersion: 8.4.0
ProgramName: mris_diff  ProgramArguments: mris_diff -all-info  ProgramVersion: 7.3.2  TimeStamp: 2026/03/09-23:24:12-GMT  BuildTime: Aug  4 2022 06:17:15  BuildStamp: freesurfer-linux-ubuntu22_x86_64-7.3.2-20220804-6354275  User: oesteban  Machine: dna029  Platform: Linux  PlatformVersion: 5.14.0-427.37.1.el9_4.x86_64  CompilerName: GCC  CompilerVersion: 8.4.0
ProgramName: mris_divide_parcellation  ProgramArguments: mris_divide_parcellation -all-info  ProgramVersion: 7.3.2  TimeStamp: 2026/03/09-23:24:12-GMT  BuildTime: Aug  4 2022 06:17:15  BuildStamp: freesurfer-linux-ubuntu22_x86_64-7.3.2-20220804-6354275  User: oesteban  Machine: dna029  Platform: Linux  PlatformVersion: 5.14.0-427.37.1.el9_4.x86_64  CompilerName: GCC  CompilerVersion: 8.4.0
ProgramName: mri_segment  ProgramArguments: mri_segment -all-info  ProgramVersion: 7.3.2  TimeStamp: 2026/03/09-23:24:12-GMT  BuildTime: Aug  4 2022 06:17:15  BuildStamp: freesurfer-linux-ubuntu22_x86_64-7.3.2-20220804-6354275  User: oesteban  Machine: dna029  Platform: Linux  PlatformVersion: 5.14.0-427.37.1.el9_4.x86_64  CompilerName: GCC  CompilerVersion: 8.4.0
ProgramName: mri_segstats  ProgramArguments: mri_segstats -all-info  ProgramVersion: 7.3.2  TimeStamp: 2026/03/09-23:24:12-GMT  BuildTime: Aug  4 2022 06:17:15  BuildStamp: freesurfer-linux-ubuntu22_x86_64-7.3.2-20220804-6354275  User: oesteban  Machine: dna029  Platform: Linux  PlatformVersion: 5.14.0-427.37.1.el9_4.x86_64  CompilerName: GCC  CompilerVersion: 8.4.0
ProgramName: mris_euler_number  ProgramArguments: mris_euler_number -all-info  ProgramVersion: 7.3.2  TimeStamp: 2026/03/09-23:24:12-GMT  BuildTime: Aug  4 2022 06:17:15  BuildStamp: freesurfer-linux-ubuntu22_x86_64-7.3.2-20220804-6354275  User: oesteban  Machine: dna029  Platform: Linux  PlatformVersion: 5.14.0-427.37.1.el9_4.x86_64  CompilerName: GCC  CompilerVersion: 8.4.0
ProgramName: mris_fix_topology  ProgramArguments: mris_fix_topology -all-info  ProgramVersion: 7.3.2  TimeStamp: 2026/03/09-23:24:12-GMT  BuildTime: Aug  4 2022 06:17:15  BuildStamp: freesurfer-linux-ubuntu22_x86_64-7.3.2-20220804-6354275  User: oesteban  Machine: dna029  Platform: Linux  PlatformVersion: 5.14.0-427.37.1.el9_4.x86_64  CompilerName: GCC  CompilerVersion: 8.4.0
ProgramName: mris_topo_fixer  ProgramArguments: mris_topo_fixer -all-info  ProgramVersion: 7.3.2  TimeStamp: 2026/03/09-23:24:12-GMT  BuildTime: Aug  4 2022 06:17:15  BuildStamp: freesurfer-linux-ubuntu22_x86_64-7.3.2-20220804-6354275  User: oesteban  Machine: dna029  Platform: Linux  PlatformVersion: 5.14.0-427.37.1.el9_4.x86_64  CompilerName: GCC  CompilerVersion: 8.4.0
ProgramName: mris_jacobian  ProgramArguments: mris_jacobian -all-info  ProgramVersion: 7.3.2  TimeStamp: 2026/03/09-23:24:12-GMT  BuildTime: Aug  4 2022 06:17:15  BuildStamp: freesurfer-linux-ubuntu22_x86_64-7.3.2-20220804-6354275  User: oesteban  Machine: dna029  Platform: Linux  PlatformVersion: 5.14.0-427.37.1.el9_4.x86_64  CompilerName: GCC  CompilerVersion: 8.4.0
ProgramName: mris_label2annot  ProgramArguments: mris_label2annot -all-info  ProgramVersion: 7.3.2  TimeStamp: 2026/03/09-23:24:12-GMT  BuildTime: Aug  4 2022 06:17:15  BuildStamp: freesurfer-linux-ubuntu22_x86_64-7.3.2-20220804-6354275  User: oesteban  Machine: dna029  Platform: Linux  PlatformVersion: 5.14.0-427.37.1.el9_4.x86_64  CompilerName: GCC  CompilerVersion: 8.4.0
ProgramName: mris_left_right_register  ProgramArguments: mris_left_right_register -all-info  ProgramVersion: 7.3.2  TimeStamp: 2026/03/09-23:24:12-GMT  BuildTime: Aug  4 2022 06:17:15  BuildStamp: freesurfer-linux-ubuntu22_x86_64-7.3.2-20220804-6354275  User: oesteban  Machine: dna029  Platform: Linux  PlatformVersion: 5.14.0-427.37.1.el9_4.x86_64  CompilerName: GCC  CompilerVersion: 8.4.0
ProgramName: mris_place_surface  ProgramArguments: mris_place_surface -all-info  ProgramVersion: 7.3.2  TimeStamp: 2026/03/09-23:24:12-GMT  BuildTime: Aug  4 2022 06:17:15  BuildStamp: freesurfer-linux-ubuntu22_x86_64-7.3.2-20220804-6354275  User: oesteban  Machine: dna029  Platform: Linux  PlatformVersion: 5.14.0-427.37.1.el9_4.x86_64  CompilerName: GCC  CompilerVersion: 8.4.0
ProgramName: mrisp_paint  ProgramArguments: mrisp_paint -all-info  ProgramVersion: 7.3.2  TimeStamp: 2026/03/09-23:24:12-GMT  BuildTime: Aug  4 2022 06:17:15  BuildStamp: freesurfer-linux-ubuntu22_x86_64-7.3.2-20220804-6354275  User: oesteban  Machine: dna029  Platform: Linux  PlatformVersion: 5.14.0-427.37.1.el9_4.x86_64  CompilerName: GCC  CompilerVersion: 8.4.0
ProgramName: mris_register  ProgramArguments: mris_register -all-info  ProgramVersion: 7.3.2  TimeStamp: 2026/03/09-23:24:12-GMT  BuildTime: Aug  4 2022 06:17:15  BuildStamp: freesurfer-linux-ubuntu22_x86_64-7.3.2-20220804-6354275  User: oesteban  Machine: dna029  Platform: Linux  PlatformVersion: 5.14.0-427.37.1.el9_4.x86_64  CompilerName: GCC  CompilerVersion: 8.4.0
ProgramName: mris_smooth  ProgramArguments: mris_smooth -all-info  ProgramVersion: 7.3.2  TimeStamp: 2026/03/09-23:24:12-GMT  BuildTime: Aug  4 2022 06:17:15  BuildStamp: freesurfer-linux-ubuntu22_x86_64-7.3.2-20220804-6354275  User: oesteban  Machine: dna029  Platform: Linux  PlatformVersion: 5.14.0-427.37.1.el9_4.x86_64  CompilerName: GCC  CompilerVersion: 8.4.0
ProgramName: mris_sphere  ProgramArguments: mris_sphere -all-info  ProgramVersion: 7.3.2  TimeStamp: 2026/03/09-23:24:12-GMT  BuildTime: Aug  4 2022 06:17:15  BuildStamp: freesurfer-linux-ubuntu22_x86_64-7.3.2-20220804-6354275  User: oesteban  Machine: dna029  Platform: Linux  PlatformVersion: 5.14.0-427.37.1.el9_4.x86_64  CompilerName: GCC  CompilerVersion: 8.4.0
ProgramName: mris_surface_stats  ProgramArguments: mris_surface_stats -all-info  ProgramVersion: 7.3.2  TimeStamp: 2026/03/09-23:24:12-GMT  BuildTime: Aug  4 2022 06:17:15  BuildStamp: freesurfer-linux-ubuntu22_x86_64-7.3.2-20220804-6354275  User: oesteban  Machine: dna029  Platform: Linux  PlatformVersion: 5.14.0-427.37.1.el9_4.x86_64  CompilerName: GCC  CompilerVersion: 8.4.0
ProgramName: mri_stats2seg  ProgramArguments: mri_stats2seg -all-info  ProgramVersion: 7.3.2  TimeStamp: 2026/03/09-23:24:12-GMT  BuildTime: Aug  4 2022 06:17:15  BuildStamp: freesurfer-linux-ubuntu22_x86_64-7.3.2-20220804-6354275  User: oesteban  Machine: dna029  Platform: Linux  PlatformVersion: 5.14.0-427.37.1.el9_4.x86_64  CompilerName: GCC  CompilerVersion: 8.4.0
ProgramName: mris_thickness  ProgramArguments: mris_thickness -all-info  ProgramVersion: 7.3.2  TimeStamp: 2026/03/09-23:24:12-GMT  BuildTime: Aug  4 2022 06:17:15  BuildStamp: freesurfer-linux-ubuntu22_x86_64-7.3.2-20220804-6354275  User: oesteban  Machine: dna029  Platform: Linux  PlatformVersion: 5.14.0-427.37.1.el9_4.x86_64  CompilerName: GCC  CompilerVersion: 8.4.0
ProgramName: mris_thickness_diff  ProgramArguments: mris_thickness_diff -all-info  ProgramVersion: 7.3.2  TimeStamp: 2026/03/09-23:24:12-GMT  BuildTime: Aug  4 2022 06:17:15  BuildStamp: freesurfer-linux-ubuntu22_x86_64-7.3.2-20220804-6354275  User: oesteban  Machine: dna029  Platform: Linux  PlatformVersion: 5.14.0-427.37.1.el9_4.x86_64  CompilerName: GCC  CompilerVersion: 8.4.0
ProgramName: mris_topo_fixer  ProgramArguments: mris_topo_fixer -all-info  ProgramVersion: 7.3.2  TimeStamp: 2026/03/09-23:24:12-GMT  BuildTime: Aug  4 2022 06:17:15  BuildStamp: freesurfer-linux-ubuntu22_x86_64-7.3.2-20220804-6354275  User: oesteban  Machine: dna029  Platform: Linux  PlatformVersion: 5.14.0-427.37.1.el9_4.x86_64  CompilerName: GCC  CompilerVersion: 8.4.0
ProgramName: mri_surf2surf  ProgramArguments: mri_surf2surf -all-info  ProgramVersion: 7.3.2  TimeStamp: 2026/03/09-23:24:12-GMT  BuildTime: Aug  4 2022 06:17:15  BuildStamp: freesurfer-linux-ubuntu22_x86_64-7.3.2-20220804-6354275  User: oesteban  Machine: dna029  Platform: Linux  PlatformVersion: 5.14.0-427.37.1.el9_4.x86_64  CompilerName: GCC  CompilerVersion: 8.4.0
ProgramName: mri_surf2vol  ProgramArguments: mri_surf2vol -all-info  ProgramVersion: 7.3.2  TimeStamp: 2026/03/09-23:24:12-GMT  BuildTime: Aug  4 2022 06:17:15  BuildStamp: freesurfer-linux-ubuntu22_x86_64-7.3.2-20220804-6354275  User: oesteban  Machine: dna029  Platform: Linux  PlatformVersion: 5.14.0-427.37.1.el9_4.x86_64  CompilerName: GCC  CompilerVersion: 8.4.0
ProgramName: mri_surfcluster  ProgramArguments: mri_surfcluster -all-info  ProgramVersion: 7.3.2  TimeStamp: 2026/03/09-23:24:12-GMT  BuildTime: Aug  4 2022 06:17:15  BuildStamp: freesurfer-linux-ubuntu22_x86_64-7.3.2-20220804-6354275  User: oesteban  Machine: dna029  Platform: Linux  PlatformVersion: 5.14.0-427.37.1.el9_4.x86_64  CompilerName: GCC  CompilerVersion: 8.4.0
ProgramName: mris_volmask  ProgramArguments: mris_volmask -all-info  ProgramVersion: 7.3.2  TimeStamp: 2026/03/09-23:24:12-GMT  BuildTime: Aug  4 2022 06:17:15  BuildStamp: freesurfer-linux-ubuntu22_x86_64-7.3.2-20220804-6354275  User: oesteban  Machine: dna029  Platform: Linux  PlatformVersion: 5.14.0-427.37.1.el9_4.x86_64  CompilerName: GCC  CompilerVersion: 8.4.0
ProgramName: mri_tessellate  ProgramArguments: mri_tessellate -all-info  ProgramVersion: 7.3.2  TimeStamp: 2026/03/09-23:24:12-GMT  BuildTime: Aug  4 2022 06:17:15  BuildStamp: freesurfer-linux-ubuntu22_x86_64-7.3.2-20220804-6354275  User: oesteban  Machine: dna029  Platform: Linux  PlatformVersion: 5.14.0-427.37.1.el9_4.x86_64  CompilerName: GCC  CompilerVersion: 8.4.0
ProgramName: mri_vol2surf  ProgramArguments: mri_vol2surf -all-info  ProgramVersion: 7.3.2  TimeStamp: 2026/03/09-23:24:12-GMT  BuildTime: Aug  4 2022 06:17:15  BuildStamp: freesurfer-linux-ubuntu22_x86_64-7.3.2-20220804-6354275  User: oesteban  Machine: dna029  Platform: Linux  PlatformVersion: 5.14.0-427.37.1.el9_4.x86_64  CompilerName: GCC  CompilerVersion: 8.4.0
ProgramName: mri_vol2vol  ProgramArguments: mri_vol2vol -all-info  ProgramVersion: 7.3.2  TimeStamp: 2026/03/09-23:24:12-GMT  BuildTime: Aug  4 2022 06:17:15  BuildStamp: freesurfer-linux-ubuntu22_x86_64-7.3.2-20220804-6354275  User: oesteban  Machine: dna029  Platform: Linux  PlatformVersion: 5.14.0-427.37.1.el9_4.x86_64  CompilerName: GCC  CompilerVersion: 8.4.0
ProgramName: mri_voldiff  ProgramArguments: mri_voldiff -all-info  ProgramVersion: 7.3.2  TimeStamp: 2026/03/09-23:24:12-GMT  BuildTime: Aug  4 2022 06:17:15  BuildStamp: freesurfer-linux-ubuntu22_x86_64-7.3.2-20220804-6354275  User: oesteban  Machine: dna029  Platform: Linux  PlatformVersion: 5.14.0-427.37.1.el9_4.x86_64  CompilerName: GCC  CompilerVersion: 8.4.0
ProgramName: mri_watershed  ProgramArguments: mri_watershed -all-info  ProgramVersion: 7.3.2  TimeStamp: 2026/03/09-23:24:12-GMT  BuildTime: Aug  4 2022 06:17:15  BuildStamp: freesurfer-linux-ubuntu22_x86_64-7.3.2-20220804-6354275  User: oesteban  Machine: dna029  Platform: Linux  PlatformVersion: 5.14.0-427.37.1.el9_4.x86_64  CompilerName: GCC  CompilerVersion: 8.4.0
ProgramName: tkregister2  ProgramArguments: tkregister2_cmdl -all-info  ProgramVersion: 7.3.2  TimeStamp: 2026/03/09-23:24:12-GMT  BuildTime: Aug  4 2022 06:17:15  BuildStamp: freesurfer-linux-ubuntu22_x86_64-7.3.2-20220804-6354275  User: oesteban  Machine: dna029  Platform: Linux  PlatformVersion: 5.14.0-427.37.1.el9_4.x86_64  CompilerName: GCC  CompilerVersion: 8.4.0
mri_motion_correct.fsl 7.3.2
mri_convert -all-info 
ProgramName: mri_convert  ProgramArguments: mri_convert -all-info  ProgramVersion: 7.3.2  TimeStamp: 2026/03/09-23:24:12-GMT  BuildTime: Aug  4 2022 06:17:15  BuildStamp: freesurfer-linux-ubuntu22_x86_64-7.3.2-20220804-6354275  User: oesteban  Machine: dna029  Platform: Linux  PlatformVersion: 5.14.0-427.37.1.el9_4.x86_64  CompilerName: GCC  CompilerVersion: 8.4.0
Program nu_correct, built from:
Package MNI N3, version 1.12.0, compiled by nicks@terrier (x86_64-unknown-linux-gnu) on 2015-06-19 at 01:25:34
#######################################
GCADIR /opt/freesurfer/average
GCA RB_all_2020-01-02.gca
GCASkull RB_all_withskull_2020_01_02.gca
AvgCurvTif folding.atlas.acfb40.noaparc.i12.2016-08-02.tif
GCSDIR /opt/freesurfer/average
GCS DKaparc.atlas.acfb40.noaparc.i12.2016-08-02.gcs
#######################################
#--------------------------------------------
#@# Tessellate rh Tue Mar 10 00:24:12 CET 2026
/out/sourcedata/freesurfer/sub-v1s2x0051478_ses-1/scripts

 mri_pretess ../mri/filled.mgz 127 ../mri/norm.mgz ../mri/filled-pretess127.mgz 


Iteration Number : 1
pass   1 (xy+):   0 found -   0 modified     |    TOTAL:   0
pass   1 (xy-):   0 found -   0 modified     |    TOTAL:   0
pass   1 (yz+):   4 found -   4 modified     |    TOTAL:   4
pass   2 (yz+):   0 found -   4 modified     |    TOTAL:   4
pass   1 (yz-):   7 found -   7 modified     |    TOTAL:  11
pass   2 (yz-):   0 found -   7 modified     |    TOTAL:  11
pass   1 (xz+):   3 found -   3 modified     |    TOTAL:  14
pass   2 (xz+):   0 found -   3 modified     |    TOTAL:  14
pass   1 (xz-):   0 found -   0 modified     |    TOTAL:  14
Iteration Number : 1
pass   1 (+++):   0 found -   0 modified     |    TOTAL:   0
pass   1 (+++):   0 found -   0 modified     |    TOTAL:   0
pass   1 (+++):   0 found -   0 modified     |    TOTAL:   0
pass   1 (+++):   0 found -   0 modified     |    TOTAL:   0
Iteration Number : 1
pass   1 (++):   0 found -   0 modified     |    TOTAL:   0
pass   1 (+-):   0 found -   0 modified     |    TOTAL:   0
pass   1 (--):   0 found -   0 modified     |    TOTAL:   0
pass   1 (-+):   0 found -   0 modified     |    TOTAL:   0
Iteration Number : 2
pass   1 (xy+):   0 found -   0 modified     |    TOTAL:   0
pass   1 (xy-):   0 found -   0 modified     |    TOTAL:   0
pass   1 (yz+):   1 found -   1 modified     |    TOTAL:   1
pass   2 (yz+):   0 found -   1 modified     |    TOTAL:   1
pass   1 (yz-):   0 found -   0 modified     |    TOTAL:   1
pass   1 (xz+):   0 found -   0 modified     |    TOTAL:   1
pass   1 (xz-):   0 found -   0 modified     |    TOTAL:   1
Iteration Number : 2
pass   1 (+++):   0 found -   0 modified     |    TOTAL:   0
pass   1 (+++):   0 found -   0 modified     |    TOTAL:   0
pass   1 (+++):   0 found -   0 modified     |    TOTAL:   0
pass   1 (+++):   0 found -   0 modified     |    TOTAL:   0
Iteration Number : 2
pass   1 (++):   0 found -   0 modified     |    TOTAL:   0
pass   1 (+-):   0 found -   0 modified     |    TOTAL:   0
pass   1 (--):   0 found -   0 modified     |    TOTAL:   0
pass   1 (-+):   0 found -   0 modified     |    TOTAL:   0
Iteration Number : 3
pass   1 (xy+):   0 found -   0 modified     |    TOTAL:   0
pass   1 (xy-):   0 found -   0 modified     |    TOTAL:   0
pass   1 (yz+):   0 found -   0 modified     |    TOTAL:   0
pass   1 (yz-):   0 found -   0 modified     |    TOTAL:   0
pass   1 (xz+):   0 found -   0 modified     |    TOTAL:   0
pass   1 (xz-):   0 found -   0 modified     |    TOTAL:   0
Iteration Number : 3
pass   1 (+++):   0 found -   0 modified     |    TOTAL:   0
pass   1 (+++):   0 found -   0 modified     |    TOTAL:   0
pass   1 (+++):   0 found -   0 modified     |    TOTAL:   0
pass   1 (+++):   0 found -   0 modified     |    TOTAL:   0
Iteration Number : 3
pass   1 (++):   0 found -   0 modified     |    TOTAL:   0
pass   1 (+-):   0 found -   0 modified     |    TOTAL:   0
pass   1 (--):   0 found -   0 modified     |    TOTAL:   0
pass   1 (-+):   0 found -   0 modified     |    TOTAL:   0

Total Number of Modified Voxels = 15 (out of 306119: 0.004900)
Ambiguous edge configurations... 

mri_pretess done


 mri_tessellate ../mri/filled-pretess127.mgz 127 ../surf/rh.orig.nofix 

7.3.2
  7.3.2
slice 20: 989 vertices, 1067 faces
slice 30: 6834 vertices, 7079 faces
slice 40: 15004 vertices, 15316 faces
slice 50: 24912 vertices, 25304 faces
slice 60: 36305 vertices, 36691 faces
slice 70: 48289 vertices, 48662 faces
slice 80: 61013 vertices, 61441 faces
slice 90: 74436 vertices, 74911 faces
slice 100: 87485 vertices, 87962 faces
slice 110: 100571 vertices, 101021 faces
slice 120: 113309 vertices, 113706 faces
slice 130: 124012 vertices, 124423 faces
slice 140: 132300 vertices, 132583 faces
slice 150: 139896 vertices, 140178 faces
slice 160: 146998 vertices, 147251 faces
slice 170: 153421 vertices, 153654 faces
slice 180: 158983 vertices, 159208 faces
slice 190: 162051 vertices, 162121 faces
slice 200: 162198 vertices, 162238 faces
slice 210: 162198 vertices, 162238 faces
slice 220: 162198 vertices, 162238 faces
slice 230: 162198 vertices, 162238 faces
slice 240: 162198 vertices, 162238 faces
slice 250: 162198 vertices, 162238 faces
using the conformed surface RAS to save vertex points...
writing ../surf/rh.orig.nofix
using vox2ras matrix:
-1.00000   0.00000   0.00000   128.00000;
 0.00000   0.00000   1.00000  -128.00000;
 0.00000  -1.00000   0.00000   128.00000;
 0.00000   0.00000   0.00000   1.00000;

 rm -f ../mri/filled-pretess127.mgz 


 mris_extract_main_component ../surf/rh.orig.nofix ../surf/rh.orig.nofix 


counting number of connected components...
   162198 voxel in cpt #1: X=-40 [v=162198,e=486714,f=324476] located at (24.131580, -31.839912, 52.333088)
For the whole surface: X=-40 [v=162198,e=486714,f=324476]
One single component has been found
nothing to do
done

#--------------------------------------------
#@# Smooth1 rh Tue Mar 10 00:24:16 CET 2026
/out/sourcedata/freesurfer/sub-v1s2x0051478_ses-1/scripts

 mris_smooth -nw -seed 1234 ../surf/rh.orig.nofix ../surf/rh.smoothwm.nofix 

setting seed for random number generator to 1234
smoothing surface tessellation for 10 iterations...
smoothing complete - recomputing first and second fundamental forms...
#--------------------------------------------
#@# Inflation1 rh Tue Mar 10 00:24:19 CET 2026
/out/sourcedata/freesurfer/sub-v1s2x0051478_ses-1/scripts

 mris_inflate -no-save-sulc ../surf/rh.smoothwm.nofix ../surf/rh.inflated.nofix 

Not saving sulc
Reading ../surf/rh.smoothwm.nofix
avg radius = 49.2 mm, total surface area = 87460 mm^2
step 000: RMS=0.148 (target=0.015)   step 005: RMS=0.113 (target=0.015)   step 010: RMS=0.084 (target=0.015)   step 015: RMS=0.070 (target=0.015)   step 020: RMS=0.059 (target=0.015)   step 025: RMS=0.052 (target=0.015)   step 030: RMS=0.048 (target=0.015)   step 035: RMS=0.043 (target=0.015)   step 040: RMS=0.039 (target=0.015)   step 045: RMS=0.038 (target=0.015)   step 050: RMS=0.036 (target=0.015)   step 055: RMS=0.036 (target=0.015)   step 060: RMS=0.036 (target=0.015)   writing inflated surface to ../surf/rh.inflated.nofix
inflation took 0.3 minutes

inflation complete.
Not saving sulc
mris_inflate utimesec    60.522720
mris_inflate stimesec    2.627280
mris_inflate ru_maxrss   257408
mris_inflate ru_ixrss    0
mris_inflate ru_idrss    0
mris_inflate ru_isrss    0
mris_inflate ru_minflt   695665
mris_inflate ru_majflt   20
mris_inflate ru_nswap    0
mris_inflate ru_inblock  0
mris_inflate ru_oublock  11416
mris_inflate ru_msgsnd   0
mris_inflate ru_msgrcv   0
mris_inflate ru_nsignals 0
mris_inflate ru_nvcsw    17211
mris_inflate ru_nivcsw   296
#--------------------------------------------
#@# QSphere rh Tue Mar 10 00:24:34 CET 2026
/out/sourcedata/freesurfer/sub-v1s2x0051478_ses-1/scripts

 mris_sphere -q -p 6 -a 128 -seed 1234 ../surf/rh.inflated.nofix ../surf/rh.qsphere.nofix 

doing quick spherical unfolding.
limitting unfolding to 6 passes
using n_averages = 128
setting seed for random number genererator to 1234
version: 7.3.2
available threads: 16
scaling brain by 0.270...
inflating...
projecting onto sphere...
surface projected - minimizing metric distortion...
vertex spacing 0.91 +- 0.54 (0.00-->8.99) (max @ vno 63523 --> 64991)
face area 0.02 +- 0.03 (-0.28-->0.67)
Entering MRISinflateToSphere()
inflating to sphere (rms error < 2.00)
000: dt: 0.0000, rms radial error=177.794, avgs=0
005/300: dt: 0.9000, rms radial error=177.532, avgs=0
010/300: dt: 0.9000, rms radial error=176.970, avgs=0
015/300: dt: 0.9000, rms radial error=176.231, avgs=0
020/300: dt: 0.9000, rms radial error=175.389, avgs=0
025/300: dt: 0.9000, rms radial error=174.488, avgs=0
030/300: dt: 0.9000, rms radial error=173.556, avgs=0
035/300: dt: 0.9000, rms radial error=172.607, avgs=0
040/300: dt: 0.9000, rms radial error=171.650, avgs=0
045/300: dt: 0.9000, rms radial error=170.690, avgs=0
050/300: dt: 0.9000, rms radial error=169.732, avgs=0
055/300: dt: 0.9000, rms radial error=168.777, avgs=0
060/300: dt: 0.9000, rms radial error=167.825, avgs=0
065/300: dt: 0.9000, rms radial error=166.878, avgs=0
070/300: dt: 0.9000, rms radial error=165.937, avgs=0
075/300: dt: 0.9000, rms radial error=165.003, avgs=0
080/300: dt: 0.9000, rms radial error=164.074, avgs=0
085/300: dt: 0.9000, rms radial error=163.151, avgs=0
090/300: dt: 0.9000, rms radial error=162.234, avgs=0
095/300: dt: 0.9000, rms radial error=161.322, avgs=0
100/300: dt: 0.9000, rms radial error=160.415, avgs=0
105/300: dt: 0.9000, rms radial error=159.513, avgs=0
110/300: dt: 0.9000, rms radial error=158.617, avgs=0
115/300: dt: 0.9000, rms radial error=157.725, avgs=0
120/300: dt: 0.9000, rms radial error=156.838, avgs=0
125/300: dt: 0.9000, rms radial error=155.955, avgs=0
130/300: dt: 0.9000, rms radial error=155.078, avgs=0
135/300: dt: 0.9000, rms radial error=154.206, avgs=0
140/300: dt: 0.9000, rms radial error=153.339, avgs=0
145/300: dt: 0.9000, rms radial error=152.478, avgs=0
150/300: dt: 0.9000, rms radial error=151.621, avgs=0
155/300: dt: 0.9000, rms radial error=150.769, avgs=0
160/300: dt: 0.9000, rms radial error=149.922, avgs=0
165/300: dt: 0.9000, rms radial error=149.079, avgs=0
170/300: dt: 0.9000, rms radial error=148.241, avgs=0
175/300: dt: 0.9000, rms radial error=147.408, avgs=0
180/300: dt: 0.9000, rms radial error=146.579, avgs=0
185/300: dt: 0.9000, rms radial error=145.754, avgs=0
190/300: dt: 0.9000, rms radial error=144.934, avgs=0
195/300: dt: 0.9000, rms radial error=144.119, avgs=0
200/300: dt: 0.9000, rms radial error=143.308, avgs=0
205/300: dt: 0.9000, rms radial error=142.501, avgs=0
210/300: dt: 0.9000, rms radial error=141.699, avgs=0
215/300: dt: 0.9000, rms radial error=140.902, avgs=0
220/300: dt: 0.9000, rms radial error=140.110, avgs=0
225/300: dt: 0.9000, rms radial error=139.322, avgs=0
230/300: dt: 0.9000, rms radial error=138.538, avgs=0
235/300: dt: 0.9000, rms radial error=137.758, avgs=0
240/300: dt: 0.9000, rms radial error=136.983, avgs=0
245/300: dt: 0.9000, rms radial error=136.212, avgs=0
250/300: dt: 0.9000, rms radial error=135.446, avgs=0
255/300: dt: 0.9000, rms radial error=134.683, avgs=0
260/300: dt: 0.9000, rms radial error=133.925, avgs=0
265/300: dt: 0.9000, rms radial error=133.171, avgs=0
270/300: dt: 0.9000, rms radial error=132.421, avgs=0
275/300: dt: 0.9000, rms radial error=131.676, avgs=0
280/300: dt: 0.9000, rms radial error=130.935, avgs=0
285/300: dt: 0.9000, rms radial error=130.197, avgs=0
290/300: dt: 0.9000, rms radial error=129.464, avgs=0
295/300: dt: 0.9000, rms radial error=128.735, avgs=0
300/300: dt: 0.9000, rms radial error=128.010, avgs=0

spherical inflation complete.
epoch 1 (K=10.0), pass 1, starting sse = 19703.75
taking momentum steps...
taking momentum steps...
taking momentum steps...
taking momentum steps...
pass 1 complete, delta sse/iter = 0.00/13 = 0.00023
epoch 2 (K=40.0), pass 1, starting sse = 3496.45
taking momentum steps...
taking momentum steps...
taking momentum steps...
taking momentum steps...
pass 1 complete, delta sse/iter = 0.00/13 = 0.00003
epoch 3 (K=160.0), pass 1, starting sse = 396.03
taking momentum steps...
taking momentum steps...
taking momentum steps...
taking momentum steps...
pass 1 complete, delta sse/iter = 0.09/14 = 0.00662
epoch 4 (K=640.0), pass 1, starting sse = 24.06
taking momentum steps...
taking momentum steps...
taking momentum steps...
taking momentum steps...
pass 1 complete, delta sse/iter = 0.14/21 = 0.00680
final distance error %100000.00
writing spherical brain to ../surf/rh.qsphere.nofix
spherical transformation took 0.0232 hours
FSRUNTIME@ mris_sphere  0.0232 hours 16 threads
#VMPC# mris_sphere VmPeak  2093068
mris_sphere done
#@# Fix Topology rh Tue Mar 10 00:25:58 CET 2026

 mris_fix_topology -mgz -sphere qsphere.nofix -inflated inflated.nofix -orig orig.nofix -out orig.premesh -ga -seed 1234 sub-v1s2x0051478_ses-1 rh 

reading spherical homeomorphism from 'qsphere.nofix'
reading inflated coordinates from 'inflated.nofix'
reading original coordinates from 'orig.nofix'
using genetic algorithm with optimized parameters
setting seed for random number genererator to 1234

*************************************************************
Topology Correction Parameters
retessellation mode:           genetic search
number of patches/generation : 10
number of generations :        10
surface mri loglikelihood coefficient :         1.0
volume mri loglikelihood coefficient :          10.0
normal dot loglikelihood coefficient :          1.0
quadratic curvature loglikelihood coefficient : 1.0
volume resolution :                             2
eliminate vertices during search :              1
initial patch selection :                       1
select all defect vertices :                    0
ordering dependant retessellation:              0
use precomputed edge table :                    0
smooth retessellated patch :                    2
match retessellated patch :                     1
verbose mode :                                  0

*************************************************************
INFO: assuming .mgz format
writing corrected surface to 'orig.premesh'
7.3.2
  7.3.2
before topology correction, eno=-40 (nv=162198, nf=324476, ne=486714, g=21)
using quasi-homeomorphic spherical map to tessellate cortical surface...

Correction of the Topology
Finding true center and radius of Spherical Surface...done
Surface centered at (0,0,0) with radius 100.0 in 7 iterations
marking ambiguous vertices...
4940 ambiguous faces found in tessellation
segmenting defects...
26 defects found, arbitrating ambiguous regions...
analyzing neighboring defects...
      -merging segment 7 into 8
25 defects to be corrected 
0 vertices coincident
reading input surface /out/sourcedata/freesurfer/sub-v1s2x0051478_ses-1/surf/rh.qsphere.nofix...
reading brain volume from brain...
reading wm segmentation from wm...
Reading original properties of orig.nofix
Reading vertex positions of inflated.nofix
Computing Initial Surface Statistics
      -face       loglikelihood: -9.1004  (-4.5502)
      -vertex     loglikelihood: -5.4526  (-2.7263)
      -normal dot loglikelihood: -3.5530  (-3.5530)
      -quad curv  loglikelihood: -6.1850  (-3.0925)
      Total Loglikelihood : -24.2910
CORRECTING DEFECT 0 (vertices=167, convex hull=38, v0=0)
After retessellation of defect 0 (v0=0), euler #=-22 (159346,477243,317875) : difference with theory (-22) = 0 
CORRECTING DEFECT 1 (vertices=105, convex hull=44, v0=346)
After retessellation of defect 1 (v0=346), euler #=-21 (159358,477296,317917) : difference with theory (-21) = 0 
CORRECTING DEFECT 2 (vertices=990, convex hull=160, v0=641)
After retessellation of defect 2 (v0=641), euler #=-20 (159374,477416,318022) : difference with theory (-20) = 0 
CORRECTING DEFECT 3 (vertices=147, convex hull=46, v0=1096)
After retessellation of defect 3 (v0=1096), euler #=-19 (159381,477457,318057) : difference with theory (-19) = 0 
CORRECTING DEFECT 4 (vertices=154, convex hull=77, v0=1639)
After retessellation of defect 4 (v0=1639), euler #=-18 (159391,477520,318111) : difference with theory (-18) = 0 
CORRECTING DEFECT 5 (vertices=6, convex hull=27, v0=2998)
After retessellation of defect 5 (v0=2998), euler #=-17 (159391,477527,318119) : difference with theory (-17) = 0 
CORRECTING DEFECT 6 (vertices=74, convex hull=81, v0=44655)
After retessellation of defect 6 (v0=44655), euler #=-16 (159438,477702,318248) : difference with theory (-16) = 0 
CORRECTING DEFECT 7 (vertices=702, convex hull=538, v0=62068)
A large defect has been detected...
This often happens because cerebellum or dura has not been removed from wm.mgz.
This may cause recon-all to run very slowly or crash.
if so, see https://surfer.nmr.mgh.harvard.edu/fswiki/FsTutorial/TopologicalDefect_freeview
normal vector of length zero at vertex 62923 with 4 faces
After retessellation of defect 7 (v0=62068), euler #=-15 (159504,478194,318675) : difference with theory (-15) = 0 
CORRECTING DEFECT 8 (vertices=73, convex hull=62, v0=67408)
After retessellation of defect 8 (v0=67408), euler #=-14 (159512,478242,318716) : difference with theory (-14) = 0 
CORRECTING DEFECT 9 (vertices=35, convex hull=75, v0=72997)
After retessellation of defect 9 (v0=72997), euler #=-13 (159522,478303,318768) : difference with theory (-13) = 0 
CORRECTING DEFECT 10 (vertices=32, convex hull=58, v0=76919)
After retessellation of defect 10 (v0=76919), euler #=-12 (159533,478360,318815) : difference with theory (-12) = 0 
CORRECTING DEFECT 11 (vertices=17, convex hull=29, v0=80916)
After retessellation of defect 11 (v0=80916), euler #=-11 (159538,478383,318834) : difference with theory (-11) = 0 
CORRECTING DEFECT 12 (vertices=5, convex hull=32, v0=82199)
After retessellation of defect 12 (v0=82199), euler #=-10 (159539,478396,318847) : difference with theory (-10) = 0 
CORRECTING DEFECT 13 (vertices=11, convex hull=23, v0=86012)
After retessellation of defect 13 (v0=86012), euler #=-9 (159540,478408,318859) : difference with theory (-9) = 0 
CORRECTING DEFECT 14 (vertices=23, convex hull=27, v0=103002)
After retessellation of defect 14 (v0=103002), euler #=-8 (159543,478426,318875) : difference with theory (-8) = 0 
CORRECTING DEFECT 15 (vertices=21, convex hull=61, v0=108080)
After retessellation of defect 15 (v0=108080), euler #=-7 (159554,478484,318923) : difference with theory (-7) = 0 
CORRECTING DEFECT 16 (vertices=34, convex hull=34, v0=108096)
normal vector of length zero at vertex 161906 with 3 faces
After retessellation of defect 16 (v0=108096), euler #=-6 (159562,478519,318951) : difference with theory (-6) = 0 
CORRECTING DEFECT 17 (vertices=20, convex hull=28, v0=109387)
After retessellation of defect 17 (v0=109387), euler #=-5 (159565,478534,318964) : difference with theory (-5) = 0 
CORRECTING DEFECT 18 (vertices=69, convex hull=88, v0=115379)
After retessellation of defect 18 (v0=115379), euler #=-4 (159604,478689,319081) : difference with theory (-4) = 0 
CORRECTING DEFECT 19 (vertices=22, convex hull=43, v0=122673)
After retessellation of defect 19 (v0=122673), euler #=-3 (159617,478743,319123) : difference with theory (-3) = 0 
CORRECTING DEFECT 20 (vertices=19, convex hull=39, v0=124859)
After retessellation of defect 20 (v0=124859), euler #=-2 (159626,478784,319156) : difference with theory (-2) = 0 
CORRECTING DEFECT 21 (vertices=28, convex hull=63, v0=133709)
After retessellation of defect 21 (v0=133709), euler #=-1 (159635,478835,319199) : difference with theory (-1) = 0 
CORRECTING DEFECT 22 (vertices=23, convex hull=51, v0=151977)
After retessellation of defect 22 (v0=151977), euler #=0 (159644,478879,319235) : difference with theory (0) = 0 
CORRECTING DEFECT 23 (vertices=33, convex hull=79, v0=156270)
After retessellation of defect 23 (v0=156270), euler #=1 (159660,478955,319296) : difference with theory (1) = 0 
CORRECTING DEFECT 24 (vertices=49, convex hull=45, v0=158017)
After retessellation of defect 24 (v0=158017), euler #=2 (159665,478989,319326) : difference with theory (2) = 0 
computing original vertex metric properties...
storing new metric properties...
computing tessellation statistics...
vertex spacing 0.89 +- 0.22 (0.12-->13.45) (max @ vno 714 --> 7364)
face area -nan +- -nan (1000.00-->-1.00)
performing soap bubble on retessellated vertices for 0 iterations...
vertex spacing 0.89 +- 0.22 (0.12-->13.45) (max @ vno 714 --> 7364)
face area -nan +- -nan (1000.00-->-1.00)
tessellation finished, orienting corrected surface...
120 mutations (35.3%), 220 crossovers (64.7%), 446 vertices were eliminated
building final representation...
2533 vertices and 0 faces have been removed from triangulation
after topology correction, eno=2 (nv=159665, nf=319326, ne=478989, g=0)
writing corrected surface to /out/sourcedata/freesurfer/sub-v1s2x0051478_ses-1/surf/rh.orig.premesh...

0.000 % of the vertices (0 vertices) exhibit an orientation change
removing intersecting faces
000: 201 intersecting
001: 12 intersecting
terminating search with 0 intersecting
topology fixing took 3.6 minutes
FSRUNTIME@ mris_fix_topology rh  0.0605 hours 16 threads
#VMPC# mris_fix_topology VmPeak  1878232

 mris_euler_number ../surf/rh.orig.premesh 

euler # = v-e+f = 2g-2: 159665 - 478989 + 319326 = 2 --> 0 holes
      F =2V-4:          319326 = 319330-4 (0)
      2E=3F:            957978 = 957978 (0)

total defect index = 0
Tue Mar 10 00:29:36 CET 2026

setenv SUBJECTS_DIR /out/sourcedata/freesurfer
cd /out/sourcedata/freesurfer/sub-v1s2x0051478_ses-1/scripts
/opt/freesurfer/bin/defect2seg --s sub-v1s2x0051478_ses-1 --rh-only --cortex

freesurfer-linux-ubuntu22_x86_64-7.3.2-20220804-6354275
defect2seg 7.3.2
Linux dna029 5.14.0-427.37.1.el9_4.x86_64 #1 SMP PREEMPT_DYNAMIC Fri Sep 13 12:41:50 EDT 2024 x86_64 x86_64 x86_64 GNU/Linux
pid 4103071
mri_label2label --label-cortex /out/sourcedata/freesurfer/sub-v1s2x0051478_ses-1/surf/rh.orig.nofix /out/sourcedata/freesurfer/sub-v1s2x0051478_ses-1/mri/aseg.presurf.mgz 0 /out/sourcedata/freesurfer/sub-v1s2x0051478_ses-1/label/rh.nofix.cortex.label

 Generating cortex label... RemoveHipAmgy=0
 NucAccIsMedialWall=0
 mris->useRealRAS=0
7 non-cortical segments detected
only using segment with 8094 vertices
erasing segment 1 (vno[0] = 96558)
erasing segment 2 (vno[0] = 102356)
erasing segment 3 (vno[0] = 107681)
erasing segment 4 (vno[0] = 113021)
erasing segment 5 (vno[0] = 113143)
erasing segment 6 (vno[0] = 123429)
mri_label2vol --defects /out/sourcedata/freesurfer/sub-v1s2x0051478_ses-1/surf/rh.orig.nofix /out/sourcedata/freesurfer/sub-v1s2x0051478_ses-1/surf/rh.defect_labels /out/sourcedata/freesurfer/sub-v1s2x0051478_ses-1/mri/orig.mgz 2000 0 /out/sourcedata/freesurfer/sub-v1s2x0051478_ses-1/mri/rh.surface.defects.mgz /out/sourcedata/freesurfer/sub-v1s2x0051478_ses-1/label/rh.nofix.cortex.label
mri_label2vol supposed to be reproducible but seed not set
Contraining to label /out/sourcedata/freesurfer/sub-v1s2x0051478_ses-1/label/rh.nofix.cortex.label
Changing input type 0 to MRI_INT
Converting defects to volume: offset=2000, merge=0
Writing to /out/sourcedata/freesurfer/sub-v1s2x0051478_ses-1/mri/rh.surface.defects.mgz
mris_defects_pointset -s /out/sourcedata/freesurfer/sub-v1s2x0051478_ses-1/surf/rh.orig.nofix -d /out/sourcedata/freesurfer/sub-v1s2x0051478_ses-1/surf/rh.defect_labels -o /out/sourcedata/freesurfer/sub-v1s2x0051478_ses-1/surf/rh.defects.pointset --label /out/sourcedata/freesurfer/sub-v1s2x0051478_ses-1/label/rh.nofix.cortex.label
Reading in surface /out/sourcedata/freesurfer/sub-v1s2x0051478_ses-1/surf/rh.orig.nofix
Reading in defect segmentation /out/sourcedata/freesurfer/sub-v1s2x0051478_ses-1/surf/rh.defect_labels
Reading in label /out/sourcedata/freesurfer/sub-v1s2x0051478_ses-1/label/rh.nofix.cortex.label
#VMPC# mris_defects_pointset 1611136
mris_defects_pointset done
 
Started at Tue Mar 10 00:29:36 CET 2026 
Ended   at Tue Mar 10 00:29:56 CET 2026
Defect2seg-Run-Time-Sec 20
Defect2seg-Run-Time-Min 0.40
Defect2seg-Run-Time-Hours 0.01
 
tkmeditfv sub-v1s2x0051478_ses-1 brain.finalsurfs.mgz -defect
defect2seg Done

 mris_remesh --remesh --iters 3 --input /out/sourcedata/freesurfer/sub-v1s2x0051478_ses-1/surf/rh.orig.premesh --output /out/sourcedata/freesurfer/sub-v1s2x0051478_ses-1/surf/rh.orig 

iters = 3
standard remeshing without target
   adjusted l: 0.709319
remeshing to edge length 0.709319 with 3 iterations

avg qual before   : 0.89377  after: 0.971467

Removing intersections
Remeshed surface quality stats nv0 = 159665  nv = 167215  1.04729
Area    334426  0.30153  0.03342 0.072697   0.5145
Corner 1003278 60.00000  8.76290 17.051566 145.8869
Edge    501639  0.84234  0.08176 0.428098   1.2948
Hinge   501639  9.42397  9.82790 0.000018 138.8428
mris_remesh done
/out/sourcedata/freesurfer/sub-v1s2x0051478_ses-1/scripts

 mris_remove_intersection ../surf/rh.orig ../surf/rh.orig 

intersection removal took 0.00 hours
writing corrected surface to ../surf/rh.orig

 rm -f ../surf/rh.inflated 

#--------------------------------------------
#@# AutoDetGWStats rh Tue Mar 10 00:30:35 CET 2026
cd /out/sourcedata/freesurfer/sub-v1s2x0051478_ses-1/mri
mris_autodet_gwstats --o ../surf/autodet.gw.stats.rh.dat --i brain.finalsurfs.mgz --wm wm.mgz --surf ../surf/rh.orig.premesh
7.3.2

cd /out/sourcedata/freesurfer/sub-v1s2x0051478_ses-1/mri
setenv SUBJECTS_DIR /out/sourcedata/freesurfer
mris_autodet_gwstats --o ../surf/autodet.gw.stats.rh.dat --i brain.finalsurfs.mgz --wm wm.mgz --surf ../surf/rh.orig.premesh 

border white:    307802 voxels (1.83%)
border gray      335032 voxels (2.00%)
Reading in intensity volume brain.finalsurfs.mgz
Reading in wm volume wm.mgz
Reading in surf ../surf/rh.orig.premesh
Auto detecting stats
MRIclipBrightWM(): nthresh=23166, wmmin=5, clip=110 
Binarizing thresholding at 5
computing class statistics... low=30, hi=110.000000
CCS WM (104.0): 103.7 +- 5.2 [70.0 --> 110.0]
CCS GM (89.0) : 86.9 +- 10.1 [30.0 --> 110.0]
white_mean = 103.738 +/- 5.16985, gray_mean = 86.9374 +/- 10.124
using class modes intead of means, discounting robust sigmas....
MRIScomputeClassModes(): min=0 max=229 nbins=230
intensity peaks found at WM=107+-3.5,    GM=85+-6.1
white_mode = 107, gray_mode = 85
std_scale = 1
Applying sanity checks, max_scale_down = 0.2
setting MIN_GRAY_AT_WHITE_BORDER to 74.9 (was 70.000000)
setting MAX_BORDER_WHITE to 112.2 (was 105.000000)
setting MIN_BORDER_WHITE to 85.0 (was 85.000000)
setting MAX_CSF to 64.8 (was 40.000000)
setting MAX_GRAY to 101.8 (was 95.000000)
setting MAX_GRAY_AT_CSF_BORDER to 74.9 (was 75.000000)
setting MIN_GRAY_AT_CSF_BORDER to 54.6 (was 40.000000)
When placing the white surface
  white_border_hi   = 112.17;
  white_border_low  = 85;
  white_outside_low = 74.876;
  white_inside_hi   = 120;
  white_outside_hi  = 112.17;
When placing the pial surface
  pial_border_hi   = 74.876;
  pial_border_low  = 54.628;
  pial_outside_low = 10;
  pial_inside_hi   = 101.83;
  pial_outside_hi  = 69.814;
#VMPC# mris_autodet_gwstats VmPeak  1418600
mris_autodet_gwstats done
#--------------------------------------------
#@# WhitePreAparc rh Tue Mar 10 00:30:38 CET 2026
cd /out/sourcedata/freesurfer/sub-v1s2x0051478_ses-1/mri
mris_place_surface --adgws-in ../surf/autodet.gw.stats.rh.dat --wm wm.mgz --threads 16 --invol brain.finalsurfs.mgz --rh --i ../surf/rh.orig --o ../surf/rh.white.preaparc --white --seg aseg.presurf.mgz --nsmooth 5
7.3.2
7.3.2

cd /out/sourcedata/freesurfer/sub-v1s2x0051478_ses-1/mri
setenv SUBJECTS_DIR /out/sourcedata/freesurfer
mris_place_surface --adgws-in ../surf/autodet.gw.stats.rh.dat --wm wm.mgz --threads 16 --invol brain.finalsurfs.mgz --rh --i ../surf/rh.orig --o ../surf/rh.white.preaparc --white --seg aseg.presurf.mgz --nsmooth 5 

Reading in input surface ../surf/rh.orig
Smoothing surface before ripping with 5 iterations
Area    334426  0.26736  0.06166 0.005940   0.6168
Corner 1003278 60.00000  9.35067 11.639471 132.4348
Edge    501639  0.78958  0.11189 0.111323   1.3025
Hinge   501639  6.33665  6.29169 0.000019 145.0707
Not reading in aparc
Reading in input volume brain.finalsurfs.mgz
Reading in wm volume wm.mgz
MRIclipBrightWM(): nthresh=23166, wmmin=5, clip=110 
MRIfindBrightNonWM(): 888 bright non-wm voxels segmented.
Masking bright non-wm for white surface
MRImask(): AllowDiffGeom = 1
MRImask(): AllowDiffGeom = 1
Reading in seg volume aseg.presurf.mgz
Ripping frozen voxels
INFO: rip surface needed but not specified, so using input surface
Freezing midline and others
Entering: MRISripMidline(): inhibiting deformation at non-cortical midline structures...
  which=1, fix_mtl=0, using annot = 0
#FML0# MRISripMidline(): nripped=0
removing 4 vertices from ripped group in thread:0
removing 2 vertices from ripped group in thread:0
#FML# MRISripMidline(): nmarked=6315, nmarked2=104, nripped=6315
Ripping segs (eg, WMSA, BG, frozen)
Starting MRISripSegs() d = (-2 2 0.5) segnos: 247 
MRISripSegs(): -2 2 0.5 ripped 0
vertex 83608: xyz = (36.086,-20.2497,84.0456) oxyz = (36.086,-20.2497,84.0456) wxzy = (36.086,-20.2497,84.0456) pxyz = (0,0,0) 
CBVO Creating mask 167215
n_averages 4
Iteration 0 =========================================
n_averages=4, current_sigma=2
Freezing midline and others
Ripping frozen voxels
INFO: rip surface needed but not specified, so using input surface
Freezing midline and others
Entering: MRISripMidline(): inhibiting deformation at non-cortical midline structures...
  which=1, fix_mtl=0, using annot = 0
#FML0# MRISripMidline(): nripped=6315
removing 4 vertices from ripped group in thread:0
removing 2 vertices from ripped group in thread:0
#FML# MRISripMidline(): nmarked=6315, nmarked2=104, nripped=6315
Ripping segs (eg, WMSA, BG, frozen)
Starting MRISripSegs() d = (-2 2 0.5) segnos: 247 247 
MRISripSegs(): -2 2 0.5 ripped 0
Computing target border values 
Entering MRIScomputeBorderValues_new(): 
  inside_hi   = 120.0000000;
  border_hi   = 112.1698530;
  border_low  =  85.0000000;
  outside_low =  74.8759840;
  outside_hi  = 112.1698530;
  sigma = 2;
  max_thickness = 10;
  step_size=0.5;
  STEP_SIZE=0.1;
  which = 1
  thresh = 0
  flags = 0
  CBVfindFirstPeakD1=0
  CBVfindFirstPeakD2=0
  nvertices=167215
  Gdiag_no=-1
  vno start=0, stop=167215
Replacing 255s with 0s
#SI# sigma=2 had to be increased for 172 vertices, nripped=6315
mean border=93.1, 81 (81) missing vertices, mean dist 0.3 [0.7 (%35.8)->0.9 (%64.2))]
%65 local maxima, %31 large gradients and % 0 min vals, 0 gradients ignored
nFirstPeakD1 0
MRIScomputeBorderValues_new() finished in 0.0187 min


Finding expansion regions
mean absolute distance = 0.79 +- 1.00
5665 vertices more than 2 sigmas from mean.
Averaging target values for 5 iterations...
Positioning Surface: tspring = 0.3, nspring = 0.3, spring = 0, niters = 100 l_repulse = 5, l_surf_repulse = 0, checktol = 0
Positioning pial surface
Entering MRISpositionSurface()
  max_mm = 0.3
  MAX_REDUCTIONS = 2, REDUCTION_PCT = 0.5
  parms->check_tol = 0, niterations = 100
tol=1.0e-04, sigma=2.0, host=dna02, nav=4, nbrs=2, l_repulse=5.000, l_tspring=0.300, l_nspring=0.300, l_intensity=0.200, l_curv=1.000
mom=0.00, dt=0.50
complete_dist_mat 0
rms 0
smooth_averages 0
remove_neg 0
ico_order 0
which_surface 0
target_radius 0.000000
nfields 0
scale 0.000000
desired_rms_height 0.000000
momentum 0.000000
nbhd_size 0
max_nbrs 0
niterations 100
nsurfaces 0
SURFACES 3
flags 0 (0)
use curv 0
no sulc 0
no rigid align 0
mris->nsize 2
mris->hemisphere 1
randomSeed 0

000: dt: 0.0000, sse=1764274.1, rms=7.007
001: dt: 0.5000, sse=977261.9, rms=4.976 (28.977%)
002: dt: 0.5000, sse=606507.1, rms=3.639 (26.878%)
003: dt: 0.5000, sse=424489.5, rms=2.750 (24.430%)
004: dt: 0.5000, sse=334548.6, rms=2.174 (20.953%)
005: dt: 0.5000, sse=289725.8, rms=1.812 (16.661%)
006: dt: 0.5000, sse=267029.6, rms=1.593 (12.048%)
007: dt: 0.5000, sse=255744.1, rms=1.470 (7.766%)
008: dt: 0.5000, sse=252139.4, rms=1.405 (4.365%)
rms = 1.3695/1.4054, sse=249231.7/252139.4, time step reduction 1 of 3 to 0.250  0 0 1
009: dt: 0.5000, sse=249231.7, rms=1.370 (2.552%)
010: dt: 0.2500, sse=229117.8, rms=1.086 (20.727%)
rms = 1.0566/1.0857, sse=226887.5/229117.8, time step reduction 2 of 3 to 0.125  0 0 1
011: dt: 0.2500, sse=226887.5, rms=1.057 (2.679%)
rms = 1.0477/1.0566, sse=226642.0/226887.5, time step reduction 3 of 3 to 0.062  0 0 1
012: dt: 0.1250, sse=226642.0, rms=1.048 (0.841%)
  maximum number of reductions reached, breaking from loop
positioning took 1.3 minutes
Iteration 1 =========================================
n_averages=2, current_sigma=1
Freezing midline and others
Ripping frozen voxels
INFO: rip surface needed but not specified, so using input surface
Freezing midline and others
Entering: MRISripMidline(): inhibiting deformation at non-cortical midline structures...
  which=1, fix_mtl=0, using annot = 0
#FML0# MRISripMidline(): nripped=6315
removing 3 vertices from ripped group in thread:0
removing 1 vertices from ripped group in thread:0
removing 2 vertices from ripped group in thread:0
#FML# MRISripMidline(): nmarked=6896, nmarked2=283, nripped=6896
Ripping segs (eg, WMSA, BG, frozen)
Starting MRISripSegs() d = (-2 2 0.5) segnos: 247 247 247 
MRISripSegs(): -2 2 0.5 ripped 0
Computing target border values 
Entering MRIScomputeBorderValues_new(): 
  inside_hi   = 120.0000000;
  border_hi   = 112.1698530;
  border_low  =  85.0000000;
  outside_low =  74.8759840;
  outside_hi  = 112.1698530;
  sigma = 1;
  max_thickness = 10;
  step_size=0.5;
  STEP_SIZE=0.1;
  which = 1
  thresh = 0
  flags = 0
  CBVfindFirstPeakD1=0
  CBVfindFirstPeakD2=0
  nvertices=167215
  Gdiag_no=-1
  vno start=0, stop=167215
Replacing 255s with 0s
#SI# sigma=1 had to be increased for 82 vertices, nripped=6896
mean border=94.7, 79 (10) missing vertices, mean dist -0.2 [0.5 (%66.9)->0.3 (%33.1))]
%72 local maxima, %24 large gradients and % 0 min vals, 0 gradients ignored
nFirstPeakD1 0
MRIScomputeBorderValues_new() finished in 0.0128 min


Finding expansion regions
mean absolute distance = 0.42 +- 0.71
4720 vertices more than 2 sigmas from mean.
Averaging target values for 5 iterations...
Positioning Surface: tspring = 0.3, nspring = 0.3, spring = 0, niters = 100 l_repulse = 5, l_surf_repulse = 0, checktol = 0
Positioning pial surface
Entering MRISpositionSurface()
  max_mm = 0.3
  MAX_REDUCTIONS = 2, REDUCTION_PCT = 0.5
  parms->check_tol = 0, niterations = 100
tol=1.0e-04, sigma=1.0, host=dna02, nav=2, nbrs=2, l_repulse=5.000, l_tspring=0.300, l_nspring=0.300, l_intensity=0.200, l_curv=1.000
mom=0.00, dt=0.50
000: dt: 0.0000, sse=546058.6, rms=3.063
013: dt: 0.5000, sse=362184.6, rms=1.914 (37.509%)
014: dt: 0.5000, sse=314124.4, rms=1.476 (22.870%)
015: dt: 0.5000, sse=294409.1, rms=1.243 (15.786%)
016: dt: 0.5000, sse=283261.1, rms=1.101 (11.409%)
017: dt: 0.5000, sse=279187.2, rms=1.038 (5.790%)
rms = 1.0229/1.0376, sse=277874.5/279187.2, time step reduction 1 of 3 to 0.250  0 0 1
018: dt: 0.5000, sse=277874.5, rms=1.023 (1.415%)
019: dt: 0.2500, sse=265752.7, rms=0.814 (20.391%)
rms = 0.7965/0.8143, sse=265267.0/265752.7, time step reduction 2 of 3 to 0.125  0 0 1
020: dt: 0.2500, sse=265267.1, rms=0.796 (2.189%)
rms = 0.7908/0.7965, sse=265002.9/265267.0, time step reduction 3 of 3 to 0.062  0 0 1
021: dt: 0.1250, sse=265002.9, rms=0.791 (0.719%)
  maximum number of reductions reached, breaking from loop
positioning took 1.0 minutes
Iteration 2 =========================================
n_averages=1, current_sigma=0.5
Freezing midline and others
Ripping frozen voxels
INFO: rip surface needed but not specified, so using input surface
Freezing midline and others
Entering: MRISripMidline(): inhibiting deformation at non-cortical midline structures...
  which=1, fix_mtl=0, using annot = 0
#FML0# MRISripMidline(): nripped=6896
removing 1 vertices from ripped group in thread:0
removing 3 vertices from ripped group in thread:0
removing 3 vertices from ripped group in thread:0
removing 3 vertices from ripped group in thread:0
#FML# MRISripMidline(): nmarked=6956, nmarked2=287, nripped=6956
Ripping segs (eg, WMSA, BG, frozen)
Starting MRISripSegs() d = (-2 2 0.5) segnos: 247 247 247 247 
MRISripSegs(): -2 2 0.5 ripped 0
Computing target border values 
Entering MRIScomputeBorderValues_new(): 
  inside_hi   = 120.0000000;
  border_hi   = 112.1698530;
  border_low  =  85.0000000;
  outside_low =  74.8759840;
  outside_hi  = 112.1698530;
  sigma = 0.5;
  max_thickness = 10;
  step_size=0.5;
  STEP_SIZE=0.1;
  which = 1
  thresh = 0
  flags = 0
  CBVfindFirstPeakD1=0
  CBVfindFirstPeakD2=0
  nvertices=167215
  Gdiag_no=-1
  vno start=0, stop=167215
Replacing 255s with 0s
#SI# sigma=0.5 had to be increased for 128 vertices, nripped=6956
mean border=96.5, 76 (3) missing vertices, mean dist -0.2 [0.4 (%73.6)->0.2 (%26.4))]
%83 local maxima, %12 large gradients and % 0 min vals, 0 gradients ignored
nFirstPeakD1 0
MRIScomputeBorderValues_new() finished in 0.0098 min


Finding expansion regions
mean absolute distance = 0.36 +- 0.52
6768 vertices more than 2 sigmas from mean.
Averaging target values for 5 iterations...
Positioning Surface: tspring = 0.3, nspring = 0.3, spring = 0, niters = 100 l_repulse = 5, l_surf_repulse = 0, checktol = 0
Positioning pial surface
Entering MRISpositionSurface()
  max_mm = 0.3
  MAX_REDUCTIONS = 2, REDUCTION_PCT = 0.5
  parms->check_tol = 0, niterations = 100
tol=1.0e-04, sigma=0.5, host=dna02, nav=1, nbrs=2, l_repulse=5.000, l_tspring=0.300, l_nspring=0.300, l_intensity=0.200, l_curv=1.000
mom=0.00, dt=0.50
000: dt: 0.0000, sse=464636.1, rms=2.661
022: dt: 0.5000, sse=311508.3, rms=1.490 (44.012%)
023: dt: 0.5000, sse=277721.9, rms=1.084 (27.250%)
024: dt: 0.5000, sse=271445.7, rms=0.942 (13.091%)
rms = 0.9038/0.9419, sse=269193.3/271445.7, time step reduction 1 of 3 to 0.250  0 0 1
025: dt: 0.5000, sse=269193.3, rms=0.904 (4.046%)
026: dt: 0.2500, sse=260553.3, rms=0.759 (15.990%)
rms = 0.7447/0.7593, sse=259982.6/260553.3, time step reduction 2 of 3 to 0.125  0 0 1
027: dt: 0.2500, sse=259982.6, rms=0.745 (1.919%)
rms = 0.7376/0.7447, sse=259811.0/259982.6, time step reduction 3 of 3 to 0.062  0 0 1
028: dt: 0.1250, sse=259811.0, rms=0.738 (0.961%)
  maximum number of reductions reached, breaking from loop
positioning took 0.7 minutes
Iteration 3 =========================================
n_averages=0, current_sigma=0.25
Freezing midline and others
Ripping frozen voxels
INFO: rip surface needed but not specified, so using input surface
Freezing midline and others
Entering: MRISripMidline(): inhibiting deformation at non-cortical midline structures...
  which=1, fix_mtl=0, using annot = 0
#FML0# MRISripMidline(): nripped=6956
removing 2 vertices from ripped group in thread:0
removing 4 vertices from ripped group in thread:0
removing 3 vertices from ripped group in thread:0
removing 4 vertices from ripped group in thread:0
removing 3 vertices from ripped group in thread:0
removing 2 vertices from ripped group in thread:0
#FML# MRISripMidline(): nmarked=6979, nmarked2=287, nripped=6979
Ripping segs (eg, WMSA, BG, frozen)
Starting MRISripSegs() d = (-2 2 0.5) segnos: 247 247 247 247 247 
MRISripSegs(): -2 2 0.5 ripped 0
Computing target border values 
Entering MRIScomputeBorderValues_new(): 
  inside_hi   = 120.0000000;
  border_hi   = 112.1698530;
  border_low  =  85.0000000;
  outside_low =  74.8759840;
  outside_hi  = 112.1698530;
  sigma = 0.25;
  max_thickness = 10;
  step_size=0.5;
  STEP_SIZE=0.1;
  which = 1
  thresh = 0
  flags = 0
  CBVfindFirstPeakD1=0
  CBVfindFirstPeakD2=0
  nvertices=167215
  Gdiag_no=-1
  vno start=0, stop=167215
Replacing 255s with 0s
#SI# sigma=0.25 had to be increased for 173 vertices, nripped=6979
mean border=97.1, 116 (3) missing vertices, mean dist -0.1 [0.3 (%61.0)->0.2 (%39.0))]
%88 local maxima, % 8 large gradients and % 0 min vals, 0 gradients ignored
nFirstPeakD1 0
MRIScomputeBorderValues_new() finished in 0.0065 min


Finding expansion regions
mean absolute distance = 0.25 +- 0.38
5659 vertices more than 2 sigmas from mean.
Averaging target values for 5 iterations...
Positioning Surface: tspring = 0.3, nspring = 0.3, spring = 0, niters = 100 l_repulse = 5, l_surf_repulse = 0, checktol = 0
Positioning pial surface
Entering MRISpositionSurface()
  max_mm = 0.3
  MAX_REDUCTIONS = 2, REDUCTION_PCT = 0.5
  parms->check_tol = 0, niterations = 100
tol=1.0e-04, sigma=0.2, host=dna02, nav=0, nbrs=2, l_repulse=5.000, l_tspring=0.300, l_nspring=0.300, l_intensity=0.200, l_curv=1.000
mom=0.00, dt=0.50
000: dt: 0.0000, sse=287508.8, rms=1.282
029: dt: 0.5000, sse=257926.0, rms=0.727 (43.265%)
rms = 0.7445/0.7274, sse=258404.9/257926.0, time step reduction 1 of 3 to 0.250  0 1 1
   RMS increased, rejecting step
030: dt: 0.2500, sse=253414.8, rms=0.646 (11.134%)
rms = 0.6249/0.6464, sse=252523.9/253414.8, time step reduction 2 of 3 to 0.125  0 0 1
031: dt: 0.2500, sse=252523.9, rms=0.625 (3.331%)
rms = 0.6013/0.6249, sse=249614.8/252523.9, time step reduction 3 of 3 to 0.062  0 0 1
032: dt: 0.1250, sse=249614.8, rms=0.601 (3.772%)
  maximum number of reductions reached, breaking from loop
positioning took 0.5 minutes


Writing output to ../surf/rh.white.preaparc
#ET# mris_place_surface  3.69 minutes
#VMPC# mris_place_surfaces VmPeak  3404256
mris_place_surface done
#--------------------------------------------
#@# CortexLabel rh Tue Mar 10 00:34:26 CET 2026
cd /out/sourcedata/freesurfer/sub-v1s2x0051478_ses-1/mri
mri_label2label --label-cortex ../surf/rh.white.preaparc aseg.presurf.mgz 0 ../label/rh.cortex.label

 Generating cortex label... RemoveHipAmgy=0
 NucAccIsMedialWall=0
 mris->useRealRAS=0
5 non-cortical segments detected
only using segment with 8558 vertices
erasing segment 0 (vno[0] = 40935)
erasing segment 2 (vno[0] = 90646)
erasing segment 3 (vno[0] = 92272)
erasing segment 4 (vno[0] = 115535)
#--------------------------------------------
#@# CortexLabel+HipAmyg rh Tue Mar 10 00:34:43 CET 2026
cd /out/sourcedata/freesurfer/sub-v1s2x0051478_ses-1/mri
mri_label2label --label-cortex ../surf/rh.white.preaparc aseg.presurf.mgz 1 ../label/rh.cortex+hipamyg.label

 Generating cortex label... RemoveHipAmgy=1
 NucAccIsMedialWall=0
 mris->useRealRAS=0
12 non-cortical segments detected
only using segment with 5678 vertices
erasing segment 0 (vno[0] = 40935)
erasing segment 2 (vno[0] = 53048)
erasing segment 3 (vno[0] = 55502)
erasing segment 4 (vno[0] = 57534)
erasing segment 5 (vno[0] = 58584)
erasing segment 6 (vno[0] = 73111)
erasing segment 7 (vno[0] = 90646)
erasing segment 8 (vno[0] = 94170)
erasing segment 9 (vno[0] = 115535)
erasing segment 10 (vno[0] = 137524)
erasing segment 11 (vno[0] = 155789)
#--------------------------------------------
#@# Smooth2 rh Tue Mar 10 00:35:01 CET 2026
/out/sourcedata/freesurfer/sub-v1s2x0051478_ses-1/scripts

 mris_smooth -n 3 -nw -seed 1234 ../surf/rh.white.preaparc ../surf/rh.smoothwm 

smoothing for 3 iterations
setting seed for random number generator to 1234
smoothing surface tessellation for 3 iterations...
smoothing complete - recomputing first and second fundamental forms...
#--------------------------------------------
#@# Inflation2 rh Tue Mar 10 00:35:04 CET 2026
/out/sourcedata/freesurfer/sub-v1s2x0051478_ses-1/scripts

 mris_inflate ../surf/rh.smoothwm ../surf/rh.inflated 

Reading ../surf/rh.smoothwm
avg radius = 49.0 mm, total surface area = 98859 mm^2
step 000: RMS=0.162 (target=0.015)   step 005: RMS=0.112 (target=0.015)   step 010: RMS=0.084 (target=0.015)   step 015: RMS=0.069 (target=0.015)   step 020: RMS=0.056 (target=0.015)   step 025: RMS=0.047 (target=0.015)   step 030: RMS=0.040 (target=0.015)   step 035: RMS=0.033 (target=0.015)   step 040: RMS=0.029 (target=0.015)   step 045: RMS=0.025 (target=0.015)   step 050: RMS=0.022 (target=0.015)   step 055: RMS=0.021 (target=0.015)   step 060: RMS=0.019 (target=0.015)   writing inflated surface to ../surf/rh.inflated
writing sulcal depths to ../surf/rh.sulc

inflation complete.
inflation took 0.3 minutes
mris_inflate utimesec    91.329954
mris_inflate stimesec    1.434341
mris_inflate ru_maxrss   254740
mris_inflate ru_ixrss    0
mris_inflate ru_idrss    0
mris_inflate ru_isrss    0
mris_inflate ru_minflt   245867
mris_inflate ru_majflt   4
mris_inflate ru_nswap    0
mris_inflate ru_inblock  0
mris_inflate ru_oublock  13080
mris_inflate ru_msgsnd   0
mris_inflate ru_msgrcv   0
mris_inflate ru_nsignals 0
mris_inflate ru_nvcsw    20170
mris_inflate ru_nivcsw   433
#--------------------------------------------
#@# Curv .H and .K rh Tue Mar 10 00:35:23 CET 2026
/out/sourcedata/freesurfer/sub-v1s2x0051478_ses-1/surf

 mris_curvature -w -seed 1234 rh.white.preaparc 

setting seed for random number generator to 1234
total integrated curvature = 27.044*4pi (339.847) --> -26 handles
ICI = 161.8, FI = 1599.3, variation=25077.404
writing Gaussian curvature to ./rh.white.preaparc.K...done.
writing mean curvature to ./rh.white.preaparc.H...done.
rm -f rh.white.H
ln -s rh.white.preaparc.H rh.white.H
rm -f rh.white.K
ln -s rh.white.preaparc.K rh.white.K

 mris_curvature -seed 1234 -thresh .999 -n -a 5 -w -distances 10 10 rh.inflated 

setting seed for random number generator to 1234
normalizing curvature values.
averaging curvature patterns 5 times.
sampling 10 neighbors out to a distance of 10 mm
266 vertices thresholded to be in k1 ~ [-0.27 0.45], k2 ~ [-0.13 0.09]
total integrated curvature = 0.435*4pi (5.470) --> 1 handles
ICI = 1.7, FI = 12.6, variation=211.290
151 vertices thresholded to be in [-0.01 0.02]
writing Gaussian curvature to ./rh.inflated.K...thresholding curvature at 99.90% level
curvature mean = 0.000, std = 0.001
191 vertices thresholded to be in [-0.16 0.21]
done.
writing mean curvature to ./rh.inflated.H...curvature mean = -0.015, std = 0.025
done.
#--------------------------------------------
#@# Sphere rh Tue Mar 10 00:36:18 CET 2026
/out/sourcedata/freesurfer/sub-v1s2x0051478_ses-1/scripts

 mris_sphere -seed 1234 ../surf/rh.inflated ../surf/rh.sphere 

setting seed for random number genererator to 1234
version: 7.3.2
available threads: 16
reading original vertex positions...
projecting onto sphere...
surface projected - minimizing metric distortion...
scaling brain by 0.258...
MRISunfold() max_passes = 1 -------
tol=5.0e-01, sigma=0.0, host=dna02, nav=1024, nbrs=2, l_area=1.000, l_dist=1.000
using quadratic fit line minimization
complete_dist_mat 0
rms 0
smooth_averages 0
remove_neg 0
ico_order 0
which_surface 0
target_radius 0.000000
nfields 0
scale 1.000000
desired_rms_height -1.000000
momentum 0.900000
nbhd_size 7
max_nbrs 8
niterations 25
nsurfaces 0
SURFACES 3
flags 0 (0)
use curv 0
no sulc 0
no rigid align 0
mris->nsize 2
mris->hemisphere 1
randomSeed 1234

singular matrix in quadratic form
singular matrix in quadratic form
--------------------
  mrisRemoveNegativeArea()
pass 1: epoch 1 of 3 starting distance error %21.05
pass 1: epoch 2 of 3 starting distance error %20.98
unfolding complete - removing small folds...
starting distance error %20.92
removing remaining folds...
final distance error %20.96
MRISunfold() return, current seed 1234
-01: dt=0.0000,  11 negative triangles  VmPeak 1994304
194: dt=0.9900,  11 negative triangles
195: dt=0.9900,   2 negative triangles
writing spherical brain to ../surf/rh.sphere
spherical transformation took 0.0836 hours
FSRUNTIME@ mris_sphere  0.0836 hours 16 threads
#VMPC# mris_sphere VmPeak  1994304
mris_sphere done
#--------------------------------------------
#@# Surf Reg rh Tue Mar 10 00:41:19 CET 2026
/out/sourcedata/freesurfer/sub-v1s2x0051478_ses-1/scripts

 mris_register -curv ../surf/rh.sphere /opt/freesurfer/average/rh.folding.atlas.acfb40.noaparc.i12.2016-08-02.tif ../surf/rh.sphere.reg 

using smoothwm curvature for final alignment

cwd /out/sourcedata/freesurfer/sub-v1s2x0051478_ses-1/scripts
cmdline mris_register -curv ../surf/rh.sphere /opt/freesurfer/average/rh.folding.atlas.acfb40.noaparc.i12.2016-08-02.tif ../surf/rh.sphere.reg 

0 inflated.H
1 sulc
2 smoothwm (computed)
7.3.2
  7.3.2
reading surface from ../surf/rh.sphere...
reading template parameterization from /opt/freesurfer/average/rh.folding.atlas.acfb40.noaparc.i12.2016-08-02.tif...
MRISregister() -------
max_passes = 4 
min_degrees = 0.500000 
max_degrees = 64.000000 
nangles = 8 
tol=5.0e-01, sigma=0.0, host=dna02, nav=1024, nbrs=1, l_extern=10000.000, l_parea=0.200, l_nlarea=1.000, l_corr=1.000, l_dist=5.000
using quadratic fit line minimization
complete_dist_mat 0
rms 0
smooth_averages 0
remove_neg 0
ico_order 0
which_surface 0
target_radius 0.000000
nfields 0
scale 0.000000
desired_rms_height -1.000000
momentum 0.950000
nbhd_size -10
max_nbrs 10
niterations 25
nsurfaces 0
SURFACES 3
flags 16 (10)
use curv 16
no sulc 0
no rigid align 0
mris->nsize 1
mris->hemisphere 1
randomSeed 0

tol=5.0e-01, sigma=0.0, host=dna02, nav=1024, nbrs=1, l_extern=10000.000, l_parea=0.200, l_nlarea=1.000, l_corr=1.000, l_dist=5.000
using quadratic fit line minimization
--------------------
1 Reading rh.sulc
tol=1.0e+00, sigma=0.5, host=dna02, nav=1024, nbrs=1, l_extern=10000.000, l_parea=0.200, l_nlarea=1.000, l_corr=0.050, l_spring=0.500, l_dist=5.000
using quadratic fit line minimization
curvature mean = -0.000, std = 5.742
curvature mean = 0.037, std = 0.806
curvature mean = 0.017, std = 0.846
Starting MRISrigidBodyAlignGlobal()
Starting new MRISrigidBodyAlignGlobal_findMinSSE()
  new MRISrigidBodyAlignGlobal_findMinSSE min @ (9.50, -10.00, 17.00) sse = 310457.3, elapsed since starting=0.1438 min
MRISrigidBodyAlignGlobal() done   0.14 min
curvature mean = -0.005, std = 0.816
curvature mean = 0.005, std = 0.941
curvature mean = -0.012, std = 0.824
curvature mean = 0.002, std = 0.977
curvature mean = -0.015, std = 0.824
curvature mean = 0.000, std = 0.991
2 Reading smoothwm
curvature mean = -0.021, std = 0.255
curvature mean = 0.033, std = 0.237
curvature mean = 0.054, std = 0.374
curvature mean = 0.030, std = 0.293
curvature mean = 0.028, std = 0.578
curvature mean = 0.029, std = 0.318
curvature mean = 0.015, std = 0.726
curvature mean = 0.029, std = 0.329
curvature mean = 0.005, std = 0.832
MRISregister() return, current seed 0
-01: dt=0.0000,  21 negative triangles  VmPeak 1642204
113: dt=0.9900,  21 negative triangles
114: dt=0.9900,  14 negative triangles
115: dt=0.9900,  13 negative triangles
116: dt=0.9900,   9 negative triangles
117: dt=0.9900,  11 negative triangles
118: dt=0.9900,  13 negative triangles
119: dt=0.9900,   9 negative triangles
120: dt=0.9900,   7 negative triangles
121: dt=0.9900,   7 negative triangles
122: dt=0.9900,   4 negative triangles
123: dt=0.9900,   2 negative triangles
124: dt=0.9900,   2 negative triangles
125: dt=0.9900,   3 negative triangles
126: dt=0.9900,   4 negative triangles
127: dt=0.9900,   1 negative triangles
128: dt=0.9900,   1 negative triangles
129: dt=0.9900,   1 negative triangles
130: dt=0.9900,   2 negative triangles
131: dt=0.9900,   2 negative triangles
writing registered surface to ../surf/rh.sphere.reg...
registration took 0.09 hours
#VMPC# mris_register VmPeak  1642204
FSRUNTIME@ mris_register  0.0896 hours 16 threads

 ln -sf rh.sphere.reg rh.fsaverage.sphere.reg 

#--------------------------------------------
#@# Jacobian white rh Tue Mar 10 00:46:42 CET 2026
/out/sourcedata/freesurfer/sub-v1s2x0051478_ses-1/scripts

 mris_jacobian ../surf/rh.white.preaparc ../surf/rh.sphere.reg ../surf/rh.jacobian_white 

reading surface from ../surf/rh.white.preaparc...
writing curvature file ../surf/rh.jacobian_white
#--------------------------------------------
#@# AvgCurv rh Tue Mar 10 00:46:43 CET 2026
/out/sourcedata/freesurfer/sub-v1s2x0051478_ses-1/scripts

 mrisp_paint -a 5 /opt/freesurfer/average/rh.folding.atlas.acfb40.noaparc.i12.2016-08-02.tif#6 ../surf/rh.sphere.reg ../surf/rh.avg_curv 

averaging curvature patterns 5 times...
reading surface from ../surf/rh.sphere.reg...
reading template parameterization from /opt/freesurfer/average/rh.folding.atlas.acfb40.noaparc.i12.2016-08-02.tif...
writing curvature file to ../surf/rh.avg_curv...
#-----------------------------------------
#@# Cortical Parc rh Tue Mar 10 00:46:44 CET 2026
/out/sourcedata/freesurfer/sub-v1s2x0051478_ses-1/scripts

 mris_ca_label -l ../label/rh.cortex.label -aseg ../mri/aseg.presurf.mgz -seed 1234 sub-v1s2x0051478_ses-1 rh ../surf/rh.sphere.reg /opt/freesurfer/average/rh.DKaparc.atlas.acfb40.noaparc.i12.2016-08-02.gcs ../label/rh.aparc.annot 

setting seed for random number generator to 1234
using ../mri/aseg.presurf.mgz aseg volume to correct midline
7.3.2
  7.3.2
reading atlas from /opt/freesurfer/average/rh.DKaparc.atlas.acfb40.noaparc.i12.2016-08-02.gcs...
reading color table from GCSA file....
average std = 0.7   using min determinant for regularization = 0.004
0 singular and 309 ill-conditioned covariance matrices regularized
input 0: MEAN CURVATURE, flags 0, avgs 5, name mean_curvature
labeling surface...
1345 labels changed using aseg
relabeling using gibbs priors...
000:   3283 changed, 167215 examined...
001:    707 changed, 14028 examined...
002:    140 changed, 4026 examined...
003:     50 changed, 847 examined...
004:     17 changed, 313 examined...
005:      9 changed, 116 examined...
006:      1 changed, 47 examined...
007:      0 changed, 7 examined...
127 labels changed using aseg
000: 101 total segments, 62 labels (236 vertices) changed
001: 38 total segments, 0 labels (0 vertices) changed
10 filter iterations complete (10 requested, 4 changed)
rationalizing unknown annotations with cortex label
relabeling unknown label...
relabeling corpuscallosum label...
1450 vertices marked for relabeling...
1450 labels changed in reclassification.
writing output to ../label/rh.aparc.annot...
classification took 0 minutes and 11 seconds.
#--------------------------------------------
#@# WhiteSurfs rh Tue Mar 10 00:46:55 CET 2026
cd /out/sourcedata/freesurfer/sub-v1s2x0051478_ses-1/mri
mris_place_surface --adgws-in ../surf/autodet.gw.stats.rh.dat --seg aseg.presurf.mgz --threads 16 --wm wm.mgz --invol brain.finalsurfs.mgz --rh --i ../surf/rh.white.preaparc --o ../surf/rh.white --white --nsmooth 0 --rip-label ../label/rh.cortex.label --rip-bg --rip-surf ../surf/rh.white.preaparc --aparc ../label/rh.aparc.annot
7.3.2
7.3.2

cd /out/sourcedata/freesurfer/sub-v1s2x0051478_ses-1/mri
setenv SUBJECTS_DIR /out/sourcedata/freesurfer
mris_place_surface --adgws-in ../surf/autodet.gw.stats.rh.dat --seg aseg.presurf.mgz --threads 16 --wm wm.mgz --invol brain.finalsurfs.mgz --rh --i ../surf/rh.white.preaparc --o ../surf/rh.white --white --nsmooth 0 --rip-label ../label/rh.cortex.label --rip-bg --rip-surf ../surf/rh.white.preaparc --aparc ../label/rh.aparc.annot 

Reading in input surface ../surf/rh.white.preaparc
Not smoothing input surface
Area    334426  0.32140  0.11155 0.002403   2.1904
Corner 1003278 60.00000 13.67873 0.499699 177.9180
Edge    501639  0.87113  0.18816 0.030072   3.4374
Hinge   501639  9.29644 10.37509 0.000017 179.9802
Reading in aparc ../label/rh.aparc.annot
Reading in input volume brain.finalsurfs.mgz
Reading in wm volume wm.mgz
MRIclipBrightWM(): nthresh=23166, wmmin=5, clip=110 
MRIfindBrightNonWM(): 888 bright non-wm voxels segmented.
Masking bright non-wm for white surface
MRImask(): AllowDiffGeom = 1
MRImask(): AllowDiffGeom = 1
Reading in seg volume aseg.presurf.mgz
Ripping frozen voxels
Ripping vertices not in label ../label/rh.cortex.label
MRISripNotLabel() ripped 8852/167215 vertices (158363 unripped)
Reading in ripping surface ../surf/rh.white.preaparc
Reading in aparc ../label/rh.aparc.annot for ripsurf
Ripping BG
MRISripBasalGanglia(): 1 -2 2 0.5 ripped 397
Ripping segs (eg, WMSA, BG, frozen)
Starting MRISripSegs() d = (-2 2 0.5) segnos: 247 
MRISripSegs(): -2 2 0.5 ripped 0
vertex 83608: xyz = (35.8664,-19.3909,84.1616) oxyz = (35.8664,-19.3909,84.1616) wxzy = (35.8664,-19.3909,84.1616) pxyz = (0,0,0) 
CBVO Creating mask 167215
n_averages 4
Iteration 0 =========================================
n_averages=4, current_sigma=2
Computing target border values 
Entering MRIScomputeBorderValues_new(): 
  inside_hi   = 120.0000000;
  border_hi   = 112.1698530;
  border_low  =  85.0000000;
  outside_low =  74.8759840;
  outside_hi  = 112.1698530;
  sigma = 2;
  max_thickness = 10;
  step_size=0.5;
  STEP_SIZE=0.1;
  which = 1
  thresh = 0
  flags = 0
  CBVfindFirstPeakD1=0
  CBVfindFirstPeakD2=0
  nvertices=167215
  Gdiag_no=-1
  vno start=0, stop=167215
Replacing 255s with 0s
#SI# sigma=2 had to be increased for 170 vertices, nripped=9249
mean border=92.9, 122 (122) missing vertices, mean dist 0.5 [0.9 (%15.2)->0.7 (%84.8))]
%62 local maxima, %32 large gradients and % 0 min vals, 0 gradients ignored
nFirstPeakD1 0
MRIScomputeBorderValues_new() finished in 0.0175 min


Finding expansion regions
mean absolute distance = 0.75 +- 0.93
2996 vertices more than 2 sigmas from mean.
Averaging target values for 5 iterations...
Positioning Surface: tspring = 0.3, nspring = 0.3, spring = 0, niters = 100 l_repulse = 5, l_surf_repulse = 0, checktol = 0
Positioning pial surface
Entering MRISpositionSurface()
  max_mm = 0.3
  MAX_REDUCTIONS = 2, REDUCTION_PCT = 0.5
  parms->check_tol = 0, niterations = 100
tol=1.0e-04, sigma=2.0, host=dna02, nav=4, nbrs=2, l_repulse=5.000, l_tspring=0.300, l_nspring=0.300, l_intensity=0.200, l_curv=1.000
mom=0.00, dt=0.50
complete_dist_mat 0
rms 0
smooth_averages 0
remove_neg 0
ico_order 0
which_surface 0
target_radius 0.000000
nfields 0
scale 0.000000
desired_rms_height 0.000000
momentum 0.000000
nbhd_size 0
max_nbrs 0
niterations 100
nsurfaces 0
SURFACES 3
flags 0 (0)
use curv 0
no sulc 0
no rigid align 0
mris->nsize 2
mris->hemisphere 1
randomSeed 0

000: dt: 0.0000, sse=1189581.5, rms=5.510
001: dt: 0.5000, sse=580035.5, rms=3.347 (39.248%)
002: dt: 0.5000, sse=376653.6, rms=2.187 (34.676%)
003: dt: 0.5000, sse=311387.4, rms=1.657 (24.222%)
004: dt: 0.5000, sse=288511.5, rms=1.405 (15.190%)
005: dt: 0.5000, sse=278033.2, rms=1.267 (9.818%)
006: dt: 0.5000, sse=276573.8, rms=1.197 (5.554%)
rms = 1.1556/1.1969, sse=276180.6/276573.7, time step reduction 1 of 3 to 0.250  0 0 1
007: dt: 0.5000, sse=276180.6, rms=1.156 (3.448%)
008: dt: 0.2500, sse=260682.7, rms=0.988 (14.502%)
rms = 0.9614/0.9880, sse=259448.7/260682.7, time step reduction 2 of 3 to 0.125  0 0 1
009: dt: 0.2500, sse=259448.7, rms=0.961 (2.698%)
rms = 0.9506/0.9614, sse=259087.2/259448.7, time step reduction 3 of 3 to 0.062  0 0 1
010: dt: 0.1250, sse=259087.2, rms=0.951 (1.122%)
  maximum number of reductions reached, breaking from loop
positioning took 1.1 minutes
Iteration 1 =========================================
n_averages=2, current_sigma=1
Computing target border values 
Entering MRIScomputeBorderValues_new(): 
  inside_hi   = 120.0000000;
  border_hi   = 112.1698530;
  border_low  =  85.0000000;
  outside_low =  74.8759840;
  outside_hi  = 112.1698530;
  sigma = 1;
  max_thickness = 10;
  step_size=0.5;
  STEP_SIZE=0.1;
  which = 1
  thresh = 0
  flags = 0
  CBVfindFirstPeakD1=0
  CBVfindFirstPeakD2=0
  nvertices=167215
  Gdiag_no=-1
  vno start=0, stop=167215
Replacing 255s with 0s
#SI# sigma=1 had to be increased for 125 vertices, nripped=9249
mean border=94.5, 91 (13) missing vertices, mean dist -0.3 [0.5 (%66.0)->0.3 (%34.0))]
%70 local maxima, %25 large gradients and % 0 min vals, 0 gradients ignored
nFirstPeakD1 0
MRIScomputeBorderValues_new() finished in 0.0135 min


Finding expansion regions
mean absolute distance = 0.42 +- 0.73
3503 vertices more than 2 sigmas from mean.
Averaging target values for 5 iterations...
Positioning Surface: tspring = 0.3, nspring = 0.3, spring = 0, niters = 100 l_repulse = 5, l_surf_repulse = 0, checktol = 0
Positioning pial surface
Entering MRISpositionSurface()
  max_mm = 0.3
  MAX_REDUCTIONS = 2, REDUCTION_PCT = 0.5
  parms->check_tol = 0, niterations = 100
tol=1.0e-04, sigma=1.0, host=dna02, nav=2, nbrs=2, l_repulse=5.000, l_tspring=0.300, l_nspring=0.300, l_intensity=0.200, l_curv=1.000
mom=0.00, dt=0.50
000: dt: 0.0000, sse=523136.2, rms=2.934
011: dt: 0.5000, sse=357499.6, rms=1.822 (37.896%)
012: dt: 0.5000, sse=313487.7, rms=1.382 (24.132%)
013: dt: 0.5000, sse=295461.5, rms=1.150 (16.779%)
014: dt: 0.5000, sse=286681.9, rms=1.015 (11.761%)
rms = 0.9807/1.0150, sse=284404.2/286681.9, time step reduction 1 of 3 to 0.250  0 0 1
015: dt: 0.5000, sse=284404.2, rms=0.981 (3.383%)
rms = 0.8186/0.9807, sse=295971.1/284404.2, time step reduction 2 of 3 to 0.125  0 1 0
016: dt: 0.2500, sse=295971.1, rms=0.819 (16.524%)
rms = 0.8048/0.8186, sse=272502.6/295971.1, time step reduction 3 of 3 to 0.062  0 0 1
017: dt: 0.1250, sse=272502.6, rms=0.805 (1.695%)
  maximum number of reductions reached, breaking from loop
positioning took 0.7 minutes
Iteration 2 =========================================
n_averages=1, current_sigma=0.5
Computing target border values 
Entering MRIScomputeBorderValues_new(): 
  inside_hi   = 120.0000000;
  border_hi   = 112.1698530;
  border_low  =  85.0000000;
  outside_low =  74.8759840;
  outside_hi  = 112.1698530;
  sigma = 0.5;
  max_thickness = 10;
  step_size=0.5;
  STEP_SIZE=0.1;
  which = 1
  thresh = 0
  flags = 0
  CBVfindFirstPeakD1=0
  CBVfindFirstPeakD2=0
  nvertices=167215
  Gdiag_no=-1
  vno start=0, stop=167215
Replacing 255s with 0s
#SI# sigma=0.5 had to be increased for 130 vertices, nripped=9249
mean border=96.4, 87 (8) missing vertices, mean dist -0.3 [0.4 (%74.1)->0.2 (%25.9))]
%82 local maxima, %12 large gradients and % 0 min vals, 0 gradients ignored
nFirstPeakD1 0
MRIScomputeBorderValues_new() finished in 0.0076 min


Finding expansion regions
mean absolute distance = 0.38 +- 0.54
5934 vertices more than 2 sigmas from mean.
Averaging target values for 5 iterations...
Positioning Surface: tspring = 0.3, nspring = 0.3, spring = 0, niters = 100 l_repulse = 5, l_surf_repulse = 0, checktol = 0
Positioning pial surface
Entering MRISpositionSurface()
  max_mm = 0.3
  MAX_REDUCTIONS = 2, REDUCTION_PCT = 0.5
  parms->check_tol = 0, niterations = 100
tol=1.0e-04, sigma=0.5, host=dna02, nav=1, nbrs=2, l_repulse=5.000, l_tspring=0.300, l_nspring=0.300, l_intensity=0.200, l_curv=1.000
mom=0.00, dt=0.50
000: dt: 0.0000, sse=473744.5, rms=2.699
018: dt: 0.5000, sse=322279.3, rms=1.529 (43.350%)
019: dt: 0.5000, sse=293912.8, rms=1.111 (27.336%)
020: dt: 0.5000, sse=280471.5, rms=0.959 (13.703%)
021: dt: 0.5000, sse=275798.0, rms=0.901 (6.038%)
rms = 0.9248/0.9010, sse=278786.5/275798.0, time step reduction 1 of 3 to 0.250  0 1 1
   RMS increased, rejecting step
022: dt: 0.2500, sse=271587.1, rms=0.804 (10.817%)
rms = 0.7622/0.8036, sse=274707.6/271587.1, time step reduction 2 of 3 to 0.125  0 1 1
023: dt: 0.2500, sse=274707.6, rms=0.762 (5.144%)
rms = 0.7550/0.7622, sse=284782.9/274707.6, time step reduction 3 of 3 to 0.062  0 1 1
024: dt: 0.1250, sse=284782.9, rms=0.755 (0.947%)
  maximum number of reductions reached, breaking from loop
positioning took 0.8 minutes
Iteration 3 =========================================
n_averages=0, current_sigma=0.25
Computing target border values 
Entering MRIScomputeBorderValues_new(): 
  inside_hi   = 120.0000000;
  border_hi   = 112.1698530;
  border_low  =  85.0000000;
  outside_low =  74.8759840;
  outside_hi  = 112.1698530;
  sigma = 0.25;
  max_thickness = 10;
  step_size=0.5;
  STEP_SIZE=0.1;
  which = 1
  thresh = 0
  flags = 0
  CBVfindFirstPeakD1=0
  CBVfindFirstPeakD2=0
  nvertices=167215
  Gdiag_no=-1
  vno start=0, stop=167215
Replacing 255s with 0s
#SI# sigma=0.25 had to be increased for 151 vertices, nripped=9249
mean border=97.1, 130 (7) missing vertices, mean dist -0.1 [0.3 (%61.3)->0.2 (%38.7))]
%87 local maxima, % 7 large gradients and % 0 min vals, 0 gradients ignored
nFirstPeakD1 0
MRIScomputeBorderValues_new() finished in 0.0049 min


Finding expansion regions
mean absolute distance = 0.26 +- 0.39
6082 vertices more than 2 sigmas from mean.
Averaging target values for 5 iterations...
Positioning Surface: tspring = 0.3, nspring = 0.3, spring = 0, niters = 100 l_repulse = 5, l_surf_repulse = 0, checktol = 0
Positioning pial surface
Entering MRISpositionSurface()
  max_mm = 0.3
  MAX_REDUCTIONS = 2, REDUCTION_PCT = 0.5
  parms->check_tol = 0, niterations = 100
tol=1.0e-04, sigma=0.2, host=dna02, nav=0, nbrs=2, l_repulse=5.000, l_tspring=0.300, l_nspring=0.300, l_intensity=0.200, l_curv=1.000
mom=0.00, dt=0.50
000: dt: 0.0000, sse=311383.1, rms=1.290
025: dt: 0.5000, sse=283140.2, rms=0.759 (41.182%)
rms = 0.7542/0.7588, sse=277319.5/283140.2, time step reduction 1 of 3 to 0.250  0 0 1
026: dt: 0.5000, sse=277319.5, rms=0.754 (0.606%)
027: dt: 0.2500, sse=270523.4, rms=0.654 (13.228%)
rms = 0.6441/0.6544, sse=269451.3/270523.4, time step reduction 2 of 3 to 0.125  0 0 1
028: dt: 0.2500, sse=269451.3, rms=0.644 (1.571%)
rms = 0.6257/0.6441, sse=269200.1/269451.3, time step reduction 3 of 3 to 0.062  0 0 1
029: dt: 0.1250, sse=269200.1, rms=0.626 (2.860%)
  maximum number of reductions reached, breaking from loop
positioning took 0.5 minutes


Writing output to ../surf/rh.white
#ET# mris_place_surface  3.29 minutes
#VMPC# mris_place_surfaces VmPeak  3332144
mris_place_surface done
#--------------------------------------------
#@# T1PialSurf rh Tue Mar 10 00:50:19 CET 2026
cd /out/sourcedata/freesurfer/sub-v1s2x0051478_ses-1/mri
mris_place_surface --adgws-in ../surf/autodet.gw.stats.rh.dat --seg aseg.presurf.mgz --threads 16 --wm wm.mgz --invol brain.finalsurfs.mgz --rh --i ../surf/rh.white --o ../surf/rh.pial.T1 --pial --nsmooth 0 --rip-label ../label/rh.cortex+hipamyg.label --pin-medial-wall ../label/rh.cortex.label --aparc ../label/rh.aparc.annot --repulse-surf ../surf/rh.white --white-surf ../surf/rh.white
7.3.2
7.3.2

cd /out/sourcedata/freesurfer/sub-v1s2x0051478_ses-1/mri
setenv SUBJECTS_DIR /out/sourcedata/freesurfer
mris_place_surface --adgws-in ../surf/autodet.gw.stats.rh.dat --seg aseg.presurf.mgz --threads 16 --wm wm.mgz --invol brain.finalsurfs.mgz --rh --i ../surf/rh.white --o ../surf/rh.pial.T1 --pial --nsmooth 0 --rip-label ../label/rh.cortex+hipamyg.label --pin-medial-wall ../label/rh.cortex.label --aparc ../label/rh.aparc.annot --repulse-surf ../surf/rh.white --white-surf ../surf/rh.white 

Reading in input surface ../surf/rh.white
Not smoothing input surface
Area    334426  0.32250  0.12273 0.000550   3.1756
Corner 1003278 60.00000 15.00841 0.499699 178.3633
Edge    501639  0.87395  0.20409 0.011472   4.0267
Hinge   501639  9.36382 10.55605 0.000003 179.9886
Reading white surface coordinates from ../surf/rh.white
Reading repulsion surface coordinates from ../surf/rh.white
Reading in aparc ../label/rh.aparc.annot
Reading in input volume brain.finalsurfs.mgz
Reading in wm volume wm.mgz
MRIclipBrightWM(): nthresh=23166, wmmin=5, clip=110 
MRIfindBrightNonWM(): 888 bright non-wm voxels segmented.
Masking bright non-wm for pial surface mid_gray = 78.229
MRImask(): AllowDiffGeom = 1
MRImask(): AllowDiffGeom = 1
MRImask(): AllowDiffGeom = 1
Reading in seg volume aseg.presurf.mgz
Ripping frozen voxels
Ripping vertices not in label ../label/rh.cortex+hipamyg.label
MRISripNotLabel() ripped 5988/167215 vertices (161227 unripped)
INFO: rip surface needed but not specified, so using input surface
Ripping segs (eg, WMSA, BG, frozen)
Starting MRISripSegs() d = (-2 2 0.5) segnos: 247 
MRISripSegs(): -2 2 0.5 ripped 0
vertex 83608: xyz = (35.8882,-19.3412,84.1858) oxyz = (35.8882,-19.3412,84.1858) wxzy = (35.8882,-19.3412,84.1858) pxyz = (35.8882,-19.3412,84.1858) 
CBVO Creating mask 167215
n_averages 16
Iteration 0 =========================================
n_averages=16, current_sigma=2
Computing target border values 
Entering MRIScomputeBorderValues_new(): 
  inside_hi   = 101.8301470;
  border_hi   =  74.8759840;
  border_low  =  54.6279530;
  outside_low =  10.0000000;
  outside_hi  =  69.8139800;
  sigma = 2;
  max_thickness = 10;
  step_size=0.5;
  STEP_SIZE=0.1;
  which = 2
  thresh = 0
  flags = 0
  CBVfindFirstPeakD1=0
  CBVfindFirstPeakD2=0
  nvertices=167215
  Gdiag_no=-1
  vno start=0, stop=167215
Replacing 255s with 0s
#SI# sigma=2 had to be increased for 220 vertices, nripped=5988
mean border=73.4, 158 (158) missing vertices, mean dist 1.5 [0.8 (%0.0)->3.0 (%100.0))]
%12 local maxima, %35 large gradients and %49 min vals, 0 gradients ignored
nFirstPeakD1 0
MRIScomputeBorderValues_new() finished in 0.0147 min


Averaging target values for 5 iterations...
Positioning Surface: tspring = 0.3, nspring = 0.3, spring = 0, niters = 100 l_repulse = 0, l_surf_repulse = 5, checktol = 0
Positioning pial surface
Entering MRISpositionSurface()
  max_mm = 0.3
  MAX_REDUCTIONS = 2, REDUCTION_PCT = 0.5
  parms->check_tol = 0, niterations = 100
tol=1.0e-04, sigma=2.0, host=dna02, nav=16, nbrs=2, l_surf_repulse=5.000, l_tspring=0.300, l_nspring=0.300, l_intensity=0.200, l_curv=1.000
mom=0.00, dt=0.50
complete_dist_mat 0
rms 0
smooth_averages 0
remove_neg 0
ico_order 0
which_surface 0
target_radius 0.000000
nfields 0
scale 0.000000
desired_rms_height 0.000000
momentum 0.000000
nbhd_size 0
max_nbrs 0
niterations 100
nsurfaces 0
SURFACES 3
flags 0 (0)
use curv 0
no sulc 0
no rigid align 0
mris->nsize 2
mris->hemisphere 1
randomSeed 0

000: dt: 0.0000, sse=19952346.0, rms=24.743
001: dt: 0.5000, sse=15680010.0, rms=21.900 (11.492%)
002: dt: 0.5000, sse=12374724.0, rms=19.416 (11.344%)
003: dt: 0.5000, sse=9975864.0, rms=17.391 (10.429%)
004: dt: 0.5000, sse=8245838.0, rms=15.769 (9.327%)
005: dt: 0.5000, sse=6866554.0, rms=14.344 (9.037%)
006: dt: 0.5000, sse=5577524.0, rms=12.869 (10.278%)
007: dt: 0.5000, sse=4365233.5, rms=11.308 (12.130%)
008: dt: 0.5000, sse=3295609.0, rms=9.725 (14.004%)
009: dt: 0.5000, sse=2396097.8, rms=8.158 (16.111%)
010: dt: 0.5000, sse=1715771.0, rms=6.735 (17.448%)
011: dt: 0.5000, sse=1267166.4, rms=5.600 (16.845%)
012: dt: 0.5000, sse=1025800.5, rms=4.880 (12.861%)
013: dt: 0.5000, sse=900866.8, rms=4.459 (8.616%)
014: dt: 0.5000, sse=844609.6, rms=4.254 (4.603%)
015: dt: 0.5000, sse=805592.1, rms=4.105 (3.518%)
016: dt: 0.5000, sse=789513.6, rms=4.039 (1.599%)
017: dt: 0.5000, sse=770529.2, rms=3.960 (1.946%)
rms = 3.9247/3.9603, sse=762452.3/770529.2, time step reduction 1 of 3 to 0.250  0 0 1
018: dt: 0.5000, sse=762452.4, rms=3.925 (0.900%)
019: dt: 0.2500, sse=576222.5, rms=3.077 (21.592%)
020: dt: 0.2500, sse=545644.9, rms=2.915 (5.270%)
rms = 2.9052/2.9151, sse=544242.8/545645.0, time step reduction 2 of 3 to 0.125  0 0 1
021: dt: 0.2500, sse=544242.9, rms=2.905 (0.340%)
022: dt: 0.1250, sse=497750.6, rms=2.640 (9.133%)
rms = 2.6007/2.6399, sse=491382.4/497750.6, time step reduction 3 of 3 to 0.062  0 0 1
023: dt: 0.1250, sse=491382.3, rms=2.601 (1.485%)
  maximum number of reductions reached, breaking from loop
positioning took 2.2 minutes
Iteration 1 =========================================
n_averages=8, current_sigma=1
Computing target border values 
Entering MRIScomputeBorderValues_new(): 
  inside_hi   = 101.8301470;
  border_hi   =  74.8759840;
  border_low  =  54.6279530;
  outside_low =  10.0000000;
  outside_hi  =  69.8139800;
  sigma = 1;
  max_thickness = 10;
  step_size=0.5;
  STEP_SIZE=0.1;
  which = 2
  thresh = 0
  flags = 0
  CBVfindFirstPeakD1=0
  CBVfindFirstPeakD2=0
  nvertices=167215
  Gdiag_no=-1
  vno start=0, stop=167215
Replacing 255s with 0s
#SI# sigma=1 had to be increased for 17949 vertices, nripped=5988
mean border=72.8, 2897 (20) missing vertices, mean dist 0.1 [0.1 (%50.1)->0.5 (%49.9))]
%21 local maxima, %29 large gradients and %45 min vals, 0 gradients ignored
nFirstPeakD1 0
MRIScomputeBorderValues_new() finished in 0.0052 min


Averaging target values for 5 iterations...
Positioning Surface: tspring = 0.3, nspring = 0.3, spring = 0, niters = 100 l_repulse = 0, l_surf_repulse = 5, checktol = 0
Positioning pial surface
Entering MRISpositionSurface()
  max_mm = 0.3
  MAX_REDUCTIONS = 2, REDUCTION_PCT = 0.5
  parms->check_tol = 0, niterations = 100
tol=1.0e-04, sigma=1.0, host=dna02, nav=8, nbrs=2, l_surf_repulse=5.000, l_tspring=0.300, l_nspring=0.300, l_intensity=0.200, l_curv=1.000
mom=0.00, dt=0.50
000: dt: 0.0000, sse=621946.9, rms=3.052
rms = 3.4420/3.0518, sse=703536.1/621946.9, time step reduction 1 of 3 to 0.250  0 1 1
   RMS increased, rejecting step
024: dt: 0.2500, sse=579672.9, rms=2.826 (7.409%)
025: dt: 0.2500, sse=565071.8, rms=2.742 (2.971%)
rms = 2.7978/2.7418, sse=575010.5/565071.7, time step reduction 2 of 3 to 0.125  0 1 1
   RMS increased, rejecting step
026: dt: 0.1250, sse=555608.8, rms=2.687 (2.010%)
027: dt: 0.1250, sse=543209.1, rms=2.612 (2.790%)
rms = 2.5799/2.6117, sse=538029.3/543209.2, time step reduction 3 of 3 to 0.062  0 0 1
028: dt: 0.1250, sse=538029.2, rms=2.580 (1.219%)
  maximum number of reductions reached, breaking from loop
positioning took 0.6 minutes
Iteration 2 =========================================
n_averages=4, current_sigma=0.5
Computing target border values 
Entering MRIScomputeBorderValues_new(): 
  inside_hi   = 101.8301470;
  border_hi   =  74.8759840;
  border_low  =  54.6279530;
  outside_low =  10.0000000;
  outside_hi  =  69.8139800;
  sigma = 0.5;
  max_thickness = 10;
  step_size=0.5;
  STEP_SIZE=0.1;
  which = 2
  thresh = 0
  flags = 0
  CBVfindFirstPeakD1=0
  CBVfindFirstPeakD2=0
  nvertices=167215
  Gdiag_no=-1
  vno start=0, stop=167215
Replacing 255s with 0s
#SI# sigma=0.5 had to be increased for 19413 vertices, nripped=5988
mean border=72.7, 3104 (12) missing vertices, mean dist 0.1 [0.1 (%49.6)->0.4 (%50.4))]
%30 local maxima, %19 large gradients and %45 min vals, 0 gradients ignored
nFirstPeakD1 0
MRIScomputeBorderValues_new() finished in 0.0025 min


Averaging target values for 5 iterations...
Positioning Surface: tspring = 0.3, nspring = 0.3, spring = 0, niters = 100 l_repulse = 0, l_surf_repulse = 5, checktol = 0
Positioning pial surface
Entering MRISpositionSurface()
  max_mm = 0.3
  MAX_REDUCTIONS = 2, REDUCTION_PCT = 0.5
  parms->check_tol = 0, niterations = 100
tol=1.0e-04, sigma=0.5, host=dna02, nav=4, nbrs=2, l_surf_repulse=5.000, l_tspring=0.300, l_nspring=0.300, l_intensity=0.200, l_curv=1.000
mom=0.00, dt=0.50
000: dt: 0.0000, sse=548840.8, rms=2.639
rms = 3.0186/2.6387, sse=616671.3/548840.7, time step reduction 1 of 3 to 0.250  0 1 1
   RMS increased, rejecting step
029: dt: 0.2500, sse=530448.0, rms=2.528 (4.213%)
rms = 2.5141/2.5276, sse=527877.8/530448.0, time step reduction 2 of 3 to 0.125  0 0 1
030: dt: 0.2500, sse=527877.8, rms=2.514 (0.531%)
031: dt: 0.1250, sse=518330.6, rms=2.452 (2.454%)
rms = 2.4273/2.4524, sse=514361.0/518330.6, time step reduction 3 of 3 to 0.062  0 0 1
032: dt: 0.1250, sse=514361.0, rms=2.427 (1.022%)
  maximum number of reductions reached, breaking from loop
positioning took 0.4 minutes
Iteration 3 =========================================
n_averages=2, current_sigma=0.25
Computing target border values 
Entering MRIScomputeBorderValues_new(): 
  inside_hi   = 101.8301470;
  border_hi   =  74.8759840;
  border_low  =  54.6279530;
  outside_low =  10.0000000;
  outside_hi  =  69.8139800;
  sigma = 0.25;
  max_thickness = 10;
  step_size=0.5;
  STEP_SIZE=0.1;
  which = 2
  thresh = 0
  flags = 0
  CBVfindFirstPeakD1=0
  CBVfindFirstPeakD2=0
  nvertices=167215
  Gdiag_no=-1
  vno start=0, stop=167215
Replacing 255s with 0s
#SI# sigma=0.25 had to be increased for 16482 vertices, nripped=5988
mean border=72.3, 7049 (12) missing vertices, mean dist 0.1 [0.1 (%48.5)->0.3 (%51.5))]
%34 local maxima, %15 large gradients and %43 min vals, 0 gradients ignored
nFirstPeakD1 0
MRIScomputeBorderValues_new() finished in 0.0018 min


Averaging target values for 5 iterations...
Positioning Surface: tspring = 0.3, nspring = 0.3, spring = 0, niters = 100 l_repulse = 0, l_surf_repulse = 5, checktol = 0
Positioning pial surface
Entering MRISpositionSurface()
  max_mm = 0.3
  MAX_REDUCTIONS = 2, REDUCTION_PCT = 0.5
  parms->check_tol = 0, niterations = 100
tol=1.0e-04, sigma=0.2, host=dna02, nav=2, nbrs=2, l_surf_repulse=5.000, l_tspring=0.300, l_nspring=0.300, l_intensity=0.200, l_curv=1.000
mom=0.00, dt=0.50
000: dt: 0.0000, sse=521704.2, rms=2.470
rms = 2.8744/2.4703, sse=589241.4/521704.2, time step reduction 1 of 3 to 0.250  0 1 1
   RMS increased, rejecting step
033: dt: 0.2500, sse=508451.7, rms=2.386 (3.430%)
rms = 2.3724/2.3856, sse=505751.5/508451.7, time step reduction 2 of 3 to 0.125  0 0 1
034: dt: 0.2500, sse=505751.5, rms=2.372 (0.552%)
035: dt: 0.1250, sse=496217.7, rms=2.308 (2.718%)
rms = 2.2788/2.3079, sse=491749.7/496217.7, time step reduction 3 of 3 to 0.062  0 0 1
036: dt: 0.1250, sse=491749.7, rms=2.279 (1.262%)
  maximum number of reductions reached, breaking from loop
positioning took 0.4 minutes
Pinning medial wall to white surface
removing intersecting faces
000: 23 intersecting
001: 9 intersecting
terminating search with 0 intersecting


Writing output to ../surf/rh.pial.T1
#ET# mris_place_surface  3.79 minutes
#VMPC# mris_place_surfaces VmPeak  2540720
mris_place_surface done
#@# white curv rh Tue Mar 10 00:54:13 CET 2026
cd /out/sourcedata/freesurfer/sub-v1s2x0051478_ses-1/mri
mris_place_surface --curv-map ../surf/rh.white 2 10 ../surf/rh.curv
insurf  ../surf/rh.white, nbrs 2, curvature_avgs 10
writing curvature file ../surf/rh.curv
#@# white area rh Tue Mar 10 00:54:15 CET 2026
cd /out/sourcedata/freesurfer/sub-v1s2x0051478_ses-1/mri
mris_place_surface --area-map ../surf/rh.white ../surf/rh.area
writing curvature file ../surf/rh.area
#@# pial curv rh Tue Mar 10 00:54:16 CET 2026
cd /out/sourcedata/freesurfer/sub-v1s2x0051478_ses-1/mri
mris_place_surface --curv-map ../surf/rh.pial 2 10 ../surf/rh.curv.pial
insurf  ../surf/rh.pial, nbrs 2, curvature_avgs 10
writing curvature file ../surf/rh.curv.pial
#@# pial area rh Tue Mar 10 00:54:18 CET 2026
cd /out/sourcedata/freesurfer/sub-v1s2x0051478_ses-1/mri
mris_place_surface --area-map ../surf/rh.pial ../surf/rh.area.pial
writing curvature file ../surf/rh.area.pial
#@# thickness rh Tue Mar 10 00:54:19 CET 2026
cd /out/sourcedata/freesurfer/sub-v1s2x0051478_ses-1/mri
mris_place_surface --thickness ../surf/rh.white ../surf/rh.pial 20 5 ../surf/rh.thickness
0 of 167215 vertices processed
25000 of 167215 vertices processed
50000 of 167215 vertices processed
75000 of 167215 vertices processed
100000 of 167215 vertices processed
125000 of 167215 vertices processed
150000 of 167215 vertices processed
0 of 167215 vertices processed
25000 of 167215 vertices processed
50000 of 167215 vertices processed
75000 of 167215 vertices processed
100000 of 167215 vertices processed
125000 of 167215 vertices processed
150000 of 167215 vertices processed
thickness calculation complete, 333:1224 truncations.
81337 vertices at 0 distance
141634 vertices at 1 distance
70302 vertices at 2 distance
25584 vertices at 3 distance
9737 vertices at 4 distance
3437 vertices at 5 distance
1244 vertices at 6 distance
491 vertices at 7 distance
205 vertices at 8 distance
119 vertices at 9 distance
93 vertices at 10 distance
57 vertices at 11 distance
45 vertices at 12 distance
36 vertices at 13 distance
24 vertices at 14 distance
14 vertices at 15 distance
11 vertices at 16 distance
10 vertices at 17 distance
17 vertices at 18 distance
19 vertices at 19 distance
14 vertices at 20 distance
writing curvature file ../surf/rh.thickness
#@# area and vertex vol rh Tue Mar 10 00:54:54 CET 2026
cd /out/sourcedata/freesurfer/sub-v1s2x0051478_ses-1/mri
mris_place_surface --thickness ../surf/rh.white ../surf/rh.pial 20 5 ../surf/rh.thickness
/out/sourcedata/freesurfer/sub-v1s2x0051478_ses-1/surf
mris_calc -o rh.area.mid rh.area add rh.area.pial
Saving result to 'rh.area.mid' (type = MRI_CURV_FILE)                       [ ok ]
mris_calc -o rh.area.mid rh.area.mid div 2
Saving result to 'rh.area.mid' (type = MRI_CURV_FILE)                       [ ok ]
mris_convert --volume sub-v1s2x0051478_ses-1 rh /out/sourcedata/freesurfer/sub-v1s2x0051478_ses-1/surf/rh.volume
masking with /out/sourcedata/freesurfer/sub-v1s2x0051478_ses-1/label/rh.cortex.label
Total face volume 283064
Total vertex volume 282831 (mask=0)
#@# sub-v1s2x0051478_ses-1 rh 282831
 
vertexvol Done

#-----------------------------------------
#@# Curvature Stats rh Tue Mar 10 00:54:56 CET 2026
/out/sourcedata/freesurfer/sub-v1s2x0051478_ses-1/surf

 mris_curvature_stats -m --writeCurvatureFiles -G -o ../stats/rh.curv.stats -F smoothwm sub-v1s2x0051478_ses-1 rh curv sulc 

             Toggling save flag on curvature files                       [ ok ]
                 Outputting results using filestem   [ ../stats/rh.curv.stats ]
             Toggling save flag on curvature files                       [ ok ]
                                   Setting surface [ sub-v1s2x0051478_ses-1/rh.smoothwm ]
                                Reading surface...                       [ ok ]
                                   Setting texture                     [ curv ]
                                Reading texture...                       [ ok ]
                                   Setting texture                     [ sulc ]
                                Reading texture...Gb_filter = 0
                       [ ok ]
      Calculating Discrete Principal Curvatures...
      Determining geometric order for vno faces... [####################] [ ok ]
                      Determining KH curvatures... [####################] [ ok ]
                    Determining k1k2 curvatures... [####################] [ ok ]
                                   deltaViolations                      [ 323 ]
Gb_filter = 0

WARN:    S lookup   min:                          -0.220838
WARN:    S explicit min:                          0.000000	vertex = 1955
#-----------------------------------------
#@# Cortical Parc 2 rh Tue Mar 10 00:54:59 CET 2026
/out/sourcedata/freesurfer/sub-v1s2x0051478_ses-1/scripts

 mris_ca_label -l ../label/rh.cortex.label -aseg ../mri/aseg.presurf.mgz -seed 1234 sub-v1s2x0051478_ses-1 rh ../surf/rh.sphere.reg /opt/freesurfer/average/rh.CDaparc.atlas.acfb40.noaparc.i12.2016-08-02.gcs ../label/rh.aparc.a2009s.annot 

setting seed for random number generator to 1234
using ../mri/aseg.presurf.mgz aseg volume to correct midline
7.3.2
  7.3.2
reading atlas from /opt/freesurfer/average/rh.CDaparc.atlas.acfb40.noaparc.i12.2016-08-02.gcs...
reading color table from GCSA file....
average std = 1.4   using min determinant for regularization = 0.021
0 singular and 0 ill-conditioned covariance matrices regularized
input 0: MEAN CURVATURE, flags 0, avgs 5, name mean_curvature
labeling surface...
4 labels changed using aseg
relabeling using gibbs priors...
000:  10633 changed, 167215 examined...
001:   2444 changed, 41638 examined...
002:    743 changed, 13140 examined...
003:    319 changed, 4228 examined...
004:    181 changed, 1897 examined...
005:     75 changed, 987 examined...
006:     46 changed, 448 examined...
007:     20 changed, 258 examined...
008:     16 changed, 122 examined...
009:      4 changed, 80 examined...
010:      1 changed, 27 examined...
011:      0 changed, 6 examined...
3 labels changed using aseg
000: 240 total segments, 157 labels (2092 vertices) changed
001: 91 total segments, 8 labels (23 vertices) changed
002: 83 total segments, 0 labels (0 vertices) changed
10 filter iterations complete (10 requested, 56 changed)
rationalizing unknown annotations with cortex label
relabeling Medial_wall label...
1042 vertices marked for relabeling...
1042 labels changed in reclassification.
writing output to ../label/rh.aparc.a2009s.annot...
classification took 0 minutes and 15 seconds.
#-----------------------------------------
#@# Cortical Parc 3 rh Tue Mar 10 00:55:14 CET 2026
/out/sourcedata/freesurfer/sub-v1s2x0051478_ses-1/scripts

 mris_ca_label -l ../label/rh.cortex.label -aseg ../mri/aseg.presurf.mgz -seed 1234 sub-v1s2x0051478_ses-1 rh ../surf/rh.sphere.reg /opt/freesurfer/average/rh.DKTaparc.atlas.acfb40.noaparc.i12.2016-08-02.gcs ../label/rh.aparc.DKTatlas.annot 

setting seed for random number generator to 1234
using ../mri/aseg.presurf.mgz aseg volume to correct midline
7.3.2
  7.3.2
reading atlas from /opt/freesurfer/average/rh.DKTaparc.atlas.acfb40.noaparc.i12.2016-08-02.gcs...
reading color table from GCSA file....
average std = 0.9   using min determinant for regularization = 0.009
0 singular and 325 ill-conditioned covariance matrices regularized
input 0: MEAN CURVATURE, flags 0, avgs 5, name mean_curvature
labeling surface...
1567 labels changed using aseg
relabeling using gibbs priors...
000:   2271 changed, 167215 examined...
001:    518 changed, 10550 examined...
002:    131 changed, 2966 examined...
003:     47 changed, 792 examined...
004:     26 changed, 269 examined...
005:     13 changed, 133 examined...
006:     11 changed, 71 examined...
007:     10 changed, 56 examined...
008:     10 changed, 58 examined...
009:      7 changed, 43 examined...
010:      6 changed, 37 examined...
011:      7 changed, 36 examined...
012:      3 changed, 27 examined...
013:      3 changed, 21 examined...
014:      1 changed, 13 examined...
015:      0 changed, 7 examined...
203 labels changed using aseg
000: 53 total segments, 20 labels (222 vertices) changed
001: 35 total segments, 2 labels (4 vertices) changed
002: 33 total segments, 0 labels (0 vertices) changed
10 filter iterations complete (10 requested, 7 changed)
rationalizing unknown annotations with cortex label
relabeling unknown label...
relabeling corpuscallosum label...
901 vertices marked for relabeling...
901 labels changed in reclassification.
writing output to ../label/rh.aparc.DKTatlas.annot...
classification took 0 minutes and 12 seconds.
#-----------------------------------------
#@# WM/GM Contrast rh Tue Mar 10 00:55:26 CET 2026
/out/sourcedata/freesurfer/sub-v1s2x0051478_ses-1/scripts

 pctsurfcon --s sub-v1s2x0051478_ses-1 --rh-only 

Log file is /out/sourcedata/freesurfer/sub-v1s2x0051478_ses-1/scripts/pctsurfcon.log
Tue Mar 10 00:55:26 CET 2026
setenv SUBJECTS_DIR /out/sourcedata/freesurfer
cd /out/sourcedata/freesurfer/sub-v1s2x0051478_ses-1/scripts
/opt/freesurfer/bin/pctsurfcon
pctsurfcon 7.3.2
Linux dna029 5.14.0-427.37.1.el9_4.x86_64 #1 SMP PREEMPT_DYNAMIC Fri Sep 13 12:41:50 EDT 2024 x86_64 x86_64 x86_64 GNU/Linux
FREESURFER_HOME /opt/freesurfer
mri_vol2surf --mov /out/sourcedata/freesurfer/sub-v1s2x0051478_ses-1/mri/rawavg.mgz --hemi rh --noreshape --interp trilinear --projdist -1 --o /out/sourcedata/freesurfer/sub-v1s2x0051478_ses-1/surf/tmp.pctsurfcon.4117600/rh.wm.mgh --regheader sub-v1s2x0051478_ses-1 --cortex
srcvol = /out/sourcedata/freesurfer/sub-v1s2x0051478_ses-1/mri/rawavg.mgz
srcreg unspecified
srcregold = 0
srcwarp unspecified
surf = white
hemi = rh
ProjDist = -1
reshape = 0
interp = trilinear
float2int = round
GetProjMax = 0
INFO: float2int code = 0
Done loading volume
Computing registration from header.
  Using /out/sourcedata/freesurfer/sub-v1s2x0051478_ses-1/mri/orig.mgz as target reference.
-------- original matrix -----------
-1.00000   0.00000   0.00000   0.00001;
 0.00000   0.00000   1.00000   0.00000;
 0.00000  -1.00000   0.00000   0.00000;
 0.00000   0.00000   0.00000   1.00000;
-------- original matrix -----------
Loading label /out/sourcedata/freesurfer/sub-v1s2x0051478_ses-1/label/rh.cortex.label
Reading surface /out/sourcedata/freesurfer/sub-v1s2x0051478_ses-1/surf/rh.white
Done reading source surface
Mapping Source Volume onto Source Subject Surface
Projecting -1 -1 1
 1 -1 -1 -1
using old
Done mapping volume to surface
Number of source voxels hit = 94574
Masking with /out/sourcedata/freesurfer/sub-v1s2x0051478_ses-1/label/rh.cortex.label
Writing to /out/sourcedata/freesurfer/sub-v1s2x0051478_ses-1/surf/tmp.pctsurfcon.4117600/rh.wm.mgh
Dim: 167215 1 1
mri_vol2surf --mov /out/sourcedata/freesurfer/sub-v1s2x0051478_ses-1/mri/rawavg.mgz --hemi rh --noreshape --interp trilinear --o /out/sourcedata/freesurfer/sub-v1s2x0051478_ses-1/surf/tmp.pctsurfcon.4117600/rh.gm.mgh --projfrac 0.3 --regheader sub-v1s2x0051478_ses-1 --cortex
srcvol = /out/sourcedata/freesurfer/sub-v1s2x0051478_ses-1/mri/rawavg.mgz
srcreg unspecified
srcregold = 0
srcwarp unspecified
surf = white
hemi = rh
ProjFrac = 0.3
thickness = thickness
reshape = 0
interp = trilinear
float2int = round
GetProjMax = 0
INFO: float2int code = 0
Done loading volume
Computing registration from header.
  Using /out/sourcedata/freesurfer/sub-v1s2x0051478_ses-1/mri/orig.mgz as target reference.
-------- original matrix -----------
-1.00000   0.00000   0.00000   0.00001;
 0.00000   0.00000   1.00000   0.00000;
 0.00000  -1.00000   0.00000   0.00000;
 0.00000   0.00000   0.00000   1.00000;
-------- original matrix -----------
Loading label /out/sourcedata/freesurfer/sub-v1s2x0051478_ses-1/label/rh.cortex.label
Reading surface /out/sourcedata/freesurfer/sub-v1s2x0051478_ses-1/surf/rh.white
Done reading source surface
Reading thickness /out/sourcedata/freesurfer/sub-v1s2x0051478_ses-1/surf/rh.thickness
Done
Mapping Source Volume onto Source Subject Surface
Projecting 0.3 0.3 1
 1 0.3 0.3 0.3
using old
Done mapping volume to surface
Number of source voxels hit = 111881
Masking with /out/sourcedata/freesurfer/sub-v1s2x0051478_ses-1/label/rh.cortex.label
Writing to /out/sourcedata/freesurfer/sub-v1s2x0051478_ses-1/surf/tmp.pctsurfcon.4117600/rh.gm.mgh
Dim: 167215 1 1
mri_concat /out/sourcedata/freesurfer/sub-v1s2x0051478_ses-1/surf/tmp.pctsurfcon.4117600/rh.wm.mgh /out/sourcedata/freesurfer/sub-v1s2x0051478_ses-1/surf/tmp.pctsurfcon.4117600/rh.gm.mgh --paired-diff-norm --mul 100 --o /out/sourcedata/freesurfer/sub-v1s2x0051478_ses-1/surf/rh.w-g.pct.mgh
ninputs = 2
Checking inputs
nframestot = 2
Allocing output
Done allocing
Combining pairs
nframes = 1
Multiplying by 100.000000
Writing to /out/sourcedata/freesurfer/sub-v1s2x0051478_ses-1/surf/rh.w-g.pct.mgh
mri_segstats --in /out/sourcedata/freesurfer/sub-v1s2x0051478_ses-1/surf/rh.w-g.pct.mgh --annot sub-v1s2x0051478_ses-1 rh aparc --sum /out/sourcedata/freesurfer/sub-v1s2x0051478_ses-1/stats/rh.w-g.pct.stats --snr

7.3.2
cwd 
cmdline mri_segstats --in /out/sourcedata/freesurfer/sub-v1s2x0051478_ses-1/surf/rh.w-g.pct.mgh --annot sub-v1s2x0051478_ses-1 rh aparc --sum /out/sourcedata/freesurfer/sub-v1s2x0051478_ses-1/stats/rh.w-g.pct.stats --snr 
sysname  Linux
hostname dna029
machine  x86_64
user     oesteban
whitesurfname  white
UseRobust  0
Constructing seg from annotation

Reading annotation /out/sourcedata/freesurfer/sub-v1s2x0051478_ses-1/label/rh.aparc.annot
Seg base 2000
Loading /out/sourcedata/freesurfer/sub-v1s2x0051478_ses-1/surf/rh.w-g.pct.mgh
Vertex Area is 0.644989 mm^3
Generating list of segmentation ids
Found  36 segmentations
Computing statistics for each segmentation

Reporting on  35 segmentations
Using PrintSegStat
mri_segstats done
Cleaning up

Started at Tue Mar 10 00:24:11 CET 2026 
Ended   at Tue Mar 10 00:55:30 CET 2026
#@#%# recon-all-run-time-hours 0.522
recon-all -s sub-v1s2x0051478_ses-1 finished without error at Tue Mar 10 00:55:30 CET 2026



#New# invocation of recon-all 




Tue Mar 10 01:11:42 CET 2026
cd /out/sourcedata/freesurfer/sub-v1s2x0051478_ses-1
setenv SUBJECTS_DIR /out/sourcedata/freesurfer
/opt/freesurfer/bin/recon-all -autorecon-hemi rh -nohyporelabel -rh-only -openmp 16 -subjid sub-v1s2x0051478_ses-1 -sd /out/sourcedata/freesurfer -notessellate -nosmooth1 -noinflate1 -noqsphere -nofix -nowhite -nosmooth2 -noinflate2 -nocurvHK -nocurvstats -nosphere -nosurfreg -nojacobian_white -noavgcurv -nocortparc -nopial -nocortparc2 -nocortparc3 -nopctsurfcon

subjid sub-v1s2x0051478_ses-1
setenv SUBJECTS_DIR /out/sourcedata/freesurfer
FREESURFER_HOME /opt/freesurfer
Actual FREESURFER_HOME /opt/freesurfer
build-stamp.txt: freesurfer-linux-ubuntu22_x86_64-7.3.2-20220804-6354275
Linux dna029 5.14.0-427.37.1.el9_4.x86_64 #1 SMP PREEMPT_DYNAMIC Fri Sep 13 12:41:50 EDT 2024 x86_64 x86_64 x86_64 GNU/Linux
cputime      unlimited
filesize     unlimited
datasize     unlimited
stacksize    8192 kbytes
coredumpsize 0 kbytes
memoryuse    67108864 kbytes
vmemoryuse   unlimited
descriptors  1024 
memorylocked unlimited
maxproc      2061970 
maxlocks     unlimited
maxsignal    2061970 
maxmessage   819200 
maxnice      0 
maxrtprio    0 
maxrttime    unlimited

               total        used        free      shared  buff/cache   available
Mem:           503Gi        50Gi       415Gi       9.1Gi        36Gi       440Gi
Swap:             0B          0B          0B

########################################
program versions used
7.3.2 (freesurfer-linux-ubuntu22_x86_64-7.3.2-20220804-6354275)
7.3.2

ProgramName: lta_convert  ProgramArguments: lta_convert -all-info  ProgramVersion: 7.3.2  TimeStamp: 2026/03/10-00:11:42-GMT  BuildTime: Aug  4 2022 06:17:15  BuildStamp: freesurfer-linux-ubuntu22_x86_64-7.3.2-20220804-6354275  User: oesteban  Machine: dna029  Platform: Linux  PlatformVersion: 5.14.0-427.37.1.el9_4.x86_64  CompilerName: GCC  CompilerVersion: 8.4.0
ProgramName: mri_and  ProgramArguments: mri_and -all-info  ProgramVersion: 7.3.2  TimeStamp: 2026/03/10-00:11:42-GMT  BuildTime: Aug  4 2022 06:17:15  BuildStamp: freesurfer-linux-ubuntu22_x86_64-7.3.2-20220804-6354275  User: oesteban  Machine: dna029  Platform: Linux  PlatformVersion: 5.14.0-427.37.1.el9_4.x86_64  CompilerName: GCC  CompilerVersion: 8.4.0
ProgramName: mri_annotation2label  ProgramArguments: mri_annotation2label -all-info  ProgramVersion: 7.3.2  TimeStamp: 2026/03/10-00:11:42-GMT  BuildTime: Aug  4 2022 06:17:15  BuildStamp: freesurfer-linux-ubuntu22_x86_64-7.3.2-20220804-6354275  User: oesteban  Machine: dna029  Platform: Linux  PlatformVersion: 5.14.0-427.37.1.el9_4.x86_64  CompilerName: GCC  CompilerVersion: 8.4.0
ProgramName: mri_aparc2aseg  ProgramArguments: mri_aparc2aseg -all-info  ProgramVersion: 7.3.2  TimeStamp: 2026/03/10-00:11:42-GMT  BuildTime: Aug  4 2022 06:17:15  BuildStamp: freesurfer-linux-ubuntu22_x86_64-7.3.2-20220804-6354275  User: oesteban  Machine: dna029  Platform: Linux  PlatformVersion: 5.14.0-427.37.1.el9_4.x86_64  CompilerName: GCC  CompilerVersion: 8.4.0
ProgramName: mri_surf2volseg  ProgramArguments: mri_surf2volseg -all-info  ProgramVersion: 7.3.2  TimeStamp: 2026/03/10-00:11:42-GMT  BuildTime: Aug  4 2022 06:17:15  BuildStamp: freesurfer-linux-ubuntu22_x86_64-7.3.2-20220804-6354275  User: oesteban  Machine: dna029  Platform: Linux  PlatformVersion: 5.14.0-427.37.1.el9_4.x86_64  CompilerName: GCC  CompilerVersion: 8.4.0
ProgramName: mri_binarize  ProgramArguments: mri_binarize -all-info  ProgramVersion: 7.3.2  TimeStamp: 2026/03/10-00:11:42-GMT  BuildTime: Aug  4 2022 06:17:15  BuildStamp: freesurfer-linux-ubuntu22_x86_64-7.3.2-20220804-6354275  User: oesteban  Machine: dna029  Platform: Linux  PlatformVersion: 5.14.0-427.37.1.el9_4.x86_64  CompilerName: GCC  CompilerVersion: 8.4.0
ProgramName: mri_ca_label  ProgramArguments: mri_ca_label -all-info  ProgramVersion: 7.3.2  TimeStamp: 2026/03/10-00:11:42-GMT  BuildTime: Aug  4 2022 06:17:15  BuildStamp: freesurfer-linux-ubuntu22_x86_64-7.3.2-20220804-6354275  User: oesteban  Machine: dna029  Platform: Linux  PlatformVersion: 5.14.0-427.37.1.el9_4.x86_64  CompilerName: GCC  CompilerVersion: 8.4.0
ProgramName: mri_ca_normalize  ProgramArguments: mri_ca_normalize -all-info  ProgramVersion: 7.3.2  TimeStamp: 2026/03/10-00:11:42-GMT  BuildTime: Aug  4 2022 06:17:15  BuildStamp: freesurfer-linux-ubuntu22_x86_64-7.3.2-20220804-6354275  User: oesteban  Machine: dna029  Platform: Linux  PlatformVersion: 5.14.0-427.37.1.el9_4.x86_64  CompilerName: GCC  CompilerVersion: 8.4.0
ProgramName: mri_ca_register  ProgramArguments: mri_ca_register -all-info  ProgramVersion: 7.3.2  TimeStamp: 2026/03/10-00:11:42-GMT  BuildTime: Aug  4 2022 06:17:15  BuildStamp: freesurfer-linux-ubuntu22_x86_64-7.3.2-20220804-6354275  User: oesteban  Machine: dna029  Platform: Linux  PlatformVersion: 5.14.0-427.37.1.el9_4.x86_64  CompilerName: GCC  CompilerVersion: 8.4.0
ProgramName: mri_cc  ProgramArguments: mri_cc -all-info  ProgramVersion: 7.3.2  TimeStamp: 2026/03/10-00:11:42-GMT  BuildTime: Aug  4 2022 06:17:15  BuildStamp: freesurfer-linux-ubuntu22_x86_64-7.3.2-20220804-6354275  User: oesteban  Machine: dna029  Platform: Linux  PlatformVersion: 5.14.0-427.37.1.el9_4.x86_64  CompilerName: GCC  CompilerVersion: 8.4.0
ProgramName: mri_compute_overlap  ProgramArguments: mri_compute_overlap -all-info  ProgramVersion: 7.3.2  TimeStamp: 2026/03/10-00:11:42-GMT  BuildTime: Aug  4 2022 06:17:15  BuildStamp: freesurfer-linux-ubuntu22_x86_64-7.3.2-20220804-6354275  User: oesteban  Machine: dna029  Platform: Linux  PlatformVersion: 5.14.0-427.37.1.el9_4.x86_64  CompilerName: GCC  CompilerVersion: 8.4.0
ProgramName: mri_compute_seg_overlap  ProgramArguments: mri_compute_seg_overlap -all-info  ProgramVersion: 7.3.2  TimeStamp: 2026/03/10-00:11:42-GMT  BuildTime: Aug  4 2022 06:17:15  BuildStamp: freesurfer-linux-ubuntu22_x86_64-7.3.2-20220804-6354275  User: oesteban  Machine: dna029  Platform: Linux  PlatformVersion: 5.14.0-427.37.1.el9_4.x86_64  CompilerName: GCC  CompilerVersion: 8.4.0
ProgramName: mri_concat  ProgramArguments: mri_concat -all-info  ProgramVersion: 7.3.2  TimeStamp: 2026/03/10-00:11:42-GMT  BuildTime: Aug  4 2022 06:17:15  BuildStamp: freesurfer-linux-ubuntu22_x86_64-7.3.2-20220804-6354275  User: oesteban  Machine: dna029  Platform: Linux  PlatformVersion: 5.14.0-427.37.1.el9_4.x86_64  CompilerName: GCC  CompilerVersion: 8.4.0
ProgramName: mri_concatenate_lta  ProgramArguments: mri_concatenate_lta -all-info  ProgramVersion: 7.3.2  TimeStamp: 2026/03/10-00:11:42-GMT  BuildTime: Aug  4 2022 06:17:15  BuildStamp: freesurfer-linux-ubuntu22_x86_64-7.3.2-20220804-6354275  User: oesteban  Machine: dna029  Platform: Linux  PlatformVersion: 5.14.0-427.37.1.el9_4.x86_64  CompilerName: GCC  CompilerVersion: 8.4.0
mri_convert -all-info 
ProgramName: mri_convert  ProgramArguments: mri_convert -all-info  ProgramVersion: 7.3.2  TimeStamp: 2026/03/10-00:11:42-GMT  BuildTime: Aug  4 2022 06:17:15  BuildStamp: freesurfer-linux-ubuntu22_x86_64-7.3.2-20220804-6354275  User: oesteban  Machine: dna029  Platform: Linux  PlatformVersion: 5.14.0-427.37.1.el9_4.x86_64  CompilerName: GCC  CompilerVersion: 8.4.0
ProgramName: mri_diff  ProgramArguments: mri_diff -all-info  ProgramVersion: 7.3.2  TimeStamp: 2026/03/10-00:11:42-GMT  BuildTime: Aug  4 2022 06:17:15  BuildStamp: freesurfer-linux-ubuntu22_x86_64-7.3.2-20220804-6354275  User: oesteban  Machine: dna029  Platform: Linux  PlatformVersion: 5.14.0-427.37.1.el9_4.x86_64  CompilerName: GCC  CompilerVersion: 8.4.0
ProgramName: mri_edit_wm_with_aseg  ProgramArguments: mri_edit_wm_with_aseg -all-info  ProgramVersion: 7.3.2  TimeStamp: 2026/03/10-00:11:42-GMT  BuildTime: Aug  4 2022 06:17:15  BuildStamp: freesurfer-linux-ubuntu22_x86_64-7.3.2-20220804-6354275  User: oesteban  Machine: dna029  Platform: Linux  PlatformVersion: 5.14.0-427.37.1.el9_4.x86_64  CompilerName: GCC  CompilerVersion: 8.4.0
ProgramName: mri_em_register  ProgramArguments: mri_em_register -all-info  ProgramVersion: 7.3.2  TimeStamp: 2026/03/10-00:11:42-GMT  BuildTime: Aug  4 2022 06:17:15  BuildStamp: freesurfer-linux-ubuntu22_x86_64-7.3.2-20220804-6354275  User: oesteban  Machine: dna029  Platform: Linux  PlatformVersion: 5.14.0-427.37.1.el9_4.x86_64  CompilerName: GCC  CompilerVersion: 8.4.0
ProgramName: mri_fill  ProgramArguments: mri_fill -all-info  ProgramVersion: 7.3.2  TimeStamp: 2026/03/10-00:11:42-GMT  BuildTime: Aug  4 2022 06:17:15  BuildStamp: freesurfer-linux-ubuntu22_x86_64-7.3.2-20220804-6354275  User: oesteban  Machine: dna029  Platform: Linux  PlatformVersion: 5.14.0-427.37.1.el9_4.x86_64  CompilerName: GCC  CompilerVersion: 8.4.0
ProgramName: mri_fuse_segmentations  ProgramArguments: mri_fuse_segmentations -all-info  ProgramVersion: 7.3.2  TimeStamp: 2026/03/10-00:11:42-GMT  BuildTime: Aug  4 2022 06:17:15  BuildStamp: freesurfer-linux-ubuntu22_x86_64-7.3.2-20220804-6354275  User: oesteban  Machine: dna029  Platform: Linux  PlatformVersion: 5.14.0-427.37.1.el9_4.x86_64  CompilerName: GCC  CompilerVersion: 8.4.0
ProgramName: mri_fwhm  ProgramArguments: mri_fwhm -all-info  ProgramVersion: 7.3.2  TimeStamp: 2026/03/10-00:11:42-GMT  BuildTime: Aug  4 2022 06:17:15  BuildStamp: freesurfer-linux-ubuntu22_x86_64-7.3.2-20220804-6354275  User: oesteban  Machine: dna029  Platform: Linux  PlatformVersion: 5.14.0-427.37.1.el9_4.x86_64  CompilerName: GCC  CompilerVersion: 8.4.0
ProgramName: mri_gcut  ProgramArguments: mri_gcut -all-info  ProgramVersion: 7.3.2  TimeStamp: 2026/03/10-00:11:42-GMT  BuildTime: Aug  4 2022 06:17:15  BuildStamp: freesurfer-linux-ubuntu22_x86_64-7.3.2-20220804-6354275  User: oesteban  Machine: dna029  Platform: Linux  PlatformVersion: 5.14.0-427.37.1.el9_4.x86_64  CompilerName: GCC  CompilerVersion: 8.4.0
ProgramName: mri_info  ProgramArguments: mri_info -all-info  ProgramVersion: 7.3.2  TimeStamp: 2026/03/10-00:11:42-GMT  BuildTime: Aug  4 2022 06:17:15  BuildStamp: freesurfer-linux-ubuntu22_x86_64-7.3.2-20220804-6354275  User: oesteban  Machine: dna029  Platform: Linux  PlatformVersion: 5.14.0-427.37.1.el9_4.x86_64  CompilerName: GCC  CompilerVersion: 8.4.0
ProgramName: mri_label2label  ProgramArguments: mri_label2label -all-info  ProgramVersion: 7.3.2  TimeStamp: 2026/03/10-00:11:42-GMT  BuildTime: Aug  4 2022 06:17:15  BuildStamp: freesurfer-linux-ubuntu22_x86_64-7.3.2-20220804-6354275  User: oesteban  Machine: dna029  Platform: Linux  PlatformVersion: 5.14.0-427.37.1.el9_4.x86_64  CompilerName: GCC  CompilerVersion: 8.4.0
ProgramName: mri_label2vol  ProgramArguments: mri_label2vol -all-info  ProgramVersion: 7.3.2  TimeStamp: 2026/03/10-00:11:42-GMT  BuildTime: Aug  4 2022 06:17:15  BuildStamp: freesurfer-linux-ubuntu22_x86_64-7.3.2-20220804-6354275  User: oesteban  Machine: dna029  Platform: Linux  PlatformVersion: 5.14.0-427.37.1.el9_4.x86_64  CompilerName: GCC  CompilerVersion: 8.4.0
ProgramName: mri_log_likelihood  ProgramArguments: mri_log_likelihood -all-info  ProgramVersion: 7.3.2  TimeStamp: 2026/03/10-00:11:42-GMT  BuildTime: Aug  4 2022 06:17:15  BuildStamp: freesurfer-linux-ubuntu22_x86_64-7.3.2-20220804-6354275  User: oesteban  Machine: dna029  Platform: Linux  PlatformVersion: 5.14.0-427.37.1.el9_4.x86_64  CompilerName: GCC  CompilerVersion: 8.4.0
ProgramName: mri_mask  ProgramArguments: mri_mask -all-info  ProgramVersion: 7.3.2  TimeStamp: 2026/03/10-00:11:42-GMT  BuildTime: Aug  4 2022 06:17:15  BuildStamp: freesurfer-linux-ubuntu22_x86_64-7.3.2-20220804-6354275  User: oesteban  Machine: dna029  Platform: Linux  PlatformVersion: 5.14.0-427.37.1.el9_4.x86_64  CompilerName: GCC  CompilerVersion: 8.4.0
ProgramName: mri_matrix_multiply  ProgramArguments: mri_matrix_multiply -all-info  ProgramVersion: 7.3.2  TimeStamp: 2026/03/10-00:11:42-GMT  BuildTime: Aug  4 2022 06:17:15  BuildStamp: freesurfer-linux-ubuntu22_x86_64-7.3.2-20220804-6354275  User: oesteban  Machine: dna029  Platform: Linux  PlatformVersion: 5.14.0-427.37.1.el9_4.x86_64  CompilerName: GCC  CompilerVersion: 8.4.0
ProgramName: mri_normalize  ProgramArguments: mri_normalize -all-info  ProgramVersion: 7.3.2  TimeStamp: 2026/03/10-00:11:42-GMT  BuildTime: Aug  4 2022 06:17:15  BuildStamp: freesurfer-linux-ubuntu22_x86_64-7.3.2-20220804-6354275  User: oesteban  Machine: dna029  Platform: Linux  PlatformVersion: 5.14.0-427.37.1.el9_4.x86_64  CompilerName: GCC  CompilerVersion: 8.4.0
ProgramName: mri_normalize_tp2  ProgramArguments: mri_normalize_tp2 -all-info  ProgramVersion: 7.3.2  TimeStamp: 2026/03/10-00:11:42-GMT  BuildTime: Aug  4 2022 06:17:15  BuildStamp: freesurfer-linux-ubuntu22_x86_64-7.3.2-20220804-6354275  User: oesteban  Machine: dna029  Platform: Linux  PlatformVersion: 5.14.0-427.37.1.el9_4.x86_64  CompilerName: GCC  CompilerVersion: 8.4.0
ProgramName: mri_or  ProgramArguments: mri_or -all-info  ProgramVersion: 7.3.2  TimeStamp: 2026/03/10-00:11:42-GMT  BuildTime: Aug  4 2022 06:17:15  BuildStamp: freesurfer-linux-ubuntu22_x86_64-7.3.2-20220804-6354275  User: oesteban  Machine: dna029  Platform: Linux  PlatformVersion: 5.14.0-427.37.1.el9_4.x86_64  CompilerName: GCC  CompilerVersion: 8.4.0
ProgramName: mri_relabel_hypointensities  ProgramArguments: mri_relabel_hypointensities -all-info  ProgramVersion: 7.3.2  TimeStamp: 2026/03/10-00:11:42-GMT  BuildTime: Aug  4 2022 06:17:15  BuildStamp: freesurfer-linux-ubuntu22_x86_64-7.3.2-20220804-6354275  User: oesteban  Machine: dna029  Platform: Linux  PlatformVersion: 5.14.0-427.37.1.el9_4.x86_64  CompilerName: GCC  CompilerVersion: 8.4.0
ProgramName: mri_relabel_nonwm_hypos  ProgramArguments: mri_relabel_nonwm_hypos -all-info  ProgramVersion: 7.3.2  TimeStamp: 2026/03/10-00:11:42-GMT  BuildTime: Aug  4 2022 06:17:15  BuildStamp: freesurfer-linux-ubuntu22_x86_64-7.3.2-20220804-6354275  User: oesteban  Machine: dna029  Platform: Linux  PlatformVersion: 5.14.0-427.37.1.el9_4.x86_64  CompilerName: GCC  CompilerVersion: 8.4.0
ProgramName: mri_remove_neck  ProgramArguments: mri_remove_neck -all-info  ProgramVersion: 7.3.2  TimeStamp: 2026/03/10-00:11:42-GMT  BuildTime: Aug  4 2022 06:17:15  BuildStamp: freesurfer-linux-ubuntu22_x86_64-7.3.2-20220804-6354275  User: oesteban  Machine: dna029  Platform: Linux  PlatformVersion: 5.14.0-427.37.1.el9_4.x86_64  CompilerName: GCC  CompilerVersion: 8.4.0
7.3.2

ProgramName: mri_robust_register  ProgramArguments: mri_robust_register -all-info  ProgramVersion: 7.3.2  TimeStamp: 2026/03/10-00:11:42-GMT  BuildTime: Aug  4 2022 06:17:15  BuildStamp: freesurfer-linux-ubuntu22_x86_64-7.3.2-20220804-6354275  User: oesteban  Machine: dna029  Platform: Linux  PlatformVersion: 5.14.0-427.37.1.el9_4.x86_64  CompilerName: GCC  CompilerVersion: 8.4.0
7.3.2

ProgramName: mri_robust_template  ProgramArguments: mri_robust_template -all-info  ProgramVersion: 7.3.2  TimeStamp: 2026/03/10-00:11:42-GMT  BuildTime: Aug  4 2022 06:17:15  BuildStamp: freesurfer-linux-ubuntu22_x86_64-7.3.2-20220804-6354275  User: oesteban  Machine: dna029  Platform: Linux  PlatformVersion: 5.14.0-427.37.1.el9_4.x86_64  CompilerName: GCC  CompilerVersion: 8.4.0
ProgramName: mris_anatomical_stats  ProgramArguments: mris_anatomical_stats -all-info  ProgramVersion: 7.3.2  TimeStamp: 2026/03/10-00:11:42-GMT  BuildTime: Aug  4 2022 06:17:15  BuildStamp: freesurfer-linux-ubuntu22_x86_64-7.3.2-20220804-6354275  User: oesteban  Machine: dna029  Platform: Linux  PlatformVersion: 5.14.0-427.37.1.el9_4.x86_64  CompilerName: GCC  CompilerVersion: 8.4.0
ProgramName: mris_ca_label  ProgramArguments: mris_ca_label -all-info  ProgramVersion: 7.3.2  TimeStamp: 2026/03/10-00:11:42-GMT  BuildTime: Aug  4 2022 06:17:15  BuildStamp: freesurfer-linux-ubuntu22_x86_64-7.3.2-20220804-6354275  User: oesteban  Machine: dna029  Platform: Linux  PlatformVersion: 5.14.0-427.37.1.el9_4.x86_64  CompilerName: GCC  CompilerVersion: 8.4.0
ProgramName: mris_calc  ProgramArguments: mris_calc -all-info  ProgramVersion: 7.3.2  TimeStamp: 2026/03/10-00:11:42-GMT  BuildTime: Aug  4 2022 06:17:15  BuildStamp: freesurfer-linux-ubuntu22_x86_64-7.3.2-20220804-6354275  User: oesteban  Machine: dna029  Platform: Linux  PlatformVersion: 5.14.0-427.37.1.el9_4.x86_64  CompilerName: GCC  CompilerVersion: 8.4.0
ProgramName: mris_convert  ProgramArguments: mris_convert -all-info  ProgramVersion: 7.3.2  TimeStamp: 2026/03/10-00:11:42-GMT  BuildTime: Aug  4 2022 06:17:15  BuildStamp: freesurfer-linux-ubuntu22_x86_64-7.3.2-20220804-6354275  User: oesteban  Machine: dna029  Platform: Linux  PlatformVersion: 5.14.0-427.37.1.el9_4.x86_64  CompilerName: GCC  CompilerVersion: 8.4.0
ProgramName: mris_curvature  ProgramArguments: mris_curvature -all-info  ProgramVersion: 7.3.2  TimeStamp: 2026/03/10-00:11:42-GMT  BuildTime: Aug  4 2022 06:17:15  BuildStamp: freesurfer-linux-ubuntu22_x86_64-7.3.2-20220804-6354275  User: oesteban  Machine: dna029  Platform: Linux  PlatformVersion: 5.14.0-427.37.1.el9_4.x86_64  CompilerName: GCC  CompilerVersion: 8.4.0
ProgramName: mris_curvature_stats  ProgramArguments: mris_curvature_stats -all-info  ProgramVersion: 7.3.2  TimeStamp: 2026/03/10-00:11:42-GMT  BuildTime: Aug  4 2022 06:17:15  BuildStamp: freesurfer-linux-ubuntu22_x86_64-7.3.2-20220804-6354275  User: oesteban  Machine: dna029  Platform: Linux  PlatformVersion: 5.14.0-427.37.1.el9_4.x86_64  CompilerName: GCC  CompilerVersion: 8.4.0
ProgramName: mris_diff  ProgramArguments: mris_diff -all-info  ProgramVersion: 7.3.2  TimeStamp: 2026/03/10-00:11:42-GMT  BuildTime: Aug  4 2022 06:17:15  BuildStamp: freesurfer-linux-ubuntu22_x86_64-7.3.2-20220804-6354275  User: oesteban  Machine: dna029  Platform: Linux  PlatformVersion: 5.14.0-427.37.1.el9_4.x86_64  CompilerName: GCC  CompilerVersion: 8.4.0
ProgramName: mris_divide_parcellation  ProgramArguments: mris_divide_parcellation -all-info  ProgramVersion: 7.3.2  TimeStamp: 2026/03/10-00:11:42-GMT  BuildTime: Aug  4 2022 06:17:15  BuildStamp: freesurfer-linux-ubuntu22_x86_64-7.3.2-20220804-6354275  User: oesteban  Machine: dna029  Platform: Linux  PlatformVersion: 5.14.0-427.37.1.el9_4.x86_64  CompilerName: GCC  CompilerVersion: 8.4.0
ProgramName: mri_segment  ProgramArguments: mri_segment -all-info  ProgramVersion: 7.3.2  TimeStamp: 2026/03/10-00:11:42-GMT  BuildTime: Aug  4 2022 06:17:15  BuildStamp: freesurfer-linux-ubuntu22_x86_64-7.3.2-20220804-6354275  User: oesteban  Machine: dna029  Platform: Linux  PlatformVersion: 5.14.0-427.37.1.el9_4.x86_64  CompilerName: GCC  CompilerVersion: 8.4.0
ProgramName: mri_segstats  ProgramArguments: mri_segstats -all-info  ProgramVersion: 7.3.2  TimeStamp: 2026/03/10-00:11:42-GMT  BuildTime: Aug  4 2022 06:17:15  BuildStamp: freesurfer-linux-ubuntu22_x86_64-7.3.2-20220804-6354275  User: oesteban  Machine: dna029  Platform: Linux  PlatformVersion: 5.14.0-427.37.1.el9_4.x86_64  CompilerName: GCC  CompilerVersion: 8.4.0
ProgramName: mris_euler_number  ProgramArguments: mris_euler_number -all-info  ProgramVersion: 7.3.2  TimeStamp: 2026/03/10-00:11:42-GMT  BuildTime: Aug  4 2022 06:17:15  BuildStamp: freesurfer-linux-ubuntu22_x86_64-7.3.2-20220804-6354275  User: oesteban  Machine: dna029  Platform: Linux  PlatformVersion: 5.14.0-427.37.1.el9_4.x86_64  CompilerName: GCC  CompilerVersion: 8.4.0
ProgramName: mris_fix_topology  ProgramArguments: mris_fix_topology -all-info  ProgramVersion: 7.3.2  TimeStamp: 2026/03/10-00:11:42-GMT  BuildTime: Aug  4 2022 06:17:15  BuildStamp: freesurfer-linux-ubuntu22_x86_64-7.3.2-20220804-6354275  User: oesteban  Machine: dna029  Platform: Linux  PlatformVersion: 5.14.0-427.37.1.el9_4.x86_64  CompilerName: GCC  CompilerVersion: 8.4.0
ProgramName: mris_topo_fixer  ProgramArguments: mris_topo_fixer -all-info  ProgramVersion: 7.3.2  TimeStamp: 2026/03/10-00:11:42-GMT  BuildTime: Aug  4 2022 06:17:15  BuildStamp: freesurfer-linux-ubuntu22_x86_64-7.3.2-20220804-6354275  User: oesteban  Machine: dna029  Platform: Linux  PlatformVersion: 5.14.0-427.37.1.el9_4.x86_64  CompilerName: GCC  CompilerVersion: 8.4.0
ProgramName: mris_jacobian  ProgramArguments: mris_jacobian -all-info  ProgramVersion: 7.3.2  TimeStamp: 2026/03/10-00:11:42-GMT  BuildTime: Aug  4 2022 06:17:15  BuildStamp: freesurfer-linux-ubuntu22_x86_64-7.3.2-20220804-6354275  User: oesteban  Machine: dna029  Platform: Linux  PlatformVersion: 5.14.0-427.37.1.el9_4.x86_64  CompilerName: GCC  CompilerVersion: 8.4.0
ProgramName: mris_label2annot  ProgramArguments: mris_label2annot -all-info  ProgramVersion: 7.3.2  TimeStamp: 2026/03/10-00:11:42-GMT  BuildTime: Aug  4 2022 06:17:15  BuildStamp: freesurfer-linux-ubuntu22_x86_64-7.3.2-20220804-6354275  User: oesteban  Machine: dna029  Platform: Linux  PlatformVersion: 5.14.0-427.37.1.el9_4.x86_64  CompilerName: GCC  CompilerVersion: 8.4.0
ProgramName: mris_left_right_register  ProgramArguments: mris_left_right_register -all-info  ProgramVersion: 7.3.2  TimeStamp: 2026/03/10-00:11:42-GMT  BuildTime: Aug  4 2022 06:17:15  BuildStamp: freesurfer-linux-ubuntu22_x86_64-7.3.2-20220804-6354275  User: oesteban  Machine: dna029  Platform: Linux  PlatformVersion: 5.14.0-427.37.1.el9_4.x86_64  CompilerName: GCC  CompilerVersion: 8.4.0
ProgramName: mris_place_surface  ProgramArguments: mris_place_surface -all-info  ProgramVersion: 7.3.2  TimeStamp: 2026/03/10-00:11:42-GMT  BuildTime: Aug  4 2022 06:17:15  BuildStamp: freesurfer-linux-ubuntu22_x86_64-7.3.2-20220804-6354275  User: oesteban  Machine: dna029  Platform: Linux  PlatformVersion: 5.14.0-427.37.1.el9_4.x86_64  CompilerName: GCC  CompilerVersion: 8.4.0
ProgramName: mrisp_paint  ProgramArguments: mrisp_paint -all-info  ProgramVersion: 7.3.2  TimeStamp: 2026/03/10-00:11:42-GMT  BuildTime: Aug  4 2022 06:17:15  BuildStamp: freesurfer-linux-ubuntu22_x86_64-7.3.2-20220804-6354275  User: oesteban  Machine: dna029  Platform: Linux  PlatformVersion: 5.14.0-427.37.1.el9_4.x86_64  CompilerName: GCC  CompilerVersion: 8.4.0
ProgramName: mris_register  ProgramArguments: mris_register -all-info  ProgramVersion: 7.3.2  TimeStamp: 2026/03/10-00:11:42-GMT  BuildTime: Aug  4 2022 06:17:15  BuildStamp: freesurfer-linux-ubuntu22_x86_64-7.3.2-20220804-6354275  User: oesteban  Machine: dna029  Platform: Linux  PlatformVersion: 5.14.0-427.37.1.el9_4.x86_64  CompilerName: GCC  CompilerVersion: 8.4.0
ProgramName: mris_smooth  ProgramArguments: mris_smooth -all-info  ProgramVersion: 7.3.2  TimeStamp: 2026/03/10-00:11:42-GMT  BuildTime: Aug  4 2022 06:17:15  BuildStamp: freesurfer-linux-ubuntu22_x86_64-7.3.2-20220804-6354275  User: oesteban  Machine: dna029  Platform: Linux  PlatformVersion: 5.14.0-427.37.1.el9_4.x86_64  CompilerName: GCC  CompilerVersion: 8.4.0
ProgramName: mris_sphere  ProgramArguments: mris_sphere -all-info  ProgramVersion: 7.3.2  TimeStamp: 2026/03/10-00:11:42-GMT  BuildTime: Aug  4 2022 06:17:15  BuildStamp: freesurfer-linux-ubuntu22_x86_64-7.3.2-20220804-6354275  User: oesteban  Machine: dna029  Platform: Linux  PlatformVersion: 5.14.0-427.37.1.el9_4.x86_64  CompilerName: GCC  CompilerVersion: 8.4.0
ProgramName: mris_surface_stats  ProgramArguments: mris_surface_stats -all-info  ProgramVersion: 7.3.2  TimeStamp: 2026/03/10-00:11:42-GMT  BuildTime: Aug  4 2022 06:17:15  BuildStamp: freesurfer-linux-ubuntu22_x86_64-7.3.2-20220804-6354275  User: oesteban  Machine: dna029  Platform: Linux  PlatformVersion: 5.14.0-427.37.1.el9_4.x86_64  CompilerName: GCC  CompilerVersion: 8.4.0
ProgramName: mri_stats2seg  ProgramArguments: mri_stats2seg -all-info  ProgramVersion: 7.3.2  TimeStamp: 2026/03/10-00:11:42-GMT  BuildTime: Aug  4 2022 06:17:15  BuildStamp: freesurfer-linux-ubuntu22_x86_64-7.3.2-20220804-6354275  User: oesteban  Machine: dna029  Platform: Linux  PlatformVersion: 5.14.0-427.37.1.el9_4.x86_64  CompilerName: GCC  CompilerVersion: 8.4.0
ProgramName: mris_thickness  ProgramArguments: mris_thickness -all-info  ProgramVersion: 7.3.2  TimeStamp: 2026/03/10-00:11:42-GMT  BuildTime: Aug  4 2022 06:17:15  BuildStamp: freesurfer-linux-ubuntu22_x86_64-7.3.2-20220804-6354275  User: oesteban  Machine: dna029  Platform: Linux  PlatformVersion: 5.14.0-427.37.1.el9_4.x86_64  CompilerName: GCC  CompilerVersion: 8.4.0
ProgramName: mris_thickness_diff  ProgramArguments: mris_thickness_diff -all-info  ProgramVersion: 7.3.2  TimeStamp: 2026/03/10-00:11:42-GMT  BuildTime: Aug  4 2022 06:17:15  BuildStamp: freesurfer-linux-ubuntu22_x86_64-7.3.2-20220804-6354275  User: oesteban  Machine: dna029  Platform: Linux  PlatformVersion: 5.14.0-427.37.1.el9_4.x86_64  CompilerName: GCC  CompilerVersion: 8.4.0
ProgramName: mris_topo_fixer  ProgramArguments: mris_topo_fixer -all-info  ProgramVersion: 7.3.2  TimeStamp: 2026/03/10-00:11:42-GMT  BuildTime: Aug  4 2022 06:17:15  BuildStamp: freesurfer-linux-ubuntu22_x86_64-7.3.2-20220804-6354275  User: oesteban  Machine: dna029  Platform: Linux  PlatformVersion: 5.14.0-427.37.1.el9_4.x86_64  CompilerName: GCC  CompilerVersion: 8.4.0
ProgramName: mri_surf2surf  ProgramArguments: mri_surf2surf -all-info  ProgramVersion: 7.3.2  TimeStamp: 2026/03/10-00:11:42-GMT  BuildTime: Aug  4 2022 06:17:15  BuildStamp: freesurfer-linux-ubuntu22_x86_64-7.3.2-20220804-6354275  User: oesteban  Machine: dna029  Platform: Linux  PlatformVersion: 5.14.0-427.37.1.el9_4.x86_64  CompilerName: GCC  CompilerVersion: 8.4.0
ProgramName: mri_surf2vol  ProgramArguments: mri_surf2vol -all-info  ProgramVersion: 7.3.2  TimeStamp: 2026/03/10-00:11:42-GMT  BuildTime: Aug  4 2022 06:17:15  BuildStamp: freesurfer-linux-ubuntu22_x86_64-7.3.2-20220804-6354275  User: oesteban  Machine: dna029  Platform: Linux  PlatformVersion: 5.14.0-427.37.1.el9_4.x86_64  CompilerName: GCC  CompilerVersion: 8.4.0
ProgramName: mri_surfcluster  ProgramArguments: mri_surfcluster -all-info  ProgramVersion: 7.3.2  TimeStamp: 2026/03/10-00:11:42-GMT  BuildTime: Aug  4 2022 06:17:15  BuildStamp: freesurfer-linux-ubuntu22_x86_64-7.3.2-20220804-6354275  User: oesteban  Machine: dna029  Platform: Linux  PlatformVersion: 5.14.0-427.37.1.el9_4.x86_64  CompilerName: GCC  CompilerVersion: 8.4.0
ProgramName: mris_volmask  ProgramArguments: mris_volmask -all-info  ProgramVersion: 7.3.2  TimeStamp: 2026/03/10-00:11:42-GMT  BuildTime: Aug  4 2022 06:17:15  BuildStamp: freesurfer-linux-ubuntu22_x86_64-7.3.2-20220804-6354275  User: oesteban  Machine: dna029  Platform: Linux  PlatformVersion: 5.14.0-427.37.1.el9_4.x86_64  CompilerName: GCC  CompilerVersion: 8.4.0
ProgramName: mri_tessellate  ProgramArguments: mri_tessellate -all-info  ProgramVersion: 7.3.2  TimeStamp: 2026/03/10-00:11:42-GMT  BuildTime: Aug  4 2022 06:17:15  BuildStamp: freesurfer-linux-ubuntu22_x86_64-7.3.2-20220804-6354275  User: oesteban  Machine: dna029  Platform: Linux  PlatformVersion: 5.14.0-427.37.1.el9_4.x86_64  CompilerName: GCC  CompilerVersion: 8.4.0
ProgramName: mri_vol2surf  ProgramArguments: mri_vol2surf -all-info  ProgramVersion: 7.3.2  TimeStamp: 2026/03/10-00:11:42-GMT  BuildTime: Aug  4 2022 06:17:15  BuildStamp: freesurfer-linux-ubuntu22_x86_64-7.3.2-20220804-6354275  User: oesteban  Machine: dna029  Platform: Linux  PlatformVersion: 5.14.0-427.37.1.el9_4.x86_64  CompilerName: GCC  CompilerVersion: 8.4.0
ProgramName: mri_vol2vol  ProgramArguments: mri_vol2vol -all-info  ProgramVersion: 7.3.2  TimeStamp: 2026/03/10-00:11:42-GMT  BuildTime: Aug  4 2022 06:17:15  BuildStamp: freesurfer-linux-ubuntu22_x86_64-7.3.2-20220804-6354275  User: oesteban  Machine: dna029  Platform: Linux  PlatformVersion: 5.14.0-427.37.1.el9_4.x86_64  CompilerName: GCC  CompilerVersion: 8.4.0
ProgramName: mri_voldiff  ProgramArguments: mri_voldiff -all-info  ProgramVersion: 7.3.2  TimeStamp: 2026/03/10-00:11:42-GMT  BuildTime: Aug  4 2022 06:17:15  BuildStamp: freesurfer-linux-ubuntu22_x86_64-7.3.2-20220804-6354275  User: oesteban  Machine: dna029  Platform: Linux  PlatformVersion: 5.14.0-427.37.1.el9_4.x86_64  CompilerName: GCC  CompilerVersion: 8.4.0
ProgramName: mri_watershed  ProgramArguments: mri_watershed -all-info  ProgramVersion: 7.3.2  TimeStamp: 2026/03/10-00:11:42-GMT  BuildTime: Aug  4 2022 06:17:15  BuildStamp: freesurfer-linux-ubuntu22_x86_64-7.3.2-20220804-6354275  User: oesteban  Machine: dna029  Platform: Linux  PlatformVersion: 5.14.0-427.37.1.el9_4.x86_64  CompilerName: GCC  CompilerVersion: 8.4.0
ProgramName: tkregister2  ProgramArguments: tkregister2_cmdl -all-info  ProgramVersion: 7.3.2  TimeStamp: 2026/03/10-00:11:42-GMT  BuildTime: Aug  4 2022 06:17:15  BuildStamp: freesurfer-linux-ubuntu22_x86_64-7.3.2-20220804-6354275  User: oesteban  Machine: dna029  Platform: Linux  PlatformVersion: 5.14.0-427.37.1.el9_4.x86_64  CompilerName: GCC  CompilerVersion: 8.4.0
mri_motion_correct.fsl 7.3.2
mri_convert -all-info 
ProgramName: mri_convert  ProgramArguments: mri_convert -all-info  ProgramVersion: 7.3.2  TimeStamp: 2026/03/10-00:11:42-GMT  BuildTime: Aug  4 2022 06:17:15  BuildStamp: freesurfer-linux-ubuntu22_x86_64-7.3.2-20220804-6354275  User: oesteban  Machine: dna029  Platform: Linux  PlatformVersion: 5.14.0-427.37.1.el9_4.x86_64  CompilerName: GCC  CompilerVersion: 8.4.0
Program nu_correct, built from:
Package MNI N3, version 1.12.0, compiled by nicks@terrier (x86_64-unknown-linux-gnu) on 2015-06-19 at 01:25:34
#######################################
GCADIR /opt/freesurfer/average
GCA RB_all_2020-01-02.gca
GCASkull RB_all_withskull_2020_01_02.gca
AvgCurvTif folding.atlas.acfb40.noaparc.i12.2016-08-02.tif
GCSDIR /opt/freesurfer/average
GCS DKaparc.atlas.acfb40.noaparc.i12.2016-08-02.gcs
#######################################
#--------------------------------------------
#@# AutoDetGWStats rh Tue Mar 10 01:11:42 CET 2026
cd /out/sourcedata/freesurfer/sub-v1s2x0051478_ses-1/mri
mris_autodet_gwstats --o ../surf/autodet.gw.stats.rh.dat --i brain.finalsurfs.mgz --wm wm.mgz --surf ../surf/rh.orig.premesh
  Update not needed
#--------------------------------------------
#@# WhitePreAparc rh Tue Mar 10 01:11:42 CET 2026
cd /out/sourcedata/freesurfer/sub-v1s2x0051478_ses-1/mri
mris_place_surface --adgws-in ../surf/autodet.gw.stats.rh.dat --wm wm.mgz --threads 16 --invol brain.finalsurfs.mgz --rh --i ../surf/rh.orig --o ../surf/rh.white.preaparc --white --seg aseg.presurf.mgz --nsmooth 5
   Update not needed
#--------------------------------------------
#@# CortexLabel rh Tue Mar 10 01:11:42 CET 2026
cd /out/sourcedata/freesurfer/sub-v1s2x0051478_ses-1/mri
mri_label2label --label-cortex ../surf/rh.white.preaparc aseg.presurf.mgz 0 ../label/rh.cortex.label
   Update not needed
#--------------------------------------------
#@# CortexLabel+HipAmyg rh Tue Mar 10 01:11:42 CET 2026
cd /out/sourcedata/freesurfer/sub-v1s2x0051478_ses-1/mri
mri_label2label --label-cortex ../surf/rh.white.preaparc aseg.presurf.mgz 1 ../label/rh.cortex+hipamyg.label
   Update not needed
#@# white curv rh Tue Mar 10 01:11:42 CET 2026
cd /out/sourcedata/freesurfer/sub-v1s2x0051478_ses-1/mri
mris_place_surface --curv-map ../surf/rh.white 2 10 ../surf/rh.curv
   Update not needed
#@# white area rh Tue Mar 10 01:11:42 CET 2026
cd /out/sourcedata/freesurfer/sub-v1s2x0051478_ses-1/mri
mris_place_surface --area-map ../surf/rh.white ../surf/rh.area
   Update not needed
#@# pial curv rh Tue Mar 10 01:11:42 CET 2026
cd /out/sourcedata/freesurfer/sub-v1s2x0051478_ses-1/mri
mris_place_surface --curv-map ../surf/rh.pial 2 10 ../surf/rh.curv.pial
   Update not needed
#@# pial area rh Tue Mar 10 01:11:42 CET 2026
cd /out/sourcedata/freesurfer/sub-v1s2x0051478_ses-1/mri
mris_place_surface --area-map ../surf/rh.pial ../surf/rh.area.pial
   Update not needed
#@# thickness rh Tue Mar 10 01:11:42 CET 2026
cd /out/sourcedata/freesurfer/sub-v1s2x0051478_ses-1/mri
mris_place_surface --thickness ../surf/rh.white ../surf/rh.pial 20 5 ../surf/rh.thickness
   Update not needed
#@# area and vertex vol rh Tue Mar 10 01:11:42 CET 2026
cd /out/sourcedata/freesurfer/sub-v1s2x0051478_ses-1/mri
mris_place_surface --thickness ../surf/rh.white ../surf/rh.pial 20 5 ../surf/rh.thickness
   Update not needed
#-----------------------------------------
#@# Parcellation Stats rh Tue Mar 10 01:11:42 CET 2026
/out/sourcedata/freesurfer/sub-v1s2x0051478_ses-1/scripts

 mris_anatomical_stats -th3 -mgz -noglobal -cortex ../label/rh.cortex.label -f ../stats/rh.aparc.stats -b -a ../label/rh.aparc.annot -c ../label/aparc.annot.ctab sub-v1s2x0051478_ses-1 rh white 

computing statistics for each annotation in ../label/rh.aparc.annot.
reading volume /out/sourcedata/freesurfer/sub-v1s2x0051478_ses-1/mri/wm.mgz...
reading input surface /out/sourcedata/freesurfer/sub-v1s2x0051478_ses-1/surf/rh.white...
reading input pial surface /out/sourcedata/freesurfer/sub-v1s2x0051478_ses-1/surf/rh.pial...
reading input white surface /out/sourcedata/freesurfer/sub-v1s2x0051478_ses-1/surf/rh.white...
INFO: using TH3 volume calc
INFO: assuming MGZ format for volumes.
INFO: not computing global stats
INFO: using ../label/rh.cortex.label as mask to calc cortex NumVert, SurfArea and MeanThickness.
Using TH3 vertex volume calc
Total face volume 283064
Total vertex volume 282831 (mask=0)
Saving annotation colortable ../label/aparc.annot.ctab

table columns are:
    number of vertices
    total surface area (mm^2)
    total gray matter volume (mm^3)
    average cortical thickness +- standard deviation (mm)
    integrated rectified mean curvature
    integrated rectified Gaussian curvature
    folding index
    intrinsic curvature index
    structure name

 1686   1089   2784  2.664 0.349     0.084     0.013        9     0.9  bankssts
 1163    750   1951  2.307 0.754     0.109     0.012       14     0.7  caudalanteriorcingulate
 5376   3378   9872  2.641 0.469     0.101     0.017       43     4.0  caudalmiddlefrontal
 3084   1962   3449  1.747 0.490     0.137     0.030       39     4.1  cuneus
  596    401   1614  2.837 0.858     0.117     0.032        7     0.8  entorhinal
 5133   3420  10696  2.691 0.640     0.107     0.019       47     4.3  fusiform
 8371   5432  14796  2.538 0.492     0.111     0.020       83     7.1  inferiorparietal
 5882   4001  12793  2.693 0.677     0.113     0.023       72     6.3  inferiortemporal
 1562   1035   2798  2.384 0.818     0.114     0.023       18     1.3  isthmuscingulate
10374   6688  13105  1.918 0.617     0.131     0.030      119    14.2  lateraloccipital
 3529   2532   8483  3.222 0.702     0.130     0.030       38     4.5  lateralorbitofrontal
 6276   4112   8678  2.000 0.643     0.127     0.028       68     7.7  lingual
 2780   1893   6279  2.843 0.782     0.117     0.024       31     2.8  medialorbitofrontal
 6201   4397  15363  2.877 0.569     0.118     0.022       72     5.9  middletemporal
 1125    688   2320  2.833 0.685     0.084     0.016       10     0.8  parahippocampal
 2827   1659   3647  2.172 0.578     0.098     0.017       19     2.1  paracentral
 2278   1501   4410  2.756 0.401     0.092     0.015       16     1.3  parsopercularis
 1382    980   3503  2.799 0.537     0.136     0.029       21     1.7  parsorbitalis
 2766   1833   5458  2.749 0.477     0.113     0.019       28     2.3  parstriangularis
 2833   1926   2744  1.583 0.542     0.131     0.028       31     3.6  pericalcarine
 8752   5182  12194  2.145 0.708     0.097     0.019       60     7.1  postcentral
 1719   1224   3286  2.482 0.607     0.126     0.024       21     2.0  posteriorcingulate
 9997   5939  15842  2.473 0.606     0.101     0.020       78     8.6  precentral
 6969   4500  11103  2.340 0.573     0.110     0.020       62     5.9  precuneus
 1143    790   2583  2.744 0.672     0.131     0.029       17     1.3  rostralanteriorcingulate
10901   7363  21826  2.658 0.539     0.122     0.024      123    10.7  rostralmiddlefrontal
14487   9194  28180  2.795 0.532     0.110     0.022      128    13.2  superiorfrontal
10375   6083  12976  2.031 0.599     0.101     0.018       79     8.0  superiorparietal
 6421   4269  13408  2.790 0.603     0.098     0.017       56     4.4  superiortemporal
 7068   4578  12767  2.580 0.468     0.116     0.023       78     6.9  supramarginal
  554    380   1310  2.591 0.595     0.156     0.037       11     0.8  frontalpole
  534    444   3454  4.419 0.568     0.153     0.038       12     0.9  temporalpole
  543    322   1023  2.720 0.272     0.126     0.018        7     0.4  transversetemporal
 3676   2424   8136  3.244 0.752     0.105     0.022       33     3.3  insula

 mris_anatomical_stats -th3 -mgz -noglobal -cortex ../label/rh.cortex.label -f ../stats/rh.aparc.pial.stats -b -a ../label/rh.aparc.annot -c ../label/aparc.annot.ctab sub-v1s2x0051478_ses-1 rh pial 

computing statistics for each annotation in ../label/rh.aparc.annot.
reading volume /out/sourcedata/freesurfer/sub-v1s2x0051478_ses-1/mri/wm.mgz...
reading input surface /out/sourcedata/freesurfer/sub-v1s2x0051478_ses-1/surf/rh.pial...
reading input pial surface /out/sourcedata/freesurfer/sub-v1s2x0051478_ses-1/surf/rh.pial...
reading input white surface /out/sourcedata/freesurfer/sub-v1s2x0051478_ses-1/surf/rh.white...
INFO: using TH3 volume calc
INFO: assuming MGZ format for volumes.
INFO: not computing global stats
INFO: using ../label/rh.cortex.label as mask to calc cortex NumVert, SurfArea and MeanThickness.
Using TH3 vertex volume calc
Total face volume 283064
Total vertex volume 282831 (mask=0)
Saving annotation colortable ../label/aparc.annot.ctab

table columns are:
    number of vertices
    total surface area (mm^2)
    total gray matter volume (mm^3)
    average cortical thickness +- standard deviation (mm)
    integrated rectified mean curvature
    integrated rectified Gaussian curvature
    folding index
    intrinsic curvature index
    structure name

 1686   1001   2784  2.664 0.349     0.092     0.025       21     1.5  bankssts
 1163    923   1951  2.307 0.754     0.147     0.040      115     1.9  caudalanteriorcingulate
 5376   3982   9872  2.641 0.469     0.105     0.021       76     4.4  caudalmiddlefrontal
 3084   2191   3449  1.747 0.490     0.116     0.029       80     3.6  cuneus
  596    733   1614  2.837 0.858     0.233     0.057       18     1.8  entorhinal
 5133   4309  10696  2.691 0.640     0.125     0.029      111     6.3  fusiform
 8371   6279  14796  2.538 0.492     0.113     0.023       94     8.4  inferiorparietal
 5882   5274  12793  2.693 0.677     0.142     0.031      805     8.4  inferiortemporal
 1562   1361   2798  2.384 0.818     0.162     0.043       55     2.9  isthmuscingulate
10374   7458  13105  1.918 0.617     0.109     0.028      229    11.5  lateraloccipital
 3529   2814   8483  3.222 0.702     0.145     0.040      120     5.6  lateralorbitofrontal
 6276   4899   8678  2.000 0.643     0.127     0.039      160     8.4  lingual
 2780   2339   6279  2.843 0.782     0.137     0.032       35     4.0  medialorbitofrontal
 6201   6036  15363  2.877 0.569     0.147     0.029      105     8.2  middletemporal
 1125    993   2320  2.833 0.685     0.174     0.082      121     2.5  parahippocampal
 2827   1748   3647  2.172 0.578     0.095     0.018       37     2.2  paracentral
 2278   1688   4410  2.756 0.401     0.127     0.027      522     2.9  parsopercularis
 1382   1524   3503  2.799 0.537     0.171     0.028      356     1.9  parsorbitalis
 2766   2152   5458  2.749 0.477     0.128     0.030       49     2.9  parstriangularis
 2833   1719   2744  1.583 0.542     0.106     0.025       57     2.7  pericalcarine
 8752   6332  12194  2.145 0.708     0.102     0.021      114     7.3  postcentral
 1719   1425   3286  2.482 0.607     0.153     0.039       54     2.8  posteriorcingulate
 9997   6765  15842  2.473 0.606     0.097     0.019      141     7.4  precentral
 6969   4990  11103  2.340 0.573     0.115     0.024       92     7.0  precuneus
 1143   1046   2583  2.744 0.672     0.167     0.052       40     2.3  rostralanteriorcingulate
10901   8913  21826  2.658 0.539     0.132     0.028      463    12.7  rostralmiddlefrontal
14487  10803  28180  2.795 0.532     0.116     0.024      876    14.5  superiorfrontal
10375   6989  12976  2.031 0.599     0.100     0.021      121     8.2  superiorparietal
 6421   5258  13408  2.790 0.603     0.131     0.028     9681     7.5  superiortemporal
 7068   5396  12767  2.580 0.468     0.178     0.535   169566     7.7  supramarginal
  554    638   1310  2.591 0.595     0.174     0.028        6     0.9  frontalpole
  534   1058   3454  4.419 0.568     0.305     0.053       43     1.4  temporalpole
  543    431   1023  2.720 0.272     0.115     0.027       13     0.7  transversetemporal
 3676   2444   8136  3.244 0.752     0.138     0.041      243     5.2  insula
#-----------------------------------------
#@# Parcellation Stats 2 rh Tue Mar 10 01:12:07 CET 2026
/out/sourcedata/freesurfer/sub-v1s2x0051478_ses-1/scripts

 mris_anatomical_stats -th3 -mgz -noglobal -cortex ../label/rh.cortex.label -f ../stats/rh.aparc.a2009s.stats -b -a ../label/rh.aparc.a2009s.annot -c ../label/aparc.annot.a2009s.ctab sub-v1s2x0051478_ses-1 rh white 

computing statistics for each annotation in ../label/rh.aparc.a2009s.annot.
reading volume /out/sourcedata/freesurfer/sub-v1s2x0051478_ses-1/mri/wm.mgz...
reading input surface /out/sourcedata/freesurfer/sub-v1s2x0051478_ses-1/surf/rh.white...
reading input pial surface /out/sourcedata/freesurfer/sub-v1s2x0051478_ses-1/surf/rh.pial...
reading input white surface /out/sourcedata/freesurfer/sub-v1s2x0051478_ses-1/surf/rh.white...
INFO: using TH3 volume calc
INFO: assuming MGZ format for volumes.
INFO: not computing global stats
INFO: using ../label/rh.cortex.label as mask to calc cortex NumVert, SurfArea and MeanThickness.
Using TH3 vertex volume calc
Total face volume 283064
Total vertex volume 282831 (mask=0)
Saving annotation colortable ../label/aparc.annot.a2009s.ctab

table columns are:
    number of vertices
    total surface area (mm^2)
    total gray matter volume (mm^3)
    average cortical thickness +- standard deviation (mm)
    integrated rectified mean curvature
    integrated rectified Gaussian curvature
    folding index
    intrinsic curvature index
    structure name

 1048    760   2087  2.432 0.597     0.130     0.023       13     1.1  G_and_S_frontomargin
 1795   1077   2433  2.068 0.615     0.124     0.029       20     2.1  G_and_S_occipital_inf
 1715    967   1928  1.817 0.554     0.103     0.020       12     1.6  G_and_S_paracentral
 2380   1599   5179  2.876 0.478     0.122     0.024       26     2.3  G_and_S_subcentral
 1488   1013   2988  2.450 0.602     0.141     0.031       20     2.0  G_and_S_transv_frontopol
 4049   2714   8004  2.813 0.472     0.108     0.021       34     3.3  G_and_S_cingul-Ant
 1957   1292   3707  2.806 0.494     0.102     0.015       13     1.2  G_and_S_cingul-Mid-Ant
 1681   1168   3191  2.638 0.415     0.116     0.024       15     1.8  G_and_S_cingul-Mid-Post
  579    392   1454  2.828 0.602     0.152     0.029        9     0.7  G_cingul-Post-dorsal
  307    202    811  3.013 0.649     0.115     0.026        4     0.2  G_cingul-Post-ventral
 2810   1810   2911  1.605 0.426     0.139     0.030       35     3.6  G_cuneus
 1578   1040   4178  3.028 0.424     0.106     0.020       18     1.3  G_front_inf-Opercular
  449    302   1301  3.148 0.427     0.119     0.021        6     0.4  G_front_inf-Orbital
 1157    765   2811  2.882 0.414     0.128     0.024       17     1.2  G_front_inf-Triangul
 5156   3315  12943  2.879 0.519     0.121     0.024       70     5.1  G_front_middle
 8663   5120  18454  2.883 0.539     0.111     0.023       85     8.1  G_front_sup
  719    480   1849  3.558 0.862     0.107     0.026        9     0.6  G_Ins_lg_and_S_cent_ins
  851    568   2877  3.537 0.666     0.119     0.027       13     1.1  G_insular_short
 3190   2019   5785  2.361 0.576     0.128     0.026       41     3.7  G_occipital_middle
 2327   1378   2543  1.662 0.606     0.107     0.020       20     2.2  G_occipital_sup
 2578   1692   5610  2.675 0.673     0.121     0.024       33     2.8  G_oc-temp_lat-fusifor
 4241   2740   6218  1.961 0.643     0.130     0.030       51     5.5  G_oc-temp_med-Lingual
 1222    778   3702  3.102 0.803     0.112     0.029       16     1.4  G_oc-temp_med-Parahip
 2818   2007   8181  3.275 0.666     0.143     0.033       44     4.1  G_orbital
 3022   1859   6496  2.683 0.575     0.119     0.024       41     2.9  G_pariet_inf-Angular
 3506   2218   7375  2.684 0.496     0.121     0.025       48     3.7  G_pariet_inf-Supramar
 3231   1718   4684  2.227 0.652     0.095     0.018       27     2.4  G_parietal_sup
 3420   1765   4785  2.197 0.665     0.092     0.019       24     2.9  G_postcentral
 4013   2011   6818  2.653 0.574     0.089     0.019       29     3.0  G_precentral
 3411   2036   6081  2.374 0.581     0.116     0.023       40     3.2  G_precuneus
  743    534   2657  3.457 0.684     0.158     0.041       16     1.4  G_rectus
  458    312    798  2.291 1.004     0.096     0.027        3     0.4  G_subcallosal
  489    280   1027  2.789 0.326     0.118     0.018        7     0.3  G_temp_sup-G_T_transv
 2415   1652   6443  2.865 0.640     0.125     0.027       36     2.6  G_temp_sup-Lateral
  839    571   2278  3.468 0.776     0.085     0.021        4     0.6  G_temp_sup-Plan_polar
 1068    709   1856  2.530 0.504     0.067     0.008        3     0.4  G_temp_sup-Plan_tempo
 3227   2226   8400  2.832 0.712     0.128     0.031       55     4.5  G_temporal_inf
 3437   2528  10374  3.044 0.547     0.130     0.028       53     3.9  G_temporal_middle
  507    329    662  2.637 0.441     0.092     0.010        2     0.2  Lat_Fis-ant-Horizont
  285    208    519  2.770 0.403     0.097     0.009        1     0.1  Lat_Fis-ant-Vertical
 1535   1006   2127  2.650 0.399     0.108     0.020       11     1.4  Lat_Fis-post
 4492   3070   5510  1.704 0.740     0.160     0.044       72     9.5  Pole_occipital
 1625   1271   7106  3.541 0.811     0.145     0.033       29     2.4  Pole_temporal
 3239   2191   3868  2.006 0.652     0.121     0.023       29     3.4  S_calcarine
 3732   2413   3852  1.813 0.530     0.097     0.017       20     2.8  S_central
 1442    947   1847  2.133 0.497     0.092     0.013        8     0.7  S_cingul-Marginalis
  524    357    843  3.075 0.463     0.099     0.019        2     0.5  S_circular_insula_ant
 1240    810   1972  3.080 0.802     0.079     0.010        4     0.5  S_circular_insula_inf
 1869   1195   2533  2.667 0.429     0.089     0.015        7     1.2  S_circular_insula_sup
 1015    679   1709  2.698 0.404     0.090     0.012        5     0.5  S_collat_transv_ant
  551    350    526  1.823 0.345     0.107     0.022        4     0.5  S_collat_transv_post
 2991   1988   4633  2.430 0.341     0.109     0.017       22     2.2  S_front_inf
 3472   2326   6016  2.641 0.444     0.118     0.022       32     3.3  S_front_middle
 4184   2854   6602  2.526 0.422     0.105     0.020       33     3.5  S_front_sup
  575    380    752  2.422 0.292     0.098     0.014        3     0.4  S_interm_prim-Jensen
 4166   2685   5098  2.081 0.508     0.102     0.015       29     3.0  S_intrapariet_and_P_trans
 1420    911   1592  2.155 0.405     0.110     0.021       10     1.2  S_oc_middle_and_Lunatus
 2038   1309   2474  2.087 0.513     0.110     0.017       15     1.4  S_oc_sup_and_transversal
  844    573   1052  2.208 0.453     0.099     0.016        5     0.6  S_occipital_ant
 1745   1114   2214  2.322 0.443     0.087     0.014        8     1.0  S_oc-temp_lat
 2275   1511   3258  2.458 0.466     0.092     0.013       12     1.3  S_oc-temp_med_and_Lingual
  623    410    799  2.353 0.349     0.094     0.013        3     0.4  S_orbital_lateral
  517    372   1143  3.200 0.790     0.110     0.020        4     0.4  S_orbital_med-olfact
 1325    939   2630  3.010 0.607     0.130     0.030       15     1.6  S_orbital-H_Shaped
 2397   1552   3082  2.190 0.597     0.105     0.018       16     1.9  S_parieto_occipital
 1608   1051   1528  1.660 0.525     0.117     0.018       24     1.3  S_pericallosal
 3275   2116   4069  2.104 0.511     0.099     0.017       20     2.4  S_postcentral
 2614   1768   3856  2.545 0.332     0.104     0.019       18     2.0  S_precentral-inf-part
 1377    889   1476  2.032 0.503     0.115     0.023       13     1.5  S_precentral-sup-part
  306    218    448  2.212 0.559     0.124     0.016        2     0.3  S_suborbital
 1629   1100   2373  2.361 0.409     0.110     0.019       10     1.3  S_subparietal
 1658   1114   2187  2.308 0.409     0.107     0.013       11     1.2  S_temporal_inf
 6935   4532  10832  2.583 0.382     0.088     0.012       38     3.7  S_temporal_sup
  296    216    424  2.632 0.387     0.132     0.013        2     0.2  S_temporal_transverse
#-----------------------------------------
#@# Parcellation Stats 3 rh Tue Mar 10 01:12:20 CET 2026
/out/sourcedata/freesurfer/sub-v1s2x0051478_ses-1/scripts

 mris_anatomical_stats -th3 -mgz -noglobal -cortex ../label/rh.cortex.label -f ../stats/rh.aparc.DKTatlas.stats -b -a ../label/rh.aparc.DKTatlas.annot -c ../label/aparc.annot.DKTatlas.ctab sub-v1s2x0051478_ses-1 rh white 

computing statistics for each annotation in ../label/rh.aparc.DKTatlas.annot.
reading volume /out/sourcedata/freesurfer/sub-v1s2x0051478_ses-1/mri/wm.mgz...
reading input surface /out/sourcedata/freesurfer/sub-v1s2x0051478_ses-1/surf/rh.white...
reading input pial surface /out/sourcedata/freesurfer/sub-v1s2x0051478_ses-1/surf/rh.pial...
reading input white surface /out/sourcedata/freesurfer/sub-v1s2x0051478_ses-1/surf/rh.white...
INFO: using TH3 volume calc
INFO: assuming MGZ format for volumes.
INFO: not computing global stats
INFO: using ../label/rh.cortex.label as mask to calc cortex NumVert, SurfArea and MeanThickness.
Using TH3 vertex volume calc
Total face volume 283064
Total vertex volume 282831 (mask=0)
Saving annotation colortable ../label/aparc.annot.DKTatlas.ctab

table columns are:
    number of vertices
    total surface area (mm^2)
    total gray matter volume (mm^3)
    average cortical thickness +- standard deviation (mm)
    integrated rectified mean curvature
    integrated rectified Gaussian curvature
    folding index
    intrinsic curvature index
    structure name

 1262    815   2086  2.315 0.747     0.109     0.012       14     0.8  caudalanteriorcingulate
 5457   3415   9796  2.623 0.478     0.102     0.017       45     4.0  caudalmiddlefrontal
 3678   2339   4241  1.777 0.498     0.132     0.029       42     4.7  cuneus
  535    356   1413  2.767 0.862     0.123     0.034        7     0.7  entorhinal
 4840   3191   9459  2.666 0.587     0.103     0.018       42     3.9  fusiform
 8658   5601  15214  2.533 0.494     0.113     0.021       88     7.8  inferiorparietal
 6147   4208  14003  2.707 0.721     0.116     0.024       79     6.6  inferiortemporal
 1575   1039   2776  2.391 0.808     0.114     0.023       18     1.3  isthmuscingulate
10444   6714  13075  1.898 0.629     0.131     0.030      121    14.3  lateraloccipital
 4063   2943  10120  3.157 0.733     0.136     0.032       52     5.7  lateralorbitofrontal
 6260   4082   8545  1.985 0.636     0.128     0.028       68     7.7  lingual
 2066   1438   5233  2.930 0.877     0.131     0.028       30     2.5  medialorbitofrontal
 7315   5117  17188  2.844 0.551     0.111     0.020       77     6.4  middletemporal
 1183    730   2439  2.839 0.675     0.085     0.016       11     0.8  parahippocampal
 2956   1729   3875  2.193 0.590     0.096     0.017       19     2.2  paracentral
 2762   1820   5352  2.752 0.407     0.098     0.016       21     1.9  parsopercularis
 1184    825   2881  2.864 0.507     0.117     0.022       14     1.0  parsorbitalis
 2538   1676   4714  2.699 0.471     0.110     0.019       25     1.9  parstriangularis
 2768   1891   2736  1.596 0.552     0.130     0.028       29     3.5  pericalcarine
 9489   5625  13171  2.139 0.697     0.098     0.018       65     7.6  postcentral
 1802   1276   3383  2.504 0.589     0.126     0.025       22     2.1  posteriorcingulate
 9777   5852  15814  2.491 0.602     0.100     0.020       75     8.2  precentral
 7176   4583  11384  2.323 0.583     0.110     0.020       64     6.2  precuneus
 1625   1118   3749  2.760 0.663     0.127     0.027       23     1.8  rostralanteriorcingulate
 7785   5262  15548  2.678 0.505     0.122     0.023       85     7.6  rostralmiddlefrontal
17850  11401  34495  2.742 0.546     0.113     0.023      168    16.9  superiorfrontal
 8578   5079  10983  2.061 0.600     0.101     0.017       66     6.3  superiorparietal
 8047   5426  18724  2.890 0.710     0.101     0.018       74     5.8  superiortemporal
 6579   4243  11802  2.592 0.463     0.114     0.023       71     6.3  supramarginal
  552    326   1053  2.728 0.291     0.120     0.017        6     0.4  transversetemporal
 3412   2252   7580  3.276 0.736     0.104     0.021       31     2.9  insula
/out/sourcedata/freesurfer/sub-v1s2x0051478_ses-1/label
#--------------------------------------------
#@# BA_exvivo Labels rh Tue Mar 10 01:12:32 CET 2026

 mri_label2label --srcsubject fsaverage --srclabel /out/sourcedata/freesurfer/fsaverage/label/rh.BA1_exvivo.label --trgsubject sub-v1s2x0051478_ses-1 --trglabel ./rh.BA1_exvivo.label --hemi rh --regmethod surface 


srclabel = /out/sourcedata/freesurfer/fsaverage/label/rh.BA1_exvivo.label
srcsubject = fsaverage
trgsubject = sub-v1s2x0051478_ses-1
trglabel = ./rh.BA1_exvivo.label
regmethod = surface

srchemi = rh
trghemi = rh
trgsurface = white
srcsurfreg = sphere.reg
trgsurfreg = sphere.reg
usehash = 1
Use ProjAbs  = 0, 0
Use ProjFrac = 0, 0
DoPaint 0

SUBJECTS_DIR    /out/sourcedata/freesurfer
FREESURFER_HOME /opt/freesurfer
Loading source label.
Found 3962 points in source label.
Starting surface-based mapping
Reading source registration 
 /out/sourcedata/freesurfer/fsaverage/surf/rh.sphere.reg
Rescaling ...  original radius = 100
Reading target surface 
 /out/sourcedata/freesurfer/sub-v1s2x0051478_ses-1/surf/rh.white
Reading target registration 
 /out/sourcedata/freesurfer/sub-v1s2x0051478_ses-1/surf/rh.sphere.reg
Rescaling ...  original radius = 100
Building target registration hash (res=16).
Building source registration hash (res=16).
INFO: found  3962 nlabel points
Performing mapping from target back to the source label 167215
Number of reverse mapping hits = 823
Checking for and removing duplicates
Writing label file ./rh.BA1_exvivo.label 4785
mri_label2label: Done


 mri_label2label --srcsubject fsaverage --srclabel /out/sourcedata/freesurfer/fsaverage/label/rh.BA2_exvivo.label --trgsubject sub-v1s2x0051478_ses-1 --trglabel ./rh.BA2_exvivo.label --hemi rh --regmethod surface 


srclabel = /out/sourcedata/freesurfer/fsaverage/label/rh.BA2_exvivo.label
srcsubject = fsaverage
trgsubject = sub-v1s2x0051478_ses-1
trglabel = ./rh.BA2_exvivo.label
regmethod = surface

srchemi = rh
trghemi = rh
trgsurface = white
srcsurfreg = sphere.reg
trgsurfreg = sphere.reg
usehash = 1
Use ProjAbs  = 0, 0
Use ProjFrac = 0, 0
DoPaint 0

SUBJECTS_DIR    /out/sourcedata/freesurfer
FREESURFER_HOME /opt/freesurfer
Loading source label.
Found 6687 points in source label.
Starting surface-based mapping
Reading source registration 
 /out/sourcedata/freesurfer/fsaverage/surf/rh.sphere.reg
Rescaling ...  original radius = 100
Reading target surface 
 /out/sourcedata/freesurfer/sub-v1s2x0051478_ses-1/surf/rh.white
Reading target registration 
 /out/sourcedata/freesurfer/sub-v1s2x0051478_ses-1/surf/rh.sphere.reg
Rescaling ...  original radius = 100
Building target registration hash (res=16).
Building source registration hash (res=16).
INFO: found  6687 nlabel points
Performing mapping from target back to the source label 167215
Number of reverse mapping hits = 950
Checking for and removing duplicates
Writing label file ./rh.BA2_exvivo.label 7637
mri_label2label: Done


 mri_label2label --srcsubject fsaverage --srclabel /out/sourcedata/freesurfer/fsaverage/label/rh.BA3a_exvivo.label --trgsubject sub-v1s2x0051478_ses-1 --trglabel ./rh.BA3a_exvivo.label --hemi rh --regmethod surface 


srclabel = /out/sourcedata/freesurfer/fsaverage/label/rh.BA3a_exvivo.label
srcsubject = fsaverage
trgsubject = sub-v1s2x0051478_ses-1
trglabel = ./rh.BA3a_exvivo.label
regmethod = surface

srchemi = rh
trghemi = rh
trgsurface = white
srcsurfreg = sphere.reg
trgsurfreg = sphere.reg
usehash = 1
Use ProjAbs  = 0, 0
Use ProjFrac = 0, 0
DoPaint 0

SUBJECTS_DIR    /out/sourcedata/freesurfer
FREESURFER_HOME /opt/freesurfer
Loading source label.
Found 3980 points in source label.
Starting surface-based mapping
Reading source registration 
 /out/sourcedata/freesurfer/fsaverage/surf/rh.sphere.reg
Rescaling ...  original radius = 100
Reading target surface 
 /out/sourcedata/freesurfer/sub-v1s2x0051478_ses-1/surf/rh.white
Reading target registration 
 /out/sourcedata/freesurfer/sub-v1s2x0051478_ses-1/surf/rh.sphere.reg
Rescaling ...  original radius = 100
Building target registration hash (res=16).
Building source registration hash (res=16).
INFO: found  3980 nlabel points
Performing mapping from target back to the source label 167215
Number of reverse mapping hits = 197
Checking for and removing duplicates
Writing label file ./rh.BA3a_exvivo.label 4177
mri_label2label: Done


 mri_label2label --srcsubject fsaverage --srclabel /out/sourcedata/freesurfer/fsaverage/label/rh.BA3b_exvivo.label --trgsubject sub-v1s2x0051478_ses-1 --trglabel ./rh.BA3b_exvivo.label --hemi rh --regmethod surface 


srclabel = /out/sourcedata/freesurfer/fsaverage/label/rh.BA3b_exvivo.label
srcsubject = fsaverage
trgsubject = sub-v1s2x0051478_ses-1
trglabel = ./rh.BA3b_exvivo.label
regmethod = surface

srchemi = rh
trghemi = rh
trgsurface = white
srcsurfreg = sphere.reg
trgsurfreg = sphere.reg
usehash = 1
Use ProjAbs  = 0, 0
Use ProjFrac = 0, 0
DoPaint 0

SUBJECTS_DIR    /out/sourcedata/freesurfer
FREESURFER_HOME /opt/freesurfer
Loading source label.
Found 4522 points in source label.
Starting surface-based mapping
Reading source registration 
 /out/sourcedata/freesurfer/fsaverage/surf/rh.sphere.reg
Rescaling ...  original radius = 100
Reading target surface 
 /out/sourcedata/freesurfer/sub-v1s2x0051478_ses-1/surf/rh.white
Reading target registration 
 /out/sourcedata/freesurfer/sub-v1s2x0051478_ses-1/surf/rh.sphere.reg
Rescaling ...  original radius = 100
Building target registration hash (res=16).
Building source registration hash (res=16).
INFO: found  4522 nlabel points
Performing mapping from target back to the source label 167215
Number of reverse mapping hits = 546
Checking for and removing duplicates
Writing label file ./rh.BA3b_exvivo.label 5068
mri_label2label: Done


 mri_label2label --srcsubject fsaverage --srclabel /out/sourcedata/freesurfer/fsaverage/label/rh.BA4a_exvivo.label --trgsubject sub-v1s2x0051478_ses-1 --trglabel ./rh.BA4a_exvivo.label --hemi rh --regmethod surface 


srclabel = /out/sourcedata/freesurfer/fsaverage/label/rh.BA4a_exvivo.label
srcsubject = fsaverage
trgsubject = sub-v1s2x0051478_ses-1
trglabel = ./rh.BA4a_exvivo.label
regmethod = surface

srchemi = rh
trghemi = rh
trgsurface = white
srcsurfreg = sphere.reg
trgsurfreg = sphere.reg
usehash = 1
Use ProjAbs  = 0, 0
Use ProjFrac = 0, 0
DoPaint 0

SUBJECTS_DIR    /out/sourcedata/freesurfer
FREESURFER_HOME /opt/freesurfer
Loading source label.
Found 5747 points in source label.
Starting surface-based mapping
Reading source registration 
 /out/sourcedata/freesurfer/fsaverage/surf/rh.sphere.reg
Rescaling ...  original radius = 100
Reading target surface 
 /out/sourcedata/freesurfer/sub-v1s2x0051478_ses-1/surf/rh.white
Reading target registration 
 /out/sourcedata/freesurfer/sub-v1s2x0051478_ses-1/surf/rh.sphere.reg
Rescaling ...  original radius = 100
Building target registration hash (res=16).
Building source registration hash (res=16).
INFO: found  5747 nlabel points
Performing mapping from target back to the source label 167215
Number of reverse mapping hits = 661
Checking for and removing duplicates
Writing label file ./rh.BA4a_exvivo.label 6408
mri_label2label: Done


 mri_label2label --srcsubject fsaverage --srclabel /out/sourcedata/freesurfer/fsaverage/label/rh.BA4p_exvivo.label --trgsubject sub-v1s2x0051478_ses-1 --trglabel ./rh.BA4p_exvivo.label --hemi rh --regmethod surface 


srclabel = /out/sourcedata/freesurfer/fsaverage/label/rh.BA4p_exvivo.label
srcsubject = fsaverage
trgsubject = sub-v1s2x0051478_ses-1
trglabel = ./rh.BA4p_exvivo.label
regmethod = surface

srchemi = rh
trghemi = rh
trgsurface = white
srcsurfreg = sphere.reg
trgsurfreg = sphere.reg
usehash = 1
Use ProjAbs  = 0, 0
Use ProjFrac = 0, 0
DoPaint 0

SUBJECTS_DIR    /out/sourcedata/freesurfer
FREESURFER_HOME /opt/freesurfer
Loading source label.
Found 4473 points in source label.
Starting surface-based mapping
Reading source registration 
 /out/sourcedata/freesurfer/fsaverage/surf/rh.sphere.reg
Rescaling ...  original radius = 100
Reading target surface 
 /out/sourcedata/freesurfer/sub-v1s2x0051478_ses-1/surf/rh.white
Reading target registration 
 /out/sourcedata/freesurfer/sub-v1s2x0051478_ses-1/surf/rh.sphere.reg
Rescaling ...  original radius = 100
Building target registration hash (res=16).
Building source registration hash (res=16).
INFO: found  4473 nlabel points
Performing mapping from target back to the source label 167215
Number of reverse mapping hits = 356
Checking for and removing duplicates
Writing label file ./rh.BA4p_exvivo.label 4829
mri_label2label: Done


 mri_label2label --srcsubject fsaverage --srclabel /out/sourcedata/freesurfer/fsaverage/label/rh.BA6_exvivo.label --trgsubject sub-v1s2x0051478_ses-1 --trglabel ./rh.BA6_exvivo.label --hemi rh --regmethod surface 


srclabel = /out/sourcedata/freesurfer/fsaverage/label/rh.BA6_exvivo.label
srcsubject = fsaverage
trgsubject = sub-v1s2x0051478_ses-1
trglabel = ./rh.BA6_exvivo.label
regmethod = surface

srchemi = rh
trghemi = rh
trgsurface = white
srcsurfreg = sphere.reg
trgsurfreg = sphere.reg
usehash = 1
Use ProjAbs  = 0, 0
Use ProjFrac = 0, 0
DoPaint 0

SUBJECTS_DIR    /out/sourcedata/freesurfer
FREESURFER_HOME /opt/freesurfer
Loading source label.
Found 12256 points in source label.
Starting surface-based mapping
Reading source registration 
 /out/sourcedata/freesurfer/fsaverage/surf/rh.sphere.reg
Rescaling ...  original radius = 100
Reading target surface 
 /out/sourcedata/freesurfer/sub-v1s2x0051478_ses-1/surf/rh.white
Reading target registration 
 /out/sourcedata/freesurfer/sub-v1s2x0051478_ses-1/surf/rh.sphere.reg
Rescaling ...  original radius = 100
Building target registration hash (res=16).
Building source registration hash (res=16).
INFO: found  12256 nlabel points
Performing mapping from target back to the source label 167215
Number of reverse mapping hits = 1945
Checking for and removing duplicates
Writing label file ./rh.BA6_exvivo.label 14201
mri_label2label: Done


 mri_label2label --srcsubject fsaverage --srclabel /out/sourcedata/freesurfer/fsaverage/label/rh.BA44_exvivo.label --trgsubject sub-v1s2x0051478_ses-1 --trglabel ./rh.BA44_exvivo.label --hemi rh --regmethod surface 


srclabel = /out/sourcedata/freesurfer/fsaverage/label/rh.BA44_exvivo.label
srcsubject = fsaverage
trgsubject = sub-v1s2x0051478_ses-1
trglabel = ./rh.BA44_exvivo.label
regmethod = surface

srchemi = rh
trghemi = rh
trgsurface = white
srcsurfreg = sphere.reg
trgsurfreg = sphere.reg
usehash = 1
Use ProjAbs  = 0, 0
Use ProjFrac = 0, 0
DoPaint 0

SUBJECTS_DIR    /out/sourcedata/freesurfer
FREESURFER_HOME /opt/freesurfer
Loading source label.
Found 6912 points in source label.
Starting surface-based mapping
Reading source registration 
 /out/sourcedata/freesurfer/fsaverage/surf/rh.sphere.reg
Rescaling ...  original radius = 100
Reading target surface 
 /out/sourcedata/freesurfer/sub-v1s2x0051478_ses-1/surf/rh.white
Reading target registration 
 /out/sourcedata/freesurfer/sub-v1s2x0051478_ses-1/surf/rh.sphere.reg
Rescaling ...  original radius = 100
Building target registration hash (res=16).
Building source registration hash (res=16).
INFO: found  6912 nlabel points
Performing mapping from target back to the source label 167215
Number of reverse mapping hits = 1602
Checking for and removing duplicates
Writing label file ./rh.BA44_exvivo.label 8514
mri_label2label: Done


 mri_label2label --srcsubject fsaverage --srclabel /out/sourcedata/freesurfer/fsaverage/label/rh.BA45_exvivo.label --trgsubject sub-v1s2x0051478_ses-1 --trglabel ./rh.BA45_exvivo.label --hemi rh --regmethod surface 


srclabel = /out/sourcedata/freesurfer/fsaverage/label/rh.BA45_exvivo.label
srcsubject = fsaverage
trgsubject = sub-v1s2x0051478_ses-1
trglabel = ./rh.BA45_exvivo.label
regmethod = surface

srchemi = rh
trghemi = rh
trgsurface = white
srcsurfreg = sphere.reg
trgsurfreg = sphere.reg
usehash = 1
Use ProjAbs  = 0, 0
Use ProjFrac = 0, 0
DoPaint 0

SUBJECTS_DIR    /out/sourcedata/freesurfer
FREESURFER_HOME /opt/freesurfer
Loading source label.
Found 5355 points in source label.
Starting surface-based mapping
Reading source registration 
 /out/sourcedata/freesurfer/fsaverage/surf/rh.sphere.reg
Rescaling ...  original radius = 100
Reading target surface 
 /out/sourcedata/freesurfer/sub-v1s2x0051478_ses-1/surf/rh.white
Reading target registration 
 /out/sourcedata/freesurfer/sub-v1s2x0051478_ses-1/surf/rh.sphere.reg
Rescaling ...  original radius = 100
Building target registration hash (res=16).
Building source registration hash (res=16).
INFO: found  5355 nlabel points
Performing mapping from target back to the source label 167215
Number of reverse mapping hits = 1118
Checking for and removing duplicates
Writing label file ./rh.BA45_exvivo.label 6473
mri_label2label: Done


 mri_label2label --srcsubject fsaverage --srclabel /out/sourcedata/freesurfer/fsaverage/label/rh.V1_exvivo.label --trgsubject sub-v1s2x0051478_ses-1 --trglabel ./rh.V1_exvivo.label --hemi rh --regmethod surface 


srclabel = /out/sourcedata/freesurfer/fsaverage/label/rh.V1_exvivo.label
srcsubject = fsaverage
trgsubject = sub-v1s2x0051478_ses-1
trglabel = ./rh.V1_exvivo.label
regmethod = surface

srchemi = rh
trghemi = rh
trgsurface = white
srcsurfreg = sphere.reg
trgsurfreg = sphere.reg
usehash = 1
Use ProjAbs  = 0, 0
Use ProjFrac = 0, 0
DoPaint 0

SUBJECTS_DIR    /out/sourcedata/freesurfer
FREESURFER_HOME /opt/freesurfer
Loading source label.
Found 4727 points in source label.
Starting surface-based mapping
Reading source registration 
 /out/sourcedata/freesurfer/fsaverage/surf/rh.sphere.reg
Rescaling ...  original radius = 100
Reading target surface 
 /out/sourcedata/freesurfer/sub-v1s2x0051478_ses-1/surf/rh.white
Reading target registration 
 /out/sourcedata/freesurfer/sub-v1s2x0051478_ses-1/surf/rh.sphere.reg
Rescaling ...  original radius = 100
Building target registration hash (res=16).
Building source registration hash (res=16).
INFO: found  4727 nlabel points
Performing mapping from target back to the source label 167215
Number of reverse mapping hits = 2663
Checking for and removing duplicates
Writing label file ./rh.V1_exvivo.label 7390
mri_label2label: Done


 mri_label2label --srcsubject fsaverage --srclabel /out/sourcedata/freesurfer/fsaverage/label/rh.V2_exvivo.label --trgsubject sub-v1s2x0051478_ses-1 --trglabel ./rh.V2_exvivo.label --hemi rh --regmethod surface 


srclabel = /out/sourcedata/freesurfer/fsaverage/label/rh.V2_exvivo.label
srcsubject = fsaverage
trgsubject = sub-v1s2x0051478_ses-1
trglabel = ./rh.V2_exvivo.label
regmethod = surface

srchemi = rh
trghemi = rh
trgsurface = white
srcsurfreg = sphere.reg
trgsurfreg = sphere.reg
usehash = 1
Use ProjAbs  = 0, 0
Use ProjFrac = 0, 0
DoPaint 0

SUBJECTS_DIR    /out/sourcedata/freesurfer
FREESURFER_HOME /opt/freesurfer
Loading source label.
Found 8016 points in source label.
Starting surface-based mapping
Reading source registration 
 /out/sourcedata/freesurfer/fsaverage/surf/rh.sphere.reg
Rescaling ...  original radius = 100
Reading target surface 
 /out/sourcedata/freesurfer/sub-v1s2x0051478_ses-1/surf/rh.white
Reading target registration 
 /out/sourcedata/freesurfer/sub-v1s2x0051478_ses-1/surf/rh.sphere.reg
Rescaling ...  original radius = 100
Building target registration hash (res=16).
Building source registration hash (res=16).
INFO: found  8016 nlabel points
Performing mapping from target back to the source label 167215
Number of reverse mapping hits = 5099
Checking for and removing duplicates
Writing label file ./rh.V2_exvivo.label 13115
mri_label2label: Done


 mri_label2label --srcsubject fsaverage --srclabel /out/sourcedata/freesurfer/fsaverage/label/rh.MT_exvivo.label --trgsubject sub-v1s2x0051478_ses-1 --trglabel ./rh.MT_exvivo.label --hemi rh --regmethod surface 


srclabel = /out/sourcedata/freesurfer/fsaverage/label/rh.MT_exvivo.label
srcsubject = fsaverage
trgsubject = sub-v1s2x0051478_ses-1
trglabel = ./rh.MT_exvivo.label
regmethod = surface

srchemi = rh
trghemi = rh
trgsurface = white
srcsurfreg = sphere.reg
trgsurfreg = sphere.reg
usehash = 1
Use ProjAbs  = 0, 0
Use ProjFrac = 0, 0
DoPaint 0

SUBJECTS_DIR    /out/sourcedata/freesurfer
FREESURFER_HOME /opt/freesurfer
Loading source label.
Found 1932 points in source label.
Starting surface-based mapping
Reading source registration 
 /out/sourcedata/freesurfer/fsaverage/surf/rh.sphere.reg
Rescaling ...  original radius = 100
Reading target surface 
 /out/sourcedata/freesurfer/sub-v1s2x0051478_ses-1/surf/rh.white
Reading target registration 
 /out/sourcedata/freesurfer/sub-v1s2x0051478_ses-1/surf/rh.sphere.reg
Rescaling ...  original radius = 100
Building target registration hash (res=16).
Building source registration hash (res=16).
INFO: found  1932 nlabel points
Performing mapping from target back to the source label 167215
Number of reverse mapping hits = 921
Checking for and removing duplicates
Writing label file ./rh.MT_exvivo.label 2853
mri_label2label: Done


 mri_label2label --srcsubject fsaverage --srclabel /out/sourcedata/freesurfer/fsaverage/label/rh.entorhinal_exvivo.label --trgsubject sub-v1s2x0051478_ses-1 --trglabel ./rh.entorhinal_exvivo.label --hemi rh --regmethod surface 


srclabel = /out/sourcedata/freesurfer/fsaverage/label/rh.entorhinal_exvivo.label
srcsubject = fsaverage
trgsubject = sub-v1s2x0051478_ses-1
trglabel = ./rh.entorhinal_exvivo.label
regmethod = surface

srchemi = rh
trghemi = rh
trgsurface = white
srcsurfreg = sphere.reg
trgsurfreg = sphere.reg
usehash = 1
Use ProjAbs  = 0, 0
Use ProjFrac = 0, 0
DoPaint 0

SUBJECTS_DIR    /out/sourcedata/freesurfer
FREESURFER_HOME /opt/freesurfer
Loading source label.
Found 1038 points in source label.
Starting surface-based mapping
Reading source registration 
 /out/sourcedata/freesurfer/fsaverage/surf/rh.sphere.reg
Rescaling ...  original radius = 100
Reading target surface 
 /out/sourcedata/freesurfer/sub-v1s2x0051478_ses-1/surf/rh.white
Reading target registration 
 /out/sourcedata/freesurfer/sub-v1s2x0051478_ses-1/surf/rh.sphere.reg
Rescaling ...  original radius = 100
Building target registration hash (res=16).
Building source registration hash (res=16).
INFO: found  1038 nlabel points
Performing mapping from target back to the source label 167215
Number of reverse mapping hits = 75
Checking for and removing duplicates
Writing label file ./rh.entorhinal_exvivo.label 1113
mri_label2label: Done


 mri_label2label --srcsubject fsaverage --srclabel /out/sourcedata/freesurfer/fsaverage/label/rh.perirhinal_exvivo.label --trgsubject sub-v1s2x0051478_ses-1 --trglabel ./rh.perirhinal_exvivo.label --hemi rh --regmethod surface 


srclabel = /out/sourcedata/freesurfer/fsaverage/label/rh.perirhinal_exvivo.label
srcsubject = fsaverage
trgsubject = sub-v1s2x0051478_ses-1
trglabel = ./rh.perirhinal_exvivo.label
regmethod = surface

srchemi = rh
trghemi = rh
trgsurface = white
srcsurfreg = sphere.reg
trgsurfreg = sphere.reg
usehash = 1
Use ProjAbs  = 0, 0
Use ProjFrac = 0, 0
DoPaint 0

SUBJECTS_DIR    /out/sourcedata/freesurfer
FREESURFER_HOME /opt/freesurfer
Loading source label.
Found 752 points in source label.
Starting surface-based mapping
Reading source registration 
 /out/sourcedata/freesurfer/fsaverage/surf/rh.sphere.reg
Rescaling ...  original radius = 100
Reading target surface 
 /out/sourcedata/freesurfer/sub-v1s2x0051478_ses-1/surf/rh.white
Reading target registration 
 /out/sourcedata/freesurfer/sub-v1s2x0051478_ses-1/surf/rh.sphere.reg
Rescaling ...  original radius = 100
Building target registration hash (res=16).
Building source registration hash (res=16).
INFO: found  752 nlabel points
Performing mapping from target back to the source label 167215
Number of reverse mapping hits = 27
Checking for and removing duplicates
Writing label file ./rh.perirhinal_exvivo.label 779
mri_label2label: Done


 mri_label2label --srcsubject fsaverage --srclabel /out/sourcedata/freesurfer/fsaverage/label/rh.FG1.mpm.vpnl.label --trgsubject sub-v1s2x0051478_ses-1 --trglabel ./rh.FG1.mpm.vpnl.label --hemi rh --regmethod surface 


srclabel = /out/sourcedata/freesurfer/fsaverage/label/rh.FG1.mpm.vpnl.label
srcsubject = fsaverage
trgsubject = sub-v1s2x0051478_ses-1
trglabel = ./rh.FG1.mpm.vpnl.label
regmethod = surface

srchemi = rh
trghemi = rh
trgsurface = white
srcsurfreg = sphere.reg
trgsurfreg = sphere.reg
usehash = 1
Use ProjAbs  = 0, 0
Use ProjFrac = 0, 0
DoPaint 0

SUBJECTS_DIR    /out/sourcedata/freesurfer
FREESURFER_HOME /opt/freesurfer
Loading source label.
Found 541 points in source label.
Starting surface-based mapping
Reading source registration 
 /out/sourcedata/freesurfer/fsaverage/surf/rh.sphere.reg
Rescaling ...  original radius = 100
Reading target surface 
 /out/sourcedata/freesurfer/sub-v1s2x0051478_ses-1/surf/rh.white
Reading target registration 
 /out/sourcedata/freesurfer/sub-v1s2x0051478_ses-1/surf/rh.sphere.reg
Rescaling ...  original radius = 100
Building target registration hash (res=16).
Building source registration hash (res=16).
INFO: found  541 nlabel points
Performing mapping from target back to the source label 167215
Number of reverse mapping hits = 289
Checking for and removing duplicates
Writing label file ./rh.FG1.mpm.vpnl.label 830
mri_label2label: Done


 mri_label2label --srcsubject fsaverage --srclabel /out/sourcedata/freesurfer/fsaverage/label/rh.FG2.mpm.vpnl.label --trgsubject sub-v1s2x0051478_ses-1 --trglabel ./rh.FG2.mpm.vpnl.label --hemi rh --regmethod surface 


srclabel = /out/sourcedata/freesurfer/fsaverage/label/rh.FG2.mpm.vpnl.label
srcsubject = fsaverage
trgsubject = sub-v1s2x0051478_ses-1
trglabel = ./rh.FG2.mpm.vpnl.label
regmethod = surface

srchemi = rh
trghemi = rh
trgsurface = white
srcsurfreg = sphere.reg
trgsurfreg = sphere.reg
usehash = 1
Use ProjAbs  = 0, 0
Use ProjFrac = 0, 0
DoPaint 0

SUBJECTS_DIR    /out/sourcedata/freesurfer
FREESURFER_HOME /opt/freesurfer
Loading source label.
Found 721 points in source label.
Starting surface-based mapping
Reading source registration 
 /out/sourcedata/freesurfer/fsaverage/surf/rh.sphere.reg
Rescaling ...  original radius = 100
Reading target surface 
 /out/sourcedata/freesurfer/sub-v1s2x0051478_ses-1/surf/rh.white
Reading target registration 
 /out/sourcedata/freesurfer/sub-v1s2x0051478_ses-1/surf/rh.sphere.reg
Rescaling ...  original radius = 100
Building target registration hash (res=16).
Building source registration hash (res=16).
INFO: found  721 nlabel points
Performing mapping from target back to the source label 167215
Number of reverse mapping hits = 608
Checking for and removing duplicates
Writing label file ./rh.FG2.mpm.vpnl.label 1329
mri_label2label: Done


 mri_label2label --srcsubject fsaverage --srclabel /out/sourcedata/freesurfer/fsaverage/label/rh.FG3.mpm.vpnl.label --trgsubject sub-v1s2x0051478_ses-1 --trglabel ./rh.FG3.mpm.vpnl.label --hemi rh --regmethod surface 


srclabel = /out/sourcedata/freesurfer/fsaverage/label/rh.FG3.mpm.vpnl.label
srcsubject = fsaverage
trgsubject = sub-v1s2x0051478_ses-1
trglabel = ./rh.FG3.mpm.vpnl.label
regmethod = surface

srchemi = rh
trghemi = rh
trgsurface = white
srcsurfreg = sphere.reg
trgsurfreg = sphere.reg
usehash = 1
Use ProjAbs  = 0, 0
Use ProjFrac = 0, 0
DoPaint 0

SUBJECTS_DIR    /out/sourcedata/freesurfer
FREESURFER_HOME /opt/freesurfer
Loading source label.
Found 1523 points in source label.
Starting surface-based mapping
Reading source registration 
 /out/sourcedata/freesurfer/fsaverage/surf/rh.sphere.reg
Rescaling ...  original radius = 100
Reading target surface 
 /out/sourcedata/freesurfer/sub-v1s2x0051478_ses-1/surf/rh.white
Reading target registration 
 /out/sourcedata/freesurfer/sub-v1s2x0051478_ses-1/surf/rh.sphere.reg
Rescaling ...  original radius = 100
Building target registration hash (res=16).
Building source registration hash (res=16).
INFO: found  1523 nlabel points
Performing mapping from target back to the source label 167215
Number of reverse mapping hits = 311
Checking for and removing duplicates
Writing label file ./rh.FG3.mpm.vpnl.label 1834
mri_label2label: Done


 mri_label2label --srcsubject fsaverage --srclabel /out/sourcedata/freesurfer/fsaverage/label/rh.FG4.mpm.vpnl.label --trgsubject sub-v1s2x0051478_ses-1 --trglabel ./rh.FG4.mpm.vpnl.label --hemi rh --regmethod surface 


srclabel = /out/sourcedata/freesurfer/fsaverage/label/rh.FG4.mpm.vpnl.label
srcsubject = fsaverage
trgsubject = sub-v1s2x0051478_ses-1
trglabel = ./rh.FG4.mpm.vpnl.label
regmethod = surface

srchemi = rh
trghemi = rh
trgsurface = white
srcsurfreg = sphere.reg
trgsurfreg = sphere.reg
usehash = 1
Use ProjAbs  = 0, 0
Use ProjFrac = 0, 0
DoPaint 0

SUBJECTS_DIR    /out/sourcedata/freesurfer
FREESURFER_HOME /opt/freesurfer
Loading source label.
Found 1586 points in source label.
Starting surface-based mapping
Reading source registration 
 /out/sourcedata/freesurfer/fsaverage/surf/rh.sphere.reg
Rescaling ...  original radius = 100
Reading target surface 
 /out/sourcedata/freesurfer/sub-v1s2x0051478_ses-1/surf/rh.white
Reading target registration 
 /out/sourcedata/freesurfer/sub-v1s2x0051478_ses-1/surf/rh.sphere.reg
Rescaling ...  original radius = 100
Building target registration hash (res=16).
Building source registration hash (res=16).
INFO: found  1586 nlabel points
Performing mapping from target back to the source label 167215
Number of reverse mapping hits = 769
Checking for and removing duplicates
Writing label file ./rh.FG4.mpm.vpnl.label 2355
mri_label2label: Done


 mri_label2label --srcsubject fsaverage --srclabel /out/sourcedata/freesurfer/fsaverage/label/rh.hOc1.mpm.vpnl.label --trgsubject sub-v1s2x0051478_ses-1 --trglabel ./rh.hOc1.mpm.vpnl.label --hemi rh --regmethod surface 


srclabel = /out/sourcedata/freesurfer/fsaverage/label/rh.hOc1.mpm.vpnl.label
srcsubject = fsaverage
trgsubject = sub-v1s2x0051478_ses-1
trglabel = ./rh.hOc1.mpm.vpnl.label
regmethod = surface

srchemi = rh
trghemi = rh
trgsurface = white
srcsurfreg = sphere.reg
trgsurfreg = sphere.reg
usehash = 1
Use ProjAbs  = 0, 0
Use ProjFrac = 0, 0
DoPaint 0

SUBJECTS_DIR    /out/sourcedata/freesurfer
FREESURFER_HOME /opt/freesurfer
Loading source label.
Found 3667 points in source label.
Starting surface-based mapping
Reading source registration 
 /out/sourcedata/freesurfer/fsaverage/surf/rh.sphere.reg
Rescaling ...  original radius = 100
Reading target surface 
 /out/sourcedata/freesurfer/sub-v1s2x0051478_ses-1/surf/rh.white
Reading target registration 
 /out/sourcedata/freesurfer/sub-v1s2x0051478_ses-1/surf/rh.sphere.reg
Rescaling ...  original radius = 100
Building target registration hash (res=16).
Building source registration hash (res=16).
INFO: found  3667 nlabel points
Performing mapping from target back to the source label 167215
Number of reverse mapping hits = 2013
Checking for and removing duplicates
Writing label file ./rh.hOc1.mpm.vpnl.label 5680
mri_label2label: Done


 mri_label2label --srcsubject fsaverage --srclabel /out/sourcedata/freesurfer/fsaverage/label/rh.hOc2.mpm.vpnl.label --trgsubject sub-v1s2x0051478_ses-1 --trglabel ./rh.hOc2.mpm.vpnl.label --hemi rh --regmethod surface 


srclabel = /out/sourcedata/freesurfer/fsaverage/label/rh.hOc2.mpm.vpnl.label
srcsubject = fsaverage
trgsubject = sub-v1s2x0051478_ses-1
trglabel = ./rh.hOc2.mpm.vpnl.label
regmethod = surface

srchemi = rh
trghemi = rh
trgsurface = white
srcsurfreg = sphere.reg
trgsurfreg = sphere.reg
usehash = 1
Use ProjAbs  = 0, 0
Use ProjFrac = 0, 0
DoPaint 0

SUBJECTS_DIR    /out/sourcedata/freesurfer
FREESURFER_HOME /opt/freesurfer
Loading source label.
Found 2719 points in source label.
Starting surface-based mapping
Reading source registration 
 /out/sourcedata/freesurfer/fsaverage/surf/rh.sphere.reg
Rescaling ...  original radius = 100
Reading target surface 
 /out/sourcedata/freesurfer/sub-v1s2x0051478_ses-1/surf/rh.white
Reading target registration 
 /out/sourcedata/freesurfer/sub-v1s2x0051478_ses-1/surf/rh.sphere.reg
Rescaling ...  original radius = 100
Building target registration hash (res=16).
Building source registration hash (res=16).
INFO: found  2719 nlabel points
Performing mapping from target back to the source label 167215
Number of reverse mapping hits = 1853
Checking for and removing duplicates
Writing label file ./rh.hOc2.mpm.vpnl.label 4572
mri_label2label: Done


 mri_label2label --srcsubject fsaverage --srclabel /out/sourcedata/freesurfer/fsaverage/label/rh.hOc3v.mpm.vpnl.label --trgsubject sub-v1s2x0051478_ses-1 --trglabel ./rh.hOc3v.mpm.vpnl.label --hemi rh --regmethod surface 


srclabel = /out/sourcedata/freesurfer/fsaverage/label/rh.hOc3v.mpm.vpnl.label
srcsubject = fsaverage
trgsubject = sub-v1s2x0051478_ses-1
trglabel = ./rh.hOc3v.mpm.vpnl.label
regmethod = surface

srchemi = rh
trghemi = rh
trgsurface = white
srcsurfreg = sphere.reg
trgsurfreg = sphere.reg
usehash = 1
Use ProjAbs  = 0, 0
Use ProjFrac = 0, 0
DoPaint 0

SUBJECTS_DIR    /out/sourcedata/freesurfer
FREESURFER_HOME /opt/freesurfer
Loading source label.
Found 1228 points in source label.
Starting surface-based mapping
Reading source registration 
 /out/sourcedata/freesurfer/fsaverage/surf/rh.sphere.reg
Rescaling ...  original radius = 100
Reading target surface 
 /out/sourcedata/freesurfer/sub-v1s2x0051478_ses-1/surf/rh.white
Reading target registration 
 /out/sourcedata/freesurfer/sub-v1s2x0051478_ses-1/surf/rh.sphere.reg
Rescaling ...  original radius = 100
Building target registration hash (res=16).
Building source registration hash (res=16).
INFO: found  1228 nlabel points
Performing mapping from target back to the source label 167215
Number of reverse mapping hits = 979
Checking for and removing duplicates
Writing label file ./rh.hOc3v.mpm.vpnl.label 2207
mri_label2label: Done


 mri_label2label --srcsubject fsaverage --srclabel /out/sourcedata/freesurfer/fsaverage/label/rh.hOc4v.mpm.vpnl.label --trgsubject sub-v1s2x0051478_ses-1 --trglabel ./rh.hOc4v.mpm.vpnl.label --hemi rh --regmethod surface 


srclabel = /out/sourcedata/freesurfer/fsaverage/label/rh.hOc4v.mpm.vpnl.label
srcsubject = fsaverage
trgsubject = sub-v1s2x0051478_ses-1
trglabel = ./rh.hOc4v.mpm.vpnl.label
regmethod = surface

srchemi = rh
trghemi = rh
trgsurface = white
srcsurfreg = sphere.reg
trgsurfreg = sphere.reg
usehash = 1
Use ProjAbs  = 0, 0
Use ProjFrac = 0, 0
DoPaint 0

SUBJECTS_DIR    /out/sourcedata/freesurfer
FREESURFER_HOME /opt/freesurfer
Loading source label.
Found 1025 points in source label.
Starting surface-based mapping
Reading source registration 
 /out/sourcedata/freesurfer/fsaverage/surf/rh.sphere.reg
Rescaling ...  original radius = 100
Reading target surface 
 /out/sourcedata/freesurfer/sub-v1s2x0051478_ses-1/surf/rh.white
Reading target registration 
 /out/sourcedata/freesurfer/sub-v1s2x0051478_ses-1/surf/rh.sphere.reg
Rescaling ...  original radius = 100
Building target registration hash (res=16).
Building source registration hash (res=16).
INFO: found  1025 nlabel points
Performing mapping from target back to the source label 167215
Number of reverse mapping hits = 702
Checking for and removing duplicates
Writing label file ./rh.hOc4v.mpm.vpnl.label 1727
mri_label2label: Done


 mris_label2annot --s sub-v1s2x0051478_ses-1 --ctab /opt/freesurfer/average/colortable_vpnl.txt --hemi rh --a mpm.vpnl --maxstatwinner --noverbose --l rh.FG1.mpm.vpnl.label --l rh.FG2.mpm.vpnl.label --l rh.FG3.mpm.vpnl.label --l rh.FG4.mpm.vpnl.label --l rh.hOc1.mpm.vpnl.label --l rh.hOc2.mpm.vpnl.label --l rh.hOc3v.mpm.vpnl.label --l rh.hOc4v.mpm.vpnl.label 

Reading ctab /opt/freesurfer/average/colortable_vpnl.txt
Number of ctab entries 9

7.3.2
cwd /out/sourcedata/freesurfer/sub-v1s2x0051478_ses-1/label
cmdline mris_label2annot --s sub-v1s2x0051478_ses-1 --ctab /opt/freesurfer/average/colortable_vpnl.txt --hemi rh --a mpm.vpnl --maxstatwinner --noverbose --l rh.FG1.mpm.vpnl.label --l rh.FG2.mpm.vpnl.label --l rh.FG3.mpm.vpnl.label --l rh.FG4.mpm.vpnl.label --l rh.hOc1.mpm.vpnl.label --l rh.hOc2.mpm.vpnl.label --l rh.hOc3v.mpm.vpnl.label --l rh.hOc4v.mpm.vpnl.label 
sysname  Linux
hostname dna029
machine  x86_64
user     oesteban

subject sub-v1s2x0051478_ses-1
hemi    rh
SUBJECTS_DIR /out/sourcedata/freesurfer
ColorTable /opt/freesurfer/average/colortable_vpnl.txt
AnnotName  mpm.vpnl
nlables 8
LabelThresh 0 0.000000
Loading /out/sourcedata/freesurfer/sub-v1s2x0051478_ses-1/surf/rh.orig
 1 1376057 FG1
 2 16711935 FG2
 3 16711680 FG3
 4 1705837 FG4
 5 25600 hOc1
 6 255 hOc2
 7 16776960 hOc3v
 8 65535 hOc4v
Mapping unhit to unknown
Found 147099 unhit vertices
Writing annot to /out/sourcedata/freesurfer/sub-v1s2x0051478_ses-1/label/rh.mpm.vpnl.annot

 mri_label2label --srcsubject fsaverage --srclabel /out/sourcedata/freesurfer/fsaverage/label/rh.BA1_exvivo.thresh.label --trgsubject sub-v1s2x0051478_ses-1 --trglabel ./rh.BA1_exvivo.thresh.label --hemi rh --regmethod surface 


srclabel = /out/sourcedata/freesurfer/fsaverage/label/rh.BA1_exvivo.thresh.label
srcsubject = fsaverage
trgsubject = sub-v1s2x0051478_ses-1
trglabel = ./rh.BA1_exvivo.thresh.label
regmethod = surface

srchemi = rh
trghemi = rh
trgsurface = white
srcsurfreg = sphere.reg
trgsurfreg = sphere.reg
usehash = 1
Use ProjAbs  = 0, 0
Use ProjFrac = 0, 0
DoPaint 0

SUBJECTS_DIR    /out/sourcedata/freesurfer
FREESURFER_HOME /opt/freesurfer
Loading source label.
Found 876 points in source label.
Starting surface-based mapping
Reading source registration 
 /out/sourcedata/freesurfer/fsaverage/surf/rh.sphere.reg
Rescaling ...  original radius = 100
Reading target surface 
 /out/sourcedata/freesurfer/sub-v1s2x0051478_ses-1/surf/rh.white
Reading target registration 
 /out/sourcedata/freesurfer/sub-v1s2x0051478_ses-1/surf/rh.sphere.reg
Rescaling ...  original radius = 100
Building target registration hash (res=16).
Building source registration hash (res=16).
INFO: found  876 nlabel points
Performing mapping from target back to the source label 167215
Number of reverse mapping hits = 287
Checking for and removing duplicates
Writing label file ./rh.BA1_exvivo.thresh.label 1163
mri_label2label: Done


 mri_label2label --srcsubject fsaverage --srclabel /out/sourcedata/freesurfer/fsaverage/label/rh.BA2_exvivo.thresh.label --trgsubject sub-v1s2x0051478_ses-1 --trglabel ./rh.BA2_exvivo.thresh.label --hemi rh --regmethod surface 


srclabel = /out/sourcedata/freesurfer/fsaverage/label/rh.BA2_exvivo.thresh.label
srcsubject = fsaverage
trgsubject = sub-v1s2x0051478_ses-1
trglabel = ./rh.BA2_exvivo.thresh.label
regmethod = surface

srchemi = rh
trghemi = rh
trgsurface = white
srcsurfreg = sphere.reg
trgsurfreg = sphere.reg
usehash = 1
Use ProjAbs  = 0, 0
Use ProjFrac = 0, 0
DoPaint 0

SUBJECTS_DIR    /out/sourcedata/freesurfer
FREESURFER_HOME /opt/freesurfer
Loading source label.
Found 2688 points in source label.
Starting surface-based mapping
Reading source registration 
 /out/sourcedata/freesurfer/fsaverage/surf/rh.sphere.reg
Rescaling ...  original radius = 100
Reading target surface 
 /out/sourcedata/freesurfer/sub-v1s2x0051478_ses-1/surf/rh.white
Reading target registration 
 /out/sourcedata/freesurfer/sub-v1s2x0051478_ses-1/surf/rh.sphere.reg
Rescaling ...  original radius = 100
Building target registration hash (res=16).
Building source registration hash (res=16).
INFO: found  2688 nlabel points
Performing mapping from target back to the source label 167215
Number of reverse mapping hits = 352
Checking for and removing duplicates
Writing label file ./rh.BA2_exvivo.thresh.label 3040
mri_label2label: Done


 mri_label2label --srcsubject fsaverage --srclabel /out/sourcedata/freesurfer/fsaverage/label/rh.BA3a_exvivo.thresh.label --trgsubject sub-v1s2x0051478_ses-1 --trglabel ./rh.BA3a_exvivo.thresh.label --hemi rh --regmethod surface 


srclabel = /out/sourcedata/freesurfer/fsaverage/label/rh.BA3a_exvivo.thresh.label
srcsubject = fsaverage
trgsubject = sub-v1s2x0051478_ses-1
trglabel = ./rh.BA3a_exvivo.thresh.label
regmethod = surface

srchemi = rh
trghemi = rh
trgsurface = white
srcsurfreg = sphere.reg
trgsurfreg = sphere.reg
usehash = 1
Use ProjAbs  = 0, 0
Use ProjFrac = 0, 0
DoPaint 0

SUBJECTS_DIR    /out/sourcedata/freesurfer
FREESURFER_HOME /opt/freesurfer
Loading source label.
Found 1698 points in source label.
Starting surface-based mapping
Reading source registration 
 /out/sourcedata/freesurfer/fsaverage/surf/rh.sphere.reg
Rescaling ...  original radius = 100
Reading target surface 
 /out/sourcedata/freesurfer/sub-v1s2x0051478_ses-1/surf/rh.white
Reading target registration 
 /out/sourcedata/freesurfer/sub-v1s2x0051478_ses-1/surf/rh.sphere.reg
Rescaling ...  original radius = 100
Building target registration hash (res=16).
Building source registration hash (res=16).
INFO: found  1698 nlabel points
Performing mapping from target back to the source label 167215
Number of reverse mapping hits = 24
Checking for and removing duplicates
Writing label file ./rh.BA3a_exvivo.thresh.label 1722
mri_label2label: Done


 mri_label2label --srcsubject fsaverage --srclabel /out/sourcedata/freesurfer/fsaverage/label/rh.BA3b_exvivo.thresh.label --trgsubject sub-v1s2x0051478_ses-1 --trglabel ./rh.BA3b_exvivo.thresh.label --hemi rh --regmethod surface 


srclabel = /out/sourcedata/freesurfer/fsaverage/label/rh.BA3b_exvivo.thresh.label
srcsubject = fsaverage
trgsubject = sub-v1s2x0051478_ses-1
trglabel = ./rh.BA3b_exvivo.thresh.label
regmethod = surface

srchemi = rh
trghemi = rh
trgsurface = white
srcsurfreg = sphere.reg
trgsurfreg = sphere.reg
usehash = 1
Use ProjAbs  = 0, 0
Use ProjFrac = 0, 0
DoPaint 0

SUBJECTS_DIR    /out/sourcedata/freesurfer
FREESURFER_HOME /opt/freesurfer
Loading source label.
Found 2183 points in source label.
Starting surface-based mapping
Reading source registration 
 /out/sourcedata/freesurfer/fsaverage/surf/rh.sphere.reg
Rescaling ...  original radius = 100
Reading target surface 
 /out/sourcedata/freesurfer/sub-v1s2x0051478_ses-1/surf/rh.white
Reading target registration 
 /out/sourcedata/freesurfer/sub-v1s2x0051478_ses-1/surf/rh.sphere.reg
Rescaling ...  original radius = 100
Building target registration hash (res=16).
Building source registration hash (res=16).
INFO: found  2183 nlabel points
Performing mapping from target back to the source label 167215
Number of reverse mapping hits = 173
Checking for and removing duplicates
Writing label file ./rh.BA3b_exvivo.thresh.label 2356
mri_label2label: Done


 mri_label2label --srcsubject fsaverage --srclabel /out/sourcedata/freesurfer/fsaverage/label/rh.BA4a_exvivo.thresh.label --trgsubject sub-v1s2x0051478_ses-1 --trglabel ./rh.BA4a_exvivo.thresh.label --hemi rh --regmethod surface 


srclabel = /out/sourcedata/freesurfer/fsaverage/label/rh.BA4a_exvivo.thresh.label
srcsubject = fsaverage
trgsubject = sub-v1s2x0051478_ses-1
trglabel = ./rh.BA4a_exvivo.thresh.label
regmethod = surface

srchemi = rh
trghemi = rh
trgsurface = white
srcsurfreg = sphere.reg
trgsurfreg = sphere.reg
usehash = 1
Use ProjAbs  = 0, 0
Use ProjFrac = 0, 0
DoPaint 0

SUBJECTS_DIR    /out/sourcedata/freesurfer
FREESURFER_HOME /opt/freesurfer
Loading source label.
Found 1388 points in source label.
Starting surface-based mapping
Reading source registration 
 /out/sourcedata/freesurfer/fsaverage/surf/rh.sphere.reg
Rescaling ...  original radius = 100
Reading target surface 
 /out/sourcedata/freesurfer/sub-v1s2x0051478_ses-1/surf/rh.white
Reading target registration 
 /out/sourcedata/freesurfer/sub-v1s2x0051478_ses-1/surf/rh.sphere.reg
Rescaling ...  original radius = 100
Building target registration hash (res=16).
Building source registration hash (res=16).
INFO: found  1388 nlabel points
Performing mapping from target back to the source label 167215
Number of reverse mapping hits = 81
Checking for and removing duplicates
Writing label file ./rh.BA4a_exvivo.thresh.label 1469
mri_label2label: Done


 mri_label2label --srcsubject fsaverage --srclabel /out/sourcedata/freesurfer/fsaverage/label/rh.BA4p_exvivo.thresh.label --trgsubject sub-v1s2x0051478_ses-1 --trglabel ./rh.BA4p_exvivo.thresh.label --hemi rh --regmethod surface 


srclabel = /out/sourcedata/freesurfer/fsaverage/label/rh.BA4p_exvivo.thresh.label
srcsubject = fsaverage
trgsubject = sub-v1s2x0051478_ses-1
trglabel = ./rh.BA4p_exvivo.thresh.label
regmethod = surface

srchemi = rh
trghemi = rh
trgsurface = white
srcsurfreg = sphere.reg
trgsurfreg = sphere.reg
usehash = 1
Use ProjAbs  = 0, 0
Use ProjFrac = 0, 0
DoPaint 0

SUBJECTS_DIR    /out/sourcedata/freesurfer
FREESURFER_HOME /opt/freesurfer
Loading source label.
Found 1489 points in source label.
Starting surface-based mapping
Reading source registration 
 /out/sourcedata/freesurfer/fsaverage/surf/rh.sphere.reg
Rescaling ...  original radius = 100
Reading target surface 
 /out/sourcedata/freesurfer/sub-v1s2x0051478_ses-1/surf/rh.white
Reading target registration 
 /out/sourcedata/freesurfer/sub-v1s2x0051478_ses-1/surf/rh.sphere.reg
Rescaling ...  original radius = 100
Building target registration hash (res=16).
Building source registration hash (res=16).
INFO: found  1489 nlabel points
Performing mapping from target back to the source label 167215
Number of reverse mapping hits = 136
Checking for and removing duplicates
Writing label file ./rh.BA4p_exvivo.thresh.label 1625
mri_label2label: Done


 mri_label2label --srcsubject fsaverage --srclabel /out/sourcedata/freesurfer/fsaverage/label/rh.BA6_exvivo.thresh.label --trgsubject sub-v1s2x0051478_ses-1 --trglabel ./rh.BA6_exvivo.thresh.label --hemi rh --regmethod surface 


srclabel = /out/sourcedata/freesurfer/fsaverage/label/rh.BA6_exvivo.thresh.label
srcsubject = fsaverage
trgsubject = sub-v1s2x0051478_ses-1
trglabel = ./rh.BA6_exvivo.thresh.label
regmethod = surface

srchemi = rh
trghemi = rh
trgsurface = white
srcsurfreg = sphere.reg
trgsurfreg = sphere.reg
usehash = 1
Use ProjAbs  = 0, 0
Use ProjFrac = 0, 0
DoPaint 0

SUBJECTS_DIR    /out/sourcedata/freesurfer
FREESURFER_HOME /opt/freesurfer
Loading source label.
Found 6959 points in source label.
Starting surface-based mapping
Reading source registration 
 /out/sourcedata/freesurfer/fsaverage/surf/rh.sphere.reg
Rescaling ...  original radius = 100
Reading target surface 
 /out/sourcedata/freesurfer/sub-v1s2x0051478_ses-1/surf/rh.white
Reading target registration 
 /out/sourcedata/freesurfer/sub-v1s2x0051478_ses-1/surf/rh.sphere.reg
Rescaling ...  original radius = 100
Building target registration hash (res=16).
Building source registration hash (res=16).
INFO: found  6959 nlabel points
Performing mapping from target back to the source label 167215
Number of reverse mapping hits = 868
Checking for and removing duplicates
Writing label file ./rh.BA6_exvivo.thresh.label 7827
mri_label2label: Done


 mri_label2label --srcsubject fsaverage --srclabel /out/sourcedata/freesurfer/fsaverage/label/rh.BA44_exvivo.thresh.label --trgsubject sub-v1s2x0051478_ses-1 --trglabel ./rh.BA44_exvivo.thresh.label --hemi rh --regmethod surface 


srclabel = /out/sourcedata/freesurfer/fsaverage/label/rh.BA44_exvivo.thresh.label
srcsubject = fsaverage
trgsubject = sub-v1s2x0051478_ses-1
trglabel = ./rh.BA44_exvivo.thresh.label
regmethod = surface

srchemi = rh
trghemi = rh
trgsurface = white
srcsurfreg = sphere.reg
trgsurfreg = sphere.reg
usehash = 1
Use ProjAbs  = 0, 0
Use ProjFrac = 0, 0
DoPaint 0

SUBJECTS_DIR    /out/sourcedata/freesurfer
FREESURFER_HOME /opt/freesurfer
Loading source label.
Found 1012 points in source label.
Starting surface-based mapping
Reading source registration 
 /out/sourcedata/freesurfer/fsaverage/surf/rh.sphere.reg
Rescaling ...  original radius = 100
Reading target surface 
 /out/sourcedata/freesurfer/sub-v1s2x0051478_ses-1/surf/rh.white
Reading target registration 
 /out/sourcedata/freesurfer/sub-v1s2x0051478_ses-1/surf/rh.sphere.reg
Rescaling ...  original radius = 100
Building target registration hash (res=16).
Building source registration hash (res=16).
INFO: found  1012 nlabel points
Performing mapping from target back to the source label 167215
Number of reverse mapping hits = 143
Checking for and removing duplicates
Writing label file ./rh.BA44_exvivo.thresh.label 1155
mri_label2label: Done


 mri_label2label --srcsubject fsaverage --srclabel /out/sourcedata/freesurfer/fsaverage/label/rh.BA45_exvivo.thresh.label --trgsubject sub-v1s2x0051478_ses-1 --trglabel ./rh.BA45_exvivo.thresh.label --hemi rh --regmethod surface 


srclabel = /out/sourcedata/freesurfer/fsaverage/label/rh.BA45_exvivo.thresh.label
srcsubject = fsaverage
trgsubject = sub-v1s2x0051478_ses-1
trglabel = ./rh.BA45_exvivo.thresh.label
regmethod = surface

srchemi = rh
trghemi = rh
trgsurface = white
srcsurfreg = sphere.reg
trgsurfreg = sphere.reg
usehash = 1
Use ProjAbs  = 0, 0
Use ProjFrac = 0, 0
DoPaint 0

SUBJECTS_DIR    /out/sourcedata/freesurfer
FREESURFER_HOME /opt/freesurfer
Loading source label.
Found 1178 points in source label.
Starting surface-based mapping
Reading source registration 
 /out/sourcedata/freesurfer/fsaverage/surf/rh.sphere.reg
Rescaling ...  original radius = 100
Reading target surface 
 /out/sourcedata/freesurfer/sub-v1s2x0051478_ses-1/surf/rh.white
Reading target registration 
 /out/sourcedata/freesurfer/sub-v1s2x0051478_ses-1/surf/rh.sphere.reg
Rescaling ...  original radius = 100
Building target registration hash (res=16).
Building source registration hash (res=16).
INFO: found  1178 nlabel points
Performing mapping from target back to the source label 167215
Number of reverse mapping hits = 186
Checking for and removing duplicates
Writing label file ./rh.BA45_exvivo.thresh.label 1364
mri_label2label: Done


 mri_label2label --srcsubject fsaverage --srclabel /out/sourcedata/freesurfer/fsaverage/label/rh.V1_exvivo.thresh.label --trgsubject sub-v1s2x0051478_ses-1 --trglabel ./rh.V1_exvivo.thresh.label --hemi rh --regmethod surface 


srclabel = /out/sourcedata/freesurfer/fsaverage/label/rh.V1_exvivo.thresh.label
srcsubject = fsaverage
trgsubject = sub-v1s2x0051478_ses-1
trglabel = ./rh.V1_exvivo.thresh.label
regmethod = surface

srchemi = rh
trghemi = rh
trgsurface = white
srcsurfreg = sphere.reg
trgsurfreg = sphere.reg
usehash = 1
Use ProjAbs  = 0, 0
Use ProjFrac = 0, 0
DoPaint 0

SUBJECTS_DIR    /out/sourcedata/freesurfer
FREESURFER_HOME /opt/freesurfer
Loading source label.
Found 3232 points in source label.
Starting surface-based mapping
Reading source registration 
 /out/sourcedata/freesurfer/fsaverage/surf/rh.sphere.reg
Rescaling ...  original radius = 100
Reading target surface 
 /out/sourcedata/freesurfer/sub-v1s2x0051478_ses-1/surf/rh.white
Reading target registration 
 /out/sourcedata/freesurfer/sub-v1s2x0051478_ses-1/surf/rh.sphere.reg
Rescaling ...  original radius = 100
Building target registration hash (res=16).
Building source registration hash (res=16).
INFO: found  3232 nlabel points
Performing mapping from target back to the source label 167215
Number of reverse mapping hits = 1753
Checking for and removing duplicates
Writing label file ./rh.V1_exvivo.thresh.label 4985
mri_label2label: Done


 mri_label2label --srcsubject fsaverage --srclabel /out/sourcedata/freesurfer/fsaverage/label/rh.V2_exvivo.thresh.label --trgsubject sub-v1s2x0051478_ses-1 --trglabel ./rh.V2_exvivo.thresh.label --hemi rh --regmethod surface 


srclabel = /out/sourcedata/freesurfer/fsaverage/label/rh.V2_exvivo.thresh.label
srcsubject = fsaverage
trgsubject = sub-v1s2x0051478_ses-1
trglabel = ./rh.V2_exvivo.thresh.label
regmethod = surface

srchemi = rh
trghemi = rh
trgsurface = white
srcsurfreg = sphere.reg
trgsurfreg = sphere.reg
usehash = 1
Use ProjAbs  = 0, 0
Use ProjFrac = 0, 0
DoPaint 0

SUBJECTS_DIR    /out/sourcedata/freesurfer
FREESURFER_HOME /opt/freesurfer
Loading source label.
Found 3437 points in source label.
Starting surface-based mapping
Reading source registration 
 /out/sourcedata/freesurfer/fsaverage/surf/rh.sphere.reg
Rescaling ...  original radius = 100
Reading target surface 
 /out/sourcedata/freesurfer/sub-v1s2x0051478_ses-1/surf/rh.white
Reading target registration 
 /out/sourcedata/freesurfer/sub-v1s2x0051478_ses-1/surf/rh.sphere.reg
Rescaling ...  original radius = 100
Building target registration hash (res=16).
Building source registration hash (res=16).
INFO: found  3437 nlabel points
Performing mapping from target back to the source label 167215
Number of reverse mapping hits = 2357
Checking for and removing duplicates
Writing label file ./rh.V2_exvivo.thresh.label 5794
mri_label2label: Done


 mri_label2label --srcsubject fsaverage --srclabel /out/sourcedata/freesurfer/fsaverage/label/rh.MT_exvivo.thresh.label --trgsubject sub-v1s2x0051478_ses-1 --trglabel ./rh.MT_exvivo.thresh.label --hemi rh --regmethod surface 


srclabel = /out/sourcedata/freesurfer/fsaverage/label/rh.MT_exvivo.thresh.label
srcsubject = fsaverage
trgsubject = sub-v1s2x0051478_ses-1
trglabel = ./rh.MT_exvivo.thresh.label
regmethod = surface

srchemi = rh
trghemi = rh
trgsurface = white
srcsurfreg = sphere.reg
trgsurfreg = sphere.reg
usehash = 1
Use ProjAbs  = 0, 0
Use ProjFrac = 0, 0
DoPaint 0

SUBJECTS_DIR    /out/sourcedata/freesurfer
FREESURFER_HOME /opt/freesurfer
Loading source label.
Found 268 points in source label.
Starting surface-based mapping
Reading source registration 
 /out/sourcedata/freesurfer/fsaverage/surf/rh.sphere.reg
Rescaling ...  original radius = 100
Reading target surface 
 /out/sourcedata/freesurfer/sub-v1s2x0051478_ses-1/surf/rh.white
Reading target registration 
 /out/sourcedata/freesurfer/sub-v1s2x0051478_ses-1/surf/rh.sphere.reg
Rescaling ...  original radius = 100
Building target registration hash (res=16).
Building source registration hash (res=16).
INFO: found  268 nlabel points
Performing mapping from target back to the source label 167215
Number of reverse mapping hits = 133
Checking for and removing duplicates
Writing label file ./rh.MT_exvivo.thresh.label 401
mri_label2label: Done


 mri_label2label --srcsubject fsaverage --srclabel /out/sourcedata/freesurfer/fsaverage/label/rh.entorhinal_exvivo.thresh.label --trgsubject sub-v1s2x0051478_ses-1 --trglabel ./rh.entorhinal_exvivo.thresh.label --hemi rh --regmethod surface 


srclabel = /out/sourcedata/freesurfer/fsaverage/label/rh.entorhinal_exvivo.thresh.label
srcsubject = fsaverage
trgsubject = sub-v1s2x0051478_ses-1
trglabel = ./rh.entorhinal_exvivo.thresh.label
regmethod = surface

srchemi = rh
trghemi = rh
trgsurface = white
srcsurfreg = sphere.reg
trgsurfreg = sphere.reg
usehash = 1
Use ProjAbs  = 0, 0
Use ProjFrac = 0, 0
DoPaint 0

SUBJECTS_DIR    /out/sourcedata/freesurfer
FREESURFER_HOME /opt/freesurfer
Loading source label.
Found 694 points in source label.
Starting surface-based mapping
Reading source registration 
 /out/sourcedata/freesurfer/fsaverage/surf/rh.sphere.reg
Rescaling ...  original radius = 100
Reading target surface 
 /out/sourcedata/freesurfer/sub-v1s2x0051478_ses-1/surf/rh.white
Reading target registration 
 /out/sourcedata/freesurfer/sub-v1s2x0051478_ses-1/surf/rh.sphere.reg
Rescaling ...  original radius = 100
Building target registration hash (res=16).
Building source registration hash (res=16).
INFO: found  694 nlabel points
Performing mapping from target back to the source label 167215
Number of reverse mapping hits = 48
Checking for and removing duplicates
Writing label file ./rh.entorhinal_exvivo.thresh.label 742
mri_label2label: Done


 mri_label2label --srcsubject fsaverage --srclabel /out/sourcedata/freesurfer/fsaverage/label/rh.perirhinal_exvivo.thresh.label --trgsubject sub-v1s2x0051478_ses-1 --trglabel ./rh.perirhinal_exvivo.thresh.label --hemi rh --regmethod surface 


srclabel = /out/sourcedata/freesurfer/fsaverage/label/rh.perirhinal_exvivo.thresh.label
srcsubject = fsaverage
trgsubject = sub-v1s2x0051478_ses-1
trglabel = ./rh.perirhinal_exvivo.thresh.label
regmethod = surface

srchemi = rh
trghemi = rh
trgsurface = white
srcsurfreg = sphere.reg
trgsurfreg = sphere.reg
usehash = 1
Use ProjAbs  = 0, 0
Use ProjFrac = 0, 0
DoPaint 0

SUBJECTS_DIR    /out/sourcedata/freesurfer
FREESURFER_HOME /opt/freesurfer
Loading source label.
Found 291 points in source label.
Starting surface-based mapping
Reading source registration 
 /out/sourcedata/freesurfer/fsaverage/surf/rh.sphere.reg
Rescaling ...  original radius = 100
Reading target surface 
 /out/sourcedata/freesurfer/sub-v1s2x0051478_ses-1/surf/rh.white
Reading target registration 
 /out/sourcedata/freesurfer/sub-v1s2x0051478_ses-1/surf/rh.sphere.reg
Rescaling ...  original radius = 100
Building target registration hash (res=16).
Building source registration hash (res=16).
INFO: found  291 nlabel points
Performing mapping from target back to the source label 167215
Number of reverse mapping hits = 15
Checking for and removing duplicates
Writing label file ./rh.perirhinal_exvivo.thresh.label 306
mri_label2label: Done


 mris_label2annot --s sub-v1s2x0051478_ses-1 --hemi rh --ctab /opt/freesurfer/average/colortable_BA.txt --l rh.BA1_exvivo.label --l rh.BA2_exvivo.label --l rh.BA3a_exvivo.label --l rh.BA3b_exvivo.label --l rh.BA4a_exvivo.label --l rh.BA4p_exvivo.label --l rh.BA6_exvivo.label --l rh.BA44_exvivo.label --l rh.BA45_exvivo.label --l rh.V1_exvivo.label --l rh.V2_exvivo.label --l rh.MT_exvivo.label --l rh.perirhinal_exvivo.label --l rh.entorhinal_exvivo.label --a BA_exvivo --maxstatwinner --noverbose 

Reading ctab /opt/freesurfer/average/colortable_BA.txt
Number of ctab entries 15

7.3.2
cwd /out/sourcedata/freesurfer/sub-v1s2x0051478_ses-1/label
cmdline mris_label2annot --s sub-v1s2x0051478_ses-1 --hemi rh --ctab /opt/freesurfer/average/colortable_BA.txt --l rh.BA1_exvivo.label --l rh.BA2_exvivo.label --l rh.BA3a_exvivo.label --l rh.BA3b_exvivo.label --l rh.BA4a_exvivo.label --l rh.BA4p_exvivo.label --l rh.BA6_exvivo.label --l rh.BA44_exvivo.label --l rh.BA45_exvivo.label --l rh.V1_exvivo.label --l rh.V2_exvivo.label --l rh.MT_exvivo.label --l rh.perirhinal_exvivo.label --l rh.entorhinal_exvivo.label --a BA_exvivo --maxstatwinner --noverbose 
sysname  Linux
hostname dna029
machine  x86_64
user     oesteban

subject sub-v1s2x0051478_ses-1
hemi    rh
SUBJECTS_DIR /out/sourcedata/freesurfer
ColorTable /opt/freesurfer/average/colortable_BA.txt
AnnotName  BA_exvivo
nlables 14
LabelThresh 0 0.000000
Loading /out/sourcedata/freesurfer/sub-v1s2x0051478_ses-1/surf/rh.orig
 1 1530880 BA1_exvivo
 2 16749699 BA2_exvivo
 3 16711680 BA3a_exvivo
 4 3368703 BA3b_exvivo
 5 1376196 BA4a_exvivo
 6 13382655 BA4p_exvivo
 7 10036737 BA6_exvivo
 8 2490521 BA44_exvivo
 9 39283 BA45_exvivo
10 3993 V1_exvivo
11 8508928 V2_exvivo
12 10027163 MT_exvivo
13 16422433 perirhinal_exvivo
14 16392598 entorhinal_exvivo
Mapping unhit to unknown
Found 113651 unhit vertices
Writing annot to /out/sourcedata/freesurfer/sub-v1s2x0051478_ses-1/label/rh.BA_exvivo.annot

 mris_label2annot --s sub-v1s2x0051478_ses-1 --hemi rh --ctab /opt/freesurfer/average/colortable_BA.txt --l rh.BA1_exvivo.thresh.label --l rh.BA2_exvivo.thresh.label --l rh.BA3a_exvivo.thresh.label --l rh.BA3b_exvivo.thresh.label --l rh.BA4a_exvivo.thresh.label --l rh.BA4p_exvivo.thresh.label --l rh.BA6_exvivo.thresh.label --l rh.BA44_exvivo.thresh.label --l rh.BA45_exvivo.thresh.label --l rh.V1_exvivo.thresh.label --l rh.V2_exvivo.thresh.label --l rh.MT_exvivo.thresh.label --l rh.perirhinal_exvivo.thresh.label --l rh.entorhinal_exvivo.thresh.label --a BA_exvivo.thresh --maxstatwinner --noverbose 

Reading ctab /opt/freesurfer/average/colortable_BA.txt
Number of ctab entries 15

7.3.2
cwd /out/sourcedata/freesurfer/sub-v1s2x0051478_ses-1/label
cmdline mris_label2annot --s sub-v1s2x0051478_ses-1 --hemi rh --ctab /opt/freesurfer/average/colortable_BA.txt --l rh.BA1_exvivo.thresh.label --l rh.BA2_exvivo.thresh.label --l rh.BA3a_exvivo.thresh.label --l rh.BA3b_exvivo.thresh.label --l rh.BA4a_exvivo.thresh.label --l rh.BA4p_exvivo.thresh.label --l rh.BA6_exvivo.thresh.label --l rh.BA44_exvivo.thresh.label --l rh.BA45_exvivo.thresh.label --l rh.V1_exvivo.thresh.label --l rh.V2_exvivo.thresh.label --l rh.MT_exvivo.thresh.label --l rh.perirhinal_exvivo.thresh.label --l rh.entorhinal_exvivo.thresh.label --a BA_exvivo.thresh --maxstatwinner --noverbose 
sysname  Linux
hostname dna029
machine  x86_64
user     oesteban

subject sub-v1s2x0051478_ses-1
hemi    rh
SUBJECTS_DIR /out/sourcedata/freesurfer
ColorTable /opt/freesurfer/average/colortable_BA.txt
AnnotName  BA_exvivo.thresh
nlables 14
LabelThresh 0 0.000000
Loading /out/sourcedata/freesurfer/sub-v1s2x0051478_ses-1/surf/rh.orig
 1 1530880 BA1_exvivo
 2 16749699 BA2_exvivo
 3 16711680 BA3a_exvivo
 4 3368703 BA3b_exvivo
 5 1376196 BA4a_exvivo
 6 13382655 BA4p_exvivo
 7 10036737 BA6_exvivo
 8 2490521 BA44_exvivo
 9 39283 BA45_exvivo
10 3993 V1_exvivo
11 8508928 V2_exvivo
12 10027163 MT_exvivo
13 16422433 perirhinal_exvivo
14 16392598 entorhinal_exvivo
Mapping unhit to unknown
Found 137905 unhit vertices
Writing annot to /out/sourcedata/freesurfer/sub-v1s2x0051478_ses-1/label/rh.BA_exvivo.thresh.annot

 mris_anatomical_stats -th3 -mgz -noglobal -f ../stats/rh.BA_exvivo.stats -b -a ./rh.BA_exvivo.annot -c ./BA_exvivo.ctab sub-v1s2x0051478_ses-1 rh white 

computing statistics for each annotation in ./rh.BA_exvivo.annot.
reading volume /out/sourcedata/freesurfer/sub-v1s2x0051478_ses-1/mri/wm.mgz...
reading input surface /out/sourcedata/freesurfer/sub-v1s2x0051478_ses-1/surf/rh.white...
reading input pial surface /out/sourcedata/freesurfer/sub-v1s2x0051478_ses-1/surf/rh.pial...
reading input white surface /out/sourcedata/freesurfer/sub-v1s2x0051478_ses-1/surf/rh.white...
INFO: using TH3 volume calc
INFO: assuming MGZ format for volumes.
INFO: not computing global stats
Using TH3 vertex volume calc
Total face volume 283064
Total vertex volume 282831 (mask=0)
Saving annotation colortable ./BA_exvivo.ctab

table columns are:
    number of vertices
    total surface area (mm^2)
    total gray matter volume (mm^3)
    average cortical thickness +- standard deviation (mm)
    integrated rectified mean curvature
    integrated rectified Gaussian curvature
    folding index
    intrinsic curvature index
    structure name

 1473    740   2324  2.425 0.715     0.098     0.022       10     1.5  BA1_exvivo
 4399   2675   5635  2.102 0.543     0.093     0.016       27     3.1  BA2_exvivo
 1296    839   1103  1.732 0.441     0.131     0.026       13     1.4  BA3a_exvivo
 2612   1570   2803  1.661 0.569     0.091     0.015       15     1.9  BA3b_exvivo
 1978   1081   2776  2.321 0.592     0.094     0.019       11     1.7  BA4a_exvivo
 1650    992   2189  2.262 0.480     0.083     0.016        7     1.2  BA4p_exvivo
10316   6015  18384  2.695 0.596     0.104     0.022       87     9.3  BA6_exvivo
 5153   3448   9924  2.687 0.428     0.108     0.019       46     4.2  BA44_exvivo
 4930   3282  10284  2.738 0.497     0.117     0.020       54     4.3  BA45_exvivo
 5134   3432   6238  1.734 0.708     0.134     0.031       57     7.3  V1_exvivo
10949   7160  12761  1.792 0.585     0.138     0.033      137    16.2  V2_exvivo
 2743   1750   3864  2.238 0.398     0.115     0.023       27     2.4  MT_exvivo
  342    245    912  3.106 0.421     0.074     0.010        1     0.1  perirhinal_exvivo
  589    380   1932  3.101 0.859     0.098     0.022        5     0.5  entorhinal_exvivo

 mris_anatomical_stats -th3 -mgz -f ../stats/rh.BA_exvivo.thresh.stats -noglobal -b -a ./rh.BA_exvivo.thresh.annot -c ./BA_exvivo.thresh.ctab sub-v1s2x0051478_ses-1 rh white 

computing statistics for each annotation in ./rh.BA_exvivo.thresh.annot.
reading volume /out/sourcedata/freesurfer/sub-v1s2x0051478_ses-1/mri/wm.mgz...
reading input surface /out/sourcedata/freesurfer/sub-v1s2x0051478_ses-1/surf/rh.white...
reading input pial surface /out/sourcedata/freesurfer/sub-v1s2x0051478_ses-1/surf/rh.pial...
reading input white surface /out/sourcedata/freesurfer/sub-v1s2x0051478_ses-1/surf/rh.white...
INFO: using TH3 volume calc
INFO: assuming MGZ format for volumes.
INFO: not computing global stats
Using TH3 vertex volume calc
Total face volume 283064
Total vertex volume 282831 (mask=0)
Saving annotation colortable ./BA_exvivo.thresh.ctab

table columns are:
    number of vertices
    total surface area (mm^2)
    total gray matter volume (mm^3)
    average cortical thickness +- standard deviation (mm)
    integrated rectified mean curvature
    integrated rectified Gaussian curvature
    folding index
    intrinsic curvature index
    structure name

 1059    505   1523  2.340 0.702     0.092     0.022        8     1.0  BA1_exvivo
 2588   1508   3632  2.234 0.566     0.085     0.015       14     1.7  BA2_exvivo
 1130    741    929  1.710 0.427     0.131     0.025       11     1.1  BA3a_exvivo
 1960   1200   1848  1.507 0.399     0.085     0.014        9     1.2  BA3b_exvivo
 1117    605   1519  2.282 0.556     0.095     0.020        7     1.0  BA4a_exvivo
 1347    820   1849  2.293 0.493     0.078     0.014        5     0.9  BA4p_exvivo
 6243   3495  10305  2.592 0.604     0.102     0.023       52     5.8  BA6_exvivo
 1025    689   2215  2.785 0.396     0.101     0.019        9     0.8  BA44_exvivo
 1224    821   3042  2.986 0.413     0.125     0.023       17     1.2  BA45_exvivo
 4887   3298   5783  1.716 0.704     0.135     0.031       55     7.0  V1_exvivo
 5732   3816   6769  1.753 0.593     0.145     0.036       76     9.8  V2_exvivo
  391    234    692  2.347 0.328     0.106     0.015        4     0.3  MT_exvivo
   32     22     52  2.838 0.174     0.104     0.014        0     0.0  perirhinal_exvivo
  575    373   1635  3.123 0.685     0.082     0.014        3     0.3  entorhinal_exvivo

Started at Tue Mar 10 01:11:42 CET 2026 
Ended   at Tue Mar 10 01:15:34 CET 2026
#@#%# recon-all-run-time-hours 0.064
recon-all -s sub-v1s2x0051478_ses-1 finished without error at Tue Mar 10 01:15:34 CET 2026
