
Mon Mar  9 23:54:59 CET 2026
cd /out/sourcedata/freesurfer/sub-v1s2x0051478_ses-1
setenv SUBJECTS_DIR /out/sourcedata/freesurfer
/opt/freesurfer/bin/recon-all -autorecon-hemi lh -noparcstats -noparcstats2 -noparcstats3 -nohyporelabel -nobalabels -lh-only -openmp 16 -subjid sub-v1s2x0051478_ses-1 -sd /out/sourcedata/freesurfer

subjid sub-v1s2x0051478_ses-1
setenv SUBJECTS_DIR /out/sourcedata/freesurfer
FREESURFER_HOME /opt/freesurfer
Actual FREESURFER_HOME /opt/freesurfer
build-stamp.txt: freesurfer-linux-ubuntu22_x86_64-7.3.2-20220804-6354275
Linux dna029 5.14.0-427.37.1.el9_4.x86_64 #1 SMP PREEMPT_DYNAMIC Fri Sep 13 12:41:50 EDT 2024 x86_64 x86_64 x86_64 GNU/Linux
cputime      unlimited
filesize     unlimited
datasize     unlimited
stacksize    8192 kbytes
coredumpsize 0 kbytes
memoryuse    67108864 kbytes
vmemoryuse   unlimited
descriptors  1024 
memorylocked unlimited
maxproc      2061970 
maxlocks     unlimited
maxsignal    2061970 
maxmessage   819200 
maxnice      0 
maxrtprio    0 
maxrttime    unlimited

               total        used        free      shared  buff/cache   available
Mem:           503Gi        50Gi       415Gi       9.2Gi        36Gi       440Gi
Swap:             0B          0B          0B

########################################
program versions used
7.3.2 (freesurfer-linux-ubuntu22_x86_64-7.3.2-20220804-6354275)
7.3.2

ProgramName: lta_convert  ProgramArguments: lta_convert -all-info  ProgramVersion: 7.3.2  TimeStamp: 2026/03/09-22:54:59-GMT  BuildTime: Aug  4 2022 06:17:15  BuildStamp: freesurfer-linux-ubuntu22_x86_64-7.3.2-20220804-6354275  User: oesteban  Machine: dna029  Platform: Linux  PlatformVersion: 5.14.0-427.37.1.el9_4.x86_64  CompilerName: GCC  CompilerVersion: 8.4.0
ProgramName: mri_and  ProgramArguments: mri_and -all-info  ProgramVersion: 7.3.2  TimeStamp: 2026/03/09-22:54:59-GMT  BuildTime: Aug  4 2022 06:17:15  BuildStamp: freesurfer-linux-ubuntu22_x86_64-7.3.2-20220804-6354275  User: oesteban  Machine: dna029  Platform: Linux  PlatformVersion: 5.14.0-427.37.1.el9_4.x86_64  CompilerName: GCC  CompilerVersion: 8.4.0
ProgramName: mri_annotation2label  ProgramArguments: mri_annotation2label -all-info  ProgramVersion: 7.3.2  TimeStamp: 2026/03/09-22:54:59-GMT  BuildTime: Aug  4 2022 06:17:15  BuildStamp: freesurfer-linux-ubuntu22_x86_64-7.3.2-20220804-6354275  User: oesteban  Machine: dna029  Platform: Linux  PlatformVersion: 5.14.0-427.37.1.el9_4.x86_64  CompilerName: GCC  CompilerVersion: 8.4.0
ProgramName: mri_aparc2aseg  ProgramArguments: mri_aparc2aseg -all-info  ProgramVersion: 7.3.2  TimeStamp: 2026/03/09-22:54:59-GMT  BuildTime: Aug  4 2022 06:17:15  BuildStamp: freesurfer-linux-ubuntu22_x86_64-7.3.2-20220804-6354275  User: oesteban  Machine: dna029  Platform: Linux  PlatformVersion: 5.14.0-427.37.1.el9_4.x86_64  CompilerName: GCC  CompilerVersion: 8.4.0
ProgramName: mri_surf2volseg  ProgramArguments: mri_surf2volseg -all-info  ProgramVersion: 7.3.2  TimeStamp: 2026/03/09-22:54:59-GMT  BuildTime: Aug  4 2022 06:17:15  BuildStamp: freesurfer-linux-ubuntu22_x86_64-7.3.2-20220804-6354275  User: oesteban  Machine: dna029  Platform: Linux  PlatformVersion: 5.14.0-427.37.1.el9_4.x86_64  CompilerName: GCC  CompilerVersion: 8.4.0
ProgramName: mri_binarize  ProgramArguments: mri_binarize -all-info  ProgramVersion: 7.3.2  TimeStamp: 2026/03/09-22:54:59-GMT  BuildTime: Aug  4 2022 06:17:15  BuildStamp: freesurfer-linux-ubuntu22_x86_64-7.3.2-20220804-6354275  User: oesteban  Machine: dna029  Platform: Linux  PlatformVersion: 5.14.0-427.37.1.el9_4.x86_64  CompilerName: GCC  CompilerVersion: 8.4.0
ProgramName: mri_ca_label  ProgramArguments: mri_ca_label -all-info  ProgramVersion: 7.3.2  TimeStamp: 2026/03/09-22:54:59-GMT  BuildTime: Aug  4 2022 06:17:15  BuildStamp: freesurfer-linux-ubuntu22_x86_64-7.3.2-20220804-6354275  User: oesteban  Machine: dna029  Platform: Linux  PlatformVersion: 5.14.0-427.37.1.el9_4.x86_64  CompilerName: GCC  CompilerVersion: 8.4.0
ProgramName: mri_ca_normalize  ProgramArguments: mri_ca_normalize -all-info  ProgramVersion: 7.3.2  TimeStamp: 2026/03/09-22:54:59-GMT  BuildTime: Aug  4 2022 06:17:15  BuildStamp: freesurfer-linux-ubuntu22_x86_64-7.3.2-20220804-6354275  User: oesteban  Machine: dna029  Platform: Linux  PlatformVersion: 5.14.0-427.37.1.el9_4.x86_64  CompilerName: GCC  CompilerVersion: 8.4.0
ProgramName: mri_ca_register  ProgramArguments: mri_ca_register -all-info  ProgramVersion: 7.3.2  TimeStamp: 2026/03/09-22:54:59-GMT  BuildTime: Aug  4 2022 06:17:15  BuildStamp: freesurfer-linux-ubuntu22_x86_64-7.3.2-20220804-6354275  User: oesteban  Machine: dna029  Platform: Linux  PlatformVersion: 5.14.0-427.37.1.el9_4.x86_64  CompilerName: GCC  CompilerVersion: 8.4.0
ProgramName: mri_cc  ProgramArguments: mri_cc -all-info  ProgramVersion: 7.3.2  TimeStamp: 2026/03/09-22:54:59-GMT  BuildTime: Aug  4 2022 06:17:15  BuildStamp: freesurfer-linux-ubuntu22_x86_64-7.3.2-20220804-6354275  User: oesteban  Machine: dna029  Platform: Linux  PlatformVersion: 5.14.0-427.37.1.el9_4.x86_64  CompilerName: GCC  CompilerVersion: 8.4.0
ProgramName: mri_compute_overlap  ProgramArguments: mri_compute_overlap -all-info  ProgramVersion: 7.3.2  TimeStamp: 2026/03/09-22:54:59-GMT  BuildTime: Aug  4 2022 06:17:15  BuildStamp: freesurfer-linux-ubuntu22_x86_64-7.3.2-20220804-6354275  User: oesteban  Machine: dna029  Platform: Linux  PlatformVersion: 5.14.0-427.37.1.el9_4.x86_64  CompilerName: GCC  CompilerVersion: 8.4.0
ProgramName: mri_compute_seg_overlap  ProgramArguments: mri_compute_seg_overlap -all-info  ProgramVersion: 7.3.2  TimeStamp: 2026/03/09-22:54:59-GMT  BuildTime: Aug  4 2022 06:17:15  BuildStamp: freesurfer-linux-ubuntu22_x86_64-7.3.2-20220804-6354275  User: oesteban  Machine: dna029  Platform: Linux  PlatformVersion: 5.14.0-427.37.1.el9_4.x86_64  CompilerName: GCC  CompilerVersion: 8.4.0
ProgramName: mri_concat  ProgramArguments: mri_concat -all-info  ProgramVersion: 7.3.2  TimeStamp: 2026/03/09-22:54:59-GMT  BuildTime: Aug  4 2022 06:17:15  BuildStamp: freesurfer-linux-ubuntu22_x86_64-7.3.2-20220804-6354275  User: oesteban  Machine: dna029  Platform: Linux  PlatformVersion: 5.14.0-427.37.1.el9_4.x86_64  CompilerName: GCC  CompilerVersion: 8.4.0
ProgramName: mri_concatenate_lta  ProgramArguments: mri_concatenate_lta -all-info  ProgramVersion: 7.3.2  TimeStamp: 2026/03/09-22:54:59-GMT  BuildTime: Aug  4 2022 06:17:15  BuildStamp: freesurfer-linux-ubuntu22_x86_64-7.3.2-20220804-6354275  User: oesteban  Machine: dna029  Platform: Linux  PlatformVersion: 5.14.0-427.37.1.el9_4.x86_64  CompilerName: GCC  CompilerVersion: 8.4.0
mri_convert -all-info 
ProgramName: mri_convert  ProgramArguments: mri_convert -all-info  ProgramVersion: 7.3.2  TimeStamp: 2026/03/09-22:54:59-GMT  BuildTime: Aug  4 2022 06:17:15  BuildStamp: freesurfer-linux-ubuntu22_x86_64-7.3.2-20220804-6354275  User: oesteban  Machine: dna029  Platform: Linux  PlatformVersion: 5.14.0-427.37.1.el9_4.x86_64  CompilerName: GCC  CompilerVersion: 8.4.0
ProgramName: mri_diff  ProgramArguments: mri_diff -all-info  ProgramVersion: 7.3.2  TimeStamp: 2026/03/09-22:54:59-GMT  BuildTime: Aug  4 2022 06:17:15  BuildStamp: freesurfer-linux-ubuntu22_x86_64-7.3.2-20220804-6354275  User: oesteban  Machine: dna029  Platform: Linux  PlatformVersion: 5.14.0-427.37.1.el9_4.x86_64  CompilerName: GCC  CompilerVersion: 8.4.0
ProgramName: mri_edit_wm_with_aseg  ProgramArguments: mri_edit_wm_with_aseg -all-info  ProgramVersion: 7.3.2  TimeStamp: 2026/03/09-22:54:59-GMT  BuildTime: Aug  4 2022 06:17:15  BuildStamp: freesurfer-linux-ubuntu22_x86_64-7.3.2-20220804-6354275  User: oesteban  Machine: dna029  Platform: Linux  PlatformVersion: 5.14.0-427.37.1.el9_4.x86_64  CompilerName: GCC  CompilerVersion: 8.4.0
ProgramName: mri_em_register  ProgramArguments: mri_em_register -all-info  ProgramVersion: 7.3.2  TimeStamp: 2026/03/09-22:54:59-GMT  BuildTime: Aug  4 2022 06:17:15  BuildStamp: freesurfer-linux-ubuntu22_x86_64-7.3.2-20220804-6354275  User: oesteban  Machine: dna029  Platform: Linux  PlatformVersion: 5.14.0-427.37.1.el9_4.x86_64  CompilerName: GCC  CompilerVersion: 8.4.0
ProgramName: mri_fill  ProgramArguments: mri_fill -all-info  ProgramVersion: 7.3.2  TimeStamp: 2026/03/09-22:54:59-GMT  BuildTime: Aug  4 2022 06:17:15  BuildStamp: freesurfer-linux-ubuntu22_x86_64-7.3.2-20220804-6354275  User: oesteban  Machine: dna029  Platform: Linux  PlatformVersion: 5.14.0-427.37.1.el9_4.x86_64  CompilerName: GCC  CompilerVersion: 8.4.0
ProgramName: mri_fuse_segmentations  ProgramArguments: mri_fuse_segmentations -all-info  ProgramVersion: 7.3.2  TimeStamp: 2026/03/09-22:54:59-GMT  BuildTime: Aug  4 2022 06:17:15  BuildStamp: freesurfer-linux-ubuntu22_x86_64-7.3.2-20220804-6354275  User: oesteban  Machine: dna029  Platform: Linux  PlatformVersion: 5.14.0-427.37.1.el9_4.x86_64  CompilerName: GCC  CompilerVersion: 8.4.0
ProgramName: mri_fwhm  ProgramArguments: mri_fwhm -all-info  ProgramVersion: 7.3.2  TimeStamp: 2026/03/09-22:54:59-GMT  BuildTime: Aug  4 2022 06:17:15  BuildStamp: freesurfer-linux-ubuntu22_x86_64-7.3.2-20220804-6354275  User: oesteban  Machine: dna029  Platform: Linux  PlatformVersion: 5.14.0-427.37.1.el9_4.x86_64  CompilerName: GCC  CompilerVersion: 8.4.0
ProgramName: mri_gcut  ProgramArguments: mri_gcut -all-info  ProgramVersion: 7.3.2  TimeStamp: 2026/03/09-22:54:59-GMT  BuildTime: Aug  4 2022 06:17:15  BuildStamp: freesurfer-linux-ubuntu22_x86_64-7.3.2-20220804-6354275  User: oesteban  Machine: dna029  Platform: Linux  PlatformVersion: 5.14.0-427.37.1.el9_4.x86_64  CompilerName: GCC  CompilerVersion: 8.4.0
ProgramName: mri_info  ProgramArguments: mri_info -all-info  ProgramVersion: 7.3.2  TimeStamp: 2026/03/09-22:54:59-GMT  BuildTime: Aug  4 2022 06:17:15  BuildStamp: freesurfer-linux-ubuntu22_x86_64-7.3.2-20220804-6354275  User: oesteban  Machine: dna029  Platform: Linux  PlatformVersion: 5.14.0-427.37.1.el9_4.x86_64  CompilerName: GCC  CompilerVersion: 8.4.0
ProgramName: mri_label2label  ProgramArguments: mri_label2label -all-info  ProgramVersion: 7.3.2  TimeStamp: 2026/03/09-22:54:59-GMT  BuildTime: Aug  4 2022 06:17:15  BuildStamp: freesurfer-linux-ubuntu22_x86_64-7.3.2-20220804-6354275  User: oesteban  Machine: dna029  Platform: Linux  PlatformVersion: 5.14.0-427.37.1.el9_4.x86_64  CompilerName: GCC  CompilerVersion: 8.4.0
ProgramName: mri_label2vol  ProgramArguments: mri_label2vol -all-info  ProgramVersion: 7.3.2  TimeStamp: 2026/03/09-22:54:59-GMT  BuildTime: Aug  4 2022 06:17:15  BuildStamp: freesurfer-linux-ubuntu22_x86_64-7.3.2-20220804-6354275  User: oesteban  Machine: dna029  Platform: Linux  PlatformVersion: 5.14.0-427.37.1.el9_4.x86_64  CompilerName: GCC  CompilerVersion: 8.4.0
ProgramName: mri_log_likelihood  ProgramArguments: mri_log_likelihood -all-info  ProgramVersion: 7.3.2  TimeStamp: 2026/03/09-22:54:59-GMT  BuildTime: Aug  4 2022 06:17:15  BuildStamp: freesurfer-linux-ubuntu22_x86_64-7.3.2-20220804-6354275  User: oesteban  Machine: dna029  Platform: Linux  PlatformVersion: 5.14.0-427.37.1.el9_4.x86_64  CompilerName: GCC  CompilerVersion: 8.4.0
ProgramName: mri_mask  ProgramArguments: mri_mask -all-info  ProgramVersion: 7.3.2  TimeStamp: 2026/03/09-22:54:59-GMT  BuildTime: Aug  4 2022 06:17:15  BuildStamp: freesurfer-linux-ubuntu22_x86_64-7.3.2-20220804-6354275  User: oesteban  Machine: dna029  Platform: Linux  PlatformVersion: 5.14.0-427.37.1.el9_4.x86_64  CompilerName: GCC  CompilerVersion: 8.4.0
ProgramName: mri_matrix_multiply  ProgramArguments: mri_matrix_multiply -all-info  ProgramVersion: 7.3.2  TimeStamp: 2026/03/09-22:54:59-GMT  BuildTime: Aug  4 2022 06:17:15  BuildStamp: freesurfer-linux-ubuntu22_x86_64-7.3.2-20220804-6354275  User: oesteban  Machine: dna029  Platform: Linux  PlatformVersion: 5.14.0-427.37.1.el9_4.x86_64  CompilerName: GCC  CompilerVersion: 8.4.0
ProgramName: mri_normalize  ProgramArguments: mri_normalize -all-info  ProgramVersion: 7.3.2  TimeStamp: 2026/03/09-22:54:59-GMT  BuildTime: Aug  4 2022 06:17:15  BuildStamp: freesurfer-linux-ubuntu22_x86_64-7.3.2-20220804-6354275  User: oesteban  Machine: dna029  Platform: Linux  PlatformVersion: 5.14.0-427.37.1.el9_4.x86_64  CompilerName: GCC  CompilerVersion: 8.4.0
ProgramName: mri_normalize_tp2  ProgramArguments: mri_normalize_tp2 -all-info  ProgramVersion: 7.3.2  TimeStamp: 2026/03/09-22:54:59-GMT  BuildTime: Aug  4 2022 06:17:15  BuildStamp: freesurfer-linux-ubuntu22_x86_64-7.3.2-20220804-6354275  User: oesteban  Machine: dna029  Platform: Linux  PlatformVersion: 5.14.0-427.37.1.el9_4.x86_64  CompilerName: GCC  CompilerVersion: 8.4.0
ProgramName: mri_or  ProgramArguments: mri_or -all-info  ProgramVersion: 7.3.2  TimeStamp: 2026/03/09-22:54:59-GMT  BuildTime: Aug  4 2022 06:17:15  BuildStamp: freesurfer-linux-ubuntu22_x86_64-7.3.2-20220804-6354275  User: oesteban  Machine: dna029  Platform: Linux  PlatformVersion: 5.14.0-427.37.1.el9_4.x86_64  CompilerName: GCC  CompilerVersion: 8.4.0
ProgramName: mri_relabel_hypointensities  ProgramArguments: mri_relabel_hypointensities -all-info  ProgramVersion: 7.3.2  TimeStamp: 2026/03/09-22:54:59-GMT  BuildTime: Aug  4 2022 06:17:15  BuildStamp: freesurfer-linux-ubuntu22_x86_64-7.3.2-20220804-6354275  User: oesteban  Machine: dna029  Platform: Linux  PlatformVersion: 5.14.0-427.37.1.el9_4.x86_64  CompilerName: GCC  CompilerVersion: 8.4.0
ProgramName: mri_relabel_nonwm_hypos  ProgramArguments: mri_relabel_nonwm_hypos -all-info  ProgramVersion: 7.3.2  TimeStamp: 2026/03/09-22:54:59-GMT  BuildTime: Aug  4 2022 06:17:15  BuildStamp: freesurfer-linux-ubuntu22_x86_64-7.3.2-20220804-6354275  User: oesteban  Machine: dna029  Platform: Linux  PlatformVersion: 5.14.0-427.37.1.el9_4.x86_64  CompilerName: GCC  CompilerVersion: 8.4.0
ProgramName: mri_remove_neck  ProgramArguments: mri_remove_neck -all-info  ProgramVersion: 7.3.2  TimeStamp: 2026/03/09-22:54:59-GMT  BuildTime: Aug  4 2022 06:17:15  BuildStamp: freesurfer-linux-ubuntu22_x86_64-7.3.2-20220804-6354275  User: oesteban  Machine: dna029  Platform: Linux  PlatformVersion: 5.14.0-427.37.1.el9_4.x86_64  CompilerName: GCC  CompilerVersion: 8.4.0
7.3.2

ProgramName: mri_robust_register  ProgramArguments: mri_robust_register -all-info  ProgramVersion: 7.3.2  TimeStamp: 2026/03/09-22:54:59-GMT  BuildTime: Aug  4 2022 06:17:15  BuildStamp: freesurfer-linux-ubuntu22_x86_64-7.3.2-20220804-6354275  User: oesteban  Machine: dna029  Platform: Linux  PlatformVersion: 5.14.0-427.37.1.el9_4.x86_64  CompilerName: GCC  CompilerVersion: 8.4.0
7.3.2

ProgramName: mri_robust_template  ProgramArguments: mri_robust_template -all-info  ProgramVersion: 7.3.2  TimeStamp: 2026/03/09-22:54:59-GMT  BuildTime: Aug  4 2022 06:17:15  BuildStamp: freesurfer-linux-ubuntu22_x86_64-7.3.2-20220804-6354275  User: oesteban  Machine: dna029  Platform: Linux  PlatformVersion: 5.14.0-427.37.1.el9_4.x86_64  CompilerName: GCC  CompilerVersion: 8.4.0
ProgramName: mris_anatomical_stats  ProgramArguments: mris_anatomical_stats -all-info  ProgramVersion: 7.3.2  TimeStamp: 2026/03/09-22:54:59-GMT  BuildTime: Aug  4 2022 06:17:15  BuildStamp: freesurfer-linux-ubuntu22_x86_64-7.3.2-20220804-6354275  User: oesteban  Machine: dna029  Platform: Linux  PlatformVersion: 5.14.0-427.37.1.el9_4.x86_64  CompilerName: GCC  CompilerVersion: 8.4.0
ProgramName: mris_ca_label  ProgramArguments: mris_ca_label -all-info  ProgramVersion: 7.3.2  TimeStamp: 2026/03/09-22:54:59-GMT  BuildTime: Aug  4 2022 06:17:15  BuildStamp: freesurfer-linux-ubuntu22_x86_64-7.3.2-20220804-6354275  User: oesteban  Machine: dna029  Platform: Linux  PlatformVersion: 5.14.0-427.37.1.el9_4.x86_64  CompilerName: GCC  CompilerVersion: 8.4.0
ProgramName: mris_calc  ProgramArguments: mris_calc -all-info  ProgramVersion: 7.3.2  TimeStamp: 2026/03/09-22:54:59-GMT  BuildTime: Aug  4 2022 06:17:15  BuildStamp: freesurfer-linux-ubuntu22_x86_64-7.3.2-20220804-6354275  User: oesteban  Machine: dna029  Platform: Linux  PlatformVersion: 5.14.0-427.37.1.el9_4.x86_64  CompilerName: GCC  CompilerVersion: 8.4.0
ProgramName: mris_convert  ProgramArguments: mris_convert -all-info  ProgramVersion: 7.3.2  TimeStamp: 2026/03/09-22:54:59-GMT  BuildTime: Aug  4 2022 06:17:15  BuildStamp: freesurfer-linux-ubuntu22_x86_64-7.3.2-20220804-6354275  User: oesteban  Machine: dna029  Platform: Linux  PlatformVersion: 5.14.0-427.37.1.el9_4.x86_64  CompilerName: GCC  CompilerVersion: 8.4.0
ProgramName: mris_curvature  ProgramArguments: mris_curvature -all-info  ProgramVersion: 7.3.2  TimeStamp: 2026/03/09-22:54:59-GMT  BuildTime: Aug  4 2022 06:17:15  BuildStamp: freesurfer-linux-ubuntu22_x86_64-7.3.2-20220804-6354275  User: oesteban  Machine: dna029  Platform: Linux  PlatformVersion: 5.14.0-427.37.1.el9_4.x86_64  CompilerName: GCC  CompilerVersion: 8.4.0
ProgramName: mris_curvature_stats  ProgramArguments: mris_curvature_stats -all-info  ProgramVersion: 7.3.2  TimeStamp: 2026/03/09-22:54:59-GMT  BuildTime: Aug  4 2022 06:17:15  BuildStamp: freesurfer-linux-ubuntu22_x86_64-7.3.2-20220804-6354275  User: oesteban  Machine: dna029  Platform: Linux  PlatformVersion: 5.14.0-427.37.1.el9_4.x86_64  CompilerName: GCC  CompilerVersion: 8.4.0
ProgramName: mris_diff  ProgramArguments: mris_diff -all-info  ProgramVersion: 7.3.2  TimeStamp: 2026/03/09-22:54:59-GMT  BuildTime: Aug  4 2022 06:17:15  BuildStamp: freesurfer-linux-ubuntu22_x86_64-7.3.2-20220804-6354275  User: oesteban  Machine: dna029  Platform: Linux  PlatformVersion: 5.14.0-427.37.1.el9_4.x86_64  CompilerName: GCC  CompilerVersion: 8.4.0
ProgramName: mris_divide_parcellation  ProgramArguments: mris_divide_parcellation -all-info  ProgramVersion: 7.3.2  TimeStamp: 2026/03/09-22:54:59-GMT  BuildTime: Aug  4 2022 06:17:15  BuildStamp: freesurfer-linux-ubuntu22_x86_64-7.3.2-20220804-6354275  User: oesteban  Machine: dna029  Platform: Linux  PlatformVersion: 5.14.0-427.37.1.el9_4.x86_64  CompilerName: GCC  CompilerVersion: 8.4.0
ProgramName: mri_segment  ProgramArguments: mri_segment -all-info  ProgramVersion: 7.3.2  TimeStamp: 2026/03/09-22:54:59-GMT  BuildTime: Aug  4 2022 06:17:15  BuildStamp: freesurfer-linux-ubuntu22_x86_64-7.3.2-20220804-6354275  User: oesteban  Machine: dna029  Platform: Linux  PlatformVersion: 5.14.0-427.37.1.el9_4.x86_64  CompilerName: GCC  CompilerVersion: 8.4.0
ProgramName: mri_segstats  ProgramArguments: mri_segstats -all-info  ProgramVersion: 7.3.2  TimeStamp: 2026/03/09-22:54:59-GMT  BuildTime: Aug  4 2022 06:17:15  BuildStamp: freesurfer-linux-ubuntu22_x86_64-7.3.2-20220804-6354275  User: oesteban  Machine: dna029  Platform: Linux  PlatformVersion: 5.14.0-427.37.1.el9_4.x86_64  CompilerName: GCC  CompilerVersion: 8.4.0
ProgramName: mris_euler_number  ProgramArguments: mris_euler_number -all-info  ProgramVersion: 7.3.2  TimeStamp: 2026/03/09-22:54:59-GMT  BuildTime: Aug  4 2022 06:17:15  BuildStamp: freesurfer-linux-ubuntu22_x86_64-7.3.2-20220804-6354275  User: oesteban  Machine: dna029  Platform: Linux  PlatformVersion: 5.14.0-427.37.1.el9_4.x86_64  CompilerName: GCC  CompilerVersion: 8.4.0
ProgramName: mris_fix_topology  ProgramArguments: mris_fix_topology -all-info  ProgramVersion: 7.3.2  TimeStamp: 2026/03/09-22:54:59-GMT  BuildTime: Aug  4 2022 06:17:15  BuildStamp: freesurfer-linux-ubuntu22_x86_64-7.3.2-20220804-6354275  User: oesteban  Machine: dna029  Platform: Linux  PlatformVersion: 5.14.0-427.37.1.el9_4.x86_64  CompilerName: GCC  CompilerVersion: 8.4.0
ProgramName: mris_topo_fixer  ProgramArguments: mris_topo_fixer -all-info  ProgramVersion: 7.3.2  TimeStamp: 2026/03/09-22:54:59-GMT  BuildTime: Aug  4 2022 06:17:15  BuildStamp: freesurfer-linux-ubuntu22_x86_64-7.3.2-20220804-6354275  User: oesteban  Machine: dna029  Platform: Linux  PlatformVersion: 5.14.0-427.37.1.el9_4.x86_64  CompilerName: GCC  CompilerVersion: 8.4.0
ProgramName: mris_jacobian  ProgramArguments: mris_jacobian -all-info  ProgramVersion: 7.3.2  TimeStamp: 2026/03/09-22:54:59-GMT  BuildTime: Aug  4 2022 06:17:15  BuildStamp: freesurfer-linux-ubuntu22_x86_64-7.3.2-20220804-6354275  User: oesteban  Machine: dna029  Platform: Linux  PlatformVersion: 5.14.0-427.37.1.el9_4.x86_64  CompilerName: GCC  CompilerVersion: 8.4.0
ProgramName: mris_label2annot  ProgramArguments: mris_label2annot -all-info  ProgramVersion: 7.3.2  TimeStamp: 2026/03/09-22:54:59-GMT  BuildTime: Aug  4 2022 06:17:15  BuildStamp: freesurfer-linux-ubuntu22_x86_64-7.3.2-20220804-6354275  User: oesteban  Machine: dna029  Platform: Linux  PlatformVersion: 5.14.0-427.37.1.el9_4.x86_64  CompilerName: GCC  CompilerVersion: 8.4.0
ProgramName: mris_left_right_register  ProgramArguments: mris_left_right_register -all-info  ProgramVersion: 7.3.2  TimeStamp: 2026/03/09-22:54:59-GMT  BuildTime: Aug  4 2022 06:17:15  BuildStamp: freesurfer-linux-ubuntu22_x86_64-7.3.2-20220804-6354275  User: oesteban  Machine: dna029  Platform: Linux  PlatformVersion: 5.14.0-427.37.1.el9_4.x86_64  CompilerName: GCC  CompilerVersion: 8.4.0
ProgramName: mris_place_surface  ProgramArguments: mris_place_surface -all-info  ProgramVersion: 7.3.2  TimeStamp: 2026/03/09-22:54:59-GMT  BuildTime: Aug  4 2022 06:17:15  BuildStamp: freesurfer-linux-ubuntu22_x86_64-7.3.2-20220804-6354275  User: oesteban  Machine: dna029  Platform: Linux  PlatformVersion: 5.14.0-427.37.1.el9_4.x86_64  CompilerName: GCC  CompilerVersion: 8.4.0
ProgramName: mrisp_paint  ProgramArguments: mrisp_paint -all-info  ProgramVersion: 7.3.2  TimeStamp: 2026/03/09-22:54:59-GMT  BuildTime: Aug  4 2022 06:17:15  BuildStamp: freesurfer-linux-ubuntu22_x86_64-7.3.2-20220804-6354275  User: oesteban  Machine: dna029  Platform: Linux  PlatformVersion: 5.14.0-427.37.1.el9_4.x86_64  CompilerName: GCC  CompilerVersion: 8.4.0
ProgramName: mris_register  ProgramArguments: mris_register -all-info  ProgramVersion: 7.3.2  TimeStamp: 2026/03/09-22:54:59-GMT  BuildTime: Aug  4 2022 06:17:15  BuildStamp: freesurfer-linux-ubuntu22_x86_64-7.3.2-20220804-6354275  User: oesteban  Machine: dna029  Platform: Linux  PlatformVersion: 5.14.0-427.37.1.el9_4.x86_64  CompilerName: GCC  CompilerVersion: 8.4.0
ProgramName: mris_smooth  ProgramArguments: mris_smooth -all-info  ProgramVersion: 7.3.2  TimeStamp: 2026/03/09-22:54:59-GMT  BuildTime: Aug  4 2022 06:17:15  BuildStamp: freesurfer-linux-ubuntu22_x86_64-7.3.2-20220804-6354275  User: oesteban  Machine: dna029  Platform: Linux  PlatformVersion: 5.14.0-427.37.1.el9_4.x86_64  CompilerName: GCC  CompilerVersion: 8.4.0
ProgramName: mris_sphere  ProgramArguments: mris_sphere -all-info  ProgramVersion: 7.3.2  TimeStamp: 2026/03/09-22:54:59-GMT  BuildTime: Aug  4 2022 06:17:15  BuildStamp: freesurfer-linux-ubuntu22_x86_64-7.3.2-20220804-6354275  User: oesteban  Machine: dna029  Platform: Linux  PlatformVersion: 5.14.0-427.37.1.el9_4.x86_64  CompilerName: GCC  CompilerVersion: 8.4.0
ProgramName: mris_surface_stats  ProgramArguments: mris_surface_stats -all-info  ProgramVersion: 7.3.2  TimeStamp: 2026/03/09-22:54:59-GMT  BuildTime: Aug  4 2022 06:17:15  BuildStamp: freesurfer-linux-ubuntu22_x86_64-7.3.2-20220804-6354275  User: oesteban  Machine: dna029  Platform: Linux  PlatformVersion: 5.14.0-427.37.1.el9_4.x86_64  CompilerName: GCC  CompilerVersion: 8.4.0
ProgramName: mri_stats2seg  ProgramArguments: mri_stats2seg -all-info  ProgramVersion: 7.3.2  TimeStamp: 2026/03/09-22:54:59-GMT  BuildTime: Aug  4 2022 06:17:15  BuildStamp: freesurfer-linux-ubuntu22_x86_64-7.3.2-20220804-6354275  User: oesteban  Machine: dna029  Platform: Linux  PlatformVersion: 5.14.0-427.37.1.el9_4.x86_64  CompilerName: GCC  CompilerVersion: 8.4.0
ProgramName: mris_thickness  ProgramArguments: mris_thickness -all-info  ProgramVersion: 7.3.2  TimeStamp: 2026/03/09-22:54:59-GMT  BuildTime: Aug  4 2022 06:17:15  BuildStamp: freesurfer-linux-ubuntu22_x86_64-7.3.2-20220804-6354275  User: oesteban  Machine: dna029  Platform: Linux  PlatformVersion: 5.14.0-427.37.1.el9_4.x86_64  CompilerName: GCC  CompilerVersion: 8.4.0
ProgramName: mris_thickness_diff  ProgramArguments: mris_thickness_diff -all-info  ProgramVersion: 7.3.2  TimeStamp: 2026/03/09-22:54:59-GMT  BuildTime: Aug  4 2022 06:17:15  BuildStamp: freesurfer-linux-ubuntu22_x86_64-7.3.2-20220804-6354275  User: oesteban  Machine: dna029  Platform: Linux  PlatformVersion: 5.14.0-427.37.1.el9_4.x86_64  CompilerName: GCC  CompilerVersion: 8.4.0
ProgramName: mris_topo_fixer  ProgramArguments: mris_topo_fixer -all-info  ProgramVersion: 7.3.2  TimeStamp: 2026/03/09-22:54:59-GMT  BuildTime: Aug  4 2022 06:17:15  BuildStamp: freesurfer-linux-ubuntu22_x86_64-7.3.2-20220804-6354275  User: oesteban  Machine: dna029  Platform: Linux  PlatformVersion: 5.14.0-427.37.1.el9_4.x86_64  CompilerName: GCC  CompilerVersion: 8.4.0
ProgramName: mri_surf2surf  ProgramArguments: mri_surf2surf -all-info  ProgramVersion: 7.3.2  TimeStamp: 2026/03/09-22:54:59-GMT  BuildTime: Aug  4 2022 06:17:15  BuildStamp: freesurfer-linux-ubuntu22_x86_64-7.3.2-20220804-6354275  User: oesteban  Machine: dna029  Platform: Linux  PlatformVersion: 5.14.0-427.37.1.el9_4.x86_64  CompilerName: GCC  CompilerVersion: 8.4.0
ProgramName: mri_surf2vol  ProgramArguments: mri_surf2vol -all-info  ProgramVersion: 7.3.2  TimeStamp: 2026/03/09-22:54:59-GMT  BuildTime: Aug  4 2022 06:17:15  BuildStamp: freesurfer-linux-ubuntu22_x86_64-7.3.2-20220804-6354275  User: oesteban  Machine: dna029  Platform: Linux  PlatformVersion: 5.14.0-427.37.1.el9_4.x86_64  CompilerName: GCC  CompilerVersion: 8.4.0
ProgramName: mri_surfcluster  ProgramArguments: mri_surfcluster -all-info  ProgramVersion: 7.3.2  TimeStamp: 2026/03/09-22:54:59-GMT  BuildTime: Aug  4 2022 06:17:15  BuildStamp: freesurfer-linux-ubuntu22_x86_64-7.3.2-20220804-6354275  User: oesteban  Machine: dna029  Platform: Linux  PlatformVersion: 5.14.0-427.37.1.el9_4.x86_64  CompilerName: GCC  CompilerVersion: 8.4.0
ProgramName: mris_volmask  ProgramArguments: mris_volmask -all-info  ProgramVersion: 7.3.2  TimeStamp: 2026/03/09-22:54:59-GMT  BuildTime: Aug  4 2022 06:17:15  BuildStamp: freesurfer-linux-ubuntu22_x86_64-7.3.2-20220804-6354275  User: oesteban  Machine: dna029  Platform: Linux  PlatformVersion: 5.14.0-427.37.1.el9_4.x86_64  CompilerName: GCC  CompilerVersion: 8.4.0
ProgramName: mri_tessellate  ProgramArguments: mri_tessellate -all-info  ProgramVersion: 7.3.2  TimeStamp: 2026/03/09-22:54:59-GMT  BuildTime: Aug  4 2022 06:17:15  BuildStamp: freesurfer-linux-ubuntu22_x86_64-7.3.2-20220804-6354275  User: oesteban  Machine: dna029  Platform: Linux  PlatformVersion: 5.14.0-427.37.1.el9_4.x86_64  CompilerName: GCC  CompilerVersion: 8.4.0
ProgramName: mri_vol2surf  ProgramArguments: mri_vol2surf -all-info  ProgramVersion: 7.3.2  TimeStamp: 2026/03/09-22:54:59-GMT  BuildTime: Aug  4 2022 06:17:15  BuildStamp: freesurfer-linux-ubuntu22_x86_64-7.3.2-20220804-6354275  User: oesteban  Machine: dna029  Platform: Linux  PlatformVersion: 5.14.0-427.37.1.el9_4.x86_64  CompilerName: GCC  CompilerVersion: 8.4.0
ProgramName: mri_vol2vol  ProgramArguments: mri_vol2vol -all-info  ProgramVersion: 7.3.2  TimeStamp: 2026/03/09-22:54:59-GMT  BuildTime: Aug  4 2022 06:17:15  BuildStamp: freesurfer-linux-ubuntu22_x86_64-7.3.2-20220804-6354275  User: oesteban  Machine: dna029  Platform: Linux  PlatformVersion: 5.14.0-427.37.1.el9_4.x86_64  CompilerName: GCC  CompilerVersion: 8.4.0
ProgramName: mri_voldiff  ProgramArguments: mri_voldiff -all-info  ProgramVersion: 7.3.2  TimeStamp: 2026/03/09-22:54:59-GMT  BuildTime: Aug  4 2022 06:17:15  BuildStamp: freesurfer-linux-ubuntu22_x86_64-7.3.2-20220804-6354275  User: oesteban  Machine: dna029  Platform: Linux  PlatformVersion: 5.14.0-427.37.1.el9_4.x86_64  CompilerName: GCC  CompilerVersion: 8.4.0
ProgramName: mri_watershed  ProgramArguments: mri_watershed -all-info  ProgramVersion: 7.3.2  TimeStamp: 2026/03/09-22:54:59-GMT  BuildTime: Aug  4 2022 06:17:15  BuildStamp: freesurfer-linux-ubuntu22_x86_64-7.3.2-20220804-6354275  User: oesteban  Machine: dna029  Platform: Linux  PlatformVersion: 5.14.0-427.37.1.el9_4.x86_64  CompilerName: GCC  CompilerVersion: 8.4.0
ProgramName: tkregister2  ProgramArguments: tkregister2_cmdl -all-info  ProgramVersion: 7.3.2  TimeStamp: 2026/03/09-22:54:59-GMT  BuildTime: Aug  4 2022 06:17:15  BuildStamp: freesurfer-linux-ubuntu22_x86_64-7.3.2-20220804-6354275  User: oesteban  Machine: dna029  Platform: Linux  PlatformVersion: 5.14.0-427.37.1.el9_4.x86_64  CompilerName: GCC  CompilerVersion: 8.4.0
mri_motion_correct.fsl 7.3.2
mri_convert -all-info 
ProgramName: mri_convert  ProgramArguments: mri_convert -all-info  ProgramVersion: 7.3.2  TimeStamp: 2026/03/09-22:54:59-GMT  BuildTime: Aug  4 2022 06:17:15  BuildStamp: freesurfer-linux-ubuntu22_x86_64-7.3.2-20220804-6354275  User: oesteban  Machine: dna029  Platform: Linux  PlatformVersion: 5.14.0-427.37.1.el9_4.x86_64  CompilerName: GCC  CompilerVersion: 8.4.0
Program nu_correct, built from:
Package MNI N3, version 1.12.0, compiled by nicks@terrier (x86_64-unknown-linux-gnu) on 2015-06-19 at 01:25:34
#######################################
GCADIR /opt/freesurfer/average
GCA RB_all_2020-01-02.gca
GCASkull RB_all_withskull_2020_01_02.gca
AvgCurvTif folding.atlas.acfb40.noaparc.i12.2016-08-02.tif
GCSDIR /opt/freesurfer/average
GCS DKaparc.atlas.acfb40.noaparc.i12.2016-08-02.gcs
#######################################
#--------------------------------------------
#@# Tessellate lh Mon Mar  9 23:55:00 CET 2026
/out/sourcedata/freesurfer/sub-v1s2x0051478_ses-1/scripts

 mri_pretess ../mri/filled.mgz 255 ../mri/norm.mgz ../mri/filled-pretess255.mgz 


Iteration Number : 1
pass   1 (xy+):   1 found -   1 modified     |    TOTAL:   1
pass   2 (xy+):   0 found -   1 modified     |    TOTAL:   1
pass   1 (xy-):   2 found -   2 modified     |    TOTAL:   3
pass   2 (xy-):   0 found -   2 modified     |    TOTAL:   3
pass   1 (yz+):   7 found -   7 modified     |    TOTAL:  10
pass   2 (yz+):   0 found -   7 modified     |    TOTAL:  10
pass   1 (yz-):   3 found -   3 modified     |    TOTAL:  13
pass   2 (yz-):   0 found -   3 modified     |    TOTAL:  13
pass   1 (xz+):   3 found -   3 modified     |    TOTAL:  16
pass   2 (xz+):   0 found -   3 modified     |    TOTAL:  16
pass   1 (xz-):   0 found -   0 modified     |    TOTAL:  16
Iteration Number : 1
pass   1 (+++):   0 found -   0 modified     |    TOTAL:   0
pass   1 (+++):   0 found -   0 modified     |    TOTAL:   0
pass   1 (+++):   2 found -   2 modified     |    TOTAL:   2
pass   2 (+++):   0 found -   2 modified     |    TOTAL:   2
pass   1 (+++):   0 found -   0 modified     |    TOTAL:   2
Iteration Number : 1
pass   1 (++):   0 found -   0 modified     |    TOTAL:   0
pass   1 (+-):   1 found -   1 modified     |    TOTAL:   1
pass   2 (+-):   0 found -   1 modified     |    TOTAL:   1
pass   1 (--):   0 found -   0 modified     |    TOTAL:   1
pass   1 (-+):   0 found -   0 modified     |    TOTAL:   1
Iteration Number : 2
pass   1 (xy+):   0 found -   0 modified     |    TOTAL:   0
pass   1 (xy-):   0 found -   0 modified     |    TOTAL:   0
pass   1 (yz+):   1 found -   1 modified     |    TOTAL:   1
pass   2 (yz+):   0 found -   1 modified     |    TOTAL:   1
pass   1 (yz-):   0 found -   0 modified     |    TOTAL:   1
pass   1 (xz+):   0 found -   0 modified     |    TOTAL:   1
pass   1 (xz-):   0 found -   0 modified     |    TOTAL:   1
Iteration Number : 2
pass   1 (+++):   0 found -   0 modified     |    TOTAL:   0
pass   1 (+++):   0 found -   0 modified     |    TOTAL:   0
pass   1 (+++):   0 found -   0 modified     |    TOTAL:   0
pass   1 (+++):   0 found -   0 modified     |    TOTAL:   0
Iteration Number : 2
pass   1 (++):   0 found -   0 modified     |    TOTAL:   0
pass   1 (+-):   1 found -   1 modified     |    TOTAL:   1
pass   2 (+-):   0 found -   1 modified     |    TOTAL:   1
pass   1 (--):   0 found -   0 modified     |    TOTAL:   1
pass   1 (-+):   0 found -   0 modified     |    TOTAL:   1
Iteration Number : 3
pass   1 (xy+):   0 found -   0 modified     |    TOTAL:   0
pass   1 (xy-):   0 found -   0 modified     |    TOTAL:   0
pass   1 (yz+):   0 found -   0 modified     |    TOTAL:   0
pass   1 (yz-):   0 found -   0 modified     |    TOTAL:   0
pass   1 (xz+):   0 found -   0 modified     |    TOTAL:   0
pass   1 (xz-):   0 found -   0 modified     |    TOTAL:   0
Iteration Number : 3
pass   1 (+++):   0 found -   0 modified     |    TOTAL:   0
pass   1 (+++):   0 found -   0 modified     |    TOTAL:   0
pass   1 (+++):   0 found -   0 modified     |    TOTAL:   0
pass   1 (+++):   0 found -   0 modified     |    TOTAL:   0
Iteration Number : 3
pass   1 (++):   0 found -   0 modified     |    TOTAL:   0
pass   1 (+-):   0 found -   0 modified     |    TOTAL:   0
pass   1 (--):   0 found -   0 modified     |    TOTAL:   0
pass   1 (-+):   0 found -   0 modified     |    TOTAL:   0

Total Number of Modified Voxels = 21 (out of 308739: 0.006802)
Ambiguous edge configurations... 

mri_pretess done


 mri_tessellate ../mri/filled-pretess255.mgz 255 ../surf/lh.orig.nofix 

7.3.2
  7.3.2
slice 20: 1751 vertices, 1873 faces
slice 30: 7867 vertices, 8097 faces
slice 40: 16149 vertices, 16456 faces
slice 50: 26803 vertices, 27181 faces
slice 60: 39156 vertices, 39636 faces
slice 70: 52500 vertices, 52900 faces
slice 80: 65697 vertices, 66160 faces
slice 90: 79098 vertices, 79545 faces
slice 100: 92357 vertices, 92823 faces
slice 110: 105553 vertices, 105985 faces
slice 120: 116940 vertices, 117338 faces
slice 130: 126585 vertices, 126919 faces
slice 140: 135227 vertices, 135525 faces
slice 150: 143008 vertices, 143302 faces
slice 160: 149968 vertices, 150274 faces
slice 170: 156283 vertices, 156542 faces
slice 180: 161978 vertices, 162198 faces
slice 190: 164742 vertices, 164788 faces
slice 200: 164752 vertices, 164792 faces
slice 210: 164752 vertices, 164792 faces
slice 220: 164752 vertices, 164792 faces
slice 230: 164752 vertices, 164792 faces
slice 240: 164752 vertices, 164792 faces
slice 250: 164752 vertices, 164792 faces
using the conformed surface RAS to save vertex points...
writing ../surf/lh.orig.nofix
using vox2ras matrix:
-1.00000   0.00000   0.00000   128.00000;
 0.00000   0.00000   1.00000  -128.00000;
 0.00000  -1.00000   0.00000   128.00000;
 0.00000   0.00000   0.00000   1.00000;

 rm -f ../mri/filled-pretess255.mgz 


 mris_extract_main_component ../surf/lh.orig.nofix ../surf/lh.orig.nofix 


counting number of connected components...
   164752 voxel in cpt #1: X=-40 [v=164752,e=494376,f=329584] located at (-32.883675, -33.690018, 47.568752)
For the whole surface: X=-40 [v=164752,e=494376,f=329584]
One single component has been found
nothing to do
done

#--------------------------------------------
#@# Smooth1 lh Mon Mar  9 23:55:04 CET 2026
/out/sourcedata/freesurfer/sub-v1s2x0051478_ses-1/scripts

 mris_smooth -nw -seed 1234 ../surf/lh.orig.nofix ../surf/lh.smoothwm.nofix 

setting seed for random number generator to 1234
smoothing surface tessellation for 10 iterations...
smoothing complete - recomputing first and second fundamental forms...
#--------------------------------------------
#@# Inflation1 lh Mon Mar  9 23:55:07 CET 2026
/out/sourcedata/freesurfer/sub-v1s2x0051478_ses-1/scripts

 mris_inflate -no-save-sulc ../surf/lh.smoothwm.nofix ../surf/lh.inflated.nofix 

Not saving sulc
Reading ../surf/lh.smoothwm.nofix
avg radius = 49.1 mm, total surface area = 88790 mm^2
step 000: RMS=0.149 (target=0.015)   step 005: RMS=0.114 (target=0.015)   step 010: RMS=0.083 (target=0.015)   step 015: RMS=0.070 (target=0.015)   step 020: RMS=0.060 (target=0.015)   step 025: RMS=0.053 (target=0.015)   step 030: RMS=0.047 (target=0.015)   step 035: RMS=0.042 (target=0.015)   step 040: RMS=0.038 (target=0.015)   step 045: RMS=0.036 (target=0.015)   step 050: RMS=0.035 (target=0.015)   step 055: RMS=0.034 (target=0.015)   step 060: RMS=0.034 (target=0.015)   writing inflated surface to ../surf/lh.inflated.nofix
inflation took 0.3 minutes

inflation complete.
Not saving sulc
mris_inflate utimesec    66.162005
mris_inflate stimesec    1.990117
mris_inflate ru_maxrss   259964
mris_inflate ru_ixrss    0
mris_inflate ru_idrss    0
mris_inflate ru_isrss    0
mris_inflate ru_minflt   556854
mris_inflate ru_majflt   40
mris_inflate ru_nswap    0
mris_inflate ru_inblock  1672
mris_inflate ru_oublock  11592
mris_inflate ru_msgsnd   0
mris_inflate ru_msgrcv   0
mris_inflate ru_nsignals 0
mris_inflate ru_nvcsw    7887
mris_inflate ru_nivcsw   1009
#--------------------------------------------
#@# QSphere lh Mon Mar  9 23:55:24 CET 2026
/out/sourcedata/freesurfer/sub-v1s2x0051478_ses-1/scripts

 mris_sphere -q -p 6 -a 128 -seed 1234 ../surf/lh.inflated.nofix ../surf/lh.qsphere.nofix 

doing quick spherical unfolding.
limitting unfolding to 6 passes
using n_averages = 128
setting seed for random number genererator to 1234
version: 7.3.2
available threads: 16
scaling brain by 0.272...
inflating...
projecting onto sphere...
surface projected - minimizing metric distortion...
vertex spacing 0.90 +- 0.53 (0.00-->6.49) (max @ vno 117776 --> 118833)
face area 0.02 +- 0.03 (-0.06-->0.62)
Entering MRISinflateToSphere()
inflating to sphere (rms error < 2.00)
000: dt: 0.0000, rms radial error=177.400, avgs=0
005/300: dt: 0.9000, rms radial error=177.137, avgs=0
010/300: dt: 0.9000, rms radial error=176.573, avgs=0
015/300: dt: 0.9000, rms radial error=175.835, avgs=0
020/300: dt: 0.9000, rms radial error=174.997, avgs=0
025/300: dt: 0.9000, rms radial error=174.103, avgs=0
030/300: dt: 0.9000, rms radial error=173.177, avgs=0
035/300: dt: 0.9000, rms radial error=172.236, avgs=0
040/300: dt: 0.9000, rms radial error=171.288, avgs=0
045/300: dt: 0.9000, rms radial error=170.337, avgs=0
050/300: dt: 0.9000, rms radial error=169.387, avgs=0
055/300: dt: 0.9000, rms radial error=168.440, avgs=0
060/300: dt: 0.9000, rms radial error=167.496, avgs=0
065/300: dt: 0.9000, rms radial error=166.557, avgs=0
070/300: dt: 0.9000, rms radial error=165.623, avgs=0
075/300: dt: 0.9000, rms radial error=164.694, avgs=0
080/300: dt: 0.9000, rms radial error=163.769, avgs=0
085/300: dt: 0.9000, rms radial error=162.850, avgs=0
090/300: dt: 0.9000, rms radial error=161.935, avgs=0
095/300: dt: 0.9000, rms radial error=161.026, avgs=0
100/300: dt: 0.9000, rms radial error=160.121, avgs=0
105/300: dt: 0.9000, rms radial error=159.222, avgs=0
110/300: dt: 0.9000, rms radial error=158.327, avgs=0
115/300: dt: 0.9000, rms radial error=157.437, avgs=0
120/300: dt: 0.9000, rms radial error=156.553, avgs=0
125/300: dt: 0.9000, rms radial error=155.674, avgs=0
130/300: dt: 0.9000, rms radial error=154.800, avgs=0
135/300: dt: 0.9000, rms radial error=153.930, avgs=0
140/300: dt: 0.9000, rms radial error=153.065, avgs=0
145/300: dt: 0.9000, rms radial error=152.205, avgs=0
150/300: dt: 0.9000, rms radial error=151.350, avgs=0
155/300: dt: 0.9000, rms radial error=150.499, avgs=0
160/300: dt: 0.9000, rms radial error=149.652, avgs=0
165/300: dt: 0.9000, rms radial error=148.811, avgs=0
170/300: dt: 0.9000, rms radial error=147.973, avgs=0
175/300: dt: 0.9000, rms radial error=147.141, avgs=0
180/300: dt: 0.9000, rms radial error=146.313, avgs=0
185/300: dt: 0.9000, rms radial error=145.490, avgs=0
190/300: dt: 0.9000, rms radial error=144.671, avgs=0
195/300: dt: 0.9000, rms radial error=143.856, avgs=0
200/300: dt: 0.9000, rms radial error=143.047, avgs=0
205/300: dt: 0.9000, rms radial error=142.241, avgs=0
210/300: dt: 0.9000, rms radial error=141.440, avgs=0
215/300: dt: 0.9000, rms radial error=140.644, avgs=0
220/300: dt: 0.9000, rms radial error=139.851, avgs=0
225/300: dt: 0.9000, rms radial error=139.064, avgs=0
230/300: dt: 0.9000, rms radial error=138.280, avgs=0
235/300: dt: 0.9000, rms radial error=137.501, avgs=0
240/300: dt: 0.9000, rms radial error=136.726, avgs=0
245/300: dt: 0.9000, rms radial error=135.956, avgs=0
250/300: dt: 0.9000, rms radial error=135.189, avgs=0
255/300: dt: 0.9000, rms radial error=134.428, avgs=0
260/300: dt: 0.9000, rms radial error=133.670, avgs=0
265/300: dt: 0.9000, rms radial error=132.916, avgs=0
270/300: dt: 0.9000, rms radial error=132.167, avgs=0
275/300: dt: 0.9000, rms radial error=131.422, avgs=0
280/300: dt: 0.9000, rms radial error=130.681, avgs=0
285/300: dt: 0.9000, rms radial error=129.944, avgs=0
290/300: dt: 0.9000, rms radial error=129.211, avgs=0
295/300: dt: 0.9000, rms radial error=128.482, avgs=0
300/300: dt: 0.9000, rms radial error=127.757, avgs=0

spherical inflation complete.
epoch 1 (K=10.0), pass 1, starting sse = 19977.37
taking momentum steps...
taking momentum steps...
taking momentum steps...
taking momentum steps...
pass 1 complete, delta sse/iter = 0.00/13 = 0.00032
epoch 2 (K=40.0), pass 1, starting sse = 3513.87
taking momentum steps...
taking momentum steps...
taking momentum steps...
taking momentum steps...
pass 1 complete, delta sse/iter = 0.00/13 = 0.00003
epoch 3 (K=160.0), pass 1, starting sse = 408.13
taking momentum steps...
taking momentum steps...
taking momentum steps...
taking momentum steps...
pass 1 complete, delta sse/iter = 0.13/18 = 0.00731
epoch 4 (K=640.0), pass 1, starting sse = 23.53
taking momentum steps...
taking momentum steps...
taking momentum steps...
taking momentum steps...
pass 1 complete, delta sse/iter = 0.41/36 = 0.01146
final distance error %100000.00
writing spherical brain to ../surf/lh.qsphere.nofix
spherical transformation took 0.0273 hours
FSRUNTIME@ mris_sphere  0.0273 hours 16 threads
#VMPC# mris_sphere VmPeak  1595692
mris_sphere done
#@# Fix Topology lh Mon Mar  9 23:57:02 CET 2026

 mris_fix_topology -mgz -sphere qsphere.nofix -inflated inflated.nofix -orig orig.nofix -out orig.premesh -ga -seed 1234 sub-v1s2x0051478_ses-1 lh 

reading spherical homeomorphism from 'qsphere.nofix'
reading inflated coordinates from 'inflated.nofix'
reading original coordinates from 'orig.nofix'
using genetic algorithm with optimized parameters
setting seed for random number genererator to 1234

*************************************************************
Topology Correction Parameters
retessellation mode:           genetic search
number of patches/generation : 10
number of generations :        10
surface mri loglikelihood coefficient :         1.0
volume mri loglikelihood coefficient :          10.0
normal dot loglikelihood coefficient :          1.0
quadratic curvature loglikelihood coefficient : 1.0
volume resolution :                             2
eliminate vertices during search :              1
initial patch selection :                       1
select all defect vertices :                    0
ordering dependant retessellation:              0
use precomputed edge table :                    0
smooth retessellated patch :                    2
match retessellated patch :                     1
verbose mode :                                  0

*************************************************************
INFO: assuming .mgz format
writing corrected surface to 'orig.premesh'
7.3.2
  7.3.2
before topology correction, eno=-40 (nv=164752, nf=329584, ne=494376, g=21)
using quasi-homeomorphic spherical map to tessellate cortical surface...

Correction of the Topology
Finding true center and radius of Spherical Surface...done
Surface centered at (0,0,0) with radius 100.0 in 9 iterations
marking ambiguous vertices...
2724 ambiguous faces found in tessellation
segmenting defects...
33 defects found, arbitrating ambiguous regions...
analyzing neighboring defects...
      -merging segment 16 into 15
32 defects to be corrected 
0 vertices coincident
reading input surface /out/sourcedata/freesurfer/sub-v1s2x0051478_ses-1/surf/lh.qsphere.nofix...
reading brain volume from brain...
reading wm segmentation from wm...
Reading original properties of orig.nofix
Reading vertex positions of inflated.nofix
Computing Initial Surface Statistics
      -face       loglikelihood: -9.1166  (-4.5583)
      -vertex     loglikelihood: -5.4572  (-2.7286)
      -normal dot loglikelihood: -3.6137  (-3.6137)
      -quad curv  loglikelihood: -6.1589  (-3.0795)
      Total Loglikelihood : -24.3465
CORRECTING DEFECT 0 (vertices=61, convex hull=59, v0=258)
After retessellation of defect 0 (v0=258), euler #=-30 (163008,488161,325123) : difference with theory (-29) = 1 
CORRECTING DEFECT 1 (vertices=207, convex hull=225, v0=303)
After retessellation of defect 1 (v0=303), euler #=-29 (163017,488298,325252) : difference with theory (-28) = 1 
CORRECTING DEFECT 2 (vertices=118, convex hull=50, v0=1805)
After retessellation of defect 2 (v0=1805), euler #=-28 (163026,488345,325291) : difference with theory (-27) = 1 
CORRECTING DEFECT 3 (vertices=75, convex hull=95, v0=3168)
After retessellation of defect 3 (v0=3168), euler #=-27 (163035,488415,325353) : difference with theory (-26) = 1 
CORRECTING DEFECT 4 (vertices=72, convex hull=103, v0=3288)
After retessellation of defect 4 (v0=3288), euler #=-26 (163054,488527,325447) : difference with theory (-25) = 1 
CORRECTING DEFECT 5 (vertices=8, convex hull=44, v0=8365)
After retessellation of defect 5 (v0=8365), euler #=-25 (163059,488556,325472) : difference with theory (-24) = 1 
CORRECTING DEFECT 6 (vertices=42, convex hull=54, v0=27575)
After retessellation of defect 6 (v0=27575), euler #=-24 (163065,488597,325508) : difference with theory (-23) = 1 
CORRECTING DEFECT 7 (vertices=144, convex hull=109, v0=38836)
After retessellation of defect 7 (v0=38836), euler #=-23 (163096,488740,325621) : difference with theory (-22) = 1 
CORRECTING DEFECT 8 (vertices=63, convex hull=49, v0=39763)
After retessellation of defect 8 (v0=39763), euler #=-22 (163108,488790,325660) : difference with theory (-21) = 1 
CORRECTING DEFECT 9 (vertices=45, convex hull=73, v0=61050)
After retessellation of defect 9 (v0=61050), euler #=-21 (163126,488874,325727) : difference with theory (-20) = 1 
CORRECTING DEFECT 10 (vertices=118, convex hull=67, v0=63777)
After retessellation of defect 10 (v0=63777), euler #=-20 (163143,488950,325787) : difference with theory (-19) = 1 
CORRECTING DEFECT 11 (vertices=87, convex hull=141, v0=63934)
After retessellation of defect 11 (v0=63934), euler #=-19 (163176,489117,325922) : difference with theory (-18) = 1 
CORRECTING DEFECT 12 (vertices=25, convex hull=36, v0=63979)
After retessellation of defect 12 (v0=63979), euler #=-18 (163182,489148,325948) : difference with theory (-17) = 1 
CORRECTING DEFECT 13 (vertices=22, convex hull=61, v0=79081)
After retessellation of defect 13 (v0=79081), euler #=-17 (163193,489201,325991) : difference with theory (-16) = 1 
CORRECTING DEFECT 14 (vertices=11, convex hull=24, v0=82571)
After retessellation of defect 14 (v0=82571), euler #=-16 (163195,489212,326001) : difference with theory (-15) = 1 
CORRECTING DEFECT 15 (vertices=44, convex hull=89, v0=87057)
After retessellation of defect 15 (v0=87057), euler #=-14 (163220,489331,326097) : difference with theory (-14) = 0 
CORRECTING DEFECT 16 (vertices=136, convex hull=93, v0=91078)
After retessellation of defect 16 (v0=91078), euler #=-13 (163238,489425,326174) : difference with theory (-13) = 0 
CORRECTING DEFECT 17 (vertices=44, convex hull=90, v0=95170)
After retessellation of defect 17 (v0=95170), euler #=-12 (163268,489551,326271) : difference with theory (-12) = 0 
CORRECTING DEFECT 18 (vertices=8, convex hull=36, v0=97779)
After retessellation of defect 18 (v0=97779), euler #=-11 (163270,489565,326284) : difference with theory (-11) = 0 
CORRECTING DEFECT 19 (vertices=33, convex hull=37, v0=100511)
After retessellation of defect 19 (v0=100511), euler #=-10 (163275,489594,326309) : difference with theory (-10) = 0 
CORRECTING DEFECT 20 (vertices=32, convex hull=64, v0=103213)
After retessellation of defect 20 (v0=103213), euler #=-9 (163286,489653,326358) : difference with theory (-9) = 0 
CORRECTING DEFECT 21 (vertices=11, convex hull=23, v0=105069)
After retessellation of defect 21 (v0=105069), euler #=-8 (163286,489661,326367) : difference with theory (-8) = 0 
CORRECTING DEFECT 22 (vertices=32, convex hull=66, v0=106711)
After retessellation of defect 22 (v0=106711), euler #=-7 (163305,489741,326429) : difference with theory (-7) = 0 
CORRECTING DEFECT 23 (vertices=18, convex hull=54, v0=109019)
After retessellation of defect 23 (v0=109019), euler #=-6 (163313,489787,326468) : difference with theory (-6) = 0 
CORRECTING DEFECT 24 (vertices=23, convex hull=45, v0=109704)
After retessellation of defect 24 (v0=109704), euler #=-5 (163326,489844,326513) : difference with theory (-5) = 0 
CORRECTING DEFECT 25 (vertices=46, convex hull=61, v0=118731)
After retessellation of defect 25 (v0=118731), euler #=-4 (163342,489914,326568) : difference with theory (-4) = 0 
CORRECTING DEFECT 26 (vertices=13, convex hull=33, v0=121171)
After retessellation of defect 26 (v0=121171), euler #=-3 (163343,489926,326580) : difference with theory (-3) = 0 
CORRECTING DEFECT 27 (vertices=38, convex hull=39, v0=123722)
After retessellation of defect 27 (v0=123722), euler #=-2 (163353,489970,326615) : difference with theory (-2) = 0 
CORRECTING DEFECT 28 (vertices=116, convex hull=79, v0=129204)
After retessellation of defect 28 (v0=129204), euler #=-1 (163367,490044,326676) : difference with theory (-1) = 0 
CORRECTING DEFECT 29 (vertices=10, convex hull=37, v0=152795)
After retessellation of defect 29 (v0=152795), euler #=0 (163370,490066,326696) : difference with theory (0) = 0 
CORRECTING DEFECT 30 (vertices=33, convex hull=53, v0=156946)
After retessellation of defect 30 (v0=156946), euler #=1 (163378,490107,326730) : difference with theory (1) = 0 
CORRECTING DEFECT 31 (vertices=18, convex hull=54, v0=164002)
After retessellation of defect 31 (v0=164002), euler #=2 (163388,490158,326772) : difference with theory (2) = 0 
computing original vertex metric properties...
storing new metric properties...
computing tessellation statistics...
vertex spacing 0.89 +- 0.22 (0.14-->11.72) (max @ vno 305 --> 2725)
face area -nan +- -nan (1000.00-->-1.00)
performing soap bubble on retessellated vertices for 0 iterations...
vertex spacing 0.89 +- 0.22 (0.14-->11.72) (max @ vno 305 --> 2725)
face area -nan +- -nan (1000.00-->-1.00)
tessellation finished, orienting corrected surface...
144 mutations (36.1%), 255 crossovers (63.9%), 160 vertices were eliminated
building final representation...
1364 vertices and 0 faces have been removed from triangulation
after topology correction, eno=2 (nv=163388, nf=326772, ne=490158, g=0)
writing corrected surface to /out/sourcedata/freesurfer/sub-v1s2x0051478_ses-1/surf/lh.orig.premesh...

0.000 % of the vertices (0 vertices) exhibit an orientation change
removing intersecting faces
000: 207 intersecting
001: 16 intersecting
terminating search with 0 intersecting
topology fixing took 1.6 minutes
FSRUNTIME@ mris_fix_topology lh  0.0263 hours 16 threads
#VMPC# mris_fix_topology VmPeak  1880644

 mris_euler_number ../surf/lh.orig.premesh 

euler # = v-e+f = 2g-2: 163388 - 490158 + 326772 = 2 --> 0 holes
      F =2V-4:          326772 = 326776-4 (0)
      2E=3F:            980316 = 980316 (0)

total defect index = 0
Mon Mar  9 23:58:37 CET 2026

setenv SUBJECTS_DIR /out/sourcedata/freesurfer
cd /out/sourcedata/freesurfer/sub-v1s2x0051478_ses-1/scripts
/opt/freesurfer/bin/defect2seg --s sub-v1s2x0051478_ses-1 --lh-only --cortex

freesurfer-linux-ubuntu22_x86_64-7.3.2-20220804-6354275
defect2seg 7.3.2
Linux dna029 5.14.0-427.37.1.el9_4.x86_64 #1 SMP PREEMPT_DYNAMIC Fri Sep 13 12:41:50 EDT 2024 x86_64 x86_64 x86_64 GNU/Linux
pid 4090701
mri_label2label --label-cortex /out/sourcedata/freesurfer/sub-v1s2x0051478_ses-1/surf/lh.orig.nofix /out/sourcedata/freesurfer/sub-v1s2x0051478_ses-1/mri/aseg.presurf.mgz 0 /out/sourcedata/freesurfer/sub-v1s2x0051478_ses-1/label/lh.nofix.cortex.label

 Generating cortex label... RemoveHipAmgy=0
 NucAccIsMedialWall=0
 mris->useRealRAS=0
24 non-cortical segments detected
only using segment with 8091 vertices
erasing segment 1 (vno[0] = 78357)
erasing segment 2 (vno[0] = 82450)
erasing segment 3 (vno[0] = 83810)
erasing segment 4 (vno[0] = 92971)
erasing segment 5 (vno[0] = 95782)
erasing segment 6 (vno[0] = 97718)
erasing segment 7 (vno[0] = 97818)
erasing segment 8 (vno[0] = 99943)
erasing segment 9 (vno[0] = 101816)
erasing segment 10 (vno[0] = 101907)
erasing segment 11 (vno[0] = 102462)
erasing segment 12 (vno[0] = 112320)
erasing segment 13 (vno[0] = 113345)
erasing segment 14 (vno[0] = 113401)
erasing segment 15 (vno[0] = 113423)
erasing segment 16 (vno[0] = 114030)
erasing segment 17 (vno[0] = 116207)
erasing segment 18 (vno[0] = 116480)
erasing segment 19 (vno[0] = 118795)
erasing segment 20 (vno[0] = 119715)
erasing segment 21 (vno[0] = 120561)
erasing segment 22 (vno[0] = 123770)
erasing segment 23 (vno[0] = 124601)
mri_label2vol --defects /out/sourcedata/freesurfer/sub-v1s2x0051478_ses-1/surf/lh.orig.nofix /out/sourcedata/freesurfer/sub-v1s2x0051478_ses-1/surf/lh.defect_labels /out/sourcedata/freesurfer/sub-v1s2x0051478_ses-1/mri/orig.mgz 1000 0 /out/sourcedata/freesurfer/sub-v1s2x0051478_ses-1/mri/lh.surface.defects.mgz /out/sourcedata/freesurfer/sub-v1s2x0051478_ses-1/label/lh.nofix.cortex.label
mri_label2vol supposed to be reproducible but seed not set
Contraining to label /out/sourcedata/freesurfer/sub-v1s2x0051478_ses-1/label/lh.nofix.cortex.label
Changing input type 0 to MRI_INT
Converting defects to volume: offset=1000, merge=0
Writing to /out/sourcedata/freesurfer/sub-v1s2x0051478_ses-1/mri/lh.surface.defects.mgz
mris_defects_pointset -s /out/sourcedata/freesurfer/sub-v1s2x0051478_ses-1/surf/lh.orig.nofix -d /out/sourcedata/freesurfer/sub-v1s2x0051478_ses-1/surf/lh.defect_labels -o /out/sourcedata/freesurfer/sub-v1s2x0051478_ses-1/surf/lh.defects.pointset --label /out/sourcedata/freesurfer/sub-v1s2x0051478_ses-1/label/lh.nofix.cortex.label
Reading in surface /out/sourcedata/freesurfer/sub-v1s2x0051478_ses-1/surf/lh.orig.nofix
Reading in defect segmentation /out/sourcedata/freesurfer/sub-v1s2x0051478_ses-1/surf/lh.defect_labels
Reading in label /out/sourcedata/freesurfer/sub-v1s2x0051478_ses-1/label/lh.nofix.cortex.label
#VMPC# mris_defects_pointset 1389196
mris_defects_pointset done
 
Started at Mon Mar 9 23:58:37 CET 2026 
Ended   at Mon Mar  9 23:58:58 CET 2026
Defect2seg-Run-Time-Sec 21
Defect2seg-Run-Time-Min 0.42
Defect2seg-Run-Time-Hours 0.01
 
tkmeditfv sub-v1s2x0051478_ses-1 brain.finalsurfs.mgz -defect
defect2seg Done

 mris_remesh --remesh --iters 3 --input /out/sourcedata/freesurfer/sub-v1s2x0051478_ses-1/surf/lh.orig.premesh --output /out/sourcedata/freesurfer/sub-v1s2x0051478_ses-1/surf/lh.orig 

iters = 3
standard remeshing without target
   adjusted l: 0.709438
remeshing to edge length 0.709438 with 3 iterations

avg qual before   : 0.8921  after: 0.971255

Removing intersections
Remeshed surface quality stats nv0 = 163388  nv = 170808  1.04541
Area    341612  0.30142  0.03340 0.070661   0.4668
Corner 1024836 60.00000  8.78816 15.800601 147.7284
Edge    512418  0.84227  0.08207 0.470693   1.3350
Hinge   512418  9.38472  9.80991 0.000001 159.0066
mris_remesh done
/out/sourcedata/freesurfer/sub-v1s2x0051478_ses-1/scripts

 mris_remove_intersection ../surf/lh.orig ../surf/lh.orig 

intersection removal took 0.00 hours
writing corrected surface to ../surf/lh.orig

 rm -f ../surf/lh.inflated 

#--------------------------------------------
#@# AutoDetGWStats lh Mon Mar  9 23:59:38 CET 2026
cd /out/sourcedata/freesurfer/sub-v1s2x0051478_ses-1/mri
mris_autodet_gwstats --o ../surf/autodet.gw.stats.lh.dat --i brain.finalsurfs.mgz --wm wm.mgz --surf ../surf/lh.orig.premesh
7.3.2

cd /out/sourcedata/freesurfer/sub-v1s2x0051478_ses-1/mri
setenv SUBJECTS_DIR /out/sourcedata/freesurfer
mris_autodet_gwstats --o ../surf/autodet.gw.stats.lh.dat --i brain.finalsurfs.mgz --wm wm.mgz --surf ../surf/lh.orig.premesh 

border white:    307802 voxels (1.83%)
border gray      335032 voxels (2.00%)
Reading in intensity volume brain.finalsurfs.mgz
Reading in wm volume wm.mgz
Reading in surf ../surf/lh.orig.premesh
Auto detecting stats
MRIclipBrightWM(): nthresh=23166, wmmin=5, clip=110 
Binarizing thresholding at 5
computing class statistics... low=30, hi=110.000000
CCS WM (104.0): 103.7 +- 5.2 [70.0 --> 110.0]
CCS GM (89.0) : 86.9 +- 10.1 [30.0 --> 110.0]
white_mean = 103.738 +/- 5.16985, gray_mean = 86.9374 +/- 10.124
using class modes intead of means, discounting robust sigmas....
MRIScomputeClassModes(): min=0 max=229 nbins=230
intensity peaks found at WM=107+-4.3,    GM=87+-5.2
white_mode = 107, gray_mode = 87
std_scale = 1
Applying sanity checks, max_scale_down = 0.2
setting MIN_GRAY_AT_WHITE_BORDER to 76.9 (was 70.000000)
setting MAX_BORDER_WHITE to 112.2 (was 105.000000)
setting MIN_BORDER_WHITE to 87.0 (was 85.000000)
setting MAX_CSF to 66.8 (was 40.000000)
setting MAX_GRAY to 101.8 (was 95.000000)
setting MAX_GRAY_AT_CSF_BORDER to 76.9 (was 75.000000)
setting MIN_GRAY_AT_CSF_BORDER to 56.6 (was 40.000000)
When placing the white surface
  white_border_hi   = 112.17;
  white_border_low  = 87;
  white_outside_low = 76.876;
  white_inside_hi   = 120;
  white_outside_hi  = 112.17;
When placing the pial surface
  pial_border_hi   = 76.876;
  pial_border_low  = 56.628;
  pial_outside_low = 10;
  pial_inside_hi   = 101.83;
  pial_outside_hi  = 71.814;
#VMPC# mris_autodet_gwstats VmPeak  1920768
mris_autodet_gwstats done
#--------------------------------------------
#@# WhitePreAparc lh Mon Mar  9 23:59:41 CET 2026
cd /out/sourcedata/freesurfer/sub-v1s2x0051478_ses-1/mri
mris_place_surface --adgws-in ../surf/autodet.gw.stats.lh.dat --wm wm.mgz --threads 16 --invol brain.finalsurfs.mgz --lh --i ../surf/lh.orig --o ../surf/lh.white.preaparc --white --seg aseg.presurf.mgz --nsmooth 5
7.3.2
7.3.2

cd /out/sourcedata/freesurfer/sub-v1s2x0051478_ses-1/mri
setenv SUBJECTS_DIR /out/sourcedata/freesurfer
mris_place_surface --adgws-in ../surf/autodet.gw.stats.lh.dat --wm wm.mgz --threads 16 --invol brain.finalsurfs.mgz --lh --i ../surf/lh.orig --o ../surf/lh.white.preaparc --white --seg aseg.presurf.mgz --nsmooth 5 

Reading in input surface ../surf/lh.orig
Smoothing surface before ripping with 5 iterations
Area    341612  0.26744  0.06183 0.000793   0.6137
Corner 1024836 60.00000  9.36505 3.910505 166.0090
Edge    512418  0.78966  0.11247 0.045491   1.2985
Hinge   512418  6.33453  6.39389 0.000040 149.9973
Not reading in aparc
Reading in input volume brain.finalsurfs.mgz
Reading in wm volume wm.mgz
MRIclipBrightWM(): nthresh=23166, wmmin=5, clip=110 
MRIfindBrightNonWM(): 888 bright non-wm voxels segmented.
Masking bright non-wm for white surface
MRImask(): AllowDiffGeom = 1
MRImask(): AllowDiffGeom = 1
Reading in seg volume aseg.presurf.mgz
Ripping frozen voxels
INFO: rip surface needed but not specified, so using input surface
Freezing midline and others
Entering: MRISripMidline(): inhibiting deformation at non-cortical midline structures...
  which=1, fix_mtl=0, using annot = 0
#FML0# MRISripMidline(): nripped=0
removing 4 vertices from ripped group in thread:0
removing 3 vertices from ripped group in thread:0
removing 4 vertices from ripped group in thread:0
removing 3 vertices from ripped group in thread:0
removing 3 vertices from ripped group in thread:0
#FML# MRISripMidline(): nmarked=6366, nmarked2=30, nripped=6366
Ripping segs (eg, WMSA, BG, frozen)
Starting MRISripSegs() d = (-2 2 0.5) segnos: 247 
MRISripSegs(): -2 2 0.5 ripped 0
vertex 85404: xyz = (-60.6357,-23.445,20.1851) oxyz = (-60.6357,-23.445,20.1851) wxzy = (-60.6357,-23.445,20.1851) pxyz = (0,0,0) 
CBVO Creating mask 170808
n_averages 4
Iteration 0 =========================================
n_averages=4, current_sigma=2
Freezing midline and others
Ripping frozen voxels
INFO: rip surface needed but not specified, so using input surface
Freezing midline and others
Entering: MRISripMidline(): inhibiting deformation at non-cortical midline structures...
  which=1, fix_mtl=0, using annot = 0
#FML0# MRISripMidline(): nripped=6366
removing 4 vertices from ripped group in thread:0
removing 3 vertices from ripped group in thread:0
removing 4 vertices from ripped group in thread:0
removing 3 vertices from ripped group in thread:0
removing 3 vertices from ripped group in thread:0
#FML# MRISripMidline(): nmarked=6366, nmarked2=30, nripped=6366
Ripping segs (eg, WMSA, BG, frozen)
Starting MRISripSegs() d = (-2 2 0.5) segnos: 247 247 
MRISripSegs(): -2 2 0.5 ripped 0
Computing target border values 
Entering MRIScomputeBorderValues_new(): 
  inside_hi   = 120.0000000;
  border_hi   = 112.1698530;
  border_low  =  87.0000000;
  outside_low =  76.8759840;
  outside_hi  = 112.1698530;
  sigma = 2;
  max_thickness = 10;
  step_size=0.5;
  STEP_SIZE=0.1;
  which = 1
  thresh = 0
  flags = 0
  CBVfindFirstPeakD1=0
  CBVfindFirstPeakD2=0
  nvertices=170808
  Gdiag_no=-1
  vno start=0, stop=170808
Replacing 255s with 0s
#SI# sigma=2 had to be increased for 200 vertices, nripped=6366
mean border=94.0, 133 (133) missing vertices, mean dist 0.2 [0.7 (%38.1)->0.8 (%61.9))]
%61 local maxima, %35 large gradients and % 0 min vals, 0 gradients ignored
nFirstPeakD1 0
MRIScomputeBorderValues_new() finished in 0.0177 min


Finding expansion regions
mean absolute distance = 0.75 +- 0.96
5004 vertices more than 2 sigmas from mean.
Averaging target values for 5 iterations...
Positioning Surface: tspring = 0.3, nspring = 0.3, spring = 0, niters = 100 l_repulse = 5, l_surf_repulse = 0, checktol = 0
Positioning pial surface
Entering MRISpositionSurface()
  max_mm = 0.3
  MAX_REDUCTIONS = 2, REDUCTION_PCT = 0.5
  parms->check_tol = 0, niterations = 100
tol=1.0e-04, sigma=2.0, host=dna02, nav=4, nbrs=2, l_repulse=5.000, l_tspring=0.300, l_nspring=0.300, l_intensity=0.200, l_curv=1.000
mom=0.00, dt=0.50
complete_dist_mat 0
rms 0
smooth_averages 0
remove_neg 0
ico_order 0
which_surface 0
target_radius 0.000000
nfields 0
scale 0.000000
desired_rms_height 0.000000
momentum 0.000000
nbhd_size 0
max_nbrs 0
niterations 100
nsurfaces 0
SURFACES 3
flags 0 (0)
use curv 0
no sulc 0
no rigid align 0
mris->nsize 2
mris->hemisphere 0
randomSeed 0

000: dt: 0.0000, sse=1565006.9, rms=6.471
001: dt: 0.5000, sse=854987.5, rms=4.515 (30.234%)
002: dt: 0.5000, sse=532879.6, rms=3.255 (27.903%)
003: dt: 0.5000, sse=384461.4, rms=2.460 (24.436%)
004: dt: 0.5000, sse=314338.5, rms=1.962 (20.211%)
005: dt: 0.5000, sse=280202.5, rms=1.661 (15.362%)
006: dt: 0.5000, sse=265164.5, rms=1.492 (10.180%)
007: dt: 0.5000, sse=256011.5, rms=1.387 (7.058%)
008: dt: 0.5000, sse=254461.5, rms=1.330 (4.111%)
rms = 1.2942/1.3296, sse=252126.2/254461.5, time step reduction 1 of 3 to 0.250  0 0 1
009: dt: 0.5000, sse=252126.2, rms=1.294 (2.658%)
010: dt: 0.2500, sse=231689.5, rms=1.041 (19.553%)
rms = 1.0000/1.0412, sse=230461.3/231689.5, time step reduction 2 of 3 to 0.125  0 0 1
011: dt: 0.2500, sse=230461.3, rms=1.000 (3.959%)
rms = 0.9866/1.0000, sse=228368.7/230461.3, time step reduction 3 of 3 to 0.062  0 0 1
012: dt: 0.1250, sse=228368.7, rms=0.987 (1.337%)
  maximum number of reductions reached, breaking from loop
positioning took 1.3 minutes
Iteration 1 =========================================
n_averages=2, current_sigma=1
Freezing midline and others
Ripping frozen voxels
INFO: rip surface needed but not specified, so using input surface
Freezing midline and others
Entering: MRISripMidline(): inhibiting deformation at non-cortical midline structures...
  which=1, fix_mtl=0, using annot = 0
#FML0# MRISripMidline(): nripped=6366
removing 4 vertices from ripped group in thread:0
removing 3 vertices from ripped group in thread:0
removing 3 vertices from ripped group in thread:0
removing 2 vertices from ripped group in thread:0
removing 2 vertices from ripped group in thread:0
removing 1 vertices from ripped group in thread:0
removing 3 vertices from ripped group in thread:0
removing 4 vertices from ripped group in thread:0
#FML# MRISripMidline(): nmarked=6825, nmarked2=169, nripped=6825
Ripping segs (eg, WMSA, BG, frozen)
Starting MRISripSegs() d = (-2 2 0.5) segnos: 247 247 247 
MRISripSegs(): -2 2 0.5 ripped 0
Computing target border values 
Entering MRIScomputeBorderValues_new(): 
  inside_hi   = 120.0000000;
  border_hi   = 112.1698530;
  border_low  =  87.0000000;
  outside_low =  76.8759840;
  outside_hi  = 112.1698530;
  sigma = 1;
  max_thickness = 10;
  step_size=0.5;
  STEP_SIZE=0.1;
  which = 1
  thresh = 0
  flags = 0
  CBVfindFirstPeakD1=0
  CBVfindFirstPeakD2=0
  nvertices=170808
  Gdiag_no=-1
  vno start=0, stop=170808
Replacing 255s with 0s
#SI# sigma=1 had to be increased for 90 vertices, nripped=6825
mean border=95.5, 127 (63) missing vertices, mean dist -0.2 [0.5 (%65.7)->0.2 (%34.3))]
%68 local maxima, %28 large gradients and % 0 min vals, 0 gradients ignored
nFirstPeakD1 0
MRIScomputeBorderValues_new() finished in 0.0124 min


Finding expansion regions
mean absolute distance = 0.41 +- 0.73
4073 vertices more than 2 sigmas from mean.
Averaging target values for 5 iterations...
Positioning Surface: tspring = 0.3, nspring = 0.3, spring = 0, niters = 100 l_repulse = 5, l_surf_repulse = 0, checktol = 0
Positioning pial surface
Entering MRISpositionSurface()
  max_mm = 0.3
  MAX_REDUCTIONS = 2, REDUCTION_PCT = 0.5
  parms->check_tol = 0, niterations = 100
tol=1.0e-04, sigma=1.0, host=dna02, nav=2, nbrs=2, l_repulse=5.000, l_tspring=0.300, l_nspring=0.300, l_intensity=0.200, l_curv=1.000
mom=0.00, dt=0.50
000: dt: 0.0000, sse=504499.0, rms=2.811
013: dt: 0.5000, sse=367069.5, rms=1.785 (36.483%)
014: dt: 0.5000, sse=308530.0, rms=1.360 (23.812%)
015: dt: 0.5000, sse=288300.9, rms=1.132 (16.750%)
016: dt: 0.5000, sse=280041.0, rms=0.991 (12.496%)
017: dt: 0.5000, sse=279078.8, rms=0.937 (5.433%)
rms = 0.9157/0.9370, sse=280913.1/279078.8, time step reduction 1 of 3 to 0.250  0 1 1
018: dt: 0.5000, sse=280913.1, rms=0.916 (2.273%)
019: dt: 0.2500, sse=267563.6, rms=0.767 (16.289%)
rms = 0.7544/0.7665, sse=265880.2/267563.6, time step reduction 2 of 3 to 0.125  0 0 1
020: dt: 0.2500, sse=265880.2, rms=0.754 (1.576%)
rms = 0.7494/0.7544, sse=268969.9/265880.2, time step reduction 3 of 3 to 0.062  0 1 1
021: dt: 0.1250, sse=268969.9, rms=0.749 (0.669%)
  maximum number of reductions reached, breaking from loop
positioning took 1.0 minutes
Iteration 2 =========================================
n_averages=1, current_sigma=0.5
Freezing midline and others
Ripping frozen voxels
INFO: rip surface needed but not specified, so using input surface
Freezing midline and others
Entering: MRISripMidline(): inhibiting deformation at non-cortical midline structures...
  which=1, fix_mtl=0, using annot = 0
#FML0# MRISripMidline(): nripped=6825
removing 4 vertices from ripped group in thread:0
removing 2 vertices from ripped group in thread:0
removing 2 vertices from ripped group in thread:0
removing 3 vertices from ripped group in thread:0
removing 1 vertices from ripped group in thread:0
removing 3 vertices from ripped group in thread:0
removing 2 vertices from ripped group in thread:0
#FML# MRISripMidline(): nmarked=6934, nmarked2=171, nripped=6934
Ripping segs (eg, WMSA, BG, frozen)
Starting MRISripSegs() d = (-2 2 0.5) segnos: 247 247 247 247 
MRISripSegs(): -2 2 0.5 ripped 0
Computing target border values 
Entering MRIScomputeBorderValues_new(): 
  inside_hi   = 120.0000000;
  border_hi   = 112.1698530;
  border_low  =  87.0000000;
  outside_low =  76.8759840;
  outside_hi  = 112.1698530;
  sigma = 0.5;
  max_thickness = 10;
  step_size=0.5;
  STEP_SIZE=0.1;
  which = 1
  thresh = 0
  flags = 0
  CBVfindFirstPeakD1=0
  CBVfindFirstPeakD2=0
  nvertices=170808
  Gdiag_no=-1
  vno start=0, stop=170808
Replacing 255s with 0s
#SI# sigma=0.5 had to be increased for 169 vertices, nripped=6934
mean border=97.2, 148 (60) missing vertices, mean dist -0.3 [0.4 (%72.6)->0.2 (%27.4))]
%81 local maxima, %15 large gradients and % 0 min vals, 0 gradients ignored
nFirstPeakD1 0
MRIScomputeBorderValues_new() finished in 0.0073 min


Finding expansion regions
mean absolute distance = 0.36 +- 0.52
6796 vertices more than 2 sigmas from mean.
Averaging target values for 5 iterations...
Positioning Surface: tspring = 0.3, nspring = 0.3, spring = 0, niters = 100 l_repulse = 5, l_surf_repulse = 0, checktol = 0
Positioning pial surface
Entering MRISpositionSurface()
  max_mm = 0.3
  MAX_REDUCTIONS = 2, REDUCTION_PCT = 0.5
  parms->check_tol = 0, niterations = 100
tol=1.0e-04, sigma=0.5, host=dna02, nav=1, nbrs=2, l_repulse=5.000, l_tspring=0.300, l_nspring=0.300, l_intensity=0.200, l_curv=1.000
mom=0.00, dt=0.50
000: dt: 0.0000, sse=451776.8, rms=2.519
022: dt: 0.5000, sse=325651.6, rms=1.414 (43.858%)
023: dt: 0.5000, sse=286090.5, rms=1.014 (28.280%)
024: dt: 0.5000, sse=278540.1, rms=0.879 (13.370%)
rms = 0.8244/0.8788, sse=283760.5/278540.1, time step reduction 1 of 3 to 0.250  0 1 0
025: dt: 0.5000, sse=283760.5, rms=0.824 (6.197%)
026: dt: 0.2500, sse=274020.0, rms=0.721 (12.506%)
rms = 0.7095/0.7213, sse=277733.7/274020.0, time step reduction 2 of 3 to 0.125  0 1 1
027: dt: 0.2500, sse=277733.7, rms=0.709 (1.633%)
rms = 0.7067/0.7095, sse=280500.3/277733.7, time step reduction 3 of 3 to 0.062  0 1 1
028: dt: 0.1250, sse=280500.3, rms=0.707 (0.386%)
  maximum number of reductions reached, breaking from loop
positioning took 0.7 minutes
Iteration 3 =========================================
n_averages=0, current_sigma=0.25
Freezing midline and others
Ripping frozen voxels
INFO: rip surface needed but not specified, so using input surface
Freezing midline and others
Entering: MRISripMidline(): inhibiting deformation at non-cortical midline structures...
  which=1, fix_mtl=0, using annot = 0
#FML0# MRISripMidline(): nripped=6934
removing 4 vertices from ripped group in thread:0
removing 2 vertices from ripped group in thread:0
removing 2 vertices from ripped group in thread:0
removing 2 vertices from ripped group in thread:0
removing 2 vertices from ripped group in thread:0
removing 3 vertices from ripped group in thread:0
removing 3 vertices from ripped group in thread:0
removing 3 vertices from ripped group in thread:0
removing 2 vertices from ripped group in thread:0
removing 2 vertices from ripped group in thread:0
#FML# MRISripMidline(): nmarked=6965, nmarked2=170, nripped=6965
Ripping segs (eg, WMSA, BG, frozen)
Starting MRISripSegs() d = (-2 2 0.5) segnos: 247 247 247 247 247 
MRISripSegs(): -2 2 0.5 ripped 0
Computing target border values 
Entering MRIScomputeBorderValues_new(): 
  inside_hi   = 120.0000000;
  border_hi   = 112.1698530;
  border_low  =  87.0000000;
  outside_low =  76.8759840;
  outside_hi  = 112.1698530;
  sigma = 0.25;
  max_thickness = 10;
  step_size=0.5;
  STEP_SIZE=0.1;
  which = 1
  thresh = 0
  flags = 0
  CBVfindFirstPeakD1=0
  CBVfindFirstPeakD2=0
  nvertices=170808
  Gdiag_no=-1
  vno start=0, stop=170808
Replacing 255s with 0s
#SI# sigma=0.25 had to be increased for 295 vertices, nripped=6965
mean border=97.9, 170 (60) missing vertices, mean dist -0.1 [0.3 (%60.6)->0.2 (%39.4))]
%86 local maxima, % 9 large gradients and % 0 min vals, 0 gradients ignored
nFirstPeakD1 0
MRIScomputeBorderValues_new() finished in 0.0045 min


Finding expansion regions
mean absolute distance = 0.25 +- 0.38
5550 vertices more than 2 sigmas from mean.
Averaging target values for 5 iterations...
Positioning Surface: tspring = 0.3, nspring = 0.3, spring = 0, niters = 100 l_repulse = 5, l_surf_repulse = 0, checktol = 0
Positioning pial surface
Entering MRISpositionSurface()
  max_mm = 0.3
  MAX_REDUCTIONS = 2, REDUCTION_PCT = 0.5
  parms->check_tol = 0, niterations = 100
tol=1.0e-04, sigma=0.2, host=dna02, nav=0, nbrs=2, l_repulse=5.000, l_tspring=0.300, l_nspring=0.300, l_intensity=0.200, l_curv=1.000
mom=0.00, dt=0.50
000: dt: 0.0000, sse=307178.1, rms=1.241
029: dt: 0.5000, sse=276087.9, rms=0.668 (46.168%)
rms = 0.6870/0.6679, sse=279360.9/276087.9, time step reduction 1 of 3 to 0.250  0 1 1
   RMS increased, rejecting step
030: dt: 0.2500, sse=274737.9, rms=0.614 (8.005%)
rms = 0.5946/0.6144, sse=272872.8/274737.9, time step reduction 2 of 3 to 0.125  0 0 1
031: dt: 0.2500, sse=272872.8, rms=0.595 (3.232%)
rms = 0.5811/0.5946, sse=272686.8/272872.8, time step reduction 3 of 3 to 0.062  0 0 1
032: dt: 0.1250, sse=272686.8, rms=0.581 (2.266%)
  maximum number of reductions reached, breaking from loop
positioning took 0.5 minutes


Writing output to ../surf/lh.white.preaparc
#ET# mris_place_surface  3.72 minutes
#VMPC# mris_place_surfaces VmPeak  3404276
mris_place_surface done
#--------------------------------------------
#@# CortexLabel lh Tue Mar 10 00:03:30 CET 2026
cd /out/sourcedata/freesurfer/sub-v1s2x0051478_ses-1/mri
mri_label2label --label-cortex ../surf/lh.white.preaparc aseg.presurf.mgz 0 ../label/lh.cortex.label

 Generating cortex label... RemoveHipAmgy=0
 NucAccIsMedialWall=0
 mris->useRealRAS=0
12 non-cortical segments detected
only using segment with 8520 vertices
erasing segment 0 (vno[0] = 33768)
erasing segment 2 (vno[0] = 52972)
erasing segment 3 (vno[0] = 70124)
erasing segment 4 (vno[0] = 85004)
erasing segment 5 (vno[0] = 89040)
erasing segment 6 (vno[0] = 93135)
erasing segment 7 (vno[0] = 96909)
erasing segment 8 (vno[0] = 98807)
erasing segment 9 (vno[0] = 99186)
erasing segment 10 (vno[0] = 101673)
erasing segment 11 (vno[0] = 104585)
#--------------------------------------------
#@# CortexLabel+HipAmyg lh Tue Mar 10 00:03:49 CET 2026
cd /out/sourcedata/freesurfer/sub-v1s2x0051478_ses-1/mri
mri_label2label --label-cortex ../surf/lh.white.preaparc aseg.presurf.mgz 1 ../label/lh.cortex+hipamyg.label

 Generating cortex label... RemoveHipAmgy=1
 NucAccIsMedialWall=0
 mris->useRealRAS=0
16 non-cortical segments detected
only using segment with 5917 vertices
erasing segment 0 (vno[0] = 33768)
erasing segment 2 (vno[0] = 55332)
erasing segment 3 (vno[0] = 56596)
erasing segment 4 (vno[0] = 62383)
erasing segment 5 (vno[0] = 66991)
erasing segment 6 (vno[0] = 69475)
erasing segment 7 (vno[0] = 70124)
erasing segment 8 (vno[0] = 85004)
erasing segment 9 (vno[0] = 89040)
erasing segment 10 (vno[0] = 93135)
erasing segment 11 (vno[0] = 96909)
erasing segment 12 (vno[0] = 98807)
erasing segment 13 (vno[0] = 99186)
erasing segment 14 (vno[0] = 101673)
erasing segment 15 (vno[0] = 104585)
#--------------------------------------------
#@# Smooth2 lh Tue Mar 10 00:04:07 CET 2026
/out/sourcedata/freesurfer/sub-v1s2x0051478_ses-1/scripts

 mris_smooth -n 3 -nw -seed 1234 ../surf/lh.white.preaparc ../surf/lh.smoothwm 

smoothing for 3 iterations
setting seed for random number generator to 1234
smoothing surface tessellation for 3 iterations...
smoothing complete - recomputing first and second fundamental forms...
#--------------------------------------------
#@# Inflation2 lh Tue Mar 10 00:04:11 CET 2026
/out/sourcedata/freesurfer/sub-v1s2x0051478_ses-1/scripts

 mris_inflate ../surf/lh.smoothwm ../surf/lh.inflated 

Reading ../surf/lh.smoothwm
avg radius = 49.1 mm, total surface area = 99427 mm^2
step 000: RMS=0.160 (target=0.015)   step 005: RMS=0.111 (target=0.015)   step 010: RMS=0.082 (target=0.015)   step 015: RMS=0.068 (target=0.015)   step 020: RMS=0.057 (target=0.015)   step 025: RMS=0.047 (target=0.015)   step 030: RMS=0.039 (target=0.015)   step 035: RMS=0.033 (target=0.015)   step 040: RMS=0.028 (target=0.015)   step 045: RMS=0.025 (target=0.015)   step 050: RMS=0.022 (target=0.015)   step 055: RMS=0.020 (target=0.015)   step 060: RMS=0.019 (target=0.015)   writing inflated surface to ../surf/lh.inflated
writing sulcal depths to ../surf/lh.sulc

inflation complete.
inflation took 0.3 minutes
mris_inflate utimesec    81.479500
mris_inflate stimesec    2.632559
mris_inflate ru_maxrss   260512
mris_inflate ru_ixrss    0
mris_inflate ru_idrss    0
mris_inflate ru_isrss    0
mris_inflate ru_minflt   663446
mris_inflate ru_majflt   17
mris_inflate ru_nswap    0
mris_inflate ru_inblock  130
mris_inflate ru_oublock  13352
mris_inflate ru_msgsnd   0
mris_inflate ru_msgrcv   0
mris_inflate ru_nsignals 0
mris_inflate ru_nvcsw    14336
mris_inflate ru_nivcsw   461
#--------------------------------------------
#@# Curv .H and .K lh Tue Mar 10 00:04:30 CET 2026
/out/sourcedata/freesurfer/sub-v1s2x0051478_ses-1/surf

 mris_curvature -w -seed 1234 lh.white.preaparc 

setting seed for random number generator to 1234
total integrated curvature = 20.959*4pi (263.381) --> -20 handles
ICI = 159.0, FI = 1612.8, variation=25245.073
writing Gaussian curvature to ./lh.white.preaparc.K...done.
writing mean curvature to ./lh.white.preaparc.H...done.
rm -f lh.white.H
ln -s lh.white.preaparc.H lh.white.H
rm -f lh.white.K
ln -s lh.white.preaparc.K lh.white.K

 mris_curvature -seed 1234 -thresh .999 -n -a 5 -w -distances 10 10 lh.inflated 

setting seed for random number generator to 1234
normalizing curvature values.
averaging curvature patterns 5 times.
sampling 10 neighbors out to a distance of 10 mm
245 vertices thresholded to be in k1 ~ [-0.32 0.37], k2 ~ [-0.10 0.06]
total integrated curvature = 0.472*4pi (5.937) --> 1 handles
ICI = 1.8, FI = 12.5, variation=212.331
163 vertices thresholded to be in [-0.01 0.02]
writing Gaussian curvature to ./lh.inflated.K...thresholding curvature at 99.90% level
curvature mean = 0.000, std = 0.001
199 vertices thresholded to be in [-0.15 0.18]
done.
writing mean curvature to ./lh.inflated.H...curvature mean = -0.014, std = 0.025
done.
#--------------------------------------------
#@# Sphere lh Tue Mar 10 00:05:27 CET 2026
/out/sourcedata/freesurfer/sub-v1s2x0051478_ses-1/scripts

 mris_sphere -seed 1234 ../surf/lh.inflated ../surf/lh.sphere 

setting seed for random number genererator to 1234
version: 7.3.2
available threads: 16
reading original vertex positions...
projecting onto sphere...
surface projected - minimizing metric distortion...
scaling brain by 0.254...
MRISunfold() max_passes = 1 -------
tol=5.0e-01, sigma=0.0, host=dna02, nav=1024, nbrs=2, l_area=1.000, l_dist=1.000
using quadratic fit line minimization
complete_dist_mat 0
rms 0
smooth_averages 0
remove_neg 0
ico_order 0
which_surface 0
target_radius 0.000000
nfields 0
scale 1.000000
desired_rms_height -1.000000
momentum 0.900000
nbhd_size 7
max_nbrs 8
niterations 25
nsurfaces 0
SURFACES 3
flags 0 (0)
use curv 0
no sulc 0
no rigid align 0
mris->nsize 2
mris->hemisphere 0
randomSeed 1234

singular matrix in quadratic form
singular matrix in quadratic form
singular matrix in quadratic form
singular matrix in quadratic form
--------------------
  mrisRemoveNegativeArea()
pass 1: epoch 1 of 3 starting distance error %20.48
pass 1: epoch 2 of 3 starting distance error %20.47
unfolding complete - removing small folds...
starting distance error %20.36
removing remaining folds...
final distance error %20.39
MRISunfold() return, current seed 1234
-01: dt=0.0000,  15 negative triangles  VmPeak 1898388
177: dt=0.9900,  15 negative triangles
178: dt=0.9900,   3 negative triangles
179: dt=0.9900,   2 negative triangles
180: dt=0.9900,   1 negative triangles
181: dt=0.9900,   1 negative triangles
writing spherical brain to ../surf/lh.sphere
spherical transformation took 0.0758 hours
FSRUNTIME@ mris_sphere  0.0758 hours 16 threads
#VMPC# mris_sphere VmPeak  1898388
mris_sphere done
#--------------------------------------------
#@# Surf Reg lh Tue Mar 10 00:10:00 CET 2026
/out/sourcedata/freesurfer/sub-v1s2x0051478_ses-1/scripts

 mris_register -curv ../surf/lh.sphere /opt/freesurfer/average/lh.folding.atlas.acfb40.noaparc.i12.2016-08-02.tif ../surf/lh.sphere.reg 

using smoothwm curvature for final alignment

cwd /out/sourcedata/freesurfer/sub-v1s2x0051478_ses-1/scripts
cmdline mris_register -curv ../surf/lh.sphere /opt/freesurfer/average/lh.folding.atlas.acfb40.noaparc.i12.2016-08-02.tif ../surf/lh.sphere.reg 

0 inflated.H
1 sulc
2 smoothwm (computed)
7.3.2
  7.3.2
reading surface from ../surf/lh.sphere...
reading template parameterization from /opt/freesurfer/average/lh.folding.atlas.acfb40.noaparc.i12.2016-08-02.tif...
MRISregister() -------
max_passes = 4 
min_degrees = 0.500000 
max_degrees = 64.000000 
nangles = 8 
tol=5.0e-01, sigma=0.0, host=dna02, nav=1024, nbrs=1, l_extern=10000.000, l_parea=0.200, l_nlarea=1.000, l_corr=1.000, l_dist=5.000
using quadratic fit line minimization
complete_dist_mat 0
rms 0
smooth_averages 0
remove_neg 0
ico_order 0
which_surface 0
target_radius 0.000000
nfields 0
scale 0.000000
desired_rms_height -1.000000
momentum 0.950000
nbhd_size -10
max_nbrs 10
niterations 25
nsurfaces 0
SURFACES 3
flags 16 (10)
use curv 16
no sulc 0
no rigid align 0
mris->nsize 1
mris->hemisphere 0
randomSeed 0

tol=5.0e-01, sigma=0.0, host=dna02, nav=1024, nbrs=1, l_extern=10000.000, l_parea=0.200, l_nlarea=1.000, l_corr=1.000, l_dist=5.000
using quadratic fit line minimization
--------------------
1 Reading lh.sulc
tol=1.0e+00, sigma=0.5, host=dna02, nav=1024, nbrs=1, l_extern=10000.000, l_parea=0.200, l_nlarea=1.000, l_corr=0.050, l_spring=0.500, l_dist=5.000
using quadratic fit line minimization
curvature mean = 0.000, std = 5.662
curvature mean = 0.033, std = 0.811
curvature mean = 0.021, std = 0.842
Starting MRISrigidBodyAlignGlobal()
Starting new MRISrigidBodyAlignGlobal_findMinSSE()
  new MRISrigidBodyAlignGlobal_findMinSSE min @ (5.50, -13.00, 15.00) sse = 268340.6, elapsed since starting=0.1349 min
MRISrigidBodyAlignGlobal() done   0.14 min
curvature mean = 0.005, std = 0.820
curvature mean = 0.007, std = 0.939
curvature mean = 0.000, std = 0.827
curvature mean = 0.003, std = 0.976
curvature mean = -0.001, std = 0.828
curvature mean = 0.001, std = 0.990
2 Reading smoothwm
curvature mean = -0.024, std = 0.263
curvature mean = 0.039, std = 0.244
curvature mean = 0.060, std = 0.368
curvature mean = 0.036, std = 0.300
curvature mean = 0.029, std = 0.571
curvature mean = 0.035, std = 0.327
curvature mean = 0.015, std = 0.718
curvature mean = 0.035, std = 0.338
curvature mean = 0.005, std = 0.824
MRISregister() return, current seed 0
-01: dt=0.0000,  12 negative triangles  VmPeak 1960088
115: dt=0.9900,  12 negative triangles
expanding nbhd size to 1
116: dt=0.9900,  12 negative triangles
117: dt=0.9900,   7 negative triangles
118: dt=0.9900,   7 negative triangles
119: dt=0.9900,   7 negative triangles
120: dt=0.9900,   7 negative triangles
121: dt=0.9900,   7 negative triangles
122: dt=0.9900,   5 negative triangles
123: dt=0.9900,   5 negative triangles
124: dt=0.9900,   5 negative triangles
125: dt=0.9900,   5 negative triangles
126: dt=0.9900,   5 negative triangles
127: dt=0.9900,   5 negative triangles
128: dt=0.9900,   4 negative triangles
129: dt=0.9900,   4 negative triangles
130: dt=0.9900,   4 negative triangles
131: dt=0.9900,   3 negative triangles
132: dt=0.9900,   2 negative triangles
133: dt=0.9900,   3 negative triangles
134: dt=0.9900,   2 negative triangles
135: dt=0.9900,   2 negative triangles
136: dt=0.9900,   1 negative triangles
137: dt=0.9900,   1 negative triangles
138: dt=0.9900,   1 negative triangles
139: dt=0.9900,   1 negative triangles
writing registered surface to ../surf/lh.sphere.reg...
registration took 0.09 hours
#VMPC# mris_register VmPeak  1960088
FSRUNTIME@ mris_register  0.0863 hours 16 threads

 ln -sf lh.sphere.reg lh.fsaverage.sphere.reg 

#--------------------------------------------
#@# Jacobian white lh Tue Mar 10 00:15:10 CET 2026
/out/sourcedata/freesurfer/sub-v1s2x0051478_ses-1/scripts

 mris_jacobian ../surf/lh.white.preaparc ../surf/lh.sphere.reg ../surf/lh.jacobian_white 

reading surface from ../surf/lh.white.preaparc...
writing curvature file ../surf/lh.jacobian_white
#--------------------------------------------
#@# AvgCurv lh Tue Mar 10 00:15:12 CET 2026
/out/sourcedata/freesurfer/sub-v1s2x0051478_ses-1/scripts

 mrisp_paint -a 5 /opt/freesurfer/average/lh.folding.atlas.acfb40.noaparc.i12.2016-08-02.tif#6 ../surf/lh.sphere.reg ../surf/lh.avg_curv 

averaging curvature patterns 5 times...
reading surface from ../surf/lh.sphere.reg...
reading template parameterization from /opt/freesurfer/average/lh.folding.atlas.acfb40.noaparc.i12.2016-08-02.tif...
writing curvature file to ../surf/lh.avg_curv...
#-----------------------------------------
#@# Cortical Parc lh Tue Mar 10 00:15:13 CET 2026
/out/sourcedata/freesurfer/sub-v1s2x0051478_ses-1/scripts

 mris_ca_label -l ../label/lh.cortex.label -aseg ../mri/aseg.presurf.mgz -seed 1234 sub-v1s2x0051478_ses-1 lh ../surf/lh.sphere.reg /opt/freesurfer/average/lh.DKaparc.atlas.acfb40.noaparc.i12.2016-08-02.gcs ../label/lh.aparc.annot 

setting seed for random number generator to 1234
using ../mri/aseg.presurf.mgz aseg volume to correct midline
7.3.2
  7.3.2
reading atlas from /opt/freesurfer/average/lh.DKaparc.atlas.acfb40.noaparc.i12.2016-08-02.gcs...
reading color table from GCSA file....
average std = 0.8   using min determinant for regularization = 0.006
0 singular and 342 ill-conditioned covariance matrices regularized
input 0: MEAN CURVATURE, flags 0, avgs 5, name mean_curvature
labeling surface...
1409 labels changed using aseg
relabeling using gibbs priors...
000:   3837 changed, 170808 examined...
001:    914 changed, 15833 examined...
002:    237 changed, 5051 examined...
003:     90 changed, 1410 examined...
004:     27 changed, 559 examined...
005:     11 changed, 174 examined...
006:      4 changed, 58 examined...
007:      1 changed, 25 examined...
008:      0 changed, 7 examined...
238 labels changed using aseg
000: 144 total segments, 96 labels (407 vertices) changed
001: 52 total segments, 7 labels (15 vertices) changed
002: 44 total segments, 1 labels (2 vertices) changed
003: 43 total segments, 0 labels (0 vertices) changed
10 filter iterations complete (10 requested, 6 changed)
rationalizing unknown annotations with cortex label
relabeling unknown label...
relabeling corpuscallosum label...
1927 vertices marked for relabeling...
1927 labels changed in reclassification.
writing output to ../label/lh.aparc.annot...
classification took 0 minutes and 12 seconds.
#--------------------------------------------
#@# WhiteSurfs lh Tue Mar 10 00:15:25 CET 2026
cd /out/sourcedata/freesurfer/sub-v1s2x0051478_ses-1/mri
mris_place_surface --adgws-in ../surf/autodet.gw.stats.lh.dat --seg aseg.presurf.mgz --threads 16 --wm wm.mgz --invol brain.finalsurfs.mgz --lh --i ../surf/lh.white.preaparc --o ../surf/lh.white --white --nsmooth 0 --rip-label ../label/lh.cortex.label --rip-bg --rip-surf ../surf/lh.white.preaparc --aparc ../label/lh.aparc.annot
7.3.2
7.3.2

cd /out/sourcedata/freesurfer/sub-v1s2x0051478_ses-1/mri
setenv SUBJECTS_DIR /out/sourcedata/freesurfer
mris_place_surface --adgws-in ../surf/autodet.gw.stats.lh.dat --seg aseg.presurf.mgz --threads 16 --wm wm.mgz --invol brain.finalsurfs.mgz --lh --i ../surf/lh.white.preaparc --o ../surf/lh.white --white --nsmooth 0 --rip-label ../label/lh.cortex.label --rip-bg --rip-surf ../surf/lh.white.preaparc --aparc ../label/lh.aparc.annot 

Reading in input surface ../surf/lh.white.preaparc
Not smoothing input surface
Area    341612  0.31524  0.10784 0.000818   2.2643
Corner 1024836 60.00000 13.71071 0.294919 178.0327
Edge    512418  0.86257  0.18239 0.031058   3.6247
Hinge   512418  9.20514 10.33672 0.000051 179.9511
Reading in aparc ../label/lh.aparc.annot
Reading in input volume brain.finalsurfs.mgz
Reading in wm volume wm.mgz
MRIclipBrightWM(): nthresh=23166, wmmin=5, clip=110 
MRIfindBrightNonWM(): 888 bright non-wm voxels segmented.
Masking bright non-wm for white surface
MRImask(): AllowDiffGeom = 1
MRImask(): AllowDiffGeom = 1
Reading in seg volume aseg.presurf.mgz
Ripping frozen voxels
Ripping vertices not in label ../label/lh.cortex.label
MRISripNotLabel() ripped 8855/170808 vertices (161953 unripped)
Reading in ripping surface ../surf/lh.white.preaparc
Reading in aparc ../label/lh.aparc.annot for ripsurf
Ripping BG
MRISripBasalGanglia(): 1 -2 2 0.5 ripped 478
Ripping segs (eg, WMSA, BG, frozen)
Starting MRISripSegs() d = (-2 2 0.5) segnos: 247 
MRISripSegs(): -2 2 0.5 ripped 0
vertex 85404: xyz = (-62.0284,-22.6103,21.5581) oxyz = (-62.0284,-22.6103,21.5581) wxzy = (-62.0284,-22.6103,21.5581) pxyz = (0,0,0) 
CBVO Creating mask 170808
n_averages 4
Iteration 0 =========================================
n_averages=4, current_sigma=2
Computing target border values 
Entering MRIScomputeBorderValues_new(): 
  inside_hi   = 120.0000000;
  border_hi   = 112.1698530;
  border_low  =  87.0000000;
  outside_low =  76.8759840;
  outside_hi  = 112.1698530;
  sigma = 2;
  max_thickness = 10;
  step_size=0.5;
  STEP_SIZE=0.1;
  which = 1
  thresh = 0
  flags = 0
  CBVfindFirstPeakD1=0
  CBVfindFirstPeakD2=0
  nvertices=170808
  Gdiag_no=-1
  vno start=0, stop=170808
Replacing 255s with 0s
#SI# sigma=2 had to be increased for 144 vertices, nripped=9333
mean border=94.0, 142 (142) missing vertices, mean dist 0.4 [1.0 (%15.0)->0.7 (%85.0))]
%58 local maxima, %37 large gradients and % 0 min vals, 0 gradients ignored
nFirstPeakD1 0
MRIScomputeBorderValues_new() finished in 0.0172 min


Finding expansion regions
mean absolute distance = 0.73 +- 0.94
2951 vertices more than 2 sigmas from mean.
Averaging target values for 5 iterations...
Positioning Surface: tspring = 0.3, nspring = 0.3, spring = 0, niters = 100 l_repulse = 5, l_surf_repulse = 0, checktol = 0
Positioning pial surface
Entering MRISpositionSurface()
  max_mm = 0.3
  MAX_REDUCTIONS = 2, REDUCTION_PCT = 0.5
  parms->check_tol = 0, niterations = 100
tol=1.0e-04, sigma=2.0, host=dna02, nav=4, nbrs=2, l_repulse=5.000, l_tspring=0.300, l_nspring=0.300, l_intensity=0.200, l_curv=1.000
mom=0.00, dt=0.50
complete_dist_mat 0
rms 0
smooth_averages 0
remove_neg 0
ico_order 0
which_surface 0
target_radius 0.000000
nfields 0
scale 0.000000
desired_rms_height 0.000000
momentum 0.000000
nbhd_size 0
max_nbrs 0
niterations 100
nsurfaces 0
SURFACES 3
flags 0 (0)
use curv 0
no sulc 0
no rigid align 0
mris->nsize 2
mris->hemisphere 0
randomSeed 0

000: dt: 0.0000, sse=1082680.4, rms=5.073
001: dt: 0.5000, sse=553485.4, rms=3.069 (39.504%)
002: dt: 0.5000, sse=371507.9, rms=1.994 (35.036%)
003: dt: 0.5000, sse=306343.8, rms=1.510 (24.282%)
004: dt: 0.5000, sse=292944.9, rms=1.274 (15.606%)
005: dt: 0.5000, sse=279934.3, rms=1.146 (10.082%)
006: dt: 0.5000, sse=274731.0, rms=1.080 (5.715%)
rms = 1.0482/1.0802, sse=274621.7/274731.0, time step reduction 1 of 3 to 0.250  0 0 1
007: dt: 0.5000, sse=274621.7, rms=1.048 (2.960%)
008: dt: 0.2500, sse=268100.2, rms=0.926 (11.625%)
rms = 0.9090/0.9264, sse=269388.9/268100.2, time step reduction 2 of 3 to 0.125  0 1 1
009: dt: 0.2500, sse=269388.9, rms=0.909 (1.875%)
rms = 0.9030/0.9090, sse=261711.0/269388.9, time step reduction 3 of 3 to 0.062  0 0 1
010: dt: 0.1250, sse=261711.0, rms=0.903 (0.655%)
  maximum number of reductions reached, breaking from loop
positioning took 1.1 minutes
Iteration 1 =========================================
n_averages=2, current_sigma=1
Computing target border values 
Entering MRIScomputeBorderValues_new(): 
  inside_hi   = 120.0000000;
  border_hi   = 112.1698530;
  border_low  =  87.0000000;
  outside_low =  76.8759840;
  outside_hi  = 112.1698530;
  sigma = 1;
  max_thickness = 10;
  step_size=0.5;
  STEP_SIZE=0.1;
  which = 1
  thresh = 0
  flags = 0
  CBVfindFirstPeakD1=0
  CBVfindFirstPeakD2=0
  nvertices=170808
  Gdiag_no=-1
  vno start=0, stop=170808
Replacing 255s with 0s
#SI# sigma=1 had to be increased for 178 vertices, nripped=9333
mean border=95.4, 148 (80) missing vertices, mean dist -0.2 [0.5 (%63.5)->0.2 (%36.5))]
%66 local maxima, %28 large gradients and % 0 min vals, 0 gradients ignored
nFirstPeakD1 0
MRIScomputeBorderValues_new() finished in 0.0126 min


Finding expansion regions
mean absolute distance = 0.41 +- 0.75
3652 vertices more than 2 sigmas from mean.
Averaging target values for 5 iterations...
Positioning Surface: tspring = 0.3, nspring = 0.3, spring = 0, niters = 100 l_repulse = 5, l_surf_repulse = 0, checktol = 0
Positioning pial surface
Entering MRISpositionSurface()
  max_mm = 0.3
  MAX_REDUCTIONS = 2, REDUCTION_PCT = 0.5
  parms->check_tol = 0, niterations = 100
tol=1.0e-04, sigma=1.0, host=dna02, nav=2, nbrs=2, l_repulse=5.000, l_tspring=0.300, l_nspring=0.300, l_intensity=0.200, l_curv=1.000
mom=0.00, dt=0.50
000: dt: 0.0000, sse=484001.7, rms=2.670
011: dt: 0.5000, sse=350836.5, rms=1.714 (35.788%)
012: dt: 0.5000, sse=313102.9, rms=1.333 (22.218%)
013: dt: 0.5000, sse=311995.7, rms=1.140 (14.494%)
014: dt: 0.5000, sse=293180.0, rms=1.036 (9.170%)
rms = 1.0036/1.0355, sse=290828.5/293180.0, time step reduction 1 of 3 to 0.250  0 0 1
015: dt: 0.5000, sse=290828.5, rms=1.004 (3.079%)
016: dt: 0.2500, sse=282812.9, rms=0.886 (11.701%)
rms = 0.8689/0.8862, sse=282208.1/282812.9, time step reduction 2 of 3 to 0.125  0 0 1
017: dt: 0.2500, sse=282208.1, rms=0.869 (1.948%)
rms = 0.8614/0.8689, sse=282187.8/282208.1, time step reduction 3 of 3 to 0.062  0 0 1
018: dt: 0.1250, sse=282187.8, rms=0.861 (0.869%)
  maximum number of reductions reached, breaking from loop
positioning took 0.9 minutes
Iteration 2 =========================================
n_averages=1, current_sigma=0.5
Computing target border values 
Entering MRIScomputeBorderValues_new(): 
  inside_hi   = 120.0000000;
  border_hi   = 112.1698530;
  border_low  =  87.0000000;
  outside_low =  76.8759840;
  outside_hi  = 112.1698530;
  sigma = 0.5;
  max_thickness = 10;
  step_size=0.5;
  STEP_SIZE=0.1;
  which = 1
  thresh = 0
  flags = 0
  CBVfindFirstPeakD1=0
  CBVfindFirstPeakD2=0
  nvertices=170808
  Gdiag_no=-1
  vno start=0, stop=170808
Replacing 255s with 0s
#SI# sigma=0.5 had to be increased for 148 vertices, nripped=9333
mean border=97.2, 174 (63) missing vertices, mean dist -0.3 [0.4 (%72.8)->0.2 (%27.2))]
%80 local maxima, %14 large gradients and % 0 min vals, 0 gradients ignored
nFirstPeakD1 0
MRIScomputeBorderValues_new() finished in 0.0071 min


Finding expansion regions
mean absolute distance = 0.37 +- 0.54
6908 vertices more than 2 sigmas from mean.
Averaging target values for 5 iterations...
Positioning Surface: tspring = 0.3, nspring = 0.3, spring = 0, niters = 100 l_repulse = 5, l_surf_repulse = 0, checktol = 0
Positioning pial surface
Entering MRISpositionSurface()
  max_mm = 0.3
  MAX_REDUCTIONS = 2, REDUCTION_PCT = 0.5
  parms->check_tol = 0, niterations = 100
tol=1.0e-04, sigma=0.5, host=dna02, nav=1, nbrs=2, l_repulse=5.000, l_tspring=0.300, l_nspring=0.300, l_intensity=0.200, l_curv=1.000
mom=0.00, dt=0.50
000: dt: 0.0000, sse=463292.6, rms=2.565
019: dt: 0.5000, sse=317933.3, rms=1.467 (42.787%)
020: dt: 0.5000, sse=291721.8, rms=1.072 (26.969%)
021: dt: 0.5000, sse=287375.4, rms=0.933 (12.899%)
022: dt: 0.5000, sse=284903.7, rms=0.870 (6.805%)
rms = 0.8847/0.8698, sse=290721.0/284903.7, time step reduction 1 of 3 to 0.250  0 1 1
   RMS increased, rejecting step
023: dt: 0.2500, sse=280294.3, rms=0.803 (7.735%)
rms = 0.7749/0.8025, sse=283115.2/280294.3, time step reduction 2 of 3 to 0.125  0 1 1
024: dt: 0.2500, sse=283115.2, rms=0.775 (3.440%)
rms = 0.7663/0.7749, sse=282094.8/283115.2, time step reduction 3 of 3 to 0.062  0 0 1
025: dt: 0.1250, sse=282094.8, rms=0.766 (1.114%)
  maximum number of reductions reached, breaking from loop
positioning took 0.8 minutes
Iteration 3 =========================================
n_averages=0, current_sigma=0.25
Computing target border values 
Entering MRIScomputeBorderValues_new(): 
  inside_hi   = 120.0000000;
  border_hi   = 112.1698530;
  border_low  =  87.0000000;
  outside_low =  76.8759840;
  outside_hi  = 112.1698530;
  sigma = 0.25;
  max_thickness = 10;
  step_size=0.5;
  STEP_SIZE=0.1;
  which = 1
  thresh = 0
  flags = 0
  CBVfindFirstPeakD1=0
  CBVfindFirstPeakD2=0
  nvertices=170808
  Gdiag_no=-1
  vno start=0, stop=170808
Replacing 255s with 0s
#SI# sigma=0.25 had to be increased for 225 vertices, nripped=9333
mean border=97.9, 178 (43) missing vertices, mean dist -0.1 [0.3 (%60.8)->0.2 (%39.2))]
%85 local maxima, % 9 large gradients and % 0 min vals, 0 gradients ignored
nFirstPeakD1 0
MRIScomputeBorderValues_new() finished in 0.0046 min


Finding expansion regions
mean absolute distance = 0.26 +- 0.39
5595 vertices more than 2 sigmas from mean.
Averaging target values for 5 iterations...
Positioning Surface: tspring = 0.3, nspring = 0.3, spring = 0, niters = 100 l_repulse = 5, l_surf_repulse = 0, checktol = 0
Positioning pial surface
Entering MRISpositionSurface()
  max_mm = 0.3
  MAX_REDUCTIONS = 2, REDUCTION_PCT = 0.5
  parms->check_tol = 0, niterations = 100
tol=1.0e-04, sigma=0.2, host=dna02, nav=0, nbrs=2, l_repulse=5.000, l_tspring=0.300, l_nspring=0.300, l_intensity=0.200, l_curv=1.000
mom=0.00, dt=0.50
000: dt: 0.0000, sse=308469.7, rms=1.279
026: dt: 0.5000, sse=285173.1, rms=0.721 (43.667%)
rms = 0.7190/0.7205, sse=284144.4/285173.1, time step reduction 1 of 3 to 0.250  0 0 1
027: dt: 0.5000, sse=284144.4, rms=0.719 (0.220%)
028: dt: 0.2500, sse=279603.5, rms=0.621 (13.578%)
rms = 0.6172/0.6213, sse=273654.7/279603.5, time step reduction 2 of 3 to 0.125  0 0 1
029: dt: 0.2500, sse=273654.8, rms=0.617 (0.660%)
rms = 0.6055/0.6172, sse=271422.9/273654.7, time step reduction 3 of 3 to 0.062  0 0 1
030: dt: 0.1250, sse=271422.9, rms=0.606 (1.894%)
  maximum number of reductions reached, breaking from loop
positioning took 0.5 minutes


Writing output to ../surf/lh.white
#ET# mris_place_surface  3.46 minutes
#VMPC# mris_place_surfaces VmPeak  3386696
mris_place_surface done
#--------------------------------------------
#@# T1PialSurf lh Tue Mar 10 00:19:00 CET 2026
cd /out/sourcedata/freesurfer/sub-v1s2x0051478_ses-1/mri
mris_place_surface --adgws-in ../surf/autodet.gw.stats.lh.dat --seg aseg.presurf.mgz --threads 16 --wm wm.mgz --invol brain.finalsurfs.mgz --lh --i ../surf/lh.white --o ../surf/lh.pial.T1 --pial --nsmooth 0 --rip-label ../label/lh.cortex+hipamyg.label --pin-medial-wall ../label/lh.cortex.label --aparc ../label/lh.aparc.annot --repulse-surf ../surf/lh.white --white-surf ../surf/lh.white
7.3.2
7.3.2

cd /out/sourcedata/freesurfer/sub-v1s2x0051478_ses-1/mri
setenv SUBJECTS_DIR /out/sourcedata/freesurfer
mris_place_surface --adgws-in ../surf/autodet.gw.stats.lh.dat --seg aseg.presurf.mgz --threads 16 --wm wm.mgz --invol brain.finalsurfs.mgz --lh --i ../surf/lh.white --o ../surf/lh.pial.T1 --pial --nsmooth 0 --rip-label ../label/lh.cortex+hipamyg.label --pin-medial-wall ../label/lh.cortex.label --aparc ../label/lh.aparc.annot --repulse-surf ../surf/lh.white --white-surf ../surf/lh.white 

Reading in input surface ../surf/lh.white
Not smoothing input surface
Area    341612  0.31619  0.11954 0.000172   2.4073
Corner 1024836 60.00000 14.99707 0.282450 179.1069
Edge    512418  0.86529  0.19985 0.014960   3.7859
Hinge   512418  9.23708 10.43099 0.000029 179.9644
Reading white surface coordinates from ../surf/lh.white
Reading repulsion surface coordinates from ../surf/lh.white
Reading in aparc ../label/lh.aparc.annot
Reading in input volume brain.finalsurfs.mgz
Reading in wm volume wm.mgz
MRIclipBrightWM(): nthresh=23166, wmmin=5, clip=110 
MRIfindBrightNonWM(): 888 bright non-wm voxels segmented.
Masking bright non-wm for pial surface mid_gray = 79.229
MRImask(): AllowDiffGeom = 1
MRImask(): AllowDiffGeom = 1
MRImask(): AllowDiffGeom = 1
Reading in seg volume aseg.presurf.mgz
Ripping frozen voxels
Ripping vertices not in label ../label/lh.cortex+hipamyg.label
MRISripNotLabel() ripped 6358/170808 vertices (164450 unripped)
INFO: rip surface needed but not specified, so using input surface
Ripping segs (eg, WMSA, BG, frozen)
Starting MRISripSegs() d = (-2 2 0.5) segnos: 247 
MRISripSegs(): -2 2 0.5 ripped 0
vertex 85404: xyz = (-62.3862,-22.5354,21.7713) oxyz = (-62.3862,-22.5354,21.7713) wxzy = (-62.3862,-22.5354,21.7713) pxyz = (-62.3862,-22.5354,21.7713) 
CBVO Creating mask 170808
n_averages 16
Iteration 0 =========================================
n_averages=16, current_sigma=2
Computing target border values 
Entering MRIScomputeBorderValues_new(): 
  inside_hi   = 101.8301470;
  border_hi   =  76.8759840;
  border_low  =  56.6279530;
  outside_low =  10.0000000;
  outside_hi  =  71.8139800;
  sigma = 2;
  max_thickness = 10;
  step_size=0.5;
  STEP_SIZE=0.1;
  which = 2
  thresh = 0
  flags = 0
  CBVfindFirstPeakD1=0
  CBVfindFirstPeakD2=0
  nvertices=170808
  Gdiag_no=-1
  vno start=0, stop=170808
Replacing 255s with 0s
#SI# sigma=2 had to be increased for 215 vertices, nripped=6358
mean border=75.1, 158 (158) missing vertices, mean dist 1.5 [1.3 (%0.0)->2.9 (%100.0))]
%14 local maxima, %35 large gradients and %47 min vals, 0 gradients ignored
nFirstPeakD1 0
MRIScomputeBorderValues_new() finished in 0.0144 min


Averaging target values for 5 iterations...
Positioning Surface: tspring = 0.3, nspring = 0.3, spring = 0, niters = 100 l_repulse = 0, l_surf_repulse = 5, checktol = 0
Positioning pial surface
Entering MRISpositionSurface()
  max_mm = 0.3
  MAX_REDUCTIONS = 2, REDUCTION_PCT = 0.5
  parms->check_tol = 0, niterations = 100
tol=1.0e-04, sigma=2.0, host=dna02, nav=16, nbrs=2, l_surf_repulse=5.000, l_tspring=0.300, l_nspring=0.300, l_intensity=0.200, l_curv=1.000
mom=0.00, dt=0.50
complete_dist_mat 0
rms 0
smooth_averages 0
remove_neg 0
ico_order 0
which_surface 0
target_radius 0.000000
nfields 0
scale 0.000000
desired_rms_height 0.000000
momentum 0.000000
nbhd_size 0
max_nbrs 0
niterations 100
nsurfaces 0
SURFACES 3
flags 0 (0)
use curv 0
no sulc 0
no rigid align 0
mris->nsize 2
mris->hemisphere 0
randomSeed 0

000: dt: 0.0000, sse=18975582.0, rms=23.885
001: dt: 0.5000, sse=14989789.0, rms=21.194 (11.265%)
002: dt: 0.5000, sse=11895504.0, rms=18.842 (11.101%)
003: dt: 0.5000, sse=9629154.0, rms=16.911 (10.247%)
004: dt: 0.5000, sse=7977263.5, rms=15.350 (9.228%)
005: dt: 0.5000, sse=6641099.0, rms=13.960 (9.057%)
006: dt: 0.5000, sse=5333407.0, rms=12.450 (10.819%)
007: dt: 0.5000, sse=4074517.8, rms=10.798 (13.271%)
008: dt: 0.5000, sse=2989492.0, rms=9.136 (15.384%)
009: dt: 0.5000, sse=2135183.2, rms=7.576 (17.079%)
010: dt: 0.5000, sse=1540307.1, rms=6.263 (17.334%)
011: dt: 0.5000, sse=1180216.9, rms=5.311 (15.199%)
012: dt: 0.5000, sse=983598.4, rms=4.709 (11.341%)
013: dt: 0.5000, sse=887161.1, rms=4.381 (6.959%)
014: dt: 0.5000, sse=841122.0, rms=4.214 (3.821%)
015: dt: 0.5000, sse=815630.6, rms=4.116 (2.305%)
016: dt: 0.5000, sse=798308.9, rms=4.048 (1.671%)
017: dt: 0.5000, sse=785964.6, rms=3.997 (1.245%)
rms = 3.9587/3.9973, sse=776860.8/785964.5, time step reduction 1 of 3 to 0.250  0 0 1
018: dt: 0.5000, sse=776860.8, rms=3.959 (0.965%)
019: dt: 0.2500, sse=574408.4, rms=3.061 (22.679%)
020: dt: 0.2500, sse=543964.2, rms=2.902 (5.181%)
rms = 2.9181/2.9024, sse=547399.9/543964.2, time step reduction 2 of 3 to 0.125  0 1 1
   RMS increased, rejecting step
021: dt: 0.1250, sse=520584.3, rms=2.775 (4.377%)
022: dt: 0.1250, sse=489823.6, rms=2.597 (6.424%)
rms = 2.5539/2.5970, sse=482779.4/489823.6, time step reduction 3 of 3 to 0.062  0 0 1
023: dt: 0.1250, sse=482779.4, rms=2.554 (1.660%)
  maximum number of reductions reached, breaking from loop
positioning took 2.2 minutes
Iteration 1 =========================================
n_averages=8, current_sigma=1
Computing target border values 
Entering MRIScomputeBorderValues_new(): 
  inside_hi   = 101.8301470;
  border_hi   =  76.8759840;
  border_low  =  56.6279530;
  outside_low =  10.0000000;
  outside_hi  =  71.8139800;
  sigma = 1;
  max_thickness = 10;
  step_size=0.5;
  STEP_SIZE=0.1;
  which = 2
  thresh = 0
  flags = 0
  CBVfindFirstPeakD1=0
  CBVfindFirstPeakD2=0
  nvertices=170808
  Gdiag_no=-1
  vno start=0, stop=170808
Replacing 255s with 0s
#SI# sigma=1 had to be increased for 17548 vertices, nripped=6358
mean border=74.5, 2875 (43) missing vertices, mean dist 0.1 [0.1 (%48.3)->0.5 (%51.7))]
%24 local maxima, %27 large gradients and %43 min vals, 0 gradients ignored
nFirstPeakD1 0
MRIScomputeBorderValues_new() finished in 0.0041 min


Averaging target values for 5 iterations...
Positioning Surface: tspring = 0.3, nspring = 0.3, spring = 0, niters = 100 l_repulse = 0, l_surf_repulse = 5, checktol = 0
Positioning pial surface
Entering MRISpositionSurface()
  max_mm = 0.3
  MAX_REDUCTIONS = 2, REDUCTION_PCT = 0.5
  parms->check_tol = 0, niterations = 100
tol=1.0e-04, sigma=1.0, host=dna02, nav=8, nbrs=2, l_surf_repulse=5.000, l_tspring=0.300, l_nspring=0.300, l_intensity=0.200, l_curv=1.000
mom=0.00, dt=0.50
000: dt: 0.0000, sse=610731.6, rms=2.995
rms = 3.5573/2.9952, sse=731687.7/610731.6, time step reduction 1 of 3 to 0.250  0 1 1
   RMS increased, rejecting step
024: dt: 0.2500, sse=564462.2, rms=2.747 (8.276%)
025: dt: 0.2500, sse=549660.5, rms=2.662 (3.103%)
rms = 2.7865/2.6621, sse=571856.1/549660.5, time step reduction 2 of 3 to 0.125  0 1 1
   RMS increased, rejecting step
026: dt: 0.1250, sse=538886.1, rms=2.599 (2.379%)
027: dt: 0.1250, sse=527254.0, rms=2.528 (2.737%)
rms = 2.5003/2.5276, sse=522841.3/527254.0, time step reduction 3 of 3 to 0.062  0 0 1
028: dt: 0.1250, sse=522841.3, rms=2.500 (1.082%)
  maximum number of reductions reached, breaking from loop
positioning took 0.6 minutes
Iteration 2 =========================================
n_averages=4, current_sigma=0.5
Computing target border values 
Entering MRIScomputeBorderValues_new(): 
  inside_hi   = 101.8301470;
  border_hi   =  76.8759840;
  border_low  =  56.6279530;
  outside_low =  10.0000000;
  outside_hi  =  71.8139800;
  sigma = 0.5;
  max_thickness = 10;
  step_size=0.5;
  STEP_SIZE=0.1;
  which = 2
  thresh = 0
  flags = 0
  CBVfindFirstPeakD1=0
  CBVfindFirstPeakD2=0
  nvertices=170808
  Gdiag_no=-1
  vno start=0, stop=170808
Replacing 255s with 0s
#SI# sigma=0.5 had to be increased for 18893 vertices, nripped=6358
mean border=74.2, 3066 (29) missing vertices, mean dist 0.1 [0.1 (%46.3)->0.4 (%53.7))]
%34 local maxima, %17 large gradients and %43 min vals, 0 gradients ignored
nFirstPeakD1 0
MRIScomputeBorderValues_new() finished in 0.0026 min


Averaging target values for 5 iterations...
Positioning Surface: tspring = 0.3, nspring = 0.3, spring = 0, niters = 100 l_repulse = 0, l_surf_repulse = 5, checktol = 0
Positioning pial surface
Entering MRISpositionSurface()
  max_mm = 0.3
  MAX_REDUCTIONS = 2, REDUCTION_PCT = 0.5
  parms->check_tol = 0, niterations = 100
tol=1.0e-04, sigma=0.5, host=dna02, nav=4, nbrs=2, l_surf_repulse=5.000, l_tspring=0.300, l_nspring=0.300, l_intensity=0.200, l_curv=1.000
mom=0.00, dt=0.50
000: dt: 0.0000, sse=545911.9, rms=2.632
rms = 3.0957/2.6318, sse=632175.1/545911.9, time step reduction 1 of 3 to 0.250  0 1 1
   RMS increased, rejecting step
029: dt: 0.2500, sse=523417.3, rms=2.497 (5.105%)
rms = 2.4928/2.4975, sse=522365.0/523417.3, time step reduction 2 of 3 to 0.125  0 0 1
030: dt: 0.2500, sse=522365.0, rms=2.493 (0.187%)
rms = 2.4463/2.4928, sse=515106.5/522365.0, time step reduction 3 of 3 to 0.062  0 0 1
031: dt: 0.1250, sse=515106.5, rms=2.446 (1.867%)
  maximum number of reductions reached, breaking from loop
positioning took 0.3 minutes
Iteration 3 =========================================
n_averages=2, current_sigma=0.25
Computing target border values 
Entering MRIScomputeBorderValues_new(): 
  inside_hi   = 101.8301470;
  border_hi   =  76.8759840;
  border_low  =  56.6279530;
  outside_low =  10.0000000;
  outside_hi  =  71.8139800;
  sigma = 0.25;
  max_thickness = 10;
  step_size=0.5;
  STEP_SIZE=0.1;
  which = 2
  thresh = 0
  flags = 0
  CBVfindFirstPeakD1=0
  CBVfindFirstPeakD2=0
  nvertices=170808
  Gdiag_no=-1
  vno start=0, stop=170808
Replacing 255s with 0s
#SI# sigma=0.25 had to be increased for 15591 vertices, nripped=6358
mean border=73.9, 7537 (24) missing vertices, mean dist 0.1 [0.1 (%47.5)->0.3 (%52.5))]
%37 local maxima, %14 large gradients and %41 min vals, 0 gradients ignored
nFirstPeakD1 0
MRIScomputeBorderValues_new() finished in 0.0022 min


Averaging target values for 5 iterations...
Positioning Surface: tspring = 0.3, nspring = 0.3, spring = 0, niters = 100 l_repulse = 0, l_surf_repulse = 5, checktol = 0
Positioning pial surface
Entering MRISpositionSurface()
  max_mm = 0.3
  MAX_REDUCTIONS = 2, REDUCTION_PCT = 0.5
  parms->check_tol = 0, niterations = 100
tol=1.0e-04, sigma=0.2, host=dna02, nav=2, nbrs=2, l_surf_repulse=5.000, l_tspring=0.300, l_nspring=0.300, l_intensity=0.200, l_curv=1.000
mom=0.00, dt=0.50
000: dt: 0.0000, sse=529801.9, rms=2.533
rms = 3.0728/2.5332, sse=627084.1/529801.9, time step reduction 1 of 3 to 0.250  0 1 1
   RMS increased, rejecting step
032: dt: 0.2500, sse=513553.8, rms=2.434 (3.933%)
rms = 2.4226/2.4336, sse=511028.9/513553.8, time step reduction 2 of 3 to 0.125  0 0 1
033: dt: 0.2500, sse=511028.9, rms=2.423 (0.453%)
034: dt: 0.1250, sse=498848.6, rms=2.343 (3.272%)
rms = 2.3081/2.3433, sse=493293.0/498848.6, time step reduction 3 of 3 to 0.062  0 0 1
035: dt: 0.1250, sse=493293.0, rms=2.308 (1.501%)
  maximum number of reductions reached, breaking from loop
positioning took 0.4 minutes
Pinning medial wall to white surface
removing intersecting faces
000: 35 intersecting
001: 4 intersecting
terminating search with 0 intersecting


Writing output to ../surf/lh.pial.T1
#ET# mris_place_surface  3.75 minutes
#VMPC# mris_place_surfaces VmPeak  2533596
mris_place_surface done
#@# white curv lh Tue Mar 10 00:22:52 CET 2026
cd /out/sourcedata/freesurfer/sub-v1s2x0051478_ses-1/mri
mris_place_surface --curv-map ../surf/lh.white 2 10 ../surf/lh.curv
insurf  ../surf/lh.white, nbrs 2, curvature_avgs 10
writing curvature file ../surf/lh.curv
#@# white area lh Tue Mar 10 00:22:54 CET 2026
cd /out/sourcedata/freesurfer/sub-v1s2x0051478_ses-1/mri
mris_place_surface --area-map ../surf/lh.white ../surf/lh.area
writing curvature file ../surf/lh.area
#@# pial curv lh Tue Mar 10 00:22:55 CET 2026
cd /out/sourcedata/freesurfer/sub-v1s2x0051478_ses-1/mri
mris_place_surface --curv-map ../surf/lh.pial 2 10 ../surf/lh.curv.pial
insurf  ../surf/lh.pial, nbrs 2, curvature_avgs 10
writing curvature file ../surf/lh.curv.pial
#@# pial area lh Tue Mar 10 00:22:57 CET 2026
cd /out/sourcedata/freesurfer/sub-v1s2x0051478_ses-1/mri
mris_place_surface --area-map ../surf/lh.pial ../surf/lh.area.pial
writing curvature file ../surf/lh.area.pial
#@# thickness lh Tue Mar 10 00:22:58 CET 2026
cd /out/sourcedata/freesurfer/sub-v1s2x0051478_ses-1/mri
mris_place_surface --thickness ../surf/lh.white ../surf/lh.pial 20 5 ../surf/lh.thickness
0 of 170808 vertices processed
25000 of 170808 vertices processed
50000 of 170808 vertices processed
75000 of 170808 vertices processed
100000 of 170808 vertices processed
125000 of 170808 vertices processed
150000 of 170808 vertices processed
0 of 170808 vertices processed
25000 of 170808 vertices processed
50000 of 170808 vertices processed
75000 of 170808 vertices processed
100000 of 170808 vertices processed
125000 of 170808 vertices processed
150000 of 170808 vertices processed
thickness calculation complete, 127:889 truncations.
88784 vertices at 0 distance
145648 vertices at 1 distance
69083 vertices at 2 distance
24599 vertices at 3 distance
8876 vertices at 4 distance
2927 vertices at 5 distance
964 vertices at 6 distance
330 vertices at 7 distance
135 vertices at 8 distance
76 vertices at 9 distance
44 vertices at 10 distance
29 vertices at 11 distance
24 vertices at 12 distance
20 vertices at 13 distance
18 vertices at 14 distance
14 vertices at 15 distance
8 vertices at 16 distance
9 vertices at 17 distance
6 vertices at 18 distance
11 vertices at 19 distance
11 vertices at 20 distance
writing curvature file ../surf/lh.thickness
#@# area and vertex vol lh Tue Mar 10 00:23:34 CET 2026
cd /out/sourcedata/freesurfer/sub-v1s2x0051478_ses-1/mri
mris_place_surface --thickness ../surf/lh.white ../surf/lh.pial 20 5 ../surf/lh.thickness
/out/sourcedata/freesurfer/sub-v1s2x0051478_ses-1/surf
mris_calc -o lh.area.mid lh.area add lh.area.pial
Saving result to 'lh.area.mid' (type = MRI_CURV_FILE)                       [ ok ]
mris_calc -o lh.area.mid lh.area.mid div 2
Saving result to 'lh.area.mid' (type = MRI_CURV_FILE)                       [ ok ]
mris_convert --volume sub-v1s2x0051478_ses-1 lh /out/sourcedata/freesurfer/sub-v1s2x0051478_ses-1/surf/lh.volume
masking with /out/sourcedata/freesurfer/sub-v1s2x0051478_ses-1/label/lh.cortex.label
Total face volume 276724
Total vertex volume 276491 (mask=0)
#@# sub-v1s2x0051478_ses-1 lh 276491
 
vertexvol Done

#-----------------------------------------
#@# Curvature Stats lh Tue Mar 10 00:23:35 CET 2026
/out/sourcedata/freesurfer/sub-v1s2x0051478_ses-1/surf

 mris_curvature_stats -m --writeCurvatureFiles -G -o ../stats/lh.curv.stats -F smoothwm sub-v1s2x0051478_ses-1 lh curv sulc 

             Toggling save flag on curvature files                       [ ok ]
                 Outputting results using filestem   [ ../stats/lh.curv.stats ]
             Toggling save flag on curvature files                       [ ok ]
                                   Setting surface [ sub-v1s2x0051478_ses-1/lh.smoothwm ]
                                Reading surface...                       [ ok ]
                                   Setting texture                     [ curv ]
                                Reading texture...                       [ ok ]
                                   Setting texture                     [ sulc ]
                                Reading texture...Gb_filter = 0
                       [ ok ]
      Calculating Discrete Principal Curvatures...
      Determining geometric order for vno faces... [####################] [ ok ]
                      Determining KH curvatures... [####################] [ ok ]
                    Determining k1k2 curvatures... [####################] [ ok ]
                                   deltaViolations                      [ 292 ]
Gb_filter = 0

WARN:    S lookup   min:                          -0.053422
WARN:    S explicit min:                          0.000000	vertex = 119
#-----------------------------------------
#@# Cortical Parc 2 lh Tue Mar 10 00:23:38 CET 2026
/out/sourcedata/freesurfer/sub-v1s2x0051478_ses-1/scripts

 mris_ca_label -l ../label/lh.cortex.label -aseg ../mri/aseg.presurf.mgz -seed 1234 sub-v1s2x0051478_ses-1 lh ../surf/lh.sphere.reg /opt/freesurfer/average/lh.CDaparc.atlas.acfb40.noaparc.i12.2016-08-02.gcs ../label/lh.aparc.a2009s.annot 

setting seed for random number generator to 1234
using ../mri/aseg.presurf.mgz aseg volume to correct midline
7.3.2
  7.3.2
reading atlas from /opt/freesurfer/average/lh.CDaparc.atlas.acfb40.noaparc.i12.2016-08-02.gcs...
reading color table from GCSA file....
average std = 3.0   using min determinant for regularization = 0.088
0 singular and 0 ill-conditioned covariance matrices regularized
input 0: MEAN CURVATURE, flags 0, avgs 5, name mean_curvature
labeling surface...
62 labels changed using aseg
relabeling using gibbs priors...
000:  11243 changed, 170808 examined...
001:   2568 changed, 43418 examined...
002:    800 changed, 13621 examined...
003:    347 changed, 4545 examined...
004:    195 changed, 2049 examined...
005:     97 changed, 1088 examined...
006:     53 changed, 559 examined...
007:     31 changed, 306 examined...
008:      8 changed, 180 examined...
009:      4 changed, 48 examined...
010:      0 changed, 23 examined...
7 labels changed using aseg
000: 278 total segments, 190 labels (2620 vertices) changed
001: 96 total segments, 9 labels (23 vertices) changed
002: 87 total segments, 0 labels (0 vertices) changed
10 filter iterations complete (10 requested, 30 changed)
rationalizing unknown annotations with cortex label
relabeling Medial_wall label...
1308 vertices marked for relabeling...
1308 labels changed in reclassification.
writing output to ../label/lh.aparc.a2009s.annot...
classification took 0 minutes and 16 seconds.
#-----------------------------------------
#@# Cortical Parc 3 lh Tue Mar 10 00:23:54 CET 2026
/out/sourcedata/freesurfer/sub-v1s2x0051478_ses-1/scripts

 mris_ca_label -l ../label/lh.cortex.label -aseg ../mri/aseg.presurf.mgz -seed 1234 sub-v1s2x0051478_ses-1 lh ../surf/lh.sphere.reg /opt/freesurfer/average/lh.DKTaparc.atlas.acfb40.noaparc.i12.2016-08-02.gcs ../label/lh.aparc.DKTatlas.annot 

setting seed for random number generator to 1234
using ../mri/aseg.presurf.mgz aseg volume to correct midline
7.3.2
  7.3.2
reading atlas from /opt/freesurfer/average/lh.DKTaparc.atlas.acfb40.noaparc.i12.2016-08-02.gcs...
reading color table from GCSA file....
average std = 1.4   using min determinant for regularization = 0.020
0 singular and 383 ill-conditioned covariance matrices regularized
input 0: MEAN CURVATURE, flags 0, avgs 5, name mean_curvature
labeling surface...
1632 labels changed using aseg
relabeling using gibbs priors...
000:   2436 changed, 170808 examined...
001:    566 changed, 11068 examined...
002:    167 changed, 3196 examined...
003:     62 changed, 987 examined...
004:     31 changed, 380 examined...
005:     10 changed, 176 examined...
006:      4 changed, 64 examined...
007:      3 changed, 24 examined...
008:      2 changed, 16 examined...
009:      1 changed, 14 examined...
010:      0 changed, 7 examined...
197 labels changed using aseg
000: 57 total segments, 24 labels (348 vertices) changed
001: 35 total segments, 2 labels (2 vertices) changed
002: 33 total segments, 0 labels (0 vertices) changed
10 filter iterations complete (10 requested, 1 changed)
rationalizing unknown annotations with cortex label
relabeling unknown label...
relabeling corpuscallosum label...
835 vertices marked for relabeling...
835 labels changed in reclassification.
writing output to ../label/lh.aparc.DKTatlas.annot...
classification took 0 minutes and 12 seconds.
#-----------------------------------------
#@# WM/GM Contrast lh Tue Mar 10 00:24:06 CET 2026
/out/sourcedata/freesurfer/sub-v1s2x0051478_ses-1/scripts

 pctsurfcon --s sub-v1s2x0051478_ses-1 --lh-only 

Log file is /out/sourcedata/freesurfer/sub-v1s2x0051478_ses-1/scripts/pctsurfcon.log
Tue Mar 10 00:24:06 CET 2026
setenv SUBJECTS_DIR /out/sourcedata/freesurfer
cd /out/sourcedata/freesurfer/sub-v1s2x0051478_ses-1/scripts
/opt/freesurfer/bin/pctsurfcon
pctsurfcon 7.3.2
Linux dna029 5.14.0-427.37.1.el9_4.x86_64 #1 SMP PREEMPT_DYNAMIC Fri Sep 13 12:41:50 EDT 2024 x86_64 x86_64 x86_64 GNU/Linux
FREESURFER_HOME /opt/freesurfer
mri_vol2surf --mov /out/sourcedata/freesurfer/sub-v1s2x0051478_ses-1/mri/rawavg.mgz --hemi lh --noreshape --interp trilinear --projdist -1 --o /out/sourcedata/freesurfer/sub-v1s2x0051478_ses-1/surf/tmp.pctsurfcon.4097829/lh.wm.mgh --regheader sub-v1s2x0051478_ses-1 --cortex
srcvol = /out/sourcedata/freesurfer/sub-v1s2x0051478_ses-1/mri/rawavg.mgz
srcreg unspecified
srcregold = 0
srcwarp unspecified
surf = white
hemi = lh
ProjDist = -1
reshape = 0
interp = trilinear
float2int = round
GetProjMax = 0
INFO: float2int code = 0
Done loading volume
Computing registration from header.
  Using /out/sourcedata/freesurfer/sub-v1s2x0051478_ses-1/mri/orig.mgz as target reference.
-------- original matrix -----------
-1.00000   0.00000   0.00000   0.00001;
 0.00000   0.00000   1.00000   0.00000;
 0.00000  -1.00000   0.00000   0.00000;
 0.00000   0.00000   0.00000   1.00000;
-------- original matrix -----------
Loading label /out/sourcedata/freesurfer/sub-v1s2x0051478_ses-1/label/lh.cortex.label
Reading surface /out/sourcedata/freesurfer/sub-v1s2x0051478_ses-1/surf/lh.white
Done reading source surface
Mapping Source Volume onto Source Subject Surface
Projecting -1 -1 1
 1 -1 -1 -1
using old
Done mapping volume to surface
Number of source voxels hit = 95059
Masking with /out/sourcedata/freesurfer/sub-v1s2x0051478_ses-1/label/lh.cortex.label
Writing to /out/sourcedata/freesurfer/sub-v1s2x0051478_ses-1/surf/tmp.pctsurfcon.4097829/lh.wm.mgh
Dim: 170808 1 1
mri_vol2surf --mov /out/sourcedata/freesurfer/sub-v1s2x0051478_ses-1/mri/rawavg.mgz --hemi lh --noreshape --interp trilinear --o /out/sourcedata/freesurfer/sub-v1s2x0051478_ses-1/surf/tmp.pctsurfcon.4097829/lh.gm.mgh --projfrac 0.3 --regheader sub-v1s2x0051478_ses-1 --cortex
srcvol = /out/sourcedata/freesurfer/sub-v1s2x0051478_ses-1/mri/rawavg.mgz
srcreg unspecified
srcregold = 0
srcwarp unspecified
surf = white
hemi = lh
ProjFrac = 0.3
thickness = thickness
reshape = 0
interp = trilinear
float2int = round
GetProjMax = 0
INFO: float2int code = 0
Done loading volume
Computing registration from header.
  Using /out/sourcedata/freesurfer/sub-v1s2x0051478_ses-1/mri/orig.mgz as target reference.
-------- original matrix -----------
-1.00000   0.00000   0.00000   0.00001;
 0.00000   0.00000   1.00000   0.00000;
 0.00000  -1.00000   0.00000   0.00000;
 0.00000   0.00000   0.00000   1.00000;
-------- original matrix -----------
Loading label /out/sourcedata/freesurfer/sub-v1s2x0051478_ses-1/label/lh.cortex.label
Reading surface /out/sourcedata/freesurfer/sub-v1s2x0051478_ses-1/surf/lh.white
Done reading source surface
Reading thickness /out/sourcedata/freesurfer/sub-v1s2x0051478_ses-1/surf/lh.thickness
Done
Mapping Source Volume onto Source Subject Surface
Projecting 0.3 0.3 1
 1 0.3 0.3 0.3
using old
Done mapping volume to surface
Number of source voxels hit = 113501
Masking with /out/sourcedata/freesurfer/sub-v1s2x0051478_ses-1/label/lh.cortex.label
Writing to /out/sourcedata/freesurfer/sub-v1s2x0051478_ses-1/surf/tmp.pctsurfcon.4097829/lh.gm.mgh
Dim: 170808 1 1
mri_concat /out/sourcedata/freesurfer/sub-v1s2x0051478_ses-1/surf/tmp.pctsurfcon.4097829/lh.wm.mgh /out/sourcedata/freesurfer/sub-v1s2x0051478_ses-1/surf/tmp.pctsurfcon.4097829/lh.gm.mgh --paired-diff-norm --mul 100 --o /out/sourcedata/freesurfer/sub-v1s2x0051478_ses-1/surf/lh.w-g.pct.mgh
ninputs = 2
Checking inputs
nframestot = 2
Allocing output
Done allocing
Combining pairs
nframes = 1
Multiplying by 100.000000
Writing to /out/sourcedata/freesurfer/sub-v1s2x0051478_ses-1/surf/lh.w-g.pct.mgh
mri_segstats --in /out/sourcedata/freesurfer/sub-v1s2x0051478_ses-1/surf/lh.w-g.pct.mgh --annot sub-v1s2x0051478_ses-1 lh aparc --sum /out/sourcedata/freesurfer/sub-v1s2x0051478_ses-1/stats/lh.w-g.pct.stats --snr

7.3.2
cwd 
cmdline mri_segstats --in /out/sourcedata/freesurfer/sub-v1s2x0051478_ses-1/surf/lh.w-g.pct.mgh --annot sub-v1s2x0051478_ses-1 lh aparc --sum /out/sourcedata/freesurfer/sub-v1s2x0051478_ses-1/stats/lh.w-g.pct.stats --snr 
sysname  Linux
hostname dna029
machine  x86_64
user     oesteban
whitesurfname  white
UseRobust  0
Constructing seg from annotation

Reading annotation /out/sourcedata/freesurfer/sub-v1s2x0051478_ses-1/label/lh.aparc.annot
Seg base 1000
Loading /out/sourcedata/freesurfer/sub-v1s2x0051478_ses-1/surf/lh.w-g.pct.mgh
Vertex Area is 0.632367 mm^3
Generating list of segmentation ids
Found  36 segmentations
Computing statistics for each segmentation

Reporting on  35 segmentations
Using PrintSegStat
mri_segstats done
Cleaning up

Started at Mon Mar 9 23:54:59 CET 2026 
Ended   at Tue Mar 10 00:24:10 CET 2026
#@#%# recon-all-run-time-hours 0.486
recon-all -s sub-v1s2x0051478_ses-1 finished without error at Tue Mar 10 00:24:10 CET 2026



#New# invocation of recon-all 




Tue Mar 10 01:07:44 CET 2026
cd /out/sourcedata/freesurfer/sub-v1s2x0051478_ses-1
setenv SUBJECTS_DIR /out/sourcedata/freesurfer
/opt/freesurfer/bin/recon-all -autorecon-hemi lh -nohyporelabel -lh-only -openmp 16 -subjid sub-v1s2x0051478_ses-1 -sd /out/sourcedata/freesurfer -notessellate -nosmooth1 -noinflate1 -noqsphere -nofix -nowhite -nosmooth2 -noinflate2 -nocurvHK -nocurvstats -nosphere -nosurfreg -nojacobian_white -noavgcurv -nocortparc -nopial -nocortparc2 -nocortparc3 -nopctsurfcon

subjid sub-v1s2x0051478_ses-1
setenv SUBJECTS_DIR /out/sourcedata/freesurfer
FREESURFER_HOME /opt/freesurfer
Actual FREESURFER_HOME /opt/freesurfer
build-stamp.txt: freesurfer-linux-ubuntu22_x86_64-7.3.2-20220804-6354275
Linux dna029 5.14.0-427.37.1.el9_4.x86_64 #1 SMP PREEMPT_DYNAMIC Fri Sep 13 12:41:50 EDT 2024 x86_64 x86_64 x86_64 GNU/Linux
cputime      unlimited
filesize     unlimited
datasize     unlimited
stacksize    8192 kbytes
coredumpsize 0 kbytes
memoryuse    67108864 kbytes
vmemoryuse   unlimited
descriptors  1024 
memorylocked unlimited
maxproc      2061970 
maxlocks     unlimited
maxsignal    2061970 
maxmessage   819200 
maxnice      0 
maxrtprio    0 
maxrttime    unlimited

               total        used        free      shared  buff/cache   available
Mem:           503Gi        49Gi       417Gi       9.1Gi        36Gi       441Gi
Swap:             0B          0B          0B

########################################
program versions used
7.3.2 (freesurfer-linux-ubuntu22_x86_64-7.3.2-20220804-6354275)
7.3.2

ProgramName: lta_convert  ProgramArguments: lta_convert -all-info  ProgramVersion: 7.3.2  TimeStamp: 2026/03/10-00:07:44-GMT  BuildTime: Aug  4 2022 06:17:15  BuildStamp: freesurfer-linux-ubuntu22_x86_64-7.3.2-20220804-6354275  User: oesteban  Machine: dna029  Platform: Linux  PlatformVersion: 5.14.0-427.37.1.el9_4.x86_64  CompilerName: GCC  CompilerVersion: 8.4.0
ProgramName: mri_and  ProgramArguments: mri_and -all-info  ProgramVersion: 7.3.2  TimeStamp: 2026/03/10-00:07:44-GMT  BuildTime: Aug  4 2022 06:17:15  BuildStamp: freesurfer-linux-ubuntu22_x86_64-7.3.2-20220804-6354275  User: oesteban  Machine: dna029  Platform: Linux  PlatformVersion: 5.14.0-427.37.1.el9_4.x86_64  CompilerName: GCC  CompilerVersion: 8.4.0
ProgramName: mri_annotation2label  ProgramArguments: mri_annotation2label -all-info  ProgramVersion: 7.3.2  TimeStamp: 2026/03/10-00:07:44-GMT  BuildTime: Aug  4 2022 06:17:15  BuildStamp: freesurfer-linux-ubuntu22_x86_64-7.3.2-20220804-6354275  User: oesteban  Machine: dna029  Platform: Linux  PlatformVersion: 5.14.0-427.37.1.el9_4.x86_64  CompilerName: GCC  CompilerVersion: 8.4.0
ProgramName: mri_aparc2aseg  ProgramArguments: mri_aparc2aseg -all-info  ProgramVersion: 7.3.2  TimeStamp: 2026/03/10-00:07:44-GMT  BuildTime: Aug  4 2022 06:17:15  BuildStamp: freesurfer-linux-ubuntu22_x86_64-7.3.2-20220804-6354275  User: oesteban  Machine: dna029  Platform: Linux  PlatformVersion: 5.14.0-427.37.1.el9_4.x86_64  CompilerName: GCC  CompilerVersion: 8.4.0
ProgramName: mri_surf2volseg  ProgramArguments: mri_surf2volseg -all-info  ProgramVersion: 7.3.2  TimeStamp: 2026/03/10-00:07:44-GMT  BuildTime: Aug  4 2022 06:17:15  BuildStamp: freesurfer-linux-ubuntu22_x86_64-7.3.2-20220804-6354275  User: oesteban  Machine: dna029  Platform: Linux  PlatformVersion: 5.14.0-427.37.1.el9_4.x86_64  CompilerName: GCC  CompilerVersion: 8.4.0
ProgramName: mri_binarize  ProgramArguments: mri_binarize -all-info  ProgramVersion: 7.3.2  TimeStamp: 2026/03/10-00:07:44-GMT  BuildTime: Aug  4 2022 06:17:15  BuildStamp: freesurfer-linux-ubuntu22_x86_64-7.3.2-20220804-6354275  User: oesteban  Machine: dna029  Platform: Linux  PlatformVersion: 5.14.0-427.37.1.el9_4.x86_64  CompilerName: GCC  CompilerVersion: 8.4.0
ProgramName: mri_ca_label  ProgramArguments: mri_ca_label -all-info  ProgramVersion: 7.3.2  TimeStamp: 2026/03/10-00:07:44-GMT  BuildTime: Aug  4 2022 06:17:15  BuildStamp: freesurfer-linux-ubuntu22_x86_64-7.3.2-20220804-6354275  User: oesteban  Machine: dna029  Platform: Linux  PlatformVersion: 5.14.0-427.37.1.el9_4.x86_64  CompilerName: GCC  CompilerVersion: 8.4.0
ProgramName: mri_ca_normalize  ProgramArguments: mri_ca_normalize -all-info  ProgramVersion: 7.3.2  TimeStamp: 2026/03/10-00:07:44-GMT  BuildTime: Aug  4 2022 06:17:15  BuildStamp: freesurfer-linux-ubuntu22_x86_64-7.3.2-20220804-6354275  User: oesteban  Machine: dna029  Platform: Linux  PlatformVersion: 5.14.0-427.37.1.el9_4.x86_64  CompilerName: GCC  CompilerVersion: 8.4.0
ProgramName: mri_ca_register  ProgramArguments: mri_ca_register -all-info  ProgramVersion: 7.3.2  TimeStamp: 2026/03/10-00:07:44-GMT  BuildTime: Aug  4 2022 06:17:15  BuildStamp: freesurfer-linux-ubuntu22_x86_64-7.3.2-20220804-6354275  User: oesteban  Machine: dna029  Platform: Linux  PlatformVersion: 5.14.0-427.37.1.el9_4.x86_64  CompilerName: GCC  CompilerVersion: 8.4.0
ProgramName: mri_cc  ProgramArguments: mri_cc -all-info  ProgramVersion: 7.3.2  TimeStamp: 2026/03/10-00:07:44-GMT  BuildTime: Aug  4 2022 06:17:15  BuildStamp: freesurfer-linux-ubuntu22_x86_64-7.3.2-20220804-6354275  User: oesteban  Machine: dna029  Platform: Linux  PlatformVersion: 5.14.0-427.37.1.el9_4.x86_64  CompilerName: GCC  CompilerVersion: 8.4.0
ProgramName: mri_compute_overlap  ProgramArguments: mri_compute_overlap -all-info  ProgramVersion: 7.3.2  TimeStamp: 2026/03/10-00:07:44-GMT  BuildTime: Aug  4 2022 06:17:15  BuildStamp: freesurfer-linux-ubuntu22_x86_64-7.3.2-20220804-6354275  User: oesteban  Machine: dna029  Platform: Linux  PlatformVersion: 5.14.0-427.37.1.el9_4.x86_64  CompilerName: GCC  CompilerVersion: 8.4.0
ProgramName: mri_compute_seg_overlap  ProgramArguments: mri_compute_seg_overlap -all-info  ProgramVersion: 7.3.2  TimeStamp: 2026/03/10-00:07:44-GMT  BuildTime: Aug  4 2022 06:17:15  BuildStamp: freesurfer-linux-ubuntu22_x86_64-7.3.2-20220804-6354275  User: oesteban  Machine: dna029  Platform: Linux  PlatformVersion: 5.14.0-427.37.1.el9_4.x86_64  CompilerName: GCC  CompilerVersion: 8.4.0
ProgramName: mri_concat  ProgramArguments: mri_concat -all-info  ProgramVersion: 7.3.2  TimeStamp: 2026/03/10-00:07:44-GMT  BuildTime: Aug  4 2022 06:17:15  BuildStamp: freesurfer-linux-ubuntu22_x86_64-7.3.2-20220804-6354275  User: oesteban  Machine: dna029  Platform: Linux  PlatformVersion: 5.14.0-427.37.1.el9_4.x86_64  CompilerName: GCC  CompilerVersion: 8.4.0
ProgramName: mri_concatenate_lta  ProgramArguments: mri_concatenate_lta -all-info  ProgramVersion: 7.3.2  TimeStamp: 2026/03/10-00:07:44-GMT  BuildTime: Aug  4 2022 06:17:15  BuildStamp: freesurfer-linux-ubuntu22_x86_64-7.3.2-20220804-6354275  User: oesteban  Machine: dna029  Platform: Linux  PlatformVersion: 5.14.0-427.37.1.el9_4.x86_64  CompilerName: GCC  CompilerVersion: 8.4.0
mri_convert -all-info 
ProgramName: mri_convert  ProgramArguments: mri_convert -all-info  ProgramVersion: 7.3.2  TimeStamp: 2026/03/10-00:07:44-GMT  BuildTime: Aug  4 2022 06:17:15  BuildStamp: freesurfer-linux-ubuntu22_x86_64-7.3.2-20220804-6354275  User: oesteban  Machine: dna029  Platform: Linux  PlatformVersion: 5.14.0-427.37.1.el9_4.x86_64  CompilerName: GCC  CompilerVersion: 8.4.0
ProgramName: mri_diff  ProgramArguments: mri_diff -all-info  ProgramVersion: 7.3.2  TimeStamp: 2026/03/10-00:07:44-GMT  BuildTime: Aug  4 2022 06:17:15  BuildStamp: freesurfer-linux-ubuntu22_x86_64-7.3.2-20220804-6354275  User: oesteban  Machine: dna029  Platform: Linux  PlatformVersion: 5.14.0-427.37.1.el9_4.x86_64  CompilerName: GCC  CompilerVersion: 8.4.0
ProgramName: mri_edit_wm_with_aseg  ProgramArguments: mri_edit_wm_with_aseg -all-info  ProgramVersion: 7.3.2  TimeStamp: 2026/03/10-00:07:44-GMT  BuildTime: Aug  4 2022 06:17:15  BuildStamp: freesurfer-linux-ubuntu22_x86_64-7.3.2-20220804-6354275  User: oesteban  Machine: dna029  Platform: Linux  PlatformVersion: 5.14.0-427.37.1.el9_4.x86_64  CompilerName: GCC  CompilerVersion: 8.4.0
ProgramName: mri_em_register  ProgramArguments: mri_em_register -all-info  ProgramVersion: 7.3.2  TimeStamp: 2026/03/10-00:07:44-GMT  BuildTime: Aug  4 2022 06:17:15  BuildStamp: freesurfer-linux-ubuntu22_x86_64-7.3.2-20220804-6354275  User: oesteban  Machine: dna029  Platform: Linux  PlatformVersion: 5.14.0-427.37.1.el9_4.x86_64  CompilerName: GCC  CompilerVersion: 8.4.0
ProgramName: mri_fill  ProgramArguments: mri_fill -all-info  ProgramVersion: 7.3.2  TimeStamp: 2026/03/10-00:07:44-GMT  BuildTime: Aug  4 2022 06:17:15  BuildStamp: freesurfer-linux-ubuntu22_x86_64-7.3.2-20220804-6354275  User: oesteban  Machine: dna029  Platform: Linux  PlatformVersion: 5.14.0-427.37.1.el9_4.x86_64  CompilerName: GCC  CompilerVersion: 8.4.0
ProgramName: mri_fuse_segmentations  ProgramArguments: mri_fuse_segmentations -all-info  ProgramVersion: 7.3.2  TimeStamp: 2026/03/10-00:07:44-GMT  BuildTime: Aug  4 2022 06:17:15  BuildStamp: freesurfer-linux-ubuntu22_x86_64-7.3.2-20220804-6354275  User: oesteban  Machine: dna029  Platform: Linux  PlatformVersion: 5.14.0-427.37.1.el9_4.x86_64  CompilerName: GCC  CompilerVersion: 8.4.0
ProgramName: mri_fwhm  ProgramArguments: mri_fwhm -all-info  ProgramVersion: 7.3.2  TimeStamp: 2026/03/10-00:07:44-GMT  BuildTime: Aug  4 2022 06:17:15  BuildStamp: freesurfer-linux-ubuntu22_x86_64-7.3.2-20220804-6354275  User: oesteban  Machine: dna029  Platform: Linux  PlatformVersion: 5.14.0-427.37.1.el9_4.x86_64  CompilerName: GCC  CompilerVersion: 8.4.0
ProgramName: mri_gcut  ProgramArguments: mri_gcut -all-info  ProgramVersion: 7.3.2  TimeStamp: 2026/03/10-00:07:44-GMT  BuildTime: Aug  4 2022 06:17:15  BuildStamp: freesurfer-linux-ubuntu22_x86_64-7.3.2-20220804-6354275  User: oesteban  Machine: dna029  Platform: Linux  PlatformVersion: 5.14.0-427.37.1.el9_4.x86_64  CompilerName: GCC  CompilerVersion: 8.4.0
ProgramName: mri_info  ProgramArguments: mri_info -all-info  ProgramVersion: 7.3.2  TimeStamp: 2026/03/10-00:07:44-GMT  BuildTime: Aug  4 2022 06:17:15  BuildStamp: freesurfer-linux-ubuntu22_x86_64-7.3.2-20220804-6354275  User: oesteban  Machine: dna029  Platform: Linux  PlatformVersion: 5.14.0-427.37.1.el9_4.x86_64  CompilerName: GCC  CompilerVersion: 8.4.0
ProgramName: mri_label2label  ProgramArguments: mri_label2label -all-info  ProgramVersion: 7.3.2  TimeStamp: 2026/03/10-00:07:44-GMT  BuildTime: Aug  4 2022 06:17:15  BuildStamp: freesurfer-linux-ubuntu22_x86_64-7.3.2-20220804-6354275  User: oesteban  Machine: dna029  Platform: Linux  PlatformVersion: 5.14.0-427.37.1.el9_4.x86_64  CompilerName: GCC  CompilerVersion: 8.4.0
ProgramName: mri_label2vol  ProgramArguments: mri_label2vol -all-info  ProgramVersion: 7.3.2  TimeStamp: 2026/03/10-00:07:44-GMT  BuildTime: Aug  4 2022 06:17:15  BuildStamp: freesurfer-linux-ubuntu22_x86_64-7.3.2-20220804-6354275  User: oesteban  Machine: dna029  Platform: Linux  PlatformVersion: 5.14.0-427.37.1.el9_4.x86_64  CompilerName: GCC  CompilerVersion: 8.4.0
ProgramName: mri_log_likelihood  ProgramArguments: mri_log_likelihood -all-info  ProgramVersion: 7.3.2  TimeStamp: 2026/03/10-00:07:44-GMT  BuildTime: Aug  4 2022 06:17:15  BuildStamp: freesurfer-linux-ubuntu22_x86_64-7.3.2-20220804-6354275  User: oesteban  Machine: dna029  Platform: Linux  PlatformVersion: 5.14.0-427.37.1.el9_4.x86_64  CompilerName: GCC  CompilerVersion: 8.4.0
ProgramName: mri_mask  ProgramArguments: mri_mask -all-info  ProgramVersion: 7.3.2  TimeStamp: 2026/03/10-00:07:44-GMT  BuildTime: Aug  4 2022 06:17:15  BuildStamp: freesurfer-linux-ubuntu22_x86_64-7.3.2-20220804-6354275  User: oesteban  Machine: dna029  Platform: Linux  PlatformVersion: 5.14.0-427.37.1.el9_4.x86_64  CompilerName: GCC  CompilerVersion: 8.4.0
ProgramName: mri_matrix_multiply  ProgramArguments: mri_matrix_multiply -all-info  ProgramVersion: 7.3.2  TimeStamp: 2026/03/10-00:07:44-GMT  BuildTime: Aug  4 2022 06:17:15  BuildStamp: freesurfer-linux-ubuntu22_x86_64-7.3.2-20220804-6354275  User: oesteban  Machine: dna029  Platform: Linux  PlatformVersion: 5.14.0-427.37.1.el9_4.x86_64  CompilerName: GCC  CompilerVersion: 8.4.0
ProgramName: mri_normalize  ProgramArguments: mri_normalize -all-info  ProgramVersion: 7.3.2  TimeStamp: 2026/03/10-00:07:44-GMT  BuildTime: Aug  4 2022 06:17:15  BuildStamp: freesurfer-linux-ubuntu22_x86_64-7.3.2-20220804-6354275  User: oesteban  Machine: dna029  Platform: Linux  PlatformVersion: 5.14.0-427.37.1.el9_4.x86_64  CompilerName: GCC  CompilerVersion: 8.4.0
ProgramName: mri_normalize_tp2  ProgramArguments: mri_normalize_tp2 -all-info  ProgramVersion: 7.3.2  TimeStamp: 2026/03/10-00:07:44-GMT  BuildTime: Aug  4 2022 06:17:15  BuildStamp: freesurfer-linux-ubuntu22_x86_64-7.3.2-20220804-6354275  User: oesteban  Machine: dna029  Platform: Linux  PlatformVersion: 5.14.0-427.37.1.el9_4.x86_64  CompilerName: GCC  CompilerVersion: 8.4.0
ProgramName: mri_or  ProgramArguments: mri_or -all-info  ProgramVersion: 7.3.2  TimeStamp: 2026/03/10-00:07:44-GMT  BuildTime: Aug  4 2022 06:17:15  BuildStamp: freesurfer-linux-ubuntu22_x86_64-7.3.2-20220804-6354275  User: oesteban  Machine: dna029  Platform: Linux  PlatformVersion: 5.14.0-427.37.1.el9_4.x86_64  CompilerName: GCC  CompilerVersion: 8.4.0
ProgramName: mri_relabel_hypointensities  ProgramArguments: mri_relabel_hypointensities -all-info  ProgramVersion: 7.3.2  TimeStamp: 2026/03/10-00:07:44-GMT  BuildTime: Aug  4 2022 06:17:15  BuildStamp: freesurfer-linux-ubuntu22_x86_64-7.3.2-20220804-6354275  User: oesteban  Machine: dna029  Platform: Linux  PlatformVersion: 5.14.0-427.37.1.el9_4.x86_64  CompilerName: GCC  CompilerVersion: 8.4.0
ProgramName: mri_relabel_nonwm_hypos  ProgramArguments: mri_relabel_nonwm_hypos -all-info  ProgramVersion: 7.3.2  TimeStamp: 2026/03/10-00:07:44-GMT  BuildTime: Aug  4 2022 06:17:15  BuildStamp: freesurfer-linux-ubuntu22_x86_64-7.3.2-20220804-6354275  User: oesteban  Machine: dna029  Platform: Linux  PlatformVersion: 5.14.0-427.37.1.el9_4.x86_64  CompilerName: GCC  CompilerVersion: 8.4.0
ProgramName: mri_remove_neck  ProgramArguments: mri_remove_neck -all-info  ProgramVersion: 7.3.2  TimeStamp: 2026/03/10-00:07:44-GMT  BuildTime: Aug  4 2022 06:17:15  BuildStamp: freesurfer-linux-ubuntu22_x86_64-7.3.2-20220804-6354275  User: oesteban  Machine: dna029  Platform: Linux  PlatformVersion: 5.14.0-427.37.1.el9_4.x86_64  CompilerName: GCC  CompilerVersion: 8.4.0
7.3.2

ProgramName: mri_robust_register  ProgramArguments: mri_robust_register -all-info  ProgramVersion: 7.3.2  TimeStamp: 2026/03/10-00:07:44-GMT  BuildTime: Aug  4 2022 06:17:15  BuildStamp: freesurfer-linux-ubuntu22_x86_64-7.3.2-20220804-6354275  User: oesteban  Machine: dna029  Platform: Linux  PlatformVersion: 5.14.0-427.37.1.el9_4.x86_64  CompilerName: GCC  CompilerVersion: 8.4.0
7.3.2

ProgramName: mri_robust_template  ProgramArguments: mri_robust_template -all-info  ProgramVersion: 7.3.2  TimeStamp: 2026/03/10-00:07:44-GMT  BuildTime: Aug  4 2022 06:17:15  BuildStamp: freesurfer-linux-ubuntu22_x86_64-7.3.2-20220804-6354275  User: oesteban  Machine: dna029  Platform: Linux  PlatformVersion: 5.14.0-427.37.1.el9_4.x86_64  CompilerName: GCC  CompilerVersion: 8.4.0
ProgramName: mris_anatomical_stats  ProgramArguments: mris_anatomical_stats -all-info  ProgramVersion: 7.3.2  TimeStamp: 2026/03/10-00:07:44-GMT  BuildTime: Aug  4 2022 06:17:15  BuildStamp: freesurfer-linux-ubuntu22_x86_64-7.3.2-20220804-6354275  User: oesteban  Machine: dna029  Platform: Linux  PlatformVersion: 5.14.0-427.37.1.el9_4.x86_64  CompilerName: GCC  CompilerVersion: 8.4.0
ProgramName: mris_ca_label  ProgramArguments: mris_ca_label -all-info  ProgramVersion: 7.3.2  TimeStamp: 2026/03/10-00:07:44-GMT  BuildTime: Aug  4 2022 06:17:15  BuildStamp: freesurfer-linux-ubuntu22_x86_64-7.3.2-20220804-6354275  User: oesteban  Machine: dna029  Platform: Linux  PlatformVersion: 5.14.0-427.37.1.el9_4.x86_64  CompilerName: GCC  CompilerVersion: 8.4.0
ProgramName: mris_calc  ProgramArguments: mris_calc -all-info  ProgramVersion: 7.3.2  TimeStamp: 2026/03/10-00:07:44-GMT  BuildTime: Aug  4 2022 06:17:15  BuildStamp: freesurfer-linux-ubuntu22_x86_64-7.3.2-20220804-6354275  User: oesteban  Machine: dna029  Platform: Linux  PlatformVersion: 5.14.0-427.37.1.el9_4.x86_64  CompilerName: GCC  CompilerVersion: 8.4.0
ProgramName: mris_convert  ProgramArguments: mris_convert -all-info  ProgramVersion: 7.3.2  TimeStamp: 2026/03/10-00:07:44-GMT  BuildTime: Aug  4 2022 06:17:15  BuildStamp: freesurfer-linux-ubuntu22_x86_64-7.3.2-20220804-6354275  User: oesteban  Machine: dna029  Platform: Linux  PlatformVersion: 5.14.0-427.37.1.el9_4.x86_64  CompilerName: GCC  CompilerVersion: 8.4.0
ProgramName: mris_curvature  ProgramArguments: mris_curvature -all-info  ProgramVersion: 7.3.2  TimeStamp: 2026/03/10-00:07:44-GMT  BuildTime: Aug  4 2022 06:17:15  BuildStamp: freesurfer-linux-ubuntu22_x86_64-7.3.2-20220804-6354275  User: oesteban  Machine: dna029  Platform: Linux  PlatformVersion: 5.14.0-427.37.1.el9_4.x86_64  CompilerName: GCC  CompilerVersion: 8.4.0
ProgramName: mris_curvature_stats  ProgramArguments: mris_curvature_stats -all-info  ProgramVersion: 7.3.2  TimeStamp: 2026/03/10-00:07:44-GMT  BuildTime: Aug  4 2022 06:17:15  BuildStamp: freesurfer-linux-ubuntu22_x86_64-7.3.2-20220804-6354275  User: oesteban  Machine: dna029  Platform: Linux  PlatformVersion: 5.14.0-427.37.1.el9_4.x86_64  CompilerName: GCC  CompilerVersion: 8.4.0
ProgramName: mris_diff  ProgramArguments: mris_diff -all-info  ProgramVersion: 7.3.2  TimeStamp: 2026/03/10-00:07:44-GMT  BuildTime: Aug  4 2022 06:17:15  BuildStamp: freesurfer-linux-ubuntu22_x86_64-7.3.2-20220804-6354275  User: oesteban  Machine: dna029  Platform: Linux  PlatformVersion: 5.14.0-427.37.1.el9_4.x86_64  CompilerName: GCC  CompilerVersion: 8.4.0
ProgramName: mris_divide_parcellation  ProgramArguments: mris_divide_parcellation -all-info  ProgramVersion: 7.3.2  TimeStamp: 2026/03/10-00:07:44-GMT  BuildTime: Aug  4 2022 06:17:15  BuildStamp: freesurfer-linux-ubuntu22_x86_64-7.3.2-20220804-6354275  User: oesteban  Machine: dna029  Platform: Linux  PlatformVersion: 5.14.0-427.37.1.el9_4.x86_64  CompilerName: GCC  CompilerVersion: 8.4.0
ProgramName: mri_segment  ProgramArguments: mri_segment -all-info  ProgramVersion: 7.3.2  TimeStamp: 2026/03/10-00:07:44-GMT  BuildTime: Aug  4 2022 06:17:15  BuildStamp: freesurfer-linux-ubuntu22_x86_64-7.3.2-20220804-6354275  User: oesteban  Machine: dna029  Platform: Linux  PlatformVersion: 5.14.0-427.37.1.el9_4.x86_64  CompilerName: GCC  CompilerVersion: 8.4.0
ProgramName: mri_segstats  ProgramArguments: mri_segstats -all-info  ProgramVersion: 7.3.2  TimeStamp: 2026/03/10-00:07:44-GMT  BuildTime: Aug  4 2022 06:17:15  BuildStamp: freesurfer-linux-ubuntu22_x86_64-7.3.2-20220804-6354275  User: oesteban  Machine: dna029  Platform: Linux  PlatformVersion: 5.14.0-427.37.1.el9_4.x86_64  CompilerName: GCC  CompilerVersion: 8.4.0
ProgramName: mris_euler_number  ProgramArguments: mris_euler_number -all-info  ProgramVersion: 7.3.2  TimeStamp: 2026/03/10-00:07:44-GMT  BuildTime: Aug  4 2022 06:17:15  BuildStamp: freesurfer-linux-ubuntu22_x86_64-7.3.2-20220804-6354275  User: oesteban  Machine: dna029  Platform: Linux  PlatformVersion: 5.14.0-427.37.1.el9_4.x86_64  CompilerName: GCC  CompilerVersion: 8.4.0
ProgramName: mris_fix_topology  ProgramArguments: mris_fix_topology -all-info  ProgramVersion: 7.3.2  TimeStamp: 2026/03/10-00:07:44-GMT  BuildTime: Aug  4 2022 06:17:15  BuildStamp: freesurfer-linux-ubuntu22_x86_64-7.3.2-20220804-6354275  User: oesteban  Machine: dna029  Platform: Linux  PlatformVersion: 5.14.0-427.37.1.el9_4.x86_64  CompilerName: GCC  CompilerVersion: 8.4.0
ProgramName: mris_topo_fixer  ProgramArguments: mris_topo_fixer -all-info  ProgramVersion: 7.3.2  TimeStamp: 2026/03/10-00:07:44-GMT  BuildTime: Aug  4 2022 06:17:15  BuildStamp: freesurfer-linux-ubuntu22_x86_64-7.3.2-20220804-6354275  User: oesteban  Machine: dna029  Platform: Linux  PlatformVersion: 5.14.0-427.37.1.el9_4.x86_64  CompilerName: GCC  CompilerVersion: 8.4.0
ProgramName: mris_jacobian  ProgramArguments: mris_jacobian -all-info  ProgramVersion: 7.3.2  TimeStamp: 2026/03/10-00:07:44-GMT  BuildTime: Aug  4 2022 06:17:15  BuildStamp: freesurfer-linux-ubuntu22_x86_64-7.3.2-20220804-6354275  User: oesteban  Machine: dna029  Platform: Linux  PlatformVersion: 5.14.0-427.37.1.el9_4.x86_64  CompilerName: GCC  CompilerVersion: 8.4.0
ProgramName: mris_label2annot  ProgramArguments: mris_label2annot -all-info  ProgramVersion: 7.3.2  TimeStamp: 2026/03/10-00:07:44-GMT  BuildTime: Aug  4 2022 06:17:15  BuildStamp: freesurfer-linux-ubuntu22_x86_64-7.3.2-20220804-6354275  User: oesteban  Machine: dna029  Platform: Linux  PlatformVersion: 5.14.0-427.37.1.el9_4.x86_64  CompilerName: GCC  CompilerVersion: 8.4.0
ProgramName: mris_left_right_register  ProgramArguments: mris_left_right_register -all-info  ProgramVersion: 7.3.2  TimeStamp: 2026/03/10-00:07:44-GMT  BuildTime: Aug  4 2022 06:17:15  BuildStamp: freesurfer-linux-ubuntu22_x86_64-7.3.2-20220804-6354275  User: oesteban  Machine: dna029  Platform: Linux  PlatformVersion: 5.14.0-427.37.1.el9_4.x86_64  CompilerName: GCC  CompilerVersion: 8.4.0
ProgramName: mris_place_surface  ProgramArguments: mris_place_surface -all-info  ProgramVersion: 7.3.2  TimeStamp: 2026/03/10-00:07:44-GMT  BuildTime: Aug  4 2022 06:17:15  BuildStamp: freesurfer-linux-ubuntu22_x86_64-7.3.2-20220804-6354275  User: oesteban  Machine: dna029  Platform: Linux  PlatformVersion: 5.14.0-427.37.1.el9_4.x86_64  CompilerName: GCC  CompilerVersion: 8.4.0
ProgramName: mrisp_paint  ProgramArguments: mrisp_paint -all-info  ProgramVersion: 7.3.2  TimeStamp: 2026/03/10-00:07:44-GMT  BuildTime: Aug  4 2022 06:17:15  BuildStamp: freesurfer-linux-ubuntu22_x86_64-7.3.2-20220804-6354275  User: oesteban  Machine: dna029  Platform: Linux  PlatformVersion: 5.14.0-427.37.1.el9_4.x86_64  CompilerName: GCC  CompilerVersion: 8.4.0
ProgramName: mris_register  ProgramArguments: mris_register -all-info  ProgramVersion: 7.3.2  TimeStamp: 2026/03/10-00:07:44-GMT  BuildTime: Aug  4 2022 06:17:15  BuildStamp: freesurfer-linux-ubuntu22_x86_64-7.3.2-20220804-6354275  User: oesteban  Machine: dna029  Platform: Linux  PlatformVersion: 5.14.0-427.37.1.el9_4.x86_64  CompilerName: GCC  CompilerVersion: 8.4.0
ProgramName: mris_smooth  ProgramArguments: mris_smooth -all-info  ProgramVersion: 7.3.2  TimeStamp: 2026/03/10-00:07:44-GMT  BuildTime: Aug  4 2022 06:17:15  BuildStamp: freesurfer-linux-ubuntu22_x86_64-7.3.2-20220804-6354275  User: oesteban  Machine: dna029  Platform: Linux  PlatformVersion: 5.14.0-427.37.1.el9_4.x86_64  CompilerName: GCC  CompilerVersion: 8.4.0
ProgramName: mris_sphere  ProgramArguments: mris_sphere -all-info  ProgramVersion: 7.3.2  TimeStamp: 2026/03/10-00:07:44-GMT  BuildTime: Aug  4 2022 06:17:15  BuildStamp: freesurfer-linux-ubuntu22_x86_64-7.3.2-20220804-6354275  User: oesteban  Machine: dna029  Platform: Linux  PlatformVersion: 5.14.0-427.37.1.el9_4.x86_64  CompilerName: GCC  CompilerVersion: 8.4.0
ProgramName: mris_surface_stats  ProgramArguments: mris_surface_stats -all-info  ProgramVersion: 7.3.2  TimeStamp: 2026/03/10-00:07:44-GMT  BuildTime: Aug  4 2022 06:17:15  BuildStamp: freesurfer-linux-ubuntu22_x86_64-7.3.2-20220804-6354275  User: oesteban  Machine: dna029  Platform: Linux  PlatformVersion: 5.14.0-427.37.1.el9_4.x86_64  CompilerName: GCC  CompilerVersion: 8.4.0
ProgramName: mri_stats2seg  ProgramArguments: mri_stats2seg -all-info  ProgramVersion: 7.3.2  TimeStamp: 2026/03/10-00:07:44-GMT  BuildTime: Aug  4 2022 06:17:15  BuildStamp: freesurfer-linux-ubuntu22_x86_64-7.3.2-20220804-6354275  User: oesteban  Machine: dna029  Platform: Linux  PlatformVersion: 5.14.0-427.37.1.el9_4.x86_64  CompilerName: GCC  CompilerVersion: 8.4.0
ProgramName: mris_thickness  ProgramArguments: mris_thickness -all-info  ProgramVersion: 7.3.2  TimeStamp: 2026/03/10-00:07:44-GMT  BuildTime: Aug  4 2022 06:17:15  BuildStamp: freesurfer-linux-ubuntu22_x86_64-7.3.2-20220804-6354275  User: oesteban  Machine: dna029  Platform: Linux  PlatformVersion: 5.14.0-427.37.1.el9_4.x86_64  CompilerName: GCC  CompilerVersion: 8.4.0
ProgramName: mris_thickness_diff  ProgramArguments: mris_thickness_diff -all-info  ProgramVersion: 7.3.2  TimeStamp: 2026/03/10-00:07:44-GMT  BuildTime: Aug  4 2022 06:17:15  BuildStamp: freesurfer-linux-ubuntu22_x86_64-7.3.2-20220804-6354275  User: oesteban  Machine: dna029  Platform: Linux  PlatformVersion: 5.14.0-427.37.1.el9_4.x86_64  CompilerName: GCC  CompilerVersion: 8.4.0
ProgramName: mris_topo_fixer  ProgramArguments: mris_topo_fixer -all-info  ProgramVersion: 7.3.2  TimeStamp: 2026/03/10-00:07:44-GMT  BuildTime: Aug  4 2022 06:17:15  BuildStamp: freesurfer-linux-ubuntu22_x86_64-7.3.2-20220804-6354275  User: oesteban  Machine: dna029  Platform: Linux  PlatformVersion: 5.14.0-427.37.1.el9_4.x86_64  CompilerName: GCC  CompilerVersion: 8.4.0
ProgramName: mri_surf2surf  ProgramArguments: mri_surf2surf -all-info  ProgramVersion: 7.3.2  TimeStamp: 2026/03/10-00:07:44-GMT  BuildTime: Aug  4 2022 06:17:15  BuildStamp: freesurfer-linux-ubuntu22_x86_64-7.3.2-20220804-6354275  User: oesteban  Machine: dna029  Platform: Linux  PlatformVersion: 5.14.0-427.37.1.el9_4.x86_64  CompilerName: GCC  CompilerVersion: 8.4.0
ProgramName: mri_surf2vol  ProgramArguments: mri_surf2vol -all-info  ProgramVersion: 7.3.2  TimeStamp: 2026/03/10-00:07:44-GMT  BuildTime: Aug  4 2022 06:17:15  BuildStamp: freesurfer-linux-ubuntu22_x86_64-7.3.2-20220804-6354275  User: oesteban  Machine: dna029  Platform: Linux  PlatformVersion: 5.14.0-427.37.1.el9_4.x86_64  CompilerName: GCC  CompilerVersion: 8.4.0
ProgramName: mri_surfcluster  ProgramArguments: mri_surfcluster -all-info  ProgramVersion: 7.3.2  TimeStamp: 2026/03/10-00:07:44-GMT  BuildTime: Aug  4 2022 06:17:15  BuildStamp: freesurfer-linux-ubuntu22_x86_64-7.3.2-20220804-6354275  User: oesteban  Machine: dna029  Platform: Linux  PlatformVersion: 5.14.0-427.37.1.el9_4.x86_64  CompilerName: GCC  CompilerVersion: 8.4.0
ProgramName: mris_volmask  ProgramArguments: mris_volmask -all-info  ProgramVersion: 7.3.2  TimeStamp: 2026/03/10-00:07:44-GMT  BuildTime: Aug  4 2022 06:17:15  BuildStamp: freesurfer-linux-ubuntu22_x86_64-7.3.2-20220804-6354275  User: oesteban  Machine: dna029  Platform: Linux  PlatformVersion: 5.14.0-427.37.1.el9_4.x86_64  CompilerName: GCC  CompilerVersion: 8.4.0
ProgramName: mri_tessellate  ProgramArguments: mri_tessellate -all-info  ProgramVersion: 7.3.2  TimeStamp: 2026/03/10-00:07:44-GMT  BuildTime: Aug  4 2022 06:17:15  BuildStamp: freesurfer-linux-ubuntu22_x86_64-7.3.2-20220804-6354275  User: oesteban  Machine: dna029  Platform: Linux  PlatformVersion: 5.14.0-427.37.1.el9_4.x86_64  CompilerName: GCC  CompilerVersion: 8.4.0
ProgramName: mri_vol2surf  ProgramArguments: mri_vol2surf -all-info  ProgramVersion: 7.3.2  TimeStamp: 2026/03/10-00:07:44-GMT  BuildTime: Aug  4 2022 06:17:15  BuildStamp: freesurfer-linux-ubuntu22_x86_64-7.3.2-20220804-6354275  User: oesteban  Machine: dna029  Platform: Linux  PlatformVersion: 5.14.0-427.37.1.el9_4.x86_64  CompilerName: GCC  CompilerVersion: 8.4.0
ProgramName: mri_vol2vol  ProgramArguments: mri_vol2vol -all-info  ProgramVersion: 7.3.2  TimeStamp: 2026/03/10-00:07:44-GMT  BuildTime: Aug  4 2022 06:17:15  BuildStamp: freesurfer-linux-ubuntu22_x86_64-7.3.2-20220804-6354275  User: oesteban  Machine: dna029  Platform: Linux  PlatformVersion: 5.14.0-427.37.1.el9_4.x86_64  CompilerName: GCC  CompilerVersion: 8.4.0
ProgramName: mri_voldiff  ProgramArguments: mri_voldiff -all-info  ProgramVersion: 7.3.2  TimeStamp: 2026/03/10-00:07:44-GMT  BuildTime: Aug  4 2022 06:17:15  BuildStamp: freesurfer-linux-ubuntu22_x86_64-7.3.2-20220804-6354275  User: oesteban  Machine: dna029  Platform: Linux  PlatformVersion: 5.14.0-427.37.1.el9_4.x86_64  CompilerName: GCC  CompilerVersion: 8.4.0
ProgramName: mri_watershed  ProgramArguments: mri_watershed -all-info  ProgramVersion: 7.3.2  TimeStamp: 2026/03/10-00:07:44-GMT  BuildTime: Aug  4 2022 06:17:15  BuildStamp: freesurfer-linux-ubuntu22_x86_64-7.3.2-20220804-6354275  User: oesteban  Machine: dna029  Platform: Linux  PlatformVersion: 5.14.0-427.37.1.el9_4.x86_64  CompilerName: GCC  CompilerVersion: 8.4.0
ProgramName: tkregister2  ProgramArguments: tkregister2_cmdl -all-info  ProgramVersion: 7.3.2  TimeStamp: 2026/03/10-00:07:44-GMT  BuildTime: Aug  4 2022 06:17:15  BuildStamp: freesurfer-linux-ubuntu22_x86_64-7.3.2-20220804-6354275  User: oesteban  Machine: dna029  Platform: Linux  PlatformVersion: 5.14.0-427.37.1.el9_4.x86_64  CompilerName: GCC  CompilerVersion: 8.4.0
mri_motion_correct.fsl 7.3.2
mri_convert -all-info 
ProgramName: mri_convert  ProgramArguments: mri_convert -all-info  ProgramVersion: 7.3.2  TimeStamp: 2026/03/10-00:07:44-GMT  BuildTime: Aug  4 2022 06:17:15  BuildStamp: freesurfer-linux-ubuntu22_x86_64-7.3.2-20220804-6354275  User: oesteban  Machine: dna029  Platform: Linux  PlatformVersion: 5.14.0-427.37.1.el9_4.x86_64  CompilerName: GCC  CompilerVersion: 8.4.0
Program nu_correct, built from:
Package MNI N3, version 1.12.0, compiled by nicks@terrier (x86_64-unknown-linux-gnu) on 2015-06-19 at 01:25:34
#######################################
GCADIR /opt/freesurfer/average
GCA RB_all_2020-01-02.gca
GCASkull RB_all_withskull_2020_01_02.gca
AvgCurvTif folding.atlas.acfb40.noaparc.i12.2016-08-02.tif
GCSDIR /opt/freesurfer/average
GCS DKaparc.atlas.acfb40.noaparc.i12.2016-08-02.gcs
#######################################
#--------------------------------------------
#@# AutoDetGWStats lh Tue Mar 10 01:07:44 CET 2026
cd /out/sourcedata/freesurfer/sub-v1s2x0051478_ses-1/mri
mris_autodet_gwstats --o ../surf/autodet.gw.stats.lh.dat --i brain.finalsurfs.mgz --wm wm.mgz --surf ../surf/lh.orig.premesh
  Update not needed
#--------------------------------------------
#@# WhitePreAparc lh Tue Mar 10 01:07:44 CET 2026
cd /out/sourcedata/freesurfer/sub-v1s2x0051478_ses-1/mri
mris_place_surface --adgws-in ../surf/autodet.gw.stats.lh.dat --wm wm.mgz --threads 16 --invol brain.finalsurfs.mgz --lh --i ../surf/lh.orig --o ../surf/lh.white.preaparc --white --seg aseg.presurf.mgz --nsmooth 5
   Update not needed
#--------------------------------------------
#@# CortexLabel lh Tue Mar 10 01:07:44 CET 2026
cd /out/sourcedata/freesurfer/sub-v1s2x0051478_ses-1/mri
mri_label2label --label-cortex ../surf/lh.white.preaparc aseg.presurf.mgz 0 ../label/lh.cortex.label
   Update not needed
#--------------------------------------------
#@# CortexLabel+HipAmyg lh Tue Mar 10 01:07:44 CET 2026
cd /out/sourcedata/freesurfer/sub-v1s2x0051478_ses-1/mri
mri_label2label --label-cortex ../surf/lh.white.preaparc aseg.presurf.mgz 1 ../label/lh.cortex+hipamyg.label
   Update not needed
#@# white curv lh Tue Mar 10 01:07:44 CET 2026
cd /out/sourcedata/freesurfer/sub-v1s2x0051478_ses-1/mri
mris_place_surface --curv-map ../surf/lh.white 2 10 ../surf/lh.curv
   Update not needed
#@# white area lh Tue Mar 10 01:07:44 CET 2026
cd /out/sourcedata/freesurfer/sub-v1s2x0051478_ses-1/mri
mris_place_surface --area-map ../surf/lh.white ../surf/lh.area
   Update not needed
#@# pial curv lh Tue Mar 10 01:07:44 CET 2026
cd /out/sourcedata/freesurfer/sub-v1s2x0051478_ses-1/mri
mris_place_surface --curv-map ../surf/lh.pial 2 10 ../surf/lh.curv.pial
   Update not needed
#@# pial area lh Tue Mar 10 01:07:44 CET 2026
cd /out/sourcedata/freesurfer/sub-v1s2x0051478_ses-1/mri
mris_place_surface --area-map ../surf/lh.pial ../surf/lh.area.pial
   Update not needed
#@# thickness lh Tue Mar 10 01:07:44 CET 2026
cd /out/sourcedata/freesurfer/sub-v1s2x0051478_ses-1/mri
mris_place_surface --thickness ../surf/lh.white ../surf/lh.pial 20 5 ../surf/lh.thickness
   Update not needed
#@# area and vertex vol lh Tue Mar 10 01:07:44 CET 2026
cd /out/sourcedata/freesurfer/sub-v1s2x0051478_ses-1/mri
mris_place_surface --thickness ../surf/lh.white ../surf/lh.pial 20 5 ../surf/lh.thickness
   Update not needed
#-----------------------------------------
#@# Parcellation Stats lh Tue Mar 10 01:07:44 CET 2026
/out/sourcedata/freesurfer/sub-v1s2x0051478_ses-1/scripts

 mris_anatomical_stats -th3 -mgz -noglobal -cortex ../label/lh.cortex.label -f ../stats/lh.aparc.stats -b -a ../label/lh.aparc.annot -c ../label/aparc.annot.ctab sub-v1s2x0051478_ses-1 lh white 

computing statistics for each annotation in ../label/lh.aparc.annot.
reading volume /out/sourcedata/freesurfer/sub-v1s2x0051478_ses-1/mri/wm.mgz...
reading input surface /out/sourcedata/freesurfer/sub-v1s2x0051478_ses-1/surf/lh.white...
reading input pial surface /out/sourcedata/freesurfer/sub-v1s2x0051478_ses-1/surf/lh.pial...
reading input white surface /out/sourcedata/freesurfer/sub-v1s2x0051478_ses-1/surf/lh.white...
INFO: using TH3 volume calc
INFO: assuming MGZ format for volumes.
INFO: not computing global stats
INFO: using ../label/lh.cortex.label as mask to calc cortex NumVert, SurfArea and MeanThickness.
Using TH3 vertex volume calc
Total face volume 276724
Total vertex volume 276491 (mask=0)
Saving annotation colortable ../label/aparc.annot.ctab

table columns are:
    number of vertices
    total surface area (mm^2)
    total gray matter volume (mm^3)
    average cortical thickness +- standard deviation (mm)
    integrated rectified mean curvature
    integrated rectified Gaussian curvature
    folding index
    intrinsic curvature index
    structure name

 1969   1293   2880  2.363 0.365     0.084     0.012       11     0.9  bankssts
  964    602   1466  2.225 0.603     0.115     0.013       12     0.6  caudalanteriorcingulate
 5482   3389   9708  2.635 0.412     0.100     0.016       43     3.8  caudalmiddlefrontal
 3176   2021   3308  1.599 0.438     0.123     0.024       33     3.5  cuneus
  550    382   1995  3.103 0.824     0.123     0.028        8     0.7  entorhinal
 5522   3641  10765  2.586 0.667     0.119     0.023       69     5.2  fusiform
 8419   5007  13375  2.481 0.472     0.099     0.020       72     6.7  inferiorparietal
 5598   3723  12759  2.833 0.728     0.115     0.026       71     5.7  inferiortemporal
 1593   1090   2729  2.273 0.762     0.119     0.029       20     1.7  isthmuscingulate
10020   6073  11816  1.883 0.536     0.121     0.028      107    12.6  lateraloccipital
 4311   2869   8910  2.848 0.588     0.118     0.028       50     5.1  lateralorbitofrontal
 6547   4367   7743  1.750 0.545     0.130     0.028       78     7.9  lingual
 2594   1734   5756  2.841 0.673     0.133     0.032       47     3.5  medialorbitofrontal
 5812   3981  13709  2.765 0.649     0.116     0.021       64     5.4  middletemporal
 1026    642   2235  2.962 0.784     0.088     0.014        7     0.6  parahippocampal
 2562   1474   3197  2.124 0.505     0.088     0.014       14     1.6  paracentral
 2712   1770   5432  2.719 0.472     0.097     0.016       23     1.7  parsopercularis
 1137    739   2902  2.988 0.524     0.123     0.023       16     1.0  parsorbitalis
 2466   1610   4754  2.654 0.459     0.110     0.021       20     2.3  parstriangularis
 3550   2355   3241  1.523 0.432     0.132     0.028       42     4.6  pericalcarine
 8543   5021  11118  2.025 0.657     0.094     0.018       64     6.2  postcentral
 1885   1299   3520  2.399 0.681     0.128     0.025       26     2.0  posteriorcingulate
10260   5970  15678  2.488 0.588     0.094     0.018       66     7.9  precentral
 6182   4090   9625  2.281 0.473     0.112     0.020       57     5.3  precuneus
 1393    901   2940  2.811 0.561     0.117     0.020       15     1.2  rostralanteriorcingulate
11782   7507  21582  2.557 0.540     0.117     0.024      126    11.8  rostralmiddlefrontal
14786   9556  29865  2.800 0.493     0.109     0.020      132    12.3  superiorfrontal
10391   5982  12580  2.005 0.489     0.093     0.016       75     7.1  superiorparietal
 6654   4436  13787  2.747 0.619     0.100     0.018       58     5.3  superiortemporal
 7913   5005  13274  2.536 0.468     0.116     0.025       80     7.7  supramarginal
  433    301    999  2.599 0.593     0.136     0.036        7     0.5  frontalpole
  732    532   3306  3.572 0.834     0.131     0.040       13     1.3  temporalpole
  655    383   1142  2.729 0.378     0.112     0.018        6     0.5  transversetemporal
 4334   2859   8393  2.916 0.727     0.113     0.028       44     4.7  insula

 mris_anatomical_stats -th3 -mgz -noglobal -cortex ../label/lh.cortex.label -f ../stats/lh.aparc.pial.stats -b -a ../label/lh.aparc.annot -c ../label/aparc.annot.ctab sub-v1s2x0051478_ses-1 lh pial 

computing statistics for each annotation in ../label/lh.aparc.annot.
reading volume /out/sourcedata/freesurfer/sub-v1s2x0051478_ses-1/mri/wm.mgz...
reading input surface /out/sourcedata/freesurfer/sub-v1s2x0051478_ses-1/surf/lh.pial...
reading input pial surface /out/sourcedata/freesurfer/sub-v1s2x0051478_ses-1/surf/lh.pial...
reading input white surface /out/sourcedata/freesurfer/sub-v1s2x0051478_ses-1/surf/lh.white...
INFO: using TH3 volume calc
INFO: assuming MGZ format for volumes.
INFO: not computing global stats
INFO: using ../label/lh.cortex.label as mask to calc cortex NumVert, SurfArea and MeanThickness.
Using TH3 vertex volume calc
Total face volume 276724
Total vertex volume 276491 (mask=0)
Saving annotation colortable ../label/aparc.annot.ctab

table columns are:
    number of vertices
    total surface area (mm^2)
    total gray matter volume (mm^3)
    average cortical thickness +- standard deviation (mm)
    integrated rectified mean curvature
    integrated rectified Gaussian curvature
    folding index
    intrinsic curvature index
    structure name

 1969   1146   2880  2.363 0.365     0.078     0.017       31     1.3  bankssts
  964    695   1466  2.225 0.603     0.132     0.028       83     0.9  caudalanteriorcingulate
 5482   3916   9708  2.635 0.412     0.124     0.091    12747     4.6  caudalmiddlefrontal
 3176   2336   3308  1.599 0.438     0.116     0.025       71     3.3  cuneus
  550    836   1995  3.103 0.824     0.289     0.067       31     2.2  entorhinal
 5522   4607  10765  2.586 0.667     0.132     0.030      103     7.7  fusiform
 8419   5821  13375  2.481 0.472     0.100     0.020      116     7.0  inferiorparietal
 5598   4930  12759  2.833 0.728     0.145     0.036      136     8.9  inferiortemporal
 1593   1332   2729  2.273 0.762     0.162     0.047       55     3.1  isthmuscingulate
10020   6855  11816  1.883 0.536     0.104     0.025     4166     9.5  lateraloccipital
 4311   3415   8910  2.848 0.588     0.158     0.042    17523     6.3  lateralorbitofrontal
 6547   4852   7743  1.750 0.545     0.122     0.030      126     7.9  lingual
 2594   2217   5756  2.841 0.673     0.154     0.050       70     4.4  medialorbitofrontal
 5812   5651  13709  2.765 0.649     0.141     0.028       81     7.9  middletemporal
 1026    877   2235  2.962 0.784     0.149     0.040       15     2.1  parahippocampal
 2562   1608   3197  2.124 0.505     0.088     0.017      124     1.4  paracentral
 2712   2210   5432  2.719 0.472     0.124     0.026       34     2.8  parsopercularis
 1137   1216   2902  2.988 0.524     0.148     0.024       22     1.2  parsorbitalis
 2466   1945   4754  2.654 0.459     0.127     0.025       50     2.8  parstriangularis
 3550   2093   3241  1.523 0.432     0.106     0.026       83     3.9  pericalcarine
 8543   6035  11118  2.025 0.657     0.095     0.017       67     6.1  postcentral
 1885   1574   3520  2.399 0.681     0.146     0.031       46     2.5  posteriorcingulate
10260   6668  15678  2.488 0.588     0.089     0.018      103     7.1  precentral
 6182   4404   9625  2.281 0.473     0.116     0.024       79     6.0  precuneus
 1393   1182   2940  2.811 0.561     0.151     0.035       42     2.3  rostralanteriorcingulate
11782   9212  21582  2.557 0.540     0.126     0.026      328    13.2  rostralmiddlefrontal
14786  11451  29865  2.800 0.493     0.122     0.026      253    14.6  superiorfrontal
10391   6894  12580  2.005 0.489     0.095     0.018      112     7.0  superiorparietal
 6654   5507  13787  2.747 0.619     0.134     0.028      210     8.8  superiortemporal
 7913   5461  13274  2.536 0.468     0.111     0.031      327     9.0  supramarginal
  433    454    999  2.599 0.593     0.167     0.036        7     0.7  frontalpole
  732   1224   3306  3.572 0.834     0.269     0.056       17     2.1  temporalpole
  655    502   1142  2.729 0.378     0.118     0.037       10     0.8  transversetemporal
 4334   2902   8393  2.916 0.727     0.138     0.038       92     6.9  insula
#-----------------------------------------
#@# Parcellation Stats 2 lh Tue Mar 10 01:08:10 CET 2026
/out/sourcedata/freesurfer/sub-v1s2x0051478_ses-1/scripts

 mris_anatomical_stats -th3 -mgz -noglobal -cortex ../label/lh.cortex.label -f ../stats/lh.aparc.a2009s.stats -b -a ../label/lh.aparc.a2009s.annot -c ../label/aparc.annot.a2009s.ctab sub-v1s2x0051478_ses-1 lh white 

computing statistics for each annotation in ../label/lh.aparc.a2009s.annot.
reading volume /out/sourcedata/freesurfer/sub-v1s2x0051478_ses-1/mri/wm.mgz...
reading input surface /out/sourcedata/freesurfer/sub-v1s2x0051478_ses-1/surf/lh.white...
reading input pial surface /out/sourcedata/freesurfer/sub-v1s2x0051478_ses-1/surf/lh.pial...
reading input white surface /out/sourcedata/freesurfer/sub-v1s2x0051478_ses-1/surf/lh.white...
INFO: using TH3 volume calc
INFO: assuming MGZ format for volumes.
INFO: not computing global stats
INFO: using ../label/lh.cortex.label as mask to calc cortex NumVert, SurfArea and MeanThickness.
Using TH3 vertex volume calc
Total face volume 276724
Total vertex volume 276491 (mask=0)
Saving annotation colortable ../label/aparc.annot.a2009s.ctab

table columns are:
    number of vertices
    total surface area (mm^2)
    total gray matter volume (mm^3)
    average cortical thickness +- standard deviation (mm)
    integrated rectified mean curvature
    integrated rectified Gaussian curvature
    folding index
    intrinsic curvature index
    structure name

 1503    982   2523  2.264 0.599     0.129     0.031       19     1.7  G_and_S_frontomargin
 1889   1129   2534  2.047 0.421     0.115     0.025       21     2.0  G_and_S_occipital_inf
 1860   1007   2135  1.910 0.499     0.092     0.018       12     1.5  G_and_S_paracentral
 2045   1343   4151  2.692 0.503     0.123     0.027       27     2.0  G_and_S_subcentral
 1063    714   2520  2.728 0.559     0.144     0.039       18     1.6  G_and_S_transv_frontopol
 3151   2113   6388  2.801 0.463     0.116     0.021       29     2.8  G_and_S_cingul-Ant
 1566   1037   2561  2.613 0.398     0.099     0.014        9     1.0  G_and_S_cingul-Mid-Ant
 1450    982   2711  2.576 0.461     0.114     0.021       14     1.3  G_and_S_cingul-Mid-Post
  659    482   1751  2.744 0.515     0.148     0.035       13     1.0  G_cingul-Post-dorsal
  303    209    689  2.645 0.697     0.124     0.028        4     0.3  G_cingul-Post-ventral
 3208   2023   3221  1.515 0.392     0.129     0.027       38     4.0  G_cuneus
 1588   1021   4167  2.985 0.481     0.107     0.020       18     1.3  G_front_inf-Opercular
  482    297   1407  3.141 0.414     0.114     0.021        6     0.4  G_front_inf-Orbital
 1371    884   3134  2.810 0.424     0.117     0.025       14     1.4  G_front_inf-Triangul
 6804   4102  14815  2.786 0.503     0.111     0.021       75     5.8  G_front_middle
 9419   5915  21063  2.887 0.531     0.114     0.022      103     8.3  G_front_sup
  771    524   1848  3.371 0.703     0.113     0.031        9     0.8  G_Ins_lg_and_S_cent_ins
  946    612   2765  3.346 0.590     0.117     0.024       14     1.0  G_insular_short
 3214   1735   4875  2.285 0.527     0.107     0.023       33     3.0  G_occipital_middle
 2074   1185   2182  1.690 0.445     0.115     0.023       20     2.1  G_occipital_sup
 2469   1607   5257  2.659 0.705     0.125     0.025       33     2.5  G_oc-temp_lat-fusifor
 4814   3077   5560  1.670 0.539     0.132     0.029       62     5.9  G_oc-temp_med-Lingual
 1383    898   4193  3.192 0.784     0.114     0.024       17     1.4  G_oc-temp_med-Parahip
 3021   1949   7009  2.794 0.635     0.128     0.032       46     4.2  G_orbital
 3723   2065   6245  2.492 0.541     0.106     0.025       41     3.6  G_pariet_inf-Angular
 3532   2291   7154  2.659 0.441     0.128     0.027       44     4.0  G_pariet_inf-Supramar
 3854   1949   5235  2.188 0.491     0.088     0.017       31     2.8  G_parietal_sup
 3540   1826   4587  2.089 0.577     0.086     0.017       24     2.6  G_postcentral
 4070   2008   6949  2.694 0.613     0.085     0.018       27     3.0  G_precentral
 2862   1779   5137  2.340 0.435     0.110     0.020       34     2.3  G_precuneus
  916    625   2708  2.967 0.737     0.153     0.042       22     1.6  G_rectus
  832    537   1195  2.367 0.875     0.133     0.051       18     1.6  G_subcallosal
  443    238    854  2.772 0.393     0.109     0.018        5     0.3  G_temp_sup-G_T_transv
 2312   1602   6895  3.095 0.648     0.129     0.028       33     2.6  G_temp_sup-Lateral
  872    572   2293  3.295 0.661     0.064     0.012        3     0.3  G_temp_sup-Plan_polar
 1183    805   2051  2.424 0.408     0.093     0.013        9     0.7  G_temp_sup-Plan_tempo
 2681   1760   7663  3.048 0.696     0.122     0.032       41     3.5  G_temporal_inf
 3148   2164   8786  2.971 0.623     0.136     0.026       46     3.6  G_temporal_middle
  379    261    581  2.462 0.309     0.089     0.011        1     0.2  Lat_Fis-ant-Horizont
  342    228    538  2.430 0.338     0.078     0.009        1     0.1  Lat_Fis-ant-Vertical
 1149    733   1422  2.449 0.355     0.098     0.016        6     0.8  Lat_Fis-post
 2810   1771   2773  1.556 0.562     0.143     0.038       43     5.4  Pole_occipital
 1669   1289   7116  3.408 0.826     0.154     0.044       45     2.8  Pole_temporal
 4102   3024   4782  1.767 0.562     0.140     0.031       48     5.9  S_calcarine
 4103   2675   4435  1.882 0.589     0.096     0.016       21     2.9  S_central
 1170    780   1357  1.985 0.447     0.086     0.011        5     0.6  S_cingul-Marginalis
  698    456   1081  2.917 0.347     0.088     0.015        3     0.4  S_circular_insula_ant
 1407    901   1963  2.742 0.501     0.087     0.012        6     0.8  S_circular_insula_inf
 2078   1337   2755  2.629 0.418     0.090     0.015        9     1.3  S_circular_insula_sup
  986    676   1871  2.836 0.678     0.123     0.023       11     1.1  S_collat_transv_ant
  516    322    506  1.698 0.374     0.083     0.018        2     0.3  S_collat_transv_post
 3168   2090   4435  2.344 0.417     0.103     0.017       20     2.3  S_front_inf
 2103   1390   2914  2.442 0.362     0.114     0.021       16     2.0  S_front_middle
 4872   3208   7917  2.584 0.349     0.098     0.016       32     3.3  S_front_sup
  375    243    492  2.400 0.644     0.118     0.023        3     0.4  S_interm_prim-Jensen
 4157   2707   4861  2.033 0.467     0.089     0.012       22     2.2  S_intrapariet_and_P_trans
 1611   1050   1674  1.887 0.473     0.116     0.024       12     1.7  S_oc_middle_and_Lunatus
 1572   1003   2011  2.204 0.466     0.108     0.020       11     1.3  S_oc_sup_and_transversal
 1001    650   1236  2.140 0.368     0.103     0.018        7     0.7  S_occipital_ant
 1349    877   1737  2.288 0.481     0.096     0.014        9     0.7  S_oc-temp_lat
 2247   1450   2888  2.236 0.453     0.090     0.013       12     1.3  S_oc-temp_med_and_Lingual
  547    377    825  2.497 0.505     0.150     0.034        7     0.8  S_orbital_lateral
  562    366   1158  3.112 0.660     0.117     0.024        6     0.4  S_orbital_med-olfact
 1472   1015   2872  2.841 0.554     0.120     0.025       15     1.5  S_orbital-H_Shaped
 2274   1470   3000  2.218 0.491     0.107     0.018       15     1.7  S_parieto_occipital
 1387    851   1137  1.571 0.490     0.113     0.022       20     1.1  S_pericallosal
 4302   2675   5289  2.052 0.557     0.099     0.018       32     3.2  S_postcentral
 2295   1472   3385  2.525 0.374     0.099     0.016       14     1.5  S_precentral-inf-part
 1985   1252   2782  2.381 0.395     0.095     0.017       12     1.6  S_precentral-sup-part
  660    439    986  2.639 0.455     0.123     0.023        6     0.7  S_suborbital
 1255    820   1554  2.223 0.445     0.105     0.018        7     1.0  S_subparietal
 2247   1475   3015  2.464 0.436     0.097     0.015       12     1.4  S_temporal_inf
 7724   4971  11363  2.440 0.398     0.089     0.014       48     4.9  S_temporal_sup
  358    247    568  2.781 0.340     0.108     0.016        2     0.3  S_temporal_transverse
#-----------------------------------------
#@# Parcellation Stats 3 lh Tue Mar 10 01:08:23 CET 2026
/out/sourcedata/freesurfer/sub-v1s2x0051478_ses-1/scripts

 mris_anatomical_stats -th3 -mgz -noglobal -cortex ../label/lh.cortex.label -f ../stats/lh.aparc.DKTatlas.stats -b -a ../label/lh.aparc.DKTatlas.annot -c ../label/aparc.annot.DKTatlas.ctab sub-v1s2x0051478_ses-1 lh white 

computing statistics for each annotation in ../label/lh.aparc.DKTatlas.annot.
reading volume /out/sourcedata/freesurfer/sub-v1s2x0051478_ses-1/mri/wm.mgz...
reading input surface /out/sourcedata/freesurfer/sub-v1s2x0051478_ses-1/surf/lh.white...
reading input pial surface /out/sourcedata/freesurfer/sub-v1s2x0051478_ses-1/surf/lh.pial...
reading input white surface /out/sourcedata/freesurfer/sub-v1s2x0051478_ses-1/surf/lh.white...
INFO: using TH3 volume calc
INFO: assuming MGZ format for volumes.
INFO: not computing global stats
INFO: using ../label/lh.cortex.label as mask to calc cortex NumVert, SurfArea and MeanThickness.
Using TH3 vertex volume calc
Total face volume 276724
Total vertex volume 276491 (mask=0)
Saving annotation colortable ../label/aparc.annot.DKTatlas.ctab

table columns are:
    number of vertices
    total surface area (mm^2)
    total gray matter volume (mm^3)
    average cortical thickness +- standard deviation (mm)
    integrated rectified mean curvature
    integrated rectified Gaussian curvature
    folding index
    intrinsic curvature index
    structure name

 2105   1337   3732  2.534 0.596     0.110     0.017       21     1.5  caudalanteriorcingulate
 5825   3614  10246  2.623 0.410     0.099     0.016       44     4.0  caudalmiddlefrontal
 4056   2556   4328  1.670 0.457     0.120     0.023       40     4.3  cuneus
  602    415   2135  3.079 0.818     0.123     0.028        9     0.7  entorhinal
 4905   3199   8893  2.547 0.645     0.115     0.021       51     4.4  fusiform
 8717   5149  13657  2.475 0.478     0.101     0.021       77     7.2  inferiorparietal
 5521   3708  13295  2.850 0.737     0.121     0.028       83     6.0  inferiortemporal
 1587   1091   2736  2.301 0.745     0.121     0.029       20     1.8  isthmuscingulate
10221   6196  12121  1.891 0.537     0.121     0.028      110    12.9  lateraloccipital
 4888   3258  10178  2.746 0.686     0.121     0.031       61     6.2  lateralorbitofrontal
 6621   4421   7757  1.737 0.543     0.130     0.028       79     8.1  lingual
 2328   1561   5196  2.816 0.724     0.138     0.035       39     3.5  medialorbitofrontal
 7856   5334  16976  2.678 0.631     0.109     0.019       76     6.7  middletemporal
 1054    662   2308  2.975 0.771     0.088     0.014        7     0.6  parahippocampal
 3067   1769   4188  2.241 0.556     0.091     0.015       17     2.1  paracentral
 2494   1623   5078  2.729 0.481     0.100     0.016       22     1.6  parsopercularis
 1215    784   2750  2.934 0.432     0.112     0.018       13     1.0  parsorbitalis
 3078   2001   5404  2.595 0.455     0.112     0.022       25     2.8  parstriangularis
 3526   2330   3226  1.529 0.439     0.130     0.028       42     4.4  pericalcarine
 9593   5657  12595  2.058 0.651     0.096     0.017       70     6.9  postcentral
 2074   1416   3760  2.382 0.675     0.125     0.025       27     2.1  posteriorcingulate
10190   5916  15567  2.486 0.596     0.096     0.019       72     8.2  precentral
 6097   4022   9499  2.266 0.478     0.109     0.019       55     5.0  precuneus
 2214   1457   4794  2.810 0.573     0.118     0.024       31     2.1  rostralanteriorcingulate
 8520   5410  15925  2.603 0.545     0.115     0.022       89     8.1  rostralmiddlefrontal
15561  10086  31065  2.749 0.512     0.113     0.022      153    13.9  superiorfrontal
 8374   4802  10126  2.009 0.478     0.092     0.015       61     5.6  superiorparietal
 8681   5813  19041  2.775 0.679     0.102     0.019       78     7.1  superiortemporal
 6998   4450  11874  2.547 0.468     0.116     0.024       69     6.7  supramarginal
  656    385   1148  2.740 0.375     0.113     0.019        6     0.5  transversetemporal
 3329   2184   6894  3.101 0.602     0.101     0.020       28     2.6  insula
/out/sourcedata/freesurfer/sub-v1s2x0051478_ses-1/label
#--------------------------------------------
#@# BA_exvivo Labels lh Tue Mar 10 01:08:36 CET 2026

 mri_label2label --srcsubject fsaverage --srclabel /out/sourcedata/freesurfer/fsaverage/label/lh.BA1_exvivo.label --trgsubject sub-v1s2x0051478_ses-1 --trglabel ./lh.BA1_exvivo.label --hemi lh --regmethod surface 


srclabel = /out/sourcedata/freesurfer/fsaverage/label/lh.BA1_exvivo.label
srcsubject = fsaverage
trgsubject = sub-v1s2x0051478_ses-1
trglabel = ./lh.BA1_exvivo.label
regmethod = surface

srchemi = lh
trghemi = lh
trgsurface = white
srcsurfreg = sphere.reg
trgsurfreg = sphere.reg
usehash = 1
Use ProjAbs  = 0, 0
Use ProjFrac = 0, 0
DoPaint 0

SUBJECTS_DIR    /out/sourcedata/freesurfer
FREESURFER_HOME /opt/freesurfer
Loading source label.
Found 4129 points in source label.
Starting surface-based mapping
Reading source registration 
 /out/sourcedata/freesurfer/fsaverage/surf/lh.sphere.reg
Rescaling ...  original radius = 100
Reading target surface 
 /out/sourcedata/freesurfer/sub-v1s2x0051478_ses-1/surf/lh.white
Reading target registration 
 /out/sourcedata/freesurfer/sub-v1s2x0051478_ses-1/surf/lh.sphere.reg
Rescaling ...  original radius = 100
Building target registration hash (res=16).
Building source registration hash (res=16).
INFO: found  4129 nlabel points
Performing mapping from target back to the source label 170808
Number of reverse mapping hits = 728
Checking for and removing duplicates
Writing label file ./lh.BA1_exvivo.label 4857
mri_label2label: Done


 mri_label2label --srcsubject fsaverage --srclabel /out/sourcedata/freesurfer/fsaverage/label/lh.BA2_exvivo.label --trgsubject sub-v1s2x0051478_ses-1 --trglabel ./lh.BA2_exvivo.label --hemi lh --regmethod surface 


srclabel = /out/sourcedata/freesurfer/fsaverage/label/lh.BA2_exvivo.label
srcsubject = fsaverage
trgsubject = sub-v1s2x0051478_ses-1
trglabel = ./lh.BA2_exvivo.label
regmethod = surface

srchemi = lh
trghemi = lh
trgsurface = white
srcsurfreg = sphere.reg
trgsurfreg = sphere.reg
usehash = 1
Use ProjAbs  = 0, 0
Use ProjFrac = 0, 0
DoPaint 0

SUBJECTS_DIR    /out/sourcedata/freesurfer
FREESURFER_HOME /opt/freesurfer
Loading source label.
Found 7909 points in source label.
Starting surface-based mapping
Reading source registration 
 /out/sourcedata/freesurfer/fsaverage/surf/lh.sphere.reg
Rescaling ...  original radius = 100
Reading target surface 
 /out/sourcedata/freesurfer/sub-v1s2x0051478_ses-1/surf/lh.white
Reading target registration 
 /out/sourcedata/freesurfer/sub-v1s2x0051478_ses-1/surf/lh.sphere.reg
Rescaling ...  original radius = 100
Building target registration hash (res=16).
Building source registration hash (res=16).
INFO: found  7909 nlabel points
Performing mapping from target back to the source label 170808
Number of reverse mapping hits = 1252
Checking for and removing duplicates
Writing label file ./lh.BA2_exvivo.label 9161
mri_label2label: Done


 mri_label2label --srcsubject fsaverage --srclabel /out/sourcedata/freesurfer/fsaverage/label/lh.BA3a_exvivo.label --trgsubject sub-v1s2x0051478_ses-1 --trglabel ./lh.BA3a_exvivo.label --hemi lh --regmethod surface 


srclabel = /out/sourcedata/freesurfer/fsaverage/label/lh.BA3a_exvivo.label
srcsubject = fsaverage
trgsubject = sub-v1s2x0051478_ses-1
trglabel = ./lh.BA3a_exvivo.label
regmethod = surface

srchemi = lh
trghemi = lh
trgsurface = white
srcsurfreg = sphere.reg
trgsurfreg = sphere.reg
usehash = 1
Use ProjAbs  = 0, 0
Use ProjFrac = 0, 0
DoPaint 0

SUBJECTS_DIR    /out/sourcedata/freesurfer
FREESURFER_HOME /opt/freesurfer
Loading source label.
Found 4077 points in source label.
Starting surface-based mapping
Reading source registration 
 /out/sourcedata/freesurfer/fsaverage/surf/lh.sphere.reg
Rescaling ...  original radius = 100
Reading target surface 
 /out/sourcedata/freesurfer/sub-v1s2x0051478_ses-1/surf/lh.white
Reading target registration 
 /out/sourcedata/freesurfer/sub-v1s2x0051478_ses-1/surf/lh.sphere.reg
Rescaling ...  original radius = 100
Building target registration hash (res=16).
Building source registration hash (res=16).
INFO: found  4077 nlabel points
Performing mapping from target back to the source label 170808
Number of reverse mapping hits = 215
Checking for and removing duplicates
Writing label file ./lh.BA3a_exvivo.label 4292
mri_label2label: Done


 mri_label2label --srcsubject fsaverage --srclabel /out/sourcedata/freesurfer/fsaverage/label/lh.BA3b_exvivo.label --trgsubject sub-v1s2x0051478_ses-1 --trglabel ./lh.BA3b_exvivo.label --hemi lh --regmethod surface 


srclabel = /out/sourcedata/freesurfer/fsaverage/label/lh.BA3b_exvivo.label
srcsubject = fsaverage
trgsubject = sub-v1s2x0051478_ses-1
trglabel = ./lh.BA3b_exvivo.label
regmethod = surface

srchemi = lh
trghemi = lh
trgsurface = white
srcsurfreg = sphere.reg
trgsurfreg = sphere.reg
usehash = 1
Use ProjAbs  = 0, 0
Use ProjFrac = 0, 0
DoPaint 0

SUBJECTS_DIR    /out/sourcedata/freesurfer
FREESURFER_HOME /opt/freesurfer
Loading source label.
Found 5983 points in source label.
Starting surface-based mapping
Reading source registration 
 /out/sourcedata/freesurfer/fsaverage/surf/lh.sphere.reg
Rescaling ...  original radius = 100
Reading target surface 
 /out/sourcedata/freesurfer/sub-v1s2x0051478_ses-1/surf/lh.white
Reading target registration 
 /out/sourcedata/freesurfer/sub-v1s2x0051478_ses-1/surf/lh.sphere.reg
Rescaling ...  original radius = 100
Building target registration hash (res=16).
Building source registration hash (res=16).
INFO: found  5983 nlabel points
Performing mapping from target back to the source label 170808
Number of reverse mapping hits = 547
Checking for and removing duplicates
Writing label file ./lh.BA3b_exvivo.label 6530
mri_label2label: Done


 mri_label2label --srcsubject fsaverage --srclabel /out/sourcedata/freesurfer/fsaverage/label/lh.BA4a_exvivo.label --trgsubject sub-v1s2x0051478_ses-1 --trglabel ./lh.BA4a_exvivo.label --hemi lh --regmethod surface 


srclabel = /out/sourcedata/freesurfer/fsaverage/label/lh.BA4a_exvivo.label
srcsubject = fsaverage
trgsubject = sub-v1s2x0051478_ses-1
trglabel = ./lh.BA4a_exvivo.label
regmethod = surface

srchemi = lh
trghemi = lh
trgsurface = white
srcsurfreg = sphere.reg
trgsurfreg = sphere.reg
usehash = 1
Use ProjAbs  = 0, 0
Use ProjFrac = 0, 0
DoPaint 0

SUBJECTS_DIR    /out/sourcedata/freesurfer
FREESURFER_HOME /opt/freesurfer
Loading source label.
Found 5784 points in source label.
Starting surface-based mapping
Reading source registration 
 /out/sourcedata/freesurfer/fsaverage/surf/lh.sphere.reg
Rescaling ...  original radius = 100
Reading target surface 
 /out/sourcedata/freesurfer/sub-v1s2x0051478_ses-1/surf/lh.white
Reading target registration 
 /out/sourcedata/freesurfer/sub-v1s2x0051478_ses-1/surf/lh.sphere.reg
Rescaling ...  original radius = 100
Building target registration hash (res=16).
Building source registration hash (res=16).
INFO: found  5784 nlabel points
Performing mapping from target back to the source label 170808
Number of reverse mapping hits = 835
Checking for and removing duplicates
Writing label file ./lh.BA4a_exvivo.label 6619
mri_label2label: Done


 mri_label2label --srcsubject fsaverage --srclabel /out/sourcedata/freesurfer/fsaverage/label/lh.BA4p_exvivo.label --trgsubject sub-v1s2x0051478_ses-1 --trglabel ./lh.BA4p_exvivo.label --hemi lh --regmethod surface 


srclabel = /out/sourcedata/freesurfer/fsaverage/label/lh.BA4p_exvivo.label
srcsubject = fsaverage
trgsubject = sub-v1s2x0051478_ses-1
trglabel = ./lh.BA4p_exvivo.label
regmethod = surface

srchemi = lh
trghemi = lh
trgsurface = white
srcsurfreg = sphere.reg
trgsurfreg = sphere.reg
usehash = 1
Use ProjAbs  = 0, 0
Use ProjFrac = 0, 0
DoPaint 0

SUBJECTS_DIR    /out/sourcedata/freesurfer
FREESURFER_HOME /opt/freesurfer
Loading source label.
Found 4070 points in source label.
Starting surface-based mapping
Reading source registration 
 /out/sourcedata/freesurfer/fsaverage/surf/lh.sphere.reg
Rescaling ...  original radius = 100
Reading target surface 
 /out/sourcedata/freesurfer/sub-v1s2x0051478_ses-1/surf/lh.white
Reading target registration 
 /out/sourcedata/freesurfer/sub-v1s2x0051478_ses-1/surf/lh.sphere.reg
Rescaling ...  original radius = 100
Building target registration hash (res=16).
Building source registration hash (res=16).
INFO: found  4070 nlabel points
Performing mapping from target back to the source label 170808
Number of reverse mapping hits = 514
Checking for and removing duplicates
Writing label file ./lh.BA4p_exvivo.label 4584
mri_label2label: Done


 mri_label2label --srcsubject fsaverage --srclabel /out/sourcedata/freesurfer/fsaverage/label/lh.BA6_exvivo.label --trgsubject sub-v1s2x0051478_ses-1 --trglabel ./lh.BA6_exvivo.label --hemi lh --regmethod surface 


srclabel = /out/sourcedata/freesurfer/fsaverage/label/lh.BA6_exvivo.label
srcsubject = fsaverage
trgsubject = sub-v1s2x0051478_ses-1
trglabel = ./lh.BA6_exvivo.label
regmethod = surface

srchemi = lh
trghemi = lh
trgsurface = white
srcsurfreg = sphere.reg
trgsurfreg = sphere.reg
usehash = 1
Use ProjAbs  = 0, 0
Use ProjFrac = 0, 0
DoPaint 0

SUBJECTS_DIR    /out/sourcedata/freesurfer
FREESURFER_HOME /opt/freesurfer
Loading source label.
Found 13589 points in source label.
Starting surface-based mapping
Reading source registration 
 /out/sourcedata/freesurfer/fsaverage/surf/lh.sphere.reg
Rescaling ...  original radius = 100
Reading target surface 
 /out/sourcedata/freesurfer/sub-v1s2x0051478_ses-1/surf/lh.white
Reading target registration 
 /out/sourcedata/freesurfer/sub-v1s2x0051478_ses-1/surf/lh.sphere.reg
Rescaling ...  original radius = 100
Building target registration hash (res=16).
Building source registration hash (res=16).
INFO: found  13589 nlabel points
Performing mapping from target back to the source label 170808
Number of reverse mapping hits = 3464
Checking for and removing duplicates
Writing label file ./lh.BA6_exvivo.label 17053
mri_label2label: Done


 mri_label2label --srcsubject fsaverage --srclabel /out/sourcedata/freesurfer/fsaverage/label/lh.BA44_exvivo.label --trgsubject sub-v1s2x0051478_ses-1 --trglabel ./lh.BA44_exvivo.label --hemi lh --regmethod surface 


srclabel = /out/sourcedata/freesurfer/fsaverage/label/lh.BA44_exvivo.label
srcsubject = fsaverage
trgsubject = sub-v1s2x0051478_ses-1
trglabel = ./lh.BA44_exvivo.label
regmethod = surface

srchemi = lh
trghemi = lh
trgsurface = white
srcsurfreg = sphere.reg
trgsurfreg = sphere.reg
usehash = 1
Use ProjAbs  = 0, 0
Use ProjFrac = 0, 0
DoPaint 0

SUBJECTS_DIR    /out/sourcedata/freesurfer
FREESURFER_HOME /opt/freesurfer
Loading source label.
Found 4181 points in source label.
Starting surface-based mapping
Reading source registration 
 /out/sourcedata/freesurfer/fsaverage/surf/lh.sphere.reg
Rescaling ...  original radius = 100
Reading target surface 
 /out/sourcedata/freesurfer/sub-v1s2x0051478_ses-1/surf/lh.white
Reading target registration 
 /out/sourcedata/freesurfer/sub-v1s2x0051478_ses-1/surf/lh.sphere.reg
Rescaling ...  original radius = 100
Building target registration hash (res=16).
Building source registration hash (res=16).
INFO: found  4181 nlabel points
Performing mapping from target back to the source label 170808
Number of reverse mapping hits = 400
Checking for and removing duplicates
Writing label file ./lh.BA44_exvivo.label 4581
mri_label2label: Done


 mri_label2label --srcsubject fsaverage --srclabel /out/sourcedata/freesurfer/fsaverage/label/lh.BA45_exvivo.label --trgsubject sub-v1s2x0051478_ses-1 --trglabel ./lh.BA45_exvivo.label --hemi lh --regmethod surface 


srclabel = /out/sourcedata/freesurfer/fsaverage/label/lh.BA45_exvivo.label
srcsubject = fsaverage
trgsubject = sub-v1s2x0051478_ses-1
trglabel = ./lh.BA45_exvivo.label
regmethod = surface

srchemi = lh
trghemi = lh
trgsurface = white
srcsurfreg = sphere.reg
trgsurfreg = sphere.reg
usehash = 1
Use ProjAbs  = 0, 0
Use ProjFrac = 0, 0
DoPaint 0

SUBJECTS_DIR    /out/sourcedata/freesurfer
FREESURFER_HOME /opt/freesurfer
Loading source label.
Found 3422 points in source label.
Starting surface-based mapping
Reading source registration 
 /out/sourcedata/freesurfer/fsaverage/surf/lh.sphere.reg
Rescaling ...  original radius = 100
Reading target surface 
 /out/sourcedata/freesurfer/sub-v1s2x0051478_ses-1/surf/lh.white
Reading target registration 
 /out/sourcedata/freesurfer/sub-v1s2x0051478_ses-1/surf/lh.sphere.reg
Rescaling ...  original radius = 100
Building target registration hash (res=16).
Building source registration hash (res=16).
INFO: found  3422 nlabel points
Performing mapping from target back to the source label 170808
Number of reverse mapping hits = 1194
Checking for and removing duplicates
Writing label file ./lh.BA45_exvivo.label 4616
mri_label2label: Done


 mri_label2label --srcsubject fsaverage --srclabel /out/sourcedata/freesurfer/fsaverage/label/lh.V1_exvivo.label --trgsubject sub-v1s2x0051478_ses-1 --trglabel ./lh.V1_exvivo.label --hemi lh --regmethod surface 


srclabel = /out/sourcedata/freesurfer/fsaverage/label/lh.V1_exvivo.label
srcsubject = fsaverage
trgsubject = sub-v1s2x0051478_ses-1
trglabel = ./lh.V1_exvivo.label
regmethod = surface

srchemi = lh
trghemi = lh
trgsurface = white
srcsurfreg = sphere.reg
trgsurfreg = sphere.reg
usehash = 1
Use ProjAbs  = 0, 0
Use ProjFrac = 0, 0
DoPaint 0

SUBJECTS_DIR    /out/sourcedata/freesurfer
FREESURFER_HOME /opt/freesurfer
Loading source label.
Found 4641 points in source label.
Starting surface-based mapping
Reading source registration 
 /out/sourcedata/freesurfer/fsaverage/surf/lh.sphere.reg
Rescaling ...  original radius = 100
Reading target surface 
 /out/sourcedata/freesurfer/sub-v1s2x0051478_ses-1/surf/lh.white
Reading target registration 
 /out/sourcedata/freesurfer/sub-v1s2x0051478_ses-1/surf/lh.sphere.reg
Rescaling ...  original radius = 100
Building target registration hash (res=16).
Building source registration hash (res=16).
INFO: found  4641 nlabel points
Performing mapping from target back to the source label 170808
Number of reverse mapping hits = 3789
Checking for and removing duplicates
Writing label file ./lh.V1_exvivo.label 8430
mri_label2label: Done


 mri_label2label --srcsubject fsaverage --srclabel /out/sourcedata/freesurfer/fsaverage/label/lh.V2_exvivo.label --trgsubject sub-v1s2x0051478_ses-1 --trglabel ./lh.V2_exvivo.label --hemi lh --regmethod surface 


srclabel = /out/sourcedata/freesurfer/fsaverage/label/lh.V2_exvivo.label
srcsubject = fsaverage
trgsubject = sub-v1s2x0051478_ses-1
trglabel = ./lh.V2_exvivo.label
regmethod = surface

srchemi = lh
trghemi = lh
trgsurface = white
srcsurfreg = sphere.reg
trgsurfreg = sphere.reg
usehash = 1
Use ProjAbs  = 0, 0
Use ProjFrac = 0, 0
DoPaint 0

SUBJECTS_DIR    /out/sourcedata/freesurfer
FREESURFER_HOME /opt/freesurfer
Loading source label.
Found 8114 points in source label.
Starting surface-based mapping
Reading source registration 
 /out/sourcedata/freesurfer/fsaverage/surf/lh.sphere.reg
Rescaling ...  original radius = 100
Reading target surface 
 /out/sourcedata/freesurfer/sub-v1s2x0051478_ses-1/surf/lh.white
Reading target registration 
 /out/sourcedata/freesurfer/sub-v1s2x0051478_ses-1/surf/lh.sphere.reg
Rescaling ...  original radius = 100
Building target registration hash (res=16).
Building source registration hash (res=16).
INFO: found  8114 nlabel points
Performing mapping from target back to the source label 170808
Number of reverse mapping hits = 5577
Checking for and removing duplicates
Writing label file ./lh.V2_exvivo.label 13691
mri_label2label: Done


 mri_label2label --srcsubject fsaverage --srclabel /out/sourcedata/freesurfer/fsaverage/label/lh.MT_exvivo.label --trgsubject sub-v1s2x0051478_ses-1 --trglabel ./lh.MT_exvivo.label --hemi lh --regmethod surface 


srclabel = /out/sourcedata/freesurfer/fsaverage/label/lh.MT_exvivo.label
srcsubject = fsaverage
trgsubject = sub-v1s2x0051478_ses-1
trglabel = ./lh.MT_exvivo.label
regmethod = surface

srchemi = lh
trghemi = lh
trgsurface = white
srcsurfreg = sphere.reg
trgsurfreg = sphere.reg
usehash = 1
Use ProjAbs  = 0, 0
Use ProjFrac = 0, 0
DoPaint 0

SUBJECTS_DIR    /out/sourcedata/freesurfer
FREESURFER_HOME /opt/freesurfer
Loading source label.
Found 2018 points in source label.
Starting surface-based mapping
Reading source registration 
 /out/sourcedata/freesurfer/fsaverage/surf/lh.sphere.reg
Rescaling ...  original radius = 100
Reading target surface 
 /out/sourcedata/freesurfer/sub-v1s2x0051478_ses-1/surf/lh.white
Reading target registration 
 /out/sourcedata/freesurfer/sub-v1s2x0051478_ses-1/surf/lh.sphere.reg
Rescaling ...  original radius = 100
Building target registration hash (res=16).
Building source registration hash (res=16).
INFO: found  2018 nlabel points
Performing mapping from target back to the source label 170808
Number of reverse mapping hits = 717
Checking for and removing duplicates
Writing label file ./lh.MT_exvivo.label 2735
mri_label2label: Done


 mri_label2label --srcsubject fsaverage --srclabel /out/sourcedata/freesurfer/fsaverage/label/lh.entorhinal_exvivo.label --trgsubject sub-v1s2x0051478_ses-1 --trglabel ./lh.entorhinal_exvivo.label --hemi lh --regmethod surface 


srclabel = /out/sourcedata/freesurfer/fsaverage/label/lh.entorhinal_exvivo.label
srcsubject = fsaverage
trgsubject = sub-v1s2x0051478_ses-1
trglabel = ./lh.entorhinal_exvivo.label
regmethod = surface

srchemi = lh
trghemi = lh
trgsurface = white
srcsurfreg = sphere.reg
trgsurfreg = sphere.reg
usehash = 1
Use ProjAbs  = 0, 0
Use ProjFrac = 0, 0
DoPaint 0

SUBJECTS_DIR    /out/sourcedata/freesurfer
FREESURFER_HOME /opt/freesurfer
Loading source label.
Found 1290 points in source label.
Starting surface-based mapping
Reading source registration 
 /out/sourcedata/freesurfer/fsaverage/surf/lh.sphere.reg
Rescaling ...  original radius = 100
Reading target surface 
 /out/sourcedata/freesurfer/sub-v1s2x0051478_ses-1/surf/lh.white
Reading target registration 
 /out/sourcedata/freesurfer/sub-v1s2x0051478_ses-1/surf/lh.sphere.reg
Rescaling ...  original radius = 100
Building target registration hash (res=16).
Building source registration hash (res=16).
INFO: found  1290 nlabel points
Performing mapping from target back to the source label 170808
Number of reverse mapping hits = 69
Checking for and removing duplicates
Writing label file ./lh.entorhinal_exvivo.label 1359
mri_label2label: Done


 mri_label2label --srcsubject fsaverage --srclabel /out/sourcedata/freesurfer/fsaverage/label/lh.perirhinal_exvivo.label --trgsubject sub-v1s2x0051478_ses-1 --trglabel ./lh.perirhinal_exvivo.label --hemi lh --regmethod surface 


srclabel = /out/sourcedata/freesurfer/fsaverage/label/lh.perirhinal_exvivo.label
srcsubject = fsaverage
trgsubject = sub-v1s2x0051478_ses-1
trglabel = ./lh.perirhinal_exvivo.label
regmethod = surface

srchemi = lh
trghemi = lh
trgsurface = white
srcsurfreg = sphere.reg
trgsurfreg = sphere.reg
usehash = 1
Use ProjAbs  = 0, 0
Use ProjFrac = 0, 0
DoPaint 0

SUBJECTS_DIR    /out/sourcedata/freesurfer
FREESURFER_HOME /opt/freesurfer
Loading source label.
Found 1199 points in source label.
Starting surface-based mapping
Reading source registration 
 /out/sourcedata/freesurfer/fsaverage/surf/lh.sphere.reg
Rescaling ...  original radius = 100
Reading target surface 
 /out/sourcedata/freesurfer/sub-v1s2x0051478_ses-1/surf/lh.white
Reading target registration 
 /out/sourcedata/freesurfer/sub-v1s2x0051478_ses-1/surf/lh.sphere.reg
Rescaling ...  original radius = 100
Building target registration hash (res=16).
Building source registration hash (res=16).
INFO: found  1199 nlabel points
Performing mapping from target back to the source label 170808
Number of reverse mapping hits = 36
Checking for and removing duplicates
Writing label file ./lh.perirhinal_exvivo.label 1235
mri_label2label: Done


 mri_label2label --srcsubject fsaverage --srclabel /out/sourcedata/freesurfer/fsaverage/label/lh.FG1.mpm.vpnl.label --trgsubject sub-v1s2x0051478_ses-1 --trglabel ./lh.FG1.mpm.vpnl.label --hemi lh --regmethod surface 


srclabel = /out/sourcedata/freesurfer/fsaverage/label/lh.FG1.mpm.vpnl.label
srcsubject = fsaverage
trgsubject = sub-v1s2x0051478_ses-1
trglabel = ./lh.FG1.mpm.vpnl.label
regmethod = surface

srchemi = lh
trghemi = lh
trgsurface = white
srcsurfreg = sphere.reg
trgsurfreg = sphere.reg
usehash = 1
Use ProjAbs  = 0, 0
Use ProjFrac = 0, 0
DoPaint 0

SUBJECTS_DIR    /out/sourcedata/freesurfer
FREESURFER_HOME /opt/freesurfer
Loading source label.
Found 414 points in source label.
Starting surface-based mapping
Reading source registration 
 /out/sourcedata/freesurfer/fsaverage/surf/lh.sphere.reg
Rescaling ...  original radius = 100
Reading target surface 
 /out/sourcedata/freesurfer/sub-v1s2x0051478_ses-1/surf/lh.white
Reading target registration 
 /out/sourcedata/freesurfer/sub-v1s2x0051478_ses-1/surf/lh.sphere.reg
Rescaling ...  original radius = 100
Building target registration hash (res=16).
Building source registration hash (res=16).
INFO: found  414 nlabel points
Performing mapping from target back to the source label 170808
Number of reverse mapping hits = 216
Checking for and removing duplicates
Writing label file ./lh.FG1.mpm.vpnl.label 630
mri_label2label: Done


 mri_label2label --srcsubject fsaverage --srclabel /out/sourcedata/freesurfer/fsaverage/label/lh.FG2.mpm.vpnl.label --trgsubject sub-v1s2x0051478_ses-1 --trglabel ./lh.FG2.mpm.vpnl.label --hemi lh --regmethod surface 


srclabel = /out/sourcedata/freesurfer/fsaverage/label/lh.FG2.mpm.vpnl.label
srcsubject = fsaverage
trgsubject = sub-v1s2x0051478_ses-1
trglabel = ./lh.FG2.mpm.vpnl.label
regmethod = surface

srchemi = lh
trghemi = lh
trgsurface = white
srcsurfreg = sphere.reg
trgsurfreg = sphere.reg
usehash = 1
Use ProjAbs  = 0, 0
Use ProjFrac = 0, 0
DoPaint 0

SUBJECTS_DIR    /out/sourcedata/freesurfer
FREESURFER_HOME /opt/freesurfer
Loading source label.
Found 703 points in source label.
Starting surface-based mapping
Reading source registration 
 /out/sourcedata/freesurfer/fsaverage/surf/lh.sphere.reg
Rescaling ...  original radius = 100
Reading target surface 
 /out/sourcedata/freesurfer/sub-v1s2x0051478_ses-1/surf/lh.white
Reading target registration 
 /out/sourcedata/freesurfer/sub-v1s2x0051478_ses-1/surf/lh.sphere.reg
Rescaling ...  original radius = 100
Building target registration hash (res=16).
Building source registration hash (res=16).
INFO: found  703 nlabel points
Performing mapping from target back to the source label 170808
Number of reverse mapping hits = 283
Checking for and removing duplicates
Writing label file ./lh.FG2.mpm.vpnl.label 986
mri_label2label: Done


 mri_label2label --srcsubject fsaverage --srclabel /out/sourcedata/freesurfer/fsaverage/label/lh.FG3.mpm.vpnl.label --trgsubject sub-v1s2x0051478_ses-1 --trglabel ./lh.FG3.mpm.vpnl.label --hemi lh --regmethod surface 


srclabel = /out/sourcedata/freesurfer/fsaverage/label/lh.FG3.mpm.vpnl.label
srcsubject = fsaverage
trgsubject = sub-v1s2x0051478_ses-1
trglabel = ./lh.FG3.mpm.vpnl.label
regmethod = surface

srchemi = lh
trghemi = lh
trgsurface = white
srcsurfreg = sphere.reg
trgsurfreg = sphere.reg
usehash = 1
Use ProjAbs  = 0, 0
Use ProjFrac = 0, 0
DoPaint 0

SUBJECTS_DIR    /out/sourcedata/freesurfer
FREESURFER_HOME /opt/freesurfer
Loading source label.
Found 1873 points in source label.
Starting surface-based mapping
Reading source registration 
 /out/sourcedata/freesurfer/fsaverage/surf/lh.sphere.reg
Rescaling ...  original radius = 100
Reading target surface 
 /out/sourcedata/freesurfer/sub-v1s2x0051478_ses-1/surf/lh.white
Reading target registration 
 /out/sourcedata/freesurfer/sub-v1s2x0051478_ses-1/surf/lh.sphere.reg
Rescaling ...  original radius = 100
Building target registration hash (res=16).
Building source registration hash (res=16).
INFO: found  1873 nlabel points
Performing mapping from target back to the source label 170808
Number of reverse mapping hits = 297
Checking for and removing duplicates
Writing label file ./lh.FG3.mpm.vpnl.label 2170
mri_label2label: Done


 mri_label2label --srcsubject fsaverage --srclabel /out/sourcedata/freesurfer/fsaverage/label/lh.FG4.mpm.vpnl.label --trgsubject sub-v1s2x0051478_ses-1 --trglabel ./lh.FG4.mpm.vpnl.label --hemi lh --regmethod surface 


srclabel = /out/sourcedata/freesurfer/fsaverage/label/lh.FG4.mpm.vpnl.label
srcsubject = fsaverage
trgsubject = sub-v1s2x0051478_ses-1
trglabel = ./lh.FG4.mpm.vpnl.label
regmethod = surface

srchemi = lh
trghemi = lh
trgsurface = white
srcsurfreg = sphere.reg
trgsurfreg = sphere.reg
usehash = 1
Use ProjAbs  = 0, 0
Use ProjFrac = 0, 0
DoPaint 0

SUBJECTS_DIR    /out/sourcedata/freesurfer
FREESURFER_HOME /opt/freesurfer
Loading source label.
Found 2101 points in source label.
Starting surface-based mapping
Reading source registration 
 /out/sourcedata/freesurfer/fsaverage/surf/lh.sphere.reg
Rescaling ...  original radius = 100
Reading target surface 
 /out/sourcedata/freesurfer/sub-v1s2x0051478_ses-1/surf/lh.white
Reading target registration 
 /out/sourcedata/freesurfer/sub-v1s2x0051478_ses-1/surf/lh.sphere.reg
Rescaling ...  original radius = 100
Building target registration hash (res=16).
Building source registration hash (res=16).
INFO: found  2101 nlabel points
Performing mapping from target back to the source label 170808
Number of reverse mapping hits = 837
Checking for and removing duplicates
Writing label file ./lh.FG4.mpm.vpnl.label 2938
mri_label2label: Done


 mri_label2label --srcsubject fsaverage --srclabel /out/sourcedata/freesurfer/fsaverage/label/lh.hOc1.mpm.vpnl.label --trgsubject sub-v1s2x0051478_ses-1 --trglabel ./lh.hOc1.mpm.vpnl.label --hemi lh --regmethod surface 


srclabel = /out/sourcedata/freesurfer/fsaverage/label/lh.hOc1.mpm.vpnl.label
srcsubject = fsaverage
trgsubject = sub-v1s2x0051478_ses-1
trglabel = ./lh.hOc1.mpm.vpnl.label
regmethod = surface

srchemi = lh
trghemi = lh
trgsurface = white
srcsurfreg = sphere.reg
trgsurfreg = sphere.reg
usehash = 1
Use ProjAbs  = 0, 0
Use ProjFrac = 0, 0
DoPaint 0

SUBJECTS_DIR    /out/sourcedata/freesurfer
FREESURFER_HOME /opt/freesurfer
Loading source label.
Found 3877 points in source label.
Starting surface-based mapping
Reading source registration 
 /out/sourcedata/freesurfer/fsaverage/surf/lh.sphere.reg
Rescaling ...  original radius = 100
Reading target surface 
 /out/sourcedata/freesurfer/sub-v1s2x0051478_ses-1/surf/lh.white
Reading target registration 
 /out/sourcedata/freesurfer/sub-v1s2x0051478_ses-1/surf/lh.sphere.reg
Rescaling ...  original radius = 100
Building target registration hash (res=16).
Building source registration hash (res=16).
INFO: found  3877 nlabel points
Performing mapping from target back to the source label 170808
Number of reverse mapping hits = 3354
Checking for and removing duplicates
Writing label file ./lh.hOc1.mpm.vpnl.label 7231
mri_label2label: Done


 mri_label2label --srcsubject fsaverage --srclabel /out/sourcedata/freesurfer/fsaverage/label/lh.hOc2.mpm.vpnl.label --trgsubject sub-v1s2x0051478_ses-1 --trglabel ./lh.hOc2.mpm.vpnl.label --hemi lh --regmethod surface 


srclabel = /out/sourcedata/freesurfer/fsaverage/label/lh.hOc2.mpm.vpnl.label
srcsubject = fsaverage
trgsubject = sub-v1s2x0051478_ses-1
trglabel = ./lh.hOc2.mpm.vpnl.label
regmethod = surface

srchemi = lh
trghemi = lh
trgsurface = white
srcsurfreg = sphere.reg
trgsurfreg = sphere.reg
usehash = 1
Use ProjAbs  = 0, 0
Use ProjFrac = 0, 0
DoPaint 0

SUBJECTS_DIR    /out/sourcedata/freesurfer
FREESURFER_HOME /opt/freesurfer
Loading source label.
Found 2919 points in source label.
Starting surface-based mapping
Reading source registration 
 /out/sourcedata/freesurfer/fsaverage/surf/lh.sphere.reg
Rescaling ...  original radius = 100
Reading target surface 
 /out/sourcedata/freesurfer/sub-v1s2x0051478_ses-1/surf/lh.white
Reading target registration 
 /out/sourcedata/freesurfer/sub-v1s2x0051478_ses-1/surf/lh.sphere.reg
Rescaling ...  original radius = 100
Building target registration hash (res=16).
Building source registration hash (res=16).
INFO: found  2919 nlabel points
Performing mapping from target back to the source label 170808
Number of reverse mapping hits = 2236
Checking for and removing duplicates
Writing label file ./lh.hOc2.mpm.vpnl.label 5155
mri_label2label: Done


 mri_label2label --srcsubject fsaverage --srclabel /out/sourcedata/freesurfer/fsaverage/label/lh.hOc3v.mpm.vpnl.label --trgsubject sub-v1s2x0051478_ses-1 --trglabel ./lh.hOc3v.mpm.vpnl.label --hemi lh --regmethod surface 


srclabel = /out/sourcedata/freesurfer/fsaverage/label/lh.hOc3v.mpm.vpnl.label
srcsubject = fsaverage
trgsubject = sub-v1s2x0051478_ses-1
trglabel = ./lh.hOc3v.mpm.vpnl.label
regmethod = surface

srchemi = lh
trghemi = lh
trgsurface = white
srcsurfreg = sphere.reg
trgsurfreg = sphere.reg
usehash = 1
Use ProjAbs  = 0, 0
Use ProjFrac = 0, 0
DoPaint 0

SUBJECTS_DIR    /out/sourcedata/freesurfer
FREESURFER_HOME /opt/freesurfer
Loading source label.
Found 1286 points in source label.
Starting surface-based mapping
Reading source registration 
 /out/sourcedata/freesurfer/fsaverage/surf/lh.sphere.reg
Rescaling ...  original radius = 100
Reading target surface 
 /out/sourcedata/freesurfer/sub-v1s2x0051478_ses-1/surf/lh.white
Reading target registration 
 /out/sourcedata/freesurfer/sub-v1s2x0051478_ses-1/surf/lh.sphere.reg
Rescaling ...  original radius = 100
Building target registration hash (res=16).
Building source registration hash (res=16).
INFO: found  1286 nlabel points
Performing mapping from target back to the source label 170808
Number of reverse mapping hits = 863
Checking for and removing duplicates
Writing label file ./lh.hOc3v.mpm.vpnl.label 2149
mri_label2label: Done


 mri_label2label --srcsubject fsaverage --srclabel /out/sourcedata/freesurfer/fsaverage/label/lh.hOc4v.mpm.vpnl.label --trgsubject sub-v1s2x0051478_ses-1 --trglabel ./lh.hOc4v.mpm.vpnl.label --hemi lh --regmethod surface 


srclabel = /out/sourcedata/freesurfer/fsaverage/label/lh.hOc4v.mpm.vpnl.label
srcsubject = fsaverage
trgsubject = sub-v1s2x0051478_ses-1
trglabel = ./lh.hOc4v.mpm.vpnl.label
regmethod = surface

srchemi = lh
trghemi = lh
trgsurface = white
srcsurfreg = sphere.reg
trgsurfreg = sphere.reg
usehash = 1
Use ProjAbs  = 0, 0
Use ProjFrac = 0, 0
DoPaint 0

SUBJECTS_DIR    /out/sourcedata/freesurfer
FREESURFER_HOME /opt/freesurfer
Loading source label.
Found 1006 points in source label.
Starting surface-based mapping
Reading source registration 
 /out/sourcedata/freesurfer/fsaverage/surf/lh.sphere.reg
Rescaling ...  original radius = 100
Reading target surface 
 /out/sourcedata/freesurfer/sub-v1s2x0051478_ses-1/surf/lh.white
Reading target registration 
 /out/sourcedata/freesurfer/sub-v1s2x0051478_ses-1/surf/lh.sphere.reg
Rescaling ...  original radius = 100
Building target registration hash (res=16).
Building source registration hash (res=16).
INFO: found  1006 nlabel points
Performing mapping from target back to the source label 170808
Number of reverse mapping hits = 574
Checking for and removing duplicates
Writing label file ./lh.hOc4v.mpm.vpnl.label 1580
mri_label2label: Done


 mris_label2annot --s sub-v1s2x0051478_ses-1 --ctab /opt/freesurfer/average/colortable_vpnl.txt --hemi lh --a mpm.vpnl --maxstatwinner --noverbose --l lh.FG1.mpm.vpnl.label --l lh.FG2.mpm.vpnl.label --l lh.FG3.mpm.vpnl.label --l lh.FG4.mpm.vpnl.label --l lh.hOc1.mpm.vpnl.label --l lh.hOc2.mpm.vpnl.label --l lh.hOc3v.mpm.vpnl.label --l lh.hOc4v.mpm.vpnl.label 

Reading ctab /opt/freesurfer/average/colortable_vpnl.txt
Number of ctab entries 9

7.3.2
cwd /out/sourcedata/freesurfer/sub-v1s2x0051478_ses-1/label
cmdline mris_label2annot --s sub-v1s2x0051478_ses-1 --ctab /opt/freesurfer/average/colortable_vpnl.txt --hemi lh --a mpm.vpnl --maxstatwinner --noverbose --l lh.FG1.mpm.vpnl.label --l lh.FG2.mpm.vpnl.label --l lh.FG3.mpm.vpnl.label --l lh.FG4.mpm.vpnl.label --l lh.hOc1.mpm.vpnl.label --l lh.hOc2.mpm.vpnl.label --l lh.hOc3v.mpm.vpnl.label --l lh.hOc4v.mpm.vpnl.label 
sysname  Linux
hostname dna029
machine  x86_64
user     oesteban

subject sub-v1s2x0051478_ses-1
hemi    lh
SUBJECTS_DIR /out/sourcedata/freesurfer
ColorTable /opt/freesurfer/average/colortable_vpnl.txt
AnnotName  mpm.vpnl
nlables 8
LabelThresh 0 0.000000
Loading /out/sourcedata/freesurfer/sub-v1s2x0051478_ses-1/surf/lh.orig
 1 1376057 FG1
 2 16711935 FG2
 3 16711680 FG3
 4 1705837 FG4
 5 25600 hOc1
 6 255 hOc2
 7 16776960 hOc3v
 8 65535 hOc4v
Mapping unhit to unknown
Found 148618 unhit vertices
Writing annot to /out/sourcedata/freesurfer/sub-v1s2x0051478_ses-1/label/lh.mpm.vpnl.annot

 mri_label2label --srcsubject fsaverage --srclabel /out/sourcedata/freesurfer/fsaverage/label/lh.BA1_exvivo.thresh.label --trgsubject sub-v1s2x0051478_ses-1 --trglabel ./lh.BA1_exvivo.thresh.label --hemi lh --regmethod surface 


srclabel = /out/sourcedata/freesurfer/fsaverage/label/lh.BA1_exvivo.thresh.label
srcsubject = fsaverage
trgsubject = sub-v1s2x0051478_ses-1
trglabel = ./lh.BA1_exvivo.thresh.label
regmethod = surface

srchemi = lh
trghemi = lh
trgsurface = white
srcsurfreg = sphere.reg
trgsurfreg = sphere.reg
usehash = 1
Use ProjAbs  = 0, 0
Use ProjFrac = 0, 0
DoPaint 0

SUBJECTS_DIR    /out/sourcedata/freesurfer
FREESURFER_HOME /opt/freesurfer
Loading source label.
Found 1014 points in source label.
Starting surface-based mapping
Reading source registration 
 /out/sourcedata/freesurfer/fsaverage/surf/lh.sphere.reg
Rescaling ...  original radius = 100
Reading target surface 
 /out/sourcedata/freesurfer/sub-v1s2x0051478_ses-1/surf/lh.white
Reading target registration 
 /out/sourcedata/freesurfer/sub-v1s2x0051478_ses-1/surf/lh.sphere.reg
Rescaling ...  original radius = 100
Building target registration hash (res=16).
Building source registration hash (res=16).
INFO: found  1014 nlabel points
Performing mapping from target back to the source label 170808
Number of reverse mapping hits = 255
Checking for and removing duplicates
Writing label file ./lh.BA1_exvivo.thresh.label 1269
mri_label2label: Done


 mri_label2label --srcsubject fsaverage --srclabel /out/sourcedata/freesurfer/fsaverage/label/lh.BA2_exvivo.thresh.label --trgsubject sub-v1s2x0051478_ses-1 --trglabel ./lh.BA2_exvivo.thresh.label --hemi lh --regmethod surface 


srclabel = /out/sourcedata/freesurfer/fsaverage/label/lh.BA2_exvivo.thresh.label
srcsubject = fsaverage
trgsubject = sub-v1s2x0051478_ses-1
trglabel = ./lh.BA2_exvivo.thresh.label
regmethod = surface

srchemi = lh
trghemi = lh
trgsurface = white
srcsurfreg = sphere.reg
trgsurfreg = sphere.reg
usehash = 1
Use ProjAbs  = 0, 0
Use ProjFrac = 0, 0
DoPaint 0

SUBJECTS_DIR    /out/sourcedata/freesurfer
FREESURFER_HOME /opt/freesurfer
Loading source label.
Found 2092 points in source label.
Starting surface-based mapping
Reading source registration 
 /out/sourcedata/freesurfer/fsaverage/surf/lh.sphere.reg
Rescaling ...  original radius = 100
Reading target surface 
 /out/sourcedata/freesurfer/sub-v1s2x0051478_ses-1/surf/lh.white
Reading target registration 
 /out/sourcedata/freesurfer/sub-v1s2x0051478_ses-1/surf/lh.sphere.reg
Rescaling ...  original radius = 100
Building target registration hash (res=16).
Building source registration hash (res=16).
INFO: found  2092 nlabel points
Performing mapping from target back to the source label 170808
Number of reverse mapping hits = 463
Checking for and removing duplicates
Writing label file ./lh.BA2_exvivo.thresh.label 2555
mri_label2label: Done


 mri_label2label --srcsubject fsaverage --srclabel /out/sourcedata/freesurfer/fsaverage/label/lh.BA3a_exvivo.thresh.label --trgsubject sub-v1s2x0051478_ses-1 --trglabel ./lh.BA3a_exvivo.thresh.label --hemi lh --regmethod surface 


srclabel = /out/sourcedata/freesurfer/fsaverage/label/lh.BA3a_exvivo.thresh.label
srcsubject = fsaverage
trgsubject = sub-v1s2x0051478_ses-1
trglabel = ./lh.BA3a_exvivo.thresh.label
regmethod = surface

srchemi = lh
trghemi = lh
trgsurface = white
srcsurfreg = sphere.reg
trgsurfreg = sphere.reg
usehash = 1
Use ProjAbs  = 0, 0
Use ProjFrac = 0, 0
DoPaint 0

SUBJECTS_DIR    /out/sourcedata/freesurfer
FREESURFER_HOME /opt/freesurfer
Loading source label.
Found 1504 points in source label.
Starting surface-based mapping
Reading source registration 
 /out/sourcedata/freesurfer/fsaverage/surf/lh.sphere.reg
Rescaling ...  original radius = 100
Reading target surface 
 /out/sourcedata/freesurfer/sub-v1s2x0051478_ses-1/surf/lh.white
Reading target registration 
 /out/sourcedata/freesurfer/sub-v1s2x0051478_ses-1/surf/lh.sphere.reg
Rescaling ...  original radius = 100
Building target registration hash (res=16).
Building source registration hash (res=16).
INFO: found  1504 nlabel points
Performing mapping from target back to the source label 170808
Number of reverse mapping hits = 41
Checking for and removing duplicates
Writing label file ./lh.BA3a_exvivo.thresh.label 1545
mri_label2label: Done


 mri_label2label --srcsubject fsaverage --srclabel /out/sourcedata/freesurfer/fsaverage/label/lh.BA3b_exvivo.thresh.label --trgsubject sub-v1s2x0051478_ses-1 --trglabel ./lh.BA3b_exvivo.thresh.label --hemi lh --regmethod surface 


srclabel = /out/sourcedata/freesurfer/fsaverage/label/lh.BA3b_exvivo.thresh.label
srcsubject = fsaverage
trgsubject = sub-v1s2x0051478_ses-1
trglabel = ./lh.BA3b_exvivo.thresh.label
regmethod = surface

srchemi = lh
trghemi = lh
trgsurface = white
srcsurfreg = sphere.reg
trgsurfreg = sphere.reg
usehash = 1
Use ProjAbs  = 0, 0
Use ProjFrac = 0, 0
DoPaint 0

SUBJECTS_DIR    /out/sourcedata/freesurfer
FREESURFER_HOME /opt/freesurfer
Loading source label.
Found 1996 points in source label.
Starting surface-based mapping
Reading source registration 
 /out/sourcedata/freesurfer/fsaverage/surf/lh.sphere.reg
Rescaling ...  original radius = 100
Reading target surface 
 /out/sourcedata/freesurfer/sub-v1s2x0051478_ses-1/surf/lh.white
Reading target registration 
 /out/sourcedata/freesurfer/sub-v1s2x0051478_ses-1/surf/lh.sphere.reg
Rescaling ...  original radius = 100
Building target registration hash (res=16).
Building source registration hash (res=16).
INFO: found  1996 nlabel points
Performing mapping from target back to the source label 170808
Number of reverse mapping hits = 123
Checking for and removing duplicates
Writing label file ./lh.BA3b_exvivo.thresh.label 2119
mri_label2label: Done


 mri_label2label --srcsubject fsaverage --srclabel /out/sourcedata/freesurfer/fsaverage/label/lh.BA4a_exvivo.thresh.label --trgsubject sub-v1s2x0051478_ses-1 --trglabel ./lh.BA4a_exvivo.thresh.label --hemi lh --regmethod surface 


srclabel = /out/sourcedata/freesurfer/fsaverage/label/lh.BA4a_exvivo.thresh.label
srcsubject = fsaverage
trgsubject = sub-v1s2x0051478_ses-1
trglabel = ./lh.BA4a_exvivo.thresh.label
regmethod = surface

srchemi = lh
trghemi = lh
trgsurface = white
srcsurfreg = sphere.reg
trgsurfreg = sphere.reg
usehash = 1
Use ProjAbs  = 0, 0
Use ProjFrac = 0, 0
DoPaint 0

SUBJECTS_DIR    /out/sourcedata/freesurfer
FREESURFER_HOME /opt/freesurfer
Loading source label.
Found 2319 points in source label.
Starting surface-based mapping
Reading source registration 
 /out/sourcedata/freesurfer/fsaverage/surf/lh.sphere.reg
Rescaling ...  original radius = 100
Reading target surface 
 /out/sourcedata/freesurfer/sub-v1s2x0051478_ses-1/surf/lh.white
Reading target registration 
 /out/sourcedata/freesurfer/sub-v1s2x0051478_ses-1/surf/lh.sphere.reg
Rescaling ...  original radius = 100
Building target registration hash (res=16).
Building source registration hash (res=16).
INFO: found  2319 nlabel points
Performing mapping from target back to the source label 170808
Number of reverse mapping hits = 367
Checking for and removing duplicates
Writing label file ./lh.BA4a_exvivo.thresh.label 2686
mri_label2label: Done


 mri_label2label --srcsubject fsaverage --srclabel /out/sourcedata/freesurfer/fsaverage/label/lh.BA4p_exvivo.thresh.label --trgsubject sub-v1s2x0051478_ses-1 --trglabel ./lh.BA4p_exvivo.thresh.label --hemi lh --regmethod surface 


srclabel = /out/sourcedata/freesurfer/fsaverage/label/lh.BA4p_exvivo.thresh.label
srcsubject = fsaverage
trgsubject = sub-v1s2x0051478_ses-1
trglabel = ./lh.BA4p_exvivo.thresh.label
regmethod = surface

srchemi = lh
trghemi = lh
trgsurface = white
srcsurfreg = sphere.reg
trgsurfreg = sphere.reg
usehash = 1
Use ProjAbs  = 0, 0
Use ProjFrac = 0, 0
DoPaint 0

SUBJECTS_DIR    /out/sourcedata/freesurfer
FREESURFER_HOME /opt/freesurfer
Loading source label.
Found 1549 points in source label.
Starting surface-based mapping
Reading source registration 
 /out/sourcedata/freesurfer/fsaverage/surf/lh.sphere.reg
Rescaling ...  original radius = 100
Reading target surface 
 /out/sourcedata/freesurfer/sub-v1s2x0051478_ses-1/surf/lh.white
Reading target registration 
 /out/sourcedata/freesurfer/sub-v1s2x0051478_ses-1/surf/lh.sphere.reg
Rescaling ...  original radius = 100
Building target registration hash (res=16).
Building source registration hash (res=16).
INFO: found  1549 nlabel points
Performing mapping from target back to the source label 170808
Number of reverse mapping hits = 228
Checking for and removing duplicates
Writing label file ./lh.BA4p_exvivo.thresh.label 1777
mri_label2label: Done


 mri_label2label --srcsubject fsaverage --srclabel /out/sourcedata/freesurfer/fsaverage/label/lh.BA6_exvivo.thresh.label --trgsubject sub-v1s2x0051478_ses-1 --trglabel ./lh.BA6_exvivo.thresh.label --hemi lh --regmethod surface 


srclabel = /out/sourcedata/freesurfer/fsaverage/label/lh.BA6_exvivo.thresh.label
srcsubject = fsaverage
trgsubject = sub-v1s2x0051478_ses-1
trglabel = ./lh.BA6_exvivo.thresh.label
regmethod = surface

srchemi = lh
trghemi = lh
trgsurface = white
srcsurfreg = sphere.reg
trgsurfreg = sphere.reg
usehash = 1
Use ProjAbs  = 0, 0
Use ProjFrac = 0, 0
DoPaint 0

SUBJECTS_DIR    /out/sourcedata/freesurfer
FREESURFER_HOME /opt/freesurfer
Loading source label.
Found 7035 points in source label.
Starting surface-based mapping
Reading source registration 
 /out/sourcedata/freesurfer/fsaverage/surf/lh.sphere.reg
Rescaling ...  original radius = 100
Reading target surface 
 /out/sourcedata/freesurfer/sub-v1s2x0051478_ses-1/surf/lh.white
Reading target registration 
 /out/sourcedata/freesurfer/sub-v1s2x0051478_ses-1/surf/lh.sphere.reg
Rescaling ...  original radius = 100
Building target registration hash (res=16).
Building source registration hash (res=16).
INFO: found  7035 nlabel points
Performing mapping from target back to the source label 170808
Number of reverse mapping hits = 1267
Checking for and removing duplicates
Writing label file ./lh.BA6_exvivo.thresh.label 8302
mri_label2label: Done


 mri_label2label --srcsubject fsaverage --srclabel /out/sourcedata/freesurfer/fsaverage/label/lh.BA44_exvivo.thresh.label --trgsubject sub-v1s2x0051478_ses-1 --trglabel ./lh.BA44_exvivo.thresh.label --hemi lh --regmethod surface 


srclabel = /out/sourcedata/freesurfer/fsaverage/label/lh.BA44_exvivo.thresh.label
srcsubject = fsaverage
trgsubject = sub-v1s2x0051478_ses-1
trglabel = ./lh.BA44_exvivo.thresh.label
regmethod = surface

srchemi = lh
trghemi = lh
trgsurface = white
srcsurfreg = sphere.reg
trgsurfreg = sphere.reg
usehash = 1
Use ProjAbs  = 0, 0
Use ProjFrac = 0, 0
DoPaint 0

SUBJECTS_DIR    /out/sourcedata/freesurfer
FREESURFER_HOME /opt/freesurfer
Loading source label.
Found 1912 points in source label.
Starting surface-based mapping
Reading source registration 
 /out/sourcedata/freesurfer/fsaverage/surf/lh.sphere.reg
Rescaling ...  original radius = 100
Reading target surface 
 /out/sourcedata/freesurfer/sub-v1s2x0051478_ses-1/surf/lh.white
Reading target registration 
 /out/sourcedata/freesurfer/sub-v1s2x0051478_ses-1/surf/lh.sphere.reg
Rescaling ...  original radius = 100
Building target registration hash (res=16).
Building source registration hash (res=16).
INFO: found  1912 nlabel points
Performing mapping from target back to the source label 170808
Number of reverse mapping hits = 97
Checking for and removing duplicates
Writing label file ./lh.BA44_exvivo.thresh.label 2009
mri_label2label: Done


 mri_label2label --srcsubject fsaverage --srclabel /out/sourcedata/freesurfer/fsaverage/label/lh.BA45_exvivo.thresh.label --trgsubject sub-v1s2x0051478_ses-1 --trglabel ./lh.BA45_exvivo.thresh.label --hemi lh --regmethod surface 


srclabel = /out/sourcedata/freesurfer/fsaverage/label/lh.BA45_exvivo.thresh.label
srcsubject = fsaverage
trgsubject = sub-v1s2x0051478_ses-1
trglabel = ./lh.BA45_exvivo.thresh.label
regmethod = surface

srchemi = lh
trghemi = lh
trgsurface = white
srcsurfreg = sphere.reg
trgsurfreg = sphere.reg
usehash = 1
Use ProjAbs  = 0, 0
Use ProjFrac = 0, 0
DoPaint 0

SUBJECTS_DIR    /out/sourcedata/freesurfer
FREESURFER_HOME /opt/freesurfer
Loading source label.
Found 1151 points in source label.
Starting surface-based mapping
Reading source registration 
 /out/sourcedata/freesurfer/fsaverage/surf/lh.sphere.reg
Rescaling ...  original radius = 100
Reading target surface 
 /out/sourcedata/freesurfer/sub-v1s2x0051478_ses-1/surf/lh.white
Reading target registration 
 /out/sourcedata/freesurfer/sub-v1s2x0051478_ses-1/surf/lh.sphere.reg
Rescaling ...  original radius = 100
Building target registration hash (res=16).
Building source registration hash (res=16).
INFO: found  1151 nlabel points
Performing mapping from target back to the source label 170808
Number of reverse mapping hits = 496
Checking for and removing duplicates
Writing label file ./lh.BA45_exvivo.thresh.label 1647
mri_label2label: Done


 mri_label2label --srcsubject fsaverage --srclabel /out/sourcedata/freesurfer/fsaverage/label/lh.V1_exvivo.thresh.label --trgsubject sub-v1s2x0051478_ses-1 --trglabel ./lh.V1_exvivo.thresh.label --hemi lh --regmethod surface 


srclabel = /out/sourcedata/freesurfer/fsaverage/label/lh.V1_exvivo.thresh.label
srcsubject = fsaverage
trgsubject = sub-v1s2x0051478_ses-1
trglabel = ./lh.V1_exvivo.thresh.label
regmethod = surface

srchemi = lh
trghemi = lh
trgsurface = white
srcsurfreg = sphere.reg
trgsurfreg = sphere.reg
usehash = 1
Use ProjAbs  = 0, 0
Use ProjFrac = 0, 0
DoPaint 0

SUBJECTS_DIR    /out/sourcedata/freesurfer
FREESURFER_HOME /opt/freesurfer
Loading source label.
Found 3405 points in source label.
Starting surface-based mapping
Reading source registration 
 /out/sourcedata/freesurfer/fsaverage/surf/lh.sphere.reg
Rescaling ...  original radius = 100
Reading target surface 
 /out/sourcedata/freesurfer/sub-v1s2x0051478_ses-1/surf/lh.white
Reading target registration 
 /out/sourcedata/freesurfer/sub-v1s2x0051478_ses-1/surf/lh.sphere.reg
Rescaling ...  original radius = 100
Building target registration hash (res=16).
Building source registration hash (res=16).
INFO: found  3405 nlabel points
Performing mapping from target back to the source label 170808
Number of reverse mapping hits = 2997
Checking for and removing duplicates
Writing label file ./lh.V1_exvivo.thresh.label 6402
mri_label2label: Done


 mri_label2label --srcsubject fsaverage --srclabel /out/sourcedata/freesurfer/fsaverage/label/lh.V2_exvivo.thresh.label --trgsubject sub-v1s2x0051478_ses-1 --trglabel ./lh.V2_exvivo.thresh.label --hemi lh --regmethod surface 


srclabel = /out/sourcedata/freesurfer/fsaverage/label/lh.V2_exvivo.thresh.label
srcsubject = fsaverage
trgsubject = sub-v1s2x0051478_ses-1
trglabel = ./lh.V2_exvivo.thresh.label
regmethod = surface

srchemi = lh
trghemi = lh
trgsurface = white
srcsurfreg = sphere.reg
trgsurfreg = sphere.reg
usehash = 1
Use ProjAbs  = 0, 0
Use ProjFrac = 0, 0
DoPaint 0

SUBJECTS_DIR    /out/sourcedata/freesurfer
FREESURFER_HOME /opt/freesurfer
Loading source label.
Found 3334 points in source label.
Starting surface-based mapping
Reading source registration 
 /out/sourcedata/freesurfer/fsaverage/surf/lh.sphere.reg
Rescaling ...  original radius = 100
Reading target surface 
 /out/sourcedata/freesurfer/sub-v1s2x0051478_ses-1/surf/lh.white
Reading target registration 
 /out/sourcedata/freesurfer/sub-v1s2x0051478_ses-1/surf/lh.sphere.reg
Rescaling ...  original radius = 100
Building target registration hash (res=16).
Building source registration hash (res=16).
INFO: found  3334 nlabel points
Performing mapping from target back to the source label 170808
Number of reverse mapping hits = 2535
Checking for and removing duplicates
Writing label file ./lh.V2_exvivo.thresh.label 5869
mri_label2label: Done


 mri_label2label --srcsubject fsaverage --srclabel /out/sourcedata/freesurfer/fsaverage/label/lh.MT_exvivo.thresh.label --trgsubject sub-v1s2x0051478_ses-1 --trglabel ./lh.MT_exvivo.thresh.label --hemi lh --regmethod surface 


srclabel = /out/sourcedata/freesurfer/fsaverage/label/lh.MT_exvivo.thresh.label
srcsubject = fsaverage
trgsubject = sub-v1s2x0051478_ses-1
trglabel = ./lh.MT_exvivo.thresh.label
regmethod = surface

srchemi = lh
trghemi = lh
trgsurface = white
srcsurfreg = sphere.reg
trgsurfreg = sphere.reg
usehash = 1
Use ProjAbs  = 0, 0
Use ProjFrac = 0, 0
DoPaint 0

SUBJECTS_DIR    /out/sourcedata/freesurfer
FREESURFER_HOME /opt/freesurfer
Loading source label.
Found 513 points in source label.
Starting surface-based mapping
Reading source registration 
 /out/sourcedata/freesurfer/fsaverage/surf/lh.sphere.reg
Rescaling ...  original radius = 100
Reading target surface 
 /out/sourcedata/freesurfer/sub-v1s2x0051478_ses-1/surf/lh.white
Reading target registration 
 /out/sourcedata/freesurfer/sub-v1s2x0051478_ses-1/surf/lh.sphere.reg
Rescaling ...  original radius = 100
Building target registration hash (res=16).
Building source registration hash (res=16).
INFO: found  513 nlabel points
Performing mapping from target back to the source label 170808
Number of reverse mapping hits = 194
Checking for and removing duplicates
Writing label file ./lh.MT_exvivo.thresh.label 707
mri_label2label: Done


 mri_label2label --srcsubject fsaverage --srclabel /out/sourcedata/freesurfer/fsaverage/label/lh.entorhinal_exvivo.thresh.label --trgsubject sub-v1s2x0051478_ses-1 --trglabel ./lh.entorhinal_exvivo.thresh.label --hemi lh --regmethod surface 


srclabel = /out/sourcedata/freesurfer/fsaverage/label/lh.entorhinal_exvivo.thresh.label
srcsubject = fsaverage
trgsubject = sub-v1s2x0051478_ses-1
trglabel = ./lh.entorhinal_exvivo.thresh.label
regmethod = surface

srchemi = lh
trghemi = lh
trgsurface = white
srcsurfreg = sphere.reg
trgsurfreg = sphere.reg
usehash = 1
Use ProjAbs  = 0, 0
Use ProjFrac = 0, 0
DoPaint 0

SUBJECTS_DIR    /out/sourcedata/freesurfer
FREESURFER_HOME /opt/freesurfer
Loading source label.
Found 470 points in source label.
Starting surface-based mapping
Reading source registration 
 /out/sourcedata/freesurfer/fsaverage/surf/lh.sphere.reg
Rescaling ...  original radius = 100
Reading target surface 
 /out/sourcedata/freesurfer/sub-v1s2x0051478_ses-1/surf/lh.white
Reading target registration 
 /out/sourcedata/freesurfer/sub-v1s2x0051478_ses-1/surf/lh.sphere.reg
Rescaling ...  original radius = 100
Building target registration hash (res=16).
Building source registration hash (res=16).
INFO: found  470 nlabel points
Performing mapping from target back to the source label 170808
Number of reverse mapping hits = 30
Checking for and removing duplicates
Writing label file ./lh.entorhinal_exvivo.thresh.label 500
mri_label2label: Done


 mri_label2label --srcsubject fsaverage --srclabel /out/sourcedata/freesurfer/fsaverage/label/lh.perirhinal_exvivo.thresh.label --trgsubject sub-v1s2x0051478_ses-1 --trglabel ./lh.perirhinal_exvivo.thresh.label --hemi lh --regmethod surface 


srclabel = /out/sourcedata/freesurfer/fsaverage/label/lh.perirhinal_exvivo.thresh.label
srcsubject = fsaverage
trgsubject = sub-v1s2x0051478_ses-1
trglabel = ./lh.perirhinal_exvivo.thresh.label
regmethod = surface

srchemi = lh
trghemi = lh
trgsurface = white
srcsurfreg = sphere.reg
trgsurfreg = sphere.reg
usehash = 1
Use ProjAbs  = 0, 0
Use ProjFrac = 0, 0
DoPaint 0

SUBJECTS_DIR    /out/sourcedata/freesurfer
FREESURFER_HOME /opt/freesurfer
Loading source label.
Found 450 points in source label.
Starting surface-based mapping
Reading source registration 
 /out/sourcedata/freesurfer/fsaverage/surf/lh.sphere.reg
Rescaling ...  original radius = 100
Reading target surface 
 /out/sourcedata/freesurfer/sub-v1s2x0051478_ses-1/surf/lh.white
Reading target registration 
 /out/sourcedata/freesurfer/sub-v1s2x0051478_ses-1/surf/lh.sphere.reg
Rescaling ...  original radius = 100
Building target registration hash (res=16).
Building source registration hash (res=16).
INFO: found  450 nlabel points
Performing mapping from target back to the source label 170808
Number of reverse mapping hits = 15
Checking for and removing duplicates
Writing label file ./lh.perirhinal_exvivo.thresh.label 465
mri_label2label: Done


 mris_label2annot --s sub-v1s2x0051478_ses-1 --hemi lh --ctab /opt/freesurfer/average/colortable_BA.txt --l lh.BA1_exvivo.label --l lh.BA2_exvivo.label --l lh.BA3a_exvivo.label --l lh.BA3b_exvivo.label --l lh.BA4a_exvivo.label --l lh.BA4p_exvivo.label --l lh.BA6_exvivo.label --l lh.BA44_exvivo.label --l lh.BA45_exvivo.label --l lh.V1_exvivo.label --l lh.V2_exvivo.label --l lh.MT_exvivo.label --l lh.perirhinal_exvivo.label --l lh.entorhinal_exvivo.label --a BA_exvivo --maxstatwinner --noverbose 

Reading ctab /opt/freesurfer/average/colortable_BA.txt
Number of ctab entries 15

7.3.2
cwd /out/sourcedata/freesurfer/sub-v1s2x0051478_ses-1/label
cmdline mris_label2annot --s sub-v1s2x0051478_ses-1 --hemi lh --ctab /opt/freesurfer/average/colortable_BA.txt --l lh.BA1_exvivo.label --l lh.BA2_exvivo.label --l lh.BA3a_exvivo.label --l lh.BA3b_exvivo.label --l lh.BA4a_exvivo.label --l lh.BA4p_exvivo.label --l lh.BA6_exvivo.label --l lh.BA44_exvivo.label --l lh.BA45_exvivo.label --l lh.V1_exvivo.label --l lh.V2_exvivo.label --l lh.MT_exvivo.label --l lh.perirhinal_exvivo.label --l lh.entorhinal_exvivo.label --a BA_exvivo --maxstatwinner --noverbose 
sysname  Linux
hostname dna029
machine  x86_64
user     oesteban

subject sub-v1s2x0051478_ses-1
hemi    lh
SUBJECTS_DIR /out/sourcedata/freesurfer
ColorTable /opt/freesurfer/average/colortable_BA.txt
AnnotName  BA_exvivo
nlables 14
LabelThresh 0 0.000000
Loading /out/sourcedata/freesurfer/sub-v1s2x0051478_ses-1/surf/lh.orig
 1 1530880 BA1_exvivo
 2 16749699 BA2_exvivo
 3 16711680 BA3a_exvivo
 4 3368703 BA3b_exvivo
 5 1376196 BA4a_exvivo
 6 13382655 BA4p_exvivo
 7 10036737 BA6_exvivo
 8 2490521 BA44_exvivo
 9 39283 BA45_exvivo
10 3993 V1_exvivo
11 8508928 V2_exvivo
12 10027163 MT_exvivo
13 16422433 perirhinal_exvivo
14 16392598 entorhinal_exvivo
Mapping unhit to unknown
Found 113605 unhit vertices
Writing annot to /out/sourcedata/freesurfer/sub-v1s2x0051478_ses-1/label/lh.BA_exvivo.annot

 mris_label2annot --s sub-v1s2x0051478_ses-1 --hemi lh --ctab /opt/freesurfer/average/colortable_BA.txt --l lh.BA1_exvivo.thresh.label --l lh.BA2_exvivo.thresh.label --l lh.BA3a_exvivo.thresh.label --l lh.BA3b_exvivo.thresh.label --l lh.BA4a_exvivo.thresh.label --l lh.BA4p_exvivo.thresh.label --l lh.BA6_exvivo.thresh.label --l lh.BA44_exvivo.thresh.label --l lh.BA45_exvivo.thresh.label --l lh.V1_exvivo.thresh.label --l lh.V2_exvivo.thresh.label --l lh.MT_exvivo.thresh.label --l lh.perirhinal_exvivo.thresh.label --l lh.entorhinal_exvivo.thresh.label --a BA_exvivo.thresh --maxstatwinner --noverbose 

Reading ctab /opt/freesurfer/average/colortable_BA.txt
Number of ctab entries 15

7.3.2
cwd /out/sourcedata/freesurfer/sub-v1s2x0051478_ses-1/label
cmdline mris_label2annot --s sub-v1s2x0051478_ses-1 --hemi lh --ctab /opt/freesurfer/average/colortable_BA.txt --l lh.BA1_exvivo.thresh.label --l lh.BA2_exvivo.thresh.label --l lh.BA3a_exvivo.thresh.label --l lh.BA3b_exvivo.thresh.label --l lh.BA4a_exvivo.thresh.label --l lh.BA4p_exvivo.thresh.label --l lh.BA6_exvivo.thresh.label --l lh.BA44_exvivo.thresh.label --l lh.BA45_exvivo.thresh.label --l lh.V1_exvivo.thresh.label --l lh.V2_exvivo.thresh.label --l lh.MT_exvivo.thresh.label --l lh.perirhinal_exvivo.thresh.label --l lh.entorhinal_exvivo.thresh.label --a BA_exvivo.thresh --maxstatwinner --noverbose 
sysname  Linux
hostname dna029
machine  x86_64
user     oesteban

subject sub-v1s2x0051478_ses-1
hemi    lh
SUBJECTS_DIR /out/sourcedata/freesurfer
ColorTable /opt/freesurfer/average/colortable_BA.txt
AnnotName  BA_exvivo.thresh
nlables 14
LabelThresh 0 0.000000
Loading /out/sourcedata/freesurfer/sub-v1s2x0051478_ses-1/surf/lh.orig
 1 1530880 BA1_exvivo
 2 16749699 BA2_exvivo
 3 16711680 BA3a_exvivo
 4 3368703 BA3b_exvivo
 5 1376196 BA4a_exvivo
 6 13382655 BA4p_exvivo
 7 10036737 BA6_exvivo
 8 2490521 BA44_exvivo
 9 39283 BA45_exvivo
10 3993 V1_exvivo
11 8508928 V2_exvivo
12 10027163 MT_exvivo
13 16422433 perirhinal_exvivo
14 16392598 entorhinal_exvivo
Mapping unhit to unknown
Found 136836 unhit vertices
Writing annot to /out/sourcedata/freesurfer/sub-v1s2x0051478_ses-1/label/lh.BA_exvivo.thresh.annot

 mris_anatomical_stats -th3 -mgz -noglobal -f ../stats/lh.BA_exvivo.stats -b -a ./lh.BA_exvivo.annot -c ./BA_exvivo.ctab sub-v1s2x0051478_ses-1 lh white 

computing statistics for each annotation in ./lh.BA_exvivo.annot.
reading volume /out/sourcedata/freesurfer/sub-v1s2x0051478_ses-1/mri/wm.mgz...
reading input surface /out/sourcedata/freesurfer/sub-v1s2x0051478_ses-1/surf/lh.white...
reading input pial surface /out/sourcedata/freesurfer/sub-v1s2x0051478_ses-1/surf/lh.pial...
reading input white surface /out/sourcedata/freesurfer/sub-v1s2x0051478_ses-1/surf/lh.white...
INFO: using TH3 volume calc
INFO: assuming MGZ format for volumes.
INFO: not computing global stats
Using TH3 vertex volume calc
Total face volume 276724
Total vertex volume 276491 (mask=0)
Saving annotation colortable ./BA_exvivo.ctab

table columns are:
    number of vertices
    total surface area (mm^2)
    total gray matter volume (mm^3)
    average cortical thickness +- standard deviation (mm)
    integrated rectified mean curvature
    integrated rectified Gaussian curvature
    folding index
    intrinsic curvature index
    structure name

 1644    804   2159  2.097 0.575     0.095     0.019       15     1.4  BA1_exvivo
 5470   3243   7193  2.134 0.554     0.094     0.019       39     4.0  BA2_exvivo
 1215    833   1104  1.656 0.380     0.130     0.027       10     1.3  BA3a_exvivo
 3019   1888   3646  1.804 0.567     0.093     0.016       18     2.0  BA3b_exvivo
 2288   1238   2886  2.246 0.590     0.087     0.015       12     1.6  BA4a_exvivo
 1902   1113   2689  2.464 0.527     0.087     0.016        9     1.4  BA4p_exvivo
13961   8294  25797  2.748 0.519     0.097     0.018      105    10.4  BA6_exvivo
 2703   1741   5545  2.816 0.458     0.096     0.015       19     1.6  BA44_exvivo
 3864   2528   7031  2.584 0.440     0.109     0.022       33     3.6  BA45_exvivo
 6012   3861   5678  1.522 0.450     0.124     0.027       66     7.1  V1_exvivo
11258   7397  12519  1.684 0.524     0.140     0.033      147    17.3  V2_exvivo
 2592   1540   3687  2.240 0.412     0.106     0.021       23     2.1  MT_exvivo
  629    448   2265  3.489 0.702     0.139     0.029       13     0.7  perirhinal_exvivo
  646    424   1921  3.032 0.920     0.100     0.019        5     0.6  entorhinal_exvivo

 mris_anatomical_stats -th3 -mgz -f ../stats/lh.BA_exvivo.thresh.stats -noglobal -b -a ./lh.BA_exvivo.thresh.annot -c ./BA_exvivo.thresh.ctab sub-v1s2x0051478_ses-1 lh white 

computing statistics for each annotation in ./lh.BA_exvivo.thresh.annot.
reading volume /out/sourcedata/freesurfer/sub-v1s2x0051478_ses-1/mri/wm.mgz...
reading input surface /out/sourcedata/freesurfer/sub-v1s2x0051478_ses-1/surf/lh.white...
reading input pial surface /out/sourcedata/freesurfer/sub-v1s2x0051478_ses-1/surf/lh.pial...
reading input white surface /out/sourcedata/freesurfer/sub-v1s2x0051478_ses-1/surf/lh.white...
INFO: using TH3 volume calc
INFO: assuming MGZ format for volumes.
INFO: not computing global stats
Using TH3 vertex volume calc
Total face volume 276724
Total vertex volume 276491 (mask=0)
Saving annotation colortable ./BA_exvivo.thresh.ctab

table columns are:
    number of vertices
    total surface area (mm^2)
    total gray matter volume (mm^3)
    average cortical thickness +- standard deviation (mm)
    integrated rectified mean curvature
    integrated rectified Gaussian curvature
    folding index
    intrinsic curvature index
    structure name

 1150    531   1501  2.143 0.544     0.091     0.019       10     1.0  BA1_exvivo
 2315   1323   2876  2.090 0.561     0.083     0.016       13     1.4  BA2_exvivo
 1056    733    904  1.615 0.330     0.132     0.025        8     1.1  BA3a_exvivo
 1764   1106   1684  1.515 0.322     0.076     0.011        7     0.9  BA3b_exvivo
 2274   1242   2956  2.313 0.622     0.080     0.014       10     1.5  BA4a_exvivo
 1504    881   2102  2.470 0.520     0.090     0.017        8     1.1  BA4p_exvivo
 7189   4021  12623  2.723 0.553     0.094     0.019       53     5.7  BA6_exvivo
 1607   1030   3530  2.884 0.475     0.092     0.015       12     0.9  BA44_exvivo
 1593   1046   3507  2.742 0.428     0.116     0.023       17     1.7  BA45_exvivo
 6373   4096   6057  1.518 0.446     0.126     0.027       70     7.6  V1_exvivo
 5766   3908   6066  1.595 0.498     0.156     0.039       91    11.1  V2_exvivo
  694    412   1002  2.247 0.404     0.116     0.022        7     0.7  MT_exvivo
  278    190   1010  3.747 0.601     0.146     0.030        7     0.4  perirhinal_exvivo
  409    287   1124  3.085 0.706     0.101     0.015        3     0.3  entorhinal_exvivo

Started at Tue Mar 10 01:07:44 CET 2026 
Ended   at Tue Mar 10 01:11:40 CET 2026
#@#%# recon-all-run-time-hours 0.066
recon-all -s sub-v1s2x0051478_ses-1 finished without error at Tue Mar 10 01:11:40 CET 2026
