global_signal	global_signal_derivative1	global_signal_power2	global_signal_derivative1_power2	csf	csf_derivative1	csf_derivative1_power2	csf_power2	white_matter	white_matter_derivative1	white_matter_power2	white_matter_derivative1_power2	csf_wm	tcompcor	std_dvars	dvars	framewise_displacement	rmsd	t_comp_cor_00	t_comp_cor_01	t_comp_cor_02	t_comp_cor_03	c_comp_cor_00	c_comp_cor_01	c_comp_cor_02	c_comp_cor_03	c_comp_cor_04	c_comp_cor_05	c_comp_cor_06	c_comp_cor_07	c_comp_cor_08	c_comp_cor_09	c_comp_cor_10	w_comp_cor_00	w_comp_cor_01	w_comp_cor_02	w_comp_cor_03	w_comp_cor_04	w_comp_cor_05	w_comp_cor_06	w_comp_cor_07	w_comp_cor_08	w_comp_cor_09	w_comp_cor_10	w_comp_cor_11	w_comp_cor_12	w_comp_cor_13	w_comp_cor_14	w_comp_cor_15	w_comp_cor_16	w_comp_cor_17	w_comp_cor_18	w_comp_cor_19	w_comp_cor_20	w_comp_cor_21	w_comp_cor_22	w_comp_cor_23	w_comp_cor_24	w_comp_cor_25	w_comp_cor_26	w_comp_cor_27	a_comp_cor_00	a_comp_cor_01	a_comp_cor_02	a_comp_cor_03	a_comp_cor_04	a_comp_cor_05	a_comp_cor_06	a_comp_cor_07	a_comp_cor_08	a_comp_cor_09	a_comp_cor_10	a_comp_cor_11	a_comp_cor_12	a_comp_cor_13	a_comp_cor_14	a_comp_cor_15	a_comp_cor_16	a_comp_cor_17	a_comp_cor_18	a_comp_cor_19	a_comp_cor_20	a_comp_cor_21	edge_comp_00	edge_comp_01	edge_comp_02	edge_comp_03	edge_comp_04	edge_comp_05	edge_comp_06	edge_comp_07	edge_comp_08	edge_comp_09	edge_comp_10	edge_comp_11	edge_comp_12	edge_comp_13	edge_comp_14	edge_comp_15	edge_comp_16	edge_comp_17	edge_comp_18	edge_comp_19	edge_comp_20	edge_comp_21	edge_comp_22	edge_comp_23	cosine00	cosine01	cosine02	trans_x	trans_x_derivative1	trans_x_power2	trans_x_derivative1_power2	trans_y	trans_y_derivative1	trans_y_power2	trans_y_derivative1_power2	trans_z	trans_z_derivative1	trans_z_power2	trans_z_derivative1_power2	rot_x	rot_x_derivative1	rot_x_power2	rot_x_derivative1_power2	rot_y	rot_y_derivative1	rot_y_power2	rot_y_derivative1_power2	rot_z	rot_z_derivative1	rot_z_derivative1_power2	rot_z_power2	motion_outlier00
534.0583342682738	n/a	285218.3044014033	n/a	522.298368258809	n/a	n/a	272795.58548581443	514.837935367991	n/a	265058.0996939757	n/a	528.0359130065453	481.5641325322164	n/a	n/a	n/a	n/a	-0.08726531	-0.0410641665	0.1368943397	-0.1675860238	0.3092527512	-0.1899233679	0.2159459673	-0.0092389018	0.0970189287	-0.4108977297	0.1327440853	0.1895598971	-0.1829795357	0.2473176416	-0.3471259409	-0.1386561041	0.0981426685	-0.0158536008	0.0516497909	-0.0212395154	-0.0511967054	0.0763176924	-0.0622265109	0.0182671397	-0.0729660996	0.0788838407	-0.0006356022	0.0941110561	-0.0216783501	0.0467049973	-0.0960811992	0.1911275494	-0.1189130108	0.0666004948	-0.041687289	0.053476552	-0.1977899644	0.0122060609	-0.0372683402	0.1779979715	-0.0244942337	0.0895813784	-0.0956088423	0.0856561232	-0.1385589822	0.0365193572	-0.1651634161	0.0339443354	-0.0545163922	0.1890261827	-0.0188342141	0.0150084445	-0.4328683059	0.2276566496	-0.0488483014	0.0014229308	-0.0846312454	0.446942907	-0.1565289054	0.0520369367	-0.0405165614	0.1496519424	-0.0793182861	0.1030458578	0.0508234334	-0.0808024352	-0.0571760325	0.136831453	-0.0492778469	0.0567559888	-0.1247470526	0.1141668547	-0.0694102933	0.0159140261	-0.0787054506	0.077005446	-0.0178789064	0.0139481532	-0.2238463124	0.008653111	-0.06261665	0.1137912992	-0.0315610383	0.0335405142	-0.0853056664	0.0072290979	0.0221471758	-0.0577367265	-0.00466104	0.1154637225	0.1154447293	0.1154130763	0.0619757003528178	n/a	0.0038409874342222	n/a	-0.1421434479159842	n/a	0.0202047597854441	n/a	-0.0333156092199971	n/a	0.0011099298176995	n/a	0.0010570005872806	n/a	1.1172502415115333e-06	n/a	-0.0006121389667628	n/a	3.7471411462942843e-07	n/a	0.0016333242913056	n/a	n/a	2.667748240568941e-06	0.0
530.9524307094401	-3.1059035588336883	281910.48367626284	9.64663691677577	515.3940206572067	-6.90434760160224	47.6700158037506	265630.9965292012	514.051448657121	-0.7864867108700082	264248.8918664847	0.6185613463751239	524.9436326176987	476.5285492001957	1.208838	22.33881	0.0553287757903601	0.0295407823469172	-0.0749631457	-0.0249785973	0.1255730023	-0.0538530921	0.2160369592	-0.139314551	0.0440446297	-0.0977553054	-0.0113521083	0.0192140338	-0.0236726062	0.0162443448	-0.1199882024	0.1413103783	-0.0590081324	-0.1270004746	-0.0696131672	-0.0281240791	0.0804135156	-0.0839503327	-0.0717610349	-0.0512393913	0.2154981819	-0.0194715416	-0.0533598019	-0.0419535846	0.0722288487	-0.1847872644	0.0215829436	0.0394211565	-0.0224110673	0.2470809902	-0.1285261639	0.0655557583	0.0164554452	-0.1199850286	-0.1004513445	-0.0246669949	-0.0897443252	-0.0324616273	0.0038547099	0.0595266087	0.0368091439	0.0794269359	-0.1242131641	-0.0604354726	-0.1440162199	-0.0388729885	0.0028194459	0.0043927026	-0.1484200351	-0.1352200892	-0.2154219663	0.1364550446	-0.2067635581	-0.2420229296	-0.0932919648	-0.0231243449	-0.2089015047	-0.0220020488	-0.0264376205	-0.1140858056	-0.0074286041	-0.0293352794	-0.0265174564	-0.0775488149	-0.0452016314	0.0771671212	0.0265621605	0.1845303151	-0.0628670673	0.113524819	-0.0703621541	-0.0030265183	-0.0836604776	0.0775575596	0.0200701243	0.0456044513	-0.1665653954	-0.1095378079	-0.1413677989	0.0387939543	0.0545072583	0.0147385913	0.0059501802	0.0172569012	-0.0560780566	0.0487810044	-0.0014480744	0.1154130763	0.1152422001	0.1149575937	0.0579439239157437	-0.0040317764370741	0.0033574983187534	1.6255221238545925e-05	-0.14216919640279	-2.5748486805782237e-05	0.020212080405815	6.629845727875417e-10	-0.0196255334803368	0.0136900757396603	0.0003851615643878	0.0001874181737576	0.0012841256203158	0.0002271250330351	1.648978608751438e-06	5.1585780631240655e-08	-0.0001469134078992	0.0004652255588636	2.158354942055672e-08	2.1643482061994897e-07	0.0016925972019432	5.92729106375998e-05	3.5132779354528922e-09	2.8648852880259496e-06	0.0
529.654534174903	-1.2978965345371307	280533.9255720335	1.6845354143634934	509.9147506802581	-5.479269976948615	30.022399480290478	260013.0529613098	514.2871168285008	0.235668171379757	264491.238535772	0.0555394870014785	522.3878033846163	471.1380384946199	1.066441	19.707363	0.1322367589816798	0.0863061390926263	-0.0565279248	-0.0348988412	0.0891432974	-0.020647501	0.0363967826	-0.0342050779	-0.0091832776	0.0220330622	-0.0547375101	0.0915333643	-0.0730115444	0.0113034645	0.0765587758	-0.0294163452	0.0258741077	-0.0085535647	-0.1207816018	0.0545319995	0.0305967779	-0.0283713043	-0.0324911531	0.0083110887	-0.0261752399	0.1063994205	0.0984051208	-0.1619050093	0.0339448137	-0.0570890239	0.0714760576	0.0785648619	0.0392808558	0.0225346505	0.0436423646	0.0554743023	0.0054740015	-0.0850213686	0.108722966	0.0968238691	0.1898846149	-0.0607396031	0.0938379681	-0.084148623	0.1650751863	0.0561316442	-0.028750924	-0.0468100821	0.0144762462	-0.0180686799	0.0531505049	-0.0366296124	0.0238178371	-0.0784954588	0.0860001894	0.0630115741	-0.054773273	-0.0275938644	0.1316300844	-0.0183062992	-0.1804556396	-0.1030191346	-0.0085248581	-0.0357683327	0.0250935321	0.0346922073	0.0719556987	-0.0797230298	-0.0159820756	-0.0353161368	-0.0406336763	0.0867670387	-0.0634817646	0.1446327293	-0.0343921186	0.0281078715	-0.1675230202	-0.0281422194	-0.0087305701	0.0362774752	-0.0582730743	0.1104929409	0.0124087878	-0.0905567813	0.1389719368	-0.0111112766	0.035911232	0.0850891315	-0.1815479527	-0.0074493208	-0.0464975492	0.1153118061	0.1148374968	0.1140484259	0.0598543581846513	0.0019104342689076	0.0035825441936965	3.6497590958165166e-06	-0.0622362368421391	0.0799329595606508	0.0038733491762708	0.0063892780241246	0.0038980443849396	0.0235235778652764	1.5194750026959143e-05	0.0005533587155837	0.0011018183290847	-0.000182307291231	1.2140036303070005e-06	3.3235948436021046e-08	-0.0003991251245454	-0.0002522117166461	1.5930086504338105e-07	6.361075001362306e-08	0.0015897204640836	-0.0001028767378595	1.0583623192632818e-08	2.527211153926177e-06	0.0
528.84457955065	-0.8099546242530096	279676.5893201037	0.6560264933488339	508.05901238197504	-1.855738298283086	3.443764631714604	258123.96006254788	514.1863577455197	-0.1007590829810851	264387.61049160355	0.0101523928031892	522.6873146037765	468.5751130386798	0.900057	16.632666	0.0377073268491526	0.021661594380745	-0.0391883833	-0.019529609	0.0692824573	-0.0656926503	0.0331829772	0.0096415043	-0.0459122426	-0.0285303593	-0.0485039817	0.0825621884	-0.0575793819	-0.1242462377	0.1386122821	-0.0677495049	-0.2157644946	-0.0161341982	-0.0445017429	0.1246409277	-0.0498494521	0.0006561344	-0.0299936058	0.0263650919	-0.1892372311	0.0152353024	0.0259842646	0.0104427963	0.0770282225	-0.0475731015	-0.0031709494	0.0959118576	-0.0003405242	0.032197416	0.0600197217	-0.0554043922	0.0251838299	0.1152199232	-0.0168662856	-0.0287974848	-0.0232349801	0.0848548947	-0.073074482	-0.1828802446	-0.0855809221	0.0354880076	-0.0398341188	-0.0698991604	0.023339898	-0.0294164031	0.0917012007	-0.0594118272	0.1055684415	0.004989838	0.0328183243	0.1221077533	-0.0519220771	0.1042087666	-0.0268022902	0.0939149994	-0.1204542956	-0.1349952863	-0.0508016737	0.1225264353	0.0139814188	-0.0824913226	-0.0211647945	-0.067704229	-0.0367144736	-0.0215167836	-0.0747469232	0.0461101814	-0.1000907032	0.1314849058	-0.0375099543	0.041483909	-0.123908872	-0.093480832	0.0509946897	-0.000207124	-0.0311422853	0.26912326	-0.0317871372	-0.0146862301	0.1554039161	-0.0346210215	-0.0752539688	0.0404861662	-0.0392247373	-0.0460943062	-0.019742918	0.1151599564	0.1142313295	0.112689161	0.0618927056832916	0.0020383474986403	0.0038307070167985	4.15486052521319e-06	-0.0623142245824936	-7.798774035450151e-05	0.0038830625853174	6.082087645601144e-09	-0.0124882913678732	-0.0163863357528128	0.0001559574212888	0.0002685119994039	0.0013332210604191	0.0002314027313343	1.7774783959450294e-06	5.354722406902044e-08	-0.0002829637415544	0.000116161382991	8.006847903446527e-08	1.3493466898381789e-08	0.0015531914612621	-3.652900282150018e-05	1.3343680471331682e-09	2.4124037153374973e-06	0.0
528.8350897581645	-0.0094897924855104	279666.55215952586	9.005616141804978e-05	510.0627785793571	2.003766197382049	4.015078973770917	260164.03809209424	513.5907137208438	-0.5956440246758348	263775.42122028576	0.3547918041320265	522.0025869689011	466.0500642363377	1.056059	19.515524	0.0544667527255918	0.0301529079472986	-0.0405620968	-0.0202438662	0.0079198463	-0.1442046953	0.0116676832	0.0409632263	-0.0886886536	0.0619891742	0.1054950271	0.0193672387	0.1149089483	-0.0409333641	-0.056356947	-0.0023287364	0.1079616059	0.1672756033	0.0191971327	0.0239084971	0.0445613965	-0.0782422472	-0.0557538855	0.0353219358	0.0379405402	-0.1222989027	-0.1116026631	0.0730052113	0.1394910406	-0.0450916553	0.0983424127	0.0345363043	-0.0772250953	0.0905409565	-0.015242293	-0.0615896313	-0.0098819588	0.0718464371	0.0612355838	0.0815464233	0.0347634546	-0.0010135659	-0.0870629793	0.0029921182	0.0154060415	0.0235431618	0.0011658184	-0.0566691842	0.1673820277	0.0841437074	0.0523225582	0.0657171474	-0.0573252118	-0.0494391173	-0.1377610928	0.0188380983	0.038394729	0.0462206564	-0.1191173555	-0.1616751373	0.0437495386	0.0965957269	0.1591178529	0.0833165733	0.0127796697	-0.1563153084	-0.0445241346	-0.0645124168	-0.0327130557	0.0345560606	-0.1234868454	-0.0054169863	0.0216603575	0.0829195982	-0.0767939583	0.0591359237	-0.1151986847	0.0093084915	-0.0999690794	-0.0001018688	0.014936502	-0.0493724838	-0.0916632767	0.0441604091	0.1010103016	0.0370351647	-0.2073754918	-0.0036664094	0.0835877243	0.0223792707	0.1135512252	0.1149575937	0.1134247617	0.1108851636	0.0373781071221799	-0.0245145985611117	0.0013971228920371	0.0006009655426124	-0.0622315153200929	8.270926240070559e-05	0.0038727614990349	6.840822086868771e-09	-0.0086078888276688	0.0038804025402043	7.409575006950537e-05	1.5057523874024747e-05	0.0010161868191513	-0.0003170342412677	1.0326356514168369e-06	1.0051071013624956e-07	-0.0002196395508005	6.332419075389997e-05	4.8241532275845424e-08	4.00995313463631e-09	0.0016926138764779	0.0001394224152158	1.9438609864606956e-08	2.864941734845544e-06	0.0
528.6700734840953	-0.1650162740692167	279492.0465976787	0.0272303707076868	507.884575351449	-2.1782032279081136	4.744569302069325	257946.74187992164	513.7589915162891	0.1682777954453058	263948.3013638345	0.0283174164399322	522.3058534496327	463.8117419007004	1.121259	20.720392	0.0808068971650991	0.043994819306452	-0.0501625101	-0.0023876264	-0.0222555484	0.0174694611	-0.055503727	0.0249551342	-0.0859558401	0.0317282215	-0.0033905625	0.1183626715	-0.0276729958	0.0716790671	-0.0178566679	-0.065344368	-0.0403634477	0.0377823138	-0.1848627667	-0.0753712306	-0.027506244	-0.1127708562	-0.0059186275	-0.1435280001	-0.0051993563	-0.0748469351	0.0941198443	0.1754294043	0.0212182357	-0.1017238772	-0.144034193	0.0688133342	0.2489471538	0.0927175502	0.1298330598	0.0131805786	0.1000638501	0.0131432391	-0.0764924384	-0.1418349421	-0.0046448556	0.0960367247	-0.0245542996	0.1454361921	-0.0301828305	0.0104176752	-0.0213594096	0.0509458732	0.1224761576	-0.087690977	0.0640763585	-0.0427543391	-0.1557699454	0.0301242126	0.011469462	-0.0044092475	-0.077580154	0.0197261665	-0.0454412036	-0.0571295187	-0.0405710528	-0.197956931	-0.0252380306	-0.1244468387	0.1818623542	0.0082128904	-0.060693907	-0.0581297377	-0.0120384314	0.0086377048	0.0199070089	0.0932018011	-0.0174069501	0.0229337248	0.007698993	0.1668602718	-0.1065443038	0.0258537933	-0.0134211208	0.015969687	-0.0190607952	0.0376188102	-0.0155484447	0.0999921188	0.0509067006	0.0070344125	0.1086097037	-0.0397849207	-0.0724654376	0.1036917932	-0.0864163278	0.1147048067	0.1124192083	0.108643553	0.0374306492173275	5.2542095147600776e-05	0.0014010535008306	2.760671762499533e-09	-0.098011525328971	-0.0357800100088781	0.0096062590973115	0.0012802091162354	-0.0214110914479022	-0.0128032026202334	0.0004584348369904	0.0001639219973347	0.0011439031375003	0.0001277163183489	1.30851438798303e-06	1.6311457972623085e-08	0.000133875147773	0.0003535146985735	1.7922555191242584e-08	1.2497264210751258e-07	0.0015304220445836	-0.0001621918318942	2.6306190333228828e-08	2.342191634547447e-06	0.0
528.1302721205773	-0.539801363517995	278921.584330155	0.2913855120558866	504.0945205156193	-3.7900548358296646	14.364515658595826	254111.2856138721	513.0784113331556	-0.680580183133543	263249.45617615484	0.4631893856740868	521.1463436300985	459.95106103196855	0.980377	18.116945	0.1065092859101528	0.0545019503366939	-0.0594185949	0.0523909528	-0.0523813742	0.0423382733	-0.1917894886	0.044080567	-0.0073133376	-0.0603734433	-0.0919027895	0.045253649	0.0500482708	0.1538415864	0.1450864605	0.106049146	-0.0025421682	-0.0685840459	-0.0122290292	-0.1342833655	-0.1182568669	-0.1049779064	-0.0585204406	-0.0573185683	0.0288460596	-0.0304122463	-0.0933905835	-0.0275389279	0.0150202352	-0.0622222501	0.0331439851	0.0613509897	-0.0688016401	-0.0606038041	0.1146721985	0.0343482091	-0.1271138538	-0.0255974408	0.1390812033	-0.1180541054	0.0026526452	0.1790429555	-0.0110981706	-0.1443787901	-0.099993862	-0.076342456	-0.0199015033	0.0650247355	0.04612712	0.0461345132	-0.1075443428	-0.1284280538	-0.1017191318	0.0380838989	0.0136883891	-0.029237113	-0.1450747416	0.0137825377	0.0839616627	-0.0408972107	-0.0457863453	-0.1668346439	0.0986089386	-0.009683669	-0.1299609609	-0.2353241854	0.1589703646	-0.0436954038	-0.0556498539	0.0050749452	0.0323833485	0.0655747959	-0.1619614886	-0.0615752662	-0.142407401	0.0495703369	0.0228981262	0.0576086258	-0.1652866194	0.009611769	0.0184666157	0.0579062699	-0.0415892962	-0.0440590971	-0.0069340552	0.0190956093	-0.1222070113	0.095306172	0.0434656589	0.1356655615	0.117470322	0.1144017065	0.1112164334	0.105973176	0.0322644769864552	-0.0051661722308722	0.0010409964752094	2.6689335519036048e-05	-0.0931466303556192	0.0048648949733518	0.0086762947466063	2.366720310174371e-05	-0.0465480247598009	-0.0251369333118987	0.002166718609039	0.0006318654163268	0.0003557910380889	-0.0007881120994114	1.2658726278437706e-07	6.211206812386445e-07	-0.0003431996848406	-0.0004770748326136	1.1778602367468716e-07	2.276003959132945e-07	0.0016920608204392	0.0001616387758556	2.61270938600969e-08	2.863069820065379e-06	0.0
528.7219299253219	0.5916578047446137	279546.879183957	0.3500589579152154	508.1480470879133	4.053526572294004	16.431077672293576	258214.43775926012	513.5983128396509	0.5199015064953301	263783.226951736	0.2702975764561137	522.4304651095782	460.7349734269712	1.172289	21.663403	0.0955350870156347	0.0651895746426687	-0.0734617367	0.0424400276	-0.0578905832	-0.2094625985	0.0385011426	0.0545084948	-0.0748071289	-0.1693573879	0.0245181559	-0.0049334711	0.0096022294	-0.0076337416	-0.0690348729	-0.0004340233	0.0677205272	-0.0583648098	-0.0086675963	-0.153231897	0.2133274955	-0.0717388454	-0.0296451548	-0.0782045689	0.0022862501	-0.0961998602	0.0170582985	0.0245462867	-0.0490029956	0.0374321798	-0.0610006688	-0.058558257	-0.0387482195	0.0021605628	0.0327090165	0.0038761209	-0.005177014	0.0455870577	0.0794612273	-0.1290402127	-0.0756543645	-0.0683429282	-0.0902169648	-0.0187942666	-0.0662759543	0.0230587977	-0.0756854584	0.094332593	-0.0474646099	0.1095038089	0.1401707246	0.015134773	-0.0581831702	-0.0603852219	-0.0379164576	-0.0575777551	-0.0830475843	-0.0297226792	0.0229846811	-0.0811060326	0.0311117165	0.0383146882	-0.0413863282	0.0002912392	0.123852126	-0.0255431163	-0.0307723263	-0.042139309	-0.0845421034	0.1835462954	-0.060461246	-0.0023770587	-0.0030155483	0.0533154325	0.003941165	-0.0491512389	-0.0348187889	-0.0126872853	-0.108019419	0.0578622376	-0.1335109324	-0.0406086294	-0.0882124706	-0.031021886	-0.0041464096	0.0610326038	0.0065668403	-0.0559183538	0.0223615229	0.0024088126	-0.0004109733	0.1140484259	0.1098185471	0.1028845713	0.0393574736025783	0.007092996616123	0.0015490107283776	5.0310600996333664e-05	-0.1528049643647051	-0.0596583340090858	0.0233493571344987	0.0035591168167396	-0.0465854304926267	-3.7405732825797344e-05	0.0021702023341833	1.3991888482349331e-09	0.0005157192489376	0.0001599282108487	2.659663437247623e-07	2.5577032625266257e-08	-0.0003431706379812	2.9046859400009513e-08	1.1776608677242385e-07	8.437200410039209e-16	0.0012770910649953	-0.0004149697554439	1.7219989793317018e-07	1.6309615882908295e-06	0.0
529.2354045197966	0.513474594474701	280090.1133972327	0.2636561591709586	509.7587793039721	1.610732216058807	2.594458271849715	259854.0130774757	514.2829595340432	0.6846466943923133	264486.9624670944	0.4687410961423216	522.7419435646328	461.4451601904475	1.180961	21.823647	0.1281808355960544	0.0810766944887133	-0.0845253327	-0.0247798928	-0.0336844191	0.0018503241	0.0485198141	0.0123854693	-0.0933929856	0.0533704169	0.003880246	0.1078385126	-0.0194656685	0.0851133297	0.0575797667	-0.2187721038	-0.0648892014	-0.0679825359	-0.0824666937	0.0662059983	-0.1106909124	-0.0160898538	-0.0811527621	-0.0495412334	-0.056144305	-0.0406688447	-0.066733256	-0.021432924	-0.012065268	-0.0452925871	-0.1200034768	-0.0936878448	0.0249548886	-0.048506789	0.0257872847	-0.1350631417	-0.0364154651	-0.0272969493	-0.0268355995	0.0035678942	-0.0689381108	-0.0893797196	-0.0890018646	-0.0234378232	-0.0968125096	0.036490226	-0.0825060575	-0.0551764238	0.0476100354	-0.108575493	0.0600287419	-0.1282087797	0.0528131072	0.0775669877	0.0279062245	0.0502355845	-0.0471364542	-0.0305201764	0.0472423284	-0.0792961237	0.1017301003	0.0106557579	0.0373021475	0.1073873933	0.0551342345	-0.1390287443	-0.095451235	-0.0660296087	-0.0197032519	0.0201997014	0.0223452883	0.0428197268	0.0656623194	0.0383339184	0.007934893	0.0968925555	-0.0303126666	-0.0131404331	0.111905534	0.0073459626	0.0415749587	0.1348559709	-0.0727382505	-0.110947538	0.0414532286	0.0235923453	-0.0300022297	0.0349455758	0.0966210744	0.0546882097	-0.0180540629	0.1136451198	0.1082280018	0.0993899282	0.0324069967528686	-0.0069504768497096	0.0010502134385404	4.830912843835041e-05	-0.0774487045091802	0.0753562598555248	0.0059983018301503	0.0056785658994133	-0.0222689430174369	0.0243164874751898	0.0004959058231138	0.000591291563131	0.000442061839254	-7.365740968360001e-05	1.9541866972462933e-07	5.425414001297692e-09	-0.0001077452636075	0.0002354253743737	1.1609041829849664e-08	5.54251068989968e-08	0.00115502162074	-0.0001220694442553	1.4900949220797825e-08	1.3340749443768564e-06	0.0
529.7951129404606	0.5597084206640375	280682.86169559543	0.3132735161622311	512.6057976656182	2.8470183616460645	8.10551355154984	262764.7038004047	513.9893630189923	-0.2935965150509219	264185.0652966695	0.0861989136500462	523.5955570162855	466.5321360908895	1.002478	18.525354	0.0964788900667205	0.0503084611137559	-0.0516777834	-0.0561310162	0.014896964	0.071598907	-0.0126593335	-0.0570245367	0.0215464284	0.0686066387	-0.0444957736	-0.0233073601	0.0201445283	-0.0089196322	-0.0505083638	-0.0022251247	0.1181051118	-0.022750514	0.0260693763	0.0433339484	-0.0351156198	-0.1131899026	-0.0132332458	0.0915986643	0.0736595227	-0.1454146232	-0.0628101362	-0.0543485319	-0.0372224226	0.0441300447	0.046242316	0.0024206848	-0.1780919094	-0.161594927	-0.0348009739	0.0189555557	0.0422773698	-0.0518826543	0.0035162844	0.0700397454	0.0516505141	-0.0295686552	-0.0768431212	0.0874472708	-0.1896114356	0.0559050704	-0.0239254063	-0.0258540107	0.0209446054	-0.0584034389	-0.1021861497	-0.0139187737	0.014205006	-0.0705600539	-0.0905382119	-0.1938565485	0.0680702452	-0.0154829565	-0.0219921153	-0.0414355597	0.0162318149	0.0084881692	0.0978043013	0.1053964231	0.0122811051	0.1817343605	-0.0153973264	-0.0727950098	0.0447901196	-0.0602471469	-0.0025856363	0.0033503054	0.0005488314	0.0036700584	-0.0153271344	0.0479288303	-0.0224852143	-0.0766186799	-0.0103475532	-0.06362687	-0.0008970875	-0.2930593631	-0.0315537125	0.0090873832	0.0466343922	0.054794401	0.0560855256	0.0105648049	0.0465326337	-0.0211540419	-0.0402064277	0.1131919653	0.1064475877	0.0955030384	0.0321829094246908	-0.0002240873281778	0.0010357396590378	5.021513064986602e-08	-0.0576715584471685	0.0197771460620117	0.0033260086537251	0.0003911355063581	0.0135424676648341	0.035811410682271	0.000183398430453	0.0012824571350542	0.0004468719860266	4.8101467725999904e-06	1.9969457189535779e-07	2.3137511973954104e-11	0.0003276745937073	0.0004354198573148	1.0737063936124412e-07	1.8959045214404083e-07	0.0007819267049422	-0.0003730949157977	1.3919981619416742e-07	6.114093719017664e-07	0.0
528.7465043895525	-1.0486085509081704	279572.865904171	1.099579893037733	509.8029407589935	-2.8028569066246973	7.856006839013768	259899.03840651785	514.3794974950961	0.3901344761037535	264586.2674433076	0.1522049094447502	523.418918466326	460.8994152901176	0.947416	17.507845	0.0753864729271725	0.0382240257120287	-0.0340635164	-0.0522651184	-0.049038733	0.0248128662	-0.0212967295	0.0195412158	-0.1353754168	0.0740625131	-0.0587478329	-0.0145993761	0.0200565245	-0.033019158	0.0677571212	0.0532044148	0.0840254784	0.0274488322	-0.0230425642	-0.020383194	-0.0899003026	-0.0957945575	0.042932696	0.1418713276	0.0108923382	0.0451541593	0.1090137406	0.0263549277	-0.0386135678	-0.0193655627	0.0893400587	-0.0145088413	0.0767038906	-0.0356973088	-0.0012811474	0.0289373602	0.0614024928	-0.0252924987	-0.0116359614	0.065284549	0.0110962837	-0.0323576361	0.0363377808	-0.0938759734	0.0542938546	0.0505518519	-0.0096029412	0.0560343029	0.1229381563	0.0061904995	-0.0924754623	-0.0341029085	0.1155736352	-0.0030290817	0.0438020878	-0.0599327674	0.0193009085	-0.0346601543	0.0262790535	-0.014377285	-0.0161195321	0.035700941	-0.0873446747	-0.1117193411	-0.0208235549	0.04333765	-0.0600705383	-0.0644440715	0.0365008868	0.0061042362	-0.0315572674	-0.0604419854	-0.0865897591	-0.0820939387	0.0067104035	0.0546693766	0.0815043131	-0.0560074232	0.0292617669	-0.0288356868	-0.0235740445	-0.0218145879	-0.0042292748	-0.0296771832	0.015152736	0.0237701196	0.1143012409	-0.1307754082	-0.0713999911	0.0641831474	-0.0691138674	0.112689161	0.1044804285	0.0912392418	0.01326503458273	-0.0189178748419608	0.000175961142481	0.000357885988536	-0.06693162887737	-0.0092600704302015	0.0044798429441779	8.574890437229223e-05	0.0425327166046543	0.0289902489398201	0.0018090319817718	0.0008404345335927	0.0006778784139541	0.0002310064279274	4.595191441049262e-07	5.3363969743823254e-08	0.0002802941366994	-4.738045700789997e-05	7.856480306806193e-08	2.244907706277457e-09	0.0008679053943106	8.597868936839994e-05	7.392335025507808e-09	7.532597734734381e-07	0.0
528.2369995428579	-0.50950484669454	279034.3276860413	0.2595951888052267	508.6622950709144	-1.1406456880790756	1.3010725857333878	258737.33042681	514.052973348744	-0.3265241463520851	264250.4594086845	0.1066180181509579	523.0214907070102	455.749145003874	0.956812	17.681482	0.1362550441913699	0.0915999887207928	-0.0234281855	-0.0642258849	-0.1232024659	0.01965599	-0.0388550335	0.081161903	-0.1047751278	-0.0097028782	-0.1384995771	-0.0839987526	0.0784073652	-0.0031288487	-0.1124793676	-0.0376298551	0.1093546869	0.0326763123	0.0529378606	-0.0403775788	-0.0329150606	-0.037368324	-0.0648609898	0.0141862787	0.0176575512	0.0324284249	-0.1271933851	0.0394869164	0.0473063274	0.0080034488	0.0238351654	-0.0407977692	0.1003571246	-0.1346504197	-0.2042385066	-0.022645935	0.0348501501	0.1627374703	-0.0969978991	-0.008805189	-0.0763868263	0.0104190564	0.0881526705	-0.0461578693	0.1814042674	0.0425864479	-0.0208039764	0.068184143	0.0573277761	0.0857002934	-0.0672330991	-0.0155348493	-0.0507276995	0.087165216	0.0677419257	-0.023213705	0.0229221085	-0.0076132274	-0.1110096971	-0.0385808467	0.1590223586	0.0624962202	-0.1383171316	0.107502878	-0.1072576617	0.029604772	-0.0580061024	-0.0353014789	0.0320764872	0.1113750287	0.0469393743	0.0490128509	0.0728655108	-0.1162803696	-0.1289316107	-0.0120386076	0.156848438	0.0851656522	-0.0249624237	-0.0289188802	0.0667440205	-0.0061974935	-0.016799279	-0.037921635	0.020422312	0.0283311307	-0.0685463968	-0.0541405926	0.1265457936	0.0182533496	0.0416822164	0.1121369276	0.102329975	0.0866153656	0.0103770802303131	-0.0028879543524168	0.0001076837941063	8.340280341643713e-06	-0.1500490092249435	-0.0831173803475734	0.0225147051693871	0.0069084989158431	0.0277233521265998	-0.0148093644780544	0.0007685842531354	0.0002193172762438	0.0011522777194552	0.0004743993055011	1.3277439427528763e-06	2.2505470105992605e-07	0.0005140008115223	0.0002337066748229	2.6419683424558296e-07	5.4618809856776734e-08	0.0008672044743681	-7.009199424999613e-07	4.91288765794149e-13	7.520436003640527e-07	0.0
529.7095778023399	1.4725782594820205	280592.23681553325	2.168486730299096	510.2533454540164	1.591050383102015	2.5314413215690688	260358.47654701583	514.4492781801251	0.3963048313811441	264658.05982005177	0.1570575193760371	522.2549912157398	463.1496511597055	1.002731	18.530045	0.1179857022892265	0.0688192652470104	-0.0233264142	-0.0752273875	-0.0221302356	0.0680067658	0.1178006522	0.0189500725	0.0594412172	-0.0518048629	-0.1065998192	0.0996995232	-0.0049811793	-0.0003154145	-0.0510050822	0.0243697131	0.1805625895	0.0298081834	0.0436357324	0.0222214409	0.2055046905	-0.0662041997	0.0107238208	-0.0490201511	0.1241202163	-0.0477990413	0.0944981576	0.0121922106	0.008490898	9.09106e-05	0.000487588	-0.055694705	-0.0180923589	-0.0951501161	-0.0110801219	0.0669429405	0.0939217489	-0.0329665433	0.0527101679	-0.008818275	0.0320504542	-0.0249376306	0.1349893727	-0.0649030972	0.0346061988	0.0878609197	-0.0050610527	-0.0845578873	-0.066145172	0.1063862304	-0.0025785446	0.0532944614	-0.1228262413	-0.0246936872	0.073263032	-0.2214260646	-0.031137659	0.0068415282	-0.0778242687	-0.0411990541	0.0835095561	-0.0051108984	0.0367426232	-0.0880512189	0.0252512082	0.0120750988	-0.0092940874	-0.0445966708	0.045883095	-0.0042967398	0.0437204079	0.0391565546	0.019219125	-0.0109676279	-0.0382704063	-0.1716356518	0.0557244065	0.0023145718	-0.0761267089	0.0377326097	-0.0308951952	-0.0746179987	0.0140467848	-0.0831881781	-0.1228407502	-0.0126153378	0.072411109	-0.0471111897	0.0296785688	0.0768297518	-0.035175723	0.1115355072	0.1	0.0816496581	0.0086563071163823	-0.0017207731139308	7.493165289313085e-05	2.961060109627104e-06	-0.0923989018269679	0.0576501073979755	0.0085375570588296	0.0033235348829981	0.0136871516977947	-0.0140362004288051	0.0001873381215984	0.0001970149224775	0.000721894612899	-0.0004303831065561	5.211318321325971e-07	1.8522961840896536e-07	0.0004371739512143	-7.682686030800002e-05	1.9112106362032317e-07	5.902366464784949e-09	0.000482842014262	-0.0003843624601061	1.4773450073881338e-07	2.331364107365854e-07	0.0
530.3735577045268	0.6639799021868384	281296.110712157	0.4408693105080435	509.8694918078045	-0.3838536462119464	0.1473436217102061	259966.8986763488	514.3614098716538	-0.0878683084713429	264567.6599651554	0.007720839633615	522.709067082284	468.0312075197422	0.92358	17.067368	0.0924870242153193	0.0472765924831429	-0.0182607174	-0.08062499	0.0578228306	0.0118305117	0.0612647071	0.0156118323	-0.0063038309	0.0112781522	-0.0419701331	0.1219414381	-0.1309754727	0.0626915501	0.1541969835	0.1663933373	0.1329929747	-0.0316949498	0.0807655777	0.0396306367	0.1126736084	-0.0573313119	0.0746077131	0.0571084228	0.0697955192	0.0168847531	0.0929414829	-0.0301893987	-0.0860654283	0.0035666387	0.0577245923	-0.0693196094	-0.0091683531	-0.0300702266	0.054200515	-0.0158292334	0.1395180975	-0.0380370305	-0.0220958292	-0.0319563131	0.0152828531	0.0379843259	-0.0544188998	-0.0806529647	-0.0100585918	0.1010609081	-0.0062456671	-0.0530240953	-0.0401578585	0.0624843519	-0.0189663279	0.0385487959	0.0655149634	-0.0474785459	0.0922230843	-0.2476625814	0.0515611793	0.0004411029	0.0130675905	0.0932993798	-0.1135557851	0.0340726577	0.104156165	-0.1248890444	-0.0306850041	-0.1063703089	-0.0684082288	-0.0466989077	0.0666281395	0.0207631374	-0.0391653923	-0.0375722288	-0.0344868892	0.0338908143	0.0735274398	-0.1043099003	-0.0017292751	-0.0073192302	0.0663273086	0.0293764204	-0.0237966084	-0.0190806361	0.0160614018	-0.1168313589	0.01710168	-0.1152272713	0.1839548463	-0.0507403363	-0.1285582541	-0.0436712703	-0.0998361785	0.1108851636	0.097494591	0.0763617167	0.0019009896552972	-0.0067553174610851	3.613761669546968e-06	4.563431400004124e-05	-0.0511297599393572	0.0412691418876107	0.0026142523514562	0.0017031420721397	0.0193594449681882	0.0056722932703934	0.0003747881094763	3.217491094535138e-05	0.0009303900474333	0.0002084954345342	8.656256403629383e-07	4.3470346221646575e-08	0.0002549039177088	-0.0001822700335054	6.49760072632947e-08	3.3222365114096084e-08	0.0008678819781468	0.0003850399638848	1.4825577378840813e-07	7.532191279920027e-07	0.0
529.9349151025489	-0.4386426019779037	280831.01424474566	0.1924073322699456	510.762221970669	0.8927301628644955	0.7969671436880686	260878.0473924149	515.4302375859418	1.068827714287977	265668.3298179004	1.1423926828300612	523.8284111874963	465.8574049315328	0.966533	17.861115	0.0639562443996445	0.032454459017975	-0.008442302	-0.0660058985	0.0541345071	0.0398716603	0.057707881	0.0091847646	-0.0963381743	0.0164551672	-0.0259020592	-0.0073168366	-0.0537457217	-0.168889953	0.031293882	-0.031391548	-0.1037651231	0.0058122126	0.0335092372	0.0691571671	0.0408366992	0.0237568367	-0.0018820645	0.0832479145	-0.1049518732	0.1189446254	0.0835333727	-0.0675202854	-0.0387563354	0.0415632958	0.0795845643	-0.1172073757	0.1126387842	-0.0755605194	0.0201326807	0.0291568923	-0.0364937727	0.1173393523	0.2136881404	-0.0517277854	-0.0716554285	0.0290324395	-0.1726341553	0.1448436664	-0.0121688786	0.0747687581	0.0097473238	-0.0269448259	-0.001511057	0.0411064772	0.0014187113	0.0366556007	0.1732271322	-0.0389799604	0.1870902644	0.0789758648	-0.0315230789	-0.0135517772	-0.0151890194	-0.0311685302	-0.0031297912	0.0525001552	-0.0157616987	-0.0880680429	-0.0242765307	0.0401296603	-0.0890309973	-0.035795155	0.045355926	-0.0150456605	-0.0258459446	0.007634184	0.1099646193	0.0422702545	-0.0408312491	-0.0992729617	0.0020637668	-0.0705848138	0.0329732179	-0.020362164	0.101765736	0.137093008	0.0691995071	-0.060211733	0.0013675846	-0.0944661164	0.0690501874	-0.0129708291	-0.0683113816	-0.0052089513	-0.01630115	0.1101861821	0.0948181434	0.0707724105	0.015132301468185	0.0132313118128878	0.000228986547724	0.0001750676122898	-0.0645456924887923	-0.0134159325494351	0.0041661464188577	0.0001799872461709	-0.0017171556147985	-0.0210766005829867	2.9486234054340147e-06	0.0004442230921347	0.0011713540406382	0.0002409639932048	1.3720702885194378e-06	5.8063646021251053e-08	0.000338008411584	8.310449387519998e-05	1.1424968630153877e-07	6.906356902253151e-09	0.0008673024761402	-5.795020066000356e-07	3.3582257565346774e-13	7.522135851189222e-07	0.0
529.0414787471633	-0.8934363553855746	279884.88623498526	0.7982285211246588	510.44302314935726	-0.3191988213117156	0.1018878875267885	260552.0798818553	514.9167957141008	-0.5134418718409961	265139.30650847696	0.2636225557595859	523.7394984327597	462.4299622929774	0.989108	18.278282	0.0863862958581977	0.0491129886327297	0.0024154052	-0.0834965464	0.0266640339	0.0937621285	0.0556371155	0.0277476629	0.0183594307	0.057346013	-0.0193845875	0.0351612243	-0.0568522616	-0.0288924228	-0.0017657362	0.014497333	0.0421890399	0.0081743264	-0.0523618911	0.1264006978	-0.0015066148	0.0782019682	-0.0684537497	-0.0771408394	-0.1148128332	0.0250358796	-0.1702600852	-0.0942296618	0.0437849569	0.1012847129	0.1287677363	0.0324879271	-0.0942897819	0.044267886	0.0039830456	0.0110500812	0.0282510622	0.1024633558	0.1832623508	0.0447223259	-0.0196045709	-0.0916324253	-0.1483734001	0.0053918914	0.0847052026	0.0830631291	0.0370748139	-0.0797214925	0.0171875789	-0.1128482076	0.0117894033	-0.000382868	-0.0248081994	-0.05645925	0.0592451733	0.1190319521	0.0686923041	0.1002077574	-0.046899361	-0.0147899993	0.0677896561	0.0233946818	0.2402128993	0.1072790363	-0.0831262174	0.0957166318	-0.0573901042	-0.0394792438	0.0688721369	-0.0992152485	-0.0118330997	0.0176389153	0.1317177969	0.0421961593	0.0798507272	0.0250140371	0.0323086694	-0.0252944261	0.0109946114	0.0079912875	0.1361042515	-0.0363167976	0.0038849972	0.0701575816	0.0684559694	-0.0156896458	-0.1403562445	0.0396199276	0.1193371564	0.0262714623	0.0745691707	0.1094388693	0.0919753525	0.0649037979	0.0153657876892623	0.0002334862210773	0.0002361074313114	5.4515815432957967e-08	-0.0260158104839689	0.0385298820048234	0.0006768223951377	0.0014845518073056	0.0196980683996486	0.0214152240144471	0.0003880138986772	0.0004586118195889	0.0009629074863984	-0.0002084465542397	9.271908273620848e-07	4.3449965974445854e-08	0.0003377655574587	-2.428541253000167e-07	1.1408557180538637e-07	5.897812617523621e-14	0.0005518378121483	-0.0003154646639919	9.951795422752236e-08	3.045249709166225e-07	0.0
529.6142714808741	0.5727927337107985	280491.276556217	0.3280915157918898	511.514091509442	1.0710683600847233	1.1471874319745785	261646.6658127298	514.3946270461728	-0.5221686679279856	264601.8323339712	0.2726601177656868	523.7371404037863	461.7162693275651	0.956926	17.683575	0.1283459461544874	0.069351553065018	-0.0106640731	-0.1321443791	-0.0138357597	0.0842645121	0.0127795908	0.0140723815	-0.0295018594	0.1337662701	-0.0471856846	-0.0446393951	-0.001558514	-0.0065874638	0.0416320913	0.000212729	0.0833778046	0.0010792424	-0.0729207419	0.0163744891	-0.0339182185	-0.0771104581	0.050589566	-0.0331675553	0.0405266241	0.0181484446	0.0588903277	-0.0640078035	0.0587655007	0.0698663262	-0.0893330449	0.0539680596	-0.0027661723	0.0863718349	0.0368695897	0.0326750936	0.116457318	0.0997737055	-0.008671551	-0.1094741103	-0.0531129827	-0.0615073307	0.0183866688	-0.0255888281	0.0576179377	0.1067548277	0.046385565	0.0247965571	0.0826453456	-0.0811457299	-0.0800915568	-0.0612922781	-0.0242462526	-0.0451984833	-0.0200384811	-0.0322052629	0.0446740622	0.0065509905	-0.0091817766	-0.0607252145	0.0284873404	-0.0753845632	0.0125592991	-0.0303729592	0.1192425272	0.2413773084	0.0288161852	-0.0893056437	0.1098242788	-0.0882664695	-0.0149031842	-0.0025563279	-0.0168839569	-0.0678077172	0.0312088261	0.0847621018	0.0386865025	0.0786694032	0.0779332237	-0.0697238677	-0.0214463897	-0.1222132435	0.0566940223	0.1011267902	-0.0348533538	0.0607093044	0.0022226971	-0.0590853914	-0.0592217373	0.0606259169	-0.0635839664	0.108643553	0.0889712056	0.0587790397	0.0093328210258647	-0.0060329666633976	8.710154830082224e-05	3.639668676166677e-05	-0.0364225293747182	-0.0104067188907493	0.0013266006460522	0.000108299798071	0.0734773921033991	0.0537793237037504	0.0053989271503166	0.0028922156580327	0.0002138113352257	-0.0007490961511727	4.5715287070996665e-08	5.611450437017526e-07	0.0004350925965688	9.73270391101e-05	1.8930556758898053e-07	9.472552541938937e-09	0.0008679533597973	0.000316115547649	9.99290394654272e-08	7.533430347834213e-07	0.0
529.4195192987089	-0.1947521821651889	280285.02741447603	0.0379284124581029	508.8957955471305	-2.6182959623114925	6.855473746256664	258974.93072554684	514.2289239844946	-0.1657030616781867	264431.3862622511	0.0274575046495249	523.6071369655241	460.5814646092428	1.006645	18.602358	0.1187138070065047	0.0834742596005444	-0.0066225354	-0.1201740676	-0.0279572502	-0.0137987107	-0.0314476523	0.0718334861	-0.07417052	0.1085583508	-0.149236524	-0.0451734563	-0.002347995	0.0379137994	-0.0790622945	0.0768442653	0.0854759956	0.0559195724	0.0827411891	-0.0364053193	-0.0157132208	-0.1324645511	-0.0998964501	0.013036312	0.0468752615	0.2090448459	0.004849388	0.0035464226	-0.0050098816	0.0668666041	0.0320247768	-0.0190882886	-0.0034644132	0.1087001889	-0.0594901487	-0.1397890516	-0.0823758305	0.0669493072	0.0157133585	0.0082213381	0.140204715	-0.0109888712	-0.0433171872	-0.091086661	-0.1136835111	0.1002346785	0.0188229969	0.0617230867	0.1002484906	0.0938344812	-0.1339456115	0.052983576	-0.0370213853	-0.0113254061	0.0952516803	0.0841346419	-0.0415727413	-0.0471982472	0.0961217929	0.0272889983	0.0070639552	-0.0466239607	0.00830502	-0.0176207177	-0.0628062011	0.0207987696	0.0580143553	-0.0636598511	0.0919810122	0.04446075	-0.0136703626	-0.003589443	-0.0504554591	-0.1356991762	-0.0105911971	-0.0633055164	0.0679672496	0.0246379935	-0.1531078622	-0.0851905423	-0.0796988673	0.0859843161	0.0049845496	-0.0203256469	-0.1154621089	-0.0134458251	-0.0184858384	-0.0610611725	0.0831834775	-0.0983945294	0.0415356055	0.1078005821	0.085810973	0.0524223074	-0.0198842438319104	-0.0292170648577751	0.0003953831527668	0.0008536368789034	-0.1128047108275467	-0.0763821814528284	0.0127249027848864	0.0058342376434928	0.0734198842670679	-5.750783633119705e-05	0.0053904794057896	3.307151239495747e-09	0.0002139245921021	1.1325687639999701e-07	4.576373110604987e-08	1.2827120051884199e-14	0.0001740928719842	-0.0002609997245846	3.030832807570705e-08	6.812085623323706e-08	0.0008679814355277	2.8075730400039734e-08	7.882466374957152e-16	7.53391772420727e-07	0.0
529.987116680629	0.567597381920109	280886.34384744667	0.3221667879625621	510.30512972986975	1.4093341827392578	1.986222838637332	260411.3254286192	514.973790699192	0.744866714697423	265198.00510709523	0.5548264226641322	523.9354028208002	461.47433761151336	1.030767	19.048122	0.0441332554781462	0.0261787896640813	0.0100658685	-0.0961853346	-0.0100245785	-0.1562730162	0.0549609718	0.0480352703	-0.0930560192	-0.0480327357	-0.0301053663	-0.0904990052	-0.1442844079	0.0351558958	-0.1212223603	-0.1381215531	0.0703224985	-0.01147387	-0.0765866383	-0.1150414217	0.0847139981	-0.0483499952	0.0773660479	0.0209637405	0.0582487594	0.0367245469	0.0119987543	-0.0339730433	-0.02951842	0.1379117875	0.0016458711	0.0229561224	-0.0082806344	-0.060324939	-0.0459614067	0.1406289969	0.0335435618	-0.033933096	-0.0530816765	0.1049909099	-0.0453196619	-0.1100678441	-0.0397130549	0.0362498243	-0.01444467	0.1242050156	0.0045991241	0.167514063	0.0147987566	0.0038283063	0.0857415506	0.0447944861	-0.0628066962	-0.0600276237	0.0475936863	0.0037805239	0.0441625495	-0.0269134475	0.0018749336	-0.0811286049	0.0634800533	0.2093951252	-0.0110878794	0.0590394436	0.1211575469	-0.0411841268	-0.0685980308	-0.0569063263	0.0663966737	0.1340660948	-0.0646999741	-8.29057e-05	0.0951517395	-0.0399258081	0.1417709789	-0.0336468482	0.0365568717	0.0801110917	-0.0286933715	-0.0399523273	-0.0297702618	-0.1036991053	0.0572773008	-0.0063528188	-0.066176086	0.0500625683	-0.0833349185	0.0093997123	-0.0185198695	-0.14409127	-0.0534000712	0.1069103263	0.0825001988	0.0458586883	-0.0086395412003383	0.0112447026315721	7.464167215234296e-05	0.0001264433372724	-0.1128503806396423	-4.566981209559728e-05	0.0127352084105121	2.085731736847164e-09	0.0517764547456494	-0.0216434295214184	0.0026808012660282	0.0004684380414486	0.0002139304814491	5.8893469999854114e-09	4.5766250893043725e-08	3.4684408086237155e-17	0.0002060722318786	3.1979359894399994e-05	4.2465764751427494e-08	1.0226794592555586e-09	0.0006759776145079	-0.0001920038210198	3.686546728620341e-08	4.5694573531579115e-07	0.0
529.8691145115793	-0.1180021690497596	280761.2785132851	0.013924511900448	511.3833417493244	1.0782120194546678	1.1625411588965129	261512.9222187063	514.6801921173887	-0.2935985818032804	264895.7001579922	0.0862001272368975	523.7132527617633	462.2076897218297	1.195566	22.093552	0.0977720726027256	0.0597365361181803	0.0267167497	-0.0912045842	0.0457925749	0.0260371037	0.1108068967	-0.0267447405	0.0579237006	0.0726835968	-0.0450935956	0.105732681	-0.1026304932	-0.0582961413	0.0394558252	-0.0868965368	-0.124281094	-0.1324025561	-0.0327761227	0.158976734	-0.0787846462	0.0189764017	0.0056112935	-0.1312178712	-0.0190126437	0.1181743998	0.16104631	0.0587095949	-0.0798414715	0.0130120991	-0.1218938337	-0.0911817586	0.0010032957	-0.1752698437	-0.0195302252	-0.046768204	-0.1135089156	0.0200901861	-0.09432769	0.0230048844	0.0258422101	-0.1397707308	-0.0786183972	0.0540694245	0.1013125487	0.0990228607	0.0182947612	-0.077722692	-0.089669538	-0.1184796533	-0.0222879465	-0.0913420643	0.0600270794	0.0474751352	0.1913933682	0.0733990576	0.0655128055	-0.0658427497	0.0830255743	0.0516845199	-0.0194343143	-0.0568919529	-0.2911443381	0.0328795329	0.1339426708	0.0234214211	-0.095407469	-0.0500070814	0.0790377076	-0.0740547175	0.0236747048	0.0726043432	0.0691364642	-0.0038604409	0.066663305	-0.0663083675	-0.0161921098	-0.0695518854	0.1111475536	-0.0499796253	0.0196559681	0.1480239347	0.0400447668	-0.0915261138	-0.0469309179	-0.0589422485	0.0574970075	0.046223268	0.0136468317	-0.120243527	-0.1475013275	0.105973176	0.0790446912	0.0391140859	-0.0074891082800121	0.0011504329203262	5.608674282974579e-05	1.32349590417027e-06	-0.0889754054264813	0.0238749752131609	0.0079166227708067	0.000570014441429	-0.001447172168369	-0.0532236269140184	2.094307284901833e-06	0.0028327544618826	0.0004233716743933	0.0002094411929442	1.7924357467858645e-07	4.3865613301889626e-08	0.0003691472401945	0.0001630750083159	1.362696849432159e-07	2.659345833723085e-08	0.0006939221643522	1.7944549844299963e-05	3.2200686911456584e-10	4.815279701792416e-07	0.0
530.2548855683915	0.3857710568122456	281170.24366914795	0.1488193082740368	511.4255870198095	0.0422452704850684	0.0017846628783565	261556.13105855676	515.7269508515724	1.0467587341836406	265974.2878346601	1.0957038475897376	523.653731192187	465.32705196843534	1.057157	19.535809	0.1447342369251574	0.0912622771396523	0.0438717085	-0.1095866701	0.0816196311	-0.045943421	0.035867939	0.0229054102	-0.0327841795	0.1180282794	-0.0128131059	-0.0365521744	-0.1322194303	-0.1012695772	0.0835161662	0.0043841394	-0.0422368128	0.1245189852	-0.1442933087	0.110787067	0.0984058725	-0.0553762142	0.1254028438	0.1341967442	-0.0601110549	-0.0834235117	0.0206941472	0.0579045343	0.067533812	0.0878051365	-0.2292605131	0.0611017347	-0.0059199124	0.0450229021	-0.1010042263	-0.0472111791	0.0367666298	0.02599352	0.000172195	0.0207055055	-0.0418277728	0.0572438395	0.1888835049	-0.0071430491	0.1085029082	0.0832356428	0.0600120323	-0.0170378335	0.0671749013	-0.0728907079	0.079241808	0.1094351046	0.0646947953	-0.049300941	-0.0074049798	-0.1572537218	0.0503599663	0.1869570821	0.0241611262	-0.0271513907	0.0062659114	0.0304882139	-0.0954027025	0.0753653147	0.1302691383	-0.0672986412	0.0695759054	-0.0419618175	0.1102515016	-0.1093118064	-0.053949189	-0.1122874886	-0.0087930087	-0.014974579	0.1882886786	0.0003913488	0.0009991394	-0.1696087994	-0.0585617962	-0.0410213326	0.0393386369	-0.0353118537	0.091097718	0.0801043273	-0.0942211074	-0.0669489141	-0.0014869942	0.0882082943	0.0298427195	-0.0310681447	0.0113098243	0.1049895425	0.0754505123	0.032215118	-0.0154803622287715	-0.0079912539487594	0.0002396416147339	6.386013967356269e-05	-0.0040566763005784	0.0849187291259029	1.6456622607674455e-05	0.0072111905563584	0.0097628059697711	0.01120997813814	9.531238040339822e-05	0.0001256636098575	0.0001999365305006	-0.0002234351438927	3.997461622861735e-08	4.992326352635157e-08	0.0005120244075098	0.0001428771673153	2.6216899388576175e-07	2.0413884940044242e-08	0.0002479489613131	-0.000445973203039	1.9889209782895429e-07	6.147868741624515e-08	0.0
529.3323953517779	-0.9224902166135962	280192.7847688509	0.8509881997477996	510.0396918185921	-1.3858952012174086	1.9207055087574416	260140.4872304044	515.4842940008949	-0.2426568506774629	265724.0573616011	0.0588823471807045	523.8368727398403	460.9421714630361	1.127404	20.833942	0.1586284974097136	0.1187990190141614	0.027652304	-0.0767039547	0.0136994156	-0.0835633705	0.0024307477	0.0212748497	-0.0744932496	0.0306135232	0.0139730117	-0.0972237703	-0.0619934756	0.0975114164	0.0702661254	-0.0451836545	0.0555405126	-0.0455574956	-0.104148696	-0.0052201369	-0.0928685586	-0.0358714908	0.0812284382	0.2116777528	-0.0268220732	-0.0170841697	0.0087671518	0.0766453197	0.0303591284	-0.0681024517	-0.0383958128	-0.1171845719	-0.0243328573	-0.0468586269	0.0466547326	0.1236031094	0.0238878336	-0.100785967	-0.0336299724	0.0384625875	0.0792825919	0.0363845169	0.0143849212	0.0132284879	0.0939780748	0.0673143668	0.0095538272	0.1063007322	0.0523745133	-0.0747701086	-0.0075420401	-0.0738391703	0.132725039	0.1248342894	-0.0739749621	-0.0439806222	0.1595943087	-0.0086326602	-0.0534145261	-0.1128449953	0.0068616949	0.0513032434	-0.0710920909	-0.0426053927	0.0208595898	-0.009421048	0.0269810066	-0.0274414001	0.0577007896	0.0929480919	-0.0366295319	-0.0791482712	0.0534707231	-0.0960765466	0.0668966292	0.1698660301	0.1381274368	-0.0098784502	0.2069055004	-0.1340470729	0.1074018017	-0.1216327348	0.0033843313	-0.0370728652	-0.0688512977	-0.1125481079	0.0409153846	0.0390887123	-0.0342297064	0.017525784	-0.0061422845	0.103959857	0.0717239676	0.0251890118	-0.0119285013965111	0.0035518608322604	0.0001422891455665	1.2615715371745542e-05	-0.1190479274692108	-0.1149912511686324	0.0141724090347144	0.0132229878453275	-0.0119198734925447	-0.0216826794623158	0.0001420833840782	0.0004701385886655	0.0003179052511333	0.0001179687206326	1.0106374869812652e-07	1.3916619047716014e-08	0.0007620396798115	0.0002500152723017	5.807044736072135e-07	6.25076363840932e-08	0.0002478788353174	-7.012599570000237e-08	4.917655272916749e-15	6.14439169983107e-08	0.0
530.0073601314272	0.6749647796492582	280907.8017934843	0.4555774537669716	511.5023118839708	1.462620065378701	2.139257455648395	261634.6150626469	515.7524011705382	0.2681071696432582	266000.5393131758	0.0718814544141188	524.8448884102294	460.8235712183236	1.15785	21.396574	0.0352134227010548	0.021267890691948	0.0452694076	-0.0679990429	0.0264576069	0.1125166874	-0.1023736954	-0.0424613781	-0.0107462894	0.1003781268	-0.095641679	-0.1061375061	-0.0011403029	0.0460341062	-0.0350015342	0.0044716349	0.0128742718	0.0276939743	0.0634704375	-0.015037621	-0.0017630673	0.0152517957	0.0297223247	0.0615787218	0.1136400991	0.1025849629	-0.0244362722	0.0850779674	0.034936531	0.0881192233	0.0098901272	-0.0284235144	0.0612797883	-0.2386685196	0.0808649008	-0.1609632755	-0.0274757512	-0.0083940821	0.0857124993	0.1104074296	0.0227738299	-0.006696665	0.0570012031	-0.0425935313	-0.1954275328	-0.0020207016	0.0331375769	0.1011964703	-0.0265804336	-0.017274149	-0.1704378551	0.0827445515	-0.0284627355	0.0701340129	0.1372129508	-0.1021184441	0.0767036104	0.0119502699	0.000930892	-0.0217048018	0.0617957739	-0.0173429434	-0.1142692831	0.1063125163	-0.1317517789	-0.0823347887	0.0867325955	-0.0244634801	0.0898628427	-0.0163910837	0.0514947668	0.0651748328	0.0171111092	-0.0898159205	0.0236969886	-0.0809848831	0.1095578059	0.0861155117	-0.023163563	-0.0878131483	0.1313872497	-0.000164425	0.2044727776	-0.0209491629	0.0075745562	0.0292817091	0.0143557258	0.0575877768	-0.0322484579	-0.0195919938	0.0491135157	0.1028845713	0.0678715947	0.0180634961	-0.0118910244987375	3.747689777360008e-05	0.0001413964636295	1.4045178667328707e-09	-0.0987827203861968	0.020265207083014	0.0097580258468975	0.0004106786181174	-0.0083628256235925	0.0035570478689522	6.993685241061528e-05	1.2652589542017392e-05	0.0004438928447818	0.0001259875936485	1.970408576484792e-07	1.5872873753339564e-08	0.000863055277797	0.0001010155979854	7.448644125332568e-07	1.0204151036368144e-08	0.0002478082099251	-7.06253922999763e-08	4.987946037525552e-15	6.140890890628244e-08	0.0
528.8097595187868	-1.1976006126403718	279639.7617623171	1.4342472273965938	510.3464639353198	-1.155847948651001	1.3359844804007268	260453.51325128463	514.929612481285	-0.8227886892532297	265152.5058101263	0.6769812271630478	524.4189860310046	454.5983650951708	0.973138	17.983162	0.1161717597671314	0.0578549886628318	0.0599082759	-0.0612375868	-0.0466084024	0.1125236868	-0.0110873785	-0.0098066307	0.0706707523	-0.0810371709	-0.1725593631	-0.144128332	-0.0645161254	-0.0493924347	-0.0170505206	-0.0062121385	0.0051776388	-0.0966453606	0.0266810919	-0.01183933	-0.0336545772	0.0002905985	0.0247283461	-0.1258155204	0.0486877194	0.0889026047	0.0441590265	-0.0058277505	-0.0763623579	0.1041832453	0.0398535943	-0.0181248953	-0.0351684487	0.0747151278	-0.0467508706	-0.024620209	-0.1106347088	0.003913283	0.008858661	0.0618548012	0.090990519	0.0784362807	0.1317550992	0.2375212452	0.0783191789	0.0490763067	0.0539892159	0.1056859622	-0.1075609607	-0.0111895734	-0.1024509332	-0.0149632671	-0.0747139645	0.0043252823	0.0789989317	0.0506013391	0.0651648151	0.1343529536	0.0395883015	0.059524444	0.1154764869	0.0710923299	0.0179155413	-0.0182248163	-0.0136489107	0.114454921	0.0522117381	-0.0011003849	0.10586588	-0.0048647575	0.0413428532	-0.0120728637	-0.0302329611	-0.0767234203	0.1668589059	-0.1284393094	0.0856436311	0.0227079756	0.0070669467	0.0804009286	0.0475025812	-0.0152864862	0.106013421	0.164733683	-0.1112361446	0.0515779843	-0.0367797411	-0.0562669121	0.0593930856	0.0186599892	0.0324762726	0.1017641571	0.063900152	0.010866692	-0.046161056540285	-0.0342700320415475	0.0021308431409153	0.0011744350961286	-0.0684118987816333	0.0303708216045635	0.0046801878949084	0.0009223868049362	0.0048773613924879	0.0132401870160804	2.3788654152931503e-05	0.0001753025522207	0.0002809743667504	-0.0001629184780314	7.894659477078829e-08	2.6542430484067774e-08	0.0003690192731229	-0.0004940360046741	1.361752239361535e-07	2.440715739143473e-07	0.0001389483105318	-0.0001088598993933	1.1850477695919401e-08	1.930663299964152e-08	0.0
528.4679407458265	-0.3418187729603232	279278.36439613433	0.116840073548101	509.9947512249614	-0.3517127103583561	0.1237018306276209	260094.6462770103	514.6183702540329	-0.3112422272520234	264832.06700291694	0.0968717240248002	523.4469897003949	450.3899315952705	1.056746	19.528206	0.0641752342058088	0.0354900220505176	0.0856534857	-0.0856284299	-0.0977003077	0.0121295005	0.0655782021	0.0612377277	0.0175247499	-0.0196815854	-0.0391910492	-0.0480075444	0.0170159469	-0.0986247907	0.0487694158	0.1047686347	0.051899688	-0.088470167	0.1196646894	0.0407046188	0.1316963895	-0.026779899	0.0766248821	0.000695675	-0.0210707584	0.0777380456	-0.0296411891	0.0054596277	-0.122557237	-0.0931621813	0.0503818188	-0.0618284145	-0.0931739086	0.0810125716	0.1628684324	-0.0725317327	-0.0145139671	0.0001933443	0.0434911103	0.0489836907	0.0563668759	-0.0342806238	0.0551347187	-0.0408101094	0.0846970158	0.0784295962	0.0795641946	0.0149422146	-0.1104674662	0.1225017853	-0.0131165779	-0.0120357864	0.0680557875	-0.063638579	-0.0206776537	-0.0550694992	0.1405196206	0.0064861473	-0.0024040845	0.0602871114	0.0110282901	-0.1281226646	0.0245646103	-0.0372666929	-0.1616703156	0.038082446	0.084146962	0.0093358016	0.1055400785	0.0174779817	-0.0819889727	-0.1159151135	0.045006752	-0.0611644854	-0.0040848613	-0.1633677812	0.0897428101	-0.018027009	0.1010748023	0.0417725739	0.0949489676	-0.0678229146	-0.0092373484	0.0289185707	-0.038113524	-0.0945617085	0.0881691042	-0.0519693219	-0.0028396153	-0.0374050365	0.00168613	0.1005991057	0.0598166067	0.003627002	-0.0289720110999383	0.0171890454403467	0.0008393774271749	0.0002954632831503	-0.068451496327512	-3.959754587870568e-05	0.0046856073494753	1.5679656396162007e-09	0.0087367955077013	0.0038594341152133	7.633159574338961e-05	1.4895231689673036e-05	0.000805032783458	0.0005240584167076	6.480777824421351e-07	2.746372241220766e-07	0.0003544256262313	-1.4593646891599994e-05	1.2561752452944917e-07	2.1297452959670616e-10	-0.0001841427679564	-0.0003230910784882	1.0438784499866821e-07	3.3908558990644585e-08	0.0
527.4453447457591	-1.022596000067324	278198.5916939727	1.0457025793536905	507.2182492189629	-2.776502005998509	7.708963389313745	257270.35234075	514.9933335581843	0.3749633041513789	265218.13360937126	0.1405974794601195	522.4335521465631	447.73617148509226	1.122736	20.747683	0.0741571563458137	0.033341240554523	0.0923566913	-0.1369901454	-0.1092171284	0.1323074485	0.0685378066	0.1276914904	0.0301665766	0.0672111555	-0.0637783693	0.081254136	0.0136294716	-0.141255052	-0.0185830589	0.0333662365	-0.0604527783	0.0707402147	0.0167543881	0.1359844356	0.0317772646	0.0319455955	-0.0157297143	-0.0740050726	-0.1190338129	0.2087415154	-0.0292371998	0.0142182573	-0.0681944393	0.1159279485	0.0861665295	0.0489802758	-0.0838457268	-0.0026125075	0.095868903	-0.0516786545	-0.0469130897	0.0082240669	0.0164337932	0.0741786144	-0.1669305602	0.0407691774	0.0214586884	0.0579050833	0.0015772005	0.0879800325	0.1307215576	-0.1042178894	0.0106626997	0.0236765052	0.0323500491	-0.0299797843	0.0116047932	-0.0218544554	0.1667655896	0.1452460576	0.0921615291	0.064316004	0.0453022966	0.1441256751	0.0715407975	0.0634206974	0.1097009286	0.0836973687	-0.1411847769	0.0175108681	0.0266834268	0.0108604037	0.1493201547	-0.1032936088	0.0250120725	0.0201547163	0.1803675502	-0.0211532529	0.0777332129	-0.1166930728	0.0275008869	-0.0676394698	0.0006923143	0.0010209496	0.1918058274	0.1526418689	0.0596780343	0.0148604775	0.0244382296	0.0311960254	-0.0806972819	-0.0572804755	0.0931373222	0.0542365522	0.059607793	0.0993899282	0.0556281227	-0.003627002	-0.0436849498087639	-0.0147129387088255	0.0019083748397942	0.0002164705654496	-0.0553040082346711	0.0131474880928409	0.0030585333268205	0.0001728564431513	-0.0003978828665509	-0.0091346783742521	1.5831077549476129e-07	8.34423490010308e-05	0.0012720588384352	0.0004670260549771	1.61813368844111e-06	2.1811333602756657e-07	0.000629882716056	0.0002754570898247	3.9675223598608353e-07	7.587660833469283e-08	-0.0001849006465524	-7.578785959999829e-07	5.743799662749054e-13	3.4188249095495545e-08	0.0
528.4699466029018	1.0246018571426705	279280.4844624739	1.049808965660209	510.80690689086913	3.588657671906219	12.878463886131364	260923.69612741703	514.6888317361002	-0.3045018220841484	264904.5935138716	0.0927213596525663	522.3304916885298	446.9556215018171	1.138507	21.039122	0.1949671961935792	0.0943539839583355	0.1200896289	-0.1215220893	-0.1321887144	0.1223672777	0.0126042207	0.0764572051	0.0920571848	0.1311006694	-0.0323843624	-0.0975159761	0.157162873	-0.0720504177	-0.1030063422	-0.1133699601	-0.0582140532	0.0869761603	0.0843359004	0.167180775	-0.0844013878	-0.0368953687	0.1931275196	-0.0473217195	-0.0353109943	-0.0224363422	-0.1592408033	0.1326766809	0.0456615055	0.0888346345	0.0001064471	0.0263112329	0.0057660227	0.0989683089	-0.0641328844	0.0486825623	0.0038988557	-0.1448433076	0.0065631987	-0.0481718009	0.0469453465	-0.0853889593	0.0988867208	0.0234370258	0.1122778472	0.0193147594	0.1615354118	-0.1071914645	0.0428687158	0.0540604517	-0.0968339154	-0.0184089606	0.0074872558	0.1115152714	-0.1401988897	0.1039056084	0.0356930504	0.0690052541	-0.0026770998	-0.0505963711	0.1113156759	0.1036532067	0.0483954516	-0.0098772664	0.063487118	-0.0739704244	0.0934051361	0.0305881808	0.1535873344	-0.1818297871	-0.0122406767	-0.1443822695	-0.0162407955	-0.0957951187	-0.0047766093	-0.0371878555	0.0433138047	-0.1024280071	-0.0043678065	0.0794691913	0.157560776	-0.098211195	0.0688878914	0.1887037829	-0.0825650687	-0.11843125	-0.0642221973	0.0388910124	0.0315450547	0.0057795667	0.0185091508	0.098137155	0.0513420481	-0.010866692	-0.047603438169645	-0.0039184883608811	0.0022660873255712	1.5354551034360653e-05	0.0012013258167655	0.0565053340514365	1.4431837180272954e-06	0.0031928527762644	-0.0402847432881827	-0.0398868604216317	0.0016228605417947	0.0015909616342947	0.0003370274757184	-0.0009350313627168	1.135875193891167e-07	8.74283649264036e-07	9.089831695030526e-05	-0.0005389843991056	8.262504024398152e-09	2.905041824793269e-07	-0.0006040151519225	-0.0004191145053701	1.756569686116236e-07	3.648343037519608e-07	0.0
528.2957061606861	-0.1742404422157051	279096.353147818	0.0303597317035244	504.5063803207042	-6.300526570164948	39.69663506135448	254526.68778429905	513.4939620707839	-1.1948696653162187	263676.0490831517	1.4277135170928923	520.7719464839413	443.4132883977231	1.579456	29.187675	0.4303527785694416	0.2494918841843109	0.0452462709	0.1905588491	-0.151638881	-0.0343725574	-0.1905089885	0.0808606513	0.0022191258	-0.1078021963	0.1104105159	-0.014983752	0.1069417427	0.063714921	0.0198567817	0.1468757346	-0.1256855726	0.0812721651	0.1659594036	-0.1083068437	-0.1476048697	-0.0395244978	-0.0420469859	0.1108225156	-0.0119481175	-0.0802822666	-0.0030850527	0.0492324664	0.0351965408	-0.1499777328	0.0060650901	-0.1389192511	0.0272738448	-0.0365577066	0.1534842066	0.03385247	-0.1608075731	-0.3637710918	-0.1144378939	0.0795785866	0.0050644355	0.011426537	0.1773814837	-0.0683654354	0.0229990654	-0.2230662483	0.0323697824	0.0267714395	0.0861556373	0.1933559201	-0.0570755203	-0.0930984446	0.1094009096	0.088233793	-0.1095851391	-0.0591774962	-0.0596585175	-0.1581106019	0.0840815294	0.0982293669	0.0164570636	-0.0547284534	-0.0804495291	-0.0947192128	0.0109588227	-0.2763747637	0.186862873	0.1275105105	-0.138963594	0.0557417324	0.0254216187	-0.1839549084	-0.1017067701	-0.1067327505	-0.0683813599	0.1785427063	0.0400016072	-0.0174204317	0.0926984475	0.1184571903	0.1312727013	-0.0483554759	0.0284468831	-0.0296817696	-0.109798003	-0.0881870921	0.0311223107	-0.004898393	-0.2217282526	-5.23522e-05	0.1510220178	0.0968413356	0.0469659021	-0.0180634961	-0.0291365793037385	0.0184668588659065	0.000848940253523	0.0003410248763733	-0.168064249870298	-0.1692655756870635	0.0282455920844659	0.028650835112673	-0.2146261412270291	-0.1743413979388464	0.0460643804980046	0.0303949230352711	0.0008224662666609	0.0004854387909424	6.764507597951186e-07	2.3565081975171617e-07	-0.0003690754728991	-0.0004599737898494	1.362167046956943e-07	2.1157588734842486e-07	-0.0001838488111619	0.0004201663407606	1.7653975390815264e-07	3.380038536564397e-08	1.0
528.1909965366973	-0.1047096239888105	278985.7288224294	0.010964105355878	508.3444510703863	3.838070749682117	14.73078707956545	258414.0809340524	514.7827281237336	1.2887660529496543	265001.2571745138	1.6609179392354312	522.4381378406196	442.3032586526944	1.267541	23.423616	0.1070589304512774	0.0548034120773741	-0.0094229166	0.2489173757	-0.1520773026	0.0999001611	-0.1762221443	-0.049156976	0.0470680999	-0.1920107506	0.0132838021	0.0223086051	0.114841376	0.0190212847	-0.0363335895	-0.236983778	0.0506570605	-0.1285631838	0.1029140563	-0.1196590542	-0.1336136541	0.1795579703	-0.1288095286	0.0001380476	-0.066472523	-0.035064243	0.1007473683	0.0343944239	-0.0758094478	-0.0196608773	-0.1136879982	0.1118959317	-0.0390335045	0.0820022708	-0.171687109	-0.0550026957	-0.0483725057	-0.0820632726	-0.0042026281	-0.005200266	0.0462028137	-0.142514536	0.0273002764	-0.0068200405	-0.0973337497	-0.2494890046	-0.0819402183	0.068062204	-0.107950749	0.0574708887	-0.0062058768	-0.15888279	-0.0447698995	0.1173553711	0.0615129594	0.0326897939	0.0778103639	-0.0738274237	-0.012735999	0.023827704	0.0862118858	0.0212432868	-0.0039824532	0.1005608863	0.1218936113	0.1127110622	-0.0288395349	0.1244676501	-0.1811281952	0.0670529739	0.1844190952	0.0704425039	0.0125693449	-0.0348974992	-0.0095985222	0.0613141989	0.0250963807	0.0636077812	0.0797734942	0.1175457468	-0.0106861379	0.0164995202	0.0530009549	0.0424937104	0.00506876	0.2455668879	0.0028926333	-0.03328882	0.0550206185	-0.054147774	0.0150880538	0.0955030384	0.0425073619	-0.0251890118	-0.0164124096328492	0.0127241696708893	0.0002693671899564	0.0001619044938135	-0.2036575497516963	-0.0355932998813983	0.0414763975708646	0.0012668829964471	-0.2481576408916339	-0.0335314996646047	0.0615822147329011	0.0011243614697573	0.0007679252661257	-5.45410005352e-05	5.897092143542271e-07	2.974720739380686e-09	-0.0008180710660015	-0.0004489955931024	6.692402690288306e-07	2.0159704262537601e-07	-0.0001831861801118	6.62631050100021e-07	4.3907990855665663e-13	3.3557176583952836e-08	0.0
528.5952262970332	0.404229760335852	279412.9132640117	0.1634016991411803	508.8562764189964	0.5118253486101025	0.261965187479853	258934.71005100608	515.1095121532078	0.3267840294741972	265337.8095107157	0.106787801919393	522.1196603029513	446.2635377394622	1.081753	19.99032	0.1416027253221431	0.1096679973740772	0.0362557823	0.1942269969	-0.072871064	0.1643564804	-0.0848798273	-0.0423732113	0.1230851484	-0.0874951265	0.0984714107	0.1104243417	0.1052646912	-0.0902060085	0.1021764136	0.017509441	0.0474241593	0.0406650254	0.1816054731	0.0944749934	-0.0038681442	0.1202397163	-0.100489767	-0.0889071733	0.1343646742	-0.2218663034	-0.0433396042	-0.094360477	0.0682662707	-0.0779694524	-0.1535274539	0.0842639031	0.0878864446	-0.0439988751	-0.0539812922	-0.1027268639	-0.0161515617	0.0648739935	-0.0543954732	-0.0421017424	-0.060968263	0.0198329079	0.1750280264	-0.0140776581	0.0712803954	-0.2149257721	-0.0061566168	-0.1724284359	-0.1041451563	0.0495725245	-0.0357630086	-0.0308772958	-0.0255334765	0.0433825671	-0.0350778358	-0.1884843244	-0.0584854363	0.0318716157	-0.0737023395	-0.0308486969	0.1379016147	0.0181541698	-0.0567785784	0.0437394889	-0.0223125297	-0.0351393671	0.0890361458	0.1317560563	-0.1236024963	-0.1171729292	0.1154766967	-0.0445549954	-0.0351642576	0.0266674684	-0.1230390908	-0.0791359972	0.0233393687	-0.0484145434	0.0432487327	0.1477187365	0.0164312025	-0.0670713452	-0.0544327038	-0.0542566606	-0.089255586	-0.0434159065	-0.0073125761	0.0172814412	-0.0630042464	-0.0212127401	0.0958531977	0.0941228505	0.0379742494	-0.032215118	-0.0292472960300784	-0.0128348863972292	0.000855404325071	0.0001647343088297	-0.0978580262789989	0.1057995234726974	0.0095761933072212	0.0111935391670498	-0.2454429324015024	0.0027147084901315	0.0602422330658484	7.369642186392054e-06	0.0004819139589605	-0.0002860113071652	2.3224106384098247e-07	8.180246782634637e-08	-0.0009370440374054	-0.0001189729714038	8.780515280370127e-07	1.4154567924673204e-08	-0.0001832740407844	-8.786067260001708e-08	7.71949778972739e-15	3.358937402544192e-08	0.0
528.8017953669925	0.2065690699593005	279631.33878335456	0.0426707806638504	507.94811757997024	-0.9081588390261572	0.8247524769013378	258011.29015303528	514.9622206894053	-0.1472914638025031	265186.0887373637	0.021694775309084	522.5129286402978	443.6872308382424	1.168172	21.587322	0.0591257305787324	0.0338498444125565	-0.0067986186	0.204517685	-0.1313435107	-0.0881998735	-0.0966564024	0.0486134348	-0.0628501866	-0.0576513476	0.2277940554	0.0522138387	0.1416239001	-0.0772233018	-0.0005486782	0.0532220505	-0.0663507782	0.1856964538	0.0562427784	-0.1340738689	0.110329205	0.1116198136	-0.0387448835	0.0199293462	-0.1982428902	-0.0097638304	0.1008160247	-0.1096662902	0.0641271545	-0.0649793495	0.0271871324	-0.0185981105	0.0660234142	-0.0117582947	-0.0041669203	0.0503978793	-0.0231142538	0.0245177483	-0.0476005131	0.1645050216	0.0664258998	0.0816165813	0.0530222547	0.1612230681	-0.145024535	-0.1879858655	-0.017591601	-0.0067412375	0.0955704443	0.1369355132	0.1273878875	0.1536806456	0.0920116092	0.0182335607	0.0275928051	-0.0426381916	-0.0596731332	0.0819178324	0.0228848899	0.0006979823	0.0304144984	0.0349882776	0.1081789484	-0.0530469149	-0.0467426559	0.1275587407	-0.0373099995	0.1200186536	-0.1472313469	0.0001634445	-0.0261323533	-0.2033491282	-0.0212419634	0.0329621714	-0.0515671985	0.0170513981	-0.0735370982	-0.0471079282	-0.1283320829	0.1039867907	0.0362287512	0.0105236986	0.0377713656	0.0039709004	-0.0438758739	0.0732230679	0.0937028287	-0.0084157892	0.0535811509	-0.0378585639	0.0102970765	0.0927013771	0.0333745172	-0.0391140859	-0.0074632944272963	0.0217840016027821	5.570076370851201e-05	0.00047454272583	-0.1162229580346547	-0.0183649317556558	0.0135077759743251	0.0003372707183898	-0.2271164681396129	0.0183264642618894	0.0515818901002117	0.0003358592923423	0.0004689139736897	-1.299998527079998e-05	2.1988031472146466e-07	1.6899961704101644e-10	-0.000937043325814	7.11591399953776e-10	8.780501944525623e-07	5.063623204881748e-19	-0.0001832800030903	-5.962305900001708e-09	3.5549091645195176e-17	3.3591559532780384e-08	0.0
530.2929762969798	1.4911809299873084	281210.64070990914	2.223620565957814	511.55255150018735	3.604433920217105	12.991943885211644	261686.01294635184	516.0747256540084	1.1125049646030902	266333.12245886	1.237667296266523	523.5463104596598	448.726381134877	1.199196	22.160631	0.0662775164826873	0.0475766678015781	-0.0507189472	0.169641753	-0.0877026083	0.0483188022	-0.0815218068	-0.0868895044	-0.0621445734	-0.0336548467	0.1413030525	0.0769491611	0.029751002	0.1472652967	-0.0809853096	-0.1023115612	0.034299089	0.0375283092	-0.0639663205	-0.066269959	-0.0651924343	0.1742989068	0.0271512068	-0.041634987	0.024373345	-0.0833559506	0.0549823731	0.1529592757	0.0077022243	0.0540178354	-0.0307148623	-0.1390525685	-0.0768263553	-0.1293156561	0.0471481829	0.1210992644	-0.121778529	-0.0024698929	-0.107695803	-0.0751545984	0.064281336	-0.0135777389	-0.0420196385	0.0984934654	-0.0253271323	-0.1524786273	-0.0602868668	0.0315890036	0.0416207642	-0.1047715937	0.1161238887	-0.026913276	-0.0729096624	0.1070021572	-0.0434250192	-0.0319735618	0.0610144287	-0.0471532927	-0.1439718347	0.0146334552	0.1477084184	-0.0373677351	-0.0552255526	-0.1558147384	0.0012830226	0.0777134195	-0.0107227356	0.090245919	-0.1441163213	0.0176136121	0.1105452647	0.0127861132	0.0940734245	-0.0566726619	-0.0237278996	0.204433366	-0.0285696042	0.0845340138	7.06751e-05	0.1035486505	0.0342345311	0.0356788101	-0.0513334691	0.1203850688	-0.1154677279	-0.0224547748	0.1930440684	0.0173317514	0.0761948907	-0.0342991692	-0.0339777536	0.0912392418	0.0287162347	-0.0458586883	-0.0093405136818205	-0.0018772192545241	8.724519584027594e-05	3.5239521295563888e-06	-0.1635412490639396	-0.0473182910292849	0.0267457401453935	0.0022390206659321	-0.2234670260593247	0.0036494420802881	0.0499375117357989	1.3318427497378233e-05	0.0002009134838413	-0.0002680004898484	4.0366227989248325e-08	7.182426255898238e-08	-0.0009370183872223	2.493859170007388e-08	8.780034579926801e-07	6.219333559829937e-16	-0.000183905857022	-6.258539316999839e-07	3.9169314382432813e-13	3.38213642469963e-08	0.0
530.1521260745703	-0.1408502224094263	281061.2767813871	0.0198387851527848	510.2081204613974	-1.344431038789935	1.807494818061784	260312.32618475184	515.7011871557758	-0.3735384982326195	265947.71443387645	0.1395310096618807	523.3307997417934	454.7597443892659	0.985159	18.205311	0.0593155620363128	0.0454814608420159	-0.0456130485	0.1853538607	0.0134797446	0.1336041611	-0.1773424794	-0.0929939164	0.0218509644	-0.0162868052	0.0012453636	0.0477166371	0.0265821954	0.0200950918	-0.0632299977	0.026095732	-0.0203194532	0.0721923742	0.0039745572	-0.1090431414	-0.0847156504	0.1100039812	-0.0539772903	-0.0132950276	0.1457778648	0.0090623707	-0.0987240828	-0.1273244413	0.0033547437	-0.1376213089	0.0546282125	0.0794388834	-0.0239800242	-0.0035737577	0.0302760905	0.0878074148	-0.0611719373	0.0419474291	0.0716550787	-0.0781368236	-0.038678214	0.0788985435	0.0145612489	-0.0674761873	-0.0909282976	-0.2055946752	-0.0247395151	0.0087713077	0.0162984933	-0.0397540397	-0.0686413685	-0.0128885995	-0.0920941752	-0.0544750851	0.0544264061	-0.0174052043	-0.0911006236	-0.0641590416	0.0421051418	-0.0942866963	0.0028426228	-0.0759279403	0.0508912541	0.0027376265	-0.1371846887	0.0333585841	0.1021434472	0.088016095	-0.1184226076	-0.06544586	0.1030065976	-0.0001090143	-0.0713233984	-0.0330000559	-0.071630881	-0.021740648	0.0213413958	0.0640797845	-0.1036477494	-0.0056183403	0.0793572206	-0.0462840278	-0.0173921616	-0.0963930423	0.0267858065	0.0567729715	0.0637352492	0.064604613	0.0093145707	-0.066711334	0.1623380204	0.089737086	0.0240075741	-0.0524223074	-0.0083955710480978	0.0009449426337227	7.048561322365798e-05	8.929165810267928e-07	-0.1208539134601949	0.0426873356037447	0.0146056683986442	0.0018222086209467	-0.2171389511317016	0.0063280749276231	0.0471493240985754	4.004453228961218e-05	1.3913759665453766e-05	-0.0001869997241758	1.935927080280081e-10	3.4968896841842574e-08	-0.0009370010513751	1.7335847199927666e-08	8.779709702780428e-07	3.005315981392399e-16	-0.0001839929744234	-8.7117401400004e-08	7.589441626689421e-15	3.3853414637169925e-08	0.0
529.7518346677131	-0.4002914068572636	280637.006333808	0.1602332104037673	509.07401227729264	-1.134108184104775	1.286201373253431	259156.3499761011	515.2992920009822	-0.4018951547935785	265533.3603367135	0.1615197154465544	522.9686987010356	452.23566202963553	0.979701	18.104458	0.1397074164968779	0.0847153898052576	-0.0151798027	0.2159581385	0.0074596675	-0.0130026049	-0.1124918104	-0.0543852262	0.0601351294	-0.2130591192	-0.0048221271	0.0249808424	0.0062758231	0.118794249	-0.0024280806	-0.0290760553	0.0556468262	-0.0894669421	0.0342415157	-0.1252450955	-0.0366828088	0.1182796584	0.0359177477	-0.0035112194	0.047511174	-0.0378269638	0.184007266	-0.0096612608	-0.0897036994	0.0762970123	-0.0889380837	0.0618202061	-0.0017721915	0.0176350769	0.0218729518	-0.0761531246	0.0727266422	0.0571394241	0.0672079189	0.0807662777	-0.036186114	0.0190923168	0.0418609508	-0.0425539429	0.111820114	-0.1846576418	-0.0381766618	0.0980721411	-0.0789541751	0.0178839424	0.047976345	-0.0931545489	-0.006648041	-0.0372096526	0.0342460109	0.0184525375	0.0032911716	0.0372981499	0.049936988	0.0424191708	-0.0258333047	0.1578939005	0.0937919553	-0.19968162	0.1612883312	-0.0150118474	0.0046277891	0.1265166339	-0.1614241038	0.0876923782	0.0943941191	-0.0222996274	-0.023057414	0.0185005879	0.0823787539	0.0037072209	0.0350364729	0.0065567517	0.0048751178	0.0804616509	-0.0343217479	-0.0571639082	0.0804912121	0.0366349353	-0.0163153844	0.1436158285	0.0620958832	-0.0061837895	-0.10622108	-0.0592347368	0.0235851428	0.0881955685	0.0192567962	-0.0587790397	-0.0253160668344492	-0.0169204957863514	0.0006409032399662	0.0002863031776559	-0.1940129055071651	-0.0731589920469702	0.0376410075033321	0.0053522381173286	-0.2385267105210857	-0.0213877593893841	0.0568949916320098	0.0004574362516981	0.0004658605294408	0.0004519467697753	2.170260328908625e-07	2.042558827103698e-07	-0.0009370691049612	-6.80535860999535e-08	8.780985074727845e-07	4.631290581063785e-15	-0.0002967815365454	-0.000112788562122	1.2721259745548252e-08	8.80792804342486e-08	0.0
529.9571533261035	0.2053186583904107	280854.58436150715	0.0421557514832381	510.4901864517567	1.4161741744640608	2.005549292418964	260600.2304635493	515.3144545981107	0.0151625971285511	265548.9871177483	0.0002299043516827	522.5990680946311	449.4330751562631	1.024928	18.940237	0.116362093227022	0.0794809857651468	0.0100562642	0.1499908748	-0.0024339374	0.0508002388	-0.0373296504	-0.0627032234	0.1306866678	-0.0196059569	0.082845255	0.0645849852	0.1238583982	0.0802648763	0.2388855685	-0.1197853059	-0.01780428	-0.1133119026	0.0036649687	0.0399381231	-0.1344732719	0.1246253376	-0.0223405476	-0.0566252228	-0.0700664822	-0.0727496527	-0.1236309902	-0.0569552542	-0.0449422521	0.0103454605	0.167853734	-0.0854397989	0.1927594071	0.0999236199	0.0065047537	0.0646211342	0.162787127	-0.0497591348	0.000611332	-0.0394790608	0.0063314683	-0.1035603498	0.0287026205	-0.0498666609	-0.1040977607	-0.1359046261	-0.0416907912	-0.0957449319	-0.0762571777	-0.0696001466	0.0222642952	-0.1325975422	0.0600207062	0.1500179681	-0.1049619128	0.0799851865	-0.0455539908	0.0993178864	0.2057642418	-0.050284705	-0.0474482607	0.0422975978	0.1893797105	-0.0894192105	-0.1063717634	-0.0490026889	-0.1108425633	0.1077519702	-0.113187542	-0.075319513	0.109399309	-0.0397632232	-0.0752618806	0.0877263351	0.0513112563	0.0199861305	0.030190942	-0.038134744	0.1450187526	0.0447168004	0.0115866515	0.0970802262	-0.0597802747	-0.0640813645	-0.0630837112	0.0894534695	0.0457229794	0.0693969824	0.0784812118	0.0570733677	0.075110146	0.0866153656	0.0144722352	-0.0649037979	-0.0292259966996368	-0.0039099298651876	0.0008541588830871	1.5287551550685936e-05	-0.121479521127199	0.0725333843799661	0.0147572740532935	0.0052610918496119	-0.2230719107352001	0.0154547997858855	0.049761077359053	0.0002388508364218	9.080743201884614e-05	-0.0003750530974219	8.245989709857362e-09	1.406648258858016e-07	-0.0009370184673844	5.063757679997766e-08	8.7800360821941e-07	2.564164184173635e-15	-0.0004109573854663	-0.0001141758489208	1.3036124476808182e-08	1.6888597266929708e-07	0.0
531.8292683693302	1.8721150432266995	282842.370694257	3.504814735075707	510.7017812329669	0.2115947812101808	0.0447723514353842	260816.3093545252	516.7289266229019	1.4144720247911664	267008.7836088563	2.0007311089168223	524.5079688909696	457.0842710632699	1.070246	19.777685	0.05244311987341	0.0255573963701312	-7.20221e-05	0.1643727606	0.0880056905	-0.0657815679	-0.0167989105	-0.0370549766	-0.0298776891	-0.0500973334	0.2208001515	0.0456307272	0.02925902	-0.0486324953	0.1234676658	0.037264941	-0.0897475519	0.0545037956	-0.0117372888	0.0192095009	0.0695070725	0.2056824546	-0.005718541	0.077676318	-0.1929679858	-0.0577939722	-0.0005846776	-0.0083660133	0.0185264167	-0.0310647818	-0.0716462439	0.045483054	-0.0486805589	-0.0292562366	0.0446129966	0.0263476777	-0.0513787327	0.0302327946	-0.0900546937	-0.1154910738	0.031124839	-0.0575551779	-0.0879838938	0.0947434664	0.0605284702	-0.1417593527	-0.0496243511	-0.0375899122	-0.0368654929	-0.018336933	0.1425525292	0.1169207572	0.1961562552	0.0275331797	-0.0019485616	-0.0216657764	-0.0478934129	-0.0077436102	0.0028181497	0.0598871434	0.0322967977	-0.0570082874	0.0166525648	0.0337009591	0.0007473679	0.0480256713	0.00682259	0.1222777724	-0.1275140794	0.0154743284	0.0229599456	-0.1250440219	0.1111383264	0.1331002886	-0.0701363582	-0.0472062814	-0.0001754798	-0.0479385109	-0.0141769939	-0.0533693234	0.0704605622	0.0449968223	-0.0114265256	-0.1538402936	-0.0930521866	-0.0168987046	-0.0090831852	-0.0028960386	-0.020060709	-0.0594989313	0.0516254129	0.0849971703	0.0096622851	-0.0707724105	-0.0373948151071914	-0.0081688184075545	0.001398372196901	6.672959417560286e-05	-0.1300950881419851	-0.008615567014786	0.0169247319586708	7.422799498627015e-05	-0.2400111565681868	-0.0169392458329867	0.0576053552771986	0.0002869380493903	0.0002822214735011	0.0001914140414822	7.96489601051321e-08	3.6639335276570014e-08	-0.0009370839467544	-6.547937000001438e-08	8.781263232648032e-07	4.2875478955987805e-15	-0.0005938676369757	-0.0001829102515094	3.3456160107231986e-08	3.526787702471019e-07	0.0
530.9622344007793	-0.8670339685509134	281920.8943598681	0.7517479026211463	512.2996139526367	1.5978327196698388	2.5530694000475136	262450.8944560206	516.1706003634318	-0.55832625947005	266432.0886795457	0.3117282120138175	524.5130835789714	459.2481826043898	0.934902	17.276577	0.0740081501141325	0.0516630616326128	0.0103391909	0.1435991065	0.1457918842	0.0866154061	-0.024588093	-0.1150816255	0.1468444579	-0.0071742412	0.0725000466	0.1265416629	-0.047384745	-0.1241667625	0.1038209518	-0.0174985211	-0.1029800097	-0.0364538843	0.0477662305	0.1626544245	-0.0760753149	0.1916365821	-0.0617563528	-0.049087859	-0.0986488932	0.1113982529	0.0341271165	-0.0782494579	0.0582344912	-0.0523929967	0.0106400484	0.0811878729	-0.0129995783	0.0606985328	0.0085959801	-0.0063974707	0.0723078108	-0.0744068934	-0.0703491978	-0.0224831789	-0.0377408094	0.0731391511	0.0956191429	-0.0350662322	-0.1142812785	-0.142253816	-0.0167948593	-0.165794693	-0.1277699705	-0.1185567258	0.0131443919	0.0087518248	0.117114143	-0.0241680156	0.1119675524	0.138985246	-0.0644631997	0.0175205614	0.0229057424	0.1005105054	0.0167971187	-0.0840990344	0.0864066661	-0.0079816971	-0.005152151	0.0469741061	0.0855743252	0.1190762166	-0.08312998	-0.1496402721	0.1132416774	-0.0163359847	0.0883602657	0.1742380033	0.0004434553	-0.0688408864	-0.0083245621	-0.0297123419	0.0429300427	-0.0246646818	0.0389025466	0.1726222641	0.0005258883	-0.0342932084	-0.0448357619	0.0639103769	-0.0196064208	0.0699606259	-0.01041629	-0.0167372998	0.0166108562	0.0833416924	0.004835384	-0.0763617167	-0.0290707259671307	0.0083240891400606	0.000845107108256	6.929046001167647e-05	-0.0803738101150628	0.0497212780269222	0.0064599493524121	0.0024722054886305	-0.2522460982222014	-0.0122349416540145	0.0636280940683244	0.0001496937972771	0.0003567217166348	7.450024313369999e-05	1.2725038311887858e-07	5.5502862269804126e-09	-0.0009371057871425	-2.18403880999354e-08	8.781672562959645e-07	4.770025523558001e-16	-0.0005938328946348	3.474234090000694e-08	1.207030251212295e-15	3.526375067503456e-07	0.0
531.160896454026	0.1986620532467213	282131.8979218445	0.0394666114002031	513.4043465547784	1.1047326021416666	1.2204341222346975	263584.023061339	516.2535618718831	0.0829615084512624	266517.7401454062	0.0068826118845088	524.3562954084522	458.2483165641351	0.946005	17.48177	0.1036308602680013	0.0529067872919845	0.0044331569	0.130749295	0.1148731008	-0.0098341439	-0.0474734773	-0.0878450108	0.0448225117	0.011948083	0.1385169696	0.0551256742	0.0858779824	-0.1118552598	0.0006285452	-0.0276808056	-0.0565660944	0.1577453052	-0.0445819054	-0.0162769344	0.0267275988	0.1777185728	0.0595910524	-0.0084586965	0.0001034428	-0.0355428665	-0.0126748783	-0.0620882423	0.0963373507	-0.0256291254	0.0575412646	0.0416182117	0.009335002	0.1680626725	-0.0583802797	0.0125999297	0.1489901566	-0.0863904862	0.016387108	0.1157297675	-0.039039081	-0.1318998626	-0.0441233358	0.0595999246	-0.0523619583	-0.1567196464	0.0113008443	-0.0837102638	0.044861959	-0.0915714386	0.0649501077	0.1157506785	0.0061105285	-0.1150755369	-0.1050095754	0.0444335937	-0.055077913	0.114569062	0.0248550168	-0.0974352242	-0.0948172488	0.0605162597	0.1090501246	-0.1013205522	-0.0415347166	0.0493931013	-0.0270796157	0.1039345019	-0.0830785131	-0.1490189564	0.0147269054	-0.1147193506	-0.013776565	0.1703166776	0.0593804944	0.0232858753	-0.0120928595	-0.028634828	-0.1127748637	-0.0051681334	-0.0115686884	-0.1357057378	-0.063951531	0.0263684028	-0.044522229	-0.0177846368	-0.0478746443	0.0909619714	0.0070065639	-0.062384821	0.0387212304	0.0816496581	0.0	-0.0816496581	-0.0367423079191269	-0.0076715819519962	0.0013499971912239	5.885316964619384e-05	-0.0439361834284142	0.0364376266866486	0.0019303882142552	0.0013277006385555	-0.2326326038375299	0.0196134943846714	0.0541179283682291	0.0003846891619775	-0.0001088059082882	-0.000465527624923	1.1838725678420188e-08	2.1671596956644933e-07	-0.0011899733713316	-0.0002528675841891	1.416036624478294e-06	6.394201513363159e-08	-0.0005140649588532	7.97679357816e-05	6.362923578857462e-09	2.642627819207422e-07	0.0
530.9697415929974	-0.1911548610286217	281928.8664873344	0.0365401808948717	511.6609400017317	-1.7434065530466685	3.039466409206065	261796.9175234557	515.5843947352869	-0.6691671365962293	265827.2680945521	0.4477846567003966	524.0479314039201	455.9035993069181	0.967569	17.880259	0.1344188142884603	0.0846597424080544	0.0232807389	0.1426599475	0.0810117764	-0.0616129932	-0.1075127388	-0.0425476161	-0.0464038008	-0.0220092911	0.1255859849	-0.0637322002	0.0450038613	-0.0682401875	0.1245143286	0.0437717552	0.0850464969	0.0260256878	-0.0044020126	-0.1192387669	-0.0319334081	0.0497891688	0.1238366729	0.1322235974	-0.055238845	-0.0620322301	0.0503614105	-0.0275692037	0.067223339	-0.0725999479	-0.0146951402	0.0383875646	0.0304157055	-0.0584611695	0.021943186	0.1152262092	-0.0028649761	-0.0359761643	0.0147855065	0.0577579719	-0.0537014413	0.0722778039	-0.1327663449	0.0500566221	0.1290614318	-0.1289797405	0.0092598602	0.0671818394	0.0283188377	0.0188615777	-6.39796e-05	0.0111911333	0.1668285434	-0.0579075406	-0.0505442202	-0.0464406332	0.0161533369	-0.0004399085	-0.0269336492	-0.0558064828	-0.1104616836	-0.0379767106	-9.47415e-05	-0.127910365	0.0841678265	0.0877452913	-0.0361286927	0.1104229415	-0.0778451709	0.002098941	-0.0277186411	-0.1506882911	-0.02435456	0.0962393995	-0.0733178216	0.0244794843	0.0733268426	-0.0254243319	-0.0019429752	-0.1528429191	-0.0518425214	-0.1229955076	0.0238880483	-0.0349376646	0.0517590499	0.0980053567	0.0994366934	-0.0733870432	-0.0649223476	-0.0261562405	-0.0810748287	0.0799218096	-0.004835384	-0.0866153656	-0.0526835722532297	-0.0159412643341027	0.0027755587853612	0.0002541239085697	-0.1226898889998437	-0.0787537055714295	0.0150528088627939	0.0062021461412314	-0.2141240853432719	0.0185085184942579	0.0458491239240927	0.0003425652568522	0.000109684110269	0.0002184900185572	1.2030604045502151e-08	4.77378882091256e-08	-0.0010640332461211	0.0001259401252104	1.1321667488510055e-06	1.5860915138036395e-08	-0.0005939413328589	-7.987637400569999e-05	6.3802351242984664e-09	3.527663068782067e-07	0.0
530.4906198322727	-0.4791217607246381	281420.2977300289	0.2295576615998773	510.4345048771348	-1.2264351245968896	1.5041431148449882	260543.38376916575	515.6091080151649	0.0247132798780285	265852.752268194	0.0006107462023297	524.041067795342	452.2717169894967	0.98168	18.141024	0.0789990098414551	0.05450177559069	0.0226947713	0.126891331	0.0266722406	-0.0417017494	-0.1296648575	-0.0061384063	-0.0124737647	-0.017413696	0.1492476535	0.025772901	0.0351560911	-0.0249992201	-0.0945234492	-0.0089723665	0.0117694959	0.0989000774	0.0013359243	-0.087542138	-0.0589057577	0.1737411027	-0.0314754598	-0.0758536828	-0.0542709858	-0.0289746184	0.0044532094	-0.0359583976	0.0374391384	-0.0377775997	0.0103505597	-0.0532080984	0.0541347055	-0.0184305174	0.0120261519	0.1768470706	-0.0597966485	0.1912507834	-0.1353865359	-0.071412665	-0.0436872974	0.0979319264	-0.1550141476	-0.0907085144	0.0699253485	-0.1479343976	0.0086893995	-0.000912082	0.0816991393	-0.0317127607	0.0699068115	0.0424584468	-0.0224935647	0.0104293268	-0.0154272815	0.1206234096	-0.0227533276	-0.0633024523	-0.1394493572	0.0357144518	0.0858396225	0.0373463044	-0.1022406178	-0.0838280323	-0.1005863665	-0.0292368887	-0.0434910138	0.1245134119	-0.0652450898	0.0238506121	0.0998259359	-0.0322713321	0.0722713231	-0.0247301369	-0.0836935726	0.0841404178	0.0327448409	0.0544552246	-0.02383214	-0.0165811445	-0.0367021114	0.1555089918	-0.0703423099	0.1608100165	-0.0632679223	-0.0552684889	0.0285262014	-0.0952418641	0.0224954554	-0.0170230688	-0.0318134573	0.0781589047	-0.0096622851	-0.0912392418	-0.0722634026548689	-0.0195798304016392	0.0052219993632597	0.0003833697585569	-0.1729371732022002	-0.0502472842023564	0.0299072658751677	0.0025247895697123	-0.2138291787313875	0.0002949066118844	0.0457229176769396	8.69699097331454e-08	0.0001797165312976	7.00324210286e-05	3.229803162164124e-08	4.904539995127095e-09	-0.0009565531749957	0.0001074800711254	9.149939765943542e-07	1.1551965689121072e-08	-0.0005939140525014	2.7280357500010684e-08	7.442179053283893e-16	3.527339017586357e-07	0.0
530.4273479386113	-0.0632718936614082	281353.1714411886	0.0040033325275005	510.7908546625181	0.3563497853832587	0.1269851695426945	260907.29720686568	515.0562382898688	-0.552869725296091	265282.9286013101	0.3056649331489751	523.7695953136773	451.46248356574506	0.9768	18.050848	0.0917271065050606	0.0508439393542485	0.0510816192	0.1014897514	0.007623661	0.1250015324	-0.1503455182	-0.0476803865	0.0922709461	0.020134808	0.0175498991	0.0115528779	0.0203904728	0.0680632267	-0.0311889724	0.010248746	-0.0251735072	0.0021735358	0.0309612208	-0.0869627276	-0.0996587562	0.0693238099	0.0689659567	-0.089549729	0.1023395403	-0.0915131727	-0.1522752985	-0.1631551742	-0.0670094048	0.0537553437	0.0303003863	0.029499952	-0.0457377014	0.0186293285	0.0483662068	-0.0998393495	0.0437692472	0.0641603179	0.1298816112	-0.0234519984	-0.0161899061	-0.0087949234	0.0829479339	0.2185418234	-0.0312559505	-0.1380110943	0.0505522576	0.0255228173	-0.0297820972	-0.0713168964	-0.0867143277	-0.0259438072	-0.1338138865	0.0197320862	-0.0097459934	-0.0686836887	-0.0698668084	-0.0096478817	0.0440866464	-0.051760907	-0.0598974326	0.0483172743	0.0814597639	0.0664486424	-0.0826312864	0.0425198794	0.0184791824	0.1128648451	-0.0051601365	-0.0517404737	0.1412762079	0.0312891057	-0.0629088161	-0.0444532452	-0.0193269117	-0.030901187	0.0573208633	0.1008744495	-0.0392613091	-0.0887352845	-0.0588822851	-0.0634095003	-0.0050685472	-0.0212815033	0.1145733447	-0.0096265287	-0.0383428925	0.048958308	0.0459881571	-0.0284687425	0.0445578148	0.0763617167	-0.0144722352	-0.0955030384	-0.0908481194063739	-0.0185847167515049	0.0082533807996747	0.0003453916967336	-0.1321674209725074	0.0407697522296928	0.0174682271665239	0.0016621726968705	-0.1962599346123994	0.017569244118988	0.0385179619340632	0.0003086783389125	-1.5813937874094297e-05	-0.0001955304691716	2.5008063108571404e-10	3.823216437450289e-08	-0.0010569959252246	-0.0001004427502289	1.1172403859414084e-06	1.0088746073545216e-08	-0.0005940087011983	-9.464869689997797e-08	8.958375824863896e-15	3.5284633709929125e-07	0.0
530.9410872185333	0.5137392799219924	281898.4380967982	0.2639280477347673	510.4597686767578	-0.3310859857602963	0.1096179299668671	260569.17543752908	515.9052777688854	0.8490394790165965	266158.25562979083	0.7208680369287735	524.6115703331033	450.99913966564174	1.084943	20.049284	0.0451788334911745	0.0210392097841875	0.0581903561	0.1050795455	-0.0027859539	-0.1130375002	-0.0257253659	0.0526560613	0.0300439573	-0.1039928855	0.1343833696	-0.0941316207	-0.02700031	0.0151784778	0.0079230172	-0.059388196	0.0180905581	-0.0077191547	0.0362874452	-0.1072658685	0.0606951212	0.070117885	-0.023537348	0.0042152357	-0.0455950043	0.0434600454	-0.0209190929	-0.0288644805	-0.0301914519	0.1689198031	-0.011940403	-0.0867242927	0.1066503367	-0.0862780762	0.0178201793	0.0034560914	-0.0277898858	-0.0363924985	-0.1035430954	-0.1523740194	0.0374331884	0.0132031366	0.0204822598	-0.0298589693	-0.0324968946	-0.0684312387	-0.0007143809	0.1051154232	-0.0780269702	0.0788864969	0.0668954514	0.107756686	0.0083613825	0.0613215275	0.0291617651	0.0302702811	-0.0467940091	0.0262797352	0.1201155535	0.057786067	0.0202963138	0.1304599179	-0.1197178484	0.0081938353	0.0127770553	0.0154127327	0.0338879452	0.1243244	-0.0264465523	0.1009121959	-0.0094485001	-0.1369933354	-0.0493779209	0.0072710581	0.0901818345	-0.1043964937	-0.0208502875	0.00283421	-0.0461863785	0.0393973597	-0.0869240059	0.0427692524	0.0455781218	0.0437549989	0.0574284487	0.0025078483	-0.0532137674	-0.0232188761	-0.0670497644	0.0029704542	-0.0814262845	0.074531034	-0.0192567962	-0.0993899282	-0.098651573563913	-0.0078034541575391	0.0097321329666361	6.089389678881439e-05	-0.1468581982867931	-0.0146907773142857	0.021567330404043	0.0002158189380979	-0.185479978448015	0.0107799561643844	0.0344028224050761	0.000116207454906	-0.000167788544433	-0.0001519746065589	2.815299564294481e-08	2.3096281038734185e-08	-0.0009709503754089	8.604554981570011e-05	9.427446315066838e-07	7.403836643086129e-09	-0.000594081461923	-7.276072469997089e-08	5.294123058864953e-15	3.529327834005688e-07	0.0
531.4991299254045	0.5580427068712197	282491.32511146204	0.311411662692158	511.9965995256291	1.5368308488713185	2.361849058042537	262140.51792580745	515.4605069998705	-0.4447707690148945	265699.5342765636	0.1978210369701006	523.329568725431	451.712227424352	1.016668	18.787579	0.029267212575133	0.0164591656696358	0.0453006953	0.0582142173	-0.0072402598	-0.0486278414	0.0269184286	0.03801764	0.0552302151	-0.0117696511	0.2016250261	0.0321725413	-0.0790055447	0.120067104	-0.0816914977	-0.0976228021	0.0018557194	0.0415275351	-0.1113321724	-0.0066896865	0.0480355568	0.0776898137	0.0374141844	-0.0918715607	-0.0195938805	-0.1319416869	-0.0138822507	0.043689693	-0.0873212722	0.0636080584	-0.0654410406	-0.0094707746	-0.0941226868	-0.0967541199	-0.0199341304	-0.0175959136	-0.000488093	-0.006491041	-0.0768735159	-0.0735160661	0.0382647101	-0.0814600524	-0.0215457455	0.0248408282	-0.053752868	-0.0442689269	0.0077376476	-0.0387554967	-0.0206311538	-0.0933059045	0.209817799	0.0311044681	-0.0933642748	0.1221002504	-0.046312326	-0.0736220315	0.0438207573	-0.0564571792	-0.084864355	0.0460193877	0.0433630253	0.0457064019	-0.0103833457	-0.0172838105	0.0882366321	0.0481750926	0.0394558348	0.1168019265	0.0045664865	0.0265146498	0.0570086915	-0.0431055981	0.1974346683	0.0070356811	-0.0019634332	0.0170385704	-0.1129372454	0.0308246131	-0.0464067476	-0.0394503559	-0.0774096975	-0.0311988307	-0.0282338045	0.0376334845	0.0590462198	-0.0537711868	-0.0649507594	0.0385508994	0.1100324111	-0.0360850076	-0.2126801206	0.0726676594	-0.0240075741	-0.1028845713	-0.1014674097354912	-0.0028158361715781	0.01029563523843	7.928933345168164e-06	-0.1484388797885998	-0.0015806815018066	0.0220341010328943	2.498554010153821e-06	-0.1982776083895032	-0.0127976299414881	0.0393140099886611	0.0001637793321192	-0.0002172315358307	-4.944299139770001e-05	4.71895401593647e-08	2.444609398353037e-09	-0.000778935040514	0.0001920153348949	6.067397973405467e-07	3.6869888834800616e-08	-0.0005940844348356	-2.972912600015913e-09	8.838209327333377e-18	3.529363157139342e-07	0.0
533.474975908193	1.975845982788428	284595.54992024705	3.903967347701169	515.8680251897767	3.871425664147637	14.98793667302097	266119.81941320014	516.9510894467577	1.4905824468871742	267238.42888018966	2.221836030968156	525.4613455176958	461.8957692598967	0.978506	18.082371	0.0697471496660329	0.0441832851883576	0.0605413143	0.0371341881	0.1236623394	0.0536870381	-0.0285995342	-0.107099908	0.0782096595	0.1656927884	0.1072295681	-0.0038588656	-0.0706209401	0.1198646042	-0.1267434557	-0.033036669	0.0790470499	0.1496596889	-0.0990064812	-0.0222633972	0.019120489	0.0974329239	0.0616966026	-0.030922194	0.035021828	0.0507420842	-0.0420174591	-0.0098636447	-0.0800053124	-0.0934654669	0.0284295311	-0.1475142559	-0.0483976532	-0.035020763	-0.0472202513	-0.0964673901	0.1010809406	-0.0673767647	0.052329874	0.0139564757	0.078767115	-0.1136603725	0.0813110189	0.0418352652	-0.0185422599	-0.0638379541	0.0447019626	-0.0206651392	0.0384910319	-0.1456435092	-0.0040421212	0.2046154941	-0.1153020212	0.1109525177	-0.0213352021	-0.0208056635	-0.0245957137	0.0128107499	-0.0106399502	0.0109089628	-0.0158015074	-0.0709805083	0.0060410018	-0.1528384586	-0.0282950869	0.1148089748	0.0698635115	0.1087616336	0.04318649	-0.0575247229	0.0620480606	-0.0376830561	0.0067612055	-0.0376257182	0.0080647118	0.0204891834	-0.0889356801	0.1153938611	-0.1307364455	-0.0673347357	-0.0902221228	-0.0100058273	-0.0114601965	0.037920381	0.0337646406	-0.1662506479	0.0325711172	0.0947957654	0.038469455	0.1144169864	-0.0664414843	0.0707724105	-0.0287162347	-0.105973176	-0.1091035252827339	-0.0076361155472426	0.0119035792291201	5.83102606508416e-05	-0.1081873583916035	0.0402515213969962	0.0117045045157532	0.0016201849747728	-0.1854959908658742	0.0127816175236289	0.0344087626273124	0.0001633697465203	-0.0002842656092998	-6.703407346909997e-05	8.080693663058654e-08	4.493567005860692e-09	-0.000893415839962	-0.000114480799448	7.981918630950059e-07	1.3105853442253201e-08	-0.0005941274658818	-4.3031046200034055e-08	1.8516709370694648e-15	3.529874457151294e-07	0.0
532.6028262221923	-0.8721496860006255	283665.7704998668	0.7606450747909896	515.3369980922965	-0.5310270974802052	0.2819897782582513	265572.22160277964	517.0528553239894	0.1017658772317418	267343.6551986904	0.0103562937687459	526.293143184294	465.8958475256479	0.980188	18.113459	0.0646925574817587	0.0346073047978376	0.0688938971	0.0400466385	0.2159066046	0.0837555882	-0.0962069386	-0.1300957711	0.0563354341	0.0325609706	0.0129709283	-0.1045585165	-0.1279764001	0.0072282081	0.0345907095	0.0814838272	-0.0195456466	-0.0313770878	0.0225900909	0.0251736881	-0.0507809866	0.08372185	0.035533866	0.1265404826	0.1412067497	0.0110932543	-0.0426794227	-0.0796793817	0.1211568364	0.1424537136	0.0960893501	0.089365593	-0.042494175	-0.0718481334	-0.0289611931	-0.1322775235	-0.0308567032	-0.0452073941	0.0540400345	-0.172946263	0.0884468698	-0.0123690718	0.0327488993	0.0728964884	0.0039624024	-0.0784991242	0.0224704022	0.057411527	-0.0712438612	-0.1061390291	-0.1329004597	0.0567480122	0.0355869324	-0.0255761972	0.0005858563	-0.1241382458	-0.0230144572	0.0432848667	-0.0318394894	-0.0637750833	-0.0841060925	0.1220988775	-0.0616546199	0.0350623869	-0.1115309754	-0.0155716814	0.0064650673	0.109308175	0.0465854065	-0.0032000962	0.095970358	0.0141503559	-0.1194385791	-0.0500245614	0.0311205075	-0.0628032628	0.0299517442	0.0228534232	0.0093735706	-0.1534434113	-0.1030019584	-0.0064095769	-0.0086486039	-0.0587666671	0.1694219215	-0.1615767483	-0.0559264956	0.027589693	0.0121260676	-0.0091638548	0.0219206034	0.0688461184	-0.0333745172	-0.108643553	-0.1246763931558661	-0.0155728678731321	0.015544203010356	0.000242514213794	-0.1322814413839239	-0.0240940829923203	0.0174983797346084	0.0005805248352408	-0.1666470380239531	0.0188489528419211	0.0277712352821568	0.0003552830232369	-0.0002142491584466	7.001645085319996e-05	4.590270189507632e-08	4.9023033900785655e-09	-0.0008399362836883	5.34795562737e-05	7.054929606561123e-07	2.860062939231845e-09	-0.000594090397521	3.7068360800025623e-08	1.3740633724008758e-15	3.529434004266598e-07	0.0
531.0286954068001	-1.5741308153922091	281991.4753454481	2.477887823967341	513.1892837346986	-2.14771435759792	4.612676961832245	263363.240940133	517.053201900779	0.0003465767895249	267344.0135958477	1.2011547103744804e-07	525.5594207763672	457.7035751342773	1.18012	21.808117	0.0811628994261673	0.0386231736922792	0.0881316776	0.0644679078	0.136748634	-0.2270496162	0.030700102	-0.0137037377	-0.0086775866	-0.1495927271	0.1087155621	-0.1051310108	-0.1898681528	-0.0872180642	-0.0413130248	-0.0889616339	0.0492127579	-0.0312796202	-0.0430538797	-0.0861753565	0.1790702905	0.109518537	0.0540782527	0.1359520521	0.0159407649	-0.0348770702	-0.0448466464	-0.0439515793	0.0516759244	0.0854386263	-0.0591018498	0.001489998	-0.0645802573	-0.0935205649	-0.1635670614	-0.090773509	-0.0783346221	-0.0808178941	0.0455901072	-0.2057715159	-0.0117695205	-0.0317504533	0.1649151001	-0.122263927	0.0126297633	-0.0357366825	0.0283639131	0.1053554425	-0.1245983815	-0.0015201503	0.1790460042	0.1262919614	0.0365213397	-0.0788314403	0.0281318006	0.0095732146	-0.0421146201	0.0788552394	0.0047309431	-0.0834471194	0.0432841066	0.1277296533	-0.1548784741	0.0854619908	0.0200143251	-0.0406436292	0.1088946445	0.1079399762	-0.0143926785	0.1432056834	-0.0768370493	-0.0707381976	-0.0015422606	-0.0281753016	0.0411040247	-0.1172403474	-0.0435447135	-0.038990619	-0.0299557392	-0.0436375991	-0.1762653042	0.0862942944	0.0368220686	0.1354067144	0.0885781991	-0.0503695749	-0.0756381807	0.0631220429	-0.0817308233	0.0413317423	-0.1333140526	0.0668896282	-0.0379742494	-0.1108851636	-0.1019912257574588	0.0226851673984073	0.0104022101315089	0.0005146168198937	-0.1512768765934566	-0.0189954352095327	0.0228846933918718	0.0003608265587995	-0.1778217752863895	-0.0111747372624364	0.0316205837660032	0.0001248747528844	-9.112212446778088e-05	0.0001231270339788	8.30324156752175e-09	1.516026649642128e-08	-0.0005299787795574	0.0003099575041308	2.808775067811512e-07	9.607365436705685e-08	-0.0004610237445149	0.000133066653006	1.7706734142245815e-08	2.125428930065398e-07	0.0
530.8497013769766	-0.1789940298235706	281801.4054520252	0.0320388627124812	512.7221484516942	-0.4671352830043815	0.2182153726275836	262884.0015129212	516.122820983359	-0.9303809174199388	266382.76633982046	0.8656086514991668	524.9017345370374	455.4715498295797	1.2526	23.147503	0.0732489550469448	0.0378765336457778	0.1143512465	-0.0170038255	0.1220108812	0.0269249435	0.018202373	0.0019613823	0.0934530145	0.0121196998	0.0287185479	0.0055170948	-0.1726164227	-0.0946617228	0.003205121	-0.1653434509	-0.0376015211	-0.1012363317	-0.0534735929	0.1321532708	-0.0729243105	0.0837144333	0.1182637966	-0.0335129001	0.0263810444	0.039239416	0.0304280732	-0.0642992059	-0.1104630851	-0.0768461732	-0.0675772946	0.0193790488	0.0578618397	0.0402021842	-0.120212279	-0.132002192	-0.1524878796	0.0101777581	-0.0944466615	0.0582204821	-0.0157681024	0.0550604029	-0.189727025	-0.0035677313	0.1092400274	-0.0181391349	0.0689800337	-0.0682106443	-0.112193966	-0.1854060608	0.0670114954	-0.0907827561	0.0994126063	0.0021244577	0.0345828197	0.1091828124	-0.029447132	-0.1165355367	0.0357687358	-0.0472828404	-0.0044341141	0.0729823685	-0.1409550335	0.1031295031	0.0557422457	-0.0756500531	-0.0403032321	0.1035136559	0.0563441476	-0.0411625799	0.0831821458	0.0543806987	0.1390429877	0.0605300071	0.1231356856	0.0084217178	-0.0173303544	-0.0168704812	0.1472801276	-0.0908476876	-0.0403606398	0.0898732349	-0.1115848291	-0.0248859353	0.1558008687	-0.0747002058	-0.1192745688	-0.0216393409	-0.0186805326	0.0165257004	0.0115775671	0.0649037979	-0.0425073619	-0.112689161	-0.1232162152990952	-0.0212249895416364	0.0151822357126329	0.0004505001810425	-0.1231310158379557	0.0281458607555008	0.0151612470612868	0.000792189477668	-0.1835791393709769	-0.0057573640845873	0.0337013004121885	3.314724120249668e-05	-2.5706137390877606e-05	6.541598707690327e-05	6.608054995586756e-10	4.279251365245575e-09	-0.0006939926838087	-0.0001640139042513	4.816258451800023e-07	2.6900560787754603e-08	-0.0005940086664911	-0.0001329849219761	1.7684989473015996e-08	3.528462958665348e-07	0.0
530.8401605054033	-0.0095408715732219	281791.2760054024	9.102823037671412e-05	513.9143930656966	1.192244614002334	1.4214472196175745	264108.0034000833	515.7879437493316	-0.3348772340274308	266037.20291716367	0.1121427618698627	524.6950459514172	454.4505689008628	1.058313	19.557177	0.0932137914182313	0.0601950350886921	0.1209819878	0.0255115604	0.0976200977	0.0274841489	-0.0493561737	-0.0270009187	0.1017987403	0.0698879773	0.0393557639	-0.0870881475	0.0314778967	-0.1758164221	0.0019113947	0.0368322348	0.0150450658	0.0318702677	0.1457707094	0.0512563936	-0.0606183105	0.0086039985	0.0384574763	0.0391038207	0.0455618528	-0.006233438	-0.0270152378	0.0013009296	-0.0181473166	-0.0228197088	0.0188277045	0.0556578317	-0.0097312972	-0.009641756	-0.0571295647	0.0422439853	0.0646600925	0.0056298143	-0.0334773535	-0.010375753	-0.0259763664	-0.1040558199	-0.1112073013	-0.1149322625	0.0605223697	-0.0701044346	0.1137352619	-0.0765559751	-0.0122743973	0.0187545194	-0.1141519785	0.0593567964	0.136650675	-0.0773679914	-0.0630067972	0.0146354954	-0.0122705261	0.0027287807	0.0293666235	-0.0318087967	-0.0177247916	0.0245192067	-0.1345183288	0.0845194802	-0.0139361211	0.0757819909	-0.1237912903	0.0995825964	0.0550428694	-0.1044843961	-0.0089194465	-0.0881524802	-0.0312110105	-0.0325844023	-0.1148931893	-0.0915890597	-0.0183890864	-0.0439320675	-0.0146254867	-0.1762218198	-0.1182261511	-0.0783694023	0.0564083088	0.0500922025	0.089171303	0.05550705	-0.1697129086	-0.0321523951	-0.0541817536	0.1830713118	-0.1057304661	0.0628894987	-0.0469659021	-0.1140484259	-0.1228456950512111	0.0003705202478841	0.0150910647926151	1.372852540920959e-07	-0.076471085023968	0.0466599308139877	0.0058478268447429	0.0021771491435661	-0.1668734915484435	0.0167056478225333	0.0278467621815684	0.0002790786691705	-0.0005682204384324	-0.0005425143010415	3.228744666523089e-07	2.943217668345717e-07	-0.0007403308365949	-4.633815278619997e-05	5.480897476133045e-07	2.1472244036372117e-09	-0.0005947100633399	-7.013968488000025e-07	4.919575395065735e-13	3.536800594377478e-07	0.0
530.6786082045157	-0.1615523008875925	281619.7852058819	0.0260991459220752	510.59812279634696	-3.316270269349616	10.997648499372174	260710.4430031534	515.634395258571	-0.1535484907606132	265878.8295736722	0.0235771390148621	525.0187114618757	450.8550024223034	1.107986	20.475109	0.1101835828610195	0.0583176096857634	0.0991174953	-0.0330032556	0.0087399904	-0.0912799566	-0.0206497399	0.0823690855	-0.0310262349	0.029520461	0.0532774404	-0.0270434479	-0.0675800617	-0.0080815002	0.0134010918	0.0896682439	-0.0722129299	0.0190005039	-0.0507587024	-0.0854405933	-0.0493874744	0.0061532968	0.090060447	-0.0661229857	-0.0461683779	0.0518783517	0.1158335589	0.0290576583	-0.136521126	-0.0114709858	-0.0838302043	-0.1163196339	0.1333015343	-0.0207200215	-0.0479179377	-0.0194642616	-0.0538375073	0.09438019	-0.0242032322	0.0919529939	-0.0344083068	0.046879012	-0.0632726357	-0.0355245195	-0.0246283233	0.0207354938	0.0777643365	0.0981364049	0.0489259344	-0.0417069682	0.0777064005	0.0205319552	0.0570728831	0.0157557177	0.0271371562	0.045570748	0.0354042751	0.01319733	0.0341364374	0.1067770373	-0.0746800162	-0.0566324769	-0.1479796604	-0.0378933859	-0.0016802477	-0.0141319315	-0.2062113807	0.0658444542	0.0636689431	0.0230441639	-0.066979998	-0.0441100092	0.0432732933	-0.0696205184	0.0743451542	0.0816486885	0.0020893384	0.1015928435	0.0872467945	-0.0658693044	-0.0943651006	0.0747262889	-0.0053001664	0.0364868782	0.1272165977	-0.0660834451	-0.0240477061	-0.1230262793	-0.0606767375	0.0484899231	-0.111474251	0.0608476141	-0.0513420481	-0.1149575937	-0.1133210426123838	0.0095246524388273	0.0128416586987577	9.071900408045888e-05	-0.104351293623381	-0.0278802085994129	0.010889192480873	0.0007773060315467	-0.1237372463482842	0.0431362452001592	0.0153109061338559	0.0018607356499682	-0.0001166787172399	0.0004515417211925	1.3613923056748536e-08	2.038899259774854e-07	-0.0007589727964179	-1.864195982299996e-05	5.76039705702407e-07	3.475226660423445e-10	-0.000472044211903	0.0001226658514368	1.5046911108739622e-08	2.2282573799112438e-07	0.0
531.4645572376435	0.7859490331277357	282454.5755998044	0.6177158826744226	512.0249703695607	1.426847573213763	2.035893997186005	262169.57028194953	515.9265747949781	0.2921795364071613	266180.23057967814	0.0853688814951037	525.9304034780125	448.7434547178207	1.049733	19.398617	0.0701684458748871	0.0357704726733301	0.0673787018	0.0305624364	-0.055848904	0.1289498942	-0.1123046217	-0.0111291047	0.0374539895	0.1022362726	-0.0286476155	-0.0568465951	0.0719588449	0.0128901556	-0.0332134142	0.0264810515	0.0063922629	-0.0283424723	0.0309210254	-0.0622260419	-0.1915508123	0.0286185007	0.0423980798	-0.0274237019	0.0449550405	0.0344247219	-0.0759544085	0.0861850584	-0.1114851227	-0.0763671302	0.0299328346	0.0257380613	0.0648466782	0.0093328386	-0.0826706083	0.1538892568	0.1392255575	0.0918229304	0.0849011651	0.0679726634	-0.1091162396	0.1472844002	0.0063406233	-0.0273730801	0.0152404035	-0.0644201603	0.0329984625	0.0741143441	0.0135391885	-0.0594465911	-0.1480151911	-0.029418517	-0.0491044587	0.0454362977	-0.0556981628	0.082080947	0.1032871839	-0.0956365618	0.0690442891	-0.0101175507	-0.0641888816	-0.0716981959	-0.0233331144	0.1313261727	-0.1135175336	-0.0333116107	-0.1660899433	0.069891203	0.0116855408	-0.0527837398	-0.0026665958	0.0739617302	-0.0639247253	-0.0861637906	0.0366545076	0.0061348504	0.0088954102	0.1718628254	0.0361341538	-0.0744319713	0.0370072914	-0.0046077095	-0.0322128529	-0.1173243286	0.2238273063	-0.0244193626	-0.0887757723	-0.0403538987	0.094185831	0.0833153212	0.0249342785	0.0587790397	-0.0556281227	-0.1154130763	-0.1061257236652153	0.0071953189471684	0.0112626692234656	5.177261475148185e-05	-0.1024808980972551	0.0018703955261259	0.0105023344748199	3.498379424151796e-06	-0.1457763934587745	-0.0220391471104902	0.0212507568898474	0.0004857240053578	-0.0002439873751507	-0.0001273086579108	5.9529839232928425e-08	1.6207494379049106e-08	-0.0009140031613203	-0.0001550303649024	8.354017789035024e-07	2.403441404177132e-08	2.688845110584848e-05	0.0004989326630088	2.489338022171012e-07	7.229888028716044e-10	0.0
529.5794269425157	-1.8851302951277376	280454.3694407634	3.553716229608391	510.009674444864	-2.015295924696716	4.06141766409919	260109.86802735616	515.9020285042974	-0.024546290680746	266154.9030148489	0.0006025203861836	524.1453566962692	446.96594126946	1.057772	19.547178	0.1802580080863045	0.089751701000172	0.0147982603	0.0563281677	-0.0740196908	-0.0335115058	-0.0903217927	0.030421654	-0.0797374991	-0.0492488785	-0.0641477312	0.006038419	-0.064954017	-0.002829719	-0.0984627951	0.0560339736	-0.0355402785	0.0120884524	0.0037433025	-0.1695509834	0.0323743031	-0.0234960208	-0.0512833856	0.0169175411	0.0706392322	0.101552882	-0.0049422384	0.0436255334	-0.0088320713	0.0202678082	0.094529437	0.024921571	-0.0225453724	-0.0924321445	0.082042948	0.0791447035	0.0053911935	0.1165265335	-0.088078858	0.1102049593	0.022813156	-0.0914333974	0.023423931	0.0976909602	0.1407135466	-0.0014305062	0.0058562327	0.1181514631	0.033395763	0.0899901796	0.0244813952	0.0143438703	-0.0686637327	-0.117796755	0.1243088655	-0.0501711021	0.0891882645	-0.0532190646	0.0097200574	0.0116815174	-0.0961226583	0.0144977946	0.0569018392	0.0942360249	-0.0593964876	0.0400005788	-0.0928674062	0.0087247165	-0.0565553004	0.104356327	-0.1001655146	0.0974501074	-0.0042069556	-0.1469381016	0.0559489687	-0.0610212135	0.0027164357	-0.0469052608	-0.0974008338	-0.1084772148	-0.0169851919	-0.0692777007	-0.0472341647	-0.1371243448	0.198770941	0.0366973281	-2.4297e-06	-0.0304822213	0.0783301092	-0.0687918625	0.0541068185	0.0566846829	-0.0598166067	-0.1154130763	-0.052581410591884	0.0535443130733313	0.0027648047398322	0.0028669934624949	-0.1653881349166681	-0.062907236819413	0.027353235171214	0.0039573204442537	-0.1099101817798811	0.0358662116788933	0.0120802480588865	0.0012863851401951	-0.0004769470709117	-0.0002329596957609	2.2747850845125017e-07	5.4270219849057676e-08	-0.0011770181096806	-0.0002630149483603	1.385371630516093e-06	6.91768630609713e-08	8.971873727788414e-05	6.283028617203566e-05	3.947644860459896e-09	8.049451818737997e-09	0.0
530.5302441694624	0.9508172269466968	281462.3399785094	0.9040533990586064	512.3648923208547	2.355217875990661	5.547051243385961	262517.782882961	517.1602685142319	1.258240009934525	267454.7433297125	1.5831679226000337	525.7232025727403	447.94998318368937	1.214342	22.440523	0.2262499905611298	0.1610945456019821	0.0638070792	-0.0788229266	-0.0523140035	-0.0428684577	0.0655199008	0.0479973075	0.0759384493	0.0177862931	-0.0321902514	0.0026664048	0.0044099679	-0.0242988099	-0.1056909769	-0.1250254296	0.1017942235	-0.0206326634	-0.0323203006	0.022189916	0.0717764594	0.0199423957	0.0117660026	-0.096370386	0.0822035269	0.1130112704	-0.056472772	0.0215593422	-0.1153505901	0.1012964778	-0.0074697194	0.006785021	0.1067819311	-0.081199966	0.1933854874	0.0859874133	-0.0131414705	0.0393809016	-0.025771537	0.0638571099	-0.0420420452	0.0041906103	0.0096267216	0.0424328779	-0.0069546854	0.0954377717	0.0523830954	0.0110226902	-0.0948266868	-0.007371279	-0.0013809441	0.0581711	-0.1636590354	-0.0269662375	0.053619659	0.1439643501	0.1691789275	-0.0470794521	0.1313703459	-0.0748021896	0.0905213281	-0.0284840419	0.0703426127	0.0383344001	0.0733104876	-0.0426690957	0.0695931	-0.0285824378	0.0460261652	-0.1210252432	-0.1412151173	0.0729516747	0.0441497869	-0.0203857511	0.1526619615	-0.0491843228	-0.1149843823	0.2342770654	0.0254483635	0.1420497071	0.0079000546	0.0320525389	0.0425205624	0.0788865794	0.0524551405	0.086520366	-0.0784653887	0.0398933371	-0.0654983534	-0.0063947227	-0.0235675217	0.0545654623	-0.063900152	-0.1149575937	-0.0576677460441743	-0.0050863354522903	0.0033255689338153	2.587080833322517e-05	-0.0124142057091347	0.1529739292075334	0.0001541125033887	0.0234010230171914	-0.0857281520798807	0.0241820297000004	0.0073493160590311	0.0005847705604117	-0.0009782541089167	-0.0005013070380049	9.569811016124066e-07	2.513087463533464e-07	-0.0012526951509941	-7.567704131350005e-05	1.5692451413241312e-06	5.727014581965194e-09	0.0003928885819855	0.0003031698447076	9.191195474003993e-08	1.5436143785457693e-07	0.0
532.1779968450566	1.64775267559412	283213.420326017	2.7150888799275807	513.604380301542	1.239487980687386	1.5363304542684937	263789.45946493105	517.0415632704149	-0.1187052438169757	267331.97814911447	0.0140909349096476	526.3265773444007	452.405036328575	1.116181	20.626553	0.1398313780396981	0.0854859412018416	0.0190875427	0.0120417426	-0.0252711526	-0.0886972518	0.0902070968	-0.0097931473	0.119525417	-0.0212059686	-0.0038997718	0.0183696885	0.0125068089	0.0531476231	0.0908758045	0.0533712484	0.1733767362	-0.0849766625	-0.0373437607	0.0186750681	0.1612218636	-0.0150731796	0.0682723054	0.019496442	0.0927560879	-0.118400347	-0.0119539387	0.0023325389	-0.1857450198	-0.1426039562	-0.0280723875	0.0397038923	-0.0451029157	0.1505429095	0.0924264871	-0.0726465576	0.1663178448	0.0955388462	0.0160261365	0.1442353984	-0.0279514512	0.021927724	-0.0087300282	-0.1309945414	-0.0295572931	0.0607697545	0.0080793054	-0.020619613	-0.1294727037	0.020856981	0.0245057333	0.0165076439	-0.0191147053	-0.1753378074	-0.1371934489	-0.0926406632	0.172635062	-0.1297308369	0.2207679928	-0.0150918879	-0.0652581109	-0.1384466942	-0.0308512734	-0.0323119837	0.1414766612	-0.0547729475	-0.1096787973	-0.0197353711	-0.057991534	0.0165317507	-0.1818997429	0.0919379508	-0.0678211364	-0.019938915	0.0871679836	-0.0746787241	-0.1498775933	0.0373509784	0.1072977968	0.0697619731	0.0489719144	-0.080256954	-0.0447541035	-0.1123503367	0.066703543	-0.0763668008	0.1945120528	-0.0478005071	-0.1021241039	0.1714080562	-0.0347970307	0.0524223074	-0.0678715947	-0.1140484259	-0.0446448650557158	0.0130228809884585	0.001993163975843	0.0001695954292395	-0.088805256270021	-0.0763910505608863	0.0078863735411841	0.0058355926057958	-0.116937959843284	-0.0312098077634033	0.0136744864523095	0.0009740521006285	-0.0008728087151159	0.0001054453938007	7.617950531822683e-07	1.1118731073805776e-08	-0.0009741746532703	0.0002785204977238	9.490162550743092e-07	7.757366765231333e-08	0.0003930754649999	1.8688301440004465e-07	3.4925261071247295e-14	1.5450832118488762e-07	0.0
530.5336187744581	-1.6443780705984636	281465.92064992205	2.703979239065126	510.6580592842989	-2.946321017243178	8.68080753664888	260771.6535120065	516.1875798997687	-0.8539833706462332	266449.6176427801	0.7292875973403017	524.2731005828392	453.8044520962623	1.165269	21.53367	0.1584074548056594	0.0696339947344615	-0.0017711243	-0.089615186	0.0005806202	0.0159743681	0.0928855384	0.0716833684	0.0759613927	-0.015086775	-0.0801134343	0.1375486311	-0.0172559373	0.0582623735	-0.0330802756	0.1332497534	0.035433803	-0.0625995753	0.0548140925	0.2155916145	0.0990165851	-0.0245558357	-0.0001610663	-0.073945676	0.0662435435	0.027005412	0.0122286771	0.0434275052	0.0232208552	0.0048007723	0.0922205232	0.1652675009	0.0096120291	-0.105422258	0.1138141961	-0.0578931438	-0.1885867008	-0.0060069611	-0.0256545634	-0.0199947462	-0.1711838128	0.1704761088	0.0653236907	0.0346352268	-0.10303495	0.1176227812	0.0483367781	-0.1507688395	-0.0817227436	0.0232284983	-0.0062413101	-0.0387227348	-0.0013523383	-0.043299978	0.0916506783	-0.1224105672	0.0971846868	-0.0528400997	-0.0397373451	0.1535957288	0.0187853307	0.0246241139	0.0911683109	0.0337833146	-0.1504899195	-0.185967553	-0.0464095453	-0.0531654329	0.0491652025	-0.0308944833	-0.0413315976	0.159847134	0.1296150312	-0.0743628369	-0.0129415771	-0.0969710503	-0.0293308049	-0.0697701217	0.0475341526	-0.0092829617	-0.1061634613	0.0808943998	0.0314261047	-0.1964568313	-0.0738741692	0.0616495946	-0.0087203633	-0.0841347882	0.0162825421	-0.0688220391	0.0838188187	0.0502561585	-0.0717239676	-0.112689161	-0.0756793089787208	-0.031034443923005	0.0057273578074966	0.0009631367096101	-0.1146027987854552	-0.0257975425154342	0.0131338014894595	0.0006655131998356	-0.0713246669259888	0.0456132929172952	0.0050872081121032	0.0020805724907589	-0.0014939366265863	-0.0006211279114704	2.231846644256054e-06	3.8579988240758105e-07	-0.0006791419133871	0.0002950327398832	4.612337385190912e-07	8.704431760298799e-08	0.000189992607355	-0.0002030828576449	4.1242647069218736e-08	3.60971908495512e-08	0.0
530.0672073567573	-0.4664114177007832	280971.2443149915	0.2175396105616544	512.7018349048703	2.0437756205714663	4.177018787242282	262863.17151482095	515.8181176089416	-0.369462290827073	266068.33045363193	0.1365023843431887	524.052558178587	449.8432178585211	0.973373	17.987507	0.1436793333084467	0.099302119549361	0.0178228587	-0.0781009034	-0.0431334852	-0.036834328	0.0862233872	0.0686736379	0.0224722282	0.1006474744	-0.0159832148	0.0447071431	0.0927882857	-0.0918641921	-0.0482465014	0.0212973376	0.100323183	0.1574575557	0.0874720625	0.101556094	0.0663813773	-0.1016517717	-0.0423082148	-0.0088262163	-0.0767487098	0.1408951114	0.1025808696	0.0041895714	-0.0301902963	-0.025329049	0.0497202146	0.030898225	-0.0023929242	0.0293382948	0.0028684307	0.0484307047	-0.1040106023	-0.1411134412	0.0670970924	-0.0285821226	0.0226071444	-0.045050894	0.0160033845	-0.0546543179	0.0056253241	0.0618701941	0.0838882354	-0.1326587247	0.0951953989	0.1118023812	-0.0367459863	0.0783872774	0.0389436215	-0.0345389993	0.0493434701	0.0818032819	0.0750468521	0.0165368494	0.0288961556	0.0465980249	0.0038435098	-0.0118957154	-0.0278900023	-0.0255443479	0.0366356254	0.0556082681	0.0002022478	-0.0709042385	0.0498609074	-0.1451224481	-0.1595901359	0.0116028924	0.0187046866	-0.0740131186	-0.0982034412	0.0070703957	-0.1055643162	-0.0730065086	-0.0259698572	0.0015059152	-0.0536465603	-0.0195372484	0.0756806816	-0.031478363	-0.0208987015	0.082650003	0.0622866376	0.0276566371	-0.0522946065	-0.0145353114	-0.0913978475	0.0480679655	-0.0754505123	-0.1108851636	-0.0605176243490319	0.0151616846296889	0.0036623828568505	0.0002298766808101	-0.0271529935000813	0.0874498052853739	0.0007372850560154	0.0076474684444498	-0.0731297333717577	-0.0018050664457689	0.0053479579030243	3.2582648736407764e-06	-0.0021619179743648	-0.0006679813477785	4.6738893278816e-06	4.461990809799814e-07	-0.0007672381367098	-8.809622332270003e-05	5.886543584219257e-07	7.760944563723038e-09	0.0002191705752061	2.917796785110001e-05	8.513538079198258e-10	4.803574103617274e-08	0.0
530.6360343765292	0.5688270197719021	281574.6009788491	0.3235641784225839	510.9784598062205	-1.7233750986498535	2.9700217306463923	261098.98638593729	516.4779352633342	0.6598176543925547	266749.45761387685	0.4353593370480927	524.6772978651948	451.55063667238767	0.988457	18.266262	0.1248935930799335	0.0773190646184035	0.0114175955	-0.0917687577	-0.0319078262	-0.1646352309	0.0348183422	0.0851251885	-0.0571560221	0.0655117612	-0.0289650526	0.0134035445	-0.0057892278	0.1066953608	-0.0095783528	0.000364941	-0.0521657653	0.0379257974	-0.1015535412	0.0554756932	-0.017741742	-0.0757162244	-0.0419381806	0.0296420556	-0.0492557343	0.0527698224	-0.027859111	0.157190323	0.0121247612	0.0208987835	0.0296361751	0.0531739791	0.055965998	0.1760335069	0.006340498	-0.0825000106	-0.1125328475	-0.0284151813	-0.0206437966	0.0241632227	0.0254530137	0.1278085621	0.0160408188	-0.0762035869	0.1033811529	0.1042572608	0.0360304466	0.030187313	0.1144842499	0.0250982124	0.0407066319	0.0038920726	-0.0156843969	0.0972234633	-0.0391535422	0.0947296768	0.0730458536	0.0400444389	-0.0402167803	0.0880341207	0.0282359825	-0.0948821096	-0.0387374589	-0.0205525829	-0.0508168452	-0.1008592901	0.0186060321	-0.0582621869	0.0309897111	0.0314563994	-0.1650218849	0.0310600647	0.014536801	-0.1432696902	-0.0307053519	0.1184792785	-0.0179324271	0.0490893631	0.0446094441	-0.0035102818	-0.0816787565	0.1849007493	0.0450682822	0.0922865535	-0.1643436563	0.0307925281	-0.0044559821	-0.0142911526	-0.0058572773	0.0854263379	0.0024170849	0.0458586883	-0.0790446912	-0.108643553	-0.0730479759476026	-0.0125303515985706	0.0053360067900415	0.0001570097111838	-0.0880028674651924	-0.0608498739651111	0.0077445046820962	0.0037027071615699	-0.0712285256590377	0.0019012077127199	0.0050735028675601	3.614590766906e-06	-0.0014229700977064	0.0007389478766584	2.024843898966561e-06	5.460439644179579e-07	-0.0006380675015877	0.0001291706351221	4.071301365823695e-07	1.6685052977846707e-08	9.504589091596512e-05	-0.0001241246842901	1.5406937250125663e-08	9.033721380009542e-09	0.0
530.7399130734437	0.1038786969145348	281684.8553292066	0.0107907836726618	510.8174858093262	-0.1609739968943131	0.0259126276761303	260934.50380856116	516.4909413362443	0.013006072910116	266762.89248239977	0.0001691579325432	524.8312371888137	452.17836329025056	0.880402	16.269457	0.0423712806955715	0.0247516285850187	0.020056648	-0.0765614476	-0.0273252143	-0.0806460351	-0.0173025591	0.0756502908	-0.0476805849	0.0500111319	-0.0419543909	-0.0115193175	0.0368882043	0.0270525783	-0.1097034851	0.0041988485	-0.030057626	0.1188283123	-0.0351361828	0.010529806	-0.0046443462	-0.0796433064	0.0814039169	0.0864961953	0.0190353205	-0.0613577272	0.0969337797	0.0684317315	-0.0342031191	-0.0232748264	0.0716295388	-0.0839577046	-0.0778805341	0.0898962717	0.0380500909	0.0809866378	-0.0163038649	-0.0692748689	0.0327539461	-0.0591917146	-0.0776661323	0.0170772449	-0.0885046191	0.0134361155	-0.0751996837	0.0712142652	0.0854123164	0.0321480495	0.1349608423	0.0165068433	-0.0113095365	0.0281726697	-0.067903374	-0.0689450948	-0.1141078797	0.0161635577	0.1074746651	-0.0686774223	-0.0475612881	-0.030602672	-0.0517716099	-0.0135087601	-0.0834533126	-0.0582215559	0.0472785643	-0.0882645241	0.0531465539	-0.0498982479	0.0297694515	-0.0407283799	-0.1378324045	0.0779552022	-0.0189364393	-0.1162397987	-0.0261146406	0.0965323753	-0.0906804917	0.0524762393	-0.0023606907	0.0542641769	-0.0109522961	0.0421794449	-0.067704108	0.0275082444	-0.0808556598	-0.1440984083	0.1055366896	-0.1019184513	0.1262811503	-0.1596510725	0.0872209123	0.043629296	-0.0825001988	-0.105973176	-0.0617139945938873	0.0113339813537152	0.0038086171287343	0.0001284591333263	-0.0861212842222443	0.001881583242948	0.0074168755960885	3.5403555001430825e-06	-0.0710598060246781	0.0001687196343596	0.0050494960322648	2.8466315018438553e-08	-0.0013399737071233	8.299639058310005e-05	1.7955295357817592e-06	6.888400849822497e-09	-0.0010900352139919	-0.0004519677124042	1.1881767677423672e-06	2.042748130558857e-07	5.027006461229375e-05	-4.477582630367136e-05	2.004874621176548e-09	2.5270793961241883e-09	0.0
529.5184095064974	-1.2215035669463532	280389.74600629066	1.492070964062664	511.9457463818927	1.1282605725665462	1.2729719196081908	262088.4472385132	516.1589494424869	-0.3319918937573902	266420.06108957174	0.1102186175206182	525.1874293332172	445.714793490924	0.859839	15.889461	0.1534255825046938	0.0800136466802759	0.0013414003	-0.0223136675	-0.1059383774	-0.0199747596	-0.0602220141	0.0362920249	-0.0524074803	0.0017428228	-0.0365367064	-0.0196611634	0.0450480368	0.0226525241	-0.0298330492	0.122619785	-0.0049690977	0.0639091819	0.0220171883	0.0094056632	-0.05237865	0.0048114321	-0.0456077916	-0.017588231	0.0687909931	-0.0750938465	0.011252256	0.0579875075	0.0875818099	0.0174315473	-0.0035634609	-0.0860831717	-0.0940540422	-0.0243352459	0.0652125609	-0.006430619	-0.1231314282	0.0259956327	0.0990903099	0.0202577484	0.0439374392	-0.0323023217	-0.0589318716	-0.0789315638	-0.0095018483	0.0004639911	0.0555507024	0.0342958103	0.1119482583	0.0083607941	-0.0237716086	-0.0870506681	-0.0695363651	-0.1230910344	-0.0765263921	0.0409397149	0.0966204529	-0.0023322334	-0.1172717552	0.1191340294	0.0972287899	-0.0700527677	-0.0782596391	0.0368115595	-0.0159920296	-0.0692361775	-0.0111940059	-0.0296078957	-0.014783978	0.0554970317	-0.0473309674	0.1379985675	0.0202865281	-0.1612584212	-0.0444347572	0.1109670001	-0.0112870676	-0.0716008282	0.0119681239	0.0212470095	-0.0013760365	0.1336623348	-0.0412789025	0.0964686542	-0.147950159	-0.0365096517	0.013684343	-0.1869499161	0.0344161072	0.0754490756	0.1167083353	0.0413807664	-0.085810973	-0.1028845713	-0.0660213509649452	-0.0043073563710578	0.0043588187832364	1.8553318907293063e-05	-0.1445365983210962	-0.0584153140988518	0.0208908282542339	0.0034123489212675	-0.1044906614640268	-0.0334308554393487	0.0109182983331898	0.0011176220954066	-0.0011529564086482	0.000187017298475	1.3293084802429553e-06	3.4975469928924616e-08	-0.0003366471508339	0.000753388063158	1.133313041645826e-07	5.675935737089626e-07	0.0002553058348879	0.0002050357702756	4.203966709251119e-08	6.518106932780767e-08	0.0
528.477114767769	-1.0412947387284248	279288.06083326566	1.0842947329034984	509.4170825159827	-2.528663865910005	6.394140946758931	259505.76395909555	515.2227191100546	-0.9362303324322738	265454.45028715825	0.876527235366246	522.7016592655085	440.2341760028892	0.8287449999999998	15.314843	0.083434048264815	0.0378881010647151	0.009177062	-0.0121513283	-0.1689968478	0.033333908	-0.0441878795	0.0819736144	-0.0117752119	-0.0009866032	-0.0862778844	0.0782342031	0.0217653843	0.0533690074	-0.1078587518	0.0715962928	-0.0255008486	0.0441945555	-0.0452295583	-0.0605747926	-0.0688064224	-0.0890932889	-0.004286272	-0.1155796965	0.1355916909	-0.0443880075	-0.0464965605	0.0193965741	-0.0029252028	-0.0891152143	-0.0026881504	-0.0505665399	0.0340411037	0.0432885019	0.1049462661	-0.1513677132	-0.079575671	-0.0571226264	-0.0073148321	0.0177488706	-0.0664668118	0.0241075301	-0.1251914428	-0.0009304127	0.0139854015	0.0083401134	0.0587779348	-0.0009643015	0.1216543146	0.0169486207	0.0047095357	-0.1425120346	-0.1508781694	-0.0420557918	-0.0251438915	0.0347471251	0.0129641282	-0.011577877	0.0277099117	-0.0141352382	-0.0501503965	-0.0415174792	-0.0708251759	0.0213310966	-0.0773960216	-0.0508826024	0.0632579023	-0.0295372307	-0.0083335305	0.0008274696	-0.0152586496	0.1432796666	-0.0663014427	-0.1703241101	-0.0010996029	0.0726972857	-0.0535305378	-0.1135057668	-0.0634623406	0.0539851799	0.0424191806	0.0108759873	-0.0985169533	-0.0301791271	0.0122017905	-0.0919830673	0.0462099264	-0.0186559672	0.080793713	-0.0673894908	0.0916931859	0.0391140859	-0.0889712056	-0.0993899282	-0.0706361845784186	-0.0046148336134733	0.0049894705717964	2.129668928004392e-05	-0.1255532257710285	0.0189833725500676	0.0157636125015108	0.0003603684333746	-0.1179419201725409	-0.0134512587085141	0.013910296533986	0.0001809363608433	-0.0013570221819147	-0.0002040657732664	1.841509202208533e-06	4.164283981885455e-08	-0.0007469606725796	-0.0004103135217457	5.579502463805684e-07	1.683571861273591e-07	-5.800653795509734e-05	-0.0003133123728429	9.81646429765094e-08	3.364758445536148e-09	0.0
528.9120326691385	0.4349179013695448	279747.9383021998	0.189153580931689	507.21203382625134	-2.2050486897313704	4.8622397240860336	257264.04725816235	514.418665311522	-0.8040537985326637	264626.5632208877	0.6465025109348053	522.2772192514487	439.4710095166794	0.976913	18.052925	0.0481217407830731	0.0239342262150702	0.0140250172	-0.0026455494	-0.1754000083	-0.0514628215	-0.0115573308	0.1650683247	-0.0409572288	-0.1340525422	-0.1259230296	-0.0738702047	0.1428241087	0.1284565965	0.1250290657	-0.0331138429	-0.0744606013	-0.110373632	0.0883468524	-0.1005420344	0.0291633456	-0.090067864	-0.0686084023	0.0098263059	-0.1757326698	-0.1294807235	0.0655868268	0.087084298	0.0078997579	0.1189458776	0.0698599119	0.0293840579	0.0576311661	0.0013572257	-0.048838399	-0.0788112812	0.0218749847	-0.0850241916	0.1794376505	0.0286480397	0.0781087631	0.0571611029	0.010266502	-0.1333560738	0.0013722194	0.0286215768	-0.006964972	0.0871706109	-0.0256990508	0.2227484423	0.0228273405	-0.1568731699	-0.0375643329	0.0839521064	-0.0134428322	-0.0199133246	0.0500496994	0.162681312	0.0305672712	-0.0031285589	-0.1019190683	-0.0421519021	0.0179117774	0.0525880672	-0.0011665874	-0.0013389025	-0.019653828	-0.0275992207	-0.0432565496	0.0964450045	-0.1357559113	0.048504764	-0.1095651555	-0.1342397112	-0.0573141343	-0.0023260105	0.033279222	-0.0494621323	0.0879901251	0.0364515816	0.0772290792	-0.0060357108	0.0232387983	-0.051157716	0.1059649484	0.107178912	-0.0152811003	0.1440755104	0.0819012014	-0.0155231281	0.0703095942	0.0368302486	-0.0919753525	-0.0955030384	-0.0629017506947633	0.0077344338836553	0.0039566302404661	5.982146750063522e-05	-0.1045871630367969	0.0209660627342316	0.0109384746720855	0.0004395757865757	-0.1151243490229632	0.0028175711495777	0.013253615737961	7.938707182932615e-06	-0.0011809865974134	0.0001760355845012	1.39472934327008e-06	3.0988527010714323e-08	-0.0006880229925239	5.893768005570002e-05	4.733756382415426e-07	3.4736501303480605e-09	3.9093657800072686e-05	9.710019575517002e-05	9.428448015692338e-09	1.5283140801891841e-09	0.0
531.6389780921518	2.7269454230132624	282640.00302686746	7.436231340092981	512.6102574814198	5.398223655168465	29.140818631220384	262769.2760751675	515.5272253074976	1.108559995975611	265768.3200332474	1.2289052646774463	523.8873220647047	448.8480210487377	1.126917	20.824936	0.0910089758272269	0.0504170224139118	0.0041633994	-0.0523186609	-0.085041125	-0.0007388305	0.2206163022	0.1128424201	0.0483956186	-0.0494509162	0.0065032292	-0.0124028778	0.1273532821	-0.0320583518	-0.1126016629	-0.1747828824	0.0222506207	-0.0291944883	0.0329903467	-0.0017339423	0.1288146098	-0.1256280726	-0.0810778719	-0.1203709495	-0.0675092077	-0.0505641367	-0.1379330938	-0.0251995945	-0.0125342744	-0.1264602479	0.0017084427	-0.0167835086	0.0184224914	0.0291373128	-0.142290006	0.0868218629	-0.0077517651	-0.1050759417	0.0480062927	-0.176011849	0.0505655682	0.153607209	-0.1442534962	0.0102198333	0.079024816	0.0992872051	-0.0136541163	-0.0912922811	-0.0981436979	0.1322443135	0.0614906097	0.0150748894	-0.1677519213	0.119722351	-0.0784271793	0.0614540417	-0.0679581692	-0.106349177	0.0164727429	-0.2201411866	-0.0376907795	-0.0802094458	-0.0496953435	0.1493567225	0.0137340966	0.1453660832	-0.0396480955	-0.0436658363	-0.0049166349	-0.0769836348	-0.0945576567	0.1133836147	-0.0120916008	0.0090230289	-0.0411852757	-0.0868160327	-0.0702213477	0.130508318	0.0693309203	0.1528546285	-0.0107792417	-0.0866699919	-0.0504537598	0.0106153435	-0.1245745357	0.0274326763	-0.021238447	0.0451086084	-0.0103193881	0.1645045925	-0.0517889313	0.0345302564	-0.0948181434	-0.0912392418	-0.0753543017266054	-0.0124525510318421	0.0056782707887042	0.0001550660272006	-0.0608440730361365	0.0437430900006603	0.0037020012236267	0.0019134579228058	-0.1289145868923213	-0.013790237869358	0.0166189707136178	0.0001901706604934	-0.0013519148959463	-0.0001709282985329	1.8276738858814957e-06	2.9216483239352218e-08	-0.0007476552614198	-5.963226889590001e-05	5.589883899287096e-07	3.556007493672924e-09	0.0002289950288786	0.0001899013710785	3.6062530737504525e-08	5.243872325111084e-08	0.0
531.5021507327498	-0.1368273594019911	282494.53623353865	0.0187217262809216	511.6095346317735	-1.0007228496463083	1.0014462218042282	261744.31592613985	515.7889268418897	0.2617015343921594	266038.2170527083	0.0684876931032105	523.9056398846776	456.0720280824535	1.086897	20.085381	0.1301753509493133	0.0734373085388173	-0.0259915884	0.0588317526	0.0171834169	-0.0811478933	0.1051159184	0.0170644676	-0.0017001802	-0.1811523248	-0.017272242	-0.0001045457	-0.02070961	0.0477273942	0.0094460778	0.0601615343	-0.0251030906	-0.1370957826	0.0230256688	-0.1221626219	0.1086568224	-0.0232874169	-0.1236191837	-0.0263591172	-0.0792832995	-0.0042941182	-0.0206466065	-0.0905334075	-0.0663622517	-0.0457677599	0.083370213	0.0142233625	0.0909167324	-0.0780010775	-0.1350225607	0.1414476459	0.0670277836	-0.0308242472	-0.0848539384	0.1142807681	0.0689714794	0.0241213672	-0.0908814411	-0.1174521709	-0.0211845467	0.007501019	-0.0831769161	0.0632390635	-0.0840333804	0.1064582707	0.0957293388	-0.0363575321	-0.0198350892	-0.0077875511	-0.0016294337	0.0042464804	-0.1179421275	0.0321277977	0.0591235855	-0.0615243325	-0.0201640558	0.0044465587	0.0235883136	-0.0441207535	-0.0857286658	0.0778148686	-0.1507878722	-0.0086503659	-0.0885552435	0.1229161153	-0.0700076283	0.0587794367	-0.0653216267	-0.0011883625	0.0446573377	-0.1104454743	-0.0338677767	-0.1326899081	0.0181742083	0.0504917821	0.039892958	-0.1188872438	-0.0455281191	0.0402108962	-0.0964975612	-0.0800670141	0.0056237938	0.0094481961	-0.0093908084	0.2172184591	0.0152294484	0.032215118	-0.097494591	-0.0866153656	-0.0742619117456087	0.0010923899809966	0.0055148315361125	1.19331587058197e-06	-0.1202696624197159	-0.0594255893835794	0.0144647916985524	0.0035314006735857	-0.1653284727528756	-0.0364138858605543	0.0273335039027983	0.0013259710834654	-0.001284013170693	6.790172525330011e-05	1.648689822513091e-06	4.6106442923746536e-09	-0.0004369632922993	0.0003106919691205	1.9093691881704349e-07	9.652949967597374e-08	-5.728099123125771e-05	-0.0002862760201098	8.195395968993965e-08	3.2811119564354232e-09	0.0
530.3459719006453	-1.1561788321045017	281266.84991124005	1.336749491806529	511.3432940460915	-0.2662405856819987	0.0708840494642936	261471.9643659076	515.9746079678495	0.1856811259597179	266229.7960675759	0.0344774805376686	523.6671686007892	451.5502860835437	1.111919	20.547775	0.1004956866750153	0.063184899392365	-0.0253999343	-0.0562430617	-0.0219927113	0.0329424149	0.1481630851	0.0559332261	0.107806609	-0.0180762002	-0.0183407606	0.1608178137	0.0126851699	0.1043971567	0.0817279748	0.1559554909	0.0640269477	-0.0846421601	0.065625409	0.178056386	0.0261073144	-0.0673522958	0.0424883601	-0.1141896411	0.0228431558	-0.1492006478	0.0431256458	0.105226338	-0.1114525143	-0.158185822	0.1343477071	-0.0390335301	-0.0388162019	-0.0451137687	-0.0403729561	-0.0048917012	-0.0572589111	0.117698314	0.0132876577	-0.0057269086	-0.0194504152	-0.0315060569	0.1847842957	0.01098228	-0.0653258815	0.0929114343	-0.0088214711	-0.162445921	-0.1041974394	0.0501675917	0.0162840688	-0.1144687334	-0.0452764713	0.0861548641	-0.0116937482	-0.0757109483	0.0644170933	0.0041223923	-0.1059931764	0.0049135528	-0.0244387163	-0.0976562523	0.0711883933	-0.0831503975	-0.0982356665	-0.0741982169	-0.0468880357	-0.0479458486	0.0054070843	-0.0276541804	-0.0245641284	0.0967086027	0.0611582727	-0.0256379014	-0.0761408088	-0.0567440899	-0.0268657334	-0.0728977799	0.1412222885	0.0543846219	-0.011214715	-0.0480469484	-0.0153276931	-0.0854275431	-0.0428537659	-0.0092231431	0.0041276433	0.0968294633	-0.0049266628	-0.1183094454	0.0432342641	0.0298858491	-0.1	-0.0816496581	-0.0742733070946428	-1.1395349034104552e-05	0.0055165241467751	1.298539796090675e-10	-0.0714319877982063	0.0488376746215096	0.005102528880803	0.0023851184624364	-0.1278523197564425	0.037476152996433	0.0163462156671036	0.001404462043412	-0.0014290063498944	-0.0001449931792013	2.042059148038516e-06	2.102302201492929e-08	-0.0005399841500306	-0.0001030208577313	2.915828822842696e-07	1.0613297127692754e-08	-2.188575400318673e-05	3.539523722807098e-05	1.2528228184314215e-09	4.78986228288004e-10	0.0
533.2784731030006	2.932501202355297	284385.9298750677	8.599563301815264	514.3770075775856	3.0337135314940724	9.203417791170237	264583.70592447155	516.8389075551322	0.8642995872827441	267122.4563627825	0.7470137765771219	524.627394835961	455.1316207791986	1.165874	21.544847	0.1873764623704946	0.1009652100536358	-0.0451531313	-0.0453777944	-0.0230055715	-0.0623061833	0.1112842045	0.0200892637	-0.0453184401	0.1097592635	0.0664099054	-0.0306531628	0.1617461724	-0.0810547039	0.0398137147	0.0428460855	-0.0809203046	0.145194701	0.1637845011	0.1044277264	0.0689708342	-0.1058102337	-0.0507544517	0.1414768033	-0.1238058022	0.0478095155	0.0726356627	0.0558282825	-0.0930584561	0.0346539526	-0.0128369769	0.1523758236	0.0120618375	-0.0177844169	-0.0257691598	-0.1682244834	0.0932005897	-0.0586232305	-0.0793420582	-0.0459801621	0.1877119864	0.0314226245	-0.0835295245	0.0997680418	-0.0295534555	0.0541921674	-0.026993537	-0.1469015068	0.0773793952	0.1879230035	-0.0702284799	0.1708234697	0.1226618031	0.0674192952	-0.0090055881	-0.0117911837	0.0246372697	-0.0393011865	0.0330314342	-0.0462781366	-0.0985521531	0.0404528928	0.0530904885	0.0710466482	0.1355240157	0.0597155151	0.0027800804	-0.0940387959	-0.0316171711	-0.1405901257	-0.2186772384	-0.0521023783	-0.0569191153	0.0489882357	-0.0974927962	0.0393559569	-0.1170389681	4.08154e-05	-0.0476798642	0.0105079976	0.0400112729	-0.1171519709	0.0986229489	-0.0933955323	-0.0917821339	0.0735074177	-0.0886838187	0.0864801024	0.0622164657	0.0286397568	-0.0158022011	0.0275434712	-0.102329975	-0.0763617167	-0.0588010270821541	0.0154722800124887	0.0034575607859162	0.0002393914487848	0.0134689491282671	0.0849009369264734	0.0001814125906198	0.007208169090993	-0.1194765393331493	0.0083757804232932	0.0142746434510255	7.015369769922171e-05	-0.0019617437426139	-0.0005327373927194	3.848438511684791e-06	2.838091296015706e-07	-0.0010809701737157	-0.000540986023685	1.1684965164629505e-06	2.926658778226155e-07	0.000476940129757	0.0004988258837601	2.488272623091313e-07	2.27471887372624e-07	0.0
533.1917016719947	-0.0867714310059	284293.39073187736	0.0075292812388116	515.5262026764626	1.149195098877044	1.320649375283019	265767.2656460132	517.0022207694369	0.1633132143047078	267291.2962805296	0.0266712059665354	525.409920923843	463.486675901164	1.240424	22.922506	0.2142909056909288	0.147773721822346	-0.0657331069	-0.0273318249	0.082726462	-0.0209354014	0.0959037807	-0.082577036	0.000639279	-0.0383883924	-0.0066957372	0.0603478524	-0.1256751717	0.1084609654	-0.0345325171	0.0902218734	-0.0504739117	-0.000312226	-0.1454671714	0.0676018787	0.0154829544	-0.0239119087	0.1014761546	0.0601483844	0.1211351664	-0.0966762618	0.0412269148	-0.0211101276	-0.0383071886	-0.0454884851	0.0327272078	0.1686717621	-0.04155851	0.0042483079	-0.0196975202	0.0220016774	-0.030985153	-0.0456116339	0.0480613522	-0.0176891024	-0.0513790432	-0.1109794707	-0.1475400353	-0.0703364762	-0.0407875631	0.0767125066	-0.0600019884	-0.0382647747	0.0057531839	-0.1414568339	0.0412499946	-0.0281989126	-0.0183560269	-0.042516129	-0.0546625509	-0.2068653571	0.0836988445	-0.134588513	-0.1445653637	0.0050674569	-0.0815935022	0.0356103413	0.1326013341	-0.0080542665	0.0060269162	0.1005523621	-0.0935860252	-0.0800409458	-0.0451564241	0.0147719929	-0.0469975773	0.1422268819	0.0982313211	0.05242205	0.0600641269	0.1529906202	-0.0388236518	-0.1093401628	0.0107054626	-0.0592332345	-0.0624803572	-0.3251726877	0.0182605271	-0.0932120597	-0.0765070851	0.0047600048	0.0055169726	0.032040045	0.1170525436	-0.086891663	0.0217407954	0.0251890118	-0.1044804285	-0.0707724105	-0.0673236278738329	-0.0085226007916788	0.0045324708700943	7.263472425432418e-05	-0.1271828731070172	-0.1406518222352843	0.0161754832117556	0.019782935098106	-0.1171216243728423	0.002354914960307	0.0137174748957331	5.54562447027772e-06	-0.0016350176696958	0.000326726072918	2.6732827802174843e-06	1.0674992672448348e-07	-0.0006784598596085	0.0004025103141071	4.6030778109998564e-07	1.6201455296267674e-07	-4.905483729087496e-05	-0.0005259949670478	2.7667070535969505e-07	2.4063770616342167e-09	0.0
531.3133492781894	-1.878352393805244	282293.8751212073	3.5282077153138904	512.1271077000818	-3.3990949763808658	11.55384665845764	262274.17444125115	516.6199076100111	-0.3823131594258484	266896.1289389764	0.1461633518701742	524.6726412623062	455.9868625547113	1.048559	19.376925	0.121546448366219	0.0881580444673102	-0.0057391368	-0.0386183959	0.0396261079	0.048271115	-0.0040552329	-0.0111584705	-0.0515726654	0.0526683924	-0.0687439153	0.0574674566	-0.0296793619	-0.1280072717	0.0991374114	0.0381028119	0.0077539545	0.0106417328	-0.0747040539	0.0358672222	-0.0516920079	-0.0528465223	0.008073263	0.0665486418	-0.0802172953	0.0592062815	0.0949060962	-0.0961003108	0.1414935021	-0.0788896722	-0.074417156	0.1070776167	0.0316750471	-0.0527838234	-0.0494417679	-0.0065425277	0.0015581727	-0.0085324479	0.0878255419	-0.0452044946	0.0306644115	0.0059452025	0.1045024929	-0.1352415861	-0.1080765838	0.0367733184	-0.0061722175	-0.0380059421	0.0394566438	-0.0251809863	-0.0322510635	-0.0251434364	0.0855743879	-0.0064304115	0.1106487059	-0.072490453	-0.0351810371	0.0724978635	-0.0228769922	-0.0427171159	-0.101232265	-0.0659824415	0.0261530057	0.0224776608	0.000380631	0.1735629947	0.1446453017	-0.073555848	0.0096966618	-0.0680325615	-0.0517665425	0.0348035275	-0.0314897098	0.0852056718	-0.0168129482	0.0476113978	0.085526607	-0.1371393647	-0.0390028194	-0.076768475	-0.0770981304	-0.0479583683	0.1292255693	0.0051437403	-0.0577462232	0.1505064883	-0.0379647704	-0.0545665068	-0.1542693298	-0.0125531977	-0.0527194418	0.0228235037	-0.1064475877	-0.0649037979	-0.0742027224087991	-0.0068790945349661	0.0055060440128772	4.732194162100182e-05	-0.0424094407393056	0.0847734323677116	0.0017985606638206	0.0071865348354029	-0.1165934847872023	0.00052813958564	0.0135940406948235	2.789314219199969e-07	-0.0018320178412474	-0.0001970001715516	3.356289370648784e-06	3.8809067591359876e-08	-0.0003439045621087	0.0003345552974998	1.1827034783917669e-07	1.119272470851797e-07	-0.0001048150057975	-5.576016850662504e-05	3.1091963918872194e-09	1.0986185440329961e-08	0.0
531.2110077629889	-0.1023415152005782	282185.1347685702	0.0104737857335501	510.90581130981445	-1.2212963902672982	1.491564872879933	261024.7480301397	515.9451874614792	-0.6747201485318328	266199.436464661	0.4552472788348185	524.3170575834167	450.72660141167006	1.007954	18.626553	0.1088139276813573	0.0569971251822871	-0.0178619392	-0.0707818862	-0.0515589196	-0.1334555997	0.0365531903	0.072892416	-0.1331232462	-0.0068744741	-0.017765875	0.0599127975	-0.0937604765	0.0856256377	0.0037524442	-0.0229065514	-0.1405190426	-0.0337734143	-0.0854177238	-0.0346757825	-0.0641717181	-0.0420730962	-0.0152168994	-0.0217976071	-0.0442075081	0.0071712588	0.0445657873	0.0549466209	0.0759431582	0.004053076	0.150905103	-0.1528892566	-0.0096921536	-0.030688593	-0.0946668161	-0.0801226333	0.1312102624	0.0001876451	-0.0610595283	-0.0510623995	0.0789513064	0.0524942933	0.0170427328	0.1535075935	0.0161473215	0.1046365291	-0.038639637	0.0476776804	0.0988515382	-0.0191020429	0.0942815364	-0.0465813165	0.0210785688	0.1559618339	0.0778714582	0.0013026904	0.0134169265	0.051047393	-0.1248013624	0.060548821	-0.0952619368	-0.0194899632	-0.0406124683	-0.0592362967	-0.0927724855	0.0170430061	-0.0076410293	-0.0638201395	-0.0026381144	0.1002432946	-0.1047203744	0.0059383506	0.0394466991	0.0605357748	0.053240399	0.1615487387	0.1025104839	-0.0207166108	-0.0448232171	-0.0025846008	-0.0388330109	0.1273885412	-0.0078317659	0.0578770439	-0.1253418228	0.0126071436	0.0110527705	0.0008405446	-0.0546529729	-0.0747699273	-0.063383722	0.0204479845	-0.1082280018	-0.0587790397	-0.0901493867944935	-0.0159466643856943	0.0081269119394231	0.0002542961050299	-0.0798015411809274	-0.0373921004416218	0.0063682859748512	0.0013981691754363	-0.1023231184725403	0.0142703663146619	0.0104700205739455	0.0002036433547546	-0.0012040117563136	0.0006280060849338	1.4496443093413595e-06	3.943916427138795e-07	-0.00048397086549	-0.0001400663033813	2.342277986431397e-07	1.9618569342902373e-08	-4.879146332501677e-05	5.602354247248324e-05	3.1386373111661324e-09	2.380606893396456e-09	0.0
533.4406227961125	2.2296150331236504	284558.8980491044	4.971183195930976	512.4286244592001	1.5228131493856836	2.3189598879419444	262583.095165148	516.8121429135546	0.8669554520753309	267094.7910629004	0.7516117558831413	525.9579190094458	457.3554845596056	1.032838	19.086393	0.1002378273854537	0.0527143918744587	-0.0468876614	-0.0705556473	0.0268612526	0.0676247863	-0.0463091744	0.0156177065	-0.0620880089	0.0922016032	-0.0861778142	-0.0204000618	0.0076567551	0.0927940583	0.0060646797	-0.0072331873	-0.0428932539	0.0424012249	-0.0487853422	-0.0817346074	-0.0370000376	-0.1273748135	-0.0375075097	0.0637089455	0.0775344142	0.007067327	-0.1663079599	0.0223711048	-0.0817164452	0.0531884348	-0.0076055841	-0.0008882621	0.17282253	-0.0904465997	0.0077703787	-0.0195324454	0.0088673995	0.0786910912	0.049038033	-0.0599241848	-0.0868360993	0.0830208641	0.0369325854	-0.0777789013	0.0001250388	0.0583030301	-0.0560174013	0.0859137712	0.0340584806	-0.0109903364	-0.0931691644	0.0709398914	-0.1215775065	0.1053803459	0.0399649721	-0.0897309891	-0.0161607356	-0.0464275394	0.0440341625	-0.1135208183	-0.0766018432	-0.0186913984	0.1085318765	0.0917779114	-0.0755759482	-0.0980033503	0.0425486979	-0.0887412778	0.0190897278	0.0018100927	-0.0292506446	0.0700508517	-0.0891626989	0.1059868561	0.0166509735	0.0279267111	0.1741691287	0.1395753491	-0.0554253977	0.0173449103	0.0378158733	0.0475183147	0.0894930304	-0.1479535206	-0.0457235351	0.0663927199	-0.0244484489	0.0160731591	-0.0041202668	-0.1418761484	0.0627856215	0.0180634961	-0.1098185471	-0.0524223074	-0.091123620508057	-0.0009742337135635	0.0083035142144963	9.491313286437372e-07	-0.0474066318422643	0.0323949093386631	0.0022473887426279	0.0010494301510602	-0.0965628120759873	0.005760306396553	0.0093243766760224	3.3181129782169474e-05	-0.0017786626558274	-0.0005746508995138	3.16364084323498e-06	3.3022365631201965e-07	-0.0007466152216077	-0.0002626443561177	5.574342891363151e-07	6.898205780048123e-08	-0.000433663766427	-0.0003848723031019	1.4812668969502486e-07	1.880642623116516e-07	0.0
531.9494780345599	-1.4911447615526183	282970.2471812407	2.2235126999058155	512.6640746715457	0.2354502123455404	0.05543680249356	262824.45345883217	516.1570643004492	-0.6550786131053883	266418.11502725806	0.429127989348079	525.6075148761576	457.46524278139736	1.105725	20.433323	0.205558591539281	0.1103990088519123	-0.0425702173	0.0163954529	0.0627476568	0.0204157895	0.0053176047	-0.0426857024	0.0114826629	-0.1472399922	-0.1509825342	0.0145263452	-0.1634280488	0.0020069279	-0.0491223061	-0.0325965485	-0.0537905869	-0.172931687	0.0596158768	-0.0862318391	0.0056970742	0.0182949416	-0.1502763807	-0.0917635297	-0.0312955413	0.095892629	0.0616254457	-0.0609646219	0.0039723661	0.0556671554	-0.062936388	0.0734101736	-0.1806973712	0.0828801224	0.1270225163	0.026730143	0.1194441742	-0.1234901252	-0.0705475547	-0.1175465195	0.1074425389	-0.0179535267	0.0132565552	-0.036306985	0.0953249419	0.0202486198	-0.0784831277	0.0747378387	-0.1214562531	0.0332455146	0.0129925788	-0.0564672899	0.0264539068	0.0028736342	0.1672101318	0.0883965906	-0.0463674504	-0.0221186737	-0.0700319058	0.1415883758	-0.0273858113	0.1151429833	0.1190047266	0.0119862118	0.1827943519	-0.0239341492	0.0598665668	-0.0366449498	-0.0626245312	0.1499337057	0.021869576	0.1175599993	0.0360177404	0.15399071	0.0931422336	-0.0193857826	0.1522571352	-0.1270475983	-0.0825205962	0.0171251827	-0.0003639152	0.0827308254	0.110904604	0.0771971157	-0.0886743355	0.1187247512	-0.0499007665	-0.065155556	-0.0781808814	-0.0066631774	-0.0651253842	0.0156710845	-0.1112164334	-0.0458586883	-0.0858857058580611	0.0052379146499959	0.0073763544707373	2.743574988064168e-05	-0.1324274582814979	-0.0850208264392336	0.0175370317068978	0.0072285409284102	-0.1331158453029388	-0.0365530332269515	0.0177198282707159	0.0013361242380906	-0.0009980182205868	0.0007806444352406	9.960403686232426e-07	6.094057342721155e-07	-0.0001798973258202	0.0005667178957875	3.2363047837259195e-08	3.2116917340581177e-07	-0.0002060897529931	0.0002275740134338	5.1789931590412885e-08	4.2472986288756974e-08	0.0
533.1195918793792	1.1701138448192978	284216.4992456358	1.3691664098377998	516.7289272397063	4.064852568160632	16.52302640088208	267008.78424629767	517.4504073525025	1.2933430520532738	267754.9240692707	1.6727362502944774	526.6764228627161	456.9236884710426	1.215333	22.458839	0.295189597565137	0.1937586775886564	-0.0197023284	-0.141069104	0.0262755611	0.1238121347	0.0876205125	-0.0291606449	0.0473172005	0.1496878669	-0.0840614916	-0.0351611964	0.0165786945	-0.0531177891	0.0086455995	-0.1279492334	-0.0884026315	-0.0303042652	0.0338195495	0.1438081798	0.013093538	-0.0833068816	0.1033935276	0.0174203368	-0.0196147772	0.0260519293	0.1304670054	0.0474188938	-0.0063225433	0.0598126155	-0.0635419541	0.0276402111	-0.1427432147	0.1142982525	0.0384368395	0.0881608906	0.069444769	0.1386784467	0.0203029311	-0.0142200159	0.1243525389	-0.0410378636	0.0079733515	0.0305234944	0.0214099497	0.1145924902	0.013145799	-0.0837580328	-0.0069085092	-0.0611166192	-0.0927091613	0.0517073139	0.0480488695	0.038934629	0.0004059723	0.0002774683	-0.0496717339	0.0569035649	-0.0896780531	0.0363024097	-0.1549923804	0.0566104604	-0.061368765	0.0109333383	0.2153644256	-0.0814194179	-0.0105448933	-0.0915519645	0.1096698747	-0.139180112	0.0060776314	0.0451041054	-0.0317660137	0.1766892745	-0.0483872852	0.0535555692	0.1470630126	0.0632174871	-0.0442133298	0.0926593335	-0.0673341677	0.0205248124	-0.111926654	-0.0386706737	-0.1035342825	0.0174569283	-0.0180745166	0.0504822261	0.0013949634	-0.2218702051	-0.1412769444	0.013271799	-0.1124192083	-0.0391140859	-0.1078928305562669	-0.0220071246982058	0.0116408628854433	0.0004843135374823	0.0476658513296968	0.1800933096111947	0.0022720333829847	0.0324336001667136	-0.0799470870569223	0.0531687582460164	0.0063915367288871	0.0028269168534233	-0.0014240665378376	-0.0004260483172508	2.0279655041887686e-06	1.815171686322384e-07	-0.0002711534547743	-9.125612895409998e-05	7.352419603603834e-08	8.327681071687326e-09	-0.0004871934069826	-0.0002811036539895	7.901926428624853e-08	2.373574158073133e-07	0.0
535.2400700505535	2.120478171174341	286481.93258772144	4.496427674426877	517.6574044338493	0.9284771941429426	0.8620699000435516	267969.18836518977	518.1005340708092	0.6501267183067512	268428.16340445774	0.4226647498563058	528.259110918384	466.2406875358382	1.105122	20.422182	0.0601309968927757	0.0414055308607716	-0.0343270461	-0.0985066289	0.1110984566	-0.0530328823	-0.007728847	-0.0648265046	-0.1155660043	0.1186377958	0.0033987062	-0.1188164648	-0.069248228	0.0083567115	-0.0176790009	0.1254085517	0.0115353996	0.1062155391	0.0375811372	-0.0578615262	0.0244646726	-0.1141302004	0.0880483068	0.2296842433	0.0505146869	0.0617755851	-0.0385620824	0.0651804484	-0.0516135371	0.0004146351	-0.0821210705	0.0282382148	-0.0756041663	0.0841619599	0.0130196416	-0.0428632957	0.1118744816	0.1070896427	-0.0199652817	0.0557322144	-0.0766223645	0.0682180305	-0.0852974112	0.0352379367	-0.0160990995	0.0739861745	-0.0208799863	0.1105296673	0.0939631258	-0.0244087967	-0.1315562304	0.2080999265	0.0805845865	-0.0333419486	-0.045975352	-0.0495972348	0.0138269525	-0.081935433	-0.0723901397	-0.0229923525	-0.088572211	-0.0336416596	0.1047623936	0.0056529733	0.0605642793	-0.0403563413	0.0248706672	-0.0696007687	0.0578754806	0.0417548145	-0.1243679656	-0.0835777884	-0.0763275605	0.2119550431	-0.0451188188	0.0318630353	0.1477053052	0.1435498603	-0.1779757017	-0.0345323594	0.0721906944	0.0060156985	-0.0900218574	-0.0646705366	-0.0640418728	-0.1080858732	0.0678972351	-0.0618043722	0.0912383946	-0.0316910314	0.0590189541	0.010866692	-0.1134247617	-0.032215118	-0.1130423742253015	-0.0051495436690345	0.0127785783704931	2.651779999929431e-05	0.0090958791452919	-0.0385699721844049	8.27350174257561e-05	0.0014876427543057	-0.0817032969132185	-0.0017562098562961	0.0066754287264895	3.084273059351903e-06	-0.0013601224543819	6.394408345570006e-05	1.849933090913844e-06	4.088845808989533e-09	-0.0005001680179479	-0.0002290145631735	2.501680461779308e-07	5.2447670145594814e-08	-0.0004873401840141	-1.467770315000377e-07	2.1543496975963052e-14	2.375004549548969e-07	0.0
532.9794122549381	-2.2606577956154297	284067.05388761923	5.110573668876814	516.6966521329658	-0.9607523008834278	0.9230449836528004	266975.4303254151	517.5099235556655	-0.5906105151436805	267816.5209785908	0.3488207805982836	527.4736377503061	465.8125057659941	1.111211	20.534693	0.2196707925940136	0.1249979378756473	-0.0496149751	-0.0435582771	0.1479067837	0.0860595054	-0.061642906	-0.106190642	-0.0136928989	-0.0154999279	-0.1429109717	-0.054865911	-0.0531049086	-0.1033196506	-0.0362546995	-0.0037670618	-0.0085553938	-0.0218583007	0.0750918218	0.0015904139	0.0527571917	-0.0062793108	0.0333814771	-0.0251034433	0.0537581114	-0.0051901737	0.0160900954	0.2045836381	0.2833530422	0.06205673	0.0001460111	-0.0094921563	-0.0323390217	-0.007219718	-0.0369427946	0.0473325961	0.0672996978	0.0983333304	0.0401982938	-0.0331134441	0.0033700335	-0.0195618459	-0.0040151931	0.0001295955	-0.1255453289	0.0082342633	-0.0261412725	0.0490588105	-0.0461428707	-0.0270796806	-0.0894659942	0.033695795	-0.0263753633	-0.1202537441	0.0652496276	0.0240777236	-0.0739170288	0.1199815418	-0.2336402453	-0.003347648	0.0079293133	0.0147281405	0.0511939241	0.0276608725	0.0397919622	-0.119047713	-0.043847715	-0.0557013426	0.0120058023	0.0814145852	0.0840191381	0.1622847424	0.0018763765	0.1861300646	-0.0268575198	-0.0569224341	0.2021604206	0.005426864	-0.0975212988	-0.0613351237	0.0403279529	0.0488863476	0.0205640524	-0.0002025904	0.0351503029	0.0030221273	0.0153256637	-0.08349609	-0.038176517	0.003274846	0.0153079797	0.0084568186	-0.1142313295	-0.0251890118	-0.1075606709811296	0.0054817032441718	0.0115692979419108	3.0049070457164683e-05	-0.0910729457403221	-0.100168824885614	0.0082942814458196	0.0100337934789648	-0.1314469577325212	-0.0497436608193027	0.0172783026971352	0.0024744317917058	-0.0008604308062077	0.0004996916481742	7.403411722712326e-07	2.496917432550485e-07	0.000284709388526	0.0007848774064738	8.105943591484884e-08	6.160325431931955e-07	-0.0004863771657637	9.630182504000355e-07	9.274041506035458e-13	2.365627473763297e-07	0.0
532.329272444338	-0.6501398106000806	283374.45430111827	0.4226817733271087	516.4286832587663	-0.2679688741994823	0.071807317539738	266698.5848923832	517.1374166307257	-0.3725069249397847	267431.1076795008	0.1387614091280944	526.3179143605498	457.6586528315156	0.996894	18.422169	0.1919097502509521	0.1182962367573981	-0.0120735235	-0.0964046543	0.0613230015	0.063646275	0.0660111976	0.0072709459	-0.0191349786	0.0300181381	-0.0668340611	-0.0916670295	0.0133827313	-0.1244933171	0.0605494358	-0.0899099948	0.010361399	-0.1003358944	-0.0148771644	0.0609379654	0.0683946543	-0.0294417892	-0.0400333839	-0.0272873859	-0.0541960616	-0.0601307175	-0.1462440852	0.0418710752	0.139683876	-0.0244877259	-0.0973286611	-0.0775632426	-0.0484635221	0.0057454108	0.0333287023	0.00350766	0.1109041772	0.0452299145	0.0961914554	0.0264173621	0.0697189654	0.0901864456	0.0040927569	0.0319860022	-0.0340882513	0.0889519176	-0.0122049546	-0.0278048726	-0.0701602929	-0.0058139199	-0.0192603246	-0.0279691822	0.0255644587	-0.029152314	-0.0760084752	0.0827380843	-0.0553086817	0.1680464175	-0.0604904567	-0.1297691089	0.057311179	-0.1102643708	0.0911933187	0.0904189124	0.0715038796	0.0777509544	0.125310872	-0.0712897209	0.0607338461	-0.0397790765	-0.0027268745	0.0001749685	-0.0767255163	0.2745345801	0.0134403978	0.0018657403	0.133953565	-0.0451294806	-0.0170826488	-0.013736693	0.040607328	-0.0095190741	-0.1160613526	0.0871183544	-0.0192392471	0.0435780689	-0.0174303729	-0.031713491	0.0893756898	0.2678309699	0.0656684631	0.0060432357	-0.1148374968	-0.0180634961	-0.1131278957247303	-0.0055672247436006	0.0127979207911054	3.0993991345759774e-05	0.0099502836081057	0.1010232293484277	9.9008143881737e-05	0.010205692867985	-0.1002828531497499	0.0311641045827713	0.0100566506358543	0.0009712014144459	-0.0015760210725871	-0.0007155902663794	2.4838424212385934e-06	5.120694293369408e-07	-8.211619748754728e-05	-0.0003668255860135	6.7430698898138675e-09	1.345610105541824e-07	-0.0004870651448938	-6.879791300999985e-07	4.733152834531507e-13	2.372324553704184e-07	0.0
532.7128903580225	0.3836179136844748	283783.0235535985	0.1471627036996292	514.6329452514649	-1.795738007301452	3.2246749908669896	264847.06833819725	517.1575268792144	0.0201102484886632	267451.90760782536	0.0004044220942757	526.0760047564047	458.3132639590496	0.945199	17.466864	0.0889162176633277	0.0624060050561064	0.0092100894	-0.1060068429	0.0643030485	0.0245542209	0.0677453554	0.0447732734	-0.0614195135	0.0735113781	-0.0192489294	-0.0157665598	-0.0940119319	-0.0492970891	0.0592825074	-0.0560311851	-0.0361993105	-0.0788602976	-0.0452066413	0.052750139	-0.1231802369	-0.0563113371	0.0803124315	0.0815008729	-0.0525380724	0.0963572276	-0.0441120374	-0.0844622039	0.0652728985	-0.0623731984	-0.0227215789	-0.0013797744	-0.2157318403	-0.0133583106	-0.0450496901	-0.0225760626	0.1027928234	0.048358231	0.0212714159	0.0068821139	0.0165283675	-0.0215798593	-0.0086889049	0.1448557775	0.0108769331	0.1003004094	0.003670017	0.0123634318	0.0122572396	-0.0911268697	-0.009934589	-0.0736080807	0.1413293245	0.0585501217	0.010464843	0.037115331	-0.0546918967	-0.0868949102	-0.1437772088	-0.0030909758	-0.0279398314	0.0308977798	0.1250852495	0.0588109326	0.0494415559	0.0625710291	0.1361954703	-0.0538112073	0.0631970484	0.0636497896	-0.0127889303	-0.0116647272	0.0565506024	0.1751133277	-0.1219220234	0.1375755808	0.1542552162	-0.0426044278	0.0500058698	-0.0900505808	0.1359430795	-0.0402848567	-0.019447571	0.1242762017	0.1223323417	-0.0595308929	0.0554294278	-0.0192501937	-0.2000220482	0.0512459977	0.0149305104	0.003627002	-0.1152422001	-0.010866692	-0.1130750904426491	5.2805282081194727e-05	0.0127859760786132	2.788397815674545e-09	-0.0337914094300799	-0.0437416930381856	0.0011418593512712	0.0019133357098468	-0.1078188405856082	-0.0075359874358583	0.0116249023852247	5.679110663341418e-05	-0.0008250203628629	0.0007510007097242	6.806585991384312e-07	5.640020660062523e-07	-8.279907986930013e-05	-6.828823817528473e-07	6.855687627202742e-09	4.663283473084415e-13	-0.0004870340988557	3.1046038099981795e-08	9.63856481705521e-16	2.3720221344818373e-07	0.0
532.4439580174175	-0.2689323406050334	283496.5684292534	0.0723246038233017	516.4328491743221	1.7999039228571974	3.239654131516728	266702.8877063081	517.2407561200497	0.0832292408352941	267537.9997916408	0.0069271065300193	526.6110738454131	461.9218273367933	1.038762	19.195869	0.0447316695847342	0.0278331257377952	0.0135890779	-0.0951584768	0.102661002	0.1218031872	-0.0447652888	-0.0435139479	-0.0024103497	0.1438505398	-0.0853489088	-0.0261344716	-0.0667746737	-0.1223138407	-0.0841402294	0.0242058259	-0.0361023448	0.070147887	0.0667551155	-0.0255428029	0.0300736281	-0.0823830338	0.0131989025	0.0200766632	0.1427550406	0.2403507276	0.0589040415	-0.0259657368	0.1968562649	-0.048935481	-0.1226307429	0.0089885413	-0.0214318937	-0.0601786946	-0.0272831101	0.0293639008	0.033821577	-0.0010299632	-0.0360637061	-0.0722004082	-0.0788793313	-0.120716398	-0.0184761451	0.0244362829	-0.0066878989	0.0402440025	0.0411406986	-0.0076788777	0.0347601565	-0.0018199971	-0.1474864188	0.1173427928	-0.0318425878	-0.0456435288	0.1555659566	0.0690025022	-0.2279883851	-0.0371584587	-0.1315614644	-0.0325238258	-0.0125442689	-0.0427085967	-0.000376688	-0.0975612934	0.0110253409	-0.0677772514	0.0505017464	-0.0467028317	0.0873223196	-0.0056452133	0.0730587075	0.094298234	-0.0523720735	0.0775029695	-0.1294363309	-0.0352187751	0.0910466502	-0.0192280794	-0.1512327826	-0.0398515081	0.0970598495	0.0722466029	0.0093664654	0.1650546284	0.1078044177	-0.1113659598	0.0991967417	0.0834007983	-0.0842800189	0.0864968318	0.0656228068	0.0012091775	-0.1154447293	-0.003627002	-0.1176029974416081	-0.0045279069989589	0.0138304650072508	2.050194179122187e-05	-0.0396452289686806	-0.0058538195386007	0.0015717441799791	3.426720319050333e-05	-0.1024096599083037	0.0054091806773045	0.0104877384425344	2.925923559972441e-05	-0.0007683938066897	5.662655617319999e-05	5.90429042159088e-07	3.206566864036574e-09	0.0004386873386701	0.0005214864185394	1.9244658110945504e-07	2.719480847210504e-07	-0.0004863318261709	7.022726848000273e-07	4.931869238162385e-13	2.365186451467225e-07	0.0
531.5244083883842	-0.919549629033213	282518.1967126219	0.8455715202551197	514.6134338201479	-1.8194153541742253	3.3102722310049217	264826.9862681637	516.4144567220287	-0.8262993980209785	266683.89111150807	0.6827706951698315	526.2114590252717	454.4624357648343	1.018071	18.813507	0.0780531984748721	0.0381954653370781	-0.0096675976	-0.0538251064	0.0086668281	0.0314032729	-0.072880705	-0.0182281171	-0.0077888825	-0.0476895286	-0.1477950243	-0.1020439038	-0.0280493072	-0.0782625215	0.1172286069	-0.000129778	-0.0416271555	-0.0819870052	-0.013944616	-0.1223827907	-0.017192686	-0.0310378594	0.0250587928	-0.0075918917	-0.0164146311	0.0306679324	0.0884180401	-0.0392938893	0.1536107384	0.1129503153	-0.0185693427	0.0489825902	-0.0278861609	0.0823185929	-0.0212400847	-0.0800996022	-0.080425101	-0.0775746233	0.0124076741	0.1653430644	-0.1427330446	-0.0012328493	0.0915877952	0.0686837879	0.0642958086	0.0292449522	-0.0162885969	0.1408989099	-0.0143157911	0.0108361165	-0.0633948756	-0.0892834895	0.0148372997	-0.1225767113	0.0194831306	0.0113696361	-0.1129851704	0.2029174571	-0.0128135636	-0.0100578721	-0.0453905147	0.001884027	0.0771792356	0.0061531939	0.0471504886	-0.0624923724	0.024428317	-0.050418692	0.0535446099	0.1085791615	0.0310440436	-0.0292709642	-0.1755391624	0.0625264399	0.0804875292	-0.0604228386	0.0695680113	-0.1037258248	-0.0005685281	0.0516001266	0.088615139	0.0167146367	0.0613967416	0.0850039899	0.219191459	0.0365668209	0.0510494811	0.0267201658	0.0146754762	-0.081840559	0.1055661161	-0.0012091775	-0.1154447293	0.003627002	-0.1407926188301189	-0.0231896213885108	0.0198225615170431	0.0005377585401424	-0.0336906950260669	0.0059545339426137	0.0011350629313394	3.545647447373866e-05	-0.0964964988732361	0.0059131610350676	0.0093115742947924	3.496547342664175e-05	-0.0011759447824608	-0.0004075509757711	1.3828461313967785e-06	1.6609779785197582e-07	0.0001658913597013	-0.0002727959789687	2.7519943223546106e-08	7.441764614154594e-08	-0.0006659025136046	-0.0001795706874337	3.2245631785411606e-08	4.4342615762492453e-07	0.0
530.8786468178795	-0.6457615705047601	281832.1376471828	0.4170080059407743	515.5329476467399	0.9195138265920376	0.845505677293932	265774.22010933625	515.8378545447797	-0.5766021772490149	266088.6921813613	0.3324700708083044	525.2761234264083	452.11027741615305	1.118001	20.660173	0.0791598831425965	0.0344465564364591	-0.0135086789	-0.1015379495	-0.0426716746	-0.075054636	0.1638172083	0.0572998711	-0.0553523681	-0.1077299922	0.0028431589	-0.064347985	0.0228186451	-0.0724274946	-0.0632173103	-0.1428200793	0.044096723	-0.0829710202	0.009921468	0.0044061309	0.114604093	-0.1080292579	0.0059123875	-0.0926835147	-0.0437552502	0.0347821632	0.0288164372	-0.0797171391	0.2528916658	-0.1162393939	0.0298917289	-0.2252622725	-0.0164939281	0.0123000523	-0.0769019534	0.0496042307	-0.0157420041	-0.0454304224	0.0325016813	-0.1249645037	-0.0204082284	0.066219948	-0.0026785829	0.1397400929	-0.0869306739	0.1382338515	-0.0003939385	0.0100830182	-0.0704828998	0.0892339108	0.0616605538	-0.0588006781	0.0178626166	0.0084127145	-0.0377930056	0.1210994119	-0.1836172636	-0.0128517751	-0.1442896316	-0.1853823244	0.1053402658	-0.0307721679	-0.0766071773	-0.1074358541	0.02331221	0.0078341004	0.1335987262	-0.0600582001	0.0993226487	0.1323753558	0.0318034812	-0.0445807736	0.1017349621	0.048562493	-0.1866592079	-0.0971187828	0.0236699185	0.0592717421	0.0822538112	0.1365681113	0.0029817442	-0.0306599501	-0.0945025233	0.1910862632	0.0540876527	-0.0327221579	0.0344666313	0.1288857298	0.0412035808	-0.0965516538	-0.0745389075	-0.003627002	-0.1152422001	0.010866692	-0.1479972430457365	-0.0072046242156176	0.0219031839491388	5.190661008826352e-05	-0.0466034374391313	-0.0129127424130644	0.002171880381143	0.0001667389166261	-0.0733260162162565	0.0231704826569795	0.0053767046541467	0.0005368712665573	-0.0013623057860729	-0.000186361003612	1.855877054767702e-06	3.4730423667309106e-08	0.0004081503015129	0.0002422589418116	1.665866686250712e-07	5.86893948876762e-08	-0.0009547232453196	-0.0002888207317149	8.341741506838799e-08	9.114964751535892e-07	0.0
530.8047616916579	-0.0738851262216258	281753.6950345377	0.0054590118767855	513.3151365413222	-2.217811105417695	4.918686099314059	263492.42940243625	515.5583786538424	-0.2794758909373058	265800.4418001787	0.0781067736152008	523.8959132238087	453.2618897638746	1.114682	20.598841	0.1088821626270245	0.0633031421309528	-0.0534053257	-0.1224944807	-0.0215813072	-0.0156995944	0.0727585858	0.0541686267	-0.026477249	0.0521813461	-0.0599293259	0.1480232925	-0.1076333112	0.0507884337	0.0156576912	-0.0790869259	-0.0094807593	-0.0344862004	-0.1930747609	-0.0088793383	-0.0258418953	-0.1254229486	0.0360884071	-0.1203758699	-0.0208200331	-0.0410794389	-0.02853161	-0.0519553478	-0.0321724288	0.0561518598	0.135631041	0.0101434842	-0.0675171949	-0.0321572785	0.1244970775	-0.1367880827	0.0321026201	-0.068756814	-0.2227209685	0.0415449438	0.0273695817	0.0595204182	0.1218676818	-0.0572010023	-0.046803232	0.1124284762	0.0071823506	-0.037120642	0.0716867175	-0.1205385142	0.1572019684	-0.1610861971	-0.0309287872	-0.0172236377	0.0126030962	-0.028211342	-0.1450348666	-0.015965449	0.1097678324	0.0087844227	-0.0100385118	0.0964049003	0.0772620738	0.0074946414	0.0719852392	-0.1426450525	0.0950801559	-0.0901332112	0.1174049107	0.0152745574	0.1473664314	-0.0550418989	0.055493727	0.0950271992	0.1314049148	0.1008925604	-0.0938782086	-0.1570637758	-0.0253223149	0.1340952348	-0.0020110912	-0.025232586	-0.0327374343	-0.0113552843	0.1251838856	0.0605734015	0.0786361645	0.1146106409	0.0430307262	-0.181759063	0.0437935753	-0.0060432357	-0.1148374968	0.0180634961	-0.1432342150547754	0.004763027990961	0.0205160403623576	2.2686435642678875e-05	-0.0126213744039631	0.0339820630351681	0.000159299091845	0.0011547806081261	-0.0849910643567568	-0.0116650481405002	0.0072234810204943	0.0001360733481201	-0.0022787489965146	-0.0009164432104417	5.192696989116297e-06	8.398681579646904e-07	0.0004268563493625	1.8706047849599994e-05	1.822063429910807e-07	3.4991622615152455e-10	-0.0011890144562362	-0.0002342912109166	5.489237151276676e-08	1.4137553771386664e-06	0.0
532.0965758256267	1.2918141339688418	283126.7660053569	1.6687837567216688	515.9163282704908	2.6011917291685904	6.766198411895082	266169.6577761048	515.9636285215702	0.4052498677277754	266218.46595714486	0.1642274552933794	525.6593859987211	456.2863565113871	1.147176	21.199324	0.0933722969080321	0.0466231567383001	-0.0334421164	-0.1084920655	0.0007841032	0.0029577462	0.0183136105	0.0199747254	-0.0184631715	0.0866369485	-0.0230674934	-0.0951899477	0.0611719088	0.0197125703	0.1294213308	0.0441212399	0.0715228146	-0.0851701875	0.0343288027	0.1030834005	-0.1583512219	-0.1919121706	-0.0003463494	0.0276775615	-0.0967053065	-0.1160732833	-0.0339347094	0.0025372298	0.0466308087	0.0851038787	-0.035467829	-0.0087079074	-0.0154416065	-0.001398852	0.1105536484	0.0117408953	-0.0770755626	-0.0478898461	0.0115114577	0.0193098349	-0.0490144684	-0.0351516495	-0.0561532308	0.0119780376	-0.0990466432	0.0801067079	0.0216898989	-0.0103243955	0.0623397727	-0.0117136096	-0.1406837176	-0.1583885676	0.120434612	0.0419282016	-0.1626948297	0.0008508821	-0.0480154787	0.0008789837	0.0386753439	0.0216901539	0.0933370271	-0.0141439581	0.0509618622	-0.0064297211	0.0989993856	0.0020499992	-0.0297651141	-0.0813490344	0.131042099	-0.0052499138	0.0712772467	-0.170248294	-0.083328357	0.0078392522	-0.1437072008	0.0657046946	-0.0116843475	-0.0357213411	0.1413824853	0.0399471081	0.0059094961	-0.0307639756	0.030761775	0.0951456137	0.0446751196	0.1255718596	0.0523266466	-0.0435125576	0.0131291402	-0.017851214	0.0120369962	-0.0084568186	-0.1142313295	0.0251890118	-0.172964496505358	-0.0297302814505825	0.029916717051352	0.0008838896351308	0.0177321209639416	0.0303534953679047	0.0003144281138798	0.0009213346810494	-0.0677365415589719	0.0172545227977849	0.0045882390623703	0.0002977185569792	-0.0021591900621676	0.000119558934347	4.662101724563325e-06	1.429433878219026e-08	0.0004509752341868	2.4118884824299986e-05	2.0337866184983909e-07	5.81720605167848e-10	-0.0013660165829001	-0.0001770021266638	3.1329752843543294e-08	1.8660013047580656e-06	0.0
531.5551234469461	-0.5414523786805603	282550.84926269815	0.2931706783788368	512.866933849246	-3.049394421244756	9.29880633631864	263032.4918359269	516.6221324030192	0.6585038814490645	266898.42768864275	0.4336273618834835	525.7407236786663	453.1104086306055	1.087868	20.10334	0.1720970548036158	0.0983061639243869	-0.0346378887	-0.0529979896	-0.0535373237	-0.0462161614	-0.0773427624	0.0487701069	-0.0946383243	0.0275047318	-0.0301808045	-0.0125139635	-0.0445475823	-0.011083825	-0.073203215	0.1489203904	-0.0114938846	0.0949865387	0.0129775671	-0.0943430735	-0.1438769255	-0.0569058997	-0.08348511	-0.1149583488	0.0108756077	0.0713267048	0.005013948	-0.0444806012	0.0018654406	-0.0505543676	-0.067663454	-0.1524365055	-0.0541269855	0.0655720458	0.0100148752	0.1390161746	-0.0831417642	0.1041716459	0.0001661523	0.177859445	0.0788718048	-0.0550864184	0.0650224963	-0.1122163234	-0.1149231391	-0.0164552451	0.0365652104	0.0474710595	0.1649970485	0.0320947548	-0.0214613375	-0.0346152486	0.0072853035	-0.0251814146	-0.0059906024	0.0772020656	-0.1156259694	-0.0752866165	-0.0311112333	0.0992740735	0.0972337709	-0.0022475822	-0.0888393064	-0.0467560584	-0.0142617614	-0.0695252166	-0.009055496	-0.0513757702	0.0747015412	0.0925348381	0.1458623068	-0.0453064627	-0.0167390352	-0.0884348868	-0.0307279312	0.0804913968	-0.1058929992	-0.0222799393	-0.09028608	0.1040347581	0.0510033349	0.1130418449	-0.0107674087	0.0778846156	0.043445266	-0.1612665277	0.052234969	-0.0459878564	-0.0371461195	-0.0668775339	-0.0031898312	-0.010866692	-0.1134247617	0.032215118	-0.1664983874125596	0.0064661090927984	0.0277217130109827	4.181056679997022e-05	-0.0574987311994164	-0.075230852163358	0.0033061040895427	0.005659681117225	-0.1103876941929513	-0.0426511526339794	0.0121854430292365	0.001819120821007	-0.0014641207113725	0.0006950693507951	2.143649457469915e-06	4.83121402414722e-07	0.0006049237444138	0.0001539485102269	3.659327365556124e-07	2.3700143801112717e-08	-0.0012600556256526	0.0001059609572475	1.1227724460806524e-08	1.5877401797387652e-06	0.0
531.2802230443064	-0.274900402639787	282258.6753980079	0.075570231371517	514.1334687343864	1.266534885140345	1.6041106152774671	264333.22367285227	516.7727614301083	0.1506290270890531	267054.0869560996	0.0226891038017947	526.1217223888726	449.2573657350789	1.005309	18.577679	0.0670431266259029	0.0412007963140939	-0.0580707181	-0.036920137	-0.1260682488	0.1093688343	-0.0922938176	-0.0261377476	-0.0009434577	-0.0784340834	-0.1470905237	-0.0699808152	0.0587383263	0.0566251223	0.0601096906	-0.0227384457	-0.0321946597	-0.0775283999	0.0426223758	-0.020688197	-0.0925990697	-0.0112625196	-0.0119430224	0.0129095448	0.0077911977	-0.1518222308	-0.018293449	0.1212771712	0.1439376944	0.1547373059	0.0300966652	-0.0354515976	0.1161718972	0.05850935	0.1017050451	0.0319224017	0.0720551808	0.1657821344	0.0731680556	0.1357071207	-0.023835509	-0.0599641651	-0.0378741253	-0.0800112912	0.2029756429	-0.0256167341	-0.02636757	0.0785920461	0.0223943592	0.0067956077	-0.082394895	-0.1562861714	-0.0486947218	-0.0321454274	-0.098670688	-0.0457775965	0.0380768055	0.1776742572	-0.0421687677	0.0535655713	0.0769861321	0.0073131235	0.0003142172	0.0252358978	0.0127882386	-0.0456598909	-0.1123295583	-0.0586771175	0.069876973	0.0410358205	0.1854581851	-0.0252463856	-0.1374180571	-0.0787171924	-0.0129999305	-0.0112345925	-0.0448172316	-0.0314189107	0.1193646897	0.0702019252	0.0643966924	-0.0151393576	0.0200712251	-0.0053194924	0.1202910532	0.0774867905	0.0535683685	-0.0648403224	0.1632132271	-0.0189540871	-0.0442743889	-0.013271799	-0.1124192083	0.0391140859	-0.1730627138637146	-0.006564326451155	0.0299507029298739	4.309038175733335e-05	-0.0194771539790963	0.03802157722032	0.0003793595271254	0.0014456403343207	-0.1034757682201785	0.0069119259727728	0.0107072346087561	4.77747206530913e-05	-0.0015826473668202	-0.0001185266554477	2.5047726877029127e-06	1.404856805161782e-08	0.0005185806706227	-8.634307379109998e-05	2.6892591194348925e-07	7.455126391695335e-09	-0.0013660918360469	-0.0001060362103942	1.1243677914784248e-08	1.8662069045139905e-06	0.0
530.9295704908027	-0.3506525535036644	281886.2088215482	0.1229572132786402	515.0479884036752	0.9145196692887794	0.8363462255160584	265274.4303586723	517.0694894928066	0.2967280626983211	267360.85696435167	0.0880475431926987	526.3999265603003	446.6081507458665	1.111334	20.536974	0.030026766361821	0.0154900156498562	-0.0465442982	-0.0356417341	-0.17730039	-0.0554996313	0.0890625204	0.0654647128	-0.0687358707	-0.1760616256	0.0241367609	-0.082788756	0.1007078307	-0.0711339327	-0.0371214226	0.0555128255	0.1048453378	-0.036690388	0.0579387042	-0.0523283295	0.1630198959	-0.0700486699	-0.0277823592	0.0376080098	-0.0367526106	0.0575657556	0.0065272463	-0.0506854514	0.1562850733	-0.0904257209	-0.0667467774	0.0484965711	0.0873642867	0.0036129364	-0.0450185079	-0.0714473905	-0.1356356884	0.0720368086	-0.073134905	0.0914190313	0.0180491656	-0.1944314764	-0.0149949946	-0.002329308	0.0168224202	0.0583112143	-0.0141315661	0.0559054308	-0.0571258603	0.1490340491	0.066420375	0.002168676	0.0332500697	-0.1215782923	-0.0579619757	-0.0291346519	-0.1459755071	-0.0467643421	0.0766550582	-0.004135605	0.1682352599	-0.0262389292	-0.1320844619	0.0122868797	-0.045118913	0.0711401626	0.0296257683	-0.0430538149	0.0663354999	0.1502916657	0.0797176767	-0.1201886988	0.051343253	-0.0362311837	-0.1431024965	-0.1574039421	-0.072708041	-0.0132013639	0.0001800172	0.1650096047	0.0534981103	-0.0304985751	-0.0821291778	-0.0502379679	0.018029291	-0.036331676	-0.0519461215	-0.0315919535	0.0276390293	0.0500643458	-0.073396206	-0.0156710845	-0.1112164334	0.0458586883	-0.1847776728988748	-0.0117149590351602	0.0341427884019235	0.0001372402651954	-0.0278962428988194	-0.008419088919723	0.0007782003678699	7.088105823820425e-05	-0.1034119670052007	6.380121497780167e-05	0.0106940349198847	4.070595032643664e-09	-0.0016395524390203	-5.690507220009996e-05	2.6881322002974145e-06	3.2381872420985883e-09	0.0006581208339535	0.0001395401633308	4.331230320836503e-07	1.9471457182386343e-08	-0.0013659587277386	1.331083082998629e-07	1.7717821738451353e-14	1.865843245885255e-06	0.0
531.1756303468106	0.2460598560079461	282147.5502743316	0.0605454527386511	513.8893372646598	-1.1586511390153191	1.3424724619414965	264082.25095431134	517.0991372320082	0.0296477392015503	267391.5177260872	0.0008789884397631	525.235108688277	446.9882626628729	1.151782	21.284433	0.0404340189828218	0.0204271823140758	-0.0417934229	-0.0807135739	-0.1599722559	0.0477439057	0.0514943097	0.0783947144	0.0288687305	0.0347506297	0.0168142815	0.1837627082	-0.087667002	0.1457343089	-0.084465104	0.0089388631	-0.0008198314	0.080907643	-0.2192044047	0.0259015502	0.0885538036	0.0192330448	-0.0195977282	-0.1543331355	-0.0008122885	-0.0288730095	-0.0197025281	-0.11009213	0.0390032859	0.1424183221	-0.0504401476	-0.1948113073	-0.1290245192	0.1373501687	0.052539099	-0.0529670102	0.0539561645	-0.0451305594	-0.1068159901	-0.0275660619	-0.0390492229	-0.1510827086	-0.0484165603	-0.1679853016	0.024956968	0.0507547386	0.0234156455	-0.0507515861	0.0876919725	-0.096909036	0.185436838	-0.038167863	-0.148340061	-0.0530076158	-0.0375323232	-0.0755524701	-0.0011213776	0.0723834943	0.065627294	0.1717829481	0.1907978314	0.0096323406	0.0294746745	-0.0897215212	0.0588761692	0.0898136217	0.0681533677	-0.0391398702	0.0980857676	-0.0016915944	0.1833285159	-0.0648991649	0.1315669609	0.0146945477	0.0684855244	0.0319759865	-0.1397392279	-0.1081657557	-0.095213494	0.1365305718	0.0236341057	-0.0327733872	-0.0549867843	-0.0128048908	0.0654628338	0.0882950021	0.0481504901	-0.0832888512	0.2024104355	0.0768549161	-0.0899936155	-0.0180634961	-0.1098185471	0.0524223074	-0.1826541111021242	0.0021235617967506	0.0333625243025071	4.509514704618662e-06	-0.0120496774702729	0.0158465654285464	0.0001451947271376	0.0002511136358812	-0.1103551081789504	-0.0069431411737497	0.0121782499011878	4.820720935861849e-05	-0.0014099972320298	0.0002295552069905	1.9880921943316976e-06	5.269559305645132e-08	0.0007389593294935	8.083849554000005e-05	5.460608906454832e-07	6.534862361170609e-09	-0.0013659800368836	-2.1309144999969238e-08	4.540796606297139e-16	1.8659014611645212e-06	0.0
531.9139142648996	0.738283918088996	282932.412188607	0.5450631437088393	515.0002071025759	1.1108698379160842	1.2340317967917072	265225.2133156961	517.5327992947713	0.4336620627631191	267840.198345882	0.1880627846799634	525.6918115683618	452.14507672827	1.142113	21.105762	0.1379229483261488	0.0709359470948883	-0.0562987929	-0.1073040219	-0.1328609201	0.1220310226	0.0171133789	0.0681318019	-0.0309328797	0.0980775841	-0.0355327682	-0.0310809938	0.0659386268	0.2173976163	0.1493698096	-0.0917313614	0.072941189	-0.0549876555	-0.1302419095	-0.0125113178	-0.1139571246	-0.1264894325	0.0477495741	-0.0084448533	-0.0125325158	-0.0086730842	0.0763719097	-0.2048159013	-0.0489108777	0.0591258369	-0.1165732321	0.1017914139	0.1866981693	0.1107855695	-0.0886518246	0.0985778379	-0.0370655745	0.2142540397	0.0686794099	-0.1163721351	0.1796092688	-0.0137977711	0.1146473433	-0.0178308894	-0.0466118093	0.078472051	-0.0353619899	0.0703888231	0.083695259	-0.0597351993	-0.0423780852	-0.1555618582	-0.0343901078	0.1090935294	-0.0834802273	-0.114877647	-0.115228974	0.0229565057	0.221461674	0.0368004442	0.0198585569	0.1189860088	0.0165076164	-0.071394804	-0.0335731444	0.256543902	0.1284267549	-0.0658808027	0.1170975818	0.0107832216	0.169637902	-0.1085400677	-0.0799152307	-0.1105612946	0.1124541529	0.196619033	0.0020088991	0.0166446277	0.0188558467	0.2189179144	-0.0234149713	-0.0875155825	-0.0332867491	-0.1472010353	0.0299777126	0.0287271016	-0.2954974005	0.0090104119	-0.1973348858	0.1757426322	0.0370849366	-0.0204479845	-0.1082280018	0.0587790397	-0.1943293750865251	-0.0116752639844008	0.0377639060215193	0.0001363117891054	0.0346993894218741	0.046749066892147	0.0012040476262508	0.0021854752552864	-0.0741593388680144	0.036195769310936	0.0054996075413409	0.0013101337160104	-0.0020000019671792	-0.0005900047351494	4.00000786872067e-06	3.481055874987136e-07	0.0008401932683652	0.0001012339388716	7.059247282061969e-07	1.0248310379479082e-08	-0.0011911617481314	0.0001748182887522	3.0561434082247605e-08	1.4188663102114527e-06	0.0
533.0702200383465	1.1563057734468885	284163.8594917312	1.3370430417066068	514.3502421534339	-0.6499649491420314	0.4224544351132034	264556.17160329607	516.8765561766171	-0.6562431181541797	267161.37432499963	0.4306550301247206	525.4445782308046	455.7071518583049	1.121418	20.723314	0.1981604125000054	0.1232043586968645	-0.1108988784	-0.0527160774	-0.0798546564	-0.0365259512	0.0445803471	0.0922506249	-0.1641099894	-0.0072893194	0.0561931589	0.0011820869	0.0843136354	0.1136341843	0.2009777034	0.1581079953	0.0163166786	-0.0641935102	-0.0309514519	0.0258423875	-0.0801549487	-0.1246356234	0.0301070786	0.0519154203	-0.2092874634	-0.0474170528	0.0396885073	-0.0771584752	-0.0699067619	0.0106531488	0.0169764074	-0.0290575311	-0.0130051729	-0.007895059	-0.0381391768	0.1081775858	0.015190565	-0.1733457856	-0.0603326932	0.0713910693	-0.2697130138	-0.0718599472	0.052043893	0.0113419992	0.077455252	0.062650803	-0.1141703106	0.0184382568	0.0617493048	0.0539389078	0.0217152995	-0.0875661403	0.1274356312	0.187342315	-0.0456706691	-0.1409866252	-0.132560883	-0.0956645548	0.0764041503	0.2409034197	0.0284669317	-0.0199550261	0.061325042	-0.0391800377	0.0077907858	-0.0023005221	0.0352497899	-0.06234628	0.0240248454	0.1849289934	0.0866646266	-0.143155726	0.0366660377	-0.0920569122	-0.0997792063	0.1418718233	-0.0063744545	-0.0324586126	0.0169697554	0.0867297195	-0.027514748	0.0489645023	0.1087277085	-0.3025043598	-0.0875372742	-0.0883686253	-0.2418200872	0.1024841155	-0.13489702	0.0562973484	-0.174954847	-0.0228235037	-0.1064475877	0.0649037979	-0.1829564951506341	0.0113728799358909	0.033473079117804	0.0001293423980361	-0.0744354227128525	-0.1091348121347266	0.005540632154441	0.011910407219682	-0.1302450454790573	-0.0560857066110428	0.0169637718718417	0.0031456064860599	-0.0020886691116658	-8.866714448659994e-05	4.362538658026801e-06	7.86186251140759e-09	0.0005412914954132	-0.000298901772952	2.929964830066583e-07	8.934226987384895e-08	-0.0012349331070597	-4.3771358928300017e-05	1.9159318624300693e-09	1.5250597789121245e-06	0.0
536.3339452974509	3.263725259104376	287654.1008783291	10.651902566915927	519.4109250977982	5.060682944364316	25.610511863379887	269787.7091109505	519.4716462017136	2.5950900250965105	269850.7912075183	6.734492238355408	529.7001802473504	467.37602225097095	1.315676	24.313129	0.127238882031799	0.0606239689417318	-0.1203381886	0.0133980971	0.0788719299	0.0809694529	-0.0650866896	-0.1246845241	0.0352859531	0.0552708954	-0.0355507693	-0.0674552119	0.0459312733	0.0490985453	-0.0471949067	0.0468589769	-0.0151301884	0.0150599918	0.0042964756	0.0015534765	0.0917811148	0.0674769823	-0.0866979103	0.0025524326	-0.0111723396	0.1604975047	-0.1590518919	0.1356569834	0.0006725202	0.091256995	-0.0980256246	0.0612714922	0.1233113495	0.0204071735	0.0465579936	0.0937211253	0.0688899266	-0.090721313	0.0839878424	-0.1101416849	-0.024555717	0.0407685007	0.0727849302	0.1231618713	-0.0245389737	-0.0267810221	-0.1154803896	0.057953251	-0.0349477503	-0.0348444904	-0.1083063315	0.1945687166	-0.0618755815	0.0183172952	0.0615648914	0.0289870059	-0.0910112013	0.0263177796	0.0157009957	0.1219120087	0.1831337668	-0.0162091634	0.0530223218	-0.0485990648	0.0613235682	-0.0974823074	-0.1089053523	-0.0486687768	0.0062909866	0.0740955261	0.1532393249	0.0042755893	0.0312519802	0.0407886984	-0.0505250775	-0.1223620995	-0.1345144327	0.1376025817	-0.0689932963	-0.0351030889	0.105141483	-0.0148557401	0.2868289192	-0.0354944382	-0.0105357033	0.0586510349	0.096080265	-0.012748381	0.0714421369	0.1486423715	-0.1429806491	-0.0251890118	-0.1044804285	0.0707724105	-0.164905116718387	0.0180513784322471	0.0271936975199048	0.0003258522633041	-0.0399793216177357	0.0344561010951168	0.0015983461570143	0.0011872229026769	-0.1476091715394574	-0.0173641260604001	0.0217884675225649	0.0003015128738414	-0.0012007450166286	0.0008879240950371	1.441788594958417e-06	7.884091985476304e-07	0.0005061066927878	-3.5184802625400015e-05	2.5614398448460456e-07	1.2379703357883556e-09	-0.0010106964758416	0.000224236631218	5.028206678004217e-08	1.02150736627863e-06	0.0
533.5999649774726	-2.7339803199782864	284728.92262396	7.474648390028573	516.8877047516579	-2.523220346140306	6.366640915176405	267172.8993234371	517.5031705740893	-1.9684756276243436	267809.5315542349	3.8748962965510527	526.7843179615621	465.239317212786	1.093773	20.212461	0.0609320190569336	0.0318988796966925	-0.1111695017	0.015286891	0.0917494842	0.0969208116	-0.0179151414	-0.1172096235	0.023558584	-0.0647322286	-0.0284835846	0.1475774014	-0.0231185476	-0.0781920026	0.0019284515	0.0933074725	0.1278358492	0.036082476	0.0400759441	0.0373398953	0.0394375217	-0.0251863361	0.0380139756	0.0150515721	0.0581245856	-0.1206289444	0.0201843361	-0.3151624817	0.0502269955	0.1244612568	-0.0720418267	0.0874659695	0.2067056398	-0.1073637721	0.1618685539	0.1045677101	0.0756731945	-0.1093724648	-0.1043184685	0.2111092101	0.0269820657	0.0483250808	-0.0704971918	0.0808195088	-0.0187861746	-0.0246264869	-0.0438553221	-0.1141596714	0.0051565258	-0.0381602854	-0.0361442679	0.0101725581	-0.0174058206	-0.1751552989	0.0429201721	-0.1826418064	-0.1445551956	-0.0337406681	0.1067271625	0.0884418851	0.0532562482	0.0905168166	-0.0076703483	0.1121546068	0.0047522979	-0.0265823666	0.0463223609	-0.0402511077	-0.0130200668	-0.0093576847	0.1856010268	0.0323188031	-0.0361212004	-0.0141589703	0.0137065751	-0.0480604665	-0.1554272464	-0.0420192967	-0.0628035957	-0.0019188437	-0.0187545832	-0.0347804546	0.0427792644	-0.0426648438	-0.1334116712	-0.1653216935	-0.0775457723	-0.119784819	-0.0888558698	-0.0615512644	-0.0025157339	-0.0275434712	-0.102329975	0.0763617167	-0.1651165982669766	-0.0002114815485896	0.0272634910232581	4.4724445393856944e-08	-0.0227587081429874	0.0172206134747483	0.0005179587963376	0.0002965495284466	-0.1591673606564825	-0.011558189117025	0.0253342486983507	0.0001335917356649	-0.001390955372643	-0.0001902103560143	1.9347568486844266e-06	3.617997953512477e-08	8.822443880318609e-05	-0.0004178822539846	7.783551602137127e-09	1.7462557819526137e-07	-0.001041438564174	-3.074208833240004e-05	9.450759950370867e-10	1.0845942829488029e-06	0.0
534.1126370215251	0.512672044052465	285276.3090260874	0.2628326247529326	517.4341516716536	0.5464469199956739	0.2986042363727584	267738.1013161638	518.0699543142181	0.5667837401288125	268396.477563136	0.3212438080744053	527.1269404919619	459.4297852186563	1.049454	19.393459	0.1152864493059095	0.0606396908905807	-0.0865457932	0.0215469404	0.0281352762	-0.0060143895	0.0219995202	-0.084014268	0.0094317157	0.0368085775	-0.0449613417	0.0374690075	0.0592230988	-0.0248558092	0.0002220893	-0.1041207094	0.0115622786	0.0251712061	0.0678735687	-0.0099542558	0.0200254206	-0.0484823046	-0.1875778701	-0.0008810326	0.0038890687	0.0090126834	-0.2359986484	-0.0450765028	-0.0182457093	0.0152799638	0.0093954838	-0.1101150159	0.0503569437	0.0416260909	0.0277988292	-0.0338851043	-0.0182671244	0.0693953721	0.0357483476	-0.0174564474	0.0838424223	-0.167063813	-0.028209301	0.0718315188	-0.0309597588	0.0008394293	-0.0939740486	-0.0590383818	0.0252941112	0.0280623035	-0.0646329446	0.0482725242	-0.0493311633	0.0242534906	-0.0252272761	0.0206021648	-0.0840906381	0.0658162769	0.0930430699	-0.1017433754	0.0953685564	0.0509364519	-0.0456355259	0.1223851883	-0.0725272754	0.0137660131	-0.1310780127	-0.0424455081	-0.03975507	-0.0338719261	0.063166174	-0.0677732269	-0.163142321	0.0133676542	0.0337365491	-0.0912301849	-0.1422745217	0.0575849767	0.0393620325	-0.0649512476	0.0162446552	0.0752025145	0.0300924067	0.0549127147	-0.1053844599	-0.0380331902	-0.0151740761	-0.1047985309	-0.0288834621	0.0036529405	0.0903859777	-0.0298858491	-0.1	0.0816496581	-0.1488244269202283	0.0162921713467483	0.0221487100481343	0.0002654348471918	0.0307325343118662	0.0534912424548535	0.00094448866523	0.0028613130193639	-0.1636698192175458	-0.0045024585610633	0.0267878097227041	2.02721330940924e-05	-0.0012460681912456	0.0001448871813973	1.5526859372340813e-06	2.0992295333283078e-08	-0.0002050893018175	-0.0002933137406206	4.2061621719989604e-08	8.603295043689912e-08	-0.0006596279473272	0.0003818106168468	1.4577934713693398e-07	4.351090288950953e-07	0.0
535.6987100453298	1.5860730238047154	286973.1079442303	2.515627636841033	519.0624136991279	1.6282620274743067	2.65123723011474	269425.7893151646	517.9762171104937	-0.0937372037243449	268299.3614920973	0.0087866633620593	528.0836312231073	465.1395195054202	1.123001	20.752577	0.0831722331498794	0.045221480934346	-0.1080492919	0.0224640894	0.0818057265	-0.1262037737	0.1151516237	-0.0640883828	-0.1865612436	-0.0745944851	0.1313614766	-0.0872378605	-0.0106866389	0.0034290935	0.1155575189	-0.06979505	0.0023552492	-0.0909467853	-0.08009461	-0.0304349448	-0.0112891601	-0.0479640761	-0.1300517812	0.0839020824	-0.0821864791	0.0571658408	-0.1170392569	0.0821753991	-0.0173792434	-0.2001438233	-0.1789559736	0.0832586194	-0.1001764105	-0.2171223235	-0.0667747556	0.0227787102	0.0250954819	0.0380913369	-0.013747108	0.1148463593	-0.1368128115	-0.0381357523	0.088528011	0.0124012611	0.0004969765	0.0253193922	-0.1973708275	0.0677644509	-0.029734052	0.0083563717	0.0505870137	0.0679710069	0.1279000534	0.1304088183	0.0051941362	-0.0574056552	-0.0636908362	-0.105698109	-0.0093889454	-0.0450626053	0.134171198	-0.2124840678	-0.0068033752	0.121852717	-0.0498681387	0.0025688216	-0.0830603294	-0.0636249265	-0.0511251	0.1046344466	0.0021094663	-0.0952734891	0.0401458291	0.0375963685	-0.1009369359	-0.0095964796	-0.1483917398	0.0714992801	0.0661646387	-0.1958130423	0.0764210191	-0.0379086208	0.0722544017	-0.0968484073	-0.0356704768	-0.0436509564	0.0191412742	0.1773304004	0.0611044384	0.0623509968	0.0353997975	-0.032215118	-0.097494591	0.0866153656	-0.1407727494407993	0.008051677479429	0.019816966985122	6.48295102327442e-05	-0.0022654722414756	-0.0329980065533418	5.13236447689648e-06	0.0010888684364943	-0.1684130906841545	-0.0047432714666086	0.0283629691137892	2.249862420594415e-05	-0.0012829236179105	-3.685542666489994e-05	1.6458930093925665e-06	1.3583224746518174e-09	0.0003228058698723	0.0005278951716898	1.0420362962401228e-07	2.786733122934034e-07	-0.0004767929926719	0.0001828349546552	3.3428620643805595e-08	2.273315578610265e-07	0.0
537.1475834436806	1.44887339835077	288527.52639938577	2.099234124448509	523.090127368306	4.02771366917807	16.222477400883868	273623.2813501906	518.8428225118763	0.8666054013825715	269197.8744720904	0.7510049217054479	529.3997512933566	474.0560994858749	1.067308	19.723387	0.1064417848808385	0.0497459406362319	-0.1335481458	0.0693546584	0.2074123635	0.0193817497	0.0055748144	-0.2317839047	-0.0437277656	0.0549798131	0.0330231823	-0.0251106762	-0.0100281721	0.0507329495	-0.0354065444	-0.0701098777	-0.0260857084	-0.0279461334	0.0094251465	0.0332260452	0.0143725489	0.0679774008	-0.1181625887	-0.0576251079	0.0190081997	0.0867116354	-0.0687815063	0.1083412049	-0.0441691666	0.0050103414	-0.2157515891	0.076558135	0.0791147147	-0.0601891232	0.0322389351	0.0437069055	-0.147953263	-0.0233825917	0.0769204714	-0.0318493725	-0.062955976	-0.0929769745	0.0660354251	0.1038832358	0.0850075357	-0.0691477344	-0.1595992924	-0.0168777597	-0.0263699879	-0.0703626643	-0.0798292006	0.1467042683	-0.0351897557	0.0466116076	0.1103290513	0.0013960885	-0.0355330389	-0.0136720605	0.0126412117	0.0217623957	0.0914292182	-0.069158043	0.0151859876	0.0012203812	0.081750319	-0.0908675757	-0.213962941	-0.0505719315	-0.0889869952	-0.0261594234	0.1068051491	0.0406280987	-0.0390706238	0.0540004962	0.0245119843	-0.0852425191	-0.173856954	0.1608804058	0.0375566618	-0.1916881781	0.0473890831	-0.0074269866	0.1675183035	-0.0018680134	-0.0581989259	-0.0174599362	0.1344348917	0.0353445215	0.0174504596	-0.0343955271	-0.0666620228	-0.0345302564	-0.0948181434	0.0912392418	-0.1268024307356796	0.0139703187051196	0.0160788564404768	0.0001951698047226	-0.0124884806160139	-0.0102230083745382	0.0001559621480965	0.0001045099002258	-0.2019262277937201	-0.0335131371095656	0.0407742014710013	0.0011231303589245	-0.0009090525581229	0.0003738710597875	8.263765534297885e-07	1.397795693467031e-07	-0.0001827397919216	-0.0005055456617939	3.3393831551549676e-08	2.555764161586323e-07	-0.0005720826849227	-9.528969225079997e-05	9.080125449252165e-09	3.272785983883652e-07	0.0
535.9990704887487	-1.1485129549319026	287295.0035648026	1.3190820076464107	523.1574707208678	0.0673433525618065	0.0045351271342637	273693.7391710556	518.7804906004101	-0.0623319114662308	269133.1974276022	0.003885267187034	529.8489889580586	475.16946118145313	0.987167	18.242416	0.0907806874233529	0.0521986131809091	-0.1207710346	0.0598592229	0.2286344001	0.0222251451	-0.014001037	-0.2338744814	-0.0078448283	0.0168895727	0.001263355	-0.1103554389	-0.0208952003	0.0096718457	0.250569402	-0.0629714916	0.1163816543	-0.1027047334	-0.0020011134	0.082379382	-0.0286772261	0.0797982297	-0.0969904111	0.1133729135	0.0309889804	0.0235279993	-0.088402245	0.1436084305	-0.0006095735	-0.054248838	-0.0620492319	-0.0960994868	0.086595126	-0.0303916618	-0.0211868859	-0.0785660103	0.0392851008	0.0289893694	0.0331719486	0.0523199639	0.132551754	-0.0574946714	-0.0675349951	-0.0434079427	0.1713793764	-0.026526396	-0.1614467685	-0.0026934126	-0.0745187762	-0.1231311826	-0.1296554799	0.051182862	0.120098311	-0.0154366766	-0.0715356698	-0.0282773739	0.0728937324	0.1427827068	0.0581375133	-0.0835482647	0.0802866479	-0.0943077946	-0.0517783538	-0.0335241441	-0.0310698718	-0.0534831183	-0.103113135	-0.0510394229	-0.0852748842	-0.0395047691	0.0800785606	-0.0349950289	-0.1410109054	0.056767604	0.137134226	-0.008899204	-0.0969926991	-0.0089111494	0.1719583166	-0.1847830323	-0.0525179781	-0.0745554901	-0.0526123791	0.0307435726	-0.168077737	-0.0831521346	-0.015671201	-0.0110965237	0.0261479306	0.0399303634	0.1079051917	-0.0368302486	-0.0919753525	0.0955030384	-0.1309301457234823	-0.0041277149878027	0.0171427030591723	1.7038031020531086e-05	0.0219418051477759	0.0344302857637898	0.0004814428131429	0.0011854445777762	-0.1782850669724496	0.0236411608212704	0.0317855651053708	0.0005589044849771	-0.0014180347874157	-0.0005089822292928	2.0108226583210896e-06	2.590629097358684e-07	-0.0001200943849539	6.264540696770001e-05	1.4422661297455522e-08	3.9244470141487584e-09	-0.000572085565672	-2.8807493000207116e-09	8.29871652956982e-18	3.272818944502522e-07	0.0
534.8266909621002	-1.1723795266484558	286039.5893654698	1.3744737545044572	522.3621450379837	-0.7953256828840267	0.6325429418549434	272862.2105686836	519.6745043707856	0.8940137703755227	270061.59049302165	0.7992606216210577	530.1575274549765	465.71373707761046	1.118825	20.675407	0.0595690510346936	0.0365344856947128	-0.0855849999	0.0704456792	0.1102776815	-0.1563387913	-0.0041981308	-0.1530593629	-0.1280364653	-0.0211234395	0.1497927911	-0.0729306025	-0.1069644214	-0.0887096535	-0.0864215838	0.0569256367	0.0689420693	0.0510506656	-0.1331100291	-0.0396352929	-0.0253975769	0.1033022467	-0.0485525612	0.1878177891	0.1223661254	0.0433053078	-0.0689724349	-0.0720736743	-0.0307330344	-0.1295631609	0.0629040985	0.0706425115	-0.1418073875	-0.0009078785	0.127136345	0.1028926165	-0.0578546072	0.0352113956	0.0840789381	-0.0232021164	0.1214799431	-0.0508856226	-0.0089354966	-0.033023394	0.0399466457	-0.0500633527	-0.0865757087	0.0996826699	0.0490583496	-0.1055571959	0.0452820476	0.0743178704	0.1240378416	-0.1571845213	-0.0354310001	0.0685940798	0.14482297	-0.1639318679	0.0300788932	-0.1120999141	0.0437235151	0.0732618516	0.0313319615	0.0292056229	-0.1184622761	-0.0110222603	0.0848559967	-0.0202119268	-0.081022929	0.0618957683	-0.0408036694	-0.1184452855	0.0704115665	0.0148729662	0.0690484628	0.0045034717	-0.1230224138	0.1291470655	-0.0073527857	-0.2233387956	0.0938635736	0.0070572594	-0.0110178568	0.0903474818	-0.0411749505	0.0062489823	-0.0157298332	0.0258440857	-0.0233094631	-0.085213411	0.1239936564	-0.0391140859	-0.0889712056	0.0993899282	-0.1456345632853981	-0.0147044175619157	0.0212094260233286	0.0002162198958351	0.0195765375247987	-0.0023652676229772	0.0003832408214598	5.594490928304223e-06	-0.1914743157158653	-0.0131892487434156	0.0366624135788588	0.0001739562824156	-0.0008320350701021	0.0005859997173136	6.922823578798064e-07	3.433956686916192e-07	-0.0001202620605438	-1.6767558990000934e-07	1.4462963206240618e-08	2.8115103448316108e-14	-0.0005720506164478	3.494922419999477e-08	1.2214482721815002e-15	3.27241907778308e-07	0.0
534.1173180703252	-0.7093728917750468	285281.3094626369	0.5032098995852923	520.2862341947334	-2.0759108432503126	4.309405829124224	270697.765492537	519.6214623574908	-0.053042013294771	270006.46414253727	0.0028134551743626	528.5361072559647	459.4231444035074	1.095767	20.249302	0.0653300541258197	0.0326626657907646	-0.074035985	0.023959112	0.0359799062	0.0578651545	0.0254464672	-0.1355675136	0.0305948657	-0.0622702544	0.0332327076	0.0075339851	-0.0441014842	-0.0035527651	0.0964618544	-0.0415020994	0.0792164518	-0.051456133	-0.0492775351	0.1149250006	0.0373823761	0.1866706526	-0.0292297363	0.0168688627	0.037373843	0.042231608	0.0518261098	0.0565741187	-0.0283454645	-0.0622369064	-0.033303923	-0.0884692169	-0.0052391258	0.0546915261	0.0068093401	0.007410772	0.0155433793	0.0725221094	-0.0688086479	-0.0200889	0.0295107853	-0.0577772562	0.0827056831	-0.0598666904	-0.0619731328	-0.0252743688	-0.0806688306	-0.0515675533	-0.1131756558	-0.048341282	-0.0036416241	-0.0318470976	0.0388829295	-0.0651142068	0.0188236312	0.0098252453	0.1148092353	0.0262885262	0.0057797288	-0.042718898	0.1702062481	-0.0876438833	-0.0974851227	-0.1342955572	-0.0362481997	0.0278191562	0.0299351081	-0.0393714118	-0.0564309465	-0.0479117154	0.1157234307	0.0371066581	0.0254193687	-0.0211577636	0.0505503398	-0.0752918676	-0.0553432337	0.0465858864	0.1306034563	-0.1720840081	0.0025560328	-0.0036982749	-0.1032871178	0.0380905734	-0.088607981	0.0476952918	-0.0720225757	0.0452910072	0.0261994953	-0.0059061187	0.0737860543	-0.0413807664	-0.085810973	0.1028845713	-0.1376971297300002	0.0079374335553978	0.0189604995358805	6.300285144635636e-05	-0.0023194744907328	-0.0218960120155315	5.379961913160182e-06	0.0004794353421842	-0.1739060424508949	0.0175682732649704	0.0302433116009324	0.0003086442255126	-0.0009189570442586	-8.692197415650004e-05	8.444820491925026e-07	7.555429591263262e-09	0.0001512626310045	0.0002715246915483	2.2880383538403523e-08	7.372565812039947e-08	-0.0005719305763542	1.2004009359992737e-07	1.4409624071479324e-14	3.2710458416884746e-07	0.0
534.0104168158637	-0.1069012544614906	285167.12526785245	0.0114278782054403	520.5229545415834	0.2367203468500065	0.0560365226127874	270944.1462046993	519.3245822785567	-0.296880078934123	269698.0217587974	0.0881377812679311	528.9391245653181	459.5267622020388	1.010523	18.674028	0.1621159569530282	0.1112989882759036	-0.0469083882	0.0212800805	0.0474693382	-0.0019193791	-0.0136472808	-0.1140058052	-0.0576982366	0.1089643216	0.0414861099	0.0248482407	-0.0142144433	0.0173582255	-0.0555820791	-0.0153621755	0.0283140727	-0.0024584651	-0.0945215494	0.0815815438	-0.1277234693	0.0040554295	-0.0251660825	0.1759063241	0.1182988946	-0.0604352817	-0.031923105	-0.1954134071	-0.1585170064	0.1209708211	-0.0393108724	-0.0562697915	-0.0332634007	-0.0377970027	-0.0774251863	-0.0570749737	-0.1014368617	0.0023748856	0.0188816568	-0.1411702657	0.0800697277	0.1242094258	-0.0182852815	-0.0007411757	0.0797465517	-0.0099178896	-0.0590841182	-0.0104648433	0.0615847354	-0.1487866542	-0.061301715	-0.0475509561	0.0235756958	-0.0477057667	-0.0477310467	0.0226655374	0.1413717403	-0.0900127083	0.1787736227	-0.0579825869	-0.0546945507	0.1601162453	-0.0760381106	0.0860304252	-0.0563964197	0.0875895545	0.1812714193	-0.0487364358	-0.027105043	-0.1015214868	0.0219871868	-0.0916708001	-0.0456949054	-0.0598099538	0.2256653858	0.0428247676	-0.067524903	0.0283853841	-0.0324763277	-0.1162108315	-0.0465887761	0.03050898	-0.0964729002	0.0577927079	-0.03453961	0.0590811748	-0.08893241	0.0019791311	-0.0835312807	-0.1633028309	0.135395308	-0.043629296	-0.0825001988	0.105973176	-0.1581768004231492	-0.0204796706931489	0.0250199001921047	0.0004194169116998	0.1012038270962278	0.1035233015869606	0.0102422146189231	0.0107170739714648	-0.1574259104477562	0.0164801320031386	0.0247829172803049	0.0002715947508408	-0.0013109457183907	-0.0003919886741321	1.7185786765669084e-06	1.5365512064784168e-07	0.0001918751619101	4.061253090560001e-05	3.681607775802709e-08	1.649377666558316e-09	-0.0005718747279963	5.5848357900095686e-08	3.11903908013718e-15	3.2704070452084205e-07	0.0
532.9330894537119	-1.0773273621517774	284017.6778346781	1.1606342452409069	520.407700543071	-0.1152539985124576	0.0132834841731095	270824.17478452664	520.1690003232928	0.8444180447361305	270575.78889733384	0.7130418342759897	529.1930671653166	454.0382141239266	1.234217	22.8078	0.1157719405503388	0.091956756515647	-0.0238569057	0.0435769844	-0.0365009244	-0.1972088098	0.0472965024	-0.080609286	-0.0591174208	-0.1560874444	0.077468948	-0.1004664476	-0.038173766	-0.0832538848	-0.0577919905	0.0022890573	0.1530389439	0.0097710154	-0.0486909161	-0.0735530045	0.222838205	0.0861695629	-0.0339888016	0.1874252107	0.0267812723	0.017088266	-0.0803109125	0.0098365694	-0.1259524031	0.0369883969	0.1226329278	0.0024039505	0.0683038102	0.096681024	0.0222647168	-0.0715791423	-0.1142834672	0.0101113532	-0.1726283068	0.0380640504	-0.1617801909	-0.0864205546	-0.0281133846	-0.0196512877	-0.1508151181	-0.002896131	-0.0812881393	0.0863815103	-0.0606904771	0.0538608648	0.1195309194	0.0953463132	0.0069131892	-0.1816080209	-0.0371186658	0.0705146219	0.1372941783	-0.0417887652	0.1468804026	-0.084058576	0.0782802495	0.0492001804	-0.0225589569	-0.0357721057	-0.1118035161	-0.0701790502	0.0501104803	-0.0089359988	-0.049736725	0.1139194388	-0.1043529318	-0.141307472	0.0748008707	-0.0631854342	0.0519055908	-0.1215603602	-0.0283998044	0.121703235	0.0023439889	-0.0720098571	-0.0210799845	0.0226752966	-0.1230939069	0.1242682134	-3.3005e-06	0.0219160576	-0.1109577947	0.0129857723	-0.0915091898	-0.1045088059	0.0534237453	-0.0458586883	-0.0790446912	0.108643553	-0.1581745121889497	2.28823419948232e-06	0.0250191763062122	5.236015751680493e-12	0.0205847654201107	-0.0806190616761171	0.0004237325674009	0.0064994331055375	-0.1581632933847885	-0.0007373829370322	0.0250156273743226	5.437335958263717e-07	-0.0006229448395965	0.0006880008787942	3.8806027317990914e-07	4.7334520922159147e-07	0.0001916777663377	-1.97395572400016e-07	3.674036610820992e-08	3.8965012003129965e-14	-0.0005719406076895	-6.587969320005944e-08	4.340133976133958e-15	3.271160587242346e-07	0.0
532.1782834544098	-0.754805999302107	283213.7253804821	0.5697320965824524	518.075456397478	-2.3322441455929948	5.439362754652798	268402.1785214551	518.5834362238903	-1.585564099402518	268928.7803257777	2.5140135133141177	526.8519511924783	447.3257545553228	1.285674	23.758699	0.0929579320491724	0.0479784947235735	-0.0211859211	0.0595317768	-0.0832987657	0.0928932516	-0.0091896096	-0.0744316498	0.0141067277	0.0246822873	0.0054349082	0.1655831302	0.0476511901	-0.10759397	-0.1305410803	0.1001077876	-0.0530701281	0.1770813562	0.0310328067	0.1057176547	-0.0026033487	0.0625216631	-0.0867295274	-0.0153450169	-0.0059063967	0.0454702567	0.1955474406	-0.1560271819	-0.0434392803	0.0218255736	0.0332637785	-0.0828763155	-0.0801355128	0.1001248055	-0.0258750031	-0.0027897861	-0.0412764426	0.0170258376	0.0882994511	-0.0497970408	-0.2024453674	0.1141798756	0.016255535	0.0451482962	0.0745272746	-0.0830924641	0.0244589242	-0.1816008083	0.0793567324	0.031932823	-0.020969402	-0.009486659	0.0188961041	-0.1254139261	0.1293501938	0.0974204431	0.0678816297	-0.0360024934	0.0149719784	0.0791022201	0.0123059317	0.1233488628	-0.0774845738	-0.1350126446	0.0387329171	0.1061872587	0.0049862628	-0.0194329408	-0.0684107794	-0.1425316741	0.0420626408	0.0411072757	0.0801134766	-0.1302297606	-0.0857433742	-0.0558659654	-0.0021841609	-0.0896412367	-0.047512471	-0.1640661067	-0.0338805867	0.0385223265	-0.1023231594	0.080160047	0.0354530847	0.1316792427	0.0290378581	-0.071244045	-0.1037518126	-0.126212551	-0.0914793633	-0.0480679655	-0.0754505123	0.1108851636	-0.1297138106715607	0.0284607015173889	0.0168256726789374	0.0008100115308619	0.0114573141482452	-0.0091274512718655	0.0001312700474915	8.331036672027914e-05	-0.1846788338926615	-0.0265155405078729	0.0341062716879532	0.0007030738884246	-0.0001654567414212	0.0004574880981753	2.7375933281721843e-08	2.0929535997205295e-07	0.0001910375312059	-6.402351317999835e-07	3.6495338329245226e-08	4.0990102399094233e-13	-0.0004529841659557	0.0001189564417338	1.415063502996696e-08	2.0519465460658117e-07	0.0
531.4567176244	-0.7215658300098085	282446.2427081012	0.5206572470377437	516.1553565801576	-1.92009981732042	3.686783308473909	266416.3521263896	517.822302122968	-0.761134100922277	268139.9365759304	0.5793251195867629	526.8511189223547	445.5829488722044	1.073994	19.846952	0.2083300546353763	0.1125672357156269	-0.0306125277	0.0349842485	-0.1455501046	-0.0166257514	-0.0714826905	0.0228684592	-0.0189644591	-0.0189118315	-0.1222322643	-0.0480653549	0.1484703858	0.0428138215	0.0659703227	0.0247964449	0.0034691717	0.0617165228	0.0919066202	-0.0482117973	-0.0157335861	0.0636863639	-0.0870934171	-0.0506464446	-0.0244988768	-0.0717769827	0.0752644183	0.1092969494	-0.0552594032	-0.0718557641	0.1114908463	-0.0558661556	0.0367896466	0.0806459469	-0.2614178169	-0.1549001412	0.0368642346	-0.0555574957	0.1742108495	0.1458117905	0.0005591951	-0.0061109642	-0.0786048694	0.0556414058	0.0467428307	-0.0395999605	-0.0073071442	0.0303882362	0.0455545295	0.1493817179	-0.0564801221	-0.0197722104	-0.0790634086	-0.0137727502	0.0166565182	0.0829227653	0.1008226645	0.187960287	0.0468092697	-0.0232355159	-0.0008606124	-0.1416602764	-0.0764964001	-0.0990756652	-0.071586589	0.0759340884	-0.0919654209	-0.0450098219	-0.0437942833	-0.0739376051	-0.0500707911	-0.1056240076	-0.0897336339	-0.1781585581	-0.0614835721	-0.1127219703	0.0710104893	0.0579781078	-0.0265960629	-0.0491946379	-0.0404081834	0.1096850805	-0.1735083071	0.0507713086	-0.0118334067	0.1433163091	0.0174304221	0.1038453455	0.0448372807	0.022607655	-0.008756734	-0.0502561585	-0.0717239676	0.112689161	-0.1516517527813619	-0.0219379421098011	0.0229982541216593	0.0004812733040129	0.0913233498950916	0.0798660357468463	0.0083399542360613	0.0063785836659165	-0.1307658513778591	0.0539129825148023	0.0170997078865763	0.0029066096836413	-0.0009794800394752	-0.000814023298054	9.593811477303395e-07	6.626339297747113e-07	7.178020042797328e-05	-0.0001192573307779	5.152397173480016e-09	1.4222310944275828e-08	-0.0005719654224023	-0.0001189812564466	1.4156539385611596e-08	3.2714444442384145e-07	0.0
531.8094458431405	0.3527282187404807	282821.28668798815	0.1244171962958324	515.1074046467626	-1.0479519333949838	1.0982032547062843	265335.6383219236	517.9992633126998	0.1769611897317418	268323.23679249967	0.0313152626712735	526.2810221909266	443.7235785043368	1.052038	19.441204	0.1705701667858588	0.0956046080677631	-0.0368639278	0.0456740993	-0.1718706385	-0.018455116	0.060195489	0.0567169121	-0.0165048043	-0.1674146992	-0.0209987316	0.0865293554	0.1416912163	-0.1058240775	-0.0807556007	0.0161289926	0.1015603739	-0.0478961612	0.07745998	0.0366287454	0.1704469477	-0.0689454197	-0.0233416659	-0.0247853117	0.0804023137	-0.1436824198	0.0797283197	-0.0604249906	-0.1587436996	-0.1132968356	0.0155418482	0.1375891959	-0.0277557751	-0.0685104633	-0.0859418368	0.1644917391	-0.076927649	0.0611055882	0.038970913	0.0271741285	0.0707984973	0.0056831525	0.0261224535	0.1341718464	-0.0656221906	0.0033933729	-0.0329341526	-0.1078933838	-0.0731957509	0.159045587	0.0749188959	-0.1040638938	-0.0475003429	-0.1490483442	-0.0272046757	-0.0502384401	0.0646285999	-0.1285448102	-0.0170881214	-0.0502494102	0.0110324173	-0.0158793164	-0.0251654221	0.0446084905	-0.0384620309	0.0268166711	-0.0670133791	-0.0140647742	-0.0958987139	-0.0161029358	-0.0256802261	0.0019758937	0.1659235263	-0.0764044871	-0.0624990274	-0.1620692404	0.023007851	0.0343573826	0.0433108042	0.0193853351	0.0436622387	-0.017248172	-0.1555127914	-0.1218243012	0.0159163627	0.0533076402	-0.0352303528	-0.1302074838	-0.0530213817	-0.0653057088	0.0796270508	-0.0524223074	-0.0678715947	0.1140484259	-0.1299721924146126	0.0216795603667492	0.016892770801061	0.0004700033376955	0.0182110650163309	-0.0731122848787607	0.000331642889029	0.005345406200193	-0.1662519429358866	-0.0354860915580275	0.0276397085299572	0.0012592626940647	-0.00029294536101	0.0006865346784652	8.581698453727923e-08	4.713298647353155e-07	0.0001910841244872	0.0001193039240592	3.6513142631039754e-08	1.4233426295929738e-08	-0.0005719714195243	-5.997121999955918e-09	3.5965472282355264e-17	3.271513047526428e-07	0.0
532.2370106974791	0.4275648543386978	283276.23555618856	0.1828117046656719	516.808023639058	1.7006189922954036	2.892104956955834	267090.53329770913	518.2950630957524	0.2957997830526437	268629.77242943	0.0874975116539911	526.2809726618268	446.5091397480298	1.042032	19.256304	0.1053911979606219	0.0603098035300203	-0.0061380074	0.0298920709	-0.1088918957	0.1243413011	-0.0136096038	0.0338533025	0.0639900093	0.1052000385	-0.0285969442	0.1236799143	0.1622353701	-0.0340043665	-0.1224441079	0.0234616391	0.06540277	0.1776550686	0.1061689202	0.113459229	-0.0225286596	0.0311991418	-0.0648260863	-0.0671684983	0.1208767943	-0.0930148736	0.0767555399	-0.0359082985	-0.0859574308	0.0552426514	0.0851874619	0.0004843091	0.0933429435	0.0207094264	-0.0071340986	-0.0171863147	0.0673880924	-0.1021870346	0.0397333894	-0.1272337558	0.0161626374	-0.0193468341	-0.0869432591	0.0509131077	0.0208375491	-0.0685250226	0.0435988731	-0.2040342715	0.0963865776	0.073766711	-0.0821466192	0.0237277214	-0.0817767396	-0.0066624999	0.0003883765	0.0146005262	0.0318314717	-0.0297398406	0.033172827	-0.0134560321	-0.0216337651	0.1040726266	-0.0411520995	-0.0797040175	0.0386174774	0.1026482299	-0.1269617984	-0.0070983667	-0.0474945795	-0.2158161848	0.025646111	0.0160972763	0.0164336138	-0.1545320296	-0.1204623344	-0.0293134225	0.1031895401	-0.0550496746	-0.0693320903	-0.0216371764	-0.0732169631	0.0065141409	-0.1025691977	0.0156002504	0.0241668796	0.1003568378	0.0231979885	0.0135180647	-0.0788003507	0.0142417662	-0.1131544711	-0.0545654623	-0.063900152	0.1149575937	-0.1475483035257951	-0.0175761111111824	0.0217705018733401	0.0003089196817926	0.0714493898943828	0.0532383248780519	0.0051050153162795	0.002834319235821	-0.1765788904057927	-0.010326947469906	0.0311801045369409	0.0001066458440461	-0.000506990235513	-0.0002140448745029	2.570390989055272e-07	4.5815208301005e-08	4.111446906707173e-05	-0.0001499696554201	1.690399566667198e-09	2.2490897546832013e-08	-0.0004509896594178	0.0001209817601064	1.4636586278466708e-08	2.0339167290178325e-07	0.0
532.3220934184018	0.0850827209226281	283366.81114134967	0.0072390693995978	515.4449882684752	-1.363035370582793	1.857865421459772	265683.5359310885	517.6178210695471	-0.6772420262053629	267928.2086887856	0.4586567620587454	526.0004868754276	448.9867477182602	0.970021	17.925573	0.0341630436733955	0.0200040068181209	-0.0053312142	0.0306105829	-0.08051175	-0.0171007985	0.0195697502	0.0668492144	-0.0244333324	-0.0269846304	-0.0582626923	0.0627844252	0.0998509677	0.0198765543	-0.0376310839	0.0670999148	-0.1253427498	0.0314265563	0.0423457844	-0.0087857125	-0.0420430894	-0.0066477606	-0.0438034895	0.0438876221	0.0241634974	0.0403750647	0.0948116908	-0.0337824869	-0.0612821681	0.0708147345	0.1498013907	-0.0481290584	0.0980946441	0.0480258931	-0.0977411544	0.0199833992	-0.1484867197	-0.080006021	-0.1081798303	-0.1078482998	-0.0360741185	0.0421774411	-0.0718744094	-0.0834056831	0.195526473	-0.0110035679	-0.0249617573	-0.0336634023	0.0596980818	0.1315430707	-0.0102762366	-0.0449708183	0.029589686	0.0573637212	0.0534559448	0.0510484011	0.0020642244	-0.0360802114	0.0549509088	0.0062159763	-0.1375322971	0.246575326	-0.0809738726	-0.0959707937	-0.0823853024	-0.0090870268	-0.0609353888	0.0068206611	-0.0765378274	-0.0441910246	-0.0747876485	-0.0541481093	-0.0616011687	-0.1206632036	0.0041337972	-0.0621911756	0.1533388348	0.0055609247	0.0283289487	0.0264351274	-0.0099649049	0.047240773	-0.067667009	-0.0667268774	0.0752883145	-0.0083408614	0.0243724031	0.0413803487	-0.0305145783	0.0198852268	-0.0556545302	-0.0566846829	-0.0598166067	0.1154130763	-0.1474638522913522	8.445123444289493e-05	0.0217455877326057	7.132010998928803e-09	0.0554861000902775	-0.0159632898041053	0.0030787073032282	0.0002548266213698	-0.1672878710758567	0.009291019329936	0.0279852318090924	8.632304018924452e-05	-0.0003979815803037	0.0001090086552092	1.5838933826103045e-07	1.188288691054004e-08	8.558489851839823e-05	4.44704294513265e-05	7.324774854404524e-09	1.977619095585408e-09	-0.0004279830779802	2.30065814376e-05	5.293027894449208e-10	1.8316951503740599e-07	0.0
533.3823657437016	1.0602723252998203	284496.7480863479	1.1241774037966878	517.7463287530943	2.301340484619118	5.296168026146956	268061.2609373072	519.0341800392877	1.4163589697405996	269396.48004905565	2.006072731164653	526.9818827517747	454.4910765910112	1.053124	19.461281	0.1213008628302056	0.0673736790581689	-0.0144835067	0.0383484031	0.0009960806	-0.1058876015	0.0626900081	0.014952217	-0.0499466084	-0.0351714877	0.071833896	0.0854874962	0.0018478429	0.095244721	-0.0051121935	-0.0731109604	-0.1189939751	-0.0237321582	-0.1484222882	0.0413043709	0.0006588527	0.0681782454	-0.0684682045	0.0512642004	0.0436847012	-0.0602031066	0.1054575793	0.1139442898	0.0181704628	0.065204491	0.1680011925	0.0866445764	0.0135122122	-0.0659428358	-0.0293455901	0.1337523429	-0.039272441	0.0204130432	-0.0529766006	-0.1946049028	-0.0366426566	-0.045838639	0.0148124022	0.019794764	-0.0574012394	0.001642434	-0.0570250956	-0.0289355984	0.0365700023	-0.0579379834	0.1796309232	-0.0625502252	0.0051409209	0.041833671	-0.012646092	0.0359905786	0.0412305423	0.0257119812	-0.0268604684	-0.061715395	-0.0912205002	0.1188921321	0.0448265424	-0.086545771	-0.1666204004	-0.0447899282	-0.1387044856	0.0301011341	-0.0925192778	0.0412425625	-0.0684075247	-0.0061808276	0.1617789436	0.007722133	0.1144570778	0.0125336718	0.026664615	-0.0694219413	0.0554807247	-0.0027022086	-0.0284238516	0.0680649206	-0.0724275717	0.0202757071	0.0678172648	0.0256255109	0.1146737574	0.061271285	0.0824200852	0.1932649841	0.0014133829	-0.0587790397	-0.0556281227	0.1154130763	-0.1473469318000155	0.0001169204913366	0.0217111183108784	1.36704012944121e-08	0.020912826972804	-0.0345732731174735	0.0004373463319944	0.0011953112140554	-0.209927364076492	-0.0426394930006353	0.044069498188104	0.0018181263633512	0.0002320546245201	0.0006300362048238	5.38493487611646e-08	3.969456193887773e-07	0.0001909333610792	0.0001053484625608	3.6455548373000164e-08	1.109829856392465e-08	-0.0005720219350108	-0.0001440388570306	2.074719233468164e-08	3.272090941335e-07	0.0
533.6092146104377	0.226848866736077	284738.7939171681	0.0514604083394424	519.015555874137	1.269227121042718	1.610937484790386	269377.1472393394	519.8307150585164	0.7965350192287133	270223.9723182484	0.6344680368576866	528.1071469689384	459.64373957579767	1.041878	19.253464	0.0845801581753157	0.0656036852671011	-0.0051753757	0.0325065376	0.050954148	-0.0229926899	-0.0755532251	-0.0479501125	-0.0297169292	0.0940927302	0.0808899514	0.0463265146	-0.0141800716	0.0532891414	-0.1117889637	0.0165006527	-0.0360293835	0.1767631569	-0.1879180209	0.0099495598	-0.0046589338	0.1224224448	-0.0078827031	-0.0193877989	0.0739629096	0.0519197298	0.0007693955	0.1033602581	0.0439606722	-0.0512350846	-0.0203655945	-0.1031641821	-0.0631478802	0.0024064838	0.0884502811	-0.0886948523	-0.0459311595	-0.0412944503	0.0926435888	0.04834776	0.0182968977	0.1980378615	0.0934484611	-0.0444621091	0.0151456103	-0.0504460617	0.0278769339	-0.0076916563	0.131483529	-0.1369284232	0.0939409414	0.1087614247	-0.1129660195	-0.039540394	0.0238497564	0.0577110395	0.1221714685	0.0475798927	0.0443540991	0.0039010118	-0.0469164745	-0.1493629939	0.0107903606	-0.0509268265	-0.0263870554	-0.0624037207	0.1840068186	0.0180472828	-0.0545642815	-0.1236878783	-0.0730340589	-0.0084342379	0.0966656125	-0.0283374313	0.1399658869	0.0906116024	-0.0346075003	0.0635503837	-0.1431308813	0.0236710194	0.0246117941	0.0018613424	-0.0220718174	0.0504304225	0.084715795	-0.0794020975	0.0925366983	0.0104072443	-0.0771470917	0.0413333027	0.0446784507	-0.0608476141	-0.0513420481	0.1149575937	-0.1473468295042721	1.0229574340381299e-07	0.021711088164961	1.0464419118538747e-14	0.0817192891201585	0.0608064621473544	0.006678042214304	0.0036974258388776	-0.2022599141599386	0.0076674499165534	0.0409090728759857	5.878978822285488e-05	-8.994537316928854e-05	-0.0003219999976893	8.090170154562572e-09	1.0368399851196624e-07	0.0001910254606665	9.209958730000703e-08	3.649072662284854e-08	8.482333980831614e-15	-0.0005719911559742	3.077903660002497e-08	9.473490940256766e-16	3.271738825127016e-07	0.0
533.1637571285268	-0.4454574819109211	284263.59191540664	0.1984323681904186	517.9937556776889	-1.0218001964481118	1.0440756414614	268317.5309210773	519.2069926413061	-0.6237224172102742	269575.9012076293	0.3890296537306273	528.585347705202	455.6814965747652	1.05328	19.464159	0.0945493084465313	0.0498363937674933	-0.0047327652	0.0662282515	0.0076065855	-0.0248682987	-0.0513324834	-0.0309902806	0.0140068459	-0.0793055273	-0.1099594167	-0.0762461331	0.0365980372	0.0635517219	0.0325148821	-0.007970899	-0.0209026741	-0.143929767	0.0047418227	-0.0387374359	-0.0161674117	0.122239518	0.0582941949	0.0633311066	0.01450168	-0.0618862106	0.1012831726	0.0809805482	0.0412359881	0.1317202108	0.113320521	-0.032959084	0.0177477383	0.1308420729	0.056279485	-0.0024849174	-0.0147682106	-0.0604073212	0.0626433998	0.0484446093	-0.1365963973	0.1224345933	0.04188335	0.187203276	-0.0512937781	-0.0430410954	-0.0226713015	0.1235440123	-0.0823221625	-0.0151058413	-0.016150353	-0.0886035802	-0.0246257544	-0.0628478888	-0.0429353934	0.0715535051	0.1125096668	0.115432605	-0.0043906838	0.0343047914	-0.1025202692	0.0926961791	0.0131289316	-0.148376401	0.0062083989	-0.007880772	-0.0285855162	0.0374125303	-0.076538409	0.0212625685	-0.0682314398	0.0003279276	-0.0704453466	-0.0585692725	0.1703972832	-0.0559105534	0.1260966383	-0.0043543659	0.063060591	0.0453307882	-0.0349269966	-0.0174308879	-0.021542446	0.0129652559	0.1056883604	0.0472398329	0.1416843237	-0.0282680842	0.0404169746	0.0608396984	0.0056535468	-0.0628894987	-0.0469659021	0.1140484259	-0.1583713746690165	-0.0110245451647443	0.0250814923145539	0.0001215405960894	0.0404548513362215	-0.0412644377839369	0.0016365949966357	0.0017027538256244	-0.1819980165641794	0.0202618975957591	0.0331232780332953	0.000410544494181	2.400129284687124e-05	0.0001139466660161	5.760620583212726e-10	1.2983842696198262e-08	5.994801941744399e-06	-0.0001850306587247	3.5937650320742405e-11	3.4236344668116984e-08	-0.0004309999226733	0.0001409912333009	1.9878527867708817e-08	1.8576093334439059e-07	0.0
532.6270627193035	-0.536694409223287	283691.58794099285	0.288040888891533	517.0068015697391	-0.9869541079498276	0.97407841119904	267296.0328693716	518.9513550684156	-0.255637572890464	269310.5089273448	0.0653505686733273	527.2963015406265	451.10963723553306	1.054825	19.49272	0.0802680299866767	0.0396015451846584	0.0128322093	0.0511760663	-0.0219508206	0.0092835033	0.0343112554	0.027953769	0.0540091662	-0.0185625602	0.0720039128	0.1128458939	0.1054323668	-0.0527505646	0.0128763777	0.0762049846	0.0325787249	-0.0257033369	0.0903502068	0.0985497633	-0.0039496382	0.0913700999	0.0021368677	-0.0190952025	0.0385844179	-0.0300103411	0.0511376476	0.0696469448	-0.1155578377	-0.1452252359	0.1513214626	0.0495694331	0.0728087476	-0.1014903708	0.0433767639	-0.0167960294	0.1640162327	0.0338679076	-0.0078833965	-0.0357270868	-0.0671726043	0.0499076683	0.2166714857	0.0507807441	-0.016463771	-0.0449535546	0.0266942647	-0.1304162835	-0.0914402097	0.0629638081	-0.0032691613	-0.0631549448	0.0281021073	-0.0005875468	0.0406861603	0.0699762021	0.1577604732	-0.0713567726	-0.0650550272	-0.0520266328	-0.060420628	-0.075936427	0.0835625395	-0.0732077811	-0.1172398894	-0.0044691935	0.0338959934	0.0352490998	-0.1000048486	-0.0746540697	-0.0810364259	0.0405941456	0.1628060263	0.0023311988	-0.067726084	-0.0777989628	0.0934046521	0.0066991025	0.0811582603	0.0556936497	0.0876436441	0.056027003	-0.0508750617	-0.0737792978	0.0094910513	-0.0002773074	0.0590836817	-0.0800565242	-0.1203039431	0.0497687319	0.0613006264	-0.0649037979	-0.0425073619	0.112689161	-0.1389591933544807	0.0194121813145357	0.0193096574177279	0.0003768327833884	0.0467811157825366	0.0063262644463151	0.002188472793859	4.002162184471051e-05	-0.2119764970320261	-0.0299784804678466	0.0449340352939685	0.000898709291161	0.0001890546255993	0.0001650533327524	3.57416514604915e-08	2.7242602652683974e-08	0.0001909456666495	0.0001849508647077	3.646024761222197e-08	3.420682235614651e-08	-0.0005720178003727	-0.0001410178776994	1.9886041830842948e-08	3.2720436394322213e-07	0.0
533.1123461481501	0.4852834288466283	284208.773615585	0.2355000063131405	517.8733907832656	0.8665892135264812	0.7509768650004452	268192.8488813569	518.265500796975	-0.6858542714406894	268599.1293163392	0.4703960816534389	526.6520854194757	452.4404404738349	0.993292	18.3556	0.1298942470532876	0.065642838190256	0.0085592748	0.0540049952	-0.0191535035	-0.0019976456	-0.0146985899	0.0348432742	0.0505165432	0.0917994017	0.0952388039	0.0796430249	0.1710830288	-0.0655816829	-0.1039789293	0.0074795149	-0.0520664566	0.1570069889	0.0279028441	0.0398007188	-0.0002400535	0.0115108732	-0.0282718255	-0.1256463845	-0.0225512812	0.0078535047	0.0831702979	0.0742383182	-0.1163572708	0.1196676903	0.006928185	0.0520977771	-0.0628281018	-0.0180321369	-0.0959737112	0.120401264	0.091820475	-0.0201408115	-0.0242836072	0.0706396244	0.087748753	0.0720342609	0.006773181	-0.0949625678	-0.0633124946	-0.0802490007	0.0599136112	-0.15974575	0.1002012227	0.0425909601	0.0297730569	0.0872957656	-0.080614658	0.0161760856	-0.0222259478	0.0735986377	-0.0024770418	0.0441680385	0.0137695693	0.0388349356	-0.1091885434	0.0501846511	0.0619300144	-0.0073182883	0.0309154126	0.0216425565	0.0151692513	0.0223163688	-0.0744866009	-0.191320524	-0.0805499267	-0.017910426	0.0520157194	-0.0290500219	-3.34791e-05	-0.0272164242	0.0137471499	-0.0939754673	-0.1553895615	0.0622843703	-0.0241296192	-0.0456030466	0.002252312	0.0418595769	-0.009496254	0.0452355952	0.033098547	-0.0183990433	-0.0102393933	0.1296300618	-0.0370950609	-0.0668896282	-0.0379742494	0.1108851636	-0.1427565797155381	-0.0037973863610573	0.0203794410520787	1.4420143175144704e-05	0.0916547575540676	0.044873641771531	0.0084005945822949	0.0020136437258396	-0.2254511046991894	-0.0134746076671632	0.0508282006100848	0.0001815650517839	-0.0004420069275237	-0.000631061553123	1.9537012397894137e-07	3.9823868383001297e-07	-9.996922230581796e-05	-0.0002909148889553	9.993845408430053e-09	8.463147261588499e-08	-0.0001390220173803	0.0004329957829924	1.8748534808920163e-07	1.932712131648844e-08	0.0
533.3733509956957	0.2610048475455642	284487.13155237754	0.0681235304422832	515.441773933588	-2.431616849677539	5.912760503635719	265680.22231580404	517.9265083950603	-0.3389924019146519	268247.86809829844	0.1149158485558649	527.734629049156	450.9139665583128	1.166419	21.554916	0.0711248839646132	0.0427122806326023	0.0018259034	0.1196471106	-0.0493178375	-0.1694896841	-0.066766878	0.0554899278	-0.1162986865	-0.0476936896	0.1339572442	0.0451654135	-0.0380586722	0.1248803169	-0.0601313993	-0.025648215	-0.0734853438	0.0137646625	-0.0655128794	-0.2115489436	-0.0818166348	-0.0270211391	-0.0150651753	0.0185505531	-0.10552198	-0.0145788597	0.0451992331	0.0975403055	-0.1904809319	-0.1347978661	0.031974549	0.0403677065	-0.108429116	-0.0087890486	0.0981319365	-0.0665865881	-0.0409851748	0.0674572729	0.0001907846	-0.0158354956	0.1096027301	0.0179777775	0.072186886	0.1186160715	0.0969757412	-0.0853935713	-0.010472498	0.1469695473	0.093067206	0.0049602787	0.1250449842	-0.0217780382	0.0486639337	0.0440074668	-0.0275762365	0.0165272174	0.1212885171	-0.0918698244	0.032570415	0.0490059381	-0.0801183367	-0.1613049332	0.0261722156	0.0866935251	0.0238600889	0.0210712375	0.0257638953	0.0531568511	-0.1321258458	0.030606429	-0.1655738042	-0.1024512882	0.0537002777	-0.0139404088	0.1349468617	0.1365917857	0.0591360146	-0.0055627097	-0.0509445201	0.0231771921	0.0204153814	0.017155412	8.83554e-05	-0.0233155936	0.0741767299	-0.0372490079	0.1096911144	-0.0443292683	-0.0393604072	0.0720135786	0.0006870623	-0.0688461184	-0.0333745172	0.108643553	-0.1469171927021619	-0.0041606129866237	0.0215846615114841	1.731070042446254e-05	0.0559219689960883	-0.0357327885579793	0.0031272666163994	0.0012768321781292	-0.2277349586331354	-0.002283853933946	0.0518632113836358	5.215988791600648e-06	-0.0002070291233166	0.000234977804207	4.2861057901239976e-08	5.5214568469990216e-08	-0.0001279528693711	-2.7983647065282045e-05	1.6371936780297784e-08	7.830845030742684e-10	-0.0004550131358292	-0.0003159911184488	9.985038693858673e-08	2.07036953777122e-07	0.0
533.0997399703848	-0.2736110253108563	284195.3327564919	0.074862993171658	517.4331250479055	1.9913511143174676	3.965479260493419	267737.0388968414	517.9470786938406	0.0205702987802851	268269.1763274835	0.0004231371919102	527.8116111368092	448.4535206063735	1.133621	20.948822	0.085269407696418	0.0523016636886396	0.0116079733	0.0970392895	-0.0672911693	0.088854112	-0.0767440385	-0.0281478618	0.1111124207	-0.0633305317	-0.0621717709	0.0457016156	0.1001541874	0.1379869298	-0.0678225732	-0.1276826138	-0.0247062841	-0.0527983845	-0.0016346815	-0.0100783788	-0.0449662431	0.0446595361	-0.0720013071	-0.0822716478	0.0171936546	-0.075326081	0.1201555098	0.1313885709	0.0383825619	0.1590832308	0.0488028035	0.0779453988	0.0128839053	-0.0231206129	0.0310688006	0.0117972343	-0.1138571474	0.0289852539	0.1104489749	0.1242658676	-0.0095596925	-0.0141283053	-0.0338057373	-0.0995978529	-0.066322211	-0.0861666751	-0.0161963834	0.025426382	-0.0533843629	-0.0085502205	-0.0233524557	-0.068316167	-0.1700385946	0.1038960494	0.054086323	0.0162204549	0.1116291188	0.0215549812	-0.0608866934	0.0953433913	-0.0674847614	0.0574518986	-0.071652215	0.0939070775	0.0405347729	-0.0221741627	-0.0562184865	0.0497554081	-0.0854434595	-0.024272117	0.0537196497	0.1200352734	0.037640378	-0.0856882968	0.0984375129	0.0144742558	0.1256608786	0.0562220237	0.0445899322	0.0785650261	-0.035275653	-0.0149256291	0.0807997117	-0.0027876607	-0.0016991036	0.0705896655	-0.0379788134	0.0295190054	0.0397320585	-0.0417372237	-0.0806672354	-0.0707724105	-0.0287162347	0.105973176	-0.1632357529015138	-0.0163185601993519	0.026645911025324	0.0002662954069798	0.0086383315533424	-0.0472836374427459	7.462077202547092e-05	0.002235742369817	-0.2244703534178569	0.0032646052152784	0.0503869395635375	1.0657647211623538e-05	-8.801959218696481e-05	0.0001190095311296	7.747448608759597e-09	1.4163268499695606e-08	-0.0001629893404064	-3.503647103529999e-05	2.6565525086113332e-08	1.227554302607415e-09	-0.0002410070412133	0.0002140060946158	4.579860853274953e-08	5.8084393914389294e-08	0.0
532.7803835543626	-0.319356416022174	283854.93710033374	0.1019885204545278	516.3829493056896	-1.0501757422158562	1.1028690895386244	266651.35033364245	518.335893812372	0.3888151185313973	268672.0988142706	0.1511771963985845	526.4363010638862	449.5416125430856	1.046609	19.340885	0.1962182009421254	0.0974925214203817	0.0546331851	0.0586144333	-0.0378586373	0.0350224185	0.0315197009	0.024963843	0.1622485092	-0.0572441372	0.0303531842	0.089207698	0.017929613	0.0320307065	0.0593138926	0.1433430706	-0.1016349776	0.0028854441	0.1609462954	-0.0160052279	0.1166603261	0.0026603291	0.0357119777	0.0145835097	-0.0241326993	0.0391847717	-0.0354791536	-0.108932846	0.0215568523	0.0797904386	-0.0166635262	-0.1674097587	-0.0462989148	0.0070850302	-0.0995256535	-0.030050924	0.0077863411	0.0843753154	-0.1405788753	0.083015697	-0.0142794635	0.2119985519	0.0554347634	-0.1143995834	-0.0249829446	-0.0422979113	0.0583510231	-0.1030248541	-0.114728919	0.1162116894	0.0216039259	0.0569191277	-0.041152205	0.0192923368	-0.0160006936	-0.2031541175	-0.0257050405	0.0724474082	0.0061982744	0.158477509	-0.0841665163	0.0086973652	-0.1445637266	0.1456410117	-0.0588673348	0.0614021072	0.1400095467	0.076816265	-0.0259247992	-0.0854249105	-0.0122442687	-0.0279011112	-0.0203882125	-0.0398551144	-0.0060204842	-0.1074801986	0.0951826429	-0.090093274	-0.0816114651	0.1146338121	-0.1804899157	-0.0105042094	-0.0060081861	-0.0886639561	-0.1237853044	-0.058159808	-0.0618862247	-0.0273765071	0.0136935905	-0.0101092575	-0.090689753	-0.0726676594	-0.0240075741	0.1028845713	-0.2038156189128699	-0.0405798660113561	0.0415408065128362	0.0016467255254996	0.0770479169328979	0.0684095853795555	0.0059363815036987	0.0046798713718026	-0.1989353823252599	0.025534971092597	0.0395752863408973	0.0006520347486997	-0.0005536003223613	-0.0004655807301743	3.064733169185353e-07	2.167654163096671e-07	-0.000207233139279	-4.4243798872600006e-05	4.2945574015429416e-08	1.957513738679081e-09	-0.0009650580813387	-0.0007240510401253	5.242499087066735e-07	9.313371003571328e-07	0.0
533.1387838549709	0.3584003006083094	284236.9628503574	0.1284507754761265	515.7138799268146	-0.669069378875065	0.4476538337482653	265960.8059491689	518.9301850596491	0.5942912472771695	269288.5369660417	0.3531820865902538	526.9747285058655	448.1237637853842	1.070224	19.777281	0.0943201827664462	0.0517511549217589	0.0804389305	0.0312181752	-0.0495418105	-0.1157801022	0.0467984527	0.1474355843	-0.0293340164	0.0009474246	0.1986770694	0.0898693078	-0.1526375301	0.0543274264	0.0537591787	0.0445511425	-0.1286847332	0.1562473078	-0.1040068455	0.0293885887	0.1169327579	0.0516240183	0.0400584505	-0.0478673614	-0.0772137448	-0.0790459666	-0.0350339065	0.0596063852	-0.0386622522	0.0113355006	0.0089600579	0.0381215109	-0.0835237738	-0.2189036971	0.0221989651	-0.1197949151	0.0002650391	0.0231953568	-0.1083549604	0.0186931815	0.0847464706	-0.0650410801	-0.0600599936	-0.0639086477	0.0078695315	-0.0284951127	0.0473257736	-0.0481248867	0.0663884685	-0.0240306137	0.2581794112	0.1482816332	-0.016062532	0.1189273676	0.0343732489	-0.1056010727	0.0701440018	0.0380441187	-0.0942632359	0.0346884782	-0.0088671213	0.0011284578	-0.0097991645	0.0843630909	-0.0299637387	-0.0896617825	-0.033894792	0.0895006866	-0.0279116694	-0.0172355148	-0.0989783552	-0.0793078393	0.1844155275	0.0600369434	0.0471424949	0.0349064608	0.0462849013	-0.0451536905	-0.0934764525	0.0717247819	-0.045597639	0.0125878698	0.0200019871	-0.0974216082	0.0354772817	-0.0502978367	0.0137727177	-0.0043627885	0.1591466876	0.0268922417	-0.0557186768	-0.074531034	-0.0192567962	0.0993899282	-0.2037084045054058	0.000107214407464	0.041497114066138	1.1494929167874764e-08	0.0723799855466893	-0.0046679313862086	0.0052388623077389	2.1789583426351407e-05	-0.2380355029408463	-0.0391001206155864	0.0566609006603016	0.0015288194321534	-8.80162516280281e-05	0.0004655840707332	7.746860550648358e-09	2.1676852692056438e-07	-5.697476451382855e-05	0.0001502583747651	3.246123791406217e-09	2.257757918707072e-08	-0.0005720021996934	0.0003930558816452	1.5449292609596404e-07	3.2718651645408824e-07	0.0
534.326907798542	1.1881239435710995	285505.24439755164	1.4116385052869411	519.5890302791151	3.87515035230058	15.016790252935303	269972.76038639125	519.3445670487902	0.4143819891410203	269718.7793230953	0.1717124329244686	528.3929848336932	452.59222571494576	1.040914	19.235649	0.0393948089192403	0.0282993796569667	0.0791909098	0.0547787626	-0.0079776944	0.0345295506	-0.0655804409	-0.0187458632	-3.24294e-05	0.0893674187	0.0909736409	0.0234067568	-0.131889186	0.0677568922	-0.0865848802	-0.1158401981	0.0234403747	0.0629192575	-0.1274523419	-0.0702234199	0.011988459	0.1289415124	0.0216580055	-0.0879211158	0.0148284882	0.0744360113	-0.0700594679	0.0123587272	0.0077609867	-0.0813052847	-0.0707050227	0.011820251	-0.0104452229	-0.0453196847	-0.1229268287	-0.0453105254	0.0735879986	-0.1418916379	0.0690423012	0.0420071243	0.1305516575	0.1784946769	-0.1134970346	0.0147580502	0.0038345873	-0.0374472182	0.0323231227	0.0280351906	0.0201828765	-0.1040833535	0.0674566481	0.137814439	-0.1327456138	0.1253953079	0.0744988035	0.010166668	0.0258325592	-0.0070520018	0.0246307983	-0.0252214708	-0.0456018182	-0.0837570861	-0.0457791697	0.0688487271	0.0304534928	0.0983392981	0.1359169744	0.0901730245	-0.0143823717	-0.0647123724	-0.0064154926	0.0349536041	0.1051591338	-0.0162721413	0.0524607037	0.1179527497	0.053682114	0.088217354	-0.1938573404	0.0695183519	-0.0484593397	-0.0806386091	0.0896954318	0.0132139401	0.0415811986	-0.0955473301	-0.0090649464	0.0916487716	0.0501446146	0.0492296311	-0.0423207778	-0.0763617167	-0.0144722352	0.0955030384	-0.2037032850864761	5.119418929722119e-06	0.0414950283550221	2.620845017799717e-11	0.0751091524145977	0.0027291668679084	0.0056413847764392	7.448351792888963e-06	-0.211027790766721	0.0270077121741252	0.0445327284758829	0.0007294165168803	9.698135910382744e-05	0.0001849976107318	9.405384013625536e-09	3.422411597649516e-08	-6.502765700511226e-05	-8.052892491283707e-06	4.228596175574526e-09	6.484907747617352e-11	-0.000571996493751	5.705942399993058e-09	3.255777867203854e-17	3.271799888634378e-07	0.0
534.4419213896178	0.1150135910758081	285628.16733862646	0.0132281261321532	519.48772124357	-0.101309035545114	0.0102635206830811	269867.4925228371	519.2571757203907	-0.0873913283994625	269628.0145371167	0.0076372442794227	528.9507330376484	455.8905832932292	0.978941	18.090416	0.1041048634400138	0.0522633777825347	0.0810406934	0.0552563937	0.0536453168	0.1584618099	-0.0493982456	-0.0735539095	0.1621585503	0.0018105814	-0.0949467904	0.0974758232	-0.1258800205	-0.0196664622	0.0231526465	-0.0440743232	-0.0191027985	-0.0664815392	0.0075837777	0.0267165319	-0.0215185849	0.0831211581	0.0659576147	-0.0754050577	0.1224215773	0.0627721823	0.0486979447	0.0394850035	0.0892551795	0.0776683708	-0.1331301926	0.0386824212	0.0831477117	0.0110832301	-0.0327483758	0.1525541593	0.0086235218	-0.1918918057	-0.0041223387	-0.0297045384	0.011665873	-0.033206759	-0.0309820761	-0.088827419	-0.078687848	-0.0426438099	0.0157508402	-0.0196013734	-0.1289890704	-0.0934985367	-0.0597425487	0.023195009	-0.1042898872	0.0755872802	0.0901883342	-0.0336918238	-0.0207605353	0.0254438524	-0.0280098675	0.0595599175	-0.2016603071	0.0840646339	-0.0711854965	-0.0352726767	0.0824470058	-0.0952185253	-0.0477713208	0.0967907102	-0.0352399053	-0.0333240347	0.0475162605	0.1582071811	0.0116199012	-0.0183735698	0.0782836261	-0.0083694009	0.1294248248	-0.0040263386	-0.029799988	0.0953077299	-0.0859747544	-0.0840445327	0.1242110686	-0.0314322542	0.0553052175	-0.1500708183	-0.0437732811	0.0648126285	-0.0416883879	-0.036909114	0.0078459701	-0.0781589047	-0.0096622851	0.0912392418	-0.1860712741850108	0.0176320109014652	0.0346225190768334	0.0003108878084293	0.0409322523723432	-0.0341769000422545	0.0016754492842731	0.0011680604964982	-0.2311238298508158	-0.0200960390840947	0.0534182247249088	0.0004038507868694	0.0005040489134519	0.000407067554348	2.54065307152041e-07	1.6570399380292105e-07	0.0001718560899377	0.0002368837469428	2.9534515648674828e-08	5.611390956566631e-08	-0.0005720434607041	-4.6966953100020636e-08	2.205894683499537e-15	3.272337209343233e-07	0.0
533.3630388010473	-1.0788825885705364	284476.1311590875	1.1639876399206617	520.2409505444904	0.7532293009203386	0.567354379764942	270650.6466234349	518.6594252132888	-0.5977505071018641	269007.5993625792	0.3573056687405356	528.523517492459	453.2672166487405	1.146838	21.193068	0.0765670782019808	0.0405062318883003	0.0407701794	0.0508164547	0.0303801006	0.0805538218	-0.0343800727	-0.0376855657	0.1383597385	-0.0005456889	0.0346915359	-0.0963821327	0.003484481	-0.0197724874	0.0639711327	-0.0581506415	0.1369668604	-0.0633822518	0.1184213916	0.045771173	-0.0922639033	0.1086551486	0.076890527	0.0861036662	-0.0414235461	0.0217895236	0.0276148204	0.0312413716	0.0553340175	-0.1358455718	0.0549708058	-0.1020568037	0.0699861427	-0.0092353231	-0.0126839388	-0.089373356	0.2077691732	0.0641053696	-0.0747131332	-0.1063962314	-0.0083556573	-0.136251857	-0.0569256846	0.0162404487	-0.1040255453	-0.041577649	-0.0050087265	-0.038172025	-0.1095449061	-0.0085703175	-0.0931911174	0.0246366984	0.1353746847	0.0797277322	0.0188211777	0.0062889374	0.0842690568	0.032599339	-0.0623429739	-0.0176856669	0.142802253	-0.1034472196	-0.0288515543	-0.0824602138	0.0364045027	-0.0371488603	0.0867863928	0.071870986	-0.0307699174	0.0139800026	-0.0197987675	0.0344681929	-0.0773908496	-0.0330517854	-0.1235129151	0.0796433566	0.0986911012	-0.119855648	0.1691407043	-0.0538566321	-0.191468552	0.1075104096	0.1547359444	0.0791384902	-0.0786752795	-0.0002465361	0.0599798545	0.2852883981	0.3220611216	0.0252201495	-0.1013282413	-0.0799218096	-0.004835384	0.0866153656	-0.1977610082691256	-0.0116897340841148	0.0391094163916211	0.0001366498829573	0.0478418568489473	0.0069096044766041	0.0022888432667551	4.774263402310746e-05	-0.2109670894004125	0.0201567404504033	0.0445071128100816	0.0004062941855849	-8.595691805447198e-05	-0.0005900058315063	7.388591761423211e-09	3.481068812115255e-07	0.0001990182159385	2.71621260008e-05	3.960825027534341e-08	7.377810888833352e-10	-0.0004329914343941	0.00013905202631	1.9335466020916943e-08	1.874815822586602e-07	0.0
534.8643923945577	1.50135359351043	286079.9182515994	2.2540626127466816	519.1857191928598	-1.0552313516305958	1.113513205464134	269553.811013807	518.8347802285846	0.1753550152957359	269189.5291748437	0.0307493813893677	528.3558873094278	457.1893329708258	1.11046	20.52083	0.0355798686235163	0.0191875851480375	0.0633277962	0.0169030336	0.0763808395	-0.0619609163	0.0044636724	0.047546559	-0.0810570078	0.0072369133	0.1195272692	-0.0342267966	-0.0638752377	-0.0693918648	-0.0436099233	-0.0083379997	0.0326431493	-0.0160473302	0.0122233681	-0.0398421317	-0.0096762618	0.0404995779	0.0187681719	-0.0186383142	-0.0751749656	0.0807291104	-0.0329228831	-0.0719476676	0.0181411166	-0.094184327	0.1639477199	-0.0047271372	-0.0585825856	-0.0747952916	0.1466003549	0.0304706116	0.1660213708	0.0471850953	-0.1349326549	-0.1665942153	-0.1527794361	0.0241698145	0.0546728863	-0.020471426	0.165827162	0.009158527	0.0164404922	0.0399924371	-0.0302287966	0.0247369725	0.0693032822	0.0775784603	0.1191795157	0.0651299801	0.1388064527	0.0131767457	-0.0001667407	-0.1292940265	-0.1083853393	-0.0136769047	-0.0442679243	-0.0118079754	0.1148397586	0.0182200486	-0.0483847723	0.0593930994	0.0887395457	0.0750929076	-0.0182480273	0.0857091444	-0.0713685356	0.0224424714	0.1075967101	0.0463432899	-0.0344051214	0.0483931078	0.0096372285	0.0535058205	-0.0143518035	-0.0574512245	-0.0408437559	0.0270476522	0.2502869769	-0.1190072842	-0.0508878082	-0.0653753059	-0.0779818077	0.0378152675	-0.0129949538	-0.0058746884	0.0673758903	-0.0816496581	-0.0	0.0816496581	-0.1957899997070029	0.0019710085621227	0.0383337239852681	3.884874751961016e-06	0.034298955289941	-0.0135429015590063	0.0011764183339813	0.0001834101826369	-0.2229822375876864	-0.0120151481872738	0.0497210782796114	0.0001443637859621	-4.09349633304029e-05	4.502195472406908e-05	1.6756712228614302e-09	2.026976407176126e-09	0.0002750097197423	7.59915038038e-05	7.56303459527384e-08	5.7747086503629505e-09	-0.0004729941821685	-4.000274777439999e-05	1.6002198295022635e-09	2.2372349636524815e-07	0.0
535.3654896108352	0.5010972162774578	286616.2074662493	0.2510984201610173	521.0734383516533	1.887719158793516	3.563483622476099	271517.5281556142	519.184882941782	0.3501027131974297	269552.9426752719	0.1225719097882017	529.1673274083792	462.135924021403	1.014728	18.751728	0.0825170255178193	0.0437115268834852	0.0576747737	0.0355466169	0.1535907517	0.0835453136	-0.0913102776	-0.0874082622	0.048023457	0.1242787404	0.0282937348	-0.0057746189	-0.0260179745	-0.0264352416	-0.0272697206	-0.0515196537	-0.0631620102	0.0257621999	-0.0167038683	3.79902e-05	-0.1130009265	0.0468213812	0.0712286074	-0.0334401669	0.0395113425	0.0521956011	-0.0629288244	-0.026278285	0.081044482	0.073289812	-0.0940497161	-0.0182939738	0.0294597265	-0.053188327	0.1172025485	-0.0525542812	0.0923135092	-0.0593219565	0.0378852437	0.0577668219	-0.036927245	0.1422631037	-0.0803600537	0.0021986849	-0.0558145579	-0.0501871018	0.0688200421	-0.0038816908	0.0050940533	-0.1560400808	-0.0811514976	0.014489081	-0.0036105048	0.0938914174	0.0225382513	-0.0128261874	-0.0009672507	0.0355668821	-0.0835224631	-0.0371760448	-0.0300850142	-0.0328291034	-0.060382761	0.0746803568	0.0280593666	0.0026026037	0.014047597	0.078509176	0.0197146039	-0.07051068	0.0208399882	0.0888395756	-0.0106757787	0.0358939506	-0.0113036503	0.1499299627	-0.042445676	0.0276873683	0.1014992156	-0.0697618116	-0.0573843288	-0.0093587418	0.1320432478	0.0521302675	-0.0548047076	-0.1590989182	0.0639937409	-0.012347809	0.031178768	-0.0165331401	0.0503148976	-0.0833416924	0.004835384	0.0763617167	-0.1997264534431764	-0.0039364537361735	0.0398906562049893	1.5495668017034443e-05	0.0654356405081983	0.0311366852182573	0.0042818230487181	0.0009694931663808	-0.2298718617695101	-0.0068896241818237	0.0528410728333807	4.746692136676997e-05	-0.0002790569121126	-0.0002381219487821	7.787276019781937e-08	5.6702062491831296e-08	-0.0001989201196128	-0.000473929839355	3.9569213986770666e-08	2.246094926311509e-07	-0.0005720276416625	-9.903345949399998e-05	9.807626099349734e-09	3.2721562282596146e-07	0.0
533.2256555817917	-2.139834029043527	284329.5997706315	4.578889671852655	516.6748293677042	-4.398608983949089	19.347760993677635	266952.87930214626	517.7033021250788	-1.481580816703172	268016.70903121063	2.195081716422838	527.7957774438229	455.517353652626	0.959083	17.72345	0.0298646090292083	0.0182989801038741	0.1101136573	0.0559569569	0.1040885557	0.0801037976	-0.0932848242	0.0162873647	0.0651936199	-0.0530522623	-0.160271857	-0.0103695378	-0.0291914088	-0.0594183854	0.0112196514	-0.0463595933	-0.1395884491	-0.0188647818	0.105128284	-0.057610113	-0.0365448531	0.004399234	0.0333441504	-0.1182904401	0.0073608659	-0.0729522349	-0.0108544809	-0.0234099036	0.0386141933	0.031185693	0.0819658694	0.0328051609	0.0594291387	-0.0679736775	0.1150691478	-0.0686696954	0.0311938898	-0.0775387408	0.0400540454	0.0176233939	0.1222906995	-0.1627102952	0.028453379	-0.0198323283	0.0458321995	-0.0719225643	0.0716684028	0.0478428314	-0.0674768225	-0.0081064857	-0.0630857903	-0.0367765737	-0.0331692477	0.0312618441	0.0671756563	-0.0031052414	-0.0584986564	0.1108692057	-0.0516297799	-0.0879726525	-0.1321064428	0.0658133687	-0.0557894778	0.0082043354	0.0310806431	-0.0830196386	-0.0999614772	0.1042334002	0.0099636743	-0.0247477608	-0.0119892574	0.0931593803	-0.1632753669	-0.0080277925	0.0155199104	0.0181442236	0.0983002434	0.0077457833	0.0585905148	0.0388194543	-0.0887217143	0.0377349417	0.1101770201	0.0369607201	0.0445028975	-0.0968880323	-0.0106848059	0.0762361484	0.0135190548	-0.0087449834	0.0266759276	-0.0849971703	0.0096622851	0.0707724105	-0.2024445669922698	-0.0027181135490933	0.0409838027046876	7.388141265764989e-06	0.0711123924999697	0.0056767519917713	0.0050569723670697	3.22255131760805e-05	-0.2285495601699239	0.0013223015995862	0.0522349014538656	1.7484815202682549e-06	6.895881451194648e-05	0.0003480157266245	4.755318098893041e-09	1.2111494597801105e-07	-0.0001440197041782	5.49004154346e-05	2.074167519157624e-08	3.014055614891666e-09	-0.0005719949459465	3.2695715999962564e-08	1.069009844750208e-15	3.2717821818833946e-07	0.0
532.386239724654	-0.8394158571376238	283435.1082481568	0.7046189812140916	515.8269222170808	-0.8479071506234277	0.7189465360783401	266077.4136839463	517.3686094476442	-0.3346926774346457	267670.27804178896	0.1120191883283718	526.8855001652906	449.2552892030109	1.09684	20.269136	0.0653935297138459	0.0339961778228952	0.1716047762	0.0314261004	0.0364471529	-0.082532374	0.0086967416	0.1422483006	0.0286845558	-0.07826957	0.0258890281	-0.099564727	0.0135554237	-0.2119649437	0.1199286323	-0.1072411246	-0.1391365236	-0.142525041	0.0190135956	-0.0845825431	0.0347299845	-0.0427733822	0.1187719145	-0.014113118	-0.2220179011	-0.0511011996	0.0053102472	-0.1157214629	0.0952393657	-0.1245462293	0.0914852461	0.0346008823	0.0708740116	-0.0955958439	0.1186402805	-0.1532290291	-0.0768919211	-0.0326543114	0.1332925091	-0.0945753254	0.0675617417	-0.0020451463	-0.0782725124	0.0315721913	0.030416709	-0.0076741456	0.0967104332	0.0489521903	-0.1141634406	0.1119757513	0.0856502052	-0.0753130191	0.1573042693	0.0599116462	0.0121018105	0.046566747	-0.0702279595	0.06419917	-0.0810900068	-0.1715567089	-0.1779850739	-0.1327419582	0.068552942	0.0304272181	-0.0889982341	0.1504882519	-0.0089821739	0.1299038783	0.0191925953	0.0728437353	-0.1543081349	-0.0273912063	-0.0346033926	0.068675241	-0.1117919864	-0.0904537373	0.0323353756	-0.1187652447	0.1468106356	-0.0111464496	-0.0349120632	-0.0304635312	0.0550554575	0.0086565183	0.035540503	-0.1286627725	-0.0297537579	-0.02457412	0.0144632688	-0.0381169994	0.1418965758	-0.0866153656	0.0144722352	0.0649037979	-0.2184286303047429	-0.0159840633124731	0.047711066536806	0.0002554902799771	0.0599110981931829	-0.0112012943067867	0.0035893396867132	0.0001254689941472	-0.2321606974358872	-0.0036111372659632	0.0538985894339175	1.304031235362885e-05	0.0005560176558303	0.0004870588413183	3.09155633595022e-07	2.372263149063771e-07	6.084063455880084e-05	0.000204860338737	3.7015828135175507e-09	4.196775838743872e-08	-0.0005720164624636	-2.151651710003821e-08	4.629605081162365e-16	3.272028333293711e-07	0.0
532.344929432015	-0.041310292639082	283391.123891977	0.0017065402779265	516.4037326369174	0.5768104198366473	0.3327102604321293	266672.8150813409	517.6964995414448	0.3278900938006472	268009.6656374652	0.1075119136125972	526.1611303648973	447.2780193410894	1.104236	20.405813	0.0492882717018897	0.0257871076564761	0.1739632144	-0.0267711518	-0.0065341867	0.0427626374	-0.0534081304	0.1502810624	-0.0050805178	0.0733650063	0.0637132943	0.0027448593	0.0162548631	-0.0300673111	-0.0366096099	0.0013988896	0.0428835561	0.1050019303	0.1943920187	-0.001310333	-0.1187703095	-0.0876986365	0.0882428394	-0.0266043772	0.0299689076	-0.0460043776	-0.0350733659	-0.1106545945	-0.0490715698	0.0259771329	-0.037901887	-0.1218637946	-0.1018970832	-0.0460005484	-0.0613414316	-0.0330718845	-0.0772446302	0.0753403046	-0.1370523763	-0.0467546703	-0.0715581857	0.0085432088	-0.1374376461	-0.0829058233	0.0029891786	-0.0368894187	0.1933758325	-0.055613223	0.0667828352	0.0998354809	-0.0511637439	-0.0443868719	0.0552264265	0.1054315197	-0.0140688229	0.0023084128	-0.0236014818	-0.1530284545	-0.0822270868	-0.0851363989	-0.0146757913	0.2165792078	-0.025534132	0.0593928818	-0.0217739517	0.022571073	-0.0171233779	0.1101956678	0.080177447	-0.0692485543	-0.0422575708	0.0795575591	0.0791986053	0.0118834793	-0.1848973664	0.0990840759	0.0693005	0.0228587212	0.0341393347	-0.010214545	-0.0053030495	-0.0591273273	0.0381284815	0.0291082534	0.1089825568	-0.0217901724	-0.0772277961	-0.0207642545	-0.0918417871	-0.1142565398	0.1318103594	-0.0881955685	0.0192567962	0.0587790397	-0.2120420580198327	0.0063865722849102	0.044961834369286	4.0788305550383263e-05	0.0780817925593027	0.0181706943661197	0.0060967663292739	0.0003301741337469	-0.2187311386320374	0.0134295588038498	0.0478433110072675	0.000180353049666	0.000420043162785	-0.0001359744930453	1.76436258602426e-07	1.8489062758926348e-08	0.0001508801701179	9.003953555909917e-05	2.2764825734806448e-08	8.107117963698283e-09	-0.0005720313587994	-1.4896335799965445e-08	2.219008202653321e-16	3.272198754498879e-07	0.0
534.7541182414648	2.4091888094498017	285961.96697620646	5.804190719578153	518.2951459174932	1.8914132805757615	3.577444197938365	268629.8582816356	518.3852358111731	0.6887362697282242	268723.2527070055	0.4743576492391492	528.2568420565068	451.07268424261184	1.025066	18.942778	0.1743642939308008	0.0948330543125393	0.1464518093	-0.0025017187	0.0241974767	0.0280953621	-0.0447029997	0.0820072447	0.0808020028	0.0530235797	-0.0280098269	-0.1168202224	0.08297676	-0.0270832622	0.0459801555	-0.1207053946	-0.1816646973	-0.0224788521	0.0840973931	-0.0370920402	-0.0693608383	-0.0032483869	0.0815673725	-0.0436761106	-0.0278773132	0.1029533409	-0.0734690041	0.114607403	0.0526262399	-0.0696193797	0.026190459	0.1430061107	0.0621211539	-0.0560691972	-0.0851333481	-0.1336342236	-0.0047432807	-0.1172220383	-0.0816007686	-0.0201518268	-0.0585413733	-0.0640500278	-0.1259238591	-0.0437594119	-0.0289628063	-0.0349702228	0.1153749513	0.0680800446	-0.0569596185	0.0484152467	-0.0923548557	0.0708278742	-0.00527015	0.1450867812	0.0154636032	0.0775460108	-0.0342650003	0.0181303531	0.0278886783	-0.0890681867	-0.0443934254	-0.0336971494	-0.0177217072	0.0414033229	0.0249319444	0.0022489979	-0.0574725913	0.0967519149	0.082001861	-0.100817948	-0.0934074946	-0.0202297077	-0.1289935648	0.0488906092	-0.0708891545	-0.004072964	0.030482752	0.1683573624	0.0955192102	0.0852930514	0.0009800923	0.0689785099	0.135410215	0.0125048161	0.0204556075	0.0328183215	-0.0175990836	-0.0229164143	0.1094604367	0.0313064105	0.012264208	-0.089737086	0.0240075741	0.0524223074	-0.2288940165519619	-0.0168519585321292	0.0523924708132898	0.0002839885063686	0.1490501164719688	0.0709683239126661	0.0222159372203074	0.005036502998973	-0.1990369276262669	0.0196942110057704	0.0396156985589038	0.0003878619471398	-0.0003261255244601	-0.0007461686872451	1.0635785770437529e-07	5.567677098250758e-07	-0.000439906568354	-0.0005907867384719	1.9351778888099245e-07	3.490289703542652e-07	-0.0005720719426871	-4.058388769999626e-08	1.6470519408459078e-15	3.272663076097926e-07	0.0
534.878710341876	0.1245921004111778	286095.23477698845	0.015523191484869	521.6216917969459	3.3265458794527376	11.065907488103988	272089.18935310806	520.0267384114114	1.6415026002383684	270427.80866281054	2.6945307865893247	530.3554378838709	454.5454694041825	1.05955	19.580029	0.2396654531105678	0.1464949074746537	0.1081953685	0.0587123851	0.0482102346	-0.0007429511	-0.0345494755	-0.0368882182	0.085511836	-0.1150467689	0.0337323815	-0.1362474793	-0.046706674	0.0530354245	-0.1057795516	-0.0224562037	0.0659052096	-0.0754143886	0.1701957218	-0.0533991578	-0.024346155	0.1255542843	0.0705169164	0.0556236197	0.0254154884	-0.0009102411	-0.1102160451	0.0583939953	-0.018063727	0.0877011293	-0.0996975862	0.0640774241	-0.1165640689	0.076458852	0.0257468006	0.1463280503	-0.0641656737	0.0809058178	-0.1083632286	0.0455596078	0.0722038801	0.0223265668	-0.0509256528	-0.0175271711	-0.1813456474	-0.0558546193	0.0662731694	0.1163267363	-0.1368010389	-0.021839982	-0.0713578285	0.0131857045	0.0209077609	-0.0078810785	-0.0782796479	0.0461351522	0.0528606444	-0.0658406898	-0.1064821934	0.0368376902	0.1044041306	0.129167063	0.1078647593	0.0905485956	0.0280252843	-0.0001066074	0.0329191977	0.1304841796	0.0218666116	0.1136312297	-0.0103667215	0.1087663962	0.0390920201	0.0512946124	0.0321640621	-0.045317542	0.0140082294	0.0583851726	0.0439861664	0.0675622768	-0.0201469267	-0.1117024512	0.000592447	0.0700214952	-0.0553304157	-0.0348672195	-0.0921757775	-0.142821857	0.037317194	0.0319084767	0.1176841859	-0.0912392418	0.0287162347	0.0458586883	-0.2191899009121698	0.009704115639792	0.0480442126618868	9.416986035045752e-05	0.0199515202006352	-0.1290985962713336	0.0003980631583163	0.0166664475592287	-0.2350950625764341	-0.0360581349501671	0.0552696884478174	0.0013001890960844	0.0002260869469846	0.0005522124714447	5.111530759681734e-08	3.049386136190636e-07	0.000303935417635	0.0007438419859889	9.237673809296189e-08	5.533009001200596e-07	-0.0005720342751353	3.7667551800010975e-08	1.4188444586065101e-15	3.272232119295681e-07	0.0
533.035808446193	-1.842901895682985	284127.1730858865	3.39628739711194	519.9111799195755	-1.7105118773704362	2.925850882625334	270307.6350053652	519.4748762499015	-0.5518621615099164	269854.1470548505	0.304551845306397	528.9288553576785	449.92973457723167	1.076612	19.895332	0.1214699672912376	0.0871993279096927	0.1621777924	0.022485617	0.0309953459	0.1244997082	-0.0247059014	-0.0038722173	0.2081438182	-0.0150449111	-0.01055739	0.0209748434	-0.0268183164	-0.10070378	0.0445124274	0.1120052245	0.0226478784	-0.0758538077	0.126574781	0.0504412719	0.0091448163	0.0805254375	0.1118715053	-0.0410549331	0.0791550652	0.081812121	0.0883334557	-0.0238955047	0.0015059347	-0.1710563674	-0.1169826306	-0.031721807	-0.066901955	0.0330490167	0.0752187016	0.00125818	0.0039637634	0.0463828618	-0.059637309	0.0323261171	0.1570873481	0.0484335729	-0.0579684278	0.0163231084	0.0473262912	-0.0403463456	0.1661040294	-0.0415424341	-0.1488802102	-0.0227375871	-0.0898546227	-0.0166698844	0.0258685694	-0.0927825837	-0.0118111499	-0.0329067326	0.0354392917	0.0149218042	-0.0793939388	0.0643732317	-0.0422704739	-0.1277606526	-0.0212659004	-0.0261298911	0.0520842592	-0.011551444	0.0964813718	0.1229802325	0.075517599	-0.0833021173	0.0071765048	0.1156262714	-0.0597367839	0.0493869383	-0.0361638975	-0.1009449597	-0.0737684476	-0.064286248	0.0392806007	0.0716462069	-0.0440082461	-0.0059516744	0.0240754627	0.0002081852	0.0475988693	-0.0781777532	0.065327694	-0.0732748444	-0.0784368063	-0.0014710716	0.0125602142	-0.0927013771	0.0333745172	0.0391140859	-0.2271051117390499	-0.00791521082688	0.0515767317780063	6.265056243395992e-05	0.1030837207021448	0.0831322005015096	0.0106262534737977	0.0069109627602231	-0.2401142535643714	-0.0050191909879373	0.0576548547647752	2.519227817339123e-05	2.899799780003396e-05	-0.0001970889491845	8.408838764107743e-10	3.884405389067645e-08	-7.008217600246169e-06	-0.0003109436352352	4.9115113932400174e-11	9.668594429330985e-08	-0.0005719995600569	3.4715078400023726e-08	1.2051366683197934e-15	3.271834967052871e-07	0.0
532.1266127710774	-0.9091956751155976	283158.73201922013	0.8266367756489074	516.0110950381256	-3.9000848814498568	15.210662082513744	266267.4502024455	518.8088943305552	-0.6659819193463363	269162.6688364932	0.44353191689623	527.3907380002404	443.064187933223	1.205459	22.276356	0.077228165825967	0.0361029535025827	0.1507748901	-0.0031262533	-0.0622864656	-0.1844835417	-0.0487838141	0.1705368607	-0.0421407284	-0.0232189723	0.1202297416	-0.0455851813	-0.1447454237	-0.0359283818	0.089222618	0.0664159547	-0.1200543686	0.0538799514	-0.081342922	-0.1315585939	0.0780384887	0.0125830602	0.2123022747	0.0377789962	-0.1215613543	-0.1473612039	0.0371917912	0.0076838101	0.0230469996	-0.0124377514	-0.0325587618	-0.0114309274	0.0913613572	0.0377425949	-0.0941196436	-0.1200394372	-0.0659650082	0.0424463402	-0.1129358523	-0.0804868475	0.0443185801	0.071979	0.1171285115	-0.0498359292	-0.0865843454	-0.0190105524	0.1513615096	0.1348409671	0.0651399568	0.0037289293	0.2219689601	0.0093358262	0.085363081	-0.0430160944	-0.1009606467	-0.1520761717	-0.0229992014	0.1291051664	0.0042009423	0.0088113159	-0.1086042527	-0.0089755322	-0.1118022014	0.0779122608	0.0133510607	-0.0853153208	0.0334361999	0.1232664376	0.0859424597	0.0819454763	-0.1237428066	-0.0980279633	-0.0269154234	0.0428689358	0.0595489159	0.0667621952	-0.1316262253	-0.1534557651	-0.0332632207	0.0497365486	-0.0146502272	0.0615349834	-0.0162919579	-0.0348795987	0.0853686679	0.0021896966	0.0224561921	-0.0304155288	0.1190084484	-0.154966161	0.0200377308	-0.0941228505	0.0379742494	0.032215118	-0.2419093721243683	-0.0148042603853184	0.0585201443216061	0.0002191661255563	0.0817779260449924	-0.0213057946571524	0.0066876291882202	0.0004539368859727	-0.2304527719753792	0.0096614815889922	0.0531084801111361	9.334422649443554e-05	-0.000466963429841	-0.000495961427641	2.1805484480887053e-07	2.459777377077326e-07	0.0001261335157307	0.0001331417333309	1.590966379058674e-08	1.7726721154368778e-08	-0.0005719701371388	2.942291809997742e-08	8.657081095179789e-16	3.271498377785777e-07	0.0
532.4936688575444	0.3670560864670733	283549.5073733682	0.1347301706125236	518.1285494959632	2.117454457837539	4.483613381016066	268457.1938027908	518.5291127361551	-0.2797815944001058	268872.4407549442	0.0782777405650653	527.5408457257421	444.746607934275	1.109908	20.510614	0.0449937831149886	0.0270238677262854	0.1622118455	-0.0061056819	-0.0378602887	0.0234771063	-0.0510470983	0.1437194123	0.0661051316	0.0071792226	0.0974250767	-0.0567654559	-0.052020178	0.0328993462	0.0265768081	-0.0272451384	0.0883616201	0.0408598367	0.0714204183	-0.065222801	-0.0397393796	-0.0489474673	0.1780304774	-0.0172959365	-0.0449658525	-0.1198950665	-0.016330866	0.046807416	0.055446838	0.0229415007	0.0397147207	0.0116992694	-0.0810789606	-0.1128425372	-0.0833701384	0.0684129045	0.0157309841	0.0576509963	0.0919207745	-0.0519981889	-0.1670173224	-0.0565428642	-0.0471996836	-0.0065991171	0.0868164784	-0.0458080279	0.1766970939	0.018000322	-0.0001235358	-0.0015981037	0.0071940125	-0.0585072121	0.0238588759	0.063451649	-0.117080338	-0.1045930118	-0.0157835676	-0.0695086209	-0.1513832882	-0.0790621411	0.0619993666	0.0344477569	0.0522612848	-0.0316073253	0.0583517879	0.0739940032	-0.0818256181	0.1243665435	0.1203947884	0.0209126654	-0.0026131577	0.0614667596	0.0443805124	-0.01583048	-0.1964776514	0.11014229	-0.0867259847	-0.0632037584	0.0799320335	-0.0963831951	-0.0148124056	-0.2072602831	0.0131893249	0.043536066	0.0656345485	0.1267762532	0.023567714	-0.0379022017	-0.0130168877	-0.0325448197	0.0167544743	-0.0955030384	0.0425073619	0.0251890118	-0.2405347403986155	0.0013746317257528	0.0578569613386293	1.8896123814461384e-06	0.0600935311648243	-0.0216843948801681	0.0036112324878577	0.000470212981319	-0.2400143280775069	-0.0095615561021276	0.0576068776824971	9.142335509413534e-05	-0.0002729490102542	0.0001940144195868	7.450116219874738e-08	3.76415950076029e-08	0.0001795779115261	5.344439579540002e-05	3.22482263080758e-08	2.856303441935371e-09	-0.0005719753298954	-5.1927566000397815e-09	2.6964721107256715e-17	3.271557780089517e-07	0.0
532.8965802187099	0.4029113611654793	283978.765208796	0.1623375649562193	516.4796186491501	-1.648930846813073	2.718972937571678	266751.1964799715	518.7478537655701	0.218741029415014	269099.3357863853	0.04784763794954	527.7424673090127	446.2591262764645	0.960521	17.750006	0.0502377171790111	0.0307197390835234	0.1728975398	-0.0167452474	-0.0065110695	-0.055734728	-0.1262624002	0.1650207072	0.0658333849	0.0827177438	0.0023538703	-0.024193916	-0.021857387	-0.0210921828	-0.1100140618	0.0079649001	-0.0174769806	0.1278665676	0.0238081111	-0.1374562115	-0.0318170712	-0.0305898319	0.0883287018	-0.1322118664	0.0043472518	0.1093345497	0.0581005964	-0.0174353044	0.0044996527	-0.0842972553	0.0031311722	0.0294510609	0.0433784156	0.0600834269	-0.0259396573	-0.0172609404	0.1259029106	0.0180799416	0.0682473786	-0.024032722	0.0082239804	-0.0223903884	0.1423428522	-0.0536169766	-0.0930802943	-0.0409738467	0.1959613507	0.0590254807	0.0795156634	0.0347738408	0.0144268759	0.0636550044	-0.067342486	-0.014267811	0.0566183384	0.0628470605	-0.1348633035	-0.0115895657	0.0488774099	0.0249934047	-0.0175777469	-0.0856578065	-0.0095171036	-0.0879390323	0.0264195665	0.0085673944	0.0349635379	0.1266837115	0.1275176663	0.0001873702	-0.0356725523	0.0211261534	-0.0606147301	-0.0053833402	-0.0522060572	0.049658428	-0.1303406631	0.0304531037	-0.1767151342	0.0232305897	0.0134262308	0.0897974829	0.0424580867	-0.0040339213	-0.024782231	-0.0427868818	0.0652815273	-0.0437297533	-0.0769799411	-0.0520917129	0.0388032765	-0.0968413356	0.0469659021	0.0180634961	-0.2369694067066348	0.0035653336919806	0.0561544997148944	1.271160433517272e-05	0.0837221166962649	0.0236285855314406	0.0070093928241029	0.0005583100542166	-0.2306428562969671	0.0093714717805397	0.0531961271608234	8.782448333345366e-05	-0.000540949957451	-0.0002680009471968	2.926268564662387e-07	7.182450769838198e-08	0.0001741545951539	-5.423316372200009e-06	3.032982301321881e-08	2.941236047297267e-11	-0.0005719530699634	2.225993199999037e-08	4.955045726441953e-16	3.27130314240558e-07	0.0
533.3555647124857	0.4589844937758016	284468.15840977454	0.2106667655266288	518.0504664931186	1.5708478439685225	2.467562948900555	268376.2858337378	519.1332661961272	0.3854124305571531	269499.3480714591	0.1485427416279723	529.1611616299238	446.9396054960799	0.998543	18.452646	0.0883851901131048	0.0579784657154846	0.1429578123	-0.0043273022	-0.0234701379	-0.0558604834	-0.0590635429	0.111861425	0.1076301568	-0.0771826389	-0.1001144135	-0.1415823339	-0.000688057	0.0672820804	0.002570687	-0.104596438	0.0291446198	-0.1240360448	-0.0186031842	-0.1151471328	0.0229023458	0.052769806	0.0803373612	-0.045782031	-0.0974511862	-0.0190928095	-0.1305567623	0.0358887782	-0.0615283601	0.1325331097	0.0619682557	0.0845171656	-0.0798650355	0.143817479	0.0821818884	-0.0065043265	-0.0308290951	-0.0382424969	-0.0240068828	-0.0535142181	0.0506828664	-0.0451617774	0.0342466494	-0.0569722814	0.0444012434	0.0048962272	0.1045585933	0.1881436315	-0.0944786075	0.0059253045	0.0276000776	-0.061124434	-0.0521362607	0.0369238193	-0.0683118985	0.0903732648	0.0037036234	0.1081934302	0.0415060241	0.0108942823	0.0820106693	0.0819775632	0.1781394562	-0.0008025806	0.0804084916	0.0074576835	-0.0642229019	0.1244476454	0.0875091871	0.1525781881	-0.025341063	0.06483133	-0.1198268514	0.011602502	0.1371314559	0.0103826512	0.0156254828	0.0120306063	0.0352215975	0.0411195443	0.0086566386	-0.0449475965	0.0032020856	0.0190235107	-0.0237972772	0.1488903627	-0.0489934292	-0.1148865485	0.0865704691	-0.0235952973	0.0456773038	-0.098137155	0.0513420481	0.010866692	-0.2369300879636711	3.931874296370097e-05	0.0561358665824729	1.5459635482455842e-09	0.0317383914072451	-0.0519837252890198	0.0010073254891194	0.0027023076949242	-0.2091582761031958	0.0214845801937713	0.0437471844624606	0.0004615871861025	-0.0004283970529475	0.0001125529045034	1.8352403497410312e-07	1.2668156312173981e-08	0.0003591226517254	0.0001849680565715	1.2896907898228297e-07	3.4213181951837636e-08	-0.0005719227132914	3.035667200002468e-08	9.215275349170825e-16	3.270955899785969e-07	0.0
533.2128844568341	-0.1426802556516122	284315.9801507771	0.0203576553528094	517.8427028966504	-0.2077635964682258	0.0431657120174117	268161.06494330853	519.2628479663508	0.1295817702235808	269633.90527812555	0.0167914351742769	528.6939679450795	446.7821868802728	1.029367	19.022251	0.0418216303066338	0.0252204717625206	0.1724118208	-0.0109767481	0.003347314	0.0053323456	0.0354220786	0.1233164886	0.1581680776	-0.1097570729	-0.0196205563	-0.0176011651	-0.1014097013	-0.0440886493	-0.0491490124	0.108362752	0.1435684458	-0.0397920277	0.1249236671	0.0062296302	0.0755815129	-0.0420783415	0.2087571986	-0.0945118107	0.0568690217	-0.0043240657	-0.0748957528	-0.0104728961	-0.0265353367	-0.0928479938	0.015202107	0.0883866199	-0.0392586373	0.0416743996	0.0904919174	0.0865297888	-0.1660933219	-0.0171098612	-0.05242154	-0.0240595919	0.0532123485	-0.047021981	0.0154745929	0.0129924893	0.1812483167	0.0177850692	0.192683163	-0.0130985289	-0.1601830406	0.0295961974	0.0269501238	-0.0306154623	-0.0028697856	-0.0891378925	-0.0475191962	-0.0597536882	-0.0961450892	-0.1904699629	0.0140307354	-0.001790619	0.1309556883	-0.0847505177	-0.024856314	-0.0762991503	0.0693889265	-0.0314811359	-0.0972678956	0.1352021457	0.111528507	0.0830740767	0.032362282	0.1206187893	0.0244809067	0.0314227357	-0.0541451687	-0.0590598456	-0.0767042689	0.0106660211	0.0802129248	0.0689357979	0.0154591159	-0.0445367628	-0.0467453622	-0.0067072971	-0.0923410133	0.0356978293	0.0624410086	-0.0536027754	-0.0996826762	0.0218907525	-0.038471713	-0.0993899282	0.0556281227	0.003627002	-0.2370213551666609	-9.126720298979762e-05	0.0561791228050404	8.329702341580924e-09	0.0341428392459874	0.0024044478387422	0.0011657334717773	5.781369409232493e-06	-0.2219390895573525	-0.0127808134541567	0.0492569594735465	0.0001633491925499	-0.0004408730242439	-1.247597129639999e-05	1.9436902350596247e-07	1.5564985978859647e-10	0.0002567178723038	-0.0001024047794216	6.590406596019016e-08	1.0486738848386556e-08	-0.0009879439987883	-0.0004160212854968	1.7307370998649315e-07	9.760333447418163e-07	0.0
532.689196399513	-0.5236880573211238	283757.7799607589	0.2742491813807726	517.8997647041498	0.0570618074993944	0.0032560498750979	268220.1662806137	518.9970662889289	-0.2657816774219554	269357.9548165148	0.0706399000532283	528.5286467808758	446.618413851924	0.953742	17.62475	0.1320486351139861	0.085589184446463	0.1773766694	-0.0246610894	0.0156501092	0.0251518545	-0.0545831998	0.1071139528	0.1378774472	0.0249761909	-0.0116543062	-0.0036283126	-0.1589922896	-0.1407258659	-0.043176297	-0.0332343329	-0.0473836549	-0.0276331674	-0.0784312259	0.0771337971	-0.0560486332	0.0467593774	0.0876958162	-0.1252865173	-0.0722919638	-0.0196417186	-0.0167373855	-0.1141929245	0.0447070864	-0.0808688752	-0.0568651936	0.1095754997	-0.0280518241	-0.0585399518	-0.0956933787	-0.0793975101	-0.0327509676	-0.0313446847	-0.0139954988	0.0958009909	-0.0009511409	0.0502629324	-0.1075826176	0.0699898494	-0.0850102334	-0.0072024387	0.1866354841	-0.0395297013	-0.0283067615	-0.1283499439	0.0604440912	-0.0984159014	0.0557541095	-0.1213460489	0.0255312319	0.0975117295	-0.0958860556	-0.0366379434	0.1137460471	-0.0116634434	0.0163680145	-0.07403985	-0.0094136178	0.1764304464	0.0449847965	-0.07592874	-0.0035677373	0.124763548	0.125807383	-0.0433128597	-0.0021496387	0.0648558274	-0.0386517902	0.0659232435	0.0564570283	0.0313452548	-0.1130561613	-0.0964015439	0.0206593094	0.0084830811	0.086118477	0.0901043975	-0.0254448315	-0.0618364562	-0.0005678995	0.1134178038	-0.0998539476	-0.0525136812	-0.0438823743	0.0412440382	0.0871538742	-0.1005991057	0.0598166067	-0.003627002	-0.2369303521008277	9.100306583320616e-05	0.0561359917466221	8.281557991042856e-09	0.1157280653388994	0.081585226092912	0.0133929851070845	0.0066561491166315	-0.2379700509488884	-0.0160309613915358	0.0566297451486165	0.0002569917231369	-0.0002723969739844	0.0001684760502595	7.42001114358579e-08	2.8384179511041568e-08	0.0003590779077125	0.0001023600354087	1.2893694380718668e-07	1.0477576848870322e-08	-0.0005719511931824	0.0004159928056058	1.7305001431586806e-07	3.27128167382771e-07	0.0
532.4068506243044	-0.2823457752085687	283457.0545916904	0.0797191367781276	519.0318960677746	1.1321313636248078	1.2817214245029669	269394.1091357092	519.0576077332071	0.0605414442782148	269420.8001457199	0.0036652664752921	527.9224299822968	441.839535052509	1.099806	20.323933	0.0781714613784276	0.0507427727059174	0.1669820178	-0.035053437	-0.0716171682	-0.1040837507	-0.0309980759	0.1774015236	0.1051371409	0.0326385207	0.0961566459	-0.1032397609	0.0504354906	-0.0927923685	0.0840839534	0.0973043692	0.1070572759	0.1350266962	0.1440862392	-0.0047010494	0.0114188413	0.0349665909	0.1504533239	-0.0253182408	-0.1372603147	-0.0430773725	-0.1357301713	0.0757659413	0.0256877362	0.0017309656	-0.0494218213	-0.0021535606	-0.0408675532	0.1233900222	0.0943486711	0.0838352374	-0.0877528804	0.0472462737	0.0414582588	-0.0795767866	0.1457908447	0.1319981321	0.0383984894	-0.0678339385	0.0484561978	-0.0093054893	0.2010933349	-0.0571275378	0.0625473038	0.1078538683	0.0079181315	0.0662899557	0.0814711143	-0.0254041813	-0.1553709472	0.052761116	0.037915171	0.1126468095	-0.0129053331	0.0259125348	0.0899640424	-0.0109742217	0.1111803415	-0.0148864641	0.0430346126	-0.0887485527	-0.060341911	0.1129228837	0.1190416605	0.0084116892	-0.1369073495	-0.0826488302	-0.0882167747	0.0021827443	-0.1348168522	-0.0189607403	-0.1169986728	-0.0591017988	0.0068620271	-0.0106412853	0.0520307265	0.0011269298	-0.0683358898	0.068382636	-0.0660865534	0.1031637795	-0.0620641469	-0.0741446999	0.1096061801	-0.0904416338	-0.04225572	-0.1017641571	0.063900152	-0.010866692	-0.2370295290925241	-9.917699169639804e-05	0.0561829976618237	9.836075681947406e-09	0.1160661008681245	0.000338035529225	0.0134713397707296	1.1426801901848989e-07	-0.215427925558842	0.0225421253900464	0.0464091911105859	0.0005081474171005	-0.0011029749776762	-0.0008305780036918	1.216553801379814e-06	6.898598202166558e-07	8.581519698580564e-05	-0.0002732627107266	7.364248033712625e-09	7.467250907370105e-08	-0.0005719529481131	-1.754930700000219e-09	3.07978176180326e-18	3.271301748552665e-07	0.0
533.7018781530866	1.2950275287821569	284837.69474413205	1.67709630030362	518.071366421012	-0.960529646762552	0.9226172023097932	268397.94070533453	519.8892634279102	0.8316556947031586	270284.846227615	0.6916511945321934	528.8177919339407	442.7513423749745	1.124271	20.776052	0.1450240006566814	0.0730751384189304	0.1833540855	-0.0256613499	-0.0552175753	-0.0418099746	-0.0447018569	0.1716595772	0.0396437143	0.0544267889	0.0708803094	-0.0759292464	-0.0352140013	-0.0027590953	-0.1299888261	-0.0966162897	0.051647441	0.1095734115	-0.0146718467	-0.0634442206	0.0166888099	-0.0167103793	0.1057167929	-0.065134606	-0.0028611478	0.0949955173	-0.0413403367	0.0517860033	0.0414118106	-0.0114665552	-0.0205580303	0.1667232282	-0.0282252212	-0.0629542764	-0.0466738432	0.1184710376	0.0639934525	-0.1449948911	0.0469732736	0.0807178116	-0.0888036457	-0.0428434977	-0.0959803081	0.0517620758	0.0076295425	0.0106312683	0.1648296375	0.0640761345	0.0342763848	-0.0040189341	0.0358925345	0.0749168593	-0.0753545219	-0.0030089302	0.0189265506	0.029070115	-0.0715791174	-0.1602328296	-0.0107897741	-0.0199617548	0.0628204776	-0.0135947179	0.0310966471	0.0058027551	0.0636260679	0.0667119742	-0.0532828195	0.115408602	0.0933816127	0.0348209286	-0.0514670403	0.100033641	0.0811116227	-0.003702552	-0.0388634294	0.070321144	-0.0790518359	0.0823951613	-0.1898075764	-0.0443551412	0.1416680133	-0.0531112851	-0.0027471992	0.0501209734	-0.0350447528	0.0969849238	-0.0495590481	0.0227585202	-0.072626632	0.0788539749	0.0390565603	-0.1028845713	0.0678715947	-0.0180634961	-0.2026412968775304	0.0343882322149936	0.0410634952002074	0.0011825505148723	0.0700918091365707	-0.0459742917315537	0.0049128617080374	0.002113635500218	-0.2378555982197667	-0.0224276726609247	0.056575285604483	0.0005030005009855	-0.0004779892701409	0.0006249857075353	2.284737423698303e-07	3.9060713462339963e-07	5.609103513481983e-05	-2.972416185098581e-05	3.146204222495593e-09	8.835257977436e-10	-0.0003819867365152	0.0001899662115978	3.6087161548858105e-08	1.4591386687353289e-07	0.0
535.1985233763875	1.4966452233009022	286437.45942426554	2.2399469244294075	520.1749103812284	2.1035439602163706	4.424897192562772	270581.937390119	519.512317998265	-0.376945429645275	269893.04855193035	0.1420878569304609	528.7920179686571	452.4078466646865	1.01309	18.721458	0.0791429806320409	0.0383258244014586	0.1404338283	-0.0390059906	0.0712402024	-0.0365358887	0.0612320672	0.0558656144	0.2107678395	0.0093354673	0.0697846892	0.0409619277	-0.056153287	0.0266250229	-0.0456072654	0.0589556124	0.096152905	0.0052182886	0.0132225323	0.0064174504	0.1121482076	-0.0149190803	0.1223189798	-0.105045586	0.0455700538	0.0625238483	-0.1857327043	-0.1149215145	-0.0890958233	0.1006733348	0.0080074013	0.0688079936	0.1206763406	-0.031079838	-0.0752787106	-0.0858035418	0.0250232425	0.0130719815	0.0370004688	0.1123185944	0.0173398015	0.0612267229	0.017473595	0.0145311349	0.0864805599	0.0513475299	0.1107346968	-0.0575778537	-0.1365825029	-0.0223762087	0.027147109	0.1249105179	-0.1102977244	0.0464943363	0.009744237	-0.0837430828	-0.1154734641	-0.0145673767	0.1777534804	0.0516592723	0.0634014072	0.029629901	0.1071692115	0.0319135932	-0.0672016466	0.0117656997	-0.0937347648	0.0985610888	0.1107099162	0.0389535772	-0.0001252764	0.0965125301	-0.1158297676	0.0037732734	0.03831762	-0.1069468661	-0.0985949625	-0.0262861906	-0.0810590371	0.0247964132	0.02243547	0.0340330434	0.0051864448	0.0018509046	-0.1837312751	0.0349964219	0.0235118888	0.0162940565	-0.1219517398	-0.056591986	-0.0658562458	-0.103959857	0.0717239676	-0.0251890118	-0.2201109075297722	-0.0174696106522417	0.0484488116135799	0.0003051872963409	0.0638883645409436	-0.0062034445956271	0.0040817231237164	3.848272485101514e-05	-0.2266935997655537	0.011161998454213	0.051389988174665	0.0001245902094918	-0.0010534613911026	-0.0005754721209617	1.1097809025438251e-06	3.311681620041577e-07	0.0001238293044392	6.773826930438017e-05	1.5333696637896078e-08	4.588473128352733e-09	-0.0006249348848483	-0.0002429481483331	5.902380277848198e-08	3.905436103003581e-07	0.0
535.6140520362956	0.4155286599080909	286882.4127387395	0.1726640672050139	521.4793739496275	1.3044635683991146	1.7016252012805515	271940.73745489545	520.836373452838	1.3240554545729992	271270.5279115041	1.7531228467845117	530.1493334736316	456.03560116909983	1.025707	18.954622	0.0873788984710463	0.0433211489961884	0.130865124	-0.0392585377	0.1347513502	-0.0469685784	0.0201705231	0.0299186689	0.0481217205	0.0374185606	0.0690259167	-0.0390358499	-0.1832582761	0.0386483362	0.177241199	0.083305822	0.0735998832	-0.0662250527	-0.0490896387	0.0571078456	0.0447954824	0.0785618171	0.2150580732	0.0984461115	-0.0980147203	0.0706247978	-0.0244044517	-0.0203980035	-0.0452274421	-0.06441703	0.0179014156	-0.0045061347	0.0763939349	0.0344221736	-0.0180836232	0.0573647164	-0.115939138	0.0371930901	0.2124713448	-0.0301931141	-0.1381896219	-0.1354363004	0.0720237677	-0.1851005081	-0.0861537155	0.0500716275	0.0989972329	0.0430730748	-0.0979083202	-0.0945983355	0.0472012589	0.05609579	0.1816771609	-0.0125623932	0.0120214474	-0.0848028505	-0.0114497143	-0.0249932483	0.0890380926	0.0026535398	0.0261493579	-0.0442773643	0.1305157902	-0.0718872188	-0.0631119522	-0.114905799	-0.0515751039	0.1051155039	0.109250064	0.0526157753	-0.0523248017	-0.0446134496	-0.0063965854	0.1149238033	0.0278166557	-0.0183056	-0.0125583221	-0.0533789468	0.1087350393	-0.1208481158	0.0452909665	0.0297000168	-0.1097267723	-0.1049733519	-0.0753548017	0.0902391948	-0.000205547	0.0034842404	-0.0125907372	0.0507614564	-0.0755259644	-0.1049895425	0.0754505123	-0.032215118	-0.2390844897896897	-0.0189735822599175	0.0571613932579962	0.0003599968237738	0.0974252912087365	0.0335369266677929	0.0094916873671071	0.0011247254503209	-0.2417828912805646	-0.0150892915150109	0.0584589665159893	0.0002276867184249	-0.0011603974570361	-0.0001069360659334	1.3465222582958476e-06	1.1435322197333848e-08	0.0003593314967871	0.0002355021923479	1.2911912458325768e-07	5.546128260066729e-08	-0.0005717911825632	5.314370228510005e-05	2.8242530925673477e-09	3.269451564570227e-07	0.0
535.1772470931976	-0.4368049430979681	286414.68580625346	0.1907985583148191	523.6035312209018	2.124157271274271	4.512044113107357	274160.6579069979	520.3557035462657	-0.4806699065723023	270770.0582131291	0.2310435590842258	530.7981740186663	452.82465023269305	1.101955	20.363649	0.1053631689903691	0.06207323646962	0.0535243456	-0.0884198551	0.0616171767	0.0650025874	-0.013332425	-0.0137147281	0.0404118686	0.1310972405	0.0887426279	-0.0877943608	-0.0360520557	0.0478171949	0.0854414003	-0.0063702257	0.0466053153	-0.0788517538	-0.0447346625	0.0671907745	-0.2142745271	-0.0542528947	0.071277107	0.1227745931	0.0310309565	0.0549688723	-0.1095785461	-0.1025095909	-0.0071283772	0.0597226328	0.0022353889	-0.0830779727	-0.0372255275	0.0208073502	-0.1247217494	-0.020647971	-0.0247123047	-0.0396949803	-0.0834992356	0.0911811852	0.0723068968	0.0232351524	0.1532628233	0.0766351894	-0.0723935598	0.0377036142	0.0517776489	0.0392447755	0.0154464347	-0.1920938037	-0.1208215291	-0.0754693448	0.093534845	0.092754178	-0.1146481238	-0.0293546781	-0.0195801206	-0.0272720951	0.0215797809	0.0390031208	0.0614781949	0.0634657396	-0.0172901584	0.0299548183	-0.0680382094	0.0219271478	0.0722249018	0.0439868006	0.1407237852	-0.0238806606	0.082892947	-0.0285412194	-0.0340566192	0.0257217521	0.0878782075	0.1571292381	0.0906108844	0.0920804661	0.0771853998	-0.1097630985	-0.016201246	0.0196790921	-0.188493065	-0.0923934702	-0.0954950738	0.0763348573	-0.0645861135	-0.0475515236	-0.0509729842	-0.041883969	-0.1588333688	-0.105973176	0.0790446912	-0.0391140859	-0.2201578401973591	0.0189266495923306	0.0484694746003659	0.0003582180647908	0.0963654507667115	-0.0010598404420249	0.0092863001014714	1.1232617625517311e-06	-0.2224747793186878	0.0193081119618767	0.0494950274328988	0.0003728031875323	-0.0022219733558517	-0.0010615758988156	4.9371655941148656e-06	1.126943388946149e-06	9.963524767786502e-05	-0.0002596962491092	9.927182579829509e-09	6.744214180140583e-08	-0.0005718903745211	-9.91919579000286e-08	9.839044512041047e-15	3.270586004698841e-07	0.0
535.711565250621	0.5343181574233995	286986.88114327035	0.2854958933523367	521.3026642555415	-2.300866965360342	5.293988792286509	271756.46775992576	520.2865586514432	-0.0691448948224433	270698.10311336163	0.0047810164800067	530.7615552582716	453.7310852132818	1.125128	20.791878	0.0618091600773866	0.0282608734078878	0.0183486329	-0.0090553279	0.047424294	-0.0274906548	-0.0863270642	-0.0094755561	-0.0831921718	0.0496315644	-0.0029292399	-0.1110767661	-0.1087004982	0.1031922323	-0.0141138571	0.0999196583	-0.0035484738	0.0997378221	-0.040010672	-0.0912717449	-0.0102306046	-0.0599417785	0.0501131748	0.1009169228	0.0159293129	0.0509222374	-0.0087625112	0.027334283	-0.0386580747	-0.0099880327	0.0827351055	-0.0471787981	0.1301048131	0.123023368	-0.0085051727	-0.0107448186	-0.1378694698	0.0600467045	0.0134408624	-0.0019789429	-0.0078277927	-0.2241591121	0.0632094717	0.1456675195	-0.0591410611	0.0183495556	0.0104801236	0.1571449646	0.0782200136	-0.0288841143	-0.0533542327	0.0940665394	0.036025743	-0.0394490669	-0.0513458637	-0.0381727043	-0.01055616	-0.0431741144	0.0441017677	0.0228685601	-0.0492400574	-0.0539189681	0.0430522612	-0.0542521549	-0.0870472659	-0.048590757	-0.1400700192	0.0351342525	0.0806770743	0.0958439471	-0.0002515717	-0.0739829343	-0.1271866777	0.0147994895	0.0279873645	0.0032785739	0.1232151359	0.0859393484	-0.1278587374	-0.1187229166	0.1026534933	0.0273805834	-0.1753426375	-0.1770090382	-0.0608703977	-0.036606815	0.0933132596	0.007321152	0.1176262636	0.033716985	-0.1684639973	-0.1069103263	0.0825001988	-0.0458586883	-0.22014228071356	1.5559483799082452e-05	0.0484626237577678	2.420975360939093e-10	0.0809829634040539	-0.0153824873626575	0.0065582403617023	0.0002366209174623	-0.2047900601625372	0.0176847191561506	0.0419389687413756	0.0003127492916319	-0.0024510131330464	-0.0002290397771946	6.007465378365929e-06	5.245921953739782e-08	-5.603177569302176e-05	-0.0001556670233708	3.139559887313104e-09	2.423222216515221e-08	-0.0003820692935911	0.00018982108093	3.6032042765433626e-08	1.459769451052022e-07	0.0
535.0255130353371	-0.6860522152838939	286252.2995987257	0.4706676420959383	521.6966272398483	0.3939629843068815	0.1552068330039841	272167.37087343325	520.3572827429867	0.0707240915435249	270771.7017036647	0.0050018971246569	530.79348208045	451.45956423242336	1.048572	19.377153	0.171032077337868	0.0875769590121011	0.0125913456	0.0266924927	0.0127024775	0.1412685036	-0.1138812849	-0.0725415785	0.0080263402	0.0066218906	-0.053205406	-0.0181395688	-0.0516515637	0.0483188653	-0.0289301942	0.1041775586	0.0773298295	0.0114958037	0.0126225215	-0.0023811491	-0.0785580888	0.0266526493	-0.0215303306	0.0142861738	0.1097692302	0.0540024718	0.1440065036	0.0471946076	0.0122241972	0.0075930734	-0.0253129792	0.062222792	-0.0538900688	-0.002015446	-0.0312983124	0.0206974294	-0.0743023708	0.0913345141	0.107398479	-0.0234432587	0.0227084212	-0.0056203079	-0.0399722906	0.024720951	-0.0181946786	-0.046993001	0.0301464079	0.0610917754	0.0310603439	-0.0938759451	-0.0991043563	-0.0222371804	-0.0302592568	-0.1340609548	0.0199642848	-0.03744087	0.0231143846	-0.0846522258	-0.0791623235	0.1176863537	0.0255561106	-0.0189459146	0.0290448793	-0.0965474397	-0.1104678655	0.0766982071	-0.0164977649	0.0533904881	0.051634902	0.0632075637	0.1092882979	0.1230018043	0.0272229139	-0.0562317498	-0.0070239195	0.0304069059	-0.0193103816	0.036252327	-0.0930468881	-0.0903901041	0.1292435233	-0.0431764402	-0.2004902595	-0.0817924907	-0.0294376282	-0.0343777115	0.0533471105	0.0116063196	0.0237162598	0.0174301665	-0.0552094791	-0.1078005821	0.085810973	-0.0524223074	-0.1842700833765036	0.0358721973370564	0.0339554636275835	0.0012868145417887	0.0266372812150308	-0.0543456821890231	0.0007095447505286	0.0029534531725903	-0.257995757049926	-0.0532056968873888	0.0665618106557644	0.0028308461812726	-0.002337000294118	0.0001140128389283	5.461570374707619e-06	1.2998927440513278e-08	2.40280102106194e-05	8.005978590364116e-05	5.773452746816301e-10	6.409569318936859e-09	-2.3971899935146604e-05	0.0003580973936559	1.2823374334318686e-07	5.746519865006816e-10	0.0
533.3723310035476	-1.65318203178947	284486.043480158	2.73301083023156	517.6663541926894	-4.030273047158971	16.243100834656058	267978.4542631509	518.8034063553604	-1.5538763876263602	269156.9744459252	2.414531828022746	528.1836078440477	443.4670232400733	1.138921	21.046766	0.2224283531321237	0.0965713691293223	-0.0601538726	0.1150646188	-0.084136739	0.0516114224	-0.1501909072	-0.0344125173	-0.0626462535	-0.0685550068	-0.042786638	0.0310162088	-0.0090242175	0.032726264	-0.0578413127	0.0850901243	-0.0883125452	0.0316733776	-0.0115294046	-0.1092292712	-0.0375941531	-0.0887921563	-0.1257387872	0.0124574303	0.0720486592	-0.1015473341	0.0357595562	-0.0385234876	-0.0741802002	-0.0189506383	-0.1256415037	0.0059473768	-0.1544480271	0.0970781624	0.0162336269	-0.1138330203	-0.0018880123	-0.0607723924	0.0519736974	-0.0379288389	-0.1562435015	-0.0432760453	-0.0311673233	0.170056851	-0.0573215502	-0.1061004158	-0.0442550049	0.0909308262	0.0961245235	0.0572694276	-0.0573605615	-0.061381234	-0.0581338568	-0.1263287847	0.0071550446	-0.0878161183	0.0088250808	-0.0504459089	0.060044478	0.0364389102	-0.0760538733	-0.0956995083	0.032346999	0.1267286445	0.0687966834	0.0925352461	-0.0466135566	-0.0198836737	-0.0912452634	0.0199805413	-0.0011162275	0.0476395419	-0.2034873896	-0.1138692283	0.0333465913	0.0088119526	-0.0515251692	-0.0823825341	-0.0874213455	-0.0538113165	0.2544281014	-0.0127713355	-0.0009296719	-0.0743170345	0.0707879125	-0.0306984247	0.1023763369	0.0832598372	-0.0162953114	-0.0835918551	-0.1611027208	-0.108643553	0.0889712056	-0.0587790397	-0.123340876841226	0.0609292065352776	0.0152129718999624	0.0037123682090185	0.0729782851201292	0.0463410039050984	0.0053258300990748	0.0021474886429323	-0.2806372644279804	-0.0226415073780544	0.0787572741856202	0.0005126378563504	-0.0029348199912426	-0.0005978196971246	8.613168380997215e-06	3.573883902701486e-07	-0.0005983905463948	-0.0006224185566054	3.580712460146673e-07	3.8740485960677373e-07	0.0006061225526087	0.0006300944525438	3.970190191265297e-07	3.673845487808864e-07	0.0
533.2963193316647	-0.0760116718829522	284404.96421270084	0.0057777742624415	518.2086868019991	0.5423326093097103	0.2941246591206788	268540.24307705235	519.0897659389705	0.2863595836100785	269454.1851025751	0.0820018111253375	528.1858529444273	441.2916998841246	1.134762	20.969904	0.1395001119698192	0.0686392810796228	-0.0753960419	0.1501730625	-0.0975449039	-6.34319e-05	-0.056536547	-0.0599868719	-0.0159824883	-0.2155240978	-0.0923141291	0.0809849451	0.0236635542	0.0449982656	-0.0131311162	-0.1168429512	0.0117151841	-0.0613990113	0.0799382135	-0.136567836	0.0449589581	0.0157107298	-0.1152662317	-0.0045760644	0.0358153565	0.0538754764	0.1406787654	-0.0389086808	-0.1082380791	0.0068468723	-0.1915618919	-0.015417349	-0.0517547433	0.0516357789	0.0719588343	-0.1715345428	0.0931084726	-0.0785374614	0.1128392678	-0.0706956875	-0.1738859982	0.0191688758	-0.0699378298	-0.174475982	0.0191245288	-0.0881256612	-0.1140829734	0.0582349426	-0.0783167545	0.1500327765	0.0094107286	-0.1021177204	-0.0791456743	-0.034319974	0.1428402781	0.0322802993	0.1590746698	-0.1309626585	-0.0199146046	0.048683966	-0.0615711132	-0.0570433467	0.1503573402	0.032759229	0.2421114432	-0.0112506404	0.1323940149	-0.0300534537	-0.1865876515	0.0385195649	-0.0605843628	0.1005160007	0.0366781526	-0.0152463328	0.0289359935	-0.0200189244	-0.0466200082	0.0434976037	0.0337111765	0.0631622467	0.3088870427	-0.0550279407	0.0731426116	0.1561388736	0.0566195743	0.1746924322	-0.0797227368	0.1262158343	-0.1098246494	-0.1287481422	-0.2120862291	-0.1094388693	0.0919753525	-0.0649037979	-0.0683742812669692	0.0549665955742567	0.0046750423387746	0.0030213266290239	0.0613123758675158	-0.0116659092526134	0.0037592074345195	0.0001360934386902	-0.3109383080177395	-0.030301043589759	0.0966826313929346	0.0009181532426284	-0.0025151761060189	0.0004196438852237	6.326110844288396e-06	1.761009904056421e-07	-0.000939880513183	-0.0003414899667882	8.833753790611395e-07	1.1661539741700595e-07	0.0006963199716606	9.019741905190004e-05	8.135574403624061e-09	4.848615029334188e-07	0.0
534.3697489163277	1.0734295846630175	285551.0285568991	1.1522510732298183	521.8567598342895	3.6480730322904265	13.308436848924666	272334.4777847433	519.9960851971629	0.9063192581924112	270395.92862037505	0.8214145977704428	528.5069220983437	442.8144711378716	1.34536	24.861679	0.2357095191893878	0.1258645283610064	-0.0314392362	-0.019720278	-0.0801718731	0.0349209155	0.1033301965	-0.0295822137	0.110714004	0.0831876581	-0.0210467513	0.0180856084	0.1630235878	0.1209946062	0.2132800261	-0.1076772246	-0.1073617137	0.0075820033	-0.0132568601	0.1563788178	0.0318909074	-0.0421560187	-0.0400784651	-0.0333274875	-0.0960422457	-0.1352716838	-0.0740789048	0.0974263313	-0.2112046226	0.0284027672	-0.1613645561	-0.22518089	0.0055939201	0.0047974035	-0.0787022404	0.1770183074	0.0045768688	-0.1474036039	0.1208465779	0.0265923581	-0.0107449772	-0.0729967172	0.0536069954	0.0137662817	-0.0250482336	0.0323967476	-0.0407591025	-0.1381193023	-0.0400504835	0.0377800796	0.018207281	0.0326395944	-0.0303002849	0.2200536239	-0.0908742281	-0.0195084956	0.1334177575	0.1341833267	0.1389053393	-0.0209125416	-0.0077010015	-0.1268600833	-0.0661329821	-0.0144966519	0.1226216058	0.018614172	-0.0595994993	-0.0680545056	-0.0550563436	-0.1556072677	-0.040357517	0.0028559466	-0.096793339	0.0715994953	0.0442804589	0.0689529166	0.023667994	0.0674153517	0.1028124431	0.0808820797	0.1203894323	0.0481195167	-0.1692465457	-0.0375227994	-0.0693173704	-0.0188699564	-0.0561391421	0.0470043767	0.0422475091	0.0994111558	-0.1495257813	-0.1101861821	0.0948181434	-0.0707724105	-0.0900065742403057	-0.0216322929733364	0.0081011834064756	0.0004679560992842	0.1406900949599645	0.0793777190924487	0.0197937028198438	0.0063008222883196	-0.2434392595844769	0.0674990484332625	0.0592626731070383	0.0045561215393959	-0.0036161782756025	-0.0011010021695836	1.307674532093947e-05	1.2122057774277943e-06	-0.0010905997833083	-0.0001507192701252	1.1894078873521109e-06	2.271629838710313e-08	0.0006040322375627	-9.22877340979e-05	8.517025864924698e-09	3.648549440150021e-07	0.0
535.2706239175128	0.9008750011851134	286514.64082904346	0.8115757677602782	520.8412477626357	-1.0155120716538022	1.0312647676745972	271275.60537093924	519.9098249759729	-0.0862602211899457	270306.2261065468	0.0074408257597383	528.1461551850217	450.6561428368916	1.425589	26.344271	0.4207532787525456	0.1829386469517586	-0.2179206551	0.0759497684	-0.0146821116	-0.0153684573	0.0074782513	-0.0869598412	-0.1266129958	-0.0017730885	0.0633599895	0.1267338529	0.0726198167	-0.0696138623	-0.0829068702	-0.058887187	-0.1206022435	0.1371303005	-0.1029643781	0.0758299095	-0.0243351759	0.0163008205	-0.286935671	0.0118546021	-0.1136928896	-0.1048994478	-0.1205373723	-0.0059005695	0.0118543025	0.0140945062	0.0164386301	0.2335736848	-0.0570392149	-0.0178954532	-0.0401849631	0.0229179156	0.0165898616	0.0217045185	-0.0844812984	0.1171856047	-0.0293436518	-0.0068324276	0.0749408923	-0.0586960034	0.0719737967	-0.0937003428	-0.2158594207	-0.1406558344	0.1627930376	-0.0036505693	0.0953138144	-0.0124788297	-0.0196433602	-0.0290109487	-0.0024082486	0.069349263	-0.0066254489	-0.0196347694	-0.0275797179	-0.0081122343	0.0155362623	-0.0271154931	0.096028874	0.2903574867	-0.0064949236	-0.1030069683	-0.0213687757	-0.1523691054	-0.2492969287	-0.0005014446	-0.0077518271	0.0451342516	0.0320235187	0.0281324063	-0.009264315	0.017814827	-0.0617759638	-0.1690343512	-0.0270999097	-0.0307118125	0.1227951573	0.0566868264	0.1072943482	-0.0128512423	-0.0044708206	-0.1192501243	-0.2428667671	-0.1685179563	0.1638359662	0.0785900772	0.0102397212	-0.1108851636	0.097494591	-0.0763617167	-0.0428773981612948	0.0471291760790109	0.0018384712730822	0.0022211592378864	0.0322426467785419	-0.1084474481814226	0.0010395882712858	0.0117608490170623	-0.345812792247429	-0.1023735326629521	0.1195864872819634	0.0104803401898925	-0.0054948550902415	-0.001878676814639	3.019343246275292e-05	3.52942657386214e-06	-0.0015377273522816	-0.0004471275689732	2.36460540995498e-06	1.9992306293597315e-07	0.0015342902905336	0.0009302580529709	8.653800451172098e-07	2.3540466956256786e-06	0.0
533.7838559812843	-1.486767936228489	284925.2049062485	2.21047889619712	522.8652278811433	2.023980118507552	4.096495520113844	273388.04652719985	519.463509903174	-0.4463150727989387	269842.3381209249	0.1991971442075219	528.3413994798806	448.4121000521377	1.062214	19.629261	0.1258633440509272	0.0793810760270717	-0.1905897365	0.0581663991	-0.0245206755	0.1076300332	-0.0432664493	-0.15676502	-0.0484227754	0.0202016297	-0.070494827	0.1502203967	0.1132817238	-0.118215563	-0.01303444	0.0132867055	0.0044450657	0.082365609	0.084429553	0.0444917637	-0.0978330827	-0.0077304339	-0.1477905237	0.1064459469	0.0841220693	-0.2020106729	0.128378967	-0.0416900359	0.1430830639	-0.022755195	-0.0107623812	0.0560920941	0.0770264538	0.0718183992	0.07086685	-0.0804245094	-0.0027859774	0.1179801488	-0.1150864739	-0.0175775268	-0.0269646251	-0.0664307175	0.090298581	0.0096354388	0.0659912592	-0.1224770299	-0.1305589184	-0.1561193377	0.1244735036	0.0135911617	-0.1067751853	-0.0991366531	-0.0018349742	-0.1301415443	-0.0499086411	-0.0205960137	-0.0258674486	0.0600620242	-0.0580956092	-0.0801181551	-0.0496890339	0.0524180719	-0.1283030613	0.0764879989	0.0727622363	-0.0166217701	0.0349615677	-0.1529148742	-0.1851920443	-0.1162048815	0.0844564903	0.0340972153	-0.1090032164	-0.0293631779	-0.0443628839	0.0437556755	0.046674294	-0.1480226451	0.0323029882	-0.0563270334	0.0039955467	-0.0249355993	0.0164988308	0.0898933163	0.1138752066	-0.1363027023	-0.1355279607	-0.2260822236	0.0098800561	-0.097291698	-0.1680706621	-0.1115355072	0.1	-0.0816496581	-0.0458226220582531	-0.0029452238969582	0.0020997126922935	8.674343803214212e-06	0.0998865119772318	0.0676438651986899	0.0099773152749776	0.0045756924990185	-0.326531765508335	0.0192810267390939	0.1066229938859902	0.0003717579921136	-0.0060763882018562	-0.0005815331116147	3.692249357965723e-05	3.3818075990427573e-07	-0.0015959357607577	-5.820840847610008e-05	2.547010952465259e-06	3.3882188173205203e-09	0.0014541672463007	-8.012304423289998e-05	6.419702217147247e-09	2.114602380213761e-06	0.0
535.2940880097691	1.5102320284847792	286539.76065821043	2.280800779861251	523.1816277082577	0.3163998271144237	0.1001088505980372	273719.01557146193	521.0680458662489	1.604535963074909	271511.90842287126	2.574535656800726	529.9567595660989	444.0367768664148	1.217821	22.504808	0.237623142749148	0.1139072788853292	-0.1643810313	-0.0018657184	-0.107423723	-0.0628638295	0.1045527656	-0.0391154767	-0.1767652831	-0.0090478185	0.0416660845	-0.0104560908	0.0932155098	0.0656906734	-0.0055415234	-0.0056307192	0.1063160454	-0.0731729898	0.0464962092	0.0452192524	0.029462982	-0.0237292721	-0.0981960171	0.2495142798	0.0334683245	0.0016638478	0.0100291693	-0.0407908982	-0.0985425386	0.0565977564	-0.0923542726	-0.0701805557	-0.0081323448	-0.1182298652	0.0339465962	0.0727293738	0.1838255562	-0.0773217192	0.0906378757	-0.0555896075	0.0195121028	0.1127436409	-0.0015202117	-0.0282307842	0.0012060113	0.0640260152	-0.1932206421	0.0255956624	-0.0131260045	0.1215125614	-0.0310728189	0.0467909076	0.0527119517	0.1215119289	0.053070207	-0.0166745782	0.1532254692	-0.0418860833	0.0040039261	-0.0575818652	-0.0139804206	0.1574204505	0.0341373319	-0.0644633993	0.0850048861	-0.1102418812	0.1920447308	-0.1411436092	-0.1082204422	0.0079335746	-0.0538496998	-0.0896328879	-0.0068127862	-0.0109563486	-0.0176562538	0.017092388	0.0543238238	0.1767185605	0.0622568762	0.0920727725	0.0454299473	0.0028863712	0.0926897837	0.0062285052	0.113099123	-0.0871182574	-0.0734412173	-0.0098457842	0.0089513649	-0.1410106473	-0.0806368335	-0.1121369276	0.102329975	-0.0866153656	-0.085749787759596	-0.0399271657013429	0.0073530261008157	0.0015941785609424	0.1252579182894635	0.0253714063122316	0.0156895460942099	0.0006437082582603	-0.2331942848832966	0.0933374806250384	0.054379574502232	0.0087118852894294	-0.0052588715765551	0.0008175166253011	2.765573025869912e-05	6.683334326437003e-07	-0.0011709476098185	0.0004249881509392	1.371118304939658e-06	1.8061492843872025e-07	0.0011169302203303	-0.0003372370259704	1.137288116853603e-07	1.2475331170870924e-06	0.0
537.7433826237839	2.449294614014775	289167.9455556692	5.9990441062417865	527.2667618596276	4.085134151369971	16.688321034689253	278010.2381619373	521.5976912308838	0.5296453646349164	272064.15149738843	0.2805242122792535	531.3987025987074	455.6285261748939	1.087559	20.09763	0.0572191958755541	0.0295557135516204	-0.1346016137	-0.046560838	0.0394149716	0.0421246591	0.1364831549	-0.1677518235	0.0512566657	0.1064015874	0.0502703726	-0.0024384795	0.0695562397	0.1130511549	0.0501086044	-0.097651328	0.1150883415	-0.0566919201	-0.0480400583	0.1029116783	0.0652632282	-0.0306226515	-0.0053981243	0.1221287919	0.211735479	0.0295802335	-0.0287226064	0.1282474423	0.0290572661	-0.0520756782	0.0277927623	-0.0017058254	0.1726864548	0.1108534778	0.0934560728	-0.02546058	0.029360363	-0.0914570085	-0.1291949172	0.0194549381	0.1273823275	0.0364877285	-0.1505144591	-0.0149546911	-0.0511008628	0.0851991354	-0.1611168039	-0.0510128644	-0.085145099	-0.0632031968	-0.0835846412	0.144447259	-0.0642755392	0.0617848055	-0.1113438142	-0.0050595986	0.072982238	0.0107741647	0.0633661697	-0.1356479181	-0.0779282886	0.045821631	-0.0285652083	-0.194419186	0.0447441501	-0.1051118652	0.0882843084	-0.1221817471	-0.0352303131	-0.0702395886	0.0203017498	-0.0303327794	0.0024801503	0.1273158065	0.0859708523	-0.0843474792	-0.0208698448	0.2241760372	0.0559191428	0.1329940336	-0.1002997048	-0.1038822349	-0.0119954555	0.0198833197	0.0183970086	-0.1178790645	0.0717781177	-0.0827978601	0.0772377262	-0.0592922079	0.0012721592	-0.112689161	0.1044804285	-0.0912392418	-0.1041041631593628	-0.0183543753997667	0.0108376767871112	0.0003368830963155	0.138613545378277	0.0133556270888134	0.0192137149623356	0.0001783727749354	-0.2335504742244154	-0.0003561893411188	0.0545458240104493	1.268708467266496e-07	-0.0052949062366384	-3.603466008330041e-05	2.8036032054792225e-05	1.298496727319004e-09	-0.0014008415829014	-0.0002298939730828	1.9623571403857e-06	5.2851238859841135e-08	0.0008797987725794	-0.0002371314477508	5.62313235124378e-08	7.740458802322188e-07	0.0
535.038157933101	-2.705224690682826	286265.83044444595	7.318240627079991	522.0176346091337	-5.249127250493984	27.553336891878537	272502.410842915	520.9000123873224	-0.697678843561448	271336.8229051126	0.4867557687532395	530.164295347572	454.23743431689	1.280382	23.660913	0.2256213426866979	0.1231931392162313	-0.1320111183	0.076419588	0.0734384907	-0.0117870381	0.013207481	-0.1338164353	-0.1322136196	-0.20654941	-0.0334707675	-0.0253083135	-0.0195647937	-0.1240623007	-0.0240635887	0.0389158075	-0.1261003608	-0.0873962481	-0.0764215463	-0.0329436546	0.0838277443	0.153194807	-0.1441418627	0.146218047	-0.0105847652	-0.0403251384	0.0619238045	-0.0340349368	0.0804766779	0.0386115544	0.0887649267	0.0001464615	-0.0147144865	0.0425101777	-0.0119274698	0.0491226612	-0.035713108	-0.0508219029	0.0722362756	0.0699498715	0.0958333369	0.0599825441	-0.0666839676	0.0382477818	0.0871106957	-0.0441766955	-0.1689141033	0.0797694252	-0.0344594946	-0.0136774119	0.0341442934	-0.0205647587	0.0702198403	-0.1513004308	0.0381510888	0.0440075057	-0.039777896	0.1297454934	-0.1577466261	-0.0628287326	-0.0301711772	0.0094792377	-0.1106184968	0.0272361689	-0.1075541973	0.0374358269	0.074932312	-0.0641402229	-0.1353620301	0.097290464	0.0166949648	-0.002548486	-0.0073525153	0.0286597635	0.0077392675	-0.1258601639	0.0773192526	-0.1160413941	-0.0296186357	-0.054746765	0.0543797805	-0.0484574323	-0.0467900895	0.1642532448	-0.0381273215	-0.1544269557	-0.131717442	0.0443202024	0.0069673376	0.0553343281	-0.0857486183	-0.1131919653	0.1064475877	-0.0955030384	-0.0946725343597449	0.0094316287996178	0.008962888762097	8.895562181378173e-05	0.0565135865490873	-0.0820999588291896	0.0031937854646411	0.0067404032397546	-0.3073554380693508	-0.0738049638449353	0.0944673653108025	0.0054471726881522	-0.0045511005382548	0.0007438056983836	2.071251610930313e-05	5.532469169479153e-07	-0.0009420143748621	0.0004588272080392	8.873910824468332e-07	2.1052240683713905e-07	0.0008828616904156	3.06291783620002e-06	9.381465671312212e-12	7.794447644034907e-07	0.0
533.2380358296243	-1.800122103476724	284342.8028554357	3.240439587425466	523.4977407056232	1.4801060964895214	2.1907140568654486	274049.8845238919	520.0996183016115	-0.8003940857108773	270503.61295748194	0.6406306924409513	528.6384555371279	447.4027540086784	1.119229	20.682865	0.164348870603294	0.094731591826566	-0.1372164189	-0.0306184203	-0.0231840642	0.0473788031	0.1093773206	-0.1278506796	0.0149398572	-0.0310838181	-0.0794528972	0.1055762684	0.0588338218	-0.0816064036	-0.0278659147	0.0779724533	0.0171672742	-0.0331709575	0.0182608556	0.1092943879	0.1315522779	0.0388601396	-0.0374641323	-0.0492766744	0.0507041057	-0.1273681989	0.058541665	-0.1163467247	0.1771349485	-0.0102343839	-0.0667618513	-0.2058352662	0.0143842255	-0.0284496021	0.0674713734	0.0468245655	-0.0506764202	0.0212987125	0.050164826	0.1416131647	0.0050045549	0.0336329109	0.0529946006	-0.0078826728	0.0436683635	0.0435201061	-0.0941499977	-0.1507828018	-0.0208691606	0.0286119332	0.0167814884	-0.0631775123	-0.0641985466	-0.1565947227	-0.0487783709	-0.0576788145	-0.0103794318	0.1740511712	-0.10661354	-0.0100428052	0.0723212817	-0.0084349774	-0.0758201496	-0.0366618341	-0.0268511824	-0.0373398998	0.095521464	-0.1238953805	-0.0389769494	-0.0402092977	0.0839715169	-0.0313943452	0.0589077072	-0.0047302257	-0.0484916803	-0.0965109497	0.0432569016	-0.0361616727	0.0365528065	0.0580828939	-0.0923653657	-0.070202728	-0.080076962	0.0432929657	0.0158766928	-0.1446104109	-0.0150479688	0.0578502779	-0.024356596	-0.1210191473	0.0539250628	-0.1136451198	0.1082280018	-0.0993899282	-0.1001239845721926	-0.0054514502124476	0.0100248122866126	2.9718309418796018e-05	0.1225123044596756	0.0659987179105883	0.0150092647440202	0.0043558307658414	-0.2611953700646978	0.046160068004653	0.0682230213432344	0.0021307518781941	-0.0053701681919724	-0.0008190676537175	2.883870641007211e-05	6.708718213664538e-07	-0.0009186301582619	2.3384216600200007e-05	8.438813676682835e-07	5.468215860050694e-10	0.0007905408712213	-9.232081919429996e-05	8.523133656706627e-09	6.249548690713321e-07	0.0
535.7812084452892	2.543172615664844	287061.5033230944	6.467726953067563	522.865916283186	-0.6318244224371483	0.399202100788036	273388.7664106557	521.1450979139345	1.0454796123229926	271592.21307972434	1.0930276197830349	530.0912453511039	444.681465635285	1.111578	20.541489	0.2165863615937663	0.1075392715909113	-0.1367408648	-0.0644763229	-0.0738658462	-0.0097965171	0.0158988989	-0.0003058206	-0.1707079421	0.1286948987	0.0400955607	-0.0621853541	0.1796802463	-0.0703087241	0.0031902592	-0.0009165569	0.1285266393	0.1000456074	0.0247013772	0.0759019246	0.0137808825	-0.0574686379	-0.1484423739	0.0750054417	-0.1463187495	0.1032208272	-0.1037056492	-0.0855220304	-0.0408909435	-0.0796234992	-0.0968191153	-0.0824984383	0.1293463577	0.097620111	0.1563270921	0.0625725321	-0.0569657056	0.0477380567	0.0175962019	-0.067538984	-0.070076254	-0.058090709	0.0308506994	0.0971995281	-0.0343717037	0.0449511733	-0.096876208	-0.055184015	0.134914231	0.1201639866	-0.0782341339	0.111095096	0.0911236715	0.0378754175	-0.0180840736	0.1511783343	-0.020019359	-0.0411404832	0.1213026463	-0.0206844694	0.137567936	0.0063335759	0.0436730081	-0.0365320921	0.0660769199	0.01679012	0.0514355852	-0.1354544377	-0.0013258485	-0.0937322589	-0.0116254002	-0.2309032699	0.050902743	0.0471553605	-0.1399000074	-0.0027752489	-0.01219082	0.199069897	0.0288178902	0.0689221319	-0.0459790151	0.0905553202	0.1395728235	-0.0476430906	0.1069805097	0.0734694205	-0.006538365	-0.2061106859	0.0543818392	-0.0014999473	0.092011452	-0.1140484259	0.1098185471	-0.1028845713	-0.1206088274704626	-0.02048484289827	0.0145464892637998	0.0004196287885668	0.1940901725014043	0.0715778680417287	0.0376709950616248	0.0051233911933991	-0.2132068800307252	0.0479884900339726	0.045457173692436	0.0023028951757406	-0.0061680030167336	-0.0007978348247612	3.804426121443479e-05	6.36540407601735e-07	-0.0015571615724412	-0.0006385314141792	2.4247521626875506e-06	4.0772236689381675e-07	0.0006962038977659	-9.433697345540004e-05	8.899464560724852e-09	4.846998672644318e-07	0.0
536.6006997384354	0.8194912931462568	287940.3109597785	0.6715659795425242	523.8519722605861	0.986055977400042	0.9723063905663524	274420.88884130586	520.1068932261178	-1.0382046878166875	270511.1803813243	1.0778689738045455	530.0105448996355	453.3106103829708	1.015855	18.772564	0.2218900829019511	0.138895041007451	-0.1601918879	-0.0408511328	0.0361910862	0.059956898	0.0356935843	-0.1327547944	-0.1139913325	0.0665430383	-0.0849040713	0.0457934574	0.0438131602	-0.0368616574	-0.0392055405	0.0393485674	-0.0053462239	0.0155038653	-0.0386435463	0.0507353197	-0.0384498912	-0.0785770005	-0.069476938	-0.0613695825	0.0200224072	-0.027572565	0.0270390059	0.0874703201	0.0175714877	0.0295455918	-0.0349599527	0.0261862696	0.0142851653	-0.0239294754	0.024149076	-0.0528394027	0.1042377498	0.0018224064	-0.0643491975	-0.0387972421	-0.021492639	0.0515559026	-0.0887251685	0.0863831125	0.1136348136	0.0185432892	-0.1440206119	-0.0327653562	0.077351025	-0.0724769251	-0.0420130129	-0.0183417167	-0.0395546617	-0.0144737511	0.0007420729	-0.0021701347	-0.0234872406	-0.0166139929	-0.078388265	0.0738598407	0.0326079014	-0.0296507115	0.0091350105	-0.017195353	0.0964822254	0.0977398617	-0.1098487562	-0.1279620652	-0.0228353988	-0.0162220522	0.1249780531	-0.0526097734	0.0697508313	0.0086858638	0.0069740871	0.0511254366	0.0166423779	0.0131735266	-0.0264994985	-0.0374659314	-0.1553104548	-0.0330526755	0.071901902	-0.0021498167	-0.0353364423	0.0283302192	0.1314941678	-0.1854889336	0.05082958	0.1075714324	0.0481178314	-0.1144017065	0.1112164334	-0.105973176	-0.1162889962372446	0.0043198312332179	0.0135231306458658	1.866094188348572e-05	0.0683387352294033	-0.125751437272001	0.0046701827327544	0.015813423975974	-0.2487625165678224	-0.0355556365370972	0.0618827896491561	0.0012642032895581	-0.0060868678292727	8.113518746089964e-05	3.704995997103495e-05	6.582918644315327e-09	-0.0007319604715627	0.0008252011008784	5.357661319302902e-07	6.809568568910882e-07	0.0004772766289126	-0.0002189272688532	4.792914904756509e-08	2.277929805061757e-07	0.0
534.6018364730677	-1.9988632653677316	285799.1235603766	3.99545435363655	522.0257228407748	-1.8262494198112336	3.3351869433608674	272510.85530743346	519.4605450588963	-0.6463481672215039	269839.2578728856	0.4177659532705972	529.5818604638733	452.9102206164241	0.898965	16.612484	0.1233110258400703	0.0694136987646049	-0.1500814349	-0.0598535821	0.0392959198	-0.0198206707	0.007143396	-0.0565945558	-0.1530694584	0.0174506057	-0.0618389597	-0.0107586901	0.0095857182	-0.1169058387	0.1081244982	0.06833128	0.0119729887	-0.0171762746	-0.0722149856	-0.0282036663	0.0257824	-0.128394125	-0.0368925345	-0.0258534701	-0.1236734979	-0.024734964	0.1101552054	-0.009275454	-0.0325143494	0.0625571491	-0.0402513748	0.031889353	0.0752614944	-0.0639880116	0.0855363804	-0.041657682	0.0541986161	0.105110932	-0.0205963287	-0.0325132522	0.1074050669	-0.0358508878	-0.0511239238	0.108649593	-0.0935457259	0.0747350909	-0.1117901936	0.034232372	0.1024756598	0.0208616226	-0.0076786338	-0.0243070495	0.1503742218	-0.1039786576	0.0718082127	-0.057063122	-0.0730344026	0.0943050647	0.101038159	0.0420275312	-0.0050983636	-0.0225508831	-0.0352804313	0.0329577337	0.094476227	0.0717386989	-0.0725033328	-0.1488471618	0.0004728427	0.0188909864	0.0333239315	-0.132248828	0.0273803632	-0.0296763233	0.0240702459	-0.001759496	0.0117980292	-0.1008052828	-0.0552212111	-0.0599754812	-0.1684200692	-0.0269435295	0.1203915415	-0.1071582455	0.0968499431	0.143837542	0.1701288988	-0.117003344	-0.0293462751	0.0406476972	0.1378158383	-0.1147048067	0.1124192083	-0.108643553	-0.1206359043436151	-0.0043469081063704	0.0145530214168018	1.88956100852295e-05	0.0983003578129313	0.0299616225835279	0.0096629603461503	0.0008976988278377	-0.1878464795187255	0.0609160370490969	0.0352862998675789	0.0037107635697669	-0.0059058053563435	0.0001810624729292	3.487853690701557e-05	3.278361910323736e-08	-0.0006172006579585	0.0001147598136042	3.809366521844053e-07	1.3169814818470738e-08	0.0007431835044007	0.0002659068754881	7.070646643184394e-08	5.523217212133054e-07	0.0
533.937614396423	-0.6642220766447053	285089.3760673433	0.4411909671022048	520.5820970845776	-1.443625756197207	2.084055323955958	271005.7198049766	518.8231353979633	-0.6374096609330309	269177.44582417334	0.4062910758507613	528.3243788535219	447.12392328851234	0.982887	18.163332	0.1710386591341725	0.1032172922380424	-0.1113568911	-0.047578031	-0.0135274607	-0.029201955	0.0246684877	0.0011838922	-0.1741557314	-0.0415801665	-0.0223942857	0.0313434689	-0.0208742183	0.0298182101	-0.0296647495	-0.0058661824	-0.0510689357	0.0282276251	0.0146898248	0.0292891579	-0.08702997	-0.0806494474	-0.0977046187	-0.0593583147	-0.0603896416	0.0622480452	0.1015378667	0.0197838794	0.0256358029	0.0386523415	0.129622966	0.0529985375	-0.1678929731	-0.04033559	0.0472657886	0.0745693658	0.071413225	0.0320814369	-0.0920295168	-0.00414865	-0.0097731334	-0.045241488	0.0381352609	-0.0874142995	-0.0980042964	0.0523222346	-0.0750166973	-0.0068224546	0.108927187	0.0268896224	0.0117447507	-0.1133516718	0.0249721171	-0.0024964675	0.0512612347	0.0387059912	0.0128321123	-0.0776477481	-0.1538164449	0.095693089	0.0520686327	-0.0128572279	0.0090895164	-0.0289394808	-0.0937317791	0.0397568751	-0.0820185598	-0.0983996591	-0.0164469929	0.0686743494	0.0708815318	0.024071804	0.1269885961	-0.0916615583	-0.0944122327	0.0678199152	0.0100910772	-0.0259909493	0.0347882001	-0.0739431817	-0.0259447056	0.0736783166	-0.0005740471	0.1058844425	-0.0448539132	0.0512282108	0.0704812486	0.0344565309	-0.0840216162	0.1023208225	0.0335951027	-0.1149575937	0.1134247617	-0.1108851636	-0.1153751110430505	0.0052607933005646	0.0133114162481962	2.7675946151265383e-05	0.0340452209738089	-0.0642551368391224	0.0011590770711554	0.0041287226102143	-0.220992842225641	-0.0331463627069155	0.048837836314967	0.0010986813606983	-0.0046123011687901	0.0012935041875534	2.1273322071622523e-05	1.6731530832181812e-06	-0.0006330836319305	-1.5882973971999997e-05	4.007948850183128e-07	2.5226886219522933e-10	0.0006850433401747	-5.814016422600002e-05	3.380278696226253e-09	4.6928437791770977e-07	0.0
533.8819712058587	-0.0556431905642966	285029.9591786533	0.0030961646561746	518.4396666770757	-2.1424304075019336	4.590008050988901	268779.6879842374	518.5103898941612	-0.3127455038020343	268853.0244281951	0.0978097501483882	528.0755264959964	450.069818640268	0.943317	17.432098	0.1228625693233009	0.0573936544963954	-0.057858715	-0.0900023469	0.0195398604	0.0172258909	-0.029260966	0.0428841662	-0.0268285578	0.0502587695	-0.1147327693	0.02910858	-0.0366788911	0.0907474192	-0.0375297371	0.0360436642	-0.092245699	0.0690339627	-0.0011172877	-0.0876256236	-0.0309113076	-0.1516719129	-0.0448526603	-0.110428157	0.0806818716	0.0880677005	0.0252363843	-0.0038123083	0.0181648779	0.0770290623	0.0679883282	0.0172561627	-0.0261007064	-0.0836547931	-0.1753482371	0.0651553921	0.0132650102	-0.0044421033	-0.011648692	-0.0976581656	0.0737495137	-0.0171977833	0.0596167518	-0.0026563598	0.0620125759	0.0715600178	0.0017765748	0.00475907	0.0916587793	0.0286821003	-0.0340583453	0.0029330583	-0.1344687267	0.0199025979	0.1043744228	-0.0305552899	-0.118360974	0.0046502949	0.0489780989	0.0408408684	-0.0384924661	0.0385431793	-0.0283475236	0.015151836	-0.07445779	0.0215907173	-0.0038881096	-0.0930916401	0.0487904669	-0.0170171749	0.0819572576	0.0234808921	-0.0146768586	-0.0877238549	-0.0199626398	-0.0077642478	-0.0018812168	-0.0378068201	-0.1812989198	-0.0412072594	-0.0737719475	0.0621487428	0.004622101	-0.024029403	-0.0209747998	0.027733715	0.0377628562	0.2262047797	-0.083260554	0.0544130086	0.1863490257	-0.1151599564	0.1142313295	-0.112689161	-0.1441867487640564	-0.0288116377210059	0.0207898185191491	0.0008301104681664	0.0749713187904319	0.0409260978166229	0.0056206986411765	0.0016749454824957	-0.201624092523204	0.0193687497024369	0.0406522746858055	0.0003751484650356	-0.0046599260413427	-4.762487255260007e-05	2.1714910710783847e-05	2.268128485651399e-09	-0.0002070653662418	0.0004260182656887	4.287606589685077e-08	1.8149156270040778e-07	0.0008865218835981	0.0002014785434233	4.0593603460014874e-08	7.859210500983231e-07	0.0
534.6798179406445	0.7978467347858214	285882.50771304074	0.6365594122083967	520.472381183713	2.0327145066372623	4.131928265493569	270891.4995750442	519.7759373689591	1.265547474797927	270167.02506778017	1.6016104109674096	529.5894366017453	450.2652504623577	0.949919	17.554089	0.0442595295504616	0.0203597100228248	-0.0620762209	-0.0588268659	0.0103432695	-0.1149025882	0.0983478822	0.0146911746	-0.0356532153	-0.0862652289	-0.0904645469	-0.0321577942	0.0225509531	0.0238922347	0.0230943771	-0.0187180481	-0.0578509235	-0.1130889355	-0.0317628136	-0.0643694234	0.0460487797	0.0241324107	-0.0338604721	-0.015665263	0.0192282015	0.0924754784	-0.0425753143	0.0271432468	0.0304336262	0.0949164195	0.0208532294	-0.1140550513	-0.0632829375	-0.0111449633	-0.0270095911	-0.0908417786	0.0922751912	0.0728219249	-0.0274387046	-0.0021620331	-0.0898277197	-0.0182910888	0.0802541529	0.0013212106	0.0563239131	0.1038343419	-0.0569812593	0.0985398991	-0.0596341481	0.0335803788	0.0456937	0.0042134202	-0.0627731673	0.0055400907	0.0389408688	0.0287720354	-0.0390338745	0.1091049875	0.0246965333	0.0862551287	0.0450119639	0.0305216358	-0.0059490176	-0.0082733817	-0.0807471175	0.0776436544	0.0308190625	-0.0742781104	0.0317207102	0.1126081098	0.0154746053	-0.0673645987	-0.0342663205	-0.0305910318	0.1348007393	-0.0900094041	0.0109841936	-0.0642223896	-0.047253069	0.0202492032	-0.0806792672	0.0421493352	0.0174504793	0.0545875883	-0.0441030599	0.0999850737	-0.0299378814	0.1549990674	-0.0242021638	0.0506054941	0.0738499865	-0.1153118061	0.1148374968	-0.1140484259	-0.1562531780353566	-0.0120664292713001	0.0244150556461488	0.0001455987153592	0.0797557599964875	0.0047844412060556	0.0063609812526173	2.28908776542028e-05	-0.1948011438219481	0.0068229487012559	0.0379474856343393	4.655262897996971e-05	-0.0048029265121135	-0.0001430004707707	2.306810308076275e-05	2.0449134640670383e-08	-0.0002651241131421	-5.805874690030001e-05	7.029079536938506e-08	3.3708180916330958e-09	0.0006758668938322	-0.0002106549897659	4.437552471327144e-08	4.567960581783863e-07	0.0
534.2247282393101	-0.4550897013343729	285396.06026236474	0.2071066362606087	521.7844095540601	1.3120283703470932	1.721418444595649	272258.9700536791	519.7374342552866	-0.0385031136725046	270127.0005662684	0.0014824897624778	529.0774495957467	449.84407347871047	1.005111	18.574013	0.0490454739571051	0.0243660714076671	-0.0638529423	-0.1196372806	-0.0078909686	-0.0894130844	0.2074548209	0.0306759868	-0.0682888405	-0.0555611053	-0.0051757449	-0.0181488521	-0.00737587	0.0818169061	-0.0266961872	-0.0442271322	0.0440360217	-0.1205591487	-0.1002829319	0.0280504898	0.1033511844	-0.0189122919	-0.0560336527	0.001629824	0.0530805389	0.0336147454	0.0395365062	0.0644561554	0.129708628	-0.0810167133	0.120924349	-0.0597553845	-0.0706011876	-0.0927190811	-0.0716082307	0.0200035914	-0.1045961867	0.0584025565	0.0125584064	0.0758460449	-0.0336899542	0.0921564283	-0.015137194	-0.0082508261	0.0864185973	0.1672937876	-0.0621116824	-0.0103573395	-0.0913336173	-0.0007946074	0.0865032973	-0.0143381988	-0.0478644252	0.0672936369	-0.0227536821	0.0223935269	-0.0277954493	-0.0655497617	-0.0678086216	-0.0711676527	0.0154533569	0.0631425561	-0.1471121334	-0.0873767616	-0.1849020982	0.006972277	0.0306759893	-0.1070200743	0.0571521854	0.0793890753	0.0049573323	-0.0316417625	0.1713419017	-0.0211006886	-0.0363254736	-0.0659141127	0.0183041081	0.0361366185	0.055448186	0.0613763334	-0.1141641105	-0.054493269	-0.1139333238	0.0317002686	-0.0127062447	-0.0573414623	0.058682785	0.2667470231	-0.071340114	0.012210758	0.1239204467	-0.1154130763	0.1152422001	-0.1149575937	-0.1477161269169045	0.0085370511184521	0.021820054151331	7.288124179906423e-05	0.0880825450161779	0.0083267850196904	0.007758534736527	6.933534876414055e-05	-0.1754780890084504	0.0193230548134976	0.0307925597220576	0.0003733804473254	-0.0046189446818201	0.0001839818302933	2.1334649973714187e-05	3.384931387810934e-08	-0.0002060949400246	5.902917311750001e-05	4.2475124303743475e-08	3.484443278935786e-09	0.0006900275505306	1.4160656698400018e-05	2.0052419812994126e-10	4.761380204912598e-07	0.0
534.559423604922	0.3346953656118785	285753.77736482647	0.112020987762069	521.8029987512633	0.018589197203255	0.0003455582526615	272278.3695058109	520.3699441739393	0.6325099186526586	270784.8787995887	0.4000687971939928	528.7408353486037	448.57696437103226	0.989435	18.284336	0.1272155820098366	0.0659103649853187	-0.0452496161	-0.1099108896	0.0269341045	0.0309989767	0.0949277962	-0.0228579546	0.0264920658	0.0850879484	-0.0673243327	0.0834525462	-0.0512486203	0.1179052787	-0.0032598522	-0.0407355768	-0.0023594428	-0.0824120908	-0.18788065	0.1031691353	-0.0156417228	-0.0310505585	-0.0172597021	-0.0396593985	0.0876280501	0.0531506379	-0.0133441003	0.0077837882	-0.0048902414	-0.0457729623	0.1541886865	-0.0256014349	0.0838630456	0.0252449982	-0.1018775561	0.0423712095	-0.0444636371	0.0250559818	-0.0292948703	0.0184997881	0.018242468	0.0191851478	-0.0348116852	-0.060526894	-0.1381586841	0.1094389679	-0.0187824048	-0.0819927161	-0.0033333646	-0.1422336935	0.0269866328	-0.0835464921	-0.0138925093	0.0573277207	0.0382019778	0.0188109197	-0.0326349712	-0.0014147008	0.1309053801	-0.0334885941	-0.0189264955	0.0339824691	-0.0315226335	-0.0885239638	-0.1312918034	-0.0530555193	-5.89068e-05	-0.0953808406	0.0657866119	-0.0688312298	0.0510666595	-0.0430544407	0.0614365811	0.0286515617	0.0922796466	0.0060606263	-0.0263195303	-0.0109918842	0.0627756895	0.0230070711	-0.0511206143	0.0894104006	0.0101357782	-0.055184378	0.0456401119	0.060891672	0.0774921534	0.1713494102	-0.0647508698	0.090078869	0.1537362559	-0.1154637225	0.1154447293	-0.1154130763	-0.1223566434842098	0.0253594834326947	0.014971148204722	0.0006431033999731	0.1423710798631106	0.0542885348469326	0.0202695243813882	0.0029472450158266	-0.1974508248047897	-0.0219727357963392	0.0389868282160917	0.0004828011183757	-0.0047958854097315	-0.0001769407279114	2.300051686327548e-05	3.130802119381608e-08	-0.0004519435271495	-0.0002458485871249	2.0425295173233085e-07	6.044152779130956e-08	0.0006009203068895	-8.910724364109997e-05	7.940100869314352e-09	3.611052152321709e-07	0.0
