#!ascii label  , from subject sub-v1s2x0051479_ses-1 vox2ras=TkReg
3372
144  11.293  -99.175  49.385 0.8999999762
22  10.410  -100.459  48.435 0.8999999762
145  10.724  -99.472  49.766 0.8999999762
127834  11.281  -99.473  48.408 0.8999999762
21  11.051  -99.998  47.985 0.8999999762
30  10.995  -100.498  47.696 0.8999999762
126093  7.561  -97.891  53.940 0.5000000000
290  11.878  -98.468  50.066 0.8000000119
285  8.561  -99.059  52.907 0.6999999881
475  11.573  -98.155  52.375 0.8000000119
501  12.237  -97.739  48.628 0.8000000119
309  12.714  -98.906  48.033 0.8000000119
143  11.874  -99.129  48.257 0.8999999762
40  10.960  -100.698  47.414 0.8999999762
154  11.991  -99.681  47.535 0.8999999762
29  11.808  -100.466  47.248 0.8999999762
128744  13.164  -96.952  44.315 0.6999999881
47  12.871  -99.632  45.572 0.8000000119
49  12.031  -100.996  45.883 0.8999999762
112101  12.076  -98.644  44.364 0.6999999881
111460  13.502  -100.102  44.264 0.8000000119
118388  13.134  -95.886  51.404 0.8000000119
925  12.940  -96.722  51.562 0.8000000119
484  12.054  -98.258  51.555 0.8000000119
700  12.241  -97.485  52.236 0.8000000119
132  8.596  -99.603  52.176 0.6999999881
117002  12.621  -96.592  49.183 0.6999999881
137  10.517  -99.533  51.257 0.8000000119
117776  12.811  -96.529  48.789 0.8000000119
715  12.427  -97.070  48.972 0.6999999881
300  11.557  -98.937  50.096 0.8999999762
18  9.530  -99.667  49.540 0.8000000119
23  10.004  -100.533  48.734 0.8999999762
50  11.473  -100.983  46.671 0.8999999762
161  14.980  -99.225  47.635 0.6999999881
152  14.020  -99.257  48.098 0.6999999881
114263  12.363  -101.006  46.573 0.8999999762
36  13.624  -99.561  46.139 0.8000000119
48  12.551  -100.539  46.339 0.8999999762
88  12.394  -100.833  43.700 0.6999999881
675  7.678  -96.925  53.920 0.6000000238
468  8.659  -97.815  53.293 0.8999999762
1749  13.567  -93.489  52.067 0.8000000119
132023  10.026  -97.211  52.570 1.0000000000
118140  13.517  -93.643  50.834 0.8000000119
1429  16.008  -93.766  52.404 0.5000000000
934  12.912  -95.957  49.133 0.6999999881
709  12.604  -97.062  50.239 0.8000000119
276  10.027  -98.520  52.586 0.8000000119
1430  15.847  -94.811  52.150 0.5000000000
292  11.081  -99.182  51.171 0.8999999762
139  8.952  -100.020  51.450 0.8000000119
930  15.206  -96.387  50.303 0.6000000238
115641  10.298  -99.480  49.950 0.8999999762
17  9.748  -99.985  49.014 0.8999999762
306  16.138  -98.659  48.921 0.6000000238
0  10.132  -100.719  47.686 0.8999999762
305  16.876  -97.751  48.502 0.5000000000
315  16.323  -98.338  47.936 0.6000000238
133535  14.662  -97.526  45.518 0.6999999881
28  12.624  -100.472  47.011 0.8999999762
4  11.146  -101.019  45.694 0.8999999762
169  15.316  -97.440  45.998 0.6000000238
59  11.251  -100.288  44.788 0.8000000119
126792  11.200  -99.032  44.134 0.8000000119
128252  12.763  -97.843  44.694 0.8000000119
128100  15.072  -96.956  45.243 0.4000000060
131502  13.213  -97.751  43.778 0.8000000119
76  12.665  -99.515  44.254 0.8000000119
2352  11.923  -90.503  65.748 0.6999999881
2353  11.296  -90.516  65.758 0.6999999881
2357  11.451  -90.763  65.118 0.8000000119
2363  10.993  -91.085  64.442 0.8000000119
2790  11.237  -90.300  62.469 0.8000000119
1978  12.510  -90.989  64.250 0.8000000119
122367  12.062  -91.635  63.200 0.8000000119
2375  10.892  -91.398  63.128 0.8000000119
2388  10.829  -91.298  62.271 0.8000000119
2065  7.239  -92.129  54.954 0.8999999762
2461  14.484  -91.249  54.185 0.6000000238
682  9.291  -96.908  52.462 0.8999999762
914  13.096  -95.410  52.097 0.8999999762
127794  10.803  -97.208  52.693 1.0000000000
119332  10.037  -98.076  52.809 0.8000000119
1448  13.770  -94.655  49.350 0.8000000119
130141  13.700  -95.415  49.002 0.6999999881
291  11.586  -98.884  51.007 0.8000000119
933  13.309  -95.922  48.871 0.6999999881
116585  8.815  -100.970  47.641 0.8000000119
506  16.475  -98.023  49.396 0.6000000238
500  13.132  -97.858  48.466 0.6999999881
41  9.449  -100.908  47.928 0.8000000119
163  13.147  -99.827  47.126 0.8999999762
123209  9.807  -100.877  44.916 0.6999999881
9  10.609  -100.840  45.042 0.8000000119
321  16.942  -96.161  46.408 0.5000000000
322  16.112  -97.272  46.638 0.5000000000
170  14.983  -98.728  46.551 0.6999999881
46  13.977  -98.184  45.448 0.8000000119
77  11.597  -98.255  43.999 0.6999999881
55  12.940  -98.422  43.919 0.8999999762
183  15.322  -97.515  43.643 0.5000000000
184  13.944  -96.958  43.765 0.5000000000
89  11.534  -99.680  43.071 0.6999999881
2757  11.582  -90.179  66.337 0.6000000238
2351  12.664  -90.389  65.685 0.6999999881
2355  13.020  -90.603  64.909 0.8000000119
2356  12.197  -90.695  65.010 0.8000000119
2361  13.398  -90.920  64.088 0.8000000119
1980  12.815  -91.445  63.467 0.8000000119
1982  11.497  -91.404  63.704 0.8000000119
2791  10.823  -90.871  63.057 0.8000000119
1986  12.537  -91.867  62.611 0.8000000119
1987  11.481  -91.798  62.902 0.8000000119
905  7.719  -95.805  52.614 0.8999999762
683  8.373  -97.396  53.331 0.6999999881
2466  16.209  -91.029  53.138 0.6000000238
2083  13.854  -91.997  51.782 0.8000000119
469  8.103  -97.990  53.730 0.8000000119
2096  14.021  -92.534  50.475 0.6000000238
284  9.294  -99.075  52.459 0.8000000119
140  7.940  -100.048  51.517 0.6999999881
699  12.670  -96.804  52.201 0.6999999881
1441  14.502  -94.198  49.640 0.6999999881
1173  13.121  -95.464  50.105 0.8000000119
121343  10.019  -99.014  52.038 0.8999999762
1181  14.162  -94.945  49.268 0.6999999881
698  12.602  -97.439  51.591 0.8000000119
130  10.086  -99.566  51.666 0.8000000119
131  9.503  -99.759  51.944 0.8000000119
130059  14.280  -95.681  49.251 0.6999999881
24  9.598  -100.557  48.921 0.8000000119
714  13.783  -96.536  48.883 0.6999999881
25  8.902  -99.880  49.131 0.8000000119
497  17.044  -97.612  50.212 0.3000000119
113909  15.706  -96.430  51.387 0.5000000000
1  9.496  -100.790  47.130 0.8000000119
499  14.695  -98.230  49.097 0.6999999881
298  13.892  -98.507  48.493 0.6999999881
307  15.469  -98.731  48.796 0.6000000238
121748  15.570  -98.867  48.281 0.6000000238
162  14.205  -99.460  47.528 0.6999999881
37  13.037  -100.292  46.723 0.8999999762
14  9.661  -100.269  44.038 0.6000000238
328  16.834  -96.163  45.235 0.4000000060
182  16.376  -96.784  43.967 0.4000000060
177  15.106  -97.049  44.458 0.4000000060
64  13.556  -98.549  43.239 0.8000000119
75  14.323  -100.463  44.349 0.8000000119
1979  13.814  -91.334  63.409 0.8000000119
112650  15.467  -88.288  60.285 0.5000000000
111372  15.484  -88.972  59.673 0.5000000000
111985  15.441  -90.501  60.921 0.5000000000
1988  10.996  -91.830  62.856 0.8000000119
3229  15.635  -89.137  57.937 0.5000000000
3210  15.473  -89.981  60.007 0.5000000000
129213  10.778  -91.869  61.699 0.8000000119
2819  15.374  -90.179  58.404 0.5000000000
2809  15.417  -90.530  59.365 0.5000000000
3246  16.610  -89.162  56.291 0.5000000000
3239  16.181  -88.801  56.942 0.5000000000
121005  15.509  -89.769  57.325 0.5000000000
112391  8.575  -96.250  52.212 0.8999999762
2855  15.575  -90.414  54.321 0.5000000000
2479  14.246  -91.645  51.533 0.6000000238
117482  13.801  -92.770  52.393 0.8000000119
132461  13.355  -94.208  51.956 0.8999999762
904  11.014  -95.070  52.452 1.0000000000
915  12.573  -95.828  52.396 0.8999999762
689  12.341  -96.689  52.373 0.8999999762
690  11.677  -97.208  52.538 0.8999999762
20  8.258  -99.748  49.756 0.6999999881
1422  16.262  -94.654  53.085 0.5000000000
123845  8.432  -100.505  48.533 0.6999999881
43  7.849  -100.603  47.356 0.8000000119
490  16.597  -97.412  50.643 0.4000000060
492  14.066  -97.413  48.911 0.6999999881
491  15.686  -97.632  49.923 0.5000000000
498  16.310  -97.809  49.861 0.5000000000
308  14.647  -98.832  48.418 0.6999999881
296  15.915  -98.445  49.312 0.6000000238
176  16.147  -96.655  44.735 0.4000000060
191  16.129  -99.662  44.572 0.5000000000
3570  10.672  -88.672  68.986 0.4000000060
3154  12.154  -88.925  68.293 0.4000000060
3153  9.810  -88.649  68.957 0.4000000060
2761  14.318  -90.136  65.349 0.6000000238
3610  15.390  -89.240  63.495 0.4000000060
114050  15.444  -90.203  61.796 0.6000000238
2796  15.379  -91.157  61.715 0.6000000238
1144  7.148  -95.597  54.807 0.8000000119
3665  16.878  -87.601  57.289 0.4000000060
676  7.223  -97.156  54.864 0.6000000238
3250  16.969  -89.501  55.904 0.4000000060
2455  16.799  -90.861  54.931 0.4000000060
124839  15.470  -90.551  53.539 0.6000000238
125406  9.359  -95.575  51.902 0.8999999762
2869  15.049  -90.748  52.636 0.6000000238
2469  14.248  -91.553  52.368 0.6000000238
111291  9.855  -94.840  52.019 0.8999999762
2489  14.801  -91.379  51.473 0.6000000238
117712  13.097  -94.636  53.626 0.8999999762
681  10.247  -95.910  52.193 1.0000000000
1163  12.681  -94.937  52.575 0.8999999762
902  12.422  -94.638  52.743 0.8999999762
916  12.001  -95.650  52.514 0.8999999762
891  12.392  -94.539  54.037 0.8999999762
3  7.849  -101.015  46.801 0.8000000119
707  16.189  -96.889  51.029 0.5000000000
697  15.974  -96.463  51.722 0.5000000000
489  17.318  -96.886  50.787 0.3000000119
706  16.800  -96.732  51.328 0.4000000060
175  17.103  -96.372  44.291 0.4000000060
198  17.341  -100.174  43.121 0.6000000238
116890  18.512  -98.358  41.431 0.6000000238
110339  18.937  -94.834  35.871 0.4000000060
110972  18.595  -95.085  35.016 0.5000000000
3569  11.523  -88.502  68.953 0.3000000119
125832  10.752  -90.848  63.740 0.8000000119
3627  15.468  -88.506  61.279 0.4000000060
2789  15.357  -90.953  62.558 0.6999999881
3643  15.533  -87.929  59.230 0.5000000000
127128  10.898  -91.170  63.857 0.8000000119
123284  7.084  -96.195  56.201 0.6000000238
114994  15.706  -87.069  58.927 0.4000000060
878  7.286  -95.694  56.172 0.6999999881
1399  7.210  -94.625  56.167 0.8000000119
4575  16.806  -86.431  58.522 0.4000000060
118046  6.818  -94.487  54.781 0.8000000119
115738  6.805  -92.586  55.491 0.8000000119
128484  6.753  -94.539  53.686 0.8000000119
2064  7.872  -92.004  55.033 1.0000000000
3666  16.516  -87.990  57.189 0.5000000000
1156  8.040  -94.349  52.330 0.8999999762
1736  7.646  -93.262  53.682 0.8999999762
1157  7.047  -94.275  52.853 0.8999999762
3674  17.328  -88.689  56.581 0.4000000060
894  7.348  -96.287  54.406 0.8000000119
2840  15.585  -90.088  55.761 0.5000000000
1155  8.815  -94.519  52.109 1.0000000000
2425  17.940  -91.276  58.306 0.4000000060
113216  9.472  -94.485  52.786 1.0000000000
2075  14.235  -91.745  53.319 0.6000000238
1423  13.340  -94.134  52.876 0.8999999762
1734  14.103  -92.975  53.564 0.8000000119
133784  13.143  -94.815  54.289 0.8999999762
882  11.879  -94.811  55.472 0.8999999762
119051  11.008  -94.676  52.827 1.0000000000
892  11.563  -94.656  54.108 0.8999999762
705  17.912  -96.536  51.224 0.3000000119
130887  17.384  -96.561  51.466 0.4000000060
696  16.492  -96.476  51.931 0.4000000060
694  17.793  -96.337  51.953 0.3000000119
685  18.255  -95.741  52.448 0.3000000119
761  20.072  -97.212  40.055 0.4000000060
188  18.200  -99.152  44.152 0.4000000060
339  18.566  -99.000  43.268 0.5000000000
349  18.192  -98.900  41.974 0.6000000238
118136  18.038  -99.293  42.394 0.6000000238
126241  19.367  -94.550  36.913 0.4000000060
126296  19.489  -93.854  36.401 0.4000000060
1053  18.216  -95.536  33.593 0.5000000000
3985  9.662  -87.786  70.158 0.3000000119
3578  12.758  -88.314  68.200 0.3000000119
3564  10.986  -88.095  69.473 0.3000000119
3155  11.168  -89.102  68.347 0.4000000060
3156  10.273  -89.064  68.286 0.4000000060
2754  13.969  -89.778  65.920 0.6000000238
3160  12.568  -89.381  67.591 0.4000000060
2753  10.330  -89.748  66.869 0.6000000238
2758  10.765  -90.246  66.126 0.6999999881
2822  8.116  -89.848  58.335 1.0000000000
2430  7.206  -90.906  58.268 0.8999999762
3194  15.443  -89.923  62.789 0.4000000060
2360  14.263  -90.806  63.948 0.8000000119
2364  10.771  -90.750  64.417 0.8000000119
2832  9.836  -89.813  56.842 0.8999999762
122947  7.412  -94.498  57.166 0.8000000119
2374  14.660  -91.292  63.259 0.8000000119
3221  12.458  -89.477  59.129 0.8000000119
2823  7.444  -90.115  57.765 1.0000000000
4081  15.805  -86.310  59.335 0.3000000119
3202  11.753  -89.590  61.734 0.8000000119
2833  8.254  -89.804  57.303 1.0000000000
2047  6.882  -91.917  56.377 1.0000000000
1984  14.706  -91.615  62.445 0.6999999881
1985  13.319  -91.631  62.816 0.8000000119
2797  11.397  -90.547  61.504 0.8000000119
3212  12.023  -89.789  60.762 0.8000000119
2830  11.545  -89.889  56.953 0.8999999762
2448  8.267  -90.776  56.390 1.0000000000
2056  6.962  -91.982  55.388 1.0000000000
112144  15.590  -88.529  58.592 0.5000000000
118901  14.033  -91.601  62.613 0.8000000119
2399  10.924  -91.424  61.271 0.8000000119
2427  10.851  -91.007  57.613 0.8999999762
2438  10.204  -90.452  56.941 0.8999999762
127934  15.364  -91.401  60.935 0.6000000238
1998  11.106  -92.251  62.217 0.8000000119
2055  7.401  -91.671  55.553 1.0000000000
3228  18.027  -88.517  57.591 0.4000000060
133050  15.368  -91.710  60.286 0.6000000238
1652  13.416  -92.021  62.127 0.8000000119
1654  11.759  -92.523  61.678 0.8000000119
2410  10.880  -91.619  60.499 0.8000000119
127979  15.064  -92.318  60.332 0.6999999881
2011  10.900  -92.313  61.415 0.8000000119
1727  7.413  -92.595  54.440 0.8999999762
2828  15.143  -90.810  57.843 0.5000000000
1415  8.328  -93.727  53.664 1.0000000000
1726  8.164  -92.868  54.469 1.0000000000
3245  17.561  -89.424  56.319 0.4000000060
2446  15.128  -90.468  56.653 0.5000000000
1388  9.615  -94.237  56.693 0.8999999762
114387  8.947  -94.371  53.777 1.0000000000
2456  14.571  -91.280  55.283 0.5000000000
2445  17.610  -91.146  56.460 0.4000000060
131434  17.294  -90.762  55.764 0.4000000060
2847  16.758  -90.188  55.423 0.4000000060
2071  14.290  -92.219  54.159 0.6000000238
1142  10.032  -95.169  55.717 0.8999999762
893  10.739  -95.092  54.906 0.8999999762
119556  14.339  -93.126  54.685 0.8000000119
1406  14.131  -93.970  54.576 0.8000000119
1130  12.282  -94.694  56.362 0.8999999762
132143  11.209  -94.978  55.618 0.8999999762
1414  13.514  -94.609  54.652 0.8999999762
1141  12.722  -94.829  55.465 0.8999999762
1152  13.111  -94.856  54.669 0.8999999762
909  19.115  -95.286  52.962 0.3000000119
897  19.404  -94.605  53.706 0.3000000119
134498  22.523  -94.272  41.961 0.6000000238
332  19.566  -98.694  44.412 0.4000000060
543  19.835  -97.748  41.842 0.6000000238
343  19.212  -98.893  42.830 0.6000000238
111143  20.198  -95.886  39.229 0.5000000000
347  19.354  -98.552  42.154 0.6000000238
126224  19.755  -93.875  35.343 0.5000000000
126478  19.620  -93.658  37.473 0.4000000060
1294  19.967  -94.745  33.931 0.6000000238
1295  19.046  -94.501  33.953 0.6000000238
1304  19.284  -94.892  33.466 0.6000000238
1060  18.336  -95.470  32.850 0.6000000238
829  17.608  -96.390  32.084 0.6000000238
129955  17.153  -97.158  31.745 0.5000000000
632  18.344  -96.661  30.517 0.6000000238
3577  13.302  -88.508  67.547 0.3000000119
3157  9.466  -88.918  68.253 0.4000000060
1691  7.325  -93.556  59.448 0.6000000238
3167  9.988  -90.040  66.095 0.6999999881
2770  10.428  -90.324  64.925 0.6999999881
114765  7.406  -91.947  58.774 0.8999999762
1713  7.371  -93.011  57.716 0.8000000119
3241  9.431  -89.659  57.221 1.0000000000
1109  7.291  -94.949  57.973 0.6000000238
117893  7.170  -93.269  56.782 0.8000000119
114248  7.147  -91.617  57.617 0.8999999762
2441  7.082  -91.010  56.704 1.0000000000
2821  11.701  -90.398  57.617 0.8000000119
117233  8.894  -89.887  56.929 1.0000000000
2450  7.082  -91.469  56.023 1.0000000000
1995  14.691  -91.892  61.730 0.6999999881
124125  11.669  -90.756  60.253 0.8000000119
2439  9.045  -90.397  56.768 0.8999999762
122877  11.257  -91.163  58.468 0.8000000119
2054  8.039  -91.352  55.828 1.0000000000
4574  17.073  -86.743  58.098 0.4000000060
4106  16.413  -87.416  57.712 0.4000000060
2010  14.472  -92.184  61.451 0.8000000119
2400  10.716  -92.063  60.954 0.8000000119
2419  10.569  -91.860  58.819 0.8999999762
2428  10.151  -91.604  57.675 0.8999999762
132955  8.362  -92.492  55.162 1.0000000000
116746  18.191  -89.184  58.505 0.4000000060
3675  16.877  -88.388  56.711 0.4000000060
1672  13.853  -92.674  60.198 0.8000000119
128143  11.226  -92.584  61.384 0.8000000119
1721  8.897  -93.477  55.647 0.8999999762
2818  18.257  -89.521  57.655 0.4000000060
1660  11.619  -92.830  60.752 0.8000000119
2827  18.159  -89.916  56.918 0.4000000060
1120  10.103  -94.499  57.349 0.8999999762
1119  10.315  -94.905  56.850 0.8999999762
1398  9.446  -94.692  55.788 1.0000000000
2053  14.466  -92.212  55.965 0.6999999881
1117  11.952  -94.526  57.280 0.8999999762
883  10.738  -95.088  56.200 0.8999999762
133029  14.360  -93.842  55.125 0.8999999762
1131  11.448  -94.847  56.392 0.8999999762
114821  14.061  -94.338  55.541 0.8999999762
1140  13.427  -94.754  55.549 0.8999999762
521  21.421  -97.089  45.696 0.4000000060
527  20.209  -98.242  44.823 0.4000000060
749  20.323  -97.091  42.292 0.6999999881
337  19.467  -98.588  43.550 0.6000000238
112845  20.328  -95.409  40.174 0.6000000238
1239  20.199  -94.574  39.501 0.6000000238
110975  21.130  -96.231  35.102 0.4000000060
111136  21.161  -97.206  35.042 0.5000000000
1052  20.622  -95.996  34.031 0.4000000060
1058  19.820  -95.342  33.366 0.6000000238
820  19.099  -95.777  32.312 0.6000000238
828  19.004  -96.182  31.674 0.6000000238
5935  2.851  -84.812  35.011 0.6999999881
5926  2.695  -84.542  35.653 0.6000000238
623  20.711  -96.758  31.992 0.6000000238
624  19.168  -96.580  31.057 0.6000000238
639  18.038  -96.675  29.666 0.6999999881
849  19.936  -96.609  29.118 0.6000000238
640  16.966  -96.883  29.687 0.5000000000
641  16.217  -97.315  29.727 0.5000000000
3163  9.888  -89.361  67.579 0.5000000000
2755  13.447  -89.705  66.407 0.5000000000
3176  9.974  -89.980  65.432 0.6999999881
3182  10.285  -89.696  64.771 0.6999999881
2782  10.611  -90.247  64.262 0.8000000119
2781  11.038  -90.006  63.389 0.8000000119
3195  11.497  -89.330  62.578 0.8000000119
3233  9.127  -89.600  58.059 1.0000000000
3211  12.500  -89.019  59.942 0.8000000119
2834  7.501  -90.315  56.975 1.0000000000
2046  8.955  -91.504  56.604 0.8999999762
2411  10.619  -92.101  60.018 0.8000000119
1657  13.855  -92.332  61.486 0.8000000119
2022  10.726  -92.628  60.270 0.8000000119
2037  10.082  -92.364  58.535 0.8999999762
124451  15.271  -91.966  59.621 0.6000000238
1661  11.063  -92.835  60.690 0.8000000119
1689  10.294  -93.051  59.395 0.8000000119
117221  9.318  -93.340  56.665 0.8999999762
2808  18.153  -90.348  58.692 0.3000000119
119759  14.951  -91.665  58.283 0.5000000000
113566  14.013  -92.898  59.593 0.8000000119
1350  12.405  -93.010  60.413 0.8000000119
1377  9.803  -93.708  57.650 0.8999999762
122737  18.202  -90.417  57.725 0.4000000060
2447  14.677  -91.353  56.283 0.5000000000
128916  13.663  -92.575  60.804 0.8000000119
1354  11.647  -93.357  60.149 0.8000000119
1108  10.583  -94.454  57.724 0.8999999762
113299  17.384  -91.921  57.005 0.4000000060
1720  14.404  -93.133  56.721 0.6999999881
1725  14.387  -93.352  55.683 0.6000000238
1105  12.715  -94.054  57.601 0.8999999762
133606  12.705  -94.469  56.962 0.8999999762
1396  14.128  -94.051  56.574 0.8999999762
1397  13.648  -94.460  56.411 0.8999999762
1116  13.239  -94.330  57.058 0.8999999762
1220  21.431  -94.924  42.478 0.6000000238
111025  20.749  -96.817  43.097 0.5000000000
530  20.612  -97.715  44.348 0.5000000000
1226  20.803  -95.343  41.587 0.6000000238
110871  21.078  -93.650  37.567 0.5000000000
1523  20.470  -93.845  39.711 0.4000000060
126250  19.956  -93.260  38.152 0.4000000060
127954  19.694  -93.739  38.207 0.4000000060
110337  20.679  -93.837  36.586 0.5000000000
601  21.156  -97.651  34.352 0.5000000000
126491  21.000  -95.071  35.301 0.4000000060
4809  2.649  -86.076  36.350 0.5000000000
613  21.736  -97.582  33.092 0.6000000238
111199  20.889  -97.339  33.496 0.5000000000
622  21.036  -96.838  32.010 0.6000000238
844  21.151  -96.468  29.893 0.6000000238
647  17.323  -96.686  29.015 0.6000000238
654  17.489  -96.622  28.350 0.5000000000
133003  16.284  -96.915  28.430 0.5000000000
857  16.296  -96.788  27.905 0.6000000238
2420  7.507  -91.455  59.477 0.8999999762
129379  9.975  -88.991  65.375 0.6999999881
2031  7.537  -92.752  59.633 0.8999999762
3611  11.293  -88.899  63.261 0.8000000119
123079  12.472  -89.069  58.388 0.8999999762
3231  11.033  -88.941  58.007 1.0000000000
117227  11.900  -88.700  61.909 0.8000000119
2030  10.302  -92.601  59.382 0.8999999762
1690  9.911  -92.872  58.748 0.8999999762
1659  12.290  -92.651  61.182 0.8000000119
1675  10.831  -93.164  59.973 0.8000000119
1703  9.768  -93.050  58.069 0.8999999762
1712  9.412  -92.715  57.129 0.8999999762
1702  10.047  -93.400  58.629 0.8999999762
2036  14.650  -92.779  58.929 0.6999999881
2436  14.717  -91.654  57.405 0.6000000238
1352  12.925  -93.273  59.869 0.8000000119
1375  10.826  -94.003  58.423 0.8999999762
1376  10.328  -93.995  58.205 0.8999999762
2045  14.502  -92.807  57.574 0.6999999881
1107  11.262  -94.342  57.945 0.8999999762
1387  13.632  -94.119  57.199 0.8999999762
118655  13.223  -93.935  57.539 0.8999999762
3062  4.916  -90.000  33.170 0.6000000238
3490  6.273  -90.042  32.431 0.6999999881
2265  6.142  -91.888  33.026 0.5000000000
2654  5.481  -91.221  33.365 0.5000000000
122279  4.122  -89.868  33.934 0.6000000238
3087  6.796  -90.216  32.138 0.6000000238
3063  3.445  -89.703  34.433 0.6000000238
1830  21.027  -93.404  39.646 0.6000000238
994  20.940  -96.133  42.329 0.6000000238
3458  3.048  -89.205  34.697 0.6000000238
3893  2.860  -87.716  35.438 0.6000000238
4345  2.835  -86.935  35.544 0.6000000238
110334  21.323  -97.417  35.980 0.5000000000
4830  3.061  -86.164  35.158 0.6999999881
5324  2.638  -85.071  36.360 0.5000000000
833  22.286  -96.789  31.945 0.4000000060
1952  14.532  -94.651  28.134 0.5000000000
1633  14.623  -95.219  27.695 0.6000000238
1070  22.670  -95.924  30.214 0.5000000000
621  21.585  -97.205  32.419 0.6000000238
848  20.828  -96.390  29.132 0.5000000000
1628  13.299  -95.692  28.187 0.6999999881
1074  21.631  -96.153  29.282 0.5000000000
839  21.288  -96.609  30.942 0.6000000238
1083  19.595  -96.408  27.732 0.5000000000
1961  14.666  -94.705  27.278 0.5000000000
1634  13.525  -95.445  27.233 0.6999999881
1335  13.490  -95.311  26.527 0.6999999881
1084  18.920  -96.620  27.286 0.5000000000
874  12.428  -96.568  26.158 0.6999999881
862  17.561  -96.673  27.015 0.5000000000
856  17.086  -96.620  27.774 0.6000000238
864  15.884  -97.010  26.603 0.6999999881
3567  7.903  -88.278  69.304 0.3000000119
4010  6.995  -86.773  67.932 0.3000000119
2812  8.228  -90.312  59.423 0.8999999762
3224  9.137  -89.952  59.204 1.0000000000
2023  7.519  -92.355  60.442 0.8000000119
4046  11.457  -87.910  63.020 0.8000000119
3668  11.888  -88.913  57.553 0.8999999762
3232  10.175  -89.369  57.929 1.0000000000
3201  12.269  -88.883  61.035 0.8000000119
4093  12.175  -87.921  58.390 0.8999999762
1364  10.601  -93.497  59.070 0.8999999762
1351  13.538  -93.127  59.561 0.8000000119
1362  12.138  -93.681  58.865 0.8000000119
1687  14.266  -93.096  59.160 0.8000000119
1700  14.364  -93.148  58.423 0.8000000119
133885  13.478  -93.596  58.301 0.8000000119
1373  13.112  -93.661  58.136 0.8999999762
3478  5.521  -89.908  32.972 0.6000000238
3477  6.532  -89.686  32.627 0.5000000000
2666  6.021  -90.929  32.802 0.6000000238
3468  3.651  -89.234  34.553 0.6000000238
3096  7.738  -90.437  31.244 0.5000000000
2276  13.356  -93.324  31.788 0.6000000238
129985  3.054  -87.785  35.210 0.6000000238
112735  13.439  -93.833  30.468 0.5000000000
119725  13.470  -94.122  31.170 0.6000000238
1604  12.592  -95.238  31.707 0.6000000238
2307  8.946  -91.957  29.591 0.6000000238
4358  3.057  -86.864  35.276 0.6000000238
1956  9.428  -93.500  29.015 0.5000000000
115557  13.764  -94.836  30.321 0.5000000000
1316  12.970  -96.101  30.662 0.6999999881
1620  12.043  -95.622  30.059 0.6999999881
134487  10.573  -92.614  28.821 0.6000000238
4816  2.803  -86.207  35.543 0.6999999881
5334  2.717  -85.377  35.643 0.6999999881
1331  14.140  -95.664  28.295 0.6999999881
1629  12.193  -94.832  27.978 0.6999999881
1636  11.242  -94.325  27.805 0.6000000238
117802  10.535  -94.414  27.974 0.6000000238
1329  9.718  -94.965  28.495 0.5000000000
1621  9.082  -94.545  29.107 0.4000000060
1078  20.352  -96.222  28.307 0.5000000000
1640  12.406  -95.119  26.988 0.6999999881
1641  11.621  -94.855  27.396 0.6000000238
1332  10.922  -95.067  27.548 0.6000000238
133137  10.155  -95.257  27.953 0.5000000000
1638  14.894  -94.135  26.247 0.5000000000
1646  13.739  -95.353  26.150 0.6999999881
1336  12.399  -95.391  26.690 0.6000000238
1623  21.521  -94.789  28.552 0.5000000000
1324  21.473  -95.238  28.481 0.5000000000
1081  20.795  -95.345  27.861 0.5000000000
1343  14.443  -95.341  25.544 0.6000000238
868  11.336  -96.554  26.912 0.4000000060
860  10.039  -96.692  28.195 0.5000000000
870  16.438  -96.926  26.099 0.6000000238
872  14.501  -97.054  25.722 0.8000000119
866  12.607  -97.391  26.648 0.5000000000
668  15.256  -97.317  26.595 0.6999999881
670  13.883  -97.501  26.129 0.6000000238
129535  13.536  -98.024  27.189 0.5000000000
3991  7.318  -87.971  69.768 0.3000000119
3579  8.518  -88.495  68.047 0.3000000119
4009  7.415  -87.572  68.263 0.3000000119
3999  6.689  -87.175  68.896 0.3000000119
4030  8.951  -87.090  65.934 0.5000000000
3223  9.966  -89.478  58.964 1.0000000000
123555  8.981  -90.261  60.119 0.8999999762
2401  8.058  -91.500  61.416 0.8999999762
1363  11.589  -93.592  59.393 0.8000000119
1360  13.541  -93.478  58.794 0.8000000119
1361  12.942  -93.508  59.047 0.8000000119
3467  5.319  -89.552  33.659 0.5000000000
3930  8.376  -89.367  30.864 0.5000000000
3903  5.125  -89.218  34.655 0.6000000238
125497  4.554  -89.586  33.915 0.6000000238
3512  8.652  -89.891  30.263 0.6000000238
2679  7.086  -91.451  31.860 0.5000000000
2706  8.506  -91.399  30.109 0.4000000060
124218  8.105  -90.900  30.646 0.5000000000
2293  7.504  -92.097  31.342 0.5000000000
3892  3.185  -88.436  35.010 0.6000000238
1923  11.391  -94.439  31.893 0.6999999881
3117  9.473  -90.816  29.384 0.6000000238
7038  2.388  -82.787  36.868 0.6000000238
1909  13.116  -93.620  32.154 0.6000000238
1600  12.284  -94.757  32.133 0.6000000238
2277  10.994  -93.285  31.762 0.6999999881
2305  11.246  -93.135  29.647 0.6999999881
2716  9.983  -91.373  29.038 0.6000000238
2308  8.357  -92.345  30.225 0.6000000238
4829  3.812  -86.030  34.992 0.6999999881
1605  11.883  -95.109  31.850 0.6999999881
2306  10.822  -92.182  29.375 0.6000000238
2319  10.095  -92.125  28.861 0.6000000238
2320  9.481  -92.567  29.116 0.6000000238
1320  13.632  -96.131  29.887 0.6999999881
114639  11.489  -94.405  29.967 0.6999999881
1944  10.984  -92.839  28.908 0.6000000238
5345  3.573  -85.508  34.742 0.6999999881
5914  2.657  -84.193  36.320 0.6000000238
6457  2.673  -83.707  36.967 0.4000000060
119111  2.693  -83.127  37.634 0.4000000060
1627  14.464  -95.304  28.703 0.5000000000
118885  11.829  -94.507  28.905 0.6999999881
1953  11.352  -93.692  28.546 0.6000000238
1964  10.833  -93.667  28.166 0.6000000238
1630  9.985  -93.961  28.480 0.5000000000
5346  2.966  -85.572  35.005 0.6999999881
1962  14.640  -95.055  26.795 0.6000000238
1333  20.210  -95.171  26.999 0.5000000000
1975  17.336  -93.283  24.853 0.6000000238
112483  16.010  -93.888  24.988 0.6000000238
1651  15.329  -94.405  25.375 0.6000000238
1091  19.118  -95.546  26.220 0.5000000000
1092  18.401  -95.884  25.967 0.6000000238
1348  15.537  -95.130  24.919 0.6000000238
1086  10.338  -95.950  27.759 0.5000000000
1093  17.591  -96.121  25.821 0.6000000238
1347  16.233  -95.328  24.874 0.6000000238
116929  15.012  -95.699  25.001 0.6000000238
1096  13.460  -96.346  25.692 0.6999999881
867  11.955  -97.018  26.819 0.5000000000
858  11.492  -97.363  27.480 0.5000000000
1089  17.967  -96.420  26.469 0.4000000060
871  15.672  -97.020  25.883 0.6999999881
665  14.047  -97.951  26.775 0.5000000000
4976  5.046  -85.163  70.307 0.3000000119
4008  8.006  -88.021  67.686 0.3000000119
4021  7.726  -87.058  67.334 0.3000000119
4983  6.145  -85.646  68.381 0.3000000119
4019  9.052  -88.218  66.512 0.5000000000
4036  9.717  -87.176  65.075 0.5000000000
4499  8.343  -86.221  66.041 0.5000000000
4047  10.974  -87.465  63.680 0.6999999881
2012  7.241  -92.489  61.087 0.8000000119
3213  9.794  -89.788  60.168 0.8999999762
2389  8.205  -91.420  62.364 0.8999999762
3888  7.997  -89.157  34.098 0.6000000238
3913  8.359  -88.685  31.975 0.6000000238
3488  7.643  -89.639  31.624 0.5000000000
3889  5.344  -89.194  35.681 0.6000000238
131071  4.029  -88.905  34.731 0.6999999881
2653  12.005  -91.434  33.421 0.5000000000
2664  11.420  -91.104  33.125 0.6000000238
3499  9.186  -89.444  30.052 0.6000000238
133473  7.327  -90.300  31.792 0.6000000238
2665  11.024  -91.178  32.601 0.6999999881
3086  10.400  -89.836  30.807 0.6999999881
3105  9.241  -90.180  29.614 0.6000000238
118145  3.620  -88.155  35.168 0.6999999881
2263  10.986  -92.362  32.398 0.6999999881
2690  10.585  -90.762  30.446 0.6000000238
2704  9.784  -90.773  29.419 0.6000000238
4357  3.447  -87.169  35.325 0.6999999881
7634  1.861  -81.256  37.252 0.6000000238
2290  10.981  -92.645  30.477 0.6999999881
4828  4.320  -86.169  34.787 0.6999999881
2703  10.309  -91.414  29.299 0.6000000238
7039  2.175  -82.300  37.524 0.4000000060
1321  12.909  -96.234  30.007 0.6999999881
6466  2.666  -83.811  35.684 0.6000000238
2347  18.004  -92.694  25.457 0.5000000000
1973  15.331  -93.859  25.585 0.6000000238
1644  14.964  -94.694  25.545 0.6000000238
2348  17.373  -92.640  25.016 0.6000000238
1639  14.509  -94.995  26.188 0.6000000238
120857  11.879  -96.336  26.511 0.6999999881
1974  18.616  -93.770  25.003 0.6000000238
1342  14.949  -95.019  25.064 0.6000000238
1344  12.969  -95.542  26.228 0.6000000238
5358  4.107  -85.100  34.114 0.6000000238
1345  18.301  -94.817  25.149 0.6000000238
121412  16.843  -95.435  24.928 0.6000000238
1102  14.077  -95.878  25.420 0.6999999881
1632  19.752  -94.077  27.146 0.5000000000
1094  16.183  -96.637  25.542 0.6000000238
1095  15.637  -96.527  25.277 0.6999999881
123220  15.042  -97.213  25.993 0.6000000238
4020  8.417  -87.668  66.910 0.4000000060
131297  8.239  -86.847  66.577 0.3000000119
4485  5.921  -86.364  69.167 0.3000000119
4492  7.227  -86.324  67.258 0.3000000119
4991  7.156  -85.729  66.948 0.3000000119
4514  9.815  -86.509  64.577 0.6999999881
4507  9.301  -86.366  65.097 0.6000000238
4523  10.816  -86.517  63.458 0.6999999881
4532  11.455  -86.387  62.589 0.6999999881
5028  10.180  -85.611  63.453 0.6999999881
2803  8.317  -90.757  60.557 0.8999999762
125004  12.612  -86.422  59.715 0.8000000119
2013  7.036  -92.412  61.618 0.6000000238
3646  10.378  -89.048  59.538 1.0000000000
3214  9.245  -90.346  60.989 0.8999999762
2798  8.785  -90.903  61.695 0.8999999762
3902  8.736  -88.421  33.354 0.6999999881
3456  7.208  -89.653  34.815 0.6999999881
3919  9.068  -88.519  31.398 0.6999999881
3457  6.265  -89.449  34.319 0.6000000238
3904  4.482  -89.033  34.724 0.6999999881
3486  10.263  -88.943  31.274 0.6999999881
3929  8.812  -88.990  30.596 0.6000000238
3074  11.205  -90.118  32.738 0.6999999881
3890  4.612  -88.293  35.837 0.6000000238
3891  4.120  -88.008  35.470 0.6999999881
128230  11.943  -93.666  32.571 0.6000000238
123330  10.738  -91.039  31.681 0.6999999881
3511  8.977  -89.866  29.824 0.5000000000
7646  2.097  -81.393  36.417 0.6000000238
2678  10.783  -91.977  31.275 0.6999999881
7051  2.382  -82.295  36.130 0.6000000238
4840  4.500  -85.838  33.940 0.8000000119
1933  11.151  -94.013  30.989 0.6999999881
7063  2.680  -81.978  35.351 0.6999999881
4841  4.207  -85.565  34.243 0.6000000238
6473  2.837  -83.954  34.973 0.6999999881
128368  15.401  -93.186  25.339 0.6000000238
1971  16.589  -92.816  24.920 0.6000000238
119357  8.926  -85.671  65.060 0.6000000238
4544  12.039  -86.328  61.712 0.8000000119
4543  12.472  -86.307  60.712 0.8000000119
4577  11.900  -86.638  58.767 1.0000000000
121312  9.491  -87.938  32.759 0.6999999881
126973  6.248  -89.701  35.528 0.6999999881
3874  5.108  -88.907  36.656 0.6999999881
3446  5.881  -89.846  36.789 0.6999999881
8190  1.989  -80.440  36.556 0.6000000238
3498  9.804  -89.312  30.436 0.6999999881
7657  2.732  -81.045  35.274 0.6999999881
7624  1.742  -80.829  38.139 0.6000000238
7023  1.968  -81.858  38.188 0.5000000000
129292  2.991  -83.251  34.631 0.6999999881
117375  12.328  -85.980  59.231 0.8000000119
1989  7.054  -91.865  63.201 0.6000000238
4075  10.941  -87.381  59.317 1.0000000000
3203  9.684  -89.712  61.270 0.8999999762
3204  9.343  -90.310  61.951 0.8000000119
2390  7.656  -91.737  62.849 0.6999999881
3887  8.630  -88.852  34.333 0.6000000238
3455  7.995  -89.616  35.345 0.5000000000
112376  9.500  -88.000  33.783 0.6000000238
125133  7.592  -90.007  36.530 0.6999999881
3852  5.860  -88.377  37.502 0.6000000238
3899  11.705  -88.370  33.366 0.5000000000
3910  10.400  -88.307  32.198 0.6999999881
3911  9.726  -88.002  32.028 0.6999999881
3439  6.848  -90.153  37.316 0.6999999881
3440  6.017  -89.696  37.636 0.6000000238
3875  5.042  -88.182  36.842 0.6999999881
8755  3.241  -78.813  37.039 0.6000000238
3849  7.533  -88.912  37.849 0.6000000238
130598  3.166  -79.252  36.532 0.6000000238
8768  2.192  -79.451  36.772 0.6000000238
3061  11.775  -90.384  33.442 0.5000000000
3474  11.473  -89.191  33.004 0.6000000238
3475  10.870  -88.998  32.243 0.6999999881
4344  5.416  -87.787  36.883 0.6000000238
8181  1.745  -80.081  37.314 0.6000000238
3876  4.785  -87.355  35.958 0.6999999881
8767  2.819  -79.522  36.237 0.6000000238
4343  6.281  -87.627  36.308 0.6000000238
4365  5.781  -87.276  33.926 0.6999999881
4355  4.781  -86.772  35.250 0.6999999881
129995  2.727  -80.387  35.534 0.6000000238
4366  5.155  -86.755  33.748 0.6999999881
4367  4.867  -86.316  33.747 0.6999999881
134696  5.240  -86.594  32.737 0.6999999881
4857  4.858  -86.094  33.057 0.6999999881
5943  3.600  -84.426  34.277 0.6999999881
6482  3.240  -83.793  34.387 0.6999999881
118803  3.923  -83.031  34.037 0.6999999881
5371  4.548  -85.266  33.348 0.6999999881
5958  4.268  -84.637  33.687 0.6999999881
6481  3.846  -83.809  33.948 0.6999999881
5370  4.839  -85.690  32.836 0.6999999881
2377  7.586  -91.555  63.735 0.6000000238
2366  6.368  -91.090  64.470 0.5000000000
112058  4.666  -77.914  42.412 0.6999999881
3901  10.201  -87.820  32.801 0.6000000238
3444  8.392  -89.473  36.307 0.5000000000
8747  3.386  -78.427  37.829 0.6000000238
9380  2.757  -77.907  37.981 0.6000000238
3438  7.811  -89.749  37.201 0.6000000238
4312  6.411  -88.443  37.553 0.5000000000
8174  1.625  -79.754  38.105 0.6000000238
4331  6.264  -88.038  37.181 0.6000000238
8766  3.517  -79.723  35.966 0.6000000238
9391  2.218  -78.686  37.396 0.6000000238
8757  1.799  -79.117  37.523 0.6000000238
121288  5.192  -87.175  36.172 0.6000000238
8202  3.522  -80.290  35.290 0.6000000238
124899  1.680  -80.508  39.071 0.5000000000
7090  3.342  -83.106  34.304 0.6999999881
4839  6.516  -87.242  33.013 0.6999999881
4869  5.138  -86.178  32.503 0.6999999881
5957  4.790  -84.931  32.873 0.6999999881
5385  5.272  -85.652  32.204 0.6999999881
114161  8.489  -81.598  30.537 0.5000000000
122301  8.071  -89.261  64.622 0.8000000119
9366  3.959  -78.568  39.567 0.6999999881
8746  4.192  -79.296  38.506 0.6999999881
8173  4.605  -80.136  38.255 0.6999999881
8742  1.528  -78.968  39.600 0.5000000000
8180  3.792  -79.408  36.711 0.6999999881
8748  1.873  -78.370  37.913 0.6000000238
131946  1.635  -78.912  38.085 0.6000000238
114855  1.613  -79.896  39.592 0.5000000000
4815  7.050  -87.384  35.121 0.6000000238
4354  6.055  -87.427  35.079 0.6000000238
126721  8.454  -86.344  34.337 0.6000000238
7678  4.121  -81.633  34.327 0.6999999881
4855  7.342  -86.938  32.347 0.6000000238
4856  6.352  -86.887  32.161 0.6999999881
131939  5.726  -86.669  32.255 0.6999999881
7089  3.664  -82.349  34.322 0.6999999881
4866  7.059  -86.497  31.452 0.6999999881
6493  4.479  -84.192  33.360 0.6999999881
3177  6.363  -89.543  65.157 0.6000000238
9993  4.003  -76.905  40.897 0.6999999881
10677  3.866  -75.436  41.471 0.8000000119
122263  4.304  -78.695  40.563 0.6000000238
9367  3.624  -77.789  39.746 0.6000000238
9374  3.237  -77.798  38.620 0.6000000238
10728  1.870  -76.374  39.606 0.6999999881
8740  4.354  -79.414  39.592 0.6999999881
10007  1.577  -76.700  39.924 0.6000000238
10024  1.770  -77.035  39.225 0.6000000238
10037  2.416  -77.406  38.622 0.6000000238
8201  4.274  -80.262  35.604 0.6000000238
9375  1.562  -77.833  39.174 0.6000000238
8221  4.209  -80.597  35.039 0.6000000238
119768  4.405  -82.452  33.926 0.6999999881
6480  4.568  -83.403  33.501 0.6999999881
4867  6.252  -86.352  31.598 0.6999999881
5384  5.891  -85.891  31.565 0.6999999881
5956  5.367  -84.632  32.176 0.6999999881
6530  7.861  -84.101  29.516 0.5000000000
3606  5.808  -88.436  64.478 0.6000000238
4517  5.202  -86.586  64.684 0.6000000238
5041  2.482  -85.420  62.407 0.5000000000
5626  2.087  -84.870  62.413 0.6999999881
113310  1.869  -83.286  61.978 0.6000000238
11418  4.305  -76.154  43.045 0.6999999881
10676  4.334  -76.104  42.065 0.6999999881
10006  3.472  -76.921  39.963 0.6000000238
10726  2.775  -76.373  39.537 0.6000000238
10023  2.381  -76.757  39.149 0.6000000238
4814  7.475  -87.299  36.172 0.5000000000
8167  5.176  -80.998  38.884 0.6999999881
8172  5.128  -80.863  37.906 0.6999999881
9368  1.500  -78.206  40.161 0.5000000000
130804  1.416  -77.837  41.528 0.6000000238
8188  4.439  -79.982  36.355 0.6999999881
8733  1.565  -79.176  40.711 0.5000000000
120290  1.624  -79.905  40.373 0.5000000000
7655  5.425  -81.412  34.862 0.6999999881
7667  4.642  -81.194  34.591 0.6999999881
113449  8.942  -86.290  32.946 0.5000000000
126718  8.106  -86.746  33.255 0.6000000238
7088  5.224  -82.750  33.403 0.6999999881
4881  7.045  -86.080  30.776 0.6999999881
5398  7.145  -85.482  30.363 0.6999999881
127588  5.794  -85.149  31.679 0.6999999881
7108  5.205  -83.386  32.878 0.6999999881
7122  7.965  -82.328  30.776 0.6000000238
6513  7.339  -83.799  30.077 0.6000000238
3607  5.516  -88.294  63.871 0.5000000000
114409  5.431  -86.379  64.895 0.6999999881
5020  4.757  -86.006  64.807 0.6999999881
4040  4.747  -86.618  64.245 0.5000000000
5021  4.150  -85.848  64.277 0.6999999881
5612  3.768  -85.325  63.637 0.8000000119
5033  3.457  -85.996  63.592 0.6999999881
5625  3.249  -85.446  63.055 0.8000000119
115684  3.315  -84.641  62.830 0.8999999762
14614  1.332  -70.866  46.694 0.6000000238
13805  2.388  -71.327  45.745 0.8000000119
11410  3.929  -75.017  43.280 0.6999999881
13035  2.480  -73.066  43.374 0.8000000119
14613  1.348  -71.053  46.093 0.6000000238
12224  3.104  -73.813  43.199 0.8000000119
13037  1.759  -73.027  43.114 0.6999999881
120093  3.078  -74.141  42.240 0.8000000119
13045  1.962  -73.432  42.552 0.6999999881
13046  1.593  -73.808  42.399 0.6000000238
12235  1.927  -73.975  41.709 0.6000000238
122307  4.102  -77.746  40.725 0.6999999881
10707  3.370  -76.160  40.276 0.6999999881
11433  2.447  -74.714  40.890 0.6999999881
11462  1.963  -75.651  40.075 0.6999999881
11420  1.251  -75.209  41.489 0.6000000238
11411  1.156  -74.790  42.204 0.6000000238
8722  4.859  -79.366  41.397 0.6999999881
115528  5.352  -80.968  39.833 0.6999999881
10709  1.609  -75.934  40.163 0.6000000238
9980  1.336  -77.494  42.273 0.6000000238
7623  5.712  -81.653  38.419 0.6000000238
7643  5.645  -81.400  35.770 0.6000000238
7666  5.391  -81.857  34.273 0.6999999881
9338  1.561  -78.511  42.072 0.6000000238
8723  1.678  -79.413  41.710 0.6000000238
114632  6.333  -82.162  36.038 0.6999999881
7654  6.174  -81.986  35.205 0.6999999881
4865  7.968  -86.498  31.519 0.6000000238
115942  6.110  -82.735  33.133 0.6999999881
7087  5.549  -82.399  33.748 0.6999999881
4880  7.748  -86.173  30.663 0.5000000000
5987  6.902  -84.523  30.552 0.6999999881
6490  6.249  -83.425  31.853 0.6999999881
5986  7.489  -84.697  29.833 0.6999999881
6504  6.184  -84.215  31.406 0.6999999881
7151  8.029  -83.295  29.719 0.6000000238
6503  6.828  -83.515  31.217 0.6000000238
7123  6.964  -83.042  31.698 0.6000000238
4527  3.852  -86.220  63.818 0.5000000000
5032  4.516  -85.404  64.115 0.8000000119
5040  3.024  -85.809  62.866 0.6000000238
5031  5.224  -84.850  63.376 0.8999999762
128300  2.593  -85.282  62.557 0.8000000119
121637  1.923  -84.095  62.232 0.6999999881
113369  2.605  -84.539  62.529 0.8999999762
6785  1.949  -82.438  61.640 0.6999999881
7391  2.178  -81.492  61.243 0.6000000238
16377  1.232  -70.060  49.037 0.6999999881
124998  0.865  -70.206  50.142 0.6000000238
13785  0.794  -71.718  48.545 0.6000000238
13023  2.793  -73.037  44.928 0.6999999881
13819  2.716  -71.940  45.283 0.6999999881
13831  2.355  -71.984  44.522 0.6999999881
11401  4.122  -75.624  44.369 0.6000000238
12214  2.921  -73.476  44.024 0.8000000119
10665  4.610  -77.107  43.836 0.6000000238
129002  5.105  -79.217  42.148 0.6999999881
11434  1.572  -74.935  40.967 0.6000000238
122476  1.039  -75.737  43.049 0.6000000238
8161  5.668  -80.769  40.729 0.6999999881
116693  1.158  -76.564  42.661 0.6000000238
132107  1.333  -77.123  41.365 0.6000000238
9327  1.595  -78.487  43.075 0.5000000000
7037  6.733  -82.342  37.386 0.6000000238
7073  6.870  -82.522  34.698 0.6999999881
7074  6.371  -82.550  33.906 0.6999999881
127729  7.219  -83.422  30.643 0.6000000238
7705  8.330  -81.632  31.419 0.5000000000
7105  7.699  -82.730  32.163 0.6000000238
5624  3.790  -83.776  62.102 0.8999999762
127807  2.095  -84.100  62.472 0.8999999762
6222  1.994  -83.415  62.527 0.8000000119
16376  1.543  -69.806  49.675 0.8000000119
115436  1.099  -72.958  47.915 0.6000000238
13797  0.933  -71.029  46.990 0.6000000238
113514  1.231  -72.686  46.441 0.6000000238
11392  4.308  -75.878  45.179 0.6999999881
120535  3.449  -74.259  44.875 0.6000000238
9979  4.528  -77.111  42.831 0.6999999881
9337  5.100  -78.711  42.673 0.6999999881
8721  5.489  -79.810  41.988 0.6999999881
9971  1.360  -77.391  43.387 0.5000000000
6213  3.011  -83.594  62.653 0.8999999762
6765  4.114  -82.624  62.124 0.8000000119
6750  4.407  -82.500  63.396 0.8000000119
6753  2.657  -82.355  63.203 0.8999999762
6766  2.208  -82.745  62.752 0.8999999762
6205  2.886  -82.660  63.028 0.8999999762
7366  2.325  -82.105  63.156 0.8999999762
7921  2.335  -81.411  63.103 0.8999999762
7379  2.129  -81.931  62.370 0.8000000119
7929  2.402  -80.233  61.855 0.8000000119
116828  2.216  -78.669  61.044 0.6999999881
14566  2.197  -70.167  48.730 0.8000000119
121356  3.115  -72.106  47.944 0.8000000119
16341  1.212  -69.623  51.631 0.6999999881
122228  1.428  -69.697  50.687 0.8000000119
12992  3.436  -73.273  47.135 0.6999999881
115349  2.098  -69.890  49.545 0.8000000119
12189  3.684  -74.218  46.672 0.8000000119
14565  3.129  -71.630  49.448 0.8000000119
14549  2.624  -70.486  49.553 0.8000000119
13001  1.330  -72.763  45.514 0.6000000238
11379  4.111  -75.090  46.336 0.6999999881
12972  3.828  -73.538  49.039 0.6999999881
13832  2.088  -72.106  44.183 0.6999999881
13820  1.559  -71.981  44.988 0.6000000238
12206  1.197  -73.638  45.216 0.5000000000
10645  4.894  -76.460  45.513 0.6999999881
12156  4.493  -74.560  49.223 0.8000000119
13769  3.586  -72.792  49.696 0.6999999881
13733  3.777  -71.991  51.311 0.8000000119
13012  1.507  -72.675  44.505 0.5000000000
134211  1.110  -75.183  44.606 0.5000000000
9960  5.127  -77.602  44.367 0.6999999881
10656  4.619  -76.692  44.693 0.6000000238
12954  4.550  -73.996  50.563 0.8000000119
12215  1.215  -73.548  44.197 0.5000000000
9970  4.960  -78.088  43.479 0.6000000238
11348  6.720  -75.366  48.593 0.8000000119
11340  5.448  -75.071  49.385 0.8000000119
8707  5.645  -79.331  42.636 0.8000000119
12175  7.645  -74.948  47.639 0.8000000119
123660  1.085  -75.429  43.929 0.5000000000
10657  1.455  -77.078  45.100 0.5000000000
8150  7.820  -80.741  41.537 0.6999999881
8135  7.180  -80.282  42.157 0.8000000119
8160  6.437  -81.044  41.010 0.6999999881
7603  6.213  -81.364  40.300 0.6000000238
12213  5.853  -73.606  45.586 0.6000000238
10666  1.250  -76.587  44.016 0.5000000000
9961  1.499  -77.607  44.332 0.5000000000
8159  8.616  -80.650  40.439 0.6999999881
7601  7.866  -81.450  40.484 0.6999999881
7613  5.951  -81.591  39.384 0.6000000238
8738  8.275  -79.839  39.464 0.6000000238
7611  8.259  -81.592  39.704 0.6999999881
7612  7.146  -81.738  39.804 0.6999999881
7036  7.617  -82.440  37.351 0.6000000238
7062  7.128  -82.504  35.701 0.6999999881
14632  4.249  -70.906  44.974 0.6000000238
8166  8.772  -80.472  39.098 0.6000000238
7619  9.258  -81.150  38.113 0.6999999881
7629  9.251  -81.477  37.292 0.6999999881
7049  7.850  -82.512  36.505 0.6999999881
8744  7.861  -79.808  38.771 0.5000000000
7061  8.021  -82.517  35.775 0.6999999881
123662  7.993  -82.577  34.927 0.6000000238
116341  7.629  -82.676  33.922 0.6000000238
8177  8.685  -80.371  37.563 0.6000000238
8176  9.188  -80.778  37.400 0.6000000238
7653  9.386  -81.570  35.287 0.6000000238
8200  8.576  -80.432  35.883 0.6000000238
8199  9.084  -80.705  35.309 0.5000000000
8238  9.277  -81.231  34.240 0.6000000238
7104  8.449  -82.243  32.421 0.6000000238
7084  8.902  -82.172  33.343 0.6000000238
7085  8.293  -82.592  33.092 0.6000000238
7086  7.201  -82.784  33.065 0.6000000238
115018  7.981  -82.388  31.612 0.6000000238
6204  3.377  -82.854  62.528 0.8000000119
6751  3.568  -82.489  63.199 0.8000000119
6739  4.084  -82.460  64.560 0.6999999881
7353  2.558  -81.566  63.789 0.8000000119
115504  2.403  -80.544  62.839 0.8000000119
7914  2.523  -80.952  64.052 0.8000000119
8488  2.494  -79.990  63.619 0.8999999762
9147  1.993  -78.969  62.103 0.8000000119
9762  1.962  -78.062  61.816 0.8000000119
10441  1.853  -77.027  61.665 0.6000000238
16339  2.096  -69.494  51.064 0.8000000119
16340  1.638  -69.270  51.773 0.6999999881
11362  4.561  -75.172  47.847 0.8000000119
12166  3.796  -73.852  48.150 0.8000000119
15414  2.812  -69.729  51.645 0.8000000119
11377  5.389  -75.853  46.778 0.6999999881
11350  4.951  -75.224  48.638 0.8000000119
127074  3.817  -72.684  50.987 0.8999999762
14523  4.420  -70.683  52.516 0.8999999762
9969  5.708  -78.170  43.834 0.6999999881
129678  6.908  -79.655  42.698 0.8000000119
8693  5.671  -78.771  43.227 0.6999999881
10613  7.134  -75.900  47.172 0.8000000119
12138  7.243  -74.068  50.200 0.8000000119
115811  7.594  -74.651  45.046 0.6999999881
116877  5.121  -73.076  46.323 0.6000000238
8730  8.511  -80.083  40.599 0.6000000238
12223  7.191  -74.212  44.009 0.4000000060
13803  4.538  -71.909  46.174 0.6000000238
130022  9.108  -82.108  34.042 0.6000000238
7676  9.203  -81.706  33.733 0.6000000238
6764  4.948  -82.427  61.556 0.8000000119
130311  4.831  -82.467  62.495 0.8999999762
6192  4.466  -82.526  65.193 0.8000000119
6752  3.284  -82.175  64.101 0.8000000119
7330  3.822  -82.032  65.529 0.6999999881
7340  3.275  -81.770  64.948 0.8000000119
123894  2.787  -81.843  63.996 0.8000000119
7900  3.657  -81.452  65.554 0.6999999881
9134  2.106  -79.205  63.250 0.8999999762
16324  2.299  -69.160  52.205 0.8000000119
121568  1.876  -68.762  52.856 0.6000000238
13732  4.643  -72.347  52.069 0.8000000119
12933  5.024  -73.305  51.775 0.8000000119
15397  3.264  -69.504  52.790 0.8000000119
11361  5.632  -75.729  47.375 0.8000000119
12140  5.760  -74.431  50.750 0.8000000119
15395  5.041  -70.480  53.002 0.8999999762
10644  5.905  -76.501  45.720 0.6999999881
14521  5.846  -71.209  52.635 0.8000000119
15394  6.002  -70.368  52.951 0.8000000119
10654  6.438  -76.849  45.039 0.6999999881
9325  7.070  -78.378  43.276 0.6999999881
9959  5.980  -77.526  44.474 0.6999999881
12990  6.833  -73.895  47.420 0.6999999881
13783  5.489  -72.641  48.901 0.6999999881
14579  5.114  -71.734  49.253 0.6999999881
9335  7.443  -78.739  42.645 0.6000000238
11407  8.317  -76.013  42.993 0.6000000238
9364  7.915  -79.082  40.943 0.6000000238
10675  7.811  -77.076  42.686 0.6999999881
11408  8.333  -75.404  43.253 0.5000000000
12222  8.032  -74.697  43.587 0.5000000000
14626  4.467  -70.989  45.938 0.6999999881
13830  4.879  -72.420  44.612 0.5000000000
120426  8.729  -80.511  32.630 0.5000000000
7913  2.943  -81.131  65.015 0.8000000119
8465  3.391  -80.014  64.943 0.6999999881
8480  2.822  -80.208  64.730 0.6999999881
130682  2.221  -78.131  65.330 0.8000000119
9135  1.898  -78.442  62.876 0.8999999762
9745  1.851  -77.604  62.706 0.8000000119
112599  1.771  -76.072  62.235 0.6999999881
111261  1.882  -76.106  61.130 0.5000000000
16313  2.390  -68.341  53.936 0.6000000238
16312  3.832  -69.154  53.661 0.6000000238
10631  6.957  -76.290  46.385 0.6999999881
13731  5.806  -72.681  52.125 0.8000000119
12931  7.043  -73.409  51.199 0.8000000119
112262  6.783  -70.825  52.189 0.8000000119
10643  7.019  -76.471  45.553 0.6999999881
13729  7.286  -72.684  50.947 0.8000000119
10663  7.391  -76.769  43.906 0.6999999881
10630  7.500  -75.963  46.625 0.6999999881
121251  7.760  -74.894  45.999 0.8000000119
9978  7.471  -77.865  42.774 0.6999999881
12188  7.305  -74.415  46.647 0.8000000119
130708  4.281  -71.503  43.664 0.5000000000
112985  3.242  -79.034  64.963 0.6999999881
8466  3.039  -79.077  64.583 0.6999999881
9114  2.323  -78.686  64.863 0.8000000119
9115  2.001  -78.690  63.981 0.8999999762
9725  1.787  -77.282  63.831 0.8999999762
10417  1.786  -76.805  62.776 0.8999999762
118034  3.163  -68.439  53.911 0.6000000238
17244  2.762  -68.024  54.167 0.6000000238
17241  5.184  -68.925  53.439 0.6999999881
12970  7.249  -73.142  49.697 0.8000000119
15412  6.586  -70.072  51.714 0.8000000119
10652  8.096  -76.169  43.739 0.6999999881
113973  7.025  -73.658  48.311 0.6999999881
13767  7.104  -72.489  50.094 0.8000000119
12980  6.416  -73.270  48.798 0.8000000119
15513  4.718  -70.556  45.529 0.6999999881
8479  4.600  -79.190  63.501 0.6999999881
114693  3.960  -79.867  64.943 0.6999999881
9093  3.608  -78.918  64.757 0.6999999881
9095  2.749  -78.575  65.394 0.6999999881
115524  1.918  -78.119  64.519 0.8999999762
11174  1.777  -75.302  61.648 0.6999999881
17242  4.407  -68.517  53.574 0.6000000238
128863  6.145  -69.123  52.272 0.8000000119
17253  4.989  -68.436  52.902 0.6999999881
14546  7.142  -71.379  51.001 0.8000000119
16355  5.654  -69.832  51.080 0.8000000119
17305  6.521  -68.910  47.802 0.4000000060
15442  5.533  -70.679  50.484 0.8000000119
14547  6.259  -71.401  50.574 0.6999999881
14564  5.092  -70.992  49.299 0.6999999881
15523  4.458  -70.343  44.562 0.6000000238
9113  4.295  -78.460  63.449 0.6999999881
9709  3.769  -78.042  64.516 0.6999999881
10377  4.090  -77.083  64.595 0.6999999881
9094  3.071  -78.477  65.659 0.6999999881
10378  2.041  -76.807  65.331 0.8000000119
10396  1.841  -76.755  64.615 0.8999999762
10397  1.801  -76.028  63.666 0.8999999762
115653  1.764  -75.134  62.753 0.8999999762
11987  1.646  -73.949  60.546 0.6000000238
18144  3.058  -67.752  53.995 0.5000000000
18160  3.601  -67.713  53.309 0.6000000238
17306  5.274  -69.163  47.822 0.5000000000
17307  4.399  -69.397  48.291 0.6000000238
16375  4.532  -69.493  49.735 0.5000000000
16356  4.917  -69.160  50.530 0.6999999881
17263  4.928  -68.278  51.873 0.8000000119
18181  4.131  -67.796  51.475 0.6000000238
16409  5.215  -69.928  48.437 0.5000000000
16374  4.987  -69.990  50.196 0.6999999881
130866  7.619  -69.177  47.845 0.5000000000
16408  6.264  -69.537  48.086 0.6000000238
15457  4.958  -70.390  49.040 0.6000000238
15472  6.877  -69.889  47.858 0.6000000238
15494  6.112  -70.353  47.313 0.6000000238
15474  5.094  -70.443  48.428 0.6000000238
129525  5.713  -69.750  44.700 0.6000000238
15512  5.505  -70.300  46.136 0.6999999881
10361  3.693  -76.525  65.517 0.6999999881
9697  3.058  -77.692  65.944 0.6999999881
10363  2.624  -76.852  65.808 0.8000000119
11144  1.846  -74.845  63.807 0.8999999762
18161  2.768  -67.363  53.149 0.5000000000
17294  3.975  -69.125  49.270 0.6999999881
17275  3.862  -67.950  50.460 0.6999999881
18171  2.435  -67.148  51.841 0.5000000000
15473  6.056  -70.059  48.143 0.6000000238
15511  6.721  -70.282  46.472 0.6000000238
11131  4.330  -75.987  64.928 0.6999999881
11907  2.579  -75.008  65.498 0.8000000119
10347  2.568  -75.889  65.799 0.8000000119
11133  2.033  -75.327  65.138 0.8999999762
128691  1.874  -75.343  64.483 0.8999999762
11966  1.689  -73.724  61.923 0.8000000119
17295  3.406  -68.667  48.768 0.6000000238
17287  3.569  -68.299  49.586 0.5000000000
18183  2.209  -67.189  50.603 0.5000000000
17317  5.711  -68.566  47.024 0.4000000060
18182  3.206  -67.440  51.051 0.5000000000
17316  6.864  -68.542  47.174 0.4000000060
112630  3.870  -69.040  47.390 0.5000000000
122130  7.977  -68.527  46.396 0.4000000060
15510  7.836  -70.256  46.497 0.5000000000
11922  3.622  -74.611  65.053 0.6999999881
14404  7.660  -71.565  62.029 0.5000000000
11933  1.999  -74.158  63.924 0.8999999762
12785  1.825  -73.201  62.840 0.8999999762
112289  1.733  -74.561  62.124 0.8000000119
111636  1.118  -71.549  59.677 0.6000000238
13614  1.272  -72.212  60.644 0.6000000238
17288  2.796  -67.967  49.129 0.5000000000
18196  3.018  -67.568  49.989 0.5000000000
17308  3.405  -68.996  47.926 0.5000000000
17318  4.358  -68.737  46.720 0.5000000000
17327  4.833  -68.365  45.906 0.4000000060
17325  7.132  -68.197  45.689 0.4000000060
14406  5.301  -71.407  61.620 0.5000000000
12767  3.885  -73.475  63.799 0.8000000119
127394  4.185  -72.238  62.704 0.8000000119
118629  7.283  -70.164  61.337 0.5000000000
114472  6.922  -71.051  61.449 0.5000000000
13601  4.707  -71.867  62.071 0.6999999881
114603  2.279  -73.769  63.722 0.8999999762
24649  13.250  -60.846  54.447 0.6000000238
132120  12.773  -61.440  55.513 0.6000000238
22784  11.506  -62.314  55.889 0.8000000119
117634  10.905  -62.065  55.247 0.6999999881
22785  10.537  -62.422  55.741 0.8000000119
22767  9.342  -62.922  56.791 0.8000000119
130201  1.606  -72.869  62.176 0.8000000119
123858  3.087  -68.792  47.095 0.5000000000
18206  2.170  -67.642  48.744 0.6000000238
18184  1.789  -66.875  50.196 0.6000000238
17309  2.614  -68.339  47.482 0.5000000000
129160  2.470  -68.238  46.619 0.5000000000
13558  3.032  -73.258  63.749 0.8000000119
16206  8.319  -69.199  61.533 0.4000000060
13571  2.633  -72.451  63.210 0.8999999762
24669  13.520  -60.677  53.680 0.5000000000
23680  12.560  -61.474  54.875 0.6000000238
120214  5.740  -69.899  61.430 0.6999999881
12769  2.109  -73.042  63.196 0.8999999762
22766  10.902  -62.759  56.532 0.8000000119
16208  6.633  -69.497  61.354 0.6000000238
24670  12.685  -60.964  53.637 0.6999999881
21817  8.506  -63.353  57.800 0.8000000119
21785  4.165  -63.857  58.901 0.6000000238
16209  5.156  -69.183  61.740 0.8000000119
112847  1.541  -71.667  62.132 0.8000000119
125671  6.979  -63.460  58.728 0.6999999881
21767  4.316  -64.050  59.826 0.6999999881
121574  1.178  -70.645  59.467 0.6000000238
130003  1.280  -71.745  61.472 0.6999999881
14410  1.259  -70.346  61.136 0.8000000119
19121  1.581  -66.209  49.432 0.5000000000
24648  13.994  -60.306  55.124 0.5000000000
24628  13.993  -60.286  55.974 0.5000000000
127511  14.792  -60.117  54.638 0.4000000060
23671  12.268  -61.879  56.533 0.8000000119
18011  8.145  -67.213  61.678 0.5000000000
17125  7.945  -68.289  61.554 0.6000000238
14388  3.722  -71.541  62.508 0.8000000119
14389  2.753  -71.102  62.745 0.8000000119
13572  2.165  -72.327  63.020 0.8999999762
120776  14.575  -60.510  53.018 0.4000000060
117864  10.319  -63.226  57.844 0.8000000119
15278  4.289  -70.267  62.024 0.8000000119
14408  3.518  -70.711  62.384 0.8000000119
14390  2.077  -70.709  62.538 0.8999999762
21800  8.143  -63.588  58.605 0.8000000119
18012  7.247  -67.341  61.528 0.8000000119
119723  5.926  -68.905  61.528 0.6000000238
15258  2.372  -69.926  62.466 0.8000000119
117480  1.703  -71.078  62.196 0.8000000119
118814  13.753  -60.667  53.027 0.6000000238
24671  11.781  -61.050  53.627 0.6999999881
21782  7.877  -63.794  59.549 0.8000000119
21783  6.055  -63.601  59.368 0.6000000238
121066  4.709  -64.423  60.699 0.6999999881
20849  2.988  -64.529  59.948 0.6999999881
16193  3.347  -68.735  62.412 0.8000000119
15259  1.578  -70.343  61.849 0.8999999762
116311  12.006  -60.837  52.991 0.6999999881
23700  11.674  -61.453  54.249 0.6999999881
21784  5.037  -63.771  59.537 0.6999999881
18939  2.220  -66.503  61.123 0.6999999881
16212  1.218  -69.697  60.939 0.8000000119
19877  2.172  -65.944  60.497 0.6999999881
24647  15.648  -59.882  55.251 0.3000000119
122895  11.646  -62.421  56.812 0.8000000119
122513  7.566  -66.494  61.627 0.6999999881
21798  9.893  -63.368  58.447 0.8000000119
120065  8.814  -63.709  59.387 0.8000000119
20845  7.347  -64.196  60.924 0.8000000119
113787  6.349  -67.354  61.667 0.8000000119
17128  4.230  -68.267  62.282 0.8000000119
24690  13.987  -60.807  52.294 0.6000000238
116351  12.922  -60.819  52.994 0.6000000238
117730  9.982  -62.734  56.261 0.8000000119
125946  7.058  -63.755  59.704 0.8000000119
20831  6.090  -64.826  61.465 0.8000000119
129631  4.245  -66.753  62.374 0.8000000119
124014  1.922  -69.729  62.179 0.8000000119
24711  13.269  -60.755  51.591 0.6000000238
24692  12.267  -60.692  52.326 0.6000000238
115212  12.298  -61.827  55.620 0.8000000119
17109  1.723  -68.310  61.774 0.6999999881
17107  2.712  -68.119  62.386 0.8000000119
16211  1.506  -69.467  61.563 0.8000000119
119967  11.127  -60.792  53.061 0.6999999881
17129  1.496  -68.067  61.201 0.6999999881
24627  14.825  -59.881  55.873 0.4000000060
126701  13.565  -60.696  56.514 0.6000000238
115746  12.960  -61.070  57.256 0.6999999881
114030  11.191  -62.712  57.700 0.8000000119
24689  15.475  -60.459  52.981 0.3000000119
117879  10.201  -63.121  59.160 0.8000000119
19872  7.975  -64.793  61.391 0.6999999881
24709  15.358  -60.968  51.497 0.3000000119
112308  14.940  -60.716  52.251 0.4000000060
20846  6.638  -64.350  61.046 0.8000000119
18936  5.685  -65.817  62.044 0.8000000119
24710  14.229  -61.013  51.375 0.5000000000
17106  3.405  -67.956  62.424 0.8000000119
24691  13.125  -60.743  52.337 0.6000000238
21766  5.892  -63.923  60.371 0.8000000119
19874  4.627  -65.366  61.858 0.8000000119
17997  3.074  -67.400  62.344 0.8000000119
24712  11.693  -60.430  51.564 0.6000000238
20832  5.167  -64.833  61.463 0.6999999881
20833  4.151  -64.836  61.187 0.6999999881
114455  3.064  -65.820  61.452 0.8000000119
18015  2.273  -67.022  61.718 0.6999999881
20126  2.057  -66.302  46.050 0.6000000238
19185  2.677  -66.962  43.937 0.5000000000
19155  2.340  -66.928  45.389 0.6000000238
20108  1.459  -65.193  48.369 0.6000000238
20096  1.366  -65.444  49.118 0.5000000000
18238  2.701  -67.779  44.359 0.6000000238
18225  2.402  -67.696  45.379 0.6000000238
112738  15.867  -60.589  52.212 0.3000000119
25682  15.724  -60.104  54.448 0.3000000119
22737  10.612  -62.934  58.582 0.8000000119
21780  9.470  -63.538  60.120 0.8000000119
21781  8.660  -63.912  60.440 0.8000000119
21743  8.117  -64.220  61.010 0.8000000119
116231  6.982  -64.845  61.346 0.8000000119
111696  15.819  -61.120  50.684 0.5000000000
19854  4.991  -65.722  62.131 0.8000000119
23745  15.302  -61.325  49.862 0.5000000000
23748  14.838  -61.186  49.059 0.5000000000
24722  13.279  -60.749  50.705 0.6000000238
18937  3.316  -66.181  61.956 0.8000000119
20158  2.496  -66.543  44.693 0.6000000238
19194  2.937  -66.692  42.586 0.5000000000
18252  2.809  -67.323  43.763 0.6000000238
113335  16.791  -60.828  50.565 0.3000000119
24750  15.405  -60.912  48.445 0.4000000060
24767  14.988  -60.230  47.853 0.4000000060
22038  3.465  -64.284  44.339 0.6000000238
21993  2.219  -64.008  46.278 0.6000000238
21119  3.099  -65.603  42.924 0.6000000238
21100  3.039  -64.881  44.691 0.6000000238
112352  3.132  -65.187  43.866 0.6000000238
127420  2.624  -66.162  44.046 0.6000000238
21075  2.170  -65.227  45.933 0.6000000238
22053  4.128  -64.288  43.079 0.6000000238
21124  3.517  -65.162  42.425 0.6000000238
19201  3.075  -66.417  42.083 0.5000000000
20166  2.826  -66.406  43.181 0.5000000000
25746  15.462  -59.639  47.397 0.3000000119
124175  4.142  -61.758  43.898 0.5000000000
119173  3.989  -62.725  43.967 0.6000000238
22037  3.939  -63.773  43.918 0.6000000238
22016  3.631  -63.163  44.739 0.6000000238
22052  4.628  -63.445  42.757 0.6000000238
21118  3.591  -64.787  43.459 0.6000000238
21123  4.130  -64.723  42.058 0.6000000238
22968  5.745  -62.108  41.081 0.6000000238
21122  4.861  -64.219  41.748 0.6000000238
23875  6.306  -61.122  40.456 0.6000000238
21127  4.006  -64.909  40.903 0.6000000238
21130  4.845  -64.697  39.709 0.5000000000
22063  5.756  -63.997  40.509 0.5000000000
22966  7.528  -63.143  40.554 0.4000000060
22965  8.136  -62.835  40.194 0.5000000000
26758  16.142  -58.067  46.802 0.3000000119
22036  4.327  -62.415  43.328 0.5000000000
128163  4.225  -63.283  43.441 0.6000000238
23887  6.858  -60.609  39.944 0.5000000000
23851  4.681  -61.401  42.560 0.5000000000
22051  5.057  -62.846  42.081 0.6000000238
22959  5.412  -62.334  41.544 0.6000000238
22058  5.543  -63.653  41.489 0.6000000238
22057  6.157  -63.099  41.268 0.6000000238
27740  15.605  -57.556  46.317 0.3000000119
28655  16.353  -55.979  46.304 0.3000000119
23850  4.902  -60.870  42.200 0.6000000238
23863  5.309  -61.247  41.445 0.6000000238
23874  7.443  -62.075  40.302 0.5000000000
23886  7.830  -61.317  39.694 0.5000000000
24856  6.054  -59.873  41.111 0.5000000000
25852  6.646  -59.530  40.018 0.6000000238
24878  8.433  -61.056  39.255 0.5000000000
27748  15.041  -56.900  45.702 0.3000000119
25829  6.889  -59.079  41.282 0.5000000000
26804  7.592  -58.595  41.065 0.6000000238
25851  6.975  -58.751  39.677 0.5000000000
24879  7.366  -59.965  39.210 0.5000000000
25846  6.464  -59.414  40.859 0.6000000238
25845  6.921  -58.784  40.549 0.6000000238
26824  7.443  -58.101  40.208 0.6000000238
27803  9.236  -57.605  40.697 0.6000000238
27805  7.676  -57.706  39.780 0.5000000000
26833  7.496  -58.036  39.533 0.4000000060
25859  7.413  -58.877  38.950 0.4000000060
27765  12.606  -57.340  43.047 0.4000000060
28680  12.876  -56.952  43.689 0.4000000060
112282  14.175  -56.620  44.907 0.3000000119
114191  14.847  -56.036  45.180 0.3000000119
28669  15.601  -56.041  45.799 0.3000000119
119384  8.074  -59.236  38.378 0.4000000060
28686  12.851  -56.549  43.073 0.3000000119
28679  13.304  -56.303  43.955 0.3000000119
28678  14.162  -55.967  44.519 0.3000000119
29681  14.541  -55.349  44.647 0.3000000119
27775  13.891  -57.601  42.087 0.4000000060
28695  12.904  -56.828  42.590 0.4000000060
132827  10.015  -57.483  40.954 0.5000000000
27819  8.752  -56.847  39.778 0.5000000000
28727  8.285  -56.521  39.123 0.4000000060
26841  7.792  -58.024  38.622 0.4000000060
27818  10.747  -56.687  39.926 0.4000000060
27802  10.025  -57.025  40.459 0.5000000000
113434  9.645  -56.303  39.623 0.4000000060
28726  8.808  -55.991  39.142 0.5000000000
29691  13.119  -55.735  42.948 0.3000000119
117492  15.004  -54.720  44.789 0.3000000119
28694  13.512  -56.755  42.193 0.4000000060
29692  13.131  -56.141  42.355 0.4000000060
26855  8.286  -57.649  37.840 0.3000000119
29698  13.849  -55.797  41.697 0.4000000060
28725  10.483  -56.066  39.302 0.3000000119
29722  9.476  -55.494  38.894 0.4000000060
28747  8.499  -56.004  38.560 0.5000000000
130214  16.647  -55.684  43.256 0.3000000119
29708  20.421  -55.230  41.688 0.4000000060
28705  21.218  -55.949  41.457 0.4000000060
29739  11.129  -55.403  38.262 0.3000000119
29738  11.950  -55.804  38.279 0.4000000060
27799  17.008  -57.828  40.257 0.4000000060
117226  12.209  -56.582  39.398 0.3000000119
28746  10.463  -55.553  38.734 0.4000000060
29740  9.946  -54.823  38.279 0.4000000060
29697  18.877  -55.086  43.019 0.3000000119
29696  19.778  -55.536  42.519 0.4000000060
30711  18.894  -54.172  41.805 0.3000000119
30710  19.876  -54.433  41.428 0.4000000060
28743  13.742  -55.963  39.004 0.4000000060
29716  21.295  -55.398  40.175 0.5000000000
29706  21.428  -56.004  40.714 0.5000000000
29720  21.385  -56.079  40.137 0.4000000060
28744  12.675  -56.067  38.799 0.4000000060
28721  15.919  -56.508  39.568 0.3000000119
28745  11.461  -56.044  38.864 0.4000000060
28723  14.104  -56.334  39.324 0.4000000060
29707  21.138  -55.323  40.903 0.5000000000
29721  21.141  -55.723  39.482 0.3000000119
27814  15.431  -57.431  39.747 0.4000000060
28722  15.015  -56.392  39.446 0.4000000060
28738  19.105  -56.221  38.255 0.3000000119
116809  18.747  -56.791  38.880 0.4000000060
28720  16.770  -56.559  39.507 0.3000000119
29735  15.243  -55.741  38.654 0.4000000060
29761  13.084  -55.715  37.420 0.3000000119
29759  14.849  -56.001  37.715 0.3000000119
28742  14.662  -55.869  39.119 0.4000000060
29737  13.377  -55.916  38.290 0.3000000119
28741  15.534  -55.872  39.208 0.4000000060
115183  16.903  -55.761  37.953 0.3000000119
29760  13.923  -56.082  37.549 0.3000000119
117244  17.040  -56.074  38.803 0.3000000119
29734  16.137  -55.734  38.722 0.4000000060
111710  12.671  -98.339  48.284 0.8000000119
128094  13.746  -99.869  47.008 0.8000000119
73  15.979  -100.565  44.229 0.6000000238
111795  6.692  -93.298  54.793 0.8999999762
476  10.877  -98.099  52.692 0.8999999762
924  15.905  -96.161  52.220 0.5000000000
1737  6.963  -93.054  53.881 0.8999999762
903  11.829  -94.616  52.828 1.0000000000
194  17.552  -100.051  44.200 0.4000000060
1154  10.194  -94.811  53.693 1.0000000000
348  19.042  -98.790  41.554 0.6999999881
2051  17.241  -91.707  56.140 0.4000000060
551  19.079  -97.779  41.411 0.6000000238
128397  17.951  -96.622  31.132 0.6000000238
3188  10.787  -89.320  64.018 0.8000000119
2829  12.053  -89.681  57.375 0.8999999762
2009  14.834  -92.335  61.100 0.6999999881
1996  14.256  -91.849  61.864 0.8000000119
112418  8.704  -92.323  55.957 0.8999999762
1118  11.007  -94.719  57.134 0.8999999762
1103  11.428  -93.840  58.583 0.8999999762
128528  5.303  -90.367  32.983 0.5000000000
2680  6.638  -90.743  32.321 0.5000000000
631  19.560  -96.612  30.772 0.6999999881
3612  10.974  -88.342  63.799 0.8000000119
2029  14.727  -92.584  59.553 0.8000000119
826  22.339  -97.232  32.678 0.5000000000
3998  7.228  -87.957  69.056 0.3000000119
3588  8.694  -88.453  67.290 0.4000000060
112851  7.344  -89.299  33.775 0.6000000238
3465  7.959  -88.773  32.919 0.5000000000
7052  2.070  -82.023  36.824 0.5000000000
1969  18.737  -93.453  25.497 0.6000000238
126815  11.331  -87.084  63.064 0.6999999881
2792  8.915  -90.840  62.657 0.8999999762
3075  10.776  -89.932  31.858 0.6999999881
4500  7.695  -86.178  66.633 0.4000000060
5037  11.614  -85.574  61.912 0.8000000119
5045  12.175  -85.491  60.944 0.8000000119
119788  12.461  -86.708  59.062 1.0000000000
122203  4.558  -86.335  34.668 0.6999999881
4083  11.344  -86.741  59.037 1.0000000000
3637  10.501  -88.218  59.899 0.8999999762
4827  6.751  -87.431  34.028 0.6000000238
4376  5.672  -87.070  32.819 0.6999999881
4515  7.096  -86.867  64.677 0.8000000119
4039  5.870  -87.463  64.759 0.6000000238
14583  0.829  -70.962  47.924 0.6000000238
11419  3.983  -75.167  42.206 0.8000000119
13804  3.074  -72.044  46.247 0.6999999881
13000  3.137  -73.119  46.015 0.6999999881
131062  2.141  -71.594  44.957 0.5000000000
6214  2.405  -83.302  62.585 0.8999999762
6774  1.981  -82.710  62.537 0.8999999762
15432  1.009  -69.893  50.787 0.6999999881
14600  2.239  -70.697  46.883 0.8000000119
12993  1.264  -73.451  47.260 0.5000000000
12205  3.521  -74.153  45.739 0.6999999881
7020  8.282  -82.155  38.081 0.6999999881
131153  8.652  -82.266  36.196 0.6999999881
8185  9.426  -81.015  36.500 0.6000000238
14548  3.192  -71.113  50.444 0.8000000119
10655  5.392  -77.008  45.025 0.6999999881
8720  8.053  -79.962  41.835 0.6999999881
6212  3.880  -83.091  61.850 0.8999999762
13751  3.546  -72.291  50.465 0.8000000119
9967  7.300  -77.442  43.431 0.6999999881
113432  2.468  -79.297  64.275 0.8000000119
118273  2.792  -68.847  53.388 0.6000000238
12989  7.438  -74.274  47.956 0.8000000119
17315  7.778  -68.692  47.211 0.4000000060
11120  3.289  -76.109  65.946 0.6999999881
119896  3.187  -75.514  65.900 0.6999999881
12756  2.328  -74.407  64.451 0.8999999762
17326  6.184  -68.221  46.064 0.4000000060
116408  6.929  -71.768  61.928 0.5000000000
12755  2.689  -73.989  64.266 0.8000000119
134415  6.512  -70.307  61.321 0.6000000238
23699  12.431  -61.217  54.123 0.6999999881
15279  3.241  -69.767  62.448 0.8000000119
19143  2.131  -67.279  46.191 0.6999999881
25691  15.954  -60.333  53.724 0.3000000119
20829  8.524  -64.504  61.283 0.6999999881
130048  6.355  -65.299  61.724 0.8000000119
20173  3.276  -65.914  41.753 0.6000000238
20175  4.025  -65.525  40.204 0.5000000000
21131  4.171  -65.044  40.144 0.5000000000
21126  4.745  -64.518  40.592 0.6000000238
22967  6.588  -62.443  40.814 0.5000000000
27755  12.787  -57.593  43.923 0.4000000060
29668  16.112  -55.256  45.805 0.3000000119
27804  8.072  -57.545  40.085 0.5000000000
26832  7.896  -57.263  39.409 0.4000000060
27828  8.016  -56.887  38.623 0.4000000060
30692  13.163  -54.758  42.773 0.4000000060
27840  8.340  -56.601  37.885 0.3000000119
160  15.671  -98.546  47.244 0.6000000238
15458  2.002  -70.335  47.322 0.6999999881
10  9.401  -101.080  45.491 0.6999999881
11  8.881  -101.061  45.265 0.6999999881
111951  11.502  -98.944  44.042 0.6999999881
2  8.692  -100.938  46.725 0.8000000119
2088  14.892  -91.792  50.973 0.6000000238
1748  15.779  -92.643  51.679 0.6000000238
1755  15.262  -92.983  50.614 0.6000000238
1761  14.119  -93.174  49.980 0.6999999881
1421  16.340  -93.658  53.307 0.5000000000
1176  14.897  -94.889  49.837 0.6000000238
112118  13.740  -101.182  43.589 0.6999999881
86  15.404  -101.118  42.954 0.6000000238
1742  16.423  -92.626  53.384 0.5000000000
199  16.631  -100.564  43.093 0.6999999881
2081  16.156  -91.788  52.578 0.5000000000
688  16.250  -96.167  52.445 0.5000000000
117626  17.752  -100.037  42.455 0.6999999881
203  17.637  -99.644  41.854 0.6000000238
2074  16.486  -91.633  53.588 0.5000000000
687  16.789  -96.132  52.514 0.4000000060
2760  15.113  -90.176  64.561 0.4000000060
2061  17.024  -91.437  55.398 0.4000000060
3571  9.065  -88.589  68.920 0.4000000060
4016  14.178  -87.976  66.271 0.3000000119
122940  12.884  -88.950  67.842 0.4000000060
3175  14.597  -89.531  65.716 0.4000000060
3168  9.635  -89.482  66.777 0.6000000238
117098  15.488  -87.541  60.819 0.4000000060
3653  17.967  -88.169  58.387 0.4000000060
2435  17.930  -91.032  57.206 0.4000000060
125070  20.493  -97.856  45.346 0.4000000060
3563  8.105  -88.159  70.020 0.3000000119
3566  8.572  -88.368  69.469 0.4000000060
3587  9.057  -88.994  66.859 0.6000000238
3603  10.498  -88.675  64.520 0.6999999881
111470  17.175  -86.373  58.736 0.4000000060
3219  17.985  -88.835  59.293 0.4000000060
525  21.797  -96.568  45.217 0.4000000060
1499  22.042  -94.289  42.365 0.5000000000
110830  21.971  -96.092  44.364 0.5000000000
110329  20.947  -96.964  43.996 0.5000000000
126276  21.766  -94.042  38.527 0.6000000238
1500  21.379  -94.432  41.783 0.6000000238
110915  21.865  -94.944  37.891 0.6000000238
111149  21.466  -97.049  36.807 0.5000000000
110333  21.266  -94.881  36.164 0.5000000000
3158  8.916  -88.708  68.313 0.4000000060
119413  10.631  -87.888  64.246 0.6999999881
414  21.619  -97.933  34.884 0.5000000000
4029  9.601  -88.046  65.685 0.6000000238
3657  11.595  -88.295  58.230 1.0000000000
3629  12.348  -87.999  61.291 0.8000000119
3636  12.630  -88.142  59.314 0.8000000119
4094  11.942  -87.592  58.461 1.0000000000
3222  10.589  -89.079  58.625 1.0000000000
2261  12.611  -93.041  32.660 0.6000000238
1325  21.046  -94.917  27.956 0.5000000000
4035  10.377  -87.099  64.315 0.6999999881
4067  12.267  -87.148  61.507 0.8000000119
3645  10.977  -88.338  58.816 1.0000000000
1616  21.091  -94.213  28.879 0.6000000238
1960  19.055  -93.289  27.091 0.6000000238
4076  10.382  -87.158  60.190 0.8999999762
3630  9.780  -88.884  61.604 0.8999999762
125776  9.179  -90.056  62.833 0.8000000119
2783  8.682  -90.517  63.590 0.8000000119
3190  8.224  -90.150  64.455 0.8000000119
3189  8.721  -89.452  63.746 0.8000000119
3183  7.370  -89.671  65.083 0.5000000000
3604  7.433  -88.668  65.036 0.8000000119
3605  6.714  -88.120  65.194 0.8000000119
4526  6.727  -85.954  64.434 0.8000000119
5019  5.568  -85.745  64.565 0.8000000119
5611  4.099  -84.628  63.008 0.8000000119
116471  8.614  -80.714  31.767 0.4000000060
8461  3.874  -80.733  65.452 0.6999999881
13793  5.001  -72.574  47.904 0.6999999881
14610  4.675  -71.694  47.627 0.6999999881
113931  5.225  -70.589  47.675 0.6999999881
15495  4.955  -70.642  46.611 0.6999999881
15535  4.939  -69.643  44.138 0.6000000238
16441  5.512  -69.517  43.213 0.5000000000
16460  4.277  -69.870  42.558 0.5000000000
16421  8.388  -69.358  47.083 0.5000000000
15534  6.125  -69.646  43.967 0.5000000000
11143  5.008  -75.565  64.002 0.6000000238
11921  4.564  -75.098  64.808 0.6999999881
12753  4.322  -74.321  64.364 0.6000000238
13598  7.421  -72.360  62.534 0.5000000000
12784  4.523  -72.997  63.204 0.6000000238
132360  3.568  -72.010  62.885 0.8999999762
15277  5.089  -70.605  61.561 0.6999999881
17328  3.599  -68.497  45.677 0.6000000238
17297  2.095  -67.888  47.968 0.6000000238
18198  1.944  -67.016  49.267 0.6000000238
17329  2.922  -68.337  45.492 0.6000000238
18215  1.962  -67.397  47.630 0.6999999881
18208  1.799  -66.871  48.257 0.6000000238
17331  2.207  -67.914  45.956 0.6999999881
19134  1.791  -66.707  47.672 0.6999999881
19128  1.620  -66.198  48.498 0.6000000238
18236  4.303  -67.946  44.083 0.5000000000
17343  3.020  -68.237  44.880 0.6000000238
120626  8.393  -65.334  61.630 0.6999999881
116611  5.980  -68.080  61.681 0.8000000119
18014  4.680  -67.403  62.257 0.8000000119
18935  6.636  -66.281  61.721 0.8000000119
127981  14.011  -60.996  50.446 0.5000000000
18251  3.477  -67.608  43.381 0.5000000000
22725  10.849  -62.766  59.536 0.6999999881
129895  9.933  -63.433  60.502 0.6999999881
22736  11.383  -62.393  58.950 0.6999999881
21742  9.055  -64.185  61.142 0.6999999881
18283  3.440  -66.769  41.758 0.5000000000
128859  16.968  -60.636  51.381 0.3000000119
19199  3.720  -66.400  41.161 0.5000000000
25747  14.542  -59.612  47.334 0.4000000060
26751  15.844  -58.845  47.095 0.3000000119
26823  8.330  -58.072  40.881 0.5000000000
28693  14.446  -56.772  41.937 0.4000000060
28692  15.036  -56.025  41.883 0.4000000060
28685  16.067  -56.229  42.693 0.4000000060
28684  16.926  -56.331  43.498 0.4000000060
27812  17.348  -57.120  39.965 0.3000000119
29688  17.433  -55.639  43.718 0.3000000119
29687  18.235  -55.388  43.794 0.3000000119
28704  21.476  -56.511  41.188 0.5000000000
27810  19.571  -57.284  39.313 0.5000000000
30697  18.543  -54.455  42.592 0.3000000119
123622  16.292  -100.743  42.195 0.5000000000
122943  17.114  -100.180  42.069 0.6000000238
132961  16.567  -92.532  54.171 0.4000000060
2062  16.868  -92.360  55.687 0.4000000060
2052  16.970  -92.598  56.655 0.4000000060
3596  9.441  -88.967  66.192 0.6000000238
4028  10.169  -87.956  64.876 0.6999999881
4056  11.769  -87.136  62.372 0.8000000119
4066  12.595  -87.197  60.518 0.8000000119
4082  12.479  -87.516  58.847 0.8000000119
5623  4.730  -84.133  61.941 0.8999999762
15545  6.634  -69.655  43.073 0.5000000000
12765  5.980  -74.184  63.566 0.5000000000
12782  6.500  -73.705  63.350 0.5000000000
11932  5.441  -74.772  64.053 0.5000000000
12783  5.531  -73.425  63.185 0.5000000000
17342  3.977  -68.247  44.906 0.5000000000
17341  5.183  -68.084  44.985 0.3000000119
19871  8.922  -64.855  61.586 0.6999999881
27773  15.450  -56.905  42.283 0.4000000060
130333  13.238  -54.514  41.921 0.3000000119
30698  17.852  -54.113  42.989 0.3000000119
30690  17.178  -54.347  43.347 0.3000000119
18235  5.432  -67.833  44.082 0.4000000060
155  10.623  -99.654  48.822 0.8999999762
299  11.852  -98.607  48.757 0.8000000119
31  10.492  -100.625  48.236 0.8999999762
301  11.250  -99.198  50.473 0.8999999762
483  12.242  -97.759  50.056 0.8000000119
128  8.067  -99.124  52.579 0.6999999881
478  8.473  -98.257  53.376 0.6999999881
477  9.227  -97.928  53.004 0.8000000119
485  10.819  -98.578  52.327 0.8000000119
113453  10.146  -101.001  45.679 0.8999999762
66  12.725  -98.743  44.067 0.8000000119
56  12.585  -99.852  45.189 0.8000000119
130406  12.468  -100.623  45.987 0.8999999762
68  11.815  -99.294  44.552 0.6999999881
67  12.192  -98.679  44.451 0.6999999881
65  12.892  -98.606  43.392 0.8000000119
1169  13.298  -94.901  51.336 0.8999999762
926  12.908  -96.059  52.173 0.8000000119
1177  13.314  -95.255  49.443 0.6999999881
146  9.951  -99.516  50.154 0.8000000119
121609  12.890  -97.098  48.646 0.8000000119
19  8.949  -99.669  49.873 0.8000000119
32  9.845  -100.860  48.538 0.8999999762
133191  13.555  -98.846  48.228 0.6999999881
153  13.067  -99.330  47.655 0.6999999881
171  14.444  -99.609  46.935 0.6999999881
130230  13.793  -92.714  50.630 0.6999999881
1762  13.813  -93.229  50.115 0.6999999881
116678  15.642  -93.823  51.312 0.6000000238
1172  15.503  -94.863  50.981 0.5000000000
708  15.338  -96.888  50.334 0.6000000238
1168  15.671  -95.717  51.853 0.5000000000
505  17.277  -97.683  49.434 0.3000000119
178  14.226  -97.184  44.950 0.5000000000
13  10.470  -99.949  44.245 0.6999999881
78  11.141  -98.801  43.208 0.6000000238
168  15.836  -96.583  45.743 0.4000000060
54  13.992  -97.589  43.140 0.6000000238
2750  12.807  -89.709  66.829 0.5000000000
2358  10.891  -90.652  65.335 0.6999999881
2362  11.726  -91.040  64.370 0.8000000119
2856  14.910  -90.698  54.712 0.5000000000
115411  14.928  -90.632  53.810 0.6000000238
126978  13.098  -94.748  52.475 0.8999999762
917  11.240  -96.174  52.468 1.0000000000
133593  16.785  -97.785  49.785 0.4000000060
111777  11.192  -98.561  43.208 0.6999999881
63  14.989  -99.203  44.179 0.6000000238
2752  11.167  -89.794  66.955 0.5000000000
1653  12.619  -92.447  61.946 0.8000000119
2854  16.304  -90.577  54.585 0.6000000238
2476  15.798  -91.169  52.468 0.6000000238
1435  15.173  -93.963  50.235 0.6000000238
120392  15.720  -98.236  49.435 0.5000000000
190  16.668  -99.155  44.842 0.4000000060
125589  14.936  -100.227  44.359 0.6999999881
74  15.339  -101.088  43.880 0.6999999881
87  14.643  -101.254  42.555 0.6999999881
127890  17.056  -88.959  56.271 0.4000000060
3251  16.315  -89.738  55.783 0.5000000000
112831  15.857  -89.587  56.392 0.5000000000
2848  16.021  -90.110  55.114 0.5000000000
195  16.743  -100.235  43.971 0.5000000000
3161  11.669  -89.497  67.725 0.4000000060
133140  14.853  -90.045  65.139 0.4000000060
2780  15.272  -90.719  63.261 0.5000000000
112667  17.661  -87.768  57.713 0.4000000060
2846  17.336  -89.993  55.884 0.4000000060
2082  15.484  -91.612  51.684 0.6000000238
695  17.122  -96.415  52.040 0.4000000060
197  18.084  -99.820  43.198 0.6000000238
354  17.569  -98.858  41.664 0.5000000000
762  19.499  -97.459  40.283 0.4000000060
126607  19.221  -94.139  35.184 0.5000000000
1044  18.388  -95.746  34.535 0.5000000000
1296  18.607  -94.892  34.295 0.5000000000
3997  11.662  -87.244  68.821 0.3000000119
2849  15.000  -90.654  55.623 0.5000000000
686  17.439  -95.975  52.487 0.3000000119
333  18.904  -98.763  44.779 0.4000000060
550  19.778  -97.517  41.010 0.5000000000
120017  20.236  -96.978  40.621 0.6999999881
1012  20.309  -96.526  40.037 0.4000000060
338  18.991  -98.797  43.769 0.6000000238
344  18.456  -99.085  42.585 0.6999999881
110847  19.568  -94.530  37.827 0.5000000000
821  17.743  -96.008  32.900 0.5000000000
3162  10.729  -89.508  67.665 0.4000000060
123896  11.543  -89.397  57.195 0.8999999762
120851  14.516  -92.216  56.795 0.6000000238
1407  8.861  -94.135  54.735 1.0000000000
1231  22.503  -94.436  40.501 0.6000000238
1507  21.883  -94.090  41.701 0.6000000238
1819  21.794  -93.812  40.400 0.6000000238
531  19.820  -98.158  43.958 0.5000000000
126604  20.330  -93.234  37.813 0.5000000000
128551  19.313  -98.088  41.745 0.5000000000
755  20.340  -96.769  41.489 0.6999999881
342  19.555  -98.361  43.075 0.6000000238
536  19.930  -97.762  42.665 0.6999999881
126334  20.435  -94.097  35.694 0.5000000000
110338  20.225  -94.427  34.835 0.6000000238
123061  2.681  -86.797  35.933 0.5000000000
1064  18.116  -95.782  32.255 0.6000000238
830  17.537  -96.724  31.666 0.5000000000
835  18.556  -96.424  31.351 0.6000000238
3164  9.095  -89.033  67.579 0.5000000000
1704  7.432  -93.894  58.680 0.6999999881
116118  19.925  -98.370  45.365 0.4000000060
111969  21.178  -97.034  44.661 0.5000000000
526  21.026  -97.552  45.091 0.4000000060
1006  20.399  -96.026  40.834 0.6999999881
112733  20.211  -97.675  43.537 0.6000000238
1232  20.480  -94.491  40.352 0.6999999881
115165  2.925  -88.476  35.126 0.6000000238
813  20.916  -97.215  34.140 0.6000000238
827  20.377  -96.679  32.356 0.6000000238
616  20.036  -96.599  31.636 0.6999999881
615  20.882  -96.991  32.353 0.6999999881
614  21.138  -97.253  32.584 0.6000000238
630  20.457  -96.619  31.245 0.6000000238
123119  20.123  -96.603  31.356 0.6999999881
646  19.025  -96.681  29.235 0.6000000238
638  19.059  -96.680  30.079 0.6999999881
637  19.848  -96.629  30.427 0.6000000238
655  16.797  -96.684  28.419 0.6000000238
1711  14.046  -93.614  57.590 0.8000000119
111156  21.542  -95.583  43.116 0.5000000000
110326  22.240  -95.050  43.761 0.5000000000
110940  21.010  -93.356  38.442 0.5000000000
126397  21.498  -94.790  37.031 0.5000000000
126685  21.221  -93.747  40.592 0.6000000238
607  21.113  -97.465  33.088 0.6000000238
606  21.600  -97.687  33.756 0.4000000060
843  22.006  -96.320  30.024 0.5000000000
851  18.248  -96.653  28.690 0.6999999881
863  16.548  -96.790  27.020 0.4000000060
3992  6.791  -87.630  69.556 0.3000000119
1533  21.577  -93.648  39.243 0.6000000238
838  22.376  -96.448  30.989 0.5000000000
1069  23.136  -96.001  30.986 0.5000000000
1073  22.231  -95.793  29.469 0.5000000000
1077  21.216  -95.860  28.635 0.5000000000
1087  19.571  -95.908  26.909 0.5000000000
1082  20.182  -95.809  27.506 0.5000000000
1088  18.736  -96.223  26.627 0.5000000000
113786  13.636  -95.596  25.847 0.6999999881
660  12.803  -97.974  28.059 0.5000000000
4992  6.720  -85.841  67.623 0.3000000119
1611  13.515  -95.848  30.551 0.6000000238
121030  8.803  -92.861  29.722 0.5000000000
1337  11.662  -95.181  27.045 0.5000000000
123844  20.152  -94.687  26.920 0.6000000238
667  12.146  -97.754  27.307 0.5000000000
4975  5.400  -85.737  69.791 0.3000000119
116573  2.536  -83.312  36.206 0.6000000238
1338  19.703  -94.762  26.437 0.6000000238
120983  16.835  -94.877  24.845 0.6000000238
1647  18.168  -94.299  24.890 0.6000000238
1970  18.087  -93.157  24.941 0.6000000238
1339  19.233  -94.842  25.986 0.6000000238
5013  8.340  -85.391  65.486 0.4000000060
115098  11.408  -91.951  33.047 0.6999999881
2249  12.248  -92.256  33.161 0.5000000000
3918  9.813  -88.506  31.480 0.6999999881
4356  4.083  -86.904  35.283 0.8000000119
1968  19.248  -93.967  25.737 0.6000000238
1625  19.986  -94.176  28.136 0.5000000000
7668  3.424  -81.593  34.619 0.6999999881
4567  11.984  -85.838  59.034 1.0000000000
8223  3.090  -81.001  34.815 0.6000000238
4868  5.525  -86.335  32.123 0.6999999881
5397  7.720  -85.852  30.052 0.6999999881
122158  5.503  -81.283  36.631 0.6000000238
14567  0.796  -70.864  48.839 0.6000000238
125005  1.090  -74.523  43.062 0.6000000238
7021  7.217  -82.290  38.096 0.6000000238
121914  2.301  -80.989  62.021 0.6999999881
8503  2.339  -79.568  61.374 0.8000000119
8495  2.287  -79.750  62.472 0.8000000119
14581  2.878  -71.515  48.373 0.8000000119
11338  7.127  -75.018  48.950 0.8000000119
13033  6.095  -73.604  44.023 0.5000000000
12204  7.020  -74.245  45.759 0.5000000000
13818  4.475  -71.681  45.271 0.6000000238
14640  3.956  -70.851  43.980 0.5000000000
11400  8.217  -75.483  44.188 0.6999999881
12999  5.495  -73.301  47.240 0.6000000238
121318  3.289  -80.747  65.274 0.8000000119
11947  1.782  -74.101  63.055 0.8999999762
12802  1.540  -73.007  61.202 0.8000000119
115121  6.107  -70.021  45.487 0.6000000238
14391  1.930  -71.580  62.644 0.8999999762
15292  1.126  -70.102  60.258 0.6000000238
113781  5.074  -72.626  62.510 0.5000000000
24667  15.133  -60.286  53.756 0.4000000060
21818  7.465  -63.107  57.870 0.8000000119
24650  9.929  -60.924  53.905 0.6999999881
23640  11.868  -62.015  58.474 0.6999999881
24688  16.326  -60.511  52.947 0.3000000119
111348  1.921  -66.504  46.869 0.6000000238
19171  2.581  -67.368  44.730 0.6000000238
24720  16.211  -61.201  49.790 0.3000000119
24721  14.388  -61.096  49.790 0.5000000000
24732  15.661  -61.268  49.152 0.3000000119
119235  17.552  -60.607  50.822 0.3000000119
24871  5.749  -60.526  41.058 0.6000000238
113438  7.115  -63.668  39.981 0.4000000060
28656  15.912  -56.756  46.278 0.3000000119
120576  5.776  -60.035  41.566 0.5000000000
24870  6.269  -60.115  40.514 0.6000000238
27754  13.504  -57.151  44.424 0.4000000060
29669  15.345  -55.309  45.286 0.3000000119
29682  13.619  -55.439  43.839 0.3000000119
113630  16.823  -55.052  43.414 0.3000000119
30680  14.062  -54.547  43.996 0.3000000119
30701  13.220  -55.237  42.043 0.4000000060
29709  19.398  -54.817  42.187 0.4000000060
28724  13.197  -56.449  39.351 0.3000000119
29741  9.102  -54.972  38.290 0.3000000119
29689  15.824  -55.264  42.689 0.3000000119
30709  20.644  -54.751  40.988 0.4000000060
119837  12.609  -55.822  38.080 0.3000000119
27813  16.455  -57.142  40.001 0.3000000119
30689  18.060  -54.651  43.375 0.3000000119
29736  14.279  -55.855  38.509 0.3000000119
30722  21.076  -54.794  40.385 0.3000000119
28737  19.763  -56.530  38.699 0.4000000060
28739  18.147  -56.329  38.455 0.4000000060
28719  17.684  -56.695  39.251 0.4000000060
28740  16.267  -55.996  39.235 0.4000000060
133722  18.598  -55.890  37.964 0.3000000119
85  16.028  -101.056  43.365 0.6000000238
13586  6.041  -72.929  62.673 0.5000000000
27749  14.226  -57.457  45.223 0.4000000060
113725  13.595  -101.291  42.423 0.8000000119
96  15.294  -101.092  41.855 0.6000000238
208  17.287  -99.810  41.215 0.6000000238
110835  21.850  -95.776  37.465 0.5000000000
423  21.953  -97.950  34.625 0.4000000060
24718  18.195  -60.572  50.941 0.3000000119
120209  16.668  -100.200  41.319 0.6000000238
110331  21.699  -96.706  37.517 0.4000000060
111033  22.058  -96.260  38.223 0.5000000000
110858  21.945  -98.227  38.559 0.4000000060
776  22.002  -97.166  38.743 0.4000000060
110989  21.425  -98.192  36.849 0.4000000060
572  21.612  -99.045  37.682 0.4000000060
111082  22.320  -96.364  39.207 0.5000000000
111269  21.187  -98.514  36.254 0.3000000119
1247  22.211  -95.215  38.829 0.5000000000
110999  21.340  -97.799  35.003 0.3000000119
112561  22.571  -96.437  40.238 0.4000000060
1011  22.508  -95.280  39.849 0.5000000000
1238  22.174  -94.349  39.490 0.5000000000
605  22.248  -97.751  33.891 0.3000000119
1005  22.854  -95.139  40.905 0.5000000000
1314  23.080  -95.449  30.537 0.4000000060
110938  23.439  -94.660  42.806 0.5000000000
111078  23.144  -94.479  42.220 0.5000000000
111152  23.064  -96.918  41.314 0.4000000060
760  22.883  -96.259  41.242 0.5000000000
1615  21.922  -94.503  29.115 0.4000000060
110327  23.870  -95.182  43.109 0.4000000060
128063  23.337  -95.902  42.166 0.4000000060
127728  11.040  -84.805  62.036 0.6999999881
5027  10.927  -85.637  62.739 0.6999999881
6217  11.122  -83.235  60.934 0.6999999881
5631  11.596  -84.020  60.632 0.6999999881
120300  11.690  -84.765  61.212 0.6999999881
5641  11.707  -84.149  59.994 0.8999999762
5057  12.041  -84.748  60.328 0.6999999881
5070  11.982  -85.291  59.503 0.8999999762
5642  9.918  -84.846  59.987 0.8999999762
5650  10.284  -83.578  59.587 0.8999999762
5649  11.042  -83.990  59.438 0.8999999762
5648  11.571  -84.485  59.683 0.8999999762
4569  10.674  -85.472  59.570 0.8999999762
4568  11.394  -85.993  59.152 0.8999999762
4545  9.764  -86.832  61.006 0.8000000119
5620  10.530  -83.873  62.161 0.6999999881
6781  10.872  -82.732  59.996 0.8999999762
133248  9.831  -84.022  59.722 0.8000000119
5047  8.797  -85.553  61.686 0.6999999881
5046  9.421  -86.016  61.121 0.8000000119
5058  10.039  -85.994  60.295 0.8000000119
4556  10.770  -86.446  59.524 0.8999999762
4533  8.631  -86.242  62.392 0.6999999881
4546  9.233  -86.491  61.729 0.6999999881
4524  8.422  -86.903  63.172 0.6999999881
4069  9.089  -87.096  62.309 0.6999999881
4068  9.492  -87.969  61.976 0.6999999881
112774  10.041  -87.992  61.026 0.8000000119
4048  8.485  -87.765  63.517 0.6999999881
3621  8.854  -88.538  63.275 0.6999999881
3620  9.350  -88.672  62.449 0.6999999881
4534  7.920  -85.935  62.996 0.6999999881
4037  7.362  -87.760  64.884 0.6999999881
5633  8.578  -84.671  61.238 0.8000000119
4525  7.597  -86.374  63.886 0.6999999881
6771  10.922  -82.580  60.624 0.6999999881
133660  10.210  -82.095  59.816 0.8999999762
5643  8.956  -83.936  60.486 0.8000000119
6225  9.409  -83.224  59.790 0.8999999762
7389  9.439  -81.323  60.262 0.8999999762
6782  10.579  -81.946  60.396 0.8999999762
5634  7.675  -83.910  61.041 0.8000000119
6226  8.439  -82.929  59.978 0.8000000119
6794  9.355  -81.928  59.693 0.8999999762
5048  7.959  -84.790  61.826 0.8000000119
5039  7.345  -85.023  62.620 0.6999999881
6795  8.412  -81.883  59.682 0.8999999762
5621  6.863  -84.198  61.659 0.8000000119
6219  6.910  -83.137  60.383 0.8000000119
6227  7.350  -82.499  59.885 0.8000000119
129035  6.320  -85.222  63.678 0.6999999881
6228  6.545  -82.524  60.121 0.8000000119
6797  7.197  -81.776  59.836 0.8000000119
7377  7.511  -81.540  60.499 0.8000000119
129174  9.865  -81.145  61.494 0.6999999881
117463  6.512  -83.579  60.839 0.8000000119
114606  6.740  -81.796  60.136 0.8000000119
7363  9.140  -81.295  61.799 0.6999999881
7378  6.668  -81.764  60.853 0.8000000119
7364  8.327  -81.798  62.608 0.8000000119
113997  9.518  -81.335  63.039 0.6000000238
128580  8.713  -81.650  63.555 0.5000000000
5622  6.134  -84.519  62.500 0.8000000119
5635  5.531  -83.672  61.062 0.8000000119
6221  5.191  -82.893  60.643 0.8000000119
7390  6.112  -82.025  60.634 0.8000000119
7351  8.219  -81.835  64.278 0.5000000000
7365  5.809  -82.141  61.239 0.8000000119
6763  6.953  -82.314  62.191 0.8000000119
5636  4.524  -83.321  61.238 0.8000000119
6211  4.648  -82.813  61.236 0.8000000119
7338  7.702  -81.804  64.817 0.5000000000
6749  6.583  -82.712  63.294 0.8000000119
6748  7.609  -82.290  63.445 0.6999999881
7318  7.310  -81.127  65.739 0.5000000000
121174  5.664  -82.468  62.295 0.8000000119
6737  6.872  -82.459  64.262 0.6000000238
6738  4.905  -82.747  64.693 0.6999999881
7327  6.241  -81.740  65.158 0.5000000000
114896  5.767  -82.614  64.804 0.6999999881
7339  6.730  -81.934  64.942 0.5000000000
126117  5.632  -82.844  63.765 0.8000000119
6725  5.695  -82.244  65.138 0.5000000000
7899  4.537  -81.449  65.597 0.6999999881
6726  4.907  -82.460  65.344 0.6999999881
6727  4.246  -82.306  65.462 0.6999999881
7898  5.644  -81.161  65.149 0.6999999881
7328  5.175  -82.000  65.482 0.6999999881
7903  4.905  -80.589  64.998 0.6999999881
8460  5.344  -80.087  64.515 0.6000000238
8464  4.965  -79.799  63.915 0.6000000238
9133  4.761  -78.468  62.547 0.5000000000
113202  7.306  -70.238  45.690 0.5000000000
131255  14.694  -60.334  57.425 0.3000000119
118006  14.351  -60.055  56.761 0.4000000060
22734  14.075  -61.796  59.046 0.3000000119
23638  14.078  -61.241  58.784 0.4000000060
24605  14.185  -60.816  58.134 0.4000000060
23657  13.436  -60.852  57.997 0.4000000060
24615  13.854  -60.537  57.412 0.4000000060
112915  12.471  -60.556  51.079 0.5000000000
132791  9.801  -60.501  52.577 0.6000000238
112914  11.721  -60.280  50.763 0.5000000000
117901  10.654  -60.207  51.727 0.5000000000
24723  12.312  -60.397  50.119 0.5000000000
24724  11.239  -60.049  50.127 0.5000000000
24725  10.229  -60.031  50.100 0.5000000000
112913  10.897  -60.052  50.927 0.6000000238
22724  13.096  -62.138  59.747 0.4000000060
22713  12.602  -62.706  60.161 0.5000000000
21739  11.673  -63.646  61.036 0.5000000000
23625  12.148  -61.966  59.243 0.6000000238
122780  11.757  -62.501  59.854 0.6000000238
125877  10.900  -64.554  61.790 0.5000000000
19853  10.173  -65.722  62.158 0.5000000000
120864  13.413  -61.274  58.638 0.5000000000
24734  13.269  -60.429  48.965 0.5000000000
118541  9.825  -60.162  51.980 0.6000000238
24735  12.526  -60.243  49.183 0.5000000000
113492  9.881  -60.059  51.121 0.6000000238
112088  11.752  -59.851  48.506 0.5000000000
112335  10.779  -59.896  48.701 0.5000000000
21761  11.894  -62.970  60.534 0.6000000238
20827  10.260  -64.474  61.716 0.6000000238
22696  11.224  -63.436  60.845 0.6000000238
23658  12.195  -61.836  57.645 0.6000000238
24673  9.398  -60.652  53.157 0.6000000238
24733  13.989  -60.759  49.043 0.4000000060
24753  12.759  -59.986  48.460 0.5000000000
112241  11.978  -59.707  47.538 0.6000000238
25750  11.762  -59.704  46.576 0.6000000238
18269  4.849  -67.433  42.395 0.3000000119
18270  3.625  -67.258  42.407 0.4000000060
22768  8.417  -62.575  56.599 0.6000000238
24768  14.090  -59.939  47.912 0.4000000060
25748  13.603  -59.498  47.214 0.4000000060
25762  12.136  -59.474  45.928 0.6000000238
19197  5.426  -66.975  40.771 0.4000000060
19198  4.436  -66.707  40.862 0.3000000119
22786  9.661  -62.163  55.632 0.6000000238
22751  7.900  -62.816  57.178 0.6000000238
21819  6.319  -62.881  57.754 0.5000000000
21801  5.836  -63.210  58.358 0.5000000000
22769  7.315  -62.209  56.435 0.6000000238
22752  6.853  -62.565  57.115 0.5000000000
25760  14.078  -59.091  46.717 0.3000000119
25770  12.734  -59.030  45.486 0.3000000119
26766  13.223  -58.567  45.054 0.3000000119
26761  13.664  -58.796  45.895 0.3000000119
19208  4.613  -66.367  40.072 0.4000000060
19207  5.606  -66.621  39.940 0.4000000060
25759  14.956  -58.972  46.970 0.3000000119
26760  14.535  -58.597  46.250 0.3000000119
26765  14.049  -58.241  45.507 0.3000000119
27750  13.477  -57.906  44.722 0.3000000119
26774  12.749  -58.316  44.220 0.3000000119
19225  4.232  -65.824  39.776 0.4000000060
20183  5.127  -65.505  38.831 0.4000000060
21142  5.209  -64.857  39.004 0.4000000060
127500  12.748  -58.602  42.660 0.4000000060
26780  12.558  -58.081  42.720 0.3000000119
26773  16.611  -59.105  43.784 0.4000000060
26771  18.434  -58.021  44.714 0.4000000060
22078  5.584  -64.318  39.289 0.4000000060
25810  13.383  -58.815  42.474 0.4000000060
134626  15.930  -59.368  43.381 0.4000000060
26779  14.499  -58.923  42.526 0.4000000060
25794  15.860  -58.728  42.917 0.4000000060
26793  13.096  -58.154  42.325 0.3000000119
131858  17.952  -58.551  44.654 0.4000000060
26778  16.651  -58.490  43.521 0.4000000060
123273  16.594  -57.907  43.285 0.4000000060
27753  18.199  -57.124  44.417 0.4000000060
130139  19.616  -57.187  44.266 0.5000000000
26777  20.006  -57.771  44.280 0.5000000000
26776  21.055  -58.173  43.553 0.5000000000
26790  21.742  -58.389  42.410 0.5000000000
26791  14.849  -58.176  42.286 0.4000000060
27764  15.747  -57.745  42.550 0.4000000060
26772  17.402  -58.188  44.104 0.5000000000
27762  17.227  -57.141  43.784 0.4000000060
28675  19.053  -56.823  44.464 0.5000000000
27761  20.375  -57.382  43.593 0.5000000000
27760  21.243  -57.563  42.727 0.5000000000
26801  21.630  -58.490  41.565 0.5000000000
25837  21.015  -58.752  40.759 0.4000000060
26814  20.527  -58.346  40.365 0.4000000060
27774  14.908  -57.466  42.126 0.4000000060
27763  16.381  -57.058  42.987 0.4000000060
28677  17.743  -56.342  44.006 0.4000000060
28676  18.571  -56.196  44.182 0.3000000119
28682  19.661  -56.623  43.699 0.4000000060
28683  19.221  -55.818  43.377 0.4000000060
27772  20.621  -56.901  43.002 0.5000000000
27771  21.621  -57.723  41.827 0.4000000060
27794  21.366  -57.673  40.606 0.4000000060
27797  18.972  -57.816  40.061 0.3000000119
26816  18.516  -58.406  40.601 0.4000000060
27798  17.921  -57.764  40.273 0.3000000119
29680  17.996  -55.843  44.047 0.3000000119
28691  20.204  -56.257  42.790 0.4000000060
133422  21.282  -56.729  42.051 0.4000000060
112222  21.583  -57.207  41.214 0.4000000060
28714  21.449  -56.755  40.525 0.4000000060
27809  20.611  -57.309  39.639 0.4000000060
28717  21.200  -56.607  39.825 0.4000000060
120498  8.391  -81.422  60.228 0.8999999762
129905  9.391  -61.690  55.116 0.6000000238
121900  8.736  -61.348  54.708 0.6000000238
113032  12.518  -101.222  42.436 0.6000000238
23702  9.605  -61.346  54.565 0.6000000238
24693  11.358  -60.589  52.335 0.6000000238
24751  14.475  -60.612  48.429 0.3000000119
24752  13.637  -60.253  48.462 0.4000000060
26764  14.813  -57.843  45.959 0.3000000119
26792  13.885  -58.344  42.234 0.4000000060
28706  20.619  -55.954  42.114 0.4000000060
27808  21.195  -57.248  40.101 0.4000000060
29731  20.562  -55.980  38.815 0.3000000119
25797  12.844  -59.275  42.812 0.4000000060
403  21.514  -98.749  35.487 0.3000000119
112085  13.401  -60.655  49.731 0.4000000060
18250  4.564  -67.636  43.242 0.3000000119
28718  20.577  -56.629  39.182 0.4000000060
6220  5.999  -83.022  60.453 0.8000000119
111946  11.569  -59.994  49.352 0.5000000000
21760  12.303  -63.332  60.613 0.6000000238
24769  13.137  -59.754  47.809 0.6000000238
25749  12.610  -59.526  46.925 0.6000000238
25761  13.114  -59.171  46.396 0.4000000060
25772  11.643  -59.833  45.290 0.5000000000
133602  12.189  -59.455  44.003 0.4000000060
25781  17.473  -59.198  44.556 0.4000000060
26770  19.365  -58.158  44.960 0.4000000060
25795  15.088  -59.632  43.100 0.4000000060
27752  19.111  -57.446  44.706 0.4000000060
27786  21.535  -57.917  41.182 0.4000000060
26812  21.387  -58.389  40.919 0.4000000060
25820  21.495  -59.096  41.267 0.5000000000
27795  20.866  -57.828  40.108 0.4000000060
27796  20.058  -57.904  39.875 0.4000000060
26815  19.603  -58.417  40.401 0.5000000000
522  21.063  -97.599  45.731 0.3000000119
110947  22.730  -95.514  44.990 0.4000000060
116592  22.604  -94.388  42.732 0.4000000060
8459  6.057  -80.224  65.061 0.4000000060
24726  9.464  -60.050  50.358 0.5000000000
24756  9.513  -60.823  48.360 0.4000000060
24757  9.262  -60.688  49.171 0.5000000000
24737  9.507  -60.184  49.588 0.5000000000
24738  8.979  -60.581  50.085 0.5000000000
24713  9.074  -60.154  50.938 0.5000000000
24778  10.117  -61.001  46.669 0.4000000060
23792  9.772  -61.632  46.857 0.4000000060
24772  9.808  -60.895  47.455 0.5000000000
24714  8.736  -60.529  51.456 0.5000000000
22885  10.136  -62.313  46.463 0.4000000060
24754  10.860  -59.878  47.721 0.5000000000
24696  8.493  -60.621  52.134 0.5000000000
24695  9.196  -60.467  52.367 0.5000000000
126923  8.823  -60.812  53.920 0.5000000000
122770  8.558  -60.633  52.992 0.5000000000
22899  10.967  -61.833  45.005 0.4000000060
133819  10.568  -61.483  45.474 0.4000000060
24770  11.004  -59.908  46.719 0.5000000000
24771  10.287  -60.262  47.069 0.5000000000
24675  7.886  -60.823  52.759 0.5000000000
22883  11.388  -62.541  45.387 0.4000000060
24777  11.291  -59.936  45.885 0.4000000060
24674  7.971  -60.845  53.569 0.5000000000
23818  10.968  -61.060  45.069 0.4000000060
23720  7.459  -61.397  53.271 0.5000000000
125907  11.617  -62.171  44.665 0.4000000060
22787  8.089  -61.930  55.912 0.5000000000
23683  8.809  -61.785  55.442 0.5000000000
23684  7.827  -61.482  54.959 0.5000000000
24798  11.247  -60.362  45.216 0.5000000000
23721  6.825  -61.896  53.705 0.5000000000
22913  11.445  -61.483  44.500 0.4000000060
22788  7.063  -61.767  55.577 0.5000000000
24814  11.454  -60.676  44.527 0.4000000060
23830  11.849  -61.141  44.068 0.4000000060
25783  11.716  -60.028  44.633 0.4000000060
25771  12.122  -59.454  44.979 0.5000000000
23829  12.535  -61.195  43.699 0.4000000060
24813  12.019  -60.335  43.939 0.4000000060
125449  12.654  -60.497  43.408 0.4000000060
24812  13.487  -61.021  43.428 0.4000000060
24828  13.136  -60.121  43.002 0.4000000060
25838  20.242  -58.928  40.763 0.4000000060
110824  22.908  -94.876  44.200 0.4000000060
97  14.385  -101.228  41.570 0.6000000238
24755  9.977  -60.116  48.126 0.5000000000
126841  10.634  -60.670  45.982 0.4000000060
23756  9.152  -61.551  48.642 0.5000000000
23757  8.874  -61.489  49.485 0.5000000000
23791  10.178  -61.564  46.082 0.4000000060
22900  10.570  -62.092  45.643 0.4000000060
24829  12.460  -59.731  43.364 0.5000000000
1614  22.470  -94.838  29.509 0.3000000119
3594  15.173  -88.643  64.806 0.3000000119
125444  16.764  -94.399  55.256 0.3000000119
1139  16.986  -94.668  55.097 0.3000000119
912  16.611  -95.647  52.909 0.3000000119
113204  16.546  -94.362  53.979 0.4000000060
901  16.919  -95.185  53.694 0.3000000119
1161  16.608  -95.108  53.505 0.3000000119
115178  9.501  -81.304  66.799 0.3000000119
7316  9.948  -81.530  66.381 0.4000000060
7335  10.269  -81.322  65.204 0.4000000060
6736  10.422  -81.836  65.156 0.4000000060
6210  10.389  -82.777  62.525 0.5000000000
6202  10.109  -82.704  63.320 0.4000000060
113389  10.274  -84.762  62.741 0.6000000238
5610  9.943  -83.702  62.892 0.6000000238
6218  10.741  -83.032  61.693 0.6000000238
6703  9.589  -81.771  67.003 0.3000000119
6191  8.896  -83.324  65.762 0.3000000119
6183  9.624  -82.516  66.203 0.4000000060
5592  8.346  -84.286  65.421 0.3000000119
129857  10.169  -82.354  65.071 0.4000000060
113068  10.403  -81.620  64.427 0.4000000060
5600  9.050  -84.167  64.141 0.5000000000
6198  9.591  -83.051  64.554 0.4000000060
6762  10.630  -82.005  62.090 0.6000000238
5029  9.575  -84.600  63.422 0.5000000000
7324  10.019  -81.189  65.909 0.4000000060
6184  8.869  -82.969  66.577 0.3000000119
114563  10.179  -81.305  64.433 0.4000000060
5582  8.178  -83.824  66.131 0.3000000119
7348  10.297  -81.514  62.859 0.4000000060
7884  8.737  -81.139  67.558 0.4000000060
5593  7.853  -84.762  65.942 0.3000000119
7336  9.994  -80.981  65.195 0.4000000060
7362  10.009  -81.221  62.407 0.5000000000
7361  10.286  -81.404  61.662 0.6000000238
5001  7.916  -85.596  66.079 0.3000000119
7325  9.411  -81.058  65.949 0.4000000060
7350  9.658  -81.251  64.202 0.4000000060
7317  8.579  -81.053  66.592 0.4000000060
7326  8.091  -81.350  65.549 0.4000000060
131875  6.478  -80.323  65.911 0.3000000119
7897  6.551  -80.999  65.377 0.4000000060
8463  5.495  -79.325  63.584 0.4000000060
9112  5.516  -78.714  62.860 0.4000000060
118415  5.743  -78.136  62.284 0.3000000119
9132  5.087  -78.531  62.378 0.4000000060
8478  5.027  -79.118  63.046 0.4000000060
9759  5.742  -77.251  61.363 0.3000000119
9131  5.379  -77.922  61.792 0.4000000060
9760  5.132  -77.589  61.644 0.4000000060
11155  5.045  -76.022  62.842 0.4000000060
11153  6.168  -75.493  61.985 0.4000000060
9761  4.741  -77.866  61.988 0.4000000060
9744  4.267  -77.655  63.370 0.4000000060
11172  7.054  -75.471  60.929 0.4000000060
11173  6.126  -75.981  60.954 0.4000000060
10439  5.398  -76.748  61.361 0.4000000060
10455  6.973  -76.002  60.664 0.3000000119
10438  6.276  -76.492  61.009 0.4000000060
10395  4.533  -76.613  63.394 0.4000000060
10416  4.847  -76.638  62.053 0.4000000060
11965  6.964  -75.058  62.278 0.4000000060
11964  7.678  -74.746  61.698 0.4000000060
11931  6.278  -74.609  63.468 0.4000000060
11945  7.546  -74.329  62.882 0.4000000060
11930  6.860  -74.442  63.221 0.4000000060
111538  8.366  -74.178  62.452 0.3000000119
12779  9.489  -73.214  62.845 0.3000000119
125865  7.994  -73.828  63.074 0.4000000060
12781  7.245  -73.842  63.321 0.4000000060
13582  9.814  -72.472  62.877 0.3000000119
13583  8.927  -72.773  62.899 0.3000000119
13584  7.991  -73.201  62.943 0.4000000060
14387  8.324  -72.210  62.689 0.4000000060
16191  10.560  -69.691  62.373 0.3000000119
14403  8.511  -71.277  62.180 0.3000000119
16190  11.338  -69.483  62.271 0.3000000119
16192  9.834  -68.966  62.190 0.3000000119
15256  10.347  -70.629  62.524 0.3000000119
15274  8.598  -70.493  61.812 0.4000000060
17122  12.005  -68.191  61.634 0.3000000119
17103  10.780  -68.762  62.323 0.3000000119
19887  12.378  -65.776  60.547 0.3000000119
122022  9.851  -69.950  62.281 0.3000000119
15273  9.029  -69.727  61.839 0.3000000119
18009  11.597  -67.681  61.883 0.3000000119
18919  11.148  -66.932  62.128 0.3000000119
17104  10.238  -68.037  62.286 0.3000000119
17105  9.425  -67.997  62.052 0.3000000119
124169  11.778  -65.929  61.423 0.3000000119
17995  9.833  -67.382  62.197 0.4000000060
21778  12.690  -63.730  60.500 0.4000000060
19868  11.289  -65.193  61.841 0.4000000060
18920  10.620  -66.429  62.206 0.4000000060
133809  12.830  -63.111  60.291 0.3000000119
116438  11.982  -64.923  61.295 0.4000000060
19206  6.799  -66.710  39.884 0.3000000119
20205  5.634  -64.971  38.412 0.3000000119
18010  9.097  -67.009  61.903 0.4000000060
125736  7.503  -66.503  39.449 0.3000000119
21161  6.236  -64.523  38.047 0.3000000119
22077  6.278  -63.928  38.885 0.4000000060
769  22.378  -97.540  39.435 0.3000000119
1162  16.060  -95.564  52.721 0.4000000060
6714  10.001  -81.928  66.422 0.4000000060
6715  9.485  -82.229  66.987 0.3000000119
6203  9.646  -83.363  63.690 0.5000000000
5012  8.690  -84.786  64.814 0.5000000000
18931  12.178  -66.766  60.942 0.3000000119
5018  9.394  -85.552  64.285 0.5000000000
20844  12.530  -64.636  60.590 0.3000000119
1733  16.471  -93.472  54.170 0.4000000060
7337  8.936  -81.324  65.084 0.4000000060
111789  10.759  -59.947  49.470 0.4000000060
126875  9.627  -60.317  48.878 0.4000000060
127611  12.493  -58.942  44.567 0.4000000060
19223  5.705  -66.247  39.080 0.4000000060
26781  12.422  -58.831  43.155 0.4000000060
134302  16.726  -94.583  54.486 0.4000000060
1151  16.885  -94.737  54.444 0.3000000119
6197  10.276  -82.274  64.285 0.4000000060
6747  10.478  -81.904  63.377 0.6000000238
11142  5.804  -75.324  63.160 0.4000000060
14386  9.210  -71.877  62.699 0.3000000119
4565  16.379  -85.997  59.076 0.3000000119
4080  17.538  -86.835  59.474 0.3000000119
1719  16.708  -93.387  56.178 0.3000000119
1385  16.959  -93.644  56.691 0.3000000119
1724  16.618  -93.165  55.077 0.3000000119
1405  16.516  -93.973  55.590 0.3000000119
1413  16.519  -94.113  54.866 0.3000000119
27756  12.510  -58.137  43.372 0.3000000119
22076  7.164  -63.648  38.991 0.3000000119
5  10.412  -100.861  46.678 0.8999999762
6  9.496  -100.948  46.204 0.8000000119
7  8.827  -101.042  45.868 0.6999999881
8  8.196  -101.041  46.204 0.8000000119
16  10.001  -99.858  49.023 0.8999999762
33  8.987  -100.958  48.567 0.8000000119
38  12.589  -100.787  46.885 0.8999999762
39  11.797  -100.770  47.151 0.8999999762
42  8.259  -100.831  48.014 0.8000000119
57  12.341  -100.159  45.336 0.6999999881
58  11.803  -100.493  45.193 0.8999999762
79  9.627  -99.894  43.137 0.6000000238
90  11.084  -99.372  42.640 0.6999999881
133  7.742  -99.405  52.139 0.6999999881
136  10.810  -99.456  50.674 0.8999999762
138  9.869  -99.754  51.267 0.8000000119
147  9.351  -99.702  50.473 0.8000000119
148  8.476  -100.009  50.689 0.6999999881
273  7.825  -98.341  53.568 0.5000000000
277  9.119  -98.548  53.021 0.8000000119
278  8.319  -98.610  53.247 0.6999999881
282  11.406  -98.771  51.837 0.8000000119
283  10.648  -99.082  51.688 0.8000000119
297  15.206  -98.585  49.020 0.6999999881
316  14.887  -98.946  48.121 0.6999999881
396  21.123  -98.998  36.036 0.3000000119
463  7.563  -97.587  54.064 0.6000000238
600  21.311  -97.667  34.035 0.6000000238
648  16.446  -97.015  28.987 0.5000000000
656  15.822  -97.282  28.375 0.5000000000
663  15.612  -97.289  27.413 0.6000000238
666  12.849  -98.006  27.290 0.5000000000
669  14.581  -97.544  26.404 0.6000000238
671  7.295  -96.763  55.117 0.6000000238
819  20.148  -96.212  33.054 0.6000000238
834  21.656  -96.789  31.705 0.6000000238
837  22.937  -96.411  31.528 0.5000000000
840  20.566  -96.592  30.504 0.6000000238
845  19.579  -96.670  29.782 0.6999999881
850  19.467  -96.642  28.506 0.5000000000
855  18.088  -96.675  27.735 0.5000000000
861  18.297  -96.655  27.000 0.5000000000
865  13.346  -97.749  26.612 0.5000000000
869  17.173  -96.677  26.329 0.4000000060
873  13.152  -97.091  26.000 0.5000000000
875  15.151  -96.889  25.532 0.6999999881
876  14.926  -96.394  25.222 0.6000000238
877  14.194  -96.464  25.453 0.8000000119
906  7.050  -95.190  53.215 0.8000000119
913  16.231  -95.818  52.776 0.5000000000
918  8.421  -94.490  52.118 1.0000000000
931  12.837  -96.288  50.178 0.8000000119
936  13.373  -95.490  49.058 0.6999999881
999  23.324  -94.886  41.829 0.5000000000
1059  19.134  -95.309  32.961 0.6000000238
1076  21.835  -95.669  28.924 0.5000000000
1085  10.986  -95.832  27.109 0.5000000000
1090  11.709  -95.792  26.719 0.6999999881
1097  12.848  -95.972  25.928 0.6999999881
1098  12.308  -95.847  26.308 0.6999999881
1099  17.189  -95.759  25.156 0.6000000238
1100  16.356  -96.038  25.071 0.6000000238
1101  14.539  -96.031  25.206 0.6999999881
1106  12.007  -94.035  58.088 0.8999999762
1121  7.300  -95.334  57.183 0.8000000119
1129  13.041  -94.635  56.340 0.8999999762
1132  9.879  -94.897  56.593 0.8999999762
1143  9.457  -94.779  54.591 1.0000000000
1153  12.920  -94.662  53.775 0.8999999762
1182  13.745  -95.046  49.156 0.6999999881
1183  13.554  -95.076  49.264 0.8000000119
1219  22.171  -94.619  43.055 0.5000000000
1225  22.844  -94.475  41.486 0.5000000000
1284  18.858  -94.517  35.087 0.5000000000
1305  18.681  -95.042  33.498 0.6000000238
1311  12.960  -95.796  31.183 0.6000000238
1312  12.346  -95.694  31.261 0.6999999881
1315  22.649  -95.345  29.761 0.3000000119
1317  12.338  -95.978  30.735 0.6999999881
1319  22.124  -95.180  29.038 0.5000000000
1326  14.523  -95.413  28.380 0.6000000238
1327  14.200  -95.873  29.041 0.6999999881
1328  13.605  -96.075  29.135 0.6999999881
1334  19.634  -95.198  26.478 0.5000000000
1340  18.675  -95.125  25.666 0.6000000238
1341  17.976  -95.464  25.399 0.6000000238
1346  17.546  -94.993  24.913 0.6000000238
1349  14.581  -95.598  25.226 0.6000000238
1353  12.294  -93.495  59.674 0.8000000119
1355  11.112  -93.411  59.767 0.8000000119
1374  12.583  -93.721  58.274 0.8999999762
1386  13.488  -93.750  57.853 0.8000000119
1389  7.445  -94.185  57.936 0.8000000119
1408  6.735  -93.601  53.706 0.8999999762
1416  8.007  -93.966  52.959 1.0000000000
1417  7.331  -93.760  53.174 0.8999999762
1424  8.384  -94.376  52.356 1.0000000000
1436  13.374  -94.626  50.103 0.6999999881
1442  13.584  -94.614  49.567 0.8000000119
1447  14.018  -94.415  49.355 0.8000000119
1506  23.029  -94.432  42.684 0.5000000000
1508  21.324  -94.025  41.153 0.6000000238
1514  22.280  -94.081  40.943 0.6000000238
1515  20.829  -93.932  40.515 0.6000000238
1522  22.008  -93.889  40.080 0.6000000238
1574  18.947  -94.398  34.609 0.6000000238
1599  12.905  -94.513  31.945 0.6000000238
1609  22.164  -94.191  29.855 0.4000000060
1612  11.631  -95.317  31.179 0.6999999881
1618  14.112  -95.682  29.621 0.6999999881
1619  12.675  -95.735  29.036 0.6999999881
1624  20.877  -94.544  28.215 0.6000000238
1626  14.705  -95.101  28.040 0.6000000238
1631  20.588  -94.948  27.422 0.5000000000
1635  11.946  -94.871  27.560 0.6999999881
1637  19.580  -94.287  26.363 0.5000000000
1642  19.239  -94.341  25.848 0.6000000238
1643  18.851  -94.357  25.311 0.6000000238
1645  14.396  -95.070  25.929 0.6000000238
1648  17.256  -94.167  24.813 0.6000000238
1649  16.279  -94.484  24.899 0.6000000238
1650  15.792  -94.563  24.910 0.6000000238
1656  14.300  -92.483  60.942 0.8000000119
1658  13.053  -92.606  61.139 0.8000000119
1671  14.438  -92.607  60.201 0.8000000119
1673  13.171  -92.847  60.282 0.8000000119
1674  11.232  -93.222  60.300 0.8000000119
1688  13.923  -93.283  59.171 0.8000000119
1701  13.899  -93.491  58.523 0.8000000119
1728  6.908  -92.596  54.618 0.8999999762
1735  13.633  -94.036  53.748 0.8999999762
1743  13.711  -93.507  52.959 0.8999999762
1747  16.202  -92.848  52.639 0.5000000000
1756  13.689  -92.666  51.345 0.6999999881
1760  14.620  -93.373  50.001 0.6000000238
1767  14.195  -93.794  49.650 0.6999999881
1768  13.874  -93.946  49.624 0.8000000119
1811  21.790  -93.920  41.009 0.6000000238
1820  21.350  -93.637  40.232 0.6000000238
1821  20.857  -93.538  39.995 0.6000000238
1829  21.460  -93.578  39.785 0.6000000238
1831  20.515  -93.384  39.116 0.4000000060
1841  21.008  -93.316  39.108 0.6000000238
1910  12.466  -94.085  32.336 0.6000000238
1911  11.824  -94.388  32.266 0.6000000238
1922  13.288  -94.148  31.688 0.6000000238
1943  11.458  -93.516  29.040 0.6999999881
1945  8.740  -93.756  29.700 0.5000000000
1946  8.254  -93.243  30.285 0.6000000238
1954  10.899  -93.260  28.577 0.6000000238
1955  10.265  -93.027  28.662 0.5000000000
1963  11.302  -93.992  28.113 0.6000000238
1965  19.225  -93.672  26.302 0.6000000238
1967  14.713  -94.342  26.389 0.5000000000
1972  15.838  -93.071  24.979 0.6000000238
1976  16.548  -93.592  24.887 0.6000000238
1977  15.597  -93.770  25.335 0.6000000238
1981  12.096  -91.364  63.826 0.8000000119
1983  11.056  -91.486  63.501 0.8000000119
1997  11.892  -92.167  62.388 0.8000000119
1999  10.898  -91.912  62.320 0.8000000119
2000  7.125  -92.041  62.328 0.6000000238
2001  6.403  -91.979  62.564 0.6000000238
2038  9.725  -92.269  57.654 0.8999999762
2039  7.533  -92.918  58.713 0.8999999762
2044  14.709  -92.425  58.293 0.6999999881
2063  14.400  -92.194  54.999 0.6999999881
2070  16.740  -91.803  54.661 0.4000000060
2089  14.317  -91.906  50.903 0.6000000238
2090  13.887  -92.092  50.968 0.6999999881
2095  14.581  -92.482  50.505 0.6000000238
2262  11.670  -92.864  32.812 0.6000000238
2291  10.718  -91.535  29.932 0.6000000238
2318  10.455  -92.060  29.009 0.6000000238
2350  14.999  -93.142  25.675 0.6000000238
2354  13.894  -90.525  64.781 0.6000000238
2359  14.980  -90.778  63.831 0.8000000119
2365  7.278  -91.137  64.405 0.5000000000
2373  15.068  -91.304  63.033 0.6999999881
2376  8.259  -91.266  63.298 0.6999999881
2387  15.075  -91.547  62.241 0.6999999881
2398  15.092  -91.835  61.488 0.6999999881
2402  7.559  -92.042  61.868 0.6000000238
2409  15.196  -92.054  60.883 0.6000000238
2412  7.767  -91.451  60.502 0.8999999762
2418  11.099  -91.431  59.580 0.8000000119
2426  15.262  -91.249  58.884 0.5000000000
2429  9.580  -91.213  57.049 0.8999999762
2437  11.127  -90.235  56.954 0.8999999762
2440  8.167  -90.207  56.713 1.0000000000
2449  7.583  -90.958  56.340 1.0000000000
2460  16.523  -90.942  53.989 0.4000000060
2467  15.635  -90.783  52.907 0.6000000238
2468  14.648  -90.984  53.067 0.6000000238
2477  15.276  -91.005  52.161 0.6000000238
2478  14.695  -91.147  52.172 0.6000000238
2676  13.493  -92.257  31.829 0.6000000238
2692  7.599  -91.221  31.285 0.5000000000
2705  9.071  -91.036  29.540 0.6000000238
2717  9.585  -91.564  29.192 0.6000000238
2751  12.035  -89.741  66.980 0.4000000060
2756  12.332  -90.088  66.320 0.5000000000
2762  13.490  -90.204  65.658 0.6000000238
2763  10.427  -90.359  65.491 0.6999999881
2769  14.667  -90.422  64.643 0.8000000119
2771  7.618  -90.508  64.703 0.8000000119
2772  6.783  -90.419  64.980 0.5000000000
2784  8.110  -91.005  64.185 0.8000000119
2801  15.437  -90.893  60.197 0.6000000238
2802  12.230  -89.859  59.893 0.8000000119
2804  7.822  -90.809  59.732 0.8999999762
2810  12.200  -90.166  59.274 0.8000000119
2811  11.852  -90.701  58.876 0.8000000119
2813  7.607  -90.469  58.782 1.0000000000
2820  12.337  -89.887  58.273 0.8000000119
2831  10.889  -89.815  56.818 0.8999999762
2839  17.736  -90.364  56.384 0.4000000060
2861  16.063  -90.680  53.651 0.6000000238
2862  15.105  -90.619  53.155 0.6000000238
3088  5.882  -90.183  32.633 0.5000000000
3094  9.887  -90.002  29.934 0.6000000238
3095  8.292  -90.259  30.603 0.6000000238
3106  9.157  -90.338  29.602 0.5000000000
3107  8.698  -90.434  29.997 0.5000000000
3159  13.396  -89.209  67.212 0.5000000000
3174  15.081  -89.541  65.097 0.3000000119
3196  9.495  -89.534  62.158 0.8000000119
3200  15.462  -89.390  60.842 0.4000000060
3220  15.469  -89.572  59.008 0.5000000000
3230  12.307  -89.291  57.792 0.8999999762
3238  17.923  -88.919  56.870 0.4000000060
3240  10.669  -89.454  57.230 0.8999999762
3428  7.372  -89.551  37.701 0.6000000238
3429  6.613  -89.339  37.870 0.6000000238
3430  5.873  -88.953  37.750 0.6000000238
3437  8.490  -89.192  37.085 0.6000000238
3445  6.960  -90.147  36.143 0.6999999881
3466  7.001  -89.252  33.099 0.6000000238
3476  7.636  -89.175  32.192 0.5000000000
3487  9.490  -88.852  30.747 0.6999999881
3489  6.876  -89.970  32.048 0.6000000238
3500  8.746  -89.524  30.306 0.6000000238
3501  8.144  -89.860  30.882 0.5000000000
3502  7.427  -90.088  31.656 0.6000000238
3565  10.179  -88.298  69.639 0.4000000060
3572  8.480  -88.458  68.792 0.4000000060
3573  7.880  -88.203  68.522 0.3000000119
3585  14.539  -88.812  66.164 0.3000000119
3597  6.161  -88.495  65.079 0.6000000238
3613  8.186  -88.365  64.254 0.8000000119
3619  11.936  -87.909  62.154 0.8000000119
3628  12.581  -88.092  60.289 0.8000000119
3638  10.135  -89.033  60.645 0.8999999762
3644  12.447  -88.320  58.576 0.8999999762
3654  15.989  -88.140  57.661 0.4000000060
3655  12.209  -88.678  57.891 0.8999999762
3656  11.932  -88.407  57.970 1.0000000000
3664  17.378  -88.059  57.059 0.4000000060
3667  12.050  -89.147  57.448 0.8999999762
3669  11.513  -88.914  57.625 0.8999999762
3850  6.948  -88.716  37.721 0.5000000000
3851  6.237  -88.771  37.796 0.5000000000
3863  8.095  -89.126  37.691 0.6000000238
3864  5.413  -89.060  37.348 0.6999999881
3865  5.548  -88.426  37.294 0.6000000238
3909  11.076  -88.409  32.731 0.5000000000
3912  8.947  -88.263  32.329 0.6999999881
3920  8.278  -88.985  31.322 0.6000000238
3989  11.086  -87.315  69.445 0.3000000119
4038  6.182  -87.499  65.074 0.6000000238
4041  4.175  -86.322  64.137 0.5000000000
4049  7.901  -87.309  64.124 0.6999999881
4051  4.384  -86.616  63.684 0.5000000000
4057  8.966  -87.808  62.782 0.6999999881
4074  12.648  -87.297  59.539 0.8000000119
4090  17.494  -87.191  58.351 0.4000000060
4091  16.813  -86.962  57.862 0.4000000060
4092  16.259  -86.725  58.442 0.4000000060
4095  11.541  -87.451  58.715 1.0000000000
4105  17.173  -87.280  57.610 0.4000000060
4330  7.158  -87.817  36.796 0.6000000238
4484  6.477  -86.369  68.399 0.3000000119
4508  8.798  -86.162  65.530 0.5000000000
4513  10.143  -86.285  64.039 0.6999999881
4516  6.173  -86.644  64.988 0.6999999881
4518  4.409  -86.214  64.510 0.6999999881
4535  3.666  -86.237  63.364 0.5000000000
4566  12.196  -86.393  58.924 1.0000000000
4576  12.183  -87.070  58.745 1.0000000000
4826  7.595  -87.041  34.165 0.6000000238
4838  7.276  -87.188  33.304 0.6999999881
4854  8.279  -86.634  32.344 0.5000000000
5002  7.451  -85.293  66.467 0.3000000119
5022  3.914  -86.087  64.094 0.6999999881
5030  7.168  -85.546  63.532 0.6999999881
5038  8.178  -85.504  62.342 0.6999999881
5056  12.404  -85.482  59.907 0.8000000119
5059  9.290  -85.183  60.803 0.8000000119
5071  11.375  -85.053  59.381 0.8999999762
5357  4.557  -85.598  33.476 0.6999999881
5359  3.305  -84.960  34.618 0.6999999881
5383  6.511  -85.918  30.995 0.6999999881
5414  7.744  -85.343  29.710 0.6999999881
5591  8.891  -83.689  64.940 0.4000000060
5601  3.713  -85.805  63.796 0.6999999881
5632  11.157  -83.972  61.422 0.6999999881
5640  12.004  -84.814  59.843 0.6999999881
5644  7.867  -83.249  60.411 0.8000000119
5944  3.115  -84.391  34.591 0.6999999881
5972  6.423  -85.238  31.104 0.6999999881
6004  8.097  -84.819  29.235 0.5000000000
6190  9.598  -82.806  65.377 0.4000000060
6193  4.169  -82.418  65.225 0.8000000119
6224  11.317  -83.354  60.208 0.6999999881
6232  11.233  -83.619  59.785 0.8999999762
6233  10.637  -83.089  59.661 0.8999999762
6234  9.872  -82.654  59.671 0.8999999762
6235  8.946  -82.406  59.693 0.8000000119
6236  8.099  -82.274  59.708 0.8999999762
6491  5.581  -83.787  32.268 0.6999999881
6492  4.947  -84.051  32.786 0.6999999881
6514  6.853  -83.872  30.714 0.6000000238
6724  10.188  -82.144  65.745 0.4000000060
6728  3.822  -82.228  65.133 0.6999999881
6772  10.667  -81.887  61.150 0.6000000238
6773  5.439  -82.445  60.877 0.6999999881
6783  6.778  -82.017  59.804 0.8000000119
6784  6.087  -82.342  60.363 0.8000000119
6796  7.532  -81.934  59.665 0.8000000119
7035  8.661  -82.178  37.164 0.6999999881
7048  9.179  -81.820  36.470 0.6000000238
7050  6.890  -82.430  36.662 0.6999999881
7059  9.132  -82.035  35.596 0.6000000238
7060  8.603  -82.360  35.480 0.6999999881
7071  9.318  -81.728  34.565 0.6000000238
7072  8.967  -82.231  34.803 0.6000000238
7075  3.035  -82.399  34.691 0.6999999881
7106  6.638  -82.922  32.363 0.6000000238
7107  5.776  -83.081  32.584 0.6999999881
7134  7.692  -83.013  30.321 0.6000000238
7329  4.324  -82.048  65.667 0.6999999881
7349  10.125  -81.281  63.489 0.4000000060
7352  2.780  -81.466  64.437 0.8000000119
7374  10.363  -81.467  60.848 0.8999999762
7375  10.002  -81.156  60.861 0.8999999762
7376  9.294  -81.202  60.871 0.8999999762
7388  10.098  -81.459  60.269 0.8999999762
7401  9.637  -81.588  59.898 0.8999999762
7402  8.864  -81.583  59.860 0.8999999762
7403  7.895  -81.685  59.845 0.8000000119
7593  8.206  -81.047  40.906 0.6999999881
7594  7.645  -81.161  41.066 0.6999999881
7602  7.076  -81.360  40.734 0.6999999881
7609  9.126  -80.887  38.794 0.6999999881
7610  8.901  -80.938  39.621 0.6000000238
7620  8.766  -81.568  38.774 0.6999999881
7621  7.826  -82.031  38.923 0.6999999881
7622  6.646  -81.993  38.775 0.6000000238
7630  8.926  -81.774  37.920 0.6999999881
7631  6.229  -82.128  37.859 0.6000000238
7632  5.593  -81.556  37.479 0.6000000238
7633  5.094  -80.683  36.949 0.6999999881
7642  9.386  -81.506  35.915 0.6000000238
7644  5.074  -80.569  36.014 0.6999999881
7645  2.409  -81.505  35.819 0.6000000238
7656  4.928  -80.737  35.207 0.6999999881
7658  2.354  -80.778  35.926 0.6000000238
7665  5.981  -81.997  34.565 0.6999999881
7669  2.936  -81.568  34.889 0.6999999881
7677  4.885  -81.896  33.953 0.6999999881
7689  8.845  -81.523  32.687 0.4000000060
8136  6.300  -79.859  42.420 0.8000000119
8149  8.360  -80.379  41.133 0.6000000238
8151  7.078  -80.942  41.445 0.6999999881
8152  6.163  -80.520  41.664 0.8000000119
8162  4.909  -80.254  40.217 0.6999999881
8168  4.719  -80.253  39.256 0.6999999881
8171  8.998  -80.632  38.256 0.6999999881
8179  4.556  -79.980  37.267 0.6999999881
8186  9.005  -80.577  36.693 0.6000000238
8189  2.454  -79.992  36.020 0.6000000238
8198  9.401  -81.015  35.661 0.6000000238
8203  2.953  -79.946  35.555 0.6000000238
8218  9.343  -81.092  34.919 0.5000000000
8219  9.060  -80.760  34.486 0.5000000000
8222  3.677  -80.877  34.728 0.6000000238
8239  9.039  -80.910  33.565 0.5000000000
8487  4.871  -78.840  62.802 0.5000000000
8692  6.360  -79.267  42.963 0.8000000119
8706  7.491  -79.525  42.459 0.6000000238
8719  8.230  -79.725  41.130 0.6000000238
8731  5.218  -80.106  41.139 0.6999999881
8732  4.623  -79.532  40.536 0.6999999881
8737  8.303  -79.690  40.380 0.6000000238
8741  3.830  -78.638  38.766 0.6999999881
8751  8.509  -80.201  38.568 0.6000000238
8752  7.782  -80.049  38.036 0.5000000000
8754  3.956  -79.221  37.504 0.6999999881
8756  2.719  -78.950  36.865 0.6000000238
9146  4.973  -78.171  61.925 0.4000000060
9326  6.385  -78.692  43.439 0.6999999881
9336  7.022  -79.150  43.088 0.6999999881
9351  7.793  -79.099  41.817 0.6000000238
9352  4.648  -78.524  41.684 0.6999999881
9353  1.497  -78.461  41.161 0.5000000000
9381  2.253  -78.014  37.934 0.6000000238
9382  1.918  -77.629  38.568 0.6000000238
9390  2.720  -78.453  37.491 0.6000000238
9696  3.478  -77.413  65.457 0.6999999881
9698  2.705  -77.919  65.694 0.6999999881
9710  3.287  -78.202  65.502 0.6999999881
9724  1.918  -77.487  64.972 0.8999999762
9968  6.507  -77.994  43.849 0.6999999881
9992  4.405  -76.939  41.818 0.6999999881
9994  1.440  -77.446  40.643 0.6000000238
10022  2.949  -77.034  39.135 0.6000000238
10038  2.020  -76.849  39.049 0.6000000238
10346  2.896  -76.058  66.053 0.8000000119
10362  3.142  -76.783  65.961 0.6999999881
10364  2.224  -76.015  65.502 0.8999999762
10379  1.909  -76.034  64.880 0.8999999762
10440  4.842  -77.255  61.739 0.4000000060
10614  6.253  -75.934  46.993 0.6999999881
10632  5.909  -76.102  46.382 0.6999999881
10633  5.162  -76.107  46.162 0.6999999881
10642  7.591  -76.089  45.880 0.6999999881
10653  7.586  -76.359  44.765 0.6999999881
10662  7.919  -76.639  43.207 0.6999999881
10664  6.825  -76.997  44.452 0.6999999881
10674  8.123  -76.283  42.443 0.6000000238
10678  1.062  -75.683  42.175 0.6000000238
10692  4.008  -76.090  41.155 0.6999999881
10693  1.373  -75.642  40.848 0.6000000238
10708  2.558  -75.734  39.947 0.6999999881
10727  2.195  -76.283  39.535 0.6999999881
11119  3.700  -75.836  65.670 0.6999999881
11121  2.727  -75.380  65.842 0.8000000119
11122  2.388  -75.357  65.553 0.8999999762
11132  3.775  -75.239  65.467 0.6999999881
11154  5.420  -76.047  61.792 0.4000000060
11339  6.440  -75.135  49.268 0.8000000119
11349  5.898  -75.433  48.667 0.8000000119
11359  7.229  -75.357  47.993 0.8000000119
11360  6.391  -75.660  47.865 0.8000000119
11363  4.243  -75.022  47.093 0.8000000119
11376  7.614  -75.511  47.118 0.8000000119
11378  4.718  -75.684  46.551 0.6999999881
11393  3.934  -75.103  45.495 0.6999999881
11402  3.577  -74.568  44.116 0.6999999881
11409  4.294  -76.208  43.909 0.6000000238
11417  8.248  -75.500  42.405 0.6000000238
11432  3.239  -74.726  41.429 0.8000000119
11443  3.184  -75.310  40.658 0.6999999881
11444  2.341  -75.230  40.407 0.6999999881
11445  1.918  -74.940  40.701 0.6000000238
11906  3.001  -74.867  65.570 0.8000000119
11908  2.319  -74.890  65.112 0.8999999762
11923  1.978  -74.772  64.546 0.8999999762
11946  6.528  -75.032  62.998 0.4000000060
12119  6.455  -74.049  51.161 0.8000000119
12120  5.457  -73.968  51.331 0.8000000119
12121  4.638  -73.694  51.149 0.8000000119
12139  6.697  -74.342  50.494 0.8000000119
12141  5.029  -74.221  50.854 0.8000000119
12152  7.293  -74.289  49.339 0.8000000119
12153  6.927  -74.628  49.735 0.8000000119
12154  6.062  -74.782  50.020 0.8000000119
12155  5.009  -74.577  50.180 0.8000000119
12164  7.435  -74.715  48.447 0.8000000119
12165  4.296  -74.604  48.369 0.8000000119
12176  7.485  -74.536  47.315 0.8000000119
12177  3.943  -74.405  47.565 0.8000000119
12187  7.785  -74.968  46.857 0.8000000119
12211  8.034  -74.838  44.427 0.6999999881
12212  6.511  -73.972  44.821 0.5000000000
12232  8.062  -74.670  42.615 0.5000000000
12233  7.359  -74.073  42.992 0.5000000000
12234  2.233  -73.716  42.051 0.6999999881
12236  1.577  -74.478  41.612 0.6000000238
12248  2.450  -74.191  41.514 0.8000000119
12249  2.043  -74.437  41.175 0.6000000238
12250  1.810  -74.547  41.228 0.6000000238
12736  3.043  -74.391  64.973 0.8000000119
12737  2.635  -74.636  65.029 0.8000000119
12754  3.320  -73.961  64.450 0.6999999881
12764  6.631  -74.146  63.514 0.5000000000
12766  4.983  -73.909  63.724 0.6000000238
12768  2.460  -73.178  63.435 0.8999999762
12780  8.671  -73.519  62.918 0.3000000119
12819  1.442  -73.039  59.927 0.6000000238
12932  6.137  -73.437  51.681 0.8000000119
12934  4.229  -72.944  51.371 0.8999999762
12952  7.291  -73.441  50.591 0.8000000119
12953  7.092  -73.934  50.805 0.8000000119
12955  4.004  -73.262  50.534 0.6999999881
12969  7.344  -73.591  49.942 0.8000000119
12971  4.277  -73.955  49.917 0.8000000119
12978  7.363  -74.004  48.711 0.8000000119
12979  7.111  -73.437  49.052 0.6999999881
12981  3.417  -72.928  48.032 0.6999999881
12991  5.908  -73.318  48.129 0.6000000238
12998  6.261  -73.858  46.489 0.6999999881
13022  5.592  -73.248  44.747 0.5000000000
13024  2.335  -72.515  43.949 0.6999999881
13025  1.551  -72.963  43.728 0.6999999881
13036  2.023  -72.783  43.393 0.8000000119
13044  2.378  -73.400  42.724 0.6999999881
13570  3.457  -72.557  63.287 0.8000000119
13585  7.029  -73.128  63.020 0.5000000000
13587  2.967  -71.836  63.014 0.8999999762
13588  1.803  -72.352  62.645 0.8999999762
13599  6.531  -72.332  62.260 0.5000000000
13600  5.617  -72.147  62.026 0.5000000000
13602  1.405  -72.275  61.821 0.8000000119
13717  6.576  -71.845  52.149 0.8000000119
13718  5.547  -71.989  52.446 0.8000000119
13730  6.870  -72.615  51.603 0.8000000119
13749  7.312  -72.889  50.327 0.8000000119
13750  7.240  -72.119  50.686 0.8000000119
13768  5.910  -72.199  49.948 0.6999999881
13771  0.797  -71.744  49.397 0.6000000238
13782  6.674  -72.901  49.438 0.8000000119
13784  3.336  -72.437  48.755 0.8000000119
13794  3.174  -72.132  47.153 0.6999999881
13795  2.629  -71.320  46.542 0.8000000119
13796  1.043  -71.621  46.628 0.6000000238
13802  4.650  -72.306  47.047 0.6999999881
13806  1.379  -71.842  45.764 0.6000000238
13817  4.958  -72.711  45.446 0.6000000238
13833  1.838  -71.967  44.563 0.6999999881
13838  4.362  -71.557  44.389 0.6000000238
13839  1.841  -72.528  43.891 0.6999999881
14374  2.316  -71.633  62.877 0.8000000119
14405  6.199  -71.617  61.651 0.5000000000
14407  4.420  -71.117  61.883 0.8000000119
14409  1.317  -71.092  61.522 0.8999999762
14420  1.138  -70.884  60.467 0.8000000119
14522  4.901  -71.400  52.474 0.8000000119
14533  7.107  -71.674  51.369 0.8000000119
14534  4.133  -71.282  51.998 0.8999999762
14550  0.858  -70.977  50.429 0.6000000238
14563  5.360  -71.330  49.935 0.6999999881
14580  5.025  -71.052  48.712 0.6999999881
14582  2.351  -70.603  47.893 0.8000000119
14597  4.814  -71.783  48.395 0.6999999881
14598  4.882  -71.074  47.948 0.6999999881
14599  2.742  -71.376  47.428 0.8000000119
14611  4.692  -71.188  46.978 0.6999999881
14612  1.871  -71.023  45.699 0.6000000238
14627  1.734  -71.554  45.318 0.6000000238
15257  9.399  -70.793  62.312 0.3000000119
15275  7.859  -70.760  61.614 0.4000000060
15276  5.952  -70.855  61.359 0.6000000238
15375  5.840  -69.722  53.110 0.8000000119
15376  5.276  -69.783  53.334 0.8999999762
15377  4.639  -69.693  53.404 0.8999999762
15393  6.484  -70.029  52.552 0.8000000119
15396  4.193  -69.934  52.958 0.8000000119
15411  6.797  -70.244  52.018 0.8000000119
15413  3.730  -70.262  52.202 0.8000000119
15415  0.956  -69.917  51.611 0.6999999881
15428  7.035  -70.770  51.570 0.8000000119
15429  6.597  -70.692  51.188 0.8000000119
15430  3.403  -70.655  51.339 0.8000000119
15431  2.542  -69.990  50.498 0.8000000119
15443  5.028  -70.577  49.740 0.6999999881
15444  1.784  -69.920  48.808 0.8000000119
15445  0.913  -70.237  49.320 0.6999999881
15456  6.659  -69.736  48.120 0.6000000238
15459  1.612  -70.310  48.027 0.6999999881
15460  1.061  -70.453  48.435 0.6999999881
15471  7.650  -69.540  47.620 0.5000000000
15475  1.763  -70.776  46.307 0.6000000238
15476  1.698  -70.591  47.003 0.6000000238
15477  1.197  -70.743  47.472 0.6000000238
15491  8.650  -69.776  46.586 0.5000000000
15492  8.149  -69.847  47.030 0.5000000000
15493  7.330  -70.137  47.257 0.5000000000
15521  7.898  -70.440  44.918 0.5000000000
15522  5.067  -69.950  45.130 0.6000000238
15536  4.192  -70.166  43.695 0.5000000000
15546  3.992  -70.019  43.061 0.5000000000
16194  2.397  -69.031  62.398 0.8000000119
16195  1.793  -68.889  62.006 0.8000000119
16205  8.890  -68.675  61.768 0.4000000060
16207  7.527  -69.268  61.379 0.6000000238
16210  4.306  -69.287  62.128 0.8000000119
16234  1.315  -69.692  59.515 0.6000000238
16310  5.326  -69.354  53.386 0.6999999881
16311  4.655  -69.143  53.602 0.6999999881
16322  6.099  -69.443  52.691 0.8000000119
16323  5.634  -69.270  53.172 0.6999999881
16337  6.521  -69.632  52.137 0.8000000119
16338  6.155  -69.264  51.809 0.8000000119
16357  1.946  -69.657  50.226 0.8000000119
16358  1.035  -69.924  49.911 0.8000000119
16391  4.513  -69.707  49.023 0.5000000000
16406  8.042  -69.079  47.577 0.5000000000
16407  7.083  -69.345  48.038 0.5000000000
16442  4.545  -69.730  43.219 0.5000000000
16458  5.991  -69.522  42.347 0.5000000000
16459  4.978  -69.551  42.493 0.5000000000
17108  2.093  -68.239  62.190 0.8000000119
17123  11.584  -68.573  62.060 0.3000000119
17124  8.692  -67.853  61.791 0.3000000119
17126  6.804  -68.399  61.441 0.6000000238
17127  5.197  -68.296  61.903 0.8000000119
17233  3.254  -67.923  54.100 0.5000000000
17243  3.303  -68.067  54.048 0.6000000238
17252  5.726  -68.912  52.833 0.8000000119
17262  5.706  -68.722  52.147 0.8000000119
17273  5.425  -68.821  51.371 0.8000000119
17274  4.648  -68.379  50.915 0.6999999881
17286  4.268  -68.719  50.043 0.6999999881
17296  2.711  -68.255  48.301 0.5000000000
17304  7.419  -68.911  47.744 0.5000000000
17310  2.100  -67.982  47.273 0.5000000000
17319  3.187  -68.610  46.354 0.5000000000
17330  2.542  -68.148  45.745 0.6999999881
17344  2.569  -67.996  45.063 0.6000000238
17345  2.393  -67.860  45.355 0.6000000238
17993  11.019  -67.869  62.251 0.3000000119
17994  10.483  -67.218  62.252 0.3000000119
17996  3.846  -67.383  62.420 0.8000000119
17998  2.431  -67.539  62.145 0.8000000119
17999  1.914  -67.716  61.780 0.6999999881
18013  5.528  -67.371  61.975 0.8000000119
18016  1.895  -67.256  61.225 0.6999999881
18143  3.600  -68.092  53.850 0.6000000238
18159  4.178  -68.114  53.318 0.6000000238
18169  4.264  -67.898  52.557 0.6999999881
18170  3.448  -67.466  52.252 0.6000000238
18185  1.730  -66.630  49.812 0.5000000000
18197  2.188  -67.351  49.585 0.5000000000
18199  1.796  -66.705  48.955 0.6000000238
18207  1.955  -67.227  48.455 0.6000000238
18219  2.073  -67.760  46.763 0.6999999881
18237  3.219  -67.998  44.141 0.5000000000
18239  2.564  -67.751  44.855 0.6000000238
18253  2.720  -67.532  44.335 0.6000000238
18271  2.901  -67.146  42.981 0.5000000000
18282  4.105  -67.070  41.598 0.5000000000
18921  9.919  -66.590  62.192 0.4000000060
18922  5.021  -66.462  62.268 0.8000000119
18923  3.555  -66.714  62.271 0.8000000119
18924  2.840  -66.854  62.080 0.6999999881
18932  11.659  -66.849  61.635 0.3000000119
18933  9.250  -65.759  61.896 0.6999999881
18934  8.327  -66.196  61.710 0.6999999881
18938  2.725  -66.401  61.563 0.8000000119
19184  2.798  -66.935  43.230 0.5000000000
19193  3.055  -66.811  42.155 0.5000000000
19200  3.317  -66.303  41.673 0.5000000000
19209  3.892  -66.039  40.342 0.4000000060
19210  3.604  -65.732  40.986 0.5000000000
19222  6.657  -66.292  38.898 0.4000000060
19224  4.744  -66.022  39.321 0.4000000060
19852  10.850  -65.795  62.136 0.4000000060
19855  4.175  -66.013  62.211 0.8000000119
19869  10.560  -65.034  62.061 0.5000000000
19870  9.778  -64.931  61.925 0.6999999881
19873  5.500  -65.299  61.856 0.8000000119
19875  3.627  -65.451  61.553 0.8000000119
19876  2.600  -65.826  61.037 0.6999999881
19888  3.206  -64.801  60.795 0.6999999881
19889  2.696  -65.209  60.465 0.6999999881
20141  2.285  -66.108  45.372 0.6000000238
20157  2.793  -65.567  44.215 0.6000000238
20170  3.033  -66.156  42.345 0.5000000000
20184  4.524  -65.357  39.513 0.4000000060
20825  12.126  -64.022  61.026 0.4000000060
20826  11.478  -64.363  61.442 0.5000000000
20828  9.440  -64.490  61.511 0.6999999881
20830  7.594  -64.480  61.149 0.8000000119
20847  5.655  -64.376  60.995 0.6999999881
20848  3.736  -64.430  60.282 0.6999999881
20863  13.074  -64.321  59.958 0.3000000119
20864  3.562  -64.241  59.355 0.6999999881
21021  1.254  -64.608  49.543 0.5000000000
21074  2.667  -64.537  45.497 0.6000000238
21101  2.552  -65.600  44.912 0.6000000238
21128  3.564  -65.400  41.438 0.6000000238
21132  3.811  -65.300  40.656 0.6000000238
21141  5.840  -64.428  38.564 0.3000000119
21740  10.859  -63.974  61.353 0.5000000000
21741  9.939  -64.029  61.304 0.6999999881
21759  13.210  -63.417  60.006 0.3000000119
21762  10.417  -63.496  60.805 0.6999999881
21763  9.606  -63.745  60.787 0.6999999881
21764  7.623  -63.963  60.426 0.8000000119
21765  6.766  -63.914  60.402 0.8000000119
21779  10.196  -63.149  60.027 0.6999999881
21799  9.090  -63.559  58.478 0.8000000119
21802  4.850  -63.541  58.428 0.5000000000
21815  10.254  -63.144  57.061 0.8000000119
21816  9.483  -63.334  57.630 0.8000000119
22062  6.744  -63.531  40.701 0.4000000060
22097  6.358  -64.083  38.156 0.4000000060
22712  13.203  -62.690  59.938 0.3000000119
22714  11.083  -62.994  60.361 0.6000000238
22750  8.754  -63.031  57.198 0.6000000238
22947  4.643  -62.164  42.633 0.5000000000
22960  4.897  -61.729  41.990 0.6000000238
23623  13.538  -61.742  59.157 0.4000000060
23624  12.910  -61.801  59.266 0.6000000238
23639  12.567  -61.610  58.613 0.5000000000
23670  12.860  -61.336  56.134 0.6000000238
23681  11.633  -61.881  55.026 0.6999999881
23682  10.131  -61.875  55.149 0.6000000238
23701  10.675  -61.573  54.516 0.6999999881
23703  8.099  -61.069  54.235 0.5000000000
23704  7.467  -61.377  54.058 0.5000000000
23876  5.830  -61.416  40.864 0.6000000238
24604  14.865  -60.629  57.867 0.4000000060
24629  13.308  -60.910  55.500 0.5000000000
24668  14.266  -60.386  53.727 0.5000000000
24672  10.267  -60.749  53.157 0.6999999881
24694  10.487  -60.510  52.440 0.6000000238
24697  7.859  -60.900  52.139 0.5000000000
24708  16.274  -60.735  51.445 0.3000000119
24736  10.042  -60.063  49.106 0.4000000060
24857  5.322  -60.396  41.856 0.5000000000
26813  21.091  -58.217  40.497 0.4000000060
27776  12.988  -57.452  42.446 0.3000000119
110328  24.138  -94.960  43.853 0.4000000060
110330  22.935  -94.500  43.357 0.4000000060
110332  21.803  -97.239  38.132 0.4000000060
110809  20.258  -93.365  37.071 0.5000000000
110812  19.871  -93.311  37.198 0.4000000060
111043  20.665  -95.218  34.549 0.4000000060
111068  21.418  -98.096  35.693 0.3000000119
111101  21.654  -97.783  37.569 0.4000000060
111213  8.653  -94.275  52.883 1.0000000000
111252  14.842  -61.239  50.645 0.5000000000
111547  7.647  -77.422  42.254 0.6999999881
111572  21.457  -96.121  35.984 0.5000000000
111640  15.518  -87.260  59.786 0.3000000119
112091  6.756  -69.907  44.782 0.6000000238
112177  1.179  -76.301  41.624 0.6000000238
112274  13.612  -93.958  49.935 0.6999999881
112328  15.368  -90.147  63.791 0.5000000000
112360  8.429  -81.364  60.905 0.8000000119
112436  1.228  -68.897  60.845 0.8000000119
112711  9.596  -63.436  59.244 0.8000000119
112981  1.071  -74.481  44.868 0.5000000000
113049  1.965  -73.619  63.389 0.8999999762
113073  1.617  -78.419  38.575 0.6000000238
113086  5.836  -66.616  61.963 0.8000000119
113088  1.691  -75.401  40.538 0.6000000238
113142  1.378  -76.465  40.699 0.6000000238
113267  7.623  -94.832  52.336 0.8999999762
113280  14.681  -101.048  43.545 0.6999999881
113373  15.591  -95.876  24.974 0.6000000238
113557  7.966  -68.331  45.410 0.4000000060
113820  4.869  -75.583  47.237 0.8000000119
114019  2.680  -70.415  62.603 0.8000000119
114160  8.645  -95.006  51.844 0.8999999762
114222  5.733  -86.891  64.946 0.6999999881
114243  22.706  -97.186  40.389 0.4000000060
114673  7.014  -71.884  50.479 0.8000000119
114885  5.363  -75.557  47.974 0.8000000119
115020  8.441  -81.212  40.282 0.6999999881
115129  1.985  -67.174  47.033 0.6999999881
115334  8.625  -82.447  34.002 0.6000000238
115714  1.177  -71.507  60.791 0.6999999881
116179  1.356  -73.585  43.312 0.5000000000
116389  19.062  -93.969  25.321 0.6000000238
116419  2.693  -83.009  35.351 0.6999999881
116531  1.519  -68.710  61.492 0.6999999881
116804  13.961  -60.391  54.303 0.6000000238
116821  6.343  -63.947  39.951 0.4000000060
116853  3.750  -68.523  53.737 0.6000000238
117057  7.866  -75.544  46.335 0.6999999881
117108  20.499  -94.649  27.548 0.5000000000
117369  4.496  -75.771  45.895 0.6999999881
117749  2.014  -70.102  48.096 0.6999999881
117765  14.398  -61.457  58.629 0.3000000119
117815  10.568  -84.474  59.550 0.8999999762
117823  1.040  -74.408  43.954 0.5000000000
118576  8.140  -69.961  61.453 0.5000000000
118733  6.060  -82.042  36.871 0.6000000238
118761  12.952  -90.023  66.205 0.6999999881
119062  2.085  -70.744  46.175 0.8000000119
119069  7.215  -68.393  46.545 0.4000000060
119182  3.920  -69.254  48.631 0.6000000238
119239  2.904  -67.547  43.727 0.6000000238
119432  15.044  -92.185  58.943 0.5000000000
119442  2.983  -65.299  61.107 0.6999999881
119452  12.882  -61.188  58.097 0.5000000000
119571  1.061  -72.508  47.180 0.6000000238
120123  20.816  -94.488  41.092 0.6000000238
120331  12.127  -68.727  61.626 0.3000000119
120409  19.069  -99.041  41.993 0.6999999881
120591  7.282  -73.689  49.345 0.8000000119
120787  1.514  -66.281  50.160 0.5000000000
121266  16.822  -96.389  25.650 0.6000000238
121437  6.746  -93.064  54.144 0.8999999762
121549  7.451  -81.587  60.000 0.8000000119
121591  20.465  -95.082  40.883 0.6000000238
121772  11.286  -66.158  61.954 0.3000000119
121790  17.234  -92.324  25.531 0.6000000238
121867  1.577  -79.389  38.810 0.6000000238
122046  12.498  -62.243  59.772 0.6000000238
122082  7.817  -81.639  61.412 0.8000000119
122114  5.537  -87.317  64.279 0.6000000238
122424  7.613  -92.091  61.133 0.8000000119
122716  15.254  -92.200  50.970 0.6000000238
122963  15.986  -92.495  25.166 0.6000000238
123011  3.059  -80.482  35.082 0.6000000238
123307  9.062  -62.335  56.121 0.6000000238
123360  1.556  -77.395  39.757 0.5000000000
123402  13.305  -95.014  31.305 0.6000000238
123405  15.847  -87.548  58.324 0.4000000060
123907  9.203  -60.263  51.660 0.6000000238
123939  15.594  -96.211  51.464 0.5000000000
124179  12.342  -97.942  27.760 0.5000000000
124199  20.302  -96.602  29.814 0.6000000238
124229  11.405  -93.573  32.332 0.6000000238
124522  4.580  -77.360  62.368 0.4000000060
124935  16.989  -100.042  44.802 0.5000000000
125022  12.572  -88.791  59.036 0.8999999762
125059  9.528  -87.284  61.621 0.8000000119
125088  4.941  -69.869  61.738 0.8000000119
125255  15.390  -91.277  59.670 0.6000000238
125271  6.762  -88.900  65.250 0.6000000238
125280  4.808  -70.018  49.523 0.6000000238
125289  10.266  -90.830  29.651 0.6000000238
125517  0.808  -70.891  49.711 0.6000000238
125699  10.811  -82.495  61.276 0.6000000238
126228  19.469  -93.855  35.746 0.5000000000
126275  21.687  -95.923  36.795 0.5000000000
126298  20.005  -93.715  38.868 0.4000000060
126418  19.848  -94.560  38.652 0.4000000060
126504  21.515  -96.182  43.687 0.5000000000
126605  19.502  -94.255  34.595 0.6000000238
126606  19.903  -93.490  36.246 0.5000000000
126640  19.136  -94.158  35.626 0.5000000000
126653  12.565  -60.626  51.781 0.6000000238
126972  3.904  -73.405  49.806 0.6999999881
127039  8.104  -69.424  47.406 0.5000000000
127367  8.845  -55.472  38.657 0.5000000000
127435  10.890  -61.034  53.779 0.6999999881
127446  9.744  -89.584  65.993 0.6000000238
127725  7.131  -90.637  57.392 1.0000000000
127803  10.711  -90.642  64.959 0.8000000119
127860  8.619  -80.236  39.936 0.6999999881
127902  14.019  -100.829  44.304 0.8000000119
128011  6.980  -93.579  56.034 0.8000000119
128086  20.503  -93.271  38.487 0.4000000060
128187  15.306  -95.766  50.640 0.6000000238
128299  11.567  -87.913  69.206 0.3000000119
128315  18.909  -96.728  28.056 0.5000000000
128400  10.112  -99.438  43.438 0.6000000238
128416  2.667  -70.799  48.781 0.8000000119
128752  8.189  -100.999  47.354 0.8000000119
129326  7.450  -65.506  61.592 0.8000000119
129359  1.674  -79.934  41.118 0.6000000238
129389  10.419  -99.572  50.794 0.8000000119
129517  11.003  -66.322  62.162 0.4000000060
129580  1.983  -70.549  46.631 0.6000000238
129705  7.509  -82.922  31.170 0.6000000238
129882  9.122  -93.185  29.380 0.6000000238
130099  10.262  -81.602  65.841 0.4000000060
130156  1.894  -65.665  46.662 0.6000000238
130224  13.809  -96.952  25.748 0.6999999881
130272  8.073  -75.454  45.266 0.6999999881
130328  3.252  -65.656  42.088 0.6000000238
130491  5.135  -64.068  60.322 0.6999999881
130545  9.162  -80.728  36.008 0.6000000238
130600  1.858  -78.037  63.559 0.8999999762
130764  11.975  -91.855  62.723 0.8000000119
131120  7.220  -90.678  31.815 0.6000000238
131195  10.318  -81.489  63.770 0.4000000060
131273  17.944  -93.690  24.841 0.6000000238
131342  11.062  -93.617  59.042 0.8000000119
131544  14.273  -92.820  59.619 0.8000000119
131582  4.746  -68.772  61.995 0.8000000119
131981  0.911  -72.488  48.400 0.6000000238
131994  4.302  -79.091  40.097 0.6999999881
132283  2.839  -65.808  43.631 0.6000000238
132406  6.022  -89.444  33.570 0.5000000000
132432  9.290  -101.052  45.115 0.6999999881
132459  11.626  -88.539  62.599 0.8000000119
132465  7.741  -59.541  38.753 0.4000000060
132516  6.506  -75.570  61.297 0.4000000060
132542  4.406  -77.619  41.525 0.6999999881
132559  11.082  -99.010  43.181 0.6999999881
132562  1.186  -76.604  43.309 0.5000000000
132563  4.511  -78.000  62.583 0.5000000000
132610  2.268  -77.493  65.509 0.8000000119
132632  1.401  -69.962  61.439 0.8000000119
132682  6.594  -63.875  38.393 0.4000000060
132881  9.194  -89.265  62.893 0.6999999881
133044  6.803  -77.360  44.109 0.6999999881
133103  18.921  -96.707  28.622 0.6999999881
133113  9.264  -81.980  35.071 0.6000000238
133123  6.798  -85.041  63.130 0.6999999881
133381  4.475  -75.377  46.809 0.6999999881
133540  13.966  -92.104  52.657 0.6000000238
133699  4.108  -74.151  48.701 0.8000000119
133700  12.915  -96.490  25.892 0.6999999881
133779  15.394  -90.370  55.106 0.5000000000
133788  0.865  -71.831  47.635 0.6000000238
133923  12.208  -62.605  60.067 0.5000000000
133929  8.676  -88.268  69.867 0.4000000060
134099  13.272  -92.393  61.751 0.8000000119
134364  6.669  -87.383  65.053 0.8000000119
134703  21.930  -98.562  35.233 0.3000000119
134729  3.876  -75.132  44.834 0.6000000238
