#!ascii label  , from subject sub-v1s2x0051482_ses-1 vox2ras=TkReg
7754
54213  -4.501  -30.476  79.456 0.0000000000
134601  -26.142  -19.420  59.773 0.0000000000
62310  -18.948  -24.350  82.274 0.0000000000
70325  -31.007  -14.772  76.711 0.0000000000
70690  -58.437  -15.074  44.816 0.0000000000
118934  -0.923  -30.342  74.251 0.0000000000
77854  -8.886  -6.274  75.196 0.0000000000
63361  -35.994  -20.912  73.855 0.0000000000
64396  -39.688  -20.587  66.553 0.0000000000
66276  -34.121  -18.743  72.146 0.0000000000
66136  -26.236  -19.144  83.161 0.0000000000
133925  -25.185  -24.577  71.274 0.0000000000
66549  -55.515  -16.988  52.442 0.0000000000
129210  -0.277  -30.981  81.775 0.0000000000
134931  -14.223  -17.821  83.404 0.0000000000
74025  -20.838  -10.361  82.721 0.0000000000
71223  -5.876  -15.341  84.634 0.0000000000
68293  -2.799  -15.969  75.869 0.0000000000
119494  -43.537  -13.660  52.960 0.0000000000
65432  -41.159  -18.849  62.192 0.0000000000
60426  -11.425  -25.301  80.495 0.0000000000
57306  -6.291  -27.956  90.375 0.0000000000
130099  -12.981  -26.055  85.951 0.0000000000
68369  -27.088  -16.648  66.605 0.0000000000
63390  -14.010  -21.019  71.272 0.0000000000
55384  -5.469  -28.476  67.040 0.0000000000
79546  -5.356  -4.396  78.318 0.0000000000
69386  -4.889  -15.276  68.516 0.0000000000
71496  -6.196  -13.899  63.312 0.0000000000
63301  -35.780  -21.242  77.301 0.0000000000
131221  -38.512  -15.501  74.731 0.0000000000
70317  -34.243  -15.230  78.213 0.0000000000
66142  -30.643  -18.715  82.716 0.0000000000
65224  -30.270  -19.282  77.210 0.0000000000
72581  -53.890  -13.285  49.010 0.0000000000
70608  -52.276  -14.407  54.144 0.0000000000
53181  -2.026  -31.311  82.995 0.0000000000
134059  -1.388  -38.253  83.781 0.0000000000
48734  -4.318  -35.560  83.938 0.0000000000
61313  -5.614  -22.090  82.562 0.0000000000
67168  -9.215  -17.204  87.246 0.0000000000
60372  -3.053  -23.853  86.467 0.0000000000
122595  -1.880  -23.079  83.916 0.0000000000
64415  -45.951  -20.504  64.714 0.0000000000
58586  -46.655  -25.963  67.507 0.0000000000
63500  -32.604  -21.623  62.528 0.0000000000
63545  -34.235  -21.822  58.557 0.0000000000
67531  -27.744  -18.156  55.732 0.0000000000
61327  -14.655  -24.095  82.676 0.0000000000
128797  -10.990  -23.430  86.786 0.0000000000
61265  -16.884  -23.214  87.969 0.0000000000
62372  -22.100  -24.531  76.308 0.0000000000
125864  -19.475  -23.760  69.877 0.0000000000
130541  -16.038  -25.458  76.110 0.0000000000
62356  -12.799  -22.311  77.894 0.0000000000
71814  -58.247  -13.544  40.577 0.0000000000
54323  -2.073  -29.878  70.547 0.0000000000
53302  -9.551  -32.171  71.497 0.0000000000
74064  -14.664  -11.069  76.969 0.0000000000
77796  -13.252  -6.567  81.159 0.0000000000
80365  -10.518  -3.889  85.032 0.0000000000
81211  -6.121  -1.793  86.306 0.0000000000
132852  -5.117  -7.412  80.236 0.0000000000
129039  -3.422  -22.938  76.782 0.0000000000
68319  -2.474  -15.813  72.990 0.0000000000
61454  -2.981  -23.177  72.510 0.0000000000
129403  -2.699  -21.822  68.849 0.0000000000
77901  -6.021  -6.136  68.494 0.0000000000
61476  -43.939  -23.976  71.304 0.0000000000
65295  -42.389  -19.014  72.340 0.0000000000
67343  -36.719  -17.945  68.892 0.0000000000
124720  -31.431  -20.115  65.781 0.0000000000
62314  -22.701  -22.850  82.702 0.0000000000
121730  -20.926  -25.442  85.523 0.0000000000
61569  -29.512  -23.590  65.241 0.0000000000
62454  -30.234  -22.466  71.563 0.0000000000
63322  -25.831  -21.909  76.824 0.0000000000
68619  -57.578  -16.061  48.725 0.0000000000
122727  -53.669  -6.909  42.159 0.0000000000
74411  -53.440  -10.897  44.218 0.0000000000
55253  -1.257  -30.001  78.404 0.0000000000
47814  -4.091  -36.168  77.619 0.0000000000
45929  -2.041  -37.889  80.012 0.0000000000
66177  -22.839  -16.139  78.332 0.0000000000
74989  -28.148  -9.794  80.823 0.0000000000
68224  -20.870  -14.350  85.920 0.0000000000
70265  -14.780  -15.338  82.406 0.0000000000
142631  -10.761  -14.342  75.952 0.0000000000
71406  -6.447  -12.853  72.804 0.0000000000
70282  -3.824  -15.638  80.514 0.0000000000
128297  -2.121  -23.253  80.978 0.0000000000
72481  -49.894  -13.301  59.660 0.0000000000
124301  -47.323  -15.920  64.549 0.0000000000
69524  -42.731  -15.677  58.383 0.0000000000
71690  -36.475  -13.270  51.493 0.0000000000
120508  -40.939  -23.696  63.957 0.0000000000
57441  -8.766  -27.673  75.002 0.0000000000
53177  -6.921  -31.135  84.053 0.0000000000
58452  -8.189  -27.096  84.737 0.0000000000
58402  -9.245  -26.621  88.298 0.0000000000
67309  -27.969  -16.700  71.329 0.0000000000
61566  -26.554  -24.114  65.841 0.0000000000
62498  -23.624  -22.600  68.587 0.0000000000
64299  -23.380  -19.532  73.027 0.0000000000
64254  -16.404  -18.566  76.615 0.0000000000
64218  -10.026  -20.065  78.446 0.0000000000
57580  -7.674  -27.175  64.121 0.0000000000
82912  -7.896  -1.129  75.637 0.0000000000
74107  -4.026  -9.970  73.665 0.0000000000
77022  -3.691  -8.435  72.466 0.0000000000
77895  -3.026  -5.944  68.620 0.0000000000
70442  -2.299  -14.405  65.084 0.0000000000
64379  -6.287  -21.006  67.555 0.0000000000
67248  -35.722  -17.082  78.394 0.0000000000
66170  -33.800  -17.975  80.094 0.0000000000
64196  -31.978  -19.989  81.304 0.0000000000
68256  -32.138  -16.686  81.047 0.0000000000
70575  -54.717  -14.742  56.939 0.0000000000
69511  -53.418  -15.169  59.010 0.0000000000
53186  -2.993  -30.932  81.304 0.0000000000
49843  -2.690  -34.882  81.446 0.0000000000
49859  -4.822  -34.288  80.513 0.0000000000
58477  -4.545  -25.956  81.217 0.0000000000
61290  -4.556  -22.369  84.493 0.0000000000
57365  -3.289  -27.093  82.934 0.0000000000
56252  -2.290  -27.682  84.435 0.0000000000
56563  -45.316  -28.240  66.134 0.0000000000
55360  -43.671  -29.175  68.727 0.0000000000
65447  -28.645  -20.541  59.972 0.0000000000
63555  -29.312  -21.720  57.545 0.0000000000
65473  -26.334  -18.933  57.534 0.0000000000
61329  -16.471  -24.210  82.743 0.0000000000
62283  -15.393  -23.670  84.810 0.0000000000
62270  -17.651  -23.571  85.797 0.0000000000
124085  -24.208  -18.196  60.622 0.0000000000
62349  -20.525  -24.465  79.807 0.0000000000
61411  -19.208  -25.169  76.256 0.0000000000
121517  -17.762  -24.904  79.198 0.0000000000
120459  -16.191  -25.051  79.220 0.0000000000
71795  -58.553  -13.271  42.189 0.0000000000
54294  -0.753  -30.211  72.461 0.0000000000
53272  -4.481  -31.245  73.379 0.0000000000
52174  -3.193  -32.449  74.337 0.0000000000
74082  -31.860  -8.999  76.472 0.0000000000
77848  -30.373  -7.318  76.415 0.0000000000
76013  -12.246  -8.253  75.187 0.0000000000
76944  -11.646  -7.930  79.334 0.0000000000
80396  -10.220  -3.867  79.697 0.0000000000
81230  -8.553  -1.783  84.749 0.0000000000
80386  -7.754  -3.657  80.622 0.0000000000
78645  -5.725  -5.263  83.155 0.0000000000
77816  -6.982  -6.403  78.087 0.0000000000
58532  -2.735  -26.801  75.775 0.0000000000
62394  -3.610  -22.646  75.016 0.0000000000
137016  -2.466  -26.817  73.110 0.0000000000
58554  -1.704  -26.530  71.118 0.0000000000
62438  -40.744  -22.291  72.494 0.0000000000
64307  -39.595  -20.485  73.530 0.0000000000
69341  -36.053  -15.746  73.552 0.0000000000
124783  -38.404  -15.385  71.410 0.0000000000
68336  -35.329  -17.272  70.533 0.0000000000
67355  -33.795  -19.136  67.930 0.0000000000
126170  -33.325  -19.605  68.753 0.0000000000
126686  -24.595  -20.681  83.162 0.0000000000
132342  -24.249  -23.131  85.051 0.0000000000
63424  -31.770  -21.712  68.971 0.0000000000
63380  -32.137  -21.069  72.203 0.0000000000
66178  -27.841  -18.572  80.017 0.0000000000
64247  -28.364  -20.335  77.319 0.0000000000
65203  -26.252  -19.846  79.536 0.0000000000
63288  -24.433  -21.643  79.403 0.0000000000
68593  -57.016  -16.002  50.234 0.0000000000
74376  -57.474  -10.745  48.088 0.0000000000
73437  -57.071  -11.519  50.340 0.0000000000
73484  -49.892  -11.351  45.581 0.0000000000
76374  -49.470  -8.206  44.196 0.0000000000
140780  -53.243  -17.323  49.818 0.0000000000
129738  -0.544  -30.423  80.395 0.0000000000
49883  -0.026  -34.256  78.463 0.0000000000
49842  -0.021  -34.667  80.700 0.0000000000
46841  -4.141  -37.443  86.599 0.0000000000
45891  -4.763  -37.759  84.344 0.0000000000
66153  -19.197  -16.671  80.736 0.0000000000
68242  -21.783  -15.217  82.181 0.0000000000
66129  -17.988  -16.042  84.427 0.0000000000
70196  -7.158  -15.743  86.577 0.0000000000
70241  -12.748  -15.448  85.453 0.0000000000
137169  -10.693  -15.522  83.463 0.0000000000
70295  -12.906  -14.732  79.028 0.0000000000
71306  -9.092  -14.558  80.662 0.0000000000
131406  -8.115  -14.727  78.089 0.0000000000
71270  -5.428  -15.133  82.762 0.0000000000
57364  -0.911  -27.282  82.781 0.0000000000
127726  -1.810  -23.345  82.042 0.0000000000
120415  -0.585  -27.347  80.946 0.0000000000
57439  -1.215  -27.083  80.070 0.0000000000
67417  -47.180  -17.151  63.215 0.0000000000
65418  -46.214  -19.147  63.162 0.0000000000
65390  -44.154  -19.449  64.504 0.0000000000
68413  -43.806  -16.861  63.258 0.0000000000
68449  -41.973  -16.937  60.183 0.0000000000
70607  -39.745  -14.431  54.549 0.0000000000
68495  -39.765  -16.524  57.269 0.0000000000
64372  -42.810  -20.847  68.935 0.0000000000
62519  -42.811  -23.689  68.102 0.0000000000
62539  -39.874  -22.674  65.388 0.0000000000
58491  -10.285  -27.658  76.399 0.0000000000
56272  -8.892  -28.276  81.743 0.0000000000
59500  -9.745  -26.209  82.664 0.0000000000
60359  -12.436  -24.037  89.125 0.0000000000
61245  -10.034  -23.959  90.106 0.0000000000
58408  -10.586  -26.284  87.471 0.0000000000
137889  -20.650  -26.363  82.241 0.0000000000
57345  -19.055  -25.608  84.240 0.0000000000
121038  -28.478  -16.634  68.512 0.0000000000
121044  -27.837  -24.603  68.884 0.0000000000
60596  -27.499  -24.330  65.710 0.0000000000
119516  -25.023  -25.645  67.545 0.0000000000
61510  -16.358  -23.435  69.525 0.0000000000
62523  -20.007  -22.306  66.988 0.0000000000
65323  -18.541  -19.572  68.666 0.0000000000
63394  -22.862  -21.350  71.510 0.0000000000
65299  -18.523  -18.111  71.853 0.0000000000
66264  -18.940  -17.507  74.230 0.0000000000
63344  -15.118  -19.524  73.699 0.0000000000
61357  -12.941  -23.826  79.029 0.0000000000
63271  -12.113  -20.925  78.831 0.0000000000
125228  -11.629  -23.062  74.590 0.0000000000
60436  -7.798  -24.791  75.943 0.0000000000
133861  -46.892  -13.305  56.973 0.0000000000
119497  -47.711  -13.596  53.912 0.0000000000
57567  -6.195  -27.646  65.655 0.0000000000
56500  -8.756  -28.593  68.140 0.0000000000
56241  -5.377  -28.943  87.930 0.0000000000
130415  -4.821  -31.160  87.685 0.0000000000
74978  -24.673  -10.430  83.462 0.0000000000
74059  -23.533  -10.776  78.124 0.0000000000
75018  -20.618  -9.174  79.425 0.0000000000
134526  -13.814  -2.099  83.975 0.0000000000
81267  -5.449  -1.938  81.166 0.0000000000
81283  -7.000  -2.629  77.110 0.0000000000
69327  -4.347  -14.891  74.811 0.0000000000
73220  -4.806  -11.041  73.372 0.0000000000
71374  -3.195  -13.638  74.290 0.0000000000
68333  -4.879  -16.085  71.098 0.0000000000
71416  -2.137  -13.447  71.645 0.0000000000
130023  -3.156  -11.901  69.675 0.0000000000
77040  -3.527  -7.573  70.424 0.0000000000
74170  -3.066  -10.672  67.769 0.0000000000
74180  -2.602  -9.975  66.066 0.0000000000
70413  -3.181  -13.857  66.615 0.0000000000
59606  -3.789  -25.155  69.028 0.0000000000
63443  -4.480  -21.528  68.067 0.0000000000
59623  -6.003  -25.142  67.667 0.0000000000
60563  -7.679  -24.319  66.767 0.0000000000
67396  -7.316  -17.500  63.731 0.0000000000
122583  -36.160  -20.775  76.112 0.0000000000
66247  -38.715  -18.240  74.675 0.0000000000
66217  -37.359  -17.766  76.594 0.0000000000
71347  -36.605  -15.299  76.494 0.0000000000
68308  -33.981  -17.008  75.194 0.0000000000
66139  -28.168  -18.739  83.120 0.0000000000
66257  -32.876  -19.001  75.073 0.0000000000
137478  -31.940  -16.859  77.650 0.0000000000
67235  -30.332  -16.699  80.187 0.0000000000
72550  -56.374  -13.130  52.720 0.0000000000
72540  -55.733  -13.386  54.191 0.0000000000
70658  -52.937  -14.387  51.076 0.0000000000
72603  -49.480  -12.970  47.590 0.0000000000
53173  -0.729  -30.489  83.037 0.0000000000
48750  -0.720  -35.202  81.780 0.0000000000
49822  -1.301  -34.565  82.260 0.0000000000
122803  -2.307  -36.958  84.924 0.0000000000
47725  -3.192  -36.076  87.939 0.0000000000
65164  -10.113  -18.264  83.454 0.0000000000
65132  -11.393  -17.586  85.481 0.0000000000
65137  -7.103  -18.680  85.322 0.0000000000
64130  -5.058  -19.440  87.153 0.0000000000
67166  -3.001  -18.622  86.850 0.0000000000
67190  -2.589  -18.672  85.552 0.0000000000
126504  -2.280  -23.162  85.742 0.0000000000
125925  -1.269  -26.856  84.181 0.0000000000
61610  -46.058  -22.887  63.249 0.0000000000
58647  -45.947  -25.751  64.434 0.0000000000
61559  -46.826  -23.659  66.218 0.0000000000
62558  -44.258  -22.206  64.810 0.0000000000
64425  -36.207  -21.361  65.262 0.0000000000
62569  -36.754  -22.807  63.537 0.0000000000
129183  -33.021  -22.971  60.002 0.0000000000
121552  -12.611  -24.532  81.799 0.0000000000
60411  -10.866  -24.619  83.426 0.0000000000
62266  -12.921  -23.624  84.997 0.0000000000
62244  -13.880  -22.912  87.833 0.0000000000
59446  -14.497  -24.844  88.043 0.0000000000
68391  -24.560  -16.967  65.174 0.0000000000
61446  -22.951  -23.623  73.373 0.0000000000
60523  -22.361  -24.201  70.353 0.0000000000
62415  -20.048  -23.735  73.221 0.0000000000
138611  -16.930  -24.408  72.448 0.0000000000
59557  -11.965  -25.642  72.669 0.0000000000
62395  -11.566  -22.790  72.953 0.0000000000
61405  -12.048  -24.770  76.989 0.0000000000
132790  -13.773  -24.851  79.905 0.0000000000
71727  -40.594  -13.608  49.369 0.0000000000
55323  -3.762  -28.910  69.255 0.0000000000
55326  -7.165  -29.063  70.189 0.0000000000
54309  -5.679  -29.855  71.630 0.0000000000
121703  -8.138  -32.470  73.410 0.0000000000
128654  -18.002  -10.802  79.074 0.0000000000
120627  -17.829  -9.009  80.813 0.0000000000
75004  -13.645  -9.637  80.503 0.0000000000
77779  -11.496  -6.607  84.045 0.0000000000
80375  -4.426  -3.869  82.548 0.0000000000
77803  -4.358  -6.399  79.848 0.0000000000
65228  -3.318  -19.274  76.861 0.0000000000
68306  -2.766  -15.877  74.275 0.0000000000
65244  -4.057  -18.927  75.169 0.0000000000
65286  -4.768  -19.856  72.858 0.0000000000
65297  -4.279  -19.813  70.759 0.0000000000
66299  -2.284  -18.661  68.520 0.0000000000
63406  -2.521  -21.642  70.560 0.0000000000
59593  -2.393  -25.755  69.451 0.0000000000
74182  -6.111  -10.304  66.522 0.0000000000
56465  -42.103  -27.821  70.884 0.0000000000
131358  -41.677  -25.041  72.352 0.0000000000
143091  -43.090  -21.363  71.290 0.0000000000
143176  -41.814  -18.775  69.842 0.0000000000
68317  -40.827  -17.024  73.157 0.0000000000
123413  -40.892  -16.589  70.520 0.0000000000
66320  -38.540  -19.190  67.857 0.0000000000
65368  -34.693  -20.314  65.994 0.0000000000
65399  -31.570  -19.728  63.542 0.0000000000
65413  -29.444  -20.440  62.432 0.0000000000
62312  -20.955  -23.584  82.527 0.0000000000
62260  -19.531  -24.112  85.210 0.0000000000
131761  -22.141  -23.585  84.814 0.0000000000
58455  -22.790  -25.281  84.170 0.0000000000
64451  -27.755  -20.778  62.123 0.0000000000
63475  -30.532  -21.763  64.454 0.0000000000
61530  -29.973  -23.265  68.457 0.0000000000
60510  -28.161  -24.147  71.363 0.0000000000
63336  -30.278  -21.281  75.063 0.0000000000
62406  -28.439  -22.505  74.465 0.0000000000
61434  -26.016  -23.378  74.196 0.0000000000
129112  -23.707  -22.940  76.406 0.0000000000
62352  -22.868  -23.474  79.543 0.0000000000
70672  -58.421  -14.544  46.590 0.0000000000
75413  -57.397  -9.183  43.302 0.0000000000
75394  -57.113  -9.575  45.565 0.0000000000
76382  -53.414  -8.432  42.908 0.0000000000
72622  -53.850  -12.528  46.679 0.0000000000
78960  -50.879  -4.804  45.452 0.0000000000
68632  -54.869  -16.662  47.620 0.0000000000
54262  -1.075  -30.822  76.373 0.0000000000
49943  -1.569  -33.531  75.406 0.0000000000
119417  -0.747  -34.423  76.781 0.0000000000
46912  -2.789  -37.088  78.463 0.0000000000
44984  -1.542  -38.166  82.177 0.0000000000
118919  -27.201  -17.579  77.706 0.0000000000
72324  -29.880  -12.029  79.048 0.0000000000
69250  -26.369  -14.435  79.648 0.0000000000
70252  -24.550  -12.253  83.180 0.0000000000
74002  -21.385  -11.685  86.231 0.0000000000
68207  -14.499  -16.068  86.316 0.0000000000
71218  -17.178  -14.494  85.697 0.0000000000
71266  -18.258  -12.952  83.196 0.0000000000
70299  -16.476  -14.124  78.999 0.0000000000
71379  -14.535  -12.955  74.529 0.0000000000
74130  -11.649  -10.530  72.424 0.0000000000
75082  -8.520  -9.840  72.758 0.0000000000
71393  -9.384  -14.166  74.017 0.0000000000
69304  -6.403  -15.600  76.468 0.0000000000
69273  -2.594  -16.353  78.208 0.0000000000
67208  -2.243  -18.926  82.992 0.0000000000
66160  -2.436  -19.021  80.950 0.0000000000
65209  -2.759  -19.239  78.896 0.0000000000
62361  -2.993  -22.711  78.377 0.0000000000
57462  -1.957  -27.180  77.884 0.0000000000
68442  -50.922  -16.007  60.950 0.0000000000
67420  -49.916  -16.612  61.893 0.0000000000
71526  -48.687  -14.055  62.405 0.0000000000
70552  -46.052  -14.362  59.470 0.0000000000
66347  -46.353  -18.099  64.872 0.0000000000
69477  -45.365  -15.464  61.840 0.0000000000
125495  -43.203  -13.801  56.027 0.0000000000
119490  -40.061  -13.907  52.383 0.0000000000
59591  -44.288  -25.737  69.776 0.0000000000
60586  -43.291  -24.699  66.836 0.0000000000
63503  -41.497  -21.472  62.072 0.0000000000
62597  -37.291  -22.821  61.181 0.0000000000
65449  -37.664  -19.900  59.553 0.0000000000
66444  -38.327  -18.057  57.765 0.0000000000
56337  -5.612  -29.124  77.942 0.0000000000
52129  -6.487  -32.557  79.711 0.0000000000
54214  -8.141  -30.599  80.197 0.0000000000
55194  -7.533  -29.298  84.360 0.0000000000
58399  -6.262  -26.827  88.340 0.0000000000
60394  -9.583  -24.501  85.725 0.0000000000
139506  -7.908  -24.837  89.218 0.0000000000
57310  -7.237  -27.252  89.997 0.0000000000
60376  -18.715  -24.778  86.801 0.0000000000
58427  -16.746  -26.004  86.226 0.0000000000
57341  -14.887  -25.988  84.534 0.0000000000
68315  -29.190  -16.200  74.432 0.0000000000
63485  -26.585  -21.571  62.771 0.0000000000
128752  -26.071  -20.810  64.034 0.0000000000
135140  -27.338  -20.568  65.701 0.0000000000
60565  -22.121  -24.714  66.608 0.0000000000
131176  -24.657  -23.620  66.596 0.0000000000
63436  -28.260  -22.057  67.657 0.0000000000
63413  -28.643  -21.696  70.578 0.0000000000
64317  -27.915  -21.411  72.881 0.0000000000
65253  -27.487  -19.673  75.467 0.0000000000
65232  -23.814  -17.394  75.129 0.0000000000
66204  -18.927  -16.665  77.219 0.0000000000
64209  -15.898  -18.420  79.824 0.0000000000
63318  -12.751  -19.715  76.864 0.0000000000
63273  -14.110  -19.380  79.643 0.0000000000
64174  -11.763  -18.537  82.051 0.0000000000
63258  -6.999  -21.117  80.896 0.0000000000
59509  -5.506  -25.006  80.061 0.0000000000
72511  -50.883  -12.798  56.786 0.0000000000
131394  -48.775  -13.922  50.156 0.0000000000
50973  -5.739  -33.516  84.395 0.0000000000
50955  -3.160  -33.854  87.903 0.0000000000
75994  -26.558  -8.291  77.381 0.0000000000
77819  -15.064  -6.405  78.835 0.0000000000
76011  -6.322  -8.971  75.252 0.0000000000
75037  -4.545  -8.669  76.114 0.0000000000
121565  -3.822  -8.078  75.924 0.0000000000
71405  -1.757  -13.630  73.287 0.0000000000
127134  -3.730  -9.629  73.634 0.0000000000
133668  -3.621  -6.160  75.265 0.0000000000
79574  -4.312  -4.449  73.234 0.0000000000
81311  -4.596  -2.914  71.787 0.0000000000
77899  -4.046  -6.080  68.087 0.0000000000
75174  -3.972  -9.417  65.274 0.0000000000
71477  -3.687  -13.177  64.190 0.0000000000
66324  -1.830  -18.232  66.616 0.0000000000
67367  -3.389  -17.512  65.371 0.0000000000
66349  -5.529  -18.082  65.144 0.0000000000
64401  -8.173  -19.827  65.937 0.0000000000
65207  -34.384  -19.471  79.043 0.0000000000
66158  -32.828  -18.538  80.837 0.0000000000
67485  -52.350  -16.371  58.298 0.0000000000
127248  -51.615  -16.006  59.234 0.0000000000
54196  -3.475  -30.484  80.902 0.0000000000
52118  -3.782  -32.399  80.331 0.0000000000
53204  -4.323  -31.939  79.789 0.0000000000
56295  -4.422  -28.066  80.009 0.0000000000
57366  -3.725  -26.491  82.331 0.0000000000
55213  -3.443  -28.775  81.144 0.0000000000
55207  -2.981  -29.173  81.914 0.0000000000
65446  -27.060  -20.140  59.714 0.0000000000
64485  -27.543  -20.496  58.978 0.0000000000
66428  -25.889  -18.578  58.140 0.0000000000
67494  -25.759  -16.876  57.807 0.0000000000
67475  -25.394  -17.053  58.445 0.0000000000
62309  -18.000  -24.371  82.375 0.0000000000
119265  -17.549  -24.062  84.402 0.0000000000
62285  -18.270  -24.100  84.554 0.0000000000
140350  -25.381  -19.060  59.949 0.0000000000
62341  -19.940  -24.495  80.494 0.0000000000
132697  -19.185  -24.903  78.799 0.0000000000
62323  -18.395  -24.511  81.576 0.0000000000
61344  -17.548  -24.574  81.401 0.0000000000
71786  -58.572  -13.756  43.094 0.0000000000
140602  -58.310  -11.076  41.428 0.0000000000
125168  -58.494  -11.791  43.030 0.0000000000
68664  -57.837  -16.504  44.485 0.0000000000
68675  -58.036  -16.833  43.578 0.0000000000
54286  -0.736  -30.656  73.392 0.0000000000
137522  -1.443  -31.930  73.176 0.0000000000
52187  -1.225  -32.257  73.875 0.0000000000
72333  -30.839  -11.881  77.188 0.0000000000
78682  -31.675  -7.343  76.573 0.0000000000
141227  -31.448  -10.032  77.998 0.0000000000
77868  -10.815  -6.762  74.973 0.0000000000
77831  -10.942  -6.109  76.634 0.0000000000
78687  -9.631  -5.186  76.718 0.0000000000
80394  -9.066  -3.493  79.471 0.0000000000
79555  -7.775  -4.872  78.031 0.0000000000
78661  -6.955  -5.404  79.415 0.0000000000
78685  -7.940  -5.777  76.683 0.0000000000
56388  -2.124  -28.636  75.041 0.0000000000
58538  -2.761  -26.910  74.814 0.0000000000
56402  -1.942  -28.573  73.969 0.0000000000
56417  -1.540  -28.551  73.110 0.0000000000
62422  -36.795  -21.438  72.618 0.0000000000
63382  -38.842  -21.711  72.622 0.0000000000
64306  -38.648  -20.495  73.488 0.0000000000
68324  -35.355  -16.860  72.847 0.0000000000
68330  -35.698  -16.649  71.349 0.0000000000
67311  -34.759  -17.859  71.127 0.0000000000
66295  -34.076  -18.731  69.323 0.0000000000
65313  -33.940  -19.285  70.618 0.0000000000
65169  -25.142  -20.183  83.161 0.0000000000
133671  -24.934  -20.821  84.215 0.0000000000
65157  -25.886  -19.942  84.019 0.0000000000
64345  -32.918  -20.550  70.246 0.0000000000
65304  -33.456  -19.992  71.837 0.0000000000
123822  -27.276  -18.533  81.424 0.0000000000
125797  -27.000  -19.431  79.445 0.0000000000
65189  -26.116  -19.438  81.027 0.0000000000
65187  -25.335  -20.148  81.146 0.0000000000
134651  -55.978  -16.752  51.632 0.0000000000
70653  -57.654  -14.627  50.678 0.0000000000
133241  -57.155  -15.001  51.616 0.0000000000
66565  -53.748  -17.766  51.972 0.0000000000
125530  -0.330  -30.946  81.024 0.0000000000
52126  0.101  -32.265  80.351 0.0000000000
126261  0.165  -32.650  81.071 0.0000000000
47737  -5.074  -36.117  87.331 0.0000000000
129894  -5.338  -36.502  86.035 0.0000000000
65178  -17.179  -17.141  81.692 0.0000000000
66145  -18.709  -16.639  81.999 0.0000000000
65155  -15.165  -17.016  84.421 0.0000000000
71211  -6.928  -14.500  86.266 0.0000000000
121953  -8.798  -15.285  85.118 0.0000000000
119508  -8.346  -15.256  83.939 0.0000000000
71275  -9.982  -15.311  82.017 0.0000000000
120447  -7.209  -14.756  82.588 0.0000000000
126274  -7.121  -14.591  81.823 0.0000000000
71240  -5.501  -15.312  83.924 0.0000000000
56268  -0.917  -28.863  82.292 0.0000000000
121227  -0.489  -26.864  82.044 0.0000000000
56281  -0.759  -28.672  81.245 0.0000000000
127843  -0.831  -28.820  80.408 0.0000000000
63514  -45.413  -22.072  61.992 0.0000000000
65403  -42.311  -19.279  63.145 0.0000000000
66385  -42.351  -17.773  62.629 0.0000000000
67445  -41.458  -17.610  60.755 0.0000000000
68476  -40.740  -16.682  58.307 0.0000000000
67478  -40.284  -17.240  58.751 0.0000000000
64384  -41.446  -20.470  67.370 0.0000000000
63463  -41.773  -21.230  67.189 0.0000000000
64411  -39.977  -21.253  66.183 0.0000000000
59521  -11.138  -26.396  76.549 0.0000000000
58480  -10.076  -26.645  80.449 0.0000000000
131210  -10.263  -25.751  82.134 0.0000000000
58405  -12.769  -25.467  87.589 0.0000000000
59443  -11.569  -25.253  88.511 0.0000000000
58422  -11.411  -26.336  86.463 0.0000000000
69383  -26.543  -15.072  69.274 0.0000000000
68365  -27.553  -16.368  67.341 0.0000000000
59584  -26.890  -24.784  69.952 0.0000000000
59611  -26.725  -25.298  68.378 0.0000000000
59582  -25.139  -25.097  69.978 0.0000000000
62463  -15.024  -22.747  69.861 0.0000000000
63419  -16.652  -21.554  68.754 0.0000000000
64324  -16.106  -19.756  70.292 0.0000000000
65308  -18.909  -18.386  70.277 0.0000000000
64311  -16.060  -19.405  71.332 0.0000000000
64295  -16.772  -18.643  72.753 0.0000000000
63369  -14.586  -20.218  72.030 0.0000000000
60427  -11.844  -24.946  79.072 0.0000000000
124082  -12.021  -23.866  76.718 0.0000000000
61355  -11.856  -24.552  75.858 0.0000000000
134486  -10.722  -26.496  74.793 0.0000000000
128910  -45.460  -13.370  55.952 0.0000000000
119492  -45.456  -13.617  52.754 0.0000000000
56530  -5.837  -28.467  66.467 0.0000000000
56516  -7.306  -28.739  67.003 0.0000000000
55368  -6.879  -28.832  67.751 0.0000000000
57312  -5.486  -27.547  89.424 0.0000000000
74977  -22.575  -10.322  84.010 0.0000000000
74029  -22.931  -10.185  81.270 0.0000000000
75927  -21.085  -9.353  82.015 0.0000000000
80385  -5.269  -3.110  80.393 0.0000000000
130165  -6.344  -1.197  80.796 0.0000000000
81279  -6.267  -2.087  79.493 0.0000000000
140833  -3.151  -15.237  75.169 0.0000000000
124558  -3.727  -14.245  74.511 0.0000000000
70343  -2.671  -14.798  74.576 0.0000000000
69371  -5.093  -15.596  70.171 0.0000000000
70403  -3.547  -13.863  70.175 0.0000000000
71419  -4.199  -13.527  69.138 0.0000000000
73265  -3.400  -11.363  68.620 0.0000000000
72388  -3.762  -12.489  68.047 0.0000000000
72406  -3.320  -12.162  67.118 0.0000000000
69393  -4.438  -14.885  67.923 0.0000000000
58601  -4.225  -27.447  67.626 0.0000000000
60560  -4.866  -25.448  68.361 0.0000000000
58592  -5.047  -26.763  67.307 0.0000000000
58603  -5.843  -26.606  66.348 0.0000000000
72448  -6.959  -12.878  64.692 0.0000000000
71481  -8.372  -13.546  64.382 0.0000000000
70483  -7.267  -14.815  62.626 0.0000000000
63314  -36.025  -20.997  76.886 0.0000000000
130063  -36.817  -19.778  76.190 0.0000000000
65226  -36.425  -19.553  77.094 0.0000000000
69270  -34.965  -16.071  78.829 0.0000000000
69283  -36.074  -15.967  77.686 0.0000000000
70328  -35.486  -15.270  77.311 0.0000000000
70337  -35.481  -15.172  76.274 0.0000000000
69308  -33.944  -15.807  76.728 0.0000000000
66140  -29.215  -18.961  83.003 0.0000000000
64166  -29.197  -19.978  83.617 0.0000000000
64167  -29.895  -19.756  83.016 0.0000000000
137575  -32.969  -17.323  76.336 0.0000000000
68281  -32.789  -15.798  78.098 0.0000000000
67217  -31.363  -18.023  81.989 0.0000000000
69245  -31.284  -16.444  80.914 0.0000000000
68246  -30.088  -17.272  81.984 0.0000000000
68245  -29.418  -17.301  82.014 0.0000000000
137784  -55.449  -16.181  55.008 0.0000000000
68549  -55.021  -16.452  55.709 0.0000000000
72527  -53.839  -13.032  55.937 0.0000000000
71647  -54.456  -13.090  54.447 0.0000000000
70643  -52.593  -14.761  52.580 0.0000000000
71718  -51.796  -14.287  49.983 0.0000000000
70649  -51.444  -14.691  51.471 0.0000000000
53175  -1.129  -30.969  83.327 0.0000000000
123939  -0.598  -32.777  82.775 0.0000000000
50977  -1.624  -33.507  82.462 0.0000000000
48754  -4.219  -35.639  82.105 0.0000000000
47770  -2.973  -36.481  83.047 0.0000000000
48732  -2.983  -36.314  85.104 0.0000000000
47746  -2.353  -36.699  86.654 0.0000000000
48724  -2.918  -35.836  85.970 0.0000000000
64155  -7.499  -19.260  83.225 0.0000000000
122423  -8.547  -18.154  84.458 0.0000000000
64142  -6.454  -19.597  84.305 0.0000000000
60383  -3.807  -23.449  85.451 0.0000000000
62250  -4.461  -21.190  85.999 0.0000000000
62227  -3.631  -21.339  87.171 0.0000000000
65113  -4.026  -19.067  88.076 0.0000000000
64127  -2.759  -20.781  87.566 0.0000000000
122453  -2.454  -20.615  86.944 0.0000000000
125949  -2.440  -23.340  86.383 0.0000000000
54159  -2.216  -29.698  83.591 0.0000000000
57332  -1.922  -27.294  84.932 0.0000000000
55190  -1.618  -29.342  83.825 0.0000000000
54155  -0.859  -29.714  83.009 0.0000000000
56545  -46.016  -27.686  67.286 0.0000000000
58617  -47.004  -26.438  66.169 0.0000000000
60574  -47.026  -24.950  66.982 0.0000000000
62531  -46.000  -22.944  66.098 0.0000000000
61557  -45.369  -23.933  66.715 0.0000000000
63488  -33.729  -21.555  63.514 0.0000000000
62580  -33.769  -22.764  62.508 0.0000000000
62592  -31.991  -22.399  61.042 0.0000000000
65489  -27.905  -19.902  56.201 0.0000000000
63568  -29.728  -21.444  56.804 0.0000000000
123541  -29.179  -19.534  55.431 0.0000000000
69547  -28.645  -15.619  56.622 0.0000000000
61326  -13.798  -24.167  82.430 0.0000000000
61315  -12.638  -23.945  83.538 0.0000000000
61316  -13.467  -23.936  83.396 0.0000000000
62256  -15.996  -22.964  86.841 0.0000000000
62267  -14.562  -23.180  86.285 0.0000000000
125830  -15.383  -22.903  88.073 0.0000000000
128593  -14.850  -23.335  88.891 0.0000000000
60366  -15.646  -24.044  88.154 0.0000000000
67382  -23.919  -17.296  64.677 0.0000000000
125645  -22.125  -23.818  75.117 0.0000000000
62417  -21.505  -23.528  73.916 0.0000000000
62398  -20.642  -24.080  74.797 0.0000000000
61409  -17.569  -25.398  76.340 0.0000000000
61427  -17.688  -24.776  73.914 0.0000000000
61425  -16.410  -25.274  74.572 0.0000000000
60486  -14.718  -24.867  71.955 0.0000000000
60472  -14.006  -25.218  74.620 0.0000000000
59550  -12.191  -25.825  74.199 0.0000000000
61417  -14.812  -25.234  76.136 0.0000000000
61342  -15.742  -24.645  80.977 0.0000000000
61359  -15.024  -24.956  80.204 0.0000000000
121099  -14.728  -24.736  80.897 0.0000000000
61340  -13.171  -24.566  80.208 0.0000000000
69705  -58.599  -15.726  41.324 0.0000000000
54340  -2.807  -29.428  69.967 0.0000000000
54327  -5.092  -29.493  70.883 0.0000000000
54307  -3.542  -30.070  71.281 0.0000000000
52192  -5.606  -31.960  74.373 0.0000000000
53274  -6.335  -31.168  73.360 0.0000000000
73192  -16.948  -11.193  77.974 0.0000000000
74044  -15.486  -10.292  79.533 0.0000000000
132621  -14.145  -10.642  78.326 0.0000000000
133484  -10.443  -6.220  82.110 0.0000000000
76917  -10.835  -7.392  82.298 0.0000000000
78634  -11.009  -5.445  84.348 0.0000000000
79507  -12.427  -3.634  85.863 0.0000000000
121908  -11.482  -2.591  85.942 0.0000000000
81217  -10.635  -1.776  86.069 0.0000000000
81229  -7.491  -2.009  84.733 0.0000000000
123623  -4.957  -1.010  86.642 0.0000000000
132129  -5.658  -6.583  80.980 0.0000000000
79521  -4.865  -5.003  83.370 0.0000000000
77791  -4.947  -6.394  82.006 0.0000000000
79531  -4.459  -4.967  81.408 0.0000000000
75963  -4.387  -7.487  79.892 0.0000000000
63316  -3.467  -20.956  76.854 0.0000000000
65229  -3.575  -19.183  76.269 0.0000000000
129544  -3.739  -21.089  75.932 0.0000000000
61439  -3.394  -23.186  73.378 0.0000000000
63340  -3.967  -21.320  74.194 0.0000000000
63367  -4.089  -21.243  72.414 0.0000000000
65298  -4.836  -19.830  71.794 0.0000000000
63389  -3.769  -21.050  71.497 0.0000000000
64322  -3.185  -20.702  70.718 0.0000000000
62443  -2.571  -22.783  71.644 0.0000000000
119090  -1.269  -27.997  70.838 0.0000000000
59579  -1.821  -25.934  70.462 0.0000000000
123141  -1.757  -28.116  69.660 0.0000000000
57544  -2.370  -27.666  68.897 0.0000000000
77063  -7.324  -7.085  68.354 0.0000000000
76107  -6.111  -8.361  67.490 0.0000000000
142425  -40.276  -26.069  71.612 0.0000000000
59568  -40.057  -24.695  71.942 0.0000000000
63385  -41.502  -21.048  72.687 0.0000000000
63386  -42.128  -21.450  72.246 0.0000000000
64321  -42.717  -19.982  71.701 0.0000000000
65314  -42.838  -19.946  70.469 0.0000000000
138277  -42.342  -18.493  71.047 0.0000000000
67277  -38.846  -16.701  75.173 0.0000000000
138619  -39.974  -17.553  74.168 0.0000000000
69335  -39.731  -16.227  73.948 0.0000000000
68350  -37.644  -16.698  69.759 0.0000000000
69378  -39.591  -15.776  70.829 0.0000000000
67329  -38.142  -17.267  69.176 0.0000000000
67346  -39.542  -17.864  68.682 0.0000000000
66306  -37.194  -18.558  68.482 0.0000000000
65350  -36.228  -19.892  67.217 0.0000000000
66332  -35.252  -19.481  67.310 0.0000000000
67361  -32.249  -19.821  66.595 0.0000000000
66341  -32.882  -19.628  65.830 0.0000000000
66339  -31.006  -19.660  64.979 0.0000000000
66383  -30.513  -20.343  62.656 0.0000000000
64422  -30.560  -19.981  64.264 0.0000000000
62313  -21.837  -23.321  82.690 0.0000000000
140660  -21.303  -23.709  83.871 0.0000000000
62303  -22.622  -22.936  83.696 0.0000000000
59480  -24.523  -24.289  84.582 0.0000000000
60395  -23.639  -24.227  85.018 0.0000000000
64436  -30.038  -20.367  63.817 0.0000000000
64406  -31.657  -20.856  65.681 0.0000000000
62472  -30.987  -22.027  70.271 0.0000000000
62504  -30.585  -22.708  68.966 0.0000000000
61504  -29.740  -22.942  70.218 0.0000000000
60529  -28.856  -23.902  70.108 0.0000000000
61487  -29.104  -23.425  71.417 0.0000000000
65239  -31.363  -19.488  76.228 0.0000000000
65267  -32.030  -20.201  74.754 0.0000000000
64258  -30.242  -20.381  76.220 0.0000000000
63312  -27.124  -21.121  77.048 0.0000000000
63334  -28.654  -21.646  75.564 0.0000000000
62377  -27.082  -22.087  75.834 0.0000000000
61435  -27.174  -23.150  74.204 0.0000000000
62387  -25.714  -22.690  75.645 0.0000000000
62402  -25.103  -22.972  75.196 0.0000000000
63321  -24.993  -22.219  77.079 0.0000000000
63261  -23.774  -21.769  81.518 0.0000000000
63296  -23.495  -22.853  79.200 0.0000000000
141976  -23.128  -22.910  80.725 0.0000000000
62343  -21.675  -23.763  80.747 0.0000000000
70666  -58.323  -14.798  47.332 0.0000000000
72623  -58.424  -12.367  46.388 0.0000000000
72609  -58.296  -12.053  47.326 0.0000000000
74390  -56.437  -10.464  46.885 0.0000000000
73495  -56.140  -10.352  44.865 0.0000000000
74418  -53.659  -10.250  43.576 0.0000000000
73418  -54.982  -11.949  50.978 0.0000000000
73435  -55.618  -11.381  50.616 0.0000000000
72607  -53.276  -12.995  47.218 0.0000000000
78090  -50.178  -6.192  44.548 0.0000000000
67627  -56.212  -16.913  49.062 0.0000000000
136760  -54.773  -17.096  48.461 0.0000000000
67641  -56.354  -16.687  48.416 0.0000000000
120386  -56.874  -16.439  47.420 0.0000000000
55263  -1.264  -30.466  77.227 0.0000000000
52154  -0.495  -32.238  76.293 0.0000000000
126985  -0.253  -32.929  77.452 0.0000000000
46893  -1.182  -36.353  79.498 0.0000000000
47804  -1.150  -35.918  78.452 0.0000000000
45939  -2.960  -37.820  79.279 0.0000000000
45012  -4.675  -38.248  79.176 0.0000000000
45004  -4.363  -38.361  79.948 0.0000000000
47766  -1.009  -36.463  82.184 0.0000000000
132750  -0.914  -36.628  81.756 0.0000000000
45897  -1.357  -38.196  83.091 0.0000000000
45898  -4.926  -37.806  83.466 0.0000000000
66193  -25.212  -16.908  77.456 0.0000000000
68270  -27.145  -16.159  78.845 0.0000000000
136858  -24.953  -15.741  78.556 0.0000000000
68233  -21.592  -14.462  84.283 0.0000000000
69238  -23.926  -13.744  82.181 0.0000000000
69224  -22.803  -13.151  84.930 0.0000000000
71222  -23.729  -12.218  85.134 0.0000000000
70220  -21.435  -13.482  86.377 0.0000000000
66105  -10.358  -17.306  86.690 0.0000000000
66107  -13.826  -17.177  86.067 0.0000000000
67171  -12.072  -16.744  87.179 0.0000000000
71250  -13.443  -15.468  84.381 0.0000000000
71216  -15.084  -15.093  85.369 0.0000000000
71252  -16.329  -14.499  84.744 0.0000000000
72305  -18.031  -13.239  84.488 0.0000000000
136226  -16.747  -14.058  83.191 0.0000000000
71297  -17.245  -13.609  81.407 0.0000000000
70275  -15.866  -14.417  81.000 0.0000000000
137112  -12.031  -14.318  77.926 0.0000000000
134242  -13.568  -14.085  77.539 0.0000000000
120576  -12.957  -13.841  74.780 0.0000000000
73223  -12.791  -11.655  72.920 0.0000000000
71395  -11.439  -13.423  73.784 0.0000000000
72357  -10.515  -12.605  72.609 0.0000000000
141659  -10.344  -14.161  74.793 0.0000000000
135015  -6.619  -14.968  79.335 0.0000000000
70322  -7.357  -15.139  77.773 0.0000000000
69275  -5.401  -15.477  78.232 0.0000000000
69288  -4.544  -15.595  77.409 0.0000000000
137567  -2.933  -16.414  79.557 0.0000000000
128489  -2.107  -20.999  84.555 0.0000000000
66125  -2.321  -19.540  84.511 0.0000000000
126400  -2.085  -20.927  83.916 0.0000000000
125500  -1.841  -23.519  81.480 0.0000000000
126592  -2.221  -21.087  82.155 0.0000000000
64199  -2.341  -20.838  81.203 0.0000000000
135079  -2.583  -19.225  79.666 0.0000000000
135082  -2.458  -21.763  80.135 0.0000000000
64229  -2.683  -20.757  78.642 0.0000000000
61381  -2.328  -23.935  79.679 0.0000000000
56335  -1.224  -28.647  79.478 0.0000000000
58517  -1.606  -26.956  78.779 0.0000000000
56357  -1.573  -28.707  78.102 0.0000000000
56371  -1.781  -29.126  76.907 0.0000000000
67407  -47.842  -16.690  63.553 0.0000000000
69435  -48.820  -15.380  63.453 0.0000000000
70463  -48.108  -14.925  63.904 0.0000000000
71540  -47.296  -14.055  60.701 0.0000000000
126465  -46.726  -14.597  62.059 0.0000000000
63482  -46.448  -21.641  64.195 0.0000000000
124770  -46.359  -19.968  63.868 0.0000000000
65377  -46.112  -19.550  64.502 0.0000000000
69490  -43.653  -16.297  60.639 0.0000000000
68428  -44.358  -16.315  62.694 0.0000000000
69509  -43.855  -15.839  59.631 0.0000000000
70563  -44.794  -14.765  58.499 0.0000000000
70572  -42.990  -14.735  57.089 0.0000000000
71657  -41.526  -13.766  53.623 0.0000000000
71616  -41.408  -14.066  55.263 0.0000000000
135384  -38.071  -14.118  53.168 0.0000000000
143489  -37.949  -13.629  51.221 0.0000000000
58553  -43.546  -26.015  71.928 0.0000000000
56468  -44.050  -27.302  71.043 0.0000000000
136363  -44.133  -25.014  70.909 0.0000000000
61556  -41.771  -23.802  66.973 0.0000000000
61543  -43.122  -24.519  67.969 0.0000000000
60600  -42.317  -24.285  65.823 0.0000000000
133732  -42.331  -23.484  64.082 0.0000000000
61598  -41.295  -23.377  63.180 0.0000000000
120490  -35.237  -22.967  60.649 0.0000000000
61604  -36.655  -23.122  61.833 0.0000000000
63533  -35.424  -21.899  59.329 0.0000000000
65463  -38.048  -19.276  59.143 0.0000000000
57463  -7.236  -28.220  75.907 0.0000000000
54256  -7.640  -30.212  77.176 0.0000000000
55245  -8.810  -29.593  77.354 0.0000000000
57367  -8.444  -27.794  83.645 0.0000000000
56271  -8.216  -28.923  82.703 0.0000000000
119710  -7.997  -27.830  84.390 0.0000000000
57327  -6.918  -28.078  86.037 0.0000000000
58420  -7.458  -26.997  86.185 0.0000000000
61304  -10.888  -23.934  84.850 0.0000000000
60404  -9.901  -24.696  84.789 0.0000000000
61291  -10.021  -23.920  86.033 0.0000000000
59433  -9.374  -25.219  89.606 0.0000000000
61262  -8.827  -23.980  89.090 0.0000000000
60350  -8.536  -24.945  89.847 0.0000000000
134300  -7.512  -25.675  89.941 0.0000000000
139717  -8.072  -27.422  89.056 0.0000000000
56240  -8.264  -28.860  88.712 0.0000000000
61279  -20.076  -24.583  85.765 0.0000000000
61278  -19.428  -24.571  86.063 0.0000000000
59470  -20.132  -25.266  85.984 0.0000000000
57375  -17.482  -25.778  83.217 0.0000000000
57344  -17.760  -25.732  84.720 0.0000000000
57356  -16.273  -25.782  83.814 0.0000000000
58441  -15.420  -25.839  85.308 0.0000000000
57355  -15.392  -26.090  83.810 0.0000000000
70382  -28.391  -14.738  73.198 0.0000000000
71400  -29.289  -13.927  74.705 0.0000000000
68323  -28.339  -16.586  73.224 0.0000000000
62565  -29.255  -22.564  63.383 0.0000000000
64450  -26.752  -20.819  62.175 0.0000000000
131714  -28.029  -22.862  63.276 0.0000000000
60595  -26.776  -24.572  65.812 0.0000000000
62550  -27.282  -22.750  64.228 0.0000000000
62537  -27.061  -22.911  65.178 0.0000000000
121023  -26.859  -20.699  64.909 0.0000000000
62526  -26.950  -22.489  66.080 0.0000000000
61500  -20.692  -23.678  69.897 0.0000000000
60539  -22.345  -24.655  68.945 0.0000000000
61513  -20.331  -23.585  68.748 0.0000000000
63451  -21.329  -21.628  67.400 0.0000000000
125524  -22.110  -22.679  66.621 0.0000000000
62515  -23.882  -23.150  67.655 0.0000000000
62516  -27.114  -22.792  67.582 0.0000000000
62500  -25.688  -23.149  68.833 0.0000000000
140573  -28.650  -21.865  68.963 0.0000000000
62469  -26.236  -22.673  70.201 0.0000000000
63371  -22.816  -21.104  72.416 0.0000000000
63374  -25.518  -21.974  72.591 0.0000000000
63355  -24.264  -21.373  73.377 0.0000000000
64286  -27.503  -20.617  74.363 0.0000000000
64283  -24.596  -20.558  74.657 0.0000000000
125441  -24.904  -19.569  75.740 0.0000000000
65263  -23.135  -18.160  74.058 0.0000000000
64265  -17.153  -18.122  75.462 0.0000000000
66239  -19.237  -16.960  75.328 0.0000000000
65220  -17.496  -17.567  77.417 0.0000000000
66186  -18.127  -16.708  78.909 0.0000000000
65201  -16.530  -18.186  78.777 0.0000000000
141257  -12.330  -22.547  74.916 0.0000000000
140114  -11.575  -20.650  75.447 0.0000000000
63317  -12.088  -20.985  76.801 0.0000000000
63281  -11.861  -21.199  77.923 0.0000000000
63272  -12.897  -19.641  79.437 0.0000000000
118822  -12.668  -19.546  80.176 0.0000000000
119405  -12.904  -18.997  81.264 0.0000000000
64188  -10.844  -18.697  80.532 0.0000000000
64187  -9.014  -19.252  80.808 0.0000000000
64200  -8.500  -19.961  80.158 0.0000000000
59519  -8.234  -26.792  74.998 0.0000000000
60435  -6.338  -24.753  78.537 0.0000000000
59529  -7.049  -26.216  76.362 0.0000000000
57422  -5.439  -26.713  78.974 0.0000000000
75437  -55.161  -8.807  42.017 0.0000000000
71545  -51.124  -14.538  60.927 0.0000000000
128196  -51.757  -13.531  59.502 0.0000000000
72490  -50.333  -12.902  58.771 0.0000000000
71733  -46.472  -13.638  49.629 0.0000000000
71696  -47.909  -13.847  51.600 0.0000000000
71767  -46.678  -12.833  47.949 0.0000000000
121031  -47.205  -12.523  47.346 0.0000000000
55370  -11.089  -29.450  67.508 0.0000000000
54328  -8.198  -29.962  71.049 0.0000000000
55309  -8.816  -29.822  70.421 0.0000000000
53314  -9.850  -31.731  70.845 0.0000000000
49913  -2.813  -34.845  76.565 0.0000000000
49930  -3.516  -33.978  75.987 0.0000000000
125497  -7.087  -31.911  82.409 0.0000000000
52109  -6.631  -32.860  82.119 0.0000000000
53183  -6.518  -32.035  84.216 0.0000000000
53152  -3.960  -31.706  90.161 0.0000000000
118843  -3.957  -32.343  88.156 0.0000000000
50935  -3.870  -33.043  90.138 0.0000000000
48686  -3.913  -34.522  89.730 0.0000000000
129727  -29.369  -10.643  79.918 0.0000000000
77802  -29.878  -8.221  79.576 0.0000000000
76937  -27.989  -8.265  79.750 0.0000000000
123971  -15.077  -8.502  80.626 0.0000000000
128765  -15.901  -7.931  79.863 0.0000000000
77800  -13.715  -6.549  80.288 0.0000000000
120644  -8.392  -0.433  76.712 0.0000000000
82907  -9.008  -0.113  76.227 0.0000000000
82923  -8.451  -0.672  74.483 0.0000000000
73231  -7.570  -11.575  72.520 0.0000000000
75070  -7.063  -9.612  73.708 0.0000000000
73222  -6.564  -10.988  72.857 0.0000000000
120061  -4.159  -10.841  73.443 0.0000000000
75058  -4.822  -9.518  74.592 0.0000000000
137512  -4.144  -9.393  74.453 0.0000000000
134482  -4.176  -8.307  76.514 0.0000000000
75057  -3.879  -9.053  74.909 0.0000000000
68313  -2.637  -15.936  73.352 0.0000000000
70366  -1.765  -14.780  73.322 0.0000000000
69345  -1.689  -14.818  72.946 0.0000000000
120908  -2.968  -11.044  71.884 0.0000000000
138902  -2.924  -11.162  72.535 0.0000000000
76044  -3.606  -9.061  73.461 0.0000000000
77010  -3.612  -8.351  74.108 0.0000000000
121864  -3.557  -7.482  73.796 0.0000000000
78702  -3.993  -5.469  74.811 0.0000000000
77885  -3.697  -6.447  73.182 0.0000000000
77050  -3.111  -6.739  69.250 0.0000000000
78708  -3.517  -4.842  71.198 0.0000000000
79585  -3.315  -3.881  69.982 0.0000000000
81325  -4.681  -1.928  71.368 0.0000000000
80457  -3.598  -3.243  69.771 0.0000000000
80463  -4.135  -2.863  69.269 0.0000000000
78727  -3.386  -6.183  68.015 0.0000000000
126024  -2.658  -11.927  65.128 0.0000000000
75173  -3.501  -9.421  65.404 0.0000000000
73300  -2.910  -12.127  64.679 0.0000000000
73302  -3.857  -11.529  64.886 0.0000000000
71475  -2.882  -13.529  64.349 0.0000000000
65321  -2.134  -19.785  68.530 0.0000000000
67335  -1.960  -18.214  67.781 0.0000000000
135813  -2.211  -20.142  67.628 0.0000000000
136353  -5.038  -21.394  67.909 0.0000000000
65343  -3.604  -19.444  66.316 0.0000000000
65344  -4.634  -19.628  66.422 0.0000000000
136972  -4.758  -17.847  65.283 0.0000000000
65360  -6.221  -19.282  65.722 0.0000000000
65361  -7.091  -19.317  65.470 0.0000000000
123304  -7.609  -20.080  66.485 0.0000000000
59649  -7.351  -26.310  64.509 0.0000000000
61560  -8.688  -23.878  65.848 0.0000000000
59650  -8.069  -25.687  63.994 0.0000000000
65216  -36.022  -19.585  77.481 0.0000000000
65208  -34.951  -19.466  78.527 0.0000000000
129713  -34.875  -17.445  79.034 0.0000000000
69257  -34.249  -15.923  79.564 0.0000000000
65181  -31.310  -19.091  82.166 0.0000000000
64184  -30.965  -19.720  82.131 0.0000000000
69255  -33.116  -15.719  80.113 0.0000000000
68257  -33.149  -16.831  80.738 0.0000000000
66157  -32.276  -18.413  81.460 0.0000000000
67508  -54.041  -16.731  56.834 0.0000000000
67487  -53.376  -16.609  57.610 0.0000000000
71578  -54.136  -13.934  57.656 0.0000000000
72514  -53.488  -12.908  56.632 0.0000000000
132283  -2.719  -31.451  81.993 0.0000000000
52106  -2.255  -32.861  82.221 0.0000000000
52117  -3.186  -32.889  80.862 0.0000000000
49858  -3.980  -34.132  80.425 0.0000000000
131691  -4.865  -35.173  82.576 0.0000000000
130065  -5.277  -23.826  82.062 0.0000000000
131929  -4.889  -22.032  84.066 0.0000000000
60409  -4.450  -24.321  83.200 0.0000000000
59484  -3.887  -24.725  83.719 0.0000000000
58435  -3.307  -25.844  84.838 0.0000000000
58417  -2.560  -25.872  85.703 0.0000000000
56257  -2.839  -27.645  83.421 0.0000000000
55200  -2.680  -29.165  82.660 0.0000000000
56510  -45.429  -28.188  68.273 0.0000000000
64476  -30.839  -21.244  61.138 0.0000000000
63532  -30.324  -22.157  59.640 0.0000000000
64486  -29.116  -21.097  59.576 0.0000000000
64518  -27.499  -20.243  57.056 0.0000000000
67516  -27.090  -17.831  56.261 0.0000000000
69546  -27.810  -15.730  56.785 0.0000000000
61328  -15.458  -24.182  82.462 0.0000000000
62295  -14.881  -23.847  84.098 0.0000000000
62296  -15.866  -23.946  84.086 0.0000000000
62269  -16.821  -23.526  85.456 0.0000000000
130090  -17.163  -23.055  86.928 0.0000000000
137316  -21.585  -24.818  78.086 0.0000000000
62382  -20.223  -24.678  75.572 0.0000000000
61389  -19.794  -25.016  78.150 0.0000000000
61399  -18.635  -25.266  77.225 0.0000000000
138014  -17.415  -25.304  77.835 0.0000000000
126258  -16.181  -25.375  77.503 0.0000000000
120783  -16.939  -25.021  79.198 0.0000000000
61360  -16.372  -24.806  80.611 0.0000000000
71805  -58.520  -13.884  41.465 0.0000000000
69696  -58.537  -16.075  42.291 0.0000000000
120739  -0.784  -29.961  71.591 0.0000000000
124198  -2.969  -30.477  71.663 0.0000000000
53284  -2.034  -31.365  72.242 0.0000000000
52190  -3.809  -31.902  73.898 0.0000000000
52176  -5.101  -32.425  74.898 0.0000000000
75040  -13.592  -9.965  76.452 0.0000000000
75031  -13.404  -9.806  77.934 0.0000000000
76970  -11.774  -7.906  77.500 0.0000000000
77817  -11.010  -6.100  78.915 0.0000000000
80382  -10.296  -3.352  81.815 0.0000000000
81240  -10.113  -2.825  84.754 0.0000000000
81270  -9.564  -2.569  81.891 0.0000000000
81260  -7.877  -2.439  83.181 0.0000000000
80368  -6.580  -3.824  83.922 0.0000000000
80363  -5.981  -3.209  84.376 0.0000000000
79532  -6.627  -5.267  81.900 0.0000000000
78660  -6.277  -6.191  79.852 0.0000000000
122714  -6.088  -7.527  78.050 0.0000000000
60463  -3.288  -24.280  76.186 0.0000000000
61415  -3.468  -23.350  75.834 0.0000000000
140081  -3.429  -24.251  75.231 0.0000000000
132986  -3.227  -25.235  73.769 0.0000000000
59556  -2.894  -25.357  72.957 0.0000000000
60482  -2.315  -24.640  71.680 0.0000000000
58547  -2.055  -27.039  72.518 0.0000000000
57501  -1.351  -27.959  71.608 0.0000000000
61471  -39.974  -23.623  72.034 0.0000000000
140088  -39.252  -22.328  72.276 0.0000000000
63365  -40.136  -21.026  73.145 0.0000000000
139856  -41.501  -19.520  73.185 0.0000000000
71402  -37.715  -15.059  74.010 0.0000000000
71404  -38.604  -14.982  73.490 0.0000000000
69354  -37.185  -15.299  72.280 0.0000000000
138917  -36.279  -16.133  71.155 0.0000000000
122052  -35.340  -17.758  69.369 0.0000000000
67356  -34.440  -18.781  68.186 0.0000000000
67325  -34.432  -18.379  69.197 0.0000000000
66303  -33.447  -19.417  68.389 0.0000000000
65332  -32.489  -20.202  67.161 0.0000000000
63250  -23.670  -21.608  82.942 0.0000000000
63232  -23.397  -22.168  84.181 0.0000000000
64147  -24.240  -21.144  84.077 0.0000000000
62276  -25.031  -22.627  84.938 0.0000000000
64383  -32.432  -20.737  67.028 0.0000000000
64358  -32.692  -20.771  69.385 0.0000000000
63415  -32.291  -21.173  70.117 0.0000000000
63379  -31.469  -21.576  72.590 0.0000000000
124251  -29.160  -19.059  78.175 0.0000000000
64248  -29.140  -20.142  77.095 0.0000000000
65206  -28.341  -19.262  78.544 0.0000000000
64235  -27.146  -20.209  78.204 0.0000000000
64244  -25.906  -20.980  77.977 0.0000000000
63299  -25.153  -21.354  78.343 0.0000000000
64223  -24.944  -21.098  79.899 0.0000000000
64210  -24.227  -21.477  80.949 0.0000000000
68606  -57.453  -15.934  49.431 0.0000000000
71759  -58.241  -13.360  48.718 0.0000000000
71742  -58.066  -13.643  49.577 0.0000000000
73446  -57.278  -11.165  49.577 0.0000000000
73463  -55.876  -11.193  47.492 0.0000000000
72606  -51.665  -13.097  47.022 0.0000000000
73474  -51.350  -11.996  45.960 0.0000000000
76373  -48.717  -8.545  44.448 0.0000000000
67608  -55.015  -17.494  50.102 0.0000000000
54227  -0.680  -30.420  79.514 0.0000000000
142107  -0.026  -32.786  78.013 0.0000000000
53212  -0.019  -31.848  79.449 0.0000000000
49870  0.189  -34.316  79.365 0.0000000000
46887  -1.151  -36.539  80.139 0.0000000000
44939  -2.509  -38.393  85.870 0.0000000000
44956  -2.809  -38.992  84.589 0.0000000000
45881  -3.845  -38.079  85.486 0.0000000000
47755  -5.951  -36.162  85.336 0.0000000000
66175  -20.977  -15.956  79.043 0.0000000000
121719  -22.565  -15.498  79.660 0.0000000000
67219  -20.231  -16.325  81.260 0.0000000000
134580  -20.278  -15.818  82.754 0.0000000000
67194  -19.239  -15.346  85.355 0.0000000000
69186  -8.019  -16.531  86.963 0.0000000000
69207  -10.861  -16.172  86.841 0.0000000000
137813  -9.407  -15.506  85.906 0.0000000000
120750  -11.386  -15.498  84.283 0.0000000000
71278  -12.819  -15.453  82.847 0.0000000000
70273  -13.520  -15.280  81.217 0.0000000000
71294  -11.291  -15.455  81.682 0.0000000000
121335  -10.962  -15.149  80.058 0.0000000000
71332  -10.029  -14.536  78.538 0.0000000000
70311  -9.449  -14.494  77.721 0.0000000000
137271  -8.486  -14.414  80.367 0.0000000000
71303  -6.511  -14.558  80.795 0.0000000000
71286  -4.243  -15.589  81.879 0.0000000000
60399  -1.291  -25.125  83.565 0.0000000000
61311  -1.737  -23.605  83.160 0.0000000000
60413  -0.843  -25.379  82.184 0.0000000000
60433  -0.543  -25.533  81.372 0.0000000000
59517  -0.937  -25.443  80.983 0.0000000000
60450  -1.757  -24.811  80.045 0.0000000000
58499  -1.000  -26.548  80.549 0.0000000000
55242  -1.041  -29.039  79.737 0.0000000000
66401  -46.369  -17.515  61.880 0.0000000000
66387  -46.446  -17.777  62.830 0.0000000000
67406  -47.176  -17.316  63.929 0.0000000000
64414  -45.654  -20.440  64.853 0.0000000000
66345  -45.216  -18.473  65.045 0.0000000000
66359  -43.704  -18.731  64.287 0.0000000000
68439  -43.035  -16.827  61.284 0.0000000000
68478  -42.191  -16.119  58.907 0.0000000000
69552  -41.348  -14.957  56.477 0.0000000000
68497  -41.124  -16.054  57.907 0.0000000000
69566  -39.683  -15.295  55.761 0.0000000000
63416  -43.834  -22.204  70.050 0.0000000000
61507  -43.937  -23.593  70.212 0.0000000000
63439  -43.448  -21.847  68.898 0.0000000000
62530  -41.908  -22.459  67.206 0.0000000000
61585  -40.514  -23.475  65.245 0.0000000000
58490  -9.791  -27.810  75.486 0.0000000000
56297  -9.897  -28.032  77.646 0.0000000000
57424  -9.964  -27.759  77.873 0.0000000000
57386  -9.071  -27.487  82.122 0.0000000000
58461  -8.967  -26.718  83.546 0.0000000000
62219  -11.885  -23.102  89.054 0.0000000000
62228  -10.733  -23.298  88.182 0.0000000000
61247  -11.376  -23.902  90.000 0.0000000000
59442  -10.707  -25.528  88.605 0.0000000000
58403  -10.247  -26.194  88.077 0.0000000000
57360  -20.516  -25.591  83.763 0.0000000000
57346  -19.949  -25.592  84.499 0.0000000000
57377  -19.906  -25.939  82.847 0.0000000000
120336  -18.488  -26.420  82.193 0.0000000000
68346  -28.313  -16.666  69.759 0.0000000000
60567  -28.540  -24.421  67.171 0.0000000000
136947  -28.730  -23.730  65.098 0.0000000000
60566  -27.775  -24.713  66.844 0.0000000000
139849  -26.438  -25.348  66.662 0.0000000000
59637  -25.075  -25.427  65.937 0.0000000000
62477  -18.053  -23.921  69.507 0.0000000000
62496  -18.846  -22.665  68.008 0.0000000000
62495  -18.036  -22.040  68.103 0.0000000000
64365  -19.458  -20.321  67.955 0.0000000000
64367  -21.163  -20.612  68.770 0.0000000000
63422  -23.248  -22.097  70.167 0.0000000000
64341  -21.181  -19.534  69.718 0.0000000000
64327  -21.492  -19.114  70.443 0.0000000000
65289  -21.097  -17.977  72.102 0.0000000000
65261  -21.463  -17.347  73.470 0.0000000000
143481  -19.010  -17.652  72.748 0.0000000000
129377  -16.939  -18.440  73.716 0.0000000000
64263  -15.969  -18.951  75.254 0.0000000000
62340  -13.043  -22.607  78.722 0.0000000000
63292  -12.542  -21.024  78.329 0.0000000000
62338  -12.074  -23.200  78.076 0.0000000000
63269  -12.093  -21.614  76.956 0.0000000000
63268  -10.895  -21.066  76.695 0.0000000000
137506  -8.621  -21.315  77.737 0.0000000000
62335  -9.646  -22.315  75.274 0.0000000000
60437  -9.367  -26.567  74.025 0.0000000000
71587  -48.013  -13.147  58.070 0.0000000000
71622  -48.628  -13.374  55.766 0.0000000000
134953  -47.076  -13.532  54.464 0.0000000000
120434  -45.997  -13.701  51.166 0.0000000000
56565  -7.355  -27.484  64.748 0.0000000000
127987  -8.488  -28.224  65.962 0.0000000000
56518  -9.105  -28.498  67.493 0.0000000000
55350  -10.668  -29.961  68.644 0.0000000000
52218  -9.936  -33.207  71.589 0.0000000000
55182  -6.224  -29.978  85.896 0.0000000000
53166  -5.747  -31.157  86.277 0.0000000000
75924  -26.614  -9.869  81.978 0.0000000000
75969  -26.361  -9.007  79.799 0.0000000000
75012  -24.897  -10.097  80.790 0.0000000000
74058  -22.292  -10.775  79.020 0.0000000000
74067  -19.912  -9.447  78.105 0.0000000000
79530  -12.991  -4.447  82.609 0.0000000000
79534  -13.073  -4.530  81.665 0.0000000000
81286  -7.240  -2.480  76.036 0.0000000000
70369  -6.192  -14.273  73.343 0.0000000000
72345  -5.733  -12.306  72.912 0.0000000000
70368  -5.036  -13.855  73.654 0.0000000000
71388  -3.967  -13.288  73.837 0.0000000000
124696  -3.649  -11.732  73.309 0.0000000000
68326  -3.658  -16.226  72.399 0.0000000000
69358  -2.454  -15.198  72.084 0.0000000000
71414  -2.577  -13.946  71.271 0.0000000000
123679  -2.825  -12.087  70.659 0.0000000000
74150  -3.302  -10.712  71.002 0.0000000000
129758  -3.719  -8.283  71.346 0.0000000000
125077  -3.418  -10.103  70.021 0.0000000000
75112  -3.220  -9.368  69.058 0.0000000000
76087  -2.821  -8.533  68.064 0.0000000000
76104  -2.786  -8.274  66.979 0.0000000000
73272  -2.723  -10.718  66.713 0.0000000000
72420  -2.715  -12.335  66.134 0.0000000000
124177  -2.425  -14.061  65.570 0.0000000000
61520  -3.599  -23.300  68.978 0.0000000000
63428  -3.285  -21.708  68.488 0.0000000000
131534  -4.057  -23.250  68.765 0.0000000000
62492  -5.104  -22.790  68.426 0.0000000000
62493  -6.557  -22.820  68.155 0.0000000000
61524  -7.310  -22.768  67.869 0.0000000000
61533  -7.102  -24.336  67.449 0.0000000000
59633  -6.793  -25.754  65.978 0.0000000000
66375  -8.704  -18.097  63.083 0.0000000000
63337  -35.805  -21.067  75.008 0.0000000000
64291  -37.965  -19.833  73.910 0.0000000000
65256  -37.278  -19.303  75.480 0.0000000000
130815  -38.084  -17.513  75.658 0.0000000000
68297  -37.933  -16.618  76.008 0.0000000000
66200  -36.395  -17.754  77.606 0.0000000000
69297  -37.204  -15.876  76.649 0.0000000000
71358  -37.314  -15.240  75.581 0.0000000000
70349  -36.296  -15.191  75.298 0.0000000000
134158  -35.112  -16.366  74.475 0.0000000000
67289  -34.215  -17.902  73.941 0.0000000000
66137  -26.974  -18.997  83.262 0.0000000000
135292  -26.917  -19.708  84.050 0.0000000000
64151  -28.028  -20.086  84.044 0.0000000000
63244  -28.297  -20.944  83.661 0.0000000000
65281  -33.520  -19.416  73.298 0.0000000000
66245  -33.224  -18.316  75.345 0.0000000000
66234  -32.254  -18.479  76.289 0.0000000000
66197  -30.987  -17.766  77.742 0.0000000000
68273  -31.753  -15.901  79.235 0.0000000000
67256  -30.843  -17.302  78.339 0.0000000000
66181  -29.815  -17.743  78.929 0.0000000000
66168  -28.863  -17.752  80.086 0.0000000000
66156  -27.930  -17.949  81.442 0.0000000000
66529  -54.554  -17.349  53.706 0.0000000000
68577  -56.322  -15.807  52.917 0.0000000000
69590  -56.105  -15.704  53.789 0.0000000000
71665  -56.215  -13.506  53.551 0.0000000000
72559  -55.193  -12.567  52.723 0.0000000000
71607  -55.230  -14.186  55.917 0.0000000000
71664  -54.688  -12.984  53.511 0.0000000000
141157  -53.530  -13.763  50.168 0.0000000000
71757  -51.958  -13.833  48.416 0.0000000000
73472  -49.439  -11.914  46.339 0.0000000000
74396  -47.366  -10.175  45.255 0.0000000000
54181  -0.664  -30.198  82.758 0.0000000000
52105  0.008  -32.660  82.563 0.0000000000
52097  -0.223  -32.508  82.824 0.0000000000
142723  -0.983  -35.034  82.114 0.0000000000
47767  -1.319  -36.727  82.692 0.0000000000
49832  -1.937  -34.786  82.096 0.0000000000
47774  -2.187  -36.484  82.811 0.0000000000
47760  -1.809  -37.574  84.576 0.0000000000
46840  -2.213  -37.655  86.608 0.0000000000
46832  -3.284  -37.167  87.275 0.0000000000
47728  -4.862  -35.776  87.985 0.0000000000
64144  -12.042  -18.359  83.675 0.0000000000
118960  -13.384  -17.778  84.440 0.0000000000
65149  -10.736  -17.756  84.705 0.0000000000
121030  -9.694  -17.516  85.548 0.0000000000
65125  -7.754  -17.767  86.275 0.0000000000
135980  -5.158  -20.579  85.201 0.0000000000
64134  -5.805  -19.248  86.358 0.0000000000
66095  -6.775  -17.763  87.032 0.0000000000
67157  -5.794  -17.365  88.240 0.0000000000
69182  -4.720  -16.815  87.240 0.0000000000
69217  -4.200  -16.622  86.154 0.0000000000
69221  -3.860  -16.533  85.472 0.0000000000
68212  -2.919  -18.244  86.631 0.0000000000
142423  -2.332  -20.953  85.875 0.0000000000
132117  -2.218  -22.880  85.194 0.0000000000
59461  -2.037  -25.375  85.897 0.0000000000
125884  -1.763  -25.186  85.236 0.0000000000
59481  -1.227  -25.488  84.011 0.0000000000
57348  -1.321  -27.464  83.599 0.0000000000
56262  -1.116  -28.900  82.849 0.0000000000
60610  -45.955  -24.288  63.918 0.0000000000
61589  -46.745  -23.502  64.849 0.0000000000
57594  -45.361  -27.292  64.934 0.0000000000
122374  -47.044  -24.917  65.290 0.0000000000
62533  -46.708  -23.081  65.614 0.0000000000
63470  -45.321  -21.016  64.946 0.0000000000
63480  -44.125  -21.398  64.265 0.0000000000
142470  -42.958  -20.822  63.202 0.0000000000
64408  -37.709  -21.287  65.793 0.0000000000
64427  -38.107  -21.645  65.343 0.0000000000
63491  -36.362  -22.204  64.080 0.0000000000
133646  -34.463  -23.143  61.952 0.0000000000
62626  -33.836  -22.965  59.872 0.0000000000
62623  -30.928  -22.510  59.158 0.0000000000
62646  -31.731  -22.217  58.017 0.0000000000
63571  -32.536  -21.368  57.184 0.0000000000
61337  -11.722  -24.873  81.742 0.0000000000
60416  -10.984  -25.127  82.284 0.0000000000
61324  -11.550  -24.408  83.014 0.0000000000
61305  -11.608  -23.838  84.578 0.0000000000
62265  -11.932  -23.490  86.009 0.0000000000
62281  -13.685  -23.601  84.873 0.0000000000
142377  -13.543  -23.254  86.310 0.0000000000
62243  -12.633  -22.937  87.748 0.0000000000
62220  -12.991  -23.143  89.030 0.0000000000
59438  -13.822  -24.349  88.306 0.0000000000
121274  -14.001  -25.678  86.899 0.0000000000
68377  -25.772  -16.865  65.771 0.0000000000
61462  -24.349  -23.859  72.788 0.0000000000
120754  -23.955  -24.741  70.581 0.0000000000
60488  -23.146  -23.976  71.914 0.0000000000
61484  -21.524  -23.647  71.534 0.0000000000
62448  -19.695  -23.826  71.579 0.0000000000
61429  -19.232  -24.229  74.318 0.0000000000
61457  -18.650  -24.118  72.637 0.0000000000
61481  -17.603  -24.190  71.208 0.0000000000
60504  -15.991  -24.476  71.180 0.0000000000
60520  -14.447  -24.313  70.816 0.0000000000
61479  -12.883  -23.859  71.198 0.0000000000
62425  -12.338  -22.313  71.904 0.0000000000
61440  -10.642  -24.650  72.962 0.0000000000
61416  -12.264  -24.067  72.894 0.0000000000
133262  -12.347  -23.776  77.951 0.0000000000
61396  -15.544  -25.172  78.345 0.0000000000
61384  -13.988  -24.626  78.819 0.0000000000
61383  -12.580  -24.177  78.762 0.0000000000
61358  -13.052  -24.172  79.281 0.0000000000
61339  -12.989  -24.319  80.181 0.0000000000
135305  -42.036  -14.035  50.650 0.0000000000
119148  -4.247  -28.550  68.350 0.0000000000
55347  -6.298  -28.786  68.683 0.0000000000
55324  -5.390  -28.795  69.354 0.0000000000
55307  -6.450  -29.266  70.616 0.0000000000
54311  -7.581  -30.229  71.650 0.0000000000
54296  -5.279  -30.252  72.252 0.0000000000
53289  -7.056  -31.021  72.888 0.0000000000
53301  -8.697  -31.621  72.130 0.0000000000
119346  -7.586  -28.813  90.841 0.0000000000
73186  -19.604  -10.504  81.166 0.0000000000
74027  -19.206  -9.110  81.296 0.0000000000
119002  -17.993  -9.490  80.420 0.0000000000
75006  -15.390  -9.554  80.555 0.0000000000
75936  -13.228  -8.678  81.606 0.0000000000
75965  -12.827  -9.284  79.967 0.0000000000
75934  -12.077  -8.454  82.160 0.0000000000
77784  -12.045  -6.989  83.760 0.0000000000
79520  -12.725  -4.479  85.083 0.0000000000
124447  -9.907  -0.599  86.698 0.0000000000
80362  -5.193  -3.055  84.608 0.0000000000
81243  -4.629  -2.182  84.257 0.0000000000
81259  -4.670  -2.810  81.681 0.0000000000
80384  -4.676  -3.734  81.091 0.0000000000
79539  -4.802  -4.789  79.634 0.0000000000
128304  -2.805  -17.729  76.602 0.0000000000
68299  -2.746  -16.294  75.389 0.0000000000
67279  -3.076  -17.595  75.585 0.0000000000
66249  -3.633  -17.908  75.005 0.0000000000
67287  -3.641  -17.512  74.327 0.0000000000
64275  -3.911  -20.969  75.004 0.0000000000
65259  -4.314  -19.352  74.544 0.0000000000
67300  -3.992  -17.209  73.365 0.0000000000
67301  -4.957  -18.083  72.539 0.0000000000
66279  -5.316  -18.235  71.397 0.0000000000
67315  -5.192  -17.794  70.046 0.0000000000
68356  -4.428  -16.644  68.596 0.0000000000
66291  -3.686  -18.778  69.596 0.0000000000
64349  -2.428  -20.471  69.665 0.0000000000
138693  -2.566  -22.175  69.410 0.0000000000
118997  -2.119  -24.101  70.837 0.0000000000
60518  -2.280  -24.529  70.040 0.0000000000
61519  -3.263  -23.552  69.213 0.0000000000
59605  -3.170  -25.427  69.081 0.0000000000
57546  -3.269  -27.782  67.989 0.0000000000
73295  -6.902  -11.840  66.016 0.0000000000
73294  -6.012  -11.473  65.610 0.0000000000
58550  -41.694  -26.299  72.024 0.0000000000
60499  -42.715  -24.964  72.394 0.0000000000
61472  -41.471  -23.570  72.349 0.0000000000
129755  -42.582  -23.452  72.186 0.0000000000
62460  -43.477  -22.233  71.231 0.0000000000
64346  -43.102  -20.652  69.938 0.0000000000
65329  -42.429  -20.141  69.363 0.0000000000
66323  -41.134  -19.227  68.193 0.0000000000
65270  -39.295  -19.270  74.068 0.0000000000
66271  -40.668  -18.545  73.730 0.0000000000
67299  -41.689  -17.805  72.343 0.0000000000
70388  -40.039  -15.757  72.478 0.0000000000
69369  -40.885  -16.491  71.752 0.0000000000
67313  -41.717  -17.505  71.210 0.0000000000
67333  -41.453  -17.845  69.682 0.0000000000
66309  -40.029  -18.546  68.283 0.0000000000
65335  -38.840  -19.910  67.342 0.0000000000
65371  -37.456  -20.767  66.449 0.0000000000
65388  -35.279  -20.938  65.507 0.0000000000
64439  -33.448  -20.640  63.845 0.0000000000
66330  -33.943  -19.475  66.961 0.0000000000
66357  -33.272  -19.767  65.259 0.0000000000
64453  -31.579  -20.425  62.583 0.0000000000
65429  -30.808  -20.419  62.299 0.0000000000
65427  -29.125  -20.371  61.318 0.0000000000
66409  -27.532  -20.076  60.665 0.0000000000
140186  -20.362  -24.135  82.611 0.0000000000
62300  -19.759  -24.135  83.899 0.0000000000
135235  -20.593  -23.966  83.888 0.0000000000
62274  -21.420  -23.865  84.619 0.0000000000
60388  -21.856  -24.572  85.356 0.0000000000
62275  -22.898  -23.188  84.787 0.0000000000
60389  -22.732  -24.366  85.168 0.0000000000
58448  -22.346  -25.366  84.897 0.0000000000
57379  -21.756  -25.730  82.679 0.0000000000
66394  -26.646  -19.644  60.557 0.0000000000
65412  -28.328  -20.311  61.867 0.0000000000
63487  -29.448  -21.693  63.252 0.0000000000
62552  -30.270  -22.522  64.379 0.0000000000
62528  -31.554  -22.098  66.730 0.0000000000
62527  -30.879  -22.689  67.112 0.0000000000
61553  -29.654  -23.662  67.029 0.0000000000
60554  -28.536  -24.306  68.643 0.0000000000
60528  -28.265  -24.257  70.414 0.0000000000
60508  -26.502  -24.370  71.600 0.0000000000
65280  -32.957  -19.921  73.745 0.0000000000
64288  -31.816  -20.875  74.091 0.0000000000
63359  -30.494  -21.834  73.749 0.0000000000
63327  -29.844  -20.929  75.789 0.0000000000
63345  -29.636  -21.814  74.650 0.0000000000
62419  -29.320  -22.584  73.531 0.0000000000
133835  -28.258  -23.269  73.282 0.0000000000
61465  -27.366  -23.802  72.653 0.0000000000
60491  -25.739  -23.981  72.563 0.0000000000
61448  -24.743  -23.636  73.534 0.0000000000
62385  -23.311  -23.250  75.641 0.0000000000
62373  -22.880  -24.140  76.430 0.0000000000
63308  -24.040  -22.451  78.208 0.0000000000
63307  -23.617  -23.036  78.465 0.0000000000
62365  -22.399  -24.501  77.765 0.0000000000
62350  -21.370  -24.386  79.088 0.0000000000
62326  -21.047  -23.986  81.365 0.0000000000
135374  -58.472  -14.362  45.419 0.0000000000
73496  -58.444  -11.315  43.918 0.0000000000
72626  -58.414  -12.208  45.435 0.0000000000
127020  -57.002  -9.121  44.188 0.0000000000
75423  -54.741  -9.284  42.482 0.0000000000
74392  -57.146  -10.183  46.780 0.0000000000
131195  -56.236  -10.023  44.003 0.0000000000
77272  -53.202  -7.260  42.701 0.0000000000
78966  -53.001  -5.051  43.830 0.0000000000
73421  -56.795  -11.999  51.120 0.0000000000
134951  -55.681  -11.242  49.081 0.0000000000
73488  -53.707  -11.728  45.302 0.0000000000
74400  -51.225  -10.954  44.899 0.0000000000
75401  -51.472  -9.676  44.064 0.0000000000
77270  -51.402  -7.571  43.666 0.0000000000
133891  -54.806  -16.353  46.871 0.0000000000
54270  -1.192  -30.508  75.748 0.0000000000
52173  -0.962  -32.531  74.604 0.0000000000
52163  -0.593  -32.278  75.548 0.0000000000
49927  -0.968  -33.961  76.205 0.0000000000
48803  -2.218  -35.530  77.024 0.0000000000
49897  -0.399  -34.562  77.795 0.0000000000
47811  -1.240  -35.653  77.720 0.0000000000
46913  -3.845  -36.862  77.997 0.0000000000
120151  -5.686  -38.202  78.289 0.0000000000
136025  -0.005  -34.143  81.504 0.0000000000
47780  -0.781  -36.204  81.204 0.0000000000
44994  -2.074  -38.393  81.122 0.0000000000
119701  -2.753  -38.816  83.125 0.0000000000
44987  -3.487  -38.587  81.910 0.0000000000
44996  -3.680  -38.491  81.141 0.0000000000
67265  -29.372  -17.040  77.382 0.0000000000
71338  -30.455  -13.063  78.116 0.0000000000
69277  -28.934  -15.660  78.739 0.0000000000
70279  -28.256  -13.328  79.503 0.0000000000
71299  -28.110  -12.477  80.180 0.0000000000
68251  -24.588  -14.479  80.423 0.0000000000
70268  -26.008  -13.233  80.967 0.0000000000
139175  -26.284  -11.466  81.815 0.0000000000
133749  -25.147  -11.019  83.988 0.0000000000
74015  -23.749  -10.717  85.120 0.0000000000
74967  -21.676  -10.873  84.843 0.0000000000
66122  -14.693  -16.885  85.357 0.0000000000
67185  -16.249  -16.118  85.694 0.0000000000
68217  -18.301  -15.190  86.113 0.0000000000
69210  -13.173  -15.965  86.795 0.0000000000
70215  -16.905  -15.061  86.200 0.0000000000
70201  -18.985  -14.027  86.966 0.0000000000
120383  -19.353  -12.924  86.502 0.0000000000
73171  -19.417  -12.267  85.200 0.0000000000
73175  -19.998  -11.520  83.652 0.0000000000
138447  -19.383  -12.273  81.140 0.0000000000
72322  -17.965  -12.764  79.051 0.0000000000
138100  -16.622  -12.798  77.010 0.0000000000
70297  -14.711  -14.369  78.815 0.0000000000
130414  -15.572  -13.674  77.045 0.0000000000
119928  -15.137  -11.879  75.524 0.0000000000
74095  -13.437  -10.335  74.519 0.0000000000
75074  -12.215  -9.515  73.248 0.0000000000
76034  -10.392  -8.213  73.045 0.0000000000
124664  -8.485  -8.084  73.789 0.0000000000
75083  -9.538  -9.701  72.551 0.0000000000
73233  -9.442  -11.660  72.388 0.0000000000
71408  -8.347  -13.274  72.543 0.0000000000
70346  -9.306  -14.590  75.753 0.0000000000
70360  -8.325  -14.864  74.531 0.0000000000
70358  -6.685  -14.973  73.794 0.0000000000
69316  -5.010  -15.344  75.348 0.0000000000
69302  -4.192  -15.583  76.317 0.0000000000
69299  -2.516  -16.232  76.882 0.0000000000
133113  -3.295  -16.731  84.300 0.0000000000
69231  -3.000  -16.984  83.473 0.0000000000
131271  -2.798  -17.076  81.804 0.0000000000
64169  -2.006  -20.900  83.271 0.0000000000
135462  -2.198  -19.297  82.303 0.0000000000
69248  -2.507  -17.451  80.817 0.0000000000
68268  -2.498  -17.552  79.618 0.0000000000
67249  -2.532  -17.757  78.507 0.0000000000
67261  -2.457  -17.432  77.816 0.0000000000
65217  -2.945  -19.294  78.237 0.0000000000
63302  -3.072  -21.224  78.032 0.0000000000
62362  -3.297  -22.607  77.583 0.0000000000
60451  -2.261  -24.741  79.238 0.0000000000
60456  -2.564  -24.649  78.262 0.0000000000
59541  -2.751  -24.947  77.495 0.0000000000
58525  -2.498  -26.684  76.644 0.0000000000
124786  -1.891  -29.099  75.839 0.0000000000
67452  -50.926  -16.178  60.147 0.0000000000
67450  -49.694  -16.652  60.788 0.0000000000
68441  -50.451  -16.346  61.442 0.0000000000
70499  -50.512  -14.843  61.983 0.0000000000
67418  -48.047  -16.710  62.686 0.0000000000
69450  -49.509  -15.375  62.880 0.0000000000
71543  -49.424  -14.086  61.176 0.0000000000
71567  -47.611  -13.682  59.348 0.0000000000
71575  -46.493  -13.597  58.244 0.0000000000
119581  -44.671  -13.525  56.105 0.0000000000
127890  -45.956  -21.279  62.757 0.0000000000
65405  -46.529  -19.125  63.770 0.0000000000
68385  -46.835  -16.983  65.063 0.0000000000
68397  -44.983  -16.753  64.563 0.0000000000
68415  -45.456  -16.144  64.269 0.0000000000
141364  -46.054  -14.969  62.309 0.0000000000
135221  -45.531  -14.837  59.591 0.0000000000
140434  -44.792  -13.984  57.480 0.0000000000
71617  -43.453  -13.581  55.344 0.0000000000
119496  -41.753  -13.825  52.817 0.0000000000
71694  -40.280  -13.888  51.223 0.0000000000
72579  -38.793  -12.301  49.323 0.0000000000
71679  -39.512  -14.051  53.237 0.0000000000
142782  -38.427  -13.250  50.228 0.0000000000
138118  -43.027  -28.791  70.162 0.0000000000
138124  -44.708  -28.002  69.579 0.0000000000
59603  -45.486  -26.348  68.382 0.0000000000
61518  -43.893  -24.199  69.949 0.0000000000
122755  -44.444  -25.524  68.803 0.0000000000
60558  -45.059  -25.449  68.109 0.0000000000
60602  -43.804  -24.200  66.365 0.0000000000
62573  -43.181  -22.244  63.469 0.0000000000
64456  -41.204  -20.465  62.144 0.0000000000
62553  -37.916  -22.582  64.340 0.0000000000
61595  -38.383  -23.161  63.744 0.0000000000
61606  -39.288  -23.319  62.447 0.0000000000
64488  -35.831  -21.218  59.016 0.0000000000
63524  -37.534  -21.590  60.329 0.0000000000
62599  -39.735  -22.275  61.399 0.0000000000
64467  -39.191  -20.667  61.033 0.0000000000
65430  -39.806  -20.006  61.243 0.0000000000
66411  -39.822  -18.696  60.425 0.0000000000
135437  -38.923  -17.691  57.911 0.0000000000
55234  -5.200  -30.062  78.506 0.0000000000
121178  -5.661  -31.752  78.920 0.0000000000
53224  -5.948  -30.707  78.032 0.0000000000
53206  -7.546  -31.542  79.729 0.0000000000
53187  -7.628  -31.189  82.008 0.0000000000
55216  -8.844  -29.137  80.344 0.0000000000
55208  -8.040  -29.725  82.064 0.0000000000
55193  -7.102  -29.823  84.631 0.0000000000
56246  -6.604  -28.627  86.336 0.0000000000
57319  -5.993  -27.678  87.820 0.0000000000
58395  -6.022  -27.042  89.660 0.0000000000
60410  -10.260  -25.199  83.280 0.0000000000
59487  -9.608  -25.365  84.195 0.0000000000
59477  -8.692  -25.505  85.731 0.0000000000
61281  -9.158  -24.064  87.264 0.0000000000
123112  -8.601  -24.702  87.144 0.0000000000
123262  -8.132  -25.701  86.372 0.0000000000
59453  -7.172  -25.678  88.139 0.0000000000
59426  -6.891  -26.135  89.919 0.0000000000
58388  -6.999  -27.036  90.126 0.0000000000
56233  -8.640  -29.247  89.809 0.0000000000
121383  -18.938  -24.011  85.395 0.0000000000
62249  -18.032  -23.716  86.307 0.0000000000
61266  -17.420  -23.741  87.204 0.0000000000
58430  -19.320  -25.874  85.958 0.0000000000
58414  -17.937  -25.290  87.020 0.0000000000
59457  -17.122  -25.095  87.502 0.0000000000
58412  -15.593  -25.494  87.197 0.0000000000
58425  -14.586  -25.807  86.368 0.0000000000
58439  -13.372  -26.188  85.349 0.0000000000
74091  -30.727  -10.387  76.020 0.0000000000
71367  -30.180  -13.262  75.810 0.0000000000
69319  -30.172  -15.560  75.411 0.0000000000
65424  -26.212  -19.755  60.973 0.0000000000
65423  -25.223  -20.047  61.356 0.0000000000
65409  -23.962  -19.670  62.946 0.0000000000
61593  -27.918  -22.964  63.906 0.0000000000
63473  -26.463  -21.627  63.409 0.0000000000
65383  -24.155  -19.335  64.003 0.0000000000
65385  -25.672  -19.243  65.057 0.0000000000
65364  -26.668  -19.304  65.482 0.0000000000
66338  -27.148  -18.682  65.938 0.0000000000
59594  -23.968  -25.400  68.958 0.0000000000
123951  -23.543  -25.535  66.656 0.0000000000
59643  -23.600  -24.818  65.288 0.0000000000
61536  -20.867  -23.541  66.920 0.0000000000
121800  -22.813  -23.804  64.852 0.0000000000
61564  -24.496  -24.307  65.637 0.0000000000
62525  -26.822  -23.110  66.714 0.0000000000
64394  -28.140  -21.056  66.601 0.0000000000
65347  -28.142  -19.193  67.076 0.0000000000
66301  -27.917  -18.855  68.361 0.0000000000
124381  -27.852  -19.020  68.983 0.0000000000
65311  -28.643  -19.137  70.894 0.0000000000
62451  -26.248  -22.470  71.039 0.0000000000
63400  -28.630  -21.514  71.447 0.0000000000
65302  -28.977  -19.165  71.801 0.0000000000
65278  -29.123  -19.229  73.376 0.0000000000
66255  -29.190  -18.329  74.420 0.0000000000
124936  -29.643  -17.740  76.008 0.0000000000
66230  -27.390  -18.716  76.597 0.0000000000
66227  -25.359  -18.216  76.660 0.0000000000
127993  -23.209  -16.640  76.660 0.0000000000
65246  -21.436  -17.011  74.266 0.0000000000
119418  -20.467  -16.603  76.009 0.0000000000
66189  -21.051  -15.899  77.903 0.0000000000
138974  -19.440  -16.568  79.419 0.0000000000
65194  -17.549  -17.033  80.116 0.0000000000
65176  -15.216  -17.858  81.859 0.0000000000
62397  -12.288  -20.839  73.703 0.0000000000
63343  -14.218  -19.705  75.049 0.0000000000
63320  -15.293  -19.378  76.776 0.0000000000
63293  -12.355  -19.921  78.339 0.0000000000
63294  -13.943  -19.549  78.665 0.0000000000
124652  -15.449  -19.219  78.060 0.0000000000
64208  -15.238  -18.937  80.210 0.0000000000
64193  -14.608  -19.004  80.995 0.0000000000
64159  -13.026  -18.446  82.867 0.0000000000
64156  -9.979  -18.492  82.549 0.0000000000
64171  -7.497  -19.524  82.250 0.0000000000
142215  -6.583  -20.940  81.729 0.0000000000
63266  -7.679  -21.293  79.628 0.0000000000
61336  -6.288  -22.736  80.671 0.0000000000
60415  -5.675  -23.316  81.358 0.0000000000
58478  -5.182  -25.618  80.420 0.0000000000
56296  -5.134  -27.613  78.996 0.0000000000
69494  -52.513  -15.229  59.729 0.0000000000
72492  -52.518  -12.972  58.695 0.0000000000
71625  -51.476  -13.275  55.453 0.0000000000
122706  -49.445  -13.309  55.715 0.0000000000
71660  -49.526  -13.920  53.133 0.0000000000
70640  -49.989  -14.433  51.848 0.0000000000
71754  -48.891  -13.519  48.710 0.0000000000
73481  -46.981  -10.931  45.716 0.0000000000
123058  -7.793  -28.920  69.599 0.0000000000
55329  -10.127  -29.803  69.272 0.0000000000
51068  -1.994  -33.229  74.898 0.0000000000
51048  -4.120  -33.362  75.614 0.0000000000
51005  -5.997  -33.197  80.060 0.0000000000
50984  -5.792  -34.055  82.504 0.0000000000
50978  -5.317  -34.273  83.971 0.0000000000
52091  -5.794  -32.428  85.588 0.0000000000
50965  -4.552  -33.423  86.446 0.0000000000
49791  -3.622  -34.641  86.472 0.0000000000
119980  -3.081  -35.098  87.962 0.0000000000
47719  -4.218  -35.590  88.718 0.0000000000
48697  -6.552  -34.253  88.609 0.0000000000
75972  -31.472  -8.730  78.771 0.0000000000
76987  -28.429  -7.382  76.597 0.0000000000
75027  -25.521  -9.309  78.058 0.0000000000
75954  -19.190  -8.481  80.847 0.0000000000
76962  -18.458  -7.921  78.636 0.0000000000
76972  -17.354  -7.517  77.494 0.0000000000
79544  -13.512  -4.755  79.972 0.0000000000
125914  -14.404  -4.838  78.325 0.0000000000
76991  -7.548  -7.669  75.129 0.0000000000
76012  -6.921  -8.224  75.433 0.0000000000
75988  -5.772  -8.174  77.425 0.0000000000
74109  -5.628  -10.499  73.479 0.0000000000
75047  -5.366  -9.265  75.335 0.0000000000
75987  -5.057  -8.529  77.766 0.0000000000
75985  -4.131  -8.076  78.201 0.0000000000
77827  -3.802  -6.943  77.803 0.0000000000
78673  -4.113  -5.856  77.289 0.0000000000
70354  -2.064  -14.326  74.188 0.0000000000
137633  -2.093  -13.653  74.038 0.0000000000
73219  -3.430  -11.517  73.218 0.0000000000
126894  -1.810  -13.595  72.458 0.0000000000
73230  -3.227  -11.380  73.127 0.0000000000
74106  -3.652  -10.572  73.335 0.0000000000
76020  -3.742  -8.818  74.871 0.0000000000
134027  -3.479  -6.903  75.521 0.0000000000
128734  -4.536  -5.229  76.850 0.0000000000
79562  -5.204  -4.686  76.380 0.0000000000
80416  -5.829  -4.039  74.851 0.0000000000
80417  -6.265  -3.371  74.279 0.0000000000
78706  -3.739  -5.295  72.467 0.0000000000
139376  -4.580  -3.722  72.518 0.0000000000
81301  -6.542  -2.597  73.430 0.0000000000
81314  -7.033  -1.942  72.831 0.0000000000
140717  -4.693  -2.932  69.024 0.0000000000
77900  -5.002  -6.015  68.228 0.0000000000
77070  -3.299  -7.347  67.211 0.0000000000
76105  -4.410  -8.126  66.800 0.0000000000
76106  -5.185  -8.264  67.144 0.0000000000
75160  -4.914  -9.337  66.208 0.0000000000
73303  -4.588  -11.731  64.894 0.0000000000
71495  -4.855  -13.800  63.752 0.0000000000
68362  -2.696  -16.479  67.480 0.0000000000
68361  -1.795  -16.608  66.852 0.0000000000
68373  -1.842  -16.337  65.880 0.0000000000
64387  -2.531  -19.818  66.816 0.0000000000
66334  -2.511  -18.284  65.803 0.0000000000
69422  -2.393  -15.565  65.138 0.0000000000
68387  -3.545  -15.918  64.777 0.0000000000
68403  -4.370  -15.768  64.474 0.0000000000
143166  -5.862  -15.436  63.622 0.0000000000
67381  -6.837  -17.968  64.370 0.0000000000
65380  -8.469  -19.168  64.809 0.0000000000
62521  -8.791  -22.476  66.710 0.0000000000
55224  -3.787  -29.780  80.379 0.0000000000
54212  -4.123  -30.923  80.154 0.0000000000
54228  -4.580  -31.330  79.438 0.0000000000
55214  -3.944  -28.780  80.232 0.0000000000
56282  -3.817  -28.125  80.730 0.0000000000
66418  -26.512  -19.663  59.858 0.0000000000
65445  -26.445  -19.664  59.219 0.0000000000
66417  -25.876  -19.189  59.080 0.0000000000
123517  -25.505  -18.133  58.637 0.0000000000
119514  -18.595  -24.291  83.114 0.0000000000
130636  -18.020  -24.279  83.091 0.0000000000
67458  -25.144  -17.690  59.123 0.0000000000
66406  -25.478  -18.832  59.391 0.0000000000
62324  -19.259  -24.487  81.248 0.0000000000
70708  -58.513  -14.377  43.966 0.0000000000
72631  -58.536  -12.733  43.026 0.0000000000
141233  -58.494  -12.201  43.716 0.0000000000
121216  -58.169  -16.036  45.075 0.0000000000
142691  -58.332  -15.831  44.555 0.0000000000
128955  -58.426  -15.493  43.997 0.0000000000
53268  -0.755  -31.337  73.431 0.0000000000
52186  -0.750  -31.952  74.047 0.0000000000
123209  -30.734  -13.363  76.762 0.0000000000
72331  -30.960  -11.220  77.663 0.0000000000
138492  -30.781  -13.262  77.221 0.0000000000
77867  -10.142  -6.666  74.577 0.0000000000
78688  -10.176  -5.775  76.021 0.0000000000
78695  -9.260  -5.642  75.883 0.0000000000
79563  -8.963  -4.826  76.910 0.0000000000
78686  -8.748  -5.279  76.414 0.0000000000
77842  -8.335  -5.966  75.928 0.0000000000
56387  -1.650  -29.464  75.086 0.0000000000
139071  -1.742  -29.179  74.406 0.0000000000
127137  -1.313  -29.708  74.311 0.0000000000
56401  -1.449  -29.224  73.681 0.0000000000
63362  -37.020  -20.835  73.150 0.0000000000
63363  -38.241  -21.031  73.041 0.0000000000
63349  -37.545  -20.344  73.579 0.0000000000
67304  -34.953  -17.531  72.460 0.0000000000
67312  -35.018  -17.567  71.715 0.0000000000
67303  -34.619  -18.084  71.916 0.0000000000
66281  -34.310  -18.579  71.130 0.0000000000
65305  -33.882  -19.319  71.551 0.0000000000
62410  -35.414  -21.688  74.527 0.0000000000
62421  -35.768  -21.540  73.312 0.0000000000
65180  -25.730  -19.555  82.785 0.0000000000
65170  -25.801  -19.736  83.493 0.0000000000
65293  -33.708  -19.445  72.437 0.0000000000
66155  -26.595  -18.914  81.815 0.0000000000
66147  -26.138  -19.066  82.531 0.0000000000
65188  -25.828  -19.515  81.935 0.0000000000
69605  -56.988  -15.485  51.443 0.0000000000
68588  -56.554  -15.903  51.979 0.0000000000
130262  -54.756  -17.311  52.923 0.0000000000
135367  -53.211  -18.007  52.648 0.0000000000
139144  -54.341  -17.529  52.593 0.0000000000
66566  -54.397  -17.571  51.964 0.0000000000
54211  -0.583  -30.229  81.343 0.0000000000
53193  -0.013  -31.802  81.245 0.0000000000
47738  -5.694  -35.697  87.041 0.0000000000
47739  -6.332  -35.237  86.666 0.0000000000
120189  -15.458  -17.465  82.783 0.0000000000
130190  -16.254  -17.149  82.982 0.0000000000
65166  -14.891  -17.460  83.553 0.0000000000
71224  -6.369  -15.333  85.046 0.0000000000
71226  -7.662  -15.031  84.870 0.0000000000
71243  -7.039  -15.142  84.372 0.0000000000
119509  -7.444  -15.005  83.590 0.0000000000
121174  -6.722  -14.951  83.503 0.0000000000
71260  -6.101  -15.019  83.478 0.0000000000
71241  -5.785  -15.248  84.049 0.0000000000
123864  -0.543  -30.201  82.147 0.0000000000
140818  -0.840  -28.797  81.830 0.0000000000
121228  -0.785  -29.393  81.776 0.0000000000
65416  -41.753  -19.030  62.717 0.0000000000
66384  -41.787  -18.349  62.429 0.0000000000
66399  -41.306  -18.181  61.691 0.0000000000
67444  -40.820  -17.735  60.193 0.0000000000
66412  -40.606  -18.276  60.863 0.0000000000
65354  -40.370  -20.180  67.053 0.0000000000
64397  -40.449  -20.767  66.691 0.0000000000
64410  -39.255  -21.180  66.041 0.0000000000
59511  -11.181  -25.750  78.851 0.0000000000
59510  -10.609  -26.311  79.704 0.0000000000
128995  -10.910  -25.653  80.989 0.0000000000
124510  -13.055  -25.768  86.723 0.0000000000
58410  -12.128  -25.889  86.995 0.0000000000
68364  -26.595  -15.920  67.119 0.0000000000
59583  -26.007  -24.921  70.129 0.0000000000
134286  -25.398  -24.797  70.610 0.0000000000
62446  -14.518  -21.662  70.340 0.0000000000
63409  -15.590  -20.735  69.826 0.0000000000
131846  -15.013  -20.868  70.236 0.0000000000
63391  -14.751  -20.511  71.034 0.0000000000
63370  -15.312  -19.763  71.703 0.0000000000
60439  -11.647  -25.348  78.178 0.0000000000
119500  -44.415  -13.533  53.614 0.0000000000
119493  -44.500  -13.625  52.914 0.0000000000
55386  -6.499  -28.752  66.901 0.0000000000
55367  -6.023  -28.754  67.637 0.0000000000
57309  -5.670  -27.843  90.343 0.0000000000
57308  -5.286  -28.073  90.304 0.0000000000
119099  -21.599  -10.237  83.253 0.0000000000
74984  -21.562  -9.788  82.627 0.0000000000
74983  -20.987  -9.810  82.501 0.0000000000
80392  -5.622  -3.342  79.567 0.0000000000
126897  -5.786  -2.599  79.878 0.0000000000
80398  -5.808  -3.638  78.737 0.0000000000
80404  -5.840  -3.920  77.870 0.0000000000
69313  -2.966  -15.508  75.147 0.0000000000
69381  -5.253  -15.636  69.396 0.0000000000
69380  -4.989  -14.996  69.413 0.0000000000
70407  -4.644  -14.472  68.619 0.0000000000
71421  -3.838  -12.717  68.887 0.0000000000
70414  -4.164  -13.990  67.659 0.0000000000
56528  -4.463  -28.063  67.271 0.0000000000
58602  -4.790  -27.382  67.176 0.0000000000
56546  -5.111  -27.855  66.751 0.0000000000
57566  -5.543  -27.578  66.248 0.0000000000
71479  -6.524  -13.338  63.919 0.0000000000
71497  -7.044  -13.880  63.346 0.0000000000
70468  -6.759  -14.413  62.987 0.0000000000
70482  -6.682  -14.817  62.955 0.0000000000
70467  -5.993  -14.516  63.247 0.0000000000
64250  -36.343  -20.180  76.821 0.0000000000
64239  -36.003  -20.536  77.284 0.0000000000
70304  -34.662  -15.425  78.830 0.0000000000
70305  -35.062  -15.608  78.482 0.0000000000
70318  -34.788  -15.325  78.276 0.0000000000
69295  -34.465  -15.295  77.369 0.0000000000
66141  -29.996  -18.803  82.824 0.0000000000
65171  -29.542  -19.443  83.104 0.0000000000
65172  -30.325  -19.248  82.846 0.0000000000
69294  -33.635  -15.626  77.689 0.0000000000
69281  -33.472  -15.314  78.696 0.0000000000
67216  -30.761  -18.236  82.366 0.0000000000
68247  -30.884  -17.313  81.811 0.0000000000
67215  -30.332  -17.847  82.219 0.0000000000
67214  -29.542  -17.789  82.335 0.0000000000
66467  -54.045  -17.142  55.874 0.0000000000
66466  -53.544  -17.292  56.127 0.0000000000
71627  -53.318  -13.481  55.393 0.0000000000
70609  -53.204  -14.291  54.130 0.0000000000
70625  -52.867  -14.669  53.447 0.0000000000
70642  -51.677  -14.750  52.351 0.0000000000
53176  -1.719  -30.755  83.369 0.0000000000
53180  -1.429  -31.624  83.120 0.0000000000
52099  -1.808  -32.254  82.706 0.0000000000
48744  -4.368  -35.756  82.988 0.0000000000
48743  -3.707  -36.197  83.454 0.0000000000
48733  -3.677  -36.014  84.433 0.0000000000
48725  -3.563  -35.637  85.358 0.0000000000
63240  -6.304  -20.459  83.060 0.0000000000
64154  -6.706  -19.711  83.568 0.0000000000
62280  -5.673  -21.238  83.219 0.0000000000
60382  -3.451  -23.850  86.020 0.0000000000
61271  -3.957  -21.890  86.411 0.0000000000
61261  -3.333  -22.573  86.837 0.0000000000
63217  -3.273  -21.228  87.432 0.0000000000
61260  -2.996  -22.516  87.003 0.0000000000
62223  -2.617  -21.885  87.012 0.0000000000
60371  -2.728  -23.748  86.611 0.0000000000
54170  -2.141  -30.462  83.266 0.0000000000
55191  -2.009  -29.335  83.911 0.0000000000
54158  -1.901  -29.999  83.640 0.0000000000
54157  -1.477  -30.121  83.605 0.0000000000
58598  -46.536  -26.499  67.504 0.0000000000
57552  -46.789  -26.539  67.178 0.0000000000
59629  -46.665  -25.383  67.359 0.0000000000
60573  -46.644  -24.747  67.111 0.0000000000
63501  -33.319  -21.998  62.872 0.0000000000
63509  -32.251  -22.086  61.807 0.0000000000
65502  -27.666  -19.072  55.838 0.0000000000
64535  -28.729  -20.188  55.906 0.0000000000
66473  -28.194  -18.729  55.517 0.0000000000
67532  -28.306  -17.407  55.597 0.0000000000
68514  -28.293  -16.475  56.002 0.0000000000
61317  -14.331  -23.954  83.350 0.0000000000
62247  -16.540  -22.952  87.340 0.0000000000
62246  -15.873  -22.914  87.518 0.0000000000
62235  -16.220  -22.992  88.088 0.0000000000
61257  -15.475  -23.250  88.857 0.0000000000
61258  -16.133  -23.165  88.579 0.0000000000
62384  -22.491  -24.091  75.747 0.0000000000
62399  -21.421  -23.806  74.665 0.0000000000
62383  -21.442  -24.289  75.451 0.0000000000
61419  -16.977  -25.413  75.492 0.0000000000
61418  -15.803  -25.386  75.355 0.0000000000
60473  -15.360  -25.116  74.525 0.0000000000
60467  -14.782  -25.158  75.241 0.0000000000
60466  -13.683  -25.088  75.664 0.0000000000
137441  -15.321  -24.421  81.606 0.0000000000
61341  -14.493  -24.419  81.778 0.0000000000
135952  -13.637  -24.536  81.405 0.0000000000
70756  -58.470  -14.616  40.785 0.0000000000
71825  -58.120  -14.175  40.098 0.0000000000
54324  -2.646  -29.792  70.543 0.0000000000
54325  -3.326  -29.690  70.555 0.0000000000
54306  -2.717  -30.204  71.126 0.0000000000
52193  -6.452  -31.856  74.053 0.0000000000
73197  -15.700  -11.621  77.331 0.0000000000
74054  -15.449  -10.957  78.321 0.0000000000
74065  -14.751  -11.057  77.759 0.0000000000
79523  -10.579  -5.276  83.574 0.0000000000
132541  -10.718  -6.311  83.442 0.0000000000
79511  -10.811  -4.795  84.757 0.0000000000
79512  -11.118  -4.989  84.988 0.0000000000
136016  -10.880  -3.666  85.309 0.0000000000
80350  -11.140  -1.979  85.998 0.0000000000
126932  -10.688  -2.950  85.379 0.0000000000
118929  -6.802  -2.106  85.115 0.0000000000
82063  -6.334  -0.877  86.680 0.0000000000
81210  -5.475  -1.752  86.560 0.0000000000
76927  -5.389  -6.998  80.560 0.0000000000
77792  -5.369  -6.458  81.904 0.0000000000
76926  -5.009  -7.124  80.747 0.0000000000
124411  -4.725  -6.643  81.212 0.0000000000
75946  -4.744  -7.462  80.142 0.0000000000
62368  -3.462  -22.237  76.910 0.0000000000
128360  -3.544  -21.692  76.483 0.0000000000
62423  -3.452  -22.482  73.089 0.0000000000
63366  -3.693  -21.835  72.766 0.0000000000
137517  -3.401  -21.632  71.888 0.0000000000
63388  -2.721  -21.996  71.407 0.0000000000
127173  -3.088  -22.305  72.245 0.0000000000
55305  -1.309  -29.105  70.457 0.0000000000
120212  -1.504  -28.036  70.213 0.0000000000
54322  -1.853  -29.354  70.210 0.0000000000
55322  -2.322  -28.959  69.580 0.0000000000
78720  -6.647  -5.355  68.644 0.0000000000
77902  -6.972  -6.247  68.520 0.0000000000
77062  -6.377  -6.974  68.232 0.0000000000
77074  -6.731  -7.763  68.006 0.0000000000
65294  -42.063  -19.609  72.687 0.0000000000
64320  -42.182  -20.415  72.337 0.0000000000
65296  -42.693  -19.176  71.806 0.0000000000
66282  -42.542  -18.730  71.393 0.0000000000
67306  -42.292  -18.395  71.622 0.0000000000
69323  -39.033  -16.005  74.915 0.0000000000
68305  -39.221  -16.450  74.835 0.0000000000
69334  -39.015  -15.633  74.349 0.0000000000
67328  -37.193  -17.357  69.334 0.0000000000
67344  -37.676  -17.899  68.794 0.0000000000
125924  -36.795  -19.008  68.056 0.0000000000
66305  -36.134  -18.579  68.451 0.0000000000
121754  -31.804  -20.123  66.180 0.0000000000
66340  -31.768  -19.772  65.711 0.0000000000
65367  -31.214  -19.955  65.552 0.0000000000
65366  -30.839  -19.956  65.071 0.0000000000
137249  -22.469  -23.025  83.181 0.0000000000
59489  -23.979  -24.671  84.316 0.0000000000
64423  -30.478  -20.344  64.484 0.0000000000
62455  -30.916  -21.987  71.145 0.0000000000
62471  -30.326  -22.502  70.692 0.0000000000
61488  -29.600  -22.855  71.056 0.0000000000
62453  -29.497  -22.839  71.904 0.0000000000
65225  -30.945  -18.993  76.824 0.0000000000
64259  -30.927  -20.150  75.857 0.0000000000
65238  -30.612  -19.727  76.545 0.0000000000
63323  -26.695  -21.721  76.596 0.0000000000
63324  -27.523  -21.512  76.393 0.0000000000
62388  -26.505  -22.602  75.439 0.0000000000
62376  -26.211  -22.244  76.109 0.0000000000
127038  -25.398  -22.457  76.344 0.0000000000
63260  -23.234  -22.174  82.285 0.0000000000
63274  -23.187  -22.572  81.402 0.0000000000
62328  -22.546  -23.065  82.013 0.0000000000
69618  -57.777  -15.834  48.177 0.0000000000
71768  -58.456  -13.817  47.236 0.0000000000
120062  -58.353  -14.072  48.023 0.0000000000
73493  -54.102  -11.347  44.692 0.0000000000
73494  -55.147  -11.133  44.664 0.0000000000
75409  -52.871  -9.658  43.654 0.0000000000
72572  -54.497  -12.632  50.382 0.0000000000
72582  -54.521  -12.616  49.533 0.0000000000
72593  -53.631  -13.214  48.103 0.0000000000
68618  -57.048  -16.362  48.773 0.0000000000
67635  -55.792  -16.997  48.586 0.0000000000
134972  -57.381  -16.228  48.240 0.0000000000
68635  -57.018  -16.420  47.966 0.0000000000
54254  -1.007  -30.878  77.788 0.0000000000
53235  -0.655  -31.573  77.354 0.0000000000
45937  -1.840  -37.327  79.692 0.0000000000
46894  -1.547  -36.739  79.326 0.0000000000
45938  -2.338  -37.631  79.467 0.0000000000
45010  -3.293  -38.117  79.569 0.0000000000
128222  -3.614  -38.303  79.982 0.0000000000
46862  -1.402  -36.893  83.185 0.0000000000
124644  -1.131  -37.169  82.279 0.0000000000
66192  -24.503  -16.635  77.350 0.0000000000
119230  -25.110  -16.299  78.046 0.0000000000
67241  -24.207  -15.902  78.556 0.0000000000
118866  -21.084  -14.514  84.934 0.0000000000
69228  -22.267  -13.817  84.453 0.0000000000
69222  -21.395  -13.988  85.784 0.0000000000
69219  -21.919  -13.658  85.789 0.0000000000
69215  -21.076  -13.861  86.129 0.0000000000
66097  -9.930  -17.094  87.007 0.0000000000
66099  -11.725  -17.006  87.157 0.0000000000
67170  -11.252  -16.832  87.205 0.0000000000
122389  -14.096  -15.457  84.052 0.0000000000
71251  -15.006  -15.239  84.416 0.0000000000
143374  -15.073  -15.160  83.563 0.0000000000
119769  -16.698  -14.246  84.034 0.0000000000
71279  -15.588  -14.661  82.762 0.0000000000
71280  -16.358  -14.169  82.476 0.0000000000
70266  -15.709  -14.609  81.942 0.0000000000
71341  -11.431  -14.335  77.363 0.0000000000
71351  -12.696  -14.066  75.850 0.0000000000
71362  -11.943  -14.126  75.132 0.0000000000
71378  -12.131  -13.641  74.298 0.0000000000
71377  -11.428  -13.885  74.598 0.0000000000
71376  -10.782  -13.920  74.538 0.0000000000
71360  -10.490  -14.269  75.304 0.0000000000
70292  -5.463  -15.313  79.865 0.0000000000
70307  -6.146  -15.345  78.833 0.0000000000
69260  -4.673  -15.497  79.418 0.0000000000
69274  -4.532  -15.527  78.502 0.0000000000
70290  -3.402  -15.916  79.699 0.0000000000
63224  -2.155  -21.671  84.655 0.0000000000
64153  -2.187  -20.455  84.313 0.0000000000
62278  -2.142  -22.114  84.041 0.0000000000
126984  -2.320  -22.417  81.214 0.0000000000
63278  -2.411  -21.729  80.861 0.0000000000
64216  -2.425  -20.961  80.195 0.0000000000
130146  -2.403  -22.461  80.516 0.0000000000
63290  -2.531  -22.250  79.681 0.0000000000
62346  -2.376  -23.182  80.121 0.0000000000
124539  -1.239  -29.304  79.143 0.0000000000
56356  -1.364  -29.133  78.722 0.0000000000
55254  -1.454  -29.597  77.731 0.0000000000
68401  -47.861  -15.967  64.267 0.0000000000
69434  -48.275  -15.401  63.944 0.0000000000
69433  -47.717  -15.414  64.280 0.0000000000
70495  -47.498  -14.247  62.639 0.0000000000
69448  -46.751  -14.846  63.295 0.0000000000
63472  -46.309  -21.520  64.631 0.0000000000
64416  -46.165  -20.521  64.415 0.0000000000
124475  -42.972  -15.946  59.210 0.0000000000
69525  -43.544  -15.506  58.702 0.0000000000
70561  -43.274  -15.164  57.875 0.0000000000
70584  -42.662  -14.240  56.373 0.0000000000
70571  -42.140  -14.859  56.780 0.0000000000
71677  -36.851  -13.720  52.029 0.0000000000
60500  -43.801  -25.222  71.831 0.0000000000
133940  -44.113  -25.389  71.140 0.0000000000
60517  -44.085  -24.310  70.766 0.0000000000
61571  -41.190  -23.941  65.686 0.0000000000
60584  -41.800  -24.304  66.283 0.0000000000
60599  -41.730  -24.093  65.515 0.0000000000
119204  -41.639  -23.659  64.046 0.0000000000
62627  -34.644  -22.372  59.339 0.0000000000
62628  -35.381  -22.480  59.895 0.0000000000
57453  -8.001  -27.985  75.290 0.0000000000
56373  -8.100  -28.518  75.690 0.0000000000
56339  -9.264  -28.230  75.628 0.0000000000
58460  -8.517  -27.239  83.983 0.0000000000
57336  -7.826  -27.529  85.158 0.0000000000
58437  -7.904  -26.893  85.546 0.0000000000
62252  -11.180  -23.573  86.171 0.0000000000
61292  -10.686  -23.822  85.679 0.0000000000
61283  -10.534  -23.681  86.449 0.0000000000
58397  -9.344  -25.934  89.179 0.0000000000
59429  -8.972  -25.035  89.833 0.0000000000
58394  -8.539  -25.826  89.687 0.0000000000
58396  -8.519  -26.637  89.003 0.0000000000
58401  -8.401  -27.445  88.425 0.0000000000
57317  -8.858  -27.622  87.715 0.0000000000
122454  -20.940  -25.013  86.108 0.0000000000
59460  -20.059  -24.874  86.047 0.0000000000
58431  -20.407  -25.500  85.743 0.0000000000
57357  -17.176  -25.682  83.863 0.0000000000
69375  -27.766  -15.935  71.105 0.0000000000
70381  -27.988  -14.399  72.608 0.0000000000
69362  -27.776  -15.642  72.061 0.0000000000
69349  -28.159  -15.394  73.006 0.0000000000
68328  -27.929  -16.578  72.305 0.0000000000
140048  -29.074  -23.029  63.666 0.0000000000
62564  -28.572  -22.809  63.188 0.0000000000
61582  -29.188  -23.356  64.355 0.0000000000
60594  -25.954  -24.739  65.722 0.0000000000
61567  -27.360  -23.747  65.547 0.0000000000
121064  -26.948  -22.141  65.537 0.0000000000
62536  -26.855  -23.356  65.783 0.0000000000
62465  -20.127  -23.598  70.526 0.0000000000
61514  -21.107  -23.801  69.123 0.0000000000
62479  -19.808  -23.541  69.436 0.0000000000
62497  -22.645  -22.131  68.364 0.0000000000
119675  -22.908  -22.545  67.509 0.0000000000
141754  -24.262  -23.070  68.419 0.0000000000
61528  -24.869  -23.293  68.123 0.0000000000
62499  -24.636  -22.991  69.104 0.0000000000
62483  -26.411  -22.878  69.408 0.0000000000
62482  -25.522  -22.873  69.702 0.0000000000
135798  -23.278  -19.986  72.246 0.0000000000
63372  -23.518  -21.379  72.902 0.0000000000
143181  -23.430  -21.057  73.572 0.0000000000
134530  -25.106  -21.271  73.935 0.0000000000
129002  -23.277  -20.361  73.859 0.0000000000
64282  -23.506  -20.005  74.719 0.0000000000
64281  -23.422  -19.138  73.851 0.0000000000
64255  -16.763  -18.302  76.060 0.0000000000
65230  -17.436  -17.863  76.012 0.0000000000
65219  -16.961  -18.140  76.863 0.0000000000
65210  -16.732  -18.158  77.843 0.0000000000
64243  -16.268  -18.661  77.316 0.0000000000
62363  -12.536  -22.597  77.753 0.0000000000
63280  -11.176  -20.740  78.185 0.0000000000
64204  -12.296  -20.141  79.171 0.0000000000
64202  -10.644  -19.531  79.432 0.0000000000
64203  -11.604  -19.412  79.982 0.0000000000
64201  -9.408  -19.610  79.750 0.0000000000
64217  -8.969  -20.038  79.131 0.0000000000
58502  -8.325  -26.968  75.017 0.0000000000
58510  -7.527  -27.079  75.589 0.0000000000
77293  -54.322  -7.022  41.515 0.0000000000
132636  -53.626  -5.319  42.332 0.0000000000
72474  -50.137  -13.762  60.019 0.0000000000
72482  -50.672  -13.470  59.662 0.0000000000
133439  -50.314  -13.021  59.311 0.0000000000
71751  -46.486  -13.328  48.684 0.0000000000
72601  -46.256  -12.515  47.360 0.0000000000
57597  -8.279  -27.043  63.703 0.0000000000
53313  -9.161  -31.248  71.306 0.0000000000
54329  -8.917  -30.507  70.921 0.0000000000
48804  -3.799  -35.231  77.024 0.0000000000
53184  -6.927  -31.697  83.417 0.0000000000
52071  -3.764  -32.559  89.790 0.0000000000
50921  -4.159  -32.811  90.620 0.0000000000
49750  -4.851  -33.626  90.650 0.0000000000
75000  -29.142  -10.070  80.095 0.0000000000
75944  -29.559  -9.006  79.928 0.0000000000
75942  -28.316  -8.861  80.379 0.0000000000
76930  -13.739  -7.532  81.038 0.0000000000
77801  -14.330  -7.178  80.063 0.0000000000
131136  -8.387  -0.587  75.912 0.0000000000
82914  -9.035  -0.344  75.404 0.0000000000
82922  -7.881  -1.391  74.744 0.0000000000
74126  -7.495  -10.702  72.797 0.0000000000
72353  -6.663  -12.025  72.621 0.0000000000
74093  -4.439  -9.886  73.863 0.0000000000
68314  -2.963  -16.392  73.475 0.0000000000
69337  -2.083  -15.257  73.093 0.0000000000
128665  -3.349  -9.947  72.192 0.0000000000
74141  -3.136  -10.607  72.486 0.0000000000
139836  -3.554  -9.357  72.643 0.0000000000
140146  -3.646  -8.173  73.395 0.0000000000
121862  -3.706  -7.341  72.737 0.0000000000
77049  -2.926  -6.597  68.240 0.0000000000
143420  -3.121  -4.959  69.654 0.0000000000
78713  -3.157  -5.231  69.107 0.0000000000
79587  -3.521  -4.072  69.693 0.0000000000
79591  -3.524  -4.912  69.299 0.0000000000
78716  -3.285  -5.748  68.561 0.0000000000
72431  -2.516  -12.740  64.839 0.0000000000
73291  -3.073  -11.226  65.158 0.0000000000
72443  -2.787  -12.837  64.471 0.0000000000
131073  -2.581  -14.069  64.659 0.0000000000
63427  -2.491  -20.962  68.609 0.0000000000
64361  -2.239  -20.270  68.215 0.0000000000
64362  -2.482  -20.639  68.006 0.0000000000
64378  -5.401  -20.892  67.531 0.0000000000
64390  -5.027  -20.300  66.955 0.0000000000
120493  -5.977  -20.258  67.001 0.0000000000
65359  -5.266  -19.140  65.900 0.0000000000
65345  -5.634  -19.697  66.370 0.0000000000
64399  -6.698  -19.753  66.246 0.0000000000
64380  -6.953  -20.419  67.084 0.0000000000
58619  -7.344  -26.965  64.333 0.0000000000
60590  -7.789  -25.400  64.893 0.0000000000
59652  -7.826  -26.465  63.825 0.0000000000
58631  -8.277  -26.528  63.435 0.0000000000
64237  -35.171  -20.354  78.350 0.0000000000
64227  -34.643  -21.021  78.826 0.0000000000
66182  -34.103  -18.620  79.466 0.0000000000
66183  -34.716  -18.384  78.856 0.0000000000
66171  -34.418  -17.687  79.518 0.0000000000
67237  -34.728  -17.046  79.418 0.0000000000
67236  -34.211  -17.155  79.943 0.0000000000
68266  -33.840  -16.490  80.140 0.0000000000
67226  -33.587  -17.355  80.498 0.0000000000
65190  -32.308  -19.287  81.050 0.0000000000
65182  -31.821  -19.102  81.656 0.0000000000
66151  -31.690  -18.490  81.939 0.0000000000
67470  -52.833  -16.102  58.543 0.0000000000
69526  -53.642  -15.602  58.384 0.0000000000
128226  -53.853  -14.954  58.462 0.0000000000
71589  -53.966  -13.108  57.562 0.0000000000
72494  -53.552  -13.212  58.174 0.0000000000
54182  -2.683  -30.526  82.155 0.0000000000
53194  -3.134  -31.905  81.108 0.0000000000
51002  -3.845  -33.332  80.242 0.0000000000
49845  -4.325  -34.746  80.951 0.0000000000
49846  -5.121  -34.633  81.283 0.0000000000
59494  -4.869  -24.364  82.395 0.0000000000
60402  -4.957  -23.513  82.934 0.0000000000
59493  -4.444  -25.062  82.551 0.0000000000
57383  -3.435  -27.421  82.181 0.0000000000
58459  -3.922  -25.686  82.767 0.0000000000
58458  -3.517  -26.289  83.208 0.0000000000
59483  -3.577  -25.279  84.276 0.0000000000
135382  -3.449  -26.091  84.035 0.0000000000
57335  -3.028  -26.586  84.527 0.0000000000
57350  -3.148  -26.858  83.749 0.0000000000
54183  -2.936  -30.061  81.575 0.0000000000
54172  -2.728  -29.763  82.247 0.0000000000
54171  -2.495  -29.973  82.924 0.0000000000
56525  -45.203  -28.720  67.790 0.0000000000
55361  -44.539  -28.985  68.926 0.0000000000
64474  -29.386  -20.703  60.384 0.0000000000
64487  -29.803  -21.497  60.035 0.0000000000
65474  -26.810  -19.702  57.613 0.0000000000
64505  -27.401  -20.409  58.037 0.0000000000
143339  -26.656  -19.170  57.074 0.0000000000
65488  -27.127  -19.371  56.602 0.0000000000
65487  -26.652  -18.532  56.768 0.0000000000
68512  -27.016  -16.945  56.467 0.0000000000
132219  -26.519  -16.805  56.943 0.0000000000
61319  -15.969  -24.064  83.277 0.0000000000
62284  -16.952  -23.836  84.668 0.0000000000
120456  -16.895  -23.291  86.160 0.0000000000
134998  -24.312  -17.539  60.161 0.0000000000
66391  -23.782  -17.974  61.279 0.0000000000
137459  -20.695  -24.882  78.366 0.0000000000
61401  -20.632  -25.058  77.413 0.0000000000
61376  -20.186  -24.808  78.982 0.0000000000
61374  -18.573  -24.855  79.495 0.0000000000
128584  -18.892  -25.079  78.026 0.0000000000
61388  -18.294  -24.975  78.659 0.0000000000
125256  -18.077  -25.217  77.943 0.0000000000
61387  -17.361  -25.132  78.561 0.0000000000
61330  -17.025  -24.397  82.102 0.0000000000
61361  -17.098  -24.795  80.577 0.0000000000
61343  -16.637  -24.560  81.245 0.0000000000
123911  -16.106  -24.378  81.848 0.0000000000
72651  -58.412  -12.870  41.222 0.0000000000
125807  -58.340  -11.796  41.114 0.0000000000
70727  -58.567  -14.923  43.044 0.0000000000
69683  -58.415  -16.129  43.254 0.0000000000
140389  -58.560  -15.533  42.642 0.0000000000
70744  -58.617  -14.974  41.971 0.0000000000
53282  -1.062  -30.605  71.812 0.0000000000
53297  -1.602  -30.950  71.839 0.0000000000
135228  -1.158  -31.210  72.351 0.0000000000
52188  -1.751  -32.308  73.595 0.0000000000
52189  -2.684  -32.063  73.546 0.0000000000
52175  -4.155  -32.356  74.588 0.0000000000
75048  -13.127  -9.376  76.018 0.0000000000
76001  -12.784  -9.017  76.526 0.0000000000
122329  -12.351  -8.513  76.039 0.0000000000
78677  -10.778  -5.656  77.459 0.0000000000
78669  -11.116  -6.022  78.107 0.0000000000
79543  -10.467  -4.412  79.450 0.0000000000
78657  -10.713  -5.106  80.121 0.0000000000
127098  -10.239  -3.511  80.994 0.0000000000
81271  -10.091  -2.796  82.101 0.0000000000
80389  -10.039  -3.459  80.321 0.0000000000
80393  -8.068  -3.792  79.768 0.0000000000
80380  -8.366  -3.008  80.969 0.0000000000
80379  -7.511  -3.360  81.572 0.0000000000
80376  -7.002  -3.201  82.984 0.0000000000
79533  -6.739  -4.334  82.352 0.0000000000
79528  -6.573  -4.144  83.243 0.0000000000
79536  -6.998  -4.489  81.304 0.0000000000
126934  -6.551  -5.621  80.337 0.0000000000
78666  -6.613  -6.268  78.917 0.0000000000
77804  -6.037  -6.822  79.312 0.0000000000
77815  -6.381  -6.946  78.487 0.0000000000
58526  -2.886  -25.948  76.224 0.0000000000
130694  -3.260  -25.127  75.712 0.0000000000
58533  -3.097  -26.027  75.248 0.0000000000
58542  -2.648  -26.931  73.853 0.0000000000
58539  -3.080  -26.084  74.265 0.0000000000
60476  -3.192  -24.503  73.328 0.0000000000
58548  -2.497  -26.206  72.650 0.0000000000
142174  -0.824  -29.668  72.705 0.0000000000
56433  -1.189  -28.622  72.261 0.0000000000
55290  -0.807  -29.391  72.043 0.0000000000
61470  -39.087  -23.089  71.871 0.0000000000
62436  -38.474  -22.277  72.079 0.0000000000
63364  -39.237  -21.134  73.105 0.0000000000
123764  -40.428  -20.300  73.495 0.0000000000
141502  -41.063  -20.084  73.334 0.0000000000
65283  -40.750  -19.460  73.624 0.0000000000
70375  -36.852  -15.209  73.979 0.0000000000
121714  -37.471  -15.086  73.655 0.0000000000
69353  -36.595  -15.584  72.563 0.0000000000
68337  -35.728  -16.829  70.582 0.0000000000
68338  -36.266  -16.588  70.468 0.0000000000
68347  -35.257  -17.375  69.950 0.0000000000
67326  -34.886  -17.946  69.486 0.0000000000
67319  -34.928  -17.801  69.873 0.0000000000
66294  -33.729  -19.278  69.575 0.0000000000
130061  -33.644  -19.069  68.889 0.0000000000
65327  -32.956  -19.982  67.948 0.0000000000
64180  -24.265  -21.065  82.690 0.0000000000
64162  -24.152  -21.092  83.450 0.0000000000
63228  -25.513  -21.784  84.679 0.0000000000
63227  -24.799  -21.860  84.800 0.0000000000
65326  -32.672  -20.563  67.773 0.0000000000
64371  -32.897  -20.326  68.625 0.0000000000
133420  -32.878  -20.618  71.990 0.0000000000
63402  -32.417  -21.002  71.151 0.0000000000
63401  -31.621  -21.598  71.666 0.0000000000
141762  -28.351  -18.829  79.054 0.0000000000
65212  -27.498  -19.612  78.715 0.0000000000
65204  -26.693  -19.898  78.848 0.0000000000
64234  -26.391  -20.494  78.426 0.0000000000
64225  -26.076  -20.210  78.982 0.0000000000
64233  -25.674  -20.771  78.738 0.0000000000
64224  -25.542  -20.491  79.571 0.0000000000
64181  -24.733  -20.570  82.608 0.0000000000
64211  -24.872  -21.029  80.731 0.0000000000
64195  -24.559  -20.980  81.752 0.0000000000
143058  -23.895  -21.521  82.220 0.0000000000
67611  -56.581  -16.490  50.015 0.0000000000
141599  -57.699  -15.443  49.601 0.0000000000
69610  -57.505  -15.409  50.234 0.0000000000
72573  -57.355  -12.295  50.697 0.0000000000
72583  -57.614  -11.958  49.906 0.0000000000
74374  -56.598  -10.557  48.676 0.0000000000
74367  -56.661  -10.654  49.336 0.0000000000
73473  -50.465  -11.929  46.124 0.0000000000
72619  -51.043  -12.527  46.527 0.0000000000
74398  -49.382  -10.735  44.997 0.0000000000
67592  -55.856  -17.012  50.764 0.0000000000
135641  -55.312  -17.344  50.636 0.0000000000
67610  -56.287  -16.825  49.913 0.0000000000
67609  -55.781  -17.208  49.939 0.0000000000
122915  -0.378  -31.149  79.012 0.0000000000
133790  -0.346  -31.027  79.720 0.0000000000
124024  0.234  -33.114  80.483 0.0000000000
51012  0.255  -33.675  79.849 0.0000000000
49857  0.172  -34.315  80.075 0.0000000000
122438  -0.370  -35.610  79.656 0.0000000000
48767  -0.366  -35.479  80.522 0.0000000000
45872  -2.934  -38.067  86.388 0.0000000000
45880  -3.091  -38.442  85.765 0.0000000000
45874  -4.262  -37.681  85.941 0.0000000000
47748  -6.499  -35.405  85.852 0.0000000000
47756  -6.747  -35.523  85.012 0.0000000000
66163  -19.671  -16.627  80.320 0.0000000000
66164  -20.208  -16.405  80.478 0.0000000000
66154  -19.687  -16.589  80.786 0.0000000000
139009  -18.077  -16.361  83.465 0.0000000000
66134  -18.678  -16.349  82.801 0.0000000000
67201  -18.631  -16.036  83.798 0.0000000000
67198  -19.295  -15.673  84.295 0.0000000000
67197  -18.579  -15.764  84.847 0.0000000000
70192  -7.469  -16.031  86.809 0.0000000000
70198  -8.947  -15.761  86.566 0.0000000000
70209  -8.218  -15.362  86.167 0.0000000000
71246  -9.932  -15.493  84.231 0.0000000000
71228  -9.525  -15.504  84.895 0.0000000000
71247  -10.783  -15.499  83.899 0.0000000000
71248  -11.515  -15.492  83.810 0.0000000000
71262  -11.132  -15.521  83.389 0.0000000000
71277  -11.973  -15.435  82.338 0.0000000000
128139  -11.246  -15.511  82.677 0.0000000000
71292  -9.489  -14.824  81.196 0.0000000000
71293  -10.407  -15.235  81.392 0.0000000000
71307  -10.061  -14.846  80.575 0.0000000000
71321  -10.299  -14.793  79.746 0.0000000000
135298  -9.489  -14.574  80.164 0.0000000000
71320  -9.626  -14.560  79.417 0.0000000000
138406  -8.862  -14.439  80.263 0.0000000000
126275  -6.431  -14.677  82.008 0.0000000000
71289  -6.954  -14.473  81.339 0.0000000000
128874  -5.704  -14.873  82.055 0.0000000000
138244  -5.368  -15.137  81.269 0.0000000000
71287  -5.023  -15.263  82.000 0.0000000000
58457  -0.783  -26.526  83.000 0.0000000000
124861  -1.025  -25.473  82.933 0.0000000000
59492  -0.579  -25.910  82.648 0.0000000000
58476  -0.315  -26.727  81.356 0.0000000000
59499  -0.123  -26.010  81.868 0.0000000000
59508  -0.055  -26.014  81.105 0.0000000000
60434  -1.220  -24.930  81.270 0.0000000000
59527  -0.637  -25.928  80.808 0.0000000000
58488  -0.574  -26.576  80.794 0.0000000000
55233  -0.799  -29.626  80.019 0.0000000000
64458  -45.678  -20.793  62.350 0.0000000000
65417  -45.722  -19.740  62.434 0.0000000000
66374  -46.650  -18.052  63.603 0.0000000000
65374  -44.726  -19.971  64.690 0.0000000000
142433  -44.266  -18.873  64.681 0.0000000000
119071  -41.899  -17.634  61.486 0.0000000000
67431  -42.502  -17.322  61.914 0.0000000000
67446  -42.259  -17.154  61.011 0.0000000000
68450  -42.789  -16.702  60.421 0.0000000000
68477  -41.903  -15.837  58.113 0.0000000000
135226  -41.472  -16.431  58.587 0.0000000000
68496  -40.446  -16.317  57.638 0.0000000000
69550  -39.505  -15.993  56.471 0.0000000000
69577  -38.300  -15.025  54.716 0.0000000000
69565  -38.507  -15.489  55.220 0.0000000000
64360  -43.358  -21.252  69.539 0.0000000000
63440  -43.526  -21.672  69.225 0.0000000000
143637  -43.096  -21.346  68.746 0.0000000000
63462  -41.247  -21.835  66.698 0.0000000000
62541  -40.808  -22.180  66.242 0.0000000000
62529  -41.163  -22.919  66.595 0.0000000000
62540  -40.590  -23.039  65.950 0.0000000000
57406  -9.977  -27.141  79.437 0.0000000000
58468  -9.940  -26.409  81.668 0.0000000000
58479  -9.713  -27.026  81.341 0.0000000000
58467  -9.365  -26.785  82.605 0.0000000000
59495  -9.380  -26.322  83.226 0.0000000000
61254  -12.394  -23.561  89.305 0.0000000000
61253  -11.771  -23.677  89.630 0.0000000000
61248  -12.165  -23.778  89.443 0.0000000000
122582  -11.106  -25.903  87.989 0.0000000000
59435  -11.133  -24.858  89.194 0.0000000000
57318  -9.803  -26.966  87.398 0.0000000000
57393  -20.673  -26.095  82.553 0.0000000000
57378  -20.371  -25.808  83.012 0.0000000000
69390  -27.379  -15.570  68.817 0.0000000000
69385  -28.053  -15.756  69.626 0.0000000000
69374  -27.973  -15.800  70.620 0.0000000000
68359  -28.492  -16.394  69.287 0.0000000000
136733  -27.967  -24.621  67.879 0.0000000000
59610  -25.580  -25.582  67.813 0.0000000000
59627  -26.252  -25.468  67.610 0.0000000000
59626  -25.566  -25.537  66.851 0.0000000000
59638  -25.934  -25.348  66.002 0.0000000000
59625  -24.600  -25.623  66.706 0.0000000000
61511  -17.073  -23.760  69.425 0.0000000000
124156  -17.417  -23.295  68.913 0.0000000000
62476  -16.600  -22.778  68.988 0.0000000000
64350  -17.020  -20.421  68.870 0.0000000000
64363  -17.856  -20.329  68.427 0.0000000000
142103  -19.171  -19.750  68.385 0.0000000000
64366  -20.418  -20.508  68.114 0.0000000000
64352  -19.918  -19.724  68.535 0.0000000000
64354  -21.541  -20.375  69.493 0.0000000000
64340  -20.327  -19.121  69.197 0.0000000000
64326  -18.148  -18.386  71.080 0.0000000000
131185  -19.842  -18.320  70.385 0.0000000000
65300  -19.380  -18.116  71.201 0.0000000000
64314  -21.612  -18.642  71.340 0.0000000000
130290  -20.329  -17.933  71.714 0.0000000000
65274  -19.942  -17.515  72.748 0.0000000000
65287  -18.410  -17.968  72.585 0.0000000000
64277  -16.034  -19.033  73.453 0.0000000000
64278  -16.375  -18.624  74.467 0.0000000000
124709  -15.653  -19.220  74.443 0.0000000000
62339  -12.703  -23.013  78.698 0.0000000000
62337  -12.041  -22.089  75.932 0.0000000000
138368  -12.172  -22.998  76.920 0.0000000000
62336  -10.768  -21.810  75.407 0.0000000000
61354  -10.601  -24.299  73.478 0.0000000000
59520  -10.552  -27.134  75.929 0.0000000000
125005  -9.725  -25.370  74.067 0.0000000000
119820  -9.726  -27.365  74.585 0.0000000000
143018  -9.751  -27.704  75.157 0.0000000000
119618  -47.656  -13.212  57.134 0.0000000000
71621  -46.935  -13.465  55.349 0.0000000000
119484  -45.757  -13.668  51.961 0.0000000000
71711  -45.414  -13.736  50.456 0.0000000000
56564  -6.834  -27.886  65.383 0.0000000000
56550  -7.811  -28.081  65.616 0.0000000000
56549  -7.082  -28.284  65.769 0.0000000000
56517  -8.240  -28.592  67.210 0.0000000000
55349  -9.707  -28.678  68.171 0.0000000000
118872  -10.614  -29.124  68.029 0.0000000000
139420  -10.183  -29.219  68.715 0.0000000000
49990  -10.890  -34.786  70.884 0.0000000000
55172  -5.952  -29.652  86.627 0.0000000000
54137  -5.489  -30.075  87.175 0.0000000000
55163  -5.171  -29.617  87.860 0.0000000000
75922  -25.352  -10.005  82.248 0.0000000000
75929  -25.988  -9.753  81.666 0.0000000000
74988  -24.933  -10.282  82.369 0.0000000000
75020  -21.593  -9.726  80.328 0.0000000000
74037  -22.479  -10.272  80.444 0.0000000000
75019  -21.171  -9.719  79.673 0.0000000000
142997  -20.317  -9.700  78.478 0.0000000000
75026  -20.282  -9.323  78.699 0.0000000000
81249  -13.595  -2.776  83.930 0.0000000000
82093  -5.224  -1.559  81.774 0.0000000000
82101  -6.994  -1.870  77.726 0.0000000000
121717  -7.412  -1.295  77.246 0.0000000000
81284  -7.317  -1.966  76.903 0.0000000000
70357  -5.699  -14.754  73.927 0.0000000000
125347  -4.744  -14.463  74.256 0.0000000000
72343  -3.734  -12.471  73.490 0.0000000000
71387  -2.911  -13.044  73.918 0.0000000000
68327  -4.594  -16.567  71.872 0.0000000000
126507  -3.046  -15.041  71.471 0.0000000000
69370  -4.049  -15.259  70.928 0.0000000000
71418  -3.508  -12.939  69.842 0.0000000000
71417  -2.801  -13.213  70.815 0.0000000000
73254  -2.998  -11.501  71.056 0.0000000000
74158  -3.375  -10.844  69.993 0.0000000000
126583  -3.350  -10.118  69.027 0.0000000000
74163  -3.099  -10.021  68.042 0.0000000000
75124  -2.756  -9.192  67.435 0.0000000000
74169  -2.672  -9.933  67.053 0.0000000000
126724  -3.101  -12.876  66.608 0.0000000000
71451  -2.519  -13.150  65.851 0.0000000000
70430  -2.475  -14.609  66.071 0.0000000000
60549  -3.928  -24.072  69.097 0.0000000000
60561  -5.398  -25.052  68.190 0.0000000000
60550  -4.984  -24.359  68.712 0.0000000000
60551  -5.707  -24.357  68.368 0.0000000000
62507  -5.850  -22.403  68.245 0.0000000000
61522  -6.004  -23.420  68.405 0.0000000000
61523  -6.903  -23.601  67.988 0.0000000000
122580  -6.420  -24.345  67.953 0.0000000000
58604  -6.292  -26.544  65.767 0.0000000000
58610  -6.352  -27.026  65.206 0.0000000000
57579  -6.785  -27.292  64.977 0.0000000000
66362  -8.014  -17.838  63.367 0.0000000000
66363  -9.049  -18.632  63.678 0.0000000000
127002  -8.328  -18.387  63.697 0.0000000000
63338  -36.312  -20.596  75.307 0.0000000000
64273  -36.789  -20.118  75.568 0.0000000000
66235  -37.136  -18.464  76.568 0.0000000000
65241  -37.239  -18.956  76.082 0.0000000000
67269  -37.747  -17.227  76.228 0.0000000000
67276  -38.207  -17.017  75.710 0.0000000000
66199  -35.840  -18.450  77.830 0.0000000000
130100  -35.919  -17.507  78.026 0.0000000000
70321  -36.337  -15.414  77.121 0.0000000000
69296  -36.680  -15.916  77.166 0.0000000000
131706  -37.080  -15.585  76.755 0.0000000000
70331  -37.127  -15.321  76.164 0.0000000000
71357  -36.931  -15.255  76.074 0.0000000000
71371  -37.000  -14.962  75.321 0.0000000000
71369  -35.951  -14.997  75.808 0.0000000000
68303  -34.669  -16.327  75.261 0.0000000000
69332  -35.397  -15.785  74.910 0.0000000000
68309  -34.606  -17.069  74.399 0.0000000000
62378  -35.850  -21.576  77.014 0.0000000000
62393  -35.830  -21.343  76.138 0.0000000000
62392  -35.453  -21.969  75.556 0.0000000000
66138  -27.622  -18.799  83.197 0.0000000000
66131  -27.862  -19.208  83.535 0.0000000000
63245  -29.061  -20.483  83.480 0.0000000000
63253  -30.456  -20.878  82.033 0.0000000000
135373  -33.994  -17.620  74.675 0.0000000000
67282  -33.644  -17.776  75.296 0.0000000000
67267  -32.464  -17.116  77.012 0.0000000000
127210  -32.600  -17.895  76.365 0.0000000000
66214  -31.964  -17.988  76.750 0.0000000000
66213  -31.328  -18.293  77.155 0.0000000000
67266  -31.680  -17.531  77.391 0.0000000000
69247  -32.598  -16.105  80.744 0.0000000000
69266  -32.466  -15.629  79.774 0.0000000000
69254  -32.284  -15.911  80.473 0.0000000000
68263  -30.710  -16.569  80.862 0.0000000000
68272  -31.035  -16.284  79.647 0.0000000000
67245  -30.444  -17.117  79.087 0.0000000000
67244  -29.742  -17.358  79.609 0.0000000000
66180  -29.206  -17.984  79.328 0.0000000000
67234  -29.473  -17.195  80.467 0.0000000000
67213  -28.804  -17.886  82.390 0.0000000000
67223  -28.732  -17.542  81.857 0.0000000000
67222  -28.029  -17.943  82.356 0.0000000000
66149  -27.485  -18.429  82.776 0.0000000000
66507  -55.092  -17.089  53.952 0.0000000000
67566  -55.433  -16.676  54.118 0.0000000000
70598  -55.757  -14.467  54.783 0.0000000000
70610  -56.226  -14.493  54.106 0.0000000000
71648  -56.105  -13.906  54.201 0.0000000000
72560  -55.720  -12.468  52.691 0.0000000000
72548  -55.350  -12.722  53.490 0.0000000000
131933  -54.398  -15.933  57.061 0.0000000000
69553  -54.829  -15.686  56.622 0.0000000000
71591  -54.766  -14.060  56.469 0.0000000000
71684  -53.984  -13.744  53.096 0.0000000000
137678  -54.969  -12.824  54.152 0.0000000000
134249  -53.840  -13.855  52.222 0.0000000000
71685  -54.488  -13.023  52.525 0.0000000000
136020  -53.402  -13.949  50.692 0.0000000000
71739  -52.397  -14.063  49.282 0.0000000000
122355  -52.800  -14.181  50.181 0.0000000000
139057  -50.297  -13.670  48.303 0.0000000000
72604  -50.057  -13.047  47.324 0.0000000000
124037  -49.462  -12.569  47.022 0.0000000000
73482  -47.877  -11.086  45.588 0.0000000000
73471  -48.272  -11.744  46.279 0.0000000000
133511  -0.450  -30.991  82.884 0.0000000000
138482  -0.135  -31.795  82.815 0.0000000000
53179  -0.400  -31.455  83.045 0.0000000000
50976  -0.937  -33.517  82.506 0.0000000000
50975  -0.503  -33.446  82.479 0.0000000000
49821  -0.914  -34.332  82.231 0.0000000000
48741  -1.131  -35.876  82.192 0.0000000000
124688  -1.213  -35.340  82.225 0.0000000000
50982  -2.280  -33.940  81.864 0.0000000000
47769  -2.369  -36.727  83.477 0.0000000000
47768  -1.755  -36.821  83.241 0.0000000000
46839  -1.931  -37.859  85.911 0.0000000000
47753  -2.060  -37.387  85.722 0.0000000000
47735  -2.531  -36.452  87.148 0.0000000000
46830  -2.337  -37.004  86.968 0.0000000000
46824  -3.196  -36.697  87.722 0.0000000000
46826  -4.410  -36.501  87.622 0.0000000000
47727  -4.258  -35.996  88.152 0.0000000000
65165  -11.062  -18.224  83.845 0.0000000000
65150  -11.688  -18.015  84.546 0.0000000000
143541  -10.222  -17.918  84.175 0.0000000000
65138  -7.788  -18.422  84.926 0.0000000000
65139  -8.738  -17.758  85.226 0.0000000000
65130  -7.975  -18.007  85.497 0.0000000000
65131  -8.868  -17.567  85.774 0.0000000000
65129  -7.316  -18.274  85.863 0.0000000000
130372  -5.036  -20.969  84.760 0.0000000000
62264  -4.744  -21.609  84.626 0.0000000000
63221  -4.617  -20.590  86.628 0.0000000000
136745  -4.923  -20.398  86.223 0.0000000000
65123  -5.730  -19.007  86.843 0.0000000000
65121  -6.257  -18.237  86.956 0.0000000000
65120  -5.552  -18.779  87.376 0.0000000000
121618  -6.243  -17.788  87.666 0.0000000000
65117  -5.331  -18.622  87.812 0.0000000000
67159  -3.690  -18.632  87.766 0.0000000000
67161  -4.459  -17.691  87.929 0.0000000000
67167  -4.122  -17.691  87.380 0.0000000000
132043  -4.742  -16.700  86.977 0.0000000000
68202  -4.130  -17.668  87.120 0.0000000000
140480  -3.794  -17.070  86.400 0.0000000000
66101  -2.701  -18.616  86.905 0.0000000000
63220  -2.348  -21.741  86.233 0.0000000000
64131  -2.428  -20.495  86.305 0.0000000000
122645  -2.308  -22.261  85.757 0.0000000000
125593  -2.218  -21.980  85.232 0.0000000000
61288  -2.076  -23.687  85.212 0.0000000000
57325  -2.429  -26.526  85.297 0.0000000000
135590  -2.146  -25.841  85.823 0.0000000000
57333  -2.120  -27.124  85.043 0.0000000000
57331  -1.624  -27.514  84.332 0.0000000000
57322  -1.608  -26.812  84.935 0.0000000000
58434  -1.395  -26.489  84.587 0.0000000000
59482  -1.461  -25.339  84.566 0.0000000000
58433  -1.359  -26.914  84.012 0.0000000000
59473  -1.141  -26.106  84.178 0.0000000000
138140  -1.332  -27.481  83.718 0.0000000000
55188  -1.169  -29.112  83.040 0.0000000000
54169  -0.923  -29.785  82.988 0.0000000000
137239  -46.031  -25.038  64.300 0.0000000000
60611  -46.506  -23.882  64.386 0.0000000000
59656  -46.603  -24.611  64.670 0.0000000000
57576  -44.959  -28.005  65.350 0.0000000000
137761  -47.135  -25.841  66.199 0.0000000000
58630  -47.031  -25.812  65.555 0.0000000000
60603  -47.082  -24.394  65.611 0.0000000000
61575  -46.896  -23.666  65.542 0.0000000000
62545  -46.203  -22.210  65.406 0.0000000000
62532  -46.569  -22.953  65.877 0.0000000000
62543  -44.802  -22.412  65.468 0.0000000000
63481  -44.779  -21.558  64.935 0.0000000000
64444  -43.476  -20.804  63.628 0.0000000000
63494  -43.539  -21.714  63.662 0.0000000000
121067  -37.025  -21.452  65.359 0.0000000000
63476  -36.842  -21.754  64.741 0.0000000000
64442  -35.938  -21.680  64.537 0.0000000000
62594  -33.543  -23.155  61.650 0.0000000000
62611  -33.298  -23.215  60.713 0.0000000000
62595  -34.318  -23.221  60.878 0.0000000000
62639  -32.997  -22.709  59.229 0.0000000000
62608  -31.090  -22.307  59.941 0.0000000000
133774  -30.246  -22.327  58.922 0.0000000000
63557  -31.181  -21.968  57.366 0.0000000000
126205  -31.932  -21.814  57.396 0.0000000000
61325  -12.044  -24.604  82.189 0.0000000000
126458  -11.856  -23.979  83.708 0.0000000000
61306  -12.381  -23.795  84.379 0.0000000000
61294  -12.156  -23.648  85.194 0.0000000000
62282  -14.506  -23.617  84.831 0.0000000000
126255  -14.165  -22.964  87.082 0.0000000000
62254  -12.524  -23.201  86.760 0.0000000000
126256  -13.330  -22.971  87.270 0.0000000000
62231  -12.782  -22.949  88.593 0.0000000000
62232  -13.720  -22.963  88.581 0.0000000000
60365  -14.794  -24.136  88.213 0.0000000000
60361  -14.221  -23.630  88.631 0.0000000000
59445  -13.502  -25.057  88.131 0.0000000000
59454  -14.248  -25.284  87.562 0.0000000000
67369  -25.303  -17.347  65.503 0.0000000000
61461  -23.488  -23.807  72.690 0.0000000000
62416  -20.715  -23.581  73.560 0.0000000000
61444  -21.214  -23.449  73.033 0.0000000000
62429  -20.544  -23.503  72.863 0.0000000000
62449  -20.137  -23.598  71.463 0.0000000000
62428  -19.993  -23.666  72.321 0.0000000000
61421  -19.272  -24.730  75.189 0.0000000000
61441  -17.300  -24.526  73.125 0.0000000000
61442  -18.102  -24.349  73.284 0.0000000000
61456  -17.677  -24.221  72.301 0.0000000000
61482  -18.480  -24.163  71.667 0.0000000000
61480  -16.772  -24.229  70.767 0.0000000000
60487  -16.244  -24.627  72.107 0.0000000000
59559  -13.532  -25.440  72.707 0.0000000000
60502  -14.129  -24.788  71.429 0.0000000000
60484  -13.243  -25.031  71.722 0.0000000000
60519  -13.501  -24.459  71.136 0.0000000000
135831  -12.507  -24.607  71.624 0.0000000000
118694  -11.642  -24.210  72.019 0.0000000000
60477  -10.967  -25.532  73.039 0.0000000000
60465  -12.263  -25.368  75.765 0.0000000000
60464  -12.922  -25.231  74.079 0.0000000000
60460  -12.378  -24.886  76.093 0.0000000000
61404  -12.849  -23.716  74.824 0.0000000000
61386  -16.381  -25.130  78.757 0.0000000000
61385  -15.406  -24.977  78.997 0.0000000000
61371  -14.110  -24.769  79.420 0.0000000000
61370  -12.971  -24.022  79.112 0.0000000000
120666  -13.144  -24.439  81.525 0.0000000000
61338  -12.446  -24.657  80.706 0.0000000000
137259  -41.813  -13.992  51.379 0.0000000000
128200  -41.244  -13.633  48.988 0.0000000000
71746  -40.775  -13.161  48.682 0.0000000000
55344  -3.764  -28.688  68.848 0.0000000000
122242  -4.458  -28.771  69.081 0.0000000000
135257  -5.863  -29.484  70.950 0.0000000000
55297  -6.448  -29.685  71.297 0.0000000000
55298  -6.928  -29.980  71.618 0.0000000000
53285  -3.624  -31.020  72.728 0.0000000000
54295  -3.684  -30.504  72.015 0.0000000000
53286  -4.535  -30.604  72.522 0.0000000000
53275  -7.040  -31.534  73.456 0.0000000000
121784  -7.848  -31.676  73.005 0.0000000000
53300  -7.772  -30.879  72.298 0.0000000000
52205  -8.673  -32.419  72.808 0.0000000000
52217  -9.322  -32.643  72.161 0.0000000000
135219  -9.547  -29.432  90.145 0.0000000000
73185  -19.234  -11.111  80.404 0.0000000000
74036  -18.918  -9.969  80.714 0.0000000000
73189  -18.469  -10.448  79.950 0.0000000000
135055  -14.551  -10.171  79.801 0.0000000000
74035  -15.881  -9.794  80.349 0.0000000000
75005  -14.484  -9.778  80.404 0.0000000000
74992  -14.659  -9.356  80.801 0.0000000000
74990  -13.425  -9.304  81.080 0.0000000000
75976  -12.498  -8.796  79.126 0.0000000000
139345  -13.181  -9.577  79.348 0.0000000000
138840  -12.165  -8.550  80.244 0.0000000000
77783  -10.982  -6.798  83.541 0.0000000000
76918  -11.424  -8.031  81.844 0.0000000000
126585  -11.814  -7.686  83.223 0.0000000000
75926  -12.188  -7.949  82.872 0.0000000000
78646  -12.257  -6.087  84.319 0.0000000000
78642  -12.031  -5.985  85.095 0.0000000000
81225  -12.672  -1.791  85.164 0.0000000000
81233  -13.037  -2.142  85.053 0.0000000000
81239  -9.315  -2.055  84.683 0.0000000000
81231  -9.486  -1.933  85.119 0.0000000000
81215  -9.229  -1.374  85.852 0.0000000000
79516  -5.915  -4.284  83.800 0.0000000000
79503  -5.802  -3.222  84.291 0.0000000000
78633  -5.391  -4.226  84.050 0.0000000000
128145  -4.566  -4.241  83.353 0.0000000000
80371  -4.608  -3.787  83.883 0.0000000000
134905  -4.495  -3.254  83.135 0.0000000000
131334  -4.525  -1.421  83.680 0.0000000000
82087  -4.571  -2.287  83.398 0.0000000000
135051  -4.608  -2.337  82.478 0.0000000000
81251  -4.510  -3.136  82.308 0.0000000000
141156  -4.490  -5.532  80.958 0.0000000000
79535  -4.639  -4.711  80.545 0.0000000000
78659  -4.513  -5.573  79.208 0.0000000000
66219  -3.023  -18.481  77.131 0.0000000000
66220  -3.260  -18.418  76.384 0.0000000000
65243  -3.890  -19.554  75.761 0.0000000000
66237  -3.634  -18.546  75.715 0.0000000000
66250  -4.083  -18.375  74.682 0.0000000000
126231  -3.651  -21.827  75.580 0.0000000000
63339  -3.742  -21.790  74.663 0.0000000000
64293  -4.452  -20.588  73.118 0.0000000000
64276  -4.261  -20.500  74.179 0.0000000000
65272  -4.521  -19.659  73.766 0.0000000000
66262  -4.349  -18.557  74.196 0.0000000000
66263  -4.668  -18.889  73.519 0.0000000000
67294  -4.637  -18.225  73.288 0.0000000000
66274  -5.017  -19.065  72.717 0.0000000000
135696  -5.179  -18.981  71.926 0.0000000000
65307  -5.072  -19.191  71.103 0.0000000000
66285  -5.354  -17.787  70.659 0.0000000000
66283  -4.467  -19.090  70.322 0.0000000000
66292  -4.640  -18.387  69.900 0.0000000000
64335  -2.748  -20.402  70.118 0.0000000000
64334  -2.385  -21.172  69.803 0.0000000000
128657  -2.384  -22.078  69.990 0.0000000000
59573  -1.945  -25.651  71.354 0.0000000000
58570  -1.991  -26.194  69.775 0.0000000000
137183  -2.115  -25.425  69.868 0.0000000000
60537  -2.608  -24.994  69.552 0.0000000000
61509  -2.794  -23.872  69.591 0.0000000000
120832  -2.769  -25.395  69.297 0.0000000000
60547  -3.077  -24.638  69.344 0.0000000000
59604  -2.622  -25.969  69.149 0.0000000000
143015  -3.137  -28.487  68.626 0.0000000000
57545  -2.795  -27.649  68.464 0.0000000000
55364  -3.360  -28.366  68.317 0.0000000000
56514  -3.809  -28.182  67.839 0.0000000000
74171  -6.710  -9.877  67.241 0.0000000000
73281  -6.500  -11.042  66.294 0.0000000000
138310  -40.546  -25.530  71.906 0.0000000000
59569  -40.921  -26.183  71.799 0.0000000000
59570  -41.350  -25.606  72.133 0.0000000000
59571  -42.258  -25.622  72.341 0.0000000000
60498  -42.168  -24.705  72.450 0.0000000000
62437  -39.954  -22.706  72.243 0.0000000000
125921  -40.755  -23.145  72.286 0.0000000000
63387  -42.822  -21.893  71.820 0.0000000000
62439  -42.224  -22.525  72.203 0.0000000000
62440  -43.088  -22.863  71.822 0.0000000000
63404  -43.382  -21.353  70.676 0.0000000000
66297  -42.090  -18.862  70.188 0.0000000000
138668  -42.364  -19.552  69.941 0.0000000000
66312  -41.928  -19.320  69.542 0.0000000000
66311  -41.514  -19.318  68.832 0.0000000000
123238  -41.213  -18.786  68.796 0.0000000000
65269  -38.394  -19.314  74.189 0.0000000000
65258  -38.764  -18.833  74.358 0.0000000000
67290  -40.202  -17.182  74.059 0.0000000000
66261  -40.523  -17.764  73.845 0.0000000000
67291  -40.744  -17.393  73.623 0.0000000000
66272  -41.022  -18.044  73.400 0.0000000000
67298  -41.194  -17.623  72.974 0.0000000000
70395  -38.534  -15.173  72.139 0.0000000000
70387  -39.359  -15.231  72.690 0.0000000000
70396  -39.326  -15.284  72.130 0.0000000000
68342  -40.054  -16.228  70.233 0.0000000000
69368  -40.435  -16.065  71.616 0.0000000000
68331  -41.044  -16.494  71.232 0.0000000000
68332  -41.397  -16.956  71.455 0.0000000000
68343  -41.527  -17.090  70.814 0.0000000000
67320  -41.798  -17.679  70.833 0.0000000000
68354  -41.290  -17.161  70.025 0.0000000000
66308  -39.086  -18.528  68.263 0.0000000000
67347  -40.452  -17.938  68.781 0.0000000000
66321  -39.623  -19.272  67.733 0.0000000000
65352  -38.151  -20.294  66.859 0.0000000000
65334  -37.884  -19.798  67.512 0.0000000000
65349  -35.625  -20.065  66.799 0.0000000000
65369  -35.473  -20.486  66.254 0.0000000000
65402  -34.011  -20.674  64.600 0.0000000000
65387  -34.409  -20.577  65.278 0.0000000000
67364  -34.094  -19.215  67.542 0.0000000000
67363  -33.517  -19.466  67.193 0.0000000000
66356  -32.503  -19.508  64.956 0.0000000000
66371  -32.831  -19.625  64.480 0.0000000000
121818  -32.787  -19.843  63.856 0.0000000000
65400  -32.054  -19.905  63.273 0.0000000000
65414  -31.263  -20.137  63.029 0.0000000000
66367  -30.312  -20.269  62.881 0.0000000000
66382  -29.537  -20.335  61.970 0.0000000000
66410  -28.312  -20.262  60.889 0.0000000000
66396  -28.010  -20.134  61.054 0.0000000000
119513  -20.408  -24.067  83.178 0.0000000000
62289  -21.917  -23.432  84.169 0.0000000000
61295  -21.502  -24.068  84.919 0.0000000000
61286  -21.639  -24.321  85.241 0.0000000000
62291  -23.513  -22.428  84.577 0.0000000000
122987  -23.737  -22.776  84.881 0.0000000000
59488  -23.423  -24.875  84.579 0.0000000000
59479  -23.038  -24.797  84.892 0.0000000000
58449  -22.904  -25.177  84.663 0.0000000000
59478  -22.441  -25.236  85.013 0.0000000000
58454  -22.033  -25.433  84.116 0.0000000000
57363  -22.280  -25.469  83.341 0.0000000000
63238  -27.710  -20.684  84.017 0.0000000000
63237  -26.804  -21.200  84.229 0.0000000000
63243  -27.423  -21.583  83.803 0.0000000000
66381  -28.632  -20.288  61.530 0.0000000000
125984  -30.637  -20.911  64.604 0.0000000000
64452  -29.543  -20.794  63.244 0.0000000000
62566  -29.961  -22.141  63.823 0.0000000000
128014  -30.772  -22.434  65.121 0.0000000000
63438  -31.888  -21.679  68.119 0.0000000000
63455  -31.990  -21.562  67.296 0.0000000000
124232  -30.768  -22.751  68.036 0.0000000000
61541  -30.223  -23.212  67.506 0.0000000000
61554  -30.289  -23.206  66.597 0.0000000000
61540  -29.632  -23.620  67.777 0.0000000000
60555  -29.196  -23.852  68.370 0.0000000000
61515  -29.485  -23.518  69.056 0.0000000000
60511  -28.796  -23.924  70.964 0.0000000000
60527  -27.507  -24.470  70.647 0.0000000000
60509  -27.286  -24.324  71.468 0.0000000000
66269  -33.286  -19.220  74.166 0.0000000000
65268  -32.717  -19.778  74.551 0.0000000000
64272  -31.206  -20.701  75.081 0.0000000000
63347  -30.892  -21.332  74.329 0.0000000000
63360  -31.260  -21.483  73.487 0.0000000000
64257  -29.502  -20.559  76.449 0.0000000000
64256  -28.743  -20.726  76.650 0.0000000000
62390  -28.199  -22.148  75.130 0.0000000000
62391  -28.918  -21.979  74.889 0.0000000000
62407  -29.165  -22.362  74.244 0.0000000000
62418  -28.672  -22.802  73.766 0.0000000000
61451  -28.829  -23.015  73.036 0.0000000000
134560  -26.528  -23.205  74.389 0.0000000000
61450  -27.445  -23.488  73.384 0.0000000000
61449  -26.596  -23.463  73.775 0.0000000000
61464  -26.603  -23.784  72.890 0.0000000000
131479  -25.720  -23.624  73.459 0.0000000000
61463  -25.100  -23.829  72.886 0.0000000000
61433  -25.191  -23.381  74.357 0.0000000000
62386  -24.233  -22.947  75.631 0.0000000000
62374  -23.100  -23.511  76.272 0.0000000000
135496  -23.388  -23.036  76.950 0.0000000000
63298  -24.492  -21.786  78.679 0.0000000000
63297  -23.985  -22.259  78.934 0.0000000000
63286  -23.339  -22.838  80.010 0.0000000000
62358  -22.982  -23.562  78.773 0.0000000000
118977  -22.981  -23.756  77.902 0.0000000000
143325  -22.335  -23.904  79.122 0.0000000000
62357  -22.350  -24.234  78.473 0.0000000000
62351  -22.013  -23.827  79.799 0.0000000000
62327  -21.561  -23.546  81.788 0.0000000000
119511  -20.723  -24.017  82.023 0.0000000000
70680  -58.491  -14.230  46.000 0.0000000000
71776  -58.495  -13.360  45.636 0.0000000000
125482  -58.133  -10.728  45.903 0.0000000000
74414  -58.160  -10.299  45.262 0.0000000000
75404  -57.341  -9.430  44.829 0.0000000000
74424  -56.089  -9.543  42.685 0.0000000000
74421  -56.720  -9.294  43.552 0.0000000000
73455  -57.770  -11.233  48.368 0.0000000000
73464  -57.942  -11.251  47.651 0.0000000000
74419  -54.777  -10.387  43.354 0.0000000000
120969  -55.482  -10.647  43.970 0.0000000000
75411  -54.232  -9.736  42.964 0.0000000000
75422  -54.038  -8.959  42.707 0.0000000000
78972  -53.264  -5.302  43.384 0.0000000000
78097  -53.003  -6.074  43.117 0.0000000000
126835  -56.882  -14.015  52.495 0.0000000000
72562  -56.708  -12.690  51.872 0.0000000000
73452  -55.124  -11.903  49.251 0.0000000000
73445  -55.641  -11.231  49.811 0.0000000000
73462  -55.275  -11.839  48.245 0.0000000000
121490  -54.988  -12.084  47.047 0.0000000000
73477  -54.382  -12.025  46.063 0.0000000000
74407  -49.881  -10.126  44.450 0.0000000000
73486  -51.683  -11.518  45.368 0.0000000000
74408  -50.848  -10.254  44.452 0.0000000000
78087  -50.574  -5.378  44.932 0.0000000000
76375  -50.408  -8.049  43.882 0.0000000000
77265  -50.713  -6.865  43.963 0.0000000000
76380  -51.355  -8.659  43.779 0.0000000000
78091  -51.090  -5.902  44.228 0.0000000000
77266  -51.632  -6.570  43.732 0.0000000000
68617  -54.485  -16.807  48.132 0.0000000000
68633  -55.586  -16.624  47.502 0.0000000000
68649  -57.767  -16.007  46.813 0.0000000000
141467  -57.194  -16.298  46.773 0.0000000000
68657  -57.979  -15.861  46.075 0.0000000000
54269  -0.868  -30.989  75.734 0.0000000000
53252  -0.609  -31.606  75.788 0.0000000000
127506  -0.456  -32.749  76.749 0.0000000000
51045  -0.602  -32.965  76.131 0.0000000000
49926  -0.701  -33.762  76.450 0.0000000000
48816  -1.108  -34.636  76.580 0.0000000000
48802  -1.429  -35.329  77.037 0.0000000000
129131  0.029  -33.327  78.172 0.0000000000
46903  -2.125  -36.874  78.532 0.0000000000
125867  -1.663  -36.311  78.147 0.0000000000
47805  -2.300  -36.597  78.010 0.0000000000
140847  -3.034  -36.781  77.998 0.0000000000
46904  -3.560  -37.227  78.445 0.0000000000
46905  -4.438  -37.407  78.307 0.0000000000
45950  -4.050  -37.646  78.772 0.0000000000
45006  -5.447  -38.284  78.915 0.0000000000
50981  -0.243  -33.409  82.407 0.0000000000
50988  0.058  -33.455  82.135 0.0000000000
135067  -0.332  -34.235  81.954 0.0000000000
45911  -1.201  -37.411  81.874 0.0000000000
46874  -1.010  -36.970  81.555 0.0000000000
45919  -1.188  -37.255  81.340 0.0000000000
45920  -1.485  -37.744  80.806 0.0000000000
44993  -1.609  -38.096  81.434 0.0000000000
45890  -4.081  -38.189  84.709 0.0000000000
121658  -2.318  -38.954  83.986 0.0000000000
44958  -4.236  -38.216  83.845 0.0000000000
44968  -4.470  -38.226  82.954 0.0000000000
44979  -4.758  -38.313  82.103 0.0000000000
44988  -4.221  -38.476  81.594 0.0000000000
44989  -4.960  -38.394  81.286 0.0000000000
126385  -28.097  -17.613  77.596 0.0000000000
68279  -29.356  -16.131  78.176 0.0000000000
68278  -28.309  -16.727  78.323 0.0000000000
68262  -26.759  -15.197  79.191 0.0000000000
69262  -27.628  -15.259  79.144 0.0000000000
69251  -27.195  -14.418  79.418 0.0000000000
71300  -28.348  -12.596  79.882 0.0000000000
70277  -27.534  -13.578  79.739 0.0000000000
67221  -22.451  -15.355  80.424 0.0000000000
68259  -23.416  -15.109  80.093 0.0000000000
121588  -22.961  -15.029  80.998 0.0000000000
69235  -24.133  -13.263  82.639 0.0000000000
69239  -24.631  -13.523  81.756 0.0000000000
70257  -24.975  -12.623  82.351 0.0000000000
70259  -26.211  -12.351  81.431 0.0000000000
71257  -25.537  -12.057  82.228 0.0000000000
73174  -25.968  -11.050  82.438 0.0000000000
71256  -24.797  -11.788  83.332 0.0000000000
73165  -22.924  -12.016  85.812 0.0000000000
73167  -23.986  -11.569  85.022 0.0000000000
74009  -22.915  -10.878  85.572 0.0000000000
74963  -22.344  -10.538  85.179 0.0000000000
74013  -21.412  -10.933  85.340 0.0000000000
65133  -12.343  -17.648  85.311 0.0000000000
65144  -13.575  -17.530  85.012 0.0000000000
65134  -13.157  -17.528  85.333 0.0000000000
67177  -14.005  -16.565  86.307 0.0000000000
66109  -14.970  -16.509  85.831 0.0000000000
67179  -15.917  -16.072  85.986 0.0000000000
67181  -17.733  -15.717  85.789 0.0000000000
68215  -17.183  -15.759  85.828 0.0000000000
70212  -11.580  -15.878  86.690 0.0000000000
69209  -12.288  -15.989  86.841 0.0000000000
126773  -12.831  -15.719  86.557 0.0000000000
71217  -16.239  -14.785  85.605 0.0000000000
70232  -15.696  -14.872  85.753 0.0000000000
70233  -16.590  -14.888  85.851 0.0000000000
70200  -18.218  -14.226  86.572 0.0000000000
71204  -18.316  -13.999  86.287 0.0000000000
71206  -19.195  -13.427  86.720 0.0000000000
72285  -18.783  -13.416  86.355 0.0000000000
71265  -17.850  -13.210  83.731 0.0000000000
72301  -18.709  -12.731  84.828 0.0000000000
72302  -19.367  -12.123  84.255 0.0000000000
73172  -19.987  -11.654  84.690 0.0000000000
72307  -19.433  -12.079  83.248 0.0000000000
72310  -19.502  -12.143  82.398 0.0000000000
72313  -19.070  -12.628  81.861 0.0000000000
71324  -16.993  -13.795  79.832 0.0000000000
71325  -17.816  -13.329  79.745 0.0000000000
118892  -17.359  -13.599  79.004 0.0000000000
71344  -17.212  -12.998  77.754 0.0000000000
71336  -17.013  -13.710  78.118 0.0000000000
70284  -13.525  -14.989  80.323 0.0000000000
140249  -14.041  -14.856  80.048 0.0000000000
70296  -13.774  -14.697  79.503 0.0000000000
118887  -14.313  -13.693  75.826 0.0000000000
70335  -14.790  -13.697  76.529 0.0000000000
120496  -15.013  -13.355  75.698 0.0000000000
131231  -15.552  -13.057  75.744 0.0000000000
71380  -14.938  -12.703  74.822 0.0000000000
73210  -14.550  -11.384  74.990 0.0000000000
73215  -14.363  -11.822  74.353 0.0000000000
73236  -12.299  -11.087  72.550 0.0000000000
128099  -12.827  -10.891  73.144 0.0000000000
75085  -11.521  -9.639  72.597 0.0000000000
75073  -11.692  -8.934  72.966 0.0000000000
75084  -10.566  -9.538  72.440 0.0000000000
76033  -9.966  -8.872  72.633 0.0000000000
122708  -10.222  -10.329  72.421 0.0000000000
71410  -10.191  -13.136  72.878 0.0000000000
72356  -9.785  -12.560  72.454 0.0000000000
71409  -9.336  -13.250  72.635 0.0000000000
72355  -8.688  -12.321  72.388 0.0000000000
120728  -8.896  -13.931  73.017 0.0000000000
70310  -8.873  -14.511  78.448 0.0000000000
70334  -9.427  -14.544  76.764 0.0000000000
70323  -8.745  -14.643  77.379 0.0000000000
69291  -7.100  -15.445  76.948 0.0000000000
70332  -7.912  -15.169  75.814 0.0000000000
69318  -7.118  -15.465  75.178 0.0000000000
70359  -7.630  -15.032  73.997 0.0000000000
69329  -6.329  -15.293  74.502 0.0000000000
69317  -6.128  -15.524  75.439 0.0000000000
69287  -3.621  -15.640  77.877 0.0000000000
120834  -2.994  -15.804  77.355 0.0000000000
69301  -3.518  -15.681  76.864 0.0000000000
69286  -2.712  -16.019  77.385 0.0000000000
69220  -3.378  -17.170  85.807 0.0000000000
69226  -3.864  -16.241  84.689 0.0000000000
68225  -2.680  -18.178  85.058 0.0000000000
67200  -2.274  -18.965  83.857 0.0000000000
68230  -2.503  -18.283  84.098 0.0000000000
68235  -2.411  -18.343  83.136 0.0000000000
69237  -2.776  -17.296  82.542 0.0000000000
137833  -2.563  -17.837  82.533 0.0000000000
123153  -1.816  -23.186  82.675 0.0000000000
63246  -2.059  -21.680  82.999 0.0000000000
62306  -2.035  -22.511  82.544 0.0000000000
133378  -2.225  -20.371  81.825 0.0000000000
129086  -2.096  -20.479  82.625 0.0000000000
120991  -2.378  -18.779  81.501 0.0000000000
67218  -2.434  -18.373  81.563 0.0000000000
67227  -2.445  -18.142  80.859 0.0000000000
69258  -2.512  -17.405  79.949 0.0000000000
129053  -2.489  -18.075  80.059 0.0000000000
67238  -2.518  -18.005  79.317 0.0000000000
66185  -2.643  -18.418  79.023 0.0000000000
68284  -2.393  -17.171  78.200 0.0000000000
66201  -2.671  -18.164  78.133 0.0000000000
66202  -2.877  -18.573  77.841 0.0000000000
63291  -2.798  -21.852  78.737 0.0000000000
141223  -3.191  -21.998  78.020 0.0000000000
58500  -1.317  -26.314  80.123 0.0000000000
59535  -1.689  -25.563  79.670 0.0000000000
58518  -2.075  -26.289  78.184 0.0000000000
59536  -2.143  -25.524  78.783 0.0000000000
136508  -2.397  -25.456  77.981 0.0000000000
59546  -2.527  -25.874  77.229 0.0000000000
132055  -2.240  -26.684  77.381 0.0000000000
55264  -1.467  -29.933  76.864 0.0000000000
55272  -1.573  -29.864  75.975 0.0000000000
67434  -49.446  -16.702  61.505 0.0000000000
136470  -48.937  -16.691  60.984 0.0000000000
69451  -50.266  -15.439  62.211 0.0000000000
120274  -47.191  -17.034  62.277 0.0000000000
68417  -49.018  -15.896  63.182 0.0000000000
70480  -49.137  -14.813  63.111 0.0000000000
71527  -49.396  -14.210  62.142 0.0000000000
71542  -48.709  -13.965  61.654 0.0000000000
126547  -48.728  -13.924  60.750 0.0000000000
71541  -47.989  -13.907  61.195 0.0000000000
70536  -46.648  -14.254  60.110 0.0000000000
71566  -46.730  -13.883  59.193 0.0000000000
139970  -45.808  -13.750  57.975 0.0000000000
71599  -45.425  -13.509  56.685 0.0000000000
71584  -45.353  -13.756  57.420 0.0000000000
61609  -45.719  -23.219  62.964 0.0000000000
62588  -45.785  -22.423  62.684 0.0000000000
63506  -46.052  -21.877  62.882 0.0000000000
65391  -46.488  -19.020  64.186 0.0000000000
64445  -46.335  -20.353  63.552 0.0000000000
66348  -46.605  -18.075  64.500 0.0000000000
67376  -46.772  -17.482  64.872 0.0000000000
67405  -44.153  -17.099  64.115 0.0000000000
67373  -45.253  -17.805  65.074 0.0000000000
69476  -44.589  -15.960  61.848 0.0000000000
69446  -45.173  -15.922  63.351 0.0000000000
69447  -46.011  -15.551  63.903 0.0000000000
69462  -45.731  -15.434  62.862 0.0000000000
69492  -45.276  -15.277  60.870 0.0000000000
71598  -43.495  -14.144  56.735 0.0000000000
135844  -44.212  -14.034  57.144 0.0000000000
135153  -43.906  -13.658  55.878 0.0000000000
71639  -42.974  -13.551  54.592 0.0000000000
71638  -42.166  -13.638  54.136 0.0000000000
71680  -40.908  -13.858  53.000 0.0000000000
71705  -39.576  -13.734  50.540 0.0000000000
71726  -39.259  -13.037  49.394 0.0000000000
138314  -39.036  -13.394  50.028 0.0000000000
137801  -40.743  -15.035  56.245 0.0000000000
70596  -40.537  -14.465  55.165 0.0000000000
71692  -38.455  -13.826  51.700 0.0000000000
56464  -41.380  -27.660  70.653 0.0000000000
56484  -42.577  -28.340  70.455 0.0000000000
57517  -44.528  -26.657  70.409 0.0000000000
57525  -44.501  -27.247  70.426 0.0000000000
57526  -44.910  -27.094  69.918 0.0000000000
57527  -45.154  -26.996  69.241 0.0000000000
58576  -44.908  -26.537  69.081 0.0000000000
62506  -43.704  -23.218  69.502 0.0000000000
122513  -43.909  -23.783  69.917 0.0000000000
61531  -43.394  -23.818  68.823 0.0000000000
60570  -43.744  -24.926  67.557 0.0000000000
60556  -43.778  -24.876  68.445 0.0000000000
60571  -44.531  -25.218  67.925 0.0000000000
60588  -44.779  -24.737  67.345 0.0000000000
61599  -42.162  -23.201  63.386 0.0000000000
62556  -42.861  -22.914  63.717 0.0000000000
62572  -42.658  -22.454  63.029 0.0000000000
124605  -41.895  -20.916  62.434 0.0000000000
63492  -37.171  -22.334  64.195 0.0000000000
63478  -38.339  -22.181  64.953 0.0000000000
143501  -37.913  -23.305  63.138 0.0000000000
130406  -38.038  -23.329  62.366 0.0000000000
61596  -39.219  -23.422  63.336 0.0000000000
61614  -38.401  -22.974  61.596 0.0000000000
64489  -37.177  -20.544  59.584 0.0000000000
122038  -38.114  -21.204  60.507 0.0000000000
126787  -38.808  -22.252  61.140 0.0000000000
63510  -38.681  -21.341  60.868 0.0000000000
63511  -39.415  -21.506  61.172 0.0000000000
64478  -38.530  -20.496  60.570 0.0000000000
65438  -38.775  -19.711  60.384 0.0000000000
65451  -39.069  -19.034  60.082 0.0000000000
65439  -39.427  -19.401  60.747 0.0000000000
66421  -39.520  -18.439  59.631 0.0000000000
66431  -39.303  -18.171  58.966 0.0000000000
66430  -38.821  -18.194  58.425 0.0000000000
55243  -6.037  -29.726  77.499 0.0000000000
54245  -8.184  -30.305  77.689 0.0000000000
53226  -7.386  -30.855  78.019 0.0000000000
54230  -7.947  -30.832  78.851 0.0000000000
53197  -7.689  -31.337  80.917 0.0000000000
54197  -7.945  -30.489  81.481 0.0000000000
56284  -9.271  -28.350  79.969 0.0000000000
56298  -9.333  -28.795  78.651 0.0000000000
55202  -7.847  -29.159  83.737 0.0000000000
137392  -7.792  -29.916  83.177 0.0000000000
55201  -7.577  -29.728  83.995 0.0000000000
55183  -6.777  -29.548  85.440 0.0000000000
56258  -7.195  -29.041  84.933 0.0000000000
57320  -6.647  -27.194  87.347 0.0000000000
57326  -6.424  -28.046  86.889 0.0000000000
135405  -5.901  -26.962  89.109 0.0000000000
60403  -9.243  -25.132  85.181 0.0000000000
59486  -8.828  -25.890  84.846 0.0000000000
60393  -8.978  -24.914  85.870 0.0000000000
136237  -10.157  -23.620  88.732 0.0000000000
61273  -9.815  -23.685  87.915 0.0000000000
61263  -9.493  -23.810  88.934 0.0000000000
60364  -8.317  -24.463  88.618 0.0000000000
60375  -8.597  -24.350  87.823 0.0000000000
60374  -8.074  -24.804  87.825 0.0000000000
60384  -8.019  -25.195  87.062 0.0000000000
143431  -7.686  -25.333  87.771 0.0000000000
59466  -7.560  -25.922  87.161 0.0000000000
59441  -7.589  -25.079  88.642 0.0000000000
58392  -7.353  -26.212  90.002 0.0000000000
60348  -7.383  -25.589  89.869 0.0000000000
59427  -6.995  -26.248  90.025 0.0000000000
56223  -7.417  -28.494  90.078 0.0000000000
56232  -8.018  -28.767  89.432 0.0000000000
55155  -8.972  -29.663  88.547 0.0000000000
62272  -19.589  -24.016  84.970 0.0000000000
62286  -19.154  -24.066  84.711 0.0000000000
138895  -18.892  -24.570  86.419 0.0000000000
61277  -18.559  -24.199  86.118 0.0000000000
133978  -18.124  -24.287  86.646 0.0000000000
61276  -17.839  -23.839  86.710 0.0000000000
59450  -17.699  -24.527  87.181 0.0000000000
58445  -19.435  -25.640  85.140 0.0000000000
134483  -18.643  -25.737  85.201 0.0000000000
58443  -17.232  -25.991  85.511 0.0000000000
58428  -17.765  -25.975  86.342 0.0000000000
58413  -17.035  -25.635  86.926 0.0000000000
59456  -16.344  -25.328  87.367 0.0000000000
133610  -16.171  -25.799  86.775 0.0000000000
142671  -15.139  -25.861  85.970 0.0000000000
58440  -14.419  -25.928  85.433 0.0000000000
57340  -13.831  -26.413  84.506 0.0000000000
70374  -29.150  -14.740  74.460 0.0000000000
71382  -29.820  -13.587  75.276 0.0000000000
70362  -29.717  -14.391  75.105 0.0000000000
70347  -30.236  -14.746  75.503 0.0000000000
68307  -29.841  -16.070  74.904 0.0000000000
65425  -27.006  -19.725  61.142 0.0000000000
65411  -27.325  -20.184  61.623 0.0000000000
64449  -25.896  -20.763  62.432 0.0000000000
64462  -25.325  -20.444  62.023 0.0000000000
65410  -24.635  -20.223  62.318 0.0000000000
64448  -25.167  -20.554  62.754 0.0000000000
60597  -28.197  -24.152  65.686 0.0000000000
61581  -28.403  -23.379  64.479 0.0000000000
61568  -28.034  -23.801  65.173 0.0000000000
64421  -26.752  -21.541  64.316 0.0000000000
63474  -26.875  -22.265  63.757 0.0000000000
64434  -25.259  -20.428  63.623 0.0000000000
65384  -24.907  -19.723  64.283 0.0000000000
64420  -25.573  -20.067  64.404 0.0000000000
64403  -26.988  -20.007  65.383 0.0000000000
65365  -27.429  -19.640  65.955 0.0000000000
121320  -23.170  -24.533  70.498 0.0000000000
59580  -23.566  -24.920  69.779 0.0000000000
120209  -22.778  -24.642  69.715 0.0000000000
139398  -22.123  -24.751  67.413 0.0000000000
60553  -22.594  -24.909  68.101 0.0000000000
59624  -22.702  -25.198  67.118 0.0000000000
59635  -23.288  -25.150  65.623 0.0000000000
138459  -22.852  -24.799  65.448 0.0000000000
62511  -19.447  -22.330  67.419 0.0000000000
61535  -20.096  -22.810  67.149 0.0000000000
61546  -20.655  -22.845  66.732 0.0000000000
62514  -23.077  -23.132  66.583 0.0000000000
62524  -22.539  -23.467  65.867 0.0000000000
61549  -23.255  -23.680  65.625 0.0000000000
61563  -23.318  -24.075  64.906 0.0000000000
61550  -24.176  -23.897  65.835 0.0000000000
61551  -25.284  -23.813  66.185 0.0000000000
61539  -26.099  -23.517  66.935 0.0000000000
62517  -27.581  -22.382  67.314 0.0000000000
63454  -28.470  -21.247  67.303 0.0000000000
65346  -27.986  -19.683  66.494 0.0000000000
64382  -28.337  -20.244  67.029 0.0000000000
66314  -28.085  -18.631  67.722 0.0000000000
64368  -28.780  -20.402  67.865 0.0000000000
63423  -28.645  -21.808  69.701 0.0000000000
64369  -29.127  -20.413  68.703 0.0000000000
64356  -29.292  -20.296  69.574 0.0000000000
65318  -28.797  -19.440  69.966 0.0000000000
64344  -29.316  -20.186  70.455 0.0000000000
63411  -22.739  -21.489  70.623 0.0000000000
62466  -23.997  -22.383  70.469 0.0000000000
141438  -24.081  -22.326  71.017 0.0000000000
63375  -26.452  -21.975  72.601 0.0000000000
63398  -26.974  -22.215  71.753 0.0000000000
64318  -28.688  -21.159  72.285 0.0000000000
124226  -29.156  -20.774  71.654 0.0000000000
64319  -29.279  -20.203  72.297 0.0000000000
65290  -29.141  -19.229  72.642 0.0000000000
125569  -28.664  -20.595  73.144 0.0000000000
64270  -27.095  -20.278  75.039 0.0000000000
65265  -28.636  -19.627  74.400 0.0000000000
65254  -28.283  -19.361  75.165 0.0000000000
66243  -29.404  -18.185  75.307 0.0000000000
66242  -28.695  -18.774  75.687 0.0000000000
66231  -28.245  -18.523  76.457 0.0000000000
65236  -27.050  -19.328  76.160 0.0000000000
65249  -24.165  -18.236  74.842 0.0000000000
65234  -24.929  -18.828  76.211 0.0000000000
65233  -24.773  -17.935  75.386 0.0000000000
65221  -25.009  -17.694  76.241 0.0000000000
66226  -24.106  -17.179  75.909 0.0000000000
66265  -19.671  -17.329  73.736 0.0000000000
66252  -19.544  -17.152  74.528 0.0000000000
66222  -19.013  -16.826  76.207 0.0000000000
66223  -19.913  -16.683  75.650 0.0000000000
66205  -19.667  -16.527  76.503 0.0000000000
66206  -20.495  -16.109  76.869 0.0000000000
123306  -19.562  -16.317  77.411 0.0000000000
66188  -19.960  -16.080  78.100 0.0000000000
66187  -19.096  -16.492  78.503 0.0000000000
65193  -16.564  -17.860  79.555 0.0000000000
66172  -18.140  -16.743  79.672 0.0000000000
124530  -16.517  -17.607  80.272 0.0000000000
123314  -16.351  -17.406  81.058 0.0000000000
65185  -15.735  -18.055  80.557 0.0000000000
62413  -11.520  -21.908  73.003 0.0000000000
62414  -12.848  -21.215  72.597 0.0000000000
62396  -11.273  -21.767  74.028 0.0000000000
63329  -12.013  -20.239  76.090 0.0000000000
63330  -12.868  -20.096  75.312 0.0000000000
123404  -13.583  -19.668  75.997 0.0000000000
63331  -14.783  -19.495  75.978 0.0000000000
63319  -14.277  -19.496  76.810 0.0000000000
63282  -12.357  -20.904  78.659 0.0000000000
64205  -12.848  -19.609  79.820 0.0000000000
63283  -12.998  -19.663  79.042 0.0000000000
63284  -14.326  -19.429  79.203 0.0000000000
63295  -14.853  -19.380  78.326 0.0000000000
63285  -14.935  -19.400  78.986 0.0000000000
64220  -15.494  -19.055  79.338 0.0000000000
64207  -14.640  -19.266  80.169 0.0000000000
64175  -12.448  -18.732  81.675 0.0000000000
64192  -13.886  -18.949  81.382 0.0000000000
138477  -13.368  -18.785  81.738 0.0000000000
64177  -13.606  -18.578  82.140 0.0000000000
64176  -12.867  -18.646  82.022 0.0000000000
64158  -12.457  -18.508  82.726 0.0000000000
119199  -10.922  -18.460  82.263 0.0000000000
64186  -7.983  -19.672  81.163 0.0000000000
64172  -8.779  -18.928  82.002 0.0000000000
63248  -7.175  -20.319  81.473 0.0000000000
62334  -7.885  -22.235  77.946 0.0000000000
61352  -7.017  -23.092  78.346 0.0000000000
60425  -6.361  -23.762  79.602 0.0000000000
60424  -5.513  -24.242  80.915 0.0000000000
56316  -5.775  -28.152  77.874 0.0000000000
56315  -4.964  -28.768  78.987 0.0000000000
75414  -58.012  -9.669  43.544 0.0000000000
75427  -57.902  -9.521  42.639 0.0000000000
75426  -57.257  -8.925  42.541 0.0000000000
67451  -50.417  -16.439  60.530 0.0000000000
68451  -51.231  -15.940  60.073 0.0000000000
68443  -51.404  -15.630  60.514 0.0000000000
72491  -51.681  -12.834  58.577 0.0000000000
72484  -52.344  -13.454  59.251 0.0000000000
130809  -52.208  -12.777  58.117 0.0000000000
72502  -52.351  -12.762  57.418 0.0000000000
71605  -50.986  -12.889  56.036 0.0000000000
142680  -48.325  -13.496  55.196 0.0000000000
71603  -49.034  -13.151  56.458 0.0000000000
119693  -48.466  -13.585  54.551 0.0000000000
71714  -48.324  -13.929  50.902 0.0000000000
137305  -48.790  -13.813  52.883 0.0000000000
141443  -49.278  -13.998  52.277 0.0000000000
71661  -50.350  -14.125  53.432 0.0000000000
71697  -49.390  -14.161  51.561 0.0000000000
134492  -49.423  -14.085  50.170 0.0000000000
71735  -48.426  -13.764  49.418 0.0000000000
132896  -46.190  -10.895  46.027 0.0000000000
73470  -46.735  -11.511  46.219 0.0000000000
74395  -46.437  -10.177  45.673 0.0000000000
142822  -6.984  -28.861  69.402 0.0000000000
53322  -10.044  -31.153  70.313 0.0000000000
55328  -9.460  -29.751  69.826 0.0000000000
54343  -10.073  -30.498  69.798 0.0000000000
54344  -10.598  -30.649  69.160 0.0000000000
51066  -1.074  -33.015  75.144 0.0000000000
51085  -1.225  -32.711  74.591 0.0000000000
51067  -1.382  -33.105  74.989 0.0000000000
52128  -5.777  -32.571  79.434 0.0000000000
52108  -6.213  -33.286  82.840 0.0000000000
50985  -6.061  -33.658  81.720 0.0000000000
50979  -5.832  -33.798  83.463 0.0000000000
50972  -5.150  -33.984  84.851 0.0000000000
54141  -5.251  -30.983  86.971 0.0000000000
53169  -5.356  -31.926  86.386 0.0000000000
53163  -4.797  -31.803  87.255 0.0000000000
52083  -3.720  -33.101  87.951 0.0000000000
52086  -4.085  -33.163  87.134 0.0000000000
138572  -3.630  -33.687  87.434 0.0000000000
136274  -4.210  -34.120  86.017 0.0000000000
50963  -3.250  -34.327  87.223 0.0000000000
49782  -3.072  -34.683  87.645 0.0000000000
49775  -3.140  -34.141  88.402 0.0000000000
48688  -5.184  -34.636  89.751 0.0000000000
47718  -3.991  -35.142  89.188 0.0000000000
48695  -5.277  -34.908  89.111 0.0000000000
71329  -30.187  -12.477  78.594 0.0000000000
73190  -30.807  -10.821  78.552 0.0000000000
74042  -30.952  -9.919  78.967 0.0000000000
76965  -28.375  -7.690  78.662 0.0000000000
77835  -29.191  -7.477  77.922 0.0000000000
76975  -27.695  -7.565  77.239 0.0000000000
76005  -25.901  -8.683  75.745 0.0000000000
75028  -25.380  -9.510  78.917 0.0000000000
75981  -26.044  -9.015  78.659 0.0000000000
141485  -24.962  -9.722  78.348 0.0000000000
75938  -19.296  -8.855  81.269 0.0000000000
127180  -18.296  -8.670  80.729 0.0000000000
77809  -15.266  -7.245  79.312 0.0000000000
76947  -17.620  -7.849  79.425 0.0000000000
139557  -16.976  -7.585  78.945 0.0000000000
76961  -17.584  -7.660  78.379 0.0000000000
76032  -8.232  -8.701  73.503 0.0000000000
76022  -7.967  -7.848  74.382 0.0000000000
138834  -7.795  -8.401  74.034 0.0000000000
75060  -6.648  -9.266  74.425 0.0000000000
75999  -6.409  -8.411  76.005 0.0000000000
76980  -6.421  -7.957  76.777 0.0000000000
141423  -5.847  -8.962  75.888 0.0000000000
72344  -4.885  -11.965  73.209 0.0000000000
73221  -5.637  -11.391  72.996 0.0000000000
75038  -5.214  -8.941  76.029 0.0000000000
75997  -5.154  -8.711  76.883 0.0000000000
75986  -4.517  -8.399  77.961 0.0000000000
120941  -4.604  -8.458  77.122 0.0000000000
76979  -3.821  -7.790  76.774 0.0000000000
77840  -3.670  -7.088  77.057 0.0000000000
78672  -3.826  -6.506  77.335 0.0000000000
69312  -2.880  -15.477  74.711 0.0000000000
69325  -2.346  -15.077  73.899 0.0000000000
70367  -1.643  -14.325  73.524 0.0000000000
72341  -2.328  -13.036  73.547 0.0000000000
71413  -1.907  -14.135  72.030 0.0000000000
72362  -2.154  -12.930  72.084 0.0000000000
74125  -3.284  -10.814  72.999 0.0000000000
74124  -2.930  -11.658  72.800 0.0000000000
119121  -3.669  -10.153  73.380 0.0000000000
75068  -3.883  -9.674  73.821 0.0000000000
76030  -3.673  -9.086  74.259 0.0000000000
139642  -3.471  -6.662  74.989 0.0000000000
77865  -3.486  -7.467  75.029 0.0000000000
78684  -3.979  -5.752  76.386 0.0000000000
78694  -3.944  -5.629  75.590 0.0000000000
79561  -4.528  -5.187  75.946 0.0000000000
79569  -4.494  -4.782  74.201 0.0000000000
79570  -5.161  -4.420  74.523 0.0000000000
80413  -6.426  -3.540  75.186 0.0000000000
138388  -5.664  -3.845  74.118 0.0000000000
77031  -3.728  -7.382  71.541 0.0000000000
77890  -3.709  -6.118  71.711 0.0000000000
80438  -3.706  -3.721  71.323 0.0000000000
79579  -4.016  -4.102  72.245 0.0000000000
80431  -5.243  -3.170  72.764 0.0000000000
80423  -6.268  -3.074  73.713 0.0000000000
81300  -5.976  -2.719  73.003 0.0000000000
81302  -7.034  -2.304  73.427 0.0000000000
122768  -5.889  -2.134  72.530 0.0000000000
141838  -4.587  -1.452  70.823 0.0000000000
82150  -5.671  -1.036  71.740 0.0000000000
82951  -7.000  -0.712  71.672 0.0000000000
82969  -6.244  -0.728  71.276 0.0000000000
82989  -6.112  -0.659  70.282 0.0000000000
124196  -4.126  -4.719  69.198 0.0000000000
120266  -4.658  -3.746  69.261 0.0000000000
78718  -4.519  -5.384  68.713 0.0000000000
130145  -4.938  -4.661  69.186 0.0000000000
77912  -4.464  -6.796  67.785 0.0000000000
75139  -2.775  -9.173  66.535 0.0000000000
77083  -3.160  -8.029  66.728 0.0000000000
76127  -3.056  -8.676  66.287 0.0000000000
74194  -3.611  -9.920  65.115 0.0000000000
76145  -3.830  -9.070  65.697 0.0000000000
76129  -4.083  -8.693  66.248 0.0000000000
76130  -4.707  -8.787  66.456 0.0000000000
75175  -4.449  -9.614  65.605 0.0000000000
72445  -3.923  -12.449  64.468 0.0000000000
72446  -4.978  -12.587  64.496 0.0000000000
71494  -4.026  -13.817  63.940 0.0000000000
66300  -3.096  -18.203  68.891 0.0000000000
67337  -3.201  -17.229  68.227 0.0000000000
67336  -2.454  -17.961  68.176 0.0000000000
66313  -1.798  -18.622  67.325 0.0000000000
67351  -2.170  -17.358  67.577 0.0000000000
67350  -1.694  -17.621  66.973 0.0000000000
68360  -1.765  -16.288  66.247 0.0000000000
67358  -1.707  -16.882  66.340 0.0000000000
63442  -3.735  -21.271  68.069 0.0000000000
64375  -2.635  -20.311  67.382 0.0000000000
64376  -3.404  -20.670  67.478 0.0000000000
134668  -3.571  -18.768  65.810 0.0000000000
65357  -2.994  -18.914  65.906 0.0000000000
138157  -2.825  -17.704  65.520 0.0000000000
68374  -2.215  -16.445  65.509 0.0000000000
67377  -2.820  -16.976  65.401 0.0000000000
68386  -2.824  -16.136  65.153 0.0000000000
124101  -3.442  -16.703  65.130 0.0000000000
143133  -4.057  -16.443  64.809 0.0000000000
68388  -4.794  -16.548  64.572 0.0000000000
68404  -5.335  -15.730  64.081 0.0000000000
67394  -5.725  -16.708  64.340 0.0000000000
67395  -6.580  -17.048  64.090 0.0000000000
67380  -6.060  -17.606  64.646 0.0000000000
64400  -7.474  -19.619  65.858 0.0000000000
65379  -7.586  -18.952  64.818 0.0000000000
65362  -7.920  -19.379  65.365 0.0000000000
125053  -8.800  -20.249  65.966 0.0000000000
61534  -7.676  -23.609  67.476 0.0000000000
62509  -8.120  -22.713  67.395 0.0000000000
61544  -8.397  -23.559  66.732 0.0000000000
61576  -8.888  -24.180  65.021 0.0000000000
61561  -9.316  -23.396  65.563 0.0000000000
62534  -9.990  -22.712  65.285 0.0000000000
130592  -33.622  -18.855  79.856 0.0000000000
64197  -32.584  -20.432  80.824 0.0000000000
66169  -33.276  -18.668  80.342 0.0000000000
65198  -33.326  -19.607  80.050 0.0000000000
67469  -52.448  -16.147  58.618 0.0000000000
68453  -52.787  -15.763  58.982 0.0000000000
53195  -3.716  -31.417  80.635 0.0000000000
52127  -4.505  -32.810  79.761 0.0000000000
57403  -4.334  -26.687  81.005 0.0000000000
129614  -4.124  -26.398  81.698 0.0000000000
57384  -3.835  -26.994  81.603 0.0000000000
56270  -3.581  -27.808  81.438 0.0000000000
56264  -3.022  -27.900  82.690 0.0000000000
56269  -3.258  -28.269  82.004 0.0000000000
122432  -3.266  -29.664  81.214 0.0000000000
136194  -27.886  -20.411  59.718 0.0000000000
65458  -26.300  -19.372  58.399 0.0000000000
66441  -26.189  -18.076  57.398 0.0000000000
67495  -26.125  -17.205  57.352 0.0000000000
66427  -25.771  -17.638  57.927 0.0000000000
68470  -25.579  -16.272  58.114 0.0000000000
62308  -17.397  -24.269  82.987 0.0000000000
62298  -17.967  -24.214  83.726 0.0000000000
67457  -24.680  -17.197  59.589 0.0000000000
66405  -24.799  -18.236  59.852 0.0000000000
61375  -19.586  -24.762  79.623 0.0000000000
61363  -19.118  -24.730  80.261 0.0000000000
61362  -18.181  -24.765  80.514 0.0000000000
142871  -17.993  -24.861  79.732 0.0000000000
72639  -58.504  -12.277  42.088 0.0000000000
73501  -58.427  -11.207  42.190 0.0000000000
69668  -58.196  -16.285  44.205 0.0000000000
119290  -0.780  -31.064  72.646 0.0000000000
53269  -1.064  -31.662  73.090 0.0000000000
73209  -31.236  -10.276  77.099 0.0000000000
75044  -32.348  -8.530  76.852 0.0000000000
73201  -31.274  -10.389  77.640 0.0000000000
75984  -32.299  -8.352  77.649 0.0000000000
76967  -32.155  -8.062  78.125 0.0000000000
77003  -11.550  -7.431  74.793 0.0000000000
76982  -11.764  -7.743  75.899 0.0000000000
130549  -10.753  -6.440  75.743 0.0000000000
78676  -10.370  -5.487  76.859 0.0000000000
79549  -9.825  -4.453  78.256 0.0000000000
80395  -9.818  -3.663  79.529 0.0000000000
80400  -9.375  -3.957  78.750 0.0000000000
79542  -8.349  -4.017  78.999 0.0000000000
79541  -7.583  -4.511  79.416 0.0000000000
78656  -7.120  -4.685  80.267 0.0000000000
78674  -7.653  -5.547  77.528 0.0000000000
77830  -7.296  -6.509  77.286 0.0000000000
57479  -2.453  -27.645  75.418 0.0000000000
57485  -2.388  -27.777  74.390 0.0000000000
57493  -2.086  -27.682  73.327 0.0000000000
55283  -0.903  -29.849  73.393 0.0000000000
63381  -37.846  -21.560  72.518 0.0000000000
69340  -35.732  -16.247  73.204 0.0000000000
69352  -36.163  -15.911  72.828 0.0000000000
128003  -35.384  -17.042  71.965 0.0000000000
68329  -35.223  -17.337  71.171 0.0000000000
67318  -34.918  -17.726  70.464 0.0000000000
125517  -34.589  -18.253  69.856 0.0000000000
119369  -34.589  -18.198  70.499 0.0000000000
66288  -34.273  -18.730  70.123 0.0000000000
64163  -24.732  -20.664  83.706 0.0000000000
64164  -25.309  -20.243  83.864 0.0000000000
64148  -25.641  -20.517  84.248 0.0000000000
65319  -33.182  -20.033  69.463 0.0000000000
65312  -33.509  -19.917  70.338 0.0000000000
64332  -33.193  -20.356  71.114 0.0000000000
66166  -27.563  -18.506  80.707 0.0000000000
65205  -27.820  -19.010  79.339 0.0000000000
66165  -26.844  -18.901  80.840 0.0000000000
65196  -26.524  -19.389  80.193 0.0000000000
65195  -25.781  -19.913  80.293 0.0000000000
65179  -25.233  -20.154  82.233 0.0000000000
67593  -56.230  -16.664  50.794 0.0000000000
69609  -57.184  -15.610  50.801 0.0000000000
68590  -56.892  -15.798  51.085 0.0000000000
71700  -57.615  -14.007  51.072 0.0000000000
71720  -57.492  -13.201  51.040 0.0000000000
138098  -48.141  -8.107  44.725 0.0000000000
129436  -53.080  -17.978  52.119 0.0000000000
66578  -53.619  -17.689  51.291 0.0000000000
53203  -0.160  -31.369  80.349 0.0000000000
51001  0.186  -33.343  81.361 0.0000000000
46834  -4.715  -36.833  86.938 0.0000000000
140243  -5.025  -36.674  86.453 0.0000000000
136457  -5.272  -36.328  86.693 0.0000000000
47747  -5.806  -35.865  86.265 0.0000000000
134960  -18.009  -16.967  81.403 0.0000000000
123057  -18.704  -16.729  81.396 0.0000000000
66144  -18.030  -16.894  82.136 0.0000000000
66133  -17.652  -16.719  83.127 0.0000000000
66127  -16.894  -16.413  84.557 0.0000000000
134624  -6.798  -14.544  86.287 0.0000000000
71201  -8.027  -14.628  85.698 0.0000000000
71212  -7.446  -14.463  85.985 0.0000000000
119510  -8.146  -15.215  84.972 0.0000000000
119507  -9.370  -15.424  83.764 0.0000000000
120453  -9.569  -15.362  82.796 0.0000000000
120454  -8.815  -15.217  83.123 0.0000000000
142398  -8.725  -15.024  82.358 0.0000000000
135618  -8.279  -14.646  81.638 0.0000000000
71291  -7.995  -14.366  80.955 0.0000000000
71273  -7.629  -14.550  81.646 0.0000000000
71272  -6.576  -14.782  82.685 0.0000000000
71258  -5.215  -15.317  83.407 0.0000000000
120618  -0.998  -28.213  82.624 0.0000000000
137289  -0.765  -26.955  82.593 0.0000000000
120766  -0.767  -28.245  81.908 0.0000000000
120617  -0.561  -27.474  81.638 0.0000000000
134983  -0.574  -27.978  81.262 0.0000000000
56294  -0.672  -28.055  80.655 0.0000000000
55223  -0.801  -29.506  80.867 0.0000000000
65404  -42.888  -19.011  63.666 0.0000000000
66372  -42.369  -18.446  63.137 0.0000000000
67430  -41.923  -17.817  62.071 0.0000000000
68462  -41.015  -16.971  59.051 0.0000000000
67463  -41.260  -17.226  59.837 0.0000000000
68475  -39.982  -16.883  58.029 0.0000000000
65339  -42.293  -20.442  68.538 0.0000000000
64386  -42.698  -21.069  68.322 0.0000000000
64385  -42.075  -20.742  67.822 0.0000000000
64398  -41.091  -20.980  66.906 0.0000000000
63469  -40.242  -22.043  65.930 0.0000000000
58492  -10.429  -26.908  78.597 0.0000000000
59444  -12.489  -25.101  88.397 0.0000000000
59436  -12.042  -24.641  89.037 0.0000000000
58404  -11.888  -25.575  87.767 0.0000000000
140258  -11.291  -26.079  87.242 0.0000000000
69389  -26.171  -15.354  68.546 0.0000000000
69397  -26.969  -15.759  67.923 0.0000000000
68358  -28.018  -16.023  68.085 0.0000000000
59597  -27.138  -24.932  69.103 0.0000000000
59612  -27.350  -24.961  68.338 0.0000000000
59596  -26.392  -25.202  69.242 0.0000000000
59595  -25.567  -25.349  69.285 0.0000000000
59609  -25.101  -25.582  68.452 0.0000000000
62475  -15.781  -22.727  69.445 0.0000000000
63418  -15.926  -21.716  69.177 0.0000000000
64337  -16.265  -20.576  69.359 0.0000000000
64351  -17.708  -19.495  69.123 0.0000000000
65316  -18.643  -18.847  69.384 0.0000000000
64339  -17.802  -18.792  70.056 0.0000000000
64325  -16.915  -18.861  70.891 0.0000000000
64313  -17.542  -18.412  72.037 0.0000000000
64312  -16.634  -18.858  71.879 0.0000000000
63354  -15.246  -19.587  72.717 0.0000000000
63353  -14.468  -20.052  73.048 0.0000000000
61356  -12.169  -23.970  78.784 0.0000000000
60438  -11.268  -25.795  75.572 0.0000000000
71620  -45.936  -13.437  55.309 0.0000000000
119504  -46.347  -13.514  54.531 0.0000000000
119499  -45.196  -13.527  53.617 0.0000000000
119485  -44.863  -13.718  52.066 0.0000000000
56548  -6.354  -28.373  65.949 0.0000000000
56531  -6.814  -28.637  66.301 0.0000000000
56499  -7.786  -28.716  67.912 0.0000000000
56239  -5.492  -28.256  88.418 0.0000000000
56238  -5.006  -29.085  88.649 0.0000000000
57314  -5.091  -28.228  89.263 0.0000000000
123643  -23.816  -10.356  83.870 0.0000000000
119574  -23.841  -10.308  82.453 0.0000000000
125564  -22.935  -10.079  82.225 0.0000000000
74996  -22.164  -9.676  81.813 0.0000000000
75010  -21.355  -9.297  80.841 0.0000000000
81274  -5.439  -2.408  80.653 0.0000000000
82094  -5.833  -1.371  81.359 0.0000000000
140856  -5.929  -2.156  80.118 0.0000000000
81275  -6.313  -1.678  80.070 0.0000000000
80405  -6.487  -3.362  77.452 0.0000000000
69315  -3.985  -15.334  75.447 0.0000000000
69326  -3.297  -14.738  74.884 0.0000000000
70355  -2.649  -14.147  74.497 0.0000000000
70399  -4.314  -14.748  70.123 0.0000000000
70404  -4.442  -14.306  69.429 0.0000000000
143012  -3.364  -12.327  69.537 0.0000000000
72376  -3.511  -12.028  68.783 0.0000000000
124038  -3.472  -11.810  67.969 0.0000000000
73273  -3.132  -11.328  67.417 0.0000000000
71434  -3.677  -13.088  67.415 0.0000000000
130507  -3.743  -14.583  67.278 0.0000000000
58590  -3.999  -26.902  68.189 0.0000000000
59607  -4.347  -24.830  68.878 0.0000000000
58591  -4.481  -26.858  67.722 0.0000000000
59622  -5.415  -25.938  67.682 0.0000000000
59631  -5.987  -26.000  67.017 0.0000000000
137631  -5.527  -26.545  66.957 0.0000000000
72434  -7.371  -12.536  65.557 0.0000000000
72435  -8.337  -12.693  65.708 0.0000000000
71480  -7.457  -13.467  64.141 0.0000000000
70469  -7.538  -14.405  62.897 0.0000000000
63328  -35.940  -21.236  76.813 0.0000000000
64260  -36.264  -20.560  76.456 0.0000000000
65227  -36.792  -19.297  76.620 0.0000000000
128302  -36.787  -18.785  76.956 0.0000000000
68275  -35.368  -16.621  78.627 0.0000000000
68282  -35.872  -16.631  78.073 0.0000000000
69282  -35.478  -16.017  78.258 0.0000000000
70320  -35.709  -15.629  77.808 0.0000000000
70329  -36.152  -15.336  77.103 0.0000000000
70338  -35.831  -15.106  76.545 0.0000000000
70327  -35.144  -15.171  76.962 0.0000000000
69309  -34.787  -15.435  76.571 0.0000000000
68302  -33.931  -16.434  75.924 0.0000000000
61414  -35.753  -21.732  76.943 0.0000000000
67205  -28.843  -18.397  82.812 0.0000000000
66132  -28.519  -19.115  83.297 0.0000000000
64182  -29.606  -20.143  83.183 0.0000000000
67275  -33.522  -17.191  75.892 0.0000000000
68296  -33.317  -16.597  76.627 0.0000000000
68288  -32.941  -16.188  77.305 0.0000000000
67258  -32.413  -16.447  77.685 0.0000000000
68248  -31.683  -17.341  81.630 0.0000000000
69246  -31.921  -16.256  80.899 0.0000000000
68255  -31.468  -16.858  81.283 0.0000000000
68254  -30.659  -16.921  81.430 0.0000000000
121739  -30.055  -16.800  81.068 0.0000000000
67224  -29.368  -17.049  81.476 0.0000000000
67565  -54.938  -17.097  54.745 0.0000000000
67544  -54.681  -16.957  55.471 0.0000000000
69568  -55.612  -15.184  55.165 0.0000000000
123834  -54.546  -13.370  56.388 0.0000000000
72516  -54.684  -13.129  56.055 0.0000000000
72538  -54.190  -13.162  55.235 0.0000000000
70626  -53.486  -14.298  53.506 0.0000000000
70651  -53.181  -14.469  51.936 0.0000000000
70657  -52.095  -14.565  50.798 0.0000000000
71717  -50.878  -14.271  49.879 0.0000000000
71755  -49.657  -13.655  48.550 0.0000000000
53174  -0.687  -31.009  83.179 0.0000000000
52093  -0.695  -31.862  83.099 0.0000000000
52098  -1.159  -32.582  82.819 0.0000000000
142525  -3.284  -35.107  81.299 0.0000000000
48760  -3.287  -35.682  81.708 0.0000000000
48753  -3.611  -36.114  82.555 0.0000000000
47761  -2.920  -36.637  84.023 0.0000000000
47754  -2.470  -36.571  85.889 0.0000000000
139703  -2.562  -36.065  86.563 0.0000000000
48719  -2.570  -35.966  87.065 0.0000000000
65147  -8.355  -18.679  83.597 0.0000000000
65148  -9.347  -18.105  83.934 0.0000000000
64143  -7.447  -18.939  84.115 0.0000000000
64140  -6.984  -18.955  84.738 0.0000000000
61289  -4.185  -22.778  85.155 0.0000000000
62263  -4.410  -21.853  85.208 0.0000000000
128452  -4.170  -22.118  85.780 0.0000000000
62240  -4.238  -21.177  86.647 0.0000000000
64129  -4.478  -19.876  87.444 0.0000000000
65116  -4.699  -19.002  87.960 0.0000000000
64125  -4.168  -20.213  87.910 0.0000000000
64124  -3.435  -20.037  87.852 0.0000000000
64122  -2.599  -19.823  87.750 0.0000000000
65118  -2.452  -19.859  87.431 0.0000000000
63216  -2.622  -21.179  87.158 0.0000000000
62238  -2.420  -21.851  86.666 0.0000000000
61267  -2.341  -22.998  86.106 0.0000000000
55181  -2.095  -28.507  84.100 0.0000000000
56251  -2.160  -28.163  84.495 0.0000000000
55180  -1.823  -28.643  84.097 0.0000000000
56250  -1.752  -28.003  84.214 0.0000000000
56249  -1.681  -28.233  84.166 0.0000000000
56255  -1.392  -28.402  83.453 0.0000000000
55189  -1.410  -29.014  83.506 0.0000000000
54156  -0.980  -30.321  83.276 0.0000000000
57563  -45.981  -27.747  66.523 0.0000000000
57578  -46.491  -27.056  66.152 0.0000000000
57564  -46.363  -27.236  66.859 0.0000000000
58608  -47.040  -26.230  66.720 0.0000000000
126747  -46.938  -24.300  66.661 0.0000000000
61558  -46.352  -23.712  66.483 0.0000000000
61574  -45.197  -23.057  66.122 0.0000000000
64441  -35.072  -21.600  64.384 0.0000000000
63489  -34.567  -22.086  63.710 0.0000000000
63502  -33.964  -22.271  63.144 0.0000000000
62610  -32.488  -22.918  60.545 0.0000000000
64519  -28.346  -20.748  56.703 0.0000000000
64520  -29.227  -20.852  56.330 0.0000000000
124997  -12.202  -24.248  82.860 0.0000000000
123645  -12.935  -24.123  82.619 0.0000000000
61307  -13.179  -23.794  84.230 0.0000000000
134559  -15.878  -23.445  85.489 0.0000000000
62268  -14.984  -23.443  85.530 0.0000000000
120458  -15.474  -23.189  86.222 0.0000000000
62255  -15.147  -22.925  87.117 0.0000000000
62245  -14.583  -22.896  87.835 0.0000000000
143641  -14.222  -22.924  88.248 0.0000000000
62222  -14.859  -23.332  88.778 0.0000000000
125264  -15.227  -23.479  88.733 0.0000000000
59447  -15.372  -24.730  87.980 0.0000000000
61430  -22.396  -23.530  74.049 0.0000000000
137263  -22.010  -23.637  74.537 0.0000000000
119371  -20.870  -23.719  74.215 0.0000000000
120060  -20.112  -23.903  74.088 0.0000000000
121218  -18.401  -25.226  75.611 0.0000000000
137103  -18.677  -24.801  74.781 0.0000000000
61420  -17.918  -25.176  74.787 0.0000000000
137878  -17.244  -25.236  74.481 0.0000000000
60480  -16.498  -24.740  72.998 0.0000000000
128900  -15.460  -24.844  72.700 0.0000000000
60474  -15.954  -24.997  73.739 0.0000000000
60479  -14.832  -24.983  73.644 0.0000000000
60478  -13.695  -25.481  73.532 0.0000000000
59552  -11.271  -26.005  73.681 0.0000000000
60471  -12.672  -25.588  75.294 0.0000000000
60461  -13.045  -24.893  76.467 0.0000000000
137267  -15.876  -24.965  80.286 0.0000000000
61372  -15.577  -25.058  79.629 0.0000000000
121489  -13.743  -24.754  80.621 0.0000000000
72580  -39.571  -12.342  49.001 0.0000000000
73449  -39.995  -11.618  48.770 0.0000000000
143752  -58.232  -17.539  41.666 0.0000000000
54353  -3.326  -29.027  69.381 0.0000000000
54342  -4.071  -29.263  69.941 0.0000000000
54341  -3.266  -29.365  69.886 0.0000000000
54326  -4.179  -29.616  70.702 0.0000000000
54308  -4.572  -30.011  71.630 0.0000000000
53273  -5.539  -31.410  73.771 0.0000000000
52194  -7.430  -32.174  73.780 0.0000000000
73193  -17.563  -11.377  78.354 0.0000000000
74056  -17.199  -10.550  78.820 0.0000000000
74055  -16.346  -10.648  78.646 0.0000000000
133957  -14.636  -10.606  78.829 0.0000000000
74043  -13.869  -9.939  79.895 0.0000000000
132564  -10.549  -6.201  80.960 0.0000000000
77799  -10.952  -7.122  80.743 0.0000000000
77794  -10.518  -7.000  81.786 0.0000000000
127515  -10.584  -6.799  83.256 0.0000000000
78641  -11.242  -6.036  84.208 0.0000000000
78636  -11.897  -5.639  85.362 0.0000000000
78631  -11.660  -5.120  85.404 0.0000000000
79498  -11.924  -3.279  86.058 0.0000000000
119758  -8.154  -2.018  84.747 0.0000000000
81214  -8.616  -1.233  85.736 0.0000000000
82065  -7.870  -0.799  86.285 0.0000000000
131217  -4.720  -0.529  86.103 0.0000000000
77787  -5.826  -6.072  82.313 0.0000000000
78644  -5.450  -5.255  83.283 0.0000000000
77786  -5.397  -6.086  82.423 0.0000000000
128979  -4.817  -5.523  82.791 0.0000000000
79526  -4.561  -4.766  82.733 0.0000000000
134898  -4.426  -4.357  81.964 0.0000000000
78649  -4.596  -6.011  81.650 0.0000000000
77797  -4.462  -6.805  80.564 0.0000000000
76924  -4.263  -7.128  79.973 0.0000000000
64251  -3.351  -20.154  77.240 0.0000000000
64252  -3.664  -20.117  76.424 0.0000000000
64261  -3.915  -20.395  75.677 0.0000000000
62411  -3.631  -22.533  73.979 0.0000000000
63350  -3.767  -21.874  73.676 0.0000000000
63351  -4.129  -21.291  73.399 0.0000000000
64310  -4.440  -20.591  72.100 0.0000000000
64323  -4.028  -20.435  71.155 0.0000000000
64336  -3.302  -20.145  70.356 0.0000000000
121252  -2.982  -21.314  71.049 0.0000000000
62442  -2.385  -22.418  70.834 0.0000000000
57508  -1.509  -27.311  70.962 0.0000000000
58563  -1.713  -26.723  70.324 0.0000000000
58569  -1.882  -26.871  69.753 0.0000000000
58578  -2.126  -27.018  69.392 0.0000000000
58579  -2.508  -26.637  69.104 0.0000000000
57536  -2.040  -27.591  69.304 0.0000000000
55341  -2.233  -28.487  69.310 0.0000000000
76108  -7.100  -8.484  67.765 0.0000000000
75141  -6.420  -9.070  67.312 0.0000000000
75161  -5.768  -9.566  66.685 0.0000000000
59577  -39.853  -25.566  71.622 0.0000000000
127488  -40.995  -24.883  72.168 0.0000000000
130783  -41.486  -21.918  72.506 0.0000000000
63403  -42.657  -20.919  71.730 0.0000000000
64333  -43.081  -20.473  71.010 0.0000000000
65306  -42.847  -19.494  71.164 0.0000000000
66289  -42.599  -19.071  70.825 0.0000000000
121513  -42.259  -18.633  70.680 0.0000000000
67283  -38.697  -17.411  75.037 0.0000000000
66248  -39.408  -17.804  74.437 0.0000000000
67284  -39.501  -17.051  74.578 0.0000000000
68310  -39.754  -16.673  74.325 0.0000000000
69336  -40.319  -16.456  73.290 0.0000000000
69376  -37.845  -15.608  70.973 0.0000000000
69377  -38.709  -15.662  70.797 0.0000000000
68340  -38.177  -16.068  70.210 0.0000000000
68341  -39.129  -16.080  70.108 0.0000000000
68352  -39.574  -16.682  69.618 0.0000000000
67331  -40.024  -17.289  69.167 0.0000000000
67330  -39.081  -17.232  69.099 0.0000000000
67345  -38.609  -17.860  68.695 0.0000000000
66319  -37.604  -19.078  67.958 0.0000000000
65333  -36.959  -19.609  67.650 0.0000000000
66318  -36.067  -19.249  67.793 0.0000000000
67362  -32.905  -19.616  66.933 0.0000000000
67372  -33.124  -19.581  66.552 0.0000000000
138588  -32.540  -19.685  66.227 0.0000000000
141140  -32.259  -19.614  65.508 0.0000000000
66369  -31.455  -19.522  63.957 0.0000000000
66368  -30.986  -19.966  63.473 0.0000000000
66354  -30.991  -19.640  64.177 0.0000000000
65398  -30.605  -20.012  63.709 0.0000000000
65397  -30.145  -20.236  63.436 0.0000000000
62301  -21.154  -23.726  83.238 0.0000000000
62302  -21.860  -23.363  83.491 0.0000000000
119609  -22.273  -23.330  84.597 0.0000000000
61299  -24.753  -23.475  84.967 0.0000000000
61298  -24.103  -23.734  85.071 0.0000000000
60396  -24.385  -24.075  84.915 0.0000000000
58456  -23.366  -25.020  84.041 0.0000000000
58462  -22.973  -25.301  83.322 0.0000000000
63466  -31.070  -21.349  65.092 0.0000000000
63414  -31.698  -21.700  69.829 0.0000000000
62505  -31.278  -22.221  68.522 0.0000000000
62487  -31.087  -22.146  69.414 0.0000000000
62486  -30.440  -22.580  69.835 0.0000000000
61516  -29.899  -23.067  69.389 0.0000000000
61503  -29.372  -23.488  69.785 0.0000000000
122632  -29.233  -23.465  70.609 0.0000000000
61486  -28.735  -23.795  71.637 0.0000000000
65240  -32.138  -19.120  75.812 0.0000000000
132757  -32.338  -19.656  75.186 0.0000000000
65255  -31.695  -19.926  75.522 0.0000000000
64271  -30.515  -20.722  75.627 0.0000000000
63313  -27.935  -20.888  76.822 0.0000000000
63325  -28.339  -21.324  76.230 0.0000000000
63333  -27.900  -21.811  75.737 0.0000000000
62389  -27.595  -22.251  75.348 0.0000000000
62405  -27.619  -22.624  74.738 0.0000000000
133288  -27.134  -22.509  75.252 0.0000000000
62404  -26.825  -22.856  74.813 0.0000000000
62403  -25.991  -23.051  74.880 0.0000000000
134050  -25.011  -22.741  75.859 0.0000000000
62375  -24.566  -22.713  76.469 0.0000000000
64222  -24.372  -21.592  80.201 0.0000000000
63287  -23.973  -22.224  79.720 0.0000000000
63275  -23.709  -22.144  80.633 0.0000000000
136801  -22.616  -23.407  80.333 0.0000000000
138493  -22.479  -23.293  81.178 0.0000000000
69629  -58.009  -15.636  47.430 0.0000000000
71773  -58.502  -13.551  46.495 0.0000000000
130049  -58.471  -12.935  47.075 0.0000000000
128443  -58.151  -11.188  46.716 0.0000000000
74391  -56.877  -10.196  47.119 0.0000000000
122167  -56.852  -9.928  46.410 0.0000000000
74402  -56.314  -10.362  45.947 0.0000000000
74412  -54.432  -10.919  44.015 0.0000000000
75410  -53.444  -9.332  43.178 0.0000000000
127825  -52.870  -7.977  43.066 0.0000000000
120080  -52.818  -8.794  43.285 0.0000000000
73405  -55.969  -12.156  51.912 0.0000000000
73420  -56.246  -11.754  51.244 0.0000000000
73444  -55.038  -11.842  50.142 0.0000000000
72594  -54.503  -12.643  48.618 0.0000000000
72608  -54.323  -12.668  47.630 0.0000000000
78086  -49.828  -5.800  45.364 0.0000000000
77264  -49.771  -7.168  44.301 0.0000000000
67625  -54.637  -17.435  49.464 0.0000000000
67634  -54.239  -17.121  48.852 0.0000000000
126211  -55.027  -17.270  48.738 0.0000000000
67639  -55.263  -16.917  48.154 0.0000000000
68634  -56.555  -16.572  48.029 0.0000000000
68636  -57.545  -16.146  47.605 0.0000000000
53246  -0.613  -31.659  76.574 0.0000000000
119999  -0.931  -31.130  76.898 0.0000000000
52148  -0.453  -32.223  77.019 0.0000000000
51035  -0.473  -33.412  76.894 0.0000000000
125687  -0.499  -35.615  78.971 0.0000000000
48781  -0.361  -35.064  78.421 0.0000000000
47797  -1.232  -36.277  79.013 0.0000000000
46902  -1.586  -36.561  78.735 0.0000000000
46896  -2.585  -37.349  78.955 0.0000000000
45941  -4.364  -38.015  78.910 0.0000000000
45940  -3.663  -37.888  79.151 0.0000000000
45011  -3.977  -38.139  79.409 0.0000000000
45931  -5.663  -38.305  80.198 0.0000000000
48740  -0.914  -35.471  82.004 0.0000000000
47773  -0.900  -36.607  81.935 0.0000000000
46861  -1.277  -37.604  82.338 0.0000000000
44974  -1.513  -38.272  82.788 0.0000000000
45892  -5.376  -37.346  83.987 0.0000000000
46857  -6.062  -36.804  83.637 0.0000000000
45899  -5.595  -37.440  83.099 0.0000000000
67262  -26.329  -17.732  77.535 0.0000000000
68277  -27.132  -16.960  78.337 0.0000000000
67243  -26.492  -16.625  78.389 0.0000000000
68269  -26.257  -15.756  78.776 0.0000000000
68261  -25.881  -14.980  79.312 0.0000000000
126419  -22.174  -14.703  82.720 0.0000000000
68243  -22.667  -14.816  81.949 0.0000000000
68234  -22.171  -14.329  83.513 0.0000000000
69229  -23.051  -13.316  84.004 0.0000000000
70250  -23.526  -12.864  84.457 0.0000000000
71255  -24.187  -12.130  84.106 0.0000000000
70245  -23.375  -13.173  85.058 0.0000000000
71208  -22.557  -12.934  86.076 0.0000000000
72289  -21.994  -12.648  86.531 0.0000000000
66112  -10.854  -17.463  86.108 0.0000000000
66114  -12.697  -17.418  85.967 0.0000000000
125395  -12.218  -17.230  86.735 0.0000000000
67175  -12.440  -17.209  86.982 0.0000000000
67173  -13.376  -16.389  86.746 0.0000000000
71231  -13.054  -15.441  84.812 0.0000000000
70242  -13.677  -15.437  85.390 0.0000000000
71232  -13.999  -15.421  84.921 0.0000000000
71234  -15.875  -14.767  85.195 0.0000000000
71235  -16.879  -14.248  84.951 0.0000000000
71236  -17.735  -13.946  85.488 0.0000000000
71253  -17.056  -14.224  84.681 0.0000000000
118907  -17.407  -13.717  84.255 0.0000000000
127394  -17.744  -13.264  83.086 0.0000000000
71298  -18.147  -13.195  81.685 0.0000000000
141566  -16.820  -13.858  81.978 0.0000000000
71310  -16.661  -13.902  80.726 0.0000000000
70287  -16.114  -14.259  80.063 0.0000000000
70312  -12.808  -14.336  78.128 0.0000000000
70313  -13.695  -14.345  78.491 0.0000000000
121841  -12.517  -14.106  77.083 0.0000000000
71363  -13.616  -13.808  75.460 0.0000000000
142274  -13.668  -13.616  74.870 0.0000000000
72337  -14.021  -12.493  73.917 0.0000000000
71397  -13.210  -12.851  73.615 0.0000000000
72348  -12.659  -12.416  73.078 0.0000000000
72359  -12.157  -11.916  72.556 0.0000000000
142991  -10.823  -11.492  72.366 0.0000000000
72346  -11.000  -13.020  72.992 0.0000000000
71394  -10.569  -13.497  73.651 0.0000000000
118988  -10.138  -13.920  74.265 0.0000000000
70309  -7.559  -14.777  78.668 0.0000000000
70308  -6.834  -15.136  78.543 0.0000000000
69276  -6.130  -15.414  78.098 0.0000000000
69290  -6.496  -15.469  77.436 0.0000000000
135370  -5.832  -15.621  76.798 0.0000000000
70306  -2.965  -16.165  78.908 0.0000000000
126573  -2.421  -19.601  85.270 0.0000000000
67196  -2.412  -18.892  84.737 0.0000000000
65136  -2.340  -20.005  84.752 0.0000000000
65146  -2.217  -19.981  84.058 0.0000000000
129837  -2.103  -20.415  83.696 0.0000000000
63257  -2.201  -21.800  82.375 0.0000000000
129212  -2.126  -22.674  81.787 0.0000000000
63265  -2.336  -21.787  81.693 0.0000000000
65192  -2.342  -19.845  81.124 0.0000000000
135229  -2.475  -19.277  80.408 0.0000000000
65200  -2.420  -20.030  80.313 0.0000000000
128033  -2.501  -20.169  79.349 0.0000000000
64240  -2.728  -19.925  78.594 0.0000000000
131046  -2.498  -21.275  79.410 0.0000000000
62355  -2.644  -22.932  79.222 0.0000000000
57450  -1.169  -27.871  79.804 0.0000000000
138743  -1.431  -26.828  79.573 0.0000000000
56336  -1.396  -28.317  79.079 0.0000000000
57461  -1.637  -27.805  78.503 0.0000000000
57471  -1.956  -28.087  77.470 0.0000000000
67433  -48.276  -16.728  61.667 0.0000000000
68416  -48.284  -16.207  63.783 0.0000000000
70464  -48.566  -15.012  63.601 0.0000000000
70496  -48.248  -14.156  62.889 0.0000000000
71525  -48.037  -13.946  62.124 0.0000000000
70515  -47.359  -14.114  61.662 0.0000000000
70514  -46.671  -14.471  61.043 0.0000000000
62574  -46.265  -22.569  63.465 0.0000000000
63495  -46.238  -22.047  63.255 0.0000000000
64430  -46.405  -20.878  64.084 0.0000000000
140861  -46.276  -19.750  64.233 0.0000000000
139064  -46.325  -18.683  64.569 0.0000000000
68427  -43.621  -16.745  62.493 0.0000000000
68440  -43.811  -16.444  61.728 0.0000000000
69475  -44.267  -16.037  61.164 0.0000000000
69491  -44.559  -15.766  60.429 0.0000000000
69510  -44.584  -15.461  59.661 0.0000000000
70549  -44.304  -15.276  58.985 0.0000000000
70562  -44.054  -14.957  58.193 0.0000000000
119014  -42.145  -13.698  54.959 0.0000000000
70597  -42.322  -13.925  55.690 0.0000000000
71637  -41.427  -13.815  54.444 0.0000000000
71656  -40.778  -13.930  53.845 0.0000000000
70622  -38.426  -14.254  53.701 0.0000000000
128784  -38.714  -14.109  53.215 0.0000000000
71678  -38.200  -13.948  52.551 0.0000000000
57507  -42.800  -26.924  71.875 0.0000000000
128468  -43.000  -27.405  71.436 0.0000000000
58561  -43.880  -26.579  71.460 0.0000000000
58562  -44.250  -26.150  70.916 0.0000000000
59578  -44.205  -25.630  70.447 0.0000000000
61542  -42.492  -24.231  67.455 0.0000000000
60569  -42.840  -24.704  67.248 0.0000000000
60585  -42.567  -24.513  66.600 0.0000000000
60601  -43.000  -24.367  66.160 0.0000000000
61587  -42.099  -23.902  64.877 0.0000000000
62587  -41.551  -22.272  62.114 0.0000000000
62583  -36.400  -23.093  62.804 0.0000000000
62596  -35.881  -23.038  61.233 0.0000000000
62613  -36.048  -22.613  60.392 0.0000000000
62614  -36.707  -22.748  60.867 0.0000000000
135150  -38.164  -19.984  60.144 0.0000000000
56338  -6.376  -28.722  76.858 0.0000000000
55244  -6.589  -29.956  77.198 0.0000000000
55255  -7.151  -29.374  76.568 0.0000000000
55257  -8.347  -29.628  76.748 0.0000000000
54231  -8.490  -30.162  78.317 0.0000000000
57385  -8.647  -28.069  82.905 0.0000000000
56265  -8.117  -28.397  83.638 0.0000000000
56259  -7.749  -28.679  84.415 0.0000000000
135080  -7.465  -28.224  85.222 0.0000000000
129657  -6.985  -27.419  86.489 0.0000000000
59465  -7.219  -26.727  86.853 0.0000000000
60405  -10.542  -24.341  84.382 0.0000000000
61303  -10.249  -24.138  85.230 0.0000000000
60386  -9.541  -24.128  86.470 0.0000000000
59430  -9.912  -24.493  89.951 0.0000000000
61251  -9.239  -23.993  89.792 0.0000000000
60351  -9.394  -24.349  89.908 0.0000000000
60358  -8.633  -24.593  89.770 0.0000000000
61250  -8.393  -24.491  89.340 0.0000000000
60357  -7.974  -25.005  89.696 0.0000000000
60349  -7.996  -25.185  89.831 0.0000000000
58393  -7.746  -26.214  89.893 0.0000000000
123093  -7.838  -26.809  89.505 0.0000000000
57313  -7.599  -27.912  89.408 0.0000000000
123130  -8.082  -28.199  88.859 0.0000000000
55165  -8.509  -29.201  88.230 0.0000000000
61284  -19.593  -24.290  85.574 0.0000000000
60377  -19.428  -24.784  86.328 0.0000000000
59459  -19.450  -24.974  86.430 0.0000000000
57358  -18.152  -25.662  83.781 0.0000000000
140341  -18.394  -25.646  84.475 0.0000000000
57343  -16.774  -25.763  84.634 0.0000000000
58442  -16.325  -25.880  85.378 0.0000000000
57342  -15.843  -25.771  84.555 0.0000000000
72339  -29.251  -12.065  74.650 0.0000000000
70373  -28.765  -14.317  73.999 0.0000000000
69338  -28.698  -15.087  73.759 0.0000000000
125162  -28.777  -16.653  73.933 0.0000000000
63498  -28.165  -21.658  62.403 0.0000000000
62578  -27.815  -22.486  62.720 0.0000000000
62562  -27.073  -22.265  62.755 0.0000000000
61580  -27.766  -23.199  64.759 0.0000000000
63465  -26.949  -22.246  64.724 0.0000000000
64404  -27.058  -21.434  65.361 0.0000000000
63461  -27.119  -21.796  66.155 0.0000000000
142972  -21.881  -23.898  70.481 0.0000000000
143149  -22.163  -24.367  69.605 0.0000000000
60538  -21.635  -23.950  69.882 0.0000000000
128451  -21.667  -24.225  68.983 0.0000000000
121035  -21.489  -24.312  67.147 0.0000000000
63450  -20.815  -21.937  66.879 0.0000000000
63460  -20.521  -22.301  66.815 0.0000000000
62512  -21.439  -22.148  66.883 0.0000000000
139334  -24.510  -23.402  67.289 0.0000000000
61538  -25.243  -23.492  67.184 0.0000000000
61529  -25.908  -23.348  67.894 0.0000000000
62501  -26.700  -23.045  68.448 0.0000000000
62502  -27.625  -22.557  68.280 0.0000000000
63437  -28.776  -21.390  68.262 0.0000000000
123496  -27.220  -22.691  69.204 0.0000000000
62484  -27.538  -22.504  69.791 0.0000000000
62470  -27.386  -22.447  70.415 0.0000000000
64329  -22.749  -20.475  71.602 0.0000000000
123958  -23.575  -21.716  72.037 0.0000000000
63373  -24.508  -21.846  72.522 0.0000000000
63356  -25.067  -21.642  73.167 0.0000000000
63358  -26.999  -21.568  73.359 0.0000000000
64302  -27.803  -21.032  73.701 0.0000000000
64301  -26.274  -21.294  74.004 0.0000000000
64285  -26.657  -20.782  74.541 0.0000000000
64269  -26.191  -20.368  75.185 0.0000000000
65251  -25.768  -19.839  75.738 0.0000000000
127551  -24.223  -19.918  75.318 0.0000000000
64267  -23.869  -19.298  75.087 0.0000000000
65248  -23.404  -17.755  74.590 0.0000000000
66251  -18.666  -17.426  74.933 0.0000000000
66238  -18.283  -17.323  75.867 0.0000000000
66221  -18.282  -17.167  76.865 0.0000000000
66203  -18.197  -16.987  77.897 0.0000000000
65211  -17.351  -17.446  78.360 0.0000000000
64221  -16.048  -18.576  79.268 0.0000000000
126909  -12.358  -22.577  73.957 0.0000000000
62380  -11.738  -21.400  74.416 0.0000000000
62369  -12.033  -21.537  75.263 0.0000000000
121213  -12.313  -20.185  79.107 0.0000000000
64206  -13.884  -19.222  80.378 0.0000000000
64190  -12.304  -19.272  80.590 0.0000000000
64189  -11.727  -18.739  81.046 0.0000000000
119398  -11.101  -18.478  81.457 0.0000000000
123950  -9.913  -18.947  80.332 0.0000000000
63259  -7.714  -20.465  80.498 0.0000000000
123222  -7.859  -26.228  75.517 0.0000000000
59518  -6.394  -25.525  77.862 0.0000000000
58489  -5.723  -25.985  78.770 0.0000000000
58501  -6.537  -26.526  77.117 0.0000000000
57440  -6.058  -27.134  77.480 0.0000000000
75424  -56.264  -8.929  42.059 0.0000000000
75438  -55.854  -8.572  41.408 0.0000000000
76402  -55.076  -7.931  41.384 0.0000000000
70517  -51.368  -14.865  60.891 0.0000000000
71546  -51.744  -14.452  60.229 0.0000000000
71558  -51.260  -14.250  60.263 0.0000000000
125493  -51.028  -12.970  59.128 0.0000000000
72500  -50.402  -12.837  57.384 0.0000000000
120433  -46.768  -13.752  51.028 0.0000000000
71659  -48.036  -13.715  53.029 0.0000000000
71713  -47.053  -13.762  50.258 0.0000000000
121104  -47.517  -13.840  50.930 0.0000000000
71734  -47.425  -13.615  49.317 0.0000000000
71752  -47.492  -13.085  48.277 0.0000000000
73469  -45.931  -11.557  46.431 0.0000000000
118987  -8.035  -29.332  70.406 0.0000000000
54330  -9.467  -30.444  70.355 0.0000000000
49929  -2.146  -34.404  76.050 0.0000000000
49944  -2.105  -33.849  75.565 0.0000000000
140603  -3.199  -34.369  76.238 0.0000000000
49915  -4.505  -34.732  76.768 0.0000000000
53196  -7.120  -32.125  80.428 0.0000000000
138828  -6.647  -32.797  80.437 0.0000000000
124095  -6.929  -32.476  81.322 0.0000000000
52102  -6.670  -32.481  83.186 0.0000000000
52095  -5.989  -32.683  84.739 0.0000000000
137416  -4.081  -31.353  89.160 0.0000000000
53162  -4.290  -31.644  88.003 0.0000000000
53155  -3.744  -32.244  89.153 0.0000000000
52079  -3.297  -32.895  88.930 0.0000000000
50944  -3.192  -33.376  88.898 0.0000000000
49766  -3.201  -34.074  89.000 0.0000000000
127954  -3.815  -33.800  89.988 0.0000000000
129264  -5.071  -34.207  90.242 0.0000000000
49758  -5.748  -34.073  90.117 0.0000000000
72320  -29.457  -11.612  79.500 0.0000000000
75014  -30.600  -9.615  79.370 0.0000000000
75945  -29.913  -9.131  79.825 0.0000000000
76939  -29.240  -8.171  79.727 0.0000000000
76964  -27.600  -7.856  78.644 0.0000000000
120065  -22.665  -11.076  78.226 0.0000000000
75951  -16.138  -9.074  80.712 0.0000000000
76933  -16.498  -8.431  80.359 0.0000000000
76932  -15.707  -8.531  80.478 0.0000000000
141060  -14.816  -7.216  79.689 0.0000000000
77808  -14.642  -6.530  79.317 0.0000000000
83703  -8.813  0.307  77.923 0.0000000000
83708  -8.902  0.111  77.069 0.0000000000
83709  -9.377  0.602  76.598 0.0000000000
74127  -8.233  -10.449  72.683 0.0000000000
75071  -7.908  -9.346  73.278 0.0000000000
74111  -7.617  -9.995  73.053 0.0000000000
74110  -6.731  -10.262  73.338 0.0000000000
75069  -6.131  -9.849  73.972 0.0000000000
74108  -4.765  -10.362  73.648 0.0000000000
75046  -4.612  -9.138  75.312 0.0000000000
75045  -4.116  -8.947  75.318 0.0000000000
76010  -4.097  -8.547  75.820 0.0000000000
76009  -3.881  -8.650  75.344 0.0000000000
67285  -2.858  -16.270  73.920 0.0000000000
68312  -2.454  -15.497  73.493 0.0000000000
120809  -1.607  -14.264  72.752 0.0000000000
73253  -2.582  -12.276  71.647 0.0000000000
73244  -2.748  -11.680  72.124 0.0000000000
75081  -3.454  -9.927  72.983 0.0000000000
121296  -3.530  -7.702  74.478 0.0000000000
77876  -3.484  -6.778  74.328 0.0000000000
78701  -3.677  -6.004  74.569 0.0000000000
122974  -3.781  -5.740  73.669 0.0000000000
78704  -3.993  -5.211  73.950 0.0000000000
77893  -3.411  -6.439  70.441 0.0000000000
123170  -3.305  -5.341  70.395 0.0000000000
79582  -3.436  -4.044  70.779 0.0000000000
80439  -3.835  -3.081  71.063 0.0000000000
81312  -5.320  -2.400  72.229 0.0000000000
81324  -4.192  -2.495  70.942 0.0000000000
80449  -3.712  -2.679  70.302 0.0000000000
81356  -4.016  -2.400  69.709 0.0000000000
81357  -4.444  -1.704  69.618 0.0000000000
79588  -3.820  -3.859  69.487 0.0000000000
78717  -3.710  -5.520  68.573 0.0000000000
143714  -2.774  -11.023  65.708 0.0000000000
75158  -2.976  -9.309  65.789 0.0000000000
74193  -3.041  -10.119  65.374 0.0000000000
143044  -3.381  -10.615  65.121 0.0000000000
74195  -4.154  -10.015  65.230 0.0000000000
73301  -3.387  -11.393  64.910 0.0000000000
72444  -3.145  -12.810  64.244 0.0000000000
70465  -3.339  -13.989  64.191 0.0000000000
65322  -2.250  -19.414  68.871 0.0000000000
66298  -1.942  -19.030  68.138 0.0000000000
64374  -1.979  -19.553  67.654 0.0000000000
65340  -1.870  -19.096  66.855 0.0000000000
64377  -4.631  -20.903  67.569 0.0000000000
136032  -4.049  -20.945  67.675 0.0000000000
64389  -4.033  -20.340  66.981 0.0000000000
65358  -4.307  -18.958  65.898 0.0000000000
67368  -4.014  -18.157  65.517 0.0000000000
129315  -4.950  -18.473  65.584 0.0000000000
66336  -5.859  -18.744  65.417 0.0000000000
66350  -6.361  -18.380  64.896 0.0000000000
60576  -7.509  -24.978  65.828 0.0000000000
60577  -8.142  -24.296  66.141 0.0000000000
60591  -8.228  -24.596  65.357 0.0000000000
60604  -8.409  -24.918  64.539 0.0000000000
121359  -9.048  -24.582  64.093 0.0000000000
127646  -35.633  -20.859  77.763 0.0000000000
64238  -35.670  -20.414  77.809 0.0000000000
65215  -35.517  -19.535  78.030 0.0000000000
66198  -35.288  -18.695  78.322 0.0000000000
126714  -34.684  -20.198  78.793 0.0000000000
67247  -35.206  -17.052  78.890 0.0000000000
68274  -34.878  -16.606  79.142 0.0000000000
133437  -34.661  -16.248  79.286 0.0000000000
69268  -34.173  -15.463  79.373 0.0000000000
66150  -31.062  -18.617  82.366 0.0000000000
64168  -30.525  -19.528  82.733 0.0000000000
63254  -31.174  -20.859  81.648 0.0000000000
70288  -33.724  -15.443  79.598 0.0000000000
69256  -33.760  -15.765  79.911 0.0000000000
68265  -33.215  -16.144  80.493 0.0000000000
125571  -32.717  -16.500  80.825 0.0000000000
66159  -33.370  -17.982  80.679 0.0000000000
126038  -32.853  -17.694  81.030 0.0000000000
125289  -32.414  -17.133  81.126 0.0000000000
67225  -32.098  -17.785  81.658 0.0000000000
67488  -53.722  -16.601  57.309 0.0000000000
134328  -54.077  -15.838  57.671 0.0000000000
67486  -52.940  -16.523  58.014 0.0000000000
69527  -54.115  -15.344  57.967 0.0000000000
130403  -54.400  -14.173  57.175 0.0000000000
72505  -54.260  -13.146  56.796 0.0000000000
72526  -52.979  -13.013  56.009 0.0000000000
53182  -2.465  -30.979  82.755 0.0000000000
52100  -2.322  -31.849  82.442 0.0000000000
52107  -2.733  -32.398  81.785 0.0000000000
50983  -2.718  -33.339  81.445 0.0000000000
50990  -3.287  -33.772  80.768 0.0000000000
49844  -3.421  -34.582  80.994 0.0000000000
48761  -3.901  -35.231  81.354 0.0000000000
49823  -4.869  -35.026  83.497 0.0000000000
61322  -5.468  -23.043  82.368 0.0000000000
62279  -5.267  -22.060  83.480 0.0000000000
61312  -5.246  -22.728  83.053 0.0000000000
61302  -4.831  -22.769  83.709 0.0000000000
128743  -4.584  -23.537  83.638 0.0000000000
131531  -4.092  -25.067  83.128 0.0000000000
60401  -4.211  -23.962  84.028 0.0000000000
60392  -4.002  -23.651  84.791 0.0000000000
60391  -3.666  -24.225  85.307 0.0000000000
59464  -3.383  -24.815  85.850 0.0000000000
59463  -2.937  -25.159  86.091 0.0000000000
58419  -3.161  -25.562  85.571 0.0000000000
58418  -2.859  -26.249  85.183 0.0000000000
57349  -2.703  -27.342  84.178 0.0000000000
125785  -2.895  -28.586  82.466 0.0000000000
56263  -2.682  -28.444  83.071 0.0000000000
56256  -2.466  -28.280  83.821 0.0000000000
55199  -2.495  -29.116  83.372 0.0000000000
128943  -44.926  -28.743  66.509 0.0000000000
56544  -45.446  -28.368  67.020 0.0000000000
56526  -45.847  -27.593  67.925 0.0000000000
57543  -45.877  -27.094  67.991 0.0000000000
64466  -31.949  -21.102  62.125 0.0000000000
63508  -31.567  -21.608  61.450 0.0000000000
63520  -30.552  -21.738  60.407 0.0000000000
63542  -28.875  -21.542  58.555 0.0000000000
119564  -28.368  -20.789  59.204 0.0000000000
64496  -28.109  -20.870  58.302 0.0000000000
63554  -28.532  -21.263  57.553 0.0000000000
67517  -27.656  -17.199  56.031 0.0000000000
68487  -26.149  -16.333  57.472 0.0000000000
61318  -15.192  -23.999  83.325 0.0000000000
62297  -16.848  -24.113  83.803 0.0000000000
119280  -16.245  -23.713  84.821 0.0000000000
120457  -16.299  -23.232  86.145 0.0000000000
62257  -16.611  -23.006  86.689 0.0000000000
62236  -17.056  -23.090  87.559 0.0000000000
62364  -21.806  -24.865  77.145 0.0000000000
62371  -21.061  -24.855  76.351 0.0000000000
61412  -20.097  -25.024  76.546 0.0000000000
61400  -19.501  -25.146  77.276 0.0000000000
61410  -18.319  -25.313  76.540 0.0000000000
61408  -16.650  -25.446  76.627 0.0000000000
61397  -16.686  -25.303  78.091 0.0000000000
61373  -17.417  -24.949  79.814 0.0000000000
119683  -16.512  -25.049  79.883 0.0000000000
72674  -58.096  -12.588  40.512 0.0000000000
73519  -58.128  -10.990  40.868 0.0000000000
67662  -57.836  -17.183  42.953 0.0000000000
68690  -58.252  -16.954  42.727 0.0000000000
120547  -1.287  -29.861  70.978 0.0000000000
53312  -2.071  -30.418  71.114 0.0000000000
53298  -2.277  -30.764  71.657 0.0000000000
53299  -2.834  -30.890  72.219 0.0000000000
52204  -1.915  -31.850  72.922 0.0000000000
53270  -2.714  -31.479  72.807 0.0000000000
53271  -3.467  -31.521  73.293 0.0000000000
52191  -4.794  -31.850  74.179 0.0000000000
74073  -14.043  -10.601  76.802 0.0000000000
75032  -13.673  -10.252  77.421 0.0000000000
75039  -13.287  -9.577  76.994 0.0000000000
75989  -12.362  -8.660  77.997 0.0000000000
76959  -11.760  -8.025  78.393 0.0000000000
131766  -11.412  -7.065  77.071 0.0000000000
138544  -11.488  -7.327  77.822 0.0000000000
77806  -11.203  -7.024  79.602 0.0000000000
77805  -10.781  -6.162  79.904 0.0000000000
128843  -10.464  -5.115  82.024 0.0000000000
80377  -10.345  -4.077  83.586 0.0000000000
133491  -10.308  -3.128  84.966 0.0000000000
81256  -10.224  -2.980  83.658 0.0000000000
81255  -9.708  -2.423  83.911 0.0000000000
136567  -8.777  -2.149  83.857 0.0000000000
81276  -9.277  -2.789  81.059 0.0000000000
81261  -8.779  -2.358  82.553 0.0000000000
81253  -7.959  -2.265  83.897 0.0000000000
81237  -7.402  -2.329  84.547 0.0000000000
81236  -6.682  -2.814  84.386 0.0000000000
80360  -6.284  -2.691  84.691 0.0000000000
80353  -5.885  -2.368  85.466 0.0000000000
141635  -6.337  -3.598  84.181 0.0000000000
79527  -6.295  -4.917  83.020 0.0000000000
124833  -6.324  -5.453  82.457 0.0000000000
78655  -6.582  -5.441  81.163 0.0000000000
78650  -6.202  -5.921  81.936 0.0000000000
77798  -5.790  -6.677  80.228 0.0000000000
76958  -5.790  -7.417  78.804 0.0000000000
61403  -3.304  -23.656  76.662 0.0000000000
62379  -3.543  -22.415  76.120 0.0000000000
141510  -3.522  -23.522  74.863 0.0000000000
59549  -3.350  -25.152  74.711 0.0000000000
60469  -3.410  -24.225  74.211 0.0000000000
142548  -3.350  -23.794  73.598 0.0000000000
126138  -3.118  -23.869  72.961 0.0000000000
138935  -2.763  -23.990  72.320 0.0000000000
60483  -2.795  -24.623  72.588 0.0000000000
59563  -2.401  -25.465  72.198 0.0000000000
126318  -1.994  -26.342  71.935 0.0000000000
57502  -1.625  -27.860  72.439 0.0000000000
121248  -1.658  -27.182  71.766 0.0000000000
56450  -0.986  -28.654  71.404 0.0000000000
119416  -0.866  -29.307  71.126 0.0000000000
79593  -6.381  -4.379  68.629 0.0000000000
63383  -39.857  -21.829  72.694 0.0000000000
63384  -40.767  -21.503  72.851 0.0000000000
64308  -40.927  -20.742  73.133 0.0000000000
64309  -41.563  -20.259  72.928 0.0000000000
65285  -41.985  -18.896  72.918 0.0000000000
71373  -37.772  -14.956  74.547 0.0000000000
71386  -38.286  -15.095  74.057 0.0000000000
71403  -38.191  -15.009  73.722 0.0000000000
70385  -38.270  -14.934  72.864 0.0000000000
70394  -37.877  -15.121  72.427 0.0000000000
69363  -36.162  -16.035  72.008 0.0000000000
69364  -36.642  -15.723  71.898 0.0000000000
127136  -37.085  -15.660  71.447 0.0000000000
68339  -37.102  -16.188  70.561 0.0000000000
68349  -36.676  -16.841  69.902 0.0000000000
67327  -36.231  -17.456  69.409 0.0000000000
134135  -35.874  -17.940  68.943 0.0000000000
67357  -34.677  -18.334  68.892 0.0000000000
67341  -34.044  -18.714  68.516 0.0000000000
66304  -33.802  -18.870  68.747 0.0000000000
67340  -33.564  -19.252  68.233 0.0000000000
66316  -33.109  -19.753  67.829 0.0000000000
66315  -32.553  -20.004  67.268 0.0000000000
65348  -32.109  -20.160  66.623 0.0000000000
63249  -23.051  -22.296  83.226 0.0000000000
63242  -23.612  -21.722  83.742 0.0000000000
63233  -23.899  -21.787  84.347 0.0000000000
63226  -24.132  -22.051  84.731 0.0000000000
63234  -24.542  -21.430  84.531 0.0000000000
133126  -24.400  -22.444  84.942 0.0000000000
64395  -32.045  -20.395  66.380 0.0000000000
136594  -32.274  -20.248  66.796 0.0000000000
64370  -32.369  -21.193  67.739 0.0000000000
63425  -32.188  -21.304  69.375 0.0000000000
131657  -31.692  -21.633  70.736 0.0000000000
62432  -30.825  -21.966  72.050 0.0000000000
65213  -29.898  -18.795  77.865 0.0000000000
65223  -29.522  -19.488  77.491 0.0000000000
65222  -28.740  -19.675  77.738 0.0000000000
64236  -27.929  -19.899  77.967 0.0000000000
64246  -27.548  -20.538  77.516 0.0000000000
64245  -26.738  -20.776  77.739 0.0000000000
63311  -26.316  -21.414  77.335 0.0000000000
63310  -25.462  -21.670  77.612 0.0000000000
64232  -24.957  -21.122  79.088 0.0000000000
64212  -25.272  -20.483  80.337 0.0000000000
69613  -57.910  -15.448  48.971 0.0000000000
70662  -58.161  -14.404  48.869 0.0000000000
125194  -58.170  -12.479  48.624 0.0000000000
73447  -57.836  -11.672  49.008 0.0000000000
71721  -57.833  -13.852  50.424 0.0000000000
72584  -58.004  -12.648  49.348 0.0000000000
73454  -57.409  -10.849  48.876 0.0000000000
74383  -56.858  -10.426  48.006 0.0000000000
73478  -55.582  -11.366  46.281 0.0000000000
73489  -54.789  -11.581  45.360 0.0000000000
72592  -52.478  -13.354  47.723 0.0000000000
125712  -52.432  -13.020  46.914 0.0000000000
74399  -50.337  -10.843  44.938 0.0000000000
67607  -54.173  -17.541  50.349 0.0000000000
67626  -55.458  -17.291  49.276 0.0000000000
67628  -56.578  -16.610  49.229 0.0000000000
54243  -0.859  -30.598  78.705 0.0000000000
53223  -0.588  -31.373  78.220 0.0000000000
134226  -0.204  -31.833  78.627 0.0000000000
52136  0.072  -32.626  78.646 0.0000000000
51018  0.255  -33.521  78.986 0.0000000000
129838  0.210  -32.840  79.606 0.0000000000
48773  -0.107  -35.020  79.089 0.0000000000
47791  -0.813  -36.057  79.539 0.0000000000
46888  -1.465  -36.892  79.962 0.0000000000
45889  -1.503  -38.367  84.528 0.0000000000
44945  -1.667  -38.634  84.714 0.0000000000
44947  -2.603  -38.807  85.309 0.0000000000
44948  -3.326  -38.684  85.082 0.0000000000
45882  -4.655  -37.643  85.245 0.0000000000
46842  -4.732  -37.057  86.062 0.0000000000
46848  -5.229  -36.907  85.309 0.0000000000
45883  -5.161  -37.342  84.706 0.0000000000
46849  -5.678  -36.778  84.552 0.0000000000
66176  -21.838  -15.909  78.445 0.0000000000
67240  -23.150  -15.819  78.847 0.0000000000
67239  -21.956  -15.752  79.254 0.0000000000
67229  -21.695  -15.691  80.181 0.0000000000
67211  -21.152  -15.744  81.504 0.0000000000
66146  -19.354  -16.560  81.411 0.0000000000
67210  -20.516  -16.018  81.991 0.0000000000
67203  -20.982  -15.494  82.454 0.0000000000
68237  -20.758  -15.353  83.260 0.0000000000
140416  -20.397  -15.177  84.488 0.0000000000
68222  -19.699  -14.988  85.769 0.0000000000
67164  -8.777  -17.049  87.103 0.0000000000
68201  -10.036  -16.858  87.289 0.0000000000
69193  -9.509  -16.060  86.826 0.0000000000
70199  -10.067  -16.030  86.699 0.0000000000
71215  -10.978  -15.541  85.738 0.0000000000
71214  -9.101  -15.449  85.566 0.0000000000
120580  -10.190  -15.546  85.179 0.0000000000
71230  -12.086  -15.495  84.820 0.0000000000
71249  -12.333  -15.482  84.141 0.0000000000
71263  -13.039  -15.476  83.722 0.0000000000
70256  -13.895  -15.511  83.195 0.0000000000
135482  -14.321  -15.388  81.595 0.0000000000
70263  -12.723  -15.377  81.843 0.0000000000
70272  -12.653  -15.185  80.832 0.0000000000
142247  -12.236  -15.234  80.265 0.0000000000
71308  -11.014  -15.305  80.791 0.0000000000
71323  -12.115  -15.142  79.547 0.0000000000
71322  -11.263  -14.960  79.249 0.0000000000
71333  -11.322  -14.582  78.310 0.0000000000
71340  -10.564  -14.481  77.845 0.0000000000
71349  -10.719  -14.361  76.784 0.0000000000
71339  -9.927  -14.469  77.963 0.0000000000
71331  -9.488  -14.490  78.599 0.0000000000
70294  -8.231  -14.516  79.347 0.0000000000
71304  -7.987  -14.365  80.783 0.0000000000
71319  -7.867  -14.449  80.301 0.0000000000
70293  -7.328  -14.631  79.621 0.0000000000
71318  -6.636  -14.674  80.067 0.0000000000
71316  -5.418  -15.208  80.526 0.0000000000
71301  -4.465  -15.489  81.258 0.0000000000
60408  -1.652  -24.158  83.734 0.0000000000
60407  -1.390  -24.702  82.877 0.0000000000
60414  -1.590  -24.115  82.322 0.0000000000
60423  -1.154  -24.863  81.789 0.0000000000
123576  -1.557  -24.162  81.632 0.0000000000
61351  -1.664  -24.141  81.083 0.0000000000
60444  -1.441  -24.862  80.731 0.0000000000
61369  -1.965  -24.066  80.470 0.0000000000
141682  -1.054  -26.129  80.614 0.0000000000
120192  -0.908  -27.367  80.381 0.0000000000
56314  -0.910  -28.261  80.038 0.0000000000
128450  -1.046  -29.814  79.275 0.0000000000
66386  -45.889  -18.505  62.317 0.0000000000
68400  -47.225  -16.512  64.680 0.0000000000
65376  -45.680  -19.632  64.752 0.0000000000
129304  -44.812  -19.112  64.881 0.0000000000
66360  -44.493  -18.296  64.799 0.0000000000
67404  -43.424  -17.479  63.579 0.0000000000
67403  -42.782  -17.772  63.226 0.0000000000
67416  -43.003  -17.188  62.782 0.0000000000
67432  -43.148  -16.862  62.051 0.0000000000
69508  -43.142  -16.228  59.910 0.0000000000
69539  -42.435  -15.318  57.574 0.0000000000
131771  -41.523  -15.496  57.265 0.0000000000
69567  -40.355  -14.906  55.760 0.0000000000
69551  -40.215  -15.415  56.347 0.0000000000
70606  -38.808  -14.503  54.311 0.0000000000
70621  -37.676  -14.364  53.461 0.0000000000
62473  -43.900  -22.896  70.334 0.0000000000
61493  -44.000  -23.589  70.691 0.0000000000
62488  -43.843  -22.812  69.846 0.0000000000
133384  -43.689  -22.270  69.311 0.0000000000
62520  -43.194  -22.628  68.590 0.0000000000
63456  -42.413  -21.579  67.762 0.0000000000
129369  -42.667  -22.571  67.901 0.0000000000
136330  -42.296  -23.446  67.548 0.0000000000
61555  -41.229  -23.652  66.253 0.0000000000
129884  -40.328  -23.597  64.349 0.0000000000
63559  -33.850  -21.314  57.832 0.0000000000
57423  -9.775  -27.829  75.680 0.0000000000
56317  -9.764  -28.160  76.283 0.0000000000
57405  -9.597  -27.710  80.562 0.0000000000
57368  -8.868  -27.372  83.180 0.0000000000
58453  -8.694  -26.609  84.358 0.0000000000
121135  -11.413  -22.969  88.055 0.0000000000
62241  -11.173  -23.191  87.405 0.0000000000
62229  -11.379  -23.061  88.773 0.0000000000
61264  -10.726  -23.510  89.120 0.0000000000
61246  -10.698  -23.948  90.140 0.0000000000
60353  -11.521  -24.170  89.669 0.0000000000
59431  -10.683  -24.485  89.698 0.0000000000
59434  -10.167  -25.175  89.296 0.0000000000
58398  -10.015  -25.994  88.791 0.0000000000
57347  -20.764  -25.524  84.872 0.0000000000
58446  -19.917  -25.805  85.480 0.0000000000
57359  -19.798  -25.684  83.550 0.0000000000
121956  -19.066  -25.748  83.254 0.0000000000
57392  -20.015  -26.312  82.386 0.0000000000
119522  -19.197  -26.124  82.571 0.0000000000
57376  -18.201  -25.946  82.818 0.0000000000
139220  -27.993  -16.102  70.562 0.0000000000
68335  -27.955  -16.303  70.616 0.0000000000
60583  -29.072  -24.121  66.647 0.0000000000
60598  -28.933  -24.000  65.827 0.0000000000
60582  -28.373  -24.376  66.350 0.0000000000
60581  -27.621  -24.596  66.106 0.0000000000
59628  -27.115  -25.177  67.421 0.0000000000
59639  -27.082  -25.067  66.408 0.0000000000
60580  -26.949  -24.864  65.914 0.0000000000
143378  -26.545  -25.196  66.039 0.0000000000
59646  -26.288  -25.054  65.778 0.0000000000
59645  -25.497  -25.101  65.692 0.0000000000
136456  -18.808  -23.747  69.332 0.0000000000
62478  -19.076  -23.358  68.907 0.0000000000
131675  -18.149  -23.153  68.617 0.0000000000
62510  -18.772  -21.779  67.641 0.0000000000
63431  -17.414  -21.280  68.332 0.0000000000
63432  -18.204  -21.067  67.896 0.0000000000
63447  -18.979  -20.987  67.582 0.0000000000
63433  -20.585  -21.337  67.453 0.0000000000
63434  -21.201  -21.102  68.156 0.0000000000
134114  -22.410  -21.724  68.956 0.0000000000
63421  -23.014  -22.174  69.283 0.0000000000
126590  -22.574  -21.567  69.717 0.0000000000
63410  -22.027  -21.009  70.129 0.0000000000
64342  -21.929  -20.085  70.240 0.0000000000
65309  -19.628  -18.602  69.654 0.0000000000
64328  -22.302  -19.723  70.930 0.0000000000
64315  -22.627  -19.375  71.713 0.0000000000
64298  -22.933  -18.991  72.494 0.0000000000
65276  -22.285  -18.129  72.963 0.0000000000
65275  -21.269  -17.743  72.772 0.0000000000
65273  -18.663  -17.713  73.441 0.0000000000
64296  -17.675  -18.262  73.092 0.0000000000
65260  -18.201  -17.871  74.419 0.0000000000
64279  -17.238  -18.203  74.647 0.0000000000
64264  -16.564  -18.406  75.321 0.0000000000
121767  -16.200  -18.737  76.014 0.0000000000
62348  -13.153  -22.567  78.284 0.0000000000
63270  -11.965  -21.823  78.761 0.0000000000
139989  -12.252  -21.860  77.635 0.0000000000
63279  -9.355  -20.639  77.943 0.0000000000
62347  -9.779  -21.227  76.192 0.0000000000
61353  -8.601  -23.596  75.270 0.0000000000
72480  -49.148  -13.332  59.529 0.0000000000
72498  -49.005  -13.004  58.064 0.0000000000
126951  -48.541  -13.089  57.221 0.0000000000
120083  -47.848  -13.442  55.650 0.0000000000
119503  -47.725  -13.523  54.854 0.0000000000
119491  -46.437  -13.626  52.699 0.0000000000
119483  -46.593  -13.697  51.785 0.0000000000
71712  -46.256  -13.713  50.418 0.0000000000
140958  -8.510  -27.650  64.733 0.0000000000
56566  -7.904  -27.749  65.026 0.0000000000
140504  -9.711  -28.382  66.664 0.0000000000
56532  -7.754  -28.476  66.311 0.0000000000
56533  -8.929  -28.391  66.685 0.0000000000
54361  -11.181  -30.090  68.004 0.0000000000
54354  -11.102  -30.798  68.541 0.0000000000
54148  -6.673  -30.347  85.246 0.0000000000
54160  -6.571  -31.243  85.003 0.0000000000
54147  -6.164  -30.786  85.757 0.0000000000
54136  -4.995  -30.443  87.738 0.0000000000
55154  -4.790  -29.765  89.272 0.0000000000
141522  -27.686  -10.063  81.296 0.0000000000
75941  -27.409  -9.077  80.643 0.0000000000
142356  -26.665  -9.317  80.929 0.0000000000
75013  -25.842  -9.441  80.284 0.0000000000
125422  -24.998  -9.861  79.849 0.0000000000
74030  -23.978  -10.489  81.091 0.0000000000
74049  -22.974  -10.780  79.662 0.0000000000
142357  -23.025  -11.012  78.864 0.0000000000
119595  -21.728  -10.863  78.395 0.0000000000
136461  -20.144  -10.068  77.930 0.0000000000
75992  -19.231  -8.826  77.229 0.0000000000
78652  -12.681  -5.476  82.372 0.0000000000
78653  -12.942  -5.526  81.348 0.0000000000
82903  -7.812  -0.740  77.167 0.0000000000
82906  -7.811  -0.890  76.455 0.0000000000
82105  -7.645  -1.964  75.353 0.0000000000
71391  -6.805  -13.752  72.888 0.0000000000
71390  -5.719  -13.234  73.083 0.0000000000
141883  -5.233  -12.583  73.105 0.0000000000
71389  -4.661  -12.848  73.319 0.0000000000
70356  -4.168  -13.905  74.100 0.0000000000
141378  -4.298  -12.210  73.347 0.0000000000
123349  -4.180  -11.637  73.337 0.0000000000
68320  -3.211  -16.363  72.954 0.0000000000
69347  -2.726  -15.773  72.504 0.0000000000
70390  -2.366  -14.603  71.694 0.0000000000
70398  -3.266  -14.551  70.914 0.0000000000
72366  -2.498  -12.765  71.232 0.0000000000
133396  -3.217  -10.480  71.784 0.0000000000
76052  -3.593  -9.147  71.733 0.0000000000
129739  -3.452  -9.841  71.053 0.0000000000
76060  -3.524  -8.692  70.448 0.0000000000
75101  -3.397  -9.351  69.946 0.0000000000
120248  -3.404  -10.765  68.874 0.0000000000
76071  -3.181  -8.547  69.205 0.0000000000
77060  -2.920  -7.502  68.420 0.0000000000
132274  -2.803  -7.663  67.538 0.0000000000
77059  -2.906  -6.993  67.669 0.0000000000
73280  -2.821  -11.543  66.434 0.0000000000
127751  -2.663  -11.877  65.679 0.0000000000
72419  -2.468  -12.582  65.354 0.0000000000
71450  -2.292  -13.405  65.123 0.0000000000
62489  -3.223  -22.547  68.880 0.0000000000
137261  -2.738  -21.185  68.389 0.0000000000
62490  -3.738  -22.515  68.635 0.0000000000
63429  -4.055  -21.974  68.367 0.0000000000
122449  -4.397  -23.921  68.937 0.0000000000
61521  -4.662  -23.386  68.662 0.0000000000
63430  -4.626  -22.196  68.300 0.0000000000
131036  -5.123  -22.000  68.161 0.0000000000
63444  -5.705  -21.593  67.952 0.0000000000
62508  -6.649  -21.924  67.940 0.0000000000
140340  -7.108  -21.184  67.525 0.0000000000
59632  -6.463  -25.472  66.849 0.0000000000
59641  -7.220  -25.790  65.244 0.0000000000
58618  -6.845  -26.888  64.739 0.0000000000
63348  -36.503  -20.473  74.204 0.0000000000
64290  -37.038  -20.079  74.535 0.0000000000
64274  -37.517  -19.546  74.737 0.0000000000
65257  -38.021  -18.837  74.870 0.0000000000
65242  -37.642  -18.651  75.547 0.0000000000
66246  -38.124  -18.114  75.304 0.0000000000
68298  -38.376  -16.372  75.629 0.0000000000
69311  -38.286  -15.863  75.477 0.0000000000
66215  -36.445  -18.660  77.319 0.0000000000
66216  -36.936  -17.960  77.100 0.0000000000
68283  -36.449  -16.589  77.571 0.0000000000
68289  -36.956  -16.585  77.008 0.0000000000
67268  -37.225  -17.208  76.836 0.0000000000
69310  -37.752  -15.978  76.031 0.0000000000
124415  -37.848  -15.677  75.843 0.0000000000
70351  -37.740  -15.187  75.079 0.0000000000
71372  -37.630  -14.948  74.788 0.0000000000
71401  -37.197  -15.095  74.388 0.0000000000
69333  -36.163  -15.415  74.424 0.0000000000
69322  -35.783  -15.326  75.472 0.0000000000
122252  -35.644  -16.016  74.049 0.0000000000
68316  -35.214  -16.645  73.725 0.0000000000
67297  -34.830  -17.394  73.395 0.0000000000
67296  -34.397  -18.205  72.927 0.0000000000
66148  -26.796  -18.795  82.674 0.0000000000
136909  -26.487  -19.528  83.771 0.0000000000
66130  -27.211  -19.297  83.699 0.0000000000
65158  -27.555  -19.651  83.968 0.0000000000
64152  -28.672  -19.914  83.931 0.0000000000
64165  -28.558  -20.326  83.901 0.0000000000
62305  -28.121  -21.622  83.201 0.0000000000
64183  -30.323  -20.120  82.520 0.0000000000
137378  -33.927  -18.910  72.905 0.0000000000
66270  -33.864  -18.700  73.660 0.0000000000
66258  -33.658  -18.409  74.636 0.0000000000
67274  -33.088  -17.813  75.808 0.0000000000
66244  -32.733  -18.468  75.820 0.0000000000
66233  -31.688  -18.761  76.542 0.0000000000
65214  -30.620  -18.532  77.512 0.0000000000
69267  -33.297  -15.333  79.462 0.0000000000
69280  -32.607  -15.576  78.959 0.0000000000
68280  -31.960  -16.251  78.307 0.0000000000
69265  -31.660  -15.862  80.055 0.0000000000
67246  -31.212  -16.616  78.757 0.0000000000
67257  -31.401  -17.042  77.996 0.0000000000
66196  -30.322  -17.981  78.299 0.0000000000
66195  -29.541  -18.390  78.565 0.0000000000
66179  -28.445  -18.419  79.588 0.0000000000
67233  -28.768  -17.569  80.997 0.0000000000
66167  -28.190  -18.065  80.444 0.0000000000
119842  -27.356  -18.345  82.169 0.0000000000
66530  -55.157  -17.075  53.263 0.0000000000
68587  -56.096  -16.321  52.572 0.0000000000
67578  -55.596  -16.691  53.166 0.0000000000
69591  -56.445  -15.209  53.243 0.0000000000
132306  -56.616  -14.176  53.110 0.0000000000
68565  -55.679  -16.186  54.328 0.0000000000
71649  -56.441  -14.022  53.647 0.0000000000
135534  -55.524  -12.143  52.171 0.0000000000
72567  -54.914  -12.332  51.846 0.0000000000
121501  -54.515  -12.672  51.120 0.0000000000
68505  -54.541  -16.302  56.540 0.0000000000
69554  -55.285  -15.348  56.053 0.0000000000
126683  -55.434  -14.107  55.368 0.0000000000
72529  -55.065  -13.004  55.297 0.0000000000
130210  -55.318  -12.981  54.341 0.0000000000
71719  -53.966  -13.344  50.740 0.0000000000
71741  -53.985  -13.294  49.854 0.0000000000
71758  -52.990  -13.698  48.614 0.0000000000
126933  -51.414  -13.430  47.752 0.0000000000
72605  -50.812  -13.080  47.136 0.0000000000
71738  -51.408  -14.125  49.149 0.0000000000
127603  -50.585  -13.398  47.818 0.0000000000
73483  -48.874  -11.283  45.589 0.0000000000
74397  -48.418  -10.549  45.095 0.0000000000
75391  -47.356  -9.112  45.047 0.0000000000
126990  -0.319  -30.992  82.507 0.0000000000
126393  -0.025  -31.835  82.225 0.0000000000
49820  -0.711  -34.378  82.075 0.0000000000
134024  -2.490  -35.564  81.932 0.0000000000
48751  -1.875  -35.761  82.300 0.0000000000
48742  -1.505  -36.278  82.542 0.0000000000
46863  -1.560  -37.317  83.563 0.0000000000
46856  -1.404  -37.898  83.961 0.0000000000
46847  -1.658  -37.979  85.062 0.0000000000
45871  -2.102  -38.143  85.943 0.0000000000
142092  -2.446  -37.991  86.381 0.0000000000
125959  -2.162  -37.414  86.465 0.0000000000
45865  -2.761  -37.720  86.874 0.0000000000
45866  -3.396  -37.677  86.876 0.0000000000
46833  -3.967  -37.069  87.212 0.0000000000
47729  -5.541  -35.479  87.744 0.0000000000
64146  -13.173  -18.151  83.635 0.0000000000
65153  -13.715  -17.911  83.766 0.0000000000
65152  -12.869  -17.995  84.259 0.0000000000
65142  -12.383  -17.890  84.740 0.0000000000
65141  -11.112  -17.650  85.160 0.0000000000
123408  -9.685  -17.676  84.809 0.0000000000
65140  -10.385  -17.557  85.255 0.0000000000
118984  -10.537  -17.513  85.611 0.0000000000
65127  -9.790  -17.434  86.098 0.0000000000
66104  -9.403  -17.353  86.516 0.0000000000
66103  -8.459  -17.428  86.589 0.0000000000
63230  -5.272  -21.258  84.077 0.0000000000
63225  -5.578  -20.277  84.635 0.0000000000
64139  -6.270  -19.392  85.036 0.0000000000
63223  -5.019  -20.526  85.739 0.0000000000
64138  -5.541  -19.930  85.421 0.0000000000
64136  -6.251  -19.100  85.785 0.0000000000
65124  -6.607  -18.455  86.392 0.0000000000
66102  -7.231  -17.741  86.722 0.0000000000
66096  -8.538  -17.116  87.028 0.0000000000
67163  -7.680  -17.290  87.213 0.0000000000
68194  -6.960  -16.912  87.719 0.0000000000
69184  -6.283  -16.123  87.153 0.0000000000
66084  -4.777  -18.120  88.139 0.0000000000
68197  -5.156  -16.884  87.784 0.0000000000
69191  -5.843  -15.813  87.056 0.0000000000
70206  -5.893  -15.833  86.558 0.0000000000
70224  -5.295  -15.826  85.922 0.0000000000
70239  -5.168  -15.683  85.340 0.0000000000
70238  -4.692  -15.882  85.254 0.0000000000
70222  -4.342  -16.321  85.660 0.0000000000
68219  -2.874  -17.809  86.066 0.0000000000
67183  -2.922  -18.256  86.362 0.0000000000
123150  -2.416  -19.982  86.826 0.0000000000
135931  -2.472  -19.830  86.230 0.0000000000
120915  -2.478  -19.552  85.854 0.0000000000
64137  -2.187  -21.144  85.272 0.0000000000
62262  -2.135  -22.557  84.600 0.0000000000
140590  -2.443  -24.140  86.433 0.0000000000
60370  -2.336  -24.062  86.260 0.0000000000
60380  -2.072  -24.693  85.840 0.0000000000
57323  -1.825  -26.772  85.241 0.0000000000
128319  -1.872  -25.500  85.564 0.0000000000
60379  -2.054  -24.173  85.532 0.0000000000
60390  -1.802  -24.482  84.915 0.0000000000
125106  -1.918  -23.659  84.556 0.0000000000
60400  -1.558  -24.737  84.235 0.0000000000
58450  -1.124  -26.702  83.579 0.0000000000
131607  -1.371  -27.947  83.523 0.0000000000
122694  -1.017  -28.067  82.877 0.0000000000
55206  -0.825  -29.524  82.525 0.0000000000
60616  -45.647  -23.813  63.292 0.0000000000
59660  -45.260  -24.357  63.182 0.0000000000
61600  -46.062  -23.549  63.631 0.0000000000
61601  -46.389  -23.186  63.919 0.0000000000
61590  -46.492  -22.753  64.159 0.0000000000
62559  -46.694  -22.780  65.000 0.0000000000
58628  -45.667  -26.501  64.627 0.0000000000
57595  -46.125  -26.884  65.332 0.0000000000
58629  -46.420  -26.171  65.042 0.0000000000
59651  -46.610  -25.394  64.868 0.0000000000
60606  -46.922  -24.202  65.082 0.0000000000
63471  -46.185  -21.422  64.899 0.0000000000
64413  -45.198  -20.391  64.843 0.0000000000
64429  -44.719  -20.767  64.650 0.0000000000
62544  -45.661  -22.238  65.588 0.0000000000
64428  -44.121  -20.320  64.260 0.0000000000
64443  -42.790  -20.057  63.312 0.0000000000
64457  -41.928  -19.987  62.745 0.0000000000
65373  -39.016  -20.770  66.323 0.0000000000
64409  -38.566  -21.232  65.904 0.0000000000
64426  -37.471  -21.629  65.194 0.0000000000
62568  -35.933  -22.739  63.411 0.0000000000
63490  -35.507  -22.146  63.957 0.0000000000
62567  -35.183  -22.669  63.351 0.0000000000
62582  -35.508  -23.142  62.380 0.0000000000
138272  -35.085  -23.178  61.403 0.0000000000
62612  -34.690  -22.884  60.112 0.0000000000
62640  -33.802  -22.456  59.065 0.0000000000
62609  -31.780  -22.593  60.277 0.0000000000
62625  -32.372  -22.828  59.759 0.0000000000
62636  -30.802  -22.366  58.243 0.0000000000
62637  -31.613  -22.574  58.744 0.0000000000
126464  -32.216  -22.713  59.124 0.0000000000
62638  -32.384  -22.438  58.549 0.0000000000
63544  -33.283  -22.077  58.364 0.0000000000
121994  -33.122  -21.517  57.640 0.0000000000
142117  -11.312  -24.690  82.737 0.0000000000
61314  -11.166  -24.114  83.978 0.0000000000
61293  -11.392  -23.707  85.407 0.0000000000
61308  -14.005  -23.800  84.136 0.0000000000
135784  -14.109  -23.414  85.547 0.0000000000
140836  -13.400  -23.477  85.503 0.0000000000
136907  -12.746  -23.475  85.797 0.0000000000
62253  -11.612  -23.322  86.761 0.0000000000
62230  -12.002  -22.916  88.336 0.0000000000
61249  -12.910  -23.529  89.136 0.0000000000
62221  -14.024  -23.247  88.847 0.0000000000
60355  -13.480  -23.504  88.938 0.0000000000
59437  -12.904  -24.526  88.650 0.0000000000
58406  -13.520  -25.460  87.408 0.0000000000
67359  -26.700  -16.967  65.916 0.0000000000
60490  -24.918  -24.262  72.134 0.0000000000
60524  -24.732  -24.806  70.615 0.0000000000
60506  -24.383  -24.524  71.340 0.0000000000
60505  -23.568  -24.388  71.278 0.0000000000
130616  -22.787  -24.118  71.146 0.0000000000
61445  -22.065  -23.548  73.239 0.0000000000
61485  -22.342  -23.770  71.757 0.0000000000
61502  -22.073  -23.833  70.989 0.0000000000
61483  -20.732  -23.605  71.190 0.0000000000
62464  -19.666  -23.840  70.826 0.0000000000
62381  -19.870  -24.259  74.796 0.0000000000
141603  -19.515  -23.941  73.618 0.0000000000
61428  -18.426  -24.529  74.117 0.0000000000
61443  -18.877  -24.104  73.505 0.0000000000
62427  -19.403  -23.901  72.896 0.0000000000
62447  -19.282  -23.955  72.051 0.0000000000
134252  -19.197  -24.133  71.163 0.0000000000
120681  -19.064  -24.148  70.161 0.0000000000
61498  -17.424  -24.144  70.235 0.0000000000
60522  -16.101  -24.162  70.481 0.0000000000
130621  -15.490  -24.710  71.789 0.0000000000
60521  -15.355  -24.219  70.599 0.0000000000
61496  -15.723  -23.637  69.961 0.0000000000
61495  -14.776  -23.623  70.262 0.0000000000
135095  -13.802  -23.508  70.684 0.0000000000
62445  -13.740  -22.226  70.721 0.0000000000
62426  -13.271  -21.655  71.595 0.0000000000
118325  -12.256  -23.452  71.616 0.0000000000
62424  -11.257  -23.274  72.433 0.0000000000
62412  -11.345  -23.205  72.796 0.0000000000
134225  -11.166  -25.726  73.359 0.0000000000
61424  -11.007  -24.694  72.704 0.0000000000
62370  -12.690  -22.676  76.449 0.0000000000
61407  -15.586  -25.358  76.842 0.0000000000
125026  -14.994  -25.185  77.622 0.0000000000
61406  -14.096  -25.016  76.992 0.0000000000
61395  -14.131  -24.860  78.250 0.0000000000
119120  -13.371  -24.755  77.735 0.0000000000
61394  -12.202  -24.183  78.513 0.0000000000
119487  -43.041  -13.886  52.126 0.0000000000
119410  -42.565  -13.998  51.378 0.0000000000
126993  -4.869  -28.472  67.635 0.0000000000
55366  -5.343  -28.604  67.597 0.0000000000
55346  -5.293  -28.692  68.377 0.0000000000
55325  -6.296  -28.902  69.778 0.0000000000
55306  -4.718  -29.105  70.027 0.0000000000
119929  -5.609  -29.122  70.278 0.0000000000
55308  -7.288  -29.576  71.029 0.0000000000
54312  -8.386  -30.708  71.578 0.0000000000
53287  -5.518  -30.771  72.949 0.0000000000
53288  -6.373  -30.701  72.777 0.0000000000
54297  -6.890  -30.407  72.231 0.0000000000
143730  -9.625  -33.483  72.090 0.0000000000
57307  -6.833  -28.378  90.465 0.0000000000
128044  -6.735  -28.893  91.037 0.0000000000
56214  -8.397  -28.963  91.439 0.0000000000
74024  -20.384  -10.506  82.326 0.0000000000
123651  -20.429  -9.690  82.011 0.0000000000
74028  -19.877  -9.767  81.695 0.0000000000
75009  -18.451  -9.165  80.913 0.0000000000
135688  -17.497  -9.083  80.668 0.0000000000
74046  -17.559  -9.998  79.704 0.0000000000
75017  -16.806  -9.400  80.349 0.0000000000
75008  -16.881  -9.107  80.537 0.0000000000
75950  -15.285  -8.988  80.889 0.0000000000
76920  -13.893  -8.485  81.204 0.0000000000
76919  -13.326  -8.151  81.679 0.0000000000
75024  -13.749  -10.308  78.372 0.0000000000
75016  -13.604  -9.956  79.281 0.0000000000
75015  -13.242  -9.668  80.108 0.0000000000
76929  -11.407  -8.022  80.967 0.0000000000
75947  -12.097  -8.618  81.269 0.0000000000
75935  -12.752  -8.928  81.448 0.0000000000
125521  -12.506  -8.321  82.190 0.0000000000
76914  -12.717  -8.117  82.240 0.0000000000
141174  -12.538  -6.211  82.575 0.0000000000
79524  -12.623  -5.301  83.393 0.0000000000
79525  -13.068  -4.354  83.651 0.0000000000
134476  -13.442  -2.694  84.595 0.0000000000
79514  -12.595  -4.136  85.594 0.0000000000
81241  -13.268  -2.452  84.964 0.0000000000
82084  -14.302  -0.946  84.934 0.0000000000
81232  -10.268  -2.688  85.045 0.0000000000
81206  -10.251  -1.331  86.509 0.0000000000
80352  -5.304  -2.134  86.044 0.0000000000
130990  -4.839  -1.902  86.018 0.0000000000
82083  -4.673  -1.908  85.129 0.0000000000
79515  -4.956  -4.366  83.944 0.0000000000
81235  -4.852  -2.779  84.712 0.0000000000
82889  -4.871  -0.595  82.730 0.0000000000
82090  -4.848  -1.451  82.328 0.0000000000
142862  -4.775  -2.075  81.885 0.0000000000
141496  -4.496  -3.535  81.888 0.0000000000
81273  -4.916  -2.819  81.011 0.0000000000
80391  -5.170  -3.991  80.102 0.0000000000
79545  -4.828  -4.935  78.602 0.0000000000
68292  -2.491  -16.567  76.592 0.0000000000
67271  -2.587  -17.027  76.019 0.0000000000
67278  -2.797  -16.720  74.905 0.0000000000
67286  -3.057  -17.070  74.523 0.0000000000
67292  -3.018  -16.599  73.897 0.0000000000
137051  -3.417  -17.060  73.851 0.0000000000
140743  -3.761  -21.427  75.286 0.0000000000
64262  -4.137  -19.992  75.085 0.0000000000
67293  -4.197  -17.819  73.875 0.0000000000
68321  -4.321  -16.937  72.624 0.0000000000
67307  -5.052  -17.438  71.941 0.0000000000
67308  -5.305  -17.141  71.085 0.0000000000
68334  -5.277  -16.460  70.447 0.0000000000
68344  -5.343  -16.290  69.743 0.0000000000
67323  -5.041  -17.019  69.437 0.0000000000
139540  -4.691  -17.791  69.550 0.0000000000
142801  -4.069  -18.160  69.372 0.0000000000
66290  -2.765  -19.092  69.233 0.0000000000
139476  -2.619  -19.860  69.627 0.0000000000
137911  -2.239  -20.001  69.170 0.0000000000
64348  -2.296  -20.566  69.039 0.0000000000
63417  -2.448  -21.452  69.277 0.0000000000
61453  -2.504  -23.658  71.675 0.0000000000
61477  -2.259  -23.224  70.932 0.0000000000
131460  -1.937  -25.034  70.660 0.0000000000
142401  -2.378  -22.836  70.340 0.0000000000
62474  -2.599  -22.875  69.780 0.0000000000
133177  -2.898  -22.772  69.259 0.0000000000
60548  -3.504  -24.337  69.219 0.0000000000
59620  -3.580  -26.120  68.640 0.0000000000
58588  -2.858  -27.076  68.741 0.0000000000
58589  -3.442  -26.914  68.473 0.0000000000
57553  -3.845  -27.763  67.695 0.0000000000
56527  -3.974  -27.880  67.587 0.0000000000
72433  -6.444  -12.242  65.256 0.0000000000
72447  -6.021  -12.646  64.433 0.0000000000
57512  -40.910  -27.132  71.065 0.0000000000
57506  -42.027  -26.906  71.829 0.0000000000
58551  -42.353  -26.427  72.092 0.0000000000
59572  -43.119  -25.482  72.237 0.0000000000
134181  -43.755  -24.474  71.744 0.0000000000
60515  -39.291  -24.066  71.641 0.0000000000
60497  -40.797  -24.041  72.206 0.0000000000
130959  -41.548  -24.360  72.364 0.0000000000
131815  -41.477  -22.769  72.389 0.0000000000
134909  -41.981  -23.252  72.354 0.0000000000
61473  -42.090  -23.932  72.420 0.0000000000
61474  -42.722  -24.262  72.317 0.0000000000
61475  -43.400  -23.827  71.919 0.0000000000
62441  -43.759  -23.205  71.330 0.0000000000
63405  -43.765  -22.135  70.521 0.0000000000
64347  -43.561  -21.388  70.048 0.0000000000
64359  -42.951  -20.747  69.514 0.0000000000
65320  -42.709  -20.083  69.979 0.0000000000
65338  -41.611  -19.962  68.114 0.0000000000
65337  -40.941  -19.823  67.541 0.0000000000
65336  -40.291  -19.662  67.459 0.0000000000
64292  -39.022  -19.909  73.834 0.0000000000
65282  -39.916  -19.799  73.847 0.0000000000
66259  -39.398  -18.568  74.237 0.0000000000
65271  -40.076  -19.015  74.018 0.0000000000
65284  -41.307  -18.773  73.312 0.0000000000
66273  -41.647  -18.253  72.938 0.0000000000
66277  -42.098  -18.413  72.361 0.0000000000
70365  -38.897  -15.183  73.815 0.0000000000
124626  -39.896  -15.914  73.391 0.0000000000
69344  -40.225  -16.047  72.825 0.0000000000
69367  -39.867  -15.621  71.549 0.0000000000
69355  -40.360  -16.066  72.017 0.0000000000
68325  -40.740  -16.663  72.606 0.0000000000
68318  -41.261  -17.159  72.401 0.0000000000
119605  -41.611  -17.433  71.729 0.0000000000
67305  -42.035  -18.085  71.761 0.0000000000
67321  -41.903  -17.884  70.817 0.0000000000
67334  -41.907  -18.164  70.574 0.0000000000
66296  -41.751  -18.299  70.042 0.0000000000
67332  -40.892  -17.488  69.371 0.0000000000
67348  -41.150  -18.124  69.005 0.0000000000
66322  -40.528  -19.137  67.871 0.0000000000
131982  -39.691  -20.046  67.147 0.0000000000
65372  -38.365  -20.805  66.355 0.0000000000
64407  -36.811  -21.180  65.946 0.0000000000
65370  -36.391  -20.554  66.541 0.0000000000
135259  -36.007  -21.066  65.993 0.0000000000
121928  -35.458  -21.351  64.900 0.0000000000
64424  -34.729  -21.118  64.820 0.0000000000
64440  -34.241  -21.276  64.161 0.0000000000
64455  -33.004  -21.134  63.170 0.0000000000
66317  -35.210  -18.911  68.035 0.0000000000
66331  -34.466  -19.441  67.096 0.0000000000
66343  -34.232  -19.734  66.451 0.0000000000
66342  -33.545  -19.658  66.322 0.0000000000
66358  -33.990  -20.008  65.709 0.0000000000
65401  -33.431  -20.094  64.492 0.0000000000
64438  -32.725  -20.338  63.372 0.0000000000
64454  -32.325  -20.693  62.820 0.0000000000
64465  -31.173  -20.824  61.874 0.0000000000
64464  -30.416  -20.594  61.533 0.0000000000
65437  -29.631  -20.501  61.135 0.0000000000
65428  -29.998  -20.382  61.836 0.0000000000
65436  -28.815  -20.390  60.732 0.0000000000
139489  -27.872  -20.248  60.391 0.0000000000
66419  -27.093  -19.974  60.322 0.0000000000
66408  -26.786  -19.761  60.304 0.0000000000
62311  -19.549  -24.263  83.053 0.0000000000
62287  -20.051  -23.988  84.487 0.0000000000
62288  -20.935  -23.887  84.339 0.0000000000
62273  -20.295  -24.069  84.785 0.0000000000
61285  -20.665  -24.413  85.300 0.0000000000
60387  -20.783  -24.734  85.658 0.0000000000
59471  -21.335  -25.014  85.526 0.0000000000
63241  -23.111  -22.313  83.825 0.0000000000
62290  -22.907  -22.898  84.243 0.0000000000
61297  -23.286  -23.679  85.077 0.0000000000
61287  -22.394  -24.128  85.229 0.0000000000
118921  -21.667  -25.292  85.293 0.0000000000
57361  -21.259  -25.481  83.939 0.0000000000
134031  -21.031  -25.742  82.969 0.0000000000
141056  -21.285  -26.010  82.446 0.0000000000
64149  -26.358  -20.109  84.194 0.0000000000
122143  -26.101  -20.957  84.386 0.0000000000
66407  -26.132  -19.386  60.025 0.0000000000
66395  -27.356  -19.860  60.760 0.0000000000
65426  -27.822  -20.029  61.218 0.0000000000
125819  -29.667  -20.411  63.120 0.0000000000
123218  -28.866  -20.697  62.520 0.0000000000
137978  -28.953  -21.311  62.779 0.0000000000
62551  -29.674  -22.866  64.002 0.0000000000
61583  -30.059  -23.136  64.706 0.0000000000
62538  -31.986  -21.278  66.458 0.0000000000
134900  -31.420  -21.808  65.843 0.0000000000
62518  -31.462  -22.226  67.634 0.0000000000
128271  -30.907  -22.607  66.165 0.0000000000
61570  -30.279  -23.209  65.622 0.0000000000
120190  -29.624  -23.672  66.143 0.0000000000
60568  -29.138  -24.048  67.479 0.0000000000
133461  -28.708  -24.309  67.908 0.0000000000
60543  -28.952  -23.869  69.248 0.0000000000
60542  -28.381  -24.288  69.524 0.0000000000
60541  -27.672  -24.567  69.764 0.0000000000
60526  -26.692  -24.597  70.819 0.0000000000
60525  -25.928  -24.612  71.049 0.0000000000
65292  -33.061  -20.076  72.781 0.0000000000
133154  -32.589  -20.750  72.731 0.0000000000
64289  -32.449  -20.309  74.143 0.0000000000
64305  -32.540  -20.573  73.457 0.0000000000
64304  -31.945  -21.026  73.094 0.0000000000
63378  -30.682  -21.908  72.925 0.0000000000
62431  -30.124  -22.413  72.424 0.0000000000
64249  -29.860  -19.915  76.810 0.0000000000
63326  -29.101  -21.135  76.027 0.0000000000
63335  -29.423  -21.488  75.350 0.0000000000
62408  -29.818  -22.123  73.985 0.0000000000
62420  -29.979  -22.287  73.247 0.0000000000
62430  -29.410  -22.739  72.739 0.0000000000
61467  -28.923  -23.335  72.218 0.0000000000
61466  -28.400  -23.777  72.127 0.0000000000
61436  -27.951  -22.993  73.981 0.0000000000
119849  -27.981  -23.645  72.710 0.0000000000
60493  -27.733  -24.002  72.093 0.0000000000
60492  -26.982  -24.098  72.164 0.0000000000
139298  -26.320  -24.130  72.214 0.0000000000
60507  -25.763  -24.342  71.816 0.0000000000
61447  -23.843  -23.658  73.470 0.0000000000
143264  -24.487  -23.223  74.864 0.0000000000
61432  -24.213  -23.493  74.239 0.0000000000
61431  -23.298  -23.531  74.177 0.0000000000
62400  -22.764  -23.544  74.888 0.0000000000
63309  -24.633  -21.967  77.879 0.0000000000
62366  -24.131  -22.736  77.299 0.0000000000
124629  -23.575  -23.162  77.667 0.0000000000
119992  -23.169  -23.652  77.057 0.0000000000
122605  -22.719  -24.376  77.089 0.0000000000
129701  -21.285  -24.150  80.030 0.0000000000
62342  -20.812  -24.236  80.656 0.0000000000
62325  -20.300  -24.289  81.361 0.0000000000
119512  -19.887  -24.288  82.157 0.0000000000
71778  -58.486  -13.871  44.796 0.0000000000
123053  -58.469  -12.917  44.886 0.0000000000
138993  -58.411  -11.277  44.558 0.0000000000
132974  -58.351  -10.625  44.561 0.0000000000
73479  -58.312  -11.467  45.948 0.0000000000
75405  -58.040  -9.817  44.516 0.0000000000
142011  -57.083  -9.056  43.706 0.0000000000
74425  -56.799  -8.892  42.798 0.0000000000
130513  -55.550  -9.245  42.247 0.0000000000
76391  -54.055  -7.984  42.285 0.0000000000
131284  -58.379  -12.933  47.887 0.0000000000
75388  -57.331  -9.967  46.036 0.0000000000
75393  -56.981  -9.810  46.260 0.0000000000
74403  -56.866  -9.627  45.607 0.0000000000
74413  -56.794  -9.439  44.598 0.0000000000
74423  -55.186  -9.842  42.778 0.0000000000
78098  -53.371  -6.049  42.522 0.0000000000
78973  -53.567  -4.817  43.229 0.0000000000
78093  -52.799  -5.568  43.636 0.0000000000
69602  -56.743  -15.247  52.283 0.0000000000
71699  -57.279  -13.805  51.730 0.0000000000
72568  -57.118  -12.596  51.316 0.0000000000
123824  -56.077  -11.278  50.883 0.0000000000
74354  -56.242  -11.064  50.075 0.0000000000
74366  -56.197  -10.830  49.311 0.0000000000
73453  -56.081  -10.925  48.515 0.0000000000
73492  -53.247  -11.297  44.769 0.0000000000
72621  -52.807  -12.609  46.452 0.0000000000
74401  -51.953  -11.079  44.857 0.0000000000
75400  -50.463  -9.273  44.084 0.0000000000
73487  -52.627  -11.568  45.179 0.0000000000
74410  -52.573  -10.828  44.490 0.0000000000
75402  -52.285  -10.042  44.036 0.0000000000
75408  -52.169  -9.171  43.668 0.0000000000
118948  -56.346  -16.548  47.494 0.0000000000
68647  -56.703  -16.398  46.758 0.0000000000
54279  -0.935  -30.696  75.042 0.0000000000
53261  -0.708  -31.131  74.299 0.0000000000
54278  -0.734  -31.205  75.167 0.0000000000
135738  -0.699  -32.303  74.838 0.0000000000
51065  -0.781  -32.790  75.316 0.0000000000
51046  -0.875  -33.380  75.790 0.0000000000
49928  -1.488  -34.107  75.969 0.0000000000
48817  -1.794  -34.863  76.470 0.0000000000
122570  -3.092  -35.715  77.264 0.0000000000
52142  -0.279  -32.194  77.882 0.0000000000
49912  -0.526  -34.160  77.112 0.0000000000
48790  -0.582  -35.091  77.958 0.0000000000
48800  -0.636  -34.805  77.403 0.0000000000
48801  -0.884  -35.054  77.195 0.0000000000
47813  -2.602  -36.182  77.584 0.0000000000
127015  -3.300  -36.361  77.705 0.0000000000
46906  -5.418  -37.635  77.912 0.0000000000
45952  -5.572  -38.063  78.049 0.0000000000
122127  -6.857  -38.231  78.044 0.0000000000
45942  -5.044  -38.156  78.574 0.0000000000
52116  0.160  -32.664  81.866 0.0000000000
123452  -0.802  -36.002  81.713 0.0000000000
48759  -0.429  -35.138  81.424 0.0000000000
46881  -1.047  -36.776  80.880 0.0000000000
46882  -1.289  -37.098  80.651 0.0000000000
45002  -2.298  -38.251  80.382 0.0000000000
44954  -1.782  -38.740  84.112 0.0000000000
44966  -2.072  -38.750  83.347 0.0000000000
44975  -1.833  -38.526  82.728 0.0000000000
44967  -3.632  -38.603  83.304 0.0000000000
44977  -3.326  -38.658  82.597 0.0000000000
44976  -2.403  -38.665  82.400 0.0000000000
138903  -2.420  -38.537  81.602 0.0000000000
44995  -2.648  -38.443  80.896 0.0000000000
122241  -3.287  -38.434  80.678 0.0000000000
140902  -3.854  -38.410  80.471 0.0000000000
44998  -5.058  -38.432  80.475 0.0000000000
68287  -30.289  -16.071  76.942 0.0000000000
124620  -30.724  -14.465  77.450 0.0000000000
69292  -30.002  -15.774  77.769 0.0000000000
70314  -29.763  -14.421  78.551 0.0000000000
70301  -29.219  -13.867  78.932 0.0000000000
68271  -28.160  -16.083  78.867 0.0000000000
70300  -28.594  -14.112  79.116 0.0000000000
71314  -29.268  -12.353  79.296 0.0000000000
72319  -28.763  -12.086  79.779 0.0000000000
72315  -28.619  -11.646  80.118 0.0000000000
72312  -28.305  -11.686  80.389 0.0000000000
118989  -23.420  -15.459  79.367 0.0000000000
68260  -24.984  -14.877  79.628 0.0000000000
68252  -25.494  -14.407  80.015 0.0000000000
68244  -24.089  -14.178  81.368 0.0000000000
69242  -25.053  -14.016  80.885 0.0000000000
69243  -26.014  -13.829  80.352 0.0000000000
70269  -26.685  -12.759  80.737 0.0000000000
72311  -27.796  -11.573  80.703 0.0000000000
73177  -27.869  -10.950  80.903 0.0000000000
74022  -26.588  -10.770  81.850 0.0000000000
74974  -25.628  -10.795  82.996 0.0000000000
74973  -25.117  -10.628  83.529 0.0000000000
72299  -24.298  -11.528  84.649 0.0000000000
129667  -24.353  -10.926  85.061 0.0000000000
74971  -23.827  -10.425  84.292 0.0000000000
74970  -23.192  -10.330  84.447 0.0000000000
74968  -22.062  -10.576  84.736 0.0000000000
74021  -21.081  -10.834  83.545 0.0000000000
118913  -13.995  -17.481  84.755 0.0000000000
65145  -14.694  -17.123  84.779 0.0000000000
66123  -16.812  -16.318  84.899 0.0000000000
66116  -13.934  -17.004  85.910 0.0000000000
66117  -15.368  -16.400  85.707 0.0000000000
66119  -17.185  -16.076  85.448 0.0000000000
67192  -18.296  -15.767  85.682 0.0000000000
67188  -18.513  -15.446  85.825 0.0000000000
125122  -19.739  -14.946  86.169 0.0000000000
69196  -11.977  -16.314  87.059 0.0000000000
69197  -12.876  -15.933  87.069 0.0000000000
69198  -13.445  -15.826  86.956 0.0000000000
70231  -14.309  -15.534  85.845 0.0000000000
70214  -15.259  -15.546  85.942 0.0000000000
125812  -15.828  -15.598  86.089 0.0000000000
68208  -17.624  -15.098  86.635 0.0000000000
68210  -18.931  -14.822  86.340 0.0000000000
69213  -20.208  -14.542  86.388 0.0000000000
70203  -20.330  -13.859  86.656 0.0000000000
72283  -20.247  -13.185  86.952 0.0000000000
73158  -20.439  -12.195  86.331 0.0000000000
72296  -18.449  -13.399  85.854 0.0000000000
73162  -19.523  -12.447  85.929 0.0000000000
73164  -20.500  -11.934  86.077 0.0000000000
74011  -20.590  -11.345  84.821 0.0000000000
74017  -20.662  -11.298  84.094 0.0000000000
74020  -20.554  -10.987  83.130 0.0000000000
73179  -20.043  -11.452  82.573 0.0000000000
72318  -19.679  -11.604  81.029 0.0000000000
72317  -19.128  -12.256  80.387 0.0000000000
133386  -18.061  -13.303  80.973 0.0000000000
71326  -18.380  -12.673  79.822 0.0000000000
141131  -17.981  -11.787  78.830 0.0000000000
72326  -17.608  -12.427  78.316 0.0000000000
73198  -16.624  -11.946  77.352 0.0000000000
73204  -16.184  -12.350  76.738 0.0000000000
70274  -15.121  -15.136  81.309 0.0000000000
70286  -15.296  -14.798  80.361 0.0000000000
121281  -15.689  -14.250  78.648 0.0000000000
127093  -14.430  -14.056  77.879 0.0000000000
71342  -15.414  -14.031  77.890 0.0000000000
71335  -16.318  -14.080  78.096 0.0000000000
119660  -16.237  -13.284  76.885 0.0000000000
72332  -16.099  -12.804  76.395 0.0000000000
73202  -15.213  -11.652  76.359 0.0000000000
74074  -14.588  -11.005  75.932 0.0000000000
75049  -13.453  -9.865  75.389 0.0000000000
141861  -13.050  -9.716  74.565 0.0000000000
73224  -13.335  -10.882  73.842 0.0000000000
74112  -12.842  -10.131  73.713 0.0000000000
76024  -12.448  -8.928  74.664 0.0000000000
76023  -11.993  -8.119  74.187 0.0000000000
77013  -10.667  -7.633  73.590 0.0000000000
77001  -9.852  -7.217  73.905 0.0000000000
77000  -8.821  -7.451  74.123 0.0000000000
138163  -9.246  -7.773  73.662 0.0000000000
77011  -9.267  -8.353  73.235 0.0000000000
75072  -8.861  -9.108  72.907 0.0000000000
125417  -10.145  -11.153  72.375 0.0000000000
74128  -9.202  -10.613  72.465 0.0000000000
73232  -8.439  -11.211  72.502 0.0000000000
72354  -7.722  -12.454  72.472 0.0000000000
71407  -7.320  -13.065  72.654 0.0000000000
71359  -10.091  -14.370  76.135 0.0000000000
71375  -9.857  -14.326  75.023 0.0000000000
70361  -9.004  -14.569  74.745 0.0000000000
120970  -7.897  -15.092  76.930 0.0000000000
70345  -8.544  -14.866  75.365 0.0000000000
70371  -8.380  -14.539  73.690 0.0000000000
70370  -7.256  -14.520  73.308 0.0000000000
69328  -5.360  -15.101  74.645 0.0000000000
124863  -5.531  -15.570  76.069 0.0000000000
136077  -4.753  -15.519  75.915 0.0000000000
69314  -3.347  -15.557  75.871 0.0000000000
69300  -2.864  -15.902  76.477 0.0000000000
121671  -4.516  -15.770  84.724 0.0000000000
70248  -4.952  -15.475  84.110 0.0000000000
70255  -4.510  -15.551  83.305 0.0000000000
68231  -2.865  -17.429  84.422 0.0000000000
69232  -3.557  -16.371  83.695 0.0000000000
70254  -3.808  -16.000  83.060 0.0000000000
70262  -4.047  -15.745  82.486 0.0000000000
70271  -3.590  -16.034  81.756 0.0000000000
129260  -3.132  -16.428  81.094 0.0000000000
63239  -2.088  -21.543  83.608 0.0000000000
123136  -2.062  -20.327  83.217 0.0000000000
141344  -2.070  -21.159  82.740 0.0000000000
65174  -2.120  -19.859  82.800 0.0000000000
66143  -2.161  -19.415  82.938 0.0000000000
68241  -2.450  -18.278  82.159 0.0000000000
142408  -2.596  -17.289  81.320 0.0000000000
134525  -2.791  -16.752  80.532 0.0000000000
70280  -2.710  -16.778  79.878 0.0000000000
69259  -2.521  -16.986  79.586 0.0000000000
132445  -2.435  -16.954  78.964 0.0000000000
132033  -2.522  -18.548  80.015 0.0000000000
68276  -2.447  -17.346  78.907 0.0000000000
69272  -2.409  -16.818  78.333 0.0000000000
69284  -2.377  -16.852  77.892 0.0000000000
68291  -2.360  -17.055  77.492 0.0000000000
66218  -2.685  -17.860  77.439 0.0000000000
65218  -3.146  -19.320  77.574 0.0000000000
64241  -3.092  -20.234  77.998 0.0000000000
63315  -3.260  -20.869  77.504 0.0000000000
63303  -3.358  -21.656  77.365 0.0000000000
61393  -3.167  -23.546  77.421 0.0000000000
58509  -1.654  -26.249  79.202 0.0000000000
61382  -2.671  -23.721  78.686 0.0000000000
127642  -2.860  -23.888  78.015 0.0000000000
60457  -2.870  -24.259  77.660 0.0000000000
60459  -3.095  -24.295  77.037 0.0000000000
59547  -3.034  -25.095  76.673 0.0000000000
128289  -2.427  -27.364  76.222 0.0000000000
57472  -2.227  -27.376  76.986 0.0000000000
56372  -2.177  -28.221  76.269 0.0000000000
55278  -1.281  -30.111  75.055 0.0000000000
67436  -50.680  -16.317  60.793 0.0000000000
67435  -50.172  -16.585  61.226 0.0000000000
138105  -51.117  -15.600  61.118 0.0000000000
69463  -50.954  -15.217  61.497 0.0000000000
71528  -50.627  -14.554  61.562 0.0000000000
72467  -50.063  -14.113  60.614 0.0000000000
122303  -47.194  -16.905  61.291 0.0000000000
67419  -49.086  -16.604  62.253 0.0000000000
67408  -48.691  -16.386  63.043 0.0000000000
68429  -49.480  -16.288  62.481 0.0000000000
68418  -49.732  -15.864  62.583 0.0000000000
70481  -49.891  -14.870  62.564 0.0000000000
70498  -50.066  -14.545  62.149 0.0000000000
72473  -49.473  -13.785  60.214 0.0000000000
71557  -48.771  -13.725  60.010 0.0000000000
143148  -47.983  -13.300  58.842 0.0000000000
71586  -47.069  -13.271  57.742 0.0000000000
71555  -47.239  -13.938  59.913 0.0000000000
71576  -47.305  -13.426  58.570 0.0000000000
71600  -46.293  -13.336  56.290 0.0000000000
71585  -46.174  -13.472  57.349 0.0000000000
71619  -45.053  -13.417  55.263 0.0000000000
71618  -44.224  -13.484  55.301 0.0000000000
63505  -45.708  -21.626  62.412 0.0000000000
64459  -46.052  -20.495  62.927 0.0000000000
64446  -46.228  -21.360  63.218 0.0000000000
66361  -46.740  -17.992  63.941 0.0000000000
131655  -47.152  -17.040  64.836 0.0000000000
131071  -45.567  -19.003  64.991 0.0000000000
66346  -45.877  -18.184  65.145 0.0000000000
67374  -45.866  -17.496  65.178 0.0000000000
68414  -44.645  -16.528  63.709 0.0000000000
67391  -45.447  -17.103  65.066 0.0000000000
68384  -46.205  -16.954  65.146 0.0000000000
69432  -46.167  -15.910  64.633 0.0000000000
68399  -46.682  -16.292  64.908 0.0000000000
69449  -46.912  -15.462  64.419 0.0000000000
70513  -45.983  -14.925  61.408 0.0000000000
70535  -45.927  -14.817  60.343 0.0000000000
70550  -44.967  -15.023  59.273 0.0000000000
70551  -45.454  -14.558  58.908 0.0000000000
71574  -45.217  -14.104  58.115 0.0000000000
128292  -44.733  -13.749  56.896 0.0000000000
119501  -43.741  -13.533  53.880 0.0000000000
119495  -42.592  -13.761  52.825 0.0000000000
119488  -42.156  -13.934  52.085 0.0000000000
119691  -41.179  -13.964  50.858 0.0000000000
119489  -41.160  -13.899  51.963 0.0000000000
71706  -40.453  -13.851  50.215 0.0000000000
122140  -39.804  -13.540  49.725 0.0000000000
70582  -41.031  -14.564  55.822 0.0000000000
71636  -40.648  -14.134  54.546 0.0000000000
136350  -40.236  -13.976  53.299 0.0000000000
119658  -39.039  -13.980  52.443 0.0000000000
71693  -39.334  -13.869  51.491 0.0000000000
55340  -43.048  -29.089  69.532 0.0000000000
55320  -43.318  -28.270  70.477 0.0000000000
55321  -43.707  -28.764  69.990 0.0000000000
139548  -44.332  -28.530  69.507 0.0000000000
55362  -45.033  -28.269  68.964 0.0000000000
57535  -45.525  -27.334  68.722 0.0000000000
58585  -46.026  -26.455  67.801 0.0000000000
61508  -44.015  -24.153  70.408 0.0000000000
130913  -44.042  -24.796  70.100 0.0000000000
61532  -43.811  -24.378  69.302 0.0000000000
61517  -44.019  -24.797  69.503 0.0000000000
60546  -44.206  -25.417  69.403 0.0000000000
59617  -45.196  -25.870  68.374 0.0000000000
60559  -46.026  -25.374  67.607 0.0000000000
60572  -45.776  -24.718  67.280 0.0000000000
135956  -44.605  -23.825  66.470 0.0000000000
61573  -44.298  -23.376  65.941 0.0000000000
123613  -43.527  -23.855  65.782 0.0000000000
62542  -43.756  -23.089  65.163 0.0000000000
62557  -43.593  -22.476  64.168 0.0000000000
63493  -42.970  -21.540  63.138 0.0000000000
123928  -42.493  -20.852  62.849 0.0000000000
65415  -41.309  -19.540  62.341 0.0000000000
63467  -38.830  -21.665  65.462 0.0000000000
63468  -39.536  -21.793  65.647 0.0000000000
63479  -39.104  -22.389  65.089 0.0000000000
62570  -37.529  -22.967  63.670 0.0000000000
62554  -38.682  -22.812  64.473 0.0000000000
62555  -39.554  -23.134  64.623 0.0000000000
118853  -39.682  -23.443  63.903 0.0000000000
139451  -39.904  -23.382  62.827 0.0000000000
63546  -35.063  -21.520  58.771 0.0000000000
63522  -36.169  -21.809  59.692 0.0000000000
63523  -36.826  -22.099  60.256 0.0000000000
63534  -37.009  -21.254  59.857 0.0000000000
62598  -37.960  -22.599  61.107 0.0000000000
63525  -38.093  -21.909  60.744 0.0000000000
61615  -39.204  -22.906  61.656 0.0000000000
62585  -40.038  -22.895  62.022 0.0000000000
61607  -40.647  -23.178  62.616 0.0000000000
62586  -40.860  -22.581  62.038 0.0000000000
62601  -40.984  -21.937  61.712 0.0000000000
121903  -39.803  -20.861  61.322 0.0000000000
64468  -40.408  -20.599  61.644 0.0000000000
65440  -40.113  -19.076  61.188 0.0000000000
66398  -40.718  -18.755  61.605 0.0000000000
66422  -40.137  -17.999  60.024 0.0000000000
67477  -39.531  -17.629  58.394 0.0000000000
68494  -39.022  -16.762  56.937 0.0000000000
67520  -38.277  -17.082  56.667 0.0000000000
68520  -38.661  -16.410  56.217 0.0000000000
69576  -37.550  -15.285  54.437 0.0000000000
55225  -4.451  -29.435  79.569 0.0000000000
54229  -5.139  -31.132  78.882 0.0000000000
53214  -6.409  -32.016  79.072 0.0000000000
54244  -6.810  -30.565  77.518 0.0000000000
53215  -7.151  -31.551  78.847 0.0000000000
53205  -6.947  -32.008  79.532 0.0000000000
130169  -7.341  -31.827  81.454 0.0000000000
54184  -7.396  -30.959  83.093 0.0000000000
56318  -9.471  -28.863  76.911 0.0000000000
55235  -8.878  -29.530  78.441 0.0000000000
55226  -8.725  -29.719  79.773 0.0000000000
56283  -8.680  -29.075  81.450 0.0000000000
55215  -8.440  -29.818  80.987 0.0000000000
54185  -7.806  -30.457  82.409 0.0000000000
54173  -7.319  -30.367  83.945 0.0000000000
54161  -6.924  -30.583  84.592 0.0000000000
55173  -6.425  -29.250  86.130 0.0000000000
56245  -6.134  -28.887  86.793 0.0000000000
56253  -6.906  -28.796  85.693 0.0000000000
56242  -5.865  -28.526  87.537 0.0000000000
57315  -5.748  -27.502  88.699 0.0000000000
58390  -5.897  -27.286  89.990 0.0000000000
59496  -9.743  -25.819  83.284 0.0000000000
123629  -10.204  -24.786  84.012 0.0000000000
120870  -9.143  -26.084  83.896 0.0000000000
59485  -8.354  -26.514  85.014 0.0000000000
61274  -10.514  -23.509  87.250 0.0000000000
61282  -9.893  -23.801  86.868 0.0000000000
61272  -8.955  -23.921  88.281 0.0000000000
60385  -9.060  -24.550  86.469 0.0000000000
59467  -8.578  -25.101  86.431 0.0000000000
59476  -8.245  -26.132  85.613 0.0000000000
58421  -7.788  -26.421  86.304 0.0000000000
58407  -6.910  -26.400  87.706 0.0000000000
60356  -7.391  -25.253  89.481 0.0000000000
59440  -6.957  -25.615  89.036 0.0000000000
59439  -6.398  -26.321  89.250 0.0000000000
59425  -6.470  -26.476  89.846 0.0000000000
58391  -6.580  -26.747  90.008 0.0000000000
56224  -8.135  -28.901  90.442 0.0000000000
55146  -8.493  -29.319  88.960 0.0000000000
141473  -8.976  -29.626  89.289 0.0000000000
62299  -18.889  -24.193  83.869 0.0000000000
62271  -18.355  -23.910  85.332 0.0000000000
131384  -18.706  -24.033  85.680 0.0000000000
62259  -18.305  -23.602  85.923 0.0000000000
62258  -17.691  -23.326  86.432 0.0000000000
61275  -17.306  -23.387  87.256 0.0000000000
130373  -19.927  -25.580  85.908 0.0000000000
59469  -19.411  -25.384  86.210 0.0000000000
119863  -18.776  -25.102  86.769 0.0000000000
58444  -17.999  -26.017  85.618 0.0000000000
59468  -18.639  -25.626  86.376 0.0000000000
59458  -18.228  -24.907  87.189 0.0000000000
123691  -17.704  -24.898  87.472 0.0000000000
59449  -17.050  -24.578  87.668 0.0000000000
60367  -16.369  -24.167  87.944 0.0000000000
59448  -16.284  -24.757  87.881 0.0000000000
134634  -15.757  -25.116  87.699 0.0000000000
59455  -15.066  -25.187  87.641 0.0000000000
139182  -15.870  -25.955  86.080 0.0000000000
58426  -15.372  -25.810  86.604 0.0000000000
58411  -14.817  -25.594  87.069 0.0000000000
58424  -13.738  -25.931  86.129 0.0000000000
57354  -14.522  -26.472  83.843 0.0000000000
74080  -31.107  -10.132  76.535 0.0000000000
72340  -29.696  -12.155  75.171 0.0000000000
72335  -30.157  -12.294  75.843 0.0000000000
73208  -30.795  -11.029  76.812 0.0000000000
133468  -30.418  -12.824  76.283 0.0000000000
70348  -30.698  -14.344  75.860 0.0000000000
69307  -30.827  -15.002  75.939 0.0000000000
66393  -25.680  -19.479  60.561 0.0000000000
120511  -24.793  -18.942  60.507 0.0000000000
64463  -26.173  -20.241  61.605 0.0000000000
121471  -24.795  -19.493  61.044 0.0000000000
65422  -24.268  -19.696  61.843 0.0000000000
66380  -23.693  -18.998  62.454 0.0000000000
61594  -28.563  -23.097  63.746 0.0000000000
62563  -27.313  -22.635  63.275 0.0000000000
63486  -26.791  -22.211  63.087 0.0000000000
64435  -25.812  -21.032  63.104 0.0000000000
65396  -24.558  -20.092  63.339 0.0000000000
66366  -23.641  -18.784  63.492 0.0000000000
66352  -23.943  -18.326  64.493 0.0000000000
66353  -24.731  -18.821  64.867 0.0000000000
67383  -24.592  -17.816  65.190 0.0000000000
132703  -26.296  -20.012  64.905 0.0000000000
67384  -25.443  -18.201  65.470 0.0000000000
67370  -26.127  -17.585  65.701 0.0000000000
67371  -26.977  -17.807  65.860 0.0000000000
138036  -27.335  -17.331  66.285 0.0000000000
59581  -24.353  -25.103  69.883 0.0000000000
134186  -24.773  -25.418  69.243 0.0000000000
143009  -24.528  -25.542  68.665 0.0000000000
60540  -23.113  -25.000  68.935 0.0000000000
59608  -23.350  -25.381  67.963 0.0000000000
121960  -24.286  -25.627  67.870 0.0000000000
59644  -24.546  -25.067  65.537 0.0000000000
60593  -25.006  -24.748  65.557 0.0000000000
61512  -19.534  -23.184  68.378 0.0000000000
61526  -20.175  -23.296  67.706 0.0000000000
60564  -21.660  -24.114  66.303 0.0000000000
138043  -21.910  -23.231  66.169 0.0000000000
61547  -21.530  -23.458  66.249 0.0000000000
60578  -22.254  -23.999  65.532 0.0000000000
60592  -22.761  -24.185  64.297 0.0000000000
125004  -23.904  -24.550  65.286 0.0000000000
61565  -25.627  -24.312  65.846 0.0000000000
61552  -26.306  -23.703  66.093 0.0000000000
123827  -27.514  -21.165  66.161 0.0000000000
143683  -26.584  -23.221  67.567 0.0000000000
63453  -27.748  -21.773  66.747 0.0000000000
64393  -27.874  -20.436  66.267 0.0000000000
66326  -27.716  -18.903  66.471 0.0000000000
67360  -27.699  -17.992  66.309 0.0000000000
67352  -27.944  -17.247  66.857 0.0000000000
67353  -28.134  -17.740  67.625 0.0000000000
67338  -28.369  -17.409  68.333 0.0000000000
65324  -28.619  -19.593  68.463 0.0000000000
66302  -27.879  -18.031  68.826 0.0000000000
67324  -28.232  -17.384  69.525 0.0000000000
124557  -28.191  -17.832  70.247 0.0000000000
66287  -28.307  -17.381  71.122 0.0000000000
62481  -24.700  -22.639  70.040 0.0000000000
62468  -25.448  -22.592  70.528 0.0000000000
62452  -27.062  -22.408  70.971 0.0000000000
63397  -25.950  -22.263  71.895 0.0000000000
63399  -27.852  -22.185  71.071 0.0000000000
64330  -29.220  -20.897  70.908 0.0000000000
66280  -28.549  -17.757  71.930 0.0000000000
67302  -28.386  -17.170  72.700 0.0000000000
67295  -28.757  -17.355  73.633 0.0000000000
66256  -29.183  -17.871  74.162 0.0000000000
65277  -29.052  -19.897  73.705 0.0000000000
65266  -29.056  -19.130  74.073 0.0000000000
131696  -29.305  -17.153  74.299 0.0000000000
67281  -29.900  -16.869  74.748 0.0000000000
68301  -30.171  -16.502  75.534 0.0000000000
68295  -30.201  -16.502  76.349 0.0000000000
67273  -29.370  -17.497  76.772 0.0000000000
67272  -28.607  -17.970  77.028 0.0000000000
66212  -26.871  -18.235  77.159 0.0000000000
65235  -26.173  -19.348  76.205 0.0000000000
66228  -25.634  -18.688  76.626 0.0000000000
66211  -26.144  -18.292  77.080 0.0000000000
66209  -25.092  -17.427  76.971 0.0000000000
66208  -24.323  -16.931  76.711 0.0000000000
66191  -23.570  -16.442  77.417 0.0000000000
65262  -22.395  -17.688  73.731 0.0000000000
65247  -22.445  -17.374  74.456 0.0000000000
65231  -22.630  -17.162  75.132 0.0000000000
66240  -20.292  -16.873  74.835 0.0000000000
66241  -21.231  -16.962  75.215 0.0000000000
66224  -21.555  -16.819  76.006 0.0000000000
66207  -21.870  -16.323  76.764 0.0000000000
66190  -22.400  -16.199  77.584 0.0000000000
120056  -20.316  -16.109  78.805 0.0000000000
66174  -19.710  -16.465  79.195 0.0000000000
66162  -19.365  -16.670  80.229 0.0000000000
66173  -18.976  -16.664  79.596 0.0000000000
66152  -18.336  -16.821  80.822 0.0000000000
65186  -17.332  -17.114  80.879 0.0000000000
65177  -16.116  -17.339  82.011 0.0000000000
65175  -14.589  -17.980  82.546 0.0000000000
63368  -13.774  -20.670  72.298 0.0000000000
63352  -13.572  -20.437  73.339 0.0000000000
131999  -14.310  -19.881  74.010 0.0000000000
63341  -11.746  -20.631  74.781 0.0000000000
63342  -13.313  -20.239  74.375 0.0000000000
63332  -15.248  -19.393  75.218 0.0000000000
124548  -15.634  -19.270  76.017 0.0000000000
64253  -15.942  -19.031  76.730 0.0000000000
63304  -12.319  -20.964  77.484 0.0000000000
63305  -12.210  -20.622  77.561 0.0000000000
125203  -13.656  -19.553  77.766 0.0000000000
63306  -14.974  -19.386  77.555 0.0000000000
64242  -15.709  -19.147  77.469 0.0000000000
64231  -16.015  -18.836  78.178 0.0000000000
127011  -15.901  -18.869  78.868 0.0000000000
64194  -15.166  -18.376  81.067 0.0000000000
64179  -14.709  -18.483  81.650 0.0000000000
64161  -13.995  -18.124  82.841 0.0000000000
64160  -13.370  -18.324  82.889 0.0000000000
64145  -12.723  -18.308  83.561 0.0000000000
64157  -11.562  -18.479  82.966 0.0000000000
64173  -10.074  -18.610  81.415 0.0000000000
65163  -9.117  -18.497  83.052 0.0000000000
63247  -6.682  -20.332  82.307 0.0000000000
62294  -6.076  -21.127  82.399 0.0000000000
63267  -8.388  -20.578  79.298 0.0000000000
62322  -7.025  -22.074  80.126 0.0000000000
62307  -6.273  -21.803  81.511 0.0000000000
61323  -5.798  -22.576  81.767 0.0000000000
141525  -5.130  -24.382  81.840 0.0000000000
58466  -4.909  -25.043  81.541 0.0000000000
57404  -4.956  -26.322  80.222 0.0000000000
57421  -4.628  -27.092  80.074 0.0000000000
138362  -4.440  -28.752  79.733 0.0000000000
73499  -58.417  -10.986  43.168 0.0000000000
74426  -58.322  -10.264  42.856 0.0000000000
67468  -50.858  -16.247  59.720 0.0000000000
67453  -52.138  -15.850  59.193 0.0000000000
69495  -53.001  -15.237  59.391 0.0000000000
71559  -52.260  -14.069  59.526 0.0000000000
71560  -52.795  -14.427  59.462 0.0000000000
72485  -53.049  -13.280  58.743 0.0000000000
72503  -53.164  -12.844  57.332 0.0000000000
72513  -52.639  -12.831  56.671 0.0000000000
130847  -51.954  -13.879  54.823 0.0000000000
71588  -49.464  -12.959  57.257 0.0000000000
71604  -50.060  -13.002  56.407 0.0000000000
71641  -48.793  -13.706  53.699 0.0000000000
71642  -49.292  -13.659  54.503 0.0000000000
71624  -50.383  -13.304  55.410 0.0000000000
119991  -50.493  -13.900  54.098 0.0000000000
71662  -51.220  -14.247  53.873 0.0000000000
70623  -51.001  -14.570  52.962 0.0000000000
70648  -50.599  -14.559  51.293 0.0000000000
71716  -50.053  -14.203  49.919 0.0000000000
72590  -49.210  -13.153  48.125 0.0000000000
129367  -48.023  -12.751  47.664 0.0000000000
72617  -48.091  -12.322  47.022 0.0000000000
72602  -48.800  -12.734  47.484 0.0000000000
119988  -7.348  -28.813  68.677 0.0000000000
55348  -8.304  -28.785  68.880 0.0000000000
55327  -8.688  -29.198  69.756 0.0000000000
118955  -9.390  -28.988  69.071 0.0000000000
51086  -1.570  -32.696  74.337 0.0000000000
129216  -2.762  -32.915  74.773 0.0000000000
51047  -2.956  -33.480  75.392 0.0000000000
51069  -3.597  -32.885  74.970 0.0000000000
52164  -4.897  -32.996  75.432 0.0000000000
53213  -4.924  -31.898  79.267 0.0000000000
51013  -5.213  -33.149  79.708 0.0000000000
51004  -5.354  -33.756  80.236 0.0000000000
52119  -6.470  -33.213  81.035 0.0000000000
50992  -5.920  -33.659  80.753 0.0000000000
50991  -5.532  -34.115  80.988 0.0000000000
49834  -5.350  -34.718  82.129 0.0000000000
49812  -4.799  -34.800  84.435 0.0000000000
126856  -6.150  -31.982  85.044 0.0000000000
52094  -5.514  -33.225  85.248 0.0000000000
52087  -4.756  -32.635  86.845 0.0000000000
52090  -5.118  -32.871  86.009 0.0000000000
49802  -4.612  -34.499  85.304 0.0000000000
49801  -3.960  -34.908  85.696 0.0000000000
49800  -3.310  -35.209  86.046 0.0000000000
123185  -2.909  -35.432  87.416 0.0000000000
137698  -3.209  -35.486  88.113 0.0000000000
48693  -3.489  -34.701  89.110 0.0000000000
48703  -3.497  -35.427  88.579 0.0000000000
47726  -3.718  -36.012  88.205 0.0000000000
47720  -4.739  -35.478  88.677 0.0000000000
48704  -5.370  -35.191  88.453 0.0000000000
72327  -30.663  -12.058  78.056 0.0000000000
75029  -31.615  -9.156  78.333 0.0000000000
77825  -31.481  -7.611  78.064 0.0000000000
76954  -30.539  -8.191  79.327 0.0000000000
77823  -29.981  -7.540  78.137 0.0000000000
77859  -29.023  -7.287  76.087 0.0000000000
76996  -27.642  -7.579  75.599 0.0000000000
76936  -27.221  -8.469  79.609 0.0000000000
75982  -26.546  -8.475  78.355 0.0000000000
75993  -26.066  -8.827  77.716 0.0000000000
74079  -24.133  -10.302  77.143 0.0000000000
74994  -20.391  -9.171  81.849 0.0000000000
121304  -19.885  -8.674  81.296 0.0000000000
75967  -20.322  -8.587  79.989 0.0000000000
76934  -17.925  -8.264  80.246 0.0000000000
76935  -18.763  -8.137  80.200 0.0000000000
75980  -20.147  -8.767  79.119 0.0000000000
75978  -19.141  -8.210  78.471 0.0000000000
75991  -18.932  -8.281  77.786 0.0000000000
76984  -18.037  -7.741  77.021 0.0000000000
78658  -13.344  -5.662  80.487 0.0000000000
78663  -13.736  -5.706  79.759 0.0000000000
78664  -14.182  -5.716  79.215 0.0000000000
79552  -14.165  -4.972  78.900 0.0000000000
77833  -15.693  -6.453  77.836 0.0000000000
77834  -16.219  -6.818  77.381 0.0000000000
120860  -8.355  -7.115  74.773 0.0000000000
77853  -7.927  -6.829  75.539 0.0000000000
124591  -7.103  -7.568  76.059 0.0000000000
76021  -7.230  -8.492  74.673 0.0000000000
76981  -6.900  -7.218  76.995 0.0000000000
76969  -6.389  -7.596  77.445 0.0000000000
75975  -5.466  -8.001  78.277 0.0000000000
75059  -5.701  -9.547  74.667 0.0000000000
74094  -5.176  -9.883  73.990 0.0000000000
75998  -5.835  -8.641  76.553 0.0000000000
75974  -5.242  -7.883  79.041 0.0000000000
75973  -4.752  -8.042  79.095 0.0000000000
75962  -4.326  -7.826  79.002 0.0000000000
77813  -4.063  -6.940  79.185 0.0000000000
75996  -4.162  -8.176  77.383 0.0000000000
76968  -3.818  -7.642  77.622 0.0000000000
138775  -3.980  -6.761  78.435 0.0000000000
77814  -4.251  -6.268  78.792 0.0000000000
78665  -4.394  -5.669  78.234 0.0000000000
79553  -4.615  -5.197  77.719 0.0000000000
70342  -2.462  -14.785  74.323 0.0000000000
70353  -1.937  -14.630  73.769 0.0000000000
72342  -3.081  -12.432  73.372 0.0000000000
70389  -1.889  -14.748  72.391 0.0000000000
72352  -2.154  -13.025  72.903 0.0000000000
73243  -2.535  -12.355  72.492 0.0000000000
73218  -2.853  -12.290  73.075 0.0000000000
121131  -3.875  -9.199  74.463 0.0000000000
119296  -3.698  -8.194  75.265 0.0000000000
76999  -3.641  -8.319  74.736 0.0000000000
76990  -3.593  -7.588  75.592 0.0000000000
77852  -3.598  -7.189  76.209 0.0000000000
78683  -3.723  -6.438  76.693 0.0000000000
140296  -4.923  -4.804  78.003 0.0000000000
79554  -5.172  -4.653  77.430 0.0000000000
80408  -5.963  -4.139  76.883 0.0000000000
79565  -4.557  -5.070  75.083 0.0000000000
80412  -5.957  -4.170  75.804 0.0000000000
80409  -6.643  -3.386  76.269 0.0000000000
138097  -6.864  -3.017  75.423 0.0000000000
81288  -6.713  -3.016  74.762 0.0000000000
81289  -7.199  -2.595  75.016 0.0000000000
79573  -3.914  -4.831  72.922 0.0000000000
79575  -5.072  -3.990  73.536 0.0000000000
80422  -5.809  -3.374  73.528 0.0000000000
81294  -6.872  -2.635  74.134 0.0000000000
126558  -7.499  -2.182  74.621 0.0000000000
82113  -7.529  -2.029  74.018 0.0000000000
82933  -7.820  -1.244  74.001 0.0000000000
82942  -7.611  -1.041  73.321 0.0000000000
82133  -5.400  -1.636  71.965 0.0000000000
82135  -7.106  -1.467  72.745 0.0000000000
78719  -5.632  -5.185  68.823 0.0000000000
77061  -5.402  -6.861  68.036 0.0000000000
77909  -3.070  -6.972  67.523 0.0000000000
77910  -3.200  -6.723  67.652 0.0000000000
77911  -3.662  -6.773  67.654 0.0000000000
139252  -3.394  -9.026  65.858 0.0000000000
77084  -3.694  -8.015  66.661 0.0000000000
77071  -4.021  -7.446  67.226 0.0000000000
77072  -4.852  -7.540  67.446 0.0000000000
77073  -5.765  -7.629  67.733 0.0000000000
75140  -5.478  -8.905  66.852 0.0000000000
74181  -5.200  -9.966  66.108 0.0000000000
73292  -4.347  -10.859  65.233 0.0000000000
74196  -4.778  -10.334  65.585 0.0000000000
74197  -5.596  -10.696  65.913 0.0000000000
72432  -5.517  -11.970  64.996 0.0000000000
71478  -5.476  -13.367  63.899 0.0000000000
123326  -5.500  -14.019  63.446 0.0000000000
68363  -4.515  -15.758  68.209 0.0000000000
137206  -3.554  -15.517  67.448 0.0000000000
69391  -2.333  -15.824  66.822 0.0000000000
69404  -2.130  -15.359  66.199 0.0000000000
70429  -2.136  -14.951  65.608 0.0000000000
135559  -2.143  -15.216  65.429 0.0000000000
65330  -2.085  -19.806  67.062 0.0000000000
65341  -2.276  -19.337  66.544 0.0000000000
64388  -3.118  -20.057  66.843 0.0000000000
65356  -2.543  -18.950  66.136 0.0000000000
66333  -1.961  -17.881  66.010 0.0000000000
67365  -1.850  -17.074  65.888 0.0000000000
69415  -2.117  -15.728  65.520 0.0000000000
69421  -2.225  -15.134  65.156 0.0000000000
70452  -2.516  -14.738  64.752 0.0000000000
70454  -3.196  -14.588  64.419 0.0000000000
69424  -3.766  -15.139  64.408 0.0000000000
67378  -4.201  -17.228  65.082 0.0000000000
70466  -3.975  -14.439  64.092 0.0000000000
69436  -4.681  -14.992  64.097 0.0000000000
130171  -4.953  -14.348  63.728 0.0000000000
68405  -6.248  -16.036  63.681 0.0000000000
124356  -7.032  -18.586  64.665 0.0000000000
135987  -7.615  -18.363  64.101 0.0000000000
66351  -8.335  -18.753  64.265 0.0000000000
63445  -7.610  -21.875  67.586 0.0000000000
63458  -7.876  -20.940  67.151 0.0000000000
63459  -8.668  -21.428  66.721 0.0000000000
61545  -8.979  -23.198  66.218 0.0000000000
143499  -9.190  -21.828  66.346 0.0000000000
44946  -2.072  -38.580  85.323 0.0000000000
44955  -2.076  -38.888  84.732 0.0000000000
44957  -3.551  -38.702  84.269 0.0000000000
44964  -1.500  -38.517  84.029 0.0000000000
44965  -1.657  -38.513  83.422 0.0000000000
44978  -3.991  -38.474  82.404 0.0000000000
44985  -1.962  -38.470  81.923 0.0000000000
44986  -2.965  -38.568  81.563 0.0000000000
44997  -4.352  -38.458  80.793 0.0000000000
45003  -2.940  -38.318  80.156 0.0000000000
45873  -3.615  -37.945  86.225 0.0000000000
45879  -1.791  -38.297  85.265 0.0000000000
45905  -1.408  -38.166  82.008 0.0000000000
45912  -1.320  -37.644  81.766 0.0000000000
45921  -1.778  -38.042  80.663 0.0000000000
45922  -5.693  -38.147  80.919 0.0000000000
45928  -1.606  -37.513  80.326 0.0000000000
45930  -2.616  -38.062  79.768 0.0000000000
45932  -6.061  -38.274  79.493 0.0000000000
45949  -3.270  -37.527  78.873 0.0000000000
45951  -4.823  -37.898  78.429 0.0000000000
46825  -3.773  -36.620  87.748 0.0000000000
46831  -2.703  -37.152  87.167 0.0000000000
46868  -0.946  -36.976  82.170 0.0000000000
46895  -1.996  -37.109  79.090 0.0000000000
47736  -2.752  -36.577  87.413 0.0000000000
47786  -0.780  -36.150  80.289 0.0000000000
47796  -0.893  -35.948  78.985 0.0000000000
47803  -0.708  -35.515  78.446 0.0000000000
47812  -1.862  -35.965  77.569 0.0000000000
48687  -4.561  -34.705  89.797 0.0000000000
48694  -4.659  -35.068  89.200 0.0000000000
48702  -3.231  -34.818  88.570 0.0000000000
48712  -2.869  -35.903  87.539 0.0000000000
48752  -2.771  -36.171  82.317 0.0000000000
48791  -0.824  -35.335  77.869 0.0000000000
49767  -3.522  -34.115  89.470 0.0000000000
49790  -2.911  -35.254  86.829 0.0000000000
49811  -4.155  -35.218  84.852 0.0000000000
49824  -5.434  -34.570  83.046 0.0000000000
49833  -4.690  -35.093  81.709 0.0000000000
49914  -3.698  -34.502  76.508 0.0000000000
49942  -1.187  -33.490  75.594 0.0000000000
50922  -4.570  -32.957  90.860 0.0000000000
50934  -3.468  -33.373  89.463 0.0000000000
50936  -4.244  -33.417  90.468 0.0000000000
50964  -3.925  -33.912  86.815 0.0000000000
50970  -4.927  -33.720  85.689 0.0000000000
50989  -2.834  -34.131  81.219 0.0000000000
51003  -4.601  -33.622  80.059 0.0000000000
51025  -0.264  -33.788  77.623 0.0000000000
51070  -4.384  -32.796  75.100 0.0000000000
51087  -2.240  -32.658  74.188 0.0000000000
51098  -9.979  -34.202  71.685 0.0000000000
52076  -3.473  -32.770  89.211 0.0000000000
52080  -3.589  -32.667  88.643 0.0000000000
52082  -3.205  -33.338  88.537 0.0000000000
52084  -4.284  -32.456  87.580 0.0000000000
52101  -6.128  -32.926  83.821 0.0000000000
52137  -5.134  -32.454  79.439 0.0000000000
53156  -3.973  -31.482  89.651 0.0000000000
53159  -3.997  -31.920  88.647 0.0000000000
53170  -5.985  -31.593  85.695 0.0000000000
53225  -6.532  -31.322  78.313 0.0000000000
53260  -0.638  -31.744  74.928 0.0000000000
53283  -1.480  -31.535  72.560 0.0000000000
53311  -1.603  -30.390  71.266 0.0000000000
54142  -5.828  -30.448  86.468 0.0000000000
54215  -8.489  -30.204  79.216 0.0000000000
54255  -7.171  -29.931  76.967 0.0000000000
54263  -1.317  -30.386  76.428 0.0000000000
54310  -6.399  -30.031  71.832 0.0000000000
54339  -2.533  -29.335  69.883 0.0000000000
54351  -2.969  -29.120  69.424 0.0000000000
54352  -2.930  -29.113  69.497 0.0000000000
55164  -5.695  -29.297  87.341 0.0000000000
55179  -1.797  -28.703  84.235 0.0000000000
55192  -2.248  -29.044  83.829 0.0000000000
55198  -0.886  -29.501  82.750 0.0000000000
55256  -7.743  -29.513  76.490 0.0000000000
55265  -7.724  -28.836  76.011 0.0000000000
55266  -8.282  -28.912  76.036 0.0000000000
55319  -42.319  -28.863  70.033 0.0000000000
55342  -2.800  -28.581  69.012 0.0000000000
55343  -3.345  -28.697  68.973 0.0000000000
55345  -4.658  -28.611  68.274 0.0000000000
55363  -2.904  -28.241  68.407 0.0000000000
55365  -3.812  -28.487  68.404 0.0000000000
55383  -45.035  -28.807  68.426 0.0000000000
55385  -5.890  -28.643  66.907 0.0000000000
56213  -7.514  -28.987  91.321 0.0000000000
56248  -1.601  -27.843  84.080 0.0000000000
56340  -8.949  -28.882  76.276 0.0000000000
56358  -7.146  -28.738  76.219 0.0000000000
56359  -8.485  -28.366  75.574 0.0000000000
56416  -1.100  -29.236  72.883 0.0000000000
56466  -42.826  -27.828  70.978 0.0000000000
56467  -43.501  -27.708  71.036 0.0000000000
56469  -1.133  -28.615  70.680 0.0000000000
56483  -41.847  -28.261  70.267 0.0000000000
56485  -44.771  -27.592  69.923 0.0000000000
56496  -45.125  -27.554  69.257 0.0000000000
56497  -2.023  -27.940  69.094 0.0000000000
56498  -2.511  -28.257  68.866 0.0000000000
56511  -45.604  -27.665  68.612 0.0000000000
56512  -2.566  -27.998  68.604 0.0000000000
56513  -3.324  -28.032  67.864 0.0000000000
56515  -4.328  -28.353  67.829 0.0000000000
56529  -5.183  -28.244  66.910 0.0000000000
56543  -44.302  -29.011  66.485 0.0000000000
56547  -5.700  -28.113  66.240 0.0000000000
56562  -44.558  -28.550  65.899 0.0000000000
57311  -5.175  -27.917  89.874 0.0000000000
57316  -8.337  -28.412  88.196 0.0000000000
57324  -2.113  -26.386  85.495 0.0000000000
57334  -2.578  -26.945  84.847 0.0000000000
57362  -21.675  -25.535  83.382 0.0000000000
57382  -0.770  -27.554  82.333 0.0000000000
57451  -1.394  -27.492  79.368 0.0000000000
57452  -6.766  -27.738  76.382 0.0000000000
57464  -7.800  -28.327  75.619 0.0000000000
57513  -41.668  -27.302  71.322 0.0000000000
57514  -42.416  -27.371  71.459 0.0000000000
57515  -43.429  -27.117  71.515 0.0000000000
57516  -44.308  -26.808  70.909 0.0000000000
57518  -1.613  -27.417  70.270 0.0000000000
57528  -1.798  -27.503  69.734 0.0000000000
57554  -4.546  -27.715  67.290 0.0000000000
57555  -5.097  -27.576  66.802 0.0000000000
57556  -5.335  -27.158  66.562 0.0000000000
57565  -46.816  -26.796  66.782 0.0000000000
57577  -45.744  -27.576  65.718 0.0000000000
57596  -7.829  -26.860  63.851 0.0000000000
58387  -6.143  -27.501  90.173 0.0000000000
58389  -5.577  -27.625  90.029 0.0000000000
58400  -6.723  -26.144  88.505 0.0000000000
58415  -1.630  -26.032  85.169 0.0000000000
58416  -1.852  -26.120  85.505 0.0000000000
58429  -18.512  -26.034  86.020 0.0000000000
58432  -20.841  -25.357  85.619 0.0000000000
58436  -7.445  -27.533  85.781 0.0000000000
58447  -21.582  -25.458  85.020 0.0000000000
58451  -3.706  -25.511  83.481 0.0000000000
58465  -4.269  -25.775  82.053 0.0000000000
58543  -2.853  -26.114  73.393 0.0000000000
58552  -42.924  -26.224  72.146 0.0000000000
58558  -40.525  -26.578  71.379 0.0000000000
58559  -41.273  -26.766  71.623 0.0000000000
58560  -43.326  -26.597  71.854 0.0000000000
58568  -44.632  -26.420  69.882 0.0000000000
58577  -45.523  -26.840  68.524 0.0000000000
58587  -2.384  -27.211  69.068 0.0000000000
58599  -46.910  -26.049  67.231 0.0000000000
58600  -3.681  -27.446  67.984 0.0000000000
58609  -5.843  -27.116  65.820 0.0000000000
58616  -46.693  -26.506  65.645 0.0000000000
59428  -8.058  -25.516  89.898 0.0000000000
59432  -6.925  -25.861  89.673 0.0000000000
59451  -2.256  -24.697  86.213 0.0000000000
59452  -2.679  -24.516  86.359 0.0000000000
59462  -2.399  -25.280  86.099 0.0000000000
59472  -22.186  -24.936  85.250 0.0000000000
59474  -1.430  -25.848  84.765 0.0000000000
59475  -3.770  -24.461  84.526 0.0000000000
59528  -1.250  -25.643  80.525 0.0000000000
59553  -12.205  -25.844  74.350 0.0000000000
59558  -12.627  -25.752  73.141 0.0000000000
59564  -12.468  -25.234  72.075 0.0000000000
59565  -12.953  -25.433  72.339 0.0000000000
59592  -2.242  -26.399  69.403 0.0000000000
59602  -44.736  -26.135  68.947 0.0000000000
59618  -46.113  -25.910  67.781 0.0000000000
59619  -2.995  -26.326  68.833 0.0000000000
59621  -4.235  -25.992  68.408 0.0000000000
59630  -46.929  -25.533  67.213 0.0000000000
59634  -22.739  -25.151  66.141 0.0000000000
59636  -24.121  -25.395  65.801 0.0000000000
59640  -47.088  -25.496  66.667 0.0000000000
59642  -23.081  -24.560  64.978 0.0000000000
59647  -47.199  -25.187  65.916 0.0000000000
59648  -6.774  -26.444  65.179 0.0000000000
59653  -8.292  -25.989  63.223 0.0000000000
60352  -10.726  -24.088  90.097 0.0000000000
60354  -12.977  -23.711  89.012 0.0000000000
60360  -13.259  -24.006  88.627 0.0000000000
60362  -15.929  -23.437  88.615 0.0000000000
60363  -16.454  -23.433  88.224 0.0000000000
60368  -16.797  -23.949  87.715 0.0000000000
60369  -2.225  -23.748  85.937 0.0000000000
60373  -3.390  -23.150  86.511 0.0000000000
60378  -19.945  -24.753  85.987 0.0000000000
60381  -3.117  -24.503  86.235 0.0000000000
60470  -11.548  -25.821  73.238 0.0000000000
60485  -13.824  -25.140  72.086 0.0000000000
60489  -23.972  -24.178  72.045 0.0000000000
60501  -11.566  -25.065  72.301 0.0000000000
60503  -15.025  -24.613  71.235 0.0000000000
60516  -44.026  -24.684  71.265 0.0000000000
60536  -44.057  -24.849  70.418 0.0000000000
60552  -21.843  -24.495  68.118 0.0000000000
60557  -44.251  -25.218  68.705 0.0000000000
60562  -6.585  -24.846  67.338 0.0000000000
60575  -6.999  -24.932  66.692 0.0000000000
60579  -22.369  -24.521  65.800 0.0000000000
60587  -44.232  -24.548  66.936 0.0000000000
60589  -47.094  -24.712  66.323 0.0000000000
60605  -22.948  -24.334  64.502 0.0000000000
61252  -10.673  -23.763  89.881 0.0000000000
61255  -13.523  -23.415  88.985 0.0000000000
61256  -14.182  -23.374  88.868 0.0000000000
61259  -2.746  -22.351  87.003 0.0000000000
61268  -2.497  -22.548  86.604 0.0000000000
61269  -2.743  -23.083  86.881 0.0000000000
61270  -3.032  -23.175  86.753 0.0000000000
61280  -3.771  -22.819  86.017 0.0000000000
61296  -22.331  -23.779  85.094 0.0000000000
61301  -4.437  -23.183  84.315 0.0000000000
61392  -3.055  -23.286  78.026 0.0000000000
61398  -17.843  -25.322  77.201 0.0000000000
61423  -3.547  -23.297  74.153 0.0000000000
61426  -16.920  -25.013  73.776 0.0000000000
61455  -16.872  -24.323  71.655 0.0000000000
61458  -20.812  -23.499  72.138 0.0000000000
61459  -21.764  -23.572  72.388 0.0000000000
61460  -22.631  -23.705  72.565 0.0000000000
61478  -12.327  -24.051  71.543 0.0000000000
61494  -2.365  -23.585  70.199 0.0000000000
61497  -16.592  -23.969  70.047 0.0000000000
61499  -18.345  -24.213  70.623 0.0000000000
61501  -21.346  -23.740  70.669 0.0000000000
61525  -19.588  -22.798  67.661 0.0000000000
61527  -21.027  -23.886  68.058 0.0000000000
61537  -23.923  -23.490  66.602 0.0000000000
61548  -22.364  -23.813  65.555 0.0000000000
61562  -22.676  -24.043  64.442 0.0000000000
61572  -42.904  -23.890  65.376 0.0000000000
61579  -22.984  -23.821  64.085 0.0000000000
61584  -39.063  -23.203  64.048 0.0000000000
61586  -41.183  -23.855  64.818 0.0000000000
61588  -42.932  -23.349  64.539 0.0000000000
61597  -40.376  -23.527  63.426 0.0000000000
61605  -38.564  -23.432  62.905 0.0000000000
61608  -41.299  -22.905  62.447 0.0000000000
61613  -37.592  -23.100  61.751 0.0000000000
62218  -11.327  -23.552  89.447 0.0000000000
62224  -2.837  -21.445  87.364 0.0000000000
62225  -2.986  -21.902  87.219 0.0000000000
62226  -3.276  -21.935  87.104 0.0000000000
62233  -14.669  -22.966  88.597 0.0000000000
62234  -15.543  -22.993  88.724 0.0000000000
62237  -2.374  -22.406  86.189 0.0000000000
62239  -3.608  -21.966  86.845 0.0000000000
62242  -11.880  -22.982  87.513 0.0000000000
62248  -17.661  -23.283  86.832 0.0000000000
62251  -4.745  -21.119  85.273 0.0000000000
62261  -20.416  -24.016  84.816 0.0000000000
62316  -28.302  -22.055  82.406 0.0000000000
62401  -23.685  -23.342  74.948 0.0000000000
62444  -13.000  -22.847  71.103 0.0000000000
62450  -25.300  -22.412  71.326 0.0000000000
62461  -43.866  -22.831  70.826 0.0000000000
62462  -14.354  -22.798  70.281 0.0000000000
62467  -24.650  -22.458  70.838 0.0000000000
62480  -23.874  -22.474  69.622 0.0000000000
62485  -28.052  -22.380  69.218 0.0000000000
62491  -4.352  -22.664  68.496 0.0000000000
62494  -17.301  -22.395  68.517 0.0000000000
62503  -28.344  -22.169  68.437 0.0000000000
62513  -22.046  -22.085  67.456 0.0000000000
62546  -46.454  -22.332  65.180 0.0000000000
62549  -22.666  -23.704  63.972 0.0000000000
62560  -46.489  -22.231  64.245 0.0000000000
62571  -41.958  -22.755  62.644 0.0000000000
62575  -46.369  -22.292  63.667 0.0000000000
62579  -32.955  -22.547  62.200 0.0000000000
62581  -34.551  -22.788  62.892 0.0000000000
62584  -37.232  -23.199  62.761 0.0000000000
62589  -46.089  -22.342  63.063 0.0000000000
62593  -32.663  -22.909  61.389 0.0000000000
62600  -40.426  -22.286  61.619 0.0000000000
62615  -37.423  -22.341  60.684 0.0000000000
62624  -31.667  -22.655  59.484 0.0000000000
63214  -3.071  -20.719  87.708 0.0000000000
63215  -3.569  -20.509  87.786 0.0000000000
63218  -3.729  -20.820  87.524 0.0000000000
63219  -4.152  -20.726  87.166 0.0000000000
63222  -2.298  -21.524  85.794 0.0000000000
63229  -2.137  -21.414  84.156 0.0000000000
63231  -5.947  -20.416  83.785 0.0000000000
63235  -25.243  -21.204  84.568 0.0000000000
63252  -29.667  -20.712  82.603 0.0000000000
63300  -35.492  -21.433  77.833 0.0000000000
63346  -30.244  -21.710  74.380 0.0000000000
63357  -25.932  -21.667  73.291 0.0000000000
63376  -27.259  -21.852  72.556 0.0000000000
63377  -27.927  -21.854  72.031 0.0000000000
63392  -15.418  -20.086  70.727 0.0000000000
63393  -22.368  -20.798  70.909 0.0000000000
63395  -23.484  -22.063  71.103 0.0000000000
63396  -24.380  -22.234  71.581 0.0000000000
63407  -2.604  -20.917  70.320 0.0000000000
63408  -15.249  -21.746  69.704 0.0000000000
63412  -28.049  -22.288  70.149 0.0000000000
63420  -21.800  -21.163  69.112 0.0000000000
63426  -43.691  -21.894  69.626 0.0000000000
63435  -21.930  -21.585  68.225 0.0000000000
63441  -3.013  -20.937  67.987 0.0000000000
63446  -8.276  -21.872  67.164 0.0000000000
63448  -19.483  -21.730  67.318 0.0000000000
63449  -20.133  -21.804  67.020 0.0000000000
63452  -27.079  -22.242  66.814 0.0000000000
63457  -42.990  -21.756  68.389 0.0000000000
63477  -37.609  -21.998  64.831 0.0000000000
63483  -46.386  -21.831  63.653 0.0000000000
63497  -27.281  -21.769  62.381 0.0000000000
63499  -28.703  -22.230  62.814 0.0000000000
63504  -42.259  -21.776  62.452 0.0000000000
63512  -40.258  -21.563  61.471 0.0000000000
63521  -31.270  -22.046  60.729 0.0000000000
63531  -29.583  -21.956  59.234 0.0000000000
63543  -29.788  -22.116  58.305 0.0000000000
63556  -30.237  -21.955  57.440 0.0000000000
63558  -32.504  -21.924  57.848 0.0000000000
63567  -28.979  -21.321  56.914 0.0000000000
64123  -2.838  -20.254  87.774 0.0000000000
64126  -4.303  -19.596  87.852 0.0000000000
64128  -3.995  -20.252  87.699 0.0000000000
64132  -4.662  -20.087  86.983 0.0000000000
64133  -5.167  -19.821  86.616 0.0000000000
64135  -5.423  -19.848  86.051 0.0000000000
64141  -2.259  -20.502  85.003 0.0000000000
64150  -27.078  -20.309  84.173 0.0000000000
64170  -6.859  -19.801  82.892 0.0000000000
64178  -14.182  -18.601  81.877 0.0000000000
64191  -13.317  -19.139  80.879 0.0000000000
64219  -14.888  -19.349  79.590 0.0000000000
64230  -15.483  -19.195  78.656 0.0000000000
64266  -23.591  -18.697  74.501 0.0000000000
64268  -25.237  -20.245  75.254 0.0000000000
64280  -23.075  -18.554  73.304 0.0000000000
64284  -25.691  -20.799  74.611 0.0000000000
64287  -28.349  -20.341  74.040 0.0000000000
64294  -16.028  -19.227  72.334 0.0000000000
64297  -22.081  -18.467  72.159 0.0000000000
64300  -23.931  -20.829  74.090 0.0000000000
64303  -29.224  -19.899  73.050 0.0000000000
64316  -22.943  -20.770  73.180 0.0000000000
64331  -29.391  -20.093  71.349 0.0000000000
64338  -16.877  -19.554  69.724 0.0000000000
64343  -29.237  -21.039  70.058 0.0000000000
64353  -20.807  -19.900  68.912 0.0000000000
64355  -29.143  -21.191  69.191 0.0000000000
64357  -32.437  -21.134  68.555 0.0000000000
64364  -18.654  -20.296  68.077 0.0000000000
64373  -43.259  -21.273  69.125 0.0000000000
64381  -19.800  -21.112  67.532 0.0000000000
64391  -8.398  -20.513  66.457 0.0000000000
64405  -30.925  -20.402  65.151 0.0000000000
64412  -40.679  -21.476  66.390 0.0000000000
64431  -46.416  -21.259  63.707 0.0000000000
64437  -30.062  -21.121  64.050 0.0000000000
64469  -40.876  -21.226  61.799 0.0000000000
64475  -30.106  -20.965  60.794 0.0000000000
64477  -37.723  -20.675  60.094 0.0000000000
64479  -39.113  -20.029  60.861 0.0000000000
64506  -27.936  -20.760  57.511 0.0000000000
65114  -3.584  -19.404  87.921 0.0000000000
65115  -4.188  -19.347  88.003 0.0000000000
65119  -4.881  -19.194  87.635 0.0000000000
65122  -2.474  -19.210  87.031 0.0000000000
65126  -8.757  -17.481  86.231 0.0000000000
65128  -2.438  -19.996  85.455 0.0000000000
65135  -13.705  -17.348  85.406 0.0000000000
65143  -12.986  -17.707  84.867 0.0000000000
65151  -12.393  -18.162  84.192 0.0000000000
65154  -14.385  -17.505  84.226 0.0000000000
65156  -15.770  -17.048  83.690 0.0000000000
65159  -28.275  -19.598  83.773 0.0000000000
65160  -28.912  -19.582  83.560 0.0000000000
65161  -2.138  -19.942  83.435 0.0000000000
65162  -8.255  -19.027  82.857 0.0000000000
65167  -16.795  -16.814  83.710 0.0000000000
65168  -17.066  -17.039  82.635 0.0000000000
65173  -30.896  -19.149  82.722 0.0000000000
65183  -2.222  -19.643  81.905 0.0000000000
65184  -15.640  -17.735  81.259 0.0000000000
65197  -27.215  -18.898  80.052 0.0000000000
65202  -17.335  -17.242  79.254 0.0000000000
65237  -27.911  -19.174  76.006 0.0000000000
65245  -17.848  -17.825  75.218 0.0000000000
65250  -24.348  -19.123  75.535 0.0000000000
65252  -26.652  -19.836  75.658 0.0000000000
65264  -27.946  -20.057  74.786 0.0000000000
65279  -28.909  -18.486  73.096 0.0000000000
65288  -19.227  -17.800  72.169 0.0000000000
65291  -28.748  -18.452  72.321 0.0000000000
65301  -20.608  -18.305  70.804 0.0000000000
65303  -28.607  -18.523  71.578 0.0000000000
65310  -20.561  -18.698  70.009 0.0000000000
65315  -3.430  -19.518  69.946 0.0000000000
65317  -19.372  -19.113  68.878 0.0000000000
65325  -28.918  -19.552  69.153 0.0000000000
65328  -41.944  -19.855  68.878 0.0000000000
65331  -28.359  -19.457  67.772 0.0000000000
65342  -2.819  -19.443  66.390 0.0000000000
65351  -37.181  -20.190  67.056 0.0000000000
65353  -39.013  -20.398  66.685 0.0000000000
65355  -40.897  -20.391  67.106 0.0000000000
65363  -8.854  -19.709  65.408 0.0000000000
65375  -45.348  -19.761  64.841 0.0000000000
65378  -6.709  -18.928  65.139 0.0000000000
65386  -33.812  -20.272  65.070 0.0000000000
65389  -43.490  -19.721  63.972 0.0000000000
65431  -40.610  -19.570  61.845 0.0000000000
65450  -38.398  -19.437  59.779 0.0000000000
65459  -26.807  -20.057  58.704 0.0000000000
65503  -28.384  -19.404  55.624 0.0000000000
66083  -4.303  -18.457  88.023 0.0000000000
66085  -5.385  -17.859  88.169 0.0000000000
66086  -6.061  -17.650  88.018 0.0000000000
66087  -3.048  -18.961  87.819 0.0000000000
66088  -3.916  -18.965  88.212 0.0000000000
66089  -4.479  -18.734  88.046 0.0000000000
66090  -5.042  -18.408  88.056 0.0000000000
66091  -5.686  -18.096  87.935 0.0000000000
66092  -6.827  -17.599  87.311 0.0000000000
66093  -3.151  -18.936  87.497 0.0000000000
66094  -6.058  -18.110  87.463 0.0000000000
66098  -10.826  -17.026  87.097 0.0000000000
66100  -2.497  -19.136  86.422 0.0000000000
66106  -13.037  -17.095  86.548 0.0000000000
66108  -14.414  -16.712  85.986 0.0000000000
66110  -2.521  -19.055  85.902 0.0000000000
66111  -2.696  -18.628  86.528 0.0000000000
66113  -11.805  -17.468  86.042 0.0000000000
66115  -13.445  -17.256  85.873 0.0000000000
66118  -16.326  -16.128  85.696 0.0000000000
66120  -2.425  -19.284  85.211 0.0000000000
66121  -14.134  -17.204  85.305 0.0000000000
66124  -17.410  -15.997  85.012 0.0000000000
66126  -16.132  -16.684  84.523 0.0000000000
66128  -17.466  -16.408  84.090 0.0000000000
66135  -19.174  -16.401  82.190 0.0000000000
66161  -18.716  -16.746  80.267 0.0000000000
66184  -35.397  -17.709  78.490 0.0000000000
66194  -28.834  -18.653  78.848 0.0000000000
66210  -25.621  -17.856  77.205 0.0000000000
66225  -22.892  -16.892  75.868 0.0000000000
66229  -26.526  -18.813  76.666 0.0000000000
66232  -29.064  -18.210  76.280 0.0000000000
66236  -37.643  -18.097  76.026 0.0000000000
66253  -20.483  -17.057  74.036 0.0000000000
66254  -29.033  -19.005  74.865 0.0000000000
66260  -40.041  -18.208  74.059 0.0000000000
66266  -20.560  -17.311  73.349 0.0000000000
66267  -29.063  -18.522  73.761 0.0000000000
66268  -28.863  -18.025  73.606 0.0000000000
66275  -28.728  -17.830  72.902 0.0000000000
66278  -42.526  -18.731  72.100 0.0000000000
66284  -5.157  -18.472  70.565 0.0000000000
66286  -28.471  -18.198  70.963 0.0000000000
66293  -28.031  -18.741  70.191 0.0000000000
66307  -38.131  -18.520  68.347 0.0000000000
66310  -40.794  -18.636  68.494 0.0000000000
66325  -2.103  -18.664  66.266 0.0000000000
66327  -28.052  -18.262  66.947 0.0000000000
66328  -32.206  -19.985  66.831 0.0000000000
66329  -32.654  -19.824  67.277 0.0000000000
66335  -3.189  -18.260  65.593 0.0000000000
66337  -26.335  -18.449  65.631 0.0000000000
66344  -34.922  -19.888  66.649 0.0000000000
66355  -31.685  -19.421  64.747 0.0000000000
66370  -32.138  -19.396  64.029 0.0000000000
66373  -43.062  -18.168  63.793 0.0000000000
66392  -24.112  -18.840  61.375 0.0000000000
66397  -28.696  -20.315  61.287 0.0000000000
66420  -38.760  -18.782  59.187 0.0000000000
66455  -27.212  -18.612  56.185 0.0000000000
66485  -54.249  -17.278  55.226 0.0000000000
66506  -54.434  -17.347  54.490 0.0000000000
66547  -52.667  -18.233  52.799 0.0000000000
66548  -53.752  -17.761  52.627 0.0000000000
66577  -52.790  -17.794  51.499 0.0000000000
67155  -4.594  -17.890  88.075 0.0000000000
67156  -5.118  -17.579  88.241 0.0000000000
67158  -6.472  -17.197  87.991 0.0000000000
67160  -4.197  -18.255  87.906 0.0000000000
67162  -6.738  -17.451  87.598 0.0000000000
67165  -9.618  -16.926  87.286 0.0000000000
67169  -10.253  -16.864  87.227 0.0000000000
67172  -12.717  -16.602  87.017 0.0000000000
67174  -3.202  -18.234  86.553 0.0000000000
67176  -13.208  -16.743  86.724 0.0000000000
67178  -14.851  -16.268  86.193 0.0000000000
67180  -16.966  -15.983  85.720 0.0000000000
67182  -18.311  -15.353  86.170 0.0000000000
67184  -15.542  -16.314  85.740 0.0000000000
67186  -17.141  -15.956  85.816 0.0000000000
67187  -18.104  -15.992  85.797 0.0000000000
67189  -18.856  -15.280  85.795 0.0000000000
67191  -2.920  -18.077  85.821 0.0000000000
67193  -18.491  -15.550  85.655 0.0000000000
67195  -19.923  -15.260  84.808 0.0000000000
67199  -20.145  -15.504  83.827 0.0000000000
67202  -19.417  -16.032  83.060 0.0000000000
67204  -28.094  -18.230  82.843 0.0000000000
67206  -29.719  -18.316  82.630 0.0000000000
67207  -30.355  -18.373  82.559 0.0000000000
67209  -19.838  -16.295  82.077 0.0000000000
67212  -22.109  -15.334  81.310 0.0000000000
67220  -21.645  -15.654  80.836 0.0000000000
67228  -20.904  -16.014  79.961 0.0000000000
67230  -22.930  -15.297  79.872 0.0000000000
67231  -24.358  -15.293  79.270 0.0000000000
67232  -25.358  -15.410  78.932 0.0000000000
67242  -25.747  -16.121  78.347 0.0000000000
67250  -23.864  -16.256  78.058 0.0000000000
67251  -24.615  -16.349  77.845 0.0000000000
67252  -25.896  -17.040  77.872 0.0000000000
67253  -26.549  -17.227  78.026 0.0000000000
67254  -27.809  -17.175  78.135 0.0000000000
67255  -28.429  -17.207  77.934 0.0000000000
67259  -36.215  -17.098  77.892 0.0000000000
67260  -36.736  -17.208  77.392 0.0000000000
67263  -27.759  -18.168  77.145 0.0000000000
67264  -28.831  -17.400  77.485 0.0000000000
67270  -2.447  -17.227  77.001 0.0000000000
67280  -30.001  -17.420  75.380 0.0000000000
67288  -29.682  -17.663  74.678 0.0000000000
67310  -28.155  -17.082  71.911 0.0000000000
67314  -42.171  -18.238  71.368 0.0000000000
67316  -5.342  -17.093  70.240 0.0000000000
67317  -28.200  -16.997  70.416 0.0000000000
67322  -4.145  -17.538  68.974 0.0000000000
67339  -28.721  -17.104  69.033 0.0000000000
67342  -35.175  -18.296  68.635 0.0000000000
67349  -41.552  -18.616  69.407 0.0000000000
67354  -33.245  -19.535  67.654 0.0000000000
67366  -2.289  -17.401  65.639 0.0000000000
67375  -46.386  -17.527  65.123 0.0000000000
67379  -5.162  -17.360  64.825 0.0000000000
67389  -43.881  -17.832  64.255 0.0000000000
67390  -44.670  -17.448  64.700 0.0000000000
67392  -47.022  -17.415  64.483 0.0000000000
67393  -47.502  -16.702  64.301 0.0000000000
67461  -39.918  -17.860  59.190 0.0000000000
67462  -40.600  -17.538  59.486 0.0000000000
67471  -53.197  -16.316  58.109 0.0000000000
67498  -38.649  -17.440  57.314 0.0000000000
67499  -39.305  -17.144  57.649 0.0000000000
67507  -53.615  -16.889  57.069 0.0000000000
67515  -26.547  -17.558  56.799 0.0000000000
67525  -54.360  -16.800  56.180 0.0000000000
67545  -55.251  -16.658  54.922 0.0000000000
67583  -55.660  -17.039  51.590 0.0000000000
67584  -55.920  -16.646  52.275 0.0000000000
67585  -56.307  -16.405  51.570 0.0000000000
67594  -56.581  -16.320  50.715 0.0000000000
67624  -53.818  -17.384  49.690 0.0000000000
67636  -56.566  -16.605  48.513 0.0000000000
67640  -56.055  -16.706  48.062 0.0000000000
68191  -4.870  -17.312  88.114 0.0000000000
68192  -5.512  -16.970  88.256 0.0000000000
68193  -6.209  -16.910  88.177 0.0000000000
68195  -4.392  -17.437  87.599 0.0000000000
68196  -4.720  -17.029  87.690 0.0000000000
68198  -7.603  -16.883  87.290 0.0000000000
68199  -8.485  -16.955  87.149 0.0000000000
68200  -9.350  -16.927  87.269 0.0000000000
68203  -10.825  -16.768  87.224 0.0000000000
68204  -11.667  -16.669  87.211 0.0000000000
68205  -12.390  -16.519  87.109 0.0000000000
68206  -12.905  -16.336  86.969 0.0000000000
68209  -18.215  -14.909  86.408 0.0000000000
68211  -19.451  -14.562  86.577 0.0000000000
68213  -3.544  -17.637  86.481 0.0000000000
68214  -16.172  -16.076  86.009 0.0000000000
68216  -17.697  -15.394  85.990 0.0000000000
68218  -20.230  -14.857  85.949 0.0000000000
68220  -2.958  -17.973  86.381 0.0000000000
68221  -19.163  -15.112  85.871 0.0000000000
68223  -20.392  -14.673  85.853 0.0000000000
68226  -3.043  -17.572  85.474 0.0000000000
68227  -19.957  -14.997  85.520 0.0000000000
68228  -20.525  -14.831  85.122 0.0000000000
68229  -20.942  -14.386  85.614 0.0000000000
68232  -20.900  -15.024  84.172 0.0000000000
68236  -2.651  -17.680  83.341 0.0000000000
68238  -21.486  -14.933  83.210 0.0000000000
68239  -22.751  -14.247  82.810 0.0000000000
68240  -23.382  -14.233  82.133 0.0000000000
68249  -2.470  -17.917  81.203 0.0000000000
68250  -23.760  -14.722  80.724 0.0000000000
68253  -29.912  -16.996  81.716 0.0000000000
68258  -2.490  -17.723  80.375 0.0000000000
68264  -31.077  -16.147  80.459 0.0000000000
68267  -34.473  -16.537  79.617 0.0000000000
68285  -29.015  -16.826  77.966 0.0000000000
68286  -29.664  -16.465  77.542 0.0000000000
68290  -37.528  -16.570  76.516 0.0000000000
68294  -29.879  -16.832  76.906 0.0000000000
68300  -30.046  -17.151  76.184 0.0000000000
68304  -38.770  -16.249  75.258 0.0000000000
68311  -40.320  -16.880  73.804 0.0000000000
68322  -27.935  -15.981  72.719 0.0000000000
68345  -28.200  -16.202  70.060 0.0000000000
68348  -35.812  -17.064  69.943 0.0000000000
68351  -38.620  -16.661  69.612 0.0000000000
68353  -40.509  -16.835  69.784 0.0000000000
68355  -41.696  -17.674  70.357 0.0000000000
68357  -5.190  -15.997  68.903 0.0000000000
68366  -28.193  -16.868  67.747 0.0000000000
68367  -1.857  -15.985  66.373 0.0000000000
68398  -45.801  -16.444  64.946 0.0000000000
68402  -48.474  -15.769  63.792 0.0000000000
68430  -50.152  -16.148  62.066 0.0000000000
68431  -50.697  -15.828  61.596 0.0000000000
68452  -51.764  -15.624  59.844 0.0000000000
68454  -53.160  -15.563  58.954 0.0000000000
68463  -41.757  -16.731  59.344 0.0000000000
68464  -42.494  -16.475  59.644 0.0000000000
68465  -53.203  -15.955  58.484 0.0000000000
68483  -53.611  -16.218  57.854 0.0000000000
68484  -54.061  -16.322  57.223 0.0000000000
68529  -55.078  -15.960  56.122 0.0000000000
68530  -55.405  -15.826  55.461 0.0000000000
68541  -38.229  -16.067  55.602 0.0000000000
68576  -55.888  -16.237  53.497 0.0000000000
68605  -56.908  -16.305  49.501 0.0000000000
68648  -57.321  -16.259  47.150 0.0000000000
69180  -6.071  -16.545  87.725 0.0000000000
69181  -6.661  -16.687  87.650 0.0000000000
69183  -5.860  -16.205  87.138 0.0000000000
69185  -7.018  -16.350  87.165 0.0000000000
69187  -8.982  -16.561  87.074 0.0000000000
69188  -9.884  -16.374  87.154 0.0000000000
69189  -4.321  -17.222  87.220 0.0000000000
69190  -5.296  -16.156  86.757 0.0000000000
69192  -8.498  -16.107  86.837 0.0000000000
69194  -10.358  -16.483  87.032 0.0000000000
69195  -11.235  -16.451  87.049 0.0000000000
69199  -17.737  -14.817  86.226 0.0000000000
69200  -17.998  -14.846  86.604 0.0000000000
69201  -18.805  -14.570  86.487 0.0000000000
69202  -19.507  -14.378  86.844 0.0000000000
69203  -20.014  -14.176  86.829 0.0000000000
69204  -4.143  -17.029  86.771 0.0000000000
69205  -4.684  -16.570  86.660 0.0000000000
69206  -5.158  -16.257  86.869 0.0000000000
69208  -11.489  -16.100  86.854 0.0000000000
69211  -13.866  -15.916  86.591 0.0000000000
69212  -16.851  -15.241  85.922 0.0000000000
69214  -20.675  -14.216  86.117 0.0000000000
69216  -3.374  -17.539  86.195 0.0000000000
69218  -21.287  -13.922  85.964 0.0000000000
69223  -22.078  -13.609  85.446 0.0000000000
69225  -3.325  -16.868  85.089 0.0000000000
69227  -21.688  -14.042  84.925 0.0000000000
69230  -23.742  -13.009  83.516 0.0000000000
69233  -22.713  -13.834  83.561 0.0000000000
69234  -23.382  -13.626  82.981 0.0000000000
69236  -2.591  -17.604  81.720 0.0000000000
69240  -25.393  -13.544  81.151 0.0000000000
69241  -2.681  -16.959  81.080 0.0000000000
69244  -26.822  -13.921  79.851 0.0000000000
69249  -2.572  -17.047  80.311 0.0000000000
69252  -27.949  -14.258  79.282 0.0000000000
69253  -31.639  -16.064  80.638 0.0000000000
69261  -5.420  -15.440  79.089 0.0000000000
69263  -28.418  -15.083  79.090 0.0000000000
69264  -29.141  -14.813  78.939 0.0000000000
69269  -34.549  -15.644  79.060 0.0000000000
69271  -2.394  -17.048  78.552 0.0000000000
69278  -29.573  -15.314  78.401 0.0000000000
69279  -30.258  -14.962  77.980 0.0000000000
69285  -2.436  -16.514  77.628 0.0000000000
69289  -5.593  -15.550  77.428 0.0000000000
69293  -30.510  -15.270  77.230 0.0000000000
69298  -2.405  -16.601  77.291 0.0000000000
69303  -5.071  -15.589  76.633 0.0000000000
69305  -7.149  -15.525  76.128 0.0000000000
69306  -30.433  -15.839  76.069 0.0000000000
69320  -34.456  -15.896  76.040 0.0000000000
69321  -35.078  -15.605  75.760 0.0000000000
69324  -39.358  -16.153  74.530 0.0000000000
69330  -7.124  -15.282  74.417 0.0000000000
69331  -29.567  -15.295  74.866 0.0000000000
69339  -28.951  -15.402  74.245 0.0000000000
69342  -36.462  -15.487  73.380 0.0000000000
69343  -39.581  -15.473  73.178 0.0000000000
69346  -2.079  -15.276  72.678 0.0000000000
69348  -28.048  -15.156  72.382 0.0000000000
69350  -28.533  -15.866  73.668 0.0000000000
69351  -35.750  -16.401  72.332 0.0000000000
69356  -40.572  -16.347  72.235 0.0000000000
69357  -41.188  -16.802  71.994 0.0000000000
69359  -3.621  -15.705  71.794 0.0000000000
69361  -27.872  -15.502  71.511 0.0000000000
69365  -37.788  -15.331  71.769 0.0000000000
69366  -39.114  -15.401  71.459 0.0000000000
69379  -40.414  -16.031  70.987 0.0000000000
69382  -25.830  -14.835  68.909 0.0000000000
69387  -5.103  -15.298  68.953 0.0000000000
69392  -2.943  -14.936  66.667 0.0000000000
69403  -1.931  -15.723  65.882 0.0000000000
69423  -2.954  -15.340  64.719 0.0000000000
69437  -5.535  -14.989  63.633 0.0000000000
69452  -7.074  -15.232  62.832 0.0000000000
69461  -45.037  -15.834  62.500 0.0000000000
69478  -51.485  -15.250  60.765 0.0000000000
69493  -51.949  -15.336  60.123 0.0000000000
69538  -40.238  -15.891  57.002 0.0000000000
69540  -54.532  -15.384  57.267 0.0000000000
69541  -54.953  -15.200  56.652 0.0000000000
69564  -37.860  -15.688  55.038 0.0000000000
69578  -55.764  -15.590  54.575 0.0000000000
69579  -56.219  -15.100  53.984 0.0000000000
69606  -57.372  -15.148  51.023 0.0000000000
69644  -58.182  -15.446  46.651 0.0000000000
69657  -58.346  -15.174  45.807 0.0000000000
70190  -6.182  -15.600  87.415 0.0000000000
70191  -6.591  -16.121  87.220 0.0000000000
70193  -5.339  -15.975  86.725 0.0000000000
70194  -5.967  -15.860  86.908 0.0000000000
70195  -6.282  -15.834  86.840 0.0000000000
70197  -7.936  -15.666  86.413 0.0000000000
70202  -19.848  -14.181  87.229 0.0000000000
70204  -4.973  -16.233  86.354 0.0000000000
70205  -5.453  -15.994  86.576 0.0000000000
70207  -6.724  -15.370  86.049 0.0000000000
70208  -7.481  -15.227  86.201 0.0000000000
70210  -9.271  -15.539  86.185 0.0000000000
70211  -10.892  -15.980  86.690 0.0000000000
70213  -14.473  -15.734  86.203 0.0000000000
70216  -17.957  -14.437  86.217 0.0000000000
70217  -18.597  -13.982  86.538 0.0000000000
70218  -20.205  -14.116  86.617 0.0000000000
70219  -20.715  -13.795  86.428 0.0000000000
70221  -22.054  -13.292  86.207 0.0000000000
70223  -4.801  -16.087  85.777 0.0000000000
70225  -5.870  -15.653  86.021 0.0000000000
70226  -10.100  -15.709  86.320 0.0000000000
70227  -10.900  -15.709  86.386 0.0000000000
70228  -11.664  -15.644  86.293 0.0000000000
70229  -12.435  -15.553  86.164 0.0000000000
70230  -13.292  -15.517  86.029 0.0000000000
70234  -21.789  -13.677  85.949 0.0000000000
70235  -22.496  -13.220  85.903 0.0000000000
70236  -23.161  -12.850  85.480 0.0000000000
70237  -4.311  -16.107  85.193 0.0000000000
70240  -11.848  -15.520  85.574 0.0000000000
70243  -14.494  -15.415  85.349 0.0000000000
70244  -22.676  -13.187  85.588 0.0000000000
70246  -23.861  -12.556  84.749 0.0000000000
70247  -4.175  -15.787  83.977 0.0000000000
70249  -5.501  -15.394  84.409 0.0000000000
70251  -23.978  -12.514  83.879 0.0000000000
70253  -3.223  -16.650  82.633 0.0000000000
70258  -25.422  -12.185  82.293 0.0000000000
70260  -3.152  -16.589  81.752 0.0000000000
70261  -3.553  -16.206  82.309 0.0000000000
70264  -13.678  -15.486  82.245 0.0000000000
70267  -25.232  -13.090  81.703 0.0000000000
70270  -27.579  -12.591  80.377 0.0000000000
70276  -26.772  -13.390  80.282 0.0000000000
70278  -27.965  -12.949  80.010 0.0000000000
70281  -3.649  -15.819  81.143 0.0000000000
70283  -12.889  -14.977  79.916 0.0000000000
70285  -14.364  -15.131  80.625 0.0000000000
70289  -2.560  -16.705  79.041 0.0000000000
70291  -4.122  -15.535  79.905 0.0000000000
70298  -15.484  -14.462  79.457 0.0000000000
70302  -29.926  -13.414  78.697 0.0000000000
70303  -33.988  -15.311  78.994 0.0000000000
70315  -30.378  -14.032  78.101 0.0000000000
70316  -30.806  -13.638  77.619 0.0000000000
70319  -35.350  -15.478  78.026 0.0000000000
70324  -14.901  -13.865  77.303 0.0000000000
70326  -31.014  -13.979  77.016 0.0000000000
70330  -37.044  -15.439  76.777 0.0000000000
70333  -8.661  -14.794  76.343 0.0000000000
70336  -30.962  -14.187  76.319 0.0000000000
70339  -37.056  -15.268  76.073 0.0000000000
70340  -37.402  -15.265  75.600 0.0000000000
70341  -38.080  -15.410  75.154 0.0000000000
70344  -7.828  -15.181  74.876 0.0000000000
70350  -36.511  -15.137  75.583 0.0000000000
70352  -38.288  -15.252  74.515 0.0000000000
70363  -30.271  -14.028  75.637 0.0000000000
70364  -36.700  -15.150  74.821 0.0000000000
70372  -28.335  -13.755  73.376 0.0000000000
70376  -38.007  -14.949  73.394 0.0000000000
70377  -38.493  -14.913  73.226 0.0000000000
70378  -39.032  -15.051  73.254 0.0000000000
70383  -37.041  -15.282  73.124 0.0000000000
70384  -37.675  -15.048  72.966 0.0000000000
70386  -38.824  -14.991  72.751 0.0000000000
70397  -39.958  -15.592  72.092 0.0000000000
70406  -26.232  -14.512  69.641 0.0000000000
70453  -2.881  -14.160  64.459 0.0000000000
70478  -47.506  -14.937  64.036 0.0000000000
70479  -48.474  -14.575  63.344 0.0000000000
70497  -49.505  -14.502  62.625 0.0000000000
70516  -50.901  -14.765  61.430 0.0000000000
70534  -45.112  -15.165  60.049 0.0000000000
70537  -52.065  -14.950  60.256 0.0000000000
70538  -52.688  -14.910  59.732 0.0000000000
70539  -53.122  -14.884  59.387 0.0000000000
70553  -53.355  -14.429  58.930 0.0000000000
70564  -53.810  -14.166  58.207 0.0000000000
70565  -54.284  -14.704  57.722 0.0000000000
70573  -43.797  -14.570  57.420 0.0000000000
70574  -44.511  -14.381  57.770 0.0000000000
70576  -55.136  -14.728  56.327 0.0000000000
70583  -41.814  -14.361  56.059 0.0000000000
70585  -55.449  -14.696  55.625 0.0000000000
70594  -39.122  -14.969  55.086 0.0000000000
70595  -39.903  -14.803  55.239 0.0000000000
70611  -56.470  -14.596  53.520 0.0000000000
70624  -51.947  -14.705  53.261 0.0000000000
70627  -56.694  -14.633  52.784 0.0000000000
70639  -37.362  -13.966  52.762 0.0000000000
70641  -50.788  -14.630  52.107 0.0000000000
70644  -53.389  -14.457  52.803 0.0000000000
70645  -57.081  -14.543  52.047 0.0000000000
70647  -49.873  -14.336  51.120 0.0000000000
70650  -52.333  -14.704  51.682 0.0000000000
70652  -57.415  -14.532  51.363 0.0000000000
70655  -50.394  -14.384  50.551 0.0000000000
70656  -51.203  -14.514  50.643 0.0000000000
70659  -57.880  -14.725  49.783 0.0000000000
70663  -58.135  -15.067  48.129 0.0000000000
71194  -19.229  -13.806  86.819 0.0000000000
71195  -19.698  -13.421  86.802 0.0000000000
71196  -20.322  -13.479  86.754 0.0000000000
71197  -20.941  -13.419  86.599 0.0000000000
71198  -21.388  -12.965  86.809 0.0000000000
71199  -6.475  -15.327  85.747 0.0000000000
71200  -7.374  -14.480  86.149 0.0000000000
71202  -8.556  -15.121  85.658 0.0000000000
71203  -17.412  -14.222  85.790 0.0000000000
71205  -18.866  -13.631  86.594 0.0000000000
71207  -21.957  -13.007  86.579 0.0000000000
71209  -5.729  -15.568  85.415 0.0000000000
71210  -6.441  -15.427  85.613 0.0000000000
71213  -8.370  -14.678  85.780 0.0000000000
71219  -18.008  -13.985  85.970 0.0000000000
71220  -23.052  -12.736  85.672 0.0000000000
71221  -23.432  -12.546  85.320 0.0000000000
71225  -6.824  -15.276  85.427 0.0000000000
71227  -8.064  -14.532  85.725 0.0000000000
71229  -10.483  -15.508  84.502 0.0000000000
71233  -14.981  -15.286  85.006 0.0000000000
71237  -23.751  -12.584  85.016 0.0000000000
71238  -23.952  -12.089  84.818 0.0000000000
71239  -24.244  -12.174  83.991 0.0000000000
71242  -6.318  -15.181  84.306 0.0000000000
71244  -7.659  -15.157  84.490 0.0000000000
71245  -9.018  -15.436  84.612 0.0000000000
71254  -17.575  -13.832  84.908 0.0000000000
71259  -5.671  -15.158  83.442 0.0000000000
71261  -10.527  -15.521  82.896 0.0000000000
71264  -16.004  -14.423  83.411 0.0000000000
71267  -26.227  -11.957  81.635 0.0000000000
71268  -26.916  -11.853  81.038 0.0000000000
71269  -4.776  -15.400  82.660 0.0000000000
71271  -5.953  -14.894  82.769 0.0000000000
71274  -9.074  -14.953  81.765 0.0000000000
71276  -10.693  -15.474  82.154 0.0000000000
71281  -17.305  -13.588  82.475 0.0000000000
71282  -18.247  -13.047  82.518 0.0000000000
71283  -26.931  -12.195  80.856 0.0000000000
71284  -27.827  -12.055  80.499 0.0000000000
71285  -28.366  -12.110  80.146 0.0000000000
71288  -6.146  -14.668  81.388 0.0000000000
71290  -7.596  -14.399  81.169 0.0000000000
71295  -12.054  -15.382  81.502 0.0000000000
71296  -16.419  -14.066  81.590 0.0000000000
71302  -5.875  -14.806  80.841 0.0000000000
71305  -8.288  -14.416  80.632 0.0000000000
71309  -11.634  -15.291  80.211 0.0000000000
71311  -17.542  -13.527  80.495 0.0000000000
71312  -18.329  -13.055  80.387 0.0000000000
71313  -28.734  -12.766  79.466 0.0000000000
71315  -4.699  -15.452  80.634 0.0000000000
71317  -5.999  -14.884  80.282 0.0000000000
71327  -29.245  -13.053  79.057 0.0000000000
71328  -29.712  -12.665  78.950 0.0000000000
71330  -8.967  -14.424  79.481 0.0000000000
71334  -12.092  -14.718  78.663 0.0000000000
71337  -17.470  -13.174  78.418 0.0000000000
71343  -16.740  -13.416  77.450 0.0000000000
71345  -30.730  -12.767  77.603 0.0000000000
71346  -35.890  -15.005  76.542 0.0000000000
71348  -10.046  -14.424  77.196 0.0000000000
71350  -11.565  -14.288  76.201 0.0000000000
71352  -13.694  -13.947  76.482 0.0000000000
71353  -15.603  -13.310  76.330 0.0000000000
71354  -16.056  -13.009  76.316 0.0000000000
71355  -30.724  -12.633  77.191 0.0000000000
71356  -36.471  -15.151  76.145 0.0000000000
71361  -11.112  -14.183  75.290 0.0000000000
71364  -14.338  -13.414  75.051 0.0000000000
71365  -15.062  -13.074  75.110 0.0000000000
71366  -15.341  -12.682  75.392 0.0000000000
71368  -30.590  -13.575  76.173 0.0000000000
71370  -36.682  -15.169  75.770 0.0000000000
71381  -29.370  -12.911  74.868 0.0000000000
71383  -36.945  -15.102  75.125 0.0000000000
71384  -37.442  -15.094  74.727 0.0000000000
71385  -37.918  -15.084  74.371 0.0000000000
71392  -7.862  -13.993  72.831 0.0000000000
71396  -12.391  -13.117  73.541 0.0000000000
71422  -4.191  -13.341  68.241 0.0000000000
71464  -2.514  -13.502  64.746 0.0000000000
71465  -7.862  -13.158  65.023 0.0000000000
71476  -3.337  -13.476  64.173 0.0000000000
71498  -7.970  -13.954  63.556 0.0000000000
71512  -48.921  -14.293  62.834 0.0000000000
71544  -50.692  -14.310  60.775 0.0000000000
71556  -48.005  -13.857  60.188 0.0000000000
71565  -45.933  -14.000  58.659 0.0000000000
71568  -48.380  -13.526  59.441 0.0000000000
71569  -52.892  -13.767  59.090 0.0000000000
71570  -53.413  -13.616  58.514 0.0000000000
71577  -48.666  -13.129  58.825 0.0000000000
71583  -44.032  -13.822  56.483 0.0000000000
71590  -54.262  -13.489  57.149 0.0000000000
71601  -47.302  -13.347  56.305 0.0000000000
71602  -48.167  -13.285  56.420 0.0000000000
71606  -55.112  -13.465  55.673 0.0000000000
71623  -48.969  -13.522  55.146 0.0000000000
71626  -52.435  -13.496  55.427 0.0000000000
71628  -55.582  -13.742  54.830 0.0000000000
71640  -44.563  -13.465  54.399 0.0000000000
71643  -50.104  -13.694  54.628 0.0000000000
71644  -51.034  -13.730  54.654 0.0000000000
71645  -52.817  -13.955  54.777 0.0000000000
71646  -53.658  -13.698  54.702 0.0000000000
71655  -39.154  -14.133  53.877 0.0000000000
71658  -42.182  -13.704  53.399 0.0000000000
71663  -53.897  -13.742  53.938 0.0000000000
71666  -56.547  -13.694  52.975 0.0000000000
71681  -47.389  -13.724  52.293 0.0000000000
71682  -48.350  -13.830  52.284 0.0000000000
71683  -50.149  -14.319  52.623 0.0000000000
71686  -56.854  -13.361  52.262 0.0000000000
71695  -47.225  -13.771  51.537 0.0000000000
71698  -54.207  -13.138  51.655 0.0000000000
71704  -38.639  -13.625  50.788 0.0000000000
71707  -41.395  -13.906  49.822 0.0000000000
71715  -49.190  -14.056  50.881 0.0000000000
71724  -38.062  -12.908  50.065 0.0000000000
71736  -49.373  -13.930  49.413 0.0000000000
71737  -50.384  -14.040  49.059 0.0000000000
71740  -53.301  -13.794  49.480 0.0000000000
71745  -40.039  -13.079  49.089 0.0000000000
71753  -48.149  -13.451  48.772 0.0000000000
71756  -51.007  -13.787  48.372 0.0000000000
72284  -20.886  -13.066  86.799 0.0000000000
72286  -19.604  -12.977  86.660 0.0000000000
72287  -20.949  -12.599  86.822 0.0000000000
72288  -21.414  -12.619  86.666 0.0000000000
72290  -22.505  -12.604  86.153 0.0000000000
72291  -19.089  -12.910  86.181 0.0000000000
72292  -19.918  -12.477  86.405 0.0000000000
72293  -22.908  -12.391  85.867 0.0000000000
72294  -23.507  -11.982  85.551 0.0000000000
72295  -23.755  -11.962  85.116 0.0000000000
72297  -18.865  -12.840  85.601 0.0000000000
72298  -23.975  -11.764  84.966 0.0000000000
72300  -18.212  -13.333  85.229 0.0000000000
72303  -24.810  -11.420  83.945 0.0000000000
72304  -25.398  -11.389  82.956 0.0000000000
72306  -18.635  -12.693  83.815 0.0000000000
72308  -27.164  -11.396  81.095 0.0000000000
72309  -18.896  -12.603  82.822 0.0000000000
72314  -19.745  -11.911  81.725 0.0000000000
72316  -28.967  -11.475  79.862 0.0000000000
72321  -30.076  -11.427  79.173 0.0000000000
72323  -18.604  -11.691  79.544 0.0000000000
72325  -30.444  -11.553  78.655 0.0000000000
72328  -30.900  -11.398  77.854 0.0000000000
72329  -17.178  -12.150  77.726 0.0000000000
72330  -30.861  -12.022  77.573 0.0000000000
72334  -30.971  -10.971  77.370 0.0000000000
72336  -30.570  -12.068  76.572 0.0000000000
72338  -14.580  -12.432  74.466 0.0000000000
72347  -11.848  -12.740  72.977 0.0000000000
72349  -13.337  -12.126  73.330 0.0000000000
72358  -11.202  -12.184  72.533 0.0000000000
72367  -2.942  -12.486  70.351 0.0000000000
72454  -4.454  -13.237  64.126 0.0000000000
72475  -50.591  -14.025  60.096 0.0000000000
72476  -51.207  -13.852  59.783 0.0000000000
72477  -51.768  -13.908  59.719 0.0000000000
72483  -51.355  -13.398  59.487 0.0000000000
72489  -49.591  -12.966  58.938 0.0000000000
72493  -53.157  -13.019  58.333 0.0000000000
72499  -49.926  -12.905  58.122 0.0000000000
72501  -51.431  -12.740  57.622 0.0000000000
72504  -53.846  -12.933  57.146 0.0000000000
72512  -51.668  -12.776  56.620 0.0000000000
72515  -54.173  -13.007  56.430 0.0000000000
72525  -52.108  -12.922  55.965 0.0000000000
72528  -54.585  -13.028  55.688 0.0000000000
72530  -55.327  -13.254  54.870 0.0000000000
72539  -54.838  -12.929  54.880 0.0000000000
72549  -55.805  -12.991  53.323 0.0000000000
72561  -56.177  -12.578  52.375 0.0000000000
72574  -57.781  -12.915  50.185 0.0000000000
72586  -40.329  -12.426  48.629 0.0000000000
72589  -48.453  -13.071  48.200 0.0000000000
72591  -49.886  -13.322  47.961 0.0000000000
72595  -58.105  -11.903  48.149 0.0000000000
72614  -45.702  -12.133  46.884 0.0000000000
72615  -46.526  -12.090  46.732 0.0000000000
72616  -47.368  -11.958  46.571 0.0000000000
72618  -50.209  -12.487  46.722 0.0000000000
72620  -51.895  -12.576  46.406 0.0000000000
72627  -58.446  -12.031  44.535 0.0000000000
73159  -21.314  -11.982  86.351 0.0000000000
73160  -21.945  -12.120  86.313 0.0000000000
73161  -22.401  -12.221  86.141 0.0000000000
73163  -19.851  -11.984  85.910 0.0000000000
73166  -23.505  -11.846  85.361 0.0000000000
73168  -19.757  -11.906  85.467 0.0000000000
73169  -24.346  -11.323  84.784 0.0000000000
73170  -24.769  -11.153  84.375 0.0000000000
73173  -25.320  -11.109  83.560 0.0000000000
73176  -26.963  -11.045  81.363 0.0000000000
73178  -28.183  -10.877  80.732 0.0000000000
73180  -28.210  -11.279  80.597 0.0000000000
73181  -28.633  -11.006  80.341 0.0000000000
73182  -20.057  -11.005  81.732 0.0000000000
73183  -28.918  -11.092  80.069 0.0000000000
73184  -29.401  -11.009  79.793 0.0000000000
73187  -29.975  -10.953  79.489 0.0000000000
73188  -30.495  -10.919  79.030 0.0000000000
73191  -31.217  -10.304  78.243 0.0000000000
73194  -30.862  -11.093  78.162 0.0000000000
73195  -31.214  -10.578  77.939 0.0000000000
73196  -15.158  -11.520  77.038 0.0000000000
73203  -15.687  -12.421  76.100 0.0000000000
73211  -14.915  -12.140  74.843 0.0000000000
73214  -30.410  -11.308  76.060 0.0000000000
73234  -10.331  -11.984  72.383 0.0000000000
73235  -11.576  -11.332  72.345 0.0000000000
73262  -3.262  -11.454  69.844 0.0000000000
73293  -5.118  -11.152  65.369 0.0000000000
73406  -56.381  -12.251  51.663 0.0000000000
73419  -55.643  -11.757  51.408 0.0000000000
73436  -56.523  -11.369  50.602 0.0000000000
73475  -52.238  -12.101  45.844 0.0000000000
73476  -53.239  -12.141  45.899 0.0000000000
73485  -50.827  -11.420  45.489 0.0000000000
73490  -55.632  -11.054  45.390 0.0000000000
73491  -58.342  -11.182  45.188 0.0000000000
73503  -58.221  -10.320  41.755 0.0000000000
74001  -21.085  -11.729  86.217 0.0000000000
74003  -22.035  -11.659  86.174 0.0000000000
74004  -22.529  -11.553  85.876 0.0000000000
74005  -20.606  -11.621  85.785 0.0000000000
74006  -20.777  -11.418  85.708 0.0000000000
74007  -21.419  -11.325  85.652 0.0000000000
74008  -22.245  -10.999  85.677 0.0000000000
74010  -23.836  -11.179  85.198 0.0000000000
74012  -21.008  -11.091  84.944 0.0000000000
74014  -23.195  -10.571  85.263 0.0000000000
74016  -24.790  -10.982  84.467 0.0000000000
74018  -21.240  -11.107  84.507 0.0000000000
74019  -25.194  -10.912  83.859 0.0000000000
74023  -27.476  -10.712  81.238 0.0000000000
74026  -28.657  -10.536  80.407 0.0000000000
74031  -29.085  -10.594  80.074 0.0000000000
74032  -29.605  -10.124  79.888 0.0000000000
74033  -30.085  -10.013  79.684 0.0000000000
74034  -15.217  -9.886  80.348 0.0000000000
74038  -23.455  -10.553  80.472 0.0000000000
74039  -24.280  -10.407  80.427 0.0000000000
74040  -29.820  -10.477  79.738 0.0000000000
74041  -30.437  -10.333  79.333 0.0000000000
74045  -16.550  -10.026  79.622 0.0000000000
74047  -21.438  -10.355  79.075 0.0000000000
74048  -21.976  -10.352  79.737 0.0000000000
74050  -24.025  -10.540  79.776 0.0000000000
74051  -30.919  -10.341  78.773 0.0000000000
74052  -31.299  -9.790  78.506 0.0000000000
74053  -13.996  -10.330  79.106 0.0000000000
74057  -20.742  -9.796  79.000 0.0000000000
74060  -24.350  -10.219  78.191 0.0000000000
74061  -31.571  -9.605  78.047 0.0000000000
74062  -31.759  -9.226  77.759 0.0000000000
74063  -14.096  -10.716  77.633 0.0000000000
74066  -19.616  -9.624  77.416 0.0000000000
74069  -22.190  -11.207  77.527 0.0000000000
74071  -31.535  -9.763  77.820 0.0000000000
74072  -31.844  -9.062  77.344 0.0000000000
74078  -23.558  -10.633  76.337 0.0000000000
74081  -31.468  -9.490  76.551 0.0000000000
74083  -13.994  -10.618  75.185 0.0000000000
74092  -31.164  -9.581  75.814 0.0000000000
74129  -10.913  -10.817  72.340 0.0000000000
74131  -12.281  -10.276  72.827 0.0000000000
74205  -3.795  -10.664  65.087 0.0000000000
74355  -56.761  -11.017  49.843 0.0000000000
74368  -57.025  -10.662  49.301 0.0000000000
74375  -57.023  -10.458  48.629 0.0000000000
74382  -56.532  -10.528  47.836 0.0000000000
74384  -57.105  -10.403  47.659 0.0000000000
74385  -57.626  -10.649  47.231 0.0000000000
74393  -57.719  -10.443  46.419 0.0000000000
74404  -57.826  -10.250  45.797 0.0000000000
74406  -48.945  -9.990  44.605 0.0000000000
74409  -51.722  -10.471  44.468 0.0000000000
74417  -52.930  -10.345  44.005 0.0000000000
74420  -55.807  -10.095  43.325 0.0000000000
74960  -21.961  -10.905  85.472 0.0000000000
74961  -22.590  -10.610  85.364 0.0000000000
74962  -21.864  -10.808  85.301 0.0000000000
74964  -22.882  -10.378  85.082 0.0000000000
74965  -23.513  -10.471  84.908 0.0000000000
74966  -24.097  -10.656  84.694 0.0000000000
74969  -22.526  -10.380  84.694 0.0000000000
74972  -24.624  -10.578  84.000 0.0000000000
74975  -21.652  -10.743  83.968 0.0000000000
74976  -22.106  -10.455  84.004 0.0000000000
74979  -25.621  -10.306  82.605 0.0000000000
74980  -26.413  -10.180  82.160 0.0000000000
74981  -27.135  -10.292  81.663 0.0000000000
74982  -28.030  -10.345  80.962 0.0000000000
74985  -22.184  -9.793  82.617 0.0000000000
74986  -23.061  -10.235  83.319 0.0000000000
74987  -24.083  -10.353  83.179 0.0000000000
74991  -14.025  -9.465  80.755 0.0000000000
74993  -19.797  -9.105  81.604 0.0000000000
74995  -21.492  -9.329  81.522 0.0000000000
74997  -23.624  -10.313  81.755 0.0000000000
74998  -24.491  -10.303  81.656 0.0000000000
74999  -25.491  -9.859  81.249 0.0000000000
75001  -29.573  -9.536  79.940 0.0000000000
75002  -30.023  -9.558  79.764 0.0000000000
75003  -13.087  -9.490  80.801 0.0000000000
75007  -16.052  -9.452  80.482 0.0000000000
75011  -21.959  -9.765  81.033 0.0000000000
75021  -25.924  -9.227  79.497 0.0000000000
75022  -31.239  -9.399  78.859 0.0000000000
75023  -13.484  -9.874  78.737 0.0000000000
75025  -19.887  -9.072  78.323 0.0000000000
75030  -31.871  -8.930  77.918 0.0000000000
75033  -19.561  -9.191  77.606 0.0000000000
75034  -24.902  -9.688  77.576 0.0000000000
75035  -25.522  -9.205  77.142 0.0000000000
75036  -32.112  -8.731  77.460 0.0000000000
75061  -12.886  -9.325  75.085 0.0000000000
75125  -3.015  -9.440  68.285 0.0000000000
75159  -4.273  -9.184  65.780 0.0000000000
75395  -57.665  -9.825  45.371 0.0000000000
75397  -48.032  -8.826  44.688 0.0000000000
75403  -57.029  -9.293  45.020 0.0000000000
75412  -56.976  -8.861  43.240 0.0000000000
75425  -56.916  -8.660  42.363 0.0000000000
75923  -26.014  -9.992  82.289 0.0000000000
75925  -27.321  -9.856  81.522 0.0000000000
75928  -21.657  -9.503  82.143 0.0000000000
75930  -26.686  -9.572  81.484 0.0000000000
75931  -27.201  -9.516  81.362 0.0000000000
75932  -27.827  -9.400  80.874 0.0000000000
75933  -28.475  -9.280  80.452 0.0000000000
75937  -13.988  -9.104  81.121 0.0000000000
75939  -26.279  -9.348  80.705 0.0000000000
75940  -26.872  -8.977  80.335 0.0000000000
75943  -29.007  -8.890  80.115 0.0000000000
75948  -12.732  -9.196  80.665 0.0000000000
75949  -14.607  -8.804  80.942 0.0000000000
75952  -17.254  -8.813  80.601 0.0000000000
75953  -18.685  -8.922  81.016 0.0000000000
75955  -20.781  -8.920  81.270 0.0000000000
75956  -26.513  -9.011  80.085 0.0000000000
75957  -26.933  -8.728  79.929 0.0000000000
75958  -27.430  -8.628  80.026 0.0000000000
75959  -29.985  -8.723  79.741 0.0000000000
75960  -30.402  -8.996  79.554 0.0000000000
75961  -30.978  -9.070  79.179 0.0000000000
75964  -5.073  -7.765  79.705 0.0000000000
75966  -19.614  -8.230  79.893 0.0000000000
75968  -20.926  -9.052  80.282 0.0000000000
75970  -26.570  -8.731  79.281 0.0000000000
75971  -30.938  -8.654  79.214 0.0000000000
75977  -13.002  -9.348  78.465 0.0000000000
75979  -19.622  -8.465  78.800 0.0000000000
75983  -31.956  -8.547  78.245 0.0000000000
75990  -12.855  -9.157  77.484 0.0000000000
75995  -32.446  -8.359  77.086 0.0000000000
76000  -12.189  -8.409  76.885 0.0000000000
76003  -18.661  -8.320  76.979 0.0000000000
76007  -32.617  -8.191  76.515 0.0000000000
76014  -12.697  -8.971  75.598 0.0000000000
76031  -7.437  -8.966  73.948 0.0000000000
76035  -11.403  -8.217  73.332 0.0000000000
76036  -12.107  -8.840  73.705 0.0000000000
76045  -10.987  -8.812  72.667 0.0000000000
76128  -3.531  -8.631  66.260 0.0000000000
76392  -54.581  -8.682  42.214 0.0000000000
76908  -11.854  -6.928  83.898 0.0000000000
76909  -11.566  -7.149  83.636 0.0000000000
76910  -11.936  -7.463  83.481 0.0000000000
76911  -11.022  -7.226  83.116 0.0000000000
76912  -11.542  -7.858  82.648 0.0000000000
76913  -12.260  -7.625  82.878 0.0000000000
76915  -4.977  -6.763  81.351 0.0000000000
76916  -5.354  -6.748  81.268 0.0000000000
76921  -28.128  -8.489  80.038 0.0000000000
76922  -28.840  -8.438  79.966 0.0000000000
76923  -29.545  -8.509  79.838 0.0000000000
76925  -4.651  -7.078  80.576 0.0000000000
76928  -10.973  -7.465  81.564 0.0000000000
76931  -14.456  -8.074  80.693 0.0000000000
76938  -28.634  -8.186  79.760 0.0000000000
76940  -30.071  -8.419  79.623 0.0000000000
76941  -30.491  -8.493  79.425 0.0000000000
76942  -4.106  -7.416  79.332 0.0000000000
76943  -5.473  -7.300  79.701 0.0000000000
76945  -15.074  -7.889  80.076 0.0000000000
76946  -16.716  -7.847  79.716 0.0000000000
76948  -18.384  -7.983  79.577 0.0000000000
76949  -19.053  -8.014  79.277 0.0000000000
76950  -27.118  -8.246  78.919 0.0000000000
76951  -27.807  -8.065  79.290 0.0000000000
76952  -28.525  -7.992  79.491 0.0000000000
76953  -29.034  -8.003  79.617 0.0000000000
76955  -31.229  -8.229  78.989 0.0000000000
76956  -31.787  -8.239  78.526 0.0000000000
76957  -3.924  -7.423  78.525 0.0000000000
76960  -16.128  -7.475  78.948 0.0000000000
76963  -27.087  -7.859  77.964 0.0000000000
76966  -31.755  -7.894  78.477 0.0000000000
76971  -16.617  -7.231  77.625 0.0000000000
76973  -18.237  -7.851  77.691 0.0000000000
76974  -27.039  -7.817  76.934 0.0000000000
76976  -28.443  -7.463  77.567 0.0000000000
76977  -32.325  -7.868  77.430 0.0000000000
76978  -32.582  -7.931  77.009 0.0000000000
76983  -16.783  -7.218  76.996 0.0000000000
76986  -27.672  -7.549  76.348 0.0000000000
76992  -11.234  -7.019  75.499 0.0000000000
76995  -27.090  -7.998  75.392 0.0000000000
77002  -10.804  -7.118  74.223 0.0000000000
77012  -9.900  -7.795  73.430 0.0000000000
77014  -11.366  -7.622  73.965 0.0000000000
77069  -2.933  -7.449  67.160 0.0000000000
77271  -52.628  -7.164  43.146 0.0000000000
77777  -11.802  -6.131  84.761 0.0000000000
77778  -10.916  -6.432  83.644 0.0000000000
77780  -11.921  -6.520  84.417 0.0000000000
77781  -5.426  -5.644  82.899 0.0000000000
77782  -5.704  -5.752  82.710 0.0000000000
77785  -5.073  -5.920  82.625 0.0000000000
77788  -10.366  -7.008  82.711 0.0000000000
77789  -12.386  -6.858  82.747 0.0000000000
77790  -12.890  -7.448  81.965 0.0000000000
77793  -5.758  -6.364  81.641 0.0000000000
77795  -12.716  -6.356  81.991 0.0000000000
77807  -14.079  -6.365  79.647 0.0000000000
77810  -29.600  -7.999  79.439 0.0000000000
77811  -30.333  -7.958  79.143 0.0000000000
77812  -31.096  -7.880  78.802 0.0000000000
77818  -11.324  -6.992  78.527 0.0000000000
77822  -29.259  -7.775  78.989 0.0000000000
77824  -30.731  -7.614  78.310 0.0000000000
77826  -32.001  -7.639  77.814 0.0000000000
77828  -4.042  -6.307  77.953 0.0000000000
77829  -6.674  -7.045  77.755 0.0000000000
77832  -11.248  -6.469  77.574 0.0000000000
77836  -29.840  -7.361  77.124 0.0000000000
77838  -32.056  -7.441  77.039 0.0000000000
77839  -32.415  -7.695  76.507 0.0000000000
77841  -7.567  -6.650  76.420 0.0000000000
77843  -11.269  -6.959  76.235 0.0000000000
77846  -29.119  -7.324  76.869 0.0000000000
77847  -29.653  -7.278  76.178 0.0000000000
77855  -9.652  -6.338  74.947 0.0000000000
77856  -10.216  -6.299  75.267 0.0000000000
77866  -9.276  -6.776  74.516 0.0000000000
77896  -3.093  -5.684  69.493 0.0000000000
77898  -3.029  -6.361  67.912 0.0000000000
78112  -53.681  -6.073  41.777 0.0000000000
78629  -11.869  -3.989  85.927 0.0000000000
78630  -11.641  -4.524  85.620 0.0000000000
78632  -11.970  -4.657  85.817 0.0000000000
78635  -11.396  -5.536  84.822 0.0000000000
78637  -4.999  -4.916  83.655 0.0000000000
78638  -5.637  -4.812  83.532 0.0000000000
78639  -5.904  -4.628  83.552 0.0000000000
78640  -10.899  -5.805  83.917 0.0000000000
78643  -5.156  -5.459  83.135 0.0000000000
78647  -4.774  -5.958  82.314 0.0000000000
78648  -6.000  -5.558  82.776 0.0000000000
78651  -10.557  -5.118  81.149 0.0000000000
78654  -4.492  -6.250  80.804 0.0000000000
78662  -10.756  -5.220  79.166 0.0000000000
78667  -7.259  -5.613  78.461 0.0000000000
78668  -10.713  -5.363  78.255 0.0000000000
78671  -15.234  -6.005  78.277 0.0000000000
78675  -8.341  -5.103  76.927 0.0000000000
78690  -31.329  -7.358  76.127 0.0000000000
78693  -3.630  -6.330  75.951 0.0000000000
78696  -9.665  -6.006  75.427 0.0000000000
78710  -3.222  -4.503  70.192 0.0000000000
78987  -53.699  -4.914  42.831 0.0000000000
79497  -11.577  -3.392  85.882 0.0000000000
79500  -11.353  -3.909  85.601 0.0000000000
79501  -12.092  -3.918  85.975 0.0000000000
79502  -12.195  -3.076  86.024 0.0000000000
79504  -10.933  -4.563  85.169 0.0000000000
79505  -11.121  -4.439  85.256 0.0000000000
79506  -12.104  -4.517  85.798 0.0000000000
79508  -5.332  -3.849  84.226 0.0000000000
79509  -5.923  -3.884  84.037 0.0000000000
79510  -6.074  -3.910  84.057 0.0000000000
79513  -12.113  -5.156  85.506 0.0000000000
79517  -6.169  -4.080  83.920 0.0000000000
79518  -10.599  -4.799  84.282 0.0000000000
79519  -12.386  -5.350  84.886 0.0000000000
79522  -6.277  -4.344  83.636 0.0000000000
79529  -10.422  -4.381  82.598 0.0000000000
79537  -10.462  -4.105  80.387 0.0000000000
79540  -5.368  -4.213  79.188 0.0000000000
79547  -7.665  -4.754  78.742 0.0000000000
79548  -8.463  -4.351  78.303 0.0000000000
79550  -10.358  -4.671  78.594 0.0000000000
79551  -13.777  -4.321  79.311 0.0000000000
79556  -8.507  -4.677  77.518 0.0000000000
79557  -9.444  -4.683  77.470 0.0000000000
79558  -10.190  -5.003  77.625 0.0000000000
79566  -5.208  -4.624  75.420 0.0000000000
79578  -3.708  -4.397  71.806 0.0000000000
79824  -53.002  -4.446  43.977 0.0000000000
80348  -11.481  -1.853  85.977 0.0000000000
80351  -12.231  -2.226  85.689 0.0000000000
80354  -6.236  -2.326  85.136 0.0000000000
80355  -10.604  -2.101  85.717 0.0000000000
80356  -11.146  -2.982  85.723 0.0000000000
80357  -12.576  -2.690  85.584 0.0000000000
80358  -5.574  -2.591  85.040 0.0000000000
80359  -5.904  -2.653  84.683 0.0000000000
80361  -12.904  -3.144  85.472 0.0000000000
80364  -6.354  -3.246  84.276 0.0000000000
80366  -13.097  -3.495  85.116 0.0000000000
80367  -4.878  -3.589  84.352 0.0000000000
80369  -10.402  -3.906  84.742 0.0000000000
80370  -13.271  -3.746  84.411 0.0000000000
80372  -6.759  -3.614  83.828 0.0000000000
80373  -10.153  -3.841  83.815 0.0000000000
80381  -9.993  -2.964  81.222 0.0000000000
80387  -8.844  -3.133  80.265 0.0000000000
80388  -9.615  -3.084  80.561 0.0000000000
80401  -10.099  -4.068  79.006 0.0000000000
80430  -4.127  -3.519  71.755 0.0000000000
80448  -3.490  -3.378  70.468 0.0000000000
81205  -9.658  -1.262  86.387 0.0000000000
81207  -10.788  -1.350  86.459 0.0000000000
81208  -11.194  -1.306  86.147 0.0000000000
81212  -6.839  -1.634  85.803 0.0000000000
81213  -7.845  -1.324  85.621 0.0000000000
81216  -9.995  -1.664  85.942 0.0000000000
81219  -5.740  -2.098  86.198 0.0000000000
81220  -6.220  -2.115  85.749 0.0000000000
81221  -7.609  -1.657  85.114 0.0000000000
81222  -8.552  -1.430  85.290 0.0000000000
81223  -9.387  -1.614  85.500 0.0000000000
81224  -10.251  -2.004  85.743 0.0000000000
81226  -12.896  -1.053  84.986 0.0000000000
81227  -5.079  -2.352  85.319 0.0000000000
81228  -6.648  -2.361  84.840 0.0000000000
81234  -13.209  -1.003  85.097 0.0000000000
81238  -9.087  -1.950  84.952 0.0000000000
81244  -6.660  -2.995  84.336 0.0000000000
81245  -7.590  -2.316  84.557 0.0000000000
81246  -8.666  -2.042  84.667 0.0000000000
81247  -9.689  -2.374  84.383 0.0000000000
81248  -10.129  -2.963  84.439 0.0000000000
81250  -13.717  -1.686  84.706 0.0000000000
81252  -7.118  -3.068  83.918 0.0000000000
81254  -8.927  -2.196  83.479 0.0000000000
81262  -9.869  -2.455  82.893 0.0000000000
81263  -10.304  -3.135  82.751 0.0000000000
81266  -5.034  -2.296  81.362 0.0000000000
81268  -7.703  -2.738  82.330 0.0000000000
81269  -8.513  -2.634  81.651 0.0000000000
81313  -6.499  -2.285  72.927 0.0000000000
81341  -4.228  -1.899  70.380 0.0000000000
82066  -8.778  -0.727  86.367 0.0000000000
82067  -9.968  -1.006  86.870 0.0000000000
82068  -10.538  -1.037  86.691 0.0000000000
82070  -5.795  -1.287  86.702 0.0000000000
82071  -6.471  -1.269  86.472 0.0000000000
82073  -8.256  -1.037  86.037 0.0000000000
82077  -5.359  -1.340  86.777 0.0000000000
82080  -5.066  -1.682  86.572 0.0000000000
82103  -7.578  -1.614  76.269 0.0000000000
82123  -7.397  -1.789  73.384 0.0000000000
82134  -6.283  -1.671  72.417 0.0000000000
82149  -4.928  -1.172  71.246 0.0000000000
82168  -5.385  -0.803  70.857 0.0000000000
82859  -6.345  -0.421  86.695 0.0000000000
82860  -6.880  -0.498  86.623 0.0000000000
82864  -10.407  -0.616  86.525 0.0000000000
82865  -10.822  -0.769  86.369 0.0000000000
82873  -5.146  -0.336  86.563 0.0000000000
82879  -4.584  -1.201  85.654 0.0000000000
82904  -8.346  -0.352  77.578 0.0000000000
82913  -8.350  -0.715  75.172 0.0000000000
83656  -10.086  -0.198  86.492 0.0000000000
83704  -9.299  0.800  77.467 0.0000000000
118953  -27.076  -21.142  74.048 0.0000000000
119033  -15.710  -16.726  84.910 0.0000000000
119065  -40.807  -15.435  56.784 0.0000000000
119103  -20.118  -12.609  86.618 0.0000000000
119209  -2.289  -18.837  82.231 0.0000000000
119259  -50.103  -14.316  61.477 0.0000000000
119315  -13.710  -13.287  74.312 0.0000000000
119498  -46.670  -13.560  53.700 0.0000000000
119502  -42.864  -13.604  53.622 0.0000000000
119505  -45.510  -13.479  54.495 0.0000000000
119506  -10.190  -15.500  83.550 0.0000000000
119515  -17.611  -23.824  85.053 0.0000000000
119615  -5.337  -16.398  86.994 0.0000000000
119661  -2.956  -15.879  78.114 0.0000000000
119692  -49.761  -13.820  53.911 0.0000000000
119707  -2.929  -38.686  82.309 0.0000000000
119742  -37.659  -13.758  51.905 0.0000000000
119872  -28.451  -7.359  75.731 0.0000000000
119907  -25.130  -22.204  72.000 0.0000000000
119952  -42.501  -19.354  70.371 0.0000000000
120112  -14.379  -25.104  72.750 0.0000000000
120134  -30.602  -12.721  76.764 0.0000000000
120349  -8.390  -2.035  84.830 0.0000000000
120455  -8.011  -14.888  82.656 0.0000000000
120494  -53.618  -13.902  51.370 0.0000000000
120578  -27.403  -13.076  80.213 0.0000000000
120601  -9.536  -3.321  80.006 0.0000000000
120609  -20.942  -16.024  80.722 0.0000000000
120946  -55.004  -17.332  52.150 0.0000000000
121041  -57.133  -13.079  51.678 0.0000000000
121053  -23.916  -24.567  84.817 0.0000000000
121240  -6.348  -15.633  86.410 0.0000000000
121253  -19.453  -8.719  77.986 0.0000000000
121322  -31.222  -7.429  77.455 0.0000000000
121326  -24.212  -14.894  80.033 0.0000000000
121443  -17.301  -13.653  83.475 0.0000000000
121498  -15.762  -14.648  84.207 0.0000000000
121681  -20.894  -11.969  86.269 0.0000000000
121711  -26.713  -8.771  79.753 0.0000000000
121736  -17.761  -18.161  73.886 0.0000000000
121823  -3.852  -19.582  87.987 0.0000000000
121865  -58.510  -13.122  44.012 0.0000000000
121944  -25.752  -12.694  81.585 0.0000000000
122012  -21.245  -10.416  83.152 0.0000000000
122103  -4.071  -27.430  80.853 0.0000000000
122141  -24.639  -10.855  84.454 0.0000000000
122163  -47.800  -14.539  63.424 0.0000000000
122235  -6.079  -6.173  80.943 0.0000000000
122265  -3.009  -38.914  83.869 0.0000000000
122309  -28.843  -13.392  74.195 0.0000000000
122472  -10.527  -14.652  78.859 0.0000000000
122500  -2.908  -27.973  68.169 0.0000000000
122529  -14.743  -15.348  85.775 0.0000000000
122634  -52.333  -14.562  59.882 0.0000000000
122648  -11.803  -15.332  80.862 0.0000000000
122760  -4.087  -18.059  87.651 0.0000000000
122972  -23.746  -10.655  78.973 0.0000000000
122993  -13.932  -11.062  74.434 0.0000000000
123173  -3.727  -17.988  86.931 0.0000000000
123244  -12.600  -9.418  74.190 0.0000000000
123255  -18.780  -12.819  81.022 0.0000000000
123378  -20.138  -16.394  79.724 0.0000000000
123407  -18.967  -13.047  86.560 0.0000000000
123460  -9.788  -13.655  73.394 0.0000000000
123634  -27.671  -16.099  71.644 0.0000000000
123675  -58.480  -16.920  41.755 0.0000000000
123850  -58.592  -14.149  42.349 0.0000000000
123949  -25.949  -25.478  68.497 0.0000000000
124130  -6.820  -15.219  84.941 0.0000000000
124230  -26.099  -8.653  76.682 0.0000000000
124274  -4.904  -15.444  80.108 0.0000000000
124287  -13.662  -15.724  86.410 0.0000000000
124330  -50.798  -12.811  58.288 0.0000000000
124467  -6.093  -15.139  79.599 0.0000000000
124476  -40.831  -15.850  57.314 0.0000000000
124486  -45.647  -28.134  67.699 0.0000000000
124506  -24.182  -10.881  84.961 0.0000000000
124758  -28.968  -9.505  80.190 0.0000000000
124766  -3.218  -4.519  69.569 0.0000000000
124931  -11.202  -23.784  89.961 0.0000000000
124977  -12.884  -13.386  74.046 0.0000000000
124978  -18.238  -16.625  82.662 0.0000000000
125007  -24.603  -10.118  79.027 0.0000000000
125150  -24.338  -12.743  82.993 0.0000000000
125250  -2.593  -20.382  87.554 0.0000000000
125368  -36.089  -15.073  75.955 0.0000000000
125425  -7.608  -17.405  87.080 0.0000000000
125490  -15.768  -15.051  85.897 0.0000000000
125499  -31.558  -9.578  77.285 0.0000000000
125577  -53.484  -12.962  57.797 0.0000000000
125691  -13.756  -11.606  73.811 0.0000000000
125950  -19.596  -12.580  86.326 0.0000000000
125990  -38.952  -15.691  55.731 0.0000000000
125992  -2.202  -19.521  83.660 0.0000000000
126017  -3.275  -12.123  64.521 0.0000000000
126047  -0.920  -25.899  83.457 0.0000000000
126079  -4.922  -8.342  78.501 0.0000000000
126140  -19.134  -15.079  86.049 0.0000000000
126156  -21.220  -22.643  66.563 0.0000000000
126215  -43.941  -29.004  69.415 0.0000000000
126284  -44.776  -13.791  50.043 0.0000000000
126314  -27.942  -19.105  69.573 0.0000000000
126384  -13.938  -10.364  75.955 0.0000000000
126403  -9.174  -17.121  86.905 0.0000000000
126480  -4.516  -5.542  80.184 0.0000000000
126502  -10.769  -18.424  83.042 0.0000000000
126516  -44.853  -15.764  61.195 0.0000000000
126520  -3.541  -25.064  85.110 0.0000000000
126550  -11.303  -17.270  86.757 0.0000000000
126603  -10.544  -5.726  82.859 0.0000000000
126667  -14.589  -16.777  85.724 0.0000000000
126904  -22.733  -24.299  64.985 0.0000000000
127222  -10.436  -4.175  81.451 0.0000000000
127232  -30.574  -7.405  77.361 0.0000000000
127266  -19.255  -9.558  81.222 0.0000000000
127437  -51.846  -13.119  59.216 0.0000000000
127556  -52.353  -15.537  59.517 0.0000000000
127583  -52.859  -12.824  57.996 0.0000000000
127601  -9.862  -2.354  84.881 0.0000000000
127629  -43.224  -20.691  70.326 0.0000000000
127747  -46.646  -24.168  66.781 0.0000000000
127757  0.001  -34.938  79.872 0.0000000000
127782  -47.913  -13.830  50.170 0.0000000000
127798  -27.995  -18.152  68.206 0.0000000000
127846  -17.071  -25.402  77.277 0.0000000000
127880  -28.500  -23.427  72.677 0.0000000000
127942  -6.252  -5.056  83.098 0.0000000000
128047  -8.024  -27.414  64.392 0.0000000000
128074  -4.551  -5.341  82.189 0.0000000000
128094  -53.878  -13.453  57.920 0.0000000000
128181  -42.471  -19.617  72.197 0.0000000000
128291  -6.033  -30.273  72.329 0.0000000000
128322  -7.368  -14.418  80.722 0.0000000000
128456  -10.088  -15.579  85.822 0.0000000000
129120  -3.222  -27.401  68.290 0.0000000000
129140  -13.565  -3.946  79.882 0.0000000000
129228  -8.673  -14.546  81.037 0.0000000000
129299  -22.134  -10.082  83.345 0.0000000000
129308  -19.596  -16.630  79.851 0.0000000000
129749  -20.827  -10.390  78.395 0.0000000000
129808  -26.948  -22.644  69.936 0.0000000000
129999  -11.951  -5.148  85.634 0.0000000000
130011  -15.595  -14.830  84.762 0.0000000000
130035  -2.458  -17.224  79.220 0.0000000000
130147  -45.882  -18.902  64.871 0.0000000000
130181  -26.210  -10.505  82.300 0.0000000000
130307  -11.152  -15.519  84.959 0.0000000000
130328  -4.606  -3.070  84.048 0.0000000000
130345  -14.320  -1.113  84.714 0.0000000000
130499  -36.395  -21.125  73.179 0.0000000000
130559  -27.823  -18.397  69.537 0.0000000000
130591  -16.207  -13.760  77.485 0.0000000000
130707  -30.009  -7.783  78.889 0.0000000000
131009  -0.791  -31.232  76.265 0.0000000000
131050  -25.071  -10.378  83.019 0.0000000000
131110  -17.673  -17.575  76.600 0.0000000000
131215  -39.993  -14.174  53.918 0.0000000000
131322  0.173  -33.885  80.673 0.0000000000
131463  -27.793  -7.620  78.044 0.0000000000
131558  -7.224  -17.203  87.535 0.0000000000
131631  -5.077  -15.569  84.807 0.0000000000
131719  -2.381  -20.486  85.687 0.0000000000
131779  -34.846  -15.255  77.672 0.0000000000
131795  -28.552  -11.363  80.298 0.0000000000
131879  -46.365  -26.996  67.388 0.0000000000
131953  -43.961  -25.871  71.510 0.0000000000
131975  -2.071  -37.072  84.012 0.0000000000
131989  -43.299  -24.696  72.139 0.0000000000
132044  -19.867  -8.387  80.625 0.0000000000
132242  -1.759  -17.526  66.333 0.0000000000
132318  -23.247  -11.346  85.527 0.0000000000
132366  -29.878  -12.874  75.420 0.0000000000
132404  -11.073  -2.196  85.937 0.0000000000
132467  -1.399  -29.733  83.542 0.0000000000
132475  -2.460  -18.419  80.662 0.0000000000
132485  -11.462  -7.775  80.163 0.0000000000
132518  -58.359  -10.354  43.786 0.0000000000
132521  -8.162  -0.408  86.551 0.0000000000
132674  -52.813  -15.485  59.323 0.0000000000
132732  -27.679  -11.242  80.902 0.0000000000
132779  -45.871  -21.342  65.061 0.0000000000
132786  -30.651  -15.395  76.533 0.0000000000
132830  -1.080  -28.464  82.912 0.0000000000
132862  -28.502  -18.132  55.385 0.0000000000
133092  -55.935  -14.983  54.476 0.0000000000
133105  -10.175  -24.066  90.134 0.0000000000
133203  -25.985  -10.919  83.061 0.0000000000
133331  -2.527  -23.590  86.553 0.0000000000
133479  -23.374  -14.619  81.437 0.0000000000
133490  -3.277  -7.811  69.519 0.0000000000
133525  -1.289  -37.782  83.024 0.0000000000
133588  -2.771  -34.161  75.946 0.0000000000
133596  -10.042  -23.765  89.549 0.0000000000
133654  -3.180  -16.284  80.345 0.0000000000
133681  -6.810  0.022  86.585 0.0000000000
133788  -4.102  -28.670  68.716 0.0000000000
133811  -6.243  -28.635  66.380 0.0000000000
133821  -14.289  -15.412  84.589 0.0000000000
133899  -12.397  -6.186  83.227 0.0000000000
133926  -46.048  -9.580  45.934 0.0000000000
133961  -18.824  -13.843  86.858 0.0000000000
134087  -11.666  -7.617  76.716 0.0000000000
134108  -1.985  -14.983  73.451 0.0000000000
134212  -5.279  -23.636  68.588 0.0000000000
134332  -30.988  -17.745  81.970 0.0000000000
134471  -57.445  -9.358  44.030 0.0000000000
134472  -26.657  -8.173  76.610 0.0000000000
134506  -13.428  -3.452  83.594 0.0000000000
134552  -12.809  -4.658  84.474 0.0000000000
135039  -45.938  -13.533  53.921 0.0000000000
135154  -23.440  -10.879  85.372 0.0000000000
135179  -45.944  -13.570  53.326 0.0000000000
135217  -14.289  -13.965  77.130 0.0000000000
135238  -15.615  -9.691  80.492 0.0000000000
135258  -43.543  -22.625  69.071 0.0000000000
135317  -24.662  -13.024  82.303 0.0000000000
135397  -16.630  -13.803  77.760 0.0000000000
135403  -40.898  -23.572  65.814 0.0000000000
135504  -11.058  -1.646  86.222 0.0000000000
135673  -3.747  -16.343  67.945 0.0000000000
135705  -3.664  -15.658  78.932 0.0000000000
135720  -42.266  -24.424  66.946 0.0000000000
135728  -12.155  -15.764  86.592 0.0000000000
135840  -45.833  -13.681  49.882 0.0000000000
135868  -12.087  -8.135  82.777 0.0000000000
136135  -44.159  -27.970  70.268 0.0000000000
136185  -42.785  -13.692  55.358 0.0000000000
136221  -4.784  -1.367  86.322 0.0000000000
136280  -22.617  -23.931  63.992 0.0000000000
136293  -49.648  -13.527  55.094 0.0000000000
136371  -4.388  -34.114  90.222 0.0000000000
136435  -47.242  -13.636  53.120 0.0000000000
136518  -3.625  -22.516  86.582 0.0000000000
136529  -5.557  -15.470  84.923 0.0000000000
136579  -10.606  -3.731  85.067 0.0000000000
136622  -39.432  -15.645  73.747 0.0000000000
136689  -46.497  -22.106  64.720 0.0000000000
136697  -13.274  -22.917  88.016 0.0000000000
136794  -1.801  -28.724  69.819 0.0000000000
136838  -45.360  -21.686  65.228 0.0000000000
137010  -28.257  -15.977  68.802 0.0000000000
137108  -11.969  -15.456  83.326 0.0000000000
137262  -15.784  -12.882  75.963 0.0000000000
137273  -34.618  -19.139  67.648 0.0000000000
137317  -27.704  -16.617  78.505 0.0000000000
137329  -48.818  -12.224  46.840 0.0000000000
137350  -2.681  -19.320  87.577 0.0000000000
137356  -11.725  -20.123  78.863 0.0000000000
137364  -15.626  -11.939  76.670 0.0000000000
137489  -33.683  -19.835  71.096 0.0000000000
137511  -13.255  -18.549  82.345 0.0000000000
137630  -1.978  -22.502  83.298 0.0000000000
137691  -18.002  -15.969  84.953 0.0000000000
137749  -5.865  -1.836  80.674 0.0000000000
137807  -47.015  -24.120  66.088 0.0000000000
137810  -4.537  -7.730  79.589 0.0000000000
137867  -14.945  -19.526  74.492 0.0000000000
137892  -43.784  -13.484  54.707 0.0000000000
138012  -7.876  -17.136  87.263 0.0000000000
138052  -5.633  -34.281  81.712 0.0000000000
138494  -3.057  -19.706  87.761 0.0000000000
138631  -28.758  -13.391  79.180 0.0000000000
138642  -16.238  -11.303  77.900 0.0000000000
138672  -38.700  -23.279  62.150 0.0000000000
138680  -6.308  -26.102  66.396 0.0000000000
138690  -50.912  -14.150  60.178 0.0000000000
138712  -22.759  -23.669  75.530 0.0000000000
138803  -14.492  -15.866  86.311 0.0000000000
138829  -12.597  -5.187  84.176 0.0000000000
138830  -28.755  -16.324  78.423 0.0000000000
138831  -25.437  -19.295  76.149 0.0000000000
138868  -9.484  -30.998  70.755 0.0000000000
138899  -41.879  -17.850  71.403 0.0000000000
139011  -28.626  -10.064  80.468 0.0000000000
139143  -48.732  -13.949  51.600 0.0000000000
139227  -7.273  -2.808  83.709 0.0000000000
139272  -20.702  -23.635  70.607 0.0000000000
139348  -10.936  -25.911  74.131 0.0000000000
139391  -6.542  -27.023  90.095 0.0000000000
139518  -1.457  -28.528  70.141 0.0000000000
139522  -49.772  -14.239  50.522 0.0000000000
139669  -5.673  -16.056  86.920 0.0000000000
139725  -13.872  -5.075  79.387 0.0000000000
139761  -10.445  -6.670  83.003 0.0000000000
139825  -3.826  -16.817  86.019 0.0000000000
139850  -7.868  -14.543  86.008 0.0000000000
139928  -4.522  -8.178  78.550 0.0000000000
140021  -14.621  -14.808  79.792 0.0000000000
140071  -7.333  -27.903  65.312 0.0000000000
140072  -3.902  -21.415  86.851 0.0000000000
140140  -2.376  -21.114  86.300 0.0000000000
140170  -38.852  -14.936  73.104 0.0000000000
140192  -47.438  -11.458  46.044 0.0000000000
140224  -3.863  -35.569  88.698 0.0000000000
140285  -8.536  -25.126  64.003 0.0000000000
140488  -2.428  -21.311  86.657 0.0000000000
140489  -2.704  -18.675  86.795 0.0000000000
140497  -4.244  -31.252  88.629 0.0000000000
140506  -2.599  -23.009  86.705 0.0000000000
140523  -0.861  -35.981  81.880 0.0000000000
140524  -51.543  -12.885  55.959 0.0000000000
140578  -17.205  -8.216  80.222 0.0000000000
140625  -51.615  -14.087  54.386 0.0000000000
140796  -11.535  -15.210  79.758 0.0000000000
141025  -2.724  -18.924  87.258 0.0000000000
141072  -5.603  -25.459  79.570 0.0000000000
141145  -2.794  -18.673  78.446 0.0000000000
141197  -26.795  -22.527  70.521 0.0000000000
141248  -28.092  -16.002  56.421 0.0000000000
141256  -29.308  -17.549  79.847 0.0000000000
141315  -4.328  -7.648  79.511 0.0000000000
141353  -2.989  -12.464  64.394 0.0000000000
141564  -8.130  -14.387  80.595 0.0000000000
141680  -6.625  -29.308  76.836 0.0000000000
141744  -20.036  -14.090  86.826 0.0000000000
141757  -14.322  -17.200  85.104 0.0000000000
141778  -3.591  -18.513  87.467 0.0000000000
141821  -18.922  -13.766  86.716 0.0000000000
141864  -46.948  -23.994  65.286 0.0000000000
141871  -11.808  -17.767  85.074 0.0000000000
141892  -5.989  -15.444  85.090 0.0000000000
141953  -1.258  -24.804  82.262 0.0000000000
142050  -44.050  -13.576  53.328 0.0000000000
142105  -4.736  -28.274  67.400 0.0000000000
142169  -20.371  -8.603  80.718 0.0000000000
142177  -39.797  -23.473  63.367 0.0000000000
142182  -0.475  -26.435  82.450 0.0000000000
142342  -16.492  -23.918  84.366 0.0000000000
142373  -4.726  -32.318  79.513 0.0000000000
142382  -13.218  -11.422  73.392 0.0000000000
142387  -2.026  -29.749  83.997 0.0000000000
142396  -1.950  -28.336  69.487 0.0000000000
142644  -5.360  -27.820  88.968 0.0000000000
142701  -8.144  -17.737  85.894 0.0000000000
142711  -3.826  -32.177  89.546 0.0000000000
142754  -20.952  -14.413  86.141 0.0000000000
142759  -6.078  -5.851  82.431 0.0000000000
142771  -11.023  -10.133  72.353 0.0000000000
142837  -21.442  -13.283  86.592 0.0000000000
142852  -2.831  -19.495  87.693 0.0000000000
142883  -5.589  -1.116  86.815 0.0000000000
143247  -55.856  -16.927  51.195 0.0000000000
143285  -4.822  -26.275  67.930 0.0000000000
143347  -7.181  -3.327  82.288 0.0000000000
143359  -49.918  -8.701  44.065 0.0000000000
143388  -33.396  -15.999  77.057 0.0000000000
143448  -22.142  -11.193  86.119 0.0000000000
143451  -17.701  -25.356  75.521 0.0000000000
143469  -6.869  -14.884  86.139 0.0000000000
143651  -44.384  -26.200  70.376 0.0000000000
143705  -8.766  -24.196  89.550 0.0000000000
143708  -9.176  -4.375  78.036 0.0000000000
143745  -2.578  -27.398  68.811 0.0000000000
