#!ascii label  , from subject sub-v1s2x0051482_ses-1 vox2ras=TkReg
2436
142993  -20.261  -47.001  81.782 0.4444440007
35295  -20.027  -47.763  81.756 0.4444440007
38507  -20.559  -46.379  81.604 0.5555559993
36381  -20.345  -47.240  81.714 0.4444440007
35304  -20.162  -48.118  81.315 0.4444440007
36391  -20.623  -47.234  81.495 0.4444440007
37470  -21.128  -46.601  81.583 0.5555559993
34235  -19.297  -49.549  80.368 0.4444440007
34232  -19.704  -48.770  81.051 0.4444440007
36402  -20.878  -47.350  80.990 0.4444440007
34240  -19.332  -49.566  79.759 0.4444440007
33244  -18.738  -50.312  79.733 0.3333329856
33253  -18.603  -50.070  79.219 0.4444440007
34236  -19.882  -48.913  80.364 0.4444440007
32290  -18.065  -50.953  79.115 0.3333329856
33252  -18.078  -50.727  78.938 0.3333329856
32297  -17.147  -52.192  78.402 0.3333329856
32295  -17.701  -51.427  78.892 0.3333329856
39595  -20.736  -45.817  81.399 0.4444440007
38518  -21.377  -45.845  81.660 0.4444440007
121794  -21.230  -46.153  81.692 0.5555559993
37462  -21.900  -46.092  81.708 0.5555559993
38509  -22.815  -46.126  81.581 0.4444440007
35313  -20.418  -48.165  80.193 0.4444440007
36403  -21.328  -46.912  80.851 0.5555559993
37482  -22.192  -46.468  80.914 0.4444440007
35312  -19.881  -48.868  79.661 0.4444440007
35308  -20.903  -47.411  80.668 0.4444440007
34249  -19.166  -49.358  79.152 0.5555559993
36408  -21.548  -46.788  80.560 0.5555559993
37493  -21.521  -46.814  79.888 0.6666669846
33258  -18.474  -49.850  78.791 0.4444440007
35318  -19.822  -48.582  79.133 0.5555559993
36407  -20.927  -47.365  79.998 0.5555559993
32298  -17.562  -51.194  78.578 0.3333329856
33257  -18.007  -50.369  78.597 0.3333329856
34262  -18.997  -49.133  78.683 0.4444440007
35329  -19.552  -48.409  78.519 0.5555559993
36416  -20.801  -47.252  79.293 0.4444440007
33256  -17.811  -50.574  78.435 0.3333329856
36435  -20.074  -47.635  78.043 0.3333329856
39585  -21.945  -45.601  81.671 0.4444440007
38508  -22.116  -46.138  82.044 0.5555559993
40647  -22.170  -44.907  81.287 0.3333329856
37471  -22.124  -46.236  81.493 0.4444440007
40639  -22.723  -44.991  81.500 0.3333329856
39598  -22.815  -45.351  81.654 0.4444440007
38519  -23.117  -45.687  81.496 0.4444440007
38531  -23.307  -46.181  81.199 0.4444440007
37494  -22.260  -46.510  80.577 0.5555559993
37483  -23.066  -46.180  80.966 0.6666669846
37505  -22.224  -46.588  79.775 0.6666669846
37495  -22.810  -46.369  80.541 0.6666669846
33314  -33.197  -51.141  71.445 0.7777780294
33315  -33.632  -50.421  71.397 0.7777780294
36426  -20.713  -47.158  78.807 0.4444440007
37504  -21.306  -46.827  79.216 0.5555559993
118861  -33.988  -49.815  71.540 0.8888890147
134643  -19.950  -47.858  78.352 0.4444440007
36436  -20.452  -47.391  78.428 0.3333329856
40640  -23.281  -44.794  81.715 0.3333329856
39599  -23.579  -45.301  81.513 0.4444440007
38520  -23.606  -45.568  81.395 0.4444440007
38532  -23.816  -45.800  80.870 0.6666669846
30490  -30.823  -54.062  72.751 0.6666669846
38549  -23.339  -46.152  80.731 0.6666669846
138346  -30.613  -54.387  72.584 0.7777780294
30514  -32.025  -54.024  71.734 0.7777780294
31423  -32.446  -52.737  71.570 0.7777780294
32354  -32.861  -51.932  71.541 0.7777780294
124389  -23.090  -46.358  79.891 0.6666669846
34318  -33.386  -50.421  71.692 0.7777780294
38675  -35.451  -45.601  71.669 0.8888890147
38688  -35.687  -45.565  71.201 0.8888890147
37511  -21.087  -46.907  78.656 0.3333329856
37512  -21.819  -46.680  79.015 0.4444440007
35401  -34.242  -49.051  71.597 0.8888890147
37518  -20.912  -47.021  78.011 0.4444440007
38583  -21.897  -46.658  78.297 0.4444440007
35415  -34.904  -49.177  71.010 0.7777780294
35416  -35.083  -48.533  70.897 0.6666669846
40650  -23.818  -44.766  81.468 0.3333329856
40642  -24.171  -44.953  81.430 0.4444440007
40661  -23.398  -44.605  81.216 0.3333329856
39600  -24.007  -45.123  81.463 0.4444440007
134629  -24.180  -45.607  81.099 0.5555559993
29577  -30.025  -54.324  72.903 0.6666669846
123542  -23.715  -45.974  80.653 0.6666669846
28651  -29.432  -54.790  72.847 0.7777780294
38568  -23.473  -46.377  79.153 0.6666669846
38550  -23.836  -46.204  79.727 0.6666669846
28672  -29.294  -55.132  72.549 0.4444440007
28686  -30.570  -54.837  72.125 0.6666669846
31422  -32.186  -53.601  71.695 0.7777780294
38567  -22.677  -46.489  78.970 0.5555559993
27725  -29.094  -55.319  72.253 0.3333329856
32353  -32.320  -51.987  72.110 0.7777780294
33313  -32.863  -51.207  71.839 0.7777780294
38584  -22.793  -46.494  78.100 0.4444440007
38585  -23.514  -46.469  78.289 0.3333329856
28691  -29.381  -55.331  71.254 0.3333329856
136558  -32.482  -50.819  72.197 0.6666669846
35399  -32.800  -49.492  72.266 0.6666669846
136667  -33.263  -48.926  72.139 0.6666669846
36491  -33.854  -48.613  71.914 0.6666669846
119358  -34.639  -47.259  71.484 0.8888890147
39718  -35.802  -44.920  71.700 0.8888890147
38599  -21.672  -46.679  77.559 0.2222220004
38600  -22.434  -46.518  77.482 0.3333329856
35398  -31.940  -49.276  72.324 0.6666669846
36490  -32.613  -48.668  72.255 0.6666669846
124207  -33.338  -48.177  72.137 0.6666669846
139873  -33.459  -47.405  72.133 0.6666669846
36505  -35.061  -47.962  70.982 0.7777780294
36519  -34.899  -47.339  70.769 0.7777780294
38613  -21.058  -46.733  76.291 0.2222220004
38615  -22.793  -46.426  76.793 0.2222220004
37575  -33.188  -46.775  72.151 0.6666669846
36530  -34.756  -48.249  70.317 0.5555559993
36531  -34.645  -47.538  70.325 0.6666669846
37614  -35.221  -46.162  70.016 0.6666669846
38714  -35.481  -45.684  69.764 0.6666669846
38627  -21.700  -46.489  75.529 0.1111110002
37628  -34.900  -46.365  69.622 0.6666669846
39613  -25.079  -44.942  80.933 0.5555559993
37485  -25.085  -45.714  79.762 0.6666669846
38521  -24.517  -45.315  80.731 0.6666669846
136891  -24.803  -45.911  79.607 0.6666669846
128462  -29.684  -54.105  73.363 0.6666669846
30489  -30.081  -54.023  73.108 0.6666669846
31403  -30.401  -53.870  72.951 0.6666669846
38533  -24.272  -45.637  80.457 0.6666669846
127903  -24.296  -46.114  79.576 0.5555559993
118820  -28.780  -54.902  73.070 0.4444440007
30499  -31.255  -54.188  72.416 0.7777780294
38569  -24.081  -46.420  78.684 0.4444440007
28669  -26.979  -55.015  73.174 0.3333329856
27722  -27.461  -55.322  72.557 0.3333329856
31421  -31.764  -53.649  72.094 0.7777780294
143184  -23.839  -46.566  77.703 0.3333329856
28668  -26.378  -54.839  72.998 0.3333329856
27729  -27.897  -55.445  71.997 0.3333329856
33312  -32.226  -51.532  72.182 0.6666669846
40765  -36.096  -44.390  71.608 0.8888890147
41619  -36.215  -43.965  71.221 0.8888890147
41632  -36.208  -44.102  70.329 0.8888890147
38601  -23.323  -46.469  77.417 0.3333329856
38602  -24.174  -46.750  77.150 0.3333329856
28681  -25.546  -55.039  71.834 0.3333329856
28690  -26.801  -55.484  70.961 0.3333329856
119656  -32.230  -50.118  72.328 0.6666669846
38672  -33.734  -45.980  72.201 0.6666669846
124419  -33.959  -46.715  72.121 0.7777780294
38674  -35.056  -45.737  72.031 0.8888890147
40751  -35.876  -44.362  72.078 0.8888890147
39734  -35.944  -44.885  71.291 0.8888890147
40781  -36.059  -44.680  70.060 0.8888890147
41645  -36.233  -44.230  69.394 0.8888890147
38628  -22.647  -46.428  75.998 0.2222220004
29613  -25.440  -55.220  70.946 0.3333329856
133106  -32.604  -47.679  72.147 0.6666669846
39748  -35.855  -45.131  70.007 0.7777780294
40797  -36.014  -44.870  69.097 0.8888890147
135157  -36.254  -43.801  68.843 0.7777780294
39758  -35.638  -45.406  69.289 0.6666669846
38535  -26.209  -45.984  79.311 0.6666669846
37497  -26.421  -47.279  78.442 0.6666669846
138896  -26.833  -47.470  78.371 0.6666669846
40653  -25.495  -44.943  80.035 0.4444440007
134085  -25.638  -45.683  79.630 0.6666669846
133853  -26.199  -47.497  78.294 0.6666669846
30473  -28.623  -53.208  75.267 0.6666669846
30474  -29.066  -53.267  74.834 0.5555559993
36409  -25.504  -46.890  78.390 0.5555559993
29557  -28.333  -53.511  74.977 0.6666669846
30481  -28.791  -53.462  74.577 0.7777780294
31402  -29.546  -53.863  73.729 0.5555559993
36418  -25.395  -47.215  78.110 0.5555559993
29568  -28.686  -53.815  74.318 0.6666669846
37519  -24.799  -47.211  77.478 0.4444440007
37513  -24.690  -46.816  78.142 0.4444440007
29575  -26.726  -54.105  74.467 0.4444440007
28634  -27.173  -54.280  74.284 0.4444440007
32342  -31.302  -53.239  72.349 0.5555559993
30497  -24.546  -53.253  73.684 0.3333329856
28647  -26.540  -54.463  73.798 0.4444440007
32352  -31.803  -52.375  72.167 0.6666669846
29604  -25.001  -54.513  72.347 0.3333329856
34317  -31.703  -50.821  72.264 0.4444440007
41631  -36.046  -43.592  70.619 0.8888890147
41644  -36.102  -43.729  69.667 0.8888890147
124460  -35.957  -43.427  68.911 0.8888890147
118992  -23.525  -46.583  76.415 0.2222220004
37527  -24.307  -47.085  76.387 0.2222220004
142900  -23.560  -53.115  72.378 0.3333329856
30512  -24.314  -54.272  71.940 0.3333329856
36504  -31.058  -49.099  72.021 0.4444440007
126785  -34.169  -45.161  72.397 0.6666669846
41605  -35.735  -43.925  72.279 0.7777780294
38629  -23.260  -46.616  75.578 0.2222220004
30522  -23.760  -53.944  71.498 0.3333329856
30523  -24.236  -54.491  71.154 0.3333329856
37586  -31.589  -47.458  71.824 0.5555559993
39733  -32.806  -45.319  71.990 0.5555559993
39715  -33.427  -45.296  72.274 0.6666669846
41663  -36.246  -43.598  67.909 0.6666669846
38643  -22.589  -46.522  74.961 0.1111110002
31434  -23.364  -53.469  71.099 0.3333329856
30534  -23.771  -54.124  70.732 0.3333329856
38641  -20.422  -46.453  74.117 0.1111110002
38642  -21.732  -46.534  74.518 0.1111110002
31445  -23.505  -53.608  70.293 0.3333329856
125588  -21.145  -46.509  74.083 0.1111110002
132368  -26.568  -46.690  78.733 0.6666669846
130505  -28.834  -52.544  75.944 0.6666669846
36411  -26.567  -48.412  77.953 0.6666669846
30462  -27.483  -52.870  75.859 0.6666669846
30472  -27.946  -53.218  75.558 0.7777780294
141469  -25.883  -48.417  77.740 0.4444440007
35330  -25.902  -49.106  77.592 0.5555559993
30460  -26.531  -52.849  75.961 0.5555559993
36417  -25.751  -48.108  77.826 0.4444440007
30479  -25.317  -52.877  75.183 0.4444440007
29554  -26.699  -53.341  75.505 0.4444440007
36427  -25.291  -47.664  77.678 0.4444440007
139133  -25.323  -48.986  76.803 0.4444440007
30487  -24.717  -52.750  74.392 0.4444440007
29563  -25.624  -53.434  74.955 0.4444440007
37528  -24.783  -47.548  76.772 0.2222220004
36449  -24.642  -47.913  76.060 0.2222220004
36450  -25.039  -48.514  76.478 0.2222220004
31408  -24.137  -52.633  73.554 0.3333329856
30488  -25.102  -53.316  74.411 0.3333329856
130112  -35.282  -42.782  70.242 0.8888890147
42488  -34.837  -42.576  69.661 1.0000000000
32348  -22.987  -51.633  72.630 0.3333329856
31407  -23.573  -52.630  72.799 0.3333329856
41617  -35.561  -43.392  72.046 0.7777780294
41618  -36.073  -43.896  71.892 0.7777780294
138562  -35.715  -43.079  70.856 0.8888890147
42480  -35.758  -43.289  69.939 1.0000000000
42504  -35.237  -42.862  68.630 0.8888890147
37539  -24.035  -47.203  75.634 0.2222220004
127743  -23.996  -47.838  74.899 0.2222220004
32363  -22.707  -52.186  72.006 0.3333329856
31419  -23.174  -52.718  72.177 0.3333329856
129019  -35.174  -43.681  72.464 0.7777780294
42505  -35.768  -43.191  68.072 0.8888890147
124446  -35.690  -43.032  67.549 0.8888890147
36471  -23.541  -48.070  74.124 0.2222220004
137677  -22.604  -52.418  71.350 0.3333329856
129991  -22.966  -52.857  71.545 0.3333329856
38657  -22.274  -46.697  74.126 0.2222220004
37549  -22.934  -47.080  74.125 0.2222220004
32375  -22.431  -52.176  70.849 0.3333329856
42522  -36.163  -43.211  66.863 0.6666669846
37560  -22.343  -47.256  73.395 0.2222220004
41683  -36.356  -43.642  66.917 0.5555559993
36419  -26.801  -48.970  78.146 0.6666669846
34250  -26.113  -49.890  77.521 0.4444440007
33263  -27.171  -50.870  77.050 0.6666669846
34278  -25.514  -50.345  76.783 0.4444440007
33260  -25.932  -51.041  77.043 0.4444440007
32300  -26.306  -51.745  76.761 0.4444440007
134636  -27.050  -52.192  76.667 0.5555559993
35345  -25.353  -49.716  76.632 0.4444440007
33270  -25.275  -50.945  76.233 0.4444440007
32307  -25.786  -51.944  76.519 0.4444440007
139296  -25.847  -52.618  76.070 0.4444440007
34286  -25.224  -50.186  76.248 0.4444440007
31393  -24.879  -52.330  75.007 0.4444440007
35356  -24.873  -49.887  75.738 0.3333329856
139949  -24.103  -51.638  73.920 0.3333329856
31400  -24.359  -52.135  74.177 0.3333329856
42479  -35.122  -42.629  71.085 0.8888890147
42487  -34.632  -42.353  70.571 1.0000000000
36472  -24.103  -48.852  74.635 0.2222220004
35368  -24.499  -49.429  75.202 0.2222220004
32337  -23.604  -51.409  73.353 0.3333329856
31399  -23.661  -51.993  73.288 0.3333329856
42465  -35.548  -43.010  71.501 0.8888890147
42503  -34.449  -42.510  69.187 1.0000000000
142816  -22.903  -47.852  73.561 0.2222220004
32347  -22.437  -51.517  72.042 0.3333329856
42520  -35.305  -43.071  67.212 0.8888890147
123815  -23.027  -48.790  73.379 0.2222220004
32374  -22.318  -51.853  71.469 0.3333329856
41697  -36.559  -43.251  66.108 0.2222220004
42541  -36.564  -43.022  66.029 0.6666669846
41708  -36.920  -42.991  65.415 0.4444440007
36421  -27.176  -48.693  77.961 0.6666669846
141071  -27.206  -49.033  77.849 0.6666669846
35321  -27.088  -49.175  77.858 0.6666669846
35332  -27.124  -49.508  77.621 0.6666669846
33278  -24.985  -51.335  75.680 0.4444440007
33279  -25.249  -51.537  76.029 0.4444440007
32325  -25.112  -51.860  75.714 0.4444440007
34293  -24.566  -50.375  74.989 0.3333329856
32324  -24.773  -51.613  75.237 0.4444440007
34299  -24.228  -49.849  74.427 0.3333329856
141664  -24.268  -50.417  74.355 0.3333329856
32323  -24.516  -51.343  74.702 0.3333329856
32331  -24.544  -51.746  74.695 0.3333329856
35377  -23.662  -49.328  73.897 0.2222220004
34292  -23.809  -50.316  73.778 0.3333329856
33292  -23.690  -50.977  73.548 0.3333329856
140522  -34.030  -42.535  68.778 0.8888890147
120348  -34.829  -42.882  68.267 1.0000000000
35387  -23.109  -49.798  73.180 0.2222220004
34308  -23.152  -50.594  72.988 0.3333329856
119400  -34.432  -43.092  66.779 0.8888890147
34307  -22.466  -50.148  72.557 0.2222220004
33306  -22.639  -51.223  72.398 0.3333329856
120347  -35.653  -42.740  65.948 0.7777780294
35386  -22.422  -49.255  72.701 0.2222220004
42540  -36.514  -42.817  65.831 0.5555559993
42519  -33.974  -42.921  67.976 0.8888890147
119198  -33.274  -42.786  67.316 1.0000000000
119393  -34.586  -42.864  65.879 0.7777780294
123837  -36.137  -42.452  65.032 0.7777780294
42578  -36.647  -42.256  64.347 0.5555559993
42593  -36.187  -41.869  63.799 0.3333329856
43460  -36.909  -41.638  63.440 0.2222220004
42518  -33.047  -42.379  68.114 0.7777780294
42539  -33.591  -42.922  66.299 0.8888890147
42557  -32.889  -42.674  65.729 1.0000000000
42558  -33.980  -42.704  65.383 0.8888890147
42575  -33.276  -42.496  64.802 0.8888890147
42576  -34.463  -42.425  64.571 0.8888890147
42591  -33.747  -42.206  63.961 0.8888890147
42592  -34.969  -42.126  63.819 0.7777780294
43459  -35.281  -41.703  63.276 0.6666669846
43478  -36.513  -41.437  62.822 0.2222220004
122269  -36.138  -41.588  63.237 0.5555559993
43491  -35.911  -41.232  62.254 0.4444440007
43492  -36.862  -41.154  62.224 0.1111110002
44318  -35.138  -40.924  61.645 0.2222220004
44319  -36.281  -40.845  61.602 0.1111110002
42574  -32.177  -42.425  65.145 1.0000000000
43443  -32.553  -42.168  64.191 0.8888890147
43457  -33.057  -41.798  63.426 0.8888890147
43458  -34.185  -41.791  63.334 0.7777780294
43476  -34.482  -41.522  62.765 0.7777780294
43490  -34.780  -41.302  62.207 0.7777780294
44317  -33.908  -40.921  61.617 0.6666669846
44330  -34.297  -40.520  61.004 0.5555559993
44331  -35.545  -40.467  60.971 0.5555559993
44332  -36.565  -40.463  60.828 0.2222220004
42538  -32.611  -42.581  66.713 0.8888890147
43456  -31.801  -41.646  63.575 1.0000000000
43474  -31.517  -41.262  62.699 1.0000000000
133399  -33.550  -41.542  62.895 0.8888890147
122447  -31.338  -40.831  62.055 1.0000000000
129670  -32.753  -40.837  61.601 0.8888890147
44316  -31.918  -40.729  61.665 0.8888890147
44329  -33.092  -40.524  60.997 0.6666669846
45199  -34.717  -40.138  60.289 0.4444440007
45198  -33.478  -40.211  60.303 0.5555559993
132944  -31.314  -40.563  61.500 1.0000000000
44328  -31.913  -40.450  61.049 1.0000000000
45196  -31.228  -39.963  60.281 1.0000000000
45208  -31.201  -39.463  59.530 0.8888890147
45197  -32.352  -40.190  60.339 0.7777780294
45209  -32.691  -39.839  59.719 0.6666669846
45210  -33.844  -39.694  59.568 0.5555559993
44315  -30.600  -40.523  61.749 1.0000000000
45195  -30.263  -39.795  60.606 1.0000000000
45219  -31.973  -39.473  59.265 0.7777780294
45220  -32.837  -39.401  59.061 0.5555559993
46142  -32.083  -39.082  58.646 0.6666669846
46143  -32.886  -38.955  58.414 0.6666669846
142908  -29.592  -39.023  59.967 1.0000000000
47060  -29.362  -37.988  59.019 1.0000000000
46141  -30.885  -38.520  58.511 1.0000000000
46132  -30.596  -38.946  59.124 1.0000000000
132863  -31.526  -38.680  58.377 0.7777780294
47082  -32.231  -38.187  57.354 0.6666669846
46154  -32.135  -38.618  58.058 0.6666669846
137919  -28.962  -37.342  58.657 0.8888890147
46140  -30.136  -38.304  58.735 1.0000000000
47072  -29.693  -37.525  58.237 1.0000000000
47080  -29.617  -36.912  57.563 1.0000000000
46153  -31.264  -38.107  57.765 0.7777780294
47081  -30.397  -37.435  57.497 0.8888890147
47987  -29.964  -36.644  56.885 0.8888890147
142190  -30.999  -37.610  57.221 0.7777780294
47092  -32.448  -37.734  56.541 0.5555559993
47091  -31.627  -37.218  56.195 0.5555559993
47103  -32.291  -37.272  55.791 0.4444440007
51401  -33.712  -33.551  54.618 0.2222220004
51388  -34.947  -33.366  55.672 0.3333329856
51402  -34.661  -33.469  54.613 0.2222220004
47974  -28.885  -36.673  58.027 1.0000000000
49065  -28.808  -35.277  56.955 1.0000000000
47986  -29.188  -36.169  57.211 1.0000000000
49079  -29.238  -34.772  56.527 1.0000000000
47995  -29.600  -35.661  56.460 1.0000000000
135681  -31.555  -37.680  56.960 0.6666669846
47090  -30.829  -37.111  56.671 0.6666669846
47996  -30.381  -36.262  56.185 0.7777780294
48005  -30.840  -35.791  55.486 0.6666669846
49092  -30.384  -34.925  55.549 0.7777780294
137627  -33.258  -33.359  56.832 0.8888890147
51352  -33.605  -33.381  57.667 0.8888890147
48006  -31.733  -36.577  55.389 0.5555559993
126295  -33.441  -33.374  55.960 0.5555559993
51370  -33.964  -33.346  56.781 0.6666669846
51353  -34.511  -33.376  57.488 0.7777780294
48007  -32.722  -37.022  55.087 0.1111110002
49105  -31.592  -35.509  54.796 0.4444440007
48017  -32.242  -36.268  54.722 0.2222220004
139960  -32.430  -35.587  54.275 0.2222220004
139654  -33.037  -33.614  54.738 0.3333329856
141352  -33.366  -33.456  55.160 0.3333329856
126294  -34.231  -33.376  56.064 0.3333329856
51333  -35.126  -33.413  58.148 0.8888890147
50224  -32.536  -34.210  54.261 0.2222220004
51410  -33.183  -33.890  54.210 0.2222220004
51387  -34.050  -33.389  55.316 0.3333329856
51372  -35.573  -33.347  56.477 0.3333329856
51371  -34.761  -33.375  56.628 0.5555559993
135492  -35.933  -33.303  55.668 0.2222220004
47985  -28.435  -35.725  57.589 1.0000000000
49078  -28.733  -34.618  56.992 1.0000000000
49091  -29.816  -34.879  56.018 0.8888890147
121469  -30.165  -35.510  55.888 0.7777780294
51369  -32.608  -33.405  56.339 0.7777780294
50211  -30.780  -34.272  55.410 0.6666669846
50212  -31.337  -33.974  55.058 0.6666669846
49104  -31.372  -34.519  54.835 0.6666669846
51399  -31.798  -33.724  55.102 0.5555559993
51386  -32.621  -33.507  55.345 0.5555559993
51332  -34.292  -33.435  58.376 0.8888890147
50223  -31.868  -34.048  54.648 0.4444440007
121542  -35.744  -33.452  58.771 0.8888890147
122155  -32.042  -34.738  54.391 0.3333329856
51400  -32.461  -33.792  54.656 0.3333329856
51354  -35.326  -33.374  57.292 0.7777780294
51355  -35.952  -33.380  57.904 0.6666669846
52422  -36.021  -33.333  57.129 0.3333329856
52436  -36.445  -33.262  56.497 0.3333329856
134032  -37.326  -33.059  56.665 0.2222220004
49064  -28.172  -34.852  57.477 1.0000000000
51365  -28.993  -33.841  57.263 1.0000000000
50194  -29.112  -34.189  56.826 1.0000000000
50195  -29.707  -34.286  56.314 1.0000000000
50210  -30.184  -34.412  55.846 0.8888890147
51368  -31.869  -33.445  56.722 0.8888890147
51385  -31.067  -33.770  55.635 0.7777780294
51351  -32.652  -33.402  57.381 0.8888890147
51331  -33.517  -33.496  58.610 1.0000000000
51313  -34.917  -33.519  59.024 0.8888890147
51314  -36.277  -33.569  59.435 0.8888890147
51334  -36.673  -33.414  58.572 0.7777780294
51315  -37.180  -33.539  59.409 0.7777780294
51295  -38.327  -33.775  60.729 0.8888890147
51335  -37.450  -33.290  58.253 0.4444440007
118932  -37.850  -33.385  58.954 0.6666669846
139607  -38.065  -33.553  59.791 0.7777780294
135227  -38.821  -33.600  60.121 0.7777780294
52424  -37.773  -33.032  57.497 0.2222220004
51316  -39.541  -33.523  59.983 0.6666669846
51296  -39.296  -33.715  60.776 0.7777780294
52410  -38.315  -33.150  58.288 0.3333329856
50180  -28.544  -34.226  57.357 1.0000000000
51349  -29.425  -33.636  57.463 1.0000000000
51350  -30.307  -33.534  57.331 1.0000000000
51366  -29.706  -33.820  56.728 1.0000000000
135156  -31.123  -33.499  57.777 1.0000000000
51367  -30.564  -33.683  56.398 1.0000000000
120484  -31.804  -33.461  57.610 1.0000000000
51330  -32.399  -33.506  58.287 1.0000000000
125161  -31.125  -33.487  56.975 0.8888890147
121970  -32.899  -33.555  58.746 1.0000000000
133472  -31.251  -33.550  56.262 0.8888890147
135429  -33.017  -33.462  58.154 0.8888890147
51293  -35.863  -33.791  60.297 1.0000000000
136071  -35.512  -33.613  59.511 0.8888890147
132970  -36.688  -33.701  60.044 0.8888890147
50153  -37.495  -34.001  61.102 1.0000000000
51294  -37.410  -33.721  60.307 0.8888890147
51266  -38.921  -33.990  61.429 1.0000000000
50138  -39.326  -34.233  62.160 1.0000000000
51336  -38.802  -33.371  59.228 0.5555559993
51267  -39.814  -33.872  61.496 0.8888890147
50139  -40.272  -34.071  62.277 1.0000000000
52411  -39.271  -33.010  58.395 0.4444440007
127673  -40.285  -33.377  59.820 0.6666669846
51297  -40.239  -33.598  60.702 0.6666669846
52425  -38.765  -32.788  57.414 0.2222220004
128502  -40.735  -33.729  61.600 0.8888890147
52426  -39.852  -32.698  57.659 0.2222220004
52412  -40.199  -32.899  58.562 0.2222220004
120789  -30.712  -33.518  58.494 1.0000000000
51329  -31.649  -33.540  58.487 1.0000000000
51310  -32.338  -33.661  59.232 1.0000000000
51311  -33.215  -33.665  59.355 1.0000000000
51292  -34.758  -33.784  60.020 1.0000000000
51312  -34.063  -33.585  59.265 1.0000000000
50151  -35.112  -34.055  61.035 1.0000000000
136379  -36.704  -33.913  60.767 1.0000000000
50137  -38.440  -34.323  62.041 1.0000000000
50123  -40.732  -34.219  63.197 1.0000000000
51337  -39.743  -33.226  59.189 0.3333329856
51246  -41.167  -33.817  62.394 1.0000000000
51338  -40.425  -33.101  59.227 0.3333329856
119362  -41.171  -33.504  60.912 0.5555559993
51268  -41.662  -33.540  61.722 0.8888890147
51247  -41.851  -33.668  62.608 1.0000000000
51317  -40.939  -33.156  59.635 0.4444440007
51318  -41.478  -33.224  60.186 0.4444440007
51298  -41.956  -33.272  60.843 0.5555559993
120727  -42.363  -33.453  62.175 0.6666669846
123020  -40.994  -32.863  58.906 0.2222220004
51319  -42.294  -32.900  60.082 0.4444440007
141008  -42.830  -33.025  61.147 0.5555559993
138721  -42.926  -32.737  60.301 0.2222220004
52384  -43.235  -32.799  60.867 0.3333329856
52401  -42.974  -32.559  59.558 0.2222220004
51309  -31.436  -33.673  59.387 1.0000000000
51290  -32.797  -33.896  60.095 1.0000000000
51291  -33.693  -33.834  60.106 1.0000000000
50152  -35.996  -34.170  61.215 1.0000000000
50136  -37.571  -34.342  61.850 1.0000000000
50120  -37.799  -34.556  62.763 1.0000000000
50121  -38.763  -34.517  62.922 0.8888890147
50122  -39.713  -34.417  63.066 1.0000000000
50107  -39.994  -34.598  64.112 1.0000000000
142599  -41.305  -34.142  63.538 1.0000000000
50109  -41.794  -33.968  63.841 1.0000000000
51228  -42.385  -33.663  63.788 1.0000000000
51270  -43.032  -33.104  61.722 0.6666669846
51249  -42.999  -33.383  62.685 0.6666669846
125068  -42.882  -33.498  63.404 1.0000000000
51229  -43.066  -33.387  64.086 1.0000000000
52342  -43.756  -32.954  62.423 0.6666669846
119568  -43.616  -33.126  63.419 1.0000000000
52402  -43.479  -32.542  60.103 0.2222220004
52385  -43.987  -32.537  60.624 0.2222220004
120564  -43.843  -32.752  61.480 0.4444440007
52360  -44.575  -32.569  62.131 0.5555559993
52327  -44.054  -32.569  63.643 0.7777780294
121907  -44.643  -32.465  61.251 0.3333329856
52343  -44.414  -32.574  63.010 0.6666669846
52386  -44.715  -32.272  60.434 0.2222220004
50150  -34.162  -34.067  60.934 1.0000000000
50135  -36.772  -34.270  61.530 1.0000000000
50106  -38.152  -34.835  63.782 0.8888890147
127897  -39.113  -34.729  63.939 0.8888890147
50108  -40.983  -34.404  64.265 1.0000000000
50090  -41.642  -34.187  64.867 1.0000000000
139309  -42.124  -33.793  64.475 1.0000000000
51185  -43.020  -33.023  64.847 1.0000000000
51230  -43.554  -33.056  64.080 1.0000000000
51186  -43.338  -32.893  64.515 1.0000000000
52328  -44.919  -32.102  63.265 0.6666669846
52361  -45.227  -32.273  61.870 0.5555559993
52344  -45.356  -32.097  62.626 0.6666669846
52329  -45.717  -31.437  62.681 0.5555559993
50088  -40.164  -34.792  65.223 1.0000000000
50089  -40.974  -34.487  65.263 0.8888890147
50072  -42.201  -33.927  65.141 0.8888890147
51184  -42.343  -33.202  65.083 1.0000000000
133366  -42.898  -32.709  64.803 0.8888890147
52326  -43.016  -32.395  64.220 0.8888890147
52310  -43.282  -32.696  64.458 1.0000000000
52312  -44.284  -32.149  63.638 1.0000000000
53370  -45.045  -31.607  63.157 0.7777780294
53371  -46.483  -31.030  62.629 0.5555559993
54390  -45.735  -31.043  62.747 0.6666669846
53380  -46.443  -31.198  62.550 0.5555559993
53361  -43.677  -32.297  63.922 1.0000000000
53368  -43.603  -31.900  63.700 1.0000000000
53379  -45.050  -31.223  63.064 0.8888890147
54397  -46.414  -30.778  62.634 0.7777780294
54396  -45.765  -30.812  62.711 0.8888890147
55413  -46.866  -30.455  62.419 0.7777780294
53391  -43.849  -31.215  62.346 1.0000000000
53378  -43.784  -31.501  63.113 1.0000000000
54408  -44.539  -30.815  62.119 0.8888890147
54410  -46.335  -30.449  62.378 0.7777780294
54409  -45.693  -30.453  62.272 1.0000000000
134265  -46.688  -29.618  61.356 0.7777780294
54421  -44.641  -30.432  61.191 0.7777780294
55423  -46.199  -30.062  61.852 0.7777780294
55440  -45.957  -29.724  61.049 0.8888890147
140444  -46.420  -29.449  60.611 0.8888890147
55439  -45.242  -29.934  60.581 0.7777780294
55451  -45.153  -29.650  59.604 0.6666669846
124053  -45.841  -29.510  60.135 0.7777780294
55453  -46.511  -29.167  59.843 0.8888890147
55466  -46.503  -28.790  58.765 0.6666669846
56636  -46.903  -28.366  57.930 0.4444440007
57687  -47.335  -27.778  56.668 0.2222220004
119684  -48.064  -27.619  56.286 0.3333329856
57720  -48.224  -27.512  54.689 0.3333329856
140015  -48.794  -27.490  54.876 0.3333329856
55465  -44.527  -29.763  58.966 0.6666669846
125261  -45.163  -29.397  58.829 0.6666669846
56621  -45.595  -29.022  58.329 0.5555559993
55452  -45.813  -29.274  59.226 0.6666669846
56635  -46.088  -28.544  57.711 0.5555559993
56649  -46.591  -28.050  57.020 0.4444440007
120307  -46.763  -27.713  56.316 0.3333329856
57703  -47.294  -27.551  55.774 0.3333329856
57719  -47.517  -27.512  54.901 0.3333329856
57737  -48.763  -27.573  54.145 0.3333329856
119105  -43.913  -29.790  58.361 0.6666669846
55479  -44.688  -29.300  58.091 0.6666669846
56634  -45.222  -28.746  57.482 0.5555559993
56648  -45.660  -28.240  56.866 0.5555559993
57686  -46.077  -27.818  56.281 0.5555559993
57702  -46.516  -27.618  55.807 0.4444440007
57718  -46.587  -27.597  55.095 0.4444440007
57736  -47.772  -27.680  54.105 0.4444440007
57735  -46.929  -27.727  54.368 0.4444440007
124204  -44.477  -28.935  57.258 0.6666669846
119313  -44.785  -28.443  56.725 0.5555559993
57685  -45.143  -27.881  56.081 0.5555559993
57701  -45.847  -27.697  55.558 0.5555559993
57717  -45.753  -27.765  54.842 0.4444440007
56675  -46.278  -27.812  54.490 0.5555559993
56687  -47.102  -27.971  53.781 0.4444440007
139405  -48.293  -27.847  53.525 0.4444440007
56689  -49.074  -27.860  53.184 0.4444440007
127364  -46.347  -28.115  53.870 0.4444440007
121214  -46.856  -28.393  53.215 0.4444440007
121633  -48.918  -28.359  52.291 0.3333329856
120765  -49.623  -28.362  51.749 0.3333329856
56732  -51.220  -28.805  49.429 0.2222220004
56773  -52.488  -28.220  46.886 0.2222220004
58824  -52.929  -26.922  46.072 0.2222220004
58825  -53.610  -26.591  45.892 0.2222220004
55580  -47.267  -29.173  51.844 0.3333329856
56711  -48.117  -28.773  52.016 0.3333329856
56702  -48.245  -28.238  52.826 0.2222220004
55581  -48.842  -28.838  51.434 0.3333329856
135680  -50.149  -28.776  50.386 0.2222220004
56721  -49.581  -28.781  50.890 0.2222220004
56722  -50.851  -28.595  50.239 0.2222220004
55591  -50.282  -29.083  49.554 0.2222220004
55620  -51.079  -29.001  47.999 0.2222220004
56758  -51.865  -28.689  47.589 0.2222220004
56772  -51.467  -28.319  46.739 0.2222220004
57824  -52.073  -27.544  46.280 0.2222220004
58830  -52.856  -26.001  45.677 0.2222220004
129219  -47.450  -28.596  52.614 0.3333329856
55589  -48.824  -29.276  50.556 0.2222220004
56757  -50.846  -28.779  47.288 0.2222220004
58831  -53.500  -25.785  45.596 0.2222220004
120709  -47.000  -29.721  51.092 0.2222220004
120141  -47.959  -29.339  51.078 0.2222220004
54552  -47.448  -29.826  50.322 0.2222220004
118917  -48.159  -29.601  50.198 0.2222220004
55601  -48.738  -29.528  49.563 0.2222220004
55590  -49.530  -29.194  50.056 0.2222220004
55602  -49.501  -29.368  49.298 0.2222220004
55618  -49.875  -29.295  48.648 0.2222220004
55632  -50.305  -29.120  47.912 0.2222220004
56756  -49.889  -28.810  47.159 0.2222220004
57823  -50.989  -27.754  46.210 0.3333329856
57834  -51.355  -27.084  45.855 0.2222220004
58829  -52.088  -26.614  45.801 0.2222220004
55617  -49.020  -29.463  48.630 0.3333329856
55631  -49.373  -29.224  47.818 0.3333329856
56771  -50.472  -28.365  46.636 0.2222220004
59786  -52.368  -25.135  45.572 0.2222220004
135505  -51.996  -25.839  45.634 0.2222220004
59787  -53.118  -25.135  45.549 0.2222220004
60739  -53.320  -24.394  45.525 0.2222220004
132855  -54.102  -22.800  43.924 0.2222220004
63671  -52.623  -22.327  43.985 0.2222220004
129165  -48.284  -29.641  48.746 0.2222220004
56754  -47.859  -28.949  47.142 0.2222220004
140197  -48.177  -28.461  46.683 0.2222220004
56755  -48.843  -28.831  47.014 0.3333329856
56770  -49.564  -28.354  46.536 0.3333329856
57821  -48.813  -27.316  46.035 0.2222220004
140393  -49.358  -27.809  46.121 0.3333329856
57822  -50.082  -27.822  46.122 0.3333329856
58828  -50.029  -26.341  45.636 0.3333329856
139099  -50.517  -27.096  45.776 0.3333329856
124179  -51.110  -26.245  45.624 0.3333329856
60737  -51.860  -24.298  45.721 0.3333329856
60738  -52.692  -24.405  45.623 0.2222220004
61725  -52.385  -23.942  45.753 0.3333329856
61722  -53.529  -23.726  45.516 0.2222220004
61721  -53.104  -23.115  45.715 0.2222220004
61726  -52.815  -23.683  45.718 0.3333329856
61723  -54.125  -23.708  45.220 0.2222220004
138456  -53.835  -22.727  45.148 0.2222220004
62746  -54.047  -22.645  44.591 0.2222220004
136880  -53.496  -22.443  44.101 0.2222220004
62745  -51.763  -22.233  44.105 0.2222220004
62744  -50.858  -22.199  44.326 0.2222220004
62743  -49.895  -22.076  44.474 0.2222220004
63656  -47.513  -20.982  44.295 0.2222220004
57832  -49.137  -26.450  45.829 0.3333329856
130446  -50.438  -25.433  45.638 0.3333329856
59785  -51.436  -25.223  45.601 0.3333329856
60736  -50.822  -24.491  45.827 0.3333329856
61720  -52.035  -23.523  45.940 0.3333329856
127851  -52.345  -22.975  46.023 0.3333329856
63637  -52.859  -22.246  45.495 0.3333329856
62729  -52.624  -22.543  45.819 0.3333329856
63660  -52.164  -21.883  44.614 0.2222220004
63636  -52.210  -22.014  45.733 0.3333329856
63659  -51.296  -21.761  44.725 0.2222220004
63646  -51.768  -21.714  45.287 0.3333329856
63658  -50.313  -21.694  44.843 0.2222220004
120155  -49.165  -21.506  44.826 0.2222220004
64606  -46.101  -20.421  44.368 0.2222220004
60732  -51.171  -23.642  46.169 0.3333329856
62728  -51.737  -22.336  46.221 0.3333329856
63644  -49.917  -21.422  45.377 0.2222220004
64608  -47.739  -20.829  44.547 0.2222220004
127054  -47.049  -20.601  44.458 0.2222220004
64607  -46.497  -20.426  44.438 0.2222220004
60735  -49.859  -24.738  46.040 0.3333329856
138204  -51.021  -22.518  46.613 0.3333329856
62717  -47.678  -22.468  47.535 0.2222220004
142296  -47.885  -21.970  47.181 0.2222220004
62721  -50.909  -22.019  46.539 0.3333329856
63631  -48.004  -21.540  46.687 0.2222220004
63634  -50.529  -21.604  46.105 0.2222220004
64601  -48.063  -20.731  44.949 0.2222220004
63643  -48.891  -21.173  45.344 0.2222220004
142344  -47.721  -20.570  45.227 0.2222220004
60730  -49.289  -24.158  46.611 0.2222220004
61718  -49.501  -23.318  47.000 0.2222220004
60731  -50.187  -23.849  46.398 0.3333329856
61719  -50.529  -23.024  46.703 0.3333329856
62720  -50.359  -22.445  46.832 0.3333329856
63625  -48.486  -22.101  47.195 0.3333329856
63632  -48.768  -21.492  46.388 0.2222220004
63633  -49.641  -21.524  46.197 0.2222220004
63627  -50.129  -21.962  46.729 0.2222220004
64594  -48.057  -20.951  45.748 0.2222220004
62719  -49.675  -22.427  47.077 0.3333329856
63626  -49.338  -21.989  46.921 0.2222220004
31409  -31.222  -53.871  72.556 0.6666669846
57738  -49.722  -27.536  53.916 0.3333329856
57721  -49.468  -27.503  54.711 0.3333329856
56688  -47.618  -28.096  53.345 0.5555559993
35303  -19.664  -48.363  81.647 0.4444440007
38517  -20.710  -45.957  81.506 0.5555559993
35307  -20.348  -48.149  80.875 0.4444440007
36392  -21.369  -46.670  81.265 0.5555559993
37472  -22.891  -46.004  81.406 0.4444440007
39586  -22.545  -45.653  81.641 0.4444440007
36406  -20.372  -48.040  79.442 0.5555559993
36415  -20.226  -47.808  78.775 0.4444440007
34261  -18.354  -49.735  78.455 0.3333329856
131536  -17.337  -51.421  78.372 0.3333329856
39597  -22.365  -45.182  81.525 0.4444440007
39611  -21.578  -45.013  81.163 0.3333329856
126191  -23.294  -44.802  81.430 0.2222220004
35402  -34.828  -48.612  71.203 0.8888890147
40649  -23.745  -44.803  81.423 0.3333329856
40641  -23.788  -44.976  81.562 0.4444440007
135730  -30.041  -54.670  72.605 0.7777780294
30513  -31.556  -54.275  72.051 0.7777780294
30500  -31.734  -53.976  72.098 0.7777780294
31435  -32.429  -53.808  71.471 0.6666669846
132877  -30.980  -54.729  71.802 0.6666669846
119415  -32.983  -50.307  72.113 0.6666669846
35400  -33.565  -49.554  71.924 0.6666669846
39717  -35.458  -44.949  72.051 0.8888890147
37576  -35.055  -46.383  71.597 0.8888890147
37577  -35.340  -46.206  71.310 0.8888890147
37599  -35.291  -46.438  70.774 0.7777780294
36492  -34.432  -48.183  71.524 0.8888890147
36493  -34.854  -47.847  71.176 0.8888890147
36518  -34.873  -48.082  70.694 0.5555559993
41512  -23.872  -44.546  81.019 0.3333329856
135708  -24.290  -45.074  81.304 0.5555559993
39612  -24.363  -44.969  81.281 0.5555559993
37484  -24.007  -45.980  80.035 0.6666669846
28650  -28.778  -54.342  73.700 0.6666669846
27724  -28.683  -55.230  72.649 0.3333329856
28685  -30.129  -55.206  71.969 0.5555559993
131965  -31.818  -52.889  72.089 0.7777780294
28692  -29.854  -55.327  71.628 0.3333329856
139167  -28.822  -55.365  71.498 0.3333329856
27756  -27.868  -55.240  70.918 0.3333329856
120214  -34.083  -47.594  71.958 0.6666669846
124409  -34.554  -46.570  71.885 0.7777780294
38614  -21.945  -46.513  76.692 0.2222220004
39735  -35.871  -45.101  70.682 0.7777780294
38701  -35.566  -45.712  70.430 0.6666669846
37587  -32.357  -46.759  71.972 0.6666669846
38671  -32.989  -46.025  72.090 0.6666669846
38729  -35.261  -45.793  69.213 0.6666669846
37627  -34.997  -46.074  69.065 0.5555559993
134670  -25.186  -45.030  80.428 0.4444440007
38534  -25.142  -45.303  80.256 0.5555559993
39614  -25.745  -45.217  79.741 0.6666669846
140430  -25.216  -46.347  78.984 0.5555559993
142605  -24.821  -46.498  78.732 0.5555559993
29569  -29.013  -54.100  73.998 0.6666669846
37506  -24.453  -46.422  78.737 0.4444440007
130633  -28.132  -54.583  73.694 0.4444440007
28671  -28.149  -54.988  73.164 0.3333329856
38586  -24.223  -46.664  77.924 0.3333329856
29590  -25.922  -54.325  73.606 0.3333329856
27727  -26.732  -55.399  71.817 0.3333329856
27740  -27.627  -55.421  71.410 0.3333329856
29612  -24.834  -54.810  71.503 0.3333329856
28689  -26.281  -55.374  71.370 0.3333329856
35414  -31.306  -49.969  72.201 0.3333329856
38673  -34.475  -45.880  72.221 0.8888890147
124850  -24.724  -54.894  70.832 0.3333329856
36489  -31.736  -48.393  72.114 0.5555559993
38626  -20.998  -46.588  74.775 0.1111110002
37486  -25.967  -46.304  79.168 0.6666669846
36412  -26.959  -48.200  78.134 0.6666669846
132025  -25.615  -46.493  78.917 0.5555559993
36410  -26.018  -48.012  77.903 0.6666669846
29555  -27.161  -53.424  75.420 0.4444440007
28635  -27.548  -54.235  74.321 0.5555559993
119717  -25.002  -46.869  78.147 0.5555559993
36437  -25.189  -48.104  76.909 0.4444440007
124202  -26.452  -53.668  75.083 0.4444440007
29574  -26.117  -53.896  74.562 0.4444440007
29573  -25.499  -53.815  74.137 0.3333329856
29588  -24.531  -53.850  72.874 0.3333329856
33311  -31.262  -51.600  72.242 0.6666669846
30511  -23.865  -53.661  72.242 0.3333329856
42489  -35.508  -42.994  69.221 1.0000000000
31420  -23.408  -53.310  71.815 0.3333329856
38687  -32.299  -45.955  71.684 0.6666669846
127518  -33.159  -44.781  72.283 0.6666669846
31433  -22.960  -52.877  70.774 0.3333329856
38551  -26.732  -46.308  78.840 0.6666669846
35319  -26.019  -49.083  77.675 0.6666669846
130562  -27.102  -52.634  76.219 0.6666669846
121983  -25.518  -49.029  77.212 0.4444440007
31377  -26.282  -52.646  76.176 0.4444440007
30468  -25.932  -52.785  75.940 0.4444440007
142081  -26.301  -53.291  75.532 0.4444440007
121855  -25.705  -49.763  77.261 0.4444440007
141406  -25.645  -52.791  75.678 0.4444440007
35357  -25.135  -49.420  76.315 0.3333329856
129121  -24.756  -48.967  75.897 0.2222220004
36461  -24.414  -48.364  75.388 0.2222220004
124565  -23.160  -52.202  72.568 0.3333329856
37550  -23.471  -47.036  74.853 0.2222220004
42521  -36.147  -42.902  66.549 0.7777780294
35320  -26.833  -49.303  77.768 0.6666669846
34264  -26.310  -50.527  77.343 0.5555559993
126300  -25.983  -50.491  77.316 0.4444440007
35314  -26.265  -49.214  77.668 0.6666669846
34251  -26.550  -49.914  77.546 0.6666669846
35331  -25.938  -49.822  77.476 0.4444440007
34265  -26.720  -50.542  77.316 0.6666669846
33261  -26.162  -51.117  77.080 0.4444440007
33259  -25.654  -50.978  76.781 0.4444440007
33272  -25.826  -51.467  76.745 0.4444440007
32299  -26.018  -51.630  76.784 0.4444440007
31375  -25.784  -52.392  76.228 0.4444440007
32301  -26.742  -51.844  76.744 0.6666669846
32309  -26.461  -52.289  76.490 0.4444440007
34285  -24.919  -50.693  75.692 0.4444440007
31385  -25.433  -52.441  75.757 0.4444440007
32330  -24.159  -51.303  74.096 0.3333329856
33300  -23.105  -51.126  72.827 0.3333329856
33287  -24.684  -51.096  75.112 0.3333329856
33286  -24.278  -50.869  74.349 0.3333329856
33299  -22.573  -50.793  72.459 0.2222220004
35395  -21.753  -49.655  72.110 0.2222220004
42559  -35.106  -42.554  65.180 0.6666669846
42577  -35.646  -42.300  64.418 0.7777780294
43477  -35.564  -41.473  62.765 0.5555559993
43479  -37.215  -41.617  62.833 0.1111110002
43475  -32.591  -41.434  62.805 1.0000000000
43489  -33.478  -41.296  62.228 0.8888890147
45200  -35.916  -39.978  60.263 0.2222220004
43473  -30.827  -41.368  63.306 1.0000000000
44305  -32.264  -41.083  62.132 1.0000000000
44327  -30.859  -40.292  61.028 1.0000000000
133882  -31.861  -39.800  59.826 0.8888890147
45206  -29.754  -39.376  60.362 1.0000000000
45207  -30.338  -39.359  59.877 1.0000000000
46133  -31.344  -39.067  58.881 0.8888890147
46131  -29.825  -38.706  59.403 1.0000000000
47073  -30.477  -37.979  58.152 1.0000000000
46155  -32.957  -38.546  57.761 0.5555559993
47997  -31.065  -36.622  55.963 0.6666669846
137870  -30.932  -34.973  55.135 0.6666669846
50237  -33.052  -34.359  53.919 0.2222220004
129392  -31.835  -33.541  55.844 0.5555559993
52423  -36.809  -33.278  57.495 0.3333329856
51384  -30.297  -33.972  56.005 1.0000000000
140592  -37.290  -33.410  58.791 0.5555559993
50154  -38.163  -34.099  61.409 1.0000000000
135101  -40.823  -33.400  60.251 0.5555559993
50124  -41.537  -33.892  63.089 1.0000000000
51248  -42.365  -33.631  62.985 1.0000000000
51227  -42.011  -33.743  63.219 1.0000000000
52399  -41.653  -32.900  59.463 0.4444440007
51269  -42.409  -33.262  61.379 0.4444440007
51299  -42.622  -32.982  60.769 0.3333329856
132951  -43.610  -32.369  59.449 0.2222220004
51209  -42.557  -33.462  64.640 1.0000000000
51210  -43.094  -33.121  64.702 1.0000000000
136052  -36.741  -34.563  62.522 0.8888890147
52295  -42.482  -32.924  65.065 0.8888890147
52311  -43.604  -32.618  64.023 1.0000000000
53415  -45.468  -32.064  61.186 0.3333329856
50071  -41.356  -34.214  65.795 0.8888890147
50051  -41.581  -33.692  65.613 0.8888890147
53369  -44.384  -31.734  63.527 1.0000000000
54398  -47.015  -30.684  62.446 0.5555559993
123287  -44.348  -31.495  63.300 1.0000000000
53392  -44.510  -31.189  62.809 0.8888890147
54395  -45.136  -30.805  62.600 0.8888890147
130096  -45.110  -30.515  61.991 0.8888890147
55424  -46.968  -29.935  61.944 0.7777780294
54422  -45.482  -30.167  61.529 0.7777780294
54407  -43.869  -30.893  61.482 0.8888890147
54438  -44.372  -30.201  59.960 0.7777780294
130620  -43.865  -30.621  60.638 0.7777780294
124324  -47.273  -28.499  58.701 0.4444440007
57672  -47.312  -28.073  57.383 0.2222220004
119521  -48.058  -27.904  57.257 0.3333329856
57716  -45.052  -27.784  55.241 0.5555559993
135325  -45.779  -28.005  54.288 0.4444440007
56703  -49.587  -28.012  52.506 0.3333329856
56686  -45.497  -28.351  53.787 0.4444440007
55619  -50.738  -29.115  48.697 0.2222220004
56743  -51.606  -28.871  48.576 0.2222220004
62759  -53.109  -22.903  43.371 0.2222220004
55630  -48.315  -29.364  47.855 0.2222220004
56769  -48.773  -28.151  46.383 0.2222220004
57833  -49.627  -27.160  45.808 0.3333329856
62731  -53.759  -23.156  45.406 0.2222220004
63648  -53.366  -22.287  45.001 0.2222220004
62730  -53.303  -22.666  45.485 0.2222220004
63661  -52.873  -22.094  44.582 0.2222220004
63657  -48.267  -21.223  44.491 0.2222220004
63647  -52.594  -21.920  45.170 0.3333329856
63635  -51.382  -21.770  45.965 0.3333329856
63645  -50.885  -21.530  45.364 0.2222220004
130338  -48.399  -21.052  44.730 0.2222220004
123610  -51.508  -22.942  46.372 0.3333329856
64600  -47.312  -20.474  44.826 0.2222220004
37625  -34.376  -46.744  68.806 0.1111110002
39784  -36.038  -44.752  68.157 0.3333329856
41664  -36.282  -44.226  68.465 0.5555559993
141338  -34.964  -45.627  67.971 0.1111110002
38742  -35.433  -45.096  67.657 0.2222220004
40826  -36.304  -44.163  67.605 0.5555559993
141519  -33.747  -47.098  68.418 0.1111110002
37640  -33.867  -46.707  68.192 0.1111110002
139535  -34.507  -47.671  70.038 0.4444440007
36529  -34.505  -48.297  69.916 0.4444440007
37612  -34.604  -46.907  69.662 0.4444440007
36538  -33.987  -48.253  69.382 0.2222220004
36539  -34.331  -47.365  69.430 0.1111110002
36536  -32.797  -48.896  68.270 0.1111110002
37624  -33.911  -47.387  68.831 0.1111110002
36550  -32.067  -48.574  67.805 0.1111110002
139484  -33.398  -47.589  68.291 0.1111110002
37639  -33.542  -46.922  68.048 0.1111110002
38740  -34.600  -45.879  67.949 0.1111110002
35461  -31.548  -49.377  67.757 0.1111110002
38738  -33.137  -46.640  67.499 0.1111110002
36547  -29.874  -49.058  66.895 0.1111110002
35460  -30.598  -49.424  67.290 0.1111110002
37637  -31.695  -47.919  67.226 0.1111110002
35447  -33.566  -49.777  69.149 0.2222220004
34355  -32.897  -50.403  68.895 0.2222220004
131555  -32.788  -49.615  68.560 0.2222220004
35445  -32.098  -50.136  68.224 0.2222220004
35446  -32.265  -49.329  68.111 0.1111110002
126537  -30.276  -50.341  67.513 0.1111110002
34368  -28.517  -50.625  67.189 0.1111110002
34369  -29.350  -50.628  67.381 0.1111110002
35459  -29.700  -49.776  67.079 0.1111110002
34223  -18.435  -49.101  81.901 0.3333329856
34328  -34.260  -49.932  71.130 0.7777780294
34338  -34.127  -50.343  70.581 0.6666669846
119748  -34.473  -49.894  70.101 0.4444440007
33367  -33.026  -51.274  69.206 0.2222220004
122311  -32.360  -50.877  68.685 0.2222220004
135442  -31.507  -51.932  68.568 0.2222220004
140253  -34.224  -41.993  71.692 0.5555559993
43373  -33.685  -41.688  70.599 0.5555559993
43386  -33.671  -41.976  69.596 0.7777780294
43398  -32.553  -41.804  68.556 0.5555559993
33365  -30.824  -51.604  68.087 0.1111110002
44174  -33.059  -41.049  71.896 0.3333329856
44183  -33.256  -41.343  71.101 0.5555559993
43372  -33.071  -41.422  70.289 0.5555559993
43385  -32.829  -41.594  69.373 0.5555559993
33379  -27.775  -51.894  67.566 0.1111110002
143248  -29.335  -51.262  67.627 0.1111110002
124228  -28.654  -51.374  67.536 0.1111110002
37452  -18.023  -48.157  82.046 0.2222220004
35292  -18.138  -49.035  82.093 0.3333329856
118825  -17.376  -47.930  81.230 0.1111110002
38514  -18.121  -47.426  81.023 0.1111110002
32376  -33.330  -52.148  70.781 0.3333329856
33325  -33.587  -50.913  71.030 0.7777780294
32392  -33.112  -52.522  70.011 0.2222220004
32391  -32.548  -52.701  69.595 0.2222220004
33335  -33.585  -51.687  70.061 0.2222220004
43442  -31.469  -41.972  64.601 0.8888890147
31465  -30.933  -53.156  68.858 0.2222220004
32403  -32.120  -52.388  69.065 0.2222220004
139712  -34.575  -44.212  72.597 0.5555559993
43429  -31.276  -42.049  65.603 0.6666669846
32400  -30.130  -52.917  68.525 0.2222220004
42453  -33.650  -42.340  72.556 0.4444440007
41604  -34.343  -43.191  72.539 0.4444440007
137718  -31.875  -42.197  66.938 0.5555559993
32410  -29.373  -52.668  68.173 0.2222220004
32401  -30.827  -52.395  68.453 0.2222220004
42444  -32.904  -41.547  72.718 0.3333329856
43346  -33.487  -41.758  72.472 0.4444440007
44196  -32.353  -41.009  70.001 0.3333329856
43384  -32.065  -41.249  69.079 0.4444440007
43406  -30.746  -41.322  67.007 0.5555559993
126042  -30.328  -40.759  67.316 0.5555559993
32408  -27.426  -52.567  67.905 0.1111110002
43336  -32.307  -41.004  73.234 0.2222220004
44167  -32.969  -41.109  72.499 0.2222220004
125489  -32.556  -40.655  72.395 0.2222220004
44173  -32.330  -40.486  71.983 0.3333329856
119155  -31.839  -40.455  70.589 0.3333329856
44210  -31.435  -40.942  68.715 0.3333329856
44224  -30.938  -40.999  67.944 0.3333329856
32407  -26.503  -52.760  67.525 0.1111110002
44160  -32.571  -40.936  72.951 0.2222220004
45055  -31.998  -40.132  72.605 0.2222220004
45070  -31.459  -39.854  71.150 0.1111110002
44195  -31.518  -40.617  69.536 0.1111110002
45097  -30.268  -39.907  68.965 0.1111110002
34224  -19.106  -48.708  81.797 0.3333329856
139947  -19.268  -48.923  81.407 0.3333329856
36372  -18.574  -48.322  82.159 0.2222220004
35293  -19.024  -48.544  82.039 0.3333329856
34231  -19.051  -49.481  80.896 0.3333329856
36371  -18.067  -48.355  82.116 0.2222220004
37459  -18.086  -47.950  81.887 0.2222220004
37468  -18.035  -47.659  81.426 0.2222220004
38529  -18.313  -47.220  80.880 0.1111110002
38546  -18.353  -47.010  80.535 0.1111110002
32365  -33.216  -51.872  71.167 0.5555559993
31456  -32.642  -53.216  70.082 0.2222220004
136038  -31.838  -53.276  69.392 0.2222220004
43455  -30.704  -41.544  64.154 0.8888890147
31462  -28.878  -54.001  69.077 0.1111110002
31464  -30.263  -53.639  68.952 0.2222220004
41603  -33.810  -43.720  72.626 0.4444440007
44304  -30.450  -40.898  62.624 0.8888890147
30557  -28.185  -54.230  69.307 0.1111110002
122061  -29.743  -54.019  69.181 0.2222220004
42452  -33.016  -42.360  72.587 0.3333329856
44256  -29.971  -41.113  65.665 0.5555559993
30573  -27.929  -53.866  68.866 0.1111110002
31463  -29.373  -53.454  68.674 0.2222220004
42443  -32.336  -41.515  72.858 0.1111110002
43417  -30.622  -41.510  66.098 0.5555559993
30571  -26.115  -53.849  67.881 0.1111110002
127206  -27.642  -53.517  68.542 0.1111110002
44223  -30.113  -40.294  68.015 0.1111110002
44240  -29.710  -40.369  67.066 0.2222220004
30592  -25.405  -54.053  67.174 0.1111110002
45062  -31.660  -39.865  71.996 0.1111110002
45069  -30.797  -39.441  70.734 0.1111110002
45123  -29.150  -39.856  66.760 0.1111110002
44159  -32.199  -40.515  73.351 0.1111110002
45039  -31.348  -39.663  73.468 0.1111110002
142947  -31.336  -39.458  72.157 0.1111110002
45061  -31.065  -39.300  71.674 0.1111110002
45079  -29.775  -39.299  69.374 0.1111110002
45096  -29.578  -39.533  68.432 0.1111110002
45046  -31.488  -39.654  73.040 0.1111110002
45053  -31.022  -39.191  72.426 0.1111110002
33428  -23.044  -52.818  64.147 0.1111110002
37454  -19.016  -47.846  82.223 0.2222220004
36379  -19.276  -47.991  82.171 0.3333329856
35294  -19.514  -48.152  81.985 0.3333329856
130941  -18.578  -47.840  82.113 0.2222220004
36380  -19.808  -47.619  81.901 0.3333329856
38515  -18.828  -47.041  81.287 0.1111110002
130926  -18.943  -46.771  81.014 0.1111110002
141771  -18.491  -47.328  81.325 0.1111110002
119038  -18.348  -46.603  79.715 0.1111110002
35328  -18.948  -48.947  78.362 0.3333329856
35344  -19.497  -48.277  78.207 0.3333329856
31436  -32.534  -53.184  71.358 0.4444440007
139802  -32.793  -52.476  71.331 0.6666669846
133215  -32.859  -53.539  70.927 0.3333329856
36448  -19.945  -47.592  77.468 0.2222220004
29626  -30.534  -54.964  70.956 0.1111110002
30537  -32.141  -54.229  70.947 0.3333329856
37526  -21.083  -46.845  77.194 0.2222220004
29638  -30.921  -54.647  70.471 0.1111110002
30536  -31.524  -54.341  70.348 0.2222220004
37525  -20.434  -47.142  76.913 0.2222220004
29635  -28.773  -54.658  70.224 0.1111110002
130894  -30.800  -54.308  69.826 0.2222220004
44291  -29.923  -41.034  63.704 0.7777780294
37538  -20.160  -47.070  76.048 0.1111110002
29651  -27.653  -54.503  69.576 0.1111110002
40748  -33.215  -44.135  72.382 0.4444440007
44276  -29.922  -41.199  64.730 0.5555559993
45184  -29.987  -40.114  61.313 0.8888890147
30556  -27.327  -54.187  68.954 0.1111110002
36480  -22.429  -48.239  72.972 0.1111110002
139092  -25.379  -54.593  68.037 0.1111110002
44255  -29.444  -40.426  66.112 0.1111110002
37571  -21.975  -47.725  72.765 0.1111110002
36486  -21.706  -48.581  72.288 0.1111110002
128401  -24.675  -54.567  67.824 0.1111110002
130868  -28.912  -39.831  66.092 0.1111110002
36485  -20.898  -48.242  71.742 0.1111110002
36499  -20.294  -48.852  71.197 0.1111110002
30554  -24.117  -54.193  67.382 0.1111110002
43329  -31.790  -40.538  73.679 0.1111110002
45122  -28.659  -39.328  66.517 0.1111110002
35407  -20.619  -49.500  71.119 0.1111110002
129398  -23.584  -52.931  67.328 0.1111110002
44151  -31.861  -40.120  73.796 0.1111110002
45992  -30.955  -39.329  73.356 0.1111110002
46017  -30.427  -38.832  71.179 0.1111110002
46035  -29.087  -38.730  68.824 0.1111110002
45110  -28.890  -39.363  67.169 0.1111110002
36511  -20.020  -49.087  70.679 0.1111110002
31489  -23.563  -53.813  66.028 0.1111110002
46001  -30.939  -39.084  72.781 0.1111110002
46008  -30.595  -38.689  72.023 0.1111110002
46025  -30.068  -39.095  70.301 0.1111110002
46040  -28.949  -39.100  67.864 0.1111110002
35419  -19.896  -49.150  70.223 0.1111110002
33376  -23.497  -52.300  66.926 0.1111110002
46016  -29.726  -38.481  70.767 0.1111110002
46024  -29.409  -38.635  69.864 0.1111110002
35432  -19.937  -49.153  69.729 0.1111110002
34379  -23.336  -51.008  66.306 0.1111110002
33396  -23.393  -51.953  66.060 0.1111110002
36535  -19.893  -48.708  69.060 0.1111110002
36545  -20.363  -48.389  68.072 0.1111110002
118809  -23.086  -50.217  66.150 0.1111110002
33416  -23.293  -52.655  65.100 0.1111110002
36546  -21.159  -48.736  67.680 0.1111110002
135502  -22.634  -49.413  66.028 0.1111110002
36557  -20.838  -48.067  67.188 0.1111110002
36575  -21.950  -48.236  65.769 0.1111110002
36576  -22.451  -49.072  65.161 0.1111110002
37461  -19.503  -47.523  81.976 0.3333329856
37469  -18.778  -47.351  81.618 0.2222220004
38530  -19.521  -46.518  81.238 0.2222220004
38547  -19.031  -46.411  80.419 0.2222220004
38548  -19.460  -46.293  80.743 0.2222220004
39621  -19.817  -45.763  80.346 0.1111110002
39620  -19.051  -45.966  79.612 0.1111110002
39628  -19.668  -45.294  79.279 0.1111110002
36434  -19.475  -48.131  77.826 0.2222220004
29614  -31.131  -54.731  71.422 0.3333329856
30524  -32.183  -54.103  71.475 0.4444440007
28700  -29.341  -55.140  70.851 0.1111110002
37517  -20.460  -47.266  77.579 0.2222220004
29622  -24.962  -55.047  70.177 0.2222220004
28716  -27.148  -55.110  70.270 0.2222220004
44303  -29.736  -40.394  62.123 0.8888890147
130358  -26.177  -54.801  69.432 0.1111110002
41616  -32.650  -43.780  71.917 0.3333329856
120990  -29.223  -40.502  63.792 0.4444440007
45194  -29.474  -39.595  60.937 0.8888890147
30546  -24.274  -54.475  69.216 0.1111110002
29649  -25.254  -54.811  68.775 0.1111110002
40763  -32.143  -44.355  71.153 0.2222220004
42463  -32.560  -42.876  72.050 0.2222220004
44275  -29.343  -40.615  64.515 0.4444440007
45147  -28.787  -40.074  64.312 0.3333329856
34314  -21.984  -50.356  72.033 0.1111110002
29648  -24.636  -54.678  68.654 0.1111110002
41615  -31.992  -43.338  71.190 0.1111110002
42451  -32.151  -42.075  72.449 0.1111110002
45134  -28.930  -40.093  65.279 0.1111110002
45160  -28.311  -39.526  63.959 0.1111110002
35394  -20.993  -49.217  71.672 0.1111110002
35408  -21.254  -49.930  71.596 0.1111110002
34323  -21.003  -50.125  71.027 0.1111110002
30545  -23.767  -53.857  69.288 0.1111110002
121149  -24.234  -54.313  68.370 0.1111110002
42462  -31.771  -42.462  71.688 0.1111110002
43345  -31.608  -41.385  72.860 0.1111110002
45146  -28.389  -39.468  64.849 0.1111110002
34334  -21.019  -50.274  70.336 0.1111110002
32390  -23.524  -53.024  69.044 0.1111110002
31461  -23.863  -53.804  68.176 0.1111110002
43359  -31.343  -41.719  72.153 0.1111110002
43335  -31.745  -41.005  73.380 0.1111110002
45133  -28.491  -39.385  65.721 0.1111110002
46049  -28.208  -38.731  66.206 0.1111110002
35420  -20.478  -49.606  70.571 0.1111110002
33364  -23.397  -52.157  67.957 0.1111110002
32399  -23.616  -53.010  68.081 0.1111110002
31469  -23.732  -53.749  67.076 0.1111110002
35444  -20.961  -50.026  69.565 0.1111110002
46034  -28.495  -38.389  68.062 0.1111110002
46039  -28.453  -38.694  67.127 0.1111110002
126485  -20.475  -49.391  69.309 0.1111110002
136981  -21.144  -49.685  68.845 0.1111110002
143309  -21.754  -49.932  68.446 0.1111110002
34353  -22.386  -50.575  68.330 0.1111110002
33375  -23.151  -51.331  67.710 0.1111110002
32406  -23.565  -53.303  66.604 0.1111110002
34365  -22.195  -49.802  67.770 0.1111110002
33395  -23.357  -51.380  66.864 0.1111110002
45984  -30.701  -39.239  73.819 0.1111110002
46007  -29.974  -38.314  71.618 0.1111110002
46015  -29.054  -38.068  70.491 0.1111110002
46023  -28.755  -38.138  69.551 0.1111110002
35443  -20.744  -49.042  68.534 0.1111110002
35457  -21.468  -49.381  68.115 0.1111110002
34366  -22.969  -50.476  67.217 0.1111110002
46000  -30.520  -38.720  72.998 0.1111110002
35470  -21.880  -49.148  67.335 0.1111110002
35471  -22.568  -49.597  66.906 0.1111110002
36558  -21.669  -48.500  66.749 0.1111110002
36559  -22.263  -48.789  66.085 0.1111110002
37460  -19.002  -47.525  82.057 0.2222220004
38506  -19.674  -47.092  81.865 0.2222220004
128458  -19.476  -46.733  81.440 0.2222220004
38516  -20.125  -46.128  81.244 0.2222220004
39609  -20.227  -45.936  81.142 0.2222220004
39629  -20.428  -45.158  79.921 0.1111110002
44290  -29.475  -40.541  63.021 0.4444440007
45183  -29.159  -39.866  61.701 0.7777780294
45161  -28.802  -40.085  63.451 0.3333329856
45171  -28.943  -40.055  62.565 0.7777780294
46130  -28.950  -38.467  59.792 0.8888890147
128064  -23.932  -54.264  69.952 0.2222220004
37585  -30.736  -47.160  71.185 0.1111110002
38686  -31.542  -46.515  71.400 0.2222220004
132945  -31.779  -45.761  71.245 0.2222220004
45193  -28.585  -39.265  61.254 0.7777780294
47059  -28.563  -37.605  59.270 0.8888890147
33305  -22.194  -50.978  72.027 0.1111110002
31444  -23.297  -53.017  69.930 0.2222220004
141558  -30.923  -46.505  71.049 0.1111110002
38700  -31.104  -45.900  70.896 0.1111110002
39747  -31.668  -45.161  70.919 0.1111110002
45170  -28.313  -39.568  63.075 0.1111110002
46106  -27.871  -38.969  61.873 0.3333329856
47047  -27.317  -37.369  60.616 0.4444440007
34324  -21.629  -50.583  71.531 0.1111110002
33321  -21.965  -51.243  71.516 0.1111110002
126509  -22.763  -52.450  70.296 0.2222220004
39746  -31.009  -45.162  70.490 0.1111110002
40780  -31.477  -44.592  70.650 0.1111110002
46094  -27.800  -39.039  62.709 0.1111110002
47041  -27.132  -37.662  61.370 0.3333329856
34335  -21.483  -50.826  70.945 0.1111110002
33346  -21.646  -51.079  70.337 0.1111110002
33334  -22.294  -51.792  70.206 0.1111110002
32389  -22.927  -52.364  69.657 0.1111110002
127808  -31.586  -43.980  70.675 0.1111110002
46067  -27.849  -38.919  64.451 0.1111110002
46080  -27.341  -38.401  63.159 0.1111110002
46093  -27.389  -38.437  62.352 0.2222220004
142603  -21.947  -51.271  69.792 0.1111110002
33347  -22.531  -51.674  69.408 0.1111110002
32398  -23.188  -52.241  68.841 0.1111110002
43334  -30.986  -40.860  73.255 0.1111110002
34343  -21.494  -50.678  69.723 0.1111110002
33362  -22.118  -50.976  69.182 0.1111110002
33363  -22.796  -51.462  68.610 0.1111110002
43344  -30.817  -41.094  72.642 0.1111110002
44150  -31.142  -40.037  74.063 0.1111110002
46987  -27.928  -37.853  67.458 0.1111110002
46967  -29.431  -38.001  71.242 0.1111110002
137369  -20.149  -46.457  81.568 0.3333329856
39596  -21.510  -45.539  81.511 0.3333329856
39610  -20.924  -45.420  81.146 0.2222220004
128454  -21.016  -44.985  80.358 0.1111110002
40663  -25.500  -44.552  79.802 0.1111110002
39622  -20.703  -45.390  80.719 0.1111110002
46119  -28.347  -38.636  60.583 0.7777780294
127372  -30.368  -49.066  71.536 0.1111110002
36503  -30.743  -48.224  71.587 0.2222220004
47071  -28.323  -36.845  58.763 0.7777780294
138999  -27.932  -38.751  61.209 0.6666669846
47048  -27.995  -37.795  60.058 0.7777780294
121254  -27.428  -37.085  59.982 0.4444440007
49034  -27.072  -35.646  59.229 0.4444440007
40658  -21.462  -45.061  80.939 0.1111110002
40648  -22.852  -44.762  81.355 0.1111110002
40659  -21.974  -44.736  80.871 0.1111110002
40660  -22.637  -44.605  81.042 0.1111110002
41519  -23.259  -44.407  80.576 0.1111110002
120524  -21.495  -44.744  80.346 0.1111110002
41530  -23.948  -44.211  80.124 0.1111110002
32310  -27.220  -52.218  76.524 0.5555559993
128487  -30.518  -53.646  72.836 0.4444440007
32351  -30.830  -52.391  72.352 0.4444440007
138192  -30.039  -53.528  73.030 0.4444440007
34327  -30.593  -50.758  72.034 0.2222220004
32340  -29.271  -52.784  72.827 0.3333329856
35413  -30.430  -49.798  71.806 0.2222220004
137043  -27.866  -35.365  57.936 0.7777780294
32349  -28.903  -52.472  72.585 0.2222220004
33324  -29.733  -51.104  71.884 0.2222220004
49049  -27.511  -35.502  58.546 0.7777780294
51348  -28.493  -33.814  57.843 0.8888890147
33310  -29.343  -51.764  72.093 0.1111110002
47972  -27.648  -36.272  58.957 0.7777780294
39623  -26.302  -45.566  79.296 0.5555559993
39631  -26.988  -46.116  78.752 0.5555559993
37507  -27.272  -47.208  78.280 0.5555559993
38587  -27.627  -46.489  77.895 0.5555559993
38571  -27.565  -47.099  77.957 0.5555559993
32317  -29.318  -52.308  76.055 0.5555559993
33295  -29.730  -52.123  75.004 0.3333329856
31394  -29.225  -52.908  74.809 0.4444440007
32332  -28.553  -52.403  74.238 0.3333329856
32334  -29.226  -52.907  74.717 0.4444440007
129298  -29.111  -53.206  74.018 0.4444440007
119891  -29.855  -33.466  58.835 0.8888890147
32333  -28.968  -52.968  73.977 0.3333329856
32338  -28.010  -52.351  72.890 0.1111110002
33309  -28.348  -52.048  72.061 0.1111110002
37508  -27.347  -47.915  77.992 0.6666669846
35322  -27.258  -49.275  77.659 0.5555559993
37514  -27.683  -47.724  77.614 0.6666669846
36428  -27.802  -48.578  77.360 0.6666669846
35346  -27.929  -49.864  76.822 0.6666669846
32312  -28.681  -52.099  76.235 0.5555559993
122948  -29.997  -51.746  76.019 0.4444440007
51327  -28.467  -33.619  58.525 0.6666669846
51289  -31.979  -33.929  60.097 0.7777780294
51308  -30.611  -33.634  59.553 0.7777780294
51288  -31.227  -33.897  60.246 0.5555559993
50147  -31.708  -34.107  60.757 0.6666669846
51265  -31.060  -34.158  61.094 0.5555559993
50148  -32.393  -34.119  60.834 0.6666669846
50149  -33.242  -34.087  60.895 0.7777780294
50131  -32.816  -34.389  61.646 0.6666669846
50130  -31.920  -34.344  61.535 0.5555559993
53393  -46.593  -31.330  62.247 0.4444440007
50132  -33.689  -34.412  61.714 0.6666669846
50133  -34.547  -34.413  61.783 0.6666669846
50134  -35.389  -34.424  61.860 0.8888890147
50117  -33.312  -34.711  62.493 0.5555559993
53381  -47.077  -31.031  62.388 0.4444440007
53382  -47.760  -30.695  62.019 0.4444440007
53394  -47.298  -31.012  62.202 0.4444440007
48994  -34.484  -35.019  63.290 0.6666669846
48993  -33.791  -35.090  63.253 0.4444440007
48980  -34.235  -35.385  63.938 0.3333329856
48979  -33.501  -35.425  63.923 0.3333329856
137276  -33.257  -35.556  64.483 0.1111110002
52362  -45.821  -31.888  61.955 0.4444440007
54399  -47.765  -30.444  62.148 0.5555559993
55415  -48.334  -29.680  62.010 0.4444440007
50119  -35.730  -34.646  62.648 0.6666669846
50103  -35.212  -34.996  63.443 0.6666669846
141730  -34.723  -35.222  63.714 0.4444440007
48956  -34.396  -35.428  64.659 0.3333329856
48955  -33.740  -35.523  64.554 0.1111110002
48935  -33.797  -35.454  65.124 0.1111110002
52345  -46.035  -31.526  62.487 0.4444440007
56582  -49.069  -28.939  61.744 0.4444440007
56604  -49.651  -28.355  61.454 0.3333329856
56610  -47.350  -28.735  59.743 0.5555559993
57627  -50.469  -27.924  61.528 0.4444440007
57648  -49.049  -28.015  59.423 0.4444440007
57638  -50.096  -27.695  60.886 0.4444440007
57649  -50.010  -27.559  60.113 0.4444440007
136921  -35.700  -35.254  63.956 0.6666669846
48981  -35.015  -35.325  64.178 0.3333329856
48957  -35.181  -35.331  64.940 0.3333329856
48936  -34.530  -35.146  65.219 0.1111110002
55425  -47.870  -29.650  61.977 0.6666669846
55426  -48.515  -29.298  61.833 0.6666669846
56590  -48.976  -28.862  61.674 0.5555559993
56603  -48.774  -28.690  61.177 0.4444440007
56602  -47.888  -28.927  60.893 0.6666669846
137334  -47.074  -29.251  60.675 0.7777780294
56611  -48.383  -28.478  60.195 0.4444440007
57637  -49.351  -28.162  60.624 0.4444440007
57639  -50.820  -27.156  60.601 0.4444440007
50105  -37.117  -34.897  63.578 0.6666669846
48982  -36.448  -35.268  64.214 0.6666669846
124731  -35.799  -35.333  64.605 0.4444440007
50066  -34.619  -34.405  65.492 0.1111110002
55414  -47.456  -30.167  62.250 0.6666669846
55441  -47.502  -29.460  61.514 0.6666669846
54463  -43.795  -30.199  59.057 0.5555559993
56589  -48.245  -29.109  61.467 0.6666669846
54486  -42.161  -29.964  57.524 0.4444440007
55464  -43.127  -30.000  58.002 0.4444440007
55476  -41.383  -29.803  56.959 0.3333329856
55477  -42.974  -29.398  57.079 0.4444440007
55478  -43.842  -29.385  57.536 0.5555559993
54485  -40.646  -30.180  57.267 0.3333329856
120394  -42.126  -29.398  56.654 0.3333329856
55496  -42.753  -28.866  56.264 0.4444440007
56633  -43.790  -28.698  56.580 0.5555559993
55494  -40.594  -29.612  56.485 0.3333329856
55495  -41.408  -29.254  56.236 0.3333329856
140438  -40.173  -29.354  55.921 0.2222220004
120502  -40.797  -29.091  55.751 0.3333329856
55509  -41.537  -28.781  55.575 0.3333329856
127068  -42.037  -28.952  56.028 0.3333329856
118808  -40.961  -28.724  55.064 0.3333329856
55524  -40.457  -28.918  54.474 0.2222220004
55525  -41.242  -28.694  54.318 0.3333329856
48983  -37.470  -35.304  64.666 0.6666669846
48984  -38.551  -35.186  64.692 0.6666669846
48959  -37.382  -35.403  65.832 0.6666669846
130946  -38.100  -35.401  65.474 0.6666669846
48938  -36.710  -35.231  66.002 0.6666669846
48937  -35.976  -35.209  65.360 0.2222220004
50087  -39.395  -35.027  64.863 0.7777780294
50067  -35.441  -34.628  65.506 0.2222220004
54436  -42.406  -30.757  59.295 0.5555559993
54437  -43.301  -30.633  59.807 0.6666669846
54462  -42.274  -30.424  58.398 0.4444440007
142544  -43.483  -30.118  58.543 0.5555559993
54461  -41.464  -30.572  58.357 0.3333329856
122655  -41.369  -30.277  57.673 0.3333329856
140288  -41.834  -30.331  57.979 0.3333329856
122130  -44.306  -27.993  54.901 0.3333329856
56660  -43.721  -28.143  55.310 0.4444440007
123574  -43.888  -28.200  55.887 0.4444440007
55510  -42.374  -28.548  55.488 0.3333329856
56659  -43.000  -28.282  55.083 0.4444440007
56646  -43.248  -28.412  55.762 0.4444440007
56658  -41.732  -28.500  54.939 0.3333329856
142626  -42.380  -28.390  54.846 0.3333329856
56671  -42.055  -28.548  54.265 0.2222220004
48960  -38.870  -35.370  65.617 0.6666669846
48961  -39.549  -35.172  65.709 0.7777780294
48939  -38.272  -35.392  66.507 0.6666669846
123592  -39.236  -35.350  66.531 0.6666669846
50069  -40.512  -34.680  65.846 0.7777780294
48920  -38.178  -35.111  67.147 0.6666669846
48908  -39.996  -34.740  67.093 0.6666669846
48923  -40.259  -34.775  66.660 0.7777780294
50046  -36.876  -34.748  66.517 0.3333329856
50068  -36.276  -34.761  65.903 0.3333329856
54420  -43.168  -31.030  60.819 0.6666669846
53439  -40.881  -31.476  59.929 0.3333329856
54435  -40.981  -31.084  58.937 0.3333329856
121110  -41.741  -30.774  58.935 0.4444440007
53440  -41.676  -31.196  59.618 0.5555559993
123433  -40.708  -30.592  58.089 0.3333329856
56673  -43.570  -28.263  54.635 0.4444440007
56672  -42.827  -28.431  54.396 0.4444440007
55542  -42.584  -28.694  53.643 0.3333329856
50048  -38.562  -34.752  67.421 0.6666669846
48921  -38.889  -35.243  67.286 0.6666669846
50047  -37.654  -34.759  67.071 0.6666669846
50031  -40.244  -34.274  66.967 0.6666669846
51166  -41.220  -33.815  66.094 0.7777780294
48919  -37.479  -35.189  66.652 0.5555559993
51165  -40.712  -33.939  66.633 0.7777780294
51183  -41.785  -33.351  65.376 0.7777780294
52309  -42.591  -32.638  64.700 0.7777780294
52340  -41.027  -32.380  62.787 0.5555559993
53367  -43.119  -31.833  63.354 0.7777780294
119537  -43.095  -31.571  62.655 0.7777780294
120195  -41.009  -32.000  61.617 0.5555559993
52359  -41.527  -32.179  62.429 0.5555559993
128676  -41.693  -31.777  61.651 0.5555559993
53414  -43.116  -31.361  61.761 0.6666669846
136998  -40.635  -31.770  60.809 0.3333329856
53412  -41.508  -31.555  60.709 0.5555559993
53441  -42.429  -31.173  60.192 0.5555559993
140918  -40.257  -31.643  60.188 0.3333329856
56685  -44.202  -28.325  54.190 0.3333329856
56684  -43.426  -28.540  53.890 0.3333329856
55544  -44.163  -28.779  53.412 0.3333329856
51149  -39.199  -34.512  67.429 0.6666669846
48907  -39.351  -34.866  67.428 0.6666669846
50030  -39.759  -34.486  67.238 0.6666669846
51164  -39.601  -34.166  67.108 0.6666669846
134106  -39.982  -33.582  65.935 0.6666669846
129144  -40.327  -33.820  66.564 0.6666669846
51208  -41.410  -33.065  65.347 0.7777780294
52308  -42.112  -32.889  65.100 0.7777780294
51163  -38.848  -34.199  67.128 0.6666669846
51205  -39.190  -33.530  65.593 0.6666669846
51207  -40.780  -33.507  65.615 0.6666669846
118983  -41.703  -32.881  64.825 0.6666669846
52324  -41.887  -32.579  64.231 0.6666669846
52325  -42.679  -32.295  63.849 0.7777780294
52323  -41.188  -32.642  63.902 0.6666669846
52341  -41.805  -32.378  63.388 0.6666669846
53377  -42.419  -32.064  63.018 0.7777780294
53390  -42.328  -31.729  62.138 0.6666669846
53413  -42.367  -31.459  61.195 0.5555559993
56700  -45.042  -28.858  53.142 0.3333329856
140515  -44.781  -28.454  53.797 0.3333329856
40664  -26.119  -44.933  79.426 0.3333329856
41522  -25.281  -44.235  79.703 0.1111110002
41513  -24.265  -44.514  80.792 0.1111110002
41520  -23.913  -44.136  80.380 0.1111110002
41531  -24.655  -44.109  79.842 0.1111110002
40673  -26.573  -44.836  78.833 0.2222220004
32311  -27.864  -51.985  76.413 0.6666669846
34267  -27.444  -49.991  77.226 0.5555559993
33273  -27.642  -51.367  76.667 0.5555559993
29615  -31.611  -54.395  71.732 0.3333329856
35426  -34.717  -49.567  70.606 0.5555559993
40651  -24.393  -44.840  81.137 0.1111110002
135560  -23.865  -44.419  80.786 0.1111110002
28693  -30.435  -55.078  71.587 0.4444440007
28701  -29.929  -55.275  71.141 0.2222220004
35436  -34.317  -49.266  69.624 0.3333329856
35437  -34.880  -49.076  70.132 0.4444440007
37613  -34.848  -46.797  70.235 0.5555559993
40652  -24.992  -44.944  80.664 0.2222220004
30482  -29.006  -53.828  74.149 0.6666669846
29623  -25.728  -55.239  70.314 0.2222220004
28717  -27.762  -54.981  70.466 0.2222220004
39716  -34.922  -45.037  72.339 0.6666669846
40750  -35.392  -44.329  72.396 0.7777780294
39769  -35.650  -45.271  68.634 0.4444440007
31387  -29.002  -53.030  75.594 0.4444440007
40749  -33.710  -44.541  72.494 0.5555559993
40764  -32.701  -44.597  71.917 0.3333329856
39732  -32.242  -45.202  71.477 0.3333329856
132889  -24.435  -54.665  69.811 0.2222220004
37498  -27.027  -47.043  78.521 0.5555559993
31380  -28.286  -52.424  76.067 0.5555559993
31379  -27.690  -52.529  76.145 0.4444440007
42454  -34.875  -43.070  72.315 0.4444440007
42464  -34.882  -42.674  71.820 0.5555559993
33333  -21.952  -51.535  70.904 0.1111110002
128213  -27.132  -47.955  78.128 0.5555559993
34266  -27.196  -50.174  77.293 0.5555559993
32302  -27.218  -51.622  76.762 0.5555559993
42478  -34.576  -42.277  71.269 0.6666669846
43387  -34.201  -42.128  70.127 0.7777780294
42502  -33.312  -42.215  68.765 0.6666669846
43408  -32.334  -42.145  67.682 0.5555559993
42556  -31.956  -42.408  66.122 0.8888890147
47973  -28.058  -36.075  58.260 0.7777780294
137667  -28.956  -33.673  57.630 0.8888890147
125457  -36.121  -34.444  61.927 0.7777780294
56647  -44.385  -28.163  56.170 0.5555559993
56661  -44.399  -27.971  55.594 0.4444440007
56674  -45.037  -28.039  54.432 0.3333329856
37626  -34.605  -46.481  68.909 0.2222220004
40662  -24.939  -44.582  80.428 0.1111110002
39630  -26.757  -45.504  78.849 0.5555559993
121637  -29.862  -33.506  58.021 0.8888890147
50070  -40.778  -34.414  66.338 0.7777780294
37641  -34.623  -46.122  68.391 0.1111110002
38728  -35.277  -45.521  68.394 0.3333329856
38741  -34.920  -45.781  68.329 0.1111110002
135064  -35.660  -45.079  68.003 0.3333329856
39796  -35.686  -44.571  66.742 0.2222220004
35448  -33.774  -48.995  69.094 0.2222220004
126365  -33.273  -49.145  68.726 0.2222220004
36537  -33.430  -48.350  68.662 0.1111110002
36551  -32.830  -48.131  68.065 0.1111110002
133571  -32.337  -47.833  67.625 0.1111110002
37638  -32.922  -47.407  67.779 0.1111110002
38739  -33.912  -46.218  67.797 0.1111110002
36549  -31.208  -48.645  67.271 0.1111110002
37650  -32.281  -47.142  67.179 0.1111110002
36548  -30.392  -48.549  66.878 0.1111110002
37649  -31.396  -47.272  66.776 0.1111110002
37636  -30.936  -47.939  66.850 0.1111110002
34344  -34.069  -50.116  69.688 0.2222220004
34356  -33.590  -50.709  69.530 0.2222220004
136164  -31.561  -51.018  68.281 0.2222220004
34354  -30.776  -50.874  67.856 0.2222220004
34370  -31.147  -50.192  67.798 0.1111110002
33381  -30.019  -51.228  67.740 0.1111110002
33349  -34.014  -50.698  70.061 0.2222220004
33348  -32.877  -52.066  69.438 0.2222220004
33366  -32.254  -51.591  68.853 0.2222220004
43347  -34.183  -42.370  72.307 0.4444440007
128607  -33.648  -41.601  72.130 0.3333329856
43360  -33.709  -41.591  71.458 0.3333329856
43374  -34.161  -41.943  70.975 0.5555559993
33380  -29.336  -51.849  67.812 0.1111110002
32411  -30.106  -52.120  68.070 0.1111110002
32409  -28.490  -52.380  67.925 0.1111110002
32377  -33.537  -51.596  70.735 0.3333329856
143075  -33.272  -52.291  70.418 0.2222220004
32364  -33.069  -52.814  70.870 0.4444440007
31447  -33.000  -52.868  70.663 0.3333329856
43428  -30.614  -41.615  65.135 0.5555559993
138965  -33.662  -42.981  72.551 0.3333329856
43397  -31.771  -41.480  68.260 0.5555559993
43407  -31.472  -41.653  67.425 0.5555559993
43418  -31.279  -41.867  66.556 0.5555559993
31473  -28.763  -53.060  68.335 0.1111110002
44182  -32.620  -40.831  71.096 0.3333329856
44241  -30.124  -40.904  66.556 0.3333329856
31471  -26.860  -53.224  68.130 0.1111110002
131915  -27.937  -53.048  68.318 0.1111110002
44166  -32.373  -40.559  72.821 0.2222220004
44181  -31.965  -40.328  71.424 0.1111110002
44209  -30.848  -40.487  68.763 0.2222220004
31470  -25.881  -53.394  67.435 0.1111110002
45047  -32.145  -39.937  73.097 0.1111110002
45081  -31.129  -40.074  70.236 0.1111110002
138694  -30.825  -40.189  69.473 0.1111110002
31446  -32.627  -53.665  70.773 0.3333329856
30548  -31.472  -53.962  69.767 0.2222220004
31455  -30.987  -53.819  69.250 0.2222220004
29652  -28.313  -54.497  69.825 0.1111110002
30558  -29.429  -54.286  69.504 0.1111110002
139329  -30.385  -54.066  69.342 0.2222220004
41602  -33.209  -43.315  72.432 0.3333329856
119997  -29.495  -40.694  65.271 0.5555559993
31472  -28.458  -53.537  68.635 0.1111110002
30572  -26.991  -53.779  68.538 0.1111110002
30555  -26.266  -54.214  68.422 0.1111110002
141101  -25.574  -54.291  67.694 0.1111110002
45111  -29.386  -39.766  67.549 0.1111110002
30570  -24.977  -54.476  67.269 0.1111110002
45080  -30.476  -39.667  69.832 0.1111110002
33415  -23.034  -51.992  64.504 0.1111110002
29628  -31.763  -54.431  71.343 0.3333329856
29627  -31.396  -54.648  70.933 0.3333329856
28719  -29.243  -54.915  70.575 0.1111110002
29637  -30.282  -54.734  70.271 0.1111110002
28718  -28.622  -54.924  70.595 0.1111110002
29634  -28.057  -54.711  70.200 0.1111110002
29650  -26.771  -54.483  69.182 0.1111110002
136002  -25.935  -54.550  68.758 0.1111110002
37570  -21.467  -47.571  72.330 0.1111110002
30569  -24.399  -54.260  66.869 0.1111110002
43328  -30.948  -40.631  73.886 0.1111110002
134579  -28.537  -38.129  68.778 0.1111110002
36524  -19.454  -48.689  69.781 0.1111110002
35433  -20.391  -49.629  69.989 0.1111110002
34380  -23.209  -51.263  65.337 0.1111110002
143536  -22.227  -49.041  66.639 0.1111110002
29632  -25.551  -55.024  69.692 0.2222220004
29631  -24.839  -54.865  69.352 0.2222220004
46120  -29.110  -39.095  60.462 0.7777780294
46081  -27.779  -39.005  63.576 0.1111110002
46056  -27.996  -38.800  65.337 0.1111110002
124278  -21.612  -50.318  69.037 0.1111110002
45182  -28.407  -39.516  62.184 0.6666669846
46105  -27.472  -38.354  61.610 0.3333329856
130625  -26.943  -37.789  62.680 0.1111110002
46066  -27.377  -38.315  64.009 0.1111110002
47058  -27.840  -37.034  59.425 0.7777780294
47961  -27.232  -36.430  59.624 0.7777780294
49033  -26.650  -35.044  59.598 0.3333329856
49048  -27.095  -34.915  58.885 0.7777780294
32341  -30.285  -53.072  72.693 0.4444440007
127933  -30.264  -51.639  72.153 0.3333329856
31401  -29.836  -53.071  72.968 0.4444440007
32350  -29.850  -52.374  72.452 0.2222220004
32339  -28.608  -52.625  73.431 0.2222220004
124348  -29.681  -50.411  71.590 0.1111110002
49063  -27.619  -34.833  58.198 0.7777780294
50179  -27.951  -34.273  57.948 0.7777780294
123630  -28.842  -51.161  71.566 0.1111110002
50169  -27.425  -34.334  58.667 0.7777780294
39642  -27.348  -46.019  78.381 0.4444440007
38570  -27.349  -46.590  78.348 0.6666669846
38588  -27.785  -46.996  77.488 0.5555559993
33288  -29.977  -51.852  75.739 0.4444440007
33280  -29.153  -51.676  76.169 0.4444440007
32318  -29.582  -52.247  75.724 0.4444440007
34303  -29.480  -51.835  75.641 0.3333329856
32326  -29.471  -52.559  75.350 0.4444440007
33294  -28.785  -52.250  75.002 0.3333329856
51328  -29.105  -33.523  58.145 0.8888890147
120143  -28.050  -48.181  76.950 0.5555559993
33275  -28.377  -51.369  76.363 0.5555559993
33274  -28.079  -51.903  76.484 0.5555559993
51287  -30.463  -33.810  60.419 0.5555559993
50116  -32.408  -34.660  62.435 0.4444440007
121568  -34.113  -34.730  62.549 0.6666669846
50118  -34.895  -34.683  62.624 0.6666669846
50104  -36.129  -34.917  63.425 0.6666669846
56622  -48.021  -28.371  59.062 0.3333329856
48958  -36.595  -35.373  65.136 0.6666669846
121221  -43.076  -30.408  58.832 0.5555559993
51182  -40.982  -33.658  66.152 0.7777780294
52307  -41.086  -33.165  64.796 0.6666669846
41532  -25.233  -44.059  79.463 0.1111110002
41521  -24.729  -44.239  80.097 0.1111110002
33264  -27.708  -50.809  76.761 0.6666669846
40845  -36.544  -43.424  65.691 0.3333329856
125690  -36.914  -42.694  64.792 0.4444440007
41707  -36.833  -43.242  65.078 0.3333329856
41722  -37.027  -42.837  64.634 0.3333329856
42594  -37.067  -41.940  63.954 0.2222220004
41720  -36.016  -43.537  64.311 0.2222220004
41739  -37.105  -42.664  64.107 0.2222220004
43461  -37.233  -42.145  63.624 0.2222220004
139668  -26.980  -36.599  60.321 0.2222220004
47040  -26.828  -36.837  61.088 0.2222220004
123101  -26.479  -36.078  62.352 0.2222220004
47960  -26.717  -35.802  59.944 0.2222220004
51305  -27.369  -33.890  59.235 0.5555559993
50162  -26.914  -34.385  59.375 0.2222220004
51326  -27.887  -33.868  58.522 0.5555559993
51307  -29.010  -33.438  59.055 0.5555559993
51306  -28.118  -33.564  59.304 0.5555559993
135842  -28.942  -33.456  59.933 0.5555559993
51286  -29.594  -33.645  60.625 0.4444440007
123913  -30.297  -33.947  61.079 0.3333329856
50129  -31.300  -34.373  61.964 0.3333329856
51180  -38.490  -33.738  66.409 0.5555559993
51226  -39.054  -33.323  64.360 0.3333329856
51206  -40.076  -33.393  65.020 0.5555559993
118909  -39.433  -32.809  63.343 0.3333329856
52322  -40.270  -33.031  64.062 0.3333329856
52339  -39.667  -32.539  62.552 0.3333329856
120121  -40.273  -32.366  62.114 0.3333329856
52358  -40.791  -32.277  62.134 0.4444440007
53389  -40.406  -32.162  61.511 0.3333329856
55543  -43.278  -28.968  53.115 0.3333329856
122403  -43.983  -29.254  52.711 0.3333329856
54541  -43.592  -29.910  51.502 0.2222220004
54548  -43.483  -30.256  50.863 0.1111110002
55612  -43.716  -29.655  48.228 0.1111110002
132622  -44.722  -30.310  49.215 0.2222220004
127699  -44.007  -30.358  50.395 0.2222220004
54576  -44.232  -30.064  48.700 0.2222220004
55613  -44.433  -29.675  48.084 0.2222220004
54562  -43.963  -30.344  49.578 0.1111110002
55627  -45.069  -29.380  47.703 0.2222220004
56752  -45.453  -28.836  47.370 0.2222220004
57806  -45.441  -27.965  47.288 0.2222220004
57805  -44.580  -27.728  47.466 0.1111110002
54577  -45.127  -30.030  48.448 0.1111110002
55614  -45.873  -29.726  47.908 0.1111110002
134074  -45.809  -29.259  47.506 0.2222220004
133941  -45.799  -27.019  47.335 0.1111110002
55628  -46.480  -29.358  47.543 0.1111110002
56753  -46.181  -28.688  47.205 0.2222220004
56767  -46.803  -28.318  46.960 0.1111110002
57807  -46.290  -27.768  47.067 0.2222220004
57819  -47.046  -27.642  46.781 0.1111110002
58821  -46.523  -26.887  47.062 0.2222220004
57820  -47.953  -27.639  46.434 0.2222220004
58822  -47.294  -26.715  46.683 0.2222220004
58815  -46.751  -25.937  47.231 0.2222220004
58823  -48.225  -26.433  46.291 0.2222220004
59779  -48.287  -25.344  46.581 0.2222220004
138991  -47.004  -24.946  47.574 0.2222220004
132480  -47.519  -25.668  46.875 0.1111110002
59771  -47.789  -24.764  47.190 0.1111110002
61717  -48.778  -23.794  47.089 0.1111110002
59770  -46.418  -24.590  48.052 0.1111110002
142312  -47.425  -24.313  47.704 0.2222220004
60721  -47.387  -23.841  47.925 0.1111110002
60722  -48.070  -23.969  47.512 0.1111110002
61706  -47.229  -23.445  48.001 0.1111110002
134014  -47.658  -23.042  47.810 0.1111110002
62708  -47.051  -22.995  47.976 0.1111110002
61709  -48.641  -23.311  47.423 0.2222220004
62718  -49.060  -22.458  47.304 0.2222220004
133590  -48.414  -22.820  47.584 0.2222220004
62716  -46.783  -22.387  47.585 0.1111110002
121655  -29.776  -33.539  59.753 0.5555559993
142270  -31.826  -34.512  62.134 0.3333329856
119879  -40.342  -32.578  63.095 0.4444440007
42579  -37.122  -42.437  64.204 0.2222220004
41721  -36.911  -43.153  64.492 0.2222220004
54542  -44.327  -30.140  51.110 0.2222220004
60729  -48.514  -24.476  46.872 0.1111110002
60718  -46.893  -23.825  48.213 0.2222220004
61708  -47.877  -23.394  47.719 0.1111110002
126778  -49.223  -22.855  47.342 0.3333329856
40825  -36.279  -44.174  67.027 0.1111110002
137581  -36.131  -44.057  65.997 0.1111110002
35347  -28.052  -50.398  76.670 0.3333329856
33281  -29.131  -51.836  75.941 0.3333329856
35343  -18.809  -48.788  77.933 0.2222220004
129669  -27.519  -45.372  77.580 0.1111110002
45221  -33.714  -39.212  58.808 0.3333329856
52414  -42.720  -32.479  58.702 0.1111110002
53496  -45.352  -31.565  55.449 0.1111110002
53486  -45.356  -31.368  56.437 0.1111110002
54487  -47.089  -30.624  57.444 0.1111110002
54464  -47.492  -30.480  58.396 0.1111110002
120847  -46.155  -31.400  55.633 0.1111110002
130201  -46.211  -31.153  56.347 0.1111110002
54412  -49.006  -29.909  61.714 0.1111110002
55416  -49.129  -29.222  61.792 0.1111110002
54401  -49.558  -29.412  61.474 0.1111110002
52429  -43.185  -32.230  58.085 0.1111110002
52415  -43.391  -32.310  58.856 0.1111110002
53475  -43.671  -31.938  57.604 0.1111110002
136964  -43.690  -32.065  58.345 0.1111110002
52416  -43.940  -32.134  58.955 0.1111110002
137071  -43.649  -31.902  56.774 0.1111110002
52430  -44.253  -31.772  58.190 0.1111110002
53465  -44.493  -31.903  59.128 0.1111110002
52441  -44.040  -31.803  56.047 0.1111110002
53485  -44.344  -31.653  56.971 0.1111110002
53476  -45.046  -31.436  57.558 0.1111110002
132539  -46.475  -30.836  58.229 0.1111110002
54423  -47.726  -30.684  61.639 0.1111110002
53477  -45.860  -31.123  57.091 0.1111110002
53443  -47.503  -30.569  59.517 0.1111110002
134411  -48.294  -30.424  61.948 0.1111110002
137207  -46.329  -30.881  57.492 0.1111110002
119292  -48.115  -30.383  60.389 0.1111110002
54411  -48.283  -30.419  61.908 0.1111110002
54440  -49.233  -29.734  59.922 0.1111110002
54400  -48.723  -30.048  61.911 0.1111110002
54424  -48.715  -30.137  61.378 0.1111110002
52403  -44.135  -32.274  59.770 0.1111110002
53442  -44.745  -32.038  59.782 0.1111110002
121640  -45.338  -31.869  60.243 0.1111110002
53466  -45.032  -31.563  58.542 0.1111110002
121630  -45.187  -31.702  59.407 0.1111110002
53416  -46.148  -31.588  60.846 0.1111110002
129883  -46.200  -31.633  61.633 0.1111110002
128212  -45.728  -31.191  57.971 0.1111110002
53467  -45.831  -31.321  58.870 0.1111110002
135466  -46.000  -31.424  59.849 0.1111110002
123389  -46.883  -31.267  61.597 0.1111110002
54439  -46.680  -30.909  59.230 0.1111110002
53417  -47.027  -31.031  60.478 0.1111110002
53464  -40.214  -31.402  59.416 0.1111110002
139313  -38.224  -33.497  65.271 0.3333329856
52383  -39.770  -32.241  61.311 0.1111110002
53410  -39.257  -31.988  60.553 0.1111110002
53438  -39.644  -31.657  59.951 0.1111110002
56701  -46.002  -28.652  53.149 0.2222220004
55565  -46.606  -28.938  52.486 0.2222220004
55562  -43.196  -29.528  52.222 0.2222220004
55578  -44.963  -29.691  51.731 0.2222220004
54543  -45.303  -30.135  51.003 0.2222220004
54549  -44.809  -30.372  50.143 0.1111110002
53411  -39.972  -31.962  60.790 0.1111110002
55563  -44.710  -29.307  52.478 0.2222220004
55564  -45.638  -29.257  52.338 0.2222220004
129220  -45.689  -29.708  51.562 0.2222220004
55579  -46.399  -29.474  51.727 0.2222220004
58814  -46.054  -26.167  47.489 0.1111110002
128287  -46.230  -25.289  47.741 0.1111110002
55577  -44.124  -29.620  51.942 0.2222220004
40836  -36.282  -43.910  66.422 0.1111110002
52400  -42.316  -32.686  59.297 0.1111110002
39797  -36.016  -44.528  66.999 0.1111110002
39641  -27.230  -45.394  78.306 0.2222220004
34279  -27.995  -50.736  76.677 0.5555559993
132278  -29.924  -51.553  75.832 0.3333329856
140789  -44.467  -29.073  52.962 0.2222220004
34280  -28.248  -51.238  76.423 0.3333329856
40844  -36.068  -43.809  65.425 0.2222220004
121601  -44.711  -31.591  56.040 0.1111110002
54503  -46.681  -30.855  56.773 0.1111110002
122113  -48.325  -30.161  59.118 0.1111110002
54425  -49.777  -29.518  60.862 0.1111110002
139414  -34.517  -39.372  59.123 0.1111110002
46144  -33.744  -38.754  58.155 0.1111110002
51264  -30.518  -34.128  61.757 0.2222220004
51263  -29.692  -33.795  61.483 0.1111110002
51245  -29.866  -33.923  62.307 0.1111110002
50115  -30.798  -34.348  62.705 0.1111110002
135170  -31.685  -34.636  62.656 0.2222220004
50102  -33.038  -35.061  63.249 0.2222220004
48978  -32.851  -35.406  63.974 0.2222220004
51162  -37.883  -34.145  66.837 0.3333329856
51179  -37.580  -33.610  66.013 0.2222220004
56583  -49.761  -28.720  61.691 0.1111110002
57650  -50.764  -27.014  59.709 0.3333329856
126735  -49.530  -28.658  61.681 0.3333329856
124919  -49.921  -27.496  59.100 0.3333329856
125764  -49.861  -27.519  58.164 0.2222220004
57659  -47.676  -28.251  58.083 0.2222220004
57660  -48.491  -28.042  58.296 0.2222220004
57704  -48.288  -27.494  55.404 0.2222220004
57661  -49.230  -27.738  58.490 0.2222220004
57673  -49.032  -27.720  57.556 0.2222220004
57688  -48.899  -27.577  56.027 0.2222220004
57705  -49.199  -27.520  55.343 0.2222220004
57753  -50.009  -27.605  53.047 0.2222220004
57689  -49.399  -27.576  56.723 0.2222220004
121654  -49.887  -27.543  55.954 0.2222220004
136730  -49.905  -27.512  55.210 0.2222220004
57739  -50.671  -27.494  53.729 0.2222220004
121840  -50.334  -27.468  56.891 0.2222220004
122478  -51.232  -27.444  55.159 0.2222220004
56704  -50.297  -27.890  52.215 0.2222220004
57722  -50.433  -27.489  54.668 0.2222220004
45211  -35.093  -39.682  59.644 0.1111110002
56591  -50.128  -28.334  61.678 0.2222220004
119961  -50.856  -27.496  61.185 0.2222220004
45222  -34.597  -38.981  58.544 0.1111110002
50101  -32.280  -35.004  63.314 0.2222220004
57662  -50.710  -27.137  58.726 0.2222220004
142361  -49.804  -27.530  57.400 0.2222220004
57674  -50.606  -27.314  57.783 0.2222220004
135943  -48.650  -27.673  56.738 0.2222220004
46171  -33.113  -38.214  57.079 0.1111110002
51411  -34.074  -33.802  53.971 0.1111110002
51389  -35.450  -33.350  54.994 0.1111110002
52451  -37.013  -33.166  55.574 0.1111110002
122646  -37.531  -33.031  54.746 0.1111110002
51390  -36.194  -33.316  54.853 0.1111110002
52472  -36.869  -33.245  54.640 0.1111110002
52452  -37.839  -32.875  55.378 0.1111110002
52437  -37.894  -32.829  56.093 0.1111110002
120917  -38.291  -32.764  54.845 0.1111110002
120380  -38.490  -32.624  55.602 0.1111110002
52453  -39.064  -32.537  55.012 0.1111110002
52428  -41.785  -32.502  57.676 0.1111110002
52413  -41.856  -32.657  58.557 0.1111110002
52454  -39.895  -32.428  55.166 0.1111110002
143072  -38.061  -32.781  56.833 0.1111110002
52438  -38.654  -32.610  56.425 0.1111110002
52439  -39.519  -32.511  56.721 0.1111110002
119696  -39.284  -32.456  55.827 0.1111110002
121969  -40.475  -32.446  56.921 0.1111110002
52427  -40.935  -32.661  57.892 0.1111110002
119540  -40.157  -32.379  56.023 0.1111110002
52440  -41.394  -32.403  57.008 0.1111110002
122114  -27.620  -45.934  77.749 0.1111110002
51285  -28.185  -33.492  60.328 0.2222220004
143070  -28.912  -33.498  60.508 0.2222220004
34295  -28.907  -51.933  75.719 0.2222220004
34294  -28.485  -51.083  75.357 0.2222220004
35358  -28.337  -49.992  76.291 0.2222220004
35371  -28.433  -50.603  75.720 0.2222220004
34302  -28.582  -51.372  75.193 0.2222220004
33293  -28.357  -51.699  74.590 0.1111110002
36438  -28.034  -49.244  76.854 0.2222220004
36463  -28.109  -48.826  75.576 0.1111110002
37520  -27.951  -47.588  77.021 0.1111110002
36451  -28.156  -48.441  76.361 0.1111110002
40843  -35.000  -44.289  65.468 0.1111110002
40859  -35.458  -43.846  64.866 0.1111110002
41738  -36.680  -43.131  63.875 0.1111110002
51204  -37.406  -33.453  65.109 0.1111110002
51225  -37.820  -33.350  64.331 0.1111110002
52321  -38.335  -32.990  63.464 0.1111110002
55541  -41.612  -28.859  53.454 0.1111110002
54460  -40.053  -31.001  58.567 0.1111110002
55561  -42.385  -29.143  52.825 0.1111110002
122748  -48.900  -21.915  44.504 0.1111110002
61738  -49.536  -22.897  44.235 0.1111110002
127866  -46.259  -21.727  44.140 0.1111110002
55588  -46.162  -30.003  51.033 0.1111110002
132981  -46.615  -22.551  44.191 0.1111110002
62742  -45.335  -21.839  44.207 0.1111110002
54551  -46.659  -30.121  50.351 0.1111110002
55600  -47.757  -29.843  49.407 0.1111110002
136013  -47.054  -30.100  49.708 0.1111110002
54579  -46.934  -30.078  48.925 0.1111110002
54564  -46.355  -30.283  49.524 0.1111110002
63654  -45.903  -21.148  44.200 0.1111110002
127406  -47.125  -21.626  44.183 0.1111110002
63653  -44.966  -21.142  44.229 0.1111110002
55616  -47.550  -29.715  48.417 0.1111110002
122296  -45.560  -20.481  44.304 0.1111110002
130947  -44.843  -20.268  44.312 0.1111110002
129518  -44.355  -20.919  44.255 0.1111110002
64605  -43.876  -20.417  44.258 0.1111110002
64618  -45.627  -20.203  44.418 0.1111110002
65617  -44.152  -19.694  44.327 0.1111110002
65616  -43.091  -19.924  44.121 0.1111110002
127759  -41.828  -19.325  43.452 0.1111110002
64646  -42.887  -20.528  39.537 0.1111110002
143615  -42.214  -18.625  43.480 0.1111110002
66620  -41.776  -18.623  43.061 0.1111110002
66633  -41.556  -18.674  42.383 0.1111110002
65650  -41.559  -19.650  41.194 0.1111110002
65657  -42.704  -20.004  40.053 0.1111110002
65658  -43.421  -19.971  39.566 0.1111110002
120541  -43.113  -20.907  38.808 0.1111110002
142924  -43.364  -20.529  39.262 0.1111110002
64651  -43.805  -20.933  38.245 0.1111110002
59784  -49.523  -25.627  45.828 0.2222220004
65626  -44.894  -19.727  44.443 0.1111110002
143639  -44.307  -19.249  44.444 0.1111110002
65625  -43.554  -19.097  44.196 0.1111110002
67659  -41.865  -17.910  42.705 0.1111110002
67670  -41.814  -18.009  41.915 0.1111110002
66641  -41.633  -18.807  41.554 0.1111110002
66642  -42.062  -18.251  41.118 0.1111110002
66648  -41.930  -19.065  40.834 0.1111110002
66649  -42.464  -18.632  40.477 0.1111110002
66659  -42.938  -19.211  39.986 0.1111110002
64647  -43.903  -20.490  38.958 0.1111110002
64652  -44.423  -20.655  38.415 0.1111110002
64662  -44.462  -20.900  37.818 0.1111110002
59780  -49.047  -25.030  46.358 0.1111110002
61710  -49.849  -22.780  47.017 0.2222220004
64593  -46.681  -20.071  45.104 0.1111110002
64599  -46.492  -20.229  44.646 0.1111110002
66624  -45.361  -19.769  44.561 0.1111110002
132400  -43.010  -18.337  43.881 0.1111110002
67660  -42.415  -17.282  42.988 0.1111110002
66621  -42.258  -17.955  43.323 0.1111110002
67683  -42.322  -17.463  41.421 0.1111110002
67694  -42.613  -17.775  40.663 0.1111110002
66660  -43.626  -18.962  39.578 0.1111110002
65660  -45.007  -19.462  38.895 0.1111110002
65666  -44.715  -20.221  38.719 0.1111110002
122746  -45.079  -20.812  37.494 0.1111110002
127463  -47.271  -20.501  45.598 0.1111110002
120771  -43.842  -18.660  44.457 0.1111110002
67671  -42.215  -17.300  42.253 0.1111110002
66650  -43.086  -18.301  40.041 0.1111110002
66661  -44.428  -18.748  39.297 0.1111110002
65667  -45.539  -20.091  38.489 0.1111110002
64653  -45.909  -20.464  38.131 0.1111110002
120811  -45.164  -20.620  38.173 0.1111110002
140056  -46.353  -20.638  37.088 0.1111110002
64663  -45.773  -20.690  37.629 0.1111110002
68710  -42.841  -16.925  40.968 0.1111110002
67695  -43.321  -17.428  40.302 0.1111110002
67696  -44.164  -17.177  40.029 0.1111110002
68728  -45.048  -16.963  39.802 0.1111110002
67710  -43.834  -18.028  39.676 0.1111110002
137893  -45.301  -18.568  39.106 0.1111110002
64686  -45.607  -20.085  35.717 0.1111110002
64664  -47.157  -20.422  37.268 0.1111110002
130006  -46.479  -20.525  37.784 0.1111110002
67711  -44.720  -17.844  39.512 0.1111110002
66662  -46.187  -18.420  38.971 0.1111110002
66672  -45.867  -19.282  38.656 0.1111110002
65668  -46.446  -20.033  38.277 0.1111110002
65679  -47.048  -20.270  37.916 0.1111110002
64677  -46.846  -20.334  36.452 0.1111110002
64678  -47.568  -20.110  36.478 0.1111110002
64665  -47.868  -20.133  37.081 0.1111110002
133653  -47.450  -22.584  44.274 0.1111110002
125170  -47.971  -21.707  44.350 0.1111110002
64619  -46.027  -20.183  44.484 0.1111110002
65619  -45.786  -19.867  44.636 0.1111110002
65627  -45.257  -19.900  44.486 0.1111110002
66613  -45.121  -19.289  44.821 0.1111110002
59783  -48.815  -25.782  46.110 0.1111110002
63655  -46.688  -20.834  44.245 0.1111110002
64584  -47.481  -21.063  46.330 0.1111110002
40860  -36.359  -43.524  64.830 0.1111110002
34287  -28.507  -50.866  76.115 0.2222220004
35370  -28.283  -49.851  75.350 0.1111110002
36464  -28.321  -49.434  75.900 0.2222220004
140897  -28.283  -49.231  76.355 0.2222220004
55629  -47.310  -29.382  47.662 0.1111110002
65624  -42.623  -19.166  43.804 0.1111110002
65623  -42.122  -19.993  43.837 0.1111110002
141289  -42.400  -19.383  40.385 0.1111110002
65659  -44.199  -19.689  39.200 0.1111110002
66623  -44.791  -19.371  44.566 0.1111110002
65628  -45.700  -20.032  44.506 0.1111110002
139683  -46.163  -20.377  36.352 0.1111110002
36377  -16.724  -48.643  82.100 0.1111110002
33234  -17.811  -50.313  81.128 0.2222220004
37458  -17.073  -48.293  81.590 0.1111110002
36370  -17.360  -48.626  82.162 0.2222220004
35282  -17.732  -48.774  82.205 0.2222220004
34222  -17.663  -49.457  81.950 0.2222220004
33235  -18.415  -50.163  80.759 0.2222220004
32276  -18.167  -50.818  80.222 0.2222220004
32281  -17.808  -51.477  79.729 0.2222220004
33228  -17.964  -49.657  81.622 0.2222220004
31370  -17.277  -52.104  78.578 0.2222220004
33269  -17.523  -50.676  78.159 0.2222220004
34275  -17.156  -50.785  77.856 0.2222220004
34284  -16.939  -50.112  77.356 0.2222220004
34283  -16.441  -51.011  77.159 0.2222220004
34291  -16.100  -50.319  76.418 0.2222220004
34290  -15.541  -50.079  75.437 0.2222220004
131551  -15.199  -49.872  74.755 0.1111110002
36378  -17.472  -48.367  81.916 0.1111110002
34230  -18.613  -49.443  81.396 0.2222220004
33239  -18.726  -50.170  80.306 0.2222220004
32282  -18.380  -50.760  79.907 0.2222220004
133905  -18.189  -50.995  79.523 0.2222220004
32289  -17.810  -51.552  79.268 0.2222220004
31367  -17.576  -51.968  79.040 0.2222220004
34276  -17.992  -49.918  78.133 0.2222220004
35341  -17.684  -50.029  77.886 0.2222220004
35353  -16.853  -49.334  76.766 0.2222220004
35367  -16.177  -49.370  75.944 0.2222220004
135741  -16.269  -48.730  75.523 0.2222220004
35366  -15.650  -49.245  75.185 0.1111110002
36457  -15.950  -48.398  74.836 0.1111110002
133960  -15.513  -48.342  74.090 0.1111110002
34277  -18.529  -49.391  78.224 0.2222220004
35342  -18.335  -49.308  77.884 0.2222220004
35354  -17.635  -49.335  77.431 0.2222220004
35355  -18.280  -48.797  77.389 0.2222220004
34301  -28.164  -50.665  74.768 0.1111110002
57628  -51.093  -27.688  61.489 0.1111110002
57629  -51.689  -27.461  61.066 0.1111110002
57619  -51.337  -27.950  61.569 0.1111110002
57630  -52.086  -27.839  60.945 0.1111110002
56612  -52.547  -27.481  59.637 0.1111110002
55480  -52.329  -28.843  57.809 0.1111110002
58680  -51.383  -27.140  60.910 0.1111110002
58691  -51.995  -26.816  60.323 0.1111110002
58692  -52.357  -26.766  59.624 0.1111110002
56623  -52.684  -27.625  58.746 0.1111110002
140904  -52.334  -27.659  60.372 0.1111110002
55468  -52.498  -28.677  58.732 0.1111110002
136163  -52.210  -28.998  56.922 0.1111110002
58690  -51.530  -26.777  60.125 0.1111110002
57651  -52.602  -26.831  59.279 0.1111110002
56624  -53.102  -27.101  58.086 0.1111110002
56637  -52.791  -27.827  57.840 0.1111110002
55497  -52.191  -29.124  56.020 0.1111110002
58705  -52.252  -26.658  59.415 0.1111110002
57652  -52.695  -26.727  58.668 0.1111110002
57663  -53.236  -26.992  58.555 0.1111110002
56638  -53.358  -27.125  57.372 0.1111110002
141384  -52.670  -28.361  57.207 0.1111110002
140802  -17.697  -50.450  78.139 0.2222220004
36444  -16.868  -48.659  76.103 0.2222220004
57640  -52.307  -27.121  60.241 0.1111110002
58706  -52.559  -26.706  59.066 0.1111110002
58716  -51.863  -26.512  58.777 0.1111110002
58718  -52.966  -26.753  58.143 0.1111110002
128338  -16.245  -55.342  78.437 0.1111110002
142131  -16.360  -55.741  78.039 0.1111110002
129706  -16.697  -55.217  78.442 0.1111110002
34208  -15.072  -49.788  82.249 0.1111110002
33214  -15.396  -50.272  81.989 0.1111110002
27683  -16.672  -55.699  78.137 0.1111110002
33224  -14.983  -50.867  81.766 0.1111110002
28610  -16.048  -54.884  78.767 0.1111110002
28622  -16.857  -55.332  77.437 0.1111110002
34209  -15.803  -49.741  82.176 0.1111110002
33215  -16.093  -50.089  81.954 0.1111110002
28611  -16.531  -54.814  78.952 0.1111110002
33225  -15.664  -50.817  81.604 0.1111110002
121399  -17.052  -55.129  78.331 0.1111110002
32270  -15.646  -51.590  81.292 0.1111110002
28608  -16.090  -54.611  78.974 0.1111110002
28615  -17.091  -54.876  78.874 0.1111110002
29543  -17.188  -54.871  78.007 0.1111110002
35280  -15.964  -49.246  82.321 0.1111110002
34210  -16.486  -49.488  82.214 0.1111110002
135147  -16.083  -51.180  81.325 0.1111110002
31352  -16.564  -52.035  80.583 0.1111110002
134176  -16.103  -51.820  80.993 0.1111110002
136257  -16.452  -54.417  79.376 0.1111110002
29536  -16.838  -54.452  79.455 0.1111110002
29539  -17.272  -54.543  78.792 0.1111110002
31343  -15.795  -52.071  81.013 0.1111110002
143587  -16.325  -53.154  80.324 0.1111110002
29534  -16.537  -54.071  79.723 0.1111110002
30447  -17.409  -53.928  79.294 0.1111110002
30450  -17.418  -53.883  78.738 0.1111110002
31366  -17.256  -53.039  78.620 0.1111110002
33267  -16.675  -51.527  77.556 0.1111110002
34221  -16.865  -49.805  81.948 0.1111110002
33226  -16.422  -50.526  81.587 0.1111110002
32271  -16.682  -51.122  81.122 0.1111110002
139594  -17.221  -51.256  80.674 0.1111110002
30439  -17.031  -52.317  80.232 0.1111110002
30444  -17.131  -53.219  79.951 0.1111110002
30445  -17.351  -53.271  79.581 0.1111110002
30448  -17.419  -53.041  78.978 0.1111110002
31369  -17.094  -53.087  78.346 0.1111110002
33268  -16.968  -51.541  77.990 0.1111110002
36445  -17.743  -48.593  76.743 0.1111110002
36458  -16.796  -48.102  75.375 0.1111110002
36470  -16.519  -47.806  74.756 0.1111110002
36369  -16.562  -48.891  82.328 0.1111110002
35281  -16.896  -49.071  82.363 0.1111110002
34211  -17.298  -49.235  82.222 0.1111110002
33227  -17.241  -50.207  81.528 0.1111110002
31353  -17.537  -51.517  80.166 0.1111110002
31358  -17.328  -52.439  79.842 0.1111110002
31363  -17.533  -52.345  79.365 0.1111110002
36459  -17.575  -48.110  75.907 0.1111110002
37536  -17.527  -47.628  75.308 0.1111110002
125483  -17.841  -50.800  80.569 0.1111110002
36446  -18.677  -48.246  76.961 0.1111110002
36460  -18.375  -47.962  76.212 0.1111110002
123074  -18.092  -47.677  75.651 0.1111110002
37548  -18.191  -47.214  75.135 0.1111110002
36433  -18.887  -48.554  77.605 0.1111110002
36447  -19.375  -47.944  77.228 0.1111110002
37524  -19.258  -47.614  76.369 0.1111110002
37537  -18.748  -47.430  75.672 0.1111110002
38625  -19.016  -46.913  75.006 0.1111110002
124116  -26.423  -35.448  61.084 0.1111110002
49018  -26.445  -35.213  60.388 0.1111110002
47019  -26.652  -36.883  62.947 0.1111110002
138044  -26.602  -36.003  60.714 0.1111110002
51284  -27.285  -33.659  60.662 0.1111110002
122861  -26.580  -34.496  60.163 0.1111110002
123659  -27.937  -33.474  61.015 0.1111110002
51262  -28.128  -33.467  61.553 0.1111110002
50045  -36.170  -34.009  66.142 0.1111110002
51161  -37.031  -34.167  66.521 0.1111110002
51178  -36.437  -33.542  66.078 0.1111110002
60733  -53.869  -24.397  45.361 0.1111110002
58826  -53.903  -26.069  45.613 0.1111110002
59781  -53.648  -25.151  45.466 0.1111110002
59782  -54.055  -25.158  45.249 0.1111110002
60740  -54.291  -24.366  44.958 0.1111110002
128933  -53.995  -27.293  46.308 0.1111110002
57826  -54.423  -27.548  46.304 0.1111110002
56736  -54.875  -28.041  48.455 0.1111110002
56761  -54.570  -28.128  47.688 0.1111110002
57789  -55.088  -27.804  49.420 0.1111110002
124588  -54.512  -27.414  50.758 0.1111110002
58776  -54.369  -26.672  53.286 0.1111110002
58735  -52.848  -26.612  57.026 0.1111110002
57708  -52.968  -26.647  55.654 0.1111110002
58753  -53.415  -26.627  55.184 0.1111110002
130008  -53.756  -27.704  46.719 0.1111110002
57825  -53.054  -27.614  46.565 0.1111110002
139195  -54.230  -28.258  48.167 0.1111110002
56760  -53.871  -28.175  47.444 0.1111110002
56759  -52.950  -28.453  47.546 0.1111110002
56735  -54.151  -28.213  49.040 0.1111110002
56745  -53.503  -28.424  48.260 0.1111110002
56744  -52.542  -28.622  48.380 0.1111110002
58715  -51.464  -26.804  58.269 0.1111110002
57675  -51.307  -27.132  57.288 0.1111110002
57692  -52.478  -26.779  56.188 0.1111110002
57788  -54.422  -27.811  50.002 0.1111110002
56725  -53.638  -28.109  49.779 0.1111110002
58704  -51.528  -26.707  59.209 0.1111110002
57691  -51.935  -26.868  56.737 0.1111110002
57741  -52.468  -27.234  53.997 0.1111110002
57771  -53.256  -27.258  51.834 0.1111110002
58725  -52.326  -26.637  57.805 0.1111110002
57724  -52.644  -26.996  54.846 0.1111110002
58765  -53.376  -26.740  54.453 0.1111110002
56724  -52.758  -28.159  50.119 0.1111110002
58838  -54.270  -25.830  44.534 0.1111110002
59788  -54.325  -25.080  44.718 0.1111110002
57690  -50.969  -27.423  56.350 0.1111110002
57707  -52.080  -27.226  55.368 0.1111110002
57779  -52.948  -27.623  51.035 0.1111110002
56713  -52.018  -27.902  50.806 0.1111110002
129642  -54.198  -25.658  43.676 0.1111110002
139707  -52.365  -27.299  53.237 0.1111110002
57756  -52.749  -27.258  52.558 0.1111110002
140945  -53.929  -27.034  44.209 0.1111110002
57723  -51.572  -27.420  54.468 0.1111110002
56800  -53.738  -28.086  44.410 0.1111110002
56827  -53.131  -28.502  43.947 0.1111110002
56826  -52.467  -28.799  43.709 0.1111110002
132978  -51.646  -29.085  43.619 0.1111110002
132979  -50.765  -29.180  43.587 0.1111110002
56824  -50.363  -28.163  43.349 0.1111110002
56823  -49.448  -28.006  43.389 0.1111110002
60750  -54.495  -24.360  44.213 0.1111110002
57706  -50.643  -27.491  55.503 0.1111110002
56723  -51.702  -28.378  50.107 0.1111110002
59794  -54.415  -25.028  43.878 0.1111110002
123912  -51.569  -27.302  55.873 0.1111110002
57755  -51.793  -27.435  52.626 0.1111110002
57740  -51.607  -27.416  53.498 0.1111110002
57866  -53.476  -26.908  43.699 0.1111110002
137948  -53.149  -27.583  43.741 0.1111110002
57865  -52.771  -26.748  43.088 0.1111110002
56825  -51.771  -28.035  43.407 0.1111110002
57864  -51.927  -27.076  42.959 0.1111110002
141840  -51.104  -28.348  43.401 0.1111110002
57863  -51.006  -27.371  42.926 0.1111110002
57884  -51.394  -26.454  42.347 0.1111110002
57862  -49.987  -27.233  42.768 0.1111110002
57883  -50.541  -26.535  42.212 0.1111110002
57861  -48.945  -27.178  42.522 0.1111110002
124083  -51.422  -27.907  51.271 0.1111110002
61739  -54.498  -23.748  43.727 0.1111110002
62737  -54.305  -23.086  44.975 0.1111110002
57754  -50.897  -27.519  52.841 0.1111110002
57769  -51.161  -27.708  51.962 0.1111110002
60768  -54.483  -24.400  43.287 0.1111110002
61727  -54.456  -23.691  44.600 0.1111110002
59811  -54.342  -25.025  43.008 0.1111110002
59836  -54.185  -24.499  42.543 0.1111110002
138379  -53.991  -25.540  42.905 0.1111110002
142462  -54.022  -25.020  42.475 0.1111110002
58849  -53.425  -26.056  42.955 0.1111110002
135306  -53.457  -25.327  42.391 0.1111110002
59835  -53.573  -24.708  42.227 0.1111110002
58869  -52.721  -25.815  42.401 0.1111110002
59834  -52.704  -25.055  41.956 0.1111110002
126898  -52.127  -26.325  42.474 0.1111110002
58868  -51.797  -25.696  41.979 0.1111110002
60785  -52.385  -24.625  42.003 0.1111110002
134102  -50.989  -26.005  41.866 0.1111110002
131689  -50.908  -25.518  41.795 0.1111110002
59833  -51.737  -25.022  41.819 0.1111110002
57882  -49.628  -26.520  41.955 0.1111110002
58867  -50.222  -25.992  41.683 0.1111110002
56712  -50.541  -28.274  51.184 0.1111110002
62761  -54.205  -23.289  43.440 0.1111110002
60787  -53.761  -24.095  42.298 0.1111110002
61765  -53.206  -23.891  42.334 0.1111110002
60786  -53.067  -24.412  42.117 0.1111110002
61751  -52.776  -23.461  42.761 0.1111110002
61763  -51.739  -24.419  42.167 0.1111110002
62758  -52.241  -22.888  43.419 0.1111110002
56774  -53.279  -28.124  46.992 0.1111110002
142930  -53.531  -27.204  46.296 0.1111110002
62747  -54.396  -23.133  44.213 0.1111110002
56733  -52.150  -28.566  49.299 0.1111110002
61752  -53.657  -23.465  42.814 0.1111110002
142538  -19.848  -47.468  76.826 0.1111110002
136239  -19.458  -47.136  75.632 0.1111110002
47031  -26.709  -37.116  62.000 0.1111110002
47941  -26.554  -36.141  61.507 0.1111110002
51304  -26.952  -33.935  59.971 0.1111110002
136386  -28.784  -33.525  61.086 0.1111110002
138247  -14.793  -50.404  82.071 0.1111110002
29533  -16.067  -54.015  79.562 0.1111110002
29537  -17.173  -54.358  79.455 0.1111110002
29535  -17.042  -53.858  79.876 0.1111110002
120374  -17.295  -54.389  78.325 0.1111110002
30443  -16.569  -53.537  80.071 0.1111110002
30438  -16.628  -52.927  80.336 0.1111110002
120232  -17.206  -53.862  79.714 0.1111110002
33277  -16.290  -51.893  76.915 0.1111110002
141973  -17.244  -50.730  81.140 0.1111110002
32305  -16.591  -52.364  77.457 0.1111110002
37535  -17.021  -47.566  74.921 0.1111110002
51283  -26.690  -34.014  60.783 0.1111110002
139083  -54.017  -26.881  45.982 0.1111110002
57808  -54.397  -27.906  46.897 0.1111110002
57809  -55.160  -28.089  47.657 0.1111110002
57742  -53.313  -26.933  53.458 0.1111110002
57757  -53.731  -26.922  52.575 0.1111110002
56734  -53.126  -28.387  49.143 0.1111110002
57780  -53.699  -27.736  50.495 0.1111110002
57772  -53.935  -27.326  51.272 0.1111110002
137903  -54.167  -26.523  44.360 0.1111110002
58850  -53.907  -26.255  43.600 0.1111110002
57770  -52.159  -27.531  51.701 0.1111110002
57844  -54.271  -27.516  44.809 0.1111110002
137969  -53.491  -29.118  44.385 0.1111110002
127073  -52.550  -27.760  43.495 0.1111110002
133426  -49.858  -29.065  43.694 0.1111110002
127472  -48.964  -28.931  43.890 0.1111110002
119827  -51.298  -28.221  50.729 0.1111110002
61753  -54.306  -23.846  42.837 0.1111110002
58866  -49.286  -26.020  41.384 0.1111110002
61764  -52.529  -24.071  42.277 0.1111110002
27723  -28.075  -55.300  72.619 0.3333329856
27728  -27.283  -55.452  71.901 0.3333329856
27730  -28.577  -55.397  72.056 0.3333329856
27739  -27.009  -55.480  71.358 0.3333329856
27741  -28.253  -55.364  71.462 0.3333329856
27742  -29.225  -55.371  71.801 0.3333329856
27755  -27.286  -55.407  71.006 0.3333329856
27757  -28.671  -55.232  70.980 0.3333329856
28636  -27.891  -54.300  74.196 0.5555559993
28648  -27.090  -54.592  73.799 0.4444440007
28649  -27.597  -54.620  73.743 0.4444440007
28652  -29.893  -55.041  72.338 0.5555559993
28667  -25.720  -54.674  72.696 0.3333329856
28670  -27.565  -55.024  73.192 0.3333329856
28682  -26.229  -55.168  72.187 0.3333329856
28683  -26.842  -55.281  72.439 0.3333329856
28684  -29.626  -55.285  72.108 0.3333329856
28698  -26.298  -55.381  70.692 0.3333329856
28699  -27.103  -55.290  70.604 0.2222220004
29556  -27.711  -53.492  75.276 0.5555559993
29564  -25.925  -53.428  75.233 0.4444440007
29565  -27.019  -53.807  74.913 0.4444440007
29566  -27.556  -53.801  74.840 0.5555559993
29567  -28.168  -53.863  74.599 0.6666669846
29576  -29.589  -54.403  73.174 0.6666669846
29589  -25.261  -54.161  73.237 0.3333329856
29605  -31.196  -54.559  72.013 0.6666669846
29624  -26.464  -55.167  70.119 0.2222220004
29625  -29.811  -55.043  70.704 0.1111110002
29633  -27.172  -54.860  69.903 0.2222220004
29636  -29.514  -54.634  70.106 0.1111110002
29653  -28.862  -54.391  69.659 0.1111110002
30459  -25.992  -53.019  75.845 0.4444440007
30461  -27.169  -53.032  75.820 0.6666669846
30469  -26.083  -53.036  75.757 0.4444440007
30470  -26.965  -53.003  75.823 0.4444440007
30471  -27.292  -53.158  75.680 0.5555559993
30480  -25.792  -53.072  75.561 0.4444440007
30496  -23.978  -53.217  72.933 0.3333329856
30498  -24.957  -53.713  73.708 0.3333329856
30535  -24.307  -54.608  70.435 0.3333329856
30547  -30.042  -54.368  69.652 0.1111110002
30549  -32.136  -53.857  70.193 0.2222220004
31376  -25.987  -52.664  76.120 0.4444440007
31378  -26.661  -52.653  76.208 0.4444440007
31386  -28.281  -52.862  75.820 0.6666669846
32308  -25.881  -52.078  76.555 0.4444440007
32316  -25.448  -52.007  76.157 0.4444440007
32402  -31.457  -52.641  68.828 0.2222220004
33262  -26.492  -51.190  77.051 0.4444440007
33271  -25.532  -51.513  76.435 0.4444440007
33336  -33.740  -51.073  70.488 0.3333329856
34252  -26.932  -50.009  77.570 0.6666669846
34263  -25.819  -50.419  77.194 0.4444440007
35427  -35.018  -48.801  70.590 0.5555559993
36420  -27.021  -48.846  78.038 0.6666669846
37453  -18.558  -47.962  82.175 0.2222220004
37496  -24.843  -46.284  79.006 0.5555559993
37588  -34.992  -47.066  71.150 0.7777780294
38510  -23.071  -45.782  81.768 0.4444440007
38552  -27.115  -46.635  78.555 0.5555559993
38604  -27.896  -46.998  76.921 0.2222220004
39783  -35.989  -44.657  67.508 0.3333329856
40766  -36.138  -44.509  70.920 0.8888890147
42466  -35.958  -43.478  71.426 0.8888890147
42560  -36.561  -42.673  65.420 0.4444440007
45054  -31.452  -39.576  72.558 0.1111110002
46118  -27.645  -38.162  60.881 0.4444440007
48922  -39.681  -35.132  67.080 0.6666669846
48940  -39.939  -35.062  66.287 0.7777780294
49113  -32.710  -34.859  53.943 0.2222220004
50032  -40.793  -34.044  66.610 0.7777780294
50049  -40.561  -34.447  66.664 0.6666669846
50050  -41.128  -34.124  66.278 0.7777780294
51181  -39.395  -33.797  66.627 0.6666669846
62760  -53.761  -22.963  43.491 0.2222220004
121342  -27.507  -33.692  59.867 0.4444440007
125473  -26.451  -52.999  75.814 0.5555559993
127934  -31.092  -54.478  72.242 0.7777780294
130357  -26.853  -51.242  76.999 0.6666669846
131451  -37.063  -33.725  66.315 0.1111110002
132226  -24.916  -52.018  75.345 0.4444440007
135345  -34.501  -49.335  71.306 0.8888890147
136171  -21.885  -44.893  81.289 0.4444440007
139431  -40.162  -34.099  67.029 0.6666669846
139545  -31.168  -39.873  74.127 0.1111110002
139655  -28.255  -55.044  70.698 0.1111110002
140073  -32.532  -53.933  71.238 0.4444440007
143406  -27.044  -37.929  62.004 0.2222220004
143657  -26.831  -50.219  77.416 0.5555559993
