#!ascii label  , from subject sub-v1s2x0051478_ses-1 vox2ras=TkReg
5732
522  16.104  -106.637  52.739 0.0000000000
21821  9.969  -77.626  32.366 0.0000000000
15887  3.778  -83.636  53.162 0.0000000000
4610  9.342  -99.073  20.356 0.0000000000
36803  19.015  -61.816  35.662 0.0000000000
166435  21.745  -108.014  42.923 0.0000000000
18857  0.754  -81.145  36.752 0.0000000000
27531  10.037  -70.646  44.285 0.0000000000
32702  12.891  -66.442  33.808 0.0000000000
3102  11.475  -101.266  57.632 0.0000000000
2175  2.404  -104.018  54.222 0.0000000000
7433  0.237  -94.411  44.743 0.0000000000
25501  9.030  -74.434  48.184 0.0000000000
1990  8.779  -104.231  31.293 0.0000000000
13810  12.917  -86.865  31.720 0.0000000000
1804  23.938  -104.582  53.149 0.0000000000
2224  29.038  -101.458  48.495 0.0000000000
141526  21.780  -109.474  47.036 0.0000000000
34780  13.122  -64.787  36.016 0.0000000000
162039  6.536  -102.287  52.715 0.0000000000
8695  -0.344  -92.638  52.655 0.0000000000
163491  3.141  -87.540  49.403 0.0000000000
15977  -1.043  -83.617  47.659 0.0000000000
27480  14.568  -70.917  47.487 0.0000000000
143037  17.363  -74.600  42.462 0.0000000000
27518  23.503  -71.168  44.787 0.0000000000
2534  5.705  -103.137  19.290 0.0000000000
914  3.749  -107.717  25.327 0.0000000000
2498  10.833  -103.690  24.573 0.0000000000
5085  12.454  -98.292  30.892 0.0000000000
5193  14.261  -98.263  22.781 0.0000000000
19822  8.341  -79.441  35.795 0.0000000000
13688  7.100  -85.506  39.481 0.0000000000
16210  9.259  -83.631  30.414 0.0000000000
36763  26.734  -62.205  38.527 0.0000000000
155749  21.718  -109.177  36.003 0.0000000000
7104  4.892  -95.726  22.604 0.0000000000
26620  1.986  -72.422  40.030 0.0000000000
28696  7.833  -69.963  34.599 0.0000000000
146283  12.724  -71.800  40.280 0.0000000000
1178  12.236  -106.216  61.023 0.0000000000
92  11.497  -110.281  51.521 0.0000000000
944  5.819  -106.559  59.312 0.0000000000
4159  0.847  -99.540  60.618 0.0000000000
139004  2.805  -98.934  49.992 0.0000000000
22541  2.089  -75.938  50.006 0.0000000000
34665  27.285  -63.938  45.196 0.0000000000
143036  22.305  -55.710  43.013 0.0000000000
3571  17.235  -100.942  62.427 0.0000000000
1441  18.654  -104.255  58.926 0.0000000000
659  15.384  -109.707  29.154 0.0000000000
2480  15.994  -103.885  24.921 0.0000000000
10441  -0.132  -90.812  37.114 0.0000000000
143380  3.104  -87.808  29.757 0.0000000000
10624  8.118  -90.008  24.281 0.0000000000
147577  19.987  -86.470  24.639 0.0000000000
718  20.547  -107.954  52.070 0.0000000000
730  24.064  -107.517  50.155 0.0000000000
323  18.363  -108.752  49.661 0.0000000000
14273  5.893  -85.440  55.334 0.0000000000
11815  4.548  -89.324  52.364 0.0000000000
13474  1.075  -86.619  53.737 0.0000000000
13520  -0.015  -87.093  49.406 0.0000000000
142677  0.225  -83.456  51.974 0.0000000000
23591  16.183  -74.960  46.251 0.0000000000
25516  19.913  -73.270  46.012 0.0000000000
24596  21.134  -73.952  43.509 0.0000000000
141758  7.647  -102.462  22.646 0.0000000000
1716  8.208  -105.842  21.731 0.0000000000
2525  11.749  -103.587  20.472 0.0000000000
2960  13.175  -101.964  23.936 0.0000000000
149736  13.138  -99.986  20.067 0.0000000000
21823  5.481  -77.437  32.882 0.0000000000
17067  5.779  -82.588  32.717 0.0000000000
18970  7.890  -81.366  29.832 0.0000000000
40974  25.488  -59.037  39.050 0.0000000000
37811  24.623  -61.260  37.300 0.0000000000
1003  24.929  -102.981  45.492 0.0000000000
164648  29.860  -102.708  46.747 0.0000000000
761  26.529  -108.031  44.838 0.0000000000
602  26.035  -108.375  40.372 0.0000000000
612  21.387  -108.363  39.715 0.0000000000
28539  5.431  -70.504  42.258 0.0000000000
27659  4.882  -71.244  38.180 0.0000000000
141723  7.281  -69.297  39.840 0.0000000000
33764  19.414  -64.965  36.109 0.0000000000
35751  19.908  -63.267  39.474 0.0000000000
33766  9.959  -65.831  35.357 0.0000000000
31668  12.645  -67.302  37.976 0.0000000000
2122  10.338  -103.182  62.241 0.0000000000
931  8.539  -107.202  60.967 0.0000000000
2134  6.773  -103.300  60.423 0.0000000000
1839  6.361  -106.444  50.295 0.0000000000
1794  4.218  -104.863  55.231 0.0000000000
1497  2.931  -106.358  52.526 0.0000000000
151097  0.712  -104.006  49.828 0.0000000000
139905  0.242  -93.153  48.950 0.0000000000
6749  2.644  -95.426  52.183 0.0000000000
151749  0.399  -96.829  47.285 0.0000000000
154187  9.791  -76.255  50.033 0.0000000000
140567  7.123  -77.967  50.531 0.0000000000
23579  5.371  -76.031  47.168 0.0000000000
23620  1.246  -76.095  45.779 0.0000000000
24615  4.779  -74.584  43.979 0.0000000000
36706  23.308  -62.280  44.576 0.0000000000
35682  28.670  -62.937  44.620 0.0000000000
39853  25.998  -59.748  45.445 0.0000000000
40933  26.389  -58.455  43.672 0.0000000000
4192  15.126  -99.614  57.140 0.0000000000
4164  19.144  -100.027  58.866 0.0000000000
3590  13.851  -100.830  60.930 0.0000000000
2099  13.514  -103.590  64.017 0.0000000000
2031  5.163  -105.144  28.968 0.0000000000
892  3.620  -108.312  28.411 0.0000000000
1665  7.548  -105.766  28.829 0.0000000000
1382  11.158  -106.454  25.171 0.0000000000
2449  11.749  -103.437  27.692 0.0000000000
2875  12.558  -102.081  30.676 0.0000000000
14528  -1.123  -86.011  37.627 0.0000000000
12934  10.157  -86.969  35.233 0.0000000000
12964  5.005  -87.764  34.118 0.0000000000
139320  7.820  -89.292  31.121 0.0000000000
11395  5.711  -89.458  27.059 0.0000000000
12164  10.625  -88.246  27.954 0.0000000000
1813  27.401  -103.915  52.467 0.0000000000
999  23.389  -103.930  47.047 0.0000000000
558  20.641  -106.743  45.767 0.0000000000
37845  17.849  -61.349  33.832 0.0000000000
35825  11.064  -63.122  33.096 0.0000000000
34858  11.584  -64.155  31.958 0.0000000000
3118  8.491  -101.025  56.490 0.0000000000
4246  9.847  -99.812  51.869 0.0000000000
3197  7.476  -101.560  48.986 0.0000000000
3177  4.609  -101.522  51.553 0.0000000000
9379  -0.393  -91.544  56.566 0.0000000000
10169  1.939  -90.562  54.093 0.0000000000
10230  1.524  -90.420  49.902 0.0000000000
9506  2.679  -91.413  45.706 0.0000000000
11080  -0.746  -89.604  46.451 0.0000000000
26489  11.674  -72.632  47.965 0.0000000000
23636  8.445  -75.598  44.409 0.0000000000
22603  12.516  -76.256  46.464 0.0000000000
22676  13.673  -75.966  42.076 0.0000000000
143605  24.424  -70.888  41.445 0.0000000000
1406  3.941  -105.800  21.854 0.0000000000
1702  8.134  -106.419  24.948 0.0000000000
2907  8.541  -102.813  28.421 0.0000000000
3371  10.265  -101.760  32.011 0.0000000000
166701  11.768  -101.188  27.818 0.0000000000
5141  13.628  -98.696  26.655 0.0000000000
153174  3.874  -79.499  35.889 0.0000000000
16102  2.389  -83.249  38.659 0.0000000000
159395  4.514  -83.503  36.753 0.0000000000
138043  8.096  -84.125  35.145 0.0000000000
158811  12.550  -83.294  33.294 0.0000000000
34757  25.391  -64.679  37.267 0.0000000000
35774  23.141  -63.443  36.645 0.0000000000
36827  21.527  -61.949  33.795 0.0000000000
145748  25.916  -107.734  37.077 0.0000000000
647  22.218  -109.405  32.828 0.0000000000
5212  6.246  -98.604  19.947 0.0000000000
4567  7.847  -99.548  24.461 0.0000000000
22746  1.168  -76.526  37.922 0.0000000000
23767  4.672  -75.642  36.586 0.0000000000
24731  7.957  -74.145  35.639 0.0000000000
24787  8.600  -74.168  32.157 0.0000000000
29529  15.583  -70.144  43.504 0.0000000000
29593  15.098  -69.237  40.984 0.0000000000
28536  10.992  -69.377  42.480 0.0000000000
27657  9.083  -71.197  37.259 0.0000000000
147303  10.349  -70.725  33.178 0.0000000000
24768  12.470  -74.541  33.093 0.0000000000
947  13.725  -106.506  56.669 0.0000000000
150482  14.471  -108.643  52.423 0.0000000000
478  12.009  -109.259  57.303 0.0000000000
271  9.714  -107.190  54.415 0.0000000000
2147  4.757  -103.579  58.408 0.0000000000
497  4.611  -108.492  56.523 0.0000000000
2603  1.970  -101.669  57.037 0.0000000000
6682  -0.247  -95.724  56.661 0.0000000000
4817  1.662  -99.048  56.172 0.0000000000
3689  0.852  -101.103  52.491 0.0000000000
18635  0.860  -80.007  51.382 0.0000000000
147665  -0.261  -78.721  49.336 0.0000000000
19669  0.302  -79.829  45.406 0.0000000000
139903  26.093  -68.336  41.985 0.0000000000
34695  26.007  -64.583  43.711 0.0000000000
30513  27.527  -68.589  44.631 0.0000000000
30512  29.209  -68.540  44.514 0.0000000000
40955  26.657  -58.605  41.514 0.0000000000
4135  22.775  -98.987  61.628 0.0000000000
1735  17.606  -103.502  61.910 0.0000000000
1767  14.527  -103.691  59.502 0.0000000000
692  16.451  -106.877  56.262 0.0000000000
123  16.750  -110.408  48.366 0.0000000000
151209  17.609  -109.241  44.894 0.0000000000
31  19.076  -111.808  36.215 0.0000000000
64  18.670  -111.441  32.020 0.0000000000
145250  18.798  -109.981  28.676 0.0000000000
1368  15.308  -106.698  26.094 0.0000000000
1351  18.246  -106.466  28.732 0.0000000000
12024  2.760  -88.231  37.551 0.0000000000
155057  0.577  -87.167  33.024 0.0000000000
8335  3.068  -93.208  27.993 0.0000000000
8347  7.256  -93.810  26.722 0.0000000000
8431  8.098  -94.578  21.958 0.0000000000
147855  15.095  -81.899  29.479 0.0000000000
16207  17.791  -82.998  30.832 0.0000000000
15442  22.091  -84.785  27.517 0.0000000000
140564  15.623  -85.701  28.526 0.0000000000
13097  13.685  -86.788  24.821 0.0000000000
9854  12.416  -91.286  23.560 0.0000000000
7779  12.117  -95.082  21.290 0.0000000000
6465  17.119  -96.329  21.109 0.0000000000
162543  15.503  -93.567  24.614 0.0000000000
520  17.798  -109.148  53.495 0.0000000000
302  19.688  -109.116  51.694 0.0000000000
314  17.526  -108.102  50.772 0.0000000000
15034  4.594  -84.677  54.634 0.0000000000
13472  3.505  -86.712  54.392 0.0000000000
15036  2.348  -84.880  54.391 0.0000000000
14303  0.400  -85.561  53.278 0.0000000000
15889  1.297  -83.578  53.424 0.0000000000
27498  18.999  -71.370  46.167 0.0000000000
27496  20.822  -71.634  46.461 0.0000000000
159037  8.938  -101.422  21.625 0.0000000000
2527  9.531  -103.487  20.671 0.0000000000
3512  10.066  -101.122  19.950 0.0000000000
3009  12.365  -102.328  20.020 0.0000000000
146547  11.061  -99.078  19.857 0.0000000000
22855  6.937  -77.063  31.750 0.0000000000
143844  5.711  -79.402  31.655 0.0000000000
20871  8.434  -78.906  31.050 0.0000000000
147241  24.368  -58.577  37.724 0.0000000000
557  22.486  -106.371  44.495 0.0000000000
1016  25.737  -106.199  45.707 0.0000000000
573  24.089  -109.003  43.928 0.0000000000
150579  24.061  -108.467  42.373 0.0000000000
146945  21.478  -108.074  41.546 0.0000000000
27551  8.029  -70.761  43.555 0.0000000000
29576  6.393  -69.567  41.185 0.0000000000
29555  8.419  -69.975  42.372 0.0000000000
34777  19.118  -63.124  35.992 0.0000000000
34761  20.225  -63.889  37.870 0.0000000000
36773  19.765  -62.020  37.316 0.0000000000
32703  10.646  -66.369  34.157 0.0000000000
2583  10.394  -102.164  59.953 0.0000000000
2132  8.344  -103.417  61.149 0.0000000000
161008  8.913  -102.302  59.689 0.0000000000
1832  4.279  -105.734  50.957 0.0000000000
1495  5.272  -107.668  52.317 0.0000000000
152477  2.897  -105.732  53.083 0.0000000000
1504  0.942  -105.065  50.978 0.0000000000
1825  0.498  -104.258  52.047 0.0000000000
8060  0.427  -93.761  46.783 0.0000000000
6788  0.529  -95.202  48.300 0.0000000000
139183  -0.120  -95.523  46.502 0.0000000000
149178  9.102  -75.191  49.055 0.0000000000
22561  7.200  -76.821  47.564 0.0000000000
154502  6.619  -74.938  47.356 0.0000000000
25541  4.881  -73.922  45.754 0.0000000000
139544  6.874  -73.849  45.971 0.0000000000
39834  25.245  -60.260  45.607 0.0000000000
3634  13.372  -100.702  57.694 0.0000000000
3626  15.224  -100.147  58.692 0.0000000000
3080  13.006  -101.141  59.300 0.0000000000
2567  11.773  -102.175  61.855 0.0000000000
2403  6.479  -104.265  31.342 0.0000000000
1655  5.437  -105.912  30.510 0.0000000000
2017  8.200  -104.979  29.412 0.0000000000
2028  10.337  -104.488  27.331 0.0000000000
2002  10.147  -104.115  29.593 0.0000000000
2415  12.130  -102.706  29.344 0.0000000000
157077  11.350  -103.478  31.027 0.0000000000
141136  -0.410  -83.038  37.925 0.0000000000
12978  11.386  -87.534  33.600 0.0000000000
12069  8.691  -88.102  33.463 0.0000000000
12106  10.315  -88.586  31.455 0.0000000000
11337  9.218  -89.510  29.124 0.0000000000
13045  11.575  -87.496  29.563 0.0000000000
2645  27.095  -102.398  52.851 0.0000000000
140542  26.139  -104.051  53.026 0.0000000000
539  22.682  -109.102  48.836 0.0000000000
145743  24.901  -106.163  49.295 0.0000000000
542  23.071  -107.388  47.507 0.0000000000
745  22.427  -105.024  46.459 0.0000000000
353  21.654  -108.371  46.042 0.0000000000
158932  16.479  -62.178  33.414 0.0000000000
37874  15.240  -61.009  32.605 0.0000000000
36848  12.106  -61.607  33.021 0.0000000000
35840  11.040  -62.965  32.746 0.0000000000
162228  6.790  -100.143  49.676 0.0000000000
145716  5.488  -101.588  49.369 0.0000000000
4266  6.160  -100.230  51.465 0.0000000000
10971  4.609  -90.134  54.382 0.0000000000
12681  3.224  -88.179  51.447 0.0000000000
10218  3.357  -90.424  51.262 0.0000000000
11024  3.761  -89.464  48.936 0.0000000000
9450  2.304  -91.179  47.862 0.0000000000
11052  3.305  -89.446  47.011 0.0000000000
11094  0.969  -90.214  45.942 0.0000000000
11870  1.686  -88.547  47.473 0.0000000000
147607  0.065  -85.251  48.288 0.0000000000
12749  -0.678  -87.252  47.050 0.0000000000
26487  13.331  -72.087  47.555 0.0000000000
151821  12.335  -74.460  46.620 0.0000000000
24562  13.996  -74.404  46.766 0.0000000000
23631  17.111  -75.117  44.368 0.0000000000
23633  15.562  -75.715  44.667 0.0000000000
150211  15.884  -75.111  42.745 0.0000000000
25548  22.308  -72.920  43.957 0.0000000000
25570  21.432  -72.492  41.616 0.0000000000
26540  22.560  -71.650  42.495 0.0000000000
25583  23.865  -72.000  41.120 0.0000000000
27541  23.834  -70.221  42.647 0.0000000000
2089  4.546  -104.497  20.367 0.0000000000
1706  9.985  -106.033  23.141 0.0000000000
1390  8.432  -106.698  23.280 0.0000000000
2068  9.172  -105.402  24.769 0.0000000000
2470  7.858  -103.809  26.986 0.0000000000
2468  9.247  -103.452  26.290 0.0000000000
3417  9.921  -102.287  28.293 0.0000000000
2935  11.175  -102.354  26.326 0.0000000000
158944  13.970  -100.004  22.991 0.0000000000
139748  13.587  -100.178  25.722 0.0000000000
6427  13.075  -96.564  24.381 0.0000000000
20777  6.154  -78.518  36.293 0.0000000000
17908  5.339  -81.239  37.516 0.0000000000
17921  7.215  -81.310  36.187 0.0000000000
15392  6.767  -83.734  31.791 0.0000000000
15357  6.486  -84.453  33.718 0.0000000000
151126  8.673  -84.505  32.532 0.0000000000
15353  10.935  -84.443  33.785 0.0000000000
16197  10.391  -83.480  31.943 0.0000000000
166665  26.613  -63.287  37.696 0.0000000000
38856  23.955  -60.527  36.563 0.0000000000
37812  23.958  -61.852  36.917 0.0000000000
165173  23.301  -61.639  36.013 0.0000000000
36801  22.439  -62.941  35.338 0.0000000000
38875  22.746  -60.608  34.475 0.0000000000
1280  28.627  -104.267  42.725 0.0000000000
617  24.011  -107.882  38.228 0.0000000000
796  25.628  -108.135  38.773 0.0000000000
148137  23.650  -108.138  36.754 0.0000000000
803  24.620  -108.038  35.232 0.0000000000
155418  22.521  -108.975  34.970 0.0000000000
7123  3.577  -95.438  21.429 0.0000000000
5858  4.466  -97.255  20.050 0.0000000000
5848  5.973  -97.095  21.241 0.0000000000
153464  6.508  -98.451  21.862 0.0000000000
146852  6.540  -97.564  24.045 0.0000000000
151784  2.700  -72.774  42.229 0.0000000000
25609  1.297  -74.068  40.667 0.0000000000
23735  0.858  -75.843  39.509 0.0000000000
24710  2.046  -74.344  38.306 0.0000000000
23769  2.934  -76.038  36.425 0.0000000000
25654  3.649  -73.406  37.695 0.0000000000
27672  6.521  -70.583  36.453 0.0000000000
25651  6.553  -73.095  37.225 0.0000000000
25682  7.311  -72.795  34.825 0.0000000000
25722  7.685  -73.950  33.837 0.0000000000
26732  7.762  -72.189  33.565 0.0000000000
34778  15.277  -64.358  36.578 0.0000000000
34762  15.984  -64.462  37.663 0.0000000000
29613  13.160  -69.890  39.308 0.0000000000
30590  14.475  -69.020  39.540 0.0000000000
28575  13.723  -70.427  41.023 0.0000000000
28533  13.423  -68.851  42.064 0.0000000000
27580  11.587  -70.952  41.626 0.0000000000
27598  9.612  -70.887  40.626 0.0000000000
26617  10.438  -72.468  39.638 0.0000000000
26709  13.737  -72.142  34.840 0.0000000000
26712  11.085  -72.623  35.067 0.0000000000
27734  13.037  -71.129  33.204 0.0000000000
25733  11.892  -72.714  32.056 0.0000000000
941  13.153  -107.145  59.315 0.0000000000
469  12.964  -108.884  57.781 0.0000000000
154623  11.584  -107.947  59.441 0.0000000000
938  7.283  -107.139  60.346 0.0000000000
473  8.436  -108.093  58.171 0.0000000000
482  7.923  -105.777  56.695 0.0000000000
273  8.617  -106.891  53.601 0.0000000000
162255  7.093  -107.504  56.260 0.0000000000
3140  7.536  -101.328  54.467 0.0000000000
151766  6.552  -102.060  56.933 0.0000000000
2617  5.737  -102.765  55.768 0.0000000000
973  3.958  -107.556  54.289 0.0000000000
1213  3.705  -107.095  56.508 0.0000000000
3107  3.724  -101.031  57.282 0.0000000000
3085  1.532  -100.634  59.017 0.0000000000
143763  -0.368  -91.558  54.752 0.0000000000
159880  -0.462  -94.095  56.565 0.0000000000
7320  -0.148  -94.261  54.896 0.0000000000
5469  2.625  -97.400  51.496 0.0000000000
5449  2.792  -97.269  54.114 0.0000000000
4844  2.135  -98.808  52.765 0.0000000000
4230  1.313  -99.754  54.476 0.0000000000
4284  1.926  -100.079  51.133 0.0000000000
3729  1.189  -101.288  49.856 0.0000000000
3738  3.057  -100.217  48.767 0.0000000000
22539  4.557  -76.132  49.277 0.0000000000
22497  6.068  -77.005  51.911 0.0000000000
22500  3.928  -76.553  51.414 0.0000000000
20558  3.073  -77.486  51.756 0.0000000000
21522  1.219  -77.585  50.798 0.0000000000
19601  0.356  -79.357  50.649 0.0000000000
22544  0.196  -76.854  49.162 0.0000000000
154009  1.713  -76.876  43.941 0.0000000000
21631  0.219  -77.514  45.404 0.0000000000
22659  9.477  -76.566  43.483 0.0000000000
22661  7.853  -76.047  42.647 0.0000000000
143889  25.108  -67.910  43.055 0.0000000000
32586  25.502  -66.086  43.989 0.0000000000
36686  25.759  -62.803  44.835 0.0000000000
35686  24.881  -63.412  44.719 0.0000000000
34694  26.947  -64.425  43.392 0.0000000000
32612  27.384  -66.050  42.446 0.0000000000
32585  27.514  -66.108  44.748 0.0000000000
31567  28.164  -68.053  45.490 0.0000000000
147939  28.387  -66.637  45.269 0.0000000000
35715  29.461  -63.502  43.331 0.0000000000
33664  29.829  -65.664  43.440 0.0000000000
34706  30.127  -65.052  42.125 0.0000000000
40946  26.458  -58.286  42.605 0.0000000000
40948  24.824  -56.896  42.757 0.0000000000
144244  24.432  -56.702  40.901 0.0000000000
146546  20.601  -97.391  59.908 0.0000000000
3602  17.818  -100.319  60.559 0.0000000000
4149  21.484  -99.327  59.787 0.0000000000
3599  20.311  -100.128  61.289 0.0000000000
143988  19.979  -101.234  62.303 0.0000000000
1420  12.377  -105.427  62.707 0.0000000000
1751  14.637  -104.214  61.908 0.0000000000
1185  13.291  -105.916  60.583 0.0000000000
149738  13.780  -105.597  58.183 0.0000000000
138974  19.104  -105.201  56.308 0.0000000000
962  18.145  -106.553  55.802 0.0000000000
1196  16.948  -106.134  58.133 0.0000000000
83  13.391  -110.916  52.576 0.0000000000
160254  15.405  -108.308  49.913 0.0000000000
102  14.219  -111.184  50.278 0.0000000000
568  18.887  -105.550  44.240 0.0000000000
254  19.000  -110.669  30.131 0.0000000000
464  17.029  -109.778  28.914 0.0000000000
1145  1.601  -107.089  26.385 0.0000000000
2053  13.628  -104.564  24.602 0.0000000000
1379  13.580  -106.032  25.165 0.0000000000
139582  15.809  -105.262  25.103 0.0000000000
1132  16.862  -107.043  26.301 0.0000000000
1678  17.834  -105.147  25.999 0.0000000000
1663  18.202  -105.670  29.092 0.0000000000
2444  18.229  -103.955  26.829 0.0000000000
141411  11.272  -100.060  31.282 0.0000000000
14507  4.499  -85.342  40.104 0.0000000000
13692  2.807  -86.224  39.043 0.0000000000
12883  4.893  -86.916  38.916 0.0000000000
12096  3.819  -88.618  32.110 0.0000000000
12983  2.326  -86.919  33.690 0.0000000000
164256  2.035  -87.067  30.868 0.0000000000
12128  0.408  -88.418  30.399 0.0000000000
12194  1.205  -89.231  28.895 0.0000000000
10596  1.263  -90.620  27.329 0.0000000000
10560  2.654  -89.932  28.694 0.0000000000
11420  6.827  -90.052  25.260 0.0000000000
9079  5.364  -92.643  25.677 0.0000000000
9094  6.413  -92.527  24.164 0.0000000000
7726  7.564  -94.552  24.312 0.0000000000
9109  7.763  -92.681  23.456 0.0000000000
143470  15.876  -83.114  26.755 0.0000000000
18045  17.813  -81.500  28.616 0.0000000000
18954  16.606  -80.832  30.877 0.0000000000
18007  19.056  -81.817  29.790 0.0000000000
13867  21.253  -86.210  27.075 0.0000000000
156079  18.743  -85.492  28.113 0.0000000000
13887  17.312  -85.945  26.554 0.0000000000
13890  14.311  -86.301  26.460 0.0000000000
162032  16.986  -86.754  24.845 0.0000000000
10654  18.303  -90.440  22.682 0.0000000000
11432  15.767  -89.485  22.965 0.0000000000
9875  15.301  -91.617  22.551 0.0000000000
8418  12.613  -93.203  22.153 0.0000000000
156198  14.981  -93.705  21.717 0.0000000000
7127  14.688  -95.941  20.718 0.0000000000
1224  22.320  -106.463  52.826 0.0000000000
1229  24.293  -106.184  52.141 0.0000000000
722  22.596  -107.496  51.699 0.0000000000
536  21.561  -109.259  50.174 0.0000000000
339  20.389  -110.185  48.577 0.0000000000
10995  6.201  -89.191  53.217 0.0000000000
157951  5.508  -87.169  53.746 0.0000000000
146431  2.938  -88.058  53.309 0.0000000000
140530  1.717  -87.671  51.489 0.0000000000
12703  0.700  -87.412  50.030 0.0000000000
12684  0.048  -87.045  51.609 0.0000000000
14336  0.214  -85.062  50.927 0.0000000000
151416  -0.141  -83.688  50.197 0.0000000000
28476  15.934  -70.419  47.276 0.0000000000
25521  15.536  -72.839  46.919 0.0000000000
26502  17.303  -72.058  46.550 0.0000000000
25518  18.281  -73.596  46.258 0.0000000000
23629  18.973  -74.768  44.379 0.0000000000
24613  18.834  -74.225  42.407 0.0000000000
24579  20.139  -74.341  45.035 0.0000000000
26520  21.783  -73.021  45.802 0.0000000000
27493  23.316  -71.255  45.865 0.0000000000
2997  6.355  -102.885  21.561 0.0000000000
2087  5.711  -104.350  21.746 0.0000000000
2520  7.193  -104.134  22.064 0.0000000000
147762  9.921  -105.082  20.907 0.0000000000
2075  11.733  -104.672  22.351 0.0000000000
2962  11.959  -102.814  24.419 0.0000000000
2516  13.097  -102.970  21.662 0.0000000000
2986  13.386  -101.564  21.625 0.0000000000
146935  14.306  -99.585  21.497 0.0000000000
20818  8.048  -78.632  34.232 0.0000000000
17954  7.806  -81.601  34.017 0.0000000000
19877  5.618  -80.007  33.209 0.0000000000
18015  5.653  -81.972  31.125 0.0000000000
16225  8.207  -83.304  29.173 0.0000000000
38845  26.212  -60.420  39.074 0.0000000000
37809  26.040  -61.825  37.986 0.0000000000
39920  25.138  -59.825  38.054 0.0000000000
39924  24.192  -59.945  36.850 0.0000000000
1520  27.098  -101.711  46.398 0.0000000000
2232  29.359  -101.013  47.681 0.0000000000
1256  27.112  -103.307  46.079 0.0000000000
159301  28.392  -105.897  46.241 0.0000000000
1013  28.674  -106.199  45.463 0.0000000000
1027  28.471  -106.816  43.296 0.0000000000
778  26.622  -108.368  42.748 0.0000000000
604  24.189  -107.865  40.672 0.0000000000
417  21.614  -108.696  37.995 0.0000000000
27599  2.869  -71.205  40.933 0.0000000000
27638  3.558  -71.483  39.127 0.0000000000
28603  4.464  -70.417  39.698 0.0000000000
29640  6.018  -69.560  38.662 0.0000000000
29662  6.963  -69.640  37.372 0.0000000000
146036  20.596  -66.458  36.696 0.0000000000
33708  21.052  -65.078  40.148 0.0000000000
30632  11.751  -68.661  37.746 0.0000000000
28623  12.647  -71.217  38.864 0.0000000000
1415  10.432  -105.115  62.768 0.0000000000
152502  10.335  -106.781  60.893 0.0000000000
145642  9.054  -105.421  62.144 0.0000000000
1423  7.334  -105.559  61.993 0.0000000000
1432  5.352  -105.436  60.973 0.0000000000
2210  6.390  -104.695  50.943 0.0000000000
2173  5.121  -103.757  54.294 0.0000000000
1821  5.792  -106.542  52.413 0.0000000000
146368  4.451  -106.248  53.669 0.0000000000
982  3.402  -107.415  51.819 0.0000000000
7999  0.181  -92.966  51.020 0.0000000000
7353  0.777  -94.066  52.712 0.0000000000
7383  1.092  -94.570  50.125 0.0000000000
6782  1.644  -95.928  49.836 0.0000000000
5501  1.411  -97.872  48.707 0.0000000000
167026  2.402  -99.612  47.431 0.0000000000
21569  6.365  -77.674  47.987 0.0000000000
22564  3.438  -75.869  48.276 0.0000000000
23584  0.991  -76.074  47.488 0.0000000000
23599  3.163  -75.389  46.746 0.0000000000
24603  3.225  -74.656  44.392 0.0000000000
157329  3.819  -75.937  43.208 0.0000000000
36653  25.927  -62.205  45.314 0.0000000000
35683  28.231  -63.979  45.222 0.0000000000
37727  27.232  -61.433  45.416 0.0000000000
38756  28.070  -60.845  44.531 0.0000000000
38771  28.397  -60.364  43.588 0.0000000000
38795  28.362  -59.770  43.697 0.0000000000
147416  26.112  -58.758  44.508 0.0000000000
41964  23.921  -57.249  44.248 0.0000000000
166208  21.462  -56.534  44.635 0.0000000000
4801  18.300  -98.773  55.874 0.0000000000
4187  20.043  -99.021  57.148 0.0000000000
4179  17.142  -99.874  58.153 0.0000000000
147791  16.134  -100.322  60.074 0.0000000000
3069  15.180  -100.692  61.738 0.0000000000
2549  15.056  -102.092  63.833 0.0000000000
3061  13.708  -101.595  63.084 0.0000000000
2108  11.657  -103.542  63.423 0.0000000000
105  11.271  -108.423  50.213 0.0000000000
1143  5.274  -107.734  26.449 0.0000000000
904  3.432  -108.077  26.951 0.0000000000
1363  4.689  -106.675  28.599 0.0000000000
1354  4.921  -107.135  29.512 0.0000000000
1362  7.293  -107.313  27.995 0.0000000000
1140  9.513  -107.661  26.462 0.0000000000
1681  9.409  -106.026  26.431 0.0000000000
162116  11.378  -104.611  25.978 0.0000000000
163279  13.491  -103.452  25.529 0.0000000000
2933  15.350  -102.583  26.250 0.0000000000
2447  13.465  -102.399  26.903 0.0000000000
2904  14.183  -101.519  28.221 0.0000000000
141842  -0.941  -88.335  37.795 0.0000000000
13718  8.620  -86.402  37.084 0.0000000000
12914  6.328  -87.275  36.393 0.0000000000
12963  7.117  -87.706  34.831 0.0000000000
12094  5.708  -88.831  32.686 0.0000000000
11317  4.857  -88.821  30.229 0.0000000000
12169  4.558  -88.660  28.599 0.0000000000
11340  6.158  -89.183  28.890 0.0000000000
12190  7.881  -89.174  27.054 0.0000000000
138886  9.132  -88.433  25.754 0.0000000000
3709  25.663  -100.249  50.468 0.0000000000
3694  27.516  -100.236  51.931 0.0000000000
161821  29.224  -102.225  52.674 0.0000000000
1826  28.712  -103.449  50.816 0.0000000000
1236  25.918  -105.666  51.377 0.0000000000
1506  26.782  -104.140  49.523 0.0000000000
1512  26.365  -102.447  47.985 0.0000000000
998  23.642  -102.395  46.078 0.0000000000
750  22.365  -105.051  45.668 0.0000000000
148761  21.240  -107.177  44.386 0.0000000000
36815  18.182  -61.548  34.509 0.0000000000
36785  18.379  -61.710  37.089 0.0000000000
35808  17.558  -62.193  35.186 0.0000000000
34809  13.854  -64.328  34.251 0.0000000000
37875  14.225  -61.463  32.623 0.0000000000
35823  13.492  -63.375  33.067 0.0000000000
34810  12.472  -64.375  34.382 0.0000000000
34811  10.609  -64.897  34.391 0.0000000000
33788  10.616  -64.971  33.806 0.0000000000
151787  12.051  -65.340  32.423 0.0000000000
146317  12.382  -100.216  55.738 0.0000000000
148085  9.835  -100.868  57.090 0.0000000000
3650  10.252  -99.949  55.253 0.0000000000
3652  9.119  -100.335  54.338 0.0000000000
3150  8.211  -100.892  52.906 0.0000000000
3702  8.842  -100.779  50.894 0.0000000000
2661  7.022  -102.292  51.145 0.0000000000
2227  6.405  -103.882  48.928 0.0000000000
141180  4.681  -103.999  49.158 0.0000000000
2651  3.613  -102.728  52.656 0.0000000000
10975  0.509  -90.066  54.823 0.0000000000
158254  -0.239  -90.966  53.445 0.0000000000
9411  4.325  -91.247  52.507 0.0000000000
138405  2.388  -90.933  51.920 0.0000000000
10211  -0.141  -90.747  51.262 0.0000000000
9438  0.419  -91.309  49.464 0.0000000000
139276  1.247  -92.399  47.348 0.0000000000
8774  1.599  -93.141  45.344 0.0000000000
8104  0.122  -93.452  43.307 0.0000000000
9521  1.324  -91.851  44.458 0.0000000000
12731  -0.476  -88.131  47.699 0.0000000000
26491  10.302  -73.205  48.352 0.0000000000
25538  8.337  -73.996  46.239 0.0000000000
24565  10.422  -74.499  46.059 0.0000000000
153918  10.400  -76.099  45.798 0.0000000000
22640  11.459  -76.910  44.588 0.0000000000
23592  14.314  -75.800  46.307 0.0000000000
22638  13.375  -76.327  44.495 0.0000000000
22677  12.214  -76.250  41.964 0.0000000000
24635  19.955  -73.350  41.044 0.0000000000
4212  14.591  -99.301  55.538 0.0000000000
1160  3.753  -106.848  23.925 0.0000000000
144510  6.507  -106.192  22.813 0.0000000000
1164  6.350  -106.882  23.210 0.0000000000
1147  6.166  -107.674  25.079 0.0000000000
1683  6.169  -105.831  26.850 0.0000000000
2435  6.766  -103.592  28.903 0.0000000000
2877  7.632  -103.243  31.037 0.0000000000
165754  9.672  -102.853  32.088 0.0000000000
2890  9.252  -102.270  30.153 0.0000000000
3939  10.873  -101.089  29.785 0.0000000000
4504  11.744  -99.680  29.855 0.0000000000
3436  12.402  -101.499  26.453 0.0000000000
3961  13.077  -100.053  27.421 0.0000000000
5120  13.138  -98.693  28.982 0.0000000000
5760  13.295  -97.428  28.549 0.0000000000
18888  1.869  -79.997  35.338 0.0000000000
17002  1.241  -82.481  36.040 0.0000000000
17910  3.249  -81.091  37.349 0.0000000000
16101  3.475  -83.163  38.843 0.0000000000
15274  5.439  -84.270  38.679 0.0000000000
17035  5.122  -83.383  34.664 0.0000000000
15299  6.205  -84.370  36.376 0.0000000000
15271  8.208  -84.052  38.136 0.0000000000
15316  10.407  -84.828  36.000 0.0000000000
14553  11.579  -85.640  34.865 0.0000000000
165865  13.641  -85.285  33.362 0.0000000000
33741  24.142  -66.297  36.925 0.0000000000
36771  24.833  -62.571  37.409 0.0000000000
35762  24.119  -63.977  37.276 0.0000000000
33743  22.623  -65.659  36.690 0.0000000000
34795  21.952  -64.413  35.827 0.0000000000
35795  20.046  -63.964  34.777 0.0000000000
36813  19.941  -62.847  33.964 0.0000000000
39949  22.115  -59.924  33.292 0.0000000000
788  27.791  -107.695  40.739 0.0000000000
815  24.864  -107.462  33.681 0.0000000000
650  23.108  -108.696  31.815 0.0000000000
15032  6.765  -84.555  54.861 0.0000000000
4612  4.591  -99.410  19.543 0.0000000000
4048  6.251  -101.025  19.215 0.0000000000
4027  6.662  -101.066  21.693 0.0000000000
3470  7.278  -101.131  23.491 0.0000000000
138443  9.053  -99.593  22.733 0.0000000000
21837  12.191  -77.628  31.812 0.0000000000
155072  10.372  -78.294  30.641 0.0000000000
19780  -0.038  -80.381  39.947 0.0000000000
20751  0.732  -78.151  39.048 0.0000000000
19809  1.073  -79.185  36.559 0.0000000000
21772  2.906  -78.039  35.732 0.0000000000
144976  4.536  -77.232  35.824 0.0000000000
21750  6.583  -76.810  36.509 0.0000000000
24707  5.590  -73.663  37.591 0.0000000000
23749  7.124  -74.373  37.210 0.0000000000
22789  8.658  -76.482  35.571 0.0000000000
22806  7.447  -76.369  34.358 0.0000000000
23836  6.615  -76.015  32.963 0.0000000000
146438  8.323  -75.951  31.872 0.0000000000
28502  12.380  -70.202  44.398 0.0000000000
35756  18.220  -62.387  38.438 0.0000000000
33717  17.273  -65.290  38.884 0.0000000000
31645  17.671  -67.535  38.491 0.0000000000
164152  15.723  -68.355  38.825 0.0000000000
29609  17.082  -69.322  39.921 0.0000000000
29551  14.661  -68.706  42.525 0.0000000000
29532  12.645  -68.849  43.515 0.0000000000
29534  10.290  -69.393  43.430 0.0000000000
161781  8.577  -69.914  41.421 0.0000000000
141393  7.961  -69.692  37.883 0.0000000000
28660  8.377  -69.827  35.864 0.0000000000
28714  8.882  -70.227  33.419 0.0000000000
27771  9.554  -71.731  31.866 0.0000000000
24785  10.074  -73.959  31.779 0.0000000000
23816  10.935  -75.998  33.234 0.0000000000
21800  13.895  -77.194  32.838 0.0000000000
704  14.748  -105.624  54.414 0.0000000000
158671  14.569  -106.709  52.837 0.0000000000
140166  13.867  -107.581  54.883 0.0000000000
267  13.523  -109.580  54.833 0.0000000000
280  11.639  -110.384  54.172 0.0000000000
466  9.873  -109.003  58.894 0.0000000000
259  9.757  -109.417  56.443 0.0000000000
281  9.954  -110.018  53.776 0.0000000000
309  9.276  -106.641  52.300 0.0000000000
3094  7.692  -101.757  58.040 0.0000000000
2141  5.288  -103.412  59.612 0.0000000000
1446  4.487  -105.586  60.061 0.0000000000
1788  4.041  -104.575  56.340 0.0000000000
166602  3.701  -105.842  58.294 0.0000000000
697  5.823  -107.374  57.734 0.0000000000
3663  5.085  -100.554  54.131 0.0000000000
3143  3.535  -101.778  54.850 0.0000000000
2628  2.736  -103.130  54.952 0.0000000000
4784  -0.113  -97.593  59.009 0.0000000000
6713  1.641  -95.617  54.434 0.0000000000
5415  1.280  -97.643  56.653 0.0000000000
148562  0.687  -99.063  58.346 0.0000000000
3638  1.263  -100.851  57.103 0.0000000000
3133  1.424  -101.660  55.658 0.0000000000
161439  0.333  -102.692  53.757 0.0000000000
2676  0.175  -102.221  50.636 0.0000000000
2695  0.487  -102.689  48.517 0.0000000000
16782  4.916  -82.016  51.513 0.0000000000
16761  2.299  -81.964  51.988 0.0000000000
17679  0.454  -81.494  52.164 0.0000000000
17708  0.052  -81.480  50.649 0.0000000000
17727  -0.437  -81.794  49.016 0.0000000000
22587  0.147  -76.916  47.301 0.0000000000
147317  -0.495  -79.516  46.978 0.0000000000
17766  -1.016  -82.027  46.070 0.0000000000
16864  0.282  -82.112  45.103 0.0000000000
24599  7.030  -74.510  44.454 0.0000000000
22682  5.687  -76.284  42.339 0.0000000000
29494  24.506  -69.613  45.209 0.0000000000
29511  24.513  -69.433  42.734 0.0000000000
28529  25.063  -69.550  41.812 0.0000000000
28512  26.647  -70.373  42.959 0.0000000000
35687  23.427  -63.161  45.111 0.0000000000
33654  25.531  -64.856  44.270 0.0000000000
32614  26.342  -65.426  42.247 0.0000000000
30544  27.134  -68.163  42.125 0.0000000000
164799  29.307  -66.190  44.486 0.0000000000
36759  28.006  -62.498  39.527 0.0000000000
38825  28.569  -60.507  42.076 0.0000000000
38836  27.943  -60.708  40.714 0.0000000000
38837  27.016  -60.528  39.782 0.0000000000
40966  25.823  -58.671  39.806 0.0000000000
4689  21.943  -98.022  64.884 0.0000000000
5350  21.916  -97.745  59.238 0.0000000000
167090  22.779  -97.497  61.970 0.0000000000
2129  20.130  -102.615  60.434 0.0000000000
1425  17.577  -104.303  60.424 0.0000000000
1728  15.955  -103.606  63.140 0.0000000000
1417  15.860  -104.306  61.786 0.0000000000
1184  16.135  -105.382  59.824 0.0000000000
142247  15.526  -104.461  57.598 0.0000000000
965  14.979  -104.674  55.666 0.0000000000
485  16.333  -107.192  55.013 0.0000000000
2195  21.608  -103.877  52.178 0.0000000000
1478  21.016  -105.939  52.953 0.0000000000
972  19.320  -107.472  53.203 0.0000000000
709  17.406  -107.769  54.560 0.0000000000
150077  16.028  -106.741  49.659 0.0000000000
333  17.226  -108.394  48.594 0.0000000000
348  18.490  -110.216  47.453 0.0000000000
356  19.130  -110.193  45.898 0.0000000000
159150  19.309  -108.896  44.904 0.0000000000
150487  19.627  -107.907  43.767 0.0000000000
383  19.511  -108.566  42.455 0.0000000000
393  19.734  -109.300  41.243 0.0000000000
148856  20.048  -109.522  39.569 0.0000000000
218  20.174  -110.533  37.486 0.0000000000
224  20.201  -111.050  35.411 0.0000000000
145909  20.368  -111.044  34.232 0.0000000000
157067  20.882  -110.532  32.650 0.0000000000
449  20.941  -110.016  30.543 0.0000000000
662  21.027  -109.043  29.154 0.0000000000
1138  11.329  -107.404  25.975 0.0000000000
1123  13.704  -107.478  27.498 0.0000000000
898  14.948  -108.517  27.713 0.0000000000
897  16.783  -108.292  27.517 0.0000000000
879  19.123  -108.449  28.353 0.0000000000
1104  20.239  -107.711  28.969 0.0000000000
155294  19.763  -106.728  30.268 0.0000000000
2859  12.184  -102.567  32.451 0.0000000000
160503  0.530  -85.229  37.058 0.0000000000
12888  1.242  -87.577  38.054 0.0000000000
145651  1.289  -89.658  37.199 0.0000000000
13719  3.745  -86.597  36.215 0.0000000000
165731  1.616  -86.736  35.622 0.0000000000
12042  0.158  -88.927  34.666 0.0000000000
7073  3.657  -94.775  25.061 0.0000000000
9796  3.982  -91.480  27.443 0.0000000000
7687  5.272  -94.217  27.480 0.0000000000
6404  6.085  -95.948  26.150 0.0000000000
6416  7.628  -96.565  25.779 0.0000000000
6438  8.624  -96.935  23.766 0.0000000000
6483  8.804  -97.225  21.014 0.0000000000
18967  10.141  -80.230  28.904 0.0000000000
18050  9.508  -82.144  27.724 0.0000000000
143822  10.860  -84.172  27.423 0.0000000000
16240  13.783  -83.425  27.675 0.0000000000
17105  11.720  -82.951  29.598 0.0000000000
17999  13.516  -81.360  31.747 0.0000000000
162765  15.184  -82.071  32.645 0.0000000000
158926  14.712  -84.737  31.464 0.0000000000
15417  19.280  -84.226  29.326 0.0000000000
15420  16.653  -84.549  29.904 0.0000000000
14604  14.031  -85.608  30.142 0.0000000000
162456  12.616  -86.696  27.865 0.0000000000
13086  11.224  -87.419  26.056 0.0000000000
144120  10.926  -88.562  24.000 0.0000000000
13127  16.464  -87.591  23.577 0.0000000000
11413  13.143  -88.884  23.720 0.0000000000
10644  10.405  -90.718  23.611 0.0000000000
9131  10.417  -92.662  23.104 0.0000000000
7773  10.124  -94.999  21.734 0.0000000000
155422  10.634  -97.382  20.379 0.0000000000
5865  12.941  -97.608  20.151 0.0000000000
5863  14.543  -98.070  20.459 0.0000000000
5831  15.851  -97.701  21.572 0.0000000000
7081  16.770  -95.784  22.880 0.0000000000
7083  14.822  -95.978  23.490 0.0000000000
7709  13.108  -94.130  25.384 0.0000000000
521  16.897  -108.432  53.353 0.0000000000
303  17.740  -108.690  51.947 0.0000000000
288  16.411  -107.008  52.145 0.0000000000
15053  3.955  -84.183  54.008 0.0000000000
15035  3.434  -84.787  54.512 0.0000000000
15054  2.885  -84.086  53.911 0.0000000000
15037  1.547  -84.760  54.052 0.0000000000
15888  2.158  -83.508  53.409 0.0000000000
138093  9.102  -100.520  21.529 0.0000000000
3503  9.744  -101.548  20.352 0.0000000000
4041  9.938  -100.103  19.910 0.0000000000
158072  10.620  -100.718  19.935 0.0000000000
4608  10.234  -99.135  19.860 0.0000000000
21822  8.830  -77.435  32.001 0.0000000000
20857  7.623  -78.253  31.346 0.0000000000
20856  8.638  -78.181  31.371 0.0000000000
563  22.134  -107.069  44.279 0.0000000000
556  23.938  -107.282  44.737 0.0000000000
574  22.594  -107.820  43.455 0.0000000000
587  23.276  -108.255  42.895 0.0000000000
150762  22.131  -107.886  42.234 0.0000000000
27548  10.302  -71.673  44.158 0.0000000000
27550  8.626  -71.097  43.821 0.0000000000
165887  8.631  -70.417  43.751 0.0000000000
28518  8.381  -70.267  43.381 0.0000000000
28506  9.206  -69.988  43.660 0.0000000000
161474  19.148  -62.398  35.791 0.0000000000
35776  19.658  -62.732  36.912 0.0000000000
36783  19.410  -61.932  36.488 0.0000000000
156257  11.675  -66.661  34.094 0.0000000000
31712  10.869  -67.296  34.812 0.0000000000
31711  12.414  -67.141  34.507 0.0000000000
163501  10.937  -101.630  58.755 0.0000000000
2584  9.716  -101.984  59.347 0.0000000000
142177  10.254  -101.642  58.647 0.0000000000
2187  3.105  -104.902  53.351 0.0000000000
1822  3.637  -105.765  52.593 0.0000000000
1809  2.652  -105.067  53.481 0.0000000000
1823  1.688  -105.155  53.093 0.0000000000
1811  1.468  -104.440  53.713 0.0000000000
8072  0.258  -94.285  45.916 0.0000000000
138184  -0.055  -94.902  46.221 0.0000000000
7434  -0.095  -94.899  45.290 0.0000000000
24535  9.117  -74.678  48.780 0.0000000000
23560  8.419  -75.095  48.368 0.0000000000
24549  7.366  -74.510  47.396 0.0000000000
25511  6.769  -74.118  47.036 0.0000000000
25510  7.523  -74.302  47.167 0.0000000000
3101  12.117  -101.304  57.880 0.0000000000
3088  13.197  -100.966  58.382 0.0000000000
3089  12.476  -101.306  58.500 0.0000000000
3076  11.583  -101.767  59.934 0.0000000000
1991  7.858  -104.372  31.648 0.0000000000
1644  7.020  -104.962  31.455 0.0000000000
2004  7.969  -104.760  30.903 0.0000000000
2003  9.064  -104.457  30.116 0.0000000000
1989  9.811  -104.036  30.785 0.0000000000
2417  10.814  -103.767  30.339 0.0000000000
2400  10.497  -103.679  31.351 0.0000000000
18840  -0.073  -81.325  38.645 0.0000000000
16974  -0.449  -82.513  38.804 0.0000000000
17896  -0.070  -82.133  37.817 0.0000000000
12994  12.269  -87.433  32.716 0.0000000000
12090  10.598  -88.174  32.418 0.0000000000
13012  11.902  -87.735  31.947 0.0000000000
12123  11.075  -88.338  30.859 0.0000000000
13026  12.229  -87.375  31.182 0.0000000000
2182  23.785  -103.874  52.995 0.0000000000
2192  25.175  -103.433  52.814 0.0000000000
1803  24.735  -104.469  53.093 0.0000000000
544  22.164  -109.299  47.840 0.0000000000
538  23.340  -108.237  48.316 0.0000000000
547  22.489  -108.703  46.697 0.0000000000
354  21.115  -109.541  46.109 0.0000000000
4247  7.502  -99.193  51.326 0.0000000000
3703  6.206  -100.403  50.319 0.0000000000
12702  3.280  -87.521  50.059 0.0000000000
11836  4.031  -88.720  50.266 0.0000000000
11839  4.007  -88.357  49.148 0.0000000000
11037  3.712  -89.295  48.248 0.0000000000
11847  3.033  -88.000  48.000 0.0000000000
11895  2.387  -88.900  46.904 0.0000000000
11848  1.736  -88.018  48.137 0.0000000000
15130  -0.667  -84.271  48.077 0.0000000000
160357  -0.554  -84.903  47.531 0.0000000000
15131  -1.007  -84.341  47.223 0.0000000000
15978  -1.136  -83.552  46.698 0.0000000000
28452  14.758  -70.349  47.896 0.0000000000
26506  13.724  -72.726  46.936 0.0000000000
27503  13.986  -72.017  47.141 0.0000000000
23651  17.291  -74.890  43.383 0.0000000000
23652  16.504  -75.143  43.578 0.0000000000
148373  16.673  -74.834  42.599 0.0000000000
23669  16.113  -74.925  41.733 0.0000000000
143051  16.962  -74.520  41.552 0.0000000000
24626  17.898  -74.172  41.767 0.0000000000
26518  23.151  -71.756  44.159 0.0000000000
156268  22.274  -72.300  43.001 0.0000000000
26539  22.956  -71.233  42.865 0.0000000000
146027  22.874  -71.132  42.009 0.0000000000
27527  23.430  -70.867  43.384 0.0000000000
151397  5.046  -103.986  20.008 0.0000000000
2066  10.647  -104.555  24.223 0.0000000000
1700  9.815  -105.705  24.088 0.0000000000
2499  10.101  -104.058  24.848 0.0000000000
2486  8.902  -104.013  25.800 0.0000000000
2485  9.657  -103.714  25.562 0.0000000000
2936  10.458  -102.623  26.581 0.0000000000
2946  10.757  -102.785  25.830 0.0000000000
4584  13.966  -99.307  23.074 0.0000000000
5181  13.632  -98.842  23.812 0.0000000000
139173  13.233  -98.044  24.209 0.0000000000
150111  13.386  -97.303  23.885 0.0000000000
150293  7.913  -79.158  36.218 0.0000000000
18870  6.670  -80.367  36.695 0.0000000000
18887  8.122  -80.328  35.773 0.0000000000
15405  8.071  -83.708  30.639 0.0000000000
159544  8.103  -84.135  31.729 0.0000000000
15390  8.659  -83.848  31.003 0.0000000000
16185  9.767  -84.149  32.347 0.0000000000
140055  9.865  -83.419  31.000 0.0000000000
38866  23.550  -60.529  36.001 0.0000000000
37831  23.243  -61.228  35.707 0.0000000000
37832  22.803  -61.354  34.946 0.0000000000
1539  30.225  -104.306  44.555 0.0000000000
1273  29.011  -105.013  43.623 0.0000000000
623  23.176  -107.989  37.506 0.0000000000
163922  22.905  -108.347  36.784 0.0000000000
631  23.031  -108.702  35.530 0.0000000000
632  22.166  -109.038  35.510 0.0000000000
7105  4.317  -95.155  22.288 0.0000000000
6468  4.823  -96.029  21.041 0.0000000000
6455  5.406  -96.319  22.472 0.0000000000
5835  5.980  -96.985  22.243 0.0000000000
7085  5.294  -96.232  23.541 0.0000000000
26600  1.748  -72.520  41.050 0.0000000000
26586  1.720  -73.165  41.368 0.0000000000
26621  1.614  -72.976  40.336 0.0000000000
25622  1.376  -73.634  40.094 0.0000000000
25621  1.796  -73.161  39.564 0.0000000000
25655  2.799  -73.843  37.814 0.0000000000
26642  2.454  -72.664  39.061 0.0000000000
28681  7.143  -70.164  35.862 0.0000000000
26692  6.829  -71.963  35.476 0.0000000000
27713  7.045  -71.201  34.949 0.0000000000
26714  7.284  -71.961  34.441 0.0000000000
26713  7.536  -70.801  34.269 0.0000000000
34779  14.230  -64.613  36.245 0.0000000000
34764  14.710  -64.759  36.817 0.0000000000
33747  13.680  -65.022  36.644 0.0000000000
28599  13.192  -70.857  39.539 0.0000000000
28598  13.835  -70.297  40.246 0.0000000000
27595  13.234  -71.178  41.015 0.0000000000
27579  12.492  -71.363  41.250 0.0000000000
27596  11.570  -71.721  41.035 0.0000000000
26598  11.955  -72.178  40.473 0.0000000000
27709  13.403  -71.524  33.900 0.0000000000
27733  13.742  -71.517  33.504 0.0000000000
26744  13.106  -71.751  32.650 0.0000000000
927  12.582  -106.625  60.284 0.0000000000
942  12.603  -107.297  59.628 0.0000000000
936  11.769  -106.859  60.026 0.0000000000
164862  7.143  -106.479  58.801 0.0000000000
147619  7.517  -106.744  58.743 0.0000000000
689  6.974  -106.103  58.207 0.0000000000
150973  7.503  -106.238  56.343 0.0000000000
696  7.187  -106.069  57.248 0.0000000000
3151  6.884  -101.703  53.968 0.0000000000
3141  6.863  -101.738  54.838 0.0000000000
2625  6.295  -102.320  54.358 0.0000000000
3621  1.240  -100.359  59.569 0.0000000000
8687  -0.438  -92.517  53.501 0.0000000000
153563  -0.247  -93.557  54.482 0.0000000000
162346  0.046  -94.060  53.965 0.0000000000
4869  2.511  -98.234  50.601 0.0000000000
4852  2.474  -98.157  52.202 0.0000000000
4267  2.437  -98.508  51.476 0.0000000000
4250  1.695  -99.419  52.433 0.0000000000
4283  2.632  -99.263  50.687 0.0000000000
3716  2.515  -100.148  50.242 0.0000000000
4299  3.005  -99.661  49.604 0.0000000000
22540  3.704  -75.828  49.276 0.0000000000
164260  4.099  -75.884  50.164 0.0000000000
22523  2.513  -76.224  50.730 0.0000000000
21521  1.991  -76.874  51.065 0.0000000000
22524  1.527  -76.471  50.535 0.0000000000
21536  0.596  -77.378  50.468 0.0000000000
22543  0.419  -76.524  49.561 0.0000000000
21645  2.089  -77.463  43.690 0.0000000000
22678  9.982  -76.563  42.477 0.0000000000
22679  9.149  -76.499  42.256 0.0000000000
144519  24.753  -65.096  45.828 0.0000000000
33643  25.308  -66.029  44.940 0.0000000000
33644  25.106  -65.199  45.035 0.0000000000
148471  26.311  -63.372  44.765 0.0000000000
35684  26.560  -64.025  44.166 0.0000000000
34679  27.086  -64.352  44.461 0.0000000000
33652  27.364  -65.151  44.349 0.0000000000
32572  27.887  -66.402  45.398 0.0000000000
33642  27.808  -65.520  45.208 0.0000000000
36723  29.377  -62.652  42.889 0.0000000000
147235  29.752  -64.344  42.855 0.0000000000
41973  24.066  -56.675  43.335 0.0000000000
43008  23.262  -56.152  42.823 0.0000000000
139310  23.930  -56.395  42.391 0.0000000000
3586  17.491  -100.579  61.589 0.0000000000
3600  19.671  -100.131  60.743 0.0000000000
3584  19.413  -100.436  61.712 0.0000000000
159839  19.539  -100.891  62.306 0.0000000000
3056  18.471  -101.409  62.783 0.0000000000
165306  17.398  -101.811  63.275 0.0000000000
1170  12.283  -105.738  61.968 0.0000000000
1429  13.359  -105.437  61.530 0.0000000000
1177  12.869  -106.178  60.852 0.0000000000
1191  13.395  -106.382  59.749 0.0000000000
148649  19.676  -104.286  57.493 0.0000000000
1194  18.317  -105.332  57.550 0.0000000000
1451  18.065  -105.035  58.335 0.0000000000
91  12.393  -111.195  51.654 0.0000000000
144849  14.281  -111.039  51.098 0.0000000000
103  13.111  -111.166  50.955 0.0000000000
460  15.411  -110.527  29.803 0.0000000000
251  15.946  -111.103  30.129 0.0000000000
459  16.553  -110.285  29.375 0.0000000000
667  16.265  -109.686  28.992 0.0000000000
916  2.244  -107.332  25.873 0.0000000000
2052  14.460  -104.325  24.639 0.0000000000
1698  14.495  -105.153  24.681 0.0000000000
2051  15.972  -104.622  24.867 0.0000000000
1688  16.625  -105.062  25.237 0.0000000000
2050  16.699  -104.404  25.206 0.0000000000
2037  18.029  -104.539  26.267 0.0000000000
2479  16.761  -103.778  25.492 0.0000000000
5086  11.888  -98.865  31.354 0.0000000000
4453  11.813  -99.789  32.816 0.0000000000
5052  12.852  -98.480  32.772 0.0000000000
14493  6.018  -85.326  40.102 0.0000000000
12872  5.089  -86.523  39.554 0.0000000000
13701  5.617  -86.863  38.989 0.0000000000
13013  3.126  -87.524  30.965 0.0000000000
13014  2.324  -87.275  31.337 0.0000000000
13830  2.342  -87.298  30.434 0.0000000000
166394  1.528  -87.698  30.019 0.0000000000
13066  2.602  -87.892  29.691 0.0000000000
11362  2.275  -89.328  28.898 0.0000000000
12170  3.313  -88.393  29.259 0.0000000000
10625  7.169  -90.502  24.476 0.0000000000
9842  6.234  -91.771  24.467 0.0000000000
10647  7.636  -91.058  23.902 0.0000000000
9110  6.971  -93.060  23.754 0.0000000000
9858  8.208  -91.764  23.583 0.0000000000
18061  18.902  -81.838  27.544 0.0000000000
18044  18.628  -81.438  28.589 0.0000000000
18042  19.727  -81.864  27.618 0.0000000000
13882  22.590  -86.342  26.160 0.0000000000
143939  21.116  -86.509  25.740 0.0000000000
13868  19.074  -85.943  26.935 0.0000000000
143938  18.772  -86.165  26.051 0.0000000000
13908  16.764  -86.325  25.681 0.0000000000
13907  18.530  -86.415  25.186 0.0000000000
10656  16.532  -90.570  22.633 0.0000000000
9127  14.574  -92.285  22.378 0.0000000000
8427  15.732  -93.588  21.740 0.0000000000
975  21.911  -106.885  52.521 0.0000000000
980  22.227  -107.024  52.133 0.0000000000
723  20.754  -108.110  51.663 0.0000000000
313  19.297  -109.027  51.036 0.0000000000
537  20.836  -109.323  50.845 0.0000000000
321  20.132  -109.839  50.702 0.0000000000
330  20.261  -110.063  49.626 0.0000000000
146926  18.704  -109.998  49.731 0.0000000000
12643  6.460  -87.604  53.215 0.0000000000
13455  5.462  -86.191  54.856 0.0000000000
13473  2.570  -86.470  54.462 0.0000000000
12647  2.787  -87.338  53.960 0.0000000000
160912  2.229  -87.711  53.504 0.0000000000
12667  2.318  -88.097  52.785 0.0000000000
148422  1.480  -87.728  52.303 0.0000000000
12683  0.676  -87.378  51.718 0.0000000000
12649  0.498  -86.927  53.050 0.0000000000
15077  0.258  -84.525  52.524 0.0000000000
14325  0.108  -85.554  51.861 0.0000000000
15089  0.174  -84.332  51.570 0.0000000000
15099  0.100  -84.185  50.792 0.0000000000
15945  0.067  -83.435  51.099 0.0000000000
28449  17.201  -70.004  47.201 0.0000000000
27500  16.952  -71.182  46.596 0.0000000000
28474  17.555  -70.545  46.620 0.0000000000
26500  19.490  -72.243  46.136 0.0000000000
26501  18.715  -72.097  46.185 0.0000000000
142794  18.945  -72.979  46.205 0.0000000000
23612  18.440  -74.749  45.028 0.0000000000
24580  19.224  -74.467  45.275 0.0000000000
151306  19.687  -74.602  44.497 0.0000000000
25537  19.817  -74.038  45.673 0.0000000000
27495  21.764  -71.734  46.576 0.0000000000
26498  21.326  -72.434  46.270 0.0000000000
26497  22.229  -72.375  46.126 0.0000000000
26519  22.409  -72.714  45.465 0.0000000000
154541  22.976  -70.922  46.538 0.0000000000
2990  6.642  -102.844  22.390 0.0000000000
162562  6.448  -103.378  22.091 0.0000000000
2988  7.385  -103.213  22.363 0.0000000000
3003  10.260  -102.946  20.091 0.0000000000
2085  9.645  -104.321  20.729 0.0000000000
2084  10.478  -104.363  20.693 0.0000000000
1713  11.044  -105.228  21.842 0.0000000000
2077  11.562  -104.639  21.452 0.0000000000
158052  12.283  -104.055  22.415 0.0000000000
2517  12.585  -103.477  21.357 0.0000000000
159279  12.953  -100.915  20.077 0.0000000000
3001  12.933  -101.961  20.822 0.0000000000
3502  13.362  -100.856  20.931 0.0000000000
4025  14.040  -100.347  21.563 0.0000000000
4599  13.885  -99.765  20.761 0.0000000000
20832  6.724  -78.559  33.721 0.0000000000
19876  6.092  -79.260  33.463 0.0000000000
20834  5.139  -79.106  33.247 0.0000000000
18958  6.575  -80.752  30.866 0.0000000000
18943  5.691  -80.220  31.440 0.0000000000
18013  7.163  -81.637  30.283 0.0000000000
16226  6.810  -83.011  30.200 0.0000000000
18030  7.650  -82.323  29.498 0.0000000000
39913  25.638  -59.783  38.787 0.0000000000
38851  25.575  -60.451  38.324 0.0000000000
157967  25.177  -59.282  38.434 0.0000000000
146489  24.112  -59.097  37.035 0.0000000000
39925  23.792  -59.803  36.382 0.0000000000
1257  25.544  -102.366  45.848 0.0000000000
1527  27.268  -102.135  45.954 0.0000000000
754  26.284  -107.278  45.418 0.0000000000
1008  27.443  -105.916  46.093 0.0000000000
1015  27.062  -106.661  45.676 0.0000000000
1014  27.991  -106.614  45.987 0.0000000000
1022  27.181  -107.328  44.981 0.0000000000
760  27.436  -107.692  44.120 0.0000000000
770  26.336  -108.278  43.777 0.0000000000
595  24.642  -108.396  41.447 0.0000000000
27569  4.343  -71.386  42.708 0.0000000000
26568  3.695  -71.737  42.635 0.0000000000
28560  3.972  -70.768  41.729 0.0000000000
28580  3.621  -70.830  40.242 0.0000000000
28559  4.876  -70.252  41.354 0.0000000000
29594  6.520  -69.339  40.162 0.0000000000
29617  5.786  -69.528  39.570 0.0000000000
29616  6.605  -69.288  39.154 0.0000000000
29639  6.721  -69.538  38.257 0.0000000000
29615  7.227  -69.359  38.844 0.0000000000
33745  19.907  -65.807  36.373 0.0000000000
33746  19.589  -65.604  36.836 0.0000000000
34760  20.548  -63.479  38.636 0.0000000000
34745  20.769  -63.986  39.177 0.0000000000
34738  20.299  -63.983  39.937 0.0000000000
33710  18.977  -65.038  40.198 0.0000000000
163328  10.669  -65.342  35.592 0.0000000000
32681  10.523  -66.603  36.697 0.0000000000
29678  11.988  -69.310  37.473 0.0000000000
29659  12.109  -69.696  38.184 0.0000000000
29658  12.315  -70.481  37.647 0.0000000000
1741  10.032  -103.800  62.597 0.0000000000
1416  9.696  -105.099  62.421 0.0000000000
2116  9.136  -104.049  62.070 0.0000000000
2133  7.598  -103.347  60.771 0.0000000000
1752  7.789  -104.410  61.734 0.0000000000
140584  7.095  -104.491  61.617 0.0000000000
1430  6.059  -105.340  61.503 0.0000000000
142658  6.153  -104.539  61.416 0.0000000000
144972  6.506  -105.308  50.124 0.0000000000
1820  6.017  -105.477  51.854 0.0000000000
1493  6.309  -107.165  51.604 0.0000000000
1485  3.636  -106.344  52.709 0.0000000000
150625  5.093  -107.104  52.903 0.0000000000
1227  3.894  -106.880  52.593 0.0000000000
1233  4.015  -107.276  52.804 0.0000000000
1234  3.264  -107.115  52.103 0.0000000000
158648  2.053  -106.388  51.071 0.0000000000
1841  0.821  -104.591  50.191 0.0000000000
1515  1.436  -105.638  49.914 0.0000000000
8014  0.198  -93.153  49.967 0.0000000000
144078  0.433  -93.492  50.576 0.0000000000
7404  0.543  -93.999  49.883 0.0000000000
6141  0.363  -95.915  47.669 0.0000000000
6137  1.104  -95.920  49.118 0.0000000000
5489  1.090  -96.644  48.698 0.0000000000
5488  1.556  -97.364  49.199 0.0000000000
5502  1.022  -97.373  48.316 0.0000000000
4901  1.022  -98.041  48.052 0.0000000000
22535  9.467  -77.306  49.428 0.0000000000
22582  6.535  -76.605  47.403 0.0000000000
21568  7.218  -77.661  47.799 0.0000000000
22584  5.266  -76.689  47.652 0.0000000000
22562  4.872  -76.640  48.340 0.0000000000
23580  4.593  -75.988  47.264 0.0000000000
23582  2.864  -75.698  47.523 0.0000000000
23598  4.063  -75.467  46.730 0.0000000000
25551  4.924  -73.842  45.111 0.0000000000
24585  4.126  -74.064  45.252 0.0000000000
24616  3.926  -74.558  44.114 0.0000000000
23659  3.323  -75.262  43.713 0.0000000000
22662  4.367  -75.293  43.427 0.0000000000
38773  24.166  -61.335  44.841 0.0000000000
37728  25.238  -62.202  44.973 0.0000000000
37697  25.724  -61.639  45.471 0.0000000000
37696  26.552  -61.805  45.560 0.0000000000
37698  25.380  -61.005  45.574 0.0000000000
40890  25.046  -59.544  45.554 0.0000000000
146665  26.232  -60.380  45.575 0.0000000000
38757  27.110  -60.355  45.224 0.0000000000
142326  27.723  -60.311  44.626 0.0000000000
161774  27.396  -59.884  44.785 0.0000000000
39864  27.461  -59.704  44.731 0.0000000000
39865  26.666  -59.545  44.902 0.0000000000
41954  23.524  -57.813  45.070 0.0000000000
42961  22.926  -56.920  44.529 0.0000000000
4201  16.709  -99.177  56.451 0.0000000000
4199  18.682  -99.211  56.512 0.0000000000
4190  17.024  -99.523  57.240 0.0000000000
3615  14.462  -100.464  59.261 0.0000000000
3614  15.231  -100.331  59.663 0.0000000000
3604  15.263  -100.405  60.531 0.0000000000
3588  15.884  -100.465  61.136 0.0000000000
139456  14.355  -100.831  61.671 0.0000000000
3060  14.584  -101.182  62.621 0.0000000000
3070  13.566  -101.240  62.016 0.0000000000
2561  10.960  -102.758  62.140 0.0000000000
2560  11.574  -102.708  62.884 0.0000000000
2115  10.852  -103.331  62.824 0.0000000000
2109  10.746  -104.028  63.157 0.0000000000
1684  5.293  -106.306  27.680 0.0000000000
1374  5.009  -107.243  27.496 0.0000000000
1675  4.808  -105.852  28.776 0.0000000000
1666  6.309  -106.205  29.837 0.0000000000
1347  5.327  -106.637  29.827 0.0000000000
1353  6.273  -107.058  28.992 0.0000000000
1352  7.254  -106.608  28.300 0.0000000000
1360  8.744  -106.544  26.736 0.0000000000
156043  8.829  -105.824  27.127 0.0000000000
2027  11.217  -104.031  27.079 0.0000000000
163797  10.866  -104.505  26.646 0.0000000000
2026  12.000  -103.748  26.636 0.0000000000
2038  12.313  -104.298  25.491 0.0000000000
2467  12.937  -103.355  26.117 0.0000000000
158289  13.842  -102.925  25.861 0.0000000000
2448  12.492  -102.961  27.280 0.0000000000
142375  12.156  -102.636  30.123 0.0000000000
2906  12.605  -102.107  28.803 0.0000000000
2889  13.037  -101.472  29.249 0.0000000000
3415  13.852  -101.110  28.919 0.0000000000
3402  12.829  -101.444  30.015 0.0000000000
151619  -1.325  -86.276  38.987 0.0000000000
13735  8.979  -86.782  36.152 0.0000000000
12912  8.091  -87.126  36.289 0.0000000000
12936  8.449  -87.370  35.519 0.0000000000
12092  8.212  -88.389  32.685 0.0000000000
159089  7.459  -88.363  32.943 0.0000000000
11277  7.347  -88.743  32.291 0.0000000000
11279  5.475  -89.320  31.744 0.0000000000
11296  6.370  -89.450  31.113 0.0000000000
11341  5.734  -89.108  29.416 0.0000000000
145355  7.336  -89.661  29.731 0.0000000000
12165  9.949  -88.808  28.182 0.0000000000
11358  8.648  -89.464  28.280 0.0000000000
12189  8.764  -88.897  27.084 0.0000000000
12202  8.428  -88.867  26.658 0.0000000000
12201  10.058  -88.339  26.689 0.0000000000
3182  25.264  -101.159  50.695 0.0000000000
3708  26.379  -100.139  51.007 0.0000000000
164854  26.578  -101.224  51.760 0.0000000000
2632  27.252  -103.019  52.954 0.0000000000
3146  27.819  -102.410  52.850 0.0000000000
2191  28.292  -103.156  52.382 0.0000000000
2202  28.694  -103.265  51.826 0.0000000000
143529  28.002  -103.875  50.949 0.0000000000
983  24.702  -106.720  51.311 0.0000000000
1228  25.160  -106.022  51.822 0.0000000000
1237  25.430  -106.147  50.827 0.0000000000
993  24.572  -104.756  48.238 0.0000000000
1243  25.458  -105.609  49.543 0.0000000000
1248  25.136  -103.543  47.975 0.0000000000
1241  25.952  -103.355  48.451 0.0000000000
1247  25.413  -102.130  47.157 0.0000000000
992  24.058  -103.035  47.029 0.0000000000
551  21.071  -105.707  46.017 0.0000000000
751  22.038  -105.668  46.390 0.0000000000
166152  20.910  -105.767  45.941 0.0000000000
140819  21.492  -106.475  45.825 0.0000000000
565  20.769  -107.109  45.602 0.0000000000
36804  18.242  -61.431  35.481 0.0000000000
36816  17.771  -61.657  34.452 0.0000000000
35821  16.125  -62.937  33.580 0.0000000000
35809  16.630  -63.271  34.444 0.0000000000
35810  15.552  -63.765  33.857 0.0000000000
34824  14.355  -63.931  33.558 0.0000000000
156432  11.126  -62.140  33.061 0.0000000000
35838  12.562  -62.527  32.930 0.0000000000
35824  11.926  -63.170  33.244 0.0000000000
34825  12.929  -63.988  33.568 0.0000000000
34826  11.481  -63.963  33.647 0.0000000000
155936  11.129  -64.583  34.484 0.0000000000
34827  11.035  -64.197  33.642 0.0000000000
34859  11.111  -63.712  32.658 0.0000000000
34841  10.962  -63.961  33.212 0.0000000000
33804  11.072  -64.465  32.900 0.0000000000
33787  11.109  -65.108  33.089 0.0000000000
33803  11.784  -64.946  32.249 0.0000000000
4214  12.858  -99.746  55.180 0.0000000000
3649  11.551  -100.187  55.701 0.0000000000
4215  11.958  -99.728  55.110 0.0000000000
4225  10.554  -99.373  53.602 0.0000000000
3684  9.477  -100.127  52.545 0.0000000000
3671  8.949  -100.462  53.305 0.0000000000
3685  8.864  -100.627  52.160 0.0000000000
3724  8.242  -100.332  49.155 0.0000000000
3713  8.961  -99.918  49.395 0.0000000000
3186  7.992  -101.408  49.490 0.0000000000
3175  8.264  -101.347  50.525 0.0000000000
3187  7.457  -101.933  49.465 0.0000000000
2674  6.993  -102.709  49.986 0.0000000000
2685  6.539  -102.989  48.925 0.0000000000
3189  4.980  -101.635  50.248 0.0000000000
151851  4.714  -103.040  49.109 0.0000000000
142174  4.388  -102.205  50.785 0.0000000000
159171  4.078  -103.091  50.508 0.0000000000
2663  3.929  -102.601  51.601 0.0000000000
10973  2.442  -90.109  54.724 0.0000000000
10974  1.211  -89.843  54.839 0.0000000000
10170  0.774  -90.336  54.002 0.0000000000
141132  -0.140  -90.861  54.215 0.0000000000
10183  1.612  -90.713  53.303 0.0000000000
11814  5.392  -89.308  52.638 0.0000000000
10179  5.171  -90.500  52.986 0.0000000000
10997  4.867  -90.042  52.313 0.0000000000
142751  3.015  -90.040  50.619 0.0000000000
10208  3.258  -91.123  51.625 0.0000000000
140552  1.713  -90.264  50.659 0.0000000000
10210  0.320  -90.388  51.307 0.0000000000
10220  0.822  -90.375  50.644 0.0000000000
9429  0.050  -91.141  50.075 0.0000000000
9437  1.112  -90.921  49.349 0.0000000000
9472  2.863  -91.198  47.048 0.0000000000
8752  2.514  -91.762  46.361 0.0000000000
8764  1.698  -92.612  46.388 0.0000000000
8773  2.158  -92.269  45.513 0.0000000000
8787  1.620  -92.640  44.616 0.0000000000
9520  2.111  -91.694  44.980 0.0000000000
11079  -0.222  -90.171  46.099 0.0000000000
153186  0.311  -90.656  45.369 0.0000000000
145177  0.103  -87.134  50.043 0.0000000000
11850  -0.109  -87.983  48.297 0.0000000000
12715  -0.094  -87.635  48.337 0.0000000000
27463  12.569  -71.672  48.761 0.0000000000
26479  11.407  -72.279  48.633 0.0000000000
26480  10.806  -72.673  48.857 0.0000000000
26490  10.949  -72.847  48.142 0.0000000000
25507  10.437  -73.423  47.602 0.0000000000
25506  11.214  -73.258  47.392 0.0000000000
152030  12.604  -75.393  46.645 0.0000000000
24564  11.740  -74.900  46.497 0.0000000000
166290  11.876  -76.530  46.242 0.0000000000
21613  10.918  -77.103  45.009 0.0000000000
22622  12.494  -76.696  45.850 0.0000000000
150246  16.281  -74.227  46.661 0.0000000000
24561  14.846  -74.194  46.838 0.0000000000
150985  15.264  -75.450  46.144 0.0000000000
22654  14.312  -75.750  43.027 0.0000000000
22637  14.167  -75.971  44.177 0.0000000000
22655  13.512  -75.940  43.362 0.0000000000
22656  12.721  -76.144  43.699 0.0000000000
24611  20.364  -74.058  42.883 0.0000000000
24625  19.316  -73.603  41.516 0.0000000000
24624  20.072  -73.368  41.737 0.0000000000
25586  21.478  -72.686  40.807 0.0000000000
26556  24.188  -71.366  41.340 0.0000000000
25568  24.754  -72.424  41.784 0.0000000000
26555  25.230  -71.803  41.945 0.0000000000
3648  13.082  -100.086  55.791 0.0000000000
1411  3.308  -105.733  21.251 0.0000000000
1165  4.174  -106.587  23.331 0.0000000000
1717  7.339  -105.711  22.007 0.0000000000
1723  5.572  -104.911  22.040 0.0000000000
1404  6.955  -105.853  22.408 0.0000000000
1386  8.415  -106.628  24.170 0.0000000000
1163  7.053  -107.074  23.022 0.0000000000
1387  7.778  -106.992  24.411 0.0000000000
1153  6.071  -107.619  24.302 0.0000000000
1383  7.461  -106.818  25.277 0.0000000000
1384  6.666  -107.184  25.600 0.0000000000
1695  6.878  -106.372  26.022 0.0000000000
2450  8.156  -103.215  27.756 0.0000000000
2451  7.261  -103.606  27.984 0.0000000000
2434  7.554  -103.129  28.872 0.0000000000
2892  7.543  -103.112  30.121 0.0000000000
144673  8.187  -102.769  29.320 0.0000000000
2876  8.785  -102.621  31.073 0.0000000000
149967  9.066  -102.462  29.086 0.0000000000
3426  10.638  -102.020  27.789 0.0000000000
152380  10.492  -101.499  29.306 0.0000000000
3951  11.087  -101.166  28.935 0.0000000000
3938  11.446  -100.464  29.375 0.0000000000
3950  11.768  -100.699  28.454 0.0000000000
2961  12.636  -102.208  24.598 0.0000000000
148266  11.970  -102.387  25.222 0.0000000000
3457  13.153  -101.629  24.709 0.0000000000
4545  13.661  -99.453  26.122 0.0000000000
3974  13.353  -100.184  26.544 0.0000000000
4533  13.488  -99.232  27.479 0.0000000000
4534  13.067  -99.543  28.001 0.0000000000
5131  13.562  -98.428  27.594 0.0000000000
5099  13.378  -97.923  29.170 0.0000000000
5769  13.362  -97.656  27.783 0.0000000000
139356  12.380  -95.868  26.789 0.0000000000
19849  2.475  -79.527  35.422 0.0000000000
18856  2.426  -81.042  36.067 0.0000000000
18872  3.182  -80.483  36.411 0.0000000000
16984  5.086  -82.050  37.306 0.0000000000
17909  4.401  -81.722  38.035 0.0000000000
16114  4.330  -83.539  37.697 0.0000000000
15275  4.594  -84.194  39.120 0.0000000000
15288  4.597  -84.012  38.043 0.0000000000
17967  6.521  -81.724  33.075 0.0000000000
17033  6.241  -82.453  34.256 0.0000000000
17051  5.688  -83.146  33.838 0.0000000000
15335  7.021  -84.475  34.661 0.0000000000
15336  6.069  -84.509  34.968 0.0000000000
150651  7.665  -84.068  35.789 0.0000000000
15298  7.231  -84.092  36.624 0.0000000000
16127  8.344  -83.808  36.716 0.0000000000
15284  9.277  -84.533  37.316 0.0000000000
15317  9.835  -84.157  35.721 0.0000000000
16166  11.383  -84.107  33.328 0.0000000000
140005  11.452  -84.954  34.567 0.0000000000
15351  12.666  -84.588  33.902 0.0000000000
14566  12.854  -85.384  34.034 0.0000000000
165119  13.702  -84.174  33.358 0.0000000000
142726  24.918  -65.202  37.195 0.0000000000
36770  25.627  -62.524  37.585 0.0000000000
151977  24.502  -62.011  37.296 0.0000000000
36781  23.510  -62.671  36.809 0.0000000000
155386  23.731  -63.339  37.139 0.0000000000
153646  23.380  -64.147  36.962 0.0000000000
34773  23.232  -65.011  36.903 0.0000000000
162272  22.764  -64.197  36.438 0.0000000000
34774  22.337  -65.001  36.449 0.0000000000
36812  22.198  -62.262  34.606 0.0000000000
36802  21.748  -63.099  34.760 0.0000000000
151353  21.051  -62.795  34.199 0.0000000000
35805  20.307  -63.346  34.401 0.0000000000
39942  22.664  -59.869  34.029 0.0000000000
37856  19.997  -61.613  33.105 0.0000000000
1851  29.958  -101.642  46.799 0.0000000000
777  27.586  -107.989  42.377 0.0000000000
783  28.021  -107.304  41.505 0.0000000000
790  27.022  -108.140  40.577 0.0000000000
142456  25.747  -108.070  37.860 0.0000000000
150787  26.305  -108.002  38.334 0.0000000000
797  26.429  -107.474  37.770 0.0000000000
641  23.663  -108.387  34.294 0.0000000000
807  24.379  -108.026  34.401 0.0000000000
816  24.024  -108.079  33.624 0.0000000000
828  23.676  -108.245  32.702 0.0000000000
141537  22.354  -109.265  32.170 0.0000000000
5857  5.260  -97.245  20.091 0.0000000000
5871  4.082  -97.949  19.859 0.0000000000
150757  5.238  -98.936  19.619 0.0000000000
4611  5.351  -99.808  19.349 0.0000000000
162812  6.012  -99.407  19.623 0.0000000000
4033  6.586  -100.475  20.380 0.0000000000
4601  6.453  -99.520  20.145 0.0000000000
4576  7.014  -99.390  23.692 0.0000000000
4005  7.152  -100.273  23.620 0.0000000000
160409  7.424  -99.887  24.165 0.0000000000
4585  8.653  -100.210  23.786 0.0000000000
5182  8.626  -99.531  24.167 0.0000000000
22747  0.868  -76.456  38.895 0.0000000000
21712  0.769  -77.311  39.339 0.0000000000
21727  0.943  -77.038  38.293 0.0000000000
20765  0.846  -78.799  37.995 0.0000000000
21738  1.225  -77.342  37.482 0.0000000000
20779  1.625  -78.764  36.097 0.0000000000
22776  2.347  -77.136  36.674 0.0000000000
23768  3.648  -75.806  36.331 0.0000000000
22773  4.137  -76.465  35.956 0.0000000000
21751  5.376  -76.454  36.354 0.0000000000
147679  5.715  -77.464  36.204 0.0000000000
150399  6.420  -76.052  36.713 0.0000000000
27637  4.468  -71.066  38.773 0.0000000000
26665  3.785  -72.520  38.029 0.0000000000
25652  5.402  -72.614  37.758 0.0000000000
25681  7.447  -73.494  35.967 0.0000000000
25650  7.034  -73.704  37.197 0.0000000000
24718  8.224  -74.858  36.197 0.0000000000
142894  8.343  -75.604  36.307 0.0000000000
23797  8.537  -75.805  35.426 0.0000000000
22805  8.394  -76.443  34.947 0.0000000000
23798  8.042  -75.605  34.723 0.0000000000
25736  8.180  -73.801  32.698 0.0000000000
24789  7.314  -75.300  33.018 0.0000000000
24788  7.940  -74.822  32.564 0.0000000000
146015  7.666  -76.023  31.944 0.0000000000
23850  8.949  -74.354  31.852 0.0000000000
28517  13.808  -70.214  44.139 0.0000000000
35777  17.602  -62.480  36.911 0.0000000000
35764  17.732  -62.372  37.765 0.0000000000
141922  17.033  -63.236  37.438 0.0000000000
33728  16.478  -64.991  38.172 0.0000000000
34747  17.182  -64.131  38.727 0.0000000000
32647  17.492  -66.446  38.686 0.0000000000
31665  16.853  -66.784  38.014 0.0000000000
29611  15.084  -69.295  40.010 0.0000000000
30589  15.286  -68.638  39.325 0.0000000000
29610  16.037  -69.126  39.953 0.0000000000
30588  16.433  -68.686  39.134 0.0000000000
29592  15.732  -69.243  40.633 0.0000000000
29571  15.780  -69.202  41.451 0.0000000000
28552  14.648  -68.912  41.866 0.0000000000
28535  11.880  -69.199  42.391 0.0000000000
138302  13.241  -68.618  42.881 0.0000000000
29552  12.306  -68.767  42.871 0.0000000000
29533  11.838  -68.916  43.576 0.0000000000
29554  10.548  -69.304  42.893 0.0000000000
30547  9.848  -69.892  42.719 0.0000000000
29573  10.146  -69.988  42.396 0.0000000000
27635  9.025  -71.069  39.085 0.0000000000
28600  8.748  -70.376  39.983 0.0000000000
27636  8.690  -70.646  38.083 0.0000000000
28640  8.917  -70.553  36.453 0.0000000000
25649  10.765  -73.435  37.571 0.0000000000
27711  10.772  -71.619  34.202 0.0000000000
27688  10.343  -72.079  35.188 0.0000000000
27712  9.847  -70.902  34.275 0.0000000000
164844  9.274  -70.148  34.074 0.0000000000
27737  9.678  -70.473  32.816 0.0000000000
162152  9.271  -70.534  32.678 0.0000000000
142255  10.317  -70.814  32.529 0.0000000000
24783  12.407  -73.390  32.509 0.0000000000
25734  10.762  -73.069  31.690 0.0000000000
23831  11.326  -74.934  32.896 0.0000000000
23832  10.231  -75.125  32.446 0.0000000000
155552  11.998  -75.843  33.392 0.0000000000
22820  12.620  -76.763  33.369 0.0000000000
23815  13.248  -75.858  33.483 0.0000000000
694  14.185  -105.915  55.269 0.0000000000
475  13.860  -106.978  55.256 0.0000000000
695  13.522  -107.413  56.407 0.0000000000
477  13.248  -109.023  56.979 0.0000000000
490  12.634  -109.397  56.460 0.0000000000
268  12.559  -110.190  55.098 0.0000000000
261  12.011  -110.153  55.941 0.0000000000
930  9.475  -106.987  60.924 0.0000000000
675  10.401  -107.986  60.116 0.0000000000
676  8.725  -108.096  59.718 0.0000000000
492  9.549  -106.519  56.025 0.0000000000
480  9.007  -108.909  56.498 0.0000000000
264  9.555  -107.763  55.568 0.0000000000
270  9.644  -109.745  54.720 0.0000000000
148666  9.079  -107.338  53.855 0.0000000000
295  9.405  -108.165  52.317 0.0000000000
146763  9.285  -106.241  53.406 0.0000000000
283  8.135  -108.581  54.182 0.0000000000
142764  8.453  -107.987  53.248 0.0000000000
3117  9.049  -100.976  57.113 0.0000000000
3093  8.546  -101.666  58.215 0.0000000000
3105  8.253  -101.416  57.342 0.0000000000
163210  5.633  -102.789  57.575 0.0000000000
2595  6.488  -102.378  58.496 0.0000000000
2146  5.202  -103.145  58.799 0.0000000000
2136  4.748  -103.929  59.938 0.0000000000
157184  3.992  -104.264  59.066 0.0000000000
1793  4.658  -104.305  54.740 0.0000000000
2165  4.558  -103.986  55.771 0.0000000000
1207  3.737  -106.758  57.297 0.0000000000
951  4.049  -107.073  57.792 0.0000000000
950  4.516  -106.964  58.455 0.0000000000
705  5.245  -108.147  57.172 0.0000000000
495  6.334  -108.413  56.543 0.0000000000
2601  2.989  -101.657  56.979 0.0000000000
3131  3.996  -101.125  55.143 0.0000000000
2610  2.992  -102.061  56.166 0.0000000000
2618  3.096  -102.371  55.382 0.0000000000
2619  2.468  -102.595  55.720 0.0000000000
8657  -0.457  -92.458  57.156 0.0000000000
147949  -0.378  -94.962  56.408 0.0000000000
7297  -0.492  -94.494  57.271 0.0000000000
5384  -0.062  -97.073  57.952 0.0000000000
144758  1.982  -94.970  52.814 0.0000000000
151022  1.005  -95.057  54.113 0.0000000000
6732  1.831  -95.292  53.692 0.0000000000
4827  2.532  -98.066  54.493 0.0000000000
5414  1.900  -97.373  55.901 0.0000000000
4805  1.843  -98.153  56.354 0.0000000000
4795  0.774  -98.499  57.675 0.0000000000
4806  1.242  -98.494  56.958 0.0000000000
4195  1.021  -100.095  57.597 0.0000000000
159424  1.113  -99.773  56.195 0.0000000000
3688  1.082  -100.578  53.055 0.0000000000
138089  1.057  -100.478  54.886 0.0000000000
3666  0.790  -101.391  53.718 0.0000000000
2629  0.842  -102.427  54.294 0.0000000000
3154  0.437  -101.611  52.966 0.0000000000
2652  0.082  -102.144  52.357 0.0000000000
3168  0.443  -101.582  52.168 0.0000000000
140364  0.982  -101.740  49.100 0.0000000000
3214  0.428  -102.113  49.133 0.0000000000
22481  5.840  -77.023  52.378 0.0000000000
19581  2.336  -78.549  50.937 0.0000000000
19580  3.010  -78.403  51.617 0.0000000000
159586  2.543  -80.030  50.843 0.0000000000
17696  2.628  -80.912  51.077 0.0000000000
17697  1.624  -80.386  51.308 0.0000000000
16762  1.112  -82.030  52.697 0.0000000000
17678  0.743  -80.874  52.004 0.0000000000
19609  -0.008  -79.021  50.162 0.0000000000
148643  0.191  -80.796  50.878 0.0000000000
149812  -0.081  -80.886  49.928 0.0000000000
17715  -0.112  -81.825  50.057 0.0000000000
18660  -0.317  -80.624  48.665 0.0000000000
23601  1.488  -75.693  46.517 0.0000000000
22586  0.428  -76.472  47.648 0.0000000000
23603  0.464  -76.569  46.945 0.0000000000
20663  0.066  -78.679  45.311 0.0000000000
20626  -0.334  -78.056  46.327 0.0000000000
19644  -0.296  -79.503  46.080 0.0000000000
18695  -0.419  -80.416  46.379 0.0000000000
17793  -0.433  -81.315  46.010 0.0000000000
17794  -0.584  -82.084  45.655 0.0000000000
17792  0.014  -81.457  45.569 0.0000000000
23618  8.949  -74.970  45.117 0.0000000000
144301  7.617  -74.144  45.024 0.0000000000
23637  7.708  -75.202  43.965 0.0000000000
22681  7.484  -76.498  41.892 0.0000000000
23671  7.045  -75.954  42.460 0.0000000000
154189  6.516  -76.637  41.938 0.0000000000
21662  5.596  -77.219  41.998 0.0000000000
20686  5.524  -78.263  42.130 0.0000000000
29493  24.765  -68.992  44.860 0.0000000000
140467  24.427  -69.632  44.075 0.0000000000
29510  24.678  -69.034  43.671 0.0000000000
30529  25.373  -68.219  42.260 0.0000000000
29528  24.882  -68.908  42.309 0.0000000000
29547  25.630  -68.978  41.942 0.0000000000
28528  26.153  -69.652  41.915 0.0000000000
29546  26.614  -68.840  41.923 0.0000000000
151598  26.040  -64.168  43.899 0.0000000000
34696  25.649  -64.184  44.269 0.0000000000
34680  25.016  -64.338  44.733 0.0000000000
143394  25.883  -65.303  43.454 0.0000000000
33680  26.489  -64.818  42.912 0.0000000000
146248  27.420  -67.666  44.204 0.0000000000
142320  27.381  -67.306  42.547 0.0000000000
30528  27.325  -68.378  43.097 0.0000000000
29526  27.276  -69.217  43.636 0.0000000000
29508  27.590  -69.543  45.019 0.0000000000
31566  28.658  -68.243  45.153 0.0000000000
29491  28.442  -69.472  45.189 0.0000000000
166840  28.562  -63.614  44.889 0.0000000000
34662  28.765  -65.191  44.885 0.0000000000
150055  29.227  -64.628  44.311 0.0000000000
32611  30.307  -66.601  42.445 0.0000000000
35754  28.540  -63.506  39.261 0.0000000000
37796  28.415  -62.189  40.128 0.0000000000
38811  28.906  -59.942  43.110 0.0000000000
39879  28.104  -58.941  43.626 0.0000000000
39890  27.483  -59.241  42.191 0.0000000000
39900  27.058  -59.315  40.887 0.0000000000
142784  27.275  -60.005  40.449 0.0000000000
39909  26.370  -59.591  39.722 0.0000000000
149709  26.094  -58.303  40.590 0.0000000000
5305  21.895  -97.599  63.306 0.0000000000
4176  19.828  -99.622  57.967 0.0000000000
4774  20.999  -98.351  57.977 0.0000000000
159729  20.549  -99.362  58.368 0.0000000000
4148  22.497  -98.771  60.708 0.0000000000
4741  22.601  -98.123  60.238 0.0000000000
5310  23.151  -97.740  61.981 0.0000000000
5303  23.083  -97.686  63.527 0.0000000000
150299  23.370  -97.837  62.941 0.0000000000
4124  23.538  -98.649  63.089 0.0000000000
2121  18.280  -103.070  61.854 0.0000000000
150254  20.082  -102.358  61.188 0.0000000000
1746  18.857  -103.238  60.775 0.0000000000
1745  19.431  -103.044  60.357 0.0000000000
145977  17.460  -103.916  61.180 0.0000000000
2542  14.351  -102.520  63.991 0.0000000000
2096  15.784  -102.846  63.858 0.0000000000
2105  14.771  -103.497  63.663 0.0000000000
1437  14.463  -104.066  61.046 0.0000000000
155901  15.264  -104.095  62.279 0.0000000000
1759  15.322  -103.889  60.171 0.0000000000
1436  15.825  -104.790  60.718 0.0000000000
1444  15.715  -104.789  59.683 0.0000000000
150976  15.650  -104.675  58.694 0.0000000000
1772  15.123  -103.788  58.421 0.0000000000
146739  13.723  -106.239  57.578 0.0000000000
1206  14.077  -105.193  56.924 0.0000000000
958  14.061  -105.578  56.399 0.0000000000
957  14.659  -105.164  55.515 0.0000000000
1226  19.480  -106.773  53.144 0.0000000000
1225  20.652  -106.566  52.918 0.0000000000
1218  18.968  -106.872  53.644 0.0000000000
964  17.023  -107.243  56.357 0.0000000000
700  17.765  -107.255  55.219 0.0000000000
701  16.706  -107.418  55.718 0.0000000000
710  16.866  -107.584  54.969 0.0000000000
702  16.049  -106.565  55.167 0.0000000000
290  14.496  -107.439  52.645 0.0000000000
306  15.169  -106.711  51.080 0.0000000000
307  14.723  -108.117  51.495 0.0000000000
334  16.469  -109.587  48.903 0.0000000000
335  15.868  -108.385  49.191 0.0000000000
343  17.003  -109.094  48.277 0.0000000000
342  17.606  -109.163  48.220 0.0000000000
122  17.409  -110.234  48.070 0.0000000000
147689  16.324  -110.067  45.261 0.0000000000
158131  16.481  -110.994  45.894 0.0000000000
158821  17.402  -110.299  45.546 0.0000000000
357  17.662  -110.493  46.336 0.0000000000
148415  18.536  -109.269  44.829 0.0000000000
362  19.070  -109.948  44.990 0.0000000000
368  18.668  -107.411  44.381 0.0000000000
376  19.358  -106.965  43.897 0.0000000000
163475  19.709  -108.164  42.932 0.0000000000
403  20.014  -109.361  40.576 0.0000000000
203  19.385  -110.207  39.803 0.0000000000
145158  18.686  -112.010  36.829 0.0000000000
148910  19.603  -111.148  37.618 0.0000000000
164956  19.559  -111.299  36.395 0.0000000000
217  20.534  -110.391  36.697 0.0000000000
158986  19.568  -111.379  35.774 0.0000000000
65  18.074  -111.793  31.927 0.0000000000
153769  19.079  -111.897  33.212 0.0000000000
163302  19.887  -111.183  33.849 0.0000000000
234  19.685  -111.201  33.180 0.0000000000
237  20.443  -110.922  32.837 0.0000000000
238  19.852  -111.044  32.279 0.0000000000
152240  18.656  -110.417  29.539 0.0000000000
450  20.157  -110.278  30.738 0.0000000000
163993  19.966  -110.043  29.416 0.0000000000
140313  21.022  -109.487  29.804 0.0000000000
462  19.728  -109.807  28.873 0.0000000000
893  3.209  -108.212  27.782 0.0000000000
1371  10.656  -107.008  25.646 0.0000000000
1139  10.300  -107.657  26.152 0.0000000000
1370  11.422  -106.939  25.308 0.0000000000
150372  14.534  -106.152  25.798 0.0000000000
1136  13.873  -106.441  26.195 0.0000000000
1135  14.172  -107.037  26.822 0.0000000000
1122  14.598  -107.851  27.179 0.0000000000
1121  15.680  -108.073  27.062 0.0000000000
146465  15.851  -108.737  27.935 0.0000000000
1120  16.546  -107.690  26.784 0.0000000000
1358  17.514  -106.772  26.835 0.0000000000
1118  17.935  -107.524  27.625 0.0000000000
1106  18.449  -107.273  28.248 0.0000000000
1105  19.279  -107.694  28.557 0.0000000000
1350  18.852  -106.840  29.033 0.0000000000
1097  20.436  -107.109  29.728 0.0000000000
1346  18.353  -106.294  29.770 0.0000000000
2446  17.182  -102.996  26.729 0.0000000000
3354  10.204  -102.420  32.293 0.0000000000
2373  10.853  -103.071  32.512 0.0000000000
165953  11.137  -102.095  32.970 0.0000000000
16973  1.951  -83.162  37.552 0.0000000000
16129  0.937  -83.624  36.440 0.0000000000
16103  1.802  -83.831  38.186 0.0000000000
12886  2.955  -87.771  38.188 0.0000000000
13703  1.460  -86.782  38.190 0.0000000000
12887  2.093  -87.886  38.146 0.0000000000
12027  0.727  -89.217  37.592 0.0000000000
12025  2.321  -88.854  37.313 0.0000000000
160185  5.840  -87.297  35.676 0.0000000000
12915  5.478  -87.112  36.453 0.0000000000
140537  4.605  -87.157  34.824 0.0000000000
13794  1.311  -86.718  32.931 0.0000000000
13756  1.807  -86.190  34.522 0.0000000000
13757  0.819  -86.566  34.341 0.0000000000
12942  0.625  -87.869  35.196 0.0000000000
12984  0.160  -87.767  33.604 0.0000000000
12075  0.171  -88.524  33.464 0.0000000000
12098  0.284  -88.577  32.483 0.0000000000
11365  0.364  -89.479  28.940 0.0000000000
9051  1.892  -91.924  27.364 0.0000000000
9081  1.748  -92.099  25.951 0.0000000000
7701  2.522  -93.625  26.309 0.0000000000
7713  3.018  -94.228  25.750 0.0000000000
7700  3.089  -94.279  26.864 0.0000000000
11396  5.128  -89.336  27.571 0.0000000000
11380  4.276  -89.217  28.073 0.0000000000
10595  4.476  -90.594  27.104 0.0000000000
8365  5.664  -93.206  26.259 0.0000000000
159199  5.433  -93.370  27.046 0.0000000000
7685  6.645  -94.010  27.295 0.0000000000
139525  5.264  -95.374  26.577 0.0000000000
7044  7.229  -95.153  26.826 0.0000000000
6417  6.727  -96.506  25.743 0.0000000000
6402  7.774  -95.678  26.352 0.0000000000
7103  7.596  -95.175  22.809 0.0000000000
7069  8.321  -96.223  24.188 0.0000000000
153489  7.996  -96.050  22.876 0.0000000000
6454  8.496  -96.901  22.626 0.0000000000
144045  8.263  -96.215  21.929 0.0000000000
20882  11.319  -78.142  29.236 0.0000000000
20869  10.664  -78.717  29.578 0.0000000000
20899  11.094  -78.929  29.029 0.0000000000
18067  11.110  -82.419  26.881 0.0000000000
17145  9.727  -83.386  27.349 0.0000000000
16257  11.339  -83.993  26.924 0.0000000000
17101  15.396  -82.518  28.510 0.0000000000
17120  15.222  -83.132  27.357 0.0000000000
17121  13.969  -83.113  28.422 0.0000000000
17122  13.281  -83.451  28.296 0.0000000000
17103  13.651  -82.664  29.193 0.0000000000
17089  12.278  -82.315  30.451 0.0000000000
18027  14.309  -81.740  30.033 0.0000000000
159938  17.440  -81.430  31.219 0.0000000000
17997  16.295  -81.476  31.865 0.0000000000
17074  16.491  -82.220  31.945 0.0000000000
16196  15.065  -83.925  32.104 0.0000000000
15388  16.229  -83.800  31.245 0.0000000000
16239  20.613  -83.563  28.689 0.0000000000
15436  20.556  -84.415  28.568 0.0000000000
14630  17.221  -85.575  27.807 0.0000000000
14601  17.962  -84.848  29.020 0.0000000000
14619  16.296  -85.256  29.036 0.0000000000
14603  14.812  -85.272  29.943 0.0000000000
13859  14.841  -85.929  28.564 0.0000000000
154790  12.677  -86.576  29.148 0.0000000000
146684  14.431  -86.217  27.928 0.0000000000
138823  14.211  -86.463  25.501 0.0000000000
13892  12.520  -86.751  26.158 0.0000000000
13911  12.441  -86.779  25.386 0.0000000000
13100  11.291  -87.315  25.230 0.0000000000
13113  12.335  -87.559  24.319 0.0000000000
13126  17.339  -87.218  23.625 0.0000000000
12242  17.322  -87.937  23.031 0.0000000000
10640  13.930  -90.325  23.356 0.0000000000
157627  14.061  -89.352  23.552 0.0000000000
11434  13.206  -89.859  23.662 0.0000000000
10620  11.714  -89.760  23.704 0.0000000000
10643  11.681  -90.616  23.694 0.0000000000
158748  10.397  -91.909  23.339 0.0000000000
9105  11.951  -92.109  23.351 0.0000000000
7771  12.569  -94.400  21.566 0.0000000000
8430  11.264  -94.033  22.216 0.0000000000
7780  11.034  -95.330  21.659 0.0000000000
151200  10.716  -96.105  21.237 0.0000000000
163028  11.289  -96.459  20.992 0.0000000000
6491  11.487  -97.010  20.522 0.0000000000
6479  12.097  -96.416  20.853 0.0000000000
7126  15.890  -96.242  20.744 0.0000000000
151241  15.120  -96.842  20.540 0.0000000000
6476  15.980  -97.171  20.662 0.0000000000
5845  15.830  -97.997  21.044 0.0000000000
5830  16.544  -97.287  21.217 0.0000000000
7739  16.167  -95.118  23.566 0.0000000000
7082  15.778  -95.795  23.242 0.0000000000
7740  15.081  -95.160  23.803 0.0000000000
138303  13.610  -95.026  24.461 0.0000000000
8383  13.971  -93.923  24.988 0.0000000000
519  19.500  -109.157  53.027 0.0000000000
527  20.059  -109.094  52.426 0.0000000000
157767  19.333  -109.154  52.358 0.0000000000
148480  18.686  -108.927  51.630 0.0000000000
150133  17.793  -108.115  49.892 0.0000000000
14283  4.967  -85.327  55.154 0.0000000000
13456  4.333  -86.075  54.861 0.0000000000
14284  3.928  -85.287  54.935 0.0000000000
13458  2.400  -85.635  54.588 0.0000000000
13459  1.686  -86.169  54.325 0.0000000000
13475  0.503  -86.150  53.379 0.0000000000
14287  1.018  -85.014  53.775 0.0000000000
15057  0.771  -84.303  53.395 0.0000000000
15891  0.638  -83.591  52.966 0.0000000000
28473  18.488  -70.628  46.422 0.0000000000
27497  19.891  -71.495  46.279 0.0000000000
26499  20.403  -72.392  46.189 0.0000000000
160583  8.435  -102.160  22.231 0.0000000000
2996  8.103  -102.977  22.084 0.0000000000
3504  9.169  -101.892  21.120 0.0000000000
3012  10.134  -102.025  19.989 0.0000000000
3011  10.875  -102.378  19.969 0.0000000000
3002  12.148  -103.041  20.033 0.0000000000
3510  11.661  -101.929  19.912 0.0000000000
4039  11.570  -100.862  19.887 0.0000000000
154498  12.576  -99.715  19.913 0.0000000000
22856  6.167  -77.122  32.219 0.0000000000
20843  5.240  -78.287  32.667 0.0000000000
20858  6.675  -78.386  31.477 0.0000000000
19901  7.511  -79.027  31.120 0.0000000000
18956  8.180  -80.496  30.278 0.0000000000
42025  24.465  -57.772  38.855 0.0000000000
40975  24.796  -58.584  38.470 0.0000000000
748  24.401  -105.367  45.077 0.0000000000
1010  24.556  -104.125  45.325 0.0000000000
756  24.450  -106.732  45.087 0.0000000000
763  24.951  -107.792  44.966 0.0000000000
562  24.721  -108.428  44.447 0.0000000000
561  25.645  -108.609  43.943 0.0000000000
150038  23.113  -107.884  42.252 0.0000000000
597  21.434  -108.145  40.636 0.0000000000
26547  8.914  -71.995  43.514 0.0000000000
26548  7.965  -71.637  43.323 0.0000000000
28538  6.177  -70.666  42.721 0.0000000000
164406  5.683  -69.939  41.563 0.0000000000
28537  7.036  -70.058  42.643 0.0000000000
29557  7.060  -69.610  41.736 0.0000000000
29575  7.694  -69.518  41.355 0.0000000000
34776  19.122  -64.006  36.379 0.0000000000
149634  19.359  -64.692  36.938 0.0000000000
152855  19.662  -63.630  37.163 0.0000000000
35763  20.249  -62.784  37.864 0.0000000000
35755  20.231  -62.875  38.715 0.0000000000
31713  9.784  -66.754  34.880 0.0000000000
31700  9.761  -66.958  35.689 0.0000000000
162902  10.103  -67.430  35.463 0.0000000000
2574  10.355  -102.460  60.749 0.0000000000
2123  9.631  -103.278  61.794 0.0000000000
2575  9.540  -102.506  60.316 0.0000000000
2576  8.434  -102.799  60.358 0.0000000000
2585  8.029  -102.318  59.419 0.0000000000
1840  5.033  -105.946  50.121 0.0000000000
1238  6.044  -107.941  50.891 0.0000000000
1833  4.322  -107.003  51.920 0.0000000000
1808  3.539  -105.798  52.914 0.0000000000
1486  2.578  -105.759  52.928 0.0000000000
1240  1.964  -106.144  51.700 0.0000000000
1499  1.146  -105.049  52.415 0.0000000000
159490  0.866  -104.856  51.679 0.0000000000
1835  0.209  -103.805  51.175 0.0000000000
140636  0.352  -93.591  48.188 0.0000000000
7417  0.347  -93.961  48.559 0.0000000000
7421  0.299  -94.293  47.706 0.0000000000
138032  0.081  -95.510  47.159 0.0000000000
142600  0.034  -96.140  46.873 0.0000000000
147311  0.163  -96.920  46.483 0.0000000000
23558  9.608  -75.310  49.793 0.0000000000
22536  8.832  -77.265  48.710 0.0000000000
23559  8.539  -76.095  48.555 0.0000000000
23577  6.914  -75.837  47.535 0.0000000000
24551  5.697  -74.889  47.002 0.0000000000
160520  4.386  -74.858  46.336 0.0000000000
24568  5.956  -74.097  46.808 0.0000000000
25530  5.618  -73.926  46.163 0.0000000000
25550  5.665  -73.888  45.017 0.0000000000
38758  24.565  -60.771  45.358 0.0000000000
39854  23.554  -59.560  45.260 0.0000000000
39836  24.321  -59.346  45.493 0.0000000000
40901  24.753  -58.916  45.403 0.0000000000
166450  14.560  -99.887  57.383 0.0000000000
4181  14.824  -99.983  57.869 0.0000000000
142855  13.764  -100.632  58.199 0.0000000000
3628  13.761  -100.725  58.871 0.0000000000
3075  13.311  -101.060  60.235 0.0000000000
137817  12.996  -101.312  61.076 0.0000000000
158315  12.414  -101.492  60.233 0.0000000000
2573  11.664  -101.898  60.786 0.0000000000
2420  5.649  -104.580  29.928 0.0000000000
2018  5.116  -105.061  29.863 0.0000000000
1646  5.784  -105.443  31.036 0.0000000000
1653  7.118  -105.408  30.424 0.0000000000
1664  8.547  -105.338  28.026 0.0000000000
2016  9.417  -104.574  28.564 0.0000000000
2015  10.422  -104.079  28.545 0.0000000000
2014  11.061  -103.785  28.069 0.0000000000
2431  12.157  -102.859  28.385 0.0000000000
157138  11.754  -103.208  29.096 0.0000000000
2416  11.683  -103.299  30.014 0.0000000000
2399  12.031  -102.991  30.972 0.0000000000
15265  -1.140  -84.099  39.189 0.0000000000
141938  -0.580  -84.480  37.439 0.0000000000
12959  10.464  -87.335  34.556 0.0000000000
12981  9.140  -87.882  34.124 0.0000000000
12068  10.052  -88.065  33.149 0.0000000000
12091  9.746  -88.435  32.247 0.0000000000
12107  9.456  -88.755  31.545 0.0000000000
11314  8.022  -89.600  30.354 0.0000000000
11293  9.650  -89.088  30.785 0.0000000000
163963  10.435  -88.847  29.587 0.0000000000
13046  11.153  -87.899  28.828 0.0000000000
2633  26.573  -102.962  52.945 0.0000000000
1800  26.773  -104.030  52.814 0.0000000000
144210  23.964  -108.054  49.343 0.0000000000
989  24.590  -106.854  49.605 0.0000000000
735  23.935  -106.961  49.049 0.0000000000
736  23.520  -107.444  48.387 0.0000000000
994  23.453  -105.837  47.757 0.0000000000
739  22.577  -104.365  46.613 0.0000000000
740  22.758  -106.002  47.388 0.0000000000
160302  21.711  -107.236  46.175 0.0000000000
552  20.717  -107.735  45.526 0.0000000000
38890  17.414  -61.030  33.244 0.0000000000
38891  16.524  -61.057  32.838 0.0000000000
37860  16.122  -61.671  32.939 0.0000000000
37861  15.245  -61.775  32.686 0.0000000000
162813  10.857  -61.845  32.824 0.0000000000
35839  10.767  -62.414  32.743 0.0000000000
163905  10.725  -62.498  32.853 0.0000000000
35860  10.924  -62.908  32.623 0.0000000000
4298  7.167  -100.395  49.068 0.0000000000
3210  6.424  -101.866  48.729 0.0000000000
3715  6.443  -100.662  49.329 0.0000000000
3188  5.721  -101.005  49.827 0.0000000000
3704  5.447  -100.852  51.073 0.0000000000
11773  4.516  -88.827  55.639 0.0000000000
10952  4.058  -89.522  55.099 0.0000000000
10168  3.037  -90.937  54.132 0.0000000000
11816  3.768  -89.036  52.245 0.0000000000
10998  4.187  -89.827  51.935 0.0000000000
11824  3.633  -89.126  51.416 0.0000000000
11018  3.576  -89.636  50.659 0.0000000000
11019  3.272  -89.874  49.770 0.0000000000
10247  1.841  -90.606  49.168 0.0000000000
10245  3.413  -89.931  48.264 0.0000000000
10261  3.409  -89.877  47.448 0.0000000000
10283  3.191  -90.265  46.572 0.0000000000
162868  2.386  -90.827  45.396 0.0000000000
11894  2.788  -89.593  46.386 0.0000000000
11053  1.022  -89.168  47.123 0.0000000000
11054  -0.251  -89.265  47.116 0.0000000000
139689  0.192  -86.363  48.953 0.0000000000
13528  -0.135  -87.182  48.413 0.0000000000
163744  0.057  -86.322  48.093 0.0000000000
27462  13.190  -71.227  48.486 0.0000000000
26488  12.483  -72.429  47.787 0.0000000000
26508  12.084  -73.123  47.286 0.0000000000
26507  12.915  -72.900  47.098 0.0000000000
24563  13.100  -74.497  46.684 0.0000000000
23593  13.652  -75.388  46.659 0.0000000000
23614  16.806  -75.211  45.111 0.0000000000
164056  16.066  -75.411  45.470 0.0000000000
23632  16.320  -75.401  44.511 0.0000000000
23653  15.738  -75.477  43.728 0.0000000000
23654  15.100  -75.454  42.836 0.0000000000
25559  21.738  -72.999  42.936 0.0000000000
24610  20.845  -73.156  42.204 0.0000000000
25558  21.988  -71.948  42.060 0.0000000000
26577  22.043  -71.954  41.226 0.0000000000
26558  22.605  -71.540  41.667 0.0000000000
26557  23.216  -71.182  41.385 0.0000000000
27542  23.562  -70.747  42.045 0.0000000000
1410  4.009  -105.493  21.096 0.0000000000
1709  9.638  -106.062  22.044 0.0000000000
1394  8.138  -106.577  22.473 0.0000000000
1389  9.052  -106.416  22.695 0.0000000000
159240  8.724  -106.146  24.661 0.0000000000
1693  8.387  -105.631  25.253 0.0000000000
2058  7.835  -105.030  25.861 0.0000000000
2057  8.609  -104.746  25.470 0.0000000000
156191  8.563  -103.743  26.410 0.0000000000
2923  9.017  -102.904  27.632 0.0000000000
163405  9.249  -102.582  28.171 0.0000000000
2922  9.704  -102.572  27.651 0.0000000000
2921  10.259  -102.452  27.285 0.0000000000
3425  11.380  -101.672  27.473 0.0000000000
160414  13.793  -100.647  23.414 0.0000000000
3445  13.472  -100.909  25.132 0.0000000000
3995  13.804  -100.373  24.367 0.0000000000
4557  13.722  -99.439  25.291 0.0000000000
5782  13.365  -97.804  26.964 0.0000000000
5793  12.682  -96.987  25.790 0.0000000000
7056  12.644  -95.495  25.596 0.0000000000
150334  5.158  -78.909  36.167 0.0000000000
18871  4.154  -80.079  36.681 0.0000000000
18854  5.492  -80.421  37.144 0.0000000000
17907  6.147  -80.985  37.208 0.0000000000
151783  5.588  -82.311  36.342 0.0000000000
163919  5.799  -83.191  31.875 0.0000000000
15376  6.002  -83.820  33.274 0.0000000000
159647  6.718  -83.996  32.534 0.0000000000
15373  7.767  -84.426  32.669 0.0000000000
15355  8.422  -84.564  33.338 0.0000000000
142920  9.178  -84.332  34.082 0.0000000000
139129  9.318  -84.551  33.188 0.0000000000
16167  10.634  -84.091  32.865 0.0000000000
16183  12.078  -82.933  32.883 0.0000000000
34756  26.870  -64.718  37.401 0.0000000000
143127  26.085  -63.956  37.429 0.0000000000
37816  24.102  -61.086  36.829 0.0000000000
35775  22.576  -63.600  35.928 0.0000000000
37818  22.935  -62.039  35.586 0.0000000000
37844  22.290  -61.377  34.124 0.0000000000
794  25.338  -108.177  39.670 0.0000000000
165270  26.059  -108.183  39.505 0.0000000000
608  24.725  -108.035  38.940 0.0000000000
621  24.920  -108.101  38.082 0.0000000000
801  24.521  -108.033  36.629 0.0000000000
155194  24.821  -108.035  35.931 0.0000000000
625  23.939  -108.243  35.914 0.0000000000
637  23.090  -108.728  34.645 0.0000000000
643  22.323  -109.242  33.481 0.0000000000
6484  5.361  -96.742  20.725 0.0000000000
5856  5.874  -97.401  20.441 0.0000000000
5207  6.438  -98.787  20.914 0.0000000000
5834  6.342  -97.736  22.037 0.0000000000
149512  6.437  -97.701  23.090 0.0000000000
161396  6.937  -98.500  23.974 0.0000000000
25600  2.347  -73.437  42.028 0.0000000000
24647  2.094  -74.274  41.605 0.0000000000
24648  1.598  -74.465  41.155 0.0000000000
23704  1.058  -75.698  40.744 0.0000000000
24668  1.205  -74.920  40.627 0.0000000000
23719  1.011  -75.207  39.325 0.0000000000
23754  1.694  -76.044  37.569 0.0000000000
22761  2.331  -76.403  36.853 0.0000000000
23753  2.415  -75.590  37.107 0.0000000000
154460  3.158  -75.217  36.805 0.0000000000
23752  4.049  -74.922  36.876 0.0000000000
27673  5.940  -71.030  37.082 0.0000000000
26662  5.939  -72.173  37.227 0.0000000000
26679  6.361  -71.443  36.407 0.0000000000
151858  7.111  -72.806  35.686 0.0000000000
24732  7.566  -73.550  34.952 0.0000000000
24750  7.645  -74.312  34.132 0.0000000000
25699  7.639  -73.491  34.366 0.0000000000
25721  7.904  -73.387  33.442 0.0000000000
26748  8.271  -72.719  32.785 0.0000000000
28532  16.198  -69.995  42.975 0.0000000000
141275  16.352  -63.791  37.689 0.0000000000
34763  15.641  -64.334  37.156 0.0000000000
30609  13.123  -68.486  38.772 0.0000000000
31649  13.259  -67.795  38.504 0.0000000000
30591  13.590  -69.119  39.248 0.0000000000
29612  14.046  -69.575  39.854 0.0000000000
28574  14.364  -69.683  41.030 0.0000000000
28553  13.951  -69.262  41.594 0.0000000000
142357  13.229  -70.181  41.575 0.0000000000
28554  12.315  -70.216  41.935 0.0000000000
28555  11.327  -69.878  42.157 0.0000000000
28576  9.885  -70.417  41.451 0.0000000000
27597  10.619  -71.316  41.106 0.0000000000
27613  10.069  -71.799  40.217 0.0000000000
26618  9.617  -72.011  39.354 0.0000000000
25679  11.565  -73.329  35.690 0.0000000000
26691  12.229  -72.879  35.166 0.0000000000
26711  11.788  -72.101  34.389 0.0000000000
140366  11.508  -71.135  33.357 0.0000000000
27736  11.148  -70.958  32.662 0.0000000000
26745  12.295  -71.798  32.241 0.0000000000
25720  13.171  -73.510  32.882 0.0000000000
23814  14.378  -75.669  33.484 0.0000000000
948  13.402  -107.266  58.310 0.0000000000
684  13.198  -107.909  57.718 0.0000000000
679  13.163  -107.932  58.987 0.0000000000
685  12.537  -108.276  58.504 0.0000000000
470  11.917  -108.993  58.280 0.0000000000
937  7.878  -107.464  60.505 0.0000000000
683  8.011  -108.093  58.957 0.0000000000
474  8.682  -106.161  57.529 0.0000000000
142901  8.794  -105.759  56.406 0.0000000000
272  9.039  -106.365  53.905 0.0000000000
493  8.438  -106.214  54.900 0.0000000000
505  8.118  -107.494  54.574 0.0000000000
164250  7.636  -108.218  55.235 0.0000000000
145349  7.964  -101.193  55.823 0.0000000000
3119  7.731  -101.436  56.526 0.0000000000
3120  7.000  -101.720  56.390 0.0000000000
2608  6.388  -102.200  56.128 0.0000000000
2151  5.146  -103.200  57.194 0.0000000000
1469  3.812  -106.295  55.248 0.0000000000
1465  3.814  -105.461  55.799 0.0000000000
142890  3.698  -106.909  55.719 0.0000000000
3630  3.873  -100.702  58.241 0.0000000000
3108  3.027  -101.145  57.743 0.0000000000
2597  2.022  -101.311  57.623 0.0000000000
9389  -0.328  -91.417  55.684 0.0000000000
8666  -0.438  -92.211  56.206 0.0000000000
142559  -0.433  -93.197  56.220 0.0000000000
7306  -0.342  -94.182  55.780 0.0000000000
6699  -0.161  -94.980  55.477 0.0000000000
6118  2.796  -96.239  51.543 0.0000000000
6090  2.840  -96.473  53.644 0.0000000000
5459  2.966  -97.197  53.114 0.0000000000
158251  2.661  -97.851  53.681 0.0000000000
4828  2.037  -98.901  54.605 0.0000000000
4829  1.738  -99.198  55.272 0.0000000000
4239  1.561  -99.395  53.141 0.0000000000
4251  1.225  -100.006  52.763 0.0000000000
159851  1.117  -100.570  52.457 0.0000000000
3718  0.887  -101.266  51.234 0.0000000000
3717  1.548  -100.709  50.511 0.0000000000
3740  1.791  -101.235  49.151 0.0000000000
22537  5.627  -76.892  49.985 0.0000000000
21519  6.451  -77.235  51.318 0.0000000000
22520  5.699  -76.730  51.011 0.0000000000
166844  5.145  -76.465  51.076 0.0000000000
22483  4.270  -76.935  52.061 0.0000000000
156458  2.745  -77.045  51.471 0.0000000000
150460  2.256  -77.416  51.141 0.0000000000
20561  0.925  -78.485  50.821 0.0000000000
19583  0.794  -79.333  51.024 0.0000000000
20577  0.686  -78.117  50.580 0.0000000000
21537  0.357  -77.782  50.142 0.0000000000
158598  -0.204  -77.994  49.204 0.0000000000
141583  1.630  -76.065  44.754 0.0000000000
22626  0.821  -76.506  45.673 0.0000000000
22644  1.236  -76.743  44.549 0.0000000000
20662  0.502  -78.531  44.892 0.0000000000
19691  0.379  -79.235  45.166 0.0000000000
22643  8.852  -76.295  44.035 0.0000000000
23655  8.147  -75.875  43.563 0.0000000000
22660  8.646  -76.241  42.982 0.0000000000
22680  8.321  -76.447  42.006 0.0000000000
30514  25.039  -68.298  44.180 0.0000000000
142729  25.371  -66.768  44.620 0.0000000000
146059  25.472  -66.731  43.611 0.0000000000
31605  25.565  -67.193  42.662 0.0000000000
36704  25.051  -62.747  44.691 0.0000000000
36705  24.188  -62.462  44.678 0.0000000000
35685  25.868  -63.636  44.267 0.0000000000
35701  26.498  -64.420  43.634 0.0000000000
143589  26.949  -64.881  42.131 0.0000000000
33665  27.278  -65.182  42.938 0.0000000000
32600  27.330  -65.809  43.641 0.0000000000
30495  27.941  -68.742  45.418 0.0000000000
31587  27.621  -67.008  45.043 0.0000000000
32571  27.999  -67.245  45.591 0.0000000000
32570  28.521  -67.465  45.245 0.0000000000
36702  29.120  -62.780  43.811 0.0000000000
34692  29.651  -64.904  43.610 0.0000000000
152277  29.476  -64.192  43.691 0.0000000000
33677  30.147  -65.764  42.660 0.0000000000
32623  30.663  -66.666  41.471 0.0000000000
40934  25.496  -57.816  43.761 0.0000000000
40932  27.068  -58.862  43.513 0.0000000000
40947  25.703  -57.615  42.647 0.0000000000
40956  25.847  -57.733  41.364 0.0000000000
5336  21.154  -97.399  60.729 0.0000000000
3611  18.513  -100.189  59.701 0.0000000000
4163  20.080  -99.793  58.980 0.0000000000
3610  19.433  -100.052  59.832 0.0000000000
4137  21.200  -99.727  60.848 0.0000000000
4136  21.935  -99.627  61.450 0.0000000000
3582  22.209  -99.924  62.012 0.0000000000
161717  21.455  -99.988  61.772 0.0000000000
2100  18.456  -102.505  62.637 0.0000000000
2114  17.199  -103.243  62.562 0.0000000000
1731  13.235  -104.184  63.790 0.0000000000
1740  13.749  -104.377  63.158 0.0000000000
165153  13.349  -104.862  62.765 0.0000000000
1428  14.040  -104.527  61.603 0.0000000000
1761  13.968  -104.024  60.173 0.0000000000
1768  13.982  -103.995  59.211 0.0000000000
153645  13.701  -105.707  59.243 0.0000000000
1199  13.538  -106.544  58.802 0.0000000000
1209  19.223  -105.156  55.817 0.0000000000
961  18.589  -106.000  55.516 0.0000000000
137933  18.554  -105.960  56.223 0.0000000000
945  17.193  -106.440  57.434 0.0000000000
946  16.585  -106.530  57.367 0.0000000000
82  14.545  -110.017  52.211 0.0000000000
317  15.067  -107.728  50.466 0.0000000000
318  14.861  -109.794  51.417 0.0000000000
101  15.625  -109.988  50.085 0.0000000000
112  15.889  -110.329  49.403 0.0000000000
569  17.992  -106.166  44.688 0.0000000000
73  15.468  -111.350  30.885 0.0000000000
71  16.965  -111.371  31.133 0.0000000000
243  17.695  -111.293  31.306 0.0000000000
248  18.749  -111.019  30.794 0.0000000000
256  17.429  -110.995  29.772 0.0000000000
457  18.060  -110.484  29.333 0.0000000000
463  17.869  -110.011  28.739 0.0000000000
1691  12.462  -105.792  24.713 0.0000000000
1380  12.682  -106.341  24.953 0.0000000000
1690  13.793  -105.461  24.672 0.0000000000
1689  14.439  -105.577  25.117 0.0000000000
1378  15.401  -105.892  25.554 0.0000000000
1367  16.195  -106.600  25.881 0.0000000000
160509  16.845  -106.355  25.845 0.0000000000
1365  17.705  -105.851  26.402 0.0000000000
157135  18.034  -106.042  27.188 0.0000000000
138112  18.094  -106.063  28.156 0.0000000000
1670  18.279  -105.297  27.718 0.0000000000
2025  18.415  -104.526  27.181 0.0000000000
3899  10.886  -100.668  31.339 0.0000000000
4438  12.286  -100.255  33.393 0.0000000000
15263  2.821  -84.507  39.482 0.0000000000
14509  2.366  -85.321  39.069 0.0000000000
14508  3.185  -85.478  39.552 0.0000000000
12873  4.217  -86.770  39.091 0.0000000000
12900  3.524  -87.416  37.856 0.0000000000
12073  4.564  -88.248  33.413 0.0000000000
157170  3.955  -87.526  33.970 0.0000000000
12982  2.904  -87.552  33.317 0.0000000000
13793  1.536  -86.867  32.541 0.0000000000
13814  1.122  -86.910  31.631 0.0000000000
13015  0.525  -87.582  31.644 0.0000000000
13031  0.976  -87.544  30.523 0.0000000000
12147  0.757  -88.436  29.627 0.0000000000
11364  0.681  -89.397  28.816 0.0000000000
10597  1.050  -90.669  27.060 0.0000000000
163022  1.400  -89.732  28.394 0.0000000000
10574  1.705  -90.353  28.021 0.0000000000
9034  2.960  -91.792  28.543 0.0000000000
11405  6.566  -89.598  26.032 0.0000000000
10611  5.394  -90.605  25.826 0.0000000000
10627  5.827  -90.988  25.205 0.0000000000
9095  5.830  -92.412  24.820 0.0000000000
8384  6.496  -93.543  24.860 0.0000000000
7711  8.097  -94.647  25.378 0.0000000000
7727  6.838  -94.068  24.117 0.0000000000
8398  6.991  -93.906  23.537 0.0000000000
8422  7.968  -94.054  22.534 0.0000000000
17154  17.431  -82.813  26.260 0.0000000000
160343  16.683  -82.256  27.976 0.0000000000
18047  16.315  -81.984  28.651 0.0000000000
18009  15.328  -81.220  30.253 0.0000000000
18024  17.498  -81.164  29.463 0.0000000000
18952  17.910  -81.138  30.076 0.0000000000
17087  18.324  -82.210  30.661 0.0000000000
13866  21.827  -85.837  27.263 0.0000000000
14627  20.354  -85.545  28.021 0.0000000000
155946  20.123  -85.980  27.349 0.0000000000
156294  18.469  -85.732  27.460 0.0000000000
13870  16.854  -85.769  27.232 0.0000000000
162188  14.645  -86.188  27.257 0.0000000000
13888  16.560  -85.979  26.560 0.0000000000
13909  15.675  -86.438  25.463 0.0000000000
13926  15.363  -86.791  24.831 0.0000000000
11442  17.732  -89.563  22.784 0.0000000000
11431  17.068  -88.824  22.852 0.0000000000
11443  16.670  -89.683  22.779 0.0000000000
10639  15.242  -90.066  22.889 0.0000000000
9852  13.842  -91.148  23.104 0.0000000000
9104  12.796  -92.070  23.079 0.0000000000
9877  13.666  -91.977  22.775 0.0000000000
8417  13.468  -93.247  21.911 0.0000000000
7770  13.532  -94.213  21.537 0.0000000000
7128  13.603  -95.754  20.785 0.0000000000
7769  14.618  -94.392  21.440 0.0000000000
160542  15.795  -94.463  21.436 0.0000000000
7116  17.154  -95.723  21.197 0.0000000000
1476  23.642  -105.472  53.045 0.0000000000
1475  24.583  -105.105  52.931 0.0000000000
1230  23.497  -106.317  52.389 0.0000000000
978  23.897  -106.860  51.899 0.0000000000
726  22.981  -108.017  51.231 0.0000000000
531  21.257  -109.060  51.510 0.0000000000
530  22.006  -108.952  51.306 0.0000000000
732  22.572  -108.425  50.603 0.0000000000
535  22.378  -109.075  49.819 0.0000000000
142307  21.630  -109.572  48.841 0.0000000000
346  20.122  -110.233  47.780 0.0000000000
157383  6.940  -87.978  53.139 0.0000000000
12663  6.380  -88.248  52.909 0.0000000000
12665  5.039  -88.654  52.708 0.0000000000
13471  4.442  -87.028  54.143 0.0000000000
12646  3.685  -87.607  53.676 0.0000000000
12666  3.896  -88.526  52.910 0.0000000000
11817  3.063  -88.589  52.184 0.0000000000
12682  2.379  -88.048  51.890 0.0000000000
159629  2.183  -87.434  49.873 0.0000000000
12714  1.162  -87.678  49.158 0.0000000000
12695  1.328  -87.467  50.806 0.0000000000
12696  0.251  -87.236  50.892 0.0000000000
13514  -0.041  -86.832  50.544 0.0000000000
13494  0.215  -86.578  52.721 0.0000000000
13509  0.049  -86.633  51.527 0.0000000000
148814  0.116  -86.378  49.995 0.0000000000
14348  0.303  -85.366  49.417 0.0000000000
15119  -0.274  -84.191  49.144 0.0000000000
15972  -0.847  -83.551  48.608 0.0000000000
29460  16.084  -69.595  48.318 0.0000000000
27479  15.276  -70.608  47.379 0.0000000000
26504  15.308  -71.814  46.965 0.0000000000
27501  15.889  -70.987  46.906 0.0000000000
26503  16.352  -72.148  46.813 0.0000000000
154193  16.987  -73.752  46.585 0.0000000000
27499  18.012  -71.431  46.302 0.0000000000
164195  17.618  -73.419  46.508 0.0000000000
24559  16.896  -74.438  46.254 0.0000000000
23613  17.594  -74.912  45.216 0.0000000000
23630  18.033  -74.866  44.164 0.0000000000
23650  18.028  -74.639  42.947 0.0000000000
23649  18.715  -74.703  43.500 0.0000000000
24597  20.409  -74.472  44.039 0.0000000000
24578  20.996  -74.175  44.700 0.0000000000
25515  20.929  -73.194  46.008 0.0000000000
25535  21.403  -73.622  45.329 0.0000000000
25549  21.690  -73.600  44.288 0.0000000000
25534  22.149  -73.220  44.995 0.0000000000
26496  22.967  -72.035  45.415 0.0000000000
158963  6.128  -102.625  19.290 0.0000000000
2092  5.606  -103.838  20.616 0.0000000000
2529  6.097  -103.644  21.248 0.0000000000
2521  6.455  -104.032  22.141 0.0000000000
2079  8.366  -105.296  21.487 0.0000000000
2528  8.744  -103.279  21.223 0.0000000000
144407  9.093  -104.957  21.041 0.0000000000
1715  9.180  -105.635  21.400 0.0000000000
1714  10.183  -105.493  21.515 0.0000000000
1704  11.146  -105.219  22.726 0.0000000000
2497  11.385  -104.168  23.822 0.0000000000
157946  11.457  -103.381  24.321 0.0000000000
2976  12.000  -103.448  23.707 0.0000000000
2507  12.506  -103.400  22.881 0.0000000000
2974  13.131  -102.272  22.923 0.0000000000
2523  12.895  -102.758  20.957 0.0000000000
2987  13.236  -102.258  22.006 0.0000000000
3484  13.462  -101.625  22.325 0.0000000000
3467  13.692  -101.095  22.661 0.0000000000
4583  14.239  -99.702  22.220 0.0000000000
148648  14.318  -98.920  22.502 0.0000000000
20817  8.625  -79.198  34.692 0.0000000000
18901  8.353  -80.821  34.425 0.0000000000
18912  8.187  -80.338  33.868 0.0000000000
18914  6.643  -80.872  33.158 0.0000000000
17969  5.442  -81.046  32.604 0.0000000000
158056  5.141  -79.825  32.158 0.0000000000
18944  5.032  -81.080  32.116 0.0000000000
17093  5.419  -82.161  31.634 0.0000000000
16227  6.183  -83.002  30.750 0.0000000000
16212  7.221  -83.291  30.261 0.0000000000
15423  8.207  -83.481  29.800 0.0000000000
37804  26.508  -61.596  38.703 0.0000000000
37805  26.055  -61.090  38.560 0.0000000000
37810  25.431  -61.140  37.830 0.0000000000
38852  24.959  -60.493  37.633 0.0000000000
39914  24.722  -59.188  37.833 0.0000000000
39921  24.578  -59.836  37.404 0.0000000000
38855  24.370  -60.520  37.085 0.0000000000
1843  27.996  -101.266  47.828 0.0000000000
1519  27.815  -101.302  46.802 0.0000000000
1518  28.900  -101.588  46.764 0.0000000000
1525  29.205  -103.509  46.797 0.0000000000
1002  26.521  -104.290  45.964 0.0000000000
160189  27.615  -105.178  46.467 0.0000000000
1262  29.038  -105.632  46.538 0.0000000000
1270  28.990  -105.738  44.599 0.0000000000
141798  28.707  -106.253  43.881 0.0000000000
145671  28.211  -107.130  44.122 0.0000000000
768  27.939  -107.510  43.256 0.0000000000
584  26.706  -108.263  41.968 0.0000000000
157304  25.318  -109.097  42.760 0.0000000000
585  25.993  -108.908  42.100 0.0000000000
603  25.069  -108.311  40.556 0.0000000000
609  23.828  -107.756  39.059 0.0000000000
140197  22.461  -108.274  37.956 0.0000000000
426  21.614  -109.121  36.664 0.0000000000
162156  4.163  -72.277  42.677 0.0000000000
27584  2.378  -71.888  41.592 0.0000000000
27617  2.338  -71.770  40.534 0.0000000000
26619  2.716  -71.908  39.534 0.0000000000
27616  3.080  -71.260  39.924 0.0000000000
27615  4.006  -70.920  39.439 0.0000000000
28626  4.916  -70.472  38.982 0.0000000000
149211  4.933  -69.919  40.115 0.0000000000
28602  5.270  -69.944  39.172 0.0000000000
28625  5.711  -70.023  38.473 0.0000000000
28662  6.260  -70.305  37.121 0.0000000000
28661  6.848  -69.985  36.568 0.0000000000
29690  7.466  -69.808  36.034 0.0000000000
33727  19.781  -65.150  37.707 0.0000000000
34781  12.199  -64.992  35.846 0.0000000000
31650  12.243  -68.233  38.203 0.0000000000
29635  12.410  -69.585  38.675 0.0000000000
139923  12.507  -70.335  38.824 0.0000000000
27612  12.877  -71.558  39.574 0.0000000000
26615  12.127  -72.419  39.552 0.0000000000
27634  12.650  -71.968  38.746 0.0000000000
165836  11.029  -105.807  61.970 0.0000000000
928  11.237  -106.501  60.896 0.0000000000
1172  10.379  -105.883  61.847 0.0000000000
1173  9.610  -106.017  61.815 0.0000000000
926  8.148  -106.670  61.613 0.0000000000
1743  8.343  -104.604  61.951 0.0000000000
1422  8.257  -105.381  62.080 0.0000000000
1180  7.323  -106.489  61.573 0.0000000000
933  6.822  -106.817  60.999 0.0000000000
934  6.179  -106.223  60.686 0.0000000000
940  5.596  -106.307  60.010 0.0000000000
2650  6.476  -102.690  51.969 0.0000000000
2185  5.986  -102.945  52.724 0.0000000000
2186  5.531  -104.072  52.657 0.0000000000
140802  5.217  -104.417  53.394 0.0000000000
1797  4.900  -104.832  53.869 0.0000000000
1494  5.962  -107.756  52.118 0.0000000000
1483  5.004  -106.343  53.343 0.0000000000
1472  4.121  -105.782  54.673 0.0000000000
1473  4.108  -106.559  54.189 0.0000000000
1246  1.864  -106.306  50.335 0.0000000000
8704  -0.114  -92.799  51.872 0.0000000000
7342  0.209  -93.941  53.084 0.0000000000
7370  0.687  -93.708  51.819 0.0000000000
7352  1.181  -94.162  51.778 0.0000000000
7368  1.559  -94.584  50.954 0.0000000000
7403  0.774  -94.670  49.477 0.0000000000
6775  1.726  -95.239  50.313 0.0000000000
152306  2.326  -95.964  50.574 0.0000000000
6130  2.493  -96.705  50.852 0.0000000000
5487  2.252  -97.765  49.939 0.0000000000
4886  2.567  -98.429  49.853 0.0000000000
4899  2.717  -98.965  49.218 0.0000000000
4900  1.877  -98.474  48.537 0.0000000000
4314  0.747  -98.878  46.918 0.0000000000
20593  7.621  -78.535  48.920 0.0000000000
21551  8.461  -78.068  48.510 0.0000000000
20602  7.854  -78.243  48.265 0.0000000000
149883  6.124  -77.569  49.002 0.0000000000
22538  5.264  -76.849  49.102 0.0000000000
22563  4.227  -76.060  48.560 0.0000000000
23561  2.740  -75.753  49.205 0.0000000000
23562  1.693  -75.833  49.156 0.0000000000
23570  2.321  -75.747  48.316 0.0000000000
23583  1.910  -75.643  47.393 0.0000000000
24572  2.066  -75.135  45.841 0.0000000000
144255  3.707  -74.860  46.189 0.0000000000
24587  2.550  -74.876  45.322 0.0000000000
24588  2.090  -75.243  45.235 0.0000000000
23640  2.133  -75.486  44.572 0.0000000000
22663  3.126  -76.415  43.310 0.0000000000
21643  3.430  -77.321  42.977 0.0000000000
148844  23.730  -61.735  44.543 0.0000000000
37739  24.503  -62.024  44.690 0.0000000000
35659  26.944  -63.384  45.308 0.0000000000
35658  27.819  -64.002  45.362 0.0000000000
36651  27.375  -62.870  45.434 0.0000000000
160761  27.763  -62.455  45.335 0.0000000000
151437  28.225  -62.327  44.972 0.0000000000
38732  26.542  -61.017  45.588 0.0000000000
37726  27.749  -61.249  45.060 0.0000000000
37725  28.191  -61.545  44.690 0.0000000000
36685  28.644  -62.098  44.230 0.0000000000
36703  28.981  -61.918  43.370 0.0000000000
37757  28.767  -61.185  43.002 0.0000000000
36724  29.143  -61.783  42.427 0.0000000000
38794  28.405  -59.999  43.326 0.0000000000
150093  28.009  -59.566  44.346 0.0000000000
39880  27.320  -59.046  44.455 0.0000000000
40915  24.780  -58.203  44.744 0.0000000000
40935  24.639  -57.369  43.810 0.0000000000
42984  23.424  -56.623  43.757 0.0000000000
160457  22.042  -56.262  44.100 0.0000000000
4799  19.920  -97.990  56.895 0.0000000000
4198  19.478  -98.907  56.588 0.0000000000
4188  19.213  -99.510  57.171 0.0000000000
4178  17.960  -99.957  58.223 0.0000000000
3625  16.181  -99.969  58.492 0.0000000000
3613  16.800  -100.157  59.170 0.0000000000
3612  17.657  -100.218  59.498 0.0000000000
139517  17.043  -100.304  60.016 0.0000000000
3603  16.825  -100.369  60.849 0.0000000000
3572  16.438  -101.022  62.541 0.0000000000
3058  16.181  -101.515  63.267 0.0000000000
3059  15.609  -101.082  62.612 0.0000000000
3042  14.452  -101.767  63.556 0.0000000000
2550  13.552  -102.515  63.901 0.0000000000
3071  12.637  -101.661  61.945 0.0000000000
2552  12.350  -102.771  63.492 0.0000000000
2107  12.573  -103.406  63.870 0.0000000000
1732  12.352  -104.250  63.747 0.0000000000
1414  11.137  -105.171  63.041 0.0000000000
156280  11.059  -108.974  51.728 0.0000000000
153177  12.400  -111.222  50.172 0.0000000000
142685  11.587  -110.378  50.010 0.0000000000
452  14.212  -110.477  30.434 0.0000000000
907  4.765  -108.049  25.844 0.0000000000
909  3.588  -107.876  26.115 0.0000000000
143542  4.659  -108.035  26.697 0.0000000000
1144  4.330  -108.077  27.425 0.0000000000
1114  4.129  -108.129  28.295 0.0000000000
1356  4.585  -106.254  29.399 0.0000000000
1355  4.662  -106.960  29.266 0.0000000000
1113  4.580  -107.941  29.243 0.0000000000
1112  5.404  -107.877  29.252 0.0000000000
1111  6.442  -107.767  28.741 0.0000000000
902  7.559  -107.912  28.001 0.0000000000
1141  8.750  -107.291  26.621 0.0000000000
1372  9.579  -106.996  26.062 0.0000000000
1680  10.264  -106.168  25.681 0.0000000000
1672  9.362  -105.170  27.241 0.0000000000
2039  10.605  -105.101  26.175 0.0000000000
1679  11.092  -105.634  25.296 0.0000000000
2054  12.733  -104.886  24.636 0.0000000000
2483  13.169  -104.015  25.138 0.0000000000
2481  15.111  -103.641  24.893 0.0000000000
2465  15.880  -103.193  25.615 0.0000000000
2466  14.783  -102.967  25.579 0.0000000000
2934  14.506  -102.376  26.455 0.0000000000
2918  14.356  -101.862  27.355 0.0000000000
2920  12.889  -102.243  27.895 0.0000000000
2919  13.608  -101.850  27.718 0.0000000000
2903  15.127  -101.703  28.066 0.0000000000
3414  14.882  -101.327  28.883 0.0000000000
11220  -0.456  -90.108  37.535 0.0000000000
13710  7.851  -86.369  37.902 0.0000000000
13711  7.018  -86.625  38.277 0.0000000000
12913  7.743  -86.943  37.004 0.0000000000
159516  6.628  -87.438  35.526 0.0000000000
155595  6.334  -87.606  34.765 0.0000000000
12053  8.338  -87.919  34.149 0.0000000000
12055  6.710  -87.877  34.112 0.0000000000
12072  5.404  -88.296  33.464 0.0000000000
150649  4.930  -88.711  32.939 0.0000000000
12109  4.158  -88.814  31.439 0.0000000000
12126  4.263  -88.209  29.885 0.0000000000
13077  3.976  -88.432  28.850 0.0000000000
12146  4.558  -88.397  29.066 0.0000000000
12145  5.440  -88.827  28.726 0.0000000000
158460  6.192  -89.267  27.812 0.0000000000
11338  8.130  -89.722  29.214 0.0000000000
12166  7.240  -89.327  27.523 0.0000000000
12204  7.009  -89.213  26.883 0.0000000000
12217  7.515  -89.043  26.303 0.0000000000
11403  7.837  -89.015  25.545 0.0000000000
11418  8.767  -89.171  24.483 0.0000000000
13921  21.454  -86.794  24.255 0.0000000000
13937  19.888  -86.630  23.882 0.0000000000
162414  19.439  -90.445  22.719 0.0000000000
4289  25.683  -99.351  49.841 0.0000000000
4860  26.795  -98.721  50.175 0.0000000000
4277  26.443  -99.354  50.493 0.0000000000
4257  27.780  -99.483  51.500 0.0000000000
3693  28.322  -100.024  52.211 0.0000000000
3160  26.721  -101.809  52.355 0.0000000000
3678  28.037  -100.892  52.497 0.0000000000
3157  29.505  -101.432  52.789 0.0000000000
2643  30.026  -102.053  52.346 0.0000000000
2201  29.397  -102.977  51.444 0.0000000000
2215  29.303  -102.724  50.068 0.0000000000
1474  25.397  -104.878  52.646 0.0000000000
1488  25.963  -104.826  52.236 0.0000000000
1501  26.321  -105.021  51.610 0.0000000000
988  25.077  -106.642  50.214 0.0000000000
1507  26.378  -105.091  50.591 0.0000000000
1500  27.048  -104.805  51.017 0.0000000000
1838  27.528  -104.097  50.339 0.0000000000
1505  27.205  -102.840  48.991 0.0000000000
1844  27.695  -102.056  48.610 0.0000000000
1511  27.096  -101.576  47.439 0.0000000000
1251  25.171  -101.758  46.156 0.0000000000
1004  23.752  -102.653  45.619 0.0000000000
744  22.334  -103.961  45.737 0.0000000000
743  23.347  -103.822  45.516 0.0000000000
757  22.942  -105.712  44.753 0.0000000000
575  21.583  -107.625  43.366 0.0000000000
153178  18.513  -61.704  35.130 0.0000000000
37833  19.060  -61.389  36.434 0.0000000000
36805  17.958  -61.676  36.230 0.0000000000
35796  17.469  -62.634  36.081 0.0000000000
36817  17.066  -62.315  34.050 0.0000000000
35797  16.916  -63.471  35.497 0.0000000000
36846  14.623  -62.327  32.679 0.0000000000
37876  12.857  -61.109  32.714 0.0000000000
36847  13.373  -61.961  32.749 0.0000000000
163324  10.295  -65.288  34.938 0.0000000000
35826  11.089  -63.445  33.143 0.0000000000
33774  10.320  -65.412  34.524 0.0000000000
32705  9.780  -66.016  34.754 0.0000000000
32722  10.620  -65.715  33.866 0.0000000000
32721  11.354  -65.575  33.308 0.0000000000
144181  12.000  -66.020  33.468 0.0000000000
149227  13.203  -66.197  32.764 0.0000000000
32739  12.928  -65.925  31.949 0.0000000000
3115  11.328  -100.910  56.890 0.0000000000
3103  10.670  -101.103  57.388 0.0000000000
3642  11.071  -100.468  56.244 0.0000000000
3643  10.184  -100.343  56.046 0.0000000000
3651  9.412  -100.360  55.320 0.0000000000
3662  9.755  -99.960  54.645 0.0000000000
163485  8.676  -100.610  54.903 0.0000000000
3139  8.288  -100.822  54.082 0.0000000000
141380  7.577  -101.299  53.520 0.0000000000
144590  7.594  -101.428  52.500 0.0000000000
4281  9.655  -99.519  49.686 0.0000000000
3701  9.426  -100.256  51.365 0.0000000000
3166  7.631  -101.664  51.419 0.0000000000
2649  6.956  -101.898  52.163 0.0000000000
2662  6.549  -103.302  50.998 0.0000000000
151211  6.576  -103.969  50.092 0.0000000000
1845  6.289  -105.393  49.553 0.0000000000
2234  5.847  -103.360  48.590 0.0000000000
2228  5.708  -104.185  48.684 0.0000000000
1514  5.590  -105.623  49.530 0.0000000000
2222  4.359  -104.422  50.074 0.0000000000
2664  3.607  -103.606  52.051 0.0000000000
151965  3.374  -104.104  52.913 0.0000000000
10141  -0.095  -89.811  56.258 0.0000000000
11776  1.465  -88.784  55.936 0.0000000000
10955  0.543  -89.548  55.437 0.0000000000
146742  -0.165  -90.558  55.800 0.0000000000
154450  -0.125  -90.781  55.006 0.0000000000
9404  -0.437  -91.603  53.865 0.0000000000
149327  -0.441  -91.538  52.876 0.0000000000
10165  5.653  -89.891  53.309 0.0000000000
10166  5.024  -90.473  53.574 0.0000000000
10181  3.631  -91.351  53.401 0.0000000000
10207  3.932  -90.993  51.598 0.0000000000
9413  3.042  -91.441  52.198 0.0000000000
10194  2.436  -91.184  52.696 0.0000000000
10195  1.436  -90.590  52.419 0.0000000000
10197  0.028  -90.585  51.858 0.0000000000
139149  -0.392  -91.911  51.972 0.0000000000
148768  -0.212  -92.190  51.217 0.0000000000
9430  -0.019  -91.705  50.187 0.0000000000
8732  0.266  -92.417  48.827 0.0000000000
9451  1.656  -91.077  48.665 0.0000000000
9452  0.453  -91.879  48.792 0.0000000000
8731  0.548  -92.525  47.961 0.0000000000
8047  0.521  -93.236  47.407 0.0000000000
153247  0.563  -93.805  46.194 0.0000000000
8071  0.862  -93.849  45.227 0.0000000000
8086  0.033  -94.298  43.569 0.0000000000
8085  0.591  -93.846  44.162 0.0000000000
8800  0.055  -92.552  43.426 0.0000000000
10296  1.463  -90.686  45.270 0.0000000000
11849  0.410  -88.011  48.623 0.0000000000
11871  0.411  -88.525  47.808 0.0000000000
11055  -0.800  -89.057  47.094 0.0000000000
143409  -0.450  -87.663  47.749 0.0000000000
26481  10.204  -73.178  49.024 0.0000000000
25500  9.700  -73.826  48.460 0.0000000000
25509  8.213  -74.214  47.032 0.0000000000
25527  9.716  -73.928  47.052 0.0000000000
24566  9.757  -74.171  46.270 0.0000000000
24581  9.701  -74.706  45.685 0.0000000000
141984  11.085  -74.428  46.366 0.0000000000
23616  10.250  -75.250  45.800 0.0000000000
23617  9.719  -75.650  45.427 0.0000000000
22641  10.259  -76.964  44.702 0.0000000000
22658  10.308  -76.776  43.709 0.0000000000
149671  10.805  -76.411  42.638 0.0000000000
24548  14.967  -73.384  46.890 0.0000000000
147829  14.644  -75.104  46.694 0.0000000000
162330  13.665  -76.070  46.403 0.0000000000
163580  15.283  -75.750  45.423 0.0000000000
22620  14.047  -76.278  45.160 0.0000000000
22621  13.264  -76.554  45.455 0.0000000000
22639  12.437  -76.739  44.808 0.0000000000
153845  11.598  -76.203  42.820 0.0000000000
151796  18.633  -73.817  41.396 0.0000000000
24655  19.512  -74.363  40.110 0.0000000000
25571  20.679  -72.887  41.246 0.0000000000
25588  19.992  -73.761  40.511 0.0000000000
4203  14.887  -99.452  56.275 0.0000000000
3641  13.590  -100.043  56.246 0.0000000000
143571  12.812  -100.517  56.457 0.0000000000
1154  3.375  -107.015  24.354 0.0000000000
2088  5.181  -104.233  20.805 0.0000000000
1720  5.152  -105.196  22.074 0.0000000000
142945  4.849  -105.635  22.479 0.0000000000
1395  7.426  -106.627  22.607 0.0000000000
1397  5.904  -106.178  23.005 0.0000000000
144341  4.975  -106.245  23.195 0.0000000000
1159  5.073  -106.908  23.722 0.0000000000
917  5.252  -107.579  24.335 0.0000000000
912  5.040  -107.997  24.970 0.0000000000
1142  5.992  -107.559  25.849 0.0000000000
1373  5.985  -106.952  26.584 0.0000000000
1674  5.588  -105.397  27.866 0.0000000000
2041  7.331  -104.542  26.563 0.0000000000
2029  6.871  -104.220  27.443 0.0000000000
2030  5.672  -104.563  29.153 0.0000000000
2436  6.147  -104.103  29.516 0.0000000000
145991  7.033  -103.541  31.031 0.0000000000
1981  7.936  -103.962  31.796 0.0000000000
1979  9.502  -103.753  31.623 0.0000000000
2861  9.063  -102.924  31.722 0.0000000000
3390  9.433  -102.203  31.083 0.0000000000
3389  10.054  -101.689  31.211 0.0000000000
3404  9.918  -102.034  29.229 0.0000000000
3403  10.069  -101.673  30.172 0.0000000000
3919  10.596  -101.108  30.682 0.0000000000
3918  11.195  -100.356  30.399 0.0000000000
4491  11.565  -99.526  30.804 0.0000000000
5101  12.102  -98.946  30.336 0.0000000000
165457  11.382  -102.504  25.683 0.0000000000
3447  11.917  -102.122  26.036 0.0000000000
3976  12.083  -101.338  27.223 0.0000000000
3987  13.114  -100.919  26.083 0.0000000000
3975  12.753  -100.802  26.921 0.0000000000
3962  12.332  -100.702  27.692 0.0000000000
3949  12.495  -100.044  28.205 0.0000000000
4503  12.432  -99.161  29.444 0.0000000000
5100  12.860  -98.345  29.876 0.0000000000
5743  13.253  -97.498  29.911 0.0000000000
5742  13.277  -97.247  29.232 0.0000000000
6362  12.916  -96.634  28.804 0.0000000000
18874  1.063  -80.818  35.966 0.0000000000
17924  1.070  -81.717  36.056 0.0000000000
17923  1.696  -81.612  35.898 0.0000000000
17911  2.455  -81.730  36.934 0.0000000000
17895  2.621  -82.002  38.023 0.0000000000
147246  3.888  -80.704  37.421 0.0000000000
17894  3.109  -81.680  38.241 0.0000000000
16958  2.872  -82.823  38.829 0.0000000000
15261  4.215  -84.341  39.609 0.0000000000
15260  5.556  -84.496  39.537 0.0000000000
14505  7.094  -84.812  39.361 0.0000000000
151744  7.901  -81.445  34.851 0.0000000000
17018  6.212  -82.307  35.271 0.0000000000
17020  4.697  -83.364  35.294 0.0000000000
15359  5.570  -83.865  34.037 0.0000000000
15320  4.885  -84.119  35.175 0.0000000000
142429  4.882  -84.131  35.929 0.0000000000
15286  6.551  -84.175  37.403 0.0000000000
15272  7.423  -84.059  38.291 0.0000000000
14516  7.792  -85.085  39.042 0.0000000000
13709  8.667  -85.609  37.941 0.0000000000
13717  9.575  -85.963  36.684 0.0000000000
13716  10.189  -85.953  36.143 0.0000000000
138777  10.422  -84.549  35.361 0.0000000000
159935  11.095  -85.620  35.340 0.0000000000
13733  11.172  -86.061  35.287 0.0000000000
157343  12.335  -86.539  34.148 0.0000000000
13774  12.593  -86.934  33.510 0.0000000000
13791  13.387  -86.335  32.366 0.0000000000
36769  26.397  -62.625  37.848 0.0000000000
35760  26.019  -63.117  37.543 0.0000000000
150278  24.986  -63.944  37.328 0.0000000000
36772  24.099  -62.607  37.229 0.0000000000
152104  24.476  -63.271  37.344 0.0000000000
34758  24.553  -64.617  37.248 0.0000000000
34759  23.857  -64.607  37.169 0.0000000000
143296  23.345  -65.914  36.888 0.0000000000
140033  21.597  -65.947  36.524 0.0000000000
33744  20.592  -65.794  36.230 0.0000000000
33763  20.093  -65.262  35.755 0.0000000000
35793  21.805  -63.728  35.251 0.0000000000
34796  20.769  -64.438  35.314 0.0000000000
34797  19.698  -64.529  35.348 0.0000000000
34807  19.456  -63.896  35.046 0.0000000000
35806  19.597  -63.324  34.571 0.0000000000
36814  19.055  -62.440  34.481 0.0000000000
38885  22.266  -60.649  33.712 0.0000000000
37854  21.779  -61.258  33.554 0.0000000000
37855  21.007  -61.474  33.235 0.0000000000
36828  20.496  -62.207  33.559 0.0000000000
36829  19.486  -62.147  33.641 0.0000000000
36830  18.631  -61.823  34.073 0.0000000000
37858  18.349  -61.376  33.724 0.0000000000
137301  30.751  -101.152  48.572 0.0000000000
1026  28.727  -105.787  42.963 0.0000000000
1035  28.517  -106.147  41.331 0.0000000000
1042  28.097  -107.010  40.291 0.0000000000
793  26.820  -108.108  39.764 0.0000000000
792  27.420  -107.472  39.213 0.0000000000
159084  25.375  -107.415  35.568 0.0000000000
160915  24.445  -107.700  32.986 0.0000000000
652  22.950  -108.777  30.986 0.0000000000
14272  6.681  -85.520  55.370 0.0000000000
15017  6.379  -85.020  55.335 0.0000000000
15033  5.765  -84.723  54.977 0.0000000000
15052  5.507  -84.139  54.003 0.0000000000
156221  4.497  -83.771  53.224 0.0000000000
3017  4.860  -102.511  18.755 0.0000000000
5225  3.639  -98.644  19.822 0.0000000000
4616  4.556  -100.056  19.044 0.0000000000
162170  5.102  -101.166  18.757 0.0000000000
3515  6.125  -101.851  18.941 0.0000000000
3513  6.402  -101.817  19.642 0.0000000000
3505  6.561  -101.412  20.618 0.0000000000
3487  6.840  -101.645  22.775 0.0000000000
4595  6.666  -99.955  21.330 0.0000000000
4016  6.831  -100.668  22.723 0.0000000000
3486  7.369  -101.858  22.955 0.0000000000
4015  8.341  -101.040  23.542 0.0000000000
142919  8.887  -100.544  22.839 0.0000000000
4600  9.182  -99.418  20.917 0.0000000000
21820  10.737  -77.526  32.657 0.0000000000
21839  10.276  -78.054  31.518 0.0000000000
21838  11.213  -77.854  31.597 0.0000000000
21856  11.462  -77.225  29.764 0.0000000000
18822  -0.142  -81.048  39.588 0.0000000000
18821  0.084  -80.498  38.885 0.0000000000
22713  0.962  -76.442  40.792 0.0000000000
20739  0.555  -78.080  40.146 0.0000000000
19795  0.533  -79.660  38.560 0.0000000000
19810  0.842  -79.769  37.244 0.0000000000
19828  1.468  -79.621  35.694 0.0000000000
19850  2.068  -79.218  35.535 0.0000000000
20798  3.333  -78.414  35.515 0.0000000000
22775  2.837  -76.850  36.240 0.0000000000
21752  3.615  -77.243  35.705 0.0000000000
21770  3.856  -77.894  35.600 0.0000000000
20778  4.876  -78.102  35.943 0.0000000000
148046  7.001  -77.686  36.402 0.0000000000
154781  8.006  -77.817  36.352 0.0000000000
26641  3.226  -72.195  38.680 0.0000000000
24708  4.449  -73.988  37.442 0.0000000000
23751  5.175  -74.700  37.167 0.0000000000
153981  6.063  -73.097  37.551 0.0000000000
23750  6.321  -74.507  37.337 0.0000000000
23766  5.852  -75.452  36.901 0.0000000000
22772  7.210  -76.202  36.723 0.0000000000
21748  8.408  -77.431  36.037 0.0000000000
20797  8.645  -77.859  35.486 0.0000000000
143174  8.688  -78.188  34.896 0.0000000000
21787  8.064  -77.382  34.556 0.0000000000
21788  6.660  -77.050  34.031 0.0000000000
138361  7.163  -75.257  33.868 0.0000000000
23818  6.634  -75.945  33.589 0.0000000000
22841  5.964  -76.620  32.831 0.0000000000
22840  6.775  -76.406  32.130 0.0000000000
22839  7.765  -76.775  31.756 0.0000000000
22838  8.889  -76.825  32.318 0.0000000000
27530  10.924  -70.850  44.442 0.0000000000
36774  19.223  -61.760  37.473 0.0000000000
36765  19.056  -62.002  38.238 0.0000000000
162237  19.263  -62.568  38.889 0.0000000000
35757  17.197  -63.204  38.248 0.0000000000
34746  18.045  -63.187  39.043 0.0000000000
34740  18.153  -64.354  39.556 0.0000000000
32641  18.022  -65.710  39.633 0.0000000000
31644  18.302  -66.926  39.283 0.0000000000
30605  18.460  -67.896  39.223 0.0000000000
30607  17.151  -68.257  38.530 0.0000000000
30587  17.592  -68.845  39.249 0.0000000000
29608  18.012  -69.318  40.144 0.0000000000
29590  17.480  -69.493  40.832 0.0000000000
140022  15.932  -69.339  42.229 0.0000000000
29530  14.771  -69.338  43.288 0.0000000000
29572  14.013  -68.631  42.396 0.0000000000
138864  14.032  -68.696  43.116 0.0000000000
160748  14.140  -69.470  43.680 0.0000000000
29512  12.987  -69.858  44.252 0.0000000000
29514  11.307  -69.329  44.027 0.0000000000
28504  10.689  -69.901  44.229 0.0000000000
29535  9.642  -69.796  43.319 0.0000000000
30549  8.738  -70.015  42.078 0.0000000000
138191  7.904  -69.518  40.734 0.0000000000
28577  9.096  -70.113  40.920 0.0000000000
28578  8.351  -69.839  40.613 0.0000000000
29614  7.710  -69.543  39.658 0.0000000000
160999  7.523  -69.505  37.710 0.0000000000
29679  7.820  -69.506  36.206 0.0000000000
29701  7.967  -69.594  34.937 0.0000000000
25620  10.821  -72.890  39.104 0.0000000000
146770  10.057  -72.702  38.807 0.0000000000
26661  9.613  -72.316  37.171 0.0000000000
27671  9.435  -71.446  36.378 0.0000000000
28659  9.128  -70.431  35.642 0.0000000000
28679  8.560  -69.738  34.971 0.0000000000
28715  8.172  -70.240  33.774 0.0000000000
27738  8.621  -70.619  32.994 0.0000000000
26747  8.868  -72.144  32.178 0.0000000000
26764  9.395  -72.634  31.851 0.0000000000
26762  10.444  -72.091  31.604 0.0000000000
25749  10.025  -72.854  31.582 0.0000000000
24801  9.597  -73.608  31.730 0.0000000000
24786  9.376  -74.636  31.817 0.0000000000
23817  10.151  -76.224  32.908 0.0000000000
21804  10.299  -77.252  32.900 0.0000000000
21802  12.124  -77.307  33.007 0.0000000000
21817  13.381  -77.417  32.538 0.0000000000
158571  14.507  -76.699  33.172 0.0000000000
500  15.396  -105.938  53.469 0.0000000000
523  15.072  -106.282  52.440 0.0000000000
501  14.786  -106.088  53.466 0.0000000000
515  14.366  -106.918  53.334 0.0000000000
266  14.038  -108.444  54.192 0.0000000000
476  13.367  -108.299  56.394 0.0000000000
503  13.683  -108.543  54.952 0.0000000000
278  14.028  -109.568  54.137 0.0000000000
292  13.619  -110.198  53.724 0.0000000000
293  12.174  -110.473  53.590 0.0000000000
77  11.284  -110.233  52.795 0.0000000000
929  10.769  -107.115  60.234 0.0000000000
681  10.769  -108.217  59.311 0.0000000000
144858  10.989  -109.232  57.794 0.0000000000
467  8.947  -108.509  58.901 0.0000000000
479  10.033  -109.310  57.262 0.0000000000
143859  10.821  -109.563  57.123 0.0000000000
262  10.757  -110.124  55.859 0.0000000000
85  11.009  -109.233  52.242 0.0000000000
144817  10.898  -107.147  51.929 0.0000000000
94  10.196  -106.745  51.098 0.0000000000
282  8.890  -106.711  53.111 0.0000000000
3092  9.404  -101.658  58.474 0.0000000000
2593  8.775  -101.896  59.004 0.0000000000
2586  7.246  -102.517  59.397 0.0000000000
2599  6.916  -101.950  57.960 0.0000000000
2587  6.729  -102.498  59.111 0.0000000000
2140  5.965  -103.209  60.086 0.0000000000
159039  5.414  -104.278  60.993 0.0000000000
164917  4.945  -105.647  60.493 0.0000000000
1186  4.911  -106.050  60.023 0.0000000000
2626  5.673  -102.883  54.799 0.0000000000
2156  5.182  -103.312  56.284 0.0000000000
2152  4.621  -103.700  57.720 0.0000000000
1789  3.685  -105.276  56.922 0.0000000000
1783  3.660  -105.231  57.934 0.0000000000
1776  3.816  -104.640  58.525 0.0000000000
1193  3.889  -105.999  58.902 0.0000000000
139741  4.889  -106.542  59.324 0.0000000000
690  6.179  -106.774  58.506 0.0000000000
483  6.773  -107.028  56.865 0.0000000000
3686  5.266  -100.610  52.671 0.0000000000
3687  4.639  -101.119  52.582 0.0000000000
3654  4.672  -100.680  55.689 0.0000000000
3673  4.486  -100.902  53.960 0.0000000000
3152  4.144  -101.339  53.399 0.0000000000
151364  3.694  -102.026  53.218 0.0000000000
2641  3.375  -102.793  53.615 0.0000000000
2174  3.037  -103.667  54.006 0.0000000000
7958  -0.486  -93.558  57.225 0.0000000000
7290  -0.490  -94.328  59.020 0.0000000000
4767  0.369  -99.027  60.124 0.0000000000
7341  0.553  -94.398  53.685 0.0000000000
6715  0.223  -94.901  54.604 0.0000000000
6063  0.480  -96.140  55.862 0.0000000000
6079  2.073  -96.173  54.671 0.0000000000
6062  1.305  -96.522  55.645 0.0000000000
157800  0.207  -96.960  56.984 0.0000000000
5401  0.689  -97.698  57.343 0.0000000000
5383  0.245  -98.106  58.228 0.0000000000
4184  0.664  -99.509  59.194 0.0000000000
3631  1.171  -100.312  58.983 0.0000000000
153346  1.400  -100.550  57.970 0.0000000000
3110  1.633  -101.169  57.382 0.0000000000
140329  0.998  -100.411  55.807 0.0000000000
3645  1.133  -101.034  56.242 0.0000000000
2612  1.966  -102.107  56.242 0.0000000000
2159  1.901  -102.539  55.759 0.0000000000
151697  1.570  -103.208  54.921 0.0000000000
2177  1.353  -103.775  54.431 0.0000000000
2189  0.100  -103.217  53.429 0.0000000000
152200  -0.007  -103.453  51.947 0.0000000000
2223  0.313  -103.504  50.378 0.0000000000
3191  0.546  -101.709  50.744 0.0000000000
2687  0.313  -102.664  49.302 0.0000000000
2235  0.527  -103.321  48.763 0.0000000000
3745  2.916  -100.235  47.784 0.0000000000
155563  5.354  -83.073  52.119 0.0000000000
15914  3.654  -83.055  52.359 0.0000000000
16760  3.414  -82.330  51.718 0.0000000000
15915  2.685  -82.861  52.587 0.0000000000
16740  1.620  -82.802  52.947 0.0000000000
16742  0.579  -82.897  52.795 0.0000000000
15935  0.279  -82.796  52.169 0.0000000000
18637  0.409  -80.899  51.473 0.0000000000
17698  0.198  -81.549  51.329 0.0000000000
155119  0.100  -82.773  51.424 0.0000000000
150718  -0.134  -82.938  50.486 0.0000000000
16820  -0.707  -82.779  48.847 0.0000000000
144920  -0.991  -83.017  48.076 0.0000000000
23572  0.550  -76.233  48.346 0.0000000000
22566  0.069  -77.106  48.582 0.0000000000
161673  -0.396  -77.947  47.908 0.0000000000
21614  -0.014  -77.510  46.080 0.0000000000
20613  -0.449  -77.985  47.127 0.0000000000
19616  -0.397  -79.418  48.296 0.0000000000
18677  -0.495  -80.449  47.414 0.0000000000
17744  -0.659  -81.411  47.767 0.0000000000
16831  -1.100  -82.783  47.132 0.0000000000
16878  -0.618  -83.086  44.831 0.0000000000
25539  7.576  -73.923  45.727 0.0000000000
24583  6.952  -73.929  45.254 0.0000000000
24600  6.038  -74.347  44.450 0.0000000000
23656  7.396  -75.621  43.227 0.0000000000
141613  6.573  -75.457  43.105 0.0000000000
23658  5.276  -75.172  43.377 0.0000000000
23673  5.051  -75.801  42.788 0.0000000000
28468  23.597  -70.578  46.226 0.0000000000
28490  23.781  -70.727  45.439 0.0000000000
29471  24.425  -69.471  46.180 0.0000000000
27517  24.140  -70.245  44.731 0.0000000000
27526  23.854  -70.559  43.974 0.0000000000
28501  24.075  -69.894  43.300 0.0000000000
28514  24.299  -69.823  42.138 0.0000000000
151991  24.909  -68.477  42.943 0.0000000000
138978  24.866  -70.077  41.647 0.0000000000
28513  25.839  -70.477  41.980 0.0000000000
27540  25.873  -71.510  42.603 0.0000000000
27539  26.392  -71.235  43.682 0.0000000000
34650  24.139  -63.996  45.633 0.0000000000
35702  23.769  -62.972  44.787 0.0000000000
34681  24.208  -63.676  45.080 0.0000000000
33653  25.432  -65.508  44.357 0.0000000000
32601  25.835  -66.165  42.822 0.0000000000
31616  26.244  -66.418  42.027 0.0000000000
32624  27.243  -65.959  41.905 0.0000000000
31615  26.822  -66.817  41.771 0.0000000000
30545  26.697  -67.882  41.831 0.0000000000
29527  26.938  -69.573  42.616 0.0000000000
28500  26.819  -70.759  44.435 0.0000000000
29492  28.039  -69.500  45.552 0.0000000000
34663  28.124  -64.796  45.285 0.0000000000
33640  28.884  -66.028  44.885 0.0000000000
32584  29.121  -66.814  44.708 0.0000000000
32599  29.677  -66.381  43.951 0.0000000000
31604  29.631  -67.277  44.037 0.0000000000
36762  27.446  -62.393  39.022 0.0000000000
37773  28.879  -61.107  42.019 0.0000000000
144631  29.204  -61.068  41.571 0.0000000000
37788  29.277  -61.612  40.638 0.0000000000
40945  27.139  -58.773  42.717 0.0000000000
161579  28.634  -61.302  41.297 0.0000000000
37789  28.238  -61.597  40.407 0.0000000000
140063  27.470  -61.309  39.802 0.0000000000
37803  27.085  -61.782  39.152 0.0000000000
37798  26.725  -61.111  39.185 0.0000000000
40967  25.484  -57.895  40.154 0.0000000000
150390  21.162  -55.960  44.136 0.0000000000
5368  20.875  -97.695  58.300 0.0000000000
5351  21.364  -97.536  59.199 0.0000000000
139678  22.067  -97.427  60.762 0.0000000000
4161  21.641  -98.757  59.007 0.0000000000
5334  22.480  -97.757  60.446 0.0000000000
5321  22.365  -97.430  61.599 0.0000000000
5304  22.571  -97.517  63.165 0.0000000000
1765  19.370  -103.617  59.126 0.0000000000
1433  18.127  -104.252  59.764 0.0000000000
2547  16.481  -102.563  63.556 0.0000000000
2103  16.190  -103.108  63.434 0.0000000000
1736  16.581  -103.743  62.450 0.0000000000
1738  15.309  -103.948  62.978 0.0000000000
1737  15.952  -104.038  62.517 0.0000000000
1748  16.890  -104.045  61.672 0.0000000000
1426  16.952  -104.577  60.884 0.0000000000
1434  16.994  -104.886  60.059 0.0000000000
1443  17.147  -105.276  59.359 0.0000000000
1188  16.779  -105.704  58.828 0.0000000000
1198  15.923  -105.529  58.203 0.0000000000
1205  15.721  -104.930  56.726 0.0000000000
1780  14.702  -104.096  57.724 0.0000000000
1458  15.276  -104.416  56.717 0.0000000000
956  15.250  -105.045  55.611 0.0000000000
693  15.637  -105.649  55.214 0.0000000000
703  15.292  -105.633  54.431 0.0000000000
513  16.188  -106.919  53.603 0.0000000000
4290  24.949  -99.245  49.358 0.0000000000
3721  24.998  -100.084  49.755 0.0000000000
2194  23.245  -103.552  52.516 0.0000000000
1814  22.976  -104.280  53.032 0.0000000000
1806  21.397  -105.161  52.943 0.0000000000
1805  22.335  -105.018  53.163 0.0000000000
149165  21.701  -106.257  53.047 0.0000000000
970  21.230  -106.848  52.777 0.0000000000
712  19.974  -107.878  52.552 0.0000000000
968  18.208  -107.066  54.934 0.0000000000
146238  18.576  -108.751  54.217 0.0000000000
714  18.857  -109.016  54.154 0.0000000000
511  18.220  -109.123  54.084 0.0000000000
498  17.098  -108.148  54.302 0.0000000000
305  15.907  -106.391  51.121 0.0000000000
315  16.379  -106.760  50.362 0.0000000000
150563  16.803  -107.334  49.657 0.0000000000
326  15.557  -107.167  49.563 0.0000000000
325  16.342  -107.421  48.987 0.0000000000
146548  18.099  -108.802  48.858 0.0000000000
332  18.708  -110.067  48.670 0.0000000000
347  19.202  -110.237  47.539 0.0000000000
114  13.819  -111.304  49.229 0.0000000000
134  16.717  -110.984  47.543 0.0000000000
133  17.510  -110.523  47.173 0.0000000000
149971  18.883  -110.223  46.831 0.0000000000
355  19.569  -110.214  46.530 0.0000000000
154548  20.188  -109.999  45.694 0.0000000000
553  20.497  -108.685  45.317 0.0000000000
360  20.049  -108.272  45.049 0.0000000000
367  18.887  -108.055  44.182 0.0000000000
146953  19.312  -108.171  44.439 0.0000000000
567  20.587  -107.775  44.879 0.0000000000
142791  20.843  -107.590  44.342 0.0000000000
577  20.333  -107.773  43.432 0.0000000000
590  20.514  -108.267  42.512 0.0000000000
150703  19.862  -108.741  42.006 0.0000000000
382  20.873  -108.417  41.785 0.0000000000
392  20.742  -108.566  41.002 0.0000000000
158893  20.663  -108.812  40.104 0.0000000000
410  20.663  -108.935  39.181 0.0000000000
419  20.129  -109.657  38.697 0.0000000000
155114  21.093  -109.686  36.997 0.0000000000
427  21.116  -109.747  36.136 0.0000000000
37  19.627  -111.394  35.055 0.0000000000
229  20.166  -111.101  34.790 0.0000000000
152918  21.021  -110.036  35.377 0.0000000000
166709  21.175  -110.217  34.241 0.0000000000
439  21.273  -110.178  33.601 0.0000000000
438  21.857  -109.838  33.213 0.0000000000
240  20.022  -110.807  31.462 0.0000000000
446  20.671  -110.227  31.385 0.0000000000
441  21.957  -109.933  32.470 0.0000000000
166655  21.976  -109.516  31.067 0.0000000000
653  22.260  -108.922  30.556 0.0000000000
656  21.661  -108.946  29.768 0.0000000000
911  2.227  -107.417  26.781 0.0000000000
1130  1.548  -107.154  27.301 0.0000000000
668  14.422  -109.365  28.905 0.0000000000
166618  11.759  -107.481  26.979 0.0000000000
1137  12.171  -106.885  25.521 0.0000000000
1124  12.414  -107.078  26.665 0.0000000000
142054  12.432  -107.315  27.724 0.0000000000
884  13.640  -108.103  28.205 0.0000000000
883  14.311  -108.733  28.248 0.0000000000
882  15.120  -109.104  28.382 0.0000000000
154445  15.873  -109.282  28.560 0.0000000000
881  16.701  -109.118  28.368 0.0000000000
154767  18.177  -109.182  28.495 0.0000000000
1119  17.240  -107.551  27.049 0.0000000000
896  17.653  -108.077  27.573 0.0000000000
665  18.812  -109.034  28.489 0.0000000000
663  20.257  -109.127  28.804 0.0000000000
877  20.740  -108.474  28.933 0.0000000000
863  22.224  -108.324  29.940 0.0000000000
1652  18.364  -105.812  30.175 0.0000000000
2464  16.750  -103.224  26.112 0.0000000000
2445  17.987  -103.152  27.190 0.0000000000
2389  10.250  -103.384  32.036 0.0000000000
163399  11.629  -103.279  31.458 0.0000000000
146080  12.405  -102.490  31.661 0.0000000000
2829  12.130  -101.722  33.296 0.0000000000
167142  12.611  -102.105  32.325 0.0000000000
3370  12.855  -101.717  31.669 0.0000000000
16116  0.576  -83.486  36.628 0.0000000000
15289  0.004  -84.460  36.860 0.0000000000
140395  -0.050  -85.170  36.886 0.0000000000
14510  1.689  -85.273  38.337 0.0000000000
14526  0.086  -85.851  37.214 0.0000000000
13712  -0.419  -86.675  37.422 0.0000000000
12902  -0.763  -87.538  37.604 0.0000000000
12028  -0.350  -89.339  37.719 0.0000000000
10440  0.278  -90.454  37.004 0.0000000000
140265  5.254  -87.074  37.343 0.0000000000
12899  4.447  -86.948  37.606 0.0000000000
12917  3.638  -86.857  36.980 0.0000000000
12965  3.015  -86.405  34.822 0.0000000000
13736  2.597  -86.407  35.893 0.0000000000
12919  2.240  -87.869  36.483 0.0000000000
12033  1.924  -88.826  36.428 0.0000000000
11236  0.826  -89.773  35.965 0.0000000000
11237  0.156  -90.020  35.282 0.0000000000
8386  2.888  -93.443  23.994 0.0000000000
12193  4.225  -88.620  28.628 0.0000000000
9797  3.840  -90.438  27.907 0.0000000000
8314  3.342  -92.601  28.130 0.0000000000
9813  4.526  -91.395  26.624 0.0000000000
8349  4.526  -93.302  27.398 0.0000000000
145457  3.843  -93.468  27.705 0.0000000000
7045  4.413  -94.957  26.645 0.0000000000
7059  4.344  -95.327  25.845 0.0000000000
6431  5.552  -96.400  24.713 0.0000000000
6430  6.355  -96.849  25.111 0.0000000000
5795  7.192  -97.283  25.241 0.0000000000
5154  7.734  -98.019  24.952 0.0000000000
7057  8.309  -95.368  25.651 0.0000000000
6429  8.553  -96.959  24.680 0.0000000000
5167  8.381  -98.318  24.652 0.0000000000
163258  8.981  -98.414  23.319 0.0000000000
5846  8.813  -97.822  21.507 0.0000000000
5855  8.903  -97.942  20.742 0.0000000000
20870  9.338  -78.862  30.792 0.0000000000
19929  9.085  -80.048  29.982 0.0000000000
18969  8.634  -81.013  29.493 0.0000000000
19945  10.832  -79.816  28.683 0.0000000000
18987  9.741  -81.116  28.395 0.0000000000
18028  8.838  -81.689  28.511 0.0000000000
146658  8.963  -82.868  28.038 0.0000000000
16245  8.838  -83.529  28.477 0.0000000000
16224  9.688  -83.894  28.664 0.0000000000
16256  12.856  -83.572  27.082 0.0000000000
16242  11.627  -84.107  27.562 0.0000000000
16221  11.734  -83.684  28.550 0.0000000000
16209  10.111  -83.494  29.887 0.0000000000
17090  11.238  -82.733  30.614 0.0000000000
17075  12.190  -82.113  31.583 0.0000000000
17064  13.308  -81.963  32.749 0.0000000000
18010  14.706  -81.010  30.980 0.0000000000
17983  14.755  -81.326  32.333 0.0000000000
17048  13.735  -82.558  32.998 0.0000000000
15349  14.129  -83.910  33.019 0.0000000000
15369  14.479  -84.320  32.412 0.0000000000
14596  13.985  -85.474  31.162 0.0000000000
17117  20.507  -82.729  28.516 0.0000000000
16205  19.206  -83.048  29.814 0.0000000000
15400  18.157  -83.808  30.180 0.0000000000
151120  19.030  -84.955  28.795 0.0000000000
15419  17.629  -84.424  29.722 0.0000000000
15401  17.316  -83.917  30.430 0.0000000000
15403  15.966  -84.408  30.588 0.0000000000
156241  14.529  -85.191  30.657 0.0000000000
13828  13.356  -86.086  30.469 0.0000000000
13844  12.697  -86.534  29.905 0.0000000000
148555  11.578  -87.239  28.768 0.0000000000
13063  11.242  -87.571  28.100 0.0000000000
13873  13.960  -86.364  27.307 0.0000000000
144529  12.562  -86.717  27.093 0.0000000000
155551  11.202  -87.489  26.805 0.0000000000
13101  10.649  -87.771  25.562 0.0000000000
12215  9.904  -88.000  25.169 0.0000000000
11417  9.628  -89.176  24.169 0.0000000000
13924  17.527  -86.837  24.303 0.0000000000
13108  16.717  -86.999  24.181 0.0000000000
13110  15.030  -87.212  24.261 0.0000000000
146841  15.493  -88.833  23.343 0.0000000000
13129  14.756  -87.830  23.813 0.0000000000
148214  12.979  -88.064  23.901 0.0000000000
12227  12.336  -88.435  23.817 0.0000000000
11416  10.456  -89.229  23.875 0.0000000000
10645  9.589  -90.725  23.657 0.0000000000
9857  9.179  -91.533  23.456 0.0000000000
162427  9.533  -92.844  23.055 0.0000000000
8421  8.970  -94.157  22.132 0.0000000000
9130  11.425  -92.757  23.023 0.0000000000
7758  10.182  -94.236  22.187 0.0000000000
164289  9.440  -94.741  21.803 0.0000000000
7131  9.262  -96.015  21.245 0.0000000000
6482  9.217  -96.749  20.835 0.0000000000
5221  9.803  -98.423  19.895 0.0000000000
5220  10.452  -98.406  19.886 0.0000000000
161963  12.209  -99.052  19.888 0.0000000000
5218  13.094  -98.779  19.964 0.0000000000
141728  14.080  -96.564  20.559 0.0000000000
5864  13.810  -97.829  20.263 0.0000000000
152735  14.031  -99.111  20.238 0.0000000000
4598  14.403  -99.024  20.945 0.0000000000
5191  15.255  -98.352  21.472 0.0000000000
5832  14.997  -97.976  22.249 0.0000000000
7115  17.516  -95.853  21.499 0.0000000000
167146  18.079  -95.279  22.769 0.0000000000
7101  17.185  -96.353  22.084 0.0000000000
6452  16.406  -96.957  21.981 0.0000000000
6453  15.347  -97.258  22.511 0.0000000000
5817  14.267  -97.435  23.150 0.0000000000
159781  13.885  -96.420  23.752 0.0000000000
7055  13.031  -95.063  24.981 0.0000000000
154992  12.685  -94.789  25.657 0.0000000000
8362  12.936  -93.443  26.048 0.0000000000
44  19.223  -111.802  34.575 0.0000000000
51  19.728  -111.289  34.392 0.0000000000
58  19.134  -111.373  32.500 0.0000000000
59  18.552  -111.949  32.571 0.0000000000
72  16.212  -111.364  30.955 0.0000000000
76  12.741  -110.757  53.099 0.0000000000
78  10.645  -108.217  52.278 0.0000000000
84  11.599  -110.706  52.277 0.0000000000
86  10.004  -107.241  51.333 0.0000000000
90  13.884  -111.107  51.706 0.0000000000
93  11.273  -107.858  51.037 0.0000000000
104  11.546  -110.718  50.821 0.0000000000
152  15.707  -111.015  45.859 0.0000000000
208  19.683  -110.167  39.044 0.0000000000
209  19.141  -111.133  39.668 0.0000000000
219  19.268  -111.478  36.927 0.0000000000
221  20.616  -110.493  35.768 0.0000000000
222  20.142  -111.022  36.175 0.0000000000
228  20.822  -110.722  34.827 0.0000000000
232  20.933  -110.792  33.947 0.0000000000
233  20.431  -111.019  33.549 0.0000000000
239  20.499  -110.590  32.120 0.0000000000
241  19.183  -111.076  31.627 0.0000000000
242  18.383  -111.194  31.461 0.0000000000
247  19.464  -110.726  30.820 0.0000000000
249  17.471  -111.125  30.558 0.0000000000
255  18.235  -111.014  30.053 0.0000000000
258  10.425  -109.958  56.577 0.0000000000
260  13.174  -109.403  55.623 0.0000000000
263  9.646  -109.434  55.641 0.0000000000
265  9.370  -105.877  54.698 0.0000000000
269  11.092  -110.213  54.905 0.0000000000
274  7.391  -109.273  54.980 0.0000000000
277  14.347  -108.140  53.448 0.0000000000
279  13.044  -110.228  54.383 0.0000000000
287  17.237  -108.694  52.615 0.0000000000
289  15.477  -106.125  51.798 0.0000000000
291  14.220  -109.253  53.330 0.0000000000
294  10.683  -110.090  53.028 0.0000000000
296  8.998  -106.902  53.076 0.0000000000
297  8.897  -107.124  52.809 0.0000000000
304  16.858  -107.584  51.483 0.0000000000
308  14.114  -110.141  53.044 0.0000000000
312  19.976  -109.242  51.013 0.0000000000
316  15.579  -106.629  50.275 0.0000000000
320  20.857  -109.696  50.266 0.0000000000
322  19.332  -109.202  50.311 0.0000000000
324  17.406  -107.999  49.147 0.0000000000
327  15.229  -109.879  50.747 0.0000000000
329  21.243  -109.654  49.675 0.0000000000
331  19.555  -110.148  49.162 0.0000000000
338  21.449  -109.854  48.235 0.0000000000
340  19.572  -110.222  48.375 0.0000000000
341  17.978  -109.825  48.357 0.0000000000
349  17.995  -110.192  47.789 0.0000000000
361  19.520  -109.444  45.168 0.0000000000
363  17.057  -108.399  44.750 0.0000000000
366  20.273  -107.871  44.227 0.0000000000
374  20.015  -108.065  43.035 0.0000000000
375  19.374  -108.184  43.034 0.0000000000
421  21.462  -109.077  37.314 0.0000000000
423  20.301  -109.819  37.932 0.0000000000
431  21.528  -109.524  35.437 0.0000000000
434  21.771  -109.706  34.065 0.0000000000
435  21.345  -109.916  34.794 0.0000000000
442  21.306  -110.168  32.880 0.0000000000
444  21.988  -109.787  31.707 0.0000000000
445  21.227  -110.153  32.063 0.0000000000
451  19.681  -110.253  30.115 0.0000000000
455  20.411  -110.026  29.950 0.0000000000
456  19.285  -110.169  29.439 0.0000000000
458  17.271  -110.416  29.321 0.0000000000
461  13.770  -109.989  30.034 0.0000000000
465  10.858  -109.029  58.682 0.0000000000
468  13.202  -108.548  57.128 0.0000000000
471  10.043  -109.131  58.085 0.0000000000
472  9.103  -109.023  58.245 0.0000000000
481  8.808  -107.939  57.197 0.0000000000
484  5.998  -107.923  57.138 0.0000000000
486  15.736  -105.995  54.190 0.0000000000
487  15.075  -105.630  53.868 0.0000000000
488  14.394  -106.318  54.210 0.0000000000
489  13.502  -108.570  55.881 0.0000000000
491  11.515  -109.918  56.809 0.0000000000
494  7.707  -106.935  55.422 0.0000000000
499  16.260  -107.093  54.346 0.0000000000
502  14.147  -107.280  54.134 0.0000000000
504  8.575  -106.635  54.158 0.0000000000
510  18.807  -109.149  53.579 0.0000000000
512  17.401  -108.986  54.147 0.0000000000
514  14.904  -106.066  52.861 0.0000000000
517  20.500  -108.789  52.502 0.0000000000
518  20.261  -109.021  52.956 0.0000000000
525  21.342  -108.626  51.519 0.0000000000
526  20.797  -108.953  52.204 0.0000000000
528  18.437  -109.203  52.714 0.0000000000
532  20.539  -109.104  51.685 0.0000000000
534  23.158  -108.439  49.357 0.0000000000
540  22.064  -109.265  49.327 0.0000000000
543  23.052  -108.806  47.657 0.0000000000
546  22.440  -107.154  46.647 0.0000000000
550  21.842  -105.592  45.731 0.0000000000
559  20.130  -107.415  45.196 0.0000000000
564  21.178  -106.956  45.666 0.0000000000
566  20.642  -107.571  45.369 0.0000000000
572  25.101  -108.989  43.508 0.0000000000
576  20.942  -107.771  43.273 0.0000000000
578  18.837  -105.716  43.576 0.0000000000
586  24.633  -109.014  43.012 0.0000000000
588  22.476  -108.036  42.922 0.0000000000
589  21.311  -108.156  42.406 0.0000000000
593  26.383  -108.406  41.278 0.0000000000
594  25.504  -108.735  41.268 0.0000000000
596  22.479  -107.681  41.323 0.0000000000
605  22.180  -107.778  40.244 0.0000000000
618  23.075  -107.819  38.391 0.0000000000
622  24.229  -107.977  37.420 0.0000000000
624  22.206  -108.577  37.218 0.0000000000
626  23.197  -108.483  36.255 0.0000000000
627  22.406  -108.779  36.287 0.0000000000
636  23.789  -108.393  35.016 0.0000000000
638  22.442  -109.104  34.291 0.0000000000
642  23.133  -108.685  33.696 0.0000000000
646  22.814  -108.943  32.772 0.0000000000
654  21.508  -109.405  30.518 0.0000000000
657  20.377  -109.564  29.311 0.0000000000
664  19.455  -109.193  28.593 0.0000000000
666  17.449  -109.341  28.534 0.0000000000
670  9.929  -107.466  60.458 0.0000000000
671  9.077  -107.663  60.444 0.0000000000
672  8.323  -107.801  60.316 0.0000000000
673  11.919  -107.600  59.668 0.0000000000
674  11.254  -107.745  59.902 0.0000000000
677  7.710  -107.763  59.762 0.0000000000
678  7.096  -107.007  59.506 0.0000000000
680  12.298  -107.924  59.233 0.0000000000
682  9.724  -108.278  59.524 0.0000000000
686  11.590  -108.254  58.870 0.0000000000
687  8.210  -106.804  58.298 0.0000000000
688  7.721  -105.699  57.825 0.0000000000
691  5.207  -107.353  58.237 0.0000000000
698  5.045  -107.826  57.693 0.0000000000
699  4.546  -107.915  57.122 0.0000000000
707  18.495  -107.745  53.838 0.0000000000
708  17.949  -107.846  54.298 0.0000000000
713  19.309  -108.655  53.568 0.0000000000
715  17.995  -108.885  54.602 0.0000000000
717  21.388  -107.400  52.144 0.0000000000
719  20.192  -108.730  52.999 0.0000000000
720  19.533  -108.907  53.447 0.0000000000
727  21.983  -107.903  51.183 0.0000000000
731  23.353  -108.072  50.266 0.0000000000
746  22.342  -106.114  47.025 0.0000000000
749  23.070  -104.796  44.925 0.0000000000
755  25.459  -106.920  45.429 0.0000000000
762  25.645  -108.175  44.631 0.0000000000
764  18.324  -104.310  43.717 0.0000000000
765  18.180  -104.915  44.505 0.0000000000
769  27.204  -108.059  43.357 0.0000000000
771  18.006  -105.200  43.051 0.0000000000
776  28.455  -106.771  42.354 0.0000000000
784  27.267  -108.052  41.402 0.0000000000
789  27.669  -107.774  40.019 0.0000000000
795  26.568  -108.051  38.984 0.0000000000
798  25.137  -108.040  37.245 0.0000000000
800  25.352  -107.841  36.448 0.0000000000
850  23.360  -108.196  31.169 0.0000000000
864  21.468  -108.417  29.431 0.0000000000
878  19.904  -108.429  28.602 0.0000000000
880  17.566  -108.667  28.144 0.0000000000
895  18.330  -108.341  28.106 0.0000000000
899  14.215  -108.204  27.729 0.0000000000
903  3.852  -108.233  27.564 0.0000000000
908  4.162  -108.115  26.625 0.0000000000
910  2.889  -107.698  26.423 0.0000000000
913  4.401  -107.954  25.137 0.0000000000
915  3.049  -107.552  25.595 0.0000000000
918  4.650  -107.704  24.634 0.0000000000
919  3.977  -107.479  24.599 0.0000000000
920  3.263  -107.323  24.869 0.0000000000
922  4.495  -107.197  24.165 0.0000000000
923  10.749  -106.231  61.439 0.0000000000
924  9.932  -106.428  61.413 0.0000000000
925  9.061  -106.574  61.485 0.0000000000
932  7.617  -107.091  61.103 0.0000000000
935  12.987  -106.698  60.094 0.0000000000
939  6.476  -106.720  60.050 0.0000000000
943  6.695  -106.636  59.021 0.0000000000
949  5.281  -106.898  58.818 0.0000000000
952  18.086  -106.337  56.533 0.0000000000
953  17.462  -106.639  56.769 0.0000000000
954  16.972  -106.830  56.896 0.0000000000
955  15.931  -105.979  56.423 0.0000000000
959  4.499  -107.488  57.762 0.0000000000
963  17.578  -106.887  56.088 0.0000000000
966  14.480  -105.031  55.998 0.0000000000
967  18.563  -106.790  54.268 0.0000000000
969  3.847  -107.587  55.356 0.0000000000
971  20.333  -107.287  52.682 0.0000000000
974  22.701  -106.494  52.506 0.0000000000
976  20.977  -107.352  52.448 0.0000000000
979  22.982  -106.699  51.947 0.0000000000
984  23.970  -107.153  51.100 0.0000000000
985  23.310  -107.280  51.496 0.0000000000
997  24.405  -101.976  45.800 0.0000000000
1005  22.881  -103.202  45.951 0.0000000000
1009  26.123  -105.247  45.841 0.0000000000
1020  28.572  -106.632  44.688 0.0000000000
1021  28.026  -107.042  45.217 0.0000000000
1052  26.914  -107.432  38.468 0.0000000000
1070  25.272  -106.803  33.530 0.0000000000
1076  24.889  -107.114  32.862 0.0000000000
1098  19.667  -107.054  29.327 0.0000000000
1103  21.001  -107.765  29.470 0.0000000000
1109  11.652  -107.592  27.895 0.0000000000
1117  18.645  -107.885  28.109 0.0000000000
1128  8.132  -107.586  27.237 0.0000000000
1129  4.574  -107.668  28.322 0.0000000000
1133  15.978  -107.342  26.348 0.0000000000
1134  15.041  -107.363  26.575 0.0000000000
1148  5.475  -107.886  25.443 0.0000000000
1151  7.357  -107.168  23.678 0.0000000000
1152  6.929  -107.352  24.567 0.0000000000
1157  6.600  -107.284  23.680 0.0000000000
1158  5.840  -107.202  23.727 0.0000000000
1168  10.788  -105.511  62.447 0.0000000000
1169  12.804  -105.880  61.575 0.0000000000
1171  11.608  -105.564  62.500 0.0000000000
1174  8.760  -106.032  61.939 0.0000000000
1175  7.787  -106.090  61.944 0.0000000000
1176  7.111  -105.998  61.872 0.0000000000
1179  11.536  -105.939  61.607 0.0000000000
1181  6.579  -106.051  61.443 0.0000000000
1182  5.459  -105.887  60.559 0.0000000000
1183  16.627  -105.351  59.574 0.0000000000
1187  17.338  -105.535  58.639 0.0000000000
1189  16.304  -105.795  59.065 0.0000000000
1190  15.919  -105.409  59.165 0.0000000000
1192  4.347  -106.076  59.489 0.0000000000
1195  17.576  -105.767  57.881 0.0000000000
1197  16.418  -106.187  58.296 0.0000000000
1200  4.255  -106.457  58.891 0.0000000000
1201  3.886  -106.493  58.199 0.0000000000
1202  18.514  -105.627  56.817 0.0000000000
1203  17.864  -106.087  57.200 0.0000000000
1204  16.058  -106.057  57.484 0.0000000000
1210  15.186  -104.642  56.057 0.0000000000
1211  14.837  -104.700  55.854 0.0000000000
1212  14.555  -104.788  56.247 0.0000000000
1215  15.010  -104.585  55.855 0.0000000000
1216  3.879  -106.974  54.732 0.0000000000
1217  19.928  -106.919  52.867 0.0000000000
1220  4.106  -107.120  53.594 0.0000000000
1221  24.791  -105.517  52.461 0.0000000000
1222  24.001  -105.799  52.665 0.0000000000
1223  23.185  -106.123  52.765 0.0000000000
1231  6.234  -107.974  51.272 0.0000000000
1232  5.731  -108.126  51.601 0.0000000000
1235  2.555  -106.393  52.126 0.0000000000
1239  2.634  -106.820  51.588 0.0000000000
1242  26.068  -104.788  49.474 0.0000000000
1244  6.321  -107.847  50.924 0.0000000000
1250  26.292  -102.243  46.252 0.0000000000
1252  24.468  -102.034  46.446 0.0000000000
1255  28.402  -105.072  46.610 0.0000000000
1266  29.510  -105.393  45.365 0.0000000000
1272  29.378  -104.570  44.221 0.0000000000
1341  19.455  -106.380  30.921 0.0000000000
1342  18.642  -106.227  30.546 0.0000000000
1344  20.378  -106.684  30.646 0.0000000000
1345  19.007  -106.568  30.111 0.0000000000
1348  4.770  -106.317  29.994 0.0000000000
1359  13.285  -106.753  26.770 0.0000000000
1361  7.964  -106.881  27.220 0.0000000000
1366  17.268  -106.366  26.171 0.0000000000
1369  14.578  -106.715  26.334 0.0000000000
1376  17.204  -105.651  25.770 0.0000000000
1377  16.393  -105.805  25.553 0.0000000000
1381  11.897  -106.490  24.948 0.0000000000
1391  7.740  -106.958  23.037 0.0000000000
1396  6.790  -106.540  22.826 0.0000000000
1398  4.252  -106.069  22.666 0.0000000000
1399  3.588  -106.212  22.510 0.0000000000
1403  7.691  -106.224  22.157 0.0000000000
1405  5.731  -105.507  22.666 0.0000000000
1412  12.866  -104.867  63.161 0.0000000000
1413  11.963  -105.077  63.210 0.0000000000
1418  13.807  -104.665  62.319 0.0000000000
1419  13.025  -105.426  62.365 0.0000000000
1421  10.072  -105.545  62.242 0.0000000000
1424  6.759  -105.621  61.778 0.0000000000
1427  16.437  -104.534  61.245 0.0000000000
1431  5.912  -105.758  61.081 0.0000000000
1435  16.491  -104.952  60.377 0.0000000000
1438  13.842  -104.852  60.937 0.0000000000
1439  4.778  -105.187  60.594 0.0000000000
1442  17.775  -104.825  59.114 0.0000000000
1445  13.678  -105.371  60.106 0.0000000000
1447  3.973  -105.477  59.491 0.0000000000
1452  15.345  -104.006  58.247 0.0000000000
1453  13.842  -104.774  58.728 0.0000000000
1454  3.720  -105.352  58.782 0.0000000000
1459  14.557  -104.524  56.824 0.0000000000
1460  3.619  -105.995  57.534 0.0000000000
1463  15.111  -104.485  56.188 0.0000000000
1464  14.876  -104.553  56.150 0.0000000000
1466  3.632  -106.256  56.444 0.0000000000
1477  22.645  -105.767  53.098 0.0000000000
1479  19.897  -106.349  52.755 0.0000000000
1482  5.423  -107.020  52.739 0.0000000000
1484  4.496  -106.779  53.136 0.0000000000
1487  26.772  -104.525  52.224 0.0000000000
1489  25.484  -105.323  52.093 0.0000000000
1496  4.422  -106.909  52.718 0.0000000000
1498  1.999  -105.784  52.436 0.0000000000
1502  6.417  -107.420  50.884 0.0000000000
1503  1.560  -105.692  50.854 0.0000000000
1508  6.250  -107.299  50.604 0.0000000000
1509  5.765  -106.914  50.287 0.0000000000
1510  1.088  -105.190  50.285 0.0000000000
1513  6.109  -106.210  49.793 0.0000000000
1516  0.984  -105.049  49.591 0.0000000000
1521  26.153  -101.910  46.748 0.0000000000
1522  1.331  -105.504  49.148 0.0000000000
1526  28.247  -103.666  46.596 0.0000000000
1531  29.759  -104.575  46.508 0.0000000000
1532  29.125  -104.918  46.651 0.0000000000
1645  6.253  -104.938  31.471 0.0000000000
1654  6.168  -105.471  31.043 0.0000000000
1656  5.159  -105.744  30.414 0.0000000000
1667  4.712  -105.694  29.715 0.0000000000
1671  9.938  -105.334  26.472 0.0000000000
1673  8.136  -106.148  27.581 0.0000000000
1682  7.025  -105.371  26.283 0.0000000000
1686  17.702  -104.761  25.865 0.0000000000
1687  17.301  -104.881  25.595 0.0000000000
1692  11.657  -105.995  24.845 0.0000000000
1694  7.653  -105.940  25.630 0.0000000000
1697  15.213  -104.906  24.748 0.0000000000
1699  13.311  -105.297  24.568 0.0000000000
1701  9.192  -106.298  23.899 0.0000000000
1705  10.644  -105.493  23.127 0.0000000000
1708  10.460  -105.624  22.385 0.0000000000
1710  8.637  -106.212  21.886 0.0000000000
1718  6.565  -105.398  22.377 0.0000000000
1719  6.136  -105.357  22.518 0.0000000000
1726  12.944  -103.778  64.007 0.0000000000
1727  16.516  -103.288  62.960 0.0000000000
1729  15.277  -103.618  63.361 0.0000000000
1730  14.601  -103.891  63.330 0.0000000000
1733  11.409  -104.487  63.380 0.0000000000
1734  10.165  -104.525  62.870 0.0000000000
1739  14.551  -104.144  62.708 0.0000000000
1742  9.614  -104.439  62.444 0.0000000000
1744  7.564  -104.937  61.955 0.0000000000
1747  18.183  -103.415  61.251 0.0000000000
1749  16.382  -104.172  61.937 0.0000000000
1750  15.138  -104.028  61.221 0.0000000000
1753  6.770  -105.113  61.819 0.0000000000
1754  5.329  -104.888  61.122 0.0000000000
1757  18.896  -103.550  59.857 0.0000000000
1758  18.251  -103.738  60.480 0.0000000000
1760  14.767  -103.665  60.284 0.0000000000
1762  4.783  -104.517  60.463 0.0000000000
1766  15.310  -103.854  59.129 0.0000000000
1769  4.268  -104.405  59.710 0.0000000000
1770  3.873  -104.832  59.330 0.0000000000
1773  14.535  -103.828  58.677 0.0000000000
1774  14.194  -104.191  58.407 0.0000000000
1775  4.169  -104.024  58.422 0.0000000000
1779  15.154  -103.991  57.606 0.0000000000
1781  14.117  -104.659  57.749 0.0000000000
1782  3.955  -104.384  57.527 0.0000000000
1787  14.989  -104.261  56.736 0.0000000000
1798  4.589  -105.407  54.126 0.0000000000
1799  1.973  -104.386  54.112 0.0000000000
1801  26.124  -104.423  52.675 0.0000000000
1802  25.687  -104.461  52.955 0.0000000000
1807  5.278  -105.757  53.193 0.0000000000
1810  2.213  -105.133  53.481 0.0000000000
1812  28.101  -103.705  51.963 0.0000000000
1815  21.940  -104.392  52.823 0.0000000000
1824  0.862  -104.443  53.026 0.0000000000
1827  27.517  -104.263  51.614 0.0000000000
1831  6.519  -106.264  50.914 0.0000000000
1834  0.660  -104.386  51.092 0.0000000000
1836  28.482  -102.309  49.194 0.0000000000
1837  28.037  -103.333  49.810 0.0000000000
1842  0.579  -104.044  50.532 0.0000000000
1846  5.968  -104.993  49.072 0.0000000000
1847  5.333  -104.596  48.943 0.0000000000
1848  28.706  -101.158  47.291 0.0000000000
1849  6.123  -104.134  48.704 0.0000000000
1980  8.639  -103.925  31.848 0.0000000000
1992  7.114  -104.433  31.594 0.0000000000
1993  5.912  -104.892  31.309 0.0000000000
2005  6.178  -105.332  30.270 0.0000000000
2040  8.157  -104.269  26.144 0.0000000000
2042  6.453  -104.930  27.088 0.0000000000
2049  17.397  -104.356  25.717 0.0000000000
2055  11.874  -105.241  24.930 0.0000000000
2056  9.372  -104.437  25.144 0.0000000000
2065  14.048  -104.969  24.459 0.0000000000
2067  9.929  -104.917  24.505 0.0000000000
2071  11.068  -105.042  23.542 0.0000000000
2072  10.411  -105.357  23.826 0.0000000000
2074  12.215  -104.154  21.760 0.0000000000
2078  10.819  -105.015  21.056 0.0000000000
2080  7.538  -105.113  21.810 0.0000000000
2081  6.644  -104.734  22.117 0.0000000000
2083  11.312  -104.286  20.800 0.0000000000
2086  8.743  -104.187  21.090 0.0000000000
2093  5.523  -103.629  19.945 0.0000000000
2097  15.001  -103.069  64.007 0.0000000000
2098  14.217  -103.300  64.030 0.0000000000
2102  16.851  -102.841  63.082 0.0000000000
2104  15.540  -103.303  63.601 0.0000000000
2106  14.008  -103.872  63.753 0.0000000000
2112  18.751  -102.665  62.138 0.0000000000
2113  18.005  -102.930  62.342 0.0000000000
2119  19.475  -102.713  61.015 0.0000000000
2120  18.855  -102.890  61.495 0.0000000000
2124  8.350  -103.970  61.694 0.0000000000
2125  7.631  -103.865  61.394 0.0000000000
2126  6.860  -103.811  61.185 0.0000000000
2127  6.047  -103.762  60.832 0.0000000000
2130  14.980  -103.592  59.617 0.0000000000
2131  9.098  -103.024  61.065 0.0000000000
2135  5.343  -103.800  60.376 0.0000000000
2139  14.963  -103.612  58.930 0.0000000000
2142  4.572  -103.805  59.153 0.0000000000
2145  14.936  -103.764  58.250 0.0000000000
2157  4.539  -103.819  56.805 0.0000000000
2158  2.169  -102.579  55.858 0.0000000000
2164  5.155  -103.471  55.295 0.0000000000
2166  2.128  -103.185  55.204 0.0000000000
2167  1.815  -103.005  55.363 0.0000000000
2168  1.654  -102.676  55.289 0.0000000000
2176  1.840  -103.693  54.807 0.0000000000
2178  0.668  -103.181  54.089 0.0000000000
2179  27.369  -103.588  52.881 0.0000000000
2180  26.710  -103.555  53.013 0.0000000000
2181  24.526  -103.925  53.070 0.0000000000
2188  0.642  -103.865  53.677 0.0000000000
2190  28.941  -102.760  52.265 0.0000000000
2197  5.999  -103.774  51.825 0.0000000000
2198  0.097  -103.807  52.857 0.0000000000
2199  -0.052  -102.969  52.612 0.0000000000
2211  3.840  -104.003  51.159 0.0000000000
2212  3.757  -105.039  51.916 0.0000000000
2213  0.045  -102.902  51.071 0.0000000000
2221  6.422  -104.474  49.421 0.0000000000
2229  5.196  -103.662  48.712 0.0000000000
2230  0.450  -103.377  49.565 0.0000000000
2231  29.478  -101.124  47.093 0.0000000000
2233  6.254  -103.441  48.722 0.0000000000
2239  30.178  -101.119  47.114 0.0000000000
2241  0.588  -103.274  48.084 0.0000000000
2374  10.139  -103.018  32.367 0.0000000000
2388  11.911  -103.073  31.876 0.0000000000
2390  9.369  -103.399  32.021 0.0000000000
2391  8.643  -103.588  31.769 0.0000000000
2401  8.203  -103.298  31.484 0.0000000000
2402  7.341  -103.833  31.541 0.0000000000
2418  6.699  -103.634  30.086 0.0000000000
2419  5.965  -104.393  30.606 0.0000000000
2432  11.592  -103.406  28.507 0.0000000000
2433  11.116  -103.689  29.177 0.0000000000
2452  6.416  -104.049  28.437 0.0000000000
2463  17.544  -103.704  26.265 0.0000000000
2469  8.748  -103.332  26.984 0.0000000000
2482  14.062  -103.622  25.031 0.0000000000
2484  10.429  -103.382  25.333 0.0000000000
2496  15.247  -104.349  24.698 0.0000000000
2508  12.000  -104.176  23.090 0.0000000000
2513  13.079  -102.996  22.422 0.0000000000
2514  6.861  -103.365  22.378 0.0000000000
2518  12.112  -104.068  21.002 0.0000000000
2519  7.969  -103.762  21.802 0.0000000000
2524  12.416  -103.272  20.675 0.0000000000
2526  10.890  -103.535  20.343 0.0000000000
2531  11.492  -103.175  20.006 0.0000000000
2532  11.002  -102.976  19.915 0.0000000000
2533  5.964  -103.390  19.918 0.0000000000
2535  5.132  -103.463  19.459 0.0000000000
2539  5.228  -103.056  18.928 0.0000000000
2541  15.212  -102.539  63.914 0.0000000000
2543  13.606  -103.006  64.076 0.0000000000
2548  15.855  -102.166  63.762 0.0000000000
2551  12.999  -102.820  63.967 0.0000000000
2558  13.067  -102.161  63.487 0.0000000000
2559  12.369  -102.154  62.784 0.0000000000
2566  12.279  -101.683  61.164 0.0000000000
2568  10.326  -102.772  61.573 0.0000000000
2569  9.777  -102.770  61.118 0.0000000000
2577  7.477  -102.808  60.033 0.0000000000
2578  6.681  -102.814  59.717 0.0000000000
2582  11.012  -102.103  60.383 0.0000000000
2588  5.976  -102.805  59.183 0.0000000000
2592  10.614  -101.824  59.290 0.0000000000
2594  7.278  -102.099  58.758 0.0000000000
2596  5.779  -102.730  58.279 0.0000000000
2600  6.273  -102.347  57.637 0.0000000000
2602  2.363  -101.497  57.336 0.0000000000
2604  1.828  -101.639  56.803 0.0000000000
2609  5.828  -102.645  56.789 0.0000000000
2611  2.284  -102.027  56.467 0.0000000000
2613  1.824  -102.100  55.906 0.0000000000
2616  6.320  -102.279  55.264 0.0000000000
2620  1.227  -102.233  54.902 0.0000000000
2627  3.236  -102.610  54.562 0.0000000000
2630  0.494  -102.061  53.698 0.0000000000
2631  27.846  -103.080  52.746 0.0000000000
2638  6.926  -101.725  53.065 0.0000000000
2639  6.384  -102.324  53.457 0.0000000000
2640  5.639  -103.144  53.677 0.0000000000
2642  0.119  -102.428  53.150 0.0000000000
2644  28.458  -102.540  52.729 0.0000000000
2646  26.473  -102.470  52.659 0.0000000000
2665  0.155  -101.982  51.467 0.0000000000
2673  7.026  -102.414  49.140 0.0000000000
2675  4.503  -102.516  49.912 0.0000000000
2684  6.864  -102.147  48.813 0.0000000000
2686  5.372  -102.778  48.774 0.0000000000
2693  6.308  -102.726  48.709 0.0000000000
2694  5.925  -102.527  48.652 0.0000000000
2830  11.642  -102.003  33.199 0.0000000000
2843  11.907  -102.351  33.004 0.0000000000
2844  11.300  -102.540  32.878 0.0000000000
2845  10.703  -102.523  32.662 0.0000000000
2860  11.583  -102.932  32.524 0.0000000000
2891  8.317  -102.700  30.362 0.0000000000
2905  13.312  -101.637  28.427 0.0000000000
2916  16.250  -102.627  26.735 0.0000000000
2917  15.299  -102.083  27.078 0.0000000000
2937  9.640  -102.918  26.931 0.0000000000
2947  10.029  -103.129  26.095 0.0000000000
2963  11.218  -102.946  25.037 0.0000000000
2975  12.630  -102.714  23.637 0.0000000000
2989  7.055  -102.698  22.654 0.0000000000
2994  13.179  -101.408  21.112 0.0000000000
2995  13.088  -102.123  21.316 0.0000000000
3000  13.105  -101.314  20.810 0.0000000000
3004  9.518  -102.543  20.625 0.0000000000
3005  8.771  -102.604  21.443 0.0000000000
3006  6.265  -102.803  20.247 0.0000000000
3008  12.841  -101.812  20.498 0.0000000000
3010  11.607  -102.714  19.909 0.0000000000
3013  5.702  -102.566  18.889 0.0000000000
3039  18.038  -101.882  63.170 0.0000000000
3040  16.754  -101.971  63.534 0.0000000000
3041  15.303  -101.603  63.398 0.0000000000
3055  19.450  -101.790  62.481 0.0000000000
3057  17.739  -101.362  62.971 0.0000000000
3062  13.024  -101.680  62.714 0.0000000000
3081  12.093  -101.557  59.262 0.0000000000
3082  10.997  -101.909  59.757 0.0000000000
3084  1.978  -100.783  59.043 0.0000000000
3090  11.620  -101.518  58.468 0.0000000000
3091  10.830  -101.456  58.116 0.0000000000
3095  3.064  -100.914  58.461 0.0000000000
3096  2.386  -101.051  58.099 0.0000000000
3097  1.919  -100.929  58.284 0.0000000000
3098  1.686  -100.786  58.205 0.0000000000
3104  9.106  -101.361  57.761 0.0000000000
3106  7.250  -101.729  57.234 0.0000000000
3109  1.888  -101.279  57.545 0.0000000000
3114  12.203  -100.998  57.137 0.0000000000
3116  10.516  -100.711  56.706 0.0000000000
3121  4.277  -100.838  56.564 0.0000000000
3122  3.505  -101.347  56.424 0.0000000000
3123  1.506  -101.453  56.563 0.0000000000
3127  9.359  -100.702  56.321 0.0000000000
3128  8.644  -100.782  55.659 0.0000000000
3129  7.464  -101.422  55.287 0.0000000000
3130  6.879  -101.761  55.634 0.0000000000
3132  3.475  -101.600  55.629 0.0000000000
3142  4.000  -101.229  54.312 0.0000000000
3144  1.137  -101.804  54.808 0.0000000000
3145  0.852  -101.802  54.189 0.0000000000
3153  3.578  -101.877  53.989 0.0000000000
3158  28.526  -101.695  52.858 0.0000000000
3159  27.598  -101.714  52.722 0.0000000000
3165  8.263  -101.152  51.758 0.0000000000
3167  4.065  -101.817  52.500 0.0000000000
3176  7.605  -101.871  50.295 0.0000000000
3178  0.701  -101.408  51.651 0.0000000000
3190  0.933  -101.329  50.606 0.0000000000
3196  8.025  -100.977  49.051 0.0000000000
3198  6.818  -101.064  48.821 0.0000000000
3199  5.716  -102.006  48.850 0.0000000000
3200  5.068  -102.208  49.301 0.0000000000
3201  0.652  -101.762  49.883 0.0000000000
3202  0.300  -102.107  49.911 0.0000000000
3211  2.874  -100.736  48.151 0.0000000000
3337  11.872  -101.505  33.339 0.0000000000
3352  12.432  -101.978  32.967 0.0000000000
3353  10.768  -101.782  32.650 0.0000000000
3416  11.214  -101.421  28.171 0.0000000000
3437  11.647  -101.870  26.770 0.0000000000
3438  10.955  -102.218  27.059 0.0000000000
3446  12.719  -101.718  25.508 0.0000000000
3468  13.424  -101.435  23.231 0.0000000000
3469  7.842  -101.162  23.636 0.0000000000
3483  13.785  -101.101  21.928 0.0000000000
3485  8.011  -101.740  23.124 0.0000000000
3496  13.541  -100.954  21.277 0.0000000000
3497  6.510  -102.123  21.942 0.0000000000
3507  13.357  -100.550  20.544 0.0000000000
3508  13.098  -101.159  20.561 0.0000000000
3509  12.615  -101.438  20.003 0.0000000000
3511  10.783  -101.532  19.972 0.0000000000
3516  5.391  -101.804  18.778 0.0000000000
3569  18.866  -100.843  62.364 0.0000000000
3570  18.049  -100.886  62.356 0.0000000000
3583  20.927  -100.088  61.651 0.0000000000
3585  18.412  -100.515  61.589 0.0000000000
3587  16.633  -100.655  61.739 0.0000000000
3589  14.702  -100.567  61.029 0.0000000000
3601  18.860  -100.261  60.698 0.0000000000
3605  14.433  -100.553  60.194 0.0000000000
3607  1.270  -100.126  60.193 0.0000000000
3616  13.786  -100.757  59.684 0.0000000000
3620  1.652  -100.528  59.655 0.0000000000
3624  18.256  -100.118  58.835 0.0000000000
3627  14.354  -100.357  58.429 0.0000000000
3633  14.078  -100.232  57.641 0.0000000000
3635  12.729  -101.066  57.779 0.0000000000
3640  14.253  -99.842  56.834 0.0000000000
3655  1.130  -101.117  55.330 0.0000000000
3660  11.044  -99.720  55.150 0.0000000000
3661  10.425  -99.637  54.470 0.0000000000
3664  4.558  -100.779  54.685 0.0000000000
3665  1.047  -101.217  54.455 0.0000000000
3670  9.725  -99.872  53.689 0.0000000000
3672  4.822  -100.770  53.352 0.0000000000
3674  1.052  -100.638  53.881 0.0000000000
3675  0.858  -101.051  53.213 0.0000000000
3677  28.901  -100.708  52.695 0.0000000000
3679  27.243  -101.088  52.112 0.0000000000
3695  26.794  -100.553  51.543 0.0000000000
3696  26.026  -100.940  51.196 0.0000000000
3705  5.109  -100.922  51.999 0.0000000000
3706  1.048  -100.919  51.872 0.0000000000
3714  8.578  -100.727  49.628 0.0000000000
3722  24.316  -100.751  49.681 0.0000000000
3725  7.555  -100.832  48.907 0.0000000000
3726  6.072  -101.297  48.973 0.0000000000
3727  2.839  -100.297  49.463 0.0000000000
3728  2.136  -100.740  49.719 0.0000000000
3739  2.632  -100.763  48.895 0.0000000000
3863  12.935  -100.328  33.432 0.0000000000
3898  11.274  -100.359  32.212 0.0000000000
4003  8.156  -100.676  24.009 0.0000000000
4004  7.746  -100.485  24.079 0.0000000000
4014  13.984  -100.526  22.455 0.0000000000
4026  8.640  -101.358  22.636 0.0000000000
4030  13.795  -100.317  21.187 0.0000000000
4031  9.767  -100.733  20.231 0.0000000000
4032  9.404  -101.007  20.797 0.0000000000
4037  13.536  -100.370  20.738 0.0000000000
4038  12.549  -100.473  19.935 0.0000000000
4040  10.845  -99.943  19.877 0.0000000000
4042  9.439  -99.980  20.478 0.0000000000
4043  6.312  -100.284  19.635 0.0000000000
4044  5.933  -100.373  19.202 0.0000000000
4049  5.802  -101.115  18.890 0.0000000000
4111  23.788  -98.838  63.355 0.0000000000
4125  23.107  -98.976  62.325 0.0000000000
4150  20.445  -99.816  60.066 0.0000000000
4162  20.958  -99.398  59.020 0.0000000000
4165  17.558  -100.097  58.769 0.0000000000
4173  0.839  -99.902  59.832 0.0000000000
4175  21.126  -98.817  58.360 0.0000000000
4177  18.758  -99.894  58.036 0.0000000000
4180  15.636  -99.814  57.868 0.0000000000
4186  20.600  -98.925  57.761 0.0000000000
4189  18.098  -99.684  57.348 0.0000000000
4191  16.102  -99.518  57.162 0.0000000000
4200  17.720  -99.224  56.468 0.0000000000
4204  14.201  -99.666  56.055 0.0000000000
4208  1.165  -99.425  56.810 0.0000000000
4213  13.726  -99.656  55.442 0.0000000000
4218  1.226  -99.782  55.453 0.0000000000
4229  1.591  -99.382  53.838 0.0000000000
4235  10.092  -99.604  52.739 0.0000000000
4238  5.565  -100.348  53.463 0.0000000000
4240  1.209  -99.961  53.499 0.0000000000
4245  10.370  -99.376  51.833 0.0000000000
4258  27.012  -99.746  51.253 0.0000000000
4265  6.873  -99.762  50.624 0.0000000000
4268  2.155  -99.351  51.670 0.0000000000
4269  1.360  -100.129  51.965 0.0000000000
4282  7.415  -99.777  49.546 0.0000000000
4285  1.190  -100.788  51.269 0.0000000000
4305  3.003  -99.711  48.739 0.0000000000
4306  2.553  -99.305  48.238 0.0000000000
4473  11.541  -99.533  31.834 0.0000000000
4517  13.414  -98.969  28.234 0.0000000000
4518  12.767  -99.391  28.648 0.0000000000
4519  12.102  -99.913  29.005 0.0000000000
4565  13.754  -99.532  24.488 0.0000000000
4566  8.334  -99.193  24.508 0.0000000000
4574  13.873  -99.777  23.717 0.0000000000
4575  8.226  -100.034  24.288 0.0000000000
4593  14.474  -99.109  21.244 0.0000000000
4594  9.083  -99.794  21.840 0.0000000000
4605  14.112  -99.277  20.612 0.0000000000
4606  13.687  -99.823  20.403 0.0000000000
4607  13.640  -99.318  20.028 0.0000000000
4609  9.584  -99.162  20.020 0.0000000000
4615  5.268  -100.536  18.926 0.0000000000
4700  23.582  -98.068  63.765 0.0000000000
4701  21.422  -98.066  64.158 0.0000000000
4714  23.381  -98.212  62.446 0.0000000000
4726  22.946  -97.918  61.081 0.0000000000
4727  23.193  -98.258  61.732 0.0000000000
4742  22.166  -98.605  59.742 0.0000000000
4755  22.280  -97.871  59.644 0.0000000000
4756  22.020  -98.239  59.097 0.0000000000
4772  22.037  -97.957  59.046 0.0000000000
4773  21.570  -98.177  58.540 0.0000000000
4783  0.204  -98.583  59.153 0.0000000000
4788  21.045  -97.973  58.034 0.0000000000
4789  20.437  -98.294  57.435 0.0000000000
4790  19.911  -98.461  56.850 0.0000000000
4816  2.243  -98.309  55.497 0.0000000000
4838  2.518  -98.041  52.954 0.0000000000
4839  2.180  -98.683  53.643 0.0000000000
4853  2.281  -98.851  52.134 0.0000000000
4887  2.068  -98.159  49.303 0.0000000000
4911  1.476  -98.856  47.632 0.0000000000
4912  0.664  -98.235  47.317 0.0000000000
5070  12.353  -98.407  31.845 0.0000000000
5071  12.040  -98.996  32.415 0.0000000000
5119  13.471  -98.191  28.398 0.0000000000
5153  8.142  -97.872  25.032 0.0000000000
5168  8.032  -98.682  24.807 0.0000000000
5169  7.569  -98.718  24.585 0.0000000000
5192  14.764  -98.550  22.107 0.0000000000
5194  8.978  -99.232  23.583 0.0000000000
5195  6.698  -98.534  22.885 0.0000000000
5204  14.992  -98.642  21.114 0.0000000000
5205  14.628  -98.974  21.635 0.0000000000
5206  8.999  -98.790  21.428 0.0000000000
5210  15.096  -98.381  20.891 0.0000000000
5211  9.069  -98.578  20.546 0.0000000000
5216  14.460  -98.657  20.628 0.0000000000
5217  13.929  -98.596  20.160 0.0000000000
5219  11.294  -98.334  19.909 0.0000000000
5222  9.332  -98.478  20.079 0.0000000000
5223  5.747  -98.511  19.746 0.0000000000
5224  4.434  -98.665  19.732 0.0000000000
5294  22.476  -97.709  64.094 0.0000000000
5311  22.951  -97.550  62.644 0.0000000000
5312  22.289  -97.424  62.402 0.0000000000
5320  22.688  -97.618  61.307 0.0000000000
5335  22.019  -97.583  59.827 0.0000000000
5367  21.552  -97.836  58.696 0.0000000000
5369  19.985  -97.578  57.899 0.0000000000
5387  20.350  -97.854  57.579 0.0000000000
5425  2.445  -97.400  54.990 0.0000000000
5477  2.343  -97.312  50.524 0.0000000000
5794  7.845  -97.393  25.307 0.0000000000
5804  12.748  -96.747  25.071 0.0000000000
5805  8.653  -97.727  24.340 0.0000000000
5806  6.649  -97.362  24.745 0.0000000000
5818  13.651  -98.073  23.468 0.0000000000
5819  8.830  -97.733  23.500 0.0000000000
5820  5.968  -96.941  23.282 0.0000000000
5833  8.789  -97.720  22.473 0.0000000000
5844  16.391  -97.325  20.950 0.0000000000
5847  6.274  -97.853  21.050 0.0000000000
5852  15.700  -97.813  20.804 0.0000000000
5853  15.227  -97.619  20.561 0.0000000000
5854  9.165  -97.424  20.459 0.0000000000
5862  15.059  -98.139  20.656 0.0000000000
5866  11.388  -97.662  20.131 0.0000000000
5867  10.715  -97.867  20.044 0.0000000000
5868  9.525  -97.819  20.109 0.0000000000
5869  5.814  -97.858  19.922 0.0000000000
5870  5.059  -97.987  19.802 0.0000000000
5872  3.274  -98.028  19.974 0.0000000000
6041  0.888  -96.878  56.374 0.0000000000
6042  0.063  -96.299  56.483 0.0000000000
6061  2.065  -96.701  55.180 0.0000000000
6078  2.508  -96.646  54.478 0.0000000000
6103  2.984  -96.286  52.648 0.0000000000
6131  2.047  -96.618  50.166 0.0000000000
6136  1.510  -96.609  49.456 0.0000000000
6140  0.701  -95.938  48.436 0.0000000000
6148  0.658  -96.723  48.010 0.0000000000
6401  8.176  -95.329  26.187 0.0000000000
6403  6.997  -95.934  26.392 0.0000000000
6414  12.609  -96.246  25.628 0.0000000000
6415  8.211  -96.007  25.803 0.0000000000
6418  5.968  -96.361  25.490 0.0000000000
6428  12.821  -95.953  24.952 0.0000000000
6436  15.582  -96.506  22.868 0.0000000000
6437  14.749  -96.714  23.190 0.0000000000
6439  6.068  -96.889  24.261 0.0000000000
6450  17.285  -96.335  21.396 0.0000000000
6451  17.048  -96.727  21.480 0.0000000000
6466  16.977  -96.862  21.077 0.0000000000
6467  8.565  -97.001  21.684 0.0000000000
6475  16.646  -96.737  20.856 0.0000000000
6477  14.432  -97.356  20.406 0.0000000000
6478  13.062  -96.404  20.634 0.0000000000
6480  10.583  -96.774  20.793 0.0000000000
6481  9.884  -96.417  21.004 0.0000000000
6485  4.665  -96.601  20.511 0.0000000000
6489  13.483  -97.118  20.357 0.0000000000
6490  12.521  -96.982  20.426 0.0000000000
6492  9.822  -97.193  20.527 0.0000000000
6697  1.477  -96.082  55.028 0.0000000000
6698  0.355  -95.450  55.408 0.0000000000
6712  2.373  -95.893  54.080 0.0000000000
6714  0.937  -95.440  54.870 0.0000000000
6731  2.602  -95.633  53.220 0.0000000000
6733  1.183  -94.691  53.293 0.0000000000
6750  1.920  -94.737  51.874 0.0000000000
6751  1.358  -94.478  52.515 0.0000000000
6764  2.341  -95.296  51.160 0.0000000000
6787  0.736  -95.234  48.966 0.0000000000
6793  0.284  -95.075  47.664 0.0000000000
6796  0.076  -94.939  47.025 0.0000000000
6801  -0.283  -95.480  45.638 0.0000000000
7022  7.311  -94.417  26.959 0.0000000000
7023  6.611  -94.590  27.161 0.0000000000
7024  5.764  -94.728  27.207 0.0000000000
7025  4.853  -94.686  27.229 0.0000000000
7042  8.175  -94.733  26.146 0.0000000000
7043  7.868  -94.938  26.611 0.0000000000
7046  3.671  -94.797  26.273 0.0000000000
7058  5.154  -95.864  25.436 0.0000000000
7067  14.115  -95.432  23.997 0.0000000000
7068  13.349  -95.717  24.377 0.0000000000
7070  8.170  -95.331  24.608 0.0000000000
7071  4.804  -95.753  24.265 0.0000000000
7080  17.710  -95.755  22.424 0.0000000000
7084  7.585  -94.891  23.548 0.0000000000
7086  4.554  -95.438  23.217 0.0000000000
7100  17.734  -95.947  21.806 0.0000000000
7102  16.387  -96.311  22.627 0.0000000000
7114  18.177  -95.356  21.830 0.0000000000
7117  16.358  -95.451  21.021 0.0000000000
7118  10.017  -95.679  21.391 0.0000000000
7119  9.319  -95.332  21.512 0.0000000000
7120  8.596  -95.691  21.512 0.0000000000
7121  4.874  -95.746  21.808 0.0000000000
7122  4.253  -95.491  21.533 0.0000000000
7125  16.749  -96.152  20.896 0.0000000000
7129  12.598  -95.713  20.929 0.0000000000
7130  11.642  -95.879  21.240 0.0000000000
7132  8.679  -96.435  21.278 0.0000000000
7354  0.381  -93.706  52.433 0.0000000000
7369  0.870  -93.934  50.861 0.0000000000
7384  0.481  -93.480  51.222 0.0000000000
7416  0.522  -94.474  48.957 0.0000000000
7426  0.225  -94.301  46.854 0.0000000000
7443  -0.181  -94.945  44.286 0.0000000000
7686  6.027  -94.231  27.358 0.0000000000
7688  3.466  -93.940  27.600 0.0000000000
7689  2.712  -93.575  27.389 0.0000000000
7698  7.812  -94.354  26.612 0.0000000000
7699  3.954  -94.514  27.142 0.0000000000
7710  12.531  -94.220  26.153 0.0000000000
7712  7.870  -94.067  26.065 0.0000000000
7723  15.522  -94.295  24.168 0.0000000000
7724  14.340  -94.559  24.387 0.0000000000
7725  13.556  -94.519  24.807 0.0000000000
7741  7.220  -94.359  23.611 0.0000000000
7759  7.679  -94.724  22.387 0.0000000000
7760  7.421  -94.473  23.029 0.0000000000
7767  17.750  -95.221  21.540 0.0000000000
7768  16.954  -94.885  21.357 0.0000000000
7772  11.695  -94.598  21.863 0.0000000000
7774  8.652  -94.942  21.651 0.0000000000
7775  7.880  -95.360  21.993 0.0000000000
7776  15.255  -95.210  20.990 0.0000000000
7777  14.126  -95.004  20.970 0.0000000000
7778  13.085  -94.930  21.023 0.0000000000
7973  -0.338  -93.389  55.205 0.0000000000
7979  -0.271  -93.270  53.925 0.0000000000
7982  -0.169  -93.407  53.250 0.0000000000
7988  -0.013  -93.433  52.504 0.0000000000
7996  0.270  -93.373  51.833 0.0000000000
8048  0.389  -93.655  47.513 0.0000000000
8058  1.076  -93.421  46.120 0.0000000000
8059  0.575  -93.471  46.756 0.0000000000
8084  1.233  -93.400  44.617 0.0000000000
8103  0.888  -93.145  43.922 0.0000000000
8105  -0.084  -93.677  42.768 0.0000000000
8315  2.856  -92.486  28.245 0.0000000000
8334  5.638  -93.851  27.444 0.0000000000
8348  6.307  -93.572  26.979 0.0000000000
8350  2.118  -92.882  26.831 0.0000000000
8363  7.318  -94.091  25.027 0.0000000000
8364  6.549  -93.389  26.092 0.0000000000
8382  14.787  -93.774  24.694 0.0000000000
8385  5.816  -93.164  25.244 0.0000000000
8399  6.536  -93.426  24.116 0.0000000000
8419  11.803  -93.347  22.475 0.0000000000
8420  10.831  -93.441  22.663 0.0000000000
8423  7.494  -93.899  23.107 0.0000000000
8426  16.632  -93.930  21.617 0.0000000000
8428  14.157  -93.724  21.718 0.0000000000
8429  12.142  -93.851  21.986 0.0000000000
8673  -0.407  -92.395  55.419 0.0000000000
8680  -0.397  -92.608  54.450 0.0000000000
8710  -0.010  -92.339  50.459 0.0000000000
8717  0.128  -92.394  49.644 0.0000000000
8753  2.017  -91.839  47.176 0.0000000000
8754  0.399  -93.033  48.150 0.0000000000
8765  0.852  -93.034  47.062 0.0000000000
8788  0.902  -92.450  44.029 0.0000000000
9035  2.476  -91.931  28.232 0.0000000000
9050  3.841  -92.433  27.699 0.0000000000
9060  4.925  -92.899  26.551 0.0000000000
9061  4.373  -92.319  27.003 0.0000000000
9080  4.933  -92.069  26.186 0.0000000000
9106  11.086  -92.069  23.404 0.0000000000
9107  9.728  -92.098  23.211 0.0000000000
9108  8.775  -92.500  23.227 0.0000000000
9128  13.117  -92.634  22.453 0.0000000000
9129  12.321  -92.730  22.796 0.0000000000
9132  8.844  -93.392  22.781 0.0000000000
9133  8.066  -93.343  23.131 0.0000000000
9134  7.406  -93.407  23.400 0.0000000000
9136  15.159  -92.921  21.953 0.0000000000
9137  14.334  -93.018  21.915 0.0000000000
9402  3.989  -91.486  52.797 0.0000000000
9403  3.274  -91.514  52.805 0.0000000000
9412  3.788  -91.425  52.178 0.0000000000
9414  -0.290  -91.050  51.980 0.0000000000
9421  4.306  -91.107  52.040 0.0000000000
9422  -0.277  -91.407  51.291 0.0000000000
9439  0.166  -91.784  49.506 0.0000000000
9473  1.231  -91.762  48.088 0.0000000000
9491  3.228  -90.608  46.985 0.0000000000
9505  2.992  -90.761  45.949 0.0000000000
9782  3.437  -91.620  28.160 0.0000000000
9783  3.158  -90.792  28.546 0.0000000000
9784  2.433  -91.015  28.419 0.0000000000
9814  1.625  -91.025  27.512 0.0000000000
9815  1.216  -91.091  26.717 0.0000000000
9830  5.422  -91.650  25.430 0.0000000000
9831  4.930  -91.261  25.958 0.0000000000
9832  1.458  -91.474  26.583 0.0000000000
9841  6.767  -91.450  24.141 0.0000000000
9843  5.947  -91.548  24.876 0.0000000000
9853  13.199  -91.477  23.254 0.0000000000
9855  11.499  -91.404  23.598 0.0000000000
9856  10.745  -91.393  23.541 0.0000000000
9876  14.401  -91.556  22.759 0.0000000000
10167  4.113  -90.823  53.888 0.0000000000
10171  0.267  -90.478  54.425 0.0000000000
10180  4.554  -91.122  53.069 0.0000000000
10182  2.669  -91.189  53.463 0.0000000000
10184  0.623  -90.470  53.028 0.0000000000
10185  -0.040  -90.685  52.701 0.0000000000
10193  4.734  -90.701  52.507 0.0000000000
10196  0.496  -90.429  52.112 0.0000000000
10209  1.317  -90.351  51.438 0.0000000000
10219  2.406  -90.128  50.227 0.0000000000
10221  0.110  -90.637  50.648 0.0000000000
10222  -0.132  -91.143  50.684 0.0000000000
10228  3.162  -90.012  48.979 0.0000000000
10229  2.452  -90.254  49.426 0.0000000000
10231  0.542  -90.745  50.013 0.0000000000
10246  2.601  -90.519  48.567 0.0000000000
10262  3.110  -90.563  47.652 0.0000000000
10284  2.837  -90.276  45.930 0.0000000000
10297  -0.521  -90.505  45.418 0.0000000000
10306  1.718  -91.233  44.884 0.0000000000
10307  0.791  -91.232  44.753 0.0000000000
10463  0.269  -90.550  36.282 0.0000000000
10573  3.464  -89.812  28.431 0.0000000000
10575  1.269  -90.241  27.736 0.0000000000
10576  0.966  -90.258  27.625 0.0000000000
10594  5.154  -89.960  26.762 0.0000000000
10598  0.629  -90.729  27.116 0.0000000000
10610  6.146  -90.317  25.545 0.0000000000
10612  4.856  -90.726  26.372 0.0000000000
10621  10.929  -90.050  23.647 0.0000000000
10622  10.020  -89.946  23.703 0.0000000000
10623  9.130  -89.954  23.958 0.0000000000
10626  6.376  -90.929  24.759 0.0000000000
10641  13.195  -90.764  23.537 0.0000000000
10642  12.446  -90.296  23.710 0.0000000000
10646  8.650  -90.826  23.781 0.0000000000
10655  17.375  -90.402  22.666 0.0000000000
10657  15.679  -90.760  22.675 0.0000000000
10658  14.695  -90.774  22.928 0.0000000000
10970  5.501  -89.802  54.060 0.0000000000
10972  3.558  -90.236  54.613 0.0000000000
10976  0.177  -90.099  55.284 0.0000000000
10996  5.485  -89.844  52.820 0.0000000000
11007  4.332  -90.608  51.926 0.0000000000
11008  3.822  -90.203  51.445 0.0000000000
11017  4.203  -88.647  49.544 0.0000000000
11023  4.119  -88.939  48.927 0.0000000000
11078  1.688  -89.537  46.359 0.0000000000
11093  2.114  -90.090  45.753 0.0000000000
11218  1.846  -89.319  36.927 0.0000000000
11219  0.481  -89.958  37.314 0.0000000000
11229  0.985  -89.955  36.724 0.0000000000
11235  1.448  -89.453  36.388 0.0000000000
11263  0.115  -89.456  33.735 0.0000000000
11278  6.416  -89.158  31.987 0.0000000000
11294  8.706  -89.116  31.140 0.0000000000
11295  7.195  -89.192  31.512 0.0000000000
11297  5.520  -89.378  30.830 0.0000000000
11298  4.749  -89.177  31.167 0.0000000000
11312  9.838  -89.265  29.845 0.0000000000
11313  8.983  -89.549  30.110 0.0000000000
11315  7.043  -89.559  30.549 0.0000000000
11316  6.080  -89.427  30.237 0.0000000000
11318  0.239  -89.133  30.125 0.0000000000
11339  7.012  -89.508  28.912 0.0000000000
11342  0.179  -89.407  29.478 0.0000000000
11357  9.427  -89.271  28.413 0.0000000000
11359  7.603  -89.478  28.175 0.0000000000
11360  6.440  -89.254  28.186 0.0000000000
11361  3.403  -89.002  28.812 0.0000000000
11363  1.952  -88.939  29.083 0.0000000000
11378  9.155  -89.113  27.685 0.0000000000
11379  8.215  -89.281  27.484 0.0000000000
11381  1.735  -89.877  28.367 0.0000000000
11382  0.848  -89.847  28.211 0.0000000000
11383  0.480  -90.003  28.234 0.0000000000
11394  6.360  -89.340  26.875 0.0000000000
11404  7.208  -89.362  25.784 0.0000000000
11406  5.880  -89.771  26.301 0.0000000000
11414  12.420  -89.363  23.711 0.0000000000
11415  11.671  -88.888  23.745 0.0000000000
11419  7.532  -89.654  25.006 0.0000000000
11433  14.984  -89.410  23.283 0.0000000000
11440  20.301  -89.903  22.867 0.0000000000
11444  15.980  -90.097  22.749 0.0000000000
11774  3.516  -88.858  55.746 0.0000000000
11803  7.373  -88.151  53.609 0.0000000000
11804  6.672  -88.482  53.199 0.0000000000
11813  6.093  -88.962  52.868 0.0000000000
11835  4.149  -88.211  49.822 0.0000000000
11840  0.224  -87.588  49.206 0.0000000000
11846  3.683  -88.608  48.271 0.0000000000
11868  3.205  -88.740  47.376 0.0000000000
11869  2.533  -88.384  47.523 0.0000000000
11872  -0.527  -88.548  47.519 0.0000000000
12019  2.276  -88.475  37.735 0.0000000000
12020  1.444  -88.493  37.828 0.0000000000
12026  1.778  -89.147  37.404 0.0000000000
12029  -1.016  -89.251  38.039 0.0000000000
12031  3.035  -87.770  37.288 0.0000000000
12032  2.514  -88.484  36.982 0.0000000000
12040  1.273  -88.957  35.804 0.0000000000
12041  0.505  -89.078  35.286 0.0000000000
12054  7.518  -87.909  34.146 0.0000000000
12056  5.889  -87.820  34.096 0.0000000000
12057  0.082  -88.633  34.007 0.0000000000
12070  7.098  -88.165  33.483 0.0000000000
12071  6.261  -88.273  33.445 0.0000000000
12074  3.654  -88.267  33.010 0.0000000000
12076  0.238  -89.044  33.017 0.0000000000
12089  11.178  -88.163  31.787 0.0000000000
12093  6.722  -88.577  32.801 0.0000000000
12095  4.678  -89.087  32.174 0.0000000000
12097  0.228  -88.171  32.991 0.0000000000
12108  8.032  -88.826  31.793 0.0000000000
12110  3.559  -88.221  31.120 0.0000000000
12111  0.321  -87.979  32.269 0.0000000000
12124  10.439  -88.814  30.413 0.0000000000
12125  5.044  -88.637  29.433 0.0000000000
12127  3.655  -87.800  30.179 0.0000000000
12142  11.046  -88.302  29.792 0.0000000000
12143  10.555  -88.522  28.882 0.0000000000
12144  9.972  -89.136  28.982 0.0000000000
12148  0.466  -88.754  29.580 0.0000000000
12167  5.754  -89.095  28.207 0.0000000000
12168  4.924  -88.670  28.589 0.0000000000
12171  2.650  -88.273  29.455 0.0000000000
12172  0.935  -88.744  29.299 0.0000000000
12173  0.596  -88.921  29.257 0.0000000000
12187  10.448  -88.224  27.141 0.0000000000
12188  9.761  -88.589  27.317 0.0000000000
12191  5.413  -89.061  28.114 0.0000000000
12192  4.915  -88.911  28.166 0.0000000000
12203  7.695  -89.114  26.728 0.0000000000
12205  5.691  -89.255  27.667 0.0000000000
12213  11.567  -87.484  24.675 0.0000000000
12214  10.808  -87.827  24.711 0.0000000000
12216  8.254  -88.738  26.121 0.0000000000
12218  6.965  -89.229  26.419 0.0000000000
12226  13.874  -88.201  23.845 0.0000000000
12228  11.564  -88.041  24.116 0.0000000000
12229  10.139  -88.474  24.446 0.0000000000
12230  9.286  -88.503  24.835 0.0000000000
12231  8.527  -88.716  25.231 0.0000000000
12243  16.589  -88.279  23.127 0.0000000000
12244  15.924  -88.234  23.387 0.0000000000
12245  14.742  -88.655  23.579 0.0000000000
12644  5.726  -87.951  52.879 0.0000000000
12645  4.721  -87.817  53.255 0.0000000000
12648  1.398  -87.433  53.194 0.0000000000
12664  5.827  -88.618  52.738 0.0000000000
12668  0.740  -87.325  52.555 0.0000000000
12669  0.184  -87.046  52.321 0.0000000000
12693  3.777  -88.004  50.530 0.0000000000
12694  2.722  -87.612  50.863 0.0000000000
12697  -0.024  -87.006  50.971 0.0000000000
12701  3.492  -87.867  48.797 0.0000000000
12704  0.145  -87.501  49.022 0.0000000000
12713  2.519  -87.628  48.822 0.0000000000
12884  4.361  -86.968  38.381 0.0000000000
12885  3.670  -87.107  38.421 0.0000000000
12897  6.901  -87.057  37.313 0.0000000000
12898  6.085  -87.029  38.083 0.0000000000
12901  0.190  -87.862  37.749 0.0000000000
12916  4.521  -86.811  36.576 0.0000000000
12918  2.818  -87.226  36.640 0.0000000000
12935  9.327  -87.193  35.417 0.0000000000
12937  5.028  -87.055  35.669 0.0000000000
12938  4.156  -86.704  35.629 0.0000000000
12939  3.287  -86.400  35.556 0.0000000000
12940  2.064  -86.859  36.088 0.0000000000
12941  1.550  -87.678  35.885 0.0000000000
12943  0.135  -87.837  34.431 0.0000000000
12958  11.262  -87.209  34.353 0.0000000000
12960  9.649  -87.506  34.711 0.0000000000
12961  8.814  -87.654  34.812 0.0000000000
12962  7.959  -87.724  34.846 0.0000000000
12966  2.380  -86.404  34.372 0.0000000000
12967  0.469  -87.049  34.630 0.0000000000
12977  11.974  -87.401  33.355 0.0000000000
12979  10.665  -87.645  33.813 0.0000000000
12980  9.895  -87.741  33.976 0.0000000000
12995  11.458  -87.789  32.723 0.0000000000
12996  10.835  -87.855  33.146 0.0000000000
12997  2.806  -88.034  31.998 0.0000000000
12998  2.024  -87.207  32.574 0.0000000000
12999  0.337  -87.590  33.004 0.0000000000
13011  12.492  -87.340  32.034 0.0000000000
13027  11.609  -87.755  30.462 0.0000000000
13028  3.851  -87.919  29.855 0.0000000000
13029  3.208  -87.507  30.184 0.0000000000
13030  2.897  -87.461  30.049 0.0000000000
13032  0.601  -87.803  30.798 0.0000000000
13044  12.168  -87.143  30.198 0.0000000000
13047  4.105  -88.128  29.461 0.0000000000
13048  3.480  -87.899  29.643 0.0000000000
13049  2.407  -87.521  29.742 0.0000000000
13050  1.945  -87.765  29.807 0.0000000000
13051  1.073  -87.914  30.052 0.0000000000
13052  0.710  -88.126  30.080 0.0000000000
13062  11.619  -87.132  28.137 0.0000000000
13064  4.080  -88.310  29.081 0.0000000000
13065  3.555  -88.111  29.477 0.0000000000
13067  1.754  -88.385  29.413 0.0000000000
13068  1.269  -88.150  29.696 0.0000000000
13075  11.423  -87.282  27.481 0.0000000000
13076  10.983  -87.831  27.317 0.0000000000
13085  11.829  -86.988  25.714 0.0000000000
13087  10.714  -87.979  26.460 0.0000000000
13088  9.992  -88.243  26.004 0.0000000000
13098  12.788  -86.902  24.839 0.0000000000
13099  11.973  -86.998  24.951 0.0000000000
13109  15.873  -87.123  24.195 0.0000000000
13111  14.181  -87.294  24.250 0.0000000000
13112  13.294  -87.419  24.303 0.0000000000
13125  17.996  -87.374  23.192 0.0000000000
13128  15.544  -87.661  23.760 0.0000000000
13439  7.245  -86.156  55.112 0.0000000000
13454  6.409  -86.877  54.092 0.0000000000
13457  3.281  -85.834  54.789 0.0000000000
13476  0.243  -86.064  52.964 0.0000000000
13495  0.152  -86.272  52.367 0.0000000000
13508  0.105  -86.765  52.108 0.0000000000
13544  -0.253  -86.837  47.578 0.0000000000
13677  5.629  -85.986  40.033 0.0000000000
13678  4.974  -85.946  40.079 0.0000000000
13689  6.372  -85.846  39.808 0.0000000000
13690  4.384  -86.171  39.767 0.0000000000
13691  3.323  -86.906  38.761 0.0000000000
13693  -1.274  -86.920  39.099 0.0000000000
13698  8.154  -85.529  38.529 0.0000000000
13699  7.500  -85.915  38.827 0.0000000000
13700  6.591  -86.427  39.123 0.0000000000
13702  2.392  -87.047  38.466 0.0000000000
13704  0.501  -86.741  37.648 0.0000000000
13708  9.180  -85.595  37.385 0.0000000000
13720  3.220  -86.577  36.273 0.0000000000
13734  10.538  -86.307  35.603 0.0000000000
13737  1.826  -86.292  35.316 0.0000000000
13738  1.095  -86.727  35.138 0.0000000000
13752  12.321  -85.900  34.396 0.0000000000
13753  11.721  -86.469  34.642 0.0000000000
13754  10.944  -86.722  34.991 0.0000000000
13755  2.480  -86.224  35.097 0.0000000000
13758  0.261  -87.033  34.021 0.0000000000
13773  13.206  -86.347  33.231 0.0000000000
13775  11.968  -87.111  34.029 0.0000000000
13776  1.294  -86.367  33.973 0.0000000000
13777  0.782  -86.802  33.514 0.0000000000
13778  0.381  -87.228  33.470 0.0000000000
13792  12.908  -86.973  32.616 0.0000000000
13795  0.920  -86.907  32.506 0.0000000000
13796  0.542  -87.363  32.417 0.0000000000
13809  13.386  -86.182  31.423 0.0000000000
13811  2.461  -87.238  30.576 0.0000000000
13812  1.831  -86.998  31.508 0.0000000000
13813  1.569  -86.895  31.356 0.0000000000
13815  0.782  -87.126  31.879 0.0000000000
13829  12.767  -86.658  30.796 0.0000000000
13831  1.816  -87.130  30.688 0.0000000000
13832  1.300  -87.105  30.922 0.0000000000
13833  0.858  -87.252  31.190 0.0000000000
13842  14.380  -85.760  29.306 0.0000000000
13843  13.451  -86.173  29.431 0.0000000000
13845  12.131  -86.967  29.349 0.0000000000
13846  1.963  -87.397  30.210 0.0000000000
13847  1.434  -87.408  30.388 0.0000000000
13858  15.310  -85.983  27.757 0.0000000000
13860  13.994  -86.163  28.609 0.0000000000
13861  13.130  -86.498  28.454 0.0000000000
13862  12.199  -86.829  28.502 0.0000000000
13869  17.662  -85.732  27.298 0.0000000000
13871  16.028  -85.940  27.111 0.0000000000
13872  15.196  -86.099  26.779 0.0000000000
13874  13.232  -86.530  27.557 0.0000000000
13875  11.992  -86.932  27.651 0.0000000000
13883  21.668  -86.414  26.341 0.0000000000
13884  20.691  -86.357  26.467 0.0000000000
13885  19.694  -86.234  26.306 0.0000000000
13886  18.190  -85.917  26.699 0.0000000000
13889  15.868  -86.132  26.230 0.0000000000
13891  13.364  -86.507  26.582 0.0000000000
13893  11.765  -87.030  26.713 0.0000000000
13905  20.255  -86.433  25.551 0.0000000000
13906  19.372  -86.347  25.330 0.0000000000
13910  13.233  -86.580  25.557 0.0000000000
13920  22.614  -86.866  24.257 0.0000000000
13922  19.164  -86.465  24.490 0.0000000000
13923  18.332  -86.628  24.413 0.0000000000
13925  16.224  -86.787  24.888 0.0000000000
13927  14.552  -86.764  24.803 0.0000000000
13939  18.107  -86.892  23.734 0.0000000000
14271  7.518  -85.548  55.355 0.0000000000
14285  3.076  -85.296  54.668 0.0000000000
14286  1.605  -85.380  54.268 0.0000000000
14301  1.172  -85.910  54.030 0.0000000000
14302  0.688  -85.493  53.586 0.0000000000
14317  0.189  -85.554  52.778 0.0000000000
14361  -0.217  -85.762  47.442 0.0000000000
14374  -0.899  -85.213  46.825 0.0000000000
14494  5.282  -85.361  40.241 0.0000000000
14495  3.695  -84.944  39.857 0.0000000000
14506  6.648  -85.209  39.820 0.0000000000
14515  8.423  -84.750  38.362 0.0000000000
14517  1.954  -86.078  38.482 0.0000000000
14518  1.057  -85.812  37.671 0.0000000000
14519  -1.296  -85.789  38.359 0.0000000000
14523  9.594  -85.120  37.143 0.0000000000
14524  9.062  -84.926  37.717 0.0000000000
14525  0.492  -84.628  36.808 0.0000000000
14527  -0.637  -85.784  37.217 0.0000000000
14531  10.077  -85.329  36.459 0.0000000000
14540  10.642  -85.597  35.763 0.0000000000
14565  13.330  -85.637  33.605 0.0000000000
14575  13.657  -85.726  33.016 0.0000000000
14585  13.873  -85.652  32.164 0.0000000000
14594  15.674  -84.951  29.859 0.0000000000
14595  15.178  -84.804  30.622 0.0000000000
14602  17.155  -84.850  29.203 0.0000000000
14614  21.592  -85.278  27.696 0.0000000000
14615  20.856  -85.154  28.151 0.0000000000
14616  20.062  -85.066  28.491 0.0000000000
14617  18.191  -85.218  28.473 0.0000000000
14618  17.298  -85.259  28.487 0.0000000000
14628  19.603  -85.507  28.121 0.0000000000
14629  17.930  -85.507  27.954 0.0000000000
14631  16.375  -85.657  28.010 0.0000000000
15055  1.829  -84.180  53.928 0.0000000000
15056  1.226  -84.215  53.674 0.0000000000
15058  0.514  -84.318  53.095 0.0000000000
15098  0.191  -84.629  50.102 0.0000000000
15249  5.520  -84.834  40.062 0.0000000000
15250  4.924  -84.855  40.216 0.0000000000
15251  4.307  -84.678  39.982 0.0000000000
15259  6.274  -84.839  39.758 0.0000000000
15262  3.520  -84.231  39.535 0.0000000000
15264  2.029  -84.544  38.710 0.0000000000
15273  6.403  -84.445  39.200 0.0000000000
15276  1.202  -84.682  37.444 0.0000000000
15277  -1.054  -84.503  38.171 0.0000000000
15285  8.784  -84.298  37.730 0.0000000000
15287  5.333  -84.240  37.620 0.0000000000
15290  -1.067  -85.216  37.658 0.0000000000
15296  9.714  -84.485  36.641 0.0000000000
15297  9.081  -83.975  37.114 0.0000000000
15300  5.361  -84.292  36.581 0.0000000000
15301  0.876  -84.147  36.708 0.0000000000
15302  0.551  -84.044  36.671 0.0000000000
15303  0.278  -83.962  36.763 0.0000000000
15318  9.008  -83.910  35.133 0.0000000000
15319  6.600  -84.404  35.670 0.0000000000
15331  12.164  -85.206  34.276 0.0000000000
15332  10.982  -85.112  35.333 0.0000000000
15333  9.898  -84.245  34.812 0.0000000000
15334  8.187  -84.354  34.292 0.0000000000
15337  5.445  -84.366  34.705 0.0000000000
15338  5.115  -84.039  34.515 0.0000000000
15350  13.390  -84.832  33.626 0.0000000000
15352  11.865  -84.527  33.939 0.0000000000
15354  10.067  -84.414  33.907 0.0000000000
15356  7.410  -84.522  33.554 0.0000000000
15358  5.773  -84.200  33.940 0.0000000000
15370  14.040  -84.905  33.008 0.0000000000
15371  10.022  -84.408  33.090 0.0000000000
15372  9.345  -84.470  32.597 0.0000000000
15374  7.262  -84.070  32.154 0.0000000000
15375  6.371  -83.749  32.549 0.0000000000
15389  15.481  -84.232  31.322 0.0000000000
15391  7.448  -83.778  31.264 0.0000000000
15393  6.201  -83.464  31.860 0.0000000000
15402  16.625  -84.037  30.650 0.0000000000
15404  8.638  -83.609  29.806 0.0000000000
15406  7.602  -83.501  30.418 0.0000000000
15407  6.984  -83.552  30.919 0.0000000000
15408  6.471  -83.469  31.288 0.0000000000
15416  19.982  -83.859  29.124 0.0000000000
15418  18.495  -84.374  29.506 0.0000000000
15421  9.019  -83.673  28.772 0.0000000000
15422  8.545  -83.464  29.121 0.0000000000
15435  21.361  -84.610  28.020 0.0000000000
15437  19.793  -84.528  28.896 0.0000000000
15890  0.809  -83.597  53.226 0.0000000000
15913  4.593  -83.252  52.361 0.0000000000
15916  0.439  -83.544  52.619 0.0000000000
15959  -0.467  -83.252  49.517 0.0000000000
15991  -1.162  -83.510  45.760 0.0000000000
16086  3.747  -83.900  39.171 0.0000000000
16087  3.202  -83.337  39.098 0.0000000000
16088  2.856  -83.612  39.254 0.0000000000
16089  2.368  -83.887  39.024 0.0000000000
16090  -0.811  -83.184  39.029 0.0000000000
16100  3.978  -83.665  38.561 0.0000000000
16104  -0.763  -83.819  38.106 0.0000000000
16112  8.517  -83.912  37.511 0.0000000000
16113  7.816  -83.866  37.561 0.0000000000
16115  1.322  -83.751  36.976 0.0000000000
16117  -0.156  -83.747  37.106 0.0000000000
16126  9.131  -83.826  36.212 0.0000000000
16128  4.633  -83.738  35.788 0.0000000000
16139  8.498  -83.844  35.817 0.0000000000
16140  4.795  -83.762  34.941 0.0000000000
16152  5.121  -83.798  34.510 0.0000000000
16163  13.625  -83.366  33.256 0.0000000000
16164  13.045  -83.794  33.580 0.0000000000
16165  12.134  -83.818  33.398 0.0000000000
16168  5.491  -83.611  34.180 0.0000000000
16180  15.858  -82.615  32.235 0.0000000000
16181  15.191  -83.035  32.506 0.0000000000
16182  14.495  -82.661  32.845 0.0000000000
16184  11.293  -83.470  32.738 0.0000000000
16186  5.813  -83.386  33.283 0.0000000000
16193  17.103  -82.547  31.447 0.0000000000
16194  16.432  -83.015  31.702 0.0000000000
16195  15.729  -83.464  31.892 0.0000000000
16198  9.447  -83.843  31.458 0.0000000000
16199  5.969  -83.434  32.503 0.0000000000
16200  5.663  -82.970  32.286 0.0000000000
16206  18.590  -83.010  30.292 0.0000000000
16208  16.935  -83.389  31.070 0.0000000000
16211  7.775  -83.306  29.828 0.0000000000
16213  5.966  -83.175  31.270 0.0000000000
16218  20.234  -83.212  29.033 0.0000000000
16219  19.746  -83.160  29.373 0.0000000000
16220  18.853  -83.705  29.786 0.0000000000
16222  10.967  -83.443  29.207 0.0000000000
16223  10.368  -83.825  28.671 0.0000000000
16241  12.467  -83.866  27.934 0.0000000000
16243  10.239  -84.116  27.881 0.0000000000
16244  9.457  -83.930  27.862 0.0000000000
16258  10.190  -84.099  27.138 0.0000000000
16269  13.252  -83.166  26.853 0.0000000000
16741  0.842  -82.836  53.037 0.0000000000
16743  0.464  -82.968  52.606 0.0000000000
16758  5.530  -82.469  51.921 0.0000000000
16759  4.325  -82.548  51.688 0.0000000000
16763  0.540  -82.161  52.636 0.0000000000
16764  0.403  -82.269  52.338 0.0000000000
16784  3.279  -81.593  51.260 0.0000000000
16785  0.186  -82.203  51.743 0.0000000000
16798  -0.005  -82.225  50.825 0.0000000000
16807  -0.301  -82.522  49.795 0.0000000000
16830  -0.899  -82.283  47.979 0.0000000000
16865  -0.359  -82.442  45.178 0.0000000000
16970  3.830  -82.675  38.409 0.0000000000
16971  3.225  -82.426  38.743 0.0000000000
16972  2.505  -82.562  38.251 0.0000000000
16985  4.409  -82.844  37.482 0.0000000000
16986  2.171  -82.518  37.099 0.0000000000
16987  1.424  -83.028  36.478 0.0000000000
16988  0.731  -82.657  36.413 0.0000000000
16989  0.125  -82.933  36.990 0.0000000000
16999  6.583  -81.741  36.299 0.0000000000
17000  6.004  -81.557  37.080 0.0000000000
17001  1.753  -82.340  36.300 0.0000000000
17003  0.976  -83.108  36.235 0.0000000000
17019  5.079  -82.823  35.169 0.0000000000
17032  6.989  -82.071  33.720 0.0000000000
17034  5.569  -82.846  34.236 0.0000000000
17049  12.934  -82.748  33.148 0.0000000000
17050  5.894  -82.673  33.377 0.0000000000
17062  15.930  -81.936  32.311 0.0000000000
17063  14.186  -81.919  32.752 0.0000000000
17065  12.472  -82.245  32.466 0.0000000000
17066  11.388  -82.698  31.969 0.0000000000
17073  17.702  -82.059  31.221 0.0000000000
17076  10.521  -83.028  31.136 0.0000000000
17077  5.574  -82.784  31.677 0.0000000000
17078  5.430  -82.295  32.063 0.0000000000
17086  18.922  -82.298  30.101 0.0000000000
17088  13.223  -82.022  30.215 0.0000000000
17091  6.213  -82.549  30.658 0.0000000000
17092  5.715  -82.676  31.127 0.0000000000
17099  20.000  -82.707  29.045 0.0000000000
17100  19.469  -82.391  29.458 0.0000000000
17102  14.513  -82.564  28.960 0.0000000000
17104  12.614  -82.999  29.162 0.0000000000
17106  7.355  -82.785  29.734 0.0000000000
17118  19.902  -82.068  28.631 0.0000000000
17119  16.021  -82.752  27.657 0.0000000000
17123  9.190  -83.612  27.868 0.0000000000
17124  8.565  -83.256  28.528 0.0000000000
17125  7.935  -82.988  29.162 0.0000000000
17137  19.164  -82.285  26.633 0.0000000000
17139  17.423  -82.674  26.762 0.0000000000
17140  16.665  -82.800  27.162 0.0000000000
17142  12.348  -83.405  26.894 0.0000000000
17143  11.497  -83.280  26.777 0.0000000000
17144  10.654  -83.458  26.840 0.0000000000
17155  16.723  -82.986  26.486 0.0000000000
17677  1.441  -81.255  51.984 0.0000000000
17680  0.358  -81.584  51.908 0.0000000000
17745  -1.047  -81.987  46.965 0.0000000000
17765  -0.697  -81.288  46.671 0.0000000000
17882  2.864  -82.197  38.545 0.0000000000
17893  3.648  -81.862  38.443 0.0000000000
17912  0.470  -81.930  36.814 0.0000000000
17922  6.802  -81.167  36.834 0.0000000000
17938  8.265  -80.765  35.196 0.0000000000
17939  7.781  -81.103  35.684 0.0000000000
17940  7.232  -81.701  35.490 0.0000000000
17955  7.182  -82.011  34.534 0.0000000000
17965  8.014  -81.070  33.754 0.0000000000
17966  7.385  -81.420  33.484 0.0000000000
17968  5.853  -81.867  32.719 0.0000000000
17982  15.539  -81.478  32.225 0.0000000000
17984  13.798  -81.459  32.342 0.0000000000
17985  12.989  -81.668  32.127 0.0000000000
17986  5.404  -81.570  32.308 0.0000000000
17995  17.947  -81.487  30.768 0.0000000000
17996  17.052  -81.780  31.614 0.0000000000
17998  14.225  -81.094  31.718 0.0000000000
18000  5.265  -81.436  31.709 0.0000000000
18001  5.176  -81.699  32.001 0.0000000000
18008  18.542  -81.627  30.235 0.0000000000
18011  13.774  -81.344  31.018 0.0000000000
18012  12.934  -81.654  31.270 0.0000000000
18014  6.317  -81.769  30.701 0.0000000000
18022  19.283  -81.674  29.142 0.0000000000
18023  18.645  -81.399  29.576 0.0000000000
18025  16.715  -81.241  29.505 0.0000000000
18026  15.868  -81.551  29.474 0.0000000000
18029  8.199  -81.806  29.120 0.0000000000
18031  6.928  -82.439  30.179 0.0000000000
18043  19.326  -81.646  28.304 0.0000000000
18046  17.076  -81.655  28.700 0.0000000000
18051  8.286  -82.574  28.716 0.0000000000
18062  18.058  -81.948  27.624 0.0000000000
18063  17.295  -82.101  27.794 0.0000000000
18068  10.261  -82.400  27.204 0.0000000000
18614  0.586  -80.801  51.804 0.0000000000
18615  0.533  -81.029  51.853 0.0000000000
18634  1.938  -79.454  50.825 0.0000000000
18636  0.655  -80.266  51.386 0.0000000000
18650  0.105  -79.935  50.435 0.0000000000
18727  -0.013  -80.326  45.748 0.0000000000
18838  3.871  -81.262  38.046 0.0000000000
18839  0.284  -81.247  37.752 0.0000000000
18855  4.608  -80.879  37.689 0.0000000000
18869  7.438  -80.718  36.331 0.0000000000
18873  1.446  -80.389  35.603 0.0000000000
18913  7.522  -80.637  33.504 0.0000000000
18915  5.830  -80.970  32.925 0.0000000000
18926  15.275  -81.114  32.082 0.0000000000
18927  5.226  -80.829  32.484 0.0000000000
18939  16.882  -81.114  31.356 0.0000000000
18940  15.706  -81.023  31.790 0.0000000000
18941  15.049  -80.933  31.686 0.0000000000
18942  6.379  -79.861  31.175 0.0000000000
18953  17.321  -81.038  30.762 0.0000000000
18955  15.708  -80.792  31.069 0.0000000000
18957  7.470  -80.850  30.463 0.0000000000
18959  5.680  -81.111  31.251 0.0000000000
18965  17.096  -80.899  30.216 0.0000000000
18966  16.253  -80.930  30.278 0.0000000000
18968  9.398  -80.640  29.150 0.0000000000
18985  11.173  -80.480  28.015 0.0000000000
18986  10.463  -80.719  28.211 0.0000000000
19582  1.269  -78.917  50.935 0.0000000000
19584  0.634  -79.388  50.919 0.0000000000
19670  0.038  -79.370  45.535 0.0000000000
19823  7.660  -79.907  36.272 0.0000000000
19824  7.002  -79.348  36.427 0.0000000000
19825  5.911  -79.550  36.529 0.0000000000
19826  3.161  -79.848  35.734 0.0000000000
19827  2.404  -80.308  35.542 0.0000000000
19829  1.058  -80.054  36.134 0.0000000000
19846  8.561  -79.924  35.131 0.0000000000
19847  4.112  -78.772  35.790 0.0000000000
19848  3.203  -79.100  35.526 0.0000000000
19864  8.506  -79.981  34.439 0.0000000000
19874  8.288  -79.573  34.145 0.0000000000
19875  7.504  -79.599  33.687 0.0000000000
19878  5.242  -80.297  32.837 0.0000000000
19888  4.819  -79.566  32.899 0.0000000000
19889  5.033  -80.362  32.474 0.0000000000
19902  6.545  -79.156  31.268 0.0000000000
19903  5.071  -79.017  32.415 0.0000000000
19916  9.063  -79.381  30.561 0.0000000000
19917  8.325  -79.656  30.721 0.0000000000
19918  7.336  -79.971  30.899 0.0000000000
19927  10.426  -79.429  29.282 0.0000000000
19928  9.829  -79.266  29.983 0.0000000000
20559  2.541  -77.865  51.270 0.0000000000
20560  1.721  -78.053  50.848 0.0000000000
20562  0.707  -78.785  50.791 0.0000000000
20576  7.777  -78.767  49.774 0.0000000000
20578  0.419  -78.621  50.495 0.0000000000
20594  0.073  -78.202  49.840 0.0000000000
20673  2.578  -78.032  43.592 0.0000000000
20764  1.140  -78.236  37.031 0.0000000000
20775  8.372  -78.453  35.968 0.0000000000
20776  7.494  -78.521  36.347 0.0000000000
20799  2.771  -78.664  35.546 0.0000000000
20833  5.675  -78.528  33.431 0.0000000000
20844  4.794  -78.772  33.014 0.0000000000
20855  9.644  -78.371  31.063 0.0000000000
20859  5.764  -78.621  31.868 0.0000000000
21520  3.442  -76.978  51.794 0.0000000000
21533  6.984  -78.148  49.436 0.0000000000
21534  6.315  -77.344  50.247 0.0000000000
21535  1.073  -76.971  50.757 0.0000000000
21552  7.004  -78.136  48.465 0.0000000000
21553  0.230  -77.092  49.905 0.0000000000
21554  0.063  -77.471  49.389 0.0000000000
21570  5.605  -77.256  48.190 0.0000000000
21571  -0.206  -77.650  48.596 0.0000000000
21580  6.550  -77.214  47.526 0.0000000000
21581  5.961  -77.218  47.680 0.0000000000
21582  -0.137  -77.400  47.765 0.0000000000
21594  -0.136  -77.492  46.845 0.0000000000
21630  0.646  -77.638  44.739 0.0000000000
21644  2.785  -77.384  43.340 0.0000000000
21696  0.757  -77.295  40.516 0.0000000000
21739  0.903  -77.784  38.150 0.0000000000
21749  7.841  -76.905  36.484 0.0000000000
21753  3.140  -77.404  35.827 0.0000000000
21754  2.366  -78.422  35.879 0.0000000000
21755  1.888  -77.813  36.660 0.0000000000
21769  8.601  -77.072  35.664 0.0000000000
21771  3.219  -77.932  35.614 0.0000000000
21786  8.700  -77.225  35.168 0.0000000000
21801  13.095  -77.288  32.982 0.0000000000
21803  11.134  -77.299  33.034 0.0000000000
21805  7.084  -77.848  34.061 0.0000000000
21806  5.986  -77.729  33.492 0.0000000000
21807  5.240  -78.287  33.162 0.0000000000
21818  12.640  -77.531  32.502 0.0000000000
21819  11.566  -77.629  32.457 0.0000000000
21840  9.406  -77.914  31.736 0.0000000000
21841  7.713  -77.555  31.598 0.0000000000
21842  6.782  -77.671  31.662 0.0000000000
21843  5.870  -77.852  32.111 0.0000000000
21857  10.999  -78.079  29.861 0.0000000000
22482  5.121  -76.943  52.236 0.0000000000
22498  5.497  -76.810  51.673 0.0000000000
22499  4.788  -76.643  51.526 0.0000000000
22501  3.006  -76.610  51.291 0.0000000000
22521  4.457  -76.184  50.918 0.0000000000
22522  3.518  -76.104  50.848 0.0000000000
22525  0.695  -76.742  50.277 0.0000000000
22542  1.124  -76.178  49.833 0.0000000000
22560  8.047  -77.256  48.000 0.0000000000
22565  0.269  -76.615  48.463 0.0000000000
22583  5.971  -76.749  47.368 0.0000000000
22585  4.385  -76.217  47.849 0.0000000000
22601  13.875  -76.272  45.927 0.0000000000
22602  13.182  -76.378  46.158 0.0000000000
22604  11.152  -76.394  46.136 0.0000000000
22605  0.718  -76.426  46.269 0.0000000000
22606  0.221  -76.943  46.541 0.0000000000
22619  14.797  -75.958  44.869 0.0000000000
22623  11.569  -76.955  45.539 0.0000000000
22624  10.652  -76.846  45.497 0.0000000000
22625  9.888  -76.540  45.235 0.0000000000
22627  0.375  -76.926  45.834 0.0000000000
22642  9.557  -76.668  44.474 0.0000000000
22645  0.679  -76.901  45.213 0.0000000000
22657  11.143  -76.663  43.698 0.0000000000
22664  2.302  -76.644  43.638 0.0000000000
22665  1.886  -76.193  44.189 0.0000000000
22683  4.377  -76.082  42.881 0.0000000000
22684  3.919  -76.716  42.831 0.0000000000
22699  1.157  -75.985  41.009 0.0000000000
22731  0.755  -76.535  40.001 0.0000000000
22762  1.742  -76.888  37.251 0.0000000000
22770  8.458  -76.456  36.140 0.0000000000
22771  7.922  -75.913  36.686 0.0000000000
22774  3.339  -76.622  35.962 0.0000000000
22807  6.479  -76.355  33.782 0.0000000000
22819  13.613  -76.854  33.283 0.0000000000
22821  11.551  -76.769  33.353 0.0000000000
22822  10.607  -76.834  33.219 0.0000000000
22823  9.794  -76.826  32.840 0.0000000000
22824  5.901  -76.864  33.465 0.0000000000
23563  0.764  -76.063  49.054 0.0000000000
23569  7.755  -75.950  47.927 0.0000000000
23571  1.292  -75.888  48.305 0.0000000000
23578  6.131  -75.930  47.254 0.0000000000
23581  3.761  -75.827  47.388 0.0000000000
23590  16.834  -74.926  45.726 0.0000000000
23594  13.142  -76.002  46.576 0.0000000000
23595  11.769  -75.892  46.519 0.0000000000
23596  10.965  -75.353  46.193 0.0000000000
23597  4.828  -75.311  46.770 0.0000000000
23600  2.286  -75.321  46.528 0.0000000000
23602  0.832  -76.233  46.821 0.0000000000
23615  14.609  -75.969  45.698 0.0000000000
23619  1.632  -75.613  45.790 0.0000000000
23634  14.980  -75.798  43.905 0.0000000000
23635  9.184  -76.059  44.848 0.0000000000
23638  6.375  -74.899  43.835 0.0000000000
23639  2.700  -75.106  44.196 0.0000000000
23641  1.212  -76.327  45.216 0.0000000000
23657  5.940  -75.168  43.399 0.0000000000
23660  2.509  -75.734  43.869 0.0000000000
23672  5.826  -75.591  42.853 0.0000000000
23683  16.365  -74.917  40.766 0.0000000000
23687  1.376  -75.418  40.957 0.0000000000
23720  0.942  -75.342  40.099 0.0000000000
23734  1.111  -75.682  38.502 0.0000000000
23763  8.514  -75.444  35.891 0.0000000000
23764  7.865  -75.022  36.867 0.0000000000
23765  7.065  -75.339  37.049 0.0000000000
23780  8.310  -75.038  35.398 0.0000000000
23799  7.079  -75.666  34.062 0.0000000000
23833  9.280  -75.865  32.217 0.0000000000
23834  8.244  -75.191  32.027 0.0000000000
23835  7.393  -75.681  32.363 0.0000000000
24542  8.435  -74.743  48.049 0.0000000000
24550  6.470  -74.348  47.104 0.0000000000
24557  18.254  -74.333  45.734 0.0000000000
24558  17.433  -74.527  45.854 0.0000000000
24560  15.601  -73.822  46.868 0.0000000000
24567  9.038  -74.260  45.779 0.0000000000
24569  5.079  -74.367  46.378 0.0000000000
24570  4.303  -74.325  45.876 0.0000000000
24571  2.913  -74.865  45.875 0.0000000000
24582  8.311  -74.221  45.338 0.0000000000
24584  6.175  -73.835  45.640 0.0000000000
24586  3.237  -74.480  45.096 0.0000000000
24598  8.010  -74.730  44.706 0.0000000000
24601  5.209  -74.150  44.511 0.0000000000
24602  4.412  -74.091  44.597 0.0000000000
24604  2.630  -74.936  44.760 0.0000000000
24612  19.575  -74.544  43.459 0.0000000000
24614  5.598  -74.716  43.929 0.0000000000
24638  17.539  -74.233  40.999 0.0000000000
24654  20.203  -74.351  40.141 0.0000000000
24691  1.524  -73.954  39.203 0.0000000000
24706  6.512  -73.747  37.428 0.0000000000
24709  3.426  -74.322  37.250 0.0000000000
24711  1.856  -75.215  37.965 0.0000000000
24719  7.594  -74.096  36.660 0.0000000000
24749  7.683  -74.680  34.551 0.0000000000
24767  13.621  -74.605  33.383 0.0000000000
24769  7.729  -74.411  33.215 0.0000000000
24770  7.442  -74.903  33.616 0.0000000000
24784  11.623  -73.800  32.342 0.0000000000
25502  8.260  -74.495  47.581 0.0000000000
25508  9.884  -73.686  47.847 0.0000000000
25517  19.105  -73.863  45.969 0.0000000000
25519  17.130  -72.919  46.717 0.0000000000
25520  16.331  -73.310  46.833 0.0000000000
25522  14.254  -73.472  46.827 0.0000000000
25523  13.421  -73.600  46.784 0.0000000000
25524  12.577  -73.706  46.785 0.0000000000
25525  11.660  -73.885  46.708 0.0000000000
25526  10.610  -73.909  46.768 0.0000000000
25528  7.341  -73.976  46.599 0.0000000000
25529  6.410  -73.917  46.466 0.0000000000
25536  20.562  -73.864  45.571 0.0000000000
25540  5.429  -73.832  45.546 0.0000000000
25584  23.438  -72.664  41.074 0.0000000000
25599  3.209  -73.307  42.137 0.0000000000
25601  1.873  -73.618  41.634 0.0000000000
25634  10.733  -73.196  38.421 0.0000000000
25635  2.978  -72.978  38.204 0.0000000000
25636  2.252  -73.489  38.657 0.0000000000
25653  4.618  -73.030  37.788 0.0000000000
25663  7.045  -73.246  36.654 0.0000000000
25664  6.536  -72.408  36.452 0.0000000000
25719  13.636  -72.534  32.973 0.0000000000
25735  8.793  -73.176  32.215 0.0000000000
25750  9.665  -72.958  31.724 0.0000000000
25751  9.240  -73.487  31.903 0.0000000000
26473  10.731  -72.802  49.441 0.0000000000
26478  12.101  -72.070  48.399 0.0000000000
26505  14.591  -72.528  46.943 0.0000000000
26530  22.690  -72.553  44.656 0.0000000000
26576  22.879  -71.770  41.079 0.0000000000
26583  3.423  -72.513  42.459 0.0000000000
26584  2.800  -72.102  42.263 0.0000000000
26585  2.078  -72.748  41.936 0.0000000000
26599  10.994  -72.170  40.442 0.0000000000
26601  1.524  -73.322  40.797 0.0000000000
26616  11.350  -72.603  39.695 0.0000000000
26639  9.944  -72.991  37.890 0.0000000000
26640  4.045  -71.741  38.453 0.0000000000
26663  5.347  -71.570  37.684 0.0000000000
26664  4.625  -72.087  37.990 0.0000000000
26710  12.851  -72.084  34.508 0.0000000000
26733  7.605  -72.994  34.132 0.0000000000
26743  13.633  -71.711  33.017 0.0000000000
26746  11.339  -71.919  31.813 0.0000000000
26763  9.878  -72.278  31.627 0.0000000000
27464  11.913  -71.920  48.924 0.0000000000
27482  12.852  -71.801  48.218 0.0000000000
27494  22.645  -71.639  46.314 0.0000000000
27502  14.537  -71.573  47.146 0.0000000000
27528  12.997  -70.968  44.337 0.0000000000
27532  9.226  -70.469  44.052 0.0000000000
27549  9.429  -71.411  44.039 0.0000000000
27552  7.277  -71.114  43.270 0.0000000000
27562  25.128  -70.824  41.690 0.0000000000
27563  24.138  -70.173  41.698 0.0000000000
27568  5.240  -71.274  42.826 0.0000000000
27581  10.748  -70.448  41.736 0.0000000000
27582  3.893  -71.188  42.411 0.0000000000
27583  3.195  -71.337  41.961 0.0000000000
27611  13.395  -71.173  40.356 0.0000000000
27614  9.415  -71.269  39.864 0.0000000000
27658  5.625  -70.730  37.692 0.0000000000
27689  6.788  -70.925  35.682 0.0000000000
27710  12.544  -71.332  33.590 0.0000000000
27735  12.206  -70.919  32.907 0.0000000000
27739  7.938  -71.061  33.485 0.0000000000
27750  13.292  -71.324  32.956 0.0000000000
27751  12.663  -71.254  32.719 0.0000000000
27752  11.755  -71.256  32.356 0.0000000000
27753  10.694  -71.284  32.068 0.0000000000
27754  9.863  -70.956  32.231 0.0000000000
27755  9.098  -71.155  32.361 0.0000000000
27756  8.365  -71.591  32.816 0.0000000000
27770  10.103  -71.588  31.773 0.0000000000
28450  16.371  -70.033  47.541 0.0000000000
28451  15.572  -70.097  47.765 0.0000000000
28467  24.137  -70.159  45.805 0.0000000000
28469  22.210  -71.061  46.794 0.0000000000
28475  16.647  -70.486  46.976 0.0000000000
28487  28.151  -70.262  45.334 0.0000000000
28503  11.597  -70.044  44.389 0.0000000000
28505  9.870  -69.826  44.038 0.0000000000
28516  14.768  -70.382  43.940 0.0000000000
28519  7.573  -70.447  43.157 0.0000000000
28520  6.859  -70.712  43.020 0.0000000000
28534  12.722  -69.029  42.158 0.0000000000
28540  4.555  -70.850  42.389 0.0000000000
28556  10.356  -69.976  42.177 0.0000000000
28557  9.258  -70.108  41.626 0.0000000000
28558  6.243  -69.990  42.122 0.0000000000
28561  3.478  -70.847  41.130 0.0000000000
28579  4.153  -70.439  40.663 0.0000000000
28597  14.385  -69.571  40.415 0.0000000000
28601  8.047  -69.699  39.565 0.0000000000
28624  8.280  -70.079  38.889 0.0000000000
28641  8.316  -70.046  36.971 0.0000000000
28642  6.588  -69.860  37.237 0.0000000000
28643  6.041  -70.114  37.805 0.0000000000
28644  5.318  -70.560  38.330 0.0000000000
28678  9.246  -70.272  34.712 0.0000000000
28680  7.666  -69.819  35.306 0.0000000000
28694  8.750  -69.901  34.158 0.0000000000
28695  8.293  -69.865  34.306 0.0000000000
28697  7.316  -70.364  35.077 0.0000000000
29472  23.866  -69.879  46.566 0.0000000000
29509  27.130  -70.027  43.973 0.0000000000
29513  12.328  -69.375  44.085 0.0000000000
29515  10.464  -69.370  43.849 0.0000000000
29516  9.937  -69.617  43.688 0.0000000000
29531  13.333  -69.116  43.743 0.0000000000
29536  8.835  -70.015  43.080 0.0000000000
29537  7.972  -70.037  42.842 0.0000000000
29545  27.139  -68.894  42.485 0.0000000000
29553  11.435  -68.915  42.902 0.0000000000
29556  7.745  -69.765  42.100 0.0000000000
29570  16.414  -69.425  41.792 0.0000000000
29574  8.199  -69.774  41.614 0.0000000000
29591  16.542  -69.375  40.901 0.0000000000
29595  5.660  -69.667  40.650 0.0000000000
29636  12.115  -69.029  38.353 0.0000000000
29637  7.638  -69.542  38.610 0.0000000000
29638  7.241  -69.529  37.951 0.0000000000
29660  7.665  -69.471  37.076 0.0000000000
29661  7.467  -69.654  36.620 0.0000000000
29663  6.343  -69.747  37.930 0.0000000000
29680  7.073  -69.743  36.732 0.0000000000
29688  7.995  -69.514  35.332 0.0000000000
29689  7.812  -69.648  35.452 0.0000000000
30479  25.081  -68.471  45.503 0.0000000000
30493  28.706  -68.865  45.022 0.0000000000
30494  28.263  -68.811  45.388 0.0000000000
30530  10.032  -69.565  43.095 0.0000000000
30531  9.536  -69.930  42.945 0.0000000000
30532  8.991  -70.061  42.682 0.0000000000
30546  26.157  -67.501  42.078 0.0000000000
30548  9.248  -70.124  42.526 0.0000000000
30561  9.279  -70.129  42.077 0.0000000000
30586  18.359  -68.643  39.561 0.0000000000
30606  17.994  -68.322  38.828 0.0000000000
30608  14.116  -68.296  39.014 0.0000000000
30610  12.698  -69.064  38.734 0.0000000000
31568  27.798  -67.872  45.272 0.0000000000
31586  29.160  -67.726  44.684 0.0000000000
31588  25.305  -67.428  43.927 0.0000000000
31614  27.251  -66.621  41.893 0.0000000000
31622  27.079  -66.274  41.773 0.0000000000
32613  26.919  -65.765  41.823 0.0000000000
32682  9.846  -66.501  35.925 0.0000000000
32693  9.586  -66.314  35.078 0.0000000000
32704  9.893  -66.164  34.598 0.0000000000
32723  10.120  -65.907  34.353 0.0000000000
33641  28.270  -65.785  45.246 0.0000000000
33651  29.397  -65.557  44.286 0.0000000000
33663  30.010  -66.269  43.154 0.0000000000
33678  29.932  -65.141  42.935 0.0000000000
33679  27.195  -65.286  42.112 0.0000000000
33716  20.573  -64.332  38.640 0.0000000000
33742  24.122  -65.348  37.127 0.0000000000
33749  10.563  -65.862  36.138 0.0000000000
33773  10.513  -65.090  35.042 0.0000000000
33821  11.535  -64.446  32.244 0.0000000000
34664  27.640  -64.609  45.117 0.0000000000
34666  24.634  -64.489  45.326 0.0000000000
34678  28.655  -64.312  44.846 0.0000000000
34693  27.164  -64.687  43.429 0.0000000000
34707  27.102  -64.742  42.596 0.0000000000
34708  26.909  -64.593  42.797 0.0000000000
34734  20.600  -64.606  40.207 0.0000000000
34737  20.759  -64.285  39.724 0.0000000000
34739  19.404  -64.006  40.002 0.0000000000
34748  16.480  -63.988  38.176 0.0000000000
34775  21.146  -65.196  35.973 0.0000000000
34798  19.124  -64.076  35.602 0.0000000000
34828  10.873  -64.529  33.864 0.0000000000
35700  29.093  -63.686  44.258 0.0000000000
35748  28.475  -62.770  39.746 0.0000000000
35750  20.490  -63.624  39.263 0.0000000000
35761  25.327  -63.235  37.438 0.0000000000
35794  20.937  -63.569  34.764 0.0000000000
35807  19.084  -63.106  35.205 0.0000000000
35837  13.867  -62.790  32.743 0.0000000000
36652  26.572  -62.633  45.381 0.0000000000
36687  22.837  -62.864  44.919 0.0000000000
36764  19.821  -62.215  38.095 0.0000000000
36775  18.488  -61.963  37.855 0.0000000000
36784  19.024  -61.354  36.851 0.0000000000
36831  15.660  -62.390  33.008 0.0000000000
36850  10.627  -62.005  32.839 0.0000000000
37695  27.767  -61.825  45.218 0.0000000000
37729  24.885  -61.624  45.151 0.0000000000
37738  28.537  -61.135  43.771 0.0000000000
37797  27.779  -61.994  39.662 0.0000000000
37813  19.406  -61.549  36.928 0.0000000000
37834  18.622  -61.270  36.347 0.0000000000
38772  27.942  -60.043  44.170 0.0000000000
38793  28.489  -60.383  43.300 0.0000000000
38810  28.651  -60.645  42.752 0.0000000000
38812  28.285  -59.695  42.816 0.0000000000
38826  27.836  -59.876  41.472 0.0000000000
39835  24.388  -60.025  45.461 0.0000000000
39852  26.930  -60.073  45.209 0.0000000000
39901  26.435  -58.864  40.423 0.0000000000
40914  25.611  -59.076  45.182 0.0000000000
42985  22.792  -56.334  43.658 0.0000000000
137602  29.894  -101.312  48.537 0.0000000000
137700  30.051  -100.969  47.543 0.0000000000
137944  12.269  -83.928  27.176 0.0000000000
138050  11.913  -100.633  56.324 0.0000000000
138140  5.999  -87.182  37.110 0.0000000000
138295  -0.501  -78.617  47.552 0.0000000000
138314  0.953  -99.257  57.517 0.0000000000
138461  -0.497  -93.981  58.102 0.0000000000
138642  0.372  -93.723  49.280 0.0000000000
138692  10.957  -77.914  30.619 0.0000000000
138803  5.544  -107.337  29.377 0.0000000000
138816  11.520  -104.722  23.128 0.0000000000
138879  21.963  -109.385  34.848 0.0000000000
138880  12.294  -72.605  38.590 0.0000000000
139021  13.805  -100.096  25.038 0.0000000000
139067  9.164  -88.268  32.849 0.0000000000
139175  5.113  -87.036  38.247 0.0000000000
139209  8.883  -88.592  32.035 0.0000000000
139226  0.439  -80.090  51.005 0.0000000000
139258  21.136  -100.505  61.990 0.0000000000
139428  8.257  -96.970  25.288 0.0000000000
139509  7.135  -97.944  24.644 0.0000000000
139511  2.717  -97.499  52.391 0.0000000000
139580  15.026  -86.254  25.906 0.0000000000
139685  -0.026  -102.667  51.877 0.0000000000
140023  -1.179  -88.163  38.456 0.0000000000
140062  25.361  -104.079  53.071 0.0000000000
140069  27.378  -66.671  43.792 0.0000000000
140158  5.521  -84.413  35.599 0.0000000000
140210  10.983  -84.106  28.147 0.0000000000
140272  24.510  -107.902  39.811 0.0000000000
140283  4.801  -79.589  36.321 0.0000000000
140325  15.216  -68.916  41.963 0.0000000000
140340  13.013  -83.689  27.456 0.0000000000
140398  2.894  -96.900  52.234 0.0000000000
140577  17.503  -104.713  59.737 0.0000000000
140579  2.529  -90.368  51.145 0.0000000000
140624  9.045  -104.823  62.164 0.0000000000
140674  3.107  -75.813  50.111 0.0000000000
140873  3.077  -86.869  34.184 0.0000000000
140877  18.589  -89.790  22.780 0.0000000000
140903  1.698  -75.764  45.251 0.0000000000
141012  1.731  -86.525  33.598 0.0000000000
141031  20.541  -97.602  61.454 0.0000000000
141039  8.673  -78.846  35.327 0.0000000000
141066  9.824  -86.539  35.902 0.0000000000
141104  6.294  -89.314  27.477 0.0000000000
141199  13.518  -99.544  26.858 0.0000000000
141333  1.893  -87.087  54.026 0.0000000000
141344  7.889  -88.115  33.472 0.0000000000
141363  7.070  -101.466  48.778 0.0000000000
141414  0.074  -86.131  50.912 0.0000000000
141419  16.235  -88.884  23.062 0.0000000000
141607  0.998  -100.255  56.725 0.0000000000
141635  8.443  -96.158  25.143 0.0000000000
141661  12.515  -95.846  26.145 0.0000000000
141663  1.350  -74.814  38.857 0.0000000000
141691  -0.101  -95.633  56.011 0.0000000000
141835  -0.204  -96.266  57.229 0.0000000000
141943  0.360  -88.191  31.306 0.0000000000
142032  19.965  -111.066  36.899 0.0000000000
142042  8.794  -98.649  24.140 0.0000000000
142092  3.723  -86.767  34.826 0.0000000000
142189  4.302  -106.805  53.304 0.0000000000
142262  6.618  -103.389  49.345 0.0000000000
142411  18.410  -110.174  45.729 0.0000000000
142454  1.471  -86.780  32.056 0.0000000000
142470  19.651  -73.995  42.377 0.0000000000
142475  22.897  -98.311  61.030 0.0000000000
142595  0.193  -102.761  50.128 0.0000000000
142622  5.549  -87.430  34.887 0.0000000000
142681  8.006  -104.584  21.622 0.0000000000
142910  22.229  -85.388  27.289 0.0000000000
142965  1.833  -80.758  35.501 0.0000000000
143040  15.405  -69.279  42.773 0.0000000000
143066  30.477  -65.889  41.878 0.0000000000
143111  20.926  -110.133  47.407 0.0000000000
143128  22.400  -109.131  31.377 0.0000000000
143200  16.259  -80.931  31.429 0.0000000000
143235  25.629  -107.653  45.256 0.0000000000
143348  8.979  -84.303  31.936 0.0000000000
143459  13.816  -92.603  22.241 0.0000000000
143496  15.514  -74.725  46.680 0.0000000000
143699  9.949  -101.321  57.867 0.0000000000
143858  8.916  -103.559  61.550 0.0000000000
143880  25.987  -103.511  52.967 0.0000000000
143937  17.862  -86.199  25.865 0.0000000000
144023  18.286  -110.301  46.777 0.0000000000
144136  2.904  -79.329  50.945 0.0000000000
144211  9.328  -100.217  50.091 0.0000000000
144275  8.082  -101.015  55.044 0.0000000000
144294  18.152  -105.224  26.704 0.0000000000
144302  21.031  -85.733  27.675 0.0000000000
144411  3.144  -88.498  52.718 0.0000000000
144418  27.144  -67.379  41.874 0.0000000000
144425  14.088  -99.749  21.184 0.0000000000
144540  10.818  -100.108  55.697 0.0000000000
144546  5.597  -100.547  51.991 0.0000000000
144600  8.047  -101.889  58.704 0.0000000000
144614  12.635  -102.537  20.437 0.0000000000
144730  6.534  -89.481  29.605 0.0000000000
144732  0.615  -90.289  27.715 0.0000000000
144760  18.049  -106.748  27.725 0.0000000000
144779  4.167  -107.988  25.804 0.0000000000
144814  6.356  -95.329  26.834 0.0000000000
144815  1.259  -86.755  32.073 0.0000000000
144832  4.677  -83.981  36.839 0.0000000000
144945  14.947  -86.494  25.289 0.0000000000
145076  9.927  -65.725  34.856 0.0000000000
145124  1.421  -105.397  51.702 0.0000000000
145169  3.977  -99.159  19.678 0.0000000000
145180  6.725  -106.446  57.820 0.0000000000
145185  21.074  -106.871  44.052 0.0000000000
145207  13.146  -105.835  24.686 0.0000000000
145314  10.803  -76.958  44.403 0.0000000000
145343  10.806  -101.146  32.119 0.0000000000
145503  20.256  -108.778  41.504 0.0000000000
145636  9.389  -88.023  33.511 0.0000000000
145788  11.937  -76.455  43.792 0.0000000000
145807  2.632  -74.747  37.477 0.0000000000
145884  3.644  -86.290  39.414 0.0000000000
146064  9.452  -105.653  62.116 0.0000000000
146105  18.404  -89.175  22.830 0.0000000000
146106  9.215  -76.176  49.281 0.0000000000
146230  -0.653  -90.515  37.586 0.0000000000
146235  4.214  -88.462  30.596 0.0000000000
146292  27.413  -60.815  45.165 0.0000000000
146297  3.189  -93.870  24.691 0.0000000000
146300  13.758  -86.384  27.982 0.0000000000
146321  27.250  -62.134  45.510 0.0000000000
146336  17.589  -74.035  46.239 0.0000000000
146418  17.680  -86.569  25.073 0.0000000000
146459  15.283  -88.229  23.548 0.0000000000
146564  6.922  -84.319  32.936 0.0000000000
146637  0.579  -80.454  37.658 0.0000000000
146814  15.071  -71.093  47.130 0.0000000000
146877  5.953  -89.407  31.446 0.0000000000
146903  15.149  -105.181  54.789 0.0000000000
146911  9.231  -109.129  57.475 0.0000000000
147035  8.992  -98.601  22.498 0.0000000000
147036  6.440  -84.231  38.411 0.0000000000
147067  10.878  -94.691  22.043 0.0000000000
147091  23.133  -105.026  53.170 0.0000000000
147126  0.430  -89.729  46.586 0.0000000000
147152  25.171  -61.863  37.558 0.0000000000
147179  28.166  -106.812  40.853 0.0000000000
147239  3.960  -101.072  55.866 0.0000000000
147296  17.141  -107.443  55.596 0.0000000000
147302  -0.103  -78.086  45.642 0.0000000000
147310  8.222  -69.639  34.715 0.0000000000
147462  28.079  -63.200  45.300 0.0000000000
147550  25.193  -104.638  53.007 0.0000000000
147578  20.880  -86.601  24.873 0.0000000000
147603  24.525  -107.063  50.511 0.0000000000
147668  0.162  -90.607  53.613 0.0000000000
147683  20.673  -106.516  45.868 0.0000000000
147701  27.933  -101.889  46.362 0.0000000000
147782  6.973  -89.294  27.293 0.0000000000
147856  6.832  -102.334  22.694 0.0000000000
148016  11.023  -102.371  61.235 0.0000000000
148026  6.496  -100.957  19.740 0.0000000000
148052  10.154  -103.702  20.482 0.0000000000
148136  7.560  -87.460  35.552 0.0000000000
148202  -0.453  -78.707  46.601 0.0000000000
148211  9.390  -70.262  33.526 0.0000000000
148233  -0.172  -79.740  49.523 0.0000000000
148276  19.891  -110.612  38.366 0.0000000000
148298  12.394  -70.627  38.304 0.0000000000
148417  16.410  -99.732  57.794 0.0000000000
148554  9.733  -106.424  51.896 0.0000000000
148668  -0.393  -78.335  48.517 0.0000000000
148716  -0.492  -94.906  58.158 0.0000000000
148917  10.016  -91.385  23.447 0.0000000000
148999  6.345  -84.119  33.161 0.0000000000
149051  19.296  -107.868  43.789 0.0000000000
149193  3.637  -74.462  45.631 0.0000000000
149197  7.867  -95.558  23.570 0.0000000000
149356  15.473  -106.094  52.871 0.0000000000
149394  11.604  -87.906  31.244 0.0000000000
149422  10.102  -97.782  20.059 0.0000000000
149430  7.583  -83.130  29.698 0.0000000000
149447  26.029  -105.723  50.430 0.0000000000
149618  9.269  -88.556  26.567 0.0000000000
149624  18.022  -72.668  46.445 0.0000000000
149711  9.147  -74.195  47.588 0.0000000000
149768  11.856  -99.835  19.861 0.0000000000
149997  16.146  -68.094  38.412 0.0000000000
150103  10.691  -84.620  34.681 0.0000000000
150155  7.202  -87.252  36.341 0.0000000000
150243  6.434  -102.218  20.766 0.0000000000
150260  10.754  -77.792  32.191 0.0000000000
150339  1.072  -89.273  55.511 0.0000000000
150391  4.777  -76.767  42.404 0.0000000000
150417  18.132  -81.222  29.307 0.0000000000
150444  12.838  -93.760  21.810 0.0000000000
150450  19.669  -110.054  49.903 0.0000000000
150521  13.498  -100.353  57.008 0.0000000000
150711  13.506  -101.176  24.171 0.0000000000
150747  3.531  -89.186  47.649 0.0000000000
150790  12.890  -76.014  42.523 0.0000000000
150830  5.417  -96.432  21.519 0.0000000000
150974  4.068  -89.185  49.654 0.0000000000
151085  17.803  -109.018  48.366 0.0000000000
151164  6.009  -93.140  24.490 0.0000000000
151177  6.542  -106.885  57.411 0.0000000000
151293  10.751  -104.687  63.134 0.0000000000
151379  1.477  -81.018  35.777 0.0000000000
151499  -0.463  -85.044  37.142 0.0000000000
151527  2.474  -92.757  27.857 0.0000000000
151607  20.268  -100.625  62.071 0.0000000000
151706  23.704  -108.702  43.321 0.0000000000
151709  19.183  -101.394  62.558 0.0000000000
151807  16.531  -108.332  48.647 0.0000000000
151811  6.655  -80.079  33.389 0.0000000000
151827  3.745  -74.253  44.687 0.0000000000
151931  0.148  -78.091  45.118 0.0000000000
152002  5.163  -103.130  58.002 0.0000000000
152044  5.592  -107.838  24.783 0.0000000000
152082  8.207  -105.944  55.750 0.0000000000
152110  20.934  -110.704  33.244 0.0000000000
152125  12.339  -98.127  19.934 0.0000000000
152177  25.960  -108.926  43.120 0.0000000000
152193  0.695  -81.572  52.374 0.0000000000
152286  4.333  -88.643  32.761 0.0000000000
152401  12.871  -86.160  33.935 0.0000000000
152405  30.622  -102.841  46.689 0.0000000000
152452  4.595  -89.825  27.475 0.0000000000
152690  2.780  -88.735  29.236 0.0000000000
152740  4.759  -107.860  27.284 0.0000000000
152814  14.718  -106.879  51.908 0.0000000000
152923  7.232  -69.301  40.809 0.0000000000
152924  20.309  -110.216  46.825 0.0000000000
152960  -0.380  -88.479  37.749 0.0000000000
153011  6.566  -83.271  30.739 0.0000000000
153024  7.229  -92.078  23.785 0.0000000000
153132  11.391  -73.357  38.068 0.0000000000
153148  1.203  -102.932  54.678 0.0000000000
153200  10.799  -74.187  32.185 0.0000000000
153327  4.880  -84.545  39.873 0.0000000000
153448  24.981  -109.033  42.020 0.0000000000
153498  11.319  -101.707  59.243 0.0000000000
153626  10.538  -101.721  28.580 0.0000000000
153629  21.952  -99.245  60.457 0.0000000000
153687  10.959  -68.995  43.510 0.0000000000
153694  6.093  -82.386  33.483 0.0000000000
153730  0.605  -84.968  53.437 0.0000000000
153812  17.247  -95.245  23.190 0.0000000000
153860  1.194  -76.016  46.219 0.0000000000
154059  0.965  -99.909  58.407 0.0000000000
154101  -0.231  -78.720  45.858 0.0000000000
154136  7.561  -74.977  47.782 0.0000000000
154144  9.802  -93.461  22.665 0.0000000000
154285  21.449  -109.914  31.207 0.0000000000
154356  18.999  -98.616  56.080 0.0000000000
154500  22.724  -72.125  43.564 0.0000000000
154663  0.138  -76.847  47.978 0.0000000000
154881  23.596  -107.643  39.869 0.0000000000
154927  27.805  -70.096  45.383 0.0000000000
154993  16.809  -108.147  53.747 0.0000000000
155005  3.831  -107.470  52.372 0.0000000000
155027  3.035  -83.425  53.120 0.0000000000
155132  12.703  -103.572  22.077 0.0000000000
155196  22.312  -109.243  48.481 0.0000000000
155211  18.982  -108.922  44.753 0.0000000000
155299  11.179  -103.367  31.917 0.0000000000
155417  21.580  -109.124  50.872 0.0000000000
155483  9.276  -83.685  29.430 0.0000000000
155512  21.860  -105.630  53.137 0.0000000000
155513  5.167  -80.645  31.871 0.0000000000
155623  10.029  -67.022  36.462 0.0000000000
155659  12.123  -97.450  20.200 0.0000000000
155773  15.050  -105.309  25.018 0.0000000000
155783  7.755  -84.457  38.747 0.0000000000
155849  18.095  -111.095  30.836 0.0000000000
155913  4.184  -105.003  60.049 0.0000000000
155915  0.249  -84.964  52.900 0.0000000000
156050  7.753  -69.648  35.876 0.0000000000
156273  4.773  -84.069  53.840 0.0000000000
156330  20.577  -86.634  24.212 0.0000000000
156339  13.043  -106.533  25.738 0.0000000000
156368  23.483  -107.946  44.374 0.0000000000
156371  13.433  -71.409  47.979 0.0000000000
156461  14.554  -83.118  27.967 0.0000000000
157148  15.266  -85.493  29.199 0.0000000000
157348  18.083  -87.990  22.904 0.0000000000
157413  19.391  -111.533  33.874 0.0000000000
157570  14.286  -85.049  32.047 0.0000000000
157580  2.654  -77.637  36.125 0.0000000000
157701  25.872  -105.173  51.800 0.0000000000
157713  0.757  -103.988  49.046 0.0000000000
158016  20.377  -82.141  27.870 0.0000000000
158129  16.162  -110.745  48.841 0.0000000000
158169  21.518  -97.412  60.042 0.0000000000
158218  9.589  -108.021  60.191 0.0000000000
158395  13.902  -98.656  23.137 0.0000000000
158558  0.864  -75.970  40.312 0.0000000000
158568  19.563  -108.154  44.647 0.0000000000
158591  6.768  -99.444  22.485 0.0000000000
158657  26.807  -63.819  44.882 0.0000000000
158685  9.807  -79.885  29.474 0.0000000000
158716  12.497  -102.032  29.675 0.0000000000
158781  0.876  -95.934  55.360 0.0000000000
158783  20.597  -73.919  40.308 0.0000000000
158887  18.722  -61.329  35.892 0.0000000000
158914  4.463  -105.369  21.660 0.0000000000
158998  12.999  -71.300  37.419 0.0000000000
159028  3.069  -91.024  46.405 0.0000000000
159158  12.932  -100.784  57.193 0.0000000000
159177  15.842  -65.258  37.607 0.0000000000
159277  18.536  -108.781  50.577 0.0000000000
159377  1.935  -97.132  49.844 0.0000000000
159385  7.126  -84.350  38.880 0.0000000000
159402  8.894  -74.107  46.865 0.0000000000
159436  7.365  -99.289  24.273 0.0000000000
159498  23.347  -108.237  43.860 0.0000000000
159515  10.184  -78.663  30.305 0.0000000000
159564  0.092  -90.574  54.691 0.0000000000
159637  21.623  -107.642  51.674 0.0000000000
159681  20.842  -110.028  49.120 0.0000000000
159716  -1.133  -82.380  46.546 0.0000000000
159850  11.058  -90.838  23.650 0.0000000000
159886  8.740  -75.159  31.826 0.0000000000
159907  13.300  -100.862  20.758 0.0000000000
160004  0.246  -85.522  50.262 0.0000000000
160040  6.996  -75.593  33.455 0.0000000000
160117  -0.169  -91.724  50.755 0.0000000000
160182  4.383  -94.130  27.594 0.0000000000
160276  12.243  -76.030  42.989 0.0000000000
160327  14.675  -104.763  24.625 0.0000000000
160374  6.269  -104.626  49.026 0.0000000000
160421  12.977  -99.364  19.958 0.0000000000
160438  14.580  -83.481  32.685 0.0000000000
160506  27.704  -107.257  44.549 0.0000000000
160536  7.238  -93.634  25.858 0.0000000000
160563  6.000  -104.672  28.100 0.0000000000
160590  16.987  -101.409  63.099 0.0000000000
160653  0.415  -94.597  48.226 0.0000000000
160680  20.788  -106.062  45.920 0.0000000000
160700  5.011  -82.685  51.783 0.0000000000
160716  0.295  -82.432  36.897 0.0000000000
160744  9.325  -71.986  38.275 0.0000000000
160823  5.043  -76.258  50.259 0.0000000000
160830  15.911  -100.190  59.219 0.0000000000
160909  1.337  -86.255  34.668 0.0000000000
160965  3.777  -87.804  49.629 0.0000000000
161060  5.124  -107.486  50.992 0.0000000000
161125  27.516  -63.483  45.379 0.0000000000
161185  23.833  -70.709  44.807 0.0000000000
161194  5.421  -89.121  29.987 0.0000000000
161346  2.541  -75.497  47.054 0.0000000000
161602  19.207  -85.744  27.628 0.0000000000
161704  5.879  -86.411  39.583 0.0000000000
161749  24.301  -105.946  48.470 0.0000000000
161873  1.137  -74.526  39.851 0.0000000000
161885  7.036  -75.121  43.691 0.0000000000
161918  24.588  -69.349  44.525 0.0000000000
162146  8.410  -97.590  24.839 0.0000000000
162209  9.129  -74.075  46.426 0.0000000000
162257  22.286  -98.099  59.482 0.0000000000
162279  6.379  -73.974  44.912 0.0000000000
162291  22.434  -103.811  52.563 0.0000000000
162300  4.649  -83.002  36.249 0.0000000000
162304  4.293  -106.919  52.808 0.0000000000
162344  6.344  -75.918  42.468 0.0000000000
162442  0.351  -76.416  48.925 0.0000000000
162469  1.824  -87.354  38.270 0.0000000000
162554  12.536  -72.082  39.359 0.0000000000
162567  8.874  -105.819  55.408 0.0000000000
162662  4.367  -103.357  49.706 0.0000000000
162676  15.420  -92.365  22.262 0.0000000000
162693  1.172  -95.227  49.578 0.0000000000
162703  0.863  -80.465  36.695 0.0000000000
162818  22.055  -86.232  26.827 0.0000000000
162844  13.264  -98.184  20.017 0.0000000000
162888  19.406  -83.623  29.496 0.0000000000
162962  8.646  -75.944  35.934 0.0000000000
163001  6.166  -76.356  33.360 0.0000000000
163008  22.058  -109.074  50.532 0.0000000000
163009  9.764  -102.345  31.809 0.0000000000
163049  13.968  -76.362  33.429 0.0000000000
163073  6.720  -101.971  57.441 0.0000000000
163087  26.893  -108.079  44.024 0.0000000000
163122  2.068  -91.457  28.052 0.0000000000
163163  4.691  -105.011  21.154 0.0000000000
163208  11.642  -72.823  35.118 0.0000000000
163274  3.043  -89.106  46.842 0.0000000000
163425  5.672  -106.690  23.379 0.0000000000
163573  13.830  -100.763  60.260 0.0000000000
163575  10.150  -102.356  27.746 0.0000000000
163678  4.973  -105.604  53.631 0.0000000000
163705  5.533  -105.258  52.723 0.0000000000
163731  15.946  -100.745  61.946 0.0000000000
163740  10.044  -73.322  31.610 0.0000000000
163801  3.877  -85.650  39.823 0.0000000000
163960  6.482  -89.301  27.767 0.0000000000
164030  13.012  -107.047  27.478 0.0000000000
164086  7.862  -105.585  21.725 0.0000000000
164104  9.606  -83.872  27.430 0.0000000000
164127  6.085  -87.442  35.203 0.0000000000
164179  9.026  -74.624  48.489 0.0000000000
164243  12.339  -65.619  32.737 0.0000000000
164348  4.774  -93.867  27.606 0.0000000000
164435  14.105  -83.169  32.998 0.0000000000
164474  3.815  -92.973  27.749 0.0000000000
164638  7.566  -71.490  33.917 0.0000000000
164667  5.599  -82.654  34.687 0.0000000000
164719  9.594  -66.311  34.794 0.0000000000
164776  8.571  -104.798  21.303 0.0000000000
164798  7.372  -69.555  37.292 0.0000000000
164870  1.592  -73.717  41.151 0.0000000000
164878  11.132  -89.286  23.706 0.0000000000
164969  13.776  -86.444  25.991 0.0000000000
164978  17.082  -103.639  62.152 0.0000000000
165112  -0.326  -89.733  46.615 0.0000000000
165120  13.376  -97.041  30.254 0.0000000000
165130  4.920  -86.599  54.472 0.0000000000
165144  18.933  -63.392  39.491 0.0000000000
165178  12.720  -106.789  26.149 0.0000000000
165243  2.956  -88.136  29.474 0.0000000000
165367  22.952  -64.576  36.707 0.0000000000
165381  2.195  -100.890  58.593 0.0000000000
165432  6.192  -97.996  20.297 0.0000000000
165570  9.477  -101.124  57.478 0.0000000000
165641  9.605  -77.190  32.580 0.0000000000
165681  0.923  -99.602  57.998 0.0000000000
165720  13.798  -102.055  63.705 0.0000000000
165763  27.809  -103.526  52.585 0.0000000000
165793  11.248  -63.589  32.343 0.0000000000
165796  -0.290  -91.037  56.177 0.0000000000
165977  12.957  -102.931  22.991 0.0000000000
166012  17.343  -96.344  21.652 0.0000000000
166043  0.785  -97.286  56.848 0.0000000000
166069  14.328  -70.881  44.119 0.0000000000
166109  0.208  -88.360  34.905 0.0000000000
166119  17.852  -103.790  60.820 0.0000000000
166246  23.571  -107.741  50.929 0.0000000000
166275  9.878  -76.835  44.151 0.0000000000
166278  15.249  -100.480  61.106 0.0000000000
166293  9.967  -100.627  56.548 0.0000000000
166330  6.064  -84.496  34.354 0.0000000000
166351  13.130  -103.309  64.053 0.0000000000
166440  10.484  -101.248  31.469 0.0000000000
166475  3.732  -107.339  55.994 0.0000000000
166664  7.131  -106.269  22.545 0.0000000000
166706  7.417  -101.510  55.921 0.0000000000
166765  0.922  -91.421  48.892 0.0000000000
166787  8.770  -88.653  26.324 0.0000000000
166797  9.259  -69.957  43.032 0.0000000000
166802  29.633  -102.595  52.176 0.0000000000
166843  8.107  -89.199  24.831 0.0000000000
166906  7.995  -106.981  23.712 0.0000000000
166989  9.109  -97.999  20.209 0.0000000000
166999  5.079  -107.985  51.739 0.0000000000
167016  5.072  -79.686  33.092 0.0000000000
167054  13.802  -104.744  59.555 0.0000000000
167093  14.570  -89.985  23.172 0.0000000000
167106  1.000  -99.765  57.170 0.0000000000
167200  4.969  -104.923  49.437 0.0000000000
