#!ascii label  , from subject sub-v1s2x0051483_ses-1 vox2ras=TkReg
2740
61533  -7.787  -20.293  88.051 0.6250000000
62605  -7.364  -19.762  88.664 0.6250000000
62606  -8.002  -19.285  88.333 0.6250000000
62614  -8.353  -19.691  87.581 0.5000000000
61547  -8.259  -20.856  87.356 0.6250000000
148396  -8.731  -20.072  86.971 0.6250000000
63723  -8.636  -18.790  87.913 0.5000000000
61560  -8.332  -21.614  86.847 0.6250000000
62625  -9.305  -19.878  86.508 0.6250000000
62615  -9.110  -19.132  87.102 0.5000000000
60513  -8.589  -21.990  86.256 0.5000000000
129956  -9.813  -18.583  87.067 0.5000000000
63724  -9.377  -18.381  87.603 0.5000000000
63730  -9.901  -19.044  86.543 0.5000000000
62636  -10.362  -19.107  85.884 0.6250000000
146704  -10.440  -18.704  86.339 0.5000000000
64791  -11.113  -17.880  86.437 0.1250000000
63740  -10.983  -18.358  86.071 0.3750000000
63753  -11.285  -18.759  84.750 0.6250000000
64792  -11.765  -17.697  85.900 0.1250000000
63741  -11.579  -18.148  85.405 0.5000000000
147233  -11.726  -18.494  84.184 0.6250000000
62655  -11.789  -18.945  83.618 0.6250000000
64786  -11.403  -17.358  86.434 0.1250000000
77381  -27.545  -5.510  80.289 0.3750000000
76362  -26.692  -7.096  79.561 0.3750000000
76363  -27.205  -6.529  79.405 0.3750000000
76357  -27.662  -5.780  79.695 0.3750000000
63754  -12.079  -17.813  84.649 0.3750000000
75366  -26.908  -6.985  79.111 0.3750000000
77388  -28.212  -5.247  79.683 0.3750000000
126145  -12.214  -17.959  83.802 0.6250000000
74393  -26.539  -7.986  78.302 0.7500000000
75372  -26.686  -7.498  78.762 0.5000000000
76371  -27.877  -6.149  78.487 0.5000000000
77396  -29.063  -4.795  79.116 0.5000000000
78460  -30.406  -3.615  79.337 0.3750000000
63781  -12.367  -18.569  83.107 0.7500000000
76378  -27.575  -6.737  77.953 0.7500000000
77409  -28.790  -5.475  78.271 0.5000000000
142399  -29.585  -4.806  78.471 0.5000000000
78475  -31.059  -3.770  78.574 0.3750000000
77412  -32.156  -4.540  77.062 0.3750000000
78492  -32.888  -3.914  77.504 0.3750000000
62678  -12.442  -19.342  82.275 0.7500000000
74392  -26.416  -8.540  77.860 0.8750000000
75376  -27.504  -7.173  77.392 0.8750000000
76390  -28.556  -6.354  76.910 0.7500000000
76380  -29.064  -5.736  77.249 0.5000000000
77426  -30.214  -5.466  76.866 0.5000000000
77428  -32.599  -5.027  76.347 0.3750000000
77413  -33.337  -4.439  76.935 0.3750000000
78493  -33.959  -4.076  77.472 0.3750000000
74403  -27.061  -7.920  77.484 0.8750000000
75385  -28.108  -6.901  76.733 0.7500000000
76391  -29.477  -6.030  76.429 0.5000000000
76392  -30.619  -5.773  76.035 0.6250000000
77427  -31.382  -5.195  76.528 0.6250000000
77443  -31.825  -5.575  75.770 0.5000000000
77444  -32.991  -5.421  75.645 0.3750000000
126028  -27.812  -7.770  76.119 1.0000000000
75392  -28.409  -7.238  75.954 0.7500000000
76403  -29.943  -6.316  75.690 0.8750000000
76404  -31.088  -6.136  75.363 0.7500000000
76405  -32.255  -5.902  75.131 0.5000000000
74411  -27.546  -8.271  75.896 1.0000000000
150335  -28.318  -8.171  74.684 1.0000000000
124746  -28.941  -7.336  75.192 0.8750000000
75413  -29.958  -7.337  74.109 0.7500000000
127060  -30.697  -6.833  74.357 0.7500000000
76420  -31.519  -6.375  74.719 0.6250000000
75403  -31.865  -6.646  73.990 0.5000000000
74418  -27.751  -8.484  75.160 1.0000000000
74420  -29.021  -7.678  74.541 1.0000000000
75414  -30.878  -7.142  73.744 0.6250000000
73394  -27.353  -9.120  74.997 1.0000000000
73395  -27.933  -8.606  74.450 1.0000000000
74419  -28.675  -8.209  74.101 1.0000000000
142615  -29.594  -7.855  73.408 0.8750000000
75431  -31.027  -7.454  73.037 0.7500000000
73407  -28.258  -8.646  73.837 1.0000000000
73416  -29.384  -8.373  72.782 1.0000000000
128814  -30.038  -8.095  72.333 0.8750000000
74450  -30.659  -8.222  71.622 0.8750000000
73423  -28.928  -8.850  72.567 1.0000000000
73424  -29.691  -8.504  72.094 0.8750000000
73437  -29.996  -8.689  71.289 0.8750000000
72295  -27.461  -9.674  73.406 1.0000000000
128004  -27.583  -9.910  72.680 1.0000000000
73436  -29.164  -9.049  71.743 1.0000000000
73453  -29.425  -9.269  70.820 1.0000000000
140679  -30.255  -9.008  70.559 1.0000000000
72320  -28.541  -9.687  71.198 1.0000000000
73454  -29.894  -9.493  69.864 1.0000000000
59505  -18.824  -23.078  75.622 0.1250000000
59516  -19.417  -23.268  75.141 0.1250000000
72319  -28.024  -10.663  70.687 1.0000000000
71206  -28.094  -10.914  69.631 1.0000000000
72344  -28.920  -10.882  68.070 1.0000000000
70117  -25.948  -12.591  70.325 1.0000000000
70119  -26.961  -11.929  69.640 1.0000000000
71230  -28.090  -12.261  68.529 1.0000000000
72358  -28.720  -11.985  67.937 1.0000000000
125081  -21.614  -23.724  74.745 0.1250000000
59519  -22.441  -23.801  74.774 0.1250000000
59530  -23.057  -23.730  74.097 0.1250000000
69061  -25.574  -13.043  69.541 1.0000000000
69074  -26.258  -13.236  68.636 1.0000000000
70139  -28.060  -13.429  68.474 1.0000000000
148318  -23.195  -15.141  69.404 0.8750000000
69072  -24.635  -13.939  69.118 1.0000000000
69086  -26.979  -14.018  68.213 1.0000000000
69095  -27.415  -14.429  67.551 1.0000000000
60658  -23.278  -22.223  71.573 0.3750000000
68063  -23.237  -15.414  68.646 0.8750000000
146017  -25.156  -13.806  68.353 0.8750000000
140530  -26.076  -14.791  67.174 0.8750000000
140720  -26.551  -15.078  66.474 0.8750000000
62841  -22.533  -20.424  70.171 0.6250000000
63964  -22.555  -19.712  69.593 0.6250000000
64804  -12.193  -17.597  85.287 0.2500000000
125697  -25.086  -8.971  79.726 0.5000000000
74377  -25.835  -8.326  79.375 0.5000000000
75365  -26.334  -7.703  79.285 0.5000000000
73327  -24.937  -9.482  79.223 0.5000000000
74376  -25.664  -8.760  79.106 0.5000000000
63782  -13.021  -18.213  82.653 0.7500000000
73336  -25.606  -9.080  78.746 0.6250000000
74382  -26.054  -8.588  78.546 0.6250000000
78476  -32.313  -3.486  78.157 0.3750000000
63795  -13.212  -18.843  81.803 0.8750000000
73351  -25.875  -9.072  78.178 0.7500000000
77429  -33.736  -4.950  76.301 0.3750000000
63806  -13.375  -19.194  80.905 0.8750000000
73350  -25.231  -9.562  78.516 0.6250000000
72217  -24.774  -10.176  78.145 0.7500000000
73366  -25.531  -9.589  77.762 0.8750000000
73367  -26.207  -9.118  77.405 0.8750000000
130944  -33.280  -5.710  75.103 0.3750000000
142528  -13.918  -18.731  80.551 0.8750000000
72231  -25.123  -10.153  77.305 0.8750000000
74402  -26.786  -8.593  77.071 0.8750000000
75391  -27.347  -8.129  76.650 1.0000000000
77445  -34.173  -5.364  75.579 0.2500000000
76421  -32.858  -6.169  74.525 0.3750000000
63816  -14.300  -18.609  79.731 0.7500000000
72244  -24.767  -10.751  76.866 0.8750000000
73380  -26.543  -9.161  76.444 1.0000000000
73381  -27.153  -8.870  75.732 1.0000000000
63827  -14.288  -19.238  78.411 0.7500000000
149648  -25.726  -10.207  75.779 0.8750000000
128384  -26.076  -9.770  76.053 1.0000000000
127858  -31.697  -7.013  73.421 0.6250000000
75415  -32.537  -6.726  73.395 0.5000000000
62729  -14.922  -20.229  76.962 0.5000000000
72262  -25.665  -10.470  75.226 1.0000000000
72263  -26.853  -9.694  74.816 1.0000000000
73406  -27.520  -9.175  74.296 1.0000000000
75447  -31.600  -7.511  72.354 0.5000000000
75432  -32.226  -7.124  72.787 0.5000000000
63904  -16.505  -19.970  75.883 0.6250000000
72282  -26.982  -9.841  74.073 1.0000000000
74451  -31.784  -7.852  71.642 0.7500000000
61684  -16.654  -20.775  75.467 0.6250000000
73414  -27.811  -9.159  73.663 1.0000000000
74483  -31.615  -8.695  70.211 1.0000000000
74468  -30.867  -8.652  70.766 0.8750000000
61685  -17.415  -21.373  75.060 0.5000000000
134223  -26.402  -11.011  72.790 1.0000000000
134252  -26.806  -10.371  73.303 1.0000000000
73455  -30.994  -9.102  69.803 1.0000000000
60619  -17.917  -21.988  74.986 0.3750000000
60629  -18.536  -22.323  74.807 0.5000000000
71182  -27.021  -10.691  72.277 1.0000000000
72308  -27.771  -10.249  71.702 1.0000000000
73491  -29.941  -10.629  67.961 1.0000000000
73476  -30.516  -9.756  68.868 1.0000000000
59515  -18.797  -22.861  75.063 0.5000000000
129001  -23.434  -14.839  72.074 1.0000000000
134963  -23.867  -13.375  72.250 1.0000000000
69033  -24.420  -12.953  71.571 1.0000000000
70101  -26.352  -11.971  71.009 1.0000000000
71195  -27.175  -11.209  71.164 1.0000000000
72359  -29.508  -11.906  67.539 1.0000000000
59517  -20.183  -23.611  75.264 0.1250000000
59527  -20.801  -23.557  74.767 0.1250000000
147503  -23.888  -13.707  71.634 1.0000000000
143275  -24.233  -13.621  70.774 1.0000000000
59529  -22.285  -23.631  73.977 0.2500000000
59537  -22.476  -23.389  73.256 0.1250000000
59546  -22.900  -23.245  72.726 0.1250000000
60648  -22.881  -22.716  72.232 0.1250000000
68034  -23.699  -14.373  71.301 1.0000000000
131143  -23.409  -14.797  70.657 1.0000000000
69044  -24.936  -12.963  70.480 1.0000000000
71275  -28.875  -14.450  66.178 0.8750000000
71246  -29.050  -14.021  67.533 1.0000000000
60649  -23.553  -22.911  72.251 0.1250000000
68049  -23.584  -14.696  69.787 1.0000000000
69060  -24.726  -13.520  69.773 1.0000000000
70179  -28.619  -14.437  65.796 0.8750000000
70178  -28.208  -14.523  66.004 0.7500000000
61753  -22.775  -21.469  71.324 0.6250000000
127183  -22.066  -19.983  70.811 0.7500000000
132329  -22.604  -17.060  69.842 0.7500000000
69137  -27.676  -14.488  64.770 0.7500000000
69136  -26.902  -15.009  64.943 0.7500000000
63952  -22.168  -19.531  70.334 0.7500000000
142349  -13.085  -17.341  84.204 0.5000000000
63764  -12.971  -17.618  83.426 0.6250000000
72203  -24.471  -10.253  78.928 0.6250000000
70009  -23.634  -12.213  79.899 0.6250000000
72202  -23.955  -11.092  79.430 0.6250000000
68965  -23.460  -13.245  79.201 0.7500000000
63807  -13.804  -18.368  81.303 0.8750000000
72216  -24.042  -11.023  78.600 0.7500000000
139319  -23.798  -11.792  78.663 0.7500000000
137587  -23.577  -13.056  78.436 0.7500000000
70030  -23.719  -12.223  78.267 0.7500000000
71093  -23.936  -11.504  78.050 0.8750000000
70041  -23.668  -12.802  77.662 0.7500000000
63828  -14.637  -18.582  78.876 0.7500000000
72230  -24.414  -10.794  77.726 0.8750000000
143148  -23.747  -12.396  76.917 0.8750000000
128661  -33.349  -6.639  73.308 0.3750000000
76436  -33.074  -6.477  73.823 0.3750000000
63846  -14.840  -18.706  77.973 0.7500000000
140583  -24.247  -11.479  76.402 0.8750000000
134098  -24.203  -11.796  75.470 0.8750000000
75433  -33.098  -6.806  72.940 0.3750000000
63871  -16.240  -18.787  76.908 0.7500000000
71138  -24.876  -11.078  75.196 1.0000000000
74470  -32.636  -8.097  70.793 0.3750000000
74452  -32.955  -7.650  71.436 0.3750000000
62748  -15.480  -20.037  76.539 0.7500000000
63892  -16.886  -19.240  76.184 0.7500000000
71150  -25.106  -11.254  74.359 1.0000000000
126938  -26.286  -10.245  74.686 1.0000000000
63905  -17.147  -19.988  75.504 0.6250000000
71151  -25.356  -11.432  73.687 1.0000000000
72281  -26.237  -10.526  74.066 1.0000000000
73456  -32.146  -8.994  69.435 1.0000000000
60628  -18.236  -21.465  74.694 0.6250000000
70071  -24.877  -12.108  73.225 1.0000000000
71165  -26.029  -10.973  73.504 1.0000000000
73477  -31.707  -9.579  68.763 1.0000000000
61705  -19.150  -21.914  74.440 0.6250000000
70083  -24.275  -12.771  72.673 1.0000000000
72360  -30.593  -11.603  67.434 1.0000000000
73492  -31.166  -10.409  68.015 1.0000000000
66983  -23.056  -15.425  72.162 1.0000000000
70084  -25.071  -12.298  72.223 1.0000000000
130800  -19.884  -22.626  74.401 0.5000000000
60631  -20.607  -23.130  74.286 0.3750000000
72377  -29.746  -13.377  67.560 1.0000000000
59528  -21.412  -23.426  74.203 0.2500000000
68033  -23.340  -14.983  71.471 1.0000000000
66994  -22.909  -15.521  71.089 1.0000000000
71276  -29.268  -14.459  66.171 0.8750000000
72376  -29.345  -14.072  67.328 1.0000000000
61739  -22.415  -21.883  72.083 0.6250000000
67005  -22.611  -16.203  70.351 0.8750000000
149497  -28.698  -14.326  65.346 0.8750000000
62824  -22.337  -20.724  70.992 0.6250000000
64977  -22.394  -18.109  70.104 0.7500000000
68131  -27.195  -15.273  64.220 0.7500000000
142525  -13.834  -17.211  83.873 0.6250000000
63796  -13.671  -17.927  82.197 0.6250000000
63821  -21.394  -17.104  79.581 0.8750000000
63834  -21.187  -17.458  78.779 1.0000000000
63835  -21.781  -17.508  78.727 1.0000000000
64884  -22.558  -17.196  78.538 0.8750000000
66905  -23.209  -15.839  78.851 0.8750000000
67961  -23.392  -15.052  78.745 0.7500000000
63851  -20.160  -17.577  77.792 1.0000000000
63836  -22.177  -17.978  78.123 0.8750000000
65830  -22.734  -16.896  78.254 0.8750000000
68975  -23.430  -14.024  78.591 0.7500000000
63850  -19.332  -17.573  77.786 1.0000000000
125069  -21.648  -17.807  78.091 1.0000000000
64898  -22.867  -18.036  78.056 0.8750000000
65831  -22.849  -16.547  78.287 0.8750000000
66918  -23.094  -15.900  78.153 0.8750000000
68984  -23.436  -13.788  77.757 0.8750000000
135072  -15.259  -18.016  78.642 1.0000000000
124683  -19.752  -17.916  77.034 1.0000000000
63875  -20.562  -18.071  76.974 1.0000000000
63852  -21.812  -18.218  77.553 1.0000000000
63854  -23.334  -18.135  77.789 0.8750000000
138547  -22.786  -17.303  77.847 0.8750000000
66927  -22.640  -16.556  77.034 0.8750000000
76406  -34.187  -5.765  74.904 0.2500000000
63847  -15.707  -18.281  77.718 1.0000000000
63853  -22.753  -18.220  77.802 1.0000000000
65841  -22.903  -17.466  77.234 0.8750000000
66940  -22.690  -15.872  76.883 0.8750000000
75416  -34.075  -6.882  72.865 0.2500000000
63877  -22.856  -18.275  77.328 1.0000000000
63878  -23.323  -18.118  77.327 0.8750000000
146572  -22.635  -16.893  76.649 0.8750000000
67980  -22.935  -15.129  76.431 0.8750000000
68993  -23.182  -14.166  76.327 0.8750000000
70047  -23.720  -12.440  76.050 0.8750000000
75449  -33.333  -7.215  72.221 0.3750000000
63872  -17.035  -18.600  76.869 0.8750000000
66939  -22.506  -16.045  76.321 0.8750000000
141830  -22.508  -15.167  75.725 0.8750000000
70052  -23.363  -13.361  75.631 0.8750000000
74471  -33.635  -8.082  70.770 0.3750000000
63893  -17.811  -19.378  75.774 0.7500000000
62750  -18.656  -19.577  75.451 0.7500000000
68004  -22.415  -14.654  74.845 1.0000000000
140110  -22.915  -13.717  74.781 1.0000000000
71137  -24.491  -11.774  74.740 1.0000000000
74484  -32.437  -8.551  70.095 0.5000000000
74485  -33.411  -8.581  70.102 0.3750000000
62768  -17.932  -20.167  75.096 0.6250000000
70060  -23.590  -12.985  74.598 1.0000000000
70062  -24.713  -11.930  74.039 1.0000000000
62785  -17.794  -20.854  74.826 0.6250000000
62787  -18.867  -20.885  74.529 0.6250000000
68012  -22.675  -14.736  73.856 1.0000000000
69013  -24.048  -12.687  73.708 1.0000000000
73478  -32.838  -9.729  68.733 0.8750000000
61686  -19.643  -20.911  74.371 0.7500000000
61687  -20.281  -20.880  74.214 0.8750000000
68021  -23.221  -14.990  72.968 1.0000000000
69021  -23.145  -14.135  73.332 1.0000000000
72361  -31.806  -11.315  67.578 1.0000000000
133546  -19.924  -21.776  74.268 0.5000000000
135722  -20.555  -22.029  74.123 0.6250000000
65893  -22.508  -16.143  72.492 1.0000000000
71247  -30.631  -12.666  67.469 1.0000000000
71248  -31.309  -12.265  67.346 1.0000000000
60632  -21.138  -22.785  73.817 0.7500000000
145848  -30.191  -14.323  66.548 1.0000000000
60633  -21.507  -22.275  73.330 0.5000000000
64959  -21.990  -17.825  71.812 0.7500000000
65906  -22.613  -15.983  71.744 1.0000000000
66993  -22.514  -16.452  71.154 0.8750000000
70192  -29.475  -14.632  64.755 0.8750000000
71286  -29.241  -14.511  65.448 0.8750000000
72392  -29.567  -14.201  67.044 1.0000000000
60641  -22.280  -22.762  72.803 0.5000000000
62813  -22.183  -20.877  71.764 0.7500000000
63941  -21.912  -19.893  71.614 0.7500000000
139946  -22.228  -17.234  71.280 0.7500000000
65917  -22.403  -17.186  70.613 0.7500000000
70191  -29.014  -14.360  64.976 0.8750000000
63953  -22.126  -18.750  70.506 0.7500000000
125282  -13.749  -17.456  83.147 0.6250000000
63797  -14.399  -17.479  82.585 0.7500000000
63808  -14.343  -17.666  81.618 0.8750000000
126537  -15.183  -17.399  80.995 0.8750000000
63817  -14.915  -17.720  80.074 1.0000000000
128928  -14.312  -17.951  80.675 0.8750000000
63829  -15.538  -17.546  79.453 1.0000000000
63830  -16.477  -17.128  79.770 1.0000000000
63832  -18.762  -17.328  78.568 1.0000000000
139263  -20.418  -17.368  78.706 1.0000000000
139784  -17.348  -17.561  78.066 1.0000000000
147929  -14.876  -18.010  79.370 1.0000000000
125679  -16.268  -17.502  78.547 1.0000000000
63849  -18.379  -17.680  77.715 1.0000000000
143477  -19.053  -17.892  77.143 1.0000000000
63848  -16.668  -18.031  77.504 1.0000000000
128003  -17.602  -18.088  77.218 1.0000000000
63873  -18.439  -18.211  76.841 1.0000000000
62731  -21.009  -18.414  76.600 1.0000000000
62732  -21.568  -18.438  76.730 1.0000000000
63874  -19.216  -18.354  76.517 1.0000000000
125146  -20.541  -18.647  76.054 1.0000000000
62733  -22.108  -18.477  76.622 1.0000000000
63895  -22.671  -18.325  76.622 1.0000000000
65848  -22.779  -17.410  76.583 1.0000000000
127934  -17.724  -18.709  76.493 0.8750000000
63894  -18.553  -18.819  76.118 1.0000000000
62751  -19.338  -18.947  75.736 1.0000000000
62753  -21.024  -18.782  75.884 1.0000000000
64922  -22.832  -17.738  76.346 1.0000000000
65857  -22.618  -17.062  75.819 1.0000000000
66952  -22.428  -15.687  75.424 1.0000000000
73480  -34.516  -10.321  69.066 0.5000000000
62752  -20.028  -19.103  75.440 1.0000000000
129280  -20.575  -19.279  75.270 1.0000000000
62771  -20.996  -19.547  75.017 1.0000000000
146340  -21.875  -19.132  75.170 1.0000000000
63907  -22.706  -17.988  75.785 1.0000000000
64930  -22.615  -17.429  75.525 1.0000000000
136511  -22.513  -16.313  75.163 1.0000000000
72347  -33.849  -10.863  68.778 0.6250000000
73457  -33.175  -9.143  69.411 0.7500000000
62769  -19.373  -19.892  74.931 1.0000000000
62770  -20.135  -19.967  74.749 1.0000000000
62772  -21.434  -19.323  75.061 1.0000000000
62773  -22.006  -19.020  74.864 1.0000000000
149225  -22.531  -17.867  75.111 1.0000000000
65870  -22.566  -16.846  74.957 1.0000000000
66964  -22.410  -15.434  74.501 1.0000000000
72362  -32.885  -11.430  67.881 0.8750000000
72346  -33.353  -10.785  68.390 0.8750000000
134718  -20.573  -20.018  74.628 1.0000000000
139867  -22.295  -18.438  75.014 1.0000000000
64940  -22.505  -17.446  74.692 1.0000000000
64949  -22.505  -16.937  74.106 1.0000000000
128237  -22.581  -16.131  74.154 1.0000000000
71249  -32.645  -12.789  67.323 1.0000000000
72345  -32.367  -10.453  68.159 1.0000000000
61688  -20.715  -20.644  74.175 1.0000000000
62788  -21.513  -19.714  74.336 1.0000000000
62789  -21.801  -19.145  74.045 1.0000000000
63924  -21.888  -18.707  73.432 1.0000000000
64948  -22.316  -17.245  73.377 1.0000000000
138518  -22.669  -15.375  73.687 1.0000000000
70169  -32.223  -13.960  66.542 1.0000000000
144586  -32.197  -13.351  67.048 1.0000000000
136395  -31.791  -12.941  67.294 1.0000000000
61706  -20.963  -21.532  73.790 0.8750000000
61707  -21.275  -20.932  73.590 1.0000000000
65879  -22.482  -16.479  73.355 1.0000000000
66974  -22.716  -15.695  73.148 1.0000000000
71288  -30.549  -14.925  65.035 1.0000000000
70168  -31.303  -14.317  66.266 1.0000000000
133467  -30.973  -13.220  67.269 1.0000000000
62799  -21.611  -20.337  73.355 0.7500000000
127788  -21.981  -18.105  72.808 1.0000000000
65892  -22.243  -17.057  72.635 1.0000000000
70206  -30.587  -15.323  63.944 1.0000000000
71278  -30.473  -14.540  65.905 1.0000000000
71265  -30.729  -14.090  66.798 1.0000000000
61723  -21.773  -21.585  72.877 0.6250000000
128205  -21.904  -20.826  72.514 0.7500000000
63933  -21.808  -19.279  72.504 0.7500000000
142400  -29.854  -15.045  64.105 1.0000000000
71287  -29.853  -14.691  65.277 1.0000000000
138346  -21.859  -18.848  71.983 0.7500000000
150131  -15.648  -17.349  80.230 1.0000000000
128768  -33.790  -12.084  67.748 0.6250000000
72364  -34.154  -11.553  68.201 0.6250000000
70154  -33.627  -13.186  66.748 1.0000000000
71250  -33.396  -12.732  67.368 0.8750000000
142048  -33.022  -13.756  66.482 1.0000000000
71232  -33.183  -12.176  67.667 0.8750000000
69140  -32.706  -15.055  64.710 1.0000000000
69108  -32.788  -14.272  65.981 1.0000000000
70153  -32.873  -13.312  66.945 1.0000000000
70194  -31.992  -15.326  64.248 1.0000000000
69139  -31.906  -15.030  65.026 1.0000000000
69107  -31.959  -14.500  65.757 1.0000000000
71296  -30.907  -15.277  64.351 1.0000000000
70155  -34.097  -12.835  66.918 0.6250000000
70170  -33.606  -13.947  66.136 1.0000000000
70171  -34.092  -13.447  66.235 0.7500000000
70172  -34.226  -12.913  66.465 0.6250000000
69141  -33.338  -14.800  64.570 1.0000000000
69120  -33.291  -14.436  65.282 1.0000000000
70182  -34.375  -13.489  65.813 0.7500000000
69121  -33.957  -14.253  64.889 1.0000000000
70221  -32.097  -15.545  62.842 1.0000000000
70208  -32.891  -15.398  63.257 1.0000000000
70209  -33.784  -14.781  63.423 1.0000000000
70156  -34.181  -12.528  67.097 0.6250000000
142215  -34.457  -13.843  65.297 0.8750000000
70197  -34.502  -13.844  64.602 1.0000000000
70223  -34.030  -14.390  62.429 1.0000000000
71279  -34.770  -12.529  66.036 0.6250000000
129928  -34.646  -13.276  65.326 0.6250000000
70210  -34.184  -13.928  63.734 0.8750000000
70224  -34.036  -13.801  63.046 1.0000000000
70235  -33.611  -14.152  61.632 1.0000000000
71332  -32.965  -13.538  61.273 1.0000000000
147044  -35.564  -11.747  65.995 0.5000000000
71297  -34.666  -13.115  64.013 0.7500000000
71289  -34.960  -12.843  64.696 0.6250000000
71290  -35.330  -12.177  65.295 0.6250000000
71310  -34.377  -13.071  63.207 0.8750000000
72408  -35.597  -11.876  64.543 0.6250000000
71309  -34.142  -13.135  62.492 0.8750000000
72416  -34.719  -12.222  63.416 0.6250000000
71298  -35.151  -12.182  64.079 0.5000000000
147984  -33.917  -13.321  61.945 1.0000000000
72430  -34.203  -12.177  62.746 0.7500000000
71323  -33.471  -12.860  61.538 0.7500000000
141332  -33.749  -12.211  62.072 0.7500000000
71333  -33.121  -12.391  60.853 1.0000000000
72457  -33.576  -11.879  61.311 0.8750000000
130546  -32.235  -12.782  59.384 1.0000000000
72417  -35.511  -11.624  63.347 0.6250000000
72443  -34.320  -11.643  62.072 0.6250000000
72431  -34.941  -11.577  62.656 0.6250000000
142819  -34.561  -11.414  61.364 0.6250000000
71341  -33.215  -12.130  59.703 0.8750000000
72470  -33.804  -11.709  60.384 0.8750000000
72486  -34.179  -11.648  59.462 0.8750000000
71347  -33.005  -12.345  58.612 0.8750000000
72444  -35.320  -11.285  61.568 0.6250000000
72459  -35.119  -11.319  60.656 0.7500000000
124886  -36.347  -11.192  61.399 0.3750000000
72471  -34.857  -11.465  59.855 0.8750000000
125102  -36.093  -11.285  60.500 0.6250000000
145473  -35.688  -11.392  59.879 0.8750000000
72487  -35.036  -11.569  58.690 0.8750000000
72472  -35.805  -11.446  59.079 0.8750000000
72488  -35.938  -11.648  58.357 0.8750000000
146977  -36.652  -11.266  60.752 0.5000000000
72460  -37.086  -11.436  60.095 0.6250000000
125115  -37.872  -11.319  60.770 0.6250000000
74577  -43.921  -9.236  61.642 0.1250000000
72473  -36.434  -11.459  59.484 0.8750000000
130795  -37.192  -11.636  59.168 0.6250000000
147396  -37.513  -11.593  59.495 0.6250000000
72489  -36.663  -11.757  58.618 0.8750000000
72474  -37.925  -11.746  59.134 0.7500000000
127754  -39.897  -11.606  59.284 0.3750000000
72464  -40.445  -11.389  60.032 0.2500000000
72465  -41.178  -11.035  59.767 0.2500000000
73562  -41.786  -10.479  59.486 0.2500000000
72490  -37.621  -12.055  58.601 1.0000000000
72491  -38.568  -12.009  58.579 0.7500000000
72492  -39.465  -11.801  58.614 0.5000000000
144386  -40.210  -11.536  58.551 0.3750000000
73570  -41.149  -10.609  58.453 0.2500000000
71349  -36.407  -12.081  57.880 0.8750000000
71350  -37.225  -12.371  58.024 1.0000000000
71351  -38.245  -12.418  57.865 0.8750000000
72506  -39.196  -12.048  57.952 0.8750000000
141385  -39.954  -11.561  57.964 0.7500000000
72493  -40.596  -11.056  58.147 0.6250000000
140748  -37.599  -12.618  57.408 0.8750000000
71361  -38.964  -12.122  57.189 0.8750000000
72507  -39.556  -11.613  57.425 0.8750000000
71378  -38.739  -12.164  56.337 0.8750000000
72540  -37.305  -12.095  54.093 0.8750000000
74578  -44.521  -8.196  61.775 0.1250000000
75548  -44.742  -7.980  62.445 0.1250000000
74588  -43.567  -9.125  60.686 0.1250000000
74586  -42.350  -10.014  59.642 0.2500000000
74587  -42.856  -9.793  60.374 0.1250000000
72477  -41.352  -10.766  59.036 0.2500000000
73571  -41.572  -10.298  58.770 0.2500000000
74607  -41.289  -9.981  58.462 0.2500000000
73581  -40.701  -10.354  58.027 0.5000000000
74613  -40.922  -9.744  58.252 0.5000000000
73591  -39.935  -10.243  57.381 0.8750000000
74612  -40.400  -9.982  57.812 0.6250000000
72520  -39.281  -11.435  56.734 0.8750000000
73597  -39.449  -10.610  56.845 0.8750000000
72530  -38.871  -11.722  55.970 1.0000000000
72531  -38.980  -11.014  56.127 0.8750000000
71394  -38.431  -12.261  55.584 0.8750000000
133564  -38.464  -11.460  55.371 0.8750000000
73604  -38.570  -10.566  55.667 0.8750000000
75549  -45.166  -7.480  62.813 0.1250000000
76582  -45.052  -7.285  62.020 0.1250000000
75555  -44.123  -8.321  61.018 0.1250000000
74598  -42.499  -9.359  59.601 0.1250000000
74597  -41.837  -9.768  59.029 0.2500000000
75574  -41.976  -9.050  59.232 0.2500000000
128910  -41.443  -9.445  58.681 0.5000000000
75585  -41.593  -8.701  58.881 0.3750000000
75594  -41.068  -9.060  58.371 0.5000000000
75593  -40.562  -9.373  57.889 0.6250000000
75601  -40.248  -8.983  57.397 0.8750000000
74618  -39.478  -9.833  56.897 0.8750000000
75600  -39.679  -8.963  56.816 0.8750000000
76648  -40.245  -8.225  56.993 0.8750000000
129396  -39.096  -9.414  56.394 0.8750000000
75611  -38.725  -8.939  55.925 1.0000000000
74626  -38.586  -9.785  55.901 0.8750000000
133133  -38.107  -9.176  55.474 1.0000000000
148251  -38.391  -8.425  55.453 1.0000000000
73612  -38.171  -10.729  55.000 0.8750000000
73611  -37.708  -10.287  54.398 0.8750000000
75556  -44.632  -7.435  61.361 0.1250000000
75565  -43.472  -8.272  60.301 0.1250000000
76611  -43.648  -7.422  60.318 0.1250000000
75612  -39.209  -8.650  56.220 0.8750000000
76656  -38.872  -7.954  55.670 1.0000000000
76655  -38.434  -7.675  54.917 1.0000000000
76612  -44.301  -6.899  60.651 0.1250000000
75586  -42.240  -8.329  59.384 0.2500000000
76626  -42.943  -7.934  59.868 0.2500000000
76625  -42.532  -7.645  59.531 0.2500000000
76634  -41.338  -8.244  58.346 0.5000000000
76635  -41.966  -7.773  58.900 0.3750000000
76642  -40.784  -8.516  57.739 0.6250000000
147498  -41.160  -7.763  57.779 0.5000000000
77714  -40.150  -7.351  56.742 0.8750000000
77702  -40.489  -6.691  56.957 0.8750000000
76647  -39.565  -7.801  56.309 0.8750000000
77713  -39.778  -6.534  56.248 0.8750000000
145579  -38.865  -7.157  54.992 1.0000000000
77737  -38.826  -6.860  54.067 0.8750000000
77730  -39.301  -6.473  54.646 1.0000000000
77682  -43.098  -7.168  59.961 0.2500000000
77662  -43.902  -6.697  60.332 0.1250000000
146287  -41.953  -6.947  58.591 0.3750000000
77681  -42.556  -6.865  59.274 0.3750000000
136376  -43.381  -6.380  59.880 0.2500000000
78749  -42.100  -6.012  58.600 0.3750000000
78733  -42.892  -5.890  59.261 0.3750000000
78734  -43.671  -5.569  59.786 0.2500000000
77703  -41.134  -7.021  57.537 0.6250000000
140128  -40.747  -7.606  57.232 0.6250000000
77695  -41.550  -6.510  57.995 0.3750000000
79754  -41.956  -4.969  58.281 0.5000000000
78763  -40.910  -6.064  57.388 0.6250000000
78764  -41.461  -5.531  57.834 0.5000000000
78774  -40.334  -5.733  56.658 0.7500000000
79770  -40.972  -5.152  57.054 0.7500000000
79771  -41.508  -4.604  57.525 0.6250000000
77723  -39.215  -6.970  55.571 0.8750000000
131365  -40.002  -5.516  55.793 0.8750000000
79782  -40.618  -4.880  56.155 0.7500000000
79783  -41.260  -4.326  56.610 0.7500000000
80789  -41.789  -3.668  56.162 0.7500000000
78781  -39.571  -6.075  55.325 0.8750000000
78782  -40.067  -5.519  54.990 0.8750000000
79789  -40.698  -5.005  55.045 0.7500000000
79790  -41.365  -4.233  55.447 0.7500000000
128913  -42.461  -3.252  55.741 0.7500000000
78788  -39.872  -5.837  54.427 0.8750000000
148319  -41.115  -5.127  54.295 0.7500000000
79796  -41.665  -4.794  54.283 0.7500000000
79791  -42.148  -3.734  55.358 0.7500000000
77738  -39.753  -6.155  53.594 1.0000000000
78797  -40.447  -5.761  53.712 1.0000000000
78790  -41.497  -5.343  53.745 1.0000000000
77740  -41.605  -5.982  52.580 0.8750000000
78750  -42.492  -5.278  58.815 0.3750000000
79738  -43.083  -5.027  59.233 0.3750000000
79755  -42.524  -4.503  58.666 0.3750000000
80747  -43.173  -4.131  59.133 0.3750000000
80763  -42.016  -4.078  58.005 0.6250000000
80778  -41.759  -3.789  57.143 0.7500000000
80779  -42.308  -3.280  57.594 0.6250000000
80790  -42.223  -3.133  56.647 0.6250000000
81767  -42.724  -2.588  57.079 0.5000000000
81785  -43.089  -3.102  55.489 0.6250000000
81779  -42.842  -2.723  56.125 0.6250000000
79797  -42.703  -4.772  53.881 0.7500000000
80794  -42.955  -3.610  54.949 0.7500000000
78798  -41.211  -5.654  53.353 1.0000000000
78791  -42.260  -5.273  53.494 0.7500000000
78799  -41.927  -5.673  53.060 1.0000000000
79806  -43.051  -5.222  53.364 0.8750000000
80804  -43.290  -4.296  54.242 0.6250000000
80795  -43.568  -3.312  55.106 0.6250000000
125323  -44.545  -2.550  55.359 0.5000000000
80805  -43.881  -3.872  54.607 0.6250000000
78815  -42.106  -5.975  52.410 0.8750000000
127207  -43.454  -4.812  53.729 0.7500000000
78816  -42.606  -5.795  52.396 0.7500000000
134686  -44.266  -3.292  54.954 0.6250000000
81787  -45.457  -2.580  55.235 0.3750000000
79798  -44.181  -4.528  53.989 0.7500000000
80806  -44.778  -3.969  54.462 0.6250000000
80796  -45.157  -3.306  54.833 0.5000000000
79807  -43.808  -5.060  53.408 0.7500000000
130040  -45.151  -4.453  53.975 0.5000000000
78817  -43.351  -5.599  52.513 0.7500000000
78802  -44.123  -5.237  53.057 0.8750000000
77753  -42.085  -6.310  51.782 0.8750000000
77754  -42.578  -6.034  51.884 0.8750000000
77755  -43.504  -5.728  52.031 0.6250000000
78836  -43.439  -6.090  50.469 0.8750000000
79859  -46.646  -3.890  48.962 0.8750000000
80864  -47.602  -3.652  48.702 0.7500000000
80865  -48.558  -3.511  48.523 0.6250000000
80866  -49.450  -3.505  48.670 0.6250000000
80863  -46.877  -3.427  48.335 0.8750000000
80807  -45.663  -3.866  54.406 0.5000000000
80808  -46.427  -3.680  54.403 0.5000000000
80798  -46.796  -3.177  54.724 0.2500000000
79808  -44.924  -4.780  53.387 0.5000000000
79809  -45.556  -4.473  53.713 0.5000000000
79799  -45.988  -4.148  54.081 0.5000000000
139418  -44.059  -5.454  52.627 0.7500000000
126674  -44.674  -5.103  52.908 0.7500000000
78818  -44.470  -5.415  52.406 0.7500000000
78819  -45.045  -5.084  52.703 0.7500000000
77775  -43.410  -6.007  51.304 0.7500000000
78829  -44.314  -5.625  51.753 0.7500000000
78838  -45.012  -5.402  51.239 0.7500000000
78837  -44.206  -5.709  50.947 0.7500000000
78847  -45.626  -4.979  50.479 0.7500000000
79838  -46.566  -4.750  50.505 0.7500000000
78846  -44.798  -5.269  50.353 0.7500000000
79847  -44.524  -5.112  49.592 0.8750000000
79839  -47.513  -4.631  50.573 0.7500000000
79851  -48.326  -4.351  49.912 0.6250000000
79848  -45.226  -4.736  49.670 0.8750000000
79850  -47.347  -4.300  49.636 0.7500000000
80855  -48.230  -3.969  49.243 0.7500000000
80856  -49.029  -3.895  49.425 0.5000000000
80857  -49.886  -3.795  49.377 0.6250000000
80809  -47.020  -3.462  54.436 0.3750000000
78803  -45.441  -4.724  53.208 0.6250000000
125475  -46.146  -4.333  53.730 0.3750000000
81795  -47.582  -3.131  54.509 0.1250000000
142696  -47.305  -3.041  54.703 0.2500000000
78820  -45.632  -4.882  52.689 0.7500000000
79810  -46.911  -4.199  53.692 0.2500000000
80814  -47.305  -3.665  54.135 0.2500000000
146034  -45.178  -5.284  52.100 0.7500000000
149510  -46.137  -4.778  52.606 0.3750000000
128452  -47.260  -4.447  52.951 0.3750000000
131364  -45.858  -5.081  51.320 0.7500000000
78839  -46.730  -4.866  51.381 0.6250000000
79831  -47.567  -4.701  51.466 0.6250000000
79832  -48.322  -4.528  51.640 0.5000000000
79840  -48.368  -4.570  50.737 0.5000000000
80841  -49.716  -3.985  51.353 0.2500000000
80848  -49.078  -4.305  50.165 0.5000000000
142155  -49.592  -4.057  49.884 0.6250000000
80850  -50.939  -3.754  50.240 0.2500000000
80810  -48.077  -3.289  54.114 0.1250000000
81796  -48.367  -2.681  54.600 0.1250000000
79811  -47.861  -3.928  53.488 0.1250000000
80811  -49.041  -2.848  54.021 0.1250000000
125807  -49.316  -2.226  54.671 0.1250000000
79825  -48.147  -4.308  52.549 0.2500000000
130850  -49.393  -3.315  53.251 0.2500000000
145053  -50.420  -1.860  54.702 0.1250000000
81798  -51.399  -1.595  54.738 0.1250000000
79833  -48.991  -4.208  51.963 0.2500000000
80831  -50.272  -3.041  52.787 0.2500000000
143983  -51.022  -2.646  52.846 0.1250000000
80842  -50.372  -3.558  51.725 0.2500000000
81814  -50.963  -2.977  51.999 0.2500000000
81802  -51.576  -2.232  53.378 0.1250000000
82742  -53.342  -1.116  54.044 0.1250000000
129074  -50.372  -3.906  50.799 0.2500000000
81830  -51.006  -3.454  51.065 0.2500000000
82747  -52.718  -1.719  52.153 0.1250000000
82749  -53.805  -0.907  53.164 0.1250000000
83658  -54.623  -0.371  53.502 0.1250000000
82762  -53.876  -0.871  52.099 0.1250000000
61546  -7.862  -21.961  87.327 0.3750000000
61561  -8.904  -20.935  86.586 0.6250000000
61569  -9.144  -21.435  85.731 0.6250000000
62635  -9.797  -19.690  86.102 0.5000000000
62646  -10.631  -19.440  85.111 0.6250000000
128902  -10.950  -18.727  85.445 0.6250000000
62664  -11.835  -19.594  82.969 0.7500000000
74383  -26.165  -8.122  78.911 0.5000000000
76364  -27.607  -6.171  79.158 0.3750000000
77395  -28.329  -5.450  79.106 0.5000000000
76370  -27.241  -6.833  78.621 0.5000000000
78490  -30.490  -4.438  78.144 0.3750000000
134360  -27.071  -7.359  78.114 0.7500000000
76379  -28.234  -6.199  77.692 0.6250000000
77410  -29.836  -5.135  77.717 0.6250000000
78491  -31.649  -4.087  77.779 0.3750000000
77411  -30.931  -4.769  77.316 0.5000000000
75377  -27.936  -6.675  77.333 0.7500000000
75384  -27.666  -7.500  76.727 0.8750000000
76402  -28.921  -6.595  76.163 0.7500000000
74412  -28.245  -7.842  75.347 0.8750000000
75393  -29.361  -6.847  75.433 0.8750000000
75402  -29.722  -7.099  74.752 0.8750000000
76419  -30.389  -6.597  75.029 0.7500000000
74428  -29.390  -7.813  73.831 1.0000000000
75430  -30.087  -7.542  73.496 0.7500000000
74427  -29.129  -8.237  73.446 1.0000000000
74437  -29.931  -7.836  72.928 0.8750000000
74438  -30.781  -7.784  72.302 0.7500000000
73415  -28.633  -8.731  73.243 1.0000000000
72296  -28.144  -9.242  73.010 1.0000000000
72309  -28.343  -9.428  72.179 1.0000000000
72330  -28.810  -10.002  70.000 1.0000000000
73475  -29.371  -10.083  68.865 1.0000000000
144274  -28.600  -10.507  68.940 1.0000000000
59526  -20.003  -23.258  74.731 0.3750000000
60630  -19.260  -22.792  74.716 0.3750000000
71205  -27.450  -11.360  70.117 1.0000000000
71216  -27.584  -11.618  69.169 1.0000000000
72343  -28.261  -11.277  68.612 1.0000000000
145552  -26.538  -12.204  70.168 1.0000000000
71204  -26.848  -11.696  70.369 1.0000000000
131920  -28.792  -13.258  68.186 1.0000000000
59538  -22.937  -23.552  73.355 0.1250000000
70118  -26.519  -12.642  69.347 1.0000000000
70130  -27.182  -13.311  68.547 1.0000000000
70131  -27.335  -12.472  68.936 1.0000000000
70151  -28.547  -14.056  67.808 1.0000000000
70138  -27.829  -14.138  68.098 1.0000000000
68064  -23.750  -14.717  68.952 0.8750000000
67016  -22.699  -15.999  69.375 0.8750000000
68065  -24.125  -14.336  69.297 1.0000000000
69084  -24.558  -14.301  68.389 0.8750000000
69073  -25.339  -13.507  68.881 1.0000000000
69094  -26.518  -14.287  67.599 1.0000000000
69085  -25.933  -13.655  68.089 1.0000000000
131161  -25.504  -14.128  67.707 1.0000000000
70150  -28.102  -14.425  67.293 1.0000000000
69106  -27.696  -14.606  66.865 1.0000000000
69105  -27.042  -14.792  67.001 0.8750000000
60670  -23.355  -21.659  70.985 0.6250000000
69093  -24.943  -14.794  67.369 0.8750000000
70166  -27.514  -14.735  66.264 0.8750000000
69117  -26.794  -15.057  65.720 0.8750000000
62842  -23.293  -20.936  69.953 0.5000000000
61777  -22.982  -21.180  70.596 0.6250000000
64805  -12.874  -17.239  84.839 0.2500000000
73379  -25.838  -9.649  76.906 0.8750000000
74410  -27.070  -8.608  76.380 1.0000000000
62704  -13.571  -19.408  80.014 0.7500000000
149173  -14.286  -19.022  79.040 0.7500000000
71122  -25.113  -10.643  75.956 1.0000000000
73393  -26.695  -9.461  75.545 1.0000000000
62710  -13.836  -19.619  79.046 0.7500000000
63870  -15.285  -19.203  77.051 0.6250000000
63845  -14.503  -19.630  77.590 0.6250000000
72280  -25.638  -10.719  74.576 1.0000000000
75448  -32.362  -7.432  72.072 0.3750000000
63891  -16.040  -19.577  76.414 0.7500000000
74469  -31.655  -8.344  70.886 0.6250000000
62767  -17.349  -20.623  75.117 0.6250000000
71164  -25.727  -11.603  72.778 1.0000000000
71181  -26.412  -11.397  71.961 1.0000000000
70085  -25.834  -11.975  71.833 1.0000000000
69032  -23.530  -14.166  72.368 1.0000000000
70100  -25.410  -12.458  71.227 1.0000000000
140795  -29.353  -13.210  67.922 1.0000000000
59536  -21.851  -23.206  73.519 0.2500000000
59547  -23.360  -23.290  72.904 0.1250000000
67006  -22.993  -15.308  70.122 1.0000000000
68050  -24.074  -14.227  70.107 1.0000000000
71263  -29.130  -14.365  66.700 1.0000000000
71262  -28.925  -14.375  66.769 0.8750000000
71285  -28.876  -14.443  65.650 0.8750000000
71261  -28.626  -14.380  67.017 1.0000000000
70190  -28.294  -14.340  65.383 0.7500000000
69118  -27.604  -14.600  65.511 0.7500000000
64976  -22.361  -18.995  69.974 0.7500000000
68130  -26.635  -15.897  64.545 0.7500000000
142730  -23.647  -12.372  79.024 0.6250000000
128243  -23.855  -11.927  77.490 0.8750000000
70053  -23.901  -12.450  75.125 1.0000000000
135097  -18.630  -20.241  74.872 0.7500000000
69022  -23.633  -13.415  73.038 1.0000000000
72378  -30.140  -12.704  67.613 1.0000000000
71277  -29.775  -14.336  66.629 1.0000000000
64970  -22.111  -18.035  70.917 0.7500000000
68146  -27.061  -16.087  63.958 0.7500000000
68147  -27.468  -15.641  63.391 0.5000000000
134284  -20.939  -17.656  77.905 1.0000000000
64899  -23.103  -17.939  77.951 0.8750000000
137510  -23.415  -14.185  79.431 0.7500000000
63833  -19.601  -17.312  78.639 1.0000000000
139751  -23.315  -15.000  77.855 0.8750000000
132611  -23.372  -18.081  77.716 0.8750000000
65842  -22.747  -16.680  77.679 0.8750000000
67981  -23.096  -15.370  77.130 0.8750000000
62718  -21.326  -18.112  77.331 1.0000000000
68994  -23.298  -14.522  77.051 0.8750000000
68983  -23.471  -13.374  76.794 0.8750000000
62730  -19.949  -18.486  76.286 1.0000000000
64914  -23.364  -17.988  77.094 0.8750000000
130216  -22.549  -16.615  76.016 0.8750000000
69001  -22.817  -14.327  75.632 0.8750000000
132331  -22.750  -14.055  74.092 1.0000000000
70061  -24.179  -12.376  74.435 1.0000000000
69012  -23.257  -13.428  73.899 1.0000000000
71231  -32.323  -12.156  67.436 1.0000000000
65905  -22.284  -16.728  71.856 1.0000000000
71264  -30.201  -13.686  67.262 1.0000000000
130346  -29.730  -14.504  65.972 1.0000000000
63942  -21.923  -19.008  71.138 0.7500000000
70193  -30.084  -15.038  64.545 1.0000000000
62814  -21.876  -20.162  72.251 0.7500000000
62754  -21.487  -18.836  75.838 1.0000000000
63906  -22.341  -18.464  75.723 1.0000000000
63896  -22.994  -18.102  76.648 1.0000000000
62755  -21.987  -18.817  75.851 1.0000000000
128855  -34.181  -9.391  69.601 0.5000000000
73479  -33.739  -10.093  68.943 0.5000000000
72363  -33.658  -11.581  68.100 0.6250000000
61689  -21.084  -20.246  74.303 1.0000000000
62774  -22.228  -18.214  74.376 1.0000000000
64939  -22.239  -17.754  73.821 1.0000000000
70152  -31.495  -13.702  66.920 1.0000000000
62800  -21.751  -19.768  72.982 0.7500000000
70180  -31.181  -14.726  65.436 1.0000000000
144373  -31.230  -15.135  64.789 1.0000000000
71251  -33.985  -12.498  67.358 0.6250000000
70195  -33.099  -15.182  64.058 1.0000000000
70140  -34.121  -12.310  67.465 0.6250000000
70181  -34.164  -13.993  65.657 0.8750000000
70196  -33.800  -14.538  64.167 0.8750000000
70222  -33.189  -15.231  62.121 1.0000000000
70234  -32.719  -14.584  61.813 1.0000000000
139144  -33.971  -11.637  61.605 0.8750000000
71340  -32.501  -12.995  60.479 1.0000000000
72458  -34.244  -11.478  60.898 0.8750000000
71348  -33.973  -11.837  58.710 0.8750000000
72461  -37.961  -11.548  59.851 0.6250000000
72475  -38.847  -11.672  59.407 0.5000000000
72476  -40.773  -11.256  59.001 0.2500000000
73592  -40.036  -10.896  57.500 0.7500000000
130246  -38.245  -12.588  56.928 0.8750000000
131599  -37.690  -11.272  54.383 0.8750000000
71409  -37.989  -12.277  54.847 0.8750000000
71408  -37.307  -12.880  54.505 0.8750000000
71421  -36.671  -12.419  53.393 0.8750000000
74570  -44.267  -8.758  62.521 0.1250000000
75564  -42.977  -8.980  60.128 0.1250000000
74619  -40.019  -9.595  57.410 0.8750000000
74627  -38.990  -10.214  56.338 0.8750000000
75575  -42.654  -8.642  59.732 0.2500000000
78789  -40.669  -5.421  54.214 1.0000000000
77739  -40.794  -5.958  52.946 1.0000000000
81786  -43.630  -2.651  55.587 0.5000000000
78800  -42.554  -5.614  52.936 0.8750000000
82728  -44.903  -1.774  55.775 0.3750000000
78801  -43.272  -5.472  52.952 0.8750000000
80797  -46.039  -3.282  54.776 0.3750000000
144219  -44.482  -4.812  53.530 0.6250000000
79849  -46.200  -4.474  49.708 0.8750000000
79800  -46.648  -3.926  54.137 0.5000000000
79824  -46.299  -4.592  53.098 0.5000000000
78830  -46.018  -4.936  52.097 0.7500000000
78831  -46.790  -4.749  52.300 0.5000000000
128418  -47.611  -4.579  52.198 0.3750000000
80830  -49.610  -3.667  52.330 0.2500000000
80849  -49.711  -4.167  50.479 0.3750000000
130412  -50.224  -3.967  50.031 0.3750000000
144485  -48.615  -3.438  53.583 0.1250000000
81801  -49.869  -2.450  54.181 0.1250000000
130097  -50.633  -2.472  53.709 0.1250000000
81797  -51.213  -2.043  54.177 0.1250000000
81815  -51.602  -2.524  52.340 0.2500000000
81816  -52.207  -2.040  52.735 0.2500000000
148609  -52.213  -1.805  53.513 0.1250000000
82741  -52.869  -1.523  53.184 0.1250000000
81832  -52.162  -2.284  51.733 0.2500000000
70167  -28.091  -14.554  66.532 1.0000000000
62690  -12.339  -20.794  80.778 0.6250000000
62703  -12.982  -20.065  80.420 0.6250000000
133620  -12.709  -20.858  80.047 0.5000000000
62709  -13.158  -20.434  79.451 0.5000000000
61644  -13.730  -21.254  77.950 0.2500000000
144223  -14.411  -21.554  77.471 0.3750000000
79519  -32.853  -3.152  78.465 0.2500000000
62691  -12.724  -19.750  81.305 0.6250000000
78477  -33.503  -3.553  77.914 0.2500000000
62716  -13.474  -20.539  78.598 0.6250000000
62717  -13.895  -20.116  78.085 0.6250000000
61652  -14.302  -20.654  77.433 0.3750000000
61667  -15.404  -20.859  76.451 0.3750000000
61669  -16.854  -21.709  75.634 0.3750000000
62749  -15.990  -20.421  76.093 0.6250000000
62865  -23.711  -20.695  69.488 0.5000000000
66009  -25.687  -16.896  65.444 0.7500000000
67111  -26.168  -16.510  65.001 0.6250000000
66028  -27.568  -17.029  64.131 0.1250000000
76422  -33.921  -6.236  74.195 0.2500000000
76437  -33.982  -6.530  73.516 0.2500000000
62882  -23.708  -20.199  68.948 0.5000000000
137322  -23.382  -18.252  68.163 0.6250000000
65955  -23.746  -17.933  67.500 0.7500000000
67045  -23.891  -16.354  66.929 0.7500000000
67068  -24.523  -16.727  66.429 0.7500000000
67097  -25.580  -16.295  65.689 0.7500000000
67121  -27.493  -16.556  63.560 0.3750000000
68110  -26.229  -15.699  65.219 0.7500000000
67132  -28.220  -16.323  62.413 0.2500000000
66046  -28.528  -17.120  62.737 0.2500000000
64810  -17.286  -16.540  84.938 0.3750000000
64809  -16.635  -16.522  84.839 0.3750000000
64826  -16.796  -16.559  84.410 0.3750000000
63798  -15.125  -17.355  82.041 0.6250000000
63809  -15.990  -17.081  81.652 0.7500000000
63818  -16.215  -17.071  80.766 0.7500000000
74453  -34.039  -7.686  71.369 0.2500000000
70204  -29.238  -14.364  64.143 0.7500000000
62864  -23.057  -20.375  69.402 0.6250000000
63965  -23.081  -19.668  68.918 0.5000000000
64992  -23.285  -18.867  68.565 0.6250000000
68077  -23.468  -15.850  67.712 0.7500000000
68090  -24.897  -15.442  66.827 0.7500000000
69104  -25.608  -15.263  66.705 0.7500000000
69138  -28.516  -14.226  64.634 0.7500000000
131065  -28.017  -14.948  63.212 0.6250000000
68164  -28.482  -15.570  62.317 0.3750000000
69116  -25.942  -15.520  65.968 0.7500000000
68163  -27.966  -15.584  62.742 0.5000000000
66060  -28.820  -16.879  61.941 0.2500000000
66061  -29.221  -17.593  62.376 0.2500000000
64825  -16.091  -16.570  84.466 0.3750000000
63767  -16.240  -16.693  83.965 0.5000000000
63784  -15.631  -17.030  83.441 0.5000000000
63785  -16.436  -16.837  83.167 0.5000000000
64839  -17.025  -16.645  83.652 0.5000000000
136371  -17.303  -16.562  84.302 0.5000000000
142034  -15.139  -17.313  82.857 0.5000000000
149526  -17.084  -16.732  82.771 0.6250000000
63799  -16.658  -16.872  82.241 0.6250000000
63810  -16.887  -16.877  81.372 0.7500000000
63819  -17.146  -16.956  80.552 0.7500000000
63831  -17.253  -17.163  78.983 0.8750000000
74486  -34.283  -8.675  70.300 0.2500000000
65927  -22.827  -17.113  69.027 0.7500000000
67029  -22.963  -16.385  68.384 0.7500000000
70205  -29.778  -14.857  63.477 0.7500000000
69185  -29.446  -14.863  62.727 0.7500000000
70220  -30.425  -15.293  63.438 0.8750000000
64982  -22.728  -18.782  69.312 0.6250000000
65939  -23.170  -17.442  68.216 0.6250000000
69165  -29.183  -14.464  63.329 0.7500000000
68165  -29.081  -15.291  62.153 0.5000000000
67149  -29.302  -16.589  61.187 0.3750000000
67148  -28.806  -16.015  61.831 0.5000000000
66076  -29.410  -17.440  61.480 0.3750000000
63800  -17.646  -16.644  82.773 0.7500000000
63811  -17.520  -16.751  81.913 0.6250000000
63820  -17.635  -16.878  81.099 0.7500000000
64865  -17.438  -17.053  79.817 0.8750000000
64878  -18.107  -17.132  79.299 0.8750000000
124415  -31.148  -15.468  63.361 0.8750000000
69187  -31.195  -15.513  62.586 0.8750000000
68178  -29.441  -15.727  61.511 0.5000000000
67164  -29.701  -16.774  60.481 0.5000000000
64857  -18.250  -16.789  81.187 0.7500000000
64866  -18.112  -16.965  80.324 0.8750000000
73458  -34.851  -9.180  70.036 0.2500000000
128827  -36.272  -9.399  70.531 0.2500000000
132593  -35.069  -9.762  69.627 0.3750000000
70233  -32.343  -15.438  61.922 0.7500000000
70207  -31.552  -15.449  63.686 0.8750000000
68190  -30.856  -15.073  60.149 0.6250000000
69199  -31.508  -15.345  61.574 0.6250000000
68198  -30.613  -15.951  59.674 0.6250000000
67942  -23.368  -14.410  80.417 0.5000000000
64867  -18.981  -16.743  80.421 0.7500000000
67951  -23.361  -15.124  79.503 0.6250000000
137643  -23.443  -12.756  80.533 0.5000000000
64879  -18.914  -17.013  79.476 0.8750000000
71217  -34.331  -11.451  68.286 0.5000000000
72331  -35.266  -10.344  69.230 0.3750000000
70253  -31.874  -13.619  60.107 0.7500000000
70243  -31.719  -14.367  60.597 0.6250000000
145572  -31.392  -15.313  58.406 0.6250000000
70252  -31.460  -14.249  59.790 0.6250000000
138734  -31.313  -14.655  60.248 0.6250000000
69237  -31.800  -14.865  57.933 0.5000000000
68218  -32.306  -15.415  57.429 0.5000000000
68219  -33.031  -16.029  57.218 0.2500000000
64880  -19.717  -16.915  79.504 0.8750000000
65818  -22.977  -16.313  78.938 0.7500000000
65807  -23.167  -16.056  79.692 0.6250000000
70244  -32.344  -14.058  60.943 0.8750000000
70267  -32.175  -12.935  58.351 0.6250000000
69238  -32.431  -14.290  57.154 0.6250000000
148736  -32.918  -13.966  56.662 0.6250000000
68229  -32.800  -15.172  56.893 0.6250000000
64868  -19.750  -16.554  80.235 0.8750000000
65806  -23.071  -16.153  79.932 0.6250000000
64881  -20.525  -17.006  79.526 0.8750000000
64882  -22.074  -17.302  79.030 0.7500000000
64883  -22.430  -17.432  78.535 0.7500000000
65817  -22.840  -16.509  79.093 0.7500000000
70268  -33.085  -12.765  57.607 0.6250000000
70278  -32.900  -13.474  56.919 0.6250000000
137755  -33.421  -13.778  56.442 0.6250000000
68231  -33.839  -15.806  56.239 0.3750000000
68243  -33.807  -15.100  56.078 0.3750000000
68244  -34.195  -15.700  55.682 0.3750000000
137230  -34.525  -16.209  55.310 0.3750000000
67235  -36.115  -16.868  54.248 0.5000000000
67248  -36.088  -16.206  53.688 0.5000000000
68267  -36.678  -15.940  53.225 0.5000000000
149332  -33.781  -12.219  58.016 0.7500000000
70279  -33.717  -13.125  56.793 0.6250000000
70280  -34.234  -13.605  56.234 0.6250000000
69248  -33.922  -14.322  56.049 0.5000000000
69257  -34.413  -14.920  55.511 0.5000000000
68254  -34.585  -15.635  54.987 0.5000000000
69268  -34.868  -15.009  54.703 0.5000000000
67233  -34.873  -16.260  54.718 0.5000000000
67234  -35.460  -16.288  54.177 0.5000000000
68281  -36.569  -15.219  52.889 0.5000000000
69301  -36.989  -14.819  52.518 0.5000000000
69302  -37.510  -14.315  52.255 0.3750000000
150308  -35.882  -11.644  63.894 0.3750000000
145413  -34.643  -11.948  57.908 0.7500000000
71357  -34.192  -12.525  57.333 0.7500000000
71358  -35.164  -12.365  57.192 0.7500000000
71375  -34.691  -12.944  56.639 0.6250000000
70297  -34.673  -14.157  55.758 0.6250000000
70298  -35.520  -13.962  55.492 0.6250000000
134465  -34.940  -14.477  55.181 0.6250000000
68255  -35.012  -15.664  54.338 0.5000000000
68265  -35.606  -15.690  53.834 0.5000000000
68266  -36.138  -15.527  53.378 0.6250000000
149189  -36.510  -14.550  52.742 0.5000000000
77749  -39.154  -6.515  52.930 0.8750000000
70348  -36.622  -13.212  52.650 0.5000000000
71435  -36.986  -12.485  52.301 0.5000000000
76679  -38.602  -7.101  52.469 0.6250000000
77751  -41.191  -6.282  52.034 0.7500000000
143696  -36.756  -14.024  52.456 0.5000000000
69315  -37.302  -13.376  52.108 0.3750000000
72567  -36.972  -11.495  52.375 0.5000000000
74675  -37.292  -9.688  51.912 0.5000000000
75653  -37.562  -8.757  51.914 0.6250000000
142467  -39.428  -7.658  50.852 0.6250000000
76692  -39.927  -6.945  50.981 0.6250000000
77771  -41.445  -6.635  51.235 0.7500000000
71447  -37.602  -12.649  51.875 0.2500000000
138197  -37.510  -11.933  51.821 0.3750000000
73656  -37.727  -10.245  51.428 0.5000000000
72600  -38.461  -10.024  50.840 0.3750000000
74689  -40.100  -9.106  49.976 0.6250000000
76693  -41.324  -6.818  50.775 0.6250000000
72505  -35.582  -11.877  57.800 0.7500000000
71376  -35.653  -12.831  56.529 0.6250000000
70281  -35.164  -13.499  56.064 0.6250000000
69258  -35.611  -14.349  54.671 0.6250000000
69286  -35.799  -15.164  53.651 0.6250000000
132353  -36.163  -14.752  53.236 0.6250000000
70347  -36.369  -13.943  52.918 0.6250000000
76669  -37.808  -7.641  53.145 0.7500000000
149843  -38.477  -7.074  53.321 0.7500000000
71434  -36.680  -12.378  52.799 0.6250000000
143164  -37.003  -10.089  52.483 0.5000000000
75640  -37.396  -8.353  52.767 0.6250000000
77752  -41.797  -6.378  51.808 0.7500000000
76705  -40.924  -7.362  50.299 0.6250000000
77772  -41.777  -6.655  51.141 0.7500000000
75681  -40.744  -8.903  49.606 0.5000000000
147880  -40.874  -8.364  49.688 0.6250000000
74708  -41.815  -9.822  48.786 0.3750000000
141666  -42.306  -10.155  48.700 0.2500000000
73707  -43.740  -10.040  48.335 0.1250000000
71360  -36.883  -12.607  57.348 0.8750000000
70282  -36.108  -13.367  55.948 0.6250000000
146929  -36.899  -13.250  56.002 0.7500000000
141768  -37.425  -12.851  56.577 0.8750000000
70299  -36.501  -13.632  55.268 0.6250000000
71392  -37.366  -13.120  55.620 0.8750000000
71377  -38.098  -12.711  56.031 0.8750000000
82711  -43.915  -1.593  57.010 0.2500000000
82720  -44.738  -1.221  56.633 0.2500000000
81780  -43.332  -2.142  56.516 0.2500000000
81781  -44.101  -1.897  56.087 0.2500000000
70317  -36.332  -13.998  54.453 0.6250000000
70300  -37.113  -13.467  54.899 0.7500000000
69270  -35.859  -14.587  53.911 0.6250000000
71407  -36.576  -13.423  53.974 0.7500000000
74639  -38.128  -10.050  55.197 0.7500000000
133397  -36.946  -11.429  53.488 0.7500000000
74638  -37.559  -9.241  54.566 0.7500000000
130641  -36.401  -13.234  53.097 0.6250000000
73625  -37.140  -10.593  53.607 0.7500000000
74651  -37.171  -9.718  53.664 0.7500000000
143967  -37.424  -8.193  53.356 0.7500000000
72550  -36.703  -11.511  52.942 0.7500000000
73641  -36.849  -10.765  52.696 0.6250000000
130517  -37.013  -9.305  52.699 0.7500000000
76694  -41.611  -6.822  50.725 0.7500000000
75682  -41.261  -8.448  49.354 0.5000000000
76714  -41.796  -7.412  49.551 0.6250000000
75692  -41.940  -8.981  48.706 0.3750000000
75693  -42.699  -8.792  48.230 0.5000000000
74709  -42.628  -9.562  48.410 0.2500000000
74710  -43.345  -9.686  48.235 0.2500000000
81757  -42.908  -2.762  58.046 0.3750000000
81768  -43.325  -2.071  57.526 0.2500000000
83618  -45.183  -0.704  57.421 0.2500000000
75622  -37.932  -8.370  54.860 0.8750000000
77773  -41.964  -6.578  51.246 0.7500000000
77786  -42.598  -6.487  50.761 0.7500000000
75683  -41.729  -8.066  49.032 0.5000000000
76718  -42.192  -7.717  48.759 0.6250000000
150150  -42.246  -8.365  48.520 0.3750000000
75700  -43.140  -8.429  47.855 0.5000000000
75701  -43.647  -8.263  47.477 0.5000000000
74725  -43.403  -9.017  47.948 0.3750000000
76752  -48.021  -7.507  45.250 0.2500000000
77850  -48.541  -5.938  43.946 0.1250000000
78897  -48.824  -5.565  43.403 0.1250000000
78908  -49.106  -5.114  42.786 0.1250000000
79906  -49.332  -4.550  42.172 0.2500000000
79907  -50.053  -4.508  41.988 0.1250000000
79918  -49.646  -3.896  41.536 0.2500000000
77792  -42.730  -6.493  49.874 0.7500000000
77799  -42.865  -6.426  48.853 0.5000000000
77806  -42.721  -7.227  48.232 0.5000000000
76734  -43.672  -7.532  47.138 0.5000000000
76735  -44.173  -7.213  46.545 0.5000000000
76736  -44.927  -7.659  46.406 0.3750000000
76748  -44.661  -6.955  46.026 0.5000000000
76750  -46.206  -7.216  45.532 0.3750000000
76751  -47.078  -7.374  45.362 0.2500000000
76760  -47.485  -6.839  44.881 0.2500000000
77834  -47.855  -6.247  44.294 0.1250000000
137628  -47.949  -5.522  43.576 0.2500000000
78907  -48.416  -5.128  43.038 0.2500000000
79905  -48.442  -4.556  42.466 0.1250000000
79917  -48.818  -4.060  41.845 0.3750000000
80926  -50.400  -3.411  41.087 0.2500000000
78845  -44.073  -5.598  50.033 0.7500000000
78853  -43.361  -5.695  48.521 0.6250000000
139002  -43.226  -7.131  47.501 0.5000000000
77812  -43.566  -6.731  46.915 0.5000000000
78867  -43.505  -5.866  46.824 0.5000000000
77813  -44.112  -6.311  46.139 0.3750000000
77823  -44.910  -6.409  45.537 0.3750000000
77824  -45.764  -6.480  45.143 0.3750000000
77833  -46.374  -6.117  44.559 0.3750000000
77849  -47.006  -5.732  43.982 0.3750000000
78896  -46.629  -5.031  43.683 0.3750000000
147553  -47.286  -5.169  43.464 0.3750000000
78906  -47.794  -4.877  43.034 0.3750000000
79904  -47.642  -4.234  42.629 0.3750000000
79916  -48.173  -3.813  42.057 0.3750000000
81907  -48.513  -2.682  41.563 0.3750000000
82849  -49.760  -1.589  40.837 0.5000000000
83747  -50.309  -0.858  40.628 0.3750000000
80924  -48.798  -3.304  41.493 0.3750000000
80925  -49.668  -3.031  41.044 0.3750000000
81914  -49.989  -2.293  40.733 0.3750000000
82850  -50.486  -1.608  40.404 0.3750000000
140211  -51.938  -0.561  39.573 0.3750000000
82855  -51.660  -1.240  39.693 0.2500000000
82857  -53.277  -1.055  38.938 0.2500000000
82862  -53.929  -0.878  38.465 0.1250000000
78844  -43.386  -5.924  49.510 0.7500000000
78854  -43.880  -5.269  49.139 0.7500000000
78868  -43.903  -5.411  46.141 0.6250000000
78877  -44.624  -5.566  45.463 0.3750000000
78878  -45.247  -5.922  45.070 0.3750000000
129992  -54.230  1.475  44.770 0.5000000000
86249  -54.588  2.021  44.502 0.1250000000
86245  -55.073  2.386  44.936 0.1250000000
86246  -55.704  3.038  45.031 0.1250000000
87067  -56.545  3.626  44.437 0.1250000000
130105  -45.382  -5.256  44.705 0.3750000000
77832  -45.742  -5.852  44.698 0.3750000000
77848  -46.142  -5.487  44.221 0.3750000000
85342  -53.519  1.442  43.786 0.6250000000
85348  -53.959  1.902  43.500 0.2500000000
86253  -54.535  2.328  43.701 0.2500000000
86250  -55.123  2.645  44.208 0.1250000000
87066  -55.702  3.125  44.412 0.1250000000
129747  -56.325  3.546  43.997 0.1250000000
79903  -47.037  -3.974  42.961 0.3750000000
80909  -47.122  -3.268  42.975 0.5000000000
84525  -52.235  1.460  41.860 0.7500000000
85347  -53.449  1.886  42.875 0.7500000000
87072  -55.713  3.224  43.884 0.3750000000
82844  -49.184  -1.409  41.587 0.5000000000
83740  -49.796  -0.907  41.213 0.5000000000
85355  -51.931  1.354  40.966 0.6250000000
138596  -52.439  1.758  41.259 0.7500000000
86262  -53.441  2.379  41.971 0.7500000000
86252  -54.050  2.351  42.842 0.3750000000
87075  -54.743  3.014  42.855 0.3750000000
86254  -55.140  2.895  43.641 0.3750000000
83751  -51.068  -0.834  40.000 0.3750000000
84530  -51.533  0.109  39.957 0.5000000000
85362  -52.644  1.116  39.667 0.6250000000
149726  -53.214  2.362  40.392 0.7500000000
86263  -54.093  2.844  41.935 0.5000000000
83752  -52.750  -0.385  39.174 0.2500000000
84532  -52.999  0.469  39.075 0.3750000000
142896  -51.073  -3.015  48.924 0.3750000000
81846  -51.814  -2.493  48.728 0.2500000000
81850  -50.587  -2.771  48.128 0.3750000000
81858  -51.426  -2.429  48.065 0.3750000000
82792  -52.880  -1.664  47.556 0.2500000000
82793  -53.724  -1.140  47.468 0.1250000000
78860  -43.532  -5.420  47.616 0.6250000000
78861  -43.792  -5.065  48.326 0.7500000000
79857  -44.569  -4.656  48.764 0.7500000000
80875  -49.086  -3.109  47.912 0.6250000000
80876  -49.818  -3.008  48.085 0.5000000000
81866  -50.989  -2.226  47.247 0.3750000000
82791  -52.009  -1.939  47.321 0.2500000000
83690  -54.165  -0.680  46.792 0.2500000000
79862  -43.661  -5.130  46.882 0.7500000000
124605  -48.376  -3.026  47.674 0.7500000000
81855  -48.817  -2.701  47.191 0.7500000000
81857  -50.169  -2.595  47.562 0.5000000000
81865  -50.121  -2.286  46.872 0.7500000000
82800  -51.780  -1.591  46.541 0.3750000000
82802  -53.512  -1.093  46.750 0.2500000000
134663  -53.290  -0.835  46.121 0.3750000000
83695  -53.975  -0.537  46.237 0.2500000000
146205  -54.713  0.154  46.742 0.1250000000
90628  -59.145  7.047  47.626 0.1250000000
79868  -44.071  -4.616  46.490 0.7500000000
80884  -47.518  -2.666  46.678 0.7500000000
81876  -49.926  -1.819  46.114 0.7500000000
82811  -52.479  -1.020  45.974 0.3750000000
148005  -53.036  -0.529  45.695 0.6250000000
145627  -54.182  -0.155  45.989 0.2500000000
84506  -54.368  0.216  45.942 0.1250000000
85324  -54.966  1.186  46.298 0.1250000000
86224  -55.390  1.642  46.840 0.1250000000
87938  -59.200  5.256  47.204 0.1250000000
89758  -59.511  6.295  47.089 0.1250000000
126462  -44.284  -4.914  45.724 0.6250000000
78885  -44.802  -4.716  45.167 0.5000000000
80885  -48.122  -2.672  46.954 0.7500000000
81864  -49.320  -2.339  46.649 0.7500000000
81875  -49.049  -1.974  45.856 0.7500000000
82799  -50.840  -1.736  46.361 0.7500000000
82819  -51.344  -0.877  45.251 0.7500000000
83702  -52.256  -0.486  45.288 0.6250000000
83713  -53.632  0.216  45.464 0.5000000000
83704  -54.029  0.195  45.687 0.2500000000
85332  -54.613  0.907  45.817 0.1250000000
86237  -55.289  2.028  46.124 0.1250000000
86238  -55.676  2.836  45.802 0.1250000000
87047  -57.080  3.944  45.787 0.1250000000
87936  -57.907  4.384  46.328 0.1250000000
131250  -59.175  5.093  46.407 0.1250000000
87954  -59.383  5.032  45.598 0.1250000000
129925  -59.518  5.582  46.459 0.1250000000
90627  -58.810  7.954  47.307 0.1250000000
79877  -45.436  -4.380  44.584 0.3750000000
82808  -49.693  -1.462  45.157 0.7500000000
82818  -50.639  -0.919  44.792 0.7500000000
133775  -51.469  -0.507  44.818 0.7500000000
83712  -53.237  0.468  44.976 0.6250000000
85337  -53.847  1.207  44.654 0.5000000000
85339  -54.555  1.567  45.196 0.2500000000
87058  -56.355  3.480  45.331 0.1250000000
87059  -57.254  3.989  44.820 0.1250000000
87953  -58.737  4.714  45.889 0.1250000000
135029  -58.963  4.515  44.978 0.1250000000
88899  -59.790  5.470  45.279 0.1250000000
89780  -59.753  6.145  45.942 0.1250000000
80907  -46.009  -4.017  44.003 0.5000000000
80908  -46.588  -3.674  43.485 0.5000000000
82826  -50.301  -0.743  44.149 0.7500000000
83720  -51.678  0.230  43.795 0.7500000000
85341  -52.914  1.059  43.770 0.6250000000
87971  -57.993  4.143  43.691 0.1250000000
79892  -46.540  -4.354  43.544 0.5000000000
81890  -47.462  -2.546  43.301 0.5000000000
81891  -48.035  -2.100  42.812 0.5000000000
82825  -49.623  -0.916  43.616 0.7500000000
83718  -50.017  -0.471  42.921 0.7500000000
84517  -51.381  0.644  42.376 0.7500000000
85346  -52.756  1.401  42.898 0.6250000000
87085  -55.439  3.648  42.330 0.3750000000
87073  -56.443  3.695  43.525 0.3750000000
81900  -47.625  -2.848  42.434 0.5000000000
82836  -48.569  -1.679  42.256 0.5000000000
82837  -49.222  -0.984  42.593 0.6250000000
83731  -50.571  0.071  42.370 0.7500000000
87089  -54.699  3.569  40.709 0.5000000000
87084  -54.698  3.415  41.747 0.3750000000
87076  -55.632  3.405  43.218 0.3750000000
85364  -53.977  1.891  38.884 0.6250000000
86268  -53.549  2.390  39.763 0.7500000000
86266  -54.064  3.120  40.197 0.6250000000
85366  -53.875  1.149  38.607 0.5000000000
85359  -52.944  1.924  40.019 0.7500000000
84535  -54.068  0.536  38.277 0.3750000000
83758  -54.796  -0.306  37.630 0.2500000000
80858  -50.678  -3.673  49.508 0.3750000000
142716  -47.933  -3.267  48.066 0.6250000000
79863  -44.072  -4.575  47.588 0.7500000000
79864  -45.028  -3.919  48.004 0.7500000000
136165  -47.354  -3.231  48.035 0.7500000000
79869  -44.639  -3.876  46.941 0.7500000000
80872  -45.547  -3.357  47.298 0.7500000000
80873  -46.626  -3.090  47.548 0.7500000000
80874  -47.584  -2.920  47.392 0.7500000000
80881  -44.582  -4.170  45.925 0.7500000000
80882  -45.215  -3.475  46.275 0.7500000000
136164  -46.015  -2.959  46.589 0.7500000000
80894  -45.138  -3.842  45.308 0.7500000000
124275  -45.756  -3.169  45.648 0.7500000000
80895  -46.415  -2.824  45.155 0.7500000000
80896  -47.076  -2.627  46.016 0.7500000000
81863  -48.553  -2.383  46.433 0.7500000000
81874  -48.215  -2.139  45.613 0.7500000000
90640  -58.963  7.804  46.370 0.1250000000
80901  -45.722  -3.527  44.722 0.5000000000
81873  -47.351  -2.396  45.230 0.7500000000
146847  -59.075  4.433  43.994 0.1250000000
87965  -59.667  4.883  44.643 0.1250000000
89781  -60.073  5.848  44.903 0.1250000000
89795  -59.971  6.320  44.629 0.1250000000
140438  -58.908  7.772  45.385 0.1250000000
81889  -46.862  -2.930  43.716 0.5000000000
125258  -47.919  -2.055  44.810 0.6250000000
81883  -48.661  -1.778  44.964 0.7500000000
82817  -49.102  -1.417  44.234 0.7500000000
149167  -57.658  4.037  43.463 0.1250000000
87973  -60.036  4.767  43.747 0.1250000000
88908  -60.115  5.286  44.293 0.1250000000
81882  -48.147  -1.913  43.943 0.5000000000
149032  -56.018  4.052  41.856 0.3750000000
87077  -56.415  3.955  42.695 0.3750000000
85367  -54.366  1.342  38.247 0.5000000000
86273  -54.540  2.253  38.520 0.5000000000
84538  -55.078  0.476  37.368 0.2500000000
79858  -45.636  -4.176  48.921 0.7500000000
80862  -46.057  -3.554  48.232 0.7500000000
85368  -54.779  1.869  37.978 0.5000000000
85381  -55.394  1.238  37.161 0.2500000000
86274  -55.116  2.577  38.084 0.5000000000
132507  -22.720  -17.840  69.444 0.6250000000
68955  -23.381  -13.420  80.061 0.5000000000
69163  -27.828  -14.685  63.934 0.6250000000
75450  -34.599  -7.406  72.069 0.2500000000
144068  -17.989  -17.375  78.537 0.8750000000
72348  -34.622  -10.993  68.611 0.5000000000
71233  -34.147  -11.789  67.900 0.5000000000
71252  -34.457  -11.761  67.423 0.5000000000
71359  -36.066  -12.341  57.150 0.7500000000
71393  -37.798  -12.863  55.239 0.7500000000
75621  -37.554  -8.226  53.984 0.7500000000
77750  -40.199  -6.268  52.455 0.8750000000
77774  -42.528  -6.308  51.414 0.6250000000
80867  -50.276  -3.393  48.764 0.5000000000
68078  -23.972  -14.980  68.028 0.7500000000
68089  -24.249  -15.520  67.214 0.7500000000
71234  -34.753  -11.639  67.802 0.5000000000
62677  -12.119  -20.397  81.684 0.6250000000
61668  -16.071  -21.301  76.017 0.3750000000
129950  -23.034  -18.057  68.798 0.6250000000
63994  -23.858  -18.730  68.007 0.6250000000
67044  -23.400  -16.867  67.508 0.7500000000
68096  -24.569  -16.037  66.601 0.7500000000
68097  -25.225  -15.829  66.315 0.7500000000
67131  -27.725  -16.193  62.939 0.2500000000
67122  -27.977  -16.706  62.991 0.1250000000
69164  -28.596  -14.423  63.653 0.7500000000
68148  -28.654  -14.878  62.797 0.5000000000
133767  -15.847  -17.107  82.576 0.5000000000
69197  -29.805  -15.183  62.001 0.5000000000
66090  -29.679  -17.344  60.662 0.3750000000
69210  -31.393  -14.837  60.855 0.6250000000
69200  -32.265  -14.988  61.154 0.7500000000
69219  -31.211  -14.804  59.609 0.6250000000
66896  -23.282  -15.378  80.116 0.5000000000
69226  -31.494  -14.579  58.860 0.6250000000
70260  -31.720  -13.581  59.099 0.7500000000
68199  -30.988  -15.420  59.077 0.6250000000
67198  -31.704  -15.746  57.966 0.5000000000
69227  -31.913  -13.887  58.137 0.5000000000
142888  -32.386  -13.384  57.567 0.6250000000
68230  -33.385  -15.474  56.591 0.3750000000
69247  -33.178  -14.555  56.465 0.6250000000
67211  -34.315  -16.526  56.119 0.2500000000
67222  -35.026  -16.848  55.348 0.2500000000
66174  -35.011  -17.083  56.106 0.2500000000
68282  -37.222  -15.543  52.825 0.3750000000
125264  -37.730  -15.075  52.521 0.3750000000
69269  -35.362  -15.083  54.082 0.6250000000
76691  -38.960  -7.328  51.499 0.6250000000
75641  -38.038  -7.842  52.125 0.6250000000
76680  -39.557  -6.694  51.911 0.7500000000
77770  -40.619  -6.567  51.468 0.7500000000
73655  -37.163  -10.541  52.086 0.5000000000
72582  -37.555  -11.085  51.680 0.3750000000
74676  -37.956  -9.351  51.233 0.5000000000
75654  -38.541  -8.340  51.195 0.6250000000
75670  -39.556  -8.452  50.447 0.6250000000
75655  -40.199  -7.523  50.454 0.6250000000
126863  -40.770  -6.865  50.792 0.6250000000
134771  -38.123  -11.579  51.446 0.3750000000
72583  -38.436  -10.875  51.142 0.3750000000
74688  -38.811  -9.232  50.667 0.6250000000
73668  -39.162  -9.920  50.367 0.5000000000
75671  -40.474  -8.216  50.010 0.6250000000
145292  -39.483  -9.334  50.277 0.6250000000
126918  -36.542  -12.875  56.585 0.6250000000
70334  -36.247  -14.076  53.536 0.7500000000
74650  -36.844  -10.188  53.030 0.7500000000
76706  -41.368  -7.181  50.276 0.6250000000
74696  -40.574  -9.674  49.575 0.5000000000
74697  -41.270  -9.383  49.192 0.3750000000
73688  -41.167  -10.010  49.235 0.3750000000
73624  -36.787  -10.863  53.114 0.7500000000
75630  -37.205  -8.794  53.536 0.7500000000
76713  -41.419  -7.625  49.724 0.6250000000
77785  -41.849  -6.762  50.827 0.7500000000
76707  -41.671  -7.080  50.170 0.6250000000
77798  -42.279  -7.026  49.241 0.6250000000
77791  -42.110  -6.909  50.003 0.7500000000
76726  -42.675  -8.097  48.149 0.5000000000
74726  -44.002  -9.458  47.941 0.2500000000
76727  -43.160  -7.811  47.661 0.5000000000
75702  -44.172  -8.750  47.453 0.3750000000
76761  -48.209  -6.878  44.778 0.1250000000
138954  -43.172  -6.332  47.740 0.5000000000
145268  -45.480  -8.213  46.592 0.3750000000
76759  -46.660  -6.722  45.006 0.3750000000
131939  -47.057  -6.346  44.510 0.3750000000
80938  -50.313  -2.792  40.766 0.2500000000
78895  -45.991  -4.766  44.081 0.3750000000
79893  -47.125  -4.598  43.197 0.3750000000
81906  -48.048  -3.120  41.873 0.3750000000
81908  -49.153  -2.369  41.143 0.3750000000
82843  -48.632  -2.095  41.614 0.5000000000
83741  -50.279  -0.237  41.355 0.5000000000
81925  -51.144  -1.708  40.009 0.3750000000
82856  -52.478  -1.250  39.413 0.2500000000
83754  -53.413  -0.227  38.725 0.2500000000
83755  -53.836  -0.065  38.374 0.2500000000
85343  -54.133  1.694  44.147 0.2500000000
80918  -47.593  -3.560  42.446 0.3750000000
141584  -52.002  1.100  42.425 0.7500000000
84524  -51.526  0.952  41.548 0.6250000000
85356  -52.846  1.902  42.010 0.7500000000
81901  -48.128  -2.420  41.964 0.5000000000
83730  -49.771  -0.591  41.983 0.5000000000
83748  -50.853  0.038  40.633 0.5000000000
84523  -50.873  0.423  41.537 0.6250000000
141706  -51.113  0.582  41.052 0.6250000000
84527  -51.449  0.696  40.666 0.6250000000
84528  -52.029  0.878  40.160 0.6250000000
85358  -52.448  1.595  40.495 0.7500000000
86261  -52.879  2.227  40.998 0.7500000000
86265  -53.541  2.756  40.888 0.6250000000
84531  -52.308  0.268  39.539 0.6250000000
84534  -53.593  0.551  38.648 0.2500000000
85363  -53.338  1.387  39.160 0.6250000000
82785  -52.558  -2.077  48.536 0.2500000000
141457  -52.159  -2.150  48.024 0.2500000000
82801  -52.690  -1.394  46.664 0.3750000000
81856  -49.524  -2.681  47.394 0.7500000000
83696  -54.437  -0.169  46.356 0.1250000000
85323  -54.686  0.407  46.338 0.1250000000
80883  -46.897  -2.799  46.713 0.7500000000
82809  -50.667  -1.324  45.588 0.7500000000
82810  -51.583  -1.186  45.807 0.7500000000
83694  -53.702  -0.260  45.802 0.6250000000
86225  -55.752  2.499  46.618 0.1250000000
87937  -58.662  4.810  46.862 0.1250000000
90641  -59.374  6.992  46.735 0.1250000000
81862  -47.809  -2.446  46.195 0.7500000000
138330  -52.690  0.163  44.929 0.6250000000
83711  -51.984  -0.016  44.564 0.7500000000
84510  -53.738  0.662  45.144 0.5000000000
85338  -54.184  0.849  45.366 0.2500000000
85333  -54.916  1.729  45.666 0.1250000000
128559  -55.284  2.407  45.507 0.1250000000
141469  -49.874  -1.106  44.397 0.7500000000
83710  -51.048  -0.363  44.168 0.7500000000
84513  -53.345  0.933  44.459 0.6250000000
83721  -52.612  0.556  44.263 0.6250000000
87952  -58.020  4.327  45.321 0.1250000000
87068  -57.466  4.000  44.128 0.1250000000
87964  -58.156  4.244  44.411 0.1250000000
148963  -59.895  6.224  45.296 0.1250000000
80902  -46.321  -3.252  44.198 0.5000000000
136393  -50.359  -0.511  43.654 0.6250000000
84512  -52.118  0.791  43.253 0.7500000000
83732  -51.310  0.350  43.052 0.7500000000
83719  -50.837  -0.117  43.336 0.7500000000
87970  -57.194  3.901  43.753 0.1250000000
82824  -48.726  -1.439  43.245 0.6250000000
133702  -54.163  3.205  41.094 0.5000000000
84537  -54.513  0.502  37.846 0.2500000000
139860  -46.418  -2.825  46.013 0.7500000000
91496  -58.543  8.644  46.052 0.1250000000
81872  -46.816  -2.705  44.479 0.6250000000
81881  -47.386  -2.387  44.226 0.5000000000
87972  -58.716  4.295  43.317 0.1250000000
61500  -3.933  -21.568  90.271 0.1250000000
61501  -4.228  -21.352  90.306 0.2500000000
61492  -4.399  -21.598  90.485 0.2500000000
61516  -3.757  -21.098  89.738 0.2500000000
61491  -4.075  -22.053  90.736 0.1250000000
60476  -3.555  -21.867  89.903 0.1250000000
61503  -5.703  -21.985  90.002 0.2500000000
61530  -3.574  -21.854  88.397 0.1250000000
62599  -4.619  -20.718  90.107 0.2500000000
62598  -4.187  -20.678  89.984 0.3750000000
137955  -4.937  -20.845  90.193 0.2500000000
61515  -3.572  -21.449  89.204 0.3750000000
61502  -5.377  -21.184  90.148 0.2500000000
63713  -4.809  -19.817  89.999 0.3750000000
62596  -5.185  -19.969  90.155 0.3750000000
127170  -3.926  -20.387  89.466 0.3750000000
144946  -4.087  -19.812  89.203 0.3750000000
62597  -5.677  -20.206  90.188 0.3750000000
62603  -3.698  -20.800  89.166 0.3750000000
62613  -3.857  -20.211  88.673 0.3750000000
61504  -6.091  -21.017  89.627 0.2500000000
62624  -3.978  -20.619  87.685 0.3750000000
61518  -6.590  -21.465  89.006 0.2500000000
60478  -6.444  -22.544  88.912 0.2500000000
61531  -6.984  -21.926  88.414 0.2500000000
60499  -7.524  -23.130  87.207 0.2500000000
60488  -7.277  -22.432  87.819 0.2500000000
60512  -8.072  -22.487  86.722 0.2500000000
60523  -8.254  -22.981  86.095 0.2500000000
59431  -8.954  -23.669  85.093 0.1250000000
58456  -11.638  -24.310  82.307 0.1250000000
133524  -4.373  -19.879  89.622 0.3750000000
63708  -5.345  -19.359  90.125 0.3750000000
63729  -4.308  -19.793  87.794 0.3750000000
63722  -4.306  -19.476  88.706 0.2500000000
61519  -7.224  -20.864  88.535 0.3750000000
61532  -7.604  -21.373  87.936 0.2500000000
60524  -8.814  -22.585  85.444 0.2500000000
59430  -8.508  -23.567  85.627 0.1250000000
60532  -9.178  -22.918  84.606 0.2500000000
58442  -10.314  -24.084  83.292 0.1250000000
59457  -10.559  -23.398  82.677 0.1250000000
59458  -11.216  -23.657  82.167 0.1250000000
59459  -11.888  -23.898  81.764 0.1250000000
63712  -4.828  -19.206  89.717 0.2500000000
140727  -5.200  -18.643  89.796 0.2500000000
63710  -6.046  -19.172  90.261 0.3750000000
63714  -6.186  -19.433  90.127 0.3750000000
64780  -4.802  -18.845  88.882 0.2500000000
62601  -6.430  -19.838  89.689 0.5000000000
62604  -6.728  -20.319  89.073 0.3750000000
60525  -9.473  -21.929  84.963 0.3750000000
60533  -9.712  -22.374  84.171 0.2500000000
136992  -9.986  -23.013  83.429 0.2500000000
60545  -11.003  -22.679  82.213 0.2500000000
59467  -11.455  -23.027  81.545 0.1250000000
59468  -12.230  -23.395  81.034 0.1250000000
59469  -13.131  -23.933  80.913 0.1250000000
136567  -14.115  -24.199  80.912 0.1250000000
59478  -14.584  -23.822  80.076 0.1250000000
59479  -15.395  -23.727  79.688 0.1250000000
59476  -12.784  -23.301  80.424 0.1250000000
59477  -13.534  -23.630  80.190 0.1250000000
59486  -14.731  -23.379  79.232 0.1250000000
148125  -14.854  -22.973  78.593 0.1250000000
65742  -5.989  -17.726  90.070 0.1250000000
133312  -6.439  -17.981  90.339 0.1250000000
64767  -6.763  -18.009  90.281 0.2500000000
64776  -5.484  -17.943  89.579 0.1250000000
64770  -5.600  -18.383  90.077 0.2500000000
130487  -6.090  -18.174  90.282 0.2500000000
64766  -6.195  -18.567  90.306 0.2500000000
132498  -22.160  -10.932  85.268 0.1250000000
73277  -21.972  -10.198  85.229 0.1250000000
73278  -22.235  -10.198  85.208 0.1250000000
64771  -7.128  -18.352  90.042 0.2500000000
63716  -7.460  -18.663  89.609 0.5000000000
72142  -22.353  -11.673  85.316 0.1250000000
65751  -5.198  -18.395  88.507 0.2500000000
63711  -6.503  -18.733  90.237 0.5000000000
62602  -7.081  -19.341  89.335 0.5000000000
63719  -7.749  -18.965  89.058 0.5000000000
61577  -10.028  -21.347  84.458 0.5000000000
61585  -10.229  -21.813  83.637 0.2500000000
60539  -10.525  -22.278  82.872 0.1250000000
60556  -12.965  -22.668  79.824 0.1250000000
60566  -13.385  -22.336  79.054 0.1250000000
59485  -13.878  -23.210  79.464 0.1250000000
60567  -14.143  -22.753  78.766 0.1250000000
60598  -15.096  -22.086  77.386 0.2500000000
63995  -24.455  -19.141  68.058 0.5000000000
65740  -6.708  -17.628  90.255 0.1250000000
74339  -21.900  -9.578  85.084 0.1250000000
75327  -23.075  -8.090  84.398 0.2500000000
76325  -23.517  -7.462  84.052 0.2500000000
64772  -7.719  -18.048  89.722 0.2500000000
71022  -21.635  -12.701  85.222 0.1250000000
72141  -21.901  -11.810  85.265 0.1250000000
75316  -22.216  -8.940  85.135 0.1250000000
134894  -22.497  -8.615  84.715 0.1250000000
76337  -24.011  -7.255  83.768 0.2500000000
67908  -21.281  -14.698  85.421 0.1250000000
137918  -21.872  -13.560  85.161 0.1250000000
71024  -22.471  -12.296  85.191 0.1250000000
69970  -22.542  -12.887  84.822 0.1250000000
73279  -22.496  -10.114  85.085 0.1250000000
73286  -23.071  -10.344  84.435 0.1250000000
74349  -23.680  -8.721  83.725 0.2500000000
74350  -24.171  -8.447  83.169 0.2500000000
146597  -24.411  -8.685  82.380 0.2500000000
75351  -25.703  -7.559  81.003 0.2500000000
66862  -21.495  -15.006  85.122 0.1250000000
68926  -22.218  -13.547  84.823 0.1250000000
68930  -22.591  -13.930  84.298 0.1250000000
69971  -22.972  -12.953  84.379 0.1250000000
72151  -23.231  -11.141  84.257 0.1250000000
137625  -23.554  -12.011  83.309 0.2500000000
74356  -23.943  -9.277  83.171 0.2500000000
75345  -25.093  -7.757  82.028 0.2500000000
66866  -21.829  -14.907  84.651 0.1250000000
67911  -22.172  -14.474  84.398 0.1250000000
68931  -23.028  -13.492  84.093 0.1250000000
134861  -23.246  -13.435  83.684 0.1250000000
72166  -23.616  -11.132  82.855 0.2500000000
132774  -23.960  -10.504  82.197 0.2500000000
73300  -24.368  -9.460  81.554 0.2500000000
75358  -25.526  -8.236  80.449 0.2500000000
74373  -25.630  -8.393  79.836 0.2500000000
147089  -25.972  -8.052  79.521 0.3750000000
131357  -21.817  -15.029  84.348 0.2500000000
133590  -22.416  -14.846  83.372 0.2500000000
67915  -22.954  -14.319  83.411 0.1250000000
68936  -23.329  -13.344  83.425 0.1250000000
69983  -23.525  -12.583  82.910 0.2500000000
72171  -23.756  -11.358  82.324 0.2500000000
72177  -23.854  -11.374  81.651 0.2500000000
73318  -24.440  -9.632  80.634 0.2500000000
61562  -9.477  -20.462  85.960 0.3750000000
65785  -22.163  -15.209  82.932 0.2500000000
67926  -23.240  -14.623  82.630 0.2500000000
67927  -23.380  -14.300  82.335 0.2500000000
71045  -23.731  -12.162  82.172 0.2500000000
71053  -23.780  -11.713  81.051 0.3750000000
72186  -23.999  -10.889  80.573 0.3750000000
73326  -24.396  -9.915  80.068 0.3750000000
61570  -9.796  -20.950  85.269 0.5000000000
61593  -11.068  -21.646  82.455 0.5000000000
60550  -11.375  -22.021  81.708 0.2500000000
61602  -11.866  -21.368  81.341 0.2500000000
60551  -11.849  -22.351  81.102 0.1250000000
61617  -12.443  -21.661  80.174 0.2500000000
61631  -12.871  -21.514  79.509 0.1250000000
61643  -13.265  -21.362  78.756 0.2500000000
60582  -13.671  -22.069  78.399 0.1250000000
61653  -14.905  -21.216  77.014 0.2500000000
65956  -24.427  -17.950  66.955 0.5000000000
66837  -7.033  -16.574  90.012 0.1250000000
66831  -6.885  -17.057  90.055 0.1250000000
66842  -6.351  -16.739  89.591 0.1250000000
66836  -6.437  -17.113  89.944 0.1250000000
133893  -7.235  -17.257  90.054 0.1250000000
144966  -5.705  -17.299  89.270 0.1250000000
65739  -6.452  -17.643  90.234 0.1250000000
67906  -20.093  -15.355  85.874 0.1250000000
68923  -20.446  -14.084  85.439 0.1250000000
69961  -20.984  -13.131  85.255 0.1250000000
72146  -20.855  -12.509  84.997 0.1250000000
74338  -21.681  -9.581  84.919 0.1250000000
133714  -22.797  -6.899  84.121 0.2500000000
77356  -23.720  -6.386  83.712 0.2500000000
77357  -24.222  -6.234  83.456 0.2500000000
64768  -7.428  -17.692  90.004 0.1250000000
68924  -21.137  -13.718  85.344 0.1250000000
72140  -21.438  -11.695  85.009 0.1250000000
73284  -21.688  -10.238  85.042 0.1250000000
76323  -22.186  -7.960  84.706 0.2500000000
75326  -22.566  -7.942  84.576 0.2500000000
77358  -24.630  -6.252  83.104 0.2500000000
133409  -25.081  -7.025  82.517 0.2500000000
63717  -8.000  -18.339  89.272 0.3750000000
63720  -8.317  -18.551  88.682 0.3750000000
66860  -20.243  -15.794  85.753 0.1250000000
66861  -20.943  -15.267  85.419 0.1250000000
136461  -21.384  -13.973  85.319 0.1250000000
76338  -24.578  -6.997  83.242 0.2500000000
75338  -24.560  -7.762  82.835 0.2500000000
76351  -25.509  -7.036  81.801 0.2500000000
65776  -19.819  -16.242  84.312 0.2500000000
66864  -20.143  -16.097  85.389 0.1250000000
138581  -21.277  -15.277  84.891 0.1250000000
64829  -19.233  -16.419  83.710 0.3750000000
65777  -20.373  -15.856  83.970 0.2500000000
65775  -21.176  -15.327  84.444 0.1250000000
64842  -19.534  -16.412  82.792 0.3750000000
65783  -20.702  -15.740  83.207 0.3750000000
64850  -19.974  -16.404  81.897 0.3750000000
64843  -20.383  -16.196  82.569 0.3750000000
135422  -21.909  -15.708  82.436 0.3750000000
65794  -22.864  -15.453  81.862 0.2500000000
67936  -23.401  -14.282  81.567 0.3750000000
69999  -23.634  -12.209  80.831 0.3750000000
138725  -23.897  -11.255  80.145 0.3750000000
72187  -24.200  -10.463  79.694 0.3750000000
62645  -10.292  -20.338  84.750 0.5000000000
62654  -10.882  -19.703  84.358 0.5000000000
64859  -19.687  -16.459  81.073 0.3750000000
124687  -20.582  -16.396  81.149 0.5000000000
64852  -21.345  -16.345  81.410 0.3750000000
65800  -22.527  -16.069  81.160 0.5000000000
65801  -22.931  -15.822  80.908 0.3750000000
66889  -23.311  -15.001  81.065 0.3750000000
71064  -23.791  -11.699  80.084 0.3750000000
61578  -10.640  -20.720  83.906 0.5000000000
62663  -11.228  -19.881  83.584 0.5000000000
64869  -20.505  -16.576  80.309 0.6250000000
124336  -21.291  -16.607  80.538 0.6250000000
133475  -21.941  -16.875  79.973 0.6250000000
65805  -22.775  -16.242  80.346 0.3750000000
61586  -10.789  -21.279  83.177 0.5000000000
61594  -11.607  -21.044  82.072 0.5000000000
61616  -12.114  -21.740  80.756 0.2500000000
138095  -24.858  -17.447  66.397 0.3750000000
65981  -25.635  -17.681  66.246 0.1250000000
67879  -7.153  -16.426  89.819 0.1250000000
67883  -6.689  -16.351  89.575 0.1250000000
143757  -7.733  -17.128  89.857 0.1250000000
64773  -8.174  -17.770  89.353 0.1250000000
134462  -19.891  -14.837  85.804 0.1250000000
71021  -20.293  -13.578  85.243 0.1250000000
64777  -8.531  -17.887  88.877 0.2500000000
63721  -8.964  -18.120  88.285 0.3750000000
66859  -19.390  -16.002  86.034 0.1250000000
146181  -19.449  -15.410  86.022 0.1250000000
65766  -19.624  -16.289  85.719 0.1250000000
65772  -19.104  -16.465  85.457 0.2500000000
131416  -18.489  -16.514  83.935 0.2500000000
64841  -18.685  -16.523  83.142 0.2500000000
64849  -18.988  -16.565  82.091 0.3750000000
64858  -18.871  -16.652  81.249 0.5000000000
130914  -22.371  -16.966  79.281 0.5000000000
127971  -11.856  -20.194  82.373 0.5000000000
146560  -25.404  -17.206  65.869 0.5000000000
65741  -8.263  -16.678  89.685 0.1250000000
66832  -7.494  -16.404  89.867 0.1250000000
69960  -19.639  -14.394  85.591 0.1250000000
71029  -20.104  -13.080  84.971 0.1250000000
146335  -18.781  -15.647  86.129 0.1250000000
67905  -19.101  -15.007  85.959 0.1250000000
134732  -18.710  -16.505  85.902 0.2500000000
64811  -18.222  -16.540  85.238 0.2500000000
64840  -17.831  -16.570  83.608 0.1250000000
66027  -26.261  -17.066  64.954 0.1250000000
64774  -8.705  -17.206  89.104 0.1250000000
147781  -9.231  -16.919  88.797 0.1250000000
64779  -9.841  -17.084  88.006 0.1250000000
64778  -9.239  -17.362  88.519 0.1250000000
139054  -17.483  -15.416  86.109 0.1250000000
68922  -18.216  -15.232  86.017 0.1250000000
69968  -18.559  -14.165  85.165 0.1250000000
69969  -19.482  -13.993  85.294 0.1250000000
64781  -9.603  -17.694  87.865 0.1250000000
63725  -10.049  -17.999  87.281 0.1250000000
65765  -17.287  -16.684  85.791 0.1250000000
140149  -17.969  -16.545  85.936 0.2500000000
71034  -19.918  -12.668  84.449 0.1250000000
65771  -17.731  -16.620  85.606 0.1250000000
146535  -11.366  -19.150  84.097 0.5000000000
124744  -26.973  -17.184  64.731 0.2500000000
67112  -26.853  -16.707  64.388 0.3750000000
65041  -30.688  -17.892  63.101 0.1250000000
65058  -29.886  -18.004  61.907 0.1250000000
65047  -30.563  -18.152  62.308 0.1250000000
65748  -9.740  -16.635  88.402 0.1250000000
64782  -10.235  -17.289  87.443 0.1250000000
67903  -17.042  -15.797  86.219 0.1250000000
64785  -10.702  -17.625  86.876 0.2500000000
65769  -16.535  -16.561  85.251 0.2500000000
64808  -15.949  -16.517  84.722 0.3750000000
63765  -14.622  -17.012  84.010 0.3750000000
63766  -15.426  -16.816  84.066 0.3750000000
150216  -14.184  -17.227  83.671 0.5000000000
63783  -14.707  -17.240  83.467 0.3750000000
65059  -30.516  -18.297  61.451 0.1250000000
136313  -31.106  -18.330  61.888 0.1250000000
130550  -31.802  -18.248  61.904 0.1250000000
65071  -29.887  -18.005  60.974 0.2500000000
65060  -31.331  -18.439  61.106 0.1250000000
65074  -31.973  -18.378  60.436 0.1250000000
65075  -32.824  -18.149  60.679 0.1250000000
65073  -31.235  -18.394  60.282 0.1250000000
65090  -32.595  -18.139  59.855 0.1250000000
65089  -32.367  -17.889  59.220 0.1250000000
66092  -33.499  -17.969  60.115 0.1250000000
66110  -34.209  -17.668  59.593 0.1250000000
69198  -30.603  -15.352  61.874 0.7500000000
69209  -30.812  -15.154  61.052 0.5000000000
68179  -30.132  -15.454  61.256 0.5000000000
66106  -29.976  -17.177  59.970 0.3750000000
66124  -30.857  -17.253  59.069 0.2500000000
66108  -31.149  -17.780  59.297 0.2500000000
66125  -31.482  -17.247  58.783 0.2500000000
67186  -31.605  -16.493  58.322 0.3750000000
148316  -35.424  -16.762  54.664 0.3750000000
67250  -37.489  -16.293  53.353 0.2500000000
66200  -37.337  -16.838  53.908 0.3750000000
68283  -38.019  -15.716  52.911 0.2500000000
124888  -35.957  -11.315  62.393 0.3750000000
124887  -36.949  -11.084  62.147 0.3750000000
124885  -37.110  -11.193  61.139 0.2500000000
72462  -38.681  -11.394  60.414 0.3750000000
81788  -46.360  -2.615  55.182 0.2500000000
84560  -57.859  0.648  34.417 0.1250000000
83786  -58.047  -0.257  34.131 0.1250000000
84561  -58.396  0.596  33.831 0.1250000000
85401  -57.738  1.425  34.773 0.2500000000
85371  -55.229  1.945  37.520 0.3750000000
149310  -55.684  1.946  37.000 0.3750000000
85382  -56.340  2.323  36.604 0.3750000000
85383  -57.154  2.437  35.889 0.3750000000
85392  -56.571  1.482  36.024 0.1250000000
85394  -57.728  2.204  35.172 0.2500000000
85402  -58.331  1.481  34.175 0.2500000000
86269  -54.255  2.726  39.276 0.5000000000
148348  -55.341  3.707  39.265 0.5000000000
86270  -54.903  3.055  38.842 0.5000000000
87097  -55.714  3.494  38.394 0.5000000000
85372  -55.808  2.738  37.431 0.3750000000
86276  -56.492  3.080  37.066 0.3750000000
86281  -57.008  3.093  36.604 0.3750000000
86293  -58.402  2.695  35.011 0.2500000000
86302  -58.674  2.331  34.368 0.2500000000
86294  -59.105  3.055  34.796 0.2500000000
85403  -58.848  1.922  33.884 0.2500000000
86303  -59.353  2.617  34.019 0.2500000000
86313  -60.358  3.149  32.996 0.2500000000
86327  -60.920  3.039  31.385 0.2500000000
87092  -54.734  3.427  39.720 0.5000000000
87094  -56.154  4.243  39.287 0.5000000000
142311  -56.476  3.587  37.702 0.5000000000
87104  -57.680  3.691  36.970 0.5000000000
87105  -58.442  3.735  36.426 0.5000000000
86282  -57.625  3.233  36.263 0.5000000000
87111  -58.802  3.416  35.555 0.3750000000
87112  -59.639  3.706  35.366 0.3750000000
87126  -59.871  3.416  34.543 0.3750000000
86304  -60.102  3.231  33.754 0.3750000000
86319  -60.618  3.092  32.218 0.3750000000
137177  -61.366  2.991  30.530 0.2500000000
88020  -60.937  4.533  36.586 0.2500000000
87113  -60.491  3.963  35.110 0.3750000000
87141  -61.244  4.214  33.862 0.3750000000
147219  -61.229  4.070  33.363 0.3750000000
88039  -61.444  4.503  33.187 0.3750000000
87151  -61.074  3.781  32.854 0.3750000000
147910  -61.335  4.203  32.498 0.2500000000
63731  -10.459  -18.328  86.693 0.2500000000
135958  -17.515  -22.027  75.357 0.2500000000
72446  -38.682  -11.123  61.469 0.3750000000
72463  -39.551  -11.432  60.190 0.3750000000
125444  -10.015  -19.979  85.504 0.3750000000
138751  -25.950  -17.347  65.560 0.3750000000
63981  -23.801  -19.449  68.491 0.3750000000
65980  -24.053  -17.240  66.861 0.5000000000
66008  -25.134  -16.837  65.957 0.6250000000
65770  -17.062  -16.595  85.249 0.2500000000
65040  -29.894  -17.924  62.809 0.1250000000
69186  -30.185  -15.188  62.709 0.5000000000
68188  -29.790  -16.108  60.772 0.3750000000
64848  -18.234  -16.670  81.957 0.6250000000
68209  -30.757  -16.192  58.953 0.3750000000
67165  -30.117  -16.458  60.058 0.3750000000
68189  -30.434  -15.682  60.492 0.5000000000
68950  -23.396  -13.517  81.096 0.3750000000
134304  -19.282  -16.588  80.769 0.5000000000
68210  -31.146  -15.980  58.469 0.3750000000
66888  -23.135  -15.660  80.560 0.2500000000
64861  -22.409  -16.516  80.192 0.5000000000
66199  -36.873  -17.028  54.200 0.2500000000
67249  -36.747  -16.581  53.715 0.5000000000
66091  -30.135  -17.858  60.207 0.2500000000
67199  -32.295  -16.273  57.811 0.3750000000
60485  -3.461  -22.217  89.174 0.1250000000
62612  -3.721  -21.048  88.451 0.3750000000
62600  -5.878  -20.240  89.967 0.3750000000
60487  -6.776  -22.981  88.348 0.2500000000
148715  -7.990  -23.357  86.654 0.2500000000
63718  -4.510  -19.297  89.281 0.3750000000
64769  -5.114  -18.756  90.010 0.3750000000
63709  -5.704  -19.288  90.223 0.3750000000
134421  -9.530  -23.197  84.049 0.2500000000
58466  -12.671  -24.245  81.562 0.1250000000
64775  -4.964  -18.666  89.392 0.2500000000
64765  -5.703  -18.789  90.212 0.3750000000
63715  -6.788  -19.003  89.883 0.5000000000
149153  -14.690  -24.337  81.307 0.1250000000
66835  -5.973  -17.246  89.651 0.1250000000
71023  -22.083  -12.426  85.284 0.1250000000
72149  -22.734  -11.656  85.130 0.1250000000
65746  -5.236  -18.190  89.006 0.2500000000
60555  -12.330  -22.557  80.492 0.2500000000
140678  -23.304  -8.610  84.244 0.2500000000
74341  -23.042  -9.035  84.545 0.2500000000
143969  -23.189  -6.842  84.059 0.2500000000
137920  -21.415  -12.378  85.123 0.1250000000
73283  -21.384  -10.297  84.782 0.1250000000
76322  -21.963  -8.038  84.755 0.2500000000
75317  -22.141  -9.014  84.919 0.1250000000
73285  -22.819  -9.829  84.740 0.1250000000
135166  -20.727  -14.604  85.598 0.1250000000
72150  -23.175  -11.767  84.658 0.1250000000
72158  -23.448  -11.939  83.955 0.1250000000
73287  -23.332  -10.385  83.905 0.2500000000
73292  -23.625  -10.301  83.294 0.2500000000
73299  -24.033  -9.900  82.612 0.2500000000
74365  -24.986  -8.400  81.279 0.2500000000
67914  -22.558  -14.394  83.877 0.1250000000
71031  -23.288  -12.466  84.239 0.1250000000
68934  -23.036  -13.960  83.826 0.1250000000
71035  -23.443  -12.506  83.617 0.1250000000
71036  -23.534  -12.395  83.152 0.2500000000
73308  -24.069  -10.484  81.569 0.2500000000
126062  -20.942  -15.436  83.908 0.2500000000
66870  -22.294  -14.764  83.861 0.2500000000
145400  -23.141  -14.338  83.090 0.2500000000
150201  -23.408  -13.290  83.032 0.1250000000
71041  -23.680  -12.051  82.622 0.2500000000
66869  -21.794  -15.099  83.756 0.2500000000
67917  -22.686  -14.596  83.368 0.2500000000
67918  -23.009  -14.636  82.984 0.3750000000
67919  -23.331  -14.035  82.866 0.2500000000
68943  -23.455  -13.583  82.212 0.2500000000
141309  -23.673  -12.323  81.674 0.2500000000
73317  -24.116  -10.460  80.896 0.2500000000
65784  -21.429  -15.370  83.069 0.3750000000
66871  -22.783  -15.040  82.773 0.3750000000
65793  -22.431  -15.621  82.166 0.3750000000
66880  -23.153  -15.237  81.616 0.2500000000
137482  -23.506  -12.832  81.526 0.2500000000
61587  -11.320  -20.604  82.848 0.5000000000
146521  -11.015  -20.635  83.395 0.5000000000
65743  -8.061  -17.332  89.635 0.1250000000
67907  -20.670  -15.177  85.699 0.1250000000
72147  -21.067  -11.672  84.815 0.1250000000
72156  -20.540  -12.124  84.740 0.1250000000
74348  -21.117  -9.736  84.423 0.1250000000
76334  -21.950  -7.570  84.390 0.2500000000
66865  -20.605  -15.636  85.186 0.1250000000
64828  -18.919  -16.453  84.642 0.3750000000
65774  -20.437  -15.832  84.691 0.2500000000
65773  -19.761  -16.329  85.150 0.2500000000
141275  -20.016  -16.179  83.435 0.3750000000
65792  -21.256  -15.958  82.315 0.3750000000
64851  -20.732  -16.281  81.849 0.3750000000
65799  -21.989  -16.129  81.750 0.3750000000
64860  -21.863  -16.432  80.900 0.5000000000
65744  -8.611  -16.775  89.395 0.1250000000
64827  -17.924  -16.537  84.502 0.2500000000
125213  -18.220  -16.591  82.694 0.3750000000
66858  -18.416  -16.224  86.067 0.1250000000
67904  -17.922  -15.795  86.181 0.1250000000
66857  -17.446  -16.376  86.085 0.1250000000
69959  -18.589  -14.631  85.599 0.1250000000
69975  -19.374  -13.605  84.698 0.1250000000
127433  -16.812  -16.668  85.904 0.1250000000
146056  -19.911  -12.293  83.775 0.1250000000
64824  -15.291  -16.680  84.383 0.3750000000
65764  -16.072  -16.554  85.625 0.2500000000
65072  -30.581  -18.309  60.596 0.1250000000
65088  -31.676  -18.198  59.679 0.2500000000
66107  -30.507  -17.563  59.573 0.3750000000
65100  -31.749  -17.821  59.119 0.2500000000
66126  -32.111  -17.525  58.800 0.1250000000
66109  -33.314  -17.755  59.250 0.1250000000
67174  -30.445  -16.808  59.317 0.3750000000
67185  -30.998  -16.680  58.760 0.3750000000
66201  -38.047  -16.849  53.905 0.2500000000
84552  -57.360  0.639  35.088 0.1250000000
83785  -57.584  -0.195  34.820 0.1250000000
85393  -57.190  1.475  35.401 0.1250000000
136611  -55.955  1.358  36.612 0.2500000000
86283  -57.977  3.014  35.648 0.3750000000
85412  -58.773  1.261  33.623 0.2500000000
87093  -55.475  4.022  40.199 0.5000000000
87103  -57.026  3.557  37.231 0.3750000000
85413  -59.187  1.843  33.489 0.2500000000
86312  -59.699  2.480  33.272 0.2500000000
87140  -60.845  3.713  33.518 0.3750000000
86318  -60.043  2.198  32.443 0.2500000000
87098  -56.570  4.088  38.425 0.5000000000
88019  -60.129  4.420  36.877 0.3750000000
88023  -60.251  4.260  35.973 0.3750000000
87127  -60.678  3.795  34.265 0.3750000000
143810  -61.084  3.715  32.036 0.3750000000
87114  -61.070  4.463  35.628 0.2500000000
87128  -61.183  4.339  34.704 0.3750000000
61754  -24.674  -21.944  71.102 0.2500000000
62866  -24.437  -20.602  69.391 0.1250000000
145546  -24.956  -19.375  68.160 0.1250000000
65025  -25.137  -18.295  66.898 0.2500000000
65010  -24.456  -18.538  67.460 0.2500000000
140682  -36.683  -4.664  76.790 0.1250000000
80542  -36.458  -3.562  77.248 0.1250000000
78504  -35.916  -4.507  77.004 0.1250000000
77432  -36.492  -5.028  76.448 0.1250000000
76425  -36.598  -6.204  74.722 0.1250000000
77430  -34.762  -4.912  76.355 0.1250000000
76407  -35.374  -5.595  75.206 0.1250000000
76439  -35.641  -6.391  74.101 0.1250000000
76440  -36.683  -6.768  73.864 0.1250000000
75417  -34.914  -6.705  73.391 0.1250000000
80529  -35.701  -3.449  77.651 0.1250000000
75436  -37.094  -7.685  72.838 0.1250000000
128445  -35.011  -4.030  77.868 0.1250000000
75435  -36.242  -7.466  72.722 0.1250000000
77414  -34.331  -4.513  76.982 0.1250000000
75434  -35.246  -7.172  72.732 0.1250000000
75451  -35.703  -7.753  72.058 0.1250000000
74454  -35.154  -8.083  71.271 0.1250000000
139298  -34.447  -8.224  70.844 0.1250000000
82538  -34.994  -1.697  76.196 0.1250000000
83416  -33.706  -1.410  77.900 0.1250000000
82523  -34.282  -1.800  77.900 0.1250000000
83406  -33.100  -1.356  78.402 0.1250000000
81555  -34.602  -2.933  78.136 0.1250000000
125123  -32.009  -0.639  77.543 0.1250000000
81547  -33.280  -2.367  78.932 0.1250000000
80490  -30.782  -2.810  79.689 0.1250000000
144869  -31.045  -3.031  79.454 0.1250000000
81540  -32.073  -2.325  79.419 0.1250000000
74473  -35.815  -8.789  70.832 0.1250000000
78459  -29.405  -4.185  79.783 0.1250000000
73438  -35.509  -9.328  70.244 0.1250000000
74472  -35.046  -8.700  70.561 0.1250000000
83426  -33.544  -1.160  77.035 0.1250000000
83434  -32.841  -0.779  75.775 0.1250000000
83425  -32.703  -0.736  76.683 0.1250000000
83439  -31.582  -0.660  74.996 0.1250000000
83388  -30.738  -1.736  79.828 0.1250000000
83413  -30.284  -0.280  78.139 0.1250000000
83412  -29.297  -0.249  77.939 0.1250000000
144416  -28.707  0.011  76.188 0.1250000000
71218  -34.607  -11.205  68.410 0.2500000000
71219  -35.480  -10.865  68.556 0.2500000000
71266  -34.552  -12.095  66.827 0.3750000000
71267  -35.473  -11.615  66.660 0.2500000000
127749  -41.828  -15.724  55.143 0.1250000000
72393  -36.519  -11.494  66.370 0.2500000000
72401  -36.349  -11.549  65.592 0.2500000000
66178  -39.363  -17.590  55.383 0.1250000000
66162  -40.379  -17.576  56.440 0.1250000000
66190  -39.423  -17.209  54.706 0.1250000000
66191  -40.232  -16.883  54.657 0.1250000000
67239  -41.306  -16.136  54.827 0.1250000000
68269  -40.601  -15.269  53.694 0.1250000000
72409  -36.355  -11.579  64.861 0.2500000000
72418  -36.543  -11.435  64.127 0.2500000000
125962  -36.616  -11.298  63.237 0.2500000000
67251  -38.444  -16.265  53.439 0.1250000000
128088  -39.691  -15.430  53.345 0.1250000000
69304  -39.782  -14.062  52.694 0.1250000000
67253  -40.051  -15.961  53.735 0.1250000000
69287  -40.760  -14.422  53.482 0.1250000000
139036  -38.438  -15.203  52.705 0.1250000000
69317  -39.026  -14.091  52.278 0.1250000000
136639  -39.331  -12.997  51.895 0.1250000000
129170  -38.822  -12.868  51.698 0.2500000000
145000  -39.015  -10.517  50.699 0.2500000000
73676  -39.858  -9.881  49.932 0.3750000000
72621  -42.490  -10.569  49.088 0.1250000000
74727  -44.882  -9.316  47.495 0.1250000000
74735  -45.589  -8.828  46.977 0.1250000000
74728  -45.846  -9.508  47.397 0.1250000000
74734  -44.875  -8.437  46.990 0.2500000000
87976  -58.034  4.229  43.084 0.1250000000
87975  -57.277  4.048  43.281 0.2500000000
144969  -59.611  4.480  43.189 0.1250000000
87086  -56.808  4.337  41.736 0.2500000000
124436  -57.423  4.303  42.461 0.1250000000
87090  -55.370  3.874  41.329 0.2500000000
87099  -57.497  4.210  37.898 0.3750000000
87977  -58.965  4.370  42.676 0.1250000000
124834  -58.318  4.405  42.202 0.2500000000
125114  -58.560  4.474  41.478 0.2500000000
87986  -56.169  4.275  41.023 0.3750000000
87987  -57.744  4.458  41.556 0.2500000000
87993  -57.197  4.456  40.707 0.2500000000
87994  -58.266  4.506  40.796 0.2500000000
87998  -56.359  4.363  40.196 0.3750000000
87999  -57.000  4.445  39.807 0.3750000000
88004  -57.247  4.413  39.012 0.3750000000
87101  -58.445  4.173  37.375 0.3750000000
87106  -59.389  4.060  36.197 0.3750000000
88000  -58.010  4.522  39.853 0.3750000000
88005  -58.290  4.518  38.840 0.3750000000
88006  -59.230  4.502  38.635 0.3750000000
88011  -58.543  4.416  38.100 0.3750000000
88012  -59.255  4.423  37.869 0.3750000000
139341  -61.310  3.695  31.231 0.2500000000
82544  -31.565  -1.017  74.263 0.1250000000
79518  -31.598  -3.237  78.879 0.1250000000
78474  -29.971  -4.230  78.970 0.2500000000
79526  -34.430  -3.901  77.818 0.1250000000
147637  -34.783  -5.496  75.315 0.1250000000
76423  -34.923  -6.002  74.516 0.1250000000
61778  -23.655  -21.410  70.460 0.3750000000
79520  -33.803  -3.354  78.162 0.1250000000
80513  -33.187  -2.976  78.587 0.1250000000
79505  -32.025  -2.872  79.039 0.1250000000
61798  -24.038  -21.052  69.952 0.3750000000
76438  -34.655  -6.376  73.941 0.1250000000
69303  -38.365  -14.606  52.377 0.1250000000
70362  -38.168  -13.106  51.802 0.2500000000
69316  -38.188  -13.859  52.010 0.2500000000
71448  -38.344  -12.329  51.558 0.2500000000
73689  -41.786  -10.291  49.059 0.2500000000
75709  -44.252  -7.969  46.988 0.2500000000
130728  -38.926  -11.647  51.255 0.2500000000
73669  -39.765  -10.535  50.359 0.2500000000
73677  -40.511  -10.259  49.767 0.2500000000
73678  -41.271  -10.470  49.626 0.1250000000
65011  -25.015  -18.929  67.612 0.1250000000
65012  -25.658  -18.563  67.506 0.1250000000
88018  -59.276  4.294  37.069 0.3750000000
87176  -61.681  3.734  30.313 0.2500000000
63982  -24.546  -19.843  68.658 0.2500000000
125731  -38.501  -17.255  54.545 0.1250000000
60671  -23.918  -21.916  70.989 0.2500000000
61779  -24.373  -21.526  70.443 0.2500000000
62867  -25.198  -20.738  69.811 0.1250000000
63983  -25.314  -19.608  68.653 0.1250000000
64993  -25.467  -19.085  68.101 0.1250000000
81562  -35.759  -2.694  77.326 0.1250000000
78494  -35.148  -4.267  77.517 0.1250000000
77446  -35.215  -5.268  75.751 0.1250000000
77431  -35.684  -4.880  76.400 0.1250000000
78495  -35.634  -4.130  77.502 0.1250000000
76408  -36.178  -5.734  75.279 0.1250000000
143827  -36.695  -7.248  73.253 0.1250000000
145639  -34.652  -4.287  77.439 0.1250000000
76424  -35.763  -5.927  74.802 0.1250000000
75418  -35.929  -6.929  73.317 0.1250000000
80528  -34.944  -3.344  78.032 0.1250000000
82524  -35.259  -2.482  77.488 0.1250000000
79527  -34.514  -3.599  78.093 0.1250000000
83441  -33.565  -1.125  75.520 0.1250000000
83435  -34.175  -1.330  76.377 0.1250000000
83415  -32.921  -1.015  77.714 0.1250000000
83417  -34.291  -1.542  77.281 0.1250000000
82508  -34.015  -2.640  78.516 0.1250000000
82514  -32.714  -1.570  79.024 0.1250000000
148090  -33.849  -3.223  78.315 0.1250000000
83424  -31.765  -0.385  76.589 0.1250000000
83405  -32.227  -1.027  78.489 0.1250000000
80497  -32.673  -2.587  79.059 0.1250000000
79503  -29.932  -3.626  79.765 0.1250000000
81535  -30.314  -2.580  79.925 0.1250000000
81539  -31.239  -2.318  79.668 0.1250000000
82506  -32.026  -1.672  79.405 0.1250000000
79494  -29.525  -3.477  80.271 0.1250000000
134147  -32.211  -0.755  75.380 0.1250000000
83440  -32.773  -0.987  75.093 0.1250000000
125113  -31.265  -0.566  78.302 0.1250000000
83414  -31.040  -0.181  77.382 0.1250000000
83395  -31.382  -1.419  79.468 0.1250000000
83394  -30.664  -1.192  79.508 0.1250000000
83387  -30.010  -1.595  79.841 0.1250000000
83393  -29.878  -1.053  79.449 0.1250000000
126404  -28.772  -0.671  78.543 0.1250000000
83422  -28.961  -0.012  77.055 0.1250000000
84239  -29.198  0.156  75.455 0.1250000000
141871  -28.502  -0.028  75.479 0.1250000000
68256  -41.415  -15.399  54.368 0.1250000000
143349  -38.855  -17.537  55.081 0.1250000000
66179  -40.181  -17.391  55.417 0.1250000000
67236  -38.931  -16.758  54.016 0.1250000000
67237  -39.807  -16.584  54.100 0.1250000000
67252  -39.311  -16.128  53.594 0.1250000000
67223  -40.902  -16.774  55.033 0.1250000000
67238  -40.672  -16.202  54.273 0.1250000000
68268  -38.853  -15.615  53.120 0.1250000000
68284  -39.200  -14.844  52.786 0.1250000000
68285  -40.089  -14.658  53.198 0.1250000000
70363  -38.857  -13.433  51.925 0.1250000000
69305  -40.524  -13.875  53.092 0.1250000000
71449  -39.410  -12.363  51.559 0.2500000000
70364  -39.973  -12.794  52.082 0.2500000000
70350  -40.282  -13.331  52.551 0.1250000000
72601  -39.360  -11.076  50.942 0.2500000000
136993  -40.087  -11.138  50.849 0.2500000000
87978  -59.906  4.460  42.398 0.1250000000
87988  -59.214  4.432  41.880 0.1250000000
83411  -28.518  -0.553  77.666 0.1250000000
59441  -9.349  -23.788  84.423 0.1250000000
58429  -10.297  -24.557  83.985 0.1250000000
126278  -16.006  -22.464  77.332 0.1250000000
60599  -16.568  -22.177  76.512 0.1250000000
60600  -17.513  -22.707  76.840 0.1250000000
61654  -15.606  -21.738  76.709 0.1250000000
60610  -17.402  -22.365  75.929 0.1250000000
60620  -18.125  -22.544  75.361 0.1250000000
72419  -37.563  -11.216  63.782 0.2500000000
72432  -37.887  -11.044  62.919 0.2500000000
72445  -37.842  -11.046  61.800 0.2500000000
72433  -38.656  -10.944  62.431 0.2500000000
80764  -42.644  -3.623  58.430 0.2500000000
80765  -43.332  -3.197  58.915 0.2500000000
59442  -9.826  -23.879  83.884 0.1250000000
58428  -9.773  -24.399  84.366 0.1250000000
60585  -16.481  -22.931  78.050 0.1250000000
80483  -28.318  -3.654  81.152 0.2500000000
79485  -25.966  -4.238  82.002 0.1250000000
80481  -26.615  -3.752  81.631 0.1250000000
137982  -27.521  -3.854  81.436 0.1250000000
78423  -23.794  -5.947  83.487 0.1250000000
78428  -24.175  -5.423  83.028 0.1250000000
78430  -25.277  -5.161  82.564 0.1250000000
148083  -26.283  -4.736  81.871 0.1250000000
78439  -27.532  -4.599  81.158 0.1250000000
77365  -23.480  -5.923  83.378 0.1250000000
133136  -24.993  -6.414  82.734 0.1250000000
77368  -25.852  -5.540  82.002 0.1250000000
78438  -26.542  -5.021  81.623 0.1250000000
77367  -25.214  -5.728  82.555 0.1250000000
77375  -27.146  -5.264  80.965 0.1250000000
76352  -26.069  -6.617  81.237 0.1250000000
143703  -26.450  -6.955  80.341 0.1250000000
75359  -26.099  -7.771  79.933 0.1250000000
135009  -27.113  -6.368  79.920 0.2500000000
80487  -26.620  -3.312  81.502 0.1250000000
136915  -27.312  -3.317  81.433 0.1250000000
81529  -28.557  -3.183  81.028 0.2500000000
148761  -27.205  -3.662  81.502 0.1250000000
79484  -25.365  -4.383  82.232 0.1250000000
79488  -28.663  -3.904  80.893 0.2500000000
79482  -24.025  -4.773  82.104 0.1250000000
78437  -24.334  -4.950  82.587 0.1250000000
78448  -27.997  -4.758  80.656 0.2500000000
78446  -23.015  -5.592  82.219 0.1250000000
76343  -21.524  -7.768  83.942 0.1250000000
76350  -21.737  -7.195  83.328 0.1250000000
77373  -22.662  -6.133  82.860 0.1250000000
78456  -22.810  -5.552  81.263 0.1250000000
76356  -21.453  -7.220  82.381 0.1250000000
79493  -29.089  -3.734  80.594 0.2500000000
78447  -23.431  -5.112  81.665 0.1250000000
78449  -28.707  -4.240  80.557 0.2500000000
78458  -28.759  -4.497  80.129 0.2500000000
77389  -28.705  -4.796  79.667 0.2500000000
140943  -21.564  -6.689  80.680 0.1250000000
77387  -22.165  -6.099  80.925 0.1250000000
76361  -21.168  -7.221  81.367 0.1250000000
65982  -26.499  -17.567  66.066 0.1250000000
72349  -35.364  -10.647  68.854 0.1250000000
72332  -35.976  -10.320  69.502 0.1250000000
72333  -36.679  -10.296  69.706 0.1250000000
72351  -37.056  -10.519  69.284 0.1250000000
72350  -36.202  -10.530  69.113 0.1250000000
71220  -36.597  -10.784  68.680 0.1250000000
72352  -38.005  -10.512  69.271 0.1250000000
128789  -37.526  -10.670  68.875 0.1250000000
71235  -35.568  -11.173  68.070 0.1250000000
126010  -38.932  -10.497  68.682 0.1250000000
73482  -39.534  -10.202  69.077 0.1250000000
73495  -40.144  -10.141  68.240 0.1250000000
72365  -36.683  -11.197  67.982 0.1250000000
72367  -38.345  -10.683  68.511 0.1250000000
73493  -39.184  -10.600  67.872 0.1250000000
71253  -35.513  -11.409  67.417 0.1250000000
72381  -38.549  -10.813  67.945 0.1250000000
72366  -37.649  -10.934  68.351 0.1250000000
72380  -37.958  -11.189  67.568 0.1250000000
74498  -40.801  -9.663  68.534 0.1250000000
72379  -36.652  -11.375  67.180 0.1250000000
145306  -39.175  -10.739  67.379 0.1250000000
73494  -39.647  -10.446  67.966 0.1250000000
72394  -37.722  -11.356  66.666 0.1250000000
72402  -37.453  -11.406  65.811 0.1250000000
72395  -38.890  -10.972  66.825 0.1250000000
74514  -40.564  -10.068  67.712 0.1250000000
125252  -40.114  -10.472  67.394 0.1250000000
73501  -39.781  -10.594  67.277 0.1250000000
125714  -40.148  -10.679  66.846 0.1250000000
72396  -39.812  -10.704  66.855 0.1250000000
149771  -37.135  -11.448  65.155 0.1250000000
72403  -38.779  -11.163  65.979 0.1250000000
138766  -39.608  -10.864  66.358 0.1250000000
73502  -40.481  -10.485  67.037 0.1250000000
73515  -40.481  -10.737  66.399 0.1250000000
73514  -40.185  -10.839  66.209 0.1250000000
132339  -39.515  -10.988  65.275 0.1250000000
73521  -40.234  -10.947  65.444 0.1250000000
72411  -38.284  -11.269  65.043 0.1250000000
72404  -39.786  -10.918  65.848 0.1250000000
72410  -37.346  -11.348  64.512 0.1250000000
73523  -40.807  -10.619  65.924 0.1250000000
73516  -40.795  -10.330  66.682 0.1250000000
73529  -40.524  -10.950  64.862 0.1250000000
73522  -40.524  -10.902  65.638 0.1250000000
73528  -40.179  -10.857  64.346 0.1250000000
72412  -40.083  -10.914  64.897 0.1250000000
127793  -39.321  -10.946  64.490 0.1250000000
142019  -38.266  -11.182  64.283 0.1250000000
73530  -40.794  -10.767  65.128 0.1250000000
139245  -40.564  -10.844  64.216 0.1250000000
72420  -38.662  -10.999  63.753 0.1250000000
72421  -39.586  -10.834  63.760 0.1250000000
131435  -38.910  -10.896  63.193 0.1250000000
74554  -41.209  -10.171  65.394 0.1250000000
74561  -41.074  -10.468  64.586 0.1250000000
125356  -40.762  -10.760  64.421 0.1250000000
73535  -40.276  -10.754  63.537 0.1250000000
72434  -39.498  -10.817  62.838 0.1250000000
147115  -39.093  -10.954  62.159 0.1250000000
71450  -40.359  -12.115  51.768 0.1250000000
71436  -40.739  -12.614  52.298 0.1250000000
145985  -41.439  -9.952  64.706 0.1250000000
73537  -41.041  -10.477  63.941 0.1250000000
73536  -40.748  -10.668  63.771 0.1250000000
73538  -41.461  -10.236  63.410 0.1250000000
73543  -40.743  -10.604  62.908 0.1250000000
72435  -40.165  -10.757  62.421 0.1250000000
72447  -39.480  -10.952  61.847 0.1250000000
84354  -46.636  -0.297  61.257 0.1250000000
143796  -39.283  -11.197  60.987 0.1250000000
133747  -41.159  -10.449  63.216 0.1250000000
73545  -41.920  -10.259  62.612 0.1250000000
129136  -40.795  -10.686  61.798 0.1250000000
73544  -41.435  -10.514  62.229 0.1250000000
72448  -40.094  -11.067  61.156 0.1250000000
141872  -46.556  -0.048  60.818 0.1250000000
83598  -46.393  -0.252  60.333 0.1250000000
84384  -46.395  0.279  59.454 0.1250000000
139971  -46.671  0.699  58.569 0.1250000000
83607  -44.997  -0.878  58.146 0.1250000000
83608  -45.574  -0.459  58.314 0.1250000000
83620  -46.557  0.386  57.627 0.1250000000
130873  -45.332  -1.228  56.148 0.1250000000
73554  -42.393  -10.323  61.423 0.1250000000
73552  -40.906  -10.893  60.709 0.1250000000
73553  -41.569  -10.630  61.130 0.1250000000
83576  -46.571  -0.720  60.983 0.1250000000
142617  -45.861  -1.271  59.721 0.1250000000
81759  -44.455  -2.130  59.046 0.1250000000
82701  -43.955  -1.642  57.945 0.1250000000
137864  -47.116  0.406  57.122 0.1250000000
83634  -45.584  -0.708  56.717 0.1250000000
83635  -46.574  -0.233  56.680 0.1250000000
82722  -46.953  -1.122  55.993 0.1250000000
82721  -46.065  -1.063  56.107 0.1250000000
82731  -47.339  -1.811  55.592 0.1250000000
139538  -41.551  -10.748  60.294 0.1250000000
82678  -46.073  -1.933  60.218 0.1250000000
81744  -44.127  -2.868  59.382 0.1250000000
82693  -45.276  -1.821  59.488 0.1250000000
81758  -43.686  -2.300  58.516 0.1250000000
84432  -47.527  0.077  56.591 0.1250000000
73563  -42.176  -10.434  60.366 0.1250000000
81746  -45.664  -2.498  60.100 0.1250000000
80748  -43.948  -3.796  59.585 0.1250000000
80749  -44.819  -3.523  59.943 0.1250000000
136443  -47.852  -2.634  54.931 0.1250000000
76749  -45.354  -7.087  45.762 0.2500000000
78909  -50.038  -5.097  42.568 0.1250000000
79919  -50.709  -4.170  41.616 0.1250000000
83800  -59.702  -0.413  32.547 0.1250000000
131733  -59.080  1.177  33.209 0.1250000000
88007  -60.590  4.536  38.427 0.2500000000
88014  -60.883  4.549  37.591 0.2500000000
144981  -59.874  4.510  38.341 0.2500000000
88013  -60.034  4.487  37.716 0.2500000000
85420  -59.719  1.211  32.349 0.1250000000
84574  -59.949  0.282  31.978 0.1250000000
88001  -59.198  4.531  39.549 0.2500000000
132161  -60.064  4.552  39.038 0.2500000000
88008  -61.151  4.742  38.375 0.2500000000
88009  -61.321  4.824  37.699 0.2500000000
143777  -61.466  5.047  38.012 0.2500000000
88015  -61.357  4.818  37.048 0.1250000000
88934  -61.642  5.104  36.635 0.1250000000
86326  -60.561  2.220  31.554 0.1250000000
85432  -60.788  1.290  30.862 0.1250000000
84589  -61.362  0.456  30.485 0.1250000000
88024  -61.562  4.848  35.106 0.1250000000
86338  -61.085  2.201  30.704 0.1250000000
84590  -62.192  0.656  29.899 0.1250000000
136722  -61.628  5.072  33.398 0.1250000000
85433  -61.517  1.363  30.165 0.1250000000
86339  -61.715  2.212  29.933 0.1250000000
85438  -62.282  1.476  29.558 0.1250000000
79739  -43.838  -4.717  59.688 0.1250000000
82730  -46.643  -1.873  55.610 0.1250000000
82712  -44.495  -1.150  57.587 0.1250000000
83619  -45.889  -0.163  57.472 0.1250000000
80927  -51.263  -3.569  41.075 0.1250000000
81915  -50.676  -2.291  40.413 0.2500000000
77354  -22.436  -6.921  84.032 0.1250000000
77372  -22.297  -6.708  83.469 0.1250000000
77364  -22.875  -6.311  83.471 0.1250000000
78429  -24.707  -5.277  82.798 0.1250000000
88021  -61.472  4.859  36.122 0.1250000000
88028  -61.556  4.810  34.081 0.1250000000
77378  -22.044  -6.631  82.647 0.1250000000
131679  -59.461  1.599  32.934 0.1250000000
85421  -60.192  1.276  31.692 0.1250000000
72584  -39.857  -11.640  51.264 0.1250000000
127944  -23.547  -5.278  82.395 0.1250000000
79483  -24.771  -4.427  82.153 0.1250000000
77374  -26.309  -5.778  81.439 0.1250000000
77386  -21.764  -6.618  81.654 0.1250000000
76355  -20.885  -7.888  82.061 0.1250000000
83597  -45.969  -0.478  59.464 0.1250000000
85135  -46.761  0.867  59.370 0.1250000000
84401  -46.155  0.103  58.481 0.1250000000
82702  -44.626  -1.443  58.538 0.1250000000
84402  -47.205  0.869  57.778 0.1250000000
81745  -44.995  -2.669  59.713 0.1250000000
84569  -59.325  0.590  32.742 0.1250000000
84568  -58.842  0.517  33.324 0.1250000000
88003  -60.911  4.707  39.331 0.2500000000
84582  -60.596  0.369  31.180 0.1250000000
128000  -59.572  4.496  40.288 0.2500000000
89851  -61.534  5.263  37.216 0.1250000000
88937  -61.674  5.404  35.479 0.1250000000
88940  -61.676  5.355  34.421 0.1250000000
61568  -4.615  -21.402  85.912 0.1250000000
62652  -5.364  -20.876  85.212 0.1250000000
132391  -4.806  -20.360  86.339 0.1250000000
63751  -5.263  -20.292  85.717 0.1250000000
61576  -5.447  -21.401  84.707 0.1250000000
62653  -5.622  -20.730  84.491 0.1250000000
64789  -4.990  -19.256  87.481 0.1250000000
64802  -5.220  -19.747  86.263 0.1250000000
143232  -5.219  -19.327  86.796 0.1250000000
64784  -5.277  -18.555  87.855 0.1250000000
147539  -13.784  -17.091  84.240 0.2500000000
67187  -32.196  -17.003  58.332 0.1250000000
67200  -33.607  -16.635  57.341 0.1250000000
67210  -33.720  -16.221  56.778 0.1250000000
67201  -34.146  -16.839  57.056 0.1250000000
66143  -34.670  -17.159  57.534 0.1250000000
66177  -37.336  -17.577  55.334 0.1250000000
66175  -35.649  -17.367  55.816 0.1250000000
66158  -35.504  -17.289  56.624 0.1250000000
66176  -36.472  -17.533  55.565 0.1250000000
127261  -37.168  -17.609  56.182 0.1250000000
66188  -36.675  -17.346  54.769 0.1250000000
66187  -35.844  -17.234  55.016 0.1250000000
67188  -33.061  -16.879  57.886 0.1250000000
126376  -4.128  -20.977  86.911 0.2500000000
132814  -4.805  -19.080  88.255 0.1250000000
126978  -4.331  -20.386  86.960 0.1250000000
62644  -4.936  -20.924  85.832 0.1250000000
62634  -4.453  -20.930  86.359 0.1250000000
63739  -4.767  -19.815  86.924 0.1250000000
64790  -5.410  -18.669  87.045 0.1250000000
66159  -36.299  -17.491  56.436 0.1250000000
59383  -6.462  -23.681  89.903 0.1250000000
60466  -5.859  -23.029  90.183 0.1250000000
60465  -5.320  -22.437  90.545 0.1250000000
59393  -6.613  -23.485  89.084 0.1250000000
61517  -6.069  -22.201  89.508 0.1250000000
59405  -7.430  -24.094  87.707 0.1250000000
59406  -7.865  -24.143  86.981 0.1250000000
137451  -8.068  -24.731  87.651 0.1250000000
60498  -7.138  -23.357  87.883 0.1250000000
58384  -8.618  -24.846  86.799 0.1250000000
58398  -8.900  -24.484  85.760 0.1250000000
59420  -8.211  -23.982  86.229 0.1250000000
60660  -24.822  -22.273  71.863 0.1250000000
60659  -24.107  -22.441  71.588 0.1250000000
65763  -15.174  -16.418  85.360 0.1250000000
64796  -15.645  -16.472  85.027 0.1250000000
61780  -25.234  -21.338  70.546 0.1250000000
64795  -14.698  -16.527  84.873 0.1250000000
65762  -14.141  -16.358  85.169 0.1250000000
64794  -13.609  -16.771  84.876 0.1250000000
140960  -14.303  -16.716  84.591 0.1250000000
64807  -15.089  -16.616  84.603 0.1250000000
64806  -13.692  -16.983  84.520 0.1250000000
64823  -14.393  -16.881  84.310 0.1250000000
75711  -46.269  -8.462  46.474 0.1250000000
75710  -45.800  -7.747  46.104 0.1250000000
75722  -46.632  -7.876  45.889 0.1250000000
81831  -51.526  -2.815  51.347 0.1250000000
81845  -51.788  -2.789  49.930 0.1250000000
80851  -51.284  -3.320  49.750 0.1250000000
142487  -51.598  -2.820  49.367 0.1250000000
82760  -52.683  -1.852  51.166 0.1250000000
82771  -52.746  -1.898  50.226 0.1250000000
127152  -52.345  -2.349  49.887 0.1250000000
82779  -53.412  -1.456  49.753 0.1250000000
145450  -53.533  -1.407  48.961 0.1250000000
82786  -53.294  -1.579  48.325 0.1250000000
81916  -51.403  -2.400  40.238 0.1250000000
134181  -53.191  -1.735  39.331 0.1250000000
83767  -55.434  -0.274  37.160 0.1250000000
83757  -54.236  -0.226  38.067 0.1250000000
84546  -55.666  0.510  36.839 0.1250000000
84547  -56.259  0.576  36.299 0.1250000000
87989  -60.075  4.458  41.576 0.1250000000
87990  -60.632  4.773  41.303 0.1250000000
87995  -59.273  4.471  40.991 0.1250000000
87997  -60.779  4.787  40.390 0.1250000000
127258  -58.862  4.518  40.285 0.1250000000
89808  -60.777  5.652  41.704 0.1250000000
88928  -61.152  4.961  40.001 0.1250000000
89830  -61.046  5.584  39.592 0.1250000000
88930  -61.330  4.943  39.029 0.1250000000
89820  -60.924  5.645  40.443 0.1250000000
89829  -60.382  6.571  39.976 0.1250000000
89840  -60.334  6.679  39.162 0.1250000000
89841  -61.098  5.717  38.619 0.1250000000
136110  -61.200  5.901  37.565 0.1250000000
89850  -60.658  6.907  36.876 0.1250000000
90711  -59.732  7.974  38.954 0.1250000000
89819  -60.285  6.617  40.685 0.1250000000
90712  -60.239  6.980  38.078 0.1250000000
89860  -61.440  5.929  36.403 0.1250000000
81839  -51.424  -3.163  50.468 0.1250000000
75723  -47.456  -8.036  45.736 0.1250000000
81926  -51.896  -1.867  39.806 0.1250000000
82778  -52.869  -1.916  49.286 0.1250000000
61799  -24.656  -21.045  70.035 0.1250000000
61493  -4.793  -21.949  90.596 0.1250000000
78450  -29.227  -4.060  80.237 0.1250000000
80484  -28.841  -3.480  80.825 0.1250000000
88002  -60.203  4.551  39.908 0.1250000000
87996  -60.195  4.521  40.749 0.1250000000
150365  -6.187  -23.113  89.488 0.1250000000
145749  -47.026  -8.410  46.198 0.1250000000
81840  -52.094  -2.493  50.666 0.1250000000
88920  -60.847  5.043  41.888 0.1250000000
88926  -61.034  5.087  41.012 0.1250000000
140853  -60.777  5.864  41.104 0.1250000000
62786  -18.268  -20.716  74.717 0.6250000000
63876  -22.082  -18.377  77.127 1.0000000000
64870  -22.669  -16.548  79.530 0.5000000000
65087  -30.817  -18.178  59.861 0.3750000000
66161  -39.531  -17.728  56.097 0.1250000000
66867  -22.149  -14.738  84.205 0.1250000000
66872  -23.150  -15.006  82.429 0.2500000000
66881  -23.365  -14.794  81.972 0.2500000000
66928  -22.877  -15.963  77.456 0.8750000000
67069  -24.981  -16.379  66.181 0.7500000000
67910  -21.795  -14.588  84.908 0.1250000000
68925  -21.748  -14.072  85.087 0.1250000000
68929  -22.089  -14.122  84.664 0.1250000000
68935  -23.248  -13.849  83.392 0.2500000000
69119  -32.507  -14.672  65.321 1.0000000000
69962  -21.677  -13.216  85.234 0.1250000000
69963  -22.125  -12.959  85.177 0.1250000000
69976  -23.254  -12.992  83.885 0.1250000000
69977  -23.381  -12.913  83.405 0.1250000000
70349  -39.552  -13.470  52.231 0.1250000000
71030  -22.926  -12.340  84.818 0.1250000000
71080  -23.800  -11.716  79.255 0.6250000000
71109  -24.234  -11.298  77.336 0.8750000000
71274  -28.636  -14.468  66.300 0.7500000000
72148  -21.781  -10.949  85.148 0.1250000000
72159  -23.434  -11.240  83.571 0.2500000000
72245  -25.451  -10.178  76.459 1.0000000000
72246  -26.235  -10.003  75.331 1.0000000000
74332  -22.078  -9.586  85.114 0.1250000000
74333  -22.239  -9.646  85.064 0.1250000000
74340  -22.485  -9.359  84.876 0.1250000000
74342  -23.240  -9.478  84.223 0.2500000000
75323  -21.670  -8.946  84.759 0.1250000000
75325  -22.011  -8.512  84.871 0.2500000000
75328  -23.629  -7.958  84.015 0.2500000000
75337  -24.122  -7.828  83.517 0.2500000000
76324  -22.656  -7.405  84.356 0.2500000000
76335  -22.296  -7.483  84.420 0.1250000000
76336  -23.781  -6.839  83.848 0.2500000000
76344  -21.959  -7.177  83.950 0.2500000000
76345  -25.540  -6.268  82.056 0.1250000000
76663  -38.115  -7.565  54.077 0.7500000000
76712  -41.045  -7.828  49.873 0.6250000000
77355  -23.334  -6.413  83.766 0.2500000000
77366  -24.661  -5.715  82.947 0.1250000000
77379  -22.412  -6.081  81.944 0.1250000000
77380  -26.778  -6.077  80.663 0.1250000000
77382  -28.229  -4.935  80.165 0.2500000000
77447  -36.179  -5.379  75.805 0.1250000000
78424  -24.205  -5.803  83.265 0.1250000000
78427  -23.252  -5.720  82.928 0.1250000000
78431  -25.843  -5.093  82.192 0.1250000000
78436  -23.838  -5.343  82.774 0.1250000000
78440  -28.306  -4.286  80.911 0.2500000000
78503  -35.125  -4.558  77.027 0.1250000000
78505  -36.402  -4.262  77.089 0.1250000000
79479  -24.779  -4.837  82.623 0.1250000000
79480  -25.326  -4.741  82.422 0.1250000000
79481  -26.007  -4.599  82.071 0.1250000000
79486  -26.900  -4.374  81.533 0.1250000000
79487  -27.971  -4.100  81.244 0.2500000000
79495  -30.237  -3.152  79.856 0.1250000000
79504  -30.818  -3.171  79.466 0.1250000000
79528  -35.321  -3.801  77.874 0.1250000000
79529  -36.061  -3.913  77.451 0.1250000000
79841  -49.109  -4.427  50.992 0.2500000000
80479  -25.394  -4.070  81.928 0.1250000000
80480  -25.968  -3.892  81.892 0.1250000000
80489  -29.887  -3.066  80.125 0.1250000000
80496  -31.661  -2.599  79.394 0.1250000000
80514  -33.532  -2.868  78.615 0.1250000000
80515  -34.214  -3.166  78.291 0.1250000000
80815  -49.856  -2.823  53.621 0.1250000000
80829  -48.783  -3.845  52.892 0.2500000000
81527  -27.425  -2.848  81.288 0.1250000000
81532  -28.501  -2.805  80.975 0.2500000000
81533  -28.925  -2.856  80.743 0.1250000000
81541  -32.633  -2.201  79.312 0.1250000000
81556  -35.288  -2.902  77.722 0.1250000000
81563  -36.075  -3.050  77.361 0.1250000000
82497  -29.882  -1.991  80.012 0.1250000000
82498  -31.004  -1.971  79.868 0.1250000000
82505  -31.449  -1.795  79.675 0.1250000000
82507  -33.051  -1.950  79.205 0.1250000000
82515  -33.665  -1.869  78.602 0.1250000000
82516  -34.595  -2.364  77.985 0.1250000000
82532  -35.659  -2.402  77.063 0.1250000000
82703  -45.392  -1.038  58.935 0.1250000000
82729  -45.766  -1.840  55.657 0.1250000000
82748  -53.298  -1.316  52.453 0.1250000000
83396  -32.053  -1.264  78.990 0.1250000000
83402  -29.623  -0.607  78.770 0.1250000000
83403  -30.520  -0.718  78.932 0.1250000000
83404  -31.364  -0.965  79.036 0.1250000000
83703  -53.143  -0.038  45.400 0.6250000000
85370  -54.854  1.224  37.667 0.5000000000
90654  -59.504  6.825  45.657 0.1250000000
90695  -59.590  7.526  40.816 0.1250000000
124728  -23.171  -7.313  84.210 0.2500000000
125877  -21.934  -9.041  84.999 0.1250000000
125956  -26.681  -4.056  81.677 0.1250000000
126595  -42.319  -4.161  54.604 0.7500000000
126910  -22.987  -6.486  83.793 0.2500000000
129662  -33.388  -0.971  76.250 0.1250000000
130241  -46.354  -1.139  60.466 0.1250000000
130298  -24.920  -8.789  80.459 0.2500000000
130335  -21.393  -10.975  84.909 0.1250000000
131344  -30.448  -2.176  79.922 0.1250000000
133510  -31.998  -1.923  79.567 0.1250000000
134124  -23.260  -15.797  79.424 0.7500000000
136202  -22.689  -13.384  84.464 0.1250000000
136350  -34.922  -2.033  77.353 0.1250000000
137442  -23.564  -9.630  83.676 0.2500000000
137509  -23.530  -12.906  82.286 0.2500000000
137642  -23.470  -12.736  79.721 0.6250000000
137699  -24.257  -6.674  83.532 0.2500000000
138398  -23.616  -11.830  82.931 0.2500000000
138548  -22.841  -10.845  84.881 0.1250000000
139615  -22.467  -10.903  85.219 0.1250000000
139819  -41.569  -7.401  58.153 0.5000000000
139952  -28.972  -3.017  80.761 0.1250000000
140008  -37.368  -7.270  73.500 0.1250000000
141298  -61.542  4.949  37.351 0.1250000000
142397  -58.133  2.054  34.629 0.2500000000
143535  -32.268  -0.555  75.987 0.1250000000
143788  -44.162  -1.857  58.506 0.1250000000
145174  -22.173  -8.392  84.810 0.2500000000
146833  -32.530  -1.880  79.391 0.1250000000
146991  -23.465  -6.818  83.962 0.2500000000
147509  -23.279  -14.935  82.226 0.2500000000
147679  -21.391  -13.205  85.244 0.1250000000
147756  -40.298  -10.388  57.680 0.6250000000
148140  -20.825  -15.514  84.801 0.1250000000
148645  -6.570  -16.726  89.763 0.1250000000
148821  -25.661  -10.936  74.055 1.0000000000
148911  -52.162  -2.438  49.310 0.2500000000
149693  -30.784  -2.246  79.837 0.1250000000
