#!ascii label  , from subject sub-v1s2x0051483_ses-1 vox2ras=TkReg
4263
711  2.341  -97.013  37.131 0.6000000238
5987  -0.420  -85.099  36.092 1.0000000000
120259  -1.291  -84.620  37.404 1.0000000000
145623  -0.373  -85.693  36.656 1.0000000000
120750  -0.056  -86.542  36.697 1.0000000000
122861  -1.029  -86.385  38.530 1.0000000000
4861  -1.437  -86.447  39.550 1.0000000000
120670  -0.158  -91.251  39.280 0.8999999762
679  2.528  -96.438  38.889 0.6000000238
712  1.249  -96.915  36.919 0.6000000238
5988  -0.865  -84.489  36.498 1.0000000000
6000  -0.584  -84.393  35.530 1.0000000000
128641  -1.153  -84.081  36.896 1.0000000000
5448  -0.062  -85.251  34.978 1.0000000000
5438  0.103  -85.977  35.827 1.0000000000
120256  0.199  -87.086  35.627 1.0000000000
4893  0.248  -86.491  34.749 1.0000000000
4902  0.379  -87.126  33.789 1.0000000000
4850  -1.296  -86.621  40.471 0.6999999881
3777  -0.265  -88.040  39.869 0.8000000119
976  0.694  -95.333  40.653 0.6000000238
2755  1.372  -90.769  13.798 0.8000000119
672  2.280  -96.195  39.745 0.6000000238
688  2.542  -96.694  38.047 0.6000000238
472  1.241  -97.517  34.508 0.8000000119
286  4.688  -97.958  33.254 0.6999999881
765  1.428  -96.921  30.961 0.8999999762
762  4.087  -96.787  31.533 0.8000000119
1070  2.132  -95.430  30.740 0.8999999762
6001  -0.762  -83.723  35.001 1.0000000000
6016  -0.852  -83.604  34.094 1.0000000000
5459  1.355  -86.050  32.850 1.0000000000
4910  1.173  -87.149  33.082 1.0000000000
3768  0.013  -88.107  40.330 0.6999999881
120251  0.178  -89.027  39.782 0.6999999881
3168  0.171  -90.275  15.873 0.8999999762
137432  -0.630  -95.785  38.390 0.8000000119
700  0.476  -96.637  37.598 0.6999999881
1530  1.307  -94.074  17.404 0.8999999762
1231  1.453  -94.349  16.584 0.8999999762
713  0.265  -96.888  36.625 0.6999999881
137774  0.807  -97.604  32.989 0.8999999762
779  2.684  -95.899  31.438 0.8000000119
6587  -0.876  -83.145  35.297 1.0000000000
7233  -1.056  -82.329  34.570 1.0000000000
6572  -1.151  -83.482  36.823 1.0000000000
130787  -0.868  -83.791  36.023 1.0000000000
6028  -0.520  -84.081  33.705 1.0000000000
6015  -0.471  -84.266  34.575 1.0000000000
5461  0.050  -84.860  34.029 1.0000000000
120258  -0.798  -85.908  37.621 1.0000000000
120255  -0.682  -87.069  38.852 1.0000000000
120252  -0.201  -87.924  38.980 1.0000000000
137510  0.173  -89.946  39.464 0.6000000238
120936  -0.704  -93.687  40.653 0.6999999881
120745  -1.013  -94.550  39.586 0.8000000119
3185  0.584  -89.841  14.643 0.8000000119
2745  0.108  -91.080  15.764 0.8999999762
990  -0.042  -95.895  39.023 0.6999999881
699  1.633  -96.695  37.732 0.6000000238
449  2.665  -97.261  36.251 0.6000000238
451  0.145  -97.170  35.876 0.8000000119
293  7.086  -98.589  32.615 0.6000000238
134146  5.778  -98.376  34.268 0.6000000238
276  5.081  -98.197  33.992 0.6000000238
122115  1.172  -94.180  19.063 0.8999999762
137027  1.070  -97.542  32.048 1.0000000000
142919  0.943  -96.229  30.332 0.8999999762
1067  5.188  -95.364  30.593 0.8000000119
1746  4.947  -93.513  30.488 0.8000000119
2188  1.993  -91.738  26.836 0.8999999762
6605  -0.939  -83.175  34.518 1.0000000000
6027  0.199  -84.485  33.329 1.0000000000
5460  0.619  -85.470  33.265 1.0000000000
136538  0.090  -87.750  36.624 1.0000000000
121165  -0.348  -86.896  37.737 1.0000000000
120253  -0.065  -87.859  37.865 1.0000000000
121143  0.073  -88.888  39.011 0.8999999762
1641  -0.359  -93.119  40.739 0.6000000238
120721  -0.152  -91.934  39.597 0.6999999881
120248  -0.629  -93.138  40.122 0.8000000119
1662  -1.005  -94.031  38.368 0.8000000119
120830  -1.102  -95.337  37.287 0.8000000119
120716  -0.851  -95.926  37.543 0.6999999881
723  -0.668  -96.604  35.393 0.8999999762
137480  -1.006  -95.994  36.763 0.6999999881
1378  -0.278  -94.103  32.474 1.0000000000
463  -0.284  -97.161  35.294 0.8999999762
139529  0.969  -93.404  17.286 0.8999999762
471  3.290  -97.483  34.249 0.6000000238
134486  2.315  -97.469  34.159 0.6000000238
1909  1.128  -93.746  18.721 0.8999999762
494  4.106  -97.491  32.572 0.6999999881
511  2.551  -97.168  31.952 0.6999999881
751  -0.508  -96.052  32.004 1.0000000000
304  5.718  -98.181  31.777 0.6000000238
508  5.326  -97.695  31.337 0.6999999881
509  4.601  -97.378  31.824 0.6999999881
523  4.900  -97.105  31.070 0.6999999881
1511  0.544  -94.080  20.322 0.8999999762
1225  1.806  -94.682  17.245 0.8999999762
146394  4.715  -96.199  31.083 0.8000000119
793  5.780  -96.184  30.053 0.8000000119
2161  1.728  -91.842  27.894 0.8999999762
1078  5.923  -95.000  29.801 0.8000000119
1068  4.253  -95.279  31.073 0.8000000119
1391  3.767  -94.496  30.956 0.8000000119
1397  2.166  -93.986  29.804 0.8999999762
1396  6.232  -93.856  29.747 0.8000000119
2189  1.608  -92.301  26.319 0.8999999762
1756  6.511  -92.835  29.579 0.8999999762
2137  4.591  -92.368  30.013 0.8999999762
134695  3.521  -92.668  27.427 0.8999999762
140948  -1.449  -82.752  33.004 1.0000000000
6616  -1.119  -83.498  33.088 1.0000000000
6035  -0.577  -83.941  32.864 1.0000000000
6628  -0.463  -83.847  32.013 1.0000000000
5467  0.934  -84.924  32.859 1.0000000000
4911  0.711  -86.666  33.173 1.0000000000
5458  2.122  -85.441  32.840 1.0000000000
4355  0.268  -87.610  34.603 1.0000000000
4363  0.685  -87.529  33.390 1.0000000000
145983  2.326  -86.109  33.081 1.0000000000
4347  0.187  -88.186  35.450 1.0000000000
4909  2.158  -86.794  33.280 1.0000000000
120832  0.036  -88.841  37.966 1.0000000000
120249  -0.156  -90.521  39.045 0.8999999762
2044  -0.421  -92.687  38.958 1.0000000000
2854  0.137  -90.643  39.621 0.6999999881
120247  -0.295  -91.118  38.682 1.0000000000
1668  -0.345  -93.555  38.009 1.0000000000
121006  -0.516  -92.873  39.474 1.0000000000
126082  -0.261  -91.756  38.603 1.0000000000
1680  -0.800  -93.894  37.041 1.0000000000
137429  -0.715  -93.445  39.073 0.8999999762
1318  -1.074  -94.264  37.526 1.0000000000
1696  -0.658  -93.970  35.518 1.0000000000
120960  -1.106  -94.624  37.052 0.8999999762
120246  -1.190  -94.726  37.913 0.8000000119
122319  -0.772  -94.627  34.001 1.0000000000
1022  -0.911  -95.017  35.901 1.0000000000
1030  -0.971  -95.423  34.435 1.0000000000
138467  -0.985  -96.450  32.686 1.0000000000
475  -1.033  -96.500  34.130 1.0000000000
474  -0.699  -97.048  34.686 1.0000000000
295  5.355  -98.158  32.508 0.6999999881
514  -0.041  -97.210  31.561 1.0000000000
144535  7.649  -98.632  30.985 0.6000000238
763  3.120  -96.602  31.718 0.8999999762
766  0.802  -96.929  30.712 1.0000000000
532  5.892  -97.227  30.019 0.6999999881
796  -0.026  -95.110  29.793 0.8999999762
1071  1.452  -95.957  30.354 0.8999999762
133886  1.045  -95.682  29.220 0.8999999762
1077  6.505  -95.791  29.257 0.6999999881
1079  1.998  -94.987  30.023 0.8999999762
135224  4.177  -93.702  30.795 0.8999999762
1445  0.586  -94.261  24.700 0.8999999762
124506  9.105  -93.510  28.659 0.6999999881
1418  2.805  -93.780  26.948 0.8999999762
2569  5.693  -91.458  28.978 0.8999999762
2171  7.582  -91.913  27.651 0.8000000119
134805  8.633  -92.806  26.709 0.8000000119
7241  -1.458  -81.831  33.460 1.0000000000
6629  -1.163  -83.695  32.167 1.0000000000
6627  0.950  -83.706  32.148 1.0000000000
4361  2.103  -87.615  33.688 1.0000000000
6025  3.507  -84.817  33.902 1.0000000000
3833  0.753  -88.235  33.688 1.0000000000
136198  3.828  -84.061  34.256 1.0000000000
3824  0.247  -88.470  34.741 1.0000000000
138908  -0.036  -88.746  36.052 1.0000000000
120254  -0.158  -89.741  38.153 1.0000000000
2064  0.813  -93.040  37.224 1.0000000000
2053  -0.213  -92.706  38.569 1.0000000000
1667  0.167  -93.477  37.147 1.0000000000
1679  1.146  -93.203  36.593 1.0000000000
136560  -0.553  -93.843  36.394 1.0000000000
1706  0.807  -93.643  35.128 1.0000000000
1708  -0.488  -94.026  34.568 1.0000000000
124170  -0.462  -94.156  34.086 1.0000000000
144418  -0.312  -92.762  31.671 1.0000000000
141368  -0.148  -92.719  32.075 1.0000000000
1730  -0.048  -93.522  32.681 1.0000000000
2140  -0.504  -92.381  30.656 1.0000000000
1383  -0.366  -94.254  31.586 1.0000000000
1037  -1.027  -95.636  33.468 1.0000000000
144789  -0.235  -95.055  30.963 1.0000000000
1750  -0.769  -93.323  30.251 1.0000000000
784  0.096  -95.367  30.653 1.0000000000
521  6.175  -97.992  30.151 0.6999999881
1082  0.131  -95.257  29.190 0.8999999762
792  6.270  -96.762  29.516 0.6999999881
1390  4.678  -94.430  30.787 0.8000000119
128030  1.597  -93.937  28.904 0.8999999762
1091  7.167  -96.019  28.637 0.6000000238
1090  7.741  -95.214  28.537 0.6999999881
2150  3.518  -91.860  29.531 0.8999999762
601  0.212  -96.340  22.376 0.8999999762
2158  9.977  -92.108  28.232 0.6999999881
2169  9.445  -91.826  27.807 0.8000000119
10004  -0.764  -79.501  27.427 1.0000000000
9996  0.719  -78.308  27.721 1.0000000000
10701  1.594  -77.609  28.355 1.0000000000
6033  1.315  -84.316  32.616 1.0000000000
126141  1.912  -83.905  32.421 1.0000000000
6615  2.575  -84.064  32.849 1.0000000000
130786  0.390  -75.940  29.045 1.0000000000
130601  3.139  -86.333  33.717 1.0000000000
4901  3.199  -87.169  33.992 1.0000000000
12040  -0.351  -75.272  29.392 1.0000000000
5446  3.805  -85.548  34.077 1.0000000000
6603  4.092  -83.355  34.464 1.0000000000
3823  0.363  -88.652  34.284 1.0000000000
4362  1.145  -87.827  33.378 1.0000000000
6013  4.356  -84.107  34.347 1.0000000000
7250  6.319  -81.911  33.713 1.0000000000
3357  0.042  -89.120  35.001 1.0000000000
3822  1.022  -88.959  34.122 1.0000000000
7266  6.593  -82.337  33.167 1.0000000000
7249  6.926  -81.604  33.465 1.0000000000
3807  -0.264  -89.470  36.170 1.0000000000
7277  7.361  -82.015  32.610 1.0000000000
3340  -0.342  -90.026  36.698 1.0000000000
8669  7.238  -80.391  27.119 1.0000000000
2891  -0.321  -90.245  36.522 1.0000000000
2463  1.231  -92.693  36.630 1.0000000000
2480  0.584  -91.613  36.670 1.0000000000
2456  -0.132  -91.719  38.000 1.0000000000
127907  -0.307  -90.620  37.303 1.0000000000
130873  6.171  -80.918  26.052 1.0000000000
2078  2.050  -92.662  35.356 1.0000000000
137958  0.535  -92.388  37.384 1.0000000000
3571  0.026  -89.121  17.894 0.8999999762
8019  5.934  -81.282  25.204 1.0000000000
2079  1.721  -93.015  35.973 1.0000000000
3592  0.208  -89.218  16.859 0.8999999762
1705  1.615  -93.299  34.669 1.0000000000
3169  0.303  -89.527  16.365 0.8999999762
2101  1.108  -92.990  33.581 1.0000000000
2110  1.605  -92.215  33.032 1.0000000000
2739  0.457  -91.266  16.215 0.8999999762
4098  0.821  -88.777  15.488 0.8000000119
2520  -0.054  -92.012  32.001 1.0000000000
3623  1.154  -89.162  15.041 0.8000000119
2527  -0.066  -91.713  31.443 1.0000000000
2311  0.667  -92.379  16.496 0.8999999762
2313  0.187  -92.000  15.851 0.8999999762
140153  0.673  -92.157  13.904 0.8000000119
2542  -0.211  -91.691  30.833 1.0000000000
2721  1.956  -91.699  18.160 0.8999999762
2310  1.019  -92.726  17.401 0.8999999762
132221  0.453  -92.831  16.189 0.8999999762
4619  1.161  -87.294  15.756 0.8000000119
3104  1.220  -90.838  20.397 0.8999999762
2985  -0.640  -90.261  28.710 1.0000000000
2687  0.474  -92.222  20.893 0.8999999762
2281  0.918  -92.706  19.221 0.8999999762
2153  -0.811  -92.641  29.707 1.0000000000
2688  0.468  -92.604  21.158 0.8999999762
1895  0.762  -94.025  19.642 0.8999999762
2282  0.683  -93.036  19.995 0.8999999762
135876  0.961  -86.287  16.079 0.8000000119
6223  0.661  -83.877  15.702 0.6999999881
2595  -1.021  -90.714  27.827 0.8999999762
1769  -1.323  -94.126  28.245 0.8999999762
2268  0.465  -93.196  20.981 0.8999999762
5689  1.252  -85.213  15.712 0.6999999881
130205  1.061  -84.606  15.460 0.6999999881
122164  0.351  -93.776  21.980 0.8999999762
1518  0.775  -94.386  19.832 0.8999999762
5152  1.934  -86.053  15.349 0.6999999881
142534  0.238  -83.084  15.145 0.6999999881
1106  -0.974  -95.128  27.866 0.8999999762
125256  0.307  -93.644  22.659 0.8999999762
1160  0.424  -94.725  21.933 0.8999999762
1181  0.637  -94.902  20.647 0.8999999762
5697  1.489  -85.094  15.405 0.6999999881
7476  0.049  -82.462  15.985 0.6999999881
129574  0.334  -92.969  23.437 0.8999999762
880  0.588  -95.178  21.197 0.8999999762
8167  -0.460  -81.433  16.232 0.6999999881
1419  -0.332  -94.349  27.157 0.8999999762
1470  0.251  -94.269  22.867 0.8999999762
848  -0.114  -95.774  23.677 0.8999999762
8204  -1.019  -82.048  13.946 0.6000000238
1456  0.237  -94.253  23.963 0.8999999762
1159  0.292  -95.398  22.376 0.8999999762
929  1.797  -95.435  18.721 0.6999999881
6850  0.071  -82.994  14.213 0.6000000238
8844  -0.578  -81.098  15.912 0.5000000000
2565  9.465  -91.849  28.182 0.8000000119
2587  7.159  -91.558  28.302 0.8999999762
2589  5.217  -91.693  28.444 0.8999999762
2591  3.204  -91.600  27.832 0.8999999762
1795  1.611  -93.281  25.955 0.8999999762
1133  0.159  -95.396  24.328 0.8999999762
144367  3.357  -94.339  27.241 0.8999999762
134772  1.011  -94.681  25.396 0.8999999762
1117  1.308  -95.570  25.864 0.8999999762
839  1.018  -96.513  25.617 0.8999999762
139214  0.058  -96.422  24.192 0.8999999762
860  0.061  -97.030  23.727 0.8999999762
140536  4.055  -93.366  27.470 0.8999999762
817  3.017  -95.882  27.123 0.8999999762
830  1.726  -96.577  26.183 0.8999999762
2168  10.260  -92.109  27.800 0.6999999881
2187  7.002  -92.793  27.268 0.8000000119
1776  6.096  -92.799  27.521 0.8000000119
1416  4.116  -94.268  27.373 0.8000000119
1807  10.788  -93.134  25.940 0.6000000238
1808  9.731  -93.455  26.026 0.6999999881
1793  6.358  -93.739  27.181 0.8000000119
1415  5.025  -94.474  27.364 0.8000000119
1103  4.496  -95.249  27.305 0.8000000119
829  2.544  -96.684  26.644 0.8999999762
1427  7.545  -94.230  26.531 0.8000000119
1442  8.908  -94.200  25.968 0.6999999881
7253  -1.629  -82.116  32.498 1.0000000000
6630  -1.460  -83.120  32.281 1.0000000000
7269  -1.618  -82.496  31.536 1.0000000000
128294  -1.336  -83.449  31.469 1.0000000000
6646  -0.824  -83.739  30.911 1.0000000000
6644  1.584  -83.285  31.536 1.0000000000
141607  1.788  -83.509  32.036 1.0000000000
7280  2.552  -82.779  31.501 1.0000000000
6614  3.155  -83.222  33.202 1.0000000000
131115  3.252  -84.084  33.651 1.0000000000
138947  3.957  -87.101  34.160 1.0000000000
4900  3.862  -86.490  34.116 1.0000000000
6024  4.375  -85.019  34.209 1.0000000000
7240  3.936  -82.825  34.362 1.0000000000
5455  4.969  -85.340  33.795 1.0000000000
4352  2.991  -88.059  34.176 1.0000000000
7251  5.702  -82.052  33.963 1.0000000000
7911  5.389  -81.659  33.965 1.0000000000
3347  -0.191  -89.555  35.639 1.0000000000
3356  0.497  -89.331  34.679 1.0000000000
6655  7.053  -82.803  30.590 1.0000000000
7305  8.001  -81.621  29.878 1.0000000000
7292  7.882  -81.892  31.680 1.0000000000
3346  0.020  -89.747  35.322 1.0000000000
142430  -0.342  -89.858  36.088 1.0000000000
7967  7.392  -81.927  29.218 1.0000000000
2898  1.584  -90.991  35.390 1.0000000000
2890  -0.121  -90.638  36.389 1.0000000000
7995  7.205  -81.144  27.680 1.0000000000
134864  2.348  -92.025  34.794 1.0000000000
2478  1.966  -91.851  35.407 1.0000000000
7996  6.566  -81.711  27.252 1.0000000000
2509  2.755  -91.528  33.671 1.0000000000
3572  -0.464  -88.789  17.984 0.8999999762
142009  6.165  -80.612  25.248 1.0000000000
2518  2.438  -91.532  32.924 1.0000000000
132073  2.455  -92.132  34.141 1.0000000000
140642  2.339  -92.059  33.543 1.0000000000
2089  2.185  -92.755  34.720 1.0000000000
4072  -0.121  -88.695  17.365 0.8999999762
2519  1.590  -91.546  32.400 1.0000000000
4060  0.950  -89.331  17.764 0.8999999762
132330  0.728  -91.793  32.245 1.0000000000
3581  1.975  -89.823  17.441 0.8999999762
3582  0.966  -90.140  17.254 0.8999999762
2540  0.184  -91.100  31.014 1.0000000000
4082  0.471  -88.305  16.152 0.8000000119
2541  -0.056  -91.370  30.856 1.0000000000
3103  2.121  -90.758  19.475 0.8999999762
3142  1.797  -90.907  17.412 0.8999999762
2965  0.018  -90.837  30.184 1.0000000000
3546  1.991  -90.019  20.490 0.8999999762
2975  -0.246  -90.491  29.484 1.0000000000
125882  -0.604  -90.999  29.260 1.0000000000
127343  0.505  -91.397  21.817 0.8999999762
6216  0.742  -84.225  16.138 0.8000000119
3498  0.313  -90.899  23.541 0.8999999762
3089  0.408  -91.835  22.128 0.8999999762
5685  0.946  -85.096  16.016 0.8000000119
10116  1.041  -78.273  19.597 0.8999999762
2574  -1.068  -91.701  28.331 1.0000000000
2283  0.511  -93.275  20.572 0.8999999762
143792  -1.339  -93.665  27.836 0.8999999762
128329  0.334  -91.738  23.297 0.8999999762
1490  0.429  -94.127  21.496 0.8999999762
10816  0.473  -77.498  19.749 0.8999999762
1433  -0.930  -93.915  26.777 0.8999999762
10118  -0.138  -78.103  19.061 0.8999999762
894  0.973  -95.694  20.575 0.8999999762
6838  -0.729  -82.640  14.457 0.6999999881
8166  -0.371  -81.636  16.350 0.6999999881
1827  0.341  -93.076  23.824 0.8999999762
623  0.728  -95.762  21.160 0.8000000119
8179  -0.324  -81.879  15.320 0.6999999881
2177  1.164  -92.127  26.704 0.8999999762
2191  0.344  -92.668  25.487 0.8999999762
1825  0.430  -93.454  24.384 0.8999999762
576  0.531  -97.187  24.559 0.8000000119
132222  5.241  -92.760  27.659 0.8000000119
130619  5.550  -93.679  27.392 0.8000000119
131307  1.984  -98.370  24.816 0.6999999881
339  2.880  -98.274  26.001 0.6999999881
1792  7.047  -93.728  26.894 0.8000000119
827  4.887  -96.130  27.160 0.8000000119
1114  6.663  -95.884  26.620 0.6999999881
123059  5.303  -96.971  26.923 0.6999999881
1131  9.809  -95.170  25.024 0.6000000238
1123  7.999  -95.752  25.897 0.5000000000
6683  -0.776  -83.032  28.345 1.0000000000
127661  -1.108  -83.586  30.722 1.0000000000
6670  -0.469  -83.502  29.206 1.0000000000
6657  0.907  -83.385  30.547 1.0000000000
7281  1.926  -82.874  30.695 1.0000000000
7968  4.492  -81.144  29.464 1.0000000000
7953  4.587  -81.339  30.796 1.0000000000
7268  3.079  -82.689  32.269 1.0000000000
7267  3.534  -82.266  33.115 1.0000000000
7901  4.706  -82.124  34.221 1.0000000000
4908  4.909  -86.318  33.729 1.0000000000
135541  5.462  -85.060  33.013 1.0000000000
6613  5.306  -82.903  34.021 1.0000000000
4919  5.324  -86.279  32.468 1.0000000000
6625  5.658  -83.529  33.377 1.0000000000
3851  4.558  -88.265  32.776 1.0000000000
130064  4.631  -87.834  33.499 1.0000000000
4360  4.821  -87.100  33.631 1.0000000000
7278  6.644  -82.858  32.277 1.0000000000
3370  3.924  -89.284  33.668 1.0000000000
3820  3.692  -88.540  34.076 1.0000000000
142416  2.044  -89.119  34.421 1.0000000000
4353  1.876  -88.426  34.022 1.0000000000
6641  7.205  -82.597  31.539 1.0000000000
3354  2.556  -89.677  34.497 1.0000000000
2916  2.081  -90.363  34.861 1.0000000000
2917  0.939  -90.130  35.075 1.0000000000
3355  1.525  -89.616  34.628 1.0000000000
7307  7.066  -82.522  29.465 1.0000000000
2915  2.906  -90.447  34.403 1.0000000000
2899  0.466  -90.689  35.822 1.0000000000
144502  7.122  -81.925  28.647 1.0000000000
2949  3.368  -90.114  32.492 1.0000000000
2508  3.150  -90.862  33.787 1.0000000000
8670  6.725  -80.293  26.368 1.0000000000
2943  2.922  -90.812  32.646 1.0000000000
7347  5.958  -81.756  26.009 1.0000000000
8699  6.264  -79.953  24.639 1.0000000000
3394  2.107  -89.563  31.189 1.0000000000
2951  1.582  -90.382  31.466 1.0000000000
130886  -0.400  -87.964  18.479 0.8999999762
8700  5.758  -80.049  23.834 1.0000000000
8044  0.653  -81.756  23.658 1.0000000000
2526  0.971  -91.108  31.715 1.0000000000
3116  2.936  -89.747  18.327 0.8999999762
128557  0.149  -88.274  16.971 0.8999999762
2964  0.418  -90.365  30.433 1.0000000000
2952  0.775  -90.528  31.093 1.0000000000
3544  3.301  -88.775  19.624 0.8999999762
3132  2.648  -90.384  18.029 0.8999999762
4593  0.384  -87.618  16.522 0.8000000119
2974  0.137  -90.179  29.713 1.0000000000
138789  2.643  -89.984  19.578 0.8999999762
125462  0.667  -86.006  16.566 0.8000000119
3410  0.437  -89.554  29.443 1.0000000000
3086  1.098  -90.401  21.176 0.8999999762
3411  -0.208  -89.989  29.114 1.0000000000
3931  1.367  -88.461  25.014 1.0000000000
3513  1.428  -89.573  22.197 0.8999999762
3421  -0.361  -89.927  28.377 1.0000000000
3497  0.547  -90.354  23.743 0.8999999762
141911  0.699  -91.002  20.982 0.8999999762
3432  -0.417  -89.886  27.528 0.8999999762
3482  0.510  -90.010  24.476 0.8999999762
6830  0.630  -83.496  16.357 0.8000000119
3445  0.132  -89.648  25.977 0.8999999762
3060  0.236  -91.506  23.905 0.8999999762
2596  -1.246  -91.807  27.196 0.8999999762
134268  -0.907  -90.948  26.027 0.8999999762
122563  0.180  -91.659  24.390 0.8999999762
2192  -1.165  -92.570  26.547 0.8999999762
2199  -1.007  -92.078  25.995 0.8999999762
2629  0.081  -91.797  24.836 0.8999999762
2225  0.308  -92.891  22.871 0.8999999762
7477  -0.271  -82.076  15.706 0.6999999881
1797  -0.388  -92.661  26.313 0.8999999762
1813  0.121  -92.216  24.930 0.8999999762
1457  0.245  -94.097  23.396 0.8999999762
1148  0.294  -94.798  22.621 0.8999999762
1812  0.343  -92.506  24.937 0.8999999762
8858  -0.240  -81.481  15.315 0.5000000000
567  1.497  -97.533  25.768 0.8000000119
828  4.373  -96.919  27.026 0.6999999881
558  2.900  -97.716  26.486 0.8000000119
1428  6.689  -94.687  26.806 0.8000000119
1115  5.791  -96.142  27.010 0.8000000119
556  4.746  -97.587  26.553 0.6999999881
825  6.999  -96.662  26.298 0.6999999881
837  8.452  -96.344  25.304 0.5000000000
7930  -1.646  -81.106  32.725 1.0000000000
7944  -1.585  -81.590  31.276 1.0000000000
126495  -1.550  -82.388  30.518 1.0000000000
7328  -0.289  -82.448  27.196 1.0000000000
7317  1.440  -82.056  27.333 1.0000000000
7295  1.388  -83.091  29.874 1.0000000000
7984  2.448  -81.565  27.745 1.0000000000
7294  2.167  -82.633  29.748 1.0000000000
8628  4.829  -80.280  28.821 1.0000000000
7969  3.702  -81.528  29.035 1.0000000000
8627  5.620  -79.716  29.257 1.0000000000
10690  -0.282  -76.672  28.572 1.0000000000
8613  5.311  -80.615  29.803 1.0000000000
9279  6.317  -79.241  29.638 1.0000000000
8598  5.509  -80.807  31.090 1.0000000000
8611  6.779  -79.610  30.417 1.0000000000
8581  5.654  -80.824  32.293 1.0000000000
7941  4.902  -81.226  32.128 1.0000000000
7928  5.277  -81.144  33.341 1.0000000000
136406  5.460  -85.589  32.258 1.0000000000
6031  5.264  -84.442  33.598 1.0000000000
4374  4.948  -87.476  32.837 1.0000000000
7909  7.136  -81.004  33.600 1.0000000000
6642  6.530  -83.368  31.193 1.0000000000
6668  6.704  -83.055  29.398 1.0000000000
7966  8.490  -81.018  29.654 1.0000000000
3385  4.198  -88.654  32.154 1.0000000000
2932  3.523  -90.088  33.773 1.0000000000
3353  3.283  -89.481  34.163 1.0000000000
7316  6.851  -82.505  28.775 1.0000000000
8003  6.663  -81.007  26.856 1.0000000000
131530  3.773  -89.384  32.341 1.0000000000
7326  6.417  -82.342  27.451 1.0000000000
3393  3.101  -89.578  31.774 1.0000000000
4043  1.226  -88.606  18.171 1.0000000000
4044  0.168  -88.647  18.429 0.8999999762
3399  2.838  -89.008  31.206 1.0000000000
2950  2.575  -90.263  31.942 1.0000000000
4541  3.043  -87.478  18.409 1.0000000000
8030  5.772  -81.618  24.175 1.0000000000
8687  5.944  -80.709  24.413 1.0000000000
4026  3.397  -88.481  18.970 0.8999999762
124101  2.343  -89.098  17.719 0.8999999762
4027  -0.246  -88.097  18.959 0.8999999762
8043  1.886  -81.409  23.746 1.0000000000
3401  1.470  -89.228  30.397 1.0000000000
2963  1.137  -89.945  30.751 1.0000000000
3999  2.865  -88.461  21.384 1.0000000000
5106  -0.242  -87.193  18.445 0.8999999762
7386  0.945  -83.040  23.090 1.0000000000
3402  0.697  -89.657  30.081 1.0000000000
5116  -0.382  -87.781  17.820 0.8999999762
5105  0.214  -86.982  17.460 0.8999999762
5643  -0.008  -86.449  18.804 0.8999999762
3885  0.866  -88.869  28.229 1.0000000000
3962  1.967  -88.751  23.476 0.8999999762
3530  2.400  -89.157  21.001 0.8999999762
127037  0.324  -85.669  18.166 0.8999999762
8046  -0.903  -81.653  22.678 1.0000000000
3948  1.568  -88.818  24.203 1.0000000000
4000  2.067  -88.967  22.012 0.8999999762
146120  0.137  -82.215  20.237 1.0000000000
3431  0.237  -89.510  27.892 1.0000000000
8758  -0.093  -80.639  21.334 1.0000000000
126408  0.155  -89.489  26.981 0.8999999762
135436  0.881  -90.025  23.355 0.8999999762
3058  0.556  -90.639  22.991 0.8999999762
5641  0.658  -84.712  17.745 0.8999999762
6826  0.905  -83.786  17.262 0.8000000119
3462  0.450  -89.654  25.155 0.8999999762
2995  -0.869  -90.237  26.992 0.8999999762
3464  0.014  -90.843  24.644 0.8999999762
7461  0.115  -81.915  16.732 0.6999999881
2996  -1.150  -91.018  26.859 0.8999999762
2604  -1.172  -91.730  26.340 0.8999999762
8818  -0.495  -80.653  17.266 0.6999999881
122585  -0.697  -92.462  26.229 0.8999999762
8819  -0.673  -80.380  17.146 0.6999999881
9513  -0.706  -80.278  16.402 0.5000000000
9494  -0.853  -79.765  17.156 0.5000000000
133547  4.251  -98.319  25.412 0.6999999881
337  4.315  -98.105  26.198 0.6000000238
847  8.034  -97.169  24.915 0.6000000238
9979  -1.527  -78.786  28.461 1.0000000000
7972  -1.053  -82.667  28.538 1.0000000000
7943  -1.295  -81.690  30.209 1.0000000000
6681  0.219  -83.198  28.485 1.0000000000
7308  1.908  -82.263  28.143 1.0000000000
7982  4.218  -80.918  28.670 1.0000000000
7955  2.973  -82.076  29.491 1.0000000000
9277  7.366  -78.412  30.328 1.0000000000
8612  6.115  -80.130  30.103 1.0000000000
7954  3.764  -81.746  30.068 1.0000000000
9265  7.441  -79.155  30.587 1.0000000000
9943  8.111  -78.103  30.812 1.0000000000
9264  8.087  -78.790  30.842 1.0000000000
8579  7.404  -80.328  32.706 1.0000000000
8563  8.061  -80.334  32.883 1.0000000000
4929  5.235  -86.168  31.655 1.0000000000
5473  5.483  -85.415  31.262 1.0000000000
6045  5.699  -84.647  31.953 1.0000000000
4387  5.120  -86.900  32.158 1.0000000000
134177  5.629  -84.262  32.843 1.0000000000
7939  8.723  -81.223  31.581 1.0000000000
6055  5.824  -84.702  30.859 1.0000000000
6044  5.966  -84.016  31.303 1.0000000000
6643  5.996  -83.641  32.234 1.0000000000
4388  4.590  -87.740  31.761 1.0000000000
6065  5.911  -84.723  29.903 1.0000000000
3819  4.210  -88.001  33.935 1.0000000000
6656  6.675  -83.367  30.136 1.0000000000
8657  7.702  -80.497  27.700 1.0000000000
3870  3.933  -87.827  30.979 1.0000000000
138508  4.189  -89.038  32.927 1.0000000000
3864  3.943  -88.308  31.450 1.0000000000
142189  6.038  -83.371  27.508 1.0000000000
8018  6.258  -81.512  26.595 1.0000000000
3392  3.541  -88.882  31.623 1.0000000000
6082  5.448  -84.687  27.315 1.0000000000
7348  5.816  -82.162  25.160 1.0000000000
135530  3.170  -88.279  30.768 1.0000000000
5091  1.998  -87.240  18.631 1.0000000000
7360  5.623  -82.502  24.440 1.0000000000
3400  2.252  -88.799  30.611 1.0000000000
8042  5.341  -81.559  23.191 1.0000000000
8716  5.186  -80.167  23.370 1.0000000000
8720  0.508  -80.884  23.909 1.0000000000
3872  1.726  -88.655  30.067 1.0000000000
3998  3.486  -87.853  20.727 1.0000000000
5078  0.792  -87.043  19.766 1.0000000000
5079  -0.244  -86.986  19.212 0.8999999762
8067  2.522  -82.085  23.169 1.0000000000
3409  1.132  -89.021  29.739 1.0000000000
3961  2.447  -88.222  23.424 1.0000000000
5062  -0.067  -86.418  19.393 0.8999999762
8069  -0.689  -82.277  22.742 1.0000000000
4470  2.291  -88.222  24.033 1.0000000000
138700  2.632  -88.322  22.200 1.0000000000
5059  1.081  -86.376  20.142 1.0000000000
5605  0.496  -85.867  20.636 1.0000000000
6190  -0.103  -84.973  19.525 0.8999999762
3896  0.746  -88.842  27.309 1.0000000000
3963  1.374  -89.412  23.419 0.8999999762
6202  0.265  -84.895  18.609 0.8999999762
9423  0.460  -79.621  21.514 1.0000000000
3932  0.728  -88.949  25.490 1.0000000000
6806  0.033  -84.183  19.478 0.8999999762
3949  0.879  -89.207  24.702 0.8999999762
128422  0.958  -89.647  23.980 0.8999999762
6189  0.262  -84.298  18.923 0.8999999762
7435  0.596  -82.711  19.316 0.8999999762
122658  0.953  -83.135  17.840 0.8999999762
8089  0.302  -81.667  20.461 1.0000000000
3446  -0.403  -89.885  26.737 0.8999999762
137983  0.891  -82.561  18.503 0.8999999762
3009  -0.471  -90.274  26.038 0.8999999762
3463  0.095  -90.337  25.125 0.8999999762
7460  0.650  -82.222  17.556 0.8999999762
130682  0.860  -80.958  18.537 0.8999999762
3023  -0.320  -90.824  25.290 0.8999999762
8151  0.170  -81.380  17.349 0.6999999881
8804  -0.387  -80.195  17.738 0.6999999881
123866  -0.338  -91.377  25.251 0.8999999762
9481  -1.174  -79.024  17.675 0.6000000238
9326  0.424  -79.995  26.985 1.0000000000
9997  -0.851  -78.342  27.698 1.0000000000
8659  2.335  -80.637  27.068 1.0000000000
8660  1.345  -80.804  26.848 1.0000000000
8000  -0.705  -82.178  27.282 1.0000000000
10003  0.078  -79.062  27.382 1.0000000000
141669  3.530  -80.501  27.808 1.0000000000
9292  4.942  -79.579  28.822 1.0000000000
9954  6.254  -78.659  29.908 1.0000000000
10663  6.542  -78.138  30.369 1.0000000000
9952  7.241  -78.091  30.443 1.0000000000
8597  6.310  -80.400  31.412 1.0000000000
10639  8.773  -77.829  31.149 1.0000000000
9942  9.304  -78.031  30.969 1.0000000000
9262  10.289  -79.218  31.059 1.0000000000
7925  8.891  -80.598  32.368 1.0000000000
7951  9.244  -80.868  31.001 1.0000000000
8626  9.026  -80.459  29.414 1.0000000000
140020  8.860  -80.093  28.706 1.0000000000
4930  4.856  -86.779  31.182 1.0000000000
4940  5.094  -86.019  30.742 1.0000000000
9310  8.662  -79.563  28.080 1.0000000000
9324  7.991  -79.774  27.363 1.0000000000
4397  4.274  -87.223  30.702 1.0000000000
5484  5.473  -85.392  30.327 1.0000000000
6075  6.077  -83.980  28.673 1.0000000000
6679  6.423  -83.325  28.713 1.0000000000
122460  4.649  -86.538  30.247 1.0000000000
5498  5.354  -85.456  29.354 1.0000000000
6691  6.429  -82.874  27.961 1.0000000000
9335  6.855  -79.588  25.844 1.0000000000
4947  4.628  -86.305  29.269 1.0000000000
5509  5.467  -85.164  28.549 1.0000000000
6076  5.740  -84.514  28.098 1.0000000000
7336  6.092  -82.227  26.738 1.0000000000
9369  6.483  -79.108  24.549 1.0000000000
4402  3.396  -87.325  29.484 1.0000000000
3874  2.929  -87.774  29.898 1.0000000000
5519  5.278  -85.270  27.791 1.0000000000
6709  5.520  -83.149  25.167 1.0000000000
9370  5.911  -79.280  23.981 1.0000000000
3875  2.459  -87.966  29.466 1.0000000000
4468  3.394  -87.231  23.375 1.0000000000
144280  3.543  -87.568  19.613 1.0000000000
5075  3.362  -86.615  19.466 1.0000000000
5623  3.179  -85.826  19.808 1.0000000000
8743  3.089  -81.364  23.233 1.0000000000
3876  1.784  -88.397  29.393 1.0000000000
4407  2.461  -87.859  28.718 1.0000000000
4482  3.536  -87.192  22.350 1.0000000000
5076  2.771  -86.327  19.265 1.0000000000
5603  2.311  -85.362  20.265 1.0000000000
8066  3.398  -81.912  22.711 1.0000000000
3884  1.643  -88.348  28.488 1.0000000000
5077  1.832  -86.683  19.234 1.0000000000
5060  0.289  -86.438  20.040 1.0000000000
4408  2.222  -87.801  27.779 1.0000000000
5606  -0.124  -85.783  20.488 1.0000000000
8722  -1.079  -80.936  22.555 1.0000000000
3895  1.489  -88.303  27.588 1.0000000000
4457  2.066  -88.088  24.684 1.0000000000
6157  -0.444  -84.980  20.915 1.0000000000
3911  1.354  -88.260  26.690 1.0000000000
128332  1.295  -88.289  25.816 1.0000000000
8090  -0.596  -81.616  21.313 1.0000000000
6796  -0.603  -84.049  20.760 1.0000000000
6795  -0.085  -83.571  19.867 1.0000000000
8125  0.690  -81.976  19.681 0.8999999762
10791  1.470  -77.586  21.305 0.8999999762
8136  1.041  -81.429  19.135 0.8999999762
8107  1.130  -81.157  19.874 0.8999999762
126628  1.189  -80.680  19.168 0.8999999762
9444  0.415  -79.395  18.620 0.8999999762
9461  -0.546  -79.608  18.054 0.8000000119
10170  -1.208  -78.818  17.193 0.5000000000
8630  -0.717  -81.083  28.461 1.0000000000
8658  3.046  -80.147  27.346 1.0000000000
9325  1.938  -79.996  26.999 1.0000000000
123340  0.183  -77.464  28.104 1.0000000000
9975  4.744  -78.955  29.003 1.0000000000
139854  3.770  -78.584  28.930 1.0000000000
9977  2.800  -77.906  28.784 1.0000000000
10689  1.191  -76.693  28.765 1.0000000000
11394  2.186  -76.519  29.469 1.0000000000
10640  7.737  -77.809  31.006 1.0000000000
135042  8.848  -77.308  32.540 1.0000000000
126800  10.079  -77.215  31.827 1.0000000000
10638  9.822  -77.748  31.179 1.0000000000
9940  10.219  -78.238  30.694 1.0000000000
8595  10.032  -79.927  31.515 1.0000000000
143916  10.698  -77.232  29.992 1.0000000000
9951  10.428  -78.569  30.373 1.0000000000
12030  10.573  -75.966  30.476 1.0000000000
9276  10.325  -79.395  30.449 1.0000000000
8624  10.175  -79.948  30.422 1.0000000000
8610  9.856  -80.365  30.855 1.0000000000
130838  10.631  -76.947  29.546 1.0000000000
10700  10.318  -77.402  28.884 1.0000000000
9992  10.166  -78.339  29.060 1.0000000000
8643  9.541  -79.877  29.281 1.0000000000
11401  9.527  -76.532  28.123 1.0000000000
9993  9.597  -77.886  28.196 1.0000000000
9322  9.085  -78.776  28.137 1.0000000000
10713  8.895  -76.634  27.439 1.0000000000
10714  8.705  -77.163  27.059 1.0000000000
9333  7.925  -78.844  26.729 1.0000000000
11409  8.382  -76.751  26.860 1.0000000000
141447  7.983  -77.195  26.232 1.0000000000
5485  5.064  -85.959  29.956 1.0000000000
124797  5.849  -84.647  29.002 1.0000000000
6680  6.110  -83.679  28.053 1.0000000000
129105  6.439  -77.730  24.452 1.0000000000
10044  6.743  -78.388  24.652 1.0000000000
5510  5.010  -85.799  28.464 1.0000000000
6692  5.727  -84.000  27.390 1.0000000000
130901  5.902  -82.940  26.533 1.0000000000
4403  2.864  -87.624  29.264 1.0000000000
4401  4.063  -86.957  29.799 1.0000000000
126238  5.611  -83.437  26.081 1.0000000000
4406  3.217  -87.349  28.723 1.0000000000
6090  5.420  -84.292  26.558 1.0000000000
9393  3.597  -79.917  23.604 1.0000000000
5025  3.936  -86.616  22.885 1.0000000000
5058  3.853  -86.376  20.889 1.0000000000
8065  4.132  -81.921  22.485 1.0000000000
122825  1.847  -80.452  24.033 1.0000000000
6188  3.009  -85.192  20.178 1.0000000000
8088  3.650  -82.369  22.283 1.0000000000
7384  2.960  -82.501  22.511 1.0000000000
4420  3.005  -87.399  27.860 1.0000000000
4493  3.745  -87.112  21.203 1.0000000000
5024  4.223  -86.033  22.367 1.0000000000
6174  1.676  -85.085  21.002 1.0000000000
6755  1.593  -83.441  22.572 1.0000000000
4422  2.043  -87.714  26.923 1.0000000000
4436  2.629  -87.318  26.293 1.0000000000
4456  2.690  -87.668  24.491 1.0000000000
4483  2.893  -87.877  22.854 1.0000000000
6757  -0.261  -83.713  22.252 1.0000000000
121347  -1.084  -79.991  22.779 1.0000000000
4451  1.950  -87.866  25.342 1.0000000000
6173  2.627  -84.718  20.633 1.0000000000
6139  0.321  -84.310  22.129 1.0000000000
6758  -0.699  -83.761  21.835 1.0000000000
125478  -0.787  -82.472  21.565 1.0000000000
8759  -0.953  -80.825  21.913 1.0000000000
6155  1.028  -84.873  21.788 1.0000000000
6781  -0.632  -84.282  21.443 1.0000000000
7420  -0.535  -83.257  20.557 1.0000000000
3912  0.652  -88.848  26.367 1.0000000000
8774  0.804  -80.848  20.593 0.8999999762
10076  1.300  -77.866  21.843 0.8999999762
137600  0.906  -77.031  20.410 0.8999999762
10132  -1.283  -78.480  18.086 0.5000000000
10150  -1.505  -78.159  17.695 0.5000000000
10835  -1.142  -77.946  18.609 0.6999999881
9314  1.327  -79.165  27.343 1.0000000000
9955  5.185  -78.602  29.749 1.0000000000
9994  4.158  -79.458  28.409 1.0000000000
10642  5.738  -77.926  31.282 1.0000000000
10621  7.161  -77.674  31.954 1.0000000000
9956  4.213  -78.303  29.640 1.0000000000
10605  8.183  -77.390  33.157 1.0000000000
10620  8.221  -77.539  31.857 1.0000000000
10604  8.945  -77.068  33.411 1.0000000000
132427  10.589  -76.867  30.960 1.0000000000
8578  8.801  -80.136  32.569 1.0000000000
15805  -0.555  -70.861  33.661 1.0000000000
136548  10.235  -75.766  29.819 1.0000000000
9308  9.896  -79.172  29.218 1.0000000000
12045  9.697  -76.021  28.598 1.0000000000
12064  8.941  -76.076  27.918 1.0000000000
10026  7.518  -77.818  25.528 1.0000000000
9353  7.359  -78.763  25.905 1.0000000000
4954  4.361  -86.413  28.257 1.0000000000
5520  4.742  -85.915  27.567 1.0000000000
10045  4.927  -78.005  24.048 1.0000000000
10064  5.269  -78.867  23.772 1.0000000000
4969  3.710  -86.949  27.996 1.0000000000
130529  4.497  -85.998  26.827 1.0000000000
6738  5.245  -82.869  23.199 1.0000000000
133365  3.998  -78.258  24.064 1.0000000000
129678  1.989  -79.637  24.233 1.0000000000
142754  3.426  -86.836  26.988 1.0000000000
5009  3.828  -86.654  23.869 1.0000000000
5545  4.230  -86.161  24.361 1.0000000000
5563  4.709  -85.430  24.011 1.0000000000
6138  4.862  -84.289  22.869 1.0000000000
6754  4.777  -83.769  22.356 1.0000000000
7403  4.031  -82.702  22.047 1.0000000000
4995  3.279  -87.202  24.258 1.0000000000
5564  4.368  -85.949  23.316 1.0000000000
5575  4.517  -85.399  22.312 1.0000000000
129765  4.670  -84.559  22.143 1.0000000000
133294  4.533  -83.983  21.760 1.0000000000
7405  2.544  -83.136  22.223 1.0000000000
9372  1.211  -79.265  24.358 1.0000000000
4421  2.755  -87.323  27.032 1.0000000000
4988  3.092  -87.151  25.054 1.0000000000
6793  3.567  -84.032  21.121 1.0000000000
6778  2.946  -83.561  21.461 1.0000000000
130795  -0.073  -80.114  23.885 1.0000000000
5040  4.189  -85.697  21.469 1.0000000000
142506  2.135  -83.710  21.964 1.0000000000
6154  2.130  -84.283  21.371 1.0000000000
132480  -1.045  -80.201  22.287 1.0000000000
9412  -0.426  -79.110  22.088 1.0000000000
10077  0.234  -78.228  22.339 1.0000000000
10102  1.510  -78.661  20.365 0.8999999762
8773  1.464  -80.233  19.959 0.8999999762
9443  1.291  -79.215  19.500 0.8999999762
11535  -0.266  -76.763  20.048 0.8999999762
10817  -0.750  -77.398  19.303 0.8999999762
10836  -1.585  -77.699  18.332 0.5000000000
9995  3.198  -78.855  28.189 1.0000000000
9315  -0.935  -79.531  27.892 1.0000000000
11402  -1.351  -76.778  28.704 1.0000000000
11339  10.220  -76.291  32.636 1.0000000000
12020  10.515  -75.966  31.960 1.0000000000
10708  8.999  -77.623  27.487 1.0000000000
10011  7.911  -78.079  26.171 1.0000000000
18604  -1.817  -67.613  28.142 1.0000000000
11449  5.894  -76.666  24.762 1.0000000000
19534  -1.475  -67.010  28.185 1.0000000000
10742  4.801  -77.227  24.426 1.0000000000
4968  4.123  -86.435  27.326 1.0000000000
6083  5.051  -85.334  26.839 1.0000000000
6091  5.088  -85.083  25.937 1.0000000000
5536  4.628  -85.732  24.903 1.0000000000
6111  5.080  -84.865  24.479 1.0000000000
16753  -1.888  -69.238  27.192 1.0000000000
6776  4.431  -83.271  21.907 1.0000000000
9371  2.100  -78.743  24.451 1.0000000000
139295  3.117  -86.985  26.405 1.0000000000
4980  3.575  -86.649  26.078 1.0000000000
123733  4.081  -86.311  25.039 1.0000000000
9373  0.062  -79.329  24.187 1.0000000000
4987  3.632  -86.665  25.384 1.0000000000
4981  3.120  -86.977  25.794 1.0000000000
9396  -0.918  -79.190  23.081 1.0000000000
10078  -0.731  -78.534  22.720 1.0000000000
10774  -0.484  -77.625  22.892 1.0000000000
10091  0.939  -78.715  21.703 0.8999999762
10853  -1.746  -77.322  17.933 0.5000000000
9976  3.473  -77.907  29.480 1.0000000000
10622  6.002  -77.768  32.395 1.0000000000
10644  3.912  -77.417  31.012 1.0000000000
10666  3.664  -77.656  30.199 1.0000000000
10667  2.923  -77.205  29.697 1.0000000000
10587  7.379  -77.424  34.012 1.0000000000
10623  4.974  -77.628  32.343 1.0000000000
11360  4.151  -77.176  31.876 1.0000000000
11380  3.257  -76.931  30.563 1.0000000000
11362  2.973  -76.047  30.678 1.0000000000
11995  8.944  -75.962  34.793 1.0000000000
10586  8.304  -77.132  34.131 1.0000000000
10608  5.087  -77.065  33.137 1.0000000000
11341  3.900  -76.168  32.000 1.0000000000
12023  2.629  -74.982  30.716 1.0000000000
12032  0.989  -75.311  29.507 1.0000000000
11321  9.578  -76.443  33.443 1.0000000000
139621  1.970  -74.189  30.575 1.0000000000
12024  1.618  -74.711  30.012 1.0000000000
12780  -0.163  -73.736  30.281 1.0000000000
11301  9.489  -75.776  34.128 1.0000000000
12761  4.104  -74.842  32.978 1.0000000000
12013  3.742  -75.171  32.120 1.0000000000
12014  3.194  -74.653  31.565 1.0000000000
12770  1.027  -73.917  30.265 1.0000000000
13499  -0.452  -73.085  30.742 1.0000000000
11994  9.488  -75.093  34.823 1.0000000000
146078  10.240  -75.481  32.041 1.0000000000
12755  4.359  -74.069  33.476 1.0000000000
14992  0.109  -71.994  31.598 1.0000000000
12746  10.235  -74.084  33.783 1.0000000000
14194  2.752  -72.724  32.032 1.0000000000
13475  2.610  -73.376  31.599 1.0000000000
13485  1.688  -73.269  30.905 1.0000000000
14991  0.865  -72.006  31.541 1.0000000000
14983  -0.354  -71.536  32.450 1.0000000000
13472  9.657  -73.938  32.382 1.0000000000
12767  9.401  -74.468  31.718 1.0000000000
130955  10.422  -75.736  31.337 1.0000000000
15801  2.946  -71.182  33.785 1.0000000000
15811  0.596  -70.957  32.512 1.0000000000
15812  -0.046  -70.937  32.753 1.0000000000
16680  -0.370  -70.016  33.838 1.0000000000
146421  9.740  -75.522  29.964 1.0000000000
131070  9.108  -73.600  31.755 1.0000000000
13483  8.395  -73.417  31.303 1.0000000000
12776  9.132  -74.952  31.030 1.0000000000
12037  9.569  -75.643  29.292 1.0000000000
12038  8.429  -75.440  29.153 1.0000000000
134902  8.472  -75.710  28.321 1.0000000000
18592  -1.461  -67.608  29.388 1.0000000000
139651  -1.557  -67.244  28.400 1.0000000000
19535  -0.802  -66.217  29.064 1.0000000000
14223  7.120  -72.695  31.001 1.0000000000
12039  7.443  -75.101  29.254 1.0000000000
11405  8.324  -76.309  27.163 1.0000000000
11450  5.100  -76.632  24.699 1.0000000000
130238  -1.133  -66.725  28.551 1.0000000000
12065  8.045  -75.833  27.697 1.0000000000
11410  7.340  -76.452  25.989 1.0000000000
14207  6.685  -71.888  31.331 1.0000000000
143620  7.274  -74.685  29.745 1.0000000000
12048  6.852  -75.057  28.655 1.0000000000
11407  6.388  -75.431  27.140 1.0000000000
11424  5.525  -76.157  25.075 1.0000000000
16715  -1.984  -68.254  29.174 1.0000000000
136576  4.747  -85.632  25.521 1.0000000000
12793  6.738  -74.650  29.320 1.0000000000
12049  6.084  -74.903  28.056 1.0000000000
126188  5.596  -75.773  25.733 1.0000000000
10725  3.323  -77.173  24.851 1.0000000000
124531  4.108  -77.537  24.412 1.0000000000
16713  -0.943  -69.361  29.382 1.0000000000
130659  -1.837  -68.459  27.672 1.0000000000
145834  5.133  -75.201  26.734 1.0000000000
10743  2.667  -77.916  24.635 1.0000000000
15854  -1.326  -70.685  28.689 1.0000000000
5529  4.047  -86.351  26.454 1.0000000000
5537  4.185  -86.215  25.613 1.0000000000
12811  5.374  -74.405  28.768 1.0000000000
12067  5.520  -75.020  27.211 1.0000000000
12084  3.844  -75.461  26.487 1.0000000000
10726  2.233  -77.240  25.066 1.0000000000
10744  1.609  -77.945  24.791 1.0000000000
12825  5.054  -74.704  27.909 1.0000000000
12069  3.585  -74.929  27.177 1.0000000000
11413  3.261  -75.913  25.923 1.0000000000
10047  0.871  -78.623  24.549 1.0000000000
12826  4.160  -74.538  27.776 1.0000000000
12100  2.267  -75.999  26.025 1.0000000000
11427  1.712  -76.624  25.549 1.0000000000
15866  -2.087  -70.163  27.748 1.0000000000
15880  -1.992  -69.999  27.204 1.0000000000
12101  1.160  -76.073  26.106 1.0000000000
132295  0.420  -77.942  24.842 1.0000000000
10048  -0.269  -78.478  24.367 1.0000000000
123037  -1.927  -70.990  27.237 1.0000000000
11429  -0.804  -76.712  25.435 1.0000000000
10745  -0.621  -77.749  24.576 1.0000000000
10069  -0.795  -78.011  23.314 1.0000000000
10729  -1.029  -77.182  24.864 1.0000000000
10758  -0.858  -77.408  23.684 1.0000000000
15045  -1.893  -72.071  26.869 1.0000000000
15044  -1.626  -71.434  26.472 1.0000000000
141249  0.349  -76.887  22.879 0.8999999762
11471  0.497  -76.206  23.126 1.0000000000
11503  1.028  -76.478  22.435 0.8999999762
11516  1.381  -77.009  21.089 0.8999999762
11517  0.724  -76.424  20.831 0.8999999762
12194  -1.914  -75.803  19.742 0.6000000238
11518  -1.287  -76.228  19.943 0.8000000119
11554  -1.955  -76.790  18.507 0.5000000000
10588  6.271  -77.095  34.245 1.0000000000
133270  6.999  -76.869  34.835 1.0000000000
11322  5.453  -76.654  33.825 1.0000000000
11340  4.421  -76.694  32.636 1.0000000000
11288  7.372  -76.144  35.247 1.0000000000
11304  6.420  -76.073  34.939 1.0000000000
12002  5.301  -75.665  34.084 1.0000000000
12012  4.167  -75.752  32.629 1.0000000000
12022  3.324  -75.612  31.428 1.0000000000
12747  9.971  -74.031  34.834 1.0000000000
13460  9.937  -73.171  34.067 1.0000000000
14193  3.170  -72.820  32.650 1.0000000000
14177  9.521  -72.546  33.299 1.0000000000
13464  4.375  -73.368  33.848 1.0000000000
14979  2.673  -72.076  32.510 1.0000000000
14981  1.464  -71.703  31.876 1.0000000000
14191  8.962  -72.171  32.604 1.0000000000
146208  4.063  -72.886  33.880 1.0000000000
15810  1.432  -70.956  32.637 1.0000000000
13473  8.793  -72.714  31.833 1.0000000000
14977  8.409  -71.574  32.810 1.0000000000
12768  8.669  -74.240  31.221 1.0000000000
13484  8.005  -72.630  31.415 1.0000000000
16677  8.194  -69.244  33.297 1.0000000000
14978  7.693  -71.299  32.264 1.0000000000
132569  7.259  -73.601  30.566 1.0000000000
128869  -1.125  -67.613  29.788 1.0000000000
20418  -0.705  -65.932  28.831 1.0000000000
17566  8.119  -68.044  34.422 1.0000000000
14206  7.445  -71.982  31.655 1.0000000000
12792  7.942  -75.010  29.902 1.0000000000
17619  -1.506  -68.094  29.644 1.0000000000
11411  6.501  -75.856  26.234 1.0000000000
12779  6.731  -74.054  29.929 1.0000000000
11425  4.642  -76.004  25.275 1.0000000000
16728  0.577  -70.307  28.823 1.0000000000
12810  5.977  -74.219  29.370 1.0000000000
16729  -2.023  -69.580  29.048 1.0000000000
141427  0.600  -70.893  28.525 1.0000000000
129515  4.566  -74.285  28.484 1.0000000000
15028  0.483  -72.063  28.155 1.0000000000
128623  2.785  -76.542  25.420 1.0000000000
10727  1.100  -77.284  25.172 1.0000000000
15018  -2.087  -70.896  27.979 1.0000000000
15029  -0.826  -72.074  28.063 1.0000000000
141734  -1.888  -71.797  27.554 1.0000000000
12085  1.725  -75.468  26.561 1.0000000000
12102  -0.227  -76.053  26.183 1.0000000000
136601  0.797  -75.546  26.536 1.0000000000
11430  -1.560  -76.628  24.924 1.0000000000
11473  -1.242  -76.698  24.361 1.0000000000
12838  -1.934  -75.058  25.316 1.0000000000
12132  -0.359  -75.850  23.770 1.0000000000
133341  0.341  -74.975  23.511 1.0000000000
12154  0.898  -75.793  22.219 0.8999999762
12172  -0.312  -75.222  21.239 0.8999999762
126690  -0.324  -75.926  20.627 0.8999999762
12173  -1.402  -75.365  20.520 0.8000000119
12195  -2.216  -75.264  19.253 0.5000000000
11996  6.146  -75.043  35.060 1.0000000000
11986  7.910  -75.317  35.468 1.0000000000
11984  9.271  -74.500  35.303 1.0000000000
12750  4.924  -74.047  34.122 1.0000000000
13452  9.109  -73.690  35.353 1.0000000000
12748  5.991  -74.216  35.077 1.0000000000
12763  3.067  -73.940  31.753 1.0000000000
14167  9.268  -72.453  34.270 1.0000000000
13461  8.638  -72.810  35.110 1.0000000000
12762  3.589  -74.199  32.279 1.0000000000
14982  -0.030  -71.426  32.089 1.0000000000
14967  3.648  -72.321  33.957 1.0000000000
14195  2.157  -72.134  31.959 1.0000000000
14178  8.882  -71.881  33.595 1.0000000000
14958  3.841  -72.210  34.843 1.0000000000
14966  8.200  -70.861  33.053 1.0000000000
14959  3.704  -71.389  34.126 1.0000000000
18581  -0.673  -67.052  30.164 1.0000000000
19503  -0.683  -66.447  29.863 1.0000000000
20399  -0.534  -65.271  29.319 1.0000000000
15808  7.601  -70.412  32.487 1.0000000000
18580  0.051  -67.212  30.534 1.0000000000
18553  7.564  -67.802  33.798 1.0000000000
17600  -0.102  -67.993  30.080 1.0000000000
125201  6.844  -67.099  35.059 1.0000000000
17616  0.888  -68.775  29.452 1.0000000000
17618  -1.013  -68.392  29.705 1.0000000000
18513  5.351  -66.664  35.386 1.0000000000
13496  6.444  -73.216  30.440 1.0000000000
14224  6.170  -72.404  30.853 1.0000000000
16712  0.489  -69.478  29.247 1.0000000000
18618  -1.382  -67.473  27.828 1.0000000000
13497  5.638  -72.868  30.352 1.0000000000
141857  -1.453  -70.092  29.051 1.0000000000
17646  -2.233  -68.929  28.102 1.0000000000
12794  5.109  -73.810  29.432 1.0000000000
133398  1.759  -71.052  28.407 1.0000000000
14246  0.956  -72.768  27.953 1.0000000000
17663  -1.147  -68.713  26.935 1.0000000000
16752  -1.140  -69.549  26.642 1.0000000000
124502  2.644  -74.125  27.782 1.0000000000
14245  1.749  -72.878  28.093 1.0000000000
12831  2.061  -74.990  27.070 1.0000000000
13538  0.848  -74.150  27.396 1.0000000000
15879  -1.598  -70.550  26.704 1.0000000000
12086  0.007  -75.254  26.742 1.0000000000
14248  -1.508  -72.695  27.454 1.0000000000
12103  -1.563  -76.085  25.702 1.0000000000
13545  -1.993  -73.613  25.842 1.0000000000
12118  -1.270  -75.387  24.423 1.0000000000
12117  -0.212  -74.940  24.042 0.8999999762
12854  0.277  -74.425  23.264 0.8999999762
12155  0.457  -75.160  22.034 0.8999999762
12742  6.677  -74.397  35.391 1.0000000000
11997  5.791  -75.537  34.589 1.0000000000
127100  7.746  -73.106  35.579 1.0000000000
135930  7.185  -73.723  35.645 1.0000000000
14150  8.253  -72.574  35.336 1.0000000000
14938  5.482  -72.509  36.194 1.0000000000
14168  8.799  -72.106  34.656 1.0000000000
14957  4.813  -72.645  35.401 1.0000000000
14968  3.123  -72.242  33.163 1.0000000000
16673  -0.506  -69.850  34.647 1.0000000000
133853  8.693  -71.394  34.626 1.0000000000
15774  4.776  -72.053  36.454 1.0000000000
15802  0.977  -70.343  33.210 1.0000000000
15803  0.131  -70.373  33.134 1.0000000000
14956  8.567  -71.045  33.941 1.0000000000
144097  8.551  -71.394  33.511 1.0000000000
15793  2.509  -70.500  34.132 1.0000000000
15775  3.900  -71.539  35.993 1.0000000000
16659  -0.614  -69.671  35.283 1.0000000000
15777  2.863  -70.205  34.938 1.0000000000
15818  7.073  -70.746  31.927 1.0000000000
16683  7.693  -69.484  32.590 1.0000000000
14990  6.520  -71.140  31.481 1.0000000000
16690  7.262  -68.826  32.133 1.0000000000
17598  2.419  -67.666  30.304 1.0000000000
18578  1.635  -67.287  30.727 1.0000000000
19517  -0.991  -66.796  29.408 1.0000000000
15819  6.539  -70.099  31.413 1.0000000000
17599  1.569  -67.916  29.991 1.0000000000
17601  -0.809  -67.572  30.036 1.0000000000
18540  5.733  -67.073  34.966 1.0000000000
17615  2.373  -68.323  29.358 1.0000000000
19450  6.206  -66.162  35.489 1.0000000000
19451  5.065  -66.796  35.400 1.0000000000
141489  5.987  -70.846  31.206 1.0000000000
17613  4.119  -68.930  29.535 1.0000000000
17633  1.513  -68.941  29.097 1.0000000000
16711  1.425  -69.756  28.752 1.0000000000
20332  6.007  -66.065  35.420 1.0000000000
14225  5.403  -72.036  30.687 1.0000000000
15850  2.982  -70.598  28.775 1.0000000000
16727  2.250  -69.235  28.791 1.0000000000
15851  2.190  -70.258  28.513 1.0000000000
14235  4.936  -72.544  30.155 1.0000000000
15013  3.025  -71.528  28.926 1.0000000000
127486  2.365  -71.214  28.544 1.0000000000
17645  -0.779  -67.924  27.206 0.8999999762
13516  5.186  -73.256  29.947 1.0000000000
14241  3.813  -72.853  29.321 1.0000000000
15027  1.676  -71.980  28.284 1.0000000000
16741  -2.112  -69.390  27.660 1.0000000000
12812  3.777  -73.987  28.351 1.0000000000
12813  3.045  -73.733  28.191 1.0000000000
15014  2.508  -71.976  28.575 1.0000000000
12828  1.886  -74.274  27.495 1.0000000000
13539  -0.215  -74.106  27.298 1.0000000000
12833  -0.741  -74.758  26.938 1.0000000000
13534  -1.696  -73.447  27.059 1.0000000000
12088  -2.011  -75.331  25.879 1.0000000000
14259  -2.015  -73.175  26.331 1.0000000000
12834  -1.693  -74.699  26.520 1.0000000000
129549  -0.949  -72.029  25.744 1.0000000000
12846  -1.691  -74.784  24.866 1.0000000000
12865  0.198  -74.556  22.499 0.8999999762
12879  -0.212  -74.698  21.780 0.8999999762
12881  -1.932  -74.555  20.811 0.8000000119
12897  -2.167  -75.029  20.033 0.6000000238
13462  5.886  -73.499  35.297 1.0000000000
14152  6.564  -73.165  35.751 1.0000000000
14169  5.182  -73.100  35.118 1.0000000000
14936  8.045  -72.370  35.819 1.0000000000
14170  4.439  -72.837  34.490 1.0000000000
14935  8.619  -71.963  35.038 1.0000000000
125362  2.721  -71.532  33.004 1.0000000000
15790  8.759  -70.668  34.625 1.0000000000
15791  3.578  -71.584  35.085 1.0000000000
14969  2.115  -70.851  33.234 1.0000000000
16678  0.246  -69.975  33.644 1.0000000000
16672  -0.384  -69.614  34.453 1.0000000000
17568  -0.525  -69.287  34.959 1.0000000000
16654  8.878  -69.865  35.322 1.0000000000
15799  8.400  -70.165  33.700 1.0000000000
139335  4.832  -71.185  37.809 1.0000000000
15767  4.384  -71.438  36.772 1.0000000000
17567  -0.408  -69.042  34.810 1.0000000000
17552  -0.418  -68.805  35.421 1.0000000000
127442  -0.662  -69.560  35.907 1.0000000000
16648  -0.660  -69.583  36.749 0.8999999762
145483  8.449  -69.472  33.825 1.0000000000
19496  -0.014  -66.171  31.403 1.0000000000
19497  -0.407  -65.832  30.823 1.0000000000
20400  -0.496  -65.410  29.547 1.0000000000
22148  -0.651  -63.829  30.125 1.0000000000
142364  8.358  -68.260  35.289 1.0000000000
123000  0.309  -66.554  31.216 1.0000000000
17549  7.710  -67.636  35.216 1.0000000000
18554  6.777  -67.639  33.513 1.0000000000
15809  7.180  -69.807  32.015 1.0000000000
18571  2.432  -67.228  31.243 1.0000000000
21263  -0.549  -64.346  29.593 1.0000000000
18527  6.610  -66.649  35.399 1.0000000000
18539  7.088  -67.447  34.452 1.0000000000
17588  6.619  -68.395  31.786 1.0000000000
17597  3.260  -67.935  29.928 1.0000000000
142817  6.596  -66.247  35.647 1.0000000000
18528  4.610  -67.086  35.536 1.0000000000
17596  5.474  -68.352  30.775 1.0000000000
17614  3.402  -68.494  29.381 1.0000000000
20437  -0.285  -66.093  27.903 1.0000000000
20417  -0.463  -65.566  28.555 1.0000000000
22147  -0.661  -63.466  29.685 1.0000000000
15820  5.804  -70.081  30.833 1.0000000000
16698  5.403  -69.204  30.419 1.0000000000
15003  5.420  -71.112  30.822 1.0000000000
15827  5.053  -70.364  30.333 1.0000000000
16708  4.036  -69.875  29.349 1.0000000000
18617  -0.447  -67.156  27.336 1.0000000000
18616  0.194  -66.537  26.776 0.6000000238
20345  6.551  -65.380  35.813 1.0000000000
20358  5.824  -65.808  35.190 1.0000000000
20346  5.090  -66.275  35.202 1.0000000000
20359  4.521  -65.941  34.912 1.0000000000
128866  4.755  -71.503  30.226 1.0000000000
15007  4.111  -71.443  29.727 1.0000000000
21212  6.193  -65.204  34.688 1.0000000000
14237  3.639  -71.930  29.341 1.0000000000
125403  -0.617  -68.784  26.329 0.8000000119
14242  3.041  -72.527  28.898 1.0000000000
145069  -1.126  -70.856  26.257 1.0000000000
12835  -2.066  -74.370  25.950 1.0000000000
13553  -1.159  -73.756  24.931 1.0000000000
13552  -0.144  -73.769  24.271 0.8999999762
14271  -0.785  -72.728  25.236 1.0000000000
14286  -0.312  -72.936  24.362 0.8999999762
12855  -0.070  -73.859  22.896 0.8999999762
12880  -1.061  -74.632  21.283 0.6999999881
12856  -0.818  -73.555  22.351 0.8999999762
13601  -2.273  -73.782  20.940 0.6999999881
12882  -2.375  -74.214  20.181 0.5000000000
14937  6.785  -72.745  36.125 1.0000000000
14151  7.420  -72.948  35.752 1.0000000000
15763  8.693  -70.821  36.104 1.0000000000
127009  5.532  -72.269  36.650 1.0000000000
143360  8.822  -70.754  35.360 1.0000000000
15766  5.547  -71.958  37.138 1.0000000000
15792  3.127  -71.011  34.575 1.0000000000
15794  1.737  -70.195  33.782 1.0000000000
16670  0.911  -69.758  34.173 1.0000000000
16658  0.297  -68.976  34.759 1.0000000000
16642  8.763  -69.700  36.203 1.0000000000
15768  3.580  -70.793  36.286 1.0000000000
16657  1.379  -69.286  35.043 1.0000000000
17551  -0.113  -68.533  35.389 1.0000000000
15776  3.340  -70.853  35.435 1.0000000000
16638  -0.554  -69.309  37.660 0.8000000119
17565  8.686  -68.824  34.843 1.0000000000
16644  3.857  -70.710  37.195 1.0000000000
19492  -0.079  -65.808  32.188 1.0000000000
21255  -0.620  -64.179  30.503 1.0000000000
18565  1.574  -66.895  31.745 1.0000000000
17579  7.027  -68.034  32.535 1.0000000000
142008  6.037  -67.499  34.395 1.0000000000
18562  6.322  -67.771  32.832 1.0000000000
17589  5.838  -67.973  31.533 1.0000000000
17591  3.838  -67.680  31.489 1.0000000000
18556  4.638  -67.803  33.883 1.0000000000
127727  4.000  -67.888  30.501 1.0000000000
22163  -0.518  -63.993  29.228 1.0000000000
19464  4.013  -66.973  35.864 1.0000000000
16692  6.181  -68.912  31.064 1.0000000000
128786  4.742  -68.446  30.170 1.0000000000
133968  0.517  -65.560  27.638 0.8999999762
23080  0.634  -62.889  28.028 0.8999999762
23059  -0.119  -62.879  28.582 0.8999999762
16699  4.682  -69.563  29.854 1.0000000000
15836  4.387  -70.618  29.790 1.0000000000
22079  6.314  -64.166  34.231 1.0000000000
17662  -0.381  -68.119  26.426 0.8000000119
21224  5.676  -65.332  33.816 1.0000000000
17687  -0.388  -68.293  25.701 0.8000000119
140263  6.082  -64.296  33.451 1.0000000000
16772  -0.417  -69.121  25.807 0.8999999762
15895  -0.585  -70.131  25.887 1.0000000000
15059  -0.623  -71.102  25.526 1.0000000000
127057  -0.418  -71.956  24.957 1.0000000000
13563  -0.575  -72.960  23.198 0.8999999762
12867  -1.573  -73.895  21.579 0.6999999881
138211  -2.167  -73.312  21.510 0.6000000238
15764  8.091  -71.541  36.891 1.0000000000
14924  7.485  -72.196  36.510 1.0000000000
16643  8.390  -70.241  37.067 1.0000000000
123661  7.768  -71.220  37.633 1.0000000000
15758  6.054  -71.369  37.985 1.0000000000
16646  2.592  -69.486  36.296 1.0000000000
16656  2.329  -69.668  35.425 1.0000000000
17550  0.766  -68.638  35.539 1.0000000000
18531  -0.415  -68.482  36.086 1.0000000000
16632  8.561  -68.970  36.693 1.0000000000
17541  -0.564  -68.811  37.323 0.8999999762
18511  7.621  -67.461  36.793 1.0000000000
17525  7.989  -68.304  37.191 1.0000000000
19493  -0.338  -65.646  31.573 1.0000000000
19498  -0.492  -65.634  30.394 1.0000000000
22137  -0.689  -63.385  30.667 1.0000000000
18555  5.617  -67.737  33.601 1.0000000000
19490  1.155  -66.541  32.567 1.0000000000
18566  0.861  -66.550  31.787 1.0000000000
21247  -0.722  -63.740  31.097 1.0000000000
18498  7.276  -66.836  37.344 1.0000000000
17580  5.707  -67.801  32.528 1.0000000000
18557  3.524  -67.623  33.375 1.0000000000
20383  -0.574  -65.149  31.234 1.0000000000
21242  -0.798  -63.930  31.614 1.0000000000
19449  7.009  -66.039  36.668 1.0000000000
18541  5.083  -67.595  34.647 1.0000000000
121516  2.986  -67.372  32.802 1.0000000000
20331  6.802  -65.626  36.218 1.0000000000
18514  4.355  -67.077  35.763 1.0000000000
18529  3.858  -66.956  35.885 1.0000000000
18530  3.232  -67.036  35.533 1.0000000000
127238  3.674  -67.654  32.439 1.0000000000
21277  -0.336  -64.575  28.821 1.0000000000
22162  -0.229  -63.685  28.831 1.0000000000
134790  6.493  -65.039  35.380 1.0000000000
20347  3.725  -66.295  35.214 1.0000000000
18652  -0.391  -67.456  25.548 0.6000000238
22092  6.200  -63.685  33.036 1.0000000000
15121  -1.017  -72.093  22.985 0.8000000119
15076  -0.473  -71.099  24.561 0.8999999762
14327  -1.456  -72.522  22.437 0.8000000119
15757  7.083  -71.175  38.220 1.0000000000
16622  4.720  -70.393  38.632 1.0000000000
16633  8.141  -69.235  37.607 1.0000000000
16645  3.279  -70.009  36.693 1.0000000000
17537  1.211  -68.327  36.320 1.0000000000
17539  -0.211  -68.149  35.966 1.0000000000
17515  7.744  -68.531  38.045 1.0000000000
15751  5.483  -70.871  38.517 1.0000000000
18518  -0.400  -68.090  37.170 1.0000000000
18519  -0.428  -67.905  37.896 0.8999999762
18502  -0.611  -67.931  38.805 0.8000000119
20379  -0.376  -65.424  32.510 1.0000000000
20380  -0.685  -64.962  31.980 1.0000000000
22136  -0.713  -62.965  30.208 1.0000000000
20312  6.740  -65.476  37.556 1.0000000000
121188  3.951  -67.764  33.915 1.0000000000
121955  2.170  -67.143  33.193 1.0000000000
22124  -0.777  -63.081  31.169 1.0000000000
18542  4.074  -67.414  34.921 1.0000000000
22161  0.365  -63.481  28.388 1.0000000000
23060  -0.597  -62.141  28.866 1.0000000000
21202  6.803  -64.320  36.012 1.0000000000
20370  4.323  -65.536  34.417 1.0000000000
22080  6.661  -63.256  33.929 1.0000000000
20369  5.368  -65.675  34.683 1.0000000000
16606  4.468  -68.955  40.192 1.0000000000
15749  7.151  -70.253  38.703 1.0000000000
143958  5.988  -69.620  39.747 1.0000000000
16607  3.968  -69.235  39.484 1.0000000000
17516  3.377  -68.881  38.982 1.0000000000
16636  2.843  -69.334  37.181 1.0000000000
17536  2.145  -68.764  36.709 1.0000000000
18517  -0.155  -67.712  36.695 1.0000000000
132909  7.650  -69.387  38.381 1.0000000000
16620  6.489  -69.938  39.234 1.0000000000
17497  5.992  -68.965  40.134 1.0000000000
127466  4.638  -69.750  39.478 1.0000000000
18461  7.335  -67.988  38.568 1.0000000000
17495  7.024  -68.500  39.197 1.0000000000
17475  5.312  -68.531  40.568 1.0000000000
16634  4.111  -70.428  37.992 1.0000000000
20372  -0.297  -65.230  33.484 1.0000000000
20373  -0.656  -64.796  32.845 1.0000000000
18485  -0.658  -67.415  39.485 0.8000000119
18482  7.121  -67.111  38.356 1.0000000000
19412  6.663  -66.500  38.999 1.0000000000
18462  6.829  -67.520  39.327 1.0000000000
19475  1.228  -65.902  35.056 1.0000000000
19476  0.706  -65.948  34.506 1.0000000000
20364  0.121  -65.096  34.224 1.0000000000
23037  -0.866  -62.484  30.873 1.0000000000
21152  6.442  -64.636  38.173 1.0000000000
18543  3.325  -67.381  34.426 1.0000000000
19485  1.493  -66.731  33.421 1.0000000000
20371  0.216  -65.689  34.027 1.0000000000
21217  -0.246  -64.567  34.005 1.0000000000
22096  -0.848  -63.378  32.863 1.0000000000
23021  -1.223  -61.896  31.434 1.0000000000
129777  6.425  -63.814  37.609 1.0000000000
18545  1.880  -66.516  34.961 1.0000000000
18559  1.914  -67.019  34.193 1.0000000000
22082  0.068  -63.843  34.055 1.0000000000
22095  -0.357  -63.240  33.603 1.0000000000
125604  -0.688  -62.627  33.173 1.0000000000
130364  -1.065  -61.622  30.772 1.0000000000
23978  -1.022  -61.239  30.126 1.0000000000
146119  6.796  -64.353  36.719 1.0000000000
22046  6.562  -63.511  36.826 1.0000000000
19466  2.700  -66.514  35.299 1.0000000000
23895  -0.808  -61.414  33.055 1.0000000000
23985  -0.907  -61.687  29.498 1.0000000000
22968  6.679  -62.954  34.854 1.0000000000
20360  3.391  -65.537  35.016 1.0000000000
21213  3.137  -64.969  34.700 1.0000000000
143234  2.820  -64.753  33.092 1.0000000000
127290  0.815  -62.094  27.718 0.8000000119
23984  -0.275  -61.386  28.417 0.8999999762
146263  -0.740  -61.316  28.955 0.8999999762
129660  6.710  -63.968  35.221 1.0000000000
124808  3.653  -65.095  33.492 1.0000000000
22985  6.793  -62.179  33.706 1.0000000000
21225  4.872  -65.399  33.294 1.0000000000
21238  4.326  -65.117  32.429 1.0000000000
23003  6.631  -63.238  32.824 1.0000000000
21237  5.501  -65.037  32.687 1.0000000000
128834  4.787  -64.784  31.794 1.0000000000
138311  6.977  -62.753  32.729 1.0000000000
22109  5.589  -64.151  31.912 1.0000000000
17707  -1.105  -67.634  24.172 0.6000000238
23002  7.591  -63.105  32.440 1.0000000000
22108  6.263  -63.691  31.715 1.0000000000
19377  3.597  -66.748  40.685 1.0000000000
17498  3.664  -68.566  39.832 1.0000000000
17499  3.066  -68.102  39.293 1.0000000000
18483  2.473  -67.617  38.791 1.0000000000
18443  5.750  -67.764  40.592 1.0000000000
17526  3.146  -69.122  38.071 1.0000000000
17528  1.689  -68.046  37.103 1.0000000000
18515  0.662  -67.579  36.679 1.0000000000
18500  1.300  -67.306  37.448 1.0000000000
19452  0.070  -66.916  37.249 1.0000000000
19453  -0.168  -67.015  37.568 1.0000000000
19454  -0.406  -67.250  38.200 1.0000000000
21216  0.481  -64.524  34.423 1.0000000000
134250  -0.604  -67.347  38.883 0.8000000119
18466  -0.712  -66.936  39.890 0.6999999881
20278  6.225  -66.016  39.566 1.0000000000
141535  -1.177  -62.829  31.974 1.0000000000
23921  -1.079  -61.463  32.528 1.0000000000
22023  5.959  -63.784  38.543 1.0000000000
20362  1.551  -65.227  35.161 1.0000000000
24850  -0.871  -60.945  32.800 1.0000000000
138667  -1.073  -60.964  30.661 1.0000000000
129277  6.703  -63.357  36.160 1.0000000000
20361  2.444  -65.138  35.235 1.0000000000
19467  2.071  -65.821  35.256 1.0000000000
22094  0.342  -63.204  33.760 1.0000000000
135045  -0.154  -62.568  33.470 1.0000000000
23894  -0.316  -61.458  33.171 1.0000000000
24927  -1.066  -60.350  30.177 1.0000000000
21239  3.293  -64.870  32.305 1.0000000000
23019  2.081  -62.589  30.970 1.0000000000
23947  2.201  -61.525  30.885 1.0000000000
24894  2.179  -60.461  31.088 1.0000000000
24953  0.033  -60.750  27.865 0.8999999762
25815  -0.757  -59.063  29.451 0.8999999762
22969  6.630  -62.020  34.559 1.0000000000
25819  -0.469  -59.491  28.713 0.8999999762
133586  6.910  -61.822  33.234 1.0000000000
23915  7.335  -62.190  32.822 1.0000000000
22122  5.501  -63.962  30.986 1.0000000000
21244  4.771  -64.382  31.099 1.0000000000
22982  9.718  -62.871  33.297 1.0000000000
123691  8.064  -63.452  32.037 1.0000000000
136645  6.902  -63.648  31.260 1.0000000000
23001  8.489  -63.178  32.514 1.0000000000
133248  3.877  -65.897  40.954 1.0000000000
19378  3.143  -65.938  40.533 1.0000000000
19395  2.913  -66.722  39.925 1.0000000000
122745  2.414  -66.900  39.169 1.0000000000
22004  5.410  -63.812  39.361 1.0000000000
21131  4.860  -64.668  40.488 1.0000000000
126602  4.580  -65.879  40.979 1.0000000000
17476  4.567  -68.203  40.672 1.0000000000
18499  2.138  -67.787  37.930 1.0000000000
143071  1.557  -66.159  38.246 1.0000000000
22024  5.351  -62.566  38.053 1.0000000000
20279  5.878  -65.237  39.873 1.0000000000
19394  5.850  -66.100  40.345 1.0000000000
19430  0.259  -66.194  37.474 1.0000000000
19433  -0.597  -66.620  38.841 0.8999999762
21153  5.981  -64.540  39.112 1.0000000000
19429  1.026  -66.561  37.687 1.0000000000
19431  -0.076  -66.100  37.679 1.0000000000
18442  6.294  -67.588  40.151 1.0000000000
136354  1.231  -64.647  34.805 1.0000000000
23949  -1.248  -61.393  31.879 1.0000000000
19414  -0.756  -66.300  39.861 0.6999999881
125923  1.799  -64.383  34.429 1.0000000000
22081  0.931  -63.857  34.310 1.0000000000
22927  6.194  -62.673  36.756 1.0000000000
25799  -0.994  -59.717  30.740 1.0000000000
134142  6.394  -61.955  35.282 1.0000000000
22948  6.460  -62.515  35.872 1.0000000000
21214  2.361  -64.767  34.753 1.0000000000
126357  2.152  -64.306  33.451 1.0000000000
139457  1.620  -63.074  31.832 1.0000000000
23920  0.437  -61.658  32.859 1.0000000000
24848  0.046  -60.930  32.961 1.0000000000
24849  -0.585  -60.795  32.989 1.0000000000
25816  -1.000  -59.426  30.037 1.0000000000
23918  6.560  -60.819  33.750 1.0000000000
24952  0.489  -60.149  27.420 0.6000000238
25834  -0.112  -59.860  27.933 0.8000000119
23916  6.944  -61.454  32.908 1.0000000000
25846  0.869  -59.637  27.115 0.6999999881
21245  3.897  -64.718  31.388 1.0000000000
21254  3.355  -64.198  30.767 1.0000000000
26751  -0.584  -58.261  29.590 0.8999999762
22984  8.070  -62.719  32.776 1.0000000000
21252  4.894  -63.903  30.599 1.0000000000
23891  9.314  -62.184  33.566 1.0000000000
22121  6.260  -63.673  30.799 1.0000000000
22132  5.520  -63.536  30.307 1.0000000000
22966  11.090  -62.402  33.863 1.0000000000
22983  8.859  -62.821  33.109 1.0000000000
22106  8.849  -63.410  32.234 1.0000000000
22091  9.275  -63.212  32.771 1.0000000000
22120  7.701  -63.482  31.408 1.0000000000
122669  7.065  -63.478  30.798 1.0000000000
22090  10.044  -63.209  32.934 1.0000000000
22105  9.575  -63.331  32.415 1.0000000000
21993  4.763  -63.948  40.119 1.0000000000
20268  4.229  -65.113  40.902 1.0000000000
21133  3.613  -64.647  40.731 1.0000000000
18484  1.913  -66.929  38.286 1.0000000000
20295  1.010  -65.069  37.822 1.0000000000
142406  4.859  -61.994  38.014 1.0000000000
129534  1.566  -65.319  38.533 1.0000000000
20314  0.262  -65.344  37.532 1.0000000000
20316  -0.613  -65.223  38.440 0.8000000119
22906  5.451  -62.220  37.385 1.0000000000
27659  1.960  -57.297  33.820 0.8999999762
133863  -0.696  -66.473  39.405 0.6999999881
22928  5.583  -61.852  36.660 1.0000000000
146337  5.851  -63.163  38.091 1.0000000000
21227  1.492  -63.858  33.856 1.0000000000
22093  1.014  -63.252  33.648 1.0000000000
22986  0.526  -62.533  33.270 1.0000000000
22949  5.722  -61.475  35.853 1.0000000000
25754  -0.814  -60.359  32.640 1.0000000000
25766  -1.060  -60.014  31.924 1.0000000000
23893  6.354  -61.001  34.397 0.8999999762
140113  1.185  -62.927  32.852 1.0000000000
24870  0.295  -60.360  32.584 1.0000000000
138219  -0.820  -59.514  31.855 1.0000000000
26721  -0.776  -59.258  31.295 1.0000000000
21240  2.406  -64.519  32.359 1.0000000000
21241  1.668  -63.725  32.819 1.0000000000
26737  -0.790  -58.954  30.592 1.0000000000
143514  2.636  -64.081  30.987 1.0000000000
128540  2.535  -63.012  30.505 1.0000000000
26736  -0.552  -58.131  30.378 0.8999999762
24845  7.263  -61.078  32.864 1.0000000000
23036  2.645  -62.291  30.391 1.0000000000
24844  8.201  -60.815  33.252 1.0000000000
22133  4.668  -63.583  30.132 1.0000000000
22135  2.919  -63.581  30.504 1.0000000000
24913  3.222  -60.701  30.066 1.0000000000
23892  8.271  -61.946  33.173 1.0000000000
23049  3.926  -62.511  29.701 1.0000000000
23876  10.762  -61.688  34.193 1.0000000000
23877  9.850  -61.331  33.960 1.0000000000
142043  8.442  -63.441  31.801 1.0000000000
22131  6.387  -63.269  30.328 1.0000000000
22119  8.450  -63.273  31.344 1.0000000000
23874  12.491  -61.697  34.199 1.0000000000
22981  10.539  -62.847  33.377 1.0000000000
22980  11.364  -62.768  33.334 1.0000000000
22104  10.311  -63.220  32.528 1.0000000000
123380  9.085  -63.406  31.905 1.0000000000
22965  11.974  -62.319  33.739 1.0000000000
141530  10.936  -63.083  32.564 1.0000000000
22907  3.991  -61.729  38.389 1.0000000000
22882  3.036  -62.844  39.892 1.0000000000
22006  4.147  -62.811  39.453 1.0000000000
21994  3.833  -63.518  40.175 1.0000000000
20270  2.684  -65.177  40.388 1.0000000000
21143  2.293  -64.401  40.134 1.0000000000
19413  2.146  -66.112  38.945 1.0000000000
22891  4.555  -62.319  38.693 1.0000000000
131304  2.541  -65.939  39.849 1.0000000000
23830  4.996  -60.976  36.590 0.8999999762
26638  0.992  -58.244  34.798 0.8999999762
141727  0.575  -58.860  35.311 0.8999999762
20315  -0.309  -65.297  37.888 1.0000000000
21170  -0.811  -64.648  38.817 0.8000000119
23852  5.119  -60.530  35.632 0.8999999762
28676  3.208  -56.637  33.778 0.8999999762
19396  -0.809  -66.049  40.002 0.6999999881
133564  5.552  -60.403  34.729 0.8999999762
28677  2.560  -56.642  33.875 0.8999999762
27660  1.301  -57.060  33.897 0.8999999762
23004  1.096  -62.252  32.456 1.0000000000
20271  -1.192  -65.033  40.091 0.6999999881
142056  5.984  -60.274  34.163 0.8999999762
25763  0.836  -59.752  32.214 1.0000000000
132172  -0.139  -58.894  32.107 1.0000000000
129329  6.853  -60.110  32.895 0.8999999762
26694  0.529  -59.053  32.202 1.0000000000
26695  -0.585  -58.994  31.755 1.0000000000
27726  -0.161  -57.749  30.909 0.8999999762
23917  6.687  -60.802  33.132 1.0000000000
22145  5.150  -63.127  29.790 1.0000000000
24914  2.809  -59.932  30.469 1.0000000000
26717  1.951  -58.322  31.302 1.0000000000
143890  1.286  -58.298  31.690 1.0000000000
26719  -0.135  -58.278  31.549 1.0000000000
23035  3.152  -62.872  30.135 1.0000000000
145894  3.402  -60.019  29.843 1.0000000000
27793  -0.086  -58.087  28.148 0.8999999762
27780  -0.297  -57.748  28.967 0.8999999762
27761  -0.360  -57.503  29.769 0.8999999762
138070  8.959  -61.247  33.605 1.0000000000
22130  7.741  -63.297  30.890 1.0000000000
22146  4.473  -63.104  29.770 1.0000000000
23977  3.691  -61.455  29.700 1.0000000000
24926  3.809  -60.524  29.526 1.0000000000
145491  5.826  -63.094  29.910 1.0000000000
23048  4.801  -62.513  29.501 1.0000000000
23976  4.472  -61.739  29.354 1.0000000000
23033  8.117  -62.908  30.774 1.0000000000
23034  7.211  -62.923  30.384 1.0000000000
23875  11.595  -61.756  34.228 1.0000000000
23018  9.243  -63.110  31.592 1.0000000000
22979  12.286  -62.612  33.177 1.0000000000
22964  12.930  -62.166  33.626 1.0000000000
22117  10.645  -63.051  32.149 1.0000000000
146073  12.903  -62.385  33.213 1.0000000000
22088  11.508  -62.928  32.842 1.0000000000
23799  2.909  -61.515  38.812 0.8999999762
23831  4.012  -60.622  37.224 0.8999999762
23815  3.516  -61.044  38.083 0.8999999762
24773  2.814  -60.415  37.678 0.8999999762
23800  2.018  -61.413  38.770 0.8999999762
145319  2.217  -62.995  39.903 1.0000000000
21144  1.718  -64.402  39.334 1.0000000000
24829  4.819  -59.853  34.916 0.8999999762
23853  4.373  -60.347  36.386 0.8999999762
26683  2.883  -57.510  33.743 0.8999999762
26637  2.088  -58.444  35.001 0.8999999762
22883  1.624  -62.827  39.543 0.8999999762
21154  1.229  -64.446  38.365 1.0000000000
23814  4.669  -61.467  37.501 0.8999999762
25722  -0.179  -59.110  35.457 0.8999999762
21168  -0.145  -64.576  37.490 0.8999999762
21169  -0.660  -64.439  38.011 0.8999999762
24846  5.397  -59.831  34.246 0.8999999762
27679  3.573  -57.379  33.526 0.8999999762
26663  0.266  -57.726  34.844 0.8999999762
21167  0.636  -64.503  37.713 1.0000000000
20296  -0.783  -65.351  39.549 0.8000000119
26640  -0.470  -58.437  35.380 0.8000000119
29732  5.578  -55.674  34.656 0.8999999762
29734  3.394  -55.939  34.545 0.8000000119
29735  2.628  -56.152  34.547 0.8000000119
28662  0.572  -56.938  34.576 0.6999999881
24867  6.222  -60.069  33.149 0.8999999762
24895  1.542  -60.035  31.710 1.0000000000
23020  1.560  -61.997  31.596 1.0000000000
23948  1.590  -61.007  31.581 1.0000000000
25779  2.130  -59.427  31.225 1.0000000000
25798  2.757  -58.852  30.614 1.0000000000
27745  -0.204  -57.387  30.367 0.8999999762
24843  8.804  -60.458  33.574 0.8999999762
25814  3.901  -59.699  29.359 1.0000000000
25797  3.376  -59.273  29.934 1.0000000000
27725  0.489  -57.474  31.169 0.8999999762
129069  10.426  -59.836  34.321 0.8999999762
24827  9.840  -60.321  34.111 0.8999999762
23046  6.330  -62.659  29.913 1.0000000000
132937  4.270  -61.010  29.317 1.0000000000
28791  -0.166  -56.906  29.188 0.8000000119
28761  -0.082  -56.799  29.920 0.8999999762
128934  12.343  -60.059  34.476 1.0000000000
135203  11.239  -61.089  34.390 1.0000000000
24826  10.560  -60.747  34.287 0.8999999762
23974  6.022  -61.868  29.568 1.0000000000
126286  5.677  -61.038  29.232 1.0000000000
24924  5.257  -60.206  28.981 1.0000000000
24925  4.445  -60.307  29.083 1.0000000000
24824  12.912  -60.881  34.459 1.0000000000
23964  7.672  -61.905  30.504 1.0000000000
23031  9.338  -62.377  31.339 1.0000000000
23032  8.767  -62.906  31.124 1.0000000000
23963  8.538  -62.202  30.969 1.0000000000
127263  7.045  -61.234  30.150 1.0000000000
23873  13.419  -61.589  34.146 1.0000000000
23872  14.280  -61.420  34.082 1.0000000000
23017  10.106  -62.759  31.751 1.0000000000
134125  12.921  -62.427  32.854 1.0000000000
23000  12.202  -62.654  32.570 1.0000000000
23801  1.422  -61.355  38.224 0.8999999762
24847  4.580  -59.331  34.111 0.8999999762
25741  3.908  -59.355  35.001 0.8999999762
25719  3.263  -59.374  35.859 0.8999999762
25707  2.656  -59.457  36.430 0.8999999762
25720  2.406  -59.059  35.768 0.8999999762
25721  1.433  -58.919  35.527 0.8999999762
123508  1.416  -62.154  38.822 0.8999999762
122242  1.185  -62.943  38.848 1.0000000000
22008  0.970  -63.698  38.111 0.8999999762
22894  0.685  -62.856  37.886 0.8999999762
22025  0.286  -63.800  37.498 0.8999999762
134034  5.328  -59.495  33.782 0.8999999762
28675  4.039  -56.697  33.632 0.8999999762
135081  -0.344  -60.937  36.233 0.8999999762
145181  -0.897  -64.041  38.366 0.8000000119
21155  -0.884  -64.371  39.291 0.6999999881
21145  -1.153  -64.345  39.619 0.6999999881
29733  4.908  -55.639  34.851 0.8000000119
22026  -0.388  -63.762  37.493 0.8999999762
139608  -1.532  -64.334  40.008 0.6999999881
25750  6.627  -59.305  32.889 0.8999999762
25751  5.923  -59.059  32.836 0.8999999762
26677  7.966  -59.037  33.410 0.8999999762
25761  6.026  -59.726  32.931 0.8999999762
29704  6.097  -54.995  35.223 0.8999999762
29706  4.698  -55.595  35.414 0.8000000119
29707  3.128  -55.909  35.287 0.6999999881
26718  0.608  -58.294  31.872 1.0000000000
138891  9.416  -58.971  34.105 0.8999999762
25749  7.457  -59.533  33.080 0.8999999762
25740  9.173  -59.816  33.825 0.8999999762
23965  6.798  -61.971  30.002 1.0000000000
122936  10.984  -59.178  34.418 0.8999999762
26750  3.964  -58.835  29.391 1.0000000000
26735  3.434  -58.360  30.033 1.0000000000
27724  2.037  -57.266  31.038 1.0000000000
123913  1.250  -57.690  31.416 0.8999999762
122937  11.847  -59.274  34.423 0.8999999762
128631  6.430  -61.124  29.680 1.0000000000
144093  5.164  -58.908  29.114 1.0000000000
27744  2.764  -57.827  30.638 1.0000000000
128933  11.330  -60.165  34.418 1.0000000000
23962  8.970  -61.599  31.206 1.0000000000
24911  7.588  -60.686  30.528 1.0000000000
25812  5.541  -59.389  29.190 1.0000000000
25737  14.954  -60.054  34.431 1.0000000000
25738  13.331  -59.871  34.486 1.0000000000
24823  13.830  -60.817  34.420 1.0000000000
23890  13.841  -61.877  33.642 1.0000000000
145202  9.936  -62.165  31.496 1.0000000000
23871  15.059  -61.255  34.005 1.0000000000
23015  12.879  -62.234  32.292 1.0000000000
23016  12.016  -62.327  31.981 1.0000000000
23944  11.386  -61.971  31.701 1.0000000000
23945  10.545  -61.919  31.576 1.0000000000
22999  13.664  -62.085  32.619 1.0000000000
136690  15.481  -61.427  33.472 1.0000000000
22977  14.219  -61.986  33.125 1.0000000000
23943  12.842  -61.750  31.867 1.0000000000
26681  4.294  -58.295  33.201 0.8999999762
25708  1.831  -59.361  36.374 0.8999999762
25709  0.652  -59.511  35.889 0.8999999762
24776  0.530  -60.826  36.846 0.8999999762
22909  0.309  -62.278  37.192 0.8999999762
25762  5.347  -58.986  32.960 0.8999999762
123408  4.890  -58.325  32.947 0.8999999762
22027  -0.952  -63.512  37.793 0.8000000119
26679  6.485  -58.503  33.023 0.8999999762
129116  -1.120  -62.978  38.550 0.6999999881
141351  8.018  -58.170  33.680 0.8999999762
123996  10.162  -59.023  34.342 0.8999999762
144279  6.628  -59.850  30.043 1.0000000000
27760  4.117  -57.993  29.641 1.0000000000
144317  12.238  -58.618  34.443 0.8999999762
24912  6.795  -60.510  30.056 1.0000000000
26749  4.733  -58.531  29.284 1.0000000000
28723  0.797  -56.880  30.612 0.8999999762
28724  0.182  -56.948  30.533 0.8999999762
26655  13.974  -59.146  34.402 1.0000000000
138093  13.696  -58.357  34.385 0.8999999762
144787  13.312  -58.985  34.410 0.8999999762
28789  0.884  -56.000  28.438 0.6999999881
29803  0.951  -55.985  29.879 0.8999999762
126815  14.783  -59.307  34.443 1.0000000000
131170  8.334  -61.237  30.943 1.0000000000
25736  15.659  -59.662  34.381 1.0000000000
24822  14.649  -60.740  34.356 1.0000000000
23889  14.688  -61.662  33.555 1.0000000000
136269  16.094  -60.461  34.012 1.0000000000
139071  15.667  -61.011  33.884 1.0000000000
139144  13.476  -61.864  32.088 1.0000000000
27662  0.163  -57.241  34.845 0.6999999881
23817  0.004  -61.656  36.669 0.8999999762
27675  7.066  -57.879  33.466 0.8999999762
26680  5.620  -58.432  32.917 0.8999999762
28673  5.793  -56.928  33.602 0.8999999762
28656  6.184  -56.220  34.093 0.8999999762
23832  -0.734  -61.627  36.489 0.8999999762
29731  6.518  -55.494  34.705 0.8999999762
30776  7.398  -54.787  35.812 0.6999999881
30778  5.874  -54.951  35.734 0.8000000119
25723  -0.863  -59.344  35.710 0.8000000119
140718  -0.956  -60.928  36.092 0.8000000119
23833  -1.212  -61.531  36.654 0.8000000119
22049  -1.146  -62.648  37.293 0.8000000119
27655  9.306  -57.367  34.464 0.8999999762
124588  8.929  -58.184  34.123 0.8999999762
30774  9.890  -54.560  35.946 0.6999999881
125242  9.102  -54.617  35.968 0.6999999881
29693  3.998  -55.795  35.807 0.6000000238
29708  2.343  -56.115  35.127 0.6999999881
28634  0.844  -56.600  34.971 0.6999999881
25724  -1.036  -58.452  35.647 0.6999999881
25710  -1.184  -59.111  36.064 0.6999999881
134493  -1.292  -59.361  36.847 0.6000000238
22910  -1.292  -62.341  37.943 0.6999999881
21997  -1.466  -63.725  39.702 0.6999999881
138014  9.787  -58.215  34.384 0.8999999762
31791  11.521  -54.182  36.519 0.5000000000
30775  8.265  -54.691  35.870 0.6999999881
28620  3.346  -56.143  36.283 0.6000000238
28621  1.866  -56.560  36.403 0.6000000238
27631  -0.560  -57.473  35.949 0.6999999881
26629  -1.196  -58.509  36.281 0.6000000238
23802  -1.575  -61.158  38.124 0.6000000238
122930  11.258  -57.637  34.555 0.8999999762
31781  10.399  -54.495  36.601 0.6000000238
30760  7.891  -54.844  36.340 0.6999999881
30761  7.056  -54.950  36.399 0.6999999881
29682  5.412  -55.629  36.604 0.6000000238
27617  -0.528  -57.535  36.887 0.6000000238
24777  -1.633  -60.738  37.495 0.6999999881
22895  -1.285  -62.356  38.624 0.6999999881
122932  13.294  -57.523  34.441 0.8999999762
26657  11.537  -58.468  34.474 0.8999999762
26716  7.906  -58.376  31.349 1.0000000000
27759  4.924  -57.907  29.848 1.0000000000
27742  4.315  -57.309  30.111 1.0000000000
28740  2.890  -56.863  30.664 0.8999999762
26656  12.907  -58.405  34.414 0.8999999762
25795  7.773  -59.724  30.806 1.0000000000
145032  7.589  -59.006  30.979 1.0000000000
25811  6.202  -59.304  29.827 1.0000000000
26748  5.544  -58.611  29.628 1.0000000000
28722  2.305  -56.297  30.803 0.8999999762
29785  1.220  -56.353  30.319 0.8999999762
26654  14.500  -58.448  34.419 0.8999999762
122933  14.200  -57.660  34.427 0.8999999762
24893  9.771  -60.513  31.387 1.0000000000
25796  7.136  -60.002  30.378 1.0000000000
28739  3.768  -56.692  30.484 0.8999999762
28721  3.232  -56.025  30.808 0.8999999762
26653  15.385  -58.606  34.453 1.0000000000
141099  10.366  -61.039  31.465 1.0000000000
25794  8.507  -59.700  31.128 1.0000000000
26733  6.307  -58.596  30.392 1.0000000000
28738  4.519  -56.763  30.786 0.8999999762
26652  16.275  -58.819  34.301 1.0000000000
24892  10.691  -60.236  31.431 1.0000000000
29845  1.081  -55.181  28.730 0.6999999881
29825  0.911  -55.020  29.185 0.8000000119
29826  0.684  -55.701  29.476 0.8000000119
25735  16.569  -59.724  34.112 1.0000000000
23870  16.208  -61.062  33.518 1.0000000000
22998  14.434  -61.878  32.642 1.0000000000
23913  14.948  -61.588  32.315 1.0000000000
122672  12.006  -61.487  31.640 1.0000000000
123521  11.127  -61.189  31.516 1.0000000000
25746  17.309  -59.678  33.813 1.0000000000
24820  16.944  -60.524  33.627 1.0000000000
24890  12.767  -60.800  31.564 1.0000000000
138179  17.515  -60.797  33.129 1.0000000000
23888  16.079  -61.475  33.036 1.0000000000
121446  13.697  -61.282  31.814 1.0000000000
23942  14.627  -61.236  31.900 1.0000000000
25809  19.858  -59.214  29.987 1.0000000000
28652  9.667  -56.520  34.773 0.8999999762
27657  7.547  -57.175  33.937 0.8999999762
28654  7.908  -56.367  34.435 0.8999999762
141215  10.498  -56.386  34.852 0.8999999762
29729  8.280  -55.495  34.896 0.8999999762
23834  -1.630  -61.448  36.974 0.6999999881
135581  12.151  -56.178  34.772 0.8999999762
31799  11.976  -54.059  36.052 0.6999999881
140102  10.441  -54.821  35.644 0.8000000119
29700  9.718  -55.038  35.499 0.8999999762
26615  -1.194  -58.520  37.166 0.6000000238
123922  10.312  -57.352  34.587 0.8999999762
27616  0.391  -57.293  37.184 0.6000000238
28649  14.206  -56.287  34.520 0.8999999762
28651  12.623  -56.857  34.538 0.8999999762
30746  10.081  -54.695  37.153 0.5000000000
28619  4.176  -56.029  36.651 0.6000000238
126725  2.702  -56.536  36.793 0.6000000238
28611  0.497  -56.912  36.421 0.6000000238
136908  13.974  -57.002  34.487 0.8999999762
27721  7.304  -57.589  31.475 1.0000000000
27722  5.825  -57.362  31.093 1.0000000000
124794  15.673  -56.819  34.297 0.8999999762
26732  8.286  -59.100  31.205 1.0000000000
124697  15.061  -57.689  34.431 0.8999999762
26714  9.773  -58.893  31.555 1.0000000000
137594  7.057  -58.488  30.993 1.0000000000
26734  5.685  -57.961  30.413 1.0000000000
27741  5.070  -57.349  30.545 1.0000000000
28720  4.052  -56.073  31.017 0.8999999762
27654  16.012  -57.825  34.330 0.8999999762
27720  8.318  -57.570  31.750 1.0000000000
27723  5.262  -56.816  31.249 0.8999999762
30829  2.126  -55.253  30.324 0.8999999762
25747  16.919  -59.033  33.985 1.0000000000
23941  15.465  -61.191  31.951 1.0000000000
24891  11.723  -60.507  31.478 1.0000000000
25777  9.830  -59.698  31.400 1.0000000000
25776  10.578  -59.279  31.499 1.0000000000
30843  1.701  -54.845  29.848 0.8000000119
124869  17.918  -59.481  33.548 1.0000000000
23887  16.880  -61.122  33.086 1.0000000000
23912  15.817  -61.491  32.428 1.0000000000
24842  17.777  -60.253  33.396 1.0000000000
23938  18.073  -61.157  32.090 1.0000000000
121836  13.111  -59.978  31.504 1.0000000000
121835  12.323  -59.800  31.471 1.0000000000
24865  18.205  -60.662  32.846 1.0000000000
132530  15.130  -60.735  31.653 1.0000000000
28653  8.783  -56.466  34.639 0.8999999762
142218  11.312  -56.228  34.867 0.8999999762
29727  10.692  -55.456  35.195 0.8999999762
29728  9.173  -55.640  35.037 0.8999999762
29723  14.485  -55.549  34.639 0.8999999762
28609  2.034  -56.873  37.277 0.6000000238
28648  15.050  -56.157  34.446 0.8999999762
31787  14.784  -53.925  36.566 0.5000000000
26616  -1.237  -59.195  37.788 0.6000000238
24758  -1.396  -60.445  38.239 0.6000000238
28647  15.874  -55.966  34.297 0.8999999762
138503  13.471  -53.866  36.155 0.6999999881
26596  -1.094  -59.116  38.612 0.6000000238
142063  16.418  -56.352  34.150 0.8999999762
27674  16.632  -57.103  34.016 0.8999999762
26715  8.898  -58.431  31.570 1.0000000000
27673  17.527  -57.309  33.744 0.8999999762
29782  3.657  -55.319  31.167 0.8999999762
26676  16.943  -58.135  33.970 0.8999999762
123923  11.183  -58.900  31.551 1.0000000000
26713  10.539  -58.403  31.743 1.0000000000
134894  9.712  -58.188  31.812 1.0000000000
127421  7.800  -56.862  32.003 1.0000000000
28718  7.029  -56.687  31.849 0.8999999762
131179  4.786  -56.209  31.415 0.8999999762
26675  17.529  -58.854  33.765 1.0000000000
26693  18.856  -57.987  32.894 1.0000000000
24886  17.151  -60.727  31.571 1.0000000000
24889  14.311  -60.637  31.631 1.0000000000
25775  11.407  -59.599  31.467 1.0000000000
26712  11.441  -58.284  31.703 1.0000000000
27719  9.248  -57.528  31.929 1.0000000000
28716  9.722  -56.782  32.255 0.8999999762
28717  8.719  -56.647  32.237 0.8999999762
140160  5.447  -56.260  31.705 0.8999999762
26673  19.146  -58.978  33.024 1.0000000000
136049  19.466  -60.805  31.644 1.0000000000
122934  11.936  -58.960  31.517 1.0000000000
124648  14.840  -60.024  31.464 1.0000000000
24864  19.120  -60.533  32.472 1.0000000000
24888  15.629  -60.219  31.452 1.0000000000
25774  13.907  -59.753  31.490 1.0000000000
23939  17.355  -61.200  32.001 1.0000000000
25787  20.493  -59.892  30.469 1.0000000000
129204  14.013  -54.979  34.853 0.8000000119
30796  12.160  -54.808  35.336 0.8999999762
30771  12.535  -54.272  35.686 0.8999999762
30770  14.081  -54.429  35.347 0.8000000119
29720  17.081  -55.273  34.415 0.8000000119
29721  16.214  -55.366  34.593 0.8000000119
138452  15.645  -54.250  36.460 0.5000000000
28672  16.709  -55.766  34.261 0.8999999762
31797  14.137  -53.915  35.948 0.6000000238
28671  17.299  -56.306  33.915 0.8999999762
124711  6.538  -57.255  31.435 1.0000000000
138666  6.596  -56.126  32.125 0.8999999762
28693  18.981  -56.494  32.876 0.8999999762
28670  18.279  -56.601  33.418 0.8999999762
27718  10.120  -57.586  32.044 1.0000000000
29779  5.934  -55.876  32.125 0.8999999762
29781  4.405  -55.468  31.586 0.8999999762
27672  18.235  -57.646  33.334 0.8999999762
142539  3.419  -54.638  31.132 0.8999999762
25790  17.553  -59.508  30.798 1.0000000000
27717  10.961  -57.622  31.968 1.0000000000
29766  5.700  -55.063  32.375 0.8999999762
25760  19.913  -59.275  32.656 1.0000000000
26674  18.296  -58.698  33.386 1.0000000000
24907  17.788  -60.296  31.188 1.0000000000
25789  18.403  -59.782  30.747 1.0000000000
122935  12.997  -58.987  31.503 1.0000000000
26711  12.264  -58.232  31.652 1.0000000000
121011  19.926  -60.159  32.448 1.0000000000
24905  20.259  -60.496  31.304 1.0000000000
24908  16.966  -60.014  31.148 1.0000000000
25771  16.189  -59.720  31.211 1.0000000000
25772  15.421  -59.460  31.324 1.0000000000
137781  13.911  -58.900  31.454 1.0000000000
126684  20.063  -60.841  31.906 1.0000000000
26709  14.432  -58.358  31.378 1.0000000000
25786  21.311  -59.954  30.505 1.0000000000
30793  15.665  -54.816  35.065 0.8000000119
30768  15.954  -54.496  35.755 0.6999999881
30769  15.027  -54.276  35.699 0.6999999881
30805  18.281  -55.146  34.335 0.6999999881
29748  17.830  -55.312  34.136 0.6999999881
30791  17.615  -55.079  34.701 0.8000000119
30766  17.538  -54.980  35.594 0.6000000238
30810  21.006  -55.050  32.914 0.6000000238
125135  18.605  -55.335  33.839 0.6000000238
29759  20.091  -55.377  32.854 0.6000000238
127765  19.028  -55.714  33.241 0.8000000119
28692  19.654  -56.163  32.633 0.8000000119
28715  10.568  -56.888  32.225 1.0000000000
28697  9.425  -55.924  32.591 0.8999999762
27696  20.277  -57.593  32.349 0.8999999762
27698  18.707  -57.178  32.944 0.8999999762
145794  12.935  -58.084  31.639 1.0000000000
142139  11.340  -56.951  32.184 1.0000000000
121622  4.056  -54.740  31.655 0.8999999762
26692  19.689  -58.289  32.670 1.0000000000
27697  19.428  -57.178  32.596 0.8999999762
26728  18.075  -58.977  30.400 1.0000000000
140976  17.330  -58.702  30.568 1.0000000000
137792  19.339  -59.767  32.758 1.0000000000
25791  16.760  -59.194  30.904 1.0000000000
27716  12.527  -57.512  31.843 1.0000000000
28714  12.079  -56.904  32.166 1.0000000000
25758  21.566  -59.761  31.934 1.0000000000
25792  15.997  -58.918  31.104 1.0000000000
26710  13.614  -58.220  31.526 1.0000000000
24883  20.707  -60.439  31.721 1.0000000000
25788  19.444  -60.060  30.764 1.0000000000
24904  21.076  -60.281  31.117 1.0000000000
26708  15.225  -58.643  31.236 1.0000000000
30788  20.879  -55.002  34.239 0.5000000000
121171  19.931  -54.954  34.280 0.6000000238
30789  19.405  -55.096  35.049 0.4000000060
136142  19.459  -55.088  33.540 0.6000000238
122108  20.895  -55.497  32.519 0.6999999881
30813  11.853  -54.277  32.742 0.8999999762
127201  10.951  -54.028  33.018 0.8999999762
123978  9.935  -54.272  33.112 0.8999999762
28690  21.300  -56.003  32.093 0.6999999881
122649  21.846  -57.001  31.927 0.6999999881
129325  20.805  -56.815  32.026 0.6999999881
130790  11.312  -54.909  32.798 1.0000000000
29762  10.795  -55.526  32.700 0.8999999762
29764  8.580  -55.637  32.642 0.8999999762
29765  6.646  -55.309  32.509 0.8999999762
30827  4.823  -54.805  32.116 0.8999999762
136825  20.087  -56.699  32.272 0.8000000119
28712  13.733  -56.593  31.841 1.0000000000
29778  13.105  -56.112  32.227 1.0000000000
144566  11.654  -56.391  32.352 1.0000000000
137263  11.529  -55.720  32.541 1.0000000000
28696  10.260  -56.123  32.531 1.0000000000
128108  21.446  -59.027  32.218 1.0000000000
124906  22.054  -58.281  32.018 1.0000000000
26747  18.481  -58.355  29.974 1.0000000000
141572  17.818  -58.313  30.232 1.0000000000
27715  13.296  -57.456  31.721 1.0000000000
25757  22.250  -59.204  31.878 1.0000000000
28713  12.847  -56.789  32.050 1.0000000000
25810  18.912  -59.170  30.182 1.0000000000
26731  15.775  -58.217  31.021 1.0000000000
27713  15.090  -57.677  31.152 1.0000000000
27714  14.131  -57.509  31.480 1.0000000000
140951  20.458  -59.366  29.970 1.0000000000
25808  21.013  -59.483  29.967 1.0000000000
30802  22.104  -54.953  33.614 0.4000000060
29758  21.762  -55.317  32.593 0.6000000238
30809  21.733  -54.941  33.139 0.6000000238
31816  11.618  -53.435  32.716 0.8999999762
123864  10.263  -53.315  33.012 0.8999999762
130060  22.829  -56.714  31.991 0.6999999881
28688  23.204  -55.994  32.304 0.6999999881
31817  9.416  -53.333  33.085 0.8999999762
27693  23.678  -56.733  32.141 0.6999999881
31815  12.439  -53.660  32.577 1.0000000000
30816  8.467  -54.826  32.931 0.8999999762
125464  7.907  -54.099  33.110 0.8999999762
138654  23.285  -57.592  31.930 0.6999999881
30811  13.499  -54.769  32.396 1.0000000000
29760  12.906  -55.387  32.445 1.0000000000
28694  12.318  -56.074  32.365 1.0000000000
30814  10.612  -54.802  32.937 0.8999999762
143346  23.598  -58.306  31.762 0.8000000119
27757  18.807  -57.663  29.584 1.0000000000
28737  15.502  -56.743  31.004 1.0000000000
30819  5.456  -54.359  32.400 0.8999999762
25770  22.873  -59.259  31.538 1.0000000000
26746  19.355  -58.399  29.685 1.0000000000
27758  17.976  -57.587  29.898 1.0000000000
27739  15.956  -57.532  30.822 1.0000000000
123291  14.655  -56.723  31.378 1.0000000000
123006  23.189  -59.427  31.083 1.0000000000
143295  19.936  -58.632  29.601 1.0000000000
27738  16.616  -57.443  30.433 1.0000000000
25785  22.694  -59.748  30.693 1.0000000000
25806  22.896  -59.349  29.924 1.0000000000
24903  21.897  -60.117  30.952 1.0000000000
26742  23.035  -58.628  29.372 1.0000000000
26744  21.364  -58.871  29.519 1.0000000000
26755  20.898  -58.194  29.124 1.0000000000
29757  23.510  -55.792  32.778 0.4000000060
28687  24.025  -56.269  32.471 0.5000000000
27692  24.531  -57.059  32.223 0.6999999881
139089  16.172  -56.756  30.582 1.0000000000
28711  14.403  -55.854  31.748 1.0000000000
25804  24.108  -59.133  30.222 1.0000000000
146216  16.686  -56.792  30.165 1.0000000000
28710  15.164  -55.938  31.299 1.0000000000
27756  19.446  -57.687  29.315 1.0000000000
25805  23.679  -59.059  29.789 1.0000000000
26745  20.069  -58.087  29.235 1.0000000000
27737  17.237  -57.162  30.026 1.0000000000
29744  25.193  -56.242  33.484 0.4000000060
29755  25.691  -56.292  32.943 0.5000000000
141480  11.764  -52.185  32.124 0.8000000119
32761  11.341  -52.653  32.507 0.8999999762
28686  24.939  -56.610  32.621 0.6000000238
31827  12.983  -53.078  32.235 1.0000000000
32760  12.142  -52.851  32.398 0.8999999762
139210  10.935  -53.176  32.803 0.8999999762
28685  26.520  -56.275  32.333 0.6000000238
142019  25.777  -56.680  32.422 0.6999999881
32770  14.260  -52.908  31.602 1.0000000000
28709  26.074  -56.914  31.780 0.8000000119
31825  14.583  -53.549  31.763 1.0000000000
30826  14.067  -54.152  32.186 1.0000000000
26726  25.100  -58.266  30.489 0.8999999762
26705  24.715  -58.483  31.003 0.8000000119
27771  19.129  -57.036  29.123 1.0000000000
31834  15.897  -53.245  30.879 1.0000000000
30824  15.469  -54.566  31.326 1.0000000000
30825  14.793  -54.357  31.770 1.0000000000
26727  24.598  -58.697  30.348 1.0000000000
25769  24.027  -59.061  30.870 1.0000000000
28753  17.820  -56.692  29.734 1.0000000000
29775  15.526  -55.270  31.198 1.0000000000
26741  24.361  -58.686  29.753 1.0000000000
27770  19.846  -57.244  28.896 1.0000000000
124952  15.932  -55.836  30.850 1.0000000000
137833  23.173  -57.902  28.882 1.0000000000
27769  20.598  -57.488  28.743 1.0000000000
28735  17.123  -56.393  29.861 1.0000000000
28736  16.503  -56.124  30.216 1.0000000000
26753  22.421  -58.088  28.952 1.0000000000
26754  21.661  -58.196  29.045 1.0000000000
28778  21.234  -56.981  28.244 1.0000000000
27768  21.885  -57.567  28.539 1.0000000000
29743  26.254  -55.792  34.012 0.4000000060
125497  26.638  -55.718  33.178 0.5000000000
32772  12.595  -52.169  31.806 0.8000000119
29774  27.223  -55.853  31.844 0.6000000238
27709  26.248  -57.083  30.895 0.6999999881
26704  25.243  -58.031  30.985 0.6999999881
31833  16.398  -53.580  30.484 1.0000000000
26740  25.123  -58.202  29.822 0.8000000119
28779  19.500  -56.495  28.585 1.0000000000
28780  18.766  -56.225  28.992 1.0000000000
134182  18.218  -56.271  29.445 1.0000000000
30835  16.525  -54.376  30.464 1.0000000000
30836  16.029  -54.040  30.980 1.0000000000
29798  16.012  -54.862  30.889 1.0000000000
130751  25.154  -57.673  29.190 0.8999999762
27755  23.788  -58.361  29.257 1.0000000000
128864  17.709  -55.957  29.629 1.0000000000
29796  16.970  -55.649  29.808 1.0000000000
27765  24.639  -57.310  28.697 0.8999999762
136216  20.298  -56.728  28.340 1.0000000000
28775  23.897  -56.808  28.273 1.0000000000
134422  23.304  -57.288  28.517 1.0000000000
27767  22.642  -57.414  28.518 1.0000000000
28802  20.771  -56.226  27.748 1.0000000000
28777  22.155  -56.892  28.067 1.0000000000
30801  27.772  -54.448  33.743 0.5000000000
29741  27.479  -55.149  33.111 0.5000000000
32780  14.252  -52.228  31.140 0.8999999762
28708  26.699  -56.451  31.407 0.6999999881
30808  28.049  -54.414  32.806 0.6000000238
29754  27.147  -55.662  32.558 0.6000000238
31835  15.070  -52.829  31.155 1.0000000000
33766  12.639  -51.282  31.282 0.8000000119
29795  27.213  -55.904  30.993 0.6999999881
34813  12.180  -50.403  31.043 0.6999999881
28734  26.813  -56.495  30.504 0.6999999881
130235  19.168  -55.881  28.386 1.0000000000
30851  17.907  -55.234  28.868 1.0000000000
29817  17.512  -55.341  29.443 1.0000000000
27753  25.781  -57.524  29.561 0.6999999881
29816  18.145  -55.741  29.210 1.0000000000
27764  25.479  -57.061  28.817 0.8000000119
29862  19.882  -55.936  27.960 1.0000000000
29797  16.445  -55.273  30.326 1.0000000000
28773  25.873  -56.181  28.398 0.8000000119
27766  23.885  -57.630  28.754 0.8999999762
28801  21.661  -56.236  27.658 1.0000000000
144179  19.908  -55.324  27.535 1.0000000000
28799  23.395  -56.087  27.858 1.0000000000
30783  27.846  -53.724  34.185 0.4000000060
29794  27.601  -55.239  31.368 0.6999999881
32779  15.833  -52.433  30.348 1.0000000000
33781  14.203  -51.353  30.557 0.8000000119
33765  13.426  -51.732  31.206 0.8000000119
140764  27.480  -55.362  30.639 0.6999999881
122301  27.489  -55.102  29.966 0.6999999881
30870  18.391  -55.092  28.258 1.0000000000
30852  17.411  -54.642  29.250 1.0000000000
129076  14.968  -51.920  30.495 1.0000000000
33782  13.278  -50.685  30.612 0.8000000119
128678  27.430  -54.874  29.244 0.6999999881
27752  26.285  -56.782  29.177 0.8000000119
29841  19.174  -55.360  27.934 1.0000000000
144051  20.463  -55.626  27.467 1.0000000000
28774  24.869  -56.527  28.277 0.8999999762
28776  22.983  -56.751  28.191 1.0000000000
29861  21.155  -55.600  27.311 1.0000000000
29860  22.052  -55.384  27.257 1.0000000000
127412  27.966  -52.744  33.982 0.4000000060
133009  28.322  -52.810  33.084 0.5000000000
31813  28.256  -53.466  32.483 0.6000000238
33767  11.713  -51.290  31.687 0.6999999881
31823  27.725  -53.515  30.726 0.6999999881
30823  27.945  -54.269  31.712 0.6999999881
33780  14.844  -51.158  30.049 0.8000000119
30853  16.936  -53.895  29.790 1.0000000000
34828  13.675  -49.565  29.520 0.6999999881
29842  18.588  -55.564  28.610 1.0000000000
29839  26.612  -54.860  27.913 0.6999999881
29857  25.251  -54.918  27.592 0.6999999881
29858  24.427  -55.175  27.575 0.6999999881
28798  24.230  -55.979  27.865 0.8999999762
129093  23.729  -55.462  27.617 0.8999999762
29859  23.009  -55.374  27.526 1.0000000000
30890  22.731  -54.640  27.141 0.8999999762
30891  21.345  -54.972  27.031 1.0000000000
30892  20.538  -55.029  27.098 1.0000000000
30907  21.087  -54.434  26.659 1.0000000000
32757  28.043  -51.955  33.172 0.4000000060
33746  27.593  -51.208  33.112 0.4000000060
33763  27.561  -51.611  31.508 0.6000000238
32759  28.060  -52.412  32.184 0.6000000238
135273  16.794  -53.365  29.206 1.0000000000
144290  16.190  -53.031  30.454 1.0000000000
32769  27.763  -52.507  31.170 0.6999999881
31844  27.555  -53.240  29.821 0.6999999881
30871  17.722  -54.681  28.511 1.0000000000
31845  17.283  -53.973  28.928 1.0000000000
34811  14.271  -50.386  29.993 0.6999999881
34812  13.512  -49.785  30.040 0.6999999881
144214  26.511  -55.539  28.271 0.6999999881
31854  27.503  -53.399  28.996 0.6999999881
30886  26.444  -53.888  27.599 0.6999999881
30869  18.849  -54.920  27.719 1.0000000000
29856  25.957  -54.673  27.635 0.6999999881
29863  19.601  -54.835  27.279 1.0000000000
30910  18.863  -54.545  27.203 1.0000000000
30893  18.178  -54.696  27.795 1.0000000000
30887  25.542  -54.268  27.481 0.6999999881
30908  20.268  -54.406  26.695 1.0000000000
30889  23.653  -54.663  27.356 0.8000000119
32792  16.422  -52.968  29.842 1.0000000000
32793  15.979  -52.054  29.407 0.8999999762
33777  27.486  -51.738  30.751 0.6000000238
32805  16.400  -52.688  28.898 0.8999999762
32791  27.551  -52.567  29.370 0.6000000238
33794  15.406  -51.325  29.057 0.8000000119
31855  27.275  -53.547  28.127 0.6999999881
33807  27.552  -51.783  28.938 0.6000000238
34826  14.789  -50.713  28.783 0.8000000119
125069  25.452  -53.622  27.329 0.6999999881
31869  24.692  -53.342  27.127 0.6999999881
31872  17.999  -54.368  27.008 1.0000000000
30888  24.678  -54.245  27.371 0.6999999881
31870  23.904  -53.765  27.111 0.6999999881
30906  22.572  -53.916  26.658 0.8000000119
31888  21.698  -53.730  26.300 0.8999999762
31889  20.764  -53.869  26.244 1.0000000000
31871  23.217  -54.066  27.025 0.8000000119
31857  16.771  -53.444  28.415 0.8999999762
33793  27.465  -51.804  29.898 0.5000000000
31856  17.365  -54.152  27.870 1.0000000000
34839  27.247  -50.971  28.531 0.5000000000
31868  26.070  -53.049  27.318 0.6000000238
144401  25.381  -52.934  27.164 0.6000000238
31891  18.800  -54.122  26.440 1.0000000000
31890  19.534  -53.853  25.998 1.0000000000
31887  23.287  -53.409  26.663 0.6999999881
32832  22.560  -53.061  26.150 0.8000000119
140116  21.820  -53.064  25.841 0.8000000119
133197  20.089  -53.986  26.260 1.0000000000
31873  16.672  -53.535  27.493 0.8999999762
32806  15.713  -51.974  28.513 0.8000000119
31892  17.232  -53.904  26.845 0.8999999762
32817  25.860  -52.200  27.285 0.6000000238
33819  25.062  -51.488  27.082 0.5000000000
32818  24.833  -52.502  27.008 0.6000000238
31904  18.862  -53.626  25.673 0.8999999762
31886  24.043  -52.963  26.818 0.6000000238
32831  23.436  -52.579  26.379 0.6000000238
31902  21.153  -53.268  25.808 0.6999999881
31903  20.287  -53.449  25.705 1.0000000000
32844  20.846  -52.778  25.301 0.6000000238
137137  19.550  -53.361  25.464 0.8000000119
32819  16.179  -52.853  28.036 0.8999999762
32820  15.603  -52.379  27.658 0.8000000119
31893  16.618  -53.524  26.685 0.8999999762
31905  17.958  -53.861  26.058 0.8999999762
32846  19.049  -53.021  24.950 0.8000000119
139652  18.303  -53.391  25.305 0.8000000119
33830  22.906  -52.145  25.849 0.5000000000
32857  19.667  -52.342  24.529 0.4000000060
32845  20.007  -52.879  25.073 0.6999999881
32833  16.029  -53.165  27.109 0.8999999762
31906  17.079  -53.617  26.004 0.8999999762
32858  18.886  -52.450  24.391 0.5000000000
128219  16.208  -53.353  25.993 0.8000000119
142301  18.028  -52.868  24.640 0.5000000000
144031  -0.949  -83.165  36.087 1.0000000000
127424  -0.962  -82.462  35.680 1.0000000000
481  3.758  -97.550  33.442 0.6999999881
3813  -0.013  -89.038  35.439 1.0000000000
4341  -0.112  -88.777  36.908 1.0000000000
3332  -0.336  -90.290  37.562 1.0000000000
1720  0.498  -93.555  34.158 1.0000000000
2102  0.160  -93.114  33.164 1.0000000000
2112  -0.063  -92.549  32.331 1.0000000000
1721  -0.116  -93.693  33.810 1.0000000000
2122  -0.130  -92.070  31.823 1.0000000000
1083  -0.598  -95.037  29.158 1.0000000000
1072  -0.294  -94.929  30.142 1.0000000000
1748  3.688  -93.105  30.555 0.8999999762
5457  2.996  -85.558  33.488 1.0000000000
2756  0.653  -91.230  13.925 0.8000000119
2556  -0.464  -91.703  30.034 1.0000000000
1767  1.399  -92.958  28.188 0.8999999762
1758  2.575  -92.959  29.802 0.8999999762
134568  6.358  -91.720  29.223 0.8999999762
6645  0.279  -83.657  31.323 1.0000000000
141188  0.872  -92.067  19.713 0.8999999762
134317  6.497  -98.386  31.702 0.6000000238
2151  2.625  -92.083  29.265 0.8999999762
1755  7.387  -92.469  29.296 0.8000000119
2553  3.978  -91.493  29.111 0.8999999762
1754  8.317  -92.095  28.959 0.6999999881
127710  5.022  -83.806  34.064 1.0000000000
3532  1.020  -90.169  21.911 0.8999999762
5668  0.797  -85.251  16.667 0.8000000119
1441  9.470  -94.444  25.540 0.6000000238
7942  4.219  -81.622  31.886 1.0000000000
4359  5.197  -86.701  33.092 1.0000000000
3877  0.940  -88.855  29.061 1.0000000000
7475  0.631  -82.823  16.889 0.8999999762
122149  -0.401  -91.681  25.455 0.8999999762
7980  8.247  -80.764  28.818 1.0000000000
9334  7.316  -79.614  26.577 1.0000000000
9480  -0.801  -79.784  17.562 0.6999999881
9312  3.901  -79.985  27.925 1.0000000000
9462  -1.043  -79.134  17.914 0.6999999881
10641  6.778  -77.841  31.066 1.0000000000
4955  3.891  -86.887  28.929 1.0000000000
6156  0.031  -84.854  21.573 1.0000000000
10665  4.513  -78.009  30.405 1.0000000000
10606  6.635  -77.600  33.228 1.0000000000
12001  9.961  -75.621  33.386 1.0000000000
12011  9.963  -74.812  32.430 1.0000000000
12066  7.071  -75.448  27.827 1.0000000000
10818  -1.547  -77.233  18.943 0.6999999881
141032  8.470  -76.607  34.678 1.0000000000
12781  -1.019  -74.218  30.125 1.0000000000
5528  4.592  -85.813  26.144 1.0000000000
10756  -0.488  -76.865  23.356 1.0000000000
11361  3.528  -76.592  31.324 1.0000000000
14984  -0.565  -71.608  32.956 1.0000000000
12134  -1.622  -76.156  24.714 1.0000000000
12741  7.514  -74.442  35.603 1.0000000000
12754  4.782  -74.862  33.761 1.0000000000
13531  1.386  -73.492  27.759 1.0000000000
13532  0.361  -73.462  27.642 1.0000000000
13533  -0.803  -73.447  27.433 1.0000000000
12832  1.113  -74.945  27.059 1.0000000000
126759  6.859  -73.365  35.647 1.0000000000
15773  8.638  -71.475  35.398 1.0000000000
15771  -0.731  -69.981  35.861 0.8999999762
18526  7.434  -67.218  35.828 1.0000000000
19550  -0.864  -66.784  27.872 1.0000000000
13544  -1.719  -73.458  25.482 1.0000000000
17548  8.728  -68.856  35.763 1.0000000000
17535  8.144  -68.044  36.137 1.0000000000
19465  3.367  -66.767  35.618 1.0000000000
16626  -0.490  -69.117  38.340 0.8000000119
17518  -0.599  -68.366  38.971 0.8000000119
18497  7.535  -67.699  37.736 1.0000000000
19428  6.886  -66.216  37.980 1.0000000000
15750  6.318  -70.727  38.710 1.0000000000
18516  0.028  -67.515  36.546 1.0000000000
22967  10.221  -62.326  33.790 1.0000000000
24866  6.505  -60.599  32.933 0.8999999762
22110  2.151  -64.038  31.642 1.0000000000
22123  2.245  -63.479  30.990 1.0000000000
21995  2.738  -63.667  40.295 1.0000000000
22893  2.286  -62.186  39.446 1.0000000000
24803  4.137  -59.911  35.736 0.8999999762
20281  -0.894  -64.890  39.710 0.6999999881
146318  7.611  -60.264  33.026 0.8999999762
129673  14.256  -59.989  34.441 1.0000000000
22978  13.438  -62.217  33.194 1.0000000000
24784  3.401  -59.926  36.687 0.8999999762
24785  2.333  -59.847  37.014 0.8999999762
130770  1.886  -60.255  37.607 0.8999999762
20261  -1.617  -65.173  40.772 0.6000000238
25753  4.161  -58.757  33.593 0.8999999762
23816  0.768  -61.427  37.443 0.8999999762
24909  9.009  -60.828  31.251 1.0000000000
28674  4.919  -56.818  33.563 0.8999999762
22929  -0.436  -62.386  36.770 0.8000000119
29702  7.803  -54.934  35.369 0.8000000119
30748  8.344  -54.959  36.990 0.5000000000
122931  12.234  -57.778  34.497 0.8999999762
23911  16.728  -61.335  32.514 1.0000000000
24788  -1.310  -60.792  36.557 0.6999999881
29681  6.956  -55.520  36.961 0.6000000238
31789  13.097  -53.931  36.708 0.6000000238
28719  6.092  -56.650  31.679 0.8999999762
25745  18.576  -59.820  33.131 1.0000000000
23940  16.394  -61.105  31.891 1.0000000000
29725  12.601  -55.432  34.870 0.8999999762
30794  14.761  -54.879  34.946 0.8000000119
121616  18.078  -55.737  33.788 0.8999999762
30804  19.026  -55.081  34.306 0.6000000238
28695  11.021  -56.274  32.438 1.0000000000
26730  16.533  -58.285  30.749 1.0000000000
30803  21.336  -54.925  33.601 0.5000000000
137101  22.731  -55.432  32.666 0.5000000000
25807  21.951  -59.595  30.131 1.0000000000
26743  22.216  -58.810  29.468 1.0000000000
136136  20.502  -58.837  29.601 1.0000000000
31814  13.270  -53.908  32.430 1.0000000000
127284  14.256  -54.995  32.069 1.0000000000
145600  26.012  -56.109  33.410 0.5000000000
27736  25.718  -57.768  30.402 0.8000000119
29742  27.108  -55.124  33.961 0.5000000000
28752  26.868  -56.359  29.643 0.6999999881
124611  11.628  -49.320  30.731 0.6999999881
30834  16.930  -54.854  29.815 1.0000000000
32753  27.435  -51.524  34.046 0.4000000060
133038  28.025  -53.232  31.645 0.6999999881
33795  14.868  -50.888  29.480 0.8000000119
132884  21.919  -54.520  26.823 0.8999999762
130231  15.278  -51.671  28.017 0.8000000119
32830  24.215  -52.094  26.669 0.5000000000
764  2.226  -96.635  31.427 0.8999999762
861  -0.089  -96.193  23.112 0.8999999762
121045  -0.873  -85.133  37.022 1.0000000000
4837  -1.543  -85.840  40.716 0.6999999881
132643  1.855  -97.159  36.435 0.6000000238
7229  -1.079  -82.715  36.618 1.0000000000
128602  4.481  -97.911  35.205 0.6000000238
510  3.590  -97.224  31.991 0.6999999881
4107  1.638  -88.621  15.208 0.8000000119
292  7.877  -98.956  32.531 0.5000000000
301  8.200  -99.039  31.526 0.5000000000
1204  1.514  -94.996  18.878 0.8999999762
930  1.154  -95.070  19.626 0.8999999762
130492  1.627  -86.818  15.628 0.8000000119
310  6.601  -98.211  30.385 0.6999999881
806  6.765  -96.854  28.943 0.6000000238
2182  11.553  -92.542  26.931 0.5000000000
633  1.615  -96.117  19.702 0.6999999881
381  1.293  -97.949  22.823 0.6999999881
1775  11.244  -93.164  27.897 0.5000000000
372  1.153  -98.055  23.529 0.6999999881
1122  8.868  -95.279  25.517 0.6999999881
6240  1.679  -84.228  14.569 0.6999999881
370  2.373  -98.419  23.975 0.6999999881
360  2.880  -98.445  24.636 0.6999999881
336  5.014  -98.171  25.995 0.6000000238
1132  9.287  -96.142  24.812 0.5000000000
143907  6.269  -97.672  26.088 0.5000000000
10724  7.229  -77.069  25.362 1.0000000000
11396  -0.892  -75.980  29.007 1.0000000000
12003  4.749  -75.925  33.314 1.0000000000
12898  -2.454  -74.386  19.047 0.5000000000
14961  -0.702  -71.244  34.099 1.0000000000
15795  -0.628  -70.484  34.333 1.0000000000
15779  -0.646  -70.278  34.995 0.8999999762
20454  0.713  -65.675  26.643 0.6999999881
18633  -0.095  -67.172  26.311 0.6999999881
20416  0.182  -65.080  28.293 0.8999999762
14925  6.349  -72.349  36.698 1.0000000000
18669  -0.630  -67.732  25.010 0.6000000238
17706  -0.563  -68.462  24.961 0.6000000238
16782  -0.444  -69.368  24.980 0.8999999762
15908  -0.405  -70.287  24.916 0.8999999762
15927  -0.796  -70.371  23.906 0.8000000119
15122  -1.832  -71.845  22.314 0.6999999881
24933  -0.494  -60.512  28.682 0.8999999762
26771  -0.162  -58.965  27.990 0.8999999762
23919  1.106  -61.416  32.218 1.0000000000
24869  1.060  -60.592  32.183 1.0000000000
26757  -0.400  -58.604  28.805 0.8999999762
26770  0.447  -58.538  27.568 0.8000000119
27792  0.590  -57.667  27.775 0.6999999881
28790  0.265  -56.392  28.739 0.8000000119
29846  0.520  -55.620  28.981 0.6999999881
26660  3.687  -58.724  34.266 0.8999999762
24775  1.331  -60.737  37.593 0.8999999762
28806  1.351  -56.436  27.871 0.6999999881
27677  5.263  -57.641  33.133 0.8999999762
29868  1.697  -55.754  28.108 0.6999999881
27594  -0.265  -57.767  37.790 0.6000000238
26595  -0.682  -58.271  38.273 0.6000000238
25665  -0.937  -60.401  39.462 0.6000000238
30792  16.675  -54.845  35.146 0.6999999881
133561  4.324  -54.252  31.995 0.8999999762
32762  10.484  -52.423  32.658 0.8999999762
32763  9.042  -52.421  33.017 0.8999999762
32764  8.080  -52.180  32.980 0.8000000119
33755  10.330  -51.568  32.324 0.8000000119
32773  11.056  -51.846  32.221 0.8000000119
34795  11.105  -50.095  31.358 0.6999999881
34814  10.544  -49.010  30.956 0.6999999881
33753  27.626  -51.421  32.330 0.4000000060
33778  27.230  -50.921  31.165 0.4000000060
33809  15.076  -51.244  28.454 0.8000000119
33817  26.657  -51.604  27.754 0.6000000238
32848  17.049  -53.272  25.159 0.8000000119
8585  -1.517  -80.890  32.092 1.0000000000
8600  -1.107  -81.113  31.077 1.0000000000
632  2.175  -96.760  19.757 0.6999999881
132424  1.144  -96.406  20.971 0.8000000119
371  1.874  -98.263  23.326 0.6999999881
20436  1.276  -65.070  27.166 0.6999999881
129557  -0.866  -66.887  24.622 0.6000000238
16797  -0.828  -69.568  24.025 0.6999999881
33756  9.623  -51.769  32.627 0.8000000119
33758  7.395  -51.456  32.370 0.8000000119
33768  10.657  -50.914  31.884 0.6999999881
33757  8.772  -51.533  32.706 0.6999999881
137296  9.167  -50.985  32.360 0.6999999881
142594  8.108  -51.283  32.475 0.6999999881
126125  3.700  -97.488  36.389 0.6000000238
5407  -1.573  -85.729  38.743 1.0000000000
681  0.740  -96.215  39.160 0.6000000238
450  1.047  -97.233  36.049 0.6999999881
5447  0.357  -85.953  33.945 1.0000000000
121634  -0.934  -87.267  39.834 1.0000000000
1291  0.225  -94.166  41.314 0.6000000238
985  -0.622  -95.357  39.336 0.8000000119
141352  -0.359  -94.956  40.384 0.6999999881
984  0.263  -95.669  39.782 0.6999999881
3621  1.708  -89.185  14.599 0.8000000119
462  0.578  -97.379  35.255 0.8000000119
483  1.474  -97.575  33.603 1.0000000000
461  1.535  -97.382  35.341 0.6999999881
135285  2.826  -97.394  34.896 0.6999999881
470  4.309  -97.807  34.274 0.6000000238
781  1.181  -96.357  30.545 0.8999999762
778  3.691  -95.906  31.531 0.8000000119
1392  2.735  -94.447  30.719 0.8999999762
1069  3.186  -95.194  31.136 0.8000000119
3144  0.455  -90.348  16.745 0.8999999762
3176  0.064  -90.345  15.094 0.8000000119
2750  -0.202  -91.295  14.837 0.8000000119
137436  -0.426  -96.426  37.088 0.6999999881
1534  0.801  -93.766  16.523 0.8000000119
134072  0.719  -97.564  33.799 1.0000000000
484  0.018  -97.420  33.379 1.0000000000
497  1.533  -97.560  32.837 0.6999999881
498  0.106  -97.369  32.301 1.0000000000
496  2.025  -97.386  32.344 0.8000000119
7903  -1.277  -81.157  34.292 0.8999999762
137403  -0.983  -93.813  40.022 0.8000000119
126175  -0.229  -92.260  14.827 0.8000000119
266  5.127  -98.220  34.717 0.6000000238
138027  3.894  -97.618  35.631 0.5000000000
460  2.391  -97.347  35.470 0.6000000238
285  5.595  -98.300  33.402 0.6000000238
1757  5.688  -93.201  29.989 0.8000000119
135332  5.112  -92.695  30.070 0.8999999762
1389  5.447  -94.207  30.302 0.8000000119
2573  2.161  -91.575  27.807 0.8999999762
128485  2.237  -92.117  26.671 0.8999999762
6034  0.361  -84.146  32.708 1.0000000000
120794  -0.285  -90.450  38.380 1.0000000000
1661  -0.562  -93.499  38.563 1.0000000000
714  -1.003  -95.924  35.887 1.0000000000
125644  -0.509  -95.119  31.701 1.0000000000
1370  -0.309  -94.109  33.352 1.0000000000
138808  -0.770  -95.435  32.563 1.0000000000
473  0.055  -97.396  34.412 1.0000000000
459  3.650  -97.568  34.977 0.6000000238
482  2.235  -97.473  33.213 0.6999999881
495  3.019  -97.353  32.668 0.6999999881
768  -0.110  -95.692  31.382 1.0000000000
294  6.146  -98.384  32.553 0.6000000238
311  6.011  -98.155  30.936 0.6000000238
121583  5.431  -96.759  30.625 0.6999999881
1779  1.131  -92.345  27.268 0.8999999762
1768  0.570  -93.687  27.425 0.8999999762
2572  2.729  -91.487  28.116 0.8999999762
141995  6.696  -94.584  29.260 0.6999999881
141114  3.434  -93.825  30.787 0.8999999762
1398  1.385  -94.994  29.206 0.8999999762
122120  7.088  -93.508  29.312 0.8000000119
1796  0.003  -92.599  26.141 0.8999999762
2149  5.888  -92.245  29.633 0.8999999762
2552  4.897  -91.593  29.252 0.8999999762
1766  8.162  -93.208  29.032 0.8000000119
1417  3.436  -93.556  27.294 0.8999999762
2174  4.779  -92.086  27.966 0.8999999762
6032  2.066  -84.667  32.672 1.0000000000
120889  -0.260  -89.606  37.156 1.0000000000
2445  -0.370  -90.936  38.070 1.0000000000
2052  0.302  -92.987  37.941 1.0000000000
1681  -1.037  -94.149  36.903 1.0000000000
135680  -0.938  -94.104  36.106 1.0000000000
1707  -0.138  -93.826  34.854 1.0000000000
143417  -0.806  -94.742  34.779 1.0000000000
309  7.420  -98.436  30.263 0.5000000000
531  6.617  -97.556  29.514 0.6000000238
1444  1.062  -93.662  25.341 0.8999999762
1404  8.394  -94.361  28.605 0.6999999881
132262  8.976  -92.654  28.785 0.6999999881
127391  9.821  -93.674  28.426 0.6000000238
1430  2.223  -94.121  26.433 0.8999999762
2570  4.580  -91.480  28.788 0.8999999762
2588  6.228  -91.623  28.428 0.8999999762
2172  6.646  -91.989  27.809 0.8000000119
144663  7.634  -92.463  27.208 0.8000000119
2567  7.502  -91.579  28.702 0.8999999762
2585  8.917  -91.679  28.104 0.8000000119
2186  8.223  -92.196  27.266 0.8000000119
1790  9.489  -92.611  26.667 0.6000000238
136497  7.750  -93.107  26.814 0.8000000119
136525  -0.004  -91.727  31.418 1.0000000000
133960  -0.566  -93.996  30.687 1.0000000000
1760  -1.139  -93.697  29.273 1.0000000000
316  7.144  -98.041  29.081 0.6000000238
1092  0.101  -95.234  28.448 0.8999999762
1094  -1.009  -95.142  28.382 1.0000000000
1407  0.274  -94.906  27.830 0.8999999762
610  1.302  -97.130  21.648 0.8000000119
1789  10.351  -92.563  26.625 0.6000000238
125753  2.089  -78.466  27.935 1.0000000000
6626  2.369  -83.336  32.268 1.0000000000
4351  3.794  -87.696  34.157 1.0000000000
5456  4.414  -85.921  34.097 1.0000000000
130762  0.134  -74.483  29.785 1.0000000000
6624  6.156  -82.988  32.931 1.0000000000
8580  6.325  -80.606  32.891 1.0000000000
7927  7.641  -81.194  33.210 1.0000000000
2464  -0.125  -91.124  37.063 1.0000000000
1933  -0.046  -93.117  14.901 0.8000000119
141621  0.414  -93.311  14.390 0.8000000119
142940  1.399  -91.963  18.918 0.8999999762
136494  0.598  -86.892  16.273 0.8000000119
2162  -1.104  -92.974  28.583 0.8999999762
2242  0.334  -92.684  22.302 0.8999999762
5126  0.800  -86.114  16.259 0.8000000119
6843  0.237  -83.151  14.585 0.6999999881
1421  -0.917  -94.620  27.306 0.8999999762
121275  0.317  -92.243  23.840 0.8999999762
1781  -1.266  -94.141  27.319 0.8999999762
1432  -0.607  -93.701  26.677 0.8999999762
2590  4.161  -91.694  28.203 0.8999999762
1811  0.549  -93.170  24.981 0.8999999762
1116  2.154  -95.473  26.511 0.8999999762
816  3.954  -96.050  27.209 0.8000000119
142330  11.515  -93.247  25.705 0.5000000000
1429  5.843  -94.570  27.204 0.8000000119
123695  6.083  -95.338  27.015 0.8000000119
6659  -0.910  -83.655  29.959 1.0000000000
7929  4.220  -81.581  33.008 1.0000000000
7306  7.472  -82.306  30.066 1.0000000000
139320  7.910  -81.334  29.211 1.0000000000
7940  8.194  -81.288  32.485 1.0000000000
2497  2.751  -91.383  34.307 1.0000000000
2944  2.065  -90.976  32.159 1.0000000000
3483  0.241  -90.638  24.237 0.8999999762
10117  0.425  -78.736  18.973 0.8999999762
2178  -1.242  -92.983  27.437 0.8999999762
826  6.272  -96.985  26.592 0.6999999881
7957  -1.290  -82.430  29.409 1.0000000000
6660  -1.135  -83.413  29.906 1.0000000000
131819  3.647  -82.031  32.175 1.0000000000
3821  2.856  -88.900  34.355 1.0000000000
8740  4.982  -80.911  23.052 1.0000000000
3420  0.296  -89.512  28.739 1.0000000000
7999  -0.159  -81.952  26.833 1.0000000000
132483  0.905  -82.704  27.780 1.0000000000
7309  1.364  -82.889  28.885 1.0000000000
7293  2.894  -82.301  30.620 1.0000000000
9291  5.630  -79.126  29.274 1.0000000000
9278  6.951  -78.800  29.914 1.0000000000
9250  8.256  -79.666  32.071 1.0000000000
6054  6.162  -83.984  30.468 1.0000000000
4526  1.148  -87.474  19.158 1.0000000000
7382  5.121  -82.278  22.841 1.0000000000
8719  2.837  -80.671  23.707 1.0000000000
9293  -0.874  -79.952  28.309 1.0000000000
7956  -0.991  -81.670  29.133 1.0000000000
144844  9.571  -78.849  31.429 1.0000000000
9248  9.288  -79.586  32.048 1.0000000000
4398  3.609  -87.541  30.276 1.0000000000
3871  2.324  -88.234  30.067 1.0000000000
7383  4.534  -82.468  22.412 1.0000000000
8718  3.729  -80.750  23.132 1.0000000000
9392  4.650  -79.482  23.516 1.0000000000
9394  0.932  -79.958  24.142 1.0000000000
4469  2.821  -87.735  23.773 1.0000000000
9422  1.404  -79.144  21.056 0.8999999762
9413  -0.899  -79.422  22.532 1.0000000000
8662  -0.582  -81.319  27.087 1.0000000000
133280  -0.842  -80.518  27.791 1.0000000000
8577  9.529  -80.031  32.181 1.0000000000
9323  8.512  -78.864  27.468 1.0000000000
6728  5.312  -83.204  24.093 1.0000000000
5601  4.202  -85.097  20.987 1.0000000000
142002  2.506  -87.620  25.025 1.0000000000
11382  2.207  -75.687  29.908 1.0000000000
11381  2.741  -76.478  30.082 1.0000000000
130266  10.692  -76.680  30.309 1.0000000000
11359  10.449  -76.671  31.742 1.0000000000
11393  10.520  -76.231  29.654 1.0000000000
142287  9.887  -77.031  28.293 1.0000000000
6096  5.335  -84.149  25.611 1.0000000000
6097  5.140  -84.993  25.191 1.0000000000
10065  4.557  -78.713  23.792 1.0000000000
10067  2.928  -79.323  24.131 1.0000000000
143036  2.671  -80.022  24.009 1.0000000000
10643  4.727  -77.848  31.314 1.0000000000
6753  4.936  -83.015  22.573 1.0000000000
130376  3.179  -78.532  24.270 1.0000000000
126627  5.161  -84.043  24.080 1.0000000000
129792  4.749  -85.046  23.064 1.0000000000
12235  -2.040  -75.736  17.836 0.5000000000
10607  5.771  -77.414  33.379 1.0000000000
13498  0.529  -73.278  30.541 1.0000000000
13467  4.002  -73.544  33.252 1.0000000000
14212  -0.609  -72.719  31.661 1.0000000000
12021  9.878  -75.150  31.598 1.0000000000
14208  2.161  -72.783  31.600 1.0000000000
14190  9.470  -72.959  32.407 1.0000000000
12778  7.561  -74.362  30.270 1.0000000000
15002  5.964  -71.605  31.120 1.0000000000
14989  7.066  -71.421  31.745 1.0000000000
12083  4.765  -75.504  26.224 1.0000000000
11426  3.727  -76.392  25.334 1.0000000000
15855  -2.100  -70.210  28.479 1.0000000000
140811  2.802  -75.380  26.666 1.0000000000
10728  -0.151  -77.352  25.190 1.0000000000
12144  0.777  -75.818  22.735 0.8999999762
139061  9.421  -73.142  34.775 1.0000000000
13463  5.010  -73.459  34.628 1.0000000000
14192  8.236  -72.029  32.084 1.0000000000
17572  8.035  -68.346  33.532 1.0000000000
21278  -0.520  -64.959  29.086 1.0000000000
15852  1.320  -70.581  28.502 1.0000000000
13515  5.805  -73.610  29.937 1.0000000000
13526  4.262  -73.684  29.048 1.0000000000
18579  0.771  -67.598  30.354 1.0000000000
17578  7.722  -68.570  32.795 1.0000000000
13528  2.827  -73.157  28.478 1.0000000000
13562  0.035  -73.718  23.720 0.8999999762
16669  2.031  -69.870  34.553 1.0000000000
16691  6.810  -69.147  31.618 1.0000000000
16710  2.928  -68.936  29.004 1.0000000000
135386  3.490  -70.050  28.978 1.0000000000
13527  3.411  -73.354  28.780 1.0000000000
14923  8.265  -71.768  36.148 1.0000000000
18563  3.146  -67.402  31.848 1.0000000000
133027  6.344  -67.949  32.182 1.0000000000
145085  -0.063  -65.592  28.109 1.0000000000
124093  -0.588  -63.098  29.144 1.0000000000
23050  -0.904  -62.083  30.189 1.0000000000
15765  7.007  -71.935  37.423 1.0000000000
16635  3.494  -69.906  37.630 1.0000000000
19487  0.008  -65.813  33.052 1.0000000000
17582  4.290  -67.774  32.058 1.0000000000
17590  4.815  -67.870  31.141 1.0000000000
17574  5.018  -67.843  33.047 1.0000000000
21305  0.926  -64.735  27.892 0.8000000119
15096  -0.526  -71.916  23.940 1.0000000000
18558  2.737  -67.296  33.805 1.0000000000
22111  -1.015  -63.388  32.119 1.0000000000
20348  2.895  -65.953  35.311 1.0000000000
15097  -1.268  -71.369  23.017 0.8000000119
17527  2.445  -68.587  37.588 1.0000000000
129645  1.289  -66.423  34.297 1.0000000000
123475  -1.158  -61.184  31.235 1.0000000000
130791  -1.020  -62.708  32.472 1.0000000000
24934  -0.947  -60.826  29.448 1.0000000000
21226  2.650  -64.709  34.043 1.0000000000
139574  6.930  -61.692  32.982 1.0000000000
22107  7.216  -63.516  31.890 1.0000000000
18501  0.332  -66.914  37.089 1.0000000000
19432  -0.407  -66.162  38.254 1.0000000000
24915  -1.074  -60.480  30.958 1.0000000000
23967  2.938  -61.482  30.260 1.0000000000
139349  2.643  -60.817  30.532 1.0000000000
21253  4.201  -64.125  30.605 1.0000000000
25764  0.036  -59.575  32.465 1.0000000000
23966  3.277  -62.125  30.040 1.0000000000
24825  11.986  -60.965  34.458 1.0000000000
22118  9.851  -63.253  32.047 1.0000000000
28658  3.696  -56.161  34.045 0.8999999762
25780  1.316  -58.992  31.867 1.0000000000
27779  0.095  -57.236  28.435 0.8000000119
23975  5.247  -61.803  29.271 1.0000000000
25742  3.025  -58.800  35.087 0.8999999762
26682  3.561  -58.115  33.696 0.8999999762
24868  5.598  -59.554  33.329 0.8999999762
140843  1.417  -56.735  30.854 0.8999999762
28760  0.180  -56.216  29.382 0.8000000119
122938  12.662  -59.192  34.437 0.8999999762
22116  11.057  -62.568  31.908 1.0000000000
127882  -1.281  -63.027  39.231 0.6999999881
25748  8.290  -59.831  33.384 0.8999999762
29691  5.420  -55.261  35.897 0.6999999881
27743  3.552  -57.459  30.167 1.0000000000
23946  9.699  -61.473  31.393 1.0000000000
22976  15.145  -61.815  32.980 1.0000000000
126583  2.035  -55.933  30.627 0.8999999762
28807  0.705  -56.798  28.074 0.6999999881
29802  1.494  -55.607  30.030 0.8000000119
27676  6.177  -57.726  33.284 0.8999999762
28655  7.045  -56.270  34.245 0.8999999762
29730  7.391  -55.460  34.770 0.8999999762
123938  -1.381  -62.331  39.459 0.6000000238
126426  11.766  -56.937  34.593 0.8999999762
29783  2.811  -55.369  30.728 0.8999999762
24910  8.361  -60.339  31.006 1.0000000000
25778  9.058  -59.317  31.360 1.0000000000
138375  12.871  -56.124  34.655 0.8999999762
137053  17.715  -58.116  33.662 1.0000000000
23910  17.639  -61.083  32.573 1.0000000000
23909  18.544  -60.999  32.274 1.0000000000
128744  18.721  -61.076  31.894 1.0000000000
29724  13.548  -55.620  34.684 0.8999999762
30755  17.561  -55.073  36.414 0.5000000000
28699  7.239  -56.001  32.306 0.8999999762
29780  5.170  -55.638  31.940 0.8999999762
24887  16.359  -60.461  31.469 1.0000000000
24885  17.977  -60.937  31.696 1.0000000000
24906  18.652  -60.564  31.325 1.0000000000
30828  2.825  -54.594  30.597 0.8999999762
140133  19.816  -60.732  32.151 1.0000000000
128176  7.701  -55.223  32.702 0.8999999762
129672  11.767  -57.587  31.909 1.0000000000
26691  20.565  -58.681  32.464 1.0000000000
25759  20.733  -59.732  32.313 1.0000000000
24862  20.977  -60.180  31.955 1.0000000000
30790  18.471  -55.080  35.085 0.6000000238
27695  21.177  -57.951  32.175 1.0000000000
24902  22.296  -59.704  31.372 1.0000000000
30812  12.688  -54.520  32.587 1.0000000000
123846  8.913  -54.133  33.113 0.8999999762
28689  22.292  -55.952  32.135 0.6999999881
29761  12.100  -55.148  32.600 1.0000000000
29763  10.044  -55.291  32.851 0.8999999762
30817  7.096  -54.499  32.900 0.8999999762
27694  22.576  -57.623  31.945 0.8000000119
26707  22.894  -58.519  31.815 1.0000000000
26729  17.259  -57.923  30.348 1.0000000000
29746  22.987  -55.328  33.212 0.4000000060
131905  8.516  -53.215  33.128 0.8999999762
27712  24.064  -57.734  31.961 0.8000000119
29777  13.666  -55.632  32.177 1.0000000000
27711  24.891  -57.908  31.704 0.8000000119
138192  23.512  -58.963  31.444 1.0000000000
29756  24.476  -56.184  32.914 0.5000000000
27754  24.519  -58.019  29.204 1.0000000000
31826  13.803  -53.354  32.058 1.0000000000
32771  13.554  -52.586  31.704 0.8999999762
27691  25.363  -57.174  32.080 0.6999999881
27710  25.623  -57.527  31.328 0.8000000119
31824  15.353  -53.751  31.368 1.0000000000
29776  14.925  -55.169  31.567 1.0000000000
29773  27.671  -55.161  32.251 0.6000000238
27735  26.374  -57.102  30.000 0.6999999881
31809  28.210  -53.617  33.424 0.5000000000
126837  12.645  -49.649  30.365 0.6999999881
29815  27.256  -55.598  29.359 0.6999999881
28772  26.800  -56.011  28.834 0.6999999881
28800  22.543  -56.132  27.736 1.0000000000
30833  27.650  -54.627  30.698 0.6999999881
30850  27.529  -54.152  29.738 0.6999999881
29838  27.152  -55.123  28.561 0.6999999881
29840  25.083  -55.708  27.887 0.6999999881
33779  15.439  -51.557  29.786 0.8000000119
30868  27.115  -54.372  28.087 0.6999999881
141067  27.206  -50.758  33.345 0.4000000060
32778  27.566  -52.565  30.296 0.6000000238
30867  27.388  -54.260  28.740 0.6999999881
32804  26.856  -52.657  27.701 0.6000000238
30909  19.542  -54.289  26.675 1.0000000000
34824  27.444  -50.983  29.543 0.4000000060
145275  27.201  -52.385  28.019 0.6000000238
32842  22.125  -52.472  25.607 0.5000000000
34848  26.490  -50.683  27.876 0.6000000238
32843  21.494  -52.724  25.522 0.6000000238
32847  17.673  -53.440  25.394 0.8000000119
538  7.090  -97.531  28.891 0.6000000238
179  8.667  -98.976  29.932 0.5000000000
321  7.948  -98.286  28.911 0.5000000000
122558  9.398  -99.370  29.960 0.5000000000
544  9.140  -97.697  27.159 0.5000000000
546  8.060  -97.599  27.996 0.5000000000
187  10.474  -99.189  27.753 0.4000000060
334  10.398  -98.341  26.731 0.4000000060
325  10.144  -98.674  27.427 0.5000000000
554  9.730  -97.970  26.759 0.4000000060
536  8.270  -98.111  28.192 0.5000000000
131636  7.789  -96.041  28.303 0.5000000000
1088  9.509  -95.447  27.695 0.5000000000
804  8.144  -96.594  27.937 0.5000000000
814  9.369  -96.675  27.183 0.5000000000
1100  10.542  -95.088  27.572 0.5000000000
1403  9.264  -94.479  28.290 0.5000000000
805  7.462  -96.999  28.405 0.5000000000
1227  4.043  -95.123  15.612 0.5000000000
553  10.039  -97.543  26.418 0.4000000060
308  8.170  -98.796  30.547 0.5000000000
315  8.057  -98.545  29.760 0.5000000000
314  9.070  -99.018  29.227 0.5000000000
1222  3.697  -95.410  16.513 0.5000000000
5394  -1.885  -85.524  40.324 0.8000000119
120950  -1.949  -85.272  39.550 0.8999999762
146269  -2.027  -84.957  40.341 0.6999999881
120257  -1.324  -85.240  37.835 0.8999999762
173  8.977  -99.305  30.870 0.4000000060
1221  5.156  -95.244  16.445 0.5000000000
622  2.450  -97.270  20.532 0.6999999881
389  2.703  -98.038  21.673 0.5000000000
120641  -2.061  -83.838  40.017 0.8000000119
120762  -2.045  -84.568  39.686 0.8000000119
120260  -1.751  -84.803  38.509 0.8999999762
120262  -1.940  -84.058  38.949 0.8999999762
1229  2.362  -94.950  16.099 0.8000000119
1539  2.570  -94.698  15.298 0.6999999881
939  2.550  -95.239  17.353 0.6999999881
1537  4.355  -94.531  15.041 0.5000000000
390  1.995  -97.873  21.590 0.6000000238
137335  -1.418  -83.002  37.556 0.8999999762
1545  1.129  -94.257  15.017 0.6999999881
2327  3.177  -92.097  14.048 0.6999999881
2328  2.140  -92.129  13.868 0.6999999881
933  3.414  -96.175  17.966 0.5000000000
2325  5.072  -92.144  14.652 0.5000000000
398  2.883  -97.669  21.101 0.6000000238
134532  2.744  -98.363  23.119 0.6000000238
125611  3.191  -98.367  23.828 0.6000000238
132496  2.636  -92.930  14.171 0.6999999881
1929  3.852  -93.491  14.585 0.6000000238
2752  4.789  -91.259  14.351 0.6000000238
927  2.813  -96.169  18.518 0.6000000238
3619  3.700  -89.624  13.949 0.6000000238
128587  5.221  -98.290  25.189 0.4000000060
4617  2.236  -87.828  15.235 0.6000000238
4112  3.039  -88.030  14.513 0.6000000238
4624  3.056  -87.190  14.577 0.6000000238
5696  1.944  -84.996  14.963 0.6000000238
7914  -1.430  -80.701  33.503 0.8999999762
8584  -0.949  -80.697  31.721 0.8999999762
8599  0.087  -80.579  30.940 0.8999999762
8615  -0.438  -80.948  29.795 0.8999999762
8629  -0.269  -80.283  29.349 0.8999999762
9957  0.016  -78.856  30.232 0.8999999762
9280  0.827  -79.254  30.973 0.8999999762
9978  -0.630  -79.454  29.241 0.8999999762
8614  0.223  -80.275  30.228 0.8999999762
10647  -0.935  -77.327  31.245 0.8000000119
10668  -0.117  -78.202  30.914 0.8999999762
9945  0.767  -78.682  31.211 0.8999999762
9959  -2.010  -78.072  29.115 0.8999999762
10669  -1.070  -78.047  30.338 0.8999999762
9999  -1.824  -77.980  28.484 0.8999999762
10646  0.285  -77.949  31.730 0.8000000119
10703  -1.665  -77.469  28.502 0.8999999762
11342  -0.302  -76.376  32.808 0.8000000119
11364  -1.668  -76.424  30.910 0.8000000119
12026  -1.823  -75.485  30.526 0.8000000119
12004  -0.225  -75.682  33.168 0.8000000119
11398  -1.735  -76.647  29.411 0.8999999762
12034  -1.733  -75.871  29.798 0.8999999762
145352  -1.709  -74.807  30.615 0.8999999762
12025  -1.367  -75.588  31.423 0.8000000119
129033  -1.003  -74.880  31.847 0.8000000119
12764  0.384  -73.930  33.046 0.8000000119
12751  -0.116  -74.325  34.777 0.8000000119
12795  -1.042  -74.766  29.710 0.8999999762
12015  -0.750  -75.705  32.287 0.8000000119
12758  0.048  -74.801  33.329 0.8000000119
16798  -1.588  -69.034  23.147 0.5000000000
12782  -1.451  -74.279  30.689 0.8999999762
12752  -0.339  -74.915  34.554 0.8000000119
12772  -1.411  -74.024  31.065 0.8000000119
15752  1.194  -70.881  38.281 0.6999999881
14915  1.093  -71.483  38.421 0.6999999881
13477  -0.719  -73.188  31.942 0.8000000119
14130  1.148  -72.295  36.820 0.8000000119
12757  0.600  -74.025  33.724 0.8000000119
14926  1.263  -71.989  36.437 0.8000000119
16608  1.010  -69.506  39.719 0.6000000238
14197  -0.595  -72.268  32.421 0.8999999762
14181  -0.689  -71.940  33.780 0.8000000119
14196  -0.390  -72.616  32.693 0.8000000119
16624  0.937  -70.136  38.938 0.6999999881
130673  0.839  -72.866  33.919 0.8000000119
15759  0.991  -70.946  37.422 0.6999999881
16609  -0.018  -69.211  39.073 0.6999999881
13469  0.518  -73.370  33.401 0.8000000119
13454  1.123  -73.241  34.343 0.8000000119
14920  1.040  -71.389  36.819 0.8000000119
14942  -0.753  -71.059  35.043 0.8000000119
145689  -0.432  -69.446  38.075 0.6999999881
15769  0.262  -70.821  36.716 0.8000000119
17480  -0.633  -68.045  39.940 0.6999999881
132656  -0.512  -69.806  37.502 0.6999999881
16610  -0.565  -68.281  39.445 0.6999999881
18448  -0.757  -66.736  40.178 0.6000000238
26769  1.128  -58.152  27.207 0.6000000238
30899  2.065  -54.945  28.392 0.6000000238
30875  1.496  -54.568  28.961 0.6999999881
31879  3.314  -53.703  28.199 0.6000000238
30842  2.363  -54.432  30.079 0.8000000119
31841  2.703  -53.667  29.871 0.8000000119
121541  3.821  -54.097  31.549 0.8000000119
30898  3.131  -54.560  27.796 0.6000000238
30874  2.454  -54.179  28.650 0.6000000238
31851  2.688  -53.508  29.334 0.6999999881
32813  3.474  -53.038  28.425 0.5000000000
142358  2.902  -53.976  30.345 0.8000000119
32788  3.082  -52.854  29.577 0.8000000119
125064  3.197  -53.191  30.382 0.8000000119
31862  2.839  -53.482  28.812 0.6999999881
31820  5.573  -53.611  32.456 0.8000000119
31840  3.757  -53.375  31.177 0.8000000119
32799  3.545  -52.194  29.061 0.5000000000
32787  3.505  -52.315  29.899 0.6999999881
33789  4.826  -51.420  29.712 0.6000000238
31818  7.027  -53.611  33.041 0.8000000119
31828  4.954  -53.145  32.084 0.6999999881
141999  3.774  -52.694  30.656 0.8000000119
32786  4.196  -52.018  30.331 0.6999999881
32798  4.075  -51.738  29.358 0.6999999881
133037  7.705  -53.121  33.099 0.8000000119
32765  7.037  -52.484  32.816 0.6999999881
32774  5.191  -52.327  31.625 0.6999999881
33788  5.518  -51.072  30.152 0.6000000238
33812  4.795  -51.475  28.761 0.6000000238
144706  5.731  -52.046  31.879 0.6999999881
33759  6.690  -51.629  32.218 0.6999999881
128634  6.121  -50.790  30.713 0.6000000238
32785  4.923  -51.790  30.754 0.6999999881
139088  6.177  -51.469  31.643 0.6999999881
33772  6.824  -50.756  31.438 0.6000000238
33803  5.515  -51.039  29.308 0.6000000238
33769  9.796  -50.857  32.116 0.6000000238
33771  7.725  -50.617  31.798 0.6000000238
34797  8.273  -49.892  31.292 0.6000000238
35701  9.038  -49.302  31.097 0.6000000238
133702  9.951  -49.760  31.563 0.6000000238
34827  14.272  -50.146  29.209 0.6000000238
35713  12.951  -49.066  29.750 0.6000000238
35700  9.685  -48.911  30.871 0.5000000000
35733  13.716  -49.283  28.824 0.6000000238
35714  12.155  -48.619  30.080 0.6000000238
32834  15.490  -52.771  26.729 0.6999999881
33810  14.669  -50.688  28.292 0.6999999881
32849  15.417  -53.008  25.676 0.6999999881
32835  14.890  -52.424  26.435 0.6999999881
35735  12.448  -48.111  29.473 0.6000000238
35715  11.088  -48.320  30.234 0.5000000000
130666  12.528  -47.919  28.890 0.6000000238
141442  11.745  -47.934  29.630 0.5000000000
35734  13.067  -48.717  29.174 0.6000000238
35753  12.944  -48.380  28.423 0.6000000238
32859  16.235  -53.102  24.751 0.6999999881
32850  14.729  -52.574  25.498 0.5000000000
33832  13.924  -51.290  26.419 0.4000000060
32860  15.287  -52.799  24.712 0.4000000060
33840  14.016  -52.057  25.307 0.4000000060
33841  13.475  -51.328  25.540 0.4000000060
545  8.654  -97.946  27.684 0.5000000000
1089  8.515  -95.452  28.128 0.5000000000
125361  2.224  -93.733  14.273 0.6999999881
138559  2.872  -89.743  14.013 0.6999999881
13435  0.846  -73.362  35.522 0.8000000119
31829  4.327  -53.610  31.811 0.8000000119
34799  6.769  -50.291  30.387 0.6000000238
35716  10.069  -48.414  30.362 0.5000000000
34796  9.107  -50.171  31.842 0.6000000238
145402  7.445  -98.263  29.494 0.5000000000
320  8.789  -98.465  28.507 0.5000000000
178  9.785  -99.386  29.226 0.5000000000
182  10.849  -99.645  28.288 0.5000000000
137448  -1.575  -82.289  38.146 0.8000000119
620  3.596  -97.112  20.083 0.5000000000
1217  5.108  -95.523  17.423 0.5000000000
2754  2.789  -91.300  13.909 0.6999999881
123474  3.891  -96.341  18.512 0.5000000000
1203  4.969  -96.082  18.788 0.5000000000
11325  -0.003  -76.233  33.779 0.8000000119
14136  0.579  -73.049  36.502 0.8000000119
15745  1.321  -70.230  39.748 0.6000000238
27791  1.430  -57.215  27.435 0.6000000238
28820  2.183  -56.410  27.378 0.6000000238
29867  2.632  -55.488  27.628 0.6000000238
34798  7.386  -50.047  30.845 0.6000000238
33831  14.546  -51.638  26.973 0.6999999881
34851  13.766  -49.641  27.823 0.6000000238
34850  14.335  -50.392  27.848 0.6000000238
11998  -0.182  -75.510  34.192 0.8000000119
34860  14.291  -50.923  27.302 0.6000000238
120263  -1.560  -83.920  37.813 0.8999999762
13500  -1.005  -73.679  30.644 0.8999999762
13486  -1.112  -73.502  31.250 0.8999999762
16637  -0.519  -69.614  37.488 0.6999999881
31842  2.144  -54.230  29.586 0.6999999881
30818  6.241  -54.243  32.718 0.8000000119
15770  -0.603  -70.406  36.175 0.8000000119
142564  -0.493  -68.609  39.318 0.6999999881
33820  15.065  -52.010  27.352 0.6999999881
4105  2.417  -88.756  14.712 0.6999999881
1414  10.150  -94.361  28.079 0.5000000000
1099  11.506  -94.792  27.384 0.5000000000
14960  -0.149  -71.652  34.469 0.8000000119
33821  14.736  -51.214  27.839 0.6999999881
908  3.919  -96.643  19.310 0.5000000000
33770  8.533  -50.720  32.140 0.6000000238
140215  9.905  -98.967  27.941 0.5000000000
813  10.051  -95.907  27.138 0.5000000000
388  3.063  -97.880  21.702 0.5000000000
3180  4.442  -90.359  14.042 0.6000000238
10626  -0.203  -77.149  32.324 0.8000000119
127646  -1.679  -78.021  29.887 0.8999999762
10691  -1.977  -77.502  29.062 0.8999999762
11363  -0.979  -76.446  31.879 0.8000000119
10648  -1.713  -77.263  30.311 0.8000000119
139800  -0.417  -75.103  32.557 0.8000000119
133671  -1.569  -74.685  31.081 0.8000000119
12765  -0.280  -74.187  32.297 0.8000000119
13476  -0.028  -73.479  32.647 0.8000000119
14919  1.250  -71.717  37.213 0.6999999881
14135  1.218  -72.627  35.929 0.8000000119
139179  1.337  -72.831  35.129 0.8000000119
14941  0.251  -71.593  35.120 0.8000000119
17500  0.246  -68.784  39.858 0.6000000238
15753  0.406  -70.270  37.947 0.6999999881
14928  -0.552  -70.849  35.520 0.8000000119
31898  3.714  -53.881  27.503 0.6000000238
31819  6.274  -53.161  32.721 0.8000000119
32767  5.630  -52.745  32.278 0.6999999881
34840  14.142  -50.053  28.452 0.6000000238
34841  13.637  -49.165  28.321 0.6000000238
128248  14.384  -52.042  26.158 0.5000000000
120645  -1.618  -81.448  38.564 0.6999999881
7895  -1.042  -81.680  36.373 0.6999999881
137492  -1.230  -82.248  37.223 0.6999999881
9202  -1.188  -79.084  36.548 0.6000000238
123150  -1.253  -79.722  36.862 0.6000000238
8528  -1.446  -80.353  37.723 0.6000000238
126172  -1.026  -80.648  35.749 0.6999999881
7881  -1.257  -81.441  37.449 0.6999999881
7898  -1.013  -81.496  35.238 0.6999999881
9883  -0.900  -78.834  36.298 0.6000000238
124632  -1.083  -79.768  36.123 0.6000000238
8552  -0.987  -79.866  35.257 0.6999999881
126420  -1.076  -80.652  34.927 0.6999999881
143901  1.879  -79.265  34.892 0.6999999881
9217  1.386  -79.167  35.508 0.5000000000
9901  -0.437  -78.961  35.767 0.6000000238
8567  1.104  -79.830  32.571 0.8000000119
9241  0.292  -79.828  33.237 0.6999999881
9220  -0.777  -79.356  35.479 0.6000000238
9231  -0.863  -79.803  34.576 0.6000000238
8557  -1.124  -80.303  34.300 0.6999999881
9914  2.787  -78.290  34.774 0.6000000238
9899  2.305  -78.885  35.370 0.5000000000
9929  2.130  -78.849  33.209 0.6999999881
9239  2.156  -79.157  33.635 0.6999999881
9252  1.755  -79.293  32.725 0.6999999881
9240  1.489  -79.595  33.365 0.6999999881
9219  -0.284  -79.413  34.884 0.6000000238
9266  1.187  -79.487  31.573 0.8000000119
9230  -0.602  -79.738  33.925 0.6999999881
8583  -0.102  -80.465  31.799 0.8000000119
8556  -1.145  -80.121  33.695 0.6999999881
131989  -1.389  -80.461  32.943 0.8000000119
10589  2.612  -78.071  34.341 0.6000000238
10624  1.834  -78.390  32.924 0.6999999881
10645  1.307  -78.526  32.042 0.6999999881
10590  2.107  -77.753  33.891 0.5000000000
10610  1.519  -77.755  33.299 0.6999999881
128654  1.998  -76.723  35.086 0.5000000000
11323  1.188  -77.305  33.840 0.6999999881
11290  0.737  -76.432  34.895 0.6000000238
11307  0.531  -76.718  34.192 0.6999999881
11991  -0.106  -75.786  35.353 0.6000000238
11992  -0.548  -75.361  35.048 0.6999999881
132582  2.254  -57.166  27.006 0.5000000000
29877  3.030  -55.902  26.854 0.5000000000
130344  3.263  -55.057  26.911 0.5000000000
128800  17.176  -52.793  24.449 0.5000000000
135027  -0.918  -74.920  36.075 0.6999999881
90  10.545  -99.777  29.142 0.4000000060
8569  -0.889  -80.007  33.129 0.6999999881
9267  0.711  -79.919  30.897 0.8000000119
9930  1.747  -78.937  32.418 0.6999999881
11324  0.415  -77.055  33.322 0.6999999881
13455  -0.775  -74.401  35.827 0.6999999881
13436  -0.772  -73.803  36.625 0.5000000000
8542  -1.112  -80.594  36.704 0.6999999881
9229  0.629  -79.681  34.076 0.6999999881
11981  -0.193  -75.512  36.093 0.6000000238
137357  -1.849  -83.229  38.853 0.6000000238
133829  10.248  -50.425  26.690 0.3000000119
121218  10.347  -49.290  27.079 0.3000000119
34852  10.691  -50.148  27.634 0.4000000060
34842  10.649  -49.748  28.379 0.4000000060
30839  8.851  -53.921  30.276 0.3000000119
137291  9.641  -54.182  30.337 0.3000000119
183  10.148  -99.331  28.535 0.5000000000
184  9.486  -98.998  28.566 0.5000000000
193  10.746  -99.019  27.020 0.4000000060
296  4.745  -97.803  32.413 0.6999999881
302  7.413  -98.631  31.702 0.6000000238
303  6.848  -98.389  30.957 0.6000000238
305  5.161  -97.985  31.942 0.6999999881
317  6.846  -98.161  29.784 0.5000000000
326  9.457  -98.467  27.820 0.5000000000
327  9.214  -98.084  27.340 0.5000000000
335  9.788  -98.290  27.217 0.5000000000
338  3.577  -98.227  26.091 0.6000000238
346  5.825  -98.123  25.770 0.5000000000
347  3.279  -98.380  25.352 0.6999999881
348  2.484  -98.336  25.416 0.6999999881
349  1.797  -98.156  25.484 0.6999999881
379  2.990  -98.194  22.372 0.5000000000
380  2.192  -98.169  22.396 0.6999999881
391  1.506  -97.731  22.147 0.6000000238
399  2.457  -97.714  21.178 0.6000000238
400  1.846  -97.177  21.046 0.6999999881
452  -0.530  -96.590  36.135 0.8999999762
485  -0.634  -97.148  32.905 1.0000000000
486  -1.031  -96.769  33.385 1.0000000000
499  -0.542  -97.070  32.078 1.0000000000
512  1.663  -97.220  31.618 0.8999999762
513  1.043  -97.291  31.265 1.0000000000
522  5.660  -97.440  30.693 0.6999999881
524  0.254  -97.007  30.863 1.0000000000
537  7.656  -97.867  28.558 0.5000000000
555  5.598  -97.623  26.378 0.6999999881
557  3.858  -97.586  26.597 0.6000000238
559  2.139  -97.431  26.271 0.8000000119
565  6.552  -97.914  25.505 0.5000000000
566  2.203  -98.097  26.042 0.6999999881
568  0.876  -97.199  25.238 0.8999999762
575  1.098  -98.024  25.017 0.8000000119
586  0.676  -97.487  23.284 0.6999999881
587  -0.011  -97.013  22.975 0.8999999762
600  0.738  -97.189  22.403 0.6999999881
611  0.719  -96.391  21.732 0.8000000119
631  2.942  -97.140  19.872 0.5000000000
637  3.359  -96.864  19.456 0.5000000000
638  2.678  -96.507  19.205 0.6000000238
639  2.053  -96.247  19.270 0.6999999881
640  1.819  -95.841  19.137 0.6999999881
673  1.344  -95.977  40.006 0.6000000238
680  1.649  -96.333  39.108 0.6000000238
689  1.089  -96.510  38.426 0.6000000238
690  0.185  -96.326  38.427 0.6999999881
731  -0.884  -96.144  34.966 1.0000000000
767  -0.225  -96.609  31.360 1.0000000000
780  1.818  -96.211  30.934 0.8999999762
782  0.736  -96.262  30.525 1.0000000000
783  0.338  -96.043  30.947 1.0000000000
794  1.070  -95.981  29.806 0.8999999762
795  0.436  -95.645  30.149 0.8999999762
815  8.675  -97.155  27.599 0.5000000000
824  9.631  -97.412  26.784 0.4000000060
838  7.599  -96.716  25.726 0.6000000238
840  0.469  -96.400  24.923 0.8999999762
871  0.527  -95.649  21.775 0.8000000119
879  3.354  -97.286  21.751 0.5000000000
893  1.294  -96.065  20.314 0.8000000119
907  4.367  -96.320  19.359 0.5000000000
909  1.203  -95.578  19.967 0.8999999762
910  0.862  -95.206  20.253 0.8999999762
924  4.989  -96.069  18.193 0.5000000000
925  4.392  -96.219  18.651 0.5000000000
926  3.359  -96.424  18.849 0.6000000238
928  2.217  -95.908  18.709 0.6999999881
932  4.392  -96.080  17.840 0.5000000000
934  2.551  -95.741  17.957 0.6999999881
935  2.039  -95.441  18.258 0.6999999881
936  1.726  -94.951  18.081 0.8999999762
937  3.813  -95.709  17.318 0.5000000000
938  3.126  -95.555  17.304 0.5000000000
940  2.110  -95.112  17.712 0.6999999881
1011  -1.032  -95.223  36.537 1.0000000000
1047  -0.559  -94.758  32.279 1.0000000000
1080  1.385  -95.566  29.861 0.8999999762
1081  0.752  -95.535  29.119 0.8999999762
1093  -0.588  -95.171  28.403 1.0000000000
1101  8.800  -96.245  27.655 0.5000000000
1102  5.362  -95.335  27.221 0.8000000119
1104  3.613  -95.126  27.277 0.8000000119
1105  2.818  -94.835  27.066 0.8999999762
1113  7.404  -95.237  26.361 0.6999999881
1124  7.368  -96.069  26.226 0.6999999881
1125  0.691  -95.498  25.180 0.8999999762
1134  0.054  -94.941  23.529 0.8999999762
1147  0.052  -95.285  23.059 0.8999999762
1170  0.492  -95.059  21.698 0.8999999762
1171  0.505  -94.635  21.171 0.8999999762
1186  5.178  -95.513  18.991 0.5000000000
1187  4.809  -95.914  19.424 0.5000000000
1188  0.809  -94.763  20.019 0.8999999762
1205  1.257  -94.599  19.193 0.8999999762
1216  5.722  -95.017  16.810 0.5000000000
1218  4.434  -95.514  16.948 0.5000000000
1219  1.537  -94.637  18.161 0.8999999762
1220  1.346  -94.187  18.274 0.8999999762
1223  2.831  -95.221  16.644 0.8000000119
1224  2.210  -94.976  16.922 0.8000000119
1226  1.533  -94.429  17.362 0.8999999762
1228  3.155  -95.137  15.794 0.8000000119
1230  1.888  -94.655  16.524 0.8000000119
1298  1.117  -95.040  41.279 0.6000000238
1299  0.362  -94.746  41.170 0.6000000238
1300  -0.355  -94.242  40.957 0.6999999881
1334  -0.960  -94.457  36.322 1.0000000000
1350  -0.806  -94.448  35.484 1.0000000000
1360  -0.636  -94.325  34.727 1.0000000000
1399  0.746  -95.295  28.628 0.8999999762
1400  -1.117  -94.667  28.924 1.0000000000
1402  10.560  -93.303  28.229 0.5000000000
1405  7.515  -94.321  28.904 0.6999999881
1406  1.020  -94.510  28.210 0.8999999762
1408  -1.185  -94.850  27.897 0.8999999762
1413  11.034  -94.066  27.870 0.5000000000
1420  -0.483  -95.096  27.739 0.8999999762
1431  1.549  -94.463  25.922 0.8999999762
1443  8.162  -94.759  26.098 0.8000000119
1480  0.352  -94.266  22.262 0.8999999762
1500  0.588  -94.465  20.499 0.8999999762
1501  0.483  -94.129  20.846 0.8999999762
1531  1.110  -93.761  17.340 0.8999999762
1533  1.157  -94.070  16.747 0.8999999762
1538  3.452  -94.698  15.126 0.6999999881
1540  1.697  -94.544  15.708 0.8999999762
1541  0.835  -94.131  15.857 0.8000000119
1542  3.707  -94.134  14.659 0.5000000000
1543  2.835  -94.259  14.650 0.6999999881
1544  1.912  -94.317  14.763 0.6999999881
1629  0.418  -93.717  41.390 0.6000000238
1630  -0.214  -93.673  41.130 0.6999999881
1669  -0.894  -93.976  37.695 1.0000000000
1693  1.965  -93.100  35.342 1.0000000000
1694  1.425  -93.355  35.694 1.0000000000
1695  0.356  -93.654  36.024 1.0000000000
1722  -0.083  -93.823  33.592 1.0000000000
1729  0.079  -93.211  32.867 1.0000000000
1747  4.428  -92.929  30.451 0.8999999762
1749  2.939  -93.454  30.399 0.8999999762
1759  2.055  -92.971  29.123 0.8999999762
1764  10.773  -92.489  28.024 0.6999999881
1765  9.853  -92.712  28.490 0.6000000238
1777  4.745  -93.547  27.474 0.8999999762
1778  2.807  -92.786  27.024 0.8999999762
1780  0.377  -92.981  26.584 0.8999999762
1788  11.606  -92.793  26.287 0.5000000000
1791  8.324  -93.766  26.388 0.6999999881
1794  2.232  -92.939  26.442 0.8999999762
1798  -1.080  -93.354  26.674 0.8999999762
1809  9.012  -93.373  26.338 0.8000000119
1810  1.212  -92.888  25.788 0.8999999762
1826  0.351  -93.246  24.075 0.8999999762
1840  0.284  -93.696  23.169 0.8999999762
1853  0.324  -93.244  22.103 0.8999999762
1868  0.410  -93.492  21.472 0.8999999762
1881  0.439  -93.811  21.172 0.8999999762
1896  0.496  -93.672  20.660 0.8999999762
1908  1.100  -93.485  18.128 0.8999999762
1921  0.583  -93.361  16.326 0.8000000119
1926  0.298  -93.498  15.660 0.8000000119
1928  4.493  -93.798  14.763 0.5000000000
1930  3.126  -93.611  14.431 0.6999999881
1931  1.196  -93.742  14.329 0.8000000119
1932  0.471  -93.783  14.967 0.6999999881
2021  0.150  -92.476  40.853 0.6000000238
2100  2.057  -92.706  33.936 1.0000000000
2111  0.455  -92.440  32.694 1.0000000000
2123  -0.282  -92.270  31.450 1.0000000000
2136  5.088  -92.018  29.683 0.8999999762
2138  3.957  -92.380  30.116 0.8999999762
2139  3.222  -92.599  29.991 0.8999999762
2148  6.718  -92.079  29.396 0.8999999762
2152  1.990  -92.160  28.600 0.8999999762
2159  9.257  -92.095  28.506 0.6999999881
2160  2.367  -91.668  28.392 0.8999999762
2170  8.698  -91.741  27.762 0.8000000119
2173  5.737  -92.064  27.956 0.8999999762
2175  3.764  -91.999  27.732 0.8999999762
2176  2.756  -91.931  27.287 0.8999999762
2183  10.793  -92.321  27.154 0.6999999881
2184  9.980  -92.126  27.288 0.8000000119
2185  9.097  -92.140  27.248 0.8000000119
2190  0.869  -92.400  26.175 0.8999999762
2254  0.400  -92.921  21.557 0.8999999762
2267  0.490  -92.828  20.697 0.8999999762
2298  1.483  -92.205  17.851 0.8999999762
2299  1.087  -92.936  18.285 0.8999999762
2300  0.858  -93.518  19.220 0.8999999762
2316  -0.020  -92.729  15.547 0.8000000119
2320  4.402  -92.897  14.678 0.6000000238
2321  3.538  -92.827  14.457 0.6000000238
2322  1.701  -93.059  13.904 0.6999999881
2323  0.838  -92.972  13.903 0.8000000119
2324  0.165  -92.661  14.294 0.8000000119
2326  4.119  -92.045  14.399 0.6999999881
2329  1.346  -91.682  13.781 0.6999999881
2427  0.038  -91.474  39.853 0.6999999881
2446  -0.268  -92.000  39.145 1.0000000000
2479  1.304  -91.751  36.000 1.0000000000
2517  3.023  -91.083  33.253 1.0000000000
2539  4.340  -91.870  29.638 0.8999999762
2550  8.026  -91.654  28.760 0.8999999762
2551  5.605  -91.746  29.327 0.8999999762
2554  3.099  -91.564  28.808 0.8999999762
2555  -0.199  -91.110  30.140 1.0000000000
2566  8.709  -91.748  28.485 0.6999999881
2568  6.744  -91.512  28.878 0.8999999762
2571  3.501  -91.516  28.400 0.8999999762
2586  8.129  -91.563  28.205 0.8000000119
2592  2.441  -91.616  27.593 0.8999999762
2593  1.714  -91.709  27.171 0.8999999762
2594  1.472  -91.937  26.637 0.8999999762
2615  -0.898  -91.629  25.778 0.8999999762
2659  0.347  -92.125  22.691 0.8999999762
2672  0.396  -92.394  21.809 0.8999999762
2685  1.357  -91.461  19.648 0.8999999762
2686  0.649  -91.618  20.469 0.8999999762
2704  2.381  -90.978  18.424 0.8999999762
2705  1.938  -91.424  18.872 0.8999999762
2706  0.561  -92.467  20.266 0.8999999762
2720  2.288  -91.049  17.818 0.8999999762
2729  1.867  -91.537  17.732 0.8999999762
2730  1.301  -91.770  17.380 0.8999999762
2731  0.824  -91.634  16.682 0.8999999762
2749  0.103  -91.757  14.334 0.8000000119
2753  3.791  -91.274  14.074 0.6999999881
2897  2.357  -91.162  34.913 1.0000000000
2900  -0.322  -90.057  35.893 1.0000000000
2942  3.399  -90.503  33.186 1.0000000000
2984  2.938  -91.460  27.953 0.8999999762
3041  0.009  -91.202  24.608 0.8999999762
3059  0.411  -91.050  22.943 0.8999999762
3074  0.644  -90.710  22.237 0.8999999762
3075  0.459  -91.253  22.479 0.8999999762
3076  0.377  -91.602  22.820 0.8999999762
3087  0.670  -90.844  21.555 0.8999999762
3088  0.462  -92.031  21.440 0.8999999762
3105  0.526  -91.526  21.188 0.8999999762
3117  2.750  -90.255  18.769 0.8999999762
3141  2.329  -90.400  17.705 0.8999999762
3143  0.888  -90.905  16.936 0.8999999762
3145  0.248  -89.575  16.981 0.8999999762
3156  0.327  -90.356  16.339 0.8999999762
3157  0.303  -89.768  16.559 0.8999999762
3175  0.189  -90.778  14.410 0.8000000119
3181  3.307  -90.475  13.972 0.6999999881
3182  2.280  -90.404  13.875 0.8000000119
3183  1.482  -89.788  13.919 0.8000000119
3184  0.724  -90.202  13.978 0.8000000119
3302  0.472  -89.833  39.976 0.6000000238
3386  3.806  -89.793  33.077 1.0000000000
3484  0.146  -91.048  23.989 0.8999999762
3499  0.296  -91.354  23.428 0.8999999762
3514  1.068  -89.961  22.687 0.8999999762
3531  1.621  -89.699  21.518 0.8999999762
3545  2.882  -89.363  20.054 0.8999999762
3558  3.155  -89.423  19.063 0.8999999762
3570  3.135  -89.017  18.316 0.8999999762
3580  2.639  -89.601  17.860 0.8999999762
3583  0.099  -89.302  17.376 0.8999999762
3584  -0.163  -88.934  17.497 0.8999999762
3603  0.430  -89.140  15.934 0.8000000119
3615  0.602  -89.524  15.269 0.8000000119
3620  2.304  -89.555  14.498 0.6999999881
3622  1.073  -89.363  14.434 0.8000000119
3832  4.338  -88.553  33.544 1.0000000000
3980  2.265  -88.549  22.819 0.8999999762
3981  1.676  -89.196  22.776 0.8999999762
4009  3.536  -87.985  19.732 1.0000000000
4010  3.184  -88.617  20.421 0.8999999762
4028  -0.567  -87.991  18.795 0.8999999762
4042  3.189  -88.152  18.329 0.8999999762
4045  -0.474  -88.458  18.442 0.8999999762
4046  -0.595  -88.312  18.371 0.8999999762
4058  2.779  -88.672  17.958 0.8999999762
4059  1.855  -89.044  17.645 0.8999999762
4083  0.254  -88.878  16.728 0.8999999762
4104  3.072  -88.884  14.157 0.6000000238
4106  2.007  -88.706  15.075 0.8000000119
4108  1.253  -88.396  15.405 0.8000000119
4113  2.634  -88.047  14.971 0.6000000238
4354  0.336  -87.965  33.936 1.0000000000
4437  1.947  -87.722  26.100 1.0000000000
4450  2.588  -87.416  25.589 1.0000000000
4494  3.186  -87.788  21.797 1.0000000000
4508  3.646  -87.155  20.077 1.0000000000
4509  0.154  -87.039  19.601 1.0000000000
4527  0.296  -87.533  19.295 1.0000000000
4528  -0.283  -87.413  19.188 0.8999999762
4542  2.505  -87.628  18.263 1.0000000000
4543  1.658  -87.855  18.395 1.0000000000
4544  0.610  -88.114  18.880 1.0000000000
4545  -0.390  -87.431  18.887 0.8999999762
4563  2.273  -88.371  17.869 1.0000000000
4564  -0.579  -88.420  17.881 0.8999999762
4578  0.109  -87.709  17.175 0.8000000119
4579  -0.228  -88.218  17.476 0.8999999762
4610  0.676  -87.419  16.054 0.8000000119
4618  1.679  -87.732  15.462 0.8000000119
4625  2.769  -87.292  14.980 0.6000000238
4626  2.550  -86.886  15.122 0.6999999881
4851  -1.707  -86.080  40.224 0.8000000119
4862  -1.791  -85.837  39.714 0.8000000119
4899  4.425  -86.745  34.063 1.0000000000
4994  3.702  -86.692  24.706 1.0000000000
5041  3.947  -86.482  21.835 1.0000000000
5057  3.907  -85.702  20.756 1.0000000000
5061  -0.120  -86.756  19.592 0.8999999762
5089  3.140  -86.903  18.831 1.0000000000
5090  2.638  -86.994  18.680 1.0000000000
5092  -0.248  -86.910  19.008 0.8999999762
5143  2.094  -86.906  15.394 0.6999999881
5150  2.857  -86.325  14.647 0.6000000238
5151  2.352  -86.015  15.047 0.6000000238
5466  1.566  -85.096  32.725 1.0000000000
5588  0.702  -85.364  21.205 1.0000000000
5589  0.052  -85.404  21.026 1.0000000000
5602  3.583  -85.283  20.479 1.0000000000
5604  1.337  -85.709  20.569 1.0000000000
5607  -0.039  -86.210  19.894 1.0000000000
5624  2.742  -85.725  19.822 1.0000000000
5625  2.064  -85.987  19.823 1.0000000000
5626  -0.112  -85.748  19.842 0.8999999762
5642  0.023  -85.713  19.128 0.8999999762
5657  0.494  -86.016  17.373 0.8999999762
5658  0.148  -86.522  18.115 0.8999999762
5677  0.901  -85.089  16.010 0.8000000119
5695  2.559  -85.336  14.579 0.6000000238
6014  3.973  -84.702  34.280 1.0000000000
6023  4.792  -84.553  34.062 1.0000000000
6026  2.764  -84.819  33.188 1.0000000000
6064  6.279  -83.863  29.461 1.0000000000
6153  4.339  -84.502  21.395 1.0000000000
6171  3.945  -84.555  20.923 1.0000000000
6172  3.328  -84.628  20.661 1.0000000000
6175  -0.239  -85.236  20.257 1.0000000000
6215  0.896  -84.507  16.863 0.8000000119
6229  0.874  -84.330  15.500 0.6999999881
6233  1.176  -84.514  15.123 0.6999999881
6241  1.302  -84.312  14.864 0.6999999881
6602  4.673  -83.203  34.339 1.0000000000
6604  3.651  -83.341  34.140 1.0000000000
6612  5.954  -82.600  33.584 1.0000000000
6617  -1.198  -82.909  33.765 1.0000000000
6658  -0.232  -83.658  30.211 1.0000000000
6667  6.968  -82.803  29.906 1.0000000000
6669  0.477  -83.403  29.494 1.0000000000
6671  -0.890  -83.338  29.047 1.0000000000
6682  -0.534  -83.174  28.375 1.0000000000
6684  -0.959  -83.042  28.595 1.0000000000
6700  6.106  -82.864  27.186 1.0000000000
6701  5.779  -83.483  26.859 1.0000000000
6710  5.268  -84.047  24.798 1.0000000000
6739  5.053  -83.650  23.232 1.0000000000
6756  0.574  -83.709  22.641 1.0000000000
6777  3.799  -83.380  21.574 1.0000000000
6779  1.289  -84.123  22.176 1.0000000000
6780  -0.317  -84.207  21.858 1.0000000000
6792  4.156  -83.919  21.361 1.0000000000
6794  2.956  -84.177  20.947 1.0000000000
6807  -0.362  -84.549  20.171 0.8999999762
6816  0.583  -83.496  18.887 0.8999999762
6831  0.346  -83.199  15.670 0.6999999881
6837  -0.107  -82.903  14.695 0.6999999881
6844  -0.645  -82.828  14.201 0.6999999881
6851  -0.756  -82.542  13.929 0.6000000238
6858  1.157  -83.571  14.349 0.6999999881
7238  5.003  -82.405  34.238 1.0000000000
7239  4.410  -82.686  34.376 1.0000000000
7252  3.680  -82.600  33.921 1.0000000000
7279  3.179  -82.328  31.549 1.0000000000
7291  8.055  -81.782  30.764 1.0000000000
7296  -1.397  -83.175  30.673 1.0000000000
7310  -1.182  -83.083  29.208 1.0000000000
7315  6.876  -81.992  28.049 1.0000000000
7318  -0.569  -82.745  27.770 1.0000000000
7319  -0.818  -82.693  28.025 1.0000000000
7327  0.424  -82.386  27.085 1.0000000000
7337  5.825  -82.618  25.930 1.0000000000
7371  5.484  -82.326  23.598 1.0000000000
7372  0.198  -82.378  23.254 1.0000000000
7385  2.082  -82.869  23.023 1.0000000000
7387  -0.106  -83.066  22.757 1.0000000000
7388  -0.831  -82.978  22.123 1.0000000000
7404  3.384  -82.935  21.986 1.0000000000
7406  -0.789  -83.367  21.321 1.0000000000
7419  0.030  -82.703  20.049 1.0000000000
7434  0.964  -82.091  19.010 0.8999999762
7490  -0.137  -82.577  15.112 0.6999999881
7491  -0.312  -82.308  15.100 0.6999999881
7504  -0.858  -82.277  14.392 0.6000000238
7902  4.173  -82.270  34.193 1.0000000000
7908  7.657  -80.749  33.262 1.0000000000
7910  6.311  -81.306  33.785 1.0000000000
7912  4.586  -81.724  33.895 1.0000000000
7913  3.965  -81.985  33.735 1.0000000000
7926  8.232  -80.688  32.934 1.0000000000
7938  9.454  -80.485  31.672 1.0000000000
7952  8.648  -81.254  30.507 1.0000000000
7965  9.191  -80.725  30.216 1.0000000000
7970  2.866  -81.866  28.541 1.0000000000
7971  -1.020  -82.008  28.388 1.0000000000
7981  7.512  -81.417  28.527 1.0000000000
7983  3.471  -81.128  28.174 1.0000000000
7985  -0.926  -82.214  27.881 1.0000000000
7994  7.781  -80.825  28.171 1.0000000000
7997  1.960  -81.307  27.123 1.0000000000
7998  0.874  -81.695  26.865 1.0000000000
8045  -0.497  -81.552  23.245 1.0000000000
8064  4.740  -81.697  22.775 1.0000000000
8068  1.410  -82.304  23.413 1.0000000000
8070  -0.889  -81.796  22.133 1.0000000000
8108  -0.503  -82.493  20.774 1.0000000000
8137  0.769  -81.634  18.253 0.8999999762
8152  -0.373  -81.250  16.904 0.6999999881
8153  -0.578  -81.010  16.815 0.6999999881
8193  -0.704  -81.784  14.451 0.6000000238
8564  7.379  -80.667  33.310 1.0000000000
8565  6.745  -80.769  33.516 1.0000000000
8566  5.998  -80.952  33.752 1.0000000000
8568  0.081  -80.157  32.444 0.8000000119
8582  0.782  -80.092  31.732 0.8000000119
8594  10.270  -79.816  30.938 1.0000000000
8596  7.108  -80.059  31.581 1.0000000000
8625  9.759  -80.246  29.969 1.0000000000
8644  4.161  -80.401  28.253 1.0000000000
8645  2.863  -80.873  27.431 1.0000000000
8646  -0.833  -81.451  27.585 1.0000000000
8656  8.229  -80.284  28.122 1.0000000000
8661  0.161  -81.069  26.859 1.0000000000
8686  6.459  -80.217  25.594 1.0000000000
8717  4.475  -80.369  23.185 1.0000000000
8721  -0.687  -80.553  23.335 1.0000000000
8741  4.345  -81.158  22.876 1.0000000000
8742  3.799  -81.370  22.787 1.0000000000
8757  1.115  -80.019  20.864 0.8999999762
8802  1.145  -79.934  19.059 0.8999999762
8803  0.487  -80.217  18.348 0.8999999762
8817  0.254  -80.826  17.850 0.8999999762
8830  -0.652  -80.683  16.704 0.5000000000
8843  -0.377  -80.756  15.657 0.5000000000
9218  1.048  -79.507  34.860 0.5000000000
9227  2.399  -78.892  34.543 0.6999999881
9228  1.797  -79.464  34.202 0.6999999881
9249  8.712  -79.765  32.332 1.0000000000
9251  7.769  -79.624  31.580 1.0000000000
9263  8.878  -78.848  31.379 1.0000000000
9281  0.273  -79.695  30.177 0.8999999762
9290  10.099  -79.636  29.853 1.0000000000
9309  9.309  -79.409  28.664 1.0000000000
9311  4.476  -79.928  28.362 1.0000000000
9313  2.578  -79.354  27.539 1.0000000000
9327  -0.700  -80.486  27.453 1.0000000000
9354  6.903  -78.991  25.214 1.0000000000
9374  -0.760  -78.875  23.743 1.0000000000
9391  5.380  -79.554  23.629 1.0000000000
9395  -0.741  -79.684  23.474 1.0000000000
9397  -0.809  -78.596  23.015 1.0000000000
9424  -0.835  -79.954  21.881 1.0000000000
9433  1.507  -79.464  20.376 0.8999999762
9898  2.789  -78.496  35.204 0.5000000000
9900  0.378  -79.182  35.447 0.5000000000
9923  2.410  -78.610  34.032 0.6999999881
9941  9.984  -78.532  31.131 1.0000000000
9944  1.359  -79.029  31.685 0.8999999762
9953  6.927  -78.340  30.109 1.0000000000
9958  -1.314  -78.556  29.427 0.8999999762
9974  10.338  -78.868  29.786 1.0000000000
9998  -1.425  -78.600  27.943 0.8999999762
10002  8.938  -78.209  27.627 1.0000000000
10010  8.504  -77.974  26.868 1.0000000000
10027  7.171  -78.343  25.183 1.0000000000
10043  7.019  -77.693  24.888 1.0000000000
10046  3.451  -77.885  24.440 1.0000000000
10049  -0.844  -78.125  23.999 1.0000000000
10050  -0.785  -77.852  23.743 1.0000000000
10066  3.826  -79.000  23.811 1.0000000000
10068  -0.768  -78.453  23.442 1.0000000000
10090  1.542  -78.281  21.164 0.8999999762
10131  -0.674  -78.797  18.419 0.8999999762
10603  9.658  -76.990  32.613 1.0000000000
10609  2.247  -78.327  33.626 0.6000000238
10619  9.259  -77.489  31.762 1.0000000000
10625  0.914  -77.787  32.586 0.6999999881
10637  10.300  -77.377  31.042 1.0000000000
10662  10.524  -77.532  30.421 1.0000000000
10664  5.533  -78.196  30.438 1.0000000000
10670  -1.963  -77.424  29.620 0.8999999762
10671  -1.886  -77.033  29.418 0.8999999762
10687  10.510  -77.842  29.732 1.0000000000
10688  2.215  -77.128  28.998 1.0000000000
10702  -1.141  -77.451  28.158 1.0000000000
10704  -1.825  -77.394  28.809 0.8999999762
10705  -1.783  -77.011  29.050 0.8999999762
10740  6.533  -77.089  24.756 1.0000000000
10741  5.696  -77.319  24.344 1.0000000000
10746  -1.016  -77.316  24.305 1.0000000000
10757  -0.872  -77.418  23.425 1.0000000000
10773  0.848  -77.352  22.431 0.8999999762
10775  -0.825  -77.941  23.173 1.0000000000
10800  1.396  -77.722  20.504 0.8999999762
11287  8.234  -76.092  35.169 1.0000000000
11291  -0.044  -76.009  34.638 0.6000000238
11302  8.970  -76.582  34.155 1.0000000000
11303  7.813  -76.884  34.846 1.0000000000
11305  5.817  -76.209  34.374 1.0000000000
11306  1.551  -77.104  34.429 0.5000000000
11379  10.654  -76.270  31.151 1.0000000000
11383  -1.918  -76.562  29.990 0.8000000119
11395  1.477  -76.000  29.306 1.0000000000
11397  -1.568  -76.259  29.236 0.8999999762
11400  10.228  -76.502  28.839 1.0000000000
11403  -1.719  -76.934  28.944 0.8999999762
11406  7.402  -76.004  26.900 1.0000000000
11408  5.647  -75.425  26.536 1.0000000000
11412  4.037  -75.834  25.829 1.0000000000
11423  6.443  -76.374  25.343 1.0000000000
11428  0.494  -76.710  25.649 1.0000000000
11431  -1.822  -75.842  25.200 1.0000000000
11451  4.245  -76.803  24.798 1.0000000000
11472  -1.051  -76.804  23.847 1.0000000000
11504  1.165  -76.421  21.667 0.8999999762
11536  -1.262  -76.820  19.475 0.8000000119
11537  -1.771  -76.529  19.315 0.6000000238
11982  -0.747  -75.295  35.606 0.6000000238
11985  8.780  -75.277  35.296 1.0000000000
11987  6.979  -75.247  35.335 1.0000000000
12000  10.204  -75.514  32.649 1.0000000000
12031  8.953  -75.295  30.139 1.0000000000
12033  -1.645  -74.918  30.116 0.8999999762
12036  10.201  -75.932  29.157 1.0000000000
12041  -1.388  -75.446  29.515 0.8999999762
12046  9.091  -75.762  28.598 1.0000000000
12047  7.701  -75.424  28.482 1.0000000000
12068  4.593  -75.010  27.039 1.0000000000
12087  -1.196  -75.419  26.370 1.0000000000
12119  -1.769  -75.623  24.771 1.0000000000
12133  -1.482  -76.120  24.305 1.0000000000
12145  0.592  -75.177  22.806 0.8999999762
12215  -2.104  -75.906  18.890 0.5000000000
12740  8.501  -74.461  35.552 1.0000000000
12743  -0.818  -74.942  35.424 0.8000000119
12749  5.439  -74.746  34.499 1.0000000000
12756  3.919  -73.993  32.929 1.0000000000
12760  10.040  -74.225  33.011 1.0000000000
12769  2.597  -74.048  31.116 1.0000000000
12771  -1.062  -74.066  31.439 0.8000000119
12777  8.315  -74.697  30.595 1.0000000000
12827  3.310  -74.348  27.782 1.0000000000
12845  -0.567  -74.416  24.438 0.8999999762
12852  0.160  -74.312  23.909 0.8999999762
12866  -0.585  -74.171  22.041 0.8999999762
13453  6.491  -73.817  35.426 1.0000000000
13466  9.981  -73.413  33.123 1.0000000000
13468  3.598  -73.496  32.734 1.0000000000
13474  3.194  -73.421  32.154 1.0000000000
13495  7.938  -73.991  30.871 1.0000000000
13517  4.574  -73.109  29.653 1.0000000000
13530  2.278  -73.480  28.028 1.0000000000
13535  -1.999  -73.438  26.661 1.0000000000
13540  -1.293  -74.114  27.061 1.0000000000
13541  -1.954  -74.007  26.687 1.0000000000
13542  -2.030  -73.715  26.295 1.0000000000
13554  -1.951  -74.172  25.365 1.0000000000
13570  -1.559  -73.139  22.129 0.6999999881
14125  1.160  -72.007  37.680 0.8000000119
14131  0.266  -72.683  37.385 0.8000000119
14137  -0.702  -73.356  37.246 0.5000000000
14153  5.783  -73.008  35.712 1.0000000000
14154  0.953  -72.529  34.645 0.8000000119
14171  -0.106  -72.053  33.966 0.8000000119
14179  3.739  -72.965  33.319 1.0000000000
14180  -0.156  -72.404  33.338 0.8000000119
14182  -0.593  -71.339  33.599 1.0000000000
14209  1.494  -72.371  31.431 1.0000000000
14210  0.484  -72.550  30.994 1.0000000000
14211  -0.458  -72.573  31.276 1.0000000000
14226  -0.981  -73.195  31.046 1.0000000000
14236  4.264  -72.254  29.786 1.0000000000
14243  2.361  -72.656  28.360 1.0000000000
14247  -0.243  -72.789  27.876 1.0000000000
14249  -1.981  -72.837  26.873 1.0000000000
14258  -1.893  -72.635  26.489 1.0000000000
14272  -1.787  -72.851  25.922 1.0000000000
14346  -2.313  -72.567  21.756 0.6000000238
14914  1.242  -71.423  37.812 0.6999999881
14927  0.418  -71.341  36.065 0.8000000119
14939  4.282  -72.120  35.785 1.0000000000
14940  1.119  -72.241  35.532 0.8000000119
14943  -0.698  -70.727  34.465 1.0000000000
14962  -0.755  -70.921  34.061 1.0000000000
14980  2.068  -71.412  32.372 1.0000000000
14993  -0.390  -72.036  31.869 1.0000000000
14994  -0.575  -72.004  32.250 1.0000000000
15015  1.040  -71.323  28.332 1.0000000000
15016  0.023  -71.450  28.401 1.0000000000
15017  -1.139  -71.348  28.305 1.0000000000
15060  -1.781  -72.236  26.372 1.0000000000
15123  -1.989  -70.977  22.190 0.6999999881
15756  7.805  -70.315  38.026 1.0000000000
15760  -0.333  -70.272  37.073 0.8000000119
15761  -0.700  -69.929  36.760 0.6999999881
15778  -0.678  -70.367  35.434 0.8000000119
15800  7.996  -70.061  33.016 1.0000000000
15804  -0.262  -70.492  33.367 1.0000000000
15813  -0.208  -70.839  32.841 1.0000000000
15837  3.692  -70.864  29.236 1.0000000000
15853  -0.240  -70.854  28.703 1.0000000000
16604  6.582  -69.187  39.628 1.0000000000
16605  5.317  -69.424  40.000 1.0000000000
16619  7.141  -69.347  39.028 1.0000000000
16621  5.564  -70.108  39.197 1.0000000000
16623  3.891  -69.726  38.643 1.0000000000
16625  -0.518  -69.029  38.701 0.6999999881
16647  1.818  -68.960  35.859 1.0000000000
16655  3.112  -70.068  35.791 1.0000000000
16668  8.671  -69.631  34.357 1.0000000000
16671  -0.107  -69.507  34.251 1.0000000000
16676  8.470  -68.861  34.009 1.0000000000
16679  -0.245  -70.048  33.813 1.0000000000
16709  3.528  -69.292  29.121 1.0000000000
16714  -1.797  -68.792  29.417 1.0000000000
16726  2.935  -69.698  28.780 1.0000000000
16730  -2.199  -68.924  28.763 1.0000000000
16742  -2.198  -69.533  28.263 1.0000000000
16783  -0.971  -68.646  24.056 0.6000000238
17474  6.037  -68.253  40.344 1.0000000000
17477  3.998  -68.258  40.432 1.0000000000
17496  6.530  -68.341  39.861 1.0000000000
17501  -0.647  -67.831  39.565 0.8000000119
17517  -0.540  -68.601  39.057 0.8000000119
17529  -0.559  -68.733  38.246 0.8000000119
17538  0.200  -67.947  35.974 1.0000000000
17540  -0.580  -69.038  36.403 1.0000000000
17553  -0.586  -69.139  35.574 1.0000000000
17573  7.524  -67.953  33.161 1.0000000000
17575  4.249  -67.888  33.000 1.0000000000
17581  4.984  -67.784  32.196 1.0000000000
17592  3.200  -67.561  30.849 1.0000000000
17617  0.015  -68.773  29.713 1.0000000000
17634  -2.092  -68.299  28.402 1.0000000000
18444  5.059  -67.453  40.900 1.0000000000
18445  4.110  -67.541  40.768 1.0000000000
18463  3.412  -67.657  40.152 1.0000000000
18464  2.844  -67.408  39.478 1.0000000000
18465  -0.691  -67.532  39.912 0.6000000238
18512  7.240  -66.663  36.296 1.0000000000
18544  2.536  -67.059  34.870 1.0000000000
18564  2.371  -67.097  32.231 1.0000000000
18572  0.879  -66.862  30.992 1.0000000000
18573  -0.243  -66.833  30.609 1.0000000000
18574  -0.279  -66.350  30.748 1.0000000000
18582  -0.936  -67.090  29.809 1.0000000000
18605  -1.820  -67.672  28.714 1.0000000000
19375  5.842  -66.982  40.581 1.0000000000
19376  4.393  -66.650  40.955 1.0000000000
19380  -0.840  -66.183  40.431 0.6999999881
19393  6.347  -66.763  39.885 1.0000000000
19486  0.739  -66.195  33.463 1.0000000000
19491  0.461  -66.140  32.233 1.0000000000
19502  -0.539  -66.455  30.270 1.0000000000
19533  -0.892  -66.424  28.367 1.0000000000
20267  5.190  -65.432  40.687 1.0000000000
20269  3.402  -65.195  40.781 1.0000000000
20280  2.141  -65.224  39.553 1.0000000000
20313  0.929  -65.784  37.815 1.0000000000
20317  -0.697  -65.714  38.989 0.8999999762
20363  0.735  -65.330  34.730 1.0000000000
20381  -0.738  -64.525  31.605 1.0000000000
20384  -0.646  -64.569  30.969 1.0000000000
20387  -0.470  -65.029  30.148 1.0000000000
21132  4.117  -64.309  40.575 1.0000000000
21134  2.985  -64.523  40.551 1.0000000000
21142  5.453  -64.463  39.902 1.0000000000
21188  6.748  -64.856  37.095 1.0000000000
21215  1.865  -64.784  35.000 1.0000000000
21228  -0.689  -64.095  33.468 1.0000000000
21229  -0.903  -64.174  32.332 1.0000000000
21246  2.857  -64.567  31.460 1.0000000000
21264  -0.504  -64.635  29.877 1.0000000000
21276  0.382  -64.235  28.432 1.0000000000
21985  3.427  -64.114  40.526 1.0000000000
21996  1.915  -63.575  39.874 1.0000000000
22005  5.166  -63.073  38.811 1.0000000000
22007  1.373  -63.604  39.111 1.0000000000
22009  -1.093  -63.677  39.149 0.6999999881
22028  -1.149  -62.888  37.936 0.8000000119
22047  -0.066  -63.144  37.065 0.8999999762
22048  -0.708  -62.973  37.121 0.8999999762
22050  -1.294  -62.308  37.477 0.6999999881
22089  10.787  -63.103  32.959 1.0000000000
22103  11.408  -62.832  32.305 1.0000000000
22112  -0.878  -63.247  31.608 1.0000000000
22134  3.799  -63.500  30.116 1.0000000000
22185  1.156  -63.796  27.954 0.8000000119
22884  -1.629  -62.991  40.015 0.6999999881
22892  3.485  -62.152  39.224 1.0000000000
22905  6.026  -62.928  37.455 1.0000000000
22908  0.930  -61.973  37.955 0.8999999762
22930  -1.031  -62.256  36.793 0.8000000119
22931  -1.425  -62.044  37.034 0.8000000119
22932  -1.512  -61.856  37.399 0.6999999881
22987  -0.050  -62.027  33.335 1.0000000000
22988  -0.530  -61.985  33.279 1.0000000000
22989  -0.966  -62.027  32.839 1.0000000000
23005  -1.284  -62.133  32.116 1.0000000000
23022  -1.075  -62.597  31.557 1.0000000000
23047  5.578  -62.537  29.617 1.0000000000
23081  -0.003  -62.153  28.146 0.8999999762
23818  -1.699  -61.338  37.427 0.6999999881
23878  5.941  -61.180  35.086 1.0000000000
23914  14.150  -61.690  32.171 1.0000000000
24001  0.225  -61.490  27.869 0.8999999762
24743  -1.289  -60.918  39.034 0.6000000238
24774  1.966  -60.815  38.110 0.8999999762
24786  1.254  -60.072  36.846 0.8999999762
24787  0.240  -60.294  36.225 0.8999999762
24789  -1.734  -60.955  37.006 0.6999999881
24804  -0.540  -60.093  35.751 0.8000000119
24821  15.368  -60.563  34.229 1.0000000000
24828  9.331  -60.627  33.820 0.8999999762
24863  20.415  -60.471  32.105 1.0000000000
24871  -0.433  -60.170  32.731 1.0000000000
24872  -1.033  -60.816  32.314 1.0000000000
24882  21.415  -60.110  31.540 1.0000000000
24884  19.355  -61.025  32.084 1.0000000000
24896  -1.088  -60.671  31.641 1.0000000000
24923  6.113  -60.190  29.477 1.0000000000
25664  -1.032  -59.694  39.080 0.6000000238
25675  -1.239  -59.745  38.381 0.6000000238
25700  -1.406  -59.985  37.599 0.6999999881
25711  -1.525  -60.319  36.910 0.6999999881
25739  9.788  -59.593  34.181 0.8999999762
25752  4.828  -59.069  33.379 0.8999999762
25765  -0.664  -59.599  32.308 1.0000000000
25773  14.625  -59.192  31.405 1.0000000000
25781  -0.978  -59.934  31.442 1.0000000000
25784  23.493  -59.405  30.442 1.0000000000
25793  9.092  -60.036  31.221 1.0000000000
25813  4.694  -59.369  28.993 1.0000000000
25820  -0.930  -59.922  29.390 1.0000000000
25833  0.371  -59.355  27.464 0.6999999881
26614  -1.009  -57.924  37.475 0.6000000238
26639  0.154  -58.441  35.138 0.8000000119
26658  10.665  -58.318  34.470 0.8999999762
26659  8.652  -58.993  33.735 0.8999999762
26661  2.721  -58.039  34.262 0.8999999762
26662  1.107  -57.426  34.227 0.8999999762
26678  7.301  -58.721  33.215 0.8999999762
26706  24.176  -58.495  31.501 1.0000000000
26720  -0.491  -58.569  31.100 1.0000000000
27618  -1.090  -57.840  36.556 0.6000000238
27630  -0.067  -57.165  36.403 0.6000000238
27632  -1.109  -57.966  35.835 0.6000000238
27643  -0.490  -57.798  35.361 0.6999999881
27656  8.417  -57.313  34.226 0.8999999762
27658  6.673  -57.019  33.723 0.8999999762
27661  0.712  -57.141  34.302 0.8999999762
27678  4.422  -57.576  33.191 0.8999999762
27680  2.624  -57.023  33.680 0.8999999762
27681  1.918  -56.909  33.844 0.8999999762
27740  6.435  -57.909  31.005 1.0000000000
28610  1.193  -56.893  36.854 0.6000000238
28622  1.010  -56.620  35.980 0.6999999881
28623  0.149  -56.889  35.649 0.6999999881
28624  -0.100  -57.285  35.313 0.6999999881
28632  2.511  -56.216  35.879 0.6000000238
28633  1.710  -56.368  35.494 0.6999999881
28635  0.219  -56.920  34.973 0.6999999881
28650  13.423  -56.570  34.539 0.8999999762
28657  4.648  -56.042  34.095 0.8999999762
28659  2.918  -56.253  34.077 0.8999999762
28660  2.192  -56.537  34.124 0.8000000119
28661  1.263  -56.824  34.189 0.6999999881
28691  20.444  -56.004  32.314 0.8000000119
28698  7.923  -56.153  32.382 0.8999999762
28733  27.261  -55.844  30.165 0.6999999881
28741  0.712  -56.573  30.198 0.8999999762
29690  6.133  -55.143  36.367 0.6999999881
29692  4.766  -55.674  36.210 0.6000000238
29701  8.770  -54.896  35.538 0.6999999881
29703  6.932  -54.957  35.265 0.8000000119
29705  5.433  -55.250  35.345 0.8000000119
29722  15.330  -55.482  34.627 0.8999999762
29726  11.694  -55.450  35.064 0.8999999762
29736  1.812  -56.410  34.675 0.8000000119
29747  20.425  -54.943  33.517 0.5000000000
29784  1.688  -56.012  30.409 0.8999999762
29804  0.368  -56.333  29.931 0.8999999762
30749  7.622  -55.108  36.822 0.5000000000
30758  9.681  -54.577  36.377 0.6000000238
30759  8.755  -54.734  36.354 0.6999999881
30767  16.621  -54.637  36.231 0.5000000000
30772  11.649  -54.373  35.813 0.6999999881
30773  10.770  -54.452  35.934 0.6999999881
30777  6.552  -54.843  35.808 0.8000000119
30795  13.192  -54.739  35.147 0.8999999762
30797  11.228  -54.846  35.497 0.8000000119
30815  9.228  -55.023  32.938 0.8999999762
30820  4.883  -53.974  32.232 0.8000000119
30844  1.096  -55.174  29.632 0.8000000119
30859  1.499  -54.664  29.371 0.8000000119
31788  13.943  -53.823  36.681 0.5000000000
31790  12.285  -54.020  36.529 0.5000000000
31792  10.897  -54.351  36.459 0.6000000238
31798  12.778  -53.926  36.056 0.6999999881
31800  11.197  -54.255  36.130 0.5000000000
31801  10.448  -54.405  36.173 0.6000000238
31830  3.270  -53.951  30.947 0.8000000119
31863  2.094  -54.077  29.148 0.6999999881
32766  6.230  -52.246  32.354 0.6999999881
32775  4.415  -52.695  31.287 0.8000000119
32800  3.223  -52.811  28.906 0.6999999881
32803  27.400  -52.613  28.412 0.6999999881
33773  5.579  -51.538  31.146 0.6999999881
33808  27.211  -51.976  28.176 0.6000000238
34808  27.345  -51.028  30.473 0.5000000000
120250  -0.040  -89.804  39.004 0.8000000119
120724  -0.189  -92.378  40.178 0.6999999881
120761  -1.044  -93.925  39.247 0.8000000119
120764  -0.352  -96.332  37.837 0.6999999881
120998  -1.106  -95.096  38.669 0.8000000119
121153  -1.004  -94.137  29.822 1.0000000000
121905  2.743  -68.370  38.458 1.0000000000
122035  5.217  -66.384  40.913 1.0000000000
122383  -0.139  -90.950  15.317 0.8999999762
122690  -0.495  -93.053  31.182 1.0000000000
122826  13.567  -60.521  31.590 1.0000000000
123029  -0.673  -94.632  29.864 1.0000000000
123248  5.537  -80.800  23.564 1.0000000000
123293  0.571  -75.777  21.438 0.8999999762
123305  -0.977  -63.670  38.609 0.6999999881
123335  0.332  -92.050  23.638 0.8999999762
123467  0.468  -83.413  15.114 0.6999999881
123850  3.435  -79.590  27.864 1.0000000000
123997  -0.887  -95.240  35.240 1.0000000000
124329  5.962  -60.049  33.642 0.8999999762
124624  1.656  -96.686  20.340 0.8000000119
124779  -0.597  -65.948  29.682 1.0000000000
124813  -1.941  -72.358  27.154 1.0000000000
125068  1.506  -95.481  19.341 0.8999999762
125587  -1.372  -67.080  28.885 1.0000000000
125798  8.096  -73.585  35.592 1.0000000000
125944  7.949  -76.522  26.549 1.0000000000
125971  18.454  -56.919  29.456 1.0000000000
126002  -1.491  -61.780  37.984 0.6000000238
126400  4.350  -87.416  33.993 1.0000000000
126884  -1.021  -65.660  40.412 0.6999999881
126921  9.980  -74.902  34.089 1.0000000000
127128  9.947  -55.798  35.078 0.8999999762
127173  3.706  -81.879  31.181 1.0000000000
127761  1.726  -57.844  34.323 0.8999999762
127916  3.614  -86.150  20.202 1.0000000000
127920  10.101  -74.863  33.264 1.0000000000
127998  -0.852  -71.040  23.722 0.8000000119
128084  0.551  -75.560  23.210 0.8999999762
128196  0.780  -83.666  14.707 0.6999999881
128282  2.713  -74.714  27.369 1.0000000000
128418  1.985  -91.269  13.808 0.6999999881
128526  9.650  -78.739  28.640 1.0000000000
129090  6.000  -78.345  24.092 1.0000000000
129159  14.696  -56.925  34.437 0.8999999762
129185  0.878  -88.090  15.706 0.8000000119
129196  0.668  -84.046  18.201 0.8999999762
129378  1.912  -97.283  35.899 0.6000000238
129403  0.603  -61.006  32.529 1.0000000000
129682  0.764  -97.759  24.089 0.6999999881
129908  0.325  -89.801  15.710 0.8000000119
130018  0.804  -95.779  29.855 0.8999999762
130200  1.367  -77.105  21.821 0.8999999762
130320  4.907  -61.018  29.066 1.0000000000
130520  -0.449  -70.213  29.121 1.0000000000
130526  3.414  -87.521  19.101 1.0000000000
130535  0.240  -74.665  27.139 1.0000000000
130683  9.313  -77.088  27.714 1.0000000000
130688  -0.708  -94.227  35.268 1.0000000000
130722  15.807  -60.784  31.684 1.0000000000
130905  6.652  -79.617  25.149 1.0000000000
131282  0.765  -68.271  29.847 1.0000000000
131402  25.885  -55.341  27.882 0.6999999881
131539  1.541  -79.235  32.092 0.8000000119
131573  7.483  -77.572  32.870 1.0000000000
131765  0.028  -82.852  27.673 1.0000000000
131820  0.565  -93.662  20.179 0.8999999762
132167  -1.258  -59.895  36.223 0.6999999881
132206  4.735  -63.320  39.672 1.0000000000
132322  3.957  -68.242  29.815 1.0000000000
132614  0.706  -71.482  31.906 1.0000000000
132900  6.430  -65.503  38.767 1.0000000000
132907  21.258  -57.685  28.730 1.0000000000
132993  1.397  -86.075  15.786 0.6999999881
133362  5.310  -85.919  33.171 1.0000000000
133366  -1.199  -60.195  38.845 0.6000000238
133632  -0.166  -91.721  15.320 0.8999999762
133763  -1.077  -58.569  38.034 0.6000000238
133851  3.042  -97.359  20.513 0.5000000000
133872  0.442  -86.961  16.633 0.8000000119
134155  -0.653  -94.721  33.047 1.0000000000
134196  -0.795  -91.952  29.217 1.0000000000
134251  3.184  -97.398  35.589 0.6000000238
134649  -0.694  -71.929  33.074 0.8000000119
134766  0.236  -92.156  24.591 0.8999999762
134910  5.408  -56.222  33.941 0.8999999762
135168  8.834  -98.213  27.863 0.5000000000
135175  5.440  -73.967  34.721 1.0000000000
135281  9.988  -75.465  30.643 1.0000000000
135306  -0.665  -97.170  33.791 1.0000000000
135316  1.495  -89.066  14.918 0.8000000119
135536  2.086  -97.409  34.883 0.8000000119
135836  -1.649  -77.978  28.012 0.8999999762
135860  4.974  -84.556  23.651 1.0000000000
135879  0.855  -84.059  15.210 0.6999999881
136069  1.328  -71.202  32.119 1.0000000000
136249  -0.702  -90.110  27.938 0.8999999762
136276  2.250  -95.739  40.450 0.6000000238
136526  6.931  -59.292  30.514 1.0000000000
136637  13.369  -54.098  35.672 0.6999999881
137184  9.830  -79.468  31.609 1.0000000000
137258  4.200  -55.867  34.656 0.8000000119
137395  -0.350  -92.500  39.707 0.6999999881
137435  -1.073  -95.402  37.950 0.8000000119
137471  -1.148  -94.443  38.744 0.8000000119
137472  -0.802  -94.215  40.391 0.6999999881
137571  2.917  -97.439  33.577 0.6000000238
137637  0.662  -85.281  17.357 0.8000000119
137809  2.842  -88.016  18.052 1.0000000000
137974  0.725  -95.323  20.757 0.8999999762
137980  -0.781  -62.577  29.595 1.0000000000
138078  -0.273  -93.363  31.868 1.0000000000
138220  -1.007  -60.274  35.913 0.8000000119
138233  -0.199  -69.552  38.318 0.6999999881
138250  7.326  -91.760  29.079 0.8000000119
138284  1.357  -79.590  32.130 0.8000000119
138304  4.390  -92.668  27.654 0.8999999762
138327  4.445  -85.030  21.588 1.0000000000
138419  0.475  -97.274  31.420 1.0000000000
138453  1.235  -93.877  18.196 0.8999999762
138567  10.055  -77.929  30.841 1.0000000000
139077  3.418  -96.855  26.971 0.6999999881
139206  -0.482  -80.477  27.080 1.0000000000
139272  7.555  -82.316  30.898 1.0000000000
139404  1.382  -92.320  18.363 0.8999999762
139644  1.501  -98.235  24.155 0.6999999881
139671  6.197  -74.642  28.859 1.0000000000
139696  2.450  -66.440  39.502 1.0000000000
139708  -0.852  -58.717  30.025 1.0000000000
139806  -1.667  -81.507  32.026 1.0000000000
140007  0.164  -94.713  23.081 0.8999999762
140233  22.395  -55.024  33.132 0.4000000060
140421  -0.193  -66.574  27.454 1.0000000000
140451  0.362  -89.949  17.115 0.8999999762
140649  0.839  -84.927  16.167 0.8000000119
140752  8.715  -71.613  34.230 1.0000000000
140793  3.883  -55.797  35.111 0.6999999881
140809  2.274  -82.340  28.953 1.0000000000
140847  9.860  -95.818  24.640 0.5000000000
140897  1.711  -92.482  35.868 1.0000000000
140934  -0.992  -79.293  35.911 0.6000000238
141080  3.133  -71.739  33.710 1.0000000000
141273  4.497  -95.335  16.157 0.5000000000
141295  -0.358  -94.704  30.804 1.0000000000
141305  7.756  -73.266  30.982 1.0000000000
141571  11.053  -92.581  26.610 0.5000000000
141600  2.602  -61.031  38.314 0.8999999762
141702  17.410  -55.589  34.101 0.8999999762
141715  -0.843  -65.534  39.912 0.6999999881
141930  5.379  -64.924  40.257 1.0000000000
142039  4.827  -55.912  36.867 0.6000000238
142164  -1.286  -73.734  30.962 0.8999999762
142367  -1.105  -83.694  31.449 1.0000000000
142480  6.351  -67.281  34.703 1.0000000000
142576  -0.053  -60.656  33.013 1.0000000000
143197  -0.844  -90.778  28.574 1.0000000000
143227  1.721  -66.907  32.652 1.0000000000
143235  -0.386  -93.640  31.330 1.0000000000
143298  4.823  -74.073  28.965 1.0000000000
143422  -1.061  -80.359  32.400 0.6999999881
143431  0.217  -91.571  31.649 1.0000000000
143464  9.774  -52.649  32.923 0.8999999762
143506  -0.786  -93.452  39.621 0.8999999762
143699  4.811  -58.692  33.028 0.8999999762
143849  8.176  -91.744  27.712 0.8000000119
143891  0.276  -66.140  27.263 0.8999999762
143918  10.191  -76.825  32.262 1.0000000000
143922  -0.048  -73.942  35.153 0.8000000119
143954  0.028  -81.229  20.916 1.0000000000
143972  8.529  -98.632  29.307 0.5000000000
143993  2.043  -78.060  33.392 0.6999999881
144040  -1.376  -82.977  29.938 1.0000000000
144262  11.031  -56.922  34.681 0.8999999762
144462  -0.546  -64.697  33.482 1.0000000000
144948  -0.895  -65.600  40.100 0.6999999881
145035  1.323  -92.437  13.793 0.8000000119
145100  -0.095  -96.386  23.707 0.8999999762
145261  5.334  -96.145  30.664 0.8000000119
145339  0.082  -92.367  25.639 0.8999999762
145406  -1.038  -82.549  14.080 0.6000000238
145522  1.444  -68.429  29.491 1.0000000000
145668  1.932  -96.504  38.405 0.6000000238
145718  5.431  -77.530  32.873 1.0000000000
145782  -0.427  -91.933  25.537 0.8999999762
145816  7.068  -95.154  28.801 0.6999999881
145861  7.432  -68.728  38.657 1.0000000000
145959  -0.863  -58.773  38.677 0.6000000238
146036  7.501  -56.428  32.141 0.8999999762
146286  9.335  -54.706  35.806 0.6999999881
146556  0.324  -92.402  23.056 0.8999999762
