#!ascii label  , from subject sub-v1s2x0051459_ses-1 vox2ras=TkReg
4169
104774  -50.096  8.618  69.312 0.6000000238
103359  -49.650  6.508  66.971 0.6000000238
102503  -49.458  5.798  65.503 0.5000000000
102528  -49.729  5.264  63.531 0.5000000000
102545  -48.497  5.174  61.986 0.4000000060
102552  -47.750  5.331  60.335 0.4000000060
135851  -48.235  5.191  61.090 0.4000000060
102551  -46.590  5.496  60.455 0.3000000119
102564  -44.766  5.862  59.389 0.4000000060
134726  -43.876  5.830  58.111 0.2000000030
152307  -41.886  5.865  57.492 0.2000000030
101733  -41.708  5.026  57.195 0.2000000030
104088  -50.383  7.355  69.493 0.6000000238
103342  -50.476  7.032  68.799 0.6000000238
103358  -49.252  7.189  67.248 0.6999999881
155749  -49.215  6.288  66.204 0.6000000238
105421  -48.936  9.176  69.499 0.6000000238
105422  -49.799  9.310  69.446 0.6000000238
104098  -49.817  7.535  68.075 0.6999999881
133085  -48.735  6.896  66.453 0.6000000238
105430  -50.021  9.829  68.820 0.6000000238
104783  -50.110  7.944  68.850 0.6999999881
103392  -47.964  6.317  64.802 0.6000000238
158037  -49.283  5.484  64.136 0.6000000238
102544  -47.521  5.400  61.824 0.4000000060
102526  -47.906  5.722  63.566 0.5000000000
151571  -49.079  5.061  62.294 0.4000000060
102535  -47.730  5.507  62.696 0.4000000060
102543  -46.663  5.609  61.569 0.4000000060
102580  -44.505  5.816  58.752 0.3000000119
102549  -45.022  5.892  60.026 0.3000000119
102594  -42.585  6.088  57.728 0.2000000030
102595  -43.324  5.715  57.593 0.2000000030
101734  -42.666  5.409  57.216 0.2000000030
103372  -48.430  6.482  65.567 0.6000000238
104794  -50.170  9.688  68.485 0.6999999881
133215  -49.780  8.687  67.615 0.6999999881
102518  -48.097  5.908  64.239 0.6000000238
102534  -46.843  5.752  62.455 0.4000000060
102525  -47.064  6.054  63.314 0.4000000060
102550  -45.642  5.739  60.550 0.4000000060
102579  -43.142  6.204  58.175 0.3000000119
103437  -43.571  6.314  58.842 0.4000000060
102593  -40.998  5.543  57.504 0.2000000030
143928  -50.125  8.936  68.430 0.6999999881
104106  -48.642  7.571  66.630 0.6999999881
104801  -48.954  8.400  66.785 0.6999999881
104115  -48.074  7.296  65.865 0.6000000238
103390  -46.959  7.266  64.471 0.5000000000
104811  -48.117  7.974  66.037 0.6000000238
102542  -45.842  5.848  61.302 0.4000000060
102533  -46.070  6.067  62.162 0.4000000060
103400  -46.580  6.802  63.738 0.5000000000
104133  -47.493  7.727  65.204 0.6000000238
103413  -44.404  6.503  60.522 0.4000000060
103414  -45.095  6.170  60.966 0.4000000060
103409  -45.278  6.512  61.895 0.4000000060
103399  -45.945  7.048  63.213 0.5000000000
104825  -46.842  7.972  64.447 0.6000000238
103422  -44.190  6.259  59.618 0.4000000060
103403  -45.727  6.652  62.604 0.4000000060
105492  -46.723  9.113  63.395 0.6999999881
103408  -44.610  6.834  61.322 0.5000000000
104153  -45.344  7.294  62.537 0.5000000000
104844  -45.866  7.791  63.181 0.5000000000
103412  -43.713  6.872  60.172 0.4000000060
151060  -44.013  7.215  60.848 0.4000000060
103448  -41.995  6.435  57.823 0.3000000119
103436  -42.483  6.649  58.320 0.3000000119
103421  -43.471  6.707  59.532 0.4000000060
104162  -43.394  7.588  60.416 0.5000000000
103420  -42.868  6.905  59.088 0.3000000119
104166  -42.560  7.615  59.451 0.4000000060
101732  -40.720  4.567  57.090 0.2000000030
104183  -42.193  7.350  58.737 0.4000000060
102592  -40.110  5.356  57.350 0.2000000030
103447  -41.288  6.400  57.721 0.4000000060
106922  -46.393  11.114  52.118 0.8000000119
106067  -50.105  10.407  67.646 0.6000000238
105440  -50.359  10.174  67.596 0.8000000119
106074  -50.233  10.510  66.882 0.6000000238
105439  -50.296  9.673  67.486 0.8000000119
104802  -49.846  9.205  66.983 0.6999999881
105449  -50.446  10.170  66.688 0.6999999881
104813  -49.533  9.261  66.263 0.8000000119
105458  -49.253  9.417  65.456 0.6999999881
104827  -48.264  8.970  65.160 0.8000000119
105494  -48.625  9.743  64.006 0.8000000119
105495  -49.682  10.137  64.027 0.8999999762
106121  -50.723  10.924  62.763 0.8999999762
104152  -44.830  7.853  62.022 0.5000000000
106107  -48.712  10.143  63.354 0.8999999762
104157  -44.376  7.558  61.456 0.5000000000
104856  -45.003  8.734  61.923 0.5000000000
105507  -46.149  9.913  61.973 0.5000000000
106119  -48.739  10.428  62.591 0.8999999762
106120  -50.214  10.702  62.556 0.8999999762
133334  -43.749  7.974  61.019 0.5000000000
105505  -44.573  9.182  61.325 0.6000000238
106125  -47.952  10.530  61.933 0.8000000119
106127  -49.657  10.733  61.818 0.8999999762
104861  -43.856  8.774  60.929 0.6000000238
105506  -45.346  9.577  61.639 0.5000000000
106124  -46.859  10.474  61.509 0.8000000119
106134  -48.742  10.825  61.345 0.8999999762
155721  -42.682  8.779  59.787 0.6000000238
105510  -43.496  9.170  60.424 0.6000000238
106130  -45.059  10.424  60.344 0.6999999881
106132  -46.661  10.861  60.676 0.6999999881
106799  -49.762  11.240  60.111 0.8999999762
148155  -50.792  11.446  58.975 0.8999999762
104863  -43.039  9.135  60.056 0.6000000238
106141  -44.760  10.767  59.518 0.6999999881
155167  -45.905  10.772  60.345 0.8000000119
106807  -48.959  11.371  59.421 0.8000000119
103435  -41.718  7.003  58.079 0.4000000060
104165  -41.980  8.002  59.101 0.5000000000
105514  -42.774  9.461  59.427 0.5000000000
106140  -43.952  10.526  59.326 0.6999999881
106804  -45.259  11.255  58.957 0.8000000119
106806  -47.951  11.404  59.475 0.8000000119
106824  -50.251  11.450  58.377 0.8999999762
138877  -47.006  11.441  59.328 0.8000000119
136376  -48.351  11.502  58.854 0.8000000119
154615  -49.679  11.508  57.821 0.8999999762
104195  -40.901  7.195  57.744 0.4000000060
140063  -48.196  11.580  58.159 0.8000000119
106841  -48.876  11.577  57.617 0.8000000119
103446  -40.338  6.299  57.519 0.4000000060
104194  -40.354  7.766  57.535 0.4000000060
104888  -40.512  8.489  57.492 0.6000000238
105547  -41.081  10.060  56.821 0.6999999881
104887  -40.026  8.162  57.193 0.3000000119
105546  -40.417  9.477  56.285 0.4000000060
106171  -40.952  10.290  55.878 0.6999999881
106871  -42.259  11.128  55.710 0.6999999881
106179  -41.636  10.722  55.371 0.6999999881
106889  -43.128  11.336  54.675 0.6999999881
155006  -44.240  11.524  54.275 0.8000000119
143427  -44.906  11.388  53.061 0.8000000119
106890  -46.048  11.596  53.957 0.8000000119
106907  -46.693  11.385  53.077 0.8000000119
106906  -45.733  11.418  53.076 0.8000000119
106923  -47.393  10.959  52.144 0.8000000119
106214  -47.150  10.564  51.015 0.8000000119
149436  -46.526  10.512  50.201 0.8000000119
106746  -50.298  11.024  65.405 0.6999999881
105448  -50.353  9.795  66.475 0.8000000119
160927  -50.387  10.267  65.179 0.8999999762
107584  -50.284  11.528  64.063 0.8000000119
106761  -50.539  11.091  64.612 0.8000000119
132611  -50.446  10.640  63.553 0.8999999762
107600  -50.390  11.696  63.481 0.8000000119
106788  -50.760  11.074  63.189 0.8999999762
108315  -50.236  12.497  62.868 0.8999999762
107603  -50.780  12.265  62.304 0.8999999762
108979  -50.638  14.953  62.343 0.8999999762
108319  -50.556  13.470  62.212 0.8999999762
106789  -50.804  11.370  62.423 0.8999999762
106794  -50.981  11.385  61.634 0.8999999762
107611  -51.185  13.243  61.536 0.8999999762
107612  -51.186  12.031  61.638 0.8999999762
106136  -50.532  11.008  61.709 0.8999999762
107614  -51.855  12.125  60.132 0.8999999762
106809  -50.761  11.363  59.873 0.8999999762
106800  -51.418  11.634  60.052 0.8999999762
104862  -42.528  8.216  59.687 0.5000000000
107627  -52.137  11.889  58.928 0.8999999762
104182  -41.527  7.693  58.367 0.5000000000
106139  -43.211  10.176  59.121 0.6999999881
106819  -44.434  11.068  58.808 0.8000000119
106821  -46.696  11.528  58.515 0.8000000119
106825  -51.234  11.507  58.210 0.8999999762
106842  -50.538  11.502  57.501 0.8999999762
104181  -40.960  8.059  57.959 0.4000000060
104874  -41.516  8.419  58.540 0.6000000238
106820  -45.800  11.488  58.308 0.8000000119
141379  -47.320  11.592  57.918 0.8000000119
135391  -49.619  11.560  57.100 0.8000000119
134533  -51.157  11.521  56.794 0.8000000119
106172  -41.750  10.762  56.377 0.6999999881
136483  -43.776  11.495  54.862 0.8000000119
133294  -44.601  11.588  54.875 0.8000000119
106232  -47.370  10.483  50.046 0.8000000119
109600  -50.604  16.182  63.071 0.8000000119
110282  -50.795  17.187  63.432 0.8000000119
108328  -51.595  14.496  61.293 0.8999999762
109612  -51.361  16.222  62.379 0.8999999762
137480  -51.572  12.611  60.825 0.8999999762
107615  -52.146  13.133  60.111 0.8999999762
108339  -52.671  13.668  59.496 0.8999999762
107618  -52.348  12.608  59.315 0.8999999762
107628  -52.636  12.389  58.278 0.8999999762
104875  -42.127  8.785  59.182 0.6000000238
106149  -42.751  10.343  58.483 0.6000000238
152938  -44.201  11.267  58.186 0.8000000119
106826  -52.022  11.684  58.298 0.8999999762
106162  -43.109  10.874  57.941 0.8000000119
106837  -44.430  11.454  57.538 0.8000000119
106839  -46.432  11.562  57.670 0.8000000119
106840  -47.990  11.611  57.346 0.8000000119
106859  -48.722  11.611  56.767 0.8000000119
106843  -51.396  11.545  57.432 0.8999999762
106148  -41.965  10.069  58.146 0.6000000238
133097  -43.833  11.437  57.109 0.8000000119
106838  -45.420  11.542  57.358 0.8000000119
143122  -47.122  11.580  57.094 0.8000000119
106860  -49.634  11.575  56.132 0.8000000119
106861  -51.691  11.468  56.087 0.8999999762
105538  -41.320  9.692  57.689 0.6000000238
106161  -42.465  10.679  57.708 0.6999999881
106855  -44.545  11.547  56.589 0.8000000119
134532  -46.288  11.580  56.122 0.8000000119
106878  -49.212  11.551  55.144 0.8000000119
106880  -51.300  11.348  55.269 0.8000000119
106160  -41.757  10.433  57.330 0.6999999881
106877  -47.573  11.633  55.690 0.8000000119
106879  -50.274  11.453  55.239 0.8000000119
106881  -52.151  11.366  55.340 0.8000000119
106249  -47.869  10.628  49.687 0.8000000119
106233  -48.041  10.444  50.292 0.8000000119
108980  -51.477  15.346  61.790 0.8999999762
108994  -52.208  14.774  60.777 0.8999999762
108337  -52.621  14.450  60.092 0.8999999762
142789  -53.144  14.680  59.222 0.8999999762
109008  -53.304  15.095  58.416 1.0000000000
151996  -53.053  13.693  58.635 0.8999999762
109674  -52.245  15.974  58.452 1.0000000000
107637  -52.922  12.486  57.451 0.8999999762
109672  -50.004  15.378  58.256 1.0000000000
109019  -51.647  15.043  57.094 1.0000000000
109021  -52.959  15.391  57.650 1.0000000000
108355  -53.202  13.329  57.698 1.0000000000
142807  -50.597  15.173  57.474 1.0000000000
108363  -53.310  13.616  56.249 1.0000000000
107647  -52.890  12.224  56.819 0.8999999762
106835  -43.047  11.209  57.206 0.8000000119
106875  -45.913  11.599  55.559 0.8000000119
109029  -52.714  14.590  56.191 1.0000000000
109030  -53.165  14.332  56.214 1.0000000000
106864  -53.132  12.344  55.531 0.8999999762
106862  -52.363  11.621  56.101 0.8999999762
106872  -43.070  11.429  55.517 0.8000000119
106874  -45.028  11.605  55.650 0.8000000119
133350  -46.403  11.626  54.801 0.8000000119
133954  -48.214  11.642  54.989 0.8000000119
106895  -50.838  11.214  54.461 0.8000000119
106897  -52.527  11.470  54.656 0.8999999762
106892  -47.908  11.536  54.092 0.8000000119
106911  -50.439  11.044  53.635 0.8000000119
106896  -51.783  11.109  54.418 0.8000000119
107677  -52.348  12.240  52.767 0.8000000119
133351  -45.496  11.620  54.809 0.8000000119
106908  -47.634  11.345  53.146 0.8000000119
106910  -49.499  11.186  53.447 0.8000000119
106190  -51.190  10.952  53.810 0.8000000119
141402  -51.621  11.245  52.284 0.8000000119
106924  -48.307  10.894  52.300 0.8000000119
106199  -50.104  10.797  52.707 0.8000000119
106218  -50.588  10.724  52.128 0.8000000119
106215  -48.135  10.490  51.289 0.8000000119
106217  -49.740  10.585  51.627 0.8000000119
106237  -51.001  10.894  51.702 0.8000000119
149924  -49.294  10.468  51.050 0.8000000119
106953  -48.293  11.060  49.518 0.8000000119
106251  -49.156  10.677  50.084 0.8000000119
110981  -51.016  18.034  62.784 0.8000000119
110990  -51.653  17.524  61.637 0.8999999762
109613  -52.010  16.399  61.614 0.8999999762
108983  -52.188  15.554  61.182 0.8999999762
110283  -51.141  17.546  62.846 0.8000000119
110330  -52.652  16.691  59.734 0.8999999762
109639  -52.860  16.389  60.050 0.8999999762
109664  -52.552  16.466  59.109 0.8999999762
109002  -53.160  15.967  58.824 0.8999999762
109663  -51.770  16.310  59.092 1.0000000000
109676  -53.110  15.617  58.168 0.8999999762
109671  -48.334  15.519  58.504 0.8999999762
109673  -51.190  15.618  58.393 1.0000000000
109686  -47.475  15.865  57.580 1.0000000000
148367  -49.049  15.377  58.128 1.0000000000
110361  -46.906  16.310  57.348 0.8999999762
110362  -47.369  16.211  56.995 1.0000000000
155071  -49.397  15.245  57.456 1.0000000000
109028  -51.710  14.612  56.140 1.0000000000
109041  -52.820  14.201  55.486 1.0000000000
108375  -53.290  13.196  55.625 0.8999999762
110371  -48.358  15.938  56.063 1.0000000000
109697  -48.916  15.360  56.615 1.0000000000
109027  -50.633  14.837  56.495 1.0000000000
154587  -52.227  14.390  55.543 1.0000000000
109698  -49.772  14.969  56.068 1.0000000000
109039  -50.623  14.689  55.628 1.0000000000
108381  -52.946  13.452  54.482 1.0000000000
107662  -53.033  12.643  54.242 0.8999999762
108415  -52.009  12.791  52.130 0.8000000119
106943  -50.069  11.369  50.352 0.8000000119
107715  -48.873  11.396  49.856 0.8000000119
106942  -49.367  10.982  49.943 0.8000000119
108412  -48.609  13.558  51.760 0.8000000119
107689  -48.840  12.576  51.037 0.8000000119
110993  -50.544  17.527  61.453 0.8000000119
109622  -52.513  16.420  60.823 0.8999999762
110995  -51.973  17.446  61.002 0.8999999762
110310  -50.408  16.887  60.687 0.8999999762
157835  -49.467  16.646  60.818 0.8999999762
110328  -51.165  16.541  59.845 0.8999999762
110329  -52.140  16.855  59.761 0.8999999762
110327  -49.940  16.023  59.777 1.0000000000
143826  -49.414  15.542  58.900 0.8999999762
109662  -50.591  15.801  59.092 1.0000000000
111044  -47.231  17.487  56.385 1.0000000000
112434  -45.924  19.306  57.136 0.8000000119
111733  -46.217  18.452  56.878 0.8000000119
111051  -47.847  17.444  55.882 0.8999999762
110382  -49.397  15.820  54.908 1.0000000000
109040  -51.404  14.444  55.190 1.0000000000
109065  -52.312  13.931  54.044 1.0000000000
108399  -52.419  13.072  52.928 0.8999999762
111743  -47.635  18.330  56.062 1.0000000000
111052  -48.480  17.440  55.387 1.0000000000
109717  -49.967  15.465  54.607 1.0000000000
146422  -51.515  14.491  53.827 1.0000000000
108398  -51.882  13.641  52.312 1.0000000000
108414  -51.529  13.346  51.449 0.8999999762
108427  -51.050  12.856  50.782 0.8999999762
107704  -50.326  12.225  50.571 0.8000000119
107690  -49.607  12.842  50.971 0.8000000119
112450  -46.686  19.282  56.701 0.8000000119
112451  -47.470  19.228  56.301 0.8000000119
111745  -48.926  18.301  55.070 1.0000000000
110390  -50.339  16.586  53.502 1.0000000000
153675  -51.379  15.077  51.854 1.0000000000
153023  -51.479  14.357  51.552 1.0000000000
156986  -51.338  15.048  51.322 0.8999999762
135846  -51.160  13.878  50.887 0.8999999762
108426  -50.622  13.276  50.745 0.8999999762
108425  -50.155  13.754  50.964 0.8999999762
108413  -49.435  13.800  51.404 0.8999999762
109087  -48.898  14.619  51.767 0.8999999762
113094  -45.526  20.229  57.428 0.8000000119
113102  -47.288  20.093  56.637 0.8999999762
112452  -48.182  20.107  56.178 1.0000000000
112467  -49.512  19.251  54.944 1.0000000000
112465  -48.173  19.135  55.819 0.8999999762
159739  -48.732  18.968  55.375 1.0000000000
112477  -50.181  19.189  54.329 1.0000000000
111076  -50.769  17.584  52.458 0.8999999762
110406  -51.041  16.721  52.206 0.8999999762
111111  -50.755  16.873  51.032 0.8999999762
109095  -50.808  14.376  50.745 0.8999999762
110435  -50.222  16.321  50.881 0.8999999762
109759  -50.465  15.730  50.801 0.8999999762
110429  -49.616  16.361  51.214 0.8999999762
109758  -49.892  15.543  51.069 0.8999999762
109754  -49.062  15.663  51.594 0.8999999762
113710  -46.740  22.153  57.740 0.8999999762
113714  -48.015  21.522  57.010 1.0000000000
143374  -48.577  21.093  56.473 1.0000000000
113726  -50.012  21.006  55.725 1.0000000000
144159  -46.355  21.230  57.494 0.8999999762
154920  -47.203  20.944  57.048 0.8999999762
112466  -48.892  19.731  55.561 1.0000000000
112468  -50.510  19.970  54.691 1.0000000000
113727  -50.707  21.299  55.399 1.0000000000
111771  -50.688  18.591  52.768 1.0000000000
139261  -50.624  18.261  52.196 1.0000000000
112507  -50.605  19.703  52.356 1.0000000000
111103  -50.480  17.341  51.279 0.8999999762
111795  -49.877  18.167  51.463 1.0000000000
111102  -49.969  17.421  51.188 0.8999999762
111094  -48.263  17.757  52.026 0.8999999762
110428  -48.894  16.588  51.609 0.8999999762
110421  -48.147  16.104  52.068 0.8999999762
114287  -47.619  23.456  58.130 0.8999999762
114298  -48.114  23.223  57.881 1.0000000000
142451  -48.753  23.456  57.751 1.0000000000
114300  -50.007  23.221  57.071 1.0000000000
113711  -47.330  21.857  57.422 0.8999999762
113712  -48.266  22.530  57.463 1.0000000000
113715  -48.893  21.995  56.886 1.0000000000
114303  -49.772  22.352  56.706 1.0000000000
113120  -51.314  20.959  54.382 1.0000000000
114304  -50.553  22.612  56.432 1.0000000000
113165  -51.255  20.794  52.987 1.0000000000
113164  -51.028  20.585  52.700 1.0000000000
112504  -47.763  19.241  52.525 0.8000000119
112505  -48.900  19.379  52.269 1.0000000000
111781  -47.549  18.284  52.428 0.8999999762
115473  -49.678  24.664  57.675 1.0000000000
114301  -50.673  23.420  56.708 1.0000000000
113766  -51.380  21.271  53.648 1.0000000000
114899  -51.131  23.615  56.228 1.0000000000
113777  -50.686  21.136  52.865 1.0000000000
114914  -51.249  22.993  54.624 1.0000000000
113162  -49.255  20.169  52.515 1.0000000000
113153  -48.315  20.743  52.919 0.8999999762
113152  -47.497  20.113  52.842 0.6999999881
114339  -50.459  22.545  53.690 1.0000000000
140729  -49.288  22.548  53.560 1.0000000000
153427  -48.641  21.675  53.233 0.8999999762
103371  -47.549  6.947  65.130 0.5000000000
104150  -46.421  7.509  63.799 0.6000000238
105471  -47.950  9.246  64.436 0.6999999881
104846  -47.108  8.772  64.104 0.6999999881
106118  -47.858  10.163  62.800 0.6999999881
106117  -47.035  10.102  62.325 0.6000000238
104851  -46.028  8.675  63.016 0.5000000000
105502  -45.657  9.162  62.363 0.5000000000
104860  -43.146  8.414  60.342 0.6000000238
105460  -50.434  10.232  65.800 0.8000000119
105473  -49.991  9.968  64.919 0.8999999762
105472  -48.972  9.589  64.680 0.6999999881
105493  -47.703  9.604  63.590 0.8000000119
105512  -44.987  9.867  61.020 0.6000000238
105511  -44.220  9.677  60.595 0.6999999881
106133  -47.680  10.900  61.000 0.8999999762
106135  -49.683  10.950  61.001 0.8999999762
106797  -47.367  11.243  60.137 0.8000000119
133950  -46.124  11.361  59.122 0.8000000119
106805  -46.437  11.182  59.895 0.8000000119
106173  -42.306  10.910  57.010 0.8000000119
106891  -46.988  11.605  53.986 0.8000000119
106108  -50.656  10.774  64.206 0.8999999762
133132  -50.607  11.545  63.053 0.8999999762
146620  -50.927  11.382  60.825 0.8999999762
106854  -43.508  11.474  56.421 0.8000000119
133771  -52.509  11.819  56.683 0.8999999762
134727  -48.511  11.622  55.877 0.8000000119
106893  -48.859  11.465  54.228 0.8000000119
133349  -47.291  11.642  54.865 0.8000000119
108356  -53.339  14.204  56.996 1.0000000000
107663  -53.026  12.053  54.815 0.8999999762
134619  -52.799  11.810  54.057 0.8999999762
106202  -51.994  11.107  53.039 0.8000000119
106925  -49.196  10.866  52.472 0.8000000119
107691  -51.458  12.387  51.379 0.8000000119
106252  -49.859  10.826  50.387 0.8000000119
109696  -47.971  15.811  56.841 1.0000000000
109054  -52.081  14.231  54.753 1.0000000000
109705  -49.115  15.466  55.683 1.0000000000
109706  -49.893  15.124  55.274 1.0000000000
111734  -46.937  18.384  56.483 0.8000000119
149149  -49.287  16.649  54.699 1.0000000000
109064  -50.885  14.950  53.967 1.0000000000
149900  -51.753  14.230  53.343 1.0000000000
111744  -48.277  18.290  55.583 1.0000000000
109718  -50.332  15.551  54.032 1.0000000000
110389  -49.807  16.382  54.212 1.0000000000
109731  -50.665  15.710  53.382 1.0000000000
147506  -51.303  14.928  52.809 1.0000000000
146594  -46.487  20.188  57.082 0.8000000119
111754  -49.632  18.295  54.399 1.0000000000
111075  -50.581  17.682  53.087 1.0000000000
110405  -50.724  16.693  52.862 1.0000000000
110430  -51.014  16.607  51.080 0.8999999762
113118  -49.792  20.194  55.360 1.0000000000
111770  -50.603  18.723  53.355 1.0000000000
111095  -50.920  17.352  51.926 0.8999999762
112478  -50.832  19.537  53.864 1.0000000000
158538  -51.204  19.968  53.634 1.0000000000
139720  -50.660  19.299  52.588 1.0000000000
112506  -49.953  19.561  52.097 1.0000000000
111794  -49.128  18.047  51.707 0.8999999762
113718  -50.988  22.051  55.672 1.0000000000
113132  -51.407  20.842  53.834 1.0000000000
113765  -51.217  21.587  53.507 1.0000000000
153131  -48.316  19.942  52.577 1.0000000000
114318  -51.103  22.545  53.936 1.0000000000
132795  -49.950  21.781  53.258 1.0000000000
114913  -51.024  23.536  54.471 1.0000000000
144287  -38.555  7.014  53.215 0.5000000000
104223  -39.038  7.368  52.638 0.5000000000
104907  -39.625  8.469  54.645 0.5000000000
105558  -40.205  9.203  54.627 0.6000000238
106178  -41.030  10.224  54.947 0.6000000238
105553  -40.499  9.717  55.316 0.6000000238
144215  -36.741  7.082  52.461 0.3000000119
104935  -37.787  7.342  51.115 0.3000000119
103482  -37.363  6.531  52.184 0.4000000060
104234  -37.753  6.891  51.129 0.4000000060
104236  -38.720  7.264  50.507 0.5000000000
104927  -39.580  7.717  52.075 0.6000000238
105568  -40.541  8.947  52.669 0.6000000238
142911  -41.706  10.298  53.443 0.6999999881
106188  -41.643  10.561  54.439 0.6000000238
105557  -36.417  9.311  54.159 0.2000000030
155498  -35.894  7.946  54.001 0.1000000015
104913  -36.464  8.410  53.653 0.2000000030
104925  -37.484  8.102  52.200 0.2000000030
104926  -37.945  8.139  51.408 0.4000000060
104936  -38.379  7.723  50.617 0.4000000060
104944  -39.380  7.821  49.968 0.5000000000
104938  -40.219  8.235  50.320 0.6000000238
104928  -40.181  8.220  51.717 0.6000000238
105578  -40.824  8.884  51.750 0.6999999881
106209  -41.997  10.130  52.565 0.6999999881
106198  -43.269  10.879  52.582 0.6999999881
148311  -42.383  11.067  54.823 0.6000000238
106185  -36.102  9.898  54.623 0.1000000015
106902  -37.371  10.991  53.346 0.3000000119
106744  -48.807  11.047  65.743 0.6000000238
105566  -36.891  9.269  53.651 0.2000000030
106196  -37.663  9.998  52.860 0.3000000119
105576  -37.918  9.020  52.255 0.3000000119
106226  -39.294  10.214  51.145 0.5000000000
106745  -49.718  11.263  65.509 0.6000000238
105585  -38.756  8.518  50.643 0.3000000119
105586  -39.270  9.015  50.444 0.6000000238
104945  -40.145  8.417  49.517 0.6000000238
105596  -40.313  8.863  49.351 0.6000000238
104939  -40.697  8.642  49.640 0.6000000238
105597  -41.397  9.065  49.550 0.6000000238
106228  -42.940  9.860  50.405 0.6999999881
106229  -43.684  10.348  50.974 0.6999999881
106920  -44.213  11.125  52.443 0.6999999881
106106  -43.674  10.942  63.716 0.2000000030
106086  -44.555  10.694  64.193 0.2000000030
106756  -45.211  11.373  63.902 0.3000000119
105470  -44.204  9.944  64.781 0.3000000119
141840  -46.003  11.320  64.253 0.3000000119
107595  -45.891  12.574  63.560 0.3000000119
108318  -49.980  13.832  62.696 0.6999999881
105446  -46.563  9.727  66.774 0.5000000000
106071  -47.928  10.263  66.810 0.5000000000
106758  -47.950  11.690  64.503 0.5000000000
107598  -48.905  12.678  63.575 0.6000000238
107599  -49.856  12.214  63.493 0.6999999881
106888  -36.186  11.320  54.470 0.2000000030
147741  -36.766  10.793  54.030 0.3000000119
106065  -48.772  10.385  67.312 0.6000000238
133477  -48.725  11.503  64.959 0.6000000238
159188  -37.919  10.644  52.655 0.3000000119
107583  -49.551  11.902  64.091 0.6000000238
106227  -39.858  9.634  50.131 0.6000000238
106245  -40.438  9.643  49.479 0.6000000238
106947  -41.162  10.129  49.128 0.6000000238
105598  -42.204  9.607  49.494 0.6000000238
105599  -42.969  9.826  49.371 0.6000000238
106230  -44.506  10.536  50.627 0.6000000238
106231  -45.503  10.562  50.418 0.6000000238
106213  -45.993  10.772  51.243 0.6999999881
109569  -43.934  15.437  66.587 0.1000000015
109570  -44.744  15.781  66.512 0.2000000030
108302  -42.505  13.809  64.707 0.1000000015
108961  -43.449  14.799  65.720 0.1000000015
133682  -41.144  12.105  63.700 0.1000000015
108301  -41.613  13.489  64.782 0.1000000015
108306  -42.128  13.051  64.084 0.1000000015
108303  -43.367  13.863  64.358 0.1000000015
108962  -44.227  15.122  65.567 0.2000000030
106774  -40.733  11.560  63.495 0.1000000015
107591  -41.859  12.291  63.689 0.1000000015
104113  -39.163  7.823  66.066 0.1000000015
105491  -41.490  9.898  63.836 0.1000000015
104823  -40.262  8.839  64.702 0.2000000030
109598  -48.887  15.369  63.683 0.5000000000
109599  -49.711  15.761  63.459 0.6000000238
108977  -49.968  15.064  62.857 0.6999999881
106085  -43.774  10.337  64.219 0.2000000030
108311  -46.403  13.398  63.559 0.3000000119
108974  -47.728  14.252  63.599 0.5000000000
109597  -48.144  15.059  63.783 0.5000000000
105469  -43.371  9.766  64.582 0.2000000030
105443  -44.065  9.106  66.174 0.3000000119
106087  -45.494  10.757  64.531 0.3000000119
106777  -46.605  11.854  63.903 0.4000000060
108975  -48.544  14.268  63.497 0.5000000000
108976  -49.331  14.363  63.191 0.6999999881
105444  -44.927  9.339  66.429 0.3000000119
105445  -45.789  9.536  66.566 0.3000000119
106757  -46.801  11.186  64.611 0.4000000060
136024  -47.321  11.583  64.376 0.4000000060
107582  -48.536  12.029  64.165 0.5000000000
147263  -48.901  13.485  63.377 0.6000000238
106088  -46.217  10.794  64.794 0.4000000060
106901  -36.695  11.715  53.884 0.2000000030
142269  -37.233  12.068  53.249 0.3000000119
106918  -37.862  11.475  52.732 0.5000000000
106931  -39.199  11.522  51.632 0.5000000000
155435  -39.780  11.769  51.134 0.6000000238
107684  -39.474  12.546  51.417 0.6000000238
106939  -40.240  11.431  50.565 0.6000000238
148362  -40.222  10.467  50.209 0.6000000238
106940  -40.761  10.858  49.846 0.6000000238
106948  -42.009  10.569  48.811 0.6000000238
106260  -42.609  10.197  48.608 0.6000000238
105608  -43.347  10.073  48.825 0.6000000238
106262  -45.373  10.648  48.733 0.6000000238
106247  -46.002  10.532  49.426 0.6999999881
151754  -46.955  17.894  67.995 0.3000000119
110259  -46.164  16.753  67.403 0.2000000030
110261  -47.724  17.386  66.529 0.4000000060
109553  -45.321  16.484  67.587 0.1000000015
109572  -47.236  16.645  65.837 0.3000000119
108292  -41.905  14.010  65.346 0.1000000015
108960  -42.579  14.430  65.740 0.1000000015
107580  -40.409  12.889  64.518 0.1000000015
108291  -41.237  13.829  65.580 0.1000000015
108307  -42.975  13.244  63.951 0.2000000030
106104  -41.254  10.749  63.439 0.1000000015
153470  -42.796  11.048  63.547 0.1000000015
159008  -43.669  13.363  63.823 0.3000000119
109582  -45.034  15.418  65.383 0.2000000030
105466  -40.857  9.352  64.163 0.2000000030
137799  -43.404  11.818  63.516 0.2000000030
105467  -41.593  9.322  64.431 0.2000000030
134442  -42.177  10.459  63.676 0.2000000030
106105  -43.041  10.354  63.937 0.2000000030
108968  -46.318  15.101  64.270 0.4000000060
108969  -47.346  15.284  64.178 0.4000000060
105468  -42.394  9.662  64.315 0.2000000030
106755  -44.370  11.544  63.627 0.3000000119
110281  -50.226  16.775  63.905 0.6999999881
105453  -42.032  8.945  65.074 0.2000000030
108312  -47.332  13.388  63.524 0.5000000000
108392  -37.699  13.194  52.452 0.4000000060
107675  -37.739  12.394  52.674 0.4000000060
107676  -38.160  12.697  52.259 0.6000000238
108419  -39.878  13.400  51.108 0.6000000238
108420  -40.654  13.359  50.442 0.6000000238
106941  -41.477  11.553  49.370 0.6000000238
145588  -41.146  14.990  51.557 0.6000000238
109091  -40.969  14.224  50.552 0.6000000238
107697  -41.342  12.914  49.722 0.6000000238
135070  -42.207  11.601  48.810 0.6000000238
106958  -43.574  11.175  48.291 0.6000000238
106959  -44.213  11.229  48.251 0.6000000238
106263  -46.495  10.761  48.834 0.6999999881
109753  -41.826  14.730  51.766 0.6000000238
136785  -41.929  14.334  50.845 0.6000000238
108422  -42.829  13.431  49.568 0.6000000238
108432  -44.170  12.832  49.021 0.6000000238
107698  -44.904  12.414  49.294 0.6000000238
106950  -46.046  11.282  48.533 0.6000000238
144446  -47.325  10.706  49.299 0.6999999881
142154  -42.601  16.510  53.368 0.4000000060
158517  -43.082  15.772  53.301 0.5000000000
109743  -43.001  14.805  52.911 0.5000000000
109085  -42.449  14.150  51.101 0.6000000238
142971  -44.206  18.264  53.452 0.5000000000
110401  -43.977  16.622  53.426 0.5000000000
143607  -43.928  15.720  53.350 0.5000000000
113761  -45.611  21.636  53.598 0.6000000238
112493  -45.358  19.409  53.371 0.6000000238
142793  -44.857  18.773  53.411 0.6000000238
110402  -44.742  16.844  53.164 0.5000000000
114927  -46.497  23.223  54.047 0.6000000238
143753  -46.152  20.911  53.356 0.6000000238
112494  -46.197  19.420  53.151 0.6000000238
111769  -45.799  18.540  53.091 0.6000000238
114909  -46.996  24.007  54.261 0.6999999881
113762  -46.585  21.727  53.453 0.6999999881
115486  -47.406  24.792  54.482 0.6999999881
114910  -48.135  24.144  54.322 0.6999999881
152921  -47.555  21.794  53.365 0.8000000119
114338  -48.093  22.517  53.617 0.8000000119
116079  -47.832  25.533  54.731 0.6999999881
160366  -48.187  24.920  54.629 0.6999999881
115487  -48.998  24.776  54.668 0.8000000119
116080  -48.712  25.496  54.926 0.6999999881
116663  -49.049  26.890  55.653 0.6999999881
116070  -48.395  26.242  55.115 0.6999999881
117235  -49.614  27.956  56.629 0.6999999881
117851  -49.359  28.845  56.568 0.6999999881
116662  -48.176  27.127  55.242 0.6999999881
141551  -44.461  16.176  67.597 0.1000000015
110221  -46.235  17.724  68.170 0.1000000015
108948  -43.110  15.103  66.621 0.1000000015
109539  -44.061  16.523  68.379 0.1000000015
109551  -42.808  15.447  67.576 0.1000000015
109571  -45.554  16.144  66.366 0.2000000030
108290  -40.416  13.772  65.927 0.1000000015
108959  -41.736  14.291  66.102 0.1000000015
139615  -46.392  16.413  66.118 0.3000000119
108309  -44.802  13.457  63.652 0.2000000030
109583  -45.864  15.695  65.178 0.3000000119
108308  -44.249  13.092  63.590 0.3000000119
109584  -46.730  15.930  64.992 0.4000000060
157102  -48.083  16.829  65.483 0.3000000119
107594  -44.966  12.824  63.514 0.3000000119
109586  -49.354  16.418  64.232 0.5000000000
110272  -49.756  17.428  64.640 0.8000000119
110273  -50.390  17.498  64.014 0.8000000119
110970  -50.608  17.866  63.537 0.6999999881
109086  -43.142  13.811  51.406 0.6000000238
108423  -43.563  13.275  49.638 0.6000000238
108424  -44.315  12.983  49.853 0.6000000238
107699  -45.788  12.112  49.538 0.6000000238
107700  -46.662  11.830  49.763 0.6000000238
106952  -47.335  11.057  49.081 0.6999999881
109728  -43.667  14.940  53.207 0.5000000000
109072  -44.282  13.742  52.531 0.5000000000
108407  -43.705  13.388  50.597 0.6000000238
108408  -44.535  13.077  50.932 0.6000000238
107686  -46.099  12.378  50.502 0.6999999881
107687  -47.009  12.256  50.640 0.6999999881
107702  -48.383  11.652  50.013 0.6999999881
109729  -44.434  15.207  53.250 0.5000000000
109061  -44.283  14.305  53.081 0.5000000000
108395  -44.823  13.338  51.989 0.6000000238
147318  -45.827  13.404  52.308 0.6000000238
108410  -46.449  12.788  51.451 0.6999999881
147006  -48.137  12.829  51.481 0.6999999881
111779  -45.827  17.607  52.891 0.5000000000
110403  -45.276  16.518  53.032 0.5000000000
114335  -45.122  22.359  53.916 0.4000000060
114908  -46.017  24.010  54.288 0.6000000238
113151  -46.608  20.179  53.135 0.6000000238
115485  -46.492  24.770  54.376 0.6000000238
134866  -46.945  25.528  54.540 0.6000000238
116678  -47.465  26.324  54.814 0.6000000238
116081  -49.620  25.397  55.179 0.6999999881
117234  -49.068  27.926  55.928 0.6999999881
110220  -45.292  17.304  68.524 0.1000000015
108947  -42.282  14.789  66.801 0.1000000015
135697  -43.238  16.182  68.329 0.1000000015
110219  -44.324  17.077  68.745 0.1000000015
111634  -47.409  18.278  67.264 0.4000000060
108958  -41.050  14.169  66.303 0.1000000015
108946  -41.427  14.604  67.024 0.1000000015
160274  -42.550  15.908  68.389 0.1000000015
109525  -42.674  16.686  68.852 0.1000000015
109585  -48.330  16.031  64.458 0.5000000000
109573  -48.949  17.030  65.110 0.6000000238
110300  -49.545  17.131  61.352 0.8000000119
109661  -48.790  15.720  59.493 0.8000000119
109730  -45.212  15.627  53.118 0.5000000000
109073  -46.475  14.166  52.809 0.8000000119
109074  -47.381  14.291  52.534 0.8000000119
108397  -47.797  13.462  52.041 0.6999999881
111091  -45.901  16.867  52.849 0.5000000000
111092  -46.623  17.154  52.677 0.6000000238
109744  -46.822  15.354  52.750 0.6999999881
157814  -47.369  16.014  52.476 0.8000000119
145538  -44.729  22.926  54.155 0.4000000060
111780  -46.646  17.962  52.716 0.6000000238
115484  -45.605  24.826  54.360 0.6000000238
116077  -45.251  25.596  54.304 0.4000000060
112503  -46.789  18.830  52.772 0.6000000238
116078  -46.076  25.519  54.409 0.6000000238
117250  -46.392  27.821  54.631 0.5000000000
116677  -46.514  26.284  54.566 0.6000000238
114929  -48.687  23.308  53.923 0.8000000119
116661  -47.041  27.252  54.905 0.6000000238
117233  -48.038  28.097  55.308 0.6999999881
109526  -43.457  16.897  68.906 0.1000000015
111624  -46.335  18.050  68.089 0.3000000119
108274  -39.833  14.080  66.512 0.1000000015
108944  -39.612  14.569  67.412 0.1000000015
108930  -40.106  15.303  68.234 0.1000000015
109538  -41.906  16.366  68.785 0.1000000015
108273  -39.118  14.045  66.636 0.1000000015
108929  -39.254  15.402  68.441 0.1000000015
110927  -48.188  18.188  66.665 0.5000000000
142777  -48.511  17.580  66.009 0.4000000060
110957  -49.551  18.003  65.110 0.8000000119
111665  -50.241  18.261  64.002 0.8000000119
110358  -43.477  16.857  57.770 0.5000000000
110359  -44.248  17.122  57.582 0.6999999881
109669  -45.832  15.879  58.642 0.6000000238
149621  -47.361  15.729  59.826 0.8999999762
146038  -43.610  18.332  57.448 0.6000000238
109659  -46.762  15.638  59.031 0.6999999881
109660  -47.779  15.608  59.210 0.6999999881
111034  -44.053  17.909  57.418 0.6000000238
110360  -45.248  17.030  57.481 0.6999999881
144510  -43.497  19.074  57.472 0.5000000000
111719  -44.874  17.981  57.329 0.6000000238
110369  -46.962  16.787  56.854 0.8000000119
112431  -43.307  19.943  57.579 0.6000000238
111718  -44.210  18.694  57.401 0.5000000000
112433  -45.021  19.190  57.337 0.6999999881
113091  -43.099  20.758  57.714 0.5000000000
112432  -44.207  19.712  57.515 0.6000000238
156972  -44.856  19.914  57.478 0.6999999881
113707  -43.643  21.340  57.955 0.5000000000
113708  -44.450  21.260  57.915 0.6999999881
113709  -45.321  21.208  57.746 0.6999999881
115483  -44.739  24.961  54.279 0.4000000060
116676  -45.910  26.985  54.409 0.5000000000
117249  -45.703  27.725  54.300 0.5000000000
115489  -50.814  24.381  54.979 0.8999999762
115479  -50.894  24.786  55.639 0.8999999762
115477  -50.800  24.968  56.442 0.8999999762
115474  -50.247  24.961  57.244 0.8999999762
114896  -50.180  24.066  57.283 0.8999999762
115465  -49.282  25.055  58.017 0.8999999762
136313  -46.699  28.619  54.686 0.5000000000
117850  -48.842  28.997  55.928 0.6999999881
117849  -47.828  29.061  55.178 0.6000000238
110909  -44.374  17.307  68.581 0.2000000030
110910  -45.571  17.711  68.239 0.2000000030
110908  -43.239  17.248  68.749 0.1000000015
110899  -41.845  17.216  68.960 0.1000000015
110907  -42.500  17.275  68.833 0.1000000015
109536  -39.724  16.312  68.986 0.1000000015
110945  -49.111  18.065  65.718 0.6000000238
110988  -50.165  17.862  61.997 0.6999999881
110309  -48.712  16.468  60.821 0.8000000119
141330  -40.905  19.606  57.515 0.4000000060
112430  -41.789  19.333  57.504 0.4000000060
111032  -42.323  17.779  57.554 0.5000000000
109668  -44.953  16.100  58.443 0.6999999881
110308  -47.561  16.234  60.699 0.8000000119
113090  -41.516  20.398  57.583 0.4000000060
144511  -42.707  19.267  57.503 0.5000000000
113704  -39.857  21.823  57.495 0.3000000119
157775  -40.915  20.963  57.577 0.4000000060
142718  -41.542  21.352  57.699 0.4000000060
141500  -42.461  20.130  57.592 0.4000000060
113705  -40.719  21.658  57.614 0.4000000060
138767  -42.327  21.000  57.719 0.4000000060
114295  -40.387  22.577  57.695 0.4000000060
114892  -41.143  23.072  57.935 0.5000000000
113706  -42.310  21.909  57.938 0.5000000000
114281  -41.948  22.767  58.074 0.5000000000
113692  -43.295  22.079  58.177 0.5000000000
113693  -44.180  21.939  58.235 0.5000000000
113694  -45.038  21.944  58.134 0.6000000238
114282  -42.675  22.606  58.202 0.5000000000
156561  -43.948  22.554  58.399 0.6000000238
113695  -45.958  22.008  57.966 0.6999999881
114285  -45.652  22.713  58.289 0.6999999881
114286  -46.681  22.897  58.111 0.6999999881
114883  -48.763  24.599  58.209 0.8999999762
155044  -48.916  25.273  58.225 0.8999999762
116664  -49.724  26.591  55.956 0.6999999881
155507  -49.845  26.991  56.595 0.8000000119
116665  -50.083  26.079  56.128 0.8000000119
116054  -49.623  26.078  57.555 0.8999999762
154554  -46.009  28.270  54.373 0.5000000000
140862  -47.065  29.475  54.597 0.5000000000
110923  -43.731  17.496  68.203 0.2000000030
110254  -39.713  16.423  67.011 0.1000000015
110922  -42.820  17.383  68.256 0.2000000030
110924  -44.771  17.806  67.987 0.2000000030
147406  -39.413  16.655  68.073 0.1000000015
110218  -41.982  17.301  68.423 0.2000000030
110216  -40.082  16.956  68.908 0.1000000015
111662  -48.122  18.659  65.325 0.6999999881
111663  -48.895  18.609  64.982 0.8000000119
111684  -50.346  18.214  63.313 0.6999999881
110986  -48.044  17.403  62.171 0.8999999762
110985  -47.035  17.300  62.297 0.6999999881
110987  -49.125  17.622  62.063 0.8000000119
141332  -39.211  19.756  57.489 0.4000000060
112429  -41.081  18.884  57.507 0.4000000060
110356  -41.996  17.082  57.751 0.4000000060
109657  -44.322  15.839  59.072 0.5000000000
109635  -45.670  15.824  60.307 0.5000000000
110298  -47.297  16.784  61.576 0.8000000119
110299  -48.370  16.886  61.487 0.8000000119
113087  -38.864  20.514  57.472 0.3000000119
111715  -41.598  18.381  57.518 0.4000000060
110346  -44.043  16.367  58.180 0.5000000000
109658  -45.209  15.735  59.296 0.6000000238
109636  -46.622  15.766  60.039 0.6999999881
113703  -38.990  21.900  57.481 0.3000000119
113088  -39.714  20.424  57.487 0.3000000119
114293  -38.578  22.665  57.542 0.3000000119
151703  -39.764  23.208  57.735 0.4000000060
114891  -40.372  23.523  57.899 0.5000000000
114877  -41.056  23.920  58.117 0.5000000000
157147  -41.699  23.475  58.158 0.5000000000
152405  -42.659  24.193  58.425 0.6000000238
117824  -49.120  29.434  57.551 0.8000000119
118471  -48.669  30.330  57.532 0.8000000119
114893  -48.389  23.865  58.124 0.8999999762
118482  -48.990  30.174  57.119 0.6999999881
117838  -49.390  29.447  57.002 0.6999999881
117825  -49.348  28.401  57.636 0.8000000119
117192  -49.040  27.331  58.030 0.8000000119
116626  -48.914  26.534  58.145 0.8999999762
118490  -49.181  29.767  56.535 0.6999999881
116625  -48.273  26.431  58.462 0.8999999762
118489  -48.073  30.138  55.145 0.5000000000
117861  -46.051  28.999  54.112 0.4000000060
118496  -46.583  29.796  54.015 0.5000000000
119172  -47.440  30.328  54.382 0.5000000000
140167  -41.035  16.532  66.495 0.1000000015
143818  -41.751  16.712  66.487 0.2000000030
110925  -45.782  18.185  67.613 0.3000000119
111649  -47.068  18.514  66.673 0.5000000000
110968  -47.560  18.226  63.686 0.8000000119
110979  -48.791  18.003  62.763 0.6999999881
151023  -40.991  24.832  58.311 0.5000000000
115458  -41.858  24.265  58.311 0.6000000238
119846  -48.339  31.711  56.424 0.6000000238
119163  -48.660  30.839  55.816 0.6999999881
119173  -48.361  30.965  54.975 0.5000000000
110256  -41.523  16.352  65.510 0.1000000015
110258  -43.171  17.199  66.352 0.2000000030
110257  -42.364  16.660  65.666 0.1000000015
110940  -43.966  17.544  67.121 0.3000000119
110942  -45.643  18.157  66.204 0.4000000060
111676  -49.195  18.558  64.157 0.8000000119
110271  -43.206  16.830  65.108 0.3000000119
111648  -46.335  18.408  66.856 0.4000000060
111675  -48.329  18.563  64.402 0.8000000119
108310  -45.502  13.434  63.583 0.3000000119
105545  -39.932  8.775  56.225 0.5000000000
106903  -42.874  11.138  54.014 0.6999999881
106904  -43.439  11.181  53.311 0.6999999881
109670  -47.416  15.669  58.350 0.6999999881
137498  -46.212  16.783  57.320 0.6999999881
109685  -46.571  16.015  57.985 0.6999999881
107688  -47.905  12.261  50.712 0.6999999881
109075  -48.203  14.403  52.204 0.8000000119
109638  -49.239  16.239  60.308 0.8999999762
111720  -45.564  18.517  57.168 0.6999999881
109745  -47.749  15.276  52.382 0.8000000119
111093  -47.425  17.449  52.399 0.8000000119
114902  -51.166  24.214  55.914 0.8999999762
148824  -51.140  23.942  55.123 0.8999999762
114930  -49.877  23.261  53.998 0.8000000119
104222  -38.450  6.852  52.003 0.5000000000
104230  -38.894  7.114  51.316 0.6000000238
104915  -39.575  8.120  53.406 0.6000000238
105559  -40.503  9.309  53.704 0.6000000238
106187  -41.069  10.007  54.027 0.6999999881
104924  -36.857  7.650  52.721 0.2000000030
104228  -37.280  7.130  51.813 0.4000000060
103476  -37.903  6.640  51.803 0.5000000000
104235  -38.170  7.014  50.658 0.4000000060
104937  -39.432  7.569  50.739 0.6000000238
104943  -38.786  7.441  50.345 0.5000000000
105569  -41.088  9.593  52.979 0.6999999881
105579  -41.479  9.526  52.104 0.6999999881
106189  -42.226  10.783  53.988 0.6999999881
106186  -36.648  10.001  54.138 0.2000000030
104914  -37.050  8.530  53.088 0.2000000030
105567  -37.399  9.185  52.991 0.3000000119
105594  -39.010  8.012  50.045 0.5000000000
105587  -41.275  8.964  50.645 0.6999999881
141925  -42.603  9.879  51.240 0.6999999881
106211  -43.514  10.658  51.856 0.6999999881
106743  -47.766  11.187  65.104 0.6000000238
106207  -38.245  9.819  52.178 0.3000000119
106208  -38.767  9.544  51.346 0.4000000060
106932  -39.788  10.835  50.857 0.6000000238
158181  -40.061  9.092  49.475 0.6000000238
106259  -41.607  9.629  49.015 0.6000000238
105588  -42.064  9.512  50.482 0.6000000238
154782  -43.811  10.162  49.781 0.6000000238
106933  -44.949  10.913  51.415 0.6999999881
106077  -45.049  10.135  64.988 0.2000000030
106079  -46.855  10.575  65.433 0.4000000060
106177  -35.716  10.770  54.994 0.1000000015
106919  -38.585  10.746  52.082 0.3000000119
106261  -44.267  10.420  48.817 0.6000000238
108304  -44.211  13.884  64.044 0.2000000030
107590  -40.367  12.319  63.878 0.1000000015
106775  -41.573  11.573  63.523 0.1000000015
107592  -42.716  12.477  63.648 0.1000000015
135347  -40.094  10.846  63.307 0.1000000015
104824  -41.148  8.855  64.938 0.2000000030
107596  -46.931  12.622  63.589 0.4000000060
105454  -42.921  9.174  65.175 0.2000000030
107669  -37.211  12.962  53.050 0.2000000030
140820  -38.405  11.917  52.275 0.6000000238
107695  -40.119  12.459  50.845 0.6000000238
108404  -39.123  13.450  51.619 0.6000000238
107696  -40.755  12.138  50.153 0.6000000238
106949  -42.828  11.084  48.459 0.6000000238
106272  -45.686  10.919  48.464 0.6000000238
104808  -41.487  8.544  65.827 0.2000000030
109082  -39.667  14.377  51.356 0.6000000238
108405  -40.330  14.098  50.876 0.6000000238
141756  -41.329  13.705  50.092 0.6000000238
108421  -42.008  13.489  49.613 0.6000000238
109093  -42.304  13.950  50.229 0.6000000238
147886  -43.357  12.394  48.592 0.6000000238
108430  -42.733  12.961  48.965 0.6000000238
107718  -43.837  11.751  48.336 0.6000000238
107720  -45.249  11.487  48.396 0.6000000238
106951  -46.793  11.088  48.723 0.6999999881
109742  -42.372  15.123  52.692 0.5000000000
109070  -42.662  14.399  52.129 0.6000000238
107685  -45.149  12.587  50.214 0.6000000238
111072  -43.641  17.487  53.521 0.5000000000
112492  -44.626  19.570  53.591 0.5000000000
111073  -44.510  17.449  53.273 0.5000000000
144505  -45.237  20.812  53.483 0.6000000238
141530  -45.066  17.964  53.199 0.5000000000
114337  -47.030  22.509  53.658 0.6999999881
117220  -49.766  27.776  57.203 0.8000000119
107701  -47.499  11.685  49.909 0.6999999881
108409  -45.470  12.870  51.273 0.6999999881
108387  -45.676  14.084  53.001 0.5000000000
108396  -46.898  13.384  52.193 0.6999999881
114926  -45.445  23.219  54.146 0.4000000060
115488  -50.046  24.648  54.859 0.8000000119
138100  -41.267  16.035  68.730 0.1000000015
110404  -45.974  16.030  52.950 0.6000000238
114907  -45.105  24.144  54.328 0.4000000060
114925  -44.583  23.566  54.273 0.4000000060
116675  -45.078  26.403  54.143 0.4000000060
139477  -48.786  29.976  55.850 0.6999999881
108943  -38.763  14.628  67.644 0.1000000015
109523  -40.257  16.889  69.070 0.1000000015
110200  -41.046  17.087  69.081 0.1000000015
110357  -42.716  16.977  57.736 0.5000000000
110347  -45.599  16.383  57.913 0.6999999881
149126  -45.999  15.693  59.431 0.6000000238
116649  -50.148  26.217  56.706 0.8000000119
110217  -41.112  17.198  68.693 0.1000000015
141331  -40.065  19.684  57.493 0.4000000060
114294  -39.437  22.591  57.571 0.4000000060
117207  -49.422  27.513  57.679 0.8000000119
101673  -46.172  4.337  65.089 0.1000000015
101674  -47.079  4.222  65.148 0.1000000015
145551  -47.616  3.594  64.420 0.2000000030
100847  -48.457  3.134  63.971 0.2000000030
100848  -49.463  2.994  63.836 0.2000000030
101654  -43.880  4.991  65.545 0.1000000015
101682  -44.131  4.131  64.221 0.1000000015
101672  -45.285  4.487  64.974 0.1000000015
100827  -45.755  3.964  64.362 0.1000000015
100845  -46.145  3.312  63.889 0.1000000015
100846  -47.100  3.061  63.799 0.2000000030
99997  -47.892  2.540  63.659 0.2000000030
99998  -48.914  2.139  63.615 0.2000000030
136010  -49.576  1.343  63.633 0.2000000030
150130  -41.696  3.921  63.799 0.1000000015
101669  -42.685  4.636  64.569 0.1000000015
160276  -44.577  3.632  63.938 0.1000000015
100844  -45.279  3.468  63.917 0.1000000015
98404  -49.092  0.173  64.379 0.2000000030
141012  -41.186  2.849  63.262 0.1000000015
100841  -42.047  3.229  63.523 0.1000000015
99992  -42.776  2.528  63.369 0.1000000015
99224  -40.230  1.587  62.800 0.1000000015
100009  -40.772  2.080  62.988 0.1000000015
99226  -42.330  0.944  62.869 0.1000000015
98424  -39.336  0.612  62.614 0.1000000015
97631  -40.420  -0.254  62.425 0.1000000015
97632  -41.351  -0.307  62.489 0.1000000015
134874  -47.040  4.747  67.252 0.1000000015
141131  -47.523  4.426  66.065 0.1000000015
100813  -48.421  4.216  65.834 0.2000000030
100814  -49.258  3.859  65.389 0.2000000030
100831  -50.077  3.458  64.703 0.2000000030
100832  -51.040  3.372  64.426 0.2000000030
102482  -44.334  5.268  67.615 0.1000000015
101630  -45.001  5.125  66.758 0.1000000015
100829  -48.446  3.774  64.823 0.2000000030
100830  -49.115  3.464  64.446 0.2000000030
100849  -50.414  3.011  63.782 0.2000000030
100850  -51.371  3.138  63.771 0.2000000030
102500  -42.600  5.191  66.107 0.1000000015
102502  -44.132  5.223  66.568 0.1000000015
101671  -44.438  4.590  64.843 0.1000000015
99999  -49.923  2.158  63.559 0.2000000030
100000  -50.739  2.189  63.362 0.2000000030
101651  -41.221  4.776  65.207 0.1000000015
101652  -42.057  5.025  65.414 0.1000000015
96791  -49.630  -1.313  65.625 0.2000000030
99216  -49.569  0.474  63.818 0.2000000030
99217  -50.461  1.456  63.176 0.2000000030
149097  -49.375  -1.743  66.002 0.2000000030
101632  -48.162  4.446  66.951 0.1000000015
101633  -49.287  4.271  66.647 0.2000000030
100815  -50.258  3.861  65.979 0.2000000030
100816  -51.230  3.652  65.424 0.3000000119
102469  -43.320  5.231  68.618 0.1000000015
159143  -43.862  5.270  68.182 0.1000000015
101631  -46.127  5.084  68.094 0.1000000015
101613  -47.898  4.629  68.053 0.1000000015
134137  -49.816  4.410  67.706 0.4000000060
101634  -50.832  4.338  67.626 0.4000000060
100817  -52.287  3.851  65.916 0.3000000119
100833  -52.231  3.518  64.827 0.2000000030
101629  -42.652  5.186  67.037 0.1000000015
102501  -43.298  5.224  66.347 0.1000000015
100001  -51.652  2.617  63.263 0.2000000030
102499  -41.988  5.106  66.503 0.1000000015
98417  -49.609  -0.034  63.881 0.2000000030
98418  -49.939  0.774  63.327 0.2000000030
96801  -49.809  -1.404  65.310 0.2000000030
99228  -50.665  1.384  62.834 0.2000000030
102473  -51.942  5.217  68.176 0.4000000060
100801  -52.441  4.531  66.541 0.3000000119
101582  -50.973  5.163  69.122 0.4000000060
101617  -51.892  4.600  67.851 0.4000000060
102445  -45.259  5.693  69.502 0.2000000030
153274  -46.046  5.722  69.711 0.3000000119
101578  -47.985  4.999  69.589 0.3000000119
101579  -49.008  5.066  69.752 0.2000000030
101598  -50.623  4.885  69.045 0.4000000060
101635  -51.686  4.347  67.409 0.4000000060
100800  -52.179  4.214  66.649 0.3000000119
101658  -52.909  4.258  65.574 0.3000000119
101577  -40.891  5.251  69.354 0.2000000030
132900  -42.500  5.054  68.812 0.2000000030
102460  -43.800  5.470  69.201 0.2000000030
102444  -44.432  5.681  69.425 0.2000000030
153611  -46.137  5.454  69.421 0.2000000030
101594  -47.038  5.127  69.358 0.2000000030
101615  -49.309  4.600  68.513 0.4000000060
135943  -50.289  4.553  68.464 0.5000000000
101659  -53.323  3.973  64.971 0.2000000030
100851  -52.359  3.223  63.842 0.2000000030
101591  -41.090  4.796  68.995 0.1000000015
101592  -41.874  4.863  68.547 0.1000000015
100003  -53.094  2.947  63.164 0.2000000030
100002  -52.510  2.781  63.230 0.2000000030
102440  -39.553  5.539  69.415 0.1000000015
100017  -53.252  3.067  62.093 0.2000000030
100015  -52.048  2.301  62.057 0.2000000030
100014  -51.535  2.152  61.596 0.2000000030
99242  -50.784  1.911  61.418 0.2000000030
100024  -51.425  2.519  60.607 0.2000000030
100022  -49.117  1.919  60.480 0.2000000030
157991  -49.621  2.400  59.891 0.1000000015
99252  -48.216  2.008  59.982 0.2000000030
102434  -50.057  6.271  70.258 0.4000000060
101581  -50.470  5.323  69.593 0.4000000060
103334  -51.121  5.776  69.249 0.5000000000
145042  -44.956  6.534  69.762 0.3000000119
137371  -46.977  6.756  70.004 0.3000000119
103332  -48.601  6.592  70.317 0.5000000000
102448  -48.870  5.447  70.070 0.4000000060
102472  -51.929  5.486  67.781 0.5000000000
102486  -52.442  5.111  66.916 0.4000000060
102507  -52.586  4.757  66.218 0.3000000119
103327  -41.450  5.676  69.483 0.2000000030
102459  -42.818  5.382  69.141 0.2000000030
104071  -44.244  6.413  69.675 0.2000000030
104779  -44.700  8.077  68.765 0.3000000119
103360  -50.914  6.020  67.474 0.5000000000
102485  -51.916  5.528  66.786 0.5000000000
102506  -52.504  5.089  66.065 0.4000000060
101676  -53.278  4.237  64.829 0.3000000119
102441  -40.163  5.306  69.472 0.2000000030
104082  -41.520  6.661  69.113 0.2000000030
104083  -42.194  6.898  68.921 0.2000000030
104778  -43.873  7.770  68.701 0.3000000119
102505  -51.699  5.386  65.793 0.4000000060
102521  -51.387  5.263  64.841 0.4000000060
101684  -52.821  4.573  63.683 0.3000000119
101685  -53.340  4.247  63.985 0.3000000119
103355  -36.426  6.027  66.965 0.1000000015
103356  -37.275  6.370  67.266 0.1000000015
103350  -39.413  6.416  68.799 0.1000000015
104093  -39.815  7.219  67.953 0.2000000030
104105  -41.168  7.859  67.422 0.2000000030
104096  -42.252  7.551  68.259 0.2000000030
101690  -51.594  4.674  62.269 0.3000000119
101699  -52.981  4.331  62.145 0.3000000119
100861  -53.360  3.610  61.871 0.2000000030
103349  -38.480  6.199  68.530 0.1000000015
104092  -38.993  6.915  67.759 0.1000000015
104103  -39.500  7.513  66.995 0.1000000015
101698  -52.415  4.464  61.380 0.2000000030
100865  -52.988  3.834  60.516 0.2000000030
100025  -52.218  2.629  61.011 0.2000000030
102569  -49.319  5.042  59.693 0.2000000030
102555  -50.229  4.761  59.893 0.2000000030
100885  -52.042  4.040  58.774 0.2000000030
101716  -52.645  4.051  59.861 0.3000000119
100041  -52.165  3.218  59.833 0.2000000030
139493  -48.305  5.330  58.666 0.2000000030
102568  -48.419  5.258  59.560 0.2000000030
102570  -50.249  4.814  58.823 0.2000000030
101725  -51.314  4.085  58.233 0.2000000030
100874  -51.793  3.596  58.969 0.2000000030
100040  -51.243  3.021  59.522 0.2000000030
154418  -49.095  5.270  58.026 0.2000000030
102584  -49.883  5.015  57.960 0.2000000030
100053  -51.000  3.576  58.470 0.2000000030
100883  -50.436  3.826  57.519 0.2000000030
100039  -50.194  2.838  59.300 0.1000000015
135513  -49.432  5.111  57.289 0.2000000030
101735  -50.013  4.237  56.991 0.2000000030
100894  -49.823  4.031  56.819 0.2000000030
102450  -50.451  5.850  69.910 0.5000000000
104770  -47.052  7.811  69.707 0.3000000119
104074  -49.036  7.642  70.285 0.5000000000
154433  -50.218  7.000  70.261 0.5000000000
103343  -50.952  6.374  69.305 0.5000000000
104780  -45.592  8.316  68.751 0.3000000119
104087  -46.061  7.834  69.351 0.3000000119
104782  -47.753  8.818  69.245 0.4000000060
137327  -51.125  6.202  68.429 0.5000000000
104798  -42.608  8.312  67.125 0.2000000030
134098  -43.420  8.249  67.764 0.3000000119
136623  -44.249  8.390  68.115 0.2000000030
104791  -46.089  8.998  68.007 0.2000000030
102484  -50.405  5.810  66.364 0.5000000000
104101  -37.773  7.072  66.537 0.1000000015
104102  -38.640  7.301  66.780 0.1000000015
104104  -40.333  7.722  67.205 0.1000000015
104797  -41.755  8.299  66.782 0.2000000030
104809  -42.513  8.657  66.060 0.2000000030
104799  -43.390  8.651  66.672 0.2000000030
102537  -49.690  4.989  62.559 0.3000000119
102529  -51.001  5.106  63.895 0.3000000119
103357  -38.128  6.659  67.527 0.1000000015
102554  -49.282  4.927  60.708 0.2000000030
102547  -50.531  4.752  61.958 0.3000000119
102567  -47.460  5.387  59.474 0.2000000030
102583  -47.352  5.433  58.443 0.2000000030
102582  -46.314  5.506  58.133 0.2000000030
155345  -48.416  5.393  57.537 0.2000000030
134538  -47.301  5.473  57.403 0.2000000030
104772  -49.446  8.569  69.941 0.5000000000
105427  -47.231  9.244  68.373 0.4000000060
105434  -45.364  9.160  67.250 0.2000000030
105435  -46.118  9.387  67.217 0.4000000060
104800  -44.340  8.820  67.206 0.2000000030
102546  -49.461  4.886  61.682 0.3000000119
102566  -46.473  5.494  59.267 0.2000000030
102565  -45.435  5.636  59.095 0.2000000030
102581  -45.275  5.563  58.107 0.2000000030
102597  -45.904  5.530  57.159 0.2000000030
105428  -48.402  9.567  68.709 0.4000000060
105438  -49.063  10.153  68.163 0.5000000000
105447  -47.254  9.885  67.024 0.4000000060
106066  -49.614  10.475  67.603 0.5000000000
106738  -49.590  10.871  66.324 0.5000000000
145824  -39.274  7.746  55.971 0.4000000060
110941  -44.854  17.820  66.746 0.2000000030
110964  -43.892  17.108  64.526 0.2000000030
110954  -44.834  17.608  65.118 0.2000000030
110955  -45.745  18.087  64.933 0.3000000119
155496  -45.976  18.038  64.094 0.5000000000
110976  -45.848  17.628  63.275 0.5000000000
110977  -46.814  17.693  63.070 0.6000000238
108393  -38.353  13.391  52.041 0.4000000060
110953  -43.964  17.390  65.775 0.2000000030
132669  -43.206  16.651  64.055 0.2000000030
160879  -43.215  16.514  63.294 0.2000000030
109081  -38.673  14.371  51.810 0.4000000060
109738  -38.587  15.320  51.903 0.4000000060
109751  -39.226  15.096  51.605 0.4000000060
110413  -37.348  16.318  52.490 0.3000000119
110415  -38.911  16.572  52.212 0.4000000060
109739  -39.287  15.856  51.837 0.4000000060
109740  -40.602  15.410  51.767 0.4000000060
111068  -39.849  17.798  52.985 0.3000000119
111089  -40.272  17.071  52.648 0.3000000119
110417  -40.649  16.203  52.295 0.4000000060
139211  -41.779  15.422  52.520 0.3000000119
151003  -41.644  23.332  53.816 0.3000000119
116087  -43.194  25.400  53.727 0.3000000119
137779  -43.953  25.097  54.034 0.3000000119
116088  -44.375  25.765  54.014 0.3000000119
116690  -43.509  26.862  53.392 0.3000000119
116691  -44.273  26.645  53.771 0.3000000119
117266  -43.499  27.464  53.056 0.3000000119
148158  -44.099  27.424  53.458 0.3000000119
117248  -44.976  27.359  53.971 0.3000000119
117860  -45.387  28.225  53.968 0.4000000060
148599  -37.710  16.936  52.488 0.3000000119
111087  -38.418  17.255  52.547 0.3000000119
111090  -41.134  16.912  52.880 0.3000000119
110400  -41.934  16.704  53.285 0.3000000119
110419  -42.184  15.915  53.065 0.3000000119
149975  -38.697  18.515  53.050 0.3000000119
111778  -38.995  17.903  52.833 0.3000000119
110418  -41.472  16.087  52.735 0.3000000119
144509  -39.859  19.812  53.671 0.3000000119
112489  -40.558  19.107  53.704 0.3000000119
144992  -41.885  18.903  53.907 0.3000000119
144479  -42.667  19.000  53.892 0.3000000119
148829  -43.508  19.074  53.781 0.3000000119
113755  -39.762  21.444  53.645 0.3000000119
113144  -39.522  20.658  53.637 0.3000000119
113146  -41.443  20.560  54.103 0.3000000119
144508  -40.914  19.831  53.964 0.3000000119
144507  -41.964  19.667  54.026 0.4000000060
144506  -43.023  19.721  54.027 0.4000000060
112491  -43.897  19.706  53.828 0.5000000000
113149  -44.397  20.483  53.721 0.5000000000
114330  -40.480  22.000  53.752 0.3000000119
141329  -41.388  22.030  53.969 0.3000000119
113757  -41.900  21.305  54.177 0.3000000119
113758  -42.889  21.393  54.071 0.3000000119
114333  -43.626  21.954  54.042 0.3000000119
113760  -44.586  21.542  53.801 0.5000000000
141046  -40.945  22.874  53.725 0.3000000119
114332  -42.735  22.340  54.049 0.3000000119
114924  -43.789  23.720  54.212 0.3000000119
114334  -44.283  22.447  54.085 0.3000000119
115497  -43.439  24.524  54.042 0.3000000119
115498  -44.257  24.337  54.239 0.3000000119
117893  -43.085  27.945  51.832 0.2000000030
117894  -43.693  28.386  52.275 0.3000000119
117875  -43.881  28.024  52.936 0.3000000119
117876  -44.407  28.752  52.759 0.3000000119
117278  -43.242  27.750  52.487 0.3000000119
138146  -44.600  28.135  53.471 0.3000000119
117877  -45.180  28.861  53.430 0.3000000119
111086  -37.631  17.525  52.696 0.3000000119
111777  -38.178  18.045  52.869 0.3000000119
111070  -41.645  17.538  53.515 0.3000000119
111071  -42.637  17.355  53.654 0.3000000119
111767  -42.225  18.246  53.845 0.3000000119
144268  -44.165  19.005  53.611 0.4000000060
118503  -45.033  29.342  52.863 0.3000000119
117899  -43.742  28.492  51.581 0.2000000030
118522  -44.706  29.319  52.260 0.3000000119
118534  -44.436  29.047  51.671 0.3000000119
118523  -45.417  29.809  52.518 0.3000000119
117898  -43.087  27.937  51.151 0.2000000030
118504  -45.806  29.687  53.346 0.3000000119
119181  -46.797  30.473  53.513 0.3000000119
117287  -42.419  27.511  50.738 0.2000000030
117900  -44.193  28.715  51.160 0.2000000030
118542  -44.786  29.115  51.093 0.2000000030
119182  -47.865  31.125  54.156 0.4000000060
118535  -45.236  29.655  51.757 0.3000000119
119205  -45.972  30.294  52.205 0.3000000119
119194  -46.705  30.737  52.703 0.3000000119
119193  -46.074  30.251  52.820 0.3000000119
119164  -48.811  30.660  56.615 0.5000000000
156911  -48.518  32.103  55.347 0.5000000000
118543  -45.596  29.510  51.004 0.2000000030
119854  -48.532  31.709  54.828 0.4000000060
138733  -48.580  32.830  54.254 0.4000000060
119875  -48.265  31.898  53.166 0.3000000119
119866  -48.566  32.433  53.734 0.3000000119
120519  -48.627  32.895  53.372 0.4000000060
119206  -46.726  30.741  52.035 0.3000000119
119883  -47.544  31.274  52.567 0.3000000119
120530  -48.530  32.720  52.488 0.3000000119
119884  -48.348  31.820  52.331 0.3000000119
119876  -48.506  32.434  52.878 0.3000000119
117191  -48.648  27.146  58.274 0.6999999881
141175  -47.923  28.322  58.423 0.6999999881
118464  -48.366  29.703  58.032 0.6999999881
119146  -48.189  30.843  57.396 0.6999999881
119845  -48.062  32.022  56.338 0.6999999881
120499  -47.759  32.614  55.737 0.6000000238
121096  -47.925  33.319  54.431 0.6999999881
121097  -48.364  33.099  54.538 0.6000000238
121103  -47.905  33.364  53.512 0.6000000238
117906  -45.203  28.844  50.416 0.2000000030
121104  -48.443  33.125  53.823 0.6000000238
118536  -46.106  30.138  51.567 0.3000000119
119223  -46.974  30.517  51.414 0.3000000119
119207  -47.658  31.143  51.883 0.3000000119
117821  -45.637  28.975  57.628 0.6999999881
117807  -46.907  28.480  58.293 0.6999999881
119154  -45.736  30.714  56.356 0.6999999881
118468  -45.612  29.510  57.229 0.6999999881
117823  -47.129  29.256  58.053 0.6999999881
118480  -46.161  30.180  56.999 0.6999999881
118481  -47.222  30.534  57.359 0.6999999881
152625  -46.732  30.881  56.849 0.6999999881
119155  -47.596  31.215  57.017 0.6999999881
119162  -45.856  31.359  55.864 0.6999999881
119853  -46.016  32.155  55.172 0.6999999881
120518  -46.335  32.923  54.239 0.6999999881
117914  -44.783  28.235  49.886 0.2000000030
117907  -46.161  29.081  50.316 0.2000000030
121124  -48.298  32.996  51.784 0.4000000060
121113  -48.405  33.144  52.925 0.4000000060
118544  -46.519  29.841  50.883 0.2000000030
119208  -48.540  31.433  51.476 0.3000000119
119885  -48.617  32.046  51.863 0.3000000119
115461  -44.852  24.170  58.542 0.6000000238
115462  -45.908  24.226  58.567 0.6000000238
147256  -46.924  24.276  58.486 0.8000000119
115464  -48.375  25.069  58.414 0.8000000119
152096  -47.622  25.994  58.589 0.8000000119
117189  -47.157  27.564  58.503 0.8000000119
118488  -44.600  30.170  56.048 0.6999999881
119161  -44.984  30.929  55.625 0.6999999881
119171  -44.355  31.103  54.901 0.6999999881
119843  -45.369  31.625  55.211 0.6999999881
120507  -46.186  32.548  54.751 0.6999999881
121102  -47.020  33.278  53.935 0.6999999881
121111  -46.650  33.311  52.744 0.6999999881
121112  -47.696  33.271  52.287 0.6000000238
119224  -47.992  30.713  51.210 0.3000000119
119892  -48.900  31.884  51.135 0.3000000119
160070  -48.054  33.036  50.981 0.4000000060
120540  -48.589  32.390  51.521 0.3000000119
121137  -48.365  32.722  50.877 0.3000000119
116040  -45.422  25.070  58.604 0.6000000238
147036  -46.600  25.033  58.577 0.6000000238
115463  -47.587  24.932  58.529 0.6999999881
119192  -41.244  30.857  52.918 0.6999999881
119178  -41.555  30.215  53.520 0.6999999881
119860  -42.048  30.898  53.339 0.6999999881
119169  -42.677  30.258  54.404 0.6999999881
119170  -43.479  30.810  54.433 0.6999999881
119180  -43.335  31.288  53.808 0.6999999881
117206  -45.774  28.366  58.016 0.6999999881
119861  -42.724  31.443  53.271 0.6999999881
119873  -42.739  32.134  52.705 0.6999999881
119851  -44.039  31.454  54.151 0.6999999881
120526  -42.858  32.758  52.153 0.6999999881
119862  -43.615  31.896  53.366 0.6999999881
120515  -44.348  32.507  53.069 0.6999999881
119852  -45.370  32.095  54.602 0.6999999881
157633  -44.438  26.878  49.129 0.2000000030
121120  -43.465  33.555  51.318 0.6999999881
120528  -44.587  33.015  52.418 0.6999999881
120516  -45.106  32.846  53.114 0.6999999881
117294  -45.325  27.612  49.408 0.2000000030
117915  -45.728  28.370  49.777 0.2000000030
146571  -44.225  33.364  51.614 0.6999999881
121121  -44.812  33.574  51.160 0.6999999881
120529  -45.437  33.161  52.592 0.6999999881
116714  -44.987  26.898  49.077 0.2000000030
117916  -46.789  28.465  49.733 0.2000000030
141440  -47.365  30.139  50.854 0.2000000030
121133  -44.804  34.209  50.355 0.6999999881
121122  -45.589  33.611  50.708 0.6000000238
121123  -46.609  33.352  51.458 0.5000000000
117295  -46.331  27.665  49.316 0.2000000030
117917  -47.923  28.514  49.705 0.2000000030
121135  -46.464  33.547  50.296 0.5000000000
117909  -48.539  29.224  50.095 0.3000000119
119225  -49.003  30.696  50.812 0.2000000030
119209  -49.042  31.456  51.042 0.4000000060
120547  -48.851  32.239  50.646 0.4000000060
116039  -44.592  25.762  58.493 0.6000000238
148042  -45.599  26.065  58.521 0.6000000238
117187  -44.290  27.092  58.391 0.6000000238
116041  -46.740  25.916  58.579 0.6999999881
148406  -46.373  26.812  58.539 0.6999999881
150182  -45.014  28.449  57.691 0.6999999881
117837  -44.746  28.999  57.218 0.6999999881
119160  -43.297  30.130  55.065 0.6999999881
119872  -41.761  31.698  52.682 0.6999999881
120525  -41.960  32.582  52.175 0.6999999881
120539  -42.995  33.220  51.664 0.6999999881
121132  -43.207  34.291  50.669 0.6999999881
142483  -44.054  33.934  50.822 0.6999999881
121134  -45.645  34.315  49.696 0.6000000238
116725  -44.503  26.258  48.789 0.2000000030
116715  -45.872  26.931  48.954 0.2000000030
139712  -47.165  33.416  49.980 0.4000000060
149396  -49.653  30.258  50.360 0.4000000060
119893  -49.314  31.590  50.499 0.4000000060
121136  -47.870  33.108  50.292 0.4000000060
117204  -43.584  27.602  58.088 0.6000000238
149170  -45.286  26.994  58.455 0.6000000238
117218  -40.454  27.870  57.133 0.5000000000
117219  -41.298  28.002  57.332 0.6000000238
117818  -42.144  28.079  57.457 0.6000000238
117205  -44.863  27.764  58.086 0.6999999881
117845  -40.039  28.246  55.296 0.5000000000
117833  -41.036  28.286  56.511 0.6000000238
117834  -41.857  28.392  56.750 0.6000000238
148761  -42.554  28.470  56.951 0.6999999881
117819  -43.134  28.209  57.453 0.6999999881
117856  -38.973  28.116  54.002 0.5000000000
117846  -40.854  28.477  55.571 0.6000000238
117847  -41.670  28.664  55.907 0.6999999881
143119  -42.195  29.115  55.533 0.6999999881
117835  -43.211  28.776  56.738 0.6999999881
117820  -44.189  28.258  57.590 0.6999999881
117857  -39.778  28.389  54.392 0.5000000000
117858  -40.591  28.695  54.612 0.6999999881
117859  -41.543  29.053  54.930 0.6999999881
118485  -42.422  29.608  54.958 0.6999999881
118477  -43.244  29.242  56.192 0.6999999881
118478  -44.053  29.324  56.518 0.6999999881
117871  -37.434  28.385  53.112 0.5000000000
117872  -38.334  28.563  53.149 0.5000000000
117873  -39.537  28.646  53.687 0.5000000000
117874  -40.179  28.923  53.760 0.6000000238
119177  -40.795  30.132  53.079 0.6000000238
118487  -43.692  29.781  55.791 0.6999999881
120524  -40.785  32.525  52.193 0.6999999881
121741  -44.850  34.842  49.638 0.6000000238
121759  -46.063  34.731  48.781 0.5000000000
116128  -44.169  25.286  48.548 0.2000000030
121148  -48.400  32.842  49.716 0.3000000119
121147  -47.499  33.620  49.165 0.3000000119
145583  -46.281  26.235  48.658 0.2000000030
117296  -47.461  27.688  49.318 0.2000000030
120555  -48.785  32.791  48.533 0.3000000119
119901  -49.608  31.541  49.737 0.3000000119
120556  -49.163  32.203  49.726 0.3000000119
117885  -30.642  28.686  52.575 0.4000000060
117886  -31.559  28.555  52.719 0.4000000060
117272  -32.377  28.396  52.817 0.4000000060
117273  -33.086  28.283  52.835 0.4000000060
117275  -35.290  28.455  52.752 0.4000000060
117889  -34.719  29.493  52.591 0.5000000000
117276  -36.003  28.493  52.780 0.5000000000
117870  -36.612  28.029  53.183 0.5000000000
117891  -36.598  29.237  52.627 0.5000000000
118500  -38.665  29.437  52.742 0.6000000238
118519  -39.095  30.250  52.566 0.6000000238
119191  -38.686  31.442  52.476 0.6000000238
133543  -39.712  31.444  52.479 0.6000000238
118501  -39.578  29.328  53.062 0.6999999881
118502  -40.328  29.559  53.242 0.6999999881
146974  -40.505  30.818  52.676 0.6000000238
121119  -41.823  33.767  51.117 0.6999999881
132822  -42.674  33.748  51.177 0.6999999881
121131  -42.348  34.317  50.558 0.6000000238
121740  -43.951  34.902  49.954 0.6000000238
121756  -44.047  35.321  48.939 0.6000000238
121757  -44.569  35.206  49.201 0.6999999881
121778  -46.768  34.513  48.244 0.5000000000
117297  -48.729  27.753  49.358 0.3000000119
156491  -48.860  28.562  49.706 0.3000000119
119237  -50.141  30.240  50.084 0.4000000060
119915  -49.503  31.984  48.850 0.4000000060
118547  -50.017  29.569  50.122 0.3000000119
119249  -50.084  30.928  49.164 0.3000000119
118512  -32.692  29.829  52.246 0.4000000060
117887  -32.927  29.090  52.635 0.4000000060
117888  -33.820  28.816  52.700 0.5000000000
118516  -35.994  30.509  52.528 0.5000000000
117892  -37.616  29.609  52.599 0.5000000000
120536  -40.399  33.170  51.646 0.6000000238
121130  -41.532  34.133  50.377 0.6999999881
121777  -45.927  35.153  47.944 0.4000000060
121160  -48.116  33.435  47.704 0.4000000060
121779  -47.029  34.390  47.550 0.3000000119
120566  -49.220  32.402  47.852 0.4000000060
119238  -50.533  29.919  49.482 0.4000000060
139655  -49.672  31.711  47.896 0.4000000060
117918  -49.618  28.244  49.560 0.3000000119
117919  -50.214  28.769  49.682 0.3000000119
118553  -50.458  29.343  49.694 0.4000000060
104076  -50.136  7.705  69.944 0.5000000000
103352  -50.178  6.801  67.879 0.5000000000
102504  -50.553  5.520  65.416 0.4000000060
102520  -50.002  5.444  64.556 0.4000000060
102538  -50.712  4.861  62.928 0.4000000060
102553  -48.583  5.173  60.287 0.2000000030
104062  -50.528  6.761  69.905 0.5000000000
104771  -48.381  8.289  69.914 0.4000000060
105437  -47.910  9.853  67.702 0.5000000000
105552  -40.014  9.032  55.496 0.4000000060
104807  -40.582  8.450  65.610 0.1000000015
104810  -43.343  8.946  65.869 0.2000000030
111768  -43.267  18.321  53.730 0.3000000119
146043  -44.162  23.106  54.215 0.3000000119
111674  -47.411  18.496  64.579 0.4000000060
119840  -48.456  31.220  56.856 0.6000000238
119156  -48.202  31.283  57.028 0.6999999881
117811  -49.093  28.042  57.978 0.6999999881
111660  -46.421  18.407  65.804 0.3000000119
110967  -46.652  18.136  63.859 0.6000000238
139805  -48.486  31.358  56.335 0.5000000000
120500  -48.214  32.301  55.851 0.5000000000
104796  -40.879  8.200  66.540 0.2000000030
109752  -39.925  15.289  51.526 0.4000000060
101657  -46.571  4.620  66.046 0.1000000015
101656  -45.624  4.764  65.895 0.1000000015
101670  -43.589  4.639  64.699 0.1000000015
101681  -43.307  4.118  64.026 0.1000000015
100826  -44.920  4.086  64.330 0.1000000015
101655  -44.736  4.899  65.719 0.1000000015
99215  -48.942  1.039  63.866 0.2000000030
144241  -50.058  1.276  63.445 0.2000000030
101680  -42.418  4.032  63.887 0.1000000015
101667  -40.722  4.445  64.634 0.1000000015
101668  -41.681  4.495  64.423 0.1000000015
100842  -43.028  3.385  63.612 0.1000000015
99993  -43.671  2.702  63.517 0.1000000015
99994  -44.623  2.893  63.625 0.1000000015
159628  -41.375  2.226  63.083 0.1000000015
99209  -42.524  1.720  63.131 0.1000000015
99210  -43.482  1.765  63.332 0.1000000015
98425  -40.119  0.958  62.590 0.1000000015
148265  -40.833  1.229  62.729 0.1000000015
99225  -41.523  0.676  62.667 0.1000000015
99222  -38.625  1.381  62.936 0.1000000015
101612  -47.022  4.904  68.531 0.2000000030
102483  -45.185  5.206  67.852 0.1000000015
102481  -43.463  5.253  67.546 0.1000000015
142925  -45.932  4.950  66.984 0.1000000015
101614  -48.834  4.517  67.766 0.3000000119
102468  -42.621  5.040  68.128 0.1000000015
102470  -44.354  5.294  68.581 0.2000000030
102471  -45.343  5.291  68.716 0.2000000030
101593  -46.187  5.185  68.969 0.2000000030
101596  -48.709  4.784  69.155 0.2000000030
100818  -52.994  3.876  65.392 0.3000000119
99233  -51.373  1.935  62.571 0.2000000030
104085  -44.433  7.195  69.322 0.3000000119
102461  -45.524  5.423  69.178 0.2000000030
103330  -46.548  5.947  70.044 0.3000000119
102446  -46.751  5.491  69.731 0.3000000119
102447  -47.394  5.565  70.004 0.3000000119
142386  -48.257  5.737  70.190 0.3000000119
101580  -49.956  5.069  69.620 0.5000000000
103326  -40.658  5.673  69.554 0.2000000030
102443  -43.133  5.816  69.466 0.2000000030
145975  -43.888  5.832  69.540 0.2000000030
100853  -53.356  3.514  63.313 0.2000000030
103338  -40.257  6.156  69.363 0.1000000015
156825  -38.826  4.737  69.205 0.1000000015
100026  -52.753  3.254  60.605 0.2000000030
104072  -46.008  6.855  69.804 0.3000000119
104073  -47.910  7.216  70.136 0.4000000060
101675  -52.992  4.619  64.605 0.3000000119
103340  -41.998  6.146  69.555 0.2000000030
104084  -43.687  6.812  69.313 0.2000000030
104070  -43.707  6.089  69.708 0.2000000030
102522  -52.476  5.049  65.184 0.4000000060
103351  -40.190  6.803  68.630 0.2000000030
104094  -40.629  7.350  68.080 0.1000000015
104095  -41.503  7.349  68.335 0.2000000030
104097  -42.989  7.385  68.618 0.2000000030
101683  -51.855  4.763  63.298 0.3000000119
101691  -52.538  4.527  62.647 0.3000000119
103369  -36.017  6.516  65.828 0.1000000015
103370  -36.927  6.782  66.225 0.1000000015
103348  -37.630  5.891  68.320 0.1000000015
101703  -52.372  4.328  60.154 0.2000000030
147429  -51.633  4.578  60.531 0.2000000030
134861  -49.208  5.136  58.801 0.2000000030
101696  -50.486  4.695  60.885 0.2000000030
143935  -51.768  4.475  59.603 0.2000000030
151433  -51.069  4.425  58.544 0.2000000030
135841  -51.666  3.931  58.482 0.2000000030
101736  -50.627  4.148  57.559 0.2000000030
100052  -49.816  3.258  58.370 0.2000000030
104781  -46.590  8.545  68.936 0.3000000119
104110  -36.590  7.184  65.295 0.1000000015
104112  -38.292  7.612  65.838 0.1000000015
145558  -38.533  15.995  52.046 0.4000000060
110414  -38.113  16.468  52.295 0.3000000119
110416  -39.768  16.513  52.166 0.4000000060
111088  -39.373  17.209  52.544 0.3000000119
111766  -40.262  18.408  53.419 0.3000000119
111069  -40.733  17.685  53.215 0.3000000119
145782  -41.226  18.423  53.694 0.3000000119
141243  -42.010  23.983  53.838 0.3000000119
115496  -42.566  24.683  53.774 0.3000000119
116689  -42.792  26.302  53.278 0.3000000119
144858  -43.637  26.099  53.683 0.3000000119
146174  -39.806  19.001  53.500 0.3000000119
113143  -38.876  20.182  53.441 0.3000000119
112490  -41.308  19.183  53.871 0.3000000119
113754  -38.740  21.116  53.443 0.3000000119
159800  -40.415  21.382  53.814 0.3000000119
113756  -41.005  21.338  53.985 0.3000000119
113147  -42.458  20.520  54.139 0.3000000119
113148  -43.443  20.496  53.993 0.3000000119
114331  -41.874  22.632  53.971 0.3000000119
141328  -42.165  21.952  54.081 0.3000000119
114922  -42.420  23.180  53.998 0.3000000119
119864  -47.568  31.242  53.332 0.3000000119
117808  -47.846  29.185  58.249 0.6999999881
138993  -47.364  32.146  56.144 0.6999999881
120498  -46.851  32.470  55.461 0.6999999881
120517  -45.948  33.059  53.463 0.6999999881
117908  -47.338  29.325  50.289 0.2000000030
140307  -44.121  30.450  55.375 0.6999999881
119863  -44.586  32.028  53.948 0.6999999881
121110  -45.633  33.353  51.764 0.6999999881
118545  -48.263  30.020  50.585 0.2000000030
119871  -40.660  31.616  52.513 0.6000000238
119168  -41.915  29.795  54.244 0.6999999881
119874  -43.455  32.451  52.677 0.6999999881
116726  -45.459  26.204  48.696 0.2000000030
121146  -46.583  34.021  49.349 0.5000000000
119226  -49.540  30.874  50.536 0.4000000060
141829  -49.793  31.005  50.130 0.4000000060
117231  -40.228  28.088  56.225 0.5000000000
118495  -41.015  29.425  53.875 0.6999999881
118520  -39.951  30.262  52.686 0.6000000238
115547  -44.793  24.384  48.402 0.2000000030
143668  -48.098  33.382  48.616 0.3000000119
148620  -32.135  29.219  52.473 0.4000000060
118518  -38.161  30.566  52.538 0.5000000000
118517  -36.740  30.560  52.523 0.5000000000
101755  -36.264  4.245  55.273 0.1000000015
101756  -36.968  4.719  55.618 0.1000000015
101741  -37.601  4.516  56.194 0.1000000015
101742  -38.367  4.245  56.505 0.1000000015
101743  -39.167  4.027  56.694 0.1000000015
100891  -40.008  3.818  56.742 0.1000000015
100901  -37.687  3.629  56.222 0.1000000015
100902  -38.592  3.484  56.455 0.1000000015
100904  -40.868  3.655  56.564 0.1000000015
100914  -36.001  3.371  55.362 0.1000000015
101730  -38.956  4.774  56.759 0.1000000015
101754  -35.391  4.077  54.672 0.1000000015
134693  -43.107  4.486  56.097 0.1000000015
101746  -43.849  4.931  56.101 0.1000000015
101744  -41.601  4.242  56.705 0.1000000015
143114  -43.143  4.973  56.657 0.1000000015
101766  -34.801  4.855  53.974 0.1000000015
99301  -33.102  1.501  53.119 0.1000000015
100102  -33.518  1.991  53.571 0.1000000015
100090  -33.960  2.560  53.927 0.1000000015
100925  -35.127  3.240  54.707 0.1000000015
145717  -34.528  3.964  54.172 0.1000000015
99288  -34.471  1.821  53.984 0.1000000015
101747  -44.698  5.060  55.334 0.1000000015
102637  -45.636  5.198  54.548 0.1000000015
100051  -48.550  2.968  58.328 0.1000000015
103453  -38.859  6.535  56.479 0.1000000015
102591  -39.379  5.332  57.047 0.1000000015
100060  -47.713  2.982  57.797 0.1000000015
100101  -32.756  2.025  53.490 0.1000000015
100923  -33.488  3.285  53.861 0.1000000015
152157  -33.870  3.821  53.938 0.1000000015
102610  -43.611  5.308  56.902 0.1000000015
102611  -44.495  5.298  56.316 0.1000000015
100919  -47.859  4.479  54.875 0.1000000015
100918  -47.381  3.888  54.980 0.1000000015
100058  -46.244  2.533  57.387 0.1000000015
102612  -46.134  5.477  55.972 0.1000000015
160800  -47.373  5.036  54.231 0.1000000015
100906  -47.446  3.483  56.155 0.1000000015
99271  -45.773  2.584  56.556 0.1000000015
100059  -47.093  2.987  57.214 0.1000000015
157155  -46.612  5.501  57.306 0.1000000015
102609  -38.408  5.747  56.310 0.1000000015
152789  -45.008  5.551  57.434 0.1000000015
160622  -48.972  4.686  56.110 0.1000000015
100882  -49.449  3.598  57.421 0.1000000015
102643  -35.514  5.481  53.718 0.1000000015
102644  -36.297  5.818  53.186 0.2000000030
102635  -36.229  5.316  54.137 0.2000000030
102636  -36.856  5.687  53.837 0.2000000030
102625  -37.817  5.798  55.464 0.2000000030
138295  -39.643  5.921  57.277 0.1000000015
102596  -44.253  5.512  57.292 0.1000000015
102599  -48.158  5.412  56.474 0.1000000015
101760  -48.632  4.841  55.696 0.1000000015
137210  -49.146  4.219  56.361 0.1000000015
100892  -48.002  3.438  56.897 0.1000000015
101765  -33.932  4.526  53.965 0.1000000015
103459  -37.431  5.822  54.561 0.2000000030
142410  -38.390  6.310  55.778 0.2000000030
101759  -48.109  4.860  54.986 0.1000000015
100907  -48.101  4.049  55.494 0.1000000015
102628  -47.130  5.187  54.285 0.1000000015
102614  -47.971  5.310  55.510 0.1000000015
133053  -46.593  2.963  56.657 0.1000000015
100089  -33.077  2.658  53.684 0.1000000015
104216  -38.595  7.091  54.442 0.3000000119
104209  -38.763  7.058  55.656 0.2000000030
103445  -39.540  6.670  57.141 0.1000000015
103468  -37.481  6.085  53.701 0.3000000119
103460  -38.065  6.375  54.785 0.3000000119
104201  -39.292  7.300  56.546 0.1000000015
102634  -34.277  5.336  53.993 0.1000000015
102642  -35.001  5.629  53.752 0.1000000015
103473  -35.677  5.957  53.302 0.1000000015
102651  -36.809  6.250  52.628 0.2000000030
147359  -33.287  4.587  54.246 0.1000000015
104221  -35.793  6.492  53.311 0.1000000015
103474  -36.396  6.401  52.865 0.2000000030
103481  -37.041  6.689  52.238 0.2000000030
104210  -39.133  7.767  55.121 0.4000000060
145928  -40.142  7.098  57.458 0.3000000119
102645  -37.052  5.956  53.030 0.3000000119
103469  -38.070  6.557  53.584 0.3000000119
103465  -33.846  5.948  54.540 0.1000000015
103466  -34.539  6.129  54.138 0.1000000015
104214  -35.559  7.150  53.903 0.1000000015
104215  -36.212  7.224  53.223 0.1000000015
104217  -39.089  7.666  53.956 0.4000000060
154964  -38.118  6.647  52.628 0.3000000119
117203  -42.510  27.638  57.965 0.4000000060
160023  -43.509  27.011  58.428 0.4000000060
117185  -41.954  27.214  58.298 0.4000000060
156631  -43.091  26.459  58.476 0.4000000060
116619  -40.345  27.118  58.322 0.4000000060
143398  -40.905  26.650  58.520 0.4000000060
116038  -43.612  25.667  58.478 0.4000000060
147037  -44.284  24.918  58.523 0.5000000000
117184  -41.173  27.204  58.300 0.4000000060
116621  -42.243  26.630  58.466 0.4000000060
117217  -39.524  27.663  56.871 0.4000000060
151054  -41.718  25.262  58.429 0.5000000000
116037  -42.557  25.688  58.472 0.4000000060
115460  -43.255  24.742  58.464 0.5000000000
117201  -39.201  27.312  57.756 0.4000000060
117229  -38.737  27.557  55.997 0.4000000060
117247  -39.275  27.904  55.050 0.4000000060
116035  -40.887  25.802  58.544 0.4000000060
116618  -39.969  26.383  58.568 0.4000000060
115459  -42.404  24.823  58.431 0.5000000000
116637  -39.439  27.014  58.278 0.4000000060
146549  -43.980  24.176  58.499 0.5000000000
117216  -38.634  27.336  57.180 0.4000000060
117246  -38.434  27.600  54.834 0.4000000060
114879  -43.316  23.785  58.464 0.5000000000
116617  -38.843  26.365  58.548 0.4000000060
145102  -40.160  25.350  58.480 0.4000000060
116636  -38.494  26.966  58.092 0.4000000060
116635  -37.615  26.703  58.013 0.4000000060
116648  -37.985  27.089  57.514 0.4000000060
117245  -37.015  27.158  55.251 0.4000000060
138803  -37.591  27.412  54.634 0.4000000060
117263  -37.204  27.623  53.855 0.4000000060
117264  -38.039  27.820  53.905 0.4000000060
114876  -40.269  24.409  58.169 0.4000000060
114284  -44.717  22.622  58.391 0.5000000000
150199  -38.727  25.484  58.506 0.4000000060
116616  -37.927  26.348  58.418 0.4000000060
116659  -36.286  26.791  55.824 0.4000000060
121145  -42.106  34.644  49.835 0.5000000000
114890  -39.590  23.977  57.929 0.4000000060
116634  -36.830  26.540  57.862 0.4000000060
116646  -36.573  26.708  56.934 0.4000000060
152181  -35.508  26.482  55.892 0.4000000060
117244  -36.339  27.052  54.788 0.4000000060
116658  -35.618  26.696  55.048 0.4000000060
119869  -38.142  32.092  52.293 0.4000000060
147252  -39.925  32.223  52.340 0.5000000000
120537  -41.332  33.213  51.698 0.6000000238
121118  -40.956  33.622  50.974 0.6000000238
146389  -37.103  25.208  58.471 0.3000000119
115471  -38.644  24.405  58.111 0.3000000119
155428  -35.666  26.180  58.213 0.3000000119
116615  -37.083  26.230  58.386 0.4000000060
115456  -37.934  25.269  58.452 0.3000000119
116644  -35.022  26.202  56.562 0.4000000060
116633  -36.069  26.411  57.682 0.4000000060
116657  -34.798  26.346  55.392 0.4000000060
116645  -35.800  26.463  56.744 0.4000000060
152649  -34.303  26.482  54.562 0.4000000060
116686  -34.256  27.004  53.636 0.4000000060
116687  -35.135  27.180  53.709 0.4000000060
140893  -35.757  27.654  53.312 0.4000000060
119880  -37.479  32.036  52.139 0.4000000060
119190  -37.695  31.589  52.414 0.4000000060
119881  -38.306  32.398  51.893 0.4000000060
120523  -39.765  32.728  52.048 0.5000000000
120546  -40.144  33.294  50.749 0.4000000060
121143  -40.793  33.801  50.060 0.4000000060
114292  -37.719  22.682  57.541 0.2000000030
114291  -36.850  22.646  57.531 0.2000000030
114887  -36.389  23.492  57.820 0.2000000030
115454  -35.744  25.392  58.545 0.2000000030
115469  -36.791  24.360  58.143 0.2000000030
137613  -39.025  23.399  57.697 0.3000000119
147579  -35.058  25.961  58.265 0.2000000030
116051  -34.436  25.911  57.522 0.2000000030
116632  -35.333  26.230  57.614 0.3000000119
116069  -34.207  25.944  56.229 0.3000000119
116656  -33.876  26.118  55.219 0.4000000060
116672  -33.550  26.461  54.341 0.4000000060
159013  -34.246  27.815  52.952 0.3000000119
119189  -36.856  31.479  52.272 0.4000000060
153198  -38.857  32.593  51.293 0.4000000060
120535  -39.725  33.015  51.555 0.4000000060
120545  -39.736  32.861  50.116 0.3000000119
119900  -39.724  32.533  49.095 0.3000000119
158479  -40.898  33.670  49.135 0.5000000000
113700  -36.462  21.767  57.387 0.2000000030
113701  -37.350  21.877  57.435 0.2000000030
113086  -38.018  20.641  57.436 0.2000000030
114290  -35.958  22.605  57.575 0.2000000030
145256  -37.830  21.325  57.445 0.2000000030
114886  -35.526  23.493  58.029 0.2000000030
114875  -35.978  24.433  58.280 0.2000000030
152255  -35.042  24.584  58.548 0.2000000030
116030  -34.982  25.473  58.547 0.2000000030
116029  -34.118  25.467  58.431 0.2000000030
116061  -33.674  25.706  56.877 0.3000000119
116068  -33.352  25.718  55.943 0.3000000119
116685  -33.185  26.949  53.612 0.3000000119
117260  -32.720  27.625  53.180 0.3000000119
117274  -34.606  28.398  52.755 0.3000000119
119221  -37.024  31.248  50.853 0.4000000060
119889  -37.588  31.979  51.517 0.4000000060
119188  -35.620  31.222  52.267 0.4000000060
119204  -36.693  31.675  51.874 0.4000000060
119891  -39.182  32.350  50.190 0.3000000119
113084  -36.035  20.857  57.356 0.2000000030
112425  -37.799  19.162  57.494 0.3000000119
112427  -39.573  18.998  57.495 0.3000000119
111714  -39.947  18.393  57.592 0.3000000119
110345  -43.089  16.443  58.232 0.4000000060
149262  -33.205  23.109  58.777 0.2000000030
114280  -34.247  22.427  58.111 0.2000000030
141333  -38.340  19.852  57.454 0.3000000119
111030  -40.721  18.151  57.600 0.3000000119
145790  -33.854  23.291  58.551 0.2000000030
114885  -34.669  23.419  58.287 0.2000000030
114873  -33.368  24.315  59.014 0.2000000030
114874  -34.217  24.205  58.651 0.2000000030
115452  -33.403  25.108  59.003 0.2000000030
115453  -34.195  24.982  58.833 0.2000000030
151850  -32.010  25.465  57.386 0.2000000030
116050  -33.486  25.623  57.827 0.2000000030
116066  -31.498  25.642  55.651 0.2000000030
116655  -32.995  25.941  54.985 0.4000000060
116684  -32.295  26.982  53.631 0.4000000060
117259  -31.764  27.694  53.201 0.3000000119
119218  -34.499  30.889  51.562 0.4000000060
118533  -33.996  30.433  52.247 0.4000000060
119187  -34.965  31.035  52.239 0.4000000060
119220  -36.207  31.225  51.300 0.4000000060
143844  -34.092  29.899  52.526 0.4000000060
118514  -34.571  30.493  52.362 0.4000000060
119203  -35.790  31.465  51.932 0.4000000060
112424  -36.916  19.278  57.462 0.3000000119
111028  -38.406  17.688  57.941 0.3000000119
110343  -40.765  16.620  58.522 0.3000000119
110344  -42.164  16.502  58.270 0.3000000119
151457  -43.087  15.784  59.447 0.4000000060
109634  -44.586  15.750  60.153 0.5000000000
113083  -35.084  20.782  57.528 0.2000000030
114869  -32.542  24.413  59.338 0.2000000030
116020  -30.006  25.440  59.712 0.2000000030
116022  -31.533  25.033  59.281 0.2000000030
115447  -32.566  25.062  59.191 0.2000000030
116026  -30.195  25.499  58.967 0.2000000030
144399  -30.498  25.498  58.296 0.2000000030
137331  -32.103  25.375  58.691 0.2000000030
116028  -33.093  25.348  58.628 0.2000000030
116047  -30.451  25.548  57.462 0.2000000030
116048  -31.351  25.469  57.994 0.2000000030
116059  -31.855  25.474  56.449 0.2000000030
116076  -31.965  26.039  54.839 0.3000000119
145697  -30.585  26.831  53.942 0.3000000119
117258  -30.846  27.474  53.454 0.3000000119
118532  -33.291  30.320  52.032 0.3000000119
133074  -33.902  30.670  51.831 0.4000000060
109632  -42.336  15.617  60.564 0.3000000119
109620  -43.825  16.019  61.342 0.3000000119
110324  -40.125  16.249  58.986 0.3000000119
109654  -41.612  15.638  59.910 0.3000000119
138238  -43.089  15.687  60.153 0.3000000119
110306  -45.050  16.093  61.033 0.4000000060
116606  -29.367  26.499  59.358 0.2000000030
116614  -29.337  26.354  58.442 0.2000000030
116046  -29.818  25.761  58.088 0.2000000030
159045  -29.015  26.793  57.414 0.2000000030
158929  -29.276  26.248  56.940 0.2000000030
139038  -31.205  25.463  56.995 0.2000000030
117215  -28.599  27.436  56.423 0.2000000030
116642  -28.755  26.798  56.016 0.2000000030
116064  -29.841  25.821  56.067 0.2000000030
116653  -29.293  26.385  55.478 0.2000000030
116065  -30.623  25.645  55.782 0.2000000030
136879  -30.102  26.022  55.263 0.2000000030
116652  -28.617  26.974  55.237 0.2000000030
116668  -29.087  26.769  54.690 0.2000000030
116682  -29.758  26.757  54.209 0.3000000119
117257  -29.966  27.315  53.621 0.3000000119
117883  -28.737  28.542  52.934 0.3000000119
117868  -30.269  28.018  53.149 0.3000000119
156814  -29.971  29.045  52.258 0.3000000119
118510  -30.541  29.365  51.966 0.3000000119
118539  -30.877  30.112  50.975 0.3000000119
118530  -31.609  30.074  51.134 0.3000000119
117869  -31.029  28.086  53.035 0.3000000119
147730  -31.910  29.800  51.926 0.3000000119
119217  -33.003  30.328  50.407 0.3000000119
147952  -33.814  30.505  50.983 0.3000000119
119219  -35.361  30.891  51.106 0.4000000060
156306  -33.293  30.404  51.421 0.4000000060
119234  -36.364  30.466  50.051 0.3000000119
110288  -43.693  16.522  62.701 0.2000000030
139971  -37.938  16.644  58.675 0.3000000119
110341  -38.995  16.394  58.819 0.3000000119
153728  -40.858  15.652  59.857 0.3000000119
110289  -44.577  16.765  62.413 0.2000000030
110297  -45.379  16.664  61.863 0.4000000060
117801  -29.702  28.439  59.569 0.2000000030
133589  -29.248  27.986  58.807 0.2000000030
117175  -29.364  27.409  59.654 0.2000000030
117183  -29.190  27.147  58.713 0.2000000030
117816  -28.822  27.932  57.083 0.2000000030
117830  -27.907  28.722  55.796 0.2000000030
118484  -27.479  29.277  55.294 0.2000000030
117844  -28.155  27.947  55.698 0.2000000030
117843  -27.698  28.470  55.104 0.2000000030
118494  -27.277  29.145  54.479 0.2000000030
118507  -27.577  29.803  52.537 0.2000000030
119197  -27.584  30.679  51.981 0.2000000030
119878  -27.696  31.678  51.669 0.2000000030
117243  -28.590  27.252  54.620 0.2000000030
117866  -28.086  28.368  53.638 0.3000000119
117882  -27.895  29.004  53.031 0.3000000119
119198  -28.105  30.875  51.249 0.2000000030
119212  -28.593  31.000  50.686 0.3000000119
119888  -28.979  31.550  50.168 0.3000000119
120544  -29.270  32.441  49.878 0.2000000030
117884  -29.701  28.514  52.713 0.3000000119
118508  -28.410  29.330  52.316 0.3000000119
119200  -29.494  30.057  51.082 0.3000000119
119213  -29.205  30.718  50.494 0.3000000119
119215  -31.110  30.417  50.288 0.3000000119
119216  -32.042  30.289  50.418 0.3000000119
119231  -32.365  30.382  49.511 0.3000000119
139374  -31.126  29.724  51.575 0.3000000119
110280  -44.279  16.955  63.102 0.2000000030
110290  -46.102  17.213  62.461 0.4000000060
119142  -29.832  29.721  56.948 0.2000000030
119137  -31.058  30.150  57.621 0.2000000030
118462  -30.392  29.564  58.061 0.2000000030
117806  -29.638  28.804  58.448 0.2000000030
118467  -29.781  29.306  57.518 0.2000000030
157254  -29.241  28.266  58.226 0.2000000030
118476  -29.254  29.214  56.948 0.2000000030
117832  -28.861  28.586  56.837 0.2000000030
118475  -28.536  29.175  56.419 0.2000000030
119150  -28.488  30.103  56.318 0.2000000030
119159  -27.256  30.779  55.361 0.2000000030
119167  -27.099  29.933  54.913 0.2000000030
118499  -27.103  29.445  53.777 0.3000000119
119868  -27.163  31.295  52.463 0.2000000030
120522  -27.824  32.585  51.901 0.2000000030
119842  -26.897  31.446  54.916 0.2000000030
119176  -26.710  30.654  53.804 0.2000000030
118498  -26.914  30.035  53.269 0.2000000030
119879  -28.347  31.616  50.866 0.2000000030
120543  -28.695  32.377  50.498 0.2000000030
119897  -30.379  31.441  49.329 0.3000000119
119230  -31.039  30.868  49.460 0.3000000119
110966  -45.273  17.674  64.008 0.2000000030
134397  -30.111  30.402  56.750 0.2000000030
119153  -31.381  31.084  56.933 0.2000000030
120485  -30.911  32.483  57.072 0.2000000030
119152  -30.736  31.085  56.732 0.2000000030
119836  -29.831  31.255  56.650 0.2000000030
135421  -29.183  30.672  56.537 0.2000000030
120514  -27.048  32.395  53.645 0.2000000030
147912  -27.321  32.293  52.582 0.2000000030
121109  -27.865  33.215  52.506 0.2000000030
121116  -28.328  33.256  51.738 0.2000000030
121732  -29.775  34.516  51.081 0.2000000030
121737  -29.639  33.830  50.272 0.2000000030
120504  -26.816  31.958  54.383 0.2000000030
121128  -28.702  33.172  50.984 0.2000000030
160924  -29.206  33.745  50.816 0.2000000030
121129  -29.154  33.137  50.338 0.2000000030
120551  -29.881  32.594  49.367 0.2000000030
153839  -30.189  32.123  49.126 0.2000000030
119898  -31.049  31.369  48.894 0.3000000119
120493  -29.429  32.113  56.797 0.2000000030
122284  -30.881  35.702  52.026 0.2000000030
121711  -27.697  34.055  55.253 0.2000000030
121716  -27.722  33.974  54.342 0.2000000030
121721  -28.610  34.597  53.268 0.2000000030
121727  -29.211  34.838  52.663 0.2000000030
141923  -29.253  34.542  51.928 0.2000000030
160576  -30.536  35.273  51.345 0.2000000030
121750  -30.063  33.804  49.703 0.2000000030
121095  -27.382  33.364  54.881 0.2000000030
121080  -30.480  33.330  57.394 0.2000000030
122826  -31.325  36.656  53.372 0.2000000030
122830  -31.315  36.244  52.683 0.2000000030
122820  -29.586  36.626  54.941 0.2000000030
122821  -30.370  36.876  54.342 0.2000000030
122825  -30.591  36.492  53.696 0.2000000030
122283  -30.506  35.768  52.738 0.2000000030
122840  -31.675  36.139  51.866 0.2000000030
121717  -28.091  34.671  54.671 0.2000000030
122273  -28.720  35.136  54.025 0.2000000030
122274  -29.487  35.620  53.710 0.2000000030
122282  -29.754  35.424  52.982 0.2000000030
121142  -30.231  33.323  49.219 0.2000000030
123892  -30.643  38.160  55.112 0.2000000030
123371  -30.955  37.561  54.400 0.2000000030
123372  -32.169  37.996  53.972 0.2000000030
123362  -30.061  37.915  55.785 0.2000000030
123370  -30.178  37.404  55.031 0.2000000030
151678  -30.980  36.978  53.912 0.2000000030
153022  -32.190  38.646  54.431 0.2000000030
147351  -44.567  5.629  57.955 0.1000000015
101745  -42.426  4.698  56.718 0.1000000015
104894  -39.668  8.121  56.587 0.3000000119
159944  -35.371  8.005  54.647 0.1000000015
142737  -46.342  16.747  61.731 0.4000000060
112428  -40.386  18.947  57.508 0.3000000119
111013  -41.410  16.884  58.078 0.3000000119
114888  -37.251  23.505  57.737 0.2000000030
102600  -48.991  5.178  56.584 0.1000000015
102615  -48.626  5.134  55.860 0.1000000015
139831  -45.334  17.167  62.604 0.3000000119
133705  -36.441  27.400  53.966 0.4000000060
100924  -34.307  3.207  54.166 0.1000000015
102626  -45.392  5.360  55.600 0.1000000015
101764  -33.284  3.988  53.954 0.1000000015
102598  -47.034  5.484  56.420 0.1000000015
103467  -35.224  6.311  53.722 0.1000000015
102633  -33.574  5.182  54.348 0.1000000015
115470  -37.643  24.368  58.114 0.3000000119
115455  -36.404  25.151  58.495 0.2000000030
113699  -35.527  21.698  57.463 0.2000000030
113085  -37.095  20.927  57.388 0.3000000119
114289  -35.076  22.545  57.749 0.2000000030
112426  -38.702  19.053  57.501 0.3000000119
111712  -38.166  18.396  57.656 0.3000000119
111713  -39.124  18.214  57.684 0.3000000119
113698  -34.633  21.600  57.728 0.2000000030
111710  -36.345  18.690  57.625 0.3000000119
111010  -38.457  17.065  58.360 0.3000000119
110342  -39.942  16.926  58.378 0.3000000119
110325  -41.011  16.004  59.184 0.3000000119
151593  -41.440  16.397  58.613 0.3000000119
109655  -42.448  15.723  59.650 0.3000000119
116027  -31.071  25.314  58.869 0.2000000030
109621  -44.356  15.947  60.958 0.3000000119
117831  -28.417  28.269  56.372 0.2000000030
117256  -29.072  27.310  53.985 0.3000000119
143593  -28.694  27.939  53.591 0.3000000119
118528  -28.926  29.679  51.629 0.3000000119
119228  -29.747  31.099  49.916 0.2000000030
119859  -26.873  31.650  53.143 0.2000000030
121101  -27.902  33.859  53.344 0.2000000030
122291  -29.977  35.173  52.105 0.2000000030
141176  -28.188  34.469  53.916 0.2000000030
121722  -29.159  35.132  53.321 0.2000000030
122264  -29.167  35.860  54.491 0.2000000030
104841  -37.762  8.861  63.617 0.1000000015
105487  -37.930  9.653  63.207 0.1000000015
104843  -39.276  9.389  63.622 0.1000000015
105465  -40.001  9.361  63.868 0.1000000015
106850  -31.707  11.984  56.867 0.1000000015
107645  -32.419  12.436  56.380 0.1000000015
107646  -33.300  12.266  56.165 0.1000000015
106852  -33.730  11.387  56.442 0.1000000015
106851  -32.323  11.249  57.120 0.1000000015
106869  -34.547  11.380  55.888 0.1000000015
107660  -35.536  11.758  54.934 0.1000000015
155614  -34.129  12.595  55.458 0.1000000015
106868  -34.051  12.119  55.907 0.1000000015
107636  -30.912  11.736  56.979 0.1000000015
107659  -34.512  12.961  55.075 0.1000000015
156738  -35.289  12.636  54.808 0.1000000015
107668  -36.545  12.790  53.693 0.1000000015
107661  -36.023  12.246  54.377 0.1000000015
133342  -40.030  15.159  61.862 0.2000000030
133341  -40.866  15.400  61.588 0.2000000030
142232  -31.569  12.780  56.406 0.1000000015
107643  -30.071  12.858  56.604 0.1000000015
108362  -32.091  13.221  55.948 0.1000000015
107654  -33.597  12.623  55.634 0.1000000015
108373  -33.702  13.080  55.222 0.1000000015
109026  -30.848  13.865  55.857 0.1000000015
108370  -31.654  13.897  55.678 0.1000000015
108372  -33.205  13.679  55.047 0.1000000015
108379  -34.115  13.763  54.777 0.1000000015
145547  -35.024  13.471  54.613 0.1000000015
108380  -35.765  13.153  54.255 0.1000000015
108360  -30.078  13.675  56.209 0.1000000015
109704  -33.117  15.111  54.798 0.1000000015
109051  -34.135  14.518  54.493 0.1000000015
109058  -35.502  14.480  53.779 0.1000000015
108385  -36.081  13.803  53.600 0.1000000015
109052  -34.818  14.305  54.273 0.1000000015
109059  -36.090  14.693  53.284 0.1000000015
109060  -36.575  14.191  52.915 0.2000000030
147504  -37.848  14.029  52.264 0.3000000119
109068  -37.252  14.683  52.485 0.3000000119
109069  -38.031  14.803  52.153 0.3000000119
133343  -39.297  15.069  61.243 0.2000000030
109617  -40.148  15.301  60.953 0.2000000030
109631  -41.031  15.478  60.611 0.2000000030
109650  -37.896  15.538  59.838 0.2000000030
109651  -38.704  15.631  59.673 0.2000000030
109652  -39.642  15.765  59.518 0.2000000030
109024  -28.587  14.770  56.432 0.1000000015
109695  -29.890  15.429  55.706 0.1000000015
109701  -30.609  15.381  55.507 0.1000000015
109703  -32.385  15.192  55.042 0.1000000015
109714  -33.813  15.105  54.528 0.1000000015
109715  -34.471  15.076  54.197 0.1000000015
146331  -34.188  15.810  54.340 0.2000000030
109726  -35.583  15.285  53.521 0.2000000030
109727  -36.240  15.513  53.048 0.2000000030
109737  -37.816  15.596  52.262 0.3000000119
133345  -37.068  14.921  61.682 0.1000000015
109616  -37.295  15.086  60.902 0.1000000015
109627  -37.442  15.337  60.237 0.1000000015
109628  -38.298  15.114  60.632 0.1000000015
110323  -36.759  16.361  59.026 0.1000000015
155904  -37.989  16.028  59.236 0.2000000030
110355  -27.859  16.011  56.721 0.1000000015
109693  -28.572  15.778  56.331 0.1000000015
109694  -29.271  15.110  55.961 0.1000000015
109682  -26.530  15.154  57.497 0.1000000015
110378  -32.488  16.636  55.105 0.1000000015
110387  -33.834  16.541  54.588 0.2000000030
110388  -34.536  16.571  54.154 0.2000000030
110397  -35.119  16.638  53.747 0.2000000030
110398  -35.772  16.287  53.403 0.2000000030
138608  -36.393  17.242  53.226 0.2000000030
111085  -37.087  17.010  52.701 0.2000000030
136276  -36.362  15.154  61.856 0.2000000030
110340  -37.044  16.893  58.523 0.2000000030
111026  -37.109  17.640  57.978 0.2000000030
111027  -37.739  17.873  57.829 0.2000000030
110366  -28.194  16.631  56.606 0.1000000015
141507  -28.901  16.702  56.204 0.1000000015
148763  -30.423  16.880  55.531 0.1000000015
110368  -30.144  16.117  55.629 0.1000000015
143731  -28.612  18.357  56.341 0.2000000030
111042  -29.963  17.570  55.711 0.2000000030
111047  -30.752  17.609  55.486 0.2000000030
110376  -30.940  16.192  55.439 0.1000000015
111050  -33.264  17.351  54.835 0.1000000015
110379  -33.195  16.433  54.872 0.1000000015
111732  -29.523  18.293  55.899 0.2000000030
111048  -31.529  17.638  55.301 0.2000000030
111049  -32.311  17.526  55.116 0.2000000030
148690  -34.546  18.012  54.327 0.2000000030
148051  -35.192  18.113  53.965 0.2000000030
111066  -35.885  18.017  53.621 0.2000000030
111776  -37.393  18.200  52.896 0.2000000030
111763  -37.016  18.882  53.101 0.2000000030
111067  -36.662  18.149  53.158 0.2000000030
112488  -38.958  19.237  53.302 0.2000000030
109648  -36.316  16.201  59.354 0.1000000015
111007  -34.616  17.640  58.897 0.1000000015
110339  -36.063  16.759  58.834 0.2000000030
111008  -35.435  17.478  58.485 0.1000000015
112422  -34.490  19.167  58.105 0.1000000015
112423  -35.552  19.924  57.495 0.1000000015
111738  -29.919  18.924  55.604 0.2000000030
112463  -31.280  19.095  55.111 0.2000000030
111741  -31.973  18.383  55.129 0.2000000030
111752  -33.363  18.341  54.729 0.2000000030
111760  -34.768  18.751  54.110 0.2000000030
111753  -34.076  18.603  54.461 0.2000000030
111761  -35.459  18.849  53.671 0.2000000030
112485  -35.662  19.699  53.201 0.2000000030
112486  -37.355  19.506  53.168 0.2000000030
112487  -38.084  19.761  53.237 0.2000000030
160136  -33.513  19.885  58.522 0.1000000015
156729  -33.421  20.535  58.395 0.1000000015
148672  -34.195  20.682  57.854 0.1000000015
114278  -32.844  22.352  58.891 0.1000000015
113691  -33.785  21.483  58.117 0.1000000015
113117  -30.963  19.889  54.782 0.2000000030
112473  -31.804  19.689  54.761 0.2000000030
112474  -32.580  19.545  54.650 0.2000000030
111751  -32.719  18.808  54.874 0.2000000030
113130  -31.578  20.322  54.406 0.2000000030
113131  -33.072  20.170  54.165 0.2000000030
112475  -33.461  19.250  54.487 0.2000000030
112484  -34.830  19.545  53.680 0.2000000030
113752  -34.618  20.777  53.044 0.2000000030
113142  -37.308  20.298  53.120 0.2000000030
113160  -36.063  20.958  52.530 0.2000000030
113141  -36.533  20.452  52.881 0.2000000030
155526  -38.147  20.500  53.272 0.2000000030
133005  -35.790  21.642  52.234 0.2000000030
113775  -37.443  21.758  52.611 0.2000000030
153174  -38.683  22.443  52.899 0.2000000030
114919  -39.416  22.791  53.098 0.2000000030
114920  -40.173  23.388  53.250 0.2000000030
144705  -40.141  22.662  53.513 0.2000000030
114921  -41.055  23.936  53.416 0.2000000030
115420  -34.655  24.228  63.556 0.1000000015
149427  -32.768  23.756  63.155 0.1000000015
116584  -33.927  26.295  63.601 0.1000000015
117159  -35.842  27.246  64.159 0.1000000015
117783  -36.416  28.958  63.955 0.1000000015
118420  -37.678  29.225  64.174 0.1000000015
119076  -38.887  29.986  64.110 0.1000000015
119099  -40.039  30.663  63.690 0.1000000015
113074  -32.542  20.864  59.919 0.1000000015
114252  -31.576  23.124  62.036 0.1000000015
115992  -32.057  26.022  63.194 0.1000000015
148637  -33.355  26.883  63.479 0.1000000015
117782  -35.702  28.774  63.821 0.1000000015
118435  -36.982  29.617  63.830 0.1000000015
119097  -37.302  30.399  63.364 0.1000000015
119119  -38.453  31.037  62.931 0.1000000015
119784  -40.423  31.287  63.180 0.1000000015
114272  -31.582  22.651  60.637 0.1000000015
115425  -30.717  24.353  61.880 0.1000000015
115999  -31.153  25.604  62.725 0.1000000015
114868  -31.924  23.476  59.678 0.1000000015
149816  -30.486  24.498  61.037 0.1000000015
114872  -32.667  23.364  59.202 0.1000000015
155790  -36.530  22.482  51.917 0.2000000030
114351  -37.184  22.454  52.163 0.1000000015
114935  -37.724  23.279  52.083 0.2000000030
114936  -38.597  23.204  52.538 0.2000000030
114937  -39.393  23.726  52.724 0.2000000030
115493  -40.141  24.295  52.860 0.2000000030
115494  -40.847  24.906  52.943 0.2000000030
117158  -34.532  27.829  63.621 0.1000000015
142278  -35.375  27.958  63.878 0.1000000015
116582  -32.043  26.901  63.116 0.1000000015
117157  -33.653  27.709  63.461 0.1000000015
118434  -35.230  29.407  63.480 0.1000000015
119096  -36.464  30.241  63.311 0.1000000015
119117  -36.820  30.782  62.750 0.1000000015
119799  -38.137  31.454  62.201 0.1000000015
116589  -30.420  26.156  62.202 0.1000000015
117163  -31.659  27.624  62.748 0.1000000015
117164  -32.384  28.300  62.917 0.1000000015
116010  -30.095  25.222  60.953 0.1000000015
116002  -30.079  25.611  61.579 0.1000000015
114363  -36.143  22.948  51.584 0.1000000015
114946  -37.210  23.944  51.536 0.1000000015
114350  -35.924  22.256  51.908 0.1000000015
114934  -36.880  23.097  51.720 0.1000000015
145530  -38.663  24.079  52.280 0.1000000015
116688  -41.946  26.174  52.854 0.2000000030
116086  -42.249  25.488  53.371 0.2000000030
117795  -31.285  28.791  61.723 0.1000000015
117789  -30.957  28.077  62.098 0.1000000015
117790  -31.823  28.649  62.345 0.1000000015
155088  -29.915  25.506  60.365 0.1000000015
116001  -29.674  25.961  60.861 0.1000000015
116594  -29.883  26.253  61.547 0.1000000015
114944  -35.643  23.515  51.194 0.1000000015
115503  -39.338  24.626  52.363 0.1000000015
115504  -40.052  25.191  52.464 0.1000000015
116094  -40.767  25.682  52.467 0.1000000015
153355  -31.070  29.063  61.167 0.1000000015
118452  -31.689  29.401  61.418 0.1000000015
117794  -30.540  28.417  61.265 0.1000000015
119128  -31.666  30.113  59.894 0.1000000015
116598  -29.459  26.626  60.253 0.1000000015
140450  -30.313  28.968  59.968 0.1000000015
118460  -31.130  29.830  59.298 0.1000000015
119133  -31.665  30.306  58.871 0.1000000015
119831  -32.764  31.736  57.427 0.1000000015
121073  -35.198  33.261  58.097 0.1000000015
116025  -29.664  25.815  59.087 0.1000000015
120487  -32.572  32.207  57.284 0.1000000015
121071  -32.932  33.397  57.851 0.1000000015
121695  -33.258  34.139  58.424 0.1000000015
121681  -34.497  34.516  58.840 0.1000000015
122222  -35.736  35.617  59.743 0.1000000015
121070  -31.908  33.656  57.862 0.1000000015
122241  -31.831  34.940  58.695 0.1000000015
121679  -32.645  34.972  59.054 0.1000000015
116695  -40.116  25.915  51.876 0.1000000015
116095  -41.335  26.102  52.493 0.1000000015
116698  -42.328  26.771  52.668 0.1000000015
122755  -37.754  36.868  60.250 0.1000000015
123297  -38.465  37.754  60.621 0.1000000015
123277  -37.330  37.737  61.026 0.1000000015
123818  -36.470  38.303  61.543 0.1000000015
123817  -35.441  38.337  61.707 0.1000000015
123276  -35.695  37.702  61.304 0.1000000015
123296  -36.660  36.803  60.487 0.1000000015
118459  -30.383  29.344  59.154 0.1000000015
119138  -31.570  30.368  58.066 0.1000000015
119144  -31.702  30.779  57.376 0.1000000015
123275  -34.900  37.800  61.356 0.1000000015
144664  -30.990  30.505  56.952 0.1000000015
121081  -31.411  33.086  57.414 0.1000000015
122228  -33.320  35.490  59.535 0.1000000015
123293  -33.647  37.332  60.766 0.1000000015
120484  -29.976  32.713  57.044 0.1000000015
121692  -30.731  34.624  58.101 0.1000000015
122227  -31.739  35.773  59.102 0.1000000015
137185  -32.006  36.483  59.522 0.1000000015
123846  -31.911  38.156  59.875 0.1000000015
136081  -27.975  31.760  56.273 0.1000000015
120492  -28.486  32.383  56.640 0.1000000015
122239  -30.417  35.919  58.296 0.1000000015
122781  -30.596  36.716  58.465 0.1000000015
123325  -30.738  37.554  58.631 0.1000000015
124392  -31.578  39.568  59.657 0.1000000015
116696  -40.891  26.324  52.016 0.1000000015
116697  -41.664  26.729  52.187 0.1000000015
117277  -42.445  27.355  52.133 0.1000000015
124375  -38.220  39.445  61.776 0.1000000015
124361  -37.765  40.064  62.517 0.1000000015
125498  -37.895  41.387  65.176 0.1000000015
125497  -36.977  41.731  65.272 0.1000000015
124894  -37.244  41.334  64.322 0.1000000015
124347  -36.136  40.187  63.265 0.1000000015
123804  -37.083  39.199  62.004 0.1000000015
140096  -36.525  40.844  63.835 0.1000000015
124359  -35.598  39.489  62.666 0.1000000015
123803  -36.039  39.019  62.062 0.1000000015
123802  -35.047  38.896  62.128 0.1000000015
149903  -35.197  37.298  61.043 0.1000000015
124914  -35.659  40.645  63.887 0.1000000015
124358  -34.589  39.373  62.689 0.1000000015
124357  -33.667  39.473  62.600 0.1000000015
123801  -34.092  38.909  62.098 0.1000000015
123274  -34.064  37.894  61.214 0.1000000015
123835  -33.201  38.080  60.944 0.1000000015
124947  -31.978  40.390  60.896 0.1000000015
125533  -31.946  41.186  60.638 0.1000000015
137041  -32.211  39.108  60.664 0.1000000015
126148  -32.295  42.670  60.202 0.1000000015
121079  -29.513  33.530  57.333 0.1000000015
121702  -28.972  34.344  57.332 0.1000000015
125532  -31.750  40.791  60.089 0.1000000015
147681  -31.922  41.800  59.885 0.1000000015
120491  -27.686  32.684  56.142 0.1000000015
121707  -28.352  34.789  56.632 0.1000000015
122244  -28.918  35.626  57.031 0.1000000015
123334  -30.045  37.905  57.322 0.1000000015
123853  -30.761  38.936  58.293 0.1000000015
124954  -31.556  40.285  59.516 0.1000000015
151438  -32.285  42.673  59.322 0.1000000015
147988  -32.582  43.292  59.661 0.1000000015
122263  -28.524  35.376  54.968 0.1000000015
116701  -39.270  25.937  50.874 0.1000000015
116103  -39.491  25.837  51.453 0.1000000015
147631  -40.513  26.438  51.496 0.1000000015
116705  -39.833  26.275  50.509 0.1000000015
116702  -39.927  26.282  51.174 0.1000000015
117286  -41.570  27.154  50.993 0.1000000015
117281  -41.163  26.765  51.515 0.1000000015
117283  -42.390  27.517  51.406 0.1000000015
117288  -43.178  27.810  50.437 0.1000000015
117904  -43.701  28.332  50.831 0.1000000015
124893  -36.298  41.312  64.513 0.1000000015
142277  -35.282  41.123  64.620 0.1000000015
124913  -34.661  40.461  63.942 0.1000000015
124912  -33.745  40.465  63.864 0.1000000015
124928  -33.322  40.076  63.125 0.1000000015
124356  -32.853  39.833  62.315 0.1000000015
124940  -32.352  40.073  61.630 0.1000000015
125525  -32.178  41.008  61.469 0.1000000015
140040  -32.138  41.878  60.819 0.1000000015
124927  -32.725  40.538  62.891 0.1000000015
145856  -32.467  40.508  62.166 0.1000000015
148610  -32.264  41.878  61.609 0.1000000015
126707  -32.620  43.642  60.453 0.1000000015
126715  -33.191  43.995  59.518 0.1000000015
122256  -28.895  36.067  55.335 0.1000000015
123361  -29.600  37.188  55.736 0.1000000015
123862  -30.420  38.785  57.358 0.1000000015
124974  -31.484  40.883  57.613 0.1000000015
125548  -31.718  41.396  58.324 0.1000000015
125549  -32.149  42.140  57.980 0.1000000015
126724  -32.878  43.345  58.933 0.1000000015
154072  -33.596  43.778  58.819 0.1000000015
125567  -31.975  41.399  56.891 0.1000000015
125559  -32.446  42.006  57.200 0.1000000015
126170  -32.887  42.622  57.621 0.1000000015
116109  -38.514  25.637  50.699 0.1000000015
116704  -39.015  25.896  50.148 0.1000000015
116709  -39.729  26.180  49.936 0.1000000015
116707  -41.124  26.834  50.449 0.1000000015
116706  -40.625  26.651  50.880 0.1000000015
116710  -40.467  26.512  50.077 0.1000000015
116118  -40.846  26.228  49.444 0.1000000015
116711  -41.297  26.661  49.806 0.1000000015
116722  -41.637  25.974  49.084 0.1000000015
117291  -42.615  27.343  50.002 0.1000000015
116723  -42.643  26.040  48.916 0.1000000015
137069  -42.153  26.696  49.564 0.1000000015
117292  -43.461  27.462  49.728 0.1000000015
121789  -44.824  35.177  47.342 0.3000000119
121776  -45.119  35.376  47.867 0.4000000060
116724  -43.564  26.121  48.804 0.1000000015
116712  -43.032  26.798  49.333 0.1000000015
117913  -43.938  28.051  50.123 0.1000000015
145265  -44.432  32.489  47.442 0.3000000119
120575  -45.071  33.545  47.153 0.3000000119
121790  -45.598  35.080  47.157 0.2000000030
117293  -44.378  27.462  49.495 0.1000000015
119928  -45.567  32.313  47.258 0.3000000119
120576  -46.254  33.575  46.820 0.3000000119
121175  -45.520  34.601  46.893 0.3000000119
121176  -46.313  34.468  46.880 0.3000000119
119929  -46.573  32.575  46.872 0.3000000119
120577  -47.239  32.915  46.683 0.3000000119
121178  -48.037  33.334  46.938 0.3000000119
121177  -47.426  33.886  47.301 0.2000000030
119930  -47.167  32.124  46.793 0.3000000119
120578  -47.994  32.910  46.665 0.3000000119
120579  -48.567  32.825  46.756 0.3000000119
116716  -46.983  26.793  48.880 0.2000000030
119937  -48.610  32.264  46.651 0.3000000119
147483  -49.736  27.522  49.262 0.2000000030
117298  -50.321  27.897  49.286 0.2000000030
117920  -50.673  28.503  49.308 0.3000000119
125480  -35.722  42.101  66.200 0.1000000015
125479  -34.646  42.185  66.163 0.1000000015
124892  -34.258  40.964  64.667 0.1000000015
124891  -33.252  41.171  64.405 0.1000000015
124911  -33.083  40.644  63.577 0.1000000015
125511  -32.637  41.217  63.496 0.1000000015
125518  -32.390  41.348  62.446 0.1000000015
126140  -32.341  42.701  61.149 0.1000000015
127259  -33.181  44.413  60.205 0.1000000015
127260  -33.866  44.680  59.824 0.1000000015
127271  -34.152  44.331  59.159 0.1000000015
156658  -30.444  38.938  56.534 0.1000000015
124985  -32.221  41.046  56.141 0.1000000015
125568  -32.726  41.668  56.470 0.1000000015
126171  -33.771  42.812  57.436 0.1000000015
126738  -34.295  43.243  57.893 0.1000000015
126725  -34.512  43.807  58.492 0.1000000015
118540  -33.865  30.258  49.847 0.2000000030
120588  -34.504  32.326  46.520 0.1000000015
116115  -38.386  25.507  49.442 0.1000000015
116117  -40.156  26.015  49.419 0.1000000015
157553  -36.828  31.655  47.005 0.1000000015
119912  -38.806  31.817  48.196 0.2000000030
119913  -39.535  32.277  47.800 0.2000000030
120553  -40.165  32.740  48.186 0.2000000030
121156  -40.760  33.262  48.322 0.4000000060
134065  -36.636  31.514  46.719 0.1000000015
119920  -37.260  31.656  46.852 0.1000000015
133208  -38.775  32.047  47.105 0.1000000015
119914  -40.021  32.388  47.361 0.2000000030
119257  -38.739  31.784  46.770 0.1000000015
119922  -39.455  32.183  46.986 0.2000000030
119923  -40.177  32.198  47.012 0.3000000119
120564  -41.224  33.208  47.826 0.4000000060
121754  -42.044  34.445  48.939 0.4000000060
138994  -43.449  35.159  48.462 0.4000000060
119924  -41.009  32.096  47.257 0.2000000030
120572  -41.441  32.738  47.479 0.3000000119
121171  -41.970  33.430  47.757 0.4000000060
153035  -43.264  34.643  47.905 0.3000000119
121775  -44.341  35.351  48.029 0.4000000060
142135  -41.489  25.036  48.593 0.1000000015
119925  -41.908  31.997  47.417 0.3000000119
157759  -42.160  32.740  47.508 0.3000000119
120573  -42.920  33.281  47.526 0.4000000060
140792  -41.565  31.102  47.391 0.2000000030
144325  -42.791  32.188  47.512 0.3000000119
145266  -43.545  32.604  47.481 0.3000000119
120574  -43.993  33.535  47.363 0.3000000119
141242  -42.634  31.036  47.572 0.3000000119
119263  -45.444  30.933  47.456 0.3000000119
116717  -48.186  26.921  48.980 0.2000000030
119938  -49.165  31.466  46.607 0.3000000119
116719  -50.141  27.091  48.958 0.2000000030
119267  -50.438  30.169  47.631 0.3000000119
143795  -50.131  30.909  47.854 0.3000000119
155578  -49.630  31.493  47.101 0.3000000119
118559  -50.836  29.365  48.344 0.3000000119
119250  -50.595  30.083  48.685 0.3000000119
127272  -35.228  44.496  59.018 0.1000000015
124431  -31.396  39.650  55.536 0.1000000015
124993  -31.776  40.383  55.817 0.1000000015
126183  -33.250  42.305  56.869 0.1000000015
126172  -34.760  42.842  57.459 0.1000000015
126739  -35.237  43.387  58.019 0.1000000015
126726  -35.797  43.990  58.540 0.1000000015
124454  -31.765  39.156  54.864 0.1000000015
144033  -33.273  40.691  55.392 0.1000000015
125569  -33.721  41.686  56.193 0.1000000015
125570  -34.798  41.766  56.367 0.1000000015
126173  -35.837  42.907  57.649 0.1000000015
126740  -36.239  43.474  58.183 0.1000000015
151611  -30.625  35.002  50.658 0.1000000015
121154  -30.899  33.440  48.647 0.1000000015
120560  -31.238  32.689  48.290 0.1000000015
121155  -31.632  33.448  48.236 0.1000000015
119907  -31.552  31.806  48.343 0.1000000015
119244  -33.511  30.545  48.516 0.2000000030
119246  -35.248  30.300  48.706 0.2000000030
119890  -38.420  32.166  50.924 0.3000000119
121195  -33.482  33.523  45.807 0.1000000015
119933  -34.981  31.885  46.905 0.1000000015
119910  -37.008  31.222  47.578 0.2000000030
119248  -37.520  30.950  48.408 0.2000000030
120599  -34.270  32.341  45.452 0.1000000015
119944  -34.862  31.927  45.815 0.1000000015
140077  -35.543  31.413  47.303 0.2000000030
119911  -37.972  31.683  47.430 0.1000000015
119934  -35.481  31.738  46.314 0.1000000015
119935  -37.368  31.458  46.614 0.1000000015
121144  -41.420  34.148  49.488 0.4000000060
121755  -42.704  35.005  49.226 0.4000000060
119945  -35.297  31.331  45.337 0.1000000015
119270  -36.815  31.015  46.240 0.1000000015
119271  -37.369  30.716  46.222 0.1000000015
119272  -38.001  31.016  46.510 0.1000000015
116126  -42.332  25.140  48.592 0.1000000015
119258  -39.641  31.441  46.816 0.1000000015
148275  -40.608  31.348  47.071 0.2000000030
116127  -43.249  25.188  48.574 0.1000000015
144434  -42.053  30.099  47.557 0.3000000119
119926  -43.701  31.560  47.564 0.3000000119
116129  -45.103  25.356  48.510 0.1000000015
119261  -43.502  30.588  47.592 0.3000000119
119262  -44.336  30.691  47.568 0.3000000119
119927  -44.695  31.560  47.514 0.3000000119
116130  -46.135  25.368  48.488 0.2000000030
119264  -46.425  31.621  47.155 0.3000000119
145675  -47.836  26.233  48.674 0.2000000030
119265  -47.332  31.159  46.939 0.3000000119
116727  -47.101  25.721  48.524 0.2000000030
119266  -49.892  30.840  46.897 0.3000000119
116718  -49.321  26.900  48.998 0.2000000030
118570  -50.566  29.545  47.472 0.3000000119
127261  -34.784  44.900  59.604 0.1000000015
127248  -34.405  45.305  60.182 0.1000000015
127262  -35.738  45.035  59.461 0.1000000015
127273  -36.305  44.589  58.965 0.1000000015
126727  -37.017  43.936  58.585 0.1000000015
124455  -32.632  39.230  54.621 0.1000000015
124433  -33.191  40.030  54.872 0.1000000015
125571  -35.773  41.717  56.598 0.1000000015
126174  -37.113  43.079  58.019 0.1000000015
126741  -37.823  43.541  58.291 0.1000000015
123914  -33.126  37.768  53.548 0.1000000015
123895  -33.854  38.387  53.849 0.1000000015
124996  -34.857  40.274  55.172 0.1000000015
125592  -36.148  41.082  56.132 0.1000000015
125572  -36.876  41.589  56.757 0.1000000015
126175  -38.283  42.947  58.074 0.1000000015
122318  -31.739  35.274  49.822 0.1000000015
122293  -31.954  35.979  51.021 0.1000000015
121752  -31.675  34.753  49.246 0.1000000015
122319  -32.592  35.329  49.333 0.1000000015
121753  -32.523  34.668  48.647 0.1000000015
121772  -33.119  34.567  48.192 0.1000000015
143495  -32.554  33.935  48.069 0.1000000015
120562  -32.314  32.145  47.845 0.1000000015
119909  -33.170  31.001  48.023 0.2000000030
133549  -36.004  30.222  49.032 0.2000000030
121786  -33.222  34.094  47.711 0.1000000015
120569  -33.154  32.684  47.492 0.1000000015
119917  -33.080  31.760  47.714 0.1000000015
138797  -34.766  30.502  48.259 0.2000000030
119235  -37.380  30.708  49.548 0.3000000119
122345  -33.298  35.093  47.122 0.1000000015
121188  -33.646  33.454  46.805 0.1000000015
140910  -33.800  32.963  47.098 0.1000000015
120571  -34.400  31.840  47.288 0.1000000015
119256  -36.057  30.638  48.047 0.2000000030
119247  -36.774  30.462  48.767 0.2000000030
119899  -38.702  31.709  49.603 0.3000000119
121805  -33.260  34.263  45.491 0.1000000015
121201  -33.423  33.597  45.125 0.1000000015
122350  -33.367  35.051  45.178 0.1000000015
121202  -33.731  33.351  44.620 0.1000000015
120607  -34.229  32.477  44.592 0.1000000015
121207  -34.298  33.218  44.040 0.1000000015
120608  -34.969  31.844  44.264 0.1000000015
119282  -35.873  30.755  45.047 0.1000000015
119283  -36.538  30.503  45.388 0.1000000015
118573  -37.798  29.983  45.983 0.1000000015
119291  -36.009  30.847  44.473 0.1000000015
119273  -38.966  30.497  46.606 0.1000000015
118584  -37.684  29.830  45.334 0.1000000015
118575  -39.551  29.315  46.375 0.1000000015
118562  -39.740  30.055  46.773 0.1000000015
119260  -41.186  30.232  47.312 0.2000000030
115546  -42.966  24.174  48.382 0.1000000015
146671  -43.896  24.241  48.389 0.1000000015
118563  -40.336  29.362  46.780 0.1000000015
118564  -41.594  29.328  47.305 0.1000000015
114966  -42.644  23.151  48.091 0.1000000015
114967  -43.635  23.191  48.184 0.1000000015
118565  -42.428  29.204  47.435 0.3000000119
115548  -45.701  24.427  48.379 0.1000000015
149868  -43.292  29.069  47.427 0.3000000119
146027  -43.865  29.831  47.555 0.3000000119
147379  -46.385  30.723  47.271 0.3000000119
158632  -46.855  25.048  48.444 0.2000000030
118566  -44.834  29.867  47.502 0.3000000119
115549  -46.686  24.358  48.381 0.2000000030
116728  -48.795  26.166  48.685 0.2000000030
140458  -48.660  30.335  46.262 0.3000000119
143231  -48.551  24.760  48.356 0.1000000015
116729  -49.652  26.262  48.518 0.2000000030
116730  -50.166  26.738  48.542 0.2000000030
117931  -50.811  28.778  47.866 0.3000000119
152260  -49.829  26.118  48.266 0.1000000015
116731  -50.467  27.019  48.310 0.3000000119
142290  -50.444  28.333  47.155 0.3000000119
127774  -36.298  45.951  59.276 0.1000000015
126728  -37.757  44.067  58.352 0.1000000015
126742  -38.348  43.465  58.064 0.1000000015
122831  -32.205  36.627  52.555 0.1000000015
139470  -32.783  37.124  53.058 0.1000000015
160976  -35.070  38.700  54.022 0.1000000015
124435  -35.759  39.963  55.095 0.1000000015
124997  -36.460  40.394  55.564 0.1000000015
125560  -38.856  42.315  57.510 0.1000000015
122841  -32.543  36.471  51.598 0.1000000015
123382  -34.105  37.499  52.494 0.1000000015
123896  -34.879  38.349  53.629 0.1000000015
122853  -32.813  36.256  50.664 0.1000000015
123415  -34.071  37.228  51.627 0.1000000015
122332  -33.529  35.676  48.601 0.1000000015
122305  -33.127  35.954  49.792 0.1000000015
122873  -33.779  36.366  48.544 0.1000000015
122340  -33.586  35.742  47.929 0.1000000015
122878  -33.545  36.692  47.672 0.1000000015
152831  -33.292  36.155  47.116 0.1000000015
141100  -33.197  36.004  46.327 0.1000000015
121810  -34.006  34.069  44.189 0.1000000015
121208  -35.125  33.258  43.677 0.1000000015
120614  -35.632  32.439  43.679 0.1000000015
119292  -36.616  30.417  44.699 0.1000000015
119298  -36.497  30.812  44.099 0.1000000015
118593  -37.454  29.997  44.700 0.1000000015
118594  -38.270  29.609  44.827 0.1000000015
118586  -39.214  29.120  45.786 0.1000000015
117934  -40.412  28.756  46.303 0.2000000030
117925  -41.108  28.761  46.781 0.2000000030
142992  -41.673  28.139  46.426 0.2000000030
117926  -41.964  28.546  47.033 0.2000000030
114968  -44.657  23.219  48.246 0.1000000015
146190  -45.368  23.646  48.324 0.1000000015
117928  -44.239  28.981  47.365 0.3000000119
118567  -45.855  29.946  47.360 0.3000000119
114969  -45.512  22.890  48.213 0.1000000015
142665  -46.285  23.299  48.277 0.1000000015
144838  -47.645  24.655  48.406 0.1000000015
117929  -45.267  29.053  47.251 0.3000000119
118568  -46.847  30.102  47.077 0.3000000119
118569  -47.812  30.307  46.622 0.3000000119
114971  -47.557  23.440  48.251 0.1000000015
115550  -48.396  24.017  48.282 0.1000000015
159166  -48.851  29.744  45.931 0.3000000119
116133  -49.481  25.480  48.188 0.1000000015
118580  -50.328  29.223  46.887 0.3000000119
116733  -50.087  26.337  48.131 0.3000000119
117309  -50.375  27.438  47.400 0.3000000119
127274  -37.095  44.704  58.664 0.1000000015
127301  -38.550  43.761  57.518 0.1000000015
124458  -35.884  39.229  54.569 0.1000000015
126176  -38.946  42.886  57.839 0.1000000015
123399  -35.319  37.976  52.089 0.1000000015
123897  -35.728  38.686  54.021 0.1000000015
144189  -36.500  39.001  54.303 0.1000000015
125593  -37.222  40.856  56.163 0.1000000015
125573  -38.267  41.432  56.775 0.1000000015
125561  -39.511  42.222  57.175 0.1000000015
122854  -33.694  36.499  50.231 0.1000000015
123416  -34.696  37.481  51.117 0.1000000015
122865  -33.800  36.249  49.300 0.1000000015
123440  -34.142  36.873  49.089 0.1000000015
123449  -33.719  37.526  47.449 0.1000000015
122880  -33.384  36.971  46.674 0.1000000015
123452  -33.871  37.812  46.732 0.1000000015
122883  -33.495  36.591  45.737 0.1000000015
123456  -33.824  37.437  45.973 0.1000000015
122884  -34.149  36.935  45.252 0.1000000015
122351  -34.521  35.746  44.415 0.1000000015
121811  -34.650  34.897  44.018 0.1000000015
147716  -35.532  33.995  43.512 0.1000000015
120615  -36.471  32.068  43.527 0.1000000015
119963  -37.018  31.354  43.604 0.1000000015
119300  -38.136  30.116  44.109 0.1000000015
118595  -39.061  29.147  45.074 0.1000000015
117953  -39.849  28.770  45.385 0.1000000015
117945  -40.649  28.439  45.726 0.1000000015
117936  -42.467  28.003  46.622 0.2000000030
117937  -43.475  28.180  46.915 0.2000000030
117938  -44.637  28.240  46.890 0.2000000030
114970  -46.936  22.630  48.086 0.1000000015
117939  -45.698  28.400  46.727 0.2000000030
118576  -47.262  29.448  46.603 0.3000000119
114982  -47.791  23.000  48.017 0.1000000015
114958  -48.669  23.918  48.115 0.1000000015
117941  -47.662  28.916  45.989 0.3000000119
117942  -48.594  29.144  45.701 0.3000000119
115552  -49.361  24.924  48.010 0.1000000015
116136  -49.693  25.639  47.832 0.1000000015
117943  -50.050  28.777  46.341 0.3000000119
142808  -50.020  27.093  46.762 0.2000000030
127785  -37.269  45.099  58.374 0.1000000015
126729  -38.169  44.104  58.009 0.1000000015
124987  -39.990  41.115  56.278 0.1000000015
126756  -39.197  43.163  57.135 0.1000000015
123917  -36.501  38.734  53.135 0.1000000015
124459  -37.316  39.240  54.309 0.1000000015
124998  -37.589  40.185  55.517 0.1000000015
123417  -35.245  37.893  51.305 0.1000000015
123934  -36.298  38.778  52.299 0.1000000015
122866  -34.300  36.862  49.856 0.1000000015
123953  -35.131  38.029  50.572 0.1000000015
123962  -34.807  38.145  49.841 0.1000000015
123963  -35.109  38.817  50.179 0.1000000015
160619  -34.759  38.919  49.467 0.1000000015
123971  -34.421  38.749  48.340 0.1000000015
123981  -34.878  38.987  47.383 0.1000000015
123457  -34.745  37.702  45.613 0.1000000015
123994  -34.900  38.266  46.241 0.1000000015
123462  -35.060  37.060  44.815 0.1000000015
122353  -35.421  35.736  43.935 0.1000000015
121813  -35.474  34.760  43.609 0.1000000015
121814  -36.253  34.401  43.278 0.1000000015
121210  -36.590  32.920  43.281 0.1000000015
120616  -37.287  32.381  43.210 0.1000000015
119964  -38.107  30.960  43.510 0.1000000015
140119  -39.861  29.061  44.651 0.1000000015
117954  -40.597  28.528  44.963 0.1000000015
117304  -42.189  27.665  46.032 0.2000000030
117305  -43.030  27.516  46.198 0.2000000030
117940  -46.701  28.630  46.420 0.2000000030
117947  -47.127  28.147  45.772 0.2000000030
117949  -49.019  28.600  45.348 0.3000000119
117950  -49.557  28.562  45.723 0.3000000119
117320  -50.049  27.878  46.328 0.3000000119
127797  -36.341  46.186  57.608 0.1000000015
127815  -36.959  45.568  57.461 0.1000000015
126755  -38.409  43.848  56.896 0.1000000015
124999  -38.734  40.374  55.511 0.1000000015
124475  -37.513  39.224  53.734 0.1000000015
124486  -38.081  39.826  53.303 0.1000000015
135330  -35.517  38.542  50.961 0.1000000015
124494  -36.620  39.563  51.954 0.1000000015
125030  -37.404  40.146  52.447 0.1000000015
124500  -35.549  39.496  50.566 0.1000000015
124508  -35.159  39.650  49.593 0.1000000015
124517  -35.222  39.798  48.622 0.1000000015
125056  -35.743  40.348  49.278 0.1000000015
124518  -36.065  40.154  48.416 0.1000000015
123458  -35.587  37.640  45.215 0.1000000015
123988  -35.433  38.784  46.732 0.1000000015
124526  -35.582  39.490  47.655 0.1000000015
123463  -36.003  37.291  44.706 0.1000000015
117315  -45.578  27.190  45.637 0.2000000030
117316  -46.587  27.413  45.436 0.2000000030
117306  -44.034  27.534  46.314 0.2000000030
117308  -46.141  27.860  46.120 0.2000000030
117317  -47.650  27.648  45.199 0.2000000030
135157  -48.702  27.856  45.045 0.2000000030
117948  -48.151  28.401  45.479 0.3000000119
117319  -49.693  27.502  45.503 0.2000000030
117318  -49.328  27.844  45.173 0.3000000119
142133  -49.921  26.975  45.901 0.1000000015
127300  -38.025  44.419  57.479 0.1000000015
125000  -39.824  40.623  55.663 0.1000000015
126210  -39.779  41.951  56.610 0.1000000015
124460  -38.271  39.630  54.379 0.1000000015
124438  -39.127  40.188  54.871 0.1000000015
116742  -46.073  26.725  45.007 0.2000000030
116743  -47.111  26.922  44.834 0.2000000030
117326  -48.251  27.160  44.660 0.2000000030
117327  -49.188  27.215  44.714 0.2000000030
117328  -49.575  27.073  44.970 0.1000000015
116744  -49.949  26.649  45.065 0.1000000015
116156  -50.627  25.463  44.582 0.1000000015
116750  -46.615  26.264  44.424 0.1000000015
116152  -47.211  25.860  43.833 0.1000000015
116153  -48.417  26.052  43.735 0.1000000015
116752  -48.914  26.690  44.194 0.1000000015
116754  -50.307  26.075  44.618 0.1000000015
116753  -49.883  26.584  44.433 0.1000000015
116155  -50.636  25.858  44.070 0.1000000015
116167  -45.835  25.615  43.325 0.1000000015
155896  -46.458  25.276  42.502 0.1000000015
156442  -50.339  25.742  43.542 0.1000000015
116154  -49.686  26.212  43.815 0.1000000015
105490  -40.576  9.991  63.552 0.1000000015
109736  -36.934  15.561  52.592 0.2000000030
110399  -36.604  16.325  52.859 0.2000000030
114329  -39.760  22.188  53.516 0.2000000030
111764  -37.946  18.883  53.070 0.2000000030
114279  -33.475  22.318  58.475 0.1000000015
119233  -35.392  30.271  49.733 0.3000000119
143087  -31.373  23.936  59.972 0.1000000015
115445  -30.415  24.926  60.284 0.1000000015
158677  -41.693  15.540  60.597 0.2000000030
119232  -33.234  30.301  49.271 0.2000000030
117166  -29.860  27.750  60.887 0.1000000015
116593  -29.655  26.859  61.114 0.1000000015
118474  -27.870  29.599  55.916 0.1000000015
119243  -32.703  30.637  48.661 0.2000000030
118463  -31.045  29.916  58.511 0.1000000015
148239  -28.327  30.941  56.258 0.1000000015
119835  -28.858  31.522  56.550 0.1000000015
136933  -27.311  31.820  55.619 0.1000000015
120497  -27.249  32.692  55.363 0.1000000015
120486  -31.783  32.280  57.136 0.1000000015
119830  -32.008  31.552  57.153 0.1000000015
120483  -29.022  32.936  57.006 0.1000000015
121712  -28.077  34.773  55.605 0.1000000015
121091  -27.570  33.372  55.689 0.1000000015
122303  -31.363  35.446  50.541 0.1000000015
121751  -30.765  34.136  49.298 0.1000000015
121069  -30.988  33.908  57.818 0.1000000015
121704  -30.026  34.274  57.728 0.1000000015
122827  -32.042  36.915  53.244 0.1000000015
123881  -30.462  38.628  55.851 0.1000000015
123894  -32.930  38.516  54.141 0.1000000015
123351  -30.130  38.314  56.582 0.1000000015
111709  -35.452  18.986  57.738 0.1000000015
145548  -32.898  11.747  56.721 0.1000000015
106168  -33.108  11.043  56.968 0.1000000015
107655  -34.755  12.130  55.380 0.1000000015
107653  -32.928  12.958  55.575 0.1000000015
107644  -30.865  12.416  56.695 0.1000000015
159947  -36.697  13.484  53.168 0.1000000015
145510  -37.161  13.737  52.665 0.3000000119
109618  -41.779  15.545  61.307 0.2000000030
108361  -30.824  13.170  56.328 0.1000000015
108371  -32.436  13.771  55.406 0.1000000015
149014  -35.443  13.849  54.119 0.1000000015
109036  -31.105  14.594  55.498 0.1000000015
109037  -31.981  14.544  55.314 0.1000000015
109050  -33.504  14.408  54.736 0.1000000015
135502  -30.126  14.584  55.762 0.1000000015
148376  -33.502  15.799  54.694 0.1000000015
109067  -36.592  14.922  52.826 0.2000000030
110367  -29.383  15.989  55.888 0.1000000015
109702  -31.552  15.443  55.302 0.1000000015
110377  -31.703  16.361  55.277 0.1000000015
146863  -32.200  15.894  55.169 0.1000000015
109725  -34.924  15.802  53.829 0.2000000030
109626  -36.701  15.422  60.381 0.1000000015
109683  -27.144  15.793  57.109 0.1000000015
148641  -31.842  17.027  55.239 0.1000000015
111065  -34.943  17.352  54.012 0.2000000030
111058  -34.195  17.292  54.458 0.2000000030
148658  -35.579  17.202  53.634 0.2000000030
160096  -35.396  17.673  53.805 0.2000000030
144620  -36.324  17.461  58.217 0.1000000015
111040  -28.430  17.422  56.514 0.2000000030
111041  -29.187  17.535  56.102 0.2000000030
157800  -27.809  17.230  56.784 0.2000000030
149223  -29.646  16.805  55.794 0.1000000015
147383  -31.194  16.955  55.374 0.1000000015
111739  -30.309  18.257  55.589 0.2000000030
111740  -31.082  18.304  55.365 0.2000000030
111742  -32.736  18.086  54.965 0.2000000030
111762  -36.219  18.877  53.317 0.2000000030
112418  -33.681  19.304  58.686 0.1000000015
157826  -35.021  19.500  57.726 0.1000000015
144621  -30.599  18.802  55.395 0.2000000030
112464  -32.091  19.130  54.971 0.2000000030
149240  -36.565  19.703  53.097 0.2000000030
137532  -36.042  20.258  52.854 0.2000000030
113079  -32.803  20.669  58.991 0.1000000015
113078  -33.209  19.914  58.866 0.1000000015
113689  -32.559  21.582  59.220 0.1000000015
114275  -31.815  22.600  59.987 0.1000000015
138340  -32.262  20.090  54.427 0.2000000030
112476  -34.002  19.841  53.946 0.2000000030
113139  -34.477  20.176  53.471 0.2000000030
113140  -35.469  20.513  52.867 0.2000000030
113753  -37.779  21.087  53.102 0.2000000030
113774  -36.527  21.783  52.268 0.2000000030
113161  -36.907  21.049  52.760 0.2000000030
113776  -38.282  21.802  53.009 0.2000000030
114352  -37.995  22.474  52.527 0.2000000030
114328  -39.074  21.981  53.368 0.2000000030
115995  -34.444  25.721  63.658 0.1000000015
139052  -34.939  25.062  63.685 0.1000000015
115994  -33.296  25.156  63.460 0.1000000015
115419  -33.605  24.221  63.423 0.1000000015
142704  -32.660  24.609  63.294 0.1000000015
115418  -32.013  24.182  63.014 0.1000000015
114841  -32.106  23.414  62.681 0.1000000015
145875  -34.201  27.050  63.628 0.1000000015
146548  -33.072  26.013  63.480 0.1000000015
116585  -34.712  26.425  63.751 0.1000000015
140966  -35.020  27.167  63.834 0.1000000015
117160  -36.329  28.115  64.175 0.1000000015
117764  -37.976  28.419  64.398 0.1000000015
135663  -36.051  29.554  63.613 0.1000000015
140341  -37.199  27.959  64.366 0.1000000015
118436  -37.961  30.026  63.925 0.1000000015
155493  -39.313  30.487  63.766 0.1000000015
119098  -38.649  30.550  63.561 0.1000000015
119078  -40.564  30.163  64.103 0.1000000015
119800  -38.989  31.500  62.455 0.1000000015
113686  -32.181  21.831  59.918 0.1000000015
113670  -31.847  22.081  61.093 0.1000000015
114860  -30.875  23.807  61.232 0.1000000015
115426  -31.411  23.971  62.451 0.1000000015
116590  -31.309  26.582  62.758 0.1000000015
117156  -32.668  27.527  63.256 0.1000000015
117781  -34.875  28.630  63.620 0.1000000015
119118  -37.644  30.948  62.759 0.1000000015
114867  -31.461  23.291  60.245 0.1000000015
115440  -30.952  24.014  60.477 0.1000000015
115501  -37.977  24.158  51.887 0.1000000015
141616  -34.039  28.515  63.414 0.1000000015
119808  -38.729  31.916  61.728 0.1000000015
117162  -30.704  27.151  62.279 0.1000000015
117167  -30.237  27.524  61.620 0.1000000015
118457  -31.323  29.533  60.660 0.1000000015
132921  -30.888  29.498  59.958 0.1000000015
119139  -32.248  30.788  58.130 0.1000000015
120488  -33.260  32.316  57.512 0.1000000015
119824  -33.452  31.803  57.863 0.1000000015
141758  -35.971  33.422  58.303 0.1000000015
121072  -34.412  33.110  57.780 0.1000000015
121696  -34.746  33.720  58.216 0.1000000015
149922  -35.228  34.314  58.636 0.1000000015
121694  -32.341  34.263  58.355 0.1000000015
121083  -33.640  32.912  57.591 0.1000000015
121680  -33.653  34.717  59.010 0.1000000015
122229  -34.191  35.256  59.490 0.1000000015
122767  -34.778  35.859  60.062 0.1000000015
147791  -35.077  34.995  59.318 0.1000000015
122754  -36.417  36.017  59.981 0.1000000015
145801  -35.843  36.393  60.327 0.1000000015
122753  -35.094  36.659  60.604 0.1000000015
121693  -31.457  34.446  58.263 0.1000000015
135911  -32.552  35.911  59.548 0.1000000015
123819  -38.235  38.588  61.173 0.1000000015
139084  -37.433  38.662  61.496 0.1000000015
122751  -33.308  36.682  60.324 0.1000000015
122750  -32.579  36.647  59.945 0.1000000015
123294  -34.509  37.264  60.961 0.1000000015
122752  -34.184  36.625  60.502 0.1000000015
123292  -32.698  37.496  60.350 0.1000000015
121703  -29.497  35.058  57.617 0.1000000015
122782  -30.987  36.096  58.762 0.1000000015
122765  -31.301  36.823  59.119 0.1000000015
123312  -31.965  37.246  59.695 0.1000000015
123844  -31.320  37.848  59.249 0.1000000015
123845  -31.289  38.930  59.223 0.1000000015
123834  -32.433  38.437  60.530 0.1000000015
123833  -31.827  38.993  60.079 0.1000000015
157598  -27.789  33.352  56.184 0.1000000015
121078  -28.755  33.628  57.112 0.1000000015
122238  -29.780  35.778  57.798 0.1000000015
122780  -30.017  36.541  57.870 0.1000000015
122790  -30.232  37.340  57.951 0.1000000015
141927  -31.367  39.808  59.115 0.1000000015
125483  -38.396  41.085  65.399 0.1000000015
124374  -33.263  39.159  61.885 0.1000000015
123814  -32.783  38.860  61.210 0.1000000015
125539  -31.965  42.018  58.867 0.1000000015
122255  -28.507  35.486  55.875 0.1000000015
122789  -29.448  36.341  57.321 0.1000000015
122800  -29.309  36.736  56.537 0.1000000015
123350  -29.736  37.558  56.563 0.1000000015
124399  -31.078  39.685  58.509 0.1000000015
124962  -31.389  40.511  58.620 0.1000000015
124409  -30.787  39.585  57.708 0.1000000015
124973  -31.032  40.201  57.195 0.1000000015
135662  -47.153  33.683  46.823 0.3000000119
119936  -48.006  32.105  46.568 0.3000000119
117923  -50.987  28.475  48.792 0.3000000119
144707  -32.584  41.983  64.170 0.1000000015
124423  -31.116  40.023  56.319 0.1000000015
125589  -32.998  41.185  55.828 0.1000000015
118552  -34.617  30.233  49.352 0.2000000030
121157  -41.452  33.786  48.463 0.4000000060
121172  -42.709  34.071  47.787 0.4000000060
119274  -48.357  31.135  46.519 0.3000000119
119275  -48.938  30.908  46.366 0.3000000119
117302  -50.787  27.852  48.240 0.3000000119
119277  -50.122  30.055  46.765 0.3000000119
124432  -32.183  39.887  55.132 0.1000000015
125591  -34.532  41.064  55.727 0.1000000015
119908  -32.388  31.315  48.178 0.1000000015
119919  -34.578  31.068  47.692 0.2000000030
119954  -34.689  31.698  44.918 0.1000000015
118579  -49.673  29.570  46.183 0.3000000119
124456  -33.564  39.113  54.394 0.1000000015
149801  -35.484  40.686  55.623 0.1000000015
123915  -34.109  37.808  53.250 0.1000000015
124434  -34.321  39.678  54.670 0.1000000015
122304  -32.239  35.738  50.186 0.1000000015
122842  -33.428  36.747  51.185 0.1000000015
121773  -33.414  34.870  47.987 0.1000000015
119918  -33.790  31.409  47.660 0.2000000030
121170  -33.394  33.442  47.290 0.1000000015
121787  -33.387  34.132  47.325 0.1000000015
120570  -33.922  32.310  47.287 0.1000000015
147534  -33.902  34.977  44.564 0.1000000015
147100  -49.128  30.094  46.104 0.3000000119
118577  -48.191  29.648  46.180 0.3000000119
122832  -33.244  36.993  52.250 0.1000000015
123398  -34.754  37.637  51.921 0.1000000015
123383  -34.961  37.976  52.777 0.1000000015
123916  -35.741  38.469  53.343 0.1000000015
123979  -34.050  38.092  48.124 0.1000000015
117935  -41.459  27.981  45.874 0.1000000015
117930  -46.286  29.223  46.994 0.3000000119
118578  -49.174  29.339  45.747 0.3000000119
123898  -36.581  38.810  53.835 0.1000000015
117307  -45.104  27.660  46.287 0.2000000030
124485  -37.085  39.232  52.845 0.1000000015
117312  -42.788  27.384  45.529 0.2000000030
124477  -39.444  40.292  54.342 0.1000000015
125039  -36.783  40.695  51.573 0.1000000015
125065  -37.037  40.422  48.420 0.1000000015
116751  -47.707  26.465  44.260 0.2000000030
116151  -46.193  25.816  43.917 0.1000000015
102623  -36.402  4.889  54.942 0.1000000015
102608  -37.636  5.220  55.944 0.1000000015
110269  -41.297  15.967  64.609 0.1000000015
109605  -37.783  14.772  62.356 0.1000000015
160188  -39.916  15.364  63.750 0.1000000015
110270  -42.524  16.438  64.472 0.1000000015
109608  -40.689  15.382  62.520 0.1000000015
110279  -42.607  16.305  63.537 0.1000000015
110965  -44.479  17.262  63.859 0.1000000015
109619  -42.575  15.718  61.374 0.1000000015
109603  -35.771  15.348  62.483 0.1000000015
110294  -34.777  16.347  61.446 0.1000000015
155880  -39.313  14.960  62.050 0.1000000015
136091  -43.793  16.816  63.565 0.1000000015
110287  -42.840  16.215  62.726 0.1000000015
109596  -42.097  15.869  62.952 0.1000000015
109595  -41.328  15.615  63.161 0.1000000015
155662  -38.557  14.858  61.710 0.1000000015
109606  -38.820  14.888  62.643 0.1000000015
109594  -40.564  15.459  63.414 0.1000000015
109581  -41.119  15.708  63.881 0.1000000015
109607  -39.799  15.141  62.826 0.1000000015
97621  -46.155  -0.279  64.281 0.1000000015
97609  -47.192  -0.366  64.741 0.1000000015
95953  -46.103  -2.397  64.778 0.1000000015
98415  -46.604  0.349  64.183 0.1000000015
99213  -47.065  1.113  63.882 0.1000000015
96797  -46.355  -1.651  64.792 0.1000000015
98402  -47.584  0.233  64.495 0.1000000015
95106  -46.868  -4.158  65.732 0.1000000015
95954  -46.821  -3.007  65.461 0.1000000015
94281  -47.303  -4.947  65.949 0.1000000015
99214  -47.993  1.615  63.738 0.1000000015
91619  -46.162  -7.138  63.416 0.1000000015
96799  -47.878  -1.024  65.439 0.1000000015
94268  -47.952  -4.466  66.327 0.1000000015
95944  -47.692  -2.512  65.881 0.1000000015
97610  -48.260  -0.481  65.121 0.1000000015
93432  -47.039  -5.516  65.533 0.1000000015
95095  -47.812  -3.528  66.240 0.1000000015
98403  -48.494  -0.006  64.669 0.1000000015
160447  -46.803  -6.353  64.288 0.1000000015
93420  -48.011  -5.116  66.123 0.1000000015
94269  -48.692  -4.567  66.344 0.1000000015
95945  -48.627  -2.938  66.403 0.1000000015
92540  -47.330  -5.919  64.792 0.1000000015
93433  -48.001  -5.425  65.409 0.1000000015
95097  -49.158  -3.960  66.334 0.1000000015
95947  -49.606  -1.970  65.868 0.1000000015
92549  -46.872  -6.668  63.562 0.1000000015
92550  -47.588  -6.184  63.880 0.1000000015
93439  -48.113  -5.659  64.354 0.1000000015
94282  -49.030  -4.695  65.596 0.1000000015
95965  -49.293  -3.315  65.200 0.1000000015
92565  -47.742  -6.249  62.933 0.1000000015
147209  -48.375  -5.720  62.496 0.1000000015
137424  -49.249  -2.430  64.625 0.1000000015
96810  -49.710  -1.485  64.624 0.1000000015
97638  -49.639  -0.277  63.819 0.1000000015
92576  -47.999  -6.101  62.046 0.1000000015
97622  -49.340  -1.006  63.746 0.1000000015
97637  -49.402  -0.180  63.173 0.1000000015
99227  -50.171  0.821  62.895 0.1000000015
93456  -48.527  -5.313  61.770 0.1000000015
94304  -48.507  -4.846  62.139 0.1000000015
94310  -47.573  -4.298  61.665 0.1000000015
95137  -46.658  -3.910  60.916 0.1000000015
95983  -45.682  -2.687  61.169 0.1000000015
97642  -46.648  -0.732  61.823 0.1000000015
98443  -47.307  0.764  60.996 0.1000000015
96828  -45.468  -1.713  61.266 0.1000000015
98441  -45.563  0.141  60.502 0.1000000015
93440  -48.559  -5.108  64.997 0.1000000015
95107  -49.336  -4.066  65.926 0.1000000015
94292  -48.844  -4.732  64.577 0.1000000015
95114  -48.716  -3.853  64.197 0.1000000015
94291  -48.548  -5.193  63.713 0.1000000015
144370  -48.472  -4.340  63.508 0.1000000015
95964  -48.366  -2.934  63.948 0.1000000015
95127  -47.630  -3.416  63.082 0.1000000015
96809  -48.506  -1.839  63.697 0.1000000015
158615  -47.053  -3.401  62.374 0.1000000015
95977  -47.477  -2.452  62.990 0.1000000015
97636  -48.246  -0.795  62.973 0.1000000015
98435  -49.739  0.665  62.501 0.1000000015
96822  -46.797  -1.776  62.268 0.1000000015
97635  -47.314  -0.973  62.418 0.1000000015
98434  -48.992  0.402  62.244 0.1000000015
99232  -51.101  1.682  62.172 0.1000000015
95134  -46.544  -3.384  61.688 0.1000000015
95984  -46.134  -2.391  61.749 0.1000000015
98433  -48.038  0.507  61.635 0.1000000015
99231  -49.077  1.074  61.533 0.1000000015
99996  -47.100  2.120  63.554 0.1000000015
97624  -49.721  -0.653  64.387 0.1000000015
95955  -49.396  -3.051  66.073 0.1000000015
98430  -49.739  0.296  63.309 0.1000000015
147397  -50.357  1.271  62.201 0.1000000015
99230  -47.991  1.326  60.728 0.1000000015
96823  -47.590  -1.540  62.862 0.1000000015
98429  -48.463  -0.048  62.428 0.1000000015
151100  -48.608  -4.824  62.862 0.1000000015
94303  -47.664  -4.008  62.537 0.1000000015
96829  -46.139  -1.490  61.736 0.1000000015
97643  -47.577  -0.277  62.122 0.1000000015
98432  -46.983  0.161  61.440 0.1000000015
97648  -45.352  -0.711  60.959 0.1000000015
99239  -46.615  1.207  60.147 0.1000000015
95976  -46.800  -2.923  62.331 0.1000000015
113138  -33.819  20.539  53.560 0.1000000015
111731  -27.847  18.780  56.547 0.1000000015
112449  -29.115  19.071  55.927 0.1000000015
112462  -30.391  19.434  55.223 0.1000000015
113773  -35.263  21.248  52.540 0.1000000015
117955  -41.441  28.410  44.610 0.1000000015
117311  -42.056  27.698  45.440 0.1000000015
116741  -45.100  26.610  45.089 0.1000000015
117313  -43.605  27.136  45.615 0.1000000015
117323  -42.010  27.832  44.854 0.1000000015
117324  -42.650  27.413  44.941 0.1000000015
116739  -43.315  27.006  44.974 0.1000000015
116748  -44.817  26.338  44.469 0.1000000015
116749  -45.655  26.236  44.487 0.1000000015
117956  -42.249  28.230  44.251 0.1000000015
117969  -42.714  28.796  43.532 0.1000000015
158942  -42.613  27.667  44.492 0.1000000015
116747  -43.712  26.736  44.491 0.1000000015
116765  -43.901  26.658  43.863 0.1000000015
118622  -43.437  29.086  42.866 0.1000000015
117358  -43.892  27.754  42.999 0.1000000015
119315  -43.513  29.900  42.450 0.1000000015
116740  -44.140  26.669  44.977 0.1000000015
117314  -44.563  27.064  45.687 0.1000000015
117325  -43.219  27.178  44.326 0.1000000015
117341  -43.550  27.381  43.578 0.1000000015
92564  -46.825  -6.804  62.547 0.1000000015
93421  -48.692  -5.002  65.928 0.1000000015
93451  -48.281  -5.748  63.284 0.1000000015
94270  -49.095  -4.534  66.133 0.1000000015
95096  -48.665  -3.841  66.484 0.1000000015
95115  -49.118  -4.223  65.186 0.1000000015
95946  -49.245  -2.493  66.235 0.1000000015
96790  -48.570  -1.902  66.005 0.1000000015
96798  -47.366  -1.667  65.395 0.1000000015
96800  -49.670  -2.216  65.449 0.1000000015
96811  -49.897  -1.041  64.748 0.2000000030
97602  -48.979  -1.159  65.720 0.2000000030
97611  -49.277  -0.639  65.125 0.2000000030
97612  -49.838  -0.925  65.055 0.2000000030
97623  -49.781  -0.783  64.123 0.1000000015
97630  -39.690  -0.179  62.451 0.1000000015
97641  -45.869  -0.921  61.470 0.1000000015
97649  -46.100  -0.189  61.200 0.1000000015
98405  -49.561  -0.373  64.479 0.2000000030
98416  -48.182  0.728  64.227 0.1000000015
98426  -40.721  0.441  62.536 0.1000000015
98442  -46.494  0.615  60.695 0.1000000015
98450  -45.914  0.921  60.013 0.1000000015
99208  -41.619  1.611  62.917 0.1000000015
99218  -51.145  1.916  63.036 0.2000000030
99240  -47.117  1.140  60.500 0.1000000015
99241  -49.891  1.599  61.330 0.1000000015
99991  -40.277  2.845  63.257 0.1000000015
100010  -51.889  2.355  62.805 0.2000000030
100011  -52.781  2.625  62.553 0.2000000030
100012  -53.243  3.073  62.773 0.2000000030
100016  -52.822  2.768  61.570 0.2000000030
100023  -50.306  2.327  60.376 0.2000000030
100038  -49.026  2.535  59.382 0.1000000015
100042  -52.570  3.794  59.775 0.2000000030
100061  -48.533  3.397  57.414 0.1000000015
100787  -52.273  4.741  67.383 0.3000000119
100798  -50.320  4.243  66.941 0.2000000030
100799  -51.343  4.029  66.616 0.3000000119
100828  -46.651  3.770  64.399 0.1000000015
100834  -53.159  3.653  64.583 0.2000000030
100840  -40.632  3.498  63.554 0.1000000015
100843  -43.897  3.494  63.777 0.1000000015
100852  -53.123  3.313  63.740 0.2000000030
100857  -53.430  3.565  62.609 0.2000000030
100860  -53.177  3.398  61.269 0.2000000030
100866  -53.274  3.949  61.279 0.2000000030
100875  -52.216  3.853  59.061 0.2000000030
100876  -52.388  4.006  59.266 0.3000000119
100884  -50.987  3.977  57.848 0.2000000030
100893  -48.951  3.852  56.613 0.1000000015
100895  -50.429  4.030  57.304 0.2000000030
100908  -48.645  4.149  55.965 0.1000000015
100909  -48.844  4.500  56.029 0.1000000015
101595  -47.843  4.798  68.951 0.2000000030
101597  -49.679  4.794  69.184 0.5000000000
101599  -51.419  4.868  68.536 0.4000000060
101610  -41.117  4.662  67.981 0.1000000015
101611  -41.953  4.921  67.557 0.1000000015
101616  -51.209  4.551  68.225 0.4000000060
101653  -43.020  5.045  65.397 0.1000000015
101679  -41.028  4.074  63.905 0.1000000015
101686  -53.455  3.906  64.177 0.2000000030
101692  -53.216  4.293  63.023 0.3000000119
101693  -53.544  4.005  63.258 0.2000000030
101697  -51.348  4.630  61.397 0.3000000119
101700  -53.345  4.078  62.233 0.2000000030
101704  -52.930  4.160  60.708 0.2000000030
101714  -51.707  4.292  58.847 0.2000000030
101715  -52.237  4.197  59.323 0.2000000030
101731  -39.728  4.634  56.983 0.1000000015
101748  -49.298  4.443  56.497 0.1000000015
101770  -46.940  4.934  53.915 0.1000000015
102433  -49.233  6.018  70.292 0.4000000060
102442  -42.327  5.744  69.435 0.2000000030
102449  -49.776  5.508  70.010 0.4000000060
102451  -50.878  5.582  69.449 0.5000000000
102457  -39.473  4.985  69.402 0.1000000015
102458  -41.855  5.197  69.186 0.2000000030
102462  -51.390  5.284  68.729 0.4000000060
102463  -52.037  4.908  68.101 0.4000000060
102487  -52.483  4.861  66.944 0.3000000119
102519  -48.774  5.778  64.690 0.6000000238
102523  -52.845  4.628  65.406 0.3000000119
102527  -48.729  5.543  63.843 0.6000000238
102530  -52.203  4.899  64.275 0.4000000060
102536  -48.742  5.273  62.933 0.4000000060
102585  -50.622  4.498  57.980 0.2000000030
102601  -49.491  4.711  56.788 0.2000000030
102602  -50.066  4.585  57.362 0.2000000030
102613  -47.131  5.403  55.183 0.1000000015
102616  -49.045  4.874  56.228 0.1000000015
102627  -46.340  5.385  54.845 0.1000000015
102629  -47.748  5.118  54.676 0.1000000015
103328  -44.525  5.984  69.726 0.2000000030
103329  -45.510  6.020  69.861 0.3000000119
103331  -47.561  6.185  70.205 0.4000000060
103333  -50.797  6.109  69.730 0.5000000000
103337  -38.070  5.409  69.063 0.1000000015
103339  -41.108  6.164  69.493 0.2000000030
103341  -42.887  6.331  69.449 0.2000000030
103344  -51.439  5.658  68.628 0.5000000000
103391  -47.365  6.424  64.228 0.5000000000
103404  -46.329  6.383  62.948 0.5000000000
103475  -37.615  6.421  52.765 0.3000000119
103483  -37.859  6.758  51.152 0.5000000000
103487  -37.562  6.800  51.597 0.4000000060
104061  -49.610  6.927  70.398 0.4000000060
104075  -49.849  7.820  70.202 0.5000000000
104081  -40.858  6.774  68.897 0.2000000030
104086  -45.253  7.513  69.362 0.3000000119
104158  -44.832  7.174  61.898 0.5000000000
104161  -42.869  7.814  60.021 0.4000000060
104167  -43.141  7.261  59.797 0.4000000060
104193  -39.774  7.546  57.158 0.3000000119
104229  -38.262  6.828  51.032 0.4000000060
104773  -49.969  8.668  69.785 0.5000000000
104788  -41.975  7.930  67.620 0.2000000030
104789  -42.635  7.948  67.871 0.2000000030
104790  -45.037  8.671  68.021 0.2000000030
104792  -49.270  7.856  67.440 0.6999999881
104793  -49.765  8.153  68.162 0.6999999881
104812  -48.576  8.694  65.894 0.6999999881
104826  -47.494  8.484  64.841 0.6999999881
104845  -46.435  8.261  63.692 0.6999999881
104850  -45.396  8.249  62.556 0.5000000000
104855  -44.353  8.330  61.487 0.6000000238
104889  -41.051  8.867  57.952 0.6000000238
104895  -40.183  8.735  56.857 0.4000000060
104902  -39.563  8.358  55.726 0.4000000060
104908  -39.991  8.774  53.905 0.6000000238
104916  -40.089  8.531  52.959 0.6000000238
104946  -40.749  8.869  49.184 0.6000000238
105423  -50.038  9.342  69.264 0.6000000238
105429  -49.477  9.772  68.886 0.5000000000
105436  -46.842  9.516  67.515 0.4000000060
105455  -43.763  9.391  65.339 0.3000000119
105456  -45.440  9.763  65.779 0.2000000030
105457  -46.287  9.972  66.009 0.3000000119
105459  -50.218  9.838  65.662 0.8000000119
105488  -38.795  9.855  63.243 0.1000000015
105503  -46.419  9.475  62.692 0.6000000238
105515  -43.543  9.792  59.869 0.6000000238
105524  -41.646  9.248  58.451 0.6000000238
105525  -42.301  9.652  58.808 0.6000000238
105537  -40.686  9.276  57.225 0.6000000238
105577  -38.359  8.805  51.424 0.3000000119
105580  -42.029  9.725  51.551 0.6999999881
105595  -39.798  8.537  49.705 0.6000000238
105606  -40.815  9.274  49.126 0.6000000238
105607  -42.601  9.924  48.837 0.6000000238
105609  -43.643  10.549  48.535 0.6000000238
105613  -43.067  10.200  48.564 0.6000000238
106058  -49.889  10.247  68.318 0.6000000238
106059  -50.152  10.154  68.215 0.6000000238
106070  -47.108  10.187  66.346 0.4000000060
106072  -49.406  10.649  66.957 0.5000000000
106073  -49.954  10.726  66.983 0.5000000000
106078  -45.888  10.327  65.258 0.3000000119
106080  -47.887  10.617  65.976 0.5000000000
106081  -48.763  10.649  66.512 0.6000000238
106089  -50.491  10.634  65.096 0.8000000119
106122  -50.830  11.105  62.157 0.8999999762
106126  -48.900  10.631  62.007 0.8999999762
106131  -45.829  10.313  61.093 0.8000000119
106142  -45.581  10.993  59.704 0.6999999881
106150  -43.610  10.816  58.530 0.8000000119
106191  -52.278  11.234  53.833 0.8999999762
106195  -37.158  10.068  53.557 0.2000000030
106197  -42.582  10.733  53.155 0.6999999881
106200  -50.930  10.747  53.071 0.8000000119
106201  -51.631  10.927  53.476 0.8000000119
106210  -42.715  10.355  52.083 0.6999999881
106212  -44.166  10.765  51.492 0.6999999881
106216  -48.935  10.552  51.528 0.8000000119
106219  -51.330  10.836  52.627 0.8000000119
106234  -48.850  10.447  50.592 0.8000000119
106235  -49.550  10.572  50.727 0.8000000119
106236  -50.266  10.699  51.157 0.8000000119
106246  -44.932  10.431  49.558 0.6000000238
106248  -46.839  10.579  49.426 0.6999999881
106250  -48.463  10.628  49.870 0.8000000119
106253  -50.561  11.143  50.877 0.8000000119
106264  -47.142  10.950  48.918 0.6999999881
106265  -47.878  10.847  49.439 0.8000000119
106266  -48.686  10.858  49.730 0.8000000119
106269  -43.274  10.609  48.409 0.6000000238
106270  -43.834  10.892  48.312 0.6000000238
106271  -44.569  10.879  48.370 0.6000000238
106273  -46.477  11.019  48.563 0.6999999881
106274  -46.980  11.006  48.764 0.6999999881
106739  -50.065  10.853  66.208 0.6000000238
106759  -49.397  11.612  64.707 0.6000000238
106760  -50.097  11.432  64.791 0.6999999881
106776  -42.402  11.704  63.526 0.1000000015
106778  -47.493  12.099  63.974 0.4000000060
106779  -50.692  11.151  63.806 0.8999999762
106798  -48.584  11.165  60.360 0.8999999762
106808  -49.979  11.360  59.215 0.8999999762
106810  -51.496  11.618  59.126 0.8999999762
106822  -47.569  11.537  58.712 0.8000000119
106823  -49.173  11.489  58.497 0.8000000119
106836  -43.694  11.227  57.761 0.8000000119
106844  -51.972  11.591  56.903 0.8999999762
106845  -52.432  11.869  57.458 0.8999999762
106853  -42.617  11.251  56.387 0.8000000119
106856  -45.575  11.576  56.353 0.8000000119
106857  -46.959  11.595  56.301 0.8000000119
106858  -47.800  11.613  56.514 0.8000000119
106863  -52.860  11.963  56.143 0.8999999762
106873  -44.079  11.553  55.661 0.8000000119
106876  -46.730  11.614  55.564 0.8000000119
106882  -52.721  11.732  55.434 0.8999999762
106894  -49.856  11.375  54.360 0.8000000119
106905  -44.226  11.409  53.536 0.6999999881
106909  -48.558  11.295  53.275 0.8000000119
106912  -52.462  11.651  53.312 0.8000000119
106921  -45.360  11.206  52.224 0.8000000119
106934  -51.263  11.528  51.456 0.8000000119
106954  -48.933  11.097  49.746 0.8000000119
106955  -49.504  11.578  50.150 0.8000000119
106960  -45.010  11.189  48.253 0.6000000238
106961  -45.733  11.136  48.346 0.6000000238
107581  -41.188  12.784  64.186 0.1000000015
107593  -44.273  12.349  63.510 0.3000000119
107597  -47.869  12.677  63.670 0.5000000000
107617  -51.899  11.857  59.521 0.8999999762
107638  -53.239  13.073  56.901 1.0000000000
107648  -53.193  12.684  56.215 0.8999999762
107670  -52.713  12.449  53.503 0.8999999762
107683  -38.794  12.597  51.932 0.6000000238
107692  -51.901  11.914  52.078 0.8000000119
107703  -49.948  12.572  50.606 0.8000000119
107705  -50.806  11.903  50.784 0.8000000119
107708  -42.072  12.557  49.114 0.6000000238
107709  -42.735  12.122  48.646 0.6000000238
107710  -44.012  12.375  48.551 0.6000000238
107711  -44.706  12.132  48.656 0.6000000238
107712  -45.447  11.933  48.911 0.6000000238
107713  -46.341  11.547  49.007 0.6000000238
107714  -47.127  11.322  49.200 0.6999999881
107719  -44.485  11.648  48.344 0.6000000238
108313  -48.203  13.397  63.487 0.5000000000
108314  -49.514  13.086  63.117 0.6999999881
108320  -51.011  14.301  61.807 0.8999999762
108336  -51.842  13.751  60.773 0.8999999762
108347  -53.343  14.351  57.830 1.0000000000
108374  -53.117  13.663  55.161 1.0000000000
108382  -53.269  12.884  54.956 0.8999999762
108386  -44.973  13.776  52.844 0.6000000238
108388  -52.681  13.265  53.739 1.0000000000
108394  -43.950  13.516  51.693 0.5000000000
108406  -42.975  13.682  50.373 0.6000000238
108411  -47.376  12.762  51.477 0.6999999881
108431  -43.462  13.015  48.933 0.6000000238
108931  -40.963  15.257  68.005 0.1000000015
108932  -41.904  15.383  67.901 0.1000000015
108945  -40.495  14.448  67.048 0.1000000015
108964  -43.121  14.299  65.038 0.1000000015
108965  -43.806  14.467  64.851 0.1000000015
108966  -44.603  14.681  64.640 0.2000000030
108967  -45.432  14.916  64.433 0.2000000030
108971  -45.063  14.122  63.928 0.2000000030
108972  -45.912  14.229  63.789 0.3000000119
108973  -46.834  14.271  63.718 0.4000000060
108984  -52.691  15.601  60.449 0.8999999762
109020  -52.579  14.994  56.954 1.0000000000
109038  -32.755  14.423  55.010 0.1000000015
109042  -53.235  13.894  55.723 0.8999999762
109053  -51.286  14.520  54.484 1.0000000000
109062  -45.080  14.641  53.157 0.5000000000
109063  -45.896  15.000  53.023 0.5000000000
109071  -43.506  14.126  52.554 0.5000000000
109076  -51.631  14.335  52.540 1.0000000000
109077  -52.141  13.753  53.194 1.0000000000
109083  -40.596  14.745  51.201 0.6000000238
109084  -41.366  14.545  51.022 0.6000000238
109088  -49.477  14.885  51.407 0.8999999762
109092  -41.657  14.108  50.338 0.6000000238
109094  -49.899  14.608  51.120 0.8999999762
109096  -51.169  14.855  50.962 0.8999999762
109522  -39.467  16.602  68.837 0.1000000015
109524  -41.110  16.848  69.167 0.1000000015
109537  -40.533  16.242  68.876 0.1000000015
109552  -43.643  15.743  67.559 0.1000000015
109593  -39.161  15.134  63.580 0.1000000015
109609  -41.528  15.570  62.277 0.2000000030
109610  -42.354  15.762  62.094 0.2000000030
109611  -43.204  16.039  61.894 0.1000000015
109625  -36.119  15.837  59.914 0.1000000015
109629  -39.393  15.346  60.327 0.2000000030
109630  -40.244  15.514  60.108 0.2000000030
109633  -43.784  15.803  60.562 0.3000000119
109637  -48.216  15.907  60.097 0.8999999762
109649  -37.052  15.798  59.567 0.1000000015
109653  -40.377  15.814  59.515 0.3000000119
109656  -43.726  15.756  59.715 0.4000000060
109675  -52.885  16.009  58.456 0.8999999762
109687  -48.375  15.514  57.555 1.0000000000
109688  -52.477  15.495  57.762 1.0000000000
109707  -50.584  14.841  54.723 1.0000000000
109716  -35.049  14.985  53.905 0.1000000015
109732  -50.962  15.817  52.733 1.0000000000
109741  -41.229  15.443  52.121 0.3000000119
109746  -48.434  15.265  52.035 0.8999999762
109747  -51.232  15.874  51.998 1.0000000000
109755  -51.204  15.778  51.162 0.8999999762
110201  -41.970  17.088  69.115 0.1000000015
110202  -42.800  17.085  69.058 0.1000000015
110203  -43.456  17.092  68.894 0.1000000015
110236  -40.426  16.839  67.817 0.1000000015
110237  -41.425  17.050  67.665 0.2000000030
110238  -42.374  17.184  67.221 0.2000000030
110239  -43.199  17.430  67.447 0.2000000030
110240  -44.979  16.814  68.474 0.1000000015
110241  -45.822  17.116  68.259 0.1000000015
110242  -46.582  17.468  67.863 0.3000000119
110243  -47.309  17.715  67.448 0.3000000119
110260  -46.923  17.113  66.985 0.3000000119
110262  -49.165  17.756  65.528 0.6000000238
110268  -40.807  16.053  65.379 0.1000000015
110278  -41.852  15.991  63.897 0.1000000015
110291  -51.191  16.895  62.865 0.8000000119
110292  -51.637  17.134  62.148 0.8000000119
110295  -43.964  16.328  61.991 0.2000000030
110296  -44.519  16.309  61.602 0.3000000119
110301  -52.192  17.121  61.155 0.8999999762
110307  -46.527  16.275  60.927 0.8000000119
110311  -51.685  17.186  60.509 0.8999999762
110312  -52.270  17.105  60.429 0.8999999762
110313  -52.513  16.810  60.412 0.8999999762
110326  -43.486  15.978  58.885 0.5000000000
110348  -52.905  16.388  59.121 0.8999999762
110370  -47.655  16.557  56.378 1.0000000000
110380  -48.171  16.717  55.771 0.8999999762
110381  -48.774  16.432  55.296 1.0000000000
110420  -46.679  16.392  52.705 0.6999999881
110422  -51.122  16.641  51.526 0.8999999762
110426  -40.059  15.912  51.829 0.4000000060
110427  -48.147  16.978  51.990 0.8999999762
110436  -50.784  16.281  50.854 0.8999999762
110900  -42.391  17.160  69.033 0.1000000015
110901  -42.849  17.161  68.981 0.1000000015
110911  -46.930  18.105  67.994 0.3000000119
110926  -47.437  18.031  67.494 0.4000000060
110928  -48.795  18.193  66.016 0.6000000238
110943  -48.048  17.880  66.850 0.4000000060
110944  -48.713  17.995  66.208 0.6000000238
110956  -46.545  18.361  64.744 0.5000000000
110958  -50.146  17.969  64.358 0.8000000119
110969  -48.532  18.333  63.537 0.8000000119
110975  -44.931  17.317  63.140 0.2000000030
110978  -47.772  17.832  62.896 0.8999999762
110980  -49.811  18.151  62.669 0.6999999881
110982  -51.310  17.651  62.275 0.8000000119
110989  -51.037  17.876  61.971 0.8000000119
110994  -51.323  17.488  61.238 0.8000000119
111009  -37.785  17.302  58.220 0.3000000119
111011  -39.144  17.319  58.151 0.3000000119
111012  -40.694  17.296  57.968 0.3000000119
111029  -39.925  17.702  57.838 0.3000000119
111031  -41.450  17.568  57.691 0.3000000119
111033  -43.338  17.595  57.553 0.5000000000
111035  -45.775  17.696  57.150 0.6999999881
111043  -46.524  17.571  56.792 0.8000000119
111053  -49.067  17.407  54.837 1.0000000000
111059  -49.548  17.290  54.336 1.0000000000
111060  -50.107  17.690  53.759 1.0000000000
111074  -45.223  17.243  53.031 0.5000000000
111101  -48.913  17.332  51.645 0.8999999762
111104  -50.839  17.098  51.344 0.8999999762
111109  -49.974  16.853  50.979 0.8999999762
111110  -50.404  16.883  50.968 0.8999999762
111633  -46.699  18.299  67.594 0.3000000119
111650  -47.858  18.533  66.321 0.5000000000
111651  -48.568  18.446  65.835 0.6999999881
111652  -49.161  18.323  65.435 0.8000000119
111661  -47.284  18.589  65.597 0.4000000060
111664  -49.640  18.351  64.580 0.8000000119
111677  -49.882  18.436  63.922 0.8000000119
111683  -49.495  18.360  63.417 0.6999999881
111697  -34.160  18.470  58.759 0.1000000015
111698  -34.944  18.275  58.268 0.1000000015
111699  -35.815  18.117  57.938 0.1000000015
111711  -37.230  18.427  57.640 0.3000000119
111716  -42.267  18.635  57.485 0.4000000060
111717  -42.954  18.438  57.493 0.5000000000
111755  -50.301  18.746  53.891 1.0000000000
111765  -39.426  18.477  53.200 0.3000000119
111782  -48.520  18.568  52.132 1.0000000000
111783  -49.529  18.780  51.842 1.0000000000
111784  -50.425  18.730  52.005 0.8999999762
111796  -50.267  18.068  51.533 0.8999999762
111797  -50.561  17.806  51.680 1.0000000000
112469  -51.216  20.328  54.099 1.0000000000
112495  -46.947  19.558  52.858 0.6000000238
112496  -51.033  19.591  53.179 1.0000000000
112508  -51.135  20.225  52.867 1.0000000000
112515  -50.205  18.855  51.826 1.0000000000
113080  -33.914  19.884  58.163 0.1000000015
113089  -40.560  20.357  57.522 0.4000000060
113092  -43.894  20.601  57.718 0.6000000238
113093  -44.699  20.505  57.627 0.6999999881
113103  -47.829  20.759  56.646 1.0000000000
113104  -49.153  20.613  55.922 1.0000000000
113119  -50.975  20.786  54.778 1.0000000000
113145  -40.412  20.719  53.868 0.3000000119
113150  -45.750  20.132  53.347 0.6000000238
113154  -51.347  20.778  53.281 1.0000000000
113163  -50.344  20.345  52.526 1.0000000000
113685  -31.892  22.104  60.451 0.1000000015
113690  -33.059  21.451  58.609 0.1000000015
113702  -38.165  21.944  57.470 0.2000000030
113716  -49.470  21.481  56.311 1.0000000000
113717  -50.297  21.800  56.071 1.0000000000
113728  -51.220  21.470  54.921 1.0000000000
113742  -51.365  21.450  54.281 1.0000000000
113759  -43.798  21.170  53.909 0.3000000119
113763  -49.557  20.985  52.858 1.0000000000
113764  -50.940  21.807  53.325 1.0000000000
113778  -51.193  21.158  53.037 1.0000000000
113779  -51.316  21.095  53.233 1.0000000000
114266  -31.537  22.768  61.325 0.1000000015
114276  -32.335  22.496  59.471 0.1000000015
114283  -43.320  22.940  58.396 0.6000000238
114296  -41.353  22.212  57.818 0.4000000060
114297  -47.460  22.702  57.800 0.8999999762
114299  -49.214  22.919  57.291 1.0000000000
114305  -51.165  22.879  55.995 1.0000000000
114309  -51.333  22.326  54.991 1.0000000000
114317  -50.770  23.202  54.080 1.0000000000
114319  -51.332  22.019  54.108 1.0000000000
114336  -46.041  22.442  53.791 0.6000000238
114384  -45.185  22.326  47.999 0.1000000015
114385  -46.028  22.431  48.035 0.1000000015
114400  -46.370  22.311  47.801 0.1000000015
114840  -31.114  23.686  61.842 0.1000000015
114851  -31.252  23.321  61.461 0.1000000015
114861  -31.264  23.285  60.856 0.1000000015
114878  -42.494  23.417  58.314 0.5000000000
114880  -44.205  23.350  58.504 0.5000000000
114881  -45.271  23.409  58.480 0.6999999881
114882  -47.872  24.266  58.394 0.8999999762
114889  -38.141  23.505  57.721 0.3000000119
114894  -48.957  24.082  57.984 0.8999999762
114895  -49.453  23.874  57.617 1.0000000000
114898  -50.783  24.219  56.738 0.8999999762
114903  -51.269  23.359  55.475 1.0000000000
114911  -49.365  24.020  54.335 0.8000000119
114912  -50.508  23.869  54.453 0.8999999762
114923  -42.920  23.851  54.081 0.3000000119
114928  -47.544  23.259  54.016 0.6999999881
115417  -31.829  24.988  63.088 0.1000000015
115446  -30.988  24.542  59.816 0.1000000015
115448  -33.007  24.879  59.213 0.2000000030
115457  -39.463  24.896  58.331 0.4000000060
115466  -49.652  25.385  57.672 0.8999999762
115472  -49.244  24.485  57.936 0.8999999762
115495  -41.679  24.764  53.421 0.2000000030
115551  -49.035  24.595  48.179 0.1000000015
115993  -32.568  25.362  63.338 0.1000000015
115998  -30.528  25.208  62.162 0.1000000015
116019  -29.583  25.916  59.950 0.1000000015
116021  -30.633  25.127  59.528 0.2000000030
116031  -36.494  25.862  58.615 0.3000000119
116032  -37.414  25.935  58.627 0.4000000060
116033  -38.139  25.982  58.652 0.4000000060
116034  -39.415  25.744  58.592 0.4000000060
116036  -41.633  26.171  58.510 0.4000000060
116042  -48.060  25.592  58.541 0.8000000119
116043  -48.688  25.783  58.317 0.8999999762
116044  -49.218  25.832  57.977 0.8999999762
116049  -32.625  25.512  57.998 0.2000000030
116052  -35.686  25.947  58.495 0.2000000030
116053  -36.268  26.193  58.342 0.3000000119
116055  -49.935  25.637  57.343 0.8999999762
116057  -29.722  25.830  56.962 0.2000000030
116058  -30.455  25.564  56.563 0.2000000030
116060  -32.800  25.516  56.861 0.2000000030
116062  -50.306  25.606  56.870 0.8999999762
116067  -32.428  25.648  55.749 0.2000000030
116071  -49.261  26.108  55.417 0.6999999881
116082  -50.375  25.271  55.540 0.8000000119
116085  -41.465  25.517  52.933 0.2000000030
116116  -39.341  25.779  49.405 0.1000000015
116131  -48.196  25.475  48.506 0.1000000015
116132  -49.083  25.386  48.422 0.2000000030
116583  -32.631  26.678  63.330 0.1000000015
116613  -28.888  27.238  57.303 0.2000000030
116620  -41.559  26.828  58.472 0.4000000060
116622  -43.954  26.430  58.462 0.4000000060
116623  -44.724  26.471  58.464 0.6000000238
116624  -47.415  26.673  58.564 0.8000000119
116627  -49.357  26.687  57.804 0.8999999762
116630  -28.966  26.713  56.870 0.2000000030
116631  -29.280  26.326  57.515 0.2000000030
116638  -49.786  26.795  57.274 0.8000000119
116639  -49.952  26.086  57.169 0.8999999762
116643  -29.273  26.262  56.384 0.2000000030
116647  -37.928  27.251  56.630 0.4000000060
116654  -30.965  25.977  55.051 0.2000000030
116660  -37.146  27.057  56.236 0.4000000060
116669  -30.378  26.370  54.577 0.3000000119
116670  -31.213  26.426  54.351 0.3000000119
116671  -32.663  26.445  54.217 0.4000000060
116673  -34.990  26.721  54.377 0.4000000060
116674  -35.718  27.094  54.202 0.4000000060
116679  -49.890  25.909  55.690 0.6999999881
116683  -31.443  26.958  53.749 0.3000000119
116713  -43.885  26.850  49.189 0.2000000030
116734  -50.115  26.701  47.548 0.3000000119
117170  -29.530  27.294  60.447 0.2000000030
117186  -42.785  27.153  58.360 0.4000000060
117188  -46.042  27.658  58.350 0.6999999881
117190  -48.078  27.377  58.473 0.6999999881
117200  -29.057  27.713  57.978 0.2000000030
117202  -41.622  27.617  57.918 0.4000000060
117227  -28.139  27.681  55.008 0.2000000030
117228  -37.812  27.325  55.582 0.4000000060
117230  -39.557  27.878  55.885 0.5000000000
117232  -47.147  28.159  54.976 0.6000000238
117255  -28.328  27.772  54.204 0.2000000030
117261  -33.557  27.658  53.074 0.4000000060
117262  -34.906  27.666  53.115 0.4000000060
117265  -42.930  27.130  52.865 0.3000000119
117282  -41.827  27.137  51.618 0.1000000015
117290  -41.823  27.093  50.297 0.1000000015
117340  -42.929  27.864  43.906 0.1000000015
117763  -37.083  28.724  64.191 0.1000000015
117779  -33.154  28.428  63.220 0.1000000015
117798  -29.617  27.878  60.232 0.2000000030
117799  -30.076  28.427  60.442 0.1000000015
117809  -48.481  29.030  58.240 0.6999999881
117810  -48.957  28.836  58.067 0.8000000119
117817  -29.179  28.553  57.584 0.2000000030
117822  -46.382  28.928  57.933 0.6999999881
117836  -43.855  28.678  57.086 0.6999999881
117839  -49.615  28.696  57.133 0.6999999881
117848  -42.506  28.854  56.244 0.6999999881
117855  -27.758  28.361  54.389 0.2000000030
117865  -27.460  28.876  53.744 0.3000000119
117867  -29.395  27.918  53.322 0.3000000119
117890  -35.638  29.449  52.575 0.5000000000
117905  -44.405  28.567  50.578 0.1000000015
117910  -49.525  29.047  49.952 0.3000000119
117927  -42.717  28.540  47.131 0.2000000030
117933  -39.900  28.789  45.943 0.2000000030
117946  -41.336  28.086  45.272 0.1000000015
117968  -41.839  28.984  43.946 0.1000000015
117985  -43.425  28.246  43.274 0.1000000015
118422  -39.397  29.238  64.329 0.1000000015
118433  -34.444  29.250  63.302 0.1000000015
118456  -30.668  29.019  60.607 0.1000000015
118465  -48.711  29.688  57.938 0.6999999881
118469  -46.558  29.630  57.602 0.6999999881
118470  -47.787  29.987  57.854 0.6999999881
118479  -45.128  29.805  56.708 0.6999999881
118486  -42.884  29.448  55.631 0.6999999881
118493  -26.855  29.929  54.145 0.3000000119
118509  -29.218  29.079  52.236 0.3000000119
118511  -31.329  29.256  52.235 0.3000000119
118513  -33.456  29.807  52.428 0.4000000060
118515  -35.210  30.517  52.474 0.4000000060
118521  -44.136  28.870  52.093 0.3000000119
118527  -28.209  30.087  51.759 0.2000000030
118529  -30.338  29.839  51.291 0.3000000119
118531  -32.527  30.215  51.435 0.3000000119
118541  -34.580  30.410  50.421 0.4000000060
118546  -49.270  29.822  50.338 0.4000000060
118551  -33.998  30.269  48.963 0.2000000030
118554  -50.849  29.244  49.182 0.3000000119
118558  -34.571  30.331  48.713 0.2000000030
118574  -38.586  29.715  46.215 0.1000000015
118583  -37.055  30.074  45.151 0.1000000015
118585  -38.440  29.524  45.564 0.1000000015
119077  -39.705  30.054  64.161 0.1000000015
119140  -48.465  30.310  57.700 0.6999999881
119143  -30.437  29.883  57.200 0.2000000030
119145  -32.326  31.232  57.513 0.1000000015
119147  -48.495  30.778  57.391 0.8000000119
119149  -27.801  30.430  55.911 0.1000000015
119151  -29.277  29.879  56.660 0.2000000030
119157  -48.593  30.830  57.202 0.6000000238
119166  -26.853  30.656  54.586 0.2000000030
119174  -48.539  31.548  55.642 0.6999999881
119179  -42.754  30.840  53.846 0.6999999881
119185  -26.796  30.888  53.093 0.2000000030
119186  -27.146  30.522  52.623 0.2000000030
119199  -28.711  30.377  51.090 0.3000000119
119201  -34.492  30.946  52.108 0.4000000060
119202  -35.031  31.310  51.995 0.4000000060
119214  -30.158  30.416  50.529 0.3000000119
119222  -37.978  31.332  50.297 0.3000000119
119229  -30.459  30.809  49.865 0.3000000119
119236  -38.170  31.226  48.894 0.2000000030
119242  -31.747  30.871  48.856 0.3000000119
119245  -34.199  30.553  48.336 0.2000000030
119254  -33.821  30.853  48.002 0.2000000030
119255  -35.238  30.658  47.971 0.2000000030
119259  -40.396  30.275  46.993 0.1000000015
119276  -49.438  30.523  46.434 0.3000000119
119284  -37.200  30.264  45.663 0.1000000015
119299  -37.248  30.506  44.049 0.1000000015
119783  -39.368  31.076  63.219 0.1000000015
119823  -32.743  31.382  57.841 0.1000000015
119828  -30.389  31.874  56.820 0.2000000030
119829  -31.254  31.682  56.902 0.2000000030
119832  -48.423  31.072  57.114 0.6999999881
119834  -27.692  31.154  55.918 0.1000000015
119837  -46.818  31.501  56.430 0.6999999881
119838  -47.834  31.684  56.691 0.6999999881
119839  -48.282  31.446  56.770 0.6000000238
119844  -46.394  31.903  55.721 0.6999999881
119847  -48.428  31.984  55.900 0.5000000000
119850  -26.719  31.283  54.193 0.2000000030
119855  -48.567  32.327  54.615 0.4000000060
119858  -26.714  31.243  53.584 0.2000000030
119865  -48.371  31.810  53.978 0.4000000060
119870  -39.020  32.295  52.270 0.5000000000
119882  -39.118  32.742  51.800 0.5000000000
119896  -29.671  31.860  49.563 0.2000000030
119906  -30.737  32.004  48.714 0.2000000030
119921  -37.989  31.798  46.810 0.1000000015
119931  -49.191  32.303  46.935 0.3000000119
119946  -36.004  31.211  45.953 0.1000000015
119955  -35.403  31.235  44.643 0.1000000015
119962  -35.910  31.395  43.979 0.1000000015
120496  -26.943  32.129  55.033 0.1000000015
120505  -27.099  32.648  54.564 0.2000000030
120506  -45.394  32.550  53.906 0.6999999881
120508  -47.232  33.022  54.911 0.6999999881
120509  -48.128  33.024  55.222 0.5000000000
120510  -48.450  32.622  55.185 0.5000000000
120513  -26.767  31.725  53.780 0.2000000030
120527  -43.700  32.947  52.106 0.6999999881
120533  -28.225  32.438  51.236 0.2000000030
120534  -39.412  32.908  51.046 0.4000000060
120538  -42.269  33.218  51.669 0.6999999881
120552  -30.474  32.687  48.832 0.2000000030
120554  -40.282  33.191  49.380 0.5000000000
120561  -32.178  32.972  47.827 0.1000000015
120563  -40.672  32.684  47.551 0.3000000119
120565  -48.731  32.955  47.280 0.3000000119
120587  -33.987  32.865  46.288 0.1000000015
120598  -33.686  32.943  45.225 0.1000000015
120613  -34.725  32.549  43.989 0.1000000015
120617  -37.880  31.832  43.237 0.1000000015
121082  -32.299  32.851  57.464 0.1000000015
121087  -27.892  33.979  56.184 0.1000000015
121088  -28.200  33.290  56.663 0.1000000015
121100  -27.416  33.237  53.984 0.2000000030
121108  -27.465  33.036  53.187 0.2000000030
121117  -28.908  33.939  51.465 0.2000000030
121141  -29.643  33.204  49.743 0.2000000030
121158  -42.119  34.109  48.187 0.4000000060
121159  -47.528  33.966  48.047 0.3000000119
121169  -32.995  33.453  47.609 0.1000000015
121173  -43.576  34.248  47.545 0.3000000119
121174  -44.611  34.648  47.165 0.3000000119
121209  -35.982  33.462  43.410 0.1000000015
121691  -30.236  35.153  58.042 0.1000000015
121697  -35.662  33.825  58.325 0.1000000015
121726  -28.529  34.086  52.392 0.2000000030
121738  -31.049  34.849  49.943 0.1000000015
121739  -42.901  34.909  50.019 0.4000000060
121758  -45.294  35.172  48.799 0.6999999881
121771  -31.602  34.110  48.610 0.1000000015
121774  -42.670  34.624  48.386 0.4000000060
121788  -43.983  35.033  47.598 0.3000000119
121791  -46.438  34.773  47.375 0.3000000119
121798  -33.297  34.230  46.442 0.1000000015
121809  -33.487  34.180  44.785 0.1000000015
121812  -34.802  34.030  43.762 0.1000000015
122230  -36.661  35.357  59.326 0.1000000015
122240  -31.034  35.279  58.516 0.1000000015
122245  -29.227  35.676  57.333 0.1000000015
122249  -28.717  35.550  56.643 0.1000000015
122275  -30.194  35.934  53.400 0.2000000030
122292  -31.210  35.670  51.293 0.1000000015
122320  -33.372  35.646  49.106 0.1000000015
122321  -44.678  35.363  48.541 0.6999999881
122331  -33.232  35.118  48.636 0.1000000015
122348  -33.124  35.090  45.971 0.1000000015
122766  -33.807  36.001  60.005 0.1000000015
122788  -29.011  36.041  56.861 0.1000000015
122812  -28.869  36.120  56.162 0.1000000015
122813  -29.205  36.584  55.721 0.1000000015
122824  -29.888  36.249  54.075 0.2000000030
122829  -30.801  36.210  53.179 0.2000000030
122855  -34.203  37.030  50.718 0.1000000015
122887  -33.797  35.976  45.005 0.1000000015
122888  -34.480  36.441  44.748 0.1000000015
123295  -35.801  37.078  60.807 0.1000000015
123335  -30.443  38.165  58.072 0.1000000015
123380  -31.642  37.314  53.794 0.2000000030
123381  -32.370  37.405  53.517 0.1000000015
123431  -34.733  37.481  50.343 0.1000000015
123441  -34.471  37.475  49.525 0.1000000015
123446  -34.166  37.617  48.792 0.1000000015
123447  -34.407  38.385  48.974 0.1000000015
123453  -34.320  37.976  46.260 0.1000000015
123815  -33.627  38.511  61.516 0.1000000015
123816  -34.521  38.367  61.681 0.1000000015
123852  -30.876  38.308  58.713 0.1000000015
123882  -31.024  38.920  55.275 0.2000000030
123893  -31.449  38.332  54.581 0.2000000030
123933  -35.745  38.347  52.586 0.1000000015
123944  -35.706  38.375  51.783 0.1000000015
123945  -35.975  39.080  51.440 0.1000000015
123980  -34.396  38.644  47.687 0.1000000015
123986  -34.053  38.126  47.371 0.1000000015
123987  -34.500  38.433  46.877 0.1000000015
123995  -35.716  38.198  45.850 0.1000000015
124345  -34.136  39.845  63.329 0.1000000015
124346  -35.111  39.938  63.311 0.1000000015
124360  -36.644  39.759  62.614 0.1000000015
124373  -32.687  39.465  61.636 0.1000000015
124410  -31.092  40.208  57.950 0.1000000015
124422  -30.667  39.525  56.857 0.1000000015
124430  -30.758  39.340  56.018 0.1000000015
124436  -36.811  39.580  54.892 0.1000000015
124437  -38.045  39.678  54.912 0.1000000015
124457  -35.116  39.120  54.336 0.1000000015
124476  -38.622  39.801  53.989 0.1000000015
124501  -36.096  40.143  51.084 0.1000000015
124507  -34.685  39.206  48.847 0.1000000015
124516  -34.756  39.253  48.068 0.1000000015
124885  -38.260  40.938  65.685 0.1000000015
124946  -31.826  39.805  60.314 0.1000000015
124984  -31.538  40.713  56.638 0.1000000015
124986  -39.270  40.910  56.238 0.1000000015
124994  -32.580  40.575  55.494 0.1000000015
124995  -33.964  40.491  55.223 0.1000000015
125021  -39.189  40.378  53.679 0.1000000015
125495  -34.969  41.628  65.416 0.1000000015
125496  -36.020  41.754  65.356 0.1000000015
125538  -31.673  41.153  59.223 0.1000000015
125558  -31.906  41.591  57.597 0.1000000015
125574  -39.447  41.638  56.802 0.1000000015
125575  -39.778  41.774  56.646 0.1000000015
125590  -33.679  41.055  55.645 0.1000000015
125594  -38.238  40.693  56.075 0.1000000015
126111  -32.669  42.687  64.688 0.1000000015
126158  -32.542  42.741  58.441 0.1000000015
126159  -33.456  43.231  58.190 0.1000000015
126177  -39.350  42.682  57.352 0.1000000015
126184  -34.227  42.365  56.820 0.1000000015
126185  -35.283  42.334  56.999 0.1000000015
126186  -36.406  42.301  57.271 0.1000000015
126187  -37.672  42.273  57.490 0.1000000015
126188  -39.588  42.461  56.964 0.1000000015
126189  -39.675  42.227  56.974 0.1000000015
126743  -38.795  43.294  57.708 0.1000000015
126779  -39.509  42.410  56.515 0.1000000015
127263  -36.434  45.217  59.182 0.1000000015
127275  -37.592  44.572  58.288 0.1000000015
127283  -37.574  44.986  57.935 0.1000000015
127784  -36.765  45.489  58.723 0.1000000015
132634  -51.358  11.777  60.861 0.8999999762
132975  -45.079  12.085  63.528 0.3000000119
133016  -48.293  5.061  55.254 0.1000000015
133023  -49.509  17.044  51.289 0.8999999762
133075  -39.941  27.472  57.804 0.4000000060
133344  -37.795  14.864  61.436 0.1000000015
133623  -47.856  8.323  65.481 0.6000000238
133734  -43.135  15.801  60.988 0.3000000119
133953  -43.599  11.389  54.117 0.8000000119
133969  -44.802  16.577  57.861 0.6999999881
134011  -43.102  10.217  51.363 0.6999999881
134169  -47.391  16.687  52.401 0.8000000119
134296  -30.329  24.958  61.544 0.1000000015
134420  -48.513  4.647  68.529 0.2000000030
134710  -51.702  15.440  57.840 1.0000000000
134985  -41.906  16.289  64.781 0.1000000015
135107  -50.881  15.370  50.763 0.8999999762
135318  -45.026  11.578  53.946 0.8000000119
135319  -50.759  11.504  56.046 0.8000000119
135414  -45.163  5.486  56.626 0.1000000015
135467  -49.564  27.307  56.182 0.6999999881
135801  -49.110  -3.275  66.420 0.1000000015
136155  -50.586  18.080  62.565 0.8000000119
136306  -43.175  16.751  53.499 0.4000000060
136550  -36.366  31.484  47.139 0.1000000015
136614  -33.098  36.139  59.906 0.1000000015
136881  -29.747  29.501  51.727 0.3000000119
137292  -46.837  -2.210  65.246 0.1000000015
137810  -29.735  37.098  57.276 0.1000000015
137919  -31.638  30.516  49.682 0.3000000119
138279  -40.916  29.528  47.111 0.1000000015
138834  -53.205  15.054  57.606 1.0000000000
139018  -47.328  5.393  61.069 0.4000000060
139021  -42.687  16.031  58.890 0.3000000119
139203  -41.921  2.359  63.204 0.1000000015
139237  -37.996  30.597  63.323 0.1000000015
139505  -53.052  14.854  56.889 1.0000000000
139539  -33.856  37.221  48.272 0.1000000015
139697  -44.281  10.281  59.960 0.6999999881
139962  -46.759  -0.975  64.824 0.1000000015
140039  -50.398  11.180  60.727 0.8999999762
140112  -32.264  39.572  61.091 0.1000000015
140326  -49.468  10.580  62.401 0.8999999762
140388  -38.175  25.614  50.123 0.1000000015
140416  -47.514  16.174  64.926 0.3000000119
140500  -36.154  19.379  57.486 0.1000000015
140504  -35.030  36.343  44.402 0.1000000015
141052  -28.343  34.012  56.880 0.1000000015
141102  -36.532  20.056  57.383 0.2000000030
141334  -37.448  19.984  57.398 0.3000000119
141434  -48.605  -5.295  62.651 0.1000000015
141550  -43.552  12.721  63.602 0.3000000119
141939  -31.923  26.534  54.116 0.3000000119
142474  -42.206  30.378  53.851 0.6999999881
142586  -48.377  4.510  55.479 0.1000000015
143073  -51.856  11.618  57.678 0.8999999762
143281  -49.534  17.617  51.415 0.8999999762
143319  -44.767  5.456  69.144 0.2000000030
143639  -30.083  26.785  61.813 0.1000000015
143706  -28.440  27.339  55.661 0.2000000030
143948  -37.355  16.312  58.978 0.1000000015
143982  -47.218  20.950  53.240 0.6000000238
144045  -31.133  24.746  62.579 0.1000000015
144051  -45.068  2.052  63.431 0.1000000015
144058  -40.788  27.571  57.882 0.4000000060
144168  -32.447  42.104  63.175 0.1000000015
144401  -40.804  13.319  65.024 0.1000000015
144514  -40.059  0.325  62.470 0.1000000015
144701  -27.344  29.398  53.252 0.3000000119
144767  -50.730  10.868  63.552 0.8999999762
144923  -44.914  11.426  58.205 0.8000000119
145041  -53.121  15.668  59.568 0.8999999762
145152  -50.356  10.576  65.994 0.6999999881
145253  -40.195  21.063  57.503 0.3000000119
145254  -39.362  21.160  57.471 0.3000000119
145255  -38.537  21.245  57.463 0.2000000030
145793  -27.480  30.003  55.485 0.2000000030
145982  -45.803  5.598  59.899 0.2000000030
146028  -42.966  29.947  47.587 0.3000000119
146230  -43.414  22.930  54.135 0.3000000119
146374  -33.332  35.769  45.610 0.1000000015
146521  -48.658  28.047  58.265 0.8000000119
146768  -51.288  20.311  53.455 1.0000000000
146809  -36.334  31.200  52.433 0.4000000060
146878  -34.117  25.022  63.557 0.1000000015
146948  -39.060  28.727  53.265 0.5000000000
147264  -46.879  34.331  47.088 0.3000000119
147322  -28.889  35.171  57.176 0.1000000015
147652  -44.587  16.110  53.219 0.5000000000
147689  -49.228  12.049  50.316 0.8000000119
148050  -32.828  15.841  54.986 0.1000000015
148146  -44.588  9.583  65.566 0.3000000119
148393  -36.676  33.725  43.121 0.1000000015
148495  -51.060  4.571  59.235 0.2000000030
148600  -45.748  26.147  54.376 0.5000000000
148659  -33.902  17.921  54.594 0.2000000030
148675  -42.746  9.928  58.974 0.6000000238
148711  -36.214  31.460  52.161 0.4000000060
148820  -50.455  20.642  55.212 1.0000000000
148837  -31.778  24.491  59.544 0.2000000030
148950  -50.390  14.929  50.860 0.8999999762
149063  -39.878  31.640  62.554 0.1000000015
149251  -37.234  30.949  52.546 0.5000000000
149340  -53.014  16.364  59.415 0.8999999762
149428  -50.522  25.547  56.183 0.8999999762
149430  -50.679  27.553  48.925 0.3000000119
149524  -40.646  9.729  54.545 0.6000000238
149533  -45.785  16.326  61.176 0.4000000060
149571  -44.196  26.476  44.350 0.1000000015
149581  -41.311  3.535  63.577 0.1000000015
149725  -35.179  39.663  54.745 0.1000000015
149802  -48.109  5.257  69.953 0.3000000119
149804  -33.896  33.504  57.935 0.1000000015
149818  -35.740  36.613  44.305 0.1000000015
150055  -52.308  5.028  67.573 0.4000000060
150092  -47.777  11.242  49.411 0.6999999881
150100  -50.349  11.533  56.722 0.8000000119
150219  -34.029  34.091  58.446 0.1000000015
151328  -29.698  26.415  54.815 0.2000000030
151429  -34.466  38.870  54.162 0.1000000015
151543  -49.805  15.070  56.797 1.0000000000
151656  -48.265  23.496  48.149 0.1000000015
151774  -42.568  5.967  69.610 0.2000000030
151813  -52.604  4.168  65.985 0.3000000119
151908  -47.090  23.690  58.318 0.8999999762
151926  -45.058  20.090  53.503 0.6000000238
151940  -46.293  11.555  56.816 0.8000000119
152403  -47.137  9.704  62.952 0.6000000238
152605  -40.190  40.905  55.745 0.1000000015
152989  -37.335  26.924  57.227 0.4000000060
153020  -29.077  26.924  57.912 0.2000000030
153453  -34.666  19.968  57.737 0.1000000015
153571  -31.111  25.466  56.249 0.2000000030
153594  -37.396  44.961  57.306 0.1000000015
153680  -42.946  21.418  57.881 0.5000000000
153714  -44.736  31.677  54.568 0.6999999881
153718  -51.051  4.620  60.009 0.2000000030
153856  -49.627  10.443  63.085 0.8999999762
153900  -35.324  41.276  56.075 0.1000000015
154021  -30.290  34.376  50.147 0.1000000015
154268  -31.415  13.394  56.067 0.1000000015
154392  -47.768  3.097  63.906 0.2000000030
155466  -51.523  1.986  62.147 0.2000000030
155931  -43.283  11.714  48.401 0.6000000238
155937  -50.387  10.424  64.503 0.8999999762
156017  -44.894  33.294  51.920 0.6999999881
156255  -35.935  45.587  59.582 0.1000000015
156450  -46.265  23.525  58.411 0.6999999881
156513  -48.660  31.622  46.518 0.3000000119
156535  -51.034  15.098  53.341 1.0000000000
156626  -53.076  4.215  61.503 0.2000000030
156827  -41.888  15.991  59.054 0.3000000119
157007  -49.799  1.113  61.890 0.1000000015
157022  -42.250  29.501  43.418 0.1000000015
157024  -43.784  25.585  53.858 0.3000000119
157035  -39.238  42.565  57.495 0.1000000015
157232  -47.431  5.276  69.746 0.3000000119
157288  -36.738  31.137  52.493 0.5000000000
157329  -36.921  27.316  54.497 0.4000000060
157340  -45.761  11.830  63.746 0.3000000119
157465  -33.502  37.387  52.963 0.1000000015
157533  -31.557  37.790  54.179 0.2000000030
157705  -35.362  36.128  60.221 0.1000000015
157716  -32.350  11.891  56.833 0.1000000015
157798  -41.570  9.908  52.822 0.6999999881
158024  -47.906  21.290  53.206 0.6999999881
158107  -47.822  4.080  65.228 0.2000000030
158165  -31.776  32.417  48.040 0.1000000015
158180  -43.826  30.610  54.919 0.6999999881
158247  -43.006  6.518  58.607 0.3000000119
158289  -50.445  6.387  70.049 0.5000000000
158521  -35.020  20.135  53.199 0.2000000030
158676  -45.140  35.036  46.971 0.2000000030
158679  -43.833  18.691  53.643 0.3000000119
158775  -34.982  37.713  50.823 0.1000000015
158852  -39.238  32.046  48.981 0.2000000030
158898  -46.097  25.498  58.571 0.6000000238
158986  -52.146  4.467  67.195 0.3000000119
159050  -35.987  31.556  46.683 0.1000000015
159116  -40.160  5.638  69.522 0.2000000030
159173  -52.697  13.938  54.793 1.0000000000
159278  -31.580  24.469  62.807 0.1000000015
159348  -48.251  33.263  54.115 0.6000000238
159423  -47.364  25.469  58.571 0.6999999881
159473  -30.902  35.393  50.942 0.2000000030
159501  -41.046  28.354  46.221 0.2000000030
159530  -38.240  23.691  52.208 0.2000000030
159542  -31.727  29.073  61.906 0.1000000015
159571  -36.553  18.043  57.810 0.2000000030
159595  -48.843  5.019  61.370 0.4000000060
159665  -37.003  17.648  52.829 0.2000000030
159741  -42.042  11.096  63.478 0.1000000015
159774  -32.994  32.693  57.502 0.1000000015
160197  -47.855  15.615  57.975 1.0000000000
160492  -37.050  31.516  46.652 0.1000000015
160577  -38.881  39.988  54.387 0.1000000015
160649  -43.376  35.178  49.369 0.6000000238
160655  -32.060  25.502  58.068 0.2000000030
160711  -39.374  30.838  52.509 0.6000000238
160777  -37.675  6.693  51.593 0.5000000000
160844  -33.772  25.651  63.559 0.1000000015
160855  -34.260  19.229  54.190 0.2000000030
160862  -52.130  11.564  52.696 0.8000000119
160951  -31.743  36.591  52.986 0.2000000030
160958  -53.258  15.436  58.983 0.8999999762
161013  -48.308  3.809  56.141 0.1000000015
161032  -47.526  33.217  51.010 0.4000000060
