
Wed Mar 11 23:52:57 CET 2026
cd /out/sourcedata/freesurfer/sub-v1s2x0051489_ses-1
setenv SUBJECTS_DIR /out/sourcedata/freesurfer
/opt/freesurfer/bin/recon-all -autorecon-hemi rh -noparcstats -noparcstats2 -noparcstats3 -nohyporelabel -nobalabels -rh-only -openmp 16 -subjid sub-v1s2x0051489_ses-1 -sd /out/sourcedata/freesurfer

subjid sub-v1s2x0051489_ses-1
setenv SUBJECTS_DIR /out/sourcedata/freesurfer
FREESURFER_HOME /opt/freesurfer
Actual FREESURFER_HOME /opt/freesurfer
build-stamp.txt: freesurfer-linux-ubuntu22_x86_64-7.3.2-20220804-6354275
Linux dna055 5.14.0-427.37.1.el9_4.x86_64 #1 SMP PREEMPT_DYNAMIC Fri Sep 13 12:41:50 EDT 2024 x86_64 x86_64 x86_64 GNU/Linux
cputime      unlimited
filesize     unlimited
datasize     unlimited
stacksize    8192 kbytes
coredumpsize 0 kbytes
memoryuse    67108864 kbytes
vmemoryuse   unlimited
descriptors  1024 
memorylocked unlimited
maxproc      2061970 
maxlocks     unlimited
maxsignal    2061970 
maxmessage   819200 
maxnice      0 
maxrtprio    0 
maxrttime    unlimited

               total        used        free      shared  buff/cache   available
Mem:           503Gi        52Gi       402Gi       7.1Gi        47Gi       440Gi
Swap:             0B          0B          0B

########################################
program versions used
7.3.2 (freesurfer-linux-ubuntu22_x86_64-7.3.2-20220804-6354275)
7.3.2

ProgramName: lta_convert  ProgramArguments: lta_convert -all-info  ProgramVersion: 7.3.2  TimeStamp: 2026/03/11-22:52:57-GMT  BuildTime: Aug  4 2022 06:17:15  BuildStamp: freesurfer-linux-ubuntu22_x86_64-7.3.2-20220804-6354275  User: oesteban  Machine: dna055  Platform: Linux  PlatformVersion: 5.14.0-427.37.1.el9_4.x86_64  CompilerName: GCC  CompilerVersion: 8.4.0
ProgramName: mri_and  ProgramArguments: mri_and -all-info  ProgramVersion: 7.3.2  TimeStamp: 2026/03/11-22:52:57-GMT  BuildTime: Aug  4 2022 06:17:15  BuildStamp: freesurfer-linux-ubuntu22_x86_64-7.3.2-20220804-6354275  User: oesteban  Machine: dna055  Platform: Linux  PlatformVersion: 5.14.0-427.37.1.el9_4.x86_64  CompilerName: GCC  CompilerVersion: 8.4.0
ProgramName: mri_annotation2label  ProgramArguments: mri_annotation2label -all-info  ProgramVersion: 7.3.2  TimeStamp: 2026/03/11-22:52:57-GMT  BuildTime: Aug  4 2022 06:17:15  BuildStamp: freesurfer-linux-ubuntu22_x86_64-7.3.2-20220804-6354275  User: oesteban  Machine: dna055  Platform: Linux  PlatformVersion: 5.14.0-427.37.1.el9_4.x86_64  CompilerName: GCC  CompilerVersion: 8.4.0
ProgramName: mri_aparc2aseg  ProgramArguments: mri_aparc2aseg -all-info  ProgramVersion: 7.3.2  TimeStamp: 2026/03/11-22:52:57-GMT  BuildTime: Aug  4 2022 06:17:15  BuildStamp: freesurfer-linux-ubuntu22_x86_64-7.3.2-20220804-6354275  User: oesteban  Machine: dna055  Platform: Linux  PlatformVersion: 5.14.0-427.37.1.el9_4.x86_64  CompilerName: GCC  CompilerVersion: 8.4.0
ProgramName: mri_surf2volseg  ProgramArguments: mri_surf2volseg -all-info  ProgramVersion: 7.3.2  TimeStamp: 2026/03/11-22:52:57-GMT  BuildTime: Aug  4 2022 06:17:15  BuildStamp: freesurfer-linux-ubuntu22_x86_64-7.3.2-20220804-6354275  User: oesteban  Machine: dna055  Platform: Linux  PlatformVersion: 5.14.0-427.37.1.el9_4.x86_64  CompilerName: GCC  CompilerVersion: 8.4.0
ProgramName: mri_binarize  ProgramArguments: mri_binarize -all-info  ProgramVersion: 7.3.2  TimeStamp: 2026/03/11-22:52:57-GMT  BuildTime: Aug  4 2022 06:17:15  BuildStamp: freesurfer-linux-ubuntu22_x86_64-7.3.2-20220804-6354275  User: oesteban  Machine: dna055  Platform: Linux  PlatformVersion: 5.14.0-427.37.1.el9_4.x86_64  CompilerName: GCC  CompilerVersion: 8.4.0
ProgramName: mri_ca_label  ProgramArguments: mri_ca_label -all-info  ProgramVersion: 7.3.2  TimeStamp: 2026/03/11-22:52:57-GMT  BuildTime: Aug  4 2022 06:17:15  BuildStamp: freesurfer-linux-ubuntu22_x86_64-7.3.2-20220804-6354275  User: oesteban  Machine: dna055  Platform: Linux  PlatformVersion: 5.14.0-427.37.1.el9_4.x86_64  CompilerName: GCC  CompilerVersion: 8.4.0
ProgramName: mri_ca_normalize  ProgramArguments: mri_ca_normalize -all-info  ProgramVersion: 7.3.2  TimeStamp: 2026/03/11-22:52:57-GMT  BuildTime: Aug  4 2022 06:17:15  BuildStamp: freesurfer-linux-ubuntu22_x86_64-7.3.2-20220804-6354275  User: oesteban  Machine: dna055  Platform: Linux  PlatformVersion: 5.14.0-427.37.1.el9_4.x86_64  CompilerName: GCC  CompilerVersion: 8.4.0
ProgramName: mri_ca_register  ProgramArguments: mri_ca_register -all-info  ProgramVersion: 7.3.2  TimeStamp: 2026/03/11-22:52:57-GMT  BuildTime: Aug  4 2022 06:17:15  BuildStamp: freesurfer-linux-ubuntu22_x86_64-7.3.2-20220804-6354275  User: oesteban  Machine: dna055  Platform: Linux  PlatformVersion: 5.14.0-427.37.1.el9_4.x86_64  CompilerName: GCC  CompilerVersion: 8.4.0
ProgramName: mri_cc  ProgramArguments: mri_cc -all-info  ProgramVersion: 7.3.2  TimeStamp: 2026/03/11-22:52:57-GMT  BuildTime: Aug  4 2022 06:17:15  BuildStamp: freesurfer-linux-ubuntu22_x86_64-7.3.2-20220804-6354275  User: oesteban  Machine: dna055  Platform: Linux  PlatformVersion: 5.14.0-427.37.1.el9_4.x86_64  CompilerName: GCC  CompilerVersion: 8.4.0
ProgramName: mri_compute_overlap  ProgramArguments: mri_compute_overlap -all-info  ProgramVersion: 7.3.2  TimeStamp: 2026/03/11-22:52:57-GMT  BuildTime: Aug  4 2022 06:17:15  BuildStamp: freesurfer-linux-ubuntu22_x86_64-7.3.2-20220804-6354275  User: oesteban  Machine: dna055  Platform: Linux  PlatformVersion: 5.14.0-427.37.1.el9_4.x86_64  CompilerName: GCC  CompilerVersion: 8.4.0
ProgramName: mri_compute_seg_overlap  ProgramArguments: mri_compute_seg_overlap -all-info  ProgramVersion: 7.3.2  TimeStamp: 2026/03/11-22:52:57-GMT  BuildTime: Aug  4 2022 06:17:15  BuildStamp: freesurfer-linux-ubuntu22_x86_64-7.3.2-20220804-6354275  User: oesteban  Machine: dna055  Platform: Linux  PlatformVersion: 5.14.0-427.37.1.el9_4.x86_64  CompilerName: GCC  CompilerVersion: 8.4.0
ProgramName: mri_concat  ProgramArguments: mri_concat -all-info  ProgramVersion: 7.3.2  TimeStamp: 2026/03/11-22:52:57-GMT  BuildTime: Aug  4 2022 06:17:15  BuildStamp: freesurfer-linux-ubuntu22_x86_64-7.3.2-20220804-6354275  User: oesteban  Machine: dna055  Platform: Linux  PlatformVersion: 5.14.0-427.37.1.el9_4.x86_64  CompilerName: GCC  CompilerVersion: 8.4.0
ProgramName: mri_concatenate_lta  ProgramArguments: mri_concatenate_lta -all-info  ProgramVersion: 7.3.2  TimeStamp: 2026/03/11-22:52:57-GMT  BuildTime: Aug  4 2022 06:17:15  BuildStamp: freesurfer-linux-ubuntu22_x86_64-7.3.2-20220804-6354275  User: oesteban  Machine: dna055  Platform: Linux  PlatformVersion: 5.14.0-427.37.1.el9_4.x86_64  CompilerName: GCC  CompilerVersion: 8.4.0
mri_convert -all-info 
ProgramName: mri_convert  ProgramArguments: mri_convert -all-info  ProgramVersion: 7.3.2  TimeStamp: 2026/03/11-22:52:57-GMT  BuildTime: Aug  4 2022 06:17:15  BuildStamp: freesurfer-linux-ubuntu22_x86_64-7.3.2-20220804-6354275  User: oesteban  Machine: dna055  Platform: Linux  PlatformVersion: 5.14.0-427.37.1.el9_4.x86_64  CompilerName: GCC  CompilerVersion: 8.4.0
ProgramName: mri_diff  ProgramArguments: mri_diff -all-info  ProgramVersion: 7.3.2  TimeStamp: 2026/03/11-22:52:57-GMT  BuildTime: Aug  4 2022 06:17:15  BuildStamp: freesurfer-linux-ubuntu22_x86_64-7.3.2-20220804-6354275  User: oesteban  Machine: dna055  Platform: Linux  PlatformVersion: 5.14.0-427.37.1.el9_4.x86_64  CompilerName: GCC  CompilerVersion: 8.4.0
ProgramName: mri_edit_wm_with_aseg  ProgramArguments: mri_edit_wm_with_aseg -all-info  ProgramVersion: 7.3.2  TimeStamp: 2026/03/11-22:52:57-GMT  BuildTime: Aug  4 2022 06:17:15  BuildStamp: freesurfer-linux-ubuntu22_x86_64-7.3.2-20220804-6354275  User: oesteban  Machine: dna055  Platform: Linux  PlatformVersion: 5.14.0-427.37.1.el9_4.x86_64  CompilerName: GCC  CompilerVersion: 8.4.0
ProgramName: mri_em_register  ProgramArguments: mri_em_register -all-info  ProgramVersion: 7.3.2  TimeStamp: 2026/03/11-22:52:57-GMT  BuildTime: Aug  4 2022 06:17:15  BuildStamp: freesurfer-linux-ubuntu22_x86_64-7.3.2-20220804-6354275  User: oesteban  Machine: dna055  Platform: Linux  PlatformVersion: 5.14.0-427.37.1.el9_4.x86_64  CompilerName: GCC  CompilerVersion: 8.4.0
ProgramName: mri_fill  ProgramArguments: mri_fill -all-info  ProgramVersion: 7.3.2  TimeStamp: 2026/03/11-22:52:57-GMT  BuildTime: Aug  4 2022 06:17:15  BuildStamp: freesurfer-linux-ubuntu22_x86_64-7.3.2-20220804-6354275  User: oesteban  Machine: dna055  Platform: Linux  PlatformVersion: 5.14.0-427.37.1.el9_4.x86_64  CompilerName: GCC  CompilerVersion: 8.4.0
ProgramName: mri_fuse_segmentations  ProgramArguments: mri_fuse_segmentations -all-info  ProgramVersion: 7.3.2  TimeStamp: 2026/03/11-22:52:57-GMT  BuildTime: Aug  4 2022 06:17:15  BuildStamp: freesurfer-linux-ubuntu22_x86_64-7.3.2-20220804-6354275  User: oesteban  Machine: dna055  Platform: Linux  PlatformVersion: 5.14.0-427.37.1.el9_4.x86_64  CompilerName: GCC  CompilerVersion: 8.4.0
ProgramName: mri_fwhm  ProgramArguments: mri_fwhm -all-info  ProgramVersion: 7.3.2  TimeStamp: 2026/03/11-22:52:57-GMT  BuildTime: Aug  4 2022 06:17:15  BuildStamp: freesurfer-linux-ubuntu22_x86_64-7.3.2-20220804-6354275  User: oesteban  Machine: dna055  Platform: Linux  PlatformVersion: 5.14.0-427.37.1.el9_4.x86_64  CompilerName: GCC  CompilerVersion: 8.4.0
ProgramName: mri_gcut  ProgramArguments: mri_gcut -all-info  ProgramVersion: 7.3.2  TimeStamp: 2026/03/11-22:52:57-GMT  BuildTime: Aug  4 2022 06:17:15  BuildStamp: freesurfer-linux-ubuntu22_x86_64-7.3.2-20220804-6354275  User: oesteban  Machine: dna055  Platform: Linux  PlatformVersion: 5.14.0-427.37.1.el9_4.x86_64  CompilerName: GCC  CompilerVersion: 8.4.0
ProgramName: mri_info  ProgramArguments: mri_info -all-info  ProgramVersion: 7.3.2  TimeStamp: 2026/03/11-22:52:57-GMT  BuildTime: Aug  4 2022 06:17:15  BuildStamp: freesurfer-linux-ubuntu22_x86_64-7.3.2-20220804-6354275  User: oesteban  Machine: dna055  Platform: Linux  PlatformVersion: 5.14.0-427.37.1.el9_4.x86_64  CompilerName: GCC  CompilerVersion: 8.4.0
ProgramName: mri_label2label  ProgramArguments: mri_label2label -all-info  ProgramVersion: 7.3.2  TimeStamp: 2026/03/11-22:52:57-GMT  BuildTime: Aug  4 2022 06:17:15  BuildStamp: freesurfer-linux-ubuntu22_x86_64-7.3.2-20220804-6354275  User: oesteban  Machine: dna055  Platform: Linux  PlatformVersion: 5.14.0-427.37.1.el9_4.x86_64  CompilerName: GCC  CompilerVersion: 8.4.0
ProgramName: mri_label2vol  ProgramArguments: mri_label2vol -all-info  ProgramVersion: 7.3.2  TimeStamp: 2026/03/11-22:52:57-GMT  BuildTime: Aug  4 2022 06:17:15  BuildStamp: freesurfer-linux-ubuntu22_x86_64-7.3.2-20220804-6354275  User: oesteban  Machine: dna055  Platform: Linux  PlatformVersion: 5.14.0-427.37.1.el9_4.x86_64  CompilerName: GCC  CompilerVersion: 8.4.0
ProgramName: mri_log_likelihood  ProgramArguments: mri_log_likelihood -all-info  ProgramVersion: 7.3.2  TimeStamp: 2026/03/11-22:52:57-GMT  BuildTime: Aug  4 2022 06:17:15  BuildStamp: freesurfer-linux-ubuntu22_x86_64-7.3.2-20220804-6354275  User: oesteban  Machine: dna055  Platform: Linux  PlatformVersion: 5.14.0-427.37.1.el9_4.x86_64  CompilerName: GCC  CompilerVersion: 8.4.0
ProgramName: mri_mask  ProgramArguments: mri_mask -all-info  ProgramVersion: 7.3.2  TimeStamp: 2026/03/11-22:52:57-GMT  BuildTime: Aug  4 2022 06:17:15  BuildStamp: freesurfer-linux-ubuntu22_x86_64-7.3.2-20220804-6354275  User: oesteban  Machine: dna055  Platform: Linux  PlatformVersion: 5.14.0-427.37.1.el9_4.x86_64  CompilerName: GCC  CompilerVersion: 8.4.0
ProgramName: mri_matrix_multiply  ProgramArguments: mri_matrix_multiply -all-info  ProgramVersion: 7.3.2  TimeStamp: 2026/03/11-22:52:57-GMT  BuildTime: Aug  4 2022 06:17:15  BuildStamp: freesurfer-linux-ubuntu22_x86_64-7.3.2-20220804-6354275  User: oesteban  Machine: dna055  Platform: Linux  PlatformVersion: 5.14.0-427.37.1.el9_4.x86_64  CompilerName: GCC  CompilerVersion: 8.4.0
ProgramName: mri_normalize  ProgramArguments: mri_normalize -all-info  ProgramVersion: 7.3.2  TimeStamp: 2026/03/11-22:52:57-GMT  BuildTime: Aug  4 2022 06:17:15  BuildStamp: freesurfer-linux-ubuntu22_x86_64-7.3.2-20220804-6354275  User: oesteban  Machine: dna055  Platform: Linux  PlatformVersion: 5.14.0-427.37.1.el9_4.x86_64  CompilerName: GCC  CompilerVersion: 8.4.0
ProgramName: mri_normalize_tp2  ProgramArguments: mri_normalize_tp2 -all-info  ProgramVersion: 7.3.2  TimeStamp: 2026/03/11-22:52:57-GMT  BuildTime: Aug  4 2022 06:17:15  BuildStamp: freesurfer-linux-ubuntu22_x86_64-7.3.2-20220804-6354275  User: oesteban  Machine: dna055  Platform: Linux  PlatformVersion: 5.14.0-427.37.1.el9_4.x86_64  CompilerName: GCC  CompilerVersion: 8.4.0
ProgramName: mri_or  ProgramArguments: mri_or -all-info  ProgramVersion: 7.3.2  TimeStamp: 2026/03/11-22:52:57-GMT  BuildTime: Aug  4 2022 06:17:15  BuildStamp: freesurfer-linux-ubuntu22_x86_64-7.3.2-20220804-6354275  User: oesteban  Machine: dna055  Platform: Linux  PlatformVersion: 5.14.0-427.37.1.el9_4.x86_64  CompilerName: GCC  CompilerVersion: 8.4.0
ProgramName: mri_relabel_hypointensities  ProgramArguments: mri_relabel_hypointensities -all-info  ProgramVersion: 7.3.2  TimeStamp: 2026/03/11-22:52:57-GMT  BuildTime: Aug  4 2022 06:17:15  BuildStamp: freesurfer-linux-ubuntu22_x86_64-7.3.2-20220804-6354275  User: oesteban  Machine: dna055  Platform: Linux  PlatformVersion: 5.14.0-427.37.1.el9_4.x86_64  CompilerName: GCC  CompilerVersion: 8.4.0
ProgramName: mri_relabel_nonwm_hypos  ProgramArguments: mri_relabel_nonwm_hypos -all-info  ProgramVersion: 7.3.2  TimeStamp: 2026/03/11-22:52:57-GMT  BuildTime: Aug  4 2022 06:17:15  BuildStamp: freesurfer-linux-ubuntu22_x86_64-7.3.2-20220804-6354275  User: oesteban  Machine: dna055  Platform: Linux  PlatformVersion: 5.14.0-427.37.1.el9_4.x86_64  CompilerName: GCC  CompilerVersion: 8.4.0
ProgramName: mri_remove_neck  ProgramArguments: mri_remove_neck -all-info  ProgramVersion: 7.3.2  TimeStamp: 2026/03/11-22:52:57-GMT  BuildTime: Aug  4 2022 06:17:15  BuildStamp: freesurfer-linux-ubuntu22_x86_64-7.3.2-20220804-6354275  User: oesteban  Machine: dna055  Platform: Linux  PlatformVersion: 5.14.0-427.37.1.el9_4.x86_64  CompilerName: GCC  CompilerVersion: 8.4.0
7.3.2

ProgramName: mri_robust_register  ProgramArguments: mri_robust_register -all-info  ProgramVersion: 7.3.2  TimeStamp: 2026/03/11-22:52:57-GMT  BuildTime: Aug  4 2022 06:17:15  BuildStamp: freesurfer-linux-ubuntu22_x86_64-7.3.2-20220804-6354275  User: oesteban  Machine: dna055  Platform: Linux  PlatformVersion: 5.14.0-427.37.1.el9_4.x86_64  CompilerName: GCC  CompilerVersion: 8.4.0
7.3.2

ProgramName: mri_robust_template  ProgramArguments: mri_robust_template -all-info  ProgramVersion: 7.3.2  TimeStamp: 2026/03/11-22:52:57-GMT  BuildTime: Aug  4 2022 06:17:15  BuildStamp: freesurfer-linux-ubuntu22_x86_64-7.3.2-20220804-6354275  User: oesteban  Machine: dna055  Platform: Linux  PlatformVersion: 5.14.0-427.37.1.el9_4.x86_64  CompilerName: GCC  CompilerVersion: 8.4.0
ProgramName: mris_anatomical_stats  ProgramArguments: mris_anatomical_stats -all-info  ProgramVersion: 7.3.2  TimeStamp: 2026/03/11-22:52:57-GMT  BuildTime: Aug  4 2022 06:17:15  BuildStamp: freesurfer-linux-ubuntu22_x86_64-7.3.2-20220804-6354275  User: oesteban  Machine: dna055  Platform: Linux  PlatformVersion: 5.14.0-427.37.1.el9_4.x86_64  CompilerName: GCC  CompilerVersion: 8.4.0
ProgramName: mris_ca_label  ProgramArguments: mris_ca_label -all-info  ProgramVersion: 7.3.2  TimeStamp: 2026/03/11-22:52:57-GMT  BuildTime: Aug  4 2022 06:17:15  BuildStamp: freesurfer-linux-ubuntu22_x86_64-7.3.2-20220804-6354275  User: oesteban  Machine: dna055  Platform: Linux  PlatformVersion: 5.14.0-427.37.1.el9_4.x86_64  CompilerName: GCC  CompilerVersion: 8.4.0
ProgramName: mris_calc  ProgramArguments: mris_calc -all-info  ProgramVersion: 7.3.2  TimeStamp: 2026/03/11-22:52:57-GMT  BuildTime: Aug  4 2022 06:17:15  BuildStamp: freesurfer-linux-ubuntu22_x86_64-7.3.2-20220804-6354275  User: oesteban  Machine: dna055  Platform: Linux  PlatformVersion: 5.14.0-427.37.1.el9_4.x86_64  CompilerName: GCC  CompilerVersion: 8.4.0
ProgramName: mris_convert  ProgramArguments: mris_convert -all-info  ProgramVersion: 7.3.2  TimeStamp: 2026/03/11-22:52:57-GMT  BuildTime: Aug  4 2022 06:17:15  BuildStamp: freesurfer-linux-ubuntu22_x86_64-7.3.2-20220804-6354275  User: oesteban  Machine: dna055  Platform: Linux  PlatformVersion: 5.14.0-427.37.1.el9_4.x86_64  CompilerName: GCC  CompilerVersion: 8.4.0
ProgramName: mris_curvature  ProgramArguments: mris_curvature -all-info  ProgramVersion: 7.3.2  TimeStamp: 2026/03/11-22:52:57-GMT  BuildTime: Aug  4 2022 06:17:15  BuildStamp: freesurfer-linux-ubuntu22_x86_64-7.3.2-20220804-6354275  User: oesteban  Machine: dna055  Platform: Linux  PlatformVersion: 5.14.0-427.37.1.el9_4.x86_64  CompilerName: GCC  CompilerVersion: 8.4.0
ProgramName: mris_curvature_stats  ProgramArguments: mris_curvature_stats -all-info  ProgramVersion: 7.3.2  TimeStamp: 2026/03/11-22:52:57-GMT  BuildTime: Aug  4 2022 06:17:15  BuildStamp: freesurfer-linux-ubuntu22_x86_64-7.3.2-20220804-6354275  User: oesteban  Machine: dna055  Platform: Linux  PlatformVersion: 5.14.0-427.37.1.el9_4.x86_64  CompilerName: GCC  CompilerVersion: 8.4.0
ProgramName: mris_diff  ProgramArguments: mris_diff -all-info  ProgramVersion: 7.3.2  TimeStamp: 2026/03/11-22:52:57-GMT  BuildTime: Aug  4 2022 06:17:15  BuildStamp: freesurfer-linux-ubuntu22_x86_64-7.3.2-20220804-6354275  User: oesteban  Machine: dna055  Platform: Linux  PlatformVersion: 5.14.0-427.37.1.el9_4.x86_64  CompilerName: GCC  CompilerVersion: 8.4.0
ProgramName: mris_divide_parcellation  ProgramArguments: mris_divide_parcellation -all-info  ProgramVersion: 7.3.2  TimeStamp: 2026/03/11-22:52:57-GMT  BuildTime: Aug  4 2022 06:17:15  BuildStamp: freesurfer-linux-ubuntu22_x86_64-7.3.2-20220804-6354275  User: oesteban  Machine: dna055  Platform: Linux  PlatformVersion: 5.14.0-427.37.1.el9_4.x86_64  CompilerName: GCC  CompilerVersion: 8.4.0
ProgramName: mri_segment  ProgramArguments: mri_segment -all-info  ProgramVersion: 7.3.2  TimeStamp: 2026/03/11-22:52:57-GMT  BuildTime: Aug  4 2022 06:17:15  BuildStamp: freesurfer-linux-ubuntu22_x86_64-7.3.2-20220804-6354275  User: oesteban  Machine: dna055  Platform: Linux  PlatformVersion: 5.14.0-427.37.1.el9_4.x86_64  CompilerName: GCC  CompilerVersion: 8.4.0
ProgramName: mri_segstats  ProgramArguments: mri_segstats -all-info  ProgramVersion: 7.3.2  TimeStamp: 2026/03/11-22:52:57-GMT  BuildTime: Aug  4 2022 06:17:15  BuildStamp: freesurfer-linux-ubuntu22_x86_64-7.3.2-20220804-6354275  User: oesteban  Machine: dna055  Platform: Linux  PlatformVersion: 5.14.0-427.37.1.el9_4.x86_64  CompilerName: GCC  CompilerVersion: 8.4.0
ProgramName: mris_euler_number  ProgramArguments: mris_euler_number -all-info  ProgramVersion: 7.3.2  TimeStamp: 2026/03/11-22:52:57-GMT  BuildTime: Aug  4 2022 06:17:15  BuildStamp: freesurfer-linux-ubuntu22_x86_64-7.3.2-20220804-6354275  User: oesteban  Machine: dna055  Platform: Linux  PlatformVersion: 5.14.0-427.37.1.el9_4.x86_64  CompilerName: GCC  CompilerVersion: 8.4.0
ProgramName: mris_fix_topology  ProgramArguments: mris_fix_topology -all-info  ProgramVersion: 7.3.2  TimeStamp: 2026/03/11-22:52:57-GMT  BuildTime: Aug  4 2022 06:17:15  BuildStamp: freesurfer-linux-ubuntu22_x86_64-7.3.2-20220804-6354275  User: oesteban  Machine: dna055  Platform: Linux  PlatformVersion: 5.14.0-427.37.1.el9_4.x86_64  CompilerName: GCC  CompilerVersion: 8.4.0
ProgramName: mris_topo_fixer  ProgramArguments: mris_topo_fixer -all-info  ProgramVersion: 7.3.2  TimeStamp: 2026/03/11-22:52:57-GMT  BuildTime: Aug  4 2022 06:17:15  BuildStamp: freesurfer-linux-ubuntu22_x86_64-7.3.2-20220804-6354275  User: oesteban  Machine: dna055  Platform: Linux  PlatformVersion: 5.14.0-427.37.1.el9_4.x86_64  CompilerName: GCC  CompilerVersion: 8.4.0
ProgramName: mris_jacobian  ProgramArguments: mris_jacobian -all-info  ProgramVersion: 7.3.2  TimeStamp: 2026/03/11-22:52:57-GMT  BuildTime: Aug  4 2022 06:17:15  BuildStamp: freesurfer-linux-ubuntu22_x86_64-7.3.2-20220804-6354275  User: oesteban  Machine: dna055  Platform: Linux  PlatformVersion: 5.14.0-427.37.1.el9_4.x86_64  CompilerName: GCC  CompilerVersion: 8.4.0
ProgramName: mris_label2annot  ProgramArguments: mris_label2annot -all-info  ProgramVersion: 7.3.2  TimeStamp: 2026/03/11-22:52:57-GMT  BuildTime: Aug  4 2022 06:17:15  BuildStamp: freesurfer-linux-ubuntu22_x86_64-7.3.2-20220804-6354275  User: oesteban  Machine: dna055  Platform: Linux  PlatformVersion: 5.14.0-427.37.1.el9_4.x86_64  CompilerName: GCC  CompilerVersion: 8.4.0
ProgramName: mris_left_right_register  ProgramArguments: mris_left_right_register -all-info  ProgramVersion: 7.3.2  TimeStamp: 2026/03/11-22:52:57-GMT  BuildTime: Aug  4 2022 06:17:15  BuildStamp: freesurfer-linux-ubuntu22_x86_64-7.3.2-20220804-6354275  User: oesteban  Machine: dna055  Platform: Linux  PlatformVersion: 5.14.0-427.37.1.el9_4.x86_64  CompilerName: GCC  CompilerVersion: 8.4.0
ProgramName: mris_place_surface  ProgramArguments: mris_place_surface -all-info  ProgramVersion: 7.3.2  TimeStamp: 2026/03/11-22:52:57-GMT  BuildTime: Aug  4 2022 06:17:15  BuildStamp: freesurfer-linux-ubuntu22_x86_64-7.3.2-20220804-6354275  User: oesteban  Machine: dna055  Platform: Linux  PlatformVersion: 5.14.0-427.37.1.el9_4.x86_64  CompilerName: GCC  CompilerVersion: 8.4.0
ProgramName: mrisp_paint  ProgramArguments: mrisp_paint -all-info  ProgramVersion: 7.3.2  TimeStamp: 2026/03/11-22:52:57-GMT  BuildTime: Aug  4 2022 06:17:15  BuildStamp: freesurfer-linux-ubuntu22_x86_64-7.3.2-20220804-6354275  User: oesteban  Machine: dna055  Platform: Linux  PlatformVersion: 5.14.0-427.37.1.el9_4.x86_64  CompilerName: GCC  CompilerVersion: 8.4.0
ProgramName: mris_register  ProgramArguments: mris_register -all-info  ProgramVersion: 7.3.2  TimeStamp: 2026/03/11-22:52:57-GMT  BuildTime: Aug  4 2022 06:17:15  BuildStamp: freesurfer-linux-ubuntu22_x86_64-7.3.2-20220804-6354275  User: oesteban  Machine: dna055  Platform: Linux  PlatformVersion: 5.14.0-427.37.1.el9_4.x86_64  CompilerName: GCC  CompilerVersion: 8.4.0
ProgramName: mris_smooth  ProgramArguments: mris_smooth -all-info  ProgramVersion: 7.3.2  TimeStamp: 2026/03/11-22:52:57-GMT  BuildTime: Aug  4 2022 06:17:15  BuildStamp: freesurfer-linux-ubuntu22_x86_64-7.3.2-20220804-6354275  User: oesteban  Machine: dna055  Platform: Linux  PlatformVersion: 5.14.0-427.37.1.el9_4.x86_64  CompilerName: GCC  CompilerVersion: 8.4.0
ProgramName: mris_sphere  ProgramArguments: mris_sphere -all-info  ProgramVersion: 7.3.2  TimeStamp: 2026/03/11-22:52:57-GMT  BuildTime: Aug  4 2022 06:17:15  BuildStamp: freesurfer-linux-ubuntu22_x86_64-7.3.2-20220804-6354275  User: oesteban  Machine: dna055  Platform: Linux  PlatformVersion: 5.14.0-427.37.1.el9_4.x86_64  CompilerName: GCC  CompilerVersion: 8.4.0
ProgramName: mris_surface_stats  ProgramArguments: mris_surface_stats -all-info  ProgramVersion: 7.3.2  TimeStamp: 2026/03/11-22:52:57-GMT  BuildTime: Aug  4 2022 06:17:15  BuildStamp: freesurfer-linux-ubuntu22_x86_64-7.3.2-20220804-6354275  User: oesteban  Machine: dna055  Platform: Linux  PlatformVersion: 5.14.0-427.37.1.el9_4.x86_64  CompilerName: GCC  CompilerVersion: 8.4.0
ProgramName: mri_stats2seg  ProgramArguments: mri_stats2seg -all-info  ProgramVersion: 7.3.2  TimeStamp: 2026/03/11-22:52:57-GMT  BuildTime: Aug  4 2022 06:17:15  BuildStamp: freesurfer-linux-ubuntu22_x86_64-7.3.2-20220804-6354275  User: oesteban  Machine: dna055  Platform: Linux  PlatformVersion: 5.14.0-427.37.1.el9_4.x86_64  CompilerName: GCC  CompilerVersion: 8.4.0
ProgramName: mris_thickness  ProgramArguments: mris_thickness -all-info  ProgramVersion: 7.3.2  TimeStamp: 2026/03/11-22:52:57-GMT  BuildTime: Aug  4 2022 06:17:15  BuildStamp: freesurfer-linux-ubuntu22_x86_64-7.3.2-20220804-6354275  User: oesteban  Machine: dna055  Platform: Linux  PlatformVersion: 5.14.0-427.37.1.el9_4.x86_64  CompilerName: GCC  CompilerVersion: 8.4.0
ProgramName: mris_thickness_diff  ProgramArguments: mris_thickness_diff -all-info  ProgramVersion: 7.3.2  TimeStamp: 2026/03/11-22:52:57-GMT  BuildTime: Aug  4 2022 06:17:15  BuildStamp: freesurfer-linux-ubuntu22_x86_64-7.3.2-20220804-6354275  User: oesteban  Machine: dna055  Platform: Linux  PlatformVersion: 5.14.0-427.37.1.el9_4.x86_64  CompilerName: GCC  CompilerVersion: 8.4.0
ProgramName: mris_topo_fixer  ProgramArguments: mris_topo_fixer -all-info  ProgramVersion: 7.3.2  TimeStamp: 2026/03/11-22:52:57-GMT  BuildTime: Aug  4 2022 06:17:15  BuildStamp: freesurfer-linux-ubuntu22_x86_64-7.3.2-20220804-6354275  User: oesteban  Machine: dna055  Platform: Linux  PlatformVersion: 5.14.0-427.37.1.el9_4.x86_64  CompilerName: GCC  CompilerVersion: 8.4.0
ProgramName: mri_surf2surf  ProgramArguments: mri_surf2surf -all-info  ProgramVersion: 7.3.2  TimeStamp: 2026/03/11-22:52:57-GMT  BuildTime: Aug  4 2022 06:17:15  BuildStamp: freesurfer-linux-ubuntu22_x86_64-7.3.2-20220804-6354275  User: oesteban  Machine: dna055  Platform: Linux  PlatformVersion: 5.14.0-427.37.1.el9_4.x86_64  CompilerName: GCC  CompilerVersion: 8.4.0
ProgramName: mri_surf2vol  ProgramArguments: mri_surf2vol -all-info  ProgramVersion: 7.3.2  TimeStamp: 2026/03/11-22:52:57-GMT  BuildTime: Aug  4 2022 06:17:15  BuildStamp: freesurfer-linux-ubuntu22_x86_64-7.3.2-20220804-6354275  User: oesteban  Machine: dna055  Platform: Linux  PlatformVersion: 5.14.0-427.37.1.el9_4.x86_64  CompilerName: GCC  CompilerVersion: 8.4.0
ProgramName: mri_surfcluster  ProgramArguments: mri_surfcluster -all-info  ProgramVersion: 7.3.2  TimeStamp: 2026/03/11-22:52:57-GMT  BuildTime: Aug  4 2022 06:17:15  BuildStamp: freesurfer-linux-ubuntu22_x86_64-7.3.2-20220804-6354275  User: oesteban  Machine: dna055  Platform: Linux  PlatformVersion: 5.14.0-427.37.1.el9_4.x86_64  CompilerName: GCC  CompilerVersion: 8.4.0
ProgramName: mris_volmask  ProgramArguments: mris_volmask -all-info  ProgramVersion: 7.3.2  TimeStamp: 2026/03/11-22:52:57-GMT  BuildTime: Aug  4 2022 06:17:15  BuildStamp: freesurfer-linux-ubuntu22_x86_64-7.3.2-20220804-6354275  User: oesteban  Machine: dna055  Platform: Linux  PlatformVersion: 5.14.0-427.37.1.el9_4.x86_64  CompilerName: GCC  CompilerVersion: 8.4.0
ProgramName: mri_tessellate  ProgramArguments: mri_tessellate -all-info  ProgramVersion: 7.3.2  TimeStamp: 2026/03/11-22:52:57-GMT  BuildTime: Aug  4 2022 06:17:15  BuildStamp: freesurfer-linux-ubuntu22_x86_64-7.3.2-20220804-6354275  User: oesteban  Machine: dna055  Platform: Linux  PlatformVersion: 5.14.0-427.37.1.el9_4.x86_64  CompilerName: GCC  CompilerVersion: 8.4.0
ProgramName: mri_vol2surf  ProgramArguments: mri_vol2surf -all-info  ProgramVersion: 7.3.2  TimeStamp: 2026/03/11-22:52:57-GMT  BuildTime: Aug  4 2022 06:17:15  BuildStamp: freesurfer-linux-ubuntu22_x86_64-7.3.2-20220804-6354275  User: oesteban  Machine: dna055  Platform: Linux  PlatformVersion: 5.14.0-427.37.1.el9_4.x86_64  CompilerName: GCC  CompilerVersion: 8.4.0
ProgramName: mri_vol2vol  ProgramArguments: mri_vol2vol -all-info  ProgramVersion: 7.3.2  TimeStamp: 2026/03/11-22:52:57-GMT  BuildTime: Aug  4 2022 06:17:15  BuildStamp: freesurfer-linux-ubuntu22_x86_64-7.3.2-20220804-6354275  User: oesteban  Machine: dna055  Platform: Linux  PlatformVersion: 5.14.0-427.37.1.el9_4.x86_64  CompilerName: GCC  CompilerVersion: 8.4.0
ProgramName: mri_voldiff  ProgramArguments: mri_voldiff -all-info  ProgramVersion: 7.3.2  TimeStamp: 2026/03/11-22:52:57-GMT  BuildTime: Aug  4 2022 06:17:15  BuildStamp: freesurfer-linux-ubuntu22_x86_64-7.3.2-20220804-6354275  User: oesteban  Machine: dna055  Platform: Linux  PlatformVersion: 5.14.0-427.37.1.el9_4.x86_64  CompilerName: GCC  CompilerVersion: 8.4.0
ProgramName: mri_watershed  ProgramArguments: mri_watershed -all-info  ProgramVersion: 7.3.2  TimeStamp: 2026/03/11-22:52:57-GMT  BuildTime: Aug  4 2022 06:17:15  BuildStamp: freesurfer-linux-ubuntu22_x86_64-7.3.2-20220804-6354275  User: oesteban  Machine: dna055  Platform: Linux  PlatformVersion: 5.14.0-427.37.1.el9_4.x86_64  CompilerName: GCC  CompilerVersion: 8.4.0
ProgramName: tkregister2  ProgramArguments: tkregister2_cmdl -all-info  ProgramVersion: 7.3.2  TimeStamp: 2026/03/11-22:52:57-GMT  BuildTime: Aug  4 2022 06:17:15  BuildStamp: freesurfer-linux-ubuntu22_x86_64-7.3.2-20220804-6354275  User: oesteban  Machine: dna055  Platform: Linux  PlatformVersion: 5.14.0-427.37.1.el9_4.x86_64  CompilerName: GCC  CompilerVersion: 8.4.0
mri_motion_correct.fsl 7.3.2
mri_convert -all-info 
ProgramName: mri_convert  ProgramArguments: mri_convert -all-info  ProgramVersion: 7.3.2  TimeStamp: 2026/03/11-22:52:57-GMT  BuildTime: Aug  4 2022 06:17:15  BuildStamp: freesurfer-linux-ubuntu22_x86_64-7.3.2-20220804-6354275  User: oesteban  Machine: dna055  Platform: Linux  PlatformVersion: 5.14.0-427.37.1.el9_4.x86_64  CompilerName: GCC  CompilerVersion: 8.4.0
Program nu_correct, built from:
Package MNI N3, version 1.12.0, compiled by nicks@terrier (x86_64-unknown-linux-gnu) on 2015-06-19 at 01:25:34
#######################################
GCADIR /opt/freesurfer/average
GCA RB_all_2020-01-02.gca
GCASkull RB_all_withskull_2020_01_02.gca
AvgCurvTif folding.atlas.acfb40.noaparc.i12.2016-08-02.tif
GCSDIR /opt/freesurfer/average
GCS DKaparc.atlas.acfb40.noaparc.i12.2016-08-02.gcs
#######################################
#--------------------------------------------
#@# Tessellate rh Wed Mar 11 23:52:57 CET 2026
/out/sourcedata/freesurfer/sub-v1s2x0051489_ses-1/scripts

 mri_pretess ../mri/filled.mgz 127 ../mri/norm.mgz ../mri/filled-pretess127.mgz 


Iteration Number : 1
pass   1 (xy+):   2 found -   2 modified     |    TOTAL:   2
pass   2 (xy+):   0 found -   2 modified     |    TOTAL:   2
pass   1 (xy-):   1 found -   1 modified     |    TOTAL:   3
pass   2 (xy-):   0 found -   1 modified     |    TOTAL:   3
pass   1 (yz+):  12 found -  12 modified     |    TOTAL:  15
pass   2 (yz+):   0 found -  12 modified     |    TOTAL:  15
pass   1 (yz-):  11 found -  11 modified     |    TOTAL:  26
pass   2 (yz-):   0 found -  11 modified     |    TOTAL:  26
pass   1 (xz+):   2 found -   2 modified     |    TOTAL:  28
pass   2 (xz+):   0 found -   2 modified     |    TOTAL:  28
pass   1 (xz-):   0 found -   0 modified     |    TOTAL:  28
Iteration Number : 1
pass   1 (+++):   0 found -   0 modified     |    TOTAL:   0
pass   1 (+++):   0 found -   0 modified     |    TOTAL:   0
pass   1 (+++):   0 found -   0 modified     |    TOTAL:   0
pass   1 (+++):   0 found -   0 modified     |    TOTAL:   0
Iteration Number : 1
pass   1 (++):   0 found -   0 modified     |    TOTAL:   0
pass   1 (+-):   1 found -   1 modified     |    TOTAL:   1
pass   2 (+-):   0 found -   1 modified     |    TOTAL:   1
pass   1 (--):   0 found -   0 modified     |    TOTAL:   1
pass   1 (-+):   1 found -   1 modified     |    TOTAL:   2
pass   2 (-+):   0 found -   1 modified     |    TOTAL:   2
Iteration Number : 2
pass   1 (xy+):   0 found -   0 modified     |    TOTAL:   0
pass   1 (xy-):   0 found -   0 modified     |    TOTAL:   0
pass   1 (yz+):   0 found -   0 modified     |    TOTAL:   0
pass   1 (yz-):   0 found -   0 modified     |    TOTAL:   0
pass   1 (xz+):   0 found -   0 modified     |    TOTAL:   0
pass   1 (xz-):   0 found -   0 modified     |    TOTAL:   0
Iteration Number : 2
pass   1 (+++):   0 found -   0 modified     |    TOTAL:   0
pass   1 (+++):   0 found -   0 modified     |    TOTAL:   0
pass   1 (+++):   0 found -   0 modified     |    TOTAL:   0
pass   1 (+++):   0 found -   0 modified     |    TOTAL:   0
Iteration Number : 2
pass   1 (++):   0 found -   0 modified     |    TOTAL:   0
pass   1 (+-):   0 found -   0 modified     |    TOTAL:   0
pass   1 (--):   0 found -   0 modified     |    TOTAL:   0
pass   1 (-+):   0 found -   0 modified     |    TOTAL:   0

Total Number of Modified Voxels = 30 (out of 335297: 0.008947)
Ambiguous edge configurations... 

mri_pretess done


 mri_tessellate ../mri/filled-pretess127.mgz 127 ../surf/rh.orig.nofix 

7.3.2
  7.3.2
slice 40: 1890 vertices, 2050 faces
slice 50: 8662 vertices, 8946 faces
slice 60: 18977 vertices, 19395 faces
slice 70: 31813 vertices, 32208 faces
slice 80: 44143 vertices, 44570 faces
slice 90: 55510 vertices, 55886 faces
slice 100: 66440 vertices, 66836 faces
slice 110: 77957 vertices, 78359 faces
slice 120: 89104 vertices, 89499 faces
slice 130: 99414 vertices, 99808 faces
slice 140: 109397 vertices, 109757 faces
slice 150: 118784 vertices, 119137 faces
slice 160: 127571 vertices, 127881 faces
slice 170: 135073 vertices, 135314 faces
slice 180: 141392 vertices, 141602 faces
slice 190: 147202 vertices, 147390 faces
slice 200: 151249 vertices, 151389 faces
slice 210: 153166 vertices, 153178 faces
slice 220: 153166 vertices, 153178 faces
slice 230: 153166 vertices, 153178 faces
slice 240: 153166 vertices, 153178 faces
slice 250: 153166 vertices, 153178 faces
using the conformed surface RAS to save vertex points...
writing ../surf/rh.orig.nofix
using vox2ras matrix:
-1.00000   0.00000   0.00000   128.00000;
 0.00000   0.00000   1.00000  -128.00000;
 0.00000  -1.00000   0.00000   128.00000;
 0.00000   0.00000   0.00000   1.00000;

 rm -f ../mri/filled-pretess127.mgz 


 mris_extract_main_component ../surf/rh.orig.nofix ../surf/rh.orig.nofix 


counting number of connected components...
   153166 voxel in cpt #1: X=-12 [v=153166,e=459534,f=306356] located at (28.715675, -16.991350, 37.133926)
For the whole surface: X=-12 [v=153166,e=459534,f=306356]
One single component has been found
nothing to do
done

#--------------------------------------------
#@# Smooth1 rh Wed Mar 11 23:53:01 CET 2026
/out/sourcedata/freesurfer/sub-v1s2x0051489_ses-1/scripts

 mris_smooth -nw -seed 1234 ../surf/rh.orig.nofix ../surf/rh.smoothwm.nofix 

setting seed for random number generator to 1234
smoothing surface tessellation for 10 iterations...
smoothing complete - recomputing first and second fundamental forms...
#--------------------------------------------
#@# Inflation1 rh Wed Mar 11 23:53:04 CET 2026
/out/sourcedata/freesurfer/sub-v1s2x0051489_ses-1/scripts

 mris_inflate -no-save-sulc ../surf/rh.smoothwm.nofix ../surf/rh.inflated.nofix 

Not saving sulc
Reading ../surf/rh.smoothwm.nofix
avg radius = 50.7 mm, total surface area = 84174 mm^2
step 000: RMS=0.142 (target=0.015)   step 005: RMS=0.108 (target=0.015)   step 010: RMS=0.080 (target=0.015)   step 015: RMS=0.065 (target=0.015)   step 020: RMS=0.055 (target=0.015)   step 025: RMS=0.047 (target=0.015)   step 030: RMS=0.040 (target=0.015)   step 035: RMS=0.036 (target=0.015)   step 040: RMS=0.033 (target=0.015)   step 045: RMS=0.031 (target=0.015)   step 050: RMS=0.029 (target=0.015)   step 055: RMS=0.028 (target=0.015)   step 060: RMS=0.027 (target=0.015)   writing inflated surface to ../surf/rh.inflated.nofix
inflation took 0.3 minutes

inflation complete.
Not saving sulc
mris_inflate utimesec    93.547892
mris_inflate stimesec    2.629677
mris_inflate ru_maxrss   241940
mris_inflate ru_ixrss    0
mris_inflate ru_idrss    0
mris_inflate ru_isrss    0
mris_inflate ru_minflt   698740
mris_inflate ru_majflt   7
mris_inflate ru_nswap    0
mris_inflate ru_inblock  0
mris_inflate ru_oublock  10776
mris_inflate ru_msgsnd   0
mris_inflate ru_msgrcv   0
mris_inflate ru_nsignals 0
mris_inflate ru_nvcsw    24701
mris_inflate ru_nivcsw   547
#--------------------------------------------
#@# QSphere rh Wed Mar 11 23:53:22 CET 2026
/out/sourcedata/freesurfer/sub-v1s2x0051489_ses-1/scripts

 mris_sphere -q -p 6 -a 128 -seed 1234 ../surf/rh.inflated.nofix ../surf/rh.qsphere.nofix 

doing quick spherical unfolding.
limitting unfolding to 6 passes
using n_averages = 128
setting seed for random number genererator to 1234
version: 7.3.2
available threads: 16
scaling brain by 0.282...
inflating...
projecting onto sphere...
surface projected - minimizing metric distortion...
vertex spacing 0.94 +- 0.55 (0.00-->6.90) (max @ vno 57363 --> 58486)
face area 0.02 +- 0.03 (-0.24-->0.50)
Entering MRISinflateToSphere()
inflating to sphere (rms error < 2.00)
000: dt: 0.0000, rms radial error=176.844, avgs=0
005/300: dt: 0.9000, rms radial error=176.584, avgs=0
010/300: dt: 0.9000, rms radial error=176.026, avgs=0
015/300: dt: 0.9000, rms radial error=175.291, avgs=0
020/300: dt: 0.9000, rms radial error=174.455, avgs=0
025/300: dt: 0.9000, rms radial error=173.562, avgs=0
030/300: dt: 0.9000, rms radial error=172.637, avgs=0
035/300: dt: 0.9000, rms radial error=171.696, avgs=0
040/300: dt: 0.9000, rms radial error=170.748, avgs=0
045/300: dt: 0.9000, rms radial error=169.798, avgs=0
050/300: dt: 0.9000, rms radial error=168.849, avgs=0
055/300: dt: 0.9000, rms radial error=167.903, avgs=0
060/300: dt: 0.9000, rms radial error=166.961, avgs=0
065/300: dt: 0.9000, rms radial error=166.023, avgs=0
070/300: dt: 0.9000, rms radial error=165.090, avgs=0
075/300: dt: 0.9000, rms radial error=164.162, avgs=0
080/300: dt: 0.9000, rms radial error=163.239, avgs=0
085/300: dt: 0.9000, rms radial error=162.322, avgs=0
090/300: dt: 0.9000, rms radial error=161.410, avgs=0
095/300: dt: 0.9000, rms radial error=160.503, avgs=0
100/300: dt: 0.9000, rms radial error=159.601, avgs=0
105/300: dt: 0.9000, rms radial error=158.704, avgs=0
110/300: dt: 0.9000, rms radial error=157.812, avgs=0
115/300: dt: 0.9000, rms radial error=156.925, avgs=0
120/300: dt: 0.9000, rms radial error=156.044, avgs=0
125/300: dt: 0.9000, rms radial error=155.169, avgs=0
130/300: dt: 0.9000, rms radial error=154.298, avgs=0
135/300: dt: 0.9000, rms radial error=153.432, avgs=0
140/300: dt: 0.9000, rms radial error=152.571, avgs=0
145/300: dt: 0.9000, rms radial error=151.714, avgs=0
150/300: dt: 0.9000, rms radial error=150.862, avgs=0
155/300: dt: 0.9000, rms radial error=150.015, avgs=0
160/300: dt: 0.9000, rms radial error=149.172, avgs=0
165/300: dt: 0.9000, rms radial error=148.334, avgs=0
170/300: dt: 0.9000, rms radial error=147.501, avgs=0
175/300: dt: 0.9000, rms radial error=146.673, avgs=0
180/300: dt: 0.9000, rms radial error=145.850, avgs=0
185/300: dt: 0.9000, rms radial error=145.031, avgs=0
190/300: dt: 0.9000, rms radial error=144.217, avgs=0
195/300: dt: 0.9000, rms radial error=143.407, avgs=0
200/300: dt: 0.9000, rms radial error=142.602, avgs=0
205/300: dt: 0.9000, rms radial error=141.801, avgs=0
210/300: dt: 0.9000, rms radial error=141.004, avgs=0
215/300: dt: 0.9000, rms radial error=140.212, avgs=0
220/300: dt: 0.9000, rms radial error=139.425, avgs=0
225/300: dt: 0.9000, rms radial error=138.642, avgs=0
230/300: dt: 0.9000, rms radial error=137.863, avgs=0
235/300: dt: 0.9000, rms radial error=137.088, avgs=0
240/300: dt: 0.9000, rms radial error=136.318, avgs=0
245/300: dt: 0.9000, rms radial error=135.552, avgs=0
250/300: dt: 0.9000, rms radial error=134.790, avgs=0
255/300: dt: 0.9000, rms radial error=134.032, avgs=0
260/300: dt: 0.9000, rms radial error=133.279, avgs=0
265/300: dt: 0.9000, rms radial error=132.530, avgs=0
270/300: dt: 0.9000, rms radial error=131.785, avgs=0
275/300: dt: 0.9000, rms radial error=131.044, avgs=0
280/300: dt: 0.9000, rms radial error=130.308, avgs=0
285/300: dt: 0.9000, rms radial error=129.575, avgs=0
290/300: dt: 0.9000, rms radial error=128.846, avgs=0
295/300: dt: 0.9000, rms radial error=128.122, avgs=0
300/300: dt: 0.9000, rms radial error=127.401, avgs=0

spherical inflation complete.
epoch 1 (K=10.0), pass 1, starting sse = 18322.62
taking momentum steps...
taking momentum steps...
taking momentum steps...
taking momentum steps...
pass 1 complete, delta sse/iter = 0.00/13 = 0.00026
epoch 2 (K=40.0), pass 1, starting sse = 3147.14
taking momentum steps...
taking momentum steps...
taking momentum steps...
taking momentum steps...
pass 1 complete, delta sse/iter = 0.00/13 = 0.00031
epoch 3 (K=160.0), pass 1, starting sse = 328.08
taking momentum steps...
taking momentum steps...
taking momentum steps...
taking momentum steps...
pass 1 complete, delta sse/iter = 0.12/17 = 0.00717
epoch 4 (K=640.0), pass 1, starting sse = 14.39
taking momentum steps...
taking momentum steps...
taking momentum steps...
taking momentum steps...
pass 1 complete, delta sse/iter = 0.18/26 = 0.00698
final distance error %100000.00
writing spherical brain to ../surf/rh.qsphere.nofix
spherical transformation took 0.0278 hours
FSRUNTIME@ mris_sphere  0.0278 hours 16 threads
#VMPC# mris_sphere VmPeak  1579032
mris_sphere done
#@# Fix Topology rh Wed Mar 11 23:55:02 CET 2026

 mris_fix_topology -mgz -sphere qsphere.nofix -inflated inflated.nofix -orig orig.nofix -out orig.premesh -ga -seed 1234 sub-v1s2x0051489_ses-1 rh 

reading spherical homeomorphism from 'qsphere.nofix'
reading inflated coordinates from 'inflated.nofix'
reading original coordinates from 'orig.nofix'
using genetic algorithm with optimized parameters
setting seed for random number genererator to 1234

*************************************************************
Topology Correction Parameters
retessellation mode:           genetic search
number of patches/generation : 10
number of generations :        10
surface mri loglikelihood coefficient :         1.0
volume mri loglikelihood coefficient :          10.0
normal dot loglikelihood coefficient :          1.0
quadratic curvature loglikelihood coefficient : 1.0
volume resolution :                             2
eliminate vertices during search :              1
initial patch selection :                       1
select all defect vertices :                    0
ordering dependant retessellation:              0
use precomputed edge table :                    0
smooth retessellated patch :                    2
match retessellated patch :                     1
verbose mode :                                  0

*************************************************************
INFO: assuming .mgz format
writing corrected surface to 'orig.premesh'
7.3.2
  7.3.2
before topology correction, eno=-12 (nv=153166, nf=306356, ne=459534, g=7)
using quasi-homeomorphic spherical map to tessellate cortical surface...

Correction of the Topology
Finding true center and radius of Spherical Surface...done
Surface centered at (0,0,0) with radius 100.0 in 9 iterations
marking ambiguous vertices...
2174 ambiguous faces found in tessellation
segmenting defects...
12 defects found, arbitrating ambiguous regions...
analyzing neighboring defects...
12 defects to be corrected 
0 vertices coincident
reading input surface /out/sourcedata/freesurfer/sub-v1s2x0051489_ses-1/surf/rh.qsphere.nofix...
reading brain volume from brain...
reading wm segmentation from wm...
Reading original properties of orig.nofix
Reading vertex positions of inflated.nofix
Computing Initial Surface Statistics
      -face       loglikelihood: -8.7457  (-4.3729)
      -vertex     loglikelihood: -5.5704  (-2.7852)
      -normal dot loglikelihood: -3.5849  (-3.5849)
      -quad curv  loglikelihood: -6.1091  (-3.0545)
      Total Loglikelihood : -24.0101
CORRECTING DEFECT 0 (vertices=34, convex hull=63, v0=1393)
After retessellation of defect 0 (v0=1393), euler #=-9 (151869,455154,303276) : difference with theory (-9) = 0 
CORRECTING DEFECT 1 (vertices=51, convex hull=34, v0=2285)
After retessellation of defect 1 (v0=2285), euler #=-8 (151873,455179,303298) : difference with theory (-8) = 0 
CORRECTING DEFECT 2 (vertices=714, convex hull=343, v0=7520)
After retessellation of defect 2 (v0=7520), euler #=-7 (152023,455804,303774) : difference with theory (-7) = 0 
CORRECTING DEFECT 3 (vertices=201, convex hull=223, v0=63782)
After retessellation of defect 3 (v0=63782), euler #=-6 (152048,455981,303927) : difference with theory (-6) = 0 
CORRECTING DEFECT 4 (vertices=23, convex hull=39, v0=73125)
After retessellation of defect 4 (v0=73125), euler #=-5 (152054,456009,303950) : difference with theory (-5) = 0 
CORRECTING DEFECT 5 (vertices=31, convex hull=36, v0=83676)
After retessellation of defect 5 (v0=83676), euler #=-4 (152060,456038,303974) : difference with theory (-4) = 0 
CORRECTING DEFECT 6 (vertices=32, convex hull=36, v0=94307)
After retessellation of defect 6 (v0=94307), euler #=-3 (152069,456083,304011) : difference with theory (-3) = 0 
CORRECTING DEFECT 7 (vertices=35, convex hull=56, v0=109083)
After retessellation of defect 7 (v0=109083), euler #=-2 (152087,456159,304070) : difference with theory (-2) = 0 
CORRECTING DEFECT 8 (vertices=18, convex hull=24, v0=116940)
After retessellation of defect 8 (v0=116940), euler #=-1 (152089,456172,304082) : difference with theory (-1) = 0 
CORRECTING DEFECT 9 (vertices=72, convex hull=119, v0=126445)
After retessellation of defect 9 (v0=126445), euler #=0 (152141,456379,304238) : difference with theory (0) = 0 
CORRECTING DEFECT 10 (vertices=75, convex hull=51, v0=142526)
After retessellation of defect 10 (v0=142526), euler #=1 (152153,456438,304286) : difference with theory (1) = 0 
CORRECTING DEFECT 11 (vertices=21, convex hull=40, v0=144164)
After retessellation of defect 11 (v0=144164), euler #=2 (152162,456480,304320) : difference with theory (2) = 0 
computing original vertex metric properties...
storing new metric properties...
computing tessellation statistics...
vertex spacing 0.89 +- 0.21 (0.07-->7.69) (max @ vno 67806 --> 74546)
face area -nan +- -nan (1000.00-->-1.00)
performing soap bubble on retessellated vertices for 0 iterations...
vertex spacing 0.89 +- 0.21 (0.07-->7.69) (max @ vno 67806 --> 74546)
face area -nan +- -nan (1000.00-->-1.00)
tessellation finished, orienting corrected surface...
44 mutations (33.1%), 89 crossovers (66.9%), 99 vertices were eliminated
building final representation...
1004 vertices and 0 faces have been removed from triangulation
after topology correction, eno=2 (nv=152162, nf=304320, ne=456480, g=0)
writing corrected surface to /out/sourcedata/freesurfer/sub-v1s2x0051489_ses-1/surf/rh.orig.premesh...

0.000 % of the vertices (0 vertices) exhibit an orientation change
removing intersecting faces
000: 103 intersecting
001: 11 intersecting
002: 3 intersecting
terminating search with 0 intersecting
topology fixing took 1.6 minutes
FSRUNTIME@ mris_fix_topology rh  0.0262 hours 16 threads
#VMPC# mris_fix_topology VmPeak  1868816

 mris_euler_number ../surf/rh.orig.premesh 

euler # = v-e+f = 2g-2: 152162 - 456480 + 304320 = 2 --> 0 holes
      F =2V-4:          304320 = 304324-4 (0)
      2E=3F:            912960 = 912960 (0)

total defect index = 0
Wed Mar 11 23:56:37 CET 2026

setenv SUBJECTS_DIR /out/sourcedata/freesurfer
cd /out/sourcedata/freesurfer/sub-v1s2x0051489_ses-1/scripts
/opt/freesurfer/bin/defect2seg --s sub-v1s2x0051489_ses-1 --rh-only --cortex

freesurfer-linux-ubuntu22_x86_64-7.3.2-20220804-6354275
defect2seg 7.3.2
Linux dna055 5.14.0-427.37.1.el9_4.x86_64 #1 SMP PREEMPT_DYNAMIC Fri Sep 13 12:41:50 EDT 2024 x86_64 x86_64 x86_64 GNU/Linux
pid 694159
mri_label2label --label-cortex /out/sourcedata/freesurfer/sub-v1s2x0051489_ses-1/surf/rh.orig.nofix /out/sourcedata/freesurfer/sub-v1s2x0051489_ses-1/mri/aseg.presurf.mgz 0 /out/sourcedata/freesurfer/sub-v1s2x0051489_ses-1/label/rh.nofix.cortex.label

 Generating cortex label... RemoveHipAmgy=0
 NucAccIsMedialWall=0
 mris->useRealRAS=0
13 non-cortical segments detected
only using segment with 8272 vertices
erasing segment 0 (vno[0] = 25043)
erasing segment 2 (vno[0] = 56069)
erasing segment 3 (vno[0] = 59434)
erasing segment 4 (vno[0] = 61565)
erasing segment 5 (vno[0] = 65818)
erasing segment 6 (vno[0] = 81860)
erasing segment 7 (vno[0] = 84071)
erasing segment 8 (vno[0] = 89502)
erasing segment 9 (vno[0] = 91455)
erasing segment 10 (vno[0] = 99222)
erasing segment 11 (vno[0] = 112836)
erasing segment 12 (vno[0] = 115762)
mri_label2vol --defects /out/sourcedata/freesurfer/sub-v1s2x0051489_ses-1/surf/rh.orig.nofix /out/sourcedata/freesurfer/sub-v1s2x0051489_ses-1/surf/rh.defect_labels /out/sourcedata/freesurfer/sub-v1s2x0051489_ses-1/mri/orig.mgz 2000 0 /out/sourcedata/freesurfer/sub-v1s2x0051489_ses-1/mri/rh.surface.defects.mgz /out/sourcedata/freesurfer/sub-v1s2x0051489_ses-1/label/rh.nofix.cortex.label
mri_label2vol supposed to be reproducible but seed not set
Contraining to label /out/sourcedata/freesurfer/sub-v1s2x0051489_ses-1/label/rh.nofix.cortex.label
Changing input type 0 to MRI_INT
Converting defects to volume: offset=2000, merge=0
Writing to /out/sourcedata/freesurfer/sub-v1s2x0051489_ses-1/mri/rh.surface.defects.mgz
mris_defects_pointset -s /out/sourcedata/freesurfer/sub-v1s2x0051489_ses-1/surf/rh.orig.nofix -d /out/sourcedata/freesurfer/sub-v1s2x0051489_ses-1/surf/rh.defect_labels -o /out/sourcedata/freesurfer/sub-v1s2x0051489_ses-1/surf/rh.defects.pointset --label /out/sourcedata/freesurfer/sub-v1s2x0051489_ses-1/label/rh.nofix.cortex.label
Reading in surface /out/sourcedata/freesurfer/sub-v1s2x0051489_ses-1/surf/rh.orig.nofix
Reading in defect segmentation /out/sourcedata/freesurfer/sub-v1s2x0051489_ses-1/surf/rh.defect_labels
Reading in label /out/sourcedata/freesurfer/sub-v1s2x0051489_ses-1/label/rh.nofix.cortex.label
#VMPC# mris_defects_pointset 1314296
mris_defects_pointset done
 
Started at Wed Mar 11 23:56:37 CET 2026 
Ended   at Wed Mar 11 23:56:56 CET 2026
Defect2seg-Run-Time-Sec 19
Defect2seg-Run-Time-Min 0.38
Defect2seg-Run-Time-Hours 0.01
 
tkmeditfv sub-v1s2x0051489_ses-1 brain.finalsurfs.mgz -defect
defect2seg Done

 mris_remesh --remesh --iters 3 --input /out/sourcedata/freesurfer/sub-v1s2x0051489_ses-1/surf/rh.orig.premesh --output /out/sourcedata/freesurfer/sub-v1s2x0051489_ses-1/surf/rh.orig 

iters = 3
standard remeshing without target
   adjusted l: 0.71164
remeshing to edge length 0.71164 with 3 iterations

avg qual before   : 0.893019  after: 0.971159

Removing intersections
Remeshed surface quality stats nv0 = 152162  nv = 159592  1.04883
Area    319180  0.30326  0.03367 0.103162   0.4949
Corner  957540 60.00000  8.80113 21.999783 135.0822
Edge    478770  0.84485  0.08246 0.488734   1.2323
Hinge   478770  9.11043  9.28080 0.000006 117.9289
mris_remesh done
/out/sourcedata/freesurfer/sub-v1s2x0051489_ses-1/scripts

 mris_remove_intersection ../surf/rh.orig ../surf/rh.orig 

intersection removal took 0.00 hours
writing corrected surface to ../surf/rh.orig

 rm -f ../surf/rh.inflated 

#--------------------------------------------
#@# AutoDetGWStats rh Wed Mar 11 23:57:33 CET 2026
cd /out/sourcedata/freesurfer/sub-v1s2x0051489_ses-1/mri
mris_autodet_gwstats --o ../surf/autodet.gw.stats.rh.dat --i brain.finalsurfs.mgz --wm wm.mgz --surf ../surf/rh.orig.premesh
7.3.2

cd /out/sourcedata/freesurfer/sub-v1s2x0051489_ses-1/mri
setenv SUBJECTS_DIR /out/sourcedata/freesurfer
mris_autodet_gwstats --o ../surf/autodet.gw.stats.rh.dat --i brain.finalsurfs.mgz --wm wm.mgz --surf ../surf/rh.orig.premesh 

border white:    294092 voxels (1.75%)
border gray      306804 voxels (1.83%)
Reading in intensity volume brain.finalsurfs.mgz
Reading in wm volume wm.mgz
Reading in surf ../surf/rh.orig.premesh
Auto detecting stats
MRIclipBrightWM(): nthresh=22629, wmmin=5, clip=110 
Binarizing thresholding at 5
computing class statistics... low=30, hi=110.000000
CCS WM (103.0): 103.4 +- 5.1 [70.0 --> 110.0]
CCS GM (88.0) : 85.8 +- 11.3 [30.0 --> 110.0]
white_mean = 103.406 +/- 5.14434, gray_mean = 85.8329 +/- 11.2604
using class modes intead of means, discounting robust sigmas....
MRIScomputeClassModes(): min=0 max=168 nbins=169
intensity peaks found at WM=107+-4.3,    GM=86+-6.1
white_mode = 107, gray_mode = 86
std_scale = 1
Applying sanity checks, max_scale_down = 0.2
setting MIN_GRAY_AT_WHITE_BORDER to 74.7 (was 70.000000)
setting MAX_BORDER_WHITE to 112.1 (was 105.000000)
setting MIN_BORDER_WHITE to 86.0 (was 85.000000)
setting MAX_CSF to 63.5 (was 40.000000)
setting MAX_GRAY to 101.9 (was 95.000000)
setting MAX_GRAY_AT_CSF_BORDER to 74.7 (was 75.000000)
setting MIN_GRAY_AT_CSF_BORDER to 52.2 (was 40.000000)
When placing the white surface
  white_border_hi   = 112.144;
  white_border_low  = 86;
  white_outside_low = 74.7396;
  white_inside_hi   = 120;
  white_outside_hi  = 112.144;
When placing the pial surface
  pial_border_hi   = 74.7396;
  pial_border_low  = 52.2188;
  pial_outside_low = 10;
  pial_inside_hi   = 101.856;
  pial_outside_hi  = 69.1094;
#VMPC# mris_autodet_gwstats VmPeak  1357340
mris_autodet_gwstats done
#--------------------------------------------
#@# WhitePreAparc rh Wed Mar 11 23:57:36 CET 2026
cd /out/sourcedata/freesurfer/sub-v1s2x0051489_ses-1/mri
mris_place_surface --adgws-in ../surf/autodet.gw.stats.rh.dat --wm wm.mgz --threads 16 --invol brain.finalsurfs.mgz --rh --i ../surf/rh.orig --o ../surf/rh.white.preaparc --white --seg aseg.presurf.mgz --nsmooth 5
7.3.2
7.3.2

cd /out/sourcedata/freesurfer/sub-v1s2x0051489_ses-1/mri
setenv SUBJECTS_DIR /out/sourcedata/freesurfer
mris_place_surface --adgws-in ../surf/autodet.gw.stats.rh.dat --wm wm.mgz --threads 16 --invol brain.finalsurfs.mgz --rh --i ../surf/rh.orig --o ../surf/rh.white.preaparc --white --seg aseg.presurf.mgz --nsmooth 5 

Reading in input surface ../surf/rh.orig
Smoothing surface before ripping with 5 iterations
Area    319180  0.27087  0.06097 0.003143   0.6451
Corner  957540 60.00000  9.14537 9.573640 135.6221
Edge    478770  0.79476  0.11021 0.066467   1.3096
Hinge   478770  6.13345  6.02808 0.000008 138.6362
Not reading in aparc
Reading in input volume brain.finalsurfs.mgz
Reading in wm volume wm.mgz
MRIclipBrightWM(): nthresh=22629, wmmin=5, clip=110 
MRIfindBrightNonWM(): 71 bright non-wm voxels segmented.
Masking bright non-wm for white surface
MRImask(): AllowDiffGeom = 1
MRImask(): AllowDiffGeom = 1
Reading in seg volume aseg.presurf.mgz
Ripping frozen voxels
INFO: rip surface needed but not specified, so using input surface
Freezing midline and others
Entering: MRISripMidline(): inhibiting deformation at non-cortical midline structures...
  which=1, fix_mtl=0, using annot = 0
#FML0# MRISripMidline(): nripped=0
removing 3 vertices from ripped group in thread:0
#FML# MRISripMidline(): nmarked=7036, nmarked2=4, nripped=7036
Ripping segs (eg, WMSA, BG, frozen)
Starting MRISripSegs() d = (-2 2 0.5) segnos: 247 
MRISripSegs(): -2 2 0.5 ripped 0
vertex 79796: xyz = (58.6058,-4.18614,45.486) oxyz = (58.6058,-4.18614,45.486) wxzy = (58.6058,-4.18614,45.486) pxyz = (0,0,0) 
CBVO Creating mask 159592
n_averages 4
Iteration 0 =========================================
n_averages=4, current_sigma=2
Freezing midline and others
Ripping frozen voxels
INFO: rip surface needed but not specified, so using input surface
Freezing midline and others
Entering: MRISripMidline(): inhibiting deformation at non-cortical midline structures...
  which=1, fix_mtl=0, using annot = 0
#FML0# MRISripMidline(): nripped=7036
removing 3 vertices from ripped group in thread:0
#FML# MRISripMidline(): nmarked=7036, nmarked2=4, nripped=7036
Ripping segs (eg, WMSA, BG, frozen)
Starting MRISripSegs() d = (-2 2 0.5) segnos: 247 247 
MRISripSegs(): -2 2 0.5 ripped 0
Computing target border values 
Entering MRIScomputeBorderValues_new(): 
  inside_hi   = 120.0000000;
  border_hi   = 112.1443480;
  border_low  =  86.0000000;
  outside_low =  74.7395940;
  outside_hi  = 112.1443480;
  sigma = 2;
  max_thickness = 10;
  step_size=0.5;
  STEP_SIZE=0.1;
  which = 1
  thresh = 0
  flags = 0
  CBVfindFirstPeakD1=0
  CBVfindFirstPeakD2=0
  nvertices=159592
  Gdiag_no=-1
  vno start=0, stop=159592
Replacing 255s with 0s
#SI# sigma=2 had to be increased for 68 vertices, nripped=7036
mean border=93.9, 47 (47) missing vertices, mean dist 0.2 [0.7 (%40.1)->0.8 (%59.9))]
%53 local maxima, %43 large gradients and % 0 min vals, 0 gradients ignored
nFirstPeakD1 0
MRIScomputeBorderValues_new() finished in 0.0183 min


Finding expansion regions
mean absolute distance = 0.80 +- 1.05
4129 vertices more than 2 sigmas from mean.
Averaging target values for 5 iterations...
Positioning Surface: tspring = 0.3, nspring = 0.3, spring = 0, niters = 100 l_repulse = 5, l_surf_repulse = 0, checktol = 0
Positioning pial surface
Entering MRISpositionSurface()
  max_mm = 0.3
  MAX_REDUCTIONS = 2, REDUCTION_PCT = 0.5
  parms->check_tol = 0, niterations = 100
tol=1.0e-04, sigma=2.0, host=dna05, nav=4, nbrs=2, l_repulse=5.000, l_tspring=0.300, l_nspring=0.300, l_intensity=0.200, l_curv=1.000
mom=0.00, dt=0.50
complete_dist_mat 0
rms 0
smooth_averages 0
remove_neg 0
ico_order 0
which_surface 0
target_radius 0.000000
nfields 0
scale 0.000000
desired_rms_height 0.000000
momentum 0.000000
nbhd_size 0
max_nbrs 0
niterations 100
nsurfaces 0
SURFACES 3
flags 0 (0)
use curv 0
no sulc 0
no rigid align 0
mris->nsize 2
mris->hemisphere 1
randomSeed 0

000: dt: 0.0000, sse=1517916.1, rms=6.633
001: dt: 0.5000, sse=790796.9, rms=4.499 (32.170%)
002: dt: 0.5000, sse=474370.3, rms=3.141 (30.173%)
003: dt: 0.5000, sse=339297.9, rms=2.328 (25.904%)
004: dt: 0.5000, sse=279919.8, rms=1.854 (20.361%)
005: dt: 0.5000, sse=252107.8, rms=1.578 (14.888%)
006: dt: 0.5000, sse=238516.0, rms=1.417 (10.165%)
007: dt: 0.5000, sse=235311.5, rms=1.332 (6.014%)
rms = 1.2885/1.3321, sse=230194.6/235311.5, time step reduction 1 of 3 to 0.250  0 0 1
008: dt: 0.5000, sse=230194.6, rms=1.289 (3.272%)
009: dt: 0.2500, sse=210900.7, rms=0.987 (23.402%)
rms = 0.9413/0.9870, sse=208527.9/210900.7, time step reduction 2 of 3 to 0.125  0 0 1
010: dt: 0.2500, sse=208527.9, rms=0.941 (4.635%)
rms = 0.9275/0.9413, sse=207785.2/208527.9, time step reduction 3 of 3 to 0.062  0 0 1
011: dt: 0.1250, sse=207785.2, rms=0.928 (1.459%)
  maximum number of reductions reached, breaking from loop
positioning took 1.2 minutes
Iteration 1 =========================================
n_averages=2, current_sigma=1
Freezing midline and others
Ripping frozen voxels
INFO: rip surface needed but not specified, so using input surface
Freezing midline and others
Entering: MRISripMidline(): inhibiting deformation at non-cortical midline structures...
  which=1, fix_mtl=0, using annot = 0
#FML0# MRISripMidline(): nripped=7036
removing 2 vertices from ripped group in thread:0
removing 3 vertices from ripped group in thread:0
removing 2 vertices from ripped group in thread:0
removing 2 vertices from ripped group in thread:0
#FML# MRISripMidline(): nmarked=7298, nmarked2=50, nripped=7298
Ripping segs (eg, WMSA, BG, frozen)
Starting MRISripSegs() d = (-2 2 0.5) segnos: 247 247 247 
MRISripSegs(): -2 2 0.5 ripped 0
Computing target border values 
Entering MRIScomputeBorderValues_new(): 
  inside_hi   = 120.0000000;
  border_hi   = 112.1443480;
  border_low  =  86.0000000;
  outside_low =  74.7395940;
  outside_hi  = 112.1443480;
  sigma = 1;
  max_thickness = 10;
  step_size=0.5;
  STEP_SIZE=0.1;
  which = 1
  thresh = 0
  flags = 0
  CBVfindFirstPeakD1=0
  CBVfindFirstPeakD2=0
  nvertices=159592
  Gdiag_no=-1
  vno start=0, stop=159592
Replacing 255s with 0s
#SI# sigma=1 had to be increased for 35 vertices, nripped=7298
mean border=95.3, 29 (10) missing vertices, mean dist -0.3 [0.6 (%62.7)->0.2 (%37.3))]
%63 local maxima, %33 large gradients and % 0 min vals, 0 gradients ignored
nFirstPeakD1 0
MRIScomputeBorderValues_new() finished in 0.0124 min


Finding expansion regions
mean absolute distance = 0.47 +- 0.83
4731 vertices more than 2 sigmas from mean.
Averaging target values for 5 iterations...
Positioning Surface: tspring = 0.3, nspring = 0.3, spring = 0, niters = 100 l_repulse = 5, l_surf_repulse = 0, checktol = 0
Positioning pial surface
Entering MRISpositionSurface()
  max_mm = 0.3
  MAX_REDUCTIONS = 2, REDUCTION_PCT = 0.5
  parms->check_tol = 0, niterations = 100
tol=1.0e-04, sigma=1.0, host=dna05, nav=2, nbrs=2, l_repulse=5.000, l_tspring=0.300, l_nspring=0.300, l_intensity=0.200, l_curv=1.000
mom=0.00, dt=0.50
000: dt: 0.0000, sse=486157.9, rms=2.932
012: dt: 0.5000, sse=332131.2, rms=1.889 (35.568%)
013: dt: 0.5000, sse=287865.9, rms=1.455 (22.993%)
014: dt: 0.5000, sse=270738.2, rms=1.219 (16.219%)
015: dt: 0.5000, sse=255975.5, rms=1.053 (13.568%)
016: dt: 0.5000, sse=251067.7, rms=0.966 (8.313%)
rms = 0.9254/0.9658, sse=249152.8/251067.7, time step reduction 1 of 3 to 0.250  0 0 1
017: dt: 0.5000, sse=249152.8, rms=0.925 (4.181%)
018: dt: 0.2500, sse=239806.2, rms=0.723 (21.855%)
rms = 0.7028/0.7232, sse=239062.2/239806.2, time step reduction 2 of 3 to 0.125  0 0 1
019: dt: 0.2500, sse=239062.2, rms=0.703 (2.818%)
rms = 0.6968/0.7028, sse=239572.0/239062.2, time step reduction 3 of 3 to 0.062  0 1 1
020: dt: 0.1250, sse=239572.0, rms=0.697 (0.855%)
  maximum number of reductions reached, breaking from loop
positioning took 0.9 minutes
Iteration 2 =========================================
n_averages=1, current_sigma=0.5
Freezing midline and others
Ripping frozen voxels
INFO: rip surface needed but not specified, so using input surface
Freezing midline and others
Entering: MRISripMidline(): inhibiting deformation at non-cortical midline structures...
  which=1, fix_mtl=0, using annot = 0
#FML0# MRISripMidline(): nripped=7298
removing 3 vertices from ripped group in thread:0
removing 3 vertices from ripped group in thread:0
removing 4 vertices from ripped group in thread:0
removing 3 vertices from ripped group in thread:0
removing 2 vertices from ripped group in thread:0
#FML# MRISripMidline(): nmarked=7369, nmarked2=51, nripped=7369
Ripping segs (eg, WMSA, BG, frozen)
Starting MRISripSegs() d = (-2 2 0.5) segnos: 247 247 247 247 
MRISripSegs(): -2 2 0.5 ripped 0
Computing target border values 
Entering MRIScomputeBorderValues_new(): 
  inside_hi   = 120.0000000;
  border_hi   = 112.1443480;
  border_low  =  86.0000000;
  outside_low =  74.7395940;
  outside_hi  = 112.1443480;
  sigma = 0.5;
  max_thickness = 10;
  step_size=0.5;
  STEP_SIZE=0.1;
  which = 1
  thresh = 0
  flags = 0
  CBVfindFirstPeakD1=0
  CBVfindFirstPeakD2=0
  nvertices=159592
  Gdiag_no=-1
  vno start=0, stop=159592
Replacing 255s with 0s
#SI# sigma=0.5 had to be increased for 78 vertices, nripped=7369
mean border=97.2, 18 (7) missing vertices, mean dist -0.3 [0.5 (%71.5)->0.2 (%28.5))]
%78 local maxima, %17 large gradients and % 0 min vals, 0 gradients ignored
nFirstPeakD1 0
MRIScomputeBorderValues_new() finished in 0.0098 min


Finding expansion regions
mean absolute distance = 0.41 +- 0.58
5473 vertices more than 2 sigmas from mean.
Averaging target values for 5 iterations...
Positioning Surface: tspring = 0.3, nspring = 0.3, spring = 0, niters = 100 l_repulse = 5, l_surf_repulse = 0, checktol = 0
Positioning pial surface
Entering MRISpositionSurface()
  max_mm = 0.3
  MAX_REDUCTIONS = 2, REDUCTION_PCT = 0.5
  parms->check_tol = 0, niterations = 100
tol=1.0e-04, sigma=0.5, host=dna05, nav=1, nbrs=2, l_repulse=5.000, l_tspring=0.300, l_nspring=0.300, l_intensity=0.200, l_curv=1.000
mom=0.00, dt=0.50
000: dt: 0.0000, sse=456043.4, rms=2.797
021: dt: 0.5000, sse=298685.6, rms=1.610 (42.456%)
022: dt: 0.5000, sse=256772.4, rms=1.088 (32.386%)
023: dt: 0.5000, sse=245895.6, rms=0.890 (18.234%)
rms = 0.8280/0.8899, sse=246501.4/245895.6, time step reduction 1 of 3 to 0.250  0 1 0
024: dt: 0.5000, sse=246501.4, rms=0.828 (6.955%)
025: dt: 0.2500, sse=239413.5, rms=0.684 (17.393%)
rms = 0.6656/0.6840, sse=238604.1/239413.5, time step reduction 2 of 3 to 0.125  0 0 1
026: dt: 0.2500, sse=238604.1, rms=0.666 (2.681%)
rms = 0.6606/0.6656, sse=238992.3/238604.1, time step reduction 3 of 3 to 0.062  0 1 1
027: dt: 0.1250, sse=238992.3, rms=0.661 (0.758%)
  maximum number of reductions reached, breaking from loop
positioning took 0.7 minutes
Iteration 3 =========================================
n_averages=0, current_sigma=0.25
Freezing midline and others
Ripping frozen voxels
INFO: rip surface needed but not specified, so using input surface
Freezing midline and others
Entering: MRISripMidline(): inhibiting deformation at non-cortical midline structures...
  which=1, fix_mtl=0, using annot = 0
#FML0# MRISripMidline(): nripped=7369
removing 3 vertices from ripped group in thread:0
removing 2 vertices from ripped group in thread:0
removing 4 vertices from ripped group in thread:0
removing 3 vertices from ripped group in thread:0
removing 3 vertices from ripped group in thread:0
removing 2 vertices from ripped group in thread:0
removing 2 vertices from ripped group in thread:0
#FML# MRISripMidline(): nmarked=7451, nmarked2=50, nripped=7451
Ripping segs (eg, WMSA, BG, frozen)
Starting MRISripSegs() d = (-2 2 0.5) segnos: 247 247 247 247 247 
MRISripSegs(): -2 2 0.5 ripped 0
Computing target border values 
Entering MRIScomputeBorderValues_new(): 
  inside_hi   = 120.0000000;
  border_hi   = 112.1443480;
  border_low  =  86.0000000;
  outside_low =  74.7395940;
  outside_hi  = 112.1443480;
  sigma = 0.25;
  max_thickness = 10;
  step_size=0.5;
  STEP_SIZE=0.1;
  which = 1
  thresh = 0
  flags = 0
  CBVfindFirstPeakD1=0
  CBVfindFirstPeakD2=0
  nvertices=159592
  Gdiag_no=-1
  vno start=0, stop=159592
Replacing 255s with 0s
#SI# sigma=0.25 had to be increased for 299 vertices, nripped=7451
mean border=97.8, 27 (5) missing vertices, mean dist -0.1 [0.3 (%60.8)->0.2 (%39.2))]
%84 local maxima, %11 large gradients and % 0 min vals, 0 gradients ignored
nFirstPeakD1 0
MRIScomputeBorderValues_new() finished in 0.0054 min


Finding expansion regions
mean absolute distance = 0.27 +- 0.41
4939 vertices more than 2 sigmas from mean.
Averaging target values for 5 iterations...
Positioning Surface: tspring = 0.3, nspring = 0.3, spring = 0, niters = 100 l_repulse = 5, l_surf_repulse = 0, checktol = 0
Positioning pial surface
Entering MRISpositionSurface()
  max_mm = 0.3
  MAX_REDUCTIONS = 2, REDUCTION_PCT = 0.5
  parms->check_tol = 0, niterations = 100
tol=1.0e-04, sigma=0.2, host=dna05, nav=0, nbrs=2, l_repulse=5.000, l_tspring=0.300, l_nspring=0.300, l_intensity=0.200, l_curv=1.000
mom=0.00, dt=0.50
000: dt: 0.0000, sse=266115.9, rms=1.244
028: dt: 0.5000, sse=237519.4, rms=0.635 (48.963%)
rms = 0.6716/0.6349, sse=243117.1/237519.4, time step reduction 1 of 3 to 0.250  0 1 1
   RMS increased, rejecting step
029: dt: 0.2500, sse=235234.2, rms=0.574 (9.621%)
rms = 0.5507/0.5738, sse=236921.2/235234.2, time step reduction 2 of 3 to 0.125  0 1 1
030: dt: 0.2500, sse=236921.2, rms=0.551 (4.018%)
rms = 0.5462/0.5507, sse=237625.4/236921.2, time step reduction 3 of 3 to 0.062  0 1 1
031: dt: 0.1250, sse=237625.4, rms=0.546 (0.828%)
  maximum number of reductions reached, breaking from loop
positioning took 0.5 minutes


Writing output to ../surf/rh.white.preaparc
#ET# mris_place_surface  3.48 minutes
#VMPC# mris_place_surfaces VmPeak  3281684
mris_place_surface done
#--------------------------------------------
#@# CortexLabel rh Thu Mar 12 00:01:12 CET 2026
cd /out/sourcedata/freesurfer/sub-v1s2x0051489_ses-1/mri
mri_label2label --label-cortex ../surf/rh.white.preaparc aseg.presurf.mgz 0 ../label/rh.cortex.label

 Generating cortex label... RemoveHipAmgy=0
 NucAccIsMedialWall=0
 mris->useRealRAS=0
9 non-cortical segments detected
only using segment with 9254 vertices
erasing segment 0 (vno[0] = 21041)
erasing segment 2 (vno[0] = 46478)
erasing segment 3 (vno[0] = 56888)
erasing segment 4 (vno[0] = 67479)
erasing segment 5 (vno[0] = 70506)
erasing segment 6 (vno[0] = 74272)
erasing segment 7 (vno[0] = 78806)
erasing segment 8 (vno[0] = 135010)
#--------------------------------------------
#@# CortexLabel+HipAmyg rh Thu Mar 12 00:01:29 CET 2026
cd /out/sourcedata/freesurfer/sub-v1s2x0051489_ses-1/mri
mri_label2label --label-cortex ../surf/rh.white.preaparc aseg.presurf.mgz 1 ../label/rh.cortex+hipamyg.label

 Generating cortex label... RemoveHipAmgy=1
 NucAccIsMedialWall=0
 mris->useRealRAS=0
15 non-cortical segments detected
only using segment with 7054 vertices
erasing segment 0 (vno[0] = 21041)
erasing segment 2 (vno[0] = 46478)
erasing segment 3 (vno[0] = 56888)
erasing segment 4 (vno[0] = 57206)
erasing segment 5 (vno[0] = 60210)
erasing segment 6 (vno[0] = 67479)
erasing segment 7 (vno[0] = 70506)
erasing segment 8 (vno[0] = 74272)
erasing segment 9 (vno[0] = 78320)
erasing segment 10 (vno[0] = 78806)
erasing segment 11 (vno[0] = 81062)
erasing segment 12 (vno[0] = 96451)
erasing segment 13 (vno[0] = 131196)
erasing segment 14 (vno[0] = 135010)
#--------------------------------------------
#@# Smooth2 rh Thu Mar 12 00:01:46 CET 2026
/out/sourcedata/freesurfer/sub-v1s2x0051489_ses-1/scripts

 mris_smooth -n 3 -nw -seed 1234 ../surf/rh.white.preaparc ../surf/rh.smoothwm 

smoothing for 3 iterations
setting seed for random number generator to 1234
smoothing surface tessellation for 3 iterations...
smoothing complete - recomputing first and second fundamental forms...
#--------------------------------------------
#@# Inflation2 rh Thu Mar 12 00:01:50 CET 2026
/out/sourcedata/freesurfer/sub-v1s2x0051489_ses-1/scripts

 mris_inflate ../surf/rh.smoothwm ../surf/rh.inflated 

Reading ../surf/rh.smoothwm
avg radius = 50.4 mm, total surface area = 92611 mm^2
step 000: RMS=0.155 (target=0.015)   step 005: RMS=0.107 (target=0.015)   step 010: RMS=0.080 (target=0.015)   step 015: RMS=0.066 (target=0.015)   step 020: RMS=0.055 (target=0.015)   step 025: RMS=0.045 (target=0.015)   step 030: RMS=0.037 (target=0.015)   step 035: RMS=0.030 (target=0.015)   step 040: RMS=0.026 (target=0.015)   step 045: RMS=0.023 (target=0.015)   step 050: RMS=0.020 (target=0.015)   step 055: RMS=0.019 (target=0.015)   step 060: RMS=0.017 (target=0.015)   writing inflated surface to ../surf/rh.inflated
writing sulcal depths to ../surf/rh.sulc

inflation complete.
inflation took 0.3 minutes
mris_inflate utimesec    79.328709
mris_inflate stimesec    1.209604
mris_inflate ru_maxrss   244168
mris_inflate ru_ixrss    0
mris_inflate ru_idrss    0
mris_inflate ru_isrss    0
mris_inflate ru_minflt   236559
mris_inflate ru_majflt   23
mris_inflate ru_nswap    0
mris_inflate ru_inblock  0
mris_inflate ru_oublock  12480
mris_inflate ru_msgsnd   0
mris_inflate ru_msgrcv   0
mris_inflate ru_nsignals 0
mris_inflate ru_nvcsw    14992
mris_inflate ru_nivcsw   252
#--------------------------------------------
#@# Curv .H and .K rh Thu Mar 12 00:02:07 CET 2026
/out/sourcedata/freesurfer/sub-v1s2x0051489_ses-1/surf

 mris_curvature -w -seed 1234 rh.white.preaparc 

setting seed for random number generator to 1234
total integrated curvature = 22.347*4pi (280.822) --> -21 handles
ICI = 140.7, FI = 1414.7, variation=22121.985
writing Gaussian curvature to ./rh.white.preaparc.K...done.
writing mean curvature to ./rh.white.preaparc.H...done.
rm -f rh.white.H
ln -s rh.white.preaparc.H rh.white.H
rm -f rh.white.K
ln -s rh.white.preaparc.K rh.white.K

 mris_curvature -seed 1234 -thresh .999 -n -a 5 -w -distances 10 10 rh.inflated 

setting seed for random number generator to 1234
normalizing curvature values.
averaging curvature patterns 5 times.
sampling 10 neighbors out to a distance of 10 mm
305 vertices thresholded to be in k1 ~ [-0.17 0.37], k2 ~ [-0.11 0.05]
total integrated curvature = 0.636*4pi (7.991) --> 0 handles
ICI = 1.7, FI = 11.2, variation=186.860
164 vertices thresholded to be in [-0.01 0.01]
writing Gaussian curvature to ./rh.inflated.K...thresholding curvature at 99.90% level
curvature mean = 0.000, std = 0.001
167 vertices thresholded to be in [-0.12 0.19]
done.
writing mean curvature to ./rh.inflated.H...curvature mean = -0.015, std = 0.024
done.
#--------------------------------------------
#@# Sphere rh Thu Mar 12 00:03:01 CET 2026
/out/sourcedata/freesurfer/sub-v1s2x0051489_ses-1/scripts

 mris_sphere -seed 1234 ../surf/rh.inflated ../surf/rh.sphere 

setting seed for random number genererator to 1234
version: 7.3.2
available threads: 16
reading original vertex positions...
projecting onto sphere...
surface projected - minimizing metric distortion...
scaling brain by 0.265...
MRISunfold() max_passes = 1 -------
tol=5.0e-01, sigma=0.0, host=dna05, nav=1024, nbrs=2, l_area=1.000, l_dist=1.000
using quadratic fit line minimization
complete_dist_mat 0
rms 0
smooth_averages 0
remove_neg 0
ico_order 0
which_surface 0
target_radius 0.000000
nfields 0
scale 1.000000
desired_rms_height -1.000000
momentum 0.900000
nbhd_size 7
max_nbrs 8
niterations 25
nsurfaces 0
SURFACES 3
flags 0 (0)
use curv 0
no sulc 0
no rigid align 0
mris->nsize 2
mris->hemisphere 1
randomSeed 1234

singular matrix in quadratic form
singular matrix in quadratic form
singular matrix in quadratic form
singular matrix in quadratic form
singular matrix in quadratic form
--------------------
  mrisRemoveNegativeArea()
pass 1: epoch 1 of 3 starting distance error %19.25
pass 1: epoch 2 of 3 starting distance error %19.25
unfolding complete - removing small folds...
starting distance error %19.24
removing remaining folds...
final distance error %19.25
MRISunfold() return, current seed 1234
-01: dt=0.0000,  25 negative triangles  VmPeak 1826320
182: dt=0.9900,  25 negative triangles
183: dt=0.9900,  19 negative triangles
184: dt=0.9900,   5 negative triangles
185: dt=0.9900,   7 negative triangles
186: dt=0.9900,   4 negative triangles
187: dt=0.9900,   5 negative triangles
188: dt=0.9900,   4 negative triangles
189: dt=0.9900,   6 negative triangles
190: dt=0.9900,   2 negative triangles
191: dt=0.9900,   4 negative triangles
192: dt=0.9900,   2 negative triangles
193: dt=0.9900,   3 negative triangles
194: dt=0.9900,   1 negative triangles
195: dt=0.9900,   1 negative triangles
196: dt=0.9900,   3 negative triangles
197: dt=0.9900,   1 negative triangles
198: dt=0.9900,   1 negative triangles
199: dt=0.9900,   1 negative triangles
200: dt=0.9900,   1 negative triangles
201: dt=0.9900,   1 negative triangles
writing spherical brain to ../surf/rh.sphere
spherical transformation took 0.0790 hours
FSRUNTIME@ mris_sphere  0.0790 hours 16 threads
#VMPC# mris_sphere VmPeak  1826320
mris_sphere done
#--------------------------------------------
#@# Surf Reg rh Thu Mar 12 00:07:45 CET 2026
/out/sourcedata/freesurfer/sub-v1s2x0051489_ses-1/scripts

 mris_register -curv ../surf/rh.sphere /opt/freesurfer/average/rh.folding.atlas.acfb40.noaparc.i12.2016-08-02.tif ../surf/rh.sphere.reg 

using smoothwm curvature for final alignment

cwd /out/sourcedata/freesurfer/sub-v1s2x0051489_ses-1/scripts
cmdline mris_register -curv ../surf/rh.sphere /opt/freesurfer/average/rh.folding.atlas.acfb40.noaparc.i12.2016-08-02.tif ../surf/rh.sphere.reg 

0 inflated.H
1 sulc
2 smoothwm (computed)
7.3.2
  7.3.2
reading surface from ../surf/rh.sphere...
reading template parameterization from /opt/freesurfer/average/rh.folding.atlas.acfb40.noaparc.i12.2016-08-02.tif...
MRISregister() -------
max_passes = 4 
min_degrees = 0.500000 
max_degrees = 64.000000 
nangles = 8 
tol=5.0e-01, sigma=0.0, host=dna05, nav=1024, nbrs=1, l_extern=10000.000, l_parea=0.200, l_nlarea=1.000, l_corr=1.000, l_dist=5.000
using quadratic fit line minimization
complete_dist_mat 0
rms 0
smooth_averages 0
remove_neg 0
ico_order 0
which_surface 0
target_radius 0.000000
nfields 0
scale 0.000000
desired_rms_height -1.000000
momentum 0.950000
nbhd_size -10
max_nbrs 10
niterations 25
nsurfaces 0
SURFACES 3
flags 16 (10)
use curv 16
no sulc 0
no rigid align 0
mris->nsize 1
mris->hemisphere 1
randomSeed 0

tol=5.0e-01, sigma=0.0, host=dna05, nav=1024, nbrs=1, l_extern=10000.000, l_parea=0.200, l_nlarea=1.000, l_corr=1.000, l_dist=5.000
using quadratic fit line minimization
--------------------
1 Reading rh.sulc
tol=1.0e+00, sigma=0.5, host=dna05, nav=1024, nbrs=1, l_extern=10000.000, l_parea=0.200, l_nlarea=1.000, l_corr=0.050, l_spring=0.500, l_dist=5.000
using quadratic fit line minimization
curvature mean = -0.000, std = 5.451
curvature mean = 0.019, std = 0.810
curvature mean = 0.021, std = 0.846
Starting MRISrigidBodyAlignGlobal()
Starting new MRISrigidBodyAlignGlobal_findMinSSE()
  new MRISrigidBodyAlignGlobal_findMinSSE min @ (10.50, -6.50, 0.00) sse = 358929.1, elapsed since starting=0.1401 min
MRISrigidBodyAlignGlobal() done   0.14 min
curvature mean = -0.014, std = 0.817
curvature mean = 0.008, std = 0.942
curvature mean = -0.021, std = 0.820
curvature mean = 0.003, std = 0.978
curvature mean = -0.022, std = 0.821
curvature mean = 0.000, std = 0.992
2 Reading smoothwm
curvature mean = -0.022, std = 0.248
curvature mean = 0.031, std = 0.240
curvature mean = 0.055, std = 0.394
curvature mean = 0.028, std = 0.297
curvature mean = 0.024, std = 0.607
curvature mean = 0.028, std = 0.324
curvature mean = 0.012, std = 0.751
curvature mean = 0.027, std = 0.335
curvature mean = 0.004, std = 0.850
MRISregister() return, current seed 0
-01: dt=0.0000,   1 negative triangles  VmPeak 1631640
114: dt=0.9900,   1 negative triangles
writing registered surface to ../surf/rh.sphere.reg...
registration took 0.09 hours
#VMPC# mris_register VmPeak  1631640
FSRUNTIME@ mris_register  0.0923 hours 16 threads

 ln -sf rh.sphere.reg rh.fsaverage.sphere.reg 

#--------------------------------------------
#@# Jacobian white rh Thu Mar 12 00:13:18 CET 2026
/out/sourcedata/freesurfer/sub-v1s2x0051489_ses-1/scripts

 mris_jacobian ../surf/rh.white.preaparc ../surf/rh.sphere.reg ../surf/rh.jacobian_white 

reading surface from ../surf/rh.white.preaparc...
writing curvature file ../surf/rh.jacobian_white
#--------------------------------------------
#@# AvgCurv rh Thu Mar 12 00:13:19 CET 2026
/out/sourcedata/freesurfer/sub-v1s2x0051489_ses-1/scripts

 mrisp_paint -a 5 /opt/freesurfer/average/rh.folding.atlas.acfb40.noaparc.i12.2016-08-02.tif#6 ../surf/rh.sphere.reg ../surf/rh.avg_curv 

averaging curvature patterns 5 times...
reading surface from ../surf/rh.sphere.reg...
reading template parameterization from /opt/freesurfer/average/rh.folding.atlas.acfb40.noaparc.i12.2016-08-02.tif...
writing curvature file to ../surf/rh.avg_curv...
#-----------------------------------------
#@# Cortical Parc rh Thu Mar 12 00:13:20 CET 2026
/out/sourcedata/freesurfer/sub-v1s2x0051489_ses-1/scripts

 mris_ca_label -l ../label/rh.cortex.label -aseg ../mri/aseg.presurf.mgz -seed 1234 sub-v1s2x0051489_ses-1 rh ../surf/rh.sphere.reg /opt/freesurfer/average/rh.DKaparc.atlas.acfb40.noaparc.i12.2016-08-02.gcs ../label/rh.aparc.annot 

setting seed for random number generator to 1234
using ../mri/aseg.presurf.mgz aseg volume to correct midline
7.3.2
  7.3.2
reading atlas from /opt/freesurfer/average/rh.DKaparc.atlas.acfb40.noaparc.i12.2016-08-02.gcs...
reading color table from GCSA file....
average std = 0.7   using min determinant for regularization = 0.004
0 singular and 309 ill-conditioned covariance matrices regularized
input 0: MEAN CURVATURE, flags 0, avgs 5, name mean_curvature
labeling surface...
2095 labels changed using aseg
relabeling using gibbs priors...
000:   3229 changed, 159592 examined...
001:    741 changed, 13555 examined...
002:    165 changed, 4182 examined...
003:     60 changed, 1053 examined...
004:     26 changed, 373 examined...
005:      8 changed, 162 examined...
006:      4 changed, 50 examined...
007:      1 changed, 25 examined...
008:      0 changed, 7 examined...
174 labels changed using aseg
000: 103 total segments, 66 labels (350 vertices) changed
001: 39 total segments, 2 labels (3 vertices) changed
002: 37 total segments, 0 labels (0 vertices) changed
10 filter iterations complete (10 requested, 1 changed)
rationalizing unknown annotations with cortex label
relabeling unknown label...
relabeling corpuscallosum label...
1359 vertices marked for relabeling...
1359 labels changed in reclassification.
writing output to ../label/rh.aparc.annot...
classification took 0 minutes and 11 seconds.
#--------------------------------------------
#@# WhiteSurfs rh Thu Mar 12 00:13:31 CET 2026
cd /out/sourcedata/freesurfer/sub-v1s2x0051489_ses-1/mri
mris_place_surface --adgws-in ../surf/autodet.gw.stats.rh.dat --seg aseg.presurf.mgz --threads 16 --wm wm.mgz --invol brain.finalsurfs.mgz --rh --i ../surf/rh.white.preaparc --o ../surf/rh.white --white --nsmooth 0 --rip-label ../label/rh.cortex.label --rip-bg --rip-surf ../surf/rh.white.preaparc --aparc ../label/rh.aparc.annot
7.3.2
7.3.2

cd /out/sourcedata/freesurfer/sub-v1s2x0051489_ses-1/mri
setenv SUBJECTS_DIR /out/sourcedata/freesurfer
mris_place_surface --adgws-in ../surf/autodet.gw.stats.rh.dat --seg aseg.presurf.mgz --threads 16 --wm wm.mgz --invol brain.finalsurfs.mgz --rh --i ../surf/rh.white.preaparc --o ../surf/rh.white --white --nsmooth 0 --rip-label ../label/rh.cortex.label --rip-bg --rip-surf ../surf/rh.white.preaparc --aparc ../label/rh.aparc.annot 

Reading in input surface ../surf/rh.white.preaparc
Not smoothing input surface
Area    319180  0.31342  0.10439 0.001560   1.6501
Corner  957540 60.00000 13.59088 0.473435 178.8614
Edge    478770  0.85979  0.17668 0.030862   3.3629
Hinge   478770  9.02395  9.87596 0.000001 179.8975
Reading in aparc ../label/rh.aparc.annot
Reading in input volume brain.finalsurfs.mgz
Reading in wm volume wm.mgz
MRIclipBrightWM(): nthresh=22629, wmmin=5, clip=110 
MRIfindBrightNonWM(): 71 bright non-wm voxels segmented.
Masking bright non-wm for white surface
MRImask(): AllowDiffGeom = 1
MRImask(): AllowDiffGeom = 1
Reading in seg volume aseg.presurf.mgz
Ripping frozen voxels
Ripping vertices not in label ../label/rh.cortex.label
MRISripNotLabel() ripped 9540/159592 vertices (150052 unripped)
Reading in ripping surface ../surf/rh.white.preaparc
Reading in aparc ../label/rh.aparc.annot for ripsurf
Ripping BG
MRISripBasalGanglia(): 1 -2 2 0.5 ripped 282
Ripping segs (eg, WMSA, BG, frozen)
Starting MRISripSegs() d = (-2 2 0.5) segnos: 247 
MRISripSegs(): -2 2 0.5 ripped 0
vertex 79796: xyz = (58.4266,-4.83732,45.056) oxyz = (58.4266,-4.83732,45.056) wxzy = (58.4266,-4.83732,45.056) pxyz = (0,0,0) 
CBVO Creating mask 159592
n_averages 4
Iteration 0 =========================================
n_averages=4, current_sigma=2
Computing target border values 
Entering MRIScomputeBorderValues_new(): 
  inside_hi   = 120.0000000;
  border_hi   = 112.1443480;
  border_low  =  86.0000000;
  outside_low =  74.7395940;
  outside_hi  = 112.1443480;
  sigma = 2;
  max_thickness = 10;
  step_size=0.5;
  STEP_SIZE=0.1;
  which = 1
  thresh = 0
  flags = 0
  CBVfindFirstPeakD1=0
  CBVfindFirstPeakD2=0
  nvertices=159592
  Gdiag_no=-1
  vno start=0, stop=159592
Replacing 255s with 0s
#SI# sigma=2 had to be increased for 65 vertices, nripped=9822
mean border=93.9, 57 (57) missing vertices, mean dist 0.5 [1.0 (%17.6)->0.8 (%82.4))]
%51 local maxima, %43 large gradients and % 0 min vals, 0 gradients ignored
nFirstPeakD1 0
MRIScomputeBorderValues_new() finished in 0.0182 min


Finding expansion regions
mean absolute distance = 0.81 +- 1.02
2918 vertices more than 2 sigmas from mean.
Averaging target values for 5 iterations...
Positioning Surface: tspring = 0.3, nspring = 0.3, spring = 0, niters = 100 l_repulse = 5, l_surf_repulse = 0, checktol = 0
Positioning pial surface
Entering MRISpositionSurface()
  max_mm = 0.3
  MAX_REDUCTIONS = 2, REDUCTION_PCT = 0.5
  parms->check_tol = 0, niterations = 100
tol=1.0e-04, sigma=2.0, host=dna05, nav=4, nbrs=2, l_repulse=5.000, l_tspring=0.300, l_nspring=0.300, l_intensity=0.200, l_curv=1.000
mom=0.00, dt=0.50
complete_dist_mat 0
rms 0
smooth_averages 0
remove_neg 0
ico_order 0
which_surface 0
target_radius 0.000000
nfields 0
scale 0.000000
desired_rms_height 0.000000
momentum 0.000000
nbhd_size 0
max_nbrs 0
niterations 100
nsurfaces 0
SURFACES 3
flags 0 (0)
use curv 0
no sulc 0
no rigid align 0
mris->nsize 2
mris->hemisphere 1
randomSeed 0

000: dt: 0.0000, sse=1078126.8, rms=5.343
001: dt: 0.5000, sse=542749.6, rms=3.346 (37.383%)
002: dt: 0.5000, sse=349341.8, rms=2.191 (34.526%)
003: dt: 0.5000, sse=284292.0, rms=1.627 (25.720%)
004: dt: 0.5000, sse=259721.2, rms=1.343 (17.451%)
005: dt: 0.5000, sse=249088.5, rms=1.198 (10.798%)
006: dt: 0.5000, sse=245776.4, rms=1.111 (7.296%)
rms = 1.0742/1.1108, sse=242249.0/245776.4, time step reduction 1 of 3 to 0.250  0 0 1
007: dt: 0.5000, sse=242249.0, rms=1.074 (3.291%)
008: dt: 0.2500, sse=231942.9, rms=0.878 (18.227%)
rms = 0.8489/0.8784, sse=230465.1/231942.9, time step reduction 2 of 3 to 0.125  0 0 1
009: dt: 0.2500, sse=230465.1, rms=0.849 (3.355%)
rms = 0.8392/0.8489, sse=230286.0/230465.1, time step reduction 3 of 3 to 0.062  0 0 1
010: dt: 0.1250, sse=230286.0, rms=0.839 (1.143%)
  maximum number of reductions reached, breaking from loop
positioning took 1.1 minutes
Iteration 1 =========================================
n_averages=2, current_sigma=1
Computing target border values 
Entering MRIScomputeBorderValues_new(): 
  inside_hi   = 120.0000000;
  border_hi   = 112.1443480;
  border_low  =  86.0000000;
  outside_low =  74.7395940;
  outside_hi  = 112.1443480;
  sigma = 1;
  max_thickness = 10;
  step_size=0.5;
  STEP_SIZE=0.1;
  which = 1
  thresh = 0
  flags = 0
  CBVfindFirstPeakD1=0
  CBVfindFirstPeakD2=0
  nvertices=159592
  Gdiag_no=-1
  vno start=0, stop=159592
Replacing 255s with 0s
#SI# sigma=1 had to be increased for 42 vertices, nripped=9822
mean border=95.2, 37 (12) missing vertices, mean dist -0.3 [0.6 (%60.0)->0.2 (%40.0))]
%61 local maxima, %33 large gradients and % 0 min vals, 0 gradients ignored
nFirstPeakD1 0
MRIScomputeBorderValues_new() finished in 0.0123 min


Finding expansion regions
mean absolute distance = 0.46 +- 0.83
4042 vertices more than 2 sigmas from mean.
Averaging target values for 5 iterations...
Positioning Surface: tspring = 0.3, nspring = 0.3, spring = 0, niters = 100 l_repulse = 5, l_surf_repulse = 0, checktol = 0
Positioning pial surface
Entering MRISpositionSurface()
  max_mm = 0.3
  MAX_REDUCTIONS = 2, REDUCTION_PCT = 0.5
  parms->check_tol = 0, niterations = 100
tol=1.0e-04, sigma=1.0, host=dna05, nav=2, nbrs=2, l_repulse=5.000, l_tspring=0.300, l_nspring=0.300, l_intensity=0.200, l_curv=1.000
mom=0.00, dt=0.50
000: dt: 0.0000, sse=448616.4, rms=2.721
011: dt: 0.5000, sse=323165.7, rms=1.772 (34.878%)
012: dt: 0.5000, sse=281822.2, rms=1.360 (23.243%)
013: dt: 0.5000, sse=264934.6, rms=1.135 (16.566%)
014: dt: 0.5000, sse=254041.9, rms=0.977 (13.900%)
015: dt: 0.5000, sse=250812.8, rms=0.917 (6.104%)
rms = 0.8933/0.9173, sse=251321.2/250812.8, time step reduction 1 of 3 to 0.250  0 1 1
016: dt: 0.5000, sse=251321.2, rms=0.893 (2.612%)
017: dt: 0.2500, sse=244918.2, rms=0.735 (17.665%)
rms = 0.7209/0.7355, sse=244005.0/244918.2, time step reduction 2 of 3 to 0.125  0 0 1
018: dt: 0.2500, sse=244005.0, rms=0.721 (1.982%)
rms = 0.7165/0.7209, sse=243149.6/244005.0, time step reduction 3 of 3 to 0.062  0 0 1
019: dt: 0.1250, sse=243149.6, rms=0.717 (0.611%)
  maximum number of reductions reached, breaking from loop
positioning took 0.9 minutes
Iteration 2 =========================================
n_averages=1, current_sigma=0.5
Computing target border values 
Entering MRIScomputeBorderValues_new(): 
  inside_hi   = 120.0000000;
  border_hi   = 112.1443480;
  border_low  =  86.0000000;
  outside_low =  74.7395940;
  outside_hi  = 112.1443480;
  sigma = 0.5;
  max_thickness = 10;
  step_size=0.5;
  STEP_SIZE=0.1;
  which = 1
  thresh = 0
  flags = 0
  CBVfindFirstPeakD1=0
  CBVfindFirstPeakD2=0
  nvertices=159592
  Gdiag_no=-1
  vno start=0, stop=159592
Replacing 255s with 0s
#SI# sigma=0.5 had to be increased for 90 vertices, nripped=9822
mean border=97.2, 41 (5) missing vertices, mean dist -0.3 [0.5 (%71.7)->0.2 (%28.3))]
%77 local maxima, %17 large gradients and % 0 min vals, 0 gradients ignored
nFirstPeakD1 0
MRIScomputeBorderValues_new() finished in 0.0069 min


Finding expansion regions
mean absolute distance = 0.42 +- 0.60
5711 vertices more than 2 sigmas from mean.
Averaging target values for 5 iterations...
Positioning Surface: tspring = 0.3, nspring = 0.3, spring = 0, niters = 100 l_repulse = 5, l_surf_repulse = 0, checktol = 0
Positioning pial surface
Entering MRISpositionSurface()
  max_mm = 0.3
  MAX_REDUCTIONS = 2, REDUCTION_PCT = 0.5
  parms->check_tol = 0, niterations = 100
tol=1.0e-04, sigma=0.5, host=dna05, nav=1, nbrs=2, l_repulse=5.000, l_tspring=0.300, l_nspring=0.300, l_intensity=0.200, l_curv=1.000
mom=0.00, dt=0.50
000: dt: 0.0000, sse=459976.9, rms=2.832
020: dt: 0.5000, sse=302859.5, rms=1.638 (42.157%)
021: dt: 0.5000, sse=264391.0, rms=1.105 (32.530%)
022: dt: 0.5000, sse=251133.8, rms=0.893 (19.177%)
023: dt: 0.5000, sse=250194.7, rms=0.818 (8.395%)
rms = 0.8372/0.8183, sse=251810.0/250194.7, time step reduction 1 of 3 to 0.250  0 1 1
   RMS increased, rejecting step
024: dt: 0.2500, sse=245328.8, rms=0.721 (11.883%)
rms = 0.6811/0.7211, sse=244357.5/245328.8, time step reduction 2 of 3 to 0.125  0 0 1
025: dt: 0.2500, sse=244357.5, rms=0.681 (5.543%)
rms = 0.6738/0.6811, sse=244298.9/244357.5, time step reduction 3 of 3 to 0.062  0 0 1
026: dt: 0.1250, sse=244298.9, rms=0.674 (1.082%)
  maximum number of reductions reached, breaking from loop
positioning took 0.8 minutes
Iteration 3 =========================================
n_averages=0, current_sigma=0.25
Computing target border values 
Entering MRIScomputeBorderValues_new(): 
  inside_hi   = 120.0000000;
  border_hi   = 112.1443480;
  border_low  =  86.0000000;
  outside_low =  74.7395940;
  outside_hi  = 112.1443480;
  sigma = 0.25;
  max_thickness = 10;
  step_size=0.5;
  STEP_SIZE=0.1;
  which = 1
  thresh = 0
  flags = 0
  CBVfindFirstPeakD1=0
  CBVfindFirstPeakD2=0
  nvertices=159592
  Gdiag_no=-1
  vno start=0, stop=159592
Replacing 255s with 0s
#SI# sigma=0.25 had to be increased for 275 vertices, nripped=9822
mean border=97.8, 42 (4) missing vertices, mean dist -0.1 [0.3 (%61.1)->0.2 (%38.9))]
%83 local maxima, %11 large gradients and % 0 min vals, 0 gradients ignored
nFirstPeakD1 0
MRIScomputeBorderValues_new() finished in 0.0044 min


Finding expansion regions
mean absolute distance = 0.28 +- 0.42
5165 vertices more than 2 sigmas from mean.
Averaging target values for 5 iterations...
Positioning Surface: tspring = 0.3, nspring = 0.3, spring = 0, niters = 100 l_repulse = 5, l_surf_repulse = 0, checktol = 0
Positioning pial surface
Entering MRISpositionSurface()
  max_mm = 0.3
  MAX_REDUCTIONS = 2, REDUCTION_PCT = 0.5
  parms->check_tol = 0, niterations = 100
tol=1.0e-04, sigma=0.2, host=dna05, nav=0, nbrs=2, l_repulse=5.000, l_tspring=0.300, l_nspring=0.300, l_intensity=0.200, l_curv=1.000
mom=0.00, dt=0.50
000: dt: 0.0000, sse=270531.7, rms=1.248
027: dt: 0.5000, sse=252620.6, rms=0.650 (47.916%)
rms = 0.6711/0.6498, sse=252075.0/252620.6, time step reduction 1 of 3 to 0.250  0 0 1
   RMS increased, rejecting step
028: dt: 0.2500, sse=245887.8, rms=0.591 (9.089%)
rms = 0.5623/0.5908, sse=258372.1/245887.8, time step reduction 2 of 3 to 0.125  0 1 1
029: dt: 0.2500, sse=258372.1, rms=0.562 (4.820%)
rms = 0.5538/0.5623, sse=244166.0/258372.1, time step reduction 3 of 3 to 0.062  0 0 1
030: dt: 0.1250, sse=244166.0, rms=0.554 (1.508%)
  maximum number of reductions reached, breaking from loop
positioning took 0.5 minutes


Writing output to ../surf/rh.white
#ET# mris_place_surface  3.33 minutes
#VMPC# mris_place_surfaces VmPeak  3270780
mris_place_surface done
#--------------------------------------------
#@# T1PialSurf rh Thu Mar 12 00:16:58 CET 2026
cd /out/sourcedata/freesurfer/sub-v1s2x0051489_ses-1/mri
mris_place_surface --adgws-in ../surf/autodet.gw.stats.rh.dat --seg aseg.presurf.mgz --threads 16 --wm wm.mgz --invol brain.finalsurfs.mgz --rh --i ../surf/rh.white --o ../surf/rh.pial.T1 --pial --nsmooth 0 --rip-label ../label/rh.cortex+hipamyg.label --pin-medial-wall ../label/rh.cortex.label --aparc ../label/rh.aparc.annot --repulse-surf ../surf/rh.white --white-surf ../surf/rh.white
7.3.2
7.3.2

cd /out/sourcedata/freesurfer/sub-v1s2x0051489_ses-1/mri
setenv SUBJECTS_DIR /out/sourcedata/freesurfer
mris_place_surface --adgws-in ../surf/autodet.gw.stats.rh.dat --seg aseg.presurf.mgz --threads 16 --wm wm.mgz --invol brain.finalsurfs.mgz --rh --i ../surf/rh.white --o ../surf/rh.pial.T1 --pial --nsmooth 0 --rip-label ../label/rh.cortex+hipamyg.label --pin-medial-wall ../label/rh.cortex.label --aparc ../label/rh.aparc.annot --repulse-surf ../surf/rh.white --white-surf ../surf/rh.white 

Reading in input surface ../surf/rh.white
Not smoothing input surface
Area    319180  0.31468  0.11721 0.000129   3.0218
Corner  957540 60.00000 15.01284 0.034349 179.4876
Edge    478770  0.86304  0.19621 0.023987   5.0483
Hinge   478770  9.11867 10.17312 0.000027 179.8712
Reading white surface coordinates from ../surf/rh.white
Reading repulsion surface coordinates from ../surf/rh.white
Reading in aparc ../label/rh.aparc.annot
Reading in input volume brain.finalsurfs.mgz
Reading in wm volume wm.mgz
MRIclipBrightWM(): nthresh=22629, wmmin=5, clip=110 
MRIfindBrightNonWM(): 71 bright non-wm voxels segmented.
Masking bright non-wm for pial surface mid_gray = 77.0372
MRImask(): AllowDiffGeom = 1
MRImask(): AllowDiffGeom = 1
MRImask(): AllowDiffGeom = 1
Reading in seg volume aseg.presurf.mgz
Ripping frozen voxels
Ripping vertices not in label ../label/rh.cortex+hipamyg.label
MRISripNotLabel() ripped 7482/159592 vertices (152110 unripped)
INFO: rip surface needed but not specified, so using input surface
Ripping segs (eg, WMSA, BG, frozen)
Starting MRISripSegs() d = (-2 2 0.5) segnos: 247 
MRISripSegs(): -2 2 0.5 ripped 0
vertex 79796: xyz = (58.5985,-4.86666,44.9874) oxyz = (58.5985,-4.86666,44.9874) wxzy = (58.5985,-4.86666,44.9874) pxyz = (58.5985,-4.86666,44.9874) 
CBVO Creating mask 159592
n_averages 16
Iteration 0 =========================================
n_averages=16, current_sigma=2
Computing target border values 
Entering MRIScomputeBorderValues_new(): 
  inside_hi   = 101.8556520;
  border_hi   =  74.7395940;
  border_low  =  52.2187920;
  outside_low =  10.0000000;
  outside_hi  =  69.1093900;
  sigma = 2;
  max_thickness = 10;
  step_size=0.5;
  STEP_SIZE=0.1;
  which = 2
  thresh = 0
  flags = 0
  CBVfindFirstPeakD1=0
  CBVfindFirstPeakD2=0
  nvertices=159592
  Gdiag_no=-1
  vno start=0, stop=159592
Replacing 255s with 0s
#SI# sigma=2 had to be increased for 69 vertices, nripped=7482
mean border=72.9, 82 (82) missing vertices, mean dist 1.6 [1.0 (%0.0)->2.8 (%100.0))]
%19 local maxima, %37 large gradients and %40 min vals, 0 gradients ignored
nFirstPeakD1 0
MRIScomputeBorderValues_new() finished in 0.0137 min


Averaging target values for 5 iterations...
Positioning Surface: tspring = 0.3, nspring = 0.3, spring = 0, niters = 100 l_repulse = 0, l_surf_repulse = 5, checktol = 0
Positioning pial surface
Entering MRISpositionSurface()
  max_mm = 0.3
  MAX_REDUCTIONS = 2, REDUCTION_PCT = 0.5
  parms->check_tol = 0, niterations = 100
tol=1.0e-04, sigma=2.0, host=dna05, nav=16, nbrs=2, l_surf_repulse=5.000, l_tspring=0.300, l_nspring=0.300, l_intensity=0.200, l_curv=1.000
mom=0.00, dt=0.50
complete_dist_mat 0
rms 0
smooth_averages 0
remove_neg 0
ico_order 0
which_surface 0
target_radius 0.000000
nfields 0
scale 0.000000
desired_rms_height 0.000000
momentum 0.000000
nbhd_size 0
max_nbrs 0
niterations 100
nsurfaces 0
SURFACES 3
flags 0 (0)
use curv 0
no sulc 0
no rigid align 0
mris->nsize 2
mris->hemisphere 1
randomSeed 0

000: dt: 0.0000, sse=20970296.0, rms=26.129
001: dt: 0.5000, sse=16932654.0, rms=23.451 (10.249%)
002: dt: 0.5000, sse=13658415.0, rms=21.030 (10.325%)
003: dt: 0.5000, sse=11114842.0, rms=18.935 (9.959%)
004: dt: 0.5000, sse=9172044.0, rms=17.163 (9.357%)
005: dt: 0.5000, sse=7611453.5, rms=15.594 (9.142%)
006: dt: 0.5000, sse=6147510.5, rms=13.963 (10.463%)
007: dt: 0.5000, sse=4759566.0, rms=12.216 (12.512%)
008: dt: 0.5000, sse=3532224.0, rms=10.430 (14.621%)
009: dt: 0.5000, sse=2527400.0, rms=8.698 (16.600%)
010: dt: 0.5000, sse=1783762.4, rms=7.151 (17.784%)
011: dt: 0.5000, sse=1316372.9, rms=5.977 (16.428%)
012: dt: 0.5000, sse=1049080.1, rms=5.185 (13.246%)
013: dt: 0.5000, sse=910486.2, rms=4.721 (8.950%)
014: dt: 0.5000, sse=833084.2, rms=4.439 (5.973%)
015: dt: 0.5000, sse=797184.8, rms=4.300 (3.122%)
016: dt: 0.5000, sse=772345.8, rms=4.200 (2.323%)
rms = 4.1521/4.2004, sse=760912.5/772345.8, time step reduction 1 of 3 to 0.250  0 0 1
017: dt: 0.5000, sse=760912.6, rms=4.152 (1.151%)
018: dt: 0.2500, sse=529601.1, rms=3.079 (25.847%)
019: dt: 0.2500, sse=487364.0, rms=2.840 (7.750%)
rms = 2.8002/2.8403, sse=480980.5/487364.0, time step reduction 2 of 3 to 0.125  0 0 1
020: dt: 0.2500, sse=480980.5, rms=2.800 (1.412%)
021: dt: 0.1250, sse=438278.8, rms=2.532 (9.591%)
rms = 2.4919/2.5316, sse=432431.7/438278.8, time step reduction 3 of 3 to 0.062  0 0 1
022: dt: 0.1250, sse=432431.7, rms=2.492 (1.568%)
  maximum number of reductions reached, breaking from loop
positioning took 1.9 minutes
Iteration 1 =========================================
n_averages=8, current_sigma=1
Computing target border values 
Entering MRIScomputeBorderValues_new(): 
  inside_hi   = 101.8556520;
  border_hi   =  74.7395940;
  border_low  =  52.2187920;
  outside_low =  10.0000000;
  outside_hi  =  69.1093900;
  sigma = 1;
  max_thickness = 10;
  step_size=0.5;
  STEP_SIZE=0.1;
  which = 2
  thresh = 0
  flags = 0
  CBVfindFirstPeakD1=0
  CBVfindFirstPeakD2=0
  nvertices=159592
  Gdiag_no=-1
  vno start=0, stop=159592
Replacing 255s with 0s
#SI# sigma=1 had to be increased for 13331 vertices, nripped=7482
mean border=72.3, 2193 (8) missing vertices, mean dist 0.1 [0.1 (%48.2)->0.4 (%51.8))]
%30 local maxima, %28 large gradients and %36 min vals, 0 gradients ignored
nFirstPeakD1 0
MRIScomputeBorderValues_new() finished in 0.0038 min


Averaging target values for 5 iterations...
Positioning Surface: tspring = 0.3, nspring = 0.3, spring = 0, niters = 100 l_repulse = 0, l_surf_repulse = 5, checktol = 0
Positioning pial surface
Entering MRISpositionSurface()
  max_mm = 0.3
  MAX_REDUCTIONS = 2, REDUCTION_PCT = 0.5
  parms->check_tol = 0, niterations = 100
tol=1.0e-04, sigma=1.0, host=dna05, nav=8, nbrs=2, l_surf_repulse=5.000, l_tspring=0.300, l_nspring=0.300, l_intensity=0.200, l_curv=1.000
mom=0.00, dt=0.50
000: dt: 0.0000, sse=599375.8, rms=3.229
rms = 3.5323/3.2292, sse=661595.0/599375.8, time step reduction 1 of 3 to 0.250  0 1 1
   RMS increased, rejecting step
023: dt: 0.2500, sse=523945.2, rms=2.817 (12.774%)
024: dt: 0.2500, sse=484539.8, rms=2.574 (8.626%)
rms = 2.5730/2.5737, sse=484332.8/484539.8, time step reduction 2 of 3 to 0.125  0 0 1
025: dt: 0.2500, sse=484332.8, rms=2.573 (0.029%)
026: dt: 0.1250, sse=457191.9, rms=2.389 (7.136%)
rms = 2.3575/2.3894, sse=452742.3/457191.9, time step reduction 3 of 3 to 0.062  0 0 1
027: dt: 0.1250, sse=452742.3, rms=2.358 (1.333%)
  maximum number of reductions reached, breaking from loop
positioning took 0.5 minutes
Iteration 2 =========================================
n_averages=4, current_sigma=0.5
Computing target border values 
Entering MRIScomputeBorderValues_new(): 
  inside_hi   = 101.8556520;
  border_hi   =  74.7395940;
  border_low  =  52.2187920;
  outside_low =  10.0000000;
  outside_hi  =  69.1093900;
  sigma = 0.5;
  max_thickness = 10;
  step_size=0.5;
  STEP_SIZE=0.1;
  which = 2
  thresh = 0
  flags = 0
  CBVfindFirstPeakD1=0
  CBVfindFirstPeakD2=0
  nvertices=159592
  Gdiag_no=-1
  vno start=0, stop=159592
Replacing 255s with 0s
#SI# sigma=0.5 had to be increased for 14582 vertices, nripped=7482
mean border=72.2, 2426 (6) missing vertices, mean dist 0.1 [0.1 (%49.1)->0.3 (%50.9))]
%40 local maxima, %18 large gradients and %36 min vals, 0 gradients ignored
nFirstPeakD1 0
MRIScomputeBorderValues_new() finished in 0.0024 min


Averaging target values for 5 iterations...
Positioning Surface: tspring = 0.3, nspring = 0.3, spring = 0, niters = 100 l_repulse = 0, l_surf_repulse = 5, checktol = 0
Positioning pial surface
Entering MRISpositionSurface()
  max_mm = 0.3
  MAX_REDUCTIONS = 2, REDUCTION_PCT = 0.5
  parms->check_tol = 0, niterations = 100
tol=1.0e-04, sigma=0.5, host=dna05, nav=4, nbrs=2, l_surf_repulse=5.000, l_tspring=0.300, l_nspring=0.300, l_intensity=0.200, l_curv=1.000
mom=0.00, dt=0.50
000: dt: 0.0000, sse=497444.0, rms=2.650
rms = 3.1003/2.6498, sse=575183.3/497444.0, time step reduction 1 of 3 to 0.250  0 1 1
   RMS increased, rejecting step
028: dt: 0.2500, sse=458105.6, rms=2.393 (9.701%)
029: dt: 0.2500, sse=446279.0, rms=2.312 (3.381%)
rms = 2.3632/2.3118, sse=453438.7/446279.0, time step reduction 2 of 3 to 0.125  0 1 1
   RMS increased, rejecting step
rms = 2.2832/2.3118, sse=442371.7/446279.0, time step reduction 3 of 3 to 0.062  0 0 1
030: dt: 0.1250, sse=442371.7, rms=2.283 (1.239%)
  maximum number of reductions reached, breaking from loop
positioning took 0.4 minutes
Iteration 3 =========================================
n_averages=2, current_sigma=0.25
Computing target border values 
Entering MRIScomputeBorderValues_new(): 
  inside_hi   = 101.8556520;
  border_hi   =  74.7395940;
  border_low  =  52.2187920;
  outside_low =  10.0000000;
  outside_hi  =  69.1093900;
  sigma = 0.25;
  max_thickness = 10;
  step_size=0.5;
  STEP_SIZE=0.1;
  which = 2
  thresh = 0
  flags = 0
  CBVfindFirstPeakD1=0
  CBVfindFirstPeakD2=0
  nvertices=159592
  Gdiag_no=-1
  vno start=0, stop=159592
Replacing 255s with 0s
#SI# sigma=0.25 had to be increased for 12543 vertices, nripped=7482
mean border=71.9, 5289 (5) missing vertices, mean dist 0.0 [0.1 (%49.3)->0.3 (%50.7))]
%42 local maxima, %15 large gradients and %35 min vals, 0 gradients ignored
nFirstPeakD1 0
MRIScomputeBorderValues_new() finished in 0.0016 min


Averaging target values for 5 iterations...
Positioning Surface: tspring = 0.3, nspring = 0.3, spring = 0, niters = 100 l_repulse = 0, l_surf_repulse = 5, checktol = 0
Positioning pial surface
Entering MRISpositionSurface()
  max_mm = 0.3
  MAX_REDUCTIONS = 2, REDUCTION_PCT = 0.5
  parms->check_tol = 0, niterations = 100
tol=1.0e-04, sigma=0.2, host=dna05, nav=2, nbrs=2, l_surf_repulse=5.000, l_tspring=0.300, l_nspring=0.300, l_intensity=0.200, l_curv=1.000
mom=0.00, dt=0.50
000: dt: 0.0000, sse=453235.5, rms=2.364
rms = 2.8310/2.3636, sse=525503.0/453235.5, time step reduction 1 of 3 to 0.250  0 1 1
   RMS increased, rejecting step
031: dt: 0.2500, sse=436050.6, rms=2.240 (5.233%)
rms = 2.2117/2.2399, sse=431731.0/436050.6, time step reduction 2 of 3 to 0.125  0 0 1
032: dt: 0.2500, sse=431731.0, rms=2.212 (1.262%)
033: dt: 0.1250, sse=424442.2, rms=2.155 (2.556%)
rms = 2.1269/2.1551, sse=420658.9/424442.2, time step reduction 3 of 3 to 0.062  0 0 1
034: dt: 0.1250, sse=420658.9, rms=2.127 (1.312%)
  maximum number of reductions reached, breaking from loop
positioning took 0.4 minutes
Pinning medial wall to white surface
removing intersecting faces
000: 6 intersecting
001: 5 intersecting
step 1 with no progress (num=8, old_num=5)
002: 8 intersecting
terminating search with 0 intersecting


Writing output to ../surf/rh.pial.T1
#ET# mris_place_surface  3.41 minutes
#VMPC# mris_place_surfaces VmPeak  2490044
mris_place_surface done
#@# white curv rh Thu Mar 12 00:20:29 CET 2026
cd /out/sourcedata/freesurfer/sub-v1s2x0051489_ses-1/mri
mris_place_surface --curv-map ../surf/rh.white 2 10 ../surf/rh.curv
insurf  ../surf/rh.white, nbrs 2, curvature_avgs 10
writing curvature file ../surf/rh.curv
#@# white area rh Thu Mar 12 00:20:31 CET 2026
cd /out/sourcedata/freesurfer/sub-v1s2x0051489_ses-1/mri
mris_place_surface --area-map ../surf/rh.white ../surf/rh.area
writing curvature file ../surf/rh.area
#@# pial curv rh Thu Mar 12 00:20:32 CET 2026
cd /out/sourcedata/freesurfer/sub-v1s2x0051489_ses-1/mri
mris_place_surface --curv-map ../surf/rh.pial 2 10 ../surf/rh.curv.pial
insurf  ../surf/rh.pial, nbrs 2, curvature_avgs 10
writing curvature file ../surf/rh.curv.pial
#@# pial area rh Thu Mar 12 00:20:34 CET 2026
cd /out/sourcedata/freesurfer/sub-v1s2x0051489_ses-1/mri
mris_place_surface --area-map ../surf/rh.pial ../surf/rh.area.pial
writing curvature file ../surf/rh.area.pial
#@# thickness rh Thu Mar 12 00:20:36 CET 2026
cd /out/sourcedata/freesurfer/sub-v1s2x0051489_ses-1/mri
mris_place_surface --thickness ../surf/rh.white ../surf/rh.pial 20 5 ../surf/rh.thickness
0 of 159592 vertices processed
25000 of 159592 vertices processed
50000 of 159592 vertices processed
75000 of 159592 vertices processed
100000 of 159592 vertices processed
125000 of 159592 vertices processed
150000 of 159592 vertices processed
0 of 159592 vertices processed
25000 of 159592 vertices processed
50000 of 159592 vertices processed
75000 of 159592 vertices processed
100000 of 159592 vertices processed
125000 of 159592 vertices processed
150000 of 159592 vertices processed
thickness calculation complete, 154:638 truncations.
89311 vertices at 0 distance
137212 vertices at 1 distance
60273 vertices at 2 distance
20868 vertices at 3 distance
7560 vertices at 4 distance
2579 vertices at 5 distance
823 vertices at 6 distance
264 vertices at 7 distance
88 vertices at 8 distance
48 vertices at 9 distance
28 vertices at 10 distance
22 vertices at 11 distance
17 vertices at 12 distance
18 vertices at 13 distance
17 vertices at 14 distance
10 vertices at 15 distance
10 vertices at 16 distance
5 vertices at 17 distance
8 vertices at 18 distance
10 vertices at 19 distance
13 vertices at 20 distance
writing curvature file ../surf/rh.thickness
#@# area and vertex vol rh Thu Mar 12 00:21:10 CET 2026
cd /out/sourcedata/freesurfer/sub-v1s2x0051489_ses-1/mri
mris_place_surface --thickness ../surf/rh.white ../surf/rh.pial 20 5 ../surf/rh.thickness
/out/sourcedata/freesurfer/sub-v1s2x0051489_ses-1/surf
mris_calc -o rh.area.mid rh.area add rh.area.pial
Saving result to 'rh.area.mid' (type = MRI_CURV_FILE)                       [ ok ]
mris_calc -o rh.area.mid rh.area.mid div 2
Saving result to 'rh.area.mid' (type = MRI_CURV_FILE)                       [ ok ]
mris_convert --volume sub-v1s2x0051489_ses-1 rh /out/sourcedata/freesurfer/sub-v1s2x0051489_ses-1/surf/rh.volume
masking with /out/sourcedata/freesurfer/sub-v1s2x0051489_ses-1/label/rh.cortex.label
Total face volume 243562
Total vertex volume 243315 (mask=0)
#@# sub-v1s2x0051489_ses-1 rh 243315
 
vertexvol Done

#-----------------------------------------
#@# Curvature Stats rh Thu Mar 12 00:21:12 CET 2026
/out/sourcedata/freesurfer/sub-v1s2x0051489_ses-1/surf

 mris_curvature_stats -m --writeCurvatureFiles -G -o ../stats/rh.curv.stats -F smoothwm sub-v1s2x0051489_ses-1 rh curv sulc 

             Toggling save flag on curvature files                       [ ok ]
                 Outputting results using filestem   [ ../stats/rh.curv.stats ]
             Toggling save flag on curvature files                       [ ok ]
                                   Setting surface [ sub-v1s2x0051489_ses-1/rh.smoothwm ]
                                Reading surface...                       [ ok ]
                                   Setting texture                     [ curv ]
                                Reading texture...                       [ ok ]
                                   Setting texture                     [ sulc ]
                                Reading texture...Gb_filter = 0
                       [ ok ]
      Calculating Discrete Principal Curvatures...
      Determining geometric order for vno faces... [####################] [ ok ]
                      Determining KH curvatures... [####################] [ ok ]
                    Determining k1k2 curvatures... [####################] [ ok ]
                                   deltaViolations                      [ 256 ]
Gb_filter = 0

WARN:    S lookup   min:                          -0.055382
WARN:    S explicit min:                          0.000000	vertex = 50
#-----------------------------------------
#@# Cortical Parc 2 rh Thu Mar 12 00:21:15 CET 2026
/out/sourcedata/freesurfer/sub-v1s2x0051489_ses-1/scripts

 mris_ca_label -l ../label/rh.cortex.label -aseg ../mri/aseg.presurf.mgz -seed 1234 sub-v1s2x0051489_ses-1 rh ../surf/rh.sphere.reg /opt/freesurfer/average/rh.CDaparc.atlas.acfb40.noaparc.i12.2016-08-02.gcs ../label/rh.aparc.a2009s.annot 

setting seed for random number generator to 1234
using ../mri/aseg.presurf.mgz aseg volume to correct midline
7.3.2
  7.3.2
reading atlas from /opt/freesurfer/average/rh.CDaparc.atlas.acfb40.noaparc.i12.2016-08-02.gcs...
reading color table from GCSA file....
average std = 1.4   using min determinant for regularization = 0.021
0 singular and 0 ill-conditioned covariance matrices regularized
input 0: MEAN CURVATURE, flags 0, avgs 5, name mean_curvature
labeling surface...
28 labels changed using aseg
relabeling using gibbs priors...
000:  10286 changed, 159592 examined...
001:   2288 changed, 39969 examined...
002:    686 changed, 12162 examined...
003:    330 changed, 3980 examined...
004:    148 changed, 1900 examined...
005:     73 changed, 820 examined...
006:     30 changed, 421 examined...
007:     16 changed, 171 examined...
008:     10 changed, 93 examined...
009:      5 changed, 48 examined...
010:      2 changed, 27 examined...
011:      1 changed, 14 examined...
012:      1 changed, 8 examined...
013:      1 changed, 6 examined...
014:      0 changed, 7 examined...
16 labels changed using aseg
000: 235 total segments, 153 labels (1847 vertices) changed
001: 87 total segments, 5 labels (14 vertices) changed
002: 82 total segments, 0 labels (0 vertices) changed
10 filter iterations complete (10 requested, 39 changed)
rationalizing unknown annotations with cortex label
relabeling Medial_wall label...
1007 vertices marked for relabeling...
1007 labels changed in reclassification.
writing output to ../label/rh.aparc.a2009s.annot...
classification took 0 minutes and 15 seconds.
#-----------------------------------------
#@# Cortical Parc 3 rh Thu Mar 12 00:21:30 CET 2026
/out/sourcedata/freesurfer/sub-v1s2x0051489_ses-1/scripts

 mris_ca_label -l ../label/rh.cortex.label -aseg ../mri/aseg.presurf.mgz -seed 1234 sub-v1s2x0051489_ses-1 rh ../surf/rh.sphere.reg /opt/freesurfer/average/rh.DKTaparc.atlas.acfb40.noaparc.i12.2016-08-02.gcs ../label/rh.aparc.DKTatlas.annot 

setting seed for random number generator to 1234
using ../mri/aseg.presurf.mgz aseg volume to correct midline
7.3.2
  7.3.2
reading atlas from /opt/freesurfer/average/rh.DKTaparc.atlas.acfb40.noaparc.i12.2016-08-02.gcs...
reading color table from GCSA file....
average std = 0.9   using min determinant for regularization = 0.009
0 singular and 325 ill-conditioned covariance matrices regularized
input 0: MEAN CURVATURE, flags 0, avgs 5, name mean_curvature
labeling surface...
2515 labels changed using aseg
relabeling using gibbs priors...
000:   2175 changed, 159592 examined...
001:    513 changed, 10343 examined...
002:    148 changed, 2925 examined...
003:     63 changed, 911 examined...
004:     30 changed, 374 examined...
005:     24 changed, 189 examined...
006:     15 changed, 142 examined...
007:     10 changed, 76 examined...
008:      4 changed, 54 examined...
009:      2 changed, 29 examined...
010:      2 changed, 13 examined...
011:      2 changed, 14 examined...
012:      2 changed, 13 examined...
013:      2 changed, 13 examined...
014:      1 changed, 13 examined...
015:      2 changed, 8 examined...
016:      3 changed, 11 examined...
017:      5 changed, 19 examined...
018:      3 changed, 18 examined...
019:      4 changed, 13 examined...
020:      3 changed, 18 examined...
021:      3 changed, 16 examined...
022:      2 changed, 13 examined...
023:      2 changed, 13 examined...
024:      1 changed, 14 examined...
025:      2 changed, 7 examined...
026:      2 changed, 13 examined...
027:      0 changed, 10 examined...
266 labels changed using aseg
000: 56 total segments, 23 labels (123 vertices) changed
001: 33 total segments, 0 labels (0 vertices) changed
10 filter iterations complete (10 requested, 2 changed)
rationalizing unknown annotations with cortex label
relabeling unknown label...
relabeling corpuscallosum label...
856 vertices marked for relabeling...
856 labels changed in reclassification.
writing output to ../label/rh.aparc.DKTatlas.annot...
classification took 0 minutes and 13 seconds.
#-----------------------------------------
#@# WM/GM Contrast rh Thu Mar 12 00:21:43 CET 2026
/out/sourcedata/freesurfer/sub-v1s2x0051489_ses-1/scripts

 pctsurfcon --s sub-v1s2x0051489_ses-1 --rh-only 

Log file is /out/sourcedata/freesurfer/sub-v1s2x0051489_ses-1/scripts/pctsurfcon.log
Thu Mar 12 00:21:43 CET 2026
setenv SUBJECTS_DIR /out/sourcedata/freesurfer
cd /out/sourcedata/freesurfer/sub-v1s2x0051489_ses-1/scripts
/opt/freesurfer/bin/pctsurfcon
pctsurfcon 7.3.2
Linux dna055 5.14.0-427.37.1.el9_4.x86_64 #1 SMP PREEMPT_DYNAMIC Fri Sep 13 12:41:50 EDT 2024 x86_64 x86_64 x86_64 GNU/Linux
FREESURFER_HOME /opt/freesurfer
mri_vol2surf --mov /out/sourcedata/freesurfer/sub-v1s2x0051489_ses-1/mri/rawavg.mgz --hemi rh --noreshape --interp trilinear --projdist -1 --o /out/sourcedata/freesurfer/sub-v1s2x0051489_ses-1/surf/tmp.pctsurfcon.700523/rh.wm.mgh --regheader sub-v1s2x0051489_ses-1 --cortex
srcvol = /out/sourcedata/freesurfer/sub-v1s2x0051489_ses-1/mri/rawavg.mgz
srcreg unspecified
srcregold = 0
srcwarp unspecified
surf = white
hemi = rh
ProjDist = -1
reshape = 0
interp = trilinear
float2int = round
GetProjMax = 0
INFO: float2int code = 0
Done loading volume
Computing registration from header.
  Using /out/sourcedata/freesurfer/sub-v1s2x0051489_ses-1/mri/orig.mgz as target reference.
-------- original matrix -----------
-1.00000   0.00000   0.00000   0.00001;
 0.00000   0.00000   1.00000   0.00000;
 0.00000  -1.00000   0.00000   0.00000;
 0.00000   0.00000   0.00000   1.00000;
-------- original matrix -----------
Loading label /out/sourcedata/freesurfer/sub-v1s2x0051489_ses-1/label/rh.cortex.label
Reading surface /out/sourcedata/freesurfer/sub-v1s2x0051489_ses-1/surf/rh.white
Done reading source surface
Mapping Source Volume onto Source Subject Surface
Projecting -1 -1 1
 1 -1 -1 -1
using old
Done mapping volume to surface
Number of source voxels hit = 90022
Masking with /out/sourcedata/freesurfer/sub-v1s2x0051489_ses-1/label/rh.cortex.label
Writing to /out/sourcedata/freesurfer/sub-v1s2x0051489_ses-1/surf/tmp.pctsurfcon.700523/rh.wm.mgh
Dim: 159592 1 1
mri_vol2surf --mov /out/sourcedata/freesurfer/sub-v1s2x0051489_ses-1/mri/rawavg.mgz --hemi rh --noreshape --interp trilinear --o /out/sourcedata/freesurfer/sub-v1s2x0051489_ses-1/surf/tmp.pctsurfcon.700523/rh.gm.mgh --projfrac 0.3 --regheader sub-v1s2x0051489_ses-1 --cortex
srcvol = /out/sourcedata/freesurfer/sub-v1s2x0051489_ses-1/mri/rawavg.mgz
srcreg unspecified
srcregold = 0
srcwarp unspecified
surf = white
hemi = rh
ProjFrac = 0.3
thickness = thickness
reshape = 0
interp = trilinear
float2int = round
GetProjMax = 0
INFO: float2int code = 0
Done loading volume
Computing registration from header.
  Using /out/sourcedata/freesurfer/sub-v1s2x0051489_ses-1/mri/orig.mgz as target reference.
-------- original matrix -----------
-1.00000   0.00000   0.00000   0.00001;
 0.00000   0.00000   1.00000   0.00000;
 0.00000  -1.00000   0.00000   0.00000;
 0.00000   0.00000   0.00000   1.00000;
-------- original matrix -----------
Loading label /out/sourcedata/freesurfer/sub-v1s2x0051489_ses-1/label/rh.cortex.label
Reading surface /out/sourcedata/freesurfer/sub-v1s2x0051489_ses-1/surf/rh.white
Done reading source surface
Reading thickness /out/sourcedata/freesurfer/sub-v1s2x0051489_ses-1/surf/rh.thickness
Done
Mapping Source Volume onto Source Subject Surface
Projecting 0.3 0.3 1
 1 0.3 0.3 0.3
using old
Done mapping volume to surface
Number of source voxels hit = 105277
Masking with /out/sourcedata/freesurfer/sub-v1s2x0051489_ses-1/label/rh.cortex.label
Writing to /out/sourcedata/freesurfer/sub-v1s2x0051489_ses-1/surf/tmp.pctsurfcon.700523/rh.gm.mgh
Dim: 159592 1 1
mri_concat /out/sourcedata/freesurfer/sub-v1s2x0051489_ses-1/surf/tmp.pctsurfcon.700523/rh.wm.mgh /out/sourcedata/freesurfer/sub-v1s2x0051489_ses-1/surf/tmp.pctsurfcon.700523/rh.gm.mgh --paired-diff-norm --mul 100 --o /out/sourcedata/freesurfer/sub-v1s2x0051489_ses-1/surf/rh.w-g.pct.mgh
ninputs = 2
Checking inputs
nframestot = 2
Allocing output
Done allocing
Combining pairs
nframes = 1
Multiplying by 100.000000
Writing to /out/sourcedata/freesurfer/sub-v1s2x0051489_ses-1/surf/rh.w-g.pct.mgh
mri_segstats --in /out/sourcedata/freesurfer/sub-v1s2x0051489_ses-1/surf/rh.w-g.pct.mgh --annot sub-v1s2x0051489_ses-1 rh aparc --sum /out/sourcedata/freesurfer/sub-v1s2x0051489_ses-1/stats/rh.w-g.pct.stats --snr

7.3.2
cwd 
cmdline mri_segstats --in /out/sourcedata/freesurfer/sub-v1s2x0051489_ses-1/surf/rh.w-g.pct.mgh --annot sub-v1s2x0051489_ses-1 rh aparc --sum /out/sourcedata/freesurfer/sub-v1s2x0051489_ses-1/stats/rh.w-g.pct.stats --snr 
sysname  Linux
hostname dna055
machine  x86_64
user     oesteban
whitesurfname  white
UseRobust  0
Constructing seg from annotation

Reading annotation /out/sourcedata/freesurfer/sub-v1s2x0051489_ses-1/label/rh.aparc.annot
Seg base 2000
Loading /out/sourcedata/freesurfer/sub-v1s2x0051489_ses-1/surf/rh.w-g.pct.mgh
Vertex Area is 0.629354 mm^3
Generating list of segmentation ids
Found  36 segmentations
Computing statistics for each segmentation

Reporting on  35 segmentations
Using PrintSegStat
mri_segstats done
Cleaning up

Started at Wed Mar 11 23:52:57 CET 2026 
Ended   at Thu Mar 12 00:21:46 CET 2026
#@#%# recon-all-run-time-hours 0.480
recon-all -s sub-v1s2x0051489_ses-1 finished without error at Thu Mar 12 00:21:46 CET 2026



#New# invocation of recon-all 




Thu Mar 12 00:29:51 CET 2026
cd /out/sourcedata/freesurfer/sub-v1s2x0051489_ses-1
setenv SUBJECTS_DIR /out/sourcedata/freesurfer
/opt/freesurfer/bin/recon-all -autorecon-hemi rh -nohyporelabel -rh-only -openmp 16 -subjid sub-v1s2x0051489_ses-1 -sd /out/sourcedata/freesurfer -notessellate -nosmooth1 -noinflate1 -noqsphere -nofix -nowhite -nosmooth2 -noinflate2 -nocurvHK -nocurvstats -nosphere -nosurfreg -nojacobian_white -noavgcurv -nocortparc -nopial -nocortparc2 -nocortparc3 -nopctsurfcon

subjid sub-v1s2x0051489_ses-1
setenv SUBJECTS_DIR /out/sourcedata/freesurfer
FREESURFER_HOME /opt/freesurfer
Actual FREESURFER_HOME /opt/freesurfer
build-stamp.txt: freesurfer-linux-ubuntu22_x86_64-7.3.2-20220804-6354275
Linux dna055 5.14.0-427.37.1.el9_4.x86_64 #1 SMP PREEMPT_DYNAMIC Fri Sep 13 12:41:50 EDT 2024 x86_64 x86_64 x86_64 GNU/Linux
cputime      unlimited
filesize     unlimited
datasize     unlimited
stacksize    8192 kbytes
coredumpsize 0 kbytes
memoryuse    67108864 kbytes
vmemoryuse   unlimited
descriptors  1024 
memorylocked unlimited
maxproc      2061970 
maxlocks     unlimited
maxsignal    2061970 
maxmessage   819200 
maxnice      0 
maxrtprio    0 
maxrttime    unlimited

               total        used        free      shared  buff/cache   available
Mem:           503Gi        51Gi       403Gi       6.9Gi        48Gi       441Gi
Swap:             0B          0B          0B

########################################
program versions used
7.3.2 (freesurfer-linux-ubuntu22_x86_64-7.3.2-20220804-6354275)
7.3.2

ProgramName: lta_convert  ProgramArguments: lta_convert -all-info  ProgramVersion: 7.3.2  TimeStamp: 2026/03/11-23:29:51-GMT  BuildTime: Aug  4 2022 06:17:15  BuildStamp: freesurfer-linux-ubuntu22_x86_64-7.3.2-20220804-6354275  User: oesteban  Machine: dna055  Platform: Linux  PlatformVersion: 5.14.0-427.37.1.el9_4.x86_64  CompilerName: GCC  CompilerVersion: 8.4.0
ProgramName: mri_and  ProgramArguments: mri_and -all-info  ProgramVersion: 7.3.2  TimeStamp: 2026/03/11-23:29:51-GMT  BuildTime: Aug  4 2022 06:17:15  BuildStamp: freesurfer-linux-ubuntu22_x86_64-7.3.2-20220804-6354275  User: oesteban  Machine: dna055  Platform: Linux  PlatformVersion: 5.14.0-427.37.1.el9_4.x86_64  CompilerName: GCC  CompilerVersion: 8.4.0
ProgramName: mri_annotation2label  ProgramArguments: mri_annotation2label -all-info  ProgramVersion: 7.3.2  TimeStamp: 2026/03/11-23:29:51-GMT  BuildTime: Aug  4 2022 06:17:15  BuildStamp: freesurfer-linux-ubuntu22_x86_64-7.3.2-20220804-6354275  User: oesteban  Machine: dna055  Platform: Linux  PlatformVersion: 5.14.0-427.37.1.el9_4.x86_64  CompilerName: GCC  CompilerVersion: 8.4.0
ProgramName: mri_aparc2aseg  ProgramArguments: mri_aparc2aseg -all-info  ProgramVersion: 7.3.2  TimeStamp: 2026/03/11-23:29:51-GMT  BuildTime: Aug  4 2022 06:17:15  BuildStamp: freesurfer-linux-ubuntu22_x86_64-7.3.2-20220804-6354275  User: oesteban  Machine: dna055  Platform: Linux  PlatformVersion: 5.14.0-427.37.1.el9_4.x86_64  CompilerName: GCC  CompilerVersion: 8.4.0
ProgramName: mri_surf2volseg  ProgramArguments: mri_surf2volseg -all-info  ProgramVersion: 7.3.2  TimeStamp: 2026/03/11-23:29:51-GMT  BuildTime: Aug  4 2022 06:17:15  BuildStamp: freesurfer-linux-ubuntu22_x86_64-7.3.2-20220804-6354275  User: oesteban  Machine: dna055  Platform: Linux  PlatformVersion: 5.14.0-427.37.1.el9_4.x86_64  CompilerName: GCC  CompilerVersion: 8.4.0
ProgramName: mri_binarize  ProgramArguments: mri_binarize -all-info  ProgramVersion: 7.3.2  TimeStamp: 2026/03/11-23:29:51-GMT  BuildTime: Aug  4 2022 06:17:15  BuildStamp: freesurfer-linux-ubuntu22_x86_64-7.3.2-20220804-6354275  User: oesteban  Machine: dna055  Platform: Linux  PlatformVersion: 5.14.0-427.37.1.el9_4.x86_64  CompilerName: GCC  CompilerVersion: 8.4.0
ProgramName: mri_ca_label  ProgramArguments: mri_ca_label -all-info  ProgramVersion: 7.3.2  TimeStamp: 2026/03/11-23:29:51-GMT  BuildTime: Aug  4 2022 06:17:15  BuildStamp: freesurfer-linux-ubuntu22_x86_64-7.3.2-20220804-6354275  User: oesteban  Machine: dna055  Platform: Linux  PlatformVersion: 5.14.0-427.37.1.el9_4.x86_64  CompilerName: GCC  CompilerVersion: 8.4.0
ProgramName: mri_ca_normalize  ProgramArguments: mri_ca_normalize -all-info  ProgramVersion: 7.3.2  TimeStamp: 2026/03/11-23:29:51-GMT  BuildTime: Aug  4 2022 06:17:15  BuildStamp: freesurfer-linux-ubuntu22_x86_64-7.3.2-20220804-6354275  User: oesteban  Machine: dna055  Platform: Linux  PlatformVersion: 5.14.0-427.37.1.el9_4.x86_64  CompilerName: GCC  CompilerVersion: 8.4.0
ProgramName: mri_ca_register  ProgramArguments: mri_ca_register -all-info  ProgramVersion: 7.3.2  TimeStamp: 2026/03/11-23:29:51-GMT  BuildTime: Aug  4 2022 06:17:15  BuildStamp: freesurfer-linux-ubuntu22_x86_64-7.3.2-20220804-6354275  User: oesteban  Machine: dna055  Platform: Linux  PlatformVersion: 5.14.0-427.37.1.el9_4.x86_64  CompilerName: GCC  CompilerVersion: 8.4.0
ProgramName: mri_cc  ProgramArguments: mri_cc -all-info  ProgramVersion: 7.3.2  TimeStamp: 2026/03/11-23:29:51-GMT  BuildTime: Aug  4 2022 06:17:15  BuildStamp: freesurfer-linux-ubuntu22_x86_64-7.3.2-20220804-6354275  User: oesteban  Machine: dna055  Platform: Linux  PlatformVersion: 5.14.0-427.37.1.el9_4.x86_64  CompilerName: GCC  CompilerVersion: 8.4.0
ProgramName: mri_compute_overlap  ProgramArguments: mri_compute_overlap -all-info  ProgramVersion: 7.3.2  TimeStamp: 2026/03/11-23:29:51-GMT  BuildTime: Aug  4 2022 06:17:15  BuildStamp: freesurfer-linux-ubuntu22_x86_64-7.3.2-20220804-6354275  User: oesteban  Machine: dna055  Platform: Linux  PlatformVersion: 5.14.0-427.37.1.el9_4.x86_64  CompilerName: GCC  CompilerVersion: 8.4.0
ProgramName: mri_compute_seg_overlap  ProgramArguments: mri_compute_seg_overlap -all-info  ProgramVersion: 7.3.2  TimeStamp: 2026/03/11-23:29:51-GMT  BuildTime: Aug  4 2022 06:17:15  BuildStamp: freesurfer-linux-ubuntu22_x86_64-7.3.2-20220804-6354275  User: oesteban  Machine: dna055  Platform: Linux  PlatformVersion: 5.14.0-427.37.1.el9_4.x86_64  CompilerName: GCC  CompilerVersion: 8.4.0
ProgramName: mri_concat  ProgramArguments: mri_concat -all-info  ProgramVersion: 7.3.2  TimeStamp: 2026/03/11-23:29:51-GMT  BuildTime: Aug  4 2022 06:17:15  BuildStamp: freesurfer-linux-ubuntu22_x86_64-7.3.2-20220804-6354275  User: oesteban  Machine: dna055  Platform: Linux  PlatformVersion: 5.14.0-427.37.1.el9_4.x86_64  CompilerName: GCC  CompilerVersion: 8.4.0
ProgramName: mri_concatenate_lta  ProgramArguments: mri_concatenate_lta -all-info  ProgramVersion: 7.3.2  TimeStamp: 2026/03/11-23:29:51-GMT  BuildTime: Aug  4 2022 06:17:15  BuildStamp: freesurfer-linux-ubuntu22_x86_64-7.3.2-20220804-6354275  User: oesteban  Machine: dna055  Platform: Linux  PlatformVersion: 5.14.0-427.37.1.el9_4.x86_64  CompilerName: GCC  CompilerVersion: 8.4.0
mri_convert -all-info 
ProgramName: mri_convert  ProgramArguments: mri_convert -all-info  ProgramVersion: 7.3.2  TimeStamp: 2026/03/11-23:29:51-GMT  BuildTime: Aug  4 2022 06:17:15  BuildStamp: freesurfer-linux-ubuntu22_x86_64-7.3.2-20220804-6354275  User: oesteban  Machine: dna055  Platform: Linux  PlatformVersion: 5.14.0-427.37.1.el9_4.x86_64  CompilerName: GCC  CompilerVersion: 8.4.0
ProgramName: mri_diff  ProgramArguments: mri_diff -all-info  ProgramVersion: 7.3.2  TimeStamp: 2026/03/11-23:29:51-GMT  BuildTime: Aug  4 2022 06:17:15  BuildStamp: freesurfer-linux-ubuntu22_x86_64-7.3.2-20220804-6354275  User: oesteban  Machine: dna055  Platform: Linux  PlatformVersion: 5.14.0-427.37.1.el9_4.x86_64  CompilerName: GCC  CompilerVersion: 8.4.0
ProgramName: mri_edit_wm_with_aseg  ProgramArguments: mri_edit_wm_with_aseg -all-info  ProgramVersion: 7.3.2  TimeStamp: 2026/03/11-23:29:51-GMT  BuildTime: Aug  4 2022 06:17:15  BuildStamp: freesurfer-linux-ubuntu22_x86_64-7.3.2-20220804-6354275  User: oesteban  Machine: dna055  Platform: Linux  PlatformVersion: 5.14.0-427.37.1.el9_4.x86_64  CompilerName: GCC  CompilerVersion: 8.4.0
ProgramName: mri_em_register  ProgramArguments: mri_em_register -all-info  ProgramVersion: 7.3.2  TimeStamp: 2026/03/11-23:29:51-GMT  BuildTime: Aug  4 2022 06:17:15  BuildStamp: freesurfer-linux-ubuntu22_x86_64-7.3.2-20220804-6354275  User: oesteban  Machine: dna055  Platform: Linux  PlatformVersion: 5.14.0-427.37.1.el9_4.x86_64  CompilerName: GCC  CompilerVersion: 8.4.0
ProgramName: mri_fill  ProgramArguments: mri_fill -all-info  ProgramVersion: 7.3.2  TimeStamp: 2026/03/11-23:29:51-GMT  BuildTime: Aug  4 2022 06:17:15  BuildStamp: freesurfer-linux-ubuntu22_x86_64-7.3.2-20220804-6354275  User: oesteban  Machine: dna055  Platform: Linux  PlatformVersion: 5.14.0-427.37.1.el9_4.x86_64  CompilerName: GCC  CompilerVersion: 8.4.0
ProgramName: mri_fuse_segmentations  ProgramArguments: mri_fuse_segmentations -all-info  ProgramVersion: 7.3.2  TimeStamp: 2026/03/11-23:29:51-GMT  BuildTime: Aug  4 2022 06:17:15  BuildStamp: freesurfer-linux-ubuntu22_x86_64-7.3.2-20220804-6354275  User: oesteban  Machine: dna055  Platform: Linux  PlatformVersion: 5.14.0-427.37.1.el9_4.x86_64  CompilerName: GCC  CompilerVersion: 8.4.0
ProgramName: mri_fwhm  ProgramArguments: mri_fwhm -all-info  ProgramVersion: 7.3.2  TimeStamp: 2026/03/11-23:29:51-GMT  BuildTime: Aug  4 2022 06:17:15  BuildStamp: freesurfer-linux-ubuntu22_x86_64-7.3.2-20220804-6354275  User: oesteban  Machine: dna055  Platform: Linux  PlatformVersion: 5.14.0-427.37.1.el9_4.x86_64  CompilerName: GCC  CompilerVersion: 8.4.0
ProgramName: mri_gcut  ProgramArguments: mri_gcut -all-info  ProgramVersion: 7.3.2  TimeStamp: 2026/03/11-23:29:51-GMT  BuildTime: Aug  4 2022 06:17:15  BuildStamp: freesurfer-linux-ubuntu22_x86_64-7.3.2-20220804-6354275  User: oesteban  Machine: dna055  Platform: Linux  PlatformVersion: 5.14.0-427.37.1.el9_4.x86_64  CompilerName: GCC  CompilerVersion: 8.4.0
ProgramName: mri_info  ProgramArguments: mri_info -all-info  ProgramVersion: 7.3.2  TimeStamp: 2026/03/11-23:29:51-GMT  BuildTime: Aug  4 2022 06:17:15  BuildStamp: freesurfer-linux-ubuntu22_x86_64-7.3.2-20220804-6354275  User: oesteban  Machine: dna055  Platform: Linux  PlatformVersion: 5.14.0-427.37.1.el9_4.x86_64  CompilerName: GCC  CompilerVersion: 8.4.0
ProgramName: mri_label2label  ProgramArguments: mri_label2label -all-info  ProgramVersion: 7.3.2  TimeStamp: 2026/03/11-23:29:51-GMT  BuildTime: Aug  4 2022 06:17:15  BuildStamp: freesurfer-linux-ubuntu22_x86_64-7.3.2-20220804-6354275  User: oesteban  Machine: dna055  Platform: Linux  PlatformVersion: 5.14.0-427.37.1.el9_4.x86_64  CompilerName: GCC  CompilerVersion: 8.4.0
ProgramName: mri_label2vol  ProgramArguments: mri_label2vol -all-info  ProgramVersion: 7.3.2  TimeStamp: 2026/03/11-23:29:51-GMT  BuildTime: Aug  4 2022 06:17:15  BuildStamp: freesurfer-linux-ubuntu22_x86_64-7.3.2-20220804-6354275  User: oesteban  Machine: dna055  Platform: Linux  PlatformVersion: 5.14.0-427.37.1.el9_4.x86_64  CompilerName: GCC  CompilerVersion: 8.4.0
ProgramName: mri_log_likelihood  ProgramArguments: mri_log_likelihood -all-info  ProgramVersion: 7.3.2  TimeStamp: 2026/03/11-23:29:51-GMT  BuildTime: Aug  4 2022 06:17:15  BuildStamp: freesurfer-linux-ubuntu22_x86_64-7.3.2-20220804-6354275  User: oesteban  Machine: dna055  Platform: Linux  PlatformVersion: 5.14.0-427.37.1.el9_4.x86_64  CompilerName: GCC  CompilerVersion: 8.4.0
ProgramName: mri_mask  ProgramArguments: mri_mask -all-info  ProgramVersion: 7.3.2  TimeStamp: 2026/03/11-23:29:51-GMT  BuildTime: Aug  4 2022 06:17:15  BuildStamp: freesurfer-linux-ubuntu22_x86_64-7.3.2-20220804-6354275  User: oesteban  Machine: dna055  Platform: Linux  PlatformVersion: 5.14.0-427.37.1.el9_4.x86_64  CompilerName: GCC  CompilerVersion: 8.4.0
ProgramName: mri_matrix_multiply  ProgramArguments: mri_matrix_multiply -all-info  ProgramVersion: 7.3.2  TimeStamp: 2026/03/11-23:29:51-GMT  BuildTime: Aug  4 2022 06:17:15  BuildStamp: freesurfer-linux-ubuntu22_x86_64-7.3.2-20220804-6354275  User: oesteban  Machine: dna055  Platform: Linux  PlatformVersion: 5.14.0-427.37.1.el9_4.x86_64  CompilerName: GCC  CompilerVersion: 8.4.0
ProgramName: mri_normalize  ProgramArguments: mri_normalize -all-info  ProgramVersion: 7.3.2  TimeStamp: 2026/03/11-23:29:51-GMT  BuildTime: Aug  4 2022 06:17:15  BuildStamp: freesurfer-linux-ubuntu22_x86_64-7.3.2-20220804-6354275  User: oesteban  Machine: dna055  Platform: Linux  PlatformVersion: 5.14.0-427.37.1.el9_4.x86_64  CompilerName: GCC  CompilerVersion: 8.4.0
ProgramName: mri_normalize_tp2  ProgramArguments: mri_normalize_tp2 -all-info  ProgramVersion: 7.3.2  TimeStamp: 2026/03/11-23:29:51-GMT  BuildTime: Aug  4 2022 06:17:15  BuildStamp: freesurfer-linux-ubuntu22_x86_64-7.3.2-20220804-6354275  User: oesteban  Machine: dna055  Platform: Linux  PlatformVersion: 5.14.0-427.37.1.el9_4.x86_64  CompilerName: GCC  CompilerVersion: 8.4.0
ProgramName: mri_or  ProgramArguments: mri_or -all-info  ProgramVersion: 7.3.2  TimeStamp: 2026/03/11-23:29:51-GMT  BuildTime: Aug  4 2022 06:17:15  BuildStamp: freesurfer-linux-ubuntu22_x86_64-7.3.2-20220804-6354275  User: oesteban  Machine: dna055  Platform: Linux  PlatformVersion: 5.14.0-427.37.1.el9_4.x86_64  CompilerName: GCC  CompilerVersion: 8.4.0
ProgramName: mri_relabel_hypointensities  ProgramArguments: mri_relabel_hypointensities -all-info  ProgramVersion: 7.3.2  TimeStamp: 2026/03/11-23:29:51-GMT  BuildTime: Aug  4 2022 06:17:15  BuildStamp: freesurfer-linux-ubuntu22_x86_64-7.3.2-20220804-6354275  User: oesteban  Machine: dna055  Platform: Linux  PlatformVersion: 5.14.0-427.37.1.el9_4.x86_64  CompilerName: GCC  CompilerVersion: 8.4.0
ProgramName: mri_relabel_nonwm_hypos  ProgramArguments: mri_relabel_nonwm_hypos -all-info  ProgramVersion: 7.3.2  TimeStamp: 2026/03/11-23:29:51-GMT  BuildTime: Aug  4 2022 06:17:15  BuildStamp: freesurfer-linux-ubuntu22_x86_64-7.3.2-20220804-6354275  User: oesteban  Machine: dna055  Platform: Linux  PlatformVersion: 5.14.0-427.37.1.el9_4.x86_64  CompilerName: GCC  CompilerVersion: 8.4.0
ProgramName: mri_remove_neck  ProgramArguments: mri_remove_neck -all-info  ProgramVersion: 7.3.2  TimeStamp: 2026/03/11-23:29:51-GMT  BuildTime: Aug  4 2022 06:17:15  BuildStamp: freesurfer-linux-ubuntu22_x86_64-7.3.2-20220804-6354275  User: oesteban  Machine: dna055  Platform: Linux  PlatformVersion: 5.14.0-427.37.1.el9_4.x86_64  CompilerName: GCC  CompilerVersion: 8.4.0
7.3.2

ProgramName: mri_robust_register  ProgramArguments: mri_robust_register -all-info  ProgramVersion: 7.3.2  TimeStamp: 2026/03/11-23:29:51-GMT  BuildTime: Aug  4 2022 06:17:15  BuildStamp: freesurfer-linux-ubuntu22_x86_64-7.3.2-20220804-6354275  User: oesteban  Machine: dna055  Platform: Linux  PlatformVersion: 5.14.0-427.37.1.el9_4.x86_64  CompilerName: GCC  CompilerVersion: 8.4.0
7.3.2

ProgramName: mri_robust_template  ProgramArguments: mri_robust_template -all-info  ProgramVersion: 7.3.2  TimeStamp: 2026/03/11-23:29:51-GMT  BuildTime: Aug  4 2022 06:17:15  BuildStamp: freesurfer-linux-ubuntu22_x86_64-7.3.2-20220804-6354275  User: oesteban  Machine: dna055  Platform: Linux  PlatformVersion: 5.14.0-427.37.1.el9_4.x86_64  CompilerName: GCC  CompilerVersion: 8.4.0
ProgramName: mris_anatomical_stats  ProgramArguments: mris_anatomical_stats -all-info  ProgramVersion: 7.3.2  TimeStamp: 2026/03/11-23:29:51-GMT  BuildTime: Aug  4 2022 06:17:15  BuildStamp: freesurfer-linux-ubuntu22_x86_64-7.3.2-20220804-6354275  User: oesteban  Machine: dna055  Platform: Linux  PlatformVersion: 5.14.0-427.37.1.el9_4.x86_64  CompilerName: GCC  CompilerVersion: 8.4.0
ProgramName: mris_ca_label  ProgramArguments: mris_ca_label -all-info  ProgramVersion: 7.3.2  TimeStamp: 2026/03/11-23:29:51-GMT  BuildTime: Aug  4 2022 06:17:15  BuildStamp: freesurfer-linux-ubuntu22_x86_64-7.3.2-20220804-6354275  User: oesteban  Machine: dna055  Platform: Linux  PlatformVersion: 5.14.0-427.37.1.el9_4.x86_64  CompilerName: GCC  CompilerVersion: 8.4.0
ProgramName: mris_calc  ProgramArguments: mris_calc -all-info  ProgramVersion: 7.3.2  TimeStamp: 2026/03/11-23:29:51-GMT  BuildTime: Aug  4 2022 06:17:15  BuildStamp: freesurfer-linux-ubuntu22_x86_64-7.3.2-20220804-6354275  User: oesteban  Machine: dna055  Platform: Linux  PlatformVersion: 5.14.0-427.37.1.el9_4.x86_64  CompilerName: GCC  CompilerVersion: 8.4.0
ProgramName: mris_convert  ProgramArguments: mris_convert -all-info  ProgramVersion: 7.3.2  TimeStamp: 2026/03/11-23:29:51-GMT  BuildTime: Aug  4 2022 06:17:15  BuildStamp: freesurfer-linux-ubuntu22_x86_64-7.3.2-20220804-6354275  User: oesteban  Machine: dna055  Platform: Linux  PlatformVersion: 5.14.0-427.37.1.el9_4.x86_64  CompilerName: GCC  CompilerVersion: 8.4.0
ProgramName: mris_curvature  ProgramArguments: mris_curvature -all-info  ProgramVersion: 7.3.2  TimeStamp: 2026/03/11-23:29:51-GMT  BuildTime: Aug  4 2022 06:17:15  BuildStamp: freesurfer-linux-ubuntu22_x86_64-7.3.2-20220804-6354275  User: oesteban  Machine: dna055  Platform: Linux  PlatformVersion: 5.14.0-427.37.1.el9_4.x86_64  CompilerName: GCC  CompilerVersion: 8.4.0
ProgramName: mris_curvature_stats  ProgramArguments: mris_curvature_stats -all-info  ProgramVersion: 7.3.2  TimeStamp: 2026/03/11-23:29:51-GMT  BuildTime: Aug  4 2022 06:17:15  BuildStamp: freesurfer-linux-ubuntu22_x86_64-7.3.2-20220804-6354275  User: oesteban  Machine: dna055  Platform: Linux  PlatformVersion: 5.14.0-427.37.1.el9_4.x86_64  CompilerName: GCC  CompilerVersion: 8.4.0
ProgramName: mris_diff  ProgramArguments: mris_diff -all-info  ProgramVersion: 7.3.2  TimeStamp: 2026/03/11-23:29:51-GMT  BuildTime: Aug  4 2022 06:17:15  BuildStamp: freesurfer-linux-ubuntu22_x86_64-7.3.2-20220804-6354275  User: oesteban  Machine: dna055  Platform: Linux  PlatformVersion: 5.14.0-427.37.1.el9_4.x86_64  CompilerName: GCC  CompilerVersion: 8.4.0
ProgramName: mris_divide_parcellation  ProgramArguments: mris_divide_parcellation -all-info  ProgramVersion: 7.3.2  TimeStamp: 2026/03/11-23:29:51-GMT  BuildTime: Aug  4 2022 06:17:15  BuildStamp: freesurfer-linux-ubuntu22_x86_64-7.3.2-20220804-6354275  User: oesteban  Machine: dna055  Platform: Linux  PlatformVersion: 5.14.0-427.37.1.el9_4.x86_64  CompilerName: GCC  CompilerVersion: 8.4.0
ProgramName: mri_segment  ProgramArguments: mri_segment -all-info  ProgramVersion: 7.3.2  TimeStamp: 2026/03/11-23:29:51-GMT  BuildTime: Aug  4 2022 06:17:15  BuildStamp: freesurfer-linux-ubuntu22_x86_64-7.3.2-20220804-6354275  User: oesteban  Machine: dna055  Platform: Linux  PlatformVersion: 5.14.0-427.37.1.el9_4.x86_64  CompilerName: GCC  CompilerVersion: 8.4.0
ProgramName: mri_segstats  ProgramArguments: mri_segstats -all-info  ProgramVersion: 7.3.2  TimeStamp: 2026/03/11-23:29:51-GMT  BuildTime: Aug  4 2022 06:17:15  BuildStamp: freesurfer-linux-ubuntu22_x86_64-7.3.2-20220804-6354275  User: oesteban  Machine: dna055  Platform: Linux  PlatformVersion: 5.14.0-427.37.1.el9_4.x86_64  CompilerName: GCC  CompilerVersion: 8.4.0
ProgramName: mris_euler_number  ProgramArguments: mris_euler_number -all-info  ProgramVersion: 7.3.2  TimeStamp: 2026/03/11-23:29:51-GMT  BuildTime: Aug  4 2022 06:17:15  BuildStamp: freesurfer-linux-ubuntu22_x86_64-7.3.2-20220804-6354275  User: oesteban  Machine: dna055  Platform: Linux  PlatformVersion: 5.14.0-427.37.1.el9_4.x86_64  CompilerName: GCC  CompilerVersion: 8.4.0
ProgramName: mris_fix_topology  ProgramArguments: mris_fix_topology -all-info  ProgramVersion: 7.3.2  TimeStamp: 2026/03/11-23:29:51-GMT  BuildTime: Aug  4 2022 06:17:15  BuildStamp: freesurfer-linux-ubuntu22_x86_64-7.3.2-20220804-6354275  User: oesteban  Machine: dna055  Platform: Linux  PlatformVersion: 5.14.0-427.37.1.el9_4.x86_64  CompilerName: GCC  CompilerVersion: 8.4.0
ProgramName: mris_topo_fixer  ProgramArguments: mris_topo_fixer -all-info  ProgramVersion: 7.3.2  TimeStamp: 2026/03/11-23:29:51-GMT  BuildTime: Aug  4 2022 06:17:15  BuildStamp: freesurfer-linux-ubuntu22_x86_64-7.3.2-20220804-6354275  User: oesteban  Machine: dna055  Platform: Linux  PlatformVersion: 5.14.0-427.37.1.el9_4.x86_64  CompilerName: GCC  CompilerVersion: 8.4.0
ProgramName: mris_jacobian  ProgramArguments: mris_jacobian -all-info  ProgramVersion: 7.3.2  TimeStamp: 2026/03/11-23:29:51-GMT  BuildTime: Aug  4 2022 06:17:15  BuildStamp: freesurfer-linux-ubuntu22_x86_64-7.3.2-20220804-6354275  User: oesteban  Machine: dna055  Platform: Linux  PlatformVersion: 5.14.0-427.37.1.el9_4.x86_64  CompilerName: GCC  CompilerVersion: 8.4.0
ProgramName: mris_label2annot  ProgramArguments: mris_label2annot -all-info  ProgramVersion: 7.3.2  TimeStamp: 2026/03/11-23:29:51-GMT  BuildTime: Aug  4 2022 06:17:15  BuildStamp: freesurfer-linux-ubuntu22_x86_64-7.3.2-20220804-6354275  User: oesteban  Machine: dna055  Platform: Linux  PlatformVersion: 5.14.0-427.37.1.el9_4.x86_64  CompilerName: GCC  CompilerVersion: 8.4.0
ProgramName: mris_left_right_register  ProgramArguments: mris_left_right_register -all-info  ProgramVersion: 7.3.2  TimeStamp: 2026/03/11-23:29:51-GMT  BuildTime: Aug  4 2022 06:17:15  BuildStamp: freesurfer-linux-ubuntu22_x86_64-7.3.2-20220804-6354275  User: oesteban  Machine: dna055  Platform: Linux  PlatformVersion: 5.14.0-427.37.1.el9_4.x86_64  CompilerName: GCC  CompilerVersion: 8.4.0
ProgramName: mris_place_surface  ProgramArguments: mris_place_surface -all-info  ProgramVersion: 7.3.2  TimeStamp: 2026/03/11-23:29:51-GMT  BuildTime: Aug  4 2022 06:17:15  BuildStamp: freesurfer-linux-ubuntu22_x86_64-7.3.2-20220804-6354275  User: oesteban  Machine: dna055  Platform: Linux  PlatformVersion: 5.14.0-427.37.1.el9_4.x86_64  CompilerName: GCC  CompilerVersion: 8.4.0
ProgramName: mrisp_paint  ProgramArguments: mrisp_paint -all-info  ProgramVersion: 7.3.2  TimeStamp: 2026/03/11-23:29:51-GMT  BuildTime: Aug  4 2022 06:17:15  BuildStamp: freesurfer-linux-ubuntu22_x86_64-7.3.2-20220804-6354275  User: oesteban  Machine: dna055  Platform: Linux  PlatformVersion: 5.14.0-427.37.1.el9_4.x86_64  CompilerName: GCC  CompilerVersion: 8.4.0
ProgramName: mris_register  ProgramArguments: mris_register -all-info  ProgramVersion: 7.3.2  TimeStamp: 2026/03/11-23:29:51-GMT  BuildTime: Aug  4 2022 06:17:15  BuildStamp: freesurfer-linux-ubuntu22_x86_64-7.3.2-20220804-6354275  User: oesteban  Machine: dna055  Platform: Linux  PlatformVersion: 5.14.0-427.37.1.el9_4.x86_64  CompilerName: GCC  CompilerVersion: 8.4.0
ProgramName: mris_smooth  ProgramArguments: mris_smooth -all-info  ProgramVersion: 7.3.2  TimeStamp: 2026/03/11-23:29:51-GMT  BuildTime: Aug  4 2022 06:17:15  BuildStamp: freesurfer-linux-ubuntu22_x86_64-7.3.2-20220804-6354275  User: oesteban  Machine: dna055  Platform: Linux  PlatformVersion: 5.14.0-427.37.1.el9_4.x86_64  CompilerName: GCC  CompilerVersion: 8.4.0
ProgramName: mris_sphere  ProgramArguments: mris_sphere -all-info  ProgramVersion: 7.3.2  TimeStamp: 2026/03/11-23:29:51-GMT  BuildTime: Aug  4 2022 06:17:15  BuildStamp: freesurfer-linux-ubuntu22_x86_64-7.3.2-20220804-6354275  User: oesteban  Machine: dna055  Platform: Linux  PlatformVersion: 5.14.0-427.37.1.el9_4.x86_64  CompilerName: GCC  CompilerVersion: 8.4.0
ProgramName: mris_surface_stats  ProgramArguments: mris_surface_stats -all-info  ProgramVersion: 7.3.2  TimeStamp: 2026/03/11-23:29:51-GMT  BuildTime: Aug  4 2022 06:17:15  BuildStamp: freesurfer-linux-ubuntu22_x86_64-7.3.2-20220804-6354275  User: oesteban  Machine: dna055  Platform: Linux  PlatformVersion: 5.14.0-427.37.1.el9_4.x86_64  CompilerName: GCC  CompilerVersion: 8.4.0
ProgramName: mri_stats2seg  ProgramArguments: mri_stats2seg -all-info  ProgramVersion: 7.3.2  TimeStamp: 2026/03/11-23:29:51-GMT  BuildTime: Aug  4 2022 06:17:15  BuildStamp: freesurfer-linux-ubuntu22_x86_64-7.3.2-20220804-6354275  User: oesteban  Machine: dna055  Platform: Linux  PlatformVersion: 5.14.0-427.37.1.el9_4.x86_64  CompilerName: GCC  CompilerVersion: 8.4.0
ProgramName: mris_thickness  ProgramArguments: mris_thickness -all-info  ProgramVersion: 7.3.2  TimeStamp: 2026/03/11-23:29:51-GMT  BuildTime: Aug  4 2022 06:17:15  BuildStamp: freesurfer-linux-ubuntu22_x86_64-7.3.2-20220804-6354275  User: oesteban  Machine: dna055  Platform: Linux  PlatformVersion: 5.14.0-427.37.1.el9_4.x86_64  CompilerName: GCC  CompilerVersion: 8.4.0
ProgramName: mris_thickness_diff  ProgramArguments: mris_thickness_diff -all-info  ProgramVersion: 7.3.2  TimeStamp: 2026/03/11-23:29:51-GMT  BuildTime: Aug  4 2022 06:17:15  BuildStamp: freesurfer-linux-ubuntu22_x86_64-7.3.2-20220804-6354275  User: oesteban  Machine: dna055  Platform: Linux  PlatformVersion: 5.14.0-427.37.1.el9_4.x86_64  CompilerName: GCC  CompilerVersion: 8.4.0
ProgramName: mris_topo_fixer  ProgramArguments: mris_topo_fixer -all-info  ProgramVersion: 7.3.2  TimeStamp: 2026/03/11-23:29:51-GMT  BuildTime: Aug  4 2022 06:17:15  BuildStamp: freesurfer-linux-ubuntu22_x86_64-7.3.2-20220804-6354275  User: oesteban  Machine: dna055  Platform: Linux  PlatformVersion: 5.14.0-427.37.1.el9_4.x86_64  CompilerName: GCC  CompilerVersion: 8.4.0
ProgramName: mri_surf2surf  ProgramArguments: mri_surf2surf -all-info  ProgramVersion: 7.3.2  TimeStamp: 2026/03/11-23:29:51-GMT  BuildTime: Aug  4 2022 06:17:15  BuildStamp: freesurfer-linux-ubuntu22_x86_64-7.3.2-20220804-6354275  User: oesteban  Machine: dna055  Platform: Linux  PlatformVersion: 5.14.0-427.37.1.el9_4.x86_64  CompilerName: GCC  CompilerVersion: 8.4.0
ProgramName: mri_surf2vol  ProgramArguments: mri_surf2vol -all-info  ProgramVersion: 7.3.2  TimeStamp: 2026/03/11-23:29:51-GMT  BuildTime: Aug  4 2022 06:17:15  BuildStamp: freesurfer-linux-ubuntu22_x86_64-7.3.2-20220804-6354275  User: oesteban  Machine: dna055  Platform: Linux  PlatformVersion: 5.14.0-427.37.1.el9_4.x86_64  CompilerName: GCC  CompilerVersion: 8.4.0
ProgramName: mri_surfcluster  ProgramArguments: mri_surfcluster -all-info  ProgramVersion: 7.3.2  TimeStamp: 2026/03/11-23:29:51-GMT  BuildTime: Aug  4 2022 06:17:15  BuildStamp: freesurfer-linux-ubuntu22_x86_64-7.3.2-20220804-6354275  User: oesteban  Machine: dna055  Platform: Linux  PlatformVersion: 5.14.0-427.37.1.el9_4.x86_64  CompilerName: GCC  CompilerVersion: 8.4.0
ProgramName: mris_volmask  ProgramArguments: mris_volmask -all-info  ProgramVersion: 7.3.2  TimeStamp: 2026/03/11-23:29:51-GMT  BuildTime: Aug  4 2022 06:17:15  BuildStamp: freesurfer-linux-ubuntu22_x86_64-7.3.2-20220804-6354275  User: oesteban  Machine: dna055  Platform: Linux  PlatformVersion: 5.14.0-427.37.1.el9_4.x86_64  CompilerName: GCC  CompilerVersion: 8.4.0
ProgramName: mri_tessellate  ProgramArguments: mri_tessellate -all-info  ProgramVersion: 7.3.2  TimeStamp: 2026/03/11-23:29:51-GMT  BuildTime: Aug  4 2022 06:17:15  BuildStamp: freesurfer-linux-ubuntu22_x86_64-7.3.2-20220804-6354275  User: oesteban  Machine: dna055  Platform: Linux  PlatformVersion: 5.14.0-427.37.1.el9_4.x86_64  CompilerName: GCC  CompilerVersion: 8.4.0
ProgramName: mri_vol2surf  ProgramArguments: mri_vol2surf -all-info  ProgramVersion: 7.3.2  TimeStamp: 2026/03/11-23:29:51-GMT  BuildTime: Aug  4 2022 06:17:15  BuildStamp: freesurfer-linux-ubuntu22_x86_64-7.3.2-20220804-6354275  User: oesteban  Machine: dna055  Platform: Linux  PlatformVersion: 5.14.0-427.37.1.el9_4.x86_64  CompilerName: GCC  CompilerVersion: 8.4.0
ProgramName: mri_vol2vol  ProgramArguments: mri_vol2vol -all-info  ProgramVersion: 7.3.2  TimeStamp: 2026/03/11-23:29:51-GMT  BuildTime: Aug  4 2022 06:17:15  BuildStamp: freesurfer-linux-ubuntu22_x86_64-7.3.2-20220804-6354275  User: oesteban  Machine: dna055  Platform: Linux  PlatformVersion: 5.14.0-427.37.1.el9_4.x86_64  CompilerName: GCC  CompilerVersion: 8.4.0
ProgramName: mri_voldiff  ProgramArguments: mri_voldiff -all-info  ProgramVersion: 7.3.2  TimeStamp: 2026/03/11-23:29:51-GMT  BuildTime: Aug  4 2022 06:17:15  BuildStamp: freesurfer-linux-ubuntu22_x86_64-7.3.2-20220804-6354275  User: oesteban  Machine: dna055  Platform: Linux  PlatformVersion: 5.14.0-427.37.1.el9_4.x86_64  CompilerName: GCC  CompilerVersion: 8.4.0
ProgramName: mri_watershed  ProgramArguments: mri_watershed -all-info  ProgramVersion: 7.3.2  TimeStamp: 2026/03/11-23:29:51-GMT  BuildTime: Aug  4 2022 06:17:15  BuildStamp: freesurfer-linux-ubuntu22_x86_64-7.3.2-20220804-6354275  User: oesteban  Machine: dna055  Platform: Linux  PlatformVersion: 5.14.0-427.37.1.el9_4.x86_64  CompilerName: GCC  CompilerVersion: 8.4.0
ProgramName: tkregister2  ProgramArguments: tkregister2_cmdl -all-info  ProgramVersion: 7.3.2  TimeStamp: 2026/03/11-23:29:51-GMT  BuildTime: Aug  4 2022 06:17:15  BuildStamp: freesurfer-linux-ubuntu22_x86_64-7.3.2-20220804-6354275  User: oesteban  Machine: dna055  Platform: Linux  PlatformVersion: 5.14.0-427.37.1.el9_4.x86_64  CompilerName: GCC  CompilerVersion: 8.4.0
mri_motion_correct.fsl 7.3.2
mri_convert -all-info 
ProgramName: mri_convert  ProgramArguments: mri_convert -all-info  ProgramVersion: 7.3.2  TimeStamp: 2026/03/11-23:29:51-GMT  BuildTime: Aug  4 2022 06:17:15  BuildStamp: freesurfer-linux-ubuntu22_x86_64-7.3.2-20220804-6354275  User: oesteban  Machine: dna055  Platform: Linux  PlatformVersion: 5.14.0-427.37.1.el9_4.x86_64  CompilerName: GCC  CompilerVersion: 8.4.0
Program nu_correct, built from:
Package MNI N3, version 1.12.0, compiled by nicks@terrier (x86_64-unknown-linux-gnu) on 2015-06-19 at 01:25:34
#######################################
GCADIR /opt/freesurfer/average
GCA RB_all_2020-01-02.gca
GCASkull RB_all_withskull_2020_01_02.gca
AvgCurvTif folding.atlas.acfb40.noaparc.i12.2016-08-02.tif
GCSDIR /opt/freesurfer/average
GCS DKaparc.atlas.acfb40.noaparc.i12.2016-08-02.gcs
#######################################
#--------------------------------------------
#@# AutoDetGWStats rh Thu Mar 12 00:29:51 CET 2026
cd /out/sourcedata/freesurfer/sub-v1s2x0051489_ses-1/mri
mris_autodet_gwstats --o ../surf/autodet.gw.stats.rh.dat --i brain.finalsurfs.mgz --wm wm.mgz --surf ../surf/rh.orig.premesh
  Update not needed
#--------------------------------------------
#@# WhitePreAparc rh Thu Mar 12 00:29:51 CET 2026
cd /out/sourcedata/freesurfer/sub-v1s2x0051489_ses-1/mri
mris_place_surface --adgws-in ../surf/autodet.gw.stats.rh.dat --wm wm.mgz --threads 16 --invol brain.finalsurfs.mgz --rh --i ../surf/rh.orig --o ../surf/rh.white.preaparc --white --seg aseg.presurf.mgz --nsmooth 5
   Update not needed
#--------------------------------------------
#@# CortexLabel rh Thu Mar 12 00:29:51 CET 2026
cd /out/sourcedata/freesurfer/sub-v1s2x0051489_ses-1/mri
mri_label2label --label-cortex ../surf/rh.white.preaparc aseg.presurf.mgz 0 ../label/rh.cortex.label
   Update not needed
#--------------------------------------------
#@# CortexLabel+HipAmyg rh Thu Mar 12 00:29:51 CET 2026
cd /out/sourcedata/freesurfer/sub-v1s2x0051489_ses-1/mri
mri_label2label --label-cortex ../surf/rh.white.preaparc aseg.presurf.mgz 1 ../label/rh.cortex+hipamyg.label
   Update not needed
#@# white curv rh Thu Mar 12 00:29:51 CET 2026
cd /out/sourcedata/freesurfer/sub-v1s2x0051489_ses-1/mri
mris_place_surface --curv-map ../surf/rh.white 2 10 ../surf/rh.curv
   Update not needed
#@# white area rh Thu Mar 12 00:29:51 CET 2026
cd /out/sourcedata/freesurfer/sub-v1s2x0051489_ses-1/mri
mris_place_surface --area-map ../surf/rh.white ../surf/rh.area
   Update not needed
#@# pial curv rh Thu Mar 12 00:29:51 CET 2026
cd /out/sourcedata/freesurfer/sub-v1s2x0051489_ses-1/mri
mris_place_surface --curv-map ../surf/rh.pial 2 10 ../surf/rh.curv.pial
   Update not needed
#@# pial area rh Thu Mar 12 00:29:51 CET 2026
cd /out/sourcedata/freesurfer/sub-v1s2x0051489_ses-1/mri
mris_place_surface --area-map ../surf/rh.pial ../surf/rh.area.pial
   Update not needed
#@# thickness rh Thu Mar 12 00:29:51 CET 2026
cd /out/sourcedata/freesurfer/sub-v1s2x0051489_ses-1/mri
mris_place_surface --thickness ../surf/rh.white ../surf/rh.pial 20 5 ../surf/rh.thickness
   Update not needed
#@# area and vertex vol rh Thu Mar 12 00:29:51 CET 2026
cd /out/sourcedata/freesurfer/sub-v1s2x0051489_ses-1/mri
mris_place_surface --thickness ../surf/rh.white ../surf/rh.pial 20 5 ../surf/rh.thickness
   Update not needed
#-----------------------------------------
#@# Parcellation Stats rh Thu Mar 12 00:29:51 CET 2026
/out/sourcedata/freesurfer/sub-v1s2x0051489_ses-1/scripts

 mris_anatomical_stats -th3 -mgz -noglobal -cortex ../label/rh.cortex.label -f ../stats/rh.aparc.stats -b -a ../label/rh.aparc.annot -c ../label/aparc.annot.ctab sub-v1s2x0051489_ses-1 rh white 

computing statistics for each annotation in ../label/rh.aparc.annot.
reading volume /out/sourcedata/freesurfer/sub-v1s2x0051489_ses-1/mri/wm.mgz...
reading input surface /out/sourcedata/freesurfer/sub-v1s2x0051489_ses-1/surf/rh.white...
reading input pial surface /out/sourcedata/freesurfer/sub-v1s2x0051489_ses-1/surf/rh.pial...
reading input white surface /out/sourcedata/freesurfer/sub-v1s2x0051489_ses-1/surf/rh.white...
INFO: using TH3 volume calc
INFO: assuming MGZ format for volumes.
INFO: not computing global stats
INFO: using ../label/rh.cortex.label as mask to calc cortex NumVert, SurfArea and MeanThickness.
Using TH3 vertex volume calc
Total face volume 243562
Total vertex volume 243315 (mask=0)
Saving annotation colortable ../label/aparc.annot.ctab

table columns are:
    number of vertices
    total surface area (mm^2)
    total gray matter volume (mm^3)
    average cortical thickness +- standard deviation (mm)
    integrated rectified mean curvature
    integrated rectified Gaussian curvature
    folding index
    intrinsic curvature index
    structure name

 1427    963   2466  2.781 0.338     0.106     0.016        9     1.1  bankssts
 1404    960   2713  2.662 0.508     0.126     0.016       19     1.2  caudalanteriorcingulate
 3987   2424   7159  2.708 0.460     0.099     0.016       32     2.8  caudalmiddlefrontal
 2788   1705   2887  1.605 0.453     0.112     0.023       27     2.9  cuneus
  576    370   1876  3.277 0.856     0.091     0.022        5     0.4  entorhinal
 5770   3685  10099  2.417 0.739     0.105     0.020       54     4.6  fusiform
10082   6135  15517  2.374 0.515     0.106     0.021       90     8.7  inferiorparietal
 5069   3537  11573  2.799 0.729     0.116     0.024       60     4.8  inferiortemporal
 1594   1070   2697  2.263 0.855     0.112     0.021       17     1.3  isthmuscingulate
 9978   6161  11561  1.807 0.537     0.117     0.025       99    10.8  lateraloccipital
 3757   2579   7855  2.891 0.620     0.131     0.028       53     4.3  lateralorbitofrontal
 5346   3489   5947  1.639 0.572     0.126     0.027       60     6.3  lingual
 3123   2126   5903  2.555 0.585     0.110     0.024       39     2.7  medialorbitofrontal
 5977   4133  13802  2.807 0.696     0.114     0.020       58     5.3  middletemporal
 1140    689   1851  2.407 0.668     0.080     0.013        6     0.5  parahippocampal
 2776   1555   3425  2.166 0.598     0.083     0.015       15     1.9  paracentral
 2437   1653   4363  2.498 0.426     0.110     0.020       24     2.0  parsopercularis
 1169    804   2740  2.944 0.453     0.119     0.027       12     1.3  parsorbitalis
 2306   1520   4341  2.595 0.556     0.109     0.018       25     1.9  parstriangularis
 2542   1611   2055  1.399 0.351     0.120     0.024       26     2.6  pericalcarine
 7257   4374   8088  1.768 0.598     0.096     0.017       49     5.5  postcentral
 2362   1568   4079  2.379 0.749     0.119     0.024       27     2.2  posteriorcingulate
 9038   5484  13025  2.327 0.662     0.101     0.019       67     7.5  precentral
 6186   4036   9504  2.260 0.554     0.119     0.022       61     6.0  precuneus
  964    691   2171  2.730 0.659     0.121     0.023       12     0.9  rostralanteriorcingulate
 9545   6016  16566  2.515 0.512     0.116     0.023       98     9.0  rostralmiddlefrontal
12068   7182  21365  2.761 0.500     0.091     0.017       83     8.4  superiorfrontal
11747   6726  13312  1.939 0.504     0.094     0.016       86     8.3  superiorparietal
 5931   3712  11473  2.673 0.669     0.089     0.015       39     3.8  superiortemporal
 6380   4159  11084  2.528 0.502     0.119     0.022       66     5.9  supramarginal
  711    364   1228  2.544 0.609     0.109     0.030        8     0.9  frontalpole
  677    482   2939  3.806 0.789     0.110     0.032        8     0.8  temporalpole
  507    320    695  2.094 0.366     0.115     0.018        5     0.4  transversetemporal
 3431   2272   6956  3.045 0.676     0.110     0.021       30     2.8  insula

 mris_anatomical_stats -th3 -mgz -noglobal -cortex ../label/rh.cortex.label -f ../stats/rh.aparc.pial.stats -b -a ../label/rh.aparc.annot -c ../label/aparc.annot.ctab sub-v1s2x0051489_ses-1 rh pial 

computing statistics for each annotation in ../label/rh.aparc.annot.
reading volume /out/sourcedata/freesurfer/sub-v1s2x0051489_ses-1/mri/wm.mgz...
reading input surface /out/sourcedata/freesurfer/sub-v1s2x0051489_ses-1/surf/rh.pial...
reading input pial surface /out/sourcedata/freesurfer/sub-v1s2x0051489_ses-1/surf/rh.pial...
reading input white surface /out/sourcedata/freesurfer/sub-v1s2x0051489_ses-1/surf/rh.white...
INFO: using TH3 volume calc
INFO: assuming MGZ format for volumes.
INFO: not computing global stats
INFO: using ../label/rh.cortex.label as mask to calc cortex NumVert, SurfArea and MeanThickness.
Using TH3 vertex volume calc
Total face volume 243562
Total vertex volume 243315 (mask=0)
Saving annotation colortable ../label/aparc.annot.ctab

table columns are:
    number of vertices
    total surface area (mm^2)
    total gray matter volume (mm^3)
    average cortical thickness +- standard deviation (mm)
    integrated rectified mean curvature
    integrated rectified Gaussian curvature
    folding index
    intrinsic curvature index
    structure name

 1427    845   2466  2.781 0.338     0.112     0.037       37     2.0  bankssts
 1404   1147   2713  2.662 0.508     0.152     0.032       60     1.8  caudalanteriorcingulate
 3987   2808   7159  2.708 0.460     0.100     0.018       39     2.8  caudalmiddlefrontal
 2788   2075   2887  1.605 0.453     0.113     0.027       43     2.9  cuneus
  576    802   1876  3.277 0.856     0.299     0.086       20     2.8  entorhinal
 5770   4549  10099  2.417 0.739     0.121     0.032      198     8.5  fusiform
10082   7105  15517  2.374 0.515     0.107     0.023      141    10.0  inferiorparietal
 5069   4506  11573  2.799 0.729     0.143     0.033      153     7.3  inferiortemporal
 1594   1246   2697  2.263 0.855     0.126     0.029       31     1.9  isthmuscingulate
 9978   7033  11561  1.807 0.537     0.103     0.036      577    10.7  lateraloccipital
 3757   2911   7855  2.891 0.620     0.154     0.039    16823     5.9  lateralorbitofrontal
 5346   4038   5947  1.639 0.572     0.118     0.032       83     6.4  lingual
 3123   2552   5903  2.555 0.585     0.158     0.044    18783     3.8  medialorbitofrontal
 5977   5585  13802  2.807 0.696     0.136     0.029      101     7.7  middletemporal
 1140    873   1851  2.407 0.668     0.137     0.033       23     1.9  parahippocampal
 2776   1685   3425  2.166 0.598     0.081     0.013       16     1.7  paracentral
 2437   1867   4363  2.498 0.426     0.127     0.101      448     2.4  parsopercularis
 1169   1045   2740  2.944 0.453     0.141     0.028       36     1.5  parsorbitalis
 2306   1833   4341  2.595 0.556     0.119     0.029       33     2.5  parstriangularis
 2542   1488   2055  1.399 0.351     0.097     0.023       46     2.3  pericalcarine
 7257   4996   8088  1.768 0.598     0.097     0.017       64     5.2  postcentral
 2362   1814   4079  2.379 0.749     0.128     0.033       54     2.6  posteriorcingulate
 9038   5754  13025  2.327 0.662     0.089     0.017      180     5.7  precentral
 6186   4422   9504  2.260 0.554     0.119     0.026       93     6.5  precuneus
  964    922   2171  2.730 0.659     0.178     0.050       42     1.5  rostralanteriorcingulate
 9545   7142  16566  2.515 0.512     0.122     0.025      182     9.8  rostralmiddlefrontal
12068   8142  21365  2.761 0.500     0.138     0.050   535049     8.0  superiorfrontal
11747   7446  13312  1.939 0.504     0.093     0.016      172     7.2  superiorparietal
 5931   4644  11473  2.673 0.669     0.124     0.025    12440     5.7  superiortemporal
 6380   4599  11084  2.528 0.502     0.125     0.043      124     7.1  supramarginal
  711    601   1228  2.544 0.609     0.122     0.018       18     0.5  frontalpole
  677    981   2939  3.806 0.789     0.182     0.030        5     0.9  temporalpole
  507    378    695  2.094 0.366     0.091     0.024        6     0.4  transversetemporal
 3431   2172   6956  3.045 0.676     0.124     0.033       91     4.3  insula
#-----------------------------------------
#@# Parcellation Stats 2 rh Thu Mar 12 00:30:15 CET 2026
/out/sourcedata/freesurfer/sub-v1s2x0051489_ses-1/scripts

 mris_anatomical_stats -th3 -mgz -noglobal -cortex ../label/rh.cortex.label -f ../stats/rh.aparc.a2009s.stats -b -a ../label/rh.aparc.a2009s.annot -c ../label/aparc.annot.a2009s.ctab sub-v1s2x0051489_ses-1 rh white 

computing statistics for each annotation in ../label/rh.aparc.a2009s.annot.
reading volume /out/sourcedata/freesurfer/sub-v1s2x0051489_ses-1/mri/wm.mgz...
reading input surface /out/sourcedata/freesurfer/sub-v1s2x0051489_ses-1/surf/rh.white...
reading input pial surface /out/sourcedata/freesurfer/sub-v1s2x0051489_ses-1/surf/rh.pial...
reading input white surface /out/sourcedata/freesurfer/sub-v1s2x0051489_ses-1/surf/rh.white...
INFO: using TH3 volume calc
INFO: assuming MGZ format for volumes.
INFO: not computing global stats
INFO: using ../label/rh.cortex.label as mask to calc cortex NumVert, SurfArea and MeanThickness.
Using TH3 vertex volume calc
Total face volume 243562
Total vertex volume 243315 (mask=0)
Saving annotation colortable ../label/aparc.annot.a2009s.ctab

table columns are:
    number of vertices
    total surface area (mm^2)
    total gray matter volume (mm^3)
    average cortical thickness +- standard deviation (mm)
    integrated rectified mean curvature
    integrated rectified Gaussian curvature
    folding index
    intrinsic curvature index
    structure name

 1079    706   1687  2.208 0.570     0.122     0.028       14     1.3  G_and_S_frontomargin
 1501    981   2242  2.031 0.697     0.111     0.022       14     1.4  G_and_S_occipital_inf
 1638    874   1847  1.921 0.585     0.092     0.020       12     1.5  G_and_S_paracentral
 1505    920   2832  2.631 0.572     0.115     0.023       14     1.5  G_and_S_subcentral
 1800    957   3021  2.581 0.512     0.109     0.027       20     1.9  G_and_S_transv_frontopol
 3273   2276   6438  2.762 0.458     0.109     0.020       30     2.7  G_and_S_cingul-Ant
 1523   1010   2713  2.694 0.477     0.091     0.012       10     0.8  G_and_S_cingul-Mid-Ant
 1824   1185   3124  2.529 0.479     0.103     0.020       13     1.4  G_and_S_cingul-Mid-Post
  615    438   1668  2.994 0.683     0.145     0.033       10     0.7  G_cingul-Post-dorsal
  352    223    696  2.573 0.582     0.101     0.018        3     0.2  G_cingul-Post-ventral
 2678   1581   2764  1.626 0.481     0.118     0.025       29     3.1  G_cuneus
 1460    977   3202  2.602 0.469     0.114     0.022       19     1.2  G_front_inf-Opercular
  382    242    961  2.974 0.345     0.105     0.021        5     0.3  G_front_inf-Orbital
 1065    687   2556  2.849 0.447     0.121     0.025       18     1.1  G_front_inf-Triangul
 4752   2734  10577  2.841 0.482     0.115     0.023       59     4.5  G_front_middle
 7686   4307  15256  2.877 0.527     0.095     0.018       64     6.0  G_front_sup
  594    403   1339  3.395 0.660     0.132     0.034        8     0.7  G_Ins_lg_and_S_cent_ins
  690    454   2270  3.550 0.735     0.120     0.025       10     0.7  G_insular_short
 3747   2150   5786  2.204 0.538     0.114     0.024       43     3.8  G_occipital_middle
 2181   1141   2465  1.954 0.547     0.103     0.021       22     2.0  G_occipital_sup
 2893   1746   5107  2.393 0.751     0.105     0.023       33     2.5  G_oc-temp_lat-fusifor
 3379   2190   3980  1.651 0.562     0.127     0.027       40     4.0  G_oc-temp_med-Lingual
 1241    735   3135  2.900 0.911     0.081     0.018        8     0.7  G_oc-temp_med-Parahip
 2726   1852   6958  3.011 0.675     0.128     0.031       40     3.2  G_orbital
 3523   2000   6609  2.546 0.538     0.114     0.026       45     3.7  G_pariet_inf-Angular
 2976   1895   6147  2.699 0.456     0.117     0.021       32     2.6  G_pariet_inf-Supramar
 4114   2123   4820  1.976 0.524     0.088     0.016       34     2.9  G_parietal_sup
 2740   1507   2989  1.729 0.527     0.096     0.017       20     2.1  G_postcentral
 3618   1872   5227  2.305 0.750     0.094     0.021       27     3.0  G_precentral
 2984   1851   5286  2.317 0.546     0.120     0.025       35     2.9  G_precuneus
  878    611   2124  2.620 0.393     0.111     0.029       17     0.9  G_rectus
  390    263    576  2.193 0.925     0.110     0.038        4     0.5  G_subcallosal
  368    229    541  2.115 0.422     0.108     0.016        3     0.2  G_temp_sup-G_T_transv
 2135   1306   5481  3.005 0.628     0.104     0.019       19     1.8  G_temp_sup-Lateral
  956    606   2177  3.178 0.750     0.066     0.012        4     0.5  G_temp_sup-Plan_polar
  839    517   1435  2.503 0.431     0.096     0.016        6     0.6  G_temp_sup-Plan_tempo
 2633   1866   7450  2.991 0.772     0.120     0.029       41     3.0  G_temporal_inf
 3518   2493   9735  2.987 0.703     0.126     0.025       44     3.7  G_temporal_middle
  467    306    628  2.529 0.411     0.099     0.012        2     0.2  Lat_Fis-ant-Horizont
  285    201    339  2.144 0.374     0.120     0.023        2     0.3  Lat_Fis-ant-Vertical
 1472    960   1877  2.299 0.518     0.103     0.018        8     1.1  Lat_Fis-post
 4453   2719   4289  1.528 0.541     0.124     0.030       49     5.8  Pole_occipital
 1818   1352   6731  3.337 0.886     0.132     0.029       26     2.2  Pole_temporal
 2275   1546   2219  1.633 0.571     0.123     0.022       21     2.2  S_calcarine
 3275   2236   3374  1.720 0.598     0.101     0.016       19     2.5  S_central
 1578   1030   1795  1.884 0.456     0.082     0.012        7     0.8  S_cingul-Marginalis
  564    368    871  3.084 0.381     0.097     0.019        2     0.5  S_circular_insula_ant
 1311    834   1762  2.499 0.596     0.065     0.007        4     0.4  S_circular_insula_inf
 1540   1009   2106  2.549 0.395     0.095     0.015        6     1.1  S_circular_insula_sup
 1070    693   2176  2.844 0.574     0.086     0.014        6     0.6  S_collat_transv_ant
  668    443    536  1.553 0.254     0.147     0.037        8     1.1  S_collat_transv_post
 2298   1520   3119  2.277 0.458     0.114     0.019       20     1.9  S_front_inf
 2496   1675   3509  2.405 0.374     0.107     0.018       16     2.0  S_front_middle
 3132   2000   4562  2.532 0.344     0.085     0.014       15     1.9  S_front_sup
  647    447    806  2.256 0.333     0.120     0.021        5     0.6  S_interm_prim-Jensen
 5222   3360   5969  1.958 0.463     0.095     0.014       30     3.3  S_intrapariet_and_P_trans
 1490    964   1475  1.831 0.377     0.106     0.021       10     1.4  S_oc_middle_and_Lunatus
 1707   1093   2041  2.158 0.503     0.101     0.019       12     1.3  S_oc_sup_and_transversal
 1127    743   1354  1.923 0.437     0.115     0.023       10     1.1  S_occipital_ant
 1515    989   1869  2.156 0.481     0.088     0.010        8     0.7  S_oc-temp_lat
 2482   1640   2859  2.019 0.539     0.105     0.017       18     1.7  S_oc-temp_med_and_Lingual
  388    278    532  2.325 0.416     0.119     0.023        3     0.4  S_orbital_lateral
  659    442   1026  2.646 0.563     0.111     0.015        5     0.4  S_orbital_med-olfact
 1473   1048   2539  2.605 0.497     0.126     0.023       17     1.4  S_orbital-H_Shaped
 2371   1568   2847  2.064 0.583     0.115     0.020       19     2.2  S_parieto_occipital
 2076   1328   2126  1.892 0.735     0.124     0.018       30     1.7  S_pericallosal
 3371   2208   3734  1.955 0.540     0.116     0.021       30     3.2  S_postcentral
 2175   1458   3317  2.509 0.379     0.103     0.015       15     1.5  S_precentral-inf-part
 2063   1340   2815  2.405 0.564     0.092     0.015       10     1.5  S_precentral-sup-part
  548    353    675  2.399 0.531     0.097     0.010        3     0.3  S_suborbital
 1277    878   1982  2.394 0.558     0.118     0.023       10     1.3  S_subparietal
 1583   1081   2145  2.393 0.509     0.112     0.018       11     1.3  S_temporal_inf
 6696   4377   9855  2.526 0.428     0.097     0.014       37     4.2  S_temporal_sup
  224    156    233  2.011 0.456     0.152     0.025        4     0.3  S_temporal_transverse
#-----------------------------------------
#@# Parcellation Stats 3 rh Thu Mar 12 00:30:28 CET 2026
/out/sourcedata/freesurfer/sub-v1s2x0051489_ses-1/scripts

 mris_anatomical_stats -th3 -mgz -noglobal -cortex ../label/rh.cortex.label -f ../stats/rh.aparc.DKTatlas.stats -b -a ../label/rh.aparc.DKTatlas.annot -c ../label/aparc.annot.DKTatlas.ctab sub-v1s2x0051489_ses-1 rh white 

computing statistics for each annotation in ../label/rh.aparc.DKTatlas.annot.
reading volume /out/sourcedata/freesurfer/sub-v1s2x0051489_ses-1/mri/wm.mgz...
reading input surface /out/sourcedata/freesurfer/sub-v1s2x0051489_ses-1/surf/rh.white...
reading input pial surface /out/sourcedata/freesurfer/sub-v1s2x0051489_ses-1/surf/rh.pial...
reading input white surface /out/sourcedata/freesurfer/sub-v1s2x0051489_ses-1/surf/rh.white...
INFO: using TH3 volume calc
INFO: assuming MGZ format for volumes.
INFO: not computing global stats
INFO: using ../label/rh.cortex.label as mask to calc cortex NumVert, SurfArea and MeanThickness.
Using TH3 vertex volume calc
Total face volume 243562
Total vertex volume 243315 (mask=0)
Saving annotation colortable ../label/aparc.annot.DKTatlas.ctab

table columns are:
    number of vertices
    total surface area (mm^2)
    total gray matter volume (mm^3)
    average cortical thickness +- standard deviation (mm)
    integrated rectified mean curvature
    integrated rectified Gaussian curvature
    folding index
    intrinsic curvature index
    structure name

 1540   1050   2926  2.633 0.521     0.125     0.016       21     1.3  caudalanteriorcingulate
 4170   2537   7323  2.693 0.469     0.101     0.016       34     2.9  caudalmiddlefrontal
 3426   2058   3654  1.687 0.519     0.111     0.022       32     3.4  cuneus
  562    351   1736  3.239 0.855     0.092     0.022        5     0.4  entorhinal
 5415   3410   8805  2.359 0.680     0.102     0.020       49     4.2  fusiform
10135   6193  15674  2.383 0.512     0.107     0.021       92     9.0  inferiorparietal
 5472   3837  13043  2.823 0.773     0.116     0.024       66     5.2  inferiortemporal
 1543   1039   2625  2.267 0.834     0.111     0.021       16     1.3  isthmuscingulate
10028   6189  11512  1.793 0.541     0.118     0.026      103    10.8  lateraloccipital
 4317   2944   8849  2.798 0.673     0.132     0.029       61     5.1  lateralorbitofrontal
 5197   3408   5780  1.630 0.553     0.127     0.027       58     6.2  lingual
 2168   1463   4112  2.517 0.579     0.105     0.021       27     1.7  medialorbitofrontal
 7154   4923  15807  2.786 0.663     0.113     0.020       67     6.1  middletemporal
 1220    741   1985  2.420 0.673     0.082     0.013        6     0.6  parahippocampal
 2865   1592   3579  2.188 0.598     0.080     0.015       14     1.8  paracentral
 2822   1914   5049  2.475 0.432     0.109     0.020       28     2.4  parsopercularis
  932    634   2055  2.851 0.470     0.107     0.021        9     0.8  parsorbitalis
 2240   1473   4059  2.550 0.603     0.117     0.020       25     2.0  parstriangularis
 2521   1589   2047  1.414 0.374     0.118     0.024       25     2.6  pericalcarine
 8058   4863   8822  1.765 0.581     0.098     0.017       56     6.2  postcentral
 2389   1583   4069  2.380 0.763     0.120     0.024       28     2.2  posteriorcingulate
 8598   5209  12669  2.345 0.668     0.102     0.020       64     7.1  precentral
 6354   4110   9756  2.250 0.558     0.116     0.022       61     6.0  precuneus
 1240    883   2606  2.680 0.695     0.126     0.026       16     1.4  rostralanteriorcingulate
 6434   4085  11341  2.554 0.483     0.117     0.023       66     6.1  rostralmiddlefrontal
16069   9636  28603  2.714 0.518     0.095     0.018      123    12.3  superiorfrontal
10007   5751  11418  1.940 0.484     0.093     0.016       72     7.0  superiorparietal
 7511   4775  15897  2.791 0.733     0.093     0.017       52     5.3  superiortemporal
 5998   3884  10323  2.520 0.510     0.117     0.021       61     5.4  supramarginal
  502    320    702  2.097 0.369     0.106     0.016        4     0.3  transversetemporal
 3165   2110   6486  3.084 0.650     0.109     0.021       27     2.6  insula
/out/sourcedata/freesurfer/sub-v1s2x0051489_ses-1/label
#--------------------------------------------
#@# BA_exvivo Labels rh Thu Mar 12 00:30:39 CET 2026

 mri_label2label --srcsubject fsaverage --srclabel /out/sourcedata/freesurfer/fsaverage/label/rh.BA1_exvivo.label --trgsubject sub-v1s2x0051489_ses-1 --trglabel ./rh.BA1_exvivo.label --hemi rh --regmethod surface 


srclabel = /out/sourcedata/freesurfer/fsaverage/label/rh.BA1_exvivo.label
srcsubject = fsaverage
trgsubject = sub-v1s2x0051489_ses-1
trglabel = ./rh.BA1_exvivo.label
regmethod = surface

srchemi = rh
trghemi = rh
trgsurface = white
srcsurfreg = sphere.reg
trgsurfreg = sphere.reg
usehash = 1
Use ProjAbs  = 0, 0
Use ProjFrac = 0, 0
DoPaint 0

SUBJECTS_DIR    /out/sourcedata/freesurfer
FREESURFER_HOME /opt/freesurfer
Loading source label.
Found 3962 points in source label.
Starting surface-based mapping
Reading source registration 
 /out/sourcedata/freesurfer/fsaverage/surf/rh.sphere.reg
Rescaling ...  original radius = 100
Reading target surface 
 /out/sourcedata/freesurfer/sub-v1s2x0051489_ses-1/surf/rh.white
Reading target registration 
 /out/sourcedata/freesurfer/sub-v1s2x0051489_ses-1/surf/rh.sphere.reg
Rescaling ...  original radius = 100
Building target registration hash (res=16).
Building source registration hash (res=16).
INFO: found  3962 nlabel points
Performing mapping from target back to the source label 159592
Number of reverse mapping hits = 387
Checking for and removing duplicates
Writing label file ./rh.BA1_exvivo.label 4349
mri_label2label: Done


 mri_label2label --srcsubject fsaverage --srclabel /out/sourcedata/freesurfer/fsaverage/label/rh.BA2_exvivo.label --trgsubject sub-v1s2x0051489_ses-1 --trglabel ./rh.BA2_exvivo.label --hemi rh --regmethod surface 


srclabel = /out/sourcedata/freesurfer/fsaverage/label/rh.BA2_exvivo.label
srcsubject = fsaverage
trgsubject = sub-v1s2x0051489_ses-1
trglabel = ./rh.BA2_exvivo.label
regmethod = surface

srchemi = rh
trghemi = rh
trgsurface = white
srcsurfreg = sphere.reg
trgsurfreg = sphere.reg
usehash = 1
Use ProjAbs  = 0, 0
Use ProjFrac = 0, 0
DoPaint 0

SUBJECTS_DIR    /out/sourcedata/freesurfer
FREESURFER_HOME /opt/freesurfer
Loading source label.
Found 6687 points in source label.
Starting surface-based mapping
Reading source registration 
 /out/sourcedata/freesurfer/fsaverage/surf/rh.sphere.reg
Rescaling ...  original radius = 100
Reading target surface 
 /out/sourcedata/freesurfer/sub-v1s2x0051489_ses-1/surf/rh.white
Reading target registration 
 /out/sourcedata/freesurfer/sub-v1s2x0051489_ses-1/surf/rh.sphere.reg
Rescaling ...  original radius = 100
Building target registration hash (res=16).
Building source registration hash (res=16).
INFO: found  6687 nlabel points
Performing mapping from target back to the source label 159592
Number of reverse mapping hits = 544
Checking for and removing duplicates
Writing label file ./rh.BA2_exvivo.label 7231
mri_label2label: Done


 mri_label2label --srcsubject fsaverage --srclabel /out/sourcedata/freesurfer/fsaverage/label/rh.BA3a_exvivo.label --trgsubject sub-v1s2x0051489_ses-1 --trglabel ./rh.BA3a_exvivo.label --hemi rh --regmethod surface 


srclabel = /out/sourcedata/freesurfer/fsaverage/label/rh.BA3a_exvivo.label
srcsubject = fsaverage
trgsubject = sub-v1s2x0051489_ses-1
trglabel = ./rh.BA3a_exvivo.label
regmethod = surface

srchemi = rh
trghemi = rh
trgsurface = white
srcsurfreg = sphere.reg
trgsurfreg = sphere.reg
usehash = 1
Use ProjAbs  = 0, 0
Use ProjFrac = 0, 0
DoPaint 0

SUBJECTS_DIR    /out/sourcedata/freesurfer
FREESURFER_HOME /opt/freesurfer
Loading source label.
Found 3980 points in source label.
Starting surface-based mapping
Reading source registration 
 /out/sourcedata/freesurfer/fsaverage/surf/rh.sphere.reg
Rescaling ...  original radius = 100
Reading target surface 
 /out/sourcedata/freesurfer/sub-v1s2x0051489_ses-1/surf/rh.white
Reading target registration 
 /out/sourcedata/freesurfer/sub-v1s2x0051489_ses-1/surf/rh.sphere.reg
Rescaling ...  original radius = 100
Building target registration hash (res=16).
Building source registration hash (res=16).
INFO: found  3980 nlabel points
Performing mapping from target back to the source label 159592
Number of reverse mapping hits = 69
Checking for and removing duplicates
Writing label file ./rh.BA3a_exvivo.label 4049
mri_label2label: Done


 mri_label2label --srcsubject fsaverage --srclabel /out/sourcedata/freesurfer/fsaverage/label/rh.BA3b_exvivo.label --trgsubject sub-v1s2x0051489_ses-1 --trglabel ./rh.BA3b_exvivo.label --hemi rh --regmethod surface 


srclabel = /out/sourcedata/freesurfer/fsaverage/label/rh.BA3b_exvivo.label
srcsubject = fsaverage
trgsubject = sub-v1s2x0051489_ses-1
trglabel = ./rh.BA3b_exvivo.label
regmethod = surface

srchemi = rh
trghemi = rh
trgsurface = white
srcsurfreg = sphere.reg
trgsurfreg = sphere.reg
usehash = 1
Use ProjAbs  = 0, 0
Use ProjFrac = 0, 0
DoPaint 0

SUBJECTS_DIR    /out/sourcedata/freesurfer
FREESURFER_HOME /opt/freesurfer
Loading source label.
Found 4522 points in source label.
Starting surface-based mapping
Reading source registration 
 /out/sourcedata/freesurfer/fsaverage/surf/rh.sphere.reg
Rescaling ...  original radius = 100
Reading target surface 
 /out/sourcedata/freesurfer/sub-v1s2x0051489_ses-1/surf/rh.white
Reading target registration 
 /out/sourcedata/freesurfer/sub-v1s2x0051489_ses-1/surf/rh.sphere.reg
Rescaling ...  original radius = 100
Building target registration hash (res=16).
Building source registration hash (res=16).
INFO: found  4522 nlabel points
Performing mapping from target back to the source label 159592
Number of reverse mapping hits = 172
Checking for and removing duplicates
Writing label file ./rh.BA3b_exvivo.label 4694
mri_label2label: Done


 mri_label2label --srcsubject fsaverage --srclabel /out/sourcedata/freesurfer/fsaverage/label/rh.BA4a_exvivo.label --trgsubject sub-v1s2x0051489_ses-1 --trglabel ./rh.BA4a_exvivo.label --hemi rh --regmethod surface 


srclabel = /out/sourcedata/freesurfer/fsaverage/label/rh.BA4a_exvivo.label
srcsubject = fsaverage
trgsubject = sub-v1s2x0051489_ses-1
trglabel = ./rh.BA4a_exvivo.label
regmethod = surface

srchemi = rh
trghemi = rh
trgsurface = white
srcsurfreg = sphere.reg
trgsurfreg = sphere.reg
usehash = 1
Use ProjAbs  = 0, 0
Use ProjFrac = 0, 0
DoPaint 0

SUBJECTS_DIR    /out/sourcedata/freesurfer
FREESURFER_HOME /opt/freesurfer
Loading source label.
Found 5747 points in source label.
Starting surface-based mapping
Reading source registration 
 /out/sourcedata/freesurfer/fsaverage/surf/rh.sphere.reg
Rescaling ...  original radius = 100
Reading target surface 
 /out/sourcedata/freesurfer/sub-v1s2x0051489_ses-1/surf/rh.white
Reading target registration 
 /out/sourcedata/freesurfer/sub-v1s2x0051489_ses-1/surf/rh.sphere.reg
Rescaling ...  original radius = 100
Building target registration hash (res=16).
Building source registration hash (res=16).
INFO: found  5747 nlabel points
Performing mapping from target back to the source label 159592
Number of reverse mapping hits = 434
Checking for and removing duplicates
Writing label file ./rh.BA4a_exvivo.label 6181
mri_label2label: Done


 mri_label2label --srcsubject fsaverage --srclabel /out/sourcedata/freesurfer/fsaverage/label/rh.BA4p_exvivo.label --trgsubject sub-v1s2x0051489_ses-1 --trglabel ./rh.BA4p_exvivo.label --hemi rh --regmethod surface 


srclabel = /out/sourcedata/freesurfer/fsaverage/label/rh.BA4p_exvivo.label
srcsubject = fsaverage
trgsubject = sub-v1s2x0051489_ses-1
trglabel = ./rh.BA4p_exvivo.label
regmethod = surface

srchemi = rh
trghemi = rh
trgsurface = white
srcsurfreg = sphere.reg
trgsurfreg = sphere.reg
usehash = 1
Use ProjAbs  = 0, 0
Use ProjFrac = 0, 0
DoPaint 0

SUBJECTS_DIR    /out/sourcedata/freesurfer
FREESURFER_HOME /opt/freesurfer
Loading source label.
Found 4473 points in source label.
Starting surface-based mapping
Reading source registration 
 /out/sourcedata/freesurfer/fsaverage/surf/rh.sphere.reg
Rescaling ...  original radius = 100
Reading target surface 
 /out/sourcedata/freesurfer/sub-v1s2x0051489_ses-1/surf/rh.white
Reading target registration 
 /out/sourcedata/freesurfer/sub-v1s2x0051489_ses-1/surf/rh.sphere.reg
Rescaling ...  original radius = 100
Building target registration hash (res=16).
Building source registration hash (res=16).
INFO: found  4473 nlabel points
Performing mapping from target back to the source label 159592
Number of reverse mapping hits = 144
Checking for and removing duplicates
Writing label file ./rh.BA4p_exvivo.label 4617
mri_label2label: Done


 mri_label2label --srcsubject fsaverage --srclabel /out/sourcedata/freesurfer/fsaverage/label/rh.BA6_exvivo.label --trgsubject sub-v1s2x0051489_ses-1 --trglabel ./rh.BA6_exvivo.label --hemi rh --regmethod surface 


srclabel = /out/sourcedata/freesurfer/fsaverage/label/rh.BA6_exvivo.label
srcsubject = fsaverage
trgsubject = sub-v1s2x0051489_ses-1
trglabel = ./rh.BA6_exvivo.label
regmethod = surface

srchemi = rh
trghemi = rh
trgsurface = white
srcsurfreg = sphere.reg
trgsurfreg = sphere.reg
usehash = 1
Use ProjAbs  = 0, 0
Use ProjFrac = 0, 0
DoPaint 0

SUBJECTS_DIR    /out/sourcedata/freesurfer
FREESURFER_HOME /opt/freesurfer
Loading source label.
Found 12256 points in source label.
Starting surface-based mapping
Reading source registration 
 /out/sourcedata/freesurfer/fsaverage/surf/rh.sphere.reg
Rescaling ...  original radius = 100
Reading target surface 
 /out/sourcedata/freesurfer/sub-v1s2x0051489_ses-1/surf/rh.white
Reading target registration 
 /out/sourcedata/freesurfer/sub-v1s2x0051489_ses-1/surf/rh.sphere.reg
Rescaling ...  original radius = 100
Building target registration hash (res=16).
Building source registration hash (res=16).
INFO: found  12256 nlabel points
Performing mapping from target back to the source label 159592
Number of reverse mapping hits = 1618
Checking for and removing duplicates
Writing label file ./rh.BA6_exvivo.label 13874
mri_label2label: Done


 mri_label2label --srcsubject fsaverage --srclabel /out/sourcedata/freesurfer/fsaverage/label/rh.BA44_exvivo.label --trgsubject sub-v1s2x0051489_ses-1 --trglabel ./rh.BA44_exvivo.label --hemi rh --regmethod surface 


srclabel = /out/sourcedata/freesurfer/fsaverage/label/rh.BA44_exvivo.label
srcsubject = fsaverage
trgsubject = sub-v1s2x0051489_ses-1
trglabel = ./rh.BA44_exvivo.label
regmethod = surface

srchemi = rh
trghemi = rh
trgsurface = white
srcsurfreg = sphere.reg
trgsurfreg = sphere.reg
usehash = 1
Use ProjAbs  = 0, 0
Use ProjFrac = 0, 0
DoPaint 0

SUBJECTS_DIR    /out/sourcedata/freesurfer
FREESURFER_HOME /opt/freesurfer
Loading source label.
Found 6912 points in source label.
Starting surface-based mapping
Reading source registration 
 /out/sourcedata/freesurfer/fsaverage/surf/rh.sphere.reg
Rescaling ...  original radius = 100
Reading target surface 
 /out/sourcedata/freesurfer/sub-v1s2x0051489_ses-1/surf/rh.white
Reading target registration 
 /out/sourcedata/freesurfer/sub-v1s2x0051489_ses-1/surf/rh.sphere.reg
Rescaling ...  original radius = 100
Building target registration hash (res=16).
Building source registration hash (res=16).
INFO: found  6912 nlabel points
Performing mapping from target back to the source label 159592
Number of reverse mapping hits = 847
Checking for and removing duplicates
Writing label file ./rh.BA44_exvivo.label 7759
mri_label2label: Done


 mri_label2label --srcsubject fsaverage --srclabel /out/sourcedata/freesurfer/fsaverage/label/rh.BA45_exvivo.label --trgsubject sub-v1s2x0051489_ses-1 --trglabel ./rh.BA45_exvivo.label --hemi rh --regmethod surface 


srclabel = /out/sourcedata/freesurfer/fsaverage/label/rh.BA45_exvivo.label
srcsubject = fsaverage
trgsubject = sub-v1s2x0051489_ses-1
trglabel = ./rh.BA45_exvivo.label
regmethod = surface

srchemi = rh
trghemi = rh
trgsurface = white
srcsurfreg = sphere.reg
trgsurfreg = sphere.reg
usehash = 1
Use ProjAbs  = 0, 0
Use ProjFrac = 0, 0
DoPaint 0

SUBJECTS_DIR    /out/sourcedata/freesurfer
FREESURFER_HOME /opt/freesurfer
Loading source label.
Found 5355 points in source label.
Starting surface-based mapping
Reading source registration 
 /out/sourcedata/freesurfer/fsaverage/surf/rh.sphere.reg
Rescaling ...  original radius = 100
Reading target surface 
 /out/sourcedata/freesurfer/sub-v1s2x0051489_ses-1/surf/rh.white
Reading target registration 
 /out/sourcedata/freesurfer/sub-v1s2x0051489_ses-1/surf/rh.sphere.reg
Rescaling ...  original radius = 100
Building target registration hash (res=16).
Building source registration hash (res=16).
INFO: found  5355 nlabel points
Performing mapping from target back to the source label 159592
Number of reverse mapping hits = 761
Checking for and removing duplicates
Writing label file ./rh.BA45_exvivo.label 6116
mri_label2label: Done


 mri_label2label --srcsubject fsaverage --srclabel /out/sourcedata/freesurfer/fsaverage/label/rh.V1_exvivo.label --trgsubject sub-v1s2x0051489_ses-1 --trglabel ./rh.V1_exvivo.label --hemi rh --regmethod surface 


srclabel = /out/sourcedata/freesurfer/fsaverage/label/rh.V1_exvivo.label
srcsubject = fsaverage
trgsubject = sub-v1s2x0051489_ses-1
trglabel = ./rh.V1_exvivo.label
regmethod = surface

srchemi = rh
trghemi = rh
trgsurface = white
srcsurfreg = sphere.reg
trgsurfreg = sphere.reg
usehash = 1
Use ProjAbs  = 0, 0
Use ProjFrac = 0, 0
DoPaint 0

SUBJECTS_DIR    /out/sourcedata/freesurfer
FREESURFER_HOME /opt/freesurfer
Loading source label.
Found 4727 points in source label.
Starting surface-based mapping
Reading source registration 
 /out/sourcedata/freesurfer/fsaverage/surf/rh.sphere.reg
Rescaling ...  original radius = 100
Reading target surface 
 /out/sourcedata/freesurfer/sub-v1s2x0051489_ses-1/surf/rh.white
Reading target registration 
 /out/sourcedata/freesurfer/sub-v1s2x0051489_ses-1/surf/rh.sphere.reg
Rescaling ...  original radius = 100
Building target registration hash (res=16).
Building source registration hash (res=16).
INFO: found  4727 nlabel points
Performing mapping from target back to the source label 159592
Number of reverse mapping hits = 2174
Checking for and removing duplicates
Writing label file ./rh.V1_exvivo.label 6901
mri_label2label: Done


 mri_label2label --srcsubject fsaverage --srclabel /out/sourcedata/freesurfer/fsaverage/label/rh.V2_exvivo.label --trgsubject sub-v1s2x0051489_ses-1 --trglabel ./rh.V2_exvivo.label --hemi rh --regmethod surface 


srclabel = /out/sourcedata/freesurfer/fsaverage/label/rh.V2_exvivo.label
srcsubject = fsaverage
trgsubject = sub-v1s2x0051489_ses-1
trglabel = ./rh.V2_exvivo.label
regmethod = surface

srchemi = rh
trghemi = rh
trgsurface = white
srcsurfreg = sphere.reg
trgsurfreg = sphere.reg
usehash = 1
Use ProjAbs  = 0, 0
Use ProjFrac = 0, 0
DoPaint 0

SUBJECTS_DIR    /out/sourcedata/freesurfer
FREESURFER_HOME /opt/freesurfer
Loading source label.
Found 8016 points in source label.
Starting surface-based mapping
Reading source registration 
 /out/sourcedata/freesurfer/fsaverage/surf/rh.sphere.reg
Rescaling ...  original radius = 100
Reading target surface 
 /out/sourcedata/freesurfer/sub-v1s2x0051489_ses-1/surf/rh.white
Reading target registration 
 /out/sourcedata/freesurfer/sub-v1s2x0051489_ses-1/surf/rh.sphere.reg
Rescaling ...  original radius = 100
Building target registration hash (res=16).
Building source registration hash (res=16).
INFO: found  8016 nlabel points
Performing mapping from target back to the source label 159592
Number of reverse mapping hits = 4132
Checking for and removing duplicates
Writing label file ./rh.V2_exvivo.label 12148
mri_label2label: Done


 mri_label2label --srcsubject fsaverage --srclabel /out/sourcedata/freesurfer/fsaverage/label/rh.MT_exvivo.label --trgsubject sub-v1s2x0051489_ses-1 --trglabel ./rh.MT_exvivo.label --hemi rh --regmethod surface 


srclabel = /out/sourcedata/freesurfer/fsaverage/label/rh.MT_exvivo.label
srcsubject = fsaverage
trgsubject = sub-v1s2x0051489_ses-1
trglabel = ./rh.MT_exvivo.label
regmethod = surface

srchemi = rh
trghemi = rh
trgsurface = white
srcsurfreg = sphere.reg
trgsurfreg = sphere.reg
usehash = 1
Use ProjAbs  = 0, 0
Use ProjFrac = 0, 0
DoPaint 0

SUBJECTS_DIR    /out/sourcedata/freesurfer
FREESURFER_HOME /opt/freesurfer
Loading source label.
Found 1932 points in source label.
Starting surface-based mapping
Reading source registration 
 /out/sourcedata/freesurfer/fsaverage/surf/rh.sphere.reg
Rescaling ...  original radius = 100
Reading target surface 
 /out/sourcedata/freesurfer/sub-v1s2x0051489_ses-1/surf/rh.white
Reading target registration 
 /out/sourcedata/freesurfer/sub-v1s2x0051489_ses-1/surf/rh.sphere.reg
Rescaling ...  original radius = 100
Building target registration hash (res=16).
Building source registration hash (res=16).
INFO: found  1932 nlabel points
Performing mapping from target back to the source label 159592
Number of reverse mapping hits = 1182
Checking for and removing duplicates
Writing label file ./rh.MT_exvivo.label 3114
mri_label2label: Done


 mri_label2label --srcsubject fsaverage --srclabel /out/sourcedata/freesurfer/fsaverage/label/rh.entorhinal_exvivo.label --trgsubject sub-v1s2x0051489_ses-1 --trglabel ./rh.entorhinal_exvivo.label --hemi rh --regmethod surface 


srclabel = /out/sourcedata/freesurfer/fsaverage/label/rh.entorhinal_exvivo.label
srcsubject = fsaverage
trgsubject = sub-v1s2x0051489_ses-1
trglabel = ./rh.entorhinal_exvivo.label
regmethod = surface

srchemi = rh
trghemi = rh
trgsurface = white
srcsurfreg = sphere.reg
trgsurfreg = sphere.reg
usehash = 1
Use ProjAbs  = 0, 0
Use ProjFrac = 0, 0
DoPaint 0

SUBJECTS_DIR    /out/sourcedata/freesurfer
FREESURFER_HOME /opt/freesurfer
Loading source label.
Found 1038 points in source label.
Starting surface-based mapping
Reading source registration 
 /out/sourcedata/freesurfer/fsaverage/surf/rh.sphere.reg
Rescaling ...  original radius = 100
Reading target surface 
 /out/sourcedata/freesurfer/sub-v1s2x0051489_ses-1/surf/rh.white
Reading target registration 
 /out/sourcedata/freesurfer/sub-v1s2x0051489_ses-1/surf/rh.sphere.reg
Rescaling ...  original radius = 100
Building target registration hash (res=16).
Building source registration hash (res=16).
INFO: found  1038 nlabel points
Performing mapping from target back to the source label 159592
Number of reverse mapping hits = 40
Checking for and removing duplicates
Writing label file ./rh.entorhinal_exvivo.label 1078
mri_label2label: Done


 mri_label2label --srcsubject fsaverage --srclabel /out/sourcedata/freesurfer/fsaverage/label/rh.perirhinal_exvivo.label --trgsubject sub-v1s2x0051489_ses-1 --trglabel ./rh.perirhinal_exvivo.label --hemi rh --regmethod surface 


srclabel = /out/sourcedata/freesurfer/fsaverage/label/rh.perirhinal_exvivo.label
srcsubject = fsaverage
trgsubject = sub-v1s2x0051489_ses-1
trglabel = ./rh.perirhinal_exvivo.label
regmethod = surface

srchemi = rh
trghemi = rh
trgsurface = white
srcsurfreg = sphere.reg
trgsurfreg = sphere.reg
usehash = 1
Use ProjAbs  = 0, 0
Use ProjFrac = 0, 0
DoPaint 0

SUBJECTS_DIR    /out/sourcedata/freesurfer
FREESURFER_HOME /opt/freesurfer
Loading source label.
Found 752 points in source label.
Starting surface-based mapping
Reading source registration 
 /out/sourcedata/freesurfer/fsaverage/surf/rh.sphere.reg
Rescaling ...  original radius = 100
Reading target surface 
 /out/sourcedata/freesurfer/sub-v1s2x0051489_ses-1/surf/rh.white
Reading target registration 
 /out/sourcedata/freesurfer/sub-v1s2x0051489_ses-1/surf/rh.sphere.reg
Rescaling ...  original radius = 100
Building target registration hash (res=16).
Building source registration hash (res=16).
INFO: found  752 nlabel points
Performing mapping from target back to the source label 159592
Number of reverse mapping hits = 33
Checking for and removing duplicates
Writing label file ./rh.perirhinal_exvivo.label 785
mri_label2label: Done


 mri_label2label --srcsubject fsaverage --srclabel /out/sourcedata/freesurfer/fsaverage/label/rh.FG1.mpm.vpnl.label --trgsubject sub-v1s2x0051489_ses-1 --trglabel ./rh.FG1.mpm.vpnl.label --hemi rh --regmethod surface 


srclabel = /out/sourcedata/freesurfer/fsaverage/label/rh.FG1.mpm.vpnl.label
srcsubject = fsaverage
trgsubject = sub-v1s2x0051489_ses-1
trglabel = ./rh.FG1.mpm.vpnl.label
regmethod = surface

srchemi = rh
trghemi = rh
trgsurface = white
srcsurfreg = sphere.reg
trgsurfreg = sphere.reg
usehash = 1
Use ProjAbs  = 0, 0
Use ProjFrac = 0, 0
DoPaint 0

SUBJECTS_DIR    /out/sourcedata/freesurfer
FREESURFER_HOME /opt/freesurfer
Loading source label.
Found 541 points in source label.
Starting surface-based mapping
Reading source registration 
 /out/sourcedata/freesurfer/fsaverage/surf/rh.sphere.reg
Rescaling ...  original radius = 100
Reading target surface 
 /out/sourcedata/freesurfer/sub-v1s2x0051489_ses-1/surf/rh.white
Reading target registration 
 /out/sourcedata/freesurfer/sub-v1s2x0051489_ses-1/surf/rh.sphere.reg
Rescaling ...  original radius = 100
Building target registration hash (res=16).
Building source registration hash (res=16).
INFO: found  541 nlabel points
Performing mapping from target back to the source label 159592
Number of reverse mapping hits = 309
Checking for and removing duplicates
Writing label file ./rh.FG1.mpm.vpnl.label 850
mri_label2label: Done


 mri_label2label --srcsubject fsaverage --srclabel /out/sourcedata/freesurfer/fsaverage/label/rh.FG2.mpm.vpnl.label --trgsubject sub-v1s2x0051489_ses-1 --trglabel ./rh.FG2.mpm.vpnl.label --hemi rh --regmethod surface 


srclabel = /out/sourcedata/freesurfer/fsaverage/label/rh.FG2.mpm.vpnl.label
srcsubject = fsaverage
trgsubject = sub-v1s2x0051489_ses-1
trglabel = ./rh.FG2.mpm.vpnl.label
regmethod = surface

srchemi = rh
trghemi = rh
trgsurface = white
srcsurfreg = sphere.reg
trgsurfreg = sphere.reg
usehash = 1
Use ProjAbs  = 0, 0
Use ProjFrac = 0, 0
DoPaint 0

SUBJECTS_DIR    /out/sourcedata/freesurfer
FREESURFER_HOME /opt/freesurfer
Loading source label.
Found 721 points in source label.
Starting surface-based mapping
Reading source registration 
 /out/sourcedata/freesurfer/fsaverage/surf/rh.sphere.reg
Rescaling ...  original radius = 100
Reading target surface 
 /out/sourcedata/freesurfer/sub-v1s2x0051489_ses-1/surf/rh.white
Reading target registration 
 /out/sourcedata/freesurfer/sub-v1s2x0051489_ses-1/surf/rh.sphere.reg
Rescaling ...  original radius = 100
Building target registration hash (res=16).
Building source registration hash (res=16).
INFO: found  721 nlabel points
Performing mapping from target back to the source label 159592
Number of reverse mapping hits = 451
Checking for and removing duplicates
Writing label file ./rh.FG2.mpm.vpnl.label 1172
mri_label2label: Done


 mri_label2label --srcsubject fsaverage --srclabel /out/sourcedata/freesurfer/fsaverage/label/rh.FG3.mpm.vpnl.label --trgsubject sub-v1s2x0051489_ses-1 --trglabel ./rh.FG3.mpm.vpnl.label --hemi rh --regmethod surface 


srclabel = /out/sourcedata/freesurfer/fsaverage/label/rh.FG3.mpm.vpnl.label
srcsubject = fsaverage
trgsubject = sub-v1s2x0051489_ses-1
trglabel = ./rh.FG3.mpm.vpnl.label
regmethod = surface

srchemi = rh
trghemi = rh
trgsurface = white
srcsurfreg = sphere.reg
trgsurfreg = sphere.reg
usehash = 1
Use ProjAbs  = 0, 0
Use ProjFrac = 0, 0
DoPaint 0

SUBJECTS_DIR    /out/sourcedata/freesurfer
FREESURFER_HOME /opt/freesurfer
Loading source label.
Found 1523 points in source label.
Starting surface-based mapping
Reading source registration 
 /out/sourcedata/freesurfer/fsaverage/surf/rh.sphere.reg
Rescaling ...  original radius = 100
Reading target surface 
 /out/sourcedata/freesurfer/sub-v1s2x0051489_ses-1/surf/rh.white
Reading target registration 
 /out/sourcedata/freesurfer/sub-v1s2x0051489_ses-1/surf/rh.sphere.reg
Rescaling ...  original radius = 100
Building target registration hash (res=16).
Building source registration hash (res=16).
INFO: found  1523 nlabel points
Performing mapping from target back to the source label 159592
Number of reverse mapping hits = 389
Checking for and removing duplicates
Writing label file ./rh.FG3.mpm.vpnl.label 1912
mri_label2label: Done


 mri_label2label --srcsubject fsaverage --srclabel /out/sourcedata/freesurfer/fsaverage/label/rh.FG4.mpm.vpnl.label --trgsubject sub-v1s2x0051489_ses-1 --trglabel ./rh.FG4.mpm.vpnl.label --hemi rh --regmethod surface 


srclabel = /out/sourcedata/freesurfer/fsaverage/label/rh.FG4.mpm.vpnl.label
srcsubject = fsaverage
trgsubject = sub-v1s2x0051489_ses-1
trglabel = ./rh.FG4.mpm.vpnl.label
regmethod = surface

srchemi = rh
trghemi = rh
trgsurface = white
srcsurfreg = sphere.reg
trgsurfreg = sphere.reg
usehash = 1
Use ProjAbs  = 0, 0
Use ProjFrac = 0, 0
DoPaint 0

SUBJECTS_DIR    /out/sourcedata/freesurfer
FREESURFER_HOME /opt/freesurfer
Loading source label.
Found 1586 points in source label.
Starting surface-based mapping
Reading source registration 
 /out/sourcedata/freesurfer/fsaverage/surf/rh.sphere.reg
Rescaling ...  original radius = 100
Reading target surface 
 /out/sourcedata/freesurfer/sub-v1s2x0051489_ses-1/surf/rh.white
Reading target registration 
 /out/sourcedata/freesurfer/sub-v1s2x0051489_ses-1/surf/rh.sphere.reg
Rescaling ...  original radius = 100
Building target registration hash (res=16).
Building source registration hash (res=16).
INFO: found  1586 nlabel points
Performing mapping from target back to the source label 159592
Number of reverse mapping hits = 955
Checking for and removing duplicates
Writing label file ./rh.FG4.mpm.vpnl.label 2541
mri_label2label: Done


 mri_label2label --srcsubject fsaverage --srclabel /out/sourcedata/freesurfer/fsaverage/label/rh.hOc1.mpm.vpnl.label --trgsubject sub-v1s2x0051489_ses-1 --trglabel ./rh.hOc1.mpm.vpnl.label --hemi rh --regmethod surface 


srclabel = /out/sourcedata/freesurfer/fsaverage/label/rh.hOc1.mpm.vpnl.label
srcsubject = fsaverage
trgsubject = sub-v1s2x0051489_ses-1
trglabel = ./rh.hOc1.mpm.vpnl.label
regmethod = surface

srchemi = rh
trghemi = rh
trgsurface = white
srcsurfreg = sphere.reg
trgsurfreg = sphere.reg
usehash = 1
Use ProjAbs  = 0, 0
Use ProjFrac = 0, 0
DoPaint 0

SUBJECTS_DIR    /out/sourcedata/freesurfer
FREESURFER_HOME /opt/freesurfer
Loading source label.
Found 3667 points in source label.
Starting surface-based mapping
Reading source registration 
 /out/sourcedata/freesurfer/fsaverage/surf/rh.sphere.reg
Rescaling ...  original radius = 100
Reading target surface 
 /out/sourcedata/freesurfer/sub-v1s2x0051489_ses-1/surf/rh.white
Reading target registration 
 /out/sourcedata/freesurfer/sub-v1s2x0051489_ses-1/surf/rh.sphere.reg
Rescaling ...  original radius = 100
Building target registration hash (res=16).
Building source registration hash (res=16).
INFO: found  3667 nlabel points
Performing mapping from target back to the source label 159592
Number of reverse mapping hits = 1606
Checking for and removing duplicates
Writing label file ./rh.hOc1.mpm.vpnl.label 5273
mri_label2label: Done


 mri_label2label --srcsubject fsaverage --srclabel /out/sourcedata/freesurfer/fsaverage/label/rh.hOc2.mpm.vpnl.label --trgsubject sub-v1s2x0051489_ses-1 --trglabel ./rh.hOc2.mpm.vpnl.label --hemi rh --regmethod surface 


srclabel = /out/sourcedata/freesurfer/fsaverage/label/rh.hOc2.mpm.vpnl.label
srcsubject = fsaverage
trgsubject = sub-v1s2x0051489_ses-1
trglabel = ./rh.hOc2.mpm.vpnl.label
regmethod = surface

srchemi = rh
trghemi = rh
trgsurface = white
srcsurfreg = sphere.reg
trgsurfreg = sphere.reg
usehash = 1
Use ProjAbs  = 0, 0
Use ProjFrac = 0, 0
DoPaint 0

SUBJECTS_DIR    /out/sourcedata/freesurfer
FREESURFER_HOME /opt/freesurfer
Loading source label.
Found 2719 points in source label.
Starting surface-based mapping
Reading source registration 
 /out/sourcedata/freesurfer/fsaverage/surf/rh.sphere.reg
Rescaling ...  original radius = 100
Reading target surface 
 /out/sourcedata/freesurfer/sub-v1s2x0051489_ses-1/surf/rh.white
Reading target registration 
 /out/sourcedata/freesurfer/sub-v1s2x0051489_ses-1/surf/rh.sphere.reg
Rescaling ...  original radius = 100
Building target registration hash (res=16).
Building source registration hash (res=16).
INFO: found  2719 nlabel points
Performing mapping from target back to the source label 159592
Number of reverse mapping hits = 1462
Checking for and removing duplicates
Writing label file ./rh.hOc2.mpm.vpnl.label 4181
mri_label2label: Done


 mri_label2label --srcsubject fsaverage --srclabel /out/sourcedata/freesurfer/fsaverage/label/rh.hOc3v.mpm.vpnl.label --trgsubject sub-v1s2x0051489_ses-1 --trglabel ./rh.hOc3v.mpm.vpnl.label --hemi rh --regmethod surface 


srclabel = /out/sourcedata/freesurfer/fsaverage/label/rh.hOc3v.mpm.vpnl.label
srcsubject = fsaverage
trgsubject = sub-v1s2x0051489_ses-1
trglabel = ./rh.hOc3v.mpm.vpnl.label
regmethod = surface

srchemi = rh
trghemi = rh
trgsurface = white
srcsurfreg = sphere.reg
trgsurfreg = sphere.reg
usehash = 1
Use ProjAbs  = 0, 0
Use ProjFrac = 0, 0
DoPaint 0

SUBJECTS_DIR    /out/sourcedata/freesurfer
FREESURFER_HOME /opt/freesurfer
Loading source label.
Found 1228 points in source label.
Starting surface-based mapping
Reading source registration 
 /out/sourcedata/freesurfer/fsaverage/surf/rh.sphere.reg
Rescaling ...  original radius = 100
Reading target surface 
 /out/sourcedata/freesurfer/sub-v1s2x0051489_ses-1/surf/rh.white
Reading target registration 
 /out/sourcedata/freesurfer/sub-v1s2x0051489_ses-1/surf/rh.sphere.reg
Rescaling ...  original radius = 100
Building target registration hash (res=16).
Building source registration hash (res=16).
INFO: found  1228 nlabel points
Performing mapping from target back to the source label 159592
Number of reverse mapping hits = 787
Checking for and removing duplicates
Writing label file ./rh.hOc3v.mpm.vpnl.label 2015
mri_label2label: Done


 mri_label2label --srcsubject fsaverage --srclabel /out/sourcedata/freesurfer/fsaverage/label/rh.hOc4v.mpm.vpnl.label --trgsubject sub-v1s2x0051489_ses-1 --trglabel ./rh.hOc4v.mpm.vpnl.label --hemi rh --regmethod surface 


srclabel = /out/sourcedata/freesurfer/fsaverage/label/rh.hOc4v.mpm.vpnl.label
srcsubject = fsaverage
trgsubject = sub-v1s2x0051489_ses-1
trglabel = ./rh.hOc4v.mpm.vpnl.label
regmethod = surface

srchemi = rh
trghemi = rh
trgsurface = white
srcsurfreg = sphere.reg
trgsurfreg = sphere.reg
usehash = 1
Use ProjAbs  = 0, 0
Use ProjFrac = 0, 0
DoPaint 0

SUBJECTS_DIR    /out/sourcedata/freesurfer
FREESURFER_HOME /opt/freesurfer
Loading source label.
Found 1025 points in source label.
Starting surface-based mapping
Reading source registration 
 /out/sourcedata/freesurfer/fsaverage/surf/rh.sphere.reg
Rescaling ...  original radius = 100
Reading target surface 
 /out/sourcedata/freesurfer/sub-v1s2x0051489_ses-1/surf/rh.white
Reading target registration 
 /out/sourcedata/freesurfer/sub-v1s2x0051489_ses-1/surf/rh.sphere.reg
Rescaling ...  original radius = 100
Building target registration hash (res=16).
Building source registration hash (res=16).
INFO: found  1025 nlabel points
Performing mapping from target back to the source label 159592
Number of reverse mapping hits = 642
Checking for and removing duplicates
Writing label file ./rh.hOc4v.mpm.vpnl.label 1667
mri_label2label: Done


 mris_label2annot --s sub-v1s2x0051489_ses-1 --ctab /opt/freesurfer/average/colortable_vpnl.txt --hemi rh --a mpm.vpnl --maxstatwinner --noverbose --l rh.FG1.mpm.vpnl.label --l rh.FG2.mpm.vpnl.label --l rh.FG3.mpm.vpnl.label --l rh.FG4.mpm.vpnl.label --l rh.hOc1.mpm.vpnl.label --l rh.hOc2.mpm.vpnl.label --l rh.hOc3v.mpm.vpnl.label --l rh.hOc4v.mpm.vpnl.label 

Reading ctab /opt/freesurfer/average/colortable_vpnl.txt
Number of ctab entries 9

7.3.2
cwd /out/sourcedata/freesurfer/sub-v1s2x0051489_ses-1/label
cmdline mris_label2annot --s sub-v1s2x0051489_ses-1 --ctab /opt/freesurfer/average/colortable_vpnl.txt --hemi rh --a mpm.vpnl --maxstatwinner --noverbose --l rh.FG1.mpm.vpnl.label --l rh.FG2.mpm.vpnl.label --l rh.FG3.mpm.vpnl.label --l rh.FG4.mpm.vpnl.label --l rh.hOc1.mpm.vpnl.label --l rh.hOc2.mpm.vpnl.label --l rh.hOc3v.mpm.vpnl.label --l rh.hOc4v.mpm.vpnl.label 
sysname  Linux
hostname dna055
machine  x86_64
user     oesteban

subject sub-v1s2x0051489_ses-1
hemi    rh
SUBJECTS_DIR /out/sourcedata/freesurfer
ColorTable /opt/freesurfer/average/colortable_vpnl.txt
AnnotName  mpm.vpnl
nlables 8
LabelThresh 0 0.000000
Loading /out/sourcedata/freesurfer/sub-v1s2x0051489_ses-1/surf/rh.orig
 1 1376057 FG1
 2 16711935 FG2
 3 16711680 FG3
 4 1705837 FG4
 5 25600 hOc1
 6 255 hOc2
 7 16776960 hOc3v
 8 65535 hOc4v
Mapping unhit to unknown
Found 140660 unhit vertices
Writing annot to /out/sourcedata/freesurfer/sub-v1s2x0051489_ses-1/label/rh.mpm.vpnl.annot

 mri_label2label --srcsubject fsaverage --srclabel /out/sourcedata/freesurfer/fsaverage/label/rh.BA1_exvivo.thresh.label --trgsubject sub-v1s2x0051489_ses-1 --trglabel ./rh.BA1_exvivo.thresh.label --hemi rh --regmethod surface 


srclabel = /out/sourcedata/freesurfer/fsaverage/label/rh.BA1_exvivo.thresh.label
srcsubject = fsaverage
trgsubject = sub-v1s2x0051489_ses-1
trglabel = ./rh.BA1_exvivo.thresh.label
regmethod = surface

srchemi = rh
trghemi = rh
trgsurface = white
srcsurfreg = sphere.reg
trgsurfreg = sphere.reg
usehash = 1
Use ProjAbs  = 0, 0
Use ProjFrac = 0, 0
DoPaint 0

SUBJECTS_DIR    /out/sourcedata/freesurfer
FREESURFER_HOME /opt/freesurfer
Loading source label.
Found 876 points in source label.
Starting surface-based mapping
Reading source registration 
 /out/sourcedata/freesurfer/fsaverage/surf/rh.sphere.reg
Rescaling ...  original radius = 100
Reading target surface 
 /out/sourcedata/freesurfer/sub-v1s2x0051489_ses-1/surf/rh.white
Reading target registration 
 /out/sourcedata/freesurfer/sub-v1s2x0051489_ses-1/surf/rh.sphere.reg
Rescaling ...  original radius = 100
Building target registration hash (res=16).
Building source registration hash (res=16).
INFO: found  876 nlabel points
Performing mapping from target back to the source label 159592
Number of reverse mapping hits = 106
Checking for and removing duplicates
Writing label file ./rh.BA1_exvivo.thresh.label 982
mri_label2label: Done


 mri_label2label --srcsubject fsaverage --srclabel /out/sourcedata/freesurfer/fsaverage/label/rh.BA2_exvivo.thresh.label --trgsubject sub-v1s2x0051489_ses-1 --trglabel ./rh.BA2_exvivo.thresh.label --hemi rh --regmethod surface 


srclabel = /out/sourcedata/freesurfer/fsaverage/label/rh.BA2_exvivo.thresh.label
srcsubject = fsaverage
trgsubject = sub-v1s2x0051489_ses-1
trglabel = ./rh.BA2_exvivo.thresh.label
regmethod = surface

srchemi = rh
trghemi = rh
trgsurface = white
srcsurfreg = sphere.reg
trgsurfreg = sphere.reg
usehash = 1
Use ProjAbs  = 0, 0
Use ProjFrac = 0, 0
DoPaint 0

SUBJECTS_DIR    /out/sourcedata/freesurfer
FREESURFER_HOME /opt/freesurfer
Loading source label.
Found 2688 points in source label.
Starting surface-based mapping
Reading source registration 
 /out/sourcedata/freesurfer/fsaverage/surf/rh.sphere.reg
Rescaling ...  original radius = 100
Reading target surface 
 /out/sourcedata/freesurfer/sub-v1s2x0051489_ses-1/surf/rh.white
Reading target registration 
 /out/sourcedata/freesurfer/sub-v1s2x0051489_ses-1/surf/rh.sphere.reg
Rescaling ...  original radius = 100
Building target registration hash (res=16).
Building source registration hash (res=16).
INFO: found  2688 nlabel points
Performing mapping from target back to the source label 159592
Number of reverse mapping hits = 231
Checking for and removing duplicates
Writing label file ./rh.BA2_exvivo.thresh.label 2919
mri_label2label: Done


 mri_label2label --srcsubject fsaverage --srclabel /out/sourcedata/freesurfer/fsaverage/label/rh.BA3a_exvivo.thresh.label --trgsubject sub-v1s2x0051489_ses-1 --trglabel ./rh.BA3a_exvivo.thresh.label --hemi rh --regmethod surface 


srclabel = /out/sourcedata/freesurfer/fsaverage/label/rh.BA3a_exvivo.thresh.label
srcsubject = fsaverage
trgsubject = sub-v1s2x0051489_ses-1
trglabel = ./rh.BA3a_exvivo.thresh.label
regmethod = surface

srchemi = rh
trghemi = rh
trgsurface = white
srcsurfreg = sphere.reg
trgsurfreg = sphere.reg
usehash = 1
Use ProjAbs  = 0, 0
Use ProjFrac = 0, 0
DoPaint 0

SUBJECTS_DIR    /out/sourcedata/freesurfer
FREESURFER_HOME /opt/freesurfer
Loading source label.
Found 1698 points in source label.
Starting surface-based mapping
Reading source registration 
 /out/sourcedata/freesurfer/fsaverage/surf/rh.sphere.reg
Rescaling ...  original radius = 100
Reading target surface 
 /out/sourcedata/freesurfer/sub-v1s2x0051489_ses-1/surf/rh.white
Reading target registration 
 /out/sourcedata/freesurfer/sub-v1s2x0051489_ses-1/surf/rh.sphere.reg
Rescaling ...  original radius = 100
Building target registration hash (res=16).
Building source registration hash (res=16).
INFO: found  1698 nlabel points
Performing mapping from target back to the source label 159592
Number of reverse mapping hits = 19
Checking for and removing duplicates
Writing label file ./rh.BA3a_exvivo.thresh.label 1717
mri_label2label: Done


 mri_label2label --srcsubject fsaverage --srclabel /out/sourcedata/freesurfer/fsaverage/label/rh.BA3b_exvivo.thresh.label --trgsubject sub-v1s2x0051489_ses-1 --trglabel ./rh.BA3b_exvivo.thresh.label --hemi rh --regmethod surface 


srclabel = /out/sourcedata/freesurfer/fsaverage/label/rh.BA3b_exvivo.thresh.label
srcsubject = fsaverage
trgsubject = sub-v1s2x0051489_ses-1
trglabel = ./rh.BA3b_exvivo.thresh.label
regmethod = surface

srchemi = rh
trghemi = rh
trgsurface = white
srcsurfreg = sphere.reg
trgsurfreg = sphere.reg
usehash = 1
Use ProjAbs  = 0, 0
Use ProjFrac = 0, 0
DoPaint 0

SUBJECTS_DIR    /out/sourcedata/freesurfer
FREESURFER_HOME /opt/freesurfer
Loading source label.
Found 2183 points in source label.
Starting surface-based mapping
Reading source registration 
 /out/sourcedata/freesurfer/fsaverage/surf/rh.sphere.reg
Rescaling ...  original radius = 100
Reading target surface 
 /out/sourcedata/freesurfer/sub-v1s2x0051489_ses-1/surf/rh.white
Reading target registration 
 /out/sourcedata/freesurfer/sub-v1s2x0051489_ses-1/surf/rh.sphere.reg
Rescaling ...  original radius = 100
Building target registration hash (res=16).
Building source registration hash (res=16).
INFO: found  2183 nlabel points
Performing mapping from target back to the source label 159592
Number of reverse mapping hits = 77
Checking for and removing duplicates
Writing label file ./rh.BA3b_exvivo.thresh.label 2260
mri_label2label: Done


 mri_label2label --srcsubject fsaverage --srclabel /out/sourcedata/freesurfer/fsaverage/label/rh.BA4a_exvivo.thresh.label --trgsubject sub-v1s2x0051489_ses-1 --trglabel ./rh.BA4a_exvivo.thresh.label --hemi rh --regmethod surface 


srclabel = /out/sourcedata/freesurfer/fsaverage/label/rh.BA4a_exvivo.thresh.label
srcsubject = fsaverage
trgsubject = sub-v1s2x0051489_ses-1
trglabel = ./rh.BA4a_exvivo.thresh.label
regmethod = surface

srchemi = rh
trghemi = rh
trgsurface = white
srcsurfreg = sphere.reg
trgsurfreg = sphere.reg
usehash = 1
Use ProjAbs  = 0, 0
Use ProjFrac = 0, 0
DoPaint 0

SUBJECTS_DIR    /out/sourcedata/freesurfer
FREESURFER_HOME /opt/freesurfer
Loading source label.
Found 1388 points in source label.
Starting surface-based mapping
Reading source registration 
 /out/sourcedata/freesurfer/fsaverage/surf/rh.sphere.reg
Rescaling ...  original radius = 100
Reading target surface 
 /out/sourcedata/freesurfer/sub-v1s2x0051489_ses-1/surf/rh.white
Reading target registration 
 /out/sourcedata/freesurfer/sub-v1s2x0051489_ses-1/surf/rh.sphere.reg
Rescaling ...  original radius = 100
Building target registration hash (res=16).
Building source registration hash (res=16).
INFO: found  1388 nlabel points
Performing mapping from target back to the source label 159592
Number of reverse mapping hits = 47
Checking for and removing duplicates
Writing label file ./rh.BA4a_exvivo.thresh.label 1435
mri_label2label: Done


 mri_label2label --srcsubject fsaverage --srclabel /out/sourcedata/freesurfer/fsaverage/label/rh.BA4p_exvivo.thresh.label --trgsubject sub-v1s2x0051489_ses-1 --trglabel ./rh.BA4p_exvivo.thresh.label --hemi rh --regmethod surface 


srclabel = /out/sourcedata/freesurfer/fsaverage/label/rh.BA4p_exvivo.thresh.label
srcsubject = fsaverage
trgsubject = sub-v1s2x0051489_ses-1
trglabel = ./rh.BA4p_exvivo.thresh.label
regmethod = surface

srchemi = rh
trghemi = rh
trgsurface = white
srcsurfreg = sphere.reg
trgsurfreg = sphere.reg
usehash = 1
Use ProjAbs  = 0, 0
Use ProjFrac = 0, 0
DoPaint 0

SUBJECTS_DIR    /out/sourcedata/freesurfer
FREESURFER_HOME /opt/freesurfer
Loading source label.
Found 1489 points in source label.
Starting surface-based mapping
Reading source registration 
 /out/sourcedata/freesurfer/fsaverage/surf/rh.sphere.reg
Rescaling ...  original radius = 100
Reading target surface 
 /out/sourcedata/freesurfer/sub-v1s2x0051489_ses-1/surf/rh.white
Reading target registration 
 /out/sourcedata/freesurfer/sub-v1s2x0051489_ses-1/surf/rh.sphere.reg
Rescaling ...  original radius = 100
Building target registration hash (res=16).
Building source registration hash (res=16).
INFO: found  1489 nlabel points
Performing mapping from target back to the source label 159592
Number of reverse mapping hits = 62
Checking for and removing duplicates
Writing label file ./rh.BA4p_exvivo.thresh.label 1551
mri_label2label: Done


 mri_label2label --srcsubject fsaverage --srclabel /out/sourcedata/freesurfer/fsaverage/label/rh.BA6_exvivo.thresh.label --trgsubject sub-v1s2x0051489_ses-1 --trglabel ./rh.BA6_exvivo.thresh.label --hemi rh --regmethod surface 


srclabel = /out/sourcedata/freesurfer/fsaverage/label/rh.BA6_exvivo.thresh.label
srcsubject = fsaverage
trgsubject = sub-v1s2x0051489_ses-1
trglabel = ./rh.BA6_exvivo.thresh.label
regmethod = surface

srchemi = rh
trghemi = rh
trgsurface = white
srcsurfreg = sphere.reg
trgsurfreg = sphere.reg
usehash = 1
Use ProjAbs  = 0, 0
Use ProjFrac = 0, 0
DoPaint 0

SUBJECTS_DIR    /out/sourcedata/freesurfer
FREESURFER_HOME /opt/freesurfer
Loading source label.
Found 6959 points in source label.
Starting surface-based mapping
Reading source registration 
 /out/sourcedata/freesurfer/fsaverage/surf/rh.sphere.reg
Rescaling ...  original radius = 100
Reading target surface 
 /out/sourcedata/freesurfer/sub-v1s2x0051489_ses-1/surf/rh.white
Reading target registration 
 /out/sourcedata/freesurfer/sub-v1s2x0051489_ses-1/surf/rh.sphere.reg
Rescaling ...  original radius = 100
Building target registration hash (res=16).
Building source registration hash (res=16).
INFO: found  6959 nlabel points
Performing mapping from target back to the source label 159592
Number of reverse mapping hits = 1066
Checking for and removing duplicates
Writing label file ./rh.BA6_exvivo.thresh.label 8025
mri_label2label: Done


 mri_label2label --srcsubject fsaverage --srclabel /out/sourcedata/freesurfer/fsaverage/label/rh.BA44_exvivo.thresh.label --trgsubject sub-v1s2x0051489_ses-1 --trglabel ./rh.BA44_exvivo.thresh.label --hemi rh --regmethod surface 


srclabel = /out/sourcedata/freesurfer/fsaverage/label/rh.BA44_exvivo.thresh.label
srcsubject = fsaverage
trgsubject = sub-v1s2x0051489_ses-1
trglabel = ./rh.BA44_exvivo.thresh.label
regmethod = surface

srchemi = rh
trghemi = rh
trgsurface = white
srcsurfreg = sphere.reg
trgsurfreg = sphere.reg
usehash = 1
Use ProjAbs  = 0, 0
Use ProjFrac = 0, 0
DoPaint 0

SUBJECTS_DIR    /out/sourcedata/freesurfer
FREESURFER_HOME /opt/freesurfer
Loading source label.
Found 1012 points in source label.
Starting surface-based mapping
Reading source registration 
 /out/sourcedata/freesurfer/fsaverage/surf/rh.sphere.reg
Rescaling ...  original radius = 100
Reading target surface 
 /out/sourcedata/freesurfer/sub-v1s2x0051489_ses-1/surf/rh.white
Reading target registration 
 /out/sourcedata/freesurfer/sub-v1s2x0051489_ses-1/surf/rh.sphere.reg
Rescaling ...  original radius = 100
Building target registration hash (res=16).
Building source registration hash (res=16).
INFO: found  1012 nlabel points
Performing mapping from target back to the source label 159592
Number of reverse mapping hits = 229
Checking for and removing duplicates
Writing label file ./rh.BA44_exvivo.thresh.label 1241
mri_label2label: Done


 mri_label2label --srcsubject fsaverage --srclabel /out/sourcedata/freesurfer/fsaverage/label/rh.BA45_exvivo.thresh.label --trgsubject sub-v1s2x0051489_ses-1 --trglabel ./rh.BA45_exvivo.thresh.label --hemi rh --regmethod surface 


srclabel = /out/sourcedata/freesurfer/fsaverage/label/rh.BA45_exvivo.thresh.label
srcsubject = fsaverage
trgsubject = sub-v1s2x0051489_ses-1
trglabel = ./rh.BA45_exvivo.thresh.label
regmethod = surface

srchemi = rh
trghemi = rh
trgsurface = white
srcsurfreg = sphere.reg
trgsurfreg = sphere.reg
usehash = 1
Use ProjAbs  = 0, 0
Use ProjFrac = 0, 0
DoPaint 0

SUBJECTS_DIR    /out/sourcedata/freesurfer
FREESURFER_HOME /opt/freesurfer
Loading source label.
Found 1178 points in source label.
Starting surface-based mapping
Reading source registration 
 /out/sourcedata/freesurfer/fsaverage/surf/rh.sphere.reg
Rescaling ...  original radius = 100
Reading target surface 
 /out/sourcedata/freesurfer/sub-v1s2x0051489_ses-1/surf/rh.white
Reading target registration 
 /out/sourcedata/freesurfer/sub-v1s2x0051489_ses-1/surf/rh.sphere.reg
Rescaling ...  original radius = 100
Building target registration hash (res=16).
Building source registration hash (res=16).
INFO: found  1178 nlabel points
Performing mapping from target back to the source label 159592
Number of reverse mapping hits = 161
Checking for and removing duplicates
Writing label file ./rh.BA45_exvivo.thresh.label 1339
mri_label2label: Done


 mri_label2label --srcsubject fsaverage --srclabel /out/sourcedata/freesurfer/fsaverage/label/rh.V1_exvivo.thresh.label --trgsubject sub-v1s2x0051489_ses-1 --trglabel ./rh.V1_exvivo.thresh.label --hemi rh --regmethod surface 


srclabel = /out/sourcedata/freesurfer/fsaverage/label/rh.V1_exvivo.thresh.label
srcsubject = fsaverage
trgsubject = sub-v1s2x0051489_ses-1
trglabel = ./rh.V1_exvivo.thresh.label
regmethod = surface

srchemi = rh
trghemi = rh
trgsurface = white
srcsurfreg = sphere.reg
trgsurfreg = sphere.reg
usehash = 1
Use ProjAbs  = 0, 0
Use ProjFrac = 0, 0
DoPaint 0

SUBJECTS_DIR    /out/sourcedata/freesurfer
FREESURFER_HOME /opt/freesurfer
Loading source label.
Found 3232 points in source label.
Starting surface-based mapping
Reading source registration 
 /out/sourcedata/freesurfer/fsaverage/surf/rh.sphere.reg
Rescaling ...  original radius = 100
Reading target surface 
 /out/sourcedata/freesurfer/sub-v1s2x0051489_ses-1/surf/rh.white
Reading target registration 
 /out/sourcedata/freesurfer/sub-v1s2x0051489_ses-1/surf/rh.sphere.reg
Rescaling ...  original radius = 100
Building target registration hash (res=16).
Building source registration hash (res=16).
INFO: found  3232 nlabel points
Performing mapping from target back to the source label 159592
Number of reverse mapping hits = 1388
Checking for and removing duplicates
Writing label file ./rh.V1_exvivo.thresh.label 4620
mri_label2label: Done


 mri_label2label --srcsubject fsaverage --srclabel /out/sourcedata/freesurfer/fsaverage/label/rh.V2_exvivo.thresh.label --trgsubject sub-v1s2x0051489_ses-1 --trglabel ./rh.V2_exvivo.thresh.label --hemi rh --regmethod surface 


srclabel = /out/sourcedata/freesurfer/fsaverage/label/rh.V2_exvivo.thresh.label
srcsubject = fsaverage
trgsubject = sub-v1s2x0051489_ses-1
trglabel = ./rh.V2_exvivo.thresh.label
regmethod = surface

srchemi = rh
trghemi = rh
trgsurface = white
srcsurfreg = sphere.reg
trgsurfreg = sphere.reg
usehash = 1
Use ProjAbs  = 0, 0
Use ProjFrac = 0, 0
DoPaint 0

SUBJECTS_DIR    /out/sourcedata/freesurfer
FREESURFER_HOME /opt/freesurfer
Loading source label.
Found 3437 points in source label.
Starting surface-based mapping
Reading source registration 
 /out/sourcedata/freesurfer/fsaverage/surf/rh.sphere.reg
Rescaling ...  original radius = 100
Reading target surface 
 /out/sourcedata/freesurfer/sub-v1s2x0051489_ses-1/surf/rh.white
Reading target registration 
 /out/sourcedata/freesurfer/sub-v1s2x0051489_ses-1/surf/rh.sphere.reg
Rescaling ...  original radius = 100
Building target registration hash (res=16).
Building source registration hash (res=16).
INFO: found  3437 nlabel points
Performing mapping from target back to the source label 159592
Number of reverse mapping hits = 1933
Checking for and removing duplicates
Writing label file ./rh.V2_exvivo.thresh.label 5370
mri_label2label: Done


 mri_label2label --srcsubject fsaverage --srclabel /out/sourcedata/freesurfer/fsaverage/label/rh.MT_exvivo.thresh.label --trgsubject sub-v1s2x0051489_ses-1 --trglabel ./rh.MT_exvivo.thresh.label --hemi rh --regmethod surface 


srclabel = /out/sourcedata/freesurfer/fsaverage/label/rh.MT_exvivo.thresh.label
srcsubject = fsaverage
trgsubject = sub-v1s2x0051489_ses-1
trglabel = ./rh.MT_exvivo.thresh.label
regmethod = surface

srchemi = rh
trghemi = rh
trgsurface = white
srcsurfreg = sphere.reg
trgsurfreg = sphere.reg
usehash = 1
Use ProjAbs  = 0, 0
Use ProjFrac = 0, 0
DoPaint 0

SUBJECTS_DIR    /out/sourcedata/freesurfer
FREESURFER_HOME /opt/freesurfer
Loading source label.
Found 268 points in source label.
Starting surface-based mapping
Reading source registration 
 /out/sourcedata/freesurfer/fsaverage/surf/rh.sphere.reg
Rescaling ...  original radius = 100
Reading target surface 
 /out/sourcedata/freesurfer/sub-v1s2x0051489_ses-1/surf/rh.white
Reading target registration 
 /out/sourcedata/freesurfer/sub-v1s2x0051489_ses-1/surf/rh.sphere.reg
Rescaling ...  original radius = 100
Building target registration hash (res=16).
Building source registration hash (res=16).
INFO: found  268 nlabel points
Performing mapping from target back to the source label 159592
Number of reverse mapping hits = 150
Checking for and removing duplicates
Writing label file ./rh.MT_exvivo.thresh.label 418
mri_label2label: Done


 mri_label2label --srcsubject fsaverage --srclabel /out/sourcedata/freesurfer/fsaverage/label/rh.entorhinal_exvivo.thresh.label --trgsubject sub-v1s2x0051489_ses-1 --trglabel ./rh.entorhinal_exvivo.thresh.label --hemi rh --regmethod surface 


srclabel = /out/sourcedata/freesurfer/fsaverage/label/rh.entorhinal_exvivo.thresh.label
srcsubject = fsaverage
trgsubject = sub-v1s2x0051489_ses-1
trglabel = ./rh.entorhinal_exvivo.thresh.label
regmethod = surface

srchemi = rh
trghemi = rh
trgsurface = white
srcsurfreg = sphere.reg
trgsurfreg = sphere.reg
usehash = 1
Use ProjAbs  = 0, 0
Use ProjFrac = 0, 0
DoPaint 0

SUBJECTS_DIR    /out/sourcedata/freesurfer
FREESURFER_HOME /opt/freesurfer
Loading source label.
Found 694 points in source label.
Starting surface-based mapping
Reading source registration 
 /out/sourcedata/freesurfer/fsaverage/surf/rh.sphere.reg
Rescaling ...  original radius = 100
Reading target surface 
 /out/sourcedata/freesurfer/sub-v1s2x0051489_ses-1/surf/rh.white
Reading target registration 
 /out/sourcedata/freesurfer/sub-v1s2x0051489_ses-1/surf/rh.sphere.reg
Rescaling ...  original radius = 100
Building target registration hash (res=16).
Building source registration hash (res=16).
INFO: found  694 nlabel points
Performing mapping from target back to the source label 159592
Number of reverse mapping hits = 22
Checking for and removing duplicates
Writing label file ./rh.entorhinal_exvivo.thresh.label 716
mri_label2label: Done


 mri_label2label --srcsubject fsaverage --srclabel /out/sourcedata/freesurfer/fsaverage/label/rh.perirhinal_exvivo.thresh.label --trgsubject sub-v1s2x0051489_ses-1 --trglabel ./rh.perirhinal_exvivo.thresh.label --hemi rh --regmethod surface 


srclabel = /out/sourcedata/freesurfer/fsaverage/label/rh.perirhinal_exvivo.thresh.label
srcsubject = fsaverage
trgsubject = sub-v1s2x0051489_ses-1
trglabel = ./rh.perirhinal_exvivo.thresh.label
regmethod = surface

srchemi = rh
trghemi = rh
trgsurface = white
srcsurfreg = sphere.reg
trgsurfreg = sphere.reg
usehash = 1
Use ProjAbs  = 0, 0
Use ProjFrac = 0, 0
DoPaint 0

SUBJECTS_DIR    /out/sourcedata/freesurfer
FREESURFER_HOME /opt/freesurfer
Loading source label.
Found 291 points in source label.
Starting surface-based mapping
Reading source registration 
 /out/sourcedata/freesurfer/fsaverage/surf/rh.sphere.reg
Rescaling ...  original radius = 100
Reading target surface 
 /out/sourcedata/freesurfer/sub-v1s2x0051489_ses-1/surf/rh.white
Reading target registration 
 /out/sourcedata/freesurfer/sub-v1s2x0051489_ses-1/surf/rh.sphere.reg
Rescaling ...  original radius = 100
Building target registration hash (res=16).
Building source registration hash (res=16).
INFO: found  291 nlabel points
Performing mapping from target back to the source label 159592
Number of reverse mapping hits = 6
Checking for and removing duplicates
Writing label file ./rh.perirhinal_exvivo.thresh.label 297
mri_label2label: Done


 mris_label2annot --s sub-v1s2x0051489_ses-1 --hemi rh --ctab /opt/freesurfer/average/colortable_BA.txt --l rh.BA1_exvivo.label --l rh.BA2_exvivo.label --l rh.BA3a_exvivo.label --l rh.BA3b_exvivo.label --l rh.BA4a_exvivo.label --l rh.BA4p_exvivo.label --l rh.BA6_exvivo.label --l rh.BA44_exvivo.label --l rh.BA45_exvivo.label --l rh.V1_exvivo.label --l rh.V2_exvivo.label --l rh.MT_exvivo.label --l rh.perirhinal_exvivo.label --l rh.entorhinal_exvivo.label --a BA_exvivo --maxstatwinner --noverbose 

Reading ctab /opt/freesurfer/average/colortable_BA.txt
Number of ctab entries 15

7.3.2
cwd /out/sourcedata/freesurfer/sub-v1s2x0051489_ses-1/label
cmdline mris_label2annot --s sub-v1s2x0051489_ses-1 --hemi rh --ctab /opt/freesurfer/average/colortable_BA.txt --l rh.BA1_exvivo.label --l rh.BA2_exvivo.label --l rh.BA3a_exvivo.label --l rh.BA3b_exvivo.label --l rh.BA4a_exvivo.label --l rh.BA4p_exvivo.label --l rh.BA6_exvivo.label --l rh.BA44_exvivo.label --l rh.BA45_exvivo.label --l rh.V1_exvivo.label --l rh.V2_exvivo.label --l rh.MT_exvivo.label --l rh.perirhinal_exvivo.label --l rh.entorhinal_exvivo.label --a BA_exvivo --maxstatwinner --noverbose 
sysname  Linux
hostname dna055
machine  x86_64
user     oesteban

subject sub-v1s2x0051489_ses-1
hemi    rh
SUBJECTS_DIR /out/sourcedata/freesurfer
ColorTable /opt/freesurfer/average/colortable_BA.txt
AnnotName  BA_exvivo
nlables 14
LabelThresh 0 0.000000
Loading /out/sourcedata/freesurfer/sub-v1s2x0051489_ses-1/surf/rh.orig
 1 1530880 BA1_exvivo
 2 16749699 BA2_exvivo
 3 16711680 BA3a_exvivo
 4 3368703 BA3b_exvivo
 5 1376196 BA4a_exvivo
 6 13382655 BA4p_exvivo
 7 10036737 BA6_exvivo
 8 2490521 BA44_exvivo
 9 39283 BA45_exvivo
10 3993 V1_exvivo
11 8508928 V2_exvivo
12 10027163 MT_exvivo
13 16422433 perirhinal_exvivo
14 16392598 entorhinal_exvivo
Mapping unhit to unknown
Found 110537 unhit vertices
Writing annot to /out/sourcedata/freesurfer/sub-v1s2x0051489_ses-1/label/rh.BA_exvivo.annot

 mris_label2annot --s sub-v1s2x0051489_ses-1 --hemi rh --ctab /opt/freesurfer/average/colortable_BA.txt --l rh.BA1_exvivo.thresh.label --l rh.BA2_exvivo.thresh.label --l rh.BA3a_exvivo.thresh.label --l rh.BA3b_exvivo.thresh.label --l rh.BA4a_exvivo.thresh.label --l rh.BA4p_exvivo.thresh.label --l rh.BA6_exvivo.thresh.label --l rh.BA44_exvivo.thresh.label --l rh.BA45_exvivo.thresh.label --l rh.V1_exvivo.thresh.label --l rh.V2_exvivo.thresh.label --l rh.MT_exvivo.thresh.label --l rh.perirhinal_exvivo.thresh.label --l rh.entorhinal_exvivo.thresh.label --a BA_exvivo.thresh --maxstatwinner --noverbose 

Reading ctab /opt/freesurfer/average/colortable_BA.txt
Number of ctab entries 15

7.3.2
cwd /out/sourcedata/freesurfer/sub-v1s2x0051489_ses-1/label
cmdline mris_label2annot --s sub-v1s2x0051489_ses-1 --hemi rh --ctab /opt/freesurfer/average/colortable_BA.txt --l rh.BA1_exvivo.thresh.label --l rh.BA2_exvivo.thresh.label --l rh.BA3a_exvivo.thresh.label --l rh.BA3b_exvivo.thresh.label --l rh.BA4a_exvivo.thresh.label --l rh.BA4p_exvivo.thresh.label --l rh.BA6_exvivo.thresh.label --l rh.BA44_exvivo.thresh.label --l rh.BA45_exvivo.thresh.label --l rh.V1_exvivo.thresh.label --l rh.V2_exvivo.thresh.label --l rh.MT_exvivo.thresh.label --l rh.perirhinal_exvivo.thresh.label --l rh.entorhinal_exvivo.thresh.label --a BA_exvivo.thresh --maxstatwinner --noverbose 
sysname  Linux
hostname dna055
machine  x86_64
user     oesteban

subject sub-v1s2x0051489_ses-1
hemi    rh
SUBJECTS_DIR /out/sourcedata/freesurfer
ColorTable /opt/freesurfer/average/colortable_BA.txt
AnnotName  BA_exvivo.thresh
nlables 14
LabelThresh 0 0.000000
Loading /out/sourcedata/freesurfer/sub-v1s2x0051489_ses-1/surf/rh.orig
 1 1530880 BA1_exvivo
 2 16749699 BA2_exvivo
 3 16711680 BA3a_exvivo
 4 3368703 BA3b_exvivo
 5 1376196 BA4a_exvivo
 6 13382655 BA4p_exvivo
 7 10036737 BA6_exvivo
 8 2490521 BA44_exvivo
 9 39283 BA45_exvivo
10 3993 V1_exvivo
11 8508928 V2_exvivo
12 10027163 MT_exvivo
13 16422433 perirhinal_exvivo
14 16392598 entorhinal_exvivo
Mapping unhit to unknown
Found 131814 unhit vertices
Writing annot to /out/sourcedata/freesurfer/sub-v1s2x0051489_ses-1/label/rh.BA_exvivo.thresh.annot

 mris_anatomical_stats -th3 -mgz -noglobal -f ../stats/rh.BA_exvivo.stats -b -a ./rh.BA_exvivo.annot -c ./BA_exvivo.ctab sub-v1s2x0051489_ses-1 rh white 

computing statistics for each annotation in ./rh.BA_exvivo.annot.
reading volume /out/sourcedata/freesurfer/sub-v1s2x0051489_ses-1/mri/wm.mgz...
reading input surface /out/sourcedata/freesurfer/sub-v1s2x0051489_ses-1/surf/rh.white...
reading input pial surface /out/sourcedata/freesurfer/sub-v1s2x0051489_ses-1/surf/rh.pial...
reading input white surface /out/sourcedata/freesurfer/sub-v1s2x0051489_ses-1/surf/rh.white...
INFO: using TH3 volume calc
INFO: assuming MGZ format for volumes.
INFO: not computing global stats
Using TH3 vertex volume calc
Total face volume 243562
Total vertex volume 243315 (mask=0)
Saving annotation colortable ./BA_exvivo.ctab

table columns are:
    number of vertices
    total surface area (mm^2)
    total gray matter volume (mm^3)
    average cortical thickness +- standard deviation (mm)
    integrated rectified mean curvature
    integrated rectified Gaussian curvature
    folding index
    intrinsic curvature index
    structure name

 1212    669   1319  1.715 0.546     0.123     0.025       12     1.4  BA1_exvivo
 4097   2523   4452  1.863 0.505     0.100     0.018       30     3.1  BA2_exvivo
 1164    806   1013  1.595 0.436     0.133     0.026       11     1.2  BA3a_exvivo
 2170   1318   2030  1.450 0.468     0.084     0.013       10     1.4  BA3b_exvivo
 1772    959   2297  2.188 0.609     0.085     0.018        9     1.5  BA4a_exvivo
 1397    877   1907  2.274 0.523     0.088     0.016        9     0.9  BA4p_exvivo
10341   5842  16547  2.585 0.624     0.089     0.018       68     7.9  BA6_exvivo
 4223   2818   7391  2.551 0.416     0.112     0.019       40     3.4  BA44_exvivo
 4176   2752   8037  2.552 0.572     0.116     0.023       48     4.0  BA45_exvivo
 4681   2913   4704  1.557 0.500     0.120     0.026       47     5.5  V1_exvivo
 9775   6078   9935  1.620 0.526     0.120     0.026      106    10.9  V2_exvivo
 3079   1989   4168  1.984 0.432     0.116     0.025       30     3.3  MT_exvivo
  386    254    956  2.918 0.755     0.079     0.012        2     0.2  perirhinal_exvivo
  582    372   1928  3.285 0.912     0.099     0.023        4     0.5  entorhinal_exvivo

 mris_anatomical_stats -th3 -mgz -f ../stats/rh.BA_exvivo.thresh.stats -noglobal -b -a ./rh.BA_exvivo.thresh.annot -c ./BA_exvivo.thresh.ctab sub-v1s2x0051489_ses-1 rh white 

computing statistics for each annotation in ./rh.BA_exvivo.thresh.annot.
reading volume /out/sourcedata/freesurfer/sub-v1s2x0051489_ses-1/mri/wm.mgz...
reading input surface /out/sourcedata/freesurfer/sub-v1s2x0051489_ses-1/surf/rh.white...
reading input pial surface /out/sourcedata/freesurfer/sub-v1s2x0051489_ses-1/surf/rh.pial...
reading input white surface /out/sourcedata/freesurfer/sub-v1s2x0051489_ses-1/surf/rh.white...
INFO: using TH3 volume calc
INFO: assuming MGZ format for volumes.
INFO: not computing global stats
Using TH3 vertex volume calc
Total face volume 243562
Total vertex volume 243315 (mask=0)
Saving annotation colortable ./BA_exvivo.thresh.ctab

table columns are:
    number of vertices
    total surface area (mm^2)
    total gray matter volume (mm^3)
    average cortical thickness +- standard deviation (mm)
    integrated rectified mean curvature
    integrated rectified Gaussian curvature
    folding index
    intrinsic curvature index
    structure name

  780    422    767  1.575 0.396     0.112     0.023        7     0.8  BA1_exvivo
 2357   1397   2615  1.850 0.503     0.090     0.015       15     1.6  BA2_exvivo
 1054    741    836  1.530 0.351     0.144     0.027       12     1.2  BA3a_exvivo
 1655   1052   1378  1.301 0.270     0.073     0.010        6     0.7  BA3b_exvivo
 1016    528   1336  2.282 0.578     0.087     0.022        7     1.0  BA4a_exvivo
 1155    778   1645  2.272 0.485     0.085     0.014        4     0.7  BA4p_exvivo
 6859   3778  10590  2.560 0.632     0.088     0.018       44     5.3  BA6_exvivo
 1125    792   2230  2.581 0.357     0.118     0.023       15     1.0  BA44_exvivo
 1183    779   2486  2.642 0.587     0.117     0.022       17     1.1  BA45_exvivo
 4415   2756   4387  1.555 0.501     0.118     0.025       42     5.0  V1_exvivo
 5169   3257   5013  1.504 0.496     0.128     0.029       64     6.5  V2_exvivo
  414    276    511  1.789 0.382     0.122     0.029        4     0.5  MT_exvivo
   36     23     63  2.727 0.333     0.041     0.004        0     0.0  perirhinal_exvivo
  560    362   1582  3.168 0.771     0.077     0.016        2     0.3  entorhinal_exvivo

Started at Thu Mar 12 00:29:51 CET 2026 
Ended   at Thu Mar 12 00:33:55 CET 2026
#@#%# recon-all-run-time-hours 0.068
recon-all -s sub-v1s2x0051489_ses-1 finished without error at Thu Mar 12 00:33:55 CET 2026
