
Wed Mar 11 21:32:18 CET 2026
cd /out/sourcedata/freesurfer/sub-v1s2x0051493_ses-1
setenv SUBJECTS_DIR /out/sourcedata/freesurfer
/opt/freesurfer/bin/recon-all -autorecon1 -i /work/fmriprep_25_2_wf/sub_v1s2x0051493_ses_1_wf/anat_fit_wf/anat_validate/sub-v1s2x0051493_ses-1_T1w_noise_corrected_ras_valid.nii.gz -noskullstrip -noT2pial -noFLAIRpial -openmp 16 -subjid sub-v1s2x0051493_ses-1 -sd /out/sourcedata/freesurfer

subjid sub-v1s2x0051493_ses-1
setenv SUBJECTS_DIR /out/sourcedata/freesurfer
FREESURFER_HOME /opt/freesurfer
Actual FREESURFER_HOME /opt/freesurfer
build-stamp.txt: freesurfer-linux-ubuntu22_x86_64-7.3.2-20220804-6354275
Linux dna061 5.14.0-427.37.1.el9_4.x86_64 #1 SMP PREEMPT_DYNAMIC Fri Sep 13 12:41:50 EDT 2024 x86_64 x86_64 x86_64 GNU/Linux
cputime      unlimited
filesize     unlimited
datasize     unlimited
stacksize    8192 kbytes
coredumpsize 0 kbytes
memoryuse    67108864 kbytes
vmemoryuse   unlimited
descriptors  1024 
memorylocked unlimited
maxproc      2061970 
maxlocks     unlimited
maxsignal    2061970 
maxmessage   819200 
maxnice      0 
maxrtprio    0 
maxrttime    unlimited

               total        used        free      shared  buff/cache   available
Mem:           503Gi        53Gi       325Gi        25Gi       124Gi       421Gi
Swap:             0B          0B          0B

########################################
program versions used
7.3.2 (freesurfer-linux-ubuntu22_x86_64-7.3.2-20220804-6354275)
7.3.2

ProgramName: lta_convert  ProgramArguments: lta_convert -all-info  ProgramVersion: 7.3.2  TimeStamp: 2026/03/11-20:32:18-GMT  BuildTime: Aug  4 2022 06:17:15  BuildStamp: freesurfer-linux-ubuntu22_x86_64-7.3.2-20220804-6354275  User: oesteban  Machine: dna061  Platform: Linux  PlatformVersion: 5.14.0-427.37.1.el9_4.x86_64  CompilerName: GCC  CompilerVersion: 8.4.0
ProgramName: mri_and  ProgramArguments: mri_and -all-info  ProgramVersion: 7.3.2  TimeStamp: 2026/03/11-20:32:18-GMT  BuildTime: Aug  4 2022 06:17:15  BuildStamp: freesurfer-linux-ubuntu22_x86_64-7.3.2-20220804-6354275  User: oesteban  Machine: dna061  Platform: Linux  PlatformVersion: 5.14.0-427.37.1.el9_4.x86_64  CompilerName: GCC  CompilerVersion: 8.4.0
ProgramName: mri_annotation2label  ProgramArguments: mri_annotation2label -all-info  ProgramVersion: 7.3.2  TimeStamp: 2026/03/11-20:32:18-GMT  BuildTime: Aug  4 2022 06:17:15  BuildStamp: freesurfer-linux-ubuntu22_x86_64-7.3.2-20220804-6354275  User: oesteban  Machine: dna061  Platform: Linux  PlatformVersion: 5.14.0-427.37.1.el9_4.x86_64  CompilerName: GCC  CompilerVersion: 8.4.0
ProgramName: mri_aparc2aseg  ProgramArguments: mri_aparc2aseg -all-info  ProgramVersion: 7.3.2  TimeStamp: 2026/03/11-20:32:18-GMT  BuildTime: Aug  4 2022 06:17:15  BuildStamp: freesurfer-linux-ubuntu22_x86_64-7.3.2-20220804-6354275  User: oesteban  Machine: dna061  Platform: Linux  PlatformVersion: 5.14.0-427.37.1.el9_4.x86_64  CompilerName: GCC  CompilerVersion: 8.4.0
ProgramName: mri_surf2volseg  ProgramArguments: mri_surf2volseg -all-info  ProgramVersion: 7.3.2  TimeStamp: 2026/03/11-20:32:18-GMT  BuildTime: Aug  4 2022 06:17:15  BuildStamp: freesurfer-linux-ubuntu22_x86_64-7.3.2-20220804-6354275  User: oesteban  Machine: dna061  Platform: Linux  PlatformVersion: 5.14.0-427.37.1.el9_4.x86_64  CompilerName: GCC  CompilerVersion: 8.4.0
ProgramName: mri_binarize  ProgramArguments: mri_binarize -all-info  ProgramVersion: 7.3.2  TimeStamp: 2026/03/11-20:32:18-GMT  BuildTime: Aug  4 2022 06:17:15  BuildStamp: freesurfer-linux-ubuntu22_x86_64-7.3.2-20220804-6354275  User: oesteban  Machine: dna061  Platform: Linux  PlatformVersion: 5.14.0-427.37.1.el9_4.x86_64  CompilerName: GCC  CompilerVersion: 8.4.0
ProgramName: mri_ca_label  ProgramArguments: mri_ca_label -all-info  ProgramVersion: 7.3.2  TimeStamp: 2026/03/11-20:32:18-GMT  BuildTime: Aug  4 2022 06:17:15  BuildStamp: freesurfer-linux-ubuntu22_x86_64-7.3.2-20220804-6354275  User: oesteban  Machine: dna061  Platform: Linux  PlatformVersion: 5.14.0-427.37.1.el9_4.x86_64  CompilerName: GCC  CompilerVersion: 8.4.0
ProgramName: mri_ca_normalize  ProgramArguments: mri_ca_normalize -all-info  ProgramVersion: 7.3.2  TimeStamp: 2026/03/11-20:32:18-GMT  BuildTime: Aug  4 2022 06:17:15  BuildStamp: freesurfer-linux-ubuntu22_x86_64-7.3.2-20220804-6354275  User: oesteban  Machine: dna061  Platform: Linux  PlatformVersion: 5.14.0-427.37.1.el9_4.x86_64  CompilerName: GCC  CompilerVersion: 8.4.0
ProgramName: mri_ca_register  ProgramArguments: mri_ca_register -all-info  ProgramVersion: 7.3.2  TimeStamp: 2026/03/11-20:32:18-GMT  BuildTime: Aug  4 2022 06:17:15  BuildStamp: freesurfer-linux-ubuntu22_x86_64-7.3.2-20220804-6354275  User: oesteban  Machine: dna061  Platform: Linux  PlatformVersion: 5.14.0-427.37.1.el9_4.x86_64  CompilerName: GCC  CompilerVersion: 8.4.0
ProgramName: mri_cc  ProgramArguments: mri_cc -all-info  ProgramVersion: 7.3.2  TimeStamp: 2026/03/11-20:32:18-GMT  BuildTime: Aug  4 2022 06:17:15  BuildStamp: freesurfer-linux-ubuntu22_x86_64-7.3.2-20220804-6354275  User: oesteban  Machine: dna061  Platform: Linux  PlatformVersion: 5.14.0-427.37.1.el9_4.x86_64  CompilerName: GCC  CompilerVersion: 8.4.0
ProgramName: mri_compute_overlap  ProgramArguments: mri_compute_overlap -all-info  ProgramVersion: 7.3.2  TimeStamp: 2026/03/11-20:32:18-GMT  BuildTime: Aug  4 2022 06:17:15  BuildStamp: freesurfer-linux-ubuntu22_x86_64-7.3.2-20220804-6354275  User: oesteban  Machine: dna061  Platform: Linux  PlatformVersion: 5.14.0-427.37.1.el9_4.x86_64  CompilerName: GCC  CompilerVersion: 8.4.0
ProgramName: mri_compute_seg_overlap  ProgramArguments: mri_compute_seg_overlap -all-info  ProgramVersion: 7.3.2  TimeStamp: 2026/03/11-20:32:18-GMT  BuildTime: Aug  4 2022 06:17:15  BuildStamp: freesurfer-linux-ubuntu22_x86_64-7.3.2-20220804-6354275  User: oesteban  Machine: dna061  Platform: Linux  PlatformVersion: 5.14.0-427.37.1.el9_4.x86_64  CompilerName: GCC  CompilerVersion: 8.4.0
ProgramName: mri_concat  ProgramArguments: mri_concat -all-info  ProgramVersion: 7.3.2  TimeStamp: 2026/03/11-20:32:18-GMT  BuildTime: Aug  4 2022 06:17:15  BuildStamp: freesurfer-linux-ubuntu22_x86_64-7.3.2-20220804-6354275  User: oesteban  Machine: dna061  Platform: Linux  PlatformVersion: 5.14.0-427.37.1.el9_4.x86_64  CompilerName: GCC  CompilerVersion: 8.4.0
ProgramName: mri_concatenate_lta  ProgramArguments: mri_concatenate_lta -all-info  ProgramVersion: 7.3.2  TimeStamp: 2026/03/11-20:32:18-GMT  BuildTime: Aug  4 2022 06:17:15  BuildStamp: freesurfer-linux-ubuntu22_x86_64-7.3.2-20220804-6354275  User: oesteban  Machine: dna061  Platform: Linux  PlatformVersion: 5.14.0-427.37.1.el9_4.x86_64  CompilerName: GCC  CompilerVersion: 8.4.0
mri_convert -all-info 
ProgramName: mri_convert  ProgramArguments: mri_convert -all-info  ProgramVersion: 7.3.2  TimeStamp: 2026/03/11-20:32:18-GMT  BuildTime: Aug  4 2022 06:17:15  BuildStamp: freesurfer-linux-ubuntu22_x86_64-7.3.2-20220804-6354275  User: oesteban  Machine: dna061  Platform: Linux  PlatformVersion: 5.14.0-427.37.1.el9_4.x86_64  CompilerName: GCC  CompilerVersion: 8.4.0
ProgramName: mri_diff  ProgramArguments: mri_diff -all-info  ProgramVersion: 7.3.2  TimeStamp: 2026/03/11-20:32:18-GMT  BuildTime: Aug  4 2022 06:17:15  BuildStamp: freesurfer-linux-ubuntu22_x86_64-7.3.2-20220804-6354275  User: oesteban  Machine: dna061  Platform: Linux  PlatformVersion: 5.14.0-427.37.1.el9_4.x86_64  CompilerName: GCC  CompilerVersion: 8.4.0
ProgramName: mri_edit_wm_with_aseg  ProgramArguments: mri_edit_wm_with_aseg -all-info  ProgramVersion: 7.3.2  TimeStamp: 2026/03/11-20:32:18-GMT  BuildTime: Aug  4 2022 06:17:15  BuildStamp: freesurfer-linux-ubuntu22_x86_64-7.3.2-20220804-6354275  User: oesteban  Machine: dna061  Platform: Linux  PlatformVersion: 5.14.0-427.37.1.el9_4.x86_64  CompilerName: GCC  CompilerVersion: 8.4.0
ProgramName: mri_em_register  ProgramArguments: mri_em_register -all-info  ProgramVersion: 7.3.2  TimeStamp: 2026/03/11-20:32:18-GMT  BuildTime: Aug  4 2022 06:17:15  BuildStamp: freesurfer-linux-ubuntu22_x86_64-7.3.2-20220804-6354275  User: oesteban  Machine: dna061  Platform: Linux  PlatformVersion: 5.14.0-427.37.1.el9_4.x86_64  CompilerName: GCC  CompilerVersion: 8.4.0
ProgramName: mri_fill  ProgramArguments: mri_fill -all-info  ProgramVersion: 7.3.2  TimeStamp: 2026/03/11-20:32:18-GMT  BuildTime: Aug  4 2022 06:17:15  BuildStamp: freesurfer-linux-ubuntu22_x86_64-7.3.2-20220804-6354275  User: oesteban  Machine: dna061  Platform: Linux  PlatformVersion: 5.14.0-427.37.1.el9_4.x86_64  CompilerName: GCC  CompilerVersion: 8.4.0
ProgramName: mri_fuse_segmentations  ProgramArguments: mri_fuse_segmentations -all-info  ProgramVersion: 7.3.2  TimeStamp: 2026/03/11-20:32:18-GMT  BuildTime: Aug  4 2022 06:17:15  BuildStamp: freesurfer-linux-ubuntu22_x86_64-7.3.2-20220804-6354275  User: oesteban  Machine: dna061  Platform: Linux  PlatformVersion: 5.14.0-427.37.1.el9_4.x86_64  CompilerName: GCC  CompilerVersion: 8.4.0
ProgramName: mri_fwhm  ProgramArguments: mri_fwhm -all-info  ProgramVersion: 7.3.2  TimeStamp: 2026/03/11-20:32:18-GMT  BuildTime: Aug  4 2022 06:17:15  BuildStamp: freesurfer-linux-ubuntu22_x86_64-7.3.2-20220804-6354275  User: oesteban  Machine: dna061  Platform: Linux  PlatformVersion: 5.14.0-427.37.1.el9_4.x86_64  CompilerName: GCC  CompilerVersion: 8.4.0
ProgramName: mri_gcut  ProgramArguments: mri_gcut -all-info  ProgramVersion: 7.3.2  TimeStamp: 2026/03/11-20:32:18-GMT  BuildTime: Aug  4 2022 06:17:15  BuildStamp: freesurfer-linux-ubuntu22_x86_64-7.3.2-20220804-6354275  User: oesteban  Machine: dna061  Platform: Linux  PlatformVersion: 5.14.0-427.37.1.el9_4.x86_64  CompilerName: GCC  CompilerVersion: 8.4.0
ProgramName: mri_info  ProgramArguments: mri_info -all-info  ProgramVersion: 7.3.2  TimeStamp: 2026/03/11-20:32:18-GMT  BuildTime: Aug  4 2022 06:17:15  BuildStamp: freesurfer-linux-ubuntu22_x86_64-7.3.2-20220804-6354275  User: oesteban  Machine: dna061  Platform: Linux  PlatformVersion: 5.14.0-427.37.1.el9_4.x86_64  CompilerName: GCC  CompilerVersion: 8.4.0
ProgramName: mri_label2label  ProgramArguments: mri_label2label -all-info  ProgramVersion: 7.3.2  TimeStamp: 2026/03/11-20:32:18-GMT  BuildTime: Aug  4 2022 06:17:15  BuildStamp: freesurfer-linux-ubuntu22_x86_64-7.3.2-20220804-6354275  User: oesteban  Machine: dna061  Platform: Linux  PlatformVersion: 5.14.0-427.37.1.el9_4.x86_64  CompilerName: GCC  CompilerVersion: 8.4.0
ProgramName: mri_label2vol  ProgramArguments: mri_label2vol -all-info  ProgramVersion: 7.3.2  TimeStamp: 2026/03/11-20:32:18-GMT  BuildTime: Aug  4 2022 06:17:15  BuildStamp: freesurfer-linux-ubuntu22_x86_64-7.3.2-20220804-6354275  User: oesteban  Machine: dna061  Platform: Linux  PlatformVersion: 5.14.0-427.37.1.el9_4.x86_64  CompilerName: GCC  CompilerVersion: 8.4.0
ProgramName: mri_log_likelihood  ProgramArguments: mri_log_likelihood -all-info  ProgramVersion: 7.3.2  TimeStamp: 2026/03/11-20:32:18-GMT  BuildTime: Aug  4 2022 06:17:15  BuildStamp: freesurfer-linux-ubuntu22_x86_64-7.3.2-20220804-6354275  User: oesteban  Machine: dna061  Platform: Linux  PlatformVersion: 5.14.0-427.37.1.el9_4.x86_64  CompilerName: GCC  CompilerVersion: 8.4.0
ProgramName: mri_mask  ProgramArguments: mri_mask -all-info  ProgramVersion: 7.3.2  TimeStamp: 2026/03/11-20:32:18-GMT  BuildTime: Aug  4 2022 06:17:15  BuildStamp: freesurfer-linux-ubuntu22_x86_64-7.3.2-20220804-6354275  User: oesteban  Machine: dna061  Platform: Linux  PlatformVersion: 5.14.0-427.37.1.el9_4.x86_64  CompilerName: GCC  CompilerVersion: 8.4.0
ProgramName: mri_matrix_multiply  ProgramArguments: mri_matrix_multiply -all-info  ProgramVersion: 7.3.2  TimeStamp: 2026/03/11-20:32:18-GMT  BuildTime: Aug  4 2022 06:17:15  BuildStamp: freesurfer-linux-ubuntu22_x86_64-7.3.2-20220804-6354275  User: oesteban  Machine: dna061  Platform: Linux  PlatformVersion: 5.14.0-427.37.1.el9_4.x86_64  CompilerName: GCC  CompilerVersion: 8.4.0
ProgramName: mri_normalize  ProgramArguments: mri_normalize -all-info  ProgramVersion: 7.3.2  TimeStamp: 2026/03/11-20:32:18-GMT  BuildTime: Aug  4 2022 06:17:15  BuildStamp: freesurfer-linux-ubuntu22_x86_64-7.3.2-20220804-6354275  User: oesteban  Machine: dna061  Platform: Linux  PlatformVersion: 5.14.0-427.37.1.el9_4.x86_64  CompilerName: GCC  CompilerVersion: 8.4.0
ProgramName: mri_normalize_tp2  ProgramArguments: mri_normalize_tp2 -all-info  ProgramVersion: 7.3.2  TimeStamp: 2026/03/11-20:32:18-GMT  BuildTime: Aug  4 2022 06:17:15  BuildStamp: freesurfer-linux-ubuntu22_x86_64-7.3.2-20220804-6354275  User: oesteban  Machine: dna061  Platform: Linux  PlatformVersion: 5.14.0-427.37.1.el9_4.x86_64  CompilerName: GCC  CompilerVersion: 8.4.0
ProgramName: mri_or  ProgramArguments: mri_or -all-info  ProgramVersion: 7.3.2  TimeStamp: 2026/03/11-20:32:18-GMT  BuildTime: Aug  4 2022 06:17:15  BuildStamp: freesurfer-linux-ubuntu22_x86_64-7.3.2-20220804-6354275  User: oesteban  Machine: dna061  Platform: Linux  PlatformVersion: 5.14.0-427.37.1.el9_4.x86_64  CompilerName: GCC  CompilerVersion: 8.4.0
ProgramName: mri_relabel_hypointensities  ProgramArguments: mri_relabel_hypointensities -all-info  ProgramVersion: 7.3.2  TimeStamp: 2026/03/11-20:32:18-GMT  BuildTime: Aug  4 2022 06:17:15  BuildStamp: freesurfer-linux-ubuntu22_x86_64-7.3.2-20220804-6354275  User: oesteban  Machine: dna061  Platform: Linux  PlatformVersion: 5.14.0-427.37.1.el9_4.x86_64  CompilerName: GCC  CompilerVersion: 8.4.0
ProgramName: mri_relabel_nonwm_hypos  ProgramArguments: mri_relabel_nonwm_hypos -all-info  ProgramVersion: 7.3.2  TimeStamp: 2026/03/11-20:32:18-GMT  BuildTime: Aug  4 2022 06:17:15  BuildStamp: freesurfer-linux-ubuntu22_x86_64-7.3.2-20220804-6354275  User: oesteban  Machine: dna061  Platform: Linux  PlatformVersion: 5.14.0-427.37.1.el9_4.x86_64  CompilerName: GCC  CompilerVersion: 8.4.0
ProgramName: mri_remove_neck  ProgramArguments: mri_remove_neck -all-info  ProgramVersion: 7.3.2  TimeStamp: 2026/03/11-20:32:18-GMT  BuildTime: Aug  4 2022 06:17:15  BuildStamp: freesurfer-linux-ubuntu22_x86_64-7.3.2-20220804-6354275  User: oesteban  Machine: dna061  Platform: Linux  PlatformVersion: 5.14.0-427.37.1.el9_4.x86_64  CompilerName: GCC  CompilerVersion: 8.4.0
7.3.2

ProgramName: mri_robust_register  ProgramArguments: mri_robust_register -all-info  ProgramVersion: 7.3.2  TimeStamp: 2026/03/11-20:32:18-GMT  BuildTime: Aug  4 2022 06:17:15  BuildStamp: freesurfer-linux-ubuntu22_x86_64-7.3.2-20220804-6354275  User: oesteban  Machine: dna061  Platform: Linux  PlatformVersion: 5.14.0-427.37.1.el9_4.x86_64  CompilerName: GCC  CompilerVersion: 8.4.0
7.3.2

ProgramName: mri_robust_template  ProgramArguments: mri_robust_template -all-info  ProgramVersion: 7.3.2  TimeStamp: 2026/03/11-20:32:18-GMT  BuildTime: Aug  4 2022 06:17:15  BuildStamp: freesurfer-linux-ubuntu22_x86_64-7.3.2-20220804-6354275  User: oesteban  Machine: dna061  Platform: Linux  PlatformVersion: 5.14.0-427.37.1.el9_4.x86_64  CompilerName: GCC  CompilerVersion: 8.4.0
ProgramName: mris_anatomical_stats  ProgramArguments: mris_anatomical_stats -all-info  ProgramVersion: 7.3.2  TimeStamp: 2026/03/11-20:32:18-GMT  BuildTime: Aug  4 2022 06:17:15  BuildStamp: freesurfer-linux-ubuntu22_x86_64-7.3.2-20220804-6354275  User: oesteban  Machine: dna061  Platform: Linux  PlatformVersion: 5.14.0-427.37.1.el9_4.x86_64  CompilerName: GCC  CompilerVersion: 8.4.0
ProgramName: mris_ca_label  ProgramArguments: mris_ca_label -all-info  ProgramVersion: 7.3.2  TimeStamp: 2026/03/11-20:32:18-GMT  BuildTime: Aug  4 2022 06:17:15  BuildStamp: freesurfer-linux-ubuntu22_x86_64-7.3.2-20220804-6354275  User: oesteban  Machine: dna061  Platform: Linux  PlatformVersion: 5.14.0-427.37.1.el9_4.x86_64  CompilerName: GCC  CompilerVersion: 8.4.0
ProgramName: mris_calc  ProgramArguments: mris_calc -all-info  ProgramVersion: 7.3.2  TimeStamp: 2026/03/11-20:32:18-GMT  BuildTime: Aug  4 2022 06:17:15  BuildStamp: freesurfer-linux-ubuntu22_x86_64-7.3.2-20220804-6354275  User: oesteban  Machine: dna061  Platform: Linux  PlatformVersion: 5.14.0-427.37.1.el9_4.x86_64  CompilerName: GCC  CompilerVersion: 8.4.0
ProgramName: mris_convert  ProgramArguments: mris_convert -all-info  ProgramVersion: 7.3.2  TimeStamp: 2026/03/11-20:32:18-GMT  BuildTime: Aug  4 2022 06:17:15  BuildStamp: freesurfer-linux-ubuntu22_x86_64-7.3.2-20220804-6354275  User: oesteban  Machine: dna061  Platform: Linux  PlatformVersion: 5.14.0-427.37.1.el9_4.x86_64  CompilerName: GCC  CompilerVersion: 8.4.0
ProgramName: mris_curvature  ProgramArguments: mris_curvature -all-info  ProgramVersion: 7.3.2  TimeStamp: 2026/03/11-20:32:18-GMT  BuildTime: Aug  4 2022 06:17:15  BuildStamp: freesurfer-linux-ubuntu22_x86_64-7.3.2-20220804-6354275  User: oesteban  Machine: dna061  Platform: Linux  PlatformVersion: 5.14.0-427.37.1.el9_4.x86_64  CompilerName: GCC  CompilerVersion: 8.4.0
ProgramName: mris_curvature_stats  ProgramArguments: mris_curvature_stats -all-info  ProgramVersion: 7.3.2  TimeStamp: 2026/03/11-20:32:18-GMT  BuildTime: Aug  4 2022 06:17:15  BuildStamp: freesurfer-linux-ubuntu22_x86_64-7.3.2-20220804-6354275  User: oesteban  Machine: dna061  Platform: Linux  PlatformVersion: 5.14.0-427.37.1.el9_4.x86_64  CompilerName: GCC  CompilerVersion: 8.4.0
ProgramName: mris_diff  ProgramArguments: mris_diff -all-info  ProgramVersion: 7.3.2  TimeStamp: 2026/03/11-20:32:18-GMT  BuildTime: Aug  4 2022 06:17:15  BuildStamp: freesurfer-linux-ubuntu22_x86_64-7.3.2-20220804-6354275  User: oesteban  Machine: dna061  Platform: Linux  PlatformVersion: 5.14.0-427.37.1.el9_4.x86_64  CompilerName: GCC  CompilerVersion: 8.4.0
ProgramName: mris_divide_parcellation  ProgramArguments: mris_divide_parcellation -all-info  ProgramVersion: 7.3.2  TimeStamp: 2026/03/11-20:32:18-GMT  BuildTime: Aug  4 2022 06:17:15  BuildStamp: freesurfer-linux-ubuntu22_x86_64-7.3.2-20220804-6354275  User: oesteban  Machine: dna061  Platform: Linux  PlatformVersion: 5.14.0-427.37.1.el9_4.x86_64  CompilerName: GCC  CompilerVersion: 8.4.0
ProgramName: mri_segment  ProgramArguments: mri_segment -all-info  ProgramVersion: 7.3.2  TimeStamp: 2026/03/11-20:32:18-GMT  BuildTime: Aug  4 2022 06:17:15  BuildStamp: freesurfer-linux-ubuntu22_x86_64-7.3.2-20220804-6354275  User: oesteban  Machine: dna061  Platform: Linux  PlatformVersion: 5.14.0-427.37.1.el9_4.x86_64  CompilerName: GCC  CompilerVersion: 8.4.0
ProgramName: mri_segstats  ProgramArguments: mri_segstats -all-info  ProgramVersion: 7.3.2  TimeStamp: 2026/03/11-20:32:18-GMT  BuildTime: Aug  4 2022 06:17:15  BuildStamp: freesurfer-linux-ubuntu22_x86_64-7.3.2-20220804-6354275  User: oesteban  Machine: dna061  Platform: Linux  PlatformVersion: 5.14.0-427.37.1.el9_4.x86_64  CompilerName: GCC  CompilerVersion: 8.4.0
ProgramName: mris_euler_number  ProgramArguments: mris_euler_number -all-info  ProgramVersion: 7.3.2  TimeStamp: 2026/03/11-20:32:18-GMT  BuildTime: Aug  4 2022 06:17:15  BuildStamp: freesurfer-linux-ubuntu22_x86_64-7.3.2-20220804-6354275  User: oesteban  Machine: dna061  Platform: Linux  PlatformVersion: 5.14.0-427.37.1.el9_4.x86_64  CompilerName: GCC  CompilerVersion: 8.4.0
ProgramName: mris_fix_topology  ProgramArguments: mris_fix_topology -all-info  ProgramVersion: 7.3.2  TimeStamp: 2026/03/11-20:32:18-GMT  BuildTime: Aug  4 2022 06:17:15  BuildStamp: freesurfer-linux-ubuntu22_x86_64-7.3.2-20220804-6354275  User: oesteban  Machine: dna061  Platform: Linux  PlatformVersion: 5.14.0-427.37.1.el9_4.x86_64  CompilerName: GCC  CompilerVersion: 8.4.0
ProgramName: mris_topo_fixer  ProgramArguments: mris_topo_fixer -all-info  ProgramVersion: 7.3.2  TimeStamp: 2026/03/11-20:32:18-GMT  BuildTime: Aug  4 2022 06:17:15  BuildStamp: freesurfer-linux-ubuntu22_x86_64-7.3.2-20220804-6354275  User: oesteban  Machine: dna061  Platform: Linux  PlatformVersion: 5.14.0-427.37.1.el9_4.x86_64  CompilerName: GCC  CompilerVersion: 8.4.0
ProgramName: mris_jacobian  ProgramArguments: mris_jacobian -all-info  ProgramVersion: 7.3.2  TimeStamp: 2026/03/11-20:32:18-GMT  BuildTime: Aug  4 2022 06:17:15  BuildStamp: freesurfer-linux-ubuntu22_x86_64-7.3.2-20220804-6354275  User: oesteban  Machine: dna061  Platform: Linux  PlatformVersion: 5.14.0-427.37.1.el9_4.x86_64  CompilerName: GCC  CompilerVersion: 8.4.0
ProgramName: mris_label2annot  ProgramArguments: mris_label2annot -all-info  ProgramVersion: 7.3.2  TimeStamp: 2026/03/11-20:32:18-GMT  BuildTime: Aug  4 2022 06:17:15  BuildStamp: freesurfer-linux-ubuntu22_x86_64-7.3.2-20220804-6354275  User: oesteban  Machine: dna061  Platform: Linux  PlatformVersion: 5.14.0-427.37.1.el9_4.x86_64  CompilerName: GCC  CompilerVersion: 8.4.0
ProgramName: mris_left_right_register  ProgramArguments: mris_left_right_register -all-info  ProgramVersion: 7.3.2  TimeStamp: 2026/03/11-20:32:18-GMT  BuildTime: Aug  4 2022 06:17:15  BuildStamp: freesurfer-linux-ubuntu22_x86_64-7.3.2-20220804-6354275  User: oesteban  Machine: dna061  Platform: Linux  PlatformVersion: 5.14.0-427.37.1.el9_4.x86_64  CompilerName: GCC  CompilerVersion: 8.4.0
ProgramName: mris_place_surface  ProgramArguments: mris_place_surface -all-info  ProgramVersion: 7.3.2  TimeStamp: 2026/03/11-20:32:18-GMT  BuildTime: Aug  4 2022 06:17:15  BuildStamp: freesurfer-linux-ubuntu22_x86_64-7.3.2-20220804-6354275  User: oesteban  Machine: dna061  Platform: Linux  PlatformVersion: 5.14.0-427.37.1.el9_4.x86_64  CompilerName: GCC  CompilerVersion: 8.4.0
ProgramName: mrisp_paint  ProgramArguments: mrisp_paint -all-info  ProgramVersion: 7.3.2  TimeStamp: 2026/03/11-20:32:18-GMT  BuildTime: Aug  4 2022 06:17:15  BuildStamp: freesurfer-linux-ubuntu22_x86_64-7.3.2-20220804-6354275  User: oesteban  Machine: dna061  Platform: Linux  PlatformVersion: 5.14.0-427.37.1.el9_4.x86_64  CompilerName: GCC  CompilerVersion: 8.4.0
ProgramName: mris_register  ProgramArguments: mris_register -all-info  ProgramVersion: 7.3.2  TimeStamp: 2026/03/11-20:32:18-GMT  BuildTime: Aug  4 2022 06:17:15  BuildStamp: freesurfer-linux-ubuntu22_x86_64-7.3.2-20220804-6354275  User: oesteban  Machine: dna061  Platform: Linux  PlatformVersion: 5.14.0-427.37.1.el9_4.x86_64  CompilerName: GCC  CompilerVersion: 8.4.0
ProgramName: mris_smooth  ProgramArguments: mris_smooth -all-info  ProgramVersion: 7.3.2  TimeStamp: 2026/03/11-20:32:18-GMT  BuildTime: Aug  4 2022 06:17:15  BuildStamp: freesurfer-linux-ubuntu22_x86_64-7.3.2-20220804-6354275  User: oesteban  Machine: dna061  Platform: Linux  PlatformVersion: 5.14.0-427.37.1.el9_4.x86_64  CompilerName: GCC  CompilerVersion: 8.4.0
ProgramName: mris_sphere  ProgramArguments: mris_sphere -all-info  ProgramVersion: 7.3.2  TimeStamp: 2026/03/11-20:32:18-GMT  BuildTime: Aug  4 2022 06:17:15  BuildStamp: freesurfer-linux-ubuntu22_x86_64-7.3.2-20220804-6354275  User: oesteban  Machine: dna061  Platform: Linux  PlatformVersion: 5.14.0-427.37.1.el9_4.x86_64  CompilerName: GCC  CompilerVersion: 8.4.0
ProgramName: mris_surface_stats  ProgramArguments: mris_surface_stats -all-info  ProgramVersion: 7.3.2  TimeStamp: 2026/03/11-20:32:18-GMT  BuildTime: Aug  4 2022 06:17:15  BuildStamp: freesurfer-linux-ubuntu22_x86_64-7.3.2-20220804-6354275  User: oesteban  Machine: dna061  Platform: Linux  PlatformVersion: 5.14.0-427.37.1.el9_4.x86_64  CompilerName: GCC  CompilerVersion: 8.4.0
ProgramName: mri_stats2seg  ProgramArguments: mri_stats2seg -all-info  ProgramVersion: 7.3.2  TimeStamp: 2026/03/11-20:32:18-GMT  BuildTime: Aug  4 2022 06:17:15  BuildStamp: freesurfer-linux-ubuntu22_x86_64-7.3.2-20220804-6354275  User: oesteban  Machine: dna061  Platform: Linux  PlatformVersion: 5.14.0-427.37.1.el9_4.x86_64  CompilerName: GCC  CompilerVersion: 8.4.0
ProgramName: mris_thickness  ProgramArguments: mris_thickness -all-info  ProgramVersion: 7.3.2  TimeStamp: 2026/03/11-20:32:18-GMT  BuildTime: Aug  4 2022 06:17:15  BuildStamp: freesurfer-linux-ubuntu22_x86_64-7.3.2-20220804-6354275  User: oesteban  Machine: dna061  Platform: Linux  PlatformVersion: 5.14.0-427.37.1.el9_4.x86_64  CompilerName: GCC  CompilerVersion: 8.4.0
ProgramName: mris_thickness_diff  ProgramArguments: mris_thickness_diff -all-info  ProgramVersion: 7.3.2  TimeStamp: 2026/03/11-20:32:18-GMT  BuildTime: Aug  4 2022 06:17:15  BuildStamp: freesurfer-linux-ubuntu22_x86_64-7.3.2-20220804-6354275  User: oesteban  Machine: dna061  Platform: Linux  PlatformVersion: 5.14.0-427.37.1.el9_4.x86_64  CompilerName: GCC  CompilerVersion: 8.4.0
ProgramName: mris_topo_fixer  ProgramArguments: mris_topo_fixer -all-info  ProgramVersion: 7.3.2  TimeStamp: 2026/03/11-20:32:18-GMT  BuildTime: Aug  4 2022 06:17:15  BuildStamp: freesurfer-linux-ubuntu22_x86_64-7.3.2-20220804-6354275  User: oesteban  Machine: dna061  Platform: Linux  PlatformVersion: 5.14.0-427.37.1.el9_4.x86_64  CompilerName: GCC  CompilerVersion: 8.4.0
ProgramName: mri_surf2surf  ProgramArguments: mri_surf2surf -all-info  ProgramVersion: 7.3.2  TimeStamp: 2026/03/11-20:32:18-GMT  BuildTime: Aug  4 2022 06:17:15  BuildStamp: freesurfer-linux-ubuntu22_x86_64-7.3.2-20220804-6354275  User: oesteban  Machine: dna061  Platform: Linux  PlatformVersion: 5.14.0-427.37.1.el9_4.x86_64  CompilerName: GCC  CompilerVersion: 8.4.0
ProgramName: mri_surf2vol  ProgramArguments: mri_surf2vol -all-info  ProgramVersion: 7.3.2  TimeStamp: 2026/03/11-20:32:18-GMT  BuildTime: Aug  4 2022 06:17:15  BuildStamp: freesurfer-linux-ubuntu22_x86_64-7.3.2-20220804-6354275  User: oesteban  Machine: dna061  Platform: Linux  PlatformVersion: 5.14.0-427.37.1.el9_4.x86_64  CompilerName: GCC  CompilerVersion: 8.4.0
ProgramName: mri_surfcluster  ProgramArguments: mri_surfcluster -all-info  ProgramVersion: 7.3.2  TimeStamp: 2026/03/11-20:32:18-GMT  BuildTime: Aug  4 2022 06:17:15  BuildStamp: freesurfer-linux-ubuntu22_x86_64-7.3.2-20220804-6354275  User: oesteban  Machine: dna061  Platform: Linux  PlatformVersion: 5.14.0-427.37.1.el9_4.x86_64  CompilerName: GCC  CompilerVersion: 8.4.0
ProgramName: mris_volmask  ProgramArguments: mris_volmask -all-info  ProgramVersion: 7.3.2  TimeStamp: 2026/03/11-20:32:18-GMT  BuildTime: Aug  4 2022 06:17:15  BuildStamp: freesurfer-linux-ubuntu22_x86_64-7.3.2-20220804-6354275  User: oesteban  Machine: dna061  Platform: Linux  PlatformVersion: 5.14.0-427.37.1.el9_4.x86_64  CompilerName: GCC  CompilerVersion: 8.4.0
ProgramName: mri_tessellate  ProgramArguments: mri_tessellate -all-info  ProgramVersion: 7.3.2  TimeStamp: 2026/03/11-20:32:18-GMT  BuildTime: Aug  4 2022 06:17:15  BuildStamp: freesurfer-linux-ubuntu22_x86_64-7.3.2-20220804-6354275  User: oesteban  Machine: dna061  Platform: Linux  PlatformVersion: 5.14.0-427.37.1.el9_4.x86_64  CompilerName: GCC  CompilerVersion: 8.4.0
ProgramName: mri_vol2surf  ProgramArguments: mri_vol2surf -all-info  ProgramVersion: 7.3.2  TimeStamp: 2026/03/11-20:32:18-GMT  BuildTime: Aug  4 2022 06:17:15  BuildStamp: freesurfer-linux-ubuntu22_x86_64-7.3.2-20220804-6354275  User: oesteban  Machine: dna061  Platform: Linux  PlatformVersion: 5.14.0-427.37.1.el9_4.x86_64  CompilerName: GCC  CompilerVersion: 8.4.0
ProgramName: mri_vol2vol  ProgramArguments: mri_vol2vol -all-info  ProgramVersion: 7.3.2  TimeStamp: 2026/03/11-20:32:18-GMT  BuildTime: Aug  4 2022 06:17:15  BuildStamp: freesurfer-linux-ubuntu22_x86_64-7.3.2-20220804-6354275  User: oesteban  Machine: dna061  Platform: Linux  PlatformVersion: 5.14.0-427.37.1.el9_4.x86_64  CompilerName: GCC  CompilerVersion: 8.4.0
ProgramName: mri_voldiff  ProgramArguments: mri_voldiff -all-info  ProgramVersion: 7.3.2  TimeStamp: 2026/03/11-20:32:18-GMT  BuildTime: Aug  4 2022 06:17:15  BuildStamp: freesurfer-linux-ubuntu22_x86_64-7.3.2-20220804-6354275  User: oesteban  Machine: dna061  Platform: Linux  PlatformVersion: 5.14.0-427.37.1.el9_4.x86_64  CompilerName: GCC  CompilerVersion: 8.4.0
ProgramName: mri_watershed  ProgramArguments: mri_watershed -all-info  ProgramVersion: 7.3.2  TimeStamp: 2026/03/11-20:32:18-GMT  BuildTime: Aug  4 2022 06:17:15  BuildStamp: freesurfer-linux-ubuntu22_x86_64-7.3.2-20220804-6354275  User: oesteban  Machine: dna061  Platform: Linux  PlatformVersion: 5.14.0-427.37.1.el9_4.x86_64  CompilerName: GCC  CompilerVersion: 8.4.0
ProgramName: tkregister2  ProgramArguments: tkregister2_cmdl -all-info  ProgramVersion: 7.3.2  TimeStamp: 2026/03/11-20:32:18-GMT  BuildTime: Aug  4 2022 06:17:15  BuildStamp: freesurfer-linux-ubuntu22_x86_64-7.3.2-20220804-6354275  User: oesteban  Machine: dna061  Platform: Linux  PlatformVersion: 5.14.0-427.37.1.el9_4.x86_64  CompilerName: GCC  CompilerVersion: 8.4.0
mri_motion_correct.fsl 7.3.2
mri_convert -all-info 
ProgramName: mri_convert  ProgramArguments: mri_convert -all-info  ProgramVersion: 7.3.2  TimeStamp: 2026/03/11-20:32:18-GMT  BuildTime: Aug  4 2022 06:17:15  BuildStamp: freesurfer-linux-ubuntu22_x86_64-7.3.2-20220804-6354275  User: oesteban  Machine: dna061  Platform: Linux  PlatformVersion: 5.14.0-427.37.1.el9_4.x86_64  CompilerName: GCC  CompilerVersion: 8.4.0
Program nu_correct, built from:
Package MNI N3, version 1.12.0, compiled by nicks@terrier (x86_64-unknown-linux-gnu) on 2015-06-19 at 01:25:34
#######################################
GCADIR /opt/freesurfer/average
GCA RB_all_2020-01-02.gca
GCASkull RB_all_withskull_2020_01_02.gca
AvgCurvTif folding.atlas.acfb40.noaparc.i12.2016-08-02.tif
GCSDIR /opt/freesurfer/average
GCS DKaparc.atlas.acfb40.noaparc.i12.2016-08-02.gcs
#######################################
/out/sourcedata/freesurfer/sub-v1s2x0051493_ses-1

 mri_convert /work/fmriprep_25_2_wf/sub_v1s2x0051493_ses_1_wf/anat_fit_wf/anat_validate/sub-v1s2x0051493_ses-1_T1w_noise_corrected_ras_valid.nii.gz /out/sourcedata/freesurfer/sub-v1s2x0051493_ses-1/mri/orig/001.mgz 

mri_convert /work/fmriprep_25_2_wf/sub_v1s2x0051493_ses_1_wf/anat_fit_wf/anat_validate/sub-v1s2x0051493_ses-1_T1w_noise_corrected_ras_valid.nii.gz /out/sourcedata/freesurfer/sub-v1s2x0051493_ses-1/mri/orig/001.mgz 
reading from /work/fmriprep_25_2_wf/sub_v1s2x0051493_ses_1_wf/anat_fit_wf/anat_validate/sub-v1s2x0051493_ses-1_T1w_noise_corrected_ras_valid.nii.gz...
TR=0.00, TE=0.00, TI=0.00, flip angle=0.00
i_ras = (1, 0, 0)
j_ras = (0, 1, 0)
k_ras = (0, 0, 1)
writing to /out/sourcedata/freesurfer/sub-v1s2x0051493_ses-1/mri/orig/001.mgz...
#--------------------------------------------
#@# MotionCor Wed Mar 11 21:32:20 CET 2026
Found 1 runs
/out/sourcedata/freesurfer/sub-v1s2x0051493_ses-1/mri/orig/001.mgz
Checking for (invalid) multi-frame inputs...
Only one run found so motion
correction will not be performed. I'll
copy the run to rawavg and continue.

 cp /out/sourcedata/freesurfer/sub-v1s2x0051493_ses-1/mri/orig/001.mgz /out/sourcedata/freesurfer/sub-v1s2x0051493_ses-1/mri/rawavg.mgz 


 mri_info /out/sourcedata/freesurfer/sub-v1s2x0051493_ses-1/mri/rawavg.mgz 

rawavg.mgz ========================================
Volume information for /out/sourcedata/freesurfer/sub-v1s2x0051493_ses-1/mri/rawavg.mgz
          type: MGH
    dimensions: 176 x 256 x 256
   voxel sizes: 1.000000, 1.000000, 1.000000
          type: FLOAT (3)
           fov: 256.000
           dof: 1
        xstart: -88.0, xend: 88.0
        ystart: -128.0, yend: 128.0
        zstart: -128.0, zend: 128.0
            TR: 0.00 msec, TE: 0.00 msec, TI: 0.00 msec, flip angle: 0.00 degrees
       nframes: 1
       PhEncDir: UNKNOWN
       FieldStrength: 0.000000
ras xform present
    xform info: x_r =   1.0000, y_r =   0.0000, z_r =   0.0000, c_r =    -1.5339
              : x_a =   0.0000, y_a =   1.0000, z_a =   0.0000, c_a =    68.7966
              : x_s =   0.0000, y_s =   0.0000, z_s =   1.0000, c_s =   -30.1864

talairach xfm : 
Orientation   : RAS
Primary Slice Direction: axial

voxel to ras transform:
                1.0000   0.0000   0.0000   -89.5339
                0.0000   1.0000   0.0000   -59.2034
                0.0000   0.0000   1.0000  -158.1864
                0.0000   0.0000   0.0000     1.0000

voxel-to-ras determinant 1

ras to voxel transform:
                1.0000   0.0000   0.0000    89.5339
                0.0000   1.0000   0.0000    59.2034
                0.0000   0.0000   1.0000   158.1864
                0.0000   0.0000   0.0000     1.0000
/out/sourcedata/freesurfer/sub-v1s2x0051493_ses-1

 mri_convert /out/sourcedata/freesurfer/sub-v1s2x0051493_ses-1/mri/rawavg.mgz /out/sourcedata/freesurfer/sub-v1s2x0051493_ses-1/mri/orig.mgz --conform 

mri_convert /out/sourcedata/freesurfer/sub-v1s2x0051493_ses-1/mri/rawavg.mgz /out/sourcedata/freesurfer/sub-v1s2x0051493_ses-1/mri/orig.mgz --conform 
reading from /out/sourcedata/freesurfer/sub-v1s2x0051493_ses-1/mri/rawavg.mgz...
TR=0.00, TE=0.00, TI=0.00, flip angle=0.00
i_ras = (1, 0, 0)
j_ras = (0, 1, 0)
k_ras = (0, 0, 1)
changing data type from float to uchar (noscale = 0)...
MRIchangeType: Building histogram 0 731.574 1000, flo=0, fhi=0.999, dest_type=0
Reslicing using trilinear interpolation 
writing to /out/sourcedata/freesurfer/sub-v1s2x0051493_ses-1/mri/orig.mgz...

 mri_add_xform_to_header -c /out/sourcedata/freesurfer/sub-v1s2x0051493_ses-1/mri/transforms/talairach.xfm /out/sourcedata/freesurfer/sub-v1s2x0051493_ses-1/mri/orig.mgz /out/sourcedata/freesurfer/sub-v1s2x0051493_ses-1/mri/orig.mgz 

INFO: extension is mgz

 mri_info /out/sourcedata/freesurfer/sub-v1s2x0051493_ses-1/mri/orig.mgz 

orig.mgz ========================================
Volume information for /out/sourcedata/freesurfer/sub-v1s2x0051493_ses-1/mri/orig.mgz
          type: MGH
    dimensions: 256 x 256 x 256
   voxel sizes: 1.000000, 1.000000, 1.000000
          type: UCHAR (0)
           fov: 256.000
           dof: 1
        xstart: -128.0, xend: 128.0
        ystart: -128.0, yend: 128.0
        zstart: -128.0, zend: 128.0
            TR: 0.00 msec, TE: 0.00 msec, TI: 0.00 msec, flip angle: 0.00 degrees
       nframes: 1
       PhEncDir: UNKNOWN
       FieldStrength: 0.000000
ras xform present
    xform info: x_r =  -1.0000, y_r =   0.0000, z_r =   0.0000, c_r =    -1.5339
              : x_a =   0.0000, y_a =   0.0000, z_a =   1.0000, c_a =    68.7966
              : x_s =   0.0000, y_s =  -1.0000, z_s =   0.0000, c_s =   -30.1864

talairach xfm : /out/sourcedata/freesurfer/sub-v1s2x0051493_ses-1/mri/transforms/talairach.xfm
Orientation   : LIA
Primary Slice Direction: coronal

voxel to ras transform:
               -1.0000   0.0000   0.0000   126.4661
                0.0000   0.0000   1.0000   -59.2034
                0.0000  -1.0000   0.0000    97.8136
                0.0000   0.0000   0.0000     1.0000

voxel-to-ras determinant -1

ras to voxel transform:
               -1.0000  -0.0000  -0.0000   126.4661
               -0.0000  -0.0000  -1.0000    97.8136
               -0.0000   1.0000  -0.0000    59.2034
               -0.0000  -0.0000  -0.0000     1.0000
#--------------------------------------------
#@# Talairach Wed Mar 11 21:32:28 CET 2026
/out/sourcedata/freesurfer/sub-v1s2x0051493_ses-1/mri

 mri_nu_correct.mni --no-rescale --i orig.mgz --o orig_nu.mgz --ants-n4 --n 1 --proto-iters 1000 --distance 50 

/usr/bin/bc
/out/sourcedata/freesurfer/sub-v1s2x0051493_ses-1/mri
/opt/freesurfer/bin/mri_nu_correct.mni
--no-rescale --i orig.mgz --o orig_nu.mgz --ants-n4 --n 1 --proto-iters 1000 --distance 50
nIters 1
mri_nu_correct.mni 7.3.2
Linux dna061 5.14.0-427.37.1.el9_4.x86_64 #1 SMP PREEMPT_DYNAMIC Fri Sep 13 12:41:50 EDT 2024 x86_64 x86_64 x86_64 GNU/Linux
Wed Mar 11 21:32:28 CET 2026
tmpdir is ./tmp.mri_nu_correct.mni.3281875
cd /out/sourcedata/freesurfer/sub-v1s2x0051493_ses-1/mri
AntsN4BiasFieldCorrectionFs -i orig.mgz -o ./tmp.mri_nu_correct.mni.3281875/nu0.mgz --dtype uchar
AntsN4BiasFieldCorrectionFs done
mri_convert ./tmp.mri_nu_correct.mni.3281875/nu0.mgz orig_nu.mgz --like orig.mgz --conform
mri_convert ./tmp.mri_nu_correct.mni.3281875/nu0.mgz orig_nu.mgz --like orig.mgz --conform 
reading from ./tmp.mri_nu_correct.mni.3281875/nu0.mgz...
TR=0.00, TE=0.00, TI=0.00, flip angle=0.00
i_ras = (-1, 0, 0)
j_ras = (0, 0, -1)
k_ras = (0, 1, 0)
INFO: transform src into the like-volume: orig.mgz
writing to orig_nu.mgz...
 
 
Wed Mar 11 21:35:23 CET 2026
mri_nu_correct.mni done

 talairach_avi --i orig_nu.mgz --xfm transforms/talairach.auto.xfm 

talairach_avi log file is transforms/talairach_avi.log...
mv -f /out/sourcedata/freesurfer/sub-v1s2x0051493_ses-1/mri/talsrcimg_to_711-2C_as_mni_average_305_t4_vox2vox.txt /out/sourcedata/freesurfer/sub-v1s2x0051493_ses-1/mri/transforms/talsrcimg_to_711-2C_as_mni_average_305_t4_vox2vox.txt
Started at Wed Mar 11 21:35:23 CET 2026
Ended   at Wed Mar 11 21:36:52 CET 2026
talairach_avi done

 cp transforms/talairach.auto.xfm transforms/talairach.xfm 

lta_convert --src orig.mgz --trg /opt/freesurfer/average/mni305.cor.mgz --inxfm transforms/talairach.xfm --outlta transforms/talairach.xfm.lta --subject fsaverage --ltavox2vox
7.3.2

--src: orig.mgz src image (geometry).
--trg: /opt/freesurfer/average/mni305.cor.mgz trg image (geometry).
--inmni: transforms/talairach.xfm input MNI/XFM transform.
--outlta: transforms/talairach.xfm.lta output LTA.
--s: fsaverage subject name
--ltavox2vox: output LTA as VOX_TO_VOX transform.
 LTA read, type : 1
 1.10559   0.07442   0.12400  -4.24629;
-0.17516   1.03073   0.32785  -61.36613;
-0.05983  -0.40005   1.08607   15.53156;
 0.00000   0.00000   0.00000   1.00000;
setting subject to fsaverage
Writing  LTA to file transforms/talairach.xfm.lta...
lta_convert successful.
#--------------------------------------------
#@# Talairach Failure Detection Wed Mar 11 21:36:54 CET 2026
/out/sourcedata/freesurfer/sub-v1s2x0051493_ses-1/mri

 talairach_afd -T 0.005 -xfm transforms/talairach.xfm 

talairach_afd: Talairach Transform: transforms/talairach.xfm OK (p=0.5523, pval=0.2115 >= threshold=0.0050)

 awk -f /opt/freesurfer/bin/extract_talairach_avi_QA.awk /out/sourcedata/freesurfer/sub-v1s2x0051493_ses-1/mri/transforms/talairach_avi.log 


 tal_QC_AZS /out/sourcedata/freesurfer/sub-v1s2x0051493_ses-1/mri/transforms/talairach_avi.log 

TalAviQA: 0.96852
z-score: -2
#--------------------------------------------
#@# Nu Intensity Correction Wed Mar 11 21:36:54 CET 2026

 mri_nu_correct.mni --i orig.mgz --o nu.mgz --uchar transforms/talairach.xfm --n 2 --ants-n4 

/usr/bin/bc
/out/sourcedata/freesurfer/sub-v1s2x0051493_ses-1/mri
/opt/freesurfer/bin/mri_nu_correct.mni
--i orig.mgz --o nu.mgz --uchar transforms/talairach.xfm --n 2 --ants-n4
nIters 2
mri_nu_correct.mni 7.3.2
Linux dna061 5.14.0-427.37.1.el9_4.x86_64 #1 SMP PREEMPT_DYNAMIC Fri Sep 13 12:41:50 EDT 2024 x86_64 x86_64 x86_64 GNU/Linux
Wed Mar 11 21:36:54 CET 2026
tmpdir is ./tmp.mri_nu_correct.mni.3282688
cd /out/sourcedata/freesurfer/sub-v1s2x0051493_ses-1/mri
AntsN4BiasFieldCorrectionFs -i orig.mgz -o ./tmp.mri_nu_correct.mni.3282688/nu0.mgz --dtype uchar
AntsN4BiasFieldCorrectionFs done
mri_binarize --i ./tmp.mri_nu_correct.mni.3282688/nu0.mgz --min -1 --o ./tmp.mri_nu_correct.mni.3282688/ones.mgz

7.3.2
cwd /out/sourcedata/freesurfer/sub-v1s2x0051493_ses-1/mri
cmdline mri_binarize --i ./tmp.mri_nu_correct.mni.3282688/nu0.mgz --min -1 --o ./tmp.mri_nu_correct.mni.3282688/ones.mgz 
sysname  Linux
hostname dna061
machine  x86_64
user     oesteban

input      ./tmp.mri_nu_correct.mni.3282688/nu0.mgz
frame      0
nErode3d   0
nErode2d   0
output     ./tmp.mri_nu_correct.mni.3282688/ones.mgz
Binarizing based on threshold
min        -1
max        +infinity
binval        1
binvalnot     0
fstart = 0, fend = 0, nframes = 1
Starting parallel 1
Found 16777216 values in range
Counting number of voxels in first frame
Found 16777215 voxels in final mask
Writing output to ./tmp.mri_nu_correct.mni.3282688/ones.mgz
Count: 16777215 16777215.000000 16777216 99.999994
mri_binarize done
mri_segstats --id 1 --seg ./tmp.mri_nu_correct.mni.3282688/ones.mgz --i orig.mgz --sum ./tmp.mri_nu_correct.mni.3282688/sum.junk --avgwf ./tmp.mri_nu_correct.mni.3282688/input.mean.dat

7.3.2
cwd 
cmdline mri_segstats --id 1 --seg ./tmp.mri_nu_correct.mni.3282688/ones.mgz --i orig.mgz --sum ./tmp.mri_nu_correct.mni.3282688/sum.junk --avgwf ./tmp.mri_nu_correct.mni.3282688/input.mean.dat 
sysname  Linux
hostname dna061
machine  x86_64
user     oesteban
whitesurfname  white
UseRobust  0
Loading ./tmp.mri_nu_correct.mni.3282688/ones.mgz
Loading orig.mgz
Voxel Volume is 1 mm^3
Generating list of segmentation ids
Found   1 segmentations
Computing statistics for each segmentation

Reporting on   1 segmentations
Using PrintSegStat
Computing spatial average of each frame

Writing to ./tmp.mri_nu_correct.mni.3282688/input.mean.dat
mri_segstats done
mri_segstats --id 1 --seg ./tmp.mri_nu_correct.mni.3282688/ones.mgz --i ./tmp.mri_nu_correct.mni.3282688/nu0.mgz --sum ./tmp.mri_nu_correct.mni.3282688/sum.junk --avgwf ./tmp.mri_nu_correct.mni.3282688/output.mean.dat

7.3.2
cwd 
cmdline mri_segstats --id 1 --seg ./tmp.mri_nu_correct.mni.3282688/ones.mgz --i ./tmp.mri_nu_correct.mni.3282688/nu0.mgz --sum ./tmp.mri_nu_correct.mni.3282688/sum.junk --avgwf ./tmp.mri_nu_correct.mni.3282688/output.mean.dat 
sysname  Linux
hostname dna061
machine  x86_64
user     oesteban
whitesurfname  white
UseRobust  0
Loading ./tmp.mri_nu_correct.mni.3282688/ones.mgz
Loading ./tmp.mri_nu_correct.mni.3282688/nu0.mgz
Voxel Volume is 1 mm^3
Generating list of segmentation ids
Found   1 segmentations
Computing statistics for each segmentation

Reporting on   1 segmentations
Using PrintSegStat
Computing spatial average of each frame

Writing to ./tmp.mri_nu_correct.mni.3282688/output.mean.dat
mri_segstats done
mris_calc -o ./tmp.mri_nu_correct.mni.3282688/nu0.mgz ./tmp.mri_nu_correct.mni.3282688/nu0.mgz mul 1.18381451343217032660
Saving result to './tmp.mri_nu_correct.mni.3282688/nu0.mgz' (type = MGH )                       [ ok ]
mri_convert ./tmp.mri_nu_correct.mni.3282688/nu0.mgz nu.mgz --like orig.mgz
mri_convert ./tmp.mri_nu_correct.mni.3282688/nu0.mgz nu.mgz --like orig.mgz 
reading from ./tmp.mri_nu_correct.mni.3282688/nu0.mgz...
TR=0.00, TE=0.00, TI=0.00, flip angle=0.00
i_ras = (-1, 0, 0)
j_ras = (0, 0, -1)
k_ras = (0, 1, 0)
INFO: transform src into the like-volume: orig.mgz
writing to nu.mgz...
mri_make_uchar nu.mgz transforms/talairach.xfm nu.mgz
type change took 0 minutes and 6 seconds.
FIRST_PERCENTILE 0.010000
WM_PERCENTILE    0.900000
MAX_R 50.000000
i1 = 5, i2 = 74
#mri_make_uchar# mapping 13 191 to  3 110  :  b -5.23623 m 0.604578 : thresh 8.66097 maxsat 430.443 : nzero 14085948 nsat 0
 
 
Wed Mar 11 21:40:08 CET 2026
mri_nu_correct.mni done

 mri_add_xform_to_header -c /out/sourcedata/freesurfer/sub-v1s2x0051493_ses-1/mri/transforms/talairach.xfm nu.mgz nu.mgz 

INFO: extension is mgz
#--------------------------------------------
#@# Intensity Normalization Wed Mar 11 21:40:09 CET 2026
/out/sourcedata/freesurfer/sub-v1s2x0051493_ses-1/mri

 mri_normalize -g 1 -seed 1234 -mprage nu.mgz T1.mgz 

using max gradient = 1.000
setting seed for random number genererator to 1234
assuming input volume is MGH (Van der Kouwe) MP-RAGE
reading mri_src from nu.mgz...
normalizing image...
NOT doing gentle normalization with control points/label
talairach transform
 1.10559   0.07442   0.12400  -4.24629;
-0.17516   1.03073   0.32785  -61.36613;
-0.05983  -0.40005   1.08607   15.53156;
 0.00000   0.00000   0.00000   1.00000;
processing without aseg, no1d=0
MRInormInit(): 
INFO: Modifying talairach volume c_(r,a,s) based on average_305
MRInormalize(): 
MRIsplineNormalize(): npeaks = 18
Starting OpenSpline(): npoints = 18
building Voronoi diagram...
performing soap bubble smoothing, sigma = 8...

Iterating 2 times
---------------------------------
3d normalization pass 1 of 2
white matter peak found at 110
white matter peak found at 110
gm peak at 87 (87), valley at 55 (55)
csf peak at 44, setting threshold to 72
building Voronoi diagram...
performing soap bubble smoothing, sigma = 8...
---------------------------------
3d normalization pass 2 of 2
white matter peak found at 110
white matter peak found at 110
gm peak at 87 (87), valley at 54 (54)
csf peak at 44, setting threshold to 72
building Voronoi diagram...
performing soap bubble smoothing, sigma = 8...
Done iterating ---------------------------------
writing output to T1.mgz
3D bias adjustment took 1 minutes and 44 seconds.

Started at Wed Mar 11 21:32:18 CET 2026 
Ended   at Wed Mar 11 21:41:53 CET 2026
#@#%# recon-all-run-time-hours 0.160
recon-all -s sub-v1s2x0051493_ses-1 finished without error at Wed Mar 11 21:41:53 CET 2026



#New# invocation of recon-all 




Wed Mar 11 21:49:14 CET 2026
cd /out/sourcedata/freesurfer/sub-v1s2x0051493_ses-1
setenv SUBJECTS_DIR /out/sourcedata/freesurfer
/opt/freesurfer/bin/recon-all -openmp 16 -subjid sub-v1s2x0051493_ses-1 -sd /out/sourcedata/freesurfer -gcareg

subjid sub-v1s2x0051493_ses-1
setenv SUBJECTS_DIR /out/sourcedata/freesurfer
FREESURFER_HOME /opt/freesurfer
Actual FREESURFER_HOME /opt/freesurfer
build-stamp.txt: freesurfer-linux-ubuntu22_x86_64-7.3.2-20220804-6354275
Linux dna061 5.14.0-427.37.1.el9_4.x86_64 #1 SMP PREEMPT_DYNAMIC Fri Sep 13 12:41:50 EDT 2024 x86_64 x86_64 x86_64 GNU/Linux
cputime      unlimited
filesize     unlimited
datasize     unlimited
stacksize    8192 kbytes
coredumpsize 0 kbytes
memoryuse    67108864 kbytes
vmemoryuse   unlimited
descriptors  1024 
memorylocked unlimited
maxproc      2061970 
maxlocks     unlimited
maxsignal    2061970 
maxmessage   819200 
maxnice      0 
maxrtprio    0 
maxrttime    unlimited

               total        used        free      shared  buff/cache   available
Mem:           503Gi        54Gi       323Gi        25Gi       125Gi       419Gi
Swap:             0B          0B          0B

########################################
program versions used
7.3.2 (freesurfer-linux-ubuntu22_x86_64-7.3.2-20220804-6354275)
7.3.2

ProgramName: lta_convert  ProgramArguments: lta_convert -all-info  ProgramVersion: 7.3.2  TimeStamp: 2026/03/11-20:49:14-GMT  BuildTime: Aug  4 2022 06:17:15  BuildStamp: freesurfer-linux-ubuntu22_x86_64-7.3.2-20220804-6354275  User: oesteban  Machine: dna061  Platform: Linux  PlatformVersion: 5.14.0-427.37.1.el9_4.x86_64  CompilerName: GCC  CompilerVersion: 8.4.0
ProgramName: mri_and  ProgramArguments: mri_and -all-info  ProgramVersion: 7.3.2  TimeStamp: 2026/03/11-20:49:14-GMT  BuildTime: Aug  4 2022 06:17:15  BuildStamp: freesurfer-linux-ubuntu22_x86_64-7.3.2-20220804-6354275  User: oesteban  Machine: dna061  Platform: Linux  PlatformVersion: 5.14.0-427.37.1.el9_4.x86_64  CompilerName: GCC  CompilerVersion: 8.4.0
ProgramName: mri_annotation2label  ProgramArguments: mri_annotation2label -all-info  ProgramVersion: 7.3.2  TimeStamp: 2026/03/11-20:49:14-GMT  BuildTime: Aug  4 2022 06:17:15  BuildStamp: freesurfer-linux-ubuntu22_x86_64-7.3.2-20220804-6354275  User: oesteban  Machine: dna061  Platform: Linux  PlatformVersion: 5.14.0-427.37.1.el9_4.x86_64  CompilerName: GCC  CompilerVersion: 8.4.0
ProgramName: mri_aparc2aseg  ProgramArguments: mri_aparc2aseg -all-info  ProgramVersion: 7.3.2  TimeStamp: 2026/03/11-20:49:14-GMT  BuildTime: Aug  4 2022 06:17:15  BuildStamp: freesurfer-linux-ubuntu22_x86_64-7.3.2-20220804-6354275  User: oesteban  Machine: dna061  Platform: Linux  PlatformVersion: 5.14.0-427.37.1.el9_4.x86_64  CompilerName: GCC  CompilerVersion: 8.4.0
ProgramName: mri_surf2volseg  ProgramArguments: mri_surf2volseg -all-info  ProgramVersion: 7.3.2  TimeStamp: 2026/03/11-20:49:14-GMT  BuildTime: Aug  4 2022 06:17:15  BuildStamp: freesurfer-linux-ubuntu22_x86_64-7.3.2-20220804-6354275  User: oesteban  Machine: dna061  Platform: Linux  PlatformVersion: 5.14.0-427.37.1.el9_4.x86_64  CompilerName: GCC  CompilerVersion: 8.4.0
ProgramName: mri_binarize  ProgramArguments: mri_binarize -all-info  ProgramVersion: 7.3.2  TimeStamp: 2026/03/11-20:49:14-GMT  BuildTime: Aug  4 2022 06:17:15  BuildStamp: freesurfer-linux-ubuntu22_x86_64-7.3.2-20220804-6354275  User: oesteban  Machine: dna061  Platform: Linux  PlatformVersion: 5.14.0-427.37.1.el9_4.x86_64  CompilerName: GCC  CompilerVersion: 8.4.0
ProgramName: mri_ca_label  ProgramArguments: mri_ca_label -all-info  ProgramVersion: 7.3.2  TimeStamp: 2026/03/11-20:49:14-GMT  BuildTime: Aug  4 2022 06:17:15  BuildStamp: freesurfer-linux-ubuntu22_x86_64-7.3.2-20220804-6354275  User: oesteban  Machine: dna061  Platform: Linux  PlatformVersion: 5.14.0-427.37.1.el9_4.x86_64  CompilerName: GCC  CompilerVersion: 8.4.0
ProgramName: mri_ca_normalize  ProgramArguments: mri_ca_normalize -all-info  ProgramVersion: 7.3.2  TimeStamp: 2026/03/11-20:49:14-GMT  BuildTime: Aug  4 2022 06:17:15  BuildStamp: freesurfer-linux-ubuntu22_x86_64-7.3.2-20220804-6354275  User: oesteban  Machine: dna061  Platform: Linux  PlatformVersion: 5.14.0-427.37.1.el9_4.x86_64  CompilerName: GCC  CompilerVersion: 8.4.0
ProgramName: mri_ca_register  ProgramArguments: mri_ca_register -all-info  ProgramVersion: 7.3.2  TimeStamp: 2026/03/11-20:49:14-GMT  BuildTime: Aug  4 2022 06:17:15  BuildStamp: freesurfer-linux-ubuntu22_x86_64-7.3.2-20220804-6354275  User: oesteban  Machine: dna061  Platform: Linux  PlatformVersion: 5.14.0-427.37.1.el9_4.x86_64  CompilerName: GCC  CompilerVersion: 8.4.0
ProgramName: mri_cc  ProgramArguments: mri_cc -all-info  ProgramVersion: 7.3.2  TimeStamp: 2026/03/11-20:49:14-GMT  BuildTime: Aug  4 2022 06:17:15  BuildStamp: freesurfer-linux-ubuntu22_x86_64-7.3.2-20220804-6354275  User: oesteban  Machine: dna061  Platform: Linux  PlatformVersion: 5.14.0-427.37.1.el9_4.x86_64  CompilerName: GCC  CompilerVersion: 8.4.0
ProgramName: mri_compute_overlap  ProgramArguments: mri_compute_overlap -all-info  ProgramVersion: 7.3.2  TimeStamp: 2026/03/11-20:49:14-GMT  BuildTime: Aug  4 2022 06:17:15  BuildStamp: freesurfer-linux-ubuntu22_x86_64-7.3.2-20220804-6354275  User: oesteban  Machine: dna061  Platform: Linux  PlatformVersion: 5.14.0-427.37.1.el9_4.x86_64  CompilerName: GCC  CompilerVersion: 8.4.0
ProgramName: mri_compute_seg_overlap  ProgramArguments: mri_compute_seg_overlap -all-info  ProgramVersion: 7.3.2  TimeStamp: 2026/03/11-20:49:14-GMT  BuildTime: Aug  4 2022 06:17:15  BuildStamp: freesurfer-linux-ubuntu22_x86_64-7.3.2-20220804-6354275  User: oesteban  Machine: dna061  Platform: Linux  PlatformVersion: 5.14.0-427.37.1.el9_4.x86_64  CompilerName: GCC  CompilerVersion: 8.4.0
ProgramName: mri_concat  ProgramArguments: mri_concat -all-info  ProgramVersion: 7.3.2  TimeStamp: 2026/03/11-20:49:14-GMT  BuildTime: Aug  4 2022 06:17:15  BuildStamp: freesurfer-linux-ubuntu22_x86_64-7.3.2-20220804-6354275  User: oesteban  Machine: dna061  Platform: Linux  PlatformVersion: 5.14.0-427.37.1.el9_4.x86_64  CompilerName: GCC  CompilerVersion: 8.4.0
ProgramName: mri_concatenate_lta  ProgramArguments: mri_concatenate_lta -all-info  ProgramVersion: 7.3.2  TimeStamp: 2026/03/11-20:49:14-GMT  BuildTime: Aug  4 2022 06:17:15  BuildStamp: freesurfer-linux-ubuntu22_x86_64-7.3.2-20220804-6354275  User: oesteban  Machine: dna061  Platform: Linux  PlatformVersion: 5.14.0-427.37.1.el9_4.x86_64  CompilerName: GCC  CompilerVersion: 8.4.0
mri_convert -all-info 
ProgramName: mri_convert  ProgramArguments: mri_convert -all-info  ProgramVersion: 7.3.2  TimeStamp: 2026/03/11-20:49:14-GMT  BuildTime: Aug  4 2022 06:17:15  BuildStamp: freesurfer-linux-ubuntu22_x86_64-7.3.2-20220804-6354275  User: oesteban  Machine: dna061  Platform: Linux  PlatformVersion: 5.14.0-427.37.1.el9_4.x86_64  CompilerName: GCC  CompilerVersion: 8.4.0
ProgramName: mri_diff  ProgramArguments: mri_diff -all-info  ProgramVersion: 7.3.2  TimeStamp: 2026/03/11-20:49:14-GMT  BuildTime: Aug  4 2022 06:17:15  BuildStamp: freesurfer-linux-ubuntu22_x86_64-7.3.2-20220804-6354275  User: oesteban  Machine: dna061  Platform: Linux  PlatformVersion: 5.14.0-427.37.1.el9_4.x86_64  CompilerName: GCC  CompilerVersion: 8.4.0
ProgramName: mri_edit_wm_with_aseg  ProgramArguments: mri_edit_wm_with_aseg -all-info  ProgramVersion: 7.3.2  TimeStamp: 2026/03/11-20:49:14-GMT  BuildTime: Aug  4 2022 06:17:15  BuildStamp: freesurfer-linux-ubuntu22_x86_64-7.3.2-20220804-6354275  User: oesteban  Machine: dna061  Platform: Linux  PlatformVersion: 5.14.0-427.37.1.el9_4.x86_64  CompilerName: GCC  CompilerVersion: 8.4.0
ProgramName: mri_em_register  ProgramArguments: mri_em_register -all-info  ProgramVersion: 7.3.2  TimeStamp: 2026/03/11-20:49:14-GMT  BuildTime: Aug  4 2022 06:17:15  BuildStamp: freesurfer-linux-ubuntu22_x86_64-7.3.2-20220804-6354275  User: oesteban  Machine: dna061  Platform: Linux  PlatformVersion: 5.14.0-427.37.1.el9_4.x86_64  CompilerName: GCC  CompilerVersion: 8.4.0
ProgramName: mri_fill  ProgramArguments: mri_fill -all-info  ProgramVersion: 7.3.2  TimeStamp: 2026/03/11-20:49:14-GMT  BuildTime: Aug  4 2022 06:17:15  BuildStamp: freesurfer-linux-ubuntu22_x86_64-7.3.2-20220804-6354275  User: oesteban  Machine: dna061  Platform: Linux  PlatformVersion: 5.14.0-427.37.1.el9_4.x86_64  CompilerName: GCC  CompilerVersion: 8.4.0
ProgramName: mri_fuse_segmentations  ProgramArguments: mri_fuse_segmentations -all-info  ProgramVersion: 7.3.2  TimeStamp: 2026/03/11-20:49:14-GMT  BuildTime: Aug  4 2022 06:17:15  BuildStamp: freesurfer-linux-ubuntu22_x86_64-7.3.2-20220804-6354275  User: oesteban  Machine: dna061  Platform: Linux  PlatformVersion: 5.14.0-427.37.1.el9_4.x86_64  CompilerName: GCC  CompilerVersion: 8.4.0
ProgramName: mri_fwhm  ProgramArguments: mri_fwhm -all-info  ProgramVersion: 7.3.2  TimeStamp: 2026/03/11-20:49:14-GMT  BuildTime: Aug  4 2022 06:17:15  BuildStamp: freesurfer-linux-ubuntu22_x86_64-7.3.2-20220804-6354275  User: oesteban  Machine: dna061  Platform: Linux  PlatformVersion: 5.14.0-427.37.1.el9_4.x86_64  CompilerName: GCC  CompilerVersion: 8.4.0
ProgramName: mri_gcut  ProgramArguments: mri_gcut -all-info  ProgramVersion: 7.3.2  TimeStamp: 2026/03/11-20:49:14-GMT  BuildTime: Aug  4 2022 06:17:15  BuildStamp: freesurfer-linux-ubuntu22_x86_64-7.3.2-20220804-6354275  User: oesteban  Machine: dna061  Platform: Linux  PlatformVersion: 5.14.0-427.37.1.el9_4.x86_64  CompilerName: GCC  CompilerVersion: 8.4.0
ProgramName: mri_info  ProgramArguments: mri_info -all-info  ProgramVersion: 7.3.2  TimeStamp: 2026/03/11-20:49:14-GMT  BuildTime: Aug  4 2022 06:17:15  BuildStamp: freesurfer-linux-ubuntu22_x86_64-7.3.2-20220804-6354275  User: oesteban  Machine: dna061  Platform: Linux  PlatformVersion: 5.14.0-427.37.1.el9_4.x86_64  CompilerName: GCC  CompilerVersion: 8.4.0
ProgramName: mri_label2label  ProgramArguments: mri_label2label -all-info  ProgramVersion: 7.3.2  TimeStamp: 2026/03/11-20:49:14-GMT  BuildTime: Aug  4 2022 06:17:15  BuildStamp: freesurfer-linux-ubuntu22_x86_64-7.3.2-20220804-6354275  User: oesteban  Machine: dna061  Platform: Linux  PlatformVersion: 5.14.0-427.37.1.el9_4.x86_64  CompilerName: GCC  CompilerVersion: 8.4.0
ProgramName: mri_label2vol  ProgramArguments: mri_label2vol -all-info  ProgramVersion: 7.3.2  TimeStamp: 2026/03/11-20:49:14-GMT  BuildTime: Aug  4 2022 06:17:15  BuildStamp: freesurfer-linux-ubuntu22_x86_64-7.3.2-20220804-6354275  User: oesteban  Machine: dna061  Platform: Linux  PlatformVersion: 5.14.0-427.37.1.el9_4.x86_64  CompilerName: GCC  CompilerVersion: 8.4.0
ProgramName: mri_log_likelihood  ProgramArguments: mri_log_likelihood -all-info  ProgramVersion: 7.3.2  TimeStamp: 2026/03/11-20:49:14-GMT  BuildTime: Aug  4 2022 06:17:15  BuildStamp: freesurfer-linux-ubuntu22_x86_64-7.3.2-20220804-6354275  User: oesteban  Machine: dna061  Platform: Linux  PlatformVersion: 5.14.0-427.37.1.el9_4.x86_64  CompilerName: GCC  CompilerVersion: 8.4.0
ProgramName: mri_mask  ProgramArguments: mri_mask -all-info  ProgramVersion: 7.3.2  TimeStamp: 2026/03/11-20:49:14-GMT  BuildTime: Aug  4 2022 06:17:15  BuildStamp: freesurfer-linux-ubuntu22_x86_64-7.3.2-20220804-6354275  User: oesteban  Machine: dna061  Platform: Linux  PlatformVersion: 5.14.0-427.37.1.el9_4.x86_64  CompilerName: GCC  CompilerVersion: 8.4.0
ProgramName: mri_matrix_multiply  ProgramArguments: mri_matrix_multiply -all-info  ProgramVersion: 7.3.2  TimeStamp: 2026/03/11-20:49:14-GMT  BuildTime: Aug  4 2022 06:17:15  BuildStamp: freesurfer-linux-ubuntu22_x86_64-7.3.2-20220804-6354275  User: oesteban  Machine: dna061  Platform: Linux  PlatformVersion: 5.14.0-427.37.1.el9_4.x86_64  CompilerName: GCC  CompilerVersion: 8.4.0
ProgramName: mri_normalize  ProgramArguments: mri_normalize -all-info  ProgramVersion: 7.3.2  TimeStamp: 2026/03/11-20:49:14-GMT  BuildTime: Aug  4 2022 06:17:15  BuildStamp: freesurfer-linux-ubuntu22_x86_64-7.3.2-20220804-6354275  User: oesteban  Machine: dna061  Platform: Linux  PlatformVersion: 5.14.0-427.37.1.el9_4.x86_64  CompilerName: GCC  CompilerVersion: 8.4.0
ProgramName: mri_normalize_tp2  ProgramArguments: mri_normalize_tp2 -all-info  ProgramVersion: 7.3.2  TimeStamp: 2026/03/11-20:49:14-GMT  BuildTime: Aug  4 2022 06:17:15  BuildStamp: freesurfer-linux-ubuntu22_x86_64-7.3.2-20220804-6354275  User: oesteban  Machine: dna061  Platform: Linux  PlatformVersion: 5.14.0-427.37.1.el9_4.x86_64  CompilerName: GCC  CompilerVersion: 8.4.0
ProgramName: mri_or  ProgramArguments: mri_or -all-info  ProgramVersion: 7.3.2  TimeStamp: 2026/03/11-20:49:14-GMT  BuildTime: Aug  4 2022 06:17:15  BuildStamp: freesurfer-linux-ubuntu22_x86_64-7.3.2-20220804-6354275  User: oesteban  Machine: dna061  Platform: Linux  PlatformVersion: 5.14.0-427.37.1.el9_4.x86_64  CompilerName: GCC  CompilerVersion: 8.4.0
ProgramName: mri_relabel_hypointensities  ProgramArguments: mri_relabel_hypointensities -all-info  ProgramVersion: 7.3.2  TimeStamp: 2026/03/11-20:49:14-GMT  BuildTime: Aug  4 2022 06:17:15  BuildStamp: freesurfer-linux-ubuntu22_x86_64-7.3.2-20220804-6354275  User: oesteban  Machine: dna061  Platform: Linux  PlatformVersion: 5.14.0-427.37.1.el9_4.x86_64  CompilerName: GCC  CompilerVersion: 8.4.0
ProgramName: mri_relabel_nonwm_hypos  ProgramArguments: mri_relabel_nonwm_hypos -all-info  ProgramVersion: 7.3.2  TimeStamp: 2026/03/11-20:49:14-GMT  BuildTime: Aug  4 2022 06:17:15  BuildStamp: freesurfer-linux-ubuntu22_x86_64-7.3.2-20220804-6354275  User: oesteban  Machine: dna061  Platform: Linux  PlatformVersion: 5.14.0-427.37.1.el9_4.x86_64  CompilerName: GCC  CompilerVersion: 8.4.0
ProgramName: mri_remove_neck  ProgramArguments: mri_remove_neck -all-info  ProgramVersion: 7.3.2  TimeStamp: 2026/03/11-20:49:14-GMT  BuildTime: Aug  4 2022 06:17:15  BuildStamp: freesurfer-linux-ubuntu22_x86_64-7.3.2-20220804-6354275  User: oesteban  Machine: dna061  Platform: Linux  PlatformVersion: 5.14.0-427.37.1.el9_4.x86_64  CompilerName: GCC  CompilerVersion: 8.4.0
7.3.2

ProgramName: mri_robust_register  ProgramArguments: mri_robust_register -all-info  ProgramVersion: 7.3.2  TimeStamp: 2026/03/11-20:49:14-GMT  BuildTime: Aug  4 2022 06:17:15  BuildStamp: freesurfer-linux-ubuntu22_x86_64-7.3.2-20220804-6354275  User: oesteban  Machine: dna061  Platform: Linux  PlatformVersion: 5.14.0-427.37.1.el9_4.x86_64  CompilerName: GCC  CompilerVersion: 8.4.0
7.3.2

ProgramName: mri_robust_template  ProgramArguments: mri_robust_template -all-info  ProgramVersion: 7.3.2  TimeStamp: 2026/03/11-20:49:14-GMT  BuildTime: Aug  4 2022 06:17:15  BuildStamp: freesurfer-linux-ubuntu22_x86_64-7.3.2-20220804-6354275  User: oesteban  Machine: dna061  Platform: Linux  PlatformVersion: 5.14.0-427.37.1.el9_4.x86_64  CompilerName: GCC  CompilerVersion: 8.4.0
ProgramName: mris_anatomical_stats  ProgramArguments: mris_anatomical_stats -all-info  ProgramVersion: 7.3.2  TimeStamp: 2026/03/11-20:49:14-GMT  BuildTime: Aug  4 2022 06:17:15  BuildStamp: freesurfer-linux-ubuntu22_x86_64-7.3.2-20220804-6354275  User: oesteban  Machine: dna061  Platform: Linux  PlatformVersion: 5.14.0-427.37.1.el9_4.x86_64  CompilerName: GCC  CompilerVersion: 8.4.0
ProgramName: mris_ca_label  ProgramArguments: mris_ca_label -all-info  ProgramVersion: 7.3.2  TimeStamp: 2026/03/11-20:49:14-GMT  BuildTime: Aug  4 2022 06:17:15  BuildStamp: freesurfer-linux-ubuntu22_x86_64-7.3.2-20220804-6354275  User: oesteban  Machine: dna061  Platform: Linux  PlatformVersion: 5.14.0-427.37.1.el9_4.x86_64  CompilerName: GCC  CompilerVersion: 8.4.0
ProgramName: mris_calc  ProgramArguments: mris_calc -all-info  ProgramVersion: 7.3.2  TimeStamp: 2026/03/11-20:49:14-GMT  BuildTime: Aug  4 2022 06:17:15  BuildStamp: freesurfer-linux-ubuntu22_x86_64-7.3.2-20220804-6354275  User: oesteban  Machine: dna061  Platform: Linux  PlatformVersion: 5.14.0-427.37.1.el9_4.x86_64  CompilerName: GCC  CompilerVersion: 8.4.0
ProgramName: mris_convert  ProgramArguments: mris_convert -all-info  ProgramVersion: 7.3.2  TimeStamp: 2026/03/11-20:49:14-GMT  BuildTime: Aug  4 2022 06:17:15  BuildStamp: freesurfer-linux-ubuntu22_x86_64-7.3.2-20220804-6354275  User: oesteban  Machine: dna061  Platform: Linux  PlatformVersion: 5.14.0-427.37.1.el9_4.x86_64  CompilerName: GCC  CompilerVersion: 8.4.0
ProgramName: mris_curvature  ProgramArguments: mris_curvature -all-info  ProgramVersion: 7.3.2  TimeStamp: 2026/03/11-20:49:14-GMT  BuildTime: Aug  4 2022 06:17:15  BuildStamp: freesurfer-linux-ubuntu22_x86_64-7.3.2-20220804-6354275  User: oesteban  Machine: dna061  Platform: Linux  PlatformVersion: 5.14.0-427.37.1.el9_4.x86_64  CompilerName: GCC  CompilerVersion: 8.4.0
ProgramName: mris_curvature_stats  ProgramArguments: mris_curvature_stats -all-info  ProgramVersion: 7.3.2  TimeStamp: 2026/03/11-20:49:14-GMT  BuildTime: Aug  4 2022 06:17:15  BuildStamp: freesurfer-linux-ubuntu22_x86_64-7.3.2-20220804-6354275  User: oesteban  Machine: dna061  Platform: Linux  PlatformVersion: 5.14.0-427.37.1.el9_4.x86_64  CompilerName: GCC  CompilerVersion: 8.4.0
ProgramName: mris_diff  ProgramArguments: mris_diff -all-info  ProgramVersion: 7.3.2  TimeStamp: 2026/03/11-20:49:14-GMT  BuildTime: Aug  4 2022 06:17:15  BuildStamp: freesurfer-linux-ubuntu22_x86_64-7.3.2-20220804-6354275  User: oesteban  Machine: dna061  Platform: Linux  PlatformVersion: 5.14.0-427.37.1.el9_4.x86_64  CompilerName: GCC  CompilerVersion: 8.4.0
ProgramName: mris_divide_parcellation  ProgramArguments: mris_divide_parcellation -all-info  ProgramVersion: 7.3.2  TimeStamp: 2026/03/11-20:49:14-GMT  BuildTime: Aug  4 2022 06:17:15  BuildStamp: freesurfer-linux-ubuntu22_x86_64-7.3.2-20220804-6354275  User: oesteban  Machine: dna061  Platform: Linux  PlatformVersion: 5.14.0-427.37.1.el9_4.x86_64  CompilerName: GCC  CompilerVersion: 8.4.0
ProgramName: mri_segment  ProgramArguments: mri_segment -all-info  ProgramVersion: 7.3.2  TimeStamp: 2026/03/11-20:49:14-GMT  BuildTime: Aug  4 2022 06:17:15  BuildStamp: freesurfer-linux-ubuntu22_x86_64-7.3.2-20220804-6354275  User: oesteban  Machine: dna061  Platform: Linux  PlatformVersion: 5.14.0-427.37.1.el9_4.x86_64  CompilerName: GCC  CompilerVersion: 8.4.0
ProgramName: mri_segstats  ProgramArguments: mri_segstats -all-info  ProgramVersion: 7.3.2  TimeStamp: 2026/03/11-20:49:14-GMT  BuildTime: Aug  4 2022 06:17:15  BuildStamp: freesurfer-linux-ubuntu22_x86_64-7.3.2-20220804-6354275  User: oesteban  Machine: dna061  Platform: Linux  PlatformVersion: 5.14.0-427.37.1.el9_4.x86_64  CompilerName: GCC  CompilerVersion: 8.4.0
ProgramName: mris_euler_number  ProgramArguments: mris_euler_number -all-info  ProgramVersion: 7.3.2  TimeStamp: 2026/03/11-20:49:14-GMT  BuildTime: Aug  4 2022 06:17:15  BuildStamp: freesurfer-linux-ubuntu22_x86_64-7.3.2-20220804-6354275  User: oesteban  Machine: dna061  Platform: Linux  PlatformVersion: 5.14.0-427.37.1.el9_4.x86_64  CompilerName: GCC  CompilerVersion: 8.4.0
ProgramName: mris_fix_topology  ProgramArguments: mris_fix_topology -all-info  ProgramVersion: 7.3.2  TimeStamp: 2026/03/11-20:49:14-GMT  BuildTime: Aug  4 2022 06:17:15  BuildStamp: freesurfer-linux-ubuntu22_x86_64-7.3.2-20220804-6354275  User: oesteban  Machine: dna061  Platform: Linux  PlatformVersion: 5.14.0-427.37.1.el9_4.x86_64  CompilerName: GCC  CompilerVersion: 8.4.0
ProgramName: mris_topo_fixer  ProgramArguments: mris_topo_fixer -all-info  ProgramVersion: 7.3.2  TimeStamp: 2026/03/11-20:49:14-GMT  BuildTime: Aug  4 2022 06:17:15  BuildStamp: freesurfer-linux-ubuntu22_x86_64-7.3.2-20220804-6354275  User: oesteban  Machine: dna061  Platform: Linux  PlatformVersion: 5.14.0-427.37.1.el9_4.x86_64  CompilerName: GCC  CompilerVersion: 8.4.0
ProgramName: mris_jacobian  ProgramArguments: mris_jacobian -all-info  ProgramVersion: 7.3.2  TimeStamp: 2026/03/11-20:49:14-GMT  BuildTime: Aug  4 2022 06:17:15  BuildStamp: freesurfer-linux-ubuntu22_x86_64-7.3.2-20220804-6354275  User: oesteban  Machine: dna061  Platform: Linux  PlatformVersion: 5.14.0-427.37.1.el9_4.x86_64  CompilerName: GCC  CompilerVersion: 8.4.0
ProgramName: mris_label2annot  ProgramArguments: mris_label2annot -all-info  ProgramVersion: 7.3.2  TimeStamp: 2026/03/11-20:49:14-GMT  BuildTime: Aug  4 2022 06:17:15  BuildStamp: freesurfer-linux-ubuntu22_x86_64-7.3.2-20220804-6354275  User: oesteban  Machine: dna061  Platform: Linux  PlatformVersion: 5.14.0-427.37.1.el9_4.x86_64  CompilerName: GCC  CompilerVersion: 8.4.0
ProgramName: mris_left_right_register  ProgramArguments: mris_left_right_register -all-info  ProgramVersion: 7.3.2  TimeStamp: 2026/03/11-20:49:14-GMT  BuildTime: Aug  4 2022 06:17:15  BuildStamp: freesurfer-linux-ubuntu22_x86_64-7.3.2-20220804-6354275  User: oesteban  Machine: dna061  Platform: Linux  PlatformVersion: 5.14.0-427.37.1.el9_4.x86_64  CompilerName: GCC  CompilerVersion: 8.4.0
ProgramName: mris_place_surface  ProgramArguments: mris_place_surface -all-info  ProgramVersion: 7.3.2  TimeStamp: 2026/03/11-20:49:14-GMT  BuildTime: Aug  4 2022 06:17:15  BuildStamp: freesurfer-linux-ubuntu22_x86_64-7.3.2-20220804-6354275  User: oesteban  Machine: dna061  Platform: Linux  PlatformVersion: 5.14.0-427.37.1.el9_4.x86_64  CompilerName: GCC  CompilerVersion: 8.4.0
ProgramName: mrisp_paint  ProgramArguments: mrisp_paint -all-info  ProgramVersion: 7.3.2  TimeStamp: 2026/03/11-20:49:14-GMT  BuildTime: Aug  4 2022 06:17:15  BuildStamp: freesurfer-linux-ubuntu22_x86_64-7.3.2-20220804-6354275  User: oesteban  Machine: dna061  Platform: Linux  PlatformVersion: 5.14.0-427.37.1.el9_4.x86_64  CompilerName: GCC  CompilerVersion: 8.4.0
ProgramName: mris_register  ProgramArguments: mris_register -all-info  ProgramVersion: 7.3.2  TimeStamp: 2026/03/11-20:49:14-GMT  BuildTime: Aug  4 2022 06:17:15  BuildStamp: freesurfer-linux-ubuntu22_x86_64-7.3.2-20220804-6354275  User: oesteban  Machine: dna061  Platform: Linux  PlatformVersion: 5.14.0-427.37.1.el9_4.x86_64  CompilerName: GCC  CompilerVersion: 8.4.0
ProgramName: mris_smooth  ProgramArguments: mris_smooth -all-info  ProgramVersion: 7.3.2  TimeStamp: 2026/03/11-20:49:14-GMT  BuildTime: Aug  4 2022 06:17:15  BuildStamp: freesurfer-linux-ubuntu22_x86_64-7.3.2-20220804-6354275  User: oesteban  Machine: dna061  Platform: Linux  PlatformVersion: 5.14.0-427.37.1.el9_4.x86_64  CompilerName: GCC  CompilerVersion: 8.4.0
ProgramName: mris_sphere  ProgramArguments: mris_sphere -all-info  ProgramVersion: 7.3.2  TimeStamp: 2026/03/11-20:49:14-GMT  BuildTime: Aug  4 2022 06:17:15  BuildStamp: freesurfer-linux-ubuntu22_x86_64-7.3.2-20220804-6354275  User: oesteban  Machine: dna061  Platform: Linux  PlatformVersion: 5.14.0-427.37.1.el9_4.x86_64  CompilerName: GCC  CompilerVersion: 8.4.0
ProgramName: mris_surface_stats  ProgramArguments: mris_surface_stats -all-info  ProgramVersion: 7.3.2  TimeStamp: 2026/03/11-20:49:15-GMT  BuildTime: Aug  4 2022 06:17:15  BuildStamp: freesurfer-linux-ubuntu22_x86_64-7.3.2-20220804-6354275  User: oesteban  Machine: dna061  Platform: Linux  PlatformVersion: 5.14.0-427.37.1.el9_4.x86_64  CompilerName: GCC  CompilerVersion: 8.4.0
ProgramName: mri_stats2seg  ProgramArguments: mri_stats2seg -all-info  ProgramVersion: 7.3.2  TimeStamp: 2026/03/11-20:49:15-GMT  BuildTime: Aug  4 2022 06:17:15  BuildStamp: freesurfer-linux-ubuntu22_x86_64-7.3.2-20220804-6354275  User: oesteban  Machine: dna061  Platform: Linux  PlatformVersion: 5.14.0-427.37.1.el9_4.x86_64  CompilerName: GCC  CompilerVersion: 8.4.0
ProgramName: mris_thickness  ProgramArguments: mris_thickness -all-info  ProgramVersion: 7.3.2  TimeStamp: 2026/03/11-20:49:15-GMT  BuildTime: Aug  4 2022 06:17:15  BuildStamp: freesurfer-linux-ubuntu22_x86_64-7.3.2-20220804-6354275  User: oesteban  Machine: dna061  Platform: Linux  PlatformVersion: 5.14.0-427.37.1.el9_4.x86_64  CompilerName: GCC  CompilerVersion: 8.4.0
ProgramName: mris_thickness_diff  ProgramArguments: mris_thickness_diff -all-info  ProgramVersion: 7.3.2  TimeStamp: 2026/03/11-20:49:15-GMT  BuildTime: Aug  4 2022 06:17:15  BuildStamp: freesurfer-linux-ubuntu22_x86_64-7.3.2-20220804-6354275  User: oesteban  Machine: dna061  Platform: Linux  PlatformVersion: 5.14.0-427.37.1.el9_4.x86_64  CompilerName: GCC  CompilerVersion: 8.4.0
ProgramName: mris_topo_fixer  ProgramArguments: mris_topo_fixer -all-info  ProgramVersion: 7.3.2  TimeStamp: 2026/03/11-20:49:15-GMT  BuildTime: Aug  4 2022 06:17:15  BuildStamp: freesurfer-linux-ubuntu22_x86_64-7.3.2-20220804-6354275  User: oesteban  Machine: dna061  Platform: Linux  PlatformVersion: 5.14.0-427.37.1.el9_4.x86_64  CompilerName: GCC  CompilerVersion: 8.4.0
ProgramName: mri_surf2surf  ProgramArguments: mri_surf2surf -all-info  ProgramVersion: 7.3.2  TimeStamp: 2026/03/11-20:49:15-GMT  BuildTime: Aug  4 2022 06:17:15  BuildStamp: freesurfer-linux-ubuntu22_x86_64-7.3.2-20220804-6354275  User: oesteban  Machine: dna061  Platform: Linux  PlatformVersion: 5.14.0-427.37.1.el9_4.x86_64  CompilerName: GCC  CompilerVersion: 8.4.0
ProgramName: mri_surf2vol  ProgramArguments: mri_surf2vol -all-info  ProgramVersion: 7.3.2  TimeStamp: 2026/03/11-20:49:15-GMT  BuildTime: Aug  4 2022 06:17:15  BuildStamp: freesurfer-linux-ubuntu22_x86_64-7.3.2-20220804-6354275  User: oesteban  Machine: dna061  Platform: Linux  PlatformVersion: 5.14.0-427.37.1.el9_4.x86_64  CompilerName: GCC  CompilerVersion: 8.4.0
ProgramName: mri_surfcluster  ProgramArguments: mri_surfcluster -all-info  ProgramVersion: 7.3.2  TimeStamp: 2026/03/11-20:49:15-GMT  BuildTime: Aug  4 2022 06:17:15  BuildStamp: freesurfer-linux-ubuntu22_x86_64-7.3.2-20220804-6354275  User: oesteban  Machine: dna061  Platform: Linux  PlatformVersion: 5.14.0-427.37.1.el9_4.x86_64  CompilerName: GCC  CompilerVersion: 8.4.0
ProgramName: mris_volmask  ProgramArguments: mris_volmask -all-info  ProgramVersion: 7.3.2  TimeStamp: 2026/03/11-20:49:15-GMT  BuildTime: Aug  4 2022 06:17:15  BuildStamp: freesurfer-linux-ubuntu22_x86_64-7.3.2-20220804-6354275  User: oesteban  Machine: dna061  Platform: Linux  PlatformVersion: 5.14.0-427.37.1.el9_4.x86_64  CompilerName: GCC  CompilerVersion: 8.4.0
ProgramName: mri_tessellate  ProgramArguments: mri_tessellate -all-info  ProgramVersion: 7.3.2  TimeStamp: 2026/03/11-20:49:15-GMT  BuildTime: Aug  4 2022 06:17:15  BuildStamp: freesurfer-linux-ubuntu22_x86_64-7.3.2-20220804-6354275  User: oesteban  Machine: dna061  Platform: Linux  PlatformVersion: 5.14.0-427.37.1.el9_4.x86_64  CompilerName: GCC  CompilerVersion: 8.4.0
ProgramName: mri_vol2surf  ProgramArguments: mri_vol2surf -all-info  ProgramVersion: 7.3.2  TimeStamp: 2026/03/11-20:49:15-GMT  BuildTime: Aug  4 2022 06:17:15  BuildStamp: freesurfer-linux-ubuntu22_x86_64-7.3.2-20220804-6354275  User: oesteban  Machine: dna061  Platform: Linux  PlatformVersion: 5.14.0-427.37.1.el9_4.x86_64  CompilerName: GCC  CompilerVersion: 8.4.0
ProgramName: mri_vol2vol  ProgramArguments: mri_vol2vol -all-info  ProgramVersion: 7.3.2  TimeStamp: 2026/03/11-20:49:15-GMT  BuildTime: Aug  4 2022 06:17:15  BuildStamp: freesurfer-linux-ubuntu22_x86_64-7.3.2-20220804-6354275  User: oesteban  Machine: dna061  Platform: Linux  PlatformVersion: 5.14.0-427.37.1.el9_4.x86_64  CompilerName: GCC  CompilerVersion: 8.4.0
ProgramName: mri_voldiff  ProgramArguments: mri_voldiff -all-info  ProgramVersion: 7.3.2  TimeStamp: 2026/03/11-20:49:15-GMT  BuildTime: Aug  4 2022 06:17:15  BuildStamp: freesurfer-linux-ubuntu22_x86_64-7.3.2-20220804-6354275  User: oesteban  Machine: dna061  Platform: Linux  PlatformVersion: 5.14.0-427.37.1.el9_4.x86_64  CompilerName: GCC  CompilerVersion: 8.4.0
ProgramName: mri_watershed  ProgramArguments: mri_watershed -all-info  ProgramVersion: 7.3.2  TimeStamp: 2026/03/11-20:49:15-GMT  BuildTime: Aug  4 2022 06:17:15  BuildStamp: freesurfer-linux-ubuntu22_x86_64-7.3.2-20220804-6354275  User: oesteban  Machine: dna061  Platform: Linux  PlatformVersion: 5.14.0-427.37.1.el9_4.x86_64  CompilerName: GCC  CompilerVersion: 8.4.0
ProgramName: tkregister2  ProgramArguments: tkregister2_cmdl -all-info  ProgramVersion: 7.3.2  TimeStamp: 2026/03/11-20:49:15-GMT  BuildTime: Aug  4 2022 06:17:15  BuildStamp: freesurfer-linux-ubuntu22_x86_64-7.3.2-20220804-6354275  User: oesteban  Machine: dna061  Platform: Linux  PlatformVersion: 5.14.0-427.37.1.el9_4.x86_64  CompilerName: GCC  CompilerVersion: 8.4.0
mri_motion_correct.fsl 7.3.2
mri_convert -all-info 
ProgramName: mri_convert  ProgramArguments: mri_convert -all-info  ProgramVersion: 7.3.2  TimeStamp: 2026/03/11-20:49:15-GMT  BuildTime: Aug  4 2022 06:17:15  BuildStamp: freesurfer-linux-ubuntu22_x86_64-7.3.2-20220804-6354275  User: oesteban  Machine: dna061  Platform: Linux  PlatformVersion: 5.14.0-427.37.1.el9_4.x86_64  CompilerName: GCC  CompilerVersion: 8.4.0
Program nu_correct, built from:
Package MNI N3, version 1.12.0, compiled by nicks@terrier (x86_64-unknown-linux-gnu) on 2015-06-19 at 01:25:34
#######################################
GCADIR /opt/freesurfer/average
GCA RB_all_2020-01-02.gca
GCASkull RB_all_withskull_2020_01_02.gca
AvgCurvTif folding.atlas.acfb40.noaparc.i12.2016-08-02.tif
GCSDIR /opt/freesurfer/average
GCS DKaparc.atlas.acfb40.noaparc.i12.2016-08-02.gcs
#######################################
#-------------------------------------
#@# EM Registration Wed Mar 11 21:49:15 CET 2026
/out/sourcedata/freesurfer/sub-v1s2x0051493_ses-1/mri

 mri_em_register -uns 3 -mask brainmask.mgz nu.mgz /opt/freesurfer/average/RB_all_2020-01-02.gca transforms/talairach.lta 

setting unknown_nbr_spacing = 3
using MR volume brainmask.mgz to mask input volume...

== Number of threads available to mri_em_register for OpenMP = 16 == 
reading 1 input volumes...
logging results to talairach.log
reading '/opt/freesurfer/average/RB_all_2020-01-02.gca'...
GCAread took 0 minutes and 1 seconds.
average std = 7.2   using min determinant for regularization = 5.2
0 singular and 884 ill-conditioned covariance matrices regularized
reading 'nu.mgz'...
MRImask(): AllowDiffGeom = 1
MRImask(): AllowDiffGeom = 1
MRImask(): AllowDiffGeom = 1
MRImask(): AllowDiffGeom = 1
MRImask(): AllowDiffGeom = 1
freeing gibbs priors...done.
accounting for voxel sizes in initial transform
bounding unknown intensity as < 5.9 or > 519.0 
total sample mean = 79.1 (1017 zeros)
************************************************
spacing=8, using 2841 sample points, tol=1.00e-05...
************************************************
register_mri: find_optimal_transform
find_optimal_transform: nsamples 2841, passno 0, spacing 8
resetting wm mean[0]: 98 --> 107
resetting gm mean[0]: 61 --> 61
input volume #1 is the most T1-like
using real data threshold=30.4
skull bounding box = (59, 28, 23) --> (190, 160, 186)
finding center of left hemi white matter
using (103, 72, 105) as brain centroid of Right_Cerebral_White_Matter...
MRImask(): AllowDiffGeom = 1
mean wm in atlas = 107, using box (87,56,85) --> (119, 88,125) to find MRI wm
before smoothing, mri peak at 109
robust fit to distribution - 107 +- 3.5
after smoothing, mri peak at 107, scaling input intensities by 1.000
scaling channel 0 by 1
initial log_p = -4.490
************************************************
First Search limited to translation only.
************************************************
max log p =    -4.034735 @ (-10.526, 31.579, 10.526)
max log p =    -3.841714 @ (5.263, -5.263, -5.263)
max log p =    -3.829849 @ (2.632, 2.632, 2.632)
max log p =    -3.787552 @ (1.316, -1.316, -3.947)
max log p =    -3.768862 @ (-0.658, 0.658, 0.658)
max log p =    -3.764485 @ (1.645, -2.303, 0.329)
max log p =    -3.764485 @ (0.000, 0.000, 0.000)
max log p =    -3.764485 @ (0.000, 0.000, 0.000)
Found translation: (-0.3, 26.0, 4.9): log p = -3.764
****************************************
Nine parameter search.  iteration 0 nscales = 0 ...
****************************************
Result so far: scale 1.000: max_log_p=-3.608, old_max_log_p =-3.764 (thresh=-3.8)
 1.05669   0.17154  -0.09806  -13.68710;
-0.12941   0.95325   0.27306   19.36146;
 0.13053  -0.25660   0.95766   16.53677;
 0.00000   0.00000   0.00000   1.00000;
iteration took 0 minutes and 13 seconds.
****************************************
Nine parameter search.  iteration 1 nscales = 0 ...
****************************************
Result so far: scale 1.000: max_log_p=-3.608, old_max_log_p =-3.608 (thresh=-3.6)
 1.05669   0.17154  -0.09806  -13.68710;
-0.12941   0.95325   0.27306   19.36146;
 0.13053  -0.25660   0.95766   16.53677;
 0.00000   0.00000   0.00000   1.00000;
reducing scale to 0.2500
iteration took 0 minutes and 13 seconds.
****************************************
Nine parameter search.  iteration 2 nscales = 1 ...
****************************************
Result so far: scale 0.250: max_log_p=-3.490, old_max_log_p =-3.608 (thresh=-3.6)
 1.04425   0.12758  -0.07565  -10.13594;
-0.08609   0.93990   0.33068   9.30685;
 0.10703  -0.32751   0.95801   29.78178;
 0.00000   0.00000   0.00000   1.00000;
iteration took 0 minutes and 13 seconds.
****************************************
Nine parameter search.  iteration 3 nscales = 1 ...
****************************************
Result so far: scale 0.250: max_log_p=-3.479, old_max_log_p =-3.490 (thresh=-3.5)
 1.04425   0.12758  -0.07565  -10.13594;
-0.08932   0.97514   0.34308   5.18246;
 0.10703  -0.32751   0.95801   29.78178;
 0.00000   0.00000   0.00000   1.00000;
iteration took 0 minutes and 13 seconds.
****************************************
Nine parameter search.  iteration 4 nscales = 1 ...
****************************************
Result so far: scale 0.250: max_log_p=-3.479, old_max_log_p =-3.479 (thresh=-3.5)
 1.04425   0.12758  -0.07565  -10.13594;
-0.08932   0.97514   0.34308   5.18246;
 0.10703  -0.32751   0.95801   29.78178;
 0.00000   0.00000   0.00000   1.00000;
reducing scale to 0.0625
iteration took 0 minutes and 13 seconds.
****************************************
Nine parameter search.  iteration 5 nscales = 2 ...
****************************************
Result so far: scale 0.062: max_log_p=-3.454, old_max_log_p =-3.479 (thresh=-3.5)
 1.04425   0.12758  -0.07565  -10.13594;
-0.08933   0.97516   0.34304   5.65404;
 0.10741  -0.32870   0.96137   29.52008;
 0.00000   0.00000   0.00000   1.00000;
iteration took 0 minutes and 13 seconds.
****************************************
Nine parameter search.  iteration 6 nscales = 2 ...
****************************************
Result so far: scale 0.062: max_log_p=-3.442, old_max_log_p =-3.454 (thresh=-3.5)
 1.04425   0.12758  -0.07565  -10.13594;
-0.09052   0.98125   0.33635   5.88119;
 0.10680  -0.32108   0.96527   28.50312;
 0.00000   0.00000   0.00000   1.00000;
iteration took 0 minutes and 13 seconds.
****************************************
Nine parameter search.  iteration 7 nscales = 2 ...
****************************************
Result so far: scale 0.062: max_log_p=-3.440, old_max_log_p =-3.442 (thresh=-3.4)
 1.04425   0.12758  -0.07565  -10.13594;
-0.09062   0.98240   0.33674   5.74830;
 0.10680  -0.32108   0.96527   28.50312;
 0.00000   0.00000   0.00000   1.00000;
min search scale 0.025000 reached
***********************************************
Computing MAP estimate using 2841 samples...
***********************************************
dt = 5.00e-06, momentum=0.80, tol=1.00e-05
l_intensity = 1.0000
Aligning input volume to GCA...
Transform matrix
 1.04425   0.12758  -0.07565  -10.13594;
-0.09062   0.98240   0.33674   5.74830;
 0.10680  -0.32108   0.96527   28.50312;
 0.00000   0.00000   0.00000   1.00000;
nsamples 2841
Quasinewton: input matrix
 1.04425   0.12758  -0.07565  -10.13594;
-0.09062   0.98240   0.33674   5.74830;
 0.10680  -0.32108   0.96527   28.50312;
 0.00000   0.00000   0.00000   1.00000;
 IFLAG= -1  LINE SEARCH FAILED. SEE DOCUMENTATION OF ROUTINE MCSRCH ERROR RETURN OF LINE SEARCH: INFO= 3 POSSIBLE CAUSES: FUNCTION OR GRADIENT ARE INCORRECT OR INCORRECT TOLERANCESoutof QuasiNewtonEMA: 010: -log(p) =   -0.0  tol 0.000010
Resulting transform:
 1.04425   0.12758  -0.07565  -10.13594;
-0.09062   0.98240   0.33674   5.74830;
 0.10680  -0.32108   0.96527   28.50312;
 0.00000   0.00000   0.00000   1.00000;

pass 1, spacing 8: log(p) = -3.440 (old=-4.490)
transform before final EM align:
 1.04425   0.12758  -0.07565  -10.13594;
-0.09062   0.98240   0.33674   5.74830;
 0.10680  -0.32108   0.96527   28.50312;
 0.00000   0.00000   0.00000   1.00000;

**************************************************
 EM alignment process ...
 Computing final MAP estimate using 315638 samples. 
**************************************************
dt = 5.00e-06, momentum=0.80, tol=1.00e-07
l_intensity = 1.0000
Aligning input volume to GCA...
Transform matrix
 1.04425   0.12758  -0.07565  -10.13594;
-0.09062   0.98240   0.33674   5.74830;
 0.10680  -0.32108   0.96527   28.50312;
 0.00000   0.00000   0.00000   1.00000;
nsamples 315638
Quasinewton: input matrix
 1.04425   0.12758  -0.07565  -10.13594;
-0.09062   0.98240   0.33674   5.74830;
 0.10680  -0.32108   0.96527   28.50312;
 0.00000   0.00000   0.00000   1.00000;
 IFLAG= -1  LINE SEARCH FAILED. SEE DOCUMENTATION OF ROUTINE MCSRCH ERROR RETURN OF LINE SEARCH: INFO= 6 POSSIBLE CAUSES: FUNCTION OR GRADIENT ARE INCORRECT OR INCORRECT TOLERANCESoutof QuasiNewtonEMA: 012: -log(p) =    4.0  tol 0.000000
final transform:
 1.04425   0.12758  -0.07565  -10.13594;
-0.09062   0.98240   0.33674   5.74830;
 0.10680  -0.32108   0.96527   28.50312;
 0.00000   0.00000   0.00000   1.00000;

writing output transformation to transforms/talairach.lta...
#VMPC# mri_em_register VmPeak  891280
FSRUNTIME@ mri_em_register  0.0406 hours 16 threads
registration took 2 minutes and 26 seconds.

Started at Wed Mar 11 21:49:14 CET 2026 
Ended   at Wed Mar 11 21:51:41 CET 2026
#@#%# recon-all-run-time-hours 0.041
recon-all -s sub-v1s2x0051493_ses-1 finished without error at Wed Mar 11 21:51:41 CET 2026



#New# invocation of recon-all 




Wed Mar 11 21:51:43 CET 2026
cd /out/sourcedata/freesurfer/sub-v1s2x0051493_ses-1
setenv SUBJECTS_DIR /out/sourcedata/freesurfer
/opt/freesurfer/bin/recon-all -autorecon2-volonly -openmp 16 -subjid sub-v1s2x0051493_ses-1 -sd /out/sourcedata/freesurfer -nogcareg

subjid sub-v1s2x0051493_ses-1
setenv SUBJECTS_DIR /out/sourcedata/freesurfer
FREESURFER_HOME /opt/freesurfer
Actual FREESURFER_HOME /opt/freesurfer
build-stamp.txt: freesurfer-linux-ubuntu22_x86_64-7.3.2-20220804-6354275
Linux dna061 5.14.0-427.37.1.el9_4.x86_64 #1 SMP PREEMPT_DYNAMIC Fri Sep 13 12:41:50 EDT 2024 x86_64 x86_64 x86_64 GNU/Linux
cputime      unlimited
filesize     unlimited
datasize     unlimited
stacksize    8192 kbytes
coredumpsize 0 kbytes
memoryuse    67108864 kbytes
vmemoryuse   unlimited
descriptors  1024 
memorylocked unlimited
maxproc      2061970 
maxlocks     unlimited
maxsignal    2061970 
maxmessage   819200 
maxnice      0 
maxrtprio    0 
maxrttime    unlimited

               total        used        free      shared  buff/cache   available
Mem:           503Gi        54Gi       323Gi        25Gi       125Gi       419Gi
Swap:             0B          0B          0B

########################################
program versions used
7.3.2 (freesurfer-linux-ubuntu22_x86_64-7.3.2-20220804-6354275)
7.3.2

ProgramName: lta_convert  ProgramArguments: lta_convert -all-info  ProgramVersion: 7.3.2  TimeStamp: 2026/03/11-20:51:43-GMT  BuildTime: Aug  4 2022 06:17:15  BuildStamp: freesurfer-linux-ubuntu22_x86_64-7.3.2-20220804-6354275  User: oesteban  Machine: dna061  Platform: Linux  PlatformVersion: 5.14.0-427.37.1.el9_4.x86_64  CompilerName: GCC  CompilerVersion: 8.4.0
ProgramName: mri_and  ProgramArguments: mri_and -all-info  ProgramVersion: 7.3.2  TimeStamp: 2026/03/11-20:51:43-GMT  BuildTime: Aug  4 2022 06:17:15  BuildStamp: freesurfer-linux-ubuntu22_x86_64-7.3.2-20220804-6354275  User: oesteban  Machine: dna061  Platform: Linux  PlatformVersion: 5.14.0-427.37.1.el9_4.x86_64  CompilerName: GCC  CompilerVersion: 8.4.0
ProgramName: mri_annotation2label  ProgramArguments: mri_annotation2label -all-info  ProgramVersion: 7.3.2  TimeStamp: 2026/03/11-20:51:43-GMT  BuildTime: Aug  4 2022 06:17:15  BuildStamp: freesurfer-linux-ubuntu22_x86_64-7.3.2-20220804-6354275  User: oesteban  Machine: dna061  Platform: Linux  PlatformVersion: 5.14.0-427.37.1.el9_4.x86_64  CompilerName: GCC  CompilerVersion: 8.4.0
ProgramName: mri_aparc2aseg  ProgramArguments: mri_aparc2aseg -all-info  ProgramVersion: 7.3.2  TimeStamp: 2026/03/11-20:51:43-GMT  BuildTime: Aug  4 2022 06:17:15  BuildStamp: freesurfer-linux-ubuntu22_x86_64-7.3.2-20220804-6354275  User: oesteban  Machine: dna061  Platform: Linux  PlatformVersion: 5.14.0-427.37.1.el9_4.x86_64  CompilerName: GCC  CompilerVersion: 8.4.0
ProgramName: mri_surf2volseg  ProgramArguments: mri_surf2volseg -all-info  ProgramVersion: 7.3.2  TimeStamp: 2026/03/11-20:51:43-GMT  BuildTime: Aug  4 2022 06:17:15  BuildStamp: freesurfer-linux-ubuntu22_x86_64-7.3.2-20220804-6354275  User: oesteban  Machine: dna061  Platform: Linux  PlatformVersion: 5.14.0-427.37.1.el9_4.x86_64  CompilerName: GCC  CompilerVersion: 8.4.0
ProgramName: mri_binarize  ProgramArguments: mri_binarize -all-info  ProgramVersion: 7.3.2  TimeStamp: 2026/03/11-20:51:43-GMT  BuildTime: Aug  4 2022 06:17:15  BuildStamp: freesurfer-linux-ubuntu22_x86_64-7.3.2-20220804-6354275  User: oesteban  Machine: dna061  Platform: Linux  PlatformVersion: 5.14.0-427.37.1.el9_4.x86_64  CompilerName: GCC  CompilerVersion: 8.4.0
ProgramName: mri_ca_label  ProgramArguments: mri_ca_label -all-info  ProgramVersion: 7.3.2  TimeStamp: 2026/03/11-20:51:43-GMT  BuildTime: Aug  4 2022 06:17:15  BuildStamp: freesurfer-linux-ubuntu22_x86_64-7.3.2-20220804-6354275  User: oesteban  Machine: dna061  Platform: Linux  PlatformVersion: 5.14.0-427.37.1.el9_4.x86_64  CompilerName: GCC  CompilerVersion: 8.4.0
ProgramName: mri_ca_normalize  ProgramArguments: mri_ca_normalize -all-info  ProgramVersion: 7.3.2  TimeStamp: 2026/03/11-20:51:43-GMT  BuildTime: Aug  4 2022 06:17:15  BuildStamp: freesurfer-linux-ubuntu22_x86_64-7.3.2-20220804-6354275  User: oesteban  Machine: dna061  Platform: Linux  PlatformVersion: 5.14.0-427.37.1.el9_4.x86_64  CompilerName: GCC  CompilerVersion: 8.4.0
ProgramName: mri_ca_register  ProgramArguments: mri_ca_register -all-info  ProgramVersion: 7.3.2  TimeStamp: 2026/03/11-20:51:43-GMT  BuildTime: Aug  4 2022 06:17:15  BuildStamp: freesurfer-linux-ubuntu22_x86_64-7.3.2-20220804-6354275  User: oesteban  Machine: dna061  Platform: Linux  PlatformVersion: 5.14.0-427.37.1.el9_4.x86_64  CompilerName: GCC  CompilerVersion: 8.4.0
ProgramName: mri_cc  ProgramArguments: mri_cc -all-info  ProgramVersion: 7.3.2  TimeStamp: 2026/03/11-20:51:43-GMT  BuildTime: Aug  4 2022 06:17:15  BuildStamp: freesurfer-linux-ubuntu22_x86_64-7.3.2-20220804-6354275  User: oesteban  Machine: dna061  Platform: Linux  PlatformVersion: 5.14.0-427.37.1.el9_4.x86_64  CompilerName: GCC  CompilerVersion: 8.4.0
ProgramName: mri_compute_overlap  ProgramArguments: mri_compute_overlap -all-info  ProgramVersion: 7.3.2  TimeStamp: 2026/03/11-20:51:43-GMT  BuildTime: Aug  4 2022 06:17:15  BuildStamp: freesurfer-linux-ubuntu22_x86_64-7.3.2-20220804-6354275  User: oesteban  Machine: dna061  Platform: Linux  PlatformVersion: 5.14.0-427.37.1.el9_4.x86_64  CompilerName: GCC  CompilerVersion: 8.4.0
ProgramName: mri_compute_seg_overlap  ProgramArguments: mri_compute_seg_overlap -all-info  ProgramVersion: 7.3.2  TimeStamp: 2026/03/11-20:51:43-GMT  BuildTime: Aug  4 2022 06:17:15  BuildStamp: freesurfer-linux-ubuntu22_x86_64-7.3.2-20220804-6354275  User: oesteban  Machine: dna061  Platform: Linux  PlatformVersion: 5.14.0-427.37.1.el9_4.x86_64  CompilerName: GCC  CompilerVersion: 8.4.0
ProgramName: mri_concat  ProgramArguments: mri_concat -all-info  ProgramVersion: 7.3.2  TimeStamp: 2026/03/11-20:51:43-GMT  BuildTime: Aug  4 2022 06:17:15  BuildStamp: freesurfer-linux-ubuntu22_x86_64-7.3.2-20220804-6354275  User: oesteban  Machine: dna061  Platform: Linux  PlatformVersion: 5.14.0-427.37.1.el9_4.x86_64  CompilerName: GCC  CompilerVersion: 8.4.0
ProgramName: mri_concatenate_lta  ProgramArguments: mri_concatenate_lta -all-info  ProgramVersion: 7.3.2  TimeStamp: 2026/03/11-20:51:43-GMT  BuildTime: Aug  4 2022 06:17:15  BuildStamp: freesurfer-linux-ubuntu22_x86_64-7.3.2-20220804-6354275  User: oesteban  Machine: dna061  Platform: Linux  PlatformVersion: 5.14.0-427.37.1.el9_4.x86_64  CompilerName: GCC  CompilerVersion: 8.4.0
mri_convert -all-info 
ProgramName: mri_convert  ProgramArguments: mri_convert -all-info  ProgramVersion: 7.3.2  TimeStamp: 2026/03/11-20:51:43-GMT  BuildTime: Aug  4 2022 06:17:15  BuildStamp: freesurfer-linux-ubuntu22_x86_64-7.3.2-20220804-6354275  User: oesteban  Machine: dna061  Platform: Linux  PlatformVersion: 5.14.0-427.37.1.el9_4.x86_64  CompilerName: GCC  CompilerVersion: 8.4.0
ProgramName: mri_diff  ProgramArguments: mri_diff -all-info  ProgramVersion: 7.3.2  TimeStamp: 2026/03/11-20:51:43-GMT  BuildTime: Aug  4 2022 06:17:15  BuildStamp: freesurfer-linux-ubuntu22_x86_64-7.3.2-20220804-6354275  User: oesteban  Machine: dna061  Platform: Linux  PlatformVersion: 5.14.0-427.37.1.el9_4.x86_64  CompilerName: GCC  CompilerVersion: 8.4.0
ProgramName: mri_edit_wm_with_aseg  ProgramArguments: mri_edit_wm_with_aseg -all-info  ProgramVersion: 7.3.2  TimeStamp: 2026/03/11-20:51:43-GMT  BuildTime: Aug  4 2022 06:17:15  BuildStamp: freesurfer-linux-ubuntu22_x86_64-7.3.2-20220804-6354275  User: oesteban  Machine: dna061  Platform: Linux  PlatformVersion: 5.14.0-427.37.1.el9_4.x86_64  CompilerName: GCC  CompilerVersion: 8.4.0
ProgramName: mri_em_register  ProgramArguments: mri_em_register -all-info  ProgramVersion: 7.3.2  TimeStamp: 2026/03/11-20:51:43-GMT  BuildTime: Aug  4 2022 06:17:15  BuildStamp: freesurfer-linux-ubuntu22_x86_64-7.3.2-20220804-6354275  User: oesteban  Machine: dna061  Platform: Linux  PlatformVersion: 5.14.0-427.37.1.el9_4.x86_64  CompilerName: GCC  CompilerVersion: 8.4.0
ProgramName: mri_fill  ProgramArguments: mri_fill -all-info  ProgramVersion: 7.3.2  TimeStamp: 2026/03/11-20:51:43-GMT  BuildTime: Aug  4 2022 06:17:15  BuildStamp: freesurfer-linux-ubuntu22_x86_64-7.3.2-20220804-6354275  User: oesteban  Machine: dna061  Platform: Linux  PlatformVersion: 5.14.0-427.37.1.el9_4.x86_64  CompilerName: GCC  CompilerVersion: 8.4.0
ProgramName: mri_fuse_segmentations  ProgramArguments: mri_fuse_segmentations -all-info  ProgramVersion: 7.3.2  TimeStamp: 2026/03/11-20:51:43-GMT  BuildTime: Aug  4 2022 06:17:15  BuildStamp: freesurfer-linux-ubuntu22_x86_64-7.3.2-20220804-6354275  User: oesteban  Machine: dna061  Platform: Linux  PlatformVersion: 5.14.0-427.37.1.el9_4.x86_64  CompilerName: GCC  CompilerVersion: 8.4.0
ProgramName: mri_fwhm  ProgramArguments: mri_fwhm -all-info  ProgramVersion: 7.3.2  TimeStamp: 2026/03/11-20:51:43-GMT  BuildTime: Aug  4 2022 06:17:15  BuildStamp: freesurfer-linux-ubuntu22_x86_64-7.3.2-20220804-6354275  User: oesteban  Machine: dna061  Platform: Linux  PlatformVersion: 5.14.0-427.37.1.el9_4.x86_64  CompilerName: GCC  CompilerVersion: 8.4.0
ProgramName: mri_gcut  ProgramArguments: mri_gcut -all-info  ProgramVersion: 7.3.2  TimeStamp: 2026/03/11-20:51:43-GMT  BuildTime: Aug  4 2022 06:17:15  BuildStamp: freesurfer-linux-ubuntu22_x86_64-7.3.2-20220804-6354275  User: oesteban  Machine: dna061  Platform: Linux  PlatformVersion: 5.14.0-427.37.1.el9_4.x86_64  CompilerName: GCC  CompilerVersion: 8.4.0
ProgramName: mri_info  ProgramArguments: mri_info -all-info  ProgramVersion: 7.3.2  TimeStamp: 2026/03/11-20:51:43-GMT  BuildTime: Aug  4 2022 06:17:15  BuildStamp: freesurfer-linux-ubuntu22_x86_64-7.3.2-20220804-6354275  User: oesteban  Machine: dna061  Platform: Linux  PlatformVersion: 5.14.0-427.37.1.el9_4.x86_64  CompilerName: GCC  CompilerVersion: 8.4.0
ProgramName: mri_label2label  ProgramArguments: mri_label2label -all-info  ProgramVersion: 7.3.2  TimeStamp: 2026/03/11-20:51:43-GMT  BuildTime: Aug  4 2022 06:17:15  BuildStamp: freesurfer-linux-ubuntu22_x86_64-7.3.2-20220804-6354275  User: oesteban  Machine: dna061  Platform: Linux  PlatformVersion: 5.14.0-427.37.1.el9_4.x86_64  CompilerName: GCC  CompilerVersion: 8.4.0
ProgramName: mri_label2vol  ProgramArguments: mri_label2vol -all-info  ProgramVersion: 7.3.2  TimeStamp: 2026/03/11-20:51:43-GMT  BuildTime: Aug  4 2022 06:17:15  BuildStamp: freesurfer-linux-ubuntu22_x86_64-7.3.2-20220804-6354275  User: oesteban  Machine: dna061  Platform: Linux  PlatformVersion: 5.14.0-427.37.1.el9_4.x86_64  CompilerName: GCC  CompilerVersion: 8.4.0
ProgramName: mri_log_likelihood  ProgramArguments: mri_log_likelihood -all-info  ProgramVersion: 7.3.2  TimeStamp: 2026/03/11-20:51:43-GMT  BuildTime: Aug  4 2022 06:17:15  BuildStamp: freesurfer-linux-ubuntu22_x86_64-7.3.2-20220804-6354275  User: oesteban  Machine: dna061  Platform: Linux  PlatformVersion: 5.14.0-427.37.1.el9_4.x86_64  CompilerName: GCC  CompilerVersion: 8.4.0
ProgramName: mri_mask  ProgramArguments: mri_mask -all-info  ProgramVersion: 7.3.2  TimeStamp: 2026/03/11-20:51:43-GMT  BuildTime: Aug  4 2022 06:17:15  BuildStamp: freesurfer-linux-ubuntu22_x86_64-7.3.2-20220804-6354275  User: oesteban  Machine: dna061  Platform: Linux  PlatformVersion: 5.14.0-427.37.1.el9_4.x86_64  CompilerName: GCC  CompilerVersion: 8.4.0
ProgramName: mri_matrix_multiply  ProgramArguments: mri_matrix_multiply -all-info  ProgramVersion: 7.3.2  TimeStamp: 2026/03/11-20:51:43-GMT  BuildTime: Aug  4 2022 06:17:15  BuildStamp: freesurfer-linux-ubuntu22_x86_64-7.3.2-20220804-6354275  User: oesteban  Machine: dna061  Platform: Linux  PlatformVersion: 5.14.0-427.37.1.el9_4.x86_64  CompilerName: GCC  CompilerVersion: 8.4.0
ProgramName: mri_normalize  ProgramArguments: mri_normalize -all-info  ProgramVersion: 7.3.2  TimeStamp: 2026/03/11-20:51:43-GMT  BuildTime: Aug  4 2022 06:17:15  BuildStamp: freesurfer-linux-ubuntu22_x86_64-7.3.2-20220804-6354275  User: oesteban  Machine: dna061  Platform: Linux  PlatformVersion: 5.14.0-427.37.1.el9_4.x86_64  CompilerName: GCC  CompilerVersion: 8.4.0
ProgramName: mri_normalize_tp2  ProgramArguments: mri_normalize_tp2 -all-info  ProgramVersion: 7.3.2  TimeStamp: 2026/03/11-20:51:43-GMT  BuildTime: Aug  4 2022 06:17:15  BuildStamp: freesurfer-linux-ubuntu22_x86_64-7.3.2-20220804-6354275  User: oesteban  Machine: dna061  Platform: Linux  PlatformVersion: 5.14.0-427.37.1.el9_4.x86_64  CompilerName: GCC  CompilerVersion: 8.4.0
ProgramName: mri_or  ProgramArguments: mri_or -all-info  ProgramVersion: 7.3.2  TimeStamp: 2026/03/11-20:51:43-GMT  BuildTime: Aug  4 2022 06:17:15  BuildStamp: freesurfer-linux-ubuntu22_x86_64-7.3.2-20220804-6354275  User: oesteban  Machine: dna061  Platform: Linux  PlatformVersion: 5.14.0-427.37.1.el9_4.x86_64  CompilerName: GCC  CompilerVersion: 8.4.0
ProgramName: mri_relabel_hypointensities  ProgramArguments: mri_relabel_hypointensities -all-info  ProgramVersion: 7.3.2  TimeStamp: 2026/03/11-20:51:43-GMT  BuildTime: Aug  4 2022 06:17:15  BuildStamp: freesurfer-linux-ubuntu22_x86_64-7.3.2-20220804-6354275  User: oesteban  Machine: dna061  Platform: Linux  PlatformVersion: 5.14.0-427.37.1.el9_4.x86_64  CompilerName: GCC  CompilerVersion: 8.4.0
ProgramName: mri_relabel_nonwm_hypos  ProgramArguments: mri_relabel_nonwm_hypos -all-info  ProgramVersion: 7.3.2  TimeStamp: 2026/03/11-20:51:43-GMT  BuildTime: Aug  4 2022 06:17:15  BuildStamp: freesurfer-linux-ubuntu22_x86_64-7.3.2-20220804-6354275  User: oesteban  Machine: dna061  Platform: Linux  PlatformVersion: 5.14.0-427.37.1.el9_4.x86_64  CompilerName: GCC  CompilerVersion: 8.4.0
ProgramName: mri_remove_neck  ProgramArguments: mri_remove_neck -all-info  ProgramVersion: 7.3.2  TimeStamp: 2026/03/11-20:51:43-GMT  BuildTime: Aug  4 2022 06:17:15  BuildStamp: freesurfer-linux-ubuntu22_x86_64-7.3.2-20220804-6354275  User: oesteban  Machine: dna061  Platform: Linux  PlatformVersion: 5.14.0-427.37.1.el9_4.x86_64  CompilerName: GCC  CompilerVersion: 8.4.0
7.3.2

ProgramName: mri_robust_register  ProgramArguments: mri_robust_register -all-info  ProgramVersion: 7.3.2  TimeStamp: 2026/03/11-20:51:43-GMT  BuildTime: Aug  4 2022 06:17:15  BuildStamp: freesurfer-linux-ubuntu22_x86_64-7.3.2-20220804-6354275  User: oesteban  Machine: dna061  Platform: Linux  PlatformVersion: 5.14.0-427.37.1.el9_4.x86_64  CompilerName: GCC  CompilerVersion: 8.4.0
7.3.2

ProgramName: mri_robust_template  ProgramArguments: mri_robust_template -all-info  ProgramVersion: 7.3.2  TimeStamp: 2026/03/11-20:51:43-GMT  BuildTime: Aug  4 2022 06:17:15  BuildStamp: freesurfer-linux-ubuntu22_x86_64-7.3.2-20220804-6354275  User: oesteban  Machine: dna061  Platform: Linux  PlatformVersion: 5.14.0-427.37.1.el9_4.x86_64  CompilerName: GCC  CompilerVersion: 8.4.0
ProgramName: mris_anatomical_stats  ProgramArguments: mris_anatomical_stats -all-info  ProgramVersion: 7.3.2  TimeStamp: 2026/03/11-20:51:43-GMT  BuildTime: Aug  4 2022 06:17:15  BuildStamp: freesurfer-linux-ubuntu22_x86_64-7.3.2-20220804-6354275  User: oesteban  Machine: dna061  Platform: Linux  PlatformVersion: 5.14.0-427.37.1.el9_4.x86_64  CompilerName: GCC  CompilerVersion: 8.4.0
ProgramName: mris_ca_label  ProgramArguments: mris_ca_label -all-info  ProgramVersion: 7.3.2  TimeStamp: 2026/03/11-20:51:43-GMT  BuildTime: Aug  4 2022 06:17:15  BuildStamp: freesurfer-linux-ubuntu22_x86_64-7.3.2-20220804-6354275  User: oesteban  Machine: dna061  Platform: Linux  PlatformVersion: 5.14.0-427.37.1.el9_4.x86_64  CompilerName: GCC  CompilerVersion: 8.4.0
ProgramName: mris_calc  ProgramArguments: mris_calc -all-info  ProgramVersion: 7.3.2  TimeStamp: 2026/03/11-20:51:43-GMT  BuildTime: Aug  4 2022 06:17:15  BuildStamp: freesurfer-linux-ubuntu22_x86_64-7.3.2-20220804-6354275  User: oesteban  Machine: dna061  Platform: Linux  PlatformVersion: 5.14.0-427.37.1.el9_4.x86_64  CompilerName: GCC  CompilerVersion: 8.4.0
ProgramName: mris_convert  ProgramArguments: mris_convert -all-info  ProgramVersion: 7.3.2  TimeStamp: 2026/03/11-20:51:43-GMT  BuildTime: Aug  4 2022 06:17:15  BuildStamp: freesurfer-linux-ubuntu22_x86_64-7.3.2-20220804-6354275  User: oesteban  Machine: dna061  Platform: Linux  PlatformVersion: 5.14.0-427.37.1.el9_4.x86_64  CompilerName: GCC  CompilerVersion: 8.4.0
ProgramName: mris_curvature  ProgramArguments: mris_curvature -all-info  ProgramVersion: 7.3.2  TimeStamp: 2026/03/11-20:51:43-GMT  BuildTime: Aug  4 2022 06:17:15  BuildStamp: freesurfer-linux-ubuntu22_x86_64-7.3.2-20220804-6354275  User: oesteban  Machine: dna061  Platform: Linux  PlatformVersion: 5.14.0-427.37.1.el9_4.x86_64  CompilerName: GCC  CompilerVersion: 8.4.0
ProgramName: mris_curvature_stats  ProgramArguments: mris_curvature_stats -all-info  ProgramVersion: 7.3.2  TimeStamp: 2026/03/11-20:51:43-GMT  BuildTime: Aug  4 2022 06:17:15  BuildStamp: freesurfer-linux-ubuntu22_x86_64-7.3.2-20220804-6354275  User: oesteban  Machine: dna061  Platform: Linux  PlatformVersion: 5.14.0-427.37.1.el9_4.x86_64  CompilerName: GCC  CompilerVersion: 8.4.0
ProgramName: mris_diff  ProgramArguments: mris_diff -all-info  ProgramVersion: 7.3.2  TimeStamp: 2026/03/11-20:51:43-GMT  BuildTime: Aug  4 2022 06:17:15  BuildStamp: freesurfer-linux-ubuntu22_x86_64-7.3.2-20220804-6354275  User: oesteban  Machine: dna061  Platform: Linux  PlatformVersion: 5.14.0-427.37.1.el9_4.x86_64  CompilerName: GCC  CompilerVersion: 8.4.0
ProgramName: mris_divide_parcellation  ProgramArguments: mris_divide_parcellation -all-info  ProgramVersion: 7.3.2  TimeStamp: 2026/03/11-20:51:43-GMT  BuildTime: Aug  4 2022 06:17:15  BuildStamp: freesurfer-linux-ubuntu22_x86_64-7.3.2-20220804-6354275  User: oesteban  Machine: dna061  Platform: Linux  PlatformVersion: 5.14.0-427.37.1.el9_4.x86_64  CompilerName: GCC  CompilerVersion: 8.4.0
ProgramName: mri_segment  ProgramArguments: mri_segment -all-info  ProgramVersion: 7.3.2  TimeStamp: 2026/03/11-20:51:43-GMT  BuildTime: Aug  4 2022 06:17:15  BuildStamp: freesurfer-linux-ubuntu22_x86_64-7.3.2-20220804-6354275  User: oesteban  Machine: dna061  Platform: Linux  PlatformVersion: 5.14.0-427.37.1.el9_4.x86_64  CompilerName: GCC  CompilerVersion: 8.4.0
ProgramName: mri_segstats  ProgramArguments: mri_segstats -all-info  ProgramVersion: 7.3.2  TimeStamp: 2026/03/11-20:51:43-GMT  BuildTime: Aug  4 2022 06:17:15  BuildStamp: freesurfer-linux-ubuntu22_x86_64-7.3.2-20220804-6354275  User: oesteban  Machine: dna061  Platform: Linux  PlatformVersion: 5.14.0-427.37.1.el9_4.x86_64  CompilerName: GCC  CompilerVersion: 8.4.0
ProgramName: mris_euler_number  ProgramArguments: mris_euler_number -all-info  ProgramVersion: 7.3.2  TimeStamp: 2026/03/11-20:51:43-GMT  BuildTime: Aug  4 2022 06:17:15  BuildStamp: freesurfer-linux-ubuntu22_x86_64-7.3.2-20220804-6354275  User: oesteban  Machine: dna061  Platform: Linux  PlatformVersion: 5.14.0-427.37.1.el9_4.x86_64  CompilerName: GCC  CompilerVersion: 8.4.0
ProgramName: mris_fix_topology  ProgramArguments: mris_fix_topology -all-info  ProgramVersion: 7.3.2  TimeStamp: 2026/03/11-20:51:43-GMT  BuildTime: Aug  4 2022 06:17:15  BuildStamp: freesurfer-linux-ubuntu22_x86_64-7.3.2-20220804-6354275  User: oesteban  Machine: dna061  Platform: Linux  PlatformVersion: 5.14.0-427.37.1.el9_4.x86_64  CompilerName: GCC  CompilerVersion: 8.4.0
ProgramName: mris_topo_fixer  ProgramArguments: mris_topo_fixer -all-info  ProgramVersion: 7.3.2  TimeStamp: 2026/03/11-20:51:43-GMT  BuildTime: Aug  4 2022 06:17:15  BuildStamp: freesurfer-linux-ubuntu22_x86_64-7.3.2-20220804-6354275  User: oesteban  Machine: dna061  Platform: Linux  PlatformVersion: 5.14.0-427.37.1.el9_4.x86_64  CompilerName: GCC  CompilerVersion: 8.4.0
ProgramName: mris_jacobian  ProgramArguments: mris_jacobian -all-info  ProgramVersion: 7.3.2  TimeStamp: 2026/03/11-20:51:43-GMT  BuildTime: Aug  4 2022 06:17:15  BuildStamp: freesurfer-linux-ubuntu22_x86_64-7.3.2-20220804-6354275  User: oesteban  Machine: dna061  Platform: Linux  PlatformVersion: 5.14.0-427.37.1.el9_4.x86_64  CompilerName: GCC  CompilerVersion: 8.4.0
ProgramName: mris_label2annot  ProgramArguments: mris_label2annot -all-info  ProgramVersion: 7.3.2  TimeStamp: 2026/03/11-20:51:43-GMT  BuildTime: Aug  4 2022 06:17:15  BuildStamp: freesurfer-linux-ubuntu22_x86_64-7.3.2-20220804-6354275  User: oesteban  Machine: dna061  Platform: Linux  PlatformVersion: 5.14.0-427.37.1.el9_4.x86_64  CompilerName: GCC  CompilerVersion: 8.4.0
ProgramName: mris_left_right_register  ProgramArguments: mris_left_right_register -all-info  ProgramVersion: 7.3.2  TimeStamp: 2026/03/11-20:51:43-GMT  BuildTime: Aug  4 2022 06:17:15  BuildStamp: freesurfer-linux-ubuntu22_x86_64-7.3.2-20220804-6354275  User: oesteban  Machine: dna061  Platform: Linux  PlatformVersion: 5.14.0-427.37.1.el9_4.x86_64  CompilerName: GCC  CompilerVersion: 8.4.0
ProgramName: mris_place_surface  ProgramArguments: mris_place_surface -all-info  ProgramVersion: 7.3.2  TimeStamp: 2026/03/11-20:51:43-GMT  BuildTime: Aug  4 2022 06:17:15  BuildStamp: freesurfer-linux-ubuntu22_x86_64-7.3.2-20220804-6354275  User: oesteban  Machine: dna061  Platform: Linux  PlatformVersion: 5.14.0-427.37.1.el9_4.x86_64  CompilerName: GCC  CompilerVersion: 8.4.0
ProgramName: mrisp_paint  ProgramArguments: mrisp_paint -all-info  ProgramVersion: 7.3.2  TimeStamp: 2026/03/11-20:51:43-GMT  BuildTime: Aug  4 2022 06:17:15  BuildStamp: freesurfer-linux-ubuntu22_x86_64-7.3.2-20220804-6354275  User: oesteban  Machine: dna061  Platform: Linux  PlatformVersion: 5.14.0-427.37.1.el9_4.x86_64  CompilerName: GCC  CompilerVersion: 8.4.0
ProgramName: mris_register  ProgramArguments: mris_register -all-info  ProgramVersion: 7.3.2  TimeStamp: 2026/03/11-20:51:43-GMT  BuildTime: Aug  4 2022 06:17:15  BuildStamp: freesurfer-linux-ubuntu22_x86_64-7.3.2-20220804-6354275  User: oesteban  Machine: dna061  Platform: Linux  PlatformVersion: 5.14.0-427.37.1.el9_4.x86_64  CompilerName: GCC  CompilerVersion: 8.4.0
ProgramName: mris_smooth  ProgramArguments: mris_smooth -all-info  ProgramVersion: 7.3.2  TimeStamp: 2026/03/11-20:51:43-GMT  BuildTime: Aug  4 2022 06:17:15  BuildStamp: freesurfer-linux-ubuntu22_x86_64-7.3.2-20220804-6354275  User: oesteban  Machine: dna061  Platform: Linux  PlatformVersion: 5.14.0-427.37.1.el9_4.x86_64  CompilerName: GCC  CompilerVersion: 8.4.0
ProgramName: mris_sphere  ProgramArguments: mris_sphere -all-info  ProgramVersion: 7.3.2  TimeStamp: 2026/03/11-20:51:43-GMT  BuildTime: Aug  4 2022 06:17:15  BuildStamp: freesurfer-linux-ubuntu22_x86_64-7.3.2-20220804-6354275  User: oesteban  Machine: dna061  Platform: Linux  PlatformVersion: 5.14.0-427.37.1.el9_4.x86_64  CompilerName: GCC  CompilerVersion: 8.4.0
ProgramName: mris_surface_stats  ProgramArguments: mris_surface_stats -all-info  ProgramVersion: 7.3.2  TimeStamp: 2026/03/11-20:51:43-GMT  BuildTime: Aug  4 2022 06:17:15  BuildStamp: freesurfer-linux-ubuntu22_x86_64-7.3.2-20220804-6354275  User: oesteban  Machine: dna061  Platform: Linux  PlatformVersion: 5.14.0-427.37.1.el9_4.x86_64  CompilerName: GCC  CompilerVersion: 8.4.0
ProgramName: mri_stats2seg  ProgramArguments: mri_stats2seg -all-info  ProgramVersion: 7.3.2  TimeStamp: 2026/03/11-20:51:43-GMT  BuildTime: Aug  4 2022 06:17:15  BuildStamp: freesurfer-linux-ubuntu22_x86_64-7.3.2-20220804-6354275  User: oesteban  Machine: dna061  Platform: Linux  PlatformVersion: 5.14.0-427.37.1.el9_4.x86_64  CompilerName: GCC  CompilerVersion: 8.4.0
ProgramName: mris_thickness  ProgramArguments: mris_thickness -all-info  ProgramVersion: 7.3.2  TimeStamp: 2026/03/11-20:51:43-GMT  BuildTime: Aug  4 2022 06:17:15  BuildStamp: freesurfer-linux-ubuntu22_x86_64-7.3.2-20220804-6354275  User: oesteban  Machine: dna061  Platform: Linux  PlatformVersion: 5.14.0-427.37.1.el9_4.x86_64  CompilerName: GCC  CompilerVersion: 8.4.0
ProgramName: mris_thickness_diff  ProgramArguments: mris_thickness_diff -all-info  ProgramVersion: 7.3.2  TimeStamp: 2026/03/11-20:51:43-GMT  BuildTime: Aug  4 2022 06:17:15  BuildStamp: freesurfer-linux-ubuntu22_x86_64-7.3.2-20220804-6354275  User: oesteban  Machine: dna061  Platform: Linux  PlatformVersion: 5.14.0-427.37.1.el9_4.x86_64  CompilerName: GCC  CompilerVersion: 8.4.0
ProgramName: mris_topo_fixer  ProgramArguments: mris_topo_fixer -all-info  ProgramVersion: 7.3.2  TimeStamp: 2026/03/11-20:51:43-GMT  BuildTime: Aug  4 2022 06:17:15  BuildStamp: freesurfer-linux-ubuntu22_x86_64-7.3.2-20220804-6354275  User: oesteban  Machine: dna061  Platform: Linux  PlatformVersion: 5.14.0-427.37.1.el9_4.x86_64  CompilerName: GCC  CompilerVersion: 8.4.0
ProgramName: mri_surf2surf  ProgramArguments: mri_surf2surf -all-info  ProgramVersion: 7.3.2  TimeStamp: 2026/03/11-20:51:43-GMT  BuildTime: Aug  4 2022 06:17:15  BuildStamp: freesurfer-linux-ubuntu22_x86_64-7.3.2-20220804-6354275  User: oesteban  Machine: dna061  Platform: Linux  PlatformVersion: 5.14.0-427.37.1.el9_4.x86_64  CompilerName: GCC  CompilerVersion: 8.4.0
ProgramName: mri_surf2vol  ProgramArguments: mri_surf2vol -all-info  ProgramVersion: 7.3.2  TimeStamp: 2026/03/11-20:51:43-GMT  BuildTime: Aug  4 2022 06:17:15  BuildStamp: freesurfer-linux-ubuntu22_x86_64-7.3.2-20220804-6354275  User: oesteban  Machine: dna061  Platform: Linux  PlatformVersion: 5.14.0-427.37.1.el9_4.x86_64  CompilerName: GCC  CompilerVersion: 8.4.0
ProgramName: mri_surfcluster  ProgramArguments: mri_surfcluster -all-info  ProgramVersion: 7.3.2  TimeStamp: 2026/03/11-20:51:43-GMT  BuildTime: Aug  4 2022 06:17:15  BuildStamp: freesurfer-linux-ubuntu22_x86_64-7.3.2-20220804-6354275  User: oesteban  Machine: dna061  Platform: Linux  PlatformVersion: 5.14.0-427.37.1.el9_4.x86_64  CompilerName: GCC  CompilerVersion: 8.4.0
ProgramName: mris_volmask  ProgramArguments: mris_volmask -all-info  ProgramVersion: 7.3.2  TimeStamp: 2026/03/11-20:51:43-GMT  BuildTime: Aug  4 2022 06:17:15  BuildStamp: freesurfer-linux-ubuntu22_x86_64-7.3.2-20220804-6354275  User: oesteban  Machine: dna061  Platform: Linux  PlatformVersion: 5.14.0-427.37.1.el9_4.x86_64  CompilerName: GCC  CompilerVersion: 8.4.0
ProgramName: mri_tessellate  ProgramArguments: mri_tessellate -all-info  ProgramVersion: 7.3.2  TimeStamp: 2026/03/11-20:51:43-GMT  BuildTime: Aug  4 2022 06:17:15  BuildStamp: freesurfer-linux-ubuntu22_x86_64-7.3.2-20220804-6354275  User: oesteban  Machine: dna061  Platform: Linux  PlatformVersion: 5.14.0-427.37.1.el9_4.x86_64  CompilerName: GCC  CompilerVersion: 8.4.0
ProgramName: mri_vol2surf  ProgramArguments: mri_vol2surf -all-info  ProgramVersion: 7.3.2  TimeStamp: 2026/03/11-20:51:43-GMT  BuildTime: Aug  4 2022 06:17:15  BuildStamp: freesurfer-linux-ubuntu22_x86_64-7.3.2-20220804-6354275  User: oesteban  Machine: dna061  Platform: Linux  PlatformVersion: 5.14.0-427.37.1.el9_4.x86_64  CompilerName: GCC  CompilerVersion: 8.4.0
ProgramName: mri_vol2vol  ProgramArguments: mri_vol2vol -all-info  ProgramVersion: 7.3.2  TimeStamp: 2026/03/11-20:51:43-GMT  BuildTime: Aug  4 2022 06:17:15  BuildStamp: freesurfer-linux-ubuntu22_x86_64-7.3.2-20220804-6354275  User: oesteban  Machine: dna061  Platform: Linux  PlatformVersion: 5.14.0-427.37.1.el9_4.x86_64  CompilerName: GCC  CompilerVersion: 8.4.0
ProgramName: mri_voldiff  ProgramArguments: mri_voldiff -all-info  ProgramVersion: 7.3.2  TimeStamp: 2026/03/11-20:51:43-GMT  BuildTime: Aug  4 2022 06:17:15  BuildStamp: freesurfer-linux-ubuntu22_x86_64-7.3.2-20220804-6354275  User: oesteban  Machine: dna061  Platform: Linux  PlatformVersion: 5.14.0-427.37.1.el9_4.x86_64  CompilerName: GCC  CompilerVersion: 8.4.0
ProgramName: mri_watershed  ProgramArguments: mri_watershed -all-info  ProgramVersion: 7.3.2  TimeStamp: 2026/03/11-20:51:43-GMT  BuildTime: Aug  4 2022 06:17:15  BuildStamp: freesurfer-linux-ubuntu22_x86_64-7.3.2-20220804-6354275  User: oesteban  Machine: dna061  Platform: Linux  PlatformVersion: 5.14.0-427.37.1.el9_4.x86_64  CompilerName: GCC  CompilerVersion: 8.4.0
ProgramName: tkregister2  ProgramArguments: tkregister2_cmdl -all-info  ProgramVersion: 7.3.2  TimeStamp: 2026/03/11-20:51:43-GMT  BuildTime: Aug  4 2022 06:17:15  BuildStamp: freesurfer-linux-ubuntu22_x86_64-7.3.2-20220804-6354275  User: oesteban  Machine: dna061  Platform: Linux  PlatformVersion: 5.14.0-427.37.1.el9_4.x86_64  CompilerName: GCC  CompilerVersion: 8.4.0
mri_motion_correct.fsl 7.3.2
mri_convert -all-info 
ProgramName: mri_convert  ProgramArguments: mri_convert -all-info  ProgramVersion: 7.3.2  TimeStamp: 2026/03/11-20:51:43-GMT  BuildTime: Aug  4 2022 06:17:15  BuildStamp: freesurfer-linux-ubuntu22_x86_64-7.3.2-20220804-6354275  User: oesteban  Machine: dna061  Platform: Linux  PlatformVersion: 5.14.0-427.37.1.el9_4.x86_64  CompilerName: GCC  CompilerVersion: 8.4.0
Program nu_correct, built from:
Package MNI N3, version 1.12.0, compiled by nicks@terrier (x86_64-unknown-linux-gnu) on 2015-06-19 at 01:25:34
#######################################
GCADIR /opt/freesurfer/average
GCA RB_all_2020-01-02.gca
GCASkull RB_all_withskull_2020_01_02.gca
AvgCurvTif folding.atlas.acfb40.noaparc.i12.2016-08-02.tif
GCSDIR /opt/freesurfer/average
GCS DKaparc.atlas.acfb40.noaparc.i12.2016-08-02.gcs
#######################################
#--------------------------------------
#@# CA Normalize Wed Mar 11 21:51:43 CET 2026
/out/sourcedata/freesurfer/sub-v1s2x0051493_ses-1/mri

 mri_ca_normalize -c ctrl_pts.mgz -mask brainmask.mgz nu.mgz /opt/freesurfer/average/RB_all_2020-01-02.gca transforms/talairach.lta norm.mgz 

writing control point volume to ctrl_pts.mgz
using MR volume brainmask.mgz to mask input volume...
reading 1 input volume
reading atlas from '/opt/freesurfer/average/RB_all_2020-01-02.gca'...
reading transform from 'transforms/talairach.lta'...
reading input volume from nu.mgz...
resetting wm mean[0]: 98 --> 107
resetting gm mean[0]: 61 --> 61
input volume #1 is the most T1-like
using real data threshold=30.4
skull bounding box = (59, 28, 23) --> (190, 160, 186)
finding center of left hemi white matter
using (103, 72, 105) as brain centroid of Right_Cerebral_White_Matter...
mean wm in atlas = 107, using box (87,56,85) --> (119, 88,125) to find MRI wm
before smoothing, mri peak at 109
robust fit to distribution - 107 +- 3.5
after smoothing, mri peak at 107, scaling input intensities by 1.000
scaling channel 0 by 1
using 246437 sample points...
INFO: compute sample coordinates transform
 1.04425   0.12758  -0.07565  -10.13594;
-0.09062   0.98240   0.33674   5.74830;
 0.10680  -0.32108   0.96527   28.50312;
 0.00000   0.00000   0.00000   1.00000;
INFO: transform used
finding control points in Left_Cerebral_White_Matter....
found 40230 control points for structure...
bounding box (116, 32, 23) --> (190, 148, 183)
Left_Cerebral_White_Matter: limiting intensities to 96.0 --> 132.0
17 of 9393 (0.2%) samples deleted
finding control points in Right_Cerebral_White_Matter....
found 39478 control points for structure...
bounding box (63, 28, 25) --> (133, 135, 185)
Right_Cerebral_White_Matter: limiting intensities to 96.0 --> 132.0
16 of 9997 (0.2%) samples deleted
finding control points in Left_Cerebellum_White_Matter....
found 3105 control points for structure...
bounding box (120, 117, 55) --> (166, 165, 108)
Left_Cerebellum_White_Matter: limiting intensities to 89.0 --> 132.0
13 of 335 (3.9%) samples deleted
finding control points in Right_Cerebellum_White_Matter....
found 2710 control points for structure...
bounding box (77, 116, 55) --> (122, 157, 110)
Right_Cerebellum_White_Matter: limiting intensities to 92.0 --> 132.0
13 of 274 (4.7%) samples deleted
finding control points in Brain_Stem....
found 3475 control points for structure...
bounding box (107, 104, 88) --> (141, 171, 119)
Brain_Stem: limiting intensities to 88.0 --> 132.0
7 of 755 (0.9%) samples deleted
using 20754 total control points for intensity normalization...
bias field = 0.974 +- 0.061
101 of 20688 control points discarded
finding control points in Left_Cerebral_White_Matter....
found 40230 control points for structure...
bounding box (116, 32, 23) --> (190, 148, 183)
Left_Cerebral_White_Matter: limiting intensities to 89.0 --> 132.0
20 of 9554 (0.2%) samples deleted
finding control points in Right_Cerebral_White_Matter....
found 39478 control points for structure...
bounding box (63, 28, 25) --> (133, 135, 185)
Right_Cerebral_White_Matter: limiting intensities to 89.0 --> 132.0
23 of 10110 (0.2%) samples deleted
finding control points in Left_Cerebellum_White_Matter....
found 3105 control points for structure...
bounding box (120, 117, 55) --> (166, 165, 108)
Left_Cerebellum_White_Matter: limiting intensities to 88.0 --> 132.0
93 of 414 (22.5%) samples deleted
finding control points in Right_Cerebellum_White_Matter....
found 2710 control points for structure...
bounding box (77, 116, 55) --> (122, 157, 110)
Right_Cerebellum_White_Matter: limiting intensities to 88.0 --> 132.0
43 of 294 (14.6%) samples deleted
finding control points in Brain_Stem....
found 3475 control points for structure...
bounding box (107, 104, 88) --> (141, 171, 119)
Brain_Stem: limiting intensities to 88.0 --> 132.0
145 of 876 (16.6%) samples deleted
using 21248 total control points for intensity normalization...
bias field = 1.043 +- 0.059
107 of 20840 control points discarded
finding control points in Left_Cerebral_White_Matter....
found 40230 control points for structure...
bounding box (116, 32, 23) --> (190, 148, 183)
Left_Cerebral_White_Matter: limiting intensities to 90.0 --> 132.0
21 of 9550 (0.2%) samples deleted
finding control points in Right_Cerebral_White_Matter....
found 39478 control points for structure...
bounding box (63, 28, 25) --> (133, 135, 185)
Right_Cerebral_White_Matter: limiting intensities to 90.0 --> 132.0
28 of 10128 (0.3%) samples deleted
finding control points in Left_Cerebellum_White_Matter....
found 3105 control points for structure...
bounding box (120, 117, 55) --> (166, 165, 108)
Left_Cerebellum_White_Matter: limiting intensities to 88.0 --> 132.0
199 of 457 (43.5%) samples deleted
finding control points in Right_Cerebellum_White_Matter....
found 2710 control points for structure...
bounding box (77, 116, 55) --> (122, 157, 110)
Right_Cerebellum_White_Matter: limiting intensities to 88.0 --> 132.0
126 of 329 (38.3%) samples deleted
finding control points in Brain_Stem....
found 3475 control points for structure...
bounding box (107, 104, 88) --> (141, 171, 119)
Brain_Stem: limiting intensities to 88.0 --> 132.0
231 of 875 (26.4%) samples deleted
using 21339 total control points for intensity normalization...
bias field = 1.039 +- 0.053
125 of 20620 control points discarded
writing normalized volume to norm.mgz...
writing control points to ctrl_pts.mgz
freeing GCA...done.
normalization took 1 minutes and 22 seconds.
#--------------------------------------
#@# CA Reg Wed Mar 11 21:53:06 CET 2026
/out/sourcedata/freesurfer/sub-v1s2x0051493_ses-1/mri

 mri_ca_register -nobigventricles -T transforms/talairach.lta -align-after -mask brainmask.mgz norm.mgz /opt/freesurfer/average/RB_all_2020-01-02.gca transforms/talairach.m3z 

not handling expanded ventricles...
using previously computed transform transforms/talairach.lta
renormalizing sequences with structure alignment, equivalent to:
	-renormalize
	-regularize_mean 0.500
	-regularize 0.500
using MR volume brainmask.mgz to mask input volume...

== Number of threads available to mri_ca_register for OpenMP = 16 == 
reading 1 input volumes...
logging results to talairach.log
reading input volume 'norm.mgz'...
reading GCA '/opt/freesurfer/average/RB_all_2020-01-02.gca'...
label assignment complete, 0 changed (0.00%)
freeing gibbs priors...done.
average std[0] = 5.0
Starting GCAMregister()
label assignment complete, 0 changed (0.00%)
npasses = 1, nlevels = 6
#pass# 1 of 1 ************************
enabling zero nodes
setting smoothness cost coefficient to 0.156

#GCAMreg# pass 0 level1 5 level2 0 tsec 0 sigma 2
l_jacobian=1.00 l_label=1.00 l_log_likelihood=0.20 l_smoothness=0.16 
tol=2.50e-01, dt=5.00e-02, exp_k=20.0, momentum=0.90, levels=6, niter=500, lbl_dist=10.00, avgs=256, sigma=2.0,type=2, relabel=0, neg=no

blurring input image with Gaussian with sigma=2.000...
GCAMRegisterLevel(): init RMS 0.936689
#FOTS# QuadFit found better minimum quadopt=(dt=249.842,rms=0.845267) vs oldopt=(dt=92.48,rms=0.877558)
#GCMRL#    0 dt 249.841924 rms  0.845  9.760% neg 0  invalid 762 tFOTS 5.0290 tGradient 3.6710 tsec 9.0620
#FOTS# QuadFit found better minimum quadopt=(dt=214.308,rms=0.812848) vs oldopt=(dt=92.48,rms=0.821647)
#GCMRL#    1 dt 214.307692 rms  0.813  3.835% neg 0  invalid 762 tFOTS 5.0020 tGradient 2.8950 tsec 8.2600
#FOTS# QuadFit found better minimum quadopt=(dt=160.288,rms=0.801634) vs oldopt=(dt=92.48,rms=0.804022)
#GCMRL#    2 dt 160.288288 rms  0.802  1.380% neg 0  invalid 762 tFOTS 4.8970 tGradient 2.8440 tsec 8.1030
#GCMRL#    3 dt 369.920000 rms  0.794  0.908% neg 0  invalid 762 tFOTS 4.6530 tGradient 2.8820 tsec 7.9370
#FOTS# QuadFit found better minimum quadopt=(dt=110.976,rms=0.790703) vs oldopt=(dt=92.48,rms=0.790809)
#GCMRL#    4 dt 110.976000 rms  0.791  0.460% neg 0  invalid 762 tFOTS 4.8210 tGradient 2.8080 tsec 7.9900
#GCMRL#    5 dt 1479.680000 rms  0.782  1.097% neg 0  invalid 762 tFOTS 4.5200 tGradient 2.9740 tsec 7.8540
#FOTS# QuadFit found better minimum quadopt=(dt=295.936,rms=0.779005) vs oldopt=(dt=369.92,rms=0.779488)
#GCMRL#    6 dt 295.936000 rms  0.779  0.386% neg 0  invalid 762 tFOTS 4.8440 tGradient 2.9610 tsec 8.1630
#FOTS# QuadFit found better minimum quadopt=(dt=129.472,rms=0.776894) vs oldopt=(dt=92.48,rms=0.77717)
#GCMRL#    7 dt 129.472000 rms  0.777  0.271% neg 0  invalid 762 tFOTS 5.1020 tGradient 2.8630 tsec 8.3240
#FOTS# QuadFit found better minimum quadopt=(dt=295.936,rms=0.776252) vs oldopt=(dt=369.92,rms=0.776264)
#GCMRL#    8 dt 295.936000 rms  0.776  0.000% neg 0  invalid 762 tFOTS 4.8070 tGradient 2.8720 tsec 8.0650
#GCMRL#    9 dt 295.936000 rms  0.775  0.192% neg 0  invalid 762 tFOTS 0.0000 tGradient 2.7470 tsec 3.0810
#GCMRL#   10 dt 295.936000 rms  0.773  0.177% neg 0  invalid 762 tFOTS 0.0000 tGradient 2.6930 tsec 3.0340
#GCMRL#   11 dt 295.936000 rms  0.771  0.358% neg 0  invalid 762 tFOTS 0.0000 tGradient 2.9110 tsec 3.2390
#GCMRL#   12 dt 295.936000 rms  0.768  0.390% neg 0  invalid 762 tFOTS 0.0000 tGradient 2.7660 tsec 3.1040
#GCMRL#   13 dt 295.936000 rms  0.766  0.172% neg 0  invalid 762 tFOTS 0.0000 tGradient 2.7510 tsec 3.0880
#GCMRL#   14 dt 295.936000 rms  0.762  0.496% neg 0  invalid 762 tFOTS 0.0000 tGradient 2.8200 tsec 3.1490
#GCMRL#   15 dt 295.936000 rms  0.761  0.238% neg 0  invalid 762 tFOTS 0.0000 tGradient 2.7770 tsec 3.1430
#GCMRL#   16 dt 295.936000 rms  0.760  0.070% neg 0  invalid 762 tFOTS 0.0000 tGradient 2.8020 tsec 3.1390
#GCMRL#   17 dt 295.936000 rms  0.754  0.769% neg 0  invalid 762 tFOTS 0.0000 tGradient 2.8680 tsec 3.2060
#GCMRL#   18 dt 295.936000 rms  0.754 -1.210% neg 0  invalid 762 tFOTS 0.0000 tGradient 2.8560 tsec 3.4580

#GCAMreg# pass 0 level1 5 level2 1 tsec 123.403 sigma 0.5
l_jacobian=1.00 l_label=1.00 l_log_likelihood=0.20 l_smoothness=0.16 
tol=2.50e-01, dt=5.00e-02, exp_k=20.0, momentum=0.90, levels=6, niter=500, lbl_dist=10.00, avgs=256, sigma=0.5,type=2, relabel=0, neg=no

blurring input image with Gaussian with sigma=0.500...
GCAMRegisterLevel(): init RMS 0.754845
#FOTS# QuadFit found better minimum quadopt=(dt=157.031,rms=0.749147) vs oldopt=(dt=92.48,rms=0.750301)
#GCMRL#   20 dt 157.030928 rms  0.749  0.755% neg 0  invalid 762 tFOTS 5.4090 tGradient 2.8240 tsec 8.6230
#FOTS# QuadFit found better minimum quadopt=(dt=73.984,rms=0.748889) vs oldopt=(dt=92.48,rms=0.748893)
#GCMRL#   21 dt  73.984000 rms  0.749  0.000% neg 0  invalid 762 tFOTS 4.8100 tGradient 3.0200 tsec 8.2110
#GCMRL#   22 dt  73.984000 rms  0.749  0.035% neg 0  invalid 762 tFOTS 0.0000 tGradient 2.9940 tsec 3.3320
#GCMRL#   23 dt  73.984000 rms  0.748  0.059% neg 0  invalid 762 tFOTS 0.0000 tGradient 2.7560 tsec 3.0930
#GCMRL#   24 dt  73.984000 rms  0.748  0.073% neg 0  invalid 762 tFOTS 0.0000 tGradient 2.8130 tsec 3.1480
#GCMRL#   25 dt  73.984000 rms  0.747  0.081% neg 0  invalid 762 tFOTS 0.0000 tGradient 2.9380 tsec 3.2710
#GCMRL#   26 dt  73.984000 rms  0.746  0.083% neg 0  invalid 762 tFOTS 0.0000 tGradient 2.8490 tsec 3.1840
#GCMRL#   27 dt  73.984000 rms  0.746  0.068% neg 0  invalid 762 tFOTS 0.0000 tGradient 2.8710 tsec 3.2010
#GCMRL#   28 dt  73.984000 rms  0.746  0.044% neg 0  invalid 762 tFOTS 0.0000 tGradient 2.8650 tsec 3.2250
#FOTS# QuadFit found better minimum quadopt=(dt=129.472,rms=0.745515) vs oldopt=(dt=92.48,rms=0.745518)
setting smoothness cost coefficient to 0.615

#GCAMreg# pass 0 level1 4 level2 0 tsec 0 sigma 2
l_jacobian=1.00 l_label=1.00 l_log_likelihood=0.20 l_smoothness=0.62 
tol=2.50e-01, dt=5.00e-02, exp_k=20.0, momentum=0.90, levels=6, niter=500, lbl_dist=10.00, avgs=64, sigma=2.0,type=2, relabel=0, neg=no

blurring input image with Gaussian with sigma=2.000...
GCAMRegisterLevel(): init RMS 0.770763
#FOTS# QuadFit found better minimum quadopt=(dt=36.288,rms=0.768214) vs oldopt=(dt=25.92,rms=0.768317)
#GCMRL#   30 dt  36.288000 rms  0.768  0.331% neg 0  invalid 762 tFOTS 4.7170 tGradient 2.4340 tsec 7.5060
#FOTS# QuadFit found better minimum quadopt=(dt=136.798,rms=0.760357) vs oldopt=(dt=103.68,rms=0.760769)
#GCMRL#   31 dt 136.798226 rms  0.760  1.023% neg 0  invalid 762 tFOTS 4.7090 tGradient 2.4420 tsec 7.5110
#FOTS# QuadFit found better minimum quadopt=(dt=189.079,rms=0.752331) vs oldopt=(dt=103.68,rms=0.753757)
#GCMRL#   32 dt 189.078838 rms  0.752  1.056% neg 0  invalid 762 tFOTS 4.7900 tGradient 2.2250 tsec 7.3670
#FOTS# QuadFit found better minimum quadopt=(dt=65.7391,rms=0.747118) vs oldopt=(dt=25.92,rms=0.748426)
#GCMRL#   33 dt  65.739130 rms  0.747  0.693% neg 0  invalid 762 tFOTS 4.7260 tGradient 2.2270 tsec 7.3020
#FOTS# QuadFit found better minimum quadopt=(dt=2.268,rms=0.747103) vs oldopt=(dt=1.62,rms=0.747104)
#GCMRL#   34 dt   2.268000 rms  0.747  0.000% neg 0  invalid 762 tFOTS 4.6560 tGradient 2.5390 tsec 7.5670

#GCAMreg# pass 0 level1 4 level2 1 tsec 49.766 sigma 0.5
l_jacobian=1.00 l_label=1.00 l_log_likelihood=0.20 l_smoothness=0.62 
tol=2.50e-01, dt=5.00e-02, exp_k=20.0, momentum=0.90, levels=6, niter=500, lbl_dist=10.00, avgs=64, sigma=0.5,type=2, relabel=0, neg=no

blurring input image with Gaussian with sigma=0.500...
GCAMRegisterLevel(): init RMS 0.747827
#FOTS# QuadFit found better minimum quadopt=(dt=70.781,rms=0.742138) vs oldopt=(dt=103.68,rms=0.743164)
#GCMRL#   36 dt  70.781029 rms  0.742  0.761% neg 0  invalid 762 tFOTS 4.6670 tGradient 2.2560 tsec 7.2670
#FOTS# QuadFit found better minimum quadopt=(dt=31.104,rms=0.742028) vs oldopt=(dt=25.92,rms=0.74203)
#GCMRL#   37 dt  31.104000 rms  0.742  0.000% neg 0  invalid 762 tFOTS 5.4210 tGradient 2.4270 tsec 8.2290
setting smoothness cost coefficient to 2.353

#GCAMreg# pass 0 level1 3 level2 0 tsec 0 sigma 2
l_jacobian=1.00 l_label=1.00 l_log_likelihood=0.20 l_smoothness=2.35 
tol=2.50e-01, dt=5.00e-02, exp_k=20.0, momentum=0.90, levels=6, niter=500, lbl_dist=10.00, avgs=16, sigma=2.0,type=2, relabel=0, neg=no

blurring input image with Gaussian with sigma=2.000...
GCAMRegisterLevel(): init RMS 0.782355
#GCMRL#   39 dt   8.000000 rms  0.779  0.445% neg 0  invalid 762 tFOTS 4.4710 tGradient 2.0350 tsec 6.8670
#FOTS# QuadFit found better minimum quadopt=(dt=9.6,rms=0.777634) vs oldopt=(dt=8,rms=0.777668)
#GCMRL#   40 dt   9.600000 rms  0.778  0.000% neg 0  invalid 762 tFOTS 4.7770 tGradient 1.9280 tsec 7.0890
#GCMRL#   41 dt   9.600000 rms  0.777  0.131% neg 0  invalid 762 tFOTS 0.0000 tGradient 2.0960 tsec 2.4300
#GCMRL#   42 dt   9.600000 rms  0.776  0.054% neg 0  invalid 762 tFOTS 0.0000 tGradient 2.0110 tsec 2.3450
#GCMRL#   43 dt   9.600000 rms  0.776 -0.043% neg 0  invalid 762 tFOTS 0.0000 tGradient 2.0830 tsec 2.6670
#FOTS# QuadFit found better minimum quadopt=(dt=98.7429,rms=0.770643) vs oldopt=(dt=128,rms=0.771221)
#GCMRL#   44 dt  98.742857 rms  0.771  0.714% neg 0  invalid 762 tFOTS 4.8060 tGradient 2.1230 tsec 7.2840
#GCMRL#   45 dt   0.250000 rms  0.771  0.000% neg 0  invalid 762 tFOTS 4.4990 tGradient 2.0460 tsec 7.1520

#GCAMreg# pass 0 level1 3 level2 1 tsec 48.174 sigma 0.5
l_jacobian=1.00 l_label=1.00 l_log_likelihood=0.20 l_smoothness=2.35 
tol=2.50e-01, dt=5.00e-02, exp_k=20.0, momentum=0.90, levels=6, niter=500, lbl_dist=10.00, avgs=16, sigma=0.5,type=2, relabel=0, neg=no

blurring input image with Gaussian with sigma=0.500...
GCAMRegisterLevel(): init RMS 0.771291
#GCMRL#   47 dt   0.000000 rms  0.771  0.084% neg 0  invalid 762 tFOTS 4.2270 tGradient 2.0310 tsec 6.6080
setting smoothness cost coefficient to 8.000

#GCAMreg# pass 0 level1 2 level2 0 tsec 0 sigma 2
l_jacobian=1.00 l_label=1.00 l_log_likelihood=0.20 l_smoothness=8.00 
tol=2.50e-01, dt=5.00e-02, exp_k=20.0, momentum=0.90, levels=6, niter=500, lbl_dist=10.00, avgs=4, sigma=2.0,type=2, relabel=0, neg=no

blurring input image with Gaussian with sigma=2.000...
GCAMRegisterLevel(): init RMS 0.821114
#FOTS# QuadFit found better minimum quadopt=(dt=0.946429,rms=0.818289) vs oldopt=(dt=0.72,rms=0.818399)
#GCMRL#   49 dt   0.946429 rms  0.818  0.344% neg 0  invalid 762 tFOTS 4.5260 tGradient 1.8920 tsec 6.7750
#FOTS# QuadFit found better minimum quadopt=(dt=0.252,rms=0.818159) vs oldopt=(dt=0.18,rms=0.81818)
#GCMRL#   50 dt   0.252000 rms  0.818  0.000% neg 0  invalid 762 tFOTS 4.5080 tGradient 1.8190 tsec 6.7070
#GCMRL#   51 dt   0.252000 rms  0.818  0.005% neg 0  invalid 762 tFOTS 0.0000 tGradient 1.7650 tsec 2.0980

#GCAMreg# pass 0 level1 2 level2 1 tsec 27.704 sigma 0.5
l_jacobian=1.00 l_label=1.00 l_log_likelihood=0.20 l_smoothness=8.00 
tol=2.50e-01, dt=5.00e-02, exp_k=20.0, momentum=0.90, levels=6, niter=500, lbl_dist=10.00, avgs=4, sigma=0.5,type=2, relabel=0, neg=no

blurring input image with Gaussian with sigma=0.500...
GCAMRegisterLevel(): init RMS 0.818731
#FOTS# QuadFit found better minimum quadopt=(dt=0.144,rms=0.818079) vs oldopt=(dt=0.18,rms=0.81808)
#GCMRL#   53 dt   0.144000 rms  0.818  0.080% neg 0  invalid 762 tFOTS 4.6220 tGradient 1.8080 tsec 6.8790
#FOTS# QuadFit found better minimum quadopt=(dt=0.063,rms=0.818075) vs oldopt=(dt=0.045,rms=0.818075)
#GCMRL#   54 dt   0.063000 rms  0.818  0.000% neg 0  invalid 762 tFOTS 4.5820 tGradient 1.9320 tsec 6.9260
#GCMRL#   55 dt   0.063000 rms  0.818  0.000% neg 0  invalid 762 tFOTS 0.0000 tGradient 1.8110 tsec 2.1480
setting smoothness cost coefficient to 20.000

#GCAMreg# pass 0 level1 1 level2 0 tsec 0 sigma 2
l_jacobian=1.00 l_label=1.00 l_log_likelihood=0.20 l_smoothness=20.00 
tol=2.50e-01, dt=5.00e-02, exp_k=20.0, momentum=0.90, levels=6, niter=500, lbl_dist=10.00, avgs=1, sigma=2.0,type=2, relabel=0, neg=no

blurring input image with Gaussian with sigma=2.000...
GCAMRegisterLevel(): init RMS 0.887042
#FOTS# QuadFit found better minimum quadopt=(dt=0.489655,rms=0.881082) vs oldopt=(dt=0.32,rms=0.882051)
#GCMRL#   57 dt   0.489655 rms  0.881  0.672% neg 0  invalid 762 tFOTS 4.6430 tGradient 1.7740 tsec 6.7900
#FOTS# QuadFit found better minimum quadopt=(dt=0.540984,rms=0.875479) vs oldopt=(dt=0.32,rms=0.876779)
#GCMRL#   58 dt   0.540984 rms  0.875  0.636% neg 0  invalid 762 tFOTS 4.6100 tGradient 1.7260 tsec 6.7000
#FOTS# QuadFit found better minimum quadopt=(dt=0.256,rms=0.873577) vs oldopt=(dt=0.32,rms=0.873688)
#GCMRL#   59 dt   0.256000 rms  0.874  0.000% neg 0  invalid 762 tFOTS 4.6140 tGradient 1.6850 tsec 6.6910
#GCMRL#   60 dt   0.256000 rms  0.872  0.184% neg 0  invalid 762 tFOTS 0.0000 tGradient 1.6690 tsec 2.0040
#GCMRL#   61 dt   0.256000 rms  0.870  0.224% neg 0  invalid 762 tFOTS 0.0000 tGradient 1.6820 tsec 2.0280
#GCMRL#   62 dt   0.256000 rms  0.868  0.197% neg 0  invalid 762 tFOTS 0.0000 tGradient 1.6240 tsec 1.9700
#GCMRL#   63 dt   0.256000 rms  0.868  0.068% neg 0  invalid 762 tFOTS 0.0000 tGradient 1.6650 tsec 2.0090
#GCMRL#   64 dt   0.256000 rms  0.868 -0.004% neg 0  invalid 762 tFOTS 0.0000 tGradient 1.7360 tsec 2.3400
#FOTS# QuadFit found better minimum quadopt=(dt=0.448,rms=0.866294) vs oldopt=(dt=0.32,rms=0.866529)
#GCMRL#   65 dt   0.448000 rms  0.866  0.164% neg 0  invalid 762 tFOTS 4.6120 tGradient 1.7280 tsec 6.7100
#FOTS# QuadFit found better minimum quadopt=(dt=0.256,rms=0.865744) vs oldopt=(dt=0.32,rms=0.865788)

#GCAMreg# pass 0 level1 1 level2 1 tsec 53.65 sigma 0.5
l_jacobian=1.00 l_label=1.00 l_log_likelihood=0.20 l_smoothness=20.00 
tol=2.50e-01, dt=5.00e-02, exp_k=20.0, momentum=0.90, levels=6, niter=500, lbl_dist=10.00, avgs=1, sigma=0.5,type=2, relabel=0, neg=no

blurring input image with Gaussian with sigma=0.500...
GCAMRegisterLevel(): init RMS 0.866275
#FOTS# QuadFit found better minimum quadopt=(dt=0.448,rms=0.864988) vs oldopt=(dt=0.32,rms=0.86503)
#GCMRL#   67 dt   0.448000 rms  0.865  0.149% neg 0  invalid 762 tFOTS 4.4570 tGradient 1.6980 tsec 6.5060
#FOTS# QuadFit found better minimum quadopt=(dt=0.112,rms=0.86478) vs oldopt=(dt=0.08,rms=0.864813)
#GCMRL#   68 dt   0.112000 rms  0.865  0.000% neg 0  invalid 762 tFOTS 4.4850 tGradient 1.6560 tsec 6.5210
#GCMRL#   69 dt   0.112000 rms  0.865  0.010% neg 0  invalid 762 tFOTS 0.0000 tGradient 1.7340 tsec 2.0700
#GCMRL#   70 dt   0.112000 rms  0.865  0.014% neg 0  invalid 762 tFOTS 0.0000 tGradient 1.6440 tsec 1.9840
#GCMRL#   71 dt   0.112000 rms  0.864  0.023% neg 0  invalid 762 tFOTS 0.0000 tGradient 1.6210 tsec 1.9580
#GCMRL#   72 dt   0.112000 rms  0.864  0.037% neg 0  invalid 762 tFOTS 0.0000 tGradient 1.6930 tsec 2.0270
#GCMRL#   73 dt   0.112000 rms  0.864  0.038% neg 0  invalid 762 tFOTS 0.0000 tGradient 1.6340 tsec 1.9720
#GCMRL#   74 dt   0.112000 rms  0.863  0.033% neg 0  invalid 762 tFOTS 0.0000 tGradient 1.6870 tsec 2.0260
resetting metric properties...
setting smoothness cost coefficient to 40.000

#GCAMreg# pass 0 level1 0 level2 0 tsec 0 sigma 2
l_jacobian=1.00 l_label=1.00 l_log_likelihood=0.20 l_smoothness=40.00 
tol=2.50e-01, dt=5.00e-02, exp_k=20.0, momentum=0.90, levels=6, niter=500, lbl_dist=10.00, avgs=0, sigma=2.0,type=2, relabel=0, neg=no

blurring input image with Gaussian with sigma=2.000...
GCAMRegisterLevel(): init RMS 0.818071
#FOTS# QuadFit found better minimum quadopt=(dt=0.20858,rms=0.813573) vs oldopt=(dt=0.32,rms=0.814354)
#GCMRL#   76 dt   0.208580 rms  0.814  0.550% neg 0  invalid 762 tFOTS 4.5760 tGradient 1.2760 tsec 6.2100
#FOTS# QuadFit found better minimum quadopt=(dt=0.024,rms=0.813315) vs oldopt=(dt=0.02,rms=0.813322)
#GCMRL#   77 dt   0.024000 rms  0.813  0.000% neg 0  invalid 762 tFOTS 4.5680 tGradient 1.1320 tsec 6.0920

#GCAMreg# pass 0 level1 0 level2 1 tsec 23.895 sigma 0.5
l_jacobian=1.00 l_label=1.00 l_log_likelihood=0.20 l_smoothness=40.00 
tol=2.50e-01, dt=5.00e-02, exp_k=20.0, momentum=0.90, levels=6, niter=500, lbl_dist=10.00, avgs=0, sigma=0.5,type=2, relabel=0, neg=no

blurring input image with Gaussian with sigma=0.500...
GCAMRegisterLevel(): init RMS 0.813882
#FOTS# QuadFit found better minimum quadopt=(dt=0.012,rms=0.813272) vs oldopt=(dt=0.02,rms=0.813287)
#GCMRL#   79 dt   0.012000 rms  0.813  0.075% neg 0  invalid 762 tFOTS 4.5950 tGradient 1.2510 tsec 6.2060
#GCMRL#   80 dt   0.001250 rms  0.813  0.000% neg 0  invalid 762 tFOTS 4.5660 tGradient 1.2370 tsec 6.1890
GCAMregister done in 7.8947 min
Starting GCAmapRenormalizeWithAlignment() without scales
renormalizing by structure alignment....
renormalizing input #0
gca peak = 0.10253 (16)
mri peak = 0.21788 (32)
Left_Lateral_Ventricle (4): linear fit = 1.91 x + 0.0 (1130 voxels, overlap=0.083)
Left_Lateral_Ventricle (4): linear fit = 1.50 x + 0.0 (1130 voxels, peak = 31), gca=24.0
gca peak = 0.17690 (16)
mri peak = 0.26488 (32)
Right_Lateral_Ventricle (43): linear fit = 1.97 x + 0.0 (1021 voxels, overlap=0.036)
Right_Lateral_Ventricle (43): linear fit = 1.50 x + 0.0 (1021 voxels, peak = 31), gca=24.0
gca peak = 0.28275 (96)
mri peak = 0.14707 (99)
Right_Pallidum (52): linear fit = 1.04 x + 0.0 (997 voxels, overlap=0.895)
Right_Pallidum (52): linear fit = 1.04 x + 0.0 (997 voxels, peak = 100), gca=100.3
gca peak = 0.18948 (93)
mri peak = 0.08726 (98)
Left_Pallidum (13): linear fit = 1.01 x + 0.0 (858 voxels, overlap=1.006)
Left_Pallidum (13): linear fit = 1.01 x + 0.0 (858 voxels, peak = 94), gca=94.4
gca peak = 0.20755 (55)
mri peak = 0.15496 (80)
Right_Hippocampus (53): linear fit = 1.40 x + 0.0 (1129 voxels, overlap=0.019)
Right_Hippocampus (53): linear fit = 1.40 x + 0.0 (1129 voxels, peak = 77), gca=77.3
gca peak = 0.31831 (58)
mri peak = 0.11785 (78)
Left_Hippocampus (17): linear fit = 1.35 x + 0.0 (1077 voxels, overlap=0.018)
Left_Hippocampus (17): linear fit = 1.35 x + 0.0 (1077 voxels, peak = 78), gca=78.0
gca peak = 0.11957 (102)
mri peak = 0.12325 (105)
Right_Cerebral_White_Matter (41): linear fit = 1.02 x + 0.0 (75843 voxels, overlap=0.644)
Right_Cerebral_White_Matter (41): linear fit = 1.02 x + 0.0 (75843 voxels, peak = 105), gca=104.5
gca peak = 0.11429 (102)
mri peak = 0.11441 (103)
Left_Cerebral_White_Matter (2): linear fit = 1.01 x + 0.0 (79781 voxels, overlap=0.729)
Left_Cerebral_White_Matter (2): linear fit = 1.01 x + 0.0 (79781 voxels, peak = 104), gca=103.5
gca peak = 0.14521 (59)
mri peak = 0.04686 (84)
Left_Cerebral_Cortex (3): linear fit = 1.49 x + 0.0 (26558 voxels, overlap=0.000)
Left_Cerebral_Cortex (3): linear fit = 1.49 x + 0.0 (26558 voxels, peak = 88), gca=87.6
gca peak = 0.14336 (58)
mri peak = 0.04472 (84)
Right_Cerebral_Cortex (42): linear fit = 1.40 x + 0.0 (31592 voxels, overlap=0.000)
Right_Cerebral_Cortex (42): linear fit = 1.40 x + 0.0 (31592 voxels, peak = 81), gca=81.5
gca peak = 0.13305 (70)
mri peak = 0.15222 (88)
Right_Caudate (50): linear fit = 1.28 x + 0.0 (1053 voxels, overlap=0.013)
Right_Caudate (50): linear fit = 1.28 x + 0.0 (1053 voxels, peak = 90), gca=89.9
gca peak = 0.15761 (71)
mri peak = 0.13913 (92)
Left_Caudate (11): linear fit = 1.24 x + 0.0 (1088 voxels, overlap=0.017)
Left_Caudate (11): linear fit = 1.24 x + 0.0 (1088 voxels, peak = 88), gca=87.7
gca peak = 0.13537 (57)
mri peak = 0.04718 (82)
Left_Cerebellum_Cortex (8): linear fit = 1.47 x + 0.0 (18460 voxels, overlap=0.001)
Left_Cerebellum_Cortex (8): linear fit = 1.47 x + 0.0 (18460 voxels, peak = 84), gca=83.5
gca peak = 0.13487 (56)
mri peak = 0.04525 (78)
Right_Cerebellum_Cortex (47): linear fit = 1.49 x + 0.0 (21542 voxels, overlap=0.001)
Right_Cerebellum_Cortex (47): linear fit = 1.49 x + 0.0 (21542 voxels, peak = 83), gca=83.2
gca peak = 0.19040 (84)
mri peak = 0.04021 (88)
Left_Cerebellum_White_Matter (7): linear fit = 1.07 x + 0.0 (9665 voxels, overlap=0.141)
Left_Cerebellum_White_Matter (7): linear fit = 1.07 x + 0.0 (9665 voxels, peak = 89), gca=89.5
gca peak = 0.18871 (83)
mri peak = 0.06807 (89)
Right_Cerebellum_White_Matter (46): linear fit = 1.09 x + 0.0 (8190 voxels, overlap=0.116)
Right_Cerebellum_White_Matter (46): linear fit = 1.09 x + 0.0 (8190 voxels, peak = 90), gca=90.1
gca peak = 0.24248 (57)
mri peak = 0.11282 (78)
Left_Amygdala (18): linear fit = 1.38 x + 0.0 (458 voxels, overlap=0.061)
Left_Amygdala (18): linear fit = 1.38 x + 0.0 (458 voxels, peak = 78), gca=78.4
gca peak = 0.35833 (56)
mri peak = 0.15993 (80)
Right_Amygdala (54): linear fit = 1.37 x + 0.0 (559 voxels, overlap=0.043)
Right_Amygdala (54): linear fit = 1.37 x + 0.0 (559 voxels, peak = 76), gca=76.4
gca peak = 0.12897 (85)
mri peak = 0.12717 (102)
Left_Thalamus (10): linear fit = 1.18 x + 0.0 (5990 voxels, overlap=0.007)
Left_Thalamus (10): linear fit = 1.18 x + 0.0 (5990 voxels, peak = 101), gca=100.7
gca peak = 0.13127 (83)
mri peak = 0.11764 (95)
Right_Thalamus (49): linear fit = 1.15 x + 0.0 (5001 voxels, overlap=0.110)
Right_Thalamus (49): linear fit = 1.15 x + 0.0 (5001 voxels, peak = 96), gca=95.9
gca peak = 0.12974 (78)
mri peak = 0.07330 (98)
Left_Putamen (12): linear fit = 1.26 x + 0.0 (2576 voxels, overlap=0.014)
Left_Putamen (12): linear fit = 1.26 x + 0.0 (2576 voxels, peak = 99), gca=98.7
gca peak = 0.17796 (79)
mri peak = 0.11998 (92)
Right_Putamen (51): linear fit = 1.18 x + 0.0 (2608 voxels, overlap=0.011)
Right_Putamen (51): linear fit = 1.18 x + 0.0 (2608 voxels, peak = 94), gca=93.6
gca peak = 0.10999 (80)
mri peak = 0.07237 (94)
Brain_Stem (16): linear fit = 1.20 x + 0.0 (10815 voxels, overlap=0.129)
Brain_Stem (16): linear fit = 1.20 x + 0.0 (10815 voxels, peak = 96), gca=95.6
gca peak = 0.13215 (88)
mri peak = 0.13447 (101)
Right_VentralDC (60): linear fit = 1.15 x + 0.0 (1218 voxels, overlap=0.009)
Right_VentralDC (60): linear fit = 1.15 x + 0.0 (1218 voxels, peak = 102), gca=101.6
gca peak = 0.11941 (89)
mri peak = 0.09833 (101)
Left_VentralDC (28): linear fit = 1.16 x + 0.0 (1450 voxels, overlap=0.019)
Left_VentralDC (28): linear fit = 1.16 x + 0.0 (1450 voxels, peak = 104), gca=103.7
gca peak = 0.20775 (25)
uniform distribution in MR - rejecting arbitrary fit
gca peak = 0.13297 (21)
mri peak = 0.07654 (36)
Fourth_Ventricle (15): linear fit = 2.06 x + 0.0 (538 voxels, overlap=0.057)
Fourth_Ventricle (15): linear fit = 2.06 x + 0.0 (538 voxels, peak = 43), gca=43.2
gca peak Unknown = 0.94777 ( 0)
gca peak Left_Inf_Lat_Vent = 0.19087 (28)
gca peak Third_Ventricle = 0.20775 (25)
gca peak Fourth_Ventricle = 0.13297 (21)
gca peak CSF = 0.16821 (33)
gca peak Left_Accumbens_area = 0.32850 (63)
gca peak Left_undetermined = 0.98480 (28)
gca peak Left_vessel = 0.40887 (53)
gca peak Left_choroid_plexus = 0.10898 (46)
gca peak Right_Inf_Lat_Vent = 0.17798 (26)
gca peak Right_Accumbens_area = 0.30137 (64)
gca peak Right_vessel = 0.47828 (52)
gca peak Right_choroid_plexus = 0.11612 (45)
gca peak Fifth_Ventricle = 0.59466 (35)
gca peak WM_hypointensities = 0.10053 (78)
gca peak non_WM_hypointensities = 0.07253 (60)
gca peak Optic_Chiasm = 0.25330 (73)
not using caudate to estimate GM means
estimating mean gm scale to be 1.40 x + 0.0
estimating mean wm scale to be 1.02 x + 0.0
estimating mean csf scale to be 1.50 x + 0.0
Left_Putamen too bright - rescaling by 0.949 (from 1.265) to 93.6 (was 98.7)
Right_Putamen too bright - rescaling by 1.000 (from 1.185) to 93.6 (was 93.6)
saving intensity scales to talairach.label_intensities.txt
GCAmapRenormalizeWithAlignment() took 3.43185 min
noneg pre
Starting GCAMregister()
label assignment complete, 0 changed (0.00%)
npasses = 1, nlevels = 6
#pass# 1 of 1 ************************
enabling zero nodes
setting smoothness cost coefficient to 0.008

#GCAMreg# pass 0 level1 5 level2 0 tsec 0 sigma 2
l_jacobian=1.00 l_label=1.00 l_log_likelihood=0.20 l_smoothness=0.01 
tol=5.00e-02, dt=5.00e-02, exp_k=20.0, momentum=0.90, levels=6, niter=500, lbl_dist=10.00, avgs=256, sigma=2.0,type=2, relabel=0, neg=no

blurring input image with Gaussian with sigma=2.000...
GCAMRegisterLevel(): init RMS 0.800802
#FOTS# QuadFit found better minimum quadopt=(dt=188.596,rms=0.708299) vs oldopt=(dt=92.48,rms=0.732369)
#GCMRL#   82 dt 188.596221 rms  0.708 11.551% neg 0  invalid 762 tFOTS 4.7320 tGradient 2.8270 tsec 7.9290
#FOTS# QuadFit found better minimum quadopt=(dt=266.884,rms=0.689413) vs oldopt=(dt=369.92,rms=0.69212)
#GCMRL#   83 dt 266.883968 rms  0.689  2.666% neg 0  invalid 762 tFOTS 4.9660 tGradient 2.9860 tsec 8.3290
#FOTS# QuadFit found better minimum quadopt=(dt=187.915,rms=0.682344) vs oldopt=(dt=92.48,rms=0.684502)
#GCMRL#   84 dt 187.914894 rms  0.682  1.025% neg 0  invalid 762 tFOTS 4.9330 tGradient 2.9290 tsec 8.2210
#FOTS# QuadFit found better minimum quadopt=(dt=295.936,rms=0.676592) vs oldopt=(dt=369.92,rms=0.677227)
#GCMRL#   85 dt 295.936000 rms  0.677  0.843% neg 0  invalid 762 tFOTS 4.7050 tGradient 2.9420 tsec 7.9970
#FOTS# QuadFit found better minimum quadopt=(dt=129.472,rms=0.672901) vs oldopt=(dt=92.48,rms=0.673126)
#GCMRL#   86 dt 129.472000 rms  0.673  0.546% neg 0  invalid 762 tFOTS 4.8500 tGradient 2.8960 tsec 8.0890
#GCMRL#   87 dt 369.920000 rms  0.669  0.537% neg 0  invalid 762 tFOTS 4.5550 tGradient 2.8940 tsec 7.7900
#FOTS# QuadFit found better minimum quadopt=(dt=110.976,rms=0.667009) vs oldopt=(dt=92.48,rms=0.667082)
#GCMRL#   88 dt 110.976000 rms  0.667  0.340% neg 0  invalid 762 tFOTS 4.8630 tGradient 2.7970 tsec 8.0030
#FOTS# QuadFit found better minimum quadopt=(dt=887.808,rms=0.66267) vs oldopt=(dt=1479.68,rms=0.663831)
#GCMRL#   89 dt 887.808000 rms  0.663  0.650% neg 0  invalid 762 tFOTS 4.5440 tGradient 2.8070 tsec 7.6930
#GCMRL#   90 dt  92.480000 rms  0.661  0.277% neg 0  invalid 762 tFOTS 4.8550 tGradient 2.7550 tsec 7.9500
#GCMRL#   91 dt 1479.680000 rms  0.658  0.493% neg 0  invalid 762 tFOTS 4.8490 tGradient 2.7530 tsec 7.9440
#FOTS# QuadFit found better minimum quadopt=(dt=110.976,rms=0.656015) vs oldopt=(dt=92.48,rms=0.656073)
#GCMRL#   92 dt 110.976000 rms  0.656  0.238% neg 0  invalid 762 tFOTS 4.8600 tGradient 2.9400 tsec 8.1410
#FOTS# QuadFit found better minimum quadopt=(dt=129.472,rms=0.655912) vs oldopt=(dt=92.48,rms=0.655921)
#GCMRL#   93 dt 129.472000 rms  0.656  0.000% neg 0  invalid 762 tFOTS 5.1720 tGradient 2.8330 tsec 8.4000
#GCMRL#   94 dt 129.472000 rms  0.656  0.034% neg 0  invalid 762 tFOTS 0.0000 tGradient 2.7800 tsec 3.1270
#GCMRL#   95 dt 129.472000 rms  0.655  0.053% neg 0  invalid 762 tFOTS 0.0000 tGradient 2.8940 tsec 3.2370
#GCMRL#   96 dt 129.472000 rms  0.655  0.069% neg 0  invalid 762 tFOTS 0.0000 tGradient 2.8320 tsec 3.1760
#GCMRL#   97 dt 129.472000 rms  0.654  0.095% neg 0  invalid 762 tFOTS 0.0000 tGradient 2.9010 tsec 3.2420
#GCMRL#   98 dt 129.472000 rms  0.653  0.118% neg 0  invalid 762 tFOTS 0.0000 tGradient 2.7530 tsec 3.0970
#GCMRL#   99 dt 129.472000 rms  0.653  0.128% neg 0  invalid 762 tFOTS 0.0000 tGradient 2.8480 tsec 3.1890
#GCMRL#  100 dt 129.472000 rms  0.652  0.121% neg 0  invalid 762 tFOTS 0.0000 tGradient 2.8270 tsec 3.1740
#GCMRL#  101 dt 129.472000 rms  0.651  0.115% neg 0  invalid 762 tFOTS 0.0000 tGradient 2.8230 tsec 3.1690
#GCMRL#  102 dt 129.472000 rms  0.650  0.111% neg 0  invalid 762 tFOTS 0.0000 tGradient 2.9080 tsec 3.2510
#GCMRL#  103 dt 129.472000 rms  0.650  0.103% neg 0  invalid 762 tFOTS 0.0000 tGradient 2.8830 tsec 3.2240
#GCMRL#  104 dt 129.472000 rms  0.649  0.098% neg 0  invalid 762 tFOTS 0.0000 tGradient 2.9250 tsec 3.2700
#GCMRL#  105 dt 129.472000 rms  0.648  0.094% neg 0  invalid 762 tFOTS 0.0000 tGradient 2.9150 tsec 3.2600
#GCMRL#  106 dt 129.472000 rms  0.648  0.089% neg 0  invalid 762 tFOTS 0.0000 tGradient 2.9350 tsec 3.2750
#GCMRL#  107 dt 129.472000 rms  0.647  0.087% neg 0  invalid 762 tFOTS 0.0000 tGradient 2.9150 tsec 3.2590
#GCMRL#  108 dt 129.472000 rms  0.647  0.092% neg 0  invalid 762 tFOTS 0.0000 tGradient 2.9830 tsec 3.3190
#GCMRL#  109 dt 129.472000 rms  0.646  0.082% neg 0  invalid 762 tFOTS 0.0000 tGradient 2.8870 tsec 3.2310
#GCMRL#  110 dt 129.472000 rms  0.646  0.074% neg 0  invalid 762 tFOTS 0.0000 tGradient 2.9600 tsec 3.3030
#GCMRL#  111 dt 129.472000 rms  0.645  0.070% neg 0  invalid 762 tFOTS 0.0000 tGradient 3.0230 tsec 3.3600
#GCMRL#  112 dt 129.472000 rms  0.645  0.072% neg 0  invalid 762 tFOTS 0.0000 tGradient 2.8090 tsec 3.1520
#GCMRL#  113 dt 129.472000 rms  0.644  0.082% neg 0  invalid 762 tFOTS 0.0000 tGradient 2.9140 tsec 3.2570
#GCMRL#  114 dt 129.472000 rms  0.644  0.084% neg 0  invalid 762 tFOTS 0.0000 tGradient 2.8800 tsec 3.2220
#GCMRL#  115 dt 129.472000 rms  0.643  0.075% neg 0  invalid 762 tFOTS 0.0000 tGradient 2.8830 tsec 3.2270
#GCMRL#  116 dt 129.472000 rms  0.643  0.072% neg 0  invalid 762 tFOTS 0.0000 tGradient 3.0160 tsec 3.3680
#GCMRL#  117 dt 129.472000 rms  0.642  0.061% neg 0  invalid 762 tFOTS 0.0000 tGradient 2.8520 tsec 3.1920
#GCMRL#  118 dt 129.472000 rms  0.642  0.060% neg 0  invalid 762 tFOTS 0.0000 tGradient 3.0170 tsec 3.3650
#GCMRL#  119 dt 129.472000 rms  0.642  0.063% neg 0  invalid 762 tFOTS 0.0000 tGradient 3.1070 tsec 3.4560
#GCMRL#  120 dt 129.472000 rms  0.641  0.069% neg 0  invalid 762 tFOTS 0.0000 tGradient 3.0720 tsec 3.4190
#GCMRL#  121 dt 129.472000 rms  0.641  0.074% neg 0  invalid 762 tFOTS 0.0000 tGradient 2.9980 tsec 3.3490
#GCMRL#  122 dt 129.472000 rms  0.640  0.070% neg 0  invalid 762 tFOTS 0.0000 tGradient 2.9350 tsec 3.2810
#GCMRL#  123 dt 129.472000 rms  0.640  0.069% neg 0  invalid 762 tFOTS 0.0000 tGradient 2.8430 tsec 3.1900
#GCMRL#  124 dt 129.472000 rms  0.639  0.051% neg 0  invalid 762 tFOTS 0.0000 tGradient 2.8890 tsec 3.2330
#GCMRL#  125 dt 129.472000 rms  0.639  0.046% neg 0  invalid 762 tFOTS 0.0000 tGradient 3.0320 tsec 3.3820
#GCMRL#  126 dt 129.472000 rms  0.639  0.038% neg 0  invalid 762 tFOTS 0.0000 tGradient 2.9160 tsec 3.2640
#GCMRL#  127 dt 129.472000 rms  0.639  0.053% neg 0  invalid 762 tFOTS 0.0000 tGradient 2.8660 tsec 3.2080
#GCMRL#  128 dt 129.472000 rms  0.638  0.055% neg 0  invalid 762 tFOTS 0.0000 tGradient 2.8960 tsec 3.2380
#GCMRL#  129 dt 129.472000 rms  0.638  0.046% neg 0  invalid 762 tFOTS 0.0000 tGradient 3.0010 tsec 3.3470
#GCMRL#  130 dt 129.472000 rms  0.638  0.043% neg 0  invalid 762 tFOTS 0.0000 tGradient 2.9300 tsec 3.2740
#GCMRL#  131 dt 129.472000 rms  0.637  0.037% neg 0  invalid 762 tFOTS 0.0000 tGradient 2.9340 tsec 3.2810
#GCMRL#  132 dt 129.472000 rms  0.637  0.044% neg 0  invalid 762 tFOTS 0.0000 tGradient 2.9540 tsec 3.3030
#GCMRL#  133 dt 129.472000 rms  0.637  0.048% neg 0  invalid 762 tFOTS 0.0000 tGradient 2.8960 tsec 3.2410
#GCMRL#  134 dt 129.472000 rms  0.637  0.043% neg 0  invalid 762 tFOTS 0.0000 tGradient 2.9070 tsec 3.2520
#GCMRL#  135 dt 129.472000 rms  0.636  0.039% neg 0  invalid 762 tFOTS 0.0000 tGradient 2.8590 tsec 3.2030
#GCMRL#  136 dt 129.472000 rms  0.636  0.038% neg 0  invalid 762 tFOTS 0.0000 tGradient 2.9300 tsec 3.3110
#GCMRL#  137 dt 129.472000 rms  0.636  0.045% neg 0  invalid 762 tFOTS 0.0000 tGradient 3.1120 tsec 3.4510
#GCMRL#  138 dt 129.472000 rms  0.636  0.041% neg 0  invalid 762 tFOTS 0.0000 tGradient 2.9550 tsec 3.2960
#GCMRL#  139 dt 129.472000 rms  0.635  0.035% neg 0  invalid 762 tFOTS 0.0000 tGradient 2.8980 tsec 3.2410
#GCMRL#  140 dt 129.472000 rms  0.635  0.022% neg 0  invalid 762 tFOTS 0.0000 tGradient 3.0880 tsec 3.4310
#GCMRL#  141 dt 129.472000 rms  0.635  0.035% neg 0  invalid 762 tFOTS 0.0000 tGradient 3.0560 tsec 3.3960
#GCMRL#  142 dt 129.472000 rms  0.635  0.040% neg 0  invalid 762 tFOTS 0.0000 tGradient 2.9860 tsec 3.3290
#GCMRL#  143 dt 129.472000 rms  0.634  0.043% neg 0  invalid 762 tFOTS 0.0000 tGradient 3.0280 tsec 3.3720
#GCMRL#  144 dt 129.472000 rms  0.634  0.039% neg 0  invalid 762 tFOTS 0.0000 tGradient 3.0360 tsec 3.3760
#GCMRL#  145 dt 129.472000 rms  0.634  0.030% neg 0  invalid 762 tFOTS 0.0000 tGradient 3.0240 tsec 3.3680
#GCMRL#  146 dt 129.472000 rms  0.634  0.026% neg 0  invalid 762 tFOTS 0.0000 tGradient 2.9840 tsec 3.3300
#GCMRL#  147 dt 129.472000 rms  0.634  0.022% neg 0  invalid 762 tFOTS 0.0000 tGradient 2.8850 tsec 3.2250
#GCMRL#  148 dt 129.472000 rms  0.634  0.026% neg 0  invalid 762 tFOTS 0.0000 tGradient 2.8960 tsec 3.2400
#GCMRL#  149 dt 129.472000 rms  0.633  0.039% neg 0  invalid 762 tFOTS 0.0000 tGradient 2.8730 tsec 3.2150
#GCMRL#  150 dt 129.472000 rms  0.633  0.034% neg 0  invalid 762 tFOTS 0.0000 tGradient 2.9580 tsec 3.3060
#GCMRL#  151 dt 129.472000 rms  0.633  0.031% neg 0  invalid 762 tFOTS 0.0000 tGradient 2.8150 tsec 3.1600
#GCMRL#  152 dt 129.472000 rms  0.633  0.025% neg 0  invalid 762 tFOTS 0.0000 tGradient 2.8930 tsec 3.2390
#GCMRL#  153 dt 129.472000 rms  0.633  0.026% neg 0  invalid 762 tFOTS 0.0000 tGradient 2.9720 tsec 3.3160
#GCMRL#  154 dt 129.472000 rms  0.632  0.031% neg 0  invalid 762 tFOTS 0.0000 tGradient 2.7550 tsec 3.0990
#GCMRL#  155 dt 129.472000 rms  0.632  0.030% neg 0  invalid 762 tFOTS 0.0000 tGradient 3.1240 tsec 3.4640
#GCMRL#  156 dt 129.472000 rms  0.632  0.023% neg 0  invalid 762 tFOTS 0.0000 tGradient 2.8050 tsec 3.1460
#GCMRL#  157 dt 129.472000 rms  0.632  0.021% neg 0  invalid 762 tFOTS 0.0000 tGradient 3.2330 tsec 3.6030
#FOTS# QuadFit found better minimum quadopt=(dt=221.952,rms=0.631881) vs oldopt=(dt=369.92,rms=0.631887)
#GCMRL#  158 dt 221.952000 rms  0.632  0.000% neg 0  invalid 762 tFOTS 5.7010 tGradient 2.8470 tsec 8.9470
#GCMRL#  159 dt 221.952000 rms  0.632  0.004% neg 0  invalid 762 tFOTS 0.0000 tGradient 2.9290 tsec 3.2780
#GCMRL#  160 dt 221.952000 rms  0.632  0.003% neg 0  invalid 762 tFOTS 0.0000 tGradient 2.8360 tsec 3.1830
#GCMRL#  161 dt 221.952000 rms  0.632  0.004% neg 0  invalid 762 tFOTS 0.0000 tGradient 2.8970 tsec 3.2390
#GCMRL#  162 dt 221.952000 rms  0.632  0.016% neg 0  invalid 762 tFOTS 0.0000 tGradient 2.9560 tsec 3.2990
#GCMRL#  163 dt 221.952000 rms  0.632  0.024% neg 0  invalid 762 tFOTS 0.0000 tGradient 2.8420 tsec 3.1880

#GCAMreg# pass 0 level1 5 level2 1 tsec 344.115 sigma 0.5
l_jacobian=1.00 l_label=1.00 l_log_likelihood=0.20 l_smoothness=0.01 
tol=5.00e-02, dt=5.00e-02, exp_k=20.0, momentum=0.90, levels=6, niter=500, lbl_dist=10.00, avgs=256, sigma=0.5,type=2, relabel=0, neg=no

blurring input image with Gaussian with sigma=0.500...
GCAMRegisterLevel(): init RMS 0.631596
#FOTS# QuadFit found better minimum quadopt=(dt=129.472,rms=0.630531) vs oldopt=(dt=92.48,rms=0.630673)
#GCMRL#  165 dt 129.472000 rms  0.631  0.169% neg 0  invalid 762 tFOTS 5.2650 tGradient 2.9970 tsec 8.6450
#FOTS# QuadFit found better minimum quadopt=(dt=129.472,rms=0.630156) vs oldopt=(dt=92.48,rms=0.630217)
#GCMRL#  166 dt 129.472000 rms  0.630  0.060% neg 0  invalid 762 tFOTS 5.0600 tGradient 2.9770 tsec 8.4450
#FOTS# QuadFit found better minimum quadopt=(dt=129.472,rms=0.629824) vs oldopt=(dt=92.48,rms=0.629893)
#GCMRL#  167 dt 129.472000 rms  0.630  0.053% neg 0  invalid 762 tFOTS 5.1360 tGradient 2.9280 tsec 8.4370
#FOTS# QuadFit found better minimum quadopt=(dt=129.472,rms=0.629643) vs oldopt=(dt=92.48,rms=0.629677)
#GCMRL#  168 dt 129.472000 rms  0.630  0.000% neg 0  invalid 762 tFOTS 5.1620 tGradient 2.8750 tsec 8.4200
#GCMRL#  169 dt 129.472000 rms  0.629  0.038% neg 0  invalid 762 tFOTS 0.0000 tGradient 3.0640 tsec 3.4000
#GCMRL#  170 dt 129.472000 rms  0.629  0.048% neg 0  invalid 762 tFOTS 0.0000 tGradient 2.8970 tsec 3.2240
#GCMRL#  171 dt 129.472000 rms  0.629  0.046% neg 0  invalid 762 tFOTS 0.0000 tGradient 2.8800 tsec 3.2070
#GCMRL#  172 dt 129.472000 rms  0.629  0.042% neg 0  invalid 762 tFOTS 0.0000 tGradient 2.9250 tsec 3.2560
#GCMRL#  173 dt 129.472000 rms  0.628  0.044% neg 0  invalid 762 tFOTS 0.0000 tGradient 2.9260 tsec 3.2560
#GCMRL#  174 dt 129.472000 rms  0.628  0.032% neg 0  invalid 762 tFOTS 0.0000 tGradient 2.9030 tsec 3.2280
#GCMRL#  175 dt 129.472000 rms  0.628  0.035% neg 0  invalid 762 tFOTS 0.0000 tGradient 2.8450 tsec 3.1840
#GCMRL#  176 dt 129.472000 rms  0.628  0.039% neg 0  invalid 762 tFOTS 0.0000 tGradient 2.8820 tsec 3.2180
#GCMRL#  177 dt 129.472000 rms  0.627  0.052% neg 0  invalid 762 tFOTS 0.0000 tGradient 2.8770 tsec 3.2110
#GCMRL#  178 dt 129.472000 rms  0.627  0.043% neg 0  invalid 762 tFOTS 0.0000 tGradient 2.8140 tsec 3.1610
#GCMRL#  179 dt 129.472000 rms  0.627  0.034% neg 0  invalid 762 tFOTS 0.0000 tGradient 2.8400 tsec 3.1690
#GCMRL#  180 dt 129.472000 rms  0.627  0.027% neg 0  invalid 762 tFOTS 0.0000 tGradient 2.7830 tsec 3.1180
#GCMRL#  181 dt 129.472000 rms  0.626  0.035% neg 0  invalid 762 tFOTS 0.0000 tGradient 2.8640 tsec 3.2010
#GCMRL#  182 dt 129.472000 rms  0.626  0.033% neg 0  invalid 762 tFOTS 0.0000 tGradient 2.7710 tsec 3.1050
#GCMRL#  183 dt 129.472000 rms  0.626  0.032% neg 0  invalid 762 tFOTS 0.0000 tGradient 2.8370 tsec 3.1710
#GCMRL#  184 dt 129.472000 rms  0.626  0.029% neg 0  invalid 762 tFOTS 0.0000 tGradient 2.7980 tsec 3.1330
#GCMRL#  185 dt 129.472000 rms  0.626  0.034% neg 0  invalid 762 tFOTS 0.0000 tGradient 2.7320 tsec 3.0580
#GCMRL#  186 dt 129.472000 rms  0.625  0.033% neg 0  invalid 762 tFOTS 0.0000 tGradient 2.8410 tsec 3.1750
#GCMRL#  187 dt 129.472000 rms  0.625  0.031% neg 0  invalid 762 tFOTS 0.0000 tGradient 2.8140 tsec 3.1390
#GCMRL#  188 dt 129.472000 rms  0.625  0.033% neg 0  invalid 762 tFOTS 0.0000 tGradient 2.8150 tsec 3.1460
#GCMRL#  189 dt 129.472000 rms  0.625  0.042% neg 0  invalid 762 tFOTS 0.0000 tGradient 2.9290 tsec 3.2650
#GCMRL#  190 dt 129.472000 rms  0.624  0.037% neg 0  invalid 762 tFOTS 0.0000 tGradient 2.8260 tsec 3.1570
#GCMRL#  191 dt 129.472000 rms  0.624  0.027% neg 0  invalid 762 tFOTS 0.0000 tGradient 2.7740 tsec 3.1050
#GCMRL#  192 dt 129.472000 rms  0.624  0.020% neg 0  invalid 762 tFOTS 0.0000 tGradient 2.8080 tsec 3.1420
#GCMRL#  193 dt 129.472000 rms  0.624  0.021% neg 0  invalid 762 tFOTS 0.0000 tGradient 2.7770 tsec 3.1080
#GCMRL#  194 dt 129.472000 rms  0.624  0.023% neg 0  invalid 762 tFOTS 0.0000 tGradient 2.7670 tsec 3.1010
#GCMRL#  195 dt 129.472000 rms  0.624  0.029% neg 0  invalid 762 tFOTS 0.0000 tGradient 2.7810 tsec 3.1570
#GCMRL#  196 dt 129.472000 rms  0.624  0.033% neg 0  invalid 762 tFOTS 0.0000 tGradient 2.8660 tsec 3.2150
#GCMRL#  197 dt 129.472000 rms  0.623  0.035% neg 0  invalid 762 tFOTS 0.0000 tGradient 2.9400 tsec 3.2830
#GCMRL#  198 dt 129.472000 rms  0.623  0.020% neg 0  invalid 762 tFOTS 0.0000 tGradient 2.7890 tsec 3.1310
#GCMRL#  199 dt 129.472000 rms  0.623  0.023% neg 0  invalid 762 tFOTS 0.0000 tGradient 2.9390 tsec 3.2810
#GCMRL#  200 dt 129.472000 rms  0.623  0.014% neg 0  invalid 762 tFOTS 0.0000 tGradient 2.9510 tsec 3.3210
#GCMRL#  201 dt 369.920000 rms  0.623  0.000% neg 0  invalid 762 tFOTS 5.3120 tGradient 2.9000 tsec 8.6070
setting smoothness cost coefficient to 0.031

#GCAMreg# pass 0 level1 4 level2 0 tsec 0 sigma 2
l_jacobian=1.00 l_label=1.00 l_log_likelihood=0.20 l_smoothness=0.03 
tol=5.00e-02, dt=5.00e-02, exp_k=20.0, momentum=0.90, levels=6, niter=500, lbl_dist=10.00, avgs=64, sigma=2.0,type=2, relabel=0, neg=no

blurring input image with Gaussian with sigma=2.000...
GCAMRegisterLevel(): init RMS 0.625339
#FOTS# QuadFit found better minimum quadopt=(dt=36.288,rms=0.62428) vs oldopt=(dt=25.92,rms=0.624434)
#GCMRL#  203 dt  36.288000 rms  0.624  0.169% neg 0  invalid 762 tFOTS 5.1480 tGradient 2.3660 tsec 7.8750
#FOTS# QuadFit found better minimum quadopt=(dt=113.882,rms=0.622617) vs oldopt=(dt=103.68,rms=0.622623)
#GCMRL#  204 dt 113.882353 rms  0.623  0.266% neg 0  invalid 762 tFOTS 5.2380 tGradient 2.2670 tsec 7.8610
#FOTS# QuadFit found better minimum quadopt=(dt=36.288,rms=0.621709) vs oldopt=(dt=25.92,rms=0.62188)
#GCMRL#  205 dt  36.288000 rms  0.622  0.146% neg 0  invalid 762 tFOTS 4.5050 tGradient 2.2640 tsec 7.2430
#FOTS# QuadFit found better minimum quadopt=(dt=145.152,rms=0.618831) vs oldopt=(dt=103.68,rms=0.61914)
#GCMRL#  206 dt 145.152000 rms  0.619  0.463% neg 0  invalid 762 tFOTS 4.7010 tGradient 2.8320 tsec 7.8930
#FOTS# QuadFit found better minimum quadopt=(dt=21.2174,rms=0.617588) vs oldopt=(dt=25.92,rms=0.617655)
#GCMRL#  207 dt  21.217391 rms  0.618  0.201% neg 0  invalid 762 tFOTS 4.5580 tGradient 2.2920 tsec 7.2100
#FOTS# QuadFit found better minimum quadopt=(dt=145.152,rms=0.615709) vs oldopt=(dt=103.68,rms=0.616076)
#GCMRL#  208 dt 145.152000 rms  0.616  0.304% neg 0  invalid 762 tFOTS 4.7070 tGradient 2.3500 tsec 7.4250
#FOTS# QuadFit found better minimum quadopt=(dt=36.288,rms=0.61429) vs oldopt=(dt=25.92,rms=0.614456)
#GCMRL#  209 dt  36.288000 rms  0.614  0.230% neg 0  invalid 762 tFOTS 4.9430 tGradient 2.3560 tsec 7.6620
#GCMRL#  210 dt  25.920000 rms  0.614  0.056% neg 0  invalid 762 tFOTS 4.9670 tGradient 2.3330 tsec 7.6680
#FOTS# QuadFit found better minimum quadopt=(dt=331.776,rms=0.610799) vs oldopt=(dt=414.72,rms=0.610947)
#GCMRL#  211 dt 331.776000 rms  0.611  0.513% neg 0  invalid 762 tFOTS 4.6290 tGradient 2.4390 tsec 7.4260
#FOTS# QuadFit found better minimum quadopt=(dt=20.736,rms=0.608689) vs oldopt=(dt=25.92,rms=0.608838)
#GCMRL#  212 dt  20.736000 rms  0.609  0.346% neg 0  invalid 762 tFOTS 4.4760 tGradient 2.4340 tsec 7.2690
#FOTS# QuadFit found better minimum quadopt=(dt=36.288,rms=0.608319) vs oldopt=(dt=25.92,rms=0.608396)
#GCMRL#  213 dt  36.288000 rms  0.608  0.061% neg 0  invalid 762 tFOTS 4.7380 tGradient 2.4810 tsec 7.5820
#FOTS# QuadFit found better minimum quadopt=(dt=145.152,rms=0.606713) vs oldopt=(dt=103.68,rms=0.606941)
#GCMRL#  214 dt 145.152000 rms  0.607  0.264% neg 0  invalid 762 tFOTS 4.4770 tGradient 2.3970 tsec 7.2390
#FOTS# QuadFit found better minimum quadopt=(dt=16.708,rms=0.606209) vs oldopt=(dt=25.92,rms=0.606361)
#GCMRL#  215 dt  16.707965 rms  0.606  0.083% neg 0  invalid 762 tFOTS 4.7580 tGradient 2.3910 tsec 7.5110
#FOTS# QuadFit found better minimum quadopt=(dt=36.288,rms=0.606041) vs oldopt=(dt=25.92,rms=0.606061)
#GCMRL#  216 dt  36.288000 rms  0.606  0.000% neg 0  invalid 762 tFOTS 4.7850 tGradient 2.3730 tsec 7.5380
#GCMRL#  217 dt  36.288000 rms  0.605  0.094% neg 0  invalid 762 tFOTS 0.0000 tGradient 2.3670 tsec 2.7000
#GCMRL#  218 dt  36.288000 rms  0.605  0.123% neg 0  invalid 762 tFOTS 0.0000 tGradient 2.3820 tsec 2.7100
#GCMRL#  219 dt  36.288000 rms  0.604  0.145% neg 0  invalid 762 tFOTS 0.0000 tGradient 2.4000 tsec 2.7340
#GCMRL#  220 dt  36.288000 rms  0.603  0.194% neg 0  invalid 762 tFOTS 0.0000 tGradient 2.3280 tsec 2.6600
#GCMRL#  221 dt  36.288000 rms  0.601  0.242% neg 0  invalid 762 tFOTS 0.0000 tGradient 2.3590 tsec 2.6900
#GCMRL#  222 dt  36.288000 rms  0.600  0.235% neg 0  invalid 762 tFOTS 0.0000 tGradient 2.2700 tsec 2.6020
#GCMRL#  223 dt  36.288000 rms  0.599  0.217% neg 0  invalid 762 tFOTS 0.0000 tGradient 2.2660 tsec 2.5960
#GCMRL#  224 dt  36.288000 rms  0.597  0.225% neg 0  invalid 762 tFOTS 0.0000 tGradient 2.3290 tsec 2.6590
#GCMRL#  225 dt  36.288000 rms  0.596  0.252% neg 0  invalid 762 tFOTS 0.0000 tGradient 2.2650 tsec 2.5970
#GCMRL#  226 dt  36.288000 rms  0.594  0.227% neg 0  invalid 762 tFOTS 0.0000 tGradient 2.4000 tsec 2.7270
#GCMRL#  227 dt  36.288000 rms  0.593  0.187% neg 0  invalid 762 tFOTS 0.0000 tGradient 2.3230 tsec 2.6530
#GCMRL#  228 dt  36.288000 rms  0.592  0.176% neg 0  invalid 762 tFOTS 0.0000 tGradient 2.2900 tsec 2.6250
#GCMRL#  229 dt  36.288000 rms  0.592  0.050% neg 0  invalid 762 tFOTS 0.0000 tGradient 2.3380 tsec 2.8700
#GCMRL#  230 dt  36.288000 rms  0.592  0.048% neg 0  invalid 762 tFOTS 0.0000 tGradient 2.3280 tsec 2.6600
#GCMRL#  231 dt  36.288000 rms  0.591  0.051% neg 0  invalid 762 tFOTS 0.0000 tGradient 2.3080 tsec 2.6370
#GCMRL#  232 dt  36.288000 rms  0.591  0.074% neg 0  invalid 762 tFOTS 0.0000 tGradient 2.3150 tsec 2.6460
#GCMRL#  233 dt  36.288000 rms  0.590  0.116% neg 0  invalid 762 tFOTS 0.0000 tGradient 2.3550 tsec 2.6890
#GCMRL#  234 dt  36.288000 rms  0.589  0.117% neg 0  invalid 762 tFOTS 0.0000 tGradient 2.4250 tsec 2.7560
#GCMRL#  235 dt  36.288000 rms  0.589  0.107% neg 0  invalid 762 tFOTS 0.0000 tGradient 2.3690 tsec 2.7010
#GCMRL#  236 dt  36.288000 rms  0.588  0.103% neg 0  invalid 762 tFOTS 0.0000 tGradient 2.3290 tsec 2.6610
#GCMRL#  237 dt  36.288000 rms  0.587  0.127% neg 0  invalid 762 tFOTS 0.0000 tGradient 2.3010 tsec 2.6310
#GCMRL#  238 dt  36.288000 rms  0.587  0.130% neg 0  invalid 762 tFOTS 0.0000 tGradient 2.3640 tsec 2.6910
#GCMRL#  239 dt  36.288000 rms  0.586  0.126% neg 0  invalid 762 tFOTS 0.0000 tGradient 2.2950 tsec 2.6670
#GCMRL#  240 dt  36.288000 rms  0.585  0.121% neg 0  invalid 762 tFOTS 0.0000 tGradient 2.3650 tsec 2.6940
#GCMRL#  241 dt  36.288000 rms  0.584  0.129% neg 0  invalid 762 tFOTS 0.0000 tGradient 2.3060 tsec 2.6360
#GCMRL#  242 dt  36.288000 rms  0.584  0.130% neg 0  invalid 762 tFOTS 0.0000 tGradient 2.3030 tsec 2.6520
#GCMRL#  243 dt  36.288000 rms  0.583  0.115% neg 0  invalid 762 tFOTS 0.0000 tGradient 2.2960 tsec 2.6250
#GCMRL#  244 dt  36.288000 rms  0.582  0.107% neg 0  invalid 762 tFOTS 0.0000 tGradient 2.2750 tsec 2.6070
#GCMRL#  245 dt  36.288000 rms  0.582  0.104% neg 0  invalid 762 tFOTS 0.0000 tGradient 2.3330 tsec 2.6680
#GCMRL#  246 dt  36.288000 rms  0.581  0.111% neg 0  invalid 762 tFOTS 0.0000 tGradient 2.3020 tsec 2.6340
#GCMRL#  247 dt  36.288000 rms  0.581  0.103% neg 0  invalid 762 tFOTS 0.0000 tGradient 2.3050 tsec 2.6360
#GCMRL#  248 dt  36.288000 rms  0.580  0.092% neg 0  invalid 762 tFOTS 0.0000 tGradient 2.3040 tsec 2.6350
#GCMRL#  249 dt  36.288000 rms  0.580  0.090% neg 0  invalid 762 tFOTS 0.0000 tGradient 2.2240 tsec 2.5550
#GCMRL#  250 dt  36.288000 rms  0.579  0.093% neg 0  invalid 762 tFOTS 0.0000 tGradient 2.3540 tsec 2.6860
#GCMRL#  251 dt  36.288000 rms  0.578  0.090% neg 0  invalid 762 tFOTS 0.0000 tGradient 2.3410 tsec 2.6710
#GCMRL#  252 dt  36.288000 rms  0.578  0.079% neg 0  invalid 762 tFOTS 0.0000 tGradient 2.2820 tsec 2.6140
#GCMRL#  253 dt  36.288000 rms  0.578  0.076% neg 0  invalid 762 tFOTS 0.0000 tGradient 2.2850 tsec 2.6160
#GCMRL#  254 dt  36.288000 rms  0.577  0.078% neg 0  invalid 762 tFOTS 0.0000 tGradient 2.3220 tsec 2.6570
#GCMRL#  255 dt  36.288000 rms  0.577  0.090% neg 0  invalid 762 tFOTS 0.0000 tGradient 2.3940 tsec 2.7270
#GCMRL#  256 dt  36.288000 rms  0.576  0.084% neg 0  invalid 762 tFOTS 0.0000 tGradient 2.2790 tsec 2.6090
#GCMRL#  257 dt  36.288000 rms  0.576  0.075% neg 0  invalid 762 tFOTS 0.0000 tGradient 2.3270 tsec 2.6630
#GCMRL#  258 dt  36.288000 rms  0.575  0.069% neg 0  invalid 762 tFOTS 0.0000 tGradient 2.3590 tsec 2.6890
#GCMRL#  259 dt  36.288000 rms  0.575  0.069% neg 0  invalid 762 tFOTS 0.0000 tGradient 2.3220 tsec 2.6540
#GCMRL#  260 dt  36.288000 rms  0.575  0.067% neg 0  invalid 762 tFOTS 0.0000 tGradient 2.3640 tsec 2.7020
#GCMRL#  261 dt  36.288000 rms  0.574  0.067% neg 0  invalid 762 tFOTS 0.0000 tGradient 2.3760 tsec 2.7070
#GCMRL#  262 dt  36.288000 rms  0.574  0.065% neg 0  invalid 762 tFOTS 0.0000 tGradient 2.3710 tsec 2.7010
#GCMRL#  263 dt  36.288000 rms  0.573  0.067% neg 0  invalid 762 tFOTS 0.0000 tGradient 2.3200 tsec 2.6470
#GCMRL#  264 dt  36.288000 rms  0.573  0.061% neg 0  invalid 762 tFOTS 0.0000 tGradient 2.2860 tsec 2.6170
#GCMRL#  265 dt  36.288000 rms  0.573  0.057% neg 0  invalid 762 tFOTS 0.0000 tGradient 2.3130 tsec 2.6470
#GCMRL#  266 dt  36.288000 rms  0.572  0.046% neg 0  invalid 762 tFOTS 0.0000 tGradient 2.3120 tsec 2.6420
#GCMRL#  267 dt  36.288000 rms  0.572  0.040% neg 0  invalid 762 tFOTS 0.0000 tGradient 2.2810 tsec 2.6120
#GCMRL#  268 dt  36.288000 rms  0.572  0.052% neg 0  invalid 762 tFOTS 0.0000 tGradient 2.2720 tsec 2.6030
#GCMRL#  269 dt  36.288000 rms  0.572  0.051% neg 0  invalid 762 tFOTS 0.0000 tGradient 2.3680 tsec 2.7070
#GCMRL#  270 dt  36.288000 rms  0.571  0.050% neg 0  invalid 762 tFOTS 0.0000 tGradient 2.2750 tsec 2.6140
#GCMRL#  271 dt  36.288000 rms  0.571  0.047% neg 0  invalid 762 tFOTS 0.0000 tGradient 2.3380 tsec 2.6650
#GCMRL#  272 dt  36.288000 rms  0.571  0.041% neg 0  invalid 762 tFOTS 0.0000 tGradient 2.3490 tsec 2.6820
#GCMRL#  273 dt  36.288000 rms  0.571  0.038% neg 0  invalid 762 tFOTS 0.0000 tGradient 2.2880 tsec 2.6230
#GCMRL#  274 dt  36.288000 rms  0.570  0.040% neg 0  invalid 762 tFOTS 0.0000 tGradient 2.3690 tsec 2.7240
#GCMRL#  275 dt  36.288000 rms  0.570  0.040% neg 0  invalid 762 tFOTS 0.0000 tGradient 2.3320 tsec 2.6700
#GCMRL#  276 dt  36.288000 rms  0.570  0.048% neg 0  invalid 762 tFOTS 0.0000 tGradient 2.3850 tsec 2.7160
#GCMRL#  277 dt  36.288000 rms  0.570  0.048% neg 0  invalid 762 tFOTS 0.0000 tGradient 2.3790 tsec 2.7150
#GCMRL#  278 dt  36.288000 rms  0.569  0.040% neg 0  invalid 762 tFOTS 0.0000 tGradient 2.3110 tsec 2.6460
#GCMRL#  279 dt  36.288000 rms  0.569  0.032% neg 0  invalid 762 tFOTS 0.0000 tGradient 2.2940 tsec 2.6680
#GCMRL#  280 dt  36.288000 rms  0.569  0.028% neg 0  invalid 762 tFOTS 0.0000 tGradient 2.2530 tsec 2.5880
#GCMRL#  281 dt  36.288000 rms  0.569  0.029% neg 0  invalid 762 tFOTS 0.0000 tGradient 2.2110 tsec 2.5440
#GCMRL#  282 dt  36.288000 rms  0.569  0.039% neg 0  invalid 762 tFOTS 0.0000 tGradient 2.2470 tsec 2.5830
#GCMRL#  283 dt  36.288000 rms  0.568  0.035% neg 0  invalid 762 tFOTS 0.0000 tGradient 2.2110 tsec 2.5470
#GCMRL#  284 dt  36.288000 rms  0.568  0.038% neg 0  invalid 762 tFOTS 0.0000 tGradient 2.2190 tsec 2.5560
#GCMRL#  285 dt  36.288000 rms  0.568  0.031% neg 0  invalid 762 tFOTS 0.0000 tGradient 2.2150 tsec 2.5490
#GCMRL#  286 dt  36.288000 rms  0.568  0.030% neg 0  invalid 762 tFOTS 0.0000 tGradient 2.2590 tsec 2.5930
#GCMRL#  287 dt  36.288000 rms  0.568  0.028% neg 0  invalid 762 tFOTS 0.0000 tGradient 2.2110 tsec 2.5490
#GCMRL#  288 dt  36.288000 rms  0.568  0.024% neg 0  invalid 762 tFOTS 0.0000 tGradient 2.1950 tsec 2.5320
#GCMRL#  289 dt  36.288000 rms  0.567  0.028% neg 0  invalid 762 tFOTS 0.0000 tGradient 2.2200 tsec 2.5540
#GCMRL#  290 dt  36.288000 rms  0.567  0.029% neg 0  invalid 762 tFOTS 0.0000 tGradient 2.2140 tsec 2.5460
#GCMRL#  291 dt  36.288000 rms  0.567  0.029% neg 0  invalid 762 tFOTS 0.0000 tGradient 2.2640 tsec 2.5980
#GCMRL#  292 dt  36.288000 rms  0.567  0.025% neg 0  invalid 762 tFOTS 0.0000 tGradient 2.1970 tsec 2.5310
#GCMRL#  293 dt  36.288000 rms  0.567  0.024% neg 0  invalid 762 tFOTS 0.0000 tGradient 2.1970 tsec 2.5580
#FOTS# QuadFit found better minimum quadopt=(dt=331.776,rms=0.566623) vs oldopt=(dt=414.72,rms=0.566631)
#GCMRL#  294 dt 331.776000 rms  0.567  0.033% neg 0  invalid 762 tFOTS 5.1230 tGradient 2.2090 tsec 7.7000
#FOTS# QuadFit found better minimum quadopt=(dt=9.072,rms=0.566641) vs oldopt=(dt=6.48,rms=0.566643)

#GCAMreg# pass 0 level1 4 level2 1 tsec 333.903 sigma 0.5
l_jacobian=1.00 l_label=1.00 l_log_likelihood=0.20 l_smoothness=0.03 
tol=5.00e-02, dt=5.00e-02, exp_k=20.0, momentum=0.90, levels=6, niter=500, lbl_dist=10.00, avgs=64, sigma=0.5,type=2, relabel=0, neg=no

blurring input image with Gaussian with sigma=0.500...
GCAMRegisterLevel(): init RMS 0.566856
#FOTS# QuadFit found better minimum quadopt=(dt=109.227,rms=0.564802) vs oldopt=(dt=103.68,rms=0.564804)
#GCMRL#  296 dt 109.226667 rms  0.565  0.362% neg 0  invalid 762 tFOTS 5.1790 tGradient 2.2820 tsec 7.8530
#FOTS# QuadFit found better minimum quadopt=(dt=36.288,rms=0.564039) vs oldopt=(dt=25.92,rms=0.564145)
#GCMRL#  297 dt  36.288000 rms  0.564  0.135% neg 0  invalid 762 tFOTS 5.5370 tGradient 2.4750 tsec 8.3860
#FOTS# QuadFit found better minimum quadopt=(dt=82.944,rms=0.563597) vs oldopt=(dt=103.68,rms=0.563656)
#GCMRL#  298 dt  82.944000 rms  0.564  0.078% neg 0  invalid 762 tFOTS 5.2100 tGradient 2.4370 tsec 8.0650
#GCMRL#  299 dt  25.920000 rms  0.563  0.057% neg 0  invalid 762 tFOTS 5.2140 tGradient 2.4120 tsec 7.9860
#GCMRL#  300 dt 414.720000 rms  0.562  0.222% neg 0  invalid 762 tFOTS 4.9460 tGradient 2.2480 tsec 7.6100
#FOTS# QuadFit found better minimum quadopt=(dt=23.4146,rms=0.561571) vs oldopt=(dt=25.92,rms=0.561578)
#GCMRL#  301 dt  23.414634 rms  0.562  0.081% neg 0  invalid 762 tFOTS 5.2960 tGradient 2.2480 tsec 7.9570
#GCMRL#  302 dt 103.680000 rms  0.561  0.000% neg 0  invalid 762 tFOTS 5.1810 tGradient 2.3740 tsec 7.9460
#GCMRL#  303 dt 103.680000 rms  0.561  0.020% neg 0  invalid 762 tFOTS 0.0000 tGradient 2.2640 tsec 2.6050
setting smoothness cost coefficient to 0.118

#GCAMreg# pass 0 level1 3 level2 0 tsec 0 sigma 2
l_jacobian=1.00 l_label=1.00 l_log_likelihood=0.20 l_smoothness=0.12 
tol=5.00e-02, dt=5.00e-02, exp_k=20.0, momentum=0.90, levels=6, niter=500, lbl_dist=10.00, avgs=16, sigma=2.0,type=2, relabel=0, neg=no

blurring input image with Gaussian with sigma=2.000...
GCAMRegisterLevel(): init RMS 0.574657
#FOTS# QuadFit found better minimum quadopt=(dt=11.2,rms=0.572975) vs oldopt=(dt=8,rms=0.573265)
#GCMRL#  305 dt  11.200000 rms  0.573  0.293% neg 0  invalid 762 tFOTS 4.9080 tGradient 1.9380 tsec 7.2140
#FOTS# QuadFit found better minimum quadopt=(dt=68.3636,rms=0.56978) vs oldopt=(dt=32,rms=0.570378)
#GCMRL#  306 dt  68.363636 rms  0.570  0.558% neg 0  invalid 762 tFOTS 4.8970 tGradient 1.9390 tsec 7.2030
#FOTS# QuadFit found better minimum quadopt=(dt=38.4,rms=0.56613) vs oldopt=(dt=32,rms=0.566244)
#GCMRL#  307 dt  38.400000 rms  0.566  0.641% neg 0  invalid 762 tFOTS 4.7650 tGradient 1.9490 tsec 7.0990
#FOTS# QuadFit found better minimum quadopt=(dt=17.8701,rms=0.563817) vs oldopt=(dt=8,rms=0.564244)
#GCMRL#  308 dt  17.870130 rms  0.564  0.409% neg 0  invalid 762 tFOTS 4.8750 tGradient 1.9010 tsec 7.1650
#FOTS# QuadFit found better minimum quadopt=(dt=11.2,rms=0.562862) vs oldopt=(dt=8,rms=0.563033)
#GCMRL#  309 dt  11.200000 rms  0.563  0.169% neg 0  invalid 762 tFOTS 5.0140 tGradient 1.9010 tsec 7.2860
#FOTS# QuadFit found better minimum quadopt=(dt=153.6,rms=0.55545) vs oldopt=(dt=128,rms=0.556383)
#GCMRL#  310 dt 153.600000 rms  0.555  1.317% neg 0  invalid 762 tFOTS 4.5580 tGradient 1.8760 tsec 6.7980
#FOTS# QuadFit found better minimum quadopt=(dt=11.2,rms=0.554858) vs oldopt=(dt=8,rms=0.554951)
#GCMRL#  311 dt  11.200000 rms  0.555  0.107% neg 0  invalid 762 tFOTS 4.9770 tGradient 1.7990 tsec 7.1440
#GCMRL#  312 dt 128.000000 rms  0.553  0.388% neg 0  invalid 762 tFOTS 4.9360 tGradient 1.9180 tsec 7.2140
#FOTS# QuadFit found better minimum quadopt=(dt=23.5714,rms=0.551165) vs oldopt=(dt=32,rms=0.551463)
#GCMRL#  313 dt  23.571429 rms  0.551  0.279% neg 0  invalid 762 tFOTS 4.7090 tGradient 1.8970 tsec 6.9680
#GCMRL#  314 dt  32.000000 rms  0.550  0.159% neg 0  invalid 762 tFOTS 4.7030 tGradient 1.8980 tsec 6.9700
#FOTS# QuadFit found better minimum quadopt=(dt=11.2,rms=0.549733) vs oldopt=(dt=8,rms=0.549831)
#GCMRL#  315 dt  11.200000 rms  0.550  0.101% neg 0  invalid 762 tFOTS 4.9550 tGradient 1.9010 tsec 7.2890
#FOTS# QuadFit found better minimum quadopt=(dt=179.2,rms=0.547065) vs oldopt=(dt=128,rms=0.547569)
#GCMRL#  316 dt 179.200000 rms  0.547  0.485% neg 0  invalid 762 tFOTS 4.5930 tGradient 1.9590 tsec 6.9450
#FOTS# QuadFit found better minimum quadopt=(dt=11.2,rms=0.546471) vs oldopt=(dt=8,rms=0.546583)
#GCMRL#  317 dt  11.200000 rms  0.546  0.109% neg 0  invalid 762 tFOTS 4.8790 tGradient 1.9120 tsec 7.1600
#FOTS# QuadFit found better minimum quadopt=(dt=38.4,rms=0.54601) vs oldopt=(dt=32,rms=0.546018)
#GCMRL#  318 dt  38.400000 rms  0.546  0.084% neg 0  invalid 762 tFOTS 4.8780 tGradient 1.9560 tsec 7.1980
#GCMRL#  319 dt  32.000000 rms  0.546  0.091% neg 0  invalid 762 tFOTS 4.4310 tGradient 1.9280 tsec 6.7110
#FOTS# QuadFit found better minimum quadopt=(dt=19.2,rms=0.545262) vs oldopt=(dt=32,rms=0.545343)
#GCMRL#  320 dt  19.200000 rms  0.545  0.000% neg 0  invalid 762 tFOTS 4.4920 tGradient 1.8780 tsec 6.7360
#GCMRL#  321 dt  19.200000 rms  0.545  0.044% neg 0  invalid 762 tFOTS 0.0000 tGradient 1.8810 tsec 2.2030
#GCMRL#  322 dt  19.200000 rms  0.545  0.078% neg 0  invalid 762 tFOTS 0.0000 tGradient 1.8830 tsec 2.2090
#GCMRL#  323 dt  19.200000 rms  0.544  0.112% neg 0  invalid 762 tFOTS 0.0000 tGradient 1.8740 tsec 2.1990
#GCMRL#  324 dt  19.200000 rms  0.543  0.115% neg 0  invalid 762 tFOTS 0.0000 tGradient 1.8190 tsec 2.1420
#GCMRL#  325 dt  19.200000 rms  0.543  0.133% neg 0  invalid 762 tFOTS 0.0000 tGradient 1.8840 tsec 2.2060
#GCMRL#  326 dt  19.200000 rms  0.542  0.160% neg 0  invalid 762 tFOTS 0.0000 tGradient 1.8770 tsec 2.2020
#GCMRL#  327 dt  19.200000 rms  0.541  0.164% neg 0  invalid 762 tFOTS 0.0000 tGradient 1.8460 tsec 2.1710
#GCMRL#  328 dt  19.200000 rms  0.540  0.159% neg 0  invalid 762 tFOTS 0.0000 tGradient 1.8820 tsec 2.2050
#GCMRL#  329 dt  19.200000 rms  0.539  0.155% neg 0  invalid 762 tFOTS 0.0000 tGradient 1.8410 tsec 2.2110
#GCMRL#  330 dt  19.200000 rms  0.538  0.141% neg 0  invalid 762 tFOTS 0.0000 tGradient 1.8760 tsec 2.2110
#GCMRL#  331 dt  19.200000 rms  0.538  0.139% neg 0  invalid 762 tFOTS 0.0000 tGradient 1.7820 tsec 2.1030
#GCMRL#  332 dt  19.200000 rms  0.537  0.137% neg 0  invalid 762 tFOTS 0.0000 tGradient 1.8630 tsec 2.1860
#GCMRL#  333 dt  19.200000 rms  0.536  0.122% neg 0  invalid 762 tFOTS 0.0000 tGradient 1.8560 tsec 2.1820
#GCMRL#  334 dt  19.200000 rms  0.536  0.130% neg 0  invalid 762 tFOTS 0.0000 tGradient 1.8680 tsec 2.1920
#GCMRL#  335 dt  19.200000 rms  0.535  0.101% neg 0  invalid 762 tFOTS 0.0000 tGradient 1.8960 tsec 2.2200
#GCMRL#  336 dt  19.200000 rms  0.535  0.096% neg 0  invalid 762 tFOTS 0.0000 tGradient 1.7610 tsec 2.0830
#GCMRL#  337 dt  19.200000 rms  0.534  0.101% neg 0  invalid 762 tFOTS 0.0000 tGradient 1.7520 tsec 2.0780
#GCMRL#  338 dt  19.200000 rms  0.534  0.093% neg 0  invalid 762 tFOTS 0.0000 tGradient 1.8070 tsec 2.1310
#GCMRL#  339 dt  19.200000 rms  0.533  0.078% neg 0  invalid 762 tFOTS 0.0000 tGradient 1.8430 tsec 2.2050
#GCMRL#  340 dt  19.200000 rms  0.533  0.074% neg 0  invalid 762 tFOTS 0.0000 tGradient 1.8120 tsec 2.1480
#GCMRL#  341 dt  19.200000 rms  0.532  0.071% neg 0  invalid 762 tFOTS 0.0000 tGradient 1.8480 tsec 2.1790
#GCMRL#  342 dt  19.200000 rms  0.532  0.069% neg 0  invalid 762 tFOTS 0.0000 tGradient 1.8250 tsec 2.1520
#GCMRL#  343 dt  19.200000 rms  0.532  0.061% neg 0  invalid 762 tFOTS 0.0000 tGradient 1.8470 tsec 2.1760
#GCMRL#  344 dt  19.200000 rms  0.531  0.036% neg 0  invalid 762 tFOTS 0.0000 tGradient 1.8400 tsec 2.1680
#GCMRL#  345 dt  19.200000 rms  0.531  0.035% neg 0  invalid 762 tFOTS 0.0000 tGradient 1.8530 tsec 2.1780
#GCMRL#  346 dt  19.200000 rms  0.531  0.046% neg 0  invalid 762 tFOTS 0.0000 tGradient 1.8840 tsec 2.2140
#GCMRL#  347 dt  19.200000 rms  0.531  0.038% neg 0  invalid 762 tFOTS 0.0000 tGradient 1.7950 tsec 2.1270
#GCMRL#  348 dt  19.200000 rms  0.531  0.034% neg 0  invalid 762 tFOTS 0.0000 tGradient 1.8090 tsec 2.1410
#GCMRL#  349 dt  19.200000 rms  0.530  0.042% neg 0  invalid 762 tFOTS 0.0000 tGradient 1.8530 tsec 2.1850
#GCMRL#  350 dt  19.200000 rms  0.530  0.034% neg 0  invalid 762 tFOTS 0.0000 tGradient 1.7920 tsec 2.1280
#GCMRL#  351 dt  19.200000 rms  0.530  0.024% neg 0  invalid 762 tFOTS 0.0000 tGradient 1.8370 tsec 2.1660
#GCMRL#  352 dt  19.200000 rms  0.530  0.039% neg 0  invalid 762 tFOTS 0.0000 tGradient 1.8720 tsec 2.2800
#GCMRL#  353 dt  19.200000 rms  0.530  0.043% neg 0  invalid 762 tFOTS 0.0000 tGradient 1.8370 tsec 2.1960
#GCMRL#  354 dt  19.200000 rms  0.529  0.040% neg 0  invalid 762 tFOTS 0.0000 tGradient 1.9250 tsec 2.2540
#GCMRL#  355 dt  19.200000 rms  0.529  0.019% neg 0  invalid 762 tFOTS 0.0000 tGradient 1.8000 tsec 2.1390
#GCMRL#  356 dt  19.200000 rms  0.529  0.003% neg 0  invalid 762 tFOTS 0.0000 tGradient 1.8470 tsec 2.3930
#FOTS# QuadFit found better minimum quadopt=(dt=44.8,rms=0.529264) vs oldopt=(dt=32,rms=0.529268)
#GCMRL#  357 dt  44.800000 rms  0.529  0.011% neg 0  invalid 762 tFOTS 4.4650 tGradient 1.8580 tsec 6.6820
#FOTS# QuadFit found better minimum quadopt=(dt=11.2,rms=0.52925) vs oldopt=(dt=8,rms=0.529254)
#GCMRL#  358 dt  11.200000 rms  0.529  0.000% neg 0  invalid 762 tFOTS 4.4000 tGradient 1.9330 tsec 6.7070

#GCAMreg# pass 0 level1 3 level2 1 tsec 217.003 sigma 0.5
l_jacobian=1.00 l_label=1.00 l_log_likelihood=0.20 l_smoothness=0.12 
tol=5.00e-02, dt=5.00e-02, exp_k=20.0, momentum=0.90, levels=6, niter=500, lbl_dist=10.00, avgs=16, sigma=0.5,type=2, relabel=0, neg=no

blurring input image with Gaussian with sigma=0.500...
GCAMRegisterLevel(): init RMS 0.529472
#FOTS# QuadFit found better minimum quadopt=(dt=60.5042,rms=0.526427) vs oldopt=(dt=32,rms=0.526845)
#GCMRL#  360 dt  60.504202 rms  0.526  0.575% neg 0  invalid 762 tFOTS 4.8310 tGradient 1.9120 tsec 7.0860
#FOTS# QuadFit found better minimum quadopt=(dt=11.2,rms=0.525769) vs oldopt=(dt=8,rms=0.525906)
#GCMRL#  361 dt  11.200000 rms  0.526  0.125% neg 0  invalid 762 tFOTS 4.7000 tGradient 1.8620 tsec 6.9180
#GCMRL#  362 dt  32.000000 rms  0.525  0.096% neg 0  invalid 762 tFOTS 4.7470 tGradient 1.8010 tsec 6.9020
#FOTS# QuadFit found better minimum quadopt=(dt=44.8,rms=0.524695) vs oldopt=(dt=32,rms=0.524801)
#GCMRL#  363 dt  44.800000 rms  0.525  0.109% neg 0  invalid 762 tFOTS 4.4150 tGradient 1.8580 tsec 6.6310
#GCMRL#  364 dt  32.000000 rms  0.524  0.076% neg 0  invalid 762 tFOTS 4.7110 tGradient 1.8180 tsec 6.8830
#FOTS# QuadFit found better minimum quadopt=(dt=11.2,rms=0.524187) vs oldopt=(dt=8,rms=0.524206)
#GCMRL#  365 dt  11.200000 rms  0.524  0.000% neg 0  invalid 762 tFOTS 4.7150 tGradient 1.7930 tsec 6.8820
#GCMRL#  366 dt  11.200000 rms  0.524  0.028% neg 0  invalid 762 tFOTS 0.0000 tGradient 1.9190 tsec 2.2470
#GCMRL#  367 dt  11.200000 rms  0.524  0.037% neg 0  invalid 762 tFOTS 0.0000 tGradient 1.9690 tsec 2.2880
#GCMRL#  368 dt  11.200000 rms  0.524  0.047% neg 0  invalid 762 tFOTS 0.0000 tGradient 1.8100 tsec 2.1380
#GCMRL#  369 dt  11.200000 rms  0.523  0.054% neg 0  invalid 762 tFOTS 0.0000 tGradient 1.8190 tsec 2.1340
#GCMRL#  370 dt  11.200000 rms  0.523  0.050% neg 0  invalid 762 tFOTS 0.0000 tGradient 1.8170 tsec 2.1310
#GCMRL#  371 dt  11.200000 rms  0.523  0.048% neg 0  invalid 762 tFOTS 0.0000 tGradient 1.8840 tsec 2.1980
#GCMRL#  372 dt  11.200000 rms  0.523  0.039% neg 0  invalid 762 tFOTS 0.0000 tGradient 1.8670 tsec 2.1810
#GCMRL#  373 dt  11.200000 rms  0.522  0.038% neg 0  invalid 762 tFOTS 0.0000 tGradient 1.8430 tsec 2.1620
#GCMRL#  374 dt  11.200000 rms  0.522  0.039% neg 0  invalid 762 tFOTS 0.0000 tGradient 1.8010 tsec 2.1220
#GCMRL#  375 dt  11.200000 rms  0.522  0.037% neg 0  invalid 762 tFOTS 0.0000 tGradient 1.8210 tsec 2.1360
#GCMRL#  376 dt  11.200000 rms  0.522  0.035% neg 0  invalid 762 tFOTS 0.0000 tGradient 1.8420 tsec 2.1430
#GCMRL#  377 dt  11.200000 rms  0.522  0.026% neg 0  invalid 762 tFOTS 0.0000 tGradient 1.7960 tsec 2.1010
#GCMRL#  378 dt  11.200000 rms  0.522  0.022% neg 0  invalid 762 tFOTS 0.0000 tGradient 1.8560 tsec 2.1750
#GCMRL#  379 dt  11.200000 rms  0.521  0.023% neg 0  invalid 762 tFOTS 0.0000 tGradient 1.7710 tsec 2.0910
#GCMRL#  380 dt  11.200000 rms  0.521  0.024% neg 0  invalid 762 tFOTS 0.0000 tGradient 1.7920 tsec 2.1130
#GCMRL#  381 dt  11.200000 rms  0.521  0.031% neg 0  invalid 762 tFOTS 0.0000 tGradient 1.8000 tsec 2.1280
#GCMRL#  382 dt  11.200000 rms  0.521  0.034% neg 0  invalid 762 tFOTS 0.0000 tGradient 1.8070 tsec 2.1830
#GCMRL#  383 dt  11.200000 rms  0.521  0.037% neg 0  invalid 762 tFOTS 0.0000 tGradient 1.8890 tsec 2.2500
#GCMRL#  384 dt  11.200000 rms  0.521  0.028% neg 0  invalid 762 tFOTS 0.0000 tGradient 1.8740 tsec 2.2070
#GCMRL#  385 dt  11.200000 rms  0.520  0.030% neg 0  invalid 762 tFOTS 0.0000 tGradient 1.8910 tsec 2.2280
#GCMRL#  386 dt  11.200000 rms  0.520  0.030% neg 0  invalid 762 tFOTS 0.0000 tGradient 1.8650 tsec 2.1940
#GCMRL#  387 dt  11.200000 rms  0.520  0.031% neg 0  invalid 762 tFOTS 0.0000 tGradient 1.8330 tsec 2.1700
#GCMRL#  388 dt  11.200000 rms  0.520  0.030% neg 0  invalid 762 tFOTS 0.0000 tGradient 1.8680 tsec 2.2080
#GCMRL#  389 dt  11.200000 rms  0.520  0.030% neg 0  invalid 762 tFOTS 0.0000 tGradient 1.8670 tsec 2.2000
#GCMRL#  390 dt  11.200000 rms  0.520  0.027% neg 0  invalid 762 tFOTS 0.0000 tGradient 1.8480 tsec 2.1770
#GCMRL#  391 dt  11.200000 rms  0.520  0.028% neg 0  invalid 762 tFOTS 0.0000 tGradient 1.8860 tsec 2.2230
#GCMRL#  392 dt  11.200000 rms  0.519  0.019% neg 0  invalid 762 tFOTS 0.0000 tGradient 1.8760 tsec 2.2080
#GCMRL#  393 dt  11.200000 rms  0.519  0.023% neg 0  invalid 762 tFOTS 0.0000 tGradient 1.8920 tsec 2.2290
#GCMRL#  394 dt  11.200000 rms  0.519  0.026% neg 0  invalid 762 tFOTS 0.0000 tGradient 1.8320 tsec 2.1670
#GCMRL#  395 dt  11.200000 rms  0.519  0.017% neg 0  invalid 762 tFOTS 0.0000 tGradient 1.8560 tsec 2.1900
#GCMRL#  396 dt  11.200000 rms  0.519  0.017% neg 0  invalid 762 tFOTS 0.0000 tGradient 1.8630 tsec 2.1990
#GCMRL#  397 dt  11.200000 rms  0.519  0.021% neg 0  invalid 762 tFOTS 0.0000 tGradient 1.8690 tsec 2.2050
#GCMRL#  398 dt  11.200000 rms  0.519  0.020% neg 0  invalid 762 tFOTS 0.0000 tGradient 1.8730 tsec 2.2320
#GCMRL#  399 dt  32.000000 rms  0.519  0.000% neg 0  invalid 762 tFOTS 4.7270 tGradient 1.8300 tsec 6.9400
#GCMRL#  400 dt  32.000000 rms  0.519  0.008% neg 0  invalid 762 tFOTS 0.0000 tGradient 1.8210 tsec 2.1610
#GCMRL#  401 dt  32.000000 rms  0.519  0.007% neg 0  invalid 762 tFOTS 0.0000 tGradient 1.9420 tsec 2.2770
#GCMRL#  402 dt  32.000000 rms  0.519  0.015% neg 0  invalid 762 tFOTS 0.0000 tGradient 1.8320 tsec 2.1690
setting smoothness cost coefficient to 0.400

#GCAMreg# pass 0 level1 2 level2 0 tsec 0 sigma 2
l_jacobian=1.00 l_label=1.00 l_log_likelihood=0.20 l_smoothness=0.40 
tol=5.00e-02, dt=5.00e-02, exp_k=20.0, momentum=0.90, levels=6, niter=500, lbl_dist=10.00, avgs=4, sigma=2.0,type=2, relabel=0, neg=no

blurring input image with Gaussian with sigma=2.000...
GCAMRegisterLevel(): init RMS 0.543871
#GCMRL#  404 dt   0.000000 rms  0.544  0.045% neg 0  invalid 762 tFOTS 4.1490 tGradient 1.6830 tsec 6.1810

#GCAMreg# pass 0 level1 2 level2 1 tsec 21.937 sigma 0.5
l_jacobian=1.00 l_label=1.00 l_log_likelihood=0.20 l_smoothness=0.40 
tol=5.00e-02, dt=5.00e-02, exp_k=20.0, momentum=0.90, levels=6, niter=500, lbl_dist=10.00, avgs=4, sigma=0.5,type=2, relabel=0, neg=no

blurring input image with Gaussian with sigma=0.500...
GCAMRegisterLevel(): init RMS 0.543871
#GCMRL#  406 dt   0.000000 rms  0.544  0.045% neg 0  invalid 762 tFOTS 4.4790 tGradient 1.6830 tsec 6.5170
setting smoothness cost coefficient to 1.000

#GCAMreg# pass 0 level1 1 level2 0 tsec 0 sigma 2
l_jacobian=1.00 l_label=1.00 l_log_likelihood=0.20 l_smoothness=1.00 
tol=5.00e-02, dt=5.00e-02, exp_k=20.0, momentum=0.90, levels=6, niter=500, lbl_dist=10.00, avgs=1, sigma=2.0,type=2, relabel=0, neg=no

blurring input image with Gaussian with sigma=2.000...
GCAMRegisterLevel(): init RMS 0.593585
#FOTS# QuadFit found better minimum quadopt=(dt=1.792,rms=0.587116) vs oldopt=(dt=1.28,rms=0.587621)
#GCMRL#  408 dt   1.792000 rms  0.587  1.090% neg 0  invalid 762 tFOTS 4.4290 tGradient 1.5090 tsec 6.2850
#FOTS# QuadFit found better minimum quadopt=(dt=0.768,rms=0.586619) vs oldopt=(dt=1.28,rms=0.586784)
#GCMRL#  409 dt   0.768000 rms  0.587  0.085% neg 0  invalid 762 tFOTS 4.1910 tGradient 1.4750 tsec 6.0120
#FOTS# QuadFit found better minimum quadopt=(dt=0.256,rms=0.58658) vs oldopt=(dt=0.32,rms=0.586582)
#GCMRL#  410 dt   0.256000 rms  0.587  0.000% neg 0  invalid 762 tFOTS 4.1570 tGradient 1.4590 tsec 5.9950

#GCAMreg# pass 0 level1 1 level2 1 tsec 29.68 sigma 0.5
l_jacobian=1.00 l_label=1.00 l_log_likelihood=0.20 l_smoothness=1.00 
tol=5.00e-02, dt=5.00e-02, exp_k=20.0, momentum=0.90, levels=6, niter=500, lbl_dist=10.00, avgs=1, sigma=0.5,type=2, relabel=0, neg=no

blurring input image with Gaussian with sigma=0.500...
GCAMRegisterLevel(): init RMS 0.586801
#GCMRL#  412 dt   1.280000 rms  0.586  0.204% neg 0  invalid 762 tFOTS 4.4470 tGradient 1.4590 tsec 6.2440
#FOTS# QuadFit found better minimum quadopt=(dt=0.448,rms=0.585475) vs oldopt=(dt=0.32,rms=0.5855)
#GCMRL#  413 dt   0.448000 rms  0.585  0.000% neg 0  invalid 762 tFOTS 4.4390 tGradient 1.4890 tsec 6.3050
#GCMRL#  414 dt   0.448000 rms  0.585  0.010% neg 0  invalid 762 tFOTS 0.0000 tGradient 1.4610 tsec 1.7990
resetting metric properties...
setting smoothness cost coefficient to 2.000

#GCAMreg# pass 0 level1 0 level2 0 tsec 0 sigma 2
l_jacobian=1.00 l_label=1.00 l_log_likelihood=0.20 l_smoothness=2.00 
tol=5.00e-02, dt=5.00e-02, exp_k=20.0, momentum=0.90, levels=6, niter=500, lbl_dist=10.00, avgs=0, sigma=2.0,type=2, relabel=0, neg=no

blurring input image with Gaussian with sigma=2.000...
GCAMRegisterLevel(): init RMS 0.539596
#FOTS# QuadFit found better minimum quadopt=(dt=0.448,rms=0.526018) vs oldopt=(dt=0.32,rms=0.529635)
#GCMRL#  416 dt   0.448000 rms  0.526  2.516% neg 0  invalid 762 tFOTS 4.1720 tGradient 0.9730 tsec 5.4960
#FOTS# QuadFit found better minimum quadopt=(dt=0.384,rms=0.522994) vs oldopt=(dt=0.32,rms=0.523482)
#GCMRL#  417 dt   0.384000 rms  0.523  0.575% neg 0  invalid 762 tFOTS 4.0590 tGradient 0.9080 tsec 5.3190
#FOTS# QuadFit found better minimum quadopt=(dt=0.384,rms=0.520988) vs oldopt=(dt=0.32,rms=0.521316)
#GCMRL#  418 dt   0.384000 rms  0.521  0.384% neg 0  invalid 762 tFOTS 4.1960 tGradient 0.9170 tsec 5.4640
#FOTS# QuadFit found better minimum quadopt=(dt=0.384,rms=0.5197) vs oldopt=(dt=0.32,rms=0.519908)
#GCMRL#  419 dt   0.384000 rms  0.520  0.247% neg 0  invalid 762 tFOTS 4.1560 tGradient 0.9170 tsec 5.4240
#FOTS# QuadFit found better minimum quadopt=(dt=0.384,rms=0.518712) vs oldopt=(dt=0.32,rms=0.518871)
#GCMRL#  420 dt   0.384000 rms  0.519  0.190% neg 0  invalid 762 tFOTS 4.1050 tGradient 0.9140 tsec 5.3620
#FOTS# QuadFit found better minimum quadopt=(dt=0.384,rms=0.518005) vs oldopt=(dt=0.32,rms=0.518115)
#GCMRL#  421 dt   0.384000 rms  0.518  0.136% neg 0  invalid 762 tFOTS 4.1780 tGradient 0.9160 tsec 5.4430
#FOTS# QuadFit found better minimum quadopt=(dt=0.384,rms=0.5174) vs oldopt=(dt=0.32,rms=0.517495)
#GCMRL#  422 dt   0.384000 rms  0.517  0.117% neg 0  invalid 762 tFOTS 4.1220 tGradient 0.9130 tsec 5.3850
#FOTS# QuadFit found better minimum quadopt=(dt=0.384,rms=0.51697) vs oldopt=(dt=0.32,rms=0.517034)
#GCMRL#  423 dt   0.384000 rms  0.517  0.083% neg 0  invalid 762 tFOTS 4.1630 tGradient 0.9750 tsec 5.4770
#FOTS# QuadFit found better minimum quadopt=(dt=0.384,rms=0.516562) vs oldopt=(dt=0.32,rms=0.516623)
#GCMRL#  424 dt   0.384000 rms  0.517  0.079% neg 0  invalid 762 tFOTS 4.1410 tGradient 0.9120 tsec 5.3930
#FOTS# QuadFit found better minimum quadopt=(dt=0.384,rms=0.516277) vs oldopt=(dt=0.32,rms=0.516316)
#GCMRL#  425 dt   0.384000 rms  0.516  0.055% neg 0  invalid 762 tFOTS 4.1330 tGradient 0.9200 tsec 5.4020
#FOTS# QuadFit found better minimum quadopt=(dt=0.384,rms=0.515983) vs oldopt=(dt=0.32,rms=0.516026)
#GCMRL#  426 dt   0.384000 rms  0.516  0.057% neg 0  invalid 762 tFOTS 4.1970 tGradient 0.9160 tsec 5.4620
#FOTS# QuadFit found better minimum quadopt=(dt=0.384,rms=0.51578) vs oldopt=(dt=0.32,rms=0.515805)
#GCMRL#  427 dt   0.384000 rms  0.516  0.000% neg 0  invalid 762 tFOTS 4.1460 tGradient 0.9080 tsec 5.4320
#GCMRL#  428 dt   0.384000 rms  0.516  0.044% neg 0  invalid 762 tFOTS 0.0000 tGradient 0.9770 tsec 1.3220
#GCMRL#  429 dt   0.384000 rms  0.515  0.069% neg 0  invalid 762 tFOTS 0.0000 tGradient 0.9280 tsec 1.2720
#GCMRL#  430 dt   0.384000 rms  0.515  0.024% neg 0  invalid 762 tFOTS 0.0000 tGradient 0.9140 tsec 1.4380
#GCMRL#  431 dt   0.384000 rms  0.515  0.048% neg 0  invalid 762 tFOTS 0.0000 tGradient 0.9060 tsec 1.2460
#GCMRL#  432 dt   0.384000 rms  0.515  0.025% neg 0  invalid 762 tFOTS 0.0000 tGradient 0.9710 tsec 1.4920
#GCMRL#  433 dt   0.384000 rms  0.515  0.030% neg 0  invalid 762 tFOTS 0.0000 tGradient 0.9230 tsec 1.2690
#GCMRL#  434 dt   0.384000 rms  0.514  0.014% neg 0  invalid 762 tFOTS 0.0000 tGradient 0.9280 tsec 1.4470
#GCMRL#  435 dt   0.384000 rms  0.514  0.013% neg 0  invalid 762 tFOTS 0.0000 tGradient 0.9690 tsec 1.5190
#FOTS# QuadFit found better minimum quadopt=(dt=0.112,rms=0.514378) vs oldopt=(dt=0.08,rms=0.514382)
#GCMRL#  436 dt   0.112000 rms  0.514  0.000% neg 0  invalid 762 tFOTS 3.8130 tGradient 0.9610 tsec 5.1510
#GCMRL#  437 dt   0.112000 rms  0.514  0.004% neg 0  invalid 762 tFOTS 0.0000 tGradient 0.9170 tsec 1.2630
#GCMRL#  438 dt   0.112000 rms  0.514  0.012% neg 0  invalid 762 tFOTS 0.0000 tGradient 0.9600 tsec 1.3010
#GCMRL#  439 dt   0.112000 rms  0.514  0.015% neg 0  invalid 762 tFOTS 0.0000 tGradient 0.9880 tsec 1.3390
#GCMRL#  440 dt   0.112000 rms  0.514  0.014% neg 0  invalid 762 tFOTS 0.0000 tGradient 0.9690 tsec 1.3130

#GCAMreg# pass 0 level1 0 level2 1 tsec 97.093 sigma 0.5
l_jacobian=1.00 l_label=1.00 l_log_likelihood=0.20 l_smoothness=2.00 
tol=5.00e-02, dt=5.00e-02, exp_k=20.0, momentum=0.90, levels=6, niter=500, lbl_dist=10.00, avgs=0, sigma=0.5,type=2, relabel=0, neg=no

blurring input image with Gaussian with sigma=0.500...
GCAMRegisterLevel(): init RMS 0.514357
#FOTS# QuadFit found better minimum quadopt=(dt=0.384,rms=0.51131) vs oldopt=(dt=0.32,rms=0.511725)
#GCMRL#  442 dt   0.384000 rms  0.511  0.592% neg 0  invalid 762 tFOTS 4.2230 tGradient 0.9270 tsec 5.4990
#GCMRL#  443 dt   0.320000 rms  0.511  0.153% neg 0  invalid 762 tFOTS 4.1980 tGradient 0.9120 tsec 5.4620
#FOTS# QuadFit found better minimum quadopt=(dt=0.384,rms=0.510081) vs oldopt=(dt=0.32,rms=0.510147)
#GCMRL#  444 dt   0.384000 rms  0.510  0.088% neg 0  invalid 762 tFOTS 4.1830 tGradient 0.9070 tsec 5.4380
#GCMRL#  445 dt   0.320000 rms  0.510  0.000% neg 0  invalid 762 tFOTS 4.2230 tGradient 0.9690 tsec 5.5710
#GCMRL#  446 dt   0.320000 rms  0.510  0.021% neg 0  invalid 762 tFOTS 0.0000 tGradient 0.9800 tsec 1.3230
#GCMRL#  447 dt   0.320000 rms  0.510  0.013% neg 0  invalid 762 tFOTS 0.0000 tGradient 0.9350 tsec 1.4510
#GCMRL#  448 dt   0.320000 rms  0.510  0.019% neg 0  invalid 762 tFOTS 0.0000 tGradient 0.9500 tsec 1.2920
#GCMRL#  449 dt   0.320000 rms  0.510  0.021% neg 0  invalid 762 tFOTS 0.0000 tGradient 0.9100 tsec 1.2550
#GCMRL#  450 dt   0.320000 rms  0.509  0.015% neg 0  invalid 762 tFOTS 0.0000 tGradient 0.9220 tsec 1.2930
#FOTS# QuadFit found better minimum quadopt=(dt=0.192,rms=0.509415) vs oldopt=(dt=0.32,rms=0.50942)
GCAMregister done in 24.224 min
********************* ALLOWING NEGATIVE NODES IN DEFORMATION********************************
noneg post
Starting GCAMregister()
label assignment complete, 0 changed (0.00%)
npasses = 1, nlevels = 6
#pass# 1 of 1 ************************
enabling zero nodes
setting smoothness cost coefficient to 0.008

#GCAMreg# pass 0 level1 5 level2 0 tsec 0 sigma 2
l_jacobian=1.00 l_label=1.00 l_log_likelihood=0.20 l_smoothness=0.01 
tol=2.50e-01, dt=5.00e-02, exp_k=20.0, momentum=0.90, levels=6, niter=500, lbl_dist=10.00, avgs=256, sigma=2.0,type=2, relabel=0, neg=yes

blurring input image with Gaussian with sigma=2.000...
GCAMRegisterLevel(): init RMS 0.507156
#GCMRL#  452 dt   0.000000 rms  0.507  0.055% neg 0  invalid 762 tFOTS 5.0550 tGradient 2.6400 tsec 8.0460

#GCAMreg# pass 0 level1 5 level2 1 tsec 25.674 sigma 0.5
l_jacobian=1.00 l_label=1.00 l_log_likelihood=0.20 l_smoothness=0.01 
tol=2.50e-01, dt=5.00e-02, exp_k=20.0, momentum=0.90, levels=6, niter=500, lbl_dist=10.00, avgs=256, sigma=0.5,type=2, relabel=0, neg=yes

blurring input image with Gaussian with sigma=0.500...
GCAMRegisterLevel(): init RMS 0.507156
#GCMRL#  454 dt   0.000000 rms  0.507  0.055% neg 0  invalid 762 tFOTS 5.0740 tGradient 2.6280 tsec 8.0540
setting smoothness cost coefficient to 0.031

#GCAMreg# pass 0 level1 4 level2 0 tsec 0 sigma 2
l_jacobian=1.00 l_label=1.00 l_log_likelihood=0.20 l_smoothness=0.03 
tol=2.50e-01, dt=5.00e-02, exp_k=20.0, momentum=0.90, levels=6, niter=500, lbl_dist=10.00, avgs=64, sigma=2.0,type=2, relabel=0, neg=yes

blurring input image with Gaussian with sigma=2.000...
GCAMRegisterLevel(): init RMS 0.507185
#FOTS# QuadFit found better minimum quadopt=(dt=18,rms=0.506736) vs oldopt=(dt=25.92,rms=0.50676)
#GCMRL#  456 dt  18.000000 rms  0.507  0.089% neg 0  invalid 762 tFOTS 5.3050 tGradient 2.2020 tsec 7.8600
#FOTS# QuadFit found better minimum quadopt=(dt=9.072,rms=0.506692) vs oldopt=(dt=6.48,rms=0.506701)
#GCMRL#  457 dt   9.072000 rms  0.507  0.000% neg 0  invalid 762 tFOTS 5.4370 tGradient 2.2260 tsec 8.0430
#GCMRL#  458 dt   9.072000 rms  0.507  0.007% neg 0  invalid 762 tFOTS 0.0000 tGradient 2.1690 tsec 2.5070

#GCAMreg# pass 0 level1 4 level2 1 tsec 30.571 sigma 0.5
l_jacobian=1.00 l_label=1.00 l_log_likelihood=0.20 l_smoothness=0.03 
tol=2.50e-01, dt=5.00e-02, exp_k=20.0, momentum=0.90, levels=6, niter=500, lbl_dist=10.00, avgs=64, sigma=0.5,type=2, relabel=0, neg=yes

blurring input image with Gaussian with sigma=0.500...
GCAMRegisterLevel(): init RMS 0.506932
#FOTS# QuadFit found better minimum quadopt=(dt=75.3834,rms=0.505137) vs oldopt=(dt=103.68,rms=0.505342)
#GCMRL#  460 dt  75.383399 rms  0.505  0.354% neg 0  invalid 762 tFOTS 5.4280 tGradient 2.2640 tsec 8.0390
#FOTS# QuadFit found better minimum quadopt=(dt=36.288,rms=0.504122) vs oldopt=(dt=25.92,rms=0.504292)
#GCMRL#  461 dt  36.288000 rms  0.504  0.000% neg 0  invalid 762 tFOTS 5.4190 tGradient 2.2250 tsec 8.0140
#GCMRL#  462 dt  36.288000 rms  0.504  0.080% neg 0  invalid 762 tFOTS 0.0000 tGradient 2.2060 tsec 2.5330
#GCMRL#  463 dt  36.288000 rms  0.503  0.131% neg 0  invalid 762 tFOTS 0.0000 tGradient 2.2100 tsec 2.5380
#GCMRL#  464 dt  36.288000 rms  0.502  0.186% neg 0  invalid 762 tFOTS 0.0000 tGradient 2.1530 tsec 2.4800
#GCMRL#  465 dt  36.288000 rms  0.501  0.155% neg 0  invalid 762 tFOTS 0.0000 tGradient 2.2260 tsec 2.5500
#GCMRL#  466 dt  36.288000 rms  0.501  0.151% neg 0  invalid 762 tFOTS 0.0000 tGradient 2.1810 tsec 2.5090
iter 0, gcam->neg = 2
after 7 iterations, nbhd size=1, neg = 0
#GCMRL#  467 dt  36.288000 rms  0.500  0.100% neg 0  invalid 762 tFOTS 0.0000 tGradient 2.1750 tsec 6.9000
#GCMRL#  468 dt  36.288000 rms  0.500  0.110% neg 0  invalid 762 tFOTS 0.0000 tGradient 1.7950 tsec 2.1260
iter 0, gcam->neg = 1
after 2 iterations, nbhd size=0, neg = 0
#GCMRL#  469 dt  36.288000 rms  0.499  0.100% neg 0  invalid 762 tFOTS 0.0000 tGradient 1.8550 tsec 4.4190
#FOTS# QuadFit found better minimum quadopt=(dt=82.944,rms=0.498855) vs oldopt=(dt=103.68,rms=0.498864)
#GCMRL#  470 dt  82.944000 rms  0.499  0.000% neg 0  invalid 762 tFOTS 4.7310 tGradient 1.7460 tsec 6.8320
setting smoothness cost coefficient to 0.118

#GCAMreg# pass 0 level1 3 level2 0 tsec 0 sigma 2
l_jacobian=1.00 l_label=1.00 l_log_likelihood=0.20 l_smoothness=0.12 
tol=2.50e-01, dt=5.00e-02, exp_k=20.0, momentum=0.90, levels=6, niter=500, lbl_dist=10.00, avgs=16, sigma=2.0,type=2, relabel=0, neg=yes

blurring input image with Gaussian with sigma=2.000...
GCAMRegisterLevel(): init RMS 0.499675
#FOTS# QuadFit found better minimum quadopt=(dt=11.2,rms=0.498318) vs oldopt=(dt=8,rms=0.498497)
#GCMRL#  472 dt  11.200000 rms  0.498  0.272% neg 0  invalid 762 tFOTS 5.4280 tGradient 1.5770 tsec 7.3580
#FOTS# QuadFit found better minimum quadopt=(dt=24.0432,rms=0.497539) vs oldopt=(dt=32,rms=0.497684)
iter 0, gcam->neg = 5
after 3 iterations, nbhd size=0, neg = 0
#GCMRL#  473 dt  24.043243 rms  0.498  0.000% neg 0  invalid 762 tFOTS 5.4250 tGradient 1.5700 tsec 9.8130
iter 0, gcam->neg = 1
after 1 iterations, nbhd size=0, neg = 0
#GCMRL#  474 dt  24.043243 rms  0.497  0.162% neg 0  invalid 762 tFOTS 0.0000 tGradient 1.5540 tsec 3.4640
iter 0, gcam->neg = 4
after 8 iterations, nbhd size=1, neg = 0
#GCMRL#  475 dt  24.043243 rms  0.496  0.129% neg 0  invalid 762 tFOTS 0.0000 tGradient 1.5870 tsec 6.8610
iter 0, gcam->neg = 8
after 3 iterations, nbhd size=0, neg = 0
#GCMRL#  476 dt  24.043243 rms  0.496  0.017% neg 0  invalid 762 tFOTS 0.0000 tGradient 1.6730 tsec 4.4570
iter 0, gcam->neg = 31
after 16 iterations, nbhd size=1, neg = 0
#GCMRL#  477 dt  24.043243 rms  0.496 -0.079% neg 0  invalid 762 tFOTS 0.0000 tGradient 1.5820 tsec 10.9470
#FOTS# QuadFit found better minimum quadopt=(dt=88.1437,rms=0.494135) vs oldopt=(dt=128,rms=0.494573)
iter 0, gcam->neg = 4
after 10 iterations, nbhd size=1, neg = 0
#GCMRL#  478 dt  88.143713 rms  0.494  0.382% neg 0  invalid 762 tFOTS 5.4420 tGradient 1.5730 tsec 13.3120
#FOTS# QuadFit found better minimum quadopt=(dt=11.2,rms=0.493004) vs oldopt=(dt=8,rms=0.493177)
iter 0, gcam->neg = 2
after 2 iterations, nbhd size=0, neg = 0
#GCMRL#  479 dt  11.200000 rms  0.493  0.000% neg 0  invalid 762 tFOTS 5.3930 tGradient 1.6000 tsec 9.2930
iter 0, gcam->neg = 2
after 1 iterations, nbhd size=0, neg = 0

#GCAMreg# pass 0 level1 3 level2 1 tsec 78.66 sigma 0.5
l_jacobian=1.00 l_label=1.00 l_log_likelihood=0.20 l_smoothness=0.12 
tol=2.50e-01, dt=5.00e-02, exp_k=20.0, momentum=0.90, levels=6, niter=500, lbl_dist=10.00, avgs=16, sigma=0.5,type=2, relabel=0, neg=yes

blurring input image with Gaussian with sigma=0.500...
GCAMRegisterLevel(): init RMS 0.493274
#FOTS# QuadFit found better minimum quadopt=(dt=44.8,rms=0.487678) vs oldopt=(dt=32,rms=0.488036)
#GCMRL#  481 dt  44.800000 rms  0.488  1.134% neg 0  invalid 762 tFOTS 5.8560 tGradient 1.6120 tsec 7.8670
#FOTS# QuadFit found better minimum quadopt=(dt=25.6,rms=0.485382) vs oldopt=(dt=32,rms=0.485552)
#GCMRL#  482 dt  25.600000 rms  0.485  0.471% neg 0  invalid 762 tFOTS 6.2440 tGradient 1.6250 tsec 8.2330
#FOTS# QuadFit found better minimum quadopt=(dt=11.2,rms=0.484811) vs oldopt=(dt=8,rms=0.484885)
#GCMRL#  483 dt  11.200000 rms  0.485  0.000% neg 0  invalid 762 tFOTS 5.7930 tGradient 1.7240 tsec 7.9520
#GCMRL#  484 dt  11.200000 rms  0.484  0.084% neg 0  invalid 762 tFOTS 0.0000 tGradient 1.7200 tsec 2.0670
#GCMRL#  485 dt  11.200000 rms  0.484  0.128% neg 0  invalid 762 tFOTS 0.0000 tGradient 1.7260 tsec 2.0680
#GCMRL#  486 dt  11.200000 rms  0.483  0.149% neg 0  invalid 762 tFOTS 0.0000 tGradient 1.6640 tsec 2.0040
#GCMRL#  487 dt  11.200000 rms  0.482  0.150% neg 0  invalid 762 tFOTS 0.0000 tGradient 1.6410 tsec 1.9770
#GCMRL#  488 dt  11.200000 rms  0.482  0.135% neg 0  invalid 762 tFOTS 0.0000 tGradient 1.6270 tsec 1.9600
iter 0, gcam->neg = 1
after 2 iterations, nbhd size=0, neg = 0
#GCMRL#  489 dt  11.200000 rms  0.481  0.126% neg 0  invalid 762 tFOTS 0.0000 tGradient 1.6350 tsec 4.1080
#GCMRL#  490 dt  11.200000 rms  0.480  0.124% neg 0  invalid 762 tFOTS 0.0000 tGradient 1.7010 tsec 2.0460
#GCMRL#  491 dt  11.200000 rms  0.480  0.117% neg 0  invalid 762 tFOTS 0.0000 tGradient 1.6350 tsec 2.0080
#FOTS# QuadFit found better minimum quadopt=(dt=44.8,rms=0.479639) vs oldopt=(dt=32,rms=0.479688)
#GCMRL#  492 dt  44.800000 rms  0.480  0.000% neg 0  invalid 762 tFOTS 5.2260 tGradient 1.6360 tsec 7.2690
#GCMRL#  493 dt  44.800000 rms  0.479  0.048% neg 0  invalid 762 tFOTS 0.0000 tGradient 1.6400 tsec 1.9870
setting smoothness cost coefficient to 0.400

#GCAMreg# pass 0 level1 2 level2 0 tsec 0 sigma 2
l_jacobian=1.00 l_label=1.00 l_log_likelihood=0.20 l_smoothness=0.40 
tol=2.50e-01, dt=5.00e-02, exp_k=20.0, momentum=0.90, levels=6, niter=500, lbl_dist=10.00, avgs=4, sigma=2.0,type=2, relabel=0, neg=yes

blurring input image with Gaussian with sigma=2.000...
GCAMRegisterLevel(): init RMS 0.484943
#FOTS# QuadFit found better minimum quadopt=(dt=1.93939,rms=0.484568) vs oldopt=(dt=2.88,rms=0.48459)
iter 0, gcam->neg = 1
after 0 iterations, nbhd size=0, neg = 0
#GCMRL#  495 dt   1.939394 rms  0.485  0.076% neg 0  invalid 762 tFOTS 5.5570 tGradient 1.5490 tsec 8.5060
#FOTS# QuadFit found better minimum quadopt=(dt=0.864,rms=0.484519) vs oldopt=(dt=0.72,rms=0.48452)
iter 0, gcam->neg = 1
after 0 iterations, nbhd size=0, neg = 0
#GCMRL#  496 dt   0.864000 rms  0.485  0.000% neg 0  invalid 762 tFOTS 5.5630 tGradient 1.5820 tsec 8.6150
#GCMRL#  497 dt   0.864000 rms  0.485  0.002% neg 0  invalid 762 tFOTS 0.0000 tGradient 1.5210 tsec 1.8520

#GCAMreg# pass 0 level1 2 level2 1 tsec 30.521 sigma 0.5
l_jacobian=1.00 l_label=1.00 l_log_likelihood=0.20 l_smoothness=0.40 
tol=2.50e-01, dt=5.00e-02, exp_k=20.0, momentum=0.90, levels=6, niter=500, lbl_dist=10.00, avgs=4, sigma=0.5,type=2, relabel=0, neg=yes

blurring input image with Gaussian with sigma=0.500...
GCAMRegisterLevel(): init RMS 0.484787
#FOTS# QuadFit found better minimum quadopt=(dt=8.63256,rms=0.483585) vs oldopt=(dt=11.52,rms=0.483699)
#GCMRL#  499 dt   8.632558 rms  0.484  0.248% neg 0  invalid 762 tFOTS 5.5640 tGradient 1.6840 tsec 7.6210
#FOTS# QuadFit found better minimum quadopt=(dt=17.1163,rms=0.482101) vs oldopt=(dt=11.52,rms=0.482247)
iter 0, gcam->neg = 4
after 9 iterations, nbhd size=1, neg = 0
#GCMRL#  500 dt  17.116279 rms  0.482  0.291% neg 0  invalid 762 tFOTS 5.5400 tGradient 1.4930 tsec 12.6780
#FOTS# QuadFit found better minimum quadopt=(dt=6.5,rms=0.481752) vs oldopt=(dt=2.88,rms=0.481854)
#GCMRL#  501 dt   6.500000 rms  0.482  0.000% neg 0  invalid 762 tFOTS 5.5150 tGradient 1.5090 tsec 7.4160
#GCMRL#  502 dt   6.500000 rms  0.481  0.177% neg 0  invalid 762 tFOTS 0.0000 tGradient 1.5000 tsec 1.8260
#GCMRL#  503 dt   6.500000 rms  0.480  0.158% neg 0  invalid 762 tFOTS 0.0000 tGradient 1.4920 tsec 1.8240
#GCMRL#  504 dt   6.500000 rms  0.479  0.155% neg 0  invalid 762 tFOTS 0.0000 tGradient 1.4450 tsec 1.7730
iter 0, gcam->neg = 1
after 6 iterations, nbhd size=1, neg = 0
#GCMRL#  505 dt   6.500000 rms  0.479  0.133% neg 0  invalid 762 tFOTS 0.0000 tGradient 1.4740 tsec 5.7110
iter 0, gcam->neg = 1
after 1 iterations, nbhd size=0, neg = 0
#GCMRL#  506 dt   6.500000 rms  0.477  0.265% neg 0  invalid 762 tFOTS 0.0000 tGradient 1.4970 tsec 3.3870
iter 0, gcam->neg = 8
after 10 iterations, nbhd size=1, neg = 0
#GCMRL#  507 dt   6.500000 rms  0.477  0.192% neg 0  invalid 762 tFOTS 0.0000 tGradient 1.4900 tsec 7.4430
iter 0, gcam->neg = 6
after 5 iterations, nbhd size=0, neg = 0
#GCMRL#  508 dt   6.500000 rms  0.476  0.177% neg 0  invalid 762 tFOTS 0.0000 tGradient 1.4690 tsec 5.2750
iter 0, gcam->neg = 11
after 12 iterations, nbhd size=1, neg = 0
#GCMRL#  509 dt   6.500000 rms  0.475  0.126% neg 0  invalid 762 tFOTS 0.0000 tGradient 1.5460 tsec 8.5950
iter 0, gcam->neg = 14
after 4 iterations, nbhd size=0, neg = 0
#GCMRL#  510 dt   6.500000 rms  0.475  0.094% neg 0  invalid 762 tFOTS 0.0000 tGradient 1.4590 tsec 4.7500
iter 0, gcam->neg = 6
after 11 iterations, nbhd size=1, neg = 0
#GCMRL#  511 dt   6.500000 rms  0.474  0.073% neg 0  invalid 762 tFOTS 0.0000 tGradient 1.4830 tsec 8.0870
#FOTS# QuadFit found better minimum quadopt=(dt=6,rms=0.474209) vs oldopt=(dt=2.88,rms=0.47424)
#GCMRL#  512 dt   6.000000 rms  0.474  0.000% neg 0  invalid 762 tFOTS 5.5220 tGradient 1.4720 tsec 7.3890
iter 0, gcam->neg = 1
after 1 iterations, nbhd size=0, neg = 0
#GCMRL#  513 dt   6.000000 rms  0.474  0.009% neg 0  invalid 762 tFOTS 0.0000 tGradient 1.4840 tsec 3.3790
#GCMRL#  514 dt   6.000000 rms  0.474  0.008% neg 0  invalid 762 tFOTS 0.0000 tGradient 1.4980 tsec 1.8320
iter 0, gcam->neg = 1
after 1 iterations, nbhd size=0, neg = 0
setting smoothness cost coefficient to 1.000

#GCAMreg# pass 0 level1 1 level2 0 tsec 0 sigma 2
l_jacobian=1.00 l_label=1.00 l_log_likelihood=0.20 l_smoothness=1.00 
tol=2.50e-01, dt=5.00e-02, exp_k=20.0, momentum=0.90, levels=6, niter=500, lbl_dist=10.00, avgs=1, sigma=2.0,type=2, relabel=0, neg=yes

blurring input image with Gaussian with sigma=2.000...
GCAMRegisterLevel(): init RMS 0.481134
#GCMRL#  516 dt   0.000000 rms  0.481  0.061% neg 0  invalid 762 tFOTS 5.1880 tGradient 1.3740 tsec 6.9260

#GCAMreg# pass 0 level1 1 level2 1 tsec 23.36 sigma 0.5
l_jacobian=1.00 l_label=1.00 l_log_likelihood=0.20 l_smoothness=1.00 
tol=2.50e-01, dt=5.00e-02, exp_k=20.0, momentum=0.90, levels=6, niter=500, lbl_dist=10.00, avgs=1, sigma=0.5,type=2, relabel=0, neg=yes

blurring input image with Gaussian with sigma=0.500...
GCAMRegisterLevel(): init RMS 0.481134
#GCMRL#  518 dt   0.000000 rms  0.481  0.061% neg 0  invalid 762 tFOTS 5.0690 tGradient 1.3550 tsec 6.7760
resetting metric properties...
setting smoothness cost coefficient to 2.000

#GCAMreg# pass 0 level1 0 level2 0 tsec 0 sigma 2
l_jacobian=1.00 l_label=1.00 l_log_likelihood=0.20 l_smoothness=2.00 
tol=2.50e-01, dt=5.00e-02, exp_k=20.0, momentum=0.90, levels=6, niter=500, lbl_dist=10.00, avgs=0, sigma=2.0,type=2, relabel=0, neg=yes

blurring input image with Gaussian with sigma=2.000...
GCAMRegisterLevel(): init RMS 0.469937
#FOTS# QuadFit found better minimum quadopt=(dt=1.61937,rms=0.450017) vs oldopt=(dt=1.28,rms=0.451047)
iter 0, gcam->neg = 708
after 16 iterations, nbhd size=1, neg = 0
#GCMRL#  520 dt   1.619370 rms  0.452  3.821% neg 0  invalid 762 tFOTS 5.3540 tGradient 0.9030 tsec 13.6430
#FOTS# QuadFit found better minimum quadopt=(dt=2.54313e-05,rms=0.451948) vs oldopt=(dt=1.25e-05,rms=0.451948)
#GCMRL#  521 dt   0.000025 rms  0.452  0.000% neg 0  invalid 762 tFOTS 6.7790 tGradient 0.9660 tsec 8.1140

#GCAMreg# pass 0 level1 0 level2 1 tsec 32.618 sigma 0.5
l_jacobian=1.00 l_label=1.00 l_log_likelihood=0.20 l_smoothness=2.00 
tol=2.50e-01, dt=5.00e-02, exp_k=20.0, momentum=0.90, levels=6, niter=500, lbl_dist=10.00, avgs=0, sigma=0.5,type=2, relabel=0, neg=yes

blurring input image with Gaussian with sigma=0.500...
GCAMRegisterLevel(): init RMS 0.452298
#FOTS# QuadFit found better minimum quadopt=(dt=0.064,rms=0.451848) vs oldopt=(dt=0.08,rms=0.451859)
#GCMRL#  523 dt   0.064000 rms  0.452  0.099% neg 0  invalid 762 tFOTS 5.3340 tGradient 0.9460 tsec 6.6350
#FOTS# QuadFit found better minimum quadopt=(dt=0.001,rms=0.451848) vs oldopt=(dt=0.00125,rms=0.451848)
label assignment complete, 0 changed (0.00%)
GCAMregister done in 7.84308 min
Starting GCAMcomputeMaxPriorLabels()
Morphing with label term set to 0 *******************************
Starting GCAMregister()
label assignment complete, 0 changed (0.00%)
npasses = 1, nlevels = 6
#pass# 1 of 1 ************************
enabling zero nodes
setting smoothness cost coefficient to 0.008

#GCAMreg# pass 0 level1 5 level2 0 tsec 0 sigma 2
l_jacobian=1.00 l_log_likelihood=0.20 l_smoothness=0.01 
tol=2.50e-01, dt=5.00e-02, exp_k=20.0, momentum=0.90, levels=6, niter=500, lbl_dist=10.00, avgs=256, sigma=2.0,type=2, relabel=0, neg=yes

blurring input image with Gaussian with sigma=2.000...
GCAMRegisterLevel(): init RMS 0.442403

#GCAMreg# pass 0 level1 5 level2 1 tsec 16.019 sigma 0.5
l_jacobian=1.00 l_log_likelihood=0.20 l_smoothness=0.01 
tol=2.50e-01, dt=5.00e-02, exp_k=20.0, momentum=0.90, levels=6, niter=500, lbl_dist=10.00, avgs=256, sigma=0.5,type=2, relabel=0, neg=yes

blurring input image with Gaussian with sigma=0.500...
GCAMRegisterLevel(): init RMS 0.442403
setting smoothness cost coefficient to 0.031

#GCAMreg# pass 0 level1 4 level2 0 tsec 0 sigma 2
l_jacobian=1.00 l_log_likelihood=0.20 l_smoothness=0.03 
tol=2.50e-01, dt=5.00e-02, exp_k=20.0, momentum=0.90, levels=6, niter=500, lbl_dist=10.00, avgs=64, sigma=2.0,type=2, relabel=0, neg=yes

blurring input image with Gaussian with sigma=2.000...
GCAMRegisterLevel(): init RMS 0.442518

#GCAMreg# pass 0 level1 4 level2 1 tsec 15.884 sigma 0.5
l_jacobian=1.00 l_log_likelihood=0.20 l_smoothness=0.03 
tol=2.50e-01, dt=5.00e-02, exp_k=20.0, momentum=0.90, levels=6, niter=500, lbl_dist=10.00, avgs=64, sigma=0.5,type=2, relabel=0, neg=yes

blurring input image with Gaussian with sigma=0.500...
GCAMRegisterLevel(): init RMS 0.442518
#FOTS# QuadFit found better minimum quadopt=(dt=9.072,rms=0.442506) vs oldopt=(dt=6.48,rms=0.442507)
#GCMRL#  528 dt   9.072000 rms  0.443  0.003% neg 0  invalid 762 tFOTS 5.0620 tGradient 1.2400 tsec 6.6430
#GCMRL#  529 dt   6.480000 rms  0.443  0.000% neg 0  invalid 762 tFOTS 5.0250 tGradient 1.2320 tsec 6.6300
#GCMRL#  530 dt   6.480000 rms  0.443  0.000% neg 0  invalid 762 tFOTS 0.0000 tGradient 1.2490 tsec 1.5640
setting smoothness cost coefficient to 0.118

#GCAMreg# pass 0 level1 3 level2 0 tsec 0 sigma 2
l_jacobian=1.00 l_log_likelihood=0.20 l_smoothness=0.12 
tol=2.50e-01, dt=5.00e-02, exp_k=20.0, momentum=0.90, levels=6, niter=500, lbl_dist=10.00, avgs=16, sigma=2.0,type=2, relabel=0, neg=yes

blurring input image with Gaussian with sigma=2.000...
GCAMRegisterLevel(): init RMS 0.442934
#FOTS# QuadFit found better minimum quadopt=(dt=2.8,rms=0.442839) vs oldopt=(dt=2,rms=0.442858)
#GCMRL#  532 dt   2.800000 rms  0.443  0.021% neg 0  invalid 762 tFOTS 4.9850 tGradient 1.0750 tsec 6.4010
#FOTS# QuadFit found better minimum quadopt=(dt=2.8,rms=0.442807) vs oldopt=(dt=2,rms=0.442809)
#GCMRL#  533 dt   2.800000 rms  0.443  0.000% neg 0  invalid 762 tFOTS 5.1590 tGradient 1.0890 tsec 6.6180

#GCAMreg# pass 0 level1 3 level2 1 tsec 23.971 sigma 0.5
l_jacobian=1.00 l_log_likelihood=0.20 l_smoothness=0.12 
tol=2.50e-01, dt=5.00e-02, exp_k=20.0, momentum=0.90, levels=6, niter=500, lbl_dist=10.00, avgs=16, sigma=0.5,type=2, relabel=0, neg=yes

blurring input image with Gaussian with sigma=0.500...
GCAMRegisterLevel(): init RMS 0.442807
#FOTS# QuadFit found better minimum quadopt=(dt=44.8,rms=0.440815) vs oldopt=(dt=32,rms=0.440964)
iter 0, gcam->neg = 6
after 10 iterations, nbhd size=1, neg = 0
#GCMRL#  535 dt  44.800000 rms  0.441  0.430% neg 0  invalid 762 tFOTS 5.1810 tGradient 1.1010 tsec 12.3120
iter 0, gcam->neg = 2
after 0 iterations, nbhd size=0, neg = 0
#GCMRL#  536 dt  32.000000 rms  0.440  0.000% neg 0  invalid 762 tFOTS 5.0730 tGradient 1.0640 tsec 7.6460
iter 0, gcam->neg = 6
after 9 iterations, nbhd size=1, neg = 0
#GCMRL#  537 dt  32.000000 rms  0.439  0.188% neg 0  invalid 762 tFOTS 0.0000 tGradient 1.4100 tsec 7.1300
iter 0, gcam->neg = 10
after 7 iterations, nbhd size=1, neg = 0
#GCMRL#  538 dt  32.000000 rms  0.438  0.167% neg 0  invalid 762 tFOTS 0.0000 tGradient 1.0770 tsec 5.7910
iter 0, gcam->neg = 13
after 10 iterations, nbhd size=1, neg = 0
#GCMRL#  539 dt  32.000000 rms  0.438  0.147% neg 0  invalid 762 tFOTS 0.0000 tGradient 1.0730 tsec 7.2040
iter 0, gcam->neg = 20
after 6 iterations, nbhd size=0, neg = 0
#GCMRL#  540 dt  32.000000 rms  0.437  0.192% neg 0  invalid 762 tFOTS 0.0000 tGradient 1.0940 tsec 5.4710
iter 0, gcam->neg = 28
after 14 iterations, nbhd size=1, neg = 0
#GCMRL#  541 dt  32.000000 rms  0.437  0.022% neg 0  invalid 762 tFOTS 0.0000 tGradient 1.0890 tsec 8.7480
iter 0, gcam->neg = 25
after 13 iterations, nbhd size=1, neg = 0
#GCMRL#  542 dt  32.000000 rms  0.437  0.039% neg 0  invalid 762 tFOTS 0.0000 tGradient 1.0690 tsec 8.6100
iter 0, gcam->neg = 22
after 10 iterations, nbhd size=1, neg = 0
#GCMRL#  543 dt  32.000000 rms  0.436  0.068% neg 0  invalid 762 tFOTS 0.0000 tGradient 1.0700 tsec 7.0360
iter 0, gcam->neg = 20
after 9 iterations, nbhd size=1, neg = 0
#GCMRL#  544 dt  32.000000 rms  0.436  0.051% neg 0  invalid 762 tFOTS 0.0000 tGradient 1.0760 tsec 6.7620
iter 0, gcam->neg = 7
after 7 iterations, nbhd size=0, neg = 0
#GCMRL#  545 dt  32.000000 rms  0.436  0.059% neg 0  invalid 762 tFOTS 4.9860 tGradient 1.0650 tsec 10.7320
iter 0, gcam->neg = 4
after 5 iterations, nbhd size=0, neg = 0
#GCMRL#  546 dt  32.000000 rms  0.436  0.000% neg 0  invalid 762 tFOTS 4.9190 tGradient 1.0810 tsec 9.7480
iter 0, gcam->neg = 3
after 4 iterations, nbhd size=0, neg = 0
#GCMRL#  547 dt  32.000000 rms  0.436  0.009% neg 0  invalid 762 tFOTS 0.0000 tGradient 1.0870 tsec 4.3710
iter 0, gcam->neg = 2
after 2 iterations, nbhd size=0, neg = 0
#GCMRL#  548 dt  32.000000 rms  0.435  0.064% neg 0  invalid 762 tFOTS 0.0000 tGradient 1.0900 tsec 3.4630
iter 0, gcam->neg = 5
after 1 iterations, nbhd size=0, neg = 0
#GCMRL#  549 dt  32.000000 rms  0.435  0.005% neg 0  invalid 762 tFOTS 0.0000 tGradient 1.0950 tsec 2.9090
iter 0, gcam->neg = 3
after 0 iterations, nbhd size=0, neg = 0
setting smoothness cost coefficient to 0.400

#GCAMreg# pass 0 level1 2 level2 0 tsec 0 sigma 2
l_jacobian=1.00 l_log_likelihood=0.20 l_smoothness=0.40 
tol=2.50e-01, dt=5.00e-02, exp_k=20.0, momentum=0.90, levels=6, niter=500, lbl_dist=10.00, avgs=4, sigma=2.0,type=2, relabel=0, neg=yes

blurring input image with Gaussian with sigma=2.000...
GCAMRegisterLevel(): init RMS 0.43982
#FOTS# QuadFit found better minimum quadopt=(dt=1.008,rms=0.439774) vs oldopt=(dt=0.72,rms=0.439782)
#GCMRL#  551 dt   1.008000 rms  0.440  0.010% neg 0  invalid 762 tFOTS 4.6140 tGradient 0.9790 tsec 5.9300
#FOTS# QuadFit found better minimum quadopt=(dt=0.5,rms=0.439769) vs oldopt=(dt=0.72,rms=0.439771)
#GCMRL#  552 dt   0.500000 rms  0.440  0.000% neg 0  invalid 762 tFOTS 5.2760 tGradient 1.0460 tsec 6.7510
iter 0, gcam->neg = 2
after 0 iterations, nbhd size=0, neg = 0

#GCAMreg# pass 0 level1 2 level2 1 tsec 24.695 sigma 0.5
l_jacobian=1.00 l_log_likelihood=0.20 l_smoothness=0.40 
tol=2.50e-01, dt=5.00e-02, exp_k=20.0, momentum=0.90, levels=6, niter=500, lbl_dist=10.00, avgs=4, sigma=0.5,type=2, relabel=0, neg=yes

blurring input image with Gaussian with sigma=0.500...
GCAMRegisterLevel(): init RMS 0.439769
#FOTS# QuadFit found better minimum quadopt=(dt=11.4783,rms=0.438723) vs oldopt=(dt=11.52,rms=0.438723)
iter 0, gcam->neg = 5
after 1 iterations, nbhd size=0, neg = 0
#GCMRL#  554 dt  11.478261 rms  0.439  0.236% neg 0  invalid 762 tFOTS 4.9320 tGradient 1.0050 tsec 7.8350
#FOTS# QuadFit found better minimum quadopt=(dt=18.5,rms=0.437466) vs oldopt=(dt=11.52,rms=0.437636)
iter 0, gcam->neg = 22
after 11 iterations, nbhd size=1, neg = 0
#GCMRL#  555 dt  18.500000 rms  0.438  0.254% neg 0  invalid 762 tFOTS 5.0070 tGradient 1.0450 tsec 12.7030
#FOTS# QuadFit found better minimum quadopt=(dt=5.09091,rms=0.437357) vs oldopt=(dt=2.88,rms=0.437402)
iter 0, gcam->neg = 3
after 2 iterations, nbhd size=0, neg = 0
#GCMRL#  556 dt   5.090909 rms  0.437  0.000% neg 0  invalid 762 tFOTS 4.8540 tGradient 0.9700 tsec 8.1000
iter 0, gcam->neg = 2
after 8 iterations, nbhd size=1, neg = 0
#GCMRL#  557 dt   5.090909 rms  0.437  0.038% neg 0  invalid 762 tFOTS 0.0000 tGradient 0.9540 tsec 6.1160
iter 0, gcam->neg = 5
after 5 iterations, nbhd size=0, neg = 0
#GCMRL#  558 dt   5.090909 rms  0.437  0.051% neg 0  invalid 762 tFOTS 0.0000 tGradient 0.9860 tsec 4.8130
iter 0, gcam->neg = 18
after 11 iterations, nbhd size=1, neg = 0
#GCMRL#  559 dt   5.090909 rms  0.437  0.015% neg 0  invalid 762 tFOTS 0.0000 tGradient 0.9580 tsec 7.2850
iter 0, gcam->neg = 19
after 13 iterations, nbhd size=1, neg = 0
#GCMRL#  560 dt   5.090909 rms  0.437  0.062% neg 0  invalid 762 tFOTS 0.0000 tGradient 1.0120 tsec 8.6710
iter 0, gcam->neg = 30
after 12 iterations, nbhd size=1, neg = 0
#GCMRL#  561 dt   5.090909 rms  0.436  0.093% neg 0  invalid 762 tFOTS 0.0000 tGradient 0.9890 tsec 8.1200
iter 0, gcam->neg = 25
after 12 iterations, nbhd size=1, neg = 0
#GCMRL#  562 dt   5.090909 rms  0.436  0.082% neg 0  invalid 762 tFOTS 0.0000 tGradient 0.9870 tsec 8.1740
#FOTS# QuadFit found better minimum quadopt=(dt=20.2105,rms=0.435378) vs oldopt=(dt=11.52,rms=0.43548)
iter 0, gcam->neg = 35
after 13 iterations, nbhd size=1, neg = 0
setting smoothness cost coefficient to 1.000

#GCAMreg# pass 0 level1 1 level2 0 tsec 0 sigma 2
l_jacobian=1.00 l_log_likelihood=0.20 l_smoothness=1.00 
tol=2.50e-01, dt=5.00e-02, exp_k=20.0, momentum=0.90, levels=6, niter=500, lbl_dist=10.00, avgs=1, sigma=2.0,type=2, relabel=0, neg=yes

blurring input image with Gaussian with sigma=2.000...
GCAMRegisterLevel(): init RMS 0.440856
#FOTS# QuadFit found better minimum quadopt=(dt=4e-05,rms=0.440856) vs oldopt=(dt=5e-05,rms=0.440856)
#GCMRL#  564 dt   0.000040 rms  0.441  0.000% neg 0  invalid 762 tFOTS 6.3040 tGradient 0.8940 tsec 7.5360

#GCAMreg# pass 0 level1 1 level2 1 tsec 22.991 sigma 0.5
l_jacobian=1.00 l_log_likelihood=0.20 l_smoothness=1.00 
tol=2.50e-01, dt=5.00e-02, exp_k=20.0, momentum=0.90, levels=6, niter=500, lbl_dist=10.00, avgs=1, sigma=0.5,type=2, relabel=0, neg=yes

blurring input image with Gaussian with sigma=0.500...
GCAMRegisterLevel(): init RMS 0.440856
resetting metric properties...
setting smoothness cost coefficient to 2.000

#GCAMreg# pass 0 level1 0 level2 0 tsec 0 sigma 2
l_jacobian=1.00 l_log_likelihood=0.20 l_smoothness=2.00 
tol=2.50e-01, dt=5.00e-02, exp_k=20.0, momentum=0.90, levels=6, niter=500, lbl_dist=10.00, avgs=0, sigma=2.0,type=2, relabel=0, neg=yes

blurring input image with Gaussian with sigma=2.000...
GCAMRegisterLevel(): init RMS 0.431906
#FOTS# QuadFit found better minimum quadopt=(dt=0.892612,rms=0.425696) vs oldopt=(dt=1.28,rms=0.427057)
iter 0, gcam->neg = 357
after 14 iterations, nbhd size=1, neg = 0
#GCMRL#  567 dt   0.892612 rms  0.427  1.109% neg 0  invalid 762 tFOTS 4.9830 tGradient 0.3950 tsec 12.1640
#FOTS# QuadFit found better minimum quadopt=(dt=0.064,rms=0.427065) vs oldopt=(dt=0.08,rms=0.427068)
#GCMRL#  568 dt   0.064000 rms  0.427  0.000% neg 0  invalid 762 tFOTS 4.9980 tGradient 0.4020 tsec 5.7680
#GCMRL#  569 dt   0.064000 rms  0.427  0.004% neg 0  invalid 762 tFOTS 0.0000 tGradient 0.4030 tsec 0.7230

#GCAMreg# pass 0 level1 0 level2 1 tsec 28.897 sigma 0.5
l_jacobian=1.00 l_log_likelihood=0.20 l_smoothness=2.00 
tol=2.50e-01, dt=5.00e-02, exp_k=20.0, momentum=0.90, levels=6, niter=500, lbl_dist=10.00, avgs=0, sigma=0.5,type=2, relabel=0, neg=yes

blurring input image with Gaussian with sigma=0.500...
GCAMRegisterLevel(): init RMS 0.427049
#FOTS# QuadFit found better minimum quadopt=(dt=0.384,rms=0.425783) vs oldopt=(dt=0.32,rms=0.425825)
#GCMRL#  571 dt   0.384000 rms  0.426  0.296% neg 0  invalid 762 tFOTS 5.0020 tGradient 0.3980 tsec 5.7340
#FOTS# QuadFit found better minimum quadopt=(dt=0.448,rms=0.424531) vs oldopt=(dt=0.32,rms=0.424748)
iter 0, gcam->neg = 3
after 1 iterations, nbhd size=0, neg = 0
#GCMRL#  572 dt   0.448000 rms  0.425  0.290% neg 0  invalid 762 tFOTS 5.0500 tGradient 0.3950 tsec 6.9930
#GCMRL#  573 dt   0.320000 rms  0.424  0.000% neg 0  invalid 762 tFOTS 5.0350 tGradient 0.4190 tsec 5.8230
#GCMRL#  574 dt   0.320000 rms  0.424  0.101% neg 0  invalid 762 tFOTS 0.0000 tGradient 0.4130 tsec 0.7420
#GCMRL#  575 dt   0.320000 rms  0.423  0.108% neg 0  invalid 762 tFOTS 0.0000 tGradient 0.4170 tsec 0.7500
iter 0, gcam->neg = 7
after 5 iterations, nbhd size=0, neg = 0
#GCMRL#  576 dt   0.320000 rms  0.423  0.067% neg 0  invalid 762 tFOTS 0.0000 tGradient 0.4170 tsec 3.4950
iter 0, gcam->neg = 15
after 4 iterations, nbhd size=0, neg = 0
#GCMRL#  577 dt   0.320000 rms  0.423  0.027% neg 0  invalid 762 tFOTS 0.0000 tGradient 0.4180 tsec 3.1320
#FOTS# QuadFit found better minimum quadopt=(dt=0.112,rms=0.422766) vs oldopt=(dt=0.08,rms=0.422782)
GCAMregister done in 6.63527 min
writing output transformation to transforms/talairach.m3z...
GCAMwrite
Calls to gcamLogLikelihoodEnergy 4045 tmin = 1.7439
Calls to gcamLabelEnergy         3452 tmin = 1.34853
Calls to gcamJacobianEnergy      4045 tmin = 0.763683
Calls to gcamSmoothnessEnergy    4045 tmin = 5.18118
Calls to gcamLogLikelihoodTerm 579 tmin = 1.05898
Calls to gcamLabelTerm         525 tmin = 5.62098
Calls to gcamJacobianTerm      579 tmin = 1.16032
Calls to gcamSmoothnessTerm    579 tmin = 0.459983
Calls to gcamComputeGradient    579 tmin = 19.6662
Calls to gcamComputeMetricProperties    5926 tmin = 2.1298
mri_ca_register took 0 hours, 50 minutes and 15 seconds.
#VMPC# mri_ca_register VmPeak  3134524
FSRUNTIME@ mri_ca_register  0.8374 hours 16 threads
#--------------------------------------
#@# SubCort Seg Wed Mar 11 22:43:21 CET 2026

 mri_ca_label -relabel_unlikely 9 .3 -prior 0.5 -align norm.mgz transforms/talairach.m3z /opt/freesurfer/average/RB_all_2020-01-02.gca aseg.auto_noCCseg.mgz 

sysname  Linux
hostname dna061
machine  x86_64

setenv SUBJECTS_DIR /out/sourcedata/freesurfer
cd /out/sourcedata/freesurfer/sub-v1s2x0051493_ses-1/mri
mri_ca_label -relabel_unlikely 9 .3 -prior 0.5 -align norm.mgz transforms/talairach.m3z /opt/freesurfer/average/RB_all_2020-01-02.gca aseg.auto_noCCseg.mgz 

relabeling unlikely voxels with window_size = 9 and prior threshold 0.30
using Gibbs prior factor = 0.500
renormalizing sequences with structure alignment, equivalent to:
	-renormalize
	-renormalize_mean 0.500
	-regularize 0.500

== Number of threads available to for OpenMP = 16 == 
reading 1 input volumes
reading classifier array from /opt/freesurfer/average/RB_all_2020-01-02.gca
reading input volume from norm.mgz
average std[0] = 7.2
reading transform from transforms/talairach.m3z
setting orig areas to linear transform determinant scaled 7.11
Atlas used for the 3D morph was /opt/freesurfer/average/RB_all_2020-01-02.gca
average std = 7.2   using min determinant for regularization = 5.2
0 singular and 0 ill-conditioned covariance matrices regularized
labeling volume...
renormalizing by structure alignment....
renormalizing input #0
gca peak = 0.15521 (20)
mri peak = 0.19065 (32)
Left_Lateral_Ventricle (4): linear fit = 1.62 x + 0.0 (317 voxels, overlap=0.037)
Left_Lateral_Ventricle (4): linear fit = 1.50 x + 0.0 (317 voxels, peak = 32), gca=30.0
gca peak = 0.20380 (13)
mri peak = 0.29247 (32)
Right_Lateral_Ventricle (43): linear fit = 2.38 x + 0.0 (482 voxels, overlap=0.029)
Right_Lateral_Ventricle (43): linear fit = 1.50 x + 0.0 (482 voxels, peak = 31), gca=19.5
gca peak = 0.26283 (96)
mri peak = 0.19269 (99)
Right_Pallidum (52): linear fit = 1.05 x + 0.0 (751 voxels, overlap=0.389)
Right_Pallidum (52): linear fit = 1.05 x + 0.0 (751 voxels, peak = 101), gca=101.3
gca peak = 0.15814 (97)
mri peak = 0.18033 (103)
Left_Pallidum (13): linear fit = 1.08 x + 0.0 (667 voxels, overlap=0.211)
Left_Pallidum (13): linear fit = 1.08 x + 0.0 (667 voxels, peak = 104), gca=104.3
gca peak = 0.27624 (56)
mri peak = 0.17640 (80)
Right_Hippocampus (53): linear fit = 1.40 x + 0.0 (1279 voxels, overlap=0.011)
Right_Hippocampus (53): linear fit = 1.40 x + 0.0 (1279 voxels, peak = 79), gca=78.7
gca peak = 0.28723 (59)
mri peak = 0.17214 (79)
Left_Hippocampus (17): linear fit = 1.37 x + 0.0 (899 voxels, overlap=0.015)
Left_Hippocampus (17): linear fit = 1.37 x + 0.0 (899 voxels, peak = 81), gca=80.5
gca peak = 0.07623 (103)
mri peak = 0.13445 (105)
Right_Cerebral_White_Matter (41): linear fit = 1.00 x + 0.0 (64638 voxels, overlap=0.615)
Right_Cerebral_White_Matter (41): linear fit = 1.00 x + 0.0 (64638 voxels, peak = 103), gca=103.0
gca peak = 0.07837 (105)
mri peak = 0.13153 (104)
Left_Cerebral_White_Matter (2): linear fit = 1.00 x + 0.0 (56334 voxels, overlap=0.663)
Left_Cerebral_White_Matter (2): linear fit = 1.00 x + 0.0 (56334 voxels, peak = 104), gca=104.5
gca peak = 0.10165 (58)
mri peak = 0.05555 (84)
Left_Cerebral_Cortex (3): linear fit = 1.42 x + 0.0 (36887 voxels, overlap=0.000)
Left_Cerebral_Cortex (3): linear fit = 1.42 x + 0.0 (36887 voxels, peak = 83), gca=82.6
gca peak = 0.11113 (58)
mri peak = 0.05340 (81)
Right_Cerebral_Cortex (42): linear fit = 1.39 x + 0.0 (34605 voxels, overlap=0.000)
Right_Cerebral_Cortex (42): linear fit = 1.39 x + 0.0 (34605 voxels, peak = 81), gca=80.9
gca peak = 0.27796 (67)
mri peak = 0.17274 (89)
Right_Caudate (50): linear fit = 1.30 x + 0.0 (1071 voxels, overlap=0.015)
Right_Caudate (50): linear fit = 1.30 x + 0.0 (1071 voxels, peak = 87), gca=87.4
gca peak = 0.14473 (69)
mri peak = 0.21884 (89)
Left_Caudate (11): linear fit = 1.25 x + 0.0 (1149 voxels, overlap=0.013)
Left_Caudate (11): linear fit = 1.25 x + 0.0 (1149 voxels, peak = 87), gca=86.6
gca peak = 0.14301 (56)
mri peak = 0.05943 (77)
Left_Cerebellum_Cortex (8): linear fit = 1.38 x + 0.0 (25132 voxels, overlap=0.002)
Left_Cerebellum_Cortex (8): linear fit = 1.38 x + 0.0 (25132 voxels, peak = 77), gca=77.0
gca peak = 0.14610 (55)
mri peak = 0.06735 (78)
Right_Cerebellum_Cortex (47): linear fit = 1.40 x + 0.0 (28043 voxels, overlap=0.002)
Right_Cerebellum_Cortex (47): linear fit = 1.40 x + 0.0 (28043 voxels, peak = 77), gca=77.3
gca peak = 0.16309 (85)
mri peak = 0.10043 (97)
Left_Cerebellum_White_Matter (7): linear fit = 1.13 x + 0.0 (6755 voxels, overlap=0.122)
Left_Cerebellum_White_Matter (7): linear fit = 1.13 x + 0.0 (6755 voxels, peak = 96), gca=96.5
gca peak = 0.15172 (84)
mri peak = 0.18593 (94)
Right_Cerebellum_White_Matter (46): linear fit = 1.12 x + 0.0 (4860 voxels, overlap=0.003)
Right_Cerebellum_White_Matter (46): linear fit = 1.12 x + 0.0 (4860 voxels, peak = 94), gca=93.7
gca peak = 0.30461 (58)
mri peak = 0.18720 (79)
Left_Amygdala (18): linear fit = 1.35 x + 0.0 (422 voxels, overlap=0.041)
Left_Amygdala (18): linear fit = 1.35 x + 0.0 (422 voxels, peak = 78), gca=78.0
gca peak = 0.32293 (57)
mri peak = 0.18784 (80)
Right_Amygdala (54): linear fit = 1.38 x + 0.0 (559 voxels, overlap=0.040)
Right_Amygdala (54): linear fit = 1.38 x + 0.0 (559 voxels, peak = 79), gca=78.9
gca peak = 0.11083 (90)
mri peak = 0.12311 (100)
Left_Thalamus (10): linear fit = 1.12 x + 0.0 (5912 voxels, overlap=0.034)
Left_Thalamus (10): linear fit = 1.12 x + 0.0 (5912 voxels, peak = 101), gca=101.2
gca peak = 0.11393 (83)
mri peak = 0.13585 (95)
Right_Thalamus (49): linear fit = 1.15 x + 0.0 (5344 voxels, overlap=0.099)
Right_Thalamus (49): linear fit = 1.15 x + 0.0 (5344 voxels, peak = 96), gca=95.9
gca peak = 0.08575 (81)
mri peak = 0.12087 (96)
Left_Putamen (12): linear fit = 1.22 x + 0.0 (1571 voxels, overlap=0.012)
Left_Putamen (12): linear fit = 1.22 x + 0.0 (1571 voxels, peak = 98), gca=98.4
gca peak = 0.08618 (78)
mri peak = 0.12356 (93)
Right_Putamen (51): linear fit = 1.16 x + 0.0 (2168 voxels, overlap=0.056)
Right_Putamen (51): linear fit = 1.16 x + 0.0 (2168 voxels, peak = 91), gca=90.9
gca peak = 0.08005 (78)
mri peak = 0.08029 (94)
Brain_Stem (16): linear fit = 1.14 x + 0.0 (11256 voxels, overlap=0.366)
Brain_Stem (16): linear fit = 1.14 x + 0.0 (11256 voxels, peak = 89), gca=89.3
gca peak = 0.12854 (88)
mri peak = 0.15343 (101)
Right_VentralDC (60): linear fit = 1.13 x + 0.0 (1650 voxels, overlap=0.010)
Right_VentralDC (60): linear fit = 1.13 x + 0.0 (1650 voxels, peak = 100), gca=99.9
gca peak = 0.15703 (87)
mri peak = 0.12051 (101)
Left_VentralDC (28): linear fit = 1.15 x + 0.0 (1563 voxels, overlap=0.009)
Left_VentralDC (28): linear fit = 1.15 x + 0.0 (1563 voxels, peak = 100), gca=100.5
gca peak = 0.17522 (25)
mri peak = 1.00000 (46)
gca peak = 0.17113 (14)
mri peak = 0.25736 (31)
Fourth_Ventricle (15): linear fit = 2.01 x + 0.0 (113 voxels, overlap=0.073)
Fourth_Ventricle (15): linear fit = 2.01 x + 0.0 (113 voxels, peak = 28), gca=28.1
gca peak Unknown = 0.94777 ( 0)
gca peak Left_Inf_Lat_Vent = 0.16627 (28)
gca peak Third_Ventricle = 0.17522 (25)
gca peak Fourth_Ventricle = 0.17113 (14)
gca peak CSF = 0.20346 (36)
gca peak Left_Accumbens_area = 0.70646 (62)
gca peak Left_undetermined = 1.00000 (28)
gca peak Left_vessel = 0.89917 (53)
gca peak Left_choroid_plexus = 0.11689 (35)
gca peak Right_Inf_Lat_Vent = 0.25504 (23)
gca peak Right_Accumbens_area = 0.31650 (65)
gca peak Right_vessel = 0.77268 (52)
gca peak Right_choroid_plexus = 0.13275 (38)
gca peak Fifth_Ventricle = 0.60973 (33)
gca peak WM_hypointensities = 0.11013 (77)
gca peak non_WM_hypointensities = 0.11354 (41)
gca peak Optic_Chiasm = 0.51646 (76)
not using caudate to estimate GM means
estimating mean gm scale to be 1.39 x + 0.0
estimating mean wm scale to be 1.00 x + 0.0
estimating mean csf scale to be 1.50 x + 0.0
Left_Putamen too bright - rescaling by 0.949 (from 1.215) to 93.4 (was 98.4)
Left_Pallidum too bright - rescaling by 0.965 (from 1.075) to 100.6 (was 104.3)
Right_Pallidum too bright - rescaling by 0.994 (from 1.055) to 100.6 (was 101.3)
saving intensity scales to aseg.auto_noCCseg.label_intensities.txt
renormalizing by structure alignment....
renormalizing input #0
gca peak = 0.14064 (28)
mri peak = 0.19065 (32)
Left_Lateral_Ventricle (4): linear fit = 1.12 x + 0.0 (317 voxels, overlap=0.492)
Left_Lateral_Ventricle (4): linear fit = 1.12 x + 0.0 (317 voxels, peak = 32), gca=31.5
gca peak = 0.16931 (19)
mri peak = 0.29247 (32)
Right_Lateral_Ventricle (43): linear fit = 1.62 x + 0.0 (482 voxels, overlap=0.180)
Right_Lateral_Ventricle (43): linear fit = 1.50 x + 0.0 (482 voxels, peak = 31), gca=28.5
gca peak = 0.20783 (99)
mri peak = 0.19269 (99)
Right_Pallidum (52): linear fit = 1.00 x + 0.0 (751 voxels, overlap=0.993)
Right_Pallidum (52): linear fit = 1.00 x + 0.0 (751 voxels, peak = 99), gca=99.0
gca peak = 0.18230 (98)
mri peak = 0.18033 (103)
Left_Pallidum (13): linear fit = 1.04 x + 0.0 (667 voxels, overlap=0.675)
Left_Pallidum (13): linear fit = 1.04 x + 0.0 (667 voxels, peak = 102), gca=102.4
gca peak = 0.22101 (78)
mri peak = 0.17640 (80)
Right_Hippocampus (53): linear fit = 1.01 x + 0.0 (1279 voxels, overlap=0.781)
Right_Hippocampus (53): linear fit = 1.01 x + 0.0 (1279 voxels, peak = 79), gca=79.2
gca peak = 0.28122 (77)
mri peak = 0.17214 (79)
Left_Hippocampus (17): linear fit = 1.00 x + 0.0 (899 voxels, overlap=1.001)
Left_Hippocampus (17): linear fit = 1.00 x + 0.0 (899 voxels, peak = 77), gca=77.0
gca peak = 0.07647 (103)
mri peak = 0.13445 (105)
Right_Cerebral_White_Matter (41): linear fit = 1.00 x + 0.0 (64638 voxels, overlap=0.615)
Right_Cerebral_White_Matter (41): linear fit = 1.00 x + 0.0 (64638 voxels, peak = 103), gca=103.0
gca peak = 0.08126 (104)
mri peak = 0.13153 (104)
Left_Cerebral_White_Matter (2): linear fit = 1.00 x + 0.0 (56334 voxels, overlap=0.645)
Left_Cerebral_White_Matter (2): linear fit = 1.00 x + 0.0 (56334 voxels, peak = 104), gca=104.0
gca peak = 0.07087 (83)
mri peak = 0.05555 (84)
Left_Cerebral_Cortex (3): linear fit = 1.00 x + 0.0 (36887 voxels, overlap=0.949)
Left_Cerebral_Cortex (3): linear fit = 1.00 x + 0.0 (36887 voxels, peak = 83), gca=83.0
gca peak = 0.08235 (81)
mri peak = 0.05340 (81)
Right_Cerebral_Cortex (42): linear fit = 0.99 x + 0.0 (34605 voxels, overlap=0.939)
Right_Cerebral_Cortex (42): linear fit = 0.99 x + 0.0 (34605 voxels, peak = 80), gca=79.8
gca peak = 0.19868 (87)
mri peak = 0.17274 (89)
Right_Caudate (50): linear fit = 1.00 x + 0.0 (1071 voxels, overlap=0.995)
Right_Caudate (50): linear fit = 1.00 x + 0.0 (1071 voxels, peak = 87), gca=87.0
gca peak = 0.12776 (86)
mri peak = 0.21884 (89)
Left_Caudate (11): linear fit = 0.93 x + 0.0 (1149 voxels, overlap=0.468)
Left_Caudate (11): linear fit = 0.93 x + 0.0 (1149 voxels, peak = 80), gca=79.6
gca peak = 0.10060 (77)
mri peak = 0.05943 (77)
Left_Cerebellum_Cortex (8): linear fit = 1.01 x + 0.0 (25132 voxels, overlap=0.982)
Left_Cerebellum_Cortex (8): linear fit = 1.01 x + 0.0 (25132 voxels, peak = 78), gca=78.2
gca peak = 0.10929 (78)
mri peak = 0.06735 (78)
Right_Cerebellum_Cortex (47): linear fit = 1.00 x + 0.0 (28043 voxels, overlap=0.974)
Right_Cerebellum_Cortex (47): linear fit = 1.00 x + 0.0 (28043 voxels, peak = 78), gca=78.0
gca peak = 0.15417 (96)
mri peak = 0.10043 (97)
Left_Cerebellum_White_Matter (7): linear fit = 1.00 x + 0.0 (6755 voxels, overlap=0.969)
Left_Cerebellum_White_Matter (7): linear fit = 1.00 x + 0.0 (6755 voxels, peak = 96), gca=95.5
gca peak = 0.15053 (94)
mri peak = 0.18593 (94)
Right_Cerebellum_White_Matter (46): linear fit = 1.00 x + 0.0 (4860 voxels, overlap=0.872)
Right_Cerebellum_White_Matter (46): linear fit = 1.00 x + 0.0 (4860 voxels, peak = 94), gca=93.5
gca peak = 0.29823 (78)
mri peak = 0.18720 (79)
Left_Amygdala (18): linear fit = 1.02 x + 0.0 (422 voxels, overlap=0.979)
Left_Amygdala (18): linear fit = 1.02 x + 0.0 (422 voxels, peak = 80), gca=79.9
gca peak = 0.23939 (79)
mri peak = 0.18784 (80)
Right_Amygdala (54): linear fit = 0.99 x + 0.0 (559 voxels, overlap=1.000)
Right_Amygdala (54): linear fit = 0.99 x + 0.0 (559 voxels, peak = 78), gca=77.8
gca peak = 0.10285 (99)
mri peak = 0.12311 (100)
Left_Thalamus (10): linear fit = 1.00 x + 0.0 (5912 voxels, overlap=0.804)
Left_Thalamus (10): linear fit = 1.00 x + 0.0 (5912 voxels, peak = 99), gca=99.0
gca peak = 0.09517 (93)
mri peak = 0.13585 (95)
Right_Thalamus (49): linear fit = 0.99 x + 0.0 (5344 voxels, overlap=0.802)
Right_Thalamus (49): linear fit = 0.99 x + 0.0 (5344 voxels, peak = 92), gca=91.6
gca peak = 0.07894 (92)
mri peak = 0.12087 (96)
Left_Putamen (12): linear fit = 1.04 x + 0.0 (1571 voxels, overlap=0.579)
Left_Putamen (12): linear fit = 1.04 x + 0.0 (1571 voxels, peak = 96), gca=96.1
gca peak = 0.07940 (90)
mri peak = 0.12356 (93)
Right_Putamen (51): linear fit = 1.01 x + 0.0 (2168 voxels, overlap=0.806)
Right_Putamen (51): linear fit = 1.01 x + 0.0 (2168 voxels, peak = 91), gca=91.3
gca peak = 0.08352 (90)
mri peak = 0.08029 (94)
Brain_Stem (16): linear fit = 1.01 x + 0.0 (11256 voxels, overlap=0.868)
Brain_Stem (16): linear fit = 1.01 x + 0.0 (11256 voxels, peak = 91), gca=91.3
gca peak = 0.11562 (100)
mri peak = 0.15343 (101)
Right_VentralDC (60): linear fit = 1.00 x + 0.0 (1650 voxels, overlap=0.703)
Right_VentralDC (60): linear fit = 1.00 x + 0.0 (1650 voxels, peak = 100), gca=100.0
gca peak = 0.13825 (99)
mri peak = 0.12051 (101)
Left_VentralDC (28): linear fit = 1.01 x + 0.0 (1563 voxels, overlap=0.807)
Left_VentralDC (28): linear fit = 1.01 x + 0.0 (1563 voxels, peak = 100), gca=100.5
gca peak = 0.17159 (38)
mri peak = 1.00000 (46)
gca peak = 0.15149 (22)
mri peak = 0.25736 (31)
Fourth_Ventricle (15): linear fit = 1.35 x + 0.0 (113 voxels, overlap=0.141)
Fourth_Ventricle (15): linear fit = 1.35 x + 0.0 (113 voxels, peak = 30), gca=29.6
gca peak Unknown = 0.94777 ( 0)
gca peak Left_Inf_Lat_Vent = 0.14074 (38)
gca peak Third_Ventricle = 0.17159 (38)
gca peak CSF = 0.13119 (54)
gca peak Left_Accumbens_area = 0.58059 (78)
gca peak Left_undetermined = 0.98480 (34)
gca peak Left_vessel = 0.63642 (53)
gca peak Left_choroid_plexus = 0.11039 (35)
gca peak Right_Inf_Lat_Vent = 0.16561 (32)
gca peak Right_Accumbens_area = 0.34766 (84)
gca peak Right_vessel = 0.77268 (52)
gca peak Right_choroid_plexus = 0.13879 (38)
gca peak Fifth_Ventricle = 0.59466 (47)
gca peak WM_hypointensities = 0.10469 (76)
gca peak non_WM_hypointensities = 0.10416 (41)
gca peak Optic_Chiasm = 0.51638 (76)
not using caudate to estimate GM means
estimating mean gm scale to be 1.00 x + 0.0
estimating mean wm scale to be 1.00 x + 0.0
estimating mean csf scale to be 1.32 x + 0.0
Left_Putamen too bright - rescaling by 0.969 (from 1.045) to 93.2 (was 96.1)
Left_Pallidum too bright - rescaling by 0.980 (from 1.045) to 100.4 (was 102.4)
saving intensity scales to aseg.auto_noCCseg.label_intensities.txt
saving sequentially combined intensity scales to aseg.auto_noCCseg.label_intensities.txt
58365 voxels changed in iteration 0 of unlikely voxel relabeling
175 voxels changed in iteration 1 of unlikely voxel relabeling
5 voxels changed in iteration 2 of unlikely voxel relabeling
0 voxels changed in iteration 3 of unlikely voxel relabeling
112452 gm and wm labels changed (%30 to gray, %70 to white out of all changed labels)
490 hippocampal voxels changed.
0 amygdala voxels changed.
Reclassifying using Gibbs Priors
pass 1: 74479 changed. image ll: -2.101, PF=0.500
pass 2: 21299 changed. image ll: -2.099, PF=0.500
pass 3: 7112 changed.
pass 4: 2761 changed.
81981 voxels changed in iteration 0 of unlikely voxel relabeling
230 voxels changed in iteration 1 of unlikely voxel relabeling
12 voxels changed in iteration 2 of unlikely voxel relabeling
0 voxels changed in iteration 3 of unlikely voxel relabeling
6135 voxels changed in iteration 0 of unlikely voxel relabeling
98 voxels changed in iteration 1 of unlikely voxel relabeling
0 voxels changed in iteration 2 of unlikely voxel relabeling
5557 voxels changed in iteration 0 of unlikely voxel relabeling
114 voxels changed in iteration 1 of unlikely voxel relabeling
13 voxels changed in iteration 2 of unlikely voxel relabeling
5 voxels changed in iteration 3 of unlikely voxel relabeling
0 voxels changed in iteration 4 of unlikely voxel relabeling
6014 voxels changed in iteration 0 of unlikely voxel relabeling
56 voxels changed in iteration 1 of unlikely voxel relabeling
6 voxels changed in iteration 2 of unlikely voxel relabeling
1 voxels changed in iteration 3 of unlikely voxel relabeling
0 voxels changed in iteration 4 of unlikely voxel relabeling
 !!!!!!!!! ventricle segment 0 with volume 4092 above threshold 100 - not erasing !!!!!!!!!!
 !!!!!!!!! ventricle segment 2 with volume 4358 above threshold 100 - not erasing !!!!!!!!!!
 !!!!!!!!! ventricle segment 0 with volume 412 above threshold 100 - not erasing !!!!!!!!!!
writing labeled volume to aseg.auto_noCCseg.mgz
mri_ca_label utimesec    2607.632595
mri_ca_label stimesec    3.836596
mri_ca_label ru_maxrss   2112236
mri_ca_label ru_ixrss    0
mri_ca_label ru_idrss    0
mri_ca_label ru_isrss    0
mri_ca_label ru_minflt   5182765
mri_ca_label ru_majflt   15
mri_ca_label ru_nswap    0
mri_ca_label ru_inblock  1142
mri_ca_label ru_oublock  648
mri_ca_label ru_msgsnd   0
mri_ca_label ru_msgrcv   0
mri_ca_label ru_nsignals 0
mri_ca_label ru_nvcsw    1852
mri_ca_label ru_nivcsw   5453
auto-labeling took 42 minutes and 25 seconds.
#--------------------------------------
#@# CC Seg Wed Mar 11 23:25:46 CET 2026

 mri_cc -aseg aseg.auto_noCCseg.mgz -o aseg.auto.mgz -lta /out/sourcedata/freesurfer/sub-v1s2x0051493_ses-1/mri/transforms/cc_up.lta sub-v1s2x0051493_ses-1 

will read input aseg from aseg.auto_noCCseg.mgz
writing aseg with cc labels to aseg.auto.mgz
will write lta as /out/sourcedata/freesurfer/sub-v1s2x0051493_ses-1/mri/transforms/cc_up.lta
reading aseg from /out/sourcedata/freesurfer/sub-v1s2x0051493_ses-1/mri/aseg.auto_noCCseg.mgz
reading norm from /out/sourcedata/freesurfer/sub-v1s2x0051493_ses-1/mri/norm.mgz
90601 voxels in left wm, 172475 in right wm, xrange [111, 136]
searching rotation angles z=[-15 -1], y=[-12  2]
searching scale 1 Z rot -14.7  searching scale 1 Z rot -14.5  searching scale 1 Z rot -14.2  searching scale 1 Z rot -14.0  searching scale 1 Z rot -13.7  searching scale 1 Z rot -13.5  searching scale 1 Z rot -13.2  searching scale 1 Z rot -13.0  searching scale 1 Z rot -12.7  searching scale 1 Z rot -12.5  searching scale 1 Z rot -12.2  searching scale 1 Z rot -12.0  searching scale 1 Z rot -11.7  searching scale 1 Z rot -11.5  searching scale 1 Z rot -11.2  searching scale 1 Z rot -11.0  searching scale 1 Z rot -10.7  searching scale 1 Z rot -10.5  searching scale 1 Z rot -10.2  searching scale 1 Z rot -10.0  searching scale 1 Z rot -9.7  searching scale 1 Z rot -9.5  searching scale 1 Z rot -9.2  searching scale 1 Z rot -9.0  searching scale 1 Z rot -8.7  searching scale 1 Z rot -8.5  searching scale 1 Z rot -8.2  searching scale 1 Z rot -8.0  searching scale 1 Z rot -7.7  searching scale 1 Z rot -7.5  searching scale 1 Z rot -7.2  searching scale 1 Z rot -7.0  searching scale 1 Z rot -6.7  searching scale 1 Z rot -6.5  searching scale 1 Z rot -6.2  searching scale 1 Z rot -6.0  searching scale 1 Z rot -5.7  searching scale 1 Z rot -5.5  searching scale 1 Z rot -5.2  searching scale 1 Z rot -5.0  searching scale 1 Z rot -4.7  searching scale 1 Z rot -4.5  searching scale 1 Z rot -4.2  searching scale 1 Z rot -4.0  searching scale 1 Z rot -3.7  searching scale 1 Z rot -3.5  searching scale 1 Z rot -3.2  searching scale 1 Z rot -3.0  searching scale 1 Z rot -2.7  searching scale 1 Z rot -2.5  searching scale 1 Z rot -2.2  searching scale 1 Z rot -2.0  searching scale 1 Z rot -1.7  searching scale 1 Z rot -1.5  searching scale 1 Z rot -1.2  searching scale 1 Z rot -1.0  searching scale 1 Z rot -0.7  global minimum found at slice 127.0, rotations (-4.28, -7.49)
final transformation (x=127.0, yr=-4.279, zr=-7.486):
 0.98871   0.13028  -0.07397  -0.45844;
-0.12992   0.99148   0.00972   69.23528;
 0.07461   0.00000   0.99721   25.78388;
 0.00000   0.00000   0.00000   1.00000;
updating x range to be [125, 131] in xformed coordinates
best xformed slice 128
min_x_fornix = 133
min_x_fornix = 140
min_x_fornix = 148
min_x_fornix = 148
min_x_fornix = 151
cc center is found at 128 75 93
eigenvectors:
-0.00033  -0.00412   0.99999;
-0.12291  -0.99241  -0.00413;
 0.99242  -0.12291  -0.00018;
writing aseg with callosum to /out/sourcedata/freesurfer/sub-v1s2x0051493_ses-1/mri/aseg.auto.mgz...
corpus callosum segmentation took 1.2 minutes
#VMPC# mri_cc VmPeak  559884
mri_cc done
#--------------------------------------
#@# Merge ASeg Wed Mar 11 23:26:56 CET 2026

 cp aseg.auto.mgz aseg.presurf.mgz 

#--------------------------------------------
#@# Intensity Normalization2 Wed Mar 11 23:26:56 CET 2026
/out/sourcedata/freesurfer/sub-v1s2x0051493_ses-1/mri

 mri_normalize -seed 1234 -mprage -aseg aseg.presurf.mgz -mask brainmask.mgz norm.mgz brain.mgz 

setting seed for random number genererator to 1234
assuming input volume is MGH (Van der Kouwe) MP-RAGE
using segmentation for initial intensity normalization
using MR volume brainmask.mgz to mask input volume...
reading mri_src from norm.mgz...
Reading aseg aseg.presurf.mgz
normalizing image...
NOT doing gentle normalization with control points/label
processing with aseg
removing outliers in the aseg WM...
985 control points removed
Building bias image
building Voronoi diagram...
performing soap bubble smoothing, sigma = 0...
Smoothing with sigma 8
Applying bias correction
building Voronoi diagram...
performing soap bubble smoothing, sigma = 8...

Iterating 2 times
---------------------------------
3d normalization pass 1 of 2
white matter peak found at 110
white matter peak found at 110
gm peak at 88 (88), valley at 60 (60)
csf peak at 11, setting threshold to 62
building Voronoi diagram...
performing soap bubble smoothing, sigma = 8...
---------------------------------
3d normalization pass 2 of 2
white matter peak found at 110
white matter peak found at 110
gm peak at 88 (88), valley at 54 (54)
csf peak at 10, setting threshold to 62
building Voronoi diagram...
performing soap bubble smoothing, sigma = 8...
Done iterating ---------------------------------
writing output to brain.mgz
3D bias adjustment took 2 minutes and 19 seconds.
#--------------------------------------------
#@# Mask BFS Wed Mar 11 23:29:16 CET 2026
/out/sourcedata/freesurfer/sub-v1s2x0051493_ses-1/mri

 mri_mask -T 5 brain.mgz brainmask.mgz brain.finalsurfs.mgz 

threshold mask volume at 5
DoAbs = 0
Found 1530480 voxels in mask (pct=  9.12)
Writing masked volume to brain.finalsurfs.mgz...done.
#--------------------------------------------
#@# WM Segmentation Wed Mar 11 23:29:17 CET 2026

 AntsDenoiseImageFs -i brain.mgz -o antsdn.brain.mgz 


 mri_segment -wsizemm 13 -mprage antsdn.brain.mgz wm.seg.mgz 

wsizemm = 13, voxres = 1, wsize = 13
Widening wm low from 89 to 79
assuming input volume is MGH (Van der Kouwe) MP-RAGE
wm mean:  110
wsize:    13
wm low:   79
wm hi:    125
gray low: 30
gray hi:  99
Doing initial trinary intensity segmentation 
Using local statistics to label ambiguous voxels
Autodetecting stats
Computing class statistics for intensity windows...
CCS WM (103.0): 103.3 +- 4.7 [79.0 --> 125.0]
CCS GM (84.0) : 79.8 +- 12.4 [30.0 --> 95.0]
 white_mean 103.314
 white_sigma 4.65464
 gray_mean 79.807
 gray_sigma 12.4127
setting bottom of white matter range wm_low to 92.2
setting top of gray matter range gray_hi to 102.3
 wm_low 92.2198
 wm_hi  125
 gray_low 30
 gray_hi  102.314
Redoing initial intensity segmentation...
Recomputing local statistics to label ambiguous voxels...
 wm_low 92.2198
 wm_hi  125
 gray_low 30
 gray_hi  102.314
using local geometry to label remaining ambiguous voxels...
polvwsize = 5, polvlen = 3, gray_hi = 102.314, wm_low = 92.2198
MRIcpolvMedianCurveSegment(): wsize=5, len=3, gmhi=102.314, wmlow=92.2198
    214743 voxels processed (1.28%)
    107619 voxels white (0.64%)
    107124 voxels non-white (0.64%)

Reclassifying voxels using Gaussian border classifier niter=1
MRIreclassify(): wm_low=87.2198, gray_hi=102.314, wsize=13
    408777 voxels tested (2.44%)
     67989 voxels changed (0.41%)
     57950 multi-scale searches  (0.35%)
Recovering bright white
MRIrecoverBrightWhite()
 wm_low 92.2198
 wm_hi 125
 slack 4.65464
 pct_thresh 0.33
 intensity_thresh 129.655
 nvox_thresh 8.58
       69 voxels tested (0.00%)
       39 voxels changed (0.00%)

removing voxels with positive offset direction...
MRIremoveWrongDirection() wsize=3, lowthr=87.2198, hithr=102.314
  smoothing input volume with sigma = 0.250
   170299 voxels tested (1.02%)
    21579 voxels changed (0.13%)
thicken = 1
removing 1-dimensional structures...
MRIremove1dStructures(): max_iter=10000, thresh=2, WM_MIN_VAL=5
 1459 sparsely connected voxels removed in 1 iterations
thickening thin strands....
thickness 4
nsegments 20
wm_hi 125
1837 diagonally connected voxels added...
MRIthickenThinWMStrands(): thickness=4, nsegments=20
  20 segments, 1370 filled
MRIfindBrightNonWM(): 303 bright non-wm voxels segmented.
MRIfilterMorphology() WM_MIN_VAL=5, DIAGONAL_FILL=230
white matter segmentation took 1.2 minutes
writing output to wm.seg.mgz...

 mri_edit_wm_with_aseg -keep-in wm.seg.mgz brain.mgz aseg.presurf.mgz wm.asegedit.mgz 

preserving editing changes in input volume...
auto filling took 0.41 minutes
reading wm segmentation from wm.seg.mgz...
0 voxels added to wm to prevent paths from MTL structures to cortex
3367 additional wm voxels added
0 additional wm voxels added
SEG EDIT: 28940 voxels turned on, 84326 voxels turned off.
propagating editing to output volume from wm.seg.mgz
writing edited volume to wm.asegedit.mgz....

 mri_pretess wm.asegedit.mgz wm norm.mgz wm.mgz 


Iteration Number : 1
pass   1 (xy+):  20 found -  20 modified     |    TOTAL:  20
pass   2 (xy+):   0 found -  20 modified     |    TOTAL:  20
pass   1 (xy-):   8 found -   8 modified     |    TOTAL:  28
pass   2 (xy-):   0 found -   8 modified     |    TOTAL:  28
pass   1 (yz+):  25 found -  25 modified     |    TOTAL:  53
pass   2 (yz+):   0 found -  25 modified     |    TOTAL:  53
pass   1 (yz-):  24 found -  24 modified     |    TOTAL:  77
pass   2 (yz-):   0 found -  24 modified     |    TOTAL:  77
pass   1 (xz+):  15 found -  15 modified     |    TOTAL:  92
pass   2 (xz+):   0 found -  15 modified     |    TOTAL:  92
pass   1 (xz-):  25 found -  25 modified     |    TOTAL: 117
pass   2 (xz-):   0 found -  25 modified     |    TOTAL: 117
Iteration Number : 1
pass   1 (+++):   2 found -   2 modified     |    TOTAL:   2
pass   2 (+++):   0 found -   2 modified     |    TOTAL:   2
pass   1 (+++):   8 found -   8 modified     |    TOTAL:  10
pass   2 (+++):   0 found -   8 modified     |    TOTAL:  10
pass   1 (+++):   9 found -   9 modified     |    TOTAL:  19
pass   2 (+++):   0 found -   9 modified     |    TOTAL:  19
pass   1 (+++):  14 found -  14 modified     |    TOTAL:  33
pass   2 (+++):   0 found -  14 modified     |    TOTAL:  33
Iteration Number : 1
pass   1 (++):  41 found -  41 modified     |    TOTAL:  41
pass   2 (++):   0 found -  41 modified     |    TOTAL:  41
pass   1 (+-):  18 found -  18 modified     |    TOTAL:  59
pass   2 (+-):   0 found -  18 modified     |    TOTAL:  59
pass   1 (--):  48 found -  48 modified     |    TOTAL: 107
pass   2 (--):   0 found -  48 modified     |    TOTAL: 107
pass   1 (-+):  37 found -  37 modified     |    TOTAL: 144
pass   2 (-+):   0 found -  37 modified     |    TOTAL: 144
Iteration Number : 2
pass   1 (xy+):   1 found -   1 modified     |    TOTAL:   1
pass   2 (xy+):   0 found -   1 modified     |    TOTAL:   1
pass   1 (xy-):   4 found -   4 modified     |    TOTAL:   5
pass   2 (xy-):   0 found -   4 modified     |    TOTAL:   5
pass   1 (yz+):   2 found -   2 modified     |    TOTAL:   7
pass   2 (yz+):   0 found -   2 modified     |    TOTAL:   7
pass   1 (yz-):   3 found -   3 modified     |    TOTAL:  10
pass   2 (yz-):   0 found -   3 modified     |    TOTAL:  10
pass   1 (xz+):   2 found -   2 modified     |    TOTAL:  12
pass   2 (xz+):   0 found -   2 modified     |    TOTAL:  12
pass   1 (xz-):   2 found -   2 modified     |    TOTAL:  14
pass   2 (xz-):   0 found -   2 modified     |    TOTAL:  14
Iteration Number : 2
pass   1 (+++):   0 found -   0 modified     |    TOTAL:   0
pass   1 (+++):   4 found -   4 modified     |    TOTAL:   4
pass   2 (+++):   0 found -   4 modified     |    TOTAL:   4
pass   1 (+++):   0 found -   0 modified     |    TOTAL:   4
pass   1 (+++):   0 found -   0 modified     |    TOTAL:   4
Iteration Number : 2
pass   1 (++):   0 found -   0 modified     |    TOTAL:   0
pass   1 (+-):   0 found -   0 modified     |    TOTAL:   0
pass   1 (--):   0 found -   0 modified     |    TOTAL:   0
pass   1 (-+):   0 found -   0 modified     |    TOTAL:   0
Iteration Number : 3
pass   1 (xy+):   0 found -   0 modified     |    TOTAL:   0
pass   1 (xy-):   0 found -   0 modified     |    TOTAL:   0
pass   1 (yz+):   0 found -   0 modified     |    TOTAL:   0
pass   1 (yz-):   0 found -   0 modified     |    TOTAL:   0
pass   1 (xz+):   0 found -   0 modified     |    TOTAL:   0
pass   1 (xz-):   0 found -   0 modified     |    TOTAL:   0
Iteration Number : 3
pass   1 (+++):   0 found -   0 modified     |    TOTAL:   0
pass   1 (+++):   0 found -   0 modified     |    TOTAL:   0
pass   1 (+++):   0 found -   0 modified     |    TOTAL:   0
pass   1 (+++):   0 found -   0 modified     |    TOTAL:   0
Iteration Number : 3
pass   1 (++):   0 found -   0 modified     |    TOTAL:   0
pass   1 (+-):   0 found -   0 modified     |    TOTAL:   0
pass   1 (--):   0 found -   0 modified     |    TOTAL:   0
pass   1 (-+):   0 found -   0 modified     |    TOTAL:   0

Total Number of Modified Voxels = 312 (out of 635413: 0.049102)
binarizing input wm segmentation...
Ambiguous edge configurations... 

mri_pretess done

#--------------------------------------------
#@# Fill Wed Mar 11 23:31:30 CET 2026
/out/sourcedata/freesurfer/sub-v1s2x0051493_ses-1/mri

 mri_fill -a ../scripts/ponscc.cut.log -xform transforms/talairach.lta -segmentation aseg.presurf.mgz -ctab /opt/freesurfer/SubCorticalMassLUT.txt wm.mgz filled.mgz 

logging cutting plane coordinates to ../scripts/ponscc.cut.log...
INFO: Using transforms/talairach.lta and its offset for Talairach volume ...
using segmentation aseg.presurf.mgz...
reading input volume...done.
searching for cutting planes...voxel to talairach voxel transform
 1.04425   0.12758  -0.07565  -10.13594;
-0.09062   0.98240   0.33674   5.74830;
 0.10680  -0.32108   0.96527   28.50312;
 0.00000   0.00000   0.00000   1.00000;
voxel to talairach voxel transform
 1.04425   0.12758  -0.07565  -10.13594;
-0.09062   0.98240   0.33674   5.74830;
 0.10680  -0.32108   0.96527   28.50312;
 0.00000   0.00000   0.00000   1.00000;
reading segmented volume aseg.presurf.mgz
removing CC from segmentation
Looking for area (min, max) = (350, 1400)
area[0] = 1630 (min = 350, max = 1400), aspect = 0.51 (min = 0.10, max = 0.75)
need search nearby
using seed (125, 110, 91), TAL = (3.0, -37.0, 18.0)
talairach voxel to voxel transform
 0.93933  -0.08790   0.10428   7.05407;
 0.10976   0.90346  -0.30658   4.65756;
-0.06742   0.31025   0.92247  -28.75993;
 0.00000   0.00000   0.00000   1.00000;
segmentation indicates cc at (125,  110,  91) --> (3.0, -37.0, 18.0)
done.
filling took 1.0 minutes
talairach cc position changed to (3.00, -37.00, 18.00)
Erasing brainstem...done.
seed_search_size = 9, min_neighbors = 5
search rh wm seed point around talairach space:(21.00, -37.00, 18.00) SRC: (107.38, 87.88, 82.10)
search lh wm seed point around talairach space (-15.00, -37.00, 18.00), SRC: (141.20, 91.84, 79.67)
compute mri_fill using aseg
Erasing Brain Stem and Cerebellum ...
Define left and right masks using aseg:
Building Voronoi diagram ...
Using the Voronoi diagram for separating WM into two hemispheres ...
Find the largest connected component for each hemisphere ...
Embedding colortable
mri_fill done, writing output to filled.mgz...
 cp filled.mgz filled.auto.mgz

Started at Wed Mar 11 21:51:43 CET 2026 
Ended   at Wed Mar 11 23:32:31 CET 2026
#@#%# recon-all-run-time-hours 1.680
recon-all -s sub-v1s2x0051493_ses-1 finished without error at Wed Mar 11 23:32:31 CET 2026



#New# invocation of recon-all 




Thu Mar 12 00:25:10 CET 2026
cd /out/sourcedata/freesurfer/sub-v1s2x0051493_ses-1
setenv SUBJECTS_DIR /out/sourcedata/freesurfer
/opt/freesurfer/bin/recon-all -parallel -subjid sub-v1s2x0051493_ses-1 -sd /out/sourcedata/freesurfer -cortribbon

subjid sub-v1s2x0051493_ses-1
setenv SUBJECTS_DIR /out/sourcedata/freesurfer
FREESURFER_HOME /opt/freesurfer
Actual FREESURFER_HOME /opt/freesurfer
build-stamp.txt: freesurfer-linux-ubuntu22_x86_64-7.3.2-20220804-6354275
Linux dna061 5.14.0-427.37.1.el9_4.x86_64 #1 SMP PREEMPT_DYNAMIC Fri Sep 13 12:41:50 EDT 2024 x86_64 x86_64 x86_64 GNU/Linux
cputime      unlimited
filesize     unlimited
datasize     unlimited
stacksize    8192 kbytes
coredumpsize 0 kbytes
memoryuse    67108864 kbytes
vmemoryuse   unlimited
descriptors  1024 
memorylocked unlimited
maxproc      2061970 
maxlocks     unlimited
maxsignal    2061970 
maxmessage   819200 
maxnice      0 
maxrtprio    0 
maxrttime    unlimited

               total        used        free      shared  buff/cache   available
Mem:           503Gi        54Gi       323Gi        25Gi       125Gi       419Gi
Swap:             0B          0B          0B

########################################
program versions used
7.3.2 (freesurfer-linux-ubuntu22_x86_64-7.3.2-20220804-6354275)
7.3.2

ProgramName: lta_convert  ProgramArguments: lta_convert -all-info  ProgramVersion: 7.3.2  TimeStamp: 2026/03/11-23:25:10-GMT  BuildTime: Aug  4 2022 06:17:15  BuildStamp: freesurfer-linux-ubuntu22_x86_64-7.3.2-20220804-6354275  User: oesteban  Machine: dna061  Platform: Linux  PlatformVersion: 5.14.0-427.37.1.el9_4.x86_64  CompilerName: GCC  CompilerVersion: 8.4.0
ProgramName: mri_and  ProgramArguments: mri_and -all-info  ProgramVersion: 7.3.2  TimeStamp: 2026/03/11-23:25:10-GMT  BuildTime: Aug  4 2022 06:17:15  BuildStamp: freesurfer-linux-ubuntu22_x86_64-7.3.2-20220804-6354275  User: oesteban  Machine: dna061  Platform: Linux  PlatformVersion: 5.14.0-427.37.1.el9_4.x86_64  CompilerName: GCC  CompilerVersion: 8.4.0
ProgramName: mri_annotation2label  ProgramArguments: mri_annotation2label -all-info  ProgramVersion: 7.3.2  TimeStamp: 2026/03/11-23:25:10-GMT  BuildTime: Aug  4 2022 06:17:15  BuildStamp: freesurfer-linux-ubuntu22_x86_64-7.3.2-20220804-6354275  User: oesteban  Machine: dna061  Platform: Linux  PlatformVersion: 5.14.0-427.37.1.el9_4.x86_64  CompilerName: GCC  CompilerVersion: 8.4.0
ProgramName: mri_aparc2aseg  ProgramArguments: mri_aparc2aseg -all-info  ProgramVersion: 7.3.2  TimeStamp: 2026/03/11-23:25:10-GMT  BuildTime: Aug  4 2022 06:17:15  BuildStamp: freesurfer-linux-ubuntu22_x86_64-7.3.2-20220804-6354275  User: oesteban  Machine: dna061  Platform: Linux  PlatformVersion: 5.14.0-427.37.1.el9_4.x86_64  CompilerName: GCC  CompilerVersion: 8.4.0
ProgramName: mri_surf2volseg  ProgramArguments: mri_surf2volseg -all-info  ProgramVersion: 7.3.2  TimeStamp: 2026/03/11-23:25:10-GMT  BuildTime: Aug  4 2022 06:17:15  BuildStamp: freesurfer-linux-ubuntu22_x86_64-7.3.2-20220804-6354275  User: oesteban  Machine: dna061  Platform: Linux  PlatformVersion: 5.14.0-427.37.1.el9_4.x86_64  CompilerName: GCC  CompilerVersion: 8.4.0
ProgramName: mri_binarize  ProgramArguments: mri_binarize -all-info  ProgramVersion: 7.3.2  TimeStamp: 2026/03/11-23:25:10-GMT  BuildTime: Aug  4 2022 06:17:15  BuildStamp: freesurfer-linux-ubuntu22_x86_64-7.3.2-20220804-6354275  User: oesteban  Machine: dna061  Platform: Linux  PlatformVersion: 5.14.0-427.37.1.el9_4.x86_64  CompilerName: GCC  CompilerVersion: 8.4.0
ProgramName: mri_ca_label  ProgramArguments: mri_ca_label -all-info  ProgramVersion: 7.3.2  TimeStamp: 2026/03/11-23:25:10-GMT  BuildTime: Aug  4 2022 06:17:15  BuildStamp: freesurfer-linux-ubuntu22_x86_64-7.3.2-20220804-6354275  User: oesteban  Machine: dna061  Platform: Linux  PlatformVersion: 5.14.0-427.37.1.el9_4.x86_64  CompilerName: GCC  CompilerVersion: 8.4.0
ProgramName: mri_ca_normalize  ProgramArguments: mri_ca_normalize -all-info  ProgramVersion: 7.3.2  TimeStamp: 2026/03/11-23:25:10-GMT  BuildTime: Aug  4 2022 06:17:15  BuildStamp: freesurfer-linux-ubuntu22_x86_64-7.3.2-20220804-6354275  User: oesteban  Machine: dna061  Platform: Linux  PlatformVersion: 5.14.0-427.37.1.el9_4.x86_64  CompilerName: GCC  CompilerVersion: 8.4.0
ProgramName: mri_ca_register  ProgramArguments: mri_ca_register -all-info  ProgramVersion: 7.3.2  TimeStamp: 2026/03/11-23:25:10-GMT  BuildTime: Aug  4 2022 06:17:15  BuildStamp: freesurfer-linux-ubuntu22_x86_64-7.3.2-20220804-6354275  User: oesteban  Machine: dna061  Platform: Linux  PlatformVersion: 5.14.0-427.37.1.el9_4.x86_64  CompilerName: GCC  CompilerVersion: 8.4.0
ProgramName: mri_cc  ProgramArguments: mri_cc -all-info  ProgramVersion: 7.3.2  TimeStamp: 2026/03/11-23:25:10-GMT  BuildTime: Aug  4 2022 06:17:15  BuildStamp: freesurfer-linux-ubuntu22_x86_64-7.3.2-20220804-6354275  User: oesteban  Machine: dna061  Platform: Linux  PlatformVersion: 5.14.0-427.37.1.el9_4.x86_64  CompilerName: GCC  CompilerVersion: 8.4.0
ProgramName: mri_compute_overlap  ProgramArguments: mri_compute_overlap -all-info  ProgramVersion: 7.3.2  TimeStamp: 2026/03/11-23:25:10-GMT  BuildTime: Aug  4 2022 06:17:15  BuildStamp: freesurfer-linux-ubuntu22_x86_64-7.3.2-20220804-6354275  User: oesteban  Machine: dna061  Platform: Linux  PlatformVersion: 5.14.0-427.37.1.el9_4.x86_64  CompilerName: GCC  CompilerVersion: 8.4.0
ProgramName: mri_compute_seg_overlap  ProgramArguments: mri_compute_seg_overlap -all-info  ProgramVersion: 7.3.2  TimeStamp: 2026/03/11-23:25:10-GMT  BuildTime: Aug  4 2022 06:17:15  BuildStamp: freesurfer-linux-ubuntu22_x86_64-7.3.2-20220804-6354275  User: oesteban  Machine: dna061  Platform: Linux  PlatformVersion: 5.14.0-427.37.1.el9_4.x86_64  CompilerName: GCC  CompilerVersion: 8.4.0
ProgramName: mri_concat  ProgramArguments: mri_concat -all-info  ProgramVersion: 7.3.2  TimeStamp: 2026/03/11-23:25:10-GMT  BuildTime: Aug  4 2022 06:17:15  BuildStamp: freesurfer-linux-ubuntu22_x86_64-7.3.2-20220804-6354275  User: oesteban  Machine: dna061  Platform: Linux  PlatformVersion: 5.14.0-427.37.1.el9_4.x86_64  CompilerName: GCC  CompilerVersion: 8.4.0
ProgramName: mri_concatenate_lta  ProgramArguments: mri_concatenate_lta -all-info  ProgramVersion: 7.3.2  TimeStamp: 2026/03/11-23:25:10-GMT  BuildTime: Aug  4 2022 06:17:15  BuildStamp: freesurfer-linux-ubuntu22_x86_64-7.3.2-20220804-6354275  User: oesteban  Machine: dna061  Platform: Linux  PlatformVersion: 5.14.0-427.37.1.el9_4.x86_64  CompilerName: GCC  CompilerVersion: 8.4.0
mri_convert -all-info 
ProgramName: mri_convert  ProgramArguments: mri_convert -all-info  ProgramVersion: 7.3.2  TimeStamp: 2026/03/11-23:25:10-GMT  BuildTime: Aug  4 2022 06:17:15  BuildStamp: freesurfer-linux-ubuntu22_x86_64-7.3.2-20220804-6354275  User: oesteban  Machine: dna061  Platform: Linux  PlatformVersion: 5.14.0-427.37.1.el9_4.x86_64  CompilerName: GCC  CompilerVersion: 8.4.0
ProgramName: mri_diff  ProgramArguments: mri_diff -all-info  ProgramVersion: 7.3.2  TimeStamp: 2026/03/11-23:25:10-GMT  BuildTime: Aug  4 2022 06:17:15  BuildStamp: freesurfer-linux-ubuntu22_x86_64-7.3.2-20220804-6354275  User: oesteban  Machine: dna061  Platform: Linux  PlatformVersion: 5.14.0-427.37.1.el9_4.x86_64  CompilerName: GCC  CompilerVersion: 8.4.0
ProgramName: mri_edit_wm_with_aseg  ProgramArguments: mri_edit_wm_with_aseg -all-info  ProgramVersion: 7.3.2  TimeStamp: 2026/03/11-23:25:10-GMT  BuildTime: Aug  4 2022 06:17:15  BuildStamp: freesurfer-linux-ubuntu22_x86_64-7.3.2-20220804-6354275  User: oesteban  Machine: dna061  Platform: Linux  PlatformVersion: 5.14.0-427.37.1.el9_4.x86_64  CompilerName: GCC  CompilerVersion: 8.4.0
ProgramName: mri_em_register  ProgramArguments: mri_em_register -all-info  ProgramVersion: 7.3.2  TimeStamp: 2026/03/11-23:25:10-GMT  BuildTime: Aug  4 2022 06:17:15  BuildStamp: freesurfer-linux-ubuntu22_x86_64-7.3.2-20220804-6354275  User: oesteban  Machine: dna061  Platform: Linux  PlatformVersion: 5.14.0-427.37.1.el9_4.x86_64  CompilerName: GCC  CompilerVersion: 8.4.0
ProgramName: mri_fill  ProgramArguments: mri_fill -all-info  ProgramVersion: 7.3.2  TimeStamp: 2026/03/11-23:25:10-GMT  BuildTime: Aug  4 2022 06:17:15  BuildStamp: freesurfer-linux-ubuntu22_x86_64-7.3.2-20220804-6354275  User: oesteban  Machine: dna061  Platform: Linux  PlatformVersion: 5.14.0-427.37.1.el9_4.x86_64  CompilerName: GCC  CompilerVersion: 8.4.0
ProgramName: mri_fuse_segmentations  ProgramArguments: mri_fuse_segmentations -all-info  ProgramVersion: 7.3.2  TimeStamp: 2026/03/11-23:25:10-GMT  BuildTime: Aug  4 2022 06:17:15  BuildStamp: freesurfer-linux-ubuntu22_x86_64-7.3.2-20220804-6354275  User: oesteban  Machine: dna061  Platform: Linux  PlatformVersion: 5.14.0-427.37.1.el9_4.x86_64  CompilerName: GCC  CompilerVersion: 8.4.0
ProgramName: mri_fwhm  ProgramArguments: mri_fwhm -all-info  ProgramVersion: 7.3.2  TimeStamp: 2026/03/11-23:25:10-GMT  BuildTime: Aug  4 2022 06:17:15  BuildStamp: freesurfer-linux-ubuntu22_x86_64-7.3.2-20220804-6354275  User: oesteban  Machine: dna061  Platform: Linux  PlatformVersion: 5.14.0-427.37.1.el9_4.x86_64  CompilerName: GCC  CompilerVersion: 8.4.0
ProgramName: mri_gcut  ProgramArguments: mri_gcut -all-info  ProgramVersion: 7.3.2  TimeStamp: 2026/03/11-23:25:10-GMT  BuildTime: Aug  4 2022 06:17:15  BuildStamp: freesurfer-linux-ubuntu22_x86_64-7.3.2-20220804-6354275  User: oesteban  Machine: dna061  Platform: Linux  PlatformVersion: 5.14.0-427.37.1.el9_4.x86_64  CompilerName: GCC  CompilerVersion: 8.4.0
ProgramName: mri_info  ProgramArguments: mri_info -all-info  ProgramVersion: 7.3.2  TimeStamp: 2026/03/11-23:25:10-GMT  BuildTime: Aug  4 2022 06:17:15  BuildStamp: freesurfer-linux-ubuntu22_x86_64-7.3.2-20220804-6354275  User: oesteban  Machine: dna061  Platform: Linux  PlatformVersion: 5.14.0-427.37.1.el9_4.x86_64  CompilerName: GCC  CompilerVersion: 8.4.0
ProgramName: mri_label2label  ProgramArguments: mri_label2label -all-info  ProgramVersion: 7.3.2  TimeStamp: 2026/03/11-23:25:10-GMT  BuildTime: Aug  4 2022 06:17:15  BuildStamp: freesurfer-linux-ubuntu22_x86_64-7.3.2-20220804-6354275  User: oesteban  Machine: dna061  Platform: Linux  PlatformVersion: 5.14.0-427.37.1.el9_4.x86_64  CompilerName: GCC  CompilerVersion: 8.4.0
ProgramName: mri_label2vol  ProgramArguments: mri_label2vol -all-info  ProgramVersion: 7.3.2  TimeStamp: 2026/03/11-23:25:10-GMT  BuildTime: Aug  4 2022 06:17:15  BuildStamp: freesurfer-linux-ubuntu22_x86_64-7.3.2-20220804-6354275  User: oesteban  Machine: dna061  Platform: Linux  PlatformVersion: 5.14.0-427.37.1.el9_4.x86_64  CompilerName: GCC  CompilerVersion: 8.4.0
ProgramName: mri_log_likelihood  ProgramArguments: mri_log_likelihood -all-info  ProgramVersion: 7.3.2  TimeStamp: 2026/03/11-23:25:10-GMT  BuildTime: Aug  4 2022 06:17:15  BuildStamp: freesurfer-linux-ubuntu22_x86_64-7.3.2-20220804-6354275  User: oesteban  Machine: dna061  Platform: Linux  PlatformVersion: 5.14.0-427.37.1.el9_4.x86_64  CompilerName: GCC  CompilerVersion: 8.4.0
ProgramName: mri_mask  ProgramArguments: mri_mask -all-info  ProgramVersion: 7.3.2  TimeStamp: 2026/03/11-23:25:10-GMT  BuildTime: Aug  4 2022 06:17:15  BuildStamp: freesurfer-linux-ubuntu22_x86_64-7.3.2-20220804-6354275  User: oesteban  Machine: dna061  Platform: Linux  PlatformVersion: 5.14.0-427.37.1.el9_4.x86_64  CompilerName: GCC  CompilerVersion: 8.4.0
ProgramName: mri_matrix_multiply  ProgramArguments: mri_matrix_multiply -all-info  ProgramVersion: 7.3.2  TimeStamp: 2026/03/11-23:25:10-GMT  BuildTime: Aug  4 2022 06:17:15  BuildStamp: freesurfer-linux-ubuntu22_x86_64-7.3.2-20220804-6354275  User: oesteban  Machine: dna061  Platform: Linux  PlatformVersion: 5.14.0-427.37.1.el9_4.x86_64  CompilerName: GCC  CompilerVersion: 8.4.0
ProgramName: mri_normalize  ProgramArguments: mri_normalize -all-info  ProgramVersion: 7.3.2  TimeStamp: 2026/03/11-23:25:10-GMT  BuildTime: Aug  4 2022 06:17:15  BuildStamp: freesurfer-linux-ubuntu22_x86_64-7.3.2-20220804-6354275  User: oesteban  Machine: dna061  Platform: Linux  PlatformVersion: 5.14.0-427.37.1.el9_4.x86_64  CompilerName: GCC  CompilerVersion: 8.4.0
ProgramName: mri_normalize_tp2  ProgramArguments: mri_normalize_tp2 -all-info  ProgramVersion: 7.3.2  TimeStamp: 2026/03/11-23:25:10-GMT  BuildTime: Aug  4 2022 06:17:15  BuildStamp: freesurfer-linux-ubuntu22_x86_64-7.3.2-20220804-6354275  User: oesteban  Machine: dna061  Platform: Linux  PlatformVersion: 5.14.0-427.37.1.el9_4.x86_64  CompilerName: GCC  CompilerVersion: 8.4.0
ProgramName: mri_or  ProgramArguments: mri_or -all-info  ProgramVersion: 7.3.2  TimeStamp: 2026/03/11-23:25:10-GMT  BuildTime: Aug  4 2022 06:17:15  BuildStamp: freesurfer-linux-ubuntu22_x86_64-7.3.2-20220804-6354275  User: oesteban  Machine: dna061  Platform: Linux  PlatformVersion: 5.14.0-427.37.1.el9_4.x86_64  CompilerName: GCC  CompilerVersion: 8.4.0
ProgramName: mri_relabel_hypointensities  ProgramArguments: mri_relabel_hypointensities -all-info  ProgramVersion: 7.3.2  TimeStamp: 2026/03/11-23:25:10-GMT  BuildTime: Aug  4 2022 06:17:15  BuildStamp: freesurfer-linux-ubuntu22_x86_64-7.3.2-20220804-6354275  User: oesteban  Machine: dna061  Platform: Linux  PlatformVersion: 5.14.0-427.37.1.el9_4.x86_64  CompilerName: GCC  CompilerVersion: 8.4.0
ProgramName: mri_relabel_nonwm_hypos  ProgramArguments: mri_relabel_nonwm_hypos -all-info  ProgramVersion: 7.3.2  TimeStamp: 2026/03/11-23:25:10-GMT  BuildTime: Aug  4 2022 06:17:15  BuildStamp: freesurfer-linux-ubuntu22_x86_64-7.3.2-20220804-6354275  User: oesteban  Machine: dna061  Platform: Linux  PlatformVersion: 5.14.0-427.37.1.el9_4.x86_64  CompilerName: GCC  CompilerVersion: 8.4.0
ProgramName: mri_remove_neck  ProgramArguments: mri_remove_neck -all-info  ProgramVersion: 7.3.2  TimeStamp: 2026/03/11-23:25:10-GMT  BuildTime: Aug  4 2022 06:17:15  BuildStamp: freesurfer-linux-ubuntu22_x86_64-7.3.2-20220804-6354275  User: oesteban  Machine: dna061  Platform: Linux  PlatformVersion: 5.14.0-427.37.1.el9_4.x86_64  CompilerName: GCC  CompilerVersion: 8.4.0
7.3.2

ProgramName: mri_robust_register  ProgramArguments: mri_robust_register -all-info  ProgramVersion: 7.3.2  TimeStamp: 2026/03/11-23:25:10-GMT  BuildTime: Aug  4 2022 06:17:15  BuildStamp: freesurfer-linux-ubuntu22_x86_64-7.3.2-20220804-6354275  User: oesteban  Machine: dna061  Platform: Linux  PlatformVersion: 5.14.0-427.37.1.el9_4.x86_64  CompilerName: GCC  CompilerVersion: 8.4.0
7.3.2

ProgramName: mri_robust_template  ProgramArguments: mri_robust_template -all-info  ProgramVersion: 7.3.2  TimeStamp: 2026/03/11-23:25:10-GMT  BuildTime: Aug  4 2022 06:17:15  BuildStamp: freesurfer-linux-ubuntu22_x86_64-7.3.2-20220804-6354275  User: oesteban  Machine: dna061  Platform: Linux  PlatformVersion: 5.14.0-427.37.1.el9_4.x86_64  CompilerName: GCC  CompilerVersion: 8.4.0
ProgramName: mris_anatomical_stats  ProgramArguments: mris_anatomical_stats -all-info  ProgramVersion: 7.3.2  TimeStamp: 2026/03/11-23:25:10-GMT  BuildTime: Aug  4 2022 06:17:15  BuildStamp: freesurfer-linux-ubuntu22_x86_64-7.3.2-20220804-6354275  User: oesteban  Machine: dna061  Platform: Linux  PlatformVersion: 5.14.0-427.37.1.el9_4.x86_64  CompilerName: GCC  CompilerVersion: 8.4.0
ProgramName: mris_ca_label  ProgramArguments: mris_ca_label -all-info  ProgramVersion: 7.3.2  TimeStamp: 2026/03/11-23:25:10-GMT  BuildTime: Aug  4 2022 06:17:15  BuildStamp: freesurfer-linux-ubuntu22_x86_64-7.3.2-20220804-6354275  User: oesteban  Machine: dna061  Platform: Linux  PlatformVersion: 5.14.0-427.37.1.el9_4.x86_64  CompilerName: GCC  CompilerVersion: 8.4.0
ProgramName: mris_calc  ProgramArguments: mris_calc -all-info  ProgramVersion: 7.3.2  TimeStamp: 2026/03/11-23:25:10-GMT  BuildTime: Aug  4 2022 06:17:15  BuildStamp: freesurfer-linux-ubuntu22_x86_64-7.3.2-20220804-6354275  User: oesteban  Machine: dna061  Platform: Linux  PlatformVersion: 5.14.0-427.37.1.el9_4.x86_64  CompilerName: GCC  CompilerVersion: 8.4.0
ProgramName: mris_convert  ProgramArguments: mris_convert -all-info  ProgramVersion: 7.3.2  TimeStamp: 2026/03/11-23:25:10-GMT  BuildTime: Aug  4 2022 06:17:15  BuildStamp: freesurfer-linux-ubuntu22_x86_64-7.3.2-20220804-6354275  User: oesteban  Machine: dna061  Platform: Linux  PlatformVersion: 5.14.0-427.37.1.el9_4.x86_64  CompilerName: GCC  CompilerVersion: 8.4.0
ProgramName: mris_curvature  ProgramArguments: mris_curvature -all-info  ProgramVersion: 7.3.2  TimeStamp: 2026/03/11-23:25:10-GMT  BuildTime: Aug  4 2022 06:17:15  BuildStamp: freesurfer-linux-ubuntu22_x86_64-7.3.2-20220804-6354275  User: oesteban  Machine: dna061  Platform: Linux  PlatformVersion: 5.14.0-427.37.1.el9_4.x86_64  CompilerName: GCC  CompilerVersion: 8.4.0
ProgramName: mris_curvature_stats  ProgramArguments: mris_curvature_stats -all-info  ProgramVersion: 7.3.2  TimeStamp: 2026/03/11-23:25:10-GMT  BuildTime: Aug  4 2022 06:17:15  BuildStamp: freesurfer-linux-ubuntu22_x86_64-7.3.2-20220804-6354275  User: oesteban  Machine: dna061  Platform: Linux  PlatformVersion: 5.14.0-427.37.1.el9_4.x86_64  CompilerName: GCC  CompilerVersion: 8.4.0
ProgramName: mris_diff  ProgramArguments: mris_diff -all-info  ProgramVersion: 7.3.2  TimeStamp: 2026/03/11-23:25:10-GMT  BuildTime: Aug  4 2022 06:17:15  BuildStamp: freesurfer-linux-ubuntu22_x86_64-7.3.2-20220804-6354275  User: oesteban  Machine: dna061  Platform: Linux  PlatformVersion: 5.14.0-427.37.1.el9_4.x86_64  CompilerName: GCC  CompilerVersion: 8.4.0
ProgramName: mris_divide_parcellation  ProgramArguments: mris_divide_parcellation -all-info  ProgramVersion: 7.3.2  TimeStamp: 2026/03/11-23:25:10-GMT  BuildTime: Aug  4 2022 06:17:15  BuildStamp: freesurfer-linux-ubuntu22_x86_64-7.3.2-20220804-6354275  User: oesteban  Machine: dna061  Platform: Linux  PlatformVersion: 5.14.0-427.37.1.el9_4.x86_64  CompilerName: GCC  CompilerVersion: 8.4.0
ProgramName: mri_segment  ProgramArguments: mri_segment -all-info  ProgramVersion: 7.3.2  TimeStamp: 2026/03/11-23:25:10-GMT  BuildTime: Aug  4 2022 06:17:15  BuildStamp: freesurfer-linux-ubuntu22_x86_64-7.3.2-20220804-6354275  User: oesteban  Machine: dna061  Platform: Linux  PlatformVersion: 5.14.0-427.37.1.el9_4.x86_64  CompilerName: GCC  CompilerVersion: 8.4.0
ProgramName: mri_segstats  ProgramArguments: mri_segstats -all-info  ProgramVersion: 7.3.2  TimeStamp: 2026/03/11-23:25:10-GMT  BuildTime: Aug  4 2022 06:17:15  BuildStamp: freesurfer-linux-ubuntu22_x86_64-7.3.2-20220804-6354275  User: oesteban  Machine: dna061  Platform: Linux  PlatformVersion: 5.14.0-427.37.1.el9_4.x86_64  CompilerName: GCC  CompilerVersion: 8.4.0
ProgramName: mris_euler_number  ProgramArguments: mris_euler_number -all-info  ProgramVersion: 7.3.2  TimeStamp: 2026/03/11-23:25:10-GMT  BuildTime: Aug  4 2022 06:17:15  BuildStamp: freesurfer-linux-ubuntu22_x86_64-7.3.2-20220804-6354275  User: oesteban  Machine: dna061  Platform: Linux  PlatformVersion: 5.14.0-427.37.1.el9_4.x86_64  CompilerName: GCC  CompilerVersion: 8.4.0
ProgramName: mris_fix_topology  ProgramArguments: mris_fix_topology -all-info  ProgramVersion: 7.3.2  TimeStamp: 2026/03/11-23:25:10-GMT  BuildTime: Aug  4 2022 06:17:15  BuildStamp: freesurfer-linux-ubuntu22_x86_64-7.3.2-20220804-6354275  User: oesteban  Machine: dna061  Platform: Linux  PlatformVersion: 5.14.0-427.37.1.el9_4.x86_64  CompilerName: GCC  CompilerVersion: 8.4.0
ProgramName: mris_topo_fixer  ProgramArguments: mris_topo_fixer -all-info  ProgramVersion: 7.3.2  TimeStamp: 2026/03/11-23:25:10-GMT  BuildTime: Aug  4 2022 06:17:15  BuildStamp: freesurfer-linux-ubuntu22_x86_64-7.3.2-20220804-6354275  User: oesteban  Machine: dna061  Platform: Linux  PlatformVersion: 5.14.0-427.37.1.el9_4.x86_64  CompilerName: GCC  CompilerVersion: 8.4.0
ProgramName: mris_jacobian  ProgramArguments: mris_jacobian -all-info  ProgramVersion: 7.3.2  TimeStamp: 2026/03/11-23:25:10-GMT  BuildTime: Aug  4 2022 06:17:15  BuildStamp: freesurfer-linux-ubuntu22_x86_64-7.3.2-20220804-6354275  User: oesteban  Machine: dna061  Platform: Linux  PlatformVersion: 5.14.0-427.37.1.el9_4.x86_64  CompilerName: GCC  CompilerVersion: 8.4.0
ProgramName: mris_label2annot  ProgramArguments: mris_label2annot -all-info  ProgramVersion: 7.3.2  TimeStamp: 2026/03/11-23:25:10-GMT  BuildTime: Aug  4 2022 06:17:15  BuildStamp: freesurfer-linux-ubuntu22_x86_64-7.3.2-20220804-6354275  User: oesteban  Machine: dna061  Platform: Linux  PlatformVersion: 5.14.0-427.37.1.el9_4.x86_64  CompilerName: GCC  CompilerVersion: 8.4.0
ProgramName: mris_left_right_register  ProgramArguments: mris_left_right_register -all-info  ProgramVersion: 7.3.2  TimeStamp: 2026/03/11-23:25:11-GMT  BuildTime: Aug  4 2022 06:17:15  BuildStamp: freesurfer-linux-ubuntu22_x86_64-7.3.2-20220804-6354275  User: oesteban  Machine: dna061  Platform: Linux  PlatformVersion: 5.14.0-427.37.1.el9_4.x86_64  CompilerName: GCC  CompilerVersion: 8.4.0
ProgramName: mris_place_surface  ProgramArguments: mris_place_surface -all-info  ProgramVersion: 7.3.2  TimeStamp: 2026/03/11-23:25:11-GMT  BuildTime: Aug  4 2022 06:17:15  BuildStamp: freesurfer-linux-ubuntu22_x86_64-7.3.2-20220804-6354275  User: oesteban  Machine: dna061  Platform: Linux  PlatformVersion: 5.14.0-427.37.1.el9_4.x86_64  CompilerName: GCC  CompilerVersion: 8.4.0
ProgramName: mrisp_paint  ProgramArguments: mrisp_paint -all-info  ProgramVersion: 7.3.2  TimeStamp: 2026/03/11-23:25:11-GMT  BuildTime: Aug  4 2022 06:17:15  BuildStamp: freesurfer-linux-ubuntu22_x86_64-7.3.2-20220804-6354275  User: oesteban  Machine: dna061  Platform: Linux  PlatformVersion: 5.14.0-427.37.1.el9_4.x86_64  CompilerName: GCC  CompilerVersion: 8.4.0
ProgramName: mris_register  ProgramArguments: mris_register -all-info  ProgramVersion: 7.3.2  TimeStamp: 2026/03/11-23:25:11-GMT  BuildTime: Aug  4 2022 06:17:15  BuildStamp: freesurfer-linux-ubuntu22_x86_64-7.3.2-20220804-6354275  User: oesteban  Machine: dna061  Platform: Linux  PlatformVersion: 5.14.0-427.37.1.el9_4.x86_64  CompilerName: GCC  CompilerVersion: 8.4.0
ProgramName: mris_smooth  ProgramArguments: mris_smooth -all-info  ProgramVersion: 7.3.2  TimeStamp: 2026/03/11-23:25:11-GMT  BuildTime: Aug  4 2022 06:17:15  BuildStamp: freesurfer-linux-ubuntu22_x86_64-7.3.2-20220804-6354275  User: oesteban  Machine: dna061  Platform: Linux  PlatformVersion: 5.14.0-427.37.1.el9_4.x86_64  CompilerName: GCC  CompilerVersion: 8.4.0
ProgramName: mris_sphere  ProgramArguments: mris_sphere -all-info  ProgramVersion: 7.3.2  TimeStamp: 2026/03/11-23:25:11-GMT  BuildTime: Aug  4 2022 06:17:15  BuildStamp: freesurfer-linux-ubuntu22_x86_64-7.3.2-20220804-6354275  User: oesteban  Machine: dna061  Platform: Linux  PlatformVersion: 5.14.0-427.37.1.el9_4.x86_64  CompilerName: GCC  CompilerVersion: 8.4.0
ProgramName: mris_surface_stats  ProgramArguments: mris_surface_stats -all-info  ProgramVersion: 7.3.2  TimeStamp: 2026/03/11-23:25:11-GMT  BuildTime: Aug  4 2022 06:17:15  BuildStamp: freesurfer-linux-ubuntu22_x86_64-7.3.2-20220804-6354275  User: oesteban  Machine: dna061  Platform: Linux  PlatformVersion: 5.14.0-427.37.1.el9_4.x86_64  CompilerName: GCC  CompilerVersion: 8.4.0
ProgramName: mri_stats2seg  ProgramArguments: mri_stats2seg -all-info  ProgramVersion: 7.3.2  TimeStamp: 2026/03/11-23:25:11-GMT  BuildTime: Aug  4 2022 06:17:15  BuildStamp: freesurfer-linux-ubuntu22_x86_64-7.3.2-20220804-6354275  User: oesteban  Machine: dna061  Platform: Linux  PlatformVersion: 5.14.0-427.37.1.el9_4.x86_64  CompilerName: GCC  CompilerVersion: 8.4.0
ProgramName: mris_thickness  ProgramArguments: mris_thickness -all-info  ProgramVersion: 7.3.2  TimeStamp: 2026/03/11-23:25:11-GMT  BuildTime: Aug  4 2022 06:17:15  BuildStamp: freesurfer-linux-ubuntu22_x86_64-7.3.2-20220804-6354275  User: oesteban  Machine: dna061  Platform: Linux  PlatformVersion: 5.14.0-427.37.1.el9_4.x86_64  CompilerName: GCC  CompilerVersion: 8.4.0
ProgramName: mris_thickness_diff  ProgramArguments: mris_thickness_diff -all-info  ProgramVersion: 7.3.2  TimeStamp: 2026/03/11-23:25:11-GMT  BuildTime: Aug  4 2022 06:17:15  BuildStamp: freesurfer-linux-ubuntu22_x86_64-7.3.2-20220804-6354275  User: oesteban  Machine: dna061  Platform: Linux  PlatformVersion: 5.14.0-427.37.1.el9_4.x86_64  CompilerName: GCC  CompilerVersion: 8.4.0
ProgramName: mris_topo_fixer  ProgramArguments: mris_topo_fixer -all-info  ProgramVersion: 7.3.2  TimeStamp: 2026/03/11-23:25:11-GMT  BuildTime: Aug  4 2022 06:17:15  BuildStamp: freesurfer-linux-ubuntu22_x86_64-7.3.2-20220804-6354275  User: oesteban  Machine: dna061  Platform: Linux  PlatformVersion: 5.14.0-427.37.1.el9_4.x86_64  CompilerName: GCC  CompilerVersion: 8.4.0
ProgramName: mri_surf2surf  ProgramArguments: mri_surf2surf -all-info  ProgramVersion: 7.3.2  TimeStamp: 2026/03/11-23:25:11-GMT  BuildTime: Aug  4 2022 06:17:15  BuildStamp: freesurfer-linux-ubuntu22_x86_64-7.3.2-20220804-6354275  User: oesteban  Machine: dna061  Platform: Linux  PlatformVersion: 5.14.0-427.37.1.el9_4.x86_64  CompilerName: GCC  CompilerVersion: 8.4.0
ProgramName: mri_surf2vol  ProgramArguments: mri_surf2vol -all-info  ProgramVersion: 7.3.2  TimeStamp: 2026/03/11-23:25:11-GMT  BuildTime: Aug  4 2022 06:17:15  BuildStamp: freesurfer-linux-ubuntu22_x86_64-7.3.2-20220804-6354275  User: oesteban  Machine: dna061  Platform: Linux  PlatformVersion: 5.14.0-427.37.1.el9_4.x86_64  CompilerName: GCC  CompilerVersion: 8.4.0
ProgramName: mri_surfcluster  ProgramArguments: mri_surfcluster -all-info  ProgramVersion: 7.3.2  TimeStamp: 2026/03/11-23:25:11-GMT  BuildTime: Aug  4 2022 06:17:15  BuildStamp: freesurfer-linux-ubuntu22_x86_64-7.3.2-20220804-6354275  User: oesteban  Machine: dna061  Platform: Linux  PlatformVersion: 5.14.0-427.37.1.el9_4.x86_64  CompilerName: GCC  CompilerVersion: 8.4.0
ProgramName: mris_volmask  ProgramArguments: mris_volmask -all-info  ProgramVersion: 7.3.2  TimeStamp: 2026/03/11-23:25:11-GMT  BuildTime: Aug  4 2022 06:17:15  BuildStamp: freesurfer-linux-ubuntu22_x86_64-7.3.2-20220804-6354275  User: oesteban  Machine: dna061  Platform: Linux  PlatformVersion: 5.14.0-427.37.1.el9_4.x86_64  CompilerName: GCC  CompilerVersion: 8.4.0
ProgramName: mri_tessellate  ProgramArguments: mri_tessellate -all-info  ProgramVersion: 7.3.2  TimeStamp: 2026/03/11-23:25:11-GMT  BuildTime: Aug  4 2022 06:17:15  BuildStamp: freesurfer-linux-ubuntu22_x86_64-7.3.2-20220804-6354275  User: oesteban  Machine: dna061  Platform: Linux  PlatformVersion: 5.14.0-427.37.1.el9_4.x86_64  CompilerName: GCC  CompilerVersion: 8.4.0
ProgramName: mri_vol2surf  ProgramArguments: mri_vol2surf -all-info  ProgramVersion: 7.3.2  TimeStamp: 2026/03/11-23:25:11-GMT  BuildTime: Aug  4 2022 06:17:15  BuildStamp: freesurfer-linux-ubuntu22_x86_64-7.3.2-20220804-6354275  User: oesteban  Machine: dna061  Platform: Linux  PlatformVersion: 5.14.0-427.37.1.el9_4.x86_64  CompilerName: GCC  CompilerVersion: 8.4.0
ProgramName: mri_vol2vol  ProgramArguments: mri_vol2vol -all-info  ProgramVersion: 7.3.2  TimeStamp: 2026/03/11-23:25:11-GMT  BuildTime: Aug  4 2022 06:17:15  BuildStamp: freesurfer-linux-ubuntu22_x86_64-7.3.2-20220804-6354275  User: oesteban  Machine: dna061  Platform: Linux  PlatformVersion: 5.14.0-427.37.1.el9_4.x86_64  CompilerName: GCC  CompilerVersion: 8.4.0
ProgramName: mri_voldiff  ProgramArguments: mri_voldiff -all-info  ProgramVersion: 7.3.2  TimeStamp: 2026/03/11-23:25:11-GMT  BuildTime: Aug  4 2022 06:17:15  BuildStamp: freesurfer-linux-ubuntu22_x86_64-7.3.2-20220804-6354275  User: oesteban  Machine: dna061  Platform: Linux  PlatformVersion: 5.14.0-427.37.1.el9_4.x86_64  CompilerName: GCC  CompilerVersion: 8.4.0
ProgramName: mri_watershed  ProgramArguments: mri_watershed -all-info  ProgramVersion: 7.3.2  TimeStamp: 2026/03/11-23:25:11-GMT  BuildTime: Aug  4 2022 06:17:15  BuildStamp: freesurfer-linux-ubuntu22_x86_64-7.3.2-20220804-6354275  User: oesteban  Machine: dna061  Platform: Linux  PlatformVersion: 5.14.0-427.37.1.el9_4.x86_64  CompilerName: GCC  CompilerVersion: 8.4.0
ProgramName: tkregister2  ProgramArguments: tkregister2_cmdl -all-info  ProgramVersion: 7.3.2  TimeStamp: 2026/03/11-23:25:11-GMT  BuildTime: Aug  4 2022 06:17:15  BuildStamp: freesurfer-linux-ubuntu22_x86_64-7.3.2-20220804-6354275  User: oesteban  Machine: dna061  Platform: Linux  PlatformVersion: 5.14.0-427.37.1.el9_4.x86_64  CompilerName: GCC  CompilerVersion: 8.4.0
mri_motion_correct.fsl 7.3.2
mri_convert -all-info 
ProgramName: mri_convert  ProgramArguments: mri_convert -all-info  ProgramVersion: 7.3.2  TimeStamp: 2026/03/11-23:25:11-GMT  BuildTime: Aug  4 2022 06:17:15  BuildStamp: freesurfer-linux-ubuntu22_x86_64-7.3.2-20220804-6354275  User: oesteban  Machine: dna061  Platform: Linux  PlatformVersion: 5.14.0-427.37.1.el9_4.x86_64  CompilerName: GCC  CompilerVersion: 8.4.0
Program nu_correct, built from:
Package MNI N3, version 1.12.0, compiled by nicks@terrier (x86_64-unknown-linux-gnu) on 2015-06-19 at 01:25:34
#######################################
GCADIR /opt/freesurfer/average
GCA RB_all_2020-01-02.gca
GCASkull RB_all_withskull_2020_01_02.gca
AvgCurvTif folding.atlas.acfb40.noaparc.i12.2016-08-02.tif
GCSDIR /opt/freesurfer/average
GCS DKaparc.atlas.acfb40.noaparc.i12.2016-08-02.gcs
#######################################
#@# white curv lh Thu Mar 12 00:25:11 CET 2026
cd /out/sourcedata/freesurfer/sub-v1s2x0051493_ses-1/mri
mris_place_surface --curv-map ../surf/lh.white 2 10 ../surf/lh.curv
   Update not needed
#@# white area lh Thu Mar 12 00:25:11 CET 2026
cd /out/sourcedata/freesurfer/sub-v1s2x0051493_ses-1/mri
mris_place_surface --area-map ../surf/lh.white ../surf/lh.area
   Update not needed
#@# pial curv lh Thu Mar 12 00:25:11 CET 2026
cd /out/sourcedata/freesurfer/sub-v1s2x0051493_ses-1/mri
mris_place_surface --curv-map ../surf/lh.pial 2 10 ../surf/lh.curv.pial
   Update not needed
#@# pial area lh Thu Mar 12 00:25:11 CET 2026
cd /out/sourcedata/freesurfer/sub-v1s2x0051493_ses-1/mri
mris_place_surface --area-map ../surf/lh.pial ../surf/lh.area.pial
   Update not needed
#@# thickness lh Thu Mar 12 00:25:11 CET 2026
cd /out/sourcedata/freesurfer/sub-v1s2x0051493_ses-1/mri
mris_place_surface --thickness ../surf/lh.white ../surf/lh.pial 20 5 ../surf/lh.thickness
   Update not needed
#@# area and vertex vol lh Thu Mar 12 00:25:11 CET 2026
cd /out/sourcedata/freesurfer/sub-v1s2x0051493_ses-1/mri
mris_place_surface --thickness ../surf/lh.white ../surf/lh.pial 20 5 ../surf/lh.thickness
   Update not needed
#@# white curv rh Thu Mar 12 00:25:11 CET 2026
cd /out/sourcedata/freesurfer/sub-v1s2x0051493_ses-1/mri
mris_place_surface --curv-map ../surf/rh.white 2 10 ../surf/rh.curv
   Update not needed
#@# white area rh Thu Mar 12 00:25:11 CET 2026
cd /out/sourcedata/freesurfer/sub-v1s2x0051493_ses-1/mri
mris_place_surface --area-map ../surf/rh.white ../surf/rh.area
   Update not needed
#@# pial curv rh Thu Mar 12 00:25:11 CET 2026
cd /out/sourcedata/freesurfer/sub-v1s2x0051493_ses-1/mri
mris_place_surface --curv-map ../surf/rh.pial 2 10 ../surf/rh.curv.pial
   Update not needed
#@# pial area rh Thu Mar 12 00:25:11 CET 2026
cd /out/sourcedata/freesurfer/sub-v1s2x0051493_ses-1/mri
mris_place_surface --area-map ../surf/rh.pial ../surf/rh.area.pial
   Update not needed
#@# thickness rh Thu Mar 12 00:25:11 CET 2026
cd /out/sourcedata/freesurfer/sub-v1s2x0051493_ses-1/mri
mris_place_surface --thickness ../surf/rh.white ../surf/rh.pial 20 5 ../surf/rh.thickness
   Update not needed
#@# area and vertex vol rh Thu Mar 12 00:25:11 CET 2026
cd /out/sourcedata/freesurfer/sub-v1s2x0051493_ses-1/mri
mris_place_surface --thickness ../surf/rh.white ../surf/rh.pial 20 5 ../surf/rh.thickness
   Update not needed
#--------------------------------------------
#@# Cortical ribbon mask Thu Mar 12 00:25:11 CET 2026
/out/sourcedata/freesurfer/sub-v1s2x0051493_ses-1/mri

 mris_volmask --aseg_name aseg.presurf --label_left_white 2 --label_left_ribbon 3 --label_right_white 41 --label_right_ribbon 42 --save_ribbon sub-v1s2x0051493_ses-1 

SUBJECTS_DIR is /out/sourcedata/freesurfer
loading input data...
Running hemis serially
Processing left hemi
computing distance to left white surface 
computing distance to left pial surface 
Processing right hemi
computing distance to right white surface 
computing distance to right pial surface 
 hemi masks overlap voxels = 16
writing volume /out/sourcedata/freesurfer/sub-v1s2x0051493_ses-1/mri/ribbon.mgz
mris_volmask took 5.09 minutes
 writing ribbon files

Started at Thu Mar 12 00:25:10 CET 2026 
Ended   at Thu Mar 12 00:30:16 CET 2026
#@#%# recon-all-run-time-hours 0.085
recon-all -s sub-v1s2x0051493_ses-1 finished without error at Thu Mar 12 00:30:17 CET 2026



#New# invocation of recon-all 




Thu Mar 12 00:37:52 CET 2026
cd /out/sourcedata/freesurfer/sub-v1s2x0051493_ses-1
setenv SUBJECTS_DIR /out/sourcedata/freesurfer
/opt/freesurfer/bin/recon-all -autorecon3 -openmp 16 -subjid sub-v1s2x0051493_ses-1 -sd /out/sourcedata/freesurfer -nosphere -nosurfreg -nojacobian_white -noavgcurv -nocortparc -nopial -noparcstats -nocortparc2 -noparcstats2 -nocortparc3 -noparcstats3 -nopctsurfcon -nocortribbon -nobalabels

subjid sub-v1s2x0051493_ses-1
setenv SUBJECTS_DIR /out/sourcedata/freesurfer
FREESURFER_HOME /opt/freesurfer
Actual FREESURFER_HOME /opt/freesurfer
build-stamp.txt: freesurfer-linux-ubuntu22_x86_64-7.3.2-20220804-6354275
Linux dna061 5.14.0-427.37.1.el9_4.x86_64 #1 SMP PREEMPT_DYNAMIC Fri Sep 13 12:41:50 EDT 2024 x86_64 x86_64 x86_64 GNU/Linux
cputime      unlimited
filesize     unlimited
datasize     unlimited
stacksize    8192 kbytes
coredumpsize 0 kbytes
memoryuse    67108864 kbytes
vmemoryuse   unlimited
descriptors  1024 
memorylocked unlimited
maxproc      2061970 
maxlocks     unlimited
maxsignal    2061970 
maxmessage   819200 
maxnice      0 
maxrtprio    0 
maxrttime    unlimited

               total        used        free      shared  buff/cache   available
Mem:           503Gi        53Gi       324Gi        25Gi       125Gi       421Gi
Swap:             0B          0B          0B

########################################
program versions used
7.3.2 (freesurfer-linux-ubuntu22_x86_64-7.3.2-20220804-6354275)
7.3.2

ProgramName: lta_convert  ProgramArguments: lta_convert -all-info  ProgramVersion: 7.3.2  TimeStamp: 2026/03/11-23:37:52-GMT  BuildTime: Aug  4 2022 06:17:15  BuildStamp: freesurfer-linux-ubuntu22_x86_64-7.3.2-20220804-6354275  User: oesteban  Machine: dna061  Platform: Linux  PlatformVersion: 5.14.0-427.37.1.el9_4.x86_64  CompilerName: GCC  CompilerVersion: 8.4.0
ProgramName: mri_and  ProgramArguments: mri_and -all-info  ProgramVersion: 7.3.2  TimeStamp: 2026/03/11-23:37:52-GMT  BuildTime: Aug  4 2022 06:17:15  BuildStamp: freesurfer-linux-ubuntu22_x86_64-7.3.2-20220804-6354275  User: oesteban  Machine: dna061  Platform: Linux  PlatformVersion: 5.14.0-427.37.1.el9_4.x86_64  CompilerName: GCC  CompilerVersion: 8.4.0
ProgramName: mri_annotation2label  ProgramArguments: mri_annotation2label -all-info  ProgramVersion: 7.3.2  TimeStamp: 2026/03/11-23:37:52-GMT  BuildTime: Aug  4 2022 06:17:15  BuildStamp: freesurfer-linux-ubuntu22_x86_64-7.3.2-20220804-6354275  User: oesteban  Machine: dna061  Platform: Linux  PlatformVersion: 5.14.0-427.37.1.el9_4.x86_64  CompilerName: GCC  CompilerVersion: 8.4.0
ProgramName: mri_aparc2aseg  ProgramArguments: mri_aparc2aseg -all-info  ProgramVersion: 7.3.2  TimeStamp: 2026/03/11-23:37:52-GMT  BuildTime: Aug  4 2022 06:17:15  BuildStamp: freesurfer-linux-ubuntu22_x86_64-7.3.2-20220804-6354275  User: oesteban  Machine: dna061  Platform: Linux  PlatformVersion: 5.14.0-427.37.1.el9_4.x86_64  CompilerName: GCC  CompilerVersion: 8.4.0
ProgramName: mri_surf2volseg  ProgramArguments: mri_surf2volseg -all-info  ProgramVersion: 7.3.2  TimeStamp: 2026/03/11-23:37:52-GMT  BuildTime: Aug  4 2022 06:17:15  BuildStamp: freesurfer-linux-ubuntu22_x86_64-7.3.2-20220804-6354275  User: oesteban  Machine: dna061  Platform: Linux  PlatformVersion: 5.14.0-427.37.1.el9_4.x86_64  CompilerName: GCC  CompilerVersion: 8.4.0
ProgramName: mri_binarize  ProgramArguments: mri_binarize -all-info  ProgramVersion: 7.3.2  TimeStamp: 2026/03/11-23:37:52-GMT  BuildTime: Aug  4 2022 06:17:15  BuildStamp: freesurfer-linux-ubuntu22_x86_64-7.3.2-20220804-6354275  User: oesteban  Machine: dna061  Platform: Linux  PlatformVersion: 5.14.0-427.37.1.el9_4.x86_64  CompilerName: GCC  CompilerVersion: 8.4.0
ProgramName: mri_ca_label  ProgramArguments: mri_ca_label -all-info  ProgramVersion: 7.3.2  TimeStamp: 2026/03/11-23:37:52-GMT  BuildTime: Aug  4 2022 06:17:15  BuildStamp: freesurfer-linux-ubuntu22_x86_64-7.3.2-20220804-6354275  User: oesteban  Machine: dna061  Platform: Linux  PlatformVersion: 5.14.0-427.37.1.el9_4.x86_64  CompilerName: GCC  CompilerVersion: 8.4.0
ProgramName: mri_ca_normalize  ProgramArguments: mri_ca_normalize -all-info  ProgramVersion: 7.3.2  TimeStamp: 2026/03/11-23:37:52-GMT  BuildTime: Aug  4 2022 06:17:15  BuildStamp: freesurfer-linux-ubuntu22_x86_64-7.3.2-20220804-6354275  User: oesteban  Machine: dna061  Platform: Linux  PlatformVersion: 5.14.0-427.37.1.el9_4.x86_64  CompilerName: GCC  CompilerVersion: 8.4.0
ProgramName: mri_ca_register  ProgramArguments: mri_ca_register -all-info  ProgramVersion: 7.3.2  TimeStamp: 2026/03/11-23:37:52-GMT  BuildTime: Aug  4 2022 06:17:15  BuildStamp: freesurfer-linux-ubuntu22_x86_64-7.3.2-20220804-6354275  User: oesteban  Machine: dna061  Platform: Linux  PlatformVersion: 5.14.0-427.37.1.el9_4.x86_64  CompilerName: GCC  CompilerVersion: 8.4.0
ProgramName: mri_cc  ProgramArguments: mri_cc -all-info  ProgramVersion: 7.3.2  TimeStamp: 2026/03/11-23:37:52-GMT  BuildTime: Aug  4 2022 06:17:15  BuildStamp: freesurfer-linux-ubuntu22_x86_64-7.3.2-20220804-6354275  User: oesteban  Machine: dna061  Platform: Linux  PlatformVersion: 5.14.0-427.37.1.el9_4.x86_64  CompilerName: GCC  CompilerVersion: 8.4.0
ProgramName: mri_compute_overlap  ProgramArguments: mri_compute_overlap -all-info  ProgramVersion: 7.3.2  TimeStamp: 2026/03/11-23:37:52-GMT  BuildTime: Aug  4 2022 06:17:15  BuildStamp: freesurfer-linux-ubuntu22_x86_64-7.3.2-20220804-6354275  User: oesteban  Machine: dna061  Platform: Linux  PlatformVersion: 5.14.0-427.37.1.el9_4.x86_64  CompilerName: GCC  CompilerVersion: 8.4.0
ProgramName: mri_compute_seg_overlap  ProgramArguments: mri_compute_seg_overlap -all-info  ProgramVersion: 7.3.2  TimeStamp: 2026/03/11-23:37:52-GMT  BuildTime: Aug  4 2022 06:17:15  BuildStamp: freesurfer-linux-ubuntu22_x86_64-7.3.2-20220804-6354275  User: oesteban  Machine: dna061  Platform: Linux  PlatformVersion: 5.14.0-427.37.1.el9_4.x86_64  CompilerName: GCC  CompilerVersion: 8.4.0
ProgramName: mri_concat  ProgramArguments: mri_concat -all-info  ProgramVersion: 7.3.2  TimeStamp: 2026/03/11-23:37:52-GMT  BuildTime: Aug  4 2022 06:17:15  BuildStamp: freesurfer-linux-ubuntu22_x86_64-7.3.2-20220804-6354275  User: oesteban  Machine: dna061  Platform: Linux  PlatformVersion: 5.14.0-427.37.1.el9_4.x86_64  CompilerName: GCC  CompilerVersion: 8.4.0
ProgramName: mri_concatenate_lta  ProgramArguments: mri_concatenate_lta -all-info  ProgramVersion: 7.3.2  TimeStamp: 2026/03/11-23:37:52-GMT  BuildTime: Aug  4 2022 06:17:15  BuildStamp: freesurfer-linux-ubuntu22_x86_64-7.3.2-20220804-6354275  User: oesteban  Machine: dna061  Platform: Linux  PlatformVersion: 5.14.0-427.37.1.el9_4.x86_64  CompilerName: GCC  CompilerVersion: 8.4.0
mri_convert -all-info 
ProgramName: mri_convert  ProgramArguments: mri_convert -all-info  ProgramVersion: 7.3.2  TimeStamp: 2026/03/11-23:37:52-GMT  BuildTime: Aug  4 2022 06:17:15  BuildStamp: freesurfer-linux-ubuntu22_x86_64-7.3.2-20220804-6354275  User: oesteban  Machine: dna061  Platform: Linux  PlatformVersion: 5.14.0-427.37.1.el9_4.x86_64  CompilerName: GCC  CompilerVersion: 8.4.0
ProgramName: mri_diff  ProgramArguments: mri_diff -all-info  ProgramVersion: 7.3.2  TimeStamp: 2026/03/11-23:37:52-GMT  BuildTime: Aug  4 2022 06:17:15  BuildStamp: freesurfer-linux-ubuntu22_x86_64-7.3.2-20220804-6354275  User: oesteban  Machine: dna061  Platform: Linux  PlatformVersion: 5.14.0-427.37.1.el9_4.x86_64  CompilerName: GCC  CompilerVersion: 8.4.0
ProgramName: mri_edit_wm_with_aseg  ProgramArguments: mri_edit_wm_with_aseg -all-info  ProgramVersion: 7.3.2  TimeStamp: 2026/03/11-23:37:52-GMT  BuildTime: Aug  4 2022 06:17:15  BuildStamp: freesurfer-linux-ubuntu22_x86_64-7.3.2-20220804-6354275  User: oesteban  Machine: dna061  Platform: Linux  PlatformVersion: 5.14.0-427.37.1.el9_4.x86_64  CompilerName: GCC  CompilerVersion: 8.4.0
ProgramName: mri_em_register  ProgramArguments: mri_em_register -all-info  ProgramVersion: 7.3.2  TimeStamp: 2026/03/11-23:37:52-GMT  BuildTime: Aug  4 2022 06:17:15  BuildStamp: freesurfer-linux-ubuntu22_x86_64-7.3.2-20220804-6354275  User: oesteban  Machine: dna061  Platform: Linux  PlatformVersion: 5.14.0-427.37.1.el9_4.x86_64  CompilerName: GCC  CompilerVersion: 8.4.0
ProgramName: mri_fill  ProgramArguments: mri_fill -all-info  ProgramVersion: 7.3.2  TimeStamp: 2026/03/11-23:37:52-GMT  BuildTime: Aug  4 2022 06:17:15  BuildStamp: freesurfer-linux-ubuntu22_x86_64-7.3.2-20220804-6354275  User: oesteban  Machine: dna061  Platform: Linux  PlatformVersion: 5.14.0-427.37.1.el9_4.x86_64  CompilerName: GCC  CompilerVersion: 8.4.0
ProgramName: mri_fuse_segmentations  ProgramArguments: mri_fuse_segmentations -all-info  ProgramVersion: 7.3.2  TimeStamp: 2026/03/11-23:37:52-GMT  BuildTime: Aug  4 2022 06:17:15  BuildStamp: freesurfer-linux-ubuntu22_x86_64-7.3.2-20220804-6354275  User: oesteban  Machine: dna061  Platform: Linux  PlatformVersion: 5.14.0-427.37.1.el9_4.x86_64  CompilerName: GCC  CompilerVersion: 8.4.0
ProgramName: mri_fwhm  ProgramArguments: mri_fwhm -all-info  ProgramVersion: 7.3.2  TimeStamp: 2026/03/11-23:37:52-GMT  BuildTime: Aug  4 2022 06:17:15  BuildStamp: freesurfer-linux-ubuntu22_x86_64-7.3.2-20220804-6354275  User: oesteban  Machine: dna061  Platform: Linux  PlatformVersion: 5.14.0-427.37.1.el9_4.x86_64  CompilerName: GCC  CompilerVersion: 8.4.0
ProgramName: mri_gcut  ProgramArguments: mri_gcut -all-info  ProgramVersion: 7.3.2  TimeStamp: 2026/03/11-23:37:52-GMT  BuildTime: Aug  4 2022 06:17:15  BuildStamp: freesurfer-linux-ubuntu22_x86_64-7.3.2-20220804-6354275  User: oesteban  Machine: dna061  Platform: Linux  PlatformVersion: 5.14.0-427.37.1.el9_4.x86_64  CompilerName: GCC  CompilerVersion: 8.4.0
ProgramName: mri_info  ProgramArguments: mri_info -all-info  ProgramVersion: 7.3.2  TimeStamp: 2026/03/11-23:37:52-GMT  BuildTime: Aug  4 2022 06:17:15  BuildStamp: freesurfer-linux-ubuntu22_x86_64-7.3.2-20220804-6354275  User: oesteban  Machine: dna061  Platform: Linux  PlatformVersion: 5.14.0-427.37.1.el9_4.x86_64  CompilerName: GCC  CompilerVersion: 8.4.0
ProgramName: mri_label2label  ProgramArguments: mri_label2label -all-info  ProgramVersion: 7.3.2  TimeStamp: 2026/03/11-23:37:52-GMT  BuildTime: Aug  4 2022 06:17:15  BuildStamp: freesurfer-linux-ubuntu22_x86_64-7.3.2-20220804-6354275  User: oesteban  Machine: dna061  Platform: Linux  PlatformVersion: 5.14.0-427.37.1.el9_4.x86_64  CompilerName: GCC  CompilerVersion: 8.4.0
ProgramName: mri_label2vol  ProgramArguments: mri_label2vol -all-info  ProgramVersion: 7.3.2  TimeStamp: 2026/03/11-23:37:52-GMT  BuildTime: Aug  4 2022 06:17:15  BuildStamp: freesurfer-linux-ubuntu22_x86_64-7.3.2-20220804-6354275  User: oesteban  Machine: dna061  Platform: Linux  PlatformVersion: 5.14.0-427.37.1.el9_4.x86_64  CompilerName: GCC  CompilerVersion: 8.4.0
ProgramName: mri_log_likelihood  ProgramArguments: mri_log_likelihood -all-info  ProgramVersion: 7.3.2  TimeStamp: 2026/03/11-23:37:52-GMT  BuildTime: Aug  4 2022 06:17:15  BuildStamp: freesurfer-linux-ubuntu22_x86_64-7.3.2-20220804-6354275  User: oesteban  Machine: dna061  Platform: Linux  PlatformVersion: 5.14.0-427.37.1.el9_4.x86_64  CompilerName: GCC  CompilerVersion: 8.4.0
ProgramName: mri_mask  ProgramArguments: mri_mask -all-info  ProgramVersion: 7.3.2  TimeStamp: 2026/03/11-23:37:52-GMT  BuildTime: Aug  4 2022 06:17:15  BuildStamp: freesurfer-linux-ubuntu22_x86_64-7.3.2-20220804-6354275  User: oesteban  Machine: dna061  Platform: Linux  PlatformVersion: 5.14.0-427.37.1.el9_4.x86_64  CompilerName: GCC  CompilerVersion: 8.4.0
ProgramName: mri_matrix_multiply  ProgramArguments: mri_matrix_multiply -all-info  ProgramVersion: 7.3.2  TimeStamp: 2026/03/11-23:37:52-GMT  BuildTime: Aug  4 2022 06:17:15  BuildStamp: freesurfer-linux-ubuntu22_x86_64-7.3.2-20220804-6354275  User: oesteban  Machine: dna061  Platform: Linux  PlatformVersion: 5.14.0-427.37.1.el9_4.x86_64  CompilerName: GCC  CompilerVersion: 8.4.0
ProgramName: mri_normalize  ProgramArguments: mri_normalize -all-info  ProgramVersion: 7.3.2  TimeStamp: 2026/03/11-23:37:52-GMT  BuildTime: Aug  4 2022 06:17:15  BuildStamp: freesurfer-linux-ubuntu22_x86_64-7.3.2-20220804-6354275  User: oesteban  Machine: dna061  Platform: Linux  PlatformVersion: 5.14.0-427.37.1.el9_4.x86_64  CompilerName: GCC  CompilerVersion: 8.4.0
ProgramName: mri_normalize_tp2  ProgramArguments: mri_normalize_tp2 -all-info  ProgramVersion: 7.3.2  TimeStamp: 2026/03/11-23:37:52-GMT  BuildTime: Aug  4 2022 06:17:15  BuildStamp: freesurfer-linux-ubuntu22_x86_64-7.3.2-20220804-6354275  User: oesteban  Machine: dna061  Platform: Linux  PlatformVersion: 5.14.0-427.37.1.el9_4.x86_64  CompilerName: GCC  CompilerVersion: 8.4.0
ProgramName: mri_or  ProgramArguments: mri_or -all-info  ProgramVersion: 7.3.2  TimeStamp: 2026/03/11-23:37:52-GMT  BuildTime: Aug  4 2022 06:17:15  BuildStamp: freesurfer-linux-ubuntu22_x86_64-7.3.2-20220804-6354275  User: oesteban  Machine: dna061  Platform: Linux  PlatformVersion: 5.14.0-427.37.1.el9_4.x86_64  CompilerName: GCC  CompilerVersion: 8.4.0
ProgramName: mri_relabel_hypointensities  ProgramArguments: mri_relabel_hypointensities -all-info  ProgramVersion: 7.3.2  TimeStamp: 2026/03/11-23:37:52-GMT  BuildTime: Aug  4 2022 06:17:15  BuildStamp: freesurfer-linux-ubuntu22_x86_64-7.3.2-20220804-6354275  User: oesteban  Machine: dna061  Platform: Linux  PlatformVersion: 5.14.0-427.37.1.el9_4.x86_64  CompilerName: GCC  CompilerVersion: 8.4.0
ProgramName: mri_relabel_nonwm_hypos  ProgramArguments: mri_relabel_nonwm_hypos -all-info  ProgramVersion: 7.3.2  TimeStamp: 2026/03/11-23:37:52-GMT  BuildTime: Aug  4 2022 06:17:15  BuildStamp: freesurfer-linux-ubuntu22_x86_64-7.3.2-20220804-6354275  User: oesteban  Machine: dna061  Platform: Linux  PlatformVersion: 5.14.0-427.37.1.el9_4.x86_64  CompilerName: GCC  CompilerVersion: 8.4.0
ProgramName: mri_remove_neck  ProgramArguments: mri_remove_neck -all-info  ProgramVersion: 7.3.2  TimeStamp: 2026/03/11-23:37:52-GMT  BuildTime: Aug  4 2022 06:17:15  BuildStamp: freesurfer-linux-ubuntu22_x86_64-7.3.2-20220804-6354275  User: oesteban  Machine: dna061  Platform: Linux  PlatformVersion: 5.14.0-427.37.1.el9_4.x86_64  CompilerName: GCC  CompilerVersion: 8.4.0
7.3.2

ProgramName: mri_robust_register  ProgramArguments: mri_robust_register -all-info  ProgramVersion: 7.3.2  TimeStamp: 2026/03/11-23:37:52-GMT  BuildTime: Aug  4 2022 06:17:15  BuildStamp: freesurfer-linux-ubuntu22_x86_64-7.3.2-20220804-6354275  User: oesteban  Machine: dna061  Platform: Linux  PlatformVersion: 5.14.0-427.37.1.el9_4.x86_64  CompilerName: GCC  CompilerVersion: 8.4.0
7.3.2

ProgramName: mri_robust_template  ProgramArguments: mri_robust_template -all-info  ProgramVersion: 7.3.2  TimeStamp: 2026/03/11-23:37:52-GMT  BuildTime: Aug  4 2022 06:17:15  BuildStamp: freesurfer-linux-ubuntu22_x86_64-7.3.2-20220804-6354275  User: oesteban  Machine: dna061  Platform: Linux  PlatformVersion: 5.14.0-427.37.1.el9_4.x86_64  CompilerName: GCC  CompilerVersion: 8.4.0
ProgramName: mris_anatomical_stats  ProgramArguments: mris_anatomical_stats -all-info  ProgramVersion: 7.3.2  TimeStamp: 2026/03/11-23:37:52-GMT  BuildTime: Aug  4 2022 06:17:15  BuildStamp: freesurfer-linux-ubuntu22_x86_64-7.3.2-20220804-6354275  User: oesteban  Machine: dna061  Platform: Linux  PlatformVersion: 5.14.0-427.37.1.el9_4.x86_64  CompilerName: GCC  CompilerVersion: 8.4.0
ProgramName: mris_ca_label  ProgramArguments: mris_ca_label -all-info  ProgramVersion: 7.3.2  TimeStamp: 2026/03/11-23:37:52-GMT  BuildTime: Aug  4 2022 06:17:15  BuildStamp: freesurfer-linux-ubuntu22_x86_64-7.3.2-20220804-6354275  User: oesteban  Machine: dna061  Platform: Linux  PlatformVersion: 5.14.0-427.37.1.el9_4.x86_64  CompilerName: GCC  CompilerVersion: 8.4.0
ProgramName: mris_calc  ProgramArguments: mris_calc -all-info  ProgramVersion: 7.3.2  TimeStamp: 2026/03/11-23:37:52-GMT  BuildTime: Aug  4 2022 06:17:15  BuildStamp: freesurfer-linux-ubuntu22_x86_64-7.3.2-20220804-6354275  User: oesteban  Machine: dna061  Platform: Linux  PlatformVersion: 5.14.0-427.37.1.el9_4.x86_64  CompilerName: GCC  CompilerVersion: 8.4.0
ProgramName: mris_convert  ProgramArguments: mris_convert -all-info  ProgramVersion: 7.3.2  TimeStamp: 2026/03/11-23:37:52-GMT  BuildTime: Aug  4 2022 06:17:15  BuildStamp: freesurfer-linux-ubuntu22_x86_64-7.3.2-20220804-6354275  User: oesteban  Machine: dna061  Platform: Linux  PlatformVersion: 5.14.0-427.37.1.el9_4.x86_64  CompilerName: GCC  CompilerVersion: 8.4.0
ProgramName: mris_curvature  ProgramArguments: mris_curvature -all-info  ProgramVersion: 7.3.2  TimeStamp: 2026/03/11-23:37:52-GMT  BuildTime: Aug  4 2022 06:17:15  BuildStamp: freesurfer-linux-ubuntu22_x86_64-7.3.2-20220804-6354275  User: oesteban  Machine: dna061  Platform: Linux  PlatformVersion: 5.14.0-427.37.1.el9_4.x86_64  CompilerName: GCC  CompilerVersion: 8.4.0
ProgramName: mris_curvature_stats  ProgramArguments: mris_curvature_stats -all-info  ProgramVersion: 7.3.2  TimeStamp: 2026/03/11-23:37:52-GMT  BuildTime: Aug  4 2022 06:17:15  BuildStamp: freesurfer-linux-ubuntu22_x86_64-7.3.2-20220804-6354275  User: oesteban  Machine: dna061  Platform: Linux  PlatformVersion: 5.14.0-427.37.1.el9_4.x86_64  CompilerName: GCC  CompilerVersion: 8.4.0
ProgramName: mris_diff  ProgramArguments: mris_diff -all-info  ProgramVersion: 7.3.2  TimeStamp: 2026/03/11-23:37:52-GMT  BuildTime: Aug  4 2022 06:17:15  BuildStamp: freesurfer-linux-ubuntu22_x86_64-7.3.2-20220804-6354275  User: oesteban  Machine: dna061  Platform: Linux  PlatformVersion: 5.14.0-427.37.1.el9_4.x86_64  CompilerName: GCC  CompilerVersion: 8.4.0
ProgramName: mris_divide_parcellation  ProgramArguments: mris_divide_parcellation -all-info  ProgramVersion: 7.3.2  TimeStamp: 2026/03/11-23:37:52-GMT  BuildTime: Aug  4 2022 06:17:15  BuildStamp: freesurfer-linux-ubuntu22_x86_64-7.3.2-20220804-6354275  User: oesteban  Machine: dna061  Platform: Linux  PlatformVersion: 5.14.0-427.37.1.el9_4.x86_64  CompilerName: GCC  CompilerVersion: 8.4.0
ProgramName: mri_segment  ProgramArguments: mri_segment -all-info  ProgramVersion: 7.3.2  TimeStamp: 2026/03/11-23:37:52-GMT  BuildTime: Aug  4 2022 06:17:15  BuildStamp: freesurfer-linux-ubuntu22_x86_64-7.3.2-20220804-6354275  User: oesteban  Machine: dna061  Platform: Linux  PlatformVersion: 5.14.0-427.37.1.el9_4.x86_64  CompilerName: GCC  CompilerVersion: 8.4.0
ProgramName: mri_segstats  ProgramArguments: mri_segstats -all-info  ProgramVersion: 7.3.2  TimeStamp: 2026/03/11-23:37:52-GMT  BuildTime: Aug  4 2022 06:17:15  BuildStamp: freesurfer-linux-ubuntu22_x86_64-7.3.2-20220804-6354275  User: oesteban  Machine: dna061  Platform: Linux  PlatformVersion: 5.14.0-427.37.1.el9_4.x86_64  CompilerName: GCC  CompilerVersion: 8.4.0
ProgramName: mris_euler_number  ProgramArguments: mris_euler_number -all-info  ProgramVersion: 7.3.2  TimeStamp: 2026/03/11-23:37:52-GMT  BuildTime: Aug  4 2022 06:17:15  BuildStamp: freesurfer-linux-ubuntu22_x86_64-7.3.2-20220804-6354275  User: oesteban  Machine: dna061  Platform: Linux  PlatformVersion: 5.14.0-427.37.1.el9_4.x86_64  CompilerName: GCC  CompilerVersion: 8.4.0
ProgramName: mris_fix_topology  ProgramArguments: mris_fix_topology -all-info  ProgramVersion: 7.3.2  TimeStamp: 2026/03/11-23:37:52-GMT  BuildTime: Aug  4 2022 06:17:15  BuildStamp: freesurfer-linux-ubuntu22_x86_64-7.3.2-20220804-6354275  User: oesteban  Machine: dna061  Platform: Linux  PlatformVersion: 5.14.0-427.37.1.el9_4.x86_64  CompilerName: GCC  CompilerVersion: 8.4.0
ProgramName: mris_topo_fixer  ProgramArguments: mris_topo_fixer -all-info  ProgramVersion: 7.3.2  TimeStamp: 2026/03/11-23:37:52-GMT  BuildTime: Aug  4 2022 06:17:15  BuildStamp: freesurfer-linux-ubuntu22_x86_64-7.3.2-20220804-6354275  User: oesteban  Machine: dna061  Platform: Linux  PlatformVersion: 5.14.0-427.37.1.el9_4.x86_64  CompilerName: GCC  CompilerVersion: 8.4.0
ProgramName: mris_jacobian  ProgramArguments: mris_jacobian -all-info  ProgramVersion: 7.3.2  TimeStamp: 2026/03/11-23:37:52-GMT  BuildTime: Aug  4 2022 06:17:15  BuildStamp: freesurfer-linux-ubuntu22_x86_64-7.3.2-20220804-6354275  User: oesteban  Machine: dna061  Platform: Linux  PlatformVersion: 5.14.0-427.37.1.el9_4.x86_64  CompilerName: GCC  CompilerVersion: 8.4.0
ProgramName: mris_label2annot  ProgramArguments: mris_label2annot -all-info  ProgramVersion: 7.3.2  TimeStamp: 2026/03/11-23:37:52-GMT  BuildTime: Aug  4 2022 06:17:15  BuildStamp: freesurfer-linux-ubuntu22_x86_64-7.3.2-20220804-6354275  User: oesteban  Machine: dna061  Platform: Linux  PlatformVersion: 5.14.0-427.37.1.el9_4.x86_64  CompilerName: GCC  CompilerVersion: 8.4.0
ProgramName: mris_left_right_register  ProgramArguments: mris_left_right_register -all-info  ProgramVersion: 7.3.2  TimeStamp: 2026/03/11-23:37:52-GMT  BuildTime: Aug  4 2022 06:17:15  BuildStamp: freesurfer-linux-ubuntu22_x86_64-7.3.2-20220804-6354275  User: oesteban  Machine: dna061  Platform: Linux  PlatformVersion: 5.14.0-427.37.1.el9_4.x86_64  CompilerName: GCC  CompilerVersion: 8.4.0
ProgramName: mris_place_surface  ProgramArguments: mris_place_surface -all-info  ProgramVersion: 7.3.2  TimeStamp: 2026/03/11-23:37:52-GMT  BuildTime: Aug  4 2022 06:17:15  BuildStamp: freesurfer-linux-ubuntu22_x86_64-7.3.2-20220804-6354275  User: oesteban  Machine: dna061  Platform: Linux  PlatformVersion: 5.14.0-427.37.1.el9_4.x86_64  CompilerName: GCC  CompilerVersion: 8.4.0
ProgramName: mrisp_paint  ProgramArguments: mrisp_paint -all-info  ProgramVersion: 7.3.2  TimeStamp: 2026/03/11-23:37:52-GMT  BuildTime: Aug  4 2022 06:17:15  BuildStamp: freesurfer-linux-ubuntu22_x86_64-7.3.2-20220804-6354275  User: oesteban  Machine: dna061  Platform: Linux  PlatformVersion: 5.14.0-427.37.1.el9_4.x86_64  CompilerName: GCC  CompilerVersion: 8.4.0
ProgramName: mris_register  ProgramArguments: mris_register -all-info  ProgramVersion: 7.3.2  TimeStamp: 2026/03/11-23:37:52-GMT  BuildTime: Aug  4 2022 06:17:15  BuildStamp: freesurfer-linux-ubuntu22_x86_64-7.3.2-20220804-6354275  User: oesteban  Machine: dna061  Platform: Linux  PlatformVersion: 5.14.0-427.37.1.el9_4.x86_64  CompilerName: GCC  CompilerVersion: 8.4.0
ProgramName: mris_smooth  ProgramArguments: mris_smooth -all-info  ProgramVersion: 7.3.2  TimeStamp: 2026/03/11-23:37:52-GMT  BuildTime: Aug  4 2022 06:17:15  BuildStamp: freesurfer-linux-ubuntu22_x86_64-7.3.2-20220804-6354275  User: oesteban  Machine: dna061  Platform: Linux  PlatformVersion: 5.14.0-427.37.1.el9_4.x86_64  CompilerName: GCC  CompilerVersion: 8.4.0
ProgramName: mris_sphere  ProgramArguments: mris_sphere -all-info  ProgramVersion: 7.3.2  TimeStamp: 2026/03/11-23:37:52-GMT  BuildTime: Aug  4 2022 06:17:15  BuildStamp: freesurfer-linux-ubuntu22_x86_64-7.3.2-20220804-6354275  User: oesteban  Machine: dna061  Platform: Linux  PlatformVersion: 5.14.0-427.37.1.el9_4.x86_64  CompilerName: GCC  CompilerVersion: 8.4.0
ProgramName: mris_surface_stats  ProgramArguments: mris_surface_stats -all-info  ProgramVersion: 7.3.2  TimeStamp: 2026/03/11-23:37:52-GMT  BuildTime: Aug  4 2022 06:17:15  BuildStamp: freesurfer-linux-ubuntu22_x86_64-7.3.2-20220804-6354275  User: oesteban  Machine: dna061  Platform: Linux  PlatformVersion: 5.14.0-427.37.1.el9_4.x86_64  CompilerName: GCC  CompilerVersion: 8.4.0
ProgramName: mri_stats2seg  ProgramArguments: mri_stats2seg -all-info  ProgramVersion: 7.3.2  TimeStamp: 2026/03/11-23:37:52-GMT  BuildTime: Aug  4 2022 06:17:15  BuildStamp: freesurfer-linux-ubuntu22_x86_64-7.3.2-20220804-6354275  User: oesteban  Machine: dna061  Platform: Linux  PlatformVersion: 5.14.0-427.37.1.el9_4.x86_64  CompilerName: GCC  CompilerVersion: 8.4.0
ProgramName: mris_thickness  ProgramArguments: mris_thickness -all-info  ProgramVersion: 7.3.2  TimeStamp: 2026/03/11-23:37:52-GMT  BuildTime: Aug  4 2022 06:17:15  BuildStamp: freesurfer-linux-ubuntu22_x86_64-7.3.2-20220804-6354275  User: oesteban  Machine: dna061  Platform: Linux  PlatformVersion: 5.14.0-427.37.1.el9_4.x86_64  CompilerName: GCC  CompilerVersion: 8.4.0
ProgramName: mris_thickness_diff  ProgramArguments: mris_thickness_diff -all-info  ProgramVersion: 7.3.2  TimeStamp: 2026/03/11-23:37:52-GMT  BuildTime: Aug  4 2022 06:17:15  BuildStamp: freesurfer-linux-ubuntu22_x86_64-7.3.2-20220804-6354275  User: oesteban  Machine: dna061  Platform: Linux  PlatformVersion: 5.14.0-427.37.1.el9_4.x86_64  CompilerName: GCC  CompilerVersion: 8.4.0
ProgramName: mris_topo_fixer  ProgramArguments: mris_topo_fixer -all-info  ProgramVersion: 7.3.2  TimeStamp: 2026/03/11-23:37:52-GMT  BuildTime: Aug  4 2022 06:17:15  BuildStamp: freesurfer-linux-ubuntu22_x86_64-7.3.2-20220804-6354275  User: oesteban  Machine: dna061  Platform: Linux  PlatformVersion: 5.14.0-427.37.1.el9_4.x86_64  CompilerName: GCC  CompilerVersion: 8.4.0
ProgramName: mri_surf2surf  ProgramArguments: mri_surf2surf -all-info  ProgramVersion: 7.3.2  TimeStamp: 2026/03/11-23:37:52-GMT  BuildTime: Aug  4 2022 06:17:15  BuildStamp: freesurfer-linux-ubuntu22_x86_64-7.3.2-20220804-6354275  User: oesteban  Machine: dna061  Platform: Linux  PlatformVersion: 5.14.0-427.37.1.el9_4.x86_64  CompilerName: GCC  CompilerVersion: 8.4.0
ProgramName: mri_surf2vol  ProgramArguments: mri_surf2vol -all-info  ProgramVersion: 7.3.2  TimeStamp: 2026/03/11-23:37:52-GMT  BuildTime: Aug  4 2022 06:17:15  BuildStamp: freesurfer-linux-ubuntu22_x86_64-7.3.2-20220804-6354275  User: oesteban  Machine: dna061  Platform: Linux  PlatformVersion: 5.14.0-427.37.1.el9_4.x86_64  CompilerName: GCC  CompilerVersion: 8.4.0
ProgramName: mri_surfcluster  ProgramArguments: mri_surfcluster -all-info  ProgramVersion: 7.3.2  TimeStamp: 2026/03/11-23:37:52-GMT  BuildTime: Aug  4 2022 06:17:15  BuildStamp: freesurfer-linux-ubuntu22_x86_64-7.3.2-20220804-6354275  User: oesteban  Machine: dna061  Platform: Linux  PlatformVersion: 5.14.0-427.37.1.el9_4.x86_64  CompilerName: GCC  CompilerVersion: 8.4.0
ProgramName: mris_volmask  ProgramArguments: mris_volmask -all-info  ProgramVersion: 7.3.2  TimeStamp: 2026/03/11-23:37:52-GMT  BuildTime: Aug  4 2022 06:17:15  BuildStamp: freesurfer-linux-ubuntu22_x86_64-7.3.2-20220804-6354275  User: oesteban  Machine: dna061  Platform: Linux  PlatformVersion: 5.14.0-427.37.1.el9_4.x86_64  CompilerName: GCC  CompilerVersion: 8.4.0
ProgramName: mri_tessellate  ProgramArguments: mri_tessellate -all-info  ProgramVersion: 7.3.2  TimeStamp: 2026/03/11-23:37:52-GMT  BuildTime: Aug  4 2022 06:17:15  BuildStamp: freesurfer-linux-ubuntu22_x86_64-7.3.2-20220804-6354275  User: oesteban  Machine: dna061  Platform: Linux  PlatformVersion: 5.14.0-427.37.1.el9_4.x86_64  CompilerName: GCC  CompilerVersion: 8.4.0
ProgramName: mri_vol2surf  ProgramArguments: mri_vol2surf -all-info  ProgramVersion: 7.3.2  TimeStamp: 2026/03/11-23:37:52-GMT  BuildTime: Aug  4 2022 06:17:15  BuildStamp: freesurfer-linux-ubuntu22_x86_64-7.3.2-20220804-6354275  User: oesteban  Machine: dna061  Platform: Linux  PlatformVersion: 5.14.0-427.37.1.el9_4.x86_64  CompilerName: GCC  CompilerVersion: 8.4.0
ProgramName: mri_vol2vol  ProgramArguments: mri_vol2vol -all-info  ProgramVersion: 7.3.2  TimeStamp: 2026/03/11-23:37:52-GMT  BuildTime: Aug  4 2022 06:17:15  BuildStamp: freesurfer-linux-ubuntu22_x86_64-7.3.2-20220804-6354275  User: oesteban  Machine: dna061  Platform: Linux  PlatformVersion: 5.14.0-427.37.1.el9_4.x86_64  CompilerName: GCC  CompilerVersion: 8.4.0
ProgramName: mri_voldiff  ProgramArguments: mri_voldiff -all-info  ProgramVersion: 7.3.2  TimeStamp: 2026/03/11-23:37:52-GMT  BuildTime: Aug  4 2022 06:17:15  BuildStamp: freesurfer-linux-ubuntu22_x86_64-7.3.2-20220804-6354275  User: oesteban  Machine: dna061  Platform: Linux  PlatformVersion: 5.14.0-427.37.1.el9_4.x86_64  CompilerName: GCC  CompilerVersion: 8.4.0
ProgramName: mri_watershed  ProgramArguments: mri_watershed -all-info  ProgramVersion: 7.3.2  TimeStamp: 2026/03/11-23:37:52-GMT  BuildTime: Aug  4 2022 06:17:15  BuildStamp: freesurfer-linux-ubuntu22_x86_64-7.3.2-20220804-6354275  User: oesteban  Machine: dna061  Platform: Linux  PlatformVersion: 5.14.0-427.37.1.el9_4.x86_64  CompilerName: GCC  CompilerVersion: 8.4.0
ProgramName: tkregister2  ProgramArguments: tkregister2_cmdl -all-info  ProgramVersion: 7.3.2  TimeStamp: 2026/03/11-23:37:52-GMT  BuildTime: Aug  4 2022 06:17:15  BuildStamp: freesurfer-linux-ubuntu22_x86_64-7.3.2-20220804-6354275  User: oesteban  Machine: dna061  Platform: Linux  PlatformVersion: 5.14.0-427.37.1.el9_4.x86_64  CompilerName: GCC  CompilerVersion: 8.4.0
mri_motion_correct.fsl 7.3.2
mri_convert -all-info 
ProgramName: mri_convert  ProgramArguments: mri_convert -all-info  ProgramVersion: 7.3.2  TimeStamp: 2026/03/11-23:37:52-GMT  BuildTime: Aug  4 2022 06:17:15  BuildStamp: freesurfer-linux-ubuntu22_x86_64-7.3.2-20220804-6354275  User: oesteban  Machine: dna061  Platform: Linux  PlatformVersion: 5.14.0-427.37.1.el9_4.x86_64  CompilerName: GCC  CompilerVersion: 8.4.0
Program nu_correct, built from:
Package MNI N3, version 1.12.0, compiled by nicks@terrier (x86_64-unknown-linux-gnu) on 2015-06-19 at 01:25:34
#######################################
GCADIR /opt/freesurfer/average
GCA RB_all_2020-01-02.gca
GCASkull RB_all_withskull_2020_01_02.gca
AvgCurvTif folding.atlas.acfb40.noaparc.i12.2016-08-02.tif
GCSDIR /opt/freesurfer/average
GCS DKaparc.atlas.acfb40.noaparc.i12.2016-08-02.gcs
#######################################
#--------------------------------------------
#@# WhiteSurfs lh Thu Mar 12 00:37:52 CET 2026
cd /out/sourcedata/freesurfer/sub-v1s2x0051493_ses-1/mri
mris_place_surface --adgws-in ../surf/autodet.gw.stats.lh.dat --seg aseg.presurf.mgz --threads 16 --wm wm.mgz --invol brain.finalsurfs.mgz --lh --i ../surf/lh.white.preaparc --o ../surf/lh.white --white --nsmooth 0 --rip-label ../label/lh.cortex.label --rip-bg --rip-surf ../surf/lh.white.preaparc --aparc ../label/lh.aparc.annot
   Update not needed
#--------------------------------------------
#@# WhiteSurfs rh Thu Mar 12 00:37:52 CET 2026
cd /out/sourcedata/freesurfer/sub-v1s2x0051493_ses-1/mri
mris_place_surface --adgws-in ../surf/autodet.gw.stats.rh.dat --seg aseg.presurf.mgz --threads 16 --wm wm.mgz --invol brain.finalsurfs.mgz --rh --i ../surf/rh.white.preaparc --o ../surf/rh.white --white --nsmooth 0 --rip-label ../label/rh.cortex.label --rip-bg --rip-surf ../surf/rh.white.preaparc --aparc ../label/rh.aparc.annot
   Update not needed
#@# white curv lh Thu Mar 12 00:37:52 CET 2026
cd /out/sourcedata/freesurfer/sub-v1s2x0051493_ses-1/mri
mris_place_surface --curv-map ../surf/lh.white 2 10 ../surf/lh.curv
   Update not needed
#@# white area lh Thu Mar 12 00:37:52 CET 2026
cd /out/sourcedata/freesurfer/sub-v1s2x0051493_ses-1/mri
mris_place_surface --area-map ../surf/lh.white ../surf/lh.area
   Update not needed
#@# pial curv lh Thu Mar 12 00:37:53 CET 2026
cd /out/sourcedata/freesurfer/sub-v1s2x0051493_ses-1/mri
mris_place_surface --curv-map ../surf/lh.pial 2 10 ../surf/lh.curv.pial
   Update not needed
#@# pial area lh Thu Mar 12 00:37:53 CET 2026
cd /out/sourcedata/freesurfer/sub-v1s2x0051493_ses-1/mri
mris_place_surface --area-map ../surf/lh.pial ../surf/lh.area.pial
   Update not needed
#@# thickness lh Thu Mar 12 00:37:53 CET 2026
cd /out/sourcedata/freesurfer/sub-v1s2x0051493_ses-1/mri
mris_place_surface --thickness ../surf/lh.white ../surf/lh.pial 20 5 ../surf/lh.thickness
   Update not needed
#@# area and vertex vol lh Thu Mar 12 00:37:53 CET 2026
cd /out/sourcedata/freesurfer/sub-v1s2x0051493_ses-1/mri
mris_place_surface --thickness ../surf/lh.white ../surf/lh.pial 20 5 ../surf/lh.thickness
   Update not needed
#@# white curv rh Thu Mar 12 00:37:53 CET 2026
cd /out/sourcedata/freesurfer/sub-v1s2x0051493_ses-1/mri
mris_place_surface --curv-map ../surf/rh.white 2 10 ../surf/rh.curv
   Update not needed
#@# white area rh Thu Mar 12 00:37:53 CET 2026
cd /out/sourcedata/freesurfer/sub-v1s2x0051493_ses-1/mri
mris_place_surface --area-map ../surf/rh.white ../surf/rh.area
   Update not needed
#@# pial curv rh Thu Mar 12 00:37:53 CET 2026
cd /out/sourcedata/freesurfer/sub-v1s2x0051493_ses-1/mri
mris_place_surface --curv-map ../surf/rh.pial 2 10 ../surf/rh.curv.pial
   Update not needed
#@# pial area rh Thu Mar 12 00:37:53 CET 2026
cd /out/sourcedata/freesurfer/sub-v1s2x0051493_ses-1/mri
mris_place_surface --area-map ../surf/rh.pial ../surf/rh.area.pial
   Update not needed
#@# thickness rh Thu Mar 12 00:37:53 CET 2026
cd /out/sourcedata/freesurfer/sub-v1s2x0051493_ses-1/mri
mris_place_surface --thickness ../surf/rh.white ../surf/rh.pial 20 5 ../surf/rh.thickness
   Update not needed
#@# area and vertex vol rh Thu Mar 12 00:37:53 CET 2026
cd /out/sourcedata/freesurfer/sub-v1s2x0051493_ses-1/mri
mris_place_surface --thickness ../surf/rh.white ../surf/rh.pial 20 5 ../surf/rh.thickness
   Update not needed

#-----------------------------------------
#@# Curvature Stats lh Thu Mar 12 00:37:53 CET 2026
/out/sourcedata/freesurfer/sub-v1s2x0051493_ses-1/surf

 mris_curvature_stats -m --writeCurvatureFiles -G -o ../stats/lh.curv.stats -F smoothwm sub-v1s2x0051493_ses-1 lh curv sulc 

             Toggling save flag on curvature files                       [ ok ]
                 Outputting results using filestem   [ ../stats/lh.curv.stats ]
             Toggling save flag on curvature files                       [ ok ]
                                   Setting surface [ sub-v1s2x0051493_ses-1/lh.smoothwm ]
                                Reading surface...                       [ ok ]
                                   Setting texture                     [ curv ]
                                Reading texture...                       [ ok ]
                                   Setting texture                     [ sulc ]
                                Reading texture...Gb_filter = 0
                       [ ok ]
      Calculating Discrete Principal Curvatures...
      Determining geometric order for vno faces... [####################] [ ok ]
                      Determining KH curvatures... [####################] [ ok ]
                    Determining k1k2 curvatures... [####################] [ ok ]
                                   deltaViolations                      [ 271 ]
Gb_filter = 0

WARN:    S lookup   min:                          -0.068789
WARN:    S explicit min:                          0.000000	vertex = 28

#-----------------------------------------
#@# Curvature Stats rh Thu Mar 12 00:37:55 CET 2026
/out/sourcedata/freesurfer/sub-v1s2x0051493_ses-1/surf

 mris_curvature_stats -m --writeCurvatureFiles -G -o ../stats/rh.curv.stats -F smoothwm sub-v1s2x0051493_ses-1 rh curv sulc 

             Toggling save flag on curvature files                       [ ok ]
                 Outputting results using filestem   [ ../stats/rh.curv.stats ]
             Toggling save flag on curvature files                       [ ok ]
                                   Setting surface [ sub-v1s2x0051493_ses-1/rh.smoothwm ]
                                Reading surface...                       [ ok ]
                                   Setting texture                     [ curv ]
                                Reading texture...                       [ ok ]
                                   Setting texture                     [ sulc ]
                                Reading texture...Gb_filter = 0
                       [ ok ]
      Calculating Discrete Principal Curvatures...
      Determining geometric order for vno faces... [####################] [ ok ]
                      Determining KH curvatures... [####################] [ ok ]
                    Determining k1k2 curvatures... [####################] [ ok ]
                                   deltaViolations                      [ 256 ]
Gb_filter = 0
#-----------------------------------------
#@# Relabel Hypointensities Thu Mar 12 00:37:58 CET 2026
/out/sourcedata/freesurfer/sub-v1s2x0051493_ses-1/mri

 mri_relabel_hypointensities aseg.presurf.mgz ../surf aseg.presurf.hypos.mgz 

reading input surface ../surf/lh.white...
relabeling lh hypointensities...
8519 voxels changed to hypointensity...
reading input surface ../surf/rh.white...
relabeling rh hypointensities...
5385 voxels changed to hypointensity...
13577 hypointense voxels neighboring cortex changed
#-----------------------------------------
#@# APas-to-ASeg Thu Mar 12 00:38:14 CET 2026
/out/sourcedata/freesurfer/sub-v1s2x0051493_ses-1/mri

 mri_surf2volseg --o aseg.mgz --i aseg.presurf.hypos.mgz --fix-presurf-with-ribbon /out/sourcedata/freesurfer/sub-v1s2x0051493_ses-1/mri/ribbon.mgz --threads 16 --lh-cortex-mask /out/sourcedata/freesurfer/sub-v1s2x0051493_ses-1/label/lh.cortex.label --lh-white /out/sourcedata/freesurfer/sub-v1s2x0051493_ses-1/surf/lh.white --lh-pial /out/sourcedata/freesurfer/sub-v1s2x0051493_ses-1/surf/lh.pial --rh-cortex-mask /out/sourcedata/freesurfer/sub-v1s2x0051493_ses-1/label/rh.cortex.label --rh-white /out/sourcedata/freesurfer/sub-v1s2x0051493_ses-1/surf/rh.white --rh-pial /out/sourcedata/freesurfer/sub-v1s2x0051493_ses-1/surf/rh.pial 

SUBJECTS_DIR /out/sourcedata/freesurfer
outvol aseg.mgz
16 avail.processors, using 16
Loading aseg.presurf.hypos.mgz
Loading /out/sourcedata/freesurfer/sub-v1s2x0051493_ses-1/mri/ribbon.mgz
Loading /out/sourcedata/freesurfer/sub-v1s2x0051493_ses-1/surf/lh.white
Loading /out/sourcedata/freesurfer/sub-v1s2x0051493_ses-1/surf/lh.pial
Loading /out/sourcedata/freesurfer/sub-v1s2x0051493_ses-1/label/lh.cortex.label
Loading /out/sourcedata/freesurfer/sub-v1s2x0051493_ses-1/surf/rh.white
Loading /out/sourcedata/freesurfer/sub-v1s2x0051493_ses-1/surf/rh.pial
Loading /out/sourcedata/freesurfer/sub-v1s2x0051493_ses-1/label/rh.cortex.label
Done loading
240 112 176  64 208  32 144 224  80   0  96 128 160 192  16  48   1 241 193 209  33  17 225  65  49  81 161 177  97 145   2 242 194 210 113  34  18 226  66  50 129   3 243 211 195  82 178  35 227  67 162  19 
 51 146  98   4 244 212 196  36 228  68 179 
 83  52  20   5 245 213 197 163 114 147 130  99 
 37 229  69  53   6 246 180  21 214 198  84  38 230  70 164 247 100  54   7 148 215 199 
 22 181 115  85  39 
231 248 131  55  71 216 200   8  23 182 101 165 149  40 232 249  56  86 217 201   9  24  72 116 183  41  57 233 250 218 202 166 102  10  25 150  87  73 251  42  58 184 234 219 
203 132  26  11  74  59 
 88 252 167 103  43 151 117 235 220 185 204  27  12  60 253  44  75 221 236 205 186  89 168  13  28  61 254 133 152 104  45 222 206 237 187  76 118  14  29 255  62  90 207 223 169  46 238 188  15  77 153  63  30 105 134 239 
189  47  91 170  31  78 119 
190 154 171  79 
106 135 191  92 172 120 155 136 107  93 173 156 121 137  94 108 174 157 122  95 138 175 109 158 110 139 
123 159 
111 124 140 125 141 126 142 127 143 
nrelabeled = 236713
ndotcheck = 0
Starting Surf2VolSeg free
free done
#VMPC# mri_surf2volseg VmPeak  1990052
mri_surf2volseg done

 mri_brainvol_stats sub-v1s2x0051493_ses-1 

ComputeBrainVolumeStats2 VoxelVol=1, KeepCSF=1
  #CBVS2 MaskVol              1542010.0
  #CBVS2 BrainSegVol          1212342.0
  #CBVS2 BrainSegVolNotVent   1200511.0
  #CBVS2 SupraTentVol         1081265.0
  #CBVS2 SupraTentVolNotVent  1069434.0
  #CBVS2 lhCtxGM               236367.1
  #CBVS2 rhCtxGM               239691.7
  #CBVS2 lhCerebralWM          268077.0
  #CBVS2 rhCerebralWM          265292.0
  #CBVS2 SubCortGMVol           61317.0
  #CBVS2 CerebellumVol         131077.0
  #CBVS2 CerebellumGMVol       105330.0
  #CBVS2 VentChorVol             9408.0
  #CBVS2 3rd4th5thCSF            2423.0
  #CBVS2 AllCSF                 11831.0
  #CBVS2 CCVol                   5600.0
#-----------------------------------------
#@# AParc-to-ASeg aparc Thu Mar 12 00:38:23 CET 2026
/out/sourcedata/freesurfer/sub-v1s2x0051493_ses-1/mri

 mri_surf2volseg --o aparc+aseg.mgz --label-cortex --i aseg.mgz --threads 16 --lh-annot /out/sourcedata/freesurfer/sub-v1s2x0051493_ses-1/label/lh.aparc.annot 1000 --lh-cortex-mask /out/sourcedata/freesurfer/sub-v1s2x0051493_ses-1/label/lh.cortex.label --lh-white /out/sourcedata/freesurfer/sub-v1s2x0051493_ses-1/surf/lh.white --lh-pial /out/sourcedata/freesurfer/sub-v1s2x0051493_ses-1/surf/lh.pial --rh-annot /out/sourcedata/freesurfer/sub-v1s2x0051493_ses-1/label/rh.aparc.annot 2000 --rh-cortex-mask /out/sourcedata/freesurfer/sub-v1s2x0051493_ses-1/label/rh.cortex.label --rh-white /out/sourcedata/freesurfer/sub-v1s2x0051493_ses-1/surf/rh.white --rh-pial /out/sourcedata/freesurfer/sub-v1s2x0051493_ses-1/surf/rh.pial 

SUBJECTS_DIR /out/sourcedata/freesurfer
outvol aparc+aseg.mgz
16 avail.processors, using 16
Loading aseg.mgz
Loading /out/sourcedata/freesurfer/sub-v1s2x0051493_ses-1/surf/lh.white
Loading /out/sourcedata/freesurfer/sub-v1s2x0051493_ses-1/surf/lh.pial
Loading /out/sourcedata/freesurfer/sub-v1s2x0051493_ses-1/label/lh.cortex.label
Ripping lh vertices labeled not in lh.cortex.label
  ripped 9055 vertices from lh hemi
Loading /out/sourcedata/freesurfer/sub-v1s2x0051493_ses-1/label/lh.aparc.annot
Loading /out/sourcedata/freesurfer/sub-v1s2x0051493_ses-1/surf/rh.white
Loading /out/sourcedata/freesurfer/sub-v1s2x0051493_ses-1/surf/rh.pial
Loading /out/sourcedata/freesurfer/sub-v1s2x0051493_ses-1/label/rh.cortex.label
Ripping rh vertices labeled not in rh.cortex.label
  ripped 8455 vertices from rh hemi
Loading /out/sourcedata/freesurfer/sub-v1s2x0051493_ses-1/label/rh.aparc.annot
Done loading
 48  32 160 144 112  96  80  16 176  64 224   0 192 128 208 240  33   1  49 193 209 225  17  34   2 241  50 194 210 226  18   3 242  35  51 195 211 227   4  19 
 36   5  52 196 212 228 243  20  37   6  53 197 213 229  21   7  38 244  54 198 214 230   8  22 245  39 
  9  55 199 
215 231  23  40  56  10 200 216 232 246  24  41  57  11 201 247 217 233  25  42  12  58 202 218 248 234  26  43  13  59 
203 249 219 
235  27  14  44  60 204 220 250 236  15  28  45  61 205 221 237  29  46 251 206 222  30  47 238 207 223  62 252  31 239 
253 254 255  63  65 113 145  66  97 129 177 114  81  67 146 161 115  68  98 130 178 147  82  69 116 148 131  99 
179 
 70 162 117  83 149 132 100  71 180 118 150  84 163 133 101 181  72 119 
151 182 102  85 134  73 120 183 152 103 184 164 185 135 186  86 187 121 188 189 190 191  74 153 104 122 136  87 105 154 165  75 123 106 155  76  88 137 107 124 166 156 108  77 125  89 138 167 109 157 126  78  90 110 139 
111  91 168 158 127  79 
 92 140 159 
169  93 141  94 170 142  95 143 171 172 173 174 175 
nrelabeled = 474748
ndotcheck = 38241
Starting Surf2VolSeg free
free done
#VMPC# mri_surf2volseg VmPeak  1974388
mri_surf2volseg done
#-----------------------------------------
#@# AParc-to-ASeg aparc.a2009s Thu Mar 12 00:39:11 CET 2026
/out/sourcedata/freesurfer/sub-v1s2x0051493_ses-1/mri

 mri_surf2volseg --o aparc.a2009s+aseg.mgz --label-cortex --i aseg.mgz --threads 16 --lh-annot /out/sourcedata/freesurfer/sub-v1s2x0051493_ses-1/label/lh.aparc.a2009s.annot 11100 --lh-cortex-mask /out/sourcedata/freesurfer/sub-v1s2x0051493_ses-1/label/lh.cortex.label --lh-white /out/sourcedata/freesurfer/sub-v1s2x0051493_ses-1/surf/lh.white --lh-pial /out/sourcedata/freesurfer/sub-v1s2x0051493_ses-1/surf/lh.pial --rh-annot /out/sourcedata/freesurfer/sub-v1s2x0051493_ses-1/label/rh.aparc.a2009s.annot 12100 --rh-cortex-mask /out/sourcedata/freesurfer/sub-v1s2x0051493_ses-1/label/rh.cortex.label --rh-white /out/sourcedata/freesurfer/sub-v1s2x0051493_ses-1/surf/rh.white --rh-pial /out/sourcedata/freesurfer/sub-v1s2x0051493_ses-1/surf/rh.pial 

SUBJECTS_DIR /out/sourcedata/freesurfer
outvol aparc.a2009s+aseg.mgz
16 avail.processors, using 16
Loading aseg.mgz
Loading /out/sourcedata/freesurfer/sub-v1s2x0051493_ses-1/surf/lh.white
Loading /out/sourcedata/freesurfer/sub-v1s2x0051493_ses-1/surf/lh.pial
Loading /out/sourcedata/freesurfer/sub-v1s2x0051493_ses-1/label/lh.cortex.label
Ripping lh vertices labeled not in lh.cortex.label
  ripped 9055 vertices from lh hemi
Loading /out/sourcedata/freesurfer/sub-v1s2x0051493_ses-1/label/lh.aparc.a2009s.annot
Loading /out/sourcedata/freesurfer/sub-v1s2x0051493_ses-1/surf/rh.white
Loading /out/sourcedata/freesurfer/sub-v1s2x0051493_ses-1/surf/rh.pial
Loading /out/sourcedata/freesurfer/sub-v1s2x0051493_ses-1/label/rh.cortex.label
Ripping rh vertices labeled not in rh.cortex.label
  ripped 8455 vertices from rh hemi
Loading /out/sourcedata/freesurfer/sub-v1s2x0051493_ses-1/label/rh.aparc.a2009s.annot
Done loading
  0  64 176  96 160 192 240 112 208  80  48 144 128 224  32  16 209 193   1  17  49  33 225 241   2 194 210  50  18  34 226   3 242 195 211  51  19 
  4 227 196 212  52 243  20   5  35  53 228 197 213   6 244  36  54   7 229 214 198  21  55 245   8  56  37 230 199 
215 246   9  57  22  10 231 200 216  58  23  38  11  59 
232 217 201  24 247  12  60  25 233  13 248  61  26  39 
218 202  14 234  27 203  40 249  15  28 219 
235 250  62  41 220  29 236 251 221  30 204 252 237 222  31 205 253  42 238 223 254 206  43 239 
255 207  44  45  46  47  63  65 113  66 145  97 129  81 114 177  67 161 146 115  98  68 130  82 178 116 147  69  99 
162 131 117 179 
 83 148  70 100 132 118 149 180  84 163  71 101 150 119 
133 181  72 102  85 182 151 164 120 134 103 183  73  86 184 152 121 185 186 104 187 135 188 189 190 191 165  74 153 122  87 105 136  75 106 123 154 166  88 107 124  76 137 155 108 167  89 125  77 156 109 138  90 126 168 110  78 157  91 111 139 
127 169  79 
 92 158 140  93 170 159 
 94 141 171  95 142 143 172 173 174 175 
nrelabeled = 474748
ndotcheck = 38241
Starting Surf2VolSeg free
free done
#VMPC# mri_surf2volseg VmPeak  1974480
mri_surf2volseg done
#-----------------------------------------
#@# AParc-to-ASeg aparc.DKTatlas Thu Mar 12 00:40:00 CET 2026
/out/sourcedata/freesurfer/sub-v1s2x0051493_ses-1/mri

 mri_surf2volseg --o aparc.DKTatlas+aseg.mgz --label-cortex --i aseg.mgz --threads 16 --lh-annot /out/sourcedata/freesurfer/sub-v1s2x0051493_ses-1/label/lh.aparc.DKTatlas.annot 1000 --lh-cortex-mask /out/sourcedata/freesurfer/sub-v1s2x0051493_ses-1/label/lh.cortex.label --lh-white /out/sourcedata/freesurfer/sub-v1s2x0051493_ses-1/surf/lh.white --lh-pial /out/sourcedata/freesurfer/sub-v1s2x0051493_ses-1/surf/lh.pial --rh-annot /out/sourcedata/freesurfer/sub-v1s2x0051493_ses-1/label/rh.aparc.DKTatlas.annot 2000 --rh-cortex-mask /out/sourcedata/freesurfer/sub-v1s2x0051493_ses-1/label/rh.cortex.label --rh-white /out/sourcedata/freesurfer/sub-v1s2x0051493_ses-1/surf/rh.white --rh-pial /out/sourcedata/freesurfer/sub-v1s2x0051493_ses-1/surf/rh.pial 

SUBJECTS_DIR /out/sourcedata/freesurfer
outvol aparc.DKTatlas+aseg.mgz
16 avail.processors, using 16
Loading aseg.mgz
Loading /out/sourcedata/freesurfer/sub-v1s2x0051493_ses-1/surf/lh.white
Loading /out/sourcedata/freesurfer/sub-v1s2x0051493_ses-1/surf/lh.pial
Loading /out/sourcedata/freesurfer/sub-v1s2x0051493_ses-1/label/lh.cortex.label
Ripping lh vertices labeled not in lh.cortex.label
  ripped 9055 vertices from lh hemi
Loading /out/sourcedata/freesurfer/sub-v1s2x0051493_ses-1/label/lh.aparc.DKTatlas.annot
Loading /out/sourcedata/freesurfer/sub-v1s2x0051493_ses-1/surf/rh.white
Loading /out/sourcedata/freesurfer/sub-v1s2x0051493_ses-1/surf/rh.pial
Loading /out/sourcedata/freesurfer/sub-v1s2x0051493_ses-1/label/rh.cortex.label
Ripping rh vertices labeled not in rh.cortex.label
  ripped 8455 vertices from rh hemi
Loading /out/sourcedata/freesurfer/sub-v1s2x0051493_ses-1/label/rh.aparc.DKTatlas.annot
Done loading
  0 192 208 144 224  16  80 160 176  96  48  64 128 240  32 112 209  33  17   1  49 225 193  34  18   2 210 241 226  35  19 
  3 211 194 227  36  20   4 212 242  50 228  37   5  21 213  51 195  38  22   6 229 214 243  39 
  7  23 230 215  52 196  40   8  24 231 216 244  41   9  25 217  53 232 197  42  10  26 218 245  43  11 233 219 
 54 246  44  12 198 234 220  55 247  45  13  27 199 
235  56 221  46  14  28 200  57 236 222  47  15 248 201  58 237 223  29  59 
202 238 249  60 203  30 239 
 61 204 250  31 205  62 206 251 207 252 253 254 255  63  65  66 113 145  97 129 177  67  81 114 146 161  68  98 178 130 115 147  69  82 116  99 
131 148 179 
 70 162 117 149 132 180 100  83  71 150 118 163 181 133 101  72 151 182  84 119 
134 102 183  73 152 184 164 185 186 120 187 135 103 188 189 190 191  85 153  74 121 104 136 165 154  86 105 122  75 155 137 106 166 123  87  76 156 107 138 124 167 157 108  77  88 125 139 
168 109 158 126  78  89 110 140 169 159 
111 127  79 
141  90 170 142  91 143 171  92 172  93 173  94  95 174 175 
nrelabeled = 474748
ndotcheck = 38241
Starting Surf2VolSeg free
free done
#VMPC# mri_surf2volseg VmPeak  1974396
mri_surf2volseg done
#-----------------------------------------
#@# WMParc Thu Mar 12 00:40:51 CET 2026
/out/sourcedata/freesurfer/sub-v1s2x0051493_ses-1/mri

 mri_surf2volseg --o wmparc.mgz --label-wm --i aparc+aseg.mgz --threads 16 --lh-annot /out/sourcedata/freesurfer/sub-v1s2x0051493_ses-1/label/lh.aparc.annot 3000 --lh-cortex-mask /out/sourcedata/freesurfer/sub-v1s2x0051493_ses-1/label/lh.cortex.label --lh-white /out/sourcedata/freesurfer/sub-v1s2x0051493_ses-1/surf/lh.white --lh-pial /out/sourcedata/freesurfer/sub-v1s2x0051493_ses-1/surf/lh.pial --rh-annot /out/sourcedata/freesurfer/sub-v1s2x0051493_ses-1/label/rh.aparc.annot 4000 --rh-cortex-mask /out/sourcedata/freesurfer/sub-v1s2x0051493_ses-1/label/rh.cortex.label --rh-white /out/sourcedata/freesurfer/sub-v1s2x0051493_ses-1/surf/rh.white --rh-pial /out/sourcedata/freesurfer/sub-v1s2x0051493_ses-1/surf/rh.pial 

SUBJECTS_DIR /out/sourcedata/freesurfer
outvol wmparc.mgz
16 avail.processors, using 16
Loading aparc+aseg.mgz
Loading /out/sourcedata/freesurfer/sub-v1s2x0051493_ses-1/surf/lh.white
Loading /out/sourcedata/freesurfer/sub-v1s2x0051493_ses-1/surf/lh.pial
Loading /out/sourcedata/freesurfer/sub-v1s2x0051493_ses-1/label/lh.cortex.label
Ripping lh vertices labeled not in lh.cortex.label
  ripped 9055 vertices from lh hemi
Loading /out/sourcedata/freesurfer/sub-v1s2x0051493_ses-1/label/lh.aparc.annot
Loading /out/sourcedata/freesurfer/sub-v1s2x0051493_ses-1/surf/rh.white
Loading /out/sourcedata/freesurfer/sub-v1s2x0051493_ses-1/surf/rh.pial
Loading /out/sourcedata/freesurfer/sub-v1s2x0051493_ses-1/label/rh.cortex.label
Ripping rh vertices labeled not in rh.cortex.label
  ripped 8455 vertices from rh hemi
Loading /out/sourcedata/freesurfer/sub-v1s2x0051493_ses-1/label/rh.aparc.annot
Done loading
112 160 144  48 176 240 192   0  64  96 241   1 128  32 193  65   2  80  33  16 208 224 242   3  34 209 225 243   4  35  66 194 244 226 210  17   5  36 245 227 195 211   6  37 246 228   7  49  38 196 212  67 247 229   8  18  50 197 213 248   9 230  19 
 39 
249  10 231  51 198 214  20  40 250  11 232  21  52 215 199 
 68 251  12 233  22 216  41 252  13  53 200 234  23 217 253  14 235  24  54 201 218 254  15  25  42  69  55 255 202  26 236 219 
 27  56 203 220  43  28 221  57 204 237  29 222 238  44  30 205 223 239 
 31  58 206  45 129  59 
 70 207 177  46  60  61  47  62  63  71  72 178 161 130  81 145  73 179 
131  74 113  82 180  97 181 162  75 132 182  83 183 184  76 185 186 187 188 189 146 190 191 133 163 114  77  84  98  78 134  85 164 115  79 
147  99 
135  86 165 116  87 136 100 148 166  88 117 167 137 149 101  89 118 168 102  90 150 138 169 119 
 91 170 103 139 
151 120 171  92 104 172 152 121 140  93 173 122 105 153 174  94 123 141 175 106 124  95 154 107 142 125 155 108 126 143 156 127 157 109 158 110 159 
111 
nrelabeled = 527769
ndotcheck = 3748
Starting Surf2VolSeg free
free done
#VMPC# mri_surf2volseg VmPeak  1974388
mri_surf2volseg done

 mri_segstats --seed 1234 --seg mri/wmparc.mgz --sum stats/wmparc.stats --pv mri/norm.mgz --excludeid 0 --brainmask mri/brainmask.mgz --in mri/norm.mgz --in-intensity-name norm --in-intensity-units MR --subject sub-v1s2x0051493_ses-1 --surf-wm-vol --ctab /opt/freesurfer/WMParcStatsLUT.txt --etiv 

setting seed for random number genererator to 1234

7.3.2
cwd 
cmdline mri_segstats --seed 1234 --seg mri/wmparc.mgz --sum stats/wmparc.stats --pv mri/norm.mgz --excludeid 0 --brainmask mri/brainmask.mgz --in mri/norm.mgz --in-intensity-name norm --in-intensity-units MR --subject sub-v1s2x0051493_ses-1 --surf-wm-vol --ctab /opt/freesurfer/WMParcStatsLUT.txt --etiv 
sysname  Linux
hostname dna061
machine  x86_64
user     oesteban
whitesurfname  white
UseRobust  0
atlas_icv (eTIV) = 1379976 mm^3    (det: 1.411695 )
Loading mri/wmparc.mgz
Getting Brain Volume Statistics
Loading mri/norm.mgz
Loading mri/norm.mgz
Voxel Volume is 1 mm^3
Generating list of segmentation ids
Found 390 segmentations
Computing statistics for each segmentation

Reporting on  70 segmentations
Using PrintSegStat
mri_segstats done
#--------------------------------------------
#@# ASeg Stats Thu Mar 12 00:44:25 CET 2026
/out/sourcedata/freesurfer/sub-v1s2x0051493_ses-1

 mri_segstats --seed 1234 --seg mri/aseg.mgz --sum stats/aseg.stats --pv mri/norm.mgz --empty --brainmask mri/brainmask.mgz --brain-vol-from-seg --excludeid 0 --excl-ctxgmwm --supratent --subcortgray --in mri/norm.mgz --in-intensity-name norm --in-intensity-units MR --etiv --surf-wm-vol --surf-ctx-vol --totalgray --euler --ctab /opt/freesurfer/ASegStatsLUT.txt --subject sub-v1s2x0051493_ses-1 

setting seed for random number genererator to 1234

7.3.2
cwd 
cmdline mri_segstats --seed 1234 --seg mri/aseg.mgz --sum stats/aseg.stats --pv mri/norm.mgz --empty --brainmask mri/brainmask.mgz --brain-vol-from-seg --excludeid 0 --excl-ctxgmwm --supratent --subcortgray --in mri/norm.mgz --in-intensity-name norm --in-intensity-units MR --etiv --surf-wm-vol --surf-ctx-vol --totalgray --euler --ctab /opt/freesurfer/ASegStatsLUT.txt --subject sub-v1s2x0051493_ses-1 
sysname  Linux
hostname dna061
machine  x86_64
user     oesteban
whitesurfname  white
UseRobust  0
atlas_icv (eTIV) = 1379976 mm^3    (det: 1.411695 )
Computing euler number
orig.nofix lheno =  -60, rheno = -42
orig.nofix lhholes =   31, rhholes = 22
Loading mri/aseg.mgz
Getting Brain Volume Statistics
Loading mri/norm.mgz
Loading mri/norm.mgz
Voxel Volume is 1 mm^3
Generating list of segmentation ids
Found  50 segmentations
Computing statistics for each segmentation

Reporting on  45 segmentations
Using PrintSegStat
mri_segstats done

Started at Thu Mar 12 00:37:52 CET 2026 
Ended   at Thu Mar 12 00:45:07 CET 2026
#@#%# recon-all-run-time-hours 0.121
recon-all -s sub-v1s2x0051493_ses-1 finished without error at Thu Mar 12 00:45:07 CET 2026
