#!ascii label  , from subject sub-v1s2x0051485_ses-1 vox2ras=TkReg
3001
167478  -6.761  -38.648  86.060 0.6250000000
49386  -7.657  -38.167  87.312 0.6250000000
49401  -7.361  -38.067  86.475 0.6250000000
49387  -8.039  -37.457  86.921 0.5000000000
49410  -7.227  -38.229  85.655 0.6250000000
49411  -7.799  -37.786  85.278 0.6250000000
49402  -7.877  -37.495  86.087 0.5000000000
156920  -8.626  -36.992  87.321 0.5000000000
49420  -7.122  -38.612  84.780 0.6250000000
50614  -8.481  -37.059  85.710 0.6250000000
50604  -8.679  -36.804  86.574 0.5000000000
49429  -7.162  -39.240  83.611 0.5000000000
50615  -9.229  -36.420  86.061 0.5000000000
50605  -9.322  -36.589  87.348 0.5000000000
169258  -9.887  -35.911  86.346 0.5000000000
51756  -9.730  -35.779  85.736 0.6250000000
51775  -9.959  -35.424  85.012 0.6250000000
51757  -10.614  -35.639  86.202 0.5000000000
52847  -12.149  -35.431  86.593 0.1250000000
151762  -11.507  -35.384  86.055 0.3750000000
52884  -10.937  -34.872  84.843 0.6250000000
147720  -11.710  -34.923  85.406 0.5000000000
52898  -11.265  -34.691  83.902 0.6250000000
174599  -11.597  -34.806  83.172 0.6250000000
52831  -11.899  -35.773  87.305 0.1250000000
62776  -32.103  -26.659  85.837 0.3750000000
52866  -12.381  -35.005  85.906 0.1250000000
62795  -31.253  -27.023  84.858 0.3750000000
148343  -31.818  -26.821  85.202 0.3750000000
62784  -32.543  -26.545  85.144 0.3750000000
62808  -31.276  -26.682  84.051 0.3750000000
62796  -31.985  -26.693  84.541 0.3750000000
63963  -33.664  -26.358  84.095 0.3750000000
52899  -12.522  -34.773  83.582 0.6250000000
165848  -30.187  -26.169  82.903 0.7500000000
62820  -30.830  -26.312  83.303 0.5000000000
62809  -32.225  -26.531  83.795 0.5000000000
62810  -33.089  -26.463  83.516 0.5000000000
147302  -34.921  -26.036  84.003 0.5000000000
65183  -36.489  -25.002  83.452 0.3750000000
52916  -12.291  -34.786  82.725 0.7500000000
62821  -31.679  -26.413  83.410 0.7500000000
62822  -32.410  -26.375  82.903 0.7500000000
160663  -33.418  -26.254  82.654 0.6250000000
63969  -33.930  -26.264  83.341 0.5000000000
63985  -35.225  -25.859  82.767 0.5000000000
65193  -37.030  -24.712  82.729 0.3750000000
66334  -37.323  -24.369  82.037 0.3750000000
66335  -38.066  -23.970  82.021 0.3750000000
54019  -12.774  -34.582  82.163 0.7500000000
63979  -29.854  -26.043  82.305 0.8750000000
63980  -30.867  -26.031  82.373 0.8750000000
63981  -31.912  -26.078  82.130 0.8750000000
63982  -32.841  -26.103  81.961 0.7500000000
63983  -33.812  -26.074  81.660 0.7500000000
174199  -34.645  -26.040  81.661 0.5000000000
64002  -35.596  -25.315  81.534 0.5000000000
65205  -37.175  -24.041  81.364 0.3750000000
66342  -37.709  -23.581  81.262 0.3750000000
67460  -38.177  -23.320  81.583 0.3750000000
63998  -32.339  -25.933  81.234 0.7500000000
150712  -33.117  -25.990  81.159 0.7500000000
64001  -35.066  -25.809  81.233 0.5000000000
64022  -35.375  -25.071  80.919 0.6250000000
65203  -36.121  -24.751  81.049 0.6250000000
157715  -36.617  -24.175  80.853 0.5000000000
158940  -37.077  -23.571  80.696 0.3750000000
64018  -31.914  -25.371  80.613 1.0000000000
63999  -33.708  -25.810  80.755 0.7500000000
150525  -34.456  -24.917  80.342 0.8750000000
65221  -35.747  -24.628  80.450 0.7500000000
65222  -36.180  -24.285  80.271 0.5000000000
65223  -36.603  -23.741  80.041 0.5000000000
64037  -31.462  -24.891  79.865 1.0000000000
64038  -32.830  -24.710  79.748 1.0000000000
64039  -33.287  -24.631  79.584 0.8750000000
64063  -35.120  -24.263  79.172 0.7500000000
65241  -36.123  -23.818  79.435 0.6250000000
65242  -36.638  -23.408  79.024 0.5000000000
173720  -32.215  -24.563  78.977 1.0000000000
64060  -32.844  -24.507  78.863 1.0000000000
64061  -33.483  -24.481  78.938 1.0000000000
147862  -34.778  -24.275  78.189 0.7500000000
65279  -35.471  -23.881  78.057 0.6250000000
65262  -36.146  -23.533  78.390 0.6250000000
64059  -31.528  -24.672  78.969 1.0000000000
64080  -33.047  -24.461  77.873 1.0000000000
64081  -34.448  -24.297  77.408 0.8750000000
64082  -35.193  -24.023  77.230 0.7500000000
155128  -32.355  -24.516  78.007 1.0000000000
146316  -33.044  -24.519  76.851 1.0000000000
64101  -34.614  -24.388  76.448 0.8750000000
64115  -34.416  -24.552  75.404 0.8750000000
64078  -31.914  -24.681  77.241 1.0000000000
64099  -32.686  -24.633  76.228 1.0000000000
162793  -33.810  -24.730  75.142 0.8750000000
64131  -34.255  -24.784  74.463 0.8750000000
64097  -31.312  -24.894  76.356 1.0000000000
64112  -31.754  -24.869  75.540 1.0000000000
64113  -32.502  -24.814  75.415 1.0000000000
64130  -33.567  -25.052  74.475 1.0000000000
64145  -34.514  -25.289  73.589 1.0000000000
64111  -30.875  -25.040  75.638 1.0000000000
145360  -31.589  -25.022  74.640 1.0000000000
62904  -32.788  -25.637  73.613 1.0000000000
159940  -33.549  -26.086  73.092 1.0000000000
62918  -34.043  -26.018  72.999 1.0000000000
152795  -19.590  -36.686  74.057 0.1250000000
53030  -20.223  -36.464  73.501 0.1250000000
64127  -31.416  -25.225  73.713 1.0000000000
62928  -31.887  -27.014  72.549 1.0000000000
147081  -32.784  -27.286  71.790 1.0000000000
64156  -30.102  -24.875  72.396 1.0000000000
62927  -31.014  -25.574  72.157 1.0000000000
62943  -31.388  -27.138  71.313 1.0000000000
146200  -32.263  -27.317  71.166 1.0000000000
53049  -22.905  -36.580  73.132 0.1250000000
175337  -22.881  -36.302  72.499 0.1250000000
53065  -24.463  -36.297  72.718 0.1250000000
147283  -29.458  -24.616  71.754 1.0000000000
64168  -29.824  -24.794  70.869 1.0000000000
62964  -30.839  -25.901  69.848 1.0000000000
64177  -25.719  -25.060  70.476 0.8750000000
64166  -27.429  -24.471  71.167 1.0000000000
64191  -28.902  -24.612  69.436 1.0000000000
165246  -30.202  -25.256  68.566 1.0000000000
55341  -25.455  -34.410  69.058 0.3750000000
64189  -25.424  -25.520  69.358 0.8750000000
64190  -27.447  -24.481  69.606 0.8750000000
64204  -28.398  -24.575  67.706 0.8750000000
64221  -29.789  -25.308  66.648 0.8750000000
58583  -24.377  -32.090  68.341 0.6250000000
146567  -13.105  -34.798  84.320 0.5000000000
146459  -12.706  -34.822  85.129 0.2500000000
61682  -29.162  -27.985  84.429 0.5000000000
62793  -29.659  -27.261  84.184 0.5000000000
62794  -30.458  -27.063  84.511 0.5000000000
61692  -28.428  -28.318  83.214 0.5000000000
62806  -29.578  -27.018  83.525 0.5000000000
52917  -13.461  -34.774  82.802 0.7500000000
61703  -28.900  -27.474  83.035 0.6250000000
168624  -30.055  -26.441  83.346 0.6250000000
66328  -37.596  -24.127  82.733 0.3750000000
54032  -13.065  -34.133  81.418 0.8750000000
62819  -29.445  -26.540  82.874 0.6250000000
62833  -29.124  -26.394  82.180 0.7500000000
66343  -38.076  -22.826  80.950 0.3750000000
54044  -13.430  -33.845  80.506 0.8750000000
62818  -28.679  -27.094  82.327 0.6250000000
61715  -28.135  -27.715  81.581 0.7500000000
62832  -28.467  -26.568  81.603 0.8750000000
63996  -30.360  -25.696  81.588 0.8750000000
63997  -31.404  -25.765  81.428 0.8750000000
152961  -37.550  -23.130  80.566 0.3750000000
54045  -14.541  -33.744  80.663 0.8750000000
172239  -28.129  -27.141  81.187 0.8750000000
63995  -29.322  -25.896  81.651 0.8750000000
66352  -37.814  -22.756  80.005 0.2500000000
66351  -37.246  -23.216  79.742 0.3750000000
54059  -14.796  -33.592  78.894 0.7500000000
151488  -27.560  -27.371  80.198 0.8750000000
62856  -27.483  -26.496  79.982 0.8750000000
64016  -29.826  -25.388  80.888 1.0000000000
146725  -30.459  -25.025  80.010 1.0000000000
66364  -37.680  -22.809  79.189 0.3750000000
54077  -15.205  -33.592  77.934 0.7500000000
65220  -28.345  -25.205  79.518 0.8750000000
64035  -29.242  -25.130  80.066 1.0000000000
64036  -30.941  -24.832  79.256 1.0000000000
152394  -35.938  -23.801  76.925 0.5000000000
174011  -35.849  -23.639  77.875 0.6250000000
65263  -36.742  -23.367  77.932 0.5000000000
54125  -15.039  -34.848  76.123 0.5000000000
65238  -29.180  -25.011  79.161 1.0000000000
156914  -31.704  -24.631  78.057 1.0000000000
65298  -36.519  -23.891  76.443 0.5000000000
65280  -36.289  -23.610  77.349 0.5000000000
150193  -16.909  -34.796  74.897 0.6250000000
64076  -30.322  -24.976  77.405 1.0000000000
64116  -35.824  -24.335  74.815 0.7500000000
64102  -36.182  -24.065  75.893 0.6250000000
54151  -17.678  -35.052  74.524 0.6250000000
64096  -30.618  -25.067  76.536 1.0000000000
64077  -31.239  -24.832  77.198 1.0000000000
64133  -35.930  -24.719  73.929 1.0000000000
53028  -18.094  -35.858  74.252 0.5000000000
65314  -29.418  -24.950  75.397 1.0000000000
64110  -30.034  -25.121  75.969 1.0000000000
62920  -35.105  -25.615  72.914 1.0000000000
64132  -35.119  -24.662  74.133 1.0000000000
53029  -18.789  -36.316  74.070 0.3750000000
150030  -19.459  -35.934  73.464 0.5000000000
149802  -30.792  -25.023  74.661 1.0000000000
62944  -34.496  -27.056  71.945 1.0000000000
62919  -34.605  -25.824  72.905 1.0000000000
64146  -35.234  -25.215  73.445 1.0000000000
62913  -25.051  -26.766  73.984 1.0000000000
172404  -26.187  -25.158  74.139 1.0000000000
64141  -26.819  -24.857  73.700 1.0000000000
65344  -27.808  -24.755  74.143 1.0000000000
64143  -29.701  -24.755  73.889 1.0000000000
145314  -30.631  -24.999  73.786 1.0000000000
146198  -33.800  -27.331  71.000 1.0000000000
147976  -33.474  -27.292  71.667 1.0000000000
173996  -20.875  -36.797  73.735 0.1250000000
53048  -21.997  -36.555  73.054 0.1250000000
151457  -25.480  -25.777  73.296 1.0000000000
145337  -28.155  -24.585  73.405 1.0000000000
147281  -29.393  -24.654  73.259 1.0000000000
64144  -30.513  -25.074  72.960 1.0000000000
62956  -32.518  -27.379  70.406 1.0000000000
146199  -33.036  -27.375  71.057 1.0000000000
53063  -23.126  -36.035  71.995 0.2500000000
151513  -24.024  -35.759  70.983 0.1250000000
54218  -24.509  -35.339  70.276 0.1250000000
64153  -25.784  -25.146  72.490 1.0000000000
146073  -28.045  -24.510  71.907 1.0000000000
62993  -32.793  -27.356  67.758 0.8750000000
62979  -31.602  -27.229  69.139 1.0000000000
55325  -25.115  -34.910  69.698 0.1250000000
64165  -25.908  -24.904  71.315 1.0000000000
63007  -32.605  -27.290  66.755 0.8750000000
63005  -31.209  -26.409  66.769 0.7500000000
56415  -24.873  -33.901  68.675 0.6250000000
58573  -23.796  -31.958  69.740 0.7500000000
161243  -23.779  -30.240  69.346 0.6250000000
61847  -23.911  -28.214  69.492 0.7500000000
62952  -24.153  -27.086  70.243 0.7500000000
148316  -31.804  -27.010  65.237 0.7500000000
169403  -30.809  -26.807  64.369 0.7500000000
154047  -23.907  -31.169  68.937 0.7500000000
60609  -28.162  -28.986  82.606 0.6250000000
58463  -27.198  -31.163  81.188 0.6250000000
57393  -27.071  -31.903  81.124 0.6250000000
52935  -13.826  -34.486  82.117 0.8750000000
160933  -28.069  -29.712  82.028 0.6250000000
58472  -26.955  -30.900  80.405 0.7500000000
54033  -14.197  -34.063  81.458 0.8750000000
61702  -28.249  -28.042  82.467 0.6250000000
60618  -28.087  -28.833  81.754 0.7500000000
154988  -27.510  -29.769  80.426 0.7500000000
149620  -27.036  -30.402  80.155 0.7500000000
60631  -27.868  -28.797  80.795 0.7500000000
59560  -27.064  -29.928  79.592 0.7500000000
169568  -14.898  -33.652  79.979 0.7500000000
60639  -27.414  -29.246  80.058 0.8750000000
54060  -15.935  -33.648  79.155 0.7500000000
61746  -27.407  -28.366  79.976 0.8750000000
158847  -27.228  -28.624  78.997 0.8750000000
66374  -37.851  -22.727  78.223 0.3750000000
66363  -37.286  -23.124  78.595 0.3750000000
66373  -37.441  -23.238  77.557 0.3750000000
62855  -27.231  -26.277  79.172 0.8750000000
149242  -26.976  -27.467  77.486 0.8750000000
54104  -16.362  -33.723  76.578 0.7500000000
54127  -17.269  -33.734  76.145 0.7500000000
64056  -27.128  -25.849  78.413 1.0000000000
65259  -27.718  -25.104  78.221 1.0000000000
173124  -37.139  -23.954  75.699 0.3750000000
65299  -37.030  -23.784  76.223 0.3750000000
65281  -36.941  -23.616  76.968 0.3750000000
54126  -16.239  -34.594  75.554 0.7500000000
65258  -27.137  -25.421  77.718 1.0000000000
65260  -29.604  -24.940  78.304 1.0000000000
65315  -36.808  -24.106  75.763 0.3750000000
55225  -17.776  -34.118  75.198 0.6250000000
65296  -27.804  -24.960  76.529 1.0000000000
65278  -28.743  -25.030  77.042 1.0000000000
64147  -35.911  -25.197  73.396 1.0000000000
64117  -36.466  -24.642  74.416 0.8750000000
54165  -18.783  -35.007  73.899 0.6250000000
65311  -26.232  -25.101  75.231 1.0000000000
65312  -26.947  -24.898  75.834 1.0000000000
65297  -29.011  -24.958  76.197 1.0000000000
64157  -35.680  -25.447  72.798 1.0000000000
53045  -18.760  -35.600  73.881 0.5000000000
54166  -19.236  -35.177  73.573 0.6250000000
64124  -25.867  -25.470  74.615 1.0000000000
65328  -27.443  -25.012  74.929 1.0000000000
62946  -34.670  -26.024  71.640 1.0000000000
62933  -34.946  -25.900  72.239 1.0000000000
54167  -19.863  -35.161  73.119 0.5000000000
65343  -26.682  -25.016  74.438 1.0000000000
172181  -34.784  -26.600  71.186 1.0000000000
53061  -20.862  -35.676  72.573 0.5000000000
61823  -24.512  -27.639  73.360 1.0000000000
146197  -33.345  -27.367  70.285 1.0000000000
156968  -22.389  -35.929  72.090 0.2500000000
54217  -23.123  -35.408  70.892 0.2500000000
62926  -24.926  -26.403  72.955 1.0000000000
61833  -24.453  -27.109  72.464 1.0000000000
62940  -24.946  -26.123  71.922 0.8750000000
170189  -33.509  -27.282  68.006 0.8750000000
169447  -33.318  -27.300  69.018 1.0000000000
55323  -23.553  -35.229  70.265 0.3750000000
55324  -24.000  -34.788  69.676 0.6250000000
55340  -24.436  -34.342  69.148 0.3750000000
61832  -24.185  -27.271  71.453 0.8750000000
59659  -23.725  -30.734  70.204 0.7500000000
61840  -23.865  -28.089  70.645 0.7500000000
63032  -31.800  -27.385  64.171 0.7500000000
52900  -13.711  -34.774  83.597 0.6250000000
170510  -14.444  -34.696  82.524 0.6250000000
54062  -22.364  -34.297  79.679 0.8750000000
52953  -15.253  -34.268  81.367 0.8750000000
148340  -22.008  -34.139  79.014 1.0000000000
54110  -22.651  -33.588  78.502 1.0000000000
55208  -24.629  -32.835  79.555 0.8750000000
56312  -25.213  -32.271  79.113 0.8750000000
57408  -26.210  -31.670  79.884 0.7500000000
54108  -20.275  -33.798  78.278 1.0000000000
169237  -23.192  -33.313  78.208 0.8750000000
55216  -24.794  -32.542  78.714 0.8750000000
56313  -25.738  -31.800  79.648 0.7500000000
57423  -26.064  -31.239  79.429 0.7500000000
68541  -38.638  -22.344  80.980 0.2500000000
54107  -19.697  -33.650  77.885 1.0000000000
169452  -25.015  -32.374  78.153 0.8750000000
57422  -25.725  -31.545  79.246 0.8750000000
58494  -26.231  -30.726  79.056 0.8750000000
54078  -16.214  -33.472  78.348 1.0000000000
152119  -20.990  -33.490  77.587 1.0000000000
54131  -22.703  -33.177  77.430 1.0000000000
55215  -24.114  -32.730  77.775 0.8750000000
56322  -25.247  -32.164  77.900 0.8750000000
57431  -25.493  -31.434  77.814 0.8750000000
60650  -27.079  -29.567  78.697 0.8750000000
167244  -38.461  -21.921  79.631 0.2500000000
166323  -16.496  -33.420  77.618 1.0000000000
152120  -20.173  -33.459  77.178 1.0000000000
54130  -21.837  -33.247  76.865 1.0000000000
54132  -23.495  -32.967  77.577 1.0000000000
55232  -23.837  -32.607  76.707 0.8750000000
56332  -25.256  -32.163  76.884 0.8750000000
58502  -25.511  -31.126  77.185 0.8750000000
165834  -27.160  -28.916  78.257 0.8750000000
67488  -38.287  -22.412  77.582 0.2500000000
54105  -17.300  -33.423  77.550 0.8750000000
153059  -23.189  -32.734  76.606 1.0000000000
55233  -24.485  -32.478  76.973 0.8750000000
57442  -25.488  -31.698  76.888 0.8750000000
59591  -25.698  -30.480  77.459 0.8750000000
60660  -26.937  -29.477  77.854 0.8750000000
61756  -27.157  -28.031  78.325 0.8750000000
66382  -38.026  -23.019  77.177 0.3750000000
58516  -25.513  -31.430  76.287 0.8750000000
59590  -25.770  -29.776  76.817 0.8750000000
61765  -27.058  -28.621  77.591 0.8750000000
66403  -37.418  -23.914  75.363 0.3750000000
66404  -37.918  -23.234  75.639 0.3750000000
55226  -18.632  -33.972  75.391 0.7500000000
152199  -25.953  -28.788  76.509 1.0000000000
61776  -26.627  -28.223  76.917 1.0000000000
64074  -26.782  -25.783  77.188 1.0000000000
65330  -37.313  -24.482  74.681 0.5000000000
66415  -37.625  -23.811  74.915 0.3750000000
55254  -18.746  -34.490  74.366 0.6250000000
55241  -19.188  -34.067  74.881 0.7500000000
60680  -25.629  -29.321  76.078 1.0000000000
62882  -26.469  -27.176  76.724 1.0000000000
174425  -27.185  -25.104  77.130 1.0000000000
64148  -36.380  -25.125  73.391 1.0000000000
65345  -37.152  -25.089  73.948 0.8750000000
54152  -18.328  -35.090  74.226 0.6250000000
55269  -19.121  -34.718  73.847 0.6250000000
62902  -25.854  -27.224  75.358 1.0000000000
64109  -26.152  -25.509  75.985 1.0000000000
64158  -36.130  -25.321  72.696 1.0000000000
65359  -36.701  -24.991  73.229 0.8750000000
55256  -20.077  -34.156  73.804 0.7500000000
55270  -20.350  -34.527  72.954 0.8750000000
61804  -25.292  -27.629  74.829 1.0000000000
64170  -35.856  -25.298  71.997 1.0000000000
55289  -20.920  -34.728  72.395 0.6250000000
60715  -24.753  -29.089  73.958 1.0000000000
61813  -24.703  -28.015  74.240 1.0000000000
62901  -25.563  -26.488  74.645 1.0000000000
64181  -34.602  -26.199  70.947 1.0000000000
157351  -35.165  -25.626  71.413 1.0000000000
53046  -20.268  -35.785  72.977 0.5000000000
54185  -21.828  -35.377  71.779 0.7500000000
163125  -24.495  -29.687  73.140 1.0000000000
173858  -24.549  -28.336  73.748 1.0000000000
62969  -34.222  -26.324  69.439 1.0000000000
147127  -34.630  -26.875  69.901 1.0000000000
54203  -21.992  -35.037  71.261 0.5000000000
54216  -22.478  -35.118  70.973 0.5000000000
58562  -23.810  -31.328  71.103 0.7500000000
60731  -24.444  -28.701  73.163 1.0000000000
148331  -24.266  -28.119  72.388 0.8750000000
64240  -34.167  -26.328  66.760 0.8750000000
64222  -34.067  -26.354  67.710 0.8750000000
163598  -33.815  -27.145  68.690 1.0000000000
56402  -23.568  -33.892  69.670 0.6250000000
174385  -23.606  -32.760  70.247 0.7500000000
151689  -23.710  -32.099  70.820 0.7500000000
170649  -24.001  -30.187  71.463 0.7500000000
60748  -23.986  -28.590  71.458 0.8750000000
62995  -34.141  -27.027  66.951 0.8750000000
56403  -23.956  -33.372  69.396 0.7500000000
57509  -23.746  -32.623  69.997 0.6250000000
60761  -23.781  -29.357  70.409 0.7500000000
52918  -14.559  -34.774  83.058 0.6250000000
52936  -14.873  -34.571  82.035 0.7500000000
160255  -21.254  -34.484  79.302 1.0000000000
52954  -16.223  -34.453  81.017 0.8750000000
52969  -16.663  -34.213  80.176 1.0000000000
158371  -15.385  -33.921  80.687 0.8750000000
166847  -17.545  -34.189  79.536 1.0000000000
54082  -19.913  -34.368  78.832 1.0000000000
54083  -20.607  -34.451  79.092 1.0000000000
54046  -15.698  -33.825  80.025 0.8750000000
168212  -18.233  -33.728  78.653 1.0000000000
54079  -17.299  -33.631  78.798 1.0000000000
150641  -19.410  -33.563  77.721 1.0000000000
54106  -18.361  -33.433  77.436 1.0000000000
172886  -19.374  -33.502  77.387 1.0000000000
55231  -22.537  -32.775  75.940 1.0000000000
54128  -19.032  -33.524  76.783 0.8750000000
54129  -19.545  -33.470  76.914 1.0000000000
55229  -20.929  -33.171  76.298 1.0000000000
55230  -21.738  -32.906  75.810 1.0000000000
55246  -23.372  -32.663  75.531 1.0000000000
55247  -24.196  -32.512  75.917 1.0000000000
57450  -25.460  -31.930  76.066 1.0000000000
154446  -18.303  -33.618  76.321 0.8750000000
55227  -19.380  -33.710  75.820 1.0000000000
55228  -20.064  -33.412  76.103 1.0000000000
172765  -20.553  -33.313  75.322 1.0000000000
56339  -24.585  -32.407  75.386 1.0000000000
57457  -25.429  -31.731  75.411 1.0000000000
59600  -25.487  -30.115  75.987 1.0000000000
68600  -38.203  -22.239  73.770 0.5000000000
67535  -38.143  -22.785  74.064 0.5000000000
66427  -37.717  -23.731  74.464 0.3750000000
55243  -21.248  -33.091  75.064 1.0000000000
55258  -22.429  -33.877  74.068 1.0000000000
55259  -23.255  -33.188  74.273 1.0000000000
56348  -24.215  -32.538  74.479 1.0000000000
57456  -25.007  -32.086  74.834 1.0000000000
58525  -25.431  -31.247  74.928 1.0000000000
66442  -37.717  -23.341  73.561 0.6250000000
66441  -37.493  -23.995  73.768 0.7500000000
55242  -19.888  -33.811  74.890 1.0000000000
165888  -20.689  -33.738  74.418 1.0000000000
174677  -23.040  -33.777  73.977 1.0000000000
56347  -23.482  -32.961  73.948 1.0000000000
56358  -24.387  -32.333  74.248 1.0000000000
57470  -25.165  -31.765  74.720 1.0000000000
60696  -25.373  -29.489  75.379 1.0000000000
66451  -36.960  -23.874  72.520 0.8750000000
65360  -36.933  -24.440  72.977 0.8750000000
146493  -20.842  -34.066  73.422 1.0000000000
55272  -21.702  -34.013  73.203 1.0000000000
55274  -23.310  -33.603  73.578 1.0000000000
56357  -23.815  -32.707  73.663 1.0000000000
57469  -24.601  -31.993  74.040 1.0000000000
58539  -24.981  -31.464  74.274 1.0000000000
60716  -25.061  -29.805  74.630 1.0000000000
66481  -35.693  -24.318  70.621 1.0000000000
65373  -36.412  -24.500  71.964 1.0000000000
65372  -36.333  -24.976  72.449 1.0000000000
55292  -22.886  -33.320  72.693 1.0000000000
56374  -23.571  -32.763  72.786 1.0000000000
57485  -24.176  -32.153  73.129 1.0000000000
58538  -24.763  -31.079  73.693 1.0000000000
61814  -25.168  -28.760  74.785 1.0000000000
150561  -35.542  -23.788  70.220 1.0000000000
65401  -35.305  -24.509  69.763 1.0000000000
172176  -35.372  -25.292  70.784 1.0000000000
55290  -21.827  -34.012  72.253 0.8750000000
55291  -22.299  -33.642  71.985 1.0000000000
56372  -22.598  -33.431  71.480 1.0000000000
59622  -24.746  -30.187  73.854 1.0000000000
65399  -34.511  -25.025  68.479 1.0000000000
64194  -34.908  -25.491  69.920 1.0000000000
54202  -21.561  -34.667  71.823 0.7500000000
163798  -21.942  -34.273  71.474 0.7500000000
56373  -22.923  -33.148  72.112 0.7500000000
57484  -23.549  -32.534  72.236 0.8750000000
57498  -24.081  -31.924  72.340 1.0000000000
59634  -24.525  -30.628  73.027 1.0000000000
65408  -34.336  -24.843  67.961 1.0000000000
64207  -34.294  -25.767  69.379 1.0000000000
55307  -22.183  -34.734  71.032 0.6250000000
56388  -22.599  -34.014  70.579 0.6250000000
56389  -23.028  -33.303  70.675 0.7500000000
57497  -23.554  -32.427  71.173 0.7500000000
65421  -33.915  -25.221  67.203 1.0000000000
153898  -34.145  -25.695  68.462 1.0000000000
55322  -22.643  -34.847  70.509 0.5000000000
56390  -23.438  -32.886  70.617 0.7500000000
52970  -17.630  -34.659  80.163 1.0000000000
67571  -36.953  -22.681  72.035 0.6250000000
67559  -37.461  -22.745  72.644 0.6250000000
67586  -35.863  -23.087  70.709 1.0000000000
170217  -36.582  -23.240  71.757 0.8750000000
67558  -36.996  -23.282  72.296 0.7500000000
66482  -36.050  -23.611  71.149 1.0000000000
153739  -36.543  -23.806  71.835 0.8750000000
67605  -34.721  -23.465  69.171 1.0000000000
67606  -35.370  -23.016  69.954 1.0000000000
67617  -34.372  -23.790  68.567 1.0000000000
169913  -34.575  -24.131  68.787 1.0000000000
66491  -34.921  -24.070  69.334 1.0000000000
66499  -34.340  -24.376  68.265 1.0000000000
68623  -36.038  -22.201  70.830 0.7500000000
155770  -36.378  -21.364  71.189 0.6250000000
69698  -36.286  -20.516  70.987 0.6250000000
68637  -34.942  -22.433  69.483 1.0000000000
68638  -35.556  -21.866  70.134 1.0000000000
69697  -35.986  -21.352  70.700 0.7500000000
69703  -35.128  -21.308  69.656 1.0000000000
151707  -33.669  -23.696  67.699 1.0000000000
68653  -33.974  -23.303  68.278 1.0000000000
154654  -34.027  -22.190  68.465 1.0000000000
69692  -36.829  -20.868  71.659 0.6250000000
69704  -35.670  -20.845  70.294 0.8750000000
161665  -34.548  -21.773  69.076 1.0000000000
69740  -33.594  -21.239  67.956 1.0000000000
70826  -36.783  -19.927  71.666 0.6250000000
72040  -36.295  -19.494  71.094 0.6250000000
72026  -36.757  -19.090  71.746 0.3750000000
70831  -35.787  -19.867  70.420 0.6250000000
70841  -34.652  -19.580  69.075 0.8750000000
69721  -34.633  -20.667  69.198 1.0000000000
70842  -35.235  -20.242  69.744 0.7500000000
70856  -34.301  -20.178  68.698 1.0000000000
69720  -34.160  -21.028  68.615 1.0000000000
70855  -33.853  -20.187  68.202 1.0000000000
173859  -33.166  -20.822  67.306 1.0000000000
69757  -32.871  -20.508  66.650 1.0000000000
72039  -35.777  -18.968  70.530 0.6250000000
73311  -36.796  -18.304  71.810 0.3750000000
72050  -35.315  -19.275  69.796 0.7500000000
73325  -36.275  -18.646  71.178 0.5000000000
162358  -34.167  -19.566  68.406 0.8750000000
73339  -35.430  -18.368  69.808 0.6250000000
73324  -35.862  -18.106  70.515 0.6250000000
72049  -34.858  -18.607  69.126 0.6250000000
70871  -33.504  -20.061  67.554 1.0000000000
72059  -34.350  -18.740  68.258 0.7500000000
70870  -33.242  -19.968  67.009 0.7500000000
72071  -33.532  -19.122  66.980 0.7500000000
70879  -33.079  -19.545  66.453 1.0000000000
72081  -32.871  -18.963  65.757 1.0000000000
171988  -33.243  -18.689  66.316 0.8750000000
70889  -32.435  -19.222  65.049 1.0000000000
73355  -34.703  -18.012  68.465 0.6250000000
73354  -34.543  -17.674  67.620 0.6250000000
154477  -35.069  -17.302  68.164 0.6250000000
172493  -34.175  -17.452  66.883 0.6250000000
73406  -33.177  -17.960  65.684 0.8750000000
72108  -32.334  -18.450  64.184 0.8750000000
73405  -32.797  -18.233  64.992 0.8750000000
74482  -35.039  -16.896  67.487 0.6250000000
72082  -33.640  -17.855  66.448 0.7500000000
152101  -34.401  -16.606  66.071 0.7500000000
75538  -35.468  -16.314  67.002 0.3750000000
73389  -33.778  -16.951  65.432 0.8750000000
75560  -35.273  -16.058  66.248 0.6250000000
73425  -33.346  -17.281  64.758 0.8750000000
74529  -34.715  -16.194  64.960 0.8750000000
74546  -33.621  -16.822  63.655 0.8750000000
147060  -34.164  -16.529  64.366 0.8750000000
158428  -34.507  -16.294  63.451 0.8750000000
75561  -36.104  -15.776  66.388 0.5000000000
74516  -35.355  -15.861  65.435 0.6250000000
74517  -36.810  -15.634  65.655 0.6250000000
73359  -42.690  -18.032  67.170 0.1250000000
74530  -35.757  -15.805  64.500 0.6250000000
147365  -36.802  -15.910  64.226 0.6250000000
74547  -35.111  -16.052  63.888 0.8750000000
74532  -38.582  -16.118  64.607 0.3750000000
73390  -39.759  -16.358  64.689 0.2500000000
73409  -40.588  -16.509  64.183 0.2500000000
158518  -41.368  -16.605  64.901 0.2500000000
74548  -36.233  -15.925  63.323 1.0000000000
73426  -37.071  -16.289  62.451 0.7500000000
74549  -37.362  -16.158  63.357 0.7500000000
73407  -38.337  -16.335  63.545 0.5000000000
73408  -39.394  -16.456  63.821 0.3750000000
73429  -40.036  -16.718  63.148 0.2500000000
74570  -34.976  -16.284  61.723 0.8750000000
74561  -35.310  -16.036  62.676 1.0000000000
73445  -36.831  -16.502  61.623 0.8750000000
73446  -37.702  -16.785  61.798 0.8750000000
73447  -38.608  -17.056  62.028 0.7500000000
73461  -36.571  -16.700  60.920 0.8750000000
73462  -37.427  -17.025  61.072 0.8750000000
73463  -38.264  -17.296  61.262 0.8750000000
73483  -37.177  -17.178  60.373 0.8750000000
70980  -36.872  -18.275  56.478 0.8750000000
73360  -43.741  -18.209  67.417 0.1250000000
73361  -44.796  -18.257  67.632 0.1250000000
73377  -42.700  -17.572  66.505 0.1250000000
73378  -43.462  -18.021  66.600 0.1250000000
73393  -42.051  -16.764  65.140 0.2500000000
73394  -42.578  -17.064  65.835 0.1250000000
73430  -40.965  -16.758  63.385 0.2500000000
73410  -41.550  -16.652  64.242 0.2500000000
73448  -39.652  -17.144  62.199 0.5000000000
72124  -40.562  -17.315  61.895 0.5000000000
72142  -39.575  -17.727  60.890 0.8750000000
72123  -39.852  -17.474  61.478 0.6250000000
72140  -37.990  -17.443  60.537 0.8750000000
72161  -38.469  -17.921  60.045 0.8750000000
72178  -37.392  -17.860  59.046 1.0000000000
72160  -37.709  -17.619  59.818 0.8750000000
72179  -38.125  -18.140  59.285 0.8750000000
72177  -36.599  -17.588  58.809 0.8750000000
72202  -37.055  -18.107  58.198 0.8750000000
70944  -37.758  -18.298  58.445 0.8750000000
73344  -44.811  -18.277  68.454 0.1250000000
73379  -44.476  -18.058  66.808 0.1250000000
73380  -45.324  -18.002  66.913 0.1250000000
73395  -43.267  -17.597  65.955 0.1250000000
73412  -42.559  -16.999  64.798 0.1250000000
73431  -41.709  -16.884  63.518 0.2500000000
72094  -42.348  -17.031  63.802 0.2500000000
72109  -41.150  -17.101  62.683 0.3750000000
163031  -41.313  -17.315  62.050 0.5000000000
72126  -42.434  -17.413  62.253 0.3750000000
145397  -41.120  -17.581  61.364 0.5000000000
72125  -41.798  -17.472  61.760 0.5000000000
72143  -40.355  -17.674  61.097 0.6250000000
70917  -40.874  -17.901  60.669 0.6250000000
72163  -40.062  -18.051  60.467 0.8750000000
72162  -39.243  -18.110  60.281 0.8750000000
70929  -39.710  -18.305  59.831 0.8750000000
70930  -40.549  -18.201  60.065 0.8750000000
72180  -38.890  -18.316  59.564 0.8750000000
70947  -40.197  -18.280  59.392 0.8750000000
70984  -40.278  -18.115  58.350 1.0000000000
70945  -38.486  -18.386  58.712 0.8750000000
70965  -38.836  -18.436  58.089 0.8750000000
70983  -39.475  -18.315  57.831 1.0000000000
72224  -39.904  -18.168  57.814 1.0000000000
70964  -38.030  -18.439  57.843 0.8750000000
70982  -38.188  -18.425  57.410 0.8750000000
72084  -43.871  -17.549  65.467 0.1250000000
72072  -44.197  -17.793  66.172 0.1250000000
72083  -43.079  -17.306  65.184 0.2500000000
72096  -43.564  -17.403  64.614 0.1250000000
70967  -40.665  -18.129  59.039 0.8750000000
72225  -40.493  -17.701  58.324 1.0000000000
73545  -40.189  -17.117  57.997 1.0000000000
72097  -44.424  -17.476  64.908 0.1250000000
72111  -42.680  -17.268  63.224 0.2500000000
72112  -43.372  -17.370  63.671 0.2500000000
72127  -43.150  -17.393  62.694 0.2500000000
72144  -41.705  -17.697  60.915 0.5000000000
148673  -42.253  -17.516  61.473 0.5000000000
148456  -42.851  -17.451  61.761 0.3750000000
70931  -41.301  -17.979  60.243 0.6250000000
149515  -42.442  -17.533  60.236 0.5000000000
172682  -41.492  -17.979  60.009 0.8750000000
70948  -40.988  -18.128  59.690 0.8750000000
72181  -41.370  -17.866  59.446 0.8750000000
72205  -42.366  -17.295  59.520 0.8750000000
72203  -40.992  -17.788  58.868 0.8750000000
72226  -41.171  -17.350  58.792 0.8750000000
73533  -40.599  -17.299  58.340 1.0000000000
73546  -40.769  -16.551  58.354 1.0000000000
74619  -39.887  -16.807  57.837 0.8750000000
149944  -40.361  -16.227  58.159 1.0000000000
152027  -44.047  -17.389  63.191 0.2500000000
72113  -44.019  -17.446  64.098 0.1250000000
162686  -43.247  -17.320  61.274 0.3750000000
72128  -43.596  -17.338  62.156 0.3750000000
170752  -44.317  -17.225  62.485 0.2500000000
72145  -42.485  -17.519  60.873 0.5000000000
72165  -43.589  -17.101  60.918 0.3750000000
72146  -44.001  -17.137  61.702 0.3750000000
72147  -44.795  -16.916  62.296 0.2500000000
73499  -42.855  -17.095  59.765 0.6250000000
70932  -41.952  -17.754  60.296 0.6250000000
72184  -43.147  -17.074  60.285 0.3750000000
73501  -43.711  -16.332  60.714 0.5000000000
73519  -42.953  -16.870  59.625 0.6250000000
73500  -43.241  -16.896  60.180 0.5000000000
74593  -44.027  -15.687  60.867 0.3750000000
73517  -41.976  -16.990  59.030 0.8750000000
74600  -42.708  -16.683  59.266 0.7500000000
170035  -43.034  -16.493  59.549 0.7500000000
74602  -43.671  -15.326  60.166 0.6250000000
74611  -41.613  -16.463  58.709 0.8750000000
73535  -42.145  -16.759  59.028 0.8750000000
74612  -42.317  -16.208  58.928 0.8750000000
75648  -43.204  -15.187  59.377 0.7500000000
76671  -43.590  -14.728  59.810 0.7500000000
77685  -43.820  -13.874  60.342 0.7500000000
75660  -42.183  -15.366  58.796 0.8750000000
76694  -42.157  -14.589  58.728 0.8750000000
77692  -42.743  -14.329  58.903 0.7500000000
78720  -43.377  -13.600  59.648 0.7500000000
78721  -43.895  -13.135  60.351 0.7500000000
75670  -41.377  -15.882  58.522 0.8750000000
75671  -41.503  -15.000  58.584 0.8750000000
170063  -42.356  -14.131  58.751 0.8750000000
77691  -42.195  -13.782  58.705 0.7500000000
79809  -42.888  -12.856  59.154 0.7500000000
155017  -43.295  -12.935  59.577 0.7500000000
175145  -39.990  -16.079  58.010 0.8750000000
76693  -41.057  -14.599  58.445 1.0000000000
161278  -41.720  -13.754  58.578 1.0000000000
78729  -42.493  -13.255  58.863 0.8750000000
78741  -41.534  -13.356  58.499 0.8750000000
73485  -44.461  -16.349  61.398 0.3750000000
73486  -45.347  -16.046  62.060 0.3750000000
74582  -44.699  -15.934  61.361 0.3750000000
74583  -45.518  -15.486  62.074 0.3750000000
75634  -44.434  -15.112  61.032 0.6250000000
159224  -43.837  -14.383  60.295 0.7500000000
77672  -44.445  -14.248  60.991 0.6250000000
156892  -44.401  -13.642  60.895 0.6250000000
78709  -44.692  -13.121  61.133 0.5000000000
79801  -43.713  -12.360  60.030 0.6250000000
79800  -43.132  -12.113  59.425 0.7500000000
78728  -41.978  -12.853  58.662 1.0000000000
79808  -42.489  -12.265  58.956 0.7500000000
80861  -43.243  -11.297  59.424 0.7500000000
79819  -41.345  -12.622  58.432 0.8750000000
80870  -42.806  -11.363  59.119 0.8750000000
79788  -44.384  -12.467  60.678 0.6250000000
80862  -43.657  -11.575  59.839 0.6250000000
162499  -44.147  -11.865  60.352 0.6250000000
81951  -44.716  -10.695  60.977 0.5000000000
81959  -43.604  -10.641  59.664 0.6250000000
80868  -41.688  -10.965  58.358 0.8750000000
150803  -43.090  -10.746  59.233 0.8750000000
81967  -42.649  -10.421  58.871 0.8750000000
80850  -44.183  -11.112  60.327 0.6250000000
83010  -45.499  -9.387  61.542 0.3750000000
81960  -44.202  -10.111  60.241 0.7500000000
83023  -44.805  -9.565  60.928 0.5000000000
83031  -43.672  -9.618  59.615 0.7500000000
83032  -44.160  -9.010  60.123 0.5000000000
81966  -42.119  -10.473  58.510 0.7500000000
83041  -43.269  -9.124  59.116 0.8750000000
81976  -41.074  -10.491  57.855 0.8750000000
83039  -42.241  -9.670  58.411 0.8750000000
83053  -42.413  -8.665  58.197 0.7500000000
157355  -42.961  -8.681  58.684 0.6250000000
84076  -41.787  -7.714  57.099 0.8750000000
87137  -44.599  -4.365  56.108 0.8750000000
86104  -46.112  -3.725  55.449 0.7500000000
86105  -47.090  -3.640  55.818 0.6250000000
86106  -48.291  -3.540  55.419 0.6250000000
86103  -45.089  -3.994  55.217 0.8750000000
152989  -44.683  -8.673  60.696 0.5000000000
84042  -45.560  -7.869  61.374 0.5000000000
84043  -46.068  -8.030  61.889 0.2500000000
152988  -43.641  -8.825  59.487 0.5000000000
84052  -44.406  -8.069  60.284 0.5000000000
84053  -44.971  -7.938  60.868 0.5000000000
84061  -43.877  -8.151  59.645 0.7500000000
84066  -42.829  -7.907  58.341 0.7500000000
159925  -43.347  -7.219  58.484 0.7500000000
84077  -42.298  -7.635  57.567 0.7500000000
86070  -43.371  -6.177  57.944 0.7500000000
85069  -42.823  -6.951  57.788 0.7500000000
168500  -43.583  -5.343  57.310 0.7500000000
87114  -45.063  -4.747  57.867 0.7500000000
86086  -42.825  -5.812  57.042 0.7500000000
86101  -42.746  -5.320  56.004 0.8750000000
87126  -45.067  -4.362  56.875 0.8750000000
87127  -45.850  -4.171  57.155 0.7500000000
86089  -47.466  -3.812  56.794 0.6250000000
86087  -43.562  -4.862  56.266 0.8750000000
87138  -45.539  -4.035  56.191 0.7500000000
160250  -47.974  -3.669  56.127 0.5000000000
85063  -44.314  -7.354  59.740 0.6250000000
85053  -44.885  -7.223  60.339 0.3750000000
85042  -46.285  -6.815  61.493 0.1250000000
150786  -44.253  -6.635  59.285 0.7500000000
151282  -45.428  -6.396  60.309 0.2500000000
86035  -46.147  -6.017  60.670 0.2500000000
86057  -43.863  -6.397  58.686 0.7500000000
86046  -44.878  -6.437  59.733 0.3750000000
86047  -45.830  -5.443  59.650 0.3750000000
86071  -44.092  -5.447  58.028 0.7500000000
87108  -45.546  -4.927  58.716 0.6250000000
87109  -46.270  -4.689  58.852 0.6250000000
87116  -46.990  -4.364  58.373 0.5000000000
87115  -46.101  -4.451  58.056 0.7500000000
86073  -48.755  -4.365  58.130 0.2500000000
87128  -46.807  -4.046  57.442 0.7500000000
86072  -47.780  -4.242  57.729 0.5000000000
86090  -48.395  -3.974  57.074 0.6250000000
86092  -50.041  -4.130  57.530 0.2500000000
146792  -48.804  -3.745  56.368 0.5000000000
86036  -47.042  -5.626  61.083 0.1250000000
86037  -47.985  -5.371  61.203 0.1250000000
86048  -46.963  -5.212  60.197 0.1250000000
148565  -48.617  -4.837  60.468 0.1250000000
86038  -48.867  -5.239  61.196 0.1250000000
148570  -47.858  -4.669  59.747 0.2500000000
86060  -48.629  -4.516  59.234 0.2500000000
173636  -48.497  -4.656  59.984 0.1250000000
85055  -50.284  -5.066  60.628 0.1250000000
85056  -50.998  -5.172  60.373 0.1250000000
86059  -47.890  -4.462  58.781 0.2500000000
168206  -49.020  -4.569  59.712 0.2500000000
86061  -49.636  -4.577  59.296 0.1250000000
86074  -49.522  -4.342  58.047 0.2500000000
86075  -49.942  -4.490  58.421 0.2500000000
86064  -51.584  -4.733  58.833 0.1250000000
87111  -53.755  -3.692  58.454 0.1250000000
87117  -52.898  -3.681  57.697 0.1250000000
162507  -53.977  -3.280  58.053 0.1250000000
164805  -54.782  -2.778  58.072 0.1250000000
88126  -54.274  -2.847  57.758 0.1250000000
49421  -7.597  -38.053  84.416 0.6250000000
162012  -8.313  -37.292  84.969 0.6250000000
49430  -7.559  -38.389  83.398 0.3750000000
51743  -9.616  -36.266  86.754 0.5000000000
50628  -8.867  -36.480  85.430 0.5000000000
52865  -10.771  -35.375  85.559 0.6250000000
52885  -12.051  -34.677  84.555 0.5000000000
54018  -11.928  -34.703  82.142 0.7500000000
62807  -30.317  -26.766  83.858 0.5000000000
63952  -33.518  -26.303  85.019 0.3750000000
62785  -32.842  -26.533  84.341 0.3750000000
63972  -35.803  -25.430  83.083 0.3750000000
165942  -31.554  -26.238  82.849 0.7500000000
63984  -34.431  -26.101  82.498 0.6250000000
63986  -35.717  -25.407  82.282 0.6250000000
155465  -36.386  -25.088  82.583 0.3750000000
169751  -36.839  -24.838  82.135 0.3750000000
65192  -36.252  -24.999  81.829 0.5000000000
64000  -34.470  -25.943  80.993 0.7500000000
64021  -34.801  -25.456  80.772 0.6250000000
64019  -32.847  -25.405  80.525 0.8750000000
166046  -32.233  -24.808  79.930 0.8750000000
147845  -33.487  -25.092  80.232 0.8750000000
64020  -34.177  -25.411  80.485 0.8750000000
64041  -34.535  -24.585  79.799 0.8750000000
64042  -35.100  -24.654  80.260 0.7500000000
65240  -35.715  -24.273  79.763 0.6250000000
64062  -34.263  -24.437  79.051 1.0000000000
65261  -35.725  -23.826  78.814 0.7500000000
167638  -33.926  -24.418  78.102 1.0000000000
64058  -30.821  -24.839  78.314 1.0000000000
64079  -32.496  -24.552  77.145 1.0000000000
148287  -33.741  -24.412  77.105 1.0000000000
166693  -35.521  -24.143  76.414 0.7500000000
174365  -32.197  -24.639  76.736 1.0000000000
64100  -33.629  -24.564  76.028 1.0000000000
149270  -35.275  -24.395  75.638 0.7500000000
168532  -34.986  -24.507  74.892 0.8750000000
165886  -31.669  -24.745  76.834 1.0000000000
64098  -31.965  -24.725  76.352 1.0000000000
64114  -33.224  -24.790  75.273 1.0000000000
64128  -32.357  -25.124  74.563 1.0000000000
64129  -32.985  -25.209  74.517 1.0000000000
62906  -33.874  -25.478  73.721 1.0000000000
62905  -33.301  -25.665  73.690 1.0000000000
146386  -30.237  -25.037  75.359 1.0000000000
62903  -32.149  -25.469  73.674 1.0000000000
62916  -32.530  -26.447  72.890 1.0000000000
62931  -33.773  -26.971  72.895 1.0000000000
62917  -33.095  -26.639  72.982 1.0000000000
62930  -33.269  -27.166  72.413 1.0000000000
168649  -20.443  -37.001  74.264 0.1250000000
62915  -31.929  -25.821  72.802 1.0000000000
62914  -31.209  -25.422  72.956 1.0000000000
62929  -32.580  -27.120  72.540 1.0000000000
162063  -31.494  -26.252  72.247 1.0000000000
152358  -31.462  -27.061  72.019 1.0000000000
147621  -32.070  -27.206  71.890 1.0000000000
64155  -28.754  -24.533  72.619 1.0000000000
62942  -31.238  -26.584  71.799 1.0000000000
62941  -30.646  -25.427  71.517 1.0000000000
62954  -30.912  -26.992  70.429 1.0000000000
62955  -31.727  -27.294  70.533 1.0000000000
151369  -23.576  -36.396  72.729 0.1250000000
53064  -23.890  -36.036  71.947 0.1250000000
54187  -24.772  -35.883  71.898 0.1250000000
64167  -28.661  -24.497  71.182 1.0000000000
62953  -30.734  -25.719  70.631 1.0000000000
169499  -31.076  -26.311  71.148 1.0000000000
64180  -29.982  -24.983  70.041 1.0000000000
62965  -30.933  -26.902  69.519 1.0000000000
64192  -30.137  -25.122  69.276 1.0000000000
62978  -30.840  -25.846  68.999 1.0000000000
149173  -26.117  -24.821  69.803 0.8750000000
64188  -24.770  -26.227  69.794 0.8750000000
64178  -26.813  -24.564  70.448 1.0000000000
64164  -24.827  -25.944  70.768 1.0000000000
64179  -28.455  -24.509  70.355 1.0000000000
151070  -27.960  -24.395  68.673 1.0000000000
162678  -29.238  -24.774  68.599 1.0000000000
64206  -30.698  -25.743  68.040 1.0000000000
64205  -29.673  -25.051  67.694 0.8750000000
174400  -30.258  -25.436  67.393 0.8750000000
146856  -26.448  -24.759  68.797 0.8750000000
166329  -30.697  -25.802  67.104 0.8750000000
64238  -29.469  -25.557  65.548 0.8750000000
57521  -24.476  -32.983  68.770 0.6250000000
52867  -13.320  -34.956  85.634 0.2500000000
62843  -28.027  -26.647  80.758 0.8750000000
64017  -30.944  -25.354  80.729 1.0000000000
54058  -13.867  -33.672  79.477 0.7500000000
63994  -28.703  -25.712  80.997 1.0000000000
62866  -27.215  -27.460  79.321 0.8750000000
64034  -27.651  -25.730  79.651 1.0000000000
64015  -28.114  -25.648  80.288 1.0000000000
54076  -14.305  -33.980  77.695 0.7500000000
65239  -30.083  -24.936  79.190 1.0000000000
148062  -15.591  -33.715  76.994 0.6250000000
169687  -15.698  -34.413  76.039 0.6250000000
54103  -14.674  -34.252  76.923 0.6250000000
147742  -28.639  -24.958  77.866 1.0000000000
165964  -36.654  -24.413  75.099 0.6250000000
64095  -29.735  -25.045  76.761 1.0000000000
64134  -36.640  -25.042  73.913 1.0000000000
65313  -28.236  -24.999  75.559 1.0000000000
62932  -34.646  -26.237  72.345 1.0000000000
64126  -29.955  -24.873  74.667 1.0000000000
64142  -28.780  -24.622  73.884 1.0000000000
64125  -28.776  -24.816  74.623 1.0000000000
166489  -34.253  -26.749  72.569 1.0000000000
173641  -34.057  -27.234  71.589 1.0000000000
148771  -34.507  -27.127  71.167 1.0000000000
62945  -34.744  -26.734  71.746 1.0000000000
159859  -26.093  -25.002  73.227 1.0000000000
53047  -21.024  -36.348  73.031 0.3750000000
53062  -21.612  -35.964  72.388 0.2500000000
64154  -27.202  -24.605  72.756 1.0000000000
62966  -31.982  -27.353  69.892 1.0000000000
53072  -23.371  -35.770  71.430 0.2500000000
54204  -25.116  -35.607  71.045 0.1250000000
54219  -25.379  -35.315  70.416 0.1250000000
147797  -26.837  -24.592  71.930 1.0000000000
146437  -33.051  -27.335  68.543 1.0000000000
149619  -32.209  -27.350  68.421 0.8750000000
62992  -31.971  -27.242  67.502 0.8750000000
161868  -31.479  -27.114  68.139 1.0000000000
149028  -31.073  -26.712  68.621 1.0000000000
173965  -31.359  -27.240  69.915 1.0000000000
167139  -32.702  -27.366  69.394 1.0000000000
172230  -32.178  -27.159  66.088 0.7500000000
63006  -31.691  -27.003  66.513 0.7500000000
168148  -31.441  -26.933  67.366 0.7500000000
63018  -31.084  -26.406  65.594 0.7500000000
64239  -30.479  -25.784  66.058 0.8750000000
60775  -23.851  -29.410  68.950 0.7500000000
62963  -24.381  -27.070  69.206 0.7500000000
59548  -27.402  -30.425  80.809 0.6250000000
59541  -27.788  -30.419  81.595 0.6250000000
59572  -26.640  -30.292  78.886 0.8750000000
154639  -27.241  -29.189  79.462 0.8750000000
151532  -26.886  -26.331  77.730 1.0000000000
66381  -37.555  -23.448  76.694 0.3750000000
66393  -37.505  -23.558  75.993 0.3750000000
65329  -36.993  -24.821  74.536 0.5000000000
165498  -18.171  -34.475  74.656 0.7500000000
65295  -26.686  -25.139  76.625 1.0000000000
62893  -25.814  -26.000  75.317 1.0000000000
145260  -19.616  -34.639  73.495 0.5000000000
64169  -35.361  -25.593  72.143 1.0000000000
146438  -34.241  -27.218  70.241 1.0000000000
54183  -20.504  -35.103  72.611 0.5000000000
54184  -21.135  -35.188  72.158 0.6250000000
62967  -33.687  -27.274  69.503 1.0000000000
54186  -22.605  -35.519  71.457 0.3750000000
147357  -34.047  -27.062  67.852 0.8750000000
62980  -34.059  -26.474  68.668 1.0000000000
63008  -33.556  -27.222  66.309 0.8750000000
62994  -33.557  -27.280  67.262 0.8750000000
63019  -32.622  -27.294  64.667 0.5000000000
152130  -21.121  -33.958  78.601 1.0000000000
54111  -23.715  -33.161  78.636 0.8750000000
54112  -24.333  -32.807  78.737 0.8750000000
157162  -24.650  -32.533  77.927 0.8750000000
57432  -25.649  -31.272  78.691 0.8750000000
54109  -21.896  -33.586  78.029 1.0000000000
55234  -24.936  -32.363  77.278 0.8750000000
56333  -25.445  -31.880  77.583 0.8750000000
159184  -25.817  -30.917  78.763 0.8750000000
54061  -16.943  -33.860  79.461 1.0000000000
59583  -26.004  -30.433  78.348 0.8750000000
60669  -26.175  -29.869  77.692 0.8750000000
56340  -25.205  -32.189  75.933 1.0000000000
55248  -24.881  -32.376  76.355 0.8750000000
148086  -25.531  -30.680  76.590 0.8750000000
61789  -25.987  -27.751  76.268 1.0000000000
64094  -26.358  -26.114  76.644 1.0000000000
65346  -37.464  -24.414  74.235 0.6250000000
55255  -19.391  -34.288  74.145 0.7500000000
147958  -25.579  -28.423  75.635 1.0000000000
62894  -26.108  -26.651  76.003 1.0000000000
156464  -37.222  -24.709  73.651 0.8750000000
159219  -35.844  -25.090  71.624 1.0000000000
55271  -21.116  -34.258  72.553 0.8750000000
171800  -34.820  -25.765  70.651 1.0000000000
173695  -21.921  -34.706  71.352 0.7500000000
59647  -24.215  -30.968  72.138 1.0000000000
60749  -24.262  -29.280  72.227 1.0000000000
62968  -34.346  -27.078  69.348 1.0000000000
64193  -34.479  -26.163  70.145 1.0000000000
58563  -23.909  -31.800  71.792 1.0000000000
167566  -33.974  -25.847  67.506 1.0000000000
64223  -34.155  -25.376  67.735 1.0000000000
56401  -23.068  -34.433  69.939 0.6250000000
172529  -23.982  -29.368  71.428 0.8750000000
54081  -19.493  -34.122  78.639 1.0000000000
54080  -18.996  -33.750  78.410 1.0000000000
173295  -18.782  -33.452  77.076 1.0000000000
55244  -22.090  -33.059  74.855 1.0000000000
55245  -22.863  -33.129  74.502 1.0000000000
55260  -23.814  -32.670  74.912 1.0000000000
56349  -24.858  -32.273  75.035 1.0000000000
149192  -25.533  -31.002  75.699 1.0000000000
66428  -37.944  -23.297  74.291 0.5000000000
55257  -21.535  -33.768  74.164 1.0000000000
59611  -25.373  -30.440  75.171 1.0000000000
66452  -37.431  -23.321  72.888 0.6250000000
162560  -37.326  -23.803  73.138 0.7500000000
55273  -22.587  -33.773  73.105 1.0000000000
56356  -23.580  -33.266  73.151 1.0000000000
56375  -24.009  -32.484  73.391 1.0000000000
59623  -25.130  -30.738  74.435 1.0000000000
167969  -24.567  -31.711  73.638 1.0000000000
65391  -35.476  -24.942  70.210 1.0000000000
65384  -35.831  -24.756  71.079 1.0000000000
66468  -36.070  -24.213  71.347 1.0000000000
58551  -24.321  -31.553  72.846 1.0000000000
65390  -35.088  -25.005  69.532 1.0000000000
160120  -23.369  -32.719  71.711 0.7500000000
65409  -34.574  -24.531  68.652 1.0000000000
65400  -34.796  -24.708  69.124 1.0000000000
64208  -34.624  -25.231  69.119 1.0000000000
67570  -36.386  -22.794  71.367 0.7500000000
68618  -37.413  -22.068  72.405 0.6250000000
68617  -36.810  -21.902  71.659 0.6250000000
68654  -34.415  -22.894  68.870 1.0000000000
69693  -37.353  -21.236  72.256 0.6250000000
172120  -33.195  -21.815  67.446 1.0000000000
160882  -33.842  -19.317  67.780 0.7500000000
72058  -33.980  -18.388  67.319 0.8750000000
70878  -32.551  -20.086  65.804 1.0000000000
169434  -32.915  -17.591  64.237 0.8750000000
74502  -34.732  -16.761  66.895 0.7500000000
75579  -35.940  -15.664  65.749 0.5000000000
145485  -36.353  -15.696  65.075 0.6250000000
74531  -37.360  -15.841  64.887 0.6250000000
170027  -37.689  -16.071  64.115 0.5000000000
74562  -36.264  -16.167  62.290 0.8750000000
73427  -38.012  -16.503  62.635 0.7500000000
73428  -39.009  -16.658  62.867 0.5000000000
73444  -35.930  -16.307  61.626 0.8750000000
73449  -40.473  -17.021  62.638 0.5000000000
73460  -35.645  -16.521  60.880 1.0000000000
72122  -39.108  -17.449  61.428 0.6250000000
72141  -38.779  -17.665  60.731 0.8750000000
72159  -36.910  -17.358  59.633 1.0000000000
70963  -37.383  -18.280  57.540 0.8750000000
70981  -37.575  -18.332  56.888 0.8750000000
72223  -36.665  -18.042  57.210 0.8750000000
70995  -36.998  -18.586  55.788 0.8750000000
73343  -44.022  -18.277  68.300 0.1250000000
73411  -42.108  -16.817  64.316 0.2500000000
72095  -42.911  -17.226  64.231 0.2500000000
72110  -41.916  -17.230  62.738 0.2500000000
70966  -39.825  -18.323  58.600 0.8750000000
72164  -42.937  -17.327  60.521 0.3750000000
74592  -43.377  -16.068  60.160 0.6250000000
74613  -42.832  -16.275  59.213 0.7500000000
76684  -42.736  -14.945  58.984 0.7500000000
76685  -43.140  -14.552  59.232 0.7500000000
151990  -42.693  -13.844  58.875 0.7500000000
77703  -41.761  -14.152  58.606 1.0000000000
77702  -41.163  -13.935  58.427 1.0000000000
77673  -45.144  -13.828  61.530 0.5000000000
80851  -44.712  -11.735  60.979 0.5000000000
80869  -42.293  -11.255  58.738 0.8750000000
81952  -45.355  -10.315  61.526 0.3750000000
81968  -43.171  -9.996  59.209 0.8750000000
83024  -45.181  -8.697  61.191 0.3750000000
83040  -42.806  -9.429  58.762 0.7500000000
84060  -43.353  -8.200  59.003 0.7500000000
158332  -47.582  -3.549  55.310 0.6250000000
86129  -47.650  -3.536  54.452 0.7500000000
85062  -43.774  -7.364  59.161 0.7500000000
87125  -44.297  -4.770  57.092 0.8750000000
86088  -46.491  -3.820  56.477 0.6250000000
85054  -45.518  -7.034  60.894 0.2500000000
86058  -44.697  -5.625  58.942 0.7500000000
87104  -46.964  -4.691  59.335 0.3750000000
86091  -49.241  -4.063  57.301 0.3750000000
86049  -47.861  -5.007  60.492 0.1250000000
86050  -49.269  -4.699  60.201 0.1250000000
86052  -50.634  -4.916  59.807 0.1250000000
147988  -49.303  -4.489  58.832 0.2500000000
86063  -50.813  -4.883  58.911 0.1250000000
86062  -50.230  -4.670  58.848 0.2500000000
86076  -50.666  -4.508  58.056 0.2500000000
86077  -51.458  -4.498  58.163 0.2500000000
86065  -52.315  -4.516  58.896 0.1250000000
86078  -52.243  -4.263  58.233 0.1250000000
167690  -52.090  -4.029  57.735 0.2500000000
62991  -31.166  -26.543  67.719 1.0000000000
54056  -11.254  -34.973  79.638 0.6250000000
54057  -11.982  -34.670  79.059 0.6250000000
168228  -12.816  -34.043  79.526 0.6250000000
154536  -12.877  -34.407  78.446 0.5000000000
54100  -12.696  -35.475  77.515 0.5000000000
54124  -14.283  -35.437  76.443 0.2500000000
53005  -15.033  -36.125  75.878 0.3750000000
66329  -38.056  -23.621  82.688 0.2500000000
54043  -12.199  -34.291  80.302 0.6250000000
67454  -38.338  -23.231  82.167 0.2500000000
156084  -13.832  -33.878  78.349 0.6250000000
54075  -13.499  -34.742  77.521 0.6250000000
54102  -14.077  -34.744  77.046 0.6250000000
53013  -15.652  -35.404  75.600 0.3750000000
54141  -16.360  -35.710  75.129 0.3750000000
53015  -18.156  -36.646  74.634 0.3750000000
53014  -17.241  -36.059  74.662 0.5000000000
58589  -25.064  -31.837  67.633 0.5000000000
63031  -29.304  -27.327  63.857 0.7500000000
64262  -29.719  -26.608  64.190 0.6250000000
175275  -31.766  -28.999  63.593 0.1250000000
61938  -32.831  -28.683  63.534 0.1250000000
67475  -38.114  -22.388  79.223 0.2500000000
156461  -38.224  -22.219  78.355 0.2500000000
59674  -24.918  -30.973  67.578 0.5000000000
60810  -24.961  -29.252  67.082 0.6250000000
62989  -25.066  -27.207  67.146 0.7500000000
64218  -26.023  -25.597  66.750 0.7500000000
63015  -26.706  -26.246  65.209 0.7500000000
168608  -28.329  -26.192  64.564 0.7500000000
64251  -29.134  -26.008  64.703 0.7500000000
63050  -31.992  -27.893  63.641 0.3750000000
63051  -32.862  -28.103  63.634 0.2500000000
64237  -28.359  -25.588  65.255 0.7500000000
64252  -30.135  -26.043  64.964 0.7500000000
63033  -32.664  -27.628  63.965 0.2500000000
63052  -33.617  -27.839  63.729 0.2500000000
63053  -34.367  -27.639  63.800 0.2500000000
53996  -18.525  -35.122  84.211 0.3750000000
169397  -17.835  -35.271  84.195 0.3750000000
52891  -18.221  -35.793  83.685 0.3750000000
52937  -16.086  -34.739  82.047 0.6250000000
52938  -16.902  -35.346  81.525 0.7500000000
151262  -17.279  -35.977  80.981 0.7500000000
52955  -17.337  -34.909  81.008 0.7500000000
66394  -38.029  -23.131  76.394 0.2500000000
56422  -25.301  -33.506  68.217 0.5000000000
57528  -25.314  -32.804  67.771 0.5000000000
64241  -33.915  -25.740  66.845 0.8750000000
162547  -24.433  -31.331  68.085 0.6250000000
59667  -24.171  -30.414  68.240 0.5000000000
60791  -24.232  -29.440  67.877 0.6250000000
154315  -24.623  -27.773  67.665 0.6250000000
64201  -25.406  -25.740  68.446 0.7500000000
64219  -27.531  -24.829  66.693 0.7500000000
64220  -28.760  -24.872  66.765 0.7500000000
149614  -32.698  -27.245  65.721 0.7500000000
63020  -33.435  -27.207  65.245 0.6250000000
64263  -33.940  -27.256  63.867 0.3750000000
159313  -28.918  -25.177  65.987 0.7500000000
149052  -33.345  -27.344  64.276 0.5000000000
64277  -34.717  -26.730  63.567 0.2500000000
165761  -35.408  -26.978  63.506 0.2500000000
52890  -17.446  -35.689  83.767 0.3750000000
154562  -17.029  -36.006  83.259 0.5000000000
52904  -17.898  -36.082  83.199 0.5000000000
164728  -16.703  -36.006  82.608 0.5000000000
52921  -17.547  -36.124  82.467 0.5000000000
52919  -16.211  -35.257  82.658 0.5000000000
174285  -17.048  -36.064  82.165 0.5000000000
52920  -16.686  -35.696  82.092 0.5000000000
146756  -17.333  -36.076  81.672 0.7500000000
52939  -18.145  -36.218  81.832 0.7500000000
163254  -17.739  -35.861  80.514 0.7500000000
52956  -18.015  -36.156  81.093 0.7500000000
149320  -18.154  -35.632  80.056 0.8750000000
52971  -18.136  -34.570  79.549 0.8750000000
66416  -38.076  -23.119  75.026 0.2500000000
163678  -24.920  -26.294  69.032 0.7500000000
65433  -33.792  -25.643  66.173 0.7500000000
66498  -33.986  -24.677  67.580 0.8750000000
148384  -24.060  -28.716  68.461 0.6250000000
62977  -24.769  -26.856  68.187 0.6250000000
63009  -34.042  -26.935  65.927 0.7500000000
148401  -33.882  -25.975  65.043 0.5000000000
65440  -34.005  -26.099  63.892 0.3750000000
64264  -33.975  -26.502  64.254 0.5000000000
52922  -18.426  -36.209  82.489 0.6250000000
52940  -18.869  -36.305  81.763 0.7500000000
165505  -18.457  -36.256  81.432 0.6250000000
52957  -18.372  -36.137  80.363 0.7500000000
52982  -18.963  -34.670  79.176 0.8750000000
67616  -33.989  -24.098  67.973 0.8750000000
67624  -33.635  -24.363  67.159 0.8750000000
66517  -33.707  -25.072  66.689 0.8750000000
66531  -33.618  -25.632  63.754 0.5000000000
52958  -19.402  -36.362  81.186 0.7500000000
147083  -18.724  -36.280  81.017 0.7500000000
158190  -19.190  -36.280  80.307 0.7500000000
57399  -26.895  -31.778  80.545 0.6250000000
52972  -18.627  -35.886  79.681 0.8750000000
67525  -38.609  -22.281  75.251 0.2500000000
69659  -39.362  -20.456  75.934 0.2500000000
68593  -38.514  -22.122  74.680 0.3750000000
159966  -32.911  -22.709  67.057 0.7500000000
68673  -32.081  -23.032  65.608 0.6250000000
67632  -32.852  -23.681  66.284 0.6250000000
67639  -32.235  -23.876  64.907 0.6250000000
56292  -26.363  -32.327  80.637 0.5000000000
52973  -19.984  -36.238  79.913 0.7500000000
56298  -25.532  -32.253  79.987 0.6250000000
57386  -27.256  -31.669  81.773 0.5000000000
163496  -19.370  -36.031  79.393 0.8750000000
52983  -19.665  -35.125  78.928 0.8750000000
162639  -37.819  -21.503  72.905 0.5000000000
68601  -38.455  -21.556  74.167 0.3750000000
69774  -31.994  -21.042  65.425 0.7500000000
68674  -32.415  -22.587  66.296 0.6250000000
167226  -32.776  -21.608  66.898 0.8750000000
69791  -30.982  -22.099  64.151 0.6250000000
69773  -31.544  -21.814  65.031 0.6250000000
68672  -31.947  -22.105  65.671 0.6250000000
70907  -30.561  -20.891  62.575 0.5000000000
69839  -30.797  -21.648  61.001 0.5000000000
69840  -31.381  -21.994  60.190 0.2500000000
52984  -20.291  -35.263  79.456 0.8750000000
166938  -25.059  -32.633  79.927 0.7500000000
55197  -24.674  -33.045  80.291 0.6250000000
70888  -31.997  -20.128  64.952 0.7500000000
69756  -32.422  -21.293  66.172 0.8750000000
70908  -30.961  -19.961  63.207 0.6250000000
70900  -31.469  -20.082  64.151 0.6250000000
72120  -30.739  -19.953  62.114 0.6250000000
72138  -30.685  -19.964  61.054 0.6250000000
70927  -30.821  -20.918  60.557 0.6250000000
52985  -21.058  -35.405  79.710 0.8750000000
54065  -24.238  -33.323  80.175 0.6250000000
54084  -22.830  -33.878  79.286 0.7500000000
54085  -23.464  -33.572  79.482 0.7500000000
54086  -24.044  -33.231  79.529 0.7500000000
72107  -31.643  -19.166  63.683 0.6250000000
72121  -31.319  -19.064  62.666 0.6250000000
72158  -31.031  -19.126  60.663 0.6250000000
70942  -31.570  -20.434  59.110 0.3750000000
72175  -31.615  -19.439  59.165 0.3750000000
70962  -32.486  -20.634  57.862 0.3750000000
69870  -32.704  -21.508  58.116 0.3750000000
67729  -35.396  -23.132  56.457 0.5000000000
68788  -35.729  -22.908  55.651 0.5000000000
68802  -37.205  -22.793  54.938 0.5000000000
73423  -32.051  -18.252  63.110 0.7500000000
73442  -31.826  -18.199  62.045 0.6250000000
73457  -31.591  -18.281  60.968 0.6250000000
73494  -32.121  -18.689  58.871 0.5000000000
70961  -32.176  -19.724  58.265 0.5000000000
69882  -33.078  -21.056  57.314 0.5000000000
70979  -32.848  -20.058  57.432 0.5000000000
69890  -33.592  -21.114  56.628 0.5000000000
69891  -34.153  -21.623  56.375 0.5000000000
68787  -34.870  -22.361  56.113 0.5000000000
69905  -35.500  -21.818  55.228 0.5000000000
68814  -36.941  -22.005  54.536 0.5000000000
69921  -38.378  -21.479  54.141 0.3750000000
73323  -35.747  -17.343  69.736 0.3750000000
73424  -32.798  -17.491  63.398 0.7500000000
172474  -33.250  -16.890  61.837 0.7500000000
165314  -32.182  -17.774  60.352 0.6250000000
151485  -32.490  -17.870  59.512 0.6250000000
73495  -32.921  -18.066  58.661 0.6250000000
72198  -32.909  -19.182  57.596 0.6250000000
70991  -33.478  -20.266  56.725 0.6250000000
69904  -34.666  -21.297  55.704 0.5000000000
149978  -36.258  -21.649  54.754 0.5000000000
76692  -40.104  -15.108  58.125 0.8750000000
69906  -36.694  -20.933  54.529 0.5000000000
71023  -37.716  -20.069  54.053 0.5000000000
75669  -39.475  -15.996  57.673 0.6250000000
157456  -40.334  -13.946  58.195 0.8750000000
78740  -40.895  -13.293  58.296 0.7500000000
69920  -37.455  -21.255  54.284 0.5000000000
72260  -38.089  -19.245  54.170 0.5000000000
73555  -38.264  -17.764  55.530 0.5000000000
74626  -38.399  -17.313  55.613 0.6250000000
77700  -38.628  -14.885  57.142 0.6250000000
148938  -39.278  -14.014  57.655 0.6250000000
157670  -40.274  -11.712  57.850 0.7500000000
71024  -38.882  -20.732  53.738 0.2500000000
72261  -38.373  -18.726  53.854 0.3750000000
74636  -38.532  -17.418  53.797 0.5000000000
166370  -38.310  -16.273  54.834 0.3750000000
156550  -37.604  -14.320  55.576 0.6250000000
79817  -39.739  -12.349  57.643 0.6250000000
74559  -33.438  -16.834  62.632 0.7500000000
74560  -34.304  -16.352  62.649 0.7500000000
73479  -33.042  -17.160  60.247 0.6250000000
74581  -33.624  -16.785  61.029 0.7500000000
152948  -33.548  -17.363  59.349 0.6250000000
73514  -33.326  -18.372  57.901 0.6250000000
73532  -33.753  -18.859  57.201 0.6250000000
72219  -33.295  -19.568  57.084 0.6250000000
170119  -33.770  -19.508  56.718 0.6250000000
70993  -34.709  -20.280  55.752 0.6250000000
71007  -35.227  -20.769  55.337 0.6250000000
71008  -35.933  -20.527  54.923 0.6250000000
71022  -37.068  -20.184  54.460 0.5000000000
74627  -39.026  -16.925  57.063 0.7500000000
71010  -37.215  -19.034  55.082 0.6250000000
72249  -38.088  -18.147  55.369 0.5000000000
73556  -38.833  -17.387  56.747 0.6250000000
158251  -41.038  -11.586  58.222 0.7500000000
79816  -38.874  -12.187  56.904 0.6250000000
80876  -39.582  -11.355  57.097 0.7500000000
79828  -37.694  -12.405  55.562 0.5000000000
168268  -38.127  -12.035  56.298 0.6250000000
168534  -37.712  -12.317  53.944 0.3750000000
80903  -38.693  -11.416  53.166 0.2500000000
80920  -39.287  -10.963  52.733 0.1250000000
73459  -34.651  -16.557  60.929 0.8750000000
73497  -34.809  -17.098  59.158 0.7500000000
73481  -35.303  -16.785  60.123 0.8750000000
73482  -36.309  -16.895  60.219 0.8750000000
73515  -34.266  -18.058  57.717 0.6250000000
73498  -35.993  -17.156  59.433 0.8750000000
79776  -45.530  -12.576  61.791 0.2500000000
80841  -45.893  -11.979  62.049 0.2500000000
72199  -34.558  -18.412  57.114 0.6250000000
72176  -35.687  -17.422  58.535 0.7500000000
79789  -44.996  -12.535  61.333 0.2500000000
153918  -45.300  -12.049  61.529 0.2500000000
72201  -36.264  -17.747  57.895 0.7500000000
72220  -34.407  -19.091  56.687 0.6250000000
72222  -35.899  -18.453  56.225 0.7500000000
155994  -38.617  -18.363  57.340 0.7500000000
72236  -34.963  -19.287  56.154 0.6250000000
70994  -36.269  -19.037  55.482 0.7500000000
173516  -38.006  -18.382  56.908 0.7500000000
72239  -39.392  -18.000  57.251 0.7500000000
71009  -36.625  -19.623  54.888 0.6250000000
70996  -37.548  -18.360  56.147 0.7500000000
72238  -38.491  -18.008  56.498 0.7500000000
72237  -37.737  -18.480  55.394 0.7500000000
81975  -39.880  -10.377  56.895 0.7500000000
80877  -40.412  -10.904  57.570 0.7500000000
81985  -38.072  -10.993  54.950 0.5000000000
80886  -38.441  -10.931  55.736 0.6250000000
81987  -39.446  -9.841  56.095 0.6250000000
81994  -38.279  -10.463  54.353 0.3750000000
83073  -38.636  -9.952  53.710 0.5000000000
80902  -37.970  -11.640  53.738 0.3750000000
82010  -38.889  -10.537  53.085 0.2500000000
82021  -39.451  -10.295  52.483 0.2500000000
76657  -45.234  -14.461  61.638 0.3750000000
78710  -45.395  -13.161  61.714 0.2500000000
80830  -46.559  -11.440  62.459 0.2500000000
151653  -45.915  -10.928  62.036 0.2500000000
80840  -45.305  -11.299  61.533 0.2500000000
72240  -40.040  -17.631  57.789 0.8750000000
81977  -41.656  -10.011  58.098 0.7500000000
84075  -41.343  -8.295  57.038 0.7500000000
83062  -39.088  -9.394  55.241 0.5000000000
83075  -39.400  -8.537  54.975 0.6250000000
83074  -38.864  -9.178  54.320 0.3750000000
84114  -39.317  -8.804  52.976 0.5000000000
84115  -39.637  -7.793  53.254 0.5000000000
83103  -39.647  -9.435  52.321 0.3750000000
83138  -44.140  -9.567  48.982 0.2500000000
84169  -45.830  -8.850  47.651 0.1250000000
84175  -46.323  -8.178  47.026 0.1250000000
157080  -46.461  -6.992  46.551 0.2500000000
85181  -48.272  -7.787  46.027 0.1250000000
85180  -47.398  -7.469  46.161 0.2500000000
85189  -47.853  -6.898  45.666 0.2500000000
168519  -41.926  -8.268  57.567 0.7500000000
84086  -41.460  -7.348  56.450 0.7500000000
84085  -40.852  -7.716  56.155 0.7500000000
84102  -40.475  -7.283  55.348 0.5000000000
84101  -39.821  -7.544  54.514 0.5000000000
85108  -40.288  -7.245  52.627 0.5000000000
85122  -41.497  -6.236  52.224 0.5000000000
84139  -41.114  -8.417  50.946 0.3750000000
85134  -41.409  -7.144  51.328 0.5000000000
164705  -42.738  -8.359  49.484 0.3750000000
84160  -43.332  -9.073  49.213 0.2500000000
84161  -43.809  -8.468  48.735 0.2500000000
83145  -44.556  -8.990  48.387 0.2500000000
84168  -45.024  -8.345  47.933 0.1250000000
84174  -45.444  -7.627  47.457 0.2500000000
85173  -45.841  -7.038  47.108 0.2500000000
86183  -46.552  -5.514  46.970 0.3750000000
86190  -47.064  -6.363  46.138 0.2500000000
87222  -47.528  -5.824  45.668 0.2500000000
85078  -41.935  -7.013  56.765 0.7500000000
85102  -41.390  -5.976  54.938 0.6250000000
85109  -40.785  -6.263  53.114 0.5000000000
85121  -40.882  -6.822  52.146 0.5000000000
146927  -42.076  -6.299  51.564 0.3750000000
84140  -42.120  -7.093  50.684 0.3750000000
85135  -42.663  -6.310  51.032 0.3750000000
84141  -42.743  -7.184  50.014 0.3750000000
85146  -43.356  -6.850  49.687 0.3750000000
84162  -44.300  -7.732  48.369 0.3750000000
85156  -44.477  -6.458  48.945 0.3750000000
85165  -44.846  -6.936  48.084 0.3750000000
85166  -45.559  -6.190  47.848 0.3750000000
86182  -46.045  -6.162  47.232 0.3750000000
87209  -47.247  -4.474  47.215 0.3750000000
87217  -48.105  -4.104  45.829 0.3750000000
87208  -47.072  -5.349  46.370 0.3750000000
87216  -47.481  -4.768  46.102 0.3750000000
162840  -48.706  -3.824  45.191 0.3750000000
88220  -48.951  -4.651  44.338 0.2500000000
88223  -50.016  -4.640  43.034 0.2500000000
89176  -50.490  -4.120  42.494 0.1250000000
85085  -41.659  -6.422  55.924 0.7500000000
85086  -42.185  -6.052  56.373 0.7500000000
86100  -42.209  -5.458  55.231 0.7500000000
85111  -42.572  -5.312  53.043 0.6250000000
85110  -41.674  -5.675  53.096 0.6250000000
155408  -42.119  -5.767  52.354 0.6250000000
85123  -42.637  -5.707  51.973 0.6250000000
89110  -51.958  -1.353  49.573 0.5000000000
90041  -52.648  -1.164  48.859 0.1250000000
90035  -53.246  -0.783  48.973 0.1250000000
157478  -53.843  -0.193  49.859 0.1250000000
90956  -54.353  -0.031  49.486 0.1250000000
85136  -43.308  -6.223  50.535 0.3750000000
85147  -44.075  -6.063  49.934 0.3750000000
88197  -51.365  -1.973  48.200 0.6250000000
89122  -51.820  -1.698  48.444 0.2500000000
89123  -52.607  -1.444  48.149 0.2500000000
90036  -53.830  -0.427  49.158 0.1250000000
90043  -53.809  -0.675  48.343 0.1250000000
85157  -45.255  -5.798  48.794 0.3750000000
85158  -46.019  -5.172  48.715 0.5000000000
174231  -50.359  -2.487  47.712 0.7500000000
88205  -50.854  -2.273  47.997 0.7500000000
88206  -51.658  -2.092  47.632 0.5000000000
90049  -53.752  -0.948  47.581 0.3750000000
86175  -46.808  -4.673  47.918 0.3750000000
87210  -47.970  -3.836  47.451 0.5000000000
88210  -48.582  -3.479  46.936 0.5000000000
88211  -50.312  -2.558  47.047 0.6250000000
89139  -51.178  -2.371  46.592 0.7500000000
89140  -51.909  -2.236  46.938 0.7500000000
89132  -52.832  -1.551  47.421 0.3750000000
89124  -53.247  -1.280  47.546 0.3750000000
89148  -49.371  -3.093  45.588 0.5000000000
89149  -49.962  -2.769  44.949 0.6250000000
90057  -51.319  -2.386  45.826 0.7500000000
152674  -52.434  -1.886  47.201 0.5000000000
89164  -49.496  -4.054  43.754 0.2500000000
89165  -50.149  -3.344  43.314 0.3750000000
90077  -50.501  -2.619  44.231 0.6250000000
87139  -49.836  -3.516  55.829 0.3750000000
87156  -50.082  -3.277  55.079 0.3750000000
87155  -49.217  -3.423  54.728 0.3750000000
88161  -51.024  -2.565  54.394 0.2500000000
89084  -51.475  -2.028  53.898 0.1250000000
86123  -41.946  -5.409  54.069 0.6250000000
145605  -43.147  -4.802  55.158 0.7500000000
86130  -48.522  -3.480  54.699 0.5000000000
87163  -49.513  -3.253  54.077 0.3750000000
88160  -50.159  -2.692  53.486 0.2500000000
86137  -46.740  -3.815  53.846 0.7500000000
87162  -48.160  -3.515  53.878 0.7500000000
152446  -48.740  -3.452  53.639 0.5000000000
150372  -49.159  -3.315  53.125 0.7500000000
88167  -49.551  -2.972  52.768 0.3750000000
89091  -50.686  -2.176  53.229 0.2500000000
89092  -51.165  -1.626  52.892 0.3750000000
90012  -51.680  -1.112  52.555 0.1250000000
144570  -56.393  3.679  51.907 0.1250000000
86135  -43.477  -4.899  53.333 0.7500000000
86147  -46.660  -4.232  52.801 0.7500000000
165415  -47.433  -3.995  52.636 0.7500000000
87170  -48.481  -3.571  52.595 0.7500000000
88168  -50.029  -2.456  52.456 0.3750000000
89099  -50.652  -1.844  52.023 0.6250000000
89100  -51.130  -1.446  51.333 0.2500000000
167211  -51.719  -0.933  51.356 0.1250000000
90020  -53.184  -0.187  51.682 0.1250000000
155179  -56.094  2.020  51.663 0.1250000000
97773  -56.410  3.131  51.673 0.1250000000
145057  -56.395  3.292  51.469 0.1250000000
147885  -43.235  -5.664  51.511 0.5000000000
87177  -47.828  -3.896  52.181 0.7500000000
87171  -48.979  -3.346  52.155 0.7500000000
87179  -48.931  -3.299  51.161 0.7500000000
88176  -50.087  -2.331  51.352 0.6250000000
89108  -50.728  -1.772  50.882 0.5000000000
90027  -52.653  -0.505  50.752 0.1250000000
90028  -53.538  -0.172  50.625 0.1250000000
91888  -55.242  0.760  50.594 0.1250000000
91885  -55.530  1.000  50.913 0.1250000000
148347  -55.841  1.419  50.881 0.1250000000
93808  -56.172  1.894  50.374 0.1250000000
94784  -56.264  2.202  50.636 0.1250000000
95719  -56.372  3.974  51.272 0.1250000000
85124  -44.004  -5.499  51.099 0.3750000000
163583  -47.642  -4.028  51.474 0.7500000000
87178  -48.268  -3.696  51.553 0.7500000000
88183  -49.571  -2.778  50.741 0.7500000000
88184  -50.312  -2.245  50.302 0.6250000000
89115  -51.074  -1.722  49.921 0.5000000000
90026  -52.089  -1.009  50.329 0.2500000000
147233  -53.292  -0.480  49.797 0.1250000000
90950  -54.892  0.407  49.988 0.1250000000
92840  -55.797  1.352  50.498 0.1250000000
91890  -55.993  1.446  49.580 0.1250000000
95737  -56.425  2.747  50.434 0.1250000000
85148  -45.072  -5.507  49.748 0.5000000000
87184  -47.737  -3.946  50.793 0.7500000000
87185  -48.347  -3.620  50.568 0.7500000000
87193  -48.426  -3.563  49.705 0.7500000000
149712  -49.794  -2.608  48.927 0.7500000000
88190  -50.623  -2.075  49.323 0.6250000000
88191  -51.139  -1.873  48.699 0.3750000000
90044  -54.386  -0.238  48.616 0.1250000000
90958  -55.488  0.543  48.602 0.1250000000
85149  -45.931  -5.025  49.599 0.5000000000
86168  -46.684  -4.621  49.505 0.5000000000
87201  -48.498  -3.498  48.864 0.7500000000
88204  -50.041  -2.537  48.256 0.7500000000
89133  -53.677  -1.199  46.958 0.3750000000
90051  -54.419  -0.460  47.622 0.3750000000
161512  -46.720  -4.676  48.705 0.5000000000
168603  -47.280  -4.272  48.631 0.5000000000
148313  -47.766  -3.902  48.236 0.6250000000
88195  -49.242  -2.983  48.526 0.7500000000
88203  -49.484  -2.830  47.627 0.6250000000
149450  -52.887  -2.061  45.453 0.5000000000
89151  -53.299  -1.669  45.981 0.3750000000
161112  -53.308  -1.411  47.005 0.3750000000
90090  -51.858  -1.813  43.898 0.6250000000
90078  -51.495  -2.228  44.465 0.7500000000
89150  -52.679  -1.955  46.416 0.5000000000
90089  -50.986  -2.443  43.575 0.5000000000
90066  -50.939  -2.461  45.121 0.7500000000
89166  -50.760  -2.998  42.670 0.3750000000
90115  -51.357  -3.270  41.501 0.2500000000
86107  -49.071  -3.577  55.611 0.3750000000
86128  -46.820  -3.616  54.834 0.6250000000
86124  -42.796  -4.919  54.159 0.7500000000
86125  -43.787  -4.655  54.241 0.7500000000
86127  -45.800  -3.906  54.343 0.7500000000
148297  -44.385  -4.601  53.493 0.7500000000
86136  -45.295  -4.331  53.556 0.7500000000
171719  -46.076  -4.150  53.476 0.7500000000
86144  -43.305  -5.275  52.432 0.7500000000
86145  -44.117  -4.886  52.665 0.7500000000
168884  -45.019  -4.583  52.822 0.7500000000
86146  -45.756  -4.482  52.302 0.7500000000
171672  -43.866  -5.233  51.943 0.7500000000
86154  -44.758  -4.862  51.864 0.7500000000
86155  -45.749  -4.658  51.425 0.7500000000
86148  -47.165  -4.262  51.885 0.7500000000
95736  -56.654  3.703  49.878 0.1250000000
85137  -44.940  -5.212  50.769 0.5000000000
86156  -46.576  -4.500  51.182 0.7500000000
86157  -47.217  -4.286  50.982 0.7500000000
91892  -55.811  1.019  49.092 0.1250000000
92850  -56.356  1.809  49.155 0.1250000000
174128  -56.703  2.356  49.179 0.1250000000
168001  -56.910  2.761  49.175 0.1250000000
86161  -46.645  -4.564  50.335 0.6250000000
87192  -47.800  -3.912  49.987 0.7500000000
90964  -54.971  0.114  48.119 0.1250000000
90965  -55.574  0.522  47.716 0.1250000000
91893  -56.225  1.441  48.693 0.1250000000
91896  -56.421  1.447  47.812 0.1250000000
92858  -56.626  1.880  48.313 0.1250000000
93822  -57.044  2.603  48.600 0.1250000000
86162  -47.266  -4.265  50.182 0.5000000000
89134  -53.964  -1.107  46.423 0.3750000000
90059  -54.337  -0.764  46.159 0.3750000000
152969  -51.391  -2.092  43.011 0.5000000000
86102  -44.146  -4.478  55.168 0.7500000000
86126  -44.733  -4.318  54.304 0.7500000000
90104  -51.203  -2.654  42.130 0.5000000000
166826  -52.051  -1.484  43.375 0.6250000000
90116  -51.437  -2.518  41.399 0.2500000000
64203  -27.170  -24.633  67.779 0.7500000000
164881  -28.118  -25.082  65.990 0.7500000000
150247  -26.614  -31.982  80.301 0.5000000000
67497  -38.430  -22.630  76.787 0.2500000000
68610  -37.873  -22.214  73.033 0.5000000000
67524  -38.324  -22.710  74.814 0.2500000000
167998  -38.462  -22.556  75.285 0.2500000000
68664  -33.489  -22.709  67.778 0.8750000000
70827  -37.292  -20.304  72.228 0.5000000000
73338  -35.168  -17.733  69.021 0.3750000000
72093  -31.981  -19.395  64.456 0.6250000000
74569  -34.038  -16.510  61.789 0.7500000000
70998  -39.071  -18.169  57.200 0.8750000000
166985  -39.557  -16.535  57.652 0.7500000000
73557  -39.436  -17.065  57.387 0.7500000000
169693  -40.544  -14.440  58.285 0.8750000000
79818  -40.584  -12.473  58.166 0.7500000000
83052  -41.786  -9.055  57.806 0.6250000000
61856  -24.279  -27.875  68.429 0.6250000000
152554  -30.112  -27.433  63.743 0.6250000000
69684  -37.765  -20.658  72.840 0.5000000000
166115  -35.918  -17.900  57.051 0.7500000000
51872  -16.703  -36.627  75.299 0.3750000000
57538  -26.020  -32.149  67.430 0.3750000000
149045  -24.405  -28.563  67.693 0.6250000000
61864  -24.926  -28.233  67.020 0.6250000000
64217  -25.371  -26.118  67.421 0.7500000000
62990  -25.617  -26.499  66.443 0.6250000000
64202  -26.085  -25.218  67.715 0.7500000000
65398  -26.655  -25.062  67.052 0.7500000000
64235  -26.266  -25.866  65.873 0.7500000000
65420  -26.679  -25.311  66.358 0.7500000000
63034  -33.317  -27.675  63.849 0.2500000000
171234  -34.966  -27.245  63.639 0.1250000000
64253  -33.845  -26.910  64.780 0.5000000000
64254  -34.043  -26.281  65.640 0.6250000000
68663  -33.302  -23.614  67.115 0.8750000000
69665  -38.841  -21.277  74.921 0.2500000000
68681  -31.604  -22.885  64.873 0.6250000000
173820  -32.444  -23.501  65.770 0.6250000000
56291  -25.738  -32.425  80.504 0.5000000000
150373  -31.438  -21.001  64.633 0.7500000000
69790  -30.584  -21.895  62.985 0.5000000000
69822  -30.616  -21.785  61.851 0.5000000000
70899  -30.865  -20.972  63.692 0.5000000000
70916  -30.581  -20.869  61.511 0.6250000000
70928  -31.224  -21.016  59.781 0.3750000000
72139  -31.073  -19.060  61.611 0.6250000000
72157  -31.043  -19.905  59.969 0.5000000000
73478  -31.559  -18.636  59.858 0.5000000000
69856  -31.902  -21.734  59.316 0.2500000000
70943  -32.091  -20.968  58.504 0.2500000000
69871  -33.293  -21.940  57.752 0.2500000000
159139  -33.360  -22.399  58.659 0.2500000000
68815  -37.814  -22.179  54.501 0.3750000000
68801  -36.327  -22.515  54.998 0.5000000000
73443  -32.647  -17.460  62.408 0.7500000000
69883  -33.664  -21.826  57.053 0.5000000000
73458  -32.552  -17.381  61.280 0.7500000000
73496  -33.934  -17.702  58.491 0.6250000000
72235  -34.176  -19.850  56.277 0.6250000000
168752  -38.363  -20.087  53.699 0.3750000000
76691  -39.107  -15.494  57.435 0.6250000000
75677  -38.667  -16.742  56.598 0.6250000000
76701  -38.599  -16.195  56.668 0.6250000000
77701  -39.696  -14.675  57.938 0.7500000000
78739  -40.006  -13.216  58.000 0.6250000000
71039  -38.850  -19.907  53.451 0.3750000000
73567  -38.356  -17.915  54.272 0.3750000000
150210  -38.380  -16.912  55.067 0.5000000000
165195  -38.382  -16.532  55.755 0.6250000000
76700  -38.303  -15.660  56.425 0.6250000000
77711  -37.917  -14.978  56.018 0.6250000000
169652  -37.992  -14.001  56.774 0.6250000000
78738  -38.980  -13.122  57.335 0.6250000000
73576  -39.041  -18.368  53.081 0.3750000000
166118  -38.045  -15.636  55.326 0.6250000000
76708  -38.222  -15.567  54.381 0.5000000000
160197  -38.085  -12.858  56.537 0.6250000000
78749  -37.586  -13.426  55.648 0.6250000000
73480  -34.185  -16.872  60.135 0.6250000000
155488  -35.473  -19.706  55.538 0.7500000000
72250  -38.702  -17.724  56.611 0.7500000000
79815  -38.644  -11.415  56.379 0.6250000000
79836  -37.611  -12.843  54.639 0.5000000000
79827  -37.695  -11.827  54.572 0.3750000000
79844  -37.972  -13.103  53.927 0.3750000000
158057  -38.349  -12.332  53.437 0.2500000000
169263  -38.068  -11.183  54.228 0.5000000000
73516  -34.820  -17.523  58.279 0.7500000000
72200  -35.278  -17.794  57.576 0.7500000000
72221  -35.161  -18.441  56.746 0.7500000000
70997  -38.219  -18.249  56.614 0.7500000000
73544  -39.477  -17.496  57.326 0.8750000000
81974  -39.101  -10.663  56.302 0.6250000000
83051  -41.034  -9.437  57.381 0.7500000000
83050  -40.204  -9.533  56.725 0.6250000000
81986  -38.648  -10.244  55.354 0.6250000000
83063  -39.778  -8.972  55.904 0.6250000000
83064  -40.564  -8.650  56.518 0.7500000000
84100  -39.180  -8.434  53.913 0.5000000000
83090  -39.122  -9.703  52.993 0.2500000000
84084  -40.090  -8.047  55.656 0.5000000000
84127  -39.999  -8.403  52.235 0.3750000000
83146  -45.377  -9.381  48.214 0.1250000000
84183  -47.016  -8.018  46.569 0.1250000000
85084  -41.070  -6.848  55.607 0.6250000000
85101  -40.615  -6.536  54.486 0.5000000000
165210  -40.143  -6.957  53.595 0.5000000000
168530  -40.680  -7.748  51.743 0.5000000000
150696  -41.693  -7.917  50.556 0.2500000000
83116  -41.702  -8.882  50.243 0.3750000000
84153  -43.204  -7.850  49.234 0.3750000000
145271  -41.238  -5.840  53.954 0.5000000000
85155  -43.739  -7.159  49.009 0.3750000000
86174  -46.222  -5.316  47.897 0.3750000000
170230  -47.263  -4.315  48.044 0.5000000000
163861  -47.813  -4.091  46.700 0.3750000000
87224  -48.386  -4.633  44.987 0.3750000000
89157  -49.301  -3.534  44.638 0.5000000000
171759  -51.036  -4.764  42.129 0.1250000000
90034  -52.644  -0.859  49.663 0.1250000000
89117  -52.123  -1.470  48.796 0.2500000000
89116  -51.445  -1.659  49.089 0.6250000000
90949  -54.216  0.127  50.386 0.1250000000
89131  -52.151  -1.780  47.851 0.2500000000
90042  -53.228  -1.066  48.221 0.2500000000
88212  -51.054  -2.314  47.379 0.7500000000
151036  -48.585  -3.404  47.992 0.5000000000
174501  -48.775  -3.415  46.036 0.5000000000
166130  -49.457  -2.933  46.590 0.6250000000
89138  -50.335  -2.589  45.996 0.7500000000
90058  -52.054  -2.259  46.090 0.6250000000
89141  -53.066  -1.612  46.738 0.3750000000
89158  -49.811  -3.178  44.152 0.5000000000
90067  -51.963  -2.294  45.251 0.6250000000
167240  -51.030  -3.040  55.364 0.2500000000
174910  -48.669  -3.462  54.217 0.5000000000
152738  -50.229  -2.971  54.349 0.2500000000
86138  -47.440  -3.763  53.405 0.7500000000
171761  -49.701  -3.053  53.567 0.5000000000
87169  -47.996  -3.662  53.024 0.7500000000
90019  -52.402  -0.524  52.212 0.1250000000
174207  -45.793  -4.384  52.990 0.7500000000
88175  -49.480  -2.876  51.772 0.7500000000
90942  -54.010  0.148  51.557 0.1250000000
92832  -55.776  1.307  51.741 0.1250000000
153105  -56.266  2.336  51.009 0.1250000000
95720  -56.377  3.137  50.867 0.1250000000
170814  -46.438  -4.422  51.921 0.7500000000
87186  -49.026  -3.218  50.200 0.7500000000
89109  -51.444  -1.368  50.534 0.5000000000
88189  -49.788  -2.635  49.697 0.7500000000
171567  -50.182  -2.381  49.130 0.6250000000
91889  -55.579  1.057  50.032 0.1250000000
90957  -54.948  0.187  49.042 0.1250000000
90951  -55.377  0.635  49.459 0.1250000000
154147  -56.414  2.045  49.557 0.1250000000
94783  -56.618  2.817  49.835 0.1250000000
86160  -45.850  -4.850  50.508 0.5000000000
87194  -49.136  -3.135  49.331 0.7500000000
88196  -50.566  -2.236  48.635 0.6250000000
86169  -47.283  -4.256  49.398 0.6250000000
87200  -47.803  -3.851  49.177 0.5000000000
90050  -54.154  -0.865  46.885 0.3750000000
90079  -52.509  -2.009  44.646 0.6250000000
95735  -56.496  4.399  50.482 0.1250000000
96729  -56.847  5.074  49.652 0.1250000000
48247  -3.127  -40.110  85.386 0.1250000000
48232  -4.081  -39.877  86.240 0.2500000000
49398  -3.695  -39.638  85.752 0.2500000000
49380  -3.912  -39.197  85.816 0.2500000000
48248  -3.535  -40.467  85.669 0.2500000000
48249  -4.106  -40.890  85.990 0.2500000000
152588  -3.356  -39.277  85.412 0.1250000000
47113  -4.721  -41.562  85.327 0.2500000000
151308  -3.203  -39.180  85.077 0.1250000000
154739  -4.381  -39.308  86.941 0.2500000000
49381  -4.136  -39.153  86.263 0.2500000000
48233  -4.633  -40.060  86.752 0.2500000000
151008  -5.062  -40.549  86.218 0.2500000000
50613  -3.320  -38.784  84.986 0.3750000000
48263  -5.645  -41.138  85.529 0.2500000000
50593  -4.414  -38.627  86.854 0.3750000000
50591  -3.819  -38.609  85.608 0.3750000000
50592  -4.191  -38.570  86.146 0.3750000000
157180  -4.986  -39.482  87.372 0.3750000000
51731  -4.291  -37.999  86.023 0.3750000000
51742  -3.969  -38.283  85.551 0.3750000000
48234  -5.326  -40.032  87.009 0.2500000000
48235  -5.969  -40.110  86.660 0.2500000000
161085  -3.914  -38.129  85.183 0.3750000000
48250  -6.323  -40.291  85.809 0.2500000000
48264  -6.210  -41.184  85.077 0.2500000000
152908  -6.517  -40.397  84.914 0.2500000000
48270  -6.777  -41.019  83.759 0.2500000000
48277  -7.100  -41.345  82.753 0.2500000000
157751  -6.909  -40.356  83.280 0.2500000000
48278  -7.405  -40.438  82.469 0.2500000000
48284  -8.049  -41.088  81.714 0.1250000000
50705  -10.925  -38.959  79.380 0.1250000000
50578  -4.529  -38.014  86.685 0.3750000000
50579  -4.776  -38.074  87.578 0.3750000000
49382  -4.701  -38.849  87.607 0.3750000000
49367  -5.385  -39.100  88.011 0.3750000000
49383  -5.763  -39.505  87.422 0.3750000000
163561  -4.268  -37.710  85.777 0.3750000000
52828  -4.730  -37.134  86.221 0.2500000000
48251  -6.576  -39.499  85.966 0.3750000000
48265  -6.642  -39.118  85.286 0.2500000000
160847  -7.512  -39.421  82.695 0.2500000000
49442  -7.982  -40.038  81.876 0.1250000000
49443  -7.834  -38.855  82.287 0.2500000000
162497  -9.168  -39.069  80.321 0.1250000000
50704  -9.858  -38.798  79.619 0.1250000000
50715  -10.384  -38.042  79.094 0.1250000000
51722  -5.116  -37.444  87.167 0.2500000000
50561  -4.987  -37.804  88.295 0.3750000000
51732  -4.845  -37.274  86.401 0.2500000000
51723  -4.975  -37.468  87.972 0.2500000000
50580  -5.732  -38.585  88.552 0.3750000000
52829  -5.092  -36.319  86.281 0.2500000000
49384  -6.530  -39.346  87.350 0.5000000000
49399  -6.654  -39.526  86.659 0.3750000000
50666  -8.268  -38.073  81.926 0.2500000000
50684  -8.734  -38.249  80.944 0.2500000000
50703  -9.186  -38.088  80.159 0.1250000000
50714  -9.645  -37.678  79.552 0.1250000000
51811  -9.639  -36.740  79.815 0.2500000000
51817  -10.886  -37.365  78.598 0.1250000000
51818  -11.742  -37.699  78.274 0.1250000000
50734  -12.701  -38.098  78.216 0.1250000000
50735  -13.687  -38.485  78.226 0.1250000000
50736  -14.693  -38.708  78.278 0.1250000000
51827  -12.282  -37.192  77.669 0.1250000000
51829  -14.163  -37.964  77.506 0.1250000000
51843  -14.631  -37.503  76.810 0.1250000000
52805  -5.217  -36.677  89.614 0.1250000000
51706  -5.608  -37.485  89.435 0.1250000000
51707  -6.544  -37.667  89.735 0.2500000000
160444  -5.041  -36.279  88.645 0.1250000000
51705  -4.900  -37.220  88.762 0.2500000000
50563  -6.118  -38.129  89.139 0.2500000000
50564  -7.053  -38.140  89.212 0.3750000000
58423  -23.801  -30.614  87.089 0.1250000000
60563  -23.678  -29.322  87.659 0.1250000000
60572  -24.190  -29.912  87.486 0.1250000000
51704  -5.157  -36.768  87.818 0.2500000000
154755  -7.404  -38.335  88.499 0.5000000000
58424  -24.360  -31.039  86.905 0.1250000000
169310  -5.484  -35.689  86.883 0.2500000000
50562  -5.230  -37.990  88.857 0.3750000000
152654  -6.623  -38.573  88.610 0.5000000000
50594  -7.515  -38.540  87.896 0.5000000000
52816  -5.402  -36.591  86.932 0.2500000000
49368  -6.222  -39.104  88.071 0.3750000000
49385  -7.194  -39.023  87.348 0.5000000000
49400  -6.966  -38.810  86.709 0.5000000000
50647  -8.001  -37.663  83.066 0.3750000000
51791  -8.600  -37.010  82.716 0.5000000000
51798  -8.754  -37.291  81.730 0.2500000000
51810  -9.287  -37.266  80.161 0.1250000000
51816  -10.159  -37.070  79.118 0.1250000000
51826  -11.493  -36.560  78.144 0.1250000000
51841  -12.951  -36.570  77.187 0.1250000000
51828  -13.179  -37.626  77.486 0.1250000000
51842  -13.751  -37.104  76.902 0.1250000000
51858  -15.696  -37.018  76.018 0.2500000000
156463  -25.525  -28.728  66.603 0.5000000000
51691  -6.066  -37.073  90.086 0.1250000000
61651  -23.931  -28.555  88.039 0.1250000000
169289  -26.744  -27.676  88.533 0.2500000000
61655  -27.167  -28.003  88.276 0.2500000000
50565  -7.913  -37.975  89.138 0.2500000000
59514  -23.135  -31.016  86.644 0.1250000000
59505  -23.039  -30.329  87.016 0.1250000000
60564  -24.490  -29.219  87.963 0.1250000000
61653  -25.767  -28.361  88.234 0.1250000000
154906  -27.853  -27.597  88.395 0.2500000000
57360  -22.529  -32.608  85.032 0.1250000000
160532  -23.235  -31.620  86.241 0.1250000000
58431  -23.809  -31.329  86.561 0.1250000000
58432  -24.509  -31.523  86.420 0.1250000000
60573  -25.007  -29.840  87.590 0.1250000000
60574  -25.910  -29.714  87.470 0.1250000000
61660  -27.664  -28.292  87.655 0.2500000000
147753  -28.963  -28.110  86.760 0.2500000000
61670  -29.925  -27.613  86.234 0.2500000000
57361  -23.224  -32.649  85.416 0.1250000000
57352  -23.794  -32.170  86.024 0.1250000000
57362  -24.268  -32.698  85.406 0.1250000000
58433  -25.277  -31.460  86.248 0.1250000000
58426  -25.670  -30.825  86.593 0.1250000000
59516  -26.984  -30.254  86.228 0.2500000000
148199  -27.320  -29.521  86.570 0.2500000000
60583  -28.410  -28.651  86.333 0.2500000000
62768  -29.610  -27.614  86.867 0.2500000000
61675  -29.832  -27.632  85.638 0.2500000000
55145  -23.244  -33.637  84.447 0.1250000000
56247  -23.626  -33.111  85.095 0.1250000000
57353  -24.776  -32.155  85.955 0.1250000000
56249  -25.636  -32.659  84.842 0.1250000000
58441  -26.263  -31.510  85.505 0.1250000000
59524  -27.800  -30.016  85.234 0.2500000000
60590  -28.642  -28.730  85.490 0.2500000000
61674  -29.217  -28.124  85.211 0.2500000000
61683  -29.746  -27.456  84.895 0.2500000000
55161  -24.517  -33.758  84.190 0.2500000000
56258  -25.234  -33.353  84.207 0.1250000000
57364  -26.216  -32.017  85.127 0.1250000000
57371  -27.042  -31.788  83.993 0.2500000000
59529  -27.414  -30.608  84.858 0.2500000000
59530  -27.903  -30.151  84.392 0.2500000000
60595  -28.683  -28.698  84.691 0.2500000000
169643  -8.623  -36.570  84.690 0.3750000000
55168  -23.684  -34.506  83.213 0.2500000000
54013  -23.752  -34.610  82.558 0.3750000000
56267  -25.461  -33.499  83.426 0.2500000000
57377  -26.540  -32.440  83.553 0.2500000000
58448  -27.685  -30.544  83.669 0.3750000000
60594  -28.200  -29.292  84.157 0.3750000000
60600  -28.188  -29.145  83.386 0.3750000000
50627  -8.034  -37.396  84.126 0.5000000000
51773  -8.533  -36.667  83.765 0.5000000000
52933  -9.765  -35.853  81.368 0.5000000000
51805  -9.368  -36.570  80.663 0.3750000000
52967  -10.198  -36.139  79.510 0.2500000000
52968  -10.742  -36.389  78.830 0.1250000000
54074  -11.978  -35.416  78.138 0.2500000000
52981  -12.222  -36.268  77.652 0.1250000000
52997  -13.707  -36.158  76.796 0.1250000000
53004  -14.357  -36.577  76.434 0.1250000000
51857  -15.027  -37.038  76.295 0.1250000000
61865  -25.608  -27.756  66.292 0.5000000000
61866  -26.436  -28.833  66.172 0.2500000000
53907  -6.003  -35.887  90.655 0.1250000000
52795  -6.582  -36.553  90.516 0.1250000000
52794  -5.351  -36.092  90.032 0.1250000000
52785  -7.428  -36.642  90.748 0.1250000000
52793  -5.011  -35.543  88.787 0.1250000000
168969  -5.821  -36.460  90.207 0.1250000000
51692  -6.997  -37.153  90.262 0.1250000000
57359  -21.845  -32.527  84.322 0.1250000000
155925  -21.785  -31.901  84.637 0.1250000000
58439  -21.899  -31.340  85.253 0.1250000000
59512  -22.039  -30.790  85.885 0.1250000000
61659  -23.151  -28.691  87.620 0.1250000000
62750  -26.665  -27.024  88.668 0.2500000000
62752  -27.986  -27.000  89.032 0.2500000000
62753  -28.822  -26.782  88.990 0.2500000000
51708  -7.495  -37.600  89.756 0.1250000000
58430  -22.527  -31.381  85.997 0.1250000000
175156  -22.532  -29.993  86.712 0.1250000000
60571  -22.899  -29.505  87.216 0.1250000000
151569  -25.507  -27.757  88.349 0.2500000000
62759  -26.147  -27.683  88.462 0.2500000000
167356  -29.214  -27.083  88.544 0.2500000000
149059  -29.569  -27.419  87.583 0.2500000000
50581  -8.230  -38.017  88.268 0.3750000000
50595  -8.414  -37.583  87.658 0.3750000000
146963  -21.002  -33.610  83.637 0.1250000000
57351  -22.888  -32.129  85.773 0.1250000000
61656  -28.438  -27.764  87.886 0.2500000000
62762  -29.130  -27.428  88.054 0.2500000000
62769  -30.215  -27.216  87.413 0.2500000000
53998  -20.819  -34.553  83.374 0.2500000000
55143  -21.761  -33.786  83.654 0.1250000000
56246  -22.849  -33.194  84.827 0.1250000000
52907  -20.755  -35.837  82.929 0.3750000000
53999  -21.617  -34.625  83.144 0.2500000000
55159  -22.250  -34.014  83.638 0.1250000000
154564  -20.975  -36.108  82.349 0.3750000000
52925  -21.634  -35.963  82.260 0.3750000000
52909  -21.655  -35.135  82.210 0.3750000000
54011  -22.218  -34.646  82.824 0.3750000000
173297  -9.154  -35.897  85.129 0.5000000000
52883  -10.065  -35.092  84.123 0.5000000000
52942  -21.305  -36.189  81.600 0.3750000000
52926  -21.864  -35.597  81.823 0.3750000000
54021  -22.995  -34.429  82.142 0.3750000000
55175  -24.385  -34.397  82.329 0.2500000000
55171  -25.514  -33.480  82.537 0.2500000000
56277  -26.696  -32.624  81.885 0.3750000000
58458  -27.368  -31.416  82.567 0.3750000000
59536  -28.054  -29.972  83.553 0.3750000000
59540  -28.081  -29.821  82.790 0.3750000000
51774  -9.142  -35.805  84.385 0.5000000000
148069  -20.588  -36.330  81.091 0.3750000000
175173  -21.823  -36.029  80.497 0.5000000000
52944  -22.409  -34.563  81.241 0.3750000000
54047  -23.309  -34.036  81.091 0.5000000000
54036  -24.302  -33.669  81.129 0.3750000000
55183  -25.187  -33.037  81.099 0.3750000000
174825  -28.006  -30.353  82.264 0.3750000000
51792  -9.243  -35.910  83.274 0.5000000000
52914  -10.440  -35.060  83.066 0.5000000000
52961  -21.796  -34.893  80.807 0.6250000000
151654  -23.530  -33.845  80.578 0.6250000000
160480  -23.974  -33.590  80.532 0.3750000000
55191  -25.307  -32.795  80.749 0.2500000000
168177  -9.037  -36.513  82.349 0.6250000000
51799  -9.192  -36.548  81.562 0.5000000000
52951  -9.909  -35.916  80.395 0.2500000000
52934  -10.397  -35.190  81.056 0.5000000000
168002  -10.744  -35.632  79.309 0.2500000000
61877  -26.444  -27.844  65.676 0.3750000000
61878  -27.234  -27.877  65.127 0.3750000000
61879  -27.863  -29.032  65.652 0.1250000000
52784  -7.007  -36.032  91.066 0.1250000000
53895  -5.853  -35.158  90.897 0.1250000000
51693  -7.914  -37.107  90.335 0.1250000000
51710  -9.085  -37.209  89.230 0.1250000000
164927  -8.528  -37.659  89.006 0.1250000000
50566  -8.858  -37.362  88.541 0.2500000000
58446  -21.362  -32.172  83.957 0.1250000000
171175  -8.662  -37.548  88.100 0.2500000000
50596  -9.003  -36.976  87.999 0.3750000000
56244  -20.238  -33.461  83.954 0.1250000000
57358  -20.707  -32.852  83.840 0.1250000000
55142  -20.109  -33.979  84.038 0.1250000000
53987  -20.081  -34.414  83.884 0.2500000000
54008  -19.762  -35.301  83.473 0.2500000000
52924  -20.098  -36.190  82.574 0.2500000000
153364  -20.141  -35.889  83.156 0.2500000000
165249  -20.421  -36.305  81.798 0.3750000000
167258  -19.971  -36.345  80.737 0.5000000000
52960  -21.316  -36.219  80.746 0.3750000000
163309  -20.025  -36.036  79.266 0.7500000000
52975  -21.300  -36.115  80.049 0.7500000000
52986  -21.643  -34.610  79.813 0.6250000000
54063  -23.045  -34.038  80.030 0.6250000000
54064  -23.757  -33.610  80.129 0.5000000000
52915  -11.309  -34.868  82.509 0.6250000000
54030  -11.155  -34.802  81.677 0.5000000000
63004  -26.672  -27.092  65.261 0.6250000000
63016  -27.160  -26.849  64.911 0.6250000000
63017  -27.877  -27.091  64.440 0.5000000000
51694  -8.783  -36.865  90.487 0.1250000000
51733  -9.978  -36.753  87.997 0.1250000000
59528  -21.521  -31.339  84.185 0.1250000000
59521  -21.377  -30.344  84.092 0.1250000000
56243  -19.478  -33.188  84.351 0.1250000000
53986  -19.364  -34.295  84.437 0.2500000000
53997  -19.388  -34.836  84.084 0.2500000000
52906  -19.517  -36.053  83.132 0.1250000000
52923  -19.224  -36.243  82.517 0.5000000000
61915  -29.488  -28.263  63.878 0.1250000000
51711  -10.350  -36.739  89.046 0.1250000000
51725  -10.383  -36.707  88.508 0.1250000000
51724  -9.709  -37.050  88.711 0.1250000000
52817  -10.728  -36.409  88.028 0.1250000000
56241  -18.481  -33.387  85.185 0.1250000000
57357  -19.799  -32.698  84.002 0.1250000000
58445  -20.930  -31.869  83.460 0.1250000000
58452  -21.155  -31.055  83.284 0.1250000000
51734  -10.231  -36.346  87.417 0.1250000000
157221  -18.077  -34.539  85.383 0.1250000000
55140  -18.707  -34.101  85.088 0.2500000000
51744  -10.429  -35.889  86.843 0.2500000000
53985  -18.703  -34.688  84.776 0.1250000000
52889  -16.600  -35.401  83.896 0.3750000000
54031  -12.017  -34.437  81.456 0.6250000000
61916  -30.456  -28.461  63.725 0.2500000000
63049  -31.082  -27.646  63.733 0.3750000000
61936  -31.409  -28.462  63.558 0.3750000000
63055  -35.897  -27.305  63.792 0.1250000000
64278  -35.514  -26.336  63.133 0.1250000000
64279  -36.077  -26.672  63.360 0.1250000000
52806  -10.646  -36.310  89.578 0.1250000000
172236  -17.645  -33.821  86.213 0.1250000000
52846  -11.273  -35.614  86.744 0.2500000000
53984  -17.402  -34.912  85.470 0.2500000000
52870  -16.148  -35.051  84.733 0.3750000000
52888  -15.666  -34.847  83.987 0.3750000000
52903  -16.265  -35.583  83.250 0.3750000000
149958  -15.368  -34.727  82.634 0.3750000000
52902  -15.594  -34.804  83.197 0.3750000000
65447  -35.798  -25.659  62.738 0.1250000000
149086  -35.374  -25.261  62.449 0.1250000000
52901  -14.682  -34.717  83.730 0.3750000000
151430  -34.726  -25.938  62.940 0.2500000000
66546  -35.397  -24.587  62.050 0.1250000000
67648  -36.252  -23.725  62.375 0.1250000000
66545  -34.474  -25.349  62.436 0.1250000000
67657  -33.858  -24.173  61.398 0.1250000000
167362  -34.650  -23.752  61.434 0.1250000000
67666  -34.169  -23.543  61.091 0.1250000000
68702  -35.716  -23.012  61.799 0.1250000000
172089  -33.483  -24.795  66.302 0.7500000000
66530  -32.727  -24.874  64.410 0.3750000000
67647  -32.370  -24.605  63.612 0.2500000000
67656  -32.905  -24.645  62.171 0.2500000000
67664  -32.089  -24.133  61.990 0.2500000000
67646  -31.820  -23.834  64.115 0.5000000000
68700  -31.387  -23.520  62.535 0.3750000000
68686  -30.910  -22.743  63.167 0.3750000000
68774  -34.274  -22.323  56.845 0.3750000000
67758  -36.587  -23.321  55.507 0.3750000000
68803  -38.185  -22.852  55.086 0.2500000000
74483  -35.598  -16.577  67.777 0.3750000000
75522  -36.263  -16.158  68.186 0.3750000000
75539  -36.256  -16.012  67.230 0.2500000000
74518  -38.007  -15.666  65.584 0.3750000000
90137  -53.640  -2.001  39.083 0.1250000000
90149  -54.302  -1.861  38.630 0.1250000000
91035  -53.670  -1.222  38.769 0.1250000000
91036  -54.254  -1.096  38.224 0.1250000000
91028  -53.084  -1.252  39.290 0.2500000000
173169  -53.207  -0.609  39.063 0.1250000000
90105  -51.613  -1.561  42.412 0.3750000000
91009  -52.165  -0.592  42.201 0.3750000000
91022  -51.941  -0.770  40.871 0.3750000000
91936  -53.075  0.413  41.595 0.3750000000
90124  -52.168  -1.883  40.190 0.1250000000
91946  -52.707  -0.335  39.648 0.2500000000
91947  -53.096  0.250  39.306 0.2500000000
91952  -53.595  -0.196  38.534 0.2500000000
90091  -52.818  -1.415  44.058 0.5000000000
90996  -53.366  -0.761  43.833 0.5000000000
90995  -52.528  -0.951  43.265 0.3750000000
91923  -53.084  0.076  42.400 0.3750000000
91935  -52.414  -0.093  41.551 0.3750000000
91943  -52.894  0.490  40.111 0.3750000000
92908  -53.379  1.031  39.770 0.2500000000
92914  -53.522  0.953  38.952 0.2500000000
93905  -54.176  1.904  38.686 0.2500000000
94899  -54.688  2.456  37.812 0.2500000000
93920  -55.123  2.053  36.202 0.2500000000
90068  -53.524  -1.555  45.295 0.5000000000
90080  -53.264  -1.660  44.754 0.5000000000
90997  -53.828  -0.489  44.202 0.5000000000
91010  -53.156  -0.321  43.158 0.5000000000
91924  -54.408  0.453  43.182 0.5000000000
92880  -54.015  0.641  42.404 0.5000000000
92894  -53.811  0.926  41.486 0.5000000000
173475  -54.322  1.354  41.146 0.3750000000
93890  -55.071  1.771  41.095 0.3750000000
93889  -54.221  1.599  40.337 0.3750000000
93899  -55.115  2.188  40.326 0.3750000000
93898  -54.450  1.983  39.675 0.3750000000
94892  -54.970  2.665  38.672 0.3750000000
94907  -55.111  3.015  36.936 0.3750000000
93919  -54.651  2.098  36.978 0.2500000000
94918  -55.652  2.830  35.767 0.2500000000
161554  -56.619  2.453  41.333 0.2500000000
94884  -55.883  2.689  40.081 0.3750000000
94893  -55.689  3.041  39.180 0.3750000000
94900  -55.376  3.191  38.177 0.3750000000
95851  -56.184  3.549  38.665 0.3750000000
95860  -55.880  3.726  37.554 0.2500000000
58454  -27.836  -30.611  82.872 0.3750000000
52976  -22.121  -34.548  80.257 0.6250000000
75562  -37.213  -15.566  66.537 0.3750000000
48271  -6.760  -39.752  84.282 0.2500000000
54042  -11.185  -34.744  80.680 0.5000000000
54073  -11.274  -35.536  78.756 0.2500000000
151248  -13.749  -35.373  76.940 0.2500000000
61914  -28.661  -27.745  64.099 0.3750000000
59682  -25.576  -30.599  67.184 0.3750000000
63003  -26.117  -26.806  65.690 0.5000000000
64250  -27.511  -26.087  64.795 0.6250000000
53995  -18.041  -35.071  84.959 0.2500000000
53994  -17.129  -35.170  84.611 0.2500000000
52905  -18.737  -36.106  83.162 0.2500000000
54007  -19.024  -35.540  83.651 0.1250000000
174460  -34.193  -25.886  63.396 0.2500000000
65432  -33.500  -25.505  65.406 0.3750000000
66516  -33.085  -24.756  65.531 0.3750000000
52941  -19.661  -36.345  81.866 0.6250000000
172604  -20.002  -36.372  81.344 0.6250000000
67633  -33.308  -24.251  66.510 0.5000000000
171583  -32.654  -24.145  65.436 0.5000000000
56285  -26.554  -32.545  81.211 0.3750000000
56284  -25.826  -32.705  81.041 0.3750000000
52959  -20.645  -36.263  80.344 0.5000000000
68687  -31.341  -23.265  63.725 0.3750000000
52974  -20.641  -36.113  79.599 0.7500000000
166952  -21.564  -35.466  80.169 0.6250000000
55190  -24.768  -33.169  80.804 0.2500000000
54101  -13.272  -35.673  77.109 0.1250000000
68699  -30.887  -22.751  62.111 0.3750000000
49409  -2.940  -39.848  84.928 0.1250000000
50603  -3.520  -38.702  85.275 0.3750000000
47139  -6.314  -41.746  84.165 0.2500000000
49474  -10.647  -39.664  79.919 0.1250000000
49366  -5.020  -38.431  88.252 0.3750000000
52845  -4.554  -37.086  85.730 0.3750000000
49456  -8.461  -39.464  81.104 0.2500000000
50716  -11.284  -38.278  78.847 0.1250000000
49369  -7.006  -39.001  88.064 0.5000000000
51804  -9.036  -37.337  80.859 0.1250000000
50717  -12.271  -38.548  78.862 0.1250000000
50718  -13.290  -38.874  79.068 0.1250000000
50719  -14.326  -38.985  79.239 0.1250000000
167565  -5.073  -35.989  89.421 0.1250000000
59506  -24.637  -30.469  87.182 0.1250000000
52804  -5.443  -35.748  87.709 0.2500000000
60567  -26.874  -28.650  87.807 0.2500000000
60566  -26.176  -28.947  87.954 0.2500000000
62751  -27.327  -26.811  88.921 0.2500000000
59513  -22.564  -30.593  86.409 0.1250000000
166219  -22.451  -28.722  87.077 0.1250000000
62757  -24.965  -27.385  88.275 0.2500000000
60565  -25.378  -29.125  88.021 0.1250000000
58440  -22.224  -31.999  85.260 0.1250000000
59507  -25.387  -30.375  87.111 0.1250000000
59515  -26.322  -30.555  86.399 0.1250000000
173315  -26.561  -29.256  87.461 0.2500000000
60575  -27.170  -29.096  87.214 0.2500000000
166475  -28.387  -28.249  87.174 0.2500000000
174293  -27.829  -29.247  86.292 0.2500000000
61669  -29.255  -28.121  86.074 0.2500000000
171287  -24.165  -33.154  85.031 0.1250000000
57363  -25.029  -32.562  85.372 0.1250000000
58434  -26.005  -31.253  86.064 0.1250000000
57365  -26.878  -31.387  84.973 0.2500000000
59517  -27.556  -29.828  85.919 0.2500000000
60589  -28.217  -29.379  84.951 0.2500000000
151101  -22.840  -34.048  83.821 0.2500000000
55160  -23.666  -34.090  83.933 0.2500000000
56248  -24.721  -33.158  84.861 0.1250000000
57370  -26.380  -32.216  84.426 0.1250000000
59523  -27.196  -30.508  85.502 0.2500000000
54001  -22.977  -34.431  83.347 0.2500000000
55162  -24.985  -33.924  83.730 0.2500000000
55170  -24.930  -34.117  82.957 0.3750000000
56259  -26.023  -33.028  84.010 0.2500000000
56269  -26.655  -32.590  82.680 0.2500000000
58453  -27.332  -31.171  83.396 0.2500000000
54012  -23.019  -34.576  82.745 0.3750000000
54022  -23.846  -34.496  81.929 0.3750000000
55176  -24.904  -33.828  82.055 0.2500000000
56276  -26.062  -32.915  82.217 0.2500000000
57378  -27.105  -32.006  83.104 0.2500000000
52952  -10.518  -35.329  80.062 0.5000000000
51709  -8.412  -37.340  89.694 0.1250000000
56245  -22.052  -33.194  84.155 0.1250000000
166840  -21.180  -33.138  83.769 0.1250000000
59522  -21.732  -30.407  85.192 0.1250000000
157542  -22.033  -30.121  86.173 0.1250000000
60581  -21.788  -29.423  85.767 0.1250000000
157245  -22.752  -28.026  87.360 0.1250000000
153632  -25.109  -26.701  88.267 0.2500000000
55157  -20.871  -34.092  83.577 0.2500000000
153610  -21.054  -35.013  82.926 0.2500000000
54009  -20.420  -35.145  83.214 0.3750000000
55158  -21.631  -34.231  83.402 0.2500000000
52908  -21.345  -35.487  82.608 0.3750000000
54000  -22.287  -34.350  83.380 0.2500000000
54010  -21.523  -34.882  82.634 0.3750000000
54020  -22.232  -34.693  82.220 0.3750000000
54034  -23.123  -34.304  81.615 0.3750000000
52927  -22.286  -34.719  81.724 0.3750000000
54035  -23.891  -34.112  81.373 0.3750000000
55182  -24.789  -33.502  81.375 0.2500000000
52943  -21.997  -35.807  81.196 0.5000000000
52962  -22.715  -34.267  80.685 0.5000000000
54048  -23.913  -33.737  80.908 0.3750000000
162707  -9.664  -35.880  82.308 0.5000000000
154093  -10.394  -35.209  82.043 0.6250000000
61894  -28.094  -28.335  64.692 0.5000000000
51695  -9.162  -37.089  89.925 0.1250000000
55141  -19.367  -33.756  84.553 0.2500000000
153810  -20.089  -34.775  83.639 0.2500000000
57369  -20.644  -32.398  83.759 0.1250000000
60587  -21.327  -29.516  84.045 0.1250000000
51696  -9.842  -36.870  89.612 0.1250000000
55132  -18.081  -33.908  85.774 0.1250000000
150191  -17.857  -32.860  85.604 0.1250000000
57356  -18.487  -32.760  84.803 0.1250000000
57368  -20.105  -32.334  83.667 0.1250000000
55131  -17.450  -34.339  86.042 0.1250000000
60593  -21.088  -30.134  83.285 0.1250000000
52830  -11.015  -35.918  87.436 0.2500000000
162364  -36.160  -26.089  63.042 0.1250000000
53983  -16.605  -35.037  85.457 0.2500000000
66559  -34.316  -24.638  61.760 0.2500000000
66544  -33.324  -25.186  62.907 0.3750000000
67665  -33.014  -24.031  61.258 0.1250000000
67655  -31.849  -24.174  63.033 0.2500000000
67759  -37.557  -23.466  55.572 0.2500000000
74503  -38.625  -15.545  66.440 0.2500000000
91027  -52.425  -1.050  39.931 0.1250000000
157475  -53.082  0.602  40.895 0.3750000000
91942  -52.417  0.008  40.606 0.2500000000
159656  -53.678  -1.259  44.835 0.5000000000
90987  -53.539  -1.103  44.384 0.5000000000
92904  -53.545  1.044  40.640 0.3750000000
93897  -53.844  1.544  39.469 0.3750000000
92915  -53.876  0.798  38.081 0.2500000000
93910  -54.286  1.542  37.533 0.2500000000
91912  -53.913  -0.097  43.652 0.5000000000
93878  -55.726  1.850  41.645 0.3750000000
93891  -55.905  2.304  40.955 0.3750000000
94883  -55.022  2.487  39.467 0.3750000000
94877  -56.629  2.805  40.630 0.2500000000
168264  -56.190  2.194  41.509 0.2500000000
55342  -26.390  -34.377  69.048 0.2500000000
57539  -26.668  -31.412  67.319 0.1250000000
59683  -26.333  -30.238  66.983 0.2500000000
59684  -27.351  -30.067  66.924 0.1250000000
161799  -27.028  -28.656  65.749 0.2500000000
162851  -25.530  -29.955  67.050 0.2500000000
70695  -39.831  -19.539  80.596 0.1250000000
71885  -40.047  -19.600  81.267 0.1250000000
69604  -39.470  -21.216  80.673 0.1250000000
70706  -39.820  -20.354  80.455 0.1250000000
69616  -39.403  -20.153  79.057 0.1250000000
70732  -39.645  -19.485  78.565 0.1250000000
68535  -38.905  -21.729  81.015 0.1250000000
157887  -38.919  -21.076  80.031 0.1250000000
69615  -39.189  -20.627  78.547 0.1250000000
69625  -39.406  -20.097  78.151 0.1250000000
67489  -38.481  -21.781  77.958 0.1250000000
68558  -38.813  -21.211  78.495 0.1250000000
70744  -39.740  -19.492  77.707 0.1250000000
69600  -39.451  -21.195  81.860 0.1250000000
69635  -39.461  -20.286  77.348 0.1250000000
67461  -38.655  -22.871  81.571 0.1250000000
68567  -38.863  -21.373  77.503 0.1250000000
69634  -39.247  -20.984  77.082 0.1250000000
67498  -38.652  -22.001  77.118 0.1250000000
162818  -38.952  -21.668  76.269 0.1250000000
68574  -39.180  -21.109  76.243 0.1250000000
67507  -38.722  -22.147  76.442 0.1250000000
67515  -38.413  -22.635  75.588 0.1250000000
67516  -38.723  -22.175  75.941 0.1250000000
74287  -38.604  -17.451  81.039 0.1250000000
158466  -38.428  -19.890  82.720 0.1250000000
70675  -39.188  -20.189  82.579 0.1250000000
70674  -38.364  -20.626  83.019 0.1250000000
69595  -39.343  -20.836  82.330 0.1250000000
70667  -37.554  -20.868  83.073 0.1250000000
68521  -38.200  -21.867  83.210 0.1250000000
169236  -36.160  -24.600  84.894 0.1250000000
66319  -36.660  -24.321  84.511 0.1250000000
67440  -37.396  -23.358  84.209 0.1250000000
69651  -39.155  -21.051  75.903 0.1250000000
63954  -34.940  -25.710  84.673 0.1250000000
68587  -38.849  -21.692  75.447 0.1250000000
68581  -38.928  -21.681  75.891 0.1250000000
163364  -38.695  -22.180  75.577 0.1250000000
71867  -38.012  -19.393  82.334 0.1250000000
170418  -38.086  -18.782  81.889 0.1250000000
75350  -37.697  -17.317  80.933 0.1250000000
69587  -37.273  -21.631  83.287 0.1250000000
66309  -36.419  -23.890  85.069 0.1250000000
69580  -36.138  -21.905  84.122 0.1250000000
68506  -36.090  -22.194  85.188 0.1250000000
73148  -36.305  -20.236  82.414 0.1250000000
69673  -38.238  -20.952  73.605 0.2500000000
69823  -31.130  -22.526  61.052 0.2500000000
70805  -38.260  -19.346  73.555 0.2500000000
72027  -37.239  -19.440  72.263 0.2500000000
70818  -37.726  -19.775  72.821 0.2500000000
72014  -37.243  -18.693  72.320 0.2500000000
69893  -42.747  -21.994  56.364 0.1250000000
74417  -36.902  -17.612  71.776 0.2500000000
73310  -36.400  -17.703  71.095 0.2500000000
67747  -40.122  -23.665  56.942 0.1250000000
67734  -40.493  -23.833  57.698 0.1250000000
67760  -38.521  -23.449  55.762 0.1250000000
67746  -39.518  -23.411  56.143 0.1250000000
68789  -40.543  -23.169  56.293 0.1250000000
69892  -41.887  -22.262  56.003 0.1250000000
166783  -41.718  -21.200  54.879 0.1250000000
174824  -36.047  -17.460  70.449 0.2500000000
74438  -36.400  -16.668  70.405 0.2500000000
74460  -35.604  -16.865  68.688 0.2500000000
68804  -39.147  -22.840  55.296 0.1250000000
69908  -40.571  -21.987  55.094 0.1250000000
151413  -40.670  -20.765  54.116 0.1250000000
71011  -41.439  -21.818  55.281 0.1250000000
71026  -41.477  -20.705  54.344 0.1250000000
69922  -39.316  -21.514  54.274 0.1250000000
71025  -39.835  -20.832  53.932 0.1250000000
72274  -40.829  -19.476  53.121 0.1250000000
72273  -39.686  -19.532  53.031 0.2500000000
75693  -38.649  -16.150  53.836 0.2500000000
77729  -38.180  -14.798  54.038 0.3750000000
169857  -39.192  -12.089  53.089 0.1250000000
82034  -41.145  -10.028  50.945 0.1250000000
83104  -40.235  -9.320  51.664 0.1250000000
172375  -41.271  -9.348  50.663 0.1250000000
82035  -41.802  -10.739  50.984 0.1250000000
83115  -40.771  -9.311  51.104 0.2500000000
90971  -55.104  0.059  47.216 0.1250000000
90972  -55.656  0.547  46.874 0.1250000000
153638  -56.094  0.964  47.346 0.1250000000
90060  -54.692  -0.386  46.663 0.1250000000
89152  -53.699  -1.382  45.709 0.2500000000
89143  -54.003  -1.112  45.855 0.2500000000
156426  -53.779  0.122  43.024 0.3750000000
90976  -55.212  0.164  46.395 0.1250000000
168161  -55.314  0.326  45.797 0.2500000000
90069  -53.941  -1.070  45.207 0.3750000000
90070  -54.310  -0.623  45.483 0.2500000000
90071  -54.808  -0.161  45.816 0.2500000000
90082  -54.188  -0.407  44.912 0.2500000000
90989  -55.157  0.329  44.705 0.2500000000
90092  -54.134  -0.192  44.441 0.3750000000
90998  -54.175  -0.042  44.049 0.3750000000
92881  -54.933  1.044  42.712 0.3750000000
92895  -54.829  1.321  41.888 0.3750000000
90988  -54.582  0.079  44.579 0.3750000000
91907  -54.571  0.200  44.115 0.3750000000
91913  -54.530  0.313  43.692 0.3750000000
91925  -55.035  0.786  43.268 0.3750000000
92882  -55.598  1.260  42.830 0.3750000000
94885  -56.536  3.281  39.734 0.2500000000
95867  -55.825  3.716  36.361 0.2500000000
76405  -37.439  -16.625  80.598 0.1250000000
65174  -35.608  -25.438  83.984 0.2500000000
63971  -35.255  -25.780  83.434 0.3750000000
153238  -37.157  -24.354  83.411 0.1250000000
65175  -36.242  -24.933  84.322 0.2500000000
67455  -38.718  -22.598  82.180 0.1250000000
68542  -38.711  -21.671  80.335 0.1250000000
67476  -38.494  -21.830  78.863 0.1250000000
55356  -25.817  -33.954  68.521 0.3750000000
67448  -38.277  -22.927  82.974 0.1250000000
67447  -37.694  -23.601  83.472 0.1250000000
57529  -26.326  -32.865  67.625 0.3750000000
58597  -25.721  -31.339  67.278 0.2500000000
71040  -39.560  -20.261  53.525 0.2500000000
75683  -38.486  -16.732  54.045 0.2500000000
78760  -37.682  -13.957  54.554 0.3750000000
77720  -37.747  -14.930  54.892 0.3750000000
174783  -38.759  -13.189  53.566 0.2500000000
84138  -40.535  -8.639  51.491 0.2500000000
57530  -27.155  -32.277  67.668 0.2500000000
68816  -38.782  -22.228  54.630 0.1250000000
78769  -38.470  -13.937  53.786 0.1250000000
60811  -26.155  -29.559  66.625 0.1250000000
60812  -27.423  -29.707  66.595 0.1250000000
61867  -27.537  -29.379  66.301 0.1250000000
90081  -53.885  -0.762  44.657 0.3750000000
95881  -56.287  3.483  35.307 0.2500000000
174739  -26.270  -30.851  67.114 0.2500000000
56423  -26.099  -33.446  67.977 0.2500000000
169185  -27.115  -30.624  67.200 0.1250000000
70694  -40.160  -20.246  81.106 0.1250000000
168977  -39.655  -18.922  81.153 0.1250000000
68529  -39.251  -21.505  81.373 0.1250000000
161016  -39.969  -20.959  81.250 0.1250000000
69609  -39.325  -20.618  79.895 0.1250000000
68534  -38.932  -22.250  81.523 0.1250000000
168924  -39.035  -20.855  79.262 0.1250000000
69624  -39.155  -20.752  77.828 0.1250000000
70684  -40.001  -20.425  81.918 0.1250000000
71869  -39.792  -19.452  82.101 0.1250000000
68528  -39.092  -21.913  82.052 0.1250000000
75351  -38.119  -17.058  80.779 0.1250000000
74279  -38.283  -18.087  81.573 0.1250000000
70673  -37.729  -20.171  82.733 0.1250000000
71868  -38.979  -19.286  82.497 0.1250000000
155063  -39.001  -20.877  82.831 0.1250000000
68520  -37.734  -22.175  83.608 0.1250000000
68526  -38.648  -22.118  82.766 0.1250000000
67441  -37.915  -22.829  83.824 0.1250000000
65166  -35.573  -25.123  84.948 0.1250000000
65167  -35.722  -24.412  85.386 0.1250000000
66310  -37.020  -23.790  84.616 0.1250000000
68519  -37.317  -22.690  84.213 0.1250000000
65156  -35.154  -24.926  85.725 0.1250000000
73164  -37.719  -18.407  81.587 0.1250000000
74286  -38.136  -17.575  81.225 0.1250000000
162145  -36.929  -22.138  83.850 0.1250000000
69581  -36.584  -21.689  83.432 0.1250000000
68513  -36.706  -22.458  84.679 0.1250000000
66302  -35.812  -23.682  85.585 0.1250000000
69574  -35.670  -21.515  85.048 0.1250000000
70659  -35.507  -21.546  84.085 0.1250000000
73175  -36.809  -18.835  81.539 0.1250000000
71834  -35.735  -21.289  83.495 0.1250000000
73147  -35.853  -20.367  82.601 0.1250000000
70999  -42.342  -21.461  55.472 0.1250000000
158245  -39.295  -23.820  57.027 0.1250000000
68776  -40.967  -23.512  57.060 0.1250000000
68805  -40.096  -22.719  55.533 0.1250000000
68790  -41.425  -22.938  56.507 0.1250000000
68806  -41.013  -22.517  55.752 0.1250000000
69907  -39.687  -22.130  54.868 0.1250000000
69923  -40.189  -21.451  54.459 0.1250000000
69924  -41.019  -21.351  54.650 0.1250000000
71042  -41.181  -20.126  53.718 0.1250000000
71041  -40.341  -20.205  53.518 0.1250000000
72262  -41.939  -20.037  54.097 0.1250000000
73577  -40.299  -18.559  52.660 0.2500000000
75694  -39.225  -16.745  53.205 0.2500000000
76717  -38.867  -15.467  53.702 0.2500000000
91898  -56.143  1.008  46.537 0.1250000000
90977  -55.699  0.632  46.130 0.1250000000
90083  -54.671  -0.071  45.114 0.2500000000
92896  -55.645  1.511  42.268 0.3750000000
150725  -55.086  0.577  43.718 0.3750000000
48291  -8.388  -40.603  81.231 0.1250000000
48304  -9.710  -40.391  80.411 0.1250000000
52886  -13.646  -34.848  84.868 0.3750000000
156013  -16.440  -37.613  76.285 0.1250000000
161645  -17.026  -37.398  75.807 0.1250000000
51860  -17.927  -37.749  75.993 0.1250000000
51874  -18.478  -37.439  75.278 0.1250000000
53016  -19.038  -37.029  74.678 0.1250000000
74437  -36.208  -16.360  69.229 0.2500000000
75540  -37.081  -15.631  67.588 0.2500000000
75541  -38.119  -15.410  67.868 0.2500000000
75622  -45.249  -14.965  61.725 0.2500000000
76647  -45.803  -14.672  62.186 0.2500000000
86108  -49.585  -3.769  56.599 0.3750000000
147162  -13.940  -34.753  84.202 0.3750000000
53006  -15.906  -36.327  75.530 0.1250000000
51873  -17.546  -37.041  75.214 0.1250000000
49472  -9.177  -39.896  80.432 0.1250000000
48292  -9.059  -40.691  80.759 0.1250000000
51859  -16.335  -37.016  75.753 0.1250000000
51845  -16.744  -38.127  77.136 0.1250000000
63934  -32.964  -26.027  86.892 0.2500000000
65128  -30.895  -25.294  88.377 0.1250000000
153424  -31.697  -25.550  87.890 0.1250000000
65142  -32.515  -25.386  87.292 0.1250000000
63916  -28.322  -26.214  89.152 0.1250000000
63917  -29.125  -26.055  89.134 0.1250000000
63925  -30.207  -26.360  88.376 0.1250000000
63932  -31.400  -26.348  87.593 0.1250000000
63933  -32.132  -26.073  87.273 0.1250000000
63915  -27.633  -26.289  89.074 0.1250000000
62763  -29.852  -27.075  88.144 0.1250000000
63931  -30.671  -26.744  87.873 0.1250000000
63940  -31.736  -26.568  87.018 0.1250000000
63941  -32.273  -26.414  86.593 0.1250000000
62774  -30.381  -27.305  86.687 0.1250000000
62783  -31.269  -27.054  85.703 0.1250000000
162383  -30.483  -27.216  85.256 0.1250000000
65129  -32.240  -24.711  87.786 0.1250000000
65130  -32.843  -24.723  87.318 0.1250000000
65144  -34.059  -25.094  86.492 0.2500000000
65154  -33.638  -25.685  86.346 0.2500000000
65114  -28.551  -25.329  89.214 0.1250000000
65115  -29.473  -25.254  89.137 0.1250000000
63942  -33.028  -26.312  85.997 0.2500000000
149813  -27.506  -24.536  88.753 0.1250000000
147471  -24.362  -26.821  88.123 0.1250000000
65126  -25.466  -25.511  88.061 0.1250000000
66272  -26.832  -25.145  88.412 0.1250000000
67400  -27.397  -23.651  88.466 0.1250000000
66281  -25.456  -24.807  87.706 0.1250000000
65155  -34.398  -25.410  85.925 0.2500000000
151860  -28.642  -23.637  89.202 0.1250000000
63943  -33.864  -26.050  85.768 0.2500000000
63953  -34.350  -25.929  85.267 0.2500000000
63964  -34.289  -26.149  84.496 0.2500000000
170491  -25.525  -24.215  87.402 0.1250000000
66283  -26.754  -24.138  88.149 0.1250000000
67414  -25.277  -23.946  86.939 0.1250000000
61895  -28.696  -29.153  65.022 0.1250000000
69674  -38.657  -20.864  74.384 0.1250000000
70806  -38.541  -20.146  74.104 0.1250000000
148529  -38.866  -19.344  74.598 0.1250000000
73269  -39.039  -18.529  74.737 0.1250000000
72002  -38.609  -18.620  73.984 0.1250000000
74366  -39.302  -17.784  74.723 0.1250000000
73281  -38.841  -18.024  74.174 0.1250000000
155587  -37.688  -18.989  72.831 0.1250000000
74351  -39.777  -16.976  74.809 0.1250000000
76502  -40.920  -15.269  74.976 0.1250000000
76501  -40.204  -15.269  74.425 0.1250000000
72001  -38.093  -18.540  73.291 0.1250000000
154644  -39.215  -17.120  74.255 0.1250000000
75443  -39.584  -16.028  74.229 0.1250000000
73280  -38.450  -18.047  73.561 0.1250000000
74365  -38.877  -16.503  73.701 0.1250000000
74386  -38.718  -17.468  73.780 0.1250000000
74385  -38.315  -16.914  73.210 0.1250000000
77533  -41.150  -14.103  74.669 0.1250000000
73294  -37.398  -17.919  72.383 0.1250000000
169600  -38.280  -17.606  73.274 0.1250000000
74403  -37.867  -17.336  72.763 0.1250000000
74402  -37.307  -16.922  72.017 0.1250000000
74384  -37.947  -16.423  72.499 0.1250000000
75455  -38.506  -15.925  72.959 0.1250000000
76516  -40.599  -14.273  74.017 0.1250000000
77549  -41.011  -13.731  72.945 0.1250000000
76515  -39.883  -14.747  73.580 0.1250000000
76514  -39.155  -15.419  73.367 0.1250000000
160180  -39.593  -14.618  72.747 0.1250000000
74416  -36.780  -17.041  71.304 0.1250000000
75466  -37.664  -15.892  71.731 0.1250000000
76523  -38.979  -14.973  72.430 0.1250000000
76524  -40.384  -14.080  72.511 0.1250000000
76535  -39.959  -14.401  71.644 0.1250000000
76533  -38.281  -15.205  71.233 0.1250000000
76534  -39.045  -14.840  71.399 0.1250000000
157748  -36.745  -15.870  69.633 0.1250000000
74401  -37.037  -16.243  71.188 0.1250000000
149318  -41.029  -14.246  71.548 0.1250000000
75485  -39.777  -15.109  69.813 0.1250000000
76551  -40.130  -14.793  70.469 0.1250000000
76561  -38.927  -15.086  69.907 0.1250000000
76550  -39.032  -14.953  70.541 0.1250000000
76548  -37.972  -15.126  70.089 0.1250000000
76549  -38.354  -15.096  70.552 0.1250000000
75506  -37.560  -15.339  69.431 0.1250000000
157744  -37.075  -15.678  70.322 0.1250000000
76552  -41.148  -14.737  70.870 0.1250000000
75487  -41.482  -15.410  70.112 0.1250000000
169146  -40.341  -15.315  69.309 0.1250000000
75507  -38.673  -15.160  69.315 0.1250000000
75508  -39.629  -15.221  69.293 0.1250000000
75467  -41.967  -15.455  70.735 0.1250000000
154509  -42.381  -16.073  70.324 0.1250000000
171476  -41.535  -15.712  69.473 0.1250000000
75526  -40.469  -15.496  68.776 0.1250000000
75486  -40.723  -15.276  69.654 0.1250000000
75525  -39.497  -15.341  68.684 0.1250000000
75542  -39.299  -15.423  68.017 0.1250000000
74461  -40.448  -15.672  68.157 0.1250000000
75563  -37.985  -15.457  67.115 0.1250000000
74645  -40.441  -17.726  52.553 0.1250000000
73589  -40.976  -18.065  52.569 0.1250000000
75695  -40.200  -17.033  52.651 0.1250000000
74418  -42.113  -16.251  69.681 0.1250000000
74440  -41.943  -16.202  68.997 0.1250000000
74439  -41.140  -15.600  69.061 0.1250000000
74462  -41.536  -16.052  68.304 0.1250000000
74485  -40.243  -15.755  67.503 0.1250000000
79754  -49.240  -12.409  64.823 0.1250000000
150919  -40.016  -16.240  52.888 0.1250000000
74486  -41.320  -16.219  67.591 0.1250000000
73340  -42.161  -16.771  67.573 0.1250000000
74504  -39.952  -15.813  66.679 0.1250000000
153034  -48.758  -12.867  64.285 0.1250000000
79753  -48.742  -12.001  64.272 0.1250000000
79762  -48.241  -12.463  63.728 0.1250000000
80820  -48.179  -11.504  63.725 0.1250000000
151076  -48.319  -10.712  64.000 0.1250000000
150677  -46.666  -12.358  62.548 0.1250000000
79761  -47.694  -12.117  63.275 0.1250000000
80819  -47.711  -10.577  63.494 0.1250000000
152311  -47.127  -10.974  62.879 0.1250000000
73357  -42.043  -16.775  66.991 0.1250000000
73375  -40.829  -16.352  66.150 0.1250000000
73356  -41.059  -16.290  66.975 0.1250000000
73376  -41.765  -16.633  66.465 0.1250000000
73374  -39.517  -16.023  65.622 0.1250000000
78683  -48.208  -13.314  63.778 0.1250000000
78682  -47.602  -13.719  63.337 0.1250000000
78689  -46.483  -13.845  62.503 0.1250000000
78690  -46.977  -13.247  62.814 0.1250000000
79777  -46.083  -13.023  62.276 0.1250000000
81927  -47.068  -10.005  62.977 0.1250000000
81926  -46.519  -10.487  62.472 0.1250000000
82990  -46.496  -9.503  62.491 0.1250000000
84027  -46.531  -8.443  62.441 0.1250000000
81941  -45.956  -9.963  62.024 0.1250000000
73391  -40.654  -16.451  65.214 0.1250000000
73392  -41.588  -16.617  65.682 0.1250000000
154117  -46.214  -14.564  62.483 0.1250000000
77655  -47.051  -14.109  62.961 0.1250000000
77662  -45.796  -14.289  62.045 0.1250000000
78698  -45.875  -13.765  62.079 0.1250000000
82991  -47.024  -8.904  63.010 0.1250000000
76639  -47.072  -14.714  63.169 0.1250000000
75623  -45.939  -15.014  62.438 0.1250000000
75611  -46.584  -15.195  62.994 0.1250000000
85026  -46.748  -7.289  62.229 0.1250000000
74584  -46.205  -15.402  62.735 0.1250000000
84152  -42.162  -8.089  49.936 0.2500000000
91963  -55.438  -0.227  36.838 0.1250000000
92922  -54.475  0.526  37.338 0.1250000000
91926  -55.610  1.061  43.310 0.2500000000
92884  -56.777  1.732  42.944 0.2500000000
93866  -56.720  1.976  42.438 0.2500000000
92897  -56.132  1.634  42.462 0.2500000000
155614  -51.616  -1.615  41.184 0.2500000000
92933  -55.550  0.476  36.191 0.1250000000
91914  -55.640  0.866  43.787 0.2500000000
92875  -56.203  1.319  43.368 0.2500000000
170587  -57.209  2.138  42.624 0.2500000000
171045  -56.926  2.256  42.108 0.2500000000
93880  -57.375  2.397  42.153 0.2500000000
93879  -56.396  2.065  41.957 0.2500000000
93892  -57.068  2.460  41.722 0.1250000000
94878  -57.326  2.835  41.129 0.1250000000
92932  -54.802  1.175  36.645 0.1250000000
150286  -55.437  1.279  35.934 0.1250000000
92934  -56.468  0.294  35.638 0.1250000000
93930  -55.872  1.870  35.445 0.1250000000
92944  -57.044  0.903  34.845 0.1250000000
95852  -56.799  3.768  39.037 0.1250000000
94919  -56.440  2.574  34.927 0.1250000000
92957  -57.958  1.584  34.000 0.1250000000
73465  -45.115  -16.468  62.147 0.1250000000
83011  -46.036  -9.030  61.976 0.1250000000
80831  -47.180  -11.818  62.841 0.1250000000
86197  -48.414  -6.309  45.128 0.1250000000
87223  -47.936  -5.172  45.244 0.2500000000
74644  -39.592  -17.654  52.769 0.1250000000
151751  -30.994  -27.136  86.393 0.1250000000
62758  -25.770  -27.013  88.426 0.1250000000
172775  -26.792  -25.844  88.576 0.1250000000
63914  -27.041  -26.328  88.795 0.1250000000
63918  -29.869  -25.890  88.894 0.1250000000
91953  -54.276  -0.245  37.815 0.1250000000
95846  -57.119  3.563  39.783 0.1250000000
63923  -25.626  -26.226  88.287 0.1250000000
74484  -39.047  -15.480  67.266 0.1250000000
94886  -57.183  3.254  40.416 0.1250000000
170595  -37.666  -18.417  72.776 0.1250000000
91908  -55.114  0.434  44.184 0.2500000000
75523  -37.090  -15.606  68.649 0.1250000000
147033  -30.960  -26.084  88.198 0.1250000000
65113  -27.906  -25.126  89.077 0.1250000000
65116  -30.233  -25.215  88.865 0.1250000000
62770  -31.076  -27.018  87.129 0.1250000000
67401  -27.956  -23.660  88.904 0.1250000000
66282  -26.105  -24.903  88.087 0.1250000000
66291  -24.970  -24.613  87.220 0.1250000000
67406  -26.003  -24.178  87.770 0.1250000000
174854  -39.010  -17.647  74.241 0.1250000000
73295  -37.953  -17.979  73.034 0.1250000000
77540  -40.405  -14.126  73.288 0.1250000000
76522  -38.295  -15.455  72.089 0.1250000000
75484  -37.648  -15.447  70.914 0.1250000000
75524  -38.360  -15.289  68.642 0.1250000000
165925  -47.253  -12.512  62.924 0.1250000000
166166  -47.585  -11.413  63.234 0.1250000000
82978  -47.589  -9.367  63.599 0.1250000000
76638  -46.622  -14.821  62.896 0.1250000000
92923  -54.980  0.321  36.832 0.1250000000
91065  -55.878  -0.790  37.024 0.1250000000
92876  -56.814  1.615  43.515 0.2500000000
156478  -55.652  0.754  44.320 0.2500000000
94869  -57.626  2.679  41.657 0.1250000000
95838  -57.791  3.271  40.806 0.1250000000
92943  -56.107  1.049  35.399 0.1250000000
95847  -57.590  3.583  40.192 0.1250000000
93931  -56.730  1.703  34.725 0.1250000000
51755  -4.294  -37.682  85.671 0.2500000000
154421  -4.243  -37.664  84.932 0.1250000000
52897  -4.422  -37.275  84.029 0.1250000000
52864  -4.529  -37.066  85.639 0.1250000000
52882  -4.339  -37.074  84.794 0.1250000000
53993  -4.494  -36.001  84.837 0.1250000000
146797  -4.547  -36.291  83.416 0.1250000000
55167  -4.541  -35.312  83.335 0.1250000000
147594  -4.512  -36.322  85.231 0.1250000000
53946  -4.852  -35.919  85.859 0.1250000000
53963  -4.646  -36.026  85.522 0.1250000000
53947  -5.289  -35.024  86.574 0.1250000000
52887  -14.573  -34.774  84.523 0.2500000000
68714  -31.799  -23.561  61.242 0.1250000000
69841  -32.558  -22.672  59.850 0.1250000000
169503  -32.512  -21.879  58.794 0.1250000000
68747  -34.541  -23.068  58.922 0.1250000000
69857  -32.950  -22.538  59.417 0.1250000000
67731  -37.355  -24.056  57.360 0.1250000000
173656  -34.895  -23.143  57.902 0.1250000000
67730  -35.601  -23.567  57.286 0.1250000000
67710  -36.394  -23.898  57.991 0.1250000000
155221  -36.959  -23.851  56.283 0.1250000000
67743  -36.065  -23.589  56.293 0.1250000000
69824  -32.147  -23.037  60.313 0.1250000000
68760  -34.045  -22.613  57.732 0.2500000000
161926  -3.713  -38.303  84.927 0.2500000000
152666  -4.022  -37.832  85.007 0.1250000000
146798  -4.475  -36.889  84.743 0.1250000000
54006  -4.563  -36.153  84.088 0.1250000000
145285  -4.945  -34.946  85.986 0.1250000000
150670  -36.432  -23.955  57.005 0.1250000000
68761  -35.527  -23.439  58.476 0.1250000000
68749  -36.355  -23.583  59.270 0.1250000000
46010  -5.782  -43.133  84.575 0.1250000000
157722  -5.172  -42.130  84.927 0.1250000000
47137  -5.357  -42.838  84.642 0.1250000000
47138  -5.939  -42.667  84.282 0.1250000000
47128  -5.729  -42.017  84.714 0.1250000000
47146  -6.828  -42.204  83.227 0.1250000000
47145  -6.344  -42.649  83.777 0.1250000000
47152  -7.427  -42.209  82.419 0.1250000000
46022  -7.350  -43.065  82.935 0.1250000000
47153  -8.175  -42.066  81.867 0.1250000000
48283  -7.592  -41.489  82.112 0.1250000000
54221  -26.931  -34.733  69.814 0.1250000000
55326  -25.983  -34.747  69.521 0.1250000000
56416  -26.746  -33.887  68.494 0.1250000000
53966  -16.216  -34.918  86.165 0.1250000000
53967  -16.896  -34.839  85.974 0.1250000000
56424  -27.012  -33.240  67.997 0.1250000000
53965  -15.425  -34.979  86.430 0.1250000000
53964  -14.565  -35.041  86.686 0.1250000000
52849  -13.937  -35.041  86.141 0.1250000000
52850  -14.860  -35.004  85.884 0.1250000000
52868  -14.252  -34.938  85.346 0.1250000000
52869  -15.209  -34.907  85.014 0.1250000000
82048  -41.814  -9.926  50.462 0.1250000000
82060  -43.630  -10.133  49.570 0.1250000000
86094  -51.436  -4.047  57.435 0.1250000000
87129  -51.040  -3.758  56.788 0.1250000000
87140  -50.323  -3.782  56.727 0.1250000000
149873  -50.640  -3.477  56.030 0.1250000000
87130  -52.477  -3.506  57.191 0.1250000000
169376  -51.741  -3.568  56.851 0.1250000000
87141  -51.471  -3.353  56.256 0.1250000000
87142  -52.328  -3.170  56.569 0.1250000000
88138  -52.013  -2.898  55.956 0.1250000000
88153  -51.716  -2.664  55.312 0.1250000000
88154  -52.474  -2.512  55.748 0.1250000000
87229  -48.661  -5.516  44.705 0.1250000000
87238  -50.502  -5.648  43.285 0.1250000000
89188  -52.200  -3.859  40.721 0.1250000000
161083  -51.971  -2.842  40.514 0.1250000000
90981  -55.222  0.279  45.277 0.1250000000
90982  -55.699  0.680  45.491 0.1250000000
91902  -56.694  1.440  45.457 0.1250000000
90990  -55.667  0.702  44.896 0.1250000000
91910  -56.772  1.495  44.147 0.1250000000
93867  -57.372  2.032  43.084 0.1250000000
93855  -57.805  2.030  45.209 0.1250000000
93864  -57.489  1.923  43.807 0.1250000000
93868  -57.980  2.376  43.217 0.1250000000
93881  -57.759  2.429  42.609 0.1250000000
147295  -58.154  2.420  43.952 0.1250000000
94850  -58.367  2.908  43.388 0.1250000000
94857  -58.254  2.805  42.727 0.1250000000
94870  -58.082  2.763  42.031 0.1250000000
95828  -58.345  3.359  41.751 0.1250000000
172159  -58.454  3.340  42.986 0.1250000000
146904  -58.449  3.323  44.815 0.1250000000
151641  -58.427  3.354  42.418 0.1250000000
94879  -57.975  3.005  41.381 0.1250000000
86093  -50.701  -4.096  57.322 0.1250000000
87230  -49.323  -5.806  44.204 0.1250000000
87237  -49.652  -5.225  43.646 0.1250000000
65165  -34.873  -25.415  85.328 0.1250000000
66300  -34.614  -24.664  86.232 0.1250000000
91915  -56.197  1.200  43.926 0.1250000000
91909  -56.162  1.141  44.527 0.1250000000
46028  -7.910  -42.748  82.369 0.1250000000
53982  -15.760  -35.035  85.638 0.1250000000
83128  -42.621  -9.553  49.843 0.1250000000
82049  -43.223  -10.601  50.167 0.1250000000
91904  -56.149  1.112  45.152 0.1250000000
92868  -57.301  1.823  45.840 0.1250000000
92871  -57.277  1.716  45.033 0.1250000000
92873  -57.222  1.701  44.441 0.1250000000
92870  -57.780  2.005  44.530 0.1250000000
51790  -3.874  -38.293  84.196 0.1250000000
54023  -24.368  -34.099  81.656 0.3750000000
54049  -24.295  -33.438  80.658 0.3750000000
55144  -22.522  -33.641  84.096 0.1250000000
55146  -24.001  -33.534  84.637 0.2500000000
55169  -24.355  -34.210  83.531 0.2500000000
55198  -25.166  -32.718  80.394 0.5000000000
55308  -22.252  -34.122  71.052 0.6250000000
55343  -27.339  -34.278  69.130 0.1250000000
56268  -26.102  -33.067  83.095 0.2500000000
56299  -26.018  -32.127  80.174 0.6250000000
56323  -25.455  -31.911  78.797 0.8750000000
56341  -25.436  -32.002  76.619 0.8750000000
57354  -25.648  -32.006  85.648 0.1250000000
57385  -27.068  -32.159  82.246 0.3750000000
57392  -26.998  -32.299  81.487 0.5000000000
57398  -26.848  -32.247  80.812 0.5000000000
57409  -26.555  -31.543  80.032 0.7500000000
57449  -25.255  -32.076  75.448 1.0000000000
58425  -24.991  -31.010  86.832 0.1250000000
58435  -26.660  -30.964  85.822 0.1250000000
58447  -27.339  -30.926  84.210 0.2500000000
58459  -27.698  -30.964  82.037 0.3750000000
58484  -26.610  -30.787  79.627 0.7500000000
58503  -25.606  -30.853  77.980 0.8750000000
59508  -26.679  -29.900  86.973 0.2500000000
60582  -28.082  -29.317  85.705 0.2500000000
60601  -28.594  -28.548  83.929 0.3750000000
60668  -26.519  -29.195  77.170 0.8750000000
61652  -24.883  -28.319  88.208 0.1250000000
61654  -26.486  -28.248  88.256 0.2500000000
61661  -27.853  -28.923  86.939 0.2500000000
61662  -29.026  -27.773  87.391 0.2500000000
61693  -29.067  -27.793  83.702 0.5000000000
61732  -27.910  -27.710  80.732 0.8750000000
61937  -32.197  -28.553  63.467 0.1250000000
62749  -26.365  -26.353  88.515 0.1250000000
62760  -27.287  -27.351  88.698 0.2500000000
62761  -28.585  -27.303  88.561 0.2500000000
62775  -31.596  -26.835  86.438 0.1250000000
62782  -30.496  -27.309  85.980 0.2500000000
62865  -27.058  -26.904  78.414 0.8750000000
62957  -34.803  -26.897  70.529 1.0000000000
63922  -24.842  -26.109  88.125 0.1250000000
63924  -29.525  -26.562  88.695 0.1250000000
63970  -34.699  -26.094  83.344 0.3750000000
64040  -33.910  -24.713  79.871 0.8750000000
64057  -27.610  -25.389  79.011 0.8750000000
64075  -29.437  -25.006  77.480 1.0000000000
64140  -25.731  -25.557  73.916 1.0000000000
64236  -27.212  -25.461  65.628 0.7500000000
64261  -28.802  -26.727  64.154 0.7500000000
65112  -27.378  -25.579  88.883 0.1250000000
65127  -30.419  -25.759  88.514 0.1250000000
65204  -36.773  -24.625  81.571 0.3750000000
65277  -27.846  -24.977  77.430 1.0000000000
65316  -37.111  -24.363  75.195 0.3750000000
66293  -34.064  -24.448  86.778 0.2500000000
66320  -37.209  -24.039  84.121 0.1250000000
67415  -25.886  -23.564  87.318 0.1250000000
67434  -36.284  -23.045  85.187 0.1250000000
67435  -36.946  -23.204  84.760 0.1250000000
67466  -38.290  -22.313  80.202 0.1250000000
67506  -38.405  -22.668  76.117 0.1250000000
67546  -37.852  -22.800  73.293 0.5000000000
67658  -35.435  -23.663  61.763 0.1250000000
67745  -38.759  -23.751  56.481 0.1250000000
68525  -38.171  -22.374  83.331 0.1250000000
68547  -38.716  -21.408  79.461 0.1250000000
68573  -38.946  -21.579  76.774 0.1250000000
68775  -34.812  -22.931  57.048 0.3750000000
69588  -37.992  -21.381  83.297 0.1250000000
69589  -38.619  -21.370  83.070 0.1250000000
69594  -39.051  -21.416  82.488 0.1250000000
70666  -36.794  -21.186  82.998 0.1250000000
70946  -39.318  -18.395  59.047 0.8750000000
70992  -34.054  -20.740  56.150 0.5000000000
71849  -35.668  -20.846  83.007 0.1250000000
72182  -42.057  -17.640  59.791 0.8750000000
72183  -42.662  -17.344  59.966 0.3750000000
72204  -41.718  -17.518  59.253 0.8750000000
73162  -36.652  -19.544  81.952 0.1250000000
73165  -38.573  -18.681  81.976 0.1250000000
73464  -44.310  -16.768  61.464 0.3750000000
73484  -43.683  -16.730  60.795 0.5000000000
73513  -32.592  -18.749  58.185 0.6250000000
73518  -42.583  -17.004  59.350 0.7500000000
73534  -41.210  -16.920  58.658 0.8750000000
74601  -43.138  -15.817  59.479 0.7500000000
75361  -37.009  -16.636  80.534 0.1250000000
75635  -44.833  -15.436  61.397 0.3750000000
75661  -42.779  -15.685  59.072 0.7500000000
76656  -44.691  -14.703  61.253 0.6250000000
76672  -44.116  -14.740  60.604 0.6250000000
76718  -39.309  -16.032  53.364 0.2500000000
77647  -47.580  -14.452  63.468 0.1250000000
77654  -46.602  -14.419  62.714 0.1250000000
77663  -46.208  -14.227  62.362 0.1250000000
77684  -43.442  -14.193  59.687 0.7500000000
77693  -43.079  -13.996  59.134 0.7500000000
78730  -42.990  -13.443  59.116 0.7500000000
79807  -41.826  -11.946  58.602 0.8750000000
79845  -39.433  -12.798  53.233 0.1250000000
80885  -37.963  -11.549  55.599 0.5000000000
81995  -38.592  -9.793  54.590 0.3750000000
82009  -38.400  -10.876  53.685 0.3750000000
82033  -40.569  -9.926  51.335 0.1250000000
85079  -42.368  -6.713  57.125 0.7500000000
86051  -50.041  -4.735  59.779 0.1250000000
87118  -53.716  -3.190  57.700 0.1250000000
89142  -53.598  -1.381  46.365 0.3750000000
91895  -55.994  0.957  48.208 0.1250000000
91901  -56.162  1.060  45.811 0.1250000000
91905  -56.703  1.441  44.783 0.1250000000
92831  -55.596  0.948  51.197 0.1250000000
92841  -56.090  1.675  49.904 0.1250000000
92883  -56.191  1.467  42.863 0.2500000000
93797  -55.960  1.688  51.195 0.1250000000
93823  -56.700  2.176  48.804 0.1250000000
94763  -56.042  1.932  51.461 0.1250000000
94798  -56.481  2.313  49.804 0.1250000000
95710  -56.280  2.440  51.421 0.1250000000
96703  -56.365  2.688  51.750 0.1250000000
146381  -40.559  -15.507  58.275 1.0000000000
146873  -26.638  -29.995  78.251 0.8750000000
147686  -28.233  -24.448  89.143 0.1250000000
148494  -56.431  3.152  51.970 0.1250000000
150471  -35.155  -25.864  81.967 0.6250000000
150932  -28.513  -25.019  78.691 1.0000000000
151287  -26.710  -26.619  77.157 1.0000000000
151791  -38.106  -20.154  73.383 0.2500000000
152080  -34.309  -26.201  83.873 0.5000000000
152686  -45.382  -18.233  68.175 0.1250000000
153413  -23.198  -33.507  78.861 0.8750000000
153450  -47.680  -12.914  63.274 0.1250000000
154486  -27.930  -29.694  81.206 0.7500000000
155294  -26.211  -25.679  88.305 0.1250000000
155556  -55.287  0.739  50.017 0.1250000000
155736  -45.657  -8.631  61.594 0.2500000000
156883  -38.146  -21.726  73.468 0.5000000000
157340  -37.489  -17.075  80.782 0.1250000000
157501  -25.478  -33.191  81.652 0.2500000000
159864  -23.519  -29.937  87.317 0.1250000000
160856  -51.229  -1.376  52.015 0.2500000000
160875  -25.536  -31.605  78.483 0.8750000000
162053  -26.366  -23.542  87.774 0.1250000000
162415  -24.830  -30.130  67.437 0.6250000000
163154  -24.318  -30.164  72.424 1.0000000000
163591  -40.528  -10.125  57.318 0.7500000000
163656  -25.320  -25.506  70.050 0.8750000000
163849  -38.988  -9.219  53.537 0.5000000000
166045  -22.354  -36.320  72.611 0.1250000000
167403  -27.932  -25.708  89.130 0.1250000000
167991  -33.922  -27.157  72.208 1.0000000000
168724  -26.022  -30.308  86.941 0.1250000000
169393  -31.146  -25.520  72.518 1.0000000000
170866  -41.989  -13.438  58.656 1.0000000000
171397  -23.725  -32.638  85.485 0.1250000000
171416  -36.760  -24.567  83.958 0.1250000000
172202  -41.622  -14.502  58.585 1.0000000000
172207  -38.293  -16.124  55.756 0.6250000000
172339  -26.105  -32.765  81.582 0.3750000000
172357  -37.680  -24.051  81.694 0.3750000000
172849  -56.366  2.866  51.413 0.1250000000
172931  -43.199  -16.615  60.002 0.5000000000
173618  -34.013  -25.986  69.033 1.0000000000
173805  -31.888  -24.685  79.440 1.0000000000
174109  -46.249  -14.740  62.585 0.1250000000
174849  -24.265  -34.487  82.934 0.3750000000
