global_signal	global_signal_derivative1	global_signal_power2	global_signal_derivative1_power2	csf	csf_derivative1	csf_power2	csf_derivative1_power2	white_matter	white_matter_derivative1	white_matter_derivative1_power2	white_matter_power2	csf_wm	tcompcor	std_dvars	dvars	framewise_displacement	rmsd	t_comp_cor_00	t_comp_cor_01	c_comp_cor_00	c_comp_cor_01	c_comp_cor_02	c_comp_cor_03	c_comp_cor_04	c_comp_cor_05	c_comp_cor_06	c_comp_cor_07	c_comp_cor_08	c_comp_cor_09	c_comp_cor_10	c_comp_cor_11	c_comp_cor_12	w_comp_cor_00	w_comp_cor_01	w_comp_cor_02	w_comp_cor_03	w_comp_cor_04	w_comp_cor_05	w_comp_cor_06	w_comp_cor_07	w_comp_cor_08	w_comp_cor_09	w_comp_cor_10	w_comp_cor_11	w_comp_cor_12	w_comp_cor_13	w_comp_cor_14	w_comp_cor_15	w_comp_cor_16	w_comp_cor_17	w_comp_cor_18	w_comp_cor_19	w_comp_cor_20	w_comp_cor_21	w_comp_cor_22	w_comp_cor_23	w_comp_cor_24	w_comp_cor_25	w_comp_cor_26	w_comp_cor_27	w_comp_cor_28	w_comp_cor_29	w_comp_cor_30	a_comp_cor_00	a_comp_cor_01	a_comp_cor_02	a_comp_cor_03	a_comp_cor_04	a_comp_cor_05	a_comp_cor_06	a_comp_cor_07	a_comp_cor_08	a_comp_cor_09	a_comp_cor_10	a_comp_cor_11	a_comp_cor_12	a_comp_cor_13	a_comp_cor_14	a_comp_cor_15	a_comp_cor_16	a_comp_cor_17	a_comp_cor_18	a_comp_cor_19	a_comp_cor_20	a_comp_cor_21	a_comp_cor_22	a_comp_cor_23	a_comp_cor_24	a_comp_cor_25	a_comp_cor_26	a_comp_cor_27	a_comp_cor_28	edge_comp_00	edge_comp_01	edge_comp_02	edge_comp_03	edge_comp_04	edge_comp_05	edge_comp_06	edge_comp_07	edge_comp_08	edge_comp_09	edge_comp_10	edge_comp_11	edge_comp_12	edge_comp_13	edge_comp_14	edge_comp_15	edge_comp_16	edge_comp_17	edge_comp_18	edge_comp_19	edge_comp_20	edge_comp_21	edge_comp_22	edge_comp_23	cosine00	cosine01	cosine02	non_steady_state_outlier00	trans_x	trans_x_derivative1	trans_x_derivative1_power2	trans_x_power2	trans_y	trans_y_derivative1	trans_y_power2	trans_y_derivative1_power2	trans_z	trans_z_derivative1	trans_z_power2	trans_z_derivative1_power2	rot_x	rot_x_derivative1	rot_x_derivative1_power2	rot_x_power2	rot_y	rot_y_derivative1	rot_y_power2	rot_y_derivative1_power2	rot_z	rot_z_derivative1	rot_z_derivative1_power2	rot_z_power2	motion_outlier00	motion_outlier01	motion_outlier02	motion_outlier03	motion_outlier04	motion_outlier05
654.1648055004873	n/a	427931.5927554904	n/a	755.5457089279637	n/a	570849.3182794593	n/a	657.852066766648	n/a	n/a	432769.3417491503	690.9030920492636	599.1710093811481	n/a	n/a	n/a	n/a	0.0	0.0	0.0	0.0	0.0	0.0	0.0	0.0	0.0	0.0	0.0	0.0	0.0	0.0	0.0	0.0	0.0	0.0	0.0	0.0	0.0	0.0	0.0	0.0	0.0	0.0	0.0	0.0	0.0	0.0	0.0	0.0	0.0	0.0	0.0	0.0	0.0	0.0	0.0	0.0	0.0	0.0	0.0	0.0	0.0	0.0	0.0	0.0	0.0	0.0	0.0	0.0	0.0	0.0	0.0	0.0	0.0	0.0	0.0	0.0	0.0	0.0	0.0	0.0	0.0	0.0	0.0	0.0	0.0	0.0	0.0	0.0	0.0	0.0	0.0	0.0	0.0	0.0	0.0	0.0	0.0	0.0	0.0	0.0	0.0	0.0	0.0	0.0	0.0	0.0	0.0	0.0	0.0	0.0	0.0	0.0	0.0	0.0	0.0	0.0	0.0	0.0	1.0	-0.110191342734069	n/a	n/a	0.012142132013537	-0.1268717087094586	n/a	0.0160964304708577	n/a	0.0134861505557779	n/a	0.0001818762568131	n/a	0.0030549968658267	n/a	n/a	9.33300585021096e-06	-1.4106123072954446e-05	n/a	1.9898270814933777e-10	n/a	-0.0010509824719732	n/a	n/a	1.1045641563948984e-06	0.0	0.0	0.0	0.0	0.0	0.0
649.0500608972767	-5.1147446032106245	421265.9815507586	26.16061235607221	739.900157026811	-15.645551901152658	547452.2423682996	244.78329429166155	656.8300471855199	-1.02201958112812	1.044524024209298	431425.7108857323	683.4053936731625	586.5191443283193	1.195887	22.77969	0.0823703877571645	0.0414389097868321	-0.1144749394	-0.026492647	-0.0253014954	-0.141969305	0.0910780947	-0.2606171976	0.1369658382	-0.0385399881	0.0328851748	-0.360120692	0.2467995607	-0.0531106361	0.0552999985	-0.2472252067	0.019020723	-0.1207009873	0.1615889124	-0.0996977195	0.0249091886	-0.0616324747	0.0370626243	-0.0643728361	0.0770466642	-0.0435388555	0.0391943786	-0.0263755981	0.0884784345	0.1043503068	-0.030569835	0.032484183	-0.0190410232	0.0579194556	-0.003451061	0.0062393431	-0.0193100544	0.0448558847	-0.0938552734	0.035881217	-0.068314393	0.0206118919	-0.0180120974	0.0216399191	-0.0672016221	0.0229156715	-0.0242888805	0.0035899353	-0.0558237908	-0.1227794017	0.251131261	-0.0233684043	0.0321826714	-0.0314417517	0.0915894922	-0.0607219654	-0.1020575298	0.0956054165	-0.2584761449	0.0641996594	-0.0141981277	0.0766075956	-0.0727002657	0.0175319573	0.0436775141	-0.1235078274	0.1223347695	-0.0021938805	0.1568320468	-0.1966472505	0.009209294	-0.2162552063	0.0480499472	-0.034011026	0.0519687462	-0.1581821206	0.0047966546	-0.111525486	-0.0852313905	-0.1113705256	0.0666955834	-0.0099008484	0.0034497488	-0.0206955662	0.1208676909	-0.0211061185	0.0655356281	-0.1257198389	0.0139421146	-0.0354875056	0.1445352721	-0.0466285927	0.0164570509	-0.0227554724	0.0263917491	-0.083081904	0.0157170049	-0.1047269677	0.016033181	-0.0265903236	0.0188058585	0.1158504512	0.1158311377	0.115798951	0.0	-0.1104705712331082	-0.0002792284990392	7.796855467568743e-08	0.0122037471085692	-0.1075499483879411	0.0193217603215175	0.0115669913982487	0.0003733304219221	0.0452087184969798	0.0317225679412019	0.0020438282281391	0.0010063213167841	0.0032690164369863	0.0002140195711595	4.580437683933902e-08	1.0686468465286603e-05	2.8876904194063968e-05	4.2983027267018414e-05	8.338755958331491e-10	1.8475406330372483e-09	-0.0006870484504917	0.0003639340214815	1.3244797199169696e-07	4.72035573323046e-07	0.0	0.0	0.0	0.0	0.0	0.0
646.6464114523134	-2.403649444963321	418151.58144415455	5.777530654272481	733.8842472538804	-6.015909772930627	538586.0883673946	36.191170396042224	656.2174006870815	-0.6126464984383801	0.3753357320488081	430621.2769645097	680.7086523747329	576.5856231689453	0.946921	18.037291	0.0812052899683487	0.0595902263231347	-0.127566118	0.0110684341	0.0552401695	-0.1080826227	-0.0574002868	-0.2010612256	-0.0464991909	-0.1064479773	-0.0006875972	-0.1897267187	0.084065564	0.058495193	-0.0025005855	0.0072812807	0.2275352502	-0.1108790521	0.1386910939	-0.0730563995	0.0593906366	-0.0812447256	-0.0739848869	-0.02497222	-0.074103799	0.0622364709	-0.0031880274	0.0705950805	-0.0716962995	0.0240310178	-0.0534057307	-0.0169719867	-0.0727357154	-0.0369088887	-0.0433114413	-0.0259816458	-0.0785427262	-0.013429188	-0.0788251716	0.0716205437	-0.1245973595	-0.0112222585	-0.0383920227	0.1329224501	-0.1058845442	-0.0882540583	-0.0933586279	0.0205490457	-0.0985410188	-0.0594443942	0.1490446343	-0.0931414489	-0.0842844111	-0.0258853736	-0.0749357635	-0.1242001812	-0.0660419962	0.1177030538	-0.1317383205	0.1692283784	-0.0383321244	0.0533649027	-0.106341228	0.084070125	0.0640893955	0.0149254485	0.1822991126	-0.1082902759	0.055956751	-0.0565323327	-0.0042745658	-0.039368626	-0.0004100069	0.0208702201	0.0364529621	-0.0126868279	-0.1020914621	-0.1099625227	-0.0961074313	-0.1083824787	0.1019109942	-0.0337523271	-0.0428033554	-0.0498958671	0.0641075449	-0.0798913946	0.0145686884	0.0837081256	0.0172462201	-0.0303573649	0.2103411873	-0.0703899946	0.0315278953	-0.0620892506	0.0386185434	-0.1096051859	-0.0370753973	-0.0842321032	-0.0537558256	-0.1203421375	0.0533899491	0.115798951	0.1156251942	0.1153357926	0.0	-0.110466041079789	4.530153319207142e-06	2.0522289095523486e-11	0.0122027462318416	-0.0502541677132626	0.0572957806746785	0.0025254813725527	0.0032828064831208	0.0477587344650771	0.0025500159680972	0.0022808967177057	6.502581437551207e-06	0.0031289715868961	-0.0001400448500902	1.961256003678666e-08	9.790463191603096e-06	-8.185164560781111e-05	-0.0001107285498018	6.699691888706703e-09	1.2260811741226329e-08	-0.0008633743140447	-0.000176325863553	3.1090810157711185e-08	7.454152061521563e-07	0.0	0.0	0.0	0.0	0.0	0.0
645.6194032550344	-1.027008197278974	416824.4138593867	1.054745837278208	731.9186846993186	-1.9655625545617568	535704.9610119807	3.863436155895339	654.582047751056	-1.6353529360254695	2.674379225367124	428477.65723796585	679.2832982439344	571.487012787979	0.981026	18.686935	0.0349626878715055	0.0201533644538703	-0.1449480842	0.0315950067	0.0051274481	-0.1182269914	-0.0335033066	-0.098103762	-0.0403582157	-0.0921306459	-0.1721413334	-0.1050471056	-0.0405450012	-0.0139970621	-0.0635549603	-0.0090552688	-0.0693907154	-0.1334371296	0.0295485111	-0.0704561034	0.0378711907	0.1390593292	0.0317126596	0.0017860204	-0.1075966668	0.1156950453	0.0243756654	0.0267948583	0.0538385644	0.0266066393	0.0832522063	0.1588458415	0.0663257309	-0.0574929915	0.0299342651	0.0166560305	-0.0777853215	0.0787556545	0.0825579944	0.0578068599	-0.0030616964	0.1818970049	0.0646865417	0.1185003662	0.0054461564	0.105287012	-0.0098815173	0.0099694405	-0.0976968201	-0.1118426676	0.0598170516	-0.0441443814	-0.0264056157	0.1411476157	-0.132043121	0.1263216151	-0.0954107895	0.0265291325	-0.027563198	0.0493524838	0.0291629286	0.0315469654	-0.0095768125	0.062824192	0.1121040465	-0.1798546304	-0.0855800163	0.0184734948	-0.0414071486	0.0106659195	-0.103773596	-0.0056725602	-0.0789285827	0.0183377693	0.1338242709	-0.0740527379	0.0878371159	-0.1126763968	-0.0949725709	-0.10778884	-0.0884928694	-0.0384544201	-0.0449190324	-0.0662376313	-0.0352428307	-0.1085118291	-0.0555030357	0.0509891418	-0.0847595831	-0.0854531738	0.1462642824	-0.015487865	-0.0239164118	-0.1167001961	-0.0265420633	-0.0010256581	0.1481548313	-0.0972830457	0.0355932561	-0.0031649179	-0.0264051971	0.1156959735	0.1152136733	0.1144113283	0.0	-0.1103933437707809	7.269730900809346e-05	5.284898737018226e-09	0.0121866903488938	-0.0433996724902243	0.0068544952230382	0.0018835315722587	4.698410476265485e-05	0.0638607261559371	0.01610199169086	0.0040781923451635	0.0002592741364125	0.0031219961219477	-6.97546494839987e-06	4.86571112463552e-11	9.746859785456475e-06	-2.7072069187727976e-05	5.477957642008313e-05	7.328969301051304e-10	3.0008019927637277e-09	-0.0006864592824412	0.0001769150316035	3.1298928407267415e-08	4.712263464496873e-07	0.0	0.0	0.0	0.0	0.0	0.0
645.53856737463	-0.0808358804043791	416720.04196808976	0.006534439560751	730.5559698278254	-1.3627148714932673	533712.0250510745	1.856991820988912	654.4555170202768	-0.1265307307792227	0.0160100258315241	428312.0237582779	678.2908981836098	569.7511334328756	0.906189	17.261412	0.034595071788941	0.0199521826698551	-0.1295996955	0.0462224534	0.0182794047	-0.1030992101	0.0519234042	-0.0306846125	0.0147457751	-0.0141504345	-0.037482841	-0.1023555967	-0.0894749704	0.1061099414	-0.039492137	-0.0830303446	0.0700066	-0.1058723528	0.0319486265	-0.0700890201	0.0186454439	0.0394772596	0.1110023406	-0.097531902	-0.0475324459	-0.0128407836	0.0968651082	-0.0179283579	0.112593317	0.14333229	0.0190272869	0.0278846297	0.0130558727	0.0713834767	-0.0987623992	0.0788776075	-0.0044405426	-0.0073022475	0.1201843812	0.047960951	0.1138799052	0.086225225	-0.0492837818	-0.0204579082	-0.0407152104	0.0067149606	-0.1982080449	0.0168227636	-0.0786427453	-0.0825789165	0.0723185655	0.0401985635	-0.0081187099	0.0778681574	0.0220305111	-0.0018899706	-0.1486124242	-0.0977841432	-0.1052941283	-0.0116488432	0.0174628946	0.0720604682	-0.0218057373	-0.1064585178	-0.1201998054	-0.1394527136	-0.0962066905	0.0367104226	0.0295113842	0.0673223836	-0.052836268	0.0436631226	-0.0102617241	-0.1116726932	0.1687686869	-0.0666200474	0.0124237537	-0.09826966	-0.0803701878	-0.1115674942	-0.0273666382	-0.0360811194	0.016802934	-0.0776550819	0.0190545008	-0.1110527424	0.0226012096	-0.0841725499	0.0671587443	-0.0755721343	0.1128618839	-0.0599661266	-0.0094627973	-0.0457525781	0.0339582043	-0.0549648067	0.2023639618	-0.052400011	-0.0189970173	-0.0776460827	-0.0302291192	0.1155415645	0.1145973067	0.1130292557	0.0	-0.0957603808481764	0.0146329629226045	0.0002141236038943	0.0091700505401877	-0.0434906202594902	-9.094776926590192e-05	0.0018914340505551	8.271496734443734e-09	0.0559254392076979	-0.0079352869482392	0.0031276547505739	6.296877895089543e-05	0.0030440499047864	-7.794621716129997e-05	6.075612769756534e-09	9.26623982283009e-06	0.00013295429401	0.0001600263631977	1.7676844295697524e-08	2.5608436918291152e-08	-0.0006872041850588	-7.449026175999169e-07	5.54879909707208e-13	4.722495919623294e-07	0.0	0.0	0.0	0.0	0.0	0.0
645.4184472649578	-0.120120109672257	416564.972069909	0.014428840747675	728.637638947458	-1.9183308803674208	530912.8088909261	3.679993366571244	653.6350613665837	-0.8204556536931022	0.6731474796769757	427238.79344769765	677.9014572809739	569.5743185224325	0.891633	16.984148	0.0660946608730325	0.0339988893578664	-0.1356895974	0.0422405446	0.0680892639	-0.1147600322	0.0257595954	-0.0383182009	-0.0780690466	-0.0576047224	-0.0268015717	0.0229986329	-0.0498537624	0.1317807193	-0.074793367	0.0161872467	-0.0185304192	-0.1132243016	0.0058217623	-0.0545146318	-0.0272930217	0.0514339601	0.0882545926	-0.0429375522	-0.1582397793	-0.0866605871	-0.0786673953	0.0551223029	-0.0341946217	-0.1558725203	-0.0560009816	-0.0488900544	-0.0286251622	0.073212245	0.0791764729	0.0770099122	0.0536944196	0.0705439531	-0.0670033936	-0.0127369147	0.0711969827	-0.0499562667	-0.1725672565	0.0658616002	-0.0056570886	-0.1552568856	0.063536368	0.0207370325	-0.1069185503	-0.0562025503	0.0406851135	0.0444218012	-0.0520552824	0.0873619577	-0.105887269	-0.1047237017	-0.0153001975	-0.0534432925	-0.0177078033	-0.0985912098	0.0091134254	-0.0407550193	-0.0884451771	0.146780759	-0.0431787316	0.0750945475	-0.1120929847	-0.0962248414	0.1100068835	0.0836107042	0.0144303938	0.0280404621	-0.0554484755	0.0226214391	-0.0542987998	0.0358711592	-0.175816039	-0.1108270771	-0.1032121353	-0.1157057446	-0.0593927435	0.0114718759	0.0191469765	-0.0012196645	0.058208982	-0.0714344889	0.0765825555	0.0691150228	0.0698699629	-0.0539775623	0.1564557662	-0.0303619375	0.0171292558	-0.009063041	0.0626531951	0.0468533887	-0.0214201035	-0.0590903576	-0.0046055414	0.0030574423	-0.0094867122	0.1153357926	0.1137771902	0.1111951025	0.0	-0.1105825013163865	-0.0148221204682101	0.0002196952551741	0.0122284895973886	-0.0677957267307078	-0.0243051064712176	0.0045962605629448	0.0005907382005772	0.0603482533741299	0.0044228141664319	0.0036419116853081	1.9561285150791564e-05	0.0031559807165904	0.0001119308118039	1.2528506631102465e-08	9.960214283490452e-06	-6.33099183020569e-05	-0.000196264212312	4.008145755413119e-09	3.8519641034472155e-08	-0.0008299015562862	-0.0001426973712274	2.0362539755210424e-08	6.887365931262568e-07	0.0	0.0	0.0	0.0	0.0	0.0
645.7609355217887	0.3424882568309613	417007.18584597576	0.1172982060671105	729.4194050644384	0.7817661169804069	532052.6684845592	0.6111582616586232	654.5529022802772	0.9178409136934532	0.8424319428496333	428439.5018835341	678.0522632189121	572.101418326719	0.997661	19.003805	0.0764954868927051	0.0455099097106209	-0.1118476897	0.0415331024	0.1109673179	-0.0438022255	-0.0212716391	-0.0644853681	-0.1131884148	0.0754253432	-0.1147102969	-0.101926801	0.0186938405	0.1505421897	0.0005247181	0.0215007891	0.0655927832	-0.0875919365	0.07772383	-0.0174263009	-0.1394102452	-0.0603137758	-0.1439284518	-0.0787512558	-0.0905528909	0.0658149885	0.0247681966	0.0574133632	0.0520277941	0.0720661257	0.0335266548	0.0165094428	-0.080786353	-0.0603936085	-0.0102202172	0.1194685478	-0.0134525486	-0.0187039155	-0.0965066474	-0.0212845032	0.0369179699	-0.011233595	0.1612326992	-0.0098255525	0.0829403405	0.0831590664	0.1194910256	-0.0384841144	-0.1130768436	0.0057097605	0.056554134	0.0337891878	-0.1563210091	-0.1419898414	-0.0589667384	0.0009060952	-0.0858291025	0.0015891391	-0.050085115	0.0045453368	-0.0111754068	0.0846080745	-0.0274218781	0.1247309813	0.0484789588	-0.0020873642	-0.0211300822	0.0230735045	-0.010212333	0.1023100871	0.1025375499	0.0634404823	0.0511685145	0.0898219729	-0.0696893034	0.0361323145	0.0720876161	-0.1031149476	-0.0763738157	-0.072749175	0.1538645361	-0.057503142	0.0387164744	-0.0911267473	-0.061794171	-0.0977443724	0.0192449446	0.0642744961	-0.0551561293	-0.0133822207	0.1167883799	0.0383817203	-0.0671950135	0.0165416634	-0.0150492101	-0.0899174608	-0.0458842305	0.0194128489	-0.0049565012	-0.0265792578	-0.0372793172	0.1150787493	0.1127547821	0.1089162049	0.0	-0.1050119352399576	0.0055705660764289	3.103120641186051e-05	0.011027506542841	-0.028635801019675	0.0391599257110328	0.0008200091000384	0.0015334997816936	0.0398738207560143	-0.0204744326181156	0.0015899215816827	0.0004192023910337	0.003234983612857	7.900289626659989e-05	6.241457618511143e-09	1.0465118975453329e-05	-6.661125046081295e-05	-3.301332158756054e-06	4.437058687953154e-09	1.0898794022436908e-11	-0.000686394534969	0.0001435070213172	2.0594265167335303e-08	4.711374576353097e-07	0.0	0.0	0.0	0.0	0.0	0.0
646.0325321844923	0.2715966627035868	417358.0326407071	0.0737647471917259	729.9396415363659	0.5202364719275465	532811.8802862384	0.2706459867236209	654.0472382107455	-0.5056640695316901	0.2556961512153499	427777.78981110366	678.0781319817155	574.3766989269395	0.987155	18.803684	0.0563258832956809	0.032032318441254	-0.1334908955	0.0108620654	0.0421146468	-0.0412362336	-0.1004319037	0.017696174	-0.0034034084	0.0678048172	-0.0583210629	-0.0725155069	-0.1045471503	-0.0220375056	0.062340984	-0.0782975506	-0.0861647784	-0.1282378205	0.0289006716	-0.0227778896	0.051751398	0.0193126807	-0.0955343014	0.0324337209	-0.0040376202	-0.0029913151	-0.046522237	-0.0798024637	0.1493387403	0.0340589906	0.1386631119	0.0311242883	-0.0035945651	0.0270102532	0.0021828215	-0.0268665278	-0.0008238309	-0.0752812621	0.0103093681	0.1329077161	0.0625909322	-0.0745304344	-0.080228607	-0.0051073564	-0.1654442626	-0.0349772368	0.0073187854	0.089088185	-0.1072667645	-0.0493679945	0.0236074803	-0.0963531542	-0.0438585443	-0.0391829831	0.0331421079	0.1247208424	-0.0567094974	-0.067076959	-0.0356826088	-0.087591944	0.0369049066	0.045181536	0.0527930868	0.0564700538	0.1128206652	-0.0912580565	-0.0337782726	0.0479705629	0.0008528404	0.1039133766	-0.0501460566	-0.0331103156	-0.0496234536	-0.0587574056	-0.0089525723	0.0875746684	-0.0735317508	-0.1053563733	-0.0647349538	-0.0476969342	0.0254174208	-0.0767723561	-0.1115687045	-0.1135828843	-0.0832356721	-0.0221081796	0.0231010615	-0.045098559	-0.0169918321	-0.0464835499	-0.0281208056	-0.0972698668	-0.0236788333	0.0287115325	-0.0738501482	0.0197117373	0.0274398552	0.0004125235	-0.0377089696	-0.0026723758	-0.00149195	0.1147705489	0.1115319001	0.1062016776	0.0	-0.0991339126495489	0.0058780225904086	3.45511495733549e-05	0.0098275326372083	-0.0010709831126689	0.0275648179070061	1.1470048276219655e-06	0.0007598191862464	0.0368213704282425	-0.0030524503277717	0.0013558133202138	9.317453003514131e-06	0.0030294578096275	-0.0002055258032294	4.224085579313101e-08	9.17761462031305e-06	-0.000112260290507	-4.564904004618705e-05	1.2602372824716037e-08	2.083834857138389e-09	-0.0008318315411032	-0.0001454370061342	2.1151922753279332e-08	6.919437127741248e-07	0.0	0.0	0.0	0.0	0.0	0.0
645.8502095598998	-0.1823226245925298	417122.49318856647	0.0332415394383085	728.8755023609508	-1.0641391754151073	531259.4979419285	1.1323921846531444	653.727901722429	-0.3193364883164804	0.1019757927703016	427360.1694904098	677.8807482808643	576.1562953921131	1.000987	19.067158	0.1103388821820296	0.0657558689787057	-0.1328178002	0.0058080242	6.7866e-05	-0.0599923251	0.1060045545	0.0553259607	0.0089151829	0.0890764351	-0.1251532677	0.0122554144	-0.2030805912	0.0033087484	0.0128025007	-0.0044222558	0.011477908	-0.124458331	0.0018761584	-0.0716797035	-0.0962640998	0.0485610934	0.122619295	-0.029979423	0.0023310292	0.0264392392	0.0174808511	-0.0403987182	0.100117396	0.0296334146	-0.0560106948	0.0613295011	-0.0704055179	0.1183514527	0.0417249541	0.0975950042	0.0067819092	-0.0441104125	-0.0974202646	0.0073614508	0.0753857724	0.0381488645	-0.0294928074	-0.093720816	-0.0053288994	0.0645631089	-0.0089962094	0.0869588626	-0.07734322	-0.0859446344	0.0529002625	0.0992491397	0.0050136111	0.0331489652	-0.0088902966	0.1205035985	-0.0876337906	-0.1408991074	0.0629987796	-0.0365932134	0.0192136639	0.0564848112	0.0057205867	0.0160442873	-0.1259512217	0.0583999263	-0.0950974801	0.0167518868	-0.0234893516	0.060704199	0.0315211527	-0.0552934109	-0.0014641446	-0.1853797377	-0.0488558677	0.0047212991	-0.0592075477	-0.1101905741	-0.0802115611	-0.0742962097	-0.1028254673	-0.005076129	0.0471294298	-0.0178709428	-0.0345016286	-0.0285797857	0.1014396649	-0.1288540655	0.0081785293	-0.0497628865	0.0067072003	0.0433632667	-0.0370660817	-0.0933072217	-0.0688887841	0.1887053524	0.0043315859	0.0558950124	0.0330425	0.147271381	0.0353312675	0.1144113283	0.1101107184	0.103062378	0.0	-0.0953786178820763	0.0037552947674726	1.4102238790607132e-05	0.0090970807490951	-0.0509897588528218	-0.0499187757401529	0.0025999555078689	0.0024918841713956	0.0061115698853626	-0.0307098005428799	3.7351286463671024e-05	0.0009430918493834	0.0033819745318688	0.0003525167222412	1.242680394597498e-07	1.143775173420919e-05	-9.11613557346147e-05	2.1098934772385304e-05	8.310392779372968e-09	4.4516504852936965e-10	-0.0006863469754864	0.0001454845656168	2.1165758832708993e-08	4.71072170759329e-07	0.0	0.0	0.0	0.0	0.0	0.0
644.9756107765102	-0.8745987833896152	415993.5384965324	0.7649230319065949	727.8887884660201	-0.9867138949307446	529822.0883745305	0.9736043104494004	653.0527695335002	-0.675132188928842	0.4558034725278496	426477.9197953749	676.7530077975902	570.3266462117216	0.917056	17.468416	0.0569149022072032	0.030377993921967	-0.131988524	0.0255999184	0.0176565323	-0.1601817305	0.0049815921	0.1093275407	0.0134172028	0.1187579838	0.065162603	0.074042064	-0.0853574791	-0.0718089914	0.0250104139	-0.0248974278	0.1064761464	-0.1134859864	-0.0522785001	-0.0416707659	-0.0092182157	-0.0213452169	0.0639941254	-0.0755518202	0.0605882793	-0.1122989169	0.0153389565	0.0802790682	0.1665421601	-0.0812760451	0.1056984518	-0.0053353662	-0.0040350581	-0.0278726485	0.0634755296	0.0226189024	-0.0074430293	-0.0195376602	-0.0059913758	-0.0067868405	0.0288296266	0.0490705139	0.0677933742	-0.0650044565	-0.0040010218	0.1240543615	0.0107396236	-0.1435463988	-0.0885282143	-0.0884122219	-0.022584024	0.0332427215	0.0113649929	-0.0399833433	0.1145712572	-0.0154588253	-0.0010011286	-0.1756466477	0.004798613	-0.0774051151	0.0659061747	0.0839653488	0.0088030586	0.0233677947	-0.0391909875	0.12249806	-0.1331754519	0.0362508341	-0.015327951	-0.1609141358	0.0897031181	0.0209033823	0.0445550776	-0.0748403259	-0.0850228444	0.0064862686	0.0769672738	-0.1011529485	-0.07244752	-0.02391764	0.0357210159	0.0125362445	-0.0254298484	-0.0156539062	0.0127231858	0.087521426	0.1568612939	-0.1516753449	0.0408175819	-0.0274748698	-0.0292660194	0.0288189539	-0.0990999476	0.031157571	-0.0466700692	-0.0114933556	-0.0931144017	0.0342353259	0.0727019502	0.0994762366	0.0709527354	0.1140012473	0.1084937639	0.0995108621	0.0	-0.0846172964194522	0.010761321462624	0.0001158060396219	0.0071600868533374	-0.0638557222053037	-0.0128659633524818	0.0040775532583609	0.0001655330129874	-0.0154423094163718	-0.0215538793017344	0.0002384649201109	0.0004645697129537	0.0035100136103286	0.0001280390784597	1.6394005612834766e-08	1.2320195544692012e-05	1.4794205503543267e-05	0.0001059555612381	2.1886851648106988e-10	1.1226580957293044e-08	-0.0006870270975957	-6.801221092999667e-07	4.625660835586358e-13	4.720062328307714e-07	0.0	0.0	0.0	0.0	0.0	0.0
646.7454822324567	1.769871455946486	418279.7187880929	3.1324449705741344	729.1687962040756	1.2800077380555877	531687.1333577008	1.6384198094821818	653.5363257623488	0.4835562288486699	0.2338266264583472	427109.7290909509	676.7602679833553	572.4232893895058	1.095529	20.868031	0.127495805128023	0.0762739619940365	-0.1104699288	0.0167519379	0.221667596	-0.0389052369	-0.0979224046	-0.0419297949	-0.1417515258	-0.0090271621	0.0680922486	0.0761030104	0.1233627026	0.1185659679	0.1880987911	-0.1051612547	0.0182481312	-0.0812358198	0.0040328534	0.0339639072	0.0065355041	0.0530674605	-0.1226284201	-0.1061373314	-0.1446472809	-0.0442117332	0.038886858	0.0334788094	0.0181246614	-0.001629465	0.0112484939	-0.1241640529	-0.0535939655	-0.0583545461	-0.0403177275	-0.1558204373	-0.1748816354	-0.0264336836	-0.0256055226	-0.0449578238	-0.0877222736	0.0635249863	-0.1757673753	-0.0147908407	0.0103813498	-0.061818512	0.12552063	-0.2560185627	-0.1625543585	0.0933717912	-0.0477397439	-0.0356475566	-0.1826316294	-0.0227404506	-0.0923262056	-0.1735205788	-0.0155562578	0.0003177651	-0.0592665735	0.0361442904	-0.0239670125	0.0140191845	-0.0428739194	0.1174314157	-0.055789243	0.0503972007	0.0668367491	-0.0416691891	-0.084118596	-0.1403380396	-0.0990600555	0.2071988438	0.1119420697	-0.0457917718	0.0029300324	0.2601576943	0.015437321	-0.0982773865	-0.0537427839	-0.0640742457	0.0529895467	-0.088645286	-0.0629154908	-0.07394798	0.0101421151	-0.0392609236	0.0646502745	0.0882959717	0.0558952598	0.0051303216	0.0385485093	0.0377177212	0.0082178171	0.0553585151	-0.0197295159	-0.0523557947	-0.1853070619	0.0768631191	0.052706072	-0.0181313792	0.051843399	0.1135404882	0.1066839114	0.0955613349	0.0	-0.0952175623800144	-0.0106002659605621	0.0001123656384346	0.0090663841855919	-0.030766963770489	0.0330887584348146	0.0009466060596545	0.0010948659347575	0.0384778364077504	0.0539201458241222	0.0014805438946216	0.0029073821256946	0.0029460211902478	-0.0005639924200807	3.180874499085973e-07	8.679040853389066e-06	4.848767827292377e-05	3.3693472769380506e-05	2.351054944298564e-09	1.1352501072609854e-09	-0.000687073902916	-4.680532029999446e-08	2.1907380083850725e-15	4.72070548068225e-07	0.0	0.0	0.0	0.0	0.0	0.0
648.9469919077181	2.201509675261491	421132.198306076	4.846644850269955	729.0127749125163	-0.156021291559341	531459.6259856472	0.0243426434198449	654.2574693178801	0.7211435555312846	0.520048027684303	428052.8361582368	678.1997331869081	586.0993974950192	1.049681	19.994699	0.0552873280508154	0.0481841113457599	-0.1008822433	-0.0508569557	0.1068509309	0.0066197255	-0.0084706751	0.0162564	-0.0511606395	-0.0682992739	-0.0589127865	0.0580335197	-0.1277797359	-0.017478781	0.154498727	0.017686381	-0.048573247	-0.0741481647	0.0254321212	0.0305706166	0.0280129198	0.1812058094	0.0467768303	0.010480198	-0.1492067822	0.0522159799	0.0536545985	0.0480113867	0.0470103972	0.0482462871	0.0465427454	0.0288667645	-0.023709107	0.0955109924	0.003112615	0.0354169751	0.0412157313	-0.158685699	-0.1387686789	-0.0324326527	-0.1484172375	-0.0916967115	0.0677184907	0.0081322985	0.0700179769	0.0594974265	-0.0196282553	-0.0163553765	-0.103779057	0.063628184	0.0144110231	0.0104334549	-0.0358919258	0.140470114	-0.0889796964	0.0763850709	0.0008800931	-0.0730362522	0.0495767558	-0.0106591606	0.0156568757	0.1178387958	0.0503013974	0.0552857306	0.0113286123	-0.0538306156	0.0334409199	0.0752626642	0.0701467122	0.1524266084	0.0223386305	0.0107592326	0.0503700821	-0.05218922	-0.1353712272	-0.0469351938	-0.050976189	-0.0849418986	-0.0330653097	-0.0386263174	-0.1225746437	-0.1366002256	-0.0485269773	-0.0151942822	-0.0718724171	-0.0316855942	-0.0291652289	0.1020139878	-0.0733836715	-0.0688049833	-0.0505312798	0.0275846642	-0.0240589546	0.0049948429	-0.0866042409	0.0241360725	-0.0524444077	0.1289752316	-0.0244781103	0.1248221859	0.0796242447	0.1130292557	0.1046843788	0.0912295932	0.0	-0.0940267046089786	0.0011908577710357	1.41814223083634e-06	0.0088410211796241	0.0153416474263963	0.0461086111968853	0.0002353661457558	0.0021260040265055	0.0383125923577409	-0.0001652440500094	0.0014678547331704	2.7305596063541623e-08	0.0027900204507862	-0.0001560007394616	2.433623071256611e-08	7.78421411580523e-06	4.8041690037026186e-05	-4.459882358975875e-07	2.308003981613701e-09	1.9890550655904217e-13	-0.0006870683299558	5.572960199979986e-09	3.1057885390560965e-17	4.720628900282521e-07	0.0	0.0	0.0	0.0	0.0	0.0
649.922269259097	0.9752773513788496	422398.95607889415	0.9511659121125444	730.4023476802942	1.3895727677778495	533487.5894968853	1.9309124769497932	655.6850179153653	1.4275485974851565	2.037894998181837	429922.8427186729	679.4168255462964	601.5678309698175	1.223632	23.308184	0.1014850537811446	0.0543823110174879	-0.0159478488	-0.0798601353	0.0955712882	0.0189650477	0.1477031476	-0.052308316	0.0476910829	0.172399907	-0.0818779792	0.026678734	-0.1509538443	0.0473625678	-0.0225865036	0.0371723525	-0.0619636534	-0.0318726025	0.1207645269	0.0762942013	-0.1842468226	-0.081150882	-0.0330488026	-0.0727098915	-0.0301040853	0.0406079095	0.1442983755	-0.024699519	-0.0295133926	-0.0829748522	0.0190215879	-0.0335619881	-0.0421194997	-0.0739650885	0.0234841263	0.0980498811	0.0247656221	0.0186731572	0.0256656967	-0.0358664298	-0.0818119673	0.0643218422	-0.1036776187	-0.0350195504	0.0953579033	0.1930472218	-0.0757589726	0.0858124406	-0.0548157861	0.0663737853	0.116272053	0.13204945	-0.0138945538	-0.1280882464	0.0003975617	0.0643776561	-0.1142363567	-0.1240216522	0.1109825033	0.0566556499	-0.0934177941	-0.0443546239	-0.0318372682	-0.0174318558	0.0079803303	0.0781277296	-0.0127613311	0.0359949313	-0.0480963305	-0.0064815892	0.1898338313	0.117471496	0.1423851324	-0.0925443459	-0.0764162178	-0.0130259545	-0.1002852575	-0.049185761	0.0191376124	-0.0325048381	0.103672011	-0.1037908169	0.1651501688	-0.0327476945	-0.0718050988	-0.0793309474	0.0240718371	-0.0439086277	0.0096901015	-0.0254291965	-0.0469607784	0.0247521195	0.1591010117	-0.0020865313	0.0331407778	0.0480268197	0.0394046802	0.1145293352	-0.0799499548	0.1152187096	-0.1240916301	0.1124677771	0.1024987213	0.0865329627	0.0	-0.0776068879072369	0.0164198167017417	0.0002696103805187	0.0060228290506464	-0.0025415064699245	-0.0178831538963208	6.459255136668094e-06	0.0003198071932794	0.0379935418354051	-0.0003190505223358	0.0014435092211986	1.0179323580274741e-07	0.0018808715455255	-0.0009091489052606	8.265517319367288e-07	3.5376777707674835e-06	-0.0003791460220217	-0.0004271877120587	1.4375170601487945e-07	1.8248934133396922e-07	-0.0006861442940603	9.240358955000258e-07	8.538423361725346e-13	4.707939922715074e-07	0.0	0.0	0.0	0.0	0.0	0.0
648.1133339891827	-1.8089352699142864	420050.8936945739	3.272246810739872	732.2253913648201	1.823043684525942	536154.0237593639	3.323488275689922	654.0310706330517	-1.6539472823135384	2.7355416126723395	427756.6413534159	678.2047129662104	594.2909863604247	1.402481	26.714954	0.2104872887536908	0.1101432206891437	-0.0555806649	-0.068863781	0.0177200868	-0.0293457719	-0.1424444188	-0.0395286712	0.0951928532	0.0084190396	0.0733518814	0.0994366046	-0.1650056147	-0.1268875692	0.1990465439	-0.1199960991	0.0322340892	-0.0353328688	-0.0002725076	-0.0331468104	0.1435288295	0.0471592375	-0.1246542049	0.0298797416	0.0426787704	-0.1484653151	0.2209270134	-0.0400026361	-0.0945320797	-0.0230912838	-0.0680344852	-0.1686241758	0.0262329624	-0.108952072	-0.0704301172	0.0571931601	-0.0913965462	0.0432038457	0.0303700621	0.1045468185	0.0779660051	-0.0625654641	0.0155034693	-0.0344862551	0.0422557617	0.0363979017	0.0415051013	-0.0638252005	-0.0508914772	0.00799437	-0.0107327826	-0.133754707	-0.0024878906	0.0765064339	0.140296871	-0.0126181115	0.0673776313	-0.1647922622	0.1262438675	0.0713193436	-0.1131090538	-0.0202731647	0.1596402845	-0.077874567	0.1606572688	0.0168596501	0.0091558876	0.0379298429	0.1044102952	0.0178595846	-0.0089262019	-0.1523881967	-0.010371968	0.0105479721	0.1281194334	0.1852565041	0.0096722446	-0.0419024726	-0.026679067	0.0106040696	0.0287207168	-0.1032012354	-0.1533283953	0.0656003386	-0.0090623389	0.1278364244	0.033166055	0.0450188467	0.0128076236	0.0348079243	-0.2454371686	-0.0049607295	0.0945319892	0.0809061801	0.0143471899	-0.0724418545	-0.1031263851	0.1778832256	0.1873237635	0.1103986325	0.2217613186	0.1118563022	0.1001308247	0.0814902283	0.0	-0.0250469491614779	0.052559938745759	0.0027625471609579	0.0006273496622976	-0.029044709559642	-0.0265032030897175	0.0008435951534039	0.0007024197740148	0.0212304207068996	-0.0167631211285054	0.0004507307633919	0.0002810022299689	0.0022909819129806	0.0004101103674551	1.6819051349415712e-07	5.2485981256042495e-06	5.1877399681377057e-05	0.000431023421703	2.69126459770134e-09	1.8578119005662861e-07	0.0007659424325757	0.001452086726636	2.108555861672453e-06	5.866678100199807e-07	0.0	0.0	0.0	0.0	0.0	0.0
648.7310518894111	0.6177179002283992	420851.9776855418	0.3815754042625826	730.6682514768659	-1.5571398879542355	533876.0937162605	2.42468463065813	654.348621866487	0.3175512334352106	0.1008387858562236	428172.1189385707	678.197607715842	595.6262159862657	1.242217	23.662189	0.1164096043836494	0.064883135685004	-0.0264463336	-0.0632611025	0.0732414367	-0.0666575274	0.1318415455	-0.0361808917	0.0601324377	-0.028242414	0.1831391702	0.250405605	-0.1743448971	0.0345573252	-0.0272053676	-0.0046417111	0.0556868857	-0.0156725087	0.014265287	-0.0578701343	-0.1203232095	0.1062372347	0.0400248296	0.0615864813	0.0183703165	-0.0782262951	0.0283641636	-0.0698691149	0.0199469628	-0.0476072249	-0.1638555151	-0.1113609526	0.1076968735	-0.0783786901	-0.0795276111	-0.0179429011	0.1254857624	-0.055350558	0.0868847618	-0.1044662772	0.0059108169	0.0406019759	0.0138948845	-0.1274491102	0.189033988	-0.0516947034	0.062287232	-0.0257288713	-0.0292201303	0.0134740094	0.0447475427	0.176167724	-0.0226959754	0.0809017446	0.0750493566	-0.0980408918	0.0795964478	-0.1083184378	0.0747901944	0.0195176633	-0.0732739437	-0.0697642402	0.126259962	-0.2042457907	-0.0021472126	0.1639262389	0.0419896681	-0.0834753259	-0.0632096359	0.1067918902	-0.0381021866	0.059725904	0.0988331268	0.0609213118	0.0186372849	-0.0967554858	0.1485716316	-0.0148808127	-0.0303025899	-0.0200897219	-0.0563998922	-0.0819607541	0.1384245948	0.1408230095	-0.0303496422	0.107394315	-0.0229824586	0.0813722459	0.0968044919	0.0460792723	-0.3921196927	0.0106304328	0.0981114807	0.0929997815	-0.0492301227	-0.0831021127	0.0754558379	0.1558894544	0.168298999	-0.1905941835	0.0703208471	0.1111951025	0.0975848992	0.0761215592	0.0	-0.0176687697842083	0.0073781793772696	5.4437530923166414e-05	0.0003121854256873	0.0068789109841276	0.0359236205437696	4.7319416327551344e-05	0.0012905065129727	0.0232524897655537	0.0020220690586541	0.0005406782802971	4.088763277966279e-06	0.0016148542921807	-0.0006761276207999	4.571485596085335e-07	2.6077543849744296e-06	0.0002210842289116	0.0001692068292302	4.8878236273436746e-08	2.8630951058145825e-08	0.0013423226906247	0.000576380258049	3.322142018686318e-07	1.801830205765934e-06	0.0	0.0	0.0	0.0	0.0	0.0
648.5684688474792	-0.1625830419319527	420641.0587831636	0.026433245523847	729.933708930738	-0.734542546127841	532803.2194333833	0.5395527520719714	653.7533879785494	-0.5952338879375247	0.3543033813492217	427393.4922934318	677.5301457363454	591.9444186301128	1.155596	22.012215	0.170903073659454	0.07895306167913	0.0048406264	-0.039444421	0.0958942578	0.0195353516	-0.0868912382	-0.023586616	-0.0647559316	-0.0325947571	-0.0687236547	0.0522461223	0.0053726724	-0.0525973577	-0.0093424744	0.273695831	-0.0091625801	-0.0231746487	-0.0253855578	0.0255679138	0.034984804	0.0543227055	-0.1091317273	-0.0777701916	-0.0448218785	-0.00490363	-0.0517120803	-0.1855110674	-0.1137010356	-0.0685991953	-0.0722076853	0.1872752738	0.2028201688	-0.0571802319	-0.0281593637	-0.1483379217	-0.0175465819	0.135382115	0.0976924124	-0.1443869772	-0.0653044306	-0.1323498693	0.0584597214	-0.0465643025	0.027571921	-0.046847832	0.0308830358	0.2569746253	-0.0463716449	0.0679712152	-0.0742261043	-0.0747070353	-0.0656098964	0.042320362	-0.0742234525	-0.0056571148	0.0638608324	0.0633930217	0.1966298883	-0.1184419238	0.0567649144	0.0926297277	-0.0013850311	-0.2084770541	0.0797215294	-0.0154154545	0.0461018606	-0.1174208507	-0.0491263157	-0.1717069831	-0.0122609532	-0.0189537947	0.008997937	0.1155116329	-0.0072297072	-0.0377830611	0.0957953289	-0.0053201473	-0.0051245029	0.0226795156	0.0434065009	-0.0194686093	-0.0246418774	0.1341514459	-0.0301567251	0.1588628782	0.0274908837	0.1542782089	-0.06323179	0.0618485489	-0.1387717647	0.0546206621	0.0261243303	0.05905084	0.0530694741	0.174582135	0.0549839685	-0.0097080031	0.0483806097	0.0164060878	-0.1908510575	0.1104844722	0.0948654713	0.0704484286	0.0	-0.0029805224898922	0.0146882472943161	0.0002157446085789	8.8835143127532e-06	-0.0364592565647399	-0.0433381675488675	0.0013292773892535	0.0018781967664937	-0.0305948431773117	-0.0538473329428654	0.0009360444290442	0.0028995352650597	0.0014800553250207	-0.00013479896716	1.8170761547402786e-08	2.190563765122129e-06	-0.0001599989829557	-0.0003810832118673	2.5599674546858377e-08	1.4522441436709749e-07	0.0006776183521839	-0.0006647043384407	4.4183185754202156e-07	4.59166631216424e-07	0.0	0.0	0.0	0.0	0.0	0.0
648.1607592591866	-0.407709588292505	420112.3698434453	0.1662271083856439	729.1957993940873	-0.7379095366507045	531726.513853982	0.5445104842800573	653.3021502516787	-0.4512377268707723	0.2036154861515017	426803.6995234669	677.8674143832835	595.9755449141899	1.032827	19.673666	0.183535583429432	0.0956156332241131	0.0519296848	-0.0349693628	0.0212560186	0.0413484955	0.0316473825	0.0216843794	-0.0652797824	-0.0702331738	-0.0266371525	0.1407142906	-0.0038375002	-0.0305624792	-0.147930938	0.030332419	-0.0918857522	0.0553377281	-0.0668845053	0.063382032	-0.0352756454	0.0540332516	-0.0192745936	0.0537338005	-0.0718955582	0.0252620516	-0.1478320783	-0.1058393307	-0.1880729808	-0.0147490945	-0.0922508674	0.0665135809	0.0812478624	-0.0039387673	0.0940750481	0.0408193705	0.0423265679	-0.0222792362	0.1714011432	-0.0117164138	-0.0940663006	0.0504863323	-0.0474734535	0.0275500203	-0.0073645399	-0.1031881811	-0.037262833	-0.0401666079	0.0289547659	0.0519888899	-0.0551313551	0.0521301557	0.0166315234	0.0609623874	-0.1542117823	0.0062255701	0.0210492277	0.0746974275	0.1592024691	-0.0264748126	-0.1751029293	-0.1035319751	0.040002501	-0.0862728751	0.1463556541	0.1692616417	0.1014223291	-0.0555915834	-0.053688892	-0.0568141809	-0.0889583057	-0.1005463485	-0.0950851081	-0.0136727277	-0.0010491697	-0.0818584063	0.1708256382	0.0296275049	0.0403519344	0.0178653761	-0.0713721338	0.0541465004	0.0719901755	0.1314931274	-0.0268568886	0.0055236357	-0.0152822342	0.1354906164	-0.0610294623	0.0055181667	-0.1246937539	0.0928865418	-0.0414129301	0.0799997167	0.1090672522	0.001507898	-0.0429461324	-0.0562720771	0.0431348212	-0.0507834301	-0.0050648298	0.1097247271	0.091977376	0.064493527	0.0	-0.0317404121190776	-0.0287598896291854	0.0008271312514829	0.0010074537614888	-0.0280765760161187	0.0083826805486212	0.0007882941207888	7.026933318023229e-05	0.0173911503024015	0.0479859934797132	0.0003024521088407	0.002302655570235	0.0004239972130459	-0.0010560581119748	1.1152587358677792e-06	1.797736366706903e-07	-4.552543621305638e-05	0.0001144735467426	2.072565342389065e-09	1.3104192903840214e-08	-0.0001199903845369	-0.0007976087367208	6.361796968933505e-07	1.4397692381313132e-08	0.0	0.0	0.0	0.0	0.0	0.0
648.4936353424905	0.3328760833038586	420543.9950797191	0.1108064868357174	729.4243624947288	0.2285631006415087	532059.9006008415	0.0522410909748604	653.4451494348764	0.1429991831977304	0.020448766395218	426990.563319968	677.4667485845807	595.9232962336854	1.122612	21.383913	0.1674104627045707	0.0911603177396305	0.0587009065	-0.0268214215	0.0458713217	0.0871723782	-0.1263403825	0.0155259819	-0.0634695422	0.0889874273	-0.014154604	0.0452853334	-0.0669163331	-0.0004934714	-0.0805933905	0.0613658682	-0.1357518733	0.033409382	-0.0410883663	0.0975310342	0.0378380278	0.039037353	-0.1431034857	-0.0217270595	-0.0709619674	0.0921642174	-0.0209094648	-0.0998049461	-0.0490600502	-0.0389953085	-0.1541000003	-0.0165205861	0.0918943893	0.0123361198	-0.1677667635	-0.1288582994	0.0616688862	0.006738335	0.0214996479	0.0813232486	0.0009963295	0.0308540498	0.0430838765	-0.126271094	-0.0163522301	0.0595603692	0.0975411036	0.0912799677	-0.009600137	0.0767160847	-0.0924786611	-0.0929089568	-0.0764243024	-0.0723354382	-0.041785437	0.0698953236	0.013125249	0.026826664	0.0972938311	-0.0555345945	-0.0423672265	-0.1201367639	0.0850325461	-0.2553446295	-0.001803839	-0.0711957551	0.0581399871	-0.1264282029	-0.0259878366	0.0184210176	-0.063128878	0.0549117188	0.0194390584	-0.0410113191	-0.1231233287	0.0013596476	-0.1209089618	0.0332060922	0.0554506921	0.084444083	0.1249895644	-0.0557505457	-0.0192801488	-0.0144135796	-0.1276352532	0.0963993896	-0.0813495596	0.0735140212	-0.0881943505	0.0404186754	-0.1345535972	-0.0631837454	-0.0090137041	0.1273027858	0.0954993939	0.0579017152	0.1433610679	0.0285816184	-0.072732123	-0.1808603573	-0.1201490354	0.1089162049	0.0889257484	0.0582806721	0.0	0.0195039128464742	0.0512443249655518	0.002625980841175	0.0003804026163228	0.0282326788300935	0.0563092548462122	0.0007970841539232	0.0031707321813356	-0.023336276483846	-0.0407274267862475	0.0005445818001305	0.0016587232926291	0.0004240058681127	8.655066799975047e-09	7.49101813120303e-17	1.7978097619400433e-07	-4.49447524075719e-05	5.806838054844832e-07	2.0200307689779398e-09	3.371936819519411e-13	0.000262009398722	0.0003819997832588	1.4592383440984656e-07	6.864892501866396e-08	0.0	0.0	0.0	0.0	0.0	0.0
648.1114061688404	-0.3822291736501029	420048.3948061516	0.1460991411892405	728.369601579146	-1.0547609155828468	530522.2765045639	1.1125205890411654	652.9495585041661	-0.4955909307102502	0.245610370602252	426343.1259507855	677.2769068891772	593.8989958937151	1.168372	22.255577	0.1919151674521775	0.0928297327794899	0.0537573134	-0.0285842944	-0.043341094	0.0398946973	0.0024253134	0.1456949456	-0.0285467229	-0.1690792097	-0.1469859992	0.0528539653	-0.0273687522	-0.070946281	-0.1557858124	0.0138061147	-0.0334829878	0.0542867542	-0.1013456101	0.0598722196	0.055915995	0.1341479778	0.1187295477	0.1136773585	-0.0325685212	0.0869757194	-0.1261942747	-0.0437996749	-0.0339864321	-0.0791811856	-0.0948288696	-0.0988083226	0.0909682835	-0.0604616109	0.0060039677	0.0435875981	0.017217875	0.0584220537	0.0303246549	-0.0401760913	-0.0374774363	-0.0739685015	0.1490623528	0.1075139704	-0.0290246935	0.0126313966	-0.0616489729	0.0466877049	0.047621133	0.0241101324	-0.1115308786	0.0075283938	0.1020630269	0.15410049	-0.1044926676	0.1423779842	0.0446589153	0.0393635777	0.0776769672	-0.0641564008	0.0660439548	-0.0854721133	0.0648822603	-0.053108606	0.0801120272	0.1155530526	0.0158150519	0.0534667	-0.0249778699	0.0261562949	-0.1103606396	-0.0183026651	-0.024361023	0.0659625411	-0.0590112192	-0.0099409259	-0.0692514162	0.0435225512	0.0608039249	0.0548667661	-0.2149918508	0.038090578	-0.0275303565	0.1044046352	-0.0784461471	0.0308308823	-0.0727284925	-0.0073870664	-0.108572863	-0.0716942568	-0.0947950931	-0.0347794913	0.0410880401	0.1224766683	0.0299484557	0.0580117706	-0.01017274	-0.1392982474	0.0391955368	-0.0796142528	-0.0026337961	0.1080592651	0.085716014	0.0518347133	0.0	-0.0292928173219451	-0.0487967301684193	0.0023811208751295	0.0008580691466568	-0.0293051277595139	-0.0575378065896074	0.0008587905130014	0.003310599187143	0.0092412935569825	0.0325775700408285	8.540150660632626e-05	0.001061298069765	-0.0001970039813489	-0.0006210098494616	3.856532331283191e-07	3.8810568667317746e-08	-4.498250980011776e-05	-3.775739254586308e-08	2.0234261879176904e-09	1.425620691862397e-15	-0.0001770042074903	-0.0004390136062123	1.927329464395284e-07	3.133048946926918e-08	0.0	0.0	0.0	0.0	0.0	0.0
649.8899433037736	1.7785371349332308	422356.9384073821	3.163194340336505	728.6496683062929	0.2800667271469592	530930.3391228707	0.0784373716548093	654.7101349603562	1.7605764561900514	3.09962945809072	428645.3608198078	678.2635428203284	597.5050199661812	1.27701	24.324945	0.1220912574873963	0.0559277865920334	0.078461993	-0.0347857729	0.0526115159	0.1036249392	0.0733646055	0.0602531405	0.0056655968	0.1824633933	-7.61186e-05	-0.0144319014	-0.0201876409	0.0269840918	-0.0247626957	0.0831406223	-0.0175012056	0.0670597156	0.0199348913	0.1011732282	-0.1457103659	-0.1232895978	-0.1319025467	-0.006478417	0.0170012346	0.0647695177	-0.0352829725	0.0500753224	0.0357532007	-0.0024151319	-0.107911242	-0.0036379009	0.0981127354	-0.0504389633	0.0148374074	-0.0042861049	0.0813072244	0.0106525416	0.1396018517	-0.0288327602	-0.0631872636	0.0313009078	0.0991970343	0.0870289773	-0.1428593184	-0.0758216077	0.1760497485	0.0249008412	0.0263364722	0.091606278	-0.0210143997	0.0694934525	-0.0320353671	-0.2156344825	0.0055300251	0.0039946638	-0.0673094063	0.0461385477	0.0520108404	0.0410784047	-0.0923044765	-0.0256084655	0.0466761429	-0.1388466199	-0.0172381579	0.063217986	-0.0763885007	-0.1210598968	-0.0117487976	0.0525279798	-0.028029994	0.0234940071	-0.1235137702	0.0324988503	-0.1293890571	-0.024879297	0.0307171633	0.0383323181	0.0763831528	0.0651182394	0.1706666243	-0.0063241322	0.1158590993	0.0350889078	-0.0510427924	-0.0061106449	0.0193033852	-0.0369699479	0.0165272346	0.1107931899	-0.0610032361	0.1218445976	0.0282176874	-0.0014707554	0.0616917811	0.0964426292	0.013470892	0.043757913	-0.1114517578	-0.0326906207	-0.0526700591	0.1071542885	0.0823538796	0.0451814325	0.0	-0.0155400646797119	0.0137527526422332	0.0001891382052384	0.0002414936102496	-0.0112687443769345	0.0180363833825794	0.0001269845998326	0.0003253111255233	-0.0260083776398403	-0.0352496711968228	0.0006764357074565	0.0012425393194841	0.0002540758018219	0.0004510797831708	2.0347297078541594e-07	6.45545130714414e-08	0.0003549458494178	0.0003999283592179	1.2598655601892354e-07	1.5994269250673589e-07	-0.0004270450704168	-0.0002500408629265	6.252043313302875e-08	1.823674921672897e-07	0.0	0.0	0.0	0.0	0.0	0.0
649.4130821945665	-0.4768611092071069	421737.3513254468	0.2273965174742323	730.8147756981127	2.165107391819788	534090.2363786828	4.6876900181126855	654.2098356091665	-0.5002993511897103	0.250299440800845	427990.5090077726	678.3448070478538	600.0893281978413	1.195605	22.774315	0.1051060854398516	0.0480781756618823	0.0614398153	-0.0631628645	-0.0465255689	0.0549643327	-0.0918786857	0.0662971465	0.1020071195	-0.0556624049	0.0005784375	-0.0311669445	0.0169943497	-0.1481864873	0.0102538032	-0.0879923122	-0.0097574125	0.0339863482	-0.0455065027	0.0567889863	0.213482383	0.0163091067	-0.0167828866	0.081650088	0.1189011157	-0.0668650178	0.0331378464	0.0355949709	0.170991927	0.0103900624	0.0632548543	-0.0899804697	0.0238589432	0.1211937351	0.053809074	0.0753343879	-0.0511273251	0.0073987086	0.0261155249	0.0251138445	-0.0355055025	-0.0899703002	0.0892097352	-0.0139138218	-0.0139023022	-0.1847364094	-0.0789049197	-0.0261099946	0.0478911914	0.0399184833	-0.0713412538	-0.1200100163	0.09737995	0.069470091	0.1260534677	0.0594592522	0.0763290984	-0.0536581643	-0.057894705	0.0147517467	0.0446644681	0.0444600625	0.0324416548	0.0610170048	0.0542820494	0.0336623144	-0.0375473956	0.0895579287	-0.0570121397	0.0093406554	-0.167793908	-0.0758131558	-0.1501860065	0.0114433332	0.0092784987	-0.0629753024	-0.041020232	0.0443454255	0.0649050591	0.085175246	-0.062540109	-0.0178074023	-0.1693077188	0.0595295232	-0.0093270929	0.0734409725	-0.0243616371	0.007297339	0.0117694797	0.0535718776	-0.1483786342	-0.0345234718	-0.0068606849	-0.0680366358	0.1399457642	0.0238301775	0.0409425004	-0.1436048774	-0.0414744997	2.6926e-05	0.083298142	0.1062016776	0.0788453231	0.0383474405	0.0	-0.0089078680389604	0.0066321966407515	4.398603228159549e-05	7.935011299953221e-05	-0.0293202709711835	-0.018051526594249	0.0008596782898236	0.0003258576123828	0.0034110848753385	0.0294194625151788	1.163550002676307e-05	0.000865504774682	-0.0001160039849771	-0.0003700797867989	1.369590485971933e-07	1.3456924530567242e-08	-4.498967344934712e-05	-0.0003999355228671	2.024070717078889e-09	1.5994842245101838e-07	-0.0001770023862895	0.0002500426841273	6.252134388558473e-08	3.132984475217738e-08	0.0	0.0	0.0	0.0	0.0	0.0
648.634629180052	-0.7784530145145254	420726.8821715436	0.605989095806752	730.9578019344445	0.1430262363318206	534299.3082088346	0.0204565042792458	654.8136947561519	0.6038591469854282	0.364645869397969	428780.9748402029	678.9893289078298	596.3154752745246	1.215758	23.158192	0.117411504053733	0.0699986481485413	0.0991409897	-0.0346282579	-0.114771522	-0.0054231088	0.2272410713	0.0484399205	0.0604176333	0.0588228987	0.0556451551	0.0925021282	0.128570285	-0.1213713368	0.0490650549	0.0162847305	-0.0260674179	0.0912217336	0.0195084139	0.032795483	-0.1830602261	-0.1134843651	0.079668442	0.0942000017	0.1811195312	-0.1050854329	-0.0064149757	0.0525262485	-0.0042421462	0.0506671596	0.0610557658	0.0117408374	-0.1106128194	0.0429294059	-0.0124689011	0.0072827509	-0.0821156948	0.0516845508	0.0135552366	-0.1071081608	0.0175786553	-0.1155212417	-0.0909330098	0.0268941314	0.059923325	-0.0207935513	0.0977619351	0.0061074283	0.1138445942	-0.0057946408	0.0223521958	0.201531806	0.128861578	-0.11322926	0.1086462578	-0.0021872301	0.1715235685	0.021074458	0.0512553507	0.0307265839	0.0903479826	0.0433395915	0.0055746602	0.1044422094	0.0259915631	0.0825162718	0.0346539557	0.1809709628	0.0315035094	-0.0462138097	-0.0008822766	0.0489801136	-0.1284297004	-0.0046160991	0.0385521508	-0.031372648	0.0123488062	0.0712546546	0.0672945665	0.078726788	-0.0216576086	0.1068442277	0.1513653423	0.1611509278	0.0069469075	0.0927149001	0.0925265703	-0.1023469892	-0.0056520959	0.0124393544	-0.0432132782	0.0356922086	-0.0837485617	0.0152397671	0.0564105719	0.0013872281	-0.0806942851	-0.060342463	-0.0149842098	-0.0252589759	0.0495261416	0.1052018558	0.0751965824	0.0313600711	0.0	0.0041207151882645	0.0130285832272249	0.0001697439809087	1.6980293662793735e-05	-0.0604303886359218	-0.0311101176647383	0.0036518318706885	0.0009678394211138	-0.0595115687253837	-0.0629226536007222	0.003541626812156	0.0039592603361564	-0.0002650091203598	-0.0001490051353827	2.2202530370416762e-08	7.022983387387496e-08	-0.0001029764989477	-5.798682549835287e-05	1.0604159335525658e-08	3.362471931376427e-09	-0.0001770134166294	-1.1030339899982273e-08	1.2166839830914095e-16	3.133374966681354e-08	0.0	0.0	0.0	0.0	0.0	0.0
648.7779993606257	0.1433701805736973	420912.892454376	0.0205550086777345	730.5036730332808	-0.4541289011636991	533635.6163151145	0.2062330588721487	654.1366828414518	-0.6770119147000742	0.4583451326458604	427894.7998388181	678.3069659951489	596.6877380983673	1.131929	21.561396	0.0527887043193509	0.0270093051219508	0.1022182784	-0.0194554649	-0.0703980129	0.0723831588	-0.1884586788	0.0606707912	0.0468299592	0.095766235	0.0685878009	0.0451191433	0.136538793	-0.0626071445	-0.0662324958	0.1197553111	0.0417401108	0.0708696307	-0.0370372041	0.0267868627	0.11931721	-0.0844474224	-0.096480013	-0.0031858096	0.1096973749	-0.0708431195	-0.0585887224	-0.0488742498	-0.1042174728	-0.0223354838	0.0103498561	0.1133883463	0.056029275	0.0289026555	-0.0716277273	-0.0124991694	0.0148401226	-0.1484600595	0.0042214003	0.026271542	0.0983951988	0.0304439073	0.1281734219	-0.0019434042	0.0488638916	-0.1344011977	-0.0711519461	0.0417822532	0.0712891265	0.0222967504	-0.0874226931	-0.1712742259	0.0245011543	-0.0827939052	0.0707473437	-0.0235309166	0.109282471	0.0666475361	0.0495194181	-0.0221422084	0.0607046963	-0.0682307611	-0.0171829962	-0.0313372346	-0.0269245676	-0.070519848	0.0185050632	-0.1068126161	0.0209948927	0.0002425081	0.028936277	-0.03615511	-0.0768633176	0.0039369369	0.0237956464	0.0009175598	0.1017580905	0.0690657627	0.090558947	0.1006522048	0.0595681405	0.0496151859	-0.0857272628	0.0340172746	0.0054902036	0.0784894476	0.0376369476	-0.0171991567	-0.0044039178	0.08697925	-0.0650546834	0.0322371623	0.0015780933	-0.0870867234	0.0864021462	0.0673095961	-0.0463456212	-0.0298446053	-0.0568613075	0.0643235358	-0.0817610487	0.1041552675	0.071414145	0.0242472716	0.0	-0.0089078649325955	-0.01302858012086	0.0001697438999656	7.935005765736465e-05	-0.0439088512169831	0.0165215374189387	0.0019279872151951	0.0002729611986853	-0.0476236095905733	0.0118879591348103	0.0022680081904353	0.0001413235723909	-0.0004340034477913	-0.0001689943274315	2.8559082704025034e-08	1.8835899269473565e-07	-4.496166516876343e-05	5.801483377893656e-05	2.0215513347479942e-09	3.365720938397639e-09	-0.000177010024945	3.391684399994951e-09	1.1503523069169113e-17	3.133254893102952e-08	0.0	0.0	0.0	0.0	0.0	0.0
648.6244443913662	-0.1535549692595168	420713.6698620085	0.0235791285842911	730.2457365209406	-0.2579365123402795	533258.8357070109	0.0665312443982671	653.5856339180708	-0.5510489233810176	0.3036549159593786	427174.1808640865	678.3860277742953	595.5661341312158	0.947956	18.057005	0.0982490766816322	0.0618816936741241	0.0934773017	-0.0217157912	-0.1153628644	0.0596970363	0.0100860019	0.1078318625	0.0630695614	-0.1041483858	-0.0403046083	0.0252560028	-0.0215036625	-0.0687489551	-0.0229174216	0.0110085814	-0.0233527262	0.0719395664	-0.1005030827	0.0558106175	0.0565792578	-0.0292565839	0.1500882183	0.0782055615	0.0872651396	0.1158162676	0.0439936566	-0.0135911812	-0.1078390521	-0.0290754908	0.0295725861	0.032093525	-0.0699456705	0.0196753481	-0.1316630674	-0.0477009819	0.068821358	0.028269461	-0.0121878536	-0.1245606858	0.0955939329	0.0772002729	-0.0604659317	-0.0706097801	0.0079089433	-0.0108573496	0.1849279329	-0.1087890219	0.0946731945	-0.0224378826	-0.085292607	0.0078617747	0.162928506	0.0596806212	-0.0231211581	0.0400014071	0.0227574053	0.0410487649	-0.0401067767	0.0391693642	0.0261307442	-0.0817927506	-0.0492261355	0.0099120492	-0.149643306	-0.0096700963	0.0492342519	-0.0693084714	0.0214436529	-0.0679797771	0.0803474993	0.1673102888	-0.1108584127	0.0913184916	-0.0800657821	0.0426703031	-0.0568725235	0.0691323717	0.096004251	0.0722590525	-0.1498676721	0.0854663826	-0.013106049	0.0454668039	0.0177629151	-0.0401364552	-0.0036036604	0.0018129132	0.0456293526	0.0160352899	-0.0340183096	0.0008977304	-0.0244879838	-0.070531553	0.0832093164	-0.0303991935	0.0093277214	-0.1432749133	-0.0364304365	-0.0049000348	-0.0437644654	0.103062378	0.0675047358	0.0170374908	0.0	-0.0152104222350146	-0.006302557302419	3.972222855027631e-05	0.0002313569445674	-0.052605680588968	-0.0086968293719849	0.0027673576302285	7.563484112541934e-05	0.0091255334753981	0.0567491430659714	8.327536121061131e-05	0.003220465238722	-0.0005980390796809	-0.0001640356318895	2.6907688529420353e-08	3.576507408255779e-07	-0.0002058855421236	-0.0001609238769548	4.238885645552867e-08	2.5896494174175383e-08	-0.0003820614549257	-0.0002050514299806	4.2046088937129916e-08	1.459709553399427e-07	0.0	0.0	0.0	0.0	0.0	0.0
648.2327975590335	-0.3916468323326398	420205.75983121095	0.1533872412761909	730.684251611883	0.4385150909424737	533899.4755536176	0.192295484984286	654.267202409548	0.6815684914771509	0.4645356085744391	428065.5721488164	678.5390460720843	591.75171533153	0.933349	17.778772	0.074710170691353	0.0371388812159326	0.112836072	0.0076020329	-0.097670111	0.0759343872	0.0539659732	0.084454642	0.0547086649	0.0875632974	0.0236511534	-0.0256145575	0.1064663855	-0.0112414956	0.0615345079	0.0373932424	0.0390901247	0.0774893269	-0.0486538178	0.0431729256	-0.1014874978	-0.1621806095	-0.0284559578	0.1125257316	0.1100691173	0.0008540804	-0.0085984167	0.0623812697	0.0565304916	-0.0363353555	0.1557959946	0.0572503635	0.1728541516	0.0587511132	-0.0623089338	0.0236849916	0.0184560333	0.0834321746	-0.0861844547	-0.0844377492	-0.0016351892	0.0618344279	0.0549844536	-0.0529211861	-0.083780713	-0.0671358965	-0.0935727351	0.00826711	0.0925731523	-0.0090644076	-0.0567917489	0.0620203889	0.0688693134	-0.1689030753	0.0830729723	0.0403431695	0.0455397347	0.0588367152	-0.0391144155	0.0523986026	-0.009731837	-0.0567582526	0.043714095	0.0115153353	-0.0165883409	-0.0213906932	-0.1369984392	-0.0831416173	0.1245259299	-0.0540920491	0.0548823405	-0.0053306026	-0.0869349703	0.1125692338	0.0280989892	-0.0310953408	0.0375330291	0.0790165445	0.1003751606	0.0957791758	0.1034518107	0.0747084486	0.0961741378	0.0132008325	-0.0045562067	-0.0109075973	0.0536569887	-0.0409127127	0.0517660503	0.0843814299	0.0099641282	0.055722865	-0.0287770774	-0.0917111933	0.0714376509	-0.0395621167	-0.0465138022	-0.0126467527	-0.0726345434	0.020044727	-0.0111035627	0.1019236731	0.0634753057	0.0097595656	0.0	-0.0087793160436149	0.0064311061913996	4.135912684505954e-05	7.7076390193674e-05	-0.0266707185219416	0.0259349620670264	0.0007113272264766	0.000672622257418	-0.0133214767720488	-0.0224470102474469	0.0001774617433882	0.0005038682690489	-0.0003590414096397	0.0002389976700412	5.7119886285122316e-08	1.2891073383606286e-07	-0.0001669098122343	3.89757298893e-05	2.7858885420089284e-08	1.519107520403673e-09	-0.0005020298987048	-0.0001199684437791	1.4392427502779085e-08	2.520340191935518e-07	0.0	0.0	0.0	0.0	0.0	0.0
647.565303544519	-0.6674940145145456	419340.822354705	0.4455482594127444	731.1028599941369	0.4186083822538649	534511.3918916065	0.1752329776931978	653.0836796914377	-1.1835227181102257	1.4007260242830162	426518.2926793085	678.0441256818553	588.5183439324372	0.910978	17.352636	0.0741795038623218	0.0370184017994056	0.1184667441	0.0248865094	-0.0830895551	0.0906758859	-0.1314478866	0.0624238012	0.05583237	0.053215029	-0.0056673434	-0.0140507601	0.1160211916	-0.0615868981	0.1024901183	0.0405848953	-0.0866232267	0.0930803588	-0.1289690903	0.0638833808	0.1263124526	-0.0961399986	-0.0372557084	0.057534614	0.0955960217	0.0547451197	-0.0109610564	0.0187292942	-0.0657565276	0.0044434175	0.0385593496	0.0636042975	0.0228803304	-0.0184253766	-0.0099294278	0.0090835834	0.0753181913	-0.0770899117	-0.184285771	0.0706428971	0.0242249664	0.0492969607	-0.1155613537	0.052244089	-0.0838891504	-0.0175414331	0.0656635639	-0.0196898796	0.095015533	0.0117755181	-0.1346111906	-0.1312247551	0.0811591092	-0.0583989243	0.0359078709	0.0022985537	0.0256427447	0.087705263	-0.0317309174	0.046201109	0.0110558375	-0.0299572962	0.043157073	0.0830931807	-0.0671902478	-0.0715534792	0.0560949729	-0.0167256358	0.0918327325	-0.0577385294	0.1297158071	-0.0159645961	-0.0005399555	0.0441668344	-0.0429228422	0.0526670328	-0.0512799945	0.0803286733	0.11575398	0.0967759939	0.0094196397	0.0780050691	-0.1051987284	-0.068532184	0.0083949085	-0.034346938	-0.0046749836	0.0095062646	0.0429697198	0.1040361613	-0.0241937461	-0.0215372811	0.0257446223	-0.1039674373	0.0195194442	0.0272261966	-0.0259869486	-0.0442595837	-0.1293161177	0.1318906584	-0.1022173174	0.100739659	0.0593330188	0.0024426053	0.0	-0.0261670748980975	-0.0173877588544826	0.0003023341579816	0.0006847158087226	-0.025060384502126	0.0016103340198156	0.0006280228713943	2.593175655375476e-06	-0.0037607385775402	0.0095607381945086	1.4143154648599089e-05	9.140771482393556e-05	-0.0008410242343114	-0.0004819828246717	2.3230744327851082e-07	7.073217626990767e-07	-0.0002724255186656	-0.0001055157064313	7.421566322022118e-08	1.1133564303696289e-08	-0.0001771149739375	0.0003249149247673	1.0556970833654023e-07	3.1369713992881314e-08	0.0	0.0	0.0	0.0	0.0	0.0
647.3672809066085	-0.1980226379105261	419084.3963884157	0.0392129651250433	731.358607043642	0.2557470495050893	534885.4120968163	0.0654065533305586	652.8216636411605	-0.2620160502772251	0.0686524106028773	426176.1245192125	678.4214778881642	585.7435746130282	1.080358	20.579056	0.0882493332130931	0.0445250933912473	0.1121960366	0.0345789525	-0.0972872006	0.0604094814	0.1143014091	0.1039212506	0.0537348075	-0.1236743529	-0.1098211538	0.0204072909	0.0873385187	-0.0399963396	-0.0573262463	-0.0947053283	-0.064888145	0.1195135265	-0.1361408729	0.0516490964	-0.0637926875	-0.0026130409	0.1546155952	0.1358944249	0.0381595855	0.1319046173	0.0391500598	0.1436403531	-0.1237024047	0.082407212	0.0980635749	-0.1334113671	-0.0057028073	-0.2103354688	-0.0986835758	-0.0573244724	-0.0222527539	0.0774697938	-0.0237469582	-0.129574263	0.1371385151	-0.0336317284	-0.0766657708	0.107746337	-0.0118115378	-0.067933778	-0.1537144037	0.0657904456	0.1163814359	-0.0049052892	-0.1026918738	0.098697227	0.1637827747	0.0443698222	-0.0789106775	0.0428108568	-0.0204064953	0.0762045997	-0.1008527851	0.1324729594	-0.034158575	-0.1219959359	0.0039656717	-0.0352583608	0.0494543639	-0.0404430527	0.0439842997	0.1767525167	0.034171402	-0.0693151886	0.1525005236	0.1470512134	0.0232711202	0.0523142699	0.0931237577	0.0896108242	0.011356143	0.0847609201	0.1104070175	0.0549128335	-0.1552049071	0.1113504841	0.0685952075	0.0034379159	-0.0017485011	-0.150323867	-0.0100009622	0.0066369938	0.0699295394	-0.0034687079	-0.0081231377	-0.0052546183	-0.0266294167	-0.0408547795	-0.0110568	-0.0678162097	-0.0497655201	-0.1078789302	0.0303349591	0.0456784945	-0.0223464022	0.0995108621	0.05508524	-0.0048841247	0.0	-0.0496974490329051	-0.0235303741348076	0.000553678506924	0.0024698364403782	-0.0389616215283297	-0.0139012370262037	0.0015180079521168	0.0001932443908586	0.0239739075362166	0.0277346461137568	0.000574748242555	0.0007692105950553	-0.0010660498128559	-0.0002250255785444	5.063651099928688e-08	1.1364622034900992e-06	-0.0005089052998827	-0.000236479781217	2.589846042487008e-07	5.592268692448746e-08	-0.0001772711329424	-1.561590049000024e-07	2.438563481135897e-14	3.1425054574682065e-08	0.0	0.0	0.0	0.0	0.0	0.0
647.8285201827367	0.4612392761282535	419681.79156215454	0.2127416698433153	730.2357984138257	-1.1228086298162907	533244.3212850775	1.2606992191899362	654.2115387806695	1.3898751395089448	1.9317529034250087	427992.7374737714	678.1741434785945	583.5531535976995	1.157431	22.047169	0.2614516318421289	0.1519859849771228	0.0787491372	0.0068540183	0.0088235419	0.0247257686	-0.0500102068	0.1126680192	0.0513545015	-0.0040678453	0.1785902862	-0.0531768032	0.1192619977	0.0286974157	-0.121373238	0.04658705	0.1749653151	0.0700786704	-0.0582643918	0.0678952496	-0.0078460504	-0.0951249933	0.0217556852	-0.0433222999	0.1950481984	-0.0085675761	-0.0186577391	0.1378848831	0.0679404902	-0.0940123131	-0.0650414272	0.0470562046	-0.1089098906	-0.0133349891	0.0406176044	-0.096451602	0.0226881868	0.1438910069	0.0351501686	-0.0953004016	-0.0781065511	0.1238447469	0.0398208297	0.0179046971	0.0998122684	0.1164569212	-0.189353411	-0.0747825591	0.0356741837	0.0548208721	-0.0914554963	-0.012676142	0.0516442204	-0.0817268245	0.1226230889	-0.104258106	0.0303331113	0.0582884982	-0.0731910713	0.0218028172	0.1092675835	-0.0176666118	-0.0987891119	-0.0321421304	-0.0998771131	0.0982187061	-0.1233526758	-0.0149899961	-0.1049264883	-0.0248531467	-0.0081814719	0.062571986	0.0359636625	0.0258950475	-0.0322120095	-0.0539530017	-0.045023407	0.0542927726	0.0998659091	0.1170157631	0.0837832648	0.0347919691	0.0132132717	-0.0085142979	0.0492166829	0.0625907672	0.0880083953	-0.0035601654	0.0519666932	0.0326861189	0.0885090244	-0.0250847876	-0.1335468358	0.0405392294	0.043778304	-0.0648331853	0.046192993	0.0184721119	0.0203889026	-0.0052851853	-0.1211801623	0.0982378286	0.0507395216	-0.0121913197	0.0	-0.0252614645697661	0.024435984463139	0.0005971173366827	0.0006381415922095	-0.0192978869829687	0.019663734545361	0.0003724084420074	0.0003866624562704	-0.0857984885676899	-0.1097723961039065	0.0073613806405	0.0120499789463929	0.0004909927256927	0.0015570425385486	2.4243814668498687e-06	2.41073856683147e-07	-4.407530924455117e-05	0.0004648299906381	1.942632885002818e-09	2.1606692019666154e-07	-0.0003069889383501	-0.0001297178054076	1.6826709039789918e-08	9.42422082693215e-08	0.0	0.0	0.0	0.0	0.0	0.0
649.720990679004	1.892470496267265	422137.3657289064	3.581444579242068	731.2738699017149	1.0380714878891697	534761.4728010303	1.077592413968434	654.8087757772747	0.5972369966052611	0.3566920301140726	428774.53283493326	679.4900974926647	594.7854358255428	1.107882	21.103327	0.1923323254484666	0.1237002443048237	0.1131180916	-0.0256950345	-0.0713919418	0.1041647042	-0.0494275495	0.1010390391	0.0813323959	-0.1349826215	-0.0505060559	0.0447725733	0.0532182999	0.0233612918	-0.0271668075	-0.0696365986	-0.0665594779	0.0793938164	-0.0479278224	0.0854450807	0.1403132453	-0.0004265502	0.0709398549	0.0307168788	0.0496840347	-0.0187387352	0.0093126199	0.1408875847	-0.1277186108	-0.0403227372	0.0069101988	0.06205516	0.1614421389	0.08758974	0.0923753044	-0.0221373139	-0.0121365293	-0.2168856786	-0.0810700569	0.0155755236	0.16073397	0.1292539092	-0.0823815652	0.1608661611	-0.0202270177	0.0270540151	0.1543658111	0.0144075963	0.0791120574	0.0468763618	-0.0660396873	-0.0501853733	0.1525013239	0.0995049462	-0.0436140651	-0.0080664547	0.0397225373	0.0408324728	-0.0437026028	0.0688101297	0.0266401749	-0.0606617456	0.0491807737	0.1217206817	-0.0774182497	-0.048713328	-0.1591720147	-0.0237816557	0.1440966507	0.0693410398	-0.0323333751	0.0696264092	-0.0010451133	0.1655654044	-0.0232063695	-0.0222609044	-0.044802853	0.0820493869	0.1310919351	0.0879258052	-0.1552266659	0.0322917523	-0.1072866715	-0.0177830731	0.0464492743	-0.0976455722	-0.0006692537	0.0231312836	0.0779013228	-0.0021752032	0.0021947665	-0.0525127521	-0.0377236363	-0.0112656935	0.0706209932	-0.0931847739	0.0314994534	-0.0542413854	-0.0182646323	0.0642954453	-0.0107585399	0.0969211244	0.0463035902	-0.0194497534	0.0	-0.035358590384618	-0.0100971258148519	0.0001019519497209	0.0012502299139872	-0.029780740725144	-0.0104828537421753	0.0008868925181382	0.0001098902225798	0.0142138991552371	0.100012387722927	0.0002020349291952	0.010002477698041	-0.0005730251805988	-0.0010640179062915	1.1321341049089476e-06	3.283578576002874e-07	-0.0002849494426624	-0.0002408741334178	8.119618487361239e-08	5.8020348149799654e-08	-0.0001770818146892	0.0001299071236609	1.6875860777848365e-08	3.1357969093620165e-08	0.0	0.0	0.0	0.0	0.0	0.0
649.9646336568069	0.2436429778028923	422454.0250046272	0.0593619006326606	731.2202093182188	-0.0536605834960255	534682.9945153798	0.0028794582211339	655.9313013689126	1.1225255916378956	1.2600637038820075	430245.8721155153	680.0002597655509	596.3955714720009	1.156893	22.036909	0.1458899160265128	0.0885914165123675	0.1463457975	-0.0201986702	-0.0672202824	0.0990608019	0.1404202825	0.0506120387	0.0502766816	0.0852276461	0.1156364458	0.0052191675	0.1264342957	0.0159187486	0.0066303881	-0.000448346	0.1259625343	0.1304956821	0.0435116	0.0806500318	-0.1971048487	-0.1690521679	0.0316103627	0.0396548288	0.1570909773	-0.0248144338	0.0290951368	0.0595070453	0.1291271062	0.0428761616	-0.029751406	0.0272685313	-0.014211886	-0.0235158338	0.0112498833	0.1546716036	-0.1079731565	-0.0423444225	0.0729893117	-0.0101617662	-0.0635604625	-0.0967190509	-0.0443918038	0.0386244803	-0.0119363102	-0.1164172763	-0.0796418042	-0.0003048734	0.1145334959	0.0684987424	0.0104066203	0.1645386864	0.093083504	-0.1997067827	0.0888417153	-0.03809268	0.0429987909	0.0473002599	-0.0409261124	0.1884229216	0.0669525711	0.0667613398	-0.0551037505	0.028362926	0.1180507081	0.1104163547	-0.0923590488	-0.0299261727	0.018422156	0.0989605336	0.0689381661	-0.0314673091	-0.0496017946	-0.0552625577	0.0677864105	-0.1185740699	-0.0256158597	0.0994417509	0.1216169757	0.1116443683	0.0825209005	0.0820227017	0.1543629036	0.0263364083	-0.0023313119	-0.034039037	0.1043250204	-0.0579090845	0.0202630722	0.0370805024	0.1049126447	0.0131309506	-0.0634966878	0.0104867169	-0.0016136164	-0.0548811995	-0.0757503465	0.0166885372	-0.039351713	0.0115017072	0.0372710758	0.0955613349	0.0417853327	-0.0266303944	0.0	-0.0147540170341216	0.0206045733504963	0.0004245484429559	0.0002176810186431	-0.0187599465773899	0.0110207941477541	0.0003519355955865	0.0001214579036471	-0.0676748812449403	-0.0818887804001774	0.0045798895515167	0.0067057723554284	-0.0004550504273751	0.0001179747532237	1.3918042398192916e-08	2.0707089145426122e-07	-0.0001698654909436	0.0001150839517188	2.8854285013510258e-08	1.3244315943215087e-08	-0.0005915384723084	-0.0004144566576192	1.717743210448788e-07	3.4991776422095573e-07	0.0	0.0	0.0	0.0	0.0	0.0
649.1795296321299	-0.7851040246770253	421434.0616933934	0.6163883295640632	731.6411434867165	0.420934168497638	535298.7628425501	0.1771855742087978	654.5011601133098	-1.430141255602848	2.045304010977291	428371.7685896683	679.1804697065822	598.5510960377046	1.150765	21.920193	0.0906110701699792	0.04984796807388	0.151637216	-0.0176703197	-0.0781804937	0.1002372109	-0.1610249327	0.0206051228	0.0165641023	0.0750257944	0.0241104656	0.0053605819	0.0993492103	0.0149616229	0.0298297639	0.062315131	-0.1104151775	0.1089058423	-0.0490078666	0.1096432755	0.1251573417	-0.0929559905	-0.0659112949	0.0769249751	-7.9726e-06	0.0469773834	0.0033710322	-0.0717469043	-0.0779699276	-0.0772054692	0.0584045845	0.0237525393	0.0043637679	-0.0309134494	0.041539573	-0.0514917127	-0.080779258	0.0168247012	0.0095917182	0.0667685338	-0.0166556273	-0.153633972	0.0819334264	0.0780016908	0.0587902896	0.1483949507	0.0777021303	-0.037805231	0.0965110932	0.0514341688	-0.1053773554	-0.1718809846	0.0645284428	-0.0662012953	-0.0182040609	0.0498309312	0.0543883172	0.0573513353	0.0887089176	0.0361086522	0.0686613174	-0.0573727288	0.0496126342	0.100067463	0.0653345079	-0.1006424347	0.0494135296	-0.0002694245	-0.1045757625	-0.0142196653	-0.0839832233	-0.0669777345	0.0103468135	-0.0047289501	0.0165398435	-0.0464024771	0.0813069678	0.1048956751	0.1312354166	0.1314616174	0.0219210075	0.0520889145	-0.1261627006	-0.050623085	-0.0674962159	-0.0085436202	-0.0096951247	0.0052188401	-0.0672852378	-0.0062584331	0.1008822419	-0.1390471076	0.1039743301	-0.0119717189	-0.065447927	0.0657612566	0.0466829412	0.0045080516	-0.0925974204	0.0479273385	0.0319226314	0.0941590645	0.0371927824	-0.0337045224	0.0	-0.0073825624837411	0.0073714545503805	5.43383421883254e-05	5.450222882634156e-05	-0.010100584157044	0.0086593624203458	0.0001020218003135	7.498455752689879e-05	-0.0676919254122481	-1.704416730780034e-05	0.0045821967660173	2.905036392162898e-10	-0.0011930508533068	-0.0007380004259317	5.446446286753706e-07	1.4233703385760836e-06	-0.0005088943177216	-0.0003390288267779	2.589734266093327e-07	1.1494054538646713e-07	-0.0001773035443792	0.0004142349279292	1.7159057551650959e-07	3.143654684942694e-08	0.0	0.0	0.0	0.0	0.0	0.0
648.7772533234845	-0.4022763086453551	420911.9244299648	0.161826228497333	731.7790970311021	0.1379535443855957	535500.6468516551	0.0190311804085485	654.4402887722314	-0.0608713410783821	0.0037053201646807	428292.0915682816	679.8901363327861	594.546930533082	1.174233	22.367208	0.0856237526971427	0.067862598905783	0.1484514737	0.0030134825	-0.0919600608	0.0637707509	0.147875173	0.054243237	-0.0107492317	-0.1039019051	-0.0398459163	0.0468628415	0.1146836787	-0.0137448388	-0.0613866982	0.0677667706	0.0404207854	0.1177941468	-0.0451576409	0.0810527251	-0.0877843656	0.0299813734	0.132340322	0.1370919946	-0.0253452617	0.118993376	-0.1401932445	0.0253536636	-0.0559674753	0.1071651299	-0.1087771835	-0.1978097893	-0.0441489285	0.0777861697	0.0232420411	-0.0090566693	-0.1951137312	-0.0124647397	0.0131074182	-0.0368095725	-0.0091003844	-0.1873075089	-0.1005554918	-0.0985532419	-0.1043788479	0.0646574901	-0.0098785699	-0.1274994761	0.1355926831	0.033698663	-0.0167759398	0.1419607891	0.135531305	0.0246412388	-0.1081926713	0.0482398916	0.1040606494	0.1532036555	0.0429136835	0.0141634394	0.036072175	0.0186968335	-0.0323068693	0.0581478047	-0.013254931	0.127175977	0.1709375631	0.1123810924	0.0108129366	-0.1611497134	-0.0910646313	0.0094556491	0.1970572528	-0.2460578799	0.0142840417	0.1424302709	-0.1318141664	0.1114407207	0.1028267142	0.0918527092	-0.1617456237	0.1292707753	0.069035287	0.0538317224	-0.0460339034	-0.0328226234	0.0463811545	-0.0158947187	-0.1168564081	-0.1463956254	0.1709553982	-0.0852620998	0.0328626323	0.1784522946	-0.123878583	-0.0932310649	-0.1276932105	-0.0582177148	0.0595742851	-0.038246511	0.0790403497	0.0927149366	0.0325341047	-0.0406438432	0.0	-0.0073875314658522	-4.96898211110007e-06	2.4690783220432512e-11	5.457562115895636e-05	-0.0727673941289452	-0.0626668099719012	0.0052950936483172	0.0039271290720543	-0.0737878180682685	-0.0060958926560203	0.0054446420952758	3.71599072737234e-05	-0.0008560448248155	0.0003370060284912	1.1357306323947888e-07	7.328127420934e-07	-0.0005089241429137	-2.9825192100004123e-08	2.590037832404441e-07	8.895420838021483e-16	-0.0001772177763204	8.57680588000015e-08	7.356159910320514e-15	3.1406140243947324e-08	0.0	0.0	0.0	0.0	0.0	0.0
649.1368838792122	0.3596305557276764	421378.6940124138	0.1293341366129974	730.6518802180435	-1.127216813058567	533852.1700661622	1.2706177436419122	654.4414773756458	0.0011886034144481	1.4127780768378072e-06	428293.647309618	679.1656650945039	592.736656628908	1.108401	21.113228	0.1110567358245033	0.0802543149807536	0.1709555401	0.0156327845	-0.0304857848	0.1387512208	-0.0668103438	0.0528749656	-0.0577920831	0.0705603633	0.0403751023	-0.024735561	0.1796851739	0.0683870098	-0.0287771582	0.1180044466	0.0431671226	0.1390246341	-0.0361994646	0.1305248234	0.0116394571	-0.051382513	-0.0723109161	0.0563000617	0.0039419042	0.0739985669	-0.1786979862	-0.0522540982	0.0569511101	0.0783908202	-0.0616504037	0.0367518378	-0.0213100485	0.099137782	0.0743906148	0.0635285349	0.0214358772	-0.135121369	-0.1161002067	0.0519227918	-0.0815019354	0.014568942	0.0697920196	-0.2149601826	0.1212595632	0.0267324143	-0.0827055943	-0.0259286564	0.1053850071	0.1073603998	-0.0980498944	-0.076057076	-0.0007828709	-0.141047845	-0.057551605	0.0293733459	0.0846501012	0.1451563661	-0.0006380875	-0.083973768	0.0790563857	0.0400800071	-0.0931930378	-0.0040420996	-0.0354945786	-0.0135866835	-0.0015668922	-0.0714319427	0.0084676793	0.1049626706	-0.0808544646	-0.0854649715	0.1852869857	-0.1468428726	-0.0476884006	-0.0107296189	0.0208955697	0.1226890014	0.1354386876	0.1571820318	0.115197513	0.0528294659	-0.0099390285	-0.0775767306	-0.1136404127	0.0021497452	0.0243871895	0.0491849627	-0.1134810835	-0.0287458922	0.1846271288	-0.1352052693	0.0126644237	0.1226715581	-0.1761881346	-0.066180607	-0.0548547917	0.1183938524	-0.004370824	-0.066405822	-0.017324273	0.0912295932	0.0278175825	-0.0474206018	0.0	-0.0073915030658042	-3.971599952000589e-06	1.5773606178731078e-11	5.463431757179289e-05	0.005266321319894	0.0780337154488392	2.7734140244370085e-05	0.0060892607467504	-0.0939024624737356	-0.0201146444054671	0.0088176724586313	0.0004045989195583	-0.0005980453397172	0.0002579994850983	6.656373431098795e-08	3.576582283574611e-07	-0.0005089469362475	-2.2793333800041546e-08	2.590269839157169e-07	5.195360657201164e-16	-0.0001771519673476	6.580897279998304e-08	4.330820900988906e-15	3.1382819535125144e-08	0.0	0.0	0.0	0.0	0.0	0.0
650.0965922581397	0.9597083789275302	422625.57926564594	0.921040172583708	731.8264367999452	1.1745565819016974	535569.9335993042	1.379583164088599	654.7391689435311	0.2976915678852947	0.088620269590005	428683.37934886577	679.2547057449859	597.0415427047841	0.999847	19.04545	0.1633132015781331	0.1051249982821399	0.1558688057	-0.0183939848	0.0123220756	0.1806482219	0.0059787278	0.033653131	0.0374641691	-0.0807204556	-0.0209882692	-0.0182212238	0.0981079656	0.0327603185	0.0035568495	0.0052772789	-0.1272915018	0.1281446776	-0.0293631948	0.1446142588	0.0591160976	0.0837268044	0.0177466719	0.009765279	-0.0221455353	0.0375332553	-0.1551059353	0.0056559932	-0.0092998804	0.0488187786	0.1311482036	-0.0543801307	-0.1205419281	0.0378689069	-0.0075590214	0.0065861228	0.0081140229	-0.1175641031	0.0340310971	0.1479362085	-0.080361547	0.0471753664	-0.1149191099	-0.0212613738	0.0989103211	0.0173180738	-0.0034409833	0.0254725083	0.0808279917	0.1605942047	-0.0617819016	-0.0199613461	0.0555395194	0.0441471323	-0.0312730306	0.0590656959	-0.0027669987	0.1176046316	-0.0794975071	-0.0809879636	-0.0259921421	-0.0406752325	-0.0146098256	0.1158178084	0.0007524556	-0.0790163599	-0.0367243151	0.008850261	-0.1186014079	0.1295819707	-0.0008246092	0.0447489417	0.1229746475	-0.0627341302	0.0077354858	0.0340480935	-0.0321158262	0.1214902739	0.1382926317	0.1078222184	-0.0615462528	0.0092147702	-0.0401505313	-0.0847198489	0.0030950108	-0.1216425899	-0.0599972686	0.071596683	0.0302200747	0.0068163086	0.0621603272	-0.1188666341	-0.0242428356	0.0641662596	-0.1065815042	-0.0603907965	0.0636922171	-0.1477341332	-0.0101230333	-0.0394669336	0.0514148423	0.0897036946	0.0230516017	-0.0540076933	0.0	-0.0074594728843635	-6.796981855929952e-05	4.619896234984098e-09	5.564373571255432e-05	0.0016362134237368	-0.0036301078961572	2.6771943680165013e-06	1.3177683337742854e-05	-0.006909120258399	0.0869933422153366	4.7735942745019457e-05	0.0075678415897946	-0.0012928541829388	-0.0006948088432216	4.827593286189379e-07	1.671471938342352e-06	-0.0006058128052544	-9.686586900689998e-05	3.670091550102056e-07	9.382996578461909e-09	0.0004836089533855	0.0006607609207331	4.366049943680541e-07	2.3387761979461878e-07	0.0	0.0	0.0	0.0	0.0	0.0
651.7025456728202	1.6059534146804708	424716.2080364343	2.579086370123864	732.2376052625251	0.4111684625798943	536171.9105605975	0.169059504620314	656.5896335373276	1.85046459379646	3.4242192128942963	431109.9468686821	680.730412966331	603.67770908662	0.974244	18.557758	0.1215865425198366	0.0698487496106307	0.1623407287	-0.0577560144	-0.0055572828	0.182788392	0.0703706604	0.0190042629	0.1204500042	0.0144529558	0.0017621971	-0.006378809	-0.0069189815	-0.0101110258	-0.1111845526	-0.0427763006	0.0367261788	0.1224368015	0.0760201586	0.1295743942	-0.0602598279	-0.0348107739	0.0723641125	0.0355884169	0.1131209579	0.0312360151	-0.0152593605	-0.0118421806	0.0204090802	0.0271139619	0.0684599711	0.0807356457	-0.0538377579	-0.0412257484	0.0625939471	-0.0010848027	0.1312323988	-0.0213259428	-0.0198408873	0.2134563019	0.0174580374	0.020359144	-0.0659336937	-0.0812214818	-0.0075154509	0.152544671	-0.028017118	0.1172162289	0.0961274585	0.1364037488	0.0329305151	0.038906231	0.077907527	-0.0779608111	0.0468234554	0.0809523166	-0.0224337133	0.0112869097	-0.0600148355	0.0020009251	0.058162933	-0.1567561372	-0.1227839651	-0.0507330599	-0.0330480261	-0.0494956641	-0.0690189112	0.0025503681	0.0129339127	0.1384259858	0.1237467117	-0.0053410224	-0.0674364501	-0.0532354863	-0.0378161078	-0.0135831884	0.0647326187	0.1122742387	0.1460993885	0.1050222376	0.0244552536	-0.0143038989	0.1209379855	-0.0435390058	0.0089282963	-0.1669793503	-0.0310631646	0.0050150434	0.0978620906	0.1191429602	0.058078903	-0.0910811742	0.0153840135	-0.2028861462	-0.0999122493	-0.0278041119	0.0500122244	0.2779187839	0.0743928249	0.091043446	0.0454333106	0.0881379191	0.018244636	-0.0603787714	0.0	-0.0073648850131604	9.458787120310026e-05	8.946865378734282e-09	5.424153125707466e-05	0.0177776257726378	0.016141412348901	0.0003160439781119	0.0002605451926172	-0.0292103188595405	-0.0223011986011415	0.000853242727876	0.0004973434590475	-0.0002770094302973	0.0010158447526415	1.0319405614692703e-06	7.673422447363472e-08	3.8932953422721184e-05	0.0006447457586771	1.5157748622157772e-09	4.156970933321366e-07	0.0004840053160387	3.9636265320000573e-07	1.5710335285174802e-13	2.342611459537219e-07	0.0	0.0	0.0	0.0	0.0	0.0
650.738518631824	-0.9640270409961432	423460.6196311408	0.9293481357717794	733.1619129758892	0.9243077133641008	537526.3906384653	0.8543447489843728	656.75598970756	0.1663561702324614	0.0276743753744116	431328.4300167567	681.4158309280914	609.0583205675557	1.10816	21.108624	0.1327282136999518	0.0868925819767237	0.1075707292	-0.0780308416	-0.0444330904	0.0719812292	0.0001003782	-0.0410923664	0.0831839427	0.0194694023	0.0182969673	-0.0536813436	0.0022911104	-0.0296579957	0.0449044055	-0.0137448183	-0.0208054391	0.0815634988	0.0408975958	0.0069551409	0.0105516771	-0.0495882833	0.0302666832	-0.0310196936	0.1155240724	0.0306847865	0.1836528253	-0.0322343211	-0.0448924993	-0.0963985865	-0.0695703452	0.0938046399	-0.1038610925	-0.0815638812	0.1686651954	-0.1364312757	0.0674875519	0.1500482805	-0.0285614626	0.0875510836	-0.0182710191	-0.0102787172	-0.1188493593	-0.0689045665	-0.0501973664	-0.0603579461	-0.0264761562	0.0803450836	0.0800881513	0.0381469621	0.049608788	-0.0398970436	0.0390100771	0.0007149962	0.0767248317	0.0275562529	-0.0044761549	-0.0081298825	0.0311314407	0.0793124942	0.0177931313	-0.0150521196	-0.1485945334	-0.0393198397	-0.0852636027	-0.1560955826	-0.0483081177	-0.0271129898	-0.1181798802	0.0375078195	0.0272321864	-0.1562303258	0.0631634339	0.1670790176	0.0113964995	0.1375755489	-0.0321058053	0.0823400932	0.0747256281	0.0366722194	0.0223833094	-0.048761302	0.0180149212	-0.0284417466	0.0868077788	-0.0029311157	-0.1530574495	-0.0862742389	-0.0596587225	0.0357873497	0.121230878	0.0800490051	0.098954619	-0.3901171327	-0.1288578309	0.0475475838	0.0238296524	0.4654943088	0.147122067	-0.1792723825	0.0461902954	0.0865329627	0.013405232	-0.066508354	0.0	-0.0073648264006465	5.8612513899672376e-08	3.4354267856392866e-15	5.424066791165968e-05	-0.0356494516387613	-0.0534270774113991	0.0012708834021443	0.0028544526007236	-0.0616991603031777	-0.0324888414436372	0.0038067863821172	0.0010555248183497	0.0006589902892098	0.0009359997195071	8.760954749173699e-07	4.342682012728159e-07	3.915944915955372e-05	2.2649573683253946e-07	1.5334624584796726e-09	5.130031880331496e-14	0.0004839868066346	-1.8509404100023292e-08	3.425980401379592e-16	2.342432289963577e-07	0.0	0.0	0.0	0.0	0.0	0.0
649.111818769829	-1.6266998619950073	421346.15326667536	2.646152441014576	733.8639458396218	0.7020328637325974	538556.2910032994	0.4928501417605917	656.1531435590002	-0.60284614855982	0.3634234788334085	430536.947802358	681.5317841567518	597.0370986548653	1.163256	22.158125	0.1207782765572412	0.0740134266731076	0.0391698447	-0.0196975111	-0.1003630515	0.0147804761	-0.0486578443	-0.0560143795	0.0647930113	-0.0037951015	0.0677174574	-0.0905222683	0.0157141354	-0.0293892344	0.1530740141	0.0997528416	0.0444986894	0.0274860733	0.0406388864	-0.0673134366	0.0861097917	-0.061391491	0.0051774482	-0.0377073428	0.042282216	-0.0664103317	0.0331579307	-0.0618082092	0.0348519524	-0.0660743567	-0.1026144107	0.0199438977	-0.153595391	-0.1014769166	0.1244663888	-0.1447910903	0.0513949998	0.0133025685	0.0230832418	-0.0545829178	0.0383080919	-0.0424936827	0.1215692869	-0.0571613258	0.0149800148	-0.0427052132	-0.0326242296	-0.0800277151	0.0700997658	-0.0352077206	0.0720511686	-0.0797973343	0.0341137344	-0.0010138737	0.0870121621	-0.0034675199	0.0010256853	-0.0116499877	-0.0210294872	-0.0047952374	0.014203004	0.1659918485	-0.0921341357	0.0005772318	-0.1040413684	-0.1126156815	0.0486082022	-0.0715076252	-0.1809662415	0.049603028	0.0591606948	-0.1070034743	0.027346124	0.0882369692	0.030430086	0.1761024713	0.0438635343	0.0475705983	-0.0079302775	-0.0099715106	0.0479403035	-0.0380245681	-0.0573235558	0.03794342	0.1272750164	0.1374961257	-0.1662482277	-0.1826215495	-0.0582483845	-0.0565623011	0.0560393141	0.1601363475	-0.0408186682	-0.1644007805	-0.127888217	0.1197961711	-0.0771667063	-0.1748312216	-0.0532515395	-0.0692664888	-0.0171594881	0.0848895389	0.0085419939	-0.0723719246	0.0	-0.0020118428703881	0.0053529835302584	2.8654432675217683e-05	4.047511735131429e-06	-0.07453832622177	-0.0388888745830086	0.005555962075943	0.0015123445663329	-0.0614031125933109	0.0002960477098667	0.0037703422361468	8.764424651737579e-08	0.0017149243436468	0.001055934054437	1.1149967273197615e-06	2.940965504432408e-06	0.0001936848653842	0.0001545254162246	3.751382707889568e-08	2.387810425940017e-08	0.0007983347506551	0.0003143479440205	9.88146299099154e-08	6.373383741035407e-07	0.0	0.0	0.0	0.0	0.0	0.0
649.162738728305	0.0509199584760153	421412.26135323365	0.0025928421711991	734.3123576886726	0.4484118490507853	539214.638654297	0.2010731863691443	656.2666278141801	0.1134842551798556	0.0128786761737265	430685.88678259554	681.6591110837518	586.0026364235982	0.96867	18.451574	0.0883967458093465	0.0482388023983583	-0.0106223076	-0.0044090355	-0.0426998391	-0.0312245086	-0.0117028102	-0.0569549026	0.1150066756	-0.070448325	0.1180518495	-0.0364298537	-0.0339188321	0.0060055742	0.0873303665	0.0199188743	-0.0360461409	0.0004202282	0.0285398767	-0.0903514042	0.0850727129	0.0146657524	0.0693684028	-0.0636151168	0.1143808259	-0.0612231425	-0.0518200732	-0.1017407452	0.0108893938	0.0644505972	-0.031324037	0.0361239876	-0.1527070538	0.034630944	-0.0901907242	-0.0253413383	0.1440855011	0.1375120457	-0.0202492845	0.0174901708	0.099458971	0.0563776577	-0.0484170844	0.0684183761	0.0120590833	0.0428846589	0.0563648813	0.076248233	0.027718158	-0.0369887741	0.0777007297	-0.0381857953	0.0386763498	0.1049340811	0.1470559916	-0.0476416777	-0.0266683232	0.0216189223	-0.0875756211	-0.1046533147	-0.0513363134	-0.0026430216	-0.0531160661	-0.0692933381	-0.1836341625	-0.0403352321	0.0795114882	-0.070805852	-0.0156854432	-0.0365921407	0.0624672561	-0.0358680528	-0.0462483673	0.0079166438	0.0301814404	0.0333173971	0.0955710768	0.0234253639	-0.043542815	-0.0320911414	-0.0310231297	-0.0246430241	-0.0866265252	0.0286190525	0.1806453211	0.1542250644	-0.1277490804	-0.1368763074	-0.0253761245	0.0150375565	0.0149986447	0.088604878	-0.0982986632	-0.1460712471	-0.1171217856	0.0137376655	-0.0617336363	0.000999207	0.0970098245	-0.1016749211	-0.0771307331	0.0832083783	0.0036635686	-0.0779460309	0.0	-0.0074725396604975	-0.0054606967901094	2.9819209433511105e-05	5.583884897770809e-05	-0.1002904892318667	-0.0257521630100967	0.0100581822303671	0.0006631738996985	-0.0709179763973963	-0.0095148638040854	0.0050293593763016	9.053263321029452e-05	0.0023348675036183	0.0006199431599714	3.843295215954486e-07	5.451606259452751e-06	0.0002517525653893	5.80677000051e-05	6.337935418009376e-08	3.37185778388229e-09	0.0010737043347796	0.0002753695841245	7.582840786090015e-08	1.1528409985245034e-06	0.0	0.0	0.0	0.0	0.0	0.0
649.0206369269353	-0.1421018013697903	421227.7871570447	0.0201929219525393	732.9355728265011	-1.376784862171462	537194.5539145113	1.895536556704492	656.4305612356065	0.1639334214264636	0.0268741666605865	430901.0817240934	681.2015132005233	588.4223168087701	0.868588	16.54517	0.047719712398137	0.0220144842332183	-0.0175730226	-0.0138861844	-0.0385889021	-0.0424846072	0.0308229646	-0.0127337265	0.0698615012	-0.1490668434	0.1491878727	0.0515583467	-0.074731047	-0.010562788	-0.0544553154	0.1291631834	0.0599858082	-0.0082150001	0.0385223916	-0.1189750248	0.0701176328	0.1225728415	0.0664562337	-0.0783785147	0.0614790685	-0.1329240008	0.0056062058	-0.0554936086	-0.1299886787	0.100915141	-0.003191482	-0.038162506	-0.0751763293	-0.0244907149	-0.0757132639	-0.016323563	-0.0910638208	-0.0156301778	0.1531148159	-0.0924883343	-0.0960569609	0.0496622981	0.0742638332	-0.1267167877	0.1392039883	-0.030413347	0.1053323582	0.0691644246	0.0231912427	-0.0330343694	0.0657981506	0.0071499711	0.0170767679	0.2021863385	0.1068243334	-0.106521981	0.0530462869	0.0255449817	0.0073923923	-0.0917434475	-0.0920715189	0.0484775574	0.0173239908	-0.0300634637	-0.015087617	-0.0639685409	0.0523700218	-0.0286273929	-0.1215712996	0.1339006322	-0.0745155015	0.1608480047	0.0452336605	0.0086451976	0.0513247657	-0.0007993359	0.106525582	0.0169478739	-0.0655938231	-0.0784658011	-0.0710588838	0.0024196428	-0.0270394494	0.0451821795	0.1747070899	0.1437941601	-0.1682920278	-0.0648959192	-0.0055133514	-0.0303277419	0.0187588807	0.0466012949	0.0054987986	0.0312867358	-0.044843307	-0.0283455904	0.0235644809	0.0022349204	0.0408892476	-0.1547713408	-0.0675081194	0.0814902283	-0.0012213705	-0.0832083783	0.0	-0.0074840599301779	-1.1520269680400512e-05	1.3271661350915535e-10	5.601115303849444e-05	-0.0838909256006843	0.0163995636311824	0.0070376873981395	0.0002689456872932	-0.0632556805884121	0.0076622958089841	0.0040012811267032	5.871077706437681e-05	0.0026052776456488	0.0002704101420305	7.31216449129553e-08	6.787471610917354e-06	0.0003899823718109	0.0001382298064215	1.5208625032325502e-07	1.9107479383353004e-08	0.0011379910400933	6.428670531370001e-05	4.1327804800905055e-09	1.295023607332631e-06	0.0	0.0	0.0	0.0	0.0	0.0
647.9060549625233	-1.1145819644119683	419782.25605710025	1.2422929553924422	733.2429966550885	0.3074238285873889	537645.2921437342	0.0945094103833282	656.3055981754708	-0.1249630601357694	0.0156157663984959	430737.0381964625	680.7272646964134	584.7841290439133	0.843905	16.075006	0.0232154396362788	0.0143465449704161	-0.0196916274	0.0107237504	0.011577257	-0.0398972736	0.0332100207	-0.0744223892	-0.0126504973	-0.0850025271	0.131801263	0.000319644	-0.0112606269	0.0146154252	-0.0834672518	0.1433952744	-0.0260577713	0.0014461247	0.0358754071	-0.092740171	-0.0001632577	0.0520322924	0.0729628347	-0.0821262723	-0.0276219095	-0.1148578233	-0.1332651321	-0.0310093671	-0.1451117428	-0.0987285827	0.09344116	0.042738805	-0.1804352436	0.0265113489	-0.0616031007	-0.0262996787	0.0849014647	-0.0671357762	-5.52407e-05	0.0826016554	0.1232648012	0.0067025481	0.1337813478	0.1111323126	0.0688298287	-0.0100198692	-0.07213646	-0.0336948711	0.0094817232	-0.0256006491	0.0582773741	0.0317460081	-0.0394470976	0.1144570957	0.0319606352	-0.1666449138	0.0566524528	0.0584280681	0.0070413371	-0.1259344156	0.0171255021	-0.0348333642	-0.0596051468	-0.0251525575	-0.1089591066	-0.1317898882	0.1194675765	0.0199335769	-0.0978292159	0.1054885017	0.1423873992	0.0984479697	-0.1013472467	0.0925975185	0.0533370665	-0.0593111878	0.011844481	0.0155838736	-0.0817360882	-0.0710434214	0.0021877433	0.0512841559	0.0450712099	0.0493467602	0.1502385293	0.1216602011	-0.1365142523	0.0075188428	0.0252771356	0.0097166235	0.0240498359	-0.0067931211	0.0597539184	0.0303538879	-0.0611072362	0.0218971111	0.0361243776	0.0204450524	-0.0280656986	-0.1471638908	-0.0672891656	0.0797358525	-0.006104138	-0.0881379191	0.0	-0.0077073263976359	-0.000223266467458	4.9847915491174183e-08	5.940288019969519e-05	-0.0836896894297183	0.0002012361709659	0.0070039641168427	4.0495996505056695e-08	-0.063259977418582	-4.296830169892019e-06	0.0040018247429995	1.8462749508894276e-11	0.0027314128617695	0.0001261352161206	1.5910092745815638e-08	7.460616221439849e-06	0.0001556853200483	-0.0002342970517625	2.4237918878541605e-08	5.489510846464645e-08	0.0012332915755637	9.53005354704e-05	9.082192060944968e-09	1.5210081103563937e-06	0.0	0.0	0.0	0.0	0.0	0.0
646.6302430279305	-1.2758119345927526	418130.6711983605	1.6276960924493018	731.6056214419278	-1.637375213160681	535246.7853254294	2.6809975886729847	654.8461051155712	-1.4594930598996143	2.130119991895139	428823.4213850337	679.7222028641096	575.0010813580813	0.840986	16.0194	0.0384217957262229	0.0230642264438835	-0.0249587827	0.0550768443	-0.0201506209	-0.0703674256	0.0140887485	-0.0599131013	-0.0992771276	-0.0360384298	0.090065632	0.0724178314	-0.0084308839	-0.0230005408	-0.0724441209	0.0092853279	-0.1354803175	-0.0160487351	-0.0214060037	-0.1116736383	-0.0122389103	0.0388648725	-0.030816272	-0.0501641705	-0.0715125596	-0.0912864251	-0.0508815848	-0.0725352108	-0.0837928538	0.0258730778	0.0709122769	0.0342763646	-0.0153451577	0.1143269899	0.0161707018	-0.2213992831	-0.0516888199	-0.0212459475	-0.0056084162	-0.049114847	-0.0606174829	0.0112206703	0.0025677563	0.0472064549	-0.0095177376	0.0360186607	-0.1458730503	-0.092252447	0.0026687478	-0.0683624587	0.0049660927	0.0227750032	-0.0993101276	0.0718052142	-0.0196830519	-0.1125050086	0.0751674347	0.057829711	0.0436995839	-0.1489985704	-0.0174905462	0.014997163	0.0126036384	0.0479958613	-0.0814557522	-0.0643863001	0.0968878806	-0.0239309897	-0.0275854744	0.0661672614	-0.0350746287	0.0693084581	0.0192021358	0.060187568	0.1363585355	-0.065390381	0.0169031112	0.0141920813	-0.091888951	-0.0688280138	0.0296767697	0.0589492447	0.030868508	0.0278377848	0.1101022405	0.1043249986	-0.144558771	0.0573263389	-0.0071804297	0.0433106761	0.0288380077	0.0136206412	0.0468696738	0.0485864425	-0.0183833862	0.1038599659	-0.0730427198	-0.0752327701	-0.0604590711	-0.0556665083	0.0446924132	0.0779460309	-0.0109760526	-0.0927149366	0.0	-0.0076128248110336	9.450158660230004e-05	8.930549870352012e-09	5.7955101603488775e-05	-0.0618529812226711	0.0218367082070472	0.0038257912861321	0.0004768418253197	-0.0655833730570805	-0.0023233956384984	0.0043011788215441	5.3981672929938345e-06	0.0028549331192451	0.0001235202574756	1.525725400683854e-08	8.150643115362556e-06	0.0001074200733206	-4.826524672770001e-05	1.153907215220308e-08	2.3295340416857566e-09	0.0013448498772419	0.0001115583016781	1.2445254673324254e-08	1.8086211923175532e-06	0.0	0.0	0.0	0.0	0.0	0.0
646.6655246936926	0.0352816657621133	418176.3008273688	0.0012447959389494	730.9489230647232	-0.6566983772046342	534286.3281294786	0.4312527586232	655.8780347176594	1.031929602088212	1.0648787036659355	430175.9964250992	680.2402349856688	572.88063727887	0.815957	15.542637	0.043647456552191	0.0242099076958571	-0.0222338751	0.0828142154	-0.0269170222	-0.0521874921	0.0188836704	-0.0495650517	-0.1440205209	-0.0100457391	-0.020767375	0.0984162193	-0.0177569793	0.0526099261	-0.027246815	0.03467672	-0.06391745	-0.011015061	0.0153219738	-0.1215515621	0.0023311679	0.0520834558	-0.0210906367	-0.0043987351	-0.0648105798	0.0410749112	-0.0813170981	-0.0037060816	-0.0609207101	-0.0266109682	0.0657984494	0.0428538572	0.0032203437	0.0499032223	0.0826443999	-0.0049608491	0.0399581486	-0.1052760678	-0.0347237062	-0.0758486046	0.0144440887	0.0136966447	0.0435060374	0.1215207922	-0.0728656504	-0.042994532	-0.0307925079	-0.0213513352	0.0095022038	-0.0767916116	0.0254170345	0.0042802993	-0.1035225122	0.0487411106	-0.1089665134	-0.0497963579	0.0462392259	0.0479233397	0.1025940811	-0.124029131	0.0148973363	-0.0399382967	0.0407416855	0.0804790371	-0.0141196374	0.0471190718	0.1301482623	-0.0124482719	0.0144605729	-0.0643581738	0.0510771974	0.0580833193	-0.0392933638	0.0467429125	-0.0225074257	-0.1285415724	0.0040017539	0.0171406079	-0.0860385665	-0.0713096474	0.0243917904	0.0512750705	0.0445723769	-0.0074019769	0.0344870473	0.0427893173	-0.1554199618	0.0830035298	-0.084760005	0.0671239986	-0.0219457826	0.0527634659	-0.1028371476	-0.0216672135	-0.0112164671	0.0371240515	-0.0111506663	-0.0589972352	0.004933815	0.0777578882	0.036638972	0.0761215592	-0.0158284522	-0.0969211244	0.0	-0.0074942559502204	0.0001185688608132	1.4058574754540126e-08	5.616387224741387e-05	-0.0432137825826828	0.0186391986399883	0.0018674310051033	0.0003474197259409	-0.066455751593395	-0.0008723785363144	0.004416366919843	7.61044310622229e-07	0.0027058721503518	-0.0001490609688933	2.2219172447409388e-08	7.321744094049473e-06	0.00023203955464	0.0001246194813194	5.384235491752955e-08	1.5530015124316285e-08	0.0011381841171531	-0.0002066657600888	4.2710736393081455e-08	1.2954630845395814e-06	0.0	0.0	0.0	0.0	0.0	0.0
646.7649961746965	0.0994714810038885	418304.9602768552	0.0098945755331069	731.3110284169514	0.3621053522282409	534815.8202842592	0.1311202861123384	656.6808020947716	0.8027673771122181	0.6444354617556303	431229.6758398326	680.7336123011133	569.9160431492937	0.782463	14.904635	0.0476763619708056	0.0247029667226634	-0.0251704287	0.0931474972	-0.0511385387	-0.0635815296	0.0036902766	-0.0183547495	-0.0973383742	0.0258432548	0.0152898591	0.0115554809	-0.0088689741	0.0166361132	-0.1091636648	0.0041423671	-0.0368269569	-0.0038580009	0.0410235332	-0.1173075786	-0.0138550649	-0.0632810092	-0.0120929633	-0.0098821981	-0.1056620606	0.0140021985	0.0016594948	0.001803392	0.0087639255	0.0883182595	-0.0409163251	-0.1067609123	-0.0209444068	0.0114663881	0.0228617808	0.0079215754	0.0859794335	0.0824016608	0.0707953649	0.0703650637	-0.07234198	-0.1445208787	0.0460883083	0.0112327753	0.040501554	0.0152935064	0.0627275959	0.0523063175	0.0294102972	-0.0836485668	0.0393706304	-0.0097347442	-0.0850464366	-0.0319330316	-0.0187872725	-0.0161669172	-0.0100327767	-0.0504793096	-0.0024599491	-0.0922730422	-0.0302634775	-0.0143129465	-0.044891668	-0.0940554924	-0.0255430893	0.0114758813	0.0614165382	0.1368501959	-0.0742755861	-0.0422433113	-0.0447773535	-0.0353930545	-0.078283721	-0.0282586245	-0.1351835732	0.0232680028	-0.0641700381	0.021585751	-0.0833559752	-0.0671679821	0.0152968921	0.0440752596	0.0450155114	-0.041628249	-0.0071916198	0.0592283906	-0.1539585093	-0.0541772864	-0.0902505907	-0.0140073634	-0.0357410734	0.0027063323	-0.0504352269	0.0850221869	-0.0371463981	-0.002951228	0.024632215	-0.0002926086	-0.0671235828	0.0430972771	0.0639623826	0.0742632484	-0.0206527093	-0.100739659	0.0	-0.0075132515981977	-1.899564797730024e-05	3.6083464207751056e-10	5.644894957782029e-05	-0.0431221387548816	9.1643827801198e-05	0.0018595188507952	8.398591174055632e-09	-0.0853260211464999	-0.0188702695531049	0.0072805298846929	0.0003560870730068	0.002612003712896	-9.386843745579989e-05	8.811283550393413e-09	6.822563396182489e-06	2.814367184855726e-06	-0.0002292251874551	7.920662651192744e-12	5.2544186563846034e-08	0.0013889995510806	0.0002508154339275	6.290838189624011e-08	1.9293197529021083e-06	0.0	0.0	0.0	0.0	0.0	0.0
646.6664411456119	-0.0985550290846504	418177.4861039311	0.0097130937578762	732.46965935447	1.1586309375185238	536511.8018748533	1.3424256493750533	655.8086110831406	-0.8721910116310028	0.760717160769912	430084.93437079794	680.6557888776498	567.1056389495404	0.768387	14.636505	0.033239922426674	0.022040466003406	-0.0207216551	0.1002037883	-0.088062944	-0.0534743627	-0.0191310455	-0.034290387	-0.0553630601	0.1100457403	-0.0471731553	0.0077369333	-0.0766959166	0.02314416	0.0131112731	0.0045676539	-0.0155062708	-0.0026610166	0.0204206279	-0.116243564	-0.0228935971	0.0039074648	-0.0167784115	0.02530323	-0.0312135148	0.0469084415	0.0310798031	-0.1308604412	-0.0218634505	0.0327531024	0.2066624605	-0.025477172	-0.0728846201	-0.0155906952	0.0422784083	-0.0578299679	0.0004810824	-0.105578873	0.0207822048	-0.0260810058	0.0341945257	-0.0331418321	0.1390197445	-0.0206762964	-0.0963316215	0.0652026794	0.0269628909	-0.1354407859	0.0387127385	-0.0997890579	0.0347193996	-0.0238802438	-0.0553912664	-0.0092404679	0.007842974	0.0550202125	-0.033876525	-0.0660931208	0.0531743632	-0.0386148485	0.0056273108	-0.1004529549	0.0528534634	0.0422969421	-0.0419509272	-0.0630856841	0.1253599613	0.0942873062	-0.0480418072	-0.0650763646	0.0836316802	-0.0430693199	0.0571730666	-0.0366985793	0.1083587952	-0.0554010404	0.1257727814	0.0211686934	-0.0816618171	-0.0683987478	0.0224646571	0.0508097695	0.0610588051	-0.063430664	-0.0183141164	0.0223787447	-0.1203474361	-0.0938030817	-0.0111416658	0.0139198893	-0.0570851153	-0.0062958048	0.0823189236	0.013613462	-0.0789887298	0.1022741592	0.0507609561	-0.0571605288	-0.0540802089	0.059461535	0.0125290386	0.0723719246	-0.0254402467	-0.1041552675	0.0	-0.0074914514694057	2.1800128792000276e-05	4.752456153477993e-10	5.6121845118460815e-05	-0.050300698551851	-0.0071785597969694	0.0025301602748041	5.153172075866537e-05	-0.0646678552301551	0.0206581659163447	0.0041819315000682	0.0004267598190272	0.0026450544053865	3.305069249050002e-05	1.0923482741015943e-09	6.996312807454531e-06	-7.166184179530077e-05	-7.44762089801565e-05	5.135419569494717e-09	5.546705704055943e-09	0.0013891005813013	1.0103022070003832e-07	1.0207105494698451e-14	1.929600424971609e-06	0.0	0.0	0.0	0.0	0.0	0.0
646.5437183904593	-0.1227227551526084	418018.7797901615	0.015060874632247	732.2536969155976	-0.2159624388723386	536195.4766465599	0.0466397750036886	656.0877498269264	0.2791387437857793	0.0779184382823029	430451.1354729596	680.3313400079538	568.2969605717345	0.836824	15.940121	0.0523110056528806	0.036181653335996	-0.0234502308	0.0904190032	-0.0670455661	-0.0625508748	-0.0100960462	0.0116405675	0.0375852325	0.0674198205	0.1249443979	0.0263200808	-0.0768642904	0.0323225924	0.017736791	-0.0234288275	0.0367886833	0.0158583394	0.0203583497	-0.1387708745	0.0839556308	-0.0599485672	0.0203428361	-0.0478998435	0.0437146141	-0.1266302132	-0.0124021536	0.0227680669	-0.0783737384	-0.0343218154	-0.0530934884	-0.1732230524	0.0475323641	0.036265033	-0.1848862154	0.0979269098	-0.0862879342	0.1474280512	0.0134630346	0.0027922212	0.0120468767	-0.116515208	0.0375851466	0.0371083074	-0.0849988942	0.0790499226	-0.0340066368	-0.1093614333	0.0357690088	-0.1002239477	0.0143535588	-0.0352562446	-0.0331576315	-0.0174668929	0.1143313375	-0.1347780918	-0.0294907427	-0.0956444868	-0.0337415005	-0.0442549095	-0.0257128562	-0.0469463647	0.1325768954	0.014834666	0.0213095911	0.0808928753	0.0441130373	-0.0150092009	0.0389265821	-0.1052695578	-0.058818706	-0.0016589402	-0.1234274382	-0.0038281549	0.0926080932	0.0142017017	-0.1040896095	0.0170282697	-0.0804409615	-0.0604695176	0.0399784556	0.0627011023	-0.0344045403	-0.044729676	0.0974174407	0.0655678002	-0.0307022486	-0.1160914906	0.0740715153	0.0503573558	-0.0626396092	0.0449504002	-0.0395020517	0.0023339191	0.0360826873	-0.0049750909	-0.0864412035	-0.0244808203	-0.0404742197	0.1152694009	0.0734516851	0.0704484286	-0.0301825523	-0.1071542885	0.0	-0.007668165798492	-0.0001767143290863	3.1227954104421294e-08	5.880076671316245e-05	-0.0824568022372176	-0.0321561036853666	0.0067991242351876	0.001034015004224	-0.0638778439145824	0.0007900113155727	0.0040803789431757	6.241178787329083e-07	0.0027973948973733	0.0001523404919868	2.3207625498780332e-08	7.825418211850176e-06	0.0001589435709439	0.0002306054127392	2.526305874439857e-08	5.317885638461714e-08	0.0013882829595702	-8.17621731099942e-07	6.685052951668659e-13	1.9273295758329938e-06	0.0	0.0	0.0	0.0	0.0	0.0
647.044210574918	0.5004921844587216	418666.2104385189	0.2504924267042629	732.7614703091708	0.5077733935731885	536939.3723696579	0.2578338192208322	656.4439510105209	0.3562011835945213	0.1268792831941379	430918.6608183032	680.6058772768482	570.7965353749964	0.8274019999999999	15.760646	0.0420531472191346	0.0224672007075684	-0.0210316519	0.0751163207	0.0219771155	-0.0299303896	0.0052619764	-0.0764836438	-0.0709960444	-0.0153350968	0.1253870785	0.0196482756	0.0275701456	0.0971515685	0.0561846422	-0.1026424232	-0.0251509071	-0.0086031231	0.0371376266	-0.0912743852	2.55522e-05	-0.018836288	-0.0364596044	-0.0857505095	0.0014367774	-0.1086842956	-0.0093994074	0.068373398	-0.0122525535	0.0156003258	0.0421071211	-0.0974783383	-0.0340765063	0.1358665596	0.0202254998	0.0487744835	-0.050802461	0.1215316989	0.0292716209	-0.0793179943	-0.0630952495	0.0195972863	0.0799639488	0.0092613224	-0.0139939557	-0.1873773983	0.0492060223	-0.0024838616	-0.0047224191	-0.0439305036	0.0258281463	0.0098549887	-0.0739343791	0.0056113457	0.0380865311	-0.1755767023	0.035154962	-0.022608426	-0.0603490229	0.035882325	-0.0313583576	0.0193233422	0.1091803982	0.1059462915	0.0410591628	0.0239757126	0.0189670799	0.022657657	-0.0671554112	0.0135802888	-0.0985820439	-0.053636842	-0.071504453	0.0970422518	0.0195581517	-0.0924211984	-0.1095295834	0.0210798877	-0.0735508623	-0.073464769	0.0644275811	0.0563051439	-0.0110682899	-0.0533649097	0.1006260294	0.04836302	-0.034856798	0.0251075533	0.1224897534	0.0082668886	-0.0054432177	-0.0174293371	0.0661039185	0.131743873	0.0167089566	-0.0898427644	-0.0565713363	0.0032786526	0.000888929	-0.0285501964	-0.0349526532	0.0684936154	-0.0348711943	-0.1097247271	0.0	-0.0138056579953058	-0.0061374921968138	3.7668810465950285e-05	0.0001905961926833	-0.0724706891654847	0.0099861130717329	0.0052520007881203	9.972245428143474e-05	-0.0482305303488885	0.0156473135656938	0.002326184057735	0.0002448384218231	0.0026699516840448	-0.0001274432133285	1.624177262349365e-08	7.1286419951336624e-06	8.085382056521873e-05	-7.808975037868127e-05	6.537340299992586e-09	6.098009114204752e-09	0.0013883945635609	1.116039907000238e-07	1.2455450740171e-14	1.927639464125462e-06	0.0	0.0	0.0	0.0	0.0	0.0
647.1513456559603	0.1071350810423155	418804.8641843202	0.0114779255899435	732.4847095142711	-0.276760794899701	536533.8496722061	0.0765965375935144	655.841548843501	-0.6024021670199318	0.3628883708303098	430128.13718944223	680.2941490591027	570.1094495146814	0.8458409999999998	16.111877	0.0479203676182911	0.0228630966305763	-0.0205572158	0.085455506	0.014055922	-0.0167764382	0.0141990296	-0.0644021184	-0.1211132583	0.0441600769	0.0639738728	-0.029446332	0.0393669285	-0.0089543354	-0.0216341364	-0.0563836513	-0.0852242399	0.0253372166	0.0140483726	-0.0874324792	-0.0440533045	-0.0454467915	-0.0642876709	0.0154501889	-0.1238070231	-0.0496490904	-0.0160480768	0.0734220435	-0.0157553801	0.0687452529	0.0217314992	-0.1498280994	-0.0285778043	0.0742953961	-0.0082897701	-0.1126297197	0.0878047166	0.1626340138	-0.0947340879	-0.1624441361	0.1088648505	0.0111809355	0.102406943	0.0977144533	0.0640211831	-0.0864331826	-0.0847989159	0.1349532153	-0.0008334147	-0.0263664113	0.0068144847	-0.0043858596	-0.1174694403	-0.048555076	-0.0345715937	-0.0590871388	0.051558804	0.0131650602	-0.009306438	-0.0432919602	-0.0373063677	0.001261474	0.0344107113	-0.007025067	-0.0629233768	0.0421193179	-0.0418455782	0.2261045334	0.0622983841	0.0984659456	-0.0411010413	-0.0153566966	0.0508443052	0.2276628297	0.040972056	-0.0482442358	0.124773727	0.0172537623	-0.0831265387	-0.0695861713	0.0613147569	0.058457324	0.0012563304	-0.0208444354	0.0428626736	0.0065258667	-0.0713832169	0.0910995913	0.0062941726	0.0713673492	-0.0042748675	0.0771224305	-0.0215082916	0.0172664495	0.0067705218	0.0938203613	-0.0678254341	-0.0295878334	-0.1173742407	0.0989176888	0.0418091667	0.066508354	-0.0394978367	-0.1118563022	0.0	-0.0202484446816413	-0.0064427866863354	4.150950028562197e-05	0.0004099995120254	-0.0606956530085369	0.0117750361569477	0.0036839622941327	0.0001386514764974	-0.0624041656531204	-0.0141736353042319	0.003894279890862	0.0002008919377373	0.0026441060272396	-2.5845656805199672e-05	6.67997975692164e-10	6.991296683284781e-06	-0.0001415825331672	-0.0002224363537324	2.004561369804129e-08	4.9477931461773705e-08	0.0014506907424388	6.22961788779e-05	3.880813902787314e-09	2.1045036301976367e-06	0.0	0.0	0.0	0.0	0.0	0.0
647.6153910543578	0.4640453983975021	419405.6947304888	0.2153381317738965	731.1029954736883	-1.3817140405827786	534511.5899905999	1.909133689943588	656.8501675630678	1.0086187195668117	1.017311721460595	431452.1426276302	680.6585760004225	572.0624958678753	0.807686	15.385101	0.0344936064271644	0.0157318062895904	-0.0146615143	0.0825408062	-0.0304408637	0.0024669345	-0.0088791927	-0.0163883406	-0.093011325	0.0657763878	-0.0149546113	-0.0257666138	0.0056377571	0.0131054069	0.0066360758	-0.0469122463	-0.0053884647	0.0251351788	0.0484287273	-0.0580124783	-0.0101920755	0.0008858473	-0.0856866002	0.0149961133	-0.1027722531	-0.0016562363	-0.0241345167	0.0053563671	0.0559945948	0.036405245	0.0292265885	0.0074685658	0.0830256761	-0.1253042445	0.0216149407	0.0090087435	0.0879627662	0.030114071	0.0026856693	-0.0240783587	-0.0641100849	-0.1361060041	0.082636198	-0.207648496	0.0256187055	0.1477601624	-0.0489302149	0.0595961319	0.0240177485	-0.0285832212	0.0144544576	-0.0101767873	-0.1044349391	-0.0597400005	-0.0563078745	0.0537312398	-0.0096403644	-0.0660561048	-0.0431847414	-0.077028061	0.0138449947	0.085861571	0.0979913993	-0.0250542768	0.0415485563	0.0047142914	-0.0612113163	0.197667844	-0.0759226296	0.0109648393	-0.0457541658	-0.1332623319	-0.0135154062	0.0065848012	-0.0861373046	0.0820471389	0.1360077608	0.0216795409	-0.0711224033	-0.0576606111	0.0341485326	0.0324499179	0.0071842952	-0.0819692512	-0.0278465941	-0.0233063903	-0.0706870592	0.0125581915	-0.0619468323	0.0134931528	0.0004597412	0.035322525	-0.0887903898	0.0944524566	-0.0117000106	-0.10601206	-0.0053156215	0.0144055531	0.0178408742	0.059069954	0.0748264968	0.064493527	-0.0440542534	-0.1135404882	0.0	-0.0193884142429681	0.0008600304386731	7.396523554444162e-07	0.0003759106068569	-0.0528384641638552	0.0078571888446817	0.002791903295195	6.173541654099056e-05	-0.07215283387265	-0.0097486682195295	0.0052060314358542	9.503653205446624e-05	0.0027582034591344	0.0001140974318947	1.3018223964988512e-08	7.60768632198097e-06	-0.0002573754634256	-0.0001157929302584	6.624212917354237e-08	1.3408002697826685e-08	0.0015413547587712	9.066401633239992e-05	8.219963857521677e-09	2.375774492386624e-06	0.0	0.0	0.0	0.0	0.0	0.0
647.2460609788192	-0.3693300755386417	418927.4634525973	0.1364047046973788	732.6809472979921	1.5779518243037955	536821.3705334831	2.4899319598236764	655.8808028518513	-0.9693647112164854	0.93966794335182	430179.627549589	680.9136072702071	573.9146184322608	0.8115989999999998	15.459638	0.045018520784198	0.0229125585049091	-0.0189832162	0.0695337326	-0.0877163179	-0.0216537994	0.0068072431	8.46879e-05	-0.0593942054	0.075772525	-0.0898877245	-0.030291493	-0.0400804608	0.0243049573	0.0497742049	-0.1101418134	-0.0774683357	-0.0076146076	-0.0102466499	-0.1036348689	-0.0596515975	-0.0221753362	-0.0734671913	0.0567314562	-0.0325876316	0.0784535719	-0.0404390837	-0.0753720387	-0.0564533282	-0.0764183531	0.0459938458	-0.078177065	-0.0170746346	0.0261110119	0.1433071836	-0.007597967	0.0957310518	0.126232149	0.0589372088	0.117061654	0.0978953716	0.0244727842	-0.0136303766	0.0201179243	-0.049863032	0.0467175304	0.1376869581	0.0229392644	0.0311056596	-0.0940753578	0.0252249801	-0.0059041655	-0.0630077885	-0.0326800518	-0.0007020833	0.1018661902	-0.0142297442	0.0033859796	0.032572496	-0.0596071158	-0.0120311221	-0.105198648	0.0360699635	0.016485492	-0.0260312937	-0.0033299581	-0.0044062982	0.1014404884	-0.013348237	-0.0341680067	0.0211668604	-0.1315083192	0.1261367095	-0.0194991362	0.0493938311	-0.0379968393	-0.1149655891	0.0160943866	-0.0727925505	-0.0470142917	0.0152046604	0.0228662332	0.0239531605	-0.0653075974	-0.0721007447	0.0078257569	-0.0662631688	-0.0876012747	-0.0487299214	-0.0283175515	-0.0261601142	-0.055089594	0.114676877	0.1219378697	-0.0434975269	0.0426328915	0.0422705648	-0.0322463489	-0.0602516113	0.0476775727	-0.0154161251	0.06245003	-0.0485323432	-0.1147705489	0.0	-0.0112672645794731	0.008121149663495	6.595307185688494e-05	0.0001269512511038	-0.0379806991937385	0.0148577649701167	0.0014425335112452	0.0002207531799072	-0.0850767843366213	-0.0129239504639713	0.0072380592330599	0.0001670284955951	0.0028191141681753	6.0910709040899735e-05	3.7101144758651444e-09	7.947404693206713e-06	-0.0001408201772619	0.0001165552861636	1.9830322324072942e-08	1.3585134732701992e-08	0.0015462018772989	4.847118527700122e-06	2.3494558021573803e-11	2.3907402453626428e-06	0.0	0.0	0.0	0.0	0.0	0.0
647.1855796526227	-0.0604813261965091	418849.1745103012	0.0036579908184885	732.0365869233102	-0.6443603746819235	535877.5645943291	0.4152002924602289	655.9293058427614	0.0485029909101513	0.0023525401272302	430243.25426336686	680.3955526094179	569.6813994331081	0.846928	16.132593	0.0453874893127201	0.0244113133662237	-0.0177731834	0.0876002999	-0.0516065808	-0.0371893065	-0.0143189117	0.0113239602	-0.027752463	-0.0054465822	0.019985933	-0.0163894013	-0.0532588774	0.0514192186	0.0345779357	-0.0974124636	0.0444758074	-0.0123756598	-0.0246727021	-0.062273983	0.0210525176	0.0065367214	0.069085207	-0.0004546984	-0.0649246766	-0.0188049934	-0.0041664158	-0.0196201461	0.1303838301	0.004686597	0.0880162326	-0.0697680658	0.0695552397	0.0380097268	0.0633012801	0.0219395716	0.030418838	-0.1128478745	-0.0827300625	-0.0312882929	0.0469494744	0.0024647194	-0.0646633082	0.0131269188	0.0778820982	-0.0253368584	-0.0810756334	-0.0558217979	0.0187938985	-0.0661094612	-0.0114912894	-0.003157125	-0.0189826571	0.0322064042	0.0025845246	0.01473806	-0.0781034481	-0.1225572276	-0.0793248553	-0.023074559	0.0534608765	-0.016793397	0.0451627256	0.0330476429	-0.0736649037	0.053334828	-0.0314279781	0.0894484646	0.1148000151	0.0107670362	-0.0722428616	-0.0158487534	0.0654041417	-0.0689198612	-0.0145900502	-0.004087293	0.0944055349	0.0192454595	-0.0649348174	-0.0675337339	-0.0636310922	0.0252009821	0.0096461662	-0.0490999644	0.015472562	-0.0267291506	-0.0194532487	-0.1205533885	0.0699846599	0.0214955225	-0.042407899	-0.0155882389	0.0278371044	0.0091324012	0.0573443764	-0.013053477	0.1389217261	0.0293721034	-0.0544336901	0.1069161106	0.0615601275	0.0603787714	-0.0529241442	-0.1155415645	0.0	-0.0146917733702309	-0.0034245087907577	1.1727260457977444e-05	0.0002158482047622	-0.0564067896198423	-0.0184260904261038	0.0031817259152171	0.0003395208083909	-0.0701958414736054	0.0148809428630159	0.0049274561601875	0.0002214424604923	0.0028790281411225	5.991397294720022e-05	3.5896841543178394e-09	8.288803037375277e-06	-2.7774390206847244e-05	0.000113045787055	7.71416751362212e-10	1.2779349970896336e-08	0.0015460426926443	-1.591846545999972e-07	2.5339754260120405e-14	2.3902480074788377e-06	0.0	0.0	0.0	0.0	0.0	0.0
647.6720749524795	0.4864952998568697	419479.1166732503	0.2366776767828255	731.7593582500111	-0.2772286732990778	535471.7583864682	0.0768557372991668	655.7852948916856	-0.1440109510758702	0.0207391540297766	430054.352996175	680.2919599886	569.9444466305475	0.8461429999999999	16.117636	0.0397209392751271	0.0220913287412282	-0.0207653713	0.077819709	0.0225724481	-0.0234504864	-0.0111602092	-0.0322515487	-0.1072073718	-0.0498970396	0.1017502086	0.0889333363	0.0898521224	0.0532805989	-0.0733956576	-0.093532914	-0.0144587829	0.0082040278	-0.0196292657	-0.0500038284	-0.0124674713	0.0432037609	0.0520511213	-0.061249002	-0.0346091601	-0.0644908228	-0.071254311	0.1102024787	0.0485595702	-0.031686035	-0.0209854692	-0.0341089879	-0.0300903144	0.0212020004	0.1450925275	-0.0003855264	0.0565616404	0.0398514291	-0.13687	0.2300827546	-0.0346356616	-0.0235273324	-0.0179570745	0.0252454181	-0.0667933785	-0.0617671788	0.0365946425	0.1459515669	-0.0083335262	-0.0183626491	-0.0200941646	0.0214442597	-0.0659452888	0.0670916272	-0.0390362516	-0.152675035	0.0044720855	-0.0174304103	-0.0877788265	-0.0280020065	0.0470303021	-0.0840587878	-0.0825925123	0.0174130768	0.0583257649	-0.0139211565	-0.1230038497	0.0684810109	0.0390306591	0.0987980876	-0.017707269	-0.1561686855	-0.0417695485	-0.0622928588	-0.0697610167	-0.055180973	-0.0638371276	0.0166342371	-0.071731306	-0.0768928057	-0.0505962253	0.0541502408	-0.0065467723	-0.0045420353	0.0740991655	0.0117127157	-0.0003212046	0.081339857	0.1221253239	-0.0037571569	0.0297138704	-0.0225166566	0.0293382826	0.0719173444	0.0377086351	0.0522730882	-0.0265038603	0.0441834728	-0.0068337828	0.0442221647	-0.0715417867	0.0582806721	-0.0572218481	-0.1158504512	0.0	-0.0113822015283773	0.0033095718418535	1.0953265776390228e-05	0.0001295545116325	-0.0731630044468119	-0.0167562148269695	0.0053528252196842	0.0002807707353275	-0.072721523554577	-0.0025256820809716	0.0052884199880988	6.379069974141061e-06	0.0029118524337294	3.2824292606899955e-05	1.077434185143387e-09	8.47888459581583e-06	0.0002091454760089	0.0002369198662157	4.374183013498937e-08	5.6131023007687584e-08	0.0014731974409603	-7.284525168400001e-05	5.306430692905307e-09	2.1703107000519765e-06	0.0	0.0	0.0	0.0	0.0	0.0
648.264894837897	0.592819885417498	420247.3738791897	0.3514354165464154	732.7007578763095	0.9413996262983346	536850.4005925183	0.8862332563946441	656.6368964293403	0.8516015376546875	0.7252251789358282	431172.0137523561	681.3497979236162	572.5952051427242	0.8417289999999998	16.033554	0.0483032499699442	0.0332037428962611	-0.0138854284	0.0687845179	-0.0044576137	-0.0226739119	0.0404649636	-0.0514854136	-0.1021911786	-0.0043758458	-0.0754256053	0.0335403621	0.0082873947	0.0396281361	-0.0357690982	0.0562145077	0.1170117998	0.0055028785	-0.0012628988	-0.0730999352	-0.0068101999	0.0566548288	0.0719266925	-0.0238031305	-0.1099046641	0.0609282446	0.0069683389	0.0569633704	0.0529927502	0.007460893	-0.0634060635	0.0808775541	0.1042504214	0.0554738604	0.0913798036	0.06807492	0.067837377	-0.0061923745	0.0399777303	-0.0508878349	0.0449709222	0.0302250322	-0.0993818269	-0.026246973	0.1026525475	-0.0434468145	0.0207755934	-0.119924412	0.0084113636	-0.037763657	0.0276764448	0.0309212107	-0.0752238913	0.0392894807	-0.1052684457	0.0188311991	-0.0371781996	-0.0234364381	0.0503531927	-0.0160800663	0.0461320629	0.0829347124	-0.1076335903	-0.0472160951	-0.0134504614	0.0578404965	-0.0230520291	0.0393190924	0.108532558	0.015831462	-0.0766658699	0.0175875683	0.0171222564	0.070105088	0.0923362929	-0.037939654	-0.0805817697	0.0192090201	-0.062408952	-0.0615690256	-0.0452047756	0.0193213439	0.0279215536	-0.0190527168	-0.035747381	-0.0450227776	-0.0658606295	0.086159793	-0.0525239033	0.0045976905	-0.0230462061	0.0025876716	-0.0270920135	0.0246550261	-0.0265955846	-8.90837e-05	0.1089555514	0.0248714951	0.0620685698	0.1014095218	-0.0712635478	0.0561566646	-0.0614178136	-0.1156959735	0.0	-0.011371345033865	1.0856494512299223e-05	1.1786347309558318e-10	0.0001293074878792	-0.0430385064243239	0.0301244980224879	0.0018523130352365	0.0009074853811068	-0.085210287565161	-0.0124887640105839	0.0072607931069374	0.000155969226512	0.0028708441951591	-4.100823857030016e-05	1.681675630638654e-09	8.2417463928787e-06	0.0002097178478248	5.723718158999892e-07	4.3981575696265976e-08	3.276094956366511e-13	0.0015451994594213	7.200201846099992e-05	5.184290662458173e-09	2.3876413693958776e-06	0.0	0.0	0.0	0.0	0.0	0.0
648.6692625528941	0.404367714997079	420771.8121809155	0.1635132489319589	732.2989635583126	-0.4017943179968597	536261.7720285789	0.1614386739745616	656.6875562653197	0.0506598359794452	0.0025664189814642	431238.5465537174	681.1696807956497	574.0990115451117	0.807552	15.382536	0.0303120673089914	0.0188757890068861	-0.009073016	0.0660517491	-0.0402189852	0.0008492225	-0.0297753595	-0.0015446014	-0.0457002216	0.0411247622	-0.0785987213	-0.0378995956	-0.0992230081	-0.0035579558	-0.0524356234	-0.1559643274	0.0213228593	0.013505607	0.0031456592	-0.0535816495	0.019572553	0.0849277129	0.03129565	0.0173987828	-0.0324407555	0.0846343862	0.0287750755	-8.79199e-05	0.0725974833	-0.0756839246	0.1184992238	0.029158619	0.0582461989	-0.0823760882	-0.0649352042	0.0305547184	-0.1485986472	0.0899604908	-0.0396251204	0.1674917693	0.1019426223	-0.022247654	0.0015501226	-0.0379387509	-0.0374445204	-0.0347524606	0.1201530251	-0.0414843501	0.0262432234	-0.0293658173	0.0046348373	-0.0185604031	-0.03497637	0.0662981761	-0.0168740365	0.0895287602	-0.0689922466	-0.0539241656	-0.0446648489	-0.0494047445	0.061401695	-0.0871488119	-0.0150345849	-0.0209657758	0.0829758462	-0.0683022893	-0.1088962301	-0.0025275431	0.0010207987	-0.1591281428	0.0532985816	0.0551528206	0.0390046855	-0.049587512	0.1050607446	0.0838091208	0.0318133692	0.0209483217	-0.0518686664	-0.0420994011	-0.0533562913	-0.022805236	-0.0083372616	-0.0524346956	-0.0524095178	-0.0407638081	-0.0389571085	-0.0664651486	0.0300481669	-0.0118418565	-0.0634638039	-0.0281746239	0.0006910151	0.0218045132	-0.0134220576	-0.0012102444	0.0959388302	-0.042607614	0.0357254152	0.0006880891	-0.1489291539	0.0540076933	-0.0655045805	-0.1150787493	0.0	-0.0164118693437842	-0.0050405243099192	2.5406885318886435e-05	0.0002693494553574	-0.0468641841481911	-0.0038256777238672	0.0021962517558755	1.4635810046893737e-05	-0.0852414848564961	-3.1197291335105515e-05	0.0072661107405402	9.732709866474495e-10	0.0027580865277857	-0.0001127576673733	1.2714291551490277e-08	7.607041294752979e-06	-0.000104866906716	-0.0003145847545408	1.0997068124182247e-08	9.896356778949539e-08	0.0015461503971845	9.509377631999882e-07	9.042826294797968e-13	2.390581050713787e-06	0.0	0.0	0.0	0.0	0.0	0.0
648.7197511102618	0.0504885573676574	420837.31548056	0.0025490944250672	732.7262244484641	0.4272608901515013	536887.719994501	0.1825518682530533	656.0589314942719	-0.6286247710478392	0.3951691027749482	430413.3215934057	680.6451534739156	576.2852290800888	0.80149	15.26707	0.040241115043116	0.0232662222563843	-0.0146613715	0.0483184289	-0.0491120615	-0.0509621906	0.0183150998	0.0148161728	0.0290578144	-0.0235464242	0.0322733835	0.0368918063	-0.1102187767	0.0664228908	-0.0417859735	-0.0780390393	0.0725810476	-0.0048043163	-0.0235548286	-0.0592409514	-0.0061497858	0.0633520264	0.0786080195	-0.0288755469	0.049245823	-0.0546122662	0.1114651	0.0229742677	-0.0160840291	-0.0192155387	0.0629702029	-0.0473371823	0.0758489301	-0.0322407511	0.0463012182	0.0552458497	0.0716929512	-0.1226894355	0.021682521	0.0065046802	-0.1114123104	0.0296123101	-0.08948881	0.1104122504	-0.1047480187	0.0596030914	-0.0098541836	0.0474963135	0.0171959731	-0.0543495144	0.0001658421	0.0299305337	0.01354562	0.089276282	0.0644044251	-0.080086304	-0.0078436502	-0.12539899	0.0009878872	0.0191455215	-0.0013546645	-0.0730795185	-0.0066577394	-0.027981458	-0.0275714157	0.05716581	0.0349001589	-0.0410721655	0.0608791505	-0.1425044761	0.0264592152	0.0468295789	0.1053926833	-0.0186198429	-0.0661012694	-0.1116439542	0.0330859483	0.0101010838	-0.055947124	-0.0531485879	-0.0723843822	0.027761767	0.0324685747	-0.0121246512	0.0524864207	-0.0064722544	0.0203489707	-0.0436045129	0.0885840976	0.0160875654	-0.0253824316	-0.0116745855	0.0289266027	0.0184492284	0.0925038132	-0.0356090902	0.0401972509	0.0514564215	0.0357376299	0.1324562733	-0.0275016791	0.0518347133	-0.0694748826	-0.1140012473	0.0	-0.0113589690748767	0.0050529002689075	2.5531801127525497e-05	0.000129026178444	-0.0563165990470366	-0.0094524148988454	0.0031715593282246	8.934814741991633e-05	-0.0853090776860341	-6.759282953799906e-05	0.0072776387356418	4.5687906049529975e-09	0.002955843848635	0.0001977573208493	3.9107957949493e-08	8.73701285751337e-06	0.0002097842093686	0.0003146511160846	4.40094145004086e-08	9.900532485328445e-08	0.0015451946932019	-9.557039826000452e-07	9.133701023575876e-13	2.387626639899313e-06	0.0	0.0	0.0	0.0	0.0	0.0
647.8715959443388	-0.8481551659230036	419737.6048314645	0.7193671854818777	732.6674067294958	-0.058817718968271	536801.5288837245	0.0034595240646305	655.911375406151	-0.1475560881208366	0.0217727991415241	430219.7323871888	680.6835900992052	573.0000544360084	0.84843	16.161205	0.0279852502174941	0.0232647022824502	-0.0172177484	0.0554388846	0.0162468258	-0.02717963	-0.0023934915	-0.0395520684	-0.0520236438	-0.0311944033	0.0347233085	0.0186978517	0.0382895409	0.0230912022	0.0242990227	-0.0634810074	-0.006801994	0.0006152012	-0.0288180876	-0.0582411401	-0.0263403431	0.0220866979	0.0632287765	-0.0447016368	-0.0663228254	-0.0675956958	0.0259166476	0.1796720237	0.0312788933	-0.0422444659	-0.0536531609	0.0192709031	0.0236224444	0.0036335	0.0184086035	-0.0831476551	0.0334121754	-0.0708453161	0.0562045849	0.1022137208	-0.0276690823	0.0725609835	-0.0831287182	-0.001401095	0.021300955	0.0239283967	0.01779884	-0.0494112007	0.0021172953	-0.0405228033	-0.0113762065	0.0139671434	-0.0585581361	0.0449282839	-0.053767981	-0.1121772039	0.036519527	-0.0132889099	-0.0278401716	0.0714679794	-0.0177613048	-0.0013505899	-0.0442336347	-0.0625542292	-0.0118579424	-0.0319798504	-0.0836045609	0.0622972781	-0.017020789	0.0027559445	-0.0751911002	-0.0637230155	0.0182230459	-0.0735782462	-0.0297059581	0.0264509057	-0.101053787	0.0062819753	-0.0590913711	-0.0528890794	-0.0214129092	0.0557363793	0.0220230724	-0.0061757159	0.0369891074	-0.0042907059	0.0439629904	0.0704806362	0.0939375187	-0.033632331	0.0571376215	-0.0458059657	0.0399159218	0.1331513735	0.082185775	0.0159741652	-0.0195972751	0.0385845531	-0.0389976912	0.0015942154	-0.0007533225	0.0496386907	-0.0733216609	-0.1124677771	0.0	-0.0172165464401672	-0.0058575773652905	3.43112125903636e-05	0.0002964094713264	-0.0561103726904548	0.0002062263565817	0.0031483739234617	4.2529310149001946e-08	-0.0851845992508373	0.0001244784351968	0.0072564159495257	1.5494880829045546e-08	0.0029686701056236	1.282625698859974e-05	1.645128683376037e-10	8.813002196023235e-06	-0.0002122052643824	-0.000421989473751	4.5031074231604297e-08	1.7807511595664592e-07	0.0015463183236708	1.1236304689001865e-06	1.262545430640853e-12	2.3911003581200734e-06	0.0	0.0	0.0	0.0	0.0	0.0
648.0245909716805	0.1529950273417171	419935.8705040138	0.0234074783912927	731.146738133286	-1.5206685962098163	534575.5526829439	2.312432979498733	655.7810625348773	-0.1303128712737589	0.0169814444196112	430048.8019793726	680.5173173350587	570.4409100887549	0.879206	16.747438	0.028933975818375	0.0195073556471674	-0.0179187863	0.0694924926	0.0095501094	-0.0055475852	-0.0149860017	-0.0132309102	-0.1112225893	0.0164410219	-0.1210498862	0.0028617205	0.0010836593	0.0669727488	0.0033617749	0.0765998825	-0.0174356963	0.0165699946	-0.0396751576	-0.0324099514	-0.0098960834	-0.0358622365	-0.0755633155	-0.031801006	-0.0846991486	-0.0126963851	-0.0668462702	0.0478611892	-0.0438919106	-0.0230969209	-0.0704256932	0.0127343569	0.0418555356	0.0839343863	0.2017705815	0.0876007298	0.1195468969	0.0982826211	-0.0239811115	-0.0340815483	-0.0018702258	0.0597558372	-0.0055275438	0.0231416808	-0.0882740857	-0.0523933868	0.0340067299	-0.034474076	0.010942264	-0.0293650119	-0.0250189655	-0.0041919856	-0.0855155294	-0.0391730721	-0.1109138867	-0.0069839515	-0.0334431709	0.0059623157	0.109976455	-0.0312111155	-0.1036803847	0.0287578787	0.0238001265	0.0473028384	-0.014186252	0.1612774847	-0.0440132178	0.0120747482	0.0296276186	-0.1297675345	-0.0306919626	-0.1313146207	-0.0506582408	0.127318632	-0.0763152007	-0.0518187367	-0.0299667833	0.0042382708	-0.0659046565	-0.0289572749	0.0374221121	0.0404532292	-0.0091102443	-0.017641218	-0.0351769398	-0.0396398198	0.0181991974	0.1272884107	-0.0706201294	0.059651535	-0.0061792549	0.0609727354	-0.0634683156	-0.0171989731	0.0185527757	0.0210734506	-0.0960290299	-0.0107329972	0.0556503666	0.21528737	0.0469792645	0.0474206018	-0.077038076	-0.1104844722	0.0	-0.0139286421568414	0.0032879042833258	1.081031457631214e-05	0.0001940070723333	-0.0372824824443824	0.0188278902460724	0.0013899834972156	0.0003544894511181	-0.0851371775129905	4.742173784678949e-05	0.0072483389948784	2.248821220409626e-09	0.0031021726359364	0.0001335025303128	1.7822925599920183e-08	9.623475063152591e-06	-0.0002141021044452	-1.8968400627999865e-06	4.583971112786333e-08	3.598002223843056e-12	0.0015463341443178	1.582064699991864e-08	2.502928714960347e-16	2.3911492858830626e-06	0.0	0.0	0.0	0.0	0.0	0.0
647.960785577446	-0.063805394234464	419853.17964614095	0.0040711283334153	732.3746681328976	1.227929999611547	536372.6545227718	1.5078120839460136	655.098027512042	-0.68303502283527	0.4665368424195777	429153.42565016815	680.0226512044483	571.9554017783952	0.821764	15.653249	0.0544614146414685	0.0469596493192392	-0.0118060177	0.0679801489	-0.0066911832	-0.0095100729	-0.0334922767	-0.0126291492	-0.07803294	0.0426359407	-0.0281931866	-0.0551845628	0.0556642612	0.037847766	0.0448819833	-0.0870626651	-0.0571586451	-0.0082231527	-0.0706502803	-0.0404126799	-0.0342857891	-0.0333403531	-0.100723955	0.0121255176	-0.0861284166	0.0089018558	0.2180644728	0.0969051478	-0.0254628232	0.0258077713	0.0835227624	-0.0836441761	0.0609095156	-0.0890664563	0.0178591199	0.031586799	0.005649709	-0.0242978079	0.0619779324	-0.0333577914	0.1010751929	-0.0471545548	0.0990156077	-0.12842799	-0.0867714121	0.1238827943	0.0040934764	0.1430165261	-0.0082318347	-0.0355649326	-0.056599764	0.0004366287	-0.0918297026	-0.0740985344	-0.0144640542	0.0300072915	-0.0104462424	-0.0299936696	0.0028412346	0.1155462832	-0.0409030445	0.065443181	0.0896889985	-0.0137369166	0.023439118	-0.0261219581	0.0038420124	0.1734491911	0.0390494159	0.007443089	0.024639794	-0.0911005317	0.1376046657	0.1257228954	0.0122262356	0.0947539748	0.0333214514	0.0093422963	-0.0434257822	-0.018816437	0.0318220617	-0.0166519833	0.0117233235	-0.0790074677	-0.0771505266	-0.0393051396	-0.0047223234	0.0648897385	-0.0392768339	-0.0221534931	-0.0148469598	0.0375853345	-0.1395017823	0.0727123354	0.0387322767	-0.1308479121	0.0766714309	0.1205918558	-0.0399189875	0.0355026144	0.1052724534	0.0451814325	-0.0806175202	-0.1080592651	0.0	-0.0112860202924309	0.0026426218644105	6.983450318260433e-06	0.0001273742540411	0.0086822198458236	0.0459647022902059	7.538094145121318e-05	0.0021127538566272	-0.0850316030168585	0.000105574496132	0.0072303735116166	1.1145974233527296e-08	0.0030051611135279	-9.701152240850029e-05	9.411235480014954e-09	9.030993318260248e-06	-0.0001961754541475	1.7926650297699998e-05	3.8484808809977885e-08	3.2136479089602737e-10	0.0015463019972096	-3.214710820004067e-08	1.0334365656251225e-15	2.391049866574398e-06	0.0	0.0	0.0	0.0	0.0	0.0
647.8316929410571	-0.1290926363889184	419685.9023788761	0.0166649087698415	731.5799646088572	-0.7947035240404148	535209.2446170967	0.6315536911222541	655.1980728172853	0.1000453052432703	0.0100090631012191	429284.51462348463	680.193746306379	570.3162010025804	0.8125989999999998	15.478683	0.0542954757903986	0.0323538166890286	-0.014281492	0.0698380813	-0.0620316545	-0.0146459544	0.0064797599	0.0413149194	-0.0419737361	0.1070474937	-0.1241317144	0.0270641895	-0.0690381673	0.0151198709	0.0525313674	-0.0069830921	0.050098371	-0.0069439728	-0.069867002	-0.0372120866	-0.0576765611	-0.053989426	-0.0765343216	0.0101290268	-0.0801569878	0.0427467872	-0.0430489709	-0.1062789033	0.0127950969	-0.0774451877	0.0795839614	0.0723709287	-0.0029851389	-0.0373480095	-0.0122861746	0.0162708214	-0.0721324427	0.0001514869	-0.0308151638	-0.0747376862	0.0374028687	0.0286331223	0.0035883457	0.040459141	0.0161646667	0.133834546	0.0570705669	-0.0660858011	0.0178560336	-0.056156399	-0.0559558902	0.0249661474	-0.0272788318	-0.089014692	-0.0169013064	0.095664488	-0.0740311199	-0.0407887341	0.0697937716	-0.0411304321	-0.0104336902	0.0062596029	0.0002739623	0.0421148967	0.0647920173	-0.0258629425	0.0085034539	-0.0010971405	0.1215276105	0.0005719137	0.0407403256	0.0261904338	0.0893879588	0.024515303	0.0033168211	0.0438661322	0.1050015567	0.0095648809	-0.0422986142	0.0050773897	0.0324451087	-0.0084993575	0.0110998838	-0.0889385796	-0.1331611188	-0.0284529188	0.0121854338	-0.0551740775	-0.0569706527	-0.0460139044	-0.0255022777	-0.0663247875	0.0515662864	0.1505264329	-0.0152692148	0.0354055485	0.0631781228	0.0055791135	0.0474400749	0.0329435586	0.0033933563	0.0429221782	-0.0840536294	-0.1052018558	0.0	-0.0112635642098695	2.245608256139925e-05	5.042756440043793e-10	0.0001268678787098	-0.0028289846787288	-0.0115112045245524	8.003154312482291e-06	0.000132507829606	-0.1096048385901298	-0.0245732355732713	0.0120132206423684	0.0006038439065394	0.0031650014729946	0.0001598403594666	2.5548940514443866e-08	1.0017234324057986e-05	7.446538702771122e-06	0.0002036219928502	5.545093865186822e-11	4.146191597231586e-08	0.0015459927573263	-3.092398833000592e-07	9.562930542343423e-14	2.390093605705376e-06	0.0	0.0	0.0	0.0	0.0	0.0
647.6761821051055	-0.1555108359516452	419484.4368662457	0.0241836200983795	731.712458708792	0.1324940999348882	535403.1222296658	0.0175546865175561	655.2009383288031	0.0028655115178253	8.2111562587896e-06	429288.269586944	679.9502205653729	572.5137525962217	0.830913	15.827527	0.0668822423099517	0.0563279286910059	-0.0241786533	0.0578284059	-0.0265733154	-0.0440507635	-0.0232632292	0.0448068346	-0.0230587257	0.0632136445	0.0004787087	0.0678330963	-0.0571275064	-0.0476646612	0.0553359973	-0.0485397437	0.0238584547	-0.014414825	-0.0747720666	-0.0201767929	0.0214184351	-0.0512634623	0.0254929071	-0.0405615723	-0.0081099627	-0.1293009988	0.0543290107	-0.0507459803	0.0062434979	0.0676211432	-0.0685533292	0.0628559034	0.0579075117	-0.1151374286	-0.0475655616	0.0348263945	-0.0770918334	-0.1497717916	-0.0953029116	0.0425272142	0.0893667437	-0.1580395542	0.0617648506	-0.0315435394	0.0180813254	0.008747411	-0.0716998056	-0.0497484025	0.0049109024	-0.0491314916	-0.0606277677	0.0123217662	-0.0089353389	-0.0415527908	0.0143124066	-0.0148777027	-0.0118239639	-0.0905013584	0.0360916022	0.0082894289	0.0045607492	0.0430600313	0.00688557	-0.0515886224	0.0580250754	0.0084571205	0.0153791094	-0.0482100313	0.1222347442	-0.0149942662	0.0289011269	-0.0137897935	0.0231272466	-0.1309456083	-0.0213856412	0.1373069617	0.1253619527	-0.0028860337	-0.0495886427	-0.0010273329	-0.0402628099	0.0282433363	-0.0173198479	-0.005178759	-0.0397240857	-0.0184808107	0.1407225824	-0.1130809535	0.0528678134	-0.0463599267	0.0084269651	-0.0096306947	-0.0109963622	0.0774912129	0.0148746364	0.0494711361	0.1174030963	0.0357577078	-0.0422285735	0.0354424963	0.1248862705	0.0406438432	-0.0873402943	-0.1019236731	0.0	-0.0113144053906779	-5.084118080839889e-05	2.5848256659923075e-09	0.0001280157693446	-0.0578804759421558	-0.0550514912634269	0.0033501494952904	0.0030306666903271	-0.1096690320986226	-6.41935084927936e-05	0.0120272966014487	4.120806532614363e-09	0.003243624155624	7.862268262940003e-05	6.181526223843362e-09	1.0521097662947506e-05	-0.0001479921846896	-0.0001554387233923	2.1901686729200678e-08	2.4161196729850062e-08	0.001546245678449	2.5292112270009805e-07	6.396909430787805e-14	2.390875698122208e-06	0.0	0.0	0.0	0.0	0.0	0.0
649.1067346262952	1.4305525211897248	421339.5529372116	2.046480515882278	732.017383367365	0.3049246585729861	535849.4495520039	0.0929790474058521	655.2650473575621	0.0641090287590486	0.0041099675684285	429372.28228850814	679.5699526653964	572.1391059708421	0.915725	17.443052	0.0142722021271797	0.009627268475655	-0.0178699729	0.0457914632	0.1127674531	0.0170406787	-0.0070351037	0.0320976388	-0.0874805725	-0.0433721677	0.022739424	0.0633898622	0.1618388471	-0.0436648137	-0.0423607868	-0.179417628	0.0920429968	0.0325955757	-0.0497359867	0.0517891108	-0.0427131065	-0.0120790023	-0.0495550901	-0.0977685053	-0.1059004987	-0.1115543742	0.0195641554	0.0662868795	0.0452488736	-0.047224094	-0.0294025181	0.0754351622	-0.0978223526	-0.0729266683	0.0910607528	-0.0181316842	-0.1143680413	-0.0168781778	0.0641622063	-0.0595789083	0.0195405694	-0.0405068622	-0.0202199158	0.0524633901	-0.1048288977	-0.0444313513	0.0297134279	-0.0179909677	-0.0428766062	0.0717157208	-0.0850087826	0.0490698181	-0.0899481188	-0.0573945833	-0.0631627463	-0.1502318949	0.0217346163	-0.0399312962	-0.0552483903	0.037220923	0.0074039436	0.0130966088	-0.1067389319	0.1594924558	0.0555608576	0.1156094563	-0.0115773913	0.0531925168	-0.0173051997	-0.1309334336	0.0749017846	-0.0167861896	-0.1112400297	-0.0542071876	-0.0163242158	0.1117480123	0.026145267	-0.0052170194	-0.0384062518	0.0001814623	-0.015977393	0.0157769129	0.0186227837	0.0427119667	0.028714731	-0.0358425847	0.2236020775	0.0555563124	0.1146151743	-0.0398527003	0.0650245125	0.049240554	-0.0172919409	0.1363430851	0.0477588473	0.0483545561	-0.1107686437	0.0668427727	0.0523860289	-0.0092154059	0.0188031367	0.0383474405	-0.0904716714	-0.0982378286	0.0	-0.0112972194624063	1.7185928271599635e-05	2.9535613055656757e-10	0.0001276271675817	-0.060454340323389	-0.0025738643812332	0.0036547272639361	6.624777852980963e-06	-0.1096172759806677	5.175611795489588e-05	0.0120159471934218	2.6786957457610953e-09	0.0033971845847037	0.0001535604290797	2.3580805379141644e-08	1.1540863102548451e-05	-0.0002268724985523	-7.888031386270002e-05	5.147113059936337e-08	6.222103915078065e-09	0.001546392849501	1.4717105200007588e-07	2.1659318546809042e-14	2.391330844987823e-06	0.0	0.0	0.0	0.0	0.0	0.0
651.6216981452968	2.51496351900164	424610.83749376034	6.325041501909111	732.2989731528543	0.2815897854892455	536261.7860807248	0.0792928072918793	656.6026442918909	1.337596934328758	1.7891655587256916	431127.0324911034	680.8437661602525	591.5966744248884	1.040025	19.81077	0.1224177871235577	0.0531008002717282	-0.0043894844	-0.0374272495	0.1107936264	0.0546867559	-0.068885115	0.0284074846	-0.0509930606	-0.0399340315	-0.0676238142	-0.0342628253	0.0382596443	-0.0788177416	0.0874397889	0.094552689	0.2283459205	0.0151473447	-0.0016753662	0.080334747	0.0939505324	0.047507324	-0.1008269646	0.0627335836	0.0134366061	0.0496469362	0.1004075021	0.0672310619	0.1354197029	-0.0842765814	-0.1321348687	0.068462514	0.0276801762	0.0646866694	0.0879593647	-0.0374089604	-0.1836146076	0.0778057662	0.067769048	-0.1236190056	-0.0675305666	-0.0466845211	-0.1625104338	0.1048944337	0.008156425	0.2229013463	0.021191096	0.0175442661	-0.034893346	0.1037701289	-0.0513846163	-0.0676653428	-0.0656262677	0.015276314	-0.0622810566	0.0846520893	0.0533036898	0.012878565	0.0491755884	0.1291907668	0.1488976595	0.1474049597	-0.0364806	0.0450874169	-0.0272375479	0.1133888555	-0.0125068031	-0.020981215	0.0307110423	-0.1026722507	-0.0913172709	0.0805599164	-0.029500271	0.011237893	0.1923276599	-0.0475754148	-0.1076306099	-0.0024097109	-0.0254409808	0.0500243283	-0.0043087351	-0.0584761685	-0.1279983953	0.0579836286	-0.0520949247	0.0225359108	0.1279310335	0.1251858571	-0.0799035123	-0.0282438528	0.0639869063	0.1515809106	-0.1190020716	0.0209950367	0.02584199	0.0915832544	0.0024691295	0.0247205293	-0.0002825261	0.1538931821	0.0833071252	0.0360339907	-0.0934421931	-0.0941590645	0.0	0.005329769736349	0.0166269891987553	0.0002764567698155	2.8406445442501687e-05	-0.0411785768243504	0.0192757634990385	0.0016956751892789	0.0003715550584708	-0.1414551907767816	-0.0318379147961138	0.0200095709976956	0.0010136528185646	0.0030613228949515	-0.0003358616897522	1.128030746432031e-07	9.371697867154232e-06	0.0002819861600866	0.0005088586586389	7.95161944803856e-08	2.5893713447178056e-07	0.0012975708052991	-0.0002488220442019	6.191240968081232e-08	1.683689994764555e-06	0.0	0.0	0.0	0.0	0.0	0.0
652.2215229219204	0.5998247766235636	425392.9149625891	0.3597897626515079	732.2431537512578	-0.0558194015965227	536180.0362155881	0.0031158055945938	656.4713940129668	-0.1312502789240852	0.0172266357176501	430954.6911573279	680.9150703784417	601.1934935743791	0.944462	17.990456	0.0818657341306432	0.043039458358848	0.0136388979	-0.0802959268	0.0520423747	0.0707038251	0.0416895335	0.0316977107	0.0074405212	-0.0974107634	-0.0662321362	-0.0769355262	-0.064124339	-0.0205219793	0.0714995926	-0.0337842433	0.1102322232	0.0219788095	-0.0216009935	0.0600723633	-0.0062821709	0.0720991639	0.0090075254	0.0363642141	0.0065444083	0.1762773188	0.2309642254	0.0017261797	0.0784103264	0.0538663645	-0.0473858984	0.0031231431	-0.0726406015	-0.0671518181	-0.0766425597	-0.1741717212	-0.0275383426	0.0098540234	0.1020265413	0.1348575306	0.0476075297	-0.0335287087	0.0932280295	-0.0034923686	0.0977309026	-0.0345216531	-0.0630898003	0.0140529708	-0.00445268	0.0719786689	-0.0408574889	0.0364575578	0.0142728541	0.0811495754	-0.0499082603	0.0903553899	-0.0824143929	-0.0315218611	-0.0021669535	0.2148931723	0.0290360293	0.0897009215	-0.0408527069	-0.1562349697	0.0689826047	-0.0786908579	0.0137867976	0.0907024034	-0.0957389178	-0.0245215951	-0.0707445628	0.0146549229	-0.0016873927	-0.0552985075	0.0668998871	0.0546005562	0.0141635705	0.0061656791	0.0088107014	0.0314355406	-0.1068018406	-0.1073353452	-0.0115919846	0.0354346023	-0.0793682459	-0.0493051437	0.0641205559	0.0867334504	-0.07865046	-0.109554167	0.0231229789	0.0706478651	-0.1014114844	0.0267617714	-0.0074747925	-0.09210813	0.1230281454	0.086950509	0.1818773164	-0.0169252081	-0.0437193691	0.0337045224	-0.096246578	-0.0897036946	0.0	0.0061403121096361	0.0008105423732871	6.569789388938846e-07	3.770343280374373e-05	-0.0207737769517137	0.0204047998726367	0.0004315498088395	0.0004163558578423	-0.1206753721010471	0.0207798186757344	0.0145625454317261	0.0004318008641964	0.0028681637609811	-0.0001931591339703	3.7310451036194905e-08	8.226363359805249e-06	-0.0002280039750783	-0.0005099901351649	5.198581265150605e-08	2.60089937965513e-07	0.0013918330003435	9.426219504440002e-05	8.885361414588512e-09	1.9371991008451894e-06	0.0	0.0	0.0	0.0	0.0	0.0
652.0820334314602	-0.1394894904601642	425210.978324108	0.0194573179488362	730.9830156268496	-1.2601381244081722	534336.169134923	1.587948092586946	655.4340981924406	-1.0372958205261966	1.0759826192811155	429593.8570733379	680.5248552455889	603.9618072509766	0.982648	18.717834	0.0789248415009286	0.0447763418454623	0.0193666351	-0.0947126971	0.0402918753	0.0648313351	0.0276581416	0.0697869079	0.0022564669	0.1000940031	-0.051614215	-0.0535627817	-0.0375340565	-0.0618581032	0.0921137624	0.075742288	0.0811299036	0.0079870311	-0.0483924276	0.0780261212	-0.0442398141	-0.003726871	-0.0943545593	-0.0127878334	-0.0330717123	0.0645207277	0.0838739118	-0.0928288073	0.0928421926	0.0541805397	-0.0202060496	0.0003378567	0.0487220257	0.0742508678	0.0396849933	0.1054851873	0.0272884607	-0.0856442084	0.1608294318	-0.0624638104	0.0645917803	0.0924129485	-0.0312278058	0.0512459975	0.0149942488	-0.0376050844	-0.1059294495	0.0117017519	-0.0143064336	0.0654723945	-0.0483145568	0.0353554327	-0.0121834982	-0.0699904023	0.0327306133	0.1359716947	-0.0578973681	-0.0258586932	0.049176879	0.0709447956	-0.1003554099	0.1507324469	-0.0144639396	-0.0378813909	-0.0234024643	-0.0118929419	-0.0656116293	-0.0228854987	-0.0072740565	0.0120825802	0.0145372644	0.02427877	0.1381378265	-0.0215625479	0.0498480221	-0.1534673501	-0.0698301688	-0.0009795102	0.0020867235	0.0743669504	0.0889300921	-0.1785298229	-0.0392217286	0.03653028	-0.1099250979	0.0125015915	0.1092902529	-0.0911711375	-0.0867990019	-0.1832186684	0.0314256816	0.1426943959	0.144805022	0.0797130634	0.0314148492	0.0782923413	0.0985972244	0.0627153066	-0.2519877643	-0.1567235545	0.1067522155	0.0313600711	-0.09887984	-0.0848895389	0.0	0.0031325346083406	-0.0030077775012955	9.046725497299402e-06	9.812773072451596e-06	-0.0031796737501395	0.0175941032015742	1.0110325157326192e-05	0.0003095524674676	-0.152718638761641	-0.0320432666605938	0.0233229826252085	0.0010267709382819	0.0033036528484098	0.0004354890874286	1.896507452694819e-07	1.0914122142806183e-05	-0.0002278501546053	1.538204730000027e-07	5.191569295365912e-08	2.366073791394456e-14	0.0013018820254959	-8.99509748476001e-05	8.091177876033585e-09	1.6948968083093071e-06	0.0	0.0	0.0	0.0	0.0	0.0
651.5497301930199	-0.5323032384403632	424517.05091459694	0.2833467376540982	730.3397930029666	-0.6432226238829344	533396.2132436162	0.4137353438748469	655.4856867636404	0.0515885711997725	0.002661380678434	429661.4855520013	679.91726116992	600.3724618285241	0.914354	17.41695	0.0598361811436192	0.0294419720215404	0.0164470616	-0.0880315593	0.0504906685	0.0712369661	-0.0382584731	0.1476148046	0.0981259468	0.0329399363	0.0807454857	-0.0441854058	-0.1077280671	-0.0591870001	0.113113199	0.0343163723	0.0483533478	0.0240740566	-0.077388875	0.0648770127	0.1154442673	0.0190037113	-0.0769562229	-0.0292376382	0.0608160898	-0.0763281101	0.1197043302	-0.0076879957	0.1140212154	0.104532022	-0.1497763208	-0.0475786473	0.1283397949	-0.0140415911	-0.0076289656	0.0292776259	-0.0821460374	0.0041827568	-0.042979195	-0.1566931972	0.1022976461	0.0803529894	-0.0208563083	-0.0050856374	-0.0166348087	0.0661773696	-0.0344404852	-0.0432313653	-0.0159928694	0.0757999386	-0.0804493988	-0.0264918205	0.0315375908	0.0177456713	0.1381612366	0.0389695843	-0.0527267784	-0.0937849501	-0.0558048788	0.0626463866	-0.0916069133	0.1858349699	0.0865423214	-0.0594743356	-0.1075686211	0.0984756407	-0.0669850586	-0.0494720201	0.0322762633	-0.1064735221	-0.0772625775	0.1139998466	0.0130629421	-0.041764956	0.0396722024	0.0028528643	-0.0772180457	0.0015299485	0.0162766373	0.0792679688	-0.0141440216	-0.1898485273	-0.1452381001	0.058012135	-0.0025452163	-0.0114813722	0.2150917691	-0.1096857912	0.0690665218	-0.1277573987	-0.0066306798	0.2633000628	0.0661309214	-0.052207148	0.1414039589	-0.0274101049	0.1205437017	0.0360315982	-0.3162546472	-0.1836805747	0.1649000069	0.029001679	-0.1013372972	-0.0797358525	0.0	0.0160203844996118	0.0128878498912711	0.0001660966748199	0.0002566527195154	-0.0053239551505015	-0.002144281400362	2.834449844455145e-05	4.59794272393842e-06	-0.131572590293473	0.0211460484681679	0.0173113465165341	0.0004471553658181	0.0031350274126388	-0.0001686254357709	2.843453758895963e-08	9.82839687799673e-06	-3.713805522553848e-05	0.0001907120993797	1.379235145935146e-09	3.6371104849836046e-08	0.0011880595329703	-0.0001138224925255	1.2955559804740248e-08	1.4114854538816074e-06	0.0	0.0	0.0	0.0	0.0	0.0
651.729361111706	0.1796309186861435	424751.1601350725	0.0322672669480279	731.1456724918249	0.8058794888582952	534573.9944035229	0.6494417505625071	655.1558544551539	-0.329832308486516	0.1087893517215442	429229.1936268628	679.5257265721438	599.8284908768035	0.9576110000000002	18.240919	0.0632229516136094	0.0330273239787677	0.0121686535	-0.0984835131	0.1310130205	0.0692907343	-0.012330783	0.095437433	0.0356150144	-0.1915323488	0.1001908717	0.0315080141	-0.0227366772	-0.0795550528	-0.0862717487	-0.0058401059	-0.0345283843	-0.0059138804	-0.0892706847	0.106052092	0.0446020104	0.1381677104	0.0170831844	-0.0509734007	-0.0142044219	-0.0572831221	0.0382005136	0.1048347013	-0.0746519403	-0.005058911	-0.0033965309	0.0833696168	0.0839046259	0.0140730952	0.0512709166	0.1188317206	-0.0262969065	0.0876723265	0.0910644968	-0.0029186829	-0.0400460246	0.0192504027	0.0060259466	-0.0530958873	0.159524198	-0.0516431842	0.1152302101	-0.1987466764	-0.0639225893	0.1277763232	-0.1072139946	0.0173692479	0.0121668269	0.1629248401	0.0165994002	-0.0795093357	0.0215495218	0.0262666252	-0.0005696843	0.0481651313	-0.0933608342	0.0446748201	0.009033412	-0.0063377871	0.0698213451	0.0076686276	-0.2574473539	-0.0803820845	0.0035876585	-0.0348975601	0.0268377558	0.0070155412	-0.0057819476	-0.0893433764	-0.0129524898	-0.1072938305	0.0461895091	-0.0072622674	0.0247753906	0.0411513816	-0.0716762604	-0.127404775	-0.1094606836	0.0856223812	0.0228875754	0.0108985935	0.115093447	0.1078736976	0.073410281	-0.0685622448	0.0842751898	0.0345604407	0.0597394189	0.0521040058	-0.0041965737	-0.0043443315	0.0593988577	0.0336819693	0.2016989209	-0.0580456121	-0.2210105432	0.0266303944	-0.1036145805	-0.0742632484	0.0	0.0080830768957298	-0.007937307603882	6.300085199864301e-05	6.533613210228088e-05	-0.0351070757008926	-0.0297831205503911	0.0012325067642682	0.0008870342697191	-0.1287418820886898	0.0028307082047832	0.0165744722037381	8.012908940626958e-06	0.0030481663317165	-8.686108092230025e-05	7.544847378990393e-09	9.291317985810024e-06	-0.0002279231168411	-0.0001907850616155	5.1948947190561724e-08	3.639893973565361e-08	0.0013638496955235	0.0001757901625531	3.090218125048046e-08	1.860085991979544e-06	0.0	0.0	0.0	0.0	0.0	0.0
652.8822317338845	1.1528706221785114	426255.2085138177	1.329110671482268	731.612076291171	0.4664037993460397	535256.2301750781	0.2175325040444208	656.0173794091572	0.8615249540033574	0.742225246370487	430358.8020868581	680.9252096957327	601.3842837034351	0.898551	17.115915	0.0613822316580734	0.0336913258881535	0.0203867098	-0.0940336538	0.1000574841	0.1083464365	0.0096603895	0.0725624051	0.0058358286	-0.1765703225	-0.0713884499	-0.0647731239	-0.0854158212	-0.1061633535	-0.0063596591	0.1759356944	-0.0528386342	0.0356746231	-0.0335836703	0.1006743536	0.0262023751	0.1487650162	0.0018143826	-0.0383001622	-0.056034565	0.01340028	-0.0346958399	0.0581832367	0.0133445953	0.1815330638	-0.02998213	0.315593583	-0.0120018932	-0.0119575061	-0.0995225753	0.182103205	-0.0538548812	0.0274231228	0.0584686478	0.0142256626	-0.0266995167	0.0311194314	0.1256716824	-0.0232413343	-0.0834527233	-0.0931247334	0.0057687763	-0.0358577649	-0.0244573748	0.1322571838	-0.0441424189	0.0139565029	0.0226264939	0.1295822546	-0.0849344384	0.0749055798	-0.098908263	0.1111762299	-0.0311049157	0.0009467636	-0.193039082	0.1684092003	-0.0457936481	-0.0570787404	0.1013546913	-0.027006516	-0.0650935618	-0.1103974129	0.0142559118	-0.0252611161	0.136332154	-0.0388557575	-0.2117404086	-0.1173493504	-0.0535044197	-0.072750809	0.1290042615	-0.0005560423	0.0367359412	0.0294909433	-0.0906930645	-0.1682247562	-0.0818132764	0.0898077165	-0.0187208978	-0.0570784081	0.0832521975	0.0430349922	-0.0214929234	-0.0941934183	0.0557541925	0.17529321	0.0003669879	-0.067076039	-0.0508628579	-0.0239945144	-0.0523299248	-0.0351323205	-0.0312554889	0.0384558216	-0.145289345	0.0242472716	-0.1057076408	-0.0684936154	0.0	-0.0071885261114914	-0.0152716030072212	0.0002332218584101	5.167490765559367e-05	-0.0320814863862608	0.0030255893146318	0.0010292217687518	9.154190700814138e-06	-0.1019251664476144	0.0268167156410754	0.0103887395553739	0.0007191362377742	0.002948104283171	-0.0001000620485454	1.001241355912196e-08	8.691318864451196e-06	-0.0001627264403385	6.519667650259998e-05	2.6479894385239404e-08	4.250606626984673e-09	0.0012037419466687	-0.0001601077488548	2.563449124335173e-08	1.4489946741697513e-06	0.0	0.0	0.0	0.0	0.0	0.0
654.7170697263357	1.8348379924511848	428654.4413910395	3.3666304585422933	733.4363315929066	1.8242553017356613	537928.8525004601	3.327907405910669	657.656720420732	1.6393410115747429	2.687438952230901	432512.3619145528	682.3387522628054	609.4244110274489	0.977404	18.617947	0.0518250722273527	0.0297364694511802	0.0156670003	-0.1448533991	0.1046162651	0.1025283875	0.126372314	-0.0146523764	0.0903574472	-0.0727232982	0.0130955832	0.0083618648	-0.133138484	-0.0277729564	-0.1329815715	-0.0122829817	-0.0003386946	0.0099411299	0.0403865208	0.0403529081	-0.0384269805	0.1907256161	0.1172004596	-0.0928925572	0.0975252443	-0.0641851246	0.0492153215	-0.0827479179	0.0872979175	0.0418700223	-0.0408637876	-0.0225032893	0.0106093004	0.0383059705	-0.0593828928	-0.0192825064	0.1161310942	0.0610585188	0.0328742034	-0.0060654887	0.0729671521	0.0592593994	-0.020013128	-0.0377573575	0.0463565732	-0.0234784138	-0.135664006	0.048704337	-0.0286211482	0.1268640746	0.0538941147	0.096305881	0.031726915	0.1510067717	0.1101126156	0.002532097	-0.0408946395	-0.0681145638	-0.0347809057	-0.0578738363	-0.0039234772	-0.0295966513	-0.0955901608	-0.1710742885	-0.0766904915	0.0647223039	-0.0152608244	-0.0284285813	-0.0205526995	0.0319656287	0.1100594055	-0.0019205889	0.0075832808	-0.0073416441	0.03963947	-0.0600958082	-0.1033322717	-0.0084302593	0.033766937	0.0180884039	-0.0368050135	-0.188312455	0.0745257506	0.100887488	0.0539186869	-0.0358358502	0.0171526897	0.014760548	0.1069949987	-0.044526049	-0.0038092379	0.032970634	0.0120075551	-0.0554694806	-0.0166098971	-0.0643214749	0.1304661744	-0.031050989	0.1285658705	0.0260111954	-0.2185853001	0.0218533699	-0.1076127567	-0.06245003	0.0	-0.0018765527263582	0.0053119733851332	2.8217061244363467e-05	3.5214501348023937e-06	-0.0053034422192439	0.0267780441670169	2.8126499372858665e-05	0.0007170636494107	-0.1018258413825918	9.932506502259576e-05	0.0103685019732727	9.865468541742874e-09	0.00315413650845	0.0002060322252789	4.24492778534166e-08	9.948577113937157e-06	-0.0001898508736255	-2.712443328699998e-05	3.6043354216365574e-08	7.357348811409126e-10	0.0013632998803063	0.0001595579336376	2.5458734186700773e-08	1.858586563643172e-06	0.0	0.0	0.0	0.0	0.0	0.0
653.7631418955258	-0.9539278308099028	427406.2457011094	0.9099783063936866	733.8705039284446	0.4341723355379372	538565.9165361892	0.1885056169464671	658.083974624376	0.4272542036439972	0.1825461545314662	433074.5176574163	682.7438217673298	609.984707335312	1.004105	19.126549	0.0468670532661925	0.0371089584987859	0.015805505	-0.1396331935	0.0962329997	0.0914836799	0.0100979586	-0.0994069992	-0.0057801826	-0.0849519202	-0.0279053589	-0.016693754	-0.042992622	-0.0242661771	0.0910805862	0.1242272564	-0.0707143012	-0.0126168598	0.097544991	0.0551696643	0.0112640855	0.0214137736	-0.0394334237	-0.1249091824	-0.0295907263	0.1028157207	0.0293332616	0.1008003373	-0.0749829343	0.1118826771	-0.0256828761	0.1591029976	-0.0318688693	-0.1233185254	-0.1157108123	0.0677404911	0.2001433224	-0.0161595876	-0.0371027227	-0.1811697062	-0.1379988714	-0.0232935539	-0.1256405161	-0.0498673804	-0.1994444547	-0.0775110567	-0.0639896256	-0.0482197883	-0.0310490396	0.1199707147	0.0946508981	-0.0157327416	-0.0461757151	0.0316973774	-0.0426247617	-0.0007263642	-0.0635529752	0.0814769938	0.0892492356	0.0378993218	-0.0848789395	0.1803540233	0.0122415491	-0.0832618154	0.0308460104	-0.0635158256	0.0379026183	0.0141680224	-0.0065447889	-0.0566883124	0.2305154932	-0.0007008098	-0.1360351885	0.0997940187	-0.0876523911	0.0024444144	-0.1007640969	-0.0146138187	0.0101080023	0.0226915635	0.0888642715	-0.1347867184	-0.0073810837	0.1226354702	0.0211159415	-0.029102556	0.0156262456	0.1058548185	-0.0632138826	-0.0279578164	0.0355531416	0.0591723798	0.0624414409	-0.0751117192	-0.0574393682	-0.071997489	-0.0157057654	-0.152788897	0.0711601232	0.0340819433	-0.087981559	0.0194497534	-0.1093265412	-0.0561566646	0.0	-0.0017820451737406	9.450755261760009e-05	8.931677501768451e-09	3.175685001252165e-06	-0.037240353924048	-0.0319369117048041	0.0013868439603883	0.0010199663292404	-0.1019163471821826	-9.050579959080096e-05	0.0103869418229591	8.191299759570227e-09	0.0034241531479955	0.0002700166395455	7.290898563144446e-08	1.1724824780927491e-05	-0.0002141665305475	-2.431565692200002e-05	4.5867302806753255e-08	5.912511715484075e-10	0.0013638701480224	5.702677161000241e-07	3.2520526802593765e-13	1.8601417806666432e-06	0.0	0.0	0.0	0.0	0.0	0.0
653.2004438883476	-0.5626980071781418	426670.8198959344	0.3166290472822521	734.5797386863015	0.7092347578569616	539607.392488435	0.5030139417524229	658.621949214906	0.5379745905299842	0.2894166600559041	433782.8719876421	683.2559459234226	601.153447088534	0.959463	18.276197	0.0994398056686851	0.0735709400287913	0.0093605922	-0.1020961965	-0.0248556165	0.0242055911	-0.0094650273	-0.0856022554	0.0934037715	0.0111089076	0.0350728738	-0.0644697968	-0.1213698517	-0.0136491309	0.0731146169	0.0001035901	-0.0274596682	-0.0174902711	0.1194320774	0.0005605178	0.0267319639	0.0621740519	-0.0295620604	0.0112090901	0.1478440603	0.0400834893	-0.0196985843	-0.0100203864	-0.0313076331	0.0022577666	0.0947547853	-0.0009675628	-0.1357925263	-0.1250581344	-0.0727014198	0.2103978302	0.1403008279	-0.1179583425	-0.0034854112	-0.0616277069	-0.0084724665	0.0831916965	0.0206418326	-0.0368796762	-0.1637360208	-0.0523815531	-0.0021973471	-0.0680729847	-0.0041065365	0.0506507992	0.1222961199	-0.0350627317	0.0333488017	0.019167725	0.1236347475	0.0741369151	-0.0284185935	-0.0434872456	-0.0016088416	0.0305336765	-0.0529470645	0.0118328763	0.1175769762	0.0746896116	0.0647262516	0.024842042	0.073435432	-0.0444716747	-0.0101529599	0.0256824294	0.1471836377	0.0556354871	-0.1202097196	-0.088080288	-0.1602491701	0.0371327643	0.0565220914	-0.0118758408	0.0308759407	0.036268764	0.0997800792	-0.1427873574	0.0154265671	0.0247272958	-0.0286854323	-0.0449277357	-0.0239143134	-0.0458795556	0.0104715546	-0.009140585	-0.0714341357	-0.087943237	-0.0229433492	-0.0727697567	0.0046200873	-0.178561947	0.0382695506	-0.1878101244	0.0996128213	-0.068167875	0.1061238629	0.0170374908	-0.110845947	-0.0496386907	0.0	-0.0018490256453844	-6.698047164380009e-05	4.4863835816259085e-09	3.418895837289197e-06	0.0314622117942491	0.0687025657182971	0.0009898707709861	0.0047200425362769	-0.1079208686745403	-0.0060045214923576	0.0116469138954673	3.605427835218548e-05	0.0031440082959081	-0.0002801448520874	7.848113815107131e-08	9.884788164738956e-06	-1.8563726180698128e-06	0.0002123101579294	3.446119297119371e-12	4.50756031600196e-08	0.0013630103983115	-8.597497108998875e-07	7.391695653924401e-13	1.857797345905274e-06	0.0	0.0	0.0	0.0	0.0	0.0
652.5027732818367	-0.6976706065109965	425759.8691404879	0.4867442751894217	734.3998737450802	-0.1798649412213535	539343.1745567897	0.0323513970805609	658.119890719881	-0.5020584950249258	0.2520627324266934	433121.79056114814	682.6668523192324	596.4384404927274	0.891946	16.990112	0.0905989055580613	0.0757516172582555	-0.0089421944	-0.087733166	0.0491297872	0.0053158199	-0.060695475	-0.1235441073	-0.0061260844	-0.0426304506	0.1161077571	-0.0439790811	-0.0300175666	-0.0123187707	-0.030187126	0.0403415895	-0.0271669191	-0.0276404626	0.1062081282	0.007234185	0.0326643385	0.0753954632	-0.0983055083	-0.0094516782	0.0408209955	-0.0517079588	-0.0304779822	-0.012518436	-0.0879153313	-0.0408172281	-0.0566480411	-0.1077809246	-0.0471677167	-0.0398730312	-0.0179234787	-0.0278972422	-0.0758627617	-0.0953695565	-0.163686282	-0.01756694	-0.0408218387	0.0531566379	-0.093497146	-0.1566808059	-0.0870613285	-0.0712321412	-0.014493942	0.1400012773	-0.0381274018	0.0724227594	0.1007619358	-0.0583651535	-0.0563828771	0.0442287046	0.0766424299	-0.0281527971	0.0357168433	0.053862713	0.0298142326	0.0209303082	-0.0912070941	-0.0230621404	-0.0334470411	0.1056212273	0.0455350221	0.0361152418	0.028296498	-0.0562430891	-0.011564511	0.1056155223	0.0211629208	-0.0118242079	0.0576351922	-0.0368920066	-0.0447748929	0.1677563967	-0.0900036796	-0.0305290234	-0.0057891863	0.0020898549	0.0768384904	-0.0933700156	-0.023445874	0.1039121821	0.0648276933	-0.0102392365	0.0310546507	0.0802335074	0.0343502934	0.0181720566	0.0381629742	-0.0739461245	0.1041711153	-0.0881637964	0.0587858795	-0.0423171088	-0.0807179365	-0.1271058452	0.0622135169	0.0071985707	0.0850673911	0.0146176544	-0.1121682727	-0.0429221782	0.0	-0.004376841051723	-0.0025278154063386	6.3898507285227815e-06	1.91567375920477e-05	-0.0436844348440814	-0.0751466466383305	0.0019083298476467	0.0056470185009861	-0.1088070661757285	-0.0008861975011881	0.0118389776497693	7.85346011112198e-07	0.0032179990118892	7.399071598110027e-05	5.474626051395847e-09	1.0355517640519868e-05	1.1940020988809865e-05	1.3796393606879676e-05	1.4256410121322008e-10	1.903404765559504e-10	0.0015159882089676	0.000152977810656	2.3402210553133542e-08	2.298220249728792e-06	0.0	0.0	0.0	0.0	0.0	0.0
651.9989737411513	-0.5037995406853497	425102.6617595145	0.2538139771947693	735.6773632858739	1.277489540793681	541221.1828512556	1.63197952683725	657.9169918241955	-0.2028988956855073	0.0411679618703983	432854.7681309985	683.3238589325797	595.0615896350275	0.8679909999999998	16.533804	0.0390743136416818	0.01996648069849	-0.0153435657	-0.0668034339	-0.029746781	0.0055852559	-0.0059168875	-0.076237946	0.0849896625	0.0690962438	-0.0365782995	-0.139676655	-0.0706573588	-0.0700739515	0.1535507497	0.0557995229	-0.0481238039	-0.0325993188	0.1099758078	0.0164627156	-0.0194685031	-0.0044325879	-0.1234258604	0.0206121857	0.0275154572	0.0620864558	-0.0149887011	-0.1151877868	-0.0716047064	0.1142138152	0.033536613	-0.0595674835	0.0272008364	0.0108925396	0.020027032	-0.0280523651	-0.0801555049	-0.0759025924	-0.0859083187	-0.0921945279	-0.0493229529	0.081207962	-0.0372229122	-0.0137726467	0.0447917003	0.0313813062	0.0464201557	0.0389447813	-0.0023073724	0.0115472845	0.1304946228	-0.0540441329	0.0280928076	-0.0495107949	0.0549423683	0.1284306129	-0.0324445071	0.0620026986	0.0703402915	-0.0414380478	-0.1226476402	0.0806935469	0.09207169	0.1478187595	0.0244947901	-0.0112978506	0.0573542225	-0.0627379285	0.0778410889	0.1047792013	-0.0259128513	0.0894948719	0.0903620805	0.0474869947	-0.0993719592	0.0161479028	-0.0385129764	-0.0281426444	-0.0012323576	0.0117488779	0.1099113564	-0.0818647209	-0.0512057572	0.0368106788	-0.0540761426	-0.0368099196	-0.0064793183	0.0287423667	-0.1069974895	0.0392645404	-0.0119105919	-0.0139622727	0.0680001646	-0.102721667	-0.006846386	-0.1394934825	-0.1898271121	-0.0789380757	0.0571731868	0.0217046116	0.1221063619	0.0121913197	-0.1132911674	-0.0360339907	0.0	-0.0042045243102393	0.0001723167414837	2.9693059395560448e-08	1.767802467539326e-05	-0.0317912404997287	0.0118931943443527	0.0010106829725115	0.0001414480717125	-0.1018772572839736	0.0069298088917549	0.0103789755517049	4.8022251276245297e-05	0.0031371772682478	-8.082174364140021e-05	6.532154245236215e-09	9.841881212410728e-06	-0.0002109685678723	-0.0002229085888611	4.450773663008925e-08	4.9688238988051324e-08	0.0016138377497469	9.784954077930014e-05	9.574532630719921e-09	2.6044722825081383e-06	0.0	0.0	0.0	0.0	0.0	0.0
650.8725147129641	-1.1264590281872415	423635.0304087777	1.268909942184545	734.5702113758434	-1.1071519100304386	539593.3954407513	1.2257853518840482	657.8411791870304	-0.075812637165086	0.0057475559539249	432755.0170341827	682.6526298760872	588.9535053559464	0.942254	17.9484	0.0355818479960672	0.018881218510543	-0.0319105694	-0.0433417323	-0.026942046	-0.0379075465	0.024581319	-0.0599820373	0.0896243012	0.0049259711	0.0690788927	-0.0371944368	-0.121873145	0.0019213815	0.0852819464	-0.0628007698	-0.1179024434	-0.0460395632	0.0698630274	-0.0199068108	-0.0536063696	-0.0492563546	-0.0167272017	-0.0149592641	0.1381412341	-0.0508323452	-0.0544042446	-0.0992627965	-0.0729677866	-0.0514721981	0.0371635924	-0.0598505305	0.1237579303	0.0269018123	-0.07512486	0.0029743496	-0.0256170201	-0.061219159	-0.1689287944	0.044078525	-0.1297496273	0.0022051639	0.1073424211	0.0995102766	0.0424159952	-0.0540468595	-0.0282762799	0.079463349	-0.0163921478	-0.0229601423	0.0952549537	0.031601885	0.0403715395	-0.0018942425	0.1363500554	0.0150434048	-0.0345327415	0.0061508065	0.0145831914	-0.0278951964	-0.0491637882	-0.1204625305	0.1068702263	0.0036131915	0.1219515716	-0.0703587517	0.0110314011	-0.1475859387	0.0990634636	0.0689703742	-0.0633939489	-0.042754691	0.0840041578	-0.0193095343	-0.1290026742	-0.0094249254	0.0060721831	-0.040460886	-0.0029411391	0.0011273711	0.0444894131	-0.0279598147	0.0260430839	0.0175057978	0.0093891181	-0.016250693	0.0175256719	-0.0542199676	0.0136809855	0.0336074534	-0.0923873273	-0.1330644132	0.0935951499	-0.1492003344	0.077450903	-0.0570499625	0.0475939593	-0.0603316669	-0.0285332283	-0.0487159181	0.1014708839	0.0097595656	-0.1142126345	-0.029001679	0.0	-0.0073038124957349	-0.0030992881854956	9.60558725675261e-06	5.334567697285327e-05	-0.0242333130678531	0.0075579274318756	0.0005872534622445	5.712226706549771e-05	-0.1019969644838596	-0.000119707199886	0.0104033807639217	1.4329813704548481e-08	0.0028873166979733	-0.0002498605702745	6.243030457789842e-08	8.336597714395439e-06	-0.0003560247885043	-0.000145056220632	1.2675365002953156e-07	2.1041307144039463e-08	0.0017150194624166	0.0001011817126696	1.0237738978773697e-08	2.9412917564677234e-06	0.0	0.0	0.0	0.0	0.0	0.0
649.7201911358615	-1.1523235771026066	422136.3267696204	1.327849626346547	734.0285154284853	-0.5416959473581073	538797.8614621462	0.2934344993841974	657.1019737606957	-0.7392054263347063	0.546424662322675	431783.0039202021	682.0623721560917	582.4754605536914	0.8586249999999999	16.355406	0.0710125202301927	0.0401983988778096	-0.0481411214	-0.0124511023	0.0053465181	-0.064163065	-0.0140585623	-0.073642856	0.0086273211	-0.0224981785	0.0680742166	0.0039675517	0.0036068668	0.021010572	0.0171153055	0.0715478884	-0.0541732796	-0.0482418173	0.0502893133	-0.008946391	-0.0314897399	-0.0441534943	-0.0559665181	0.017290799	-0.0180127849	-0.1029888505	-0.0542413566	0.0392347497	-0.1280538133	0.1204268796	0.0441721241	0.0065543549	0.0470793582	0.0827553484	-0.0535434172	-0.0679681259	-0.116529122	-0.0023946637	0.0261599016	0.15569534	-0.2065442014	0.0643937937	-0.1369955673	-0.0668009942	0.0951805837	-0.0792054862	0.0319858467	0.0718032204	-0.034305552	-0.0241577184	0.0607701259	0.0011824989	-0.0019781273	-0.0093458841	0.0056893612	-0.1019012951	0.0841362136	0.0583429142	-0.0097743597	-0.0266811379	-0.1324264507	-0.0037143733	0.0774448521	0.0914209008	0.0697478107	-0.1636572417	0.0325354153	-0.1157976282	0.0352016228	0.0441481189	-0.1070936632	0.1051780916	0.0105872007	-0.1051831095	-0.1079518145	0.0033493885	-0.1461045058	-0.053865128	-0.025730539	-0.0189667205	0.0591430292	0.0375636605	0.0126954396	0.0595749892	0.016853527	-0.0245776367	0.0594787566	0.0855821072	0.0458824128	0.052491692	0.0291386028	-0.1270665811	0.0946270489	-0.0721073416	0.0678646111	-0.0639375987	-0.1336780364	-0.0814901548	0.0540857445	-0.0640298128	0.1092321566	0.0073234729	-0.1149310357	-0.0218533699	0.0	-0.0140798512582023	-0.0067760387624674	4.591470131046074e-05	0.0001982422114531	-0.0528099655870448	-0.0285766525191917	0.0027888924653048	0.0008166250692026	-0.1152421975237132	-0.0132452330398536	0.0132807640900945	0.00017543619828	0.0032207176181632	0.0003334009201899	1.1115617358347217e-07	1.0373021975946837e-05	-0.000247249527342	0.0001087752611623	6.113232877084239e-08	1.183205744092658e-08	0.0017089037255952	-6.115736821400014e-06	3.740223686862794e-11	2.920351943353154e-06	0.0	0.0	0.0	0.0	0.0	0.0
649.1648679497797	-0.5553231860817505	421415.0257802549	0.3083838409999864	733.5187016342626	-0.5098137942227368	538049.6856472143	0.259910104779783	657.2063114031486	0.1043376424528332	0.0108863436326152	431920.1357481323	682.4713432618668	575.4282565151688	0.8401969999999999	16.004375	0.0923910838490966	0.0527944706821223	-0.0465730541	0.0204036194	-0.0445781432	-0.0686002101	-0.0138687583	-0.0578155907	-0.0324426658	0.0199491337	-0.1452693665	-0.0311413383	-0.038886802	0.0267384721	-0.0637775381	-0.0124689588	-0.0186524966	-0.0333028913	0.0450315647	-0.0201158663	-0.0087411291	-0.0317226176	-0.0733841921	0.0923162676	-0.0420310842	0.1116924919	-0.0635983414	-0.0252085154	-0.0494563159	-0.1464540178	0.1458509455	-0.0963131838	0.110698208	0.0712967595	-0.2276218947	-0.0165788516	0.0363392968	0.0164425258	0.0489847598	0.0321809736	-0.0330365585	0.0852476994	-0.1216850183	-0.0475311672	0.0733358769	-0.0447272627	-0.1008698498	0.071730601	-0.0174271375	-0.060233555	0.053695142	-0.0279408554	-0.006704588	-0.0397435655	-0.0788964629	0.0976422873	-0.0242995892	0.0600813862	0.0063349781	0.0073873217	0.0178365935	-0.1382386938	0.1127592726	-0.0072111758	0.0620668921	-0.0939996287	-0.0003912173	-0.1427585783	0.0575909765	0.0615078095	-0.0104274258	0.0710842991	0.0772225499	0.0953858249	0.1132070785	-0.041425497	-0.1970716435	-0.0494011107	-0.0185556211	0.0030268656	0.081345831	0.0192664171	0.0124778009	-0.0194857643	-0.0732946108	-0.0496147227	-0.0132535916	0.0861784995	-0.0751427381	0.0407729892	-0.0313541162	-0.0449659865	0.0125461352	-0.1145525288	-0.0148560164	-0.0113939707	-0.0245396718	-0.0796906905	0.0305218919	-0.0219304372	0.0497758057	0.0048841247	-0.1154450938	-0.0146176544	0.0	-0.0102184545647361	0.0038613966934662	1.4910384424311709e-05	0.0001044168136915	-0.002158503211092	0.0506514623759528	4.659136112294476e-06	0.0025655706408225	-0.1050182915563056	0.0102239059674076	0.0110288415614052	0.0001045282532303	0.0034474114729139	0.0002266938547506	5.139010378173145e-08	1.1884645863578383e-05	-0.0004268031137493	-0.0001795535864073	1.821608979060979e-07	3.2239490391723746e-08	0.0018557426606826	0.0001468389350874	2.156167285760171e-08	3.443780822677336e-06	0.0	0.0	0.0	0.0	0.0	0.0
648.9939862124263	-0.1708817373533975	421193.194139895	0.0292005681609155	733.7461027665572	0.2274011322946307	538383.3433251111	0.0517112749688801	657.2703736242245	0.0640622210759147	0.0041039681691793	432004.3440441276	681.9979900801586	570.9058177474642	0.857809	16.339863	0.0157027015763091	0.0091478873044406	-0.0521091725	0.0404456773	-0.0516613705	-0.0719661379	-0.000429657	-0.0406112104	0.0541759689	0.0653834874	-0.0247818059	-0.0068662246	-0.0088268694	0.0510556852	-0.0669367421	-0.0566469966	-0.0396963689	-0.0611098819	0.0484716582	-0.0234215715	-0.0461392914	-0.0714845208	-0.0330853847	0.0996371323	0.0658519197	0.0834776153	-0.0679299908	-0.167343416	0.0863042934	0.0404412982	-0.0457774193	-0.011185466	-0.0234151233	-0.0968833512	-0.0635609392	-0.0011958282	-0.050765054	0.0722973375	0.0221661459	0.1570344515	-0.150852536	0.0901789915	-0.0012451159	0.073705944	-0.073660356	0.0614319149	-0.1105611655	-0.1592185668	-0.0199326719	-0.0906496226	0.0587412394	-0.0154133653	0.0267548037	-0.104535548	0.0304728203	0.0778703478	-0.0279213136	-0.0222984104	-0.0717116458	0.019521982	0.0006990798	-0.1102726863	-0.0041539896	-0.0496196186	0.126261208	0.0078024317	0.0725195997	-0.1613405318	-0.0774355839	0.0664332898	-0.0738381249	0.0199562718	0.0443158413	-0.0911142098	0.0716444551	-0.0241708201	0.0314581248	-0.0509067945	-0.0054789659	-0.0113715495	0.0416307058	0.0277396078	0.0351489823	-0.0632216296	-0.0759559241	-0.0597010637	-0.013065194	-0.0472989053	0.0180796548	0.049732624	-0.0901863119	-0.178071859	-0.0239023866	-0.0511558182	0.0286888971	-0.0960065729	0.0632827766	-0.0777233745	0.0228215402	-0.0894196126	0.075703954	0.0024426053	-0.1157538946	-0.0073234729	0.0	-0.0101506551989132	6.779936582290008e-05	4.596754005987432e-09	0.0001030358009672	-0.002119032703689	3.947050740300004e-05	4.490299599303514e-06	1.557920954650281e-09	-0.1018352329135723	0.0031830586427332	0.0103704146625615	1.0131862323079155e-05	0.0033249126784783	-0.0001224987944355	1.5005954638175323e-08	1.1055044319505744e-05	-0.0004580741548265	-3.12710410772e-05	2.0983193132001226e-07	9.778780100519295e-10	0.0017612650349884	-9.447762569420016e-05	8.92602175681339e-09	3.102054523472689e-06	0.0	0.0	0.0	0.0	0.0	0.0
648.3706853822669	-0.6233008301594509	420384.54566307046	0.3885039248774606	733.1209566289729	-0.6251461375843519	537466.3370485803	0.3908076933366334	657.5639391780448	0.2935655538203718	0.0861807343898616	432390.3341073475	681.6962979343808	568.4586828858313	0.875746	16.681522	0.0672784450719763	0.0453466410572859	-0.0627361693	0.0416516779	0.0101016771	-0.0835498756	-0.0082033824	-0.0287528442	0.0100362591	0.0110174373	-0.0028661854	0.0327352912	0.0771518351	0.0456956472	-0.1041029113	-0.0696248389	-0.086667314	-0.0626066184	0.0423830136	-0.0205643037	-0.0503746344	-0.003936408	0.0636332364	0.0154038515	0.0369917465	0.0355091204	-0.0161548118	-0.0441235581	0.0588363412	-0.1575091736	-0.1656266548	-0.1051754178	-0.0619085402	-0.0761482063	-0.0557829733	-0.0095884803	-0.0434078534	0.0213799546	-0.0657507537	0.0428455586	-0.0327327358	-0.027624288	0.0325732571	0.1355734343	0.022798872	-0.1144014028	0.1340467116	-0.0486151549	-0.0466969595	-0.0613709452	0.0237135738	0.0157463134	-0.0004521743	-0.0114776207	-0.0168109191	-0.0679247554	0.013280933	-0.014382448	-0.0754122674	0.0769595224	0.1281910702	-0.1726082284	-0.0400819971	-0.011150787	0.0982156005	0.0711101884	0.0530662457	-0.0752640638	-0.0777156504	0.1535382661	-0.0359767476	-0.0321674039	-0.0719301608	0.0090898379	0.0093386757	-0.0271599575	-0.0125825925	-0.068879125	-0.0219390713	-0.0211537221	-0.0069956244	0.0707129405	0.0396929903	0.0052305008	0.0177171354	-0.0092289621	0.0594958162	0.0270633234	0.0951848327	0.0795165487	-0.0504404488	-0.101526669	0.0562178184	-0.1286974185	0.0436582659	0.0621243087	-0.0654666675	0.0004153037	0.0091191699	-0.088955459	-0.0945540205	0.0	-0.1158568893	-0.0	0.0	-0.0102329284578814	-8.227325896820008e-05	6.7688891412485155e-09	0.0001047128248241	-0.0414752446673816	-0.0393562119636926	0.0017201959202191	0.0015489114201311	-0.1092534638403179	-0.0074182309267455	0.0119363193611076	5.50301500825248e-05	0.0036104102824828	0.0002854976040044	8.150888189231008e-08	1.303506240785753e-05	-0.000429652477526	2.8421677300499964e-05	1.8460125144422999e-07	8.07791740573755e-10	0.0018557803321348	9.451529714640004e-05	8.933141394672294e-09	3.4439206411383484e-06	0.0	0.0	0.0	0.0	0.0	0.0
648.9292495921511	0.5585642098842527	421109.17097623233	0.3119939765636195	734.436611325813	1.31565469684017	539397.1360557433	1.7309472813175997	657.2343459122009	-0.3295932658439824	0.108631720889702	431956.9854466385	682.2756210850579	569.6351099445872	0.843781	16.072639	0.0701792051496604	0.0447500998771182	-0.0671105577	0.036630985	-0.0088142665	-0.0968139812	-0.0135216914	-0.1154289263	-0.0552312999	-0.0024185209	-0.1057032374	0.0042085696	0.0988142916	0.03181211	0.0318180308	0.1001652887	0.0295394442	-0.0846120812	0.0365778142	-0.0295164735	0.011016983	-0.0337405962	-0.0082260226	0.0783249602	-0.0423446188	0.1007101401	-0.0549082296	-0.0267109736	0.0138204282	-0.0586514664	-0.068557147	0.0253822779	0.124853255	-0.0213879015	-0.1507567061	-0.1344190822	-0.0967561743	-0.0165903998	-0.0199830239	-0.0188839053	-0.1061272739	0.0599960628	-0.098622254	0.1619255301	0.0730074385	-0.0400788383	-0.0748534124	-0.1027426194	-0.0436707743	-0.0815628922	0.056251897	-0.0172759844	-0.0095315178	-0.060851476	-0.1083216961	0.044443787	0.0456759061	0.0895619217	-0.0603818322	0.0796337605	0.103725571	0.0158621838	0.0375736399	-0.0472118418	-0.0103195321	0.0453344431	0.1185897036	-0.1620711701	0.0421086799	-0.0590172036	-0.0655143028	0.0666945494	0.0141718741	0.0862611217	0.0698702871	0.0234054687	0.0096435542	-0.0655203077	-0.0152635668	-0.0191510858	0.0205139718	0.0727694154	0.0371990952	-0.0101864378	-0.0821630062	-0.0595882124	-0.012500546	0.0737560192	-0.0471750892	0.0534236187	-0.0541839625	-0.1049100288	-0.0261711343	-0.0403921903	-0.0080204527	-0.0278596118	0.0463607383	0.0009358524	0.0881717755	-0.1506529464	-0.083054027	-0.0024426053	-0.1157538946	0.0073234729	0.0	-0.0102959022360664	-6.297377818499997e-05	3.965696738893578e-09	0.0001060056028546	-0.0111597748959439	0.0303154697714377	0.0001245405757281	0.0009190277074629	-0.1198689294951407	-0.0106154656548228	0.014368560258311	0.0001126881110687	0.0030658700530224	-0.0005445402294603	2.96524061500785e-07	9.399559182019573e-06	-0.0003911569822023	3.8495495323700015e-05	1.5300378472561045e-07	1.4819031602170094e-09	0.0018551101380146	-6.701941201998733e-07	4.491601587504823e-13	3.4414336241645486e-06	0.0	0.0	0.0	0.0	0.0	0.0
648.6513211336837	-0.277928458467386	420748.5364084733	0.0772442280260575	733.5562808874881	-0.8803304383249042	538104.8172294834	0.774981680641318	657.1310681344544	-0.1032777777464843	0.0106662993762522	431821.24070752895	682.0640977818522	568.8937677926391	0.8239309999999999	15.694529	0.0660181882032003	0.0346111222100434	-0.066138737	0.0463008026	-0.0816947558	-0.0821497293	-0.0341797074	-0.026519671	0.0125446264	0.1020132679	-0.1238383523	-0.0135939918	-0.0394727262	0.0251500696	-0.0726870027	-0.0327809034	-0.0525464827	-0.0765478048	0.0162677155	-0.0532488077	0.0077270024	-0.0309529807	0.0316804122	0.0738560302	0.0318456164	0.1655427325	-0.1475399877	-0.0634562532	0.0428482564	-0.0792127593	-0.0005057452	0.1747336278	-0.04399126	-0.0642785774	-0.1604437503	0.0685224992	-0.0338813837	0.0471827404	0.0172856972	-0.0148165631	0.0219423159	-0.0056453316	0.0353098983	0.0491339744	-0.0285658619	0.0292596208	0.0307569769	0.0311049188	-0.0218870974	-0.13456199	0.0334715089	-0.0366646227	0.0261995373	-0.0414658089	-0.0613071293	0.1349748892	-0.0577180829	0.0472713816	0.0360687757	-0.0362033467	0.1145534162	-0.1469959374	0.0318883448	-0.0025005953	0.0579827229	0.0206845113	0.0022907714	-0.1174308082	-0.0694228027	-0.0442582405	0.0615834608	0.1619568663	-0.1075192455	-0.0169030468	0.015929389	-0.0064587659	0.1284319705	-0.0720905634	-0.0103182617	-0.0169260285	-0.045338555	0.0583175582	0.0187000262	-0.0479193443	-0.1152605095	-0.054140628	0.0267846641	-0.0889469439	-0.0263449139	0.0503291333	-0.0866124947	-0.098082828	0.0104461631	-0.0807748361	-0.0294071102	0.0739108862	0.0273255613	-0.0578047294	0.0223004496	-0.0952641165	-0.1144732873	-0.0048841247	-0.1154450938	0.0146176544	0.0	-0.0105743002081908	-0.0002783979721243	7.750543088297806e-08	0.0001118158248929	-0.0264492077322699	-0.015289432836326	0.0006995605896647	0.0002337667564565	-0.1183503136898878	0.0015186158052529	0.0140067967504948	2.306193963963935e-06	0.0034210217079292	0.0003551516549067	1.2613269798303872e-07	1.170338952612282e-05	-1.575045686585952e-05	0.0003754065253364	2.4807689148330124e-10	1.4093005926517953e-07	0.0016070334864679	-0.0002480766515467	6.154202504262289e-08	2.582556626629174e-06	0.0	0.0	0.0	0.0	0.0	0.0
648.3783153574109	-0.2730057762728393	420394.43982571416	0.0745321538783355	733.4817546497692	-0.0745262377189419	537995.4844041042	0.0055541601085402	656.4469360140612	-0.6841321203932011	0.4680367581536975	430922.5798022489	681.7154346368252	568.0582017828948	0.819384	15.607923	0.0585767633425559	0.0291553186781592	-0.0855318958	0.0373902565	-0.063493346	-0.1310328388	0.0241185101	-0.0031626773	0.049737388	0.0312887912	-0.0044523069	0.0125472409	-0.0368281529	0.0177730946	-0.0371713833	-0.100237438	0.0264997961	-0.088667805	-0.0184491614	-0.0287387943	0.0030970713	-0.0623878041	0.1039059192	0.0578692223	0.0092720547	0.0458793379	0.0317731267	0.0077883608	0.0109839505	-0.0845469715	0.0325146849	0.0008378162	0.1057891441	-0.0182298212	-0.1263771888	0.001700443	-0.0571363672	0.0119203614	-0.0479866615	0.084380296	0.0595975784	0.0872111754	-0.0569354467	-0.0855539279	0.0518103136	-0.0423383332	0.0096516339	0.0730619734	-0.0440187956	-0.1186938426	0.0248772603	0.0028296967	0.0895011218	-0.010796284	-0.0299271664	0.009542822	-0.0267218436	-0.0500915211	-0.0549634851	0.0314400251	0.047026774	-0.1312988227	0.0110231216	-0.0755909086	0.0292631598	0.0042268	-0.015677414	-0.0830521626	0.0718677585	-0.1081607431	-0.049525705	0.0375580174	-0.0441932067	-0.0682061575	-0.0383828995	0.0650536973	0.0027816274	-0.0808695834	-0.0028221139	-0.0333098882	-0.0619298643	0.0912632983	-0.0078725126	-0.0329778204	-0.0156641846	-0.0303728376	0.0492202764	-0.0865201403	0.0781771479	0.0815134763	-0.0663207912	-0.0707580564	-0.0180375365	-0.0379739245	0.0796253446	-0.0060012845	-0.0628942309	0.1192602408	-0.0132036142	-0.0077064157	-0.0164518755	-0.0073234729	-0.1149310357	0.0218533699	0.0	-0.0144523656329198	-0.003878065424729	1.503939143847852e-05	0.0002088708723876	-0.0399002105745296	-0.0134510028422597	0.0015920268038918	0.0001809294774624	-0.1114985758245126	0.0068517378653751	0.0124319324108945	4.6946311775816285e-05	0.0033919073708098	-2.9114337119399893e-05	8.476446259020664e-10	1.150503561215385e-05	-0.0004278595840012	-0.0004121091271353	1.830638236216799e-07	1.6983393266825225e-07	0.001853729166417	0.000246695679949	6.085875850554878e-08	3.436311822425065e-06	0.0	0.0	0.0	0.0	0.0	0.0
647.375360720647	-1.0029546367638886	419094.8576681878	1.005918003406184	733.4074310071541	-0.074323642615127	537886.4598565134	0.0055240038515811	655.4061880624422	-1.0407479516189824	1.0831562987991077	429557.2713505413	680.8719149409113	564.9339813510867	0.8177149999999999	15.576126	0.0573350863096101	0.0303783248294997	-0.0900890908	0.0527348684	0.0121681525	-0.1270225022	0.0092242888	-0.0305799821	-0.0034141644	-0.05997726	-0.0368496354	0.0779867694	0.0897582122	0.0394581202	-0.0715261451	0.036334977	0.0502552427	-0.0762717507	-0.0599906942	-0.0480994796	-0.0649131331	0.0142369042	0.1093742746	-0.0233028512	-0.0393610225	0.0157077808	0.004891411	0.0347614608	0.0588732611	-0.0203632713	-0.0627796402	-0.0468918338	0.0012181431	0.0215866198	0.0359070718	-0.047562753	-0.0166138349	0.0113873967	0.0098532217	0.103964968	0.0258368782	0.0594898061	0.0392904746	-0.0808262822	-0.0059080225	0.0095982802	-0.0239205047	0.0242984327	-0.0691971725	-0.1026545078	-0.0128249612	0.0275310775	0.0257127137	0.0415264097	-0.0643351055	-0.0654757019	-0.0195312035	-0.0429742432	-0.0582560608	0.0501057038	0.0833281156	-0.1044699615	-0.1158582848	-0.0356327851	-0.0546258737	0.0034381957	-0.071912413	-0.0387882098	0.0322016317	0.0820369323	-0.0173081565	-0.0164784573	0.0450976019	-0.1162217332	-0.0196262822	0.0391082364	0.0161306451	-0.0901951065	-0.0168737449	-0.0335026064	-0.0724225363	0.1161188911	0.0289590242	-0.0224926985	-0.0257808997	-0.0189098641	0.0744841665	0.0195234098	0.0389903901	0.0358673369	0.0090489011	-0.0782156181	-0.0083819822	0.0335719005	0.0703025014	0.0742061805	0.0021242049	0.1453411385	-0.0682201644	-0.110155985	-0.1573455085	-0.0097595656	-0.1142126345	0.029001679	0.0	-0.0210439903827222	-0.0065916247498024	4.344951684220755e-05	0.0004428495312281	-0.0262499617071085	0.0136502488674211	0.0006890604896246	0.0001863292941425	-0.1357090112877443	-0.0242104354632316	0.0184169357446971	0.0005861451853193	0.0035097920640792	0.0001178846932694	1.3896800907220563e-08	1.2318640333073332e-05	-0.0003047778085083	0.0001230817754928	9.2889512559122e-08	1.5149123458484632e-08	0.0018370400905962	-1.6689075820799796e-05	2.7852525175240436e-10	3.374716294457695e-06	0.0	0.0	0.0	0.0	0.0	0.0
646.5679032379257	-0.8074574827212473	418050.0534974877	0.6519875864025334	731.3797077641343	-2.02772324301975	534916.2769291505	4.111661550282532	656.7597316267304	1.353543564288202	1.8320801804260105	431333.34508641495	681.1190641380728	555.6893849087458	0.925699	17.633041	0.082652329551708	0.0362418723417881	-0.1069756151	0.0793076589	-0.0208830536	-0.1304855218	-0.0144122354	0.0239438764	-0.0687622741	0.0283066386	-0.0425767341	0.0213035587	0.0875583643	0.0338494717	0.100315972	0.0678815811	-0.0195627541	-0.1012374296	-0.0122612389	-0.0140166649	-0.0426994607	-0.0912445152	0.0578702097	0.0240492604	0.0460448557	-0.0646601914	-0.0013625288	0.1707397993	-0.018164994	-0.0656955926	-0.0987709171	0.1229277008	0.1160779972	0.1430907705	0.1018541424	-0.0364466594	-0.0030528695	-0.0947305457	0.0241707053	0.0166984322	0.0202871293	-0.1611845943	0.0130025794	-0.0254266269	0.0887306211	0.024036014	0.011964384	0.0077828035	-0.0648180352	-0.1166719124	0.0004398382	0.0184106065	0.011998959	-0.0640340666	-0.0558132371	-0.0408276075	0.1426825837	0.0625191453	0.0684038974	0.0004223291	0.1902735314	0.1283455599	0.0035822731	-0.0231429224	-0.0922832203	-0.0133728458	-0.1270650871	-0.0510964868	0.0547885352	0.1620625565	0.0248486076	-0.0754883657	-0.1081608812	0.0934900324	-0.052215649	-0.0106613699	-0.0741772131	-0.0977313811	-0.0234256924	0.0233613551	0.0196185488	0.1708423021	-0.0368008039	0.0036588206	-0.0558620647	0.0407332874	0.1127273426	0.0740626437	-0.0168189447	0.0676406306	0.0461340441	-0.0618338095	-0.0206146982	-0.0103514373	-0.0702775795	0.1718564628	-0.0779775225	0.0291335676	-0.0531810844	-0.0861073426	0.024446473	-0.0121913197	-0.1132911674	0.0360339907	0.0	-0.0103869368831936	0.0106570534995286	0.0001135727892918	0.0001078884578154	-0.0166995635354822	0.0095503981716262	0.0002788754222756	9.121010523660294e-05	-0.1551188914188372	-0.0194098801310929	0.024061870475009	0.0003767434467033	0.0036980225314157	0.0001882304673364	3.543070883371718e-08	1.3675370642858182e-05	-1.5812941789095092e-05	0.0002889648667192	2.5004912802530986e-10	8.350069419804787e-08	0.0014535354696627	-0.0003835046209335	1.4707579427734766e-07	2.112765361567566e-06	0.0	0.0	0.0	0.0	0.0	0.0
646.6439315502957	0.0760283123699991	418148.3742108236	0.0057803042818301	731.7633480650006	0.3836403008663183	535477.5975712993	0.1471798804487992	655.6207714285902	-1.1389601981402393	1.297230332947653	429838.5959286197	680.6725997792626	553.2242975443819	0.8693109999999998	16.558941	0.1019172481938057	0.0508893376372944	-0.1045269476	0.0936781251	-0.0030504827	-0.1368136419	-0.0204696129	0.0587301492	-0.0344861101	0.0102035948	-0.0512131487	0.0294943192	0.0968037739	0.0075796095	0.012331176	-0.1019241871	-0.001495204	-0.1108959803	-0.0604317436	-0.034044508	-0.0625744978	-0.1061584166	0.0152979457	0.0265327125	0.0127398962	0.0502678517	0.0157145576	0.0995069053	0.057971611	-0.0191556544	-0.0763351705	0.0003200321	-0.1857007487	-0.0194776011	-0.1264381817	-0.1485302194	0.1054355191	-0.1061377536	-0.0872282669	0.0157557749	0.0351792483	0.0327130802	-0.1103384505	-0.0371401779	0.1955992986	0.043452871	-0.0092761357	0.0624828962	-0.082472935	-0.1199899475	-0.0370488733	0.0263648933	0.0118931875	-0.0866914577	-0.0665932764	-0.0419398503	0.0078072379	0.040369747	-0.026547592	0.0620021248	0.1086647151	-0.0592413095	-0.0420692234	-0.0710053472	-0.0314279944	-0.0235742846	-0.0361975895	0.0625585861	0.0268730928	0.1121324112	0.025065364	0.1955717524	0.0078562467	0.0337659082	-0.1883577802	0.1906431402	0.0210907035	-0.1006034952	-0.0055350378	-0.0101091457	-0.0424908509	0.1179252957	0.008815782	-0.025938461	-0.068633441	-0.0163434067	0.0549237468	0.0560141212	-0.0116011241	0.0808800298	-0.0704920879	-0.0411630001	-0.1345843986	-0.0717210714	-0.0463868836	0.0959243653	-0.0287473956	0.027273465	-0.1134764166	-0.1027886932	0.0221967482	-0.0146176544	-0.1121682727	0.0429221782	0.0	-0.0103560698491662	3.086703402739935e-05	9.527737896486291e-10	0.0001072481827208	0.0062412740918915	0.0229408376273737	3.8953502290116073e-05	0.0005262820310455	-0.1337646335320528	0.0213542578867843	0.0178929771839643	0.0004560043298952	0.0032828198303169	-0.0004152027010988	1.723932829997395e-07	1.077690603832188e-05	-0.0003309241156317	-0.0003151111738426	1.0951077030662274e-07	9.929505188046437e-08	0.0018750473076337	0.0004215118379709	1.7767222954969054e-07	3.515802405864387e-06	0.0	0.0	0.0	0.0	0.0	0.0
648.5092262411629	1.865294690867131	420564.2165199118	3.479324283777106	731.1282323085901	-0.6351157564105279	534548.4920786837	0.403372024040917	655.6998592558361	0.0790878272459849	0.0062548844184907	429942.3054281233	680.556266636627	560.1597716227066	0.8353169999999999	15.911413	0.0511357765505223	0.0338816196554175	-0.1005434848	0.0638943848	0.0303626342	-0.0751297635	0.0298730156	0.0661117541	-0.0373017257	0.0507535485	-0.1464547101	-0.0244271325	0.0396723333	0.0285226593	0.0035188053	0.0922853906	-0.0077177535	-0.0950889726	-0.0451115059	0.0317792614	-0.1010356021	-0.097063394	0.0088091237	0.1265364849	-0.0782066348	0.0372715097	-0.0908897138	0.0319139337	0.1606015308	0.021106498	-0.1227737025	-0.1662953197	-0.004067922	0.0177554847	0.0628551797	-0.0083790014	0.0685439006	9.25675e-05	-0.1319031799	-0.0685331803	-0.008659757	-0.005517167	0.0225269249	-0.0986974964	0.034104668	0.1471406369	0.1152541131	0.1130234637	-0.081288247	-0.059315311	-0.0281690265	0.0480559134	0.0128972036	-0.1249901379	-0.1101689602	0.1025233543	0.0090034031	0.0270705969	-0.0890712516	-0.0693970586	0.039503355	0.0063034584	-0.036096357	-0.0219183433	-0.0934672119	0.1142169037	0.0038297442	0.0089496133	0.0590709224	0.1001908446	-0.0440772912	-0.0637932944	0.068853546	0.0183719804	-0.2279136287	0.1155333134	0.0337965983	-0.1025622271	-0.004604228	0.0113031307	0.0086147799	0.0870204586	0.0260688973	-0.0230298991	-0.1477852468	-0.0016062261	0.0364096247	-0.070433495	-0.0733570106	0.0361441841	-0.0258308704	0.0223141244	-0.0986953612	0.0573323632	-0.1217954405	0.0197682352	-0.057511926	0.0257983001	-0.0131385319	-0.0383124282	0.0045536285	-0.0170374908	-0.110845947	0.0496386907	0.0	-0.0103148610172354	4.1208831930799467e-05	1.6981678291008774e-09	0.0001063963578048	-0.0122278122779135	-0.018469086369805	0.0001495193931038	0.0003411071513353	-0.1415754117223144	-0.0078107781902615	0.0200435972043428	6.100825593746588e-05	0.0037313669474477	0.0004485471171307	2.0119451628635162e-07	1.3923099296505168e-05	-0.0003780018618169	-4.707774618520002e-05	1.4288540753704278e-07	2.2163141858781156e-09	0.0018757165074882	6.691998545001535e-07	4.478284452630266e-13	3.51831241646373e-06	0.0	0.0	0.0	0.0	0.0	0.0
649.6331504764579	1.1239242352950214	422023.2301979682	1.2632056866834986	732.7260256218187	1.5977933132286353	536887.4286235461	2.55294347179814	656.5581800750873	0.858320819251162	0.736714628759986	431068.6438235108	681.3509472525128	570.2403900536308	0.912983	17.390831	0.0154388861653273	0.0092213491675142	-0.092091236	0.0165933512	0.0159433318	-0.0560703167	-0.0389558289	0.0586441737	0.051411613	0.162612669	-0.1034355001	-0.0695507948	0.0358682192	-0.0384056106	0.0101225307	0.0131229038	-0.0141075554	-0.0954919854	0.0099463544	0.0249401791	0.0016859695	-0.1345090217	-0.034116912	0.0754591834	0.0509747638	-0.0857303336	-0.0605213	-0.0813038889	0.0826491198	-0.0398090536	0.0223713498	0.0867190375	0.0432124265	-0.0476399312	-0.067364536	0.131009678	0.0047841321	-0.0143496528	-0.1320938877	-0.0394190337	0.1196439848	-0.0418064228	0.0315247953	0.0384839949	-0.0324736128	0.0821874265	0.088362969	-0.0119885358	-0.07126846	-0.0580949599	-0.0081431897	-0.0586821034	0.0494349875	-0.149944072	0.0541779746	0.0892141924	-0.0159365051	-0.0111503159	-0.0422781009	-0.0678116125	0.1244521633	-0.0069263298	0.064171654	0.0621903709	0.0088280232	-0.0281641375	0.0015142641	-0.0552186221	0.0683384539	0.0124362753	0.1022345094	-0.030125318	-0.0572565975	-0.0265342428	0.0784828549	-0.0223423554	0.1785444668	-0.101419016	0.0277893021	0.0247538914	0.0856605161	0.0426097741	-0.0331174292	-0.0280059842	-0.0515579108	-0.0018924637	0.0865628168	-0.1413140833	0.0252338511	0.0512874743	-0.1072764961	-0.0511467868	-0.0336803753	-0.0997213372	-0.0602346934	0.0629055507	-0.026713593	-0.1219221738	0.0115125753	0.0358590776	-0.0008786213	-0.0194497534	-0.1093265412	0.0561566646	0.0	-0.0102635539338535	5.130708338190078e-05	2.632416805157319e-09	0.0001053405393531	-0.010117354353369	0.0021104579245445	0.0001023608591116	4.4540326512726845e-06	-0.1359794060327885	0.0055960056895258	0.0184903988650299	3.13152796772062e-05	0.0036289135671104	-0.0001024533803373	1.0496695142539455e-08	1.3169013677557929e-05	-0.000429097943434	-5.10960816171e-05	1.841250450592883e-07	2.610809556621344e-09	0.0018757893548913	7.284740309999697e-08	5.3067441384134484e-15	3.51858570392352e-06	0.0	0.0	0.0	0.0	0.0	0.0
650.1010496181415	0.4678991416835742	422631.3747146093	0.2189296067882255	732.92915911819	0.2031334963712652	537185.152285697	0.0412632173480148	657.1041694676272	0.5459893925399228	0.2981044167661139	431785.88953174016	681.2950598319537	578.4107938334889	0.92772	17.671545	0.0498636501016922	0.0327272542979541	-0.0997312079	-0.0313864376	0.0548441567	-0.0461963033	-0.0416390913	0.0538757841	0.0980464587	-0.0364589643	-0.0246041026	-0.0158689535	0.0193235116	-0.0028887746	-0.0011728994	0.034433226	0.0096580477	-0.1086643633	0.0219881814	0.0560425831	0.1311873329	0.0257869022	0.0646365598	0.0584316397	0.0474437475	-0.0147983167	-0.0739802152	-0.0144196927	0.1308895692	-0.1506945245	-0.0583196012	-0.0996570285	-0.1750540302	0.0508167535	-0.0520572577	0.026161769	-0.0667393229	-0.1027091332	0.1974140991	-0.121850175	-0.0398153153	0.0174791983	0.0204663872	0.0169044846	-0.1914857231	0.0538778164	-0.025369825	0.0976166416	-0.1026832557	-0.0147232287	-0.0103612669	-0.0927011809	0.0885084764	0.061531622	0.0185488761	-0.0117605769	0.0094412963	-0.0242722143	-0.1282116548	0.0169357463	0.1275932044	0.0143337348	0.1258809351	0.0755608871	-0.0468151663	0.1837787616	0.1366315428	-0.053092297	-0.2305937005	-0.0687123607	0.0693255572	0.0619584946	0.0571233538	-0.1197399258	0.0231379228	-0.1891049177	-0.0089000755	-0.1151265972	0.0312843268	0.00747924	-0.0375905386	0.0480500967	-0.1345002738	-5.0849e-06	0.0258019448	0.038429519	0.0429933277	-0.0521595664	0.0716498205	0.0436017411	-0.0337666086	-0.0142168939	-0.0523475425	-0.0333657556	-0.0088900549	-0.0574432535	-0.085874608	0.0649685058	0.0936863191	-0.0693943738	-0.0472604774	-0.0218533699	-0.1076127567	0.06245003	0.0	-0.0102468685604719	1.6685373381598867e-05	2.78401684883368e-10	0.0001049983152955	-0.0397031886930108	-0.0295858343396418	0.0015763431923928	0.0008753215935727	-0.1290554263884047	0.0069239796443837	0.0166553030802929	4.794149411584112e-05	0.0036659000587629	3.69864916525001e-05	1.3680005647604592e-09	1.3438823240837834e-05	-0.0004634214297767	-3.43234863427e-05	2.147594215762809e-07	1.1781017147175135e-09	0.0016803563180008	-0.0001954330368905	3.819407190824356e-08	2.823597355445206e-06	0.0	0.0	0.0	0.0	0.0	0.0
649.8682877036925	-0.232761914448929	422328.7913629293	0.0541781088179305	733.6593184731223	0.7301593549323115	538255.9955824463	0.5331326835951693	656.9004259124147	-0.2037435552125543	0.0415114362906511	431518.1695639118	681.7893823794169	578.6961706565245	1.069493	20.37208	0.0678684817275745	0.0348893324948937	-0.0968606043	-0.04342927	0.0545061399	-0.1119110388	0.141784073	0.0096623482	0.0114097907	-0.0998037664	0.007829752	0.0129377501	0.1494483174	-0.0180765407	0.1739228624	-0.040988633	-0.0772938371	-0.1073704755	0.0359995113	0.0401149749	-0.0965902533	0.0163647181	0.1657304804	0.0645915593	0.0307552842	-0.0491616427	-0.0454063336	0.0376765916	-0.1054839286	-0.0111453423	-0.0688237901	0.0423340194	-0.0563380418	0.0157221407	0.048019674	-0.0427279532	-0.0374659228	-0.147383265	0.10578005	0.0173162872	0.0490240916	0.0274142387	0.2876274558	0.0177778208	0.1407040441	-0.0245659176	-0.0212198088	0.087121999	-0.0832914825	-0.0462260732	0.0456315915	0.1384596853	0.1197327553	0.0280562348	-0.0794394318	-0.0611808607	0.1356805319	0.0626131896	0.017452616	0.0616181656	0.1447750652	0.0500449824	0.0269639255	-0.0081663968	-0.0064400544	-0.1399711603	0.0572058292	0.1186318762	-0.1269310739	0.0747357363	-0.0575348272	-0.1104161143	-0.0330316587	-0.0830961787	-0.0440813539	-0.0642115243	0.1916259396	-0.1182459846	0.0398882179	0.0033737782	-0.1372889263	0.1197418345	0.0835934753	0.0535495581	0.0133935308	0.0667894841	0.1096972116	-0.0045812481	0.0065962598	-0.0665409189	0.0732373398	-0.0308321208	0.02643868	0.0116314866	-0.1184941235	0.1594421355	-0.0294718159	0.0656579271	-0.0199895457	-0.0850380981	-0.002299204	-0.0242472716	-0.1057076408	0.0684936154	0.0	-0.0102680668117614	-2.119825128949968e-05	4.493658577327746e-10	0.0001054331960507	-0.0211645898227601	0.0185385988702507	0.0004479398623656	0.000343679648072	-0.155228483867944	-0.0261730574795392	0.0240958822039405	0.0006850289378272	0.0035077918431232	-0.0001581082156397	2.4998207852769947e-08	1.2304603614681656e-05	-0.0003979746224234	6.544680735330003e-05	1.5838380009304777e-07	4.283284592739966e-09	0.0014411987984639	-0.0002391575195369	5.7196319151042754e-08	2.077053976693789e-06	0.0	0.0	0.0	0.0	0.0	0.0
651.0656624626805	1.1973747589879622	423886.496837969	1.4337063134614805	732.8310183438388	-0.8283001292835479	537041.3014468678	0.6860811041711422	656.4308673841064	-0.4695585283083119	0.2204852115070677	430901.4836546502	680.9271518392688	581.2808701953749	1.247107	23.755344	0.0502993160473531	0.036617136691482	-0.0673214682	-0.036648943	0.1552079763	-0.0311524539	-0.0390130133	-0.0176189935	-0.0650962633	0.0982326406	-0.0057957357	-0.0410453714	0.1232423591	0.0293032541	0.0270062587	0.171633701	0.1853438078	-0.0829110709	0.0251023843	0.1167196887	-0.0159557665	-0.0835918081	-0.1155261308	0.0011830097	-0.0796128348	0.0401960015	-0.034821646	0.023398491	0.0297919487	0.0831451496	-0.1204035175	0.1595344778	-0.0218665794	0.1315679624	0.0198376324	-0.0553826116	-0.1061331075	0.14137141	0.049694311	0.0563293904	0.1536820633	-0.0227859841	0.0150633642	-0.0018494299	-0.0435434905	-0.0989108986	0.0204443838	-0.0253701494	-0.1271133093	0.0705180583	-0.0163551657	-0.0360454801	-0.0590603248	-0.1617881246	-0.0821696504	-0.0039359783	0.001043376	0.083702591	-0.016895393	0.0016018856	-0.0275082295	0.0941532389	-0.1079671713	-0.0818471041	-0.2022381507	0.0472255193	-0.0562464921	-0.0734973891	0.0143040232	-0.0673703368	-0.1732440093	-0.0186600939	-0.1302885565	-0.0675026237	0.1082435783	-0.0489361221	0.1391113282	-0.1014936572	0.0698436529	0.0202706443	0.1513684777	0.0136360855	-0.0213072345	-0.0218229513	-0.0712378161	0.0210459398	-0.0074556321	0.0770949071	-0.0743911872	0.0432237942	-0.0217425085	0.0874886487	-0.1201095939	-0.0372314556	-0.0725951295	0.0701901228	-0.0205520143	-0.0206715428	0.0371282513	0.0532114508	-0.1070211536	-0.0266303944	-0.1036145805	0.0742632484	0.0	-0.0102347948009224	3.327201083900069e-05	1.1070267052705794e-09	0.0001047510246169	0.0100462532995209	0.031210843122281	0.0001009272053581	0.0009741167284036	-0.1589884813597422	-0.0037599974917982	0.025277337205077	1.413758113832876e-05	0.0032232748841397	-0.0002845169589834	8.094989994921843e-08	1.0389500978725796e-05	-0.0003766784143857	2.129620803769999e-05	1.4188662786412512e-07	4.5352847678499756e-10	0.0014411078970364	-9.090142749981769e-08	8.263069521504607e-15	2.076791970900676e-06	0.0	0.0	0.0	0.0	0.0	0.0
652.0421998426949	0.9765373800144062	425159.0303757009	0.9536252545654008	732.3772601040927	-0.4537582397460937	536376.4511175778	0.2058965401374735	655.9727148592198	-0.4581525248866001	0.2099037360599667	430300.2026397752	680.8410419932027	588.692854982919	1.07318	20.442316	0.0682467829589842	0.0417440557727072	-0.0859885804	-0.0815360234	0.0716609307	0.0018078832	-0.0751596015	0.0804383464	0.0573041724	-0.0475485362	-0.1671409807	-0.0281660957	-0.0067231104	-0.1205891591	0.1357038274	-0.0206115446	-0.0704540258	-0.1234413922	-0.0304205026	0.111430565	0.1770838441	0.0580989575	-0.0132089489	0.0533958645	-0.0103042505	0.0645976666	-0.0078183998	0.0285367199	0.0681409254	0.0874189841	0.0622883592	0.0388966452	-0.0336012444	0.143195906	-0.0853823543	-0.0720908704	-0.000975679	-0.1189568784	-0.0335051524	-0.1226229775	-0.0264129449	-0.1686622056	0.0114275342	-0.0114893961	0.0003463545	-0.0735763364	0.122553172	0.0893816356	-0.1199942532	0.027028159	-0.0559624135	-0.1057806139	0.1092466038	0.0525571662	-0.0414146775	0.1715586162	0.0371081607	0.0523508176	-0.0127720581	-0.0373559945	0.0679932269	0.181673024	0.1381852865	0.0366983367	-0.1208001928	-0.1010538293	0.0940173797	0.0600841731	-0.0194659607	-0.0009952293	-0.0844022637	0.0786571014	-0.0799218999	-0.0688427118	-0.0868005352	-0.0166570061	0.0214857921	-0.1163654562	0.0794524886	0.0321395042	-0.1216352497	-0.0487446472	-0.1503953234	-0.0388332225	-0.0829862228	0.0251682874	-0.0646186336	-0.0236981781	-0.1099623166	-0.0149641509	-0.0588058208	-0.0147335019	-0.0951168236	-0.0086495476	-0.1210492461	0.1261164038	-0.0293878928	-0.0612189582	-0.0259397776	0.0208893347	0.0272446974	-0.029001679	-0.1013372972	0.0797358525	0.0	-0.0102308650672569	3.929733665499618e-06	1.5442806681761067e-11	0.0001046706000244	0.028667010454626	0.0186207571551051	0.0008217974884056	0.0003467325970293	-0.1328297011370836	0.0261587802226586	0.0176437295041669	0.0006842817827373	0.002842840235016	-0.0003804346491237	1.44730522253873e-07	8.081740601825825e-06	-0.0004654519864237	-8.877357203800003e-05	2.1664555166576825e-07	7.880747092385981e-09	0.0014411659928258	5.809578939989547e-08	3.3751207459970068e-15	2.0769594188775737e-06	0.0	0.0	0.0	0.0	0.0	0.0
653.3207063854545	1.278506542759601	426827.94539198925	1.6345789798791073	731.7890391263095	-0.5882209777831804	535515.1977854073	0.3460039187042008	656.7050327002178	0.7323178409980073	0.5362894202439827	431261.4999737941	681.0711012408706	596.4788743374121	1.216237	23.167326	0.138770098195113	0.0849213191002396	-0.033002281	-0.1107544763	0.0786003983	-0.0401321769	0.1838172127	0.0964548729	0.1364040969	0.1092228797	-0.0002066809	0.0437941593	0.0351119025	-0.1065067576	-0.0243502682	-0.0640535354	-0.022192937	-0.068776378	0.0258506712	0.0811869986	-0.1386204896	-0.0259883564	0.0472274934	0.0452004402	0.0606479987	-0.1881987238	-0.1029592142	-0.0518202037	0.033349178	-0.0365537021	0.2072999917	-0.0043543139	-0.0495215462	0.0801257106	-0.0287661679	0.0033283667	-0.0017646246	0.1448466484	0.1979780092	-0.0443764287	0.0366768149	-0.1430227435	-0.1425066856	-0.0450867797	-0.0909216932	-0.0333904643	0.0417893676	-0.0629485875	-0.0790593149	0.0420521206	0.0262137451	0.1697698223	0.1054218292	-0.0854414253	0.0990209425	0.0238809844	0.0814616962	-0.0123165586	-0.0295785303	-0.2561627888	0.0074663245	0.0101736543	0.0523294553	0.0359545397	0.0955594454	-0.0591529969	-0.0846826254	0.0039330081	-0.0770769128	-0.1595419891	0.0762858962	-0.0172824499	0.0074374036	-0.0583549619	0.1968680441	-0.0025791348	-0.1818168884	-0.0846314127	0.1092422741	0.0082104875	0.0433279729	0.0372289696	0.1366113566	0.0786319694	0.0594050167	0.0400367676	0.0584250576	-0.1637262194	0.0406859321	-0.0303114126	0.0088217499	0.0864529831	-0.1088399933	0.041600129	0.010716933	0.0195806358	-0.0884960666	-0.0466433277	0.1037045182	0.1053638322	-0.0481737832	-0.0313600711	-0.09887984	0.0848895389	0.0	0.0099546091689859	0.0201854742362427	0.000407453370142	9.909424370725816e-05	-0.052370453111294	-0.08103746356592	0.0027426643590822	0.0065670705011978	-0.1554374026308238	-0.0226077014937402	0.0241607861366168	0.00051110816683	0.0025448353965681	-0.0002980048384478	8.880688373835888e-08	6.476187195625919e-06	-0.0004661671093719	-7.151229481999971e-07	2.17311773860153e-07	5.114008310422558e-13	0.0014410967762377	-6.92165880999962e-08	4.790936068204536e-15	2.076759918482692e-06	0.0	0.0	0.0	0.0	0.0	0.0
654.1845768708561	0.8638704854015486	427957.460615701	0.7462722155479072	733.2798052701083	1.4907661437988509	537699.272816968	2.2223836954968963	657.3592045164328	0.6541718162150119	0.4279407651300472	432121.1237624773	680.9683571787073	605.4530489037506	1.159417	22.084988	0.1690289410367501	0.1042834866665858	-0.0222263001	-0.15451261	0.1799874855	0.079334703	-0.1177200088	0.0196378065	0.0907124758	0.0302192608	0.0427420118	0.0031895451	0.0595372484	-0.0149474111	-0.0064410192	0.0063452849	0.0089993164	-0.0628928818	0.0522266247	0.1510974273	0.1082024085	-0.0197151264	-0.0175625594	-0.0897975872	-0.021263762	-0.0319196517	0.0541006893	-0.0029827258	-0.0727504583	0.0365131496	0.0159092886	-0.0193779836	-0.0494798081	-0.0204597122	-0.0119553701	-0.0662444601	0.0741059724	0.0086183178	0.0658656371	-0.0907567297	0.0228560231	-0.0542400043	0.0165115985	0.0506119622	-0.117987098	0.1038667175	-0.0355672987	-0.040560142	-0.1236428479	0.1665450014	-0.0191738159	-0.1096179725	0.0404033264	-0.0283428223	0.0583171092	-0.0704932187	-0.0082680704	-0.0473128039	0.0346443866	-0.0069170836	-0.0528489263	0.0292253018	0.0017287937	0.0410273806	-0.0598359315	0.028404888	0.0496006577	0.074240942	-0.136047313	-0.0832202121	0.0390888281	0.0326880424	-0.0944695094	0.0210058282	-0.0281266273	0.0644499252	0.0488016992	-0.0766554338	0.1407340344	0.0079237186	0.0400732042	-0.0677268912	-0.1025840962	-0.0412904238	0.0616337304	0.0362729439	-0.0606668156	0.0293806063	0.0265865784	-0.0334455424	-0.0064148497	0.0135064923	-0.0154121487	0.1084909548	0.0443265227	-0.060301775	-0.0674986928	-0.0023947943	0.0096430092	-0.0393705753	-0.006937195	-0.0337045224	-0.096246578	0.0897036946	0.0	0.0165262024870287	0.0065715933180427	4.3185838737744765e-05	0.0002731153686422	0.0104598024976496	0.0628302556089435	0.0001094074682898	0.0039476410198851	-0.0974998172342651	0.0579375853965587	0.009506214360715	0.0033567638015835	0.0017128423635418	-0.0008319930330263	6.92212407004302e-07	2.93382896234346e-06	-0.0004672671691168	-1.100059744899972e-06	2.1833860733442813e-07	1.2101314423493916e-12	0.0014403997347448	-6.970414929000687e-07	4.858668428243564e-13	2.0747513958528898e-06	0.0	0.0	0.0	0.0	0.0	0.0
654.4632103962583	0.278633525402256	428322.0937621771	0.0776366414780896	733.9947570338394	0.714951763731051	538748.3033531649	0.5111560244621405	657.4707325878231	0.111528071390353	0.0124385107080516	432267.7642095689	682.1985218526585	610.4795470578828	1.177655	22.4324	0.0675339211722241	0.0356195116221897	-0.0267715988	-0.1783792598	0.1684845876	0.025697284	0.1276546399	-0.0549109177	0.0564521738	-0.0185029246	-0.0420348302	0.1189170277	0.0315581765	-0.093633878	-0.06559769	-0.0479024869	-0.0650974333	-0.0384837805	0.07093072	0.1745864398	-0.1067488713	0.06850966	0.0934202732	0.0022081005	-0.0629374951	0.0567898439	0.0674461202	0.1079400199	-0.1558648196	0.0838962656	0.023727353	-0.0036057007	-0.1246401187	0.0260233383	0.0659714048	0.1076656931	0.0091211299	0.1377672496	-0.0921233475	-0.0134066036	-0.1514553259	0.0129285345	0.1668971495	0.0158759934	-0.0806053801	0.0818134448	0.1455856556	-0.0109156463	-0.1092813527	0.1453651441	0.0608436313	0.1118623107	0.0797901343	0.0448986316	-0.1106304542	-0.0270816966	0.0545366024	-0.0025929536	0.052212883	0.0895888591	-0.1004452033	-0.1062370339	-0.1232238952	0.1308486186	-0.0272370409	-0.0728325467	0.0278599749	0.1540408736	-0.0015202129	-0.035996155	0.0608176818	-0.1954737935	-0.1386600106	-0.0030187786	-0.0810928324	-0.0849953367	0.0447839571	-0.0842847069	0.1409287465	-0.0420472539	-0.1037608996	-0.025100366	0.1633938124	0.0836271864	0.0275030938	-0.024320203	-0.1247009497	0.0996672868	0.0803932156	-0.0634123124	0.0913234083	0.0002995566	0.0464072612	0.0384310231	0.0702337903	0.1698893842	0.0031240523	0.0225825934	-0.0785516862	0.0561630823	-0.013832913	-0.0360339907	-0.0934421931	0.0941590645	0.0	-0.0037607723573387	-0.0202869748443673	0.0004115613483359	1.4143408723722885e-05	0.0356884676465227	0.0252286651488731	0.0012736667229568	0.0006364855451939	-0.0976671633873138	-0.0001673461530486	0.0095388748041242	2.8004734940198084e-08	0.0020403140788605	0.0003274717153186	1.072377243337716e-07	4.16288154039637e-06	-0.0004671438710726	1.232980441999822e-07	2.1822339628069398e-07	1.5202407703540764e-14	0.001330976047589	-0.0001094236871557	1.1973543310770372e-08	1.771497239255636e-06	0.0	0.0	0.0	0.0	0.0	0.0
654.1853010328466	-0.2779093634117089	427958.40808743617	0.0772336142719012	733.1510230093292	-0.8437340245102405	537510.4225396259	0.7118871041162471	656.694953473116	-0.7757791147071202	0.6018332348157632	431248.261917058	681.5000536806948	610.3479297108894	1.213902	23.122839	0.1132640883010925	0.0653303265402695	0.0035202814	-0.1605202296	0.1836692649	0.0787851049	-0.0741039312	-0.0369643643	0.0529415152	0.1294050266	-0.0965684996	-0.069420148	-0.0020663899	0.090371481	-0.2083152131	0.0605713718	0.0521473879	-0.0201844259	0.0640507239	0.1604327345	-0.0386698834	-0.0257591366	-0.0917921357	-0.0518343513	-0.1469811042	0.1971158901	0.1078353565	-0.0341108381	-0.0708097873	0.0285697354	0.0964489417	-0.0885421803	-0.050686526	0.0095385237	0.0870125824	-0.0327403251	0.0700615698	0.0683358673	-0.0602408376	0.0838375412	0.0340696709	0.0776333217	0.0174221207	0.0962087795	0.1553502263	-0.0917442203	-0.0572569622	-0.160284138	-0.1037832697	0.1633047869	0.012422485	-0.051406248	-0.029069198	-0.1179981264	-0.0814363076	0.0349563517	-0.1670360085	-0.007582817	0.0985760733	0.0580208264	-0.199052199	-0.1755588428	-0.1239322082	-0.0019236586	-0.0956748198	-0.0939369875	-0.0143728993	0.1350803543	0.0285952221	0.0163515681	-0.069636578	0.0163241559	-0.0183372218	0.1049817769	0.1808045064	-0.1106442529	-0.0428395379	-0.0743698517	0.1619236024	-0.0496486147	0.1049381882	-0.143049284	0.1140881738	-0.0736592812	-0.0221491738	-0.1468183311	-0.2153157451	0.1081886331	-0.0520725002	0.0143826191	-0.0490500547	0.1223076118	0.0796559344	-0.0098883298	0.0392762994	-0.0367856455	0.0187800051	-0.0764074421	-0.0320548903	0.0890619735	-0.0741082339	-0.0383474405	-0.0904716714	0.0982378286	0.0	-0.0033990351387558	0.0003617372185829	1.308538153080928e-07	1.155343987449666e-05	0.0732536711898177	0.037565203543295	0.0053661003427859	0.0014111445172491	-0.0519016197203541	0.0457655436669596	0.0026937781295962	0.0020944849871323	0.0017833085692027	-0.0002570055096577	6.605183199446538e-08	3.180189452991781e-06	-0.0003870872152484	8.005665582420002e-05	1.4983651220876114e-07	6.4090681417544195e-09	0.0015853459595521	0.0002543699119631	6.470405211211526e-08	2.513321811468169e-06	0.0	0.0	0.0	0.0	0.0	0.0
655.0299719472906	0.8446709144440092	429064.26414926833	0.7134689537076787	733.0541964328651	-0.0968265764640818	537368.4549078335	0.0093753859097546	657.144520679011	0.4495672058949367	0.2021106726161804	431838.92105844704	681.9031787563015	607.2819362556847	1.140609	21.726738	0.0433957678725078	0.0276623788741286	-0.0464749741	-0.1782331376	0.1273573524	-0.0024596942	0.1144076996	0.0024209383	0.1035045923	0.1406740033	-0.1122983024	0.0651777016	-0.0427042837	-0.1102518828	-0.1413552179	-0.0504031521	-0.0568469463	-0.075081369	0.0611680285	0.1443915112	-0.0562031566	0.0879276338	0.0311745007	0.0141124551	0.01001985	-0.0511841787	0.118977307	-0.1388993884	-0.1053982106	-0.0089894656	0.2085060876	-0.1056006652	0.0946097711	0.0277138034	-0.0102082402	0.0265226113	0.0543446195	0.1042603519	-0.1571011333	-0.1701895418	0.2205558183	0.1042991727	0.0722759614	-0.0035298508	-0.0263672629	0.0086846529	0.0442759625	0.0557614927	-0.1091614905	0.1062330834	0.07276728	0.1113275575	0.1011635141	-0.0180004745	0.0095370176	0.1031378939	0.0288485391	-0.1404600724	0.0680279506	-0.086624676	-0.0732464097	-0.1508137661	0.0518215395	0.1108414524	-0.097780856	-0.0348939452	0.1008615806	0.1059809969	0.1725934459	-0.0920203629	-0.0132074422	0.0987622042	0.0696349903	0.2467976375	0.0662214069	-0.0181563056	0.0593135058	-0.1029354205	0.1385817917	-0.0500944501	-0.0651984236	-0.1114721662	0.1922599142	0.0512538644	-0.0190810082	-0.0579073332	-0.2068862685	-0.0455681694	0.0314122832	-0.0243287247	-0.0495911653	-0.0002569911	-0.0211125131	0.0290829307	0.0507774584	-0.0033392199	0.1367309475	-0.0172786119	-0.0378403222	0.0764325162	0.1126428145	-0.0406438432	-0.0873402943	0.1019236731	0.0	-0.0056856411176511	-0.0022866059788952	5.228566902719731e-06	3.232651491872485e-05	0.0782881308827683	0.0050344596929506	0.0061290314371174	2.5345784399944296e-05	-0.0651079653128761	-0.013206345592522	0.0042390471471826	0.0001744075639091	0.0022072876722005	0.0004239791029978	1.7975827977881918e-07	4.872118867848303e-06	-0.0003537490382043	3.333817704409997e-05	1.251383820304673e-07	1.1114340486237543e-09	0.001585395811673	4.985212089989553e-08	2.485233958217801e-15	2.5134798796702903e-06	0.0	0.0	0.0	0.0	0.0	0.0
654.4759277738567	-0.5540441734339083	428338.7400354505	0.3069649461160627	735.3431718652898	2.2889754324247638	540729.5804089052	5.239408530244132	657.6949099000149	0.5503892210039112	0.3029282945972922	432562.5945083887	682.0090649552586	614.3034809140394	1.400965	26.68609	0.2595630763022408	0.1552846862246272	-0.0197113107	-0.2086478181	0.1427005179	-0.0086591409	-0.2574955184	-0.0283422243	0.1769556461	-0.0072109427	0.128715507	0.0425858634	-0.0183973226	0.0315550184	-0.2220241773	0.031720841	-0.0121965845	-0.0819069372	0.0699932202	0.1314776425	0.1477474823	-0.0752481318	-0.0355141072	-0.1016916054	-0.0074010959	-0.0090677631	0.0609464867	-0.035275708	-0.0657881701	0.0844431946	0.0566697292	0.0882227872	-0.02557877	0.0542493949	0.0420776363	-0.0595642965	0.0406196417	0.0786110043	0.0570582145	0.1262922146	0.1331816295	-0.1842927548	-0.1139153216	-0.013666002	0.0921731677	0.0615008086	-0.0431960992	-0.0039461733	-0.1220550835	0.1066488335	-0.0017516529	-0.2274650444	0.0779722691	-0.0501839998	0.0518509285	-0.1539511693	0.0245198617	-0.0007298327	0.1624235136	-0.0742806655	0.0773640095	-0.0602195389	-0.1941631076	-0.127791692	-0.0326363177	-0.0225679886	-0.0409550405	0.1847030008	0.1489237744	0.0129515076	0.0283519744	0.0718806015	-0.0317209942	-0.0641873369	0.1059222546	0.051832717	-0.0743236805	-0.1126725067	0.1617130462	0.0020860047	0.1547494904	-0.0087709259	-0.0368016128	-0.0175298514	0.1608222288	0.0960029941	-0.0418860212	-0.0276052803	-0.0566259413	-0.0154900042	0.1024562177	-0.0444292129	0.0586421883	0.0759492067	0.0933407959	0.0493114542	0.0026126915	0.054188222	-0.0032423531	0.1144147338	-0.1251285291	-0.0429221782	-0.0840536294	0.1052018558	0.0	0.0003983737289132	0.0060840148465643	3.701523665321482e-05	1.587016278882078e-07	-0.0094250780920503	-0.0877132089748186	8.883209704124652e-05	0.0076936070286601	-0.182946197607464	-0.1178382322945879	0.0334693112190292	0.0138858489903132	0.0025947679928142	0.0003874803206137	1.5014099886289577e-07	6.7328209365330335e-06	-0.0004690360588448	-0.0001152870206404	2.199948244966627e-07	1.3291097128163072e-08	0.0011296107492018	-0.0004557850624711	2.0774002317187562e-07	1.276020444712252e-06	0.0	0.0	0.0	0.0	0.0	0.0
653.3741554113142	-1.1017723625425333	426897.7869594481	1.2139023388625554	735.3714170744925	0.0282452092026233	540771.1210501471	0.0007977918428999	656.2258721628497	-1.4690377371651948	2.158071873215436	430632.3952958927	682.1220043311909	607.697669654345	1.348253	25.682009	0.1094404654635493	0.0679181582268643	-0.053211042	-0.1917792433	-0.0444563644	-0.1296773304	-0.0454688322	0.0834496765	0.247332148	-0.2472758905	-0.1500622716	0.0728190075	-0.0455173886	0.0379763238	0.0482768357	-0.0023992453	0.1101856567	-0.1157269651	-0.0424499138	0.0785385441	0.1996688613	-0.0143613627	0.2245036605	0.0394125968	0.0772256957	-0.0141000125	-0.0408034606	-0.0387182111	-0.0709480907	-0.0294539886	-0.0573546862	0.0257059479	-0.0434311298	-0.0680018864	0.2035048999	-0.0640962736	-0.0652023087	-0.0616909295	-0.07512407	-0.0989359496	-0.1165500281	0.1025233001	-0.0091741522	0.0977611049	-0.0293269896	0.0769076217	-0.1037415035	0.1019059285	-0.076374396	-0.06085975	-0.0167187057	-0.0735025288	0.3189335232	0.1664767075	-0.049335873	-0.0149498298	0.0393305907	-0.0443723269	0.025704361	0.0219155556	-0.0342235372	0.0998311594	-0.0459423798	0.0914220517	0.0274593535	0.1548761824	-0.0352458566	-0.0250250694	-0.0081674668	0.1617323645	0.0746571599	-0.0545777189	0.1251742316	0.1849989627	0.0543563963	-0.0005047436	0.0535926625	-0.1149487039	0.1558074181	-0.0259636523	-0.1740143251	0.035278789	-0.1780056523	0.0345403487	0.0741995446	0.0988515241	-0.1030542949	-0.0686790761	-0.0281392175	-0.0793195184	0.070009119	0.0066611869	0.0009708141	0.0547341794	0.0263221192	-0.0612684538	-0.0367615826	0.1215193501	0.0609153026	0.0775913955	0.0498142984	-0.0451814325	-0.0806175202	0.1080592651	0.0	0.0065102998406558	0.0061119261117426	3.735564079540101e-05	4.238400401524294e-05	-0.0032376304960592	0.0061874475959911	1.048225122901254e-05	3.828450775313604e-05	-0.1358747130222184	0.0470714845852456	0.0184619376388702	0.002215724661059	0.0018838345172574	-0.0007109334755568	5.054264066672715e-07	3.548832488410421e-06	-0.0004691644360432	-1.2837719840001977e-07	2.20115268047734e-07	1.6480705069038038e-14	0.001419941039858	0.0002903302906561	8.429167767251355e-08	2.0162325566730183e-06	0.0	0.0	0.0	0.0	0.0	0.0
652.5017450708098	-0.8724103405044161	425758.527320452	0.7610998022190313	733.3592074538723	-2.012209620620183	537815.7271573717	4.048987557316422	656.0517054497737	-0.1741667130759197	0.0303340439436697	430403.8402235567	680.951450260662	599.082966301911	1.366297	26.025717	0.1446673970652506	0.0730068569915384	-0.0135316649	-0.1325799899	0.0519276231	-0.1153388229	0.2182895527	0.0488326897	0.1487413577	0.1063066917	0.1756068297	0.0220465729	0.140884299	0.1173820787	0.0833351174	0.0765955339	-0.1824743301	-0.0815012813	-0.0041943347	0.1256112722	-0.1383415447	-0.1410432886	0.1220005676	-0.0797949875	0.0400410945	-0.0895322431	-0.0009467084	0.064839367	-0.102678842	0.030817575	0.1895893189	-0.0522571583	0.1982351006	-0.0944379182	0.1167376743	-0.0395897464	-0.0215097925	-0.0121157741	0.1690810139	-0.0009498048	-0.1046912299	-0.0131745979	-0.0893969818	-0.1151346134	-0.038140113	-0.0077107232	0.0285310582	0.024338643	-0.066201134	-0.0005612473	0.0187344805	0.212856049	0.1820511677	-0.118649061	0.0599044198	-0.1327178812	0.0178152358	0.0582787723	0.0716904615	-0.0570405055	-0.1313961947	0.0433188734	0.1475272361	0.0466704789	0.1201724233	-0.1707151556	-0.1379664257	0.0777895661	-0.2472623023	-0.0698271539	-0.1079914754	-0.0006173085	0.0193919026	0.0173260456	-0.0416024944	0.0082744881	-0.068418176	-0.0889166917	0.1502940521	0.0071139429	0.0454107457	0.0670021018	0.2169942272	-0.0081945438	0.1462743841	0.1086407532	-0.0019709692	-0.0604675962	-0.083739389	-0.0567039654	0.0523993368	0.1009930895	-0.0418382388	0.0894188768	0.0585325004	-0.0855445625	0.0379672566	0.0298824989	-0.0272294831	-0.0707458331	0.1308309518	-0.0474206018	-0.077038076	0.1104844722	0.0	0.0445357685039908	0.038025468663335	0.0014459362670662	0.001983434676241	0.0456951457405523	0.0489327762366115	0.0020880463442503	0.0023944165902222	-0.1713560797906126	-0.0354813667683941	0.0293629060812067	0.0012589273877533	0.0020912126579442	0.0002073781406867	4.3005693234714186e-08	4.373170380746045e-06	-0.0003131015298867	0.0001560629061565	9.803256801739208e-08	2.4355630678012536e-08	0.0013388263787631	-8.111466109489993e-05	6.5795882445404734e-09	1.792456072471916e-06	0.0	0.0	0.0	0.0	0.0	0.0
651.8586089380709	-0.6431361327388458	424919.6460466769	0.4136240852342783	733.9820286028313	0.6228211489590194	538729.6183119274	0.387906183590633	656.3904371598533	0.3387317100795144	0.1147391714133922	430848.4059949033	680.9125305937134	596.4346117785377	1.276139	24.308361	0.1383404428439345	0.0870521927797183	-0.007999361	-0.1132097337	0.0485589347	-0.094689989	-0.1667206259	0.029715278	0.1653884244	0.0178832416	0.067951411	0.1498118271	0.1714631006	-0.0037228385	-0.0246138103	-0.0652024179	0.0716128671	-0.0760174892	-0.0228044748	0.1417284967	0.1501937351	-0.1108519496	-0.0038465589	0.070705878	-0.0557213814	-0.2149892951	0.0608980146	-0.103631261	-0.046011669	0.0614045605	-0.0565432147	-0.052846611	-0.0171033974	-0.230454315	0.1351352693	0.1555962576	0.0087660076	0.0465021139	-0.0357686625	0.1819605107	-0.0330824227	-0.0098496788	0.0197957808	0.0725396781	0.1083276721	-0.0700485277	-0.0491086304	-0.0599984377	-0.0911751551	0.0131951977	-0.0809544899	-0.1783102294	0.145440333	-0.0775421791	0.0103217807	-0.1461614191	0.1559915334	-0.1359161025	-0.0182718703	-0.0074796608	-0.1152812373	0.0028424133	-0.1609069779	-0.0961823855	0.2431915564	0.0592153954	0.0851330554	0.0147246916	-0.0175477714	0.0260073406	-0.0340216267	-0.0081657951	0.1263802048	0.039635324	0.0648787144	0.0338540414	0.0051256467	-0.0720636152	0.1918496626	-0.0084396011	0.0912846851	0.0519450266	-0.1015211611	-0.0429411179	0.0513146826	0.1434035657	-0.2055835211	0.0191613336	0.1221162367	-0.0432355169	0.1074753786	-0.077530258	0.0015081145	0.0748449044	0.1048685423	-0.0374613785	0.1606114959	0.0994092443	-0.0394703083	0.1293434082	0.0846860221	-0.0496386907	-0.0733216609	0.1124677771	0.0	0.0544883839084064	0.0099526154044156	9.905455338821076e-05	0.0029689839809498	0.0551472145380387	0.0094520687974863	0.0030412152713044	8.934160455241595e-05	-0.1373989108844	0.0339571689062125	0.0188784607122192	0.001153089320125	0.0007284039509502	-0.0013628087069939	1.857247571858658e-06	5.305723157598613e-07	-0.0005689824043377	-0.000255880874451	3.2374097644591e-07	6.547502190980844e-08	0.0014197085920345	8.088221327139989e-05	6.541932423680217e-09	2.0155724862965824e-06	0.0	0.0	0.0	0.0	0.0	0.0
650.0023976229569	-1.856211315114024	422503.1169155926	3.445520446357334	733.0647377245353	-0.917290878295944	537383.9096951418	0.8414225554049442	654.4695408084242	-1.9208963514290645	3.689842792933492	428330.3798459896	680.0965651474474	588.2431404447904	1.514859	28.855572	0.2021276065521142	0.0863235887526493	0.0565720232	-0.0301125865	-0.0004197834	-0.0291072969	-0.0214998543	0.1886463043	0.1932669989	-0.1121235083	-0.0247815242	-0.0771903701	-0.0167655834	0.2893858001	-0.0545451451	0.1232096187	-0.029001075	-0.0172319786	-0.1325802033	0.0785903963	0.107980969	-0.0842801319	0.1853014974	-0.3090327558	-0.0047406903	0.1651300554	-0.1301520365	-0.0551351084	-0.0043756903	-0.0923789812	-0.0782812865	-0.2140784712	0.1502866793	0.069824369	0.061419535	0.119598991	0.0614697159	0.0202799389	0.0356490889	0.0941953112	0.1068163196	-0.1204250773	0.0726918487	-0.1324247177	-0.0364578137	-0.0860304865	-0.0269122979	-0.0848960578	-0.0132644532	-0.0133738793	-0.1226609009	-0.0041202937	0.2229045172	0.0686228209	-0.0329925512	-0.1472781746	-0.3209534057	0.1089992679	0.0894108597	-0.1104107479	0.0646247136	-0.0514980903	0.026153296	-0.0830951279	-0.0689628285	0.1221379304	0.0586944959	-0.010944646	0.0489709507	-0.0500350367	-0.0997352352	-0.2650635175	0.0803331748	0.0411012087	-0.0033830959	0.133233049	-0.1177748607	-0.0377888973	0.1818528188	-0.0325823602	-0.1738393158	0.0975195222	-0.0090728499	-0.2309717292	0.2832834276	0.0073356955	0.0136722318	0.0383670062	-0.2291613948	0.0097453801	-0.0900206471	0.1116900993	0.1462286705	0.0730362701	-0.0657506687	-0.1533529862	-0.0151649671	-0.0098534129	-0.090977456	0.0456218488	0.0305008071	-0.0518347133	-0.0694748826	0.1140012473	0.0	0.0261042524667374	-0.028384131441669	0.0008056589176979	0.0006814319968471	-0.0030721438399439	-0.0582193583779825	9.43806777330525e-06	0.0033894936899439	-0.1032784965435524	0.0341204143408476	0.0106664478482965	0.0011642026747911	0.0001590775249286	-0.0005693264260215	3.241325793665283e-07	2.5305658937409356e-08	-0.0011133483069383	-0.0005443659026005	1.239544452562379e-06	2.963342359141659e-07	0.0019340903112446	0.0005143817192101	2.645885530575382e-07	3.740705332050234e-06	1.0	0.0	0.0	0.0	0.0	0.0
647.5818012729753	-2.4205963499815653	419362.1893399513	5.859286689544076	731.5638755335953	-1.5008621909400972	535185.7039857337	2.252587316193509	653.2306699386573	-1.2388708697668562	1.5348010319568868	426710.3081485071	677.9902333519315	584.5704296195594	1.885256	35.911041	1.0991370883506568	0.5673086749200212	0.1837252271	0.1015307779	-0.0491585564	0.1940131098	0.0221539085	0.184993667	-0.059398861	-0.0646433088	0.2916097077	-0.2283336104	-0.1927818946	0.440002537	0.0146357805	-0.0520660767	0.0282333025	0.2123190276	-0.1807143109	-0.0206728325	-0.0928003534	0.0449404556	-0.0880353347	-0.6088147818	0.2004306021	0.1277191482	-0.0278652571	-0.0341978754	0.1389359431	-0.0642920197	0.0216872148	-0.050458013	-0.0716855474	-0.0333426789	-0.054854884	0.0593495301	-0.136677239	-0.0551318261	-0.1068999334	-0.0181649414	-0.1233230147	-0.0361300915	0.0359098942	0.1154326474	0.0793812748	0.0056944736	0.1122369775	0.088254845	0.1673878793	0.0957889621	-0.2029049235	0.0903725774	-0.1105304682	0.083548645	0.2634923469	-0.2130020296	-0.5292462773	0.078131416	0.17537896	0.0231287861	0.2529591763	0.0591066113	-0.0071352446	0.1867015935	0.1239291984	-0.0298111323	0.1016602847	-0.0325139527	0.0078474499	0.0581464186	-0.0563643259	0.0398038691	0.0213433565	0.0732669919	-0.1070241168	-0.0769896434	0.0749439398	0.2180455512	-0.1274972861	0.1171173784	-0.0938670402	-0.1940489257	0.1196106713	-0.4431355525	0.4341128827	-0.0081988026	0.2952511282	0.0768787473	-0.2286379275	0.1068289766	-0.1475969528	-0.0543122803	0.0203271662	0.0316725477	0.0543121501	0.0848161568	0.0417694917	-0.027417433	0.0242722812	-0.0241467678	-0.0372694521	-0.0540076933	-0.0655045805	0.1150787493	0.0	0.4657905914509825	0.4396863389842451	0.1933240766893685	0.2169608750842561	0.0628783538674468	0.0659504977073907	0.0039536873850798	0.0043494681478525	-0.0214564623175164	0.081822034226036	0.000460379775183	0.0066948452848866	-0.0021909380241471	-0.0023500155490757	5.522573080897563e-06	4.800209425653599e-06	-0.0041719659147836	-0.0030586176078453	1.740529959411616e-05	9.355141671021308e-06	0.0067590215029833	0.0048249311917387	2.327996100501303e-05	4.568437167779062e-05	0.0	1.0	0.0	0.0	0.0	0.0
652.5049011980043	4.923099925028964	425762.6460874173	24.23691287182019	735.6958401535496	4.131964619954374	541248.3692192372	17.073131620554694	657.0292628650109	3.798592926353536	14.429308220143117	431687.4522609396	681.5600291461641	587.0263988912541	2.019205	38.46254	0.3418889652365612	0.1598606232581958	0.1166233349	0.0646204817	-0.0269556414	0.18306509	0.1716468321	-0.0626527219	-0.1283557376	-0.126080765	0.0408364304	-0.0161656291	0.1467772401	-0.2327856771	-0.0070331153	-0.1831826893	0.1731892775	0.1759551564	0.041564286	-0.0158403139	-0.1118296369	0.1929454108	-0.0912082715	0.2036510274	0.005582108	-0.2615553621	-0.0601718921	-0.0497910085	0.0756758904	0.0044507395	-0.0971425095	0.041932216	-0.0638440318	-0.1938843461	0.0504406931	0.0503749095	-0.1386366274	0.0349034171	-0.1686456198	-0.001387579	0.0084167581	0.0407084318	-0.0262913614	0.0323854023	0.0492614376	-0.0871246267	0.079853462	0.0537523491	0.1341953805	0.1363523452	0.0071816372	0.1163045258	-0.1496832218	0.0696325595	0.0673464232	0.0507069009	0.2595802146	-0.0661550901	-0.2586980129	-0.0364986097	-0.0300193819	0.0715131631	-0.2225683166	0.0926963601	0.215292361	0.0874186643	0.0857548785	-0.0667648288	0.064011418	0.0108157494	-0.1098111173	0.0447063114	0.0285049833	0.0779303307	0.0183704973	0.0594998244	0.0651092193	0.1995841454	-0.1198519191	0.0270290046	0.0218404922	-0.1212226732	0.0350029008	0.0925143399	-0.0015144554	0.0502912234	-0.0448977841	-0.0060681013	0.2583231438	-0.0193325894	0.1017409686	-0.1540230937	-0.1069649146	0.048754051	0.0537372245	0.0233377219	-0.0610807685	0.0315141071	0.041662236	0.0664479002	0.096958434	-0.0561566646	-0.0614178136	0.1156959735	0.0	0.3542681946059787	-0.1115223968450038	0.0124372449980545	0.1255059537093796	0.0214301914456882	-0.0414481624217586	0.0004592531053988	0.0017179501681404	-0.0539309627851452	-0.0324745004676288	0.0029085487469327	0.001054593180622	-0.001389903068319	0.0008010349558281	6.416570004585262e-07	1.9318305393225707e-06	-0.003172806215056	0.0009991596997276	1.006669927829798e-05	9.983201055597478e-07	0.0054303380484956	-0.0013286834544876	1.7653997222293675e-06	2.9488571320939e-05	0.0	0.0	1.0	0.0	0.0	0.0
654.9341958538756	2.429294655871331	428938.8008987627	5.901472525045009	734.1948730699944	-1.5009670835552242	539042.1116422652	2.2529021859162754	658.540051227341	1.5107883623301177	2.2824814757521192	433674.9990705089	683.0447960679761	602.9522230607749	1.216668	23.175524	0.1091794344262772	0.0618307419502035	0.1224232787	-0.0082055655	0.048532323	0.232168613	0.0542212212	-0.0792409408	-0.1629154327	0.0570243542	0.109734732	-0.0379761461	-0.028094841	-0.0850177734	0.0500587538	-0.0003838773	0.0042618268	0.1836916942	0.1343158811	-0.0200021372	-0.0339763183	0.2510643434	-0.1149672995	-0.0173433806	0.0692603288	-0.0222477779	-0.1071831227	0.016467473	0.0633105705	-0.1614049068	0.0548254245	0.0416049729	0.0545762194	0.1253228759	0.0003509339	-0.0441061963	-0.0234077654	-0.0380287282	0.0863302985	0.0515959285	0.1303448162	-0.15654248	-0.0984981416	0.0196107652	0.0616475664	0.0565145547	0.0450709264	0.0619980339	0.1146871279	0.2020409517	0.0839510142	0.0380519186	-0.2150920017	0.0747456107	0.0747880138	0.0973369668	0.0425404396	0.0388635698	0.0058916104	-0.1053686267	0.2187254923	-0.0380508841	0.0451676151	0.0322265085	0.0208607732	0.0060512227	0.0413741509	0.0043847845	0.0522979479	0.0059165019	-0.1461631834	-0.0996839447	-0.193805947	-0.0229158352	0.0915767433	0.1217071278	-0.1291917777	0.1703635445	-0.1162053154	0.0379264361	-0.0038261681	-0.1636561134	0.0996222967	0.0163964818	0.0407223973	0.0383004745	0.0198787278	0.0796916122	-0.0999776465	0.0446431815	-0.0135636974	-0.0476061881	-0.1406965848	-0.0128187488	-0.1498494477	0.014611922	-0.0627506993	0.0146744204	0.0213416384	0.0937229747	0.066522219	-0.0582806721	-0.0572218481	0.1158504512	0.0	0.3362457948341557	-0.018022399771823	0.0003248068935354	0.1130612345436531	0.0335530463956104	0.0121228549499222	0.0011258069224259	0.0001469636121368	-0.0730070981499722	-0.0190761353648269	0.0053300363802796	0.0003638989404572	-0.0003611836992917	0.0010287193690273	1.0582635402119264e-06	1.3045366463403718e-07	-0.0030420177702414	0.0001307884448146	9.253872114464458e-06	1.7105617297021736e-08	0.0054699911214478	3.965307295220044e-05	1.57236619455253e-09	2.992080286871776e-05	0.0	0.0	0.0	0.0	0.0	0.0
654.8162988535496	-0.1178970003260246	428784.3852442612	0.0138997026858746	737.5123869000059	3.317513830011535	543924.5208309441	11.005898012317804	659.3877948227749	0.8477435954339398	0.7186692035992635	434792.26396124193	684.7125016633455	617.9787086041305	1.110636	21.1558	0.07051110165371	0.0362585562449582	0.1244261186	-0.0648469605	-0.0960612263	0.1392069825	-0.0106095737	-0.2104573152	-0.0657401205	0.0299009481	0.0184410834	0.0707238297	-0.1519166855	-0.1460924025	-0.0450086277	0.0105095235	0.1739167678	0.1508092317	0.1639059613	-0.139389793	-0.0106117759	0.1753943393	0.0067772394	0.1395989827	0.0659946207	0.006250516	0.1211496359	-0.102668056	-0.0136812883	0.0372133294	-0.1529414901	0.0994188042	0.0163826428	0.1176075165	0.1016346108	0.006999819	0.1802008899	0.0498431521	-0.0193231206	0.0217746912	-0.1314574082	-0.1760873468	-0.0731967869	-0.0521600796	0.039915124	0.1180096115	-0.0062296575	-0.0409174737	0.1622339073	0.0539137388	0.1682998879	-0.0422233792	-0.1265812395	0.1208308164	0.0501058689	0.1277790365	0.1535569131	-0.1037862955	0.1081259924	0.0047133129	0.0549136361	0.0532957306	-0.099401371	-0.1232330641	-0.0716177177	0.1152648896	0.016356119	-0.0479661345	0.0143860832	0.1604565041	0.0296526363	-0.0510104236	0.0043669093	-0.0010910867	-0.0817855329	-0.049039457	-0.0578445978	0.1647475302	-0.1005107579	0.0068754939	-0.0458432422	-0.1507553117	0.080075792	0.106735065	-0.0843818745	0.0528958041	-0.0807370898	0.0112617115	-0.0191125276	-0.0570352584	0.051887712	-0.1762994687	-0.0176067851	-0.0626705575	0.0401395419	0.0484066868	-0.0683064061	0.1066438493	-0.0954220969	0.1405404374	0.0337582489	-0.0603787714	-0.0529241442	0.1155415645	0.0	0.3356603394853863	-0.0005854553487693	3.4275796540265205e-07	0.1126678635034447	0.0499859853769635	0.016432938981353	0.002498598734106	0.0002700414835648	-0.0978026178805748	-0.0247955197306026	0.0095653520642937	0.0006148177987107	-0.0004797094379453	-0.0001185257386536	1.4048350723381491e-08	2.3012114485379565e-07	-0.0030832393118018	-4.122154156039996e-05	9.506364653840035e-06	1.6992154886157815e-09	0.0050557946498021	-0.0004141964716457	1.715587171237474e-07	2.556105954096754e-05	0.0	0.0	0.0	0.0	0.0	0.0
651.5484579905075	-3.2678408630421245	424515.3931098081	10.678783906167896	736.9633645259972	-0.5490223740087004	543115.0006534779	0.3014255671621492	658.2599112632271	-1.127883559547854	1.2721213238983375	433306.1107762716	683.8969709987205	601.9323709084169	1.00336	19.112358	0.0803318225969302	0.0462161267210302	0.109867348	0.0097181123	-0.1326617792	0.0645429234	-0.0216253095	-0.1522535745	-0.0351846822	-0.0119929837	0.0656443678	0.0275788612	-0.1700059921	0.035473982	-0.0631957033	-0.1017840849	0.0973727218	0.1350339192	0.0952540943	-0.1963205103	0.0185737158	0.0236535863	0.0630973652	0.0116907985	0.1111387929	0.1554140026	0.1303237066	-0.0694627771	0.0297388888	0.0066322756	0.0968667137	0.0617583062	0.0128970504	0.1019723521	0.1215412156	-0.1111442275	-0.0596869522	0.0222851581	0.1006742758	0.0293410446	-0.0418085889	0.0009173194	-0.0079059954	0.1361826578	-0.121858793	0.0200694115	0.0313080892	0.0038537647	0.1587439184	-0.0506315622	0.1290199227	-0.05087518	-0.0816849074	0.0723291523	0.0651408389	0.0711318906	-0.0398371481	-0.0766357552	0.158735813	0.138020025	0.0650603226	-0.1021122628	-0.0835103703	0.037834917	-0.1060945354	-0.021646276	-0.0676844784	0.0419312078	-0.175505623	-0.1033986207	-0.0843956803	-0.0095931965	-0.0197477833	-0.0407304411	-0.0141921458	0.0214092265	0.0279805564	0.1509900194	-0.1232919043	0.0050992416	-0.0614100946	-0.0997139458	0.049087647	0.0524406318	-0.0335915847	0.0483036622	-0.0318472154	-0.0858987399	-0.1147803964	-0.037895664	-0.0117312128	-0.1759572782	0.1983500544	-0.0761732563	0.0297359715	-0.039175703	-0.1222468378	-0.013760188	-0.0619172442	0.0045996005	-0.0916111485	-0.06245003	-0.0485323432	0.1147705489	0.0	0.3359647750474863	0.0003044355620999	9.268101147112437e-08	0.112872330072708	0.014217655584602	-0.0357683297923615	0.0002021417303223	0.0012793734161351	-0.091122427691161	0.0066801901894138	0.0083032968283308	4.462494096674047e-05	-0.0001167709774054	0.0003629384605399	1.3172432613907253e-07	1.363546116421244e-08	-0.0034158300879565	-0.0003325907761547	1.1667895189788911e-05	1.106166243831859e-07	0.0051118427541686	5.60481043665002e-05	3.1413900030780983e-09	2.6130936343346017e-05	0.0	0.0	0.0	0.0	0.0	0.0
649.4766438144242	-2.071814176083308	421819.9108604484	4.292413980219755	736.090419584332	-0.872944941665196	541829.105803838	0.7620328711788524	657.3992577946864	-0.8606534685407041	0.7407243929111448	432173.7841490045	683.3839790439407	583.3216428102368	0.920568	17.535316	0.0514541136067352	0.0250738010403934	0.0832309096	0.0983032423	-0.2089749023	0.0163396977	-0.013097379	-0.1136923643	-0.0599734645	0.0114076064	-0.0095974309	0.1383575099	-0.1207832274	-0.04594191	-0.1095908401	0.0319115707	0.1908969681	0.1215430473	0.0130013094	-0.2074958877	0.023817383	0.0272503573	0.0821946435	0.0694392125	0.027546373	0.0856529132	0.259083717	-0.0621642854	-0.0206128939	-0.0010535432	0.0641884596	0.0264124989	0.0257952346	0.0830992853	0.0211733678	0.1231847897	-0.119156881	-0.1064597168	-0.0131202228	-0.0256777785	-0.0479391155	0.0788095265	-0.0712781252	-0.1193766108	0.1147356014	-0.0940938689	0.033440449	-0.1255971505	0.1888603714	-0.1349786441	0.0724112831	-0.0156974511	-0.0404680473	0.1053191565	-0.0101874683	0.0641950171	0.0464872795	-0.1404364365	0.1408378892	0.1713517757	-0.0660536649	0.0040965083	-0.1294775136	0.0179448123	-0.0242553954	-0.0808096799	-0.0313662894	-0.0695466373	-0.0602764065	-0.0900881851	-0.0214211597	0.1140291279	0.0465056495	-0.01908527	-0.0218317616	0.0005119709	-0.0322159917	0.1423516841	-0.1176789045	-0.0263656516	-0.0853207539	-0.0220829703	0.0427874935	0.08866403	-0.1041066232	0.0909964931	-0.0498318239	-0.0851402375	-0.0442174159	-0.0723098838	0.0434792925	-0.1088631515	0.1374595422	-0.0411712327	0.0753426442	-0.0717515936	-0.1211510013	0.0766407808	-0.1005211499	0.0853539665	-0.0836718771	-0.064493527	-0.0440542534	0.1135404882	0.0	0.316519911498446	-0.0194448635490402	0.0003781027184407	0.100184854374984	0.0191026474746678	0.0048849918900657	0.0003649111405414	2.3863145766008627e-05	-0.0905082104551553	0.0006142172360057	0.0081917361597946	3.772628130064834e-07	-7.1791273178315775e-06	0.0001095918500875	1.2010373605616073e-08	5.153986904563562e-11	-0.0031650414156494	0.0002507886723071	1.0017487162775958e-05	6.289495815755811e-08	0.0049420224579308	-0.0001698202962378	2.8838933014294197e-08	2.4423585974692383e-05	0.0	0.0	0.0	0.0	0.0	0.0
647.9249827594291	-1.5516610549950656	419806.7832838065	2.4076520295884	734.0313255656849	-2.0590940186471016	538801.9869117165	4.239868177628271	655.9363424649803	-1.4629153297061066	2.1401212618891265	430252.4853663359	681.4149101373642	568.3063473360381	0.8613079999999999	16.406511	0.0279920415241692	0.0134971299991725	0.0696706588	0.1637722421	-0.160938882	-0.0258142548	-0.0225851616	-0.0219946645	-0.0874383351	0.0778226597	0.0675996673	0.0420011159	-0.0541823843	0.0331621122	-0.1039462883	-0.0191391833	0.0381145636	0.1153940634	-0.0286795847	-0.2112824322	-0.0323588538	-0.0788054656	-0.0536612552	-0.000743869	-0.0200979646	0.083228026	0.0820095172	-0.0744453452	-0.0618639793	-0.1452727724	0.0108839702	0.0298280693	0.0405614485	0.1233389249	0.0226520073	0.1380238431	-0.0633045333	0.0576688223	-0.0614491382	-0.0636014974	-0.0086679614	0.0545436445	-0.0647662946	-0.0645311844	0.0248458103	-0.0276820608	-0.0393735036	0.0534578877	0.1549795359	-0.1213222423	0.0079851924	-0.0085847059	-0.1156922845	-0.0320063315	0.0068363489	0.0149973035	0.0007193958	-0.0627878762	0.1724981795	0.0545828137	-0.0489423762	-0.0448797791	-0.0437300599	0.1164991951	-0.0581478036	0.043012069	-0.1202062704	-0.0617125143	-0.0199460175	-0.0955956424	-0.0069812234	0.0044683746	0.0240585024	-0.0242182467	-0.046584374	-0.0186173022	0.0295284726	0.1334156746	-0.1205809867	-0.0165233025	0.0206514402	0.0230292483	0.0497941354	-0.0187403464	-0.0851111825	0.0605672428	0.0150355639	-0.1036604296	-0.0632508783	-0.0246143203	0.0008950564	-0.036930991	0.131549619	0.05351943	0.0563272365	-0.0957469924	-0.1327180043	0.0619862567	-0.0706979333	-0.0190617624	-0.1310098566	-0.066508354	-0.0394978367	0.1118563022	0.0	0.3164295756289874	-9.033586945861316e-05	8.160569310843598e-09	0.100127676332741	0.0246839065936086	0.0055812591189408	0.0006092952447219	3.115045335275983e-05	-0.0943079526517465	-0.0037997421965912	0.008893989933364	1.4438040760555795e-05	9.082883153624115e-05	9.800795885407272e-05	9.605559998741614e-09	8.249876638238875e-09	-0.0030627923321231	0.0001022490835263	9.380696869712057e-06	1.0454875081968281e-08	0.005112179502334	0.0001701570444031	2.8953419760032452e-08	2.61343792640839e-05	0.0	0.0	0.0	0.0	0.0	0.0
646.8492502399572	-1.0757325194718987	418413.9525359948	1.157200453449359	733.899705956199	-0.1316196094859378	538608.7784025953	0.0173237216012307	654.6776667769237	-1.2586756880565415	1.5842644877046088	428602.8473764768	680.4983271640452	560.609006171679	0.8483739999999999	16.160133	0.0806619846391881	0.0364305016506828	0.0552080364	0.1891675277	-0.1734508227	-0.0204945297	-0.1070430038	0.0527619083	-0.0711193485	0.0016842443	0.016635694	0.058915753	0.0471808876	-0.0798215319	0.0017715133	0.0303725639	0.0382972205	0.0893536545	-0.1267723471	-0.1482905324	0.0751214115	-0.0614444476	-0.0656443091	0.0014640263	0.0034015711	-0.049248151	0.0397570223	0.0847832063	-0.0942244758	-0.0296067173	0.0087934686	0.0731160736	0.0637065272	-0.0760722352	0.0066479604	0.06221775	0.0937991337	0.0816660427	-0.0044435109	-0.0464481343	-0.1008748667	0.0583931554	0.0515756902	0.0582738751	0.0486573417	0.1471012154	0.0227085878	0.1164823818	0.1299377716	-0.1187031256	-0.1019331079	-0.0919593753	-0.0727537618	0.011826725	0.0209115531	-0.011484722	0.0755096108	-0.0445055804	0.0194739975	0.010391146	-0.1003721549	0.0248942382	-0.0524187943	0.0281748848	0.0225698759	-0.0547155705	-0.0423506817	0.0251155282	-0.0176443919	-0.0942508666	0.0656078387	0.0018811809	-0.0657412876	0.0138093575	-0.0426925172	-0.0514217861	-0.0444368402	0.130719614	-0.1084773874	0.0012040952	0.0261455161	0.0212119045	-0.099634604	-0.0422466143	-0.112500818	0.1132358126	-0.0471176594	-0.0320785248	0.0061869175	-0.0297393538	0.0634545171	-0.0174719512	-0.0351276282	0.0168683865	0.1239450228	-0.1023432302	-0.055243424	0.009671577	-0.066942403	-0.0453680152	-0.1291043442	-0.0684936154	-0.0348711943	0.1097247271	0.0	0.3328181653904067	0.0163885897614193	0.000268585874368	0.1107679312138361	0.0459910430624148	0.0213071364688062	0.0021151760419688	0.0004539940645003	-0.0981186262660571	-0.0038106736143105	0.0096272648203381	1.4521233394802929e-05	-0.0002165758752317	-0.0003074047067679	9.449765374308389e-08	4.690510973237689e-08	-0.0028660476641342	0.0001967446679888	8.214229213089105e-06	3.870846438206245e-08	0.0048332171811978	-0.0002789623211361	7.781997661369633e-08	2.3359988320625603e-05	0.0	0.0	0.0	0.0	0.0	0.0
646.4661289479124	-0.3831212920448479	417918.4558768989	0.1467819244181136	733.2937923200203	-0.6059136361786841	537719.7858550771	0.3671313345072747	653.1609669581353	-1.5166998187884246	2.30037834031284	426619.2487576863	679.6725984839045	555.5776834251237	0.940361	17.912334	0.0763857080572605	0.0370944859176928	0.0376425315	0.1974733364	-0.1652204512	-0.0343102832	0.0005363455	0.0919790662	-0.132145574	-0.142124764	-0.0355357281	0.0236754758	0.0218727664	-0.0799059294	0.0591586213	-0.0164280486	0.0027291862	0.0863044123	-0.2162703911	-0.1339586567	0.0225609935	0.0121156819	0.1008223114	0.0485560721	-0.0631347349	-0.0106447441	-0.0535349657	0.0524808071	-0.0863460592	0.0711914806	-0.0403512044	-0.0827923834	-0.0571141036	0.0370141574	-0.1379288962	0.0808801351	-0.0007508485	0.0795346247	0.0232604749	0.0324095932	-0.1138795768	0.0973721966	-0.0433371083	0.0249987088	0.0512770882	-0.0012180851	0.1050512952	0.0349340106	0.1306432019	-0.1345185123	-0.1557905625	0.0665624058	-0.0334559017	0.1090767208	-0.0794016997	-0.0038488224	-0.0034289676	0.0164061932	-0.0877700452	0.0090788395	-0.1263083267	0.0320874937	-0.0304843197	-0.0665247415	-0.015134905	-0.0104585915	0.0109064399	-0.004455863	0.1065150816	-0.034568181	0.0435194617	0.081726826	-0.0615656233	0.0205724591	-0.075850293	0.031473027	-0.1359146251	0.1123117564	-0.1039814165	-0.0175664596	-0.1466827104	0.0691336568	-0.0263701339	0.0197974507	-0.0751227008	0.0724666162	-0.0476963304	0.0042466218	-0.0330393349	-0.0364698795	0.0466791592	0.1033027451	-0.1601648428	-0.0826760066	0.0566409084	-0.1218267814	-0.0164742081	-0.00631027	-0.0089333286	-0.0494922188	-0.0945466439	-0.0704484286	-0.0301825523	0.1071542885	0.0	0.3165345813398801	-0.0162835840505266	0.0002651551095305	0.1001941411840131	0.0241978834601042	-0.0217931596023105	0.0005855375639487	0.0004749418054517	-0.0859979720737982	0.0121206541922588	0.0073956512008057	0.0001469102580483	1.0059526193088864e-05	0.0002266354014247	5.136360517897518e-08	1.0119406722944092e-10	-0.0028819985929062	-1.59509287720001e-05	8.305915889513317e-06	2.5443212868942057e-10	0.0045520373071513	-0.0002811798740464	7.906212156880536e-08	2.072104364569726e-05	0.0	0.0	0.0	0.0	0.0	0.0
647.3391222804202	0.8729933325078036	419047.9392347848	0.7621173586030806	731.8771077011571	-1.4166846188632007	535644.1007770111	2.0069953093235724	654.3992081391647	1.238241181029366	1.5332412223969991	428238.32361316576	679.8182355837118	556.5935927620769	0.9421250000000002	17.945942	0.1329807751428738	0.0691896095804105	0.0515002387	0.1956619781	-0.0922008176	8.09758e-05	0.023006389	0.100598332	-0.1533802464	0.0442210297	0.0456299316	-0.0273195552	0.0796153825	-0.0380478809	-0.0571225188	-0.0303672152	0.0096468625	0.1038257522	-0.139792937	-0.083915165	-0.0489072831	-0.0646518442	-0.0685843193	0.0514284109	-0.0514967913	-0.1219437536	-0.0101301515	0.0403701656	0.101362406	0.0501104303	0.1218778137	0.0310711475	0.1144316983	-0.0833040495	-0.1048557926	0.0523367161	0.0008115587	-0.0728491189	0.0629924023	0.1760752567	0.0223326518	0.0053200046	0.119810607	0.0302899782	-0.0170263789	0.1085386799	-0.0664774064	-0.0278904094	0.1131741825	-0.0724873269	-0.1338906791	0.0648666085	-0.1094996265	-0.0801339722	0.0112485945	-0.0192261967	0.0210281895	-0.0075004659	-0.1101062334	-0.0149000716	-0.0476486965	-0.0034871909	0.061893535	-0.087564066	0.1648546761	-0.1588701633	-0.1147935905	0.0070621299	0.0293334194	-0.0034887377	0.0200934092	0.0171423901	-0.0027641463	0.047303651	0.0827006262	-0.0362475001	-0.0185557805	0.1229009323	-0.0846951903	0.0073964244	0.0906452133	0.0400396996	0.010600682	-0.068672802	-0.0943302481	0.1104571648	-0.0413001714	0.0271921123	0.0253819414	-0.012423522	0.0598922011	0.0985936506	-0.2454654047	-0.0199182967	0.062081481	-0.1091578712	0.0409687434	0.0368857415	-0.0281590743	-0.0692300435	-0.0157665792	-0.0723719246	-0.0254402467	0.1041552675	0.0	0.3321616474642752	0.015627066124395	0.0002442051956562	0.1103313600461814	0.0751414329711508	0.0509435495110466	0.0056462349489579	0.0025952452367844	-0.1163686794955509	-0.0303707074217527	0.0135416695675382	0.0009223798692977	-0.0002499898983466	-0.0002600494245396	6.762570320342333e-08	6.24949492753434e-08	-0.0024220819930578	0.0004599165998484	5.866481181094845e-06	2.115232788161133e-07	0.0045512142898258	-8.23017325500032e-07	6.773575180732256e-13	2.0713551511914564e-05	0.0	0.0	0.0	0.0	0.0	0.0
647.9228235854945	0.583701305074328	419803.9853229998	0.3407072135454738	733.1703305562337	1.2932228550765783	537538.733607937	1.6724253528924171	654.8490516439928	0.4498435048280953	0.2023591788360246	428827.2804390367	680.0232167181173	562.2527559099407	0.841161	16.02273	0.1398513631745017	0.082818279103501	0.0696786634	0.1751461654	-0.0962825282	0.070777354	-0.0490516343	0.0882697628	-0.1164529328	-0.0021502806	-0.0225227751	-0.0484407319	0.0294531413	0.0418503873	0.0261831466	-0.0794833603	-0.0927238823	0.1014460323	-0.1175015655	-0.0678725499	0.0458056914	-0.0292479915	-0.0753714424	0.0544040041	-0.0729413012	0.0055741129	0.0926891405	0.0389340176	0.1373907589	0.0174049933	-0.0174238579	-0.1001458366	0.0403767271	-0.0452045045	-0.050391491	-0.0891468289	0.3001777565	-0.0281537755	-0.0553678922	0.0444874449	-0.0871797007	-0.1087820483	-0.0237205141	0.1087139266	-0.1368292533	-0.0824636437	0.0154116221	0.0207315743	0.1001572454	-0.042559741	-0.1432034703	-0.0381087151	-0.0999244512	-0.0164914157	-0.0392227352	0.0089620577	-0.0545560804	-0.0609123022	-0.1596571084	0.0139767034	-0.0535950699	-0.0114429425	0.0543518088	-0.1555203372	0.0586474479	-0.0638867325	0.0899285578	0.1075742615	0.0209255369	0.0468348172	0.0510550503	-0.0625694897	-0.0231530583	0.0696418013	-0.1372735505	-0.0338805923	-0.0737136888	0.128404707	-0.0615727012	-0.0035455281	-0.0159993385	0.0073675583	-0.0711316326	-0.1419362382	-0.0800036347	0.0322756947	-0.0762013161	0.0741352472	0.0331576213	0.0159878583	0.0421434325	0.1439005221	-0.1203848665	0.0011301135	0.0942884378	-0.000923217	-0.0110249113	0.0283330354	-0.0723900488	-0.0618645468	0.0285971456	-0.0742632484	-0.0206527093	0.100739659	0.0	0.3326899317512186	0.0005282842869434	2.790842878313003e-07	0.1106825906886304	0.0902550531824744	0.0151136202113235	0.0081459746249712	0.0002284215158921	-0.0585409548313862	0.0578277246641646	0.0034270433925703	0.0033440457398344	-0.0008287989860649	-0.0005788090877183	3.350199600252908e-07	6.869077593022063e-07	-0.0031689071055485	-0.0007468251124906	1.0041972243595772e-05	5.577477486467466e-07	0.0045492138097934	-2.00048003240038e-06	4.001920360032625e-12	2.069534628721498e-05	0.0	0.0	0.0	0.0	0.0	0.0
648.2669308170847	0.3441072315902147	420250.0135910029	0.1184097868326816	733.2926478530421	0.1223172968084327	537718.1073953257	0.0149615210985222	654.9253799040014	0.0763282600086086	0.0058260032759417	428927.2532424005	680.4342527564664	566.4644162143234	0.852709	16.242704	0.0785379695442415	0.034872023364211	0.0847691644	0.1570139395	-0.0870800686	0.0514537822	0.0551255676	0.0580064169	-0.1191075774	-0.0394565862	-0.031317698	0.0089446537	0.0168486935	0.0596580606	0.0783637972	-0.0307445848	-0.0083352239	0.1212524199	-0.1134490383	-0.014315581	-0.0341029594	-0.0095967063	0.0694019061	0.0684731986	-0.0941232883	0.0013401377	0.1218218811	0.0380583751	0.0380539298	-0.0747249684	-0.0739046658	0.0175940185	-0.1683083013	-0.106846701	-0.0582144923	-0.0490336318	0.0647726767	0.0001454163	0.057034633	0.0304122874	-0.004204384	0.0842863206	0.1111918685	-0.0333949485	-0.0779309413	-0.0713588331	0.0425437595	-0.0659314465	0.1181783702	-0.0379082584	-0.1077372405	0.083751085	-0.0296830257	0.0074608209	-0.0820338709	0.00540699	-0.023301915	-0.0849522912	-0.1583428927	0.113252806	-0.0284946185	0.0135041292	0.0448413549	-0.0608304991	-0.0236084716	-0.0818276502	0.1629757832	-0.0040882025	-0.1308315496	0.0254086297	0.1236356179	-0.0679227186	-0.0073038302	0.0361023438	0.0161373919	0.0576428212	-0.0024538302	0.1327521271	-0.0388850834	-0.0283875473	-0.0564754674	0.026723729	0.0240339419	-0.097123246	-0.0823115721	-0.0358557776	-0.1217168624	0.0668413933	0.0917066972	-0.036495437	0.0418786978	0.1630178319	-0.1780707107	-0.019472066	0.0151417188	-0.0591509386	0.0228263327	-0.0068131869	0.0588241572	-0.1078958426	0.0668980725	-0.0761215592	-0.0158284522	0.0969211244	0.0	0.3091685028909694	-0.0235214288602491	0.0005532576156277	0.0955851631798433	0.0761236657564268	-0.0141313874260475	0.0057948124881961	0.000199696110585	-0.0555300668265914	0.0030108880047947	0.0030835883217657	9.06544657741721e-06	-0.0011826273969556	-0.0003538284108907	1.2519454435343801e-07	1.3986075600299783e-06	-0.002873142888895	0.0002957642166534	8.254950060007906e-06	8.74764718526584e-08	0.0044413211322746	-0.0001078926775187	1.1640829862175727e-08	1.9725333399988933e-05	0.0	0.0	0.0	0.0	0.0	0.0
649.189044035356	0.9221132182713064	421446.4148955394	0.8502927873106658	733.5263516050396	0.2337037519974956	538060.9084990002	0.0546174436977069	655.3169337681362	0.3915538641348348	0.1533144285189207	429440.2836832719	680.6307215928535	567.84317318436	0.8638439999999998	16.454819	0.0591387196879256	0.0274754123390428	0.0932930772	0.1441319634	-0.0445071861	0.1010343201	0.0478199875	0.03691768	-0.1190087824	0.0444022321	-0.0184270936	-0.0295474357	0.0089205003	0.0295761326	-0.0274615964	-0.0581143896	0.0012145233	0.1252915355	-0.0682609601	-0.0068977913	-0.0664117503	0.0070855085	-0.046417108	0.010577187	-0.127755459	-0.0457264367	0.0144551035	-0.1057746954	0.0427445422	0.006308472	0.0797879729	-0.1003361454	-0.0228590382	-0.028196059	0.0488514305	-0.0533113485	0.0371437272	-0.0647510566	0.0496218491	0.0775788206	-0.0736648068	0.025985971	-0.0111628823	0.0033675368	-0.1137588942	-0.0290516766	-0.0322130021	-0.1423904607	0.1001771596	0.0257011982	-0.0816865578	0.0567190389	-0.0905521522	-0.0536560984	-0.0496710586	0.023535206	-0.0154607999	-0.0600040887	-0.0814764946	-0.064428543	-0.0787045833	-0.0330418651	-0.0372587553	-0.0100208047	0.0214343822	-0.0944711428	0.095319675	-0.0300357237	-0.066267237	-0.0298779531	0.0053734105	-0.0977283086	0.1188305108	0.0088596375	0.0232261974	0.0069538666	-0.0415190003	0.1266295669	-0.0140501061	0.0032589758	0.06563899	0.0115347359	0.0152382027	-0.1330211852	-0.0781185826	-0.0334423053	-0.0468989135	-0.0311150245	0.0876946353	-1.61482e-05	0.0196297238	0.110349412	0.0208431045	0.046124683	-0.0378695682	0.1479606907	0.0918376168	-0.0851231646	0.1158640439	-0.1188298743	0.0476919324	-0.0779460309	-0.0109760526	0.0927149366	0.0	0.3183586223633341	0.0091901194723647	8.445829591633683e-05	0.1013522124330799	0.0821949061636075	0.0060712404071806	0.0067560025992442	3.685996008178364e-05	-0.0723157721644867	-0.0167857053378953	0.0052295709037459	0.0002817599036906	-0.0010158504875189	0.0001667769094366	2.7814537521257233e-08	1.0319522129923869e-06	-0.0026167155011289	0.0002564273877661	6.847200013848271e-06	6.575500519654587e-08	0.0043226923400677	-0.0001186287922068	1.4072790340467829e-08	1.8685669066879968e-05	0.0	0.0	0.0	0.0	0.0	0.0
652.029877818342	2.84083378298601	425142.961567802	8.070336582554607	734.8621026703805	1.3357510653409008	540022.3099411329	1.7842309085593515	656.7394101777202	1.4224764095839646	2.023439135822887	431306.65288057976	681.8797441906839	579.5062543158983	0.8968209999999999	17.082964	0.054388439147745	0.0267681140911918	0.1084079808	0.0862223484	-0.0608236233	0.1455659413	-0.0334471911	0.0389852862	-0.0226782418	0.0430476597	0.0071232831	-0.0618809994	-0.0168325221	-0.0571177614	0.0186342666	-0.0400111047	0.0346940013	0.124606037	-0.0106073688	0.034088551	0.0273586937	0.0020139	-0.0357189817	0.0686018062	-0.0842206901	-0.0537180757	-0.0475937393	-0.1188165172	0.1107959356	0.0494749948	-0.0505702334	-0.0580842995	-0.0522975199	0.0166858405	0.0429739106	-0.0956473979	0.0358949659	-0.1210153851	0.0247900421	-0.0746193237	0.0366320133	0.0438086764	0.0570102797	0.1933631605	-0.0187390511	-0.0864844415	-0.0741725933	-0.0105194431	0.1052856403	0.0644615205	-0.036879831	-0.0363655073	-0.0172321631	-0.0405140226	-0.0106068075	0.0629669315	-0.0045929568	-0.0891670398	-0.1180302861	-0.067921791	-0.0305399467	0.0293239267	-0.0255919086	0.0517319046	-0.0736865999	0.0403051431	0.1337953967	-0.0129470021	0.0182584961	0.042379283	-0.0698028895	0.0145306114	-0.0033008113	-0.0788816848	-0.0058217805	-0.1410599492	0.0705750469	0.1270047519	0.0190412412	-0.0076498481	0.0042317297	0.0057184735	-0.0723907209	-0.0705055888	-0.057892248	-0.0745464374	0.0045901099	-0.0643129199	0.1915795015	0.046499816	-0.0106011401	0.1283024241	0.0343862539	-0.0617549562	-0.0495332633	0.2062915514	-0.0300213223	-0.0616436627	0.0876608758	0.0647144983	0.1331054795	-0.0797358525	-0.006104138	0.0881379191	0.0	0.3087980395985994	-0.0095605827647347	9.140474280134228e-05	0.0953562292599381	0.0756802773000089	-0.0065146288635986	0.0057275043722062	4.244038923043204e-05	-0.058603627641375	0.0137121445231117	0.0034343851727289	0.0001880229074227	-0.0012626692047804	-0.0002468187172614	6.091947919061228e-08	1.5943335207007677e-06	-0.0026175925568803	-8.770557513998467e-07	6.851790793835146e-06	7.692267910635497e-13	0.0040783664531546	-0.0002443258869131	5.96951390158731e-08	1.663307292621683e-05	0.0	0.0	0.0	0.0	0.0	0.0
652.4312465462352	0.4013687278932139	425666.5314698744	0.1610968557306167	734.6485699046742	-0.2135327657063044	539708.521262983	0.0455962420301835	656.0697347286476	-0.6696754490725425	0.4484652070905114	430427.4968269181	681.9404566197121	594.9331336084074	0.932603	17.764553	0.1210010280226605	0.0689064242373103	0.1128275094	0.0165204368	-0.0876732167	0.0913314559	0.0787750819	0.0133393986	-0.025342887	0.115984164	-0.0028988658	0.0543393453	-0.0604345851	-0.0172377361	-0.0089757035	0.0115941762	-0.0443326984	0.1292561556	-0.024990073	0.0120557865	-0.0349773121	0.0848010657	0.0296258333	0.0570589989	-0.042130797	-0.0229659978	-0.0790393772	-0.0676321353	-0.0323343747	0.050883461	0.0542455098	0.0118958627	-0.1589015277	-0.0310239717	-0.1012177387	-0.0393141375	0.03092973	-0.0142210559	0.1282046423	0.0881641389	0.0882193146	-0.0410615302	0.0273259681	-0.0914248855	-0.0523367239	0.0140218982	0.0594959203	0.0405091503	0.1221905091	0.030172005	-0.0112555982	0.0807491487	-0.0085401632	0.0216197778	-0.0225396397	0.0609739512	0.0222127318	-0.0459549756	0.0002634524	-0.0996572782	0.0052679664	-0.0417544807	0.0384542587	0.004437025	-0.05336116	-0.0800152245	0.0651181615	0.0374030609	-0.0385385376	0.0019120012	0.0705245543	-0.0243447478	-0.0469362211	-0.1672105438	0.0423179233	-0.0035378057	0.0284857922	0.1202769569	-0.0033758049	-0.0126914454	-0.0557046624	0.0361060299	0.0525323251	0.0066969236	-0.0423753346	-0.062023891	0.0592772849	-0.1270932313	0.0530255477	-0.06226875	0.0395761169	0.0912683062	0.095763073	0.0530375176	-0.0590276758	0.1539874549	0.002477799	-0.0829889083	0.1854607267	0.0074707204	-0.0004644744	-0.0814902283	-0.0012213705	0.0832083783	0.0	0.3088493912938332	5.135169523379224e-05	2.63699660338428e-09	0.0953879465025712	0.0267431944407974	-0.0489370828592115	0.0007151984488982	0.0023948380787693	-0.0897486942047152	-0.0311450665633401	0.0080548281114514	0.0009700151712348	-0.0008443534634912	0.0004183157412892	1.749880594103329e-07	7.129327713095852e-07	-0.0030162431463705	-0.0003986505894902	9.097722718027012e-06	1.5892229250088407e-07	0.0040787506604727	3.842073181001618e-07	1.476152632817189e-13	1.6636206950306485e-05	0.0	0.0	0.0	0.0	0.0	0.0
652.3396100610823	-0.0916364851528896	425546.96685464494	0.0083972454111757	734.0990596655644	-0.5495102391098499	538901.4294018658	0.3019615028865643	657.4825181038149	1.412783375167237	1.99595686514893	432283.2616121333	682.0471011477052	594.7641670505495	1.012173	19.280233	0.1105059807304965	0.0544963445876483	0.1398759454	0.0354645372	-0.0152253783	0.1509019255	-0.0352892336	-0.0316755799	-0.0662246952	0.1630724691	-0.0381382375	0.0064762128	0.0077412232	0.0700635002	0.0439461449	0.0226953788	0.0217275224	0.1366595708	0.0493636657	0.0436908176	-0.0585541204	-0.073047797	-0.1236775625	0.011846264	-0.0643195768	-0.0434681006	0.1003005907	-0.0930151431	-0.1510299486	-0.0337530357	-0.0743303206	-0.0563522286	-0.0617830275	0.2394740366	0.0545467066	0.0448576973	-0.0406511569	-0.0787077049	0.0601809839	-0.0891249326	0.1550606704	0.0629099129	0.0504986246	0.0211218152	0.0162458844	0.0251792378	-0.0925639781	-0.1200829534	0.0925084003	0.0972353955	-0.0108687336	-0.0229089164	-0.095839861	-0.1490642369	-0.0218764567	-0.0162567774	0.0026176379	-0.0565350311	-0.0015483438	0.0554512791	-0.0627670502	0.0150604162	0.0828984626	0.1098088084	-0.2353240464	0.081875927	0.0587249282	-0.054225635	-0.0495392847	0.0909821987	0.011270952	-0.0753030976	0.0868649005	0.0479930544	0.1747844512	-0.0687848746	-0.0215234157	0.1276004929	0.0265017427	-0.0374080796	0.1687463348	0.0045483464	-0.0062562211	-0.0490247734	-0.0741443784	-0.1051018291	-0.0426345682	-0.0802943311	0.0342110081	-0.022444198	0.0349299712	0.132891951	0.2470212146	0.1506292344	-0.0425935152	0.0914066807	-0.0893789056	-0.1087906927	0.1953107411	-0.059931759	0.0789953561	-0.0832083783	0.0036635686	0.0779460309	0.0	0.2835223815207826	-0.0253270097730506	0.0006414574240442	0.0803849408232161	0.0652692157369472	0.0385260212961498	0.0042600705229161	0.0014842543169113	-0.0675081622824791	0.022240531922236	0.0045573519747575	0.000494641260184	-0.0010080155118481	-0.0001636620483569	2.6785266072376292e-08	1.0160952721263872e-06	-0.0026920729609996	0.0003241701853709	7.2472568273451535e-06	1.0508630908340367e-07	0.0040791667815261	4.161210534004215e-07	1.731567310830764e-13	1.6639601631506005e-05	0.0	0.0	0.0	0.0	0.0	0.0
654.1355388823291	1.7959288212467754	427893.3032288751	3.225360330984832	737.0665748133804	2.967515147816016	543267.1357071284	8.806146152517512	657.8928614087552	0.4103433049402838	0.1683816279093147	432823.01709259953	683.3570392103717	594.4360697948149	1.011664	19.270535	0.0441003023282306	0.0234809489173979	0.1107919417	0.0082567073	-0.0421383691	0.1289159641	-0.091996365	-0.0143897629	0.0215898814	0.0118999772	-0.0212856967	-0.1042144071	-0.0282303221	-0.009429679	0.0310297537	-0.0957032651	-0.0821260658	0.1069974903	0.0434124993	0.0306688322	0.1227785609	0.0495064945	-0.0414309703	-0.0239289878	0.01809067	-0.0191428159	-0.0447153005	0.0842485841	0.1438051878	0.0845307068	0.1397090291	-0.0368598327	0.0036329646	0.0485988978	0.126854401	-0.0435228227	0.1576425011	0.0127812993	0.0288721635	-0.0969823991	-0.0298150569	0.1911865822	0.0334648883	-0.0887230757	0.0323654305	-0.143388438	0.0233776073	0.1136829687	0.0900005552	0.0794311875	0.0053092729	-0.1461353494	-0.0209555317	0.0128818212	0.0407661615	0.0331489397	-0.0314460249	-0.0082687066	-0.1387565439	-0.0605621768	-0.0156227805	0.0378152292	0.0594217407	0.0695858313	-0.1134432172	0.0171500817	-0.082668017	0.1214824164	0.0253903071	0.0234747681	-0.0257080659	0.0050399775	0.0893562856	0.0183507009	-0.1125607722	-0.1764107438	0.0315963312	0.1149646315	0.0318807202	-0.0274757142	-0.019146065	-0.0437532385	-0.140868439	-0.0207352953	0.0408281734	-0.1240435333	-0.0445680994	-0.0497349174	0.1353339236	0.0652000024	-0.0282598123	0.0366713112	0.0657129682	0.0250087976	0.0126286266	0.1471583794	0.008250962	-0.0973539348	0.1555648999	-0.0567030993	0.143337954	-0.0848895389	0.0085419939	0.0723719246	0.0	0.2923480369744027	0.0088256554536201	7.789219418601473e-05	0.0854673747227867	0.0742230444182041	0.0089538286812568	0.0055090603227066	8.017104805329859e-05	-0.0521879607703255	0.0153202015121536	0.002723583249365	0.0002347085743729	-0.0011809188996227	-0.0001729033877746	2.989558150393372e-08	1.3945694474860889e-06	-0.002738419183786	-4.634622278640007e-05	7.498939626127183e-06	2.147972366566629e-09	0.0040784040584631	-7.627230630006046e-07	5.817464708330244e-13	1.6633379664088283e-05	0.0	0.0	0.0	0.0	0.0	0.0
656.4949631386355	2.359424256306397	430985.6366263984	5.566882821246995	738.9983892498594	1.931814436479044	546118.6193138867	3.731907016988847	659.8971529255997	2.004291516844546	4.017184484495012	435464.2524393123	685.8319042546833	603.9476360794401	1.082436	20.618622	0.1362202554870152	0.065546022542371	0.1115439046	-0.0417827209	-0.0706465202	0.1289565677	0.0508090439	-0.0727812615	0.0852133682	-0.0817351616	0.0361223124	-0.11165576	-0.0064518687	0.0050266113	0.0527599829	-0.0328223793	-0.0881067675	0.0915161598	0.1333300776	-0.0326928412	0.1108454307	0.0444796207	0.0195394811	-0.0277636273	0.0330531903	-0.029874853	-0.142074656	0.1301404852	0.1210186572	0.2504732281	-0.0386815419	-0.051337897	0.2441792722	-0.1153020252	-0.002680293	-0.1057060413	0.0185487683	0.1266685619	-0.0088943688	0.023126766	0.1182601378	0.1850198843	-0.0425206433	0.0474748899	0.0241965957	0.0814872563	0.085280398	-0.0579316985	0.1108876186	0.0586819248	0.1321616043	-0.060686991	0.0401800452	0.0609446917	0.0472097688	0.0057225439	-0.0686844793	0.1131315043	-0.210448741	-0.0698338773	-0.0290994452	0.0351899164	0.0858918852	-0.1872747841	0.0158859151	0.0380924623	-0.1898418779	0.0928760675	0.1564374536	-0.0745249095	-0.1670429676	0.1228887709	0.0997755307	0.0798478781	-0.0177178102	0.0287854639	0.1274250246	0.1110435316	0.02520981	-0.0910114835	0.0096136001	-0.0429964064	-0.1584010604	0.1542647467	0.1363833507	-0.2191113848	0.0169858314	-0.1360351365	0.0107200169	0.0563904636	-0.0940227601	-0.1940976071	-0.2302376588	0.1121749283	-0.1674386176	0.0876685254	0.1770238446	0.0871839665	-0.0833781699	-0.0823600914	0.0541852639	-0.0865329627	0.013405232	0.066508354	0.0	0.3091478964708187	0.0167998594964159	0.0002822352790993	0.095572421892332	0.0336362990423566	-0.0405867453758475	0.0011314006132668	0.0016472839002038	-0.0850192004281922	-0.0328312396578666	0.0072282644414491	0.0010778902974722	-0.0008698401591246	0.0003110787404981	9.676998278988432e-08	7.566219024259094e-07	-0.0025299653100103	0.0002084538737757	6.400724469855513e-06	4.3453017492095544e-08	0.004478919663327	0.0004005156048639	1.604127497394957e-07	2.0060721350537243e-05	0.0	0.0	0.0	0.0	0.0	0.0
657.5888488763248	1.0938857376893338	432423.09416649	1.1965860071201382	741.1035750880386	2.1051858381791817	549234.5090082721	4.431807413270184	660.9707453034807	1.0735923778810277	1.152600593844239	436882.3261470388	687.2111411091361	608.1556323754527	1.019628	19.422234	0.154762986853997	0.0872805516203851	0.0806258393	-0.0610234763	-0.0189172937	0.0813731625	0.0407963803	-0.184510461	0.05163224	-0.1693912986	0.0176610158	-0.1464448409	0.0525857168	-0.0043295365	-0.0151287794	0.1349271519	0.0137486631	0.0485453034	0.1922457807	-0.0230988929	0.0250841	-0.0260749689	-0.0275437503	-0.097092643	0.1200121874	-0.0036752165	-0.1043300909	0.1370436382	-0.0793392069	0.0550742331	-0.049321276	0.0098630153	0.0415596807	-0.0798844977	-0.0108674253	-0.0769774753	0.1210371257	0.1099826792	-0.0520797039	0.0003918846	0.0044036728	-0.0281927662	0.0167916632	-0.0551530699	0.0969258011	-0.0686598263	-0.1600063598	-0.1809261829	0.0676944711	0.0607632603	0.2029760759	-0.0524624381	0.0161504827	0.0280115463	0.0006212743	-0.0895496005	-0.042538053	0.2304575207	-0.1083641848	0.0195160404	-0.0469232718	0.036269929	-0.0287974242	-0.1519252732	0.0010274049	0.0494749494	0.0226536579	0.0197139571	0.0706686784	-0.1084239499	0.1333372146	-0.0414111033	0.077725074	0.0182519416	-0.1078083456	-0.0498771376	0.0668662697	0.0801544294	-0.0117182332	-0.1017378584	0.092687406	0.032437646	-0.1333499435	0.2915140491	0.1784188806	-0.1181061833	0.0789724785	-0.0671026176	-0.0681887481	0.0386243454	0.021479352	-0.019945535	-0.0477796691	0.145786809	-0.2044931084	-0.0569703141	0.080358577	-0.0337576779	-0.0797766932	0.0053976778	-0.0865735658	-0.0881379191	0.018244636	0.0603787714	0.0	0.2911713110467389	-0.0179765854240798	0.0003231576235092	0.0847807323766767	-0.0348850977051569	-0.0685213967475135	0.0012169700418983	0.0046951818122301	-0.1015862987231059	-0.0165670982949137	0.0103197760882601	0.0002744687459133	-0.0001960332261959	0.0006738069329287	4.540157828627816e-07	3.84290257727729e-08	-0.0022679406295369	0.0002620246804733	5.14355469910423e-06	6.86569331771873e-08	0.0043807931489793	-9.812651434769944e-05	9.628812818029265e-09	1.919134861414397e-05	0.0	0.0	0.0	0.0	0.0	0.0
656.2551107966752	-1.3337380796496063	430670.7704467565	1.7788572651074197	741.2407852172852	0.1372101292465686	549437.9016695375	0.01882661956786	660.6331426617553	-0.3376026417254252	0.1139755436999858	436436.1491831471	687.3347306757112	608.9882883336422	0.957668	18.241997	0.0876829605873549	0.0474959889921278	0.0935681826	-0.0546382806	-0.0926184669	0.0336278517	0.0750261031	-0.1971997142	0.072044763	-0.0471737892	-0.0259684935	0.0253100779	0.0684678505	0.0020547894	0.1156647063	0.1835449738	-0.1181810634	0.085735341	0.2095116038	-0.1012229151	0.060046142	-0.0925331484	-0.0017977865	-0.0140957908	0.0130223336	0.0675710582	-0.1311854996	0.1643330638	-0.1348121382	0.049923017	-0.1043033056	0.0214792794	0.0138868777	-0.0260110892	-0.0741998378	0.1410095158	-0.0023396835	-0.0737827507	-0.0122153862	-0.0266206069	0.0484353921	-0.0675292724	0.0001082264	-0.1464039099	-0.0430186311	0.0825730232	-0.0909856697	-0.0361006472	0.1312385291	-0.0058359993	0.2420338219	-0.0324912719	0.0362786327	-0.0078916205	-0.0401850077	-0.0646633107	0.0208499018	0.1936423677	0.0506010632	-0.0146362225	-0.0129043726	0.1307803568	0.2086975049	-0.0044954263	0.0089671043	0.1468920868	-0.0538591088	-0.0005021267	0.0446545818	0.0090826703	0.1765045946	-0.0465017296	0.0455314667	-0.0664315115	0.0546277677	0.0481561005	-0.0737675295	0.0819406887	-0.0129143467	-0.1161441498	0.1231232814	0.0871569685	-0.0577876302	0.2560920705	0.0835220434	-0.0921326225	0.0529939974	-0.0090596937	-0.1588523919	0.0004001565	-0.0043031578	0.0168331954	0.0183191539	-0.0037113704	-0.1218660818	-0.0636137572	0.1120271005	0.0224729172	0.0208711292	0.0640679695	-0.019904579	-0.0897036946	0.0230516017	0.0540076933	0.0	0.2842838517487109	-0.0068874592980279	4.7437095581992015e-05	0.080817308365083	0.0075607760837783	0.0424458737889352	5.716533498903393e-05	0.0018016522017062	-0.1185836057525762	-0.0169973070294703	0.0140620715532824	0.000288908446254	5.176789182972843e-05	0.0002478011180256	6.140539409475142e-08	2.6799146244944635e-09	-0.0023558990922849	-8.795846274800003e-05	5.550260533028816e-06	7.736691168991311e-09	0.0044720799776241	9.12868286447998e-05	8.33328508402504e-09	1.999949932626637e-05	0.0	0.0	0.0	0.0	0.0	0.0
652.7210351112913	-3.534075685383982	426044.7496767555	12.489690950022265	739.1570077607126	-2.083777456572534	546353.0821217702	4.342128488519899	659.354001820179	-1.27914084157635	1.6362012925886529	434747.6997162845	685.5833197743713	592.6516957860794	1.047663	19.956259	0.050461929034444	0.033579422550156	0.0586525037	0.0126651447	-0.1171897298	-0.0214499647	-0.0451473276	-0.1802690585	-0.0015510296	-0.0792724414	0.0737086231	0.1078309188	-0.0399570926	-0.0364437064	0.0365408306	0.1254230603	-0.2168596864	0.0506908757	0.1284761873	-0.1471762238	0.06053351	-0.0759179923	0.071347847	-0.0198239167	-0.1021760911	0.0455941494	-0.1100070497	0.1131955415	-0.0497851341	-0.1414579944	-0.0008638748	0.1056316085	0.0441349479	-0.1667595458	0.0621014653	-0.1759819653	-0.0801902754	-0.0600761532	-0.0308327077	-0.0039234858	0.0860236062	-0.0004788541	0.0119121935	-0.2497164612	-0.1651730345	-0.0703567525	0.0391908789	-0.1498322715	0.102226593	-0.0733543359	0.1524175969	-0.0523789174	-0.008414287	0.028542092	-0.0750914073	-0.0980778675	0.0378189601	0.1414806209	0.0983220921	-0.0752348658	0.0256413167	-0.0223567341	0.1280203177	-0.068033293	-0.0654301506	-0.0164159169	-0.1681594328	0.0149996513	-0.0189442287	-0.0148787994	0.1015453261	-0.1049384397	0.0081011343	-0.0427355861	0.1221335014	0.196795163	0.0099590444	0.0591973245	-0.0405760416	-0.1119479491	0.0207085179	0.1369110475	-0.0094622837	0.1784840385	0.0585406161	-0.0491180977	0.047629265	0.0738548184	-0.0865794551	0.0246006234	0.0011285525	-0.0344235621	0.1467005713	-0.0556528758	-0.0632147045	-0.0313430347	0.1342947678	0.0163797515	-0.069689329	0.0587641616	0.070641624	-0.0912295932	0.0278175825	0.0474206018	0.0	0.2818769354003763	-0.0024069163483346	5.793246307880462e-06	0.0794546067107079	0.0377964581804235	0.0302356820966452	0.0014285722509845	0.0009141964718493	-0.1202288536953375	-0.0016452479427613	0.0144549772608948	2.7068407931602965e-06	-4.604285535072996e-05	-9.78107471804584e-05	9.566942263999548e-09	2.119944528848242e-09	-0.0023341216501735	2.177744211140017e-05	5.448123877808662e-06	4.742569849153856e-10	0.0046759734412663	0.0002038934636422	4.157254451601325e-08	2.1864727623427808e-05	0.0	0.0	0.0	0.0	0.0	0.0
651.276472831565	-1.4445622797262558	424161.0440639242	2.0867601800079174	738.3298736341072	-0.8271341266054151	545131.0023005567	0.6841508633953028	658.888910905923	-0.4650909142559385	0.2163095585234247	434134.59691479336	685.2455267955756	576.7900860222587	0.959132	18.269896	0.0468888339130814	0.0228220070554837	0.0670760335	0.0984883301	-0.1177229828	-0.0240691658	0.0195882632	-0.1383777688	-0.0408645425	0.0139438951	-0.0024661387	0.1082445074	0.0486004251	0.0864506059	0.0132711494	0.1036313192	-0.0991634714	0.0693704133	0.1080496358	-0.1272084858	0.0397631523	-0.035401802	0.0664925845	0.0139722903	-0.0915847015	-0.0526156342	-0.1028192725	-0.0183636134	-0.061845363	0.0489065246	0.0640411887	0.0494542636	-0.0247917609	-0.0082211233	0.0823487983	0.0695475722	-0.1240390914	0.0590774078	-0.0742020608	-0.0848782303	-0.0036138842	-0.0553060237	0.0568293653	0.0965410107	-0.0188253786	0.0723375322	-0.086831498	0.0287205448	0.1242362496	-0.0857991875	0.1286025194	-0.0365551289	-0.0291051382	0.0085888092	-0.1472337048	-0.0790347587	0.0270254057	0.0383698337	0.0767865786	-0.1470209904	-0.0466921973	-0.0105922507	0.0084144915	0.1138546903	0.0211468393	0.0855653518	-0.092951138	-0.0144003203	0.0349584496	-0.015822175	-0.002301478	0.0656955271	-0.0891619427	-0.0041987515	0.0703786921	0.012787989	0.1660592941	0.0735204447	-0.0298751266	-0.1269018242	0.0791741498	0.1723055596	-0.0052359882	0.1231980075	-0.005170143	-0.0840430678	0.0817179076	0.0675218882	-0.1325205752	-0.0007838328	-0.0763058126	0.0718468297	0.0296982523	-0.0477492331	0.0056499275	-0.0845049124	0.1000262896	0.058278281	0.0417704525	0.1469843933	0.0278555212	-0.0927149366	0.0325341047	0.0406438432	0.0	0.2952695572353292	0.0133926218349529	0.000179362319614	0.0871841114299473	0.0321513597477007	-0.0056450984327228	0.001033709933626	3.186713631512945e-05	-0.1200444835545653	0.0001843701407722	0.0144106780318823	3.39923488083618e-08	-0.0001402560510251	-9.421319567437005e-05	8.876126239177138e-09	1.967175984915545e-08	-0.0025263636630192	-0.0001922420128457	6.382513357823791e-06	3.6956991502966376e-08	0.0049428531028389	0.0002668796615725	7.122475376110546e-08	2.4431796796244145e-05	0.0	0.0	0.0	0.0	0.0	0.0
649.5714588602905	-1.705013971274525	421943.080165886	2.9070726422413267	737.8893880208333	-0.4404856132739496	544480.7489537599	0.1940275755013275	658.2324410012241	-0.6564699046989517	0.4309527357754507	433269.9463864299	683.9958261184534	572.0622036954783	0.959291	18.272917	0.0686582513721604	0.0330148084863903	0.0351044025	0.1177094453	-0.0796108758	-0.051139974	-0.1051319949	-0.0761500631	-0.0046533315	-0.0080563722	0.0589987862	0.0546074836	0.0767701514	0.0223072591	-0.0812383938	-0.0439758979	-0.1303387956	0.0439514041	0.046984688	-0.0865465914	0.0709482274	-0.1815525943	-0.0302758615	-0.0310974718	-0.022039046	0.0546481125	-0.0668420679	0.016322902	0.0605323121	-0.0463916565	0.0625446312	-0.061745187	-0.0708705078	0.0450706959	0.086908997	-0.1272486793	-0.0511918332	-0.04606707	0.03871715	-0.1256618256	0.0266871364	-0.0554546102	0.104953412	-0.0861685817	0.051019222	0.0664278416	0.0438335522	0.0392163631	0.0759160523	-0.0860421877	0.0444394042	-0.1133701182	-0.0213464875	-0.0700830537	-0.0200863264	-0.0982381912	0.0301201728	0.0555801774	0.0247792351	-0.0604210073	0.040519249	-0.0777847105	0.0277271437	0.0123642437	0.0136482956	0.0797853362	-0.0872867844	0.1772213438	-0.102727392	0.0161981617	0.0206058396	0.0682436418	0.1218907847	-0.0786846108	-0.0599540757	-0.1056888027	-0.0256587157	0.055729212	-0.0432015383	-0.0833091314	0.0860718508	0.186778536	-0.1193433632	0.0436852475	-0.0018297028	-0.0472168339	0.0370087321	0.1167504683	-0.066197095	0.0730646532	-0.0256048045	0.0633950626	0.0735295252	-0.0604309036	0.0999100406	-0.0264026393	0.1771532907	0.0464752697	-0.0113762614	0.0648539618	-0.000860143	-0.0941590645	0.0371927824	0.0337045224	0.0	0.3090645580407738	0.0137950008054446	0.0001903020472222	0.0955209010369388	0.0549565900686559	0.0228052303209552	0.0030202267919742	0.0005200785299918	-0.1223592439903598	-0.0023147604357944	0.0149717845898924	5.358115875119529e-06	-6.400790291207718e-05	7.624814811302283e-05	5.813780090665467e-09	4.0970116352018975e-09	-0.0024301584505095	9.62052125097002e-05	5.9056700945827335e-06	9.255442914036571e-09	0.0045204412672623	-0.0004224118355766	1.7843175883519276e-07	2.043438925076799e-05	0.0	0.0	0.0	0.0	0.0	0.0
647.1728027232101	-2.3986561370803656	418832.63658461504	5.753551263953302	735.6423111539898	-2.2470768668434857	541169.6099599835	5.049354445503137	655.9471960228892	-2.2852449783348447	5.222344611004625	430266.7239702906	681.5288442557501	559.215695457737	1.191509	22.696283	0.1317827971094697	0.0764286330839021	0.1089766779	0.1885555961	-0.1258083395	0.0060718441	-0.0441048004	0.0079576325	-0.0536478404	-0.0793909007	-0.0020404168	0.1468458007	0.0795621444	0.1253002506	0.0561091178	0.0395075395	-0.1265307142	0.1169271152	-0.0656995315	-0.0634650149	0.0562203084	-0.1481961756	0.0863666998	-0.0399704438	-0.2273597097	-0.0596214701	-0.0590405148	0.1470644012	-0.0044213876	0.1188303078	0.0286898452	0.068860322	-0.0861609534	-0.0492627423	-0.1444338638	0.0095206876	-0.0818028122	-0.0234274313	0.064668375	-0.0636604199	0.0804394844	-0.0189271622	-0.1576725835	0.065520356	0.1341970404	0.0858180439	-0.0600625705	0.1293845572	0.1310149566	-0.0854298824	-0.0835069004	-0.0325323931	0.0080220295	-0.0313935332	-0.1535408992	-0.1842963273	-0.0378367847	-0.0115856678	-0.029368655	-0.0056026506	-0.0289573086	0.1549486148	0.0908917856	-0.0566273709	0.0657889191	0.034727341	-0.0854077525	0.0968417346	-0.0882229284	0.0663055625	0.01505246	0.2236765395	-0.069591208	-0.0771719742	0.0878180775	0.0194364654	-0.0292260003	0.1149671619	0.0088505797	-0.127895854	0.0515494997	0.2537595273	-0.1235753478	-0.0256994624	0.0199825728	-0.0968543774	0.0558841196	0.1722497331	0.0907260778	-0.0856304797	-0.0372147807	0.1460790598	0.1229490247	-0.0843551196	0.142372323	-0.0136990053	0.0637015623	0.0534764055	0.0327996418	-0.125902317	-0.0238988695	-0.0955613349	0.0417853327	0.0266303944	0.0	0.3274869871487595	0.0184224291079856	0.0003393858942387	0.1072477267517717	0.0533904265794262	-0.0015661634892297	0.002850537650333	2.4528680749961517e-06	-0.0852354557845416	0.0371237882058182	0.0072650829227985	0.0013781756507504	-0.0011811350670649	-0.0011171271641528	1.2479731008881278e-06	1.3950800466504055e-06	-0.0025310231463961	-0.0001008646958866	6.406078167592813e-06	1.0173686876296316e-08	0.004245024801173	-0.0002754164660892	7.585422979311834e-08	1.8020235562573872e-05	0.0	0.0	0.0	0.0	0.0	0.0
643.4975938341698	-3.675208889040277	414089.1532703662	13.50716037808067	732.62482585329	-3.017485300699832	536739.1354565634	9.105217539939554	653.2445216025076	-2.7026744203816406	7.304449022585237	426728.405003689	679.4139815903503	544.3204725223736	2.950964	56.211029	0.8517604087882964	0.5221023767233478	-0.2128535536	0.1214620458	-0.0282341685	-0.1723977795	0.0418235168	0.1833484852	-0.1466174859	-0.063359581	0.1297963981	-0.1391461171	-0.1165946449	-0.1072922439	-0.0233410219	0.0154660738	-0.1010522894	-0.1718878985	-0.2677364452	-0.1544210349	-0.091311905	0.1282118504	-0.2435986558	-0.0121447553	0.217004211	0.1489555734	-0.1340499603	0.0419148445	-0.2065095632	0.3263518389	-0.1040616003	-0.0989978335	-0.133281941	-0.0409351218	0.1851403844	0.0482129738	-0.1257063434	-0.0122316735	0.0455114848	0.0714210247	0.2253367586	0.0272361485	-0.1101663033	0.0302083045	-0.0678925237	0.0768186469	-0.0724121017	0.0780241269	-0.114403364	-0.2003423496	-0.1689415663	0.1162487829	-0.1121430661	0.0782121992	0.2681816622	0.1044541859	-0.0343215515	0.352901649	0.0926355001	0.1061759449	-0.2467856568	-0.0765485323	-0.037059152	0.0083571046	-0.0694130314	0.151142758	0.1252460555	0.1644728634	0.1285405486	0.2607763676	-0.053323341	0.0786175589	-0.1359259096	-0.198221779	0.2042942651	0.0827387241	0.0464321256	-0.1417475855	-0.2617640518	0.4851464912	0.1296219174	0.2043761915	0.0086780859	0.0044069185	0.1957552653	-0.238122177	-0.1782617551	0.0631312657	0.1123119845	-0.5546020861	-0.2687430021	-0.0010635829	-0.0214732351	-0.0763162974	-0.0722836782	-0.0134486899	-0.0964642399	0.0446413161	-0.0663147017	0.0509192329	-0.0450711154	-0.0969211244	0.0463035902	0.0194497534	0.0	0.3551801995843817	0.0276932124356221	0.0007669140150044	0.1261529741768012	0.220921827494763	0.1675314009153368	0.0488064538636258	0.0280667702926553	-0.2372851945686989	-0.1520497387841572	0.0563042635615052	0.0231191230643304	0.0078950089138535	0.0090761439809184	8.23763895623613e-05	6.233116574982623e-05	-0.0033749836555663	-0.0008439605091701	1.1390514675339664e-05	7.12269341038823e-07	0.004075408158198	-0.000169616642975	2.87698055741088e-08	1.6608951655906813e-05	0.0	0.0	0.0	1.0	0.0	0.0
648.8790797035705	5.381485869400649	421044.06007695256	28.96039016255886	732.833874800711	0.2090489474210244	537045.4880554242	0.0437014624178382	655.489878723332	2.245357120824451	5.041628600037069	429666.9811087285	680.5518344395374	556.4527110420004	2.041935	38.895515	0.2778879202104181	0.1710497578558869	-0.3050972792	0.0472806853	0.1313019229	-0.2174151743	-0.0584078657	0.1485033779	-0.2175749211	-0.0650633451	0.1982508896	-0.3445047475	-0.0958745008	-0.3251077444	-0.2145510973	0.0619355549	-0.1954826281	-0.2779470691	-0.192330274	-0.1033289151	-0.0149678714	0.1395969867	-0.2037961081	0.1481614647	0.2831003566	0.0817925861	-0.1673788682	0.0899477771	0.012072479	-0.1056337335	0.1108535584	-0.0355906924	-0.0100856756	-0.0557860942	0.0997153829	-0.0457263429	0.1311598675	0.0513203886	0.0602004106	-0.0468551287	-0.1015539735	0.0113753412	0.0250861096	-0.0940235373	0.1073114425	-0.01213366	-0.0298743975	-0.2001580542	-0.2746428109	-0.1432486411	-0.1316241403	-0.0192730558	-0.183347982	0.1112887308	0.2919830079	0.2254545309	0.123398124	0.3083089841	-0.1028076578	-0.0077908928	-0.0241675191	-0.1480328872	-0.0946658209	0.0109602445	-0.0158356536	0.1061885201	-0.1311593705	0.058447321	-0.2360762507	-0.1801855514	0.0620616361	-0.0802306798	0.0991924327	0.1553276952	-0.1429001198	-0.0381183203	-0.0510241238	-0.2195236186	-0.288028546	0.4452133888	-0.1015277786	-0.0233212284	-0.0619874916	0.1069571958	0.055603436	-0.211017429	-0.2006502234	-0.1278969013	-0.0728279847	0.4663949135	0.2267961449	0.1136990124	0.106729563	0.2366819197	0.15882743	0.0213306219	0.0606300744	0.0702084052	0.0847236259	-0.0036110037	0.0045160443	-0.0982378286	0.0507395216	0.0121913197	0.0	0.3104345664648917	-0.0447456331194899	0.0020021716832639	0.0963696200562452	0.2093953149973799	-0.011526512497383	0.0438463979428519	0.0001328604903523	-0.2708314113389889	-0.03354621677029	0.0733496533678686	0.0011253486595992	0.0107530513169658	0.0028580424031123	8.168406377987932e-06	0.0001156281126252	-0.0028849084239066	0.0004900752316596	8.322696614327264e-06	2.401737326863083e-07	0.0036621346365049	-0.000413273521693	1.70795003732617e-07	1.3411230095888876e-05	0.0	0.0	0.0	0.0	1.0	0.0
649.1796952171296	0.300615513559137	421434.2766822053	0.0903696869924237	733.1867984887325	0.3529236880215194	537562.8814781572	0.1245551295667107	656.4203339560607	0.9304552327287184	0.8657469401122534	430887.6548309864	681.3437348172141	559.1639529736373	1.896455	36.124355	0.3906097138331141	0.2746100754082654	-0.1570408051	0.0620728991	0.0698738997	-0.0705672525	0.1672762533	0.1033363939	-0.1749575743	-0.0486565035	0.0017847592	-0.0880852101	-0.0605199838	0.0066703348	0.0999828567	0.1078993787	0.134356213	-0.1134222603	-0.0781049748	-0.0728708231	-0.1471692273	0.1457460509	0.0388104182	0.0063766	-0.0325584823	0.0789820524	0.0024559328	-0.0102657993	0.0405758001	-0.0184810427	-0.0173527467	0.075138291	0.0848280176	-0.170072566	-0.0038689938	0.1029014797	0.0317299596	-0.057069261	-0.0247042884	-0.0949402742	0.0149258056	-0.3060900029	-0.0382670941	0.0793537669	0.0313697469	-0.1537277805	-0.0877766295	0.0248686073	-0.1054108329	-0.0491219361	-0.0439252614	0.1838148283	-0.0907851644	0.0942168888	-0.0349716946	0.0940553427	0.0075886158	0.0140157571	0.0730918017	-0.0598499422	0.2515211561	0.157386658	-0.0242752025	-0.0176231254	0.2097127867	-0.0127437889	0.0172978354	-0.0195716927	0.0156121159	-0.0243360412	0.1230879396	-0.0207699474	-0.0087339739	0.131466225	0.0177597925	0.0478304451	-0.0662942691	-0.1108784779	-0.1429191173	0.150642234	-0.1007201886	0.0127529729	0.1210053682	0.0949269443	-0.0649113286	0.0465361914	0.0604077016	0.0524290168	-0.0468888453	0.1836848502	0.0740642365	0.1216012104	-0.0058372792	-0.0914224312	-0.095784989	-0.0989726337	0.063435773	-0.0768475932	-0.0945864715	-0.0290373926	0.0301903865	-0.0995108621	0.05508524	0.0048841247	0.0	0.3115475492020039	0.0011129827371121	1.2387305731097405e-06	0.097061875413775	0.1638801613458156	-0.0455151536515643	0.0268567072827305	0.0020716292119255	-0.1918113072521663	0.0790201040868226	0.0367915775897849	0.0062441768498922	0.0059240702474047	-0.0048289810695611	2.331905817017947e-05	3.5094608296185585e-05	-0.0029509956414921	-6.60872175854998e-05	8.708375276105371e-06	4.367520328193193e-09	0.0040662958165106	0.0004041611800056	1.633462594235996e-07	1.6534761667371604e-05	0.0	0.0	0.0	0.0	0.0	1.0
650.7349177538066	1.555222536676979	423455.9331840535	2.418717138587977	736.2841833172422	3.097384828509689	542114.3986031383	9.593792775881996	657.1631564654513	0.7428225093905212	0.551785280457231	431863.4142156352	682.202564906347	573.3023402694369	1.247694	23.766527	0.1681712116448998	0.1126445889860889	-0.1015212789	0.0135978491	0.0744462196	-0.0600299711	-0.0852520788	0.0401648116	-0.0773149123	-0.0249624626	0.035938257	0.0360011833	0.02066663	-0.0596724568	0.0404410524	-0.0235821602	0.1979259613	-0.101189608	-0.0528529103	-0.0431383573	-0.0464720266	-0.013814107	-0.1100194349	0.0408984231	0.0243841409	-0.0268220136	0.1416768635	0.1341808037	-0.0212270534	-0.1428443921	-0.0094538392	0.0960368751	-0.012781524	-0.0866977844	0.088578351	0.0500672504	0.0834453086	-0.064355818	0.1030209914	-0.0386457967	0.1374930609	-0.0521425365	-0.0881270151	0.1085925417	0.0898662316	-0.0658549209	-0.0266615589	0.0423779341	-0.1021830723	-0.040688375	-0.0736211221	-0.0447831847	-0.0960819548	-0.0331481505	0.0444003539	-0.024356396	0.1054809929	-0.0204809015	0.1198616768	0.1516315517	0.1600415496	0.0020355513	-0.0236535756	-0.0740712283	0.090796499	0.0152340577	-0.0298325654	0.0375291583	0.1293424194	0.0403802721	0.2151190119	0.0702927761	0.1037580507	0.0132396504	0.0791291467	-0.1797495503	0.0434496375	-0.0765236853	-0.0598581156	0.1176517643	0.0313473986	0.008126145	-0.0267814593	-0.022997264	-0.0364725406	0.1917205485	0.0270498793	0.080220733	0.083512361	0.0938031276	0.0206156144	-0.0828249309	0.034936186	-0.0670727574	-0.18359489	-0.0398377628	0.154244595	-0.0847589223	-0.0715815907	0.0403893081	-0.0110115351	-0.100739659	0.0593330188	-0.0024426053	0.0	0.3313962499285026	0.0198487007264986	0.0003939709205301	0.1098234744666745	0.1559672497350561	-0.0079129116107594	0.0243257829899173	6.26141701596924e-05	-0.1815726695791397	0.0102386376730266	0.0329686343380954	0.0001048297013995	0.0038588331899153	-0.0020652370574894	4.265204103627476e-06	1.4890593587591889e-05	-0.0029811629325156	-3.0167291023500215e-05	8.887332430205013e-06	9.100654476965567e-10	0.0035582809323312	-0.0005080148841793	2.580791225478088e-07	1.2661363193391795e-05	0.0	0.0	0.0	0.0	0.0	0.0
650.9896364605546	0.2547187067480081	423787.506779045	0.0648816195673777	735.7269173593232	-0.5572659579189576	541294.0969270525	0.3105453478553334	656.9064004549416	-0.2567560105096618	0.0659236489328375	431526.0189586681	682.0739018624637	577.2880248188102	1.05728	20.139441	0.1652834586776956	0.086008554108455	-0.0578499083	0.0098270584	0.0394066819	-0.0509420657	0.0062658935	0.0443981605	-0.0223588421	-0.1411145692	-0.0555705053	0.1217811602	-0.0426438659	0.0397532991	0.118132238	-0.0547104542	0.1901444917	-0.0374142159	-0.08715371	-0.0100412488	-0.0165555761	0.0731878913	0.1071105502	-0.0143198806	0.0181393871	-0.002159209	0.0894152148	0.0315015303	-0.1093021684	-0.0656159952	-0.0457552653	0.0325182578	0.0103142022	0.0511314199	-0.0337890637	-0.0584984862	0.0249204728	-0.0395285244	0.0578018816	0.0122317076	-0.073360063	0.0180452681	0.1233189279	0.0265177533	-0.0633730916	0.1457215422	-0.0979891431	-0.0236553917	-0.0481486488	-0.037264372	-0.0828992393	0.0259173646	0.0243035864	0.1319116462	-0.061673285	-0.0550340124	0.0373007287	-0.0821769221	0.0159013585	0.1162623324	0.0814395621	0.003071169	0.0549938623	-0.0415153483	-0.0729708077	-0.0109713592	0.0132997155	-0.0556935278	-0.0288982444	-0.022162286	0.059910145	-0.0436571919	0.122879846	0.0219652263	-0.0126722238	-0.0516859736	0.0413784627	-0.0469360918	-0.0142239551	0.0279973636	-0.141431663	0.0270828419	0.0004197122	-0.0121630023	-0.0567393548	0.1446044164	0.0428373752	0.063214866	0.1179479996	0.0279634357	-0.0020286817	-0.0122121344	0.0868790298	-0.0361257659	-0.1494851806	-0.1804752914	0.0415267438	-0.0130347989	-0.0291441668	-0.028038798	-0.0470303998	-0.1019236731	0.0634753057	-0.0097595656	0.0	0.2922270088236871	-0.0391692411048155	0.0015342294487271	0.0853966246860392	0.1320977150114117	-0.0238695347236443	0.0174498063112361	0.0005697546879232	-0.132597487366354	0.0489751822127857	0.0175820936558704	0.0023985684727755	0.0028962550450209	-0.0009625781448943	9.265566850283442e-07	8.388293285809016e-06	-0.0029138119753364	6.735095717920036e-05	8.490300227613812e-06	4.5361514329544805e-09	0.0035937418429866	3.546091065539979e-05	1.2574761845102466e-09	1.2914980434032724e-05	0.0	0.0	0.0	0.0	0.0	0.0
651.5537724308315	0.5641359702768796	424522.3183688478	0.3182493929602363	734.3208429741137	-1.4060743852095356	539227.100426213	1.9770451767423736	656.2455479963218	-0.6608524586198428	0.4367259720638909	430658.21926499263	681.3484848416356	578.9651011585319	0.990153	18.860798	0.0815108623974606	0.0420999735234226	-0.0584635324	-0.0037488952	0.076939264	-0.068654716	0.023509119	0.107761877	0.0258913119	0.0910338765	0.1575607723	0.0780137832	-0.0136388984	0.0795427896	0.1402882906	-0.0412635343	0.0073384308	-0.0550782478	-0.1021957986	0.0162942564	-0.1095754352	-0.0479577925	-0.0724086623	-0.0138629053	0.064217495	-0.14703374	0.0468920748	0.0226022122	0.0363605874	-0.040349194	-0.044166093	0.0500031271	0.0353217178	0.1224036596	-0.0064583327	-0.1578623886	-0.1073314986	-0.0361537394	0.0471403445	0.131281028	-0.0446798847	0.1333652992	0.0477051866	-0.0963319286	-0.1019052131	-0.0723689388	-0.0760546804	0.1290647805	-0.0763526884	-0.008786611	-0.0872569632	0.0885663344	-0.0242510414	-0.0948518557	0.105590231	-0.0877968564	0.0608886106	-0.0535601879	0.0147755909	0.0236479373	-0.0166899676	0.0061648037	0.148544434	0.0075712679	-0.0466912289	-0.064783306	-0.1180987064	-0.1736356768	-0.0552283536	0.0520516912	-0.123412132	-0.1026015504	0.0709972769	-0.0081691801	0.042641213	-0.0129451946	-0.0138100967	-0.0553353471	0.0088447456	0.0559915346	0.0723331252	-0.0030051185	0.0371422287	-0.0657570252	-0.0259654235	0.1546991533	0.0493765483	-0.0341380636	0.0991465291	0.0688928244	-0.0479749419	0.0160055064	-0.0245550705	0.0403303315	-0.1101595438	-0.1838771903	0.0600105847	-0.0189902164	0.049156249	-0.0512054084	0.0603283789	-0.103062378	0.0675047358	-0.0170374908	0.0	0.3058054183373144	0.0135784095136273	0.0001843732049197	0.0935169538844598	0.1546920568462155	0.0225943418348038	0.0239296324513127	0.0005105042829479	-0.1597928247017535	-0.0271953373353995	0.0255337468261653	0.0007395863727861	0.0028347252159623	-6.152982905860025e-05	3.785919863980568e-09	8.035667050012508e-06	-0.0026419627212177	0.0002718492541186	6.979967020304034e-06	7.390201696489344e-08	0.0035642654518913	-2.947639109529988e-05	8.688576320030737e-10	1.2703988211545894e-05	0.0	0.0	0.0	0.0	0.0	0.0
651.8076921733754	0.2539197425438715	424853.2675763816	0.0644752356535459	734.9869433316318	0.6661003575180757	540205.8068679753	0.4436896862857083	655.9617322227373	-0.2838157735844788	0.0805513933353561	430285.7941406541	681.2372829008664	580.2088569863869	0.993505	18.924641	0.1422511602044876	0.0812818027305808	-0.0403585912	0.0058921548	0.0787628802	0.003257033	-0.0657132731	0.0931282656	-0.0510947585	-0.1288926391	-0.0761148988	0.1196138743	-0.0297725501	0.0573944894	0.1454706052	-0.0911854264	0.0213692594	-0.0250799045	-0.1191557082	0.0330886093	0.0535398032	0.0818396532	-0.0141385048	-0.0072964606	-0.0797110696	-0.0813142675	0.0424518887	0.1185444828	0.0184903368	-0.0574046679	-0.0513187795	-0.0167665675	0.0659372063	0.0983491992	-0.1220264951	-0.0479902907	-0.0027673916	-0.0106980121	-0.1259636993	0.0566254787	-0.0945680282	-0.0319599118	0.0484258596	-0.0862952406	-0.1228834187	0.1208747359	-0.12235365	-0.026572255	-0.0624737255	0.0272514553	-0.1381153915	-0.0163042483	-0.0063657511	0.1088015175	-0.0644113278	-0.0565429438	0.0529792444	-0.097018688	-0.087459547	0.0742851881	-0.0089761104	-0.0263260934	0.1856838935	7.53326e-05	-0.1120442319	-0.0040212251	0.0249991283	-0.0856005386	0.11629993	0.00593434	0.0036837017	-0.1091257975	-0.0158900975	-0.0718743305	-0.0337933873	0.0400916502	0.0277442668	-0.0392854053	0.0303068732	-0.0116432278	-0.1102749907	-0.0462124742	-0.0756744471	-0.0760278938	-0.0538462913	0.0629849873	-0.0300066875	0.0966613923	0.1557156179	0.0652481956	-0.0272221871	-0.0003479568	0.0403583858	0.0256603203	-0.1281407479	-0.0829285765	-0.0232750251	-0.0257238657	-0.0773325329	0.0403396159	-0.0048637436	-0.1041552675	0.071414145	-0.0242472716	0.0	0.2750590104230355	-0.0307464079142789	0.0009453415996312	0.0756574592148995	0.1691948361620632	0.0145027793158477	0.0286268925839074	0.0002103306078841	-0.0975373721288974	0.062255452572856	0.009513538961811	0.0038757413750511	0.0023440844335148	-0.0004906407824474	2.407283774006947e-07	5.494731831446402e-06	-0.002845837436461	-0.0002038747152433	8.098790714762917e-06	4.1564899515536697e-08	0.003563850541552	-4.1491033929983226e-07	1.7215058965790193e-13	1.2701030682520483e-05	0.0	0.0	0.0	0.0	0.0	0.0
653.5553363601301	1.7476441867547692	427134.5776848028	3.0542602034977384	734.7956645387592	-0.1912787928725947	539924.6686249567	0.036587576602797	657.3622576454268	1.4005254226894976	1.961471459599596	432125.13777669246	682.1985270175683	585.692723336881	1.105828	21.064211	0.1268772505320308	0.0676599134759146	-0.0397052827	-0.0252453445	0.1391072203	0.0081887067	0.1870104275	0.0175169315	-0.0517042801	0.1255283439	0.0855896069	0.0722221009	0.0162644556	-0.0204423761	0.1143020902	0.0882784799	-0.0964911081	-0.0264080718	-0.025337225	0.0882154283	-0.2040261942	0.0025901174	-0.0396722766	0.0318862981	-0.0574751326	-0.0741939535	0.0064057345	0.11272947	0.0170922895	-0.0034232636	-0.0763987486	0.0901469375	-0.0577388759	0.2184439067	-0.1451285038	-0.0770271407	-0.015045489	0.0837754342	-0.0800744037	-0.0272504545	0.0117019254	0.1318836801	0.1245853157	0.0034865763	-0.103962468	-0.0080871443	0.0594337163	-0.0556693522	-0.0698664737	0.0707788133	-0.0151361287	0.230148584	-0.0697088381	-0.0768649289	-0.0210558738	-0.0401597153	0.0868364558	0.009916179	-0.0382895879	0.0202918034	-0.0110793609	0.0296231098	0.1434096943	-0.0023668037	-0.1935041853	-0.1052659097	-0.0023524239	-0.0621017219	0.0158300685	-0.0394738667	-0.0403267209	0.0067568465	-0.0725722093	0.1033491633	-0.0113689708	0.0635221817	0.0241017785	-0.0431223622	0.0126380242	-0.0029430627	0.0141147797	0.003620624	0.2031185746	0.0247957133	0.0165976059	0.0878825876	0.0668470846	0.0576105609	0.0948271991	0.0451095551	0.0106774372	0.1041617074	0.0534078026	0.0305709592	-0.2458925853	-0.0766545381	0.008101708	-0.02543166	-0.1045643033	-0.0102929234	0.0986234161	-0.1052018558	0.0751965824	-0.0313600711	0.0	0.2968290025429212	0.0217699921198857	0.0004739325568998	0.0881074567506255	0.1296046795950047	-0.0395901565670585	0.0167973729729238	0.0015673804970042	-0.141535138938849	-0.0439977668099516	0.0200321955544392	0.0019358034842628	0.0024800616715585	0.0001359772380437	1.8489809265993056e-08	6.150705894733542e-06	-0.0025520960331544	0.0002937414033066	6.513194162442424e-06	8.628401201653069e-08	0.0035631824821996	-6.680593524002743e-07	4.463032983294738e-13	1.2696269401454102e-05	0.0	0.0	0.0	0.0	0.0	0.0
653.6370939006564	0.0817575405262687	427241.4505228955	0.0066842954329044	735.8813435178814	1.0856789791222354	541521.3517376822	1.1786988457078993	657.4063923802061	0.044134734779277	0.0019478748140371	432183.1647423575	682.1118990448061	593.8940606667178	1.173444	22.35219	0.0725567381158971	0.0399937618548446	-0.0225228115	-0.0527407296	0.1137493781	0.0138802509	-0.1746117641	0.0192496233	-0.0262958867	0.0605453682	0.0631657809	0.1961347568	-0.0155798251	-0.124168494	0.0611602196	-0.1324572739	-0.0784439554	-0.0327614358	-0.0571339418	0.051463697	0.0857686117	0.0101502868	-0.1607646588	-0.0088450668	0.0047806949	-0.1192991474	0.0433515916	0.063116854	-0.1448774297	-0.1446412282	-0.0199877846	-0.0149041506	-0.0888495155	0.1808305027	-0.1665017424	0.1790299765	0.1711759715	0.0430675833	-0.0339353996	0.0770294083	-0.0373213656	-0.0647955009	-0.1285123609	0.0624516388	-0.0744685203	0.1016990832	0.0026731486	-0.0207384747	-0.074770421	0.0728424483	-0.1020932044	-0.1315103396	-0.0671287651	-0.0004900551	0.0421690681	-0.0810407775	0.1227851605	-0.1013314835	0.0209206877	0.0096995359	-0.0031413224	-0.1403643101	0.1242258659	0.0269347076	-0.0524092045	-0.0874702777	0.0834223016	0.0097204687	0.1369450139	-0.0689327913	0.1382759301	-0.0583947609	-0.1634130234	-0.1290666679	-0.0998428295	-0.0293679289	-0.1299315906	-0.0330898299	0.0352835155	0.0334370418	0.0821768493	-0.0500431087	-0.086852689	-0.0581450533	0.0159902937	0.1548064412	-0.0101348717	0.1145936086	0.1765416816	-0.0167935925	0.0080845973	-0.058627319	0.1027941606	0.0418573423	-0.0917856373	0.0179629799	0.0557999601	-0.0127907733	-0.0653238001	0.1204401192	0.0197952302	-0.1062016776	0.0788453231	-0.0383474405	0.0	0.3115732913651783	0.014744288822257	0.0002173940528741	0.0970779158921303	0.1646529084060262	0.0350482288110214	0.0271105802465632	0.0012283783427897	-0.1436021482556526	-0.0020670093168035	0.0206215769836384	4.272527515752852e-06	0.0025721377382478	9.207606668929988e-05	8.4780020569724e-09	6.615892544518508e-06	-0.0028729339722519	-0.0003208379390974	8.25374960891908e-06	1.0293698316433104e-07	0.0035642126997291	1.0302175295000095e-06	1.0613481580891037e-12	1.27036121689102e-05	0.0	0.0	0.0	0.0	0.0	0.0
654.0046292078482	0.3675353071918152	427722.055025295	0.135082202032582	735.2709938974092	-0.6103496204722205	540623.434466884	0.3725266592105836	657.4445228166478	0.0381304364417474	0.0014539301832381	432233.3005816097	682.7025450259055	590.0486535622256	1.08854	20.734901	0.0856916299779328	0.0455995500849816	-0.0165669011	-0.0354546958	0.0876678268	0.0011019763	0.01628974	0.0179510543	-0.0394718278	-0.0032234185	-0.0447320211	0.0257033247	-0.062421809	0.1191783283	0.1369645872	0.0503376875	7.07513e-05	-0.0087561824	-0.034263883	0.0761913923	-0.0542645221	0.0851613113	0.0358442112	0.0430437729	0.0506700647	0.0472736685	0.1178588217	0.0601333809	0.0323067056	-0.0099409628	-0.0107214079	0.0270045117	-0.0230182255	0.0450464583	-0.0414456005	-0.0797110223	-0.0548370277	0.0693470465	-0.159353452	-0.0406595645	0.0072738625	-0.1121633812	0.0040852689	0.009859708	-0.0759768108	-0.1216307315	-0.1505141489	-0.0193131093	-0.0536066711	0.052043101	-0.0290114073	0.0742246363	-0.004514006	0.0272951406	-0.0598011216	0.0047936113	0.0108063403	-0.0280131679	-0.0213692696	0.181911104	0.0516135417	0.0094152709	0.0792330718	0.0165798904	-0.1205704335	-0.0468953167	0.0367305343	-0.0643464914	0.0147352862	-0.0037435341	0.0082447892	0.016351403	-0.0144210772	0.0354432747	0.0506276242	0.0357374681	0.0469988673	-0.0317645221	0.0353631981	-0.024924695	-0.0984453949	-0.0412332622	0.0597309497	-0.0034951814	-0.0214396211	0.0258738768	0.0173311235	0.1427539244	0.0853554723	0.0606901189	0.0482567569	0.0965573087	0.1525860129	-0.0293806998	-0.1574088894	-0.0040891524	-0.099698591	-0.0533735479	-0.1193629468	-0.0384741696	0.0660127834	-0.1071542885	0.0823538796	-0.0451814325	0.0	0.2843066170313761	-0.0272666743338022	0.0007434715292256	0.0808302524878255	0.1542638234090674	-0.0103890849969587	0.0237973272127839	0.000107933087074	-0.1116222351279958	0.0319799131276568	0.0124595233749695	0.0010227148436524	0.0023200111525596	-0.0002521265856882	6.35678152107894e-08	5.382451748000923e-06	-0.0028048834770204	6.805049523149996e-05	7.867371319662048e-06	4.630869901252399e-09	0.0035632706302585	-9.420694706001494e-07	8.874948874368458e-13	1.2696897584462809e-05	0.0	0.0	0.0	0.0	0.0	0.0
654.598327420311	0.5936982124627548	428498.9702614686	0.3524775674814703	736.6912913235751	1.4202974261659165	542714.0587119967	2.017244778773527	657.60693992228	0.1624171056322438	0.0263793162019554	432446.88743394526	683.1610661650068	590.93937670297	1.031305	19.644676	0.2893856686525149	0.172421245879089	-0.0219560987	-0.0448629278	0.0535688496	-0.036299664	0.0136481124	0.0609302124	-0.0193932375	0.0291042263	0.0749748555	0.0316708772	0.0066404542	-0.1198654772	0.1314507156	0.0434666493	0.0247434095	-0.0286964326	-0.0450217036	0.0665247397	-0.0493951414	0.0411628345	0.003466049	-0.0795997618	0.1032049501	-0.0423031983	0.1082450195	-0.092640414	-0.0910021057	0.0729254124	0.0174553911	0.0585659099	-0.0425257332	-0.0294714229	-0.0955550849	-0.2080385656	0.0354328871	-0.0948953726	-0.1905259724	-0.0284767853	0.054134051	-0.1335163409	-0.0377772206	-0.075476892	0.0403603712	-0.0251443565	0.086635181	-0.1097059234	-0.0399867036	0.0339800372	-0.0430662403	0.0622637717	0.0229097617	0.0023671751	0.1191562689	-0.027003783	0.090438966	0.0272136697	0.123137259	0.0117675335	0.1026319688	0.1316020555	-0.055186977	-0.0021295082	-0.0449715757	-0.2142335091	0.1247685809	0.0391949677	0.1582464388	-0.0755706852	0.0431224995	-0.002826271	0.1550395095	-0.1150686108	0.0234018472	0.1170962163	0.0536829385	-0.0154291767	-0.0293222519	0.1107705936	0.033146824	-0.0446506278	0.0465480077	-0.0188399936	0.0413718274	0.2285019423	0.0854642795	0.1035687108	0.0046677363	-0.0946573361	0.1156172096	-0.0900502139	-0.0553848803	-0.117878911	0.0456739323	0.2069095847	0.2133594511	-0.0755712711	0.1219898797	0.1137023485	-0.0081961928	-0.1080592651	0.085716014	-0.0518347133	0.0	0.4156816515348538	0.1313750345034777	0.0172593996907899	0.1727912354227436	0.165019680774094	0.0107558573650266	0.0272314950427838	0.0001156884676567	-0.2079398965643264	-0.0963176614363306	0.0432390005831827	0.0092770919045636	0.002562154507878	0.0002421433553184	5.863340452485308e-08	6.564635722239557e-06	-0.0028710452795617	-6.616180254130025e-05	8.242900997293521e-06	4.377384115514005e-09	0.0042737077793524	0.0007104371490939	5.047209428126689e-07	1.8264578183297223e-05	0.0	0.0	0.0	0.0	0.0	0.0
654.4555356508575	-0.1427917694534244	428312.0481440509	0.0203894894236399	737.6290950312759	0.937803707700823	544096.6818366591	0.8794757941774106	656.8705660912299	-0.7363738310501731	0.5422464190555089	431478.9405970128	682.7896048214728	596.065150796932	1.010094	19.240635	0.2000464361751424	0.1252664787736776	-0.0049131932	-0.0446508552	0.0616310661	0.0335580031	-0.0624469698	-0.0175412407	0.0015096279	-0.1554234326	0.0295812638	0.0847438709	-0.0269532147	0.0836544692	0.0368062264	-0.0598708456	-0.0127229944	-0.0067423108	-0.0848552544	0.0575219944	0.0245229392	0.137446633	-0.015356888	-0.0159627854	-0.037270586	-0.073364339	0.0260079183	0.0034294404	-0.0540480206	-0.0793994651	0.0871409633	0.0755535321	0.0123710325	-0.0736855736	0.0639856812	0.0097796091	-0.1122916068	0.1213136606	-0.0965901995	0.0487978672	-0.0738209914	0.0984345114	0.0240586755	-0.1377827374	-0.0958376104	-0.038952069	-0.0355653242	0.0869623408	-0.0292520197	0.0756238034	-0.0654492526	-0.0083123404	-0.01326419	0.1626201099	-0.0086851665	-0.0377954079	0.0492154715	0.0144366403	0.01405495	0.0036822675	-0.0938629092	-0.0653428005	-0.0277793003	0.1167767603	0.0151870139	-0.032188266	-0.1392700381	-0.1810125895	0.0789272562	0.0189518994	0.0677436937	-0.1229184187	0.1394967292	-0.0646324603	0.0529766638	0.0991008837	0.1592321831	0.0004190058	0.0017254417	0.0005506885	-0.0937319522	-0.0916312581	-0.035518012	-0.0061369471	0.0032883009	0.0480972761	0.0212196164	0.1073677257	0.0733405803	-0.0167086176	0.047541801	-0.0979310815	0.0078916679	-0.0202062357	-0.0321272143	0.0811551038	-0.005347643	0.0072020111	-0.0830576779	0.0359363027	-0.0028813607	-0.1089162049	0.0889257484	-0.0582806721	0.0	0.363292507706987	-0.0523891438278668	0.0027446223910169	0.1319814461560312	0.164322456662731	-0.000697224111363	0.0270018697636751	4.861214614659615e-07	-0.1064824293227388	0.1014574672415876	0.011338507754472	0.0102936176590778	0.0018980675955014	-0.0006640869123766	4.4101142718988636e-07	3.602660597092466e-06	-0.0029491257685887	-7.808048902699979e-05	8.69734279895389e-06	6.096562766695434e-09	0.0041058231608695	-0.0001678846184829	2.818524512314902e-08	1.685778382833241e-05	0.0	0.0	0.0	0.0	0.0	0.0
655.7508466860662	1.2953110352086696	430009.1729294927	1.6778306779333554	737.0417604619806	-0.587334569295308	543230.5566648956	0.344961896289305	658.421609061105	1.551042969875084	2.405734294398921	433519.0152786145	683.5285983987757	588.032182437312	1.069404	20.370392	0.0753661124947121	0.0434711607411497	0.0064693685	-0.0178504723	0.1216892958	0.1088773462	0.1007752903	-0.0170624259	-0.0492881433	-0.0250423251	-0.1184964973	0.044472036	0.0724009209	-0.0041980246	-0.0578989563	-0.0318259802	-0.0372518362	0.0310595555	0.0173004015	0.0969916809	-0.0875229934	0.1694895745	0.0307035494	-0.0951533663	-0.0679124004	-0.0279562798	-0.1119524178	-0.0459519103	0.0688468669	0.005122139	0.1491781544	-0.0128754836	0.0926779403	-0.1322443322	0.0353132614	-0.103507562	-0.0543601759	0.0585840155	-0.0381912454	-0.1031831491	0.0074502887	-0.0407330853	-0.0332001448	0.0212418551	-0.0018046704	0.0956847175	-0.0547629441	0.0161726254	-0.0324176867	0.1581279944	-0.003913843	0.1063567796	-0.0481012147	0.0676378524	-0.081371312	0.0710902371	-0.0342184109	0.0162778151	-0.0032270723	-0.1900946505	0.0048060167	-0.0433803216	-0.0413461928	0.0748841811	0.0395332305	-0.0469134	-0.10830369	-0.0555228404	0.0179769432	-0.0875183953	-0.0325243364	0.0646822318	0.0716751242	0.0222790149	-0.0196168025	0.0623934776	0.1407894739	-0.0024088189	0.0293010732	-0.0373297011	-0.0334599123	-0.1255214173	0.1636324049	0.0015367503	-0.0454582801	-0.0788401918	-0.0149469852	-0.0059126617	0.0047839785	-0.0114252801	-0.0345527783	0.0301404052	-0.1069297529	0.0233377781	-0.0169206789	0.0559928319	0.0081717741	-0.0874261491	-0.0487345761	0.0380247756	-0.1017681603	-0.1097247271	0.091977376	-0.064493527	0.0	0.3394811339942976	-0.0238113737126894	0.0005669815180853	0.1152474403380542	0.198021301733462	0.033698845070731	0.0392124359402148	0.0011356121591011	-0.096996947183797	0.0094854821389417	0.0094084077629763	8.997437140818375e-05	0.0018978178733603	-2.497221410998653e-07	6.236114775550101e-14	3.601712680445812e-06	-0.0029497815709036	-6.558023148998601e-07	8.70121131604251e-06	4.300766762280153e-13	0.0039393204538785	-0.0001665027069909	2.77231514353306e-08	1.5518245638345513e-05	0.0	0.0	0.0	0.0	0.0	0.0
658.2822658842045	2.5314191981383374	433335.54157764255	6.408083156703343	738.8249347802364	1.7831743182557602	545862.2842530205	3.1797106492868954	660.7327493295509	2.311140268445911	5.341369340432236	436567.7660365871	685.1886286956935	610.2045993275887	1.23644	23.552145	0.1592673863424083	0.0917035213289653	0.0216334739	-0.1232831733	0.06669772	0.107969361	-0.0941472332	-0.0435582342	0.071513054	0.1081039518	-0.0002313865	0.0115930809	-0.0274202109	-0.0360352426	-0.1270582043	-0.1284838757	0.0456564881	0.011986224	0.1416194373	0.1048702839	0.1150192948	0.0368814655	-0.0495387653	0.0323567463	0.0082210561	-0.1006489407	-0.0177150477	0.0375370561	0.080056859	-0.0295512581	0.1086906781	-0.1544994628	-0.0790031146	-0.0349719806	-0.0185675581	0.0569417063	-0.0161127704	0.0744354974	0.0722885197	0.0039155978	-0.0693864221	-0.0307279557	-0.0103081447	0.0363308053	0.0992846628	0.0259380339	-0.0955179143	0.0495992766	-0.0307314739	0.1477890502	0.0581245576	-0.1244921999	0.0146316475	-0.0126155992	0.110954157	0.0005833446	0.0085533227	-0.1017407332	-0.0251639887	-0.1358405931	0.032723328	-0.0249406305	-0.0411271616	0.0140751039	0.1252150541	-0.0100508346	-0.0129061566	0.0893651821	0.0155719339	0.083991677	0.0342394171	0.161126616	-0.024124208	0.024557204	0.0126240019	0.0685777601	-0.0633689475	-0.0076325915	0.0564456694	-0.0211146271	0.0967248791	-0.1285241592	-0.0099212171	0.0450925059	0.0639986566	0.013143286	0.0200208952	-0.079967098	0.0796511809	0.0090045387	-0.0117287761	-0.071448613	-0.0779178263	0.0880333986	0.0951805551	-0.0492365725	-0.100631202	-0.0306927193	0.0434844852	-0.0085083052	-0.123996747	-0.1104844722	0.0948654713	-0.0704484286	0.0	0.3224827797714766	-0.0169983542228209	0.0002889440462844	0.1039951432491386	0.1252048328862542	-0.0728164688472078	0.0156762501780748	0.0053022381353763	-0.1285237809903066	-0.0315268338065095	0.0165183622800442	0.0009939412498632	0.0023794153955696	0.0004815975222092	2.3193617339813694e-07	5.661617624673635e-06	-0.0029481559820199	1.6255888836999403e-06	8.69162369431972e-06	2.6425392188088178e-12	0.0036640289756541	-0.0002752914782244	7.578539798297539e-08	1.3425108334432834e-05	0.0	0.0	0.0	0.0	0.0	0.0
656.8259842269628	-1.4562816572417887	431420.3735557184	2.1207562652188905	740.5063259933934	1.681391213156985	548349.6188362337	2.8270764116815177	661.0981456446025	0.3653963150516119	0.1335144670532968	437050.758174732	686.6324708479937	612.8752342084898	1.111176	21.166075	0.083072860771349	0.0605526849873392	0.0072816059	-0.1360390286	-0.0498948837	0.0005182497	0.0130423788	-0.0356038449	0.1555280595	-0.0164394146	-0.0487058456	-0.1006356715	-0.1108878801	0.0041415802	0.073038033	-0.063126814	0.0231025065	-0.0093818055	0.1166522812	0.0172802758	0.1060627887	0.0110406595	0.0904123568	-0.0106900749	0.1424599705	0.0572832462	0.0316028376	-0.0164881083	-0.0285105325	-0.0780866662	-0.088034989	-0.1041376705	0.1113599768	-0.0099100137	-0.0156767351	0.0001752918	-0.0815844522	0.0592351573	-0.0110854825	-0.0256667024	0.0378815181	0.0706460764	0.0467036872	0.0312018052	-0.0925312215	0.1235075804	0.100834518	-0.0043516902	0.013758253	0.0012194562	0.1278749572	-0.0347348954	0.1123354701	0.0418933218	0.0739000598	0.048554634	-0.0752639885	-0.0870530017	-0.0051472396	0.1358978957	0.0551171801	-0.0354028193	0.0324297311	0.0725147252	-0.0002103192	0.1080145306	-0.0249168582	-0.0606666415	-0.0371146681	-0.0372902695	-0.0929448076	-0.0054322152	-0.0884515226	0.1976579987	0.0063657657	0.1251386337	-0.0204722822	-0.019804495	0.0516486135	-0.0364995287	-0.081966538	-0.1206120977	-0.0530764246	0.0173935863	0.0275194219	-0.0542826833	0.0003538997	-0.0774772736	-0.0361734098	0.0304074152	-0.0510254723	-0.0159118434	-0.0749545445	-0.0821229783	0.1275450633	-0.0876559897	-0.0506782032	0.0249856269	-0.1058635922	0.0093964601	0.0085853296	-0.1111951025	0.0975848992	-0.0761215592	0.0	0.3219227456301041	-0.0005600341413725	3.136382395028466e-07	0.1036342541540247	0.1801770333817245	0.0549722004954703	0.032463763358239	0.0030219428273141	-0.1090851157256054	0.0194386652647011	0.0118995624728687	0.0003778617072731	0.002218910018367	-0.0001605053772025	2.576197611094888e-08	4.92356166960944e-06	-0.0029489512744358	-7.952924159001368e-07	8.696313618996528e-06	6.324900267882761e-13	0.0036632904278765	-7.385477776003166e-07	5.454528197983667e-13	1.3419696758971587e-05	0.0	0.0	0.0	0.0	0.0	0.0
654.8525038865993	-1.9734803403634944	428831.8018465485	3.894624653801213	740.0806645248875	-0.4256614685058366	547719.3900035991	0.1811876857705453	659.8483807729319	-1.2497648716705498	1.5619122344617058	435399.8856086602	685.9444515865376	597.2168495874336	1.081543	20.601625	0.1828434181919049	0.1121847862124255	-0.022230757	-0.0677788819	-0.0831476523	-0.0991681877	0.0846297645	-0.0393962673	0.1516742939	0.1280943164	0.0338058281	-0.0333442881	-0.0174025594	-0.1157410755	0.018120028	0.0784276597	0.1223276058	-0.0395732801	0.0730756518	-0.0441343183	-0.0847869207	-0.0620672869	0.0323061636	0.0325752327	0.0748354166	-0.0412889824	0.1078737168	-0.096711476	-0.0563547406	0.1169560589	-0.1149931163	-0.053250308	0.081624886	-0.0014851567	0.0460871116	0.0300809231	-0.0147806439	-0.1911951648	0.0560640516	0.0190869093	-0.0052343886	0.0549647517	0.0169457584	-0.0563315038	-0.1800176078	-0.0502071896	0.1043645898	0.0187533522	0.0170182797	-0.0784260728	0.1206092315	0.0547898505	0.0856739362	-0.1013835148	0.1135639327	0.012794578	0.0511742523	-0.0754505549	0.1032268728	0.1187803016	-0.083244356	0.0853815852	-0.0579754922	-0.0406297514	-0.0114712531	0.0322878939	0.0465843842	-0.0320441203	0.0044680273	0.0284910873	-0.1178437197	-0.0509562442	-0.1179382371	-0.0047704987	-0.1046263537	0.1096461048	0.014631622	-0.0450802726	0.0078334228	0.0254325449	0.0638226793	-0.0034292396	0.0900861513	0.0614273353	-0.0045121925	0.0666112164	0.057334726	-0.1723477904	-0.0971575074	-0.0543363218	0.0169448099	-0.0482535729	-0.0273557513	-0.0170884851	0.1077176316	-0.0439704517	0.0769913258	-0.0439390605	0.0455687542	0.0191851989	0.0610668813	-0.1118563022	0.1001308247	-0.0814902283	0.0	0.3359769895244255	0.0140542438943214	0.000197521771441	0.1128805374898959	0.1328762741625127	-0.0473007592192118	0.0176561042353112	0.0022373618227138	-0.1923477259923771	-0.0832626102667716	0.0369976476944385	0.0069326622684363	0.0029779192813032	0.0007590092629361	5.760950612229534e-07	8.868003245957365e-06	-0.0029460608238693	2.8904505665000926e-06	8.679274377937459e-06	8.354704477380706e-12	0.0036659068106058	2.616382729300065e-06	6.8454585861796576e-12	1.3438872744045988e-05	0.0	0.0	0.0	0.0	0.0	0.0
652.5106531311664	-2.3418507554329158	425770.1524496613	5.484264960721716	739.1329912590259	-0.9476732658616812	546317.5787675151	0.8980846188289445	658.4533604799144	-1.3950202930175235	1.9460816179306977	433560.8279272921	684.4804969359336	583.733896266631	1.167407	22.237192	0.1883747978625697	0.1139162171954779	-0.002708221	0.0189726519	-0.0686780491	-0.0121224048	-0.1761354217	-0.0316619923	0.0642030172	0.0618940512	-0.0762639152	-0.0152118803	0.0322928611	0.0493202021	0.0384738438	-0.0443935254	0.0081593716	-0.0237186521	-0.0102823386	-0.0002590911	0.1378111831	-0.1328716146	-0.0292092873	0.0310280411	-0.1002294353	0.0739445211	0.0116241336	-0.0640585259	0.0226339235	-0.0973982347	0.0417913114	0.0627926603	-0.1119165734	-0.1177386941	0.1373345643	0.0630395909	-0.0754765546	-0.0200064024	-0.1014531349	-0.0609547923	0.009460838	0.0313498215	-0.0520254353	-0.1022325119	0.0886347778	-0.1486884352	0.0408989891	0.123067059	-0.0028313683	-0.0683588376	-0.0161843776	-0.1725826344	0.0318494308	-0.0928071735	-0.068332372	0.0372287236	-0.0880860358	-0.0399382482	-0.0109681421	0.0459179298	-0.0905463452	0.0072142311	-0.0617566982	0.1540015231	0.1018788207	0.0883840792	-0.0130433073	0.0017898637	-0.1196379782	0.0514337898	0.0677343979	-0.0205542873	-0.0689443214	0.0020444262	-0.0061517856	0.1507750046	0.1575356006	-0.0232835645	0.0418490963	-0.0437225576	0.038964351	-0.0447748719	-0.1244954548	-0.0717433744	-0.0896192337	-0.0564749414	-0.0188377118	-0.0874135552	-0.0792925497	0.0002596997	-0.0697762471	-0.005401252	0.0557714685	-0.0169397254	-0.0265022196	0.0078375898	-0.1197889756	0.026589865	-0.0732379115	-0.0065114705	-0.1165778507	-0.1124677771	0.1024987213	-0.0865329627	0.0	0.3172994782670031	-0.0186775112574223	0.0003488494267711	0.1006789589085123	0.1779899206072883	0.0451136464447756	0.0316804118377887	0.0020352410955442	-0.1021125788724504	0.0902351471199267	0.0104269787639824	0.0081423817757548	0.0023567953084478	-0.0006211239728553	3.857949896556755e-07	5.554484125921561e-06	-0.0028822034876299	6.38573362394001e-05	8.307096944105958e-06	4.077759391591801e-09	0.0036639182588917	-1.988551714099829e-06	3.95433791964937e-12	1.3424297007839988e-05	0.0	0.0	0.0	0.0	0.0	0.0
652.6656789184174	0.1550257872510201	425972.4884380387	0.0240329947127985	736.8176074172511	-2.3153838417747465	542900.1866000823	5.361002334751585	658.7773560203166	0.3239955404021657	0.1049731102004914	433987.6048051189	684.0616599047919	573.0638185431487	1.106656	21.079985	0.0659354013532255	0.036725773823452	-0.0319033779	0.0456991693	-0.0469565342	-0.0490025604	0.0810237514	0.0509043154	0.0826303443	0.0564386875	-0.0208663939	-0.0495294776	-0.0029181357	0.0561330613	-0.1351288854	-0.0120858839	0.0618152979	-0.024745863	0.0023539721	-0.0145881239	0.0021619275	-0.0188412116	0.1537461987	0.005475419	0.001989877	-0.0072883809	-0.0320658001	-0.1116492523	0.1424299004	0.1378261921	-0.0440951102	0.0318516617	0.0211634494	0.0574815989	0.0173445218	-0.0696049712	0.0645459998	0.1282015864	-0.0732849952	0.0760811751	0.0965090387	-0.0241094218	-0.0495889834	0.0334355062	-0.0523645443	-0.0020568636	0.1728017245	-0.0427606619	-0.0009106187	-0.0551106156	0.0208856335	0.0717969576	0.0841189565	-0.0011211277	0.0307024239	0.0422156821	-0.0775154083	-0.092215621	-0.1184220343	-0.1134232717	-0.0221535755	-0.032741829	-0.1464001763	-0.0733425281	-0.0677040204	0.0163579659	0.0015920701	0.0242565991	0.008606544	-0.0447965497	-0.1511663494	0.0225797157	-0.1539434898	0.0270783875	-0.0469385482	0.0779100459	0.0241248089	-0.0326132348	0.0307669926	-0.0785051345	-0.083936439	-0.0161610751	0.056196249	-0.0078339705	-0.0056637583	-0.0743259183	0.0276278888	-0.1160421625	0.0636742466	0.0796631897	-0.062937959	0.0493287778	-0.0395839203	-0.0653342254	0.0962412252	-0.1003913222	-0.0317131556	-0.0139145871	-0.0908483799	0.0471242943	-0.0721658267	-0.1130292557	0.1046843788	-0.0912295932	0.0	0.3027009314465942	-0.0145985468204088	0.0002131175692676	0.0916278538986357	0.1479582796412017	-0.0300316409660865	0.021891652514384	0.0009018994591159	-0.1177561521057555	-0.0156435732333051	0.0138665113587538	0.0002447213835057	0.0023246469600858	-3.214834836199991e-05	1.0335163024045022e-09	5.403983489036151e-06	-0.0028017623084735	8.044117915639989e-05	7.849872033182756e-06	6.470783304072024e-09	0.0036632749797416	-6.43279150099995e-07	4.13808064953372e-13	1.3419583577200822e-05	0.0	0.0	0.0	0.0	0.0	0.0
652.8749984364613	0.2093195180439124	426245.7635834093	0.0438146606341358	737.2852871519146	0.4676797346635339	543589.5946506812	0.2187243342149535	658.4577738092426	-0.3195822110740209	0.10213278963496	433566.6398898236	683.7885769733685	578.8934830435871	1.088968	20.743059	0.1698823880997367	0.1069937258350365	-0.0426107682	0.0151279013	-0.1021374207	-0.1082968817	-0.0870091164	0.0959114462	0.084703382	0.1076826283	-0.0001625484	-0.0583325913	0.0276969699	-0.1218441506	-0.017701145	-0.012244812	-0.0094197841	-0.0720768547	-0.0345469513	-0.0472762432	0.079317299	-0.1309581939	0.0471338156	-0.0045889328	0.0467311261	-0.0148515166	-0.0134570569	-0.1566211923	0.0553842372	0.1066003299	-0.0609753038	0.1265232195	0.0028849033	0.0058188372	-0.0793206125	0.078941738	0.0690908835	0.1111125346	0.0880737589	-0.0208922298	-0.042445003	0.0347686542	0.0290071181	0.0559761888	0.1322184676	-0.0872203065	0.1403663094	-0.0088201168	-0.0192984853	-0.120933917	-0.0419444831	-0.0848333039	0.1092100792	-0.0790024174	0.0709935169	0.0065391865	-0.0161375688	-0.0674175784	0.0627361375	-0.1316315231	0.0107518844	0.109336197	-0.1335762878	-0.0856750144	0.0944375202	-0.0197878343	0.0543634065	0.0010826792	0.0875123487	-0.0297192722	-0.0385301227	0.015177999	-0.1007174121	0.0127001057	0.0074012517	-0.1327327134	-0.0169385601	-0.0497409211	0.0168048489	0.0350643852	0.0512304258	0.0457274239	-0.0718347896	-0.0434923178	0.0046560104	0.0957732712	0.0714933713	-0.1250439998	-0.0842381658	-0.0304804899	-0.0015118184	-0.0188757104	-0.034701877	-0.0606421826	0.0863445284	-0.0527763928	0.0573465276	0.0267589188	0.1080921537	0.1585265346	-0.043029542	-0.1135404882	0.1066839114	-0.0955613349	0.0	0.3370417900640632	0.0343408586174689	0.0011792945705849	0.113597168249588	0.1410194868307286	-0.0069387928104731	0.019886495666002	4.814684566667325e-05	-0.1975774452584602	-0.0798212931527046	0.0390368468748598	0.00637143884057	0.0032881772285939	0.0009635302685081	9.283905783312914e-07	1.081210948664346e-05	-0.0028109903048323	-9.227996358799824e-06	7.901666493861186e-06	8.515591679802282e-11	0.0036661455852565	2.870605514899809e-06	8.240376022173194e-12	1.3440623452295723e-05	0.0	0.0	0.0	0.0	0.0	0.0
651.733098345741	-1.1419000907202417	424756.03147933935	1.3039358171868962	736.2652607079708	-1.0200264439438342	542086.5341253763	1.040453946344704	656.8228405367944	-1.6349332724481656	2.673006805358068	431416.2438508232	682.7054098873442	577.103661769672	0.961742	18.319609	0.1604840458039269	0.0964058532914942	-0.0224874209	0.0392994925	-0.071913902	-0.0380313446	0.0045833056	0.0994814903	0.0492948565	-0.0061568142	-0.0915918309	-0.0253700552	0.0420302319	0.082486158	-0.0043267959	0.0616575919	0.084241991	-0.039413898	-0.0902410671	0.0020923844	0.0517845277	-0.0920389746	0.1303055393	-0.0170282652	-0.092864554	0.1015650997	0.0846553293	-0.1413975848	-0.0389616493	0.0390474015	0.030555005	-0.0478376348	-0.062163137	-0.000767745	-0.0145169233	0.0305538588	-0.0468487053	0.0662324035	0.1155405193	-0.0227823087	-0.1152646904	-0.0234781387	-0.0857658366	-0.096149769	-0.0383538988	-0.1113091974	-0.0183033902	0.160362812	0.00383091	-0.0831198873	-0.0681739608	0.0086079341	0.1090626611	-0.009172617	-0.0935280677	0.0591995017	-0.0734604782	-0.0532275909	0.0020137853	-0.0547946273	-0.126591306	0.0838204145	-0.074855501	-0.0112009716	-0.0104004529	-0.0078099293	0.0422774927	-0.0332360325	-0.1994351779	0.116796814	0.0388166742	-9.21855e-05	-0.0206554047	0.1052160398	0.088619348	0.0200161982	-0.1731440082	-0.034368268	0.0311963933	-0.0484487564	-0.0934448314	0.0344421191	-0.0418148403	-0.0874460947	-0.1072538547	-0.0052356611	0.0182254574	-0.1119661027	-0.055832288	-0.0142189942	-0.0159116827	0.0739931371	0.1393468864	-0.0331051303	-0.0055154352	-0.0138603202	-0.0900627926	0.0724366024	0.0447065799	0.0322190362	-0.0607391078	-0.1140012473	0.1084937639	-0.0995108621	0.0	0.3182853574406152	-0.018756432623448	0.0003518037647579	0.1013055687611001	0.1518708516722711	0.0108513648415425	0.0230647555876609	0.0001177521189242	-0.1343856316246388	0.0631918136338214	0.0180594979871531	0.0039932053103316	0.0022121724670029	-0.001076004761591	1.1577862469665049e-06	4.893707023765697e-06	-0.0030864616027321	-0.0002754712978998	9.526245225139602e-06	7.588443596660043e-08	0.003663932950645	-2.212634611499769e-06	4.895751924006734e-12	1.3424404666822175e-05	0.0	0.0	0.0	0.0	0.0	0.0
652.2770135914673	0.5439152457262253	425465.3024598032	0.29584379453342	736.4642575350674	0.1989968270966073	542379.6026266781	0.039599737194517	657.5211411460022	0.698300609207763	0.487623740819933	432334.0510539409	683.6035866053337	573.7825411218796	0.88717	16.89913	0.1412592585775745	0.0752370476620439	-0.0342388351	0.0424137667	-0.0746627948	-0.0630219313	0.0300167306	0.1107712767	0.0182248732	0.0648494512	-0.0352736922	-0.0898096669	0.0719479765	-0.0273022453	-0.0516859386	0.1971838733	0.0575230498	-0.0532696784	-0.0792575442	-0.0219440978	-0.0281878215	-0.1378365114	-0.007835774	-0.0332705386	-0.0173413387	-0.0257837761	-0.0293011031	-0.2315100292	0.061525419	0.1591315571	-0.0591203411	0.0002241	0.1109739981	0.0576554177	0.0034945431	-0.005251861	0.0717100085	-0.0161391818	-0.0231494029	-0.1072223925	-0.0786083535	-0.0131341749	-0.0676133118	0.018773766	0.0218967587	0.0324900459	-0.0959261792	-0.0782503915	0.0016080315	-0.0956312039	-0.0442388489	0.0236324113	0.0592239616	-0.1244449268	0.0235142554	0.0902432991	-0.0449974461	0.0317539597	0.0635224396	-0.138644195	-0.0360141135	0.2096210731	-0.1103122769	-0.0488656478	-0.0190504363	0.057973203	0.1443023123	-0.0611216947	0.0453005374	-0.0239979931	-0.0471915886	-0.0330245241	0.0733988869	0.0361887976	-0.0051151771	-0.0555927918	-0.0440314266	-0.0384888472	0.0118496518	0.0367293493	0.0451653438	0.0694119915	0.0063947221	-0.0919403444	-0.1205761077	0.0964611681	0.036667781	-0.0987025631	-0.1559812905	-0.1239387008	0.0360935045	-0.0404637594	0.0256040469	0.0280899769	0.0202050873	0.0035164291	0.1032403849	-0.0350724725	0.1969403593	0.0012378558	0.0324068442	-0.1144113283	0.1101107184	-0.103062378	0.0	0.3458662036763513	0.027580846235736	0.0007607030790793	0.1196234308454913	0.1699463055091996	0.0180754538369284	0.0288817467562262	0.0003267220314109	-0.1931481661415688	-0.05876253451693	0.037306214083851	0.0034530354628533	0.0026296106279958	0.0004174381609929	1.742546182531343e-07	6.914852054868466e-06	-0.0028292818611916	0.0002571797415404	8.004835850067804e-06	6.614141945883827e-08	0.0036017423734188	-6.219057722620016e-05	3.8676678957279665e-09	1.297254812448049e-05	0.0	0.0	0.0	0.0	0.0	0.0
652.2377497702445	-0.0392638212227893	425414.08222535206	0.0015416476570151	736.0019050829338	-0.4623524521335866	541698.8042857079	0.2137697899939405	656.844732633201	-0.6764085128011175	0.4575284761898195	431445.00278798136	682.9558700751862	577.8554298762857	0.920195	17.528196	0.1496027669192889	0.0907958648574136	-0.0137143813	0.0390187141	-0.0114642343	0.0125965858	-0.0881825208	0.0951034012	-0.0056575765	-0.0418708568	-0.1659839965	-0.0237320344	0.0405337162	0.0912687526	-0.0717013457	-0.0498387116	-0.0833571531	-0.0020139464	-0.0964220478	0.0628019411	0.0791837335	-0.0015865926	-0.0012478563	0.0530869784	-0.0862768561	0.0272709555	-0.0469273411	-0.1019064266	0.0927184991	-0.1013798369	0.0354042613	0.0647706348	-0.1404486902	0.0617910387	0.0453429494	0.1468319482	-0.0519948509	0.1248532762	-0.0608068063	-0.0220654492	-0.0225093622	0.0671573472	0.0011910774	-0.1522741738	0.0640295805	0.0853078142	-0.0641090202	-0.0835270161	-0.0120878882	-0.0117711553	-0.0961119892	-0.0808092182	0.0344903278	-0.0011958758	-0.114970762	0.093201254	-0.0702096807	-0.0223507751	-0.0757679743	-0.0933524126	-0.0481263053	-0.0137479457	-0.0512742065	0.1463427061	-0.0120875068	0.0620312678	-0.0879499076	-0.0805855455	-0.0209578717	0.0618929308	0.106469479	-0.0826574414	-0.0168393348	-0.1336737772	0.1074090375	-0.1143376663	-0.0960043678	-0.0214344472	0.0451550054	-0.0567307403	-0.0316963294	0.0170333571	-0.0977170328	-0.1200966902	-0.0942713923	-0.0257144237	-0.0172499211	-0.0669581073	0.010011488	-0.0127563373	-0.0093928071	0.0418062058	0.0426359943	0.0422052591	-0.0164155947	-0.0546739211	-0.103987008	0.0018546924	0.0781418393	0.0115996754	-0.129448169	-0.1147705489	0.1115319001	-0.1062016776	0.0	0.3151285318267725	-0.0307376718495788	0.0009448044707323	0.0993059915712971	0.1585957876140469	-0.0113505178951526	0.0251526238489198	0.0001288342564881	-0.1155322324305814	0.0776159337109873	0.0133476967303938	0.0060242331658283	0.0021668302205224	-0.0004627804074733	2.141657055412461e-07	4.695153204569153e-06	-0.0029030481082392	-7.376624704759967e-05	8.427688318751196e-06	5.441459203487507e-09	0.0036631685881692	6.142621475040003e-05	3.773179858562262e-09	1.341880410534953e-05	0.0	0.0	0.0	0.0	0.0	0.0
654.6963001918083	2.458550421563814	428627.2454848424	6.044470175371607	738.0643515615752	2.062446478641391	544738.9870460085	4.253685477260274	659.5747299077141	2.729997274513039	7.452885118848621	435038.824332834	684.7742949001341	580.147716176945	1.036876	19.750782	0.0931951336028339	0.0567039967283595	-0.0020824237	0.010400683	0.0805635989	0.0364252711	0.1782289815	0.0404198662	0.023384641	-0.0016183464	-0.0932478612	-0.0517693321	0.0356843049	0.1037861299	-0.1397326192	-0.1646939831	-0.0306327527	0.0054618852	0.0436942193	0.1029033916	-0.1328844592	0.0264010716	0.0738907427	-0.073590765	-0.0418772469	-0.0771256931	-0.1015251388	-0.1585444171	0.0074018178	-0.1653389536	-0.0619392626	0.0657613709	0.0402060579	-0.0655406806	-0.0378534636	0.0591476788	0.0505757	-0.1035106742	-0.0031626593	0.0020059348	0.0753790867	0.0879135318	-0.1789993034	0.0705034242	0.0063016901	0.1064329476	-0.0068007351	-0.0568068242	-0.0328849355	0.0835194395	0.0318970027	0.120083863	0.0473998604	-0.0487143545	-0.0446200913	0.004436207	-0.098389753	-0.0459173923	-0.0816000443	-0.1473177932	0.0886218625	-0.1078959887	0.0005145248	-0.0390256045	0.0174636758	0.1039207498	0.093343955	-0.0672940477	-0.0539375535	0.0237023853	0.096294745	-0.0025260898	-0.0860051306	0.0434440204	0.055374934	0.0230430005	-0.0319149997	-0.0187380691	0.0605966453	-0.0768928171	-0.0231525522	-0.0182507466	0.1391796988	-0.0620840701	-0.0008367832	-0.0966746571	0.0124448606	-0.0341629635	0.0672708874	-0.0007879259	-0.0924263279	0.0523522001	-0.1080896433	0.0360573454	0.0022786599	-0.0080270399	-0.0676522391	0.0442106972	0.0222863054	-0.0082766891	-0.0683759674	-0.1150787493	0.1127547821	-0.1089162049	0.0	0.3180510049455876	0.0029224731188151	8.54084913019689e-06	0.1011564417468981	0.2056430200567121	0.0470472324426651	0.0422890516980452	0.0022134420805141	-0.0896149954599678	0.0259172369706136	0.00803084741129	0.0006717031721909	0.0020346814464264	-0.0001321487740959	1.7463298495075608e-08	4.139928588431828e-06	-0.0029921642646844	-8.91161564452003e-05	8.953046986854337e-06	7.941689339565416e-09	0.0037880674790428	0.0001248988908736	1.5599732941455483e-08	1.4349455225781676e-05	0.0	0.0	0.0	0.0	0.0	0.0
658.3251045281651	3.62880433635678	433391.94325201947	13.168220911561766	741.1522412618001	3.0878897002248777	549306.6447273896	9.535062800754885	662.5802200715846	3.0054901638704905	9.032971125122268	439012.54803010944	687.0510081121348	601.6922256219126	1.178955	22.457163	0.098406309445777	0.0588553276837433	0.0147796619	-0.0898467157	0.1959537134	0.0977238053	-0.0025238992	-0.1333746711	0.0148857467	0.0817761118	0.0112533104	-0.0036178695	0.0859970627	0.0714436598	-0.0427453813	-0.106925632	-0.0674821903	-0.0074764826	0.2234359851	0.0936907028	-0.0638965713	0.0142059095	-0.0604875551	-0.086938268	-0.0575057488	0.053310181	-0.0372899533	0.0259955216	0.0196217572	-0.142273594	-0.1506502831	-0.0990827243	-0.022139153	-0.1003225483	-0.0322499441	0.0451475703	0.0161769259	-0.1149561279	0.1459354199	0.0619635203	0.1059216626	0.1238537774	0.0032312786	0.0516427801	-0.010241768	-0.0177795898	-0.0502708381	0.0540296421	-0.083519611	0.1839584287	0.1217006145	-0.0210268186	-0.0859849924	-0.0868100517	-0.0546759477	-0.0726665026	-0.0630121389	0.0131840375	-0.0493772928	0.0644200079	0.12065041	-0.1258735935	0.0426844275	-0.1874973864	0.0528867619	0.0469871331	0.05278683	0.0414905099	-0.1337961889	0.0851965744	0.0141184016	0.0059651215	0.0552893505	-0.0431424265	0.0415407109	0.0019831726	0.033520508	-0.0217071144	0.0741064279	-0.0719112363	0.1680374776	-0.0889425485	0.0293060491	-0.0118419215	0.0742842164	-0.1017640974	-0.0170908198	0.0438256604	0.0847855579	0.0130519196	-0.0187062406	-0.0726237851	-0.1152802751	0.1390219398	-0.0910329447	0.1012393611	-0.1010191804	0.0715640598	-0.0905895509	-0.1059351541	-0.1373483607	-0.1153357926	0.1137771902	-0.1111951025	0.0	0.3153027815638438	-0.0027482233817437	7.5527317559633134e-06	0.0994158440618969	0.1656397834753278	-0.0400032365813843	0.0274365378697534	0.0016002589369862	-0.1229547719336068	-0.0333397764736389	0.0151178759412452	0.0011115406953122	0.0023559953359843	0.0003213138895578	1.0324261562282617e-07	5.550714023179774e-06	-0.0029911988276776	9.654370068000117e-07	8.94727042669985e-06	9.320686140989657e-13	0.0036640453454273	-0.0001240221336155	1.5381489626541004e-08	1.3425228293347462e-05	0.0	0.0	0.0	0.0	0.0	0.0
658.7167154823903	0.391610954225257	433907.7112559084	0.1533591394692163	740.3857696302009	-0.7664716315991882	548171.087870905	0.5874787620463217	662.0037837577855	-0.5764363137990358	0.3322788238662205	438249.00970962486	686.8907845940594	614.2661128747202	1.133466	21.590658	0.0280856228751191	0.0147980626712796	-0.0032452426	-0.1556514287	0.0977630013	0.0485233783	-0.0637500851	-0.1021418006	0.030461347	-0.0643174272	-0.085708652	-0.0956738111	-0.0732303553	-0.0410125067	0.0718924247	-0.0441049662	-0.0567788065	-0.0228461365	0.1591513377	0.0340470384	0.1317971848	0.090121495	-0.0916350548	0.0893181573	0.0248815135	0.1044577668	0.031931892	0.189290196	0.111246563	0.0174760364	-0.0092858737	-0.1171507556	-0.0012779289	0.0071016349	-0.0444007147	0.101486979	-0.0281054611	-0.0915265066	0.0931881773	-0.0523628501	0.0152893174	-0.0002601905	0.0186967562	-0.014218715	0.064585453	-0.0418923016	0.1297805837	0.0692391804	-0.0599403722	0.0939414546	0.0996979807	-0.1135721077	-0.0056212544	0.0603044454	-0.0208738149	0.0803290448	-0.0234561381	0.033831749	-0.0936233154	0.1688102717	0.061148216	-0.009094817	0.2412609348	-0.0237286693	0.0764258457	0.0711419358	0.0434247107	0.1586716543	-0.0098436251	0.0084712231	-0.0624506803	0.0650581124	-0.0171462759	0.0111566333	-0.0493077879	-0.0317308485	-0.0422806291	-0.033228958	0.0511500667	-0.0461875323	-0.0351812567	-0.0974437386	-0.1184580247	0.0679695531	0.0548925514	-0.1044980717	-0.0475125737	0.0590762705	-0.1147722018	0.0502683388	-0.0599077443	-0.1286519717	-0.1503661739	0.011097811	0.0290356656	0.1012092139	-0.1773102809	0.0690069048	-0.0861660763	-0.1344707068	0.1195111163	-0.1155415645	0.1145973067	-0.1130292557	0.0	0.3149521854593331	-0.0003505961045106	1.2291762849804872e-07	0.0991948791256101	0.1655788512247085	-6.0932250619288864e-05	0.0274163559728941	3.712739165531828e-09	-0.130675061345201	-0.0077202894115941	0.017075971657572	5.960286859877344e-05	0.002216540175206	-0.0001394551607783	1.944774186770153e-08	4.9130503483022446e-06	-0.0027850179277599	0.0002061808999177	7.756324857944047e-06	4.251056349087265e-08	0.0036106053039554	-5.344004147189978e-05	2.8558380325183692e-09	1.3036470660950869e-05	0.0	0.0	0.0	0.0	0.0	0.0
657.7705763030651	-0.9461391793252004	432662.1310500664	0.895179346654164	740.8582424972997	0.4724728670987588	548870.9354761877	0.2232306101445214	660.8799231744582	-1.123860583327314	1.2630626107568106	436762.2728550778	687.0612350194222	612.7333121501616	1.169227	22.271852	0.0877727237523231	0.041223804693699	0.0203003394	-0.1278010218	0.0500324561	0.0115172663	0.107453693	-0.1715124737	0.0637286115	-0.0347926634	-0.0909816138	0.0651122031	-0.0514214086	-0.017413066	-0.0286405868	0.1069723297	0.021611885	0.0173794974	0.125663747	0.0578354943	-0.1087979629	0.0421727129	0.0534726144	0.0487836264	0.0338257069	0.161609178	0.052581931	0.0539294424	-0.0674502827	-0.0241821648	0.0182358888	-0.0440685297	0.111116924	0.1035325378	0.0232222271	0.0518257087	-0.1078010358	0.0853807741	-0.1241216076	0.1919981539	0.0279215551	-0.0528910937	0.140611203	0.0997213801	0.1130042345	-0.0715094259	-0.1138386595	0.0623568635	0.001721415	0.0574620544	0.1428872147	0.0702122998	0.0341225259	0.0351289978	-0.1039788668	0.044119404	-0.0201115838	0.0439516041	0.0822206406	0.1605238699	0.0341062168	-0.1112903917	-0.0902533222	0.0334512754	0.0975732443	-0.0329328599	-0.0807395163	-0.0043376739	0.0648845831	-0.0610115689	-0.1291610588	-0.0550833568	0.004958197	-0.0585558719	0.0004048261	-0.0821667291	-0.0770472493	-0.0336510525	0.0566218657	-0.0886349126	-0.053176464	-0.021205811	0.1276407134	0.1023465747	-0.0112468571	-0.0676274478	-0.0460286001	0.090151802	-0.1344427376	-0.0319364219	0.07779134	-0.0288268899	0.0142039611	-0.026527889	0.1804686911	0.0862577419	-0.1056691986	0.0210441133	0.0100328241	-0.0361030081	0.0598655775	-0.1156959735	0.1152136733	-0.1144113283	0.0	0.3015894985198315	-0.0133626869395016	0.0001785614022431	0.0909562256174434	0.1488651453318397	-0.0167137058928688	0.0221608314946697	0.0002793479646733	-0.1554309825762487	-0.0247559212310477	0.0241587903446181	0.0006128556359978	0.002459186717484	0.000242646542278	5.887734447946939e-08	6.047599311449731e-06	-0.003017805216948	-0.0002327872891881	9.107148327438566e-06	5.4189922007544125e-08	0.0034272309416434	-0.000183374362312	3.362615675333276e-08	1.1745911927357906e-05	0.0	0.0	0.0	0.0	0.0	0.0
655.789114044191	-1.981462258874103	430059.362098865	3.926192683342463	740.5912055738045	-0.2670369234951977	548475.3337732612	0.07130871850978	660.3128953456146	-0.5670278288436066	0.3215205586830944	436013.1197597086	686.3989411669313	595.9540773628402	1.148822	21.883165	0.1166594201228954	0.057036073366312	-0.0204567844	-0.0693910113	-0.0002772289	-0.0489907541	-0.0910121188	-0.1002210124	0.0136619366	0.0128791773	0.0456376368	-0.0423303359	-0.0251462399	-0.0095314344	-0.0866388732	0.1204338117	0.1062470962	-0.0581072912	0.0599682703	-0.0122496664	0.0431892177	-0.0900876559	-0.0207137557	0.0098572202	0.0922633187	0.0740783721	0.0169979102	0.0969965078	0.0308981987	-0.0066707653	0.1313055884	0.0674804456	-0.0151121192	0.0056201652	-0.0586829632	-0.029742173	-0.0320568784	-0.0402366172	0.1026916269	0.0467477431	-0.0642811244	-0.0722153605	0.075498624	0.115973308	0.0583680185	-0.0612358321	0.1331606204	-0.0445543789	-0.0361203515	-0.0301857701	0.0674020066	-0.0814151748	0.0065131552	-0.0357119052	0.0036452028	-0.0308191204	0.0036324756	0.0771562119	0.0829148319	0.0776769772	0.0239367051	0.0177530925	-0.0672295364	0.0206608229	-0.0222183953	-0.183381905	-0.0759995517	-0.0544589302	-0.0729793366	-0.0879836257	-0.105886729	0.1772142394	-0.0111419691	-0.0437209583	-0.1153944484	-0.0644651133	-0.0478007428	-0.0467584653	0.0355782823	0.01155523	0.0710537091	0.0034679318	-0.0064124394	-0.0011408854	0.0429497399	0.051762979	-0.0060908964	0.1154391029	-0.1259463864	-0.051936966	0.0556764955	-0.0936063743	-0.0485990539	-0.086669155	0.176596022	0.1257549331	-0.0824172225	-0.0320700849	0.1308118462	-0.1607543481	0.0855293878	-0.115798951	0.1156251942	-0.1153357926	0.0	0.3411516104762881	0.0395621119564565	0.0015651607024552	0.116384421330565	0.1772334632483989	0.0283683179165591	0.0314117004950215	0.0008047614614149	-0.1769156539697434	-0.0214846713934946	0.0312991486195419	0.0004615911048864	0.0025089035038888	4.971678640479978e-05	2.4717588504204846e-09	6.294596791825497e-06	-0.0027099494772446	0.0003078557397034	7.34382616921828e-06	9.47751564683277e-08	0.0032399170906239	-0.0001873138510194	3.508647878375537e-08	1.0497062754116836e-05	0.0	0.0	0.0	0.0	0.0	0.0
654.4157497385592	-1.373364305631867	428259.9735058805	1.8861295159837	739.5776540351636	-1.0135515386408542	546975.1063481561	1.0272867214812431	659.0881803896386	-1.2247149559759691	1.49992672339122	434397.22952932486	685.100771728854	587.5534167825741	1.066163	20.308661	0.0842483472038502	0.0388032127818387	-0.0232327746	-0.0296350675	-0.0152809935	-0.0956259257	0.0558156593	-0.0457407209	0.0707050703	-0.0438511064	0.0758564863	0.0831119624	0.0698498297	0.0012604753	-0.1406937775	-0.0169807937	0.0581574201	-0.0471985856	0.0085651322	0.0386673927	-0.0736455565	-0.0374871091	0.0939142432	-0.0042931755	-0.0333384718	-0.0588308149	0.0139494937	0.0203792521	-0.0816763164	0.1050389994	0.0800300003	-0.0437686602	0.0533246256	0.0224019205	0.0531472376	-0.0476897405	0.0964568072	-0.1511097437	0.0210555122	0.0212829256	-0.1627398606	-0.0478188448	0.0327472237	0.1532539546	0.0796747482	0.1076838521	0.1979171616	-0.01291106	-0.0204713264	-0.0416741141	0.0350589344	0.0571277373	0.1024327508	-0.0057281997	-0.0397145411	-0.1068791703	0.0524409311	-0.0196615929	0.0736900628	-0.0273584208	-0.0322118699	-0.0418934028	-0.0834038633	0.0675039621	0.0319287553	-0.1007155187	0.1240635455	0.0620751982	0.0857977071	0.0145852953	-0.1364759686	0.0169814411	0.0701184782	-0.0105518038	-0.2124897772	-0.1992757011	0.0330167316	-0.0394885623	0.0321789868	-0.0201088325	-0.0950695617	0.0553971326	0.108273271	-0.0340733486	0.0160250979	0.0583244641	-0.0014617078	0.043478626	-0.0583726065	-0.0995634805	0.0159204158	-0.1061413744	-0.0151786813	-0.0235024409	0.1520507016	0.0924388662	0.0763266421	0.0129802931	0.047234204	-0.0794031796	0.1842788036	-0.1158504512	0.1158311377	-0.115798951	0.0	0.329968301071915	-0.0111833094043731	0.0001250664092339	0.1088790797122859	0.1908559120266488	0.0136224487782499	0.0364259791555239	0.000185571110716	-0.1555792980846462	0.0213363558850971	0.0242049179925112	0.0004552400824555	0.0023999429700325	-0.0001089605338562	1.1872397938249864e-08	5.759726259408417e-06	-0.0030898029495514	-0.0003798534723068	9.546882267056531e-06	1.442886604235331e-07	0.0035132277471834	0.0002733106565595	7.469871498898498e-08	1.2342769203579348e-05	0.0	0.0	0.0	0.0	0.0	0.0
