global_signal	global_signal_derivative1	global_signal_derivative1_power2	global_signal_power2	csf	csf_derivative1	csf_derivative1_power2	csf_power2	white_matter	white_matter_derivative1	white_matter_power2	white_matter_derivative1_power2	csf_wm	tcompcor	std_dvars	dvars	framewise_displacement	rmsd	t_comp_cor_00	t_comp_cor_01	t_comp_cor_02	t_comp_cor_03	t_comp_cor_04	t_comp_cor_05	c_comp_cor_00	c_comp_cor_01	c_comp_cor_02	c_comp_cor_03	c_comp_cor_04	c_comp_cor_05	c_comp_cor_06	c_comp_cor_07	c_comp_cor_08	c_comp_cor_09	w_comp_cor_00	w_comp_cor_01	w_comp_cor_02	w_comp_cor_03	w_comp_cor_04	w_comp_cor_05	w_comp_cor_06	w_comp_cor_07	w_comp_cor_08	w_comp_cor_09	w_comp_cor_10	w_comp_cor_11	w_comp_cor_12	w_comp_cor_13	w_comp_cor_14	w_comp_cor_15	w_comp_cor_16	w_comp_cor_17	w_comp_cor_18	w_comp_cor_19	w_comp_cor_20	w_comp_cor_21	w_comp_cor_22	w_comp_cor_23	w_comp_cor_24	w_comp_cor_25	w_comp_cor_26	w_comp_cor_27	w_comp_cor_28	w_comp_cor_29	w_comp_cor_30	w_comp_cor_31	w_comp_cor_32	w_comp_cor_33	w_comp_cor_34	w_comp_cor_35	w_comp_cor_36	a_comp_cor_00	a_comp_cor_01	a_comp_cor_02	a_comp_cor_03	a_comp_cor_04	a_comp_cor_05	a_comp_cor_06	a_comp_cor_07	a_comp_cor_08	a_comp_cor_09	a_comp_cor_10	a_comp_cor_11	a_comp_cor_12	a_comp_cor_13	a_comp_cor_14	a_comp_cor_15	a_comp_cor_16	a_comp_cor_17	a_comp_cor_18	a_comp_cor_19	a_comp_cor_20	a_comp_cor_21	a_comp_cor_22	a_comp_cor_23	a_comp_cor_24	a_comp_cor_25	a_comp_cor_26	a_comp_cor_27	a_comp_cor_28	a_comp_cor_29	a_comp_cor_30	a_comp_cor_31	a_comp_cor_32	a_comp_cor_33	edge_comp_00	edge_comp_01	edge_comp_02	edge_comp_03	edge_comp_04	edge_comp_05	edge_comp_06	edge_comp_07	edge_comp_08	edge_comp_09	edge_comp_10	edge_comp_11	edge_comp_12	edge_comp_13	edge_comp_14	edge_comp_15	edge_comp_16	edge_comp_17	edge_comp_18	edge_comp_19	edge_comp_20	edge_comp_21	edge_comp_22	edge_comp_23	cosine00	cosine01	cosine02	non_steady_state_outlier00	trans_x	trans_x_derivative1	trans_x_power2	trans_x_derivative1_power2	trans_y	trans_y_derivative1	trans_y_derivative1_power2	trans_y_power2	trans_z	trans_z_derivative1	trans_z_power2	trans_z_derivative1_power2	rot_x	rot_x_derivative1	rot_x_power2	rot_x_derivative1_power2	rot_y	rot_y_derivative1	rot_y_power2	rot_y_derivative1_power2	rot_z	rot_z_derivative1	rot_z_power2	rot_z_derivative1_power2	motion_outlier00	motion_outlier01
565.4492407335973	n/a	n/a	319732.8438462017	777.0088930466596	n/a	n/a	603742.8198735954	536.8687759460695	n/a	288228.08258583094	n/a	587.9465517321946	520.4449356079101	n/a	n/a	n/a	n/a	0.0	0.0	0.0	0.0	0.0	0.0	0.0	0.0	0.0	0.0	0.0	0.0	0.0	0.0	0.0	0.0	0.0	0.0	0.0	0.0	0.0	0.0	0.0	0.0	0.0	0.0	0.0	0.0	0.0	0.0	0.0	0.0	0.0	0.0	0.0	0.0	0.0	0.0	0.0	0.0	0.0	0.0	0.0	0.0	0.0	0.0	0.0	0.0	0.0	0.0	0.0	0.0	0.0	0.0	0.0	0.0	0.0	0.0	0.0	0.0	0.0	0.0	0.0	0.0	0.0	0.0	0.0	0.0	0.0	0.0	0.0	0.0	0.0	0.0	0.0	0.0	0.0	0.0	0.0	0.0	0.0	0.0	0.0	0.0	0.0	0.0	0.0	0.0	0.0	0.0	0.0	0.0	0.0	0.0	0.0	0.0	0.0	0.0	0.0	0.0	0.0	0.0	0.0	0.0	0.0	0.0	0.0	0.0	0.0	0.0	0.0	0.0	0.0	0.0	1.0	-0.0649820552382749	n/a	0.0042226675029902	n/a	0.0287853852747161	n/a	n/a	0.0008285984054138	-0.0348863590336634	n/a	0.0012170580466256	n/a	0.0033950762898708	n/a	1.1526543014042876e-05	n/a	0.0004670368947885	n/a	2.1812346109368447e-07	n/a	-0.0002737933918022	n/a	7.4962821394553e-08	n/a	0.0	0.0
561.4441358062603	-4.005104927337015	16.04086547897924	315219.51763123844	751.8937672558952	-25.11512579076441	630.7695434859196	565344.2372382623	536.627113311645	-0.2416626344245287	287968.65874118905	0.0584008288770034	583.7140978084446	518.9599490313026	1.575394	27.360714	0.1237844176678451	0.0787427637002642	-0.0166872746	0.1807147289	-0.0513677299	0.0333801822	-0.0084448984	0.1611712339	-0.0490592454	0.0044739254	-0.309635343	0.0085923235	-0.0365951471	0.1237800097	-0.1772359198	0.1513818789	-0.1207791665	0.0902548956	-0.0315706961	0.1006058714	-0.0365007642	-0.0195235963	0.0819644453	-0.0616898608	0.0116895068	-0.1523000161	0.0906102031	-0.0799883713	0.1437032652	-0.1231886565	0.1015860361	-0.0239740838	0.0037731455	-0.102721987	0.0907723509	-0.0429037815	0.0314287282	-0.0530544475	0.0342243323	-0.0393184782	0.0964145086	-0.1444668653	0.0635254238	-0.0525199765	0.1403662627	-0.0194999061	0.1251711651	0.0071051775	-0.0671410024	0.0822277619	0.0172139666	0.1069608491	-0.0848253427	-0.0587381277	0.1181908858	-0.0448325972	0.0356079869	-0.1300064146	0.1638303956	-0.0125600682	0.1242018134	-0.0730530438	0.0521960143	-0.2372671111	0.1287077536	-0.0441586362	0.050570262	-0.2178175757	0.0210773143	-0.0410947882	0.0879793004	-0.0272680486	0.0710646543	-0.0474389197	0.1103059337	-0.0972171715	0.0507820935	-0.0726647902	0.1541795717	-0.1526958647	0.2424528375	-0.0357271696	0.024331336	-0.0140403715	0.0560493804	-0.0087197154	-0.0600126765	0.1445621722	-0.0450916166	0.001730038	-0.0108110853	0.0140832935	-0.1845390647	0.0046215382	-0.1803623921	0.200944455	0.0093393249	-0.0946401781	0.1259113413	-0.0078876538	0.0847044143	-0.0171444263	0.0243192307	-0.1339832958	0.0220268598	-0.1028000813	0.0102501139	-0.1318835706	0.077797887	-0.0200603315	0.0436350571	-0.0619137782	0.0542594092	0.1158504512	0.1158311377	0.115798951	0.0	-0.0448306973195684	0.0201513579187064	0.0020097914221587	0.0004060772259678	0.0395666318564309	0.0107812465817148	0.0001162352778557	0.0015655183564623	0.0188298563158255	0.0537162153494888	0.0003545634888746	0.0028854317914726	0.0026440639906538	-0.0007510122992169	6.991074386672099e-06	5.640194735752044e-07	0.0004426290029557	-2.440789183279999e-05	1.959204342575571e-07	5.957451837216644e-10	-0.0002810851571111	-7.2917653089000015e-06	7.900886554817176e-08	5.3169841320077526e-11	1.0	0.0
560.7259263110499	-0.7182094952104308	0.5158248790104217	314413.5644373849	751.1545553543989	-0.7392119014963328	0.546434235313824	564233.1660296647	537.1936921881863	0.5665788765413708	288577.0629267759	0.3210116233428819	583.6416418625649	514.9794668368207	1.138106	19.766088	0.0575380106199157	0.0284446914174714	-0.0447466969	0.1460270511	-0.1724588707	0.0734606443	0.1012284291	0.114166298	-0.1214230391	0.0640045095	-0.2810139676	-0.205875899	0.0523777952	-0.0237454246	0.0326273512	0.1040345131	-0.0882463363	-0.009869261	-0.0580769469	-0.0572580622	0.0978612878	-0.0440002813	0.0129736215	-0.1740610265	0.1368417839	-0.1175250448	-0.014730704	-0.1074763492	0.0683300128	-0.0149934511	-0.0048944255	-0.0013034242	-0.0045836608	-0.1670378319	0.1031704288	-0.1144347631	-0.0358474811	-0.1419056437	-0.0854899444	-0.1063526707	-0.0337048211	-0.1198618736	-0.004712032	-0.0762524858	0.0145278611	-0.0297368533	-0.034870927	-0.0403513494	0.0788947826	0.0101925128	0.0211559173	-0.1153733339	0.0011382263	0.0099939847	-0.0019472036	-0.1310607796	-0.074862088	-0.0926750419	0.0882957855	-0.0364099516	-0.1923600173	-0.2244161237	0.0367030633	-0.1152949472	0.107730569	-0.0198332993	0.0083148753	-0.1970515371	0.0408422408	-0.0316081699	0.0835733195	0.0055014637	-0.0621623269	0.1748668321	0.0408413403	0.0680941616	-0.1502705321	-0.0203050377	0.1863697087	-0.0297099655	0.0334824915	0.0689252799	0.0722456344	-0.0932221676	-0.0860997421	-0.1480641675	0.0274803204	-0.0013626721	-0.0348436419	0.0202029531	0.1080801339	0.0437515782	-0.1442358979	-0.1201644281	-0.1635636854	0.2410950421	0.0185038135	-0.1009062452	0.1024078186	0.0519386347	0.0073614026	0.0118050778	-0.0171853221	0.0735920609	-0.0957220737	-0.0596604042	0.039098887	0.0753185456	0.0240815243	-0.0853301951	-0.0508403643	0.0721734239	-0.024716554	0.115798951	0.1156251942	0.1153357926	0.0	-0.037113951878851	0.0077167454407174	0.0013774454240656	5.954816019683284e-05	0.0268223133748364	-0.0127443184815945	0.0001624176535603	0.0007194364947779	0.036528220150771	0.0176983638349455	0.0013343108673831	0.0003132320824341	0.0027390093656063	9.494537495249996e-05	7.502172304879026e-06	9.014624224870807e-09	0.00042999891084	-1.2630092115700016e-05	1.8489906332358626e-07	1.595192268510677e-10	-1.088966926132695e-06	0.0002799961901849	1.1858489662108906e-12	7.839786651809637e-08	0.0	0.0
559.4168276884018	-1.3090986226480936	1.713739203819136	312947.187100955	745.7562021592084	-5.398353195190452	29.142217220022967	556152.3130589261	536.4727080011942	-0.7209841869921547	287802.96643013455	0.5198181978927383	581.0597765329926	508.5838642399485	1.106465	19.216574	0.0488164725767887	0.0247740899028778	-0.0646686541	0.1145416145	0.0259717853	0.0492460422	-0.0121194237	0.0990457179	0.0155576528	-0.0270209866	-0.2426549024	0.1147308941	0.0362816429	-0.0352381292	0.1196031032	0.1737563656	0.0631870716	-0.0860598292	-0.0682807448	0.0366640304	-0.0019108753	0.0037707758	0.0632016824	-0.03653683	0.023821113	0.0697127429	-0.007109551	0.0263845041	0.2228418309	-0.0111295492	-0.0985916318	0.0287900333	0.104471807	-0.1213273743	-0.0945713093	0.1169895942	-0.0033599423	-0.0297441533	-0.1120905361	0.1222004725	0.1037461948	-0.1224605311	-0.0896548031	-0.1780462577	-0.160503227	-0.0696170737	-0.0771243254	0.0963177827	-0.0804553249	-0.0936075514	0.1224128725	0.0828259461	-0.1266847839	-0.0406733431	0.0267440096	0.0528199196	0.1026838758	-0.075895783	0.0453657589	-0.0559322758	-0.1883149375	0.0386322182	0.2044217395	-0.0082836783	0.1007927849	0.0883854956	-0.0426382988	-0.1085139713	0.1414741974	0.1135012752	0.136754805	-0.1201373074	0.0454156045	0.0795837784	-0.0340331806	0.0837616144	-0.067357173	0.081987781	0.0161457222	-0.0501943664	-0.0315548142	0.0641595979	0.0606696882	-0.1318246248	-0.0227661566	0.1604790034	0.0529205286	-0.1558076905	-0.0167198029	0.0103524233	-0.0624431742	0.0192563464	-0.1642834746	-0.0747198729	-0.1367882844	0.1790470943	0.0083688202	-0.0280820271	0.0171060776	0.1555074411	0.0443081932	-0.0092808877	0.1039382296	0.0511999282	0.1475219636	0.1342817282	-0.0001325206	0.0203881523	0.0643825103	-0.0984736375	-0.0817560054	-0.0003407552	0.0453305262	0.1156959735	0.1152136733	0.1144113283	0.0	-0.0375270157416451	-0.0004130638627941	0.0014082769104736	1.706217547463874e-07	0.0394108040451897	0.0125884906703533	0.0001584700973575	0.0015532114754883	0.0247256201199661	-0.0118026000308049	0.0006113562903168	0.0001393013674871	0.0023980026339747	-0.0003410067316315	5.7504166325496e-06	1.1628559101806605e-07	0.0002909994153263	-0.0001389994955137	8.468065972024844e-08	1.9320859753063108e-08	-8.488338147033883e-07	2.401331114293068e-07	7.205188449839063e-13	5.766391120471987e-14	0.0	0.0
559.5084498840553	0.0916221956534855	0.0083946267363655	313049.7054916584	743.958268064611	-1.7979340945973945	3.2325670085157525	553473.9046216956	536.7906393947371	0.3179313935429491	288144.1905418107	0.1010803710001615	581.9458342666551	508.1604296738539	0.966358	16.783251	0.0875153062981608	0.0568798204297734	-0.1079879203	0.1778350003	0.0051012269	-0.0171178166	-0.0074885633	0.0659403835	0.0707223888	0.0590659607	-0.206073775	-0.0087360302	-0.1082836791	0.0196696278	-0.1078304565	0.0302675064	-0.0152791187	0.1276239035	-0.0470530573	0.1272296627	-0.0423858614	0.1783787121	0.0874793692	0.0627811779	0.10050898	-0.0791807003	0.2259340168	0.0898626275	0.0563284558	-0.0241601583	-0.0754192886	0.0129000664	0.0047884447	0.0502257351	0.0442056531	0.0064294578	0.077752765	0.0284291382	0.0425683597	-0.0717506557	-0.0256954667	-0.1007385278	0.0276245742	-0.1105908959	-0.1078295656	0.0949243256	-0.0146043528	-0.0655131063	0.0003269283	-0.1136650302	-0.0762373545	0.0926718648	0.068146044	0.0148987687	0.0746398609	-0.0577834219	0.1344589818	-0.1570942565	0.1154906836	-0.0389090355	0.0983740903	-0.0279203769	0.0587778353	-0.0065454316	0.0894240529	-0.0180628613	-0.1546223685	-0.1886021449	-0.0369512388	0.0443917714	0.1581667849	0.018558423	-0.0617807665	0.0823652734	-0.0610436266	0.0240494296	-0.0327621078	0.0379678237	-0.1653996549	-0.0523688078	-0.1319716452	-0.0435917648	0.0004311647	-0.0384590164	0.0997289999	-0.0469462462	-0.0097007671	0.0230380624	0.0848497411	0.0172604173	-0.004819451	-0.06429685	-0.212700681	-0.0094792183	-0.1546681044	0.2115984773	0.015410824	-0.0100544804	0.0285926527	-0.0156888136	0.0584390505	-0.0091223992	0.0361579361	-0.0321987914	0.1249468585	-0.1091951452	-0.0951144187	0.1025031758	0.0933941532	0.0088352893	0.034575011	0.0130243603	0.0965710392	0.1155415645	0.1145973067	0.1130292557	0.0	-0.0375058704319997	2.114530964540673e-05	0.0014066903168619	4.4712412000013085e-10	0.0910597174156464	0.0516489133704567	0.0026676102523489	0.0082918721358173	0.037022392680015	0.0122967725600488	0.0013706575597532	0.0001512106153935	0.0022060304812145	-0.0001919721527602	4.866570484047478e-06	3.685330743538564e-08	0.0004418582640959	0.0001508588487695	1.952387255498421e-07	2.2758392252089042e-08	-0.0001289873334451	-0.0001281384996303	1.6637732189277417e-08	1.6419475087529154e-08	0.0	0.0
559.8973029372496	0.3888530531943388	0.1512066969785593	313484.98983640625	748.0588848562802	4.100616791669154	16.815058072119026	559592.0952124215	537.3710116344283	0.5803722396912008	288767.6041450089	0.3368319366041806	582.8201829363971	509.5757232014726	1.075126	18.672281	0.0655587691460797	0.0388301396996495	-0.0455738639	0.0429778529	-0.1805931271	-0.0281365632	0.0451061499	-0.0099218885	-0.0597805998	0.0942050907	-0.1608181941	-0.1096376583	0.0334876699	0.0070975038	0.0765881492	-0.005508356	0.0947069805	-0.0427562407	-0.0957124972	-0.0709922628	0.0788420456	-0.0741562085	-0.0512948689	-0.0787306997	0.012324755	-0.0033373626	0.147527469	-0.0030221896	0.1008077544	0.0076723327	0.0808778394	0.0527205065	0.1526760195	0.013293597	-0.0410429232	0.0176262276	-0.0092514436	-0.1160278503	-0.0088416293	-0.1247065207	0.0962276174	-0.0678170103	0.0564669752	-0.0098189163	0.0437139815	-0.0115975269	0.1061590623	0.0591565703	0.1602472143	-0.0605493821	-0.0898249985	-0.1411215073	0.0369869959	0.0869856496	0.0510470314	-0.1341324365	-0.0180111334	-0.055936582	0.0343265788	-0.024978325	-0.1466687318	-0.1262660327	0.0277035129	-0.0666128651	0.0382037818	-0.097241437	0.0402542575	-0.1272117034	0.0175136112	-0.0406038016	-0.0843993043	-0.0392697017	-0.0330808675	-0.0123595695	0.0396179095	-0.0436083478	-0.0278017145	-0.0555840896	-0.0580557082	0.1546365163	0.0166101805	-0.1559394317	0.0037377555	0.0069879915	-0.0409747933	0.1548743756	-0.0328191254	0.0084851485	0.1766815866	0.048857784	0.1241356487	-0.0056059731	-0.0987584288	-0.1572592039	-0.1439795216	0.1452759898	0.0230894426	-0.0169207252	0.0590131397	-0.0211571114	0.0678193383	0.0291156298	-0.0476410834	0.06441627	-0.0178506285	-0.0156675173	-0.0311356904	0.0676839368	-0.0574781768	-0.0171934024	-0.0030654051	0.0517386707	-0.0781341119	0.1153357926	0.1137771902	0.1111951025	0.0	-0.0374468969185528	5.897351344689994e-05	0.0014022700888287	3.477875288271688e-09	0.0575802262784321	-0.0334794911372143	0.0011208763268068	0.0033154824582754	0.0473451991601336	0.0103228064801186	0.0022415678835127	0.0001065603336259	0.0018810457721091	-0.0003249847091054	3.5383331967695203e-06	1.0561506115232145e-07	0.0005048359824164	6.297771832050001e-05	2.5485936914233174e-07	3.9661930048562434e-09	-0.0001749748663252	-4.598753288009998e-05	3.0616203845521605e-08	2.1148531803982772e-09	0.0	0.0
560.6477957153724	0.750492778122748	0.5632394100144001	314325.9508405059	747.967172129014	-0.0917127272662128	0.0084112243426067	559454.8905826741	537.6586559249694	0.2876442905410385	289076.8302910446	0.0827392378808574	582.3777794814323	510.8752260533775	1.038217	18.03126	0.0584296397928787	0.0314861015643933	0.0232711091	0.0389977537	0.0604049766	-0.1078959532	0.0803215571	0.0219924108	-0.08985286	0.0156479134	-0.0720654267	0.0545990823	-0.1138476156	-0.0169066165	0.1260573176	-0.05852717	0.0410582563	0.1360651742	0.0117162832	0.0507540987	-0.0336711049	-0.0277913994	0.0182575035	0.0382308272	-0.0808055306	-0.0232440887	0.1480140811	0.1087814474	0.1640345409	-0.1345618421	-0.00983461	0.0809835735	0.1266068184	0.0009716596	0.0488222939	0.1467967732	-0.0058292663	-0.1152055594	0.0261555669	0.0074066694	-0.0886850052	0.1301102826	0.0079271052	0.1294441869	0.0664284148	0.0357468547	-0.0545807279	0.0142618601	0.1124873372	0.0705205056	0.0454942417	0.0996514304	-0.0644107135	0.2004208564	-0.0965288654	0.0343399705	0.0353767942	0.000873831	-0.0019543699	-0.0283804427	-0.00737538	-0.0021021391	0.1786476455	-0.0522856342	-0.045815896	-0.07106958	-0.0297425757	-0.1592191975	-0.0407345083	0.1048975406	-0.1429172452	0.0572259209	0.0701954425	0.0776786801	-0.0545836568	0.0236827655	0.0349550429	0.0460757562	-0.0261826783	0.0790721296	-0.0190816518	-0.1485224125	0.0518810677	0.2192073916	0.1167738794	0.0411426781	-0.0116268609	-0.0763860368	0.1138731898	0.0439896221	-0.0721155338	0.031062975	-0.0797121717	-0.0961400807	-0.1119504929	0.076181596	0.0204562839	-0.0478804672	0.0662758256	0.0263911577	0.0836465532	0.0913409399	0.0030080561	-0.0552907726	0.094348475	0.0107372841	-0.0953815532	0.0087697819	-0.1350865055	0.0518523616	0.0671613644	-0.0216033609	0.0040752903	0.1150787493	0.1127547821	0.1089162049	0.0	-0.0374655567657953	-1.865984724250258e-05	0.001403667943771	3.4818989911353115e-10	0.0298434761290735	-0.0277367501493586	0.0007693273088479	0.0008906330674665	0.032167630973106	-0.0151775681870275	0.0010347564824219	0.0002303585760718	0.0017250525941942	-0.0001559931779148	2.9758064527361395e-06	2.4333871555989624e-08	0.0004237866030021	-8.104937941429998e-05	1.7959508488405956e-07	6.569001903443152e-09	-0.000247865541181	-7.289067485580003e-05	6.143732650495002e-08	5.313050480933958e-09	0.0	0.0
561.1726407168705	0.5248450014981927	0.2754622755976378	314914.7326891459	749.5251977583941	1.558025629380154	2.427443861805425	561788.0220747598	537.5225869603904	-0.1360689645789534	288930.5314925905	0.0185147631215884	583.8671738650092	518.8753631963963	1.029763	17.884443	0.0476501119593098	0.0283109868643293	0.0798611768	0.0749355916	0.0034677374	0.0847514775	0.0822155221	0.0343644045	-0.0716453566	-0.0428608034	-0.0401129025	-0.0045589983	0.1036391767	-0.1084053191	-0.1568701738	-0.0428671815	-0.0275068136	-0.0990489794	-0.0145119089	-0.0436734894	-0.0222425545	0.0281132385	0.0086166985	-0.1203334644	0.0600935998	0.0438512473	0.0179850071	-0.0060293794	-0.0157605031	0.0088493082	-0.0350842849	-0.02520403	0.0458321753	-0.0884198931	0.0786871252	0.04910507	-0.0052779838	-0.0147348076	0.0599486436	-0.027169271	-0.1031551951	-0.0119570334	-0.0155545756	0.0315704771	0.0214395288	-0.049851919	-0.0867059849	0.07009997	0.1737160662	-0.1190016042	-0.0836402748	-0.1015304098	0.0696546978	-0.0570122019	0.0748037713	0.0106467395	-0.0480642309	0.0513409318	0.1080724374	-0.0359008474	-0.010568241	-0.0848231869	-0.0362318452	-0.0775342999	0.0901047086	0.0665027043	0.0325658218	-0.0336767617	0.1283046121	-0.0093621376	-0.0731466526	0.0674282349	-0.0605243441	0.0688452223	0.0353254619	0.0603493469	-0.0571923351	0.0146574045	-0.0053017427	0.0144363196	-0.1590109154	-0.0943017874	0.1038871906	-0.0182200928	0.0309705892	-0.0463629005	0.0551836931	0.0124643678	0.0400138878	0.0579480051	-0.0342660213	-0.0145826221	-0.0628417681	0.0232113497	-0.1385103073	0.0457296099	0.0127916502	-0.0690958269	0.073807063	0.0027658694	0.0648638863	0.031321997	-0.0833076015	0.0194047336	-0.1436268441	-0.0624965237	0.0391840874	0.0080577903	-0.0456689694	0.0416285811	-0.0013047853	0.1345124653	-0.0628281836	0.1147705489	0.1115319001	0.1062016776	0.0	-0.0308552628355727	0.0066102939302226	0.0009520472446522	4.369598584393775e-05	0.0371944128574881	0.0073509367284145	5.403627078515472e-05	0.0013834243478132	0.0253116422662884	-0.0068559887068176	0.0006406792342165	4.7004581148010485e-05	0.0012220580360532	-0.000502994558141	1.4934258434822042e-06	2.530035255194599e-07	0.0004448561722474	2.106956924529996e-05	1.978970139866084e-07	4.4392674818248974e-10	-0.0002352718166902	1.2593724490800014e-05	5.5352827728707084e-08	1.5860189655017608e-10	0.0	0.0
560.3483724718873	-0.8242682449832728	0.6794181396878046	313990.29853189294	747.2341137156767	-2.2910840427174435	5.249066090794504	558358.8207004529	537.6174812163694	0.0948942559789429	289032.55610943324	0.0090049198177971	582.6372155717863	513.0134406795347	1.098123	19.071695	0.0524226063531138	0.0246889346532502	0.054228578	-0.0630302983	-0.0430797785	0.0520318002	-0.0775100981	-0.0396158971	-0.0478735744	-0.0084560333	0.0422947897	0.0175723935	0.0492155366	-0.033063585	0.1092245438	0.1099692535	0.1769682777	-0.0658625999	-0.0388812229	-0.0372791505	-0.0109575594	0.0785903991	-0.0136636059	-0.2092213694	0.0446424692	-0.0164506901	0.0366572216	0.0835219653	0.0075236128	0.1146482339	0.0362511426	-0.0627159906	-0.0251900284	0.0454252456	-0.1709834866	-0.0707170847	0.0861744149	-0.1064165062	0.020454345	0.1250934571	-0.0278990054	0.071903941	-0.0678862061	-0.0542097368	-0.1508329271	0.013567442	0.136426748	0.0761404051	-0.1555801362	-0.0665847642	0.0158568367	0.1757156883	-0.1012576201	0.0562589369	-0.1521677051	-0.0044909716	-0.04329472	0.0447126257	-0.0255527589	0.0332723637	-0.1273354521	0.1206460976	0.02538517	0.1299279731	0.1305547128	0.0249862156	0.0176029809	-0.0206019131	0.0675345508	0.2052727879	0.2007314225	-0.0463030591	-0.0661559334	-0.0828369693	0.0420643355	-0.0723043616	-0.1067619546	-0.1867721868	-0.0061992986	0.0816654342	-0.1441219607	0.0702477776	0.0092569754	0.1072268124	0.0542691758	0.0056763335	0.0528990748	-0.0352907063	-0.1132996395	0.0707292672	0.0692372864	0.0073442972	0.0336113047	-0.0186853757	-0.059719187	-0.0111056909	0.0029315672	0.0326236231	-0.0825151625	0.1067480042	0.0174062782	-0.0068541501	0.081485295	0.0006157421	0.0342266579	0.080406003	0.040759502	0.0224312462	0.090908437	-0.0841904613	-0.0913165324	-0.0348268282	0.0147765644	0.1144113283	0.1101107184	0.103062378	0.0	-0.0333371005032745	-0.0024818376677018	0.0011113622699654	6.1595182088235134e-06	0.0371071311354143	-8.728172207379814e-05	7.618099008167741e-09	0.0013769391811008	0.0117199134854786	-0.0135917287808098	0.0001373563721071	0.000184735091251	0.000848000355788	-0.0003740576802652	7.191046034165746e-07	1.3991914816538258e-07	0.000560999552944	0.0001161433806966	3.1472049840336784e-07	1.3489284879635365e-08	-2.37714001431375e-07	0.0002350341026887	5.650794647651576e-14	5.524102942671464e-08	0.0	0.0
560.0611398895231	-0.2872325823641404	0.0825025563715727	313668.480414352	745.2635402455049	-1.9705734701717572	3.883159801344762	555417.7444192633	537.6775077605344	0.060026544164998	289097.10235157947	0.0036031860043924	582.8942627883171	508.0837182766054	1.051796	18.267109	0.0562349228572856	0.0273341529725416	0.004818067	-0.0793600305	0.0630460249	-0.0364412418	0.1058259972	-0.0409256042	0.0323740647	-0.0562316105	0.1032889792	-0.020208876	-0.0229729076	-0.0986112101	-0.0664174374	-0.0512715809	0.0194560195	0.0654066707	0.0484946778	0.0231253267	-0.0556662402	-0.0588755377	-0.0287551009	0.0747028296	0.0240224012	-0.1459324141	-0.1100285458	-0.0503115641	-0.0531792108	-0.0450377029	0.006213781	-0.0178184285	-0.0144452257	0.055672481	-0.0750705524	0.0935943001	0.0356787901	-0.0377359565	-0.0309271381	0.1309611519	0.0270682818	0.004384582	0.1158632139	0.0181211177	6.70937e-05	-0.1742001734	-0.1506494661	0.0183353829	0.1568665534	-0.0312783583	0.0064046796	0.0148577152	-0.0073632191	-0.081959763	0.0049320747	0.0592452173	-0.0098462543	0.0643882049	-0.0251886505	-0.018682451	0.0952428126	-0.083910495	-0.0711431869	0.0680296095	-0.0062702562	-0.0393733178	-0.0780415022	0.0485018235	0.0097914129	0.038357671	-0.1213620535	-0.0033477443	0.0101023821	-0.1257800872	-0.0166630871	-0.0865875594	0.0217422433	0.0006976494	0.1146543182	-0.1096617094	-0.0237999643	0.0224374118	-0.0276583138	0.0325627617	-0.0323551413	0.1041163714	0.0319693254	-0.0579760605	0.1022334933	0.0698542842	-0.082435375	-0.0048960533	0.0103077807	-0.0588585933	-0.0394303167	-0.0792017982	0.016424269	0.0277189107	-0.0241445085	-0.0735707366	0.0192714732	0.0658769305	-0.0690061873	-0.0088467707	-0.047485439	-0.1133787564	0.0207958805	-0.003299114	0.0050832606	0.0759399032	-0.0244452124	0.0140731119	-0.0441932079	0.1140012473	0.1084937639	0.0995108621	0.0	-0.0375240588418108	-0.0041869583385363	0.0014080549919636	1.753062012863866e-05	0.0532240747396457	0.0161169436042314	0.0002597558711419	0.0028328021318913	0.0266543012779081	0.0149343877924295	0.0007104517766134	0.0002230359387346	0.0007555270044203	-9.247335136769994e-05	5.708210544083121e-07	8.551320713174093e-09	0.0003779453673491	-0.0001830541855949	1.4284270070064617e-07	3.3508834863812093e-08	-0.0001446428394806	-0.0001444051254791	2.0921551013010617e-08	2.0852840264654435e-08	0.0	0.0
560.1471815550524	0.086041665529251	0.0074031682070475	313764.8650040688	743.764117117489	-1.4994231280159056	2.248269716829003	553185.0619115579	537.1973132091354	-0.4801945513989949	288580.9533191139	0.2305868071932819	581.8831906238325	509.2190601752056	0.962101	16.709316	0.0698980746822719	0.0375024921132246	0.0297908835	-0.062374998	0.122758537	0.0213429592	-0.0940384389	-0.0772384692	0.0607981591	-0.0493688618	0.0679923744	0.112133007	0.0212441481	0.064057983	-0.0269307524	-0.0108906761	0.1400092943	-0.1241319445	0.0364983383	0.0776786533	-0.0348853726	0.0490724674	0.0363317013	0.0189482476	-0.052800998	0.14016678	-0.0206091106	-0.0333652142	0.086136721	0.160738478	-0.0368208731	0.1161041986	-0.2015708834	0.0463762357	0.1175571668	0.0168657372	-0.0117903159	0.1133781313	-0.2410613627	-0.1064404334	-0.0114885742	0.0792732597	0.0625262302	0.057257612	0.0820685221	0.0250020978	-0.0327975707	0.1012188329	-0.1319214469	0.0104634147	-0.0290083213	-0.1603721117	-0.0017530539	0.0369753596	0.0749196913	0.0824492402	0.0326427405	-0.0188675711	-0.0087314738	0.1023896965	0.0110606262	0.1733170251	-0.1105699344	-0.0551052218	0.0808281935	0.0132059202	0.0114609205	0.0102689873	-0.0540684612	0.0787567364	-0.0459769116	0.0062054339	0.1256956283	0.1529041386	-0.1191490479	0.005290622	0.0573632416	-0.0853122327	-0.1277746506	-0.0399213455	0.1320211062	0.0247637839	-0.0831191807	-0.0040934823	-0.1213349763	-0.0188889684	0.0001147999	0.0616065052	-0.030786763	0.0662164885	-0.0341487641	-0.0775114148	0.0557805283	0.1083926781	-0.1400472442	-0.069833105	0.008278836	0.0046059902	-0.095724528	-0.107302299	-0.0582389915	-0.1895836649	-0.016013254	0.033478394	0.0229917707	0.1101851372	-0.0153259809	0.0496824634	0.0826519172	0.0698302066	-0.1666043371	-0.0949123024	0.0433438094	0.1135404882	0.1066839114	0.0955613349	0.0	-0.0374426205811744	8.143826063639753e-05	0.0014019498359857	6.632190295481815e-09	0.074117497321879	0.0208934225822332	0.0004365351071997	0.0054934034092587	0.0123402302206514	-0.0143140710572567	0.0001522812818986	0.0002048926302321	0.0002160000131009	-0.0005395269913194	4.665600565958897e-08	2.91089374362164e-07	0.0003860001095123	8.054742163199997e-06	1.489960845435076e-07	6.487887131563177e-11	-4.1717320289086527e-08	0.0001446011221603	1.7403348121022304e-15	2.090948453002116e-08	0.0	0.0
561.1703750242871	1.023193469234684	1.0469248754845082	314912.189804899	747.2118169672349	3.4476998497458453	11.886634253937524	558325.4994154766	538.1050496848233	0.9077364756878978	289557.0444963061	0.8239855092942855	583.5247689805725	513.4398897496666	1.110073	19.279232	0.169381789107085	0.0950963568335611	0.1010363264	-0.151134141	-0.0807344068	-0.0507001798	0.0634912721	-0.1296602735	-0.0945882722	0.0216155294	0.1617276719	-0.0771830123	-0.0111888778	-0.054544128	0.0021485686	-0.0309827524	0.0552060793	0.047947664	0.0667501449	-0.0826069471	0.0366508263	0.0801398897	0.0434906868	0.0146484877	0.1193250098	-0.0109071913	-0.2430730926	0.0289482029	0.1504080279	-0.0146870116	0.1018040159	0.0395367344	-0.1301659013	0.0026107023	0.0634797813	0.1330846887	0.0324816504	0.0607279444	0.1364462629	0.0549631101	-0.0069019072	0.0592939586	0.0151567963	0.1140002137	0.1242444367	-0.0165154098	0.0638544718	0.044834294	0.000334074	0.0076659903	0.0701139014	-0.0006089184	-0.1330558812	-0.0503063579	0.0280917326	-0.058620167	-0.1347428301	0.1008335075	0.0230272536	0.0484541074	0.026311672	0.0067225832	-0.0081091984	0.1402667619	0.0953872567	-0.008246843	-0.0415050102	0.1237164609	-0.1096064214	0.0131289183	-0.1619085157	-0.0146875022	0.0502007116	0.1677628839	0.0050877663	-0.1172244694	-0.0206244621	-0.0085814418	0.0075431053	-0.069554329	0.1302890032	0.0352835752	0.0599911615	0.0687781057	0.0952386957	-0.024661541	0.0284844148	-0.1195402439	0.0295735845	0.0890674684	0.0809518152	0.0471887413	0.1600577859	-0.0597396708	-0.0771263639	-0.1350951328	0.0471935109	-0.0492846599	-0.0854819271	-0.067392435	0.0256672815	0.0355129095	-0.047769198	0.0519949955	-0.0713447914	0.017185543	-0.0994161792	-0.0371560859	0.1656134515	0.110129382	-0.1040614661	-0.0793535426	0.0267581898	0.1130292557	0.1046843788	0.0912295932	0.0	-0.0262611002891048	0.0111815202920696	0.0006896453883944	0.0001250263960419	-0.0087372383617605	-0.0828547356836395	0.0068649072252057	7.63393341902193e-05	-0.0087447678496275	-0.0210849980702789	7.647096474387878e-05	0.0004445771436236	-0.0008609997155136	-0.0010769997286145	7.413205101145001e-07	1.1599284154357067e-06	0.000393999871036	7.999761523700018e-06	1.5523589837638465e-07	6.399618443607123e-11	1.6949376345162548e-07	2.11211083740712e-07	2.872813584899557e-14	4.4610121894926064e-14	0.0	0.0
561.2076001842829	0.0372251599958417	0.001385712536716	314953.97050460195	747.3326749016256	0.1208579343907558	0.0146066403052002	558506.1269756189	538.6021918484485	0.4971421636251989	290092.32106395287	0.247150330853944	583.0435809049427	513.6608181961184	1.110526	19.287104	0.0537439701659981	0.0290748943127438	0.1136045828	-0.0780817556	0.1821865991	-0.0109998821	-0.0317495108	-0.1508704937	-0.048973461	-0.1536156569	0.1395787812	0.1000683669	-0.0462427214	-0.0977781322	0.1108335868	-0.0165771922	0.0988080711	-0.1281488519	0.0991316626	-0.0831643304	-0.131226672	-0.0402897545	-0.0158117275	0.0330388456	0.01717466	0.0792470516	0.0276118609	0.0045253178	-0.067315141	0.1913894284	-0.0694606411	0.1142370554	0.0563251597	0.0353071255	0.0823738165	0.0682425508	0.0121899587	0.1293691379	0.035310494	0.000620621	0.0306570163	0.0038259997	-0.081838832	0.0273882573	0.0365532204	-0.0776992942	0.0179329037	0.0827474735	-0.1853146437	-0.0214403791	0.0442082533	0.0795580128	-0.0635512821	0.096723933	-0.1283565093	0.1962272511	-0.0432027795	0.1263296304	-0.0449958665	-0.0353263035	-0.0638118697	0.1409816632	-0.0609146176	0.10218068	0.0418086478	0.0406248115	-0.0263515635	-0.0480036316	-0.0311696935	0.0600326396	-0.0521096091	-0.0283011596	0.0665652526	0.0421843983	-0.0111203079	-0.0529975486	-0.0597369981	0.105399505	-0.0575692906	-0.0329421165	0.0174006683	-0.028277106	-0.0390376424	0.0136528209	-0.1362011608	-0.0595132783	-0.0847688583	-0.0901551297	-0.0012522469	0.0669381459	-0.1449143443	0.0418030454	0.115968189	0.0633001869	-0.0656605792	-0.1497571683	0.0152809142	-0.0409780461	-0.0733581092	0.1200357389	0.0187814347	-0.0417663447	0.0080263144	0.1706381452	0.0061905565	0.0755515056	-0.0833875865	0.0027165188	0.0595637086	0.0746748453	-0.0235249588	-0.0589932538	-0.0281428205	0.1124677771	0.1024987213	0.0865329627	0.0	-0.0202412441141888	0.006019856174916	0.0004097079632901	3.623866836667432e-05	-0.0320757329121761	-0.0233384945504156	0.0005446853278797	0.0010288526418532	-0.025679266282907	-0.0169344984332795	0.0006594247168284	0.0002867772371867	-0.0009319996977956	-7.099998228200007e-05	8.686234366910898e-07	5.040997484044324e-09	0.0003159995876071	-7.800028342890003e-05	9.985573936785727e-08	6.084044214988737e-09	1.4733932661117237e-07	-2.215443684045311e-08	2.1708877166233727e-14	4.90819071717626e-16	0.0	0.0
560.9989607801353	-0.2086394041475614	0.0435304009630494	314719.83399639186	745.7534502141616	-1.579224687464034	2.493950613495876	556148.208506326	538.744893146806	0.142701298357565	290246.05989176343	0.0203636605529348	584.0340060072446	514.1065632207607	1.025461	17.809727	0.121108351291467	0.0847105704023329	0.1026254103	-0.1087770568	0.053546025	-0.0190510335	-0.0644200081	-0.1059339154	-0.0171652501	0.010362426	0.1887269672	0.0671374436	0.0195022578	-0.0667996658	-0.1654686479	-0.0230331475	0.0549824608	-0.051355822	0.1273601822	-0.0680070749	-0.0735712556	0.1544743246	0.0656435992	0.0706739197	-0.0146055678	-0.1144279081	0.0276430329	-0.012440988	-0.0598560001	0.1241466325	-0.083486896	-0.0111189653	-0.2457237871	0.0693909189	-0.0751574676	0.0949539559	0.065299322	0.0162966514	-0.1515657119	-0.0359932066	-0.0094179875	-0.0254356353	0.1019879501	0.0852855155	0.0197133251	-0.0478500158	0.0701651929	-0.0978725142	0.0619907177	-0.100445953	-0.1197088202	-0.031645071	0.0105107463	0.0847752661	0.108827286	0.0205868359	-0.0899025495	0.1009065628	0.0780077619	-0.0314240806	0.1878805334	0.103882804	-0.1436051954	0.1304719279	0.0225847513	-0.0428060126	-0.009266807	0.0989089646	-0.0649607761	0.0639692574	0.0205901313	-0.0212900804	-0.014428751	0.0597511808	0.0345232806	-0.0242904268	-0.0274000353	-0.1644919441	-0.1038097656	-0.0913312283	0.0754118492	-0.0481267607	-0.0401293947	-0.1111339013	0.0271465258	-0.1011150617	0.0421092246	0.0764997292	0.1184357686	0.0676843666	0.0238692979	-0.094646042	0.104291896	0.1408946273	-0.0397581252	-0.1825397865	-0.0020138169	0.0230056343	-0.0788562479	-0.042313545	0.0676007291	0.0077360723	0.0779184208	0.0068844147	0.0046146763	-0.0510772413	-0.0198371991	-0.0709516159	0.0864850256	0.0020684937	-0.0995422755	-0.1232946994	0.0678321311	0.1118563022	0.1001308247	0.0814902283	0.0	-0.0191573392972372	0.0010839048169516	0.0003670036489494	1.174849652210882e-06	0.0455118781131318	0.0775876110253079	0.0060198373846144	0.0020713310493845	-0.008574959060013	0.017104307222894	7.352992288089903e-05	0.0002925573255751	-0.0012970007613689	-0.0003650010635732	1.6822109749915062e-06	1.3322577640964018e-07	0.0004569999084464	0.0001410003208393	2.08848916320018e-07	1.9881090476785545e-08	7.965194402823018e-07	6.491801136711294e-07	6.344432187476315e-13	4.2143481998606053e-13	0.0	0.0
561.0374408761822	0.0384800960468965	0.0014807177917783	314763.0100648957	748.159179799697	2.4057295855353686	5.787534838720177	559742.1583185553	538.2982767557045	-0.4466163911015428	289765.034758161	0.1994662008005662	583.5356385067504	510.5572917410998	1.017742	17.675661	0.079026059627832	0.0466164965815007	0.0839910923	-0.1701602245	0.0291544075	0.0680794126	0.0037135148	-0.1680031631	-0.058109158	-0.1050438908	0.150813587	-0.054447867	0.0506554331	-0.0460002855	0.1298729571	-0.0428387857	0.1059036565	-0.0706750752	0.1097928605	0.0053711185	0.0688976287	-0.012777772	-0.0852196047	-0.0670824408	0.0782039551	0.0608154593	-0.1127330504	0.1777271091	-0.1009305856	0.0476066561	-0.0405823917	0.0370637024	0.0440032294	-0.0704626294	-0.09355159	0.008710632	-0.0984577927	0.153305173	-0.1619018648	0.0195672175	-0.0855350612	-0.0308232431	-0.1002117276	-0.0100214706	0.0459076294	0.0389919203	0.0908161259	-0.1267303468	0.0587750118	-0.0060510564	-0.0582423435	0.1820738373	-0.0587943708	-0.1674470713	-0.1233547252	0.1058871671	-0.1508095553	0.0679186498	-0.0862856096	0.0552149258	-0.0931596834	0.0418557859	-0.0487968117	0.1840872492	0.0515032764	0.0154116346	0.0214285066	0.0407673574	0.0523621437	0.0358127322	-0.038029758	0.022960913	0.0176881905	0.0037795187	-0.1332775149	0.0817787443	-0.0346194637	0.1196948705	0.1419158719	-0.0193158683	0.0731165408	-0.0484788236	0.0067555116	-0.1556200707	0.2049802843	0.0455778818	0.1212410322	0.051645325	0.003385962	0.091609955	0.0144971765	0.0228970448	0.1460482453	-0.0379950062	-0.035343263	-0.2335834032	-0.0432955093	-0.0044472245	-0.0926352713	0.040946096	-0.0218881355	0.0361333436	-0.0989859793	0.1029833848	0.062152859	0.0382498469	-0.0414626366	-0.0326036702	0.0753847469	0.0169958765	-0.0148925154	0.1192874378	0.0347907313	0.1111951025	0.0975848992	0.0761215592	0.0	-0.0268895345133159	-0.0077321952160787	0.0007230470663428	5.978684285955035e-05	0.0065380149305269	-0.0389738631826049	0.0015189620113764	4.2745639231792666e-05	-0.0257433864457823	-0.0171684273857693	0.0006627219456968	0.0002947548989004	-0.0011199809704247	0.0001770197909441	1.2543573741134528e-06	3.1336006385928254e-08	0.0004200494541588	-3.69504542876e-05	1.7644154393910582e-07	1.365336072060017e-09	-8.826471219550006e-05	-8.906123163578237e-05	7.790659418954457e-09	7.931902980482482e-09	0.0	0.0
561.300942515551	0.2635016393687692	0.0694331139500289	315058.7480688459	748.3422160877901	0.1830362880931488	0.0335022827589181	560016.0723791848	537.93062208551	-0.3676546701944971	289369.3541773038	0.1351699565158244	583.2369108133912	513.8742222421538	1.019238	17.701649	0.1596188027994022	0.1029660333385485	0.0529348643	-0.051364559	0.1138734666	-0.0472598273	0.0140122052	-0.0328024581	-0.0582207309	-0.0281157535	0.130774324	0.0308490772	-0.0722812797	-0.1179494445	-0.134874158	-0.0661679046	-0.012585155	-0.0882935334	0.0806728161	-0.0178871629	-0.0799551488	-0.0710840987	0.1208708778	0.0217535223	-0.0295367378	-0.0704961368	0.0492810158	0.0111682166	-0.04066953	-0.0064255544	-0.0251466104	-0.0108695296	0.0138791977	-0.1023296638	0.0287882503	0.0327824481	-0.0247824748	0.0281935246	0.0015287827	0.0070406885	-0.0386574444	0.0776754465	0.0577264132	-0.0466444995	-0.1612867813	-0.0550004667	0.1171888956	0.0153057202	-0.0569127939	-0.0100137074	-0.045547432	0.0418918012	-0.0157953963	-0.0199466135	-0.1129338702	0.0714980169	-0.0408029494	0.0865215425	-0.0208027697	-0.099110956	0.1829977829	0.0119601559	0.0257218787	0.0781821437	0.0188879222	0.0308836351	0.0536096599	-0.0052205058	0.0136128705	-0.0140162696	-0.0870978541	-0.031608812	-0.0820651514	-0.1076103644	-0.0859519305	0.0540497977	0.0775814723	0.0394710005	-0.0362041312	0.0387427994	-0.0096041016	0.1226167339	-0.0990635554	-0.140648541	-0.0457977338	0.0597996205	0.1613057697	0.0625701785	0.0286907373	0.0346789327	-0.0964506454	-0.0726167246	0.0224414876	0.0031658801	0.0809795442	-0.1081099244	-0.0346037145	0.0116751238	-0.1560887838	-0.0430759202	0.0345483416	0.0224846292	0.0374761498	-0.1478135887	-0.0530449114	-0.0856562441	-0.0606829659	-0.0651712538	0.0165673998	0.0580739308	0.0142371706	0.0415354364	-0.0963066913	0.1104844722	0.0948654713	0.0704484286	0.0	-0.0237932800450266	0.0030962544682892	0.000566120175301	9.586791732401452e-06	0.1004044516006104	0.0938664366700835	0.0088109079331387	0.0100810539012193	-0.0351828932580957	-0.0094395068123133	0.0012378359780105	8.910428885971103e-05	-0.0002070000148497	0.000912980955575	4.2849006147776026e-08	8.335342252426402e-07	0.00035699998119	-6.30494729688e-05	1.2744898656966038e-07	3.975236041643442e-09	3.69562350204715e-08	8.830166843052054e-05	1.3657633068883239e-15	7.797184647613588e-09	0.0	0.0
560.2562984455304	-1.0446440700205812	1.091281233029165	313887.11994788726	746.0965477662928	-2.245668321497305	5.043026210176525	556660.0585887801	538.087532257938	0.1569101724280699	289538.1923714375	0.0246208022114066	583.257174360504	509.1752437746622	1.020216	17.718643	0.0873679446113175	0.0510509383643289	0.0280613521	-0.098056472	0.0226471328	0.05470345	-0.0380230757	-0.1196653887	0.0166765771	-0.0344924768	0.043866507	0.001029283	0.083934932	0.0029118309	-0.020566967	0.0527531925	0.1634927993	0.0116589123	0.0283488272	-0.1125829258	0.0421327282	0.1122184784	-0.1426186007	0.0653795835	0.1333698734	0.201162892	-0.0068760819	-0.0944088111	0.0255470722	0.1215677319	0.056072404	0.052811995	0.0218761449	-0.0182802848	0.0350023301	-0.0340553715	0.0102789403	-0.0887782916	-0.0318405526	0.0280024642	-0.0226416588	-0.0006082165	0.1684924609	0.0380278865	-0.0807232042	-0.0414891544	-0.1135991139	0.0931788167	0.0141816897	-0.0030730827	0.084656436	-0.0384015154	0.1339099197	0.0149926998	-0.0561016054	-0.0080878892	-0.0509154677	0.0070336583	0.066257957	0.0678641711	-0.1370860911	0.1314144246	-0.2094957531	0.0609602592	-0.042439064	0.0511947377	-0.0552091814	0.0326928865	-0.0360704007	-0.1724564499	-0.0863318205	-0.0415072373	0.0186872142	0.0129670277	0.0064484538	0.0078026878	0.1480644456	-0.0847654243	0.0099311539	0.0474211966	-0.0785489028	0.0971112786	0.017829874	-0.0285962489	-0.098684494	0.0203929375	0.0320588202	0.103766329	0.0721415145	0.0494305013	0.0482002086	-0.0653351118	0.0518587996	0.0923041897	-0.0296661428	-0.1186620485	-0.0365632092	0.0980522145	-0.0587532419	-0.0171138846	-0.0168810346	-0.0068092846	0.0087034399	0.0641784876	-0.0715863801	0.000480771	0.16264138	0.0857130231	-0.0617386377	0.007920872	-0.0298788267	0.0384905822	-0.0720677563	0.1097247271	0.091977376	0.064493527	0.0	-0.021010782423005	0.0027824976220215	0.0004414529780268	7.742293016555855e-06	0.0713115923954319	-0.0290928592051784	0.0008463944567323	0.0050853432099722	0.001058300268788	0.0362411935268836	1.1199994589167529e-06	0.001313424108253	-0.0004959999695134	-0.0002889999546637	2.4601596975729374e-07	8.35209737956207e-08	0.000260999843556	-9.6000137634e-05	6.812091833625647e-08	9.216026425746946e-09	6.474908199476147e-08	2.7792846974289973e-08	4.192443619164344e-15	7.724423429362993e-16	0.0	0.0
560.1039402883487	-0.1523581571817658	0.0232130080598236	313716.4239265341	746.9431954327752	0.8466476664823404	0.7168122711599922	557924.1372033249	537.0891022280039	-0.998430029934184	288464.7037320832	0.9968625246743754	582.2579155497556	505.1991176698266	1.004282	17.4419	0.0316701936817325	0.0191256170973369	0.0001527276	-0.2053067017	-0.0061769718	-0.0744575986	0.0324320993	-0.0527384485	-0.023458669	0.0625796002	0.0921774694	-0.0102316785	-0.1021546069	-0.0377374067	-0.0131953297	0.0303069702	0.0913797106	0.0355791418	-0.0249665147	0.0327327102	0.0364016505	0.0881741578	0.0671763567	0.0390376054	0.2179347184	-0.0362540638	-0.0563946969	0.1741366301	0.0073619587	0.1227037927	0.0149406883	-0.0604663162	0.0557924459	0.1071422244	0.0457447842	-0.0602508031	-0.112540095	0.0396531326	0.0476420306	0.0420397309	0.0129482052	0.0414260584	0.0239905905	0.0698997347	-0.0275984994	0.0217107044	0.0897205036	-0.1446859193	-0.0421172513	0.0934012418	0.0139199054	-0.0684687463	-0.0024685635	0.0453539689	0.0355436617	-0.0730942272	-0.0282627826	0.054594539	-0.0393413566	0.0358214498	0.0690137727	0.0558494234	0.0289601607	0.1657428057	0.0999472416	-0.0355126919	-0.187126462	0.0527533092	-0.1194391857	0.0228508692	-0.0509311715	-0.0176212287	-0.0653310767	0.0310252128	-0.1141147717	0.0644338797	0.1359894226	0.0783903075	-0.0226525233	0.0423998564	-0.0035162707	-0.0019707639	-0.0725448571	0.0300244499	-0.0788752592	-0.0762111924	-0.0686707796	0.0676353214	-0.0598798	0.0612032053	-0.0020567095	-0.0168588997	0.0901146737	-0.1015476893	0.0734687156	-0.1833028554	0.0086794108	0.1185749245	-0.0975036555	-0.0244188902	-0.0162295134	0.078866481	0.0612940654	-0.0707207213	0.0904848568	-0.0947446944	-0.1290357457	-0.0091756866	0.0262829778	0.0631178655	0.0442385466	0.0250944915	0.0044184994	0.1089162049	0.0889257484	0.0582806721	0.0	-0.0210192663231367	-8.483900131698446e-06	0.0004418095567629	7.19765614446329e-11	0.0812782695058018	0.0099666771103699	9.933465262237131e-05	0.0066061570938577	0.0010176236901173	-4.067657867070002e-05	1.0355579746879503e-06	1.654584052353648e-09	-0.0007530155319385	-0.000257015562425	5.67032391340622e-07	6.605699932869045e-08	0.0002229477620716	-3.805208148439999e-05	4.9705704612734773e-08	1.4479609052954164e-09	0.0001380842270237	0.0001380194779417	1.9067253752732725e-08	1.9049376291300866e-08	0.0	0.0
560.2180475770613	0.1141072887126029	0.0130204733373413	313844.2608310545	746.2139478122486	-0.7292476205265075	0.5318020920435731	556835.2559095414	538.19551797277	1.1064157447660818	289654.4155659781	1.2241558002662836	583.247891209643	503.9102500171196	1.047257	18.188265	0.1184512275784345	0.0655861722423972	-0.0486338741	-0.054194342	0.0690559103	0.012420794	0.0012667269	-0.0882910413	0.0829544345	-0.0699274194	-0.0265589046	-0.0323130446	-0.0276698375	-0.0784574248	0.0173787636	0.0303660143	0.0827665288	0.0206154155	-0.0143290143	-0.0790133607	-0.0066184206	-0.0368400919	-0.163899515	-0.0424275061	0.1447739609	0.0802419094	0.0574470089	-0.1562661345	-0.0312206083	-0.1360918212	0.0723751934	0.0409003235	0.0248541952	0.0762554336	0.0119956681	-0.0669113069	0.0291071499	0.0765681233	0.0005709847	-0.0300849734	0.0810999349	0.1481396353	-0.0434666801	0.1263214392	-0.0148768656	-0.1548603877	-0.0630532127	-0.0733826231	0.0707492438	0.0717964399	-0.0114930207	-0.005412755	0.0564629787	-0.0242609067	-0.0391757847	0.0404196784	0.0078701831	0.0037550665	0.0237416322	-0.0351451974	-0.1215320836	-0.0502923748	-0.2426284089	0.0126377218	-0.0388061414	0.0385266092	-0.0340028414	-0.0229339003	0.0289418688	-0.0864551318	-0.1644271962	0.0388565356	0.0499231088	-0.1899872184	-0.0504965174	0.0112289216	0.0799640594	0.0121458511	-0.0097100757	0.0382189165	0.0561971637	-0.0045135552	0.0098687994	0.1159858091	-0.0934205672	-0.0357453659	-0.0451448143	0.0160772352	0.0031217307	0.0190342713	-0.0298331645	0.0086598493	-0.0381240008	0.0189268074	0.0191614083	-0.0566798634	-0.0250281649	0.1465686749	-0.0455722761	-0.0046344269	-0.0779060357	0.0164745409	-0.0134487633	0.0420442844	-0.1605638238	0.0052697797	0.0751649938	0.0311328708	-0.2310186335	-0.0060266997	0.0272430652	0.046843472	-0.0984353596	0.1080592651	0.085716014	0.0518347133	0.0	-0.0084697535141913	0.0125495128089453	7.173672459115588e-05	0.0001574902717418	0.0667695697846539	-0.0145086997211479	0.0002105023675984	0.0044581754492277	0.0187689284129319	0.0177513047228146	0.0003522726737697	0.0003151088193622	0.0004259999874936	0.0011790155194321	1.8147598934454737e-07	1.3900775950617449e-06	4.436942546703904e-08	-0.0002229033926461	1.968645916275133e-15	4.968592245315612e-08	0.000208999521456	7.09152944323e-05	4.368079996883701e-08	5.0289789844198e-09	0.0	0.0
559.7994935546258	-0.4185540224355009	0.1751874696969377	313375.4729840155	747.4425336949965	1.2285858827478933	1.50942327128742	558670.341176396	537.9242151405916	-0.2713028321783213	289362.4612346215	0.0736052267479783	582.8222737458818	506.8483441763777	1.102306	19.144331	0.0281727144602113	0.0143181759930347	-0.0341128825	-0.0694155315	-0.0565801217	-0.0266542409	-0.1163232758	-0.0700205114	-0.0039369868	0.1445425659	0.0099815373	0.0231106992	-0.0186862412	0.0795575727	-0.0326091998	0.0907584518	0.1650258505	0.0179824001	0.0219951443	-0.0099694725	0.0314446754	0.0497324235	0.1191288477	-0.0230919521	-0.1149903777	0.0295602632	0.0145378551	0.0710598808	-0.0879359933	0.054988419	-0.075078163	-0.1084376679	0.0118221264	-0.0325201423	-0.1430230276	-0.0184806849	0.0073837015	0.0179746446	0.1517931282	-0.0186482595	0.1050015945	0.2044496009	0.01126815	-0.0128024483	0.0625533789	0.0483349062	0.0212642518	0.0215983654	0.0198190906	0.0040116722	-0.0375094433	-0.1348768445	-0.0516464185	-0.0882689697	-0.1007076424	-0.1087406352	-0.0296335103	-0.0262722991	-0.001741285	0.0142404282	0.0796663906	0.1921802787	0.1530479176	0.1360574457	0.0025708164	0.00191276	0.0299617539	0.0096605056	0.1184211477	0.0290349381	-0.1043595536	0.1060545557	0.0219527521	-0.1940348129	0.1173283646	-0.0097705683	0.0585221503	-0.0149038229	-0.0082256228	0.0334556167	0.0021962146	0.0485701164	-0.0091679764	0.168065776	-0.0750330245	0.0023945202	-0.0178359237	-0.0231961515	-0.1048037903	0.0220162079	0.1322027766	-0.0036841632	-0.0220228791	0.0261570011	0.0222535234	-0.0724020485	-0.03562773	0.177053939	-0.0813478457	0.10442236	-0.0828737992	0.1082841073	0.0870176446	-0.14315912	0.1233932403	0.1754156743	0.0513798662	-0.0410122448	-0.1856472408	-0.0324680689	0.0550418644	-0.0387871039	-0.0547246042	0.1071542885	0.0823538796	0.0451814325	0.0	-0.0071605379516626	0.0013092155625287	5.1273303757200425e-05	1.7140453891673418e-06	0.0685287192221437	0.0017591494374897	3.0946067434206653e-06	0.0046961853582274	0.0279231538074355	0.0091542253945035	0.0007797025185536	8.379984257337456e-05	0.0006759998930509	0.0002499999055573	4.569758554048282e-07	6.249995277865892e-08	4.7307095352167046e-08	2.937669885128002e-09	2.237961270659025e-15	8.629904353987973e-18	0.0001399998833694	-6.89996380866e-05	1.9599967343445605e-08	4.760950056081782e-09	0.0	0.0
559.1649477662635	-0.6345457883622885	0.4026483575283182	312665.43881044816	744.075545165118	-3.36698852987854	11.336611760333652	553648.4169127676	537.2334419464969	-0.6907731940947315	288619.77114568005	0.4771676056798375	582.7928058408769	507.9875365280524	1.142064	19.834839	0.0830487328979043	0.0519128032685237	-0.0437400089	-0.0558491985	0.0331624425	0.057133271	0.0724457599	-0.0099926487	0.0796190489	-0.0274218675	0.1139920063	-0.1061147666	0.0041422627	-0.0908930783	-0.0956177738	0.0392958684	-0.1164571452	0.0194698117	-0.0002345834	0.1488139066	-0.0189282996	-0.0912854852	0.0215502028	0.0694789243	0.0015239426	-0.1267558094	0.000272621	-0.0963293806	-0.0783460282	-0.0244931484	0.0107298646	0.0105352955	-0.0028006529	-0.0783507836	-0.0912092761	-0.0312879026	0.1454985561	0.1629120479	0.1297416248	0.0406724018	0.1781844261	0.0754882793	0.050697401	-0.0050741553	-0.0713285543	0.016304479	-0.04411931	0.0361812552	-0.0204099632	0.1871642963	0.172240161	-0.0678105621	0.0920654679	-0.1278628183	0.0245873826	0.0263105625	-0.0151986074	0.0089781142	-0.0518535538	0.0159860861	0.1807347336	-0.1836385979	-0.0173171158	0.0290372763	0.0097172762	0.0468352816	-0.1107869602	-0.0071809556	0.0669701197	-0.0677106133	-0.1539138471	-0.1203390932	0.0027472081	-0.2594423018	0.0411689026	0.0775798624	-0.0085104357	0.0548116387	0.0124223397	-0.0276163615	-0.0161818701	0.1196438232	-0.0368290029	-0.1303501897	-0.0290544907	0.0308045179	-0.1064860614	-0.1580514415	-0.1024304937	0.0275782075	-0.0462918422	0.0660922987	-0.0172835169	-0.0111021186	0.0568090859	-0.0254637232	-0.0184930098	0.0727494217	-0.0103033572	-0.0054297438	-0.139911627	0.0757130631	-0.0352355524	-0.0527484237	-0.148325164	-0.1563146241	0.05296216	-0.1376400394	-0.0694151448	-0.0600629188	0.0628896119	-0.0151609198	-0.0547899402	0.1062016776	0.0788453231	0.0383474405	0.0	-0.0150250278359465	-0.0078644898842838	0.0002257514614709	6.185020114000377e-05	0.0197319497653154	-0.0487967694568282	0.0023811247094228	0.0003893498415409	0.0109875757315407	-0.0169355780758947	0.0001207268204563	0.0002868138047647	0.0006089915172499	-6.700837580099993e-05	3.7087066808233533e-07	4.490122427488033e-09	0.0001170410246742	0.0001169937175788	1.3698601456786693e-08	1.3687529952919208e-08	0.0001349640671313	-5.0358162381e-06	1.8215299416622056e-08	2.5359445183911634e-11	0.0	0.0
558.6126092863653	-0.5523384798981397	0.3050777963761876	312048.04725372145	741.21923011331	-2.8563150518079965	8.158535675184918	549405.947089768	537.6173822793615	0.383940332864654	289032.4497289132	0.1474101792002213	582.063247865917	502.20347564201046	1.020447	17.722654	0.1184841358317354	0.0658672129220546	-0.1086003733	-0.0278890219	0.0132639158	0.0096317952	-0.0783370989	0.009868204	0.1636531874	0.1178290825	0.0023780535	0.0454070546	0.0747853641	0.0966604845	-0.0995837248	0.039343181	-0.0136885461	-0.0961780678	-0.0646380901	-0.0106987258	0.0271135079	0.0486446745	-0.0635576993	-0.057818356	-0.0638586583	0.0912019231	0.0932012767	-0.0800604358	-0.0618595593	-0.0487749885	0.1641365626	-0.0671149498	0.0955741514	-0.0839011937	-0.0456600424	-0.1402319582	0.1224287746	0.0548524045	-0.0586436505	-0.0529878864	-0.0070056853	-0.0263949992	-0.1259874004	-0.0831150723	0.1747995052	0.0958754634	-0.0720788358	0.0888774375	-0.1218578045	0.0191158264	0.029985202	0.0431609812	0.0171413116	0.0973359506	0.0679071085	-0.099099968	0.1047595472	-0.0415785151	0.0265309331	0.0464404166	-0.0181980279	0.063444919	-0.1318634652	-0.0321877363	-0.0309940244	0.0339130396	0.0386548812	-0.0256129442	0.0245378502	-0.1213864673	-0.0475132246	0.0667254999	-0.0304439572	-0.1698053102	0.0649961429	0.1707568784	-0.0752848218	-0.0417156488	-0.0244842898	0.0473924427	0.0011010652	-0.0429542739	-0.0409667237	0.0038527457	0.0324767833	0.0838957549	-0.147934855	0.1966611371	-0.0889462411	0.0057458645	0.0470496958	-0.0112584093	-0.0417920097	0.1280352874	0.0330202884	-0.0180674311	0.0117657294	0.1898114787	0.0211803374	-0.0687371617	-0.091771928	-0.0424674148	0.0767369447	-0.0173860114	-0.084803091	-0.026399914	0.0845828076	0.0093930877	-0.2484656908	-0.1258648153	0.0717264419	-0.0897000982	-0.0078403417	0.1052018558	0.0751965824	0.0313600711	0.0	-0.0022716118234029	0.0127534160125436	5.160220276223848e-06	0.000162649619989	0.0748114474211973	0.0550794976558819	0.0030337510620243	0.0055967526652545	0.0358389370625999	0.0248513613310591	0.0012844294097769	0.0006175901600068	0.0004179994768995	-0.0001909920403504	1.747235626882556e-07	3.6477959477208854e-08	7.169685578567454e-08	-0.0001169693278184	5.140439129551813e-15	1.3681823650291676e-08	0.0003429999156075	0.0002080358484762	1.1764894210675213e-07	4.327891425121244e-08	0.0	0.0
558.5658466301832	-0.0467626561821816	0.0021867460132129	311995.8050216933	741.8630014531752	0.643771339865225	0.4144415380318669	550360.7129251139	536.6985075004608	-0.918874778900772	288045.28795322217	0.8443308592999428	580.7621052442386	499.4437893751191	1.029621	17.881977	0.0916523657225751	0.0430871679536066	-0.1101213944	-0.0730579055	0.0067178326	0.0012036688	0.0598078564	0.0029051561	0.1284651772	0.0299189627	-0.0355320768	-0.0128144478	0.0024695323	0.0771852725	0.2278831269	0.1022534737	-0.0205330317	-0.0621923475	-0.09201578	0.0478238404	0.0158049173	-0.1673619491	-0.0489848657	0.1327455596	-0.0580332779	0.2096457868	-0.1691043295	0.0518705595	0.1860146394	0.1163618161	-0.1241194039	-0.1832770452	0.0512265712	-0.0558321739	-0.0937519158	-0.0722207643	0.0160349791	-0.1166374134	0.1598337831	-0.0607033612	-0.1208102124	0.0074970917	-0.0904833164	0.019734206	-0.0437234454	-0.073885452	0.115296025	-0.0304747691	0.104294048	-0.0286469561	0.0169869904	-0.0356485856	0.0098183442	-0.1239520169	0.076883175	-0.0145096188	0.1026499743	-0.0702587096	-0.1515614331	0.0804036173	-0.1413841699	0.0296814019	0.2048004438	0.0493592079	0.0323394371	-0.0114013734	-0.0402480496	0.1621219581	-0.0324123606	-0.169770272	-0.0555785674	-0.1039892184	0.1394891759	-0.0546550607	0.2191720527	0.1139357808	0.1168269372	-0.0686821142	0.0249064642	0.013497133	-0.0263673696	-0.0063578291	-0.0009533477	0.0053049089	-0.0747547141	-0.0795759313	-0.036098094	0.1780003468	-0.1706378797	0.0103360772	-0.0086386821	0.085729106	-0.0050946776	-0.084333389	0.0815509866	-0.0349192307	-0.0026369159	0.14049717	-0.0057614182	0.0407524091	-0.1705912705	0.0340685998	-0.0177661114	-0.058679678	0.0733806397	0.1113492941	0.06521601	-0.0578395753	-0.075083882	-0.0954809222	0.052173239	0.0511796732	0.0716632683	0.1041552675	0.071414145	0.0242472716	0.0	-0.0209575094176699	-0.018685897594267	0.0004392172009917	0.0003491627689034	0.0478035742188467	-0.0270078732023506	0.0007294252149142	0.0022851817080967	0.0206841171944631	-0.0151548198681367	0.0004278327041142	0.0002296685652356	0.0005889376907759	0.0001709382138764	3.468476036164496e-07	2.921987296325388e-08	0.0004070893124772	0.0004070176156214	1.657217083331594e-07	1.656633394261414e-07	0.0003048802439489	-3.811967165860003e-05	9.295196315034077e-08	1.453109367359474e-09	0.0	0.0
559.8922089019661	1.3263622717829548	1.759236876009241	313479.28558912285	742.2160824943991	0.3530810412238452	0.1246662216717146	550884.7131133326	537.6004927608383	0.9019852603775008	289014.28981669614	0.8135774099382678	581.7402191029786	506.8506791959933	1.088998	18.913208	0.1884090533028323	0.1006900646269351	-0.0987574781	0.0566647305	0.1071762555	-0.0591288959	-0.0378248736	0.167780363	0.1169212481	0.0356811019	0.0295944262	0.0490233683	-0.1170945235	0.0782452093	-0.0275977567	-0.0239501259	-0.203288193	0.0076016732	-0.005006297	0.056810039	-0.1161543695	-0.1372696713	0.0897432077	0.1181743048	-0.0238652821	-0.0104249167	0.0587976446	0.048890267	-0.1433933858	0.0864562004	0.136652153	-0.0045161557	-0.0120631426	0.1098520616	0.1187392406	-0.0876950215	0.1226899981	-0.1658173239	0.0406254328	-0.0595584744	-0.1554297921	0.0930217148	-0.1542894443	0.0294759751	-0.1126035254	0.0885043383	-0.0049258937	-0.1699593185	-0.0121302112	0.0481128447	-0.1454428375	0.0571848909	-0.021592515	0.0467799558	0.1144564701	0.0743238804	0.1191997948	-0.0415673898	-0.10245172	-0.0621860306	0.1670092864	-0.0347285342	0.0750614269	-0.1073313399	0.0056650369	-0.0262621084	0.0035814667	0.0673150972	-0.2047202839	-0.1035176671	-0.0248008259	-0.0059095596	-0.2085270538	-0.0450670485	-0.0366193512	0.0314267974	-0.0118894206	-0.1857283948	-0.0578479446	0.0908367018	-0.1009144477	-0.0667135044	0.037155758	0.0873993752	0.0117602269	-0.1892542851	0.0544893877	-0.0199266776	-0.0055782532	-0.0009151879	-0.1169704176	-0.0660840741	-0.0478472101	0.0347235771	0.1785499662	0.0065938826	-0.0066075562	0.0265556708	-0.0295243383	-0.0975754179	-0.030721509	-0.0614019839	0.0315045607	-0.1190350612	-0.0146746852	-0.1057509255	-0.0796461701	-0.0188093891	0.0185325574	-0.0486094703	0.1451172417	-0.0820026647	0.1468905352	0.103062378	0.0675047358	0.0170374908	0.0	-0.0210192945896636	-6.178517199369876e-05	0.000441810745047	3.817407478290938e-09	0.1123112809751631	0.0645077067563164	0.0041612442309589	0.012613823834282	-0.017565150309629	-0.0382492675040921	0.0003085345053998	0.0014630064645995	-0.0007010002815454	-0.0012899379723213	4.914013947267301e-07	1.663939972436387e-06	0.0002900001113768	-0.0001170892011004	8.41000645985564e-08	1.3709881014329918e-08	1.0153996199727905e-07	-0.0003047787039869	1.0310363882408877e-14	9.289005840393604e-08	0.0	0.0
560.2414253938559	0.3492164918898197	0.1219521582078325	313870.45472733944	744.7715352675494	2.555452773150364	6.530338875801886	554684.6397447826	537.5766119286717	-0.0238808321665828	288988.6136927097	0.0005702941449684	582.5742365456194	513.5408078201418	1.308498	22.725374	0.1021146628547828	0.0555183502669963	-0.0179719269	0.0047195757	-0.2194885306	0.0954744838	0.0577592572	0.1180095977	0.0070912149	0.0378007652	0.054965031	-0.1773277031	0.1476503829	0.090526466	0.0720879991	-0.0321218748	-0.182819826	-0.0761890463	-0.047307257	-0.0476521595	0.1409041375	0.0056487814	0.0206127975	0.002870161	0.0408197121	0.0669185706	-0.1306607848	-0.0195795671	-0.1156590655	-0.0588487012	-0.0309609491	0.0419719845	0.0645664996	0.0543960344	0.1201294704	-0.030936715	0.0220038171	0.0810689068	-0.0341053872	0.0351457197	0.0517182408	0.0433780118	0.0670154264	-0.0335999885	0.0984339165	0.1024837044	0.0139421341	0.1123817203	0.0601460273	0.0764171308	-0.1364329053	0.0158521751	0.1206020994	0.0398685643	0.1179389961	-0.1062715084	-0.0474203641	0.0090261843	-0.0712748886	0.0906620394	-0.0788297353	-0.1059503354	-0.0561409352	-0.1638838468	-0.0621570161	0.0966094358	0.0387356963	0.1406845362	-0.0846517069	-0.1402899997	-0.0128968845	0.0561161458	0.0040965174	0.0766663873	-0.1074058932	0.0242178011	0.0405080547	0.0626452532	-0.1708440684	-0.0430947073	-0.0227083299	-0.05677694	0.097071061	0.154037666	0.0897386861	0.121446989	0.0041530526	0.0244091393	-0.121770839	0.0067786559	0.1732441297	0.0155678679	0.043287079	-0.0221061424	0.131634022	0.0461102062	-0.0354916364	-0.0648587881	0.0562694699	-0.122747229	-0.0589240135	-0.0460645486	-0.041522531	0.0596680862	-0.2170748541	0.0203777642	0.0319345998	-0.0583562748	-0.065676699	-0.0226337469	-0.0042825437	0.0956136277	-0.002932932	0.1019236731	0.0634753057	0.0097595656	0.0	-0.0208908818878512	0.0001284127018124	0.0004364289460521	1.648982198676067e-08	0.0691047737717127	-0.0432065072034504	0.0018668022647218	0.0047754697580395	-0.0074764564547891	0.0100886938548399	5.58974011203576e-05	0.0001017817436966	-0.0002760874225941	0.0004249128589512	7.622426491465316e-08	1.8055093770216733e-07	0.0004539469186239	0.0001639468072471	2.060678049281337e-07	2.6878555606517762e-08	0.0003850628556572	0.0003849613156952	1.4827340280687765e-07	1.4819521458178158e-07	0.0	0.0
560.715054005076	0.4736286112200787	0.2243240613662604	314401.3717879153	746.2207195281983	1.449184260648849	2.100135021312351	556845.362253182	537.4634917845209	-0.1131201441507983	288867.00500120973	0.0127961670126973	581.406498590475	515.2176268352725	1.324111	22.996538	0.078254924491616	0.0419738637469709	0.0439877457	0.040531239	0.0997905799	-0.0172875899	-0.0447324833	0.1938593424	0.0042486155	-0.0843758417	0.0054159267	0.1286050209	-0.0405518887	0.1341397121	0.2095547806	0.0543813301	-0.188916533	-0.1464497636	0.0107866354	0.0107152044	-0.0295548727	-0.099595439	0.042771684	0.1833119562	-0.1363845903	0.1198020542	-0.136845725	0.0691295449	0.0495203274	0.0520806363	-0.0618940313	-0.1320704799	0.0297391048	0.0516610759	0.0896088018	-0.0720664174	-0.1561204306	0.0361636638	0.0470123513	0.0522140414	-0.0484229686	0.037000814	-0.0427749154	-0.0789403333	0.0691941028	0.0793037579	-0.0362460179	0.070074219	-0.0417119391	-0.0028545105	0.1142776608	0.0105728142	-0.0029593282	0.0717512419	-0.0046752521	0.1305011193	0.0545734822	-0.0081470312	-0.1305643185	0.005254569	-0.0760103055	0.1235750061	0.2225247958	-0.1122430277	-0.0753598063	0.0118647661	0.0639611885	0.132836597	-0.0240672619	-0.045557695	0.0967200857	-0.0471351946	-0.0195228926	0.098261754	0.1501832767	0.1135798624	0.0327234787	0.0686450884	-0.061408584	-0.0962051737	0.0521944658	0.0067749817	-0.0189747283	0.0795405854	-0.0388180554	0.0459197228	0.193449573	0.0041237907	-0.0654873524	-0.0107808394	-0.1398921642	0.0441112968	0.0102840869	0.0147805262	0.1625874348	0.0097591134	-0.0718615985	-0.0392594355	-0.0330341313	0.1360603901	-0.0160862946	-0.059784846	0.0716442326	-0.0605857139	0.081237984	0.1922992465	-0.030000061	0.0087186104	0.01684073	-0.1429127098	0.0778005826	-0.0214717145	0.1310067746	0.100739659	0.0593330188	0.0024426053	0.0	-0.0100996180744488	0.0107912638134023	0.0001020022852497	0.0001164513746904	0.0415796911889998	-0.0275250825827129	0.0007576301711851	0.0017288707193725	-0.0363626613056098	-0.0288862048508206	0.0013222431372264	0.0008344128306835	-0.0002570507145431	1.903670805099999e-05	6.60750698471183e-08	3.6239625341900786e-10	0.0003149586835358	-0.000138988235088	9.919897233460422e-08	1.9317729492904944e-08	0.0003220403339027	-6.302252175450005e-05	1.037099766601625e-07	3.971838248296431e-09	0.0	0.0
561.402122623867	0.6870686187909314	0.4720632869272782	315172.3432865833	745.7046920776368	-0.5160274505615234	0.2662843297330255	556075.487786603	538.1809394254263	0.7174476409054478	289638.7235608344	0.5147311174407924	583.610719595721	522.6908871782505	1.104589	19.183983	0.1374918134002977	0.1118975426015846	0.0563920375	0.1254938354	-0.0384377898	0.072628883	-0.0329902723	0.1785329841	0.0171222509	-0.0440650295	-0.0111782692	-0.0497357234	0.03381441	0.1135193447	-0.1083344423	-0.0474072886	-0.3197779644	0.0572024927	0.0791497756	0.073919222	-0.0082228791	0.0365712053	0.0084390831	0.0491899764	-0.0747907685	-0.0287107271	-0.0279443162	0.0278941423	-0.0613870352	-0.0390383717	0.1037314474	0.0302610275	-0.1276343499	-0.0685203128	0.0115848898	-0.0633787885	-0.017437836	0.0456882692	0.0365385737	-0.0694320294	-0.0326361954	-0.0779401589	0.093753006	-0.0114543054	-0.1527725592	0.1596735582	0.106938267	-0.0807541535	-0.006994754	-0.022869247	-0.0606724153	-0.0815151636	-0.0074079736	-0.0326645603	0.009193671	0.0042611599	-0.0007156419	-0.0654411836	0.0645736732	0.0653345035	0.1317396767	-0.0315395561	0.0046446876	-0.1391530438	-0.0836805595	0.0396824329	0.0074744334	0.0953724231	-0.0894750044	-0.0526317012	0.0728874947	-0.0992370399	-0.0691343429	-0.0041506845	-0.0409542425	-0.0678470912	-0.081749406	-0.0174480433	-0.1485250871	0.0147459276	0.0952005537	0.1377339104	0.0040760252	-0.063667737	0.0640424119	0.0178164984	0.0567495529	0.0568136634	-0.0752077811	-0.0331188803	0.0323734646	-0.1203660173	-0.0295644095	0.0981609771	0.2036740219	0.0757866669	-0.0458948485	-0.120283492	-0.0532468708	-0.0763612477	-0.0509870811	-0.0443490772	0.0371018605	-0.0929204833	-0.1592815933	-0.0482899832	0.0160475375	-0.0469208509	0.0912073328	0.0373781542	0.0431197566	-0.0479684049	0.0627922372	0.0995108621	0.05508524	-0.0048841247	0.0	-0.0076661696412401	0.0024334484332087	5.877015696827136e-05	5.921671277085882e-06	0.1497428784010566	0.1081631872120568	0.0116992750678704	0.0224229296318336	-0.0336616845339676	0.0027009767716422	0.0011331090056643	7.295275520950733e-06	-0.0005975532607969	-0.0003405025462538	3.57069899489008e-07	1.1594198400532123e-07	0.0004024204516972	8.746176816139999e-05	1.619422199441785e-07	7.649560889918481e-09	0.0002661206286501	-5.59197052526e-05	7.082018899312441e-08	3.12701343553766e-09	0.0	0.0
561.1213798057905	-0.2807428180764191	0.0788165299014893	314857.2028751542	747.8190443599925	2.114352282355753	4.470485573902983	559233.3231074924	538.4810898562512	0.3001504308248286	289961.88413277606	0.0900902811243302	583.2892909905364	517.6823989247888	1.03154	17.915308	0.160420727793917	0.1216876896070957	0.0465395481	0.0105455371	-0.1003646012	-0.0162119057	-0.0267659035	0.1491791959	-0.0319758107	-0.0295285271	-0.0010607647	-0.0716069062	0.0486071622	0.0770136556	0.1580333222	0.0517846162	-0.2007094355	0.0497251779	-0.0446485884	-0.1240642394	0.0771202992	-0.1098510216	-0.1767616019	0.0037876616	-0.046597833	0.0537281513	-0.0127435162	0.082962668	-0.1366752252	-0.1207526103	-0.0318641807	0.0471014079	0.040153988	0.0312970942	0.0293614327	-0.0418646025	-0.0581436483	0.0729896185	0.0862870378	-0.138965329	-0.0133463657	-0.1056154014	0.0987599842	-0.0478243638	-0.1161242168	0.0907283347	-0.0734857141	0.0713917799	-0.0302349739	0.1207707171	0.1573254095	0.0767813127	-0.0343516264	0.193724423	0.0499141953	-0.0247804342	-0.061260149	0.0449474749	-0.0862130436	0.0385222191	-0.1659232943	-0.0618263571	-0.0070289742	-0.1292238674	-0.2009671213	0.0189016623	0.0161636816	-0.0166748274	-0.0178362856	-0.0745612127	0.1266234323	-0.0346326226	-0.0738848672	-0.0907895126	-0.0955825763	-0.0326521671	0.0692708098	0.0972877315	-0.2054146904	-0.0463475777	-0.0318035502	0.0820548881	0.0440687003	0.094974587	0.1230552239	-0.0610985032	-0.0277696331	0.0324498495	0.0389430124	-0.0197913168	0.0145199014	0.1139931087	0.0494565533	-0.0540417864	0.1779480023	0.0861959089	-0.0814417889	-0.0809546065	0.0175234549	0.0165877152	-0.0424179363	-0.0819191019	0.0326840706	0.032817234	-0.110881385	0.0765269135	0.0845358906	0.1108936604	-0.053195674	-0.0312562563	0.0863068578	0.0326324327	-0.0096500969	0.0982378286	0.0507395216	-0.0121913197	0.0	-0.0113916011697625	-0.0037254315285224	0.0001297685772109	1.387884007370875e-05	0.0332450626772669	-0.1164978157237897	0.013571741068414	0.0011052341924154	-0.0390507098807475	-0.0053890253467799	0.0015249579421903	2.9041594188236244e-05	-0.0001700299280771	0.0004275233327198	2.8910176441903797e-08	1.8277620001984485e-07	0.0005199899974819	0.0001175695457847	2.703895974812264e-07	1.3822598096020676e-08	0.0001150444032581	-0.0001510762253919	1.3235214721012331e-08	2.2824025878694375e-08	0.0	0.0
561.6497309993794	0.5283511935888328	0.2791549837667442	315450.4203316752	748.4786062801586	0.6595619201660838	0.4350219265331715	560220.2240590886	538.3753910294498	-0.1056988268013583	289848.061666113	0.0111722419871835	583.113982422737	515.9458886216327	1.058226	18.378782	0.131905786423055	0.0841210254657433	0.0145391601	0.0629109704	0.1057176753	0.0030437136	-0.0281633895	0.199722746	-0.0541768921	-0.0166990022	-0.0657761435	0.1561925797	-0.024689562	0.065865479	0.0161431749	-0.0351414048	-0.0971658419	0.0263881983	-0.0309086171	-0.0184915855	-0.0964574978	-0.0913266153	-0.0960990783	0.00525508	-0.1803519872	0.0867745743	0.0757609125	0.0166750105	-0.0843857883	-0.056000066	0.0521625263	-0.0110119215	-0.0775783658	0.0926563127	-0.0380226473	0.1299684116	0.028992993	-0.0020177019	-0.060689812	0.0166827851	0.1206873069	0.0453992964	-0.1379143538	-0.0619431381	0.0153802003	-0.0020102535	-0.0170795318	-0.0393567519	-0.0545082176	-0.0216758639	-0.0556120971	-0.0801523253	0.034931271	0.1052904927	0.0763694467	0.0650912584	0.0704049752	0.0476858507	-0.0092525295	-0.0307977274	0.0341540051	0.0787672211	0.1232705737	-0.0947788162	-0.1869420691	0.042572964	0.0191882578	-0.0130823296	0.0221703356	0.0568248007	0.0903021489	0.2049755368	-0.099362466	-0.1085423074	-0.0263810627	-0.1304152604	0.0251328003	-0.0308388888	-0.0378482658	0.0173961428	0.0627413078	-0.0350403778	0.1498944884	-0.0769230404	-0.0020469409	-0.0788782461	-0.0503242028	-0.0260084905	-0.0054433238	-0.0348200326	-0.1157087944	-0.0376552798	-0.0225241302	0.0665670769	0.1964445804	0.0546415703	-0.0301910967	-0.0775976738	0.0017631954	-0.0131824832	-0.0070000344	0.0317232914	0.0604925033	-0.1060362936	0.0879044141	0.0319178103	-0.0602323091	0.0416771121	-0.1064084939	0.0914754315	0.0618579545	0.0178217476	-0.0374068265	0.0969211244	0.0463035902	-0.0194497534	0.0	-0.0058229533147766	0.0055686478549859	3.39067853060678e-05	3.1009838932839065e-05	0.1067493914277832	0.0735043287505163	0.0054028863450639	0.011395432570202	-0.0398685406515753	-0.0008178307708278	0.0015895005336863	6.688471697127983e-07	-0.0007230845295296	-0.0005530546014525	5.22851236845043e-07	3.058693921877836e-07	0.0003728354676413	-0.0001471545298406	1.3900628593130684e-07	2.1654455652608045e-08	0.0004551348528995	0.0003400904496414	2.071477343238495e-07	1.1566151393728966e-07	0.0	0.0
561.2829938019245	-0.3667371974548814	0.1344961719970606	315038.5991312512	746.5729761460249	-1.9056301341337305	3.6314262081185382	557371.208711533	537.9765168461934	-0.3988741832564528	289418.7326779626	0.1591006140685023	583.9169536284342	518.6138247482176	1.13116	19.645456	0.0385497882531689	0.0242372712376479	0.0126359012	-0.0040267874	-0.1429529086	0.1412724845	-0.0463944463	0.1503300364	-0.012479659	-0.0017182954	0.0685852129	-0.1196939397	0.0596935508	0.0181637696	-0.2138874344	0.0202981556	-0.1356388937	0.0825627707	0.0182011332	0.0557592493	0.127149457	0.0633455182	0.0234161353	0.0642359156	-0.004170691	-0.0904076525	-0.1080138057	-0.0861540659	-0.065340474	-0.0178121933	0.0675024414	0.056793752	0.0380724869	-0.0816232159	-0.0144266735	-0.0805480018	0.1015081525	-0.0446261455	-0.0186634741	-0.033244593	0.1246370577	-0.1080821042	-0.0082126639	0.0645406386	-0.0305718023	0.0133458785	-0.0711055479	-0.1342739907	-0.1514894846	0.0176450377	0.0997116056	-0.0019765172	0.0958483863	-0.0529918618	0.0468584601	-0.0882831413	-0.1010471482	-0.0452754602	0.027075239	0.0791762419	0.1347403409	-0.0956884559	0.0024088812	-0.1112840225	-0.0831054417	0.0634193057	-0.049823943	0.0752706652	-0.017030782	-0.0370145463	0.1618805148	-0.0601386427	-0.0253521941	-0.008089489	0.0323078245	-0.0226833043	0.0342847437	0.0285816638	0.1381187173	0.0626659631	-0.0290515923	0.1151668172	0.0241823803	-0.1026545076	0.1058634436	-0.0666881002	0.0013749041	-0.0044924117	-0.003379681	-0.0238525008	0.1400790294	-0.0626635785	0.0459375137	0.0373201982	0.1933047733	0.0973187442	-0.0481578428	-0.1006132778	-0.0476417001	-0.0524827462	-0.0373661846	-0.0131784853	-0.019616448	-0.0657050491	-0.0560682282	-0.0955375895	0.0969699265	-0.0487123648	0.1658017082	-0.0272006136	-0.0643268178	0.0109254489	0.0151060734	0.0955613349	0.0417853327	-0.0266303944	0.0	-0.0110281086846413	-0.0052051553698647	0.0001216191811602	2.7093642424431323e-05	0.1025283421857494	-0.0042210492420338	1.781725670367412e-05	0.0105120609513581	-0.0212408705605398	0.0186276700910355	0.0004511745821696	0.0003469900930204	-0.0009170875093869	-0.0001940029798572	8.410494998734673e-07	3.763715619351194e-08	0.0003857927478234	1.295728018209998e-05	1.488360442731295e-07	1.6789110971744082e-10	0.0004521768419342	-2.958010965299965e-06	2.044638963815865e-07	8.749828870834832e-12	0.0	0.0
559.6721342939916	-1.610859507932901	2.594868354297827	313232.89790519176	744.2975821102367	-2.2753940357881675	5.177418018100364	553978.8907351445	537.8758782076549	-0.1006386385384985	289310.46035765595	0.0101281355668825	582.2640480328835	506.2613378013053	1.142152	19.836361	0.1272818619453562	0.0817840460374067	-0.0808442167	-0.0466426998	0.0532239555	0.0355974805	-0.0523412726	0.1287618601	0.0659787194	-0.0699780869	0.0485306579	0.0455205714	-0.0071143662	-0.013376	0.1137960149	0.0910719225	-0.0025168943	0.0344727568	-0.0830369934	-0.076916633	-0.0216441635	-0.0488394177	-0.1171335719	0.0421036596	0.0464250974	0.0196107947	0.0652899741	-0.1405137378	-0.0377155585	-0.1267362813	-0.0978025714	-0.0301909582	0.0558162361	0.1103892978	0.1197925507	-0.0378773459	-0.0840113109	0.0287916889	-0.1723169514	0.0619521469	0.1048860248	-0.1044629198	-0.0003629369	-0.1348647829	-0.0143553457	0.0110927297	0.1031198262	-0.1568711023	-0.0048761115	-0.0151777204	-0.0565334626	-0.1560551755	0.0410681967	-0.1566438145	-0.1567364822	0.034596847	0.0544054223	0.052723482	-0.1018783436	-0.00829462	-0.1213589065	-0.0452237298	-0.0875455338	-0.0943568348	-0.1044533219	0.1447297437	-0.0169654013	-0.0707521839	-0.0114324046	-0.0464139305	0.1383482218	0.0716398009	0.0541271153	-0.030447471	-0.0290313601	-0.091433031	0.0119437381	0.1392807809	0.0531327182	-0.0147118606	0.0551879626	0.0531825693	-0.2633338808	-0.0393668562	-0.1456981673	0.0063910284	0.0660221363	-0.0163122161	0.0604558102	-0.0467620833	-0.0714681849	0.1146485773	0.030996887	0.0166416676	0.1845784637	0.0948247483	-0.0372996546	0.0039541355	0.0386008728	0.0438322188	-0.0378358719	-0.0368823426	0.0519412669	0.0590780722	0.0019709089	0.0809380374	0.1544960251	0.1177707658	-0.0280873399	-0.043157649	0.0231766976	-0.0048241979	-0.0185015407	0.0941590645	0.0371927824	-0.0337045224	0.0	-0.0054320362690702	0.0055960724155711	2.9507018028494093e-05	3.131602648031577e-05	0.0308051680673315	-0.0717231741184179	0.0051442137056208	0.0009489583796565	-0.033205637695957	-0.0119647671354171	0.0011026143747951	0.0001431556526047	-0.0004111483233803	0.0005059391860066	1.6904294381843173e-07	2.5597445993702105e-07	0.0005148813992843	0.0001290886514609	2.651028553289588e-07	1.666387993599372e-08	0.0005771059699857	0.0001249291280514	3.3305130059313565e-07	1.560728703570808e-08	0.0	0.0
559.940035992563	0.2679016985714497	0.0717713200974679	313532.8439073528	742.9630963045008	-1.3344858057358806	1.7808523657105424	551994.162470371	538.2281482190971	0.352270011442215	289689.5395353583	0.1240941609614983	582.2715927933087	501.0018021963476	1.054315	18.310843	0.214184580742488	0.1264341461903907	-0.1523145431	-0.0086034608	0.0876393527	-0.0132674348	-0.0791179573	0.0856739372	0.0986040607	0.0503631661	0.0005198357	0.1584439952	-0.0432484165	0.1374352196	-0.0703652145	-0.0643291036	0.0177708345	-0.0018267622	0.0035929842	0.1264198399	-0.0293473814	0.0066795772	-0.0389899131	0.0041689656	-0.198735719	-0.0486998872	0.0714324122	0.0153209005	-0.0303860132	-0.0700742108	0.0141426431	0.0755274795	0.0743397665	0.05236772	0.1015458483	0.0958783586	-0.074483759	-0.0661732872	0.0190401549	-0.0143341912	0.0306690843	0.0629145498	0.0345934458	-0.0204865753	0.0168016505	0.0452399635	-0.0654983708	-0.1028064274	-0.0255790486	-0.0229894596	0.0126628182	-0.0369691555	-0.1043944744	-0.0865015793	0.0086926695	0.0028530776	0.1337164008	-0.053368026	-0.0108960015	0.0370070037	0.1400119249	0.0512833246	0.0626239498	-0.0399996958	-0.1344600768	0.0035323467	0.1183976035	-0.065572039	-0.0584199288	0.0481040802	-0.0406514882	0.1467197809	0.0171147853	-0.0195585054	-0.0758597046	-0.0930755595	0.0927404997	0.0199699743	0.0490703447	0.1083175728	-0.0770295684	-0.0377131475	-0.0231783226	-0.0807705094	-0.0006699406	0.0170523584	0.1187843861	-0.1826195785	0.0134409886	-0.0555987402	-0.0477695896	-0.0852971489	-0.0291062114	0.1091303057	0.1799132734	0.0433763586	-0.003505905	-0.0027362468	0.0015149683	-0.0710509159	0.0062803157	-0.0312452801	0.0271124395	-0.0841585908	0.1714013946	-0.0426620182	-0.0907828428	0.0591759495	-0.0659011605	0.0494566223	0.0972833348	-0.079290112	0.058021272	0.0927149366	0.0325341047	-0.0406438432	0.0	0.0061603944931505	0.0115924307622207	3.795046031123901e-05	0.0001343844509768	0.1381149207001328	0.1073097526328012	0.011515383010113	0.0190757313200039	-0.0272608853441198	0.0059447523518371	0.0007431558697452	3.5340080524673874e-05	-0.0012910007540776	-0.0008798524306973	1.666682947028932e-06	7.741402998039472e-07	-1.1252155400764965e-06	-0.0005160066148243	1.2661100116296416e-12	2.662628265425124e-07	0.0009679998243766	0.0003908938543908	9.370236599931284e-07	1.527980054005741e-07	0.0	0.0
561.2099756116165	1.2699396190535026	1.6127466360417553	314956.6367259912	748.1771976695342	5.214101365033343	27.18685304484257	559769.1191126372	538.3177787750121	0.0896305559150505	289786.0309452629	0.008033636553641	583.989035537387	508.7780339434864	1.26053	21.892303	0.0960672822543199	0.0489253560613588	-0.0395579071	-0.075489746	-0.1628734549	0.0144947143	0.0540372544	-0.0477324096	-0.0610620685	0.0501026752	0.0382322918	-0.1425564043	0.0917254517	0.0318082978	0.0299498953	-0.1240796205	0.0328781124	-0.0102507551	0.0167495253	-0.0704410876	0.119981849	0.0335695933	0.0025664992	0.0463514428	0.0847853668	0.0849815942	-0.1015672794	-0.0720972117	0.0480725617	-0.0953264495	0.0230625525	0.0577130208	-0.147935907	0.0702830362	-0.0208175444	-0.050554623	-0.1165748302	-0.0970829993	0.1591296624	0.092628653	0.0426209928	-0.0237108667	-0.0964247746	0.05655197	0.1553421798	0.0389267065	-0.0765057487	-0.0552597574	-0.0010431778	-0.0298623362	-0.1656219271	0.0529545188	0.0736653318	-0.0776811761	-0.1271797337	-0.0879440055	-0.0859581858	-0.016398417	-0.0079138298	0.040682153	-0.1007040249	-0.0888511184	-0.1263437168	0.006902923	0.0244815011	-0.0516583084	0.0938734584	0.1570323256	-0.0794750853	-0.1822220035	-0.0115363899	0.0666462937	0.0428055883	0.1836008689	0.0527621944	-0.1081668694	0.0534323681	0.0548262795	0.0162321927	0.1710591336	0.0145969316	-0.069473038	0.0001929792	0.0343108482	-0.0123178765	0.0491769766	-0.0875558186	-0.0977141849	-0.0716393977	-0.0370269154	0.1335457185	-0.0125201083	0.0732402623	-0.0746936301	0.1764206612	0.0506015133	-0.0203157725	-0.0408233805	0.0369969014	-0.105458126	-0.00111669	-0.0228987992	-0.1477294988	0.0885816388	-0.0748791045	-0.0213639369	0.0173247016	0.0051956305	-0.0313210208	0.0456055523	-0.112959179	0.0584888526	0.0246128276	0.0912295932	0.0278175825	-0.0474206018	0.0	0.00194178356152	-0.0042186109316304	3.770523399789296e-06	1.7796678192472352e-05	0.0969952008967993	-0.0411197198033334	0.0016908313567046	0.0094080689970104	-0.0153316091130477	0.0119292762310721	0.0002350582379952	0.0001423076313972	-0.0014571165173779	-0.0001661157633002	2.1231885452155e-06	2.759444681684123e-08	0.0003329955923627	0.0003341208079027	1.1088606453298549e-07	1.1163671427360409e-07	0.000692242889814	-0.0002757569345626	4.792002184980377e-07	7.604188695936207e-08	0.0	0.0
561.44140246103	0.2314268494134239	0.0535583866294236	315216.4483974082	750.1820761961095	2.0048785265753395	4.019537906322904	562773.1474459055	537.4777925177272	-0.839986257284977	288882.37744972896	0.7055769124276235	582.4070524399061	511.80598006519847	1.174031	20.390028	0.169859821763091	0.1249187102401074	0.0311450435	9.8023e-06	0.0950476255	-0.0830544538	0.0068239854	-0.0471481484	-0.0992846616	-0.0005363877	0.0045287072	0.1568925398	-0.0680819057	0.024359378	0.0640350142	-0.2106112488	0.0942688896	0.0313980738	-0.0752702572	0.002716928	-0.0254546491	-0.1001801445	0.0112545656	-0.0058009905	-0.2098722242	0.0546278359	0.0553100963	0.0364944362	-0.0623190096	-0.0042442223	-0.0616163455	0.0443661393	-0.1416137662	-0.1315463583	-0.0087598023	0.0984679746	-0.0747632286	0.0236886991	0.0544915152	-0.037148994	0.0573570563	0.0439570377	0.0455022882	-0.0372862686	-0.0509292258	-0.0194285082	0.0906772445	-0.0187103382	0.1830782129	-0.0408811097	0.0305144232	0.0995592943	0.0402537726	-0.0962976234	-0.1299488502	0.0447090238	0.0700824173	0.0521873204	-0.0622575598	-0.0282937831	-0.0366514454	0.1034128422	0.1083773552	-0.0030395045	-0.0423982753	-0.0892111315	0.1020954427	-0.0168410144	0.1514444454	0.0788483897	-0.0005058835	0.0661615759	-0.0053906141	0.0055059381	0.167256542	-0.1352610409	-0.0142646465	0.1286633741	-0.0105370177	0.0362788054	0.0678352797	0.0461006539	0.0315020202	0.0746050501	-0.0069225362	-0.0172993121	0.0429659715	0.040464133	0.110051787	-0.0391724186	-0.0765121657	0.1137523897	0.0759002909	0.0431604112	0.0608918328	-0.0390346408	0.0213353781	-0.036137876	0.1307966301	0.1108200495	0.0143298927	0.0314441706	-0.0056693091	0.0525313579	0.1516991924	0.2088024233	-0.0570304454	-0.0690069954	-0.067005265	0.082591771	-0.0368627385	-0.0375569473	-0.08092273	0.0897036946	0.0230516017	-0.0540076933	0.0	0.0071320246744761	0.005190241112956	5.086577595733592e-05	2.693860281061977e-05	-0.0275323346581757	-0.124527535554975	0.0155071071113955	0.0007580294517297	-0.0173453746995377	-0.0020137655864899	0.0003008620234673	4.055251837331412e-06	-0.001883037465013	-0.0004259209476351	3.5458300946425856e-06	1.814086536343817e-07	0.000127972691446	-0.0002050229009167	1.6377009755933122e-08	4.203438990029899e-08	0.0005606211481924	-0.0001316217416215	3.14296071800565e-07	1.7324282867503206e-08	0.0	0.0
561.1289911595533	-0.3124113014766863	0.0976008212903569	314865.744719738	745.4496869704302	-4.732389225679299	22.395507783325517	555695.2358043124	537.8889733739646	0.411180856237479	289324.5476772976	0.1690696965361864	583.8007059881779	515.3993274781762	1.054529	18.314573	0.0849397976106325	0.0460997848500442	0.0370459829	0.0213843802	0.0508548267	0.0739775129	0.0296700368	-0.077290735	0.0311674643	-0.0410216124	0.123503115	0.0093389229	0.0857807542	-0.0291524031	-0.1723142635	-0.081968007	-0.0453718966	0.0400867704	-0.0065830296	0.0566401437	-0.0340324396	0.0351622262	0.0416691964	-0.0604341408	0.0995305961	-0.0651470651	-0.0386260448	-0.0790332935	-0.1871551293	-0.0848439698	0.1182614873	-0.0188141645	0.030940903	0.0183414763	-0.0461303136	0.0715279438	-0.1040594135	0.0172337889	0.0540086302	0.1999269451	0.034203725	-0.0065046277	-0.0750874813	-0.1737606876	0.1996527267	0.0282325144	-0.0658496447	0.0590063691	-0.0398732153	0.1770212088	-0.0492276242	-0.1455155078	-0.1149779489	0.0085787416	-0.0323701976	0.0246730884	-0.0140962946	0.0359390816	0.0321851806	0.0256440059	0.1367988053	-0.084530159	-0.1981096144	-0.0416305032	0.0544439437	0.0330810547	0.0354404438	0.0411639192	0.1108204719	0.0658564602	0.0019427214	0.0462833268	-0.0711174139	-0.0001698997	0.0143549593	-0.0808788129	-0.0492096597	0.1088574296	0.1132348279	-0.0294400954	-0.069495445	0.0101809124	-0.0606474614	0.0331430895	-0.0281874911	0.1229836658	-0.1622012585	-0.1169085747	-0.1377778663	-0.0353803243	-0.0327910595	0.0453624109	0.0675098982	0.1528489842	-0.0022309768	-0.0649870729	0.0388620779	-0.069773474	0.1819613543	-0.0255085592	0.0145150134	-0.0199301528	-0.1457468737	0.1241355451	-0.0937733518	-0.1138272003	-0.0003541887	-0.0546609703	0.063766606	0.0378370442	0.0389596701	0.0046157829	-0.1061217241	0.0881379191	0.018244636	-0.0603787714	0.0	0.0055331082685086	-0.0015989164059674	3.061528711103824e-05	2.5565336732720264e-06	0.0071152896089046	0.0346476242670803	0.0012004578673527	5.062734621858577e-05	-0.0196540280720824	-0.0023086533725447	0.0003862808194582	5.329880394562021e-06	-0.0022811750973111	-0.000398137632298	5.203759824592306e-06	1.5851357425193706e-07	0.0004541289896489	0.0003261562982028	2.062331392395307e-07	1.06377930857419e-07	0.0007640192889922	0.0002033981407997	5.837254739521468e-07	4.137080368081523e-08	0.0	0.0
560.3929122937257	-0.7360788658276078	0.5418120967180575	314040.2161490433	745.3920649360208	-0.0576220344094053	0.0033202988494786	555609.330469585	537.5959639338604	-0.2930094401042424	289009.42043797654	0.0858545319902016	581.9020591467412	509.4092692227868	1.064665	18.490601	0.0572139683982053	0.0275900132482409	0.0149470083	-0.1116460494	-0.046772579	0.0389868674	-0.0907447657	-0.1238402841	0.0539137835	-0.0150984694	0.1110129003	0.0271559652	0.0718886152	0.0955510508	0.0769486608	0.0518022398	0.1350071867	0.0092740385	-0.0872490457	0.0365676739	0.0748652439	0.0208790502	-0.0198777891	-0.1825975625	-0.1632298785	0.0518074674	-0.0885671584	0.1046293602	-0.1353710759	0.1036590075	-0.0505322355	-0.0605899162	-0.1207618441	0.0351041592	-0.0911644142	0.0372472628	0.031111045	0.0507138358	0.0170005523	0.1262942082	-0.0933689599	-0.0872128792	-0.0167367275	0.1021521219	0.1479574954	0.0617478199	0.0288296801	0.0344450936	-0.0438993068	-0.0049586856	0.0502133729	0.0541753242	0.0344437077	-0.0432752421	0.0744955142	-0.0436261116	0.0279754612	0.0144395659	-0.1235413936	0.1413676789	-0.0687434713	0.1357497759	-0.0698020285	0.0703318272	-0.0169688601	-0.0485834415	0.1488367097	0.0712011984	0.0735247919	0.1966117661	0.0779041367	-0.0480238213	-0.0130803034	0.0055114497	0.0215286294	-0.1118939142	-0.0920217365	-0.0049338252	0.0442025805	0.0068117041	0.0040126912	-0.0427712868	-0.077311535	0.0497197571	0.0865322326	-0.0899162539	-0.1462539923	0.0550574788	-0.1497615077	-0.0195122655	0.115381585	0.0696288158	0.1352537965	0.0993401288	-0.0333867676	-0.1156508307	0.0480752288	0.0323497193	0.1447705346	0.0811653479	0.0296989107	-0.0432754612	-0.0160222198	0.1702902872	0.159319689	0.0700449555	0.0692220553	0.052276465	0.0480977576	-0.0780094704	0.0330974153	-0.1764105852	-0.0125755468	0.0865329627	0.013405232	-0.066508354	0.0	0.0147142671270756	0.009181158858567	0.0002165096570869	8.42936779862433e-05	-0.0126016999639659	-0.0197169895728705	0.0003887596778166	0.0001588028419818	-0.0068759758887395	0.0127780521833429	4.727904442252696e-05	0.0001632786176002	-0.0023590996847514	-7.792458744030001e-05	5.565351322594155e-06	6.072241327740962e-09	0.0002460700951778	-0.0002080588944711	6.055049174081154e-08	4.328850356853633e-08	0.0007887911627493	2.4771873757100026e-05	6.221914984313926e-07	6.136457294377008e-10	0.0	0.0
561.0121402305227	0.6192279367970741	0.3834432377099612	314734.6214860317	746.2628652236041	0.870800287583279	0.7582931408551213	556908.264011743	538.0913182453937	0.4953543115333332	289542.2667710656	0.2453758939546625	583.4294185657332	510.6015189845388	1.070376	18.589792	0.1571973882961166	0.1025939085372654	-0.0344232181	-0.0170345355	-0.0096024149	-0.0501869761	0.055952706	-0.0152199269	0.0354358744	-0.0071380964	0.0724208034	-0.0743023533	-0.1132009392	-0.0317019653	-0.058444184	-0.0804722813	-0.1084896831	0.1529680619	-0.0211454138	0.064515525	-0.0526810443	-0.0685076992	0.1344054162	0.0612132894	0.0012690252	-0.2225102988	-0.0503052131	0.1129674478	-0.0330247745	-0.0283031239	-0.0243493285	-0.1368202412	0.037176955	0.0797638103	-0.0115801857	-0.0222373836	0.1007827849	0.0332227909	-0.0402719521	-0.0019595209	-0.0259778504	-0.0423419906	-0.18654418	0.073897082	0.0644119867	0.0536283601	-0.1351574987	0.0201930927	0.004698708	-0.1469348631	0.0757657119	0.0135662614	0.0994944215	-0.0222070437	-0.1210850212	-0.0024224619	0.0207154618	-0.00927287	-0.0791989717	-0.0511816867	0.1864192052	-0.1361663455	0.049020208	0.0468692037	0.0591595259	-0.1388369716	-0.0696845156	0.1198523432	-0.0710835668	0.0252976603	0.0827478427	-0.0809944681	-0.0295034364	-0.0224802385	-0.0048804428	-0.0199752081	-0.1081597478	-0.0543841997	0.0624079514	-0.0953308086	-0.0360955774	-0.0447059596	-0.0581037936	-0.0124189435	0.0028745436	0.0845816164	-0.0618395282	0.0242966605	-0.018249486	-0.0441184502	-0.0323110013	-0.0077458991	0.0242428051	-0.1041596915	0.0798147787	-0.0814021391	0.0340198181	0.0033993419	0.0949845573	-0.054096805	-0.0191211927	-0.0106527311	-0.1233825216	-0.070826322	0.0993578832	-0.1607619675	-0.0452143557	-0.064741872	0.1591875656	0.0688585008	0.0994376801	0.0304921802	-0.0779511669	0.0848895389	0.0085419939	-0.0723719246	0.0	0.0170845210106449	0.0023702538835693	0.0002918808581631	5.61810347257535e-06	0.0855414723361462	0.0981431723001121	0.0096320822691294	0.0073173434894356	-0.0170303714809847	-0.0101543955922452	0.0002900335527803	0.0001031117498438	-0.0017181839803599	0.0006409157043915	2.952156190365389e-06	4.107729401356528e-07	0.0003931995452912	0.0001471294501134	1.5460588241720645e-07	2.1647075090671465e-08	0.0009313373386482	0.0001425461758989	8.67389238360312e-07	2.0319412263400155e-08	0.0	0.0
561.2673470933508	0.2552068628281176	0.0651305428345696	315021.034913208	746.0672761356129	-0.1955890879911521	0.0382550913412106	556616.3805204129	538.3988524593981	0.3075342140043631	289873.3243295967	0.0945772927832813	582.666551157079	508.44212480870686	0.991513	17.220127	0.0922986211589624	0.046317802941167	-0.0583667821	0.0370426901	0.0695646736	-0.0731375154	-0.0131946714	0.0206530226	0.0627855679	-0.0240500137	0.002742981	0.0677248244	-0.0089386563	-0.0008081043	0.0953951166	-0.0834878941	0.0042777588	0.0718049077	-0.0592886258	-0.0823902139	-0.0751606769	-0.0031039079	-0.1036963021	-0.0388556145	-0.0460001241	0.0621727229	0.0324892547	-0.0673401212	-0.0647821508	0.0515044498	0.1183668705	0.070000489	-0.0957520451	0.0975660028	0.0235502145	-0.0840199461	0.0659806804	0.0204319697	-0.0852241362	0.0679196139	-0.089540183	-0.0050504385	-0.0570706073	0.0206019723	-0.0519425682	-0.0047475018	-0.0125714439	-0.0272415836	0.0734406607	0.1116233242	0.1578718193	0.0967485781	-0.0311268756	-0.0719283849	-0.0568648999	0.0395469616	0.1247482614	0.0455097515	-0.0369955208	-0.0413996207	-0.1403802128	0.0626604371	-0.1149842589	-0.0364509878	-0.1113692254	0.0772858529	0.0859882309	0.0101307876	-0.1241665543	0.0227470618	0.003036678	0.0212829547	0.0421661758	-0.0890292414	-0.0877724558	-0.0384945179	-0.0704964535	-0.0732263724	0.1930144378	-0.0371928059	-0.0793639336	0.150702451	-0.0890199816	0.0293711931	0.0362893999	-0.0205247178	0.014425719	-0.0862732139	0.0747360129	-0.0717894445	-0.0645724242	0.0366583585	0.0037060725	0.0357254579	0.0424674376	-0.0630711602	0.0543576147	0.0334690688	0.170857682	0.0011776851	0.0710660195	-0.0494494918	-0.0181842704	0.1272961244	0.0248418954	0.0793942998	-0.0106873959	0.0371125716	-0.0413862579	0.0161429312	-0.0035698079	0.082574227	-0.0774978326	0.0832083783	0.0036635686	-0.0779460309	0.0	0.02298236946217	0.005897848451525	0.0005281893060956	3.478461635715701e-05	0.0468500733327204	-0.0386913990034258	0.0014970243568422	0.0021949293712812	-0.0260305992840912	-0.0090002278031065	0.0006775920990889	8.100410050781127e-05	-0.0022496123864915	-0.0005314284061316	5.060755889455982e-06	2.8241615084357294e-07	0.0002273664093612	-0.00016583313593	5.169548410580477e-08	2.7500628972377852e-08	0.0010082587146047	7.692137595649996e-05	1.016585635576322e-06	5.91689807904121e-09	0.0	0.0
561.9006373567531	0.633290263402273	0.4010565577201203	315732.3262619254	745.9583109014175	-0.1089652341954661	0.0118734222632727	556453.8016028958	539.554092070185	1.1552396107869072	291118.61826968164	1.3345785583310847	584.1041216117776	513.7286481686724	1.014711	17.62302	0.1192720810520231	0.0741470449476123	-0.0464300627	0.0911579099	-0.0332046118	-0.0178545703	-0.0317515883	-0.0138803487	0.0606253273	0.0366455253	-0.0151705197	0.0398202577	-0.0385487577	0.0887968526	-0.0671939712	-0.1195412397	0.0708279188	0.1664425008	0.1076200723	0.0822496475	0.0496675322	0.1090765118	-0.0778436503	0.0447816655	-0.1591789998	-0.093703778	0.0816204597	0.060841559	0.0158047175	0.0212866557	0.1104932492	0.0557284887	0.066728521	0.0542619938	-0.0517362774	0.1041427052	-0.0686471368	-0.0490273475	0.0682528813	0.0163517875	-0.1268116862	0.1150143324	0.0795062681	-0.0794808482	-0.0696371853	-0.0737863242	-0.0549860937	0.0110389617	-0.0136903065	0.0184169256	0.008482074	-0.2365334592	0.1298830542	0.0170450666	0.0930842454	-0.0425204766	0.031028043	-0.0970949973	0.0316053382	0.0152371251	0.1389459667	0.0361781472	0.0321063571	0.0757974101	-0.1635596024	-0.0487285992	0.0125121012	-0.0008690349	-0.1198806822	0.1146367713	-0.0024422371	0.1109445319	0.0346722594	0.0006691613	-0.0030971787	0.0407149004	-0.0614094273	-0.0218004986	0.0517545151	0.129567187	-0.1567622092	0.0241290833	0.160107406	-0.0703733083	-0.1036045405	0.0437608098	0.0912877951	-0.0427186447	0.0372749086	-0.0860990071	0.0666570702	-0.0843709603	-0.0198015743	0.0853148959	0.062343023	-0.0145917525	0.0770932532	0.0147992938	0.0760011477	-0.0262588909	0.0118838495	0.0214757653	-0.0269300375	-0.0977031751	0.1279579461	-0.0193120122	-0.0288473791	0.0789557167	0.0350325161	0.1276880679	-0.0168626483	0.0258253311	0.0792271474	0.0814902283	-0.0012213705	-0.0832083783	0.0	0.0249248866116715	0.0019425171495014	0.0006212499726046	3.77337287610743e-06	0.1173619151401652	0.0705118418074448	0.0049719198350781	0.0137738191253673	-0.0223861680148544	0.0036444312692367	0.0005011405183892	1.328187927619095e-05	-0.0017181918527463	0.0005314205337452	2.952183242843763e-06	2.824077836860333e-07	0.0002999114275652	7.254501820400002e-05	8.994686438419624e-08	5.2627796662186955e-09	0.0012677589791723	0.0002595002645676	1.607212829271992e-06	6.73403873106544e-08	0.0	0.0
561.2099322462641	-0.6907051104890343	0.477073549655669	314956.5880518563	748.3880874185002	2.4297765170827006	5.903813922966539	560084.7293899206	539.5141270036199	-0.0399650665650597	291075.4932364781	0.0015972065455496	584.390396067125	513.0658196177909	1.055986	18.339867	0.1153624007738224	0.0747336581324701	-0.0257879114	-0.0021523461	-0.1464769636	-0.0587052986	0.0508406479	-0.0332492959	-0.0232348602	0.1102970395	0.0403251965	-0.0924530963	0.0045385897	-0.0567094736	0.0465704734	-0.1202493409	0.0300713717	0.0347125228	0.0336009273	-0.144280427	0.1022079603	-0.0510624124	-0.004972499	-0.1083686684	-0.0824880974	0.0051643671	0.0271272716	-0.1929103897	0.1127967679	-0.0707443629	-0.0223536601	-0.1611395037	0.0532550768	0.0164137034	0.0375445167	-0.0881157596	0.0675303785	0.0947916886	-0.0212441255	0.0566233474	-0.0211963488	-0.0300429188	0.0147622653	0.1180984038	-0.0118985318	0.1320915957	0.0488330967	0.0102436157	-0.0163013939	-0.0545395221	-0.0666545386	-0.105445764	0.1320332489	0.044731987	-0.0147233754	-0.0987987101	-0.0553387987	0.0064262265	-0.0400938821	-0.0826513265	-0.0821312802	-0.0785376763	-0.0134825422	0.0077178145	-0.0834924807	0.0221058813	0.1113427642	0.1356722119	0.0208614224	-0.0517565608	-0.0363488984	0.0523630026	0.1392918298	0.0535992616	0.1466606964	0.0862149473	-0.1063532259	-0.0550150704	0.0079796285	-0.125909035	-0.0706771449	-0.0503088358	-0.0591179463	-0.0266549682	0.0337853114	0.0264064669	-0.0612634132	0.0339965812	-0.0102937636	-0.0678715449	0.0865251054	0.0679364799	0.0549486721	-0.0928313656	0.0397958735	-0.059422209	0.0302260428	0.0202763738	0.1474977256	-0.0140842117	0.0547342393	-0.0228644243	-0.1017656792	0.032163095	-0.019366278	0.0754262934	0.081514635	-0.0461541469	0.0034274968	0.0800548255	0.0255617075	0.1476515684	-0.0498328419	0.0797358525	-0.006104138	-0.0881379191	0.0	0.0250138272992757	8.89406876042019e-05	0.0006256915561579	7.910445911508234e-09	0.0455278832516796	-0.0718340318884856	0.0051601281373559	0.0020727881533785	-0.0170473806134268	0.0053387874014276	0.000290613185779	2.8502650917642072e-05	-0.0018812648697717	-0.0001630730170254	3.539157510237132e-06	2.6592808881766434e-08	0.0005631241072876	0.0002632126797224	3.171087602084565e-07	6.928091476664673e-08	0.000932031859994	-0.0003357271191783	8.686833880438752e-07	1.1271269855176045e-07	0.0	0.0
560.519957819584	-0.6899744266801235	0.4760647094725652	314182.6231140682	744.3866434658275	-4.001443952672616	16.01155370638025	554111.474970321	537.6767544420848	-1.837372561535176	289096.29226737394	3.3759379298823338	582.2614864693406	510.3119986693064	1.010821	17.555462	0.0429050607895657	0.0232385380010211	-0.0593356609	0.0726589484	0.0673899208	-0.0343039658	0.0388898348	-0.0283035672	0.0595567658	-0.0094751503	0.0040306278	0.1225611792	-0.0649209563	-0.0365905894	0.033059451	-0.0992607842	0.0467706275	0.1024578186	-0.0548337278	0.1045582825	-0.0623292143	-0.0850363757	0.0118461904	-0.012660616	-0.1192870751	-0.0001556588	0.0128736267	-0.0698825696	0.0075386667	0.0248591329	-0.0034807117	-0.1028505104	0.0694977735	0.0371871872	-0.2095484936	0.1358852321	-0.1420111158	-0.0368034041	0.1051078016	-0.0531773952	-0.0222120476	0.0660480011	0.0261718446	-0.0119626951	0.0587822415	0.0068930984	-0.0102709026	0.0423709942	-0.1012201306	-0.1159669778	-0.0821527132	0.0462488178	0.1293473438	-0.0840024428	-0.0774232726	0.0827225913	0.132245965	0.0035138282	-0.0718934049	-0.0247119965	0.081031215	-0.0566216607	0.0832578475	0.0034341796	-0.092124621	-0.0367815517	0.023167656	0.0289702014	0.1233036781	0.1188250241	0.0343992017	0.1240931357	0.0299275831	0.0482476775	0.1772512865	0.0227384924	0.0702957433	-0.0368716001	0.0520692584	0.0964963435	-0.0776868819	-0.1341233461	0.0009200425	-0.0462562232	-0.0755565978	0.0287571558	-0.1040672327	-0.04490585	-0.0486669702	-0.1034668234	-0.0889430909	0.0257506679	-0.0020717258	0.0265201105	0.0592166184	-0.0029027995	0.0735464617	-0.0077979919	0.1100747635	0.0246555081	-0.0230532346	0.0238766359	-0.0663545886	-0.0629275532	0.1263376727	0.0531818863	-0.0263308619	0.0161105645	0.027647724	0.0736358681	-0.0034463505	0.1142893523	-0.0069479121	0.0779460309	-0.0109760526	-0.0927149366	0.0	0.0250497092003172	3.588190104149985e-05	0.0006274879310204	1.2875108223519882e-09	0.0459063587177439	0.0003784754660643	1.4324367841259018e-07	0.0021073937707221	-0.0260608728761368	-0.00901349226271	0.0006791690950661	8.124304276993306e-05	-0.0022368068919891	-0.0003555420222173	5.003305072049937e-06	1.2641012956243797e-07	0.0005111659709506	-5.195813633700002e-05	2.612906498578697e-07	2.6996479316142822e-09	0.0011940759246346	0.0002620440646405	1.425817313791975e-06	6.866709181336695e-08	0.0	0.0
560.7740184525859	0.2540606330019272	0.0645468052413399	314467.4997714611	745.020965867884	0.6343224020564548	0.4023649097506707	555056.2395827147	537.4664834570215	-0.2102709850632891	288870.2208396567	0.0442138871594859	582.8661102431026	510.9991105645653	0.904506	15.709042	0.0237051508579031	0.017689944894207	-0.058605771	0.0613498876	-0.0559135411	-0.0478835755	-0.0572274503	-0.0342661173	0.0741408022	0.1126807864	0.0278137362	0.0035016766	0.0543980461	0.0151071456	-0.0639755003	-0.0464398175	0.0063560265	-0.0433016021	-0.0673071192	0.0656219241	0.0786591388	0.0531033864	0.0516456194	0.063248272	-0.1018158336	0.056487491	-0.0923879234	-0.1774172375	-0.0057725627	-0.1069666348	-0.0386471617	0.0315586059	0.0149733691	0.0630606181	0.0392873145	0.0171111377	-0.0826358906	0.0922592385	0.0225024932	-0.0895314116	-0.0017768543	0.0864539747	-0.0728678529	0.023399094	-0.0876528462	-0.1248403481	0.09682662	0.1109311989	0.0367495282	0.0023433362	-0.0331990181	-0.0004399624	-0.0320258743	-0.0137956538	0.0191725915	-0.1041113124	0.0605934239	-0.0464255225	-0.0298020186	-0.0031329806	0.059646849	-0.0126644595	-0.0624250912	-0.073821114	-0.0677530648	0.0424799881	0.0964002837	0.136955574	0.0922783193	0.0238953167	-0.0564329615	0.0679892669	0.1050866084	0.04725532	0.0789289573	0.0558669271	-0.0180712687	0.0891242736	0.0080767916	-0.054301953	0.0672903116	-0.1381137679	0.0699839644	-0.0616867793	-0.0893797149	-0.0802281161	-0.0043154824	-0.1427166423	0.0639742758	-0.099637795	0.0623571616	0.0061930484	0.0010447554	0.1038813733	0.0560756735	0.0563380984	0.0249142669	-0.0176347678	0.1205797077	-0.0246489563	0.0825429717	-0.0843921447	-0.0129082835	0.0741931799	-0.0263019384	0.0393239506	-0.070636235	-0.0152024963	-0.0503290828	-0.0425554881	-0.0260512941	0.0559390864	-0.0113347324	0.0761215592	-0.0158284522	-0.0969211244	0.0	0.0250614719160324	1.1762715715200878e-05	0.000628077374598	1.3836148099663368e-10	0.0461695608205587	0.0002632021028148	6.927534692613382e-08	0.0021316283463632	-0.027927427420515	-0.0018665545443781	0.0007799412023281	3.484025867138903e-06	-0.0021461127176721	9.069417431699974e-05	4.605799796953927e-06	8.225433255042335e-09	0.0001822061229439	-0.0003289598480067	3.3199071238247615e-08	1.0821458160059117e-07	0.0012056945322108	1.1618607576199988e-05	1.4536993050030195e-06	1.3499204200973172e-10	0.0	0.0
561.5004691596222	0.7264507070362924	0.5277306297535291	315282.7768664758	746.6438960355871	1.622930167703089	2.6339023292407764	557477.1074872005	538.0954344722641	0.6289510152425919	289546.6965998946	0.3955793795746871	582.9131984389336	510.29280187172617	0.962088	16.709099	0.1145197924195074	0.0714515615331875	-0.0392226151	-0.0152481894	-0.1127007737	0.0233106615	0.0544936846	-0.0607333342	0.0215992284	0.0271401551	0.0420142793	-0.0315634781	0.0670318368	0.1025726889	0.0782291517	-0.0122007194	0.0912671959	0.2035906215	-0.0220486698	0.1026890461	0.0193323494	0.0266964011	-0.0879515809	-0.0006542373	-0.0929028609	-0.1363289169	-0.0587588955	0.0164457959	-0.0234526023	0.0090791131	0.1527896351	-0.0892370962	0.0106270591	0.1034281023	-0.000788732	-0.0801056111	-0.1526560737	0.0214521701	0.0377196328	-0.0445832912	0.1150256625	-0.1203812796	-0.022578544	0.0856070968	-0.0640561764	-0.0125239856	0.0640976781	-0.0352598978	0.0783309739	0.1142657329	0.0976304488	0.0399519108	-0.1026583321	0.0686371471	0.051654852	-0.0526973131	0.0294695923	0.0146385125	-0.0552204393	0.1688541583	0.0368913941	-0.0617920424	0.0503738371	0.0644024436	-0.1369922411	-0.0805388059	0.0797045967	-0.0362401316	-0.1241313855	0.0468218083	0.0520463619	0.0070172114	-0.0660812287	-0.0368660696	0.0761437839	-0.0167889755	-0.0464313517	0.0676643545	0.1217675168	-0.015242023	0.0989885203	0.0923061306	-0.0141041122	0.0030723315	-0.0165059095	0.1196035384	-0.0336113884	-0.0963124829	0.1281082641	-0.0986950044	0.1014463551	0.1611189586	0.0819812844	0.0388839439	0.0322424084	0.1076236106	0.0582249403	-0.0846465151	0.0822424204	0.0082487391	-0.0320913132	0.0664204332	0.0235294962	0.0388794516	0.0141099326	0.0790397101	-0.073125595	0.1075157997	0.0555534967	0.018197266	0.0427166429	-0.1484238882	0.0618566118	0.0742632484	-0.0206527093	-0.100739659	0.0	0.0248451305716912	-0.0002163413443411	0.0006172805131243	4.680357727135757e-08	-0.0136276316674042	-0.0597971924879629	0.0035757042294424	0.0001857123448624	-0.0521999550536733	-0.0242725276331583	0.0027248353076055	0.0005891555977024	-0.0017597137024168	0.0003863990152553	3.0965923144734423e-06	1.4930419899026559e-07	0.0003328805414466	0.0001506744185026	1.1080945487378159e-07	2.2702780391126772e-08	0.0012732957175337	6.760118532290007e-05	1.62128198428966e-06	4.56992025706108e-09	0.0	0.0
562.5831112586789	1.0826420990566703	1.1721139146498332	316499.757073495	749.2854202943689	2.6415242587818284	6.977650409732888	561428.6410657091	539.1478645906869	1.052430118422876	290680.4198926977	1.107609154163589	584.5050736229767	514.0797048367136	1.075591	18.68037	0.0798187195663995	0.0646897759542438	-0.0062777014	0.0531847868	0.0527532637	-0.0620679054	-0.0775008542	-0.0203675025	-0.0043666838	-0.059857514	-0.0264000294	-0.0025943314	-0.2178442163	0.0131834564	0.0170211995	-0.0344886592	-0.049549597	0.0654999158	0.0655183789	-0.0412700592	-0.0171822522	-0.0698263006	0.078400559	0.0151642191	0.0352443284	-0.007945099	0.0687236148	-0.1080460342	0.0957895682	0.0348405486	-0.0797809072	0.1897188188	-0.1709349722	0.0759756331	-0.1383015053	-0.1261671146	-0.1198660212	-0.0354834158	0.0758925615	-0.0564978327	-0.069935748	-0.1393327934	-0.0329333999	0.0029798603	0.0313861813	0.0522465249	0.064088552	-0.0538407491	0.0051866917	0.0801756456	0.0972208361	-0.0171471159	0.0662413592	0.1239523333	-0.0944884702	0.0843123908	-0.0241050374	-0.0359264486	-0.0543122188	-0.1618700541	-0.0338687483	-0.0308051474	-0.0931015108	-0.0140693407	0.009013962	-0.0816374581	0.0302008989	-0.0049364096	-0.1048735012	0.0001237791	0.150953438	-0.0562096238	0.0986469796	0.1389654129	0.0399332346	-0.0296628365	0.0454494926	0.0128439355	-0.0136368323	0.1495778015	0.0889011862	0.104494628	0.0603095128	-0.0425326248	0.060072681	-0.1490097927	-0.0473321307	-0.0962437967	0.0268332988	-0.1201349765	-0.0741950626	0.066159339	0.0229885765	-0.0391446283	0.1200179036	0.0978217279	-0.008696793	-0.0150548336	-0.0016075974	0.1144074315	0.0544888023	-0.090610313	-0.0748916188	0.04608159	-0.0205931119	-0.0424570287	-0.0001267346	0.1441694459	0.0739344882	-0.0124349922	-0.0396558642	-0.1132259081	0.0429952711	0.0723719246	-0.0254402467	-0.1041552675	0.0	0.0249375182143296	9.238764263840016e-05	0.00062187981469	8.535476512280735e-09	0.0496418171504444	0.0632694488178486	0.0040030231537143	0.0024643100099981	-0.0508867294795507	0.0013132255741225	0.0025894592371249	1.7245614085296268e-06	-0.0019342519767512	-0.0001745382743343	3.7413307095659247e-06	3.046360920763025e-08	0.0004098193146797	7.693877323310003e-05	1.67951870684539e-07	5.919574826614389e-09	0.0012218996144654	-5.139610306829998e-05	1.4930386678306932e-06	2.641559410607315e-09	0.0	0.0
562.4571288950443	-0.1259823636345345	0.015871555946944	316358.0218448565	749.0315227059757	-0.2538975883932153	0.0644639853918905	561048.2220072326	538.6412196331713	-0.5066449575156184	290134.3634879103	0.2566891129760028	584.2500631863581	519.0226877662225	0.946188	16.432957	0.130837649927922	0.0975362933000638	0.0170286718	0.1189884133	0.0744321079	-0.0846302097	0.0232087767	0.0084385332	-0.0002501981	0.0206533125	-0.0812916353	0.118473396	0.0482646973	-0.0229142018	-0.0552893783	-0.0782831328	-0.0275430324	0.074934181	-0.0406836487	-0.0076367115	-0.1410724727	0.1149732635	0.0370910975	0.1105354795	-0.0379576066	-0.0189030208	-0.0140783146	-0.1701450805	-0.0257851823	0.0224887587	-0.0412711031	-0.1323708522	-0.0820523425	0.0107484831	-0.1385057665	0.0920359442	-0.0358701968	0.025633629	0.0010976779	-0.0795590791	-0.0312101432	-0.2550875459	0.0801064492	0.1468052635	0.014358878	0.0690201578	-0.0550793502	-0.1142956518	0.0572688853	-0.0137746222	-0.0600145689	-0.0695784647	-0.202131581	0.0011525859	0.1017051301	0.012649867	0.1017676878	0.0426793871	0.1360176267	-0.0434100763	0.0900392041	0.0018257884	-0.0488089237	0.0012592297	-0.039227876	-0.0180425012	-0.0523212646	0.0864021291	-0.0395516216	-0.0352522986	0.126524665	-0.1197183458	-0.0001410317	0.0460097908	0.1439672797	-0.0442050576	0.1407271069	-0.0420973251	-0.0126214193	-0.0789583106	0.0414020858	-0.0255535181	-0.0588326828	-0.1292099025	0.0768770431	0.0255144262	-0.0566481749	0.0458711725	0.1122454971	-0.1270852983	-0.0958859867	-0.0933025914	-0.0380989917	-0.0015461339	0.0723534401	0.0557218782	0.0114794325	0.0224520069	0.0037025626	-0.0507862412	0.0846595879	0.0608345958	0.0161536716	0.0223196436	-0.0007212034	0.0380298632	0.0741066964	-0.1038980005	0.1463052751	0.0233792716	-0.0608254861	-0.0242116117	0.0002974761	0.0704484286	-0.0301825523	-0.1071542885	0.0	0.0226554296848036	-0.002282088529526	0.000513268494203	5.207928056594145e-06	0.1436147666814662	0.0939729495310218	0.0088309152435599	0.0206252012089719	-0.0367870469237914	0.0140996825557593	0.0013532868213732	0.0001988010481731	-0.0021001033753294	-0.0001658513985781	4.410434187069938e-06	2.750668641034489e-08	0.0001747262246252	-0.0002350930900545	3.0529253571775846e-08	5.526876099137326e-08	0.0012131855168658	-8.714097599600004e-06	1.4718190983329384e-06	7.593549697535453e-11	0.0	0.0
561.9681450774935	-0.4889838175507748	0.2391051738265294	315808.19608183886	748.1981498718262	-0.8333728341494862	0.694510280698347	559800.4714716238	539.018365116962	0.3771454837906276	290540.7979333625	0.1422387159436665	584.4075200560071	518.5698106471116	1.022767	17.762939	0.1295171734960924	0.0790916409559749	0.0364403182	0.0697871968	-0.035845658	0.0979416052	-0.0388591396	-0.1336917766	0.0367482593	-0.0772732126	0.0029829874	-0.1184577515	0.0458115368	0.0326318962	-0.0204772169	-0.0229219216	0.0010518482	-0.096858447	0.1243934645	0.1485939226	0.109990471	0.0676357172	0.0264502713	-0.1978879135	-0.0598045017	0.0347756772	-0.0634471778	0.0480301336	-0.0145102922	-0.087975138	-0.0160083606	0.0293689425	0.0794645071	-0.0208496193	0.0235083043	-0.0674523365	0.0283881531	-0.0115228704	-0.1323414934	0.0262743129	-0.2348458258	-0.010427387	-0.0047383697	-0.0828209593	-0.1230776572	-0.0065470367	-0.1441789823	-0.0097265248	0.0883705725	0.0402224688	0.0061149556	0.0230353099	-0.0203976669	0.0660885248	-0.0035964722	0.0499146384	-0.0684030245	-0.1778319439	0.0252796477	0.051436242	-0.0137671818	-0.0142234013	-0.0662986599	0.021520905	0.0102572387	-0.0357503722	0.1085091275	0.0816099468	0.0615959161	0.1414320697	-0.0145359541	-0.0937620078	-0.0007272808	0.0692704403	-0.1784084217	0.1920075036	-0.0434862839	0.0503440999	0.0328597876	0.0378491024	-0.1298968748	0.0152885275	0.0165744437	0.0648713976	0.0735290022	0.0200090851	0.0215554074	-0.0041114567	0.0636959665	-0.1040967701	0.0774926381	-0.0809384596	0.0271500997	0.0775615987	0.0061800186	0.0391588229	0.0003982503	-0.0173071694	-0.0541113431	0.0997885329	0.0171147122	0.0077388989	-0.1146979912	0.1404869129	0.0361281585	-0.0963976558	-0.0289180625	-0.0374189376	0.0792920932	-0.1039700288	-0.0370281216	0.005154407	0.0206272056	0.0684936154	-0.0348711943	-0.1097247271	0.0	0.0250083588507123	0.0023529291659087	0.000625418012406	5.536275659783811e-06	0.0855324645541344	-0.0580823021273318	0.0033735538204106	0.0073158024927042	-0.0258883391479045	0.0108987077758869	0.0006702061038369	0.0001187818311841	-0.00314518132459	-0.0010450779492606	9.892165564549708e-06	1.092187920030742e-06	0.0002745635270093	9.98373023841e-05	7.53851303637866e-08	9.967486947334218e-09	0.0012319349537604	1.8749436894599904e-05	1.5176637302966388e-06	3.5154138386458405e-10	0.0	0.0
562.783123524795	0.8149784473014279	0.6641898695658462	316724.8441243246	749.8248181511374	1.626668279311161	2.6460496909171343	562237.2579153862	539.2683216998855	0.2499565829235734	290810.32278901123	0.0624782933468292	584.8717091298553	517.6604847741321	1.054345	18.311369	0.0568897482866685	0.0276406644658961	0.0387671908	-0.04052383	-0.0766280214	-0.1968322433	-0.1073427757	-0.0202429097	-0.0667592538	0.1423921731	0.0644205247	0.0035389451	-0.0723598035	-0.0198803233	0.0860643068	-0.0738997165	-0.0487093884	-0.0820753297	-0.0448462034	-0.1167384337	0.052840162	-0.0273510878	0.093301825	0.0870046923	-0.026323511	-0.0680432576	0.1043740765	0.1943557768	-0.0564093325	-0.0989407067	-0.114362369	-0.0003862984	-0.0003669667	0.0125817906	0.0996011913	-0.0666727415	0.0790701918	0.0172090075	-0.1142808887	-0.0184937155	-0.0370043048	0.027180025	0.0327861178	0.0884908107	0.1408003784	0.0100480528	-0.1199286207	0.0732498463	-0.0878824758	-0.131788791	0.0013756305	0.1117277323	0.1293206333	0.0086454911	-0.0958966379	-0.1165252204	-0.0405188481	0.0939154095	-0.053862149	-0.131235744	0.0331430591	0.0599732498	0.0542530077	0.0078082356	0.0436699306	-0.0904054141	0.0083123975	0.0258963753	-0.0087108836	-0.0788973726	0.0668343996	0.0259601311	-0.0272694768	0.0019389969	-0.1530877538	0.0370570014	-0.1277577836	0.0945155015	-0.0031337473	-0.0985479089	0.0484121079	-0.1196604405	-0.1309381742	-0.0289391242	0.0620675664	0.0260565643	0.0309395958	0.09098736	0.0699809459	-0.0998600231	0.021332728	-0.0254807607	0.0941184139	-0.1032824504	0.0200615386	0.0239041506	0.0831888362	0.0383567015	-0.0599413468	-0.0125076416	0.1865712689	-0.0446998294	0.0427109551	-0.0092345587	0.0820055372	-0.0714360679	-0.0548693251	-0.0671507116	0.0010524876	-0.1578316775	-0.0012112055	0.035534506	-0.0289644114	0.066508354	-0.0394978367	-0.1118563022	0.0	0.0384918806605156	0.0134835218098032	0.0014816248767833	0.0001818053603954	0.0982928062780672	0.0127603417239328	0.0001628263209115	0.0096614757660176	-0.043584853167097	-0.0176965140191925	0.0018996394255974	0.0003131666084314	-0.0031897527335171	-4.457140892709984e-05	1.0174522500979813e-05	1.9866104937467555e-09	0.0003618335812367	8.727005422739999e-05	1.3092354051057557e-07	7.616062364853336e-09	0.0013590809052807	0.0001271459515203	1.8471009070986068e-06	1.6166092988002477e-08	0.0	0.0
563.5748607222254	0.7917371974303933	0.6268477897949335	317616.6236380757	752.1916775198544	2.366859368716973	5.602023271283309	565792.3197301326	539.3522343156807	0.0839126157951568	290900.8326613169	0.0070413270895856	585.5710056822884	522.3091088612874	1.016253	17.649815	0.0122812611537663	0.0083678049689089	0.0933552479	0.068956145	0.0143824227	-0.0931328002	0.1849134279	-0.0394203037	-0.0845877993	-0.0316231645	-0.064744333	-0.0012979287	0.0792919413	-0.1811694392	0.0608726841	-0.0731072132	-0.0403925105	0.0283973461	-0.0019206575	-0.1072263096	-0.1133876088	0.0486477682	-0.01933261	0.0324555857	0.1369932335	-0.0119638366	-0.1163631998	0.0590288372	-0.0622889488	-0.1511275633	-0.0789049787	-0.0242162881	0.1231196078	-0.0232256576	0.0482111573	-0.0237608411	-0.0156041779	-0.0246971743	-0.0499464646	0.0204463266	-0.090070826	0.064885142	-0.0005937112	0.0598600196	-0.0689719556	0.042934594	-0.0244640751	-0.1714294057	0.0332889226	-0.0504629026	0.0896089619	-0.057129471	-0.0789351827	-0.0535264625	0.0184371753	0.0530270721	-0.0076805844	0.1147389882	0.1473004939	-0.042151392	-0.0476384358	-0.1000139839	-0.0197376028	0.0207352152	-0.0079582753	0.019750821	-0.0481854667	0.1093108062	-0.0350672799	-0.08831946	0.0503197239	-0.0362078316	-0.005428108	0.0153257062	-0.1360046049	0.0658816433	0.047169993	0.1401125393	0.106339754	0.0441460741	-0.0649146212	-0.0383793309	-0.0181428865	0.1008924798	-0.0310655465	-0.0556456048	0.1053185522	0.0527376127	-0.0024090899	-0.1080521833	-0.0945443768	-0.0691371909	0.0172141016	-0.0832540014	0.0189568657	-0.0125534281	0.0554100632	-0.030736572	0.0099612527	-0.0138422317	0.1232666389	0.1576208685	-0.0012529846	0.0448482165	-0.0564683821	-0.04137165	0.0459656576	-0.0472491289	0.0245279998	-0.0330670868	-0.0619266567	0.0763355171	0.1214834418	0.064493527	-0.0440542534	-0.1135404882	0.0	0.0384026547767888	-8.92258837267984e-05	0.0014747638939052	7.961258326828148e-09	0.0983541771823865	6.137090431929115e-05	3.766387896967591e-09	0.0096735441692242	-0.0398827057226967	0.0037021474444003	0.0015906302157632	1.3705895700079704e-05	-0.0033112247212976	-0.0001214719877804	1.0964209154932367e-05	1.4755443815345922e-08	0.0003267707906771	-3.506279055959997e-05	1.0677914963973714e-07	1.229399281826373e-09	0.0013470453451944	-1.2035560086299904e-05	1.8145311620099e-06	1.4485470659093539e-10	0.0	0.0
563.8417378049777	0.2668770827523303	0.0712233772983941	317917.5052909372	750.774964613073	-1.4167129067812994	2.0070754602407184	563663.0474897611	539.5868297101982	0.2345953945175551	291153.94679670245	0.0550349991288473	585.8975694843515	528.9045414909115	0.945052	16.413229	0.0680404844193816	0.0377365470974409	0.1285130613	0.1612550067	0.0785803143	0.0576552665	-0.0236021225	-0.0391513849	-0.0217592048	-0.1347914915	-0.0240053267	0.0303384932	-0.0608001215	-0.0767403548	-0.1090905406	-0.0559126896	0.0138400384	-0.0097921935	0.1147903331	-0.0093337637	-0.1093774193	0.0080554489	0.0431565877	0.0541540055	0.093390439	0.0606206335	-0.067603097	0.017721099	-0.059738635	-0.2027218785	-0.1160643422	0.0195288359	-0.1599829874	-0.0334712493	-0.0514825376	-0.0745145446	0.0325415043	-0.1746250377	0.0293443975	0.0182900025	0.1822220692	0.0670209135	0.0594104119	-0.0696112498	0.0501440667	-0.07436224	-0.0354356049	0.1185144456	-0.0314698634	-0.0839612516	-0.0417292239	0.0037984779	-0.0926072889	0.0779952989	0.0072764362	0.121451149	-0.0723745903	-0.0491070319	0.12143152	-0.1073760342	0.0690529101	0.0416717267	0.1149358154	0.0500560688	0.0112833832	0.0226453591	-0.0850286266	0.0940645195	0.1796973826	-0.0969745023	0.1392855953	0.1065522362	-0.0614826624	0.0016303685	-0.135842595	-0.0931654285	-0.0030735059	-0.0873557145	0.0334114088	-0.0084204869	0.0565638864	0.0224711912	-0.0959560623	0.1680143539	-0.0664662247	0.0007578995	0.0009788752	-0.0164082588	0.1475768157	-0.125940832	-0.0493116783	-0.0649368907	-0.0102909305	0.0331776529	-0.0819947684	0.0078933454	0.0579619931	-0.0371265992	-0.0377959585	0.1183594974	0.0132518913	0.0517069046	-0.0565176736	-0.0809185046	0.0435569175	0.0993373244	0.0777967392	-0.1000778028	0.0545084858	0.0382454332	-0.0895805725	0.0890596005	-0.0199125555	0.06245003	-0.0485323432	-0.1147705489	0.0	0.0415103284230156	0.0031076736462267	0.0017231073657866	9.657635491452571e-06	0.088070345173449	-0.0102838320089374	0.000105757200788	0.0077563856989704	-0.049778716855684	-0.0098960111329873	0.0024779206517983	9.793103634420868e-05	-0.0027693767580288	0.0005418479632688	7.669447627910106e-06	2.935992152985469e-07	0.0004798586746552	0.000153087883978	2.3026434764184506e-07	2.34359002208922e-08	0.0015471688505721	0.0002001235053776	2.393731452180593e-06	4.00494174046583e-08	0.0	0.0
563.1395086223487	-0.7022291826290257	0.4931258249358295	317126.1061714203	753.192803551169	2.417838938095997	5.845945130573178	567299.39932127	539.8283285730814	0.2414988628831906	291414.6243300068	0.0583217007738741	586.0924950061869	526.3426259095106	1.099128	19.08914	0.0615806176892515	0.034696723069556	0.0752224945	0.0279738067	-0.1548536978	0.041784538	-0.0399985341	0.0184593491	-0.1161200232	0.110020014	0.0349497905	-0.097953958	0.0736499798	-0.1283943757	-0.0920905497	0.0877453799	0.0068708598	-0.0890323232	0.0442431261	-0.1404272003	0.1562626144	0.0434497615	0.0655855026	-0.0678921756	0.0660143965	0.0195993994	0.0194404954	-0.1059486486	-0.114484929	0.0324661058	-0.1161190693	0.0259612244	0.179117493	0.0056829059	0.0038971941	0.077963498	-0.0254034129	0.027456505	0.0563851672	-0.0269514737	-0.0015932012	-0.0471942294	0.0832118541	-0.0915629495	-0.0480687721	-0.0278936039	-0.1461589346	0.0385666772	-0.1087082224	0.1679048093	-0.0188542776	0.1805180136	-0.0237244423	-0.0576536594	0.0234705075	-0.1169477088	-0.1729034295	0.0500001885	0.0076561317	-0.0616374074	0.0264887699	-0.0224932751	-0.0129109638	-0.0132547749	-0.0230966947	0.1922316447	0.0292947397	-0.0551202371	0.0975273913	0.0034718421	0.0659631003	0.046896542	0.0432261787	0.0231281199	-0.0338008812	0.072357602	0.0752698277	-0.0224946618	-0.0250597572	-0.0056051261	-0.1519656715	-0.0026790234	-0.1231691811	-0.0387107449	-0.0824026662	0.0777004216	-0.1210388992	-0.0102156883	0.1051262696	-0.076814283	0.1569288655	-0.0258549018	0.0469837075	-0.0149182253	-0.0601139975	0.0050136019	-0.0011299572	-0.0338608949	0.0144014498	0.0664881631	0.1666403661	0.0586721222	0.0581455826	0.0146786253	0.0348098009	-0.0626724303	0.0277326916	-0.1590417238	-0.0763069856	0.0422045433	0.0057637135	0.202947285	0.02756358	0.0603787714	-0.0529241442	-0.1155415645	0.0	0.0252987287053372	-0.0162115997176784	0.0006400256741062	0.0002628159654062	0.0816019444989422	-0.0064684006745067	4.184020728595998e-05	0.0066588773460084	-0.0444803207092476	0.0052983961464364	0.0019784989303975	2.807300172457211e-05	-0.003276328366507	-0.0005069516084782	1.0734327565178426e-05	2.5699993333863414e-07	0.0004516906881657	-2.8167986489499954e-05	2.0402447777560365e-07	7.93435462872652e-10	0.0014102440225272	-0.0001369248280448	1.9887882030736982e-06	1.87484085351254e-08	0.0	0.0
561.966690374794	-1.172818247554687	1.3755026417972478	315806.5610907996	746.7905890745275	-6.402214476641575	40.98835020491896	557696.1839302798	538.838169235781	-0.9901593373003834	290346.5726253682	0.9804155132431344	584.0073722105906	511.3452097947035	1.096975	19.05175	0.1009141034588732	0.0726988366926173	0.0013471266	-0.0884489383	-0.012840722	-0.0044269213	0.1144123153	-0.0530429724	0.0304598337	-0.0217093672	0.024644046	0.0087443323	0.0437095292	-0.0671528553	0.1587008652	0.0588665016	0.0465762792	0.0452251647	-0.0573203224	-0.054496274	-0.0466726296	-0.079719703	-0.1481320467	-0.0698530473	-0.0218430202	-0.1064653834	-0.1698028328	0.1242345812	-0.0355542433	0.1092982684	-0.0760478618	-0.0134145165	-0.0880033531	0.0305775827	-0.0594504739	0.0605357459	0.0273937233	-0.1387466719	-0.09489603	0.0181263707	0.0338731742	0.0196151706	-0.0478620582	0.0077147592	-0.0846004959	0.0775479149	-0.1381527558	0.0263919538	-0.0376241011	0.1488669304	0.0389831307	-0.0548859598	0.0729915059	0.1584061979	-0.074397741	0.0378060317	0.01890598	0.1093158446	-0.0376319578	0.0519965732	-0.0928493923	-0.0543402845	0.1171562194	0.0828222633	-0.1012091359	-0.0319587068	0.0224843864	0.014365441	-0.0231380144	0.0515103771	-0.0023631957	-0.027421577	-0.0130852347	0.0145399926	-0.1403961391	-0.11603564	-0.0309575829	-0.081810667	0.1630399681	-0.0690403798	-0.0282267796	0.0163996193	-0.0385403474	-0.0382035213	0.0736052608	-0.0484111176	-0.0777239562	0.0497276206	0.0187255321	-0.0985584237	-0.0428811232	0.1209042296	0.1423343405	-0.0975867662	-0.2424514039	0.059191493	0.1875526957	-0.0329633419	-0.1147691841	-0.2368999798	-0.2160589308	-0.0740216218	0.0427832848	-0.1315510201	0.1592720068	0.1381314231	0.0946310565	-0.0758077968	0.1385450823	-0.1141228539	0.0697334706	-0.0693733183	-0.2076733406	0.0582806721	-0.0572218481	-0.1158504512	0.0	0.0293322032305383	0.0040334745252011	0.0008603781463576	1.626891674544624e-05	0.0123480331791938	-0.0692539113197484	0.0047961042330835	0.0001524739233944	-0.0448188103536963	-0.0003384896444487	0.0020087257615205	1.1457523939900743e-07	-0.0030071657785273	0.0002691625879796	9.043046019545702e-06	7.244849876792974e-08	0.0002369730443225	-0.0002147176438432	5.6156223735473565e-08	4.6103666577575296e-08	0.0013483596949606	-6.188432756660004e-05	1.8180738669942425e-06	3.829669998370254e-09	0.0	0.0
563.5581739862928	1.591483611498802	2.53282008566927	317597.8154667647	747.5100352118997	0.7194461373721879	0.5176027445797611	558771.2527424955	539.4330220969326	0.594852861151594	290987.9853286298	0.3538499264202375	585.3403629949473	517.3013899609325	1.072064	18.619101	0.0951821463743796	0.0661949961634677	0.04718102	0.0537113214	0.1416401452	0.0033386243	0.0334055563	-0.0835168631	0.0468487631	-0.1455128768	-0.005523313	-0.0011864483	0.0005231698	0.0662943275	-0.0203230297	-0.1025157515	-0.1279570327	-0.0422010119	0.1206410731	0.096396333	-0.0533849737	-0.1323510749	-0.0459469107	0.0904783313	0.0248138656	-0.0552652203	0.0746698506	0.0227218153	0.1329421128	-0.0219985626	0.0232752654	-0.1331610553	0.1192394186	-0.0628512822	-0.0483662166	-0.0707393445	-0.0842780149	0.1080135511	-0.0632056931	-0.1068129571	-0.0784648428	0.0814201285	0.07491342	-0.0247527859	0.132447145	-0.164723151	-0.0745137815	-0.0880696205	-0.0798029097	-0.0427146495	-0.0784363704	0.0540162916	0.1411319171	-0.0254260608	0.0487481234	0.1941408911	-0.0254261278	-0.0184443144	-0.0223936655	-0.0442654748	0.0811525663	-0.0828471928	-0.0438347332	0.0036271291	0.0322470974	-0.1491113166	-0.0152568579	-0.0364243172	0.0188671133	-0.0324162095	0.0096252722	0.1030353728	0.0548643993	-0.0037590871	0.059854592	0.2238192195	0.0300274508	0.0286227928	-0.0011008786	-0.0206412733	0.0880164219	-0.1705676971	0.0846656906	-0.1143193352	0.0286762706	-0.0007351448	-0.1084187795	0.0552598018	0.0015720732	-0.1448949491	-0.1610264997	-0.0270822669	0.085534505	0.0106514156	-0.2304917378	0.1097791896	0.2591324068	-0.0919330598	-0.2186713483	-0.2127962629	-0.2642015615	-0.1647385373	-0.1893495854	-0.2011379925	-0.0675625932	0.0322248928	0.0469075715	0.1292157667	-0.1622627377	-0.0338294496	-0.083910787	-0.0318501895	-0.1188430595	0.0561566646	-0.0614178136	-0.1156959735	0.0	0.0358521045554596	0.0065199013249212	0.0012853734010556	4.250911328671047e-05	0.0764098041614289	0.064061770982235	0.0041039105013803	0.0058384581719879	-0.0558306515522346	-0.0110118411985382	0.003117061652747	0.0001212606465818	-0.0031271954350334	-0.0001200296565061	9.779351288893735e-06	1.4407118440972387e-08	0.0002536797485623	1.6706704239800006e-05	6.435341483063177e-08	2.791139665561515e-10	0.0014833959915884	0.0001350362966277	2.200463667860532e-06	1.8234801406951153e-08	0.0	0.0
564.5505534131132	0.9923794268204348	0.9848169267764544	318717.3273590524	753.3629763210521	5.852941109152425	34.25691962720642	567555.7740913141	539.6239225701635	0.1909004732308403	291193.9778100098	0.0364429906797588	585.8128503283377	527.9355700578146	1.100266	19.108904	0.0861754523751333	0.0477576681805346	0.140767803	0.1232875718	-0.0075206271	-0.1139230464	-0.1311954256	-0.085981998	-0.1102891254	0.0160290002	-0.0950538452	0.0170290872	-0.0700001997	0.1128632206	-0.0559842915	-0.02555427	0.0249096777	-0.0465739361	0.0300103856	-0.1013450267	0.022881125	0.1058470455	-0.0603682208	0.0706666623	-0.0931790409	0.0751876362	0.0558726812	0.0946370932	-0.1266795886	0.0041761244	0.0786483093	0.0424012545	0.0192486122	0.0147873929	0.045885157	-0.1775821413	-0.1591610652	-0.0219435396	-0.0538551732	0.1291984278	0.0099267692	-0.0687587949	-0.0080348277	0.1047990737	-0.0836163633	-0.2228827148	0.0182339477	-0.0306155226	-0.0456680668	-0.1359134034	-0.0433212775	0.17351218	-0.0144625629	-0.0611385232	0.1143558855	-0.0251301969	-0.0417709064	-0.0368381818	0.1241313895	-0.0597263926	-0.0621095082	0.2046772047	-0.1115833297	-0.0207886372	-0.0936349065	-0.1566031176	0.0023617746	0.0212588065	-0.0326262064	-0.0109594339	0.1245929884	-0.0316006445	-0.152349587	-0.0594733491	-0.0437815188	-0.0630800139	0.0167389272	0.0767508136	0.0766801172	0.0171192026	0.0778426768	-0.1138358907	0.1006032148	0.006246754	-0.1013982588	-0.0334166973	-0.0513058617	0.0297479229	-0.1235482548	-0.1121473068	0.0406891045	-0.1199614379	0.0086613976	0.0568465526	-0.1120157965	0.0199192407	0.012640862	0.0138087524	-0.0772325543	0.0578154043	0.1791902084	-0.0389210988	0.0415893834	0.0553170562	-0.0804770295	-0.0419809699	0.0141612953	0.1386698472	-0.0616829563	0.000743987	-0.0230421863	-0.1703293993	0.0637823472	0.0540076933	-0.0655045805	-0.1150787493	0.0	0.0422359542737069	0.0063838497182472	0.0017838758334106	4.0753537225166114e-05	0.112127474850979	0.0357176706895501	0.0012757519994871	0.0125725706164569	-0.0476409553838337	0.0081896961684009	0.0022696606298844	6.707112333072039e-05	-0.0035648007725957	-0.0004376053375622	1.27078045482989e-05	1.9149843146301445e-07	0.0003490276681739	9.53479196116e-05	1.2182031315091005e-07	9.091225774260135e-09	0.0016681274503932	0.0001847314588048	2.782649190755318e-06	3.4125711872149586e-08	0.0	0.0
563.6109133075666	-0.9396401055465732	0.882923527951575	317657.2615993894	753.1817604064942	-0.1812159145579244	0.0328392076890649	567282.7642090255	539.2149571185131	-0.4089654516503742	290752.7699803199	0.1672527406435945	585.554674241186	528.2973283806467	1.01467	17.622313	0.0748914707888228	0.044318636128542	0.155042518	0.0439378887	-0.0713313955	-0.0686825651	0.0618910838	-0.1176439819	-0.1267714183	0.018480433	-0.0342763092	-0.0455237236	-0.0259889544	-0.0900948865	-0.0385308573	0.0297285851	0.0196174509	0.0275706136	0.064453174	0.0325734149	-0.0079096184	0.0644398426	-0.0361729573	0.062026799	0.1404003611	-0.0880929564	-0.0068417472	0.0406048327	0.0634970829	0.1339815348	-0.133271353	-0.0535999188	-0.0548412264	-0.0873529568	0.0657174992	-0.0033781401	-0.0024156219	-0.0204088887	0.125853888	-0.0310518991	-0.1236356698	0.036676266	-0.0952251935	0.0392297074	0.0408731808	-0.0413055428	-0.0311748495	0.011186988	-0.0001242619	-0.0195572781	0.0509903309	-0.0073771422	0.1781599066	0.0533547366	0.0326820827	0.0004853699	-0.0803789034	0.0412243178	0.0486683807	-0.0195555803	0.0571497688	-0.0087170837	0.094098196	0.1122732936	-0.0477694191	-0.1003851579	-0.1697692132	-0.0482823324	0.0394013675	-0.0291811405	0.0361637834	-0.0217823984	0.0323623572	0.2743835459	-0.0210382865	0.0104457988	0.0003851872	0.0026600146	-0.0122811385	-0.0656903068	-0.0472129716	0.0109497106	0.1040283431	0.0217557261	-0.0670110807	-0.0888973682	-0.0834449236	0.0828113363	-0.0967886715	-0.1243382315	0.0071592452	0.0063399282	0.0722892619	-0.1257538852	-0.077234964	0.0691015273	0.0087577149	-0.0225026437	-0.1546132863	0.0777504001	0.0210008005	0.1273653755	0.1043498775	-0.0562651335	-0.0285935637	-0.0126337635	-0.0238802661	0.0552142128	0.0244319508	0.1059532032	-0.0574531922	-0.0078718887	0.0172991314	0.0518347133	-0.0694748826	-0.1140012473	0.0	0.0383327585733468	-0.00390319570036	0.0014694003798424	1.5234936675309528e-05	0.0836978154884207	-0.0284296593625583	0.000808245531471	0.0070053243175337	-0.0593381363611982	-0.0116971809773645	0.0035210144268201	0.0001368240428172	-0.0030618448445623	0.0005029559280333	9.374893852172736e-06	2.5296466554393856e-07	0.0003868311562604	3.780348808649997e-05	1.49638343453758e-07	1.429103711506145e-09	0.0017445967292441	7.646927885089985e-05	3.0436177476892117e-06	5.847550607976679e-09	0.0	0.0
561.348758039345	-2.2621552682217043	5.117346457543211	315112.428152315	747.9981925964355	-5.183567810058662	26.86937524147635	559501.2961275342	539.0300663714428	-0.1848907470703125	290553.412452402	0.0341845883522182	584.0546298107378	515.4479027895424	1.06924	18.570053	0.0587371601558054	0.0293372009938342	0.0116904491	0.0247722673	0.1041346425	-0.0675593645	-0.0730334285	-0.0398803271	0.0533023046	-0.0409766427	0.0066675175	0.0196343648	-0.1685707398	-0.0546691955	-0.0080626508	0.0398728911	-0.0441422646	-0.0622778134	0.0003207344	-0.0182641283	0.0315298497	-0.022617949	-0.0241645315	0.1573225142	0.122027112	-0.032183359	-0.02712492	-0.1026190556	-0.05995566	-0.0104438566	0.2090388667	-0.0140939391	-0.0618527744	-0.0866239874	-0.0763066582	-0.0014614411	0.0441284662	0.060147317	-0.089606901	0.0720001572	-0.1273859526	0.0300101802	-0.0043253889	0.017355871	-0.1168551773	-0.131392999	0.0665557775	0.1382074684	-0.0587384111	-0.1468482956	0.0318611355	0.0824633157	-0.0095275954	0.1522455694	0.0677856269	0.0558956286	0.0138617662	-0.018054011	-0.0500614176	-0.1476834667	-0.0096227769	0.0266098739	-0.1344056036	0.006624949	-0.0396881651	-0.0244767756	-0.2056282214	-0.0176829016	0.0860852409	0.0051811732	-0.0879915041	-0.0695959956	-0.084690385	0.0005284718	0.0521754307	0.0673276224	-0.1084833533	-0.0462130422	0.0407418003	-0.0132561974	-0.0085695326	0.099977164	0.1131585518	0.1245595649	0.0167563075	-0.0368494948	-0.0538384521	0.0231588271	0.156597997	-0.1031271693	-0.1084881245	-0.0061936552	0.0015203413	-0.048545836	-0.095406072	0.024255501	-0.0373058026	0.1146253888	-0.0879244129	0.1332383364	0.0294708265	-0.0065822662	0.0943788884	0.0938737012	-0.0357755559	-0.0945074052	0.1134050979	0.0937649449	-0.0428987549	0.0294606419	-0.0622774581	-0.0436350816	-0.0017199291	0.0496386907	-0.0733216609	-0.1124677771	0.0	0.0326505153204266	-0.0056822432529202	0.0010660561506894	3.228788838535716e-05	0.0647820291137719	-0.0189157863746488	0.0003578069741713	0.0041967112960975	-0.0412515556634218	0.0180865806977764	0.0017016908446523	0.0003271244013371	-0.0030641403018207	-2.2954572583997958e-06	9.388955789241847e-06	5.269124025140305e-12	0.0001462087173054	-0.000240622438955	2.1376989016090373e-08	5.7899158128652696e-08	0.0018227298296399	7.813310039579994e-05	3.3223440318590986e-06	6.104781377460153e-09	0.0	0.0
561.6436629323125	0.2949048929675655	0.0869688958962112	315443.60411202506	748.3881436067469	0.3899510103113925	0.1520617904428758	560084.8134911528	538.2341183888385	-0.7959479826042752	289695.96619781025	0.6335331910118156	583.9062970693567	506.499096716904	1.061491	18.43548	0.097564873240533	0.0600871709174573	-0.1037075419	0.0062608939	0.0284929211	-0.0695185508	0.0325743778	-0.0397931674	0.0543116316	0.1069729568	-0.1306251973	0.1059630365	0.1491036429	-0.0165010443	-0.0110571454	0.0311410991	-0.0163869858	-0.0487963842	-0.1378188851	0.0447444535	-0.0748930638	0.2244292898	0.0189514345	-0.0642150817	0.0467855992	0.0304870881	0.0040714842	-0.0409118235	0.0077175595	-0.0631584255	-0.15346679	0.0538419228	-0.0367467312	0.081617614	-0.0946736247	0.0093567879	0.0131273558	0.1010355667	-0.0324770367	0.0526335966	0.019413236	-0.0986141672	-0.0307653049	0.0158957571	-0.0222632284	0.0145006632	0.0105631906	-0.0527857592	0.0490617	0.1835042171	-0.0845026348	0.0819213173	0.0804364617	-0.0760929668	0.0093715685	-0.0852550543	0.1598867728	0.0065334341	0.1633951316	0.0443530123	-0.0144323438	0.0591229409	-0.0592884394	0.0882497507	0.0890614968	0.002427216	0.0080250684	0.0392113743	0.0172876869	-0.0331045832	0.1039079491	-0.0300860059	0.1286302484	0.0368794849	-0.0943892422	-0.0017565661	0.0460365022	0.0515047226	-0.0614775306	-0.0327007824	-0.0704533558	0.0645555603	0.0751295022	-0.0132917632	0.1775436974	-0.0068571399	-0.0975700357	0.0406346142	0.0723229789	-0.0920706544	0.0135098405	-0.1005727502	-0.0546616081	0.0543023351	-0.1619383939	-0.0633624017	-0.0100761832	0.1235778067	0.0272648507	-0.1180737266	0.0286456827	0.0513432519	0.0283182203	0.0629340635	0.0089312481	0.0092804912	0.0495843897	-0.0312105204	0.0118642522	-0.0904024519	0.0123541483	-0.0124418895	0.0748005729	0.0474206018	-0.077038076	-0.1104844722	0.0	0.030197640092183	-0.0024528752282436	0.000911897467137	6.016596885331099e-06	0.111902537446511	0.0471205083327391	0.0022203423055357	0.0125221778869677	-0.0247386464417189	0.0165129092217029	0.0006120006277683	0.0002726761709642	-0.0035380062731096	-0.0004738659712888	1.251748838856288e-05	2.2454895874557258e-07	-6.230138252849571e-06	-0.0001524388555582	3.8814622649619494e-11	2.3237604683908876e-08	0.0018259966119497	3.266782309800089e-06	3.334263626851783e-06	1.0671866659622807e-11	0.0	0.0
563.4202962363771	1.7766333040646032	3.1564258971115087	317442.43021108693	751.0510484583237	2.6629048515768545	7.09106224855155	564077.6773903474	539.4467351216389	1.2126167328003703	291002.7800333956	1.4704393406674447	585.3641737133589	518.4451404323423	1.101441	19.129309	0.1061795054435069	0.0594620144176756	0.0369184759	0.0394616939	-0.0921746367	0.0781689619	0.0799419848	-0.1454912859	-0.0706088112	-0.0654261562	-0.0491993946	-0.1405073003	0.0654809492	0.0995197952	0.0507917838	-0.0333963773	-0.034620497	0.0496549048	0.0879437728	0.0740693136	0.1155709784	-0.0311771407	-0.036876128	-0.1281461553	-0.0111354873	-0.0622299757	-0.006319592	0.1296949717	0.0694298647	-0.02422784	0.01590774	-0.2292104372	0.0073077658	-0.0746318329	-0.0251668055	0.0156935388	0.0789765638	-0.0589624075	0.0718494522	0.0489130043	0.0027664832	-0.0909745399	0.1430810731	0.0654208407	-0.0673014031	-0.0021624463	-0.0451319869	-0.1149328376	-0.0693927596	0.0143533119	-0.1243415411	0.0815886297	-0.1210075665	0.0566586866	-0.0962034963	0.0012043402	-0.0859928254	-0.0735023374	0.0384412776	0.0823361694	-0.0443357496	-0.0651363521	0.0220595622	0.0871655276	-0.0176906311	-0.1643573318	0.0833718352	-0.0478688742	0.0849194165	0.0622959517	0.0151274536	-0.0144072532	-0.1385613371	-0.0035844485	0.054471417	0.0340832169	0.11141491	-0.0437324349	-0.056562771	-0.0936470436	-0.1104257443	0.0129262521	0.0792126699	0.0548871462	0.1299086194	-0.0609599553	0.0582210242	-0.057818056	-0.1610359528	-0.0771783372	0.1381005865	-0.0230431384	0.0018359797	-0.0342726463	-0.1242754209	-0.0274375164	-0.0827244918	0.0132885439	-0.0375380315	0.037063104	-0.040636563	0.0984186177	-0.1018919267	-0.0218131389	-0.0724084426	-0.0215602177	-0.0330202643	0.0460466967	-0.1014405578	0.0458338346	0.0408394146	-0.0079572999	0.1697332688	0.0451814325	-0.0806175202	-0.1080592651	0.0	0.0254045039774268	-0.0047931361147561	0.000645388822339	2.2974153814580136e-05	0.0716166384526815	-0.0402858989938295	0.001622953657741	0.005128942903262	-0.0469021466888577	-0.0221635002471387	0.0021998113640231	0.0004912207432049	-0.002998140593214	0.0005398656798955	8.988847016677596e-06	2.914549523291384e-07	0.0001538799875255	0.0001601101257783	2.3679050560848042e-08	2.5635252376758923e-08	0.001747233015868	-7.876359608169998e-05	3.052823211739187e-06	6.2037040677211845e-09	0.0	0.0
563.3389583516113	-0.0813378847658441	0.0066158514981817	317350.7819966784	754.1968973496381	3.1458488913143583	9.896365246983777	568812.9599718206	540.1533454680539	0.7066103464150046	291765.63662033074	0.4992981816607328	586.0630329876873	522.8822951200532	1.013355	17.59948	0.0244445311701113	0.0123198909000869	0.0731275295	0.0430252361	-0.040169004	-0.1298302531	-0.0225072985	-0.0495780635	-0.1262043947	0.0593274761	-0.0212009688	-0.0414295711	-0.1319251081	-0.0433535631	0.0564109314	-0.0485686788	0.0080166031	-0.0145206136	0.0242965906	-0.1644349251	0.0869414986	-0.0839833864	-0.0100274917	0.0413487503	-0.1216058124	0.0246803056	0.0357606669	0.040688014	0.1738449347	0.0082199116	0.0139802068	0.0688137013	0.05941452	-0.1454627091	-0.0219728391	0.0546146677	0.1033311642	0.1153839724	-0.126572161	-0.0065254882	0.0922416531	0.0264337238	0.1198802226	0.0809758054	-0.047417143	-0.066972111	0.0716609656	-0.0395241626	-0.0198818788	-0.0017491303	0.0301100025	0.0338100798	-0.0148589364	-0.056642037	-0.0277627267	-0.037065683	-0.0924190367	0.0169369225	0.0154821765	-0.1444173464	-0.0945312568	0.0654223655	0.0518047987	-0.0178716997	-0.0906688699	-0.1235515923	-0.0122355885	-0.040217584	0.0812484147	0.0112680018	-0.2326024123	-0.013342439	0.0020435787	-0.0890730446	0.016182872	0.0420046497	0.006950548	0.0188715834	-0.0122166846	-0.0102614499	0.0210442729	-0.0078569681	-0.0030565098	-0.1756016265	0.0936659392	-0.0594295994	0.1112840874	0.0308060569	-0.033187665	-0.0790450508	-0.0142117208	0.0169302082	0.0040314559	-0.1321160044	-0.0869590479	-0.0122118826	-0.1494435525	0.0649651486	-0.052766811	0.0431357088	0.0410267272	-0.0167259376	0.0580354843	-0.0031868278	-0.0772482242	0.0037634782	-0.0872370555	-0.0255956092	-0.1158757359	0.0649102814	0.0731799577	0.0216893553	-0.0748102096	0.0429221782	-0.0840536294	-0.1052018558	0.0	0.0254390698656976	3.4565888270797485e-05	0.0006471462756318	1.194800631949255e-09	0.0784593985705015	0.00684276011782	4.682336603002808e-05	0.0061558772240448	-0.0497254367783455	-0.0028232900894877	0.0024726190627972	7.970966929400019e-06	-0.0029030034803657	9.513711284830006e-05	8.427429207015367e-06	9.05107024111018e-09	-4.597192986954823e-06	-0.0001584771805124	2.1134183359306608e-11	2.5115016743177197e-08	0.0017884970239979	4.126400812990002e-05	3.198721604849345e-06	1.702718366944455e-09	0.0	0.0
562.381394038641	-0.9575643129702484	0.916929413474184	316272.83236084523	749.5111502703498	-4.685747079288262	21.95622569105848	561766.9643795829	539.4560026299043	-0.6973428381495523	291012.77877343533	0.4862870339184727	584.9317418430204	518.6957930425318	0.945607	16.422869	0.0589015757063935	0.0318878592493717	0.0373245449	0.0676991819	0.0940353491	-0.0343231479	0.1003591249	-0.0924018923	0.0124698902	-0.0400890109	-0.0253697991	0.0515270554	0.0504448204	-0.1254032233	0.009175411	0.0089253977	-0.0026538508	0.0737538026	0.0518873204	-0.0079670039	-0.0950784286	-0.117355234	-0.1789940006	-0.0675946608	-0.0754805062	-0.0330603076	0.0281372647	-0.0772246412	0.1226180762	0.0159498564	-0.0044101431	0.0496248461	-0.1428292269	-0.1444268549	0.1032658637	-0.0774257539	-0.0382496015	-0.0646735293	0.136118673	0.0163728487	-0.0050010672	-0.175458084	0.0275930332	-0.0024512414	0.0299199708	0.0234973465	-0.061402375	0.0400050356	-0.0522553563	-0.0737983069	-0.0132444041	0.1191190344	0.0494086695	-0.0176507262	0.0222011949	0.1262428165	0.0377341263	0.0489439777	0.0709643236	-0.0092819982	-0.0310666389	-0.0753636709	0.0054083379	-0.0200034341	-0.1278767617	-0.082160882	0.0426445015	-0.1703625408	0.0811646148	-0.0266925015	-0.152757064	-0.1277832682	0.079620343	0.0597858236	0.0590236016	-0.1335176865	-0.0432050214	-0.1486534445	-0.0954728361	0.0566888143	0.1005529886	0.0909964252	-0.0901527011	-0.1130558693	0.0307971338	0.0301796261	0.0003884613	0.1076998792	-0.0499851605	-0.0595986674	-0.1037206748	-0.0236794814	-0.0299637295	-0.0202004557	-0.0839310306	-0.0206122689	-0.1347364488	-0.0279355232	-0.0670549467	-0.0022072897	-0.0352775883	0.1367857593	0.1314456765	0.1075074244	-0.0445219782	-0.0649681159	-0.1042681006	-0.0550756942	-0.0752843822	0.085875848	0.0793961472	-0.0411832831	0.0324175545	0.0406438432	-0.0873402943	-0.1019236731	0.0	0.0252150666683945	-0.000224003197303	0.0006357995870915	5.01774324020106e-08	0.0854469446032197	0.0069875460327181	4.882579955935567e-05	0.0073011803420256	-0.0595848436494605	-0.009859406871115	0.0035503535927306	9.720790385018969e-05	-0.0034407826569407	-0.000537779176575	1.1838985292303904e-05	2.892064427576853e-07	-0.000255996552259	-0.000251399359272	6.553423476849494e-08	6.320163784239485e-08	0.0017410631677398	-4.743385625809995e-05	3.0313009540601478e-06	2.2499707195140878e-09	0.0	0.0
562.1130794162902	-0.2683146223507719	0.0719927365672373	315971.11405086465	748.1830990959617	-1.3280511743881789	1.763719921793821	559777.9497728376	538.5307748940096	-0.9252277358947368	290015.3955079424	0.8560463632689007	584.508656659613	518.8754100179284	0.968435	16.819321	0.0668900907650592	0.0331625310232816	0.0054200882	0.0961399802	0.0222039406	0.0537233695	-0.1222187307	-0.1264846528	0.0898501893	-0.0387560465	-0.0186158575	-0.0407638152	0.0353766451	0.0416126576	-0.0790525679	-0.0640422554	0.0110947115	-0.0982772195	0.0956577292	0.1891854759	0.1184791133	0.0744086773	0.0386761802	-0.0066662813	-0.0411099023	0.0391500639	0.0981674585	-0.114478477	0.0441274941	0.0341046173	-0.0872267105	0.1671277097	-0.0080497024	0.0320545974	0.0269946555	-0.0336588173	0.059516956	0.0301911128	-0.0307771406	0.1222673853	-0.1867000773	0.0853608858	-0.0929648725	0.0504234011	0.0153056605	-0.0311154447	0.0945789604	0.0770505251	0.0643203388	-0.0855958396	0.0100449864	-0.0557898678	-0.0816963008	-0.0645760665	0.0924239595	0.0353527191	-0.0092228061	-0.2039155656	0.0225604371	0.0332520903	0.0702657822	0.0915110101	-0.0993457472	-0.0211597011	0.0368963518	-0.028996378	0.0433012436	-0.0667026536	0.0921081002	0.0221285269	-0.1048512685	-0.2107368608	0.1767465377	0.0265978282	-0.0782387863	0.1039735065	-0.0392220509	0.0158162973	-0.0290100293	0.0706625986	-0.1047414701	-0.040550583	0.0310235738	0.0647000177	-0.0447070567	-0.0270693481	-0.0023682931	0.0534845343	-0.052525564	-0.0353029627	0.0412662835	-0.0895943723	-0.0678436143	0.0874868365	-0.1733516386	-0.08432538	-0.1227037899	0.0050153221	-0.0398690185	0.0586334977	-0.0716593409	-0.0488941294	-0.0509160349	0.0258987594	-0.0209949435	-0.1132270081	-0.0372186897	-0.0398950325	0.0122511372	-0.0313451079	0.1524133055	-0.0565942842	-0.0066288167	0.0383474405	-0.0904716714	-0.0982378286	0.0	0.0252720936658903	5.702699749579945e-05	0.0006386787182575	3.252078443385917e-09	0.0997669300846126	0.0143199854813929	0.0002050619841873	0.0099534403385079	-0.029644566416195	0.0299402772332655	0.0008788003180041	0.0008964202008047	-0.0032571301614376	0.0001836524955031	1.0608896888546523e-05	3.3728239104516245e-08	-0.0004090237988447	-0.0001530272465856	1.673004680213496e-07	2.3417338197600623e-08	0.0018558394467091	0.0001147762789692	3.4441400519615386e-06	1.3173594214038564e-08	0.0	0.0
562.7659855619534	0.6529061456631098	0.4262864350446579	316705.5545055167	750.4577373504638	2.274638254502179	5.173979188844719	563186.8155491778	539.1999206542969	0.6691457602872788	290736.55443360005	0.4477560485104404	585.274850941744	518.2858340441696	1.058142	18.37731	0.0953429409178528	0.0433404325932882	0.020794026	-0.0119580579	-0.1438757369	-0.1276686246	-0.0978502813	-0.0662842971	-0.0453321779	0.1289291756	0.0074907967	-0.0683505446	-0.0269026773	-0.0395558076	0.0401552348	0.0335253196	-0.0507890952	-0.1151281284	-0.0726549786	-0.1159420018	0.1254545234	0.0299213478	0.0025833417	0.0142542005	0.0535243264	-0.0787631927	-0.0442347152	0.113348295	0.0111650326	0.0006009978	0.0161587246	0.0438200752	-0.0312809317	0.0905476295	0.011630329	0.0487864281	0.0021483667	-0.1519411511	-0.1283250488	0.0656988345	0.0593895855	0.0653650166	0.1373070093	-0.0280553005	0.0337321262	0.0308562001	0.19460357	0.063022663	-0.0455453504	-0.158077806	-0.0768216772	-0.0713412446	0.0034838807	0.0126336715	-0.0132880504	-0.157557715	-0.0672944223	0.0367607331	0.0008731711	-0.0417231147	-0.0269635236	0.039541966	0.0404188299	0.0270356815	0.0619057694	-0.0823510051	-0.0258223532	0.0159738254	0.0452516773	-0.0744629055	-0.061413006	-0.0719127106	-0.0077466318	-0.0027258517	-0.1163640046	-0.1085799702	-0.0877294905	-0.1836528764	-0.0727446606	-0.0259357021	0.0898269859	-0.20672981	0.0213655162	-0.0974404075	-0.0791132346	0.0499214159	0.1002201273	0.0088373423	0.0556303511	0.0034604739	0.1394209316	-0.0050815356	0.0042067369	-0.0918567919	-0.1223277273	-0.0768242427	-0.1563435795	0.0266018723	-0.0610024759	-0.0171901797	0.081751259	-0.0587815163	0.0355269872	0.0258390166	-0.0102504568	-0.0335183107	-0.0229865757	-0.062033505	-0.0058827905	-0.057466882	0.0865415557	-0.0340560725	0.0606838054	0.0360339907	-0.0934421931	-0.0941590645	0.0	0.0253090288941564	3.693522826609882e-05	0.0006405469435652	1.3642110870688254e-09	0.06712877031066	-0.0326381597739525	0.00106524947343	0.0045062718034213	-0.0502535914235551	-0.0206090250073601	0.0025254234509656	0.0004247319117539	-0.0035939719960916	-0.000336841834654	1.291663470869064e-05	1.134624215730727e-07	-4.009224946321943e-05	0.0003689315493814	1.6073884670210186e-09	1.361104881290198e-07	0.0017204364125791	-0.0001354030341299	2.959901449728044e-06	1.833398165160992e-08	0.0	0.0
563.578083175093	0.8120976131395992	0.659502533267034	317620.255835312	753.2062114715576	2.74847412109375	7.554109994322061	567319.5969993367	539.73813984576	0.5382191914630994	291317.25960416114	0.2896798980591924	585.509606946448	522.6092483745358	0.925377	16.071508	0.0421841131806731	0.0238166710919194	0.0788948776	-0.0328501491	-0.037502303	-0.1106913079	0.0741599824	-0.0058072434	-0.1346386658	0.0510490837	-0.0008771971	0.036492648	0.0525817101	-0.1092185533	0.0945212345	0.0666491175	-0.0400512974	-0.0575687641	-0.077838068	-0.180397157	-0.0475749491	0.0261037552	0.0528218667	-0.0670532661	0.0174307239	-0.1239831484	0.0558840693	0.0084631193	0.0154712243	0.0927584198	-0.0862035352	-0.0129839469	-0.0063788045	0.1156329063	0.0269103747	0.080899062	0.0019080199	-0.0052913385	0.0407822449	-0.1154108317	-0.0645978874	-0.098332103	0.0350270321	-0.1057788059	0.0143280067	-0.1478950744	-0.1613554045	0.0428215656	0.0563311391	0.0747328565	-0.0246136461	-0.0954522071	-0.0854598678	-0.0186235943	-0.0808401351	-0.0296215762	-0.023605629	0.1867087999	0.0448350987	-0.0445776335	-0.0360265335	-0.0399103856	0.0270528842	-0.0055776433	0.0706108078	-0.0362916337	0.029491147	-0.0747644589	-0.0138958067	0.0525314292	0.0414796032	-0.2097434159	-0.0266933151	-0.0143874901	0.028501135	0.020468573	0.0760500197	-0.0285790888	-0.1926090578	-0.0515651189	-0.0807413449	-0.0385742427	0.0763951165	-0.0178865095	-0.1033155262	0.1169215049	-0.0683466723	-0.0347279435	0.1086931196	0.0289234468	-0.0310713959	0.065220252	-0.0114727182	-0.1174093952	-0.112537429	-0.1138568754	-0.1512478036	-0.0229525528	-0.0411293237	-0.0136285662	0.0458485288	0.0252689302	0.0968705051	-0.0227766201	-0.0761840909	-0.0424913905	-0.1170605822	0.0080788671	-0.0689236754	-0.0236245476	0.0343014395	0.0235807082	0.0776203873	0.0337045224	-0.096246578	-0.0897036946	0.0	0.0253951730016979	8.614410754149981e-05	0.0006449148117861	7.4208072641214865e-09	0.0519966378308396	-0.0151321324798204	0.0002289814333868	0.0027036503457114	-0.0594097323655873	-0.0091561409420322	0.0035295162997507	8.383491695035835e-05	-0.003519237343813	7.473465227859997e-05	1.238503148208798e-05	5.585268251203247e-09	-0.0003160390299152	-0.0002759467804519	9.988066842974069e-08	7.614662564181357e-08	0.0017259488928741	5.512480294999787e-06	2.9788995808133318e-06	3.038743900276094e-11	0.0	0.0
563.1640494814001	-0.4140336936928861	0.1714238995129746	317153.7466282888	750.13103835162	-3.075173119937631	9.456689717586944	562696.5746984795	539.9522557086256	0.214115862865583	291548.438444833	0.0458456027306731	584.8068356641575	521.1766252690733	0.916396	15.915536	0.0290189555851604	0.0217971720813435	0.0688086495	0.0514423648	0.1135001965	0.0089995731	0.1362021244	-0.006158674	-0.0340156981	-0.092154623	-0.0484642868	0.0453015418	0.046347699	-0.0663785942	0.0387431615	0.032295493	0.0297251501	0.0366396068	0.0532260065	-0.0385373916	-0.1213533771	-0.0633147869	-0.0407886486	-0.1020144547	0.0069392983	-0.1000126262	-0.0635646079	-0.0838580169	0.0943321127	0.0380204637	-0.0793569282	0.0156284943	0.068248064	-0.0468511734	-0.042457034	-0.1255729454	0.1157944296	0.0555702494	0.0355253016	0.0396186705	-0.1266110078	0.0530211638	-0.0200554738	-0.0666557297	0.1731174889	-0.0984452656	0.1977241685	0.0227301557	0.1067844856	0.0399537917	-0.0786678391	-0.0714534216	-0.0452447897	0.0036382222	0.0852618841	0.0887381393	0.042479655	0.0800372536	0.0908762168	0.0040818813	-0.055708615	-0.0321202765	0.0325972536	0.0346968193	-0.0125628165	-0.0131749605	0.043683544	-0.0886391909	0.0750720641	0.0426124577	-0.10241467	-0.0745537345	0.076580764	-0.0651189	0.0206845037	0.1037563718	-0.0333879997	-0.0261698748	0.0648463027	0.0032286687	0.0057478744	-0.0191623379	-0.038786831	-0.0221781352	0.0493568498	-0.1135598596	0.1598886506	0.1016763375	-0.1405706952	0.0483104688	-0.119401537	-0.0028656683	-0.071817993	-0.0190061624	-0.1004946474	-0.1356517946	-0.1361755422	-0.0649907165	0.0211220056	-0.0276646143	-0.0428324561	0.0952343792	0.1255945731	-0.0112125229	-0.065534042	-0.0019699111	0.0081953184	-0.0256423565	-0.0334551458	-0.0230940772	0.050429637	-0.0409531763	-0.0217537703	0.0313600711	-0.09887984	-0.0848895389	0.0	0.0253165218243509	-7.865117734699723e-05	0.0006409262772828	6.186007698068809e-09	0.0726376759472486	0.020641038116409	0.000426052454523	0.0052762319670174	-0.0590263800431429	0.0003833523224444	0.0034841135409975	1.4695900312351606e-07	-0.0035691554479658	-4.991810415280002e-05	1.273887061174395e-05	2.491817122209791e-09	-0.0004091088751672	-9.3069845252e-05	1.6737007174057161e-07	8.661996095231226e-09	0.0017412792228485	1.533032997440005e-05	3.032053331923876e-06	2.3501901712398856e-10	0.0	0.0
562.6507112535095	-0.5133382278905856	0.2635161362138468	316575.8228740801	749.6846272636863	-0.4464110879337113	0.1992828594301597	562027.0403554922	539.4417363668541	-0.5105193417714418	290997.38693448657	0.2606299983227461	585.5953857867994	522.3897101084391	0.970421	16.853815	0.1320238083327333	0.0751236780449325	0.0160188599	0.1214612672	0.0422096888	0.1637365415	-0.0078732052	-0.0394980364	0.0453454754	-0.1318221432	-0.0888504031	-0.0356227673	0.0485048648	-0.0223055438	-0.1512581375	0.0052589266	0.028647161	0.0053189893	0.0754993252	0.0672867619	-0.0006171705	0.1060389853	0.0647112736	0.0836769668	0.1044556304	0.016194789	0.04889704	0.0162497989	-0.0105910268	-0.1071472181	0.0687784612	0.1318267784	-0.0581873876	-0.1742973118	-0.1862147869	0.0062771853	-0.1150442284	0.1964274659	-0.0228382752	-0.0199331068	0.0514485212	0.0890064306	0.0636108765	-0.1236200332	-0.0802136582	0.1145664906	0.0393002668	-0.0440792797	0.1475742162	0.0307569435	-0.0365935457	-0.0198894782	-0.0807936962	0.0748218456	-0.0078905556	0.0589239759	-0.0337650411	-0.1002526445	0.1097781017	-0.0239649131	0.0393654756	-0.0023526791	-0.0079678043	0.056895158	0.0251505978	0.0733100307	-0.1235154693	0.0008165165	0.1534739647	-0.0263790124	-0.0262722345	0.1265640415	-0.0406938807	-0.0613933583	-0.0371683922	0.0768763497	-0.034331185	0.0311811909	-0.1208013564	0.0736333535	0.059885857	0.2398178689	0.2259621426	0.0042750687	0.0678847841	0.1495576978	0.1179055462	-0.0735760184	-0.030911531	0.0446095443	0.008870334	-0.1206798189	-0.1691922264	0.0598978127	-0.0469750267	-0.1033341474	-0.1554236245	-0.0312702574	0.0029707492	0.0987293364	-0.1562474698	0.0357462836	0.0131229432	-0.0875827657	-0.0377491709	0.0326443653	0.0032029753	0.0897751929	0.0537345955	0.0115080665	-0.0411990969	0.1499522535	-0.0222490686	0.029001679	-0.1013372972	-0.0797358525	0.0	0.0228986215186495	-0.0024179003057014	0.0005243468674543	5.846241888310934e-06	0.1423796770605037	0.0697420011132551	0.0048639467192812	0.0202719724398533	-0.0446550521553561	0.0143713278877868	0.0019940736829975	0.0002065350652582	-0.0029300913092238	0.000639064138742	8.585435080388843e-06	4.084029734260543e-07	-0.0004089483460967	1.605290705000012e-07	1.672387497752263e-07	2.576958247559436e-14	0.0020119061355558	0.0002706269127073	4.047766298287073e-06	7.323892588148464e-08	0.0	0.0
561.3990383921094	-1.2516728614000383	1.56668495196536	315168.8803075852	749.2375723894904	-0.4470548741958282	0.1998580605422478	561356.9398800969	538.8803145933342	-0.5614217735198963	290391.9934562109	0.3151944077822257	584.6577040196883	516.0739215711268	1.108356	19.249405	0.0690911726149949	0.046168998300128	-0.0785221419	-0.0013801981	-0.1565861579	0.0040132114	-0.1162633295	0.007584081	0.0185470325	0.1074075642	-0.0121775247	-0.119516579	-0.1099787551	-0.0236688513	-0.0399836421	0.0700172896	0.0608830583	0.0924505119	-0.0867056768	-0.0763417092	0.1713864124	-0.0588715549	-0.015679232	0.0965360229	0.0818254533	-0.0697101483	0.1657139037	-0.0042652381	-0.0798411572	0.0407183991	-0.0408697147	0.0552120587	-0.038030465	-0.1349832902	0.0385368679	0.0861393777	0.0004362877	-0.1442888647	0.0220971093	0.029230231	0.0241242646	0.0292989445	0.0200590135	0.080223308	-0.1027830309	0.0040255809	0.0614104153	-0.0043683143	-0.2059054061	-0.0232374353	0.0713792928	-0.2065419329	-0.0305713061	-0.2520340227	-0.0671843364	-0.1705151311	-0.0632385486	-0.0767039135	-0.1090311883	-0.1008116209	-0.0206294631	-0.0005771848	-0.0211366173	0.0190818146	-0.0270250268	0.0395430516	-0.1188583527	-0.1454919091	0.0539691438	-0.0586340661	-0.0147217534	0.0059407176	-0.0764346395	-0.0203320395	-0.0315628367	-0.1284042047	-0.0647113663	-0.1684442469	-0.0074174909	0.0563940059	-0.0408837145	0.1002186699	-0.0608547898	-0.041356741	-0.1901323236	0.0158138136	0.0860501577	0.1230683116	-0.1644988998	0.0724245922	0.164792835	-0.0022585295	-0.1295256723	-0.0752405029	0.0211985311	-0.0532917779	-0.1594907836	0.0683438447	-0.0101953661	0.0516534714	-0.080399404	-0.0944489911	0.1128007079	-0.0590380876	-0.0336159177	0.02101827	0.0265439597	0.0587777418	0.0787872727	0.0070156339	-0.0591639633	0.000858129	-0.0384234386	0.0266303944	-0.1036145805	-0.0742632484	0.0	0.0254038219344892	0.0025052004158397	0.0006453541688792	6.276029123523416e-06	0.1144038445673203	-0.0279758324931833	0.0007826472036866	0.0130882396517835	-0.0438027941423442	0.0008522580130118	0.0019186847746765	7.263437207429897e-07	-0.0022940694490576	0.0006360218601662	5.26275463709944e-06	4.045238066092734e-07	-0.0004079441996418	1.0041464548999983e-06	1.6641847002138879e-07	1.0083101028882344e-12	0.0021300377627939	0.0001181316272381	4.537060870928043e-06	1.3955081353921422e-08	0.0	0.0
560.590647288995	-0.8083911031144453	0.6534961755945897	314261.8738278944	746.4028473124785	-2.834725077011967	8.035666262240504	557117.2104761751	538.5455534601786	-0.3347611331556663	290031.31315173005	0.1120650162716657	584.2861227767082	506.9752803368297	0.999953	17.366709	0.0589757850814918	0.0353028864589847	-0.1691127358	-0.0188978418	-0.0392741786	-0.0379308112	0.1124854133	0.0475693279	0.1096885245	0.1280543956	-0.048491123	0.0233824404	0.009303349	-0.1532616137	-0.0209723216	0.0629443629	-0.0375105754	-0.0354542178	-0.1444226256	-0.0021621704	-0.1180651184	0.045957182	0.0428964781	0.0125656595	0.0999042383	0.002043641	0.0030803266	0.0584586546	0.0161987312	-0.0425010962	-0.1229636361	0.0080723975	0.0586790854	0.1111020888	-0.0026416171	-0.0783743431	0.1550368867	-0.1115398328	0.1035794696	-0.0333682636	0.0924378764	0.0298077897	-0.0585598882	0.0328134733	-0.0369139918	-0.1593219297	0.067915655	0.1234350903	-0.025070639	0.0392856594	-0.0263049187	-0.05495391	-0.0435007142	-0.056808807	0.0785191339	-0.0841836708	0.1155471755	0.0293998984	0.0344197947	-0.0543988591	-0.0467115073	-0.0790962222	0.0875351821	0.0951442817	0.1324928906	0.1046619113	-0.126841131	0.0344653123	-0.0093950912	-0.0572752924	0.1088605135	-0.0351433697	0.1360588002	-0.1745111188	-0.0057925065	-0.0334144127	0.0372634166	-0.0167174042	-0.0909639147	-0.0085594792	0.0072156193	-0.0836397803	-0.0103430737	0.0599945343	-0.0965085211	-0.02538827	0.1200247647	0.0296556648	0.0035772101	0.0909036588	0.0001227074	0.0833515285	-0.1677532264	-0.1158500592	0.0430988574	-0.0686446718	-0.1353313954	0.0787422653	0.0750355547	-0.0662437834	-0.1424039261	0.0401436611	0.0922715506	-0.1051528706	-0.0151872407	0.0883391914	0.0436336987	-0.0032390439	0.1008440576	-0.0666375509	-0.1777477213	0.0228168948	0.0180114784	0.0242472716	-0.1057076408	-0.0684936154	0.0	0.0253331831375334	-7.06387969558013e-05	0.0006417701678798	4.989839635362924e-09	0.0860648393832406	-0.0283390051840797	0.0008030992148232	0.007407156578063	-0.0271289441517978	0.0166738499905464	0.0007359796107913	0.0002780172735072	-0.0020170707990066	0.0002769986500509	4.068574608205125e-06	7.672825213007617e-08	-0.000407150307677	7.938919647999983e-07	1.6577137304147577e-07	6.302644517740016e-13	0.0021300910429763	5.3280182399709226e-08	4.53728785136786e-06	2.838777836546284e-15	0.0	0.0
560.4474568639852	-0.1431904250098341	0.0205034978144969	314101.3519053085	742.8199453914867	-3.5829019209917305	12.837186175446233	551781.4712714113	538.2691196916572	-0.2764337685213149	289733.6452136316	0.0764156283788959	582.886617562225	504.5360899646108	0.948152	16.467068	0.0774862025770525	0.0446424856491942	-0.2013926514	0.0398143216	0.1038399912	0.0883375849	0.1469515736	0.0466890592	0.2018398767	-0.0192817679	-0.0347672198	0.0035046942	0.0645018741	-0.0511217663	0.0639944157	-0.0423509631	-0.0809650493	0.0505121748	-0.0858668601	0.1001992882	-0.1463035877	-0.0393454281	-0.0483129399	-0.1120601087	0.0763881645	-0.0445182802	-0.029344006	-0.034727499	0.1257547871	-0.0876518657	-0.0574732331	-0.0737505064	-0.1460901521	-0.0671197946	0.1808482861	0.0260228609	0.0091532839	-0.0692629485	-0.0869414163	-0.0560769449	0.0510454923	0.0693611857	0.0408340421	0.009313037	-0.0783902211	0.0960651673	-0.0021979916	-0.0340402004	-0.1011885233	0.0291493808	0.1664143997	0.0983315353	0.0198082947	-0.0123129524	0.0069089473	0.061873847	0.1932339077	-0.0414868709	-0.0273969481	0.0347387925	-0.0158880883	-0.2092452588	0.0490423621	-0.0076160522	0.0588043446	0.0789631757	0.0342727078	-0.0385077462	0.0061868938	0.0426370847	-0.0504681891	0.0439583153	0.0191011661	0.04732853	-0.0579223712	-0.0578593563	-0.0212746657	-0.0944854523	-0.1243520013	-0.0765875832	0.0108806083	0.2204939535	-0.2574801039	0.1074051303	0.0288992494	-0.0251390181	0.0395327041	0.0380792315	-0.069086698	0.1041148403	-0.074755238	0.0361933768	-0.182745538	0.0034693101	0.0355362928	-0.0464447472	-0.0538144045	0.00520104	0.1231236154	-0.0779721998	-0.1734781386	0.0648048841	0.0363932536	0.0174348191	0.0033973578	-0.065266098	-0.0922938421	-0.0441024915	-0.0094175469	-0.0215675391	-0.140204309	0.0013937881	-0.0144472981	0.0218533699	-0.1076127567	-0.06245003	0.0	0.0197493348415775	-0.0055838482959559	0.0003900362266847	3.117936179224962e-05	0.0711724188916065	-0.014892420491634	0.0002217841880996	0.0050655132108823	-0.0319587587610854	-0.0048298146092876	0.0010213622615492	2.3327109160087943e-05	-0.0028281478679827	-0.000811077068976	7.998420363175093e-06	6.578460118188611e-07	-0.0003712355477187	3.5914759958299966e-05	1.378158318900032e-07	1.2898699828623064e-09	0.0019334804883072	-0.000196610554669	3.738346798664649e-06	3.865571020729107e-08	0.0	0.0
561.3150297993815	0.8675729353963106	0.752682798232171	315074.5626786805	745.2506214815028	2.43067609001605	5.908186254575711	555398.4888185661	538.844689671773	0.5755699801158016	290353.59958746936	0.3312808020105043	584.1200072058838	511.706027355039	1.001449	17.392696	0.0293153707899622	0.0135803899388387	-0.1519827246	0.0441560316	-0.0117460518	0.166008913	-0.092501914	0.0126574275	0.1611876696	-0.0264834072	-0.0203724013	-0.1046655101	0.007813328	0.110503717	-0.0386124335	0.0176561865	0.1117099192	-0.0899716683	0.0261824337	0.1634744513	0.0589742205	0.0460634026	-0.0376693281	-0.003080631	0.0405923236	0.0668855502	0.0335134889	-0.0444492506	0.0927705796	-0.1381175409	0.0233598504	0.1115726143	-0.0806749695	0.0053836442	0.1046599771	0.0122785528	0.2245686382	0.0756191909	0.0443515104	-0.0967589331	-0.0244341942	0.053315958	-0.1054412504	0.0405519279	0.0150647972	0.1309388129	0.065767592	0.0960319187	-0.0343425501	-0.011902109	-0.019159218	0.0105646565	-0.0853266119	0.1291561183	-0.075242067	-0.0098455923	0.0293674054	-0.2195690244	-0.0274840441	0.0868871122	0.0233427436	-0.017544692	-0.0525718138	-0.0535244374	0.1050623378	0.1122784913	-0.0439042263	-0.0219920519	-0.050902602	-0.0281514351	-0.0945924626	0.0143276314	0.12743572	-0.0341308913	0.00812647	-0.0487513971	-0.1724205325	0.0425207954	-0.1652590815	-0.1121007944	0.0623685772	-0.055296019	0.0424491037	0.1064548065	0.1251498716	-0.1033587858	-0.0065142707	-0.2061788995	-0.0852527461	0.1316482361	0.0953283035	0.0117440093	-0.1445720101	0.1210285415	-0.018160027	-0.0469219563	-0.0208757467	-0.0033368987	0.0975816839	0.045840021	-0.1503450208	-0.0922963646	-0.0778771437	0.0343832064	0.049523469	-0.0530786638	-0.0533272318	-0.08261312	0.0694302612	-0.090089142	0.0252210601	-0.0488028431	-0.0252877122	0.0194497534	-0.1093265412	-0.0561566646	0.0	0.0253165456766168	0.0055672108350393	0.0006409274849962	3.099383648177899e-05	0.0632122372580852	-0.0079601816335213	6.336449163864986e-05	0.0039957869391724	-0.0265267385140788	0.0054320202470065	0.0007036678561943	2.9506843963889627e-05	-0.002964620842778	-0.0001364729747952	8.788976741433739e-06	1.862487284947857e-08	-0.0004033088778474	-3.207333012869996e-05	1.62658050950529e-07	1.0286985055445723e-09	0.0018949076317433	-3.857285656390006e-05	3.5906749328390017e-06	1.4878652634992076e-09	0.0	0.0
561.8931455811963	0.5781157818148586	0.3342178571834051	315723.9070511315	747.9020929897533	2.651471508250552	7.030301159064456	559357.5406984537	539.2864505813783	0.4417609096052501	290829.87578066136	0.195152701255258	584.9959912087447	511.33786671336105	0.964762	16.755539	0.0374218161434074	0.0236830311021187	-0.1343099456	-0.0168562851	-0.1101354271	-0.0515209546	-0.0956631199	0.0632176504	0.016724575	0.1399023161	-0.02355924	-0.1033128907	-0.1239206984	0.0387870131	0.0132869696	-0.0029890516	0.0200533254	-0.0198332715	0.0207305863	-0.0645599488	0.1842798185	-0.1006188199	0.098162014	-0.0157453492	-0.0561140382	0.027625645	0.0199001341	0.0113352119	0.1256775397	0.0973836524	0.0236871237	-0.052369087	-0.1401814379	-0.0737958732	-0.0260371122	-0.0313134212	-0.0283014454	-0.0750044811	-0.0188542217	0.0636294591	0.0717490031	0.0563442391	0.021332273	0.067752738	-0.0984210191	0.0883707746	0.0005016603	0.1707717716	-0.0072813969	0.0852678835	0.0149443374	-0.0311653252	-0.1394626486	-0.046204479	0.1203263445	-0.1308991866	-0.0439843865	-0.1009898556	-0.0836665314	-0.1093983454	-0.0679995422	0.0270747813	0.0382417568	0.0067191602	0.0415267821	-0.009297105	0.0504094958	-0.0337259261	-0.1321293404	-0.0007549184	-0.0502696399	0.0257408236	0.0062313581	0.0018934208	0.0501727899	0.0896491515	0.0424395554	-0.1591951522	-0.0102131186	0.0226347898	0.154863292	0.0956498593	-0.0345160742	0.0811416344	0.0393897223	0.0186745594	0.104488829	-0.1977525895	-0.0677433768	0.1350685355	0.1055264845	0.0831142498	-0.1189321967	-0.082918396	0.0648845921	-0.0163815581	-0.0219995132	0.0555628554	0.0829955665	0.0253587403	0.0181125319	-0.1406640206	-0.0441280647	-0.0653117911	0.0197221211	-0.0145690477	-0.0895785697	0.006445359	0.005078615	-0.0372452835	-0.0432563598	-0.0649365514	-0.0428969662	0.0170374908	-0.110845947	-0.0496386907	0.0	0.0342046694242839	0.0088881237476671	0.0011699594104245	7.899874375384385e-05	0.0621704647227119	-0.0010417725353732	1.0852900154581086e-06	0.0038651666838379	-0.0266645219458609	-0.000137783431782	0.0007109967306012	1.8984274073652226e-08	-0.0026550836228127	0.0003095372199652	7.049469044128213e-06	9.58132905438464e-08	-0.0004008290996477	2.4797781996999937e-06	1.606639671243858e-07	6.149299919707342e-12	0.00212997336215	0.0002350657304066	4.536786523468575e-06	5.525589761163536e-08	0.0	0.0
562.4629569482792	0.5698113670828207	0.3246849940567929	316364.5779390017	749.8420283598058	1.939935370052467	3.7633492399806014	562263.0674947478	539.1742190012492	-0.1122315801291051	290708.83843560703	0.0125959275782757	584.2708625547714	515.9191898051316	0.951078	16.517883	0.0399865676463035	0.0193607638984221	-0.0578485864	-0.0084110398	-0.018567357	-0.0811518189	0.1114944165	0.0856805604	-0.0142150466	0.0683118657	-0.0667716427	0.0858804877	0.0246862	-0.130075298	0.0437817791	-0.0283007805	-0.0130304082	-0.0365998308	-0.1359968504	-0.129662104	-0.0883074138	-0.0032824654	0.0327654822	0.0374571218	-0.0381602219	0.0067329755	-0.0667609478	-0.1162189749	0.0461181066	0.0547248527	0.0422901227	-0.0238598571	0.0706801996	0.0636108426	-0.0056662407	0.0541407135	0.0629720928	-0.0641552514	0.0678111373	-0.0251719783	0.0739220723	0.0202973898	-0.1479009423	-0.1178380367	-0.080376044	0.0708892305	-0.0379032522	0.0255472547	0.0725170168	-0.1363335479	-0.0837561875	0.0189901417	-0.163582418	0.0678947054	0.1361412307	-0.0303912574	0.1046708513	0.1086352945	0.0279132211	-0.059659528	-0.0683916887	-0.0562114208	0.0134339502	-0.0540752317	0.0733429948	0.0692107543	-0.0265404586	0.064658859	-0.1064348795	0.0780585169	0.0545637841	-0.1520959972	0.0220148831	-0.0976479921	0.1353158835	-0.0214607931	0.0546615798	-0.0017836734	-0.0690332743	-0.0342740888	0.0510150108	-0.0356233909	0.0945370046	0.0569311568	-0.1345925789	0.0507839566	0.0984641695	-0.2038477254	0.0711837034	0.1449099111	-0.0491365537	0.0634145882	-0.1276361022	-0.0797165887	0.0436079306	-0.0668244042	0.0139683299	-0.029106957	0.1009386265	-0.0574470434	0.0514491624	0.0027881504	-0.0056835713	-0.073151552	-0.0153069595	0.0758622569	-0.0582057649	0.0159095812	0.0009495243	-0.0408038411	-0.1975844972	-0.0780078554	-0.055865939	0.0146176544	-0.1121682727	-0.0429221782	0.0	0.0319634108970063	-0.0022412585272775	0.0010216596361708	5.023239786094554e-06	0.0656132179701103	0.0034427532473984	1.185254992247223e-05	0.0043050943723932	-0.0421927747496084	-0.0155282528037474	0.0017802302410711	0.000241126635137	-0.0029072131441552	-0.0002521295213424	8.451888265548764e-06	6.356929553239806e-08	-0.0002775989607315	0.0001232301389162	7.706118299920889e-08	1.5185667137305947e-08	0.0021300997632489	1.2640109890021958e-07	4.537325001393021e-06	1.5977237803183086e-14	0.0	0.0
562.6523492244335	0.1893922761543081	0.0358694342669096	316577.66608777386	747.3257800831515	-2.5162482766543235	6.331505389765853	558495.8215768909	539.2506362118395	0.0764172105903071	290791.24865487363	0.0058395900744033	584.6346718794763	517.7514671852919	0.91685	15.92343	0.0475335853715559	0.0222843577566421	-0.0129641371	0.0154566684	0.104348619	0.0816726582	0.1393195864	0.045125467	0.0545245335	-0.077581947	-0.0226402534	0.0704355454	0.0614618266	-0.0443225072	0.0597255622	-0.0513684832	0.0167926202	0.0210640576	0.0019458819	0.068102533	-0.1060451629	0.0220534884	-0.0732672634	-0.1224932507	-0.021587557	0.0845316214	0.0190124507	0.0027041068	-0.1135694139	-0.041565965	0.0101354983	-0.004053948	0.0263428796	-0.0392366852	0.0650918705	0.1380481533	-0.0457558913	0.0242684032	0.07660435	-0.1510265144	-0.0199526053	0.140781575	0.0244116221	-0.007877385	0.0645027195	-0.0139095018	0.1236778076	-0.0150225673	-0.0745604182	-0.0423882548	0.1473518021	-0.0296529777	0.0533408616	-0.0017396689	0.0207860632	0.0875349867	0.0506715857	0.022788038	0.021654239	0.1026944525	-0.0242585684	-0.0731024855	0.011942891	0.0100819699	-0.0058988217	0.0932253354	0.031817674	-0.0686442314	-0.0031482241	0.0335838265	-0.0413634282	0.1096011096	-0.000369206	0.0479889955	0.0374512479	0.0058607633	0.0176027661	0.0903582136	-0.1570427962	0.1254626683	-0.0384419081	-0.0390971508	-0.1216363975	0.0556624843	-0.0673436642	-0.0771163056	-0.0040788924	0.1718668575	0.0531575214	0.1524529733	-0.0876484239	0.0622675068	-0.0864010576	0.0444338991	0.0335532388	-0.0256774081	0.0666483846	-0.1635922298	0.1321126158	-0.0309345337	-0.0812902293	0.026343317	0.0127396625	-0.0181066373	-0.0651575529	-0.014833587	-0.1028188765	0.0670807704	-0.0696528453	0.068223922	-0.1103673185	-0.0899206251	-0.0385563261	0.0121913197	-0.1132911674	-0.0360339907	0.0	0.0253846679833884	-0.0065787429136178	0.0006443813686268	4.327985832347772e-05	0.0514974576650786	-0.0141157603050317	0.0001992546889891	0.0026519881459665	-0.0544390804859347	-0.0122463057363263	0.002963613484154	0.0001499720041875	-0.0029751947113574	-6.798156720220008e-05	8.851783570489044e-06	4.621493479267246e-09	-0.0003214017195605	-4.380275882900003e-05	1.032990653364463e-07	1.91868168103154e-09	0.0019500285609485	-0.0001800712023004	3.802611388514878e-06	3.242563789791163e-08	0.0	0.0
563.2785425650445	0.6261933406110529	0.3921180998256301	317282.71651420067	749.6701284520766	2.344348368925125	5.495969274881895	562005.301493353	539.7861129883303	0.535476776490782	291369.04777505045	0.2867353781609588	585.9682064264333	523.0095446214443	0.972956	16.897848	0.0469771407247108	0.0261512274845353	0.0048896348	0.0844734095	0.0384439145	0.1183478798	-0.1356732579	0.0016265281	0.062248852	-0.1360022261	-0.0425631864	-0.0050466285	-0.1072909048	0.0573677066	-0.1309890573	0.0665329456	0.0945912699	-0.0724938632	0.1256799966	0.0921965687	0.0258304689	0.0492605336	0.0400130391	-0.0589677007	0.0581533626	0.0657838315	0.1721418574	0.0524909513	0.0494638059	-0.0331885164	0.0147576498	0.1055500018	0.0995797152	0.1009138536	-0.0759817163	-0.104334234	-0.0246504005	-0.0680755738	-0.0504619795	-0.0772289	0.0032533356	0.0513580823	-0.0833426244	-0.0257850363	0.0878943868	-0.0400766205	-0.0938289413	-0.0448454379	0.050003269	-0.0266449617	0.0761145752	-0.0582935853	-0.1941533682	0.0911129315	-0.0594446735	0.0638382844	-0.043935363	-0.1826584809	0.0535325892	-0.0134230011	0.0130073331	0.0962890464	-0.0634844638	0.0114411484	0.0928374978	0.0193585441	0.0353251333	-0.1595545621	-0.0619192511	0.0512475402	0.04755363	-0.0378473331	0.0440844674	-0.0774974941	-0.0932490458	0.1428599695	-0.0044445377	0.0209766285	0.014917737	0.1191096778	0.1609163059	-0.0886235617	-0.1769700886	0.1621318586	-0.0672511669	0.0389142332	-0.0546871727	-0.1137201993	0.1009303088	0.1487602831	0.0311338981	-0.017275618	-0.1128046155	0.1651392024	0.0037170261	-0.0584720007	0.0253160827	-0.0949165441	0.1012791027	0.1172435606	-0.0195709605	-0.1309232633	-0.0418747368	-0.0339063507	-0.0172947989	-0.0033763789	-0.0461576317	0.067243305	0.0672483788	0.0516847288	-0.0546247922	-0.1534365162	-0.0868463981	0.0097595656	-0.1142126345	-0.029001679	0.0	0.0255006639431059	0.0001159959597174	0.0006502838615392	1.3455062670783217e-08	0.0710666252539482	0.0195691675888696	0.0003829523201212	0.0050504652249851	-0.044613631851611	0.0098254486343237	0.001990376146991	9.653944086573356e-05	-0.0031271474596671	-0.0001519527483097	9.779051234502398e-06	2.308963771887108e-08	-0.000338831733079	-1.7430013518499987e-05	1.1480694334131872e-07	3.0380537125509227e-10	0.0021299763699563	0.0001799478090077	4.536799336572217e-06	3.2381213966707654e-08	0.0	0.0
562.0201673155455	-1.2583752494990676	1.583508268551841	315866.6684693937	750.318036068187	0.6479076161103876	0.4197842790138454	562977.1552492211	538.788112655701	-0.9980003326293172	290292.6303390923	0.9960046639282276	584.654958208914	519.369986757418	1.199993	20.840918	0.0195759204343011	0.0127739581144899	0.0107390152	-0.129869126	-0.1409434472	-0.0302552563	-0.0612225108	0.1043908906	-0.0820445156	0.1752600848	0.0860848298	-0.0821151815	0.0728616735	0.033254231	0.0336952297	0.1109185422	0.0621211425	-0.1725859985	-0.0939830941	-0.0976352647	0.1370761128	0.0749253093	0.1688194898	-0.0446969949	0.0223074407	-0.0589358568	0.0614340542	0.0371737052	0.0673442554	0.0358506861	0.0991169646	0.0641791865	0.0355085311	-0.0858951045	-0.1208447664	0.0166125804	-0.0333411835	-0.1559293374	-0.1063373795	-0.0433249112	0.1354661434	0.0221728028	-0.1398646976	-0.0340939693	0.0958687802	-0.0635385183	0.0825370159	0.0107838264	0.0703419458	0.0703409414	0.0684586238	-0.0196351386	0.0937470633	-0.0042824838	-0.1521426517	-0.2067008724	-0.0845828021	0.0578217923	-0.0504622317	0.0294313203	-0.0185749069	0.0515669232	0.095940774	-0.0066578322	0.1253867099	0.1185079335	0.0419620686	-0.0288455441	0.0100162165	0.0527562597	-0.0192978273	-0.020446273	-0.0823400581	0.0708920554	-0.0112771657	0.0279307452	-0.1628512061	-0.0633649036	0.0470533715	0.2046883261	0.1250425127	0.0306232998	0.037141661	-0.0521266952	-0.0085320683	0.1339460643	-0.0895242312	0.0008622634	0.0246950034	0.1773771187	0.1278754021	0.0533370086	0.0612135272	-0.0674692636	0.0362089161	0.0662740418	0.0747709884	-0.1106817553	-0.0848029752	-0.1247006314	-0.0156245524	-0.1901017648	0.1781670628	-0.0186428386	0.0062692001	0.0544519814	-0.0504230508	-0.0079849846	0.0486068781	-0.1070635042	-0.018203226	0.1506711665	-0.168472397	0.0073234729	-0.1149310357	-0.0218533699	0.0	0.0254116687847982	-8.899515830769825e-05	0.0006457529104282	7.920138202212272e-09	0.0761105018526819	0.0050438765987336	2.544069114325334e-05	0.005792808492267	-0.0447982361046257	-0.0001846042530147	0.0020068819580857	3.407873023111698e-08	-0.003092151431634	3.499602803310039e-05	9.561400476156196e-06	1.2247219780935483e-09	-0.0003719588191157	-3.312708603669999e-05	1.3835336311794604e-07	1.0974038292829236e-09	0.0019129305955412	-0.000217045774415	3.6593034633576095e-06	4.7108868191450436e-08	0.0	0.0
561.5474000776218	-0.4727672379236765	0.2235088612539821	315335.4825339366	745.949558392693	-4.368477675493978	19.083597201289265	556440.7436662538	538.5831482668957	-0.2049643888052514	290071.80759708094	0.0420104006783102	583.2018063529159	516.6663414559713	1.223634	21.251509	0.243454473432886	0.1059476557704658	0.0423581145	-0.2265187978	0.0870081323	0.0587869835	0.1333903181	0.1360172917	0.0023729823	-0.0771947033	0.2124003098	0.095342773	0.1140174423	-0.1076417709	0.1510342594	0.2388296455	-0.1558865095	0.0401581278	-0.0578545369	0.0385594715	-0.0680647909	-0.0892216671	-0.0354603985	-0.0446050713	0.1487824399	0.101962099	-0.0212636681	0.0223347438	-0.1601833759	0.1296994413	0.0831917839	0.0792199115	0.1548501216	-0.0879761245	-0.0968788727	-0.0031782245	0.0247776303	-0.0425595823	-0.0256056555	-0.1332644716	-0.085644277	-0.0551770906	0.1053649663	-0.0303788021	0.0689200227	0.0112479751	0.1232148641	0.1053856859	-0.071403149	0.1926566094	-0.0978359296	0.0646429712	-0.0441012071	-0.0128373113	-0.005007121	0.1012536316	-0.0036148752	0.2543288166	-0.1437249526	0.1943077692	-0.0026952555	-0.0606494328	-0.0319329216	-0.0030609159	0.0662045591	0.2001920558	-0.0123929037	-0.0798519347	-0.0264338889	-0.0384105474	0.0124037934	-0.1049726727	-0.227588866	-0.0218378515	-0.0602801307	0.101936081	0.0180601007	-0.0066884715	-0.084706344	0.276984775	0.0520429683	-0.1712635185	0.0365812011	-0.1243542461	0.12278373	0.0126654206	-0.0081654416	-0.1142996612	-0.0339408261	0.2135760746	-0.1272261906	0.1314729468	0.1175737924	0.0469814489	0.0265388846	0.00063727	0.0645579823	-0.1894938397	-0.1602007385	-0.1259652876	0.0376070423	0.0068161247	0.1921387886	0.2165791651	0.0101601985	-0.0828539674	0.0023601167	0.0919708423	0.109467633	-0.2523431678	0.1842081231	0.1909673769	0.2137506603	0.0048841247	-0.1154450938	-0.0146176544	0.0	0.0013114738802499	-0.0241001949045483	1.719963738577729e-06	0.0005808193944372	0.0087836908050888	-0.0673268110475931	0.0045328994858383	7.715322415940153e-05	-0.1140653236645903	-0.0692670875599646	0.0130108980627077	0.0047979294190398	-0.0041298321193492	-0.0010376806877152	1.70555133340083e-05	1.0767812096570902e-06	-0.0002633999012648	0.0001085589178509	6.937950798630638e-08	1.178503864495846e-08	0.0014039626026917	-0.0005089679928495	1.9711109897568523e-06	2.590484177452487e-07	0.0	0.0
562.2022267270565	0.6548266494347672	0.4287979408099635	316071.34373686067	748.8464543062098	2.8968959135168006	8.392005933750339	560771.0121269823	538.8283394196905	0.2451911527947459	290335.97936178115	0.0601187014088164	584.2788111948518	521.5223925669019	1.285081	22.318695	0.1939338630400308	0.1010809095719054	0.0203342232	-0.002268893	0.0418339052	0.2243331973	-0.1070268544	0.0948403983	0.0667534185	-0.1346031484	-0.0048613286	0.0017718811	0.0378362892	0.0442860818	-0.1156606587	0.1090038793	-0.0148220705	-0.1193501029	0.0561622771	0.1748078481	-0.0221967638	-0.0014900143	-0.0177449943	-0.1188293467	0.025073319	0.1970652954	-0.0159509327	-0.0282775626	-0.1076452206	0.0239063851	-0.1283513478	0.0310920305	0.1022060992	0.0697242993	0.1066701495	0.078945074	0.0808411458	-0.010973979	-0.0836581097	0.0151372548	0.2154523019	-0.0168882544	0.076133493	0.0014635235	0.0105769159	0.1116434958	0.0092435514	-0.0281457395	0.0905687082	-0.1573352467	-0.0906000633	0.0603795685	-0.0208462648	0.0235796889	0.0902079207	0.105609033	0.000471742	-0.1153411632	-0.0092899607	0.1174725207	0.0458859996	0.0782069643	0.0606739378	-0.0550225777	0.0519380353	0.2333840563	0.0380743314	0.0007714637	0.1271769802	-0.0623332144	0.0237044969	0.0661381861	0.0033845378	-0.0428085972	-0.1380680529	-0.1034212096	0.1295420344	-0.0196019139	0.0532237046	-0.2464724631	-0.0352294687	-0.1188641409	0.1347906054	0.0466661233	0.0779996818	-0.0086508329	0.0774052846	0.0951163344	0.0330271537	0.1613395706	0.0065902739	-0.0414161345	-0.0592876952	0.1646279599	0.0110568384	0.0467493321	-0.0142883744	-0.0979229543	-0.1309884328	0.0588366167	0.002524674	-0.0607491916	-0.0545479348	0.0065044207	0.077217509	-0.0143242514	0.0419231376	-0.0633910979	-0.0273852311	0.0929321491	-0.0228203626	0.0892538653	-0.0002208895	0.0024426053	-0.1157538946	-0.0073234729	0.0	0.014575969303948	0.0132644954236981	0.0002124588811496	0.0001759468388453	0.1002255757968839	0.0914418849917951	0.0083616183308526	0.0100451660438169	-0.0755329778754827	0.0385323457891075	0.0057052307467381	0.0014847416720113	-0.003443202612729	0.0006866295066201	1.1855644232303811e-05	4.714600793614987e-07	-0.0003792827516935	-0.0001158828504287	1.438554057321932e-07	1.3428835023480469e-08	0.0016153529823514	0.0002113903796596	2.609365257591562e-06	4.4685892612672046e-08	0.0	0.0
562.3703590498504	0.1681323227938946	0.0282684779680703	316260.4207378577	751.9661197662354	3.119665460025544	9.732312582476393	565453.0452762882	539.2440033571787	0.4156639374882616	290784.0951566769	0.1727765089282454	584.6710324244882	518.5500686490439	1.219336	21.176867	0.1537822571624939	0.1117136738321605	-0.0085968043	-0.1897159201	-0.114470643	0.0213910048	-0.0731017707	0.1547809293	-0.1219591217	0.1316067027	0.0668924632	-0.0961817346	0.0072543581	0.0569684975	0.0510230358	0.1739332985	-0.0479476439	-0.0509262529	-0.0411348092	-0.0545876429	0.0778493577	-0.0111768318	0.1293064789	0.0390905863	-0.004216774	-0.0311254689	-0.0822582132	0.0017937063	-0.0825217117	0.184070426	-0.0564363413	-0.0621497525	0.1328891515	-0.0159905513	0.2050555049	-0.0283385931	0.0630279354	0.0532518969	-0.1071038002	-0.0176737315	0.0677962153	0.0349513021	-0.0010021549	-0.0157324389	0.0723263144	0.0761144153	-0.0175909966	-0.0001820967	0.175544805	0.0321385581	-0.0458585354	0.0226565362	-0.0260947872	0.0001349843	-0.0978152565	-0.1408496756	-0.1024087762	0.0915733157	-0.1234866454	0.0717775526	0.0227832092	0.0270758283	0.0625215798	-0.0783779765	0.0636608223	0.1542181191	0.051582824	-0.0574962324	-0.0837629188	-0.0324952788	-0.0919838718	-0.0247219491	-0.0796765548	0.0267018382	-0.0604855428	0.0339609999	0.0204376896	0.0470284497	0.0493081155	-0.1516355374	0.0074770006	-0.009244358	-0.0067582061	0.0340662804	0.0143483719	0.0001787112	0.0654760016	0.0452527782	0.0202471566	0.1892158554	0.1250978347	0.1718376881	0.0763612221	-0.0269009033	-0.0107439958	0.0591849206	0.0265037341	-0.0472942864	-0.0341091067	-0.0560170937	0.1128529559	-0.0716564937	0.0321275152	0.0372494482	0.071449657	-0.0135824016	0.0566624766	-0.0256547393	-0.0758408	0.0340600636	0.0852257321	0.0603866189	-0.0347862623	0.0	-0.1158568893	-0.0	0.0	0.008778108450187	-0.0057978608537609	7.705518796324442e-05	3.361519047957423e-05	-0.007055569879526	-0.1072811456764099	0.011509244217643	4.978106632487454e-05	-0.0631054783990947	0.012427499476388	0.0039823014039786	0.0001544427432356	-0.0030408320066254	0.0004023706061036	9.246659292517457e-06	1.6190210465617845e-07	-0.0002169584139082	0.0001623243377853	4.7070953365561844e-08	2.6349190637436177e-08	0.0016161730615812	8.200792298001386e-07	2.6120153649807494e-06	6.725299431495885e-13	0.0	0.0
563.318996589858	0.9486375400075532	0.8999131823115819	317328.29191900446	752.0479386722341	0.0818189059987162	0.0066943333788267	565576.1020611563	540.3986082574928	1.154604900314098	292030.6558066352	1.333112475829328	585.3041499339199	513.4817518063677	1.127714	19.585608	0.0214829982817006	0.0102173633489537	0.0004580882	-0.1541754738	0.1094259644	0.0733517005	0.1182374311	0.1257057298	-0.0788764541	-0.0766598393	-0.0178045148	0.1020330589	0.0500951771	0.0152433378	0.0577751693	0.1645201439	0.0625506875	0.1776790367	0.0465842073	-0.0471117796	-0.1545162501	-0.0612875285	-0.1625424979	-0.1119590572	-0.0768305319	-0.0353705572	0.1275841134	0.0183796596	0.15005528	0.169743658	0.0608199504	-0.0633410458	0.0784167764	-0.0692500067	0.0234012728	0.1012588554	-0.0830932441	0.0033100916	0.0433857225	-0.013692362	0.010671929	-0.0625572556	-0.1031085408	-0.0431172488	0.0466423509	0.093708738	-0.058739152	0.0208006422	0.0345030812	0.0887399814	-0.0774744	0.0210687493	-0.0205657226	0.0314951403	0.0234660764	0.1030900451	0.0116192027	0.1293010962	0.0304352004	0.1184051396	-0.052131918	0.0129225552	0.0436349196	0.0103242541	-0.0278925882	0.0159891965	0.1052403003	-0.2362396519	-0.1626523547	0.0174808634	-0.085007448	0.0636994659	-0.0030599113	0.0042597404	0.0398011348	0.0246081961	0.0135875042	-0.0538576635	0.0314558323	-0.1067360555	0.0335471417	-0.0167730353	0.0845132635	-0.0767436621	0.0484614828	0.0849381068	-0.0330893734	-0.0090385799	-0.0927054495	0.1743473868	-0.0997376764	0.1542191063	0.0295807619	0.0729587091	-0.033973028	0.0099254054	0.0354294582	-0.0739508526	0.0394711655	-0.0472475295	0.0207086941	0.077114128	-0.0062287167	0.0865175308	0.0774751841	-0.0333365558	0.0086375629	0.0740034697	-0.0862521579	0.1134044693	0.1092374817	-0.0796337995	0.0097039306	-0.0024426053	-0.1157538946	0.0073234729	0.0	0.0115534511126185	0.0027753426624315	0.0001334822326116	7.70252689391237e-06	-0.0017130614364191	0.0053425084431069	2.8542396464668514e-05	2.93457948494627e-06	-0.066111588858547	-0.0030061104594523	0.0043707421814015	9.03670009442853e-06	-0.003180778942145	-0.0001399469355195	1.0117354678793066e-05	1.9585144761327053e-08	-0.000284071308763	-6.711289485479996e-05	8.069650846232367e-08	4.504140655791436e-09	0.0016160521576214	-1.209039597999638e-07	2.611624576152782e-06	1.461776749531126e-14	0.0	0.0
563.8192041707124	0.5002075808544078	0.2502076239442188	317892.0949916955	751.3895177055807	-0.6584209666533525	0.4335181693287351	564586.2073178252	540.1038116393797	-0.2947966181130823	291712.12734738656	0.0869050460509105	585.7707375260836	522.1729107364406	0.972805	16.895222	0.1038969374564276	0.0831937399907599	0.0514760915	-0.0754587828	0.1349926422	0.1514397998	-0.0718350333	0.0636201464	-0.0217614696	-0.1948012139	0.0009513871	0.0159638537	-0.0860162986	0.0961582149	-0.0546692502	0.1109685591	0.0512640015	-0.0621732568	0.1812911444	0.0374532567	-0.1131060621	-0.0998712584	-0.0066613446	0.0933861874	0.0494648488	-0.0102485179	0.1375621238	-0.0112945418	0.0264492073	0.0725281624	0.0312666454	0.0941305077	-0.0009987717	0.1944549734	0.0755035831	-0.0157708059	0.059534767	-0.003287814	0.0448278411	0.0472324884	0.1621363863	-0.1007234524	-0.0868965067	0.027760085	0.1336083475	-0.0882993113	0.0169616751	-0.0177229608	0.1186951101	0.0106598302	0.0641010361	0.0811125141	0.0156656335	0.0186557468	-0.1647610294	0.1762226211	-0.0825219155	-0.0402409631	-0.0364844639	0.0322007096	0.0445431919	0.0724123516	-0.0272774558	-0.0609857147	0.1240317212	-0.014507102	-0.0407100981	-0.044726757	-0.162755106	-0.0876082784	0.0044897461	0.0525120859	0.034157181	-0.0381594432	0.0139611372	-0.1220974704	-0.0229815249	0.0095544779	0.0238986198	-0.0547940257	0.0124399169	-0.1116735543	-0.0021968059	0.0563740941	0.0157392565	0.0255208111	-0.1276728567	-0.0428553489	0.0469985681	0.1602871695	-0.0775091399	-0.0205408947	0.0214522489	0.1080631668	-0.0018499589	0.0383124372	0.0833593932	-0.0509704859	-0.1159587997	0.0752050485	0.0517600056	-0.0356954984	-0.1142747342	0.061219687	0.0918679271	-0.1484837984	-0.0090008475	-0.0578192118	-0.0364297522	0.0139469699	0.0262220889	0.0413996873	-0.0590198904	-0.0048841247	-0.1154450938	0.0146176544	0.0	0.0198823870907745	0.008328935978156	0.0003953093164273	6.937117452822143e-05	0.0783436095004646	0.0800566709368836	0.0064090705614964	0.0061377211495612	-0.0655893763083241	0.0005222125502229	0.0043019662845149	2.72705947610308e-07	-0.0034687695625596	-0.0002879906204146	1.203236227813992e-05	8.293859744678625e-08	-0.0002958033791051	-1.1732070342100013e-05	8.74996390899955e-08	1.3764147451198268e-10	0.0016159924885548	-5.966906660003629e-08	2.6114317230655355e-06	3.5603975089195655e-15	0.0	0.0
563.9751610756231	0.1559569049106812	0.0243225561893192	318067.982310275	755.8440486683565	4.454530962775834	19.8428460983286	571300.2259073729	540.1115102193442	0.0076985799644262	291720.44347142073	5.926813346866519e-05	586.3810265827462	527.7762396448027	1.066481	18.522139	0.0338196952142413	0.017131915852461	0.0941731408	-0.1019939345	-0.0770838809	0.05935462	-0.0589223823	0.1754831677	-0.1807816181	0.0743689777	0.0116544841	0.0290710951	0.0557041794	-0.0022640092	-0.1388983712	0.1520075733	0.0900022902	-0.1311897542	0.0322622527	-0.1501888193	0.0745498909	0.1710774516	0.1176372428	-0.1220059411	0.0303143722	0.1191485261	0.0366929825	-0.0792155945	0.0243881862	0.1426415945	0.0889200595	-0.062224654	0.0399827855	0.0285641416	0.0205326055	0.141693607	-0.167622416	0.0827075013	0.0474328944	-0.1445058567	0.0197844946	0.0939903898	-0.0048962113	0.0092914854	0.0841907216	0.1237223978	0.0687948	-0.1204401174	-0.0408234742	-0.0794632376	0.1707023524	0.1138618337	0.0938742757	0.0069113786	0.0672704517	-0.1304414611	-0.1376890575	0.0752982686	0.0538643691	-0.0103599864	0.0029201762	0.1173615639	0.0204084198	-0.0550637104	0.0827003656	0.2223651937	0.087722906	-0.0176809046	-0.0077406001	0.0598545184	-0.0382841382	0.1929268495	0.0315628311	0.1745683817	0.120495399	0.0539048135	0.0981260708	-0.0673033695	0.0413052806	-0.0005807127	-0.0720582475	0.0049053464	-0.0430833404	-0.0508017859	0.0545363973	0.02653026	-0.121379238	0.0537468289	0.0380600237	0.1504367097	0.0941458808	-0.0248548218	0.040438072	0.0674328392	0.0067630631	0.022141851	0.0429478386	-0.0477403768	-0.0388035053	-0.0189370904	0.1635176745	-0.0417797965	0.0750267222	0.0090972641	0.0875713258	0.0082109074	0.0797513483	-0.0237088151	-0.1131135597	0.157659169	0.0003450839	0.1131140456	-0.090373767	-0.0073234729	-0.1149310357	0.0218533699	0.0	0.0264546051981113	0.0065722181073368	0.0006998461361879	4.3194050850405714e-05	0.0780278168146537	-0.0003157926858108	9.972502041165517e-08	0.0060883401968611	-0.0631845678001354	0.0024048085081886	0.0039922896080899	5.783103961056731e-06	-0.0032848733786111	0.0001838961839484	1.0790393113507904e-05	3.3817806470820514e-08	-0.0001529233792927	0.0001428799998124	2.3385559934298983e-08	2.0414694346391423e-08	0.001779753823052	0.0001637613344972	3.1675236706682097e-06	2.681777467630383e-08	0.0	0.0
562.8886534890484	-1.0865075865747258	1.1804987356844352	316843.63622671395	751.2591550490436	-4.584893619312993	21.021249500417	564390.3180450029	540.0911995148563	-0.0203107044878834	291698.5037933963	0.0004125247167941	585.9099650954822	518.4091068515933	1.030936	17.904823	0.031140789523885	0.0178709958674928	0.0297900655	-0.1588421803	0.0116698445	0.1420257338	0.1038325954	0.0651776543	-0.0536950997	-0.1022915637	0.0108513616	0.0034741255	0.0199840943	-0.043927189	0.0202919188	0.2269232226	0.1012923143	0.1279763747	0.1207923585	0.0389833709	-0.0146883015	-0.0390583566	-0.0459625449	0.0290616358	0.1187610474	-0.0109378724	-0.0485921614	0.0361437433	0.0032092476	0.1587127432	0.0948401704	-0.1879615935	-0.0065966934	-0.0935310848	-0.0186595556	0.1487099316	-0.0230507869	0.0924632681	-0.0311104304	0.0770491404	0.239595826	0.0748565274	-0.009518924	-0.1062231482	-0.0736051113	0.036062026	0.0176762082	-0.0222823738	0.0766698151	0.0776153449	-0.1479179831	0.0378832626	0.1638677526	0.0560370036	0.0786018365	0.0803045731	-0.1199907631	0.0620005348	-0.0326211468	0.0866795406	-0.0063814429	-0.0410988995	0.0917442181	0.1151039684	0.0034554437	0.0745461872	-0.0984998174	-0.1072384988	-0.0489774396	0.0517819115	-0.019186265	0.1511361792	-0.1008731223	-0.0275987371	0.1351478379	-0.0084561192	0.0781163813	0.0214658597	0.0698619788	-0.1120954736	-0.0012789227	0.1852683505	0.0961686438	-0.0019156019	-0.1094797484	0.09857728	-0.1109615569	0.1019591949	-0.0036358136	0.1261657125	-0.028880637	0.0681526096	0.0779201053	-0.0476536803	0.0644063267	0.1012341174	0.1120341596	-0.0393409441	-0.1285949621	0.0150647886	-0.0229901516	0.1379397736	0.0690770309	-0.0553152945	0.0694990348	-0.0859697802	0.0423761559	0.108159386	-0.1404115044	0.1343718078	-0.1008678937	0.0549739262	0.0999120552	-0.0097595656	-0.1142126345	0.029001679	0.0	0.0250852845280888	-0.0013693206700224	0.0006292714998551	1.8750390973508672e-06	0.0654945836771929	-0.0125332331374608	0.0001570819328779	0.0042895404910488	-0.0593892452055087	0.0037953225946266	0.00352708244608	1.4404473597283938e-05	-0.0030618431804415	0.0002230301981696	9.37488366161612e-06	4.974246929557105e-08	-0.0001907120704245	-3.778869113180001e-05	3.6371093805599446e-08	1.4279851774545806e-09	0.0017717144499179	-8.039373134100056e-06	3.138972092047887e-06	6.463152038928977e-11	0.0	0.0
562.4400242061596	-0.4486292828887599	0.2012682334652829	316338.7808290254	749.5887929579791	-1.670362091064476	2.7901095152652884	561883.3585282001	539.2131172394656	-0.878082275390625	290750.7858031017	0.7710284823551774	585.3323780774361	511.9846466157495	1.039641	18.056007	0.1216125647779858	0.0601382309189792	-0.0751303592	-0.1024369672	0.1135812267	0.0044269385	-0.1214345637	0.0864604986	0.0291956557	-0.0164020248	-0.0283357919	0.0672225738	-0.2186971737	0.0021753799	-0.081023948	0.1334621709	0.1008543782	0.0036792166	-0.0129128375	-0.0337024815	-0.0205996122	-0.0326066623	0.1037967592	0.0518485476	0.137562569	0.0511194054	0.0875866034	0.0125070699	0.0777419184	0.0158970705	0.1919052049	0.07514054	0.0232915833	0.0048823316	0.0678625765	0.0386625763	-0.1623678147	0.0014695389	0.0479740617	0.0914957158	-0.0635925786	0.0982815499	-5.52733e-05	0.0278827397	-0.0868682147	0.024607723	-0.0210706993	0.055461669	0.0359314882	-0.0391223521	-0.0182732045	0.0480328329	-0.0940025745	0.031309146	0.0901368969	0.0363445803	0.0130612771	-0.0203635255	-0.0403547394	-0.1111002921	-0.0071308793	0.0858181203	-0.1332111567	-0.0489366579	0.1228390368	0.0080652909	-0.0615840836	-0.0958176322	-0.1036411358	0.0502885232	0.0262093572	0.1677733985	-0.0198008104	0.0517525133	-0.0093874397	-0.0419938093	0.2000234649	0.0098511364	0.0885644433	0.0435371778	0.0024383104	0.0312943374	0.1546647156	0.0141265023	-0.0008901567	0.0986308858	0.1589843757	0.0172357065	-0.0781645251	0.0786190547	-0.0919237055	-0.0181581106	-0.0141495701	0.0315936412	0.104372516	0.1177106255	0.0733809219	0.1494883041	-0.0992053783	0.0762894344	0.121000846	-0.0281097171	0.0029885053	-0.0070652373	0.0277641102	-0.1165728329	0.1273856187	0.0228377855	-0.1443288744	0.0483895648	-0.1745509708	-0.1029030383	-0.0104136677	-0.0121913197	-0.1132911674	0.0360339907	0.0	0.0283562474003531	0.0032709628722642	0.00080407676663	1.0699198111731503e-05	0.1059156080808207	0.0404210244036278	0.0016338592138386	0.01121811603513	-0.049227655584815	0.0101615896206937	0.0024233620743771	0.0001032579036193	-0.0021821455354423	0.0008796976449992	4.761759137850761e-06	7.738679466171391e-07	-0.0003477808089036	-0.000157068738479	1.2095149104164233e-07	2.4670588607415903e-08	0.0020901278240676	0.0003184133741496	4.36863432094156e-06	1.0138707683739681e-07	0.0	0.0
561.9349389193309	-0.5050852868287166	0.2551111469708468	315770.8755782721	747.6268958372228	-1.961897120756248	3.849040312431657	558945.9753792016	539.2860688971707	0.0729516577050617	290829.46410656394	0.0053219443619164	585.1612427544192	511.20931765548585	0.963094	16.72657	0.0566990523775891	0.0274019019620665	-0.1061633811	-0.0797994851	0.0249549328	0.0509933838	0.0041666737	0.0420934555	0.0680712136	0.0520402848	-0.0644824345	0.1168914018	0.0645418072	-0.0305144096	-0.1195960074	-0.0113148958	0.145185677	0.0978696641	-0.070343196	0.0354139927	-0.0957633065	0.1601118363	-0.0969170989	-0.0252435783	0.0781198455	0.0281407487	0.1039960092	0.1496972548	0.0055065802	-0.0898962233	0.0481781392	0.0018864908	0.0040205707	-0.0831376152	-0.1344606153	0.1538512252	0.0786366789	-0.0545771584	0.0277387779	0.0964989375	0.0896691623	-0.0088298453	-0.1271903843	0.0856439783	0.0743227352	0.0049440147	0.007959302	-0.0581169283	-0.0209768204	0.0243806462	0.0237558377	0.0257471073	0.1201554233	-0.0748997753	0.0636306726	-0.0848087252	0.1008530706	0.0050535611	0.1316745069	0.0640817656	0.0183389059	0.047870432	-0.0567883155	0.1243210198	0.0937542658	0.0346900737	-0.1498203594	-0.037427858	-0.0171031634	0.0509830929	0.0305742824	0.1409584172	0.0308116022	-0.0873161197	0.0472649782	-0.1654731113	-0.0067795681	0.0209209204	0.0999193099	0.0205729341	0.0490788505	-0.0732147319	-0.0586449887	-0.0068538727	0.0933225719	-0.0107276912	-0.026038901	0.0147714961	-0.0493986929	0.0752184885	0.024504377	-0.0358262027	-0.0207785905	0.081951132	0.0089950581	0.0506104133	0.1156373222	0.1433658385	0.0037893307	-0.0435795199	0.0200392217	0.0903167449	0.0334890541	0.0591428491	0.0754918338	0.0201378442	0.2388846815	-0.1121337492	0.0468396549	0.0591317632	-0.0533620891	-0.0897436043	0.0273683941	-0.0146176544	-0.1121682727	0.0429221782	0.0	0.0419024021728517	0.0135461547724985	0.0017558113078554	0.0001834983091204	0.0937975104480273	-0.0121180976327934	0.0001468482902379	0.0087979729662477	-0.0301620544175378	0.0190656011672771	0.0009097495266865	0.0003634971478696	-0.002181942192385	2.0334305729985053e-07	4.76087173090986e-06	4.1348398952050314e-14	-0.0005477393582109	-0.0001999585493072	3.000184045332886e-07	3.998342144107992e-08	0.0020509057403318	-3.922208373579976e-05	4.206214355725929e-06	1.538371852578088e-09	0.0	0.0
561.7515737744683	-0.1833651448625914	0.0336227763504791	315564.8306380919	747.5737846374511	-0.0531111997717062	0.00282079954119	558866.5634771622	539.2029833199988	-0.0830855771719143	290739.8572211869	0.0069032131339901	584.7036491900653	507.8540431356042	0.993226	17.249884	0.0993267565651588	0.0524828829808079	-0.1124693601	-0.0961220186	0.0154093855	0.1459573498	0.0295003717	-0.0941923558	0.0709453431	-0.0363107812	0.033009989	-0.1290213464	0.0032240548	0.0774260776	0.0363488303	-0.0338356668	0.1770782111	-0.0612180866	0.0719715107	0.0747185367	-0.0245167714	-0.0999475159	0.0395895489	-0.0625783565	0.073670924	0.086823313	-0.0896567909	0.0754447793	-0.0118164113	0.0383810128	0.0476399201	0.0508322845	-0.0277740961	0.0401855847	-0.0669246996	0.0097144569	0.0787787667	-0.1474044839	-0.0051345261	0.0714569397	-0.1145271985	0.0234944654	0.1593081872	-0.047206113	-0.0650731251	0.1018688781	0.0773149411	-0.0826316603	0.1049565547	6.19019e-05	0.1775863183	-0.0120302388	-0.0283162848	-0.1057947818	0.0038491785	0.0526822709	-0.0234889178	-0.1224645662	-0.0820627635	0.0299668269	-0.0367514578	-0.0677896111	0.0101700545	0.0850733237	0.1423984249	-0.0377735362	0.0753618645	0.0458591846	-0.0794253463	-0.0496689413	-0.0454569626	0.0533908058	0.0180357833	-0.0209764803	0.0860378756	-0.0857816908	0.0171534929	-0.0560317049	0.1223694283	0.1577164879	-0.1882828567	-0.0120330062	-0.1150890931	0.0229222376	0.0679878238	-0.0086523517	0.2138054805	0.0491790246	0.0824315695	0.0914213499	0.0447795496	-0.0520004666	-0.0116578722	-0.0626395145	0.0214834008	0.0070288167	0.0673876994	0.1069327097	-0.0704584908	0.0299208995	-0.0387680071	0.0734482095	-0.2320816552	-0.0114155536	0.1205068967	-0.0582761148	0.0695656531	0.0101089826	0.0218289612	0.0445426395	0.023105159	0.083671499	0.1060834903	-0.0170374908	-0.110845947	0.0496386907	0.0	0.0223258462573454	-0.0195765559155062	0.0004984434111066	0.0003832415415129	0.1387832153245654	0.044985704876538	0.0020237136432389	0.0192607808558246	-0.0349963785071523	-0.0048343240896145	0.0012247465086158	2.337068940342707e-05	-0.0021828291330036	-8.869406186002259e-07	4.764743023889248e-06	7.866636609229514e-13	-0.0001519579520339	0.0003957814061769	2.3091219186337053e-08	1.5664292147544344e-07	0.0022528408272062	0.0002019350868743	5.075291792727116e-06	4.0777779310971446e-08	0.0	0.0
562.752716734632	1.0011429601637474	1.0022872266854306	316690.620192209	752.3697187087115	4.795934071260376	23.000983615876127	566060.1936298257	539.2131208856422	0.0101375656433901	290750.78973523417	0.000102770237174	585.4300362971659	513.9712329337267	1.051643	18.264439	0.1102820388982809	0.0591010675278877	-0.0831372586	-0.0090487038	0.0172015003	-0.1704612483	-0.0191013558	0.0345899959	-0.0522524233	0.0788290685	-0.1059232424	-0.0122047552	-0.1525478901	0.0170021433	0.0616499129	-0.1388064925	0.0851515204	-0.0436099861	-0.0830748471	-0.0426625675	0.028955226	-0.0609945197	0.1263508581	0.0589139271	-0.0347095117	0.0459593072	-0.0392014034	0.0529453788	0.0475658974	-0.1182568058	0.1744819267	-0.043159763	0.0750089142	0.0470349019	0.0381288853	0.0628978225	0.0203917053	-0.0123265618	0.100840769	0.0090134221	-0.1574941675	-0.1153449464	0.1743390356	-0.1315717068	-0.0156145003	0.0026417669	0.0527112352	-0.1018197659	-0.0268647829	0.0374298635	-0.0540056745	-0.0977523646	0.1240009723	0.0421691244	0.0019360925	-0.0795019873	0.0483705246	-0.0313505329	-0.0044146182	-0.1344831417	-0.0256911729	-0.0131425218	0.0133772535	-0.1007996306	0.064635181	-0.1093041144	-0.0545221346	0.0651254092	-0.0560957197	-0.0216333244	-0.0934602829	0.0513394548	-0.007527924	-0.0278211969	0.1164096382	-0.0793200839	0.0456889731	0.1736562708	0.0697422311	0.0778076648	-0.1096255767	0.0308953224	-0.1195449956	-0.1056670199	0.0360257407	0.0286964932	0.0749062112	0.081103306	0.0766468501	0.0398742196	-0.0530968215	-0.0746832043	-0.073718931	-0.1813765317	0.1262543515	0.0890323417	0.0120109981	0.1643694522	-0.0478925845	-0.0476457817	0.1071805368	-0.0393116556	-0.1011371226	-0.0276654483	0.0183186799	0.0575768002	0.0442948341	-0.0285212272	0.0136858084	0.0162963035	-0.0229635893	0.1024418817	-0.0348562438	-0.0194497534	-0.1093265412	0.0561566646	0.0	0.0290026950138724	0.006676848756527	0.0008411563180676	4.458030931753619e-05	0.1796788000334714	0.040895584708906	0.0016724488486833	0.0322844711814682	-0.0376126179499252	-0.0026162394427729	0.001414709029047	6.84470882192066e-06	-0.001362066624246	0.0008207625087576	1.8552254888848944e-06	6.736510957820696e-07	-0.0004089492900434	-0.0002569913380095	1.672395218270009e-07	6.604454781191307e-08	0.0021287273541718	-0.0001241134730344	4.531480148399272e-06	1.5404154188660783e-08	0.0	0.0
562.9585959490014	0.2058792143693608	0.0423862509093452	316922.380752871	749.653696531408	-2.7160221773035573	7.376776467604756	561980.6647232043	539.1915160948971	-0.0216047907450729	290727.4910287137	0.0004667669831383	584.8238496090423	517.8471185017407	0.95487	16.583729	0.0772224367930315	0.0522880906871826	-0.0211162364	0.0534366279	0.0706517423	-0.0768068887	0.1368619271	0.0087897405	-0.0003658655	-0.0098868658	-0.0686538999	0.13369714	0.048569663	-0.0675612923	0.0218907551	-0.1335990793	-0.0064180386	0.0653061242	-0.0432248119	0.0532868261	-0.1085647208	0.0713106192	-0.026940901	0.0963464862	0.0354234536	-0.0536375278	-0.0626193589	-0.0133092259	0.1501185075	-0.0608597668	-0.0817620407	-0.019393848	0.1653201944	0.0045899294	0.0263648382	0.0179178009	-0.1010601948	0.1650281146	-0.0795443956	0.0758859309	-0.0812460447	-0.0271651465	0.1176050045	0.0929349142	-0.1091068995	0.1467386452	-0.1296208782	0.1429650618	-0.0140152198	0.0555848007	-0.0855572919	-0.0661745737	0.0030555945	-0.0763986121	-0.0708519643	0.0472677302	0.134332766	0.0238515186	0.1297890196	0.0191692866	0.0097826331	-0.0542142747	-0.0068099548	-0.033476995	0.0087206332	-0.040006145	-0.0916614265	0.0436385392	-0.0371118584	0.0337319407	-0.0547956922	-0.0427183289	0.0921251246	0.0593957818	-0.0132701233	0.0874364225	0.1341024654	0.1740394692	0.0403177232	-0.0587227568	-0.0019777849	0.0203687912	-0.043384367	-0.0266618693	0.0042133673	0.0824832167	0.0608804091	-0.0261399346	-0.0948130107	0.030893633	-0.1018568051	-0.0770191098	-0.0665003575	-0.0220072041	0.0238048812	0.0463670828	0.0636454461	0.0829015832	0.0529434868	-0.0760051586	0.066983319	0.1218600646	-0.0495402103	0.0138152817	-0.0503369065	0.0910628714	0.1034133505	-0.07790888	0.1044481546	0.0471910461	0.0407779489	-0.0217152516	0.0608498625	-0.0218533699	-0.1076127567	0.06245003	0.0	0.0285161653450245	-0.0004865296688479	0.0008131716859847	2.3671111866924733e-07	0.129450766905478	-0.0502280331279934	0.0025228553119068	0.0167575010524163	-0.03741326040101	0.0001993575489152	0.0013997520538337	3.974343230947723e-08	-0.0017169486557284	-0.0003548820314823	2.94791268640756e-06	1.259412562690751e-07	-0.0005018952761552	-9.29459861118e-05	2.5189886822690445e-07	8.638956334294921e-09	0.0022070696655231	7.834231135130012e-05	4.871156508472249e-06	6.137517747864048e-09	0.0	0.0
562.5352845725769	-0.4233113764245217	0.1791925214104231	316445.94638915005	749.1145799749038	-0.5391165565041547	0.2906466614968974	561172.6539309765	539.1556303951156	-0.0358856997814882	290688.79378675454	0.0012877834488071	584.667985630697	520.683060991861	1.00116	17.387686	0.0202458491029225	0.0112317686044634	0.0011788406	0.0433073411	-0.0307204002	0.118749636	-0.0439363393	-0.076428237	0.0358206726	-0.0849274706	0.0139277304	-0.1129543987	0.0468209685	0.1274786754	-0.0396703645	-0.1272419676	0.1175182606	-0.0906761721	0.0391072513	0.124536245	0.0379021972	0.0462961464	-0.0013271801	-0.127349237	-0.0627124562	0.0851615782	0.0098792657	0.0071927868	-0.06145891	0.0849302483	-0.0419985373	0.0023987468	-0.0002000018	-0.0335339096	0.1017109505	0.0740433232	0.043527694	0.0922493087	0.0007952258	0.1841770623	-0.017315107	-0.1159827417	-0.0304593202	0.0596806053	0.0486630508	-0.0822259389	-0.0042980916	0.0116479463	-0.0677671857	-0.0575662354	-0.104317136	-0.1495921177	0.0761139626	0.0118235488	-0.0576305546	0.0228714402	-0.0108031611	-0.1622014835	-0.0005418736	0.113985147	0.0039943694	0.0507963428	-0.033690396	-0.0072809121	0.0057915607	0.0605193702	0.0564468785	0.0710928518	0.0464464263	0.1484166458	-0.1005151146	-0.0729740173	-0.0363883533	0.0428189256	0.0122207825	-0.1544177932	-0.0765058562	0.0976082322	-0.0096782335	-0.0434274297	-0.0810270427	-0.0601874933	0.0080433626	-0.0497000391	-0.1195230778	-0.0217987531	-0.1011629525	0.106133314	-0.1027104702	0.0472600007	0.0946857347	-0.0849372138	-0.0207581505	0.0655572411	-0.0137604337	0.0461985393	0.068131491	0.0466686942	0.0030505246	0.0552602686	-0.0218161585	0.0166409857	-0.1633329972	0.0355620169	-0.0062637961	0.0322161672	0.0107933837	-0.083723127	0.0647967564	0.037860433	0.1041815048	-0.0510634476	0.039942089	-0.0242472716	-0.1057076408	0.0684936154	0.0	0.0369646857044756	0.008448520359451	0.0013663879892306	7.137749626405972e-05	0.1245878920312009	-0.004862874874277	2.3647552042875502e-05	0.0155221428407781	-0.0374209648604093	-7.70445939930059e-06	0.0014003286110839	5.935869463547119e-11	-0.001709809640511	7.139015217400013e-06	2.923449006784355e-06	5.0965538274268956e-11	-0.0006263936747163	-0.0001244983985611	3.923690357245899e-07	1.5499851244278517e-08	0.0022139672399405	6.897574417399997e-06	4.901650939529756e-06	4.757653284357089e-11	0.0	0.0
563.4287852593986	0.893500686821767	0.7983434773509693	317451.9960588815	751.6770210041719	2.562441029268143	6.566104028476781	565018.3439057063	539.6971923337883	0.5415619386726576	291273.05941297405	0.2932893334188873	585.7903452968692	519.9747730627292	1.007634	17.500122	0.0527503769853312	0.0411078932467989	0.0032852822	-0.0627526197	-0.0999144735	-0.1266522189	-0.0809778479	0.0280849155	-0.0685698911	0.1284000324	0.0414035221	-0.0204772535	-0.0599831409	0.085586728	0.0141012269	-0.062661963	0.0457337514	-0.0651940386	-0.0631563781	-0.1297880503	0.1293228387	-0.0574769514	0.091172553	0.104142015	-0.0537506864	0.0207122683	-0.0477662707	0.129738533	-0.0698872642	-0.0627598595	0.0054447216	-0.0058874207	-0.0188947562	-0.0886211314	0.1108138929	0.0344185658	0.1497190689	0.1391346881	0.0447703665	-0.1513679468	-0.073405651	0.0343395551	-0.0356142002	-0.1562769342	-0.0052809499	-0.0385515677	0.0237081003	-0.137954784	0.1004963329	0.0234892346	0.0604434113	0.0389478013	-0.0373151055	0.0717337961	0.0120132878	-0.14726281	-0.0708138013	0.0228206574	-0.0654147827	-0.0795297401	-0.0260585723	0.0482271948	0.0746216679	-0.0579777892	0.0513130838	-0.0899621982	-0.02532232	0.0207608639	-0.0230164618	-0.0634649854	-0.0789213066	0.0753947174	-0.072389142	-0.0547600795	0.0439150241	0.0850162166	-0.1173810914	0.2077715023	-0.0314137582	-0.0198399685	-0.0258751664	0.0701682515	-0.0280984538	0.0209462973	0.0714479251	-0.1575493028	0.0822925865	-0.0026470336	0.1518990479	0.0414474792	0.073321599	0.0150311254	0.0483283345	-0.0870818655	0.0143351095	0.0386436628	0.056023393	0.1083010477	0.0599696055	0.0057818569	0.1304457258	-0.0262576201	-0.0766324316	-0.0598071748	-0.0523605157	0.0289471772	-0.0166230761	-0.0724003508	-0.0560331528	-0.0399830194	0.1200153342	-0.0191675665	0.0491117108	-0.0266303944	-0.1036145805	0.0742632484	0.0	0.0340594898374462	-0.0029051958670293	0.0011600488479871	8.440163025804701e-06	0.0844093859263637	-0.0401785061048372	0.0016143123528164	0.0071249444324658	-0.0374073965890247	1.3568271384600816e-05	0.0013993133195685	1.8409798836617731e-10	-0.0016562070981526	5.360254235839998e-05	2.743021951971056e-06	2.8732325472840637e-09	-0.0006968957624529	-7.050208773659995e-05	4.856637037248087e-07	4.970544375219237e-09	0.0022829247446871	6.895750474660012e-05	5.2117453899046615e-06	4.755137460877378e-09	0.0	0.0
563.224094727873	-0.2046905315256708	0.0418982136962616	317221.38088203204	749.6507512934068	-2.026269710765177	4.105768940764396	561976.2489147692	539.2390855842805	-0.4581067495078059	290778.79142177093	0.2098617939446076	584.7103331691565	518.0802389439528	0.969246	16.833418	0.0739830656217724	0.0347392144590665	0.0241239736	-0.0413273151	0.0416818956	-0.0674682011	0.1372140108	3.8757e-05	-0.0194656501	-0.0207219193	-0.0080024818	0.0582192485	0.0367933176	0.0001740263	0.0275172721	-0.1025519415	0.0552861152	0.0925408631	-0.0499484921	0.0285829207	-0.1579699573	0.0701472418	-0.0191505682	0.1192980534	0.0230650941	-0.1082208502	-0.0899196874	0.194160152	-0.0499798787	-0.0258568621	0.0355966673	0.0374848075	0.0246794482	-0.0309027961	0.085111558	0.0046385752	-0.0914664317	0.0392583014	-0.021399152	0.0275709363	-0.0296585431	-0.210781919	-0.0201921834	-0.02330423	0.0596148216	0.0603620571	0.1473735959	0.07087173	0.147094373	-0.0699655655	0.1613317864	-0.0579959462	0.0650203125	-0.0281284045	0.0020852063	0.0103554865	0.0926463738	0.092513123	0.0806805385	0.0787406534	0.002347975	-0.0165336106	0.0256515824	-0.0115673074	0.0371906868	-0.1002901851	-0.0980723774	0.023824621	-0.0970680775	-0.0298302509	0.039308821	-0.0606140125	-0.0292377491	0.0336546421	0.0142790025	-0.1375999067	-0.1978238235	0.2288696021	0.0465517513	0.0079865316	-0.0060890469	0.058216838	-0.005517894	0.132290152	0.0372771008	0.1123623703	0.0632149378	0.0501286003	-0.0442337876	0.0340553714	-0.0814102173	0.0081787011	0.0281795943	-0.0799162077	0.0344292297	0.0048034599	0.076041418	0.036849398	0.0640697545	-0.0390759841	0.0448726919	0.1199716149	-0.0357769011	0.0001215646	-0.1141287931	0.0866403481	0.0705209439	-0.0346580174	0.1160669779	-0.0031596756	0.0976257729	-0.0396921927	0.0427394658	-0.029001679	-0.1013372972	0.0797358525	0.0	0.0288108073607133	-0.0052486824767329	0.0008300626207761	2.7548667741563016e-05	0.1049997124574844	0.0205903265311207	0.0004239615466581	0.0110249396161544	-0.0523932417738635	-0.0149858451848388	0.0027450517835745	0.0002245755559039	-0.0013700851668109	0.0002861219313417	1.877133364315252e-06	8.186575959470449e-08	-0.000374025976175	0.0003228697862779	1.3989543085366166e-07	1.0424489889113681e-07	0.0022287522337251	-5.417251096200004e-05	4.967336519334624e-06	2.9346609439280147e-09	0.0	0.0
563.3416556274973	0.1175608996243227	0.01382056512048	317353.82096512977	748.9270872677074	-0.7236640256993496	0.5236896220913889	560891.7820432922	539.762298921026	0.5232133367454708	291343.339336511	0.2737521957483294	584.629992916988	521.4478382699858	0.962659	16.719013	0.0457417461393296	0.026910820901705	0.0778153799	-0.012481605	0.153719758	0.0869968529	0.020398185	-0.0331055508	0.016401676	-0.1592154246	0.0424501055	0.0384356336	0.0070536387	0.0661621173	-0.0048630018	-0.0993444448	0.017914408	-0.0804976772	0.1269171347	0.0181277086	-0.1416995932	-0.0328090311	6.77649e-05	0.0415636501	-0.0727788831	0.1222062572	-0.0557988099	-0.1310761293	-0.0136149011	-0.0094866802	0.1093477337	-0.0064786377	-0.0892491178	0.0228580509	0.1167046347	0.0596375722	0.1354836189	-0.0267088974	-0.0288584662	0.0346821207	-0.0070556277	0.0235548647	0.0492519817	-0.1001312997	0.0249077723	-0.0769604017	-0.0830489961	0.0121307893	0.1743809957	0.0246892228	0.0224211663	0.0262739657	0.130980857	-0.0956698949	-0.1200262933	0.192091359	-0.0003454156	-0.0106792295	-0.0165048434	0.0437055085	0.0152477657	0.0585963652	0.0135280609	-0.0514600627	0.0717560046	0.0338797136	0.0051804815	0.1020298769	-0.0332317738	-0.1150659353	-0.1490484075	0.0434235378	-0.0221454668	0.0407791026	0.0728598477	-0.0663515272	-0.1155299828	-0.0097545378	0.0069210248	-0.1068570901	-0.0786837769	-0.0824151673	0.0774151714	-0.0684022971	-0.0442741411	-0.0136829998	0.0515445813	-0.022176282	0.1760714775	0.0428464202	-0.1336986728	-0.0399072254	0.0357011338	0.08891824	-0.0393105461	-0.0149565151	0.0486566299	0.0049868454	0.041449978	0.0927529806	-0.0652224366	0.0469187367	-0.1458988276	-0.0387595832	-0.0769172897	0.0719225682	-0.0124952594	0.0312828711	0.0218433895	-0.0263172503	0.0401904622	0.055841275	0.0331914272	-0.0313600711	-0.09887984	0.0848895389	0.0	0.0232362388461808	-0.0055745685145325	0.0005399227957167	3.107581412321711e-05	0.0982310333854457	-0.0067686790720387	4.581501638025479e-05	0.0096493359199725	-0.055868006392167	-0.0034747646183034	0.0031212341382352	1.2073989152613846e-05	-0.0018780495796546	-0.0005079644128437	3.52707022364082e-06	2.5802784471564496e-07	-0.0003951603229557	-2.1134346780699986e-05	1.561516808384531e-07	4.466606138468839e-10	0.0022981281527898	6.937591906469977e-05	5.281393006645058e-06	4.813018146071773e-09	0.0	0.0
563.1053101812614	-0.2363454462358731	0.055859169956434	317087.5903543346	751.3803187202005	2.453231452493128	6.018344559501543	564572.3833600702	538.6348037719727	-1.1274951490532883	290127.4518344715	1.2712453111386972	584.638023788558	523.7832453944819	1.041868	18.094681	0.1543216466755163	0.1054587095573088	0.0458960456	0.0103667245	0.0048545513	-0.0365207616	-0.1474422834	0.0619448863	-0.0701039669	0.0370289657	-0.004375897	0.0362542768	-0.132610883	0.1414118929	-0.1122854764	-0.0339243129	0.0089868666	-0.0314539567	-0.0377957739	0.0104701136	0.041843181	0.0226092342	0.1138074697	0.1053135279	-0.0056178081	0.0314861986	0.032881881	-0.0408846797	0.091330985	-0.0016659916	0.0401845416	-0.0892818318	-0.0926538632	0.175106097	-0.0326671665	-0.1515316491	-0.0547819021	-0.0697578914	0.1538859548	0.0305147185	0.022810672	0.0270901156	0.0404943689	0.0209505145	0.0113358575	0.0278122417	-0.072390572	0.0366066375	0.0047250648	0.0539484124	-0.0766141145	-0.0669959423	0.0089087344	0.0478812532	-0.1193946347	-0.0519181841	0.0030630053	-0.0772274522	-0.0229620781	-0.0283029054	0.0441169173	0.1151378956	-0.0587273631	-0.1253413732	0.0039659085	-0.0517154838	-0.0157141793	0.0790668836	-0.0883861006	0.0114575562	0.0559297487	-0.0428728959	-0.0801250238	0.0002263971	0.0639601793	-0.0215002957	0.1817023729	-0.0732966637	-0.0206420875	0.0276801768	0.0476332789	0.0191272269	-0.0764898176	-0.0023545096	-0.1121089539	0.0832574507	0.0130792173	-0.0830343948	-0.1190780526	0.0203154495	0.0222752223	-0.1974846145	-0.0182933841	0.0352479901	0.0225064879	-0.0058108752	0.0665595388	0.0892465169	-0.0289070357	0.0077017609	0.1017985867	-0.1184864223	-0.0256623368	-0.1312038396	-0.0581103099	0.0490972128	0.040899366	0.1525490646	0.0423497582	0.0074161921	0.0788304883	-0.047560048	0.0418171141	-0.0337045224	-0.096246578	0.0897036946	0.0	0.0351880106782829	0.0119517718321021	0.0012381960954949	0.0001428448499266	0.2012197099979147	0.102988676612469	0.0106066675103877	0.0404893716916448	-0.0557197009576668	0.0001483054345002	0.0031046850748118	2.1994501902293426e-08	-0.0016829995334693	0.0001950500461853	2.832487429657881e-06	3.804452051688772e-08	-0.0008130778947199	-0.0004179175717642	6.610956628821447e-07	1.746550967892853e-07	0.0024698183907692	0.0001716902379794	6.10000288338176e-06	2.9477537817423014e-08	0.0	0.0
563.773055484665	0.6677453034035352	0.4458837902174793	317840.0580905151	752.4810144985423	1.1006957783417874	1.2115311964594333	566227.6771807554	539.6360560038004	1.0012522318277206	291207.0729393368	1.0025060317399916	586.0040788300801	526.9881399697405	1.006925	17.487801	0.1050864894660175	0.0762540731722488	0.0962186297	-0.075135221	-0.1515996471	0.0022943501	0.0434712634	0.0846978334	-0.1167779719	0.0617630081	0.0528748347	-0.0225487222	0.0905780303	-0.0862313748	-0.0354246185	0.0567015587	-0.0125572318	0.1136544024	0.0242568991	0.016465393	0.0397587898	0.119078357	0.0036614245	-0.0776463274	-0.0347611949	-0.0971175474	-0.2082657002	-0.0250347564	-0.0180154345	0.0435126452	0.0172285959	0.0197789365	-0.0260708393	0.1183248973	-0.0342347679	-0.0965116031	-0.0304875571	0.0383995306	-0.0204478853	-0.1827663102	0.0188542503	-0.0252370362	-0.1179031603	0.056170011	-0.0987053454	-0.0357600517	-0.0526616964	0.0795228111	-0.0065800241	-0.0842022726	0.0084800019	-0.0435414534	-0.052684462	-0.0329822186	0.0675450794	-0.0916094426	-0.1041527579	0.0696402974	0.06204438	0.1027262376	0.0393914511	-0.0291246125	0.028926473	-0.0369692829	0.0119105664	0.0657776712	-0.0117985565	0.1602886124	-0.1045313372	0.1529028211	0.077994949	-0.0836434172	0.0418717984	-0.0685376739	-0.0264664058	0.0625469393	-0.0380707098	-0.0737054558	0.0687994296	0.0329439591	0.0849258036	0.0069348369	0.1620678664	-0.0043591823	-0.0859141799	-0.1743759071	0.0297073863	0.0279988548	-0.0213417471	0.0272610686	0.128775585	-0.0705494569	0.0825428229	-0.0597607907	0.0311094402	-0.030237236	0.0934973689	-0.00193432	0.0042180997	-0.0086537791	0.0752069623	0.1112237852	0.0527861741	-0.1144487242	-0.1405598535	0.0862597343	0.0723566092	-0.0136450891	0.1239481001	-0.0124570473	-0.0446304462	-0.0796780674	0.0773674075	-0.0360339907	-0.0934421931	0.0941590645	0.0	0.0353658801536482	0.0001778694753652	0.0012507454790422	3.1637550266727006e-08	0.1297946009496371	-0.0714251090482775	0.0051015462025583	0.0168466384356755	-0.0561211200340565	-0.0004014190763897	0.0031495801138769	1.6113727488955997e-07	-0.001391907193868	0.0002910923396012	1.9374056363414898e-06	8.473475017455855e-08	-0.0004921880718595	0.0003208898228604	2.422490980807723e-07	1.0297027841537893e-07	0.0024201587159112	-4.965967485799985e-05	5.8571682102009485e-06	2.466083307002262e-09	0.0	0.0
562.4524164317759	-1.320639052889078	1.7440875080157607	316352.7207499438	747.7148756588207	-4.766138839721634	22.716079439503087	559077.5352814856	538.0028068818242	-1.6332491219761778	289447.0202127214	2.667502694435956	584.4843223201271	520.4353598804008	0.977016	16.968349	0.1048001668653136	0.0768233651644403	0.0707700624	-0.0888193211	-0.0151015009	0.1105403067	0.0627325734	-0.0545966909	-0.0008068903	-0.0845707111	0.1075622113	-0.0502797192	0.1065952023	0.0294883529	0.0497363944	0.0177134216	-0.0560746681	0.004408916	-0.0335234976	0.1193163919	-0.0012684656	-0.1462305404	0.0298640839	-0.0650488041	0.1310689628	0.0382999159	-0.0085769459	-0.0574145155	-0.0688943027	0.064767281	-0.0169590428	-0.1670766132	0.0218553539	0.1551558575	-0.0125384839	-0.1581399805	0.0005057209	0.1139681943	0.0417129505	0.0272859039	0.0602025198	0.0842171109	-0.0202172583	-0.0208395398	0.0003263048	-0.0672335748	0.0614395748	-0.0081592452	-0.1562132742	-0.1243071211	0.0907614742	-0.0113042104	-0.112566282	-0.0979088641	0.1026373863	0.0728834966	-0.0552744832	0.0266604909	-0.12073768	0.1173789696	-0.0352911162	-0.1013906677	-0.005597911	0.0072583581	0.106910741	-0.0457428585	0.0056707114	0.027067276	0.0907137029	0.018050258	0.1716411471	0.0430907997	-0.0723766302	-0.0907028249	0.0475539798	0.1328068332	0.0728123051	0.002216985	0.0020028249	-0.0902832895	0.021032832	-0.0350881016	-0.0610756319	-0.0327438006	-0.1150746402	-0.0547631855	-0.0682332664	0.0443993236	0.020617467	0.0187516041	0.0202011291	0.0985909892	0.1298652284	-0.005242241	-0.0412246084	0.0204614236	0.0813711589	0.0187420028	0.0331610063	0.1578653941	-0.1031809332	0.1459077509	-0.0688484792	-0.0904704254	-0.1042502402	0.0968553921	-0.0101165765	0.0937288437	-0.0070248006	-0.0640466858	0.0551368423	0.130703174	0.1199887681	-0.0383474405	-0.0904716714	0.0982378286	0.0	0.0338615803271977	-0.0015042998264504	0.0011466066222552	2.262917967859001e-06	0.056519054665955	-0.0732755462836821	0.005369305683172	0.0031944035403332	-0.0600099481956775	-0.003888828161621	0.0036011938824478	1.5122984470616608e-05	-0.0011792189326367	0.0002126882612312	1.390557291088838e-06	4.5236296465593706e-08	-0.00023295704379	0.0002592310280694	5.4268984251375975e-08	6.72007259139699e-08	0.0024708692784816	5.071056257039981e-05	6.105194991344182e-06	2.571561156206433e-09	0.0	0.0
563.1311573000944	0.6787408683185276	0.4606891663257889	317116.7003221437	750.6573097229004	2.942434064079748	8.657918221456864	563486.3966404225	539.0696256093711	1.066818727546888	290596.06125462754	1.1381021974447616	584.5996628790592	518.9829698516102	1.022137	17.752003	0.091177347807658	0.0505449790778599	0.0496368046	-0.0487371674	0.1007142139	-0.1144282927	-0.1042971287	0.0385606732	-0.0336699384	-0.045281121	0.0719877625	0.0667815062	-0.1960731102	0.1041526315	0.0086887048	-0.0225130808	-0.0698588967	0.0620873309	-0.0023312475	0.0417978306	0.0604188235	-0.1851148239	0.0766856279	-0.0377665729	0.0256592851	-0.0747224377	0.0170096801	-0.0357782344	-0.007420872	-0.0075999603	0.0945155202	0.1096548731	-0.0006764212	0.0659181269	0.0681400637	0.0847444229	-0.076562396	0.029874968	-0.0481670462	0.0351538524	-0.0651640187	-0.0567115347	-0.1662528408	-0.0134645091	-0.008640374	-0.1225167856	-0.0082108215	-0.1586742334	-0.0759987906	-0.1169504348	-0.0449678792	-0.0270021626	0.0564823749	-0.0342326554	0.0550910475	0.0908749665	-0.0095337626	-0.0047067172	-0.1669894025	-0.0691408394	0.0526725027	-0.0076351283	-0.1086400058	-0.1329303663	0.0520650854	-0.1149616488	0.0671230747	-0.0369100507	-0.1018490973	0.1231190346	-0.0118051377	-0.026736795	0.0300462258	-0.0138376701	-0.0014077124	-0.0722535919	0.0262073651	0.0813059696	-0.0052153627	-0.0130805546	0.0221456347	0.0815784557	0.069773265	-0.0992891066	-0.0309337937	-0.0750362975	-0.0087736638	0.1358311573	-0.027398186	0.0007666665	-0.1166146693	0.0253668915	0.0685392286	-0.0300925541	-0.0022243258	-0.0177574976	0.0112182995	0.0563102066	0.0232856805	0.090920204	0.0663921413	-0.0983098032	-0.0865964359	-0.0513635705	-0.150032477	-0.0135737417	-0.0992105531	0.0876714074	-0.0070115998	-0.0766074709	0.1031722134	-0.1508687983	0.0126710332	-0.0406438432	-0.0873402943	0.1019236731	0.0	0.0314269672525568	-0.0024346130746408	0.0009876542706932	5.927340823212415e-06	0.0975829906732315	0.0410639360072765	0.0016862468404097	0.0095224400687319	-0.0739928770929481	-0.0139829288972706	0.0054749458604921	0.0001955223005461	-0.0009351831504396	0.000244035782197	8.745675248661355e-07	5.95534629925504e-08	-0.0006626608265847	-0.0004297037827947	4.3911937108991787e-07	1.8464534094807478e-07	0.002470691446904	-1.7783157759982546e-07	6.104316225804581e-06	3.162406999164273e-14	0.0	0.0
564.0450010570266	0.9138437569322376	0.8351104120840268	318146.7632174212	752.1475334616268	1.4902237387263997	2.220766791463688	565725.9120924091	540.5016619824023	1.4320363730312238	292142.0466057391	2.0507281736844223	586.2674016054606	523.0796484536272	0.994601	17.273767	0.0989127359284824	0.0596442846623471	0.0848904366	0.020934194	0.0844915973	-0.0864623212	0.00168805	0.0490630944	-0.0772295431	0.0342059864	-0.0445413793	0.1896597627	0.1275999246	0.0057194225	-0.0364319682	-0.0026109915	-0.0677285723	-0.1059002474	0.0210284517	-0.121794661	-0.0729193123	0.0909964247	0.0347369318	-0.0156171462	-0.122960093	-0.0207975152	-0.0328953692	-0.0482580896	0.107731561	0.0425264661	0.0953084316	-0.0342163394	-0.0292229876	-0.0255516523	-0.0230212358	-0.0970452808	0.2088393825	0.1264644229	-0.0092981362	-0.1200219238	-0.0168551691	-0.0603426918	0.1143276733	-0.0676837661	0.0636317264	-0.0276604248	-0.07328463	-0.0016960278	-0.0550227025	-0.0650238602	-0.0626769838	-0.0761090205	-0.1650866614	-0.0821952143	-0.1724173568	0.0237099712	0.0246097106	0.117040338	0.1209167911	-0.005895593	0.0123226372	0.0567346487	-0.0470750894	-0.1031409767	0.0466246654	-0.0623882147	0.0885850297	0.0396217857	-0.0425159808	0.0342221274	-0.0048929425	-0.112176592	0.0199776037	-0.0962882253	0.145039216	0.1661130259	-0.0448124507	-0.0693979965	-0.0834193243	-0.036662649	-0.0015207284	0.1203371859	-0.029378838	-0.0730048107	0.0562705349	-0.0559604299	0.0151870327	-0.0261413073	0.1240434829	-0.0242578467	-0.0802779421	-0.0810037014	0.0380740225	0.0945780028	-0.0200969547	0.0169664456	0.0652180968	0.0580917329	0.0196094565	-0.0199133707	0.0745234496	0.0727928213	0.0785803549	-0.0768862499	-0.1658297955	0.1369818833	-0.0749004225	0.0529529056	-0.006286098	-0.107370463	-0.0958623985	-0.0464874242	0.0218734347	-0.0429221782	-0.0840536294	0.1052018558	0.0	0.0391761163823503	0.0077491491297934	0.0015347680948034	6.004931223577935e-05	0.1483797223951768	0.0507967317219452	0.0025803079536312	0.0220165420180697	-0.0561196875598994	0.0178731895330487	0.0031494193318207	0.0003194509040842	-0.0012349996285586	-0.0002998164781189	1.52522408253988e-06	8.988992055168078e-08	-0.0008120274008165	-0.0001493665742317	6.593884996768007e-07	2.2310373497743813e-08	0.0024700011883809	-6.902585230998681e-07	6.100905870603059e-06	4.764568287120112e-13	0.0	0.0
562.5289663715565	-1.5160346854701174	2.298361167548478	316438.8380070518	749.4722276575425	-2.67530580408436	7.157261145367463	561708.6200299591	538.7852032826129	-1.7164586997894276	290289.4952762865	2.946230468082812	584.9370814891471	521.4803786176976	1.075013	18.67033	0.043568055186823	0.0324091273481885	0.0642514864	-0.0011455871	-0.0851979447	0.1193942411	0.0098622585	-0.0943566737	-0.0107174953	-0.0330724743	-0.0204506841	-0.1197348589	0.063229732	0.1057781412	-0.0277975248	0.0091496318	-0.0100705933	0.0495519866	0.0672899795	0.0543750576	0.1239102176	0.007282454	0.0268486633	0.0189655262	0.0165529294	0.0550791239	-0.0611747816	0.0825764102	-0.0316764255	-0.0423453194	-0.0546419927	-0.1794407861	-0.0938628835	-0.1102425975	0.0583120608	0.0277775019	-0.0630840681	0.0642085034	0.0487765479	-0.0726226031	0.0003326406	-0.085907554	-0.0196119735	-0.0458123748	-0.1141659645	-0.2670636312	-0.0680356097	0.1229970836	0.0176082325	0.0029978269	-0.0454423232	-0.0372404128	0.0061059997	0.1616533845	-0.0738921415	-0.0115911415	-0.0862069826	-0.0904766344	0.0163492118	0.1249966721	0.0034244108	0.0026949441	0.0073980099	0.0575700786	-0.1036425831	-0.0843798243	0.0004282468	0.0493104769	0.1285499455	0.0645612043	0.0069462019	0.0078117662	-0.2075472427	0.067120644	0.085230972	0.1161320404	0.0543756475	0.108769932	-0.1464788543	-0.0378169438	0.104014677	0.087249246	-0.0038380885	0.0031563943	-0.0935748101	-0.1325540256	0.0081340038	-0.0505411513	0.0818463193	-0.0478071819	0.1119669452	-0.092845505	0.0708170547	0.0298255913	0.0421762862	0.0976664919	0.0130099679	0.031322702	-0.0578398446	0.0978890777	-0.1020993349	0.1117411694	0.0146343393	0.0383461436	-0.0834344121	0.1463849818	-0.1111494505	0.0592118294	0.0011379934	-0.01110845	0.019031636	0.0054246635	0.0659085204	-0.0451814325	-0.0806175202	0.1080592651	0.0	0.0428919241746683	0.0037158077923179	0.0018397171594054	1.380722754945115e-05	0.1576081716805504	0.0092284492853736	8.516427621271275e-05	0.0248403357804858	-0.0564938068241858	-0.0003741192642863	0.0031915502094884	1.399652239101953e-07	-0.0006319997016638	0.0006029999268948	3.994236229031322e-07	3.636089118351341e-07	-0.0008107809518025	1.246449014000021e-06	6.573657518057677e-07	1.5536351445016245e-12	0.002470748389369	7.472009881000219e-07	6.104597603569508e-06	5.58309316617649e-13	0.0	0.0
561.4742814753911	-1.0546848961654405	1.112360230199506	315253.36875830666	749.0223507825066	-0.4498768750358977	0.2023892026920647	561034.4819717524	538.6935058655031	-0.091697417109799	290190.6932616668	0.0084084163046084	584.313738631068	516.7979213528516	0.998456	17.340721	0.0872385319843219	0.0562379221351949	0.0058794133	-0.046952292	-0.0601696509	-0.1115914021	-0.0834616202	-0.0304156365	-0.0064885804	0.076751392	0.0189305212	-0.0476906846	-0.1344409121	0.0154001311	0.072441641	0.028305896	-0.0002137125	0.0590464753	-0.1438777429	-0.0501108752	0.0773016863	-0.0858029999	-0.0445398589	0.064016318	-0.0029170889	0.0064825972	0.0501082661	0.0526281435	-0.0570446842	-0.0987995176	-0.0026058618	-0.0905500454	0.0349297876	-0.0473015811	0.0840059198	0.0135230599	0.0253775831	0.0855261595	0.0550488188	0.1092281294	0.134941894	-0.1007214707	-0.0289738574	0.106440113	-0.0186261362	0.014061594	0.0697590677	-0.1520411898	-0.0010941612	-0.100046936	0.0057337388	-0.0089259056	0.0138106034	0.1831019933	0.0265151845	-0.0916180257	-0.0032938398	0.0126659519	-0.0903582327	-0.0414978075	-0.0560456213	-0.0002692018	-0.0180427035	-0.0175208583	-0.0526569799	-0.0927594918	-0.0817279983	-0.0064418056	0.0844141366	-0.005503153	0.0082612236	-0.0330844918	-0.1028567054	-0.0656734231	0.0246776911	-0.129101607	0.0421224142	0.1795141532	0.001295499	-0.1214821341	0.0146757059	0.0547843107	0.0493900615	0.0379785619	0.0440245823	-0.07581044	-0.0606075424	0.0504201768	0.017373739	-0.0437814423	0.0241961049	0.0410431922	0.0512124756	-0.0991017207	0.0011412946	-0.0006663919	-0.009744365	0.127093968	0.0543342014	0.0708899103	0.0300783	-0.0781218857	-0.0291574146	-0.0147080443	-0.0710496749	0.0477804606	-0.0649270494	0.0213589362	0.0568138876	-0.0235460954	0.1106841456	-0.0044362404	-0.1173262834	-0.0474206018	-0.077038076	0.1104844722	0.0	0.042506690062396	-0.0003852341122723	0.0018068187000605	1.4840532125822761e-07	0.1148847404834896	-0.0427234311970608	0.0018252915732499	0.0131985035959587	-0.0568247194905069	-0.0003309126663211	0.0032290487451747	1.0950319273174305e-07	-9.191302662104596e-05	0.0005400866750427	8.448004462641103e-09	2.916936165587374e-07	-0.0004751186085345	0.000335662343268	2.2573769217575947e-07	1.1266920868816465e-07	0.0024709784512316	2.3006186259961345e-07	6.105734506450916e-06	5.2928460622803414e-14	0.0	0.0
562.1699522471054	0.6956707717142763	0.4839578226175366	316035.0552095127	748.2026000527775	-0.819750729729094	0.6719912588913821	559807.1307257365	539.1441019816571	0.4505961161539744	290676.3627016074	0.203036859893046	584.486837731126	512.7250871363694	0.931602	16.179636	0.0354687260157976	0.0191302952894426	-0.0320603474	0.0014699835	0.0615805944	-0.0881352174	0.1244732906	-0.0333375127	0.0514122681	0.0457533127	-0.021578443	0.0585056415	0.0677925085	-0.0519190443	0.0172967075	-0.0270006957	-0.0824572486	0.0248771771	-0.0773618572	-0.0311517784	-0.0934373576	-0.0149244314	-0.0545341133	0.0453827779	0.0211164617	0.0344012323	-0.0146801573	0.0603094237	0.0684308396	-0.1316077683	0.004564691	0.0331328652	-0.0210331408	-0.0618407602	-0.1434057981	-0.0424911697	0.0548310124	0.0198078591	-0.054836039	0.0275893167	0.0451571359	0.0972023051	0.0376016644	0.0388195992	-0.0548035483	0.0731295513	0.0388572848	0.047705729	0.008281456	-0.0079762816	0.0762879649	-0.0318931804	0.0567241579	-0.0852901887	0.0918418947	0.0102471363	0.1164168998	0.0617977061	0.0507602987	0.0092136451	-0.0348695019	-0.0519916978	0.0052880556	0.0615430229	-0.0107210488	-0.0474340566	-0.0569785818	0.0276301712	0.0164966448	-0.0823475994	-0.0060316959	-0.015733224	0.0264299866	-0.0539064293	0.0066680057	0.0026016521	-0.0021411405	-0.0429917171	-0.074594601	0.0785720247	0.0836891106	-0.0009404578	-0.0196023916	-0.0012473404	0.059813595	0.0703121976	-0.063588291	-0.0079259781	-0.0480566341	-0.0701153749	-0.0884129637	0.0088634377	0.021702732	-0.021264577	0.0356638738	0.0397599108	0.0112232037	0.0647860283	0.0615991139	-0.0444451751	-0.0154322053	0.0783060247	0.011024046	0.1005893003	-0.1077245288	0.0212113846	-0.0592271898	-0.0200670852	0.1239317852	-0.070632055	0.0539356508	-0.0456613099	0.0221744749	-0.0496386907	-0.0733216609	0.1124677771	0.0	0.0418499119306403	-0.0006567781317557	0.0017514151286023	4.313575143525081e-07	0.1317150803570825	0.0168303398735928	0.0002832603402606	0.0173488623934727	-0.0567717391314914	5.298035901549897e-05	0.0032230303640141	2.8069184414111632e-09	2.6776748858924363e-05	0.0001186897754799	7.169942794539071e-10	1.4087262803485764e-08	-0.0006009669597819	-0.0001258483512474	3.611612867494998e-07	1.5837807511688964e-08	0.0025850128775329	0.0001140344263013	6.682291577010923e-06	1.300385038186664e-08	0.0	0.0
562.6231031405433	0.4531508934379644	0.2053457322236254	316544.75618749444	746.8345165925867	-1.3680834601907463	1.8716523540474852	557761.7951740827	539.3557990200549	0.2116970383978014	290904.6779365618	0.0448156360664002	584.551401714858	515.734582350506	0.904629	15.711182	0.0602674603532545	0.0289619472864573	-0.0081999764	0.0538213393	0.0944792831	0.0931943057	-0.0517712926	-0.0829041938	0.1004519362	-0.1216904243	0.0042411375	-0.0069270969	0.0058508633	0.1067917178	0.0084218744	-0.0230302224	-0.0636997806	-0.0712066003	0.0311239084	0.0916617867	-0.0552064028	0.0307633234	0.0577022762	0.0160150171	-0.0755037626	0.0899238253	-0.0159081252	0.0022326458	-0.0992756598	0.0616601903	0.1235837564	-0.0114783847	0.0601148043	-0.0654468728	-0.0765068617	-0.0924765198	-0.0101695698	-0.0681135819	-0.1179006534	-0.062191453	0.00454581	0.0071416576	0.0605407461	-0.0469396129	-0.0328199864	0.0739323315	-0.1528062831	-0.0658324646	-0.1071270209	-0.03798002	-0.0144168156	-0.1886595113	-0.0514056112	-0.020728352	-0.1099376794	0.0961809295	0.0426286387	-0.089736966	-0.007242984	0.038235722	-0.0002398265	0.0659740113	-0.0036666666	0.013680326	0.0261094222	-0.0210298395	0.0430685604	0.1056426941	-0.0096188917	-0.1541945406	0.0304964078	-0.0293400921	-0.0549085897	0.0101919469	-0.0647744854	0.0484021556	-0.1122147711	-0.0537777206	0.1228680482	0.0899771263	-0.0042518074	0.002846105	0.1137637643	-0.0690649879	-0.0543793195	0.109383612	-0.0684686118	0.0409535603	0.0511556253	-0.0887141427	-0.0557824247	-0.0411280909	0.0222578134	0.1114226145	-0.0098631186	0.0812861795	0.0713362804	0.071133108	0.001484648	0.1199353395	-0.1222648111	-0.0092650281	-0.0391739621	0.0798691058	-0.0868979944	0.0160555607	-0.2105338512	-0.0888002742	0.0220795204	-0.0560854645	0.0095929656	0.0465330079	-0.0850222367	-0.0518347133	-0.0694748826	0.1140012473	0.0	0.0506219403750662	0.0087720284444259	0.0025625808473367	7.694848302981708e-05	0.1468581488091587	0.0151430684520762	0.0002293125221442	0.021567315871653	-0.0532928040668352	0.0034789350646561	0.002840122965306	1.2102989184094436e-05	-0.0001519815988119	-0.0001787583476708	2.3098406377421324e-08	3.195454686200332e-08	-0.0003662184686668	0.000234748491115	1.3411596679265596e-07	5.5106854080816186e-08	0.0028289746065889	0.000243961729056	8.003097324724822e-06	5.951732524399318e-08	0.0	0.0
562.5173327437469	-0.1057703967964016	0.0111873768384682	316425.74963713926	749.9298214407528	3.095304848166052	9.580912103080264	562394.7370861594	538.6503607508648	-0.70543826919004	290144.2111370368	0.4976431516378394	584.3614795446632	517.0473393536196	1.059708	18.404518	0.0633574254182912	0.0325734931151851	-0.0097128395	0.0009046657	-0.1255473449	-0.0940511312	-0.1155628149	-0.001751985	-0.0301067855	0.1788254992	0.0229900006	-0.0571676001	0.0176773994	0.1111730934	-0.0167175644	-0.0068809064	-0.0372924173	-0.0979952292	-0.1044460663	-0.0194636387	0.1456340467	0.1293717157	0.1079874028	0.0652525275	-0.1291384533	-0.0141877518	-0.0247032794	-0.0582433843	-0.0041115901	0.0692157039	0.0012993045	-0.0383590606	-0.0101980868	0.0034153201	-0.0190742369	-0.1018788315	0.0291196967	-0.0649581332	-0.0006777034	-0.0199689353	0.0171810926	0.0698417389	-0.0665885347	-0.1137126281	0.0051037758	-0.0280320032	-0.1675395246	0.0145741535	0.1059193143	-0.0219718827	0.1536215668	0.037908873	0.108319284	-0.0103103463	0.0894993602	-0.1913238468	0.0318819907	-0.0283419651	-0.0228181704	-0.0035375112	0.065180708	0.107723092	0.0235888392	-0.0537556826	-0.0282725876	-0.0569512761	0.045167699	0.0510800046	0.0196253634	-0.0993824907	-0.0011150094	-0.0344351117	-0.0036528998	0.0361940004	-0.0543151076	0.1688848432	-0.0395612809	-0.0628721366	0.1092731683	-0.0959140307	-0.0946726689	0.1205118299	-0.0315344185	-0.0411329436	-0.0685329229	0.037234696	-0.1267970873	-0.0709261005	0.0913216085	-0.0714164218	0.1216239964	-0.0760174817	0.0486583221	0.023718357	0.0047602132	0.0008022753	0.0200025374	0.0610297716	0.0306677366	-0.0593325166	0.0687984292	-0.0665815462	0.0691913184	-0.0449254124	0.0253035584	0.0223910381	-0.1732731097	-0.0497183092	-0.0361588883	-0.0463796135	0.0611898564	-0.0837009812	-0.1138956673	-0.0540076933	-0.0655045805	0.1150787493	0.0	0.0461852585136171	-0.004436681861449	0.0021330781039696	1.968414593971143e-05	0.1682368786873667	0.0213787298782079	0.0004570500912053	0.0283036473504677	-0.0488331145604661	0.0044596895063691	0.0023846730776756	1.9888830493218687e-05	-0.0001217794648975	3.02021339144e-05	1.4830238070721437e-08	9.121688929833507e-10	-0.0008096824840289	-0.0004434640153621	6.5558572494321e-07	1.966603329210769e-07	0.0030169549407577	0.0001879803341688	9.102017114562296e-06	3.5336606034213786e-08	0.0	0.0
563.3514212364992	0.8340884927522438	0.69570361374171	317364.8238091835	750.0192728827982	0.0894514420454015	0.0080015604840018	562528.9096956413	539.8270755752502	1.176714824385385	291413.2715241269	1.3846577779283282	585.1041073378534	515.0752461689275	1.026574	17.829052	0.0411712654707248	0.0254472290348553	0.0004919714	0.0385335459	-0.0696060372	-0.0517295629	0.1787597267	-0.0063310871	-0.0213802927	-0.0389403473	-0.0879816433	-0.0353173042	0.081769057	0.0268862293	0.153138929	-0.0260368519	-0.0696986807	0.1459029076	-0.0362405925	-0.0243737959	-0.0283691874	0.0439594934	-0.2196189626	0.031930357	0.0182474615	0.0435432286	-0.0228640829	0.0858128035	0.1283115942	0.0266892183	-0.2017195276	0.011668601	-0.0060720079	-0.0071563369	-0.0374555427	-0.1358752054	-0.0404067182	-0.0122169644	-0.062530746	-0.0381209787	0.0215725306	0.1543886726	0.0060032584	0.0405899409	-0.009558414	0.0092461988	-0.0779642202	-0.1715605346	-0.0559096644	0.193857099	-0.0920851131	-0.1179184361	-0.1144476859	0.143576809	-0.0318919943	-0.0358739432	0.0592503697	0.0264809702	0.1029824453	0.0822977127	-0.1164681476	-0.0195789854	0.091357616	0.099378741	-0.114488445	-0.1094987109	-0.0378332824	-0.004365522	0.0055461284	-0.0941485473	0.0101601956	-0.0577855946	0.0359705574	0.0007017148	-0.1890957626	0.0855922979	0.0619244219	-0.0562819418	0.0988982371	-0.0790484337	0.091137962	-0.0509029564	-0.035998758	-0.02288365	-0.0609295584	-0.0914196331	-0.0291093157	-0.1920325882	-0.1320045768	-0.0653529625	-0.0052930637	-0.035269917	0.0280465077	-0.1294383637	0.0255536122	-0.0089319217	-0.0781016408	-0.0129466503	0.0355175468	-0.0938080672	-0.0760676599	0.0687296202	0.0267794636	0.0836330092	0.0354839202	0.0803765146	-0.047739999	-0.0234711171	0.0732793312	0.0659294162	0.0064355292	-0.1073314749	-0.0283835985	-0.0561566646	-0.0614178136	0.1156959735	0.0	0.0395011030814345	-0.0066841554321825	0.0015603371446501	4.467793384157615e-05	0.1667626384186746	-0.001474240268692	2.173384369833308e-06	0.0278097775723576	-0.0490316701680413	-0.0001985556075752	0.0024041046794675	3.942432929955742e-08	0.0002351607137587	0.0003569401786562	5.5300561295501243e-08	1.2740629113911997e-07	-0.0008431786557183	-3.349617168939994e-05	7.109502454589194e-07	1.121993517845758e-09	0.0027511050078578	-0.0002658499328999	7.568578764260266e-06	7.067618682288134e-08	0.0	0.0
563.107259293127	-0.2441619433722053	0.0596150545912919	317089.78546861693	750.2864188250373	0.2671459422391535	0.0713669544548451	562929.7102732994	539.5634051709769	-0.2636704042732845	291128.6681996998	0.0695220820896372	585.4621375039501	520.0349801164332	0.996602	17.30851	0.0663661223069881	0.03280563989655	0.042704768	0.0984604851	0.0824300472	0.0307647754	0.0223558436	-0.0037693214	-0.0180561465	-0.1380959887	-0.0435456929	-0.0896468301	-0.0684001288	-0.0190689923	0.0223435612	-0.0461324687	-0.1391783696	-0.062666727	0.0744023466	0.0253718379	-0.0875702815	-0.173201789	0.1390526076	0.0625928672	0.0273773291	0.1102354965	-0.0618297149	0.0480463856	-0.0549238608	-0.1129397542	-0.0545657608	0.0983460936	-0.0010149293	-0.0666334795	-0.0392073777	-0.0826426977	-0.0635131944	-0.1220923397	-0.0728208466	-0.0395688788	0.0739133439	-0.0788919856	-0.0764122565	0.1049150147	0.0342934718	0.0611134459	-0.1686633643	0.1842115691	-0.1522088762	0.0275893308	-0.0325098976	-0.0163584507	0.1328792647	-0.0850073561	0.1506070299	0.152061883	-0.016256421	-0.0830801826	0.0058651335	-0.114019165	0.0025515589	-0.0390699745	0.1619552353	-0.030712569	0.0029159609	-0.030800426	-0.0497228505	0.1242406063	0.1025129008	-0.1816218397	-0.0289819304	0.0213341392	-0.0798849224	0.073298703	-0.1124125076	0.0098208745	-0.0497600071	-0.0628982644	0.0418347036	0.0830848397	0.0763737739	-0.0114504279	-0.0299735844	0.0469098347	-0.0454296278	0.0482110074	-0.2215162434	-0.0059688495	-0.0958846855	-0.0800489345	-0.1002651817	-0.0892509502	-0.0144368182	-0.0666290221	0.0237869482	0.0161983809	-0.1041782815	-0.0567561826	-0.0349427599	0.0784531994	-0.106868452	0.0299256104	-0.091517997	0.0597324839	0.0722615	0.050886951	-0.1199098081	-0.0999480259	0.0344708236	0.0543957017	0.0194668412	0.1477155748	-0.1378313236	-0.0582806721	-0.0572218481	0.1158504512	0.0	0.0296520782336813	-0.0098490248477532	0.0008792457435763	9.700329045166e-05	0.1923967215097377	0.025634083091063	0.0006571062159195	0.0370164984476955	-0.0553082193190732	-0.0062765491510318	0.0030589991242467	3.93950692453192e-05	0.0004877302392312	0.0002525695254724	2.3788078626052362e-07	6.37913651974038e-08	-0.000941867081478	-9.868842575970004e-05	8.871135991718855e-07	9.739405378927831e-09	0.0026102336547472	-0.0001408713531106	6.813319732374925e-06	1.984473812721138e-08	0.0	0.0
562.5146982184691	-0.5925610746578513	0.3511286271996677	316422.78571181535	748.2631528068991	-2.0232660181382016	4.093605380152813	559897.7458485209	539.4555838098488	-0.1078213611281171	291012.3269036248	0.0116254459155198	584.6663087593435	520.0246947032649	0.989244	17.180733	0.0470486839715594	0.0251431214722606	0.018629935	0.0746642111	0.0015623716	-0.0675974109	-0.1030264529	0.0275112523	0.0144861878	0.0835670809	0.0020303449	0.0579181343	-0.0044825495	0.0463130048	-0.0390234465	-0.0165300501	-0.0836903823	-0.0468399665	-0.0717285633	-0.0562253246	0.0346452458	0.0738141881	-0.0374854446	0.1277674968	-0.1071353876	0.0460010615	-0.0258306916	-0.0769467544	-0.0634462503	-0.0361375246	-0.0723604272	0.0801987087	-0.1161151913	-0.0617428489	0.0476328196	-0.0219869228	0.0831504609	0.0057317388	0.0794329661	0.2071522523	-0.0123073464	-0.0784836128	-0.0349306351	-0.1014646232	-0.0625817031	-0.1012981072	-0.0550457085	-0.091842685	0.0243924073	0.0866312163	-0.0219749618	0.0516460208	-0.0190158453	0.0598570469	-0.0111712262	-0.0619246331	0.0602755285	0.0182809832	0.0015212525	-0.0786956217	0.0304148271	0.1259031293	-0.0374275453	-0.0980113432	-0.1797220018	0.0688679265	-0.0583860956	0.0460754233	0.1374055536	-0.0407799565	-0.0611139007	-0.0612847258	-0.0138436978	0.0144486158	-0.0700118118	-0.0258929379	-0.0266640493	0.0346201488	-0.0372508405	-0.0330900172	-0.0960164066	0.1101616131	-0.0599695698	-0.0500947258	0.0168878007	-0.0272799285	-0.0531322877	-0.1182485133	0.0055328433	-0.097458188	-0.0161722267	-0.065209868	0.0119972859	0.0763990788	0.0316682636	0.084483655	-0.0967235958	0.018959485	0.0382315673	-0.0455440966	0.0329131282	-0.0880384528	0.1137292176	0.0613474086	0.0139361145	0.0735514563	-0.0637734087	-0.0941269033	-0.062090608	0.0490780765	-0.0131076107	0.1090221275	-0.1818177664	-0.0603787714	-0.0529241442	0.1155415645	0.0	0.0406624042686445	0.0110103260349632	0.0016534311209066	0.0001212272793961	0.1759288359477153	-0.0164678855620223	0.0002711912548838	0.0309509553179181	-0.0520676210250243	0.0032405982940489	0.0027110371592055	1.0501477303392644e-05	0.0004821429545183	-5.587284712899997e-06	2.324618285916355e-07	3.121775046300601e-11	-0.0008148254282014	0.0001270416532765	6.63940478443595e-07	1.6139581667251842e-08	0.0028042021983682	0.0001939685436209	7.863549969333045e-06	3.762379591445173e-08	0.0	0.0
561.8624226139494	-0.6522756045196729	0.4254634642515048	315689.38194561633	748.3525284262264	0.0893756193272565	0.0079880013301306	560031.506801926	539.5541405122443	0.0985567023955127	291118.6705439067	0.0097134235870776	584.5662768357337	515.0350354543547	0.983925	17.088345	0.0809616994144566	0.0460193452517109	-0.0153817194	-0.0039667137	-0.13046786	0.0089818343	0.0614110979	-0.0199522133	0.0285171193	0.0672644201	0.0146440789	-0.0606498032	0.0733607716	0.0704683826	0.0457967476	0.0132197176	0.0186918357	0.2068143273	0.0008491762	0.0398447071	0.0539344311	0.1170937661	-0.2318051585	0.0365027937	-0.0849023437	-0.1064057907	-0.0791397381	-0.0202411298	0.0239407652	0.093705574	-0.020272424	0.0818020127	0.0124442365	-0.0016220891	0.0990552454	0.0663047925	0.0138330431	-0.0144217663	0.0639344196	-0.1192949545	0.1129219013	0.051029527	0.0746917348	0.1489107125	-0.0545385256	-0.1571589137	0.0684247856	-0.0579729534	-0.0094067496	0.0454373307	0.0161057279	0.1124562505	-0.0191075181	-0.0492670645	-0.0663263767	-0.0723414038	0.0269839615	-0.0030662077	0.0404365593	0.1471357823	0.0203703733	-0.0011657622	0.074202788	0.0596104736	-0.2436350247	-0.022244858	-0.0267087878	-0.0655104771	-0.013440604	0.0306037671	-0.0703965149	-0.0034327408	0.1006769442	0.0268984263	-0.0336313169	0.0025793541	0.0196410375	-0.1098516892	0.0180675313	-0.0009124637	0.0049921914	0.0247821275	0.0575001979	0.0752011621	-0.0723654121	-0.1772914909	-0.0135048041	0.0010586558	0.2326220563	-0.0753352889	0.1061794016	0.0215103231	0.0814067886	0.0027871372	0.0001736388	0.0683670688	-0.094828641	-0.0329990579	0.045727203	-0.071576403	-0.1065861566	0.0758453322	0.1475444612	0.037467066	0.1086364693	-0.0187021932	-0.0739409003	0.0088355776	0.0506646734	0.144204543	-0.040428518	-0.1292424214	0.0126654364	-0.06245003	-0.0485323432	0.1147705489	0.0	0.0297070459938737	-0.0109553582747708	0.0008825085816821	0.0001200198749285	0.1371279543577657	-0.0388008815899496	0.0015055084121572	0.0188040758663454	-0.046512606221718	0.0055550148033062	0.0021634225375366	3.085818946495206e-05	0.0007786444179916	0.0002965014634733	6.062871296694775e-07	8.791311784180866e-08	-0.0008659718896364	-5.114646143499998e-05	7.499073136404373e-07	2.6159605173219403e-09	0.0026388412283479	-0.0001653609700203	6.963483028428653e-06	2.7344250406054562e-08	0.0	0.0
561.4137149193758	-0.4487076945736135	0.2013385951695672	315185.35929957416	744.6707820443546	-3.6817463818717897	13.555256420426014	554534.5736305506	538.2066530281281	-1.3474874841161864	289666.4013637399	1.8157225198497693	583.4668333414643	510.9283793999897	1.074496	18.661346	0.0362816612476861	0.0198983884948477	-0.0343130624	-0.0556767454	0.0265113768	0.0525622577	-0.0680927763	-0.038447788	0.1022843153	-0.1006348227	0.130980322	-0.0583085741	-0.0202549958	0.0304707407	0.1165011495	0.0416459753	-0.1435671013	0.0136767156	-0.0436640973	0.0852098867	0.0517812063	-0.1224808054	-0.0053390811	-0.1266863238	0.0957141608	-0.0504279614	0.004547533	-0.1055740839	-0.0169413416	0.1462271465	-0.0568926347	0.1133153788	-0.1205515294	0.1095433997	-0.0145358387	0.0909695872	0.0154071805	0.0042517232	0.0546114124	-0.1315000904	-0.0768117607	-0.106990877	0.0987580959	-0.0590049041	-0.0977633857	0.0308669882	-0.0844839314	-0.0806304021	-0.1299315023	-0.1160468973	0.0376772979	0.0287724862	0.0724040788	-0.0562408953	-0.0865860103	0.0862238837	-0.0221429881	-0.0107465542	-0.2066460225	0.0370562035	-0.044048115	-0.1116987046	-0.0722714164	-0.041612042	0.0420457088	-0.0015911153	-0.0133083183	-0.0599645373	0.0320339364	0.0665401086	0.1082757335	-0.0309518737	0.0729865866	0.1244195645	-0.0438889229	-0.0592224397	0.0109622809	-0.0745270389	-0.0845997726	0.0602721528	-0.1286340918	0.069970878	-0.0652533996	-0.1497896134	-0.0906609887	-0.2438808379	-0.1162829315	-0.0967116907	0.0443258915	-0.0622596102	-0.0332169484	0.0890467253	0.1153518338	-0.0128450352	0.00875553	0.1074221606	-0.1476381702	-0.0036202626	-0.0462651032	0.0635802605	-0.1267996461	-0.0475689422	-0.0646421927	0.0838942293	0.0069056827	-0.1516312198	-0.0554865306	-0.1573003862	-0.0085932546	-0.1169527422	-0.1246019134	-0.0804083555	-0.0211577487	-0.064493527	-0.0440542534	0.1135404882	0.0	0.0297598688103732	5.2822816499500935e-05	0.0008856497916106	2.790249942939948e-09	0.1189647781467755	-0.0181631762109902	0.0003299009700714	0.0141526184395115	-0.0490705595539395	-0.0025579533322214	0.0024079198149367	6.5431252498230506e-06	0.0006192542507572	-0.0001593901672343	3.8347582708086125e-07	2.5405225411009993e-08	-0.0009676986089564	-0.0001017267193199	9.364405977761516e-07	1.0348325423610051e-08	0.0025898039371428	-4.90372912051e-05	6.707084432840347e-06	2.404655928733778e-09	0.0	0.0
563.0954370595522	1.6817221401763618	2.8281893567593626	317076.4712372881	749.3968183854047	4.726036341050076	22.33541949692599	561595.5914061673	539.1706837114082	0.9640306832800434	290705.0261738273	0.9293551583053872	584.8499328567913	515.3265730136778	1.068926	18.5646	0.0780323374503575	0.0407485023429729	0.0186073909	-0.0137047325	0.0650048183	-0.1792537572	-0.0738288316	0.0616986315	-0.0594699073	0.1264458061	0.0182366749	0.1311971068	-0.0289433237	0.0499120722	0.1141428632	0.0292520274	-0.1854710806	-0.0600577696	-0.1042852778	-0.0556598236	-0.0890215864	-0.0613587187	0.0795288095	-0.0360183828	-0.1850047267	-0.0822519369	0.0205126786	-0.013555526	-0.05695999	-0.0077850378	-0.0409808162	0.0834890987	-0.0340600335	-0.0790225921	0.0032922796	0.0143518685	-0.0337494341	0.0991962057	0.0269312532	0.0234095938	-0.0108899057	0.0513565022	0.0871400441	0.195928854	0.2027408198	-0.0623816004	0.0598390934	-0.0477530387	-0.1042649342	0.099690233	0.1945955272	-0.0564990703	-0.0774176348	0.0867098821	0.1304778948	-0.0341614952	0.081832455	0.1361499424	-0.0238831274	-0.0852102609	0.0581402642	0.0637414434	0.0659731449	-0.1106419023	-0.0053661795	-0.0703606501	0.1503039795	-0.0415775145	0.0997192743	0.0150043956	-0.0982089634	-0.0125437633	0.0572629219	-0.0515051004	-0.0673972738	-0.0038612933	-0.0208729087	0.0201390263	-0.0319069406	-0.0292895401	0.118668213	-0.0156006605	-0.0952286473	0.0894979627	0.0919684885	-0.0400276138	-0.1533536188	-0.0261242997	-0.0140097838	-0.0600216688	-0.0967999847	0.001448467	0.0690714077	0.0216500075	-0.0164051927	0.0509350288	-0.1137565571	-0.0111427749	0.0150189495	-0.0763914421	0.1118583515	-0.0672665789	0.0227294803	0.0346140804	0.0693030833	0.0283500504	-0.0950463427	-0.1362661503	-0.1772492097	-0.068573486	0.0530336226	0.0047823954	-0.0942180675	-0.066508354	-0.0394978367	0.1118563022	0.0	0.0134872502066656	-0.0162726186037076	0.0001819059181372	0.0002647981162217	0.1416818063957663	0.0227170282489908	0.0005160633724654	0.0200737342635674	-0.0488935773194754	0.0001769822344641	0.0023905819030955	3.132271131590568e-08	0.0002361001106811	-0.0003831541400761	5.574326226362767e-08	1.468070950574557e-07	-0.0012772059432568	-0.0003095073343003	1.631255021490492e-06	9.579478998573955e-08	0.0025051512442554	-8.465269288739996e-05	6.275782756594378e-06	7.166078413088456e-09	0.0	0.0
563.624263215129	0.5288261555767804	0.2796571028221171	317672.310084797	751.114841820212	1.7180234348072645	2.951604522546951	564173.505602602	539.99689354954	0.826209838131831	291596.64504315326	0.6826226966258264	586.3631571192217	521.3216143511175	1.066939	18.530104	0.1254953439159469	0.0566957904933727	0.0658200771	0.0505502109	-0.0368903311	0.0653599435	0.0102633517	-0.0060674901	-0.0107882749	-0.0119512956	-0.0376600257	0.0428583391	0.1540748951	0.075619102	-0.0565182581	0.0329560075	-0.0104157656	0.1627585062	0.0741342542	0.0005746579	0.041273755	0.1715039797	-0.2262477225	0.0578572914	-0.0343607187	-0.0355616286	0.0375079029	0.0557951907	-0.0962817598	0.0457713117	0.1197247373	0.0058461288	0.0010335029	0.098686815	-0.0179434184	-0.0563478441	-0.0121821451	-0.1073373405	0.0893064017	-0.0493723221	-0.0407253121	0.0212732408	0.0802660509	-0.0203718208	0.0753427016	0.0833939793	0.037123842	0.0838547194	-0.1064956095	0.0264432313	-0.1405071512	0.0289477105	0.1616528765	-0.0121689841	0.0493720388	-0.015898977	-0.0351011378	0.0030850973	0.1603075928	0.1407189262	0.0366272541	0.0555186819	-0.0580046215	-0.0049484854	-0.2159985443	-0.0239561493	-0.0563776867	-0.1167693938	-0.0502542191	-0.04663267	0.0583200501	-0.0017760301	0.0301195994	-0.014218625	0.0187327385	-0.0783722342	-0.0252462413	-0.0963509766	-0.0293696303	0.0485502748	-0.1072163176	-0.094390885	-0.0256692607	-0.0230413028	0.0979957085	0.0007964478	-0.0222473871	0.0458813762	0.0907421283	-0.0698134528	0.0531313166	0.020981176	0.059218028	0.1492858301	-0.0858097803	0.0259199101	-0.10193743	-0.0607094523	0.1316406289	-0.0820979903	-0.0644585299	0.0646705971	0.0627282654	-0.0208356531	0.0684123271	-0.0132031523	0.1011016328	-0.007165038	-0.0416964097	0.126158376	0.0582353257	-0.0897497548	-0.0202004978	-0.0684936154	-0.0348711943	0.1097247271	0.0	0.0370821646423422	0.0235949144356766	0.0013750869345617	0.0005567199872269	0.1146833962572202	-0.0269984101385461	0.0007289141500091	0.0131522813770905	-0.0248666776632262	0.0240268996562491	0.0006183516580067	0.0005772919070914	0.0009088780770658	0.0006727779663847	8.260593589708264e-07	4.526301920527326e-07	-0.0010498136729339	0.0002273922703229	1.102108747878965e-06	5.1707244602602836e-08	0.0026224834012573	0.0001173321570019	6.8774191898700575e-06	1.3766835066718542e-08	0.0	0.0
562.9204272460821	-0.7038359690468496	0.4953850713241179	316879.40741091163	750.33004285027	-0.7847989699419031	0.6159094232218721	562995.1732036881	540.3715437617168	0.3746502121767889	292001.405307421	0.140362781484113	586.1618969844519	515.8276452537475	1.055121	18.324841	0.0963848365253558	0.0654222279752437	9.02253e-05	0.0120270237	-0.0202731858	0.005073273	-0.1037572063	-0.0522354077	0.0162217355	-0.0443167029	-0.0118037665	-0.060723247	-0.1250223282	-0.0401533155	-0.0339417719	0.0567259064	0.0072451727	0.0244992538	0.1052716976	-0.0400465805	0.0767665849	-0.0641525811	0.0069689841	0.0260461678	-0.0346111647	-0.1182774369	0.0803536063	-8.2503e-06	0.063374636	-0.0326214673	-0.0141531201	0.0736300623	-0.0266747928	0.1299368529	-0.1389416336	0.0189221637	0.0817548329	-0.0211372	-0.0660960078	0.0087553379	0.0186438257	0.0721292678	0.0203735724	0.0246951928	-0.0388707539	0.0858966888	-0.0646550075	-0.0826835439	0.0937478262	0.1296846033	-0.0120843569	0.1195163357	0.0145429488	-0.0991186495	0.1749875111	0.0149233929	-0.1057911053	-0.0531231475	-0.0893072791	-0.1327170705	0.0022440909	-0.0305807507	-0.0449601572	0.0568918019	-0.0613175379	-0.1051458661	-0.0256395789	-0.0535129664	-0.0995371201	0.0638880546	0.0727914819	0.0200725917	0.0534332987	-0.0398367661	-0.0159788776	0.0001482783	0.0702293069	-0.1162856146	0.0156164162	-0.0004238917	-0.1026318199	-0.0056001833	0.0365029235	0.0151821596	0.1597283412	0.0002692056	0.027593251	-0.0582732869	-0.0570571857	-0.0996993866	-0.0126569386	0.0323898956	0.048476416	-0.0486486474	0.0781965786	0.0631235137	-0.0951360682	0.0114482655	-0.1032848328	0.0880941035	-0.0670037583	-0.0765017315	0.0059185596	0.0336996682	0.1297939031	-0.1347493377	-0.0200199784	0.0597104806	-0.0027027263	0.0251303256	-0.1892218622	-0.080563987	-0.0038072868	-0.0704484286	-0.0301825523	0.1071542885	0.0	0.0333279795922436	-0.0037541850500985	0.001110754223701	1.409390539038382e-05	0.1786142594231705	0.0639308631659503	0.0040871552651434	0.0319030536692876	-0.0278306188438932	-0.002963941180667	0.000774543345234	8.78494732245369e-06	0.0012281194511871	0.0003192413741212	1.5082773863841038e-06	1.0191505495085581e-07	-0.0008548872675551	0.0001949264053787	7.308322402278251e-07	3.7996303513900255e-08	0.00262303256433	5.491630726997369e-07	6.880299833535614e-06	3.0158008041701656e-13	0.0	0.0
560.4846460454779	-2.435781200604197	5.933030057216822	314143.03845272464	746.8253590303309	-3.504683819939146	12.282808677743244	557748.1168907826	537.6656188964844	-2.7059248652324186	289084.3177433396	7.322029376283083	583.2254316142813	510.17334418568186	0.979407	17.00988	0.0376482275671727	0.0219007753620975	-0.0408767046	-0.0302591375	0.0427606171	-0.0596563605	0.087899673	-0.0160953939	0.0449046052	0.0664412045	0.0559026314	0.0629002106	0.0469207999	-0.1016021145	-0.006118865	-0.0044413131	-0.019975236	0.0165757564	-0.1531834388	0.0361662649	-0.0631009158	-0.042359516	0.0263977471	0.0268855671	0.0485773585	0.0234534483	-0.082788141	-0.1485568981	-0.0456422072	-0.0763768909	-0.0706156398	-0.0615054256	-0.0061304283	-0.0274716209	-0.1260568065	0.0427332321	-0.1135621644	-0.1353047992	-0.0542411199	-0.0358621248	-0.1389351816	0.0193417731	0.1479256619	0.1048801633	0.0403041108	-0.0281295591	0.009920507	-0.0976321838	-0.0603485631	-0.0833590282	-0.1035538522	0.1257635275	-0.0305777801	0.198219043	-0.0370234411	-0.0138600045	0.1194013856	0.0757357309	-0.0397031996	-0.0334607612	0.0414038316	-0.0832026437	-0.0210690867	-0.0045378017	-0.0045687263	0.0400802143	-0.0498673152	0.0950417752	0.1869536752	0.0416479575	0.0431568144	-0.0390262211	0.0384903937	0.1430383521	0.0574812854	-0.0315256264	0.1618283606	-0.0699445564	0.1236201256	0.0688924355	0.0718395967	-0.0804265812	-0.0622350525	0.1641649386	0.0952764205	-0.0581174443	0.031893112	0.0216474575	0.0771752194	-0.0797959455	-0.0667178948	0.0012394933	0.0505650512	-0.0231262321	-0.0024088294	0.0183627035	-0.1250971077	0.032692081	0.0193925792	-0.1132333273	-0.0015121861	0.0444061146	0.0238462961	0.063809444	0.0999395367	0.0037549505	0.1243584968	-0.0873997782	0.0452849822	-0.0343552762	-0.2336204491	0.0031306605	0.0007150717	-0.0723719246	-0.0254402467	0.1041552675	0.0	0.0311416730019828	-0.0021863065902608	0.0009698037973624	4.77993650661781e-06	0.1588657102623329	-0.0197485491608375	0.000390005193958	0.0252383138971555	-0.0230183016634839	0.0048123171804092	0.0005298422114711	2.31583966448625e-05	0.0011117574771556	-0.0001163619740314	1.2360046880113847e-06	1.3540109000507465e-08	-0.0009565446041368	-0.0001016573365817	9.149775797032274e-07	1.0334214080885044e-08	0.0026230343464301	1.782100100301831e-09	6.880309182551982e-06	3.1758807674957962e-18	0.0	0.0
560.9909836912287	0.5063376457508184	0.2563778115044813	314710.88378285244	744.0135227876551	-2.811836242675781	7.906423055625055	553556.1220908966	537.9342211987599	0.2686023022755535	289373.2263367164	0.0721471967877278	583.6119753324359	504.54721641850665	0.914029	15.874428	0.0161521472084388	0.01061978183648	-0.0877930202	0.0198173671	0.1194024792	0.0911190076	0.0332434817	-0.0849393295	0.1247582637	-0.0766653463	0.0557381633	0.0352908927	0.0559236038	-0.0059405385	-0.017260462	-0.0520377949	-0.0834988925	-0.0474399886	-0.0548297462	0.1382949414	-0.0952900007	-0.1122576415	0.0876377956	-0.0740297074	0.0490109403	0.0958003025	0.072742271	0.0269191824	-0.0854705731	-0.03885132	-0.045669291	0.075479281	-0.0438571533	-0.0927379177	-0.0450909738	-0.1511849192	-0.1121578519	0.1069090526	-0.0213409643	0.0451781482	0.0165593136	0.0017854131	0.0544032844	0.0356735237	-0.0815155146	-0.1192708492	0.0146042008	0.0005027398	0.0733924868	0.0458843749	-0.0433513345	0.0430493263	0.0611450312	0.0424039207	-0.1110870512	0.1092889047	0.0971918299	-0.0398693879	-0.0466387719	0.0240753709	0.0454458814	-0.0558605827	-0.0157867859	0.0008775255	0.1041033611	-0.0284982301	0.0548903277	0.0563566704	0.2018013527	-0.1022590075	0.0393960805	0.1428099538	-0.0185706046	0.0009986954	-0.0803165192	0.0464794492	0.0224722361	0.0309596836	0.0277154524	0.1179340188	0.0398108503	0.0739454829	0.0563355177	-0.0228017283	-0.0095229321	-0.0685268342	-0.0018321571	0.0080590409	0.0282829524	-0.080517288	-0.0615452623	-0.0036805544	0.0284150903	0.0841440833	-0.0397654839	0.0226450366	-0.1251664385	-0.0089911653	0.0361137417	-0.0652170713	-0.1141482732	0.0122961789	-0.1429706338	0.0172448124	0.1043373831	-0.0782187476	0.000585879	-0.0143811217	-0.0927688898	-0.0609904269	-0.0699875111	0.1665943817	0.0985084909	-0.0742632484	-0.0206527093	0.100739659	0.0	0.0293848277545976	-0.0017568452473852	0.0008634681021673	3.086505223259973e-06	0.1587607237532466	-0.0001049865090863	1.1022167090128224e-08	0.0252049674066546	-0.0159851643255066	0.0070331373379773	0.0002555254785134	4.946502081485044e-05	0.0009992957723147	-0.0001124617048409	9.985920405660325e-07	1.2647635055721751e-08	-0.0009886879234015	-3.2143319264700066e-05	9.775038098799704e-07	1.0331929733524383e-09	0.0026224958082559	-5.385381742000969e-07	6.877484264319766e-06	2.90023365070774e-13	0.0	0.0
562.32389735724	1.3329136660112226	1.7766588410394772	316208.16553903575	749.5865870531868	5.573064265531684	31.05904530774621	561880.0514900448	538.3212973966178	0.387076197857823	289789.8192307778	0.1498279829480685	584.299695422321	512.6133917428614	1.097998	19.069513	0.0354833891413181	0.02090705058462	0.0007981219	-0.0404730101	-0.0946313997	-0.0813896259	-0.1388450015	-0.0652501862	-0.0552527855	0.1245166317	0.0477573187	0.0002729465	0.0129958616	0.115310472	-0.0213499525	-0.1010096504	0.0526710136	-0.0177265655	-0.1672577864	0.0032590185	0.1370003349	0.056774459	-0.1137222633	0.0486365028	-0.0970361902	-0.0068111849	0.0335999868	0.1012946174	-0.0350968795	-0.0452490709	-0.0497262134	0.1149369312	-0.115700866	0.0625976342	0.0072712057	0.0669743107	-0.0388274246	-0.1272942961	0.0115584759	0.1619492856	-0.03405111	0.0008297849	0.0858924756	-0.186751851	0.1297102967	0.0882698887	-0.0265006459	0.0459729952	-0.0265225341	-0.0951094905	0.00415631	0.0198575037	-0.0606567568	-0.0264210875	-0.0019745334	-0.1505034678	0.0058291966	0.0252944958	-0.0416282649	0.0476194257	-0.0039130713	0.1157910997	-0.0590623601	-0.0739539837	-0.0281562029	-0.1226441923	-0.0259300036	-0.021176892	0.1437105942	-0.0714738259	0.040851609	0.0262554733	0.0296043891	0.0565549385	-0.0859476667	-0.2051978577	-0.0537529635	0.0279950214	-0.0200106985	-0.0013454082	-0.0196380786	-0.126002217	-0.0524833058	-0.1604458965	-0.0395480417	0.1311635421	0.1418491748	-0.1365612919	-0.0728037992	-0.0704924181	0.1193524657	-0.0153847842	0.0902882512	0.0695642189	-0.0379583538	0.0285270781	-0.1488789004	0.0162722652	0.0353009692	-0.1132505621	0.0647017813	-0.0900386937	-0.0140071989	-0.0048491423	0.0690712871	-0.0102974745	0.0125836459	0.0416105081	-0.0760073296	0.023760254	-0.0266978611	-0.0172580771	-0.0387234658	-0.0761215592	-0.0158284522	0.0969211244	0.0	0.0334936471251552	0.0041088193705576	0.0011218243977444	1.6882396619869365e-05	0.1588804643894406	0.0001197406361939	1.4337819956142293e-08	0.0252430019646043	-0.0293072338143431	-0.0133220694888364	0.0008589139538485	0.0001774775354653	0.0011980087901297	0.000198713017815	1.4352250612280274e-06	3.9486863449144515e-08	-0.0011479317596003	-0.0001592438361987	1.317747324699041e-06	2.535859936731024e-08	0.0026231941471567	6.983389008001495e-07	6.881147533677168e-06	4.876772203707612e-13	0.0	0.0
562.9658203153997	0.6419229581597392	0.4120650842125503	316930.5148433909	751.1799401675953	1.593353114408501	2.5387741471952694	564271.302510192	539.9358206752793	1.6145232786615225	291530.6904482873	2.606685417339952	585.7235750967731	514.8674364291555	1.012825	17.590279	0.073826263730329	0.0412234032821982	0.0438253883	-0.0015194237	-0.0324455054	-0.0330862006	0.1023511664	-0.0416431289	-0.0615611334	-0.0056281457	-0.0104039953	0.0160234083	0.0070819606	-0.0481204315	0.0583799056	0.0241353562	0.005154496	0.0869844152	0.0430713554	-0.0375937488	0.040879191	0.006984469	-0.1816576113	0.1545390411	-0.0039241629	-0.0302846814	-0.1145679397	-0.0435926926	0.1380650616	-0.0485790407	-0.0782649869	0.0500323582	0.1032488236	0.0803310577	-0.0180047147	0.0514061693	0.0392726391	0.016536545	0.0869289071	0.0867894569	-0.0902165614	0.0140164059	-0.0530247546	-0.081337253	0.0639128117	0.0710070517	0.1185334003	0.0858986407	-0.0039653831	0.0285250231	-0.0762108552	0.0897100688	-0.0124258337	0.040997095	0.0272676352	0.0191438613	-0.0508767689	0.0643150154	0.0152820276	0.0120042129	-0.0339788332	-0.0119129141	0.0914516174	0.0619005434	-0.1469173767	-0.0574018871	-0.1613390396	-0.0327475506	-0.0209012539	-0.0314845777	-0.0500738002	-0.0355929993	0.1930497446	0.0413782883	0.0364928572	0.010459919	0.0263006132	-0.0113762771	-0.0564240816	-0.0222281367	-0.1208041614	-0.0773733879	-0.0235333349	-0.020833657	0.0344385785	0.0960673981	0.0678742217	-0.0681621262	-0.0356401227	-0.0669074115	-0.0111855214	0.0972855673	0.0620776241	-0.073975008	-0.031809789	-0.0336815913	-0.1073946536	-0.0736788539	0.0900340326	-0.0021234818	-0.0231604448	0.0951553649	-0.0038944806	-0.0613687794	0.1518019329	-0.0672620945	0.0806167851	0.0445764087	-0.022498551	0.1050543692	0.0234643911	-0.0429915273	0.0035213602	-0.0779460309	-0.0109760526	0.0927149366	0.0	0.0333433479794393	-0.0001502991457158	0.0011117788544779	2.258983320292852e-08	0.1353192572660475	-0.0235612071233931	0.0005551304811114	0.0183113013870347	-0.0148850325766431	0.0144222012376999	0.0002215641948077	0.0002079998885407	0.0017856756214273	0.0005876668312976	3.1886374249597744e-06	3.45352304607362e-07	-0.0012731655427973	-0.000125233783197	1.6209504993663438e-06	1.5683500453833218e-08	0.0026241446571325	9.505099757998668e-07	6.886135181557046e-06	9.034692140950633e-13	0.0	0.0
562.2764478985355	-0.6893724168642166	0.4752343291332112	316154.80386139447	748.4086737240062	-2.77126644358907	7.679917701362813	560115.542905326	539.7169474406414	-0.2188732346378401	291294.3833546441	0.047905492840831	585.2167305941624	511.7778359327859	1.003913	17.435486	0.0770842843915143	0.0481649912476401	-0.0164916997	0.0660372952	0.1069926943	-0.0659907523	-0.0779381525	-0.0238390836	0.0463250048	-0.014219567	0.0493625837	0.0666334864	-0.1734637975	-0.0509763357	-0.0510322888	-0.0181196794	-0.0112288026	-0.0243471763	0.0348088927	-0.1046040187	0.0435731661	-0.0603113284	0.0104618839	0.0028941523	0.0250698597	-0.0826719471	0.0963564018	-0.1506065882	0.0263126362	0.0379618169	0.0326981494	0.0030262897	-0.1084084262	-0.174066708	-0.0059228413	-0.1026276993	0.0431924139	-0.0095760373	-0.0471362056	0.1163504809	-0.1529137055	0.1158173873	-0.1622114773	0.0902447916	-0.0183544115	0.1179633402	0.0713334201	-0.0648417476	-0.0339705861	0.061482128	-0.1854483206	0.0862693164	0.0656782176	-0.0719957111	-0.0936758477	0.0609065982	0.0009112129	0.0002589487	-0.0538259185	-0.1761683453	0.0055550659	0.0492353334	-0.1258888133	-0.0051420903	-0.0492640814	0.0025944394	-0.0158851893	-0.0461412234	0.0026312437	-0.0262580948	-0.033724457	0.0768915729	0.0619993417	0.0856337325	-0.0089357185	0.0533011729	-0.108532412	-0.116030965	0.0481318225	0.0483739183	-0.020167749	0.1315675701	0.0382394766	0.1221824157	0.1116184902	-0.0224383882	-0.0065417076	0.0847922663	-0.1161484079	-0.0939469415	-0.0939582416	0.0267124448	-0.025931901	0.0161071776	-0.0240253661	-0.0667708125	-0.0983580804	0.0205504463	0.0298356938	0.0109169382	0.0620707561	-0.1462222692	-0.0540613384	-0.0211615328	0.0820798028	-0.1220711472	0.1911950961	0.108438297	0.0034970658	0.0375099719	0.01759469	0.0708014977	-0.0361928906	-0.0797358525	-0.006104138	0.0881379191	0.0	0.0332034246780352	-0.0001399233014041	0.0011024674103499	1.9578530275823503e-08	0.1781900136454624	0.0428707563794149	0.0018379017525431	0.03175168096297	-0.0208845060685334	-0.0059994734918902	0.0004361625937266	3.599368217989436e-05	0.0019501558138679	0.0001644801924405	3.8031076983627713e-06	2.70537337052968e-08	-0.0008769448619254	0.0003962206808719	7.690322908573589e-07	1.5699082795059208e-07	0.0026233629060689	-7.817510635998136e-07	6.8820329369382656e-06	6.111347254394397e-13	0.0	0.0
562.2202093905457	-0.0562385079897467	0.0031627697809128	316091.5638471491	746.7768323112937	-1.631841412712561	2.662906396243726	557675.63727689	538.7213599576529	-0.995587482988526	290220.70367462304	0.9911944362834286	584.231164707301	509.1838249795805	0.979831	17.017252	0.0865835200921656	0.0471668093946957	-0.057756891	0.0723558286	0.0185290975	-0.0897418302	0.0325072111	-0.034231066	0.09303597	0.0901783036	-0.0700511394	0.1322043183	0.1189260883	-0.1030313881	-0.0644622786	-0.0978138	0.0327676461	0.0554361964	-0.1213536795	-0.0227740059	-0.1158461497	0.1458861417	-0.0171559418	-0.0480917753	0.0065032983	-0.0258198231	0.0023677183	-0.0385794389	0.0725324755	-0.0265813452	-0.1484075266	0.0551067238	0.0501949197	0.0428848785	-0.0651305906	-0.005861351	-0.0458648093	0.0538281174	0.0309464328	0.0342705973	-0.1316286846	-0.1026617232	-0.0508545698	-0.0694407494	-0.0137433788	0.0344305595	-0.0024746536	-0.0305447221	-0.0460602413	-0.0953117938	0.0819356591	0.0251211102	0.0947999263	-0.0525427509	-0.0569771626	-0.0558277181	0.1559854102	0.0736647293	0.1270548668	-0.0135917926	-0.0015266134	0.0137811628	-0.0379271939	0.060599668	-0.0100152164	0.0352994408	-0.0188599998	0.0960603585	0.0484104722	0.0217005529	0.0963931771	-0.0054353123	0.1328101783	0.065938491	-0.0110864762	-0.0247335864	-0.0269324639	0.0524893319	-0.0043381326	0.0804169145	-0.1331699355	-1.91403e-05	-0.0024678036	-0.0775404625	0.011057735	-0.0125454174	0.0435515822	0.036843415	-0.1239709417	-0.086297134	-0.0019059342	-0.05394134	-0.0525708445	0.064206312	-0.020294095	-0.1107548323	-0.0717185325	-0.0338483304	0.0753702208	-0.1933165966	0.0428257328	-0.0156931648	0.0401813488	0.010083131	0.0868545437	0.0155366113	0.1743110924	0.0327024573	0.0929696924	-0.0938161991	0.0203366068	0.0576141398	0.0827073113	-0.0814902283	-0.0012213705	0.0832083783	0.0	0.0401066107786505	0.0069031861006152	0.0016085402281501	4.765397833972826e-05	0.219496598841971	0.0413065851965086	0.0017062339805964	0.0481787569031931	-0.0100775004379016	0.0108070056306317	0.0001015560150759	0.0001167913707005	0.0017685125990575	-0.0001816432148103	3.127636813025114e-06	3.299425748665709e-08	-0.0010820376182589	-0.0002050927563334	1.1708054073273927e-06	4.206303870047236e-08	0.0027879617982132	0.0001645988921442	7.772730988296179e-06	2.7092795295130767e-08	0.0	0.0
563.431863553967	1.211654163421258	1.4681058117360688	317455.46486789605	749.5619860480814	2.78515373678772	7.757081337542599	561843.1709283441	539.5571757550221	0.8358157973691505	291121.94590873574	0.6985880471318288	585.9693701472817	514.9217430242678	1.121161	19.471794	0.05738141577822	0.0358718979213685	0.0479954308	0.0218766863	-0.1145870297	0.0986682666	0.0644362269	-0.1809595305	-0.0085170617	-0.043890747	0.0615516052	-0.1643181887	0.1001168963	0.111537614	0.0184921792	-0.1114568266	0.0619291615	0.0577563266	0.0701418171	0.0214457035	0.0755326696	-0.0578287937	-0.0913247762	-0.1107920403	-0.0005046395	-0.0434453192	-0.0677281754	0.0201205179	-0.067471944	-0.1361970009	0.0025040398	0.0365394763	-0.0580289245	-0.018357974	-0.0948919253	-0.1441308144	0.0185518417	0.0353798824	0.1482297716	-0.0711326918	-0.0312290985	0.081560458	0.0555694936	-0.0252051462	0.0442443824	0.0624145156	-0.0885583156	-0.0395853969	0.0939520714	-0.1065646785	0.1315780928	-0.0389437487	-0.0114610779	-0.0801191446	-0.0084399665	0.0164673182	-0.1214157639	-0.0292276963	-0.0385007494	0.1269255136	-0.0061515571	-0.1443575212	-0.0417416225	0.0627937143	-0.0326849305	-0.1420907196	0.1278734614	0.1076002502	0.091154828	-0.1466625458	0.115996884	0.0972283389	0.0883155759	-0.0924479564	0.0048521605	-0.0623413638	-0.0230372315	-0.072181168	-0.0900713558	0.0557240234	-0.0486468453	0.0500979101	0.0604469225	0.0799923943	0.1138972224	0.0696194064	0.0518090022	-0.0288732899	0.0461229578	-0.07751226	0.1422201842	0.0226896085	0.0743464129	0.022161482	-0.0282636535	-0.0546220223	-0.1131082328	-0.1330173628	0.0010740843	-0.0094513537	-0.0702187157	-0.0128970902	-0.1346346874	-0.094063716	-0.0144842613	-0.0089068542	-0.0282379892	0.1901619151	-0.0186222845	-0.0733378276	-0.1039365466	0.1794576291	0.1474749105	-0.0832083783	0.0036635686	0.0779460309	0.0	0.0424710170535291	0.0023644062748785	0.0018037872895611	5.590417032685291e-06	0.1866309843167641	-0.0328656145252069	0.0010801486181194	0.0348311243070442	-0.0255484539463211	-0.0154709535084195	0.0006527234990472	0.0002393504024596	0.0017280155170044	-4.049708205310001e-05	2.986037627007984e-06	1.6400136548155146e-09	-0.0011101490370875	-2.811141882859999e-05	1.2324308845463033e-06	7.90251868556966e-10	0.0027229614697006	-6.500032851259989e-05	7.414519165474051e-06	4.225042706745906e-09	0.0	0.0
563.4912302119246	0.0593666579576392	0.0035244000770593	317522.3665257482	751.8036657894359	2.24167974135446	5.025128062798999	565208.7518944337	539.6144229015672	0.0572471465451371	291183.7254033914	0.0032772357875604	585.0101033107732	521.2732817487018	1.137424	19.754242	0.0404408649999033	0.0196569867828674	0.1123947787	0.0566711942	-0.0134494698	-0.202671196	-0.0658209877	-0.0187423478	-0.0875085411	0.0005339241	0.0411234516	0.0263968118	-0.180126545	0.0063903621	0.0410475881	-0.1494250237	-0.0045932729	0.0368476113	0.0508929832	-0.0636136339	0.0874386544	-0.1689698157	0.0162926357	-0.0593011924	-0.0152816003	-0.0645129575	0.1315851415	0.0749840699	-0.0535848712	0.0697525039	0.0211323758	-0.0252673439	-0.009543274	0.1574649761	-0.0972589818	-0.0468112535	-0.0496435272	0.0915440533	-0.0187766215	0.0583629744	-0.0950251183	-0.157083069	0.0302271041	0.0340681782	-0.0233056329	-0.0822834725	0.0026530309	0.0788580212	0.0885519873	0.1189630377	-0.0150913353	0.0069123369	-0.0057363735	-0.0605503123	0.1261786705	0.023702926	-0.0474915223	0.0216277146	-0.1199802065	-0.1488535933	-0.0299630122	0.0374467095	-0.0159326463	-0.0145547538	-0.0572378929	-0.1444439034	0.0811056853	0.0208683195	-0.0045682642	0.1088620737	0.0772631534	-0.0435116104	-0.0816124735	-0.0763128904	-0.0508034988	0.0287324755	0.0444352741	-0.0141526909	-0.0802758027	0.0073861259	-0.1046143435	-0.0661234526	0.0293313961	0.0275497294	0.0470535467	0.1523786634	-0.006216067	0.0710466576	-0.0332087638	-0.0762632333	-0.0586974126	0.0210766576	0.0219148126	-0.153163342	0.0192927194	-0.1510306544	-0.0399281684	-0.102534625	0.0171343611	0.0735720936	0.1189731612	-0.175141409	-0.0207281648	-0.072482983	0.0247285422	-0.0984135602	0.0105187092	0.2125036497	0.0302969606	-0.0295402649	0.0477392714	-0.0413295114	0.0482949684	-0.0848895389	0.0085419939	0.0723719246	0.0	0.0511963900565461	0.008725373003017	0.002621070354822	7.613213404177798e-05	0.1995204695624721	0.012889485245708	0.0001661388298993	0.0398084177744293	-0.0294543111469494	-0.0039058572006283	0.0008675564451413	1.5255720471699946e-05	0.001637021491794	-9.09940252104e-05	2.6798393645954534e-06	8.279912623990913e-09	-0.001054649756955	5.5499280132499966e-05	1.1122861098452405e-06	3.080170095225705e-09	0.0028748711553687	0.000151909685668	8.264884159970963e-06	2.3076552599780938e-08	0.0	0.0
563.9568988172782	0.465668605353585	0.2168472500119529	318047.38372360176	754.2641519434312	2.4604861539953617	6.053992114002887	568914.4109069435	539.8236853358258	0.2092624342585622	291409.61124955263	0.0437907663918191	586.2273540610246	524.1525831703248	1.008499	17.515137	0.084072082874073	0.0498097151778492	0.1533131711	0.0963938751	0.0424807083	-0.1073348364	0.05247001	-0.0102559251	-0.1534716493	0.0233155757	0.0319890692	0.1364816444	0.1006277019	-0.1179520076	-0.074532863	-0.0817073658	-0.0915088217	-0.0535077761	0.0301212911	-0.0428872468	-0.1153175775	0.0490796523	0.0668770745	-0.0092465029	-0.0472518313	-0.1885041226	-0.0834872541	-0.1774636362	-0.0063188694	0.0821121682	-0.0404091623	-0.1132790586	0.0160074146	-0.0060194601	0.0682265708	-0.0465506827	-0.1746908085	-0.0547626218	-0.1935352728	0.103399185	0.047841141	0.1298005627	0.1290008376	-0.058508582	0.1300546708	-0.0246349734	0.0342844099	0.0225645104	-0.0273974146	0.0190097311	0.048274756	0.0851151081	-0.1274081083	0.0176422326	0.0323716631	0.0651576531	-0.018587015	0.1831028318	0.09051645	-0.0472280801	0.1098708624	-0.0416465382	-0.0765964504	-0.0776636418	-0.021973671	0.0227468466	0.1306304095	0.095486645	0.0765234833	0.0910507605	0.0585742894	-0.049916253	0.0121357112	0.1216014866	0.0191098311	0.1120470231	0.0188016519	-0.1955966522	0.1034297577	-0.1307448937	0.0723089262	0.0015926103	0.0165248738	0.1944569185	-0.0933416508	0.1863751889	0.1304678742	-0.0304819677	-0.0405723373	-0.0812748036	-0.0657027332	-0.0504830747	0.0187812499	0.0395980009	-0.0082013248	-0.1359973295	-0.1150053375	-0.1642189713	0.0475331702	-0.1180544037	0.1201759494	-0.0419916577	-0.002062286	-0.114107866	-0.0764640203	0.0405670343	-0.005067134	0.100419459	0.0118955673	-0.0593504135	-0.1845607982	0.1124023166	0.0146376765	-0.0865329627	0.013405232	0.066508354	0.0	0.0440458995478536	-0.0071504905086925	0.0019400412669796	5.1129514514901534e-05	0.2381176691457653	0.0385971995832931	0.0014897438156725	0.0567000243594121	-0.0352362502689018	-0.0057819391219523	0.0012415933330126	3.343082000996368e-05	0.0011281411321208	-0.0005088803596732	1.2727024139828003e-06	2.5895922046112544e-07	-0.0011559060981354	-0.0001012563411804	1.3361189077066047e-06	1.0252846629241567e-08	0.0028341587830196	-4.071237234909994e-05	8.03245600736714e-06	1.6574972622917574e-09	0.0	0.0
564.8937209491946	0.936822131916415	0.8776357068484167	319104.91596782656	755.1027618408203	0.8386098973891194	0.7032665599989893	570180.1809396347	540.3633584631494	0.539673127323681	291992.5591695741	0.291247084355322	587.6450765626754	528.3519174591313	1.310352	22.757576	0.2381797412254631	0.1310539499546987	0.1664006093	0.118240956	-0.1143620053	0.0538202502	0.1555756959	0.0358883601	-0.0657450623	-0.0983139976	-0.1336595545	-0.1368440204	0.1052803935	-0.0723547295	-0.0082725963	-0.1765489782	0.0881005657	-0.0605439307	0.1090481246	0.0026301269	0.0359766207	0.0897707251	0.0062316077	-0.0501151146	-0.0429081458	-0.0320279403	-0.0417350213	0.0991797383	0.1176078194	-0.1577903816	0.144840354	-0.0269580197	0.1000128288	0.1756250392	-0.1138698136	0.0124196663	-0.0208575554	0.1050827216	0.0264386315	-0.0173063328	0.0696418689	-0.0534312096	0.0572259447	0.0353259477	-0.0218778054	-0.150020831	0.0398975145	0.1396081136	-0.1562505455	-0.0569860029	0.011535734	0.0546097308	-0.0009131487	0.0223967333	-0.1609089094	-0.0134928375	-0.1240527335	-0.1142778947	0.219019461	0.0647340129	-0.1018362993	-0.0638889989	0.0558019922	-0.0406264736	-0.0082312898	-0.0440806592	-0.1190910057	0.1476516244	-0.0482386468	0.2673970423	0.018886311	0.0671530458	-0.0060450847	-0.1818701961	0.0754584447	0.0516562098	0.0156621037	0.043618875	-0.124556439	0.1557856851	-0.028589056	-0.0744153107	-0.1169917661	0.0138723213	-0.0050816558	0.1229709892	-0.1255604207	0.0028666397	0.0131600619	-0.0085142381	0.0941166579	-0.2972899118	0.0233011729	-0.1727031534	0.0322246748	-0.1072171159	0.1257762326	-0.2225589417	0.120821588	0.0320586572	-0.1666847185	0.0539228158	0.1062366151	0.1385203184	0.045052088	-0.0381775482	0.1001056752	0.0775519017	-0.1886732746	-0.1217801568	0.1522088602	-0.1613335069	-0.014519511	-0.0881379191	0.018244636	0.0603787714	0.0	0.0586602371656255	0.0146143376177719	0.0034410234243274	0.0002135788640062	0.3256902876111098	0.0875726184653445	0.0076689635048767	0.1060741634442074	0.0657635151141349	0.1009997653830367	0.004324839920167	0.0102009526074284	0.0014991747743955	0.0003710336422747	2.2475250041837983e-06	1.3766596369963006e-07	-0.0012740377566691	-0.0001181316585337	1.6231722054184328e-06	1.395508874792271e-08	0.0026234636886418	-0.0002106950943777	6.882561725622041e-06	4.4392422794869945e-08	0.0	0.0
566.9830668152872	2.089345866092572	4.365366148158119	321469.7980552684	756.2997138528262	1.1969520120059087	1.432694119044993	571989.2571738668	542.0371090379584	1.6737505748089916	293804.2275742276	2.8014409866734296	588.2269897914618	534.142269097305	1.162414	20.188263	0.2421785188723345	0.1145771591930668	0.1616277402	0.1885513332	-0.0614102417	0.0200786196	0.0334721571	0.1868194579	-0.098804491	-0.1732442514	-0.0174980864	-0.0907097745	-0.1313290337	-0.2660950188	0.0490475887	-0.0727570424	-0.0631612529	-0.193436669	0.2763045644	-0.107904094	0.020754948	-0.0666005426	0.0039369515	-0.0149205276	-0.1442378456	-0.0574586296	-0.1218124108	-0.0163310687	0.0690336318	-0.1718898832	-0.1018954035	0.0272409642	0.0613793025	0.1502863592	-0.0242452274	0.0541919552	-0.0420547552	-0.0675693991	-0.1920726148	-0.1842134493	0.0916098915	-0.0272149239	-0.2105305878	-0.0807512726	-0.1868500041	0.0846993116	0.1400612359	-0.0154312845	-0.1304404747	0.0313549621	-0.0690983457	-0.0170749298	0.0840268764	-0.0641695011	0.1049633275	0.1075392822	-0.1963875903	-0.0702287223	0.0582737161	-0.2022418933	-0.0302116302	-0.1261248129	0.1695276319	-0.0918543506	-0.1385003385	0.2229042965	0.0017020353	0.1741500843	-0.1688798956	0.1468996744	0.0472979009	0.0716315807	0.2322649787	-0.1408767182	-0.1559450838	-0.0264118026	-0.1440289917	-0.015856708	-0.03103344	0.0395293206	0.0967821635	-0.0355802833	0.0398206494	-0.1683563302	-0.0649761931	0.0125698007	-0.0118916972	0.1715828311	-0.0341953496	-0.0764279014	-0.0118263318	-0.1442799253	-0.0710732057	-0.1757826325	0.0860701094	-0.1838333518	0.2647938017	-0.3342930923	0.0388369266	0.2305399168	-0.0138263527	-0.0655657573	0.0996917938	-0.1040860345	0.0582079455	-0.084074644	0.0440431288	-0.2947205476	-0.147423042	-0.1880370503	-0.0790548808	-0.0433441527	0.0691583211	-0.0897036946	0.0230516017	0.0540076933	0.0	0.0998252620889559	0.0411650249233303	0.0099650829511287	0.0016945592769384	0.2710986579274248	-0.0545916296836849	0.0029802460315205	0.0734944823300509	-0.0005388904473093	-0.0663024055614442	2.904029142012175e-07	0.0043960089832342	0.0020308770484167	0.0005317022740211	4.124461585785726e-06	2.8270730819931506e-07	-0.0018283201576183	-0.0005542824009492	3.342754598753405e-06	3.072289800020097e-07	0.0031398681877489	0.000516404499107	9.85877223643756e-06	2.666736066980545e-07	0.0	0.0
562.9001251839887	-4.082941631298468	16.67041236459019	316856.55093215016	749.2567154379452	-7.042998414881026	49.60382667201665	561385.625628858	539.6542559397748	-2.3828530981836598	291226.71595391195	5.677988887523464	585.6990219433787	523.059390434017	1.726241	29.980543	0.2951072022668585	0.2040094623790639	0.1263205779	0.0200348012	0.0087942238	0.0232444373	-0.132118326	-0.0144305667	-0.1004760221	0.0468474712	0.2841933928	0.1299834414	0.0558695756	0.0087539324	-0.1457372407	0.0754401749	-0.0225336581	0.1151221556	0.0328678431	-0.0020694316	0.0035746114	0.0418872762	-0.0163798644	0.0723840667	-0.0929887531	-0.1706687143	-0.0020475745	-0.1088660947	-0.1639583996	0.0160062211	-0.1999827388	0.0542419893	0.1986714329	-0.1582079627	-0.0567328868	-0.1148877133	0.1128483929	-0.0177611357	0.1273212527	-0.0078117694	-0.0313158576	0.0146298416	-0.0179771014	-0.1175704178	0.049103654	0.0850164801	0.163604097	0.0623361221	-0.0313481935	-0.0144094198	-0.0747629614	0.0760190779	0.0236644758	0.038962435	-0.029323137	-0.0169863601	-0.1128252705	0.1762166886	-0.080843032	0.0493519099	0.2257829063	0.066794166	0.0035270172	-0.0231758201	-0.0846877191	0.1228215647	0.0282185474	-0.1580907971	0.1278265082	-0.1305556562	0.166958633	-0.0558954537	0.1694635951	-0.0860810525	0.1027876088	0.0617250694	-0.2403876195	0.1203097362	0.0227941898	0.110654415	-0.0222262045	-0.10656061	0.007392047	0.0832924576	0.0020019642	-0.1071298184	0.1633183492	-0.0241011706	-0.1538901297	-0.0916090468	0.0326730627	0.2722603333	0.1216217361	0.2294355652	-0.080823798	-0.0061696521	0.037831141	-0.0236733633	0.0895035678	0.122162231	0.0274206942	0.012197519	0.2254437415	-0.2967071318	-0.1639772988	-0.1130325678	0.1077209565	-0.1632863267	0.0320123609	-0.0100286619	0.0700158314	0.1276430135	-0.0368198929	-0.0912295932	0.0278175825	0.0474206018	0.0	0.0920508759757865	-0.0077743861131693	0.0084733637679096	6.044107943664119e-05	0.0763458044132932	-0.1947528535141316	0.0379286739518968	0.0058286818515128	-0.0245462500936568	-0.0240073596463475	0.0006025183936603	0.000576353317189	0.0025919555828211	0.0005610785344044	6.718233743317468e-06	3.148091217693896e-07	-0.0014229609040008	0.0004053592536174	2.024817734314774e-06	1.6431612449333666e-07	0.0027348539159066	-0.0004050142718422	7.479425941349663e-06	1.6403656039594848e-07	0.0	1.0
559.7917261341496	-3.108399049839136	9.662144653040842	313366.7766482508	744.1356881085565	-5.121027329388767	26.224920908346643	553737.9223167947	538.070468059984	-1.583787879790748	289519.8285982903	2.5083840481720725	583.4201023415602	506.04997606665137	1.382662	24.013426	0.2315000837453093	0.1658224267088905	-0.0804139504	0.0320870671	-0.0255388917	0.1150370876	-0.0499535496	-0.0198157703	0.1575218041	-0.0703431865	-0.0253929692	-0.0789582262	-0.0305516473	-0.0308482084	-0.0321233227	0.0978692047	-0.017334572	0.0571985625	-0.0506066442	0.0769690133	0.1324143305	-0.1358681308	-0.1416096624	-0.0215880758	0.1171276892	0.0310534245	0.0916979196	0.0212220415	-0.116894378	-0.0034878925	-0.0612153926	-0.1073454605	0.0085412212	0.1172313708	-0.0553171442	0.0248573936	0.0918003926	-0.0815595631	-0.0937758623	-0.0723421725	-0.0180084143	-0.0278953226	0.0864725074	0.1549037404	0.0450269457	0.0370304956	-0.0138811191	0.1472659863	0.2151064245	-0.0551755789	-0.0247400021	0.0692099415	-0.142655113	-0.0645784921	0.0455751882	0.0118154247	0.0241488437	-0.1134985035	-0.1094033001	0.0084718931	-0.1028425282	-0.1126487135	-0.09212242	0.0742798911	-0.0531856346	0.0262445452	-0.0115299367	-0.0632671901	0.0110041305	0.0425101704	0.1315243948	-0.1523264705	-0.1232811382	-0.068193113	-0.0571759706	0.0075290598	0.1236067621	-0.0797192289	0.0998057654	-0.0828729177	-0.0242059554	-0.1496550316	-0.043871211	0.0287301954	0.066179176	0.0910810903	0.1289073367	0.1399521662	0.0728929423	-0.0704454801	0.0091124242	0.0219806369	-0.0482905874	-0.0730619522	0.0192521362	-0.1168578291	0.0930307942	0.03435445	0.0041023956	0.1480532891	-0.091531178	-0.0812728356	0.0660978663	-0.0254319842	-0.0013541984	-0.1501788515	0.1940871809	0.190752844	0.1099446362	0.101968474	0.0932333242	0.0427517752	-0.090111231	-0.0927149366	0.0325341047	0.0406438432	0.0	0.0849734388174709	-0.0070774371583156	0.0072204853044664	5.009011672990643e-05	0.2365362628318195	0.1601904584185263	0.0256609829683376	0.0559494036344436	0.0161530595925256	0.0406993096861824	0.0002609213341996	0.0016564338089317	0.0025996492706605	7.693687839400044e-06	6.758176330445669e-06	5.919283257013212e-11	-0.0013629295958026	6.003130819819992e-05	1.857577083114639e-06	3.603757963987265e-09	0.0031377864895147	0.0004029325736081	9.845704053780984e-06	1.623546588744471e-07	0.0	0.0
560.8569782472107	1.065252113061092	1.1347620643811218	314560.5500485921	746.1931672040154	2.057479095458916	4.23322022825044	556804.2427819596	538.42044992715	0.3499818671659795	289896.58089975466	0.1224873073449853	583.2233987681575	497.9674136619258	1.117723	19.412088	0.0501468956393397	0.0272748048694734	-0.195395575	0.0473765146	-0.015211697	-0.1348971186	-0.0075222172	0.0937374254	0.0633612769	0.199547614	-0.0728756344	0.0503662553	-0.0527690409	-0.0091801646	0.0729172429	-0.0411304022	0.0163444937	-0.1162783132	-0.1432381908	0.0018094316	-0.0260908336	0.0316147122	0.1467624959	-0.1057016765	-0.1292801852	0.0458114069	-0.0013428812	0.0178255849	-0.0312768273	0.0085544237	0.0346130843	0.0114692146	0.0369513517	-0.0841228526	0.001768036	-0.0504412946	-0.073828588	-0.0541299967	-0.0520365161	0.0172144568	0.0638854637	0.1001030349	-0.0245969984	0.2036499614	-0.0225190191	-0.0331147627	-0.0734123288	0.0127694903	0.0125945493	0.1269337022	-0.0877315305	0.0401929186	0.1003380648	0.012012923	-0.0622989357	-0.1310933688	0.1951061809	0.0017188141	0.0023517791	-0.10879811	0.0247792633	0.0493755419	0.1110116459	0.0683103111	0.0018639913	0.0582273724	0.2174749272	0.0207266495	-0.0470082095	0.0325089402	-0.0637040551	-0.0411257556	-0.0217847363	-0.0466718746	-0.1745065097	0.0521224964	0.1305689061	0.0208975344	0.0990578891	0.0477396342	7.69014e-05	0.0987765096	0.0568573592	0.0407732913	0.0573968898	0.058149735	-0.1365896456	0.0878724251	0.017160235	-0.0904159815	0.0163601345	0.0183906603	-0.1637932957	-0.0444956413	0.0328663337	-0.118646192	0.1215876961	0.0707845749	-0.0747613699	-0.1448116911	0.1012878076	-0.0672538499	0.1051223878	-0.0097469259	0.087075008	0.0517530885	-0.0914980864	0.0348246306	-0.0375679595	0.0392487453	0.0763665861	0.0859866547	-0.0240831866	-0.0941590645	0.0371927824	0.0337045224	0.0	0.0870181267902268	0.0020446879727559	0.0075721543900799	4.180748905932661e-06	0.2586179545394742	0.0220816917076547	0.0004876011086719	0.0668832464101815	0.0198062784718047	0.0036532188792791	0.0003922886669026	1.3346008179921247e-05	0.0029597632281257	0.0003601139574652	8.760198366565064e-06	1.296820623612479e-07	-0.0014258289697708	-6.289937396819988e-05	2.032988251037661e-06	3.956331245591461e-09	0.0031621190996743	2.43326101596001e-05	9.998997200525008e-06	5.92075917179074e-10	0.0	0.0
561.9870785383052	1.13010029109455	1.2771266679319864	315829.47644401924	748.30763204238	2.114464838364597	4.470961552680222	559964.3121728739	540.1183740700105	1.6979241428605292	291727.85800803185	2.8829463949086627	585.5299603903612	510.3759880019397	1.118284	19.421835	0.0669835454423251	0.032537545515954	-0.05546352	0.1473344483	-0.0626106206	0.0900817161	0.1400827449	0.0200826648	0.0462344302	-0.0782708381	-0.1794236099	-0.0445885791	0.085331011	-0.0598111312	0.0257063875	-0.1177330828	0.0149968272	0.1513570597	0.089257526	-0.0009994582	-0.0133550326	0.1130598707	-0.1448329011	-0.0028151199	-0.0485715164	-0.0675600767	0.0418822756	0.0210368798	-0.0728004642	-0.0672196108	0.047815468	-0.1110025911	0.0427150498	-0.0691138822	0.2075271205	0.0125491216	-0.1247405842	-0.1898979136	0.0058276768	-0.077790495	-0.0934409848	0.1084460588	-0.1209016979	0.1026659583	-0.00485772	-0.0289741563	-0.0631683971	0.0244761336	0.0429797507	0.06801999	0.006604255	-0.0029938689	-0.1510139273	-0.2336784313	-0.0960564386	0.0311810722	0.0358164454	-0.0667508026	0.1574725754	0.0464761015	-0.0016165185	-0.1168120972	-0.003457436	0.0299551488	-0.2127960403	0.0272641139	0.1091059785	-0.1112738276	-0.1824160934	-0.0300272578	-0.0957778277	0.0732639062	-0.1716702375	0.1123160237	-0.060239618	0.0997902251	-0.0304932441	0.01317911	0.0340586877	-0.0482406543	-0.0450952887	-0.1151336954	-0.0790525261	0.056277703	-0.1570502432	-0.0089769053	0.0190680586	-0.0459618919	-0.0494533679	-0.08624599	0.0718705008	-0.0322297698	-0.1390388845	0.0300709371	0.0475343576	-0.013050788	0.1295502102	-0.1183064046	-0.0635741387	-0.1019748724	-0.0965603588	0.0489194866	0.0962039899	0.1390702328	-0.0489772833	0.0263507638	-0.0325636727	0.1012846099	-0.0225286587	0.2652515296	0.1126282755	0.024973764	0.038886311	-0.0955613349	0.0417853327	0.0266303944	0.0	0.080863018923722	-0.0061551078665048	0.0065388278294582	3.7885352848309335e-05	0.2740352272567463	0.015417272717272	0.0002376922980387	0.0750953057776565	0.0009889163793914	-0.0188173620924133	9.779556054285957e-07	0.0003540931161169	0.0031122127236996	0.0001524494955738	9.685868037557682e-06	2.324084870073652e-08	-0.0015260240854764	-0.0001001951157056	2.328749509454083e-06	1.0039061211258576e-08	0.0028828876556311	-0.0002792314440432	8.31104123499018e-06	7.797019934245085e-08	0.0	0.0
560.8153606303848	-1.1717179079204243	1.372922855741416	314513.8687189885	749.3546596751494	1.0470276327694137	1.0962668637827222	561532.4059768589	540.3409721343871	0.2225980643765979	291968.36616713455	0.049549898264208	585.9959257785582	511.5095795933793	1.109886	19.27599	0.1083129901386288	0.0610011425172732	-0.0469775506	0.1109481602	-0.0518867002	-0.0241023538	-0.1269779649	0.0101273254	0.0322962741	0.0318234682	-0.0884031602	-0.0678882484	-0.2134951457	-0.1292808719	-0.0125308623	0.1449625563	0.0185544668	0.0668501842	0.1353519854	-0.1230462683	0.0880868223	0.0039135911	0.0656020627	0.1265743446	0.1096820951	0.1463729324	0.1542333654	0.0072175013	-0.0546643719	-0.1213573507	-0.1117628305	-0.152810202	0.0175410043	0.061316424	-0.0523965231	0.0691345298	-0.0435619322	0.011805554	-0.0330720962	-0.0422889409	-0.0483453062	-0.104074202	-0.0387873788	0.1597287161	0.0881378488	0.042646653	0.1014105411	-0.0685226197	-0.0042241004	0.0763034101	0.1157098859	-0.1252020722	-0.0323445148	0.0007729623	-0.0323279944	-0.0399963003	-0.1004140937	-0.1021755034	-0.0235839043	-0.2464204497	-0.0352097451	0.0616724021	0.0078639628	0.0957380413	-0.1042471016	0.1999617749	-0.084282639	-0.0523500581	-0.0674441892	-0.0091873018	0.0847442704	-0.0091609088	-0.0439618456	0.0570471028	0.0983156305	0.0530538152	0.127591904	0.100226752	-0.0012594181	-0.0321456506	0.0765578306	-0.1081543303	-0.1060011287	0.0681725397	0.150019691	-0.0513533197	-0.062865302	-0.014752753	-0.0920223668	-0.0813435029	0.0300039168	0.1305964622	-0.1518076172	-0.0473280171	0.0003118241	-0.0682044901	0.0376169602	0.0525270637	-0.0883481025	0.1023798965	-0.0060234903	-0.092652362	0.080536164	-0.0136069546	-0.0117012406	0.0510627761	0.0860439722	0.0759175067	0.1273909407	0.1949303709	0.0629755713	-0.0023744046	-0.0704467934	-0.0969211244	0.0463035902	0.0194497534	0.0	0.0811466270770324	0.0002836081533103	0.0065847750859789	8.043358462413353e-08	0.2256278878515587	-0.0484073394051875	0.002343270508289	0.0509079437763555	0.0222009012464923	0.0212119848671009	0.0004928800161565	0.0004499483020021	0.0036098851083455	0.0004976723846459	1.3031270495454602e-05	2.476778024391367e-07	-0.0015088453637581	1.7178721718299995e-05	2.276614331734313e-06	2.9510847987479187e-10	0.0031362377035275	0.0002533500478964	9.835986933027448e-06	6.41862467691083e-08	0.0	0.0
559.0845705459085	-1.730790084476325	2.9956343165215653	312575.55702250294	742.9790138693417	-6.3756458058077214	40.64885944111359	552017.8150502593	539.374454054009	-0.9665180803781368	290924.80168606027	0.9341571996978384	584.0475647796843	498.988062025861	1.063684	18.473566	0.028129894885713	0.0185559150817493	-0.1764224345	0.1132476342	0.0451528802	0.0016600524	0.1340940752	-0.0588897477	0.1798038185	0.0430323735	-0.0726919346	0.0009400679	-0.0157224687	-0.2813249308	0.0096556146	0.0598994422	-0.0217599201	-0.0226827512	0.0306761683	-0.0766797566	-0.1122387745	0.047467801	-0.0037627772	0.0943281524	0.1216639348	0.0335888261	0.0089317208	-0.07412435	-0.0939243619	-0.093018806	0.1140004946	-0.2305096337	-0.0997142062	-0.0152227873	-0.0024530831	0.2457402065	0.1742040223	-0.0772586381	-0.1453131393	-0.012994205	-0.1689885164	-0.0711246631	-0.0915181259	-0.0238796929	-0.031178475	-0.0079715881	0.0336320342	0.1261231571	-0.0937191754	0.1885405163	0.0980050571	0.0047425177	0.0173541	0.0248834646	-0.018842127	0.0178602244	0.1080790132	0.0004997297	0.043924691	-0.1692998153	-0.034444849	-0.1029067089	-0.0670114051	0.1531992703	-0.0911762815	0.2324799889	-0.1508689936	0.0749383829	-0.0225540737	0.0593051927	-0.1243238238	-0.0116039338	-0.2989108415	0.1026021304	0.1529696275	-0.0435422509	-0.1845828266	-0.0663055095	-0.0218536703	-0.0900272839	-0.0091369888	-0.0845937041	-0.0805039203	0.003965465	0.1120158884	-0.0496059077	-0.0413192139	-0.1102630282	-0.0847577191	-0.0857160068	-0.0591319802	0.1005527919	-0.1820989298	-0.0089930351	0.0046609318	-0.039740624	0.1192764146	0.0175722373	-0.0333857529	-0.0520452551	-0.1102585632	0.032338332	0.0873578455	0.1825562192	-0.0560065158	0.0161429081	0.049893137	-0.016519742	0.1228926981	0.073513099	0.0789912299	0.0985857048	0.0313361293	-0.0982378286	0.0507395216	0.0121913197	0.0	0.0811398079353153	-6.81914171708764e-06	0.0065836684317798	4.6500693757724965e-11	0.2257083180967072	8.04302451484773e-05	6.4690243346441565e-09	0.0509442448580443	0.0363624231339798	0.0141615218874874	0.0013222258161745	0.0002005487021697	0.0034821139108638	-0.0001277711974816	1.2125117288231189e-05	1.6325478905907553e-08	-0.0016530392037796	-0.0001441938400214	2.732538609232294e-06	2.079186350014593e-08	0.0031418951382515	5.657434723999912e-06	9.871505059768412e-06	3.2006567656319946e-11	0.0	0.0
558.4529468301256	-0.6316237157828937	0.3989485183393896	311869.6938232511	740.0463826796588	-2.9326311896828656	8.60032569470074	547668.648517248	537.9028891138283	-1.471564940180656	289339.5181170035	2.1655033731688973	582.4771771955537	493.4193859193383	1.11244	19.320333	0.0638020183423193	0.0304360987852917	-0.2332496106	0.0843775906	-0.0929531188	0.0914952549	-0.0547200242	-0.1958840947	0.2811200239	0.0705953898	0.0286936205	-0.1723469983	0.0174229587	-0.0674260266	0.0034410108	-0.0478917838	0.0754164788	-0.1330059471	8.92597e-05	0.2464261808	0.148309477	0.0483948373	0.0481245501	0.0066672386	-0.0927430305	0.1479904086	0.0018755221	-0.1174097647	0.0591329676	-0.0449802305	-0.0763147497	-0.1536477831	0.0046168784	-0.0288934674	-0.0668349901	0.085496224	-0.030155655	-0.1127590573	-0.0879587026	0.1008908507	-0.0356415407	-0.1126821417	-0.1120872933	-0.0189119977	0.0841911953	-0.1085498473	0.089813893	-0.1325241161	-0.005188739	0.1364136967	0.0664685196	0.005082164	-0.0356648088	0.0355915866	0.0380802827	-0.0496600937	0.0978990148	-0.2672907819	-0.1230657324	0.0101886208	0.0562095889	-0.0162420566	-0.0235156817	0.1957688161	-0.0508479315	0.1282428135	0.093035084	0.0698743098	0.0346143894	0.061500377	-0.0396053287	-0.1215898392	-0.0098419189	0.0193933502	0.0914803098	0.0364078013	0.0395032533	0.121794301	0.0653708129	-0.0367075075	0.1266512082	-0.1317137791	-0.0091616976	-0.2113163729	0.0604622699	0.032284848	0.0727038475	-0.027626919	0.060286538	-0.0819428481	0.1526252369	0.07163295	-0.1539529079	0.0574497784	0.0231286662	0.003328115	0.1103035685	0.1009133786	-0.1522795201	0.0259473275	-0.1202641781	-0.0396815875	-0.0121362514	0.1091259673	0.0849594249	-0.062338558	-0.1070678855	-0.0419158423	0.0856370405	-0.0856953971	0.1205288216	0.0478337749	0.0257536024	-0.0995108621	0.05508524	0.0048841247	0.0	0.0810882385664797	-5.156936883560226e-05	0.0065753024338143	2.659399802102385e-09	0.2479978293382174	0.0222895112415102	0.0004968223113854	0.0615029233564676	0.0440352017558183	0.0076727786218385	0.0019390989936756	5.887153177974195e-05	0.003896961034516	0.0004148471236521	1.5186305304536011e-05	1.7209813600250364e-07	-0.0015006727370685	0.0001523664667111	2.252018663780663e-06	2.3215540178024752e-08	0.0032504447300909	0.0001085495918393	1.0565390943375704e-05	1.1783013888500305e-08	0.0	0.0
559.4203812531063	0.9674344229806592	0.9359293627679212	312951.1629613708	743.0980184667251	3.0516357870662887	9.312480976903688	552194.6650491733	538.2583275913713	0.3554384775429753	289722.02722146	0.1263365113180681	582.9483951572385	492.6159530608635	1.092228	18.969305	0.0695938833644201	0.0357080606402854	-0.2114333507	0.0245079316	-0.008346471	-0.1553814187	0.0319071549	-0.1037033318	0.1690558799	0.1135060913	0.0293325683	-0.0955965077	-0.1384533221	-0.1332961198	0.0970381561	-0.146591992	-0.0761711524	-0.0074738718	-0.0951659859	0.0330373755	0.0486743797	-0.0733087783	0.0452721407	-0.0423609697	0.0384943624	-0.044728319	0.0232309762	0.0125891107	-0.0062457022	-0.0574286502	0.0023767162	-0.009814044	-0.1699504851	-0.0287821128	0.1234785887	0.1913955038	-0.124708373	0.0396825285	0.069509443	-0.0023729012	0.0127406543	0.1195355095	-0.1409009737	-0.0729939865	-0.0672488009	0.0275357294	-0.0829793083	-0.0040056384	0.0145334976	-0.0123634197	-0.1437723739	0.0084321156	-0.0844719044	0.0335250048	-0.0365383606	-0.0657178242	0.1276200129	-0.0396302112	-0.1278418299	-0.1312030761	0.0097018931	-0.1152782182	-0.0580175357	0.0905538195	0.0273768767	-0.0224791661	0.0715366228	0.0345397903	0.0161462262	0.0965233503	-0.0948743781	0.0473178189	-0.0776586491	0.1207413135	-0.1133828989	-0.0898686065	-0.0040359798	0.0467427568	-0.1112833034	-0.0365630133	0.1139292887	0.0004643483	0.2136277608	-0.0124790427	-0.1366715297	0.0091626202	0.0709951689	0.0392636918	-0.0422635308	-0.0592527098	-0.0264174679	0.0605246306	-0.1365218885	-0.1137691653	0.0630075128	-0.0861792323	0.0863703374	0.1024998908	-0.1038223166	-0.0912128979	-0.00099684	-0.121730825	-0.0696128749	0.196580749	-0.0273333548	-0.0394014991	-0.0842352245	0.0125791413	0.0261824329	-0.0459486289	-0.0174791738	0.056434097	-0.0035383647	-0.100739659	0.0593330188	-0.0024426053	0.0	0.0810840471264384	-4.191440041309558e-06	0.0065746226984024	1.7568169619893067e-11	0.2680206060012438	0.0200227766630263	0.0004009115852974	0.0718350452412739	0.0203962518076608	-0.0236389499481575	0.0004160070878015	0.0005587999546514	0.0035083548101796	-0.0003886062243363	1.2308553474110337e-05	1.5101479759299235e-07	-0.0014960220525477	4.650684520799992e-06	2.238081981709033e-06	2.1628866512008648e-11	0.0031251423326842	-0.0001253023974066	9.766514599534843e-06	1.5700690795866552e-08	0.0	0.0
561.6559022570593	2.2355210039530675	4.997554159115331	315457.3525401914	745.4280817817239	2.3300633149988244	5.429195051903311	555663.0251087805	539.1988617923844	0.9405342010130652	290735.4125582028	0.8846045832752851	583.802157055162	500.5522434637799	1.02757	17.846357	0.1067371518001084	0.0604674610331011	-0.1171218498	0.0675388314	-0.011976752	-0.1297403872	0.0107929699	-0.0602600109	0.0679491339	0.1649934051	0.0285357274	0.0948096512	0.0952015366	-0.0394273327	0.0013892832	-0.1446660731	-0.0098613309	-0.0791592031	-0.0755723017	-0.0645983317	-0.1355824893	0.1196749767	0.1063360156	-0.1316579351	-0.0877639674	-0.0462162628	0.1017934039	-0.0336743537	-0.1407986137	-0.0434995615	-0.0165361142	-0.0737238835	-0.0532441621	0.0453583151	0.03453807	-0.0377893552	-0.0297241728	0.0469477398	0.049447907	-0.0918905066	0.0003166297	0.0164340594	-0.0633862719	0.1232690771	-0.2450485264	0.0764906041	0.1290305821	0.1836457725	0.1255181272	-0.0319707332	-0.0430353334	0.0262486561	0.0065938209	0.0160284335	-0.0346464935	-0.0731563659	0.1528146169	0.0940429065	0.0486942937	-0.0797582425	0.0824043863	-0.0045983613	-0.0557336303	0.0790563585	0.0532849234	0.0814787157	0.191749837	0.0051547797	-0.0404394515	0.0297415162	0.0629350642	0.0073212587	-0.0319735792	-0.0080088592	0.0487586047	-0.00573705	-0.1346388936	0.0404607787	-0.2165545935	-0.0417882989	-0.0893546774	0.0262950544	0.1296853937	0.1288751704	-0.1134168629	0.0359638692	-0.0130646849	0.1623764879	0.0592470593	-0.0680523093	0.0289192949	0.1188277416	-0.1136355061	0.0845463303	-0.0203792451	-0.0704191075	0.1028328327	0.0510024731	0.0133529051	-0.1495886355	0.1275741607	-0.0345052453	0.0029034813	-0.0566101799	-0.0372764557	0.0417612991	-0.0949889068	-0.0302654017	-0.0619030848	-0.0182322201	-0.0802145673	0.009777942	0.0765862157	-0.1019236731	0.0634753057	-0.0097595656	0.0	0.0855059740752892	0.0044219269488508	0.007311271602564	1.9553437940973037e-05	0.2182925338668297	-0.049728072134414	0.0024728811582054	0.0476516303420009	0.0371194728047044	0.0167232209970436	0.0013778552612991	0.0002796661205159	0.002939903441558	-0.0005684513686216	8.643032245684572e-06	3.2313695848777017e-07	-0.001471229830986	2.479222156170002e-05	2.164517215583094e-06	6.146542499644232e-10	0.0032491773768969	0.0001240350442127	1.055715362653862e-05	1.5384692192846472e-08	0.0	0.0
563.2617277184721	1.6058254614127918	2.578675412521606	317263.7739123982	750.0860978968003	4.658016115076407	21.697114128311505	562629.1542580483	540.599570707145	1.4007089147605711	292247.89584874944	1.961985463889737	586.1934266482638	508.8486355975392	1.068085	18.549997	0.0515100339790484	0.0311713230901349	0.0252670216	0.0519731062	-0.0934824013	0.0248784647	0.1875930491	-0.1528350533	-0.0434192581	-0.0787767537	-0.015456765	-0.0977653523	0.1134655852	-0.0768500906	0.0921199732	-0.1145354328	0.0949470319	0.1489645007	0.1001753261	-0.0460190928	-0.0082345619	-0.0159250833	-0.1499440592	-0.1090699278	0.0755624426	-0.0912407192	-0.0897778534	0.0416029238	0.0139956979	-0.0276420746	0.0178241595	-0.0105038073	-0.0518132205	-0.1612110009	-0.0411086818	-0.0339774211	-0.1546889499	0.0572740561	-0.023080449	0.0352911685	0.0747634273	-0.0415292316	-0.1356957734	0.0237064399	0.0500449241	0.1091232462	-0.026884756	0.1182439039	0.1656322654	-0.1642485574	0.04628884	-0.1197947944	0.0601492502	0.0073082294	0.0071817738	0.0229560531	-0.0662328768	0.0418167869	0.0764495217	0.0936494346	-0.0736283643	-0.153623028	-0.0201605127	0.1437907213	-0.0848146913	-0.0869875349	0.0913825419	-0.0190732028	-0.0363552262	-0.0227073873	0.0177964522	0.0942993312	0.0471180911	0.098897198	0.0718909828	0.0039377334	-0.1107064429	0.0908018064	0.0159288366	0.0012636609	0.159644259	0.1221484844	0.0027059205	0.0517485934	-0.0425936203	0.1671089666	0.0452976045	0.1067552426	-0.0026281328	-0.0564183557	0.0897146637	0.1519129616	-0.0284365361	-0.0223631	0.0297810179	0.0037783717	0.111696987	-0.0915008042	-0.0478889179	0.0027184552	-0.0388274892	0.1534495145	-0.0168306194	0.0561795564	-0.1177490621	-0.031808257	-0.0636170274	-0.0341530885	-0.1395327897	0.1101955421	-0.0906317274	-0.1224615562	0.0232870455	-0.103062378	0.0675047358	-0.0170374908	0.0	0.0880153477244505	0.0025093736491612	0.0077467014350559	6.296956111105046e-06	0.2072468857859775	-0.0110456480808522	0.000122006341526	0.042951271667986	0.0205369691837944	-0.01658250362091	0.0004217671032561	0.0002749794263374	0.0032890332972127	0.0003491298556547	1.0817740030173844e-05	1.2189165610947166e-07	-0.0015486669935131	-7.743716252710015e-05	2.3983694567969046e-06	5.996514140248523e-09	0.0032500605312776	8.83154380699764e-07	1.0562893456968437e-05	7.799616601491836e-13	0.0	0.0
563.0305595765367	-0.2311681419354272	0.0534387098458778	317003.411017068	748.8849350424374	-1.2011628543629058	1.4427922027012432	560828.6459335157	540.9089825488477	0.3094118417027403	292582.5274020296	0.0957356877858816	585.9479580133474	509.59236673494667	1.084105	18.828228	0.0419267443512563	0.0215625518508502	0.0131344985	0.0794930233	0.0926113603	-0.0267660343	-0.1367684991	-0.0970174114	0.0133372002	-0.0769588978	0.0161692197	0.0119866531	-0.1536113764	-0.0289993307	-0.0179742361	0.0041509686	0.0441709496	-0.0470625331	0.1849922031	-0.0662589451	-0.0253451667	-0.0916080369	-0.0238152577	0.0966920132	-0.0074048408	-0.0493306696	0.1640857319	0.0515459618	-0.0800197262	0.135620181	-0.1376052572	0.0538891957	0.0222687532	-0.0785829586	0.0165835668	-0.0002296675	-0.0412824169	-0.0055085517	-0.0134031545	0.1335434335	-0.0399282861	-0.0547128517	-0.0114035628	-0.0672767901	-0.0188948933	0.0184698777	0.0178395325	0.1245305768	-0.0218608972	-0.0408105455	0.119836146	-0.1368022178	-0.072268817	0.1009008454	0.0556317165	0.1286695784	-0.0679651126	-0.0333109432	-0.0470593337	-0.1170894891	0.0231464277	0.0983717006	0.0073487462	0.0940056208	-0.0260113452	-0.0517689461	0.0101948774	-0.0899752374	-0.0431544898	-0.0395774643	0.0485599249	-0.1162647327	0.0623997369	0.0077076695	0.0140498709	-0.005099871	-0.1394454884	0.0960060159	-0.0087990729	0.0246330415	0.0293259327	-0.0535248534	-0.0387438281	0.0814113709	-0.14035245	0.0391087142	0.0258669096	0.0235488967	0.0046118829	-0.0396092682	-0.0453295528	0.1264534034	-0.0696352162	0.0787773361	-0.018469285	-0.086558863	0.0423289089	-0.0091164534	-0.0763205808	0.1528384346	0.0836705339	-0.0414670638	-0.0392465605	-0.046366858	-0.028680041	-0.0336944487	-0.0726335971	-0.1074130473	0.0505924845	-0.0091079738	-0.0482609698	-0.0459913261	-0.0027119884	-0.1041552675	0.071414145	-0.0242472716	0.0	0.0812408501306549	-0.0067744975937955	0.0066000757299515	4.589381764834219e-05	0.198862275108695	-0.0083846106772824	7.030169620959962e-05	0.0395462044614063	0.0206338530436127	9.688385981830236e-05	0.0004257558914254	9.386482293292462e-09	0.0029800006897675	-0.0003090326074451	8.880404111014776e-06	9.550115246437905e-08	-0.0016109064943607	-6.22395008475999e-05	2.59501973357348e-06	3.873755465758388e-09	0.0030879175951632	-0.0001621429361144	9.53523507451848e-06	2.6290331731798425e-08	0.0	0.0
562.6034246459657	-0.4271349305710146	0.1824442489139054	316522.6134233688	748.6189806769876	-0.2659543654498293	0.0707317245018213	560430.378229852	540.148560121835	-0.7604224270127133	291760.4670016916	0.5782422675039054	586.538475790865	507.520228632485	1.026799	17.832966	0.1409449980324659	0.0801967914842231	-0.0345501386	0.0423713589	-0.04602719	0.0758930652	-0.0118545004	-0.0541633222	0.0209923194	0.0243895317	-0.0163583148	-0.0253181851	0.0829048697	-0.0647536692	-0.1833945021	0.0272610326	0.0731653306	0.0321217034	0.1060153412	0.0282998946	0.0246641265	0.1379028885	0.0354214024	-0.0756213842	0.0698488819	-0.0126084211	-0.0588605918	-0.0327262908	-0.0197801536	-0.062240088	0.023367687	-0.054237651	0.0118013405	-0.0668840556	0.0820541942	-0.051865723	-0.0020815817	-0.0183665129	0.0891213911	0.0288364064	-0.0952736212	0.066548939	-0.0547248865	-0.0271105607	-0.0303978021	-0.0258049559	0.0452979266	-0.022033042	-0.0346755805	-0.0138342947	0.0845723289	-0.0530024527	0.0848710479	0.1092858776	-0.0543589077	-0.0564633897	-0.0604451469	-0.0696741822	0.1346988692	0.0030964057	0.0965947465	-0.0362074402	-0.0855134637	0.0802627618	0.0248793919	0.0434021431	0.0954089418	-0.0123226533	0.0144152158	-0.0129821418	-0.0444871947	-0.0228447203	0.0395432818	0.0147088842	0.0732297438	-0.0356268722	0.0438316797	0.0282946019	-0.0485751317	0.0418735713	-0.0091263743	0.0631105402	-0.088072639	-0.0041806068	-0.0076985317	-0.1064906146	0.1079271552	-0.0121071233	-0.0120632302	-0.0102371654	0.1126855042	-0.0017142522	-0.0670248751	0.1032503419	0.0052192591	-0.0287592793	0.058462012	-0.0191961416	-0.043388027	-0.0203248105	0.018695059	0.1273525509	0.0224905638	0.0402300185	-0.0394829156	-0.0700469222	0.1193805019	-0.0539248311	-0.0049235256	0.0289718409	-0.0391442959	-0.010746694	-0.0494399056	-0.1052018558	0.0751965824	-0.0313600711	0.0	0.0811193465163171	-0.0001215036143378	0.0065803483792343	1.4763128297151697e-08	0.2610572494031515	0.0621949742944565	0.0038682148274881	0.0681508874659392	0.0612505200527593	0.0406166670091465	0.0037516262067334	0.0016497136389318	0.0027791991189802	-0.0002008015707873	7.723947742940319e-06	4.032127083064716e-08	-0.0019045867197176	-0.0002936802253568	3.627450572924648e-06	8.624807476567954e-08	0.0028221623290169	-0.0002657552661462	7.964600211322094e-06	7.062586148449064e-08	0.0	0.0
561.0574592568172	-1.5459653891484777	2.390008984445004	314785.4725877151	747.1648691513959	-1.4541115255916566	2.1144403288584948	558255.3416940225	539.7585365571172	-0.3900235647178078	291339.2777862808	0.152118381035186	584.9023071757865	497.1111497460342	1.038123	18.029629	0.1539487485984824	0.1070617950775256	-0.1159141523	-0.0843138216	0.01713155	0.0362043695	-0.1174090275	-0.0628094781	0.0757318893	-0.001248115	0.0407476267	-0.0724383788	-0.1070627976	-0.0488587576	0.0374952802	0.1933093321	0.1149431993	0.0846151133	0.0351568709	-0.0512536423	0.070735243	-0.0027599904	-0.0824463051	0.0910325525	-0.0123021526	0.0110007816	0.1058031231	-0.0940431432	-0.0730593838	0.0180415278	0.0116286894	-0.046445974	0.0007344042	-0.0403845551	-0.1233226726	0.0352559314	-0.0385836603	0.0743905602	0.0488410646	-0.1164022951	0.0748665085	-0.0502236183	-0.1078315269	0.0134335429	0.0149960488	-0.024530064	-0.0608513206	-0.0183874729	0.0426845128	-0.1289252088	0.0782507302	-0.0006635691	-0.1136875869	0.0524149383	-0.0810537945	-0.0176589276	-0.0207789411	-0.0415405144	-0.1318590167	-0.0831986944	-0.0314181647	0.0076014809	-0.1072763801	0.1101908687	-0.059449233	0.0349190484	-0.0130988881	-0.1162624611	-0.0628619064	-0.0772323291	0.1096498689	-0.0394575018	0.1044768492	-0.0407685198	0.1269534704	-0.0051668119	-0.0112896312	0.0832573834	0.003088159	-0.000845564	0.0900601239	-0.0048321214	0.1079206968	0.0650003339	0.0178131839	0.0374065719	-0.1308451958	0.0310239475	0.1630984273	-0.0026238887	-0.0032436042	0.2394269707	-0.0271212609	0.0014365435	0.0112383324	0.0069167676	0.014185454	0.1133190098	-0.0425859835	0.0983215229	0.0153158744	-0.0292849844	-0.0577316955	0.0129370071	-0.0257113224	-0.1081290224	0.085530764	0.0085949072	-0.0356052595	-0.0424169544	-0.074283442	-0.0882908031	0.0048891243	-0.1062016776	0.0788453231	-0.0383474405	0.0	0.0774739163505842	-0.0036454301657328	0.0060022077146973	1.3289161093235332e-05	0.1649963163612682	-0.0960609330418832	0.0092277028568771	0.0272237844127877	0.0518896388984231	-0.0093608811543361	0.0026925346250087	8.762609598560659e-05	0.0033968252421769	0.0006176261231967	1.1538421725890157e-05	3.814620280549856e-07	-0.0016327038968464	0.0002718828228712	2.66572201477742e-06	7.39202693724123e-08	0.0028302834676796	8.121138662700068e-06	8.010504507420462e-06	6.595289317880186e-11	0.0	0.0
561.4972927438923	0.4398334870751341	0.1934534963526722	315279.2097587203	744.3651429120232	-2.799726239372717	7.838467015432096	554079.4659824367	539.3137703095096	-0.4447662476076175	290859.3428454584	0.1978170150109605	584.3967516438812	492.6219847888481	1.059385	18.398897	0.1753303695201602	0.1046553924323574	-0.1748763117	-0.0387445433	0.1126233199	0.0034041069	0.0815440142	0.0535820289	0.1358262132	0.0815024085	-0.0687333883	0.1328154178	0.0865194323	-0.0528394662	-0.0582390761	0.054121714	-0.0393359092	-0.0722481565	-0.1173784323	-0.0866425656	-0.0923741944	0.0005635959	-0.0076102554	-0.0895826008	0.0595999121	0.0202512857	-0.0633427169	0.0679116097	0.063405998	0.0299579959	0.1685706408	0.125637026	-0.0123769817	-0.0854793429	-0.0583531202	-0.0820310812	-0.019096783	0.0802000587	0.0610979126	-0.0076008294	0.0318985565	-0.0537102126	-0.0816099521	0.1067586638	0.0264241931	0.0051847415	-0.157220119	-0.0851656992	0.0029190713	-0.0813118447	-0.1051262157	-0.0073027517	-0.0245109644	0.0601438668	0.1504439734	-0.024932809	0.1568663664	0.0768578771	0.0749306637	-0.0460937006	-0.0258569726	-0.0381082551	-0.0638617886	0.0575162006	0.099117383	0.0346032613	0.0785087025	0.0008774949	-0.0451586646	-0.063960781	0.0142743739	0.0738645645	0.024454643	-0.0824184001	-0.0023949981	-0.0067862734	0.0325492047	-0.0464344319	0.0166732818	0.0657280727	0.1207703946	0.043233689	0.1637741239	-0.1417479072	0.134862433	-0.0535755222	-0.0349617787	-0.0371071425	-0.0277078655	-0.003431609	-0.0796702227	0.0238068412	-0.1006674044	0.0719337259	0.011779885	-0.0852856782	0.1042704078	0.0626729565	0.0493681226	-0.1234729167	0.0371701911	0.0615453458	0.0094079727	0.0480719895	0.0191693089	-0.0237913285	0.0640418558	-0.0682158343	-0.0971943136	-0.1067010054	-0.1091850396	-0.0417593704	0.0911148249	-0.1071542885	0.0823538796	-0.0451814325	0.0	0.0854364997302639	0.0079625833796797	0.0072993954861593	6.340273407835138e-05	0.2542208389484131	0.0892245225871448	0.0079610154309039	0.0646282349556349	0.0665482900739888	0.0146586511755656	0.0044286749117717	0.0002148760542869	0.002705999867081	-0.0006908253750959	7.32243528064239e-06	4.77239698876391e-07	-0.0019037650091946	-0.0002710611123481	3.6243212102337153e-06	7.347412662744346e-08	0.0031380892277909	0.0003078057601112	9.847604001577288e-06	9.474438595769507e-08	0.0	0.0
563.9100188438954	2.412726100003056	5.821247233635956	317994.50935252244	749.9898831087	5.624740196676839	31.637702280112208	562484.8247654015	540.0727837803852	0.7590134708756295	291678.6117802947	0.5761014489706702	586.2847157639957	501.6364286097085	1.23423	21.43553	0.0746640347825688	0.0433331568128281	-0.048427852	-0.0748431592	-0.1012312695	0.1243097237	-0.008042637	-0.0642590355	-0.0193036033	0.0032804196	0.021208833	-0.1219038499	0.0125808859	0.1306079925	0.0198648391	-0.0023969559	0.0907577156	0.0452186453	0.1154169324	0.0235515813	0.1061764288	0.0119992531	-0.0297755591	-0.0964971197	0.0691763557	-0.1002931276	0.1519216817	-0.019474423	0.0446982195	0.0107660095	-0.1223902201	-0.1770547116	-0.1586044941	0.0809091683	-0.0006185152	-0.0498781155	0.0570718727	0.0659697287	0.0404697323	0.085658837	0.1134454002	0.1060956909	0.1180626278	-0.0989609887	0.0087943452	0.0853417043	-0.0673481752	-0.0808873775	0.0030561288	-0.0021668394	0.0922482235	0.0509645644	0.0698842861	0.1291225168	0.0675489602	-0.0365164825	-0.1229938941	-0.0795346262	-0.0258864656	0.0605895656	0.0556875463	-0.0364361229	-0.0313185453	0.1351268867	0.0892772815	-0.0990129254	0.0928631785	-0.0349540228	-0.0266657207	-0.0557351145	0.1136044596	0.1890363751	0.0768906221	-0.1326277629	-0.0016310688	0.0184474734	-0.014696934	-0.0956149645	-0.104086457	-0.2536071837	0.0185307247	0.0584419086	-0.1142395636	-0.0160925666	-0.0255190764	-0.0439397512	0.0512405532	-0.1786842958	-0.0152648774	0.0183893077	0.1659713275	0.087895487	-0.0039481644	0.0143260382	-0.0193082149	-0.1064034688	0.0460696693	-0.0313693705	0.0180055391	0.0297083671	0.0156500246	0.0369520859	-0.1913010973	-0.1357889809	0.0513301332	0.0178688754	-0.0593943488	0.022402755	-0.0624946195	-0.0684077941	-0.0662904039	-0.0424261412	0.0806116563	-0.1080592651	0.085716014	-0.0518347133	0.0	0.0845934748717383	-0.0008430248585256	0.0071560559908754	7.106909120921239e-07	0.2145277206715832	-0.0396931182768298	0.0015755436385384	0.0460221429365448	0.0521058837896504	-0.0144424062843383	0.0027150231255005	0.0002085830992818	0.0026200447332785	-8.595513380249987e-05	6.864634404380407e-06	7.388285027005656e-09	-0.0016349480047015	0.000268817004493	2.673054978077416e-06	7.226258190464329e-08	0.003099151658829	-3.89375689618999e-05	9.604741004422544e-06	1.5161342766627107e-09	0.0	0.0
564.7229192794414	0.8129004355459983	0.6608071181108738	318911.97555949446	755.4009108599495	5.411027751249435	29.27922132479152	570630.5361280413	540.3956122647328	0.3228284843476103	292027.41775497544	0.1042182303061753	587.2664494925614	514.0535473086969	1.232953	21.413355	0.0945526601270734	0.0515843953682801	0.094353788	0.032798893	0.0694316897	-0.0520594329	0.0548005391	0.0584161504	-0.1767435848	-0.0223824632	-0.0660048321	0.0460992586	-0.0481274188	0.0304476447	0.0058515254	-0.0190396775	-0.0219761564	-0.1331849405	0.0285526041	-0.1445367448	-0.0759484602	-0.0208176936	0.0945170286	-0.1453404188	0.0193016813	0.0629026284	0.1191766856	0.0511252027	0.0260442874	-0.1670580364	-0.0618171961	-0.0440038816	-0.0405337441	0.0163881804	0.1486948243	0.0244862806	-0.0788402881	0.0883580064	0.1002908159	0.0645807444	-0.0786827791	0.0541333096	0.1683567444	-0.0620365824	0.0391044283	0.0031255442	-0.0944450424	0.051198076	-0.0661979625	0.0131151721	-0.0846754873	0.0774291076	-0.0567909711	-0.1527448026	0.1599726871	0.052076461	-0.0612156134	0.1169599123	0.1085710024	-0.1420696778	-0.0286808371	0.0039638955	-0.0310162179	-0.0567680966	0.0882818837	-0.0958057484	0.1549499274	-0.0391893438	0.0918572072	-0.0200972025	-0.0075354157	0.1420807192	-0.0844056116	0.0273684085	-0.0666539323	0.055312493	0.132978628	0.0224181598	-0.1386699252	-0.0876674075	-0.0773413968	-0.047550251	-0.1648868552	-0.128183754	0.0316202151	-0.0030851898	0.0053008421	-0.045048543	-0.0896903485	0.0208046549	-0.0969133642	0.0325746456	-0.0538809965	0.0094278883	-0.007536761	-0.0718575324	-0.064730705	-0.0882846681	-0.018184369	-0.0118761234	0.1552347933	-0.0177169604	-0.0794741186	0.068998882	-0.0972364992	0.1501246092	-0.0147882883	0.0528747137	-0.1161263867	0.0469772583	0.0333521238	0.0126441589	-0.0141266962	-0.1089162049	0.0889257484	-0.0582806721	0.0	0.0777815038442781	-0.0068119710274602	0.0060499623402774	4.640294927895719e-05	0.2501071975034818	0.0355794768318986	0.0012658991716316	0.0625536102430456	0.0210103852449208	-0.0310954985447296	0.0004414362881399	0.0009669300297452	0.0026261502280612	6.105494782699793e-06	6.896665020345893e-06	3.72770665415744e-11	-0.0015408607967954	9.408720790609996e-05	2.3742519951009552e-06	8.852402691565679e-09	0.0027780300870581	-0.0003211215717709	7.717451164600033e-06	1.0311906385661349e-07	0.0	0.0
563.7408870646533	-0.9820322147880916	0.9643872708816044	317803.7877484422	752.8562418769387	-2.544668983010752	6.475340233096973	566792.5209330677	540.2512133188516	-0.1443989458812211	291871.37349249126	0.0208510555716078	586.3839663721998	515.2585077202417	1.114704	19.359652	0.1144525150070875	0.068472240350086	0.1011046697	0.0478340669	-0.0520227372	0.0980158021	-0.1106366717	-0.0286862273	-0.1114287758	-0.0371966748	-0.0420955879	-0.0461628195	0.0148869268	0.024081517	-0.0571139856	0.0755711685	0.0252667816	0.0072144622	0.1255508237	-0.0136463947	0.079125024	0.0698029648	-0.001834635	0.0456302674	0.0191094802	0.1499154009	-0.0724978847	0.0463943711	0.0191704277	0.035419639	-0.0091524864	0.0883150091	-0.0148768098	-0.1392798811	0.0875438928	0.0676367701	0.0424329612	-0.0205700057	0.129695014	-0.0946047871	0.0500028143	-0.1550616842	-0.0449157997	0.0219235155	0.0622000791	-0.0081373416	-0.033312932	-0.0855551777	-0.1054654153	0.0234575861	-0.0813958087	0.0093454812	-0.1441776161	-0.116474226	0.1265044228	0.0285268725	-0.1492443279	-0.0786101616	0.0908094572	0.0830141966	-0.0040902509	0.1328225589	0.0605410425	-0.0074453708	-0.0469151374	0.0732895541	0.0010660103	-0.0218622834	0.0053624107	-0.0878809118	-0.0288219997	-0.1323463419	-0.023867278	0.0557445069	0.0209273288	-0.1012993816	0.1857248295	0.0781681036	-0.131031833	-0.0082008608	0.0644661091	0.0941698052	0.0562204149	-0.0614681708	0.0776654761	0.0323386506	0.000800009	0.0397456356	-0.0499391847	0.0179099107	0.1330410222	-0.0389254808	-0.0338104885	0.1078271661	0.0598690265	0.0618337167	-0.0842956584	-0.0964591847	-0.2241346018	0.061509757	0.0636928077	0.0613634964	0.049175028	-0.02914042	0.0358681864	0.1815462381	0.0059774101	0.0024431212	0.0340308454	-0.068980313	-0.0610480301	-0.0182537814	-0.0680327444	-0.1097247271	0.091977376	-0.064493527	0.0	0.0613972689187249	-0.0163842349255531	0.0037696246306782	0.0002684431540957	0.3143936187661467	0.0642864212626648	0.0041327439587608	0.0988433475208731	0.0352553034092153	0.0142449181642945	0.0012429364184758	0.0002029176935074	0.0027470011443286	0.0001208509162674	7.546015286942638e-06	1.4604943962670149e-08	-0.0017997047467306	-0.0002588439499351	3.238937175404653e-06	6.700019041805625e-08	0.0027669861401692	-1.1043946888899833e-05	7.656212299888448e-06	1.2196876288484026e-10	0.0	0.0
562.707408821509	-1.033478243144259	1.0680772790525443	316639.6279426169	749.8407732795266	-3.0154685974121094	9.093050861978554	562261.1852724385	540.1885023614967	-0.0627109573548523	291803.6180835568	0.0039326641723621	586.0364998703078	505.8140337533098	1.070147	18.585817	0.1287387890245333	0.0866219130484562	0.0041033312	-0.0135928306	0.021481924	0.0239846283	0.0650051991	0.0277242538	-0.0386388395	-0.0267083782	-0.003586917	-0.042325256	-0.0181176431	-0.0953037101	-0.0147353492	0.0857544166	-0.1001901493	0.0458884038	0.0171314498	-0.0783516255	-0.0632807115	-0.0271097847	-0.0236944952	-0.0515567052	-0.0731504468	0.0134197821	-0.0132586436	-0.0305682861	-0.0238471959	-0.008380303	-0.0351776095	0.0938666433	0.0931637734	-0.0068370462	-0.1253194493	0.0676109943	0.0692952467	0.0054774845	0.107784435	0.1433653264	-0.0095297683	0.0348284939	0.0462229164	0.0903524702	-0.1722308625	-0.1459195544	0.0211547833	-0.0439745947	-0.006679359	-0.0023223174	-0.0869734789	-0.1722431389	0.0480684234	0.0637191683	0.0365782846	-0.0024631289	-0.0309964729	0.0870560812	0.0244266657	-0.039805447	-0.0039442886	-0.0269422232	0.0537970371	0.0618627184	-0.0113950032	0.0332554942	0.0333478939	-0.0630810214	0.0475336759	-0.0542961844	-0.0734711275	-0.0712547004	0.009346233	-0.1362342027	-0.028285104	-0.0987997657	0.0903533718	-0.0473418307	0.0484995571	0.0283017691	-0.0304899007	-0.0839115406	0.175249531	0.0099990306	-0.0519091487	-0.1460810637	-0.1075692737	-0.0680905459	-0.0652578425	0.0289106655	-0.0805791318	0.0942383544	-0.032316413	0.0073070069	0.0504069271	0.12207883	-0.1497822349	-0.0441703438	-0.1505824172	-0.0319862134	0.0381054748	0.0477685649	-0.0291405779	0.0381957135	-0.1057194292	0.040982285	0.0295279768	-0.0541329731	0.0912571564	5.17082e-05	-0.0046453676	-0.1137948846	-0.0094512924	-0.1104844722	0.0948654713	-0.0704484286	0.0	0.0613302151268726	-6.705379185229648e-05	0.0037613952875084	4.4962110017711025e-09	0.2391646535526348	-0.0752289652135118	0.0056593972070957	0.0571997315089518	0.0320502889192511	-0.0032050144899642	0.0010272210198074	1.0272117880880485e-05	0.0033620943376101	0.0006150931932814	1.1303678334989895e-05	3.783396364212326e-07	-0.001644253240999	0.0001554515057315	2.703568720535716e-06	2.4165170634221623e-08	0.0025327757285982	-0.0002342104115709	6.414952891376144e-06	5.4854516888257136e-08	0.0	0.0
562.0782990793491	-0.6291097421599261	0.3957790676805287	315932.01429593423	745.4529843498678	-4.387788929658768	19.25269169123604	555700.1518761243	539.2684517979143	-0.9200505635824356	290810.4631045194	0.8464930395483574	584.103202661036	500.12095075622807	0.991839	17.225794	0.1097003405474907	0.0741868808939358	-0.074678835	0.0654960729	0.0401834585	0.1213463131	-0.1159134367	-0.0178804502	0.1051858376	-0.0574357378	-0.0825306101	-0.0295212018	0.0193819535	0.1375338535	-0.0238507327	0.0868524097	-0.0166890977	-0.1056939456	0.018508912	0.0991880562	-0.038913143	0.1180046929	0.0445334923	-0.0581798477	-0.0678765742	0.0444204573	0.06354412	0.0503595769	0.0436271282	0.0895566805	0.0388848415	-0.0241951975	0.1311327858	-0.0923104854	0.1596503737	-0.0892197879	0.164979984	-0.083689704	-0.0433476783	0.138518895	0.0896958843	-0.1281342067	0.0476724243	0.1191608404	-0.0682216389	-0.0049622144	0.0023323917	-0.0066135701	0.0330333456	-0.0112441399	0.0338147747	-0.1105573596	0.0179838793	0.0971924117	0.0190076677	0.0518365699	0.0518266314	-0.1279785687	0.0294631176	0.0935873332	-0.0023889805	0.081508389	0.0184095721	0.0492278599	0.0551426305	0.0621879998	0.1183604151	-0.1026787844	-0.0444146285	-0.0885394997	-0.0292933649	-0.2171319837	-0.1344828603	-0.0490827366	-0.0357255727	-0.0174598191	-0.0700291049	0.0304396353	0.0793851745	-0.0886584358	-0.0663544424	0.0567110124	-0.0353526026	-0.0121836963	0.0041934861	0.0265904148	-0.0329036664	0.0365708496	0.0656528096	0.0137579449	0.0586051519	-0.0049495287	-0.1077195546	0.1487301058	0.0246667228	0.1149836527	-0.0576891084	-0.0158103557	-0.1800817772	-0.0168879046	0.0139118932	0.007920231	-0.0629942421	0.0494622946	-0.001003659	0.0828547608	-0.0820315435	-0.0236105259	-0.015300225	-0.0627899977	0.0984387726	-0.0060143733	0.0185284621	-0.1111951025	0.0975848992	-0.0761215592	0.0	0.0577377853886957	-0.0035924297381769	0.003333651861591	1.290555142373777e-05	0.3054558637541333	0.0662912102014985	0.0043945245499792	0.0933032847017836	0.0535929572448665	0.0215426683256153	0.00287220506625	0.0004640865585874	0.0030811751133276	-0.0002809192242824	9.493640078989349e-06	7.891561057148143e-08	-0.0016660096683938	-2.1756427394799835e-05	2.775588215181619e-06	4.733421329851966e-10	0.0025955807225649	6.280499396669982e-05	6.737039287350528e-06	3.9444672671572e-09	0.0	0.0
563.2192575766879	1.1409584973388291	1.301786292649679	317215.9321052356	752.0549575356877	6.601973185819816	43.58604994628384	565586.659154005	539.3357194647732	0.0672676668589247	290883.01829058456	0.0045249390046432	585.598401350356	505.56776719752366	1.13852	19.773289	0.078611349524127	0.0397332014945716	0.0109717051	-0.0703787076	-0.0638976553	-0.0412642297	0.1105946592	0.0531632176	-0.1027109167	0.0211887616	-0.0396402026	-0.0772199986	0.0275593003	-0.0594955667	0.0153957887	0.0046901709	-0.0304804148	0.0258746297	-0.039399625	-0.0212312683	-0.0182142336	-0.082675615	0.0359066932	-0.0628515126	0.1080344267	-0.0579619151	-0.1485310366	0.0352388955	-0.0316440298	0.037673348	-0.1114196292	0.1474942241	0.0887092864	0.0112930817	-0.0039288797	0.066294467	0.0882204198	-0.007628979	0.0449313711	-0.0145850311	0.0307939684	0.1315412636	-0.0361596235	0.0180824119	0.0206871135	-0.0529499091	-0.0488862016	-0.1882862563	-0.0985037759	-0.0566552647	-0.0155978323	-0.065846576	-0.0209850976	0.1352368558	-0.0057031258	-0.048229293	-0.0462250738	0.0825348752	0.0083228739	-0.009152492	-0.0131823484	-0.1077293494	0.1091359769	0.0352269146	0.122538077	-0.0278020329	0.0254090909	0.0041504406	0.0315074201	-0.0201603443	-0.0184433094	-0.053516548	0.0591475143	-0.0410147063	-0.1676918521	-0.0573686177	0.0936438209	0.0885610274	0.0808409419	0.0696478662	0.0135943986	0.04055789	0.0282400497	0.0542899757	-0.0544346234	-0.114467834	-0.0817347583	-0.0879846938	0.0510526511	0.0617379839	-0.0206353821	0.0435330496	0.0017072174	-0.145588113	0.0497724964	0.059170688	-0.088421009	-0.0498871646	-0.0782020324	-0.0718246065	0.0429011824	0.0653374203	-0.1164559094	0.0013640147	-0.036910973	0.0002920801	0.019399245	-0.0443898662	-0.049082947	-0.0658738397	-0.0857567198	-0.1395259429	-0.0742781177	-0.1118563022	0.1001308247	-0.0814902283	0.0	0.0614734647284791	0.0037356793397834	0.0037789868657235	1.395530012968455e-05	0.2756327966467324	-0.0298230671074009	0.0008894153316925	0.0759734385872989	0.0739267880546492	0.0203338308097826	0.005465169992077	0.0004134646754008	0.002920075020027	-0.0001611000933006	8.526838122585683e-06	2.5953240061462115e-08	-0.0019045782359405	-0.0002385685675467	3.627418256818227e-06	5.6914961421284444e-08	0.0026902875070608	9.470678449590006e-05	7.237646870647414e-06	8.969375029552855e-09	0.0	0.0
563.3244187339408	0.1051611572528372	0.0110588689947559	317334.4007419322	747.9093915153952	-4.145566020292449	17.185717628603374	559368.4579169287	540.0501179216377	0.714398456864501	291654.1298671748	0.5103651551703803	585.0282814661032	505.1327862964413	1.059482	18.400593	0.0568144786122079	0.0321250669385553	0.0086813481	0.0560729449	0.1027615677	0.0975938388	-0.0762011934	0.0046590941	0.018307731	-0.1006659318	-0.0492069421	0.0784443567	-0.0176159462	0.0114197281	-0.0269933393	0.0190767032	0.0805112334	-0.0625874904	0.066242856	-0.03245229	-0.09820054	0.0229164639	0.0088827314	0.0877008958	0.0248359744	0.1875087105	0.0258457728	-0.137419935	0.0158824557	0.1011701376	0.0400768889	-0.0853442082	0.1105415736	0.0454802204	0.0611296763	-0.0800293524	-0.0107107388	-0.1111874365	0.1582397665	0.0707518721	0.1341832553	-0.0016105098	0.08940146	-0.0305984737	-0.1003657328	0.1291344868	0.0191684498	-0.0490041101	0.0334035489	-0.0910848525	0.0934276803	0.0681034338	0.0265228088	-0.0398570884	-0.0828645318	0.1210713594	0.0047160484	-0.02862638	0.0349364572	-0.0071041368	-0.0614796566	0.092343526	0.0697636444	-0.0061278331	0.0642886452	0.0507357764	0.013821043	0.0103528965	-0.0055091137	-0.2332894319	0.0405950709	-0.0199788036	-0.0097232823	0.046202617	0.1279158165	-0.0905524895	0.0122075477	-0.0420936459	0.0244307281	-0.047108881	-0.2089653931	0.0028740669	0.0812113632	-0.0604874141	-0.1673389269	0.0808418588	0.0020556534	-0.1097538235	0.0057611793	0.0425271089	-0.0482278033	0.00618378	-0.0667302126	0.0796284361	-0.0293969485	0.0130122559	-0.0467359487	-0.019891752	-0.0793934587	0.0549197459	0.0380205857	0.0319290961	-0.1092032346	-0.0428038983	0.0463033159	0.1381915134	0.0465334513	-0.0818793152	-0.0367901356	-0.0075945127	0.0770204891	0.063992846	0.0804821281	-0.1124677771	0.1024987213	-0.0865329627	0.0	0.0633902842961902	0.0019168195677111	0.0040183281431518	3.6741972551601695e-06	0.2934573704712306	0.0178245738244982	0.0003177154320249	0.086117228283889	0.0632140398497256	-0.0107127482049236	0.0039960148341226	0.000114762974102	0.002454011927367	-0.0004660630926599	6.022174539659498e-06	2.172148063398037e-07	-0.0019057824323931	-1.2041964525999396e-06	3.6320066796181607e-06	1.4500890964542784e-12	0.0026303480558719	-5.9939451188900216e-05	6.918730895029083e-06	3.5927378088265514e-09	0.0	0.0
563.1775132624472	-0.1469054714935964	0.0215812175547558	317168.9114444739	750.6864221909467	2.777030675551486	7.711899372953947	563530.1044618443	539.1232350054515	-0.9268829161861732	290653.8625227433	0.8591119403177845	586.0147532433773	507.6441305532688	1.078895	18.737747	0.0844520074824623	0.0540979497175151	0.0291050922	-0.0395680214	-0.1074187087	-0.0298508298	0.0622760475	0.0230916445	-0.0679290897	0.0609474984	-0.0322794084	-0.1160854037	0.0212827283	-0.0337484821	-0.0513798412	-0.0557061855	-0.0472673663	-0.0336281558	-0.019619255	0.0236554448	0.0046328457	-0.0460012829	0.0389389621	-0.1682350447	0.0898584173	-0.0711478544	-0.0620536828	-0.0329590601	-0.0434251572	0.0155559497	0.0241584689	0.0715039816	0.0021390037	0.0711257562	0.0840931	0.0938889003	0.0133691004	-0.0786335779	0.0917621786	-0.0733571239	0.029195689	0.0012720311	0.0159497427	-0.0925504308	0.0008832635	-0.1740172918	0.0856631459	0.0379612707	0.0510166023	0.0630388919	0.0464085424	-0.0509075541	0.1061262809	0.0066182045	0.0908899616	-0.0879831821	-0.0653830777	-0.0072170404	0.050911231	-0.0082300132	-0.0004152639	-0.129333486	0.0271763003	-0.0189003387	0.1238778738	0.0040313015	0.0587843148	-0.0213418989	0.0114094023	0.0838531321	-0.0792499039	-0.0065387694	0.007820025	-0.0388480526	-0.0226998136	-0.1361275783	0.1085330635	0.0613274295	0.0216943162	0.0417142389	-0.0546527959	0.0123693737	0.0298368663	0.015316205	-0.1580829568	-0.1292795567	0.0398157286	0.0515952699	0.0544277948	0.0961124112	0.0491887792	-0.0836961437	-0.0108380751	-0.1424190939	-0.0062997166	-0.0043637545	-0.0413442943	-0.0682310791	-0.0268686793	-0.0711017441	0.0441723992	0.0573064705	-0.1364678171	0.0502193746	-0.0108016792	0.060313434	0.0646636288	-0.0249384397	-0.0249046714	0.0386784244	0.0411539084	-0.1859098969	-0.1575571745	-0.1130292557	0.1046843788	-0.0912295932	0.0	0.0646037825522256	0.0012134982560353	0.0041736487200552	1.4725780174009442e-06	0.3296296111357577	0.0361722406645271	0.0013084309946924	0.1086556805375108	0.1040317829131254	0.0408177430633998	0.0108226118560836	0.0016660881487897	0.0024904056250861	3.639369771909996e-05	6.202120177460488e-06	1.3245012336692214e-09	-0.0018377574057049	6.802502668820003e-05	3.377352282223205e-06	4.627404255930326e-09	0.0026097962703092	-2.055178556269969e-05	6.811036572519811e-06	4.2237588981519135e-10	0.0	0.0
563.6313989690037	0.453885706556548	0.2060122346163368	317680.35390375624	750.2750994962804	-0.4113226946662962	0.1691863591475431	562912.7249241534	540.1205710598742	0.9973360544227036	291730.23128204467	0.9946792054514456	585.3026985947275	506.8474481660176	0.98184	17.052132	0.1001100335462566	0.0526092144890141	0.0648973205	0.0036814285	0.0480865742	0.0537108189	-0.0072784128	0.0040691277	-0.0546585582	-0.1114882194	-0.0697421329	0.0598406185	0.0500778287	0.0363884705	0.105010415	0.0153396015	0.0516179226	-0.1062677563	0.0382909526	-0.0959275796	-0.0865545281	-0.0776474587	0.0718532145	-0.1240500183	-0.0507675158	0.1964331966	-0.0977548404	0.051229458	0.0681590135	-0.0479365471	0.0483788458	0.0100372025	-0.0322089986	0.0600211376	-0.1020041031	0.1018177326	0.1206524943	0.0005817442	-0.0174871091	-0.0626907605	-0.051759847	-0.029533412	0.0531167332	0.0285098008	0.0627702061	0.0846741593	0.0462797627	-0.003863116	0.0632451737	-0.0162984892	0.0250617865	-0.0766139283	0.0511013512	0.0090304746	-0.1453962143	0.1231043949	-0.0180049829	-0.0150556872	0.021856358	-0.0065126081	-0.1756839072	0.0701951243	0.1282904149	-0.0417466254	0.1177502899	0.0109154698	0.0527748038	0.085668591	0.0248076284	-0.0313782364	-0.0737059504	-0.0422627084	-0.0111785732	-0.0062181225	0.09939323	-0.1168824612	-0.038068009	-0.0991611449	-0.0425033256	0.0503753407	-0.0285911653	0.0306122007	-0.0451013818	-0.0406848586	0.1607879271	0.0061477101	-0.0967268057	-0.0676232965	0.1239784113	0.0878382864	-0.0542744273	-0.0302059844	-0.0057409007	-0.0032910784	-0.0587207738	-0.0260634556	-0.0953845024	-0.0466236549	0.0256871413	0.02874661	0.0222897133	0.0595659911	-0.135157427	-0.0471871787	0.0959735607	0.2108149076	0.1171564334	0.0014491543	0.0313963015	-0.0306088214	0.0966568373	0.0253494333	-0.0041227625	-0.1135404882	0.1066839114	-0.0955613349	0.0	0.0612415216726418	-0.0033622608795838	0.0037505239767806	1.1304798222379632e-05	0.2809394493543351	-0.0486901617814226	0.0023707318543011	0.078926974203517	0.0884279077298302	-0.0156038751832952	0.0078194948654753	0.0002434809207358	0.0022012189304313	-0.0002891866946547	4.845364779689117e-06	8.362894436536837e-08	-0.0019069549339238	-6.919752821890005e-05	3.6364771200163247e-06	4.788297911605469e-09	0.0023191057791438	-0.0002906904911654	5.378251614858171e-06	8.450096165398159e-08	0.0	0.0
563.1486277664368	-0.482771202566937	0.2330680340279265	317136.3769552208	751.1451119815601	0.8700124852797444	0.7569217245426375	564218.9792537906	539.180591353451	-0.9399797064232872	290715.71009225707	0.883561848487609	585.3894164195973	512.1828459514835	0.999202	17.353678	0.1023934820843467	0.0551052678429181	0.1161244336	-0.074602178	-0.0152447786	-0.0312131953	-0.0071593718	0.0532350802	-0.132706947	-0.008706445	0.08931366	-0.0609659345	-0.0294441376	0.0855467014	-0.0585677017	-0.0231308616	-0.0530595114	0.0846479106	0.0508119946	0.0821330488	0.0036923458	-0.0892111222	0.1437891571	0.0188909771	-0.0255447185	-0.1125039417	-0.1474972379	0.0019647727	0.0139890223	-0.0114006352	0.106329423	0.1424360941	0.0605988291	0.0588499287	0.118020943	-0.0480969938	-0.0842731635	-0.0822652024	0.0265509286	0.0633788816	0.0512987565	-0.1079515187	0.1057569193	0.1082808079	0.0121954922	0.1207189436	0.1261860054	0.0429829708	-0.0172972656	0.057136574	-0.034269386	0.0345398945	-0.0023742747	0.0637566381	-0.1281530838	-0.00324497	-0.1002066275	0.0118486779	-0.0254081718	0.0662537832	0.1693054288	-0.0719072214	0.0508769811	-0.1595604344	0.053891474	-0.085212413	0.0059478614	-0.0028110388	-0.0313132221	0.0650211688	-0.1255855017	-0.1720661192	-0.0393858091	0.0538982708	0.0147412285	-0.1097274463	0.0476372104	0.0349483303	0.0057643449	0.1092073348	-0.013415488	-0.0046209603	-0.0729675153	0.0931617145	0.0186463543	0.0619121719	0.0144654578	0.0222804032	-0.1194305744	0.1185859086	-0.0242476739	-0.0975237143	0.0877066297	-0.0745385184	0.0115070822	0.0670649645	-0.0933509471	-0.0306996743	0.0015215588	-0.0433846308	0.0113566631	0.0361755248	-0.1156701713	-0.1391879722	-0.0016369547	-0.0844996011	0.0402503093	-0.0573790007	0.0748776091	0.0235132074	0.2387517771	-0.0835823927	-0.1398335534	-0.1140012473	0.1084937639	-0.0995108621	0.0	0.0494445988580736	-0.0117969228145681	0.0024447683562358	0.0001391673878928	0.3195702287994066	0.0386307794450714	0.0014923371205337	0.1021251311349051	0.1085550132658923	0.0201271055360621	0.011784190905158	0.0004051003772597	0.0018779205558623	-0.000323298374569	3.526585614130169e-06	1.0452183899895759e-07	-0.0019086219122703	-1.6669783464999446e-06	3.642837603998337e-06	2.7788168076996894e-12	0.0020072976462864	-0.0003118081328573	4.029243840786922e-06	9.722431171601789e-08	0.0	0.0
561.8367395549383	-1.3118882114985126	1.7210506794687663	315660.52191372355	748.7700385149788	-2.375073466581398	5.640973971658979	560656.5705777227	538.3901590860512	-0.7904322673997513	289863.9634007035	0.6247831693467119	583.817754371197	506.17906605170026	1.028188	17.857084	0.1263995083838336	0.0661709281703976	0.0677721041	-0.0679663233	0.0514505002	-0.0007717214	-0.0202583755	0.0620375533	0.0078105153	-0.0643450556	0.0312348366	0.062322706	0.0301461439	0.0423454653	0.0781330867	0.0406297046	0.0221093696	-0.0116784604	-0.1309395955	0.017778066	0.0506081229	-0.0200170605	-0.0254996465	-0.0036562216	-0.0287255044	0.0581076336	-0.0535781506	-0.0476808288	0.1330339073	0.0729527614	0.016634806	0.0906956034	0.0412983607	0.116368456	0.0328352742	-0.0025641007	-0.119639566	0.0657670418	-0.1187748119	0.1096082859	-0.0204283633	0.0333319231	-0.0364128007	-0.081963354	-0.0899505151	0.0158171123	0.0065375351	-0.026278664	0.0204171169	0.062380643	0.1048341993	0.0355300006	0.0658106576	0.0497415582	-0.0049229146	0.0166594834	0.0447655468	0.024533948	-0.0463955163	0.0479536111	-0.1548404822	0.0764772477	-0.0962696706	-0.1715494182	-0.0046436337	0.0114430106	-0.1685067955	0.0456013006	-0.0063153472	0.1847474991	-0.02165342	-0.0100085861	0.1172933147	-0.0021658874	-0.0533895745	0.0731162104	0.0148592737	-0.0057261148	0.038499582	-0.036814948	-0.0233475612	0.1062860348	0.0609941565	-0.0282350999	-0.0254397933	0.0272586942	0.0011480736	-0.1006141477	-0.0045687597	0.1194310508	-0.0846931152	-0.0809765118	0.1165643797	-0.0304359395	-0.0473697678	0.0775908938	-0.0843439049	0.01971337	0.13987786	0.050234027	-0.0481672087	-0.0561857782	0.0718613586	0.0882100177	0.0295366635	-0.0250429348	0.1902773618	-0.0271393997	0.0120616612	-0.1412903398	0.044843544	-0.0436563703	0.033151128	-0.1144113283	0.1101107184	-0.103062378	0.0	0.0601844101482953	0.0107398112902217	0.0036221632248982	0.0001153435465495	0.2649803293274431	-0.0545898994719635	0.002980057124359	0.0702145749304802	0.1263381777892007	0.0177831645233084	0.0159613351670956	0.000316240940463	0.0012861637962258	-0.0005917567596364	1.6542173107219612e-06	3.501760625754903e-07	-0.0017743020029821	0.0001343199092882	3.148147597786292e-06	1.8041838031190283e-08	0.0018676416532443	-0.0001396559930421	3.488085344933102e-06	1.9503796392575136e-08	0.0	0.0
562.412045849561	0.5753062946226919	0.3309773326324915	316307.3093166887	748.1018558726591	-0.6681826423196071	0.446468043497212	559656.3867601169	538.9141473119039	0.5239882258526904	290428.45817291643	0.2745636608322501	584.1066786347343	500.6627638591983	1.029287	17.876179	0.1230929246617251	0.0665229155494649	0.0045218725	-0.0769382434	0.0422152126	-0.0524305881	-0.0513093108	0.0736207599	-0.0339573938	0.0599789555	0.0586783717	0.0923951276	-0.063444276	0.1275124161	0.0225786152	0.0623940068	-0.0244036939	0.0965189608	-0.0292464228	0.0445317718	-0.0336214364	0.0076347989	0.0840693205	0.1407339774	0.0621546023	-0.0071479791	0.0308823614	0.1066629143	0.0062669312	0.1521711284	-0.0050666436	0.0928783368	-0.0072198108	-0.0220812044	-0.0623466157	0.0077158458	0.0103822811	0.0951041382	0.0854921793	-0.04326651	0.0581705299	-0.0638424201	-0.076311787	-0.0723925677	-0.0361321049	0.098529975	-0.096179082	0.0279771059	-0.0118915502	0.0989223957	-0.0768674263	-0.0187378786	-0.0823486013	-0.1383331122	-0.0510019206	0.014511627	0.0229191743	0.0394260191	-0.102232294	0.0545558406	0.136644278	0.0734857388	0.0804897476	-0.0127383893	0.0498197527	-0.0494161799	-0.1142040777	-0.0898666151	-0.1137220945	-0.0660467778	0.0637847534	0.0606867732	0.0308930963	0.070604353	-0.0481579439	0.0750795313	-0.0179363804	0.0536569979	-0.0197805559	0.0634144715	-0.0424499454	0.159417906	-0.0500292006	-0.0754845462	0.0387575831	0.118892386	-0.1312180183	-0.0336898763	-0.035125016	0.0975843993	-0.04711697	-0.0033797017	0.0929277554	0.0262584563	-0.0303936223	0.1321491299	-0.1233919994	0.0486974571	0.0278107589	-0.0685530251	-0.0184740049	0.0339706531	-0.022361954	-0.1414178995	0.1084051659	-0.0751280115	-0.0482401772	0.0887915714	0.0267619507	0.0094483284	0.0900635256	0.0095958679	0.1721557692	-0.1147705489	0.1115319001	-0.1062016776	0.0	0.0514911120422993	-0.0086932981059959	0.0026513346193526	7.557343195971362e-05	0.2782305773904312	0.0132502480629881	0.0001755690737307	0.0774122541950127	0.0884500418087697	-0.037888135980431	0.0078234098959731	0.0014355108480716	0.0020990240060223	0.0008128602097964	4.405901777857904e-06	6.607417206704099e-07	-0.0014913643618508	0.0002829376411313	2.224167659798644e-06	8.00537087689443e-08	0.0020370686525627	0.0001694269993184	4.149648695253615e-06	2.8705508098037123e-08	0.0	0.0
561.9729187203683	-0.4391271291926841	0.1928326355930083	315813.56137508963	749.2506171731388	1.1487613004796913	1.3196525254797915	561376.4873343294	538.7392013120842	-0.1749459998196698	290239.9270303824	0.0306061028529039	584.7632869535206	507.0378067760933	1.139524	19.790716	0.1162889472407861	0.0551622080061553	0.0668547975	-0.1039206264	-0.0232918894	-0.0401334764	0.0532454026	0.1443214157	-0.0390037132	0.0098711914	-0.0056642068	0.0284286809	-0.0659183843	0.0673386706	0.0122963914	0.0109013026	-0.0394690147	-0.0749749255	-0.1315329402	0.0111601664	0.041062184	-0.0635913868	-0.0762603813	0.0259807306	0.001910723	-0.0725671405	-0.0226023974	0.0253911616	0.0860080327	0.0091887975	0.172289794	-0.0396752269	0.0718551476	0.1074530387	0.0131003983	0.0367093954	0.1757107758	0.2073215982	-0.0468990457	0.1384446764	-0.0564167096	0.0864598832	-0.0157203231	0.0225478738	0.0078891523	0.0493938037	-0.0912812457	-0.0308017338	-0.0491131291	-0.0808132091	0.0272455172	-0.0307974147	-0.0895435604	-0.1291955974	-0.0277340486	-0.0285250471	0.0068791243	0.0376706742	-0.0434227989	0.0602979943	-0.0722659609	-0.0373862638	-0.0699828638	-0.2113952467	0.0650474348	-0.0911426753	-0.1585836901	0.0202626286	-0.0395058714	0.0983949785	-0.0975930465	0.0843228459	0.0409874002	-0.1194815088	-0.0068006962	0.0519436992	-0.0800826342	-0.0148792758	0.0795123726	-0.2065657871	-0.182294146	-0.0891515515	0.0881326891	0.0491231748	0.0181195467	0.0131008195	-0.0647526593	0.031489874	-0.0664508049	0.1100728504	-0.0574060717	-0.1154960566	0.1375879785	-0.1426882826	-0.099262477	0.1012723109	0.0152434618	0.070988452	0.1090437732	0.0601566431	-0.1696555155	-0.4523890347	0.1058557989	0.0440725638	-0.1273177706	0.1206870903	0.007427799	-0.2785217211	-0.0703650167	0.3573077512	-0.0502248939	0.037592984	0.3961697933	-0.1150787493	0.1127547821	-0.1089162049	0.0	0.0681841463653256	0.0166930343230263	0.0046490778155681	0.0002786573949097	0.3031674983185866	0.0249369209281553	0.000621850025377	0.0919105320367502	0.1159072442799242	0.0274572024711545	0.013434489276566	0.0007538979675419	0.001671991531237	-0.0004270324747853	2.795555680528248e-06	1.823567345212579e-07	-0.0016800266946388	-0.000188662332788	2.822489694698972e-06	3.55934758130101e-08	0.0023654096353584	0.0003283409827957	5.59516274304636e-06	1.0780780098324628e-07	0.0	0.0
563.0725213672366	1.099602646868334	1.209125980999846	317050.66431885713	749.0168526144589	-0.2337645586799226	0.0546458688948189	561026.24550047	539.4343030385703	0.6951017264860866	290989.3672947081	0.4831664101639383	584.7367663463823	501.9089333526487	1.131367	19.649048	0.1163931883993374	0.0578399559885812	0.021401272	-0.03586562	0.0368717833	-0.0851413326	0.0499407244	0.0661776013	-0.0280192354	0.033110352	-0.0756600223	0.1782243284	0.0600675924	0.1648178612	0.0817199448	-0.0439466394	0.042545999	0.0115997881	-0.0445319457	-0.0839025928	-0.1517611158	0.1122041999	0.0185371834	0.0487241846	0.002401888	0.0659263781	0.0994101466	0.1028855298	0.0492546771	0.03255195	0.0079531808	-0.0493785908	-0.0200365587	-0.0155302591	-0.0278505163	-0.1678275631	-0.0349097984	-0.0407322569	-0.0939448271	-0.0457247021	-0.0119127494	0.0760680999	0.0444234781	-0.1561089064	0.0424209862	-0.1049701116	0.0254489995	-0.0869643818	0.0049988074	-0.0116730189	0.0742192769	0.022776141	0.0833676818	-0.0681479893	0.1474782102	-0.0134403595	0.1141057691	0.0861055196	0.12716152	0.0516583924	-0.0748469557	0.1443170863	-0.0218794156	-0.0233187768	0.0904708112	-0.0820558287	-0.0117436143	-0.0177110234	-0.1432072458	-0.0749004396	0.0787570051	0.1205407832	-0.1286614272	-0.0094943451	0.0750200105	0.165279935	-0.0754392779	0.0565938465	0.0849443934	0.0574474608	0.0032378363	-0.0353659547	-0.0513001935	0.0065678396	-0.0569104891	-0.2126436415	0.0963818862	0.011972274	-0.0682268938	0.0637401497	-0.0390690269	-0.0258192455	0.062063029	0.0423146349	-0.0811460172	0.0112621219	0.0757468777	0.1032905971	0.155986699	-0.0799606905	0.0717515051	-0.004344821	0.0502158809	-0.0632307536	-0.0963612085	0.0520010852	-0.1350642469	0.1275540027	0.0652347779	-0.0261178309	0.0214775526	0.0283029997	-0.0006581971	-0.1153357926	0.1137771902	-0.1111951025	0.0	0.0880737207436226	0.0198895743782969	0.0077569802856256	0.0003955951689498	0.2671347036001492	-0.0360327947184374	0.001298362295221	0.0713609498675395	0.1096454936438462	-0.006261750636078	0.0120221342764027	3.920952102842332e-05	0.0019816647711019	0.0003096732398648	3.926995265026345e-06	9.589751548842388e-08	-0.0012333353014335	0.0004466913932053	1.5211159657620623e-06	1.99533200763692e-07	0.0026932263756187	0.0003278167402603	7.25346831032824e-06	1.0746381519488901e-07	0.0	0.0
564.4525502144204	1.3800288471837805	1.9044796190593936	318606.6814435628	755.2046340493595	6.1877814349005575	38.288639086100005	570334.039289627	540.0840751004506	0.6497720618802987	291690.8081771092	0.4222037324001746	586.3352503667855	518.4476656595866	1.104935	19.190002	0.1535739366325696	0.1190013149040392	0.2067050746	-0.007166249	0.0336925773	0.085537522	0.014320264	0.0641820365	-0.1692899945	-0.1756783794	-0.061562453	0.0337058552	0.0622695093	0.1065503945	-0.0091236933	-0.0436406484	0.0589513035	-0.0703606205	0.0913952834	-0.0420732409	-0.0456217122	0.0242743674	0.0632143676	-0.00305137	-0.0884623187	0.0333477289	-0.1061558827	0.1519563821	0.0150754113	-0.0123192407	0.0687623171	0.0009398617	-0.0974498988	-0.0181069619	-0.0239709756	-0.0820292782	0.0855093206	-0.0780300471	-0.0953312374	-0.0493990231	0.0594194884	-0.0109084103	0.049328142	-0.1494723253	0.1037303996	-0.1451856388	0.0240293914	-0.0770597501	0.0329722544	0.015669208	-0.0975656931	0.1376209056	-0.0071177881	-0.0245264426	-0.0046330817	0.0885353923	-0.1006116425	-0.0300095092	0.1364881337	0.0648135796	-0.0656821708	0.1158396871	0.1010690204	-0.155640461	0.0397905465	-0.0114675224	-0.0631103142	0.147300561	0.01803791	0.0897063627	-0.0487351747	0.0520661895	-0.1169607067	-0.025690517	-0.0252570663	-0.0227649341	-0.0738333628	-0.0460966842	0.0709213099	0.0428113093	0.0989695365	0.0372939896	-0.119558442	0.0003541946	0.0524676771	-0.0842626247	0.0601032335	0.029295576	0.0555390999	0.1034627834	-0.0334216319	-0.2516505058	0.079462373	-0.0134672334	0.0014328569	0.0290962098	0.0582509574	-0.0416349691	0.0268795911	0.1296346134	-0.0289669236	0.0862624933	0.0594920103	0.0469717564	0.003642745	0.0536866078	-0.0996780629	0.1339801921	0.0106788166	-0.0249448875	-0.077381779	0.1453791528	-0.1983472473	-0.1155415645	0.1145973067	-0.1130292557	0.0	0.0868585357266482	-0.0012151850169744	0.0075444052285774	1.4766746254790767e-06	0.3769851671298454	0.1098504635296962	0.0120671243376891	0.1421178162359175	0.1054057755647122	-0.0042397180791339	0.0111103775223984	1.7975209390535648e-05	0.0013097277090523	-0.0006719370620495	1.7153866718593865e-06	4.514994153558479e-07	-0.0012351801244763	-1.8448230427999064e-06	1.5256699399012877e-06	3.4033720592455058e-12	0.0027848158906616	9.158951504289982e-05	7.75519954488136e-06	8.388639265793571e-09	0.0	0.0
562.0510710076541	-2.4014792067663397	5.767102380531086	315901.406420851	751.2774416755227	-3.927192373836761	15.422839941121609	564417.7943705184	538.4412581968498	-1.6428169036007605	289918.9885286067	2.6988473787563896	584.6592664350012	512.2124586570553	1.069118	18.567944	0.1666455902527795	0.1173551413064925	0.1153838932	-0.0743130448	0.0120557843	0.0112159542	-0.0553342203	0.0681875443	-0.1172568913	0.0026790129	0.1161037869	0.0190844093	-0.0480843797	0.0091314222	-0.1510284288	0.0651726944	-0.0711492444	0.1026733437	-0.0230685267	0.1148018038	0.0765674423	0.0155339941	0.0667975137	0.167932341	0.0371483486	-0.0773121327	-0.0306767932	-0.1497285047	0.0007697832	0.0689869787	-0.0174973252	0.0920402717	0.1330453888	-0.0855374325	-0.1151850769	0.1750809764	0.0309723327	-0.056182153	-0.0558535089	-0.107009442	-0.0280305081	0.0326164865	0.0824935003	0.1474965391	0.0621345222	0.0314946765	-0.1453577574	0.046034956	0.0940696979	-0.0835783904	0.0423748209	0.1695458962	0.0736227867	0.0374331367	0.0307806295	-0.0304177451	-0.0746553518	0.0420665705	-0.0920459576	0.050566927	0.1796505225	-0.0008577738	0.019729549	-0.1218878189	-0.0247630023	0.0616804609	-0.1468683823	-0.0759682429	0.0715329234	0.0194342829	-0.0432297614	-0.067961852	0.0652882054	0.0959484315	0.0890586778	0.0559526097	0.1122566213	-0.0312157168	0.142110222	0.0615678921	-0.0143274337	0.0242845174	0.002702958	0.1224816738	0.101193092	0.0150888583	0.0617020816	0.0488715528	0.0911950755	0.0604650641	-0.0200724965	-0.0305504618	0.1007149363	0.0221041347	0.0177695784	0.0838606646	0.0179544997	0.0559227786	0.0563054654	0.1055112021	0.0192725285	0.08201102	0.1302123346	-0.0987624649	-0.0842356979	-0.1279919864	-0.0803718386	-0.018818568	0.1889711072	0.0897951823	-0.0357933812	0.0363483135	-0.2075290371	-0.1156959735	0.1152136733	-0.1144113283	0.0	0.0930541013593284	0.0061955656326802	0.0086590657797921	3.8385033508848005e-05	0.2725292970230271	-0.1044558701068183	0.0109110287997725	0.0742722177358653	0.0884678462306212	-0.0169379293340909	0.0078265598166848	0.0002868934501266	0.0020073199583395	0.0006975922492871	4.029333415148091e-06	4.866349462655746e-07	-0.0013082199020062	-7.303977752990006e-05	1.7114393120051115e-06	5.334809101617293e-09	0.0027743234138949	-1.049247676669987e-05	7.696870404885452e-06	1.1009206869973657e-10	0.0	0.0
559.4407516861714	-2.6103193214826206	6.813766960105489	312973.95464718854	744.4284722720876	-6.848969403435149	46.908381889190814	554173.7503293542	537.8127299542408	-0.6285282426090362	289242.5325008332	0.3950477517572034	583.1811539618773	497.7148873057792	1.041043	18.080347	0.191085773607214	0.1024023230751911	-0.0193629354	-0.1469901708	0.0709066968	0.0765571999	-0.0289767005	0.0431945685	0.1082634116	0.0039309747	0.0586001967	0.0256970733	0.0813541831	0.0247194879	-0.0597981369	0.134084929	-0.0219373498	-0.0563979732	-0.1775267513	0.1131483179	0.0473235239	-0.0569198108	-0.1846433873	0.101130091	0.037904137	-0.0155142314	0.02325811	-0.0707013212	-0.071725004	0.0272828825	0.0997637183	-0.0047382584	-0.0722702157	-0.060000051	-0.014526066	-0.0561624177	-0.0622117326	0.0115252679	-0.157675074	-0.0910876763	-0.0155616957	0.0268821505	0.0407948721	-0.1451260558	0.0696293494	-0.0113669395	0.062636198	0.0158235348	-0.0318423242	-0.1054935596	-0.058304918	-0.0789954954	-0.0853499938	0.0502259541	-0.0797415112	-0.028603797	0.0858523418	-0.0029038626	-0.0691165566	0.1361742662	-0.0660841373	0.0075554788	-0.1691231689	-0.1379986836	-0.0589872878	-0.0170536456	-0.1958610355	-0.0014377398	0.1965937392	0.0416635862	-0.006591379	0.0532715161	-0.0907661371	-0.0270818322	0.0085029951	0.057431758	-0.0224771971	-0.1221423405	-0.010997553	0.0663253594	0.2074858055	-0.0462457812	0.0111065021	-0.0213662135	-0.0634745639	0.0560123035	0.1108059286	0.0339345005	0.0893299921	0.0912352265	-0.0419313231	-0.1691327373	0.1013626241	0.04094329	-0.0045560023	0.0676745903	0.0510734923	0.1900931756	0.1149626239	0.0429601477	-0.0782427146	0.0263310529	0.1446888558	0.1076260557	-0.0035944932	-0.1367140674	0.0120207854	0.1324217123	-0.0233014971	-0.1183848325	-0.1084869145	0.1153060939	-0.1024667279	-0.115798951	0.1156251942	-0.1153357926	0.0	0.0881534412022944	-0.0049006601570339	0.0077710291958063	2.401646997474049e-05	0.3386022366296117	0.0660729396065846	0.0043656333482553	0.1146514746505755	0.1352717823182416	0.0468039360876204	0.0182984550915537	0.002190608433294	0.0012441407374659	-0.0007631792208735	1.5478861746221932e-06	5.82442523173235e-07	-0.0017209588337072	-0.0004127389317009	2.9616993073148456e-06	1.703534257416827e-07	0.00248407681135	-0.0002902466025448	6.170637604686785e-06	8.42430902888571e-08	0.0	0.0
558.5555643950156	-0.8851872911558303	0.7835565404237966	311984.3185166344	741.823444815243	-2.605027456844596	6.786168050914222	550302.0232775538	536.8987921902453	-0.9139377639954772	288260.3130553442	0.8352822364570528	581.1073205719146	482.693173563965	1.134345	19.700779	0.1426775609803404	0.0838171109628888	-0.1557417575	-0.2347122104	-0.0042938547	-0.0550663793	0.0231988529	-0.0126077939	0.1351259548	0.1285097161	0.1490895961	0.003595898	-0.0044975295	0.0687254297	0.1385460521	0.0245301872	0.0700800722	0.0870076914	-0.1958820517	0.1830321813	0.0659702902	0.0045551356	-0.0494904118	0.0939896166	0.0620197068	0.0275681602	0.0768916535	0.1305634827	0.1357957866	0.0410531512	-0.0434862393	-0.0512567406	-0.1353591824	0.047390626	0.0889463224	-0.0494792376	0.0140834044	0.1137824848	-0.0362785272	-0.1847295125	0.0107719622	-0.0003943245	0.00327653	-0.0149338329	0.0266114314	-0.0718649898	0.0934903776	0.1339215031	-0.0219966557	0.1209186472	-0.076718869	-0.0097730232	0.0868542103	-0.0854320096	-0.0395249965	-0.1068649651	0.1610610341	0.0038533256	-0.2147944761	0.1614007534	0.0225238971	0.0358126591	0.0786123376	0.0724593628	0.0414659599	-0.0590404089	-0.1905200176	0.0088822771	-0.0307759537	0.033028063	-0.0256793627	0.1633841736	0.0842601552	0.0942765119	-0.1095221891	0.0913860638	-0.0339848352	-0.0982839029	-0.1390070017	-0.0385646032	0.0447185204	-0.0396776205	-0.0546065629	-0.0929963076	0.0182014221	0.0560714254	0.0115298965	0.1236959679	0.0527370904	0.0791591167	0.0553558415	0.0258515245	0.1196484479	-0.0408184627	0.0002565253	0.0197843427	0.1071754964	0.2063185464	0.131458643	-0.0699293545	-0.0591453633	0.0983258148	0.0314612775	-0.038505294	0.1524831113	-0.1169676649	-0.2460830334	0.0629646304	-0.031984545	-0.0273269191	-0.1072932763	0.0467287337	0.0977910344	-0.1158504512	0.1158311377	-0.115798951	0.0	0.0953142356605241	0.0071607944582297	0.0090848035195499	5.1276977273013214e-05	0.2655969115867123	-0.0730053250428994	0.0053297774846193	0.0705417194443998	0.1263758001618953	-0.0088959821563462	0.0159708428665593	7.913849852603165e-05	0.0015468580550915	0.0003027173176256	2.3927698426014585e-06	9.16377743904385e-08	-0.001306309781067	0.0004146490526401	1.7064452441113134e-06	1.719338368554153e-07	0.0028390196275415	0.0003549428161914	8.060032445565878e-06	1.2598440276595286e-07	0.0	0.0
