#!ascii label  , from subject sub-v1s2x0051481_ses-1 vox2ras=TkReg
3428
142724  25.994  -59.311  76.629 0.5555559993
31716  27.880  -59.189  73.839 0.4444440007
31703  27.704  -59.382  74.932 0.4444440007
135835  28.175  -59.159  74.350 0.4444440007
139842  26.267  -59.917  74.755 0.5555559993
31704  26.733  -59.717  75.122 0.4444440007
31690  27.281  -59.399  75.464 0.4444440007
31677  26.891  -59.432  75.891 0.5555559993
31678  25.932  -59.912  76.072 0.5555559993
32739  28.428  -58.861  72.787 0.4444440007
31691  26.302  -59.888  75.623 0.5555559993
31717  26.218  -59.725  74.139 0.4444440007
30655  25.710  -60.257  75.252 0.5555559993
137935  25.842  -58.881  76.907 0.4444440007
33719  25.002  -58.908  76.869 0.4444440007
32681  26.591  -58.892  76.798 0.4444440007
32682  25.290  -59.488  76.693 0.4444440007
31676  27.853  -59.084  75.740 0.5555559993
32700  26.530  -59.288  76.347 0.5555559993
31661  25.567  -59.754  76.399 0.5555559993
31689  28.184  -59.061  75.310 0.4444440007
30635  25.332  -60.304  75.760 0.5555559993
30684  25.582  -60.204  74.636 0.4444440007
30656  24.691  -60.604  75.560 0.5555559993
31679  24.889  -60.277  76.164 0.5555559993
31734  25.207  -59.893  73.014 0.4444440007
30699  24.669  -60.308  73.541 0.4444440007
30685  24.828  -60.430  74.285 0.5555559993
32755  25.674  -59.206  71.598 0.2222220004
31772  24.783  -59.491  71.289 0.1111110002
34784  25.631  -58.154  76.937 0.3333329856
34785  24.754  -58.330  76.736 0.3333329856
33718  26.423  -58.320  77.033 0.4444440007
31701  29.548  -58.699  74.548 0.4444440007
32698  28.423  -58.714  76.038 0.4444440007
32679  28.164  -58.497  76.401 0.4444440007
31715  29.072  -58.818  74.192 0.4444440007
31702  28.595  -58.938  74.749 0.4444440007
30670  24.147  -60.918  75.267 0.5555559993
31753  24.993  -59.736  72.142 0.4444440007
145014  24.257  -60.606  73.989 0.4444440007
31686  30.881  -58.649  74.673 0.4444440007
32711  30.468  -58.604  75.278 0.4444440007
32696  30.050  -58.449  75.814 0.4444440007
33714  29.413  -57.984  76.484 0.4444440007
129177  26.324  -57.765  76.980 0.3333329856
34791  25.187  -57.594  76.520 0.3333329856
31699  31.311  -58.575  74.124 0.3333329856
31700  30.460  -58.615  74.342 0.4444440007
31687  30.023  -58.659  74.909 0.4444440007
32678  28.960  -58.308  76.305 0.4444440007
35824  27.406  -57.354  76.827 0.4444440007
35839  25.563  -56.917  76.151 0.3333329856
35840  24.756  -57.007  76.036 0.3333329856
130931  30.485  -58.603  73.510 0.3333329856
126329  29.483  -58.738  73.614 0.3333329856
35837  27.166  -56.913  76.432 0.3333329856
36873  26.025  -56.414  75.626 0.3333329856
35847  25.202  -56.445  75.523 0.3333329856
31730  30.158  -58.668  73.043 0.2222220004
32752  29.863  -58.658  72.173 0.2222220004
127309  24.200  -60.783  74.609 0.5555559993
31754  24.107  -59.950  71.822 0.1111110002
31735  24.279  -60.234  72.697 0.2222220004
33756  32.369  -58.213  75.352 0.4444440007
33736  32.120  -57.991  75.899 0.5555559993
34778  30.865  -57.408  76.343 0.4444440007
31697  32.801  -58.489  73.630 0.3333329856
32709  32.030  -58.567  74.889 0.4444440007
33757  31.648  -58.368  75.541 0.4444440007
33738  30.459  -58.076  76.173 0.4444440007
34779  30.300  -57.334  76.336 0.4444440007
35821  30.539  -56.946  76.149 0.4444440007
31698  32.109  -58.534  74.012 0.3333329856
32721  31.664  -58.598  74.429 0.4444440007
32695  30.871  -58.409  75.665 0.4444440007
35822  29.745  -57.192  76.376 0.5555559993
130548  32.078  -58.537  73.287 0.3333329856
31728  31.358  -58.554  73.326 0.3333329856
31713  30.913  -58.566  73.822 0.3333329856
34780  29.404  -57.574  76.574 0.4444440007
32750  31.341  -58.578  72.164 0.2222220004
31751  30.733  -58.626  72.587 0.2222220004
137894  27.811  -57.022  76.627 0.3333329856
130324  25.652  -55.952  75.016 0.3333329856
35848  24.428  -56.601  75.373 0.2222220004
33735  32.735  -57.474  75.787 0.4444440007
34788  32.022  -57.088  76.179 0.5555559993
141200  31.386  -57.145  76.262 0.5555559993
32718  33.493  -58.189  73.688 0.3333329856
32708  32.701  -58.445  74.628 0.3333329856
36851  31.304  -56.631  76.039 0.5555559993
32729  33.125  -58.478  73.365 0.3333329856
129692  30.725  -56.455  75.974 0.5555559993
35834  30.003  -56.735  76.091 0.5555559993
122352  34.454  -58.310  71.648 0.2222220004
124019  33.659  -58.381  72.420 0.2222220004
31711  32.539  -58.533  73.368 0.2222220004
131676  32.599  -58.572  73.059 0.2222220004
36888  29.289  -55.953  75.521 0.4444440007
36869  29.516  -56.381  76.011 0.5555559993
31769  33.748  -58.547  71.250 0.1111110002
31750  31.880  -58.565  72.531 0.2222220004
31791  34.219  -58.569  70.367 0.1111110002
33754  33.667  -57.757  74.731 0.4444440007
122654  32.769  -56.792  76.013 0.5555559993
35833  31.705  -56.766  76.125 0.5555559993
33767  34.316  -57.632  73.570 0.3333329856
33768  33.826  -57.844  73.988 0.3333329856
36886  31.494  -56.144  75.843 0.5555559993
36887  30.824  -55.951  75.697 0.5555559993
33781  35.593  -57.729  71.490 0.3333329856
33782  34.857  -57.886  71.990 0.3333329856
33776  34.514  -57.705  72.842 0.3333329856
33777  33.946  -58.000  73.214 0.3333329856
37900  31.043  -55.653  74.893 0.4444440007
122323  30.075  -56.169  75.884 0.5555559993
32748  36.132  -58.097  70.372 0.1111110002
32749  35.436  -58.090  71.088 0.2222220004
32736  34.736  -58.009  71.872 0.2222220004
32737  34.046  -58.193  72.497 0.2222220004
32728  33.707  -58.204  73.052 0.3333329856
36901  30.264  -55.771  74.253 0.3333329856
36902  29.451  -55.835  74.595 0.3333329856
121903  37.014  -58.525  69.400 0.1111110002
31746  35.756  -58.221  70.492 0.1111110002
31747  34.937  -58.210  71.374 0.1111110002
31767  35.230  -58.351  70.750 0.1111110002
31789  36.570  -58.510  69.462 0.1111110002
143584  35.233  -58.537  69.988 0.1111110002
32784  34.628  -58.521  69.499 0.1111110002
32804  34.049  -58.201  69.022 0.1111110002
31790  36.066  -58.582  69.389 0.1111110002
32803  34.955  -58.429  68.683 0.1111110002
122984  34.439  -58.036  68.300 0.1111110002
33842  33.592  -57.432  67.376 0.1111110002
33859  33.132  -57.205  66.757 0.1111110002
35846  33.371  -56.810  75.753 0.5555559993
35832  32.447  -56.453  75.995 0.5555559993
36868  32.153  -56.130  75.849 0.6666669846
34815  34.658  -57.105  73.974 0.4444440007
34801  34.017  -56.953  75.169 0.5555559993
35831  33.230  -56.221  75.844 0.5555559993
36867  32.992  -55.776  75.780 0.6666669846
147135  31.547  -55.813  75.477 0.5555559993
34844  35.166  -57.438  72.270 0.4444440007
34831  34.947  -57.089  73.203 0.5555559993
34800  34.670  -56.722  74.643 0.4444440007
37898  32.705  -55.091  75.307 0.6666669846
37899  31.949  -55.341  75.107 0.5555559993
35893  36.328  -56.533  70.830 0.4444440007
34854  36.118  -57.473  70.876 0.4444440007
35876  36.207  -56.226  71.807 0.4444440007
34865  38.240  -57.351  69.512 0.3333329856
34866  37.179  -57.033  69.609 0.3333329856
34853  36.494  -56.954  70.111 0.3333329856
32747  36.616  -58.083  70.023 0.2222220004
33796  38.139  -58.352  69.347 0.3333329856
31765  37.367  -58.656  69.192 0.2222220004
31811  36.352  -58.687  68.871 0.1111110002
32802  35.792  -58.593  68.388 0.1111110002
32826  34.338  -57.715  67.550 0.1111110002
32848  34.986  -57.820  66.844 0.1111110002
35845  35.232  -56.099  74.988 0.6666669846
139109  34.591  -56.276  75.231 0.6666669846
36866  33.800  -55.564  75.659 0.6666669846
37881  32.865  -55.510  75.638 0.6666669846
144831  35.586  -56.414  73.291 0.5555559993
35854  35.954  -55.806  74.727 0.5555559993
35892  36.767  -55.693  70.981 0.3333329856
34864  39.493  -57.215  69.921 0.3333329856
127975  37.702  -56.312  69.479 0.3333329856
35911  36.926  -56.015  69.864 0.3333329856
36885  34.922  -55.624  75.439 0.6666669846
37879  34.414  -55.095  75.512 0.6666669846
37897  33.446  -54.932  75.351 0.7777780294
34830  36.196  -56.020  72.845 0.5555559993
36900  36.675  -55.363  74.507 0.5555559993
36884  35.643  -55.408  75.302 0.6666669846
37896  34.190  -54.773  75.341 0.7777780294
36931  37.533  -55.098  71.386 0.4444440007
36913  36.988  -55.373  73.435 0.5555559993
122292  34.352  -53.869  74.770 0.6666669846
140073  37.464  -55.364  70.438 0.3333329856
36912  37.698  -54.995  72.523 0.4444440007
36898  37.953  -54.821  73.575 0.6666669846
34862  41.435  -57.364  70.253 0.4444440007
34863  40.579  -57.469  70.145 0.4444440007
35909  39.416  -56.319  70.271 0.4444440007
36948  38.371  -55.020  70.805 0.4444440007
36882  37.063  -54.852  75.055 0.6666669846
36863  35.955  -54.885  75.507 0.6666669846
38924  35.733  -54.313  75.457 0.7777780294
36899  37.453  -54.957  74.398 0.6666669846
125180  35.393  -53.909  75.232 0.6666669846
37966  39.019  -54.523  71.475 0.4444440007
36930  38.341  -54.577  71.786 0.4444440007
35907  41.300  -56.746  70.736 0.5555559993
36947  39.498  -55.001  71.139 0.4444440007
137452  41.886  -56.772  70.549 0.5555559993
37877  35.991  -54.530  75.497 0.6666669846
37915  38.135  -54.411  74.430 0.6666669846
130563  37.323  -54.077  75.373 0.6666669846
38923  36.983  -53.395  75.563 0.6666669846
40001  35.047  -53.520  74.693 0.7777780294
37947  39.113  -54.132  72.252 0.5555559993
36946  40.399  -55.431  71.256 0.5555559993
36929  40.527  -54.862  71.660 0.5555559993
37965  39.775  -54.385  71.824 0.5555559993
36928  41.520  -54.755  71.851 0.5555559993
36944  42.187  -55.182  71.377 0.5555559993
38932  38.458  -53.243  75.429 0.6666669846
38921  38.073  -52.935  75.758 0.6666669846
37914  39.553  -53.454  74.545 0.6666669846
139559  39.359  -53.846  73.980 0.6666669846
38933  37.845  -53.474  75.486 0.6666669846
39985  37.800  -52.802  75.717 0.6666669846
128988  40.438  -53.734  72.975 0.5555559993
37930  39.519  -53.906  73.163 0.5555559993
122131  38.721  -54.153  73.665 0.6666669846
41111  37.040  -52.205  75.042 0.5555559993
37946  40.772  -54.216  72.263 0.5555559993
123487  39.926  -54.024  72.433 0.5555559993
37945  41.778  -54.137  72.258 0.5555559993
36943  42.701  -54.870  70.803 0.5555559993
147094  42.561  -55.052  71.068 0.5555559993
37943  42.531  -53.698  71.694 0.5555559993
39997  39.579  -52.389  75.652 0.7777780294
38920  38.742  -52.614  75.781 0.6666669846
134093  38.066  -52.090  75.897 0.6666669846
38946  40.508  -53.217  74.264 0.6666669846
38930  40.150  -52.951  75.094 0.6666669846
39998  37.469  -52.607  75.487 0.6666669846
37929  40.892  -53.416  73.496 0.6666669846
124630  41.319  -53.727  72.823 0.6666669846
37944  42.316  -53.944  72.006 0.5555559993
37928  42.019  -53.576  72.624 0.6666669846
38987  42.777  -53.293  71.458 0.5555559993
39984  39.049  -51.962  76.036 0.7777780294
41100  38.708  -51.634  75.979 0.7777780294
41109  38.470  -51.384  75.685 0.6666669846
40016  41.029  -52.714  74.692 0.6666669846
38961  41.661  -53.269  73.261 0.6666669846
41149  43.020  -51.552  72.456 0.6666669846
38973  42.641  -52.986  72.084 0.5555559993
38974  42.373  -53.290  72.323 0.6666669846
38944  41.932  -52.866  73.591 0.6666669846
128644  42.857  -52.574  71.800 0.6666669846
42189  39.004  -50.859  76.046 0.6666669846
42188  39.687  -50.431  76.040 0.6666669846
42199  38.808  -50.626  75.464 0.6666669846
39995  41.518  -52.063  74.890 0.7777780294
41108  40.511  -51.321  75.823 0.6666669846
42231  43.703  -49.856  72.200 0.7777780294
40014  42.234  -51.713  74.257 0.7777780294
41135  43.113  -51.137  72.911 0.7777780294
40033  42.359  -52.313  73.408 0.6666669846
40015  41.786  -52.493  74.162 0.6666669846
40047  42.807  -52.232  72.312 0.6666669846
38959  42.550  -52.638  72.671 0.6666669846
42198  39.426  -50.171  75.795 0.6666669846
139720  41.000  -49.888  75.925 0.8888890147
42187  40.421  -50.159  76.054 0.8888890147
43281  38.879  -49.716  74.282 0.6666669846
42197  41.694  -50.780  75.287 0.8888890147
41098  40.127  -50.896  76.078 0.8888890147
42216  43.727  -49.524  72.663 0.7777780294
42203  43.418  -49.807  73.306 0.7777780294
42205  42.755  -50.453  74.329 0.8888890147
41120  42.300  -50.988  74.676 0.8888890147
41106  41.870  -51.448  74.984 0.7777780294
41107  41.179  -51.397  75.391 0.7777780294
42215  44.092  -49.260  72.141 0.7777780294
41134  43.408  -50.315  72.817 0.7777780294
42217  43.095  -50.618  73.548 0.7777780294
41119  42.769  -51.480  73.498 0.7777780294
141860  42.681  -51.065  74.070 0.7777780294
40032  42.819  -51.919  72.896 0.6666669846
42255  44.414  -49.527  70.644 0.6666669846
139454  40.413  -48.821  75.512 0.7777780294
44275  39.850  -48.854  75.018 0.6666669846
45234  41.083  -48.410  75.653 0.8888890147
43271  39.749  -49.458  75.402 0.6666669846
44274  42.288  -48.500  75.075 0.8888890147
44263  41.275  -48.621  75.623 0.8888890147
44264  40.814  -48.969  75.865 0.8888890147
44302  44.582  -48.259  72.043 0.7777780294
43286  44.160  -48.783  72.464 0.8888890147
43287  43.676  -49.065  73.160 0.7777780294
43278  43.373  -49.283  73.720 0.8888890147
43279  43.054  -49.149  74.262 0.8888890147
42195  42.721  -49.776  74.608 0.8888890147
43261  41.869  -49.114  75.334 0.8888890147
43298  44.548  -48.738  71.705 0.6666669846
43309  44.666  -48.913  71.124 0.6666669846
42243  44.722  -49.028  70.695 0.6666669846
45253  40.607  -47.798  74.602 0.7777780294
45233  41.646  -48.091  75.388 0.8888890147
45252  41.270  -47.453  75.029 0.7777780294
44296  44.355  -47.970  72.643 0.8888890147
44286  43.908  -47.491  73.739 0.8888890147
45238  43.383  -47.571  74.459 0.8888890147
44273  43.005  -48.432  74.653 0.8888890147
141569  42.735  -47.877  75.000 0.8888890147
46192  41.735  -46.728  74.701 0.8888890147
46199  40.946  -47.141  74.391 0.7777780294
125691  44.733  -47.355  72.617 0.8888890147
130852  42.606  -46.820  74.999 0.8888890147
46191  42.325  -46.570  74.933 0.8888890147
43297  45.023  -48.502  71.104 0.6666669846
139942  45.081  -48.093  71.486 0.7777780294
43319  45.182  -48.559  70.508 0.6666669846
46207  40.806  -46.934  73.612 0.6666669846
45264  44.857  -46.715  72.959 0.8888890147
44285  44.405  -47.360  73.166 0.8888890147
140417  44.383  -46.805  73.631 0.8888890147
45251  43.850  -46.936  74.092 0.8888890147
47154  42.450  -45.252  73.935 0.8888890147
47155  41.811  -46.075  74.135 0.7777780294
46206  41.359  -46.313  73.485 0.6666669846
45263  45.136  -47.105  72.225 0.8888890147
46189  43.686  -45.963  74.517 0.8888890147
46190  43.209  -46.385  74.730 0.8888890147
139870  42.374  -46.018  74.569 0.8888890147
139609  45.227  -47.508  71.671 0.8888890147
45284  45.459  -47.595  71.094 0.7777780294
46205  45.107  -46.024  73.030 0.8888890147
46198  44.163  -46.202  74.141 0.8888890147
47166  41.912  -45.169  72.986 0.5555559993
46219  41.480  -45.913  72.762 0.6666669846
47141  43.759  -45.385  74.370 0.8888890147
48018  43.343  -45.047  74.287 0.8888890147
48041  42.511  -44.531  73.189 0.7777780294
48054  42.246  -44.633  72.287 0.5555559993
47170  45.574  -45.725  72.263 0.8888890147
46204  45.339  -46.304  72.418 0.8888890147
46218  45.569  -46.207  71.673 0.8888890147
45277  45.455  -46.960  71.556 0.7777780294
44320  45.651  -47.649  70.440 0.7777780294
46197  44.759  -46.138  73.565 0.7777780294
47153  44.065  -45.538  74.287 0.8888890147
48947  42.718  -43.220  72.165 0.5555559993
48960  42.795  -43.294  71.184 0.4444440007
47164  45.458  -45.458  72.853 0.8888890147
47165  45.062  -45.583  73.372 0.7777780294
48017  43.649  -44.892  74.257 0.8888890147
48912  43.544  -44.374  74.102 0.8888890147
48053  42.627  -43.919  72.622 0.7777780294
48064  42.604  -44.012  71.706 0.5555559993
135115  42.840  -43.864  73.315 0.7777780294
48973  42.888  -43.290  70.108 0.2222220004
47169  45.711  -45.495  71.690 0.8888890147
46248  46.130  -46.752  70.064 0.6666669846
125139  46.227  -47.128  69.668 0.6666669846
127614  46.098  -46.169  70.230 0.7777780294
48039  45.201  -44.846  73.415 0.8888890147
47152  44.649  -45.358  73.908 0.7777780294
48027  44.169  -44.785  74.172 0.7777780294
49881  42.863  -42.412  70.113 0.2222220004
48038  45.728  -44.558  72.967 0.8888890147
48026  44.821  -44.349  73.936 0.7777780294
123911  44.403  -43.964  74.095 0.7777780294
123038  43.223  -43.378  73.663 0.6666669846
48938  42.842  -43.220  73.049 0.7777780294
130915  45.754  -45.061  72.348 0.8888890147
48945  46.260  -44.039  71.612 0.8888890147
145721  46.264  -44.963  70.099 0.7777780294
47211  46.715  -46.235  68.323 0.6666669846
48075  46.393  -44.900  69.068 0.7777780294
47210  47.366  -45.825  67.333 0.6666669846
127490  47.092  -45.368  67.813 0.6666669846
48081  48.111  -45.045  67.188 0.5555559993
130673  42.837  -42.632  70.764 0.2222220004
123950  42.792  -41.741  70.768 0.2222220004
48936  45.954  -43.815  72.975 0.8888890147
48923  44.856  -43.474  73.987 0.7777780294
49841  44.037  -42.651  74.009 0.7777780294
50838  43.370  -41.865  73.419 0.7777780294
49869  42.812  -42.487  72.717 0.6666669846
50898  42.829  -41.663  69.643 0.1111110002
48946  46.170  -43.322  72.335 0.8888890147
49856  45.453  -42.418  73.299 0.8888890147
50836  44.987  -42.002  73.659 0.8888890147
50818  43.966  -42.095  73.835 0.7777780294
48959  46.364  -43.249  71.323 0.8888890147
137833  46.271  -44.119  69.949 0.7777780294
48971  46.340  -43.881  68.681 0.7777780294
46277  47.801  -45.641  66.818 0.4444440007
127183  47.574  -44.477  67.493 0.6666669846
47227  48.375  -45.207  66.883 0.4444440007
46292  48.437  -45.559  66.062 0.2222220004
47256  48.129  -45.550  65.308 0.2222220004
47237  49.104  -45.188  66.306 0.3333329856
48137  48.154  -44.967  64.578 0.2222220004
126075  48.859  -44.533  64.522 0.2222220004
48147  48.489  -44.228  63.951 0.2222220004
48146  49.216  -43.945  64.126 0.2222220004
49050  48.482  -43.192  62.917 0.2222220004
50989  48.131  -41.751  61.302 0.2222220004
50867  42.734  -41.322  71.770 0.3333329856
51841  42.756  -40.685  69.597 0.2222220004
52822  42.582  -39.829  69.585 0.2222220004
134081  43.059  -41.138  73.121 0.6666669846
125291  42.751  -41.024  70.301 0.2222220004
49876  46.288  -42.405  71.801 0.8888890147
49868  46.005  -42.411  72.769 0.8888890147
50835  45.553  -41.738  73.063 0.8888890147
51783  44.108  -41.441  73.548 0.7777780294
50819  43.766  -41.843  73.601 0.7777780294
49880  46.371  -42.423  70.534 0.8888890147
48980  46.309  -43.077  69.436 0.7777780294
48987  46.918  -43.524  67.798 0.7777780294
48986  48.182  -43.626  67.660 0.6666669846
48985  49.382  -43.739  67.902 0.5555559993
48994  49.794  -44.339  67.542 0.5555559993
47236  49.716  -44.811  66.125 0.3333329856
48135  50.381  -43.914  65.166 0.3333329856
49025  49.982  -43.693  64.384 0.3333329856
49037  49.635  -43.334  63.611 0.3333329856
49963  48.113  -42.696  62.354 0.2222220004
51825  42.303  -39.196  70.445 0.4444440007
51815  42.580  -39.821  71.264 0.3333329856
50884  42.696  -40.759  71.095 0.4444440007
51824  42.608  -40.225  70.399 0.2222220004
127040  42.858  -40.935  72.486 0.5555559993
51812  46.050  -40.642  71.812 0.8888890147
50853  45.680  -41.055  72.661 0.7777780294
52781  44.827  -40.054  72.964 0.7777780294
51795  43.782  -40.463  73.139 0.6666669846
51784  43.599  -41.222  73.318 0.7777780294
52797  45.702  -39.364  70.101 0.8888890147
130623  46.203  -40.464  70.458 0.8888890147
50866  46.311  -41.473  71.225 0.8888890147
141063  46.317  -40.606  69.450 0.8888890147
137618  46.670  -41.828  68.617 0.7777780294
51823  46.087  -39.772  69.206 0.8888890147
51859  46.913  -40.961  68.534 0.8888890147
49902  47.737  -42.715  68.010 0.7777780294
49901  48.935  -42.901  68.165 0.7777780294
48984  50.249  -43.576  67.768 0.4444440007
48109  51.005  -43.797  66.407 0.3333329856
51814  42.734  -40.393  71.961 0.4444440007
51802  45.435  -40.334  72.529 0.7777780294
52782  44.202  -39.865  73.008 0.7777780294
52784  43.332  -39.714  72.837 0.6666669846
52799  42.749  -39.512  72.026 0.5555559993
52800  42.482  -38.967  71.377 0.4444440007
52789  45.084  -39.409  72.281 0.8888890147
52808  45.806  -38.879  68.964 0.8888890147
51840  46.579  -40.182  68.685 0.8888890147
52821  47.184  -40.219  68.496 0.8888890147
143386  48.266  -41.317  68.591 0.6666669846
133316  50.737  -41.887  68.265 0.6666669846
50910  51.325  -41.575  67.812 0.5555559993
50924  51.847  -41.426  66.962 0.5555559993
50923  52.188  -40.818  66.384 0.5555559993
125931  49.827  -43.041  68.081 0.6666669846
49899  51.184  -42.447  67.733 0.5555559993
49922  51.825  -42.616  66.156 0.4444440007
147180  42.837  -38.479  71.696 0.6666669846
53760  43.938  -39.191  72.734 0.7777780294
53762  43.274  -39.108  72.570 0.6666669846
53770  44.531  -38.548  71.890 0.8888890147
53761  43.487  -39.254  72.735 0.6666669846
52791  42.959  -39.248  72.465 0.5555559993
51813  45.640  -39.763  71.552 0.8888890147
125124  46.366  -39.340  68.677 0.8888890147
52807  46.569  -38.750  68.815 0.7777780294
52818  49.904  -39.908  69.293 0.7777780294
51837  50.376  -40.519  68.901 0.7777780294
52805  50.149  -39.176  69.490 0.7777780294
52820  47.036  -39.523  68.542 0.7777780294
51839  48.556  -40.670  68.868 0.7777780294
51838  49.565  -40.645  69.077 0.6666669846
51857  50.815  -41.077  68.446 0.5555559993
144416  50.730  -40.397  68.555 0.7777780294
52847  51.674  -39.894  67.154 0.6666669846
52846  51.944  -39.637  66.761 0.5555559993
55789  51.673  -38.182  66.407 0.4444440007
145128  43.100  -38.081  71.518 0.5555559993
53771  44.029  -38.538  72.291 0.6666669846
53772  43.524  -38.709  72.320 0.5555559993
54761  42.419  -37.696  70.988 0.5555559993
52798  45.140  -38.803  71.015 0.8888890147
52809  45.320  -38.373  69.750 0.8888890147
53795  45.797  -38.176  69.212 0.8888890147
52819  47.952  -39.183  69.047 0.7777780294
52806  49.312  -39.277  69.597 0.7777780294
53807  50.550  -39.074  69.022 0.7777780294
52816  50.931  -38.907  68.411 0.7777780294
54784  51.043  -38.172  68.437 0.6666669846
54798  51.364  -38.080  67.819 0.5555559993
55779  51.108  -37.517  67.679 0.6666669846
55791  50.728  -36.968  67.581 0.6666669846
54740  43.809  -37.902  71.564 0.5555559993
53782  44.676  -37.928  70.621 0.8888890147
53783  44.103  -37.699  71.498 0.7777780294
53796  45.192  -37.660  69.930 0.8888890147
123914  47.605  -38.339  69.525 0.7777780294
53794  48.811  -38.594  69.942 0.7777780294
53793  49.747  -38.566  69.984 0.7777780294
54769  50.383  -37.742  69.688 0.7777780294
55771  50.666  -36.926  68.920 0.6666669846
56671  49.800  -35.919  69.954 0.7777780294
56685  49.898  -35.521  69.415 0.7777780294
56696  50.213  -35.654  68.790 0.8888890147
125052  50.590  -36.567  67.462 0.7777780294
54759  44.562  -37.066  70.589 0.8888890147
54758  46.203  -37.479  70.026 0.8888890147
54773  47.423  -37.673  70.208 0.7777780294
54772  48.500  -37.887  70.460 0.7777780294
54757  47.273  -37.032  70.931 0.8888890147
54771  49.367  -37.968  70.447 0.7777780294
54770  49.947  -37.906  70.188 0.7777780294
54755  49.049  -37.389  70.824 0.7777780294
55744  49.366  -36.923  70.683 0.8888890147
133301  49.631  -36.414  70.376 0.8888890147
139656  50.081  -36.569  69.917 0.7777780294
126266  49.044  -36.217  70.825 0.8888890147
132315  45.469  -36.888  70.516 0.8888890147
139391  46.443  -36.763  70.871 0.8888890147
55747  47.114  -36.297  71.333 0.8888890147
55746  47.940  -36.525  71.262 0.8888890147
54756  48.231  -37.236  70.952 0.7777780294
55745  48.720  -36.723  71.031 0.8888890147
56641  48.017  -35.342  71.378 0.7777780294
56656  49.264  -35.670  70.463 0.7777780294
55732  45.869  -35.597  71.576 0.6666669846
55731  46.763  -35.690  71.578 0.7777780294
55730  47.585  -35.843  71.441 0.8888890147
56642  47.219  -35.223  71.598 0.6666669846
57551  47.782  -34.758  71.465 0.6666669846
33721  23.378  -59.550  76.727 0.4444440007
144067  24.277  -60.608  76.117 0.4444440007
36906  25.297  -55.639  74.196 0.2222220004
29654  23.718  -61.124  75.495 0.5555559993
34803  23.504  -57.756  75.499 0.2222220004
31731  28.583  -58.911  73.433 0.4444440007
32699  27.531  -58.957  76.183 0.4444440007
31718  25.418  -60.021  73.851 0.4444440007
32680  27.338  -58.742  76.568 0.4444440007
32683  24.442  -59.652  76.779 0.4444440007
31662  24.718  -60.060  76.533 0.4444440007
31675  28.712  -58.763  75.613 0.4444440007
30669  24.840  -60.539  74.969 0.5555559993
30636  24.440  -60.636  75.918 0.5555559993
32789  25.135  -58.651  69.905 0.1111110002
34790  25.959  -57.421  76.680 0.3333329856
141116  24.219  -58.387  76.660 0.3333329856
127811  24.462  -57.754  76.356 0.2222220004
33720  24.154  -59.022  76.882 0.4444440007
33717  27.185  -58.348  76.923 0.4444440007
35825  26.691  -57.339  76.791 0.3333329856
31688  29.103  -58.745  75.139 0.4444440007
32712  29.599  -58.618  75.473 0.4444440007
33716  27.970  -58.240  76.734 0.4444440007
30657  23.999  -60.941  75.759 0.4444440007
29668  23.721  -61.061  74.829 0.5555559993
30686  23.653  -60.821  73.965 0.5555559993
32710  31.295  -58.628  75.099 0.4444440007
33715  28.762  -58.079  76.601 0.4444440007
35838  26.371  -56.883  76.266 0.3333329856
31714  30.009  -58.650  74.008 0.4444440007
34781  28.504  -57.688  76.761 0.4444440007
122672  31.366  -58.586  72.861 0.2222220004
36872  26.880  -56.422  75.743 0.3333329856
32751  30.643  -58.560  71.734 0.2222220004
122084  30.023  -58.483  71.363 0.2222220004
32719  32.883  -58.445  74.028 0.3333329856
31710  33.040  -58.550  73.085 0.2222220004
32720  32.370  -58.545  74.168 0.3333329856
35835  29.290  -56.880  76.319 0.4444440007
35836  28.492  -56.955  76.504 0.4444440007
31771  32.079  -58.514  71.699 0.2222220004
36871  27.847  -56.573  75.971 0.4444440007
36893  24.035  -56.149  74.763 0.2222220004
35849  23.730  -56.917  75.136 0.2222220004
35841  24.050  -57.228  75.868 0.2222220004
33769  33.286  -58.225  74.312 0.3333329856
31726  33.567  -58.352  72.756 0.2222220004
31768  34.457  -58.502  70.825 0.1111110002
31725  34.209  -58.270  72.098 0.2222220004
31727  33.055  -58.544  72.870 0.2222220004
123674  32.944  -58.566  72.713 0.2222220004
34816  34.197  -57.409  74.334 0.4444440007
122151  30.143  -55.845  75.199 0.3333329856
34843  35.868  -57.087  71.690 0.4444440007
33788  36.017  -57.947  70.779 0.2222220004
32735  35.473  -57.983  71.265 0.3333329856
32727  34.255  -58.051  72.567 0.2222220004
122344  35.867  -58.445  69.829 0.1111110002
31810  36.905  -58.717  68.704 0.1111110002
31812  35.577  -58.610  69.143 0.1111110002
33825  33.551  -57.674  68.302 0.1111110002
32825  35.195  -58.212  67.798 0.1111110002
37882  32.193  -55.693  75.577 0.6666669846
35830  34.066  -56.040  75.651 0.5555559993
144728  35.619  -56.715  72.511 0.5555559993
35855  35.274  -56.434  74.106 0.5555559993
33787  36.713  -57.798  70.075 0.3333329856
35910  38.580  -56.297  69.772 0.3333329856
125467  37.438  -57.824  69.664 0.3333329856
33797  37.040  -58.103  69.790 0.3333329856
33858  34.092  -57.432  66.541 0.1111110002
37880  33.612  -55.328  75.578 0.6666669846
35864  36.135  -55.921  73.889 0.6666669846
35875  36.848  -55.530  72.142 0.5555559993
36864  35.419  -55.041  75.530 0.6666669846
38925  34.965  -54.559  75.372 0.7777780294
36962  38.892  -55.577  70.360 0.3333329856
35891  39.864  -55.856  70.826 0.5555559993
37876  36.720  -53.953  75.536 0.6666669846
147284  38.922  -54.087  72.953 0.6666669846
36945  41.293  -55.457  71.459 0.5555559993
135334  36.321  -53.989  75.530 0.7777780294
37894  38.188  -53.970  75.143 0.6666669846
128130  38.841  -53.973  74.543 0.6666669846
38922  37.459  -53.393  75.557 0.6666669846
38931  39.238  -53.068  75.314 0.6666669846
39996  40.564  -52.110  75.401 0.7777780294
39983  39.855  -51.653  75.986 0.7777780294
42207  38.062  -51.035  75.127 0.6666669846
43262  41.277  -49.191  75.771 0.8888890147
41097  40.935  -50.621  75.853 0.8888890147
42196  42.278  -50.286  74.999 0.8888890147
147590  42.053  -48.091  75.231 0.8888890147
43269  42.566  -49.105  74.866 0.8888890147
146299  43.891  -48.437  73.040 0.8888890147
44287  43.537  -48.427  73.845 0.8888890147
42204  43.132  -49.872  73.988 0.8888890147
45241  41.918  -47.282  75.200 0.8888890147
45240  42.290  -47.558  75.123 0.8888890147
147197  41.330  -46.628  74.108 0.7777780294
140678  42.838  -46.135  74.765 0.8888890147
44311  45.418  -48.117  70.771 0.6666669846
43331  45.440  -48.428  69.762 0.6666669846
46220  40.866  -46.664  72.660 0.6666669846
47143  42.967  -45.476  74.436 0.8888890147
138716  41.807  -45.746  73.502 0.7777780294
48029  43.155  -44.744  74.123 0.8888890147
47142  43.367  -45.620  74.517 0.8888890147
48040  42.950  -44.280  73.799 0.7777780294
47176  45.743  -45.964  70.971 0.8888890147
46217  45.624  -46.606  71.089 0.7777780294
45290  45.886  -47.179  70.241 0.7777780294
43330  45.687  -48.091  69.461 0.6666669846
48028  43.957  -44.105  74.149 0.8888890147
48926  43.336  -43.912  73.935 0.7777780294
48051  45.974  -44.765  71.682 0.8888890147
146059  45.894  -45.225  71.163 0.8888890147
48063  46.221  -44.631  70.917 0.7777780294
47183  46.365  -45.621  69.730 0.7777780294
127359  46.426  -46.422  69.432 0.6666669846
48937  45.348  -43.830  73.448 0.8888890147
48925  43.738  -43.454  73.996 0.7777780294
49842  43.593  -42.616  73.730 0.7777780294
49858  43.117  -42.539  73.406 0.6666669846
48958  46.372  -43.907  70.925 0.7777780294
47196  46.612  -45.674  68.765 0.7777780294
142062  46.708  -45.172  68.368 0.7777780294
48082  46.686  -44.570  68.015 0.7777780294
49877  42.743  -42.353  71.697 0.3333329856
49857  45.171  -42.888  73.645 0.8888890147
135396  45.729  -43.095  73.161 0.8888890147
49840  44.714  -42.698  73.975 0.7777780294
50854  42.803  -41.690  72.532 0.4444440007
50837  44.561  -41.487  73.544 0.7777780294
50817  44.384  -42.108  73.867 0.7777780294
48972  46.341  -43.357  70.457 0.8888890147
49904  46.450  -42.522  68.763 0.7777780294
46284  47.837  -45.813  66.326 0.3333329856
139939  48.852  -44.453  67.535 0.5555559993
46276  48.454  -45.404  66.474 0.3333329856
46308  47.934  -45.816  65.727 0.3333329856
47247  48.374  -45.573  65.708 0.2222220004
47270  47.289  -44.996  64.371 0.2222220004
46309  47.710  -45.837  65.497 0.2222220004
48095  49.176  -44.812  67.190 0.4444440007
47225  49.665  -44.871  66.615 0.3333329856
47246  49.034  -45.230  65.804 0.3333329856
47255  48.864  -45.085  65.178 0.2222220004
48136  49.531  -44.341  64.800 0.2222220004
48125  49.666  -44.626  65.507 0.2222220004
48148  47.722  -44.412  63.838 0.2222220004
49039  48.093  -43.765  63.359 0.2222220004
49038  48.839  -43.606  63.489 0.2222220004
49049  49.133  -43.130  63.075 0.2222220004
129845  47.711  -42.259  61.753 0.2222220004
49972  48.537  -42.167  61.855 0.2222220004
49983  47.320  -41.761  61.208 0.2222220004
50852  46.067  -41.597  72.311 0.8888890147
51793  45.076  -41.038  73.214 0.7777780294
51794  44.414  -40.751  73.260 0.7777780294
135311  46.371  -42.065  69.325 0.8888890147
49903  46.847  -42.552  68.223 0.7777780294
48124  50.403  -44.273  65.904 0.3333329856
48993  50.572  -44.015  67.205 0.4444440007
48123  50.951  -43.709  65.712 0.3333329856
51803  42.959  -40.145  72.730 0.5555559993
146161  46.079  -39.999  71.058 0.8888890147
50883  46.356  -41.367  70.012 0.8888890147
50913  47.427  -41.738  68.361 0.8888890147
49900  50.542  -42.738  68.014 0.5555559993
49915  50.969  -43.207  67.517 0.4444440007
49914  51.314  -43.354  66.972 0.4444440007
52790  44.431  -39.259  72.628 0.7777780294
51858  47.657  -40.787  68.557 0.8888890147
50911  49.764  -42.171  68.422 0.6666669846
51856  51.108  -40.706  68.078 0.7777780294
139863  51.438  -42.842  67.260 0.5555559993
51871  51.786  -40.612  67.012 0.6666669846
50937  52.185  -41.449  66.197 0.4444440007
51883  52.435  -40.273  65.966 0.4444440007
49929  51.660  -42.738  65.596 0.3333329856
49012  51.467  -43.266  65.917 0.3333329856
52833  47.842  -39.975  68.634 0.7777780294
123355  48.857  -39.956  69.158 0.7777780294
53792  50.277  -38.456  69.637 0.7777780294
51855  51.381  -40.245  67.646 0.7777780294
53819  51.325  -38.734  67.825 0.6666669846
52831  51.663  -39.243  67.248 0.5555559993
53838  52.429  -39.170  66.011 0.4444440007
54811  51.571  -38.062  67.125 0.5555559993
135235  46.611  -38.056  69.354 0.7777780294
53806  50.668  -38.320  69.069 0.7777780294
54785  50.716  -37.611  69.024 0.6666669846
55770  50.907  -37.540  68.352 0.6666669846
53828  52.052  -39.167  66.690 0.5555559993
55780  50.715  -36.918  68.262 0.7777780294
56705  50.566  -36.320  68.251 0.7777780294
144619  50.604  -36.418  67.868 0.7777780294
55803  51.033  -37.220  66.831 0.6666669846
55759  49.960  -37.159  70.191 0.6666669846
55758  50.445  -37.028  69.571 0.7777780294
56684  50.307  -36.363  69.436 0.7777780294
56695  50.495  -36.260  68.850 0.7777780294
57592  49.296  -34.425  69.551 0.8888890147
57607  49.651  -34.765  69.159 0.8888890147
57564  49.315  -34.994  70.071 0.8888890147
57580  48.788  -34.403  70.484 0.8888890147
32684  23.642  -59.888  76.856 0.4444440007
31663  23.965  -60.330  76.679 0.4444440007
30618  23.586  -60.757  76.416 0.4444440007
29669  23.282  -61.190  75.076 0.4444440007
34792  23.862  -57.997  76.217 0.2222220004
21438  4.348  -70.083  73.336 0.1111110002
21448  4.266  -69.522  72.996 0.1111110002
20358  5.367  -71.017  73.563 0.1111110002
143611  6.196  -71.065  74.747 0.1111110002
21431  4.603  -70.380  74.503 0.1111110002
22472  4.124  -69.140  72.694 0.1111110002
122424  8.482  -69.740  73.083 0.1111110002
38948  33.754  -53.952  74.438 0.5555559993
38949  33.234  -54.517  74.771 0.5555559993
22418  10.235  -69.162  79.173 0.1111110002
20339  7.752  -70.562  74.828 0.1111110002
20342  5.678  -70.909  75.204 0.1111110002
20343  4.988  -70.797  74.924 0.1111110002
21437  8.510  -69.980  73.815 0.1111110002
20355  7.983  -70.428  74.099 0.1111110002
20349  6.374  -71.052  73.943 0.1111110002
146827  4.293  -69.530  74.403 0.1111110002
21436  9.110  -69.552  73.562 0.1111110002
20364  7.741  -70.349  73.371 0.1111110002
22470  10.496  -68.134  72.565 0.1111110002
21443  9.670  -68.706  72.596 0.1111110002
21444  9.092  -69.275  72.813 0.1111110002
37917  32.514  -54.878  74.541 0.5555559993
37932  32.324  -54.864  73.662 0.4444440007
23431  9.041  -68.133  80.575 0.2222220004
129892  9.085  -68.749  80.136 0.1111110002
21384  9.441  -69.282  78.621 0.1111110002
20340  7.158  -70.686  75.396 0.1111110002
20341  6.452  -70.890  75.328 0.1111110002
21423  5.251  -70.502  75.624 0.1111110002
21425  4.460  -69.947  75.222 0.1111110002
21430  8.532  -70.097  74.573 0.1111110002
22455  4.271  -69.253  74.898 0.1111110002
24482  9.314  -67.130  80.794 0.3333329856
21428  9.528  -69.341  74.043 0.1111110002
21429  9.157  -69.709  74.266 0.1111110002
24515  4.781  -67.944  74.002 0.1111110002
24524  4.258  -68.849  73.805 0.1111110002
22464  10.617  -68.291  73.551 0.1111110002
21435  9.529  -69.091  73.378 0.1111110002
144573  9.875  -69.000  74.442 0.1111110002
132403  11.400  -67.464  72.311 0.1111110002
23477  11.295  -67.680  73.179 0.1111110002
124388  32.791  -54.504  73.194 0.5555559993
37918  31.705  -55.236  74.287 0.3333329856
37933  31.476  -55.334  73.194 0.3333329856
37919  30.982  -55.607  73.959 0.3333329856
36932  30.081  -55.720  72.302 0.2222220004
36915  29.583  -55.759  72.899 0.2222220004
36933  29.091  -55.730  72.216 0.2222220004
23432  7.706  -68.331  80.076 0.2222220004
21385  8.757  -69.206  78.888 0.1111110002
21402  10.017  -69.325  77.756 0.1111110002
21404  8.467  -69.878  77.032 0.1111110002
21412  7.290  -70.305  76.089 0.1111110002
21415  4.832  -70.002  76.107 0.1111110002
21416  4.480  -69.614  75.706 0.1111110002
122668  4.291  -68.945  75.499 0.1111110002
23422  8.972  -67.574  80.748 0.3333329856
139947  8.878  -69.843  76.385 0.1111110002
129338  8.520  -70.081  75.490 0.1111110002
21421  9.210  -69.757  75.032 0.1111110002
142478  4.403  -68.341  75.179 0.1111110002
145273  4.327  -68.642  75.043 0.1111110002
24483  8.554  -67.111  80.720 0.3333329856
125299  8.788  -66.599  80.632 0.3333329856
21410  9.316  -69.661  75.847 0.1111110002
124237  9.562  -69.412  74.725 0.1111110002
25472  8.203  -65.904  80.661 0.3333329856
22447  11.319  -68.772  76.484 0.1111110002
127964  9.803  -69.346  76.283 0.1111110002
22460  10.058  -68.924  75.122 0.1111110002
23466  11.612  -67.956  74.990 0.1111110002
22459  10.625  -68.495  74.488 0.1111110002
23465  12.313  -67.483  74.465 0.1111110002
23470  11.364  -67.789  74.074 0.1111110002
23476  11.998  -67.212  72.909 0.1111110002
38964  33.033  -54.182  73.930 0.4444440007
24528  12.810  -67.031  73.199 0.1111110002
34808  15.757  -57.913  75.375 0.2222220004
37949  31.675  -55.210  72.059 0.2222220004
34824  15.928  -57.788  74.744 0.2222220004
37950  30.890  -55.598  72.450 0.2222220004
37969  30.715  -55.575  71.551 0.2222220004
36949  29.733  -55.685  71.535 0.2222220004
36950  29.013  -55.670  71.422 0.1111110002
37951  28.298  -55.644  71.674 0.1111110002
21394  7.404  -69.612  77.671 0.1111110002
21395  6.710  -69.490  77.652 0.1111110002
22440  5.420  -69.160  77.514 0.1111110002
142090  5.028  -68.803  77.693 0.1111110002
124757  8.054  -66.499  80.693 0.3333329856
24484  7.786  -67.037  80.641 0.3333329856
24490  7.363  -67.532  80.383 0.3333329856
125173  8.168  -69.671  77.633 0.1111110002
124249  7.520  -70.049  76.985 0.1111110002
21405  6.810  -69.850  77.262 0.1111110002
21406  5.161  -69.616  76.822 0.1111110002
22449  4.652  -69.353  76.381 0.1111110002
139072  4.440  -68.117  75.895 0.1111110002
146176  7.359  -65.059  80.742 0.3333329856
132153  14.989  -58.409  76.203 0.2222220004
34810  13.783  -58.318  75.197 0.2222220004
38947  34.454  -53.620  74.143 0.6666669846
127180  15.035  -57.981  75.536 0.3333329856
34826  13.868  -57.991  74.403 0.2222220004
124207  15.247  -57.807  74.795 0.2222220004
40000  35.830  -53.197  75.010 0.6666669846
34823  16.471  -57.708  74.360 0.2222220004
35869  16.471  -57.406  73.582 0.2222220004
127262  16.466  -57.067  72.904 0.1111110002
37972  27.594  -55.393  71.111 0.1111110002
22411  7.735  -68.793  79.608 0.2222220004
23438  6.367  -68.322  79.189 0.2222220004
23439  5.592  -68.133  78.751 0.1111110002
23443  4.832  -67.944  77.582 0.1111110002
25492  5.022  -67.354  77.301 0.1111110002
22421  7.425  -69.042  79.035 0.1111110002
22422  6.652  -68.860  78.841 0.1111110002
22433  5.476  -68.722  78.171 0.1111110002
23448  4.780  -68.486  77.281 0.1111110002
22442  4.518  -68.762  76.606 0.1111110002
24504  4.448  -68.135  76.339 0.1111110002
25473  7.525  -65.812  80.785 0.3333329856
27538  7.158  -64.690  80.683 0.3333329856
28568  7.116  -64.118  80.468 0.3333329856
28575  7.483  -63.679  79.412 0.3333329856
29647  8.324  -63.247  76.747 0.1111110002
29646  8.892  -62.821  76.269 0.1111110002
127577  33.277  -53.954  73.067 0.4444440007
30664  9.903  -61.830  75.329 0.1111110002
38963  33.855  -53.785  73.615 0.5555559993
143634  32.448  -54.797  72.079 0.4444440007
31706  10.389  -61.299  74.834 0.1111110002
34797  14.350  -58.274  75.740 0.2222220004
31705  10.924  -60.783  74.338 0.1111110002
34809  14.463  -57.937  74.987 0.2222220004
40018  35.653  -52.886  74.328 0.6666669846
34825  14.691  -57.706  74.077 0.2222220004
33779  12.275  -59.203  73.800 0.1111110002
35860  15.134  -57.389  73.412 0.2222220004
35859  15.662  -57.545  74.027 0.2222220004
35870  15.770  -57.170  73.165 0.2222220004
37992  25.833  -54.785  70.746 0.1111110002
35882  16.842  -56.910  72.290 0.1111110002
39006  24.954  -54.350  70.509 0.1111110002
130651  23.986  -54.072  70.338 0.1111110002
35880  18.215  -57.277  72.366 0.1111110002
39008  23.351  -54.042  70.191 0.1111110002
38994  23.020  -54.348  70.742 0.1111110002
39025  23.149  -53.763  69.420 0.1111110002
35879  19.756  -57.424  71.775 0.1111110002
122120  18.887  -57.233  71.788 0.1111110002
24493  5.352  -66.817  79.215 0.2222220004
24496  5.097  -67.056  78.659 0.1111110002
25490  5.131  -66.761  78.149 0.1111110002
24492  5.800  -66.900  79.839 0.2222220004
26524  5.958  -65.583  78.860 0.2222220004
26525  5.409  -66.140  78.391 0.1111110002
26534  5.280  -66.495  77.666 0.1111110002
27547  6.312  -65.195  78.542 0.1111110002
27554  6.823  -64.909  77.383 0.1111110002
28580  7.212  -64.210  77.775 0.1111110002
125643  7.889  -63.879  76.357 0.1111110002
30680  9.553  -62.456  74.927 0.1111110002
28586  8.501  -63.444  75.881 0.1111110002
37970  30.091  -55.550  70.827 0.2222220004
140246  29.369  -55.608  70.950 0.1111110002
37971  28.582  -55.506  70.780 0.1111110002
37991  26.889  -54.976  70.566 0.1111110002
38991  25.030  -54.664  71.155 0.1111110002
32722  11.858  -59.734  74.278 0.1111110002
38992  24.301  -54.389  71.003 0.1111110002
33772  12.781  -58.810  74.150 0.1111110002
38993  23.644  -54.310  70.928 0.1111110002
37977  23.401  -54.727  71.342 0.1111110002
125135  22.742  -54.936  71.160 0.1111110002
38995  22.268  -54.639  70.466 0.1111110002
37978  22.115  -55.187  71.022 0.1111110002
146037  14.026  -57.847  73.671 0.1111110002
34839  13.372  -58.237  73.704 0.1111110002
36951  21.698  -55.838  71.193 0.1111110002
34838  14.508  -57.565  73.177 0.1111110002
37979  21.563  -55.319  70.570 0.1111110002
126672  13.856  -57.868  72.964 0.1111110002
144524  24.463  -54.173  70.424 0.1111110002
37994  20.856  -55.495  70.056 0.1111110002
35881  17.573  -56.964  72.196 0.1111110002
39009  22.734  -54.095  70.011 0.1111110002
38007  21.557  -54.476  69.336 0.1111110002
36953  19.879  -56.626  70.598 0.1111110002
35896  18.719  -56.945  71.242 0.1111110002
27563  6.839  -65.021  76.514 0.1111110002
27555  6.264  -65.305  77.774 0.1111110002
26538  5.845  -65.855  77.502 0.1111110002
26539  5.463  -66.309  77.260 0.1111110002
28583  7.311  -64.348  76.892 0.1111110002
125994  5.853  -66.033  76.800 0.1111110002
29663  8.962  -62.909  75.381 0.1111110002
30679  9.934  -61.868  74.423 0.1111110002
40019  34.960  -52.999  73.951 0.4444440007
38962  34.525  -53.358  73.380 0.6666669846
37987  30.830  -55.366  70.742 0.2222220004
32731  11.400  -60.242  73.885 0.1111110002
40035  35.585  -52.749  73.495 0.4444440007
33773  12.263  -59.196  74.645 0.1111110002
36952  20.837  -56.176  70.722 0.1111110002
36963  20.249  -56.065  70.167 0.1111110002
37993  21.543  -54.825  69.919 0.1111110002
39010  22.080  -54.256  69.722 0.1111110002
38008  20.871  -54.996  69.283 0.1111110002
37995  20.161  -55.713  69.584 0.1111110002
35895  19.434  -56.998  71.201 0.1111110002
27564  6.260  -65.394  77.039 0.1111110002
28587  7.443  -64.556  75.975 0.1111110002
30665  9.443  -62.363  75.804 0.1111110002
37968  31.535  -55.188  71.074 0.2222220004
37967  32.317  -54.842  71.372 0.3333329856
33778  12.830  -58.799  73.290 0.1111110002
32730  11.877  -59.776  73.424 0.1111110002
41150  36.788  -51.895  72.253 0.4444440007
41138  36.100  -52.436  72.782 0.3333329856
130600  34.039  -53.611  72.800 0.4444440007
38976  33.499  -53.935  72.227 0.4444440007
37986  31.336  -55.019  70.245 0.2222220004
126081  30.400  -55.163  70.052 0.2222220004
34849  13.295  -58.250  72.756 0.1111110002
38990  32.934  -54.336  70.863 0.4444440007
37985  32.189  -54.822  70.491 0.3333329856
38003  29.685  -55.029  69.533 0.1111110002
38989  33.709  -53.905  71.288 0.4444440007
39004  32.811  -54.318  69.950 0.2222220004
38001  31.938  -54.720  69.553 0.2222220004
38002  31.075  -54.898  69.473 0.2222220004
146794  29.169  -55.099  69.736 0.1111110002
35872  14.322  -57.449  72.359 0.1111110002
39003  33.663  -53.880  70.326 0.3333329856
39018  31.801  -54.433  68.737 0.2222220004
39019  30.913  -54.670  68.686 0.1111110002
38017  29.825  -54.721  68.655 0.1111110002
38018  28.995  -54.551  68.420 0.1111110002
35871  15.059  -57.152  72.604 0.1111110002
39016  33.427  -53.868  69.399 0.2222220004
39017  32.607  -54.160  69.071 0.2222220004
140024  30.384  -54.918  69.265 0.1111110002
39040  28.585  -54.142  67.922 0.1111110002
36938  21.188  -56.644  71.493 0.1111110002
39038  30.406  -54.156  67.996 0.1111110002
39039  29.461  -54.140  67.922 0.1111110002
35883  15.949  -56.967  72.287 0.1111110002
40126  32.950  -53.229  67.588 0.1111110002
39036  32.336  -53.897  68.202 0.1111110002
39056  30.917  -53.743  67.263 0.1111110002
39057  30.001  -53.785  67.229 0.1111110002
39058  29.043  -53.757  67.077 0.1111110002
40145  32.294  -52.816  66.774 0.1111110002
39037  31.367  -54.053  68.061 0.1111110002
40127  31.318  -52.988  66.788 0.1111110002
40146  31.632  -52.334  66.065 0.1111110002
123568  7.990  -63.997  75.445 0.1111110002
28594  8.678  -63.614  75.027 0.1111110002
27570  7.657  -64.761  75.073 0.1111110002
32742  11.863  -59.959  72.492 0.1111110002
128779  11.424  -60.214  73.136 0.1111110002
33784  12.330  -59.275  72.938 0.1111110002
33783  12.872  -58.824  72.412 0.1111110002
40036  35.012  -52.925  73.260 0.5555559993
37988  29.419  -55.351  70.256 0.2222220004
37990  27.803  -55.133  70.253 0.1111110002
125664  13.287  -58.252  71.911 0.1111110002
42247  37.358  -51.304  71.739 0.4444440007
40048  35.531  -52.744  72.144 0.4444440007
37989  28.650  -55.146  69.943 0.1111110002
34848  13.763  -57.837  72.163 0.1111110002
42246  37.752  -50.445  71.258 0.3333329856
40049  34.766  -53.052  72.573 0.5555559993
38004  28.930  -54.906  69.167 0.1111110002
40064  34.887  -52.978  71.667 0.3333329856
38975  34.239  -53.514  71.949 0.4444440007
38006  27.106  -54.822  69.701 0.1111110002
142495  15.331  -57.004  71.852 0.1111110002
38988  34.431  -53.443  71.145 0.4444440007
39020  28.240  -54.607  68.610 0.1111110002
131155  35.016  -52.936  70.861 0.4444440007
40079  34.489  -53.390  70.325 0.3333329856
124610  34.037  -53.395  68.917 0.2222220004
35894  20.312  -56.942  71.225 0.1111110002
35912  18.987  -56.743  70.648 0.1111110002
35898  16.463  -56.803  71.691 0.1111110002
40108  33.832  -53.045  68.120 0.1111110002
124409  18.133  -56.952  71.681 0.1111110002
40125  33.688  -52.757  67.439 0.1111110002
41227  33.207  -52.528  66.914 0.1111110002
41239  32.714  -52.016  66.195 0.1111110002
41249  32.073  -51.672  65.513 0.1111110002
41250  31.261  -51.753  65.397 0.1111110002
41164  36.776  -51.884  71.287 0.3333329856
41151  36.219  -52.393  71.772 0.4444440007
138972  26.346  -54.691  70.019 0.1111110002
40063  35.630  -52.728  71.321 0.3333329856
35900  14.615  -57.237  70.915 0.1111110002
35884  14.732  -57.172  71.769 0.1111110002
44314  38.310  -49.082  71.046 0.2222220004
43320  37.865  -49.639  70.642 0.1111110002
126920  15.289  -56.999  71.140 0.1111110002
44323  38.046  -48.857  70.296 0.2222220004
137395  35.678  -52.722  70.610 0.3333329856
39005  25.601  -54.331  69.925 0.1111110002
36954  18.126  -56.752  70.913 0.1111110002
35897  17.261  -56.763  71.456 0.1111110002
35899  15.868  -56.835  71.412 0.1111110002
39022  26.345  -54.363  69.220 0.1111110002
40092  34.690  -53.109  69.438 0.2222220004
40107  34.741  -52.782  68.494 0.1111110002
40124  34.342  -52.530  67.682 0.1111110002
41226  33.951  -52.205  67.087 0.1111110002
41238  33.541  -51.946  66.559 0.1111110002
42319  32.779  -51.410  65.605 0.1111110002
35885  14.173  -57.434  71.614 0.1111110002
36955  16.486  -56.550  70.951 0.1111110002
36956  15.876  -56.611  70.591 0.1111110002
44333  38.374  -48.221  69.914 0.2222220004
36966  17.319  -56.405  70.425 0.1111110002
45292  38.988  -47.836  70.304 0.3333329856
41165  36.217  -52.399  70.883 0.2222220004
41181  36.073  -52.446  69.962 0.3333329856
40078  35.256  -52.889  70.060 0.2222220004
40091  35.478  -52.661  69.207 0.1111110002
41211  34.958  -52.184  67.895 0.1111110002
41225  34.670  -51.894  67.279 0.1111110002
41224  35.460  -51.562  67.617 0.1111110002
41237  34.217  -51.597  66.635 0.1111110002
128218  12.416  -59.359  72.026 0.1111110002
45299  38.807  -47.666  69.498 0.3333329856
41180  36.683  -51.897  70.386 0.2222220004
41196  36.142  -52.072  69.068 0.1111110002
41195  36.551  -51.870  69.649 0.2222220004
41210  35.540  -52.171  68.399 0.1111110002
42257  37.214  -51.235  70.748 0.3333329856
46262  39.993  -46.819  69.467 0.2222220004
46263  39.215  -47.015  69.111 0.2222220004
42284  36.131  -51.422  68.294 0.1111110002
47212  40.967  -45.444  68.193 0.1111110002
47198  40.536  -46.340  69.071 0.1111110002
43333  37.639  -49.398  69.813 0.1111110002
139481  37.390  -50.356  70.094 0.1111110002
48989  42.459  -43.748  68.222 0.1111110002
48085  41.494  -44.920  68.166 0.1111110002
44334  37.869  -48.658  69.513 0.1111110002
45300  38.087  -47.959  69.176 0.1111110002
42269  36.929  -51.249  69.854 0.2222220004
132245  41.181  -45.952  69.434 0.1111110002
48084  42.101  -44.609  68.538 0.1111110002
47213  40.345  -45.978  68.359 0.1111110002
46270  39.808  -46.575  68.651 0.1111110002
49916  42.513  -42.920  67.583 0.1111110002
49917  41.964  -42.836  66.892 0.1111110002
46278  39.544  -46.114  67.792 0.1111110002
50927  42.458  -42.181  67.049 0.1111110002
47228  40.306  -45.539  67.618 0.1111110002
48098  40.032  -44.926  67.014 0.1111110002
50938  42.647  -40.745  66.706 0.1111110002
132407  41.948  -42.166  66.380 0.1111110002
50939  42.421  -41.490  66.532 0.1111110002
48097  40.932  -44.809  67.475 0.1111110002
52865  42.702  -39.897  66.959 0.1111110002
48096  41.748  -44.296  67.791 0.1111110002
49924  41.209  -42.825  66.232 0.1111110002
52866  42.382  -39.195  66.319 0.1111110002
52849  42.361  -38.897  67.364 0.1111110002
53829  41.907  -38.024  67.317 0.1111110002
51884  42.532  -40.133  66.082 0.1111110002
50946  41.909  -41.469  65.874 0.1111110002
135567  41.962  -38.139  68.044 0.2222220004
54787  41.445  -36.668  68.985 0.3333329856
57554  45.364  -34.786  71.533 0.5555559993
57567  43.848  -34.877  70.798 0.5555559993
56673  42.058  -36.071  70.025 0.4444440007
55772  41.687  -36.608  69.611 0.4444440007
130909  44.546  -34.966  71.219 0.5555559993
56660  42.806  -35.679  70.632 0.4444440007
55760  41.980  -36.503  70.264 0.4444440007
122193  42.359  -40.876  66.089 0.1111110002
54799  41.667  -37.350  68.552 0.3333329856
56686  42.208  -35.316  69.931 0.4444440007
55773  41.355  -35.854  68.970 0.4444440007
57553  46.114  -34.840  71.651 0.5555559993
57568  43.236  -35.324  70.703 0.4444440007
58522  46.767  -34.417  71.519 0.6666669846
57565  48.057  -34.284  71.243 0.7777780294
58537  47.301  -33.722  71.300 0.6666669846
56706  50.283  -35.861  68.104 0.7777780294
55792  49.929  -35.994  67.559 0.7777780294
56716  49.052  -35.919  67.133 0.6666669846
55805  48.453  -36.285  66.417 0.6666669846
53839  41.969  -38.296  66.588 0.1111110002
54800  41.278  -36.409  68.226 0.3333329856
52877  42.134  -39.497  65.439 0.1111110002
56687  41.824  -35.533  69.368 0.4444440007
57594  42.285  -35.253  69.889 0.4444440007
57581  43.662  -34.595  70.305 0.5555559993
58540  44.881  -34.149  71.209 0.5555559993
58541  44.167  -34.216  70.935 0.5555559993
56640  48.401  -34.738  71.060 0.7777780294
60571  53.089  -31.535  64.990 0.6666669846
59617  52.564  -32.079  65.186 0.6666669846
58613  52.242  -32.712  65.113 0.6666669846
137941  51.063  -33.407  65.000 0.6666669846
58615  50.629  -33.255  65.774 0.6666669846
57644  50.355  -33.814  64.885 0.5555559993
61508  52.875  -31.220  65.023 0.5555559993
137204  47.640  -35.736  65.519 0.5555559993
55806  47.889  -35.990  66.053 0.5555559993
61519  52.845  -30.947  64.868 0.6666669846
61532  53.548  -30.652  64.318 0.5555559993
129379  47.990  -35.260  66.012 0.5555559993
62425  53.506  -30.045  63.744 0.6666669846
61547  52.335  -30.397  62.880 0.3333329856
63297  56.597  -28.604  62.620 0.4444440007
128320  55.656  -28.829  63.238 0.5555559993
62436  54.256  -29.113  62.910 0.3333329856
142098  53.504  -29.659  62.948 0.6666669846
62437  52.054  -30.051  62.118 0.3333329856
61559  51.361  -30.447  61.857 0.3333329856
62443  53.478  -29.213  62.035 0.5555559993
62445  51.811  -29.870  61.299 0.3333329856
62446  50.982  -30.111  61.097 0.3333329856
54813  41.235  -36.662  67.298 0.1111110002
54812  41.581  -37.336  67.727 0.1111110002
54824  41.534  -37.446  66.889 0.1111110002
53851  41.920  -38.565  65.677 0.1111110002
57582  43.136  -34.954  69.976 0.5555559993
58539  45.688  -34.000  71.295 0.5555559993
58536  47.939  -33.755  71.136 0.6666669846
58552  48.641  -33.657  70.293 0.7777780294
56697  49.699  -35.087  68.563 0.7777780294
124494  52.469  -31.342  65.118 0.6666669846
59618  51.867  -32.314  65.729 0.6666669846
58614  51.564  -32.916  65.506 0.6666669846
133269  49.133  -34.091  66.472 0.6666669846
57631  48.483  -34.807  66.652 0.5555559993
56707  49.423  -35.364  67.840 0.7777780294
58600  49.618  -33.472  67.105 0.7777780294
56717  48.365  -35.542  66.624 0.5555559993
61533  52.759  -30.607  63.812 0.5555559993
63308  55.476  -28.055  62.262 0.3333329856
63299  54.831  -28.554  62.566 0.2222220004
63300  54.174  -28.705  62.138 0.4444440007
61548  51.697  -30.608  62.546 0.3333329856
61560  50.572  -30.708  61.691 0.2222220004
61561  49.738  -30.870  61.488 0.2222220004
63305  58.144  -27.843  61.139 0.3333329856
64198  55.099  -27.714  61.304 0.2222220004
126339  54.623  -28.284  61.747 0.3333329856
63310  53.064  -28.962  61.104 0.4444440007
62444  52.629  -29.603  61.558 0.3333329856
62454  51.525  -29.689  60.489 0.3333329856
61575  49.483  -30.667  60.673 0.1111110002
61576  48.712  -30.845  60.407 0.1111110002
60677  47.272  -31.513  59.948 0.1111110002
122948  49.970  -29.857  59.650 0.1111110002
62456  49.247  -30.275  59.865 0.1111110002
62466  49.455  -29.882  59.241 0.1111110002
53852  41.327  -37.994  65.143 0.1111110002
59516  46.237  -33.280  71.023 0.5555559993
59514  47.787  -33.132  70.959 0.6666669846
57579  49.035  -34.045  70.000 0.7777780294
61509  51.967  -31.673  65.525 0.6666669846
60552  51.369  -31.894  66.218 0.7777780294
59600  51.362  -32.103  66.321 0.7777780294
58598  51.220  -32.548  66.228 0.7777780294
142634  49.861  -33.475  66.351 0.7777780294
61520  52.142  -31.229  65.066 0.5555559993
61499  51.506  -31.742  65.870 0.5555559993
59601  50.950  -32.287  67.038 0.7777780294
58599  50.533  -32.892  66.756 0.7777780294
57630  49.048  -34.320  67.310 0.7777780294
56708  48.778  -35.086  67.340 0.7777780294
61521  51.427  -31.250  64.478 0.4444440007
61535  50.927  -31.080  63.612 0.3333329856
142469  52.199  -30.930  64.421 0.5555559993
61534  51.736  -30.842  63.476 0.5555559993
60605  50.261  -31.321  63.216 0.3333329856
64196  56.848  -27.475  61.790 0.3333329856
64197  55.994  -27.512  61.663 0.2222220004
61549  50.921  -30.880  62.672 0.3333329856
61550  50.001  -31.024  62.366 0.1111110002
61551  49.233  -31.297  62.079 0.1111110002
60638  48.509  -31.599  61.801 0.1111110002
60626  47.981  -32.002  62.390 0.1111110002
64195  57.538  -27.614  61.543 0.3333329856
64207  57.320  -26.990  61.238 0.3333329856
125525  53.594  -28.455  60.584 0.4444440007
63319  52.798  -28.797  60.277 0.2222220004
62453  52.319  -29.377  60.749 0.2222220004
62464  51.250  -29.439  59.827 0.1111110002
61562  48.945  -31.027  61.272 0.1111110002
61563  48.221  -31.319  61.012 0.1111110002
60639  47.785  -31.867  61.552 0.1111110002
59689  46.440  -32.703  61.019 0.1111110002
64209  54.762  -27.553  60.430 0.4444440007
64210  53.992  -27.839  60.147 0.4444440007
63328  52.551  -28.589  59.535 0.1111110002
144435  52.004  -28.751  59.359 0.1111110002
63329  51.407  -28.917  59.200 0.1111110002
63326  58.866  -28.487  59.726 0.3333329856
126211  52.112  -28.373  58.852 0.1111110002
63337  51.417  -28.529  58.487 0.1111110002
63330  49.938  -29.481  58.930 0.1111110002
64227  52.662  -27.814  58.301 0.1111110002
58553  44.042  -34.039  70.389 0.5555559993
53840  41.440  -37.681  66.025 0.1111110002
59536  45.214  -33.504  70.088 0.4444440007
136153  51.031  -31.628  66.924 0.7777780294
60535  50.412  -31.787  67.431 0.7777780294
60553  50.976  -31.664  66.153 0.7777780294
59584  51.061  -31.922  67.042 0.7777780294
58585  50.146  -32.750  67.562 0.7777780294
61510  51.549  -31.588  65.402 0.5555559993
58586  49.455  -33.639  67.946 0.7777780294
57620  49.283  -34.612  68.010 0.7777780294
60590  50.517  -31.484  64.105 0.3333329856
137195  49.963  -31.687  64.585 0.3333329856
60591  49.734  -31.683  63.722 0.2222220004
58636  45.793  -33.972  63.432 0.2222220004
60624  49.512  -31.585  62.883 0.2222220004
60606  48.953  -31.891  63.449 0.1111110002
60607  48.235  -32.223  63.211 0.1111110002
59651  47.582  -32.614  62.908 0.1111110002
58635  46.456  -33.528  63.052 0.2222220004
59668  47.365  -32.421  62.083 0.1111110002
122305  56.515  -27.135  61.207 0.2222220004
122113  46.911  -32.925  62.604 0.1111110002
64205  58.514  -27.312  60.569 0.3333329856
64208  55.675  -27.212  60.689 0.3333329856
131220  53.734  -27.735  59.363 0.2222220004
63315  58.918  -27.674  59.946 0.3333329856
64217  54.515  -27.375  59.586 0.3333329856
64218  52.916  -27.968  59.109 0.2222220004
64225  54.115  -27.332  58.897 0.2222220004
64226  53.496  -27.574  58.569 0.2222220004
55781  41.221  -35.529  68.275 0.4444440007
56699  41.516  -35.223  68.537 0.3333329856
131672  44.517  -33.884  69.903 0.5555559993
59515  47.073  -33.111  71.142 0.6666669846
54825  41.017  -36.776  66.357 0.1111110002
58551  48.822  -33.353  69.830 0.7777780294
60554  50.461  -31.536  67.057 0.7777780294
60514  49.956  -31.836  68.323 0.7777780294
59570  49.711  -32.431  68.668 0.7777780294
140564  49.263  -32.785  69.170 0.7777780294
58573  49.300  -33.515  69.091 0.7777780294
58562  49.033  -33.473  69.503 0.7777780294
126458  50.135  -31.622  66.330 0.5555559993
59585  50.319  -32.173  67.747 0.7777780294
122245  49.739  -32.933  68.401 0.7777780294
147516  49.433  -31.804  64.979 0.4444440007
60574  50.126  -31.690  65.494 0.5555559993
58574  49.383  -34.091  68.706 0.7777780294
60592  49.181  -31.876  64.251 0.3333329856
60575  49.226  -31.734  65.767 0.4444440007
59635  48.471  -32.291  64.056 0.2222220004
124698  47.735  -32.671  63.816 0.2222220004
59652  46.986  -32.977  63.479 0.2222220004
65207  57.717  -26.561  60.557 0.3333329856
65208  56.642  -26.670  60.444 0.3333329856
65219  55.677  -26.783  59.850 0.3333329856
65231  54.709  -26.930  58.911 0.3333329856
65206  58.437  -26.697  60.382 0.3333329856
65220  55.068  -26.925  59.479 0.2222220004
65232  54.136  -26.998  58.155 0.1111110002
63336  59.119  -28.717  58.946 0.3333329856
63348  58.450  -29.059  57.519 0.3333329856
63362  58.573  -28.815  56.736 0.3333329856
64239  53.233  -27.318  57.778 0.1111110002
132873  59.142  -28.805  58.068 0.3333329856
123074  57.953  -28.799  56.073 0.3333329856
65245  53.765  -26.875  57.233 0.1111110002
63379  59.306  -28.238  55.690 0.3333329856
127155  58.727  -28.561  56.079 0.3333329856
63360  59.971  -27.904  56.080 0.3333329856
59534  46.809  -32.770  70.559 0.5555559993
131055  48.546  -31.488  69.090 0.7777780294
60501  49.191  -31.830  69.414 0.7777780294
60488  48.697  -32.082  69.941 0.7777780294
59513  48.256  -33.309  70.610 0.7777780294
60555  49.408  -31.559  66.857 0.6666669846
60536  49.815  -31.409  67.913 0.7777780294
60515  49.479  -31.610  68.775 0.7777780294
59550  49.020  -32.737  69.512 0.7777780294
60537  48.911  -31.460  67.602 0.7777780294
144277  48.665  -31.744  66.259 0.6666669846
58616  46.285  -33.461  64.889 0.4444440007
59621  46.070  -33.311  65.802 0.4444440007
60593  48.691  -31.982  64.882 0.4444440007
59636  47.935  -32.480  64.697 0.2222220004
58624  46.437  -33.560  63.961 0.3333329856
65218  57.332  -26.219  59.788 0.3333329856
127874  56.352  -26.458  59.391 0.3333329856
65230  55.471  -26.689  59.041 0.2222220004
64204  58.927  -26.846  60.042 0.3333329856
65216  58.741  -26.292  59.888 0.3333329856
65242  56.077  -26.423  58.343 0.1111110002
133753  55.080  -26.728  58.232 0.2222220004
64215  59.234  -27.188  59.523 0.3333329856
63335  59.583  -28.191  58.466 0.3333329856
140672  59.067  -28.717  57.319 0.3333329856
63361  59.370  -28.380  56.656 0.3333329856
65243  55.468  -26.539  57.483 0.2222220004
65244  54.632  -26.743  57.423 0.2222220004
57609  41.819  -35.173  68.664 0.4444440007
59533  47.643  -32.644  70.596 0.5555559993
57593  42.462  -35.070  69.385 0.3333329856
60517  47.920  -31.611  68.587 0.7777780294
60503  47.814  -31.789  69.445 0.7777780294
59532  48.184  -32.621  70.332 0.6666669846
143252  49.057  -31.462  69.120 0.7777780294
60556  48.085  -31.780  66.755 0.7777780294
122185  46.654  -32.533  67.251 0.6666669846
59603  45.897  -33.063  66.685 0.5555559993
59588  45.056  -33.462  67.949 0.5555559993
60557  47.393  -31.957  67.276 0.6666669846
59602  47.205  -32.288  66.716 0.6666669846
58601  45.361  -33.737  66.175 0.3333329856
59619  47.372  -32.407  66.037 0.4444440007
59620  46.767  -32.869  65.471 0.4444440007
58617  45.505  -33.875  65.258 0.4444440007
60576  48.135  -31.990  65.647 0.5555559993
124166  47.461  -32.593  65.286 0.3333329856
59637  47.025  -32.890  64.520 0.4444440007
65227  58.740  -25.861  59.420 0.3333329856
65228  57.967  -25.756  59.283 0.3333329856
65229  57.008  -26.012  58.894 0.2222220004
65226  59.230  -26.327  59.409 0.3333329856
64238  60.023  -27.656  57.950 0.3333329856
66243  56.294  -26.204  57.410 0.3333329856
57608  42.827  -34.787  68.706 0.5555559993
58576  43.589  -34.198  69.010 0.5555559993
59552  46.512  -32.632  69.776 0.5555559993
59535  45.894  -32.978  70.342 0.5555559993
60518  47.040  -31.973  68.737 0.5555559993
60504  46.978  -32.151  69.402 0.5555559993
60539  47.181  -31.936  67.954 0.6666669846
59587  45.775  -32.933  67.581 0.4444440007
66226  57.669  -25.702  58.379 0.3333329856
66227  56.829  -25.982  58.074 0.2222220004
68183  60.211  -23.909  54.179 0.2222220004
59553  45.586  -32.973  69.414 0.4444440007
59554  44.949  -33.565  69.456 0.5555559993
58563  44.334  -33.850  69.202 0.5555559993
59586  46.442  -32.493  68.144 0.5555559993
59572  45.663  -32.917  68.457 0.4444440007
68184  60.011  -23.948  54.377 0.2222220004
68197  60.310  -23.616  53.514 0.3333329856
22420  8.722  -69.036  79.571 0.1111110002
25474  6.970  -66.144  80.759 0.3333329856
22439  10.413  -69.210  77.419 0.1111110002
21409  9.886  -69.389  76.995 0.1111110002
26506  6.811  -65.095  80.461 0.3333329856
23433  6.814  -67.998  79.881 0.2222220004
27540  6.613  -64.761  80.085 0.3333329856
128878  8.831  -69.603  77.590 0.1111110002
145788  9.463  -69.557  76.533 0.1111110002
23434  6.004  -67.684  79.566 0.3333329856
24491  6.548  -67.257  80.200 0.3333329856
22453  10.959  -68.553  75.501 0.1111110002
29633  8.158  -63.026  77.606 0.1111110002
28567  7.840  -63.653  80.594 0.3333329856
25482  6.016  -66.131  80.147 0.2222220004
27546  6.785  -64.810  78.197 0.2222220004
31722  10.443  -61.358  73.907 0.1111110002
64255  60.375  -27.394  56.495 0.3333329856
64237  60.289  -27.149  57.373 0.3333329856
63346  60.037  -27.886  57.038 0.3333329856
65261  60.459  -26.554  56.902 0.3333329856
64224  59.677  -27.175  58.837 0.3333329856
64223  60.057  -26.706  58.154 0.3333329856
65241  59.863  -25.798  58.095 0.3333329856
58535  48.382  -34.006  70.854 0.7777780294
21432  4.365  -70.007  74.124 0.1111110002
20350  4.820  -70.836  74.091 0.1111110002
22466  4.245  -69.197  73.482 0.1111110002
131777  6.945  -71.004  74.729 0.1111110002
22419  9.379  -69.102  79.429 0.1111110002
20348  7.361  -70.820  74.016 0.1111110002
20335  6.002  -70.562  75.796 0.1111110002
22465  10.002  -68.820  73.851 0.1111110002
22471  10.040  -68.607  73.201 0.1111110002
22410  8.290  -68.814  79.913 0.1111110002
23430  9.807  -68.331  80.497 0.2222220004
23423  8.280  -67.749  80.555 0.3333329856
21393  8.794  -69.429  78.127 0.1111110002
21392  9.398  -69.446  77.925 0.1111110002
21422  7.762  -70.366  75.601 0.1111110002
20334  6.671  -70.550  75.809 0.1111110002
22456  4.269  -68.942  74.865 0.1111110002
24509  4.303  -68.741  74.557 0.1111110002
21386  7.989  -69.290  78.380 0.1111110002
128107  8.141  -69.059  79.268 0.1111110002
21411  8.081  -70.133  76.267 0.1111110002
21413  6.536  -70.150  76.509 0.1111110002
21414  5.580  -70.106  76.366 0.1111110002
23455  4.383  -68.591  76.177 0.1111110002
21403  9.292  -69.565  77.183 0.1111110002
25471  8.850  -66.100  80.485 0.3333329856
21420  9.672  -69.373  75.481 0.1111110002
22454  10.296  -68.987  75.978 0.1111110002
22448  10.447  -69.125  76.798 0.1111110002
22431  7.071  -69.221  78.267 0.1111110002
21396  5.993  -69.690  77.217 0.1111110002
22441  4.854  -69.056  77.077 0.1111110002
23442  5.067  -68.339  78.022 0.1111110002
24486  6.477  -66.495  80.422 0.3333329856
27537  7.555  -64.427  80.774 0.3333329856
22412  7.128  -68.578  79.455 0.1111110002
24495  5.420  -67.378  79.122 0.1111110002
22423  6.002  -68.658  78.638 0.1111110002
24500  4.997  -67.409  77.870 0.1111110002
126952  4.633  -67.851  76.824 0.1111110002
25475  6.587  -65.778  80.504 0.3333329856
28571  6.851  -64.225  79.678 0.3333329856
28579  7.737  -63.601  78.328 0.1111110002
28576  7.012  -64.106  78.703 0.3333329856
28582  7.821  -63.768  77.277 0.1111110002
125792  32.946  -54.339  71.722 0.4444440007
25487  5.264  -66.467  78.857 0.1111110002
26516  5.689  -65.960  79.119 0.2222220004
26515  6.060  -65.364  79.602 0.2222220004
28572  6.723  -64.705  78.943 0.3333329856
36965  18.381  -56.395  70.178 0.1111110002
144860  34.101  -53.691  70.773 0.4444440007
40093  34.093  -53.573  69.673 0.2222220004
39035  33.246  -53.697  68.506 0.2222220004
38005  27.997  -54.905  69.405 0.1111110002
39021  27.328  -54.553  68.861 0.1111110002
57645  49.639  -33.898  65.632 0.5555559993
57655  49.415  -34.239  64.726 0.5555559993
62412  54.230  -30.124  64.141 0.5555559993
62426  52.936  -30.032  63.194 0.5555559993
63298  55.997  -28.450  62.849 0.4444440007
64189  56.386  -27.921  62.368 0.3333329856
63289  55.052  -28.882  63.282 0.4444440007
143707  55.430  -28.538  62.874 0.4444440007
125188  52.804  -29.823  62.431 0.5555559993
61574  50.217  -30.421  60.903 0.3333329856
59531  48.627  -32.808  69.981 0.7777780294
59599  51.965  -31.943  65.750 0.7777780294
57646  48.552  -34.530  65.647 0.5555559993
63309  53.866  -28.609  61.401 0.4444440007
64206  58.051  -27.019  61.090 0.3333329856
63318  54.290  -28.028  60.937 0.4444440007
62455  50.642  -29.882  60.225 0.1111110002
126404  49.891  -30.188  60.282 0.1111110002
61577  47.921  -31.084  60.221 0.1111110002
60656  47.544  -31.704  60.738 0.1111110002
62465  50.653  -29.463  59.357 0.1111110002
60573  50.807  -31.629  65.054 0.4444440007
60625  48.740  -31.797  62.620 0.1111110002
63327  53.268  -28.252  59.823 0.4444440007
63320  51.923  -28.998  59.969 0.1111110002
60640  47.088  -32.214  61.299 0.1111110002
124500  46.722  -32.810  61.823 0.2222220004
64216  55.117  -27.149  59.997 0.4444440007
121938  50.625  -28.894  58.548 0.1111110002
60500  49.483  -32.124  69.121 0.7777780294
65217  58.245  -26.118  59.977 0.3333329856
63380  58.368  -28.436  55.290 0.2222220004
60538  48.061  -31.614  67.779 0.6666669846
60502  48.672  -31.731  69.608 0.7777780294
60516  48.953  -31.343  68.500 0.7777780294
131044  46.648  -32.757  66.329 0.5555559993
58587  45.220  -33.550  67.067 0.4444440007
66225  58.591  -25.516  58.684 0.3333329856
58575  44.187  -33.863  68.336 0.5555559993
65281  60.622  -26.847  56.019 0.3333329856
65240  60.231  -26.325  57.597 0.3333329856
142294  59.680  -26.222  58.713 0.3333329856
66224  59.331  -25.663  58.642 0.3333329856
136144  59.162  -25.213  58.143 0.1111110002
31808  38.246  -58.787  68.678 0.1111110002
31807  39.463  -58.793  68.374 0.2222220004
31787  38.037  -58.770  68.961 0.2222220004
31839  38.880  -58.693  67.573 0.1111110002
32845  38.199  -58.596  67.061 0.1111110002
31828  38.641  -58.798  68.112 0.1111110002
32862  38.478  -58.490  66.432 0.1111110002
33892  38.516  -57.882  65.203 0.1111110002
33795  39.158  -58.133  69.395 0.2222220004
33807  40.536  -58.670  69.086 0.2222220004
32781  40.112  -58.905  68.491 0.2222220004
33809  38.995  -58.653  69.081 0.2222220004
31825  40.723  -58.694  67.552 0.2222220004
31827  39.483  -58.741  67.867 0.2222220004
32859  41.056  -58.650  66.681 0.2222220004
32842  40.277  -58.647  67.015 0.2222220004
32843  39.808  -58.661  67.065 0.2222220004
33870  41.613  -58.382  65.968 0.1111110002
33871  40.706  -58.440  65.946 0.1111110002
33872  39.792  -58.389  65.886 0.1111110002
33890  40.187  -57.931  65.226 0.1111110002
34941  39.297  -57.527  64.782 0.1111110002
33794  40.109  -58.090  69.562 0.2222220004
33806  41.303  -58.475  69.039 0.2222220004
32800  41.618  -58.618  67.636 0.2222220004
33856  42.406  -58.207  66.354 0.1111110002
32841  41.443  -58.612  66.937 0.1111110002
33887  42.832  -57.722  65.379 0.2222220004
32858  41.848  -58.464  66.467 0.1111110002
33888  42.120  -57.858  65.381 0.1111110002
33889  41.201  -57.952  65.327 0.1111110002
125513  40.812  -57.559  64.793 0.1111110002
33804  42.469  -57.805  68.530 0.3333329856
33822  42.750  -57.841  67.910 0.3333329856
33793  41.007  -58.102  69.714 0.3333329856
33867  43.600  -57.522  66.012 0.2222220004
33823  42.115  -58.315  68.097 0.3333329856
34922  44.146  -57.089  65.640 0.2222220004
33868  42.927  -57.871  65.899 0.2222220004
34937  43.285  -57.249  64.872 0.2222220004
34884  44.059  -56.745  67.453 0.3333329856
34861  42.172  -57.125  70.040 0.3333329856
35933  44.819  -56.084  66.740 0.2222220004
34896  44.322  -57.052  66.875 0.2222220004
34874  42.973  -57.301  68.480 0.3333329856
37017  45.239  -55.570  65.676 0.2222220004
35948  44.909  -56.135  65.656 0.2222220004
33839  43.818  -57.311  67.193 0.3333329856
34909  44.275  -57.137  66.235 0.2222220004
37024  45.509  -54.940  65.258 0.2222220004
39095  45.625  -53.671  64.823 0.2222220004
34873  43.402  -56.614  68.250 0.3333329856
35906  42.384  -56.366  70.393 0.4444440007
35920  43.377  -56.091  68.362 0.3333329856
35921  43.113  -56.117  69.108 0.4444440007
36995  44.690  -55.659  66.925 0.3333329856
38054  45.662  -54.447  65.477 0.2222220004
37006  45.163  -55.432  66.388 0.2222220004
35888  42.544  -55.536  70.743 0.4444440007
35889  41.900  -56.120  71.040 0.4444440007
36961  42.771  -55.213  70.273 0.4444440007
36974  43.115  -55.645  68.792 0.3333329856
36985  43.464  -55.883  67.957 0.3333329856
38038  45.337  -54.711  66.235 0.2222220004
38000  42.933  -54.932  69.380 0.4444440007
137587  43.056  -55.119  68.624 0.4444440007
37984  42.835  -54.641  70.256 0.4444440007
41162  43.946  -50.061  71.119 0.6666669846
41178  43.781  -50.712  70.851 0.6666669846
38028  43.526  -55.161  67.476 0.3333329856
37999  43.143  -55.510  68.453 0.3333329856
142501  44.047  -50.061  70.772 0.5555559993
38040  44.121  -54.609  66.766 0.2222220004
38027  44.441  -55.202  66.910 0.2222220004
41207  43.257  -51.341  69.139 0.4444440007
39071  43.480  -53.939  66.397 0.2222220004
39070  44.650  -53.851  66.273 0.2222220004
41208  42.557  -51.532  68.622 0.3333329856
147603  42.852  -54.127  70.583 0.4444440007
41148  43.363  -50.785  72.228 0.6666669846
39014  42.968  -53.993  70.194 0.4444440007
134520  42.959  -54.872  68.369 0.4444440007
40062  43.065  -52.586  71.234 0.5555559993
39002  42.943  -53.563  70.859 0.5555559993
40046  43.100  -51.725  71.832 0.5555559993
40077  43.303  -52.242  70.744 0.5555559993
39015  43.150  -53.305  69.909 0.5555559993
39032  42.925  -54.246  69.516 0.4444440007
41163  43.544  -50.826  71.511 0.6666669846
40089  43.338  -52.380  70.066 0.5555559993
39034  41.927  -53.405  68.413 0.4444440007
41193  43.491  -51.491  69.800 0.4444440007
40105  42.330  -52.555  68.803 0.3333329856
45265  40.431  -47.560  73.821 0.6666669846
46269  46.664  -46.633  67.895 0.5555559993
45312  47.111  -46.310  67.210 0.4444440007
47172  41.200  -46.125  72.033 0.5555559993
47171  41.771  -45.462  71.898 0.4444440007
48065  42.305  -44.777  71.271 0.3333329856
55749  45.074  -36.248  71.127 0.6666669846
54741  43.360  -37.941  71.488 0.4444440007
53797  42.287  -38.300  70.810 0.4444440007
54774  41.967  -37.387  70.335 0.3333329856
53808  41.985  -38.267  69.924 0.3333329856
53820  41.958  -38.203  68.948 0.2222220004
54760  44.155  -36.578  70.960 0.5555559993
137888  46.395  -35.242  71.673 0.5555559993
56644  45.613  -35.166  71.583 0.5555559993
124770  52.314  -39.704  66.256 0.4444440007
126059  43.726  -36.979  70.846 0.5555559993
54743  42.643  -37.128  70.975 0.3333329856
128924  43.296  -37.015  70.953 0.3333329856
55750  42.425  -36.265  70.654 0.3333329856
125350  42.215  -36.967  70.770 0.3333329856
55735  43.666  -36.161  70.979 0.3333329856
55736  43.043  -36.338  70.931 0.3333329856
55734  44.258  -35.842  71.125 0.3333329856
56659  43.293  -35.560  70.827 0.3333329856
52864  52.559  -39.762  65.674 0.4444440007
55790  51.323  -37.578  66.952 0.4444440007
58589  43.607  -34.188  67.662 0.4444440007
58588  44.410  -33.860  67.405 0.4444440007
58602  44.584  -33.952  66.525 0.2222220004
136614  44.691  -34.279  65.613 0.2222220004
58625  45.673  -33.948  64.342 0.3333329856
55804  50.055  -36.593  67.047 0.6666669846
55817  50.432  -37.099  66.268 0.4444440007
55818  48.738  -36.872  65.970 0.5555559993
54842  49.610  -37.417  65.656 0.4444440007
66244  55.660  -26.327  56.695 0.1111110002
145216  57.221  -25.783  56.422 0.1111110002
66259  58.114  -25.385  56.711 0.1111110002
136730  59.075  -24.746  55.389 0.1111110002
67215  58.900  -24.935  56.361 0.1111110002
144149  59.861  -24.479  55.701 0.1111110002
142892  58.295  -25.184  55.820 0.1111110002
68171  60.166  -24.069  54.894 0.2222220004
67235  59.257  -24.420  54.510 0.1111110002
68185  59.641  -23.976  54.030 0.1111110002
68198  59.988  -23.692  53.628 0.1111110002
77256  60.441  -14.292  50.238 0.1111110002
75453  60.534  -15.000  49.792 0.1111110002
38041  43.010  -54.559  66.921 0.2222220004
41179  43.547  -51.560  70.510 0.5555559993
38042  42.146  -54.392  67.031 0.2222220004
41192  43.880  -50.777  70.133 0.5555559993
41194  43.026  -52.034  69.313 0.4444440007
39072  42.278  -53.980  66.500 0.2222220004
39085  44.108  -53.051  65.946 0.2222220004
40090  43.013  -52.749  69.454 0.4444440007
41209  41.771  -51.990  68.330 0.3333329856
39033  42.805  -53.521  69.171 0.4444440007
38029  42.673  -54.658  67.657 0.2222220004
38016  41.828  -54.089  67.754 0.2222220004
135146  42.968  -56.793  68.977 0.3333329856
39999  36.629  -52.946  75.247 0.5555559993
37963  42.768  -54.144  71.003 0.4444440007
42245  43.771  -50.013  71.658 0.6666669846
48070  42.724  -44.110  70.704 0.1111110002
48076  42.724  -44.186  69.727 0.1111110002
52823  42.233  -39.019  69.374 0.3333329856
56657  48.655  -35.498  70.926 0.7777780294
56645  44.850  -35.091  71.357 0.4444440007
51888  52.598  -40.238  65.411 0.4444440007
54786  41.784  -37.400  69.397 0.3333329856
56646  44.183  -35.394  71.087 0.3333329856
55733  45.009  -35.564  71.301 0.4444440007
132571  49.318  -36.730  66.511 0.4444440007
58626  44.992  -34.403  64.699 0.2222220004
133571  39.151  -58.782  68.333 0.1111110002
32801  39.930  -58.823  68.210 0.2222220004
32861  39.390  -58.556  66.536 0.1111110002
33891  39.333  -58.025  65.338 0.1111110002
31805  41.043  -58.798  67.988 0.2222220004
34940  40.184  -57.404  64.648 0.1111110002
32819  42.406  -58.256  66.805 0.3333329856
34938  42.631  -57.403  64.786 0.1111110002
137595  44.498  -55.548  67.007 0.2222220004
38014  43.714  -55.614  67.525 0.2222220004
40061  43.397  -51.616  71.168 0.5555559993
39053  41.181  -53.377  67.723 0.3333329856
48071  42.371  -44.853  70.272 0.1111110002
132852  50.756  -37.008  66.787 0.4444440007
30609  13.631  -61.655  78.762 0.2222220004
127224  13.077  -62.128  78.288 0.3333329856
30608  14.385  -61.211  78.470 0.2222220004
29630  12.156  -62.427  77.481 0.2222220004
28585  11.377  -63.664  76.104 0.2222220004
31654  15.553  -60.682  78.196 0.2222220004
30607  15.247  -61.045  78.168 0.2222220004
29629  13.192  -62.019  77.288 0.2222220004
29644  12.151  -62.353  76.505 0.1111110002
30627  14.654  -61.273  77.811 0.2222220004
30647  13.697  -61.523  76.781 0.1111110002
29643  12.864  -61.810  76.255 0.2222220004
30606  16.020  -60.744  77.740 0.2222220004
30626  15.580  -61.073  77.476 0.2222220004
122773  14.930  -61.103  76.090 0.1111110002
143333  16.128  -61.015  76.958 0.2222220004
30645  16.022  -61.009  76.186 0.1111110002
30584  12.699  -61.747  79.743 0.3333329856
29622  12.175  -62.465  78.529 0.3333329856
30594  13.320  -61.426  79.327 0.3333329856
30593  14.072  -61.152  79.007 0.3333329856
30592  14.855  -60.882  78.690 0.2222220004
31639  14.426  -60.653  79.059 0.2222220004
30625  16.469  -60.702  77.246 0.2222220004
125298  16.822  -60.804  76.730 0.2222220004
30659  18.024  -60.900  75.740 0.2222220004
30644  17.744  -60.746  76.503 0.2222220004
122631  17.043  -60.895  75.979 0.2222220004
144226  12.769  -61.059  79.855 0.3333329856
31630  12.406  -61.387  80.014 0.3333329856
31641  13.098  -60.706  79.462 0.3333329856
30583  13.004  -61.169  79.771 0.3333329856
31640  13.634  -60.888  79.350 0.3333329856
32671  15.665  -59.500  78.117 0.1111110002
134409  16.282  -59.297  77.972 0.2222220004
31637  15.865  -60.042  78.145 0.2222220004
32660  15.266  -59.966  78.499 0.2222220004
31638  15.142  -60.448  78.683 0.2222220004
31653  16.360  -60.302  77.662 0.2222220004
31652  17.439  -59.955  77.298 0.2222220004
30605  16.862  -60.390  77.228 0.2222220004
30623  18.292  -60.508  76.664 0.1111110002
30624  17.347  -60.552  76.903 0.2222220004
30642  19.767  -60.972  75.947 0.2222220004
30643  18.697  -60.909  76.071 0.2222220004
29642  20.773  -60.883  75.713 0.2222220004
30658  19.056  -61.020  75.496 0.2222220004
29617  12.162  -62.300  79.441 0.3333329856
126906  13.305  -59.968  78.924 0.2222220004
32663  12.591  -60.357  79.141 0.3333329856
32662  13.882  -60.305  79.093 0.3333329856
32661  14.704  -60.105  78.858 0.2222220004
33708  14.116  -59.695  78.416 0.2222220004
33707  14.620  -59.120  77.824 0.2222220004
145796  14.274  -58.899  77.220 0.2222220004
32670  16.735  -59.631  77.722 0.1111110002
33704  16.879  -59.150  77.738 0.1111110002
33727  15.927  -58.808  77.326 0.2222220004
31651  18.221  -59.709  77.178 0.1111110002
32669  17.551  -59.380  77.491 0.1111110002
33726  16.571  -58.904  77.521 0.1111110002
142200  18.226  -60.018  77.043 0.1111110002
31668  19.537  -60.209  76.507 0.1111110002
130648  20.109  -61.063  75.834 0.2222220004
29658  21.233  -61.078  75.211 0.2222220004
29682  22.094  -61.229  74.123 0.2222220004
31732  27.721  -59.069  73.159 0.3333329856
32754  26.622  -59.030  71.870 0.3333329856
31631  11.738  -61.270  80.077 0.3333329856
30585  11.738  -61.775  80.165 0.3333329856
135325  12.477  -60.908  79.828 0.3333329856
29612  12.042  -62.083  80.072 0.3333329856
129984  12.017  -60.125  78.446 0.2222220004
29623  11.458  -63.053  78.790 0.3333329856
31650  18.874  -59.787  77.011 0.1111110002
32688  18.275  -59.391  77.233 0.1111110002
31649  19.691  -60.137  76.637 0.1111110002
33723  19.134  -59.346  76.907 0.3333329856
30641  21.064  -60.726  75.753 0.2222220004
30640  22.026  -60.805  75.894 0.2222220004
29657  22.000  -61.087  75.262 0.4444440007
127798  23.183  -61.086  74.303 0.3333329856
127897  27.149  -59.512  74.418 0.3333329856
127966  26.977  -59.411  73.624 0.3333329856
29680  23.008  -60.932  73.439 0.3333329856
32741  26.819  -59.236  72.800 0.3333329856
31752  25.901  -59.486  72.460 0.3333329856
31642  11.926  -60.729  79.350 0.2222220004
31643  11.213  -61.027  79.635 0.3333329856
31667  20.562  -60.160  76.372 0.2222220004
140355  19.594  -59.074  76.404 0.3333329856
30620  22.306  -60.709  76.268 0.3333329856
30621  21.408  -60.500  76.102 0.3333329856
29640  22.459  -61.009  75.742 0.3333329856
29655  23.352  -61.172  75.648 0.3333329856
40106  41.425  -52.677  68.162 0.2222220004
32687  20.782  -60.026  76.499 0.3333329856
32702  20.868  -59.972  76.523 0.3333329856
33743  20.358  -59.433  76.213 0.3333329856
31666  21.593  -60.279  76.461 0.3333329856
32686  21.855  -60.121  76.664 0.3333329856
33759  20.799  -58.977  75.337 0.2222220004
30639  22.799  -61.146  75.976 0.4444440007
33771  20.588  -58.728  74.508 0.2222220004
29638  23.593  -61.106  75.900 0.3333329856
36889  28.353  -56.020  75.379 0.3333329856
41223  40.413  -51.942  67.245 0.2222220004
32701  22.266  -59.852  76.585 0.3333329856
32685  22.812  -59.911  77.007 0.3333329856
31665  22.488  -60.449  76.623 0.3333329856
33770  21.406  -58.743  74.439 0.2222220004
124648  28.067  -55.882  74.526 0.2222220004
36890  27.401  -55.966  75.133 0.1111110002
36891  26.489  -55.977  75.122 0.1111110002
36917  27.873  -55.800  73.579 0.1111110002
36904  27.397  -55.844  74.293 0.1111110002
36919  25.997  -55.583  73.723 0.2222220004
129362  41.985  -50.659  67.561 0.1111110002
43361  41.708  -50.257  66.980 0.1111110002
33742  21.455  -59.535  75.942 0.3333329856
142802  22.361  -59.251  75.777 0.3333329856
33741  23.037  -59.093  76.186 0.3333329856
42268  43.756  -50.767  69.373 0.3333329856
42267  44.302  -49.956  69.625 0.2222220004
42282  43.312  -50.820  68.664 0.2222220004
41122  36.849  -51.998  74.255 0.5555559993
42233  37.369  -51.344  72.741 0.5555559993
41136  37.436  -51.428  73.713 0.5555559993
41137  36.788  -51.903  73.262 0.5555559993
40034  36.230  -52.453  73.797 0.3333329856
43300  38.176  -49.934  72.041 0.3333329856
42232  37.822  -50.679  72.314 0.2222220004
43310  38.554  -49.288  71.798 0.3333329856
43311  38.104  -49.663  71.356 0.1111110002
44322  38.663  -48.469  70.683 0.2222220004
131889  44.582  -49.492  70.086 0.4444440007
130288  44.032  -50.204  68.817 0.3333329856
41110  37.816  -51.832  75.384 0.5555559993
42219  37.930  -50.858  74.204 0.5555559993
43299  38.665  -49.459  72.583 0.5555559993
43290  38.229  -50.101  72.886 0.5555559993
44303  39.500  -48.392  72.768 0.5555559993
44304  38.964  -48.774  72.312 0.4444440007
45285  39.802  -47.683  71.592 0.3333329856
45286  39.138  -47.980  71.140 0.3333329856
44313  38.862  -48.647  71.489 0.3333329856
46235  40.195  -47.043  71.175 0.3333329856
45291  39.657  -47.527  70.705 0.2222220004
42230  44.204  -49.357  71.677 0.5555559993
45298  39.464  -47.313  69.886 0.2222220004
45307  38.562  -47.423  68.706 0.1111110002
44321  45.632  -48.068  70.046 0.6666669846
42254  44.972  -48.953  70.098 0.4444440007
43280  39.425  -49.290  74.692 0.5555559993
42206  38.569  -50.406  74.651 0.5555559993
44298  39.594  -48.544  73.556 0.5555559993
44299  39.016  -48.898  73.105 0.5555559993
46221  40.317  -47.215  72.083 0.4444440007
44312  39.360  -48.219  71.968 0.3333329856
46234  40.804  -46.661  71.636 0.2222220004
46249  40.788  -46.599  70.730 0.2222220004
125407  46.476  -46.966  68.857 0.4444440007
47177  41.866  -45.470  70.790 0.2222220004
62557  52.002  -29.137  53.623 0.1111110002
63434  53.667  -27.889  51.393 0.1111110002
139806  42.789  -40.610  68.241 0.1111110002
59714  52.184  -32.158  60.032 0.2222220004
59715  51.397  -32.304  59.745 0.2222220004
59703  50.842  -32.850  60.179 0.2222220004
60693  52.321  -31.352  59.043 0.2222220004
59727  50.557  -32.048  58.535 0.2222220004
61628  52.894  -30.146  57.031 0.1111110002
61599  51.698  -31.061  57.861 0.2222220004
60710  51.073  -31.513  58.130 0.2222220004
62505  52.926  -29.791  56.270 0.1111110002
61629  52.096  -30.244  56.560 0.1111110002
63400  53.665  -28.659  54.085 0.1111110002
63401  52.779  -28.985  54.118 0.1111110002
62525  51.692  -29.788  55.063 0.1111110002
63428  53.850  -27.939  52.266 0.1111110002
136231  53.225  -28.536  53.518 0.1111110002
52834  42.610  -39.573  68.845 0.1111110002
58623  51.042  -33.792  64.271 0.4444440007
57667  50.260  -34.158  64.021 0.4444440007
133591  52.100  -33.625  62.926 0.4444440007
58634  50.955  -34.054  63.539 0.4444440007
59687  52.920  -32.889  61.754 0.4444440007
58644  51.918  -33.483  62.022 0.4444440007
58645  51.243  -33.989  62.736 0.4444440007
57682  50.301  -34.334  63.107 0.4444440007
57668  49.414  -34.536  63.724 0.4444440007
56734  47.781  -35.355  64.217 0.4444440007
59700  53.431  -32.365  61.042 0.4444440007
60672  54.146  -31.348  60.079 0.3333329856
60655  52.996  -31.991  60.292 0.3333329856
59688  52.035  -32.975  61.224 0.3333329856
61573  54.841  -31.077  59.914 0.2222220004
60673  53.415  -31.446  59.829 0.2222220004
140512  55.951  -29.921  58.218 0.1111110002
61596  54.278  -30.409  58.522 0.2222220004
61597  53.407  -30.627  58.526 0.2222220004
62502  55.263  -29.433  56.739 0.1111110002
122877  54.696  -29.697  57.227 0.1111110002
63398  55.710  -28.587  54.665 0.1111110002
63382  55.243  -28.959  55.322 0.1111110002
122867  53.756  -29.424  55.914 0.1111110002
63411  55.557  -27.993  53.124 0.2222220004
131764  55.239  -28.354  53.960 0.1111110002
52835  42.323  -38.958  68.417 0.1111110002
141696  52.764  -32.558  64.723 0.4444440007
58622  51.717  -33.314  64.666 0.4444440007
59650  53.107  -32.827  64.160 0.4444440007
58633  51.771  -33.696  63.697 0.4444440007
56728  47.856  -35.201  65.145 0.4444440007
58642  53.638  -32.850  62.664 0.4444440007
57656  48.543  -34.764  64.489 0.4444440007
55820  47.491  -36.361  65.398 0.4444440007
54843  48.444  -37.365  65.441 0.3333329856
59667  54.474  -32.315  62.786 0.4444440007
55844  46.859  -36.501  64.078 0.3333329856
54861  47.975  -37.795  64.827 0.3333329856
59685  55.025  -32.133  61.853 0.4444440007
129004  56.352  -30.663  59.939 0.2222220004
61585  55.535  -30.778  59.707 0.2222220004
147543  55.993  -29.688  57.731 0.1111110002
63364  57.023  -29.015  56.205 0.2222220004
62500  56.847  -29.308  57.049 0.2222220004
63397  56.648  -28.470  54.634 0.2222220004
50944  52.553  -40.685  65.143 0.2222220004
52876  52.669  -39.770  65.201 0.3333329856
54840  51.549  -38.189  65.663 0.3333329856
53850  52.528  -39.079  65.243 0.3333329856
59649  53.693  -32.455  63.901 0.4444440007
59634  53.261  -32.078  64.554 0.4444440007
54858  51.601  -38.567  64.873 0.3333329856
55819  48.017  -36.683  65.810 0.4444440007
130859  53.927  -32.614  63.291 0.4444440007
61558  56.284  -31.239  61.475 0.4444440007
128651  55.902  -31.649  62.125 0.4444440007
61571  56.811  -30.858  60.862 0.3333329856
62462  58.058  -29.716  59.836 0.3333329856
62474  57.484  -29.668  58.498 0.2222220004
61594  56.719  -30.057  58.687 0.1111110002
54839  51.867  -38.355  65.674 0.3333329856
54822  52.186  -38.651  65.970 0.4444440007
59632  53.940  -31.781  64.178 0.4444440007
55816  51.116  -37.465  66.199 0.3333329856
59633  53.561  -31.436  64.586 0.4444440007
59648  54.262  -32.108  63.577 0.4444440007
60588  54.829  -30.807  64.009 0.4444440007
61517  54.425  -30.596  64.145 0.4444440007
60637  56.418  -31.041  62.209 0.4444440007
60623  55.325  -31.803  62.755 0.4444440007
61530  55.435  -30.377  63.657 0.4444440007
62424  54.725  -29.541  63.672 0.4444440007
61557  56.905  -30.673  61.764 0.4444440007
61584  56.743  -30.340  59.405 0.3333329856
71949  61.883  -19.672  47.265 0.1111110002
72850  62.357  -19.015  46.945 0.1111110002
29645  11.469  -63.034  76.675 0.2222220004
28581  10.857  -63.827  76.944 0.2222220004
28584  11.750  -63.473  75.317 0.2222220004
31733  26.086  -59.645  73.312 0.3333329856
30700  24.025  -60.526  73.423 0.3333329856
36905  26.179  -55.785  74.387 0.2222220004
141802  28.776  -55.877  74.832 0.2222220004
36870  28.813  -56.414  76.009 0.3333329856
40017  36.383  -52.665  74.644 0.4444440007
43272  39.072  -49.886  75.170 0.5555559993
43289  38.757  -49.592  73.399 0.5555559993
42256  44.149  -50.050  70.389 0.4444440007
45254  39.975  -48.061  74.109 0.4444440007
45266  39.886  -47.896  73.300 0.4444440007
45278  40.348  -47.360  72.987 0.5555559993
51860  42.827  -41.082  68.829 0.1111110002
54823  51.876  -38.347  65.914 0.4444440007
30701  23.444  -60.636  72.873 0.3333329856
52875  52.568  -39.362  65.448 0.3333329856
55802  51.448  -37.894  66.208 0.4444440007
31664  23.250  -60.496  76.715 0.3333329856
29656  22.749  -61.168  75.364 0.4444440007
33728  15.031  -58.778  77.067 0.2222220004
33748  14.301  -58.684  76.510 0.2222220004
46250  40.106  -46.938  70.305 0.2222220004
61518  53.443  -31.054  64.748 0.4444440007
56735  47.244  -35.925  64.803 0.4444440007
54844  47.578  -37.136  65.218 0.4444440007
62423  55.467  -29.512  63.540 0.4444440007
61529  56.117  -29.912  63.230 0.4444440007
132744  54.066  -29.639  63.534 0.4444440007
60589  54.138  -31.129  64.309 0.4444440007
41221  41.825  -51.298  67.979 0.2222220004
42298  42.633  -50.751  68.044 0.2222220004
47178  41.275  -46.048  71.225 0.2222220004
29621  13.852  -61.657  78.068 0.1111110002
29616  12.969  -62.072  79.126 0.3333329856
29628  14.033  -61.504  77.406 0.2222220004
29662  11.674  -62.874  75.793 0.2222220004
30646  14.612  -61.257  76.916 0.1111110002
125297  15.479  -61.093  76.754 0.1111110002
29631  11.392  -63.087  77.688 0.3333329856
32672  14.976  -59.579  78.313 0.2222220004
33706  15.403  -59.008  77.908 0.2222220004
33705  16.158  -59.021  77.962 0.1111110002
30604  17.840  -60.294  76.969 0.2222220004
30603  18.662  -60.291  76.763 0.1111110002
132208  19.354  -60.541  76.355 0.2222220004
29641  21.661  -60.872  75.614 0.2222220004
32673  12.718  -59.918  78.467 0.2222220004
32689  13.264  -59.561  77.903 0.2222220004
33729  13.947  -59.188  77.685 0.2222220004
33725  17.623  -59.160  77.440 0.1111110002
33746  16.610  -58.609  76.822 0.1111110002
30622  20.355  -60.529  76.149 0.2222220004
29671  21.626  -61.244  74.707 0.2222220004
29670  22.697  -61.178  74.611 0.2222220004
30586  11.043  -61.528  80.087 0.3333329856
32668  18.926  -59.690  76.977 0.2222220004
33724  18.368  -58.957  77.076 0.1111110002
126320  19.513  -59.712  76.697 0.3333329856
125474  19.054  -58.900  76.466 0.3333329856
29639  23.117  -61.131  75.917 0.4444440007
33722  19.858  -59.566  76.589 0.3333329856
33744  19.833  -58.906  75.986 0.3333329856
30638  23.362  -60.999  76.169 0.3333329856
30619  23.025  -60.835  76.434 0.4444440007
42313  40.763  -50.565  66.645 0.1111110002
126157  26.838  -55.862  74.527 0.1111110002
42280  44.667  -49.547  68.876 0.4444440007
45279  39.861  -47.798  72.460 0.4444440007
62541  51.989  -29.400  54.358 0.1111110002
63414  52.583  -28.709  53.233 0.1111110002
63415  51.904  -28.947  52.826 0.1111110002
62558  51.226  -29.362  53.246 0.1111110002
63435  52.914  -28.265  51.153 0.1111110002
141270  53.061  -28.176  51.960 0.1111110002
60674  52.623  -31.625  59.615 0.2222220004
60675  51.878  -31.767  59.376 0.2222220004
59716  50.641  -32.493  59.351 0.2222220004
59702  51.678  -32.672  60.503 0.2222220004
61587  53.017  -31.109  59.135 0.2222220004
60694  51.675  -31.457  58.648 0.2222220004
144565  51.125  -31.735  58.602 0.2222220004
62504  53.554  -29.792  56.750 0.1111110002
62486  54.043  -29.869  57.279 0.1111110002
140947  53.455  -30.086  57.345 0.2222220004
61598  52.481  -30.918  58.372 0.2222220004
61612  53.041  -30.408  57.786 0.2222220004
142209  51.622  -30.722  57.138 0.1111110002
61614  51.026  -31.168  57.342 0.2222220004
60711  50.387  -31.682  57.685 0.2222220004
62503  54.324  -29.562  56.648 0.1111110002
62523  52.993  -29.495  55.573 0.1111110002
62524  52.312  -29.799  55.726 0.1111110002
61643  51.629  -30.134  55.835 0.1111110002
61630  51.027  -30.667  56.339 0.1111110002
141791  54.155  -28.803  54.581 0.1111110002
126872  54.438  -28.448  54.008 0.1111110002
63413  53.974  -28.191  53.258 0.1111110002
121998  52.538  -29.427  54.974 0.1111110002
62540  53.463  -29.127  54.928 0.1111110002
61656  50.949  -29.948  54.628 0.1111110002
62542  51.416  -29.653  54.388 0.1111110002
126007  53.170  -28.266  52.797 0.1111110002
58632  52.632  -33.319  63.551 0.4444440007
58643  52.787  -33.244  62.721 0.4444440007
126866  53.995  -32.524  61.882 0.4444440007
121952  51.008  -33.812  61.865 0.3333329856
57697  50.340  -34.218  62.204 0.4444440007
57669  48.575  -35.044  63.468 0.4444440007
56747  47.207  -35.891  63.965 0.4444440007
59701  52.542  -32.529  60.782 0.3333329856
59686  54.225  -32.132  61.209 0.4444440007
58657  51.153  -33.313  61.087 0.3333329856
58650  50.345  -33.876  61.349 0.3333329856
60654  53.817  -31.801  60.542 0.2222220004
60653  54.789  -31.664  60.764 0.4444440007
61586  53.972  -30.884  59.337 0.2222220004
62485  54.545  -29.998  57.826 0.1111110002
62475  55.148  -30.173  58.391 0.1111110002
62484  55.372  -29.735  57.632 0.1111110002
61611  53.784  -30.231  57.881 0.2222220004
126819  54.925  -30.601  59.152 0.1111110002
122872  56.039  -29.502  57.241 0.1111110002
122064  54.744  -29.254  55.975 0.1111110002
62520  56.222  -28.874  55.509 0.1111110002
63381  57.290  -28.643  55.373 0.2222220004
63399  54.858  -28.700  54.635 0.1111110002
62521  55.524  -29.155  56.000 0.1111110002
62522  54.375  -29.061  55.223 0.1111110002
131763  56.108  -28.274  53.879 0.2222220004
63412  54.795  -28.149  53.399 0.1111110002
58621  52.425  -33.120  64.350 0.4444440007
58631  53.376  -32.987  63.423 0.4444440007
54862  47.160  -37.485  64.565 0.4444440007
55831  47.035  -36.767  64.757 0.4444440007
54860  49.137  -37.971  64.745 0.3333329856
138944  48.400  -38.287  64.137 0.3333329856
145472  47.578  -38.027  64.238 0.2222220004
60652  55.618  -31.669  61.359 0.4444440007
61595  55.903  -30.385  59.044 0.1111110002
61572  55.774  -31.201  60.540 0.3333329856
62483  56.640  -29.617  57.867 0.2222220004
62501  56.147  -29.220  56.452 0.1111110002
63396  57.618  -28.333  54.543 0.2222220004
54857  52.121  -38.602  65.092 0.3333329856
54838  52.271  -38.689  65.485 0.4444440007
54856  52.428  -38.901  65.062 0.3333329856
130814  54.839  -31.850  63.324 0.4444440007
60622  56.023  -31.027  62.979 0.4444440007
60603  55.207  -31.250  63.457 0.4444440007
43332  45.278  -48.707  69.425 0.4444440007
43343  45.592  -48.304  68.994 0.3333329856
43344  45.205  -48.845  68.772 0.4444440007
43356  45.553  -48.284  68.306 0.3333329856
44355  45.561  -48.191  67.696 0.3333329856
44332  45.815  -47.858  69.504 0.3333329856
44344  45.748  -47.949  68.384 0.3333329856
44354  45.840  -47.797  67.860 0.3333329856
124915  60.268  -35.109  55.940 0.1111110002
56826  60.366  -35.578  55.883 0.1111110002
45297  46.122  -47.533  69.216 0.3333329856
58731  55.801  -32.849  56.534 0.1111110002
127387  55.139  -32.897  57.029 0.1111110002
131695  53.538  -33.241  56.604 0.1111110002
58729  57.777  -33.735  56.355 0.1111110002
58730  57.084  -33.397  56.265 0.1111110002
58707  53.302  -33.600  57.349 0.1111110002
58728  58.670  -33.972  56.049 0.1111110002
58727  59.726  -34.433  55.766 0.1111110002
58705  55.342  -33.417  57.951 0.1111110002
45313  46.562  -46.876  67.486 0.3333329856
58733  54.160  -32.963  56.289 0.1111110002
58734  52.790  -33.567  56.173 0.1111110002
122589  56.365  -33.054  56.003 0.1111110002
57808  52.064  -33.883  55.708 0.1111110002
57795  52.317  -33.990  56.902 0.1111110002
57796  51.501  -34.613  57.044 0.1111110002
45321  46.762  -46.682  66.868 0.3333329856
56833  49.041  -35.464  55.329 0.1111110002
56816  47.642  -36.002  55.738 0.1111110002
58735  52.416  -33.593  55.088 0.1111110002
56832  50.435  -34.987  55.901 0.1111110002
56815  49.687  -35.588  56.548 0.1111110002
55916  49.058  -36.138  57.055 0.1111110002
55888  47.720  -36.850  57.968 0.1111110002
58732  54.867  -32.843  55.837 0.1111110002
57809  51.504  -34.097  54.696 0.1111110002
56814  50.716  -35.179  57.291 0.1111110002
55900  49.286  -36.159  58.022 0.1111110002
58754  57.003  -33.343  55.209 0.1111110002
56834  47.856  -35.588  54.900 0.1111110002
55929  46.574  -35.901  55.756 0.1111110002
56802  45.656  -35.528  57.134 0.1111110002
126974  46.260  -35.503  59.783 0.1111110002
46310  47.191  -45.983  65.333 0.2222220004
57811  49.623  -34.893  54.434 0.1111110002
55918  46.972  -36.337  56.469 0.1111110002
132271  45.679  -36.364  58.950 0.1111110002
144745  45.868  -37.164  59.936 0.1111110002
57810  50.686  -34.505  54.933 0.1111110002
128561  48.694  -35.971  56.114 0.1111110002
55902  47.348  -36.645  57.286 0.1111110002
54944  46.554  -37.108  58.867 0.1111110002
134897  50.258  -34.466  53.690 0.1111110002
54933  47.281  -37.431  59.486 0.1111110002
57700  48.281  -34.884  61.192 0.1111110002
56766  47.442  -35.345  61.297 0.1111110002
127106  45.623  -34.814  55.820 0.1111110002
57747  45.932  -34.946  58.075 0.1111110002
57732  46.823  -34.804  59.363 0.1111110002
56757  47.142  -35.728  62.088 0.2222220004
135997  46.293  -35.002  54.439 0.1111110002
141561  45.970  -34.324  56.698 0.1111110002
129363  46.144  -35.898  60.589 0.1111110002
55860  46.103  -36.601  61.763 0.1111110002
56849  48.183  -35.168  53.990 0.1111110002
58710  45.755  -34.325  56.024 0.1111110002
58736  46.706  -33.143  55.692 0.1111110002
54903  45.768  -36.923  61.227 0.1111110002
134364  46.252  -37.524  62.062 0.2222220004
57820  46.847  -34.412  52.999 0.1111110002
147447  45.895  -33.672  54.012 0.1111110002
54919  46.196  -37.439  60.466 0.1111110002
53899  46.601  -37.721  61.022 0.1111110002
135586  48.836  -34.842  61.816 0.2222220004
57699  47.982  -35.263  61.908 0.2222220004
57684  48.389  -35.157  62.591 0.2222220004
57731  47.819  -34.426  59.796 0.1111110002
56746  47.682  -35.483  63.325 0.2222220004
55845  46.444  -36.870  63.416 0.2222220004
54874  46.513  -37.384  63.472 0.2222220004
57745  47.431  -33.986  58.431 0.1111110002
58689  47.316  -33.673  57.642 0.1111110002
54886  46.250  -37.283  62.778 0.2222220004
53868  47.079  -38.262  63.012 0.1111110002
58678  48.963  -33.139  58.621 0.1111110002
58708  47.096  -33.413  56.764 0.1111110002
59728  48.841  -32.767  57.835 0.1111110002
123932  47.358  -32.531  55.526 0.1111110002
59757  47.435  -32.086  54.776 0.1111110002
144742  49.174  -32.297  57.320 0.1111110002
59745  48.192  -32.183  55.901 0.1111110002
59744  49.018  -32.013  56.612 0.1111110002
60725  49.538  -31.525  56.325 0.1111110002
57683  49.404  -34.705  62.626 0.3333329856
57698  49.626  -34.371  61.631 0.2222220004
144627  49.105  -34.104  60.485 0.1111110002
58659  49.510  -33.656  60.163 0.1111110002
140432  49.262  -38.518  63.932 0.2222220004
121887  49.797  -38.941  63.266 0.1111110002
59717  49.772  -32.709  58.876 0.1111110002
60695  49.690  -32.294  57.980 0.1111110002
60724  50.296  -31.312  56.823 0.1111110002
49962  49.017  -42.605  62.502 0.2222220004
127722  50.874  -38.669  64.545 0.2222220004
54870  51.990  -38.956  64.287 0.1111110002
58658  50.259  -33.464  60.555 0.2222220004
124750  50.625  -39.189  63.477 0.2222220004
54882  51.692  -39.406  63.183 0.1111110002
54883  51.068  -39.318  62.381 0.1111110002
52900  51.885  -39.551  61.461 0.1111110002
124759  51.381  -40.351  60.789 0.1111110002
51932  50.035  -40.736  60.151 0.1111110002
50996  49.228  -40.745  59.982 0.1111110002
51940  50.477  -40.382  59.686 0.1111110002
51941  49.730  -40.447  59.389 0.1111110002
49036  50.381  -43.134  64.004 0.2222220004
49953  49.680  -42.772  62.986 0.2222220004
129843  49.811  -42.231  62.448 0.2222220004
54859  50.183  -38.052  64.929 0.2222220004
53865  52.126  -39.298  63.880 0.1111110002
49970  49.997  -41.761  61.950 0.2222220004
53877  51.981  -39.486  62.721 0.1111110002
122042  52.182  -40.102  61.804 0.1111110002
51923  51.633  -40.507  61.506 0.1111110002
50995  50.318  -41.065  60.869 0.1111110002
132502  52.085  -39.567  62.163 0.1111110002
51924  51.020  -40.867  61.187 0.1111110002
138809  49.712  -41.072  60.576 0.1111110002
49035  51.022  -42.815  64.422 0.2222220004
142020  50.151  -42.849  63.424 0.2222220004
49952  50.316  -42.372  62.979 0.2222220004
51902  52.730  -40.317  63.735 0.1111110002
49950  51.719  -41.518  63.524 0.1111110002
50978  50.995  -41.506  62.340 0.2222220004
54841  50.905  -37.921  65.519 0.2222220004
53864  52.290  -38.979  64.658 0.2222220004
52892  52.743  -40.018  63.114 0.1111110002
50976  51.951  -40.656  62.350 0.1111110002
50986  50.580  -41.406  61.683 0.1111110002
53876  52.385  -39.549  63.624 0.2222220004
134429  52.411  -39.726  62.903 0.1111110002
62435  56.136  -29.030  63.191 0.3333329856
62434  56.661  -29.337  62.766 0.3333329856
61545  57.151  -29.746  62.116 0.3333329856
61570  57.408  -30.102  61.269 0.3333329856
136991  52.118  -41.982  66.022 0.2222220004
128315  50.726  -42.545  63.646 0.2222220004
50936  52.422  -40.816  65.757 0.2222220004
50953  52.402  -41.183  64.778 0.1111110002
49951  51.416  -42.186  63.989 0.2222220004
50952  52.685  -40.498  64.435 0.1111110002
49939  51.983  -41.682  64.396 0.1111110002
49960  51.019  -41.887  63.080 0.2222220004
62442  57.663  -29.222  61.577 0.2222220004
63317  58.159  -28.722  61.045 0.2222220004
61583  57.304  -30.261  60.190 0.2222220004
62451  58.451  -29.019  60.251 0.2222220004
62461  58.586  -29.156  59.437 0.2222220004
62482  57.583  -29.345  57.701 0.2222220004
65328  61.240  -26.544  50.793 0.2222220004
68248  62.449  -24.130  49.266 0.2222220004
62473  58.400  -29.229  58.481 0.2222220004
125611  60.473  -26.557  50.848 0.1111110002
123447  61.692  -26.457  50.069 0.2222220004
67286  62.719  -25.204  49.351 0.2222220004
68258  62.418  -23.566  48.461 0.2222220004
69220  62.466  -22.558  48.389 0.2222220004
131127  62.732  -22.146  47.784 0.2222220004
70143  62.992  -21.325  47.529 0.1111110002
63316  58.526  -28.187  60.459 0.2222220004
63363  57.737  -29.090  56.863 0.2222220004
63426  56.017  -27.716  52.432 0.1111110002
65326  62.274  -26.280  51.038 0.2222220004
65319  60.795  -26.613  51.554 0.2222220004
65320  59.965  -26.617  51.376 0.1111110002
146672  55.457  -27.801  52.497 0.1111110002
65327  61.920  -26.446  50.715 0.2222220004
65321  59.052  -26.630  51.196 0.1111110002
64315  57.581  -27.095  51.591 0.1111110002
64311  56.207  -27.480  51.781 0.1111110002
66315  62.682  -25.904  50.542 0.2222220004
141510  62.385  -26.222  50.091 0.2222220004
146998  62.709  -25.413  50.104 0.2222220004
139556  62.788  -25.892  49.725 0.2222220004
123175  62.249  -23.605  49.969 0.2222220004
124785  61.989  -22.560  49.879 0.2222220004
69207  62.290  -23.058  49.173 0.2222220004
136129  62.244  -22.110  48.975 0.2222220004
70127  62.201  -21.330  48.677 0.2222220004
70134  62.546  -21.697  48.240 0.2222220004
71046  62.574  -20.921  48.065 0.1111110002
71047  60.994  -20.574  48.503 0.1111110002
63394  59.161  -28.167  54.941 0.2222220004
63410  57.028  -28.176  53.824 0.1111110002
65318  61.560  -26.500  51.589 0.2222220004
65314  60.315  -26.745  52.200 0.1111110002
64313  59.456  -26.790  51.968 0.1111110002
147384  58.969  -27.090  52.388 0.1111110002
63424  57.433  -27.804  53.087 0.1111110002
63425  56.506  -27.915  53.097 0.1111110002
63432  55.431  -27.640  51.851 0.1111110002
64309  58.076  -27.398  52.430 0.1111110002
64310  56.931  -27.526  52.224 0.1111110002
67281  62.434  -25.074  50.863 0.2222220004
121945  62.509  -24.616  50.051 0.2222220004
123350  61.885  -21.645  49.426 0.1111110002
71025  61.480  -21.131  49.771 0.1111110002
71027  60.664  -20.891  49.908 0.1111110002
71933  62.106  -20.736  48.400 0.1111110002
71039  61.804  -20.986  49.034 0.1111110002
71040  60.959  -20.679  49.258 0.1111110002
71934  61.636  -20.648  48.671 0.1111110002
71041  60.675  -20.882  49.151 0.1111110002
71942  61.836  -20.358  48.177 0.1111110002
71935  61.259  -20.545  48.561 0.1111110002
63395  58.542  -28.147  54.410 0.1111110002
63409  57.923  -28.026  53.777 0.1111110002
65317  62.011  -26.340  51.948 0.2222220004
65313  61.011  -26.697  52.331 0.2222220004
64307  59.791  -27.123  52.802 0.1111110002
64308  58.916  -27.461  52.993 0.1111110002
64298  58.218  -27.722  53.182 0.1111110002
66304  62.059  -25.777  52.281 0.2222220004
67256  61.779  -25.004  52.599 0.2222220004
66311  62.386  -25.839  51.411 0.2222220004
68208  61.748  -24.420  52.218 0.2222220004
69192  61.917  -23.235  50.647 0.2222220004
125901  61.818  -23.630  51.274 0.2222220004
68219  61.978  -24.308  51.505 0.2222220004
70110  59.509  -22.064  51.009 0.1111110002
70116  61.600  -21.839  50.275 0.1111110002
71010  60.664  -21.187  50.600 0.1111110002
70117  60.179  -21.520  50.854 0.1111110002
71009  61.151  -21.314  50.575 0.1111110002
143867  60.389  -21.151  50.332 0.1111110002
64272  60.408  -27.508  55.537 0.2222220004
64285  60.506  -27.423  54.593 0.2222220004
64286  59.973  -27.898  55.034 0.2222220004
64296  60.699  -27.131  53.697 0.2222220004
127346  60.172  -27.578  54.114 0.2222220004
64287  59.423  -27.941  54.278 0.1111110002
64297  58.776  -27.843  53.687 0.1111110002
65302  61.769  -26.297  52.677 0.2222220004
65304  61.117  -26.816  53.010 0.2222220004
143074  60.243  -27.304  53.455 0.2222220004
143103  59.595  -27.580  53.561 0.1111110002
69164  61.470  -23.562  52.101 0.2222220004
69185  59.666  -22.422  51.673 0.1111110002
69186  59.057  -22.887  51.427 0.1111110002
69184  61.592  -22.962  51.343 0.2222220004
141435  61.211  -22.787  51.850 0.2222220004
70094  60.384  -22.117  51.770 0.1111110002
70108  60.753  -21.777  51.204 0.1111110002
70109  60.373  -21.685  51.169 0.1111110002
70095  60.000  -21.925  51.524 0.1111110002
66240  59.689  -25.186  57.842 0.2222220004
66241  58.366  -25.394  57.816 0.1111110002
64271  60.733  -27.022  55.066 0.2222220004
66239  60.172  -25.558  57.277 0.2222220004
66258  59.244  -24.963  57.310 0.1111110002
64284  60.866  -27.037  54.247 0.2222220004
65293  61.146  -26.373  54.546 0.2222220004
142720  60.612  -25.546  55.945 0.2222220004
66256  60.287  -25.175  56.504 0.2222220004
65303  61.457  -26.623  53.001 0.2222220004
134609  61.226  -26.748  53.621 0.2222220004
66282  61.288  -25.430  54.434 0.2222220004
67222  60.810  -24.767  54.953 0.2222220004
66295  61.640  -26.231  53.286 0.2222220004
66281  61.544  -25.293  53.647 0.2222220004
68182  60.654  -24.020  53.922 0.2222220004
130631  61.534  -24.890  53.166 0.2222220004
67232  61.195  -24.364  53.603 0.2222220004
69178  60.911  -23.006  52.395 0.2222220004
69165  61.017  -23.518  52.823 0.2222220004
69180  59.377  -23.013  52.125 0.1111110002
70093  60.795  -22.408  51.844 0.1111110002
69167  60.107  -23.179  52.942 0.1111110002
69168  59.750  -23.339  52.909 0.1111110002
66257  59.963  -24.907  57.027 0.1111110002
66269  60.478  -24.925  55.731 0.2222220004
146568  60.089  -24.603  56.092 0.1111110002
67234  60.553  -24.266  54.585 0.2222220004
140353  60.311  -24.443  55.332 0.1111110002
68196  60.812  -23.765  53.347 0.2222220004
69166  60.547  -23.307  52.907 0.1111110002
147058  60.018  -24.273  55.484 0.1111110002
46285  47.342  -46.200  66.343 0.2222220004
49024  51.165  -43.199  65.217 0.2222220004
144059  52.129  -41.784  65.085 0.2222220004
49940  51.676  -42.392  64.925 0.2222220004
63296  57.197  -28.850  62.243 0.2222220004
63307  57.120  -28.038  62.196 0.2222220004
65260  60.551  -25.947  56.447 0.2222220004
45306  46.305  -47.327  68.389 0.3333329856
58666  50.053  -33.100  59.745 0.1111110002
54863  46.677  -37.145  64.082 0.2222220004
52882  52.702  -39.703  64.726 0.2222220004
52887  52.616  -39.625  64.210 0.2222220004
54872  50.047  -38.601  64.176 0.2222220004
61546  56.589  -30.296  62.553 0.3333329856
60712  49.687  -31.835  57.158 0.1111110002
58651  49.664  -34.008  60.850 0.1111110002
54873  46.898  -37.861  63.794 0.1111110002
125172  53.276  -33.273  55.591 0.1111110002
58706  54.344  -33.310  57.594 0.1111110002
58756  53.903  -33.120  55.173 0.1111110002
125012  51.402  -34.318  55.855 0.1111110002
125053  53.048  -33.998  57.989 0.1111110002
140654  48.344  -35.769  55.512 0.1111110002
56835  46.871  -35.604  54.952 0.1111110002
122588  55.562  -33.032  55.400 0.1111110002
55901  48.357  -36.533  57.559 0.1111110002
55917  48.039  -36.362  56.665 0.1111110002
56801  50.004  -35.736  57.633 0.1111110002
55889  46.800  -36.890  57.999 0.1111110002
54943  47.528  -37.077  58.667 0.1111110002
56850  46.998  -35.222  54.042 0.1111110002
56836  46.135  -35.364  55.221 0.1111110002
56818  45.649  -35.314  56.294 0.1111110002
143047  46.250  -36.078  56.408 0.1111110002
55903  45.711  -36.058  57.506 0.1111110002
57797  45.598  -34.891  56.661 0.1111110002
56790  45.631  -35.794  58.174 0.1111110002
57717  47.123  -34.999  60.012 0.1111110002
56781  46.029  -35.299  58.858 0.1111110002
56775  45.776  -36.093  59.980 0.1111110002
55890  45.918  -36.552  58.263 0.1111110002
54935  45.877  -36.929  59.229 0.1111110002
54934  46.392  -37.359  59.712 0.1111110002
55869  45.783  -36.503  60.546 0.1111110002
145474  46.300  -36.400  57.219 0.1111110002
57714  49.012  -34.423  61.074 0.1111110002
57716  47.709  -34.916  60.570 0.1111110002
56767  46.556  -35.897  61.403 0.1111110002
57821  45.785  -34.443  54.798 0.1111110002
57746  46.649  -34.576  58.628 0.1111110002
57771  46.619  -34.286  57.888 0.1111110002
145000  46.557  -36.271  62.208 0.2222220004
56756  47.587  -35.527  62.585 0.2222220004
136995  45.931  -34.305  54.204 0.1111110002
58709  46.282  -33.804  56.304 0.1111110002
54887  45.951  -37.089  61.982 0.1111110002
58762  45.771  -33.972  54.649 0.1111110002
131810  46.093  -33.293  54.656 0.1111110002
54902  46.086  -37.411  61.288 0.1111110002
55853  46.270  -36.743  62.582 0.2222220004
53890  46.619  -37.868  61.731 0.1111110002
135475  46.103  -33.833  53.412 0.1111110002
59773  46.178  -32.903  53.664 0.1111110002
57715  48.472  -34.434  60.503 0.1111110002
55852  46.885  -36.170  63.088 0.2222220004
147369  47.427  -34.308  59.061 0.1111110002
58668  48.279  -33.788  59.072 0.1111110002
58660  48.753  -33.956  59.910 0.1111110002
58679  48.162  -33.401  58.171 0.1111110002
59736  47.968  -33.096  57.311 0.1111110002
58667  49.235  -33.391  59.403 0.1111110002
145703  49.327  -32.718  58.344 0.1111110002
59746  47.653  -32.791  56.393 0.1111110002
124568  48.510  -32.533  56.920 0.1111110002
59758  46.715  -32.600  54.699 0.1111110002
60738  50.078  -31.062  55.904 0.1111110002
54871  51.378  -39.206  63.860 0.2222220004
53888  51.593  -39.377  61.501 0.1111110002
51922  51.742  -40.021  61.049 0.1111110002
51931  50.751  -40.615  60.457 0.1111110002
122107  49.034  -40.391  59.099 0.1111110002
49961  50.447  -41.832  62.420 0.2222220004
50987  49.733  -41.465  61.279 0.2222220004
127746  52.901  -40.035  64.046 0.1111110002
122712  52.422  -40.488  63.109 0.1111110002
50964  52.352  -40.980  63.876 0.1111110002
123330  51.980  -40.994  63.103 0.1111110002
50977  51.499  -41.287  62.696 0.2222220004
51913  52.447  -40.153  62.490 0.1111110002
50985  51.323  -41.091  61.919 0.1111110002
62452  57.971  -29.581  60.755 0.2222220004
67293  62.619  -24.658  48.498 0.2222220004
71048  60.746  -20.876  48.259 0.1111110002
71052  63.030  -20.348  47.677 0.1111110002
65312  61.456  -26.548  52.437 0.2222220004
64314  58.527  -26.901  51.768 0.1111110002
68233  62.174  -24.089  50.714 0.2222220004
71926  61.329  -20.695  49.208 0.1111110002
64306  60.600  -26.978  52.941 0.2222220004
66294  61.785  -25.616  52.967 0.2222220004
68195  61.368  -24.188  52.922 0.2222220004
67274  62.109  -25.098  51.819 0.2222220004
147456  61.683  -22.541  50.678 0.2222220004
70107  61.245  -22.199  51.152 0.2222220004
141033  59.986  -22.631  52.170 0.1111110002
65280  60.796  -26.258  55.558 0.2222220004
66268  60.953  -25.527  55.218 0.2222220004
140988  61.492  -26.113  53.884 0.2222220004
67233  61.103  -24.555  54.232 0.2222220004
69179  60.395  -22.774  52.324 0.1111110002
22405  13.387  -68.390  79.868 0.1111110002
25486  15.854  -66.431  79.387 0.2222220004
26499  15.220  -66.566  79.827 0.2222220004
139204  14.675  -67.681  80.033 0.1111110002
22404  14.194  -68.128  79.936 0.1111110002
22416  12.904  -68.842  79.556 0.1111110002
24489  13.895  -67.416  80.238 0.1111110002
22428  14.269  -69.016  78.881 0.1111110002
22437  13.851  -69.016  78.127 0.1111110002
23426  13.317  -67.759  80.178 0.1111110002
23427  12.632  -68.025  80.201 0.1111110002
22406  12.443  -68.530  79.929 0.1111110002
24477  13.305  -67.119  80.370 0.1111110002
129279  12.128  -68.881  79.588 0.1111110002
22429  13.324  -69.087  78.951 0.1111110002
26509  15.043  -65.886  79.343 0.2222220004
22430  12.292  -69.124  78.912 0.1111110002
25468  12.640  -67.109  80.480 0.1111110002
24478  13.167  -67.322  80.328 0.1111110002
129597  11.920  -68.247  80.265 0.1111110002
26500  14.448  -66.355  80.027 0.2222220004
25477  13.853  -66.855  80.303 0.1111110002
22407  11.666  -68.702  79.932 0.1111110002
23420  10.443  -67.834  80.711 0.1111110002
25478  13.052  -66.709  80.338 0.1111110002
24480  11.438  -67.331  80.698 0.1111110002
23419  11.369  -67.898  80.577 0.1111110002
26520  12.867  -65.548  78.997 0.2222220004
26501  13.528  -66.219  80.131 0.2222220004
22408  10.866  -68.852  79.919 0.1111110002
22409  10.002  -68.881  80.030 0.1111110002
26510  13.885  -65.682  79.476 0.2222220004
23421  9.634  -67.696  80.768 0.1111110002
25480  11.204  -66.558  80.406 0.2222220004
123874  11.018  -67.008  80.730 0.2222220004
26511  12.228  -65.791  79.505 0.2222220004
26502  12.685  -66.142  80.200 0.2222220004
137683  13.509  -65.340  78.630 0.2222220004
26523  10.489  -65.322  78.234 0.2222220004
140803  10.274  -66.248  80.318 0.2222220004
25470  10.337  -66.708  80.536 0.2222220004
26512  11.076  -65.741  79.033 0.2222220004
26504  10.625  -65.901  79.920 0.2222220004
27541  9.999  -64.828  78.666 0.2222220004
26513  10.087  -65.439  79.079 0.2222220004
26521  11.862  -65.620  78.476 0.2222220004
26530  11.529  -65.450  77.556 0.2222220004
26505  9.583  -65.592  79.977 0.2222220004
124791  9.540  -66.702  80.613 0.2222220004
26532  10.423  -64.870  77.784 0.2222220004
27553  10.790  -64.686  77.117 0.2222220004
28577  10.673  -63.649  77.920 0.2222220004
26496  8.324  -65.180  80.525 0.2222220004
26497  7.797  -65.094  80.731 0.2222220004
26514  9.496  -64.985  79.486 0.2222220004
27539  9.085  -64.955  80.130 0.2222220004
26495  8.862  -65.436  80.309 0.2222220004
135024  10.140  -64.014  79.021 0.2222220004
28573  10.649  -63.468  78.920 0.2222220004
28574  10.309  -64.248  78.215 0.2222220004
29620  7.835  -63.181  80.135 0.2222220004
29619  8.459  -62.728  79.960 0.2222220004
139711  8.250  -62.962  80.661 0.2222220004
28562  7.981  -63.791  80.812 0.2222220004
28563  7.409  -64.153  80.691 0.2222220004
29615  9.024  -62.630  80.559 0.2222220004
29611  8.477  -63.195  80.887 0.2222220004
28561  8.574  -63.494  80.879 0.2222220004
29614  9.789  -62.488  80.633 0.2222220004
144864  9.722  -62.824  80.794 0.2222220004
28560  9.226  -63.331  80.780 0.2222220004
135304  8.659  -64.268  80.526 0.2222220004
29613  11.176  -62.387  80.248 0.2222220004
28565  9.967  -63.196  80.468 0.2222220004
28569  9.789  -64.144  79.634 0.2222220004
28566  9.283  -64.182  80.242 0.2222220004
29618  11.440  -62.771  79.703 0.2222220004
141509  18.148  -58.464  76.135 0.2222220004
34794  17.159  -58.236  76.174 0.1111110002
34795  16.297  -58.000  76.027 0.1111110002
34807  16.544  -57.866  75.182 0.1111110002
30597  9.061  -62.119  79.690 0.2222220004
132899  8.178  -62.920  78.388 0.1111110002
33730  13.540  -58.957  76.974 0.1111110002
30587  9.738  -61.960  80.207 0.2222220004
30611  9.073  -61.993  78.611 0.2222220004
138646  11.090  -61.864  80.275 0.2222220004
30596  9.749  -61.763  79.146 0.2222220004
30595  10.495  -61.533  79.620 0.2222220004
31657  10.277  -61.319  78.579 0.2222220004
34806  17.452  -57.935  75.405 0.1111110002
34796  15.555  -58.065  75.948 0.1111110002
141333  17.082  -57.801  74.687 0.1111110002
34837  17.179  -57.670  73.965 0.1111110002
29624  8.623  -62.621  78.986 0.1111110002
29632  8.725  -62.625  78.043 0.1111110002
30610  9.748  -61.729  78.083 0.1111110002
33749  13.665  -58.675  75.999 0.1111110002
33731  12.740  -59.431  77.032 0.1111110002
31656  10.814  -60.872  78.081 0.2222220004
33750  12.920  -58.989  76.245 0.1111110002
145158  11.930  -59.945  77.740 0.1111110002
31669  10.834  -60.796  77.095 0.1111110002
32674  11.468  -60.358  77.648 0.1111110002
33760  19.830  -58.690  74.963 0.1111110002
32691  11.975  -59.801  77.023 0.1111110002
34804  19.096  -58.332  74.733 0.1111110002
33762  13.131  -58.774  75.404 0.1111110002
132230  23.640  -60.418  72.126 0.2222220004
140845  19.560  -58.492  74.444 0.1111110002
31748  33.300  -58.510  72.008 0.1111110002
32763  33.358  -58.521  70.635 0.1111110002
32786  32.950  -58.309  70.141 0.1111110002
128029  32.147  -58.002  70.179 0.1111110002
32806  31.892  -57.643  69.293 0.1111110002
33758  21.921  -58.999  75.117 0.2222220004
131649  20.035  -58.542  74.170 0.1111110002
31749  32.570  -58.567  72.470 0.1111110002
31770  32.961  -58.549  71.534 0.1111110002
144747  31.867  -58.321  70.871 0.1111110002
32787  31.234  -57.789  69.848 0.1111110002
33814  26.157  -58.316  70.144 0.1111110002
32770  25.444  -58.928  70.733 0.1111110002
129677  30.961  -57.581  69.095 0.1111110002
129372  31.562  -57.355  68.562 0.1111110002
33844  30.678  -57.268  68.430 0.1111110002
128048  27.107  -58.062  69.975 0.1111110002
33830  26.610  -57.917  69.265 0.1111110002
143529  22.169  -58.587  74.474 0.2222220004
122083  31.286  -58.139  70.592 0.1111110002
146233  26.887  -58.350  70.588 0.1111110002
32788  30.537  -57.956  70.286 0.1111110002
33827  30.008  -57.591  69.012 0.1111110002
124894  29.263  -57.743  69.355 0.1111110002
33829  27.553  -57.775  69.223 0.1111110002
139119  28.958  -57.193  68.049 0.1111110002
34888  27.045  -57.422  68.506 0.1111110002
34898  30.421  -56.924  67.599 0.1111110002
33845  29.767  -57.210  68.210 0.1111110002
140928  22.776  -58.517  75.180 0.2222220004
34793  23.375  -58.422  75.922 0.2222220004
32738  29.250  -58.764  72.896 0.2222220004
32753  28.810  -58.727  72.120 0.1111110002
32740  27.705  -58.867  72.184 0.1111110002
32768  27.325  -58.641  71.189 0.1111110002
32765  30.587  -58.332  70.984 0.1111110002
32766  29.723  -58.198  70.689 0.1111110002
138890  28.887  -58.311  70.810 0.1111110002
33813  27.968  -58.021  69.940 0.1111110002
33799  27.554  -58.259  70.541 0.1111110002
33812  28.910  -58.032  70.054 0.1111110002
33828  28.485  -57.764  69.273 0.1111110002
34887  28.135  -57.356  68.445 0.1111110002
128868  29.404  -56.993  67.317 0.1111110002
34899  28.392  -57.080  67.534 0.1111110002
34900  27.477  -57.127  67.715 0.1111110002
42281  44.353  -49.752  68.244 0.2222220004
43359  43.830  -49.646  67.565 0.2222220004
43376  43.257  -49.329  66.828 0.1111110002
43345  44.880  -49.222  68.362 0.3333329856
43358  44.673  -49.240  67.808 0.1111110002
44369  43.716  -48.724  66.364 0.1111110002
43357  45.220  -48.762  68.079 0.2222220004
43374  45.049  -48.698  67.414 0.2222220004
43375  44.246  -49.084  67.074 0.1111110002
44368  44.658  -48.491  66.674 0.1111110002
44384  44.159  -48.129  65.983 0.1111110002
45335  43.741  -47.572  65.370 0.1111110002
45347  43.167  -47.142  64.827 0.1111110002
45323  45.704  -47.624  66.582 0.1111110002
44367  45.427  -48.127  66.980 0.1111110002
45333  45.438  -47.292  65.867 0.1111110002
45324  45.045  -47.917  66.299 0.1111110002
45334  44.558  -47.613  65.747 0.1111110002
46298  43.872  -46.982  64.915 0.1111110002
46296  45.397  -46.645  65.177 0.1111110002
46312  44.485  -46.504  64.765 0.1111110002
46313  43.540  -46.443  64.462 0.1111110002
48151  44.130  -44.881  63.353 0.1111110002
48152  43.138  -45.040  63.252 0.1111110002
44366  45.976  -47.568  67.164 0.1111110002
131379  46.135  -46.752  65.664 0.1111110002
46297  44.548  -47.127  65.295 0.1111110002
47259  45.296  -45.945  64.496 0.1111110002
47273  44.686  -45.386  63.897 0.1111110002
47260  44.307  -45.968  64.296 0.1111110002
47274  43.613  -45.636  63.862 0.1111110002
49055  44.042  -43.677  62.359 0.1111110002
48165  43.598  -44.336  62.823 0.1111110002
49056  43.092  -43.851  62.231 0.1111110002
127121  46.425  -46.991  66.873 0.1111110002
45332  46.697  -46.608  66.309 0.1111110002
45322  46.254  -47.043  66.369 0.1111110002
47272  45.647  -45.193  64.009 0.1111110002
48150  45.119  -44.692  63.453 0.1111110002
49071  43.505  -43.229  61.807 0.1111110002
49974  43.843  -42.618  61.373 0.1111110002
49986  44.114  -42.032  60.850 0.1111110002
51001  44.342  -41.448  60.204 0.1111110002
51011  47.659  -40.844  60.094 0.1111110002
51012  46.577  -40.688  59.716 0.1111110002
51014  44.883  -40.959  59.751 0.1111110002
46294  47.444  -46.113  65.875 0.1111110002
46295  46.777  -46.451  65.802 0.1111110002
46311  46.316  -46.163  65.096 0.1111110002
47258  46.881  -45.594  64.731 0.1111110002
142996  46.154  -45.593  64.501 0.1111110002
47271  46.489  -45.035  64.191 0.1111110002
48163  45.499  -43.976  63.079 0.1111110002
49054  44.975  -43.498  62.485 0.1111110002
49069  45.341  -42.810  62.030 0.1111110002
49070  44.394  -42.997  61.959 0.1111110002
49973  44.726  -42.395  61.431 0.1111110002
144734  46.336  -42.221  61.558 0.1111110002
128908  45.700  -42.185  61.431 0.1111110002
49971  49.337  -41.941  61.923 0.1111110002
49984  46.432  -41.786  61.123 0.1111110002
144603  45.696  -41.666  60.855 0.1111110002
49985  44.984  -41.804  60.888 0.1111110002
50999  46.971  -41.273  60.562 0.1111110002
140007  46.098  -41.266  60.446 0.1111110002
50988  48.903  -41.646  61.326 0.1111110002
51000  45.253  -41.325  60.346 0.1111110002
146882  48.510  -41.406  60.871 0.1111110002
48149  46.019  -44.531  63.609 0.1111110002
126536  46.881  -44.444  63.746 0.1111110002
48162  46.408  -43.865  63.199 0.1111110002
48161  47.279  -43.825  63.283 0.1111110002
49053  45.899  -43.333  62.604 0.1111110002
49051  47.685  -43.251  62.804 0.1111110002
49068  46.335  -42.667  62.050 0.1111110002
130066  46.903  -42.252  61.648 0.1111110002
58618  44.092  -34.478  66.179 0.2222220004
140909  43.410  -34.246  68.316 0.2222220004
33761  19.038  -58.594  75.576 0.2222220004
34805  18.386  -58.014  75.163 0.1111110002
34822  17.791  -57.834  74.535 0.1111110002
32769  26.353  -58.759  71.006 0.1111110002
128425  31.289  -58.447  71.301 0.1111110002
33740  23.734  -58.749  76.520 0.2222220004
122078  29.271  -58.531  71.385 0.1111110002
32764  32.564  -58.431  70.794 0.1111110002
24481  10.200  -67.188  80.816 0.1111110002
33747  15.732  -58.505  76.535 0.1111110002
23429  10.640  -68.410  80.396 0.1111110002
25481  9.544  -66.220  80.391 0.2222220004
27536  8.085  -64.254  80.763 0.2222220004
58603  43.852  -34.308  66.888 0.2222220004
32690  12.442  -59.798  77.748 0.1111110002
141279  10.795  -60.973  79.007 0.2222220004
44365  46.271  -47.258  67.405 0.1111110002
130771  49.126  -41.248  60.703 0.1111110002
125091  14.782  -67.077  80.124 0.1111110002
23417  12.650  -67.545  80.371 0.1111110002
124860  12.908  -69.073  78.332 0.1111110002
25469  11.784  -66.992  80.608 0.1111110002
24479  12.022  -67.448  80.580 0.1111110002
23428  11.297  -68.449  80.266 0.1111110002
143189  10.913  -67.440  80.756 0.1111110002
25479  12.217  -66.622  80.370 0.1111110002
134140  13.075  -65.816  79.771 0.2222220004
26503  11.710  -66.015  80.149 0.2222220004
26531  10.817  -65.252  77.499 0.2222220004
28578  10.560  -64.298  77.518 0.2222220004
29610  9.176  -62.966  80.952 0.2222220004
135535  10.387  -62.444  80.530 0.2222220004
135105  10.442  -61.935  80.414 0.2222220004
147123  10.600  -62.790  80.420 0.2222220004
32805  32.994  -57.939  69.384 0.1111110002
33810  30.512  -57.735  69.577 0.1111110002
33811  29.820  -57.847  69.820 0.1111110002
32767  28.296  -58.568  71.301 0.1111110002
147400  27.852  -58.445  70.907 0.1111110002
44385  43.241  -48.258  65.740 0.1111110002
48164  44.557  -44.156  62.945 0.1111110002
50998  47.848  -41.346  60.731 0.1111110002
51013  45.664  -40.932  59.955 0.1111110002
49964  47.260  -42.716  62.239 0.1111110002
49052  46.825  -43.273  62.699 0.1111110002
36914  30.411  -55.707  73.226 0.1111110002
137333  29.531  -55.804  73.668 0.1111110002
36916  28.815  -55.792  73.148 0.1111110002
35856  23.410  -56.598  74.403 0.1111110002
37934  26.237  -55.449  72.952 0.1111110002
36892  24.777  -55.978  74.927 0.1111110002
37935  25.354  -55.346  73.330 0.1111110002
144002  24.704  -55.403  73.630 0.1111110002
35850  23.075  -57.454  74.764 0.1111110002
34817  22.512  -57.997  74.233 0.1111110002
46261  40.699  -46.512  69.859 0.1111110002
47185  41.279  -46.009  70.308 0.1111110002
57623  41.598  -35.208  67.042 0.1111110002
56709  41.373  -35.112  67.578 0.1111110002
140470  42.069  -34.959  68.036 0.1111110002
122916  42.428  -34.911  66.762 0.1111110002
57633  41.904  -35.011  66.331 0.1111110002
57648  42.301  -34.921  65.953 0.1111110002
58604  43.116  -34.697  67.162 0.1111110002
57632  43.263  -34.775  66.262 0.1111110002
125406  43.006  -34.896  65.335 0.1111110002
57647  43.883  -34.744  65.518 0.1111110002
57657  44.363  -34.679  64.941 0.1111110002
57670  44.396  -34.794  64.127 0.1111110002
59669  46.405  -33.306  62.327 0.1111110002
58637  45.179  -34.482  63.844 0.1111110002
137874  44.733  -34.798  63.389 0.1111110002
29681  22.634  -61.115  73.853 0.2222220004
30702  22.749  -60.856  72.573 0.2222220004
134981  45.263  -34.528  63.004 0.1111110002
57610  41.341  -35.089  67.932 0.1111110002
146628  42.448  -34.888  67.444 0.1111110002
56718  41.355  -35.404  66.358 0.1111110002
65334  61.382  -26.431  49.474 0.1111110002
65345  61.508  -26.367  48.790 0.1111110002
65357  62.189  -26.168  47.189 0.1111110002
66340  61.908  -26.187  46.340 0.1111110002
66357  62.756  -26.025  45.128 0.1111110002
66375  62.257  -26.310  44.509 0.1111110002
123875  62.059  -26.381  49.348 0.1111110002
66323  62.631  -26.004  48.601 0.1111110002
66339  62.547  -26.004  46.162 0.1111110002
66358  62.131  -26.268  45.415 0.1111110002
70215  63.627  -21.604  40.005 0.1111110002
67285  62.735  -25.384  48.686 0.1111110002
66328  62.775  -25.477  47.465 0.1111110002
132321  63.316  -24.929  45.918 0.1111110002
123137  63.669  -24.282  44.662 0.1111110002
68283  63.749  -23.294  44.693 0.1111110002
126787  63.909  -24.080  43.976 0.1111110002
68296  64.174  -23.215  43.552 0.1111110002
139075  64.336  -22.781  42.744 0.1111110002
69287  63.931  -22.661  40.896 0.1111110002
69286  63.982  -21.900  40.419 0.1111110002
70207  64.299  -21.309  40.699 0.1111110002
70214  64.094  -21.195  39.982 0.1111110002
70224  63.611  -20.985  39.694 0.1111110002
67300  62.774  -24.773  47.631 0.1111110002
67304  63.065  -24.874  46.791 0.1111110002
123624  63.379  -23.291  45.705 0.1111110002
69250  64.063  -22.361  44.272 0.1111110002
70161  64.313  -22.131  43.473 0.1111110002
69267  64.392  -22.002  42.395 0.1111110002
70199  64.402  -21.341  41.716 0.1111110002
71118  64.446  -20.638  41.207 0.1111110002
71123  64.328  -20.540  40.183 0.1111110002
70223  64.077  -20.642  39.718 0.1111110002
141660  63.874  -20.380  39.536 0.1111110002
72031  63.848  -19.802  39.385 0.1111110002
72956  63.783  -18.916  39.173 0.1111110002
72032  63.245  -19.596  39.430 0.1111110002
69229  62.611  -23.089  47.584 0.1111110002
67301  62.513  -24.026  47.811 0.1111110002
122394  63.004  -23.182  46.610 0.1111110002
69235  63.326  -22.436  46.174 0.1111110002
69238  63.773  -22.296  44.942 0.1111110002
135653  64.263  -21.150  43.942 0.1111110002
144240  64.185  -21.778  44.151 0.1111110002
70179  64.391  -21.478  43.127 0.1111110002
71081  64.387  -20.766  43.153 0.1111110002
71102  64.417  -20.625  42.268 0.1111110002
122653  64.398  -19.896  43.000 0.1111110002
131043  64.389  -19.760  41.847 0.1111110002
72014  64.442  -20.040  40.790 0.1111110002
139461  64.416  -19.417  40.949 0.1111110002
121976  64.386  -18.935  39.709 0.1111110002
72957  63.002  -18.741  39.370 0.1111110002
72955  64.170  -18.397  39.265 0.1111110002
72964  63.354  -18.242  39.124 0.1111110002
145668  62.412  -17.138  39.490 0.1111110002
73817  62.049  -17.320  39.973 0.1111110002
73818  61.131  -17.108  40.533 0.1111110002
73803  59.678  -17.604  41.230 0.1111110002
122003  63.021  -22.252  47.065 0.1111110002
128021  63.700  -20.902  46.092 0.1111110002
71068  63.956  -20.363  45.635 0.1111110002
136951  64.329  -20.100  43.928 0.1111110002
71067  64.169  -20.297  44.822 0.1111110002
71968  64.256  -19.266  44.814 0.1111110002
71992  64.346  -18.908  42.862 0.1111110002
122477  64.297  -18.658  41.731 0.1111110002
132425  64.171  -17.711  41.991 0.1111110002
138846  64.409  -18.183  39.953 0.1111110002
128009  64.273  -17.965  41.029 0.1111110002
73837  64.290  -17.501  39.464 0.1111110002
73853  64.104  -17.537  38.930 0.1111110002
73855  63.266  -17.595  38.959 0.1111110002
74649  62.020  -16.454  39.673 0.1111110002
74650  61.076  -15.863  39.955 0.1111110002
73819  59.044  -16.908  40.922 0.1111110002
73805  57.811  -17.591  41.272 0.1111110002
134924  62.901  -16.197  38.932 0.1111110002
130266  60.066  -16.980  40.745 0.1111110002
73816  64.268  -17.304  40.427 0.1111110002
74636  64.197  -16.677  39.863 0.1111110002
75563  63.916  -16.018  39.470 0.1111110002
73821  57.270  -17.002  40.759 0.1111110002
73822  56.430  -17.086  40.555 0.1111110002
74642  56.070  -16.619  39.783 0.1111110002
75564  63.365  -15.602  39.088 0.1111110002
145366  62.557  -15.682  39.130 0.1111110002
74639  59.322  -16.117  40.418 0.1111110002
74652  58.177  -15.691  39.933 0.1111110002
74641  56.818  -16.490  40.056 0.1111110002
76457  63.035  -14.637  39.046 0.1111110002
76458  62.221  -14.443  39.122 0.1111110002
75565  61.620  -15.447  39.537 0.1111110002
75566  60.627  -15.012  39.675 0.1111110002
141095  59.763  -14.826  39.688 0.1111110002
77393  61.659  -13.551  39.110 0.1111110002
76459  61.514  -14.091  39.181 0.1111110002
75578  61.190  -14.504  39.367 0.1111110002
131330  63.906  -15.443  41.854 0.1111110002
76442  63.894  -15.460  40.242 0.1111110002
133519  63.589  -15.146  39.520 0.1111110002
76443  63.680  -14.080  40.524 0.1111110002
76450  63.467  -14.315  39.607 0.1111110002
76451  60.090  -14.053  39.338 0.1111110002
76452  59.075  -14.385  39.316 0.1111110002
141214  58.282  -14.877  39.313 0.1111110002
77392  62.370  -13.764  39.109 0.1111110002
123069  61.014  -13.322  39.073 0.1111110002
122892  60.167  -13.169  38.860 0.1111110002
78335  61.788  -12.853  39.094 0.1111110002
78336  61.043  -12.437  38.960 0.1111110002
76432  63.731  -13.970  41.664 0.1111110002
77351  63.536  -13.117  42.145 0.1111110002
78277  62.979  -12.687  43.229 0.1111110002
78322  63.084  -12.601  40.010 0.1111110002
78309  63.189  -12.257  40.831 0.1111110002
79254  62.950  -11.701  42.162 0.1111110002
77380  62.686  -13.108  39.314 0.1111110002
78323  62.327  -12.275  39.462 0.1111110002
77395  59.356  -12.808  38.556 0.1111110002
78278  62.423  -12.211  43.381 0.1111110002
80241  61.739  -11.003  41.364 0.1111110002
79256  61.840  -10.839  42.867 0.1111110002
79287  61.178  -11.607  39.646 0.1111110002
80250  60.839  -11.391  40.346 0.1111110002
79301  59.288  -12.277  38.901 0.1111110002
123880  59.975  -11.713  40.967 0.1111110002
79290  58.984  -12.270  39.383 0.1111110002
79278  59.531  -11.983  40.188 0.1111110002
78290  59.056  -12.665  42.222 0.1111110002
80230  60.928  -11.201  41.691 0.1111110002
79258  59.676  -12.025  42.326 0.1111110002
79245  59.832  -11.599  44.052 0.1111110002
78281  58.922  -12.676  43.436 0.1111110002
142041  62.781  -25.800  49.009 0.1111110002
70151  63.369  -21.534  46.613 0.1111110002
129477  62.579  -26.112  49.219 0.1111110002
65359  60.780  -26.131  48.410 0.1111110002
65344  62.246  -26.250  48.500 0.1111110002
66330  61.622  -26.133  47.100 0.1111110002
132167  62.615  -25.892  47.020 0.1111110002
137402  63.176  -25.607  45.600 0.1111110002
66322  62.699  -25.683  48.316 0.1111110002
144668  62.182  -26.216  47.864 0.1111110002
66338  63.016  -25.552  46.491 0.1111110002
136280  62.738  -25.232  48.141 0.1111110002
68260  62.746  -24.028  47.056 0.1111110002
68262  63.186  -24.108  46.208 0.1111110002
68267  63.476  -24.161  45.347 0.1111110002
67313  63.496  -24.927  45.090 0.1111110002
122407  64.070  -24.042  43.222 0.1111110002
69278  64.237  -22.798  41.820 0.1111110002
69277  64.267  -22.044  41.269 0.1111110002
146082  63.549  -22.622  45.396 0.1111110002
125390  64.417  -21.255  42.556 0.1111110002
72024  64.419  -19.652  40.035 0.1111110002
71129  64.165  -20.093  39.617 0.1111110002
72030  64.178  -19.359  39.417 0.1111110002
71130  63.410  -20.350  39.532 0.1111110002
138665  63.610  -21.850  45.665 0.1111110002
146803  63.984  -21.379  44.925 0.1111110002
73838  62.740  -17.783  39.358 0.1111110002
74648  62.712  -16.903  39.133 0.1111110002
74669  62.375  -15.966  39.287 0.1111110002
74637  61.405  -16.581  40.140 0.1111110002
72941  61.704  -17.977  40.561 0.1111110002
73802  60.782  -17.737  41.072 0.1111110002
74638  60.506  -16.351  40.331 0.1111110002
71961  64.027  -19.474  45.712 0.1111110002
71975  64.361  -19.093  43.858 0.1111110002
74646  64.113  -16.837  39.093 0.1111110002
74667  63.855  -17.013  38.742 0.1111110002
74668  63.308  -16.944  38.813 0.1111110002
75577  62.073  -15.081  39.208 0.1111110002
73804  58.697  -17.565  41.260 0.1111110002
73820  58.127  -16.949  40.904 0.1111110002
73806  56.912  -17.619  41.231 0.1111110002
145589  63.128  -15.919  38.880 0.1111110002
74651  60.058  -15.539  40.047 0.1111110002
130309  58.452  -16.392  40.553 0.1111110002
74629  64.095  -16.495  40.859 0.1111110002
75556  64.062  -16.072  40.279 0.1111110002
74640  57.646  -16.373  40.329 0.1111110002
74654  56.440  -16.048  39.281 0.1111110002
73823  55.651  -17.164  40.290 0.1111110002
75557  59.077  -15.206  39.860 0.1111110002
77391  63.021  -13.845  39.251 0.1111110002
76460  60.855  -13.760  39.168 0.1111110002
75549  63.987  -15.764  41.068 0.1111110002
76431  63.862  -14.914  41.124 0.1111110002
77365  63.543  -13.070  40.939 0.1111110002
76461  59.031  -13.469  38.669 0.1111110002
78337  60.391  -12.306  38.791 0.1111110002
128560  60.059  -12.616  38.724 0.1111110002
79299  60.789  -11.956  39.005 0.1111110002
78298  63.321  -12.325  41.688 0.1111110002
78289  62.769  -11.907  42.854 0.1111110002
78310  62.658  -11.881  40.313 0.1111110002
79265  62.388  -11.209  41.709 0.1111110002
79286  61.940  -11.608  39.857 0.1111110002
79276  61.483  -11.282  40.507 0.1111110002
79277  60.225  -11.589  40.369 0.1111110002
80231  60.488  -11.453  41.325 0.1111110002
79300  60.037  -11.977  38.919 0.1111110002
80220  60.623  -11.262  42.838 0.1111110002
79257  60.073  -11.611  43.043 0.1111110002
78280  59.523  -12.114  43.223 0.1111110002
25476  15.635  -66.975  79.728 0.1111110002
22414  15.393  -68.256  79.101 0.1111110002
26519  14.375  -65.285  78.674 0.1111110002
27544  13.722  -65.062  77.890 0.1111110002
26522  11.073  -65.569  78.071 0.1111110002
27545  12.606  -65.412  77.908 0.1111110002
27576  12.680  -64.259  74.647 0.1111110002
27560  12.953  -64.722  75.596 0.1111110002
27559  14.161  -64.862  76.235 0.1111110002
27562  11.222  -64.432  76.421 0.1111110002
135380  11.967  -65.329  76.990 0.1111110002
27569  11.650  -64.192  75.668 0.1111110002
27561  12.039  -64.871  76.180 0.1111110002
29692  21.901  -61.206  73.228 0.1111110002
27577  11.969  -63.989  75.068 0.1111110002
30672  18.281  -60.887  74.796 0.1111110002
28593  12.057  -63.428  74.577 0.1111110002
142076  13.082  -64.013  73.928 0.1111110002
124691  21.562  -61.077  72.326 0.1111110002
30660  17.298  -60.798  75.156 0.1111110002
29683  21.363  -61.317  73.999 0.1111110002
30689  18.834  -60.907  74.037 0.1111110002
144976  20.310  -61.004  72.800 0.1111110002
137085  20.060  -61.056  73.301 0.1111110002
141411  18.531  -60.595  73.464 0.1111110002
30690  18.001  -60.592  73.937 0.1111110002
30704  20.953  -61.087  73.131 0.1111110002
32704  11.329  -60.231  76.597 0.1111110002
31670  10.254  -61.248  77.579 0.1111110002
29672  20.912  -61.225  74.654 0.1111110002
30687  20.548  -61.215  73.961 0.1111110002
30688  19.696  -61.079  73.986 0.1111110002
29659  20.213  -61.102  75.241 0.1111110002
35957  43.672  -56.685  64.468 0.1111110002
37025  45.137  -55.452  64.975 0.1111110002
35956  44.634  -55.928  64.694 0.1111110002
37026  44.430  -55.278  63.657 0.1111110002
40192  45.494  -52.809  64.154 0.1111110002
43360  42.740  -50.051  67.374 0.1111110002
39083  45.543  -53.586  65.522 0.1111110002
40163  45.451  -52.948  65.063 0.1111110002
126704  44.617  -52.453  65.380 0.1111110002
39073  41.285  -53.857  66.882 0.1111110002
39087  41.404  -53.330  65.988 0.1111110002
40164  43.490  -52.340  65.344 0.1111110002
40182  42.624  -51.928  65.005 0.1111110002
42297  43.507  -50.229  68.107 0.1111110002
40143  39.899  -52.497  66.047 0.1111110002
39088  40.425  -52.904  65.853 0.1111110002
40166  40.953  -52.627  65.399 0.1111110002
40183  41.613  -52.034  64.934 0.1111110002
41222  41.115  -51.935  67.852 0.1111110002
41235  39.865  -51.951  66.513 0.1111110002
39074  40.534  -53.155  66.440 0.1111110002
35949  44.525  -56.481  65.257 0.1111110002
142982  44.218  -56.464  64.693 0.1111110002
35972  44.839  -55.324  64.321 0.1111110002
38067  45.528  -54.031  64.475 0.1111110002
39084  45.170  -53.067  65.655 0.1111110002
39086  42.767  -53.259  65.921 0.1111110002
130557  19.366  -61.057  74.697 0.1111110002
25485  16.310  -66.925  79.191 0.1111110002
23425  14.992  -68.070  79.694 0.1111110002
24488  15.304  -67.535  79.772 0.1111110002
145458  15.172  -65.456  78.515 0.1111110002
27552  11.291  -65.084  76.883 0.1111110002
122954  16.435  -66.003  78.163 0.1111110002
27549  15.011  -64.938  77.127 0.1111110002
27550  13.992  -64.958  77.101 0.1111110002
27575  13.805  -64.380  74.387 0.1111110002
27568  12.174  -64.432  75.384 0.1111110002
27558  14.882  -64.848  75.695 0.1111110002
29673  12.294  -62.725  74.046 0.1111110002
40181  45.171  -52.231  64.820 0.1111110002
40165  42.102  -52.624  65.404 0.1111110002
21424  4.704  -70.210  75.315 0.1111110002
21439  4.290  -69.552  73.757 0.1111110002
22432  6.170  -69.118  78.065 0.1111110002
22450  4.363  -69.106  76.000 0.1111110002
23418  12.124  -67.824  80.438 0.1111110002
23440  5.116  -67.708  78.365 0.1111110002
23449  4.530  -68.168  76.841 0.1111110002
23462  4.352  -68.503  75.576 0.1111110002
24485  7.078  -66.818  80.620 0.3333329856
24501  4.785  -67.741  77.221 0.1111110002
24516  4.374  -68.444  74.365 0.1111110002
25483  5.640  -66.359  79.477 0.2222220004
25484  16.958  -67.009  78.659 0.1111110002
26498  7.012  -65.414  80.725 0.3333329856
26507  6.285  -65.474  80.161 0.3333329856
26508  5.902  -65.833  79.736 0.2222220004
26533  5.845  -65.752  78.155 0.2222220004
27542  6.426  -64.949  79.321 0.3333329856
28564  10.588  -63.237  79.917 0.2222220004
28570  7.399  -63.776  80.137 0.3333329856
29625  7.920  -62.977  79.230 0.1111110002
29675  9.127  -63.048  74.529 0.1111110002
29691  22.482  -61.043  73.149 0.2222220004
30637  23.859  -60.865  76.082 0.4444440007
30671  20.170  -61.159  74.541 0.1111110002
31680  24.165  -60.512  76.335 0.4444440007
31712  31.748  -58.536  73.637 0.3333329856
31729  30.847  -58.602  73.113 0.3333329856
31766  36.452  -58.354  69.768 0.1111110002
31786  38.809  -58.802  68.682 0.2222220004
31788  37.628  -58.744  68.922 0.1111110002
31806  40.353  -58.766  67.871 0.2222220004
31826  40.233  -58.686  67.588 0.2222220004
31830  36.537  -58.675  68.108 0.1111110002
31838  39.713  -58.666  67.427 0.2222220004
32697  29.248  -58.529  75.935 0.4444440007
32761  37.643  -58.537  69.311 0.3333329856
32762  37.033  -58.306  69.639 0.2222220004
32780  40.791  -58.849  68.430 0.2222220004
32782  39.370  -58.853  68.645 0.2222220004
32783  38.494  -58.764  69.064 0.3333329856
32820  41.790  -58.543  67.102 0.2222220004
32821  41.205  -58.658  67.347 0.1111110002
32822  40.856  -58.675  67.209 0.2222220004
32824  35.955  -58.519  67.737 0.1111110002
32840  41.975  -58.449  66.725 0.1111110002
32844  39.106  -58.633  67.088 0.1111110002
32860  40.225  -58.616  66.615 0.1111110002
33712  30.806  -57.657  76.349 0.4444440007
33713  30.136  -57.722  76.438 0.4444440007
33737  31.214  -57.991  76.097 0.4444440007
33739  29.694  -58.179  76.248 0.4444440007
33755  33.081  -58.038  75.078 0.4444440007
33798  28.239  -58.248  70.597 0.1111110002
33805  41.969  -58.127  68.840 0.3333329856
33808  39.744  -58.730  69.079 0.2222220004
33824  41.478  -58.646  68.303 0.2222220004
33840  43.084  -57.830  67.127 0.3333329856
33841  42.281  -58.302  67.401 0.3333329856
33854  43.714  -57.490  66.621 0.2222220004
33855  42.990  -57.901  66.399 0.2222220004
33869  42.352  -58.144  65.925 0.2222220004
33873  38.894  -58.313  65.798 0.1111110002
34782  27.698  -57.775  76.898 0.4444440007
34783  26.951  -57.792  77.000 0.3333329856
34789  31.363  -57.467  76.296 0.5555559993
34802  33.384  -57.435  75.349 0.4444440007
34860  42.700  -56.621  69.668 0.3333329856
34875  42.474  -57.400  69.224 0.3333329856
34876  41.780  -57.837  69.590 0.3333329856
34885  43.430  -57.294  67.768 0.3333329856
34886  29.104  -57.451  68.740 0.1111110002
34895  44.520  -56.542  66.998 0.2222220004
34908  44.651  -56.599  66.491 0.2222220004
34921  44.661  -56.632  65.890 0.2222220004
34923  43.456  -57.433  65.447 0.2222220004
34936  43.928  -56.952  65.042 0.1111110002
34939  41.683  -57.397  64.665 0.1111110002
35820  30.841  -56.883  76.278 0.5555559993
35823  28.957  -57.308  76.628 0.4444440007
35890  40.868  -56.104  71.084 0.5555559993
35905  42.752  -55.842  69.964 0.4444440007
35908  40.364  -56.703  70.528 0.4444440007
35927  43.826  -56.202  67.716 0.3333329856
35934  44.435  -56.176  67.237 0.3333329856
35942  45.000  -56.096  66.146 0.2222220004
36865  34.635  -55.301  75.523 0.6666669846
36883  36.333  -55.165  75.196 0.6666669846
36927  42.140  -54.508  71.772 0.5555559993
36975  42.879  -55.335  69.584 0.3333329856
36996  44.205  -55.865  67.362 0.3333329856
37016  45.545  -54.880  65.856 0.2222220004
37878  35.237  -54.839  75.495 0.7777780294
37893  38.883  -53.619  75.052 0.6666669846
37895  36.508  -54.522  75.391 0.6666669846
37913  40.039  -53.590  73.744 0.5555559993
37916  37.647  -54.497  74.972 0.6666669846
37931  38.400  -54.359  72.776 0.6666669846
37948  32.269  -54.870  72.773 0.4444440007
37964  42.478  -54.498  71.350 0.5555559993
37976  23.915  -54.673  71.520 0.1111110002
38015  42.502  -54.181  68.506 0.2222220004
38026  44.928  -55.169  66.692 0.2222220004
38039  44.950  -54.610  66.520 0.2222220004
38055  45.653  -54.229  65.800 0.2222220004
38063  45.654  -54.306  64.983 0.2222220004
38064  45.324  -54.733  64.511 0.2222220004
38068  45.248  -54.011  63.824 0.1111110002
38934  36.175  -53.682  75.367 0.7777780294
38935  34.609  -54.098  75.161 0.6666669846
38936  33.888  -54.245  75.045 0.5555559993
38945  41.359  -53.059  73.977 0.6666669846
38960  42.234  -53.029  73.010 0.6666669846
38977  32.874  -54.408  72.510 0.4444440007
39054  40.662  -53.233  67.124 0.1111110002
39055  31.889  -53.543  67.380 0.1111110002
39069  45.363  -53.983  66.044 0.1111110002
39082  45.696  -53.926  65.322 0.2222220004
39101  45.520  -53.417  64.274 0.1111110002
40122  40.737  -52.653  67.540 0.2222220004
40123  40.210  -52.641  66.839 0.1111110002
40162  45.599  -53.432  65.096 0.2222220004
40167  40.082  -52.413  65.439 0.1111110002
40179  45.546  -53.080  64.663 0.1111110002
41099  39.355  -51.211  76.101 0.6666669846
41121  37.577  -51.583  74.634 0.5555559993
42186  41.558  -49.905  75.535 0.8888890147
42218  38.378  -50.236  73.767 0.5555559993
42244  44.320  -49.443  71.176 0.6666669846
42266  44.880  -49.203  69.495 0.4444440007
42299  41.120  -51.106  67.343 0.1111110002
43263  40.718  -49.550  75.918 0.8888890147
43264  40.134  -49.613  75.904 0.8888890147
43270  42.206  -49.632  75.087 0.8888890147
43288  39.182  -49.085  73.900 0.5555559993
44262  41.655  -48.561  75.424 0.8888890147
44288  40.205  -48.380  74.831 0.7777780294
44289  39.720  -48.699  74.347 0.5555559993
44295  44.831  -47.694  72.087 0.8888890147
44297  43.973  -47.915  73.268 0.8888890147
44343  45.888  -47.835  68.856 0.3333329856
44353  46.088  -47.574  68.056 0.3333329856
45239  43.033  -47.151  74.910 0.8888890147
45242  40.814  -48.107  75.286 0.8888890147
45283  45.649  -47.130  70.806 0.7777780294
45320  47.232  -46.290  66.788 0.4444440007
46233  45.823  -46.654  70.553 0.6666669846
46293  47.908  -45.858  65.984 0.3333329856
47226  49.195  -45.063  66.786 0.4444440007
47257  47.591  -45.552  64.969 0.2222220004
48052  46.038  -44.271  72.362 0.8888890147
48094  49.883  -44.724  67.072 0.3333329856
48110  50.260  -44.467  66.583 0.4444440007
48924  44.291  -43.261  74.075 0.7777780294
48988  46.462  -43.105  68.518 0.7777780294
49001  51.524  -43.174  66.440 0.3333329856
49072  42.619  -43.416  61.642 0.1111110002
49913  51.938  -42.103  66.562 0.5555559993
49923  51.683  -42.748  66.778 0.5555559993
49928  51.991  -42.166  65.594 0.2222220004
50895  50.158  -41.284  68.742 0.6666669846
50896  49.167  -41.379  68.820 0.6666669846
50897  46.478  -41.165  69.010 0.8888890147
50909  51.517  -40.937  67.506 0.7777780294
50912  48.551  -42.039  68.419 0.6666669846
50925  51.631  -42.239  67.218 0.5555559993
50945  52.293  -41.438  65.531 0.2222220004
51796  43.328  -40.524  73.057 0.7777780294
51836  50.878  -39.808  68.356 0.7777780294
51870  52.078  -40.173  66.560 0.5555559993
51894  52.755  -40.128  64.839 0.3333329856
52783  43.697  -39.662  72.917 0.6666669846
52792  42.755  -38.821  71.915 0.6666669846
52817  50.470  -39.802  68.957 0.7777780294
52832  51.292  -39.463  67.772 0.6666669846
52881  52.600  -39.416  65.105 0.3333329856
52893  52.374  -39.825  62.305 0.1111110002
53773  43.087  -38.568  72.025 0.6666669846
53774  42.852  -38.034  71.360 0.5555559993
53784  42.602  -38.382  71.402 0.6666669846
53857  52.519  -39.263  64.795 0.3333329856
53869  46.601  -37.783  63.137 0.2222220004
53879  47.232  -38.241  62.224 0.1111110002
53880  46.595  -37.895  62.505 0.2222220004
54742  43.029  -37.456  71.178 0.3333329856
54754  49.555  -37.485  70.504 0.7777780294
54797  51.675  -38.646  67.233 0.5555559993
54810  51.942  -38.649  66.555 0.4444440007
54920  45.772  -37.094  60.549 0.1111110002
55748  46.144  -36.197  71.255 0.6666669846
55761  41.785  -36.047  69.639 0.4444440007
55868  46.000  -36.348  61.111 0.1111110002
55877  45.729  -36.645  59.766 0.1111110002
55919  45.803  -35.877  56.733 0.1111110002
56643  46.749  -34.905  71.658 0.6666669846
56647  43.765  -35.876  71.138 0.3333329856
56658  48.334  -36.029  71.169 0.8888890147
56672  42.455  -35.617  70.355 0.4444440007
56698  41.961  -35.278  69.301 0.4444440007
56774  46.855  -35.402  60.611 0.1111110002
56782  45.612  -35.979  59.243 0.1111110002
56817  45.911  -35.656  55.959 0.1111110002
56837  45.736  -35.135  55.534 0.1111110002
56851  45.877  -34.841  54.855 0.1111110002
56852  45.721  -34.733  55.224 0.1111110002
57552  47.226  -34.727  71.577 0.6666669846
57555  44.895  -34.786  71.388 0.5555559993
57556  43.934  -35.180  70.959 0.3333329856
57566  44.532  -34.657  71.187 0.5555559993
57569  42.656  -35.369  70.299 0.4444440007
57621  42.939  -34.671  67.913 0.2222220004
57622  42.139  -34.792  67.328 0.1111110002
57766  55.562  -33.509  57.807 0.1111110002
57772  45.956  -34.603  57.330 0.1111110002
57773  45.658  -35.182  57.466 0.1111110002
58521  47.541  -34.273  71.407 0.6666669846
58523  45.895  -34.453  71.503 0.5555559993
58524  45.159  -34.530  71.431 0.5555559993
58538  46.519  -33.836  71.320 0.5555559993
58564  43.805  -34.121  69.760 0.5555559993
58565  43.277  -34.628  69.543 0.5555559993
58690  46.525  -34.000  57.126 0.1111110002
58737  45.941  -33.779  55.420 0.1111110002
58738  45.729  -34.348  55.290 0.1111110002
59517  45.459  -33.651  70.794 0.5555559993
59551  49.047  -32.247  69.608 0.7777780294
59571  46.372  -32.551  68.962 0.5555559993
59573  44.982  -33.445  68.792 0.4444440007
60489  48.174  -32.015  70.194 0.6666669846
60490  47.369  -32.248  70.082 0.5555559993
60572  52.470  -31.609  65.194 0.6666669846
60604  54.564  -31.482  63.839 0.4444440007
60676  51.205  -31.951  59.053 0.2222220004
61531  54.912  -30.088  64.046 0.4444440007
61613  52.301  -30.571  57.473 0.2222220004
62463  57.440  -30.032  59.268 0.3333329856
63306  57.685  -28.340  61.710 0.2222220004
63325  59.298  -27.968  59.256 0.3333329856
63347  59.606  -28.337  57.592 0.3333329856
66329  62.484  -26.003  47.865 0.1111110002
67223  59.849  -24.204  54.986 0.1111110002
71026  61.065  -20.746  49.992 0.1111110002
72938  64.416  -18.831  40.506 0.1111110002
72963  63.846  -18.045  38.950 0.1111110002
73854  63.704  -17.443  38.818 0.1111110002
74647  63.586  -16.353  38.873 0.1111110002
75576  62.753  -15.402  39.032 0.1111110002
76344  60.520  -14.506  49.728 0.1111110002
77379  63.371  -13.450  39.820 0.1111110002
77394  60.660  -12.729  38.865 0.1111110002
78288  63.246  -12.417  42.579 0.1111110002
78324  61.549  -12.031  39.130 0.1111110002
78338  59.669  -12.400  38.698 0.1111110002
79246  59.327  -12.204  44.052 0.1111110002
79255  62.401  -11.265  42.484 0.1111110002
79266  60.177  -11.612  41.955 0.1111110002
79267  59.430  -12.198  41.217 0.1111110002
79274  62.864  -11.695  41.259 0.1111110002
79275  62.208  -11.338  40.807 0.1111110002
79288  60.441  -11.693  39.550 0.1111110002
79289  59.734  -11.902  39.455 0.1111110002
80242  61.141  -11.156  41.147 0.1111110002
80243  60.720  -11.344  40.982 0.1111110002
123344  17.066  -58.894  77.363 0.1111110002
123633  36.906  -58.623  69.218 0.1111110002
123766  42.972  -41.909  73.174 0.4444440007
123896  39.821  -58.778  68.042 0.2222220004
124417  31.932  -58.555  72.843 0.2222220004
124576  40.408  -58.855  68.111 0.2222220004
124752  45.880  -47.602  69.863 0.7777780294
125174  44.913  -55.919  65.284 0.1111110002
125399  43.543  -46.681  74.529 0.8888890147
125521  5.510  -71.062  74.440 0.1111110002
126249  4.340  -69.343  75.432 0.1111110002
127401  60.725  -11.295  42.079 0.1111110002
128522  43.113  -53.014  70.543 0.5555559993
128839  54.004  -30.774  64.325 0.5555559993
129346  37.856  -50.763  73.275 0.5555559993
129696  40.969  -45.867  68.767 0.1111110002
131015  46.047  -45.417  70.526 0.7777780294
131755  44.911  -54.769  63.864 0.1111110002
133555  43.072  -34.933  70.332 0.4444440007
134054  37.894  -58.800  68.346 0.1111110002
134476  42.965  -54.415  69.003 0.4444440007
135986  38.372  -52.335  75.914 0.6666669846
136135  42.768  -40.250  68.850 0.2222220004
136833  58.039  -29.596  59.112 0.2222220004
136877  46.362  -34.566  53.741 0.1111110002
137554  35.414  -52.786  72.824 0.4444440007
137895  28.143  -57.366  76.756 0.4444440007
138750  52.482  -38.983  65.594 0.4444440007
138884  48.878  -35.053  70.583 0.7777780294
139021  37.922  -55.571  69.828 0.3333329856
139607  61.205  -12.928  39.021 0.1111110002
139884  7.452  -66.478  80.743 0.3333329856
140031  22.211  -61.196  74.843 0.2222220004
140440  41.426  -47.898  75.409 0.7777780294
141133  50.609  -43.359  64.653 0.2222220004
141473  40.940  -57.123  70.498 0.4444440007
141517  8.485  -68.403  80.287 0.2222220004
141645  63.734  -14.789  40.162 0.1111110002
141918  52.673  -39.821  63.584 0.1111110002
142624  44.704  -33.915  70.610 0.5555559993
142832  5.443  -66.112  77.820 0.1111110002
142836  52.397  -39.335  64.290 0.2222220004
142846  7.043  -64.506  80.558 0.3333329856
143467  33.950  -58.457  71.772 0.2222220004
144062  28.646  -58.953  73.917 0.4444440007
144529  31.451  -54.719  69.101 0.1111110002
144665  44.344  -42.654  74.032 0.7777780294
145686  20.100  -59.916  76.541 0.3333329856
145726  16.828  -57.956  75.730 0.1111110002
146268  43.474  -43.336  73.814 0.7777780294
146733  52.471  -28.495  51.708 0.1111110002
146913  22.294  -61.164  73.569 0.2222220004
147376  59.804  -23.719  53.443 0.1111110002
147429  44.519  -55.651  64.191 0.1111110002
