
Mon Mar  9 22:22:26 CET 2026
cd /out/sourcedata/freesurfer/sub-v1s2x0051479_ses-1
setenv SUBJECTS_DIR /out/sourcedata/freesurfer
/opt/freesurfer/bin/recon-all -autorecon1 -i /work/fmriprep_25_2_wf/sub_v1s2x0051479_ses_1_wf/anat_fit_wf/anat_validate/sub-v1s2x0051479_ses-1_T1w_noise_corrected_ras_valid.nii.gz -noskullstrip -noT2pial -noFLAIRpial -openmp 16 -subjid sub-v1s2x0051479_ses-1 -sd /out/sourcedata/freesurfer

subjid sub-v1s2x0051479_ses-1
setenv SUBJECTS_DIR /out/sourcedata/freesurfer
FREESURFER_HOME /opt/freesurfer
Actual FREESURFER_HOME /opt/freesurfer
build-stamp.txt: freesurfer-linux-ubuntu22_x86_64-7.3.2-20220804-6354275
Linux dna065 5.14.0-427.37.1.el9_4.x86_64 #1 SMP PREEMPT_DYNAMIC Fri Sep 13 12:41:50 EDT 2024 x86_64 x86_64 x86_64 GNU/Linux
cputime      unlimited
filesize     unlimited
datasize     unlimited
stacksize    8192 kbytes
coredumpsize 0 kbytes
memoryuse    67108864 kbytes
vmemoryuse   unlimited
descriptors  1024 
memorylocked unlimited
maxproc      2061970 
maxlocks     unlimited
maxsignal    2062029 
maxmessage   819200 
maxnice      0 
maxrtprio    0 
maxrttime    unlimited

               total        used        free      shared  buff/cache   available
Mem:           503Gi        95Gi       367Gi       9.8Gi        40Gi       394Gi
Swap:             0B          0B          0B

########################################
program versions used
7.3.2 (freesurfer-linux-ubuntu22_x86_64-7.3.2-20220804-6354275)
7.3.2

ProgramName: lta_convert  ProgramArguments: lta_convert -all-info  ProgramVersion: 7.3.2  TimeStamp: 2026/03/09-21:22:26-GMT  BuildTime: Aug  4 2022 06:17:15  BuildStamp: freesurfer-linux-ubuntu22_x86_64-7.3.2-20220804-6354275  User: oesteban  Machine: dna065  Platform: Linux  PlatformVersion: 5.14.0-427.37.1.el9_4.x86_64  CompilerName: GCC  CompilerVersion: 8.4.0
ProgramName: mri_and  ProgramArguments: mri_and -all-info  ProgramVersion: 7.3.2  TimeStamp: 2026/03/09-21:22:26-GMT  BuildTime: Aug  4 2022 06:17:15  BuildStamp: freesurfer-linux-ubuntu22_x86_64-7.3.2-20220804-6354275  User: oesteban  Machine: dna065  Platform: Linux  PlatformVersion: 5.14.0-427.37.1.el9_4.x86_64  CompilerName: GCC  CompilerVersion: 8.4.0
ProgramName: mri_annotation2label  ProgramArguments: mri_annotation2label -all-info  ProgramVersion: 7.3.2  TimeStamp: 2026/03/09-21:22:26-GMT  BuildTime: Aug  4 2022 06:17:15  BuildStamp: freesurfer-linux-ubuntu22_x86_64-7.3.2-20220804-6354275  User: oesteban  Machine: dna065  Platform: Linux  PlatformVersion: 5.14.0-427.37.1.el9_4.x86_64  CompilerName: GCC  CompilerVersion: 8.4.0
ProgramName: mri_aparc2aseg  ProgramArguments: mri_aparc2aseg -all-info  ProgramVersion: 7.3.2  TimeStamp: 2026/03/09-21:22:26-GMT  BuildTime: Aug  4 2022 06:17:15  BuildStamp: freesurfer-linux-ubuntu22_x86_64-7.3.2-20220804-6354275  User: oesteban  Machine: dna065  Platform: Linux  PlatformVersion: 5.14.0-427.37.1.el9_4.x86_64  CompilerName: GCC  CompilerVersion: 8.4.0
ProgramName: mri_surf2volseg  ProgramArguments: mri_surf2volseg -all-info  ProgramVersion: 7.3.2  TimeStamp: 2026/03/09-21:22:26-GMT  BuildTime: Aug  4 2022 06:17:15  BuildStamp: freesurfer-linux-ubuntu22_x86_64-7.3.2-20220804-6354275  User: oesteban  Machine: dna065  Platform: Linux  PlatformVersion: 5.14.0-427.37.1.el9_4.x86_64  CompilerName: GCC  CompilerVersion: 8.4.0
ProgramName: mri_binarize  ProgramArguments: mri_binarize -all-info  ProgramVersion: 7.3.2  TimeStamp: 2026/03/09-21:22:26-GMT  BuildTime: Aug  4 2022 06:17:15  BuildStamp: freesurfer-linux-ubuntu22_x86_64-7.3.2-20220804-6354275  User: oesteban  Machine: dna065  Platform: Linux  PlatformVersion: 5.14.0-427.37.1.el9_4.x86_64  CompilerName: GCC  CompilerVersion: 8.4.0
ProgramName: mri_ca_label  ProgramArguments: mri_ca_label -all-info  ProgramVersion: 7.3.2  TimeStamp: 2026/03/09-21:22:26-GMT  BuildTime: Aug  4 2022 06:17:15  BuildStamp: freesurfer-linux-ubuntu22_x86_64-7.3.2-20220804-6354275  User: oesteban  Machine: dna065  Platform: Linux  PlatformVersion: 5.14.0-427.37.1.el9_4.x86_64  CompilerName: GCC  CompilerVersion: 8.4.0
ProgramName: mri_ca_normalize  ProgramArguments: mri_ca_normalize -all-info  ProgramVersion: 7.3.2  TimeStamp: 2026/03/09-21:22:26-GMT  BuildTime: Aug  4 2022 06:17:15  BuildStamp: freesurfer-linux-ubuntu22_x86_64-7.3.2-20220804-6354275  User: oesteban  Machine: dna065  Platform: Linux  PlatformVersion: 5.14.0-427.37.1.el9_4.x86_64  CompilerName: GCC  CompilerVersion: 8.4.0
ProgramName: mri_ca_register  ProgramArguments: mri_ca_register -all-info  ProgramVersion: 7.3.2  TimeStamp: 2026/03/09-21:22:26-GMT  BuildTime: Aug  4 2022 06:17:15  BuildStamp: freesurfer-linux-ubuntu22_x86_64-7.3.2-20220804-6354275  User: oesteban  Machine: dna065  Platform: Linux  PlatformVersion: 5.14.0-427.37.1.el9_4.x86_64  CompilerName: GCC  CompilerVersion: 8.4.0
ProgramName: mri_cc  ProgramArguments: mri_cc -all-info  ProgramVersion: 7.3.2  TimeStamp: 2026/03/09-21:22:26-GMT  BuildTime: Aug  4 2022 06:17:15  BuildStamp: freesurfer-linux-ubuntu22_x86_64-7.3.2-20220804-6354275  User: oesteban  Machine: dna065  Platform: Linux  PlatformVersion: 5.14.0-427.37.1.el9_4.x86_64  CompilerName: GCC  CompilerVersion: 8.4.0
ProgramName: mri_compute_overlap  ProgramArguments: mri_compute_overlap -all-info  ProgramVersion: 7.3.2  TimeStamp: 2026/03/09-21:22:26-GMT  BuildTime: Aug  4 2022 06:17:15  BuildStamp: freesurfer-linux-ubuntu22_x86_64-7.3.2-20220804-6354275  User: oesteban  Machine: dna065  Platform: Linux  PlatformVersion: 5.14.0-427.37.1.el9_4.x86_64  CompilerName: GCC  CompilerVersion: 8.4.0
ProgramName: mri_compute_seg_overlap  ProgramArguments: mri_compute_seg_overlap -all-info  ProgramVersion: 7.3.2  TimeStamp: 2026/03/09-21:22:26-GMT  BuildTime: Aug  4 2022 06:17:15  BuildStamp: freesurfer-linux-ubuntu22_x86_64-7.3.2-20220804-6354275  User: oesteban  Machine: dna065  Platform: Linux  PlatformVersion: 5.14.0-427.37.1.el9_4.x86_64  CompilerName: GCC  CompilerVersion: 8.4.0
ProgramName: mri_concat  ProgramArguments: mri_concat -all-info  ProgramVersion: 7.3.2  TimeStamp: 2026/03/09-21:22:26-GMT  BuildTime: Aug  4 2022 06:17:15  BuildStamp: freesurfer-linux-ubuntu22_x86_64-7.3.2-20220804-6354275  User: oesteban  Machine: dna065  Platform: Linux  PlatformVersion: 5.14.0-427.37.1.el9_4.x86_64  CompilerName: GCC  CompilerVersion: 8.4.0
ProgramName: mri_concatenate_lta  ProgramArguments: mri_concatenate_lta -all-info  ProgramVersion: 7.3.2  TimeStamp: 2026/03/09-21:22:26-GMT  BuildTime: Aug  4 2022 06:17:15  BuildStamp: freesurfer-linux-ubuntu22_x86_64-7.3.2-20220804-6354275  User: oesteban  Machine: dna065  Platform: Linux  PlatformVersion: 5.14.0-427.37.1.el9_4.x86_64  CompilerName: GCC  CompilerVersion: 8.4.0
mri_convert -all-info 
ProgramName: mri_convert  ProgramArguments: mri_convert -all-info  ProgramVersion: 7.3.2  TimeStamp: 2026/03/09-21:22:26-GMT  BuildTime: Aug  4 2022 06:17:15  BuildStamp: freesurfer-linux-ubuntu22_x86_64-7.3.2-20220804-6354275  User: oesteban  Machine: dna065  Platform: Linux  PlatformVersion: 5.14.0-427.37.1.el9_4.x86_64  CompilerName: GCC  CompilerVersion: 8.4.0
ProgramName: mri_diff  ProgramArguments: mri_diff -all-info  ProgramVersion: 7.3.2  TimeStamp: 2026/03/09-21:22:26-GMT  BuildTime: Aug  4 2022 06:17:15  BuildStamp: freesurfer-linux-ubuntu22_x86_64-7.3.2-20220804-6354275  User: oesteban  Machine: dna065  Platform: Linux  PlatformVersion: 5.14.0-427.37.1.el9_4.x86_64  CompilerName: GCC  CompilerVersion: 8.4.0
ProgramName: mri_edit_wm_with_aseg  ProgramArguments: mri_edit_wm_with_aseg -all-info  ProgramVersion: 7.3.2  TimeStamp: 2026/03/09-21:22:26-GMT  BuildTime: Aug  4 2022 06:17:15  BuildStamp: freesurfer-linux-ubuntu22_x86_64-7.3.2-20220804-6354275  User: oesteban  Machine: dna065  Platform: Linux  PlatformVersion: 5.14.0-427.37.1.el9_4.x86_64  CompilerName: GCC  CompilerVersion: 8.4.0
ProgramName: mri_em_register  ProgramArguments: mri_em_register -all-info  ProgramVersion: 7.3.2  TimeStamp: 2026/03/09-21:22:26-GMT  BuildTime: Aug  4 2022 06:17:15  BuildStamp: freesurfer-linux-ubuntu22_x86_64-7.3.2-20220804-6354275  User: oesteban  Machine: dna065  Platform: Linux  PlatformVersion: 5.14.0-427.37.1.el9_4.x86_64  CompilerName: GCC  CompilerVersion: 8.4.0
ProgramName: mri_fill  ProgramArguments: mri_fill -all-info  ProgramVersion: 7.3.2  TimeStamp: 2026/03/09-21:22:26-GMT  BuildTime: Aug  4 2022 06:17:15  BuildStamp: freesurfer-linux-ubuntu22_x86_64-7.3.2-20220804-6354275  User: oesteban  Machine: dna065  Platform: Linux  PlatformVersion: 5.14.0-427.37.1.el9_4.x86_64  CompilerName: GCC  CompilerVersion: 8.4.0
ProgramName: mri_fuse_segmentations  ProgramArguments: mri_fuse_segmentations -all-info  ProgramVersion: 7.3.2  TimeStamp: 2026/03/09-21:22:26-GMT  BuildTime: Aug  4 2022 06:17:15  BuildStamp: freesurfer-linux-ubuntu22_x86_64-7.3.2-20220804-6354275  User: oesteban  Machine: dna065  Platform: Linux  PlatformVersion: 5.14.0-427.37.1.el9_4.x86_64  CompilerName: GCC  CompilerVersion: 8.4.0
ProgramName: mri_fwhm  ProgramArguments: mri_fwhm -all-info  ProgramVersion: 7.3.2  TimeStamp: 2026/03/09-21:22:26-GMT  BuildTime: Aug  4 2022 06:17:15  BuildStamp: freesurfer-linux-ubuntu22_x86_64-7.3.2-20220804-6354275  User: oesteban  Machine: dna065  Platform: Linux  PlatformVersion: 5.14.0-427.37.1.el9_4.x86_64  CompilerName: GCC  CompilerVersion: 8.4.0
ProgramName: mri_gcut  ProgramArguments: mri_gcut -all-info  ProgramVersion: 7.3.2  TimeStamp: 2026/03/09-21:22:26-GMT  BuildTime: Aug  4 2022 06:17:15  BuildStamp: freesurfer-linux-ubuntu22_x86_64-7.3.2-20220804-6354275  User: oesteban  Machine: dna065  Platform: Linux  PlatformVersion: 5.14.0-427.37.1.el9_4.x86_64  CompilerName: GCC  CompilerVersion: 8.4.0
ProgramName: mri_info  ProgramArguments: mri_info -all-info  ProgramVersion: 7.3.2  TimeStamp: 2026/03/09-21:22:26-GMT  BuildTime: Aug  4 2022 06:17:15  BuildStamp: freesurfer-linux-ubuntu22_x86_64-7.3.2-20220804-6354275  User: oesteban  Machine: dna065  Platform: Linux  PlatformVersion: 5.14.0-427.37.1.el9_4.x86_64  CompilerName: GCC  CompilerVersion: 8.4.0
ProgramName: mri_label2label  ProgramArguments: mri_label2label -all-info  ProgramVersion: 7.3.2  TimeStamp: 2026/03/09-21:22:26-GMT  BuildTime: Aug  4 2022 06:17:15  BuildStamp: freesurfer-linux-ubuntu22_x86_64-7.3.2-20220804-6354275  User: oesteban  Machine: dna065  Platform: Linux  PlatformVersion: 5.14.0-427.37.1.el9_4.x86_64  CompilerName: GCC  CompilerVersion: 8.4.0
ProgramName: mri_label2vol  ProgramArguments: mri_label2vol -all-info  ProgramVersion: 7.3.2  TimeStamp: 2026/03/09-21:22:26-GMT  BuildTime: Aug  4 2022 06:17:15  BuildStamp: freesurfer-linux-ubuntu22_x86_64-7.3.2-20220804-6354275  User: oesteban  Machine: dna065  Platform: Linux  PlatformVersion: 5.14.0-427.37.1.el9_4.x86_64  CompilerName: GCC  CompilerVersion: 8.4.0
ProgramName: mri_log_likelihood  ProgramArguments: mri_log_likelihood -all-info  ProgramVersion: 7.3.2  TimeStamp: 2026/03/09-21:22:26-GMT  BuildTime: Aug  4 2022 06:17:15  BuildStamp: freesurfer-linux-ubuntu22_x86_64-7.3.2-20220804-6354275  User: oesteban  Machine: dna065  Platform: Linux  PlatformVersion: 5.14.0-427.37.1.el9_4.x86_64  CompilerName: GCC  CompilerVersion: 8.4.0
ProgramName: mri_mask  ProgramArguments: mri_mask -all-info  ProgramVersion: 7.3.2  TimeStamp: 2026/03/09-21:22:26-GMT  BuildTime: Aug  4 2022 06:17:15  BuildStamp: freesurfer-linux-ubuntu22_x86_64-7.3.2-20220804-6354275  User: oesteban  Machine: dna065  Platform: Linux  PlatformVersion: 5.14.0-427.37.1.el9_4.x86_64  CompilerName: GCC  CompilerVersion: 8.4.0
ProgramName: mri_matrix_multiply  ProgramArguments: mri_matrix_multiply -all-info  ProgramVersion: 7.3.2  TimeStamp: 2026/03/09-21:22:26-GMT  BuildTime: Aug  4 2022 06:17:15  BuildStamp: freesurfer-linux-ubuntu22_x86_64-7.3.2-20220804-6354275  User: oesteban  Machine: dna065  Platform: Linux  PlatformVersion: 5.14.0-427.37.1.el9_4.x86_64  CompilerName: GCC  CompilerVersion: 8.4.0
ProgramName: mri_normalize  ProgramArguments: mri_normalize -all-info  ProgramVersion: 7.3.2  TimeStamp: 2026/03/09-21:22:26-GMT  BuildTime: Aug  4 2022 06:17:15  BuildStamp: freesurfer-linux-ubuntu22_x86_64-7.3.2-20220804-6354275  User: oesteban  Machine: dna065  Platform: Linux  PlatformVersion: 5.14.0-427.37.1.el9_4.x86_64  CompilerName: GCC  CompilerVersion: 8.4.0
ProgramName: mri_normalize_tp2  ProgramArguments: mri_normalize_tp2 -all-info  ProgramVersion: 7.3.2  TimeStamp: 2026/03/09-21:22:26-GMT  BuildTime: Aug  4 2022 06:17:15  BuildStamp: freesurfer-linux-ubuntu22_x86_64-7.3.2-20220804-6354275  User: oesteban  Machine: dna065  Platform: Linux  PlatformVersion: 5.14.0-427.37.1.el9_4.x86_64  CompilerName: GCC  CompilerVersion: 8.4.0
ProgramName: mri_or  ProgramArguments: mri_or -all-info  ProgramVersion: 7.3.2  TimeStamp: 2026/03/09-21:22:26-GMT  BuildTime: Aug  4 2022 06:17:15  BuildStamp: freesurfer-linux-ubuntu22_x86_64-7.3.2-20220804-6354275  User: oesteban  Machine: dna065  Platform: Linux  PlatformVersion: 5.14.0-427.37.1.el9_4.x86_64  CompilerName: GCC  CompilerVersion: 8.4.0
ProgramName: mri_relabel_hypointensities  ProgramArguments: mri_relabel_hypointensities -all-info  ProgramVersion: 7.3.2  TimeStamp: 2026/03/09-21:22:26-GMT  BuildTime: Aug  4 2022 06:17:15  BuildStamp: freesurfer-linux-ubuntu22_x86_64-7.3.2-20220804-6354275  User: oesteban  Machine: dna065  Platform: Linux  PlatformVersion: 5.14.0-427.37.1.el9_4.x86_64  CompilerName: GCC  CompilerVersion: 8.4.0
ProgramName: mri_relabel_nonwm_hypos  ProgramArguments: mri_relabel_nonwm_hypos -all-info  ProgramVersion: 7.3.2  TimeStamp: 2026/03/09-21:22:26-GMT  BuildTime: Aug  4 2022 06:17:15  BuildStamp: freesurfer-linux-ubuntu22_x86_64-7.3.2-20220804-6354275  User: oesteban  Machine: dna065  Platform: Linux  PlatformVersion: 5.14.0-427.37.1.el9_4.x86_64  CompilerName: GCC  CompilerVersion: 8.4.0
ProgramName: mri_remove_neck  ProgramArguments: mri_remove_neck -all-info  ProgramVersion: 7.3.2  TimeStamp: 2026/03/09-21:22:26-GMT  BuildTime: Aug  4 2022 06:17:15  BuildStamp: freesurfer-linux-ubuntu22_x86_64-7.3.2-20220804-6354275  User: oesteban  Machine: dna065  Platform: Linux  PlatformVersion: 5.14.0-427.37.1.el9_4.x86_64  CompilerName: GCC  CompilerVersion: 8.4.0
7.3.2

ProgramName: mri_robust_register  ProgramArguments: mri_robust_register -all-info  ProgramVersion: 7.3.2  TimeStamp: 2026/03/09-21:22:26-GMT  BuildTime: Aug  4 2022 06:17:15  BuildStamp: freesurfer-linux-ubuntu22_x86_64-7.3.2-20220804-6354275  User: oesteban  Machine: dna065  Platform: Linux  PlatformVersion: 5.14.0-427.37.1.el9_4.x86_64  CompilerName: GCC  CompilerVersion: 8.4.0
7.3.2

ProgramName: mri_robust_template  ProgramArguments: mri_robust_template -all-info  ProgramVersion: 7.3.2  TimeStamp: 2026/03/09-21:22:26-GMT  BuildTime: Aug  4 2022 06:17:15  BuildStamp: freesurfer-linux-ubuntu22_x86_64-7.3.2-20220804-6354275  User: oesteban  Machine: dna065  Platform: Linux  PlatformVersion: 5.14.0-427.37.1.el9_4.x86_64  CompilerName: GCC  CompilerVersion: 8.4.0
ProgramName: mris_anatomical_stats  ProgramArguments: mris_anatomical_stats -all-info  ProgramVersion: 7.3.2  TimeStamp: 2026/03/09-21:22:26-GMT  BuildTime: Aug  4 2022 06:17:15  BuildStamp: freesurfer-linux-ubuntu22_x86_64-7.3.2-20220804-6354275  User: oesteban  Machine: dna065  Platform: Linux  PlatformVersion: 5.14.0-427.37.1.el9_4.x86_64  CompilerName: GCC  CompilerVersion: 8.4.0
ProgramName: mris_ca_label  ProgramArguments: mris_ca_label -all-info  ProgramVersion: 7.3.2  TimeStamp: 2026/03/09-21:22:27-GMT  BuildTime: Aug  4 2022 06:17:15  BuildStamp: freesurfer-linux-ubuntu22_x86_64-7.3.2-20220804-6354275  User: oesteban  Machine: dna065  Platform: Linux  PlatformVersion: 5.14.0-427.37.1.el9_4.x86_64  CompilerName: GCC  CompilerVersion: 8.4.0
ProgramName: mris_calc  ProgramArguments: mris_calc -all-info  ProgramVersion: 7.3.2  TimeStamp: 2026/03/09-21:22:27-GMT  BuildTime: Aug  4 2022 06:17:15  BuildStamp: freesurfer-linux-ubuntu22_x86_64-7.3.2-20220804-6354275  User: oesteban  Machine: dna065  Platform: Linux  PlatformVersion: 5.14.0-427.37.1.el9_4.x86_64  CompilerName: GCC  CompilerVersion: 8.4.0
ProgramName: mris_convert  ProgramArguments: mris_convert -all-info  ProgramVersion: 7.3.2  TimeStamp: 2026/03/09-21:22:27-GMT  BuildTime: Aug  4 2022 06:17:15  BuildStamp: freesurfer-linux-ubuntu22_x86_64-7.3.2-20220804-6354275  User: oesteban  Machine: dna065  Platform: Linux  PlatformVersion: 5.14.0-427.37.1.el9_4.x86_64  CompilerName: GCC  CompilerVersion: 8.4.0
ProgramName: mris_curvature  ProgramArguments: mris_curvature -all-info  ProgramVersion: 7.3.2  TimeStamp: 2026/03/09-21:22:27-GMT  BuildTime: Aug  4 2022 06:17:15  BuildStamp: freesurfer-linux-ubuntu22_x86_64-7.3.2-20220804-6354275  User: oesteban  Machine: dna065  Platform: Linux  PlatformVersion: 5.14.0-427.37.1.el9_4.x86_64  CompilerName: GCC  CompilerVersion: 8.4.0
ProgramName: mris_curvature_stats  ProgramArguments: mris_curvature_stats -all-info  ProgramVersion: 7.3.2  TimeStamp: 2026/03/09-21:22:27-GMT  BuildTime: Aug  4 2022 06:17:15  BuildStamp: freesurfer-linux-ubuntu22_x86_64-7.3.2-20220804-6354275  User: oesteban  Machine: dna065  Platform: Linux  PlatformVersion: 5.14.0-427.37.1.el9_4.x86_64  CompilerName: GCC  CompilerVersion: 8.4.0
ProgramName: mris_diff  ProgramArguments: mris_diff -all-info  ProgramVersion: 7.3.2  TimeStamp: 2026/03/09-21:22:27-GMT  BuildTime: Aug  4 2022 06:17:15  BuildStamp: freesurfer-linux-ubuntu22_x86_64-7.3.2-20220804-6354275  User: oesteban  Machine: dna065  Platform: Linux  PlatformVersion: 5.14.0-427.37.1.el9_4.x86_64  CompilerName: GCC  CompilerVersion: 8.4.0
ProgramName: mris_divide_parcellation  ProgramArguments: mris_divide_parcellation -all-info  ProgramVersion: 7.3.2  TimeStamp: 2026/03/09-21:22:27-GMT  BuildTime: Aug  4 2022 06:17:15  BuildStamp: freesurfer-linux-ubuntu22_x86_64-7.3.2-20220804-6354275  User: oesteban  Machine: dna065  Platform: Linux  PlatformVersion: 5.14.0-427.37.1.el9_4.x86_64  CompilerName: GCC  CompilerVersion: 8.4.0
ProgramName: mri_segment  ProgramArguments: mri_segment -all-info  ProgramVersion: 7.3.2  TimeStamp: 2026/03/09-21:22:27-GMT  BuildTime: Aug  4 2022 06:17:15  BuildStamp: freesurfer-linux-ubuntu22_x86_64-7.3.2-20220804-6354275  User: oesteban  Machine: dna065  Platform: Linux  PlatformVersion: 5.14.0-427.37.1.el9_4.x86_64  CompilerName: GCC  CompilerVersion: 8.4.0
ProgramName: mri_segstats  ProgramArguments: mri_segstats -all-info  ProgramVersion: 7.3.2  TimeStamp: 2026/03/09-21:22:27-GMT  BuildTime: Aug  4 2022 06:17:15  BuildStamp: freesurfer-linux-ubuntu22_x86_64-7.3.2-20220804-6354275  User: oesteban  Machine: dna065  Platform: Linux  PlatformVersion: 5.14.0-427.37.1.el9_4.x86_64  CompilerName: GCC  CompilerVersion: 8.4.0
ProgramName: mris_euler_number  ProgramArguments: mris_euler_number -all-info  ProgramVersion: 7.3.2  TimeStamp: 2026/03/09-21:22:27-GMT  BuildTime: Aug  4 2022 06:17:15  BuildStamp: freesurfer-linux-ubuntu22_x86_64-7.3.2-20220804-6354275  User: oesteban  Machine: dna065  Platform: Linux  PlatformVersion: 5.14.0-427.37.1.el9_4.x86_64  CompilerName: GCC  CompilerVersion: 8.4.0
ProgramName: mris_fix_topology  ProgramArguments: mris_fix_topology -all-info  ProgramVersion: 7.3.2  TimeStamp: 2026/03/09-21:22:27-GMT  BuildTime: Aug  4 2022 06:17:15  BuildStamp: freesurfer-linux-ubuntu22_x86_64-7.3.2-20220804-6354275  User: oesteban  Machine: dna065  Platform: Linux  PlatformVersion: 5.14.0-427.37.1.el9_4.x86_64  CompilerName: GCC  CompilerVersion: 8.4.0
ProgramName: mris_topo_fixer  ProgramArguments: mris_topo_fixer -all-info  ProgramVersion: 7.3.2  TimeStamp: 2026/03/09-21:22:27-GMT  BuildTime: Aug  4 2022 06:17:15  BuildStamp: freesurfer-linux-ubuntu22_x86_64-7.3.2-20220804-6354275  User: oesteban  Machine: dna065  Platform: Linux  PlatformVersion: 5.14.0-427.37.1.el9_4.x86_64  CompilerName: GCC  CompilerVersion: 8.4.0
ProgramName: mris_jacobian  ProgramArguments: mris_jacobian -all-info  ProgramVersion: 7.3.2  TimeStamp: 2026/03/09-21:22:27-GMT  BuildTime: Aug  4 2022 06:17:15  BuildStamp: freesurfer-linux-ubuntu22_x86_64-7.3.2-20220804-6354275  User: oesteban  Machine: dna065  Platform: Linux  PlatformVersion: 5.14.0-427.37.1.el9_4.x86_64  CompilerName: GCC  CompilerVersion: 8.4.0
ProgramName: mris_label2annot  ProgramArguments: mris_label2annot -all-info  ProgramVersion: 7.3.2  TimeStamp: 2026/03/09-21:22:27-GMT  BuildTime: Aug  4 2022 06:17:15  BuildStamp: freesurfer-linux-ubuntu22_x86_64-7.3.2-20220804-6354275  User: oesteban  Machine: dna065  Platform: Linux  PlatformVersion: 5.14.0-427.37.1.el9_4.x86_64  CompilerName: GCC  CompilerVersion: 8.4.0
ProgramName: mris_left_right_register  ProgramArguments: mris_left_right_register -all-info  ProgramVersion: 7.3.2  TimeStamp: 2026/03/09-21:22:27-GMT  BuildTime: Aug  4 2022 06:17:15  BuildStamp: freesurfer-linux-ubuntu22_x86_64-7.3.2-20220804-6354275  User: oesteban  Machine: dna065  Platform: Linux  PlatformVersion: 5.14.0-427.37.1.el9_4.x86_64  CompilerName: GCC  CompilerVersion: 8.4.0
ProgramName: mris_place_surface  ProgramArguments: mris_place_surface -all-info  ProgramVersion: 7.3.2  TimeStamp: 2026/03/09-21:22:27-GMT  BuildTime: Aug  4 2022 06:17:15  BuildStamp: freesurfer-linux-ubuntu22_x86_64-7.3.2-20220804-6354275  User: oesteban  Machine: dna065  Platform: Linux  PlatformVersion: 5.14.0-427.37.1.el9_4.x86_64  CompilerName: GCC  CompilerVersion: 8.4.0
ProgramName: mrisp_paint  ProgramArguments: mrisp_paint -all-info  ProgramVersion: 7.3.2  TimeStamp: 2026/03/09-21:22:27-GMT  BuildTime: Aug  4 2022 06:17:15  BuildStamp: freesurfer-linux-ubuntu22_x86_64-7.3.2-20220804-6354275  User: oesteban  Machine: dna065  Platform: Linux  PlatformVersion: 5.14.0-427.37.1.el9_4.x86_64  CompilerName: GCC  CompilerVersion: 8.4.0
ProgramName: mris_register  ProgramArguments: mris_register -all-info  ProgramVersion: 7.3.2  TimeStamp: 2026/03/09-21:22:27-GMT  BuildTime: Aug  4 2022 06:17:15  BuildStamp: freesurfer-linux-ubuntu22_x86_64-7.3.2-20220804-6354275  User: oesteban  Machine: dna065  Platform: Linux  PlatformVersion: 5.14.0-427.37.1.el9_4.x86_64  CompilerName: GCC  CompilerVersion: 8.4.0
ProgramName: mris_smooth  ProgramArguments: mris_smooth -all-info  ProgramVersion: 7.3.2  TimeStamp: 2026/03/09-21:22:27-GMT  BuildTime: Aug  4 2022 06:17:15  BuildStamp: freesurfer-linux-ubuntu22_x86_64-7.3.2-20220804-6354275  User: oesteban  Machine: dna065  Platform: Linux  PlatformVersion: 5.14.0-427.37.1.el9_4.x86_64  CompilerName: GCC  CompilerVersion: 8.4.0
ProgramName: mris_sphere  ProgramArguments: mris_sphere -all-info  ProgramVersion: 7.3.2  TimeStamp: 2026/03/09-21:22:27-GMT  BuildTime: Aug  4 2022 06:17:15  BuildStamp: freesurfer-linux-ubuntu22_x86_64-7.3.2-20220804-6354275  User: oesteban  Machine: dna065  Platform: Linux  PlatformVersion: 5.14.0-427.37.1.el9_4.x86_64  CompilerName: GCC  CompilerVersion: 8.4.0
ProgramName: mris_surface_stats  ProgramArguments: mris_surface_stats -all-info  ProgramVersion: 7.3.2  TimeStamp: 2026/03/09-21:22:27-GMT  BuildTime: Aug  4 2022 06:17:15  BuildStamp: freesurfer-linux-ubuntu22_x86_64-7.3.2-20220804-6354275  User: oesteban  Machine: dna065  Platform: Linux  PlatformVersion: 5.14.0-427.37.1.el9_4.x86_64  CompilerName: GCC  CompilerVersion: 8.4.0
ProgramName: mri_stats2seg  ProgramArguments: mri_stats2seg -all-info  ProgramVersion: 7.3.2  TimeStamp: 2026/03/09-21:22:27-GMT  BuildTime: Aug  4 2022 06:17:15  BuildStamp: freesurfer-linux-ubuntu22_x86_64-7.3.2-20220804-6354275  User: oesteban  Machine: dna065  Platform: Linux  PlatformVersion: 5.14.0-427.37.1.el9_4.x86_64  CompilerName: GCC  CompilerVersion: 8.4.0
ProgramName: mris_thickness  ProgramArguments: mris_thickness -all-info  ProgramVersion: 7.3.2  TimeStamp: 2026/03/09-21:22:27-GMT  BuildTime: Aug  4 2022 06:17:15  BuildStamp: freesurfer-linux-ubuntu22_x86_64-7.3.2-20220804-6354275  User: oesteban  Machine: dna065  Platform: Linux  PlatformVersion: 5.14.0-427.37.1.el9_4.x86_64  CompilerName: GCC  CompilerVersion: 8.4.0
ProgramName: mris_thickness_diff  ProgramArguments: mris_thickness_diff -all-info  ProgramVersion: 7.3.2  TimeStamp: 2026/03/09-21:22:27-GMT  BuildTime: Aug  4 2022 06:17:15  BuildStamp: freesurfer-linux-ubuntu22_x86_64-7.3.2-20220804-6354275  User: oesteban  Machine: dna065  Platform: Linux  PlatformVersion: 5.14.0-427.37.1.el9_4.x86_64  CompilerName: GCC  CompilerVersion: 8.4.0
ProgramName: mris_topo_fixer  ProgramArguments: mris_topo_fixer -all-info  ProgramVersion: 7.3.2  TimeStamp: 2026/03/09-21:22:27-GMT  BuildTime: Aug  4 2022 06:17:15  BuildStamp: freesurfer-linux-ubuntu22_x86_64-7.3.2-20220804-6354275  User: oesteban  Machine: dna065  Platform: Linux  PlatformVersion: 5.14.0-427.37.1.el9_4.x86_64  CompilerName: GCC  CompilerVersion: 8.4.0
ProgramName: mri_surf2surf  ProgramArguments: mri_surf2surf -all-info  ProgramVersion: 7.3.2  TimeStamp: 2026/03/09-21:22:27-GMT  BuildTime: Aug  4 2022 06:17:15  BuildStamp: freesurfer-linux-ubuntu22_x86_64-7.3.2-20220804-6354275  User: oesteban  Machine: dna065  Platform: Linux  PlatformVersion: 5.14.0-427.37.1.el9_4.x86_64  CompilerName: GCC  CompilerVersion: 8.4.0
ProgramName: mri_surf2vol  ProgramArguments: mri_surf2vol -all-info  ProgramVersion: 7.3.2  TimeStamp: 2026/03/09-21:22:27-GMT  BuildTime: Aug  4 2022 06:17:15  BuildStamp: freesurfer-linux-ubuntu22_x86_64-7.3.2-20220804-6354275  User: oesteban  Machine: dna065  Platform: Linux  PlatformVersion: 5.14.0-427.37.1.el9_4.x86_64  CompilerName: GCC  CompilerVersion: 8.4.0
ProgramName: mri_surfcluster  ProgramArguments: mri_surfcluster -all-info  ProgramVersion: 7.3.2  TimeStamp: 2026/03/09-21:22:27-GMT  BuildTime: Aug  4 2022 06:17:15  BuildStamp: freesurfer-linux-ubuntu22_x86_64-7.3.2-20220804-6354275  User: oesteban  Machine: dna065  Platform: Linux  PlatformVersion: 5.14.0-427.37.1.el9_4.x86_64  CompilerName: GCC  CompilerVersion: 8.4.0
ProgramName: mris_volmask  ProgramArguments: mris_volmask -all-info  ProgramVersion: 7.3.2  TimeStamp: 2026/03/09-21:22:27-GMT  BuildTime: Aug  4 2022 06:17:15  BuildStamp: freesurfer-linux-ubuntu22_x86_64-7.3.2-20220804-6354275  User: oesteban  Machine: dna065  Platform: Linux  PlatformVersion: 5.14.0-427.37.1.el9_4.x86_64  CompilerName: GCC  CompilerVersion: 8.4.0
ProgramName: mri_tessellate  ProgramArguments: mri_tessellate -all-info  ProgramVersion: 7.3.2  TimeStamp: 2026/03/09-21:22:27-GMT  BuildTime: Aug  4 2022 06:17:15  BuildStamp: freesurfer-linux-ubuntu22_x86_64-7.3.2-20220804-6354275  User: oesteban  Machine: dna065  Platform: Linux  PlatformVersion: 5.14.0-427.37.1.el9_4.x86_64  CompilerName: GCC  CompilerVersion: 8.4.0
ProgramName: mri_vol2surf  ProgramArguments: mri_vol2surf -all-info  ProgramVersion: 7.3.2  TimeStamp: 2026/03/09-21:22:27-GMT  BuildTime: Aug  4 2022 06:17:15  BuildStamp: freesurfer-linux-ubuntu22_x86_64-7.3.2-20220804-6354275  User: oesteban  Machine: dna065  Platform: Linux  PlatformVersion: 5.14.0-427.37.1.el9_4.x86_64  CompilerName: GCC  CompilerVersion: 8.4.0
ProgramName: mri_vol2vol  ProgramArguments: mri_vol2vol -all-info  ProgramVersion: 7.3.2  TimeStamp: 2026/03/09-21:22:27-GMT  BuildTime: Aug  4 2022 06:17:15  BuildStamp: freesurfer-linux-ubuntu22_x86_64-7.3.2-20220804-6354275  User: oesteban  Machine: dna065  Platform: Linux  PlatformVersion: 5.14.0-427.37.1.el9_4.x86_64  CompilerName: GCC  CompilerVersion: 8.4.0
ProgramName: mri_voldiff  ProgramArguments: mri_voldiff -all-info  ProgramVersion: 7.3.2  TimeStamp: 2026/03/09-21:22:27-GMT  BuildTime: Aug  4 2022 06:17:15  BuildStamp: freesurfer-linux-ubuntu22_x86_64-7.3.2-20220804-6354275  User: oesteban  Machine: dna065  Platform: Linux  PlatformVersion: 5.14.0-427.37.1.el9_4.x86_64  CompilerName: GCC  CompilerVersion: 8.4.0
ProgramName: mri_watershed  ProgramArguments: mri_watershed -all-info  ProgramVersion: 7.3.2  TimeStamp: 2026/03/09-21:22:27-GMT  BuildTime: Aug  4 2022 06:17:15  BuildStamp: freesurfer-linux-ubuntu22_x86_64-7.3.2-20220804-6354275  User: oesteban  Machine: dna065  Platform: Linux  PlatformVersion: 5.14.0-427.37.1.el9_4.x86_64  CompilerName: GCC  CompilerVersion: 8.4.0
ProgramName: tkregister2  ProgramArguments: tkregister2_cmdl -all-info  ProgramVersion: 7.3.2  TimeStamp: 2026/03/09-21:22:27-GMT  BuildTime: Aug  4 2022 06:17:15  BuildStamp: freesurfer-linux-ubuntu22_x86_64-7.3.2-20220804-6354275  User: oesteban  Machine: dna065  Platform: Linux  PlatformVersion: 5.14.0-427.37.1.el9_4.x86_64  CompilerName: GCC  CompilerVersion: 8.4.0
mri_motion_correct.fsl 7.3.2
mri_convert -all-info 
ProgramName: mri_convert  ProgramArguments: mri_convert -all-info  ProgramVersion: 7.3.2  TimeStamp: 2026/03/09-21:22:27-GMT  BuildTime: Aug  4 2022 06:17:15  BuildStamp: freesurfer-linux-ubuntu22_x86_64-7.3.2-20220804-6354275  User: oesteban  Machine: dna065  Platform: Linux  PlatformVersion: 5.14.0-427.37.1.el9_4.x86_64  CompilerName: GCC  CompilerVersion: 8.4.0
Program nu_correct, built from:
Package MNI N3, version 1.12.0, compiled by nicks@terrier (x86_64-unknown-linux-gnu) on 2015-06-19 at 01:25:34
#######################################
GCADIR /opt/freesurfer/average
GCA RB_all_2020-01-02.gca
GCASkull RB_all_withskull_2020_01_02.gca
AvgCurvTif folding.atlas.acfb40.noaparc.i12.2016-08-02.tif
GCSDIR /opt/freesurfer/average
GCS DKaparc.atlas.acfb40.noaparc.i12.2016-08-02.gcs
#######################################
/out/sourcedata/freesurfer/sub-v1s2x0051479_ses-1

 mri_convert /work/fmriprep_25_2_wf/sub_v1s2x0051479_ses_1_wf/anat_fit_wf/anat_validate/sub-v1s2x0051479_ses-1_T1w_noise_corrected_ras_valid.nii.gz /out/sourcedata/freesurfer/sub-v1s2x0051479_ses-1/mri/orig/001.mgz 

mri_convert /work/fmriprep_25_2_wf/sub_v1s2x0051479_ses_1_wf/anat_fit_wf/anat_validate/sub-v1s2x0051479_ses-1_T1w_noise_corrected_ras_valid.nii.gz /out/sourcedata/freesurfer/sub-v1s2x0051479_ses-1/mri/orig/001.mgz 
reading from /work/fmriprep_25_2_wf/sub_v1s2x0051479_ses_1_wf/anat_fit_wf/anat_validate/sub-v1s2x0051479_ses-1_T1w_noise_corrected_ras_valid.nii.gz...
TR=0.00, TE=0.00, TI=0.00, flip angle=0.00
i_ras = (1, 0, 0)
j_ras = (0, 1, 0)
k_ras = (0, 0, 1)
writing to /out/sourcedata/freesurfer/sub-v1s2x0051479_ses-1/mri/orig/001.mgz...
#--------------------------------------------
#@# MotionCor Mon Mar  9 22:22:29 CET 2026
Found 1 runs
/out/sourcedata/freesurfer/sub-v1s2x0051479_ses-1/mri/orig/001.mgz
Checking for (invalid) multi-frame inputs...
Only one run found so motion
correction will not be performed. I'll
copy the run to rawavg and continue.

 cp /out/sourcedata/freesurfer/sub-v1s2x0051479_ses-1/mri/orig/001.mgz /out/sourcedata/freesurfer/sub-v1s2x0051479_ses-1/mri/rawavg.mgz 


 mri_info /out/sourcedata/freesurfer/sub-v1s2x0051479_ses-1/mri/rawavg.mgz 

rawavg.mgz ========================================
Volume information for /out/sourcedata/freesurfer/sub-v1s2x0051479_ses-1/mri/rawavg.mgz
          type: MGH
    dimensions: 176 x 256 x 256
   voxel sizes: 1.000000, 1.000000, 1.000000
          type: FLOAT (3)
           fov: 256.000
           dof: 1
        xstart: -88.0, xend: 88.0
        ystart: -128.0, yend: 128.0
        zstart: -128.0, zend: 128.0
            TR: 0.00 msec, TE: 0.00 msec, TI: 0.00 msec, flip angle: 0.00 degrees
       nframes: 1
       PhEncDir: UNKNOWN
       FieldStrength: 0.000000
ras xform present
    xform info: x_r =   1.0000, y_r =   0.0000, z_r =   0.0000, c_r =     3.8898
              : x_a =   0.0000, y_a =   1.0000, z_a =   0.0000, c_a =    63.3729
              : x_s =   0.0000, y_s =   0.0000, z_s =   1.0000, c_s =   -17.9831

talairach xfm : 
Orientation   : RAS
Primary Slice Direction: axial

voxel to ras transform:
                1.0000   0.0000   0.0000   -84.1102
                0.0000   1.0000   0.0000   -64.6271
                0.0000   0.0000   1.0000  -145.9831
                0.0000   0.0000   0.0000     1.0000

voxel-to-ras determinant 1

ras to voxel transform:
                1.0000   0.0000   0.0000    84.1102
                0.0000   1.0000   0.0000    64.6271
                0.0000   0.0000   1.0000   145.9831
                0.0000   0.0000   0.0000     1.0000
/out/sourcedata/freesurfer/sub-v1s2x0051479_ses-1

 mri_convert /out/sourcedata/freesurfer/sub-v1s2x0051479_ses-1/mri/rawavg.mgz /out/sourcedata/freesurfer/sub-v1s2x0051479_ses-1/mri/orig.mgz --conform 

mri_convert /out/sourcedata/freesurfer/sub-v1s2x0051479_ses-1/mri/rawavg.mgz /out/sourcedata/freesurfer/sub-v1s2x0051479_ses-1/mri/orig.mgz --conform 
reading from /out/sourcedata/freesurfer/sub-v1s2x0051479_ses-1/mri/rawavg.mgz...
TR=0.00, TE=0.00, TI=0.00, flip angle=0.00
i_ras = (1, 0, 0)
j_ras = (0, 1, 0)
k_ras = (0, 0, 1)
changing data type from float to uchar (noscale = 0)...
MRIchangeType: Building histogram 0 996.183 1000, flo=0, fhi=0.999, dest_type=0
Reslicing using trilinear interpolation 
writing to /out/sourcedata/freesurfer/sub-v1s2x0051479_ses-1/mri/orig.mgz...

 mri_add_xform_to_header -c /out/sourcedata/freesurfer/sub-v1s2x0051479_ses-1/mri/transforms/talairach.xfm /out/sourcedata/freesurfer/sub-v1s2x0051479_ses-1/mri/orig.mgz /out/sourcedata/freesurfer/sub-v1s2x0051479_ses-1/mri/orig.mgz 

INFO: extension is mgz

 mri_info /out/sourcedata/freesurfer/sub-v1s2x0051479_ses-1/mri/orig.mgz 

orig.mgz ========================================
Volume information for /out/sourcedata/freesurfer/sub-v1s2x0051479_ses-1/mri/orig.mgz
          type: MGH
    dimensions: 256 x 256 x 256
   voxel sizes: 1.000000, 1.000000, 1.000000
          type: UCHAR (0)
           fov: 256.000
           dof: 1
        xstart: -128.0, xend: 128.0
        ystart: -128.0, yend: 128.0
        zstart: -128.0, zend: 128.0
            TR: 0.00 msec, TE: 0.00 msec, TI: 0.00 msec, flip angle: 0.00 degrees
       nframes: 1
       PhEncDir: UNKNOWN
       FieldStrength: 0.000000
ras xform present
    xform info: x_r =  -1.0000, y_r =   0.0000, z_r =   0.0000, c_r =     3.8898
              : x_a =   0.0000, y_a =   0.0000, z_a =   1.0000, c_a =    63.3729
              : x_s =   0.0000, y_s =  -1.0000, z_s =   0.0000, c_s =   -17.9831

talairach xfm : /out/sourcedata/freesurfer/sub-v1s2x0051479_ses-1/mri/transforms/talairach.xfm
Orientation   : LIA
Primary Slice Direction: coronal

voxel to ras transform:
               -1.0000   0.0000   0.0000   131.8898
                0.0000   0.0000   1.0000   -64.6271
                0.0000  -1.0000   0.0000   110.0169
                0.0000   0.0000   0.0000     1.0000

voxel-to-ras determinant -1

ras to voxel transform:
               -1.0000  -0.0000  -0.0000   131.8898
               -0.0000  -0.0000  -1.0000   110.0169
               -0.0000   1.0000  -0.0000    64.6271
               -0.0000  -0.0000  -0.0000     1.0000
#--------------------------------------------
#@# Talairach Mon Mar  9 22:22:34 CET 2026
/out/sourcedata/freesurfer/sub-v1s2x0051479_ses-1/mri

 mri_nu_correct.mni --no-rescale --i orig.mgz --o orig_nu.mgz --ants-n4 --n 1 --proto-iters 1000 --distance 50 

/usr/bin/bc
/out/sourcedata/freesurfer/sub-v1s2x0051479_ses-1/mri
/opt/freesurfer/bin/mri_nu_correct.mni
--no-rescale --i orig.mgz --o orig_nu.mgz --ants-n4 --n 1 --proto-iters 1000 --distance 50
nIters 1
mri_nu_correct.mni 7.3.2
Linux dna065 5.14.0-427.37.1.el9_4.x86_64 #1 SMP PREEMPT_DYNAMIC Fri Sep 13 12:41:50 EDT 2024 x86_64 x86_64 x86_64 GNU/Linux
Mon Mar  9 22:22:34 CET 2026
tmpdir is ./tmp.mri_nu_correct.mni.1122499
cd /out/sourcedata/freesurfer/sub-v1s2x0051479_ses-1/mri
AntsN4BiasFieldCorrectionFs -i orig.mgz -o ./tmp.mri_nu_correct.mni.1122499/nu0.mgz --dtype uchar
AntsN4BiasFieldCorrectionFs done
mri_convert ./tmp.mri_nu_correct.mni.1122499/nu0.mgz orig_nu.mgz --like orig.mgz --conform
mri_convert ./tmp.mri_nu_correct.mni.1122499/nu0.mgz orig_nu.mgz --like orig.mgz --conform 
reading from ./tmp.mri_nu_correct.mni.1122499/nu0.mgz...
TR=0.00, TE=0.00, TI=0.00, flip angle=0.00
i_ras = (-1, 0, 0)
j_ras = (0, 0, -1)
k_ras = (0, 1, 0)
INFO: transform src into the like-volume: orig.mgz
writing to orig_nu.mgz...
 
 
Mon Mar  9 22:25:08 CET 2026
mri_nu_correct.mni done

 talairach_avi --i orig_nu.mgz --xfm transforms/talairach.auto.xfm 

talairach_avi log file is transforms/talairach_avi.log...
mv -f /out/sourcedata/freesurfer/sub-v1s2x0051479_ses-1/mri/talsrcimg_to_711-2C_as_mni_average_305_t4_vox2vox.txt /out/sourcedata/freesurfer/sub-v1s2x0051479_ses-1/mri/transforms/talsrcimg_to_711-2C_as_mni_average_305_t4_vox2vox.txt
Started at Mon Mar 9 22:25:08 CET 2026
Ended   at Mon Mar  9 22:25:22 CET 2026
talairach_avi done

 cp transforms/talairach.auto.xfm transforms/talairach.xfm 

lta_convert --src orig.mgz --trg /opt/freesurfer/average/mni305.cor.mgz --inxfm transforms/talairach.xfm --outlta transforms/talairach.xfm.lta --subject fsaverage --ltavox2vox
7.3.2

--src: orig.mgz src image (geometry).
--trg: /opt/freesurfer/average/mni305.cor.mgz trg image (geometry).
--inmni: transforms/talairach.xfm input MNI/XFM transform.
--outlta: transforms/talairach.xfm.lta output LTA.
--s: fsaverage subject name
--ltavox2vox: output LTA as VOX_TO_VOX transform.
 LTA read, type : 1
 1.04420   0.01010  -0.06341  -1.17244;
 0.01390   1.14676   0.07988  -63.15550;
 0.02796  -0.07534   1.20126  -22.71307;
 0.00000   0.00000   0.00000   1.00000;
setting subject to fsaverage
Writing  LTA to file transforms/talairach.xfm.lta...
lta_convert successful.
#--------------------------------------------
#@# Talairach Failure Detection Mon Mar  9 22:25:25 CET 2026
/out/sourcedata/freesurfer/sub-v1s2x0051479_ses-1/mri

 talairach_afd -T 0.005 -xfm transforms/talairach.xfm 

talairach_afd: Talairach Transform: transforms/talairach.xfm OK (p=0.7955, pval=0.8469 >= threshold=0.0050)

 awk -f /opt/freesurfer/bin/extract_talairach_avi_QA.awk /out/sourcedata/freesurfer/sub-v1s2x0051479_ses-1/mri/transforms/talairach_avi.log 


 tal_QC_AZS /out/sourcedata/freesurfer/sub-v1s2x0051479_ses-1/mri/transforms/talairach_avi.log 

TalAviQA: 0.96870
z-score: -2
#--------------------------------------------
#@# Nu Intensity Correction Mon Mar  9 22:25:25 CET 2026

 mri_nu_correct.mni --i orig.mgz --o nu.mgz --uchar transforms/talairach.xfm --n 2 --ants-n4 

/usr/bin/bc
/out/sourcedata/freesurfer/sub-v1s2x0051479_ses-1/mri
/opt/freesurfer/bin/mri_nu_correct.mni
--i orig.mgz --o nu.mgz --uchar transforms/talairach.xfm --n 2 --ants-n4
nIters 2
mri_nu_correct.mni 7.3.2
Linux dna065 5.14.0-427.37.1.el9_4.x86_64 #1 SMP PREEMPT_DYNAMIC Fri Sep 13 12:41:50 EDT 2024 x86_64 x86_64 x86_64 GNU/Linux
Mon Mar  9 22:25:25 CET 2026
tmpdir is ./tmp.mri_nu_correct.mni.1123857
cd /out/sourcedata/freesurfer/sub-v1s2x0051479_ses-1/mri
AntsN4BiasFieldCorrectionFs -i orig.mgz -o ./tmp.mri_nu_correct.mni.1123857/nu0.mgz --dtype uchar
AntsN4BiasFieldCorrectionFs done
mri_binarize --i ./tmp.mri_nu_correct.mni.1123857/nu0.mgz --min -1 --o ./tmp.mri_nu_correct.mni.1123857/ones.mgz

7.3.2
cwd /out/sourcedata/freesurfer/sub-v1s2x0051479_ses-1/mri
cmdline mri_binarize --i ./tmp.mri_nu_correct.mni.1123857/nu0.mgz --min -1 --o ./tmp.mri_nu_correct.mni.1123857/ones.mgz 
sysname  Linux
hostname dna065
machine  x86_64
user     oesteban

input      ./tmp.mri_nu_correct.mni.1123857/nu0.mgz
frame      0
nErode3d   0
nErode2d   0
output     ./tmp.mri_nu_correct.mni.1123857/ones.mgz
Binarizing based on threshold
min        -1
max        +infinity
binval        1
binvalnot     0
fstart = 0, fend = 0, nframes = 1
Starting parallel 1
Found 16777216 values in range
Counting number of voxels in first frame
Found 16777215 voxels in final mask
Writing output to ./tmp.mri_nu_correct.mni.1123857/ones.mgz
Count: 16777215 16777215.000000 16777216 99.999994
mri_binarize done
mri_segstats --id 1 --seg ./tmp.mri_nu_correct.mni.1123857/ones.mgz --i orig.mgz --sum ./tmp.mri_nu_correct.mni.1123857/sum.junk --avgwf ./tmp.mri_nu_correct.mni.1123857/input.mean.dat

7.3.2
cwd 
cmdline mri_segstats --id 1 --seg ./tmp.mri_nu_correct.mni.1123857/ones.mgz --i orig.mgz --sum ./tmp.mri_nu_correct.mni.1123857/sum.junk --avgwf ./tmp.mri_nu_correct.mni.1123857/input.mean.dat 
sysname  Linux
hostname dna065
machine  x86_64
user     oesteban
whitesurfname  white
UseRobust  0
Loading ./tmp.mri_nu_correct.mni.1123857/ones.mgz
Loading orig.mgz
Voxel Volume is 1 mm^3
Generating list of segmentation ids
Found   1 segmentations
Computing statistics for each segmentation

Reporting on   1 segmentations
Using PrintSegStat
Computing spatial average of each frame

Writing to ./tmp.mri_nu_correct.mni.1123857/input.mean.dat
mri_segstats done
mri_segstats --id 1 --seg ./tmp.mri_nu_correct.mni.1123857/ones.mgz --i ./tmp.mri_nu_correct.mni.1123857/nu0.mgz --sum ./tmp.mri_nu_correct.mni.1123857/sum.junk --avgwf ./tmp.mri_nu_correct.mni.1123857/output.mean.dat

7.3.2
cwd 
cmdline mri_segstats --id 1 --seg ./tmp.mri_nu_correct.mni.1123857/ones.mgz --i ./tmp.mri_nu_correct.mni.1123857/nu0.mgz --sum ./tmp.mri_nu_correct.mni.1123857/sum.junk --avgwf ./tmp.mri_nu_correct.mni.1123857/output.mean.dat 
sysname  Linux
hostname dna065
machine  x86_64
user     oesteban
whitesurfname  white
UseRobust  0
Loading ./tmp.mri_nu_correct.mni.1123857/ones.mgz
Loading ./tmp.mri_nu_correct.mni.1123857/nu0.mgz
Voxel Volume is 1 mm^3
Generating list of segmentation ids
Found   1 segmentations
Computing statistics for each segmentation

Reporting on   1 segmentations
Using PrintSegStat
Computing spatial average of each frame

Writing to ./tmp.mri_nu_correct.mni.1123857/output.mean.dat
mri_segstats done
mris_calc -o ./tmp.mri_nu_correct.mni.1123857/nu0.mgz ./tmp.mri_nu_correct.mni.1123857/nu0.mgz mul 1.31788287342499687173
Saving result to './tmp.mri_nu_correct.mni.1123857/nu0.mgz' (type = MGH )                       [ ok ]
mri_convert ./tmp.mri_nu_correct.mni.1123857/nu0.mgz nu.mgz --like orig.mgz
mri_convert ./tmp.mri_nu_correct.mni.1123857/nu0.mgz nu.mgz --like orig.mgz 
reading from ./tmp.mri_nu_correct.mni.1123857/nu0.mgz...
TR=0.00, TE=0.00, TI=0.00, flip angle=0.00
i_ras = (-1, 0, 0)
j_ras = (0, 0, -1)
k_ras = (0, 1, 0)
INFO: transform src into the like-volume: orig.mgz
writing to nu.mgz...
mri_make_uchar nu.mgz transforms/talairach.xfm nu.mgz
type change took 0 minutes and 3 seconds.
FIRST_PERCENTILE 0.010000
WM_PERCENTILE    0.900000
MAX_R 50.000000
i1 = 6, i2 = 74
#mri_make_uchar# mapping 15 191 to  3 110  :  b -6.93088 m 0.613469 : thresh 11.2979 maxsat 426.967 : nzero 14411468 nsat 0
 
 
Mon Mar  9 22:28:09 CET 2026
mri_nu_correct.mni done

 mri_add_xform_to_header -c /out/sourcedata/freesurfer/sub-v1s2x0051479_ses-1/mri/transforms/talairach.xfm nu.mgz nu.mgz 

INFO: extension is mgz
#--------------------------------------------
#@# Intensity Normalization Mon Mar  9 22:28:09 CET 2026
/out/sourcedata/freesurfer/sub-v1s2x0051479_ses-1/mri

 mri_normalize -g 1 -seed 1234 -mprage nu.mgz T1.mgz 

using max gradient = 1.000
setting seed for random number genererator to 1234
assuming input volume is MGH (Van der Kouwe) MP-RAGE
reading mri_src from nu.mgz...
normalizing image...
NOT doing gentle normalization with control points/label
talairach transform
 1.04420   0.01010  -0.06341  -1.17244;
 0.01390   1.14676   0.07988  -63.15550;
 0.02796  -0.07534   1.20126  -22.71307;
 0.00000   0.00000   0.00000   1.00000;
processing without aseg, no1d=0
MRInormInit(): 
INFO: Modifying talairach volume c_(r,a,s) based on average_305
MRInormalize(): 
MRIsplineNormalize(): npeaks = 17
Starting OpenSpline(): npoints = 17
building Voronoi diagram...
performing soap bubble smoothing, sigma = 8...

Iterating 2 times
---------------------------------
3d normalization pass 1 of 2
white matter peak found at 110
white matter peak found at 110
gm peak at 88 (88), valley at 53 (53)
csf peak at 44, setting threshold to 73
building Voronoi diagram...
performing soap bubble smoothing, sigma = 8...
---------------------------------
3d normalization pass 2 of 2
white matter peak found at 110
white matter peak found at 110
gm peak at 88 (88), valley at 52 (52)
csf peak at 44, setting threshold to 73
building Voronoi diagram...
performing soap bubble smoothing, sigma = 8...
Done iterating ---------------------------------
writing output to T1.mgz
3D bias adjustment took 1 minutes and 13 seconds.

Started at Mon Mar 9 22:22:26 CET 2026 
Ended   at Mon Mar 9 22:29:22 CET 2026
#@#%# recon-all-run-time-hours 0.116
recon-all -s sub-v1s2x0051479_ses-1 finished without error at Mon Mar  9 22:29:22 CET 2026



#New# invocation of recon-all 




Mon Mar  9 22:35:11 CET 2026
cd /out/sourcedata/freesurfer/sub-v1s2x0051479_ses-1
setenv SUBJECTS_DIR /out/sourcedata/freesurfer
/opt/freesurfer/bin/recon-all -openmp 16 -subjid sub-v1s2x0051479_ses-1 -sd /out/sourcedata/freesurfer -gcareg

subjid sub-v1s2x0051479_ses-1
setenv SUBJECTS_DIR /out/sourcedata/freesurfer
FREESURFER_HOME /opt/freesurfer
Actual FREESURFER_HOME /opt/freesurfer
build-stamp.txt: freesurfer-linux-ubuntu22_x86_64-7.3.2-20220804-6354275
Linux dna065 5.14.0-427.37.1.el9_4.x86_64 #1 SMP PREEMPT_DYNAMIC Fri Sep 13 12:41:50 EDT 2024 x86_64 x86_64 x86_64 GNU/Linux
cputime      unlimited
filesize     unlimited
datasize     unlimited
stacksize    8192 kbytes
coredumpsize 0 kbytes
memoryuse    67108864 kbytes
vmemoryuse   unlimited
descriptors  1024 
memorylocked unlimited
maxproc      2061970 
maxlocks     unlimited
maxsignal    2062029 
maxmessage   819200 
maxnice      0 
maxrtprio    0 
maxrttime    unlimited

               total        used        free      shared  buff/cache   available
Mem:           503Gi       101Gi       361Gi       9.8Gi        41Gi       389Gi
Swap:             0B          0B          0B

########################################
program versions used
7.3.2 (freesurfer-linux-ubuntu22_x86_64-7.3.2-20220804-6354275)
7.3.2

ProgramName: lta_convert  ProgramArguments: lta_convert -all-info  ProgramVersion: 7.3.2  TimeStamp: 2026/03/09-21:35:11-GMT  BuildTime: Aug  4 2022 06:17:15  BuildStamp: freesurfer-linux-ubuntu22_x86_64-7.3.2-20220804-6354275  User: oesteban  Machine: dna065  Platform: Linux  PlatformVersion: 5.14.0-427.37.1.el9_4.x86_64  CompilerName: GCC  CompilerVersion: 8.4.0
ProgramName: mri_and  ProgramArguments: mri_and -all-info  ProgramVersion: 7.3.2  TimeStamp: 2026/03/09-21:35:11-GMT  BuildTime: Aug  4 2022 06:17:15  BuildStamp: freesurfer-linux-ubuntu22_x86_64-7.3.2-20220804-6354275  User: oesteban  Machine: dna065  Platform: Linux  PlatformVersion: 5.14.0-427.37.1.el9_4.x86_64  CompilerName: GCC  CompilerVersion: 8.4.0
ProgramName: mri_annotation2label  ProgramArguments: mri_annotation2label -all-info  ProgramVersion: 7.3.2  TimeStamp: 2026/03/09-21:35:11-GMT  BuildTime: Aug  4 2022 06:17:15  BuildStamp: freesurfer-linux-ubuntu22_x86_64-7.3.2-20220804-6354275  User: oesteban  Machine: dna065  Platform: Linux  PlatformVersion: 5.14.0-427.37.1.el9_4.x86_64  CompilerName: GCC  CompilerVersion: 8.4.0
ProgramName: mri_aparc2aseg  ProgramArguments: mri_aparc2aseg -all-info  ProgramVersion: 7.3.2  TimeStamp: 2026/03/09-21:35:11-GMT  BuildTime: Aug  4 2022 06:17:15  BuildStamp: freesurfer-linux-ubuntu22_x86_64-7.3.2-20220804-6354275  User: oesteban  Machine: dna065  Platform: Linux  PlatformVersion: 5.14.0-427.37.1.el9_4.x86_64  CompilerName: GCC  CompilerVersion: 8.4.0
ProgramName: mri_surf2volseg  ProgramArguments: mri_surf2volseg -all-info  ProgramVersion: 7.3.2  TimeStamp: 2026/03/09-21:35:11-GMT  BuildTime: Aug  4 2022 06:17:15  BuildStamp: freesurfer-linux-ubuntu22_x86_64-7.3.2-20220804-6354275  User: oesteban  Machine: dna065  Platform: Linux  PlatformVersion: 5.14.0-427.37.1.el9_4.x86_64  CompilerName: GCC  CompilerVersion: 8.4.0
ProgramName: mri_binarize  ProgramArguments: mri_binarize -all-info  ProgramVersion: 7.3.2  TimeStamp: 2026/03/09-21:35:11-GMT  BuildTime: Aug  4 2022 06:17:15  BuildStamp: freesurfer-linux-ubuntu22_x86_64-7.3.2-20220804-6354275  User: oesteban  Machine: dna065  Platform: Linux  PlatformVersion: 5.14.0-427.37.1.el9_4.x86_64  CompilerName: GCC  CompilerVersion: 8.4.0
ProgramName: mri_ca_label  ProgramArguments: mri_ca_label -all-info  ProgramVersion: 7.3.2  TimeStamp: 2026/03/09-21:35:11-GMT  BuildTime: Aug  4 2022 06:17:15  BuildStamp: freesurfer-linux-ubuntu22_x86_64-7.3.2-20220804-6354275  User: oesteban  Machine: dna065  Platform: Linux  PlatformVersion: 5.14.0-427.37.1.el9_4.x86_64  CompilerName: GCC  CompilerVersion: 8.4.0
ProgramName: mri_ca_normalize  ProgramArguments: mri_ca_normalize -all-info  ProgramVersion: 7.3.2  TimeStamp: 2026/03/09-21:35:11-GMT  BuildTime: Aug  4 2022 06:17:15  BuildStamp: freesurfer-linux-ubuntu22_x86_64-7.3.2-20220804-6354275  User: oesteban  Machine: dna065  Platform: Linux  PlatformVersion: 5.14.0-427.37.1.el9_4.x86_64  CompilerName: GCC  CompilerVersion: 8.4.0
ProgramName: mri_ca_register  ProgramArguments: mri_ca_register -all-info  ProgramVersion: 7.3.2  TimeStamp: 2026/03/09-21:35:11-GMT  BuildTime: Aug  4 2022 06:17:15  BuildStamp: freesurfer-linux-ubuntu22_x86_64-7.3.2-20220804-6354275  User: oesteban  Machine: dna065  Platform: Linux  PlatformVersion: 5.14.0-427.37.1.el9_4.x86_64  CompilerName: GCC  CompilerVersion: 8.4.0
ProgramName: mri_cc  ProgramArguments: mri_cc -all-info  ProgramVersion: 7.3.2  TimeStamp: 2026/03/09-21:35:11-GMT  BuildTime: Aug  4 2022 06:17:15  BuildStamp: freesurfer-linux-ubuntu22_x86_64-7.3.2-20220804-6354275  User: oesteban  Machine: dna065  Platform: Linux  PlatformVersion: 5.14.0-427.37.1.el9_4.x86_64  CompilerName: GCC  CompilerVersion: 8.4.0
ProgramName: mri_compute_overlap  ProgramArguments: mri_compute_overlap -all-info  ProgramVersion: 7.3.2  TimeStamp: 2026/03/09-21:35:11-GMT  BuildTime: Aug  4 2022 06:17:15  BuildStamp: freesurfer-linux-ubuntu22_x86_64-7.3.2-20220804-6354275  User: oesteban  Machine: dna065  Platform: Linux  PlatformVersion: 5.14.0-427.37.1.el9_4.x86_64  CompilerName: GCC  CompilerVersion: 8.4.0
ProgramName: mri_compute_seg_overlap  ProgramArguments: mri_compute_seg_overlap -all-info  ProgramVersion: 7.3.2  TimeStamp: 2026/03/09-21:35:11-GMT  BuildTime: Aug  4 2022 06:17:15  BuildStamp: freesurfer-linux-ubuntu22_x86_64-7.3.2-20220804-6354275  User: oesteban  Machine: dna065  Platform: Linux  PlatformVersion: 5.14.0-427.37.1.el9_4.x86_64  CompilerName: GCC  CompilerVersion: 8.4.0
ProgramName: mri_concat  ProgramArguments: mri_concat -all-info  ProgramVersion: 7.3.2  TimeStamp: 2026/03/09-21:35:11-GMT  BuildTime: Aug  4 2022 06:17:15  BuildStamp: freesurfer-linux-ubuntu22_x86_64-7.3.2-20220804-6354275  User: oesteban  Machine: dna065  Platform: Linux  PlatformVersion: 5.14.0-427.37.1.el9_4.x86_64  CompilerName: GCC  CompilerVersion: 8.4.0
ProgramName: mri_concatenate_lta  ProgramArguments: mri_concatenate_lta -all-info  ProgramVersion: 7.3.2  TimeStamp: 2026/03/09-21:35:11-GMT  BuildTime: Aug  4 2022 06:17:15  BuildStamp: freesurfer-linux-ubuntu22_x86_64-7.3.2-20220804-6354275  User: oesteban  Machine: dna065  Platform: Linux  PlatformVersion: 5.14.0-427.37.1.el9_4.x86_64  CompilerName: GCC  CompilerVersion: 8.4.0
mri_convert -all-info 
ProgramName: mri_convert  ProgramArguments: mri_convert -all-info  ProgramVersion: 7.3.2  TimeStamp: 2026/03/09-21:35:11-GMT  BuildTime: Aug  4 2022 06:17:15  BuildStamp: freesurfer-linux-ubuntu22_x86_64-7.3.2-20220804-6354275  User: oesteban  Machine: dna065  Platform: Linux  PlatformVersion: 5.14.0-427.37.1.el9_4.x86_64  CompilerName: GCC  CompilerVersion: 8.4.0
ProgramName: mri_diff  ProgramArguments: mri_diff -all-info  ProgramVersion: 7.3.2  TimeStamp: 2026/03/09-21:35:11-GMT  BuildTime: Aug  4 2022 06:17:15  BuildStamp: freesurfer-linux-ubuntu22_x86_64-7.3.2-20220804-6354275  User: oesteban  Machine: dna065  Platform: Linux  PlatformVersion: 5.14.0-427.37.1.el9_4.x86_64  CompilerName: GCC  CompilerVersion: 8.4.0
ProgramName: mri_edit_wm_with_aseg  ProgramArguments: mri_edit_wm_with_aseg -all-info  ProgramVersion: 7.3.2  TimeStamp: 2026/03/09-21:35:11-GMT  BuildTime: Aug  4 2022 06:17:15  BuildStamp: freesurfer-linux-ubuntu22_x86_64-7.3.2-20220804-6354275  User: oesteban  Machine: dna065  Platform: Linux  PlatformVersion: 5.14.0-427.37.1.el9_4.x86_64  CompilerName: GCC  CompilerVersion: 8.4.0
ProgramName: mri_em_register  ProgramArguments: mri_em_register -all-info  ProgramVersion: 7.3.2  TimeStamp: 2026/03/09-21:35:11-GMT  BuildTime: Aug  4 2022 06:17:15  BuildStamp: freesurfer-linux-ubuntu22_x86_64-7.3.2-20220804-6354275  User: oesteban  Machine: dna065  Platform: Linux  PlatformVersion: 5.14.0-427.37.1.el9_4.x86_64  CompilerName: GCC  CompilerVersion: 8.4.0
ProgramName: mri_fill  ProgramArguments: mri_fill -all-info  ProgramVersion: 7.3.2  TimeStamp: 2026/03/09-21:35:11-GMT  BuildTime: Aug  4 2022 06:17:15  BuildStamp: freesurfer-linux-ubuntu22_x86_64-7.3.2-20220804-6354275  User: oesteban  Machine: dna065  Platform: Linux  PlatformVersion: 5.14.0-427.37.1.el9_4.x86_64  CompilerName: GCC  CompilerVersion: 8.4.0
ProgramName: mri_fuse_segmentations  ProgramArguments: mri_fuse_segmentations -all-info  ProgramVersion: 7.3.2  TimeStamp: 2026/03/09-21:35:11-GMT  BuildTime: Aug  4 2022 06:17:15  BuildStamp: freesurfer-linux-ubuntu22_x86_64-7.3.2-20220804-6354275  User: oesteban  Machine: dna065  Platform: Linux  PlatformVersion: 5.14.0-427.37.1.el9_4.x86_64  CompilerName: GCC  CompilerVersion: 8.4.0
ProgramName: mri_fwhm  ProgramArguments: mri_fwhm -all-info  ProgramVersion: 7.3.2  TimeStamp: 2026/03/09-21:35:11-GMT  BuildTime: Aug  4 2022 06:17:15  BuildStamp: freesurfer-linux-ubuntu22_x86_64-7.3.2-20220804-6354275  User: oesteban  Machine: dna065  Platform: Linux  PlatformVersion: 5.14.0-427.37.1.el9_4.x86_64  CompilerName: GCC  CompilerVersion: 8.4.0
ProgramName: mri_gcut  ProgramArguments: mri_gcut -all-info  ProgramVersion: 7.3.2  TimeStamp: 2026/03/09-21:35:11-GMT  BuildTime: Aug  4 2022 06:17:15  BuildStamp: freesurfer-linux-ubuntu22_x86_64-7.3.2-20220804-6354275  User: oesteban  Machine: dna065  Platform: Linux  PlatformVersion: 5.14.0-427.37.1.el9_4.x86_64  CompilerName: GCC  CompilerVersion: 8.4.0
ProgramName: mri_info  ProgramArguments: mri_info -all-info  ProgramVersion: 7.3.2  TimeStamp: 2026/03/09-21:35:11-GMT  BuildTime: Aug  4 2022 06:17:15  BuildStamp: freesurfer-linux-ubuntu22_x86_64-7.3.2-20220804-6354275  User: oesteban  Machine: dna065  Platform: Linux  PlatformVersion: 5.14.0-427.37.1.el9_4.x86_64  CompilerName: GCC  CompilerVersion: 8.4.0
ProgramName: mri_label2label  ProgramArguments: mri_label2label -all-info  ProgramVersion: 7.3.2  TimeStamp: 2026/03/09-21:35:11-GMT  BuildTime: Aug  4 2022 06:17:15  BuildStamp: freesurfer-linux-ubuntu22_x86_64-7.3.2-20220804-6354275  User: oesteban  Machine: dna065  Platform: Linux  PlatformVersion: 5.14.0-427.37.1.el9_4.x86_64  CompilerName: GCC  CompilerVersion: 8.4.0
ProgramName: mri_label2vol  ProgramArguments: mri_label2vol -all-info  ProgramVersion: 7.3.2  TimeStamp: 2026/03/09-21:35:11-GMT  BuildTime: Aug  4 2022 06:17:15  BuildStamp: freesurfer-linux-ubuntu22_x86_64-7.3.2-20220804-6354275  User: oesteban  Machine: dna065  Platform: Linux  PlatformVersion: 5.14.0-427.37.1.el9_4.x86_64  CompilerName: GCC  CompilerVersion: 8.4.0
ProgramName: mri_log_likelihood  ProgramArguments: mri_log_likelihood -all-info  ProgramVersion: 7.3.2  TimeStamp: 2026/03/09-21:35:11-GMT  BuildTime: Aug  4 2022 06:17:15  BuildStamp: freesurfer-linux-ubuntu22_x86_64-7.3.2-20220804-6354275  User: oesteban  Machine: dna065  Platform: Linux  PlatformVersion: 5.14.0-427.37.1.el9_4.x86_64  CompilerName: GCC  CompilerVersion: 8.4.0
ProgramName: mri_mask  ProgramArguments: mri_mask -all-info  ProgramVersion: 7.3.2  TimeStamp: 2026/03/09-21:35:11-GMT  BuildTime: Aug  4 2022 06:17:15  BuildStamp: freesurfer-linux-ubuntu22_x86_64-7.3.2-20220804-6354275  User: oesteban  Machine: dna065  Platform: Linux  PlatformVersion: 5.14.0-427.37.1.el9_4.x86_64  CompilerName: GCC  CompilerVersion: 8.4.0
ProgramName: mri_matrix_multiply  ProgramArguments: mri_matrix_multiply -all-info  ProgramVersion: 7.3.2  TimeStamp: 2026/03/09-21:35:11-GMT  BuildTime: Aug  4 2022 06:17:15  BuildStamp: freesurfer-linux-ubuntu22_x86_64-7.3.2-20220804-6354275  User: oesteban  Machine: dna065  Platform: Linux  PlatformVersion: 5.14.0-427.37.1.el9_4.x86_64  CompilerName: GCC  CompilerVersion: 8.4.0
ProgramName: mri_normalize  ProgramArguments: mri_normalize -all-info  ProgramVersion: 7.3.2  TimeStamp: 2026/03/09-21:35:11-GMT  BuildTime: Aug  4 2022 06:17:15  BuildStamp: freesurfer-linux-ubuntu22_x86_64-7.3.2-20220804-6354275  User: oesteban  Machine: dna065  Platform: Linux  PlatformVersion: 5.14.0-427.37.1.el9_4.x86_64  CompilerName: GCC  CompilerVersion: 8.4.0
ProgramName: mri_normalize_tp2  ProgramArguments: mri_normalize_tp2 -all-info  ProgramVersion: 7.3.2  TimeStamp: 2026/03/09-21:35:11-GMT  BuildTime: Aug  4 2022 06:17:15  BuildStamp: freesurfer-linux-ubuntu22_x86_64-7.3.2-20220804-6354275  User: oesteban  Machine: dna065  Platform: Linux  PlatformVersion: 5.14.0-427.37.1.el9_4.x86_64  CompilerName: GCC  CompilerVersion: 8.4.0
ProgramName: mri_or  ProgramArguments: mri_or -all-info  ProgramVersion: 7.3.2  TimeStamp: 2026/03/09-21:35:11-GMT  BuildTime: Aug  4 2022 06:17:15  BuildStamp: freesurfer-linux-ubuntu22_x86_64-7.3.2-20220804-6354275  User: oesteban  Machine: dna065  Platform: Linux  PlatformVersion: 5.14.0-427.37.1.el9_4.x86_64  CompilerName: GCC  CompilerVersion: 8.4.0
ProgramName: mri_relabel_hypointensities  ProgramArguments: mri_relabel_hypointensities -all-info  ProgramVersion: 7.3.2  TimeStamp: 2026/03/09-21:35:11-GMT  BuildTime: Aug  4 2022 06:17:15  BuildStamp: freesurfer-linux-ubuntu22_x86_64-7.3.2-20220804-6354275  User: oesteban  Machine: dna065  Platform: Linux  PlatformVersion: 5.14.0-427.37.1.el9_4.x86_64  CompilerName: GCC  CompilerVersion: 8.4.0
ProgramName: mri_relabel_nonwm_hypos  ProgramArguments: mri_relabel_nonwm_hypos -all-info  ProgramVersion: 7.3.2  TimeStamp: 2026/03/09-21:35:11-GMT  BuildTime: Aug  4 2022 06:17:15  BuildStamp: freesurfer-linux-ubuntu22_x86_64-7.3.2-20220804-6354275  User: oesteban  Machine: dna065  Platform: Linux  PlatformVersion: 5.14.0-427.37.1.el9_4.x86_64  CompilerName: GCC  CompilerVersion: 8.4.0
ProgramName: mri_remove_neck  ProgramArguments: mri_remove_neck -all-info  ProgramVersion: 7.3.2  TimeStamp: 2026/03/09-21:35:11-GMT  BuildTime: Aug  4 2022 06:17:15  BuildStamp: freesurfer-linux-ubuntu22_x86_64-7.3.2-20220804-6354275  User: oesteban  Machine: dna065  Platform: Linux  PlatformVersion: 5.14.0-427.37.1.el9_4.x86_64  CompilerName: GCC  CompilerVersion: 8.4.0
7.3.2

ProgramName: mri_robust_register  ProgramArguments: mri_robust_register -all-info  ProgramVersion: 7.3.2  TimeStamp: 2026/03/09-21:35:11-GMT  BuildTime: Aug  4 2022 06:17:15  BuildStamp: freesurfer-linux-ubuntu22_x86_64-7.3.2-20220804-6354275  User: oesteban  Machine: dna065  Platform: Linux  PlatformVersion: 5.14.0-427.37.1.el9_4.x86_64  CompilerName: GCC  CompilerVersion: 8.4.0
7.3.2

ProgramName: mri_robust_template  ProgramArguments: mri_robust_template -all-info  ProgramVersion: 7.3.2  TimeStamp: 2026/03/09-21:35:11-GMT  BuildTime: Aug  4 2022 06:17:15  BuildStamp: freesurfer-linux-ubuntu22_x86_64-7.3.2-20220804-6354275  User: oesteban  Machine: dna065  Platform: Linux  PlatformVersion: 5.14.0-427.37.1.el9_4.x86_64  CompilerName: GCC  CompilerVersion: 8.4.0
ProgramName: mris_anatomical_stats  ProgramArguments: mris_anatomical_stats -all-info  ProgramVersion: 7.3.2  TimeStamp: 2026/03/09-21:35:11-GMT  BuildTime: Aug  4 2022 06:17:15  BuildStamp: freesurfer-linux-ubuntu22_x86_64-7.3.2-20220804-6354275  User: oesteban  Machine: dna065  Platform: Linux  PlatformVersion: 5.14.0-427.37.1.el9_4.x86_64  CompilerName: GCC  CompilerVersion: 8.4.0
ProgramName: mris_ca_label  ProgramArguments: mris_ca_label -all-info  ProgramVersion: 7.3.2  TimeStamp: 2026/03/09-21:35:11-GMT  BuildTime: Aug  4 2022 06:17:15  BuildStamp: freesurfer-linux-ubuntu22_x86_64-7.3.2-20220804-6354275  User: oesteban  Machine: dna065  Platform: Linux  PlatformVersion: 5.14.0-427.37.1.el9_4.x86_64  CompilerName: GCC  CompilerVersion: 8.4.0
ProgramName: mris_calc  ProgramArguments: mris_calc -all-info  ProgramVersion: 7.3.2  TimeStamp: 2026/03/09-21:35:11-GMT  BuildTime: Aug  4 2022 06:17:15  BuildStamp: freesurfer-linux-ubuntu22_x86_64-7.3.2-20220804-6354275  User: oesteban  Machine: dna065  Platform: Linux  PlatformVersion: 5.14.0-427.37.1.el9_4.x86_64  CompilerName: GCC  CompilerVersion: 8.4.0
ProgramName: mris_convert  ProgramArguments: mris_convert -all-info  ProgramVersion: 7.3.2  TimeStamp: 2026/03/09-21:35:11-GMT  BuildTime: Aug  4 2022 06:17:15  BuildStamp: freesurfer-linux-ubuntu22_x86_64-7.3.2-20220804-6354275  User: oesteban  Machine: dna065  Platform: Linux  PlatformVersion: 5.14.0-427.37.1.el9_4.x86_64  CompilerName: GCC  CompilerVersion: 8.4.0
ProgramName: mris_curvature  ProgramArguments: mris_curvature -all-info  ProgramVersion: 7.3.2  TimeStamp: 2026/03/09-21:35:11-GMT  BuildTime: Aug  4 2022 06:17:15  BuildStamp: freesurfer-linux-ubuntu22_x86_64-7.3.2-20220804-6354275  User: oesteban  Machine: dna065  Platform: Linux  PlatformVersion: 5.14.0-427.37.1.el9_4.x86_64  CompilerName: GCC  CompilerVersion: 8.4.0
ProgramName: mris_curvature_stats  ProgramArguments: mris_curvature_stats -all-info  ProgramVersion: 7.3.2  TimeStamp: 2026/03/09-21:35:11-GMT  BuildTime: Aug  4 2022 06:17:15  BuildStamp: freesurfer-linux-ubuntu22_x86_64-7.3.2-20220804-6354275  User: oesteban  Machine: dna065  Platform: Linux  PlatformVersion: 5.14.0-427.37.1.el9_4.x86_64  CompilerName: GCC  CompilerVersion: 8.4.0
ProgramName: mris_diff  ProgramArguments: mris_diff -all-info  ProgramVersion: 7.3.2  TimeStamp: 2026/03/09-21:35:11-GMT  BuildTime: Aug  4 2022 06:17:15  BuildStamp: freesurfer-linux-ubuntu22_x86_64-7.3.2-20220804-6354275  User: oesteban  Machine: dna065  Platform: Linux  PlatformVersion: 5.14.0-427.37.1.el9_4.x86_64  CompilerName: GCC  CompilerVersion: 8.4.0
ProgramName: mris_divide_parcellation  ProgramArguments: mris_divide_parcellation -all-info  ProgramVersion: 7.3.2  TimeStamp: 2026/03/09-21:35:11-GMT  BuildTime: Aug  4 2022 06:17:15  BuildStamp: freesurfer-linux-ubuntu22_x86_64-7.3.2-20220804-6354275  User: oesteban  Machine: dna065  Platform: Linux  PlatformVersion: 5.14.0-427.37.1.el9_4.x86_64  CompilerName: GCC  CompilerVersion: 8.4.0
ProgramName: mri_segment  ProgramArguments: mri_segment -all-info  ProgramVersion: 7.3.2  TimeStamp: 2026/03/09-21:35:11-GMT  BuildTime: Aug  4 2022 06:17:15  BuildStamp: freesurfer-linux-ubuntu22_x86_64-7.3.2-20220804-6354275  User: oesteban  Machine: dna065  Platform: Linux  PlatformVersion: 5.14.0-427.37.1.el9_4.x86_64  CompilerName: GCC  CompilerVersion: 8.4.0
ProgramName: mri_segstats  ProgramArguments: mri_segstats -all-info  ProgramVersion: 7.3.2  TimeStamp: 2026/03/09-21:35:11-GMT  BuildTime: Aug  4 2022 06:17:15  BuildStamp: freesurfer-linux-ubuntu22_x86_64-7.3.2-20220804-6354275  User: oesteban  Machine: dna065  Platform: Linux  PlatformVersion: 5.14.0-427.37.1.el9_4.x86_64  CompilerName: GCC  CompilerVersion: 8.4.0
ProgramName: mris_euler_number  ProgramArguments: mris_euler_number -all-info  ProgramVersion: 7.3.2  TimeStamp: 2026/03/09-21:35:12-GMT  BuildTime: Aug  4 2022 06:17:15  BuildStamp: freesurfer-linux-ubuntu22_x86_64-7.3.2-20220804-6354275  User: oesteban  Machine: dna065  Platform: Linux  PlatformVersion: 5.14.0-427.37.1.el9_4.x86_64  CompilerName: GCC  CompilerVersion: 8.4.0
ProgramName: mris_fix_topology  ProgramArguments: mris_fix_topology -all-info  ProgramVersion: 7.3.2  TimeStamp: 2026/03/09-21:35:12-GMT  BuildTime: Aug  4 2022 06:17:15  BuildStamp: freesurfer-linux-ubuntu22_x86_64-7.3.2-20220804-6354275  User: oesteban  Machine: dna065  Platform: Linux  PlatformVersion: 5.14.0-427.37.1.el9_4.x86_64  CompilerName: GCC  CompilerVersion: 8.4.0
ProgramName: mris_topo_fixer  ProgramArguments: mris_topo_fixer -all-info  ProgramVersion: 7.3.2  TimeStamp: 2026/03/09-21:35:12-GMT  BuildTime: Aug  4 2022 06:17:15  BuildStamp: freesurfer-linux-ubuntu22_x86_64-7.3.2-20220804-6354275  User: oesteban  Machine: dna065  Platform: Linux  PlatformVersion: 5.14.0-427.37.1.el9_4.x86_64  CompilerName: GCC  CompilerVersion: 8.4.0
ProgramName: mris_jacobian  ProgramArguments: mris_jacobian -all-info  ProgramVersion: 7.3.2  TimeStamp: 2026/03/09-21:35:12-GMT  BuildTime: Aug  4 2022 06:17:15  BuildStamp: freesurfer-linux-ubuntu22_x86_64-7.3.2-20220804-6354275  User: oesteban  Machine: dna065  Platform: Linux  PlatformVersion: 5.14.0-427.37.1.el9_4.x86_64  CompilerName: GCC  CompilerVersion: 8.4.0
ProgramName: mris_label2annot  ProgramArguments: mris_label2annot -all-info  ProgramVersion: 7.3.2  TimeStamp: 2026/03/09-21:35:12-GMT  BuildTime: Aug  4 2022 06:17:15  BuildStamp: freesurfer-linux-ubuntu22_x86_64-7.3.2-20220804-6354275  User: oesteban  Machine: dna065  Platform: Linux  PlatformVersion: 5.14.0-427.37.1.el9_4.x86_64  CompilerName: GCC  CompilerVersion: 8.4.0
ProgramName: mris_left_right_register  ProgramArguments: mris_left_right_register -all-info  ProgramVersion: 7.3.2  TimeStamp: 2026/03/09-21:35:12-GMT  BuildTime: Aug  4 2022 06:17:15  BuildStamp: freesurfer-linux-ubuntu22_x86_64-7.3.2-20220804-6354275  User: oesteban  Machine: dna065  Platform: Linux  PlatformVersion: 5.14.0-427.37.1.el9_4.x86_64  CompilerName: GCC  CompilerVersion: 8.4.0
ProgramName: mris_place_surface  ProgramArguments: mris_place_surface -all-info  ProgramVersion: 7.3.2  TimeStamp: 2026/03/09-21:35:12-GMT  BuildTime: Aug  4 2022 06:17:15  BuildStamp: freesurfer-linux-ubuntu22_x86_64-7.3.2-20220804-6354275  User: oesteban  Machine: dna065  Platform: Linux  PlatformVersion: 5.14.0-427.37.1.el9_4.x86_64  CompilerName: GCC  CompilerVersion: 8.4.0
ProgramName: mrisp_paint  ProgramArguments: mrisp_paint -all-info  ProgramVersion: 7.3.2  TimeStamp: 2026/03/09-21:35:12-GMT  BuildTime: Aug  4 2022 06:17:15  BuildStamp: freesurfer-linux-ubuntu22_x86_64-7.3.2-20220804-6354275  User: oesteban  Machine: dna065  Platform: Linux  PlatformVersion: 5.14.0-427.37.1.el9_4.x86_64  CompilerName: GCC  CompilerVersion: 8.4.0
ProgramName: mris_register  ProgramArguments: mris_register -all-info  ProgramVersion: 7.3.2  TimeStamp: 2026/03/09-21:35:12-GMT  BuildTime: Aug  4 2022 06:17:15  BuildStamp: freesurfer-linux-ubuntu22_x86_64-7.3.2-20220804-6354275  User: oesteban  Machine: dna065  Platform: Linux  PlatformVersion: 5.14.0-427.37.1.el9_4.x86_64  CompilerName: GCC  CompilerVersion: 8.4.0
ProgramName: mris_smooth  ProgramArguments: mris_smooth -all-info  ProgramVersion: 7.3.2  TimeStamp: 2026/03/09-21:35:12-GMT  BuildTime: Aug  4 2022 06:17:15  BuildStamp: freesurfer-linux-ubuntu22_x86_64-7.3.2-20220804-6354275  User: oesteban  Machine: dna065  Platform: Linux  PlatformVersion: 5.14.0-427.37.1.el9_4.x86_64  CompilerName: GCC  CompilerVersion: 8.4.0
ProgramName: mris_sphere  ProgramArguments: mris_sphere -all-info  ProgramVersion: 7.3.2  TimeStamp: 2026/03/09-21:35:12-GMT  BuildTime: Aug  4 2022 06:17:15  BuildStamp: freesurfer-linux-ubuntu22_x86_64-7.3.2-20220804-6354275  User: oesteban  Machine: dna065  Platform: Linux  PlatformVersion: 5.14.0-427.37.1.el9_4.x86_64  CompilerName: GCC  CompilerVersion: 8.4.0
ProgramName: mris_surface_stats  ProgramArguments: mris_surface_stats -all-info  ProgramVersion: 7.3.2  TimeStamp: 2026/03/09-21:35:12-GMT  BuildTime: Aug  4 2022 06:17:15  BuildStamp: freesurfer-linux-ubuntu22_x86_64-7.3.2-20220804-6354275  User: oesteban  Machine: dna065  Platform: Linux  PlatformVersion: 5.14.0-427.37.1.el9_4.x86_64  CompilerName: GCC  CompilerVersion: 8.4.0
ProgramName: mri_stats2seg  ProgramArguments: mri_stats2seg -all-info  ProgramVersion: 7.3.2  TimeStamp: 2026/03/09-21:35:12-GMT  BuildTime: Aug  4 2022 06:17:15  BuildStamp: freesurfer-linux-ubuntu22_x86_64-7.3.2-20220804-6354275  User: oesteban  Machine: dna065  Platform: Linux  PlatformVersion: 5.14.0-427.37.1.el9_4.x86_64  CompilerName: GCC  CompilerVersion: 8.4.0
ProgramName: mris_thickness  ProgramArguments: mris_thickness -all-info  ProgramVersion: 7.3.2  TimeStamp: 2026/03/09-21:35:12-GMT  BuildTime: Aug  4 2022 06:17:15  BuildStamp: freesurfer-linux-ubuntu22_x86_64-7.3.2-20220804-6354275  User: oesteban  Machine: dna065  Platform: Linux  PlatformVersion: 5.14.0-427.37.1.el9_4.x86_64  CompilerName: GCC  CompilerVersion: 8.4.0
ProgramName: mris_thickness_diff  ProgramArguments: mris_thickness_diff -all-info  ProgramVersion: 7.3.2  TimeStamp: 2026/03/09-21:35:12-GMT  BuildTime: Aug  4 2022 06:17:15  BuildStamp: freesurfer-linux-ubuntu22_x86_64-7.3.2-20220804-6354275  User: oesteban  Machine: dna065  Platform: Linux  PlatformVersion: 5.14.0-427.37.1.el9_4.x86_64  CompilerName: GCC  CompilerVersion: 8.4.0
ProgramName: mris_topo_fixer  ProgramArguments: mris_topo_fixer -all-info  ProgramVersion: 7.3.2  TimeStamp: 2026/03/09-21:35:12-GMT  BuildTime: Aug  4 2022 06:17:15  BuildStamp: freesurfer-linux-ubuntu22_x86_64-7.3.2-20220804-6354275  User: oesteban  Machine: dna065  Platform: Linux  PlatformVersion: 5.14.0-427.37.1.el9_4.x86_64  CompilerName: GCC  CompilerVersion: 8.4.0
ProgramName: mri_surf2surf  ProgramArguments: mri_surf2surf -all-info  ProgramVersion: 7.3.2  TimeStamp: 2026/03/09-21:35:12-GMT  BuildTime: Aug  4 2022 06:17:15  BuildStamp: freesurfer-linux-ubuntu22_x86_64-7.3.2-20220804-6354275  User: oesteban  Machine: dna065  Platform: Linux  PlatformVersion: 5.14.0-427.37.1.el9_4.x86_64  CompilerName: GCC  CompilerVersion: 8.4.0
ProgramName: mri_surf2vol  ProgramArguments: mri_surf2vol -all-info  ProgramVersion: 7.3.2  TimeStamp: 2026/03/09-21:35:12-GMT  BuildTime: Aug  4 2022 06:17:15  BuildStamp: freesurfer-linux-ubuntu22_x86_64-7.3.2-20220804-6354275  User: oesteban  Machine: dna065  Platform: Linux  PlatformVersion: 5.14.0-427.37.1.el9_4.x86_64  CompilerName: GCC  CompilerVersion: 8.4.0
ProgramName: mri_surfcluster  ProgramArguments: mri_surfcluster -all-info  ProgramVersion: 7.3.2  TimeStamp: 2026/03/09-21:35:12-GMT  BuildTime: Aug  4 2022 06:17:15  BuildStamp: freesurfer-linux-ubuntu22_x86_64-7.3.2-20220804-6354275  User: oesteban  Machine: dna065  Platform: Linux  PlatformVersion: 5.14.0-427.37.1.el9_4.x86_64  CompilerName: GCC  CompilerVersion: 8.4.0
ProgramName: mris_volmask  ProgramArguments: mris_volmask -all-info  ProgramVersion: 7.3.2  TimeStamp: 2026/03/09-21:35:12-GMT  BuildTime: Aug  4 2022 06:17:15  BuildStamp: freesurfer-linux-ubuntu22_x86_64-7.3.2-20220804-6354275  User: oesteban  Machine: dna065  Platform: Linux  PlatformVersion: 5.14.0-427.37.1.el9_4.x86_64  CompilerName: GCC  CompilerVersion: 8.4.0
ProgramName: mri_tessellate  ProgramArguments: mri_tessellate -all-info  ProgramVersion: 7.3.2  TimeStamp: 2026/03/09-21:35:12-GMT  BuildTime: Aug  4 2022 06:17:15  BuildStamp: freesurfer-linux-ubuntu22_x86_64-7.3.2-20220804-6354275  User: oesteban  Machine: dna065  Platform: Linux  PlatformVersion: 5.14.0-427.37.1.el9_4.x86_64  CompilerName: GCC  CompilerVersion: 8.4.0
ProgramName: mri_vol2surf  ProgramArguments: mri_vol2surf -all-info  ProgramVersion: 7.3.2  TimeStamp: 2026/03/09-21:35:12-GMT  BuildTime: Aug  4 2022 06:17:15  BuildStamp: freesurfer-linux-ubuntu22_x86_64-7.3.2-20220804-6354275  User: oesteban  Machine: dna065  Platform: Linux  PlatformVersion: 5.14.0-427.37.1.el9_4.x86_64  CompilerName: GCC  CompilerVersion: 8.4.0
ProgramName: mri_vol2vol  ProgramArguments: mri_vol2vol -all-info  ProgramVersion: 7.3.2  TimeStamp: 2026/03/09-21:35:12-GMT  BuildTime: Aug  4 2022 06:17:15  BuildStamp: freesurfer-linux-ubuntu22_x86_64-7.3.2-20220804-6354275  User: oesteban  Machine: dna065  Platform: Linux  PlatformVersion: 5.14.0-427.37.1.el9_4.x86_64  CompilerName: GCC  CompilerVersion: 8.4.0
ProgramName: mri_voldiff  ProgramArguments: mri_voldiff -all-info  ProgramVersion: 7.3.2  TimeStamp: 2026/03/09-21:35:12-GMT  BuildTime: Aug  4 2022 06:17:15  BuildStamp: freesurfer-linux-ubuntu22_x86_64-7.3.2-20220804-6354275  User: oesteban  Machine: dna065  Platform: Linux  PlatformVersion: 5.14.0-427.37.1.el9_4.x86_64  CompilerName: GCC  CompilerVersion: 8.4.0
ProgramName: mri_watershed  ProgramArguments: mri_watershed -all-info  ProgramVersion: 7.3.2  TimeStamp: 2026/03/09-21:35:12-GMT  BuildTime: Aug  4 2022 06:17:15  BuildStamp: freesurfer-linux-ubuntu22_x86_64-7.3.2-20220804-6354275  User: oesteban  Machine: dna065  Platform: Linux  PlatformVersion: 5.14.0-427.37.1.el9_4.x86_64  CompilerName: GCC  CompilerVersion: 8.4.0
ProgramName: tkregister2  ProgramArguments: tkregister2_cmdl -all-info  ProgramVersion: 7.3.2  TimeStamp: 2026/03/09-21:35:12-GMT  BuildTime: Aug  4 2022 06:17:15  BuildStamp: freesurfer-linux-ubuntu22_x86_64-7.3.2-20220804-6354275  User: oesteban  Machine: dna065  Platform: Linux  PlatformVersion: 5.14.0-427.37.1.el9_4.x86_64  CompilerName: GCC  CompilerVersion: 8.4.0
mri_motion_correct.fsl 7.3.2
mri_convert -all-info 
ProgramName: mri_convert  ProgramArguments: mri_convert -all-info  ProgramVersion: 7.3.2  TimeStamp: 2026/03/09-21:35:12-GMT  BuildTime: Aug  4 2022 06:17:15  BuildStamp: freesurfer-linux-ubuntu22_x86_64-7.3.2-20220804-6354275  User: oesteban  Machine: dna065  Platform: Linux  PlatformVersion: 5.14.0-427.37.1.el9_4.x86_64  CompilerName: GCC  CompilerVersion: 8.4.0
Program nu_correct, built from:
Package MNI N3, version 1.12.0, compiled by nicks@terrier (x86_64-unknown-linux-gnu) on 2015-06-19 at 01:25:34
#######################################
GCADIR /opt/freesurfer/average
GCA RB_all_2020-01-02.gca
GCASkull RB_all_withskull_2020_01_02.gca
AvgCurvTif folding.atlas.acfb40.noaparc.i12.2016-08-02.tif
GCSDIR /opt/freesurfer/average
GCS DKaparc.atlas.acfb40.noaparc.i12.2016-08-02.gcs
#######################################
#-------------------------------------
#@# EM Registration Mon Mar  9 22:35:12 CET 2026
/out/sourcedata/freesurfer/sub-v1s2x0051479_ses-1/mri

 mri_em_register -uns 3 -mask brainmask.mgz nu.mgz /opt/freesurfer/average/RB_all_2020-01-02.gca transforms/talairach.lta 

setting unknown_nbr_spacing = 3
using MR volume brainmask.mgz to mask input volume...

== Number of threads available to mri_em_register for OpenMP = 16 == 
reading 1 input volumes...
logging results to talairach.log
reading '/opt/freesurfer/average/RB_all_2020-01-02.gca'...
GCAread took 0 minutes and 1 seconds.
average std = 7.2   using min determinant for regularization = 5.2
0 singular and 884 ill-conditioned covariance matrices regularized
reading 'nu.mgz'...
MRImask(): AllowDiffGeom = 1
MRImask(): AllowDiffGeom = 1
MRImask(): AllowDiffGeom = 1
MRImask(): AllowDiffGeom = 1
MRImask(): AllowDiffGeom = 1
freeing gibbs priors...done.
accounting for voxel sizes in initial transform
bounding unknown intensity as < 5.9 or > 519.0 
total sample mean = 79.1 (1017 zeros)
************************************************
spacing=8, using 2841 sample points, tol=1.00e-05...
************************************************
register_mri: find_optimal_transform
find_optimal_transform: nsamples 2841, passno 0, spacing 8
resetting wm mean[0]: 98 --> 107
resetting gm mean[0]: 61 --> 61
input volume #1 is the most T1-like
using real data threshold=30.0
skull bounding box = (62, 25, 27) --> (195, 134, 185)
finding center of left hemi white matter
using (106, 61, 106) as brain centroid of Right_Cerebral_White_Matter...
MRImask(): AllowDiffGeom = 1
mean wm in atlas = 107, using box (90,48,87) --> (122, 74,125) to find MRI wm
before smoothing, mri peak at 109
robust fit to distribution - 107 +- 3.6
after smoothing, mri peak at 107, scaling input intensities by 1.000
scaling channel 0 by 1
initial log_p = -4.571
************************************************
First Search limited to translation only.
************************************************
max log p =    -3.986392 @ (-10.526, 31.579, 10.526)
max log p =    -3.813359 @ (5.263, -5.263, -5.263)
max log p =    -3.737186 @ (2.632, 2.632, 2.632)
max log p =    -3.700084 @ (-1.316, 1.316, -1.316)
max log p =    -3.700084 @ (0.000, 0.000, 0.000)
max log p =    -3.700084 @ (0.000, 0.000, 0.000)
max log p =    -3.700084 @ (0.000, 0.000, 0.000)
max log p =    -3.700084 @ (0.000, 0.000, 0.000)
Found translation: (-3.9, 30.3, 6.6): log p = -3.700
****************************************
Nine parameter search.  iteration 0 nscales = 0 ...
****************************************
Result so far: scale 1.000: max_log_p=-3.686, old_max_log_p =-3.700 (thresh=-3.7)
 1.00000   0.00000   0.00000  -3.94737;
 0.00000   1.06580   0.14032   10.53579;
 0.00000  -0.14032   1.06580   12.56671;
 0.00000   0.00000   0.00000   1.00000;
iteration took 0 minutes and 8 seconds.
****************************************
Nine parameter search.  iteration 1 nscales = 0 ...
****************************************
Result so far: scale 1.000: max_log_p=-3.684, old_max_log_p =-3.686 (thresh=-3.7)
 1.00000   0.00000   0.00000  -3.94737;
 0.00000   1.15563   0.00000   23.90828;
 0.00000   0.00000   1.07500  -0.83422;
 0.00000   0.00000   0.00000   1.00000;
reducing scale to 0.2500
iteration took 0 minutes and 8 seconds.
****************************************
Nine parameter search.  iteration 2 nscales = 1 ...
****************************************
Result so far: scale 0.250: max_log_p=-3.581, old_max_log_p =-3.684 (thresh=-3.7)
 1.01805   0.00000   0.00000  -6.30700;
 0.00000   1.11169   0.03385   20.44007;
 0.00000  -0.03708   1.05352   2.34867;
 0.00000   0.00000   0.00000   1.00000;
iteration took 0 minutes and 8 seconds.
****************************************
Nine parameter search.  iteration 3 nscales = 1 ...
****************************************
Result so far: scale 0.250: max_log_p=-3.574, old_max_log_p =-3.581 (thresh=-3.6)
 1.01805   0.00000   0.00000  -6.30700;
 0.00000   1.15338   0.03512   16.73318;
 0.00000  -0.03708   1.05352   2.34867;
 0.00000   0.00000   0.00000   1.00000;
iteration took 0 minutes and 8 seconds.
****************************************
Nine parameter search.  iteration 4 nscales = 1 ...
****************************************
Result so far: scale 0.250: max_log_p=-3.574, old_max_log_p =-3.574 (thresh=-3.6)
 1.01805   0.00000   0.00000  -6.30700;
 0.00000   1.15338   0.03512   16.73318;
 0.00000  -0.03708   1.05352   2.34867;
 0.00000   0.00000   0.00000   1.00000;
reducing scale to 0.0625
iteration took 0 minutes and 8 seconds.
****************************************
Nine parameter search.  iteration 5 nscales = 2 ...
****************************************
Result so far: scale 0.062: max_log_p=-3.558, old_max_log_p =-3.574 (thresh=-3.6)
 1.01549  -0.01913   0.00803  -5.60880;
 0.01664   1.15188   0.03508   15.16049;
-0.00831  -0.03683   1.05102   3.66628;
 0.00000   0.00000   0.00000   1.00000;
iteration took 0 minutes and 7 seconds.
****************************************
Nine parameter search.  iteration 6 nscales = 2 ...
****************************************
Result so far: scale 0.062: max_log_p=-3.556, old_max_log_p =-3.558 (thresh=-3.6)
 1.01535  -0.00120   0.02606  -8.00317;
-0.00011   1.14725   0.05167   15.14412;
-0.02513  -0.05522   1.04758   6.85537;
 0.00000   0.00000   0.00000   1.00000;
min search scale 0.025000 reached
***********************************************
Computing MAP estimate using 2841 samples...
***********************************************
dt = 5.00e-06, momentum=0.80, tol=1.00e-05
l_intensity = 1.0000
Aligning input volume to GCA...
Transform matrix
 1.01535  -0.00120   0.02606  -8.00317;
-0.00011   1.14725   0.05167   15.14412;
-0.02513  -0.05522   1.04758   6.85537;
 0.00000   0.00000   0.00000   1.00000;
nsamples 2841
Quasinewton: input matrix
 1.01535  -0.00120   0.02606  -8.00317;
-0.00011   1.14725   0.05167   15.14412;
-0.02513  -0.05522   1.04758   6.85537;
 0.00000   0.00000   0.00000   1.00000;
 IFLAG= -1  LINE SEARCH FAILED. SEE DOCUMENTATION OF ROUTINE MCSRCH ERROR RETURN OF LINE SEARCH: INFO= 3 POSSIBLE CAUSES: FUNCTION OR GRADIENT ARE INCORRECT OR INCORRECT TOLERANCESoutof QuasiNewtonEMA: 009: -log(p) =   -0.0  tol 0.000010
Resulting transform:
 1.01535  -0.00120   0.02606  -8.00317;
-0.00011   1.14725   0.05167   15.14412;
-0.02513  -0.05522   1.04758   6.85537;
 0.00000   0.00000   0.00000   1.00000;

pass 1, spacing 8: log(p) = -3.556 (old=-4.571)
transform before final EM align:
 1.01535  -0.00120   0.02606  -8.00317;
-0.00011   1.14725   0.05167   15.14412;
-0.02513  -0.05522   1.04758   6.85537;
 0.00000   0.00000   0.00000   1.00000;

**************************************************
 EM alignment process ...
 Computing final MAP estimate using 315638 samples. 
**************************************************
dt = 5.00e-06, momentum=0.80, tol=1.00e-07
l_intensity = 1.0000
Aligning input volume to GCA...
Transform matrix
 1.01535  -0.00120   0.02606  -8.00317;
-0.00011   1.14725   0.05167   15.14412;
-0.02513  -0.05522   1.04758   6.85537;
 0.00000   0.00000   0.00000   1.00000;
nsamples 315638
Quasinewton: input matrix
 1.01535  -0.00120   0.02606  -8.00317;
-0.00011   1.14725   0.05167   15.14412;
-0.02513  -0.05522   1.04758   6.85537;
 0.00000   0.00000   0.00000   1.00000;
 IFLAG= -1  LINE SEARCH FAILED. SEE DOCUMENTATION OF ROUTINE MCSRCH ERROR RETURN OF LINE SEARCH: INFO= 6 POSSIBLE CAUSES: FUNCTION OR GRADIENT ARE INCORRECT OR INCORRECT TOLERANCESoutof QuasiNewtonEMA: 011: -log(p) =    4.1  tol 0.000000
final transform:
 1.01535  -0.00120   0.02606  -8.00317;
-0.00011   1.14725   0.05167   15.14412;
-0.02513  -0.05522   1.04758   6.85537;
 0.00000   0.00000   0.00000   1.00000;

writing output transformation to transforms/talairach.lta...
#VMPC# mri_em_register VmPeak  891288
FSRUNTIME@ mri_em_register  0.0213 hours 16 threads
registration took 1 minutes and 17 seconds.

Started at Mon Mar 9 22:35:11 CET 2026 
Ended   at Mon Mar 9 22:36:28 CET 2026
#@#%# recon-all-run-time-hours 0.021
recon-all -s sub-v1s2x0051479_ses-1 finished without error at Mon Mar  9 22:36:28 CET 2026



#New# invocation of recon-all 




Mon Mar  9 22:36:31 CET 2026
cd /out/sourcedata/freesurfer/sub-v1s2x0051479_ses-1
setenv SUBJECTS_DIR /out/sourcedata/freesurfer
/opt/freesurfer/bin/recon-all -autorecon2-volonly -openmp 16 -subjid sub-v1s2x0051479_ses-1 -sd /out/sourcedata/freesurfer -nogcareg

subjid sub-v1s2x0051479_ses-1
setenv SUBJECTS_DIR /out/sourcedata/freesurfer
FREESURFER_HOME /opt/freesurfer
Actual FREESURFER_HOME /opt/freesurfer
build-stamp.txt: freesurfer-linux-ubuntu22_x86_64-7.3.2-20220804-6354275
Linux dna065 5.14.0-427.37.1.el9_4.x86_64 #1 SMP PREEMPT_DYNAMIC Fri Sep 13 12:41:50 EDT 2024 x86_64 x86_64 x86_64 GNU/Linux
cputime      unlimited
filesize     unlimited
datasize     unlimited
stacksize    8192 kbytes
coredumpsize 0 kbytes
memoryuse    67108864 kbytes
vmemoryuse   unlimited
descriptors  1024 
memorylocked unlimited
maxproc      2061970 
maxlocks     unlimited
maxsignal    2062029 
maxmessage   819200 
maxnice      0 
maxrtprio    0 
maxrttime    unlimited

               total        used        free      shared  buff/cache   available
Mem:           503Gi       101Gi       361Gi       9.8Gi        41Gi       389Gi
Swap:             0B          0B          0B

########################################
program versions used
7.3.2 (freesurfer-linux-ubuntu22_x86_64-7.3.2-20220804-6354275)
7.3.2

ProgramName: lta_convert  ProgramArguments: lta_convert -all-info  ProgramVersion: 7.3.2  TimeStamp: 2026/03/09-21:36:31-GMT  BuildTime: Aug  4 2022 06:17:15  BuildStamp: freesurfer-linux-ubuntu22_x86_64-7.3.2-20220804-6354275  User: oesteban  Machine: dna065  Platform: Linux  PlatformVersion: 5.14.0-427.37.1.el9_4.x86_64  CompilerName: GCC  CompilerVersion: 8.4.0
ProgramName: mri_and  ProgramArguments: mri_and -all-info  ProgramVersion: 7.3.2  TimeStamp: 2026/03/09-21:36:31-GMT  BuildTime: Aug  4 2022 06:17:15  BuildStamp: freesurfer-linux-ubuntu22_x86_64-7.3.2-20220804-6354275  User: oesteban  Machine: dna065  Platform: Linux  PlatformVersion: 5.14.0-427.37.1.el9_4.x86_64  CompilerName: GCC  CompilerVersion: 8.4.0
ProgramName: mri_annotation2label  ProgramArguments: mri_annotation2label -all-info  ProgramVersion: 7.3.2  TimeStamp: 2026/03/09-21:36:31-GMT  BuildTime: Aug  4 2022 06:17:15  BuildStamp: freesurfer-linux-ubuntu22_x86_64-7.3.2-20220804-6354275  User: oesteban  Machine: dna065  Platform: Linux  PlatformVersion: 5.14.0-427.37.1.el9_4.x86_64  CompilerName: GCC  CompilerVersion: 8.4.0
ProgramName: mri_aparc2aseg  ProgramArguments: mri_aparc2aseg -all-info  ProgramVersion: 7.3.2  TimeStamp: 2026/03/09-21:36:31-GMT  BuildTime: Aug  4 2022 06:17:15  BuildStamp: freesurfer-linux-ubuntu22_x86_64-7.3.2-20220804-6354275  User: oesteban  Machine: dna065  Platform: Linux  PlatformVersion: 5.14.0-427.37.1.el9_4.x86_64  CompilerName: GCC  CompilerVersion: 8.4.0
ProgramName: mri_surf2volseg  ProgramArguments: mri_surf2volseg -all-info  ProgramVersion: 7.3.2  TimeStamp: 2026/03/09-21:36:31-GMT  BuildTime: Aug  4 2022 06:17:15  BuildStamp: freesurfer-linux-ubuntu22_x86_64-7.3.2-20220804-6354275  User: oesteban  Machine: dna065  Platform: Linux  PlatformVersion: 5.14.0-427.37.1.el9_4.x86_64  CompilerName: GCC  CompilerVersion: 8.4.0
ProgramName: mri_binarize  ProgramArguments: mri_binarize -all-info  ProgramVersion: 7.3.2  TimeStamp: 2026/03/09-21:36:31-GMT  BuildTime: Aug  4 2022 06:17:15  BuildStamp: freesurfer-linux-ubuntu22_x86_64-7.3.2-20220804-6354275  User: oesteban  Machine: dna065  Platform: Linux  PlatformVersion: 5.14.0-427.37.1.el9_4.x86_64  CompilerName: GCC  CompilerVersion: 8.4.0
ProgramName: mri_ca_label  ProgramArguments: mri_ca_label -all-info  ProgramVersion: 7.3.2  TimeStamp: 2026/03/09-21:36:31-GMT  BuildTime: Aug  4 2022 06:17:15  BuildStamp: freesurfer-linux-ubuntu22_x86_64-7.3.2-20220804-6354275  User: oesteban  Machine: dna065  Platform: Linux  PlatformVersion: 5.14.0-427.37.1.el9_4.x86_64  CompilerName: GCC  CompilerVersion: 8.4.0
ProgramName: mri_ca_normalize  ProgramArguments: mri_ca_normalize -all-info  ProgramVersion: 7.3.2  TimeStamp: 2026/03/09-21:36:31-GMT  BuildTime: Aug  4 2022 06:17:15  BuildStamp: freesurfer-linux-ubuntu22_x86_64-7.3.2-20220804-6354275  User: oesteban  Machine: dna065  Platform: Linux  PlatformVersion: 5.14.0-427.37.1.el9_4.x86_64  CompilerName: GCC  CompilerVersion: 8.4.0
ProgramName: mri_ca_register  ProgramArguments: mri_ca_register -all-info  ProgramVersion: 7.3.2  TimeStamp: 2026/03/09-21:36:31-GMT  BuildTime: Aug  4 2022 06:17:15  BuildStamp: freesurfer-linux-ubuntu22_x86_64-7.3.2-20220804-6354275  User: oesteban  Machine: dna065  Platform: Linux  PlatformVersion: 5.14.0-427.37.1.el9_4.x86_64  CompilerName: GCC  CompilerVersion: 8.4.0
ProgramName: mri_cc  ProgramArguments: mri_cc -all-info  ProgramVersion: 7.3.2  TimeStamp: 2026/03/09-21:36:31-GMT  BuildTime: Aug  4 2022 06:17:15  BuildStamp: freesurfer-linux-ubuntu22_x86_64-7.3.2-20220804-6354275  User: oesteban  Machine: dna065  Platform: Linux  PlatformVersion: 5.14.0-427.37.1.el9_4.x86_64  CompilerName: GCC  CompilerVersion: 8.4.0
ProgramName: mri_compute_overlap  ProgramArguments: mri_compute_overlap -all-info  ProgramVersion: 7.3.2  TimeStamp: 2026/03/09-21:36:31-GMT  BuildTime: Aug  4 2022 06:17:15  BuildStamp: freesurfer-linux-ubuntu22_x86_64-7.3.2-20220804-6354275  User: oesteban  Machine: dna065  Platform: Linux  PlatformVersion: 5.14.0-427.37.1.el9_4.x86_64  CompilerName: GCC  CompilerVersion: 8.4.0
ProgramName: mri_compute_seg_overlap  ProgramArguments: mri_compute_seg_overlap -all-info  ProgramVersion: 7.3.2  TimeStamp: 2026/03/09-21:36:31-GMT  BuildTime: Aug  4 2022 06:17:15  BuildStamp: freesurfer-linux-ubuntu22_x86_64-7.3.2-20220804-6354275  User: oesteban  Machine: dna065  Platform: Linux  PlatformVersion: 5.14.0-427.37.1.el9_4.x86_64  CompilerName: GCC  CompilerVersion: 8.4.0
ProgramName: mri_concat  ProgramArguments: mri_concat -all-info  ProgramVersion: 7.3.2  TimeStamp: 2026/03/09-21:36:31-GMT  BuildTime: Aug  4 2022 06:17:15  BuildStamp: freesurfer-linux-ubuntu22_x86_64-7.3.2-20220804-6354275  User: oesteban  Machine: dna065  Platform: Linux  PlatformVersion: 5.14.0-427.37.1.el9_4.x86_64  CompilerName: GCC  CompilerVersion: 8.4.0
ProgramName: mri_concatenate_lta  ProgramArguments: mri_concatenate_lta -all-info  ProgramVersion: 7.3.2  TimeStamp: 2026/03/09-21:36:31-GMT  BuildTime: Aug  4 2022 06:17:15  BuildStamp: freesurfer-linux-ubuntu22_x86_64-7.3.2-20220804-6354275  User: oesteban  Machine: dna065  Platform: Linux  PlatformVersion: 5.14.0-427.37.1.el9_4.x86_64  CompilerName: GCC  CompilerVersion: 8.4.0
mri_convert -all-info 
ProgramName: mri_convert  ProgramArguments: mri_convert -all-info  ProgramVersion: 7.3.2  TimeStamp: 2026/03/09-21:36:31-GMT  BuildTime: Aug  4 2022 06:17:15  BuildStamp: freesurfer-linux-ubuntu22_x86_64-7.3.2-20220804-6354275  User: oesteban  Machine: dna065  Platform: Linux  PlatformVersion: 5.14.0-427.37.1.el9_4.x86_64  CompilerName: GCC  CompilerVersion: 8.4.0
ProgramName: mri_diff  ProgramArguments: mri_diff -all-info  ProgramVersion: 7.3.2  TimeStamp: 2026/03/09-21:36:31-GMT  BuildTime: Aug  4 2022 06:17:15  BuildStamp: freesurfer-linux-ubuntu22_x86_64-7.3.2-20220804-6354275  User: oesteban  Machine: dna065  Platform: Linux  PlatformVersion: 5.14.0-427.37.1.el9_4.x86_64  CompilerName: GCC  CompilerVersion: 8.4.0
ProgramName: mri_edit_wm_with_aseg  ProgramArguments: mri_edit_wm_with_aseg -all-info  ProgramVersion: 7.3.2  TimeStamp: 2026/03/09-21:36:31-GMT  BuildTime: Aug  4 2022 06:17:15  BuildStamp: freesurfer-linux-ubuntu22_x86_64-7.3.2-20220804-6354275  User: oesteban  Machine: dna065  Platform: Linux  PlatformVersion: 5.14.0-427.37.1.el9_4.x86_64  CompilerName: GCC  CompilerVersion: 8.4.0
ProgramName: mri_em_register  ProgramArguments: mri_em_register -all-info  ProgramVersion: 7.3.2  TimeStamp: 2026/03/09-21:36:31-GMT  BuildTime: Aug  4 2022 06:17:15  BuildStamp: freesurfer-linux-ubuntu22_x86_64-7.3.2-20220804-6354275  User: oesteban  Machine: dna065  Platform: Linux  PlatformVersion: 5.14.0-427.37.1.el9_4.x86_64  CompilerName: GCC  CompilerVersion: 8.4.0
ProgramName: mri_fill  ProgramArguments: mri_fill -all-info  ProgramVersion: 7.3.2  TimeStamp: 2026/03/09-21:36:31-GMT  BuildTime: Aug  4 2022 06:17:15  BuildStamp: freesurfer-linux-ubuntu22_x86_64-7.3.2-20220804-6354275  User: oesteban  Machine: dna065  Platform: Linux  PlatformVersion: 5.14.0-427.37.1.el9_4.x86_64  CompilerName: GCC  CompilerVersion: 8.4.0
ProgramName: mri_fuse_segmentations  ProgramArguments: mri_fuse_segmentations -all-info  ProgramVersion: 7.3.2  TimeStamp: 2026/03/09-21:36:31-GMT  BuildTime: Aug  4 2022 06:17:15  BuildStamp: freesurfer-linux-ubuntu22_x86_64-7.3.2-20220804-6354275  User: oesteban  Machine: dna065  Platform: Linux  PlatformVersion: 5.14.0-427.37.1.el9_4.x86_64  CompilerName: GCC  CompilerVersion: 8.4.0
ProgramName: mri_fwhm  ProgramArguments: mri_fwhm -all-info  ProgramVersion: 7.3.2  TimeStamp: 2026/03/09-21:36:31-GMT  BuildTime: Aug  4 2022 06:17:15  BuildStamp: freesurfer-linux-ubuntu22_x86_64-7.3.2-20220804-6354275  User: oesteban  Machine: dna065  Platform: Linux  PlatformVersion: 5.14.0-427.37.1.el9_4.x86_64  CompilerName: GCC  CompilerVersion: 8.4.0
ProgramName: mri_gcut  ProgramArguments: mri_gcut -all-info  ProgramVersion: 7.3.2  TimeStamp: 2026/03/09-21:36:31-GMT  BuildTime: Aug  4 2022 06:17:15  BuildStamp: freesurfer-linux-ubuntu22_x86_64-7.3.2-20220804-6354275  User: oesteban  Machine: dna065  Platform: Linux  PlatformVersion: 5.14.0-427.37.1.el9_4.x86_64  CompilerName: GCC  CompilerVersion: 8.4.0
ProgramName: mri_info  ProgramArguments: mri_info -all-info  ProgramVersion: 7.3.2  TimeStamp: 2026/03/09-21:36:31-GMT  BuildTime: Aug  4 2022 06:17:15  BuildStamp: freesurfer-linux-ubuntu22_x86_64-7.3.2-20220804-6354275  User: oesteban  Machine: dna065  Platform: Linux  PlatformVersion: 5.14.0-427.37.1.el9_4.x86_64  CompilerName: GCC  CompilerVersion: 8.4.0
ProgramName: mri_label2label  ProgramArguments: mri_label2label -all-info  ProgramVersion: 7.3.2  TimeStamp: 2026/03/09-21:36:31-GMT  BuildTime: Aug  4 2022 06:17:15  BuildStamp: freesurfer-linux-ubuntu22_x86_64-7.3.2-20220804-6354275  User: oesteban  Machine: dna065  Platform: Linux  PlatformVersion: 5.14.0-427.37.1.el9_4.x86_64  CompilerName: GCC  CompilerVersion: 8.4.0
ProgramName: mri_label2vol  ProgramArguments: mri_label2vol -all-info  ProgramVersion: 7.3.2  TimeStamp: 2026/03/09-21:36:31-GMT  BuildTime: Aug  4 2022 06:17:15  BuildStamp: freesurfer-linux-ubuntu22_x86_64-7.3.2-20220804-6354275  User: oesteban  Machine: dna065  Platform: Linux  PlatformVersion: 5.14.0-427.37.1.el9_4.x86_64  CompilerName: GCC  CompilerVersion: 8.4.0
ProgramName: mri_log_likelihood  ProgramArguments: mri_log_likelihood -all-info  ProgramVersion: 7.3.2  TimeStamp: 2026/03/09-21:36:31-GMT  BuildTime: Aug  4 2022 06:17:15  BuildStamp: freesurfer-linux-ubuntu22_x86_64-7.3.2-20220804-6354275  User: oesteban  Machine: dna065  Platform: Linux  PlatformVersion: 5.14.0-427.37.1.el9_4.x86_64  CompilerName: GCC  CompilerVersion: 8.4.0
ProgramName: mri_mask  ProgramArguments: mri_mask -all-info  ProgramVersion: 7.3.2  TimeStamp: 2026/03/09-21:36:31-GMT  BuildTime: Aug  4 2022 06:17:15  BuildStamp: freesurfer-linux-ubuntu22_x86_64-7.3.2-20220804-6354275  User: oesteban  Machine: dna065  Platform: Linux  PlatformVersion: 5.14.0-427.37.1.el9_4.x86_64  CompilerName: GCC  CompilerVersion: 8.4.0
ProgramName: mri_matrix_multiply  ProgramArguments: mri_matrix_multiply -all-info  ProgramVersion: 7.3.2  TimeStamp: 2026/03/09-21:36:31-GMT  BuildTime: Aug  4 2022 06:17:15  BuildStamp: freesurfer-linux-ubuntu22_x86_64-7.3.2-20220804-6354275  User: oesteban  Machine: dna065  Platform: Linux  PlatformVersion: 5.14.0-427.37.1.el9_4.x86_64  CompilerName: GCC  CompilerVersion: 8.4.0
ProgramName: mri_normalize  ProgramArguments: mri_normalize -all-info  ProgramVersion: 7.3.2  TimeStamp: 2026/03/09-21:36:31-GMT  BuildTime: Aug  4 2022 06:17:15  BuildStamp: freesurfer-linux-ubuntu22_x86_64-7.3.2-20220804-6354275  User: oesteban  Machine: dna065  Platform: Linux  PlatformVersion: 5.14.0-427.37.1.el9_4.x86_64  CompilerName: GCC  CompilerVersion: 8.4.0
ProgramName: mri_normalize_tp2  ProgramArguments: mri_normalize_tp2 -all-info  ProgramVersion: 7.3.2  TimeStamp: 2026/03/09-21:36:31-GMT  BuildTime: Aug  4 2022 06:17:15  BuildStamp: freesurfer-linux-ubuntu22_x86_64-7.3.2-20220804-6354275  User: oesteban  Machine: dna065  Platform: Linux  PlatformVersion: 5.14.0-427.37.1.el9_4.x86_64  CompilerName: GCC  CompilerVersion: 8.4.0
ProgramName: mri_or  ProgramArguments: mri_or -all-info  ProgramVersion: 7.3.2  TimeStamp: 2026/03/09-21:36:31-GMT  BuildTime: Aug  4 2022 06:17:15  BuildStamp: freesurfer-linux-ubuntu22_x86_64-7.3.2-20220804-6354275  User: oesteban  Machine: dna065  Platform: Linux  PlatformVersion: 5.14.0-427.37.1.el9_4.x86_64  CompilerName: GCC  CompilerVersion: 8.4.0
ProgramName: mri_relabel_hypointensities  ProgramArguments: mri_relabel_hypointensities -all-info  ProgramVersion: 7.3.2  TimeStamp: 2026/03/09-21:36:31-GMT  BuildTime: Aug  4 2022 06:17:15  BuildStamp: freesurfer-linux-ubuntu22_x86_64-7.3.2-20220804-6354275  User: oesteban  Machine: dna065  Platform: Linux  PlatformVersion: 5.14.0-427.37.1.el9_4.x86_64  CompilerName: GCC  CompilerVersion: 8.4.0
ProgramName: mri_relabel_nonwm_hypos  ProgramArguments: mri_relabel_nonwm_hypos -all-info  ProgramVersion: 7.3.2  TimeStamp: 2026/03/09-21:36:31-GMT  BuildTime: Aug  4 2022 06:17:15  BuildStamp: freesurfer-linux-ubuntu22_x86_64-7.3.2-20220804-6354275  User: oesteban  Machine: dna065  Platform: Linux  PlatformVersion: 5.14.0-427.37.1.el9_4.x86_64  CompilerName: GCC  CompilerVersion: 8.4.0
ProgramName: mri_remove_neck  ProgramArguments: mri_remove_neck -all-info  ProgramVersion: 7.3.2  TimeStamp: 2026/03/09-21:36:31-GMT  BuildTime: Aug  4 2022 06:17:15  BuildStamp: freesurfer-linux-ubuntu22_x86_64-7.3.2-20220804-6354275  User: oesteban  Machine: dna065  Platform: Linux  PlatformVersion: 5.14.0-427.37.1.el9_4.x86_64  CompilerName: GCC  CompilerVersion: 8.4.0
7.3.2

ProgramName: mri_robust_register  ProgramArguments: mri_robust_register -all-info  ProgramVersion: 7.3.2  TimeStamp: 2026/03/09-21:36:31-GMT  BuildTime: Aug  4 2022 06:17:15  BuildStamp: freesurfer-linux-ubuntu22_x86_64-7.3.2-20220804-6354275  User: oesteban  Machine: dna065  Platform: Linux  PlatformVersion: 5.14.0-427.37.1.el9_4.x86_64  CompilerName: GCC  CompilerVersion: 8.4.0
7.3.2

ProgramName: mri_robust_template  ProgramArguments: mri_robust_template -all-info  ProgramVersion: 7.3.2  TimeStamp: 2026/03/09-21:36:31-GMT  BuildTime: Aug  4 2022 06:17:15  BuildStamp: freesurfer-linux-ubuntu22_x86_64-7.3.2-20220804-6354275  User: oesteban  Machine: dna065  Platform: Linux  PlatformVersion: 5.14.0-427.37.1.el9_4.x86_64  CompilerName: GCC  CompilerVersion: 8.4.0
ProgramName: mris_anatomical_stats  ProgramArguments: mris_anatomical_stats -all-info  ProgramVersion: 7.3.2  TimeStamp: 2026/03/09-21:36:31-GMT  BuildTime: Aug  4 2022 06:17:15  BuildStamp: freesurfer-linux-ubuntu22_x86_64-7.3.2-20220804-6354275  User: oesteban  Machine: dna065  Platform: Linux  PlatformVersion: 5.14.0-427.37.1.el9_4.x86_64  CompilerName: GCC  CompilerVersion: 8.4.0
ProgramName: mris_ca_label  ProgramArguments: mris_ca_label -all-info  ProgramVersion: 7.3.2  TimeStamp: 2026/03/09-21:36:31-GMT  BuildTime: Aug  4 2022 06:17:15  BuildStamp: freesurfer-linux-ubuntu22_x86_64-7.3.2-20220804-6354275  User: oesteban  Machine: dna065  Platform: Linux  PlatformVersion: 5.14.0-427.37.1.el9_4.x86_64  CompilerName: GCC  CompilerVersion: 8.4.0
ProgramName: mris_calc  ProgramArguments: mris_calc -all-info  ProgramVersion: 7.3.2  TimeStamp: 2026/03/09-21:36:31-GMT  BuildTime: Aug  4 2022 06:17:15  BuildStamp: freesurfer-linux-ubuntu22_x86_64-7.3.2-20220804-6354275  User: oesteban  Machine: dna065  Platform: Linux  PlatformVersion: 5.14.0-427.37.1.el9_4.x86_64  CompilerName: GCC  CompilerVersion: 8.4.0
ProgramName: mris_convert  ProgramArguments: mris_convert -all-info  ProgramVersion: 7.3.2  TimeStamp: 2026/03/09-21:36:31-GMT  BuildTime: Aug  4 2022 06:17:15  BuildStamp: freesurfer-linux-ubuntu22_x86_64-7.3.2-20220804-6354275  User: oesteban  Machine: dna065  Platform: Linux  PlatformVersion: 5.14.0-427.37.1.el9_4.x86_64  CompilerName: GCC  CompilerVersion: 8.4.0
ProgramName: mris_curvature  ProgramArguments: mris_curvature -all-info  ProgramVersion: 7.3.2  TimeStamp: 2026/03/09-21:36:31-GMT  BuildTime: Aug  4 2022 06:17:15  BuildStamp: freesurfer-linux-ubuntu22_x86_64-7.3.2-20220804-6354275  User: oesteban  Machine: dna065  Platform: Linux  PlatformVersion: 5.14.0-427.37.1.el9_4.x86_64  CompilerName: GCC  CompilerVersion: 8.4.0
ProgramName: mris_curvature_stats  ProgramArguments: mris_curvature_stats -all-info  ProgramVersion: 7.3.2  TimeStamp: 2026/03/09-21:36:31-GMT  BuildTime: Aug  4 2022 06:17:15  BuildStamp: freesurfer-linux-ubuntu22_x86_64-7.3.2-20220804-6354275  User: oesteban  Machine: dna065  Platform: Linux  PlatformVersion: 5.14.0-427.37.1.el9_4.x86_64  CompilerName: GCC  CompilerVersion: 8.4.0
ProgramName: mris_diff  ProgramArguments: mris_diff -all-info  ProgramVersion: 7.3.2  TimeStamp: 2026/03/09-21:36:31-GMT  BuildTime: Aug  4 2022 06:17:15  BuildStamp: freesurfer-linux-ubuntu22_x86_64-7.3.2-20220804-6354275  User: oesteban  Machine: dna065  Platform: Linux  PlatformVersion: 5.14.0-427.37.1.el9_4.x86_64  CompilerName: GCC  CompilerVersion: 8.4.0
ProgramName: mris_divide_parcellation  ProgramArguments: mris_divide_parcellation -all-info  ProgramVersion: 7.3.2  TimeStamp: 2026/03/09-21:36:31-GMT  BuildTime: Aug  4 2022 06:17:15  BuildStamp: freesurfer-linux-ubuntu22_x86_64-7.3.2-20220804-6354275  User: oesteban  Machine: dna065  Platform: Linux  PlatformVersion: 5.14.0-427.37.1.el9_4.x86_64  CompilerName: GCC  CompilerVersion: 8.4.0
ProgramName: mri_segment  ProgramArguments: mri_segment -all-info  ProgramVersion: 7.3.2  TimeStamp: 2026/03/09-21:36:31-GMT  BuildTime: Aug  4 2022 06:17:15  BuildStamp: freesurfer-linux-ubuntu22_x86_64-7.3.2-20220804-6354275  User: oesteban  Machine: dna065  Platform: Linux  PlatformVersion: 5.14.0-427.37.1.el9_4.x86_64  CompilerName: GCC  CompilerVersion: 8.4.0
ProgramName: mri_segstats  ProgramArguments: mri_segstats -all-info  ProgramVersion: 7.3.2  TimeStamp: 2026/03/09-21:36:31-GMT  BuildTime: Aug  4 2022 06:17:15  BuildStamp: freesurfer-linux-ubuntu22_x86_64-7.3.2-20220804-6354275  User: oesteban  Machine: dna065  Platform: Linux  PlatformVersion: 5.14.0-427.37.1.el9_4.x86_64  CompilerName: GCC  CompilerVersion: 8.4.0
ProgramName: mris_euler_number  ProgramArguments: mris_euler_number -all-info  ProgramVersion: 7.3.2  TimeStamp: 2026/03/09-21:36:31-GMT  BuildTime: Aug  4 2022 06:17:15  BuildStamp: freesurfer-linux-ubuntu22_x86_64-7.3.2-20220804-6354275  User: oesteban  Machine: dna065  Platform: Linux  PlatformVersion: 5.14.0-427.37.1.el9_4.x86_64  CompilerName: GCC  CompilerVersion: 8.4.0
ProgramName: mris_fix_topology  ProgramArguments: mris_fix_topology -all-info  ProgramVersion: 7.3.2  TimeStamp: 2026/03/09-21:36:31-GMT  BuildTime: Aug  4 2022 06:17:15  BuildStamp: freesurfer-linux-ubuntu22_x86_64-7.3.2-20220804-6354275  User: oesteban  Machine: dna065  Platform: Linux  PlatformVersion: 5.14.0-427.37.1.el9_4.x86_64  CompilerName: GCC  CompilerVersion: 8.4.0
ProgramName: mris_topo_fixer  ProgramArguments: mris_topo_fixer -all-info  ProgramVersion: 7.3.2  TimeStamp: 2026/03/09-21:36:31-GMT  BuildTime: Aug  4 2022 06:17:15  BuildStamp: freesurfer-linux-ubuntu22_x86_64-7.3.2-20220804-6354275  User: oesteban  Machine: dna065  Platform: Linux  PlatformVersion: 5.14.0-427.37.1.el9_4.x86_64  CompilerName: GCC  CompilerVersion: 8.4.0
ProgramName: mris_jacobian  ProgramArguments: mris_jacobian -all-info  ProgramVersion: 7.3.2  TimeStamp: 2026/03/09-21:36:31-GMT  BuildTime: Aug  4 2022 06:17:15  BuildStamp: freesurfer-linux-ubuntu22_x86_64-7.3.2-20220804-6354275  User: oesteban  Machine: dna065  Platform: Linux  PlatformVersion: 5.14.0-427.37.1.el9_4.x86_64  CompilerName: GCC  CompilerVersion: 8.4.0
ProgramName: mris_label2annot  ProgramArguments: mris_label2annot -all-info  ProgramVersion: 7.3.2  TimeStamp: 2026/03/09-21:36:31-GMT  BuildTime: Aug  4 2022 06:17:15  BuildStamp: freesurfer-linux-ubuntu22_x86_64-7.3.2-20220804-6354275  User: oesteban  Machine: dna065  Platform: Linux  PlatformVersion: 5.14.0-427.37.1.el9_4.x86_64  CompilerName: GCC  CompilerVersion: 8.4.0
ProgramName: mris_left_right_register  ProgramArguments: mris_left_right_register -all-info  ProgramVersion: 7.3.2  TimeStamp: 2026/03/09-21:36:31-GMT  BuildTime: Aug  4 2022 06:17:15  BuildStamp: freesurfer-linux-ubuntu22_x86_64-7.3.2-20220804-6354275  User: oesteban  Machine: dna065  Platform: Linux  PlatformVersion: 5.14.0-427.37.1.el9_4.x86_64  CompilerName: GCC  CompilerVersion: 8.4.0
ProgramName: mris_place_surface  ProgramArguments: mris_place_surface -all-info  ProgramVersion: 7.3.2  TimeStamp: 2026/03/09-21:36:31-GMT  BuildTime: Aug  4 2022 06:17:15  BuildStamp: freesurfer-linux-ubuntu22_x86_64-7.3.2-20220804-6354275  User: oesteban  Machine: dna065  Platform: Linux  PlatformVersion: 5.14.0-427.37.1.el9_4.x86_64  CompilerName: GCC  CompilerVersion: 8.4.0
ProgramName: mrisp_paint  ProgramArguments: mrisp_paint -all-info  ProgramVersion: 7.3.2  TimeStamp: 2026/03/09-21:36:31-GMT  BuildTime: Aug  4 2022 06:17:15  BuildStamp: freesurfer-linux-ubuntu22_x86_64-7.3.2-20220804-6354275  User: oesteban  Machine: dna065  Platform: Linux  PlatformVersion: 5.14.0-427.37.1.el9_4.x86_64  CompilerName: GCC  CompilerVersion: 8.4.0
ProgramName: mris_register  ProgramArguments: mris_register -all-info  ProgramVersion: 7.3.2  TimeStamp: 2026/03/09-21:36:31-GMT  BuildTime: Aug  4 2022 06:17:15  BuildStamp: freesurfer-linux-ubuntu22_x86_64-7.3.2-20220804-6354275  User: oesteban  Machine: dna065  Platform: Linux  PlatformVersion: 5.14.0-427.37.1.el9_4.x86_64  CompilerName: GCC  CompilerVersion: 8.4.0
ProgramName: mris_smooth  ProgramArguments: mris_smooth -all-info  ProgramVersion: 7.3.2  TimeStamp: 2026/03/09-21:36:31-GMT  BuildTime: Aug  4 2022 06:17:15  BuildStamp: freesurfer-linux-ubuntu22_x86_64-7.3.2-20220804-6354275  User: oesteban  Machine: dna065  Platform: Linux  PlatformVersion: 5.14.0-427.37.1.el9_4.x86_64  CompilerName: GCC  CompilerVersion: 8.4.0
ProgramName: mris_sphere  ProgramArguments: mris_sphere -all-info  ProgramVersion: 7.3.2  TimeStamp: 2026/03/09-21:36:31-GMT  BuildTime: Aug  4 2022 06:17:15  BuildStamp: freesurfer-linux-ubuntu22_x86_64-7.3.2-20220804-6354275  User: oesteban  Machine: dna065  Platform: Linux  PlatformVersion: 5.14.0-427.37.1.el9_4.x86_64  CompilerName: GCC  CompilerVersion: 8.4.0
ProgramName: mris_surface_stats  ProgramArguments: mris_surface_stats -all-info  ProgramVersion: 7.3.2  TimeStamp: 2026/03/09-21:36:31-GMT  BuildTime: Aug  4 2022 06:17:15  BuildStamp: freesurfer-linux-ubuntu22_x86_64-7.3.2-20220804-6354275  User: oesteban  Machine: dna065  Platform: Linux  PlatformVersion: 5.14.0-427.37.1.el9_4.x86_64  CompilerName: GCC  CompilerVersion: 8.4.0
ProgramName: mri_stats2seg  ProgramArguments: mri_stats2seg -all-info  ProgramVersion: 7.3.2  TimeStamp: 2026/03/09-21:36:31-GMT  BuildTime: Aug  4 2022 06:17:15  BuildStamp: freesurfer-linux-ubuntu22_x86_64-7.3.2-20220804-6354275  User: oesteban  Machine: dna065  Platform: Linux  PlatformVersion: 5.14.0-427.37.1.el9_4.x86_64  CompilerName: GCC  CompilerVersion: 8.4.0
ProgramName: mris_thickness  ProgramArguments: mris_thickness -all-info  ProgramVersion: 7.3.2  TimeStamp: 2026/03/09-21:36:31-GMT  BuildTime: Aug  4 2022 06:17:15  BuildStamp: freesurfer-linux-ubuntu22_x86_64-7.3.2-20220804-6354275  User: oesteban  Machine: dna065  Platform: Linux  PlatformVersion: 5.14.0-427.37.1.el9_4.x86_64  CompilerName: GCC  CompilerVersion: 8.4.0
ProgramName: mris_thickness_diff  ProgramArguments: mris_thickness_diff -all-info  ProgramVersion: 7.3.2  TimeStamp: 2026/03/09-21:36:31-GMT  BuildTime: Aug  4 2022 06:17:15  BuildStamp: freesurfer-linux-ubuntu22_x86_64-7.3.2-20220804-6354275  User: oesteban  Machine: dna065  Platform: Linux  PlatformVersion: 5.14.0-427.37.1.el9_4.x86_64  CompilerName: GCC  CompilerVersion: 8.4.0
ProgramName: mris_topo_fixer  ProgramArguments: mris_topo_fixer -all-info  ProgramVersion: 7.3.2  TimeStamp: 2026/03/09-21:36:31-GMT  BuildTime: Aug  4 2022 06:17:15  BuildStamp: freesurfer-linux-ubuntu22_x86_64-7.3.2-20220804-6354275  User: oesteban  Machine: dna065  Platform: Linux  PlatformVersion: 5.14.0-427.37.1.el9_4.x86_64  CompilerName: GCC  CompilerVersion: 8.4.0
ProgramName: mri_surf2surf  ProgramArguments: mri_surf2surf -all-info  ProgramVersion: 7.3.2  TimeStamp: 2026/03/09-21:36:31-GMT  BuildTime: Aug  4 2022 06:17:15  BuildStamp: freesurfer-linux-ubuntu22_x86_64-7.3.2-20220804-6354275  User: oesteban  Machine: dna065  Platform: Linux  PlatformVersion: 5.14.0-427.37.1.el9_4.x86_64  CompilerName: GCC  CompilerVersion: 8.4.0
ProgramName: mri_surf2vol  ProgramArguments: mri_surf2vol -all-info  ProgramVersion: 7.3.2  TimeStamp: 2026/03/09-21:36:31-GMT  BuildTime: Aug  4 2022 06:17:15  BuildStamp: freesurfer-linux-ubuntu22_x86_64-7.3.2-20220804-6354275  User: oesteban  Machine: dna065  Platform: Linux  PlatformVersion: 5.14.0-427.37.1.el9_4.x86_64  CompilerName: GCC  CompilerVersion: 8.4.0
ProgramName: mri_surfcluster  ProgramArguments: mri_surfcluster -all-info  ProgramVersion: 7.3.2  TimeStamp: 2026/03/09-21:36:31-GMT  BuildTime: Aug  4 2022 06:17:15  BuildStamp: freesurfer-linux-ubuntu22_x86_64-7.3.2-20220804-6354275  User: oesteban  Machine: dna065  Platform: Linux  PlatformVersion: 5.14.0-427.37.1.el9_4.x86_64  CompilerName: GCC  CompilerVersion: 8.4.0
ProgramName: mris_volmask  ProgramArguments: mris_volmask -all-info  ProgramVersion: 7.3.2  TimeStamp: 2026/03/09-21:36:31-GMT  BuildTime: Aug  4 2022 06:17:15  BuildStamp: freesurfer-linux-ubuntu22_x86_64-7.3.2-20220804-6354275  User: oesteban  Machine: dna065  Platform: Linux  PlatformVersion: 5.14.0-427.37.1.el9_4.x86_64  CompilerName: GCC  CompilerVersion: 8.4.0
ProgramName: mri_tessellate  ProgramArguments: mri_tessellate -all-info  ProgramVersion: 7.3.2  TimeStamp: 2026/03/09-21:36:31-GMT  BuildTime: Aug  4 2022 06:17:15  BuildStamp: freesurfer-linux-ubuntu22_x86_64-7.3.2-20220804-6354275  User: oesteban  Machine: dna065  Platform: Linux  PlatformVersion: 5.14.0-427.37.1.el9_4.x86_64  CompilerName: GCC  CompilerVersion: 8.4.0
ProgramName: mri_vol2surf  ProgramArguments: mri_vol2surf -all-info  ProgramVersion: 7.3.2  TimeStamp: 2026/03/09-21:36:31-GMT  BuildTime: Aug  4 2022 06:17:15  BuildStamp: freesurfer-linux-ubuntu22_x86_64-7.3.2-20220804-6354275  User: oesteban  Machine: dna065  Platform: Linux  PlatformVersion: 5.14.0-427.37.1.el9_4.x86_64  CompilerName: GCC  CompilerVersion: 8.4.0
ProgramName: mri_vol2vol  ProgramArguments: mri_vol2vol -all-info  ProgramVersion: 7.3.2  TimeStamp: 2026/03/09-21:36:31-GMT  BuildTime: Aug  4 2022 06:17:15  BuildStamp: freesurfer-linux-ubuntu22_x86_64-7.3.2-20220804-6354275  User: oesteban  Machine: dna065  Platform: Linux  PlatformVersion: 5.14.0-427.37.1.el9_4.x86_64  CompilerName: GCC  CompilerVersion: 8.4.0
ProgramName: mri_voldiff  ProgramArguments: mri_voldiff -all-info  ProgramVersion: 7.3.2  TimeStamp: 2026/03/09-21:36:31-GMT  BuildTime: Aug  4 2022 06:17:15  BuildStamp: freesurfer-linux-ubuntu22_x86_64-7.3.2-20220804-6354275  User: oesteban  Machine: dna065  Platform: Linux  PlatformVersion: 5.14.0-427.37.1.el9_4.x86_64  CompilerName: GCC  CompilerVersion: 8.4.0
ProgramName: mri_watershed  ProgramArguments: mri_watershed -all-info  ProgramVersion: 7.3.2  TimeStamp: 2026/03/09-21:36:31-GMT  BuildTime: Aug  4 2022 06:17:15  BuildStamp: freesurfer-linux-ubuntu22_x86_64-7.3.2-20220804-6354275  User: oesteban  Machine: dna065  Platform: Linux  PlatformVersion: 5.14.0-427.37.1.el9_4.x86_64  CompilerName: GCC  CompilerVersion: 8.4.0
ProgramName: tkregister2  ProgramArguments: tkregister2_cmdl -all-info  ProgramVersion: 7.3.2  TimeStamp: 2026/03/09-21:36:31-GMT  BuildTime: Aug  4 2022 06:17:15  BuildStamp: freesurfer-linux-ubuntu22_x86_64-7.3.2-20220804-6354275  User: oesteban  Machine: dna065  Platform: Linux  PlatformVersion: 5.14.0-427.37.1.el9_4.x86_64  CompilerName: GCC  CompilerVersion: 8.4.0
mri_motion_correct.fsl 7.3.2
mri_convert -all-info 
ProgramName: mri_convert  ProgramArguments: mri_convert -all-info  ProgramVersion: 7.3.2  TimeStamp: 2026/03/09-21:36:31-GMT  BuildTime: Aug  4 2022 06:17:15  BuildStamp: freesurfer-linux-ubuntu22_x86_64-7.3.2-20220804-6354275  User: oesteban  Machine: dna065  Platform: Linux  PlatformVersion: 5.14.0-427.37.1.el9_4.x86_64  CompilerName: GCC  CompilerVersion: 8.4.0
Program nu_correct, built from:
Package MNI N3, version 1.12.0, compiled by nicks@terrier (x86_64-unknown-linux-gnu) on 2015-06-19 at 01:25:34
#######################################
GCADIR /opt/freesurfer/average
GCA RB_all_2020-01-02.gca
GCASkull RB_all_withskull_2020_01_02.gca
AvgCurvTif folding.atlas.acfb40.noaparc.i12.2016-08-02.tif
GCSDIR /opt/freesurfer/average
GCS DKaparc.atlas.acfb40.noaparc.i12.2016-08-02.gcs
#######################################
#--------------------------------------
#@# CA Normalize Mon Mar  9 22:36:31 CET 2026
/out/sourcedata/freesurfer/sub-v1s2x0051479_ses-1/mri

 mri_ca_normalize -c ctrl_pts.mgz -mask brainmask.mgz nu.mgz /opt/freesurfer/average/RB_all_2020-01-02.gca transforms/talairach.lta norm.mgz 

writing control point volume to ctrl_pts.mgz
using MR volume brainmask.mgz to mask input volume...
reading 1 input volume
reading atlas from '/opt/freesurfer/average/RB_all_2020-01-02.gca'...
reading transform from 'transforms/talairach.lta'...
reading input volume from nu.mgz...
resetting wm mean[0]: 98 --> 107
resetting gm mean[0]: 61 --> 61
input volume #1 is the most T1-like
using real data threshold=30.0
skull bounding box = (62, 25, 27) --> (195, 134, 185)
finding center of left hemi white matter
using (106, 61, 106) as brain centroid of Right_Cerebral_White_Matter...
mean wm in atlas = 107, using box (90,48,87) --> (122, 74,125) to find MRI wm
before smoothing, mri peak at 109
robust fit to distribution - 107 +- 3.6
after smoothing, mri peak at 107, scaling input intensities by 1.000
scaling channel 0 by 1
using 246437 sample points...
INFO: compute sample coordinates transform
 1.01535  -0.00120   0.02606  -8.00317;
-0.00011   1.14725   0.05167   15.14412;
-0.02513  -0.05522   1.04758   6.85537;
 0.00000   0.00000   0.00000   1.00000;
INFO: transform used
finding control points in Left_Cerebral_White_Matter....
found 40230 control points for structure...
bounding box (130, 27, 27) --> (195, 130, 187)
Left_Cerebral_White_Matter: limiting intensities to 96.0 --> 132.0
12 of 8178 (0.1%) samples deleted
finding control points in Right_Cerebral_White_Matter....
found 39478 control points for structure...
bounding box (66, 28, 26) --> (131, 131, 186)
Right_Cerebral_White_Matter: limiting intensities to 94.0 --> 132.0
9 of 8774 (0.1%) samples deleted
finding control points in Left_Cerebellum_White_Matter....
found 3105 control points for structure...
bounding box (132, 100, 49) --> (179, 141, 101)
Left_Cerebellum_White_Matter: limiting intensities to 98.0 --> 132.0
7 of 352 (2.0%) samples deleted
finding control points in Right_Cerebellum_White_Matter....
found 2710 control points for structure...
bounding box (87, 100, 46) --> (131, 140, 102)
Right_Cerebellum_White_Matter: limiting intensities to 99.0 --> 132.0
15 of 283 (5.3%) samples deleted
finding control points in Brain_Stem....
found 3475 control points for structure...
bounding box (114, 96, 83) --> (147, 155, 112)
Brain_Stem: limiting intensities to 88.0 --> 132.0
0 of 777 (0.0%) samples deleted
using 18364 total control points for intensity normalization...
bias field = 0.969 +- 0.068
67 of 18321 control points discarded
finding control points in Left_Cerebral_White_Matter....
found 40230 control points for structure...
bounding box (130, 27, 27) --> (195, 130, 187)
Left_Cerebral_White_Matter: limiting intensities to 88.0 --> 132.0
13 of 8289 (0.2%) samples deleted
finding control points in Right_Cerebral_White_Matter....
found 39478 control points for structure...
bounding box (66, 28, 26) --> (131, 131, 186)
Right_Cerebral_White_Matter: limiting intensities to 88.0 --> 132.0
12 of 8867 (0.1%) samples deleted
finding control points in Left_Cerebellum_White_Matter....
found 3105 control points for structure...
bounding box (132, 100, 49) --> (179, 141, 101)
Left_Cerebellum_White_Matter: limiting intensities to 88.0 --> 132.0
13 of 376 (3.5%) samples deleted
finding control points in Right_Cerebellum_White_Matter....
found 2710 control points for structure...
bounding box (87, 100, 46) --> (131, 140, 102)
Right_Cerebellum_White_Matter: limiting intensities to 88.0 --> 132.0
28 of 302 (9.3%) samples deleted
finding control points in Brain_Stem....
found 3475 control points for structure...
bounding box (114, 96, 83) --> (147, 155, 112)
Brain_Stem: limiting intensities to 90.0 --> 132.0
311 of 858 (36.2%) samples deleted
using 18692 total control points for intensity normalization...
bias field = 1.050 +- 0.067
67 of 18259 control points discarded
finding control points in Left_Cerebral_White_Matter....
found 40230 control points for structure...
bounding box (130, 27, 27) --> (195, 130, 187)
Left_Cerebral_White_Matter: limiting intensities to 88.0 --> 132.0
16 of 8305 (0.2%) samples deleted
finding control points in Right_Cerebral_White_Matter....
found 39478 control points for structure...
bounding box (66, 28, 26) --> (131, 131, 186)
Right_Cerebral_White_Matter: limiting intensities to 88.0 --> 132.0
13 of 8905 (0.1%) samples deleted
finding control points in Left_Cerebellum_White_Matter....
found 3105 control points for structure...
bounding box (132, 100, 49) --> (179, 141, 101)
Left_Cerebellum_White_Matter: limiting intensities to 88.0 --> 132.0
50 of 407 (12.3%) samples deleted
finding control points in Right_Cerebellum_White_Matter....
found 2710 control points for structure...
bounding box (87, 100, 46) --> (131, 140, 102)
Right_Cerebellum_White_Matter: limiting intensities to 88.0 --> 132.0
64 of 341 (18.8%) samples deleted
finding control points in Brain_Stem....
found 3475 control points for structure...
bounding box (114, 96, 83) --> (147, 155, 112)
Brain_Stem: limiting intensities to 89.0 --> 132.0
328 of 855 (38.4%) samples deleted
using 18813 total control points for intensity normalization...
bias field = 1.044 +- 0.063
72 of 18219 control points discarded
writing normalized volume to norm.mgz...
writing control points to ctrl_pts.mgz
freeing GCA...done.
normalization took 0 minutes and 55 seconds.
#--------------------------------------
#@# CA Reg Mon Mar  9 22:37:26 CET 2026
/out/sourcedata/freesurfer/sub-v1s2x0051479_ses-1/mri

 mri_ca_register -nobigventricles -T transforms/talairach.lta -align-after -mask brainmask.mgz norm.mgz /opt/freesurfer/average/RB_all_2020-01-02.gca transforms/talairach.m3z 

not handling expanded ventricles...
using previously computed transform transforms/talairach.lta
renormalizing sequences with structure alignment, equivalent to:
	-renormalize
	-regularize_mean 0.500
	-regularize 0.500
using MR volume brainmask.mgz to mask input volume...

== Number of threads available to mri_ca_register for OpenMP = 16 == 
reading 1 input volumes...
logging results to talairach.log
reading input volume 'norm.mgz'...
reading GCA '/opt/freesurfer/average/RB_all_2020-01-02.gca'...
label assignment complete, 0 changed (0.00%)
freeing gibbs priors...done.
average std[0] = 5.0
Starting GCAMregister()
label assignment complete, 0 changed (0.00%)
npasses = 1, nlevels = 6
#pass# 1 of 1 ************************
enabling zero nodes
setting smoothness cost coefficient to 0.156

#GCAMreg# pass 0 level1 5 level2 0 tsec 0 sigma 2
l_jacobian=1.00 l_label=1.00 l_log_likelihood=0.20 l_smoothness=0.16 
tol=2.50e-01, dt=5.00e-02, exp_k=20.0, momentum=0.90, levels=6, niter=500, lbl_dist=10.00, avgs=256, sigma=2.0,type=2, relabel=0, neg=no

blurring input image with Gaussian with sigma=2.000...
GCAMRegisterLevel(): init RMS 0.942986
#FOTS# QuadFit found better minimum quadopt=(dt=312.967,rms=0.830517) vs oldopt=(dt=369.92,rms=0.835674)
#GCMRL#    0 dt 312.967472 rms  0.831 11.927% neg 0  invalid 762 tFOTS 2.7550 tGradient 2.2850 tsec 5.2580
#FOTS# QuadFit found better minimum quadopt=(dt=139.012,rms=0.812456) vs oldopt=(dt=92.48,rms=0.814697)
#GCMRL#    1 dt 139.012146 rms  0.812  2.175% neg 0  invalid 762 tFOTS 2.8910 tGradient 2.1870 tsec 5.2930
#FOTS# QuadFit found better minimum quadopt=(dt=443.904,rms=0.801119) vs oldopt=(dt=369.92,rms=0.801504)
#GCMRL#    2 dt 443.904000 rms  0.801  1.395% neg 0  invalid 762 tFOTS 2.5160 tGradient 2.3000 tsec 5.0210
#FOTS# QuadFit found better minimum quadopt=(dt=129.472,rms=0.798407) vs oldopt=(dt=92.48,rms=0.798765)
#GCMRL#    3 dt 129.472000 rms  0.798  0.339% neg 0  invalid 762 tFOTS 2.7700 tGradient 2.1700 tsec 5.1520
#FOTS# QuadFit found better minimum quadopt=(dt=517.888,rms=0.79401) vs oldopt=(dt=369.92,rms=0.794827)
#GCMRL#    4 dt 517.888000 rms  0.794  0.551% neg 0  invalid 762 tFOTS 2.5980 tGradient 2.2090 tsec 5.0250
#FOTS# QuadFit found better minimum quadopt=(dt=295.936,rms=0.791199) vs oldopt=(dt=369.92,rms=0.791437)
#GCMRL#    5 dt 295.936000 rms  0.791  0.354% neg 0  invalid 762 tFOTS 2.6600 tGradient 2.2430 tsec 5.1170
#FOTS# QuadFit found better minimum quadopt=(dt=129.472,rms=0.789698) vs oldopt=(dt=92.48,rms=0.789863)
#GCMRL#    6 dt 129.472000 rms  0.790  0.000% neg 0  invalid 762 tFOTS 2.6620 tGradient 2.2720 tsec 5.2100
#GCMRL#    7 dt 129.472000 rms  0.789  0.096% neg 0  invalid 762 tFOTS 0.0000 tGradient 2.2470 tsec 2.4460
#GCMRL#    8 dt 129.472000 rms  0.788  0.169% neg 0  invalid 762 tFOTS 0.0000 tGradient 2.2290 tsec 2.4320
#GCMRL#    9 dt 129.472000 rms  0.786  0.228% neg 0  invalid 762 tFOTS 0.0000 tGradient 2.1630 tsec 2.3560
#GCMRL#   10 dt 129.472000 rms  0.784  0.251% neg 0  invalid 762 tFOTS 0.0000 tGradient 2.0980 tsec 2.3010
#GCMRL#   11 dt 129.472000 rms  0.782  0.284% neg 0  invalid 762 tFOTS 0.0000 tGradient 2.2630 tsec 2.4600
#GCMRL#   12 dt 129.472000 rms  0.779  0.280% neg 0  invalid 762 tFOTS 0.0000 tGradient 2.2880 tsec 2.4950
#GCMRL#   13 dt 129.472000 rms  0.778  0.216% neg 0  invalid 762 tFOTS 0.0000 tGradient 2.1820 tsec 2.3890
#GCMRL#   14 dt 129.472000 rms  0.777  0.155% neg 0  invalid 762 tFOTS 0.0000 tGradient 2.1330 tsec 2.3390
#GCMRL#   15 dt 129.472000 rms  0.775  0.153% neg 0  invalid 762 tFOTS 0.0000 tGradient 2.2040 tsec 2.4070
#GCMRL#   16 dt 129.472000 rms  0.774  0.176% neg 0  invalid 762 tFOTS 0.0000 tGradient 2.3890 tsec 2.5930
#GCMRL#   17 dt 129.472000 rms  0.772  0.192% neg 0  invalid 762 tFOTS 0.0000 tGradient 2.2670 tsec 2.4760
#GCMRL#   18 dt 129.472000 rms  0.771  0.200% neg 0  invalid 762 tFOTS 0.0000 tGradient 2.3750 tsec 2.5850
#GCMRL#   19 dt 129.472000 rms  0.770  0.137% neg 0  invalid 762 tFOTS 0.0000 tGradient 2.2600 tsec 2.4580
#GCMRL#   20 dt 129.472000 rms  0.769  0.114% neg 0  invalid 762 tFOTS 0.0000 tGradient 2.2030 tsec 2.4230
#GCMRL#   21 dt 129.472000 rms  0.768  0.137% neg 0  invalid 762 tFOTS 0.0000 tGradient 2.1630 tsec 2.3690
#GCMRL#   22 dt 129.472000 rms  0.766  0.213% neg 0  invalid 762 tFOTS 0.0000 tGradient 2.1810 tsec 2.3860
#GCMRL#   23 dt 129.472000 rms  0.765  0.208% neg 0  invalid 762 tFOTS 0.0000 tGradient 2.3540 tsec 2.5630
#GCMRL#   24 dt 129.472000 rms  0.764  0.159% neg 0  invalid 762 tFOTS 0.0000 tGradient 2.1690 tsec 2.3720
#GCMRL#   25 dt 129.472000 rms  0.762  0.137% neg 0  invalid 762 tFOTS 0.0000 tGradient 2.3890 tsec 2.5920
#GCMRL#   26 dt 129.472000 rms  0.761  0.157% neg 0  invalid 762 tFOTS 0.0000 tGradient 2.4440 tsec 2.6480
#GCMRL#   27 dt 129.472000 rms  0.760  0.180% neg 0  invalid 762 tFOTS 0.0000 tGradient 2.3850 tsec 2.5900
#GCMRL#   28 dt 129.472000 rms  0.759  0.129% neg 0  invalid 762 tFOTS 0.0000 tGradient 2.2870 tsec 2.4990
#GCMRL#   29 dt 129.472000 rms  0.758  0.110% neg 0  invalid 762 tFOTS 0.0000 tGradient 2.3980 tsec 2.6000
#GCMRL#   30 dt 129.472000 rms  0.757  0.160% neg 0  invalid 762 tFOTS 0.0000 tGradient 2.3210 tsec 2.5270
#GCMRL#   31 dt 129.472000 rms  0.755  0.181% neg 0  invalid 762 tFOTS 0.0000 tGradient 2.2610 tsec 2.4630
#GCMRL#   32 dt 129.472000 rms  0.755  0.114% neg 0  invalid 762 tFOTS 0.0000 tGradient 2.5660 tsec 2.7710
#GCMRL#   33 dt 129.472000 rms  0.754  0.035% neg 0  invalid 762 tFOTS 0.0000 tGradient 2.3900 tsec 2.6060
#FOTS# QuadFit found better minimum quadopt=(dt=1775.62,rms=0.750444) vs oldopt=(dt=1479.68,rms=0.750498)
#GCMRL#   34 dt 1775.616000 rms  0.750  0.521% neg 0  invalid 762 tFOTS 3.0340 tGradient 2.4950 tsec 5.7500
#FOTS# QuadFit found better minimum quadopt=(dt=1.156,rms=0.750455) vs oldopt=(dt=1.445,rms=0.750455)
#GCMRL#   35 dt   1.156000 rms  0.750  0.000% neg 0  invalid 762 tFOTS 2.7050 tGradient 2.1780 tsec 5.2600
#GCMRL#   36 dt   1.156000 rms  0.750  0.000% neg 0  invalid 762 tFOTS 0.0000 tGradient 2.2510 tsec 2.4510

#GCAMreg# pass 0 level1 5 level2 1 tsec 127.079 sigma 0.5
l_jacobian=1.00 l_label=1.00 l_log_likelihood=0.20 l_smoothness=0.16 
tol=2.50e-01, dt=5.00e-02, exp_k=20.0, momentum=0.90, levels=6, niter=500, lbl_dist=10.00, avgs=256, sigma=0.5,type=2, relabel=0, neg=no

blurring input image with Gaussian with sigma=0.500...
GCAMRegisterLevel(): init RMS 0.750913
#FOTS# QuadFit found better minimum quadopt=(dt=129.472,rms=0.74788) vs oldopt=(dt=92.48,rms=0.748236)
#GCMRL#   38 dt 129.472000 rms  0.748  0.404% neg 0  invalid 762 tFOTS 2.7900 tGradient 2.1080 tsec 5.1090
#FOTS# QuadFit found better minimum quadopt=(dt=129.472,rms=0.746676) vs oldopt=(dt=92.48,rms=0.746886)
#GCMRL#   39 dt 129.472000 rms  0.747  0.000% neg 0  invalid 762 tFOTS 2.7230 tGradient 2.2170 tsec 5.1680
setting smoothness cost coefficient to 0.615

#GCAMreg# pass 0 level1 4 level2 0 tsec 0 sigma 2
l_jacobian=1.00 l_label=1.00 l_log_likelihood=0.20 l_smoothness=0.62 
tol=2.50e-01, dt=5.00e-02, exp_k=20.0, momentum=0.90, levels=6, niter=500, lbl_dist=10.00, avgs=64, sigma=2.0,type=2, relabel=0, neg=no

blurring input image with Gaussian with sigma=2.000...
GCAMRegisterLevel(): init RMS 0.778416
#FOTS# QuadFit found better minimum quadopt=(dt=36.0727,rms=0.77572) vs oldopt=(dt=25.92,rms=0.77583)
#GCMRL#   41 dt  36.072727 rms  0.776  0.346% neg 0  invalid 762 tFOTS 2.6850 tGradient 1.8570 tsec 4.7560
#FOTS# QuadFit found better minimum quadopt=(dt=153.401,rms=0.764083) vs oldopt=(dt=103.68,rms=0.76522)
#GCMRL#   42 dt 153.400778 rms  0.764  1.500% neg 0  invalid 762 tFOTS 2.7410 tGradient 1.7540 tsec 4.7170
#FOTS# QuadFit found better minimum quadopt=(dt=25.8133,rms=0.762253) vs oldopt=(dt=25.92,rms=0.762253)
#GCMRL#   43 dt  25.813333 rms  0.762  0.000% neg 0  invalid 762 tFOTS 2.7220 tGradient 1.8620 tsec 4.8040
#GCMRL#   44 dt  25.813333 rms  0.761  0.196% neg 0  invalid 762 tFOTS 0.0000 tGradient 1.8120 tsec 2.0140
#GCMRL#   45 dt  25.813333 rms  0.758  0.338% neg 0  invalid 762 tFOTS 0.0000 tGradient 1.8630 tsec 2.0620
#GCMRL#   46 dt  25.813333 rms  0.755  0.411% neg 0  invalid 762 tFOTS 0.0000 tGradient 1.8210 tsec 2.0120
#GCMRL#   47 dt  25.813333 rms  0.752  0.419% neg 0  invalid 762 tFOTS 0.0000 tGradient 1.8820 tsec 2.0770
#GCMRL#   48 dt  25.813333 rms  0.749  0.349% neg 0  invalid 762 tFOTS 0.0000 tGradient 2.0350 tsec 2.2280
#GCMRL#   49 dt  25.813333 rms  0.747  0.244% neg 0  invalid 762 tFOTS 0.0000 tGradient 1.7290 tsec 1.9270
#GCMRL#   50 dt  25.813333 rms  0.746  0.163% neg 0  invalid 762 tFOTS 0.0000 tGradient 1.8080 tsec 1.9990
#GCMRL#   51 dt  25.813333 rms  0.745  0.126% neg 0  invalid 762 tFOTS 0.0000 tGradient 1.7920 tsec 1.9910
#GCMRL#   52 dt  25.813333 rms  0.744  0.160% neg 0  invalid 762 tFOTS 0.0000 tGradient 1.8040 tsec 2.0240
#GCMRL#   53 dt  25.813333 rms  0.742  0.225% neg 0  invalid 762 tFOTS 0.0000 tGradient 1.7490 tsec 1.9450
#GCMRL#   54 dt  25.813333 rms  0.740  0.262% neg 0  invalid 762 tFOTS 0.0000 tGradient 1.7840 tsec 1.9900
#GCMRL#   55 dt  25.813333 rms  0.739  0.257% neg 0  invalid 762 tFOTS 0.0000 tGradient 1.8210 tsec 2.0290
#GCMRL#   56 dt  25.813333 rms  0.737  0.206% neg 0  invalid 762 tFOTS 0.0000 tGradient 1.8930 tsec 2.0840
#GCMRL#   57 dt  25.813333 rms  0.736  0.145% neg 0  invalid 762 tFOTS 0.0000 tGradient 1.8260 tsec 2.0210
#GCMRL#   58 dt  25.813333 rms  0.735  0.097% neg 0  invalid 762 tFOTS 0.0000 tGradient 1.7720 tsec 1.9670
#GCMRL#   59 dt  25.813333 rms  0.735  0.095% neg 0  invalid 762 tFOTS 0.0000 tGradient 1.7410 tsec 1.9500
#FOTS# QuadFit found better minimum quadopt=(dt=331.776,rms=0.732838) vs oldopt=(dt=414.72,rms=0.733077)
#GCMRL#   60 dt 331.776000 rms  0.733  0.236% neg 0  invalid 762 tFOTS 2.7080 tGradient 1.7010 tsec 4.6110

#GCAMreg# pass 0 level1 4 level2 1 tsec 63.743 sigma 0.5
l_jacobian=1.00 l_label=1.00 l_log_likelihood=0.20 l_smoothness=0.62 
tol=2.50e-01, dt=5.00e-02, exp_k=20.0, momentum=0.90, levels=6, niter=500, lbl_dist=10.00, avgs=64, sigma=0.5,type=2, relabel=0, neg=no

blurring input image with Gaussian with sigma=0.500...
GCAMRegisterLevel(): init RMS 0.733348
#FOTS# QuadFit found better minimum quadopt=(dt=64.5818,rms=0.729735) vs oldopt=(dt=25.92,rms=0.730526)
#GCMRL#   62 dt  64.581818 rms  0.730  0.493% neg 0  invalid 762 tFOTS 2.7280 tGradient 1.7460 tsec 4.6820
#GCMRL#   63 dt   0.450000 rms  0.730  0.000% neg 0  invalid 762 tFOTS 2.6840 tGradient 1.6650 tsec 4.5700
setting smoothness cost coefficient to 2.353

#GCAMreg# pass 0 level1 3 level2 0 tsec 0 sigma 2
l_jacobian=1.00 l_label=1.00 l_log_likelihood=0.20 l_smoothness=2.35 
tol=2.50e-01, dt=5.00e-02, exp_k=20.0, momentum=0.90, levels=6, niter=500, lbl_dist=10.00, avgs=16, sigma=2.0,type=2, relabel=0, neg=no

blurring input image with Gaussian with sigma=2.000...
GCAMRegisterLevel(): init RMS 0.780497
#FOTS# QuadFit found better minimum quadopt=(dt=2.8,rms=0.778428) vs oldopt=(dt=2,rms=0.778735)
#GCMRL#   65 dt   2.800000 rms  0.778  0.265% neg 0  invalid 762 tFOTS 2.5930 tGradient 1.4430 tsec 4.2360
#FOTS# QuadFit found better minimum quadopt=(dt=2.8,rms=0.777878) vs oldopt=(dt=2,rms=0.777939)
#GCMRL#   66 dt   2.800000 rms  0.778  0.000% neg 0  invalid 762 tFOTS 2.6520 tGradient 1.5680 tsec 4.4540
#GCMRL#   67 dt   2.800000 rms  0.778  0.007% neg 0  invalid 762 tFOTS 0.0000 tGradient 1.5110 tsec 1.7040

#GCAMreg# pass 0 level1 3 level2 1 tsec 20.174 sigma 0.5
l_jacobian=1.00 l_label=1.00 l_log_likelihood=0.20 l_smoothness=2.35 
tol=2.50e-01, dt=5.00e-02, exp_k=20.0, momentum=0.90, levels=6, niter=500, lbl_dist=10.00, avgs=16, sigma=0.5,type=2, relabel=0, neg=no

blurring input image with Gaussian with sigma=0.500...
GCAMRegisterLevel(): init RMS 0.778246
#FOTS# QuadFit found better minimum quadopt=(dt=2.4,rms=0.777627) vs oldopt=(dt=2,rms=0.77763)
#GCMRL#   69 dt   2.400000 rms  0.778  0.080% neg 0  invalid 762 tFOTS 2.6780 tGradient 1.6310 tsec 4.5200
#FOTS# QuadFit found better minimum quadopt=(dt=0.7,rms=0.777615) vs oldopt=(dt=0.5,rms=0.777618)
#GCMRL#   70 dt   0.700000 rms  0.778  0.000% neg 0  invalid 762 tFOTS 2.6690 tGradient 1.5640 tsec 4.4630
setting smoothness cost coefficient to 8.000

#GCAMreg# pass 0 level1 2 level2 0 tsec 0 sigma 2
l_jacobian=1.00 l_label=1.00 l_log_likelihood=0.20 l_smoothness=8.00 
tol=2.50e-01, dt=5.00e-02, exp_k=20.0, momentum=0.90, levels=6, niter=500, lbl_dist=10.00, avgs=4, sigma=2.0,type=2, relabel=0, neg=no

blurring input image with Gaussian with sigma=2.000...
GCAMRegisterLevel(): init RMS 0.866763
#FOTS# QuadFit found better minimum quadopt=(dt=2.73891,rms=0.846386) vs oldopt=(dt=2.88,rms=0.846443)
#GCMRL#   72 dt   2.738909 rms  0.846  2.351% neg 0  invalid 762 tFOTS 2.6980 tGradient 1.4830 tsec 4.3940
#FOTS# QuadFit found better minimum quadopt=(dt=3.69022,rms=0.836874) vs oldopt=(dt=2.88,rms=0.837329)
#GCMRL#   73 dt   3.690217 rms  0.837  1.124% neg 0  invalid 762 tFOTS 2.5970 tGradient 1.4460 tsec 4.2500
#FOTS# QuadFit found better minimum quadopt=(dt=1.93194,rms=0.83414) vs oldopt=(dt=2.88,rms=0.83481)
#GCMRL#   74 dt   1.931937 rms  0.834  0.327% neg 0  invalid 762 tFOTS 2.6550 tGradient 1.2790 tsec 4.1440
#FOTS# QuadFit found better minimum quadopt=(dt=4.032,rms=0.831524) vs oldopt=(dt=2.88,rms=0.831762)
#GCMRL#   75 dt   4.032000 rms  0.832  0.314% neg 0  invalid 762 tFOTS 2.6390 tGradient 1.4390 tsec 4.2920
#FOTS# QuadFit found better minimum quadopt=(dt=1.45833,rms=0.830811) vs oldopt=(dt=0.72,rms=0.831009)
#GCMRL#   76 dt   1.458333 rms  0.831  0.000% neg 0  invalid 762 tFOTS 2.6340 tGradient 1.5030 tsec 4.3660
#GCMRL#   77 dt   1.458333 rms  0.830  0.046% neg 0  invalid 762 tFOTS 0.0000 tGradient 1.3900 tsec 1.5870
#GCMRL#   78 dt   1.458333 rms  0.830  0.047% neg 0  invalid 762 tFOTS 0.0000 tGradient 1.4210 tsec 1.6210
#GCMRL#   79 dt   1.458333 rms  0.830  0.008% neg 0  invalid 762 tFOTS 0.0000 tGradient 1.4220 tsec 1.6220

#GCAMreg# pass 0 level1 2 level2 1 tsec 36.858 sigma 0.5
l_jacobian=1.00 l_label=1.00 l_log_likelihood=0.20 l_smoothness=8.00 
tol=2.50e-01, dt=5.00e-02, exp_k=20.0, momentum=0.90, levels=6, niter=500, lbl_dist=10.00, avgs=4, sigma=0.5,type=2, relabel=0, neg=no

blurring input image with Gaussian with sigma=0.500...
GCAMRegisterLevel(): init RMS 0.830259
#GCMRL#   81 dt   0.000000 rms  0.830  0.040% neg 0  invalid 762 tFOTS 2.4790 tGradient 1.5440 tsec 4.2470
setting smoothness cost coefficient to 20.000

#GCAMreg# pass 0 level1 1 level2 0 tsec 0 sigma 2
l_jacobian=1.00 l_label=1.00 l_log_likelihood=0.20 l_smoothness=20.00 
tol=2.50e-01, dt=5.00e-02, exp_k=20.0, momentum=0.90, levels=6, niter=500, lbl_dist=10.00, avgs=1, sigma=2.0,type=2, relabel=0, neg=no

blurring input image with Gaussian with sigma=2.000...
GCAMRegisterLevel(): init RMS 0.875564
#GCMRL#   83 dt   0.000000 rms  0.875  0.036% neg 0  invalid 762 tFOTS 2.4990 tGradient 1.3160 tsec 4.0350

#GCAMreg# pass 0 level1 1 level2 1 tsec 16.848 sigma 0.5
l_jacobian=1.00 l_label=1.00 l_log_likelihood=0.20 l_smoothness=20.00 
tol=2.50e-01, dt=5.00e-02, exp_k=20.0, momentum=0.90, levels=6, niter=500, lbl_dist=10.00, avgs=1, sigma=0.5,type=2, relabel=0, neg=no

blurring input image with Gaussian with sigma=0.500...
GCAMRegisterLevel(): init RMS 0.875564
#GCMRL#   85 dt   0.000000 rms  0.875  0.036% neg 0  invalid 762 tFOTS 2.5050 tGradient 1.3270 tsec 4.0510
resetting metric properties...
setting smoothness cost coefficient to 40.000

#GCAMreg# pass 0 level1 0 level2 0 tsec 0 sigma 2
l_jacobian=1.00 l_label=1.00 l_log_likelihood=0.20 l_smoothness=40.00 
tol=2.50e-01, dt=5.00e-02, exp_k=20.0, momentum=0.90, levels=6, niter=500, lbl_dist=10.00, avgs=0, sigma=2.0,type=2, relabel=0, neg=no

blurring input image with Gaussian with sigma=2.000...
GCAMRegisterLevel(): init RMS 0.798629
#FOTS# QuadFit found better minimum quadopt=(dt=0.222303,rms=0.793761) vs oldopt=(dt=0.32,rms=0.794357)
#GCMRL#   87 dt   0.222303 rms  0.794  0.610% neg 0  invalid 762 tFOTS 2.6950 tGradient 0.8900 tsec 3.7990
#FOTS# QuadFit found better minimum quadopt=(dt=0.024,rms=0.793553) vs oldopt=(dt=0.02,rms=0.793557)
#GCMRL#   88 dt   0.024000 rms  0.794  0.000% neg 0  invalid 762 tFOTS 2.6070 tGradient 0.9060 tsec 3.7340

#GCAMreg# pass 0 level1 0 level2 1 tsec 17.14 sigma 0.5
l_jacobian=1.00 l_label=1.00 l_log_likelihood=0.20 l_smoothness=40.00 
tol=2.50e-01, dt=5.00e-02, exp_k=20.0, momentum=0.90, levels=6, niter=500, lbl_dist=10.00, avgs=0, sigma=0.5,type=2, relabel=0, neg=no

blurring input image with Gaussian with sigma=0.500...
GCAMRegisterLevel(): init RMS 0.793881
#FOTS# QuadFit found better minimum quadopt=(dt=0.007,rms=0.793502) vs oldopt=(dt=0.005,rms=0.793506)
#GCMRL#   90 dt   0.007000 rms  0.794  0.048% neg 0  invalid 762 tFOTS 2.4130 tGradient 0.9040 tsec 3.5190
#FOTS# QuadFit found better minimum quadopt=(dt=0.00175,rms=0.793502) vs oldopt=(dt=0.00125,rms=0.793503)
#GCMRL#   91 dt   0.001750 rms  0.794  0.000% neg 0  invalid 762 tFOTS 2.6190 tGradient 0.8940 tsec 3.7390
GCAMregister done in 5.80437 min
Starting GCAmapRenormalizeWithAlignment() without scales
renormalizing by structure alignment....
renormalizing input #0
gca peak = 0.10253 (16)
mri peak = 0.29324 (32)
Left_Lateral_Ventricle (4): linear fit = 1.91 x + 0.0 (1708 voxels, overlap=0.128)
Left_Lateral_Ventricle (4): linear fit = 1.50 x + 0.0 (1708 voxels, peak = 31), gca=24.0
gca peak = 0.17690 (16)
mri peak = 0.29154 (32)
Right_Lateral_Ventricle (43): linear fit = 1.97 x + 0.0 (1361 voxels, overlap=0.043)
Right_Lateral_Ventricle (43): linear fit = 1.50 x + 0.0 (1361 voxels, peak = 31), gca=24.0
gca peak = 0.28275 (96)
mri peak = 0.17177 (103)
Right_Pallidum (52): linear fit = 1.08 x + 0.0 (1077 voxels, overlap=0.341)
Right_Pallidum (52): linear fit = 1.08 x + 0.0 (1077 voxels, peak = 103), gca=103.2
gca peak = 0.18948 (93)
mri peak = 0.19647 (104)
Left_Pallidum (13): linear fit = 1.09 x + 0.0 (956 voxels, overlap=0.367)
Left_Pallidum (13): linear fit = 1.09 x + 0.0 (956 voxels, peak = 101), gca=100.9
gca peak = 0.20755 (55)
mri peak = 0.16395 (77)
Right_Hippocampus (53): linear fit = 1.36 x + 0.0 (963 voxels, overlap=0.016)
Right_Hippocampus (53): linear fit = 1.36 x + 0.0 (963 voxels, peak = 75), gca=74.5
gca peak = 0.31831 (58)
mri peak = 0.18296 (77)
Left_Hippocampus (17): linear fit = 1.33 x + 0.0 (996 voxels, overlap=0.009)
Left_Hippocampus (17): linear fit = 1.33 x + 0.0 (996 voxels, peak = 77), gca=76.9
gca peak = 0.11957 (102)
mri peak = 0.09337 (100)
Right_Cerebral_White_Matter (41): linear fit = 1.01 x + 0.0 (69470 voxels, overlap=0.827)
Right_Cerebral_White_Matter (41): linear fit = 1.01 x + 0.0 (69470 voxels, peak = 104), gca=103.5
gca peak = 0.11429 (102)
mri peak = 0.08886 (101)
Left_Cerebral_White_Matter (2): linear fit = 1.01 x + 0.0 (73539 voxels, overlap=0.838)
Left_Cerebral_White_Matter (2): linear fit = 1.01 x + 0.0 (73539 voxels, peak = 104), gca=103.5
gca peak = 0.14521 (59)
mri peak = 0.04492 (82)
Left_Cerebral_Cortex (3): linear fit = 1.47 x + 0.0 (26196 voxels, overlap=0.000)
Left_Cerebral_Cortex (3): linear fit = 1.47 x + 0.0 (26196 voxels, peak = 86), gca=86.4
gca peak = 0.14336 (58)
mri peak = 0.04697 (84)
Right_Cerebral_Cortex (42): linear fit = 1.47 x + 0.0 (28301 voxels, overlap=0.000)
Right_Cerebral_Cortex (42): linear fit = 1.47 x + 0.0 (28301 voxels, peak = 85), gca=85.0
gca peak = 0.13305 (70)
mri peak = 0.24484 (91)
Right_Caudate (50): linear fit = 1.33 x + 0.0 (579 voxels, overlap=0.018)
Right_Caudate (50): linear fit = 1.33 x + 0.0 (579 voxels, peak = 93), gca=92.8
gca peak = 0.15761 (71)
mri peak = 0.20293 (91)
Left_Caudate (11): linear fit = 1.21 x + 0.0 (989 voxels, overlap=0.005)
Left_Caudate (11): linear fit = 1.21 x + 0.0 (989 voxels, peak = 86), gca=85.6
gca peak = 0.13537 (57)
mri peak = 0.06638 (82)
Left_Cerebellum_Cortex (8): linear fit = 1.50 x + 0.0 (19489 voxels, overlap=0.001)
Left_Cerebellum_Cortex (8): linear fit = 1.50 x + 0.0 (19489 voxels, peak = 85), gca=85.2
gca peak = 0.13487 (56)
mri peak = 0.05776 (83)
Right_Cerebellum_Cortex (47): linear fit = 1.47 x + 0.0 (23067 voxels, overlap=0.001)
Right_Cerebellum_Cortex (47): linear fit = 1.47 x + 0.0 (23067 voxels, peak = 82), gca=82.0
gca peak = 0.19040 (84)
mri peak = 0.08202 (93)
Left_Cerebellum_White_Matter (7): linear fit = 1.10 x + 0.0 (8876 voxels, overlap=0.350)
Left_Cerebellum_White_Matter (7): linear fit = 1.10 x + 0.0 (8876 voxels, peak = 92), gca=92.0
gca peak = 0.18871 (83)
mri peak = 0.08361 (93)
Right_Cerebellum_White_Matter (46): linear fit = 1.11 x + 0.0 (7295 voxels, overlap=0.351)
Right_Cerebellum_White_Matter (46): linear fit = 1.11 x + 0.0 (7295 voxels, peak = 92), gca=91.7
gca peak = 0.24248 (57)
mri peak = 0.09936 (78)
Left_Amygdala (18): linear fit = 1.35 x + 0.0 (541 voxels, overlap=0.061)
Left_Amygdala (18): linear fit = 1.35 x + 0.0 (541 voxels, peak = 77), gca=76.7
gca peak = 0.35833 (56)
mri peak = 0.12442 (74)
Right_Amygdala (54): linear fit = 1.29 x + 0.0 (643 voxels, overlap=0.040)
Right_Amygdala (54): linear fit = 1.29 x + 0.0 (643 voxels, peak = 73), gca=72.5
gca peak = 0.12897 (85)
mri peak = 0.12678 (100)
Left_Thalamus (10): linear fit = 1.16 x + 0.0 (5517 voxels, overlap=0.035)
Left_Thalamus (10): linear fit = 1.16 x + 0.0 (5517 voxels, peak = 99), gca=99.0
gca peak = 0.13127 (83)
mri peak = 0.10724 (100)
Right_Thalamus (49): linear fit = 1.17 x + 0.0 (4626 voxels, overlap=0.008)
Right_Thalamus (49): linear fit = 1.17 x + 0.0 (4626 voxels, peak = 98), gca=97.5
gca peak = 0.12974 (78)
mri peak = 0.18173 (98)
Left_Putamen (12): linear fit = 1.23 x + 0.0 (2597 voxels, overlap=0.008)
Left_Putamen (12): linear fit = 1.23 x + 0.0 (2597 voxels, peak = 96), gca=95.6
gca peak = 0.17796 (79)
mri peak = 0.12649 (97)
Right_Putamen (51): linear fit = 1.22 x + 0.0 (2605 voxels, overlap=0.010)
Right_Putamen (51): linear fit = 1.22 x + 0.0 (2605 voxels, peak = 96), gca=96.0
gca peak = 0.10999 (80)
mri peak = 0.07023 (96)
Brain_Stem (16): linear fit = 1.21 x + 0.0 (9412 voxels, overlap=0.210)
Brain_Stem (16): linear fit = 1.21 x + 0.0 (9412 voxels, peak = 96), gca=96.4
gca peak = 0.13215 (88)
mri peak = 0.11292 (100)
Right_VentralDC (60): linear fit = 1.13 x + 0.0 (1094 voxels, overlap=0.109)
Right_VentralDC (60): linear fit = 1.13 x + 0.0 (1094 voxels, peak = 100), gca=99.9
gca peak = 0.11941 (89)
mri peak = 0.11914 (100)
Left_VentralDC (28): linear fit = 1.12 x + 0.0 (1193 voxels, overlap=0.009)
Left_VentralDC (28): linear fit = 1.12 x + 0.0 (1193 voxels, peak = 100), gca=100.1
gca peak = 0.20775 (25)
mri peak = 0.46269 (36)
Third_Ventricle (14): linear fit = 1.41 x + 0.0 (57 voxels, overlap=0.016)
Third_Ventricle (14): linear fit = 1.41 x + 0.0 (57 voxels, peak = 35), gca=35.4
gca peak = 0.13297 (21)
mri peak = 0.37143 (33)
Fourth_Ventricle (15): linear fit = 1.79 x + 0.0 (635 voxels, overlap=0.032)
Fourth_Ventricle (15): linear fit = 1.79 x + 0.0 (635 voxels, peak = 38), gca=37.7
gca peak Unknown = 0.94777 ( 0)
gca peak Left_Inf_Lat_Vent = 0.19087 (28)
gca peak Fourth_Ventricle = 0.13297 (21)
gca peak CSF = 0.16821 (33)
gca peak Left_Accumbens_area = 0.32850 (63)
gca peak Left_undetermined = 0.98480 (28)
gca peak Left_vessel = 0.40887 (53)
gca peak Left_choroid_plexus = 0.10898 (46)
gca peak Right_Inf_Lat_Vent = 0.17798 (26)
gca peak Right_Accumbens_area = 0.30137 (64)
gca peak Right_vessel = 0.47828 (52)
gca peak Right_choroid_plexus = 0.11612 (45)
gca peak Fifth_Ventricle = 0.59466 (35)
gca peak WM_hypointensities = 0.10053 (78)
gca peak non_WM_hypointensities = 0.07253 (60)
gca peak Optic_Chiasm = 0.25330 (73)
not using caudate to estimate GM means
estimating mean gm scale to be 1.38 x + 0.0
estimating mean wm scale to be 1.01 x + 0.0
estimating mean csf scale to be 1.47 x + 0.0
Left_Putamen too bright - rescaling by 0.975 (from 1.225) to 93.2 (was 95.6)
Left_Pallidum too bright - rescaling by 0.995 (from 1.085) to 100.4 (was 100.9)
Right_Putamen too bright - rescaling by 0.971 (from 1.215) to 93.2 (was 96.0)
Right_Pallidum too bright - rescaling by 0.973 (from 1.075) to 100.4 (was 103.2)
saving intensity scales to talairach.label_intensities.txt
GCAmapRenormalizeWithAlignment() took 2.20555 min
noneg pre
Starting GCAMregister()
label assignment complete, 0 changed (0.00%)
npasses = 1, nlevels = 6
#pass# 1 of 1 ************************
enabling zero nodes
setting smoothness cost coefficient to 0.008

#GCAMreg# pass 0 level1 5 level2 0 tsec 0 sigma 2
l_jacobian=1.00 l_label=1.00 l_log_likelihood=0.20 l_smoothness=0.01 
tol=5.00e-02, dt=5.00e-02, exp_k=20.0, momentum=0.90, levels=6, niter=500, lbl_dist=10.00, avgs=256, sigma=2.0,type=2, relabel=0, neg=no

blurring input image with Gaussian with sigma=2.000...
GCAMRegisterLevel(): init RMS 0.794667
#FOTS# QuadFit found better minimum quadopt=(dt=163.65,rms=0.698134) vs oldopt=(dt=92.48,rms=0.715997)
#GCMRL#   93 dt 163.650128 rms  0.698 12.148% neg 0  invalid 762 tFOTS 2.5440 tGradient 1.7320 tsec 4.4800
#FOTS# QuadFit found better minimum quadopt=(dt=295.936,rms=0.681915) vs oldopt=(dt=369.92,rms=0.683019)
#GCMRL#   94 dt 295.936000 rms  0.682  2.323% neg 0  invalid 762 tFOTS 2.6700 tGradient 1.8600 tsec 4.7370
#FOTS# QuadFit found better minimum quadopt=(dt=160,rms=0.677041) vs oldopt=(dt=92.48,rms=0.678205)
#GCMRL#   95 dt 160.000000 rms  0.677  0.715% neg 0  invalid 762 tFOTS 2.6330 tGradient 1.7560 tsec 4.5980
#FOTS# QuadFit found better minimum quadopt=(dt=517.888,rms=0.670147) vs oldopt=(dt=369.92,rms=0.671305)
#GCMRL#   96 dt 517.888000 rms  0.670  1.018% neg 0  invalid 762 tFOTS 2.6870 tGradient 1.7190 tsec 4.6150
#FOTS# QuadFit found better minimum quadopt=(dt=129.472,rms=0.668349) vs oldopt=(dt=92.48,rms=0.668633)
#GCMRL#   97 dt 129.472000 rms  0.668  0.268% neg 0  invalid 762 tFOTS 2.6810 tGradient 1.7190 tsec 4.6080
#FOTS# QuadFit found better minimum quadopt=(dt=1183.74,rms=0.664101) vs oldopt=(dt=1479.68,rms=0.664188)
#GCMRL#   98 dt 1183.744000 rms  0.664  0.636% neg 0  invalid 762 tFOTS 2.6470 tGradient 1.7410 tsec 4.5970
#FOTS# QuadFit found better minimum quadopt=(dt=136.471,rms=0.66116) vs oldopt=(dt=92.48,rms=0.661665)
#GCMRL#   99 dt 136.470588 rms  0.661  0.443% neg 0  invalid 762 tFOTS 2.8360 tGradient 1.7540 tsec 4.7980
#GCMRL#  100 dt 369.920000 rms  0.660  0.150% neg 0  invalid 762 tFOTS 2.6850 tGradient 1.7620 tsec 4.6550
#FOTS# QuadFit found better minimum quadopt=(dt=129.472,rms=0.659131) vs oldopt=(dt=92.48,rms=0.659257)
#GCMRL#  101 dt 129.472000 rms  0.659  0.157% neg 0  invalid 762 tFOTS 2.6640 tGradient 1.7610 tsec 4.6340
#FOTS# QuadFit found better minimum quadopt=(dt=517.888,rms=0.657882) vs oldopt=(dt=369.92,rms=0.65806)
#GCMRL#  102 dt 517.888000 rms  0.658  0.190% neg 0  invalid 762 tFOTS 2.7940 tGradient 1.7980 tsec 4.8050
#FOTS# QuadFit found better minimum quadopt=(dt=129.472,rms=0.657062) vs oldopt=(dt=92.48,rms=0.657143)
#GCMRL#  103 dt 129.472000 rms  0.657  0.125% neg 0  invalid 762 tFOTS 2.6530 tGradient 1.8050 tsec 4.6650
#FOTS# QuadFit found better minimum quadopt=(dt=517.888,rms=0.655917) vs oldopt=(dt=369.92,rms=0.656071)
#GCMRL#  104 dt 517.888000 rms  0.656  0.174% neg 0  invalid 762 tFOTS 2.8690 tGradient 1.7140 tsec 4.7900
#FOTS# QuadFit found better minimum quadopt=(dt=129.472,rms=0.655249) vs oldopt=(dt=92.48,rms=0.655286)
#GCMRL#  105 dt 129.472000 rms  0.655  0.102% neg 0  invalid 762 tFOTS 2.6460 tGradient 1.7760 tsec 4.6330
#FOTS# QuadFit found better minimum quadopt=(dt=517.888,rms=0.654314) vs oldopt=(dt=369.92,rms=0.654406)
#GCMRL#  106 dt 517.888000 rms  0.654  0.143% neg 0  invalid 762 tFOTS 2.8470 tGradient 1.7400 tsec 4.7930
#FOTS# QuadFit found better minimum quadopt=(dt=110.976,rms=0.653674) vs oldopt=(dt=92.48,rms=0.653702)
#GCMRL#  107 dt 110.976000 rms  0.654  0.098% neg 0  invalid 762 tFOTS 2.6970 tGradient 1.8420 tsec 4.7540
#FOTS# QuadFit found better minimum quadopt=(dt=2071.55,rms=0.651044) vs oldopt=(dt=1479.68,rms=0.651278)
#GCMRL#  108 dt 2071.552000 rms  0.651  0.402% neg 0  invalid 762 tFOTS 2.9610 tGradient 1.7530 tsec 4.9290
#FOTS# QuadFit found better minimum quadopt=(dt=110.976,rms=0.64917) vs oldopt=(dt=92.48,rms=0.649202)
#GCMRL#  109 dt 110.976000 rms  0.649  0.288% neg 0  invalid 762 tFOTS 2.8190 tGradient 1.8090 tsec 4.8440
#FOTS# QuadFit found better minimum quadopt=(dt=517.888,rms=0.648631) vs oldopt=(dt=369.92,rms=0.648701)
#GCMRL#  110 dt 517.888000 rms  0.649  0.083% neg 0  invalid 762 tFOTS 2.8000 tGradient 1.7230 tsec 4.7340
#FOTS# QuadFit found better minimum quadopt=(dt=129.472,rms=0.648209) vs oldopt=(dt=92.48,rms=0.64824)
#GCMRL#  111 dt 129.472000 rms  0.648  0.065% neg 0  invalid 762 tFOTS 2.7040 tGradient 1.7910 tsec 4.7090
#FOTS# QuadFit found better minimum quadopt=(dt=517.888,rms=0.647634) vs oldopt=(dt=369.92,rms=0.647681)
#GCMRL#  112 dt 517.888000 rms  0.648  0.089% neg 0  invalid 762 tFOTS 2.8440 tGradient 1.8930 tsec 4.9510
#FOTS# QuadFit found better minimum quadopt=(dt=110.976,rms=0.647275) vs oldopt=(dt=92.48,rms=0.647279)
#GCMRL#  113 dt 110.976000 rms  0.647  0.055% neg 0  invalid 762 tFOTS 2.6410 tGradient 1.8280 tsec 4.6860
#FOTS# QuadFit found better minimum quadopt=(dt=1775.62,rms=0.645657) vs oldopt=(dt=1479.68,rms=0.645723)
#GCMRL#  114 dt 1775.616000 rms  0.646  0.250% neg 0  invalid 762 tFOTS 2.8340 tGradient 1.7740 tsec 4.8190
#GCMRL#  115 dt  92.480000 rms  0.645  0.109% neg 0  invalid 762 tFOTS 2.6960 tGradient 1.7420 tsec 4.6430
#FOTS# QuadFit found better minimum quadopt=(dt=517.888,rms=0.644457) vs oldopt=(dt=369.92,rms=0.644529)
#GCMRL#  116 dt 517.888000 rms  0.644  0.077% neg 0  invalid 762 tFOTS 2.7940 tGradient 1.8690 tsec 4.8820
#FOTS# QuadFit found better minimum quadopt=(dt=129.472,rms=0.644196) vs oldopt=(dt=92.48,rms=0.644231)
#GCMRL#  117 dt 129.472000 rms  0.644  0.000% neg 0  invalid 762 tFOTS 2.6080 tGradient 1.8760 tsec 4.7120
#GCMRL#  118 dt 129.472000 rms  0.644  0.018% neg 0  invalid 762 tFOTS 0.0000 tGradient 1.8160 tsec 2.0160
#GCMRL#  119 dt 129.472000 rms  0.644  0.033% neg 0  invalid 762 tFOTS 0.0000 tGradient 1.9060 tsec 2.1010
#GCMRL#  120 dt 129.472000 rms  0.644  0.054% neg 0  invalid 762 tFOTS 0.0000 tGradient 1.7890 tsec 1.9780
#GCMRL#  121 dt 129.472000 rms  0.643  0.071% neg 0  invalid 762 tFOTS 0.0000 tGradient 1.9290 tsec 2.1310
#GCMRL#  122 dt 129.472000 rms  0.643  0.074% neg 0  invalid 762 tFOTS 0.0000 tGradient 1.8820 tsec 2.0680
#GCMRL#  123 dt 129.472000 rms  0.642  0.080% neg 0  invalid 762 tFOTS 0.0000 tGradient 1.7420 tsec 1.9420
#GCMRL#  124 dt 129.472000 rms  0.642  0.083% neg 0  invalid 762 tFOTS 0.0000 tGradient 1.7650 tsec 1.9640
#GCMRL#  125 dt 129.472000 rms  0.641  0.092% neg 0  invalid 762 tFOTS 0.0000 tGradient 1.7980 tsec 1.9980
#GCMRL#  126 dt 129.472000 rms  0.640  0.093% neg 0  invalid 762 tFOTS 0.0000 tGradient 1.7650 tsec 1.9600
#GCMRL#  127 dt 129.472000 rms  0.640  0.086% neg 0  invalid 762 tFOTS 0.0000 tGradient 1.7680 tsec 2.0080
#GCMRL#  128 dt 129.472000 rms  0.639  0.088% neg 0  invalid 762 tFOTS 0.0000 tGradient 1.7900 tsec 1.9920
#GCMRL#  129 dt 129.472000 rms  0.639  0.093% neg 0  invalid 762 tFOTS 0.0000 tGradient 1.8460 tsec 2.0510
#GCMRL#  130 dt 129.472000 rms  0.638  0.101% neg 0  invalid 762 tFOTS 0.0000 tGradient 1.8270 tsec 2.0220
#GCMRL#  131 dt 129.472000 rms  0.637  0.087% neg 0  invalid 762 tFOTS 0.0000 tGradient 1.8000 tsec 2.0060
#GCMRL#  132 dt 129.472000 rms  0.637  0.078% neg 0  invalid 762 tFOTS 0.0000 tGradient 1.8680 tsec 2.0740
#GCMRL#  133 dt 129.472000 rms  0.637  0.067% neg 0  invalid 762 tFOTS 0.0000 tGradient 1.7560 tsec 1.9520
#GCMRL#  134 dt 129.472000 rms  0.636  0.069% neg 0  invalid 762 tFOTS 0.0000 tGradient 1.9050 tsec 2.1020
#GCMRL#  135 dt 129.472000 rms  0.636  0.069% neg 0  invalid 762 tFOTS 0.0000 tGradient 1.8840 tsec 2.0850
#GCMRL#  136 dt 129.472000 rms  0.635  0.065% neg 0  invalid 762 tFOTS 0.0000 tGradient 1.8610 tsec 2.0510
#GCMRL#  137 dt 129.472000 rms  0.635  0.065% neg 0  invalid 762 tFOTS 0.0000 tGradient 1.9020 tsec 2.0980
#GCMRL#  138 dt 129.472000 rms  0.634  0.057% neg 0  invalid 762 tFOTS 0.0000 tGradient 1.8650 tsec 2.0680
#GCMRL#  139 dt 129.472000 rms  0.634  0.063% neg 0  invalid 762 tFOTS 0.0000 tGradient 1.8320 tsec 2.0320
#GCMRL#  140 dt 129.472000 rms  0.634  0.060% neg 0  invalid 762 tFOTS 0.0000 tGradient 1.8670 tsec 2.0640
#GCMRL#  141 dt 129.472000 rms  0.633  0.062% neg 0  invalid 762 tFOTS 0.0000 tGradient 1.9080 tsec 2.1060
#GCMRL#  142 dt 129.472000 rms  0.633  0.051% neg 0  invalid 762 tFOTS 0.0000 tGradient 1.9420 tsec 2.1390
#GCMRL#  143 dt 129.472000 rms  0.633  0.043% neg 0  invalid 762 tFOTS 0.0000 tGradient 1.9710 tsec 2.1750
#GCMRL#  144 dt 129.472000 rms  0.632  0.043% neg 0  invalid 762 tFOTS 0.0000 tGradient 1.7310 tsec 1.9330
#GCMRL#  145 dt 129.472000 rms  0.632  0.050% neg 0  invalid 762 tFOTS 0.0000 tGradient 1.9700 tsec 2.1760
#GCMRL#  146 dt 129.472000 rms  0.632  0.046% neg 0  invalid 762 tFOTS 0.0000 tGradient 1.8090 tsec 2.0040
#GCMRL#  147 dt 129.472000 rms  0.631  0.048% neg 0  invalid 762 tFOTS 0.0000 tGradient 1.8810 tsec 2.0830
#GCMRL#  148 dt 129.472000 rms  0.631  0.042% neg 0  invalid 762 tFOTS 0.0000 tGradient 1.8070 tsec 2.0190
#GCMRL#  149 dt 129.472000 rms  0.631  0.053% neg 0  invalid 762 tFOTS 0.0000 tGradient 2.0580 tsec 2.2590
#GCMRL#  150 dt 129.472000 rms  0.631  0.046% neg 0  invalid 762 tFOTS 0.0000 tGradient 1.9570 tsec 2.1580
#GCMRL#  151 dt 129.472000 rms  0.630  0.042% neg 0  invalid 762 tFOTS 0.0000 tGradient 2.0360 tsec 2.2880
#GCMRL#  152 dt 129.472000 rms  0.630  0.043% neg 0  invalid 762 tFOTS 0.0000 tGradient 2.0190 tsec 2.2390
#GCMRL#  153 dt 129.472000 rms  0.630  0.041% neg 0  invalid 762 tFOTS 0.0000 tGradient 1.8760 tsec 2.0690
#GCMRL#  154 dt 129.472000 rms  0.630  0.026% neg 0  invalid 762 tFOTS 0.0000 tGradient 1.7830 tsec 1.9810
#GCMRL#  155 dt 129.472000 rms  0.629  0.038% neg 0  invalid 762 tFOTS 0.0000 tGradient 1.9760 tsec 2.1790
#GCMRL#  156 dt 129.472000 rms  0.629  0.019% neg 0  invalid 762 tFOTS 0.0000 tGradient 1.9600 tsec 2.1560
#GCMRL#  157 dt 129.472000 rms  0.629  0.027% neg 0  invalid 762 tFOTS 0.0000 tGradient 1.8510 tsec 2.0540
#GCMRL#  158 dt 129.472000 rms  0.629  0.027% neg 0  invalid 762 tFOTS 0.0000 tGradient 1.9260 tsec 2.1210
#GCMRL#  159 dt 129.472000 rms  0.629  0.029% neg 0  invalid 762 tFOTS 0.0000 tGradient 1.8630 tsec 2.0640
#GCMRL#  160 dt 129.472000 rms  0.629  0.036% neg 0  invalid 762 tFOTS 0.0000 tGradient 1.8960 tsec 2.0950
#GCMRL#  161 dt 129.472000 rms  0.628  0.035% neg 0  invalid 762 tFOTS 0.0000 tGradient 1.9140 tsec 2.1150
#GCMRL#  162 dt 129.472000 rms  0.628  0.039% neg 0  invalid 762 tFOTS 0.0000 tGradient 1.8710 tsec 2.0680
#GCMRL#  163 dt 129.472000 rms  0.628  0.027% neg 0  invalid 762 tFOTS 0.0000 tGradient 1.9340 tsec 2.1320
#GCMRL#  164 dt 129.472000 rms  0.628  0.026% neg 0  invalid 762 tFOTS 0.0000 tGradient 1.9420 tsec 2.1440
#GCMRL#  165 dt 129.472000 rms  0.628  0.022% neg 0  invalid 762 tFOTS 0.0000 tGradient 1.9130 tsec 2.1090
#GCMRL#  166 dt 129.472000 rms  0.627  0.028% neg 0  invalid 762 tFOTS 0.0000 tGradient 1.8880 tsec 2.0840
#GCMRL#  167 dt 129.472000 rms  0.627  0.022% neg 0  invalid 762 tFOTS 0.0000 tGradient 1.8700 tsec 2.0680
#GCMRL#  168 dt 129.472000 rms  0.627  0.029% neg 0  invalid 762 tFOTS 0.0000 tGradient 1.8780 tsec 2.0720
#GCMRL#  169 dt 129.472000 rms  0.627  0.028% neg 0  invalid 762 tFOTS 0.0000 tGradient 1.8740 tsec 2.0720
#GCMRL#  170 dt 129.472000 rms  0.627  0.031% neg 0  invalid 762 tFOTS 0.0000 tGradient 1.8900 tsec 2.1190
#GCMRL#  171 dt 129.472000 rms  0.627  0.026% neg 0  invalid 762 tFOTS 0.0000 tGradient 1.9190 tsec 2.1180
#GCMRL#  172 dt 129.472000 rms  0.626  0.029% neg 0  invalid 762 tFOTS 0.0000 tGradient 1.9470 tsec 2.1410
#GCMRL#  173 dt 129.472000 rms  0.626  0.021% neg 0  invalid 762 tFOTS 0.0000 tGradient 1.8310 tsec 2.0320
#GCMRL#  174 dt 129.472000 rms  0.626  0.024% neg 0  invalid 762 tFOTS 0.0000 tGradient 1.8510 tsec 2.0520
#GCMRL#  175 dt 129.472000 rms  0.626  0.017% neg 0  invalid 762 tFOTS 0.0000 tGradient 1.8710 tsec 2.0770
#FOTS# QuadFit found better minimum quadopt=(dt=517.888,rms=0.6259) vs oldopt=(dt=369.92,rms=0.625913)
#GCMRL#  176 dt 517.888000 rms  0.626  0.019% neg 0  invalid 762 tFOTS 2.7900 tGradient 1.9210 tsec 4.9170
#FOTS# QuadFit found better minimum quadopt=(dt=73.984,rms=0.625913) vs oldopt=(dt=92.48,rms=0.625915)

#GCAMreg# pass 0 level1 5 level2 1 tsec 256.44 sigma 0.5
l_jacobian=1.00 l_label=1.00 l_log_likelihood=0.20 l_smoothness=0.01 
tol=5.00e-02, dt=5.00e-02, exp_k=20.0, momentum=0.90, levels=6, niter=500, lbl_dist=10.00, avgs=256, sigma=0.5,type=2, relabel=0, neg=no

blurring input image with Gaussian with sigma=0.500...
GCAMRegisterLevel(): init RMS 0.626067
#FOTS# QuadFit found better minimum quadopt=(dt=129.472,rms=0.625271) vs oldopt=(dt=92.48,rms=0.625346)
#GCMRL#  178 dt 129.472000 rms  0.625  0.127% neg 0  invalid 762 tFOTS 2.7020 tGradient 1.8960 tsec 4.8080
#FOTS# QuadFit found better minimum quadopt=(dt=443.904,rms=0.624219) vs oldopt=(dt=369.92,rms=0.62425)
#GCMRL#  179 dt 443.904000 rms  0.624  0.168% neg 0  invalid 762 tFOTS 2.8540 tGradient 1.8600 tsec 4.9190
#GCMRL#  180 dt  92.480000 rms  0.624  0.000% neg 0  invalid 762 tFOTS 2.6910 tGradient 1.8300 tsec 4.7430
#GCMRL#  181 dt  92.480000 rms  0.624  0.011% neg 0  invalid 762 tFOTS 0.0000 tGradient 1.9650 tsec 2.1560
#GCMRL#  182 dt  92.480000 rms  0.624  0.018% neg 0  invalid 762 tFOTS 0.0000 tGradient 1.9850 tsec 2.1870
#GCMRL#  183 dt  92.480000 rms  0.624  0.022% neg 0  invalid 762 tFOTS 0.0000 tGradient 1.9100 tsec 2.1140
#GCMRL#  184 dt  92.480000 rms  0.623  0.030% neg 0  invalid 762 tFOTS 0.0000 tGradient 1.9260 tsec 2.1250
#GCMRL#  185 dt  92.480000 rms  0.623  0.031% neg 0  invalid 762 tFOTS 0.0000 tGradient 1.9820 tsec 2.1880
#GCMRL#  186 dt  92.480000 rms  0.623  0.039% neg 0  invalid 762 tFOTS 0.0000 tGradient 1.9900 tsec 2.2060
#GCMRL#  187 dt  92.480000 rms  0.623  0.030% neg 0  invalid 762 tFOTS 0.0000 tGradient 1.9230 tsec 2.1240
#GCMRL#  188 dt  92.480000 rms  0.623  0.036% neg 0  invalid 762 tFOTS 0.0000 tGradient 2.0250 tsec 2.2310
#GCMRL#  189 dt  92.480000 rms  0.622  0.042% neg 0  invalid 762 tFOTS 0.0000 tGradient 2.0090 tsec 2.2170
#GCMRL#  190 dt  92.480000 rms  0.622  0.024% neg 0  invalid 762 tFOTS 0.0000 tGradient 1.8440 tsec 2.0450
#GCMRL#  191 dt  92.480000 rms  0.622  0.037% neg 0  invalid 762 tFOTS 0.0000 tGradient 1.8710 tsec 2.0790
#GCMRL#  192 dt  92.480000 rms  0.622  0.026% neg 0  invalid 762 tFOTS 0.0000 tGradient 1.9610 tsec 2.1670
#GCMRL#  193 dt  92.480000 rms  0.622  0.024% neg 0  invalid 762 tFOTS 0.0000 tGradient 1.9400 tsec 2.1320
#GCMRL#  194 dt  92.480000 rms  0.622  0.018% neg 0  invalid 762 tFOTS 0.0000 tGradient 1.7420 tsec 1.9570
#FOTS# QuadFit found better minimum quadopt=(dt=1183.74,rms=0.621392) vs oldopt=(dt=1479.68,rms=0.621414)
#GCMRL#  195 dt 1183.744000 rms  0.621  0.026% neg 0  invalid 762 tFOTS 2.8470 tGradient 1.9650 tsec 5.0200
#FOTS# QuadFit found better minimum quadopt=(dt=221.952,rms=0.621191) vs oldopt=(dt=369.92,rms=0.621261)
#GCMRL#  196 dt 221.952000 rms  0.621  0.032% neg 0  invalid 762 tFOTS 2.8780 tGradient 1.8590 tsec 4.9520
#FOTS# QuadFit found better minimum quadopt=(dt=55.488,rms=0.621184) vs oldopt=(dt=92.48,rms=0.621185)
#GCMRL#  197 dt  55.488000 rms  0.621  0.000% neg 0  invalid 762 tFOTS 2.8350 tGradient 1.9010 tsec 4.9710
#GCMRL#  198 dt  55.488000 rms  0.621  0.003% neg 0  invalid 762 tFOTS 0.0000 tGradient 1.8590 tsec 2.0510
#GCMRL#  199 dt  55.488000 rms  0.621  0.001% neg 0  invalid 762 tFOTS 0.0000 tGradient 1.7850 tsec 1.9880
setting smoothness cost coefficient to 0.031

#GCAMreg# pass 0 level1 4 level2 0 tsec 0 sigma 2
l_jacobian=1.00 l_label=1.00 l_log_likelihood=0.20 l_smoothness=0.03 
tol=5.00e-02, dt=5.00e-02, exp_k=20.0, momentum=0.90, levels=6, niter=500, lbl_dist=10.00, avgs=64, sigma=2.0,type=2, relabel=0, neg=no

blurring input image with Gaussian with sigma=2.000...
GCAMRegisterLevel(): init RMS 0.623145
#FOTS# QuadFit found better minimum quadopt=(dt=68.2178,rms=0.621431) vs oldopt=(dt=103.68,rms=0.621829)
#GCMRL#  201 dt  68.217765 rms  0.621  0.275% neg 0  invalid 762 tFOTS 2.6280 tGradient 1.4890 tsec 4.3280
#FOTS# QuadFit found better minimum quadopt=(dt=179.892,rms=0.61701) vs oldopt=(dt=103.68,rms=0.617631)
#GCMRL#  202 dt 179.891892 rms  0.617  0.711% neg 0  invalid 762 tFOTS 2.6540 tGradient 1.6320 tsec 4.4920
#FOTS# QuadFit found better minimum quadopt=(dt=36.288,rms=0.614573) vs oldopt=(dt=25.92,rms=0.614774)
#GCMRL#  203 dt  36.288000 rms  0.615  0.395% neg 0  invalid 762 tFOTS 2.7570 tGradient 1.5120 tsec 4.4890
#GCMRL#  204 dt 414.720000 rms  0.608  1.058% neg 0  invalid 762 tFOTS 2.6150 tGradient 1.6470 tsec 4.4710
#FOTS# QuadFit found better minimum quadopt=(dt=36.288,rms=0.60498) vs oldopt=(dt=25.92,rms=0.605206)
#GCMRL#  205 dt  36.288000 rms  0.605  0.508% neg 0  invalid 762 tFOTS 2.7700 tGradient 1.5840 tsec 4.5970
#GCMRL#  206 dt 103.680000 rms  0.603  0.275% neg 0  invalid 762 tFOTS 2.8090 tGradient 1.5510 tsec 4.5710
#FOTS# QuadFit found better minimum quadopt=(dt=31.104,rms=0.602767) vs oldopt=(dt=25.92,rms=0.60278)
#GCMRL#  207 dt  31.104000 rms  0.603  0.091% neg 0  invalid 762 tFOTS 2.6720 tGradient 1.5460 tsec 4.4290
#FOTS# QuadFit found better minimum quadopt=(dt=497.664,rms=0.598574) vs oldopt=(dt=414.72,rms=0.59871)
#GCMRL#  208 dt 497.664000 rms  0.599  0.696% neg 0  invalid 762 tFOTS 2.4890 tGradient 1.5790 tsec 4.2730
#FOTS# QuadFit found better minimum quadopt=(dt=34.1985,rms=0.596305) vs oldopt=(dt=25.92,rms=0.596411)
#GCMRL#  209 dt  34.198473 rms  0.596  0.379% neg 0  invalid 762 tFOTS 2.7370 tGradient 1.4530 tsec 4.4070
#GCMRL#  210 dt 103.680000 rms  0.595  0.198% neg 0  invalid 762 tFOTS 2.6150 tGradient 1.4210 tsec 4.2570
#GCMRL#  211 dt  25.920000 rms  0.595  0.000% neg 0  invalid 762 tFOTS 2.7540 tGradient 1.6170 tsec 4.6070
#GCMRL#  212 dt  25.920000 rms  0.595  0.038% neg 0  invalid 762 tFOTS 0.0000 tGradient 1.4210 tsec 1.6220
#GCMRL#  213 dt  25.920000 rms  0.594  0.074% neg 0  invalid 762 tFOTS 0.0000 tGradient 1.5370 tsec 1.7720
#GCMRL#  214 dt  25.920000 rms  0.594  0.104% neg 0  invalid 762 tFOTS 0.0000 tGradient 1.4920 tsec 1.6930
#GCMRL#  215 dt  25.920000 rms  0.593  0.137% neg 0  invalid 762 tFOTS 0.0000 tGradient 1.5930 tsec 1.8360
#GCMRL#  216 dt  25.920000 rms  0.592  0.157% neg 0  invalid 762 tFOTS 0.0000 tGradient 1.5690 tsec 1.7700
#GCMRL#  217 dt  25.920000 rms  0.591  0.166% neg 0  invalid 762 tFOTS 0.0000 tGradient 1.5030 tsec 1.6910
#GCMRL#  218 dt  25.920000 rms  0.590  0.170% neg 0  invalid 762 tFOTS 0.0000 tGradient 1.4300 tsec 1.6210
#GCMRL#  219 dt  25.920000 rms  0.589  0.178% neg 0  invalid 762 tFOTS 0.0000 tGradient 1.4690 tsec 1.6700
#GCMRL#  220 dt  25.920000 rms  0.588  0.178% neg 0  invalid 762 tFOTS 0.0000 tGradient 1.4770 tsec 1.6750
#GCMRL#  221 dt  25.920000 rms  0.587  0.182% neg 0  invalid 762 tFOTS 0.0000 tGradient 1.4300 tsec 1.6200
#GCMRL#  222 dt  25.920000 rms  0.586  0.182% neg 0  invalid 762 tFOTS 0.0000 tGradient 1.4280 tsec 1.6230
#GCMRL#  223 dt  25.920000 rms  0.585  0.184% neg 0  invalid 762 tFOTS 0.0000 tGradient 1.4940 tsec 1.6900
#GCMRL#  224 dt  25.920000 rms  0.583  0.175% neg 0  invalid 762 tFOTS 0.0000 tGradient 1.3960 tsec 1.5940
#GCMRL#  225 dt  25.920000 rms  0.583  0.167% neg 0  invalid 762 tFOTS 0.0000 tGradient 1.4460 tsec 1.6450
#GCMRL#  226 dt  25.920000 rms  0.582  0.161% neg 0  invalid 762 tFOTS 0.0000 tGradient 1.4470 tsec 1.6440
#GCMRL#  227 dt  25.920000 rms  0.581  0.152% neg 0  invalid 762 tFOTS 0.0000 tGradient 1.4250 tsec 1.6210
#GCMRL#  228 dt  25.920000 rms  0.580  0.137% neg 0  invalid 762 tFOTS 0.0000 tGradient 1.4450 tsec 1.6450
#GCMRL#  229 dt  25.920000 rms  0.579  0.133% neg 0  invalid 762 tFOTS 0.0000 tGradient 1.4270 tsec 1.6210
#GCMRL#  230 dt  25.920000 rms  0.578  0.124% neg 0  invalid 762 tFOTS 0.0000 tGradient 1.4380 tsec 1.6260
#GCMRL#  231 dt  25.920000 rms  0.578  0.122% neg 0  invalid 762 tFOTS 0.0000 tGradient 1.4120 tsec 1.6080
#GCMRL#  232 dt  25.920000 rms  0.577  0.117% neg 0  invalid 762 tFOTS 0.0000 tGradient 1.4650 tsec 1.6650
#GCMRL#  233 dt  25.920000 rms  0.576  0.115% neg 0  invalid 762 tFOTS 0.0000 tGradient 1.4740 tsec 1.6570
#GCMRL#  234 dt  25.920000 rms  0.576  0.103% neg 0  invalid 762 tFOTS 0.0000 tGradient 1.4780 tsec 1.6750
#GCMRL#  235 dt  25.920000 rms  0.575  0.098% neg 0  invalid 762 tFOTS 0.0000 tGradient 1.4740 tsec 1.6750
#GCMRL#  236 dt  25.920000 rms  0.575  0.087% neg 0  invalid 762 tFOTS 0.0000 tGradient 1.4620 tsec 1.6520
#GCMRL#  237 dt  25.920000 rms  0.574  0.090% neg 0  invalid 762 tFOTS 0.0000 tGradient 1.5670 tsec 1.7650
#GCMRL#  238 dt  25.920000 rms  0.574  0.081% neg 0  invalid 762 tFOTS 0.0000 tGradient 1.4600 tsec 1.6550
#GCMRL#  239 dt  25.920000 rms  0.573  0.075% neg 0  invalid 762 tFOTS 0.0000 tGradient 1.4290 tsec 1.6210
#GCMRL#  240 dt  25.920000 rms  0.573  0.076% neg 0  invalid 762 tFOTS 0.0000 tGradient 1.4260 tsec 1.6250
#GCMRL#  241 dt  25.920000 rms  0.572  0.078% neg 0  invalid 762 tFOTS 0.0000 tGradient 1.5450 tsec 1.7460
#GCMRL#  242 dt  25.920000 rms  0.572  0.068% neg 0  invalid 762 tFOTS 0.0000 tGradient 1.4410 tsec 1.6290
#GCMRL#  243 dt  25.920000 rms  0.572  0.073% neg 0  invalid 762 tFOTS 0.0000 tGradient 1.4530 tsec 1.6550
#GCMRL#  244 dt  25.920000 rms  0.571  0.067% neg 0  invalid 762 tFOTS 0.0000 tGradient 1.6120 tsec 1.8170
#GCMRL#  245 dt  25.920000 rms  0.571  0.070% neg 0  invalid 762 tFOTS 0.0000 tGradient 1.5410 tsec 1.7310
#GCMRL#  246 dt  25.920000 rms  0.570  0.068% neg 0  invalid 762 tFOTS 0.0000 tGradient 1.4980 tsec 1.7000
#GCMRL#  247 dt  25.920000 rms  0.570  0.062% neg 0  invalid 762 tFOTS 0.0000 tGradient 1.5670 tsec 1.7710
#GCMRL#  248 dt  25.920000 rms  0.570  0.058% neg 0  invalid 762 tFOTS 0.0000 tGradient 1.4880 tsec 1.6840
#GCMRL#  249 dt  25.920000 rms  0.569  0.057% neg 0  invalid 762 tFOTS 0.0000 tGradient 1.4680 tsec 1.6710
#GCMRL#  250 dt  25.920000 rms  0.569  0.059% neg 0  invalid 762 tFOTS 0.0000 tGradient 1.4580 tsec 1.6540
#GCMRL#  251 dt  25.920000 rms  0.569  0.056% neg 0  invalid 762 tFOTS 0.0000 tGradient 1.5130 tsec 1.7040
#GCMRL#  252 dt  25.920000 rms  0.568  0.053% neg 0  invalid 762 tFOTS 0.0000 tGradient 1.4330 tsec 1.6410
#GCMRL#  253 dt  25.920000 rms  0.568  0.054% neg 0  invalid 762 tFOTS 0.0000 tGradient 1.4680 tsec 1.6720
#GCMRL#  254 dt  25.920000 rms  0.568  0.048% neg 0  invalid 762 tFOTS 0.0000 tGradient 1.4420 tsec 1.6410
#GCMRL#  255 dt  25.920000 rms  0.568  0.050% neg 0  invalid 762 tFOTS 0.0000 tGradient 1.4380 tsec 1.6390
#GCMRL#  256 dt  25.920000 rms  0.567  0.046% neg 0  invalid 762 tFOTS 0.0000 tGradient 1.4360 tsec 1.6450
#GCMRL#  257 dt  25.920000 rms  0.567  0.045% neg 0  invalid 762 tFOTS 0.0000 tGradient 1.3970 tsec 1.5980
#GCMRL#  258 dt  25.920000 rms  0.567  0.043% neg 0  invalid 762 tFOTS 0.0000 tGradient 1.4210 tsec 1.6240
#GCMRL#  259 dt  25.920000 rms  0.567  0.043% neg 0  invalid 762 tFOTS 0.0000 tGradient 1.3640 tsec 1.5640
#GCMRL#  260 dt  25.920000 rms  0.566  0.044% neg 0  invalid 762 tFOTS 0.0000 tGradient 1.4260 tsec 1.6310
#GCMRL#  261 dt  25.920000 rms  0.566  0.040% neg 0  invalid 762 tFOTS 0.0000 tGradient 1.4460 tsec 1.6510
#GCMRL#  262 dt  25.920000 rms  0.566  0.041% neg 0  invalid 762 tFOTS 0.0000 tGradient 1.4230 tsec 1.6250
#GCMRL#  263 dt  25.920000 rms  0.566  0.037% neg 0  invalid 762 tFOTS 0.0000 tGradient 1.4040 tsec 1.6050
#GCMRL#  264 dt  25.920000 rms  0.565  0.040% neg 0  invalid 762 tFOTS 0.0000 tGradient 1.4910 tsec 1.6960
#GCMRL#  265 dt  25.920000 rms  0.565  0.040% neg 0  invalid 762 tFOTS 0.0000 tGradient 1.4620 tsec 1.6750
#GCMRL#  266 dt  25.920000 rms  0.565  0.040% neg 0  invalid 762 tFOTS 0.0000 tGradient 1.4230 tsec 1.6310
#GCMRL#  267 dt  25.920000 rms  0.565  0.037% neg 0  invalid 762 tFOTS 0.0000 tGradient 1.4290 tsec 1.6300
#GCMRL#  268 dt  25.920000 rms  0.565  0.032% neg 0  invalid 762 tFOTS 0.0000 tGradient 1.4380 tsec 1.6520
#GCMRL#  269 dt  25.920000 rms  0.564  0.034% neg 0  invalid 762 tFOTS 0.0000 tGradient 1.4420 tsec 1.6580
#GCMRL#  270 dt  25.920000 rms  0.564  0.032% neg 0  invalid 762 tFOTS 0.0000 tGradient 1.4280 tsec 1.6280
#GCMRL#  271 dt  25.920000 rms  0.564  0.031% neg 0  invalid 762 tFOTS 0.0000 tGradient 1.4490 tsec 1.6490
#GCMRL#  272 dt  25.920000 rms  0.564  0.032% neg 0  invalid 762 tFOTS 0.0000 tGradient 1.4440 tsec 1.6540
#GCMRL#  273 dt  25.920000 rms  0.564  0.029% neg 0  invalid 762 tFOTS 0.0000 tGradient 1.4970 tsec 1.6990
#GCMRL#  274 dt  25.920000 rms  0.564  0.029% neg 0  invalid 762 tFOTS 0.0000 tGradient 1.5000 tsec 1.7020
#GCMRL#  275 dt  25.920000 rms  0.563  0.027% neg 0  invalid 762 tFOTS 0.0000 tGradient 1.4160 tsec 1.6160
#GCMRL#  276 dt  25.920000 rms  0.563  0.031% neg 0  invalid 762 tFOTS 0.0000 tGradient 1.3960 tsec 1.6000
#GCMRL#  277 dt  25.920000 rms  0.563  0.027% neg 0  invalid 762 tFOTS 0.0000 tGradient 1.3930 tsec 1.6000
#GCMRL#  278 dt  25.920000 rms  0.563  0.036% neg 0  invalid 762 tFOTS 0.0000 tGradient 1.4460 tsec 1.6480
#GCMRL#  279 dt  25.920000 rms  0.563  0.030% neg 0  invalid 762 tFOTS 0.0000 tGradient 1.4110 tsec 1.6000
#GCMRL#  280 dt  25.920000 rms  0.563  0.027% neg 0  invalid 762 tFOTS 0.0000 tGradient 1.4030 tsec 1.6070
#GCMRL#  281 dt  25.920000 rms  0.562  0.030% neg 0  invalid 762 tFOTS 0.0000 tGradient 1.4450 tsec 1.6510
#GCMRL#  282 dt  25.920000 rms  0.562  0.026% neg 0  invalid 762 tFOTS 0.0000 tGradient 1.4120 tsec 1.6120
#GCMRL#  283 dt  25.920000 rms  0.562  0.026% neg 0  invalid 762 tFOTS 0.0000 tGradient 1.4170 tsec 1.6190
#GCMRL#  284 dt  25.920000 rms  0.562  0.030% neg 0  invalid 762 tFOTS 0.0000 tGradient 1.4070 tsec 1.6120
#GCMRL#  285 dt  25.920000 rms  0.562  0.027% neg 0  invalid 762 tFOTS 0.0000 tGradient 1.4290 tsec 1.6410
#GCMRL#  286 dt  25.920000 rms  0.562  0.028% neg 0  invalid 762 tFOTS 0.0000 tGradient 1.4390 tsec 1.6420
#GCMRL#  287 dt  25.920000 rms  0.561  0.025% neg 0  invalid 762 tFOTS 0.0000 tGradient 1.3740 tsec 1.5750
#GCMRL#  288 dt  25.920000 rms  0.561  0.028% neg 0  invalid 762 tFOTS 0.0000 tGradient 1.4180 tsec 1.6180
#GCMRL#  289 dt  25.920000 rms  0.561  0.023% neg 0  invalid 762 tFOTS 0.0000 tGradient 1.4580 tsec 1.6640
#GCMRL#  290 dt  25.920000 rms  0.561  0.027% neg 0  invalid 762 tFOTS 0.0000 tGradient 1.4670 tsec 1.6730
#GCMRL#  291 dt  25.920000 rms  0.561  0.025% neg 0  invalid 762 tFOTS 0.0000 tGradient 1.4700 tsec 1.6740
#GCMRL#  292 dt  25.920000 rms  0.561  0.024% neg 0  invalid 762 tFOTS 0.0000 tGradient 1.4290 tsec 1.6430
#GCMRL#  293 dt 1658.880000 rms  0.560  0.093% neg 0  invalid 762 tFOTS 2.9460 tGradient 1.4060 tsec 4.5700
#FOTS# QuadFit found better minimum quadopt=(dt=36.288,rms=0.560035) vs oldopt=(dt=25.92,rms=0.560071)
#GCMRL#  294 dt  36.288000 rms  0.560  0.000% neg 0  invalid 762 tFOTS 2.7390 tGradient 1.4590 tsec 4.4320
#GCMRL#  295 dt  36.288000 rms  0.560  0.007% neg 0  invalid 762 tFOTS 0.0000 tGradient 1.4680 tsec 1.6720
#GCMRL#  296 dt  36.288000 rms  0.560  0.001% neg 0  invalid 762 tFOTS 0.0000 tGradient 1.4290 tsec 1.6330

#GCAMreg# pass 0 level1 4 level2 1 tsec 205.07 sigma 0.5
l_jacobian=1.00 l_label=1.00 l_log_likelihood=0.20 l_smoothness=0.03 
tol=5.00e-02, dt=5.00e-02, exp_k=20.0, momentum=0.90, levels=6, niter=500, lbl_dist=10.00, avgs=64, sigma=0.5,type=2, relabel=0, neg=no

blurring input image with Gaussian with sigma=0.500...
GCAMRegisterLevel(): init RMS 0.560184
#FOTS# QuadFit found better minimum quadopt=(dt=96.6038,rms=0.558419) vs oldopt=(dt=103.68,rms=0.55843)
#GCMRL#  298 dt  96.603774 rms  0.558  0.315% neg 0  invalid 762 tFOTS 2.8960 tGradient 1.4870 tsec 4.5950
#FOTS# QuadFit found better minimum quadopt=(dt=36.288,rms=0.557604) vs oldopt=(dt=25.92,rms=0.557724)
#GCMRL#  299 dt  36.288000 rms  0.558  0.146% neg 0  invalid 762 tFOTS 2.9710 tGradient 1.4500 tsec 4.6390
#FOTS# QuadFit found better minimum quadopt=(dt=145.152,rms=0.556825) vs oldopt=(dt=103.68,rms=0.556964)
#GCMRL#  300 dt 145.152000 rms  0.557  0.140% neg 0  invalid 762 tFOTS 2.7540 tGradient 1.5500 tsec 4.5190
#FOTS# QuadFit found better minimum quadopt=(dt=36.288,rms=0.556427) vs oldopt=(dt=25.92,rms=0.556491)
#GCMRL#  301 dt  36.288000 rms  0.556  0.071% neg 0  invalid 762 tFOTS 2.8360 tGradient 1.4710 tsec 4.5100
#FOTS# QuadFit found better minimum quadopt=(dt=248.832,rms=0.555728) vs oldopt=(dt=414.72,rms=0.555876)
#GCMRL#  302 dt 248.832000 rms  0.556  0.126% neg 0  invalid 762 tFOTS 2.9210 tGradient 1.5730 tsec 4.6980
#FOTS# QuadFit found better minimum quadopt=(dt=36.288,rms=0.555283) vs oldopt=(dt=25.92,rms=0.555311)
#GCMRL#  303 dt  36.288000 rms  0.555  0.080% neg 0  invalid 762 tFOTS 2.9150 tGradient 1.5230 tsec 4.6520
#FOTS# QuadFit found better minimum quadopt=(dt=124.416,rms=0.555074) vs oldopt=(dt=103.68,rms=0.555076)
#GCMRL#  304 dt 124.416000 rms  0.555  0.000% neg 0  invalid 762 tFOTS 2.6450 tGradient 1.4680 tsec 4.3370
setting smoothness cost coefficient to 0.118

#GCAMreg# pass 0 level1 3 level2 0 tsec 0 sigma 2
l_jacobian=1.00 l_label=1.00 l_log_likelihood=0.20 l_smoothness=0.12 
tol=5.00e-02, dt=5.00e-02, exp_k=20.0, momentum=0.90, levels=6, niter=500, lbl_dist=10.00, avgs=16, sigma=2.0,type=2, relabel=0, neg=no

blurring input image with Gaussian with sigma=2.000...
GCAMRegisterLevel(): init RMS 0.566847
#FOTS# QuadFit found better minimum quadopt=(dt=27.8079,rms=0.564273) vs oldopt=(dt=32,rms=0.564367)
#GCMRL#  306 dt  27.807860 rms  0.564  0.454% neg 0  invalid 762 tFOTS 2.6420 tGradient 1.3600 tsec 4.2100
#GCMRL#  307 dt  32.000000 rms  0.561  0.613% neg 0  invalid 762 tFOTS 2.5070 tGradient 1.3330 tsec 4.0410
#FOTS# QuadFit found better minimum quadopt=(dt=11.2,rms=0.559206) vs oldopt=(dt=8,rms=0.559522)
#GCMRL#  308 dt  11.200000 rms  0.559  0.287% neg 0  invalid 762 tFOTS 2.6520 tGradient 1.2860 tsec 4.1440
#FOTS# QuadFit found better minimum quadopt=(dt=112.932,rms=0.554389) vs oldopt=(dt=128,rms=0.554513)
#GCMRL#  309 dt 112.931846 rms  0.554  0.861% neg 0  invalid 762 tFOTS 2.7740 tGradient 1.2920 tsec 4.2800
#FOTS# QuadFit found better minimum quadopt=(dt=17.8519,rms=0.550895) vs oldopt=(dt=8,rms=0.551659)
#GCMRL#  310 dt  17.851852 rms  0.551  0.630% neg 0  invalid 762 tFOTS 2.5410 tGradient 1.2950 tsec 4.0560
#FOTS# QuadFit found better minimum quadopt=(dt=11.2,rms=0.550063) vs oldopt=(dt=8,rms=0.550226)
#GCMRL#  311 dt  11.200000 rms  0.550  0.151% neg 0  invalid 762 tFOTS 2.8640 tGradient 1.3080 tsec 4.3940
#FOTS# QuadFit found better minimum quadopt=(dt=179.2,rms=0.545347) vs oldopt=(dt=128,rms=0.54585)
#GCMRL#  312 dt 179.200000 rms  0.545  0.857% neg 0  invalid 762 tFOTS 2.9740 tGradient 1.3660 tsec 4.5670
#FOTS# QuadFit found better minimum quadopt=(dt=15.6748,rms=0.542257) vs oldopt=(dt=8,rms=0.542816)
#GCMRL#  313 dt  15.674797 rms  0.542  0.567% neg 0  invalid 762 tFOTS 2.5630 tGradient 1.2220 tsec 4.0170
#FOTS# QuadFit found better minimum quadopt=(dt=11.2,rms=0.542008) vs oldopt=(dt=8,rms=0.542055)
#GCMRL#  314 dt  11.200000 rms  0.542  0.000% neg 0  invalid 762 tFOTS 2.9400 tGradient 1.2380 tsec 4.4260
#GCMRL#  315 dt  11.200000 rms  0.542  0.031% neg 0  invalid 762 tFOTS 0.0000 tGradient 1.2190 tsec 1.4250
#GCMRL#  316 dt  11.200000 rms  0.541  0.071% neg 0  invalid 762 tFOTS 0.0000 tGradient 1.2720 tsec 1.5170
#GCMRL#  317 dt  11.200000 rms  0.541  0.103% neg 0  invalid 762 tFOTS 0.0000 tGradient 1.2850 tsec 1.5010
#GCMRL#  318 dt  11.200000 rms  0.540  0.135% neg 0  invalid 762 tFOTS 0.0000 tGradient 1.2630 tsec 1.4810
#GCMRL#  319 dt  11.200000 rms  0.539  0.157% neg 0  invalid 762 tFOTS 0.0000 tGradient 1.3460 tsec 1.5530
#GCMRL#  320 dt  11.200000 rms  0.538  0.172% neg 0  invalid 762 tFOTS 0.0000 tGradient 1.3340 tsec 1.5450
#GCMRL#  321 dt  11.200000 rms  0.537  0.189% neg 0  invalid 762 tFOTS 0.0000 tGradient 1.2920 tsec 1.5090
#GCMRL#  322 dt  11.200000 rms  0.536  0.195% neg 0  invalid 762 tFOTS 0.0000 tGradient 1.3300 tsec 1.5390
#GCMRL#  323 dt  11.200000 rms  0.535  0.197% neg 0  invalid 762 tFOTS 0.0000 tGradient 1.2980 tsec 1.5110
#GCMRL#  324 dt  11.200000 rms  0.534  0.193% neg 0  invalid 762 tFOTS 0.0000 tGradient 1.2170 tsec 1.4280
#GCMRL#  325 dt  11.200000 rms  0.533  0.190% neg 0  invalid 762 tFOTS 0.0000 tGradient 1.2510 tsec 1.4640
#GCMRL#  326 dt  11.200000 rms  0.532  0.174% neg 0  invalid 762 tFOTS 0.0000 tGradient 1.2050 tsec 1.4460
#GCMRL#  327 dt  11.200000 rms  0.531  0.161% neg 0  invalid 762 tFOTS 0.0000 tGradient 1.2260 tsec 1.4270
#GCMRL#  328 dt  11.200000 rms  0.531  0.148% neg 0  invalid 762 tFOTS 0.0000 tGradient 1.2090 tsec 1.4550
#GCMRL#  329 dt  11.200000 rms  0.530  0.136% neg 0  invalid 762 tFOTS 0.0000 tGradient 1.3260 tsec 1.5370
#GCMRL#  330 dt  11.200000 rms  0.529  0.130% neg 0  invalid 762 tFOTS 0.0000 tGradient 1.2090 tsec 1.4060
#GCMRL#  331 dt  11.200000 rms  0.529  0.123% neg 0  invalid 762 tFOTS 0.0000 tGradient 1.2250 tsec 1.4290
#GCMRL#  332 dt  11.200000 rms  0.528  0.121% neg 0  invalid 762 tFOTS 0.0000 tGradient 1.1840 tsec 1.3920
#GCMRL#  333 dt  11.200000 rms  0.527  0.112% neg 0  invalid 762 tFOTS 0.0000 tGradient 1.1940 tsec 1.4000
#GCMRL#  334 dt  11.200000 rms  0.527  0.103% neg 0  invalid 762 tFOTS 0.0000 tGradient 1.1910 tsec 1.4020
#GCMRL#  335 dt  11.200000 rms  0.526  0.092% neg 0  invalid 762 tFOTS 0.0000 tGradient 1.2450 tsec 1.4400
#GCMRL#  336 dt  11.200000 rms  0.526  0.088% neg 0  invalid 762 tFOTS 0.0000 tGradient 1.1750 tsec 1.3880
#GCMRL#  337 dt  11.200000 rms  0.525  0.086% neg 0  invalid 762 tFOTS 0.0000 tGradient 1.1800 tsec 1.3760
#GCMRL#  338 dt  11.200000 rms  0.525  0.081% neg 0  invalid 762 tFOTS 0.0000 tGradient 1.2190 tsec 1.4220
#GCMRL#  339 dt  11.200000 rms  0.525  0.076% neg 0  invalid 762 tFOTS 0.0000 tGradient 1.2110 tsec 1.4230
#GCMRL#  340 dt  11.200000 rms  0.524  0.068% neg 0  invalid 762 tFOTS 0.0000 tGradient 1.2150 tsec 1.4250
#GCMRL#  341 dt  11.200000 rms  0.524  0.067% neg 0  invalid 762 tFOTS 0.0000 tGradient 1.2550 tsec 1.4490
#GCMRL#  342 dt  11.200000 rms  0.524  0.060% neg 0  invalid 762 tFOTS 0.0000 tGradient 1.2080 tsec 1.4080
#GCMRL#  343 dt  11.200000 rms  0.523  0.059% neg 0  invalid 762 tFOTS 0.0000 tGradient 1.1930 tsec 1.3990
#GCMRL#  344 dt  11.200000 rms  0.523  0.053% neg 0  invalid 762 tFOTS 0.0000 tGradient 1.2330 tsec 1.4350
#GCMRL#  345 dt  11.200000 rms  0.523  0.051% neg 0  invalid 762 tFOTS 0.0000 tGradient 1.2340 tsec 1.4340
#GCMRL#  346 dt  11.200000 rms  0.522  0.047% neg 0  invalid 762 tFOTS 0.0000 tGradient 1.2200 tsec 1.4180
#GCMRL#  347 dt  11.200000 rms  0.522  0.043% neg 0  invalid 762 tFOTS 0.0000 tGradient 1.1840 tsec 1.3770
#GCMRL#  348 dt  11.200000 rms  0.522  0.040% neg 0  invalid 762 tFOTS 0.0000 tGradient 1.1940 tsec 1.3840
#GCMRL#  349 dt  11.200000 rms  0.522  0.040% neg 0  invalid 762 tFOTS 0.0000 tGradient 1.2060 tsec 1.4080
#GCMRL#  350 dt  11.200000 rms  0.522  0.035% neg 0  invalid 762 tFOTS 0.0000 tGradient 1.1920 tsec 1.3910
#GCMRL#  351 dt  11.200000 rms  0.521  0.038% neg 0  invalid 762 tFOTS 0.0000 tGradient 1.1810 tsec 1.3870
#GCMRL#  352 dt  11.200000 rms  0.521  0.033% neg 0  invalid 762 tFOTS 0.0000 tGradient 1.2060 tsec 1.3980
#GCMRL#  353 dt  11.200000 rms  0.521  0.034% neg 0  invalid 762 tFOTS 0.0000 tGradient 1.2320 tsec 1.4340
#GCMRL#  354 dt  11.200000 rms  0.521  0.032% neg 0  invalid 762 tFOTS 0.0000 tGradient 1.1650 tsec 1.3650
#GCMRL#  355 dt  11.200000 rms  0.521  0.031% neg 0  invalid 762 tFOTS 0.0000 tGradient 1.1830 tsec 1.3850
#GCMRL#  356 dt  11.200000 rms  0.521  0.030% neg 0  invalid 762 tFOTS 0.0000 tGradient 1.1290 tsec 1.3290
#GCMRL#  357 dt  11.200000 rms  0.520  0.027% neg 0  invalid 762 tFOTS 0.0000 tGradient 1.1440 tsec 1.3430
#GCMRL#  358 dt  11.200000 rms  0.520  0.029% neg 0  invalid 762 tFOTS 0.0000 tGradient 1.1590 tsec 1.3650
#GCMRL#  359 dt  11.200000 rms  0.520  0.028% neg 0  invalid 762 tFOTS 0.0000 tGradient 1.1910 tsec 1.3860
#GCMRL#  360 dt  11.200000 rms  0.520  0.028% neg 0  invalid 762 tFOTS 0.0000 tGradient 1.1970 tsec 1.3980
#GCMRL#  361 dt  11.200000 rms  0.520  0.026% neg 0  invalid 762 tFOTS 0.0000 tGradient 1.1410 tsec 1.3460
#GCMRL#  362 dt  11.200000 rms  0.520  0.024% neg 0  invalid 762 tFOTS 0.0000 tGradient 1.1530 tsec 1.3450
#GCMRL#  363 dt  11.200000 rms  0.520  0.025% neg 0  invalid 762 tFOTS 0.0000 tGradient 1.1820 tsec 1.3730
#GCMRL#  364 dt  11.200000 rms  0.520  0.024% neg 0  invalid 762 tFOTS 0.0000 tGradient 1.1900 tsec 1.3870
#GCMRL#  365 dt  11.200000 rms  0.519  0.025% neg 0  invalid 762 tFOTS 0.0000 tGradient 1.1480 tsec 1.3550
#GCMRL#  366 dt  11.200000 rms  0.519  0.022% neg 0  invalid 762 tFOTS 0.0000 tGradient 1.1480 tsec 1.3660
#FOTS# QuadFit found better minimum quadopt=(dt=153.6,rms=0.519163) vs oldopt=(dt=128,rms=0.519167)
#GCMRL#  367 dt 153.600000 rms  0.519  0.000% neg 0  invalid 762 tFOTS 2.6480 tGradient 1.1100 tsec 3.9780

#GCAMreg# pass 0 level1 3 level2 1 tsec 125.792 sigma 0.5
l_jacobian=1.00 l_label=1.00 l_log_likelihood=0.20 l_smoothness=0.12 
tol=5.00e-02, dt=5.00e-02, exp_k=20.0, momentum=0.90, levels=6, niter=500, lbl_dist=10.00, avgs=16, sigma=0.5,type=2, relabel=0, neg=no

blurring input image with Gaussian with sigma=0.500...
GCAMRegisterLevel(): init RMS 0.519388
#FOTS# QuadFit found better minimum quadopt=(dt=44.8,rms=0.516252) vs oldopt=(dt=32,rms=0.51654)
#GCMRL#  369 dt  44.800000 rms  0.516  0.604% neg 0  invalid 762 tFOTS 2.4620 tGradient 1.1770 tsec 3.8470
#FOTS# QuadFit found better minimum quadopt=(dt=11.2,rms=0.515796) vs oldopt=(dt=8,rms=0.515884)
#GCMRL#  370 dt  11.200000 rms  0.516  0.088% neg 0  invalid 762 tFOTS 2.4720 tGradient 1.1540 tsec 3.8360
#FOTS# QuadFit found better minimum quadopt=(dt=44.8,rms=0.515236) vs oldopt=(dt=32,rms=0.515272)
#GCMRL#  371 dt  44.800000 rms  0.515  0.109% neg 0  invalid 762 tFOTS 2.6350 tGradient 1.2230 tsec 4.0680
#FOTS# QuadFit found better minimum quadopt=(dt=38.4,rms=0.514729) vs oldopt=(dt=32,rms=0.514743)
#GCMRL#  372 dt  38.400000 rms  0.515  0.098% neg 0  invalid 762 tFOTS 2.4050 tGradient 1.2250 tsec 3.8390
#FOTS# QuadFit found better minimum quadopt=(dt=25.6,rms=0.514379) vs oldopt=(dt=32,rms=0.514392)
#GCMRL#  373 dt  25.600000 rms  0.514  0.068% neg 0  invalid 762 tFOTS 2.5050 tGradient 1.1910 tsec 3.8980
#FOTS# QuadFit found better minimum quadopt=(dt=25.6,rms=0.514252) vs oldopt=(dt=32,rms=0.514266)
#GCMRL#  374 dt  25.600000 rms  0.514  0.000% neg 0  invalid 762 tFOTS 2.4450 tGradient 1.1440 tsec 3.8090
#GCMRL#  375 dt  25.600000 rms  0.514  0.064% neg 0  invalid 762 tFOTS 0.0000 tGradient 1.1640 tsec 1.3510
#GCMRL#  376 dt  25.600000 rms  0.514  0.053% neg 0  invalid 762 tFOTS 0.0000 tGradient 1.2610 tsec 1.4630
#GCMRL#  377 dt  25.600000 rms  0.513  0.056% neg 0  invalid 762 tFOTS 0.0000 tGradient 1.1900 tsec 1.3830
#GCMRL#  378 dt  25.600000 rms  0.513  0.092% neg 0  invalid 762 tFOTS 0.0000 tGradient 1.1640 tsec 1.3560
#GCMRL#  379 dt  25.600000 rms  0.512  0.082% neg 0  invalid 762 tFOTS 0.0000 tGradient 1.1230 tsec 1.3140
#GCMRL#  380 dt  25.600000 rms  0.512  0.048% neg 0  invalid 762 tFOTS 0.0000 tGradient 1.1520 tsec 1.3520
#GCMRL#  381 dt  25.600000 rms  0.512  0.055% neg 0  invalid 762 tFOTS 0.0000 tGradient 1.1780 tsec 1.3780
#GCMRL#  382 dt  25.600000 rms  0.512  0.062% neg 0  invalid 762 tFOTS 0.0000 tGradient 1.1810 tsec 1.3760
#GCMRL#  383 dt  25.600000 rms  0.511  0.055% neg 0  invalid 762 tFOTS 0.0000 tGradient 1.1920 tsec 1.3850
#GCMRL#  384 dt  25.600000 rms  0.511  0.040% neg 0  invalid 762 tFOTS 0.0000 tGradient 1.2270 tsec 1.4340
#GCMRL#  385 dt  25.600000 rms  0.511  0.058% neg 0  invalid 762 tFOTS 0.0000 tGradient 1.2410 tsec 1.4430
#GCMRL#  386 dt  25.600000 rms  0.511  0.062% neg 0  invalid 762 tFOTS 0.0000 tGradient 1.2190 tsec 1.4130
#GCMRL#  387 dt  25.600000 rms  0.510  0.063% neg 0  invalid 762 tFOTS 0.0000 tGradient 1.2080 tsec 1.4120
#GCMRL#  388 dt  25.600000 rms  0.510  0.055% neg 0  invalid 762 tFOTS 0.0000 tGradient 1.1540 tsec 1.3500
#GCMRL#  389 dt  25.600000 rms  0.510  0.059% neg 0  invalid 762 tFOTS 0.0000 tGradient 1.1470 tsec 1.3460
#GCMRL#  390 dt  25.600000 rms  0.509  0.052% neg 0  invalid 762 tFOTS 0.0000 tGradient 1.1780 tsec 1.3690
#GCMRL#  391 dt  25.600000 rms  0.509  0.047% neg 0  invalid 762 tFOTS 0.0000 tGradient 1.2330 tsec 1.4250
#GCMRL#  392 dt  25.600000 rms  0.509  0.040% neg 0  invalid 762 tFOTS 0.0000 tGradient 1.2490 tsec 1.4440
#GCMRL#  393 dt  25.600000 rms  0.509  0.035% neg 0  invalid 762 tFOTS 0.0000 tGradient 1.1520 tsec 1.3460
#GCMRL#  394 dt  25.600000 rms  0.509  0.031% neg 0  invalid 762 tFOTS 0.0000 tGradient 1.1450 tsec 1.3400
#GCMRL#  395 dt  25.600000 rms  0.508  0.037% neg 0  invalid 762 tFOTS 0.0000 tGradient 1.1340 tsec 1.3330
#GCMRL#  396 dt  25.600000 rms  0.508  0.040% neg 0  invalid 762 tFOTS 0.0000 tGradient 1.1420 tsec 1.3270
#GCMRL#  397 dt  25.600000 rms  0.508  0.027% neg 0  invalid 762 tFOTS 0.0000 tGradient 1.1460 tsec 1.3390
#GCMRL#  398 dt  25.600000 rms  0.508  0.030% neg 0  invalid 762 tFOTS 0.0000 tGradient 1.1420 tsec 1.3340
#GCMRL#  399 dt  25.600000 rms  0.508  0.041% neg 0  invalid 762 tFOTS 0.0000 tGradient 1.1670 tsec 1.3590
#GCMRL#  400 dt  25.600000 rms  0.508  0.034% neg 0  invalid 762 tFOTS 0.0000 tGradient 1.1710 tsec 1.3760
#GCMRL#  401 dt  25.600000 rms  0.507  0.025% neg 0  invalid 762 tFOTS 0.0000 tGradient 1.1550 tsec 1.3510
#GCMRL#  402 dt  25.600000 rms  0.507  0.027% neg 0  invalid 762 tFOTS 0.0000 tGradient 1.1780 tsec 1.3730
#GCMRL#  403 dt  25.600000 rms  0.507  0.026% neg 0  invalid 762 tFOTS 0.0000 tGradient 1.1000 tsec 1.3020
#GCMRL#  404 dt  25.600000 rms  0.507  0.030% neg 0  invalid 762 tFOTS 0.0000 tGradient 1.1420 tsec 1.3400
#GCMRL#  405 dt  25.600000 rms  0.507  0.030% neg 0  invalid 762 tFOTS 0.0000 tGradient 1.1630 tsec 1.3550
#GCMRL#  406 dt  25.600000 rms  0.507  0.031% neg 0  invalid 762 tFOTS 0.0000 tGradient 1.1590 tsec 1.3600
#GCMRL#  407 dt  25.600000 rms  0.507  0.032% neg 0  invalid 762 tFOTS 0.0000 tGradient 1.1540 tsec 1.3510
#GCMRL#  408 dt  25.600000 rms  0.506  0.026% neg 0  invalid 762 tFOTS 0.0000 tGradient 1.1360 tsec 1.3220
#GCMRL#  409 dt  25.600000 rms  0.506  0.020% neg 0  invalid 762 tFOTS 0.0000 tGradient 1.1210 tsec 1.3060
#GCMRL#  410 dt  25.600000 rms  0.506  0.011% neg 0  invalid 762 tFOTS 0.0000 tGradient 1.1530 tsec 1.3730
#GCMRL#  411 dt  32.000000 rms  0.506  0.020% neg 0  invalid 762 tFOTS 2.5520 tGradient 1.1920 tsec 3.9480
#FOTS# QuadFit found better minimum quadopt=(dt=2.8,rms=0.50613) vs oldopt=(dt=2,rms=0.50613)
setting smoothness cost coefficient to 0.400

#GCAMreg# pass 0 level1 2 level2 0 tsec 0 sigma 2
l_jacobian=1.00 l_label=1.00 l_log_likelihood=0.20 l_smoothness=0.40 
tol=5.00e-02, dt=5.00e-02, exp_k=20.0, momentum=0.90, levels=6, niter=500, lbl_dist=10.00, avgs=4, sigma=2.0,type=2, relabel=0, neg=no

blurring input image with Gaussian with sigma=2.000...
GCAMRegisterLevel(): init RMS 0.528595
#GCMRL#  413 dt   0.000000 rms  0.528  0.030% neg 0  invalid 762 tFOTS 2.3480 tGradient 1.1830 tsec 3.7390

#GCAMreg# pass 0 level1 2 level2 1 tsec 15.372 sigma 0.5
l_jacobian=1.00 l_label=1.00 l_log_likelihood=0.20 l_smoothness=0.40 
tol=5.00e-02, dt=5.00e-02, exp_k=20.0, momentum=0.90, levels=6, niter=500, lbl_dist=10.00, avgs=4, sigma=0.5,type=2, relabel=0, neg=no

blurring input image with Gaussian with sigma=0.500...
GCAMRegisterLevel(): init RMS 0.528595
#GCMRL#  415 dt   0.000000 rms  0.528  0.030% neg 0  invalid 762 tFOTS 2.5810 tGradient 1.1810 tsec 3.9790
setting smoothness cost coefficient to 1.000

#GCAMreg# pass 0 level1 1 level2 0 tsec 0 sigma 2
l_jacobian=1.00 l_label=1.00 l_log_likelihood=0.20 l_smoothness=1.00 
tol=5.00e-02, dt=5.00e-02, exp_k=20.0, momentum=0.90, levels=6, niter=500, lbl_dist=10.00, avgs=1, sigma=2.0,type=2, relabel=0, neg=no

blurring input image with Gaussian with sigma=2.000...
GCAMRegisterLevel(): init RMS 0.573103
#FOTS# QuadFit found better minimum quadopt=(dt=1.536,rms=0.568122) vs oldopt=(dt=1.28,rms=0.568175)
#GCMRL#  417 dt   1.536000 rms  0.568  0.869% neg 0  invalid 762 tFOTS 2.6030 tGradient 1.0300 tsec 3.8330
#FOTS# QuadFit found better minimum quadopt=(dt=0.384,rms=0.567992) vs oldopt=(dt=0.32,rms=0.567994)
#GCMRL#  418 dt   0.384000 rms  0.568  0.000% neg 0  invalid 762 tFOTS 2.5180 tGradient 0.9530 tsec 3.6880

#GCAMreg# pass 0 level1 1 level2 1 tsec 16.737 sigma 0.5
l_jacobian=1.00 l_label=1.00 l_log_likelihood=0.20 l_smoothness=1.00 
tol=5.00e-02, dt=5.00e-02, exp_k=20.0, momentum=0.90, levels=6, niter=500, lbl_dist=10.00, avgs=1, sigma=0.5,type=2, relabel=0, neg=no

blurring input image with Gaussian with sigma=0.500...
GCAMRegisterLevel(): init RMS 0.568146
#FOTS# QuadFit found better minimum quadopt=(dt=0.768,rms=0.567452) vs oldopt=(dt=1.28,rms=0.567613)
#GCMRL#  420 dt   0.768000 rms  0.567  0.122% neg 0  invalid 762 tFOTS 2.5100 tGradient 0.9950 tsec 3.7120
#GCMRL#  421 dt   0.320000 rms  0.567  0.000% neg 0  invalid 762 tFOTS 2.5380 tGradient 0.9140 tsec 3.6800
resetting metric properties...
setting smoothness cost coefficient to 2.000

#GCAMreg# pass 0 level1 0 level2 0 tsec 0 sigma 2
l_jacobian=1.00 l_label=1.00 l_log_likelihood=0.20 l_smoothness=2.00 
tol=5.00e-02, dt=5.00e-02, exp_k=20.0, momentum=0.90, levels=6, niter=500, lbl_dist=10.00, avgs=0, sigma=2.0,type=2, relabel=0, neg=no

blurring input image with Gaussian with sigma=2.000...
GCAMRegisterLevel(): init RMS 0.519433
#FOTS# QuadFit found better minimum quadopt=(dt=0.448,rms=0.504568) vs oldopt=(dt=0.32,rms=0.508552)
#GCMRL#  423 dt   0.448000 rms  0.505  2.862% neg 0  invalid 762 tFOTS 2.4460 tGradient 0.5270 tsec 3.1890
#FOTS# QuadFit found better minimum quadopt=(dt=0.448,rms=0.501555) vs oldopt=(dt=0.32,rms=0.502385)
#GCMRL#  424 dt   0.448000 rms  0.502  0.597% neg 0  invalid 762 tFOTS 2.4770 tGradient 0.5500 tsec 3.2440
#FOTS# QuadFit found better minimum quadopt=(dt=0.448,rms=0.499688) vs oldopt=(dt=0.32,rms=0.50021)
#GCMRL#  425 dt   0.448000 rms  0.500  0.372% neg 0  invalid 762 tFOTS 2.4400 tGradient 0.5420 tsec 3.2000
#FOTS# QuadFit found better minimum quadopt=(dt=0.448,rms=0.498626) vs oldopt=(dt=0.32,rms=0.498917)
#GCMRL#  426 dt   0.448000 rms  0.499  0.212% neg 0  invalid 762 tFOTS 2.4690 tGradient 0.5130 tsec 3.2020
#FOTS# QuadFit found better minimum quadopt=(dt=0.448,rms=0.497827) vs oldopt=(dt=0.32,rms=0.498045)
#GCMRL#  427 dt   0.448000 rms  0.498  0.160% neg 0  invalid 762 tFOTS 2.4560 tGradient 0.5290 tsec 3.2030
#FOTS# QuadFit found better minimum quadopt=(dt=0.448,rms=0.497285) vs oldopt=(dt=0.32,rms=0.497426)
#GCMRL#  428 dt   0.448000 rms  0.497  0.109% neg 0  invalid 762 tFOTS 2.5030 tGradient 0.5540 tsec 3.2810
#FOTS# QuadFit found better minimum quadopt=(dt=0.384,rms=0.496887) vs oldopt=(dt=0.32,rms=0.496947)
#GCMRL#  429 dt   0.384000 rms  0.497  0.080% neg 0  invalid 762 tFOTS 2.3560 tGradient 0.6130 tsec 3.1840
#FOTS# QuadFit found better minimum quadopt=(dt=0.384,rms=0.496586) vs oldopt=(dt=0.32,rms=0.496631)
#GCMRL#  430 dt   0.384000 rms  0.497  0.061% neg 0  invalid 762 tFOTS 2.4090 tGradient 0.4810 tsec 3.1010
#FOTS# QuadFit found better minimum quadopt=(dt=0.384,rms=0.496319) vs oldopt=(dt=0.32,rms=0.496359)
#GCMRL#  431 dt   0.384000 rms  0.496  0.054% neg 0  invalid 762 tFOTS 2.3810 tGradient 0.5340 tsec 3.1250
#FOTS# QuadFit found better minimum quadopt=(dt=0.384,rms=0.496117) vs oldopt=(dt=0.32,rms=0.496144)
#GCMRL#  432 dt   0.384000 rms  0.496  0.000% neg 0  invalid 762 tFOTS 2.3790 tGradient 0.4950 tsec 3.1000
#GCMRL#  433 dt   0.384000 rms  0.496  0.038% neg 0  invalid 762 tFOTS 0.0000 tGradient 0.5280 tsec 0.7340
#GCMRL#  434 dt   0.384000 rms  0.496  0.063% neg 0  invalid 762 tFOTS 0.0000 tGradient 0.5280 tsec 0.7350
#GCMRL#  435 dt   0.384000 rms  0.495  0.024% neg 0  invalid 762 tFOTS 0.0000 tGradient 0.5200 tsec 0.8370
#GCMRL#  436 dt   0.384000 rms  0.495  0.043% neg 0  invalid 762 tFOTS 0.0000 tGradient 0.4870 tsec 0.6910
#GCMRL#  437 dt   0.384000 rms  0.495  0.019% neg 0  invalid 762 tFOTS 0.0000 tGradient 0.5270 tsec 0.8520
#GCMRL#  438 dt   0.384000 rms  0.495  0.025% neg 0  invalid 762 tFOTS 0.0000 tGradient 0.4810 tsec 0.6920
#GCMRL#  439 dt   0.384000 rms  0.495  0.013% neg 0  invalid 762 tFOTS 0.0000 tGradient 0.5240 tsec 0.8660
#GCMRL#  440 dt   0.320000 rms  0.495  0.000% neg 0  invalid 762 tFOTS 2.3640 tGradient 0.5240 tsec 3.1180
#GCMRL#  441 dt   0.320000 rms  0.495  0.007% neg 0  invalid 762 tFOTS 0.0000 tGradient 0.5340 tsec 0.7360
#GCMRL#  442 dt   0.320000 rms  0.495  0.016% neg 0  invalid 762 tFOTS 0.0000 tGradient 0.5030 tsec 0.7150
#GCMRL#  443 dt   0.160000 rms  0.495  0.005% neg 0  invalid 762 tFOTS 0.0000 tGradient 0.5130 tsec 0.9450
#GCMRL#  444 dt   0.160000 rms  0.495  0.008% neg 0  invalid 762 tFOTS 0.0000 tGradient 0.5140 tsec 0.7180
#GCMRL#  445 dt   0.160000 rms  0.495  0.009% neg 0  invalid 762 tFOTS 0.0000 tGradient 0.5380 tsec 0.7450
#GCMRL#  446 dt   0.160000 rms  0.495  0.009% neg 0  invalid 762 tFOTS 0.0000 tGradient 0.5420 tsec 0.7490
#GCMRL#  447 dt   0.160000 rms  0.495  0.012% neg 0  invalid 762 tFOTS 0.0000 tGradient 0.5020 tsec 0.7090

#GCAMreg# pass 0 level1 0 level2 1 tsec 54.908 sigma 0.5
l_jacobian=1.00 l_label=1.00 l_log_likelihood=0.20 l_smoothness=2.00 
tol=5.00e-02, dt=5.00e-02, exp_k=20.0, momentum=0.90, levels=6, niter=500, lbl_dist=10.00, avgs=0, sigma=0.5,type=2, relabel=0, neg=no

blurring input image with Gaussian with sigma=0.500...
GCAMRegisterLevel(): init RMS 0.494795
#GCMRL#  449 dt   0.320000 rms  0.492  0.550% neg 0  invalid 762 tFOTS 2.3700 tGradient 0.5010 tsec 3.0840
#GCMRL#  450 dt   0.320000 rms  0.491  0.214% neg 0  invalid 762 tFOTS 2.4360 tGradient 0.5130 tsec 3.1610
#GCMRL#  451 dt   0.320000 rms  0.491  0.095% neg 0  invalid 762 tFOTS 2.3900 tGradient 0.5080 tsec 3.1070
#GCMRL#  452 dt   0.320000 rms  0.490  0.000% neg 0  invalid 762 tFOTS 2.4130 tGradient 0.4810 tsec 3.1260
#GCMRL#  453 dt   0.320000 rms  0.490  0.027% neg 0  invalid 762 tFOTS 0.0000 tGradient 0.5270 tsec 0.7330
#GCMRL#  454 dt   0.320000 rms  0.490  0.042% neg 0  invalid 762 tFOTS 0.0000 tGradient 0.5120 tsec 0.7160
#GCMRL#  455 dt   0.320000 rms  0.490  0.005% neg 0  invalid 762 tFOTS 0.0000 tGradient 0.4930 tsec 0.8170
#GCMRL#  456 dt   0.320000 rms  0.490  0.007% neg 0  invalid 762 tFOTS 0.0000 tGradient 0.4980 tsec 0.8330
#GCMRL#  457 dt   0.320000 rms  0.490  0.015% neg 0  invalid 762 tFOTS 0.0000 tGradient 0.5360 tsec 0.7320
#GCMRL#  458 dt   0.160000 rms  0.490  0.006% neg 0  invalid 762 tFOTS 0.0000 tGradient 0.4980 tsec 0.9420
#FOTS# QuadFit found better minimum quadopt=(dt=0.384,rms=0.489772) vs oldopt=(dt=0.32,rms=0.489778)
#GCMRL#  459 dt   0.384000 rms  0.490  0.008% neg 0  invalid 762 tFOTS 2.4510 tGradient 0.5460 tsec 3.2130
#FOTS# QuadFit found better minimum quadopt=(dt=0.112,rms=0.489761) vs oldopt=(dt=0.08,rms=0.489763)
#GCMRL#  460 dt   0.112000 rms  0.490  0.000% neg 0  invalid 762 tFOTS 2.1770 tGradient 0.5000 tsec 2.9030
#GCMRL#  461 dt   0.112000 rms  0.490  0.004% neg 0  invalid 762 tFOTS 0.0000 tGradient 0.5100 tsec 0.7230
#GCMRL#  462 dt   0.112000 rms  0.490  0.002% neg 0  invalid 762 tFOTS 0.0000 tGradient 0.5100 tsec 0.7200
#GCMRL#  463 dt   0.112000 rms  0.490  0.004% neg 0  invalid 762 tFOTS 0.0000 tGradient 0.5050 tsec 0.7170
#GCMRL#  464 dt   0.112000 rms  0.490  0.006% neg 0  invalid 762 tFOTS 0.0000 tGradient 0.5260 tsec 0.7390
#GCMRL#  465 dt   0.112000 rms  0.490  0.007% neg 0  invalid 762 tFOTS 0.0000 tGradient 0.5000 tsec 0.7120
GCAMregister done in 15.0784 min
********************* ALLOWING NEGATIVE NODES IN DEFORMATION********************************
noneg post
Starting GCAMregister()
label assignment complete, 0 changed (0.00%)
npasses = 1, nlevels = 6
#pass# 1 of 1 ************************
enabling zero nodes
setting smoothness cost coefficient to 0.008

#GCAMreg# pass 0 level1 5 level2 0 tsec 0 sigma 2
l_jacobian=1.00 l_label=1.00 l_log_likelihood=0.20 l_smoothness=0.01 
tol=2.50e-01, dt=5.00e-02, exp_k=20.0, momentum=0.90, levels=6, niter=500, lbl_dist=10.00, avgs=256, sigma=2.0,type=2, relabel=0, neg=yes

blurring input image with Gaussian with sigma=2.000...
GCAMRegisterLevel(): init RMS 0.487625
#GCMRL#  467 dt   0.000000 rms  0.487  0.048% neg 0  invalid 762 tFOTS 2.9210 tGradient 1.6050 tsec 4.7470

#GCAMreg# pass 0 level1 5 level2 1 tsec 17.88 sigma 0.5
l_jacobian=1.00 l_label=1.00 l_log_likelihood=0.20 l_smoothness=0.01 
tol=2.50e-01, dt=5.00e-02, exp_k=20.0, momentum=0.90, levels=6, niter=500, lbl_dist=10.00, avgs=256, sigma=0.5,type=2, relabel=0, neg=yes

blurring input image with Gaussian with sigma=0.500...
GCAMRegisterLevel(): init RMS 0.487625
#GCMRL#  469 dt   0.000000 rms  0.487  0.048% neg 0  invalid 762 tFOTS 2.8220 tGradient 1.5940 tsec 4.6200
setting smoothness cost coefficient to 0.031

#GCAMreg# pass 0 level1 4 level2 0 tsec 0 sigma 2
l_jacobian=1.00 l_label=1.00 l_log_likelihood=0.20 l_smoothness=0.03 
tol=2.50e-01, dt=5.00e-02, exp_k=20.0, momentum=0.90, levels=6, niter=500, lbl_dist=10.00, avgs=64, sigma=2.0,type=2, relabel=0, neg=yes

blurring input image with Gaussian with sigma=2.000...
GCAMRegisterLevel(): init RMS 0.487651
#FOTS# QuadFit found better minimum quadopt=(dt=9.072,rms=0.487371) vs oldopt=(dt=6.48,rms=0.487379)
#GCMRL#  471 dt   9.072000 rms  0.487  0.057% neg 0  invalid 762 tFOTS 2.9320 tGradient 1.2980 tsec 4.4350
#FOTS# QuadFit found better minimum quadopt=(dt=9.072,rms=0.487339) vs oldopt=(dt=6.48,rms=0.487342)
#GCMRL#  472 dt   9.072000 rms  0.487  0.000% neg 0  invalid 762 tFOTS 2.9590 tGradient 1.3160 tsec 4.4950
#GCMRL#  473 dt   9.072000 rms  0.487  0.001% neg 0  invalid 762 tFOTS 0.0000 tGradient 1.2650 tsec 1.4570

#GCAMreg# pass 0 level1 4 level2 1 tsec 19.97 sigma 0.5
l_jacobian=1.00 l_label=1.00 l_log_likelihood=0.20 l_smoothness=0.03 
tol=2.50e-01, dt=5.00e-02, exp_k=20.0, momentum=0.90, levels=6, niter=500, lbl_dist=10.00, avgs=64, sigma=0.5,type=2, relabel=0, neg=yes

blurring input image with Gaussian with sigma=0.500...
GCAMRegisterLevel(): init RMS 0.487569
#FOTS# QuadFit found better minimum quadopt=(dt=84.9836,rms=0.486004) vs oldopt=(dt=103.68,rms=0.486071)
#GCMRL#  475 dt  84.983607 rms  0.486  0.321% neg 0  invalid 762 tFOTS 2.8770 tGradient 1.2850 tsec 4.3630
#FOTS# QuadFit found better minimum quadopt=(dt=36.288,rms=0.485131) vs oldopt=(dt=25.92,rms=0.485286)
#GCMRL#  476 dt  36.288000 rms  0.485  0.000% neg 0  invalid 762 tFOTS 2.9280 tGradient 1.3140 tsec 4.4560
#GCMRL#  477 dt  36.288000 rms  0.485  0.053% neg 0  invalid 762 tFOTS 0.0000 tGradient 1.2890 tsec 1.4800
#GCMRL#  478 dt  36.288000 rms  0.484  0.090% neg 0  invalid 762 tFOTS 0.0000 tGradient 1.2640 tsec 1.4510
#GCMRL#  479 dt  36.288000 rms  0.484  0.134% neg 0  invalid 762 tFOTS 0.0000 tGradient 1.2670 tsec 1.4590
#GCMRL#  480 dt  36.288000 rms  0.483  0.130% neg 0  invalid 762 tFOTS 0.0000 tGradient 1.2990 tsec 1.4910
#GCMRL#  481 dt  36.288000 rms  0.483  0.111% neg 0  invalid 762 tFOTS 0.0000 tGradient 1.3630 tsec 1.5480
#GCMRL#  482 dt  36.288000 rms  0.482  0.080% neg 0  invalid 762 tFOTS 0.0000 tGradient 1.3520 tsec 1.5590
#FOTS# QuadFit found better minimum quadopt=(dt=145.152,rms=0.481813) vs oldopt=(dt=103.68,rms=0.481872)
#GCMRL#  483 dt 145.152000 rms  0.482  0.087% neg 0  invalid 762 tFOTS 2.7700 tGradient 1.4140 tsec 4.3970
#GCMRL#  484 dt  25.920000 rms  0.482  0.000% neg 0  invalid 762 tFOTS 2.6830 tGradient 1.3220 tsec 4.2290
#GCMRL#  485 dt  25.920000 rms  0.482  0.015% neg 0  invalid 762 tFOTS 0.0000 tGradient 1.3520 tsec 1.5460
#GCMRL#  486 dt  25.920000 rms  0.481  0.021% neg 0  invalid 762 tFOTS 0.0000 tGradient 1.3540 tsec 1.5460
#GCMRL#  487 dt  25.920000 rms  0.481  0.025% neg 0  invalid 762 tFOTS 0.0000 tGradient 1.2900 tsec 1.4830
#GCMRL#  488 dt  25.920000 rms  0.481  0.037% neg 0  invalid 762 tFOTS 0.0000 tGradient 1.3170 tsec 1.5080
#GCMRL#  489 dt  25.920000 rms  0.481  0.038% neg 0  invalid 762 tFOTS 0.0000 tGradient 1.3940 tsec 1.5850
#GCMRL#  490 dt  25.920000 rms  0.481  0.043% neg 0  invalid 762 tFOTS 0.0000 tGradient 1.3250 tsec 1.5200
#GCMRL#  491 dt  25.920000 rms  0.481  0.046% neg 0  invalid 762 tFOTS 0.0000 tGradient 1.3080 tsec 1.4960
#GCMRL#  492 dt  25.920000 rms  0.480  0.044% neg 0  invalid 762 tFOTS 0.0000 tGradient 1.2940 tsec 1.4830
#GCMRL#  493 dt  25.920000 rms  0.480  0.046% neg 0  invalid 762 tFOTS 0.0000 tGradient 1.3550 tsec 1.5520
setting smoothness cost coefficient to 0.118

#GCAMreg# pass 0 level1 3 level2 0 tsec 0 sigma 2
l_jacobian=1.00 l_label=1.00 l_log_likelihood=0.20 l_smoothness=0.12 
tol=2.50e-01, dt=5.00e-02, exp_k=20.0, momentum=0.90, levels=6, niter=500, lbl_dist=10.00, avgs=16, sigma=2.0,type=2, relabel=0, neg=yes

blurring input image with Gaussian with sigma=2.000...
GCAMRegisterLevel(): init RMS 0.480691
#FOTS# QuadFit found better minimum quadopt=(dt=11.2,rms=0.480052) vs oldopt=(dt=8,rms=0.480098)
#GCMRL#  495 dt  11.200000 rms  0.480  0.133% neg 0  invalid 762 tFOTS 2.9690 tGradient 1.1750 tsec 4.3540
#FOTS# QuadFit found better minimum quadopt=(dt=11.2,rms=0.479821) vs oldopt=(dt=8,rms=0.479861)
#GCMRL#  496 dt  11.200000 rms  0.480  0.000% neg 0  invalid 762 tFOTS 2.8070 tGradient 1.2020 tsec 4.2280
#GCMRL#  497 dt  11.200000 rms  0.480  0.043% neg 0  invalid 762 tFOTS 0.0000 tGradient 1.1560 tsec 1.3530
#GCMRL#  498 dt  11.200000 rms  0.479  0.026% neg 0  invalid 762 tFOTS 0.0000 tGradient 1.2190 tsec 1.4200
iter 0, gcam->neg = 2
after 1 iterations, nbhd size=0, neg = 0

#GCAMreg# pass 0 level1 3 level2 1 tsec 21.537 sigma 0.5
l_jacobian=1.00 l_label=1.00 l_log_likelihood=0.20 l_smoothness=0.12 
tol=2.50e-01, dt=5.00e-02, exp_k=20.0, momentum=0.90, levels=6, niter=500, lbl_dist=10.00, avgs=16, sigma=0.5,type=2, relabel=0, neg=yes

blurring input image with Gaussian with sigma=0.500...
GCAMRegisterLevel(): init RMS 0.479714
#FOTS# QuadFit found better minimum quadopt=(dt=43.2485,rms=0.475216) vs oldopt=(dt=32,rms=0.475426)
#GCMRL#  500 dt  43.248485 rms  0.475  0.938% neg 0  invalid 762 tFOTS 2.9580 tGradient 1.2670 tsec 4.4360
#FOTS# QuadFit found better minimum quadopt=(dt=21.2577,rms=0.473786) vs oldopt=(dt=32,rms=0.474211)
#GCMRL#  501 dt  21.257683 rms  0.474  0.301% neg 0  invalid 762 tFOTS 2.9200 tGradient 1.1790 tsec 4.3090
#GCMRL#  502 dt  32.000000 rms  0.473  0.000% neg 0  invalid 762 tFOTS 2.9840 tGradient 1.2570 tsec 4.4650
iter 0, gcam->neg = 1
after 6 iterations, nbhd size=1, neg = 0
#GCMRL#  503 dt  32.000000 rms  0.472  0.127% neg 0  invalid 762 tFOTS 0.0000 tGradient 1.2000 tsec 3.1280
#GCMRL#  504 dt  32.000000 rms  0.471  0.386% neg 0  invalid 762 tFOTS 0.0000 tGradient 1.2790 tsec 1.4790
#GCMRL#  505 dt  32.000000 rms  0.470  0.238% neg 0  invalid 762 tFOTS 0.0000 tGradient 1.2030 tsec 1.4020
#GCMRL#  506 dt  32.000000 rms  0.468  0.407% neg 0  invalid 762 tFOTS 0.0000 tGradient 1.1830 tsec 1.3880
iter 0, gcam->neg = 1
after 1 iterations, nbhd size=0, neg = 0
#GCMRL#  507 dt  32.000000 rms  0.466  0.326% neg 0  invalid 762 tFOTS 0.0000 tGradient 1.1880 tsec 2.0720
iter 0, gcam->neg = 1
after 0 iterations, nbhd size=0, neg = 0
#GCMRL#  508 dt  32.000000 rms  0.465  0.188% neg 0  invalid 762 tFOTS 0.0000 tGradient 1.2310 tsec 1.8570
#GCMRL#  509 dt  32.000000 rms  0.464  0.283% neg 0  invalid 762 tFOTS 0.0000 tGradient 1.2460 tsec 1.4510
iter 0, gcam->neg = 5
after 10 iterations, nbhd size=1, neg = 0
#GCMRL#  510 dt  32.000000 rms  0.463  0.188% neg 0  invalid 762 tFOTS 0.0000 tGradient 1.2010 tsec 4.1950
#GCMRL#  511 dt  32.000000 rms  0.463  0.088% neg 0  invalid 762 tFOTS 0.0000 tGradient 1.2080 tsec 1.4080
#GCMRL#  512 dt  32.000000 rms  0.462  0.179% neg 0  invalid 762 tFOTS 0.0000 tGradient 1.2290 tsec 1.4260
#GCMRL#  513 dt  32.000000 rms  0.461  0.126% neg 0  invalid 762 tFOTS 0.0000 tGradient 1.2480 tsec 1.4450
#GCMRL#  514 dt  32.000000 rms  0.461  0.035% neg 0  invalid 762 tFOTS 0.0000 tGradient 1.2830 tsec 1.4910
#GCMRL#  515 dt  32.000000 rms  0.460  0.120% neg 0  invalid 762 tFOTS 0.0000 tGradient 1.2490 tsec 1.4630
iter 0, gcam->neg = 1
after 2 iterations, nbhd size=0, neg = 0
#GCMRL#  516 dt  32.000000 rms  0.460  0.098% neg 0  invalid 762 tFOTS 0.0000 tGradient 1.2720 tsec 2.4040
#FOTS# QuadFit found better minimum quadopt=(dt=11.2,rms=0.459966) vs oldopt=(dt=8,rms=0.459971)
#GCMRL#  517 dt  11.200000 rms  0.460  0.000% neg 0  invalid 762 tFOTS 2.8430 tGradient 1.2190 tsec 4.2710
#GCMRL#  518 dt  11.200000 rms  0.460  0.005% neg 0  invalid 762 tFOTS 0.0000 tGradient 1.2480 tsec 1.4330
#GCMRL#  519 dt  11.200000 rms  0.460  0.008% neg 0  invalid 762 tFOTS 0.0000 tGradient 1.2660 tsec 1.4430
#GCMRL#  520 dt  11.200000 rms  0.460  0.011% neg 0  invalid 762 tFOTS 0.0000 tGradient 1.2240 tsec 1.4170
#GCMRL#  521 dt  11.200000 rms  0.460  0.011% neg 0  invalid 762 tFOTS 0.0000 tGradient 1.2120 tsec 1.3990
setting smoothness cost coefficient to 0.400

#GCAMreg# pass 0 level1 2 level2 0 tsec 0 sigma 2
l_jacobian=1.00 l_label=1.00 l_log_likelihood=0.20 l_smoothness=0.40 
tol=2.50e-01, dt=5.00e-02, exp_k=20.0, momentum=0.90, levels=6, niter=500, lbl_dist=10.00, avgs=4, sigma=2.0,type=2, relabel=0, neg=yes

blurring input image with Gaussian with sigma=2.000...
GCAMRegisterLevel(): init RMS 0.465957
#FOTS# QuadFit found better minimum quadopt=(dt=0.252,rms=0.465731) vs oldopt=(dt=0.18,rms=0.465732)
#GCMRL#  523 dt   0.252000 rms  0.466  0.048% neg 0  invalid 762 tFOTS 2.7910 tGradient 1.1360 tsec 4.1320
#GCMRL#  524 dt   0.180000 rms  0.466  0.000% neg 0  invalid 762 tFOTS 2.7850 tGradient 1.1570 tsec 4.1610

#GCAMreg# pass 0 level1 2 level2 1 tsec 17.539 sigma 0.5
l_jacobian=1.00 l_label=1.00 l_log_likelihood=0.20 l_smoothness=0.40 
tol=2.50e-01, dt=5.00e-02, exp_k=20.0, momentum=0.90, levels=6, niter=500, lbl_dist=10.00, avgs=4, sigma=0.5,type=2, relabel=0, neg=yes

blurring input image with Gaussian with sigma=0.500...
GCAMRegisterLevel(): init RMS 0.465952
#FOTS# QuadFit found better minimum quadopt=(dt=3.33333,rms=0.465544) vs oldopt=(dt=2.88,rms=0.465546)
#GCMRL#  526 dt   3.333333 rms  0.466  0.088% neg 0  invalid 762 tFOTS 2.9510 tGradient 1.1510 tsec 4.3100
#GCMRL#  527 dt   2.880000 rms  0.465  0.000% neg 0  invalid 762 tFOTS 2.9560 tGradient 1.1410 tsec 4.3220
#GCMRL#  528 dt   2.880000 rms  0.465  0.009% neg 0  invalid 762 tFOTS 0.0000 tGradient 1.1100 tsec 1.3070
setting smoothness cost coefficient to 1.000

#GCAMreg# pass 0 level1 1 level2 0 tsec 0 sigma 2
l_jacobian=1.00 l_label=1.00 l_log_likelihood=0.20 l_smoothness=1.00 
tol=2.50e-01, dt=5.00e-02, exp_k=20.0, momentum=0.90, levels=6, niter=500, lbl_dist=10.00, avgs=1, sigma=2.0,type=2, relabel=0, neg=yes

blurring input image with Gaussian with sigma=2.000...
GCAMRegisterLevel(): init RMS 0.474529
#FOTS# QuadFit found better minimum quadopt=(dt=0.448,rms=0.474179) vs oldopt=(dt=0.32,rms=0.474191)
#GCMRL#  530 dt   0.448000 rms  0.474  0.074% neg 0  invalid 762 tFOTS 2.8910 tGradient 0.9480 tsec 4.0500
#FOTS# QuadFit found better minimum quadopt=(dt=0.112,rms=0.474166) vs oldopt=(dt=0.08,rms=0.474168)
#GCMRL#  531 dt   0.112000 rms  0.474  0.000% neg 0  invalid 762 tFOTS 2.9230 tGradient 0.9070 tsec 4.0510
#GCMRL#  532 dt   0.112000 rms  0.474  0.000% neg 0  invalid 762 tFOTS 0.0000 tGradient 0.9170 tsec 1.1210

#GCAMreg# pass 0 level1 1 level2 1 tsec 18.463 sigma 0.5
l_jacobian=1.00 l_label=1.00 l_log_likelihood=0.20 l_smoothness=1.00 
tol=2.50e-01, dt=5.00e-02, exp_k=20.0, momentum=0.90, levels=6, niter=500, lbl_dist=10.00, avgs=1, sigma=0.5,type=2, relabel=0, neg=yes

blurring input image with Gaussian with sigma=0.500...
GCAMRegisterLevel(): init RMS 0.474392
#FOTS# QuadFit found better minimum quadopt=(dt=1.536,rms=0.473507) vs oldopt=(dt=1.28,rms=0.473508)
#GCMRL#  534 dt   1.536000 rms  0.474  0.187% neg 0  invalid 762 tFOTS 2.8800 tGradient 0.9510 tsec 4.0420
#GCMRL#  535 dt   1.280000 rms  0.473  0.000% neg 0  invalid 762 tFOTS 2.8840 tGradient 0.9240 tsec 4.0260
#GCMRL#  536 dt   1.280000 rms  0.473  0.015% neg 0  invalid 762 tFOTS 0.0000 tGradient 0.9140 tsec 1.1170
resetting metric properties...
setting smoothness cost coefficient to 2.000

#GCAMreg# pass 0 level1 0 level2 0 tsec 0 sigma 2
l_jacobian=1.00 l_label=1.00 l_log_likelihood=0.20 l_smoothness=2.00 
tol=2.50e-01, dt=5.00e-02, exp_k=20.0, momentum=0.90, levels=6, niter=500, lbl_dist=10.00, avgs=0, sigma=2.0,type=2, relabel=0, neg=yes

blurring input image with Gaussian with sigma=2.000...
GCAMRegisterLevel(): init RMS 0.466028
#FOTS# QuadFit found better minimum quadopt=(dt=2.06615,rms=0.435281) vs oldopt=(dt=1.28,rms=0.439883)
iter 0, gcam->neg = 554
after 14 iterations, nbhd size=1, neg = 0
#GCMRL#  538 dt   2.066150 rms  0.438  5.959% neg 0  invalid 762 tFOTS 2.8640 tGradient 0.5230 tsec 7.0690
#GCMRL#  539 dt   0.080000 rms  0.438  0.000% neg 0  invalid 762 tFOTS 3.0090 tGradient 0.5300 tsec 3.7600

#GCAMreg# pass 0 level1 0 level2 1 tsec 19.49 sigma 0.5
l_jacobian=1.00 l_label=1.00 l_log_likelihood=0.20 l_smoothness=2.00 
tol=2.50e-01, dt=5.00e-02, exp_k=20.0, momentum=0.90, levels=6, niter=500, lbl_dist=10.00, avgs=0, sigma=0.5,type=2, relabel=0, neg=yes

blurring input image with Gaussian with sigma=0.500...
GCAMRegisterLevel(): init RMS 0.438335
#FOTS# QuadFit found better minimum quadopt=(dt=0.028,rms=0.438002) vs oldopt=(dt=0.02,rms=0.438015)
#GCMRL#  541 dt   0.028000 rms  0.438  0.076% neg 0  invalid 762 tFOTS 3.0170 tGradient 0.4920 tsec 3.7330
#FOTS# QuadFit found better minimum quadopt=(dt=0.024,rms=0.437984) vs oldopt=(dt=0.02,rms=0.437985)
#GCMRL#  542 dt   0.024000 rms  0.438  0.000% neg 0  invalid 762 tFOTS 3.0530 tGradient 0.5100 tsec 3.7900
label assignment complete, 0 changed (0.00%)
GCAMregister done in 4.222 min
Starting GCAMcomputeMaxPriorLabels()
Morphing with label term set to 0 *******************************
Starting GCAMregister()
label assignment complete, 0 changed (0.00%)
npasses = 1, nlevels = 6
#pass# 1 of 1 ************************
enabling zero nodes
setting smoothness cost coefficient to 0.008

#GCAMreg# pass 0 level1 5 level2 0 tsec 0 sigma 2
l_jacobian=1.00 l_log_likelihood=0.20 l_smoothness=0.01 
tol=2.50e-01, dt=5.00e-02, exp_k=20.0, momentum=0.90, levels=6, niter=500, lbl_dist=10.00, avgs=256, sigma=2.0,type=2, relabel=0, neg=yes

blurring input image with Gaussian with sigma=2.000...
GCAMRegisterLevel(): init RMS 0.424337

#GCAMreg# pass 0 level1 5 level2 1 tsec 12.309 sigma 0.5
l_jacobian=1.00 l_log_likelihood=0.20 l_smoothness=0.01 
tol=2.50e-01, dt=5.00e-02, exp_k=20.0, momentum=0.90, levels=6, niter=500, lbl_dist=10.00, avgs=256, sigma=0.5,type=2, relabel=0, neg=yes

blurring input image with Gaussian with sigma=0.500...
GCAMRegisterLevel(): init RMS 0.424337
#FOTS# QuadFit found better minimum quadopt=(dt=18.496,rms=0.42433) vs oldopt=(dt=23.12,rms=0.42433)
#GCMRL#  545 dt  18.496000 rms  0.424  0.002% neg 0  invalid 762 tFOTS 2.6540 tGradient 1.5930 tsec 4.4510
#FOTS# QuadFit found better minimum quadopt=(dt=6.936,rms=0.42433) vs oldopt=(dt=5.78,rms=0.42433)
#GCMRL#  546 dt   6.936000 rms  0.424  0.000% neg 0  invalid 762 tFOTS 2.6630 tGradient 1.6200 tsec 4.4980
setting smoothness cost coefficient to 0.031

#GCAMreg# pass 0 level1 4 level2 0 tsec 0 sigma 2
l_jacobian=1.00 l_log_likelihood=0.20 l_smoothness=0.03 
tol=2.50e-01, dt=5.00e-02, exp_k=20.0, momentum=0.90, levels=6, niter=500, lbl_dist=10.00, avgs=64, sigma=2.0,type=2, relabel=0, neg=yes

blurring input image with Gaussian with sigma=2.000...
GCAMRegisterLevel(): init RMS 0.424493

#GCAMreg# pass 0 level1 4 level2 1 tsec 11.879 sigma 0.5
l_jacobian=1.00 l_log_likelihood=0.20 l_smoothness=0.03 
tol=2.50e-01, dt=5.00e-02, exp_k=20.0, momentum=0.90, levels=6, niter=500, lbl_dist=10.00, avgs=64, sigma=0.5,type=2, relabel=0, neg=yes

blurring input image with Gaussian with sigma=0.500...
GCAMRegisterLevel(): init RMS 0.424493
#FOTS# QuadFit found better minimum quadopt=(dt=36.288,rms=0.42433) vs oldopt=(dt=25.92,rms=0.424353)
#GCMRL#  549 dt  36.288000 rms  0.424  0.038% neg 0  invalid 762 tFOTS 2.5250 tGradient 1.1250 tsec 3.8530
#FOTS# QuadFit found better minimum quadopt=(dt=82.944,rms=0.424177) vs oldopt=(dt=103.68,rms=0.424182)
#GCMRL#  550 dt  82.944000 rms  0.424  0.000% neg 0  invalid 762 tFOTS 2.4540 tGradient 1.1540 tsec 3.8220
#GCMRL#  551 dt  82.944000 rms  0.424  0.021% neg 0  invalid 762 tFOTS 0.0000 tGradient 1.1320 tsec 1.3200
#GCMRL#  552 dt  82.944000 rms  0.424  0.026% neg 0  invalid 762 tFOTS 0.0000 tGradient 1.1290 tsec 1.3080
setting smoothness cost coefficient to 0.118

#GCAMreg# pass 0 level1 3 level2 0 tsec 0 sigma 2
l_jacobian=1.00 l_log_likelihood=0.20 l_smoothness=0.12 
tol=2.50e-01, dt=5.00e-02, exp_k=20.0, momentum=0.90, levels=6, niter=500, lbl_dist=10.00, avgs=16, sigma=2.0,type=2, relabel=0, neg=yes

blurring input image with Gaussian with sigma=2.000...
GCAMRegisterLevel(): init RMS 0.424614
#FOTS# QuadFit found better minimum quadopt=(dt=2.8,rms=0.424576) vs oldopt=(dt=2,rms=0.424582)
#GCMRL#  554 dt   2.800000 rms  0.425  0.009% neg 0  invalid 762 tFOTS 2.7810 tGradient 0.9170 tsec 3.9030
#FOTS# QuadFit found better minimum quadopt=(dt=1.6,rms=0.424568) vs oldopt=(dt=2,rms=0.424568)
#GCMRL#  555 dt   1.600000 rms  0.425  0.000% neg 0  invalid 762 tFOTS 2.7860 tGradient 0.9010 tsec 3.9060

#GCAMreg# pass 0 level1 3 level2 1 tsec 16.668 sigma 0.5
l_jacobian=1.00 l_log_likelihood=0.20 l_smoothness=0.12 
tol=2.50e-01, dt=5.00e-02, exp_k=20.0, momentum=0.90, levels=6, niter=500, lbl_dist=10.00, avgs=16, sigma=0.5,type=2, relabel=0, neg=yes

blurring input image with Gaussian with sigma=0.500...
GCAMRegisterLevel(): init RMS 0.424568
#FOTS# QuadFit found better minimum quadopt=(dt=96,rms=0.422056) vs oldopt=(dt=32,rms=0.422795)
iter 0, gcam->neg = 1
after 7 iterations, nbhd size=1, neg = 0
#GCMRL#  557 dt  96.000000 rms  0.422  0.576% neg 0  invalid 762 tFOTS 2.7840 tGradient 0.9040 tsec 5.8800
#FOTS# QuadFit found better minimum quadopt=(dt=11.2,rms=0.421317) vs oldopt=(dt=8,rms=0.421479)
#GCMRL#  558 dt  11.200000 rms  0.421  0.000% neg 0  invalid 762 tFOTS 2.7740 tGradient 0.8920 tsec 3.8860
#GCMRL#  559 dt  11.200000 rms  0.421  0.065% neg 0  invalid 762 tFOTS 0.0000 tGradient 0.8960 tsec 1.0780
#GCMRL#  560 dt  11.200000 rms  0.421  0.055% neg 0  invalid 762 tFOTS 0.0000 tGradient 0.8880 tsec 1.0710
iter 0, gcam->neg = 2
after 1 iterations, nbhd size=0, neg = 0
#GCMRL#  561 dt  11.200000 rms  0.421  0.035% neg 0  invalid 762 tFOTS 0.0000 tGradient 0.8920 tsec 1.7810
#FOTS# QuadFit found better minimum quadopt=(dt=44.8,rms=0.41997) vs oldopt=(dt=32,rms=0.420054)
#GCMRL#  562 dt  44.800000 rms  0.420  0.165% neg 0  invalid 762 tFOTS 2.7650 tGradient 0.8870 tsec 3.8540
#FOTS# QuadFit found better minimum quadopt=(dt=11.2,rms=0.419845) vs oldopt=(dt=8,rms=0.419868)
setting smoothness cost coefficient to 0.400

#GCAMreg# pass 0 level1 2 level2 0 tsec 0 sigma 2
l_jacobian=1.00 l_log_likelihood=0.20 l_smoothness=0.40 
tol=2.50e-01, dt=5.00e-02, exp_k=20.0, momentum=0.90, levels=6, niter=500, lbl_dist=10.00, avgs=4, sigma=2.0,type=2, relabel=0, neg=yes

blurring input image with Gaussian with sigma=2.000...
GCAMRegisterLevel(): init RMS 0.422686
#FOTS# QuadFit found better minimum quadopt=(dt=2,rms=0.422616) vs oldopt=(dt=2.88,rms=0.422637)
iter 0, gcam->neg = 1
after 1 iterations, nbhd size=0, neg = 0
#GCMRL#  564 dt   2.000000 rms  0.423  0.016% neg 0  invalid 762 tFOTS 2.8640 tGradient 0.7810 tsec 4.5080
#GCMRL#  565 dt   0.180000 rms  0.423  0.000% neg 0  invalid 762 tFOTS 2.6330 tGradient 0.7750 tsec 3.6270

#GCAMreg# pass 0 level1 2 level2 1 tsec 16.998 sigma 0.5
l_jacobian=1.00 l_log_likelihood=0.20 l_smoothness=0.40 
tol=2.50e-01, dt=5.00e-02, exp_k=20.0, momentum=0.90, levels=6, niter=500, lbl_dist=10.00, avgs=4, sigma=0.5,type=2, relabel=0, neg=yes

blurring input image with Gaussian with sigma=0.500...
GCAMRegisterLevel(): init RMS 0.422618
#FOTS# QuadFit found better minimum quadopt=(dt=25.3968,rms=0.42018) vs oldopt=(dt=11.52,rms=0.420901)
iter 0, gcam->neg = 5
after 2 iterations, nbhd size=0, neg = 0
#GCMRL#  567 dt  25.396825 rms  0.420  0.571% neg 0  invalid 762 tFOTS 2.7710 tGradient 0.7820 tsec 4.6460
#FOTS# QuadFit found better minimum quadopt=(dt=11.4568,rms=0.418973) vs oldopt=(dt=11.52,rms=0.418973)
iter 0, gcam->neg = 1
after 0 iterations, nbhd size=0, neg = 0
#GCMRL#  568 dt  11.456790 rms  0.419  0.293% neg 0  invalid 762 tFOTS 2.7820 tGradient 0.7860 tsec 4.2160
#FOTS# QuadFit found better minimum quadopt=(dt=4.032,rms=0.418886) vs oldopt=(dt=2.88,rms=0.418892)
#GCMRL#  569 dt   4.032000 rms  0.419  0.000% neg 0  invalid 762 tFOTS 2.8000 tGradient 0.7810 tsec 3.7990
#GCMRL#  570 dt   4.032000 rms  0.419  0.021% neg 0  invalid 762 tFOTS 0.0000 tGradient 0.7830 tsec 0.9650
#GCMRL#  571 dt   4.032000 rms  0.419  0.030% neg 0  invalid 762 tFOTS 0.0000 tGradient 0.7880 tsec 0.9780
iter 0, gcam->neg = 2
after 0 iterations, nbhd size=0, neg = 0
#GCMRL#  572 dt   4.032000 rms  0.419  0.038% neg 0  invalid 762 tFOTS 0.0000 tGradient 0.7850 tsec 1.4130
#GCMRL#  573 dt   4.032000 rms  0.418  0.051% neg 0  invalid 762 tFOTS 0.0000 tGradient 0.7840 tsec 0.9790
iter 0, gcam->neg = 1
after 2 iterations, nbhd size=0, neg = 0
#GCMRL#  574 dt   4.032000 rms  0.418  0.052% neg 0  invalid 762 tFOTS 0.0000 tGradient 0.7930 tsec 1.8870
iter 0, gcam->neg = 3
after 0 iterations, nbhd size=0, neg = 0
#GCMRL#  575 dt   4.032000 rms  0.418  0.046% neg 0  invalid 762 tFOTS 0.0000 tGradient 0.7830 tsec 1.3910
iter 0, gcam->neg = 3
after 1 iterations, nbhd size=0, neg = 0
#GCMRL#  576 dt   4.032000 rms  0.418  0.038% neg 0  invalid 762 tFOTS 0.0000 tGradient 0.7810 tsec 1.6160
#FOTS# QuadFit found better minimum quadopt=(dt=13.824,rms=0.417641) vs oldopt=(dt=11.52,rms=0.417642)
iter 0, gcam->neg = 2
after 0 iterations, nbhd size=0, neg = 0
setting smoothness cost coefficient to 1.000

#GCAMreg# pass 0 level1 1 level2 0 tsec 0 sigma 2
l_jacobian=1.00 l_log_likelihood=0.20 l_smoothness=1.00 
tol=2.50e-01, dt=5.00e-02, exp_k=20.0, momentum=0.90, levels=6, niter=500, lbl_dist=10.00, avgs=1, sigma=2.0,type=2, relabel=0, neg=yes

blurring input image with Gaussian with sigma=2.000...
GCAMRegisterLevel(): init RMS 0.423765
#FOTS# QuadFit found better minimum quadopt=(dt=4e-05,rms=0.423765) vs oldopt=(dt=5e-05,rms=0.423765)
#GCMRL#  578 dt   0.000040 rms  0.424  0.000% neg 0  invalid 762 tFOTS 3.6970 tGradient 0.6260 tsec 4.5380

#GCAMreg# pass 0 level1 1 level2 1 tsec 16.727 sigma 0.5
l_jacobian=1.00 l_log_likelihood=0.20 l_smoothness=1.00 
tol=2.50e-01, dt=5.00e-02, exp_k=20.0, momentum=0.90, levels=6, niter=500, lbl_dist=10.00, avgs=1, sigma=0.5,type=2, relabel=0, neg=yes

blurring input image with Gaussian with sigma=0.500...
GCAMRegisterLevel(): init RMS 0.423765
resetting metric properties...
setting smoothness cost coefficient to 2.000

#GCAMreg# pass 0 level1 0 level2 0 tsec 0 sigma 2
l_jacobian=1.00 l_log_likelihood=0.20 l_smoothness=2.00 
tol=2.50e-01, dt=5.00e-02, exp_k=20.0, momentum=0.90, levels=6, niter=500, lbl_dist=10.00, avgs=0, sigma=2.0,type=2, relabel=0, neg=yes

blurring input image with Gaussian with sigma=2.000...
GCAMRegisterLevel(): init RMS 0.413514
#FOTS# QuadFit found better minimum quadopt=(dt=0.979196,rms=0.407127) vs oldopt=(dt=1.28,rms=0.407755)
iter 0, gcam->neg = 268
after 15 iterations, nbhd size=1, neg = 0
#GCMRL#  581 dt   0.979196 rms  0.409  1.161% neg 0  invalid 762 tFOTS 2.7470 tGradient 0.1960 tsec 7.2100
#FOTS# QuadFit found better minimum quadopt=(dt=0.064,rms=0.408649) vs oldopt=(dt=0.08,rms=0.408651)
#GCMRL#  582 dt   0.064000 rms  0.409  0.000% neg 0  invalid 762 tFOTS 2.7460 tGradient 0.1990 tsec 3.1700
#GCMRL#  583 dt   0.064000 rms  0.409  0.004% neg 0  invalid 762 tFOTS 0.0000 tGradient 0.1950 tsec 0.3950

#GCAMreg# pass 0 level1 0 level2 1 tsec 19.717 sigma 0.5
l_jacobian=1.00 l_log_likelihood=0.20 l_smoothness=2.00 
tol=2.50e-01, dt=5.00e-02, exp_k=20.0, momentum=0.90, levels=6, niter=500, lbl_dist=10.00, avgs=0, sigma=0.5,type=2, relabel=0, neg=yes

blurring input image with Gaussian with sigma=0.500...
GCAMRegisterLevel(): init RMS 0.408633
#FOTS# QuadFit found better minimum quadopt=(dt=0.384,rms=0.407464) vs oldopt=(dt=0.32,rms=0.407483)
#GCMRL#  585 dt   0.384000 rms  0.407  0.286% neg 0  invalid 762 tFOTS 2.7860 tGradient 0.1950 tsec 3.1810
#FOTS# QuadFit found better minimum quadopt=(dt=0.448,rms=0.406291) vs oldopt=(dt=0.32,rms=0.406479)
iter 0, gcam->neg = 2
after 3 iterations, nbhd size=0, neg = 0
#GCMRL#  586 dt   0.448000 rms  0.406  0.281% neg 0  invalid 762 tFOTS 2.8260 tGradient 0.1910 tsec 4.3770
#GCMRL#  587 dt   0.320000 rms  0.406  0.000% neg 0  invalid 762 tFOTS 2.8380 tGradient 0.1970 tsec 3.2520
#GCMRL#  588 dt   0.320000 rms  0.405  0.117% neg 0  invalid 762 tFOTS 0.0000 tGradient 0.1920 tsec 0.3770
#GCMRL#  589 dt   0.320000 rms  0.405  0.113% neg 0  invalid 762 tFOTS 0.0000 tGradient 0.1980 tsec 0.3980
iter 0, gcam->neg = 4
after 1 iterations, nbhd size=0, neg = 0
#GCMRL#  590 dt   0.320000 rms  0.405  0.063% neg 0  invalid 762 tFOTS 0.0000 tGradient 0.1980 tsec 1.0790
#FOTS# QuadFit found better minimum quadopt=(dt=0.192,rms=0.404578) vs oldopt=(dt=0.32,rms=0.404606)
GCAMregister done in 3.16598 min
writing output transformation to transforms/talairach.m3z...
GCAMwrite
Calls to gcamLogLikelihoodEnergy 4010 tmin = 0.892533
Calls to gcamLabelEnergy         3406 tmin = 0.637333
Calls to gcamJacobianEnergy      4010 tmin = 0.57405
Calls to gcamSmoothnessEnergy    4010 tmin = 2.77987
Calls to gcamLogLikelihoodTerm 592 tmin = 0.4081
Calls to gcamLabelTerm         544 tmin = 4.35365
Calls to gcamJacobianTerm      592 tmin = 0.578683
Calls to gcamSmoothnessTerm    592 tmin = 0.266567
Calls to gcamComputeGradient    592 tmin = 13.637
Calls to gcamComputeMetricProperties    5569 tmin = 1.33883
mri_ca_register took 0 hours, 30 minutes and 39 seconds.
#VMPC# mri_ca_register VmPeak  3253744
FSRUNTIME@ mri_ca_register  0.5110 hours 16 threads
#--------------------------------------
#@# SubCort Seg Mon Mar  9 23:08:05 CET 2026

 mri_ca_label -relabel_unlikely 9 .3 -prior 0.5 -align norm.mgz transforms/talairach.m3z /opt/freesurfer/average/RB_all_2020-01-02.gca aseg.auto_noCCseg.mgz 

sysname  Linux
hostname dna065
machine  x86_64

setenv SUBJECTS_DIR /out/sourcedata/freesurfer
cd /out/sourcedata/freesurfer/sub-v1s2x0051479_ses-1/mri
mri_ca_label -relabel_unlikely 9 .3 -prior 0.5 -align norm.mgz transforms/talairach.m3z /opt/freesurfer/average/RB_all_2020-01-02.gca aseg.auto_noCCseg.mgz 

relabeling unlikely voxels with window_size = 9 and prior threshold 0.30
using Gibbs prior factor = 0.500
renormalizing sequences with structure alignment, equivalent to:
	-renormalize
	-renormalize_mean 0.500
	-regularize 0.500

== Number of threads available to for OpenMP = 16 == 
reading 1 input volumes
reading classifier array from /opt/freesurfer/average/RB_all_2020-01-02.gca
reading input volume from norm.mgz
average std[0] = 7.2
reading transform from transforms/talairach.m3z
setting orig areas to linear transform determinant scaled 6.54
Atlas used for the 3D morph was /opt/freesurfer/average/RB_all_2020-01-02.gca
average std = 7.2   using min determinant for regularization = 5.2
0 singular and 0 ill-conditioned covariance matrices regularized
labeling volume...
renormalizing by structure alignment....
renormalizing input #0
gca peak = 0.15521 (20)
mri peak = 0.24729 (32)
Left_Lateral_Ventricle (4): linear fit = 1.53 x + 0.0 (2733 voxels, overlap=0.070)
Left_Lateral_Ventricle (4): linear fit = 1.50 x + 0.0 (2733 voxels, peak = 31), gca=30.0
gca peak = 0.20380 (13)
mri peak = 0.23454 (32)
Right_Lateral_Ventricle (43): linear fit = 2.38 x + 0.0 (2611 voxels, overlap=0.063)
Right_Lateral_Ventricle (43): linear fit = 1.50 x + 0.0 (2611 voxels, peak = 31), gca=19.5
gca peak = 0.26283 (96)
mri peak = 0.21949 (103)
Right_Pallidum (52): linear fit = 1.08 x + 0.0 (888 voxels, overlap=0.025)
Right_Pallidum (52): linear fit = 1.08 x + 0.0 (888 voxels, peak = 103), gca=103.2
gca peak = 0.15814 (97)
mri peak = 0.26499 (104)
Left_Pallidum (13): linear fit = 1.08 x + 0.0 (721 voxels, overlap=0.012)
Left_Pallidum (13): linear fit = 1.08 x + 0.0 (721 voxels, peak = 104), gca=104.3
gca peak = 0.27624 (56)
mri peak = 0.18663 (77)
Right_Hippocampus (53): linear fit = 1.37 x + 0.0 (1162 voxels, overlap=0.016)
Right_Hippocampus (53): linear fit = 1.37 x + 0.0 (1162 voxels, peak = 76), gca=76.4
gca peak = 0.28723 (59)
mri peak = 0.20231 (77)
Left_Hippocampus (17): linear fit = 1.36 x + 0.0 (993 voxels, overlap=0.015)
Left_Hippocampus (17): linear fit = 1.36 x + 0.0 (993 voxels, peak = 80), gca=79.9
gca peak = 0.07623 (103)
mri peak = 0.08876 (100)
Right_Cerebral_White_Matter (41): linear fit = 1.03 x + 0.0 (41759 voxels, overlap=0.713)
Right_Cerebral_White_Matter (41): linear fit = 1.03 x + 0.0 (41759 voxels, peak = 107), gca=106.6
gca peak = 0.07837 (105)
mri peak = 0.08507 (99)
Left_Cerebral_White_Matter (2): linear fit = 1.01 x + 0.0 (40414 voxels, overlap=0.711)
Left_Cerebral_White_Matter (2): linear fit = 1.01 x + 0.0 (40414 voxels, peak = 107), gca=106.6
gca peak = 0.10165 (58)
mri peak = 0.05210 (82)
Left_Cerebral_Cortex (3): linear fit = 1.41 x + 0.0 (27880 voxels, overlap=0.000)
Left_Cerebral_Cortex (3): linear fit = 1.41 x + 0.0 (27880 voxels, peak = 82), gca=82.1
gca peak = 0.11113 (58)
mri peak = 0.05161 (84)
Right_Cerebral_Cortex (42): linear fit = 1.41 x + 0.0 (26791 voxels, overlap=0.000)
Right_Cerebral_Cortex (42): linear fit = 1.41 x + 0.0 (26791 voxels, peak = 82), gca=82.1
gca peak = 0.27796 (67)
mri peak = 0.19893 (94)
Right_Caudate (50): linear fit = 1.37 x + 0.0 (1112 voxels, overlap=0.013)
Right_Caudate (50): linear fit = 1.37 x + 0.0 (1112 voxels, peak = 91), gca=91.5
gca peak = 0.14473 (69)
mri peak = 0.24503 (91)
Left_Caudate (11): linear fit = 1.17 x + 0.0 (1257 voxels, overlap=0.013)
Left_Caudate (11): linear fit = 1.17 x + 0.0 (1257 voxels, peak = 81), gca=81.1
gca peak = 0.14301 (56)
mri peak = 0.08807 (82)
Left_Cerebellum_Cortex (8): linear fit = 1.47 x + 0.0 (30906 voxels, overlap=0.001)
Left_Cerebellum_Cortex (8): linear fit = 1.47 x + 0.0 (30906 voxels, peak = 82), gca=82.0
gca peak = 0.14610 (55)
mri peak = 0.07315 (83)
Right_Cerebellum_Cortex (47): linear fit = 1.47 x + 0.0 (30176 voxels, overlap=0.001)
Right_Cerebellum_Cortex (47): linear fit = 1.47 x + 0.0 (30176 voxels, peak = 81), gca=80.6
gca peak = 0.16309 (85)
mri peak = 0.12450 (97)
Left_Cerebellum_White_Matter (7): linear fit = 1.14 x + 0.0 (6546 voxels, overlap=0.003)
Left_Cerebellum_White_Matter (7): linear fit = 1.14 x + 0.0 (6546 voxels, peak = 97), gca=97.3
gca peak = 0.15172 (84)
mri peak = 0.14086 (98)
Right_Cerebellum_White_Matter (46): linear fit = 1.14 x + 0.0 (5732 voxels, overlap=0.003)
Right_Cerebellum_White_Matter (46): linear fit = 1.14 x + 0.0 (5732 voxels, peak = 96), gca=96.2
gca peak = 0.30461 (58)
mri peak = 0.13668 (78)
Left_Amygdala (18): linear fit = 1.33 x + 0.0 (496 voxels, overlap=0.045)
Left_Amygdala (18): linear fit = 1.33 x + 0.0 (496 voxels, peak = 77), gca=76.9
gca peak = 0.32293 (57)
mri peak = 0.12727 (77)
Right_Amygdala (54): linear fit = 1.33 x + 0.0 (495 voxels, overlap=0.040)
Right_Amygdala (54): linear fit = 1.33 x + 0.0 (495 voxels, peak = 76), gca=75.5
gca peak = 0.11083 (90)
mri peak = 0.11928 (100)
Left_Thalamus (10): linear fit = 1.13 x + 0.0 (5268 voxels, overlap=0.089)
Left_Thalamus (10): linear fit = 1.13 x + 0.0 (5268 voxels, peak = 102), gca=102.2
gca peak = 0.11393 (83)
mri peak = 0.12273 (100)
Right_Thalamus (49): linear fit = 1.17 x + 0.0 (4531 voxels, overlap=0.011)
Right_Thalamus (49): linear fit = 1.17 x + 0.0 (4531 voxels, peak = 98), gca=97.5
gca peak = 0.08575 (81)
mri peak = 0.18602 (98)
Left_Putamen (12): linear fit = 1.20 x + 0.0 (1728 voxels, overlap=0.011)
Left_Putamen (12): linear fit = 1.20 x + 0.0 (1728 voxels, peak = 97), gca=96.8
gca peak = 0.08618 (78)
mri peak = 0.15424 (96)
Right_Putamen (51): linear fit = 1.21 x + 0.0 (1744 voxels, overlap=0.011)
Right_Putamen (51): linear fit = 1.21 x + 0.0 (1744 voxels, peak = 94), gca=94.0
gca peak = 0.08005 (78)
mri peak = 0.07547 (96)
Brain_Stem (16): linear fit = 1.14 x + 0.0 (11087 voxels, overlap=0.299)
Brain_Stem (16): linear fit = 1.14 x + 0.0 (11087 voxels, peak = 89), gca=89.3
gca peak = 0.12854 (88)
mri peak = 0.12323 (100)
Right_VentralDC (60): linear fit = 1.15 x + 0.0 (1559 voxels, overlap=0.012)
Right_VentralDC (60): linear fit = 1.15 x + 0.0 (1559 voxels, peak = 102), gca=101.6
gca peak = 0.15703 (87)
mri peak = 0.11427 (100)
Left_VentralDC (28): linear fit = 1.13 x + 0.0 (1552 voxels, overlap=0.008)
Left_VentralDC (28): linear fit = 1.13 x + 0.0 (1552 voxels, peak = 99), gca=98.7
gca peak = 0.17522 (25)
mri peak = 0.41316 (36)
Third_Ventricle (14): linear fit = 1.35 x + 0.0 (73 voxels, overlap=0.023)
Third_Ventricle (14): linear fit = 1.35 x + 0.0 (73 voxels, peak = 34), gca=33.6
gca peak = 0.17113 (14)
mri peak = 0.36958 (33)
Fourth_Ventricle (15): linear fit = 2.21 x + 0.0 (361 voxels, overlap=0.034)
Fourth_Ventricle (15): linear fit = 2.21 x + 0.0 (361 voxels, peak = 31), gca=31.0
gca peak Unknown = 0.94777 ( 0)
gca peak Left_Inf_Lat_Vent = 0.16627 (28)
gca peak Fourth_Ventricle = 0.17113 (14)
gca peak CSF = 0.20346 (36)
gca peak Left_Accumbens_area = 0.70646 (62)
gca peak Left_undetermined = 1.00000 (28)
gca peak Left_vessel = 0.89917 (53)
gca peak Left_choroid_plexus = 0.11689 (35)
gca peak Right_Inf_Lat_Vent = 0.25504 (23)
gca peak Right_Accumbens_area = 0.31650 (65)
gca peak Right_vessel = 0.77268 (52)
gca peak Right_choroid_plexus = 0.13275 (38)
gca peak Fifth_Ventricle = 0.60973 (33)
gca peak WM_hypointensities = 0.11013 (77)
gca peak non_WM_hypointensities = 0.11354 (41)
gca peak Optic_Chiasm = 0.51646 (76)
not using caudate to estimate GM means
estimating mean gm scale to be 1.37 x + 0.0
estimating mean wm scale to be 1.02 x + 0.0
estimating mean csf scale to be 1.45 x + 0.0
Left_Putamen too bright - rescaling by 0.991 (from 1.195) to 95.9 (was 96.8)
Left_Pallidum too bright - rescaling by 0.992 (from 1.075) to 103.4 (was 104.3)
saving intensity scales to aseg.auto_noCCseg.label_intensities.txt
renormalizing by structure alignment....
renormalizing input #0
gca peak = 0.14064 (28)
mri peak = 0.24729 (32)
Left_Lateral_Ventricle (4): linear fit = 0.99 x + 0.0 (2733 voxels, overlap=0.600)
Left_Lateral_Ventricle (4): linear fit = 0.99 x + 0.0 (2733 voxels, peak = 28), gca=27.6
gca peak = 0.16931 (19)
mri peak = 0.23454 (32)
Right_Lateral_Ventricle (43): linear fit = 1.55 x + 0.0 (2611 voxels, overlap=0.225)
Right_Lateral_Ventricle (43): linear fit = 1.50 x + 0.0 (2611 voxels, peak = 30), gca=28.5
gca peak = 0.24848 (103)
mri peak = 0.21949 (103)
Right_Pallidum (52): linear fit = 1.00 x + 0.0 (888 voxels, overlap=0.999)
Right_Pallidum (52): linear fit = 1.00 x + 0.0 (888 voxels, peak = 103), gca=103.0
gca peak = 0.15625 (101)
mri peak = 0.26499 (104)
Left_Pallidum (13): linear fit = 1.00 x + 0.0 (721 voxels, overlap=0.735)
Left_Pallidum (13): linear fit = 1.00 x + 0.0 (721 voxels, peak = 102), gca=101.5
gca peak = 0.24794 (76)
mri peak = 0.18663 (77)
Right_Hippocampus (53): linear fit = 1.00 x + 0.0 (1162 voxels, overlap=0.944)
Right_Hippocampus (53): linear fit = 1.00 x + 0.0 (1162 voxels, peak = 76), gca=76.0
gca peak = 0.24369 (76)
mri peak = 0.20231 (77)
Left_Hippocampus (17): linear fit = 1.00 x + 0.0 (993 voxels, overlap=0.969)
Left_Hippocampus (17): linear fit = 1.00 x + 0.0 (993 voxels, peak = 76), gca=76.0
gca peak = 0.07631 (107)
mri peak = 0.08876 (100)
Right_Cerebral_White_Matter (41): linear fit = 1.00 x + 0.0 (41759 voxels, overlap=0.811)
Right_Cerebral_White_Matter (41): linear fit = 1.00 x + 0.0 (41759 voxels, peak = 106), gca=106.5
gca peak = 0.07852 (106)
mri peak = 0.08507 (99)
Left_Cerebral_White_Matter (2): linear fit = 1.00 x + 0.0 (40414 voxels, overlap=0.776)
Left_Cerebral_White_Matter (2): linear fit = 1.00 x + 0.0 (40414 voxels, peak = 106), gca=106.0
gca peak = 0.06906 (82)
mri peak = 0.05210 (82)
Left_Cerebral_Cortex (3): linear fit = 1.00 x + 0.0 (27880 voxels, overlap=0.966)
Left_Cerebral_Cortex (3): linear fit = 1.00 x + 0.0 (27880 voxels, peak = 82), gca=82.0
gca peak = 0.08066 (82)
mri peak = 0.05161 (84)
Right_Cerebral_Cortex (42): linear fit = 0.99 x + 0.0 (26791 voxels, overlap=0.947)
Right_Cerebral_Cortex (42): linear fit = 0.99 x + 0.0 (26791 voxels, peak = 81), gca=80.8
gca peak = 0.19760 (91)
mri peak = 0.19893 (94)
Right_Caudate (50): linear fit = 0.99 x + 0.0 (1112 voxels, overlap=0.991)
Right_Caudate (50): linear fit = 0.99 x + 0.0 (1112 voxels, peak = 90), gca=89.6
gca peak = 0.15454 (81)
mri peak = 0.24503 (91)
Left_Caudate (11): linear fit = 0.99 x + 0.0 (1257 voxels, overlap=0.583)
Left_Caudate (11): linear fit = 0.99 x + 0.0 (1257 voxels, peak = 80), gca=79.8
gca peak = 0.09369 (80)
mri peak = 0.08807 (82)
Left_Cerebellum_Cortex (8): linear fit = 1.00 x + 0.0 (30906 voxels, overlap=0.913)
Left_Cerebellum_Cortex (8): linear fit = 1.00 x + 0.0 (30906 voxels, peak = 80), gca=80.0
gca peak = 0.11007 (81)
mri peak = 0.07315 (83)
Right_Cerebellum_Cortex (47): linear fit = 1.00 x + 0.0 (30176 voxels, overlap=0.930)
Right_Cerebellum_Cortex (47): linear fit = 1.00 x + 0.0 (30176 voxels, peak = 81), gca=81.0
gca peak = 0.14795 (97)
mri peak = 0.12450 (97)
Left_Cerebellum_White_Matter (7): linear fit = 1.00 x + 0.0 (6546 voxels, overlap=0.888)
Left_Cerebellum_White_Matter (7): linear fit = 1.00 x + 0.0 (6546 voxels, peak = 97), gca=97.0
gca peak = 0.14270 (96)
mri peak = 0.14086 (98)
Right_Cerebellum_White_Matter (46): linear fit = 1.00 x + 0.0 (5732 voxels, overlap=0.888)
Right_Cerebellum_White_Matter (46): linear fit = 1.00 x + 0.0 (5732 voxels, peak = 96), gca=95.5
gca peak = 0.29522 (77)
mri peak = 0.13668 (78)
Left_Amygdala (18): linear fit = 0.99 x + 0.0 (496 voxels, overlap=0.998)
Left_Amygdala (18): linear fit = 0.99 x + 0.0 (496 voxels, peak = 76), gca=75.8
gca peak = 0.26358 (75)
mri peak = 0.12727 (77)
Right_Amygdala (54): linear fit = 1.01 x + 0.0 (495 voxels, overlap=1.000)
Right_Amygdala (54): linear fit = 1.01 x + 0.0 (495 voxels, peak = 76), gca=76.1
gca peak = 0.10441 (100)
mri peak = 0.11928 (100)
Left_Thalamus (10): linear fit = 0.99 x + 0.0 (5268 voxels, overlap=0.836)
Left_Thalamus (10): linear fit = 0.99 x + 0.0 (5268 voxels, peak = 98), gca=98.5
gca peak = 0.10247 (95)
mri peak = 0.12273 (100)
Right_Thalamus (49): linear fit = 1.00 x + 0.0 (4531 voxels, overlap=0.855)
Right_Thalamus (49): linear fit = 1.00 x + 0.0 (4531 voxels, peak = 95), gca=94.5
gca peak = 0.08157 (96)
mri peak = 0.18602 (98)
Left_Putamen (12): linear fit = 1.03 x + 0.0 (1728 voxels, overlap=0.683)
Left_Putamen (12): linear fit = 1.03 x + 0.0 (1728 voxels, peak = 99), gca=99.4
gca peak = 0.07914 (93)
mri peak = 0.15424 (96)
Right_Putamen (51): linear fit = 1.02 x + 0.0 (1744 voxels, overlap=0.625)
Right_Putamen (51): linear fit = 1.02 x + 0.0 (1744 voxels, peak = 95), gca=95.3
gca peak = 0.08504 (90)
mri peak = 0.07547 (96)
Brain_Stem (16): linear fit = 1.02 x + 0.0 (11087 voxels, overlap=0.849)
Brain_Stem (16): linear fit = 1.02 x + 0.0 (11087 voxels, peak = 92), gca=92.2
gca peak = 0.09099 (104)
mri peak = 0.12323 (100)
Right_VentralDC (60): linear fit = 1.00 x + 0.0 (1559 voxels, overlap=0.786)
Right_VentralDC (60): linear fit = 1.00 x + 0.0 (1559 voxels, peak = 104), gca=104.0
gca peak = 0.14991 (97)
mri peak = 0.11427 (100)
Left_VentralDC (28): linear fit = 1.00 x + 0.0 (1552 voxels, overlap=0.842)
Left_VentralDC (28): linear fit = 1.00 x + 0.0 (1552 voxels, peak = 97), gca=97.5
gca peak = 0.14264 (35)
mri peak = 0.41316 (36)
Third_Ventricle (14): linear fit = 1.00 x + 0.0 (73 voxels, overlap=0.531)
Third_Ventricle (14): linear fit = 1.00 x + 0.0 (73 voxels, peak = 35), gca=35.0
gca peak = 0.16433 (23)
mri peak = 0.36958 (33)
Fourth_Ventricle (15): linear fit = 1.40 x + 0.0 (361 voxels, overlap=0.091)
Fourth_Ventricle (15): linear fit = 1.40 x + 0.0 (361 voxels, peak = 32), gca=32.3
gca peak Unknown = 0.94777 ( 0)
gca peak Left_Inf_Lat_Vent = 0.14854 (37)
gca peak CSF = 0.16483 (52)
gca peak Left_Accumbens_area = 0.40591 (73)
gca peak Left_undetermined = 0.98480 (34)
gca peak Left_vessel = 0.63642 (53)
gca peak Left_choroid_plexus = 0.11039 (35)
gca peak Right_Inf_Lat_Vent = 0.16591 (31)
gca peak Right_Accumbens_area = 0.31937 (88)
gca peak Right_vessel = 0.77268 (52)
gca peak Right_choroid_plexus = 0.13916 (38)
gca peak Fifth_Ventricle = 0.59466 (46)
gca peak WM_hypointensities = 0.09766 (78)
gca peak non_WM_hypointensities = 0.10871 (42)
gca peak Optic_Chiasm = 0.66120 (76)
not using caudate to estimate GM means
estimating mean gm scale to be 1.00 x + 0.0
estimating mean wm scale to be 1.00 x + 0.0
estimating mean csf scale to be 1.22 x + 0.0
Left_Putamen too bright - rescaling by 0.962 (from 1.035) to 95.6 (was 99.4)
Right_Pallidum too bright - rescaling by 1.000 (from 1.000) to 103.0 (was 103.0)
saving intensity scales to aseg.auto_noCCseg.label_intensities.txt
saving sequentially combined intensity scales to aseg.auto_noCCseg.label_intensities.txt
53191 voxels changed in iteration 0 of unlikely voxel relabeling
107 voxels changed in iteration 1 of unlikely voxel relabeling
0 voxels changed in iteration 2 of unlikely voxel relabeling
92159 gm and wm labels changed (%34 to gray, %66 to white out of all changed labels)
556 hippocampal voxels changed.
0 amygdala voxels changed.
Reclassifying using Gibbs Priors
pass 1: 67848 changed. image ll: -2.073, PF=0.500
pass 2: 18371 changed. image ll: -2.072, PF=0.500
pass 3: 6058 changed.
pass 4: 2362 changed.
69544 voxels changed in iteration 0 of unlikely voxel relabeling
480 voxels changed in iteration 1 of unlikely voxel relabeling
21 voxels changed in iteration 2 of unlikely voxel relabeling
0 voxels changed in iteration 3 of unlikely voxel relabeling
5382 voxels changed in iteration 0 of unlikely voxel relabeling
58 voxels changed in iteration 1 of unlikely voxel relabeling
1 voxels changed in iteration 2 of unlikely voxel relabeling
0 voxels changed in iteration 3 of unlikely voxel relabeling
4478 voxels changed in iteration 0 of unlikely voxel relabeling
61 voxels changed in iteration 1 of unlikely voxel relabeling
2 voxels changed in iteration 2 of unlikely voxel relabeling
2 voxels changed in iteration 3 of unlikely voxel relabeling
0 voxels changed in iteration 4 of unlikely voxel relabeling
4365 voxels changed in iteration 0 of unlikely voxel relabeling
18 voxels changed in iteration 1 of unlikely voxel relabeling
2 voxels changed in iteration 2 of unlikely voxel relabeling
0 voxels changed in iteration 3 of unlikely voxel relabeling
 !!!!!!!!! ventricle segment 1 with volume 9536 above threshold 100 - not erasing !!!!!!!!!!
 !!!!!!!!! ventricle segment 1 with volume 103 above threshold 100 - not erasing !!!!!!!!!!
 !!!!!!!!! ventricle segment 2 with volume 9655 above threshold 100 - not erasing !!!!!!!!!!
 !!!!!!!!! ventricle segment 3 with volume 116 above threshold 100 - not erasing !!!!!!!!!!
writing labeled volume to aseg.auto_noCCseg.mgz
mri_ca_label utimesec    1865.572616
mri_ca_label stimesec    4.325140
mri_ca_label ru_maxrss   2120380
mri_ca_label ru_ixrss    0
mri_ca_label ru_idrss    0
mri_ca_label ru_isrss    0
mri_ca_label ru_minflt   3566114
mri_ca_label ru_majflt   17
mri_ca_label ru_nswap    0
mri_ca_label ru_inblock  1142
mri_ca_label ru_oublock  616
mri_ca_label ru_msgsnd   0
mri_ca_label ru_msgrcv   0
mri_ca_label ru_nsignals 0
mri_ca_label ru_nvcsw    4528
mri_ca_label ru_nivcsw   10510
auto-labeling took 29 minutes and 43 seconds.
#--------------------------------------
#@# CC Seg Mon Mar  9 23:37:48 CET 2026

 mri_cc -aseg aseg.auto_noCCseg.mgz -o aseg.auto.mgz -lta /out/sourcedata/freesurfer/sub-v1s2x0051479_ses-1/mri/transforms/cc_up.lta sub-v1s2x0051479_ses-1 

will read input aseg from aseg.auto_noCCseg.mgz
writing aseg with cc labels to aseg.auto.mgz
will write lta as /out/sourcedata/freesurfer/sub-v1s2x0051479_ses-1/mri/transforms/cc_up.lta
reading aseg from /out/sourcedata/freesurfer/sub-v1s2x0051479_ses-1/mri/aseg.auto_noCCseg.mgz
reading norm from /out/sourcedata/freesurfer/sub-v1s2x0051479_ses-1/mri/norm.mgz
21050 voxels in left wm, 48771 in right wm, xrange [123, 131]
searching rotation angles z=[-6  8], y=[-8  6]
searching scale 1 Z rot -5.7  searching scale 1 Z rot -5.4  searching scale 1 Z rot -5.2  searching scale 1 Z rot -4.9  searching scale 1 Z rot -4.7  searching scale 1 Z rot -4.4  searching scale 1 Z rot -4.2  searching scale 1 Z rot -3.9  searching scale 1 Z rot -3.7  searching scale 1 Z rot -3.4  searching scale 1 Z rot -3.2  searching scale 1 Z rot -2.9  searching scale 1 Z rot -2.7  searching scale 1 Z rot -2.4  searching scale 1 Z rot -2.2  searching scale 1 Z rot -1.9  searching scale 1 Z rot -1.7  searching scale 1 Z rot -1.4  searching scale 1 Z rot -1.2  searching scale 1 Z rot -0.9  searching scale 1 Z rot -0.7  searching scale 1 Z rot -0.4  searching scale 1 Z rot -0.2  searching scale 1 Z rot 0.1  searching scale 1 Z rot 0.3  searching scale 1 Z rot 0.6  searching scale 1 Z rot 0.8  searching scale 1 Z rot 1.1  searching scale 1 Z rot 1.3  searching scale 1 Z rot 1.6  searching scale 1 Z rot 1.8  searching scale 1 Z rot 2.1  searching scale 1 Z rot 2.3  searching scale 1 Z rot 2.6  searching scale 1 Z rot 2.8  searching scale 1 Z rot 3.1  searching scale 1 Z rot 3.3  searching scale 1 Z rot 3.6  searching scale 1 Z rot 3.8  searching scale 1 Z rot 4.1  searching scale 1 Z rot 4.3  searching scale 1 Z rot 4.6  searching scale 1 Z rot 4.8  searching scale 1 Z rot 5.1  searching scale 1 Z rot 5.3  searching scale 1 Z rot 5.6  searching scale 1 Z rot 5.8  searching scale 1 Z rot 6.1  searching scale 1 Z rot 6.3  searching scale 1 Z rot 6.6  searching scale 1 Z rot 6.8  searching scale 1 Z rot 7.1  searching scale 1 Z rot 7.3  searching scale 1 Z rot 7.6  searching scale 1 Z rot 7.8  searching scale 1 Z rot 8.1  searching scale 1 Z rot 8.3  global minimum found at slice 128.0, rotations (-0.79, 1.56)
final transformation (x=128.0, yr=-0.795, zr=1.563):
 0.99953  -0.02728  -0.01386   3.26076;
 0.02728   0.99963  -0.00038   58.57101;
 0.01387   0.00000   0.99990   25.23456;
 0.00000   0.00000   0.00000   1.00000;
updating x range to be [127, 131] in xformed coordinates
best xformed slice 129
min_x_fornix = 127
min_x_fornix = 129
WARNING: min_x_fornix not set
min_x_fornix = 142
min_x_fornix = 132
cc center is found at 129 66 101
eigenvectors:
-0.00123   0.00388   0.99999;
 0.19273  -0.98124   0.00404;
 0.98125   0.19274   0.00046;
writing aseg with callosum to /out/sourcedata/freesurfer/sub-v1s2x0051479_ses-1/mri/aseg.auto.mgz...
corpus callosum segmentation took 0.3 minutes
#VMPC# mri_cc VmPeak  554160
mri_cc done
#--------------------------------------
#@# Merge ASeg Mon Mar  9 23:38:08 CET 2026

 cp aseg.auto.mgz aseg.presurf.mgz 

#--------------------------------------------
#@# Intensity Normalization2 Mon Mar  9 23:38:08 CET 2026
/out/sourcedata/freesurfer/sub-v1s2x0051479_ses-1/mri

 mri_normalize -seed 1234 -mprage -aseg aseg.presurf.mgz -mask brainmask.mgz norm.mgz brain.mgz 

setting seed for random number genererator to 1234
assuming input volume is MGH (Van der Kouwe) MP-RAGE
using segmentation for initial intensity normalization
using MR volume brainmask.mgz to mask input volume...
reading mri_src from norm.mgz...
Reading aseg aseg.presurf.mgz
normalizing image...
NOT doing gentle normalization with control points/label
processing with aseg
removing outliers in the aseg WM...
482 control points removed
Building bias image
building Voronoi diagram...
performing soap bubble smoothing, sigma = 0...
Smoothing with sigma 8
Applying bias correction
building Voronoi diagram...
performing soap bubble smoothing, sigma = 8...

Iterating 2 times
---------------------------------
3d normalization pass 1 of 2
white matter peak found at 110
white matter peak found at 110
gm peak at 88 (88), valley at 57 (57)
csf peak at 12, setting threshold to 62
building Voronoi diagram...
performing soap bubble smoothing, sigma = 8...
---------------------------------
3d normalization pass 2 of 2
white matter peak found at 110
white matter peak found at 110
gm peak at 88 (88), valley at 52 (52)
csf peak at 12, setting threshold to 62
building Voronoi diagram...
performing soap bubble smoothing, sigma = 8...
Done iterating ---------------------------------
writing output to brain.mgz
3D bias adjustment took 1 minutes and 35 seconds.
#--------------------------------------------
#@# Mask BFS Mon Mar  9 23:39:44 CET 2026
/out/sourcedata/freesurfer/sub-v1s2x0051479_ses-1/mri

 mri_mask -T 5 brain.mgz brainmask.mgz brain.finalsurfs.mgz 

threshold mask volume at 5
DoAbs = 0
Found 1353096 voxels in mask (pct=  8.07)
Writing masked volume to brain.finalsurfs.mgz...done.
#--------------------------------------------
#@# WM Segmentation Mon Mar  9 23:39:45 CET 2026

 AntsDenoiseImageFs -i brain.mgz -o antsdn.brain.mgz 


 mri_segment -wsizemm 13 -mprage antsdn.brain.mgz wm.seg.mgz 

wsizemm = 13, voxres = 1, wsize = 13
Widening wm low from 89 to 79
assuming input volume is MGH (Van der Kouwe) MP-RAGE
wm mean:  110
wsize:    13
wm low:   79
wm hi:    125
gray low: 30
gray hi:  99
Doing initial trinary intensity segmentation 
Using local statistics to label ambiguous voxels
Autodetecting stats
Computing class statistics for intensity windows...
CCS WM (103.0): 103.8 +- 4.8 [79.0 --> 125.0]
CCS GM (82.0) : 76.9 +- 14.5 [30.0 --> 95.0]
 white_mean 103.771
 white_sigma 4.8294
 gray_mean 76.911
 gray_sigma 14.4744
setting bottom of white matter range wm_low to 91.4
setting top of gray matter range gray_hi to 102.8
 wm_low 91.3854
 wm_hi  125
 gray_low 30
 gray_hi  102.771
Redoing initial intensity segmentation...
Recomputing local statistics to label ambiguous voxels...
 wm_low 91.3854
 wm_hi  125
 gray_low 30
 gray_hi  102.771
using local geometry to label remaining ambiguous voxels...
polvwsize = 5, polvlen = 3, gray_hi = 102.771, wm_low = 91.3854
MRIcpolvMedianCurveSegment(): wsize=5, len=3, gmhi=102.771, wmlow=91.3854
    212504 voxels processed (1.27%)
    102663 voxels white (0.61%)
    109841 voxels non-white (0.65%)

Reclassifying voxels using Gaussian border classifier niter=1
MRIreclassify(): wm_low=86.3854, gray_hi=102.771, wsize=13
    396605 voxels tested (2.36%)
     67820 voxels changed (0.40%)
     55241 multi-scale searches  (0.33%)
Recovering bright white
MRIrecoverBrightWhite()
 wm_low 91.3854
 wm_hi 125
 slack 4.8294
 pct_thresh 0.33
 intensity_thresh 129.829
 nvox_thresh 8.58
       63 voxels tested (0.00%)
       22 voxels changed (0.00%)

removing voxels with positive offset direction...
MRIremoveWrongDirection() wsize=3, lowthr=86.3854, hithr=102.771
  smoothing input volume with sigma = 0.250
   161560 voxels tested (0.96%)
    21737 voxels changed (0.13%)
thicken = 1
removing 1-dimensional structures...
MRIremove1dStructures(): max_iter=10000, thresh=2, WM_MIN_VAL=5
 1714 sparsely connected voxels removed in 1 iterations
thickening thin strands....
thickness 4
nsegments 20
wm_hi 125
2133 diagonally connected voxels added...
MRIthickenThinWMStrands(): thickness=4, nsegments=20
  20 segments, 1481 filled
MRIfindBrightNonWM(): 432 bright non-wm voxels segmented.
MRIfilterMorphology() WM_MIN_VAL=5, DIAGONAL_FILL=230
white matter segmentation took 1.0 minutes
writing output to wm.seg.mgz...

 mri_edit_wm_with_aseg -keep-in wm.seg.mgz brain.mgz aseg.presurf.mgz wm.asegedit.mgz 

preserving editing changes in input volume...
auto filling took 0.34 minutes
reading wm segmentation from wm.seg.mgz...
0 voxels added to wm to prevent paths from MTL structures to cortex
3862 additional wm voxels added
0 additional wm voxels added
SEG EDIT: 45470 voxels turned on, 91321 voxels turned off.
propagating editing to output volume from wm.seg.mgz
writing edited volume to wm.asegedit.mgz....

 mri_pretess wm.asegedit.mgz wm norm.mgz wm.mgz 


Iteration Number : 1
pass   1 (xy+):  14 found -  14 modified     |    TOTAL:  14
pass   2 (xy+):   0 found -  14 modified     |    TOTAL:  14
pass   1 (xy-):  16 found -  16 modified     |    TOTAL:  30
pass   2 (xy-):   0 found -  16 modified     |    TOTAL:  30
pass   1 (yz+):  32 found -  32 modified     |    TOTAL:  62
pass   2 (yz+):   0 found -  32 modified     |    TOTAL:  62
pass   1 (yz-):  35 found -  35 modified     |    TOTAL:  97
pass   2 (yz-):   0 found -  35 modified     |    TOTAL:  97
pass   1 (xz+):  17 found -  17 modified     |    TOTAL: 114
pass   2 (xz+):   0 found -  17 modified     |    TOTAL: 114
pass   1 (xz-):  10 found -  10 modified     |    TOTAL: 124
pass   2 (xz-):   0 found -  10 modified     |    TOTAL: 124
Iteration Number : 1
pass   1 (+++):   8 found -   8 modified     |    TOTAL:   8
pass   2 (+++):   0 found -   8 modified     |    TOTAL:   8
pass   1 (+++):   7 found -   7 modified     |    TOTAL:  15
pass   2 (+++):   0 found -   7 modified     |    TOTAL:  15
pass   1 (+++):   4 found -   4 modified     |    TOTAL:  19
pass   2 (+++):   0 found -   4 modified     |    TOTAL:  19
pass   1 (+++):   8 found -   8 modified     |    TOTAL:  27
pass   2 (+++):   0 found -   8 modified     |    TOTAL:  27
Iteration Number : 1
pass   1 (++):  30 found -  30 modified     |    TOTAL:  30
pass   2 (++):   0 found -  30 modified     |    TOTAL:  30
pass   1 (+-):  47 found -  47 modified     |    TOTAL:  77
pass   2 (+-):   0 found -  47 modified     |    TOTAL:  77
pass   1 (--):  24 found -  24 modified     |    TOTAL: 101
pass   2 (--):   0 found -  24 modified     |    TOTAL: 101
pass   1 (-+):  23 found -  23 modified     |    TOTAL: 124
pass   2 (-+):   0 found -  23 modified     |    TOTAL: 124
Iteration Number : 2
pass   1 (xy+):   0 found -   0 modified     |    TOTAL:   0
pass   1 (xy-):   1 found -   1 modified     |    TOTAL:   1
pass   2 (xy-):   0 found -   1 modified     |    TOTAL:   1
pass   1 (yz+):   0 found -   0 modified     |    TOTAL:   1
pass   1 (yz-):   3 found -   3 modified     |    TOTAL:   4
pass   2 (yz-):   0 found -   3 modified     |    TOTAL:   4
pass   1 (xz+):   3 found -   3 modified     |    TOTAL:   7
pass   2 (xz+):   0 found -   3 modified     |    TOTAL:   7
pass   1 (xz-):   2 found -   2 modified     |    TOTAL:   9
pass   2 (xz-):   0 found -   2 modified     |    TOTAL:   9
Iteration Number : 2
pass   1 (+++):   0 found -   0 modified     |    TOTAL:   0
pass   1 (+++):   0 found -   0 modified     |    TOTAL:   0
pass   1 (+++):   0 found -   0 modified     |    TOTAL:   0
pass   1 (+++):   0 found -   0 modified     |    TOTAL:   0
Iteration Number : 2
pass   1 (++):   0 found -   0 modified     |    TOTAL:   0
pass   1 (+-):   0 found -   0 modified     |    TOTAL:   0
pass   1 (--):   0 found -   0 modified     |    TOTAL:   0
pass   1 (-+):   0 found -   0 modified     |    TOTAL:   0
Iteration Number : 3
pass   1 (xy+):   0 found -   0 modified     |    TOTAL:   0
pass   1 (xy-):   0 found -   0 modified     |    TOTAL:   0
pass   1 (yz+):   0 found -   0 modified     |    TOTAL:   0
pass   1 (yz-):   0 found -   0 modified     |    TOTAL:   0
pass   1 (xz+):   0 found -   0 modified     |    TOTAL:   0
pass   1 (xz-):   0 found -   0 modified     |    TOTAL:   0
Iteration Number : 3
pass   1 (+++):   0 found -   0 modified     |    TOTAL:   0
pass   1 (+++):   0 found -   0 modified     |    TOTAL:   0
pass   1 (+++):   0 found -   0 modified     |    TOTAL:   0
pass   1 (+++):   0 found -   0 modified     |    TOTAL:   0
Iteration Number : 3
pass   1 (++):   0 found -   0 modified     |    TOTAL:   0
pass   1 (+-):   0 found -   0 modified     |    TOTAL:   0
pass   1 (--):   0 found -   0 modified     |    TOTAL:   0
pass   1 (-+):   0 found -   0 modified     |    TOTAL:   0

Total Number of Modified Voxels = 284 (out of 563307: 0.050417)
binarizing input wm segmentation...
Ambiguous edge configurations... 

mri_pretess done

#--------------------------------------------
#@# Fill Mon Mar  9 23:41:30 CET 2026
/out/sourcedata/freesurfer/sub-v1s2x0051479_ses-1/mri

 mri_fill -a ../scripts/ponscc.cut.log -xform transforms/talairach.lta -segmentation aseg.presurf.mgz -ctab /opt/freesurfer/SubCorticalMassLUT.txt wm.mgz filled.mgz 

logging cutting plane coordinates to ../scripts/ponscc.cut.log...
INFO: Using transforms/talairach.lta and its offset for Talairach volume ...
using segmentation aseg.presurf.mgz...
reading input volume...done.
searching for cutting planes...voxel to talairach voxel transform
 1.01535  -0.00120   0.02606  -8.00317;
-0.00011   1.14725   0.05167   15.14412;
-0.02513  -0.05522   1.04758   6.85537;
 0.00000   0.00000   0.00000   1.00000;
voxel to talairach voxel transform
 1.01535  -0.00120   0.02606  -8.00317;
-0.00011   1.14725   0.05167   15.14412;
-0.02513  -0.05522   1.04758   6.85537;
 0.00000   0.00000   0.00000   1.00000;
reading segmented volume aseg.presurf.mgz
removing CC from segmentation
Looking for area (min, max) = (350, 1400)
area[0] = 2723 (min = 350, max = 1400), aspect = 1.20 (min = 0.10, max = 0.75)
need search nearby
using seed (128, 123, 148), TAL = (0.0, 20.0, 5.0)
talairach voxel to voxel transform
 0.98428  -0.00015  -0.02448   8.04738;
-0.00096   0.86959  -0.04287  -12.88298;
 0.02356   0.04584   0.95174  -7.03011;
 0.00000   0.00000   0.00000   1.00000;
segmentation indicates cc at (128,  123,  148) --> (0.0, 20.0, 5.0)
done.
filling took 0.6 minutes
talairach cc position changed to (0.00, 20.00, 5.00)
Erasing brainstem...done.
seed_search_size = 9, min_neighbors = 5
search rh wm seed point around talairach space:(18.00, 20.00, 5.00) SRC: (112.68, 87.63, 142.06)
search lh wm seed point around talairach space (-18.00, 20.00, 5.00), SRC: (148.11, 87.59, 142.91)
compute mri_fill using aseg
Erasing Brain Stem and Cerebellum ...
Define left and right masks using aseg:
Building Voronoi diagram ...
Using the Voronoi diagram for separating WM into two hemispheres ...
Find the largest connected component for each hemisphere ...
Embedding colortable
mri_fill done, writing output to filled.mgz...
 cp filled.mgz filled.auto.mgz

Started at Mon Mar 9 22:36:31 CET 2026 
Ended   at Mon Mar 9 23:42:08 CET 2026
#@#%# recon-all-run-time-hours 1.094
recon-all -s sub-v1s2x0051479_ses-1 finished without error at Mon Mar  9 23:42:08 CET 2026



#New# invocation of recon-all 




Tue Mar 10 00:15:02 CET 2026
cd /out/sourcedata/freesurfer/sub-v1s2x0051479_ses-1
setenv SUBJECTS_DIR /out/sourcedata/freesurfer
/opt/freesurfer/bin/recon-all -parallel -subjid sub-v1s2x0051479_ses-1 -sd /out/sourcedata/freesurfer -cortribbon

subjid sub-v1s2x0051479_ses-1
setenv SUBJECTS_DIR /out/sourcedata/freesurfer
FREESURFER_HOME /opt/freesurfer
Actual FREESURFER_HOME /opt/freesurfer
build-stamp.txt: freesurfer-linux-ubuntu22_x86_64-7.3.2-20220804-6354275
Linux dna065 5.14.0-427.37.1.el9_4.x86_64 #1 SMP PREEMPT_DYNAMIC Fri Sep 13 12:41:50 EDT 2024 x86_64 x86_64 x86_64 GNU/Linux
cputime      unlimited
filesize     unlimited
datasize     unlimited
stacksize    8192 kbytes
coredumpsize 0 kbytes
memoryuse    67108864 kbytes
vmemoryuse   unlimited
descriptors  1024 
memorylocked unlimited
maxproc      2061970 
maxlocks     unlimited
maxsignal    2062029 
maxmessage   819200 
maxnice      0 
maxrtprio    0 
maxrttime    unlimited

               total        used        free      shared  buff/cache   available
Mem:           503Gi        95Gi       366Gi       9.7Gi        41Gi       394Gi
Swap:             0B          0B          0B

########################################
program versions used
7.3.2 (freesurfer-linux-ubuntu22_x86_64-7.3.2-20220804-6354275)
7.3.2

ProgramName: lta_convert  ProgramArguments: lta_convert -all-info  ProgramVersion: 7.3.2  TimeStamp: 2026/03/09-23:15:02-GMT  BuildTime: Aug  4 2022 06:17:15  BuildStamp: freesurfer-linux-ubuntu22_x86_64-7.3.2-20220804-6354275  User: oesteban  Machine: dna065  Platform: Linux  PlatformVersion: 5.14.0-427.37.1.el9_4.x86_64  CompilerName: GCC  CompilerVersion: 8.4.0
ProgramName: mri_and  ProgramArguments: mri_and -all-info  ProgramVersion: 7.3.2  TimeStamp: 2026/03/09-23:15:02-GMT  BuildTime: Aug  4 2022 06:17:15  BuildStamp: freesurfer-linux-ubuntu22_x86_64-7.3.2-20220804-6354275  User: oesteban  Machine: dna065  Platform: Linux  PlatformVersion: 5.14.0-427.37.1.el9_4.x86_64  CompilerName: GCC  CompilerVersion: 8.4.0
ProgramName: mri_annotation2label  ProgramArguments: mri_annotation2label -all-info  ProgramVersion: 7.3.2  TimeStamp: 2026/03/09-23:15:02-GMT  BuildTime: Aug  4 2022 06:17:15  BuildStamp: freesurfer-linux-ubuntu22_x86_64-7.3.2-20220804-6354275  User: oesteban  Machine: dna065  Platform: Linux  PlatformVersion: 5.14.0-427.37.1.el9_4.x86_64  CompilerName: GCC  CompilerVersion: 8.4.0
ProgramName: mri_aparc2aseg  ProgramArguments: mri_aparc2aseg -all-info  ProgramVersion: 7.3.2  TimeStamp: 2026/03/09-23:15:02-GMT  BuildTime: Aug  4 2022 06:17:15  BuildStamp: freesurfer-linux-ubuntu22_x86_64-7.3.2-20220804-6354275  User: oesteban  Machine: dna065  Platform: Linux  PlatformVersion: 5.14.0-427.37.1.el9_4.x86_64  CompilerName: GCC  CompilerVersion: 8.4.0
ProgramName: mri_surf2volseg  ProgramArguments: mri_surf2volseg -all-info  ProgramVersion: 7.3.2  TimeStamp: 2026/03/09-23:15:02-GMT  BuildTime: Aug  4 2022 06:17:15  BuildStamp: freesurfer-linux-ubuntu22_x86_64-7.3.2-20220804-6354275  User: oesteban  Machine: dna065  Platform: Linux  PlatformVersion: 5.14.0-427.37.1.el9_4.x86_64  CompilerName: GCC  CompilerVersion: 8.4.0
ProgramName: mri_binarize  ProgramArguments: mri_binarize -all-info  ProgramVersion: 7.3.2  TimeStamp: 2026/03/09-23:15:02-GMT  BuildTime: Aug  4 2022 06:17:15  BuildStamp: freesurfer-linux-ubuntu22_x86_64-7.3.2-20220804-6354275  User: oesteban  Machine: dna065  Platform: Linux  PlatformVersion: 5.14.0-427.37.1.el9_4.x86_64  CompilerName: GCC  CompilerVersion: 8.4.0
ProgramName: mri_ca_label  ProgramArguments: mri_ca_label -all-info  ProgramVersion: 7.3.2  TimeStamp: 2026/03/09-23:15:02-GMT  BuildTime: Aug  4 2022 06:17:15  BuildStamp: freesurfer-linux-ubuntu22_x86_64-7.3.2-20220804-6354275  User: oesteban  Machine: dna065  Platform: Linux  PlatformVersion: 5.14.0-427.37.1.el9_4.x86_64  CompilerName: GCC  CompilerVersion: 8.4.0
ProgramName: mri_ca_normalize  ProgramArguments: mri_ca_normalize -all-info  ProgramVersion: 7.3.2  TimeStamp: 2026/03/09-23:15:02-GMT  BuildTime: Aug  4 2022 06:17:15  BuildStamp: freesurfer-linux-ubuntu22_x86_64-7.3.2-20220804-6354275  User: oesteban  Machine: dna065  Platform: Linux  PlatformVersion: 5.14.0-427.37.1.el9_4.x86_64  CompilerName: GCC  CompilerVersion: 8.4.0
ProgramName: mri_ca_register  ProgramArguments: mri_ca_register -all-info  ProgramVersion: 7.3.2  TimeStamp: 2026/03/09-23:15:02-GMT  BuildTime: Aug  4 2022 06:17:15  BuildStamp: freesurfer-linux-ubuntu22_x86_64-7.3.2-20220804-6354275  User: oesteban  Machine: dna065  Platform: Linux  PlatformVersion: 5.14.0-427.37.1.el9_4.x86_64  CompilerName: GCC  CompilerVersion: 8.4.0
ProgramName: mri_cc  ProgramArguments: mri_cc -all-info  ProgramVersion: 7.3.2  TimeStamp: 2026/03/09-23:15:02-GMT  BuildTime: Aug  4 2022 06:17:15  BuildStamp: freesurfer-linux-ubuntu22_x86_64-7.3.2-20220804-6354275  User: oesteban  Machine: dna065  Platform: Linux  PlatformVersion: 5.14.0-427.37.1.el9_4.x86_64  CompilerName: GCC  CompilerVersion: 8.4.0
ProgramName: mri_compute_overlap  ProgramArguments: mri_compute_overlap -all-info  ProgramVersion: 7.3.2  TimeStamp: 2026/03/09-23:15:02-GMT  BuildTime: Aug  4 2022 06:17:15  BuildStamp: freesurfer-linux-ubuntu22_x86_64-7.3.2-20220804-6354275  User: oesteban  Machine: dna065  Platform: Linux  PlatformVersion: 5.14.0-427.37.1.el9_4.x86_64  CompilerName: GCC  CompilerVersion: 8.4.0
ProgramName: mri_compute_seg_overlap  ProgramArguments: mri_compute_seg_overlap -all-info  ProgramVersion: 7.3.2  TimeStamp: 2026/03/09-23:15:02-GMT  BuildTime: Aug  4 2022 06:17:15  BuildStamp: freesurfer-linux-ubuntu22_x86_64-7.3.2-20220804-6354275  User: oesteban  Machine: dna065  Platform: Linux  PlatformVersion: 5.14.0-427.37.1.el9_4.x86_64  CompilerName: GCC  CompilerVersion: 8.4.0
ProgramName: mri_concat  ProgramArguments: mri_concat -all-info  ProgramVersion: 7.3.2  TimeStamp: 2026/03/09-23:15:02-GMT  BuildTime: Aug  4 2022 06:17:15  BuildStamp: freesurfer-linux-ubuntu22_x86_64-7.3.2-20220804-6354275  User: oesteban  Machine: dna065  Platform: Linux  PlatformVersion: 5.14.0-427.37.1.el9_4.x86_64  CompilerName: GCC  CompilerVersion: 8.4.0
ProgramName: mri_concatenate_lta  ProgramArguments: mri_concatenate_lta -all-info  ProgramVersion: 7.3.2  TimeStamp: 2026/03/09-23:15:02-GMT  BuildTime: Aug  4 2022 06:17:15  BuildStamp: freesurfer-linux-ubuntu22_x86_64-7.3.2-20220804-6354275  User: oesteban  Machine: dna065  Platform: Linux  PlatformVersion: 5.14.0-427.37.1.el9_4.x86_64  CompilerName: GCC  CompilerVersion: 8.4.0
mri_convert -all-info 
ProgramName: mri_convert  ProgramArguments: mri_convert -all-info  ProgramVersion: 7.3.2  TimeStamp: 2026/03/09-23:15:02-GMT  BuildTime: Aug  4 2022 06:17:15  BuildStamp: freesurfer-linux-ubuntu22_x86_64-7.3.2-20220804-6354275  User: oesteban  Machine: dna065  Platform: Linux  PlatformVersion: 5.14.0-427.37.1.el9_4.x86_64  CompilerName: GCC  CompilerVersion: 8.4.0
ProgramName: mri_diff  ProgramArguments: mri_diff -all-info  ProgramVersion: 7.3.2  TimeStamp: 2026/03/09-23:15:02-GMT  BuildTime: Aug  4 2022 06:17:15  BuildStamp: freesurfer-linux-ubuntu22_x86_64-7.3.2-20220804-6354275  User: oesteban  Machine: dna065  Platform: Linux  PlatformVersion: 5.14.0-427.37.1.el9_4.x86_64  CompilerName: GCC  CompilerVersion: 8.4.0
ProgramName: mri_edit_wm_with_aseg  ProgramArguments: mri_edit_wm_with_aseg -all-info  ProgramVersion: 7.3.2  TimeStamp: 2026/03/09-23:15:02-GMT  BuildTime: Aug  4 2022 06:17:15  BuildStamp: freesurfer-linux-ubuntu22_x86_64-7.3.2-20220804-6354275  User: oesteban  Machine: dna065  Platform: Linux  PlatformVersion: 5.14.0-427.37.1.el9_4.x86_64  CompilerName: GCC  CompilerVersion: 8.4.0
ProgramName: mri_em_register  ProgramArguments: mri_em_register -all-info  ProgramVersion: 7.3.2  TimeStamp: 2026/03/09-23:15:02-GMT  BuildTime: Aug  4 2022 06:17:15  BuildStamp: freesurfer-linux-ubuntu22_x86_64-7.3.2-20220804-6354275  User: oesteban  Machine: dna065  Platform: Linux  PlatformVersion: 5.14.0-427.37.1.el9_4.x86_64  CompilerName: GCC  CompilerVersion: 8.4.0
ProgramName: mri_fill  ProgramArguments: mri_fill -all-info  ProgramVersion: 7.3.2  TimeStamp: 2026/03/09-23:15:02-GMT  BuildTime: Aug  4 2022 06:17:15  BuildStamp: freesurfer-linux-ubuntu22_x86_64-7.3.2-20220804-6354275  User: oesteban  Machine: dna065  Platform: Linux  PlatformVersion: 5.14.0-427.37.1.el9_4.x86_64  CompilerName: GCC  CompilerVersion: 8.4.0
ProgramName: mri_fuse_segmentations  ProgramArguments: mri_fuse_segmentations -all-info  ProgramVersion: 7.3.2  TimeStamp: 2026/03/09-23:15:02-GMT  BuildTime: Aug  4 2022 06:17:15  BuildStamp: freesurfer-linux-ubuntu22_x86_64-7.3.2-20220804-6354275  User: oesteban  Machine: dna065  Platform: Linux  PlatformVersion: 5.14.0-427.37.1.el9_4.x86_64  CompilerName: GCC  CompilerVersion: 8.4.0
ProgramName: mri_fwhm  ProgramArguments: mri_fwhm -all-info  ProgramVersion: 7.3.2  TimeStamp: 2026/03/09-23:15:02-GMT  BuildTime: Aug  4 2022 06:17:15  BuildStamp: freesurfer-linux-ubuntu22_x86_64-7.3.2-20220804-6354275  User: oesteban  Machine: dna065  Platform: Linux  PlatformVersion: 5.14.0-427.37.1.el9_4.x86_64  CompilerName: GCC  CompilerVersion: 8.4.0
ProgramName: mri_gcut  ProgramArguments: mri_gcut -all-info  ProgramVersion: 7.3.2  TimeStamp: 2026/03/09-23:15:02-GMT  BuildTime: Aug  4 2022 06:17:15  BuildStamp: freesurfer-linux-ubuntu22_x86_64-7.3.2-20220804-6354275  User: oesteban  Machine: dna065  Platform: Linux  PlatformVersion: 5.14.0-427.37.1.el9_4.x86_64  CompilerName: GCC  CompilerVersion: 8.4.0
ProgramName: mri_info  ProgramArguments: mri_info -all-info  ProgramVersion: 7.3.2  TimeStamp: 2026/03/09-23:15:02-GMT  BuildTime: Aug  4 2022 06:17:15  BuildStamp: freesurfer-linux-ubuntu22_x86_64-7.3.2-20220804-6354275  User: oesteban  Machine: dna065  Platform: Linux  PlatformVersion: 5.14.0-427.37.1.el9_4.x86_64  CompilerName: GCC  CompilerVersion: 8.4.0
ProgramName: mri_label2label  ProgramArguments: mri_label2label -all-info  ProgramVersion: 7.3.2  TimeStamp: 2026/03/09-23:15:02-GMT  BuildTime: Aug  4 2022 06:17:15  BuildStamp: freesurfer-linux-ubuntu22_x86_64-7.3.2-20220804-6354275  User: oesteban  Machine: dna065  Platform: Linux  PlatformVersion: 5.14.0-427.37.1.el9_4.x86_64  CompilerName: GCC  CompilerVersion: 8.4.0
ProgramName: mri_label2vol  ProgramArguments: mri_label2vol -all-info  ProgramVersion: 7.3.2  TimeStamp: 2026/03/09-23:15:02-GMT  BuildTime: Aug  4 2022 06:17:15  BuildStamp: freesurfer-linux-ubuntu22_x86_64-7.3.2-20220804-6354275  User: oesteban  Machine: dna065  Platform: Linux  PlatformVersion: 5.14.0-427.37.1.el9_4.x86_64  CompilerName: GCC  CompilerVersion: 8.4.0
ProgramName: mri_log_likelihood  ProgramArguments: mri_log_likelihood -all-info  ProgramVersion: 7.3.2  TimeStamp: 2026/03/09-23:15:02-GMT  BuildTime: Aug  4 2022 06:17:15  BuildStamp: freesurfer-linux-ubuntu22_x86_64-7.3.2-20220804-6354275  User: oesteban  Machine: dna065  Platform: Linux  PlatformVersion: 5.14.0-427.37.1.el9_4.x86_64  CompilerName: GCC  CompilerVersion: 8.4.0
ProgramName: mri_mask  ProgramArguments: mri_mask -all-info  ProgramVersion: 7.3.2  TimeStamp: 2026/03/09-23:15:02-GMT  BuildTime: Aug  4 2022 06:17:15  BuildStamp: freesurfer-linux-ubuntu22_x86_64-7.3.2-20220804-6354275  User: oesteban  Machine: dna065  Platform: Linux  PlatformVersion: 5.14.0-427.37.1.el9_4.x86_64  CompilerName: GCC  CompilerVersion: 8.4.0
ProgramName: mri_matrix_multiply  ProgramArguments: mri_matrix_multiply -all-info  ProgramVersion: 7.3.2  TimeStamp: 2026/03/09-23:15:02-GMT  BuildTime: Aug  4 2022 06:17:15  BuildStamp: freesurfer-linux-ubuntu22_x86_64-7.3.2-20220804-6354275  User: oesteban  Machine: dna065  Platform: Linux  PlatformVersion: 5.14.0-427.37.1.el9_4.x86_64  CompilerName: GCC  CompilerVersion: 8.4.0
ProgramName: mri_normalize  ProgramArguments: mri_normalize -all-info  ProgramVersion: 7.3.2  TimeStamp: 2026/03/09-23:15:02-GMT  BuildTime: Aug  4 2022 06:17:15  BuildStamp: freesurfer-linux-ubuntu22_x86_64-7.3.2-20220804-6354275  User: oesteban  Machine: dna065  Platform: Linux  PlatformVersion: 5.14.0-427.37.1.el9_4.x86_64  CompilerName: GCC  CompilerVersion: 8.4.0
ProgramName: mri_normalize_tp2  ProgramArguments: mri_normalize_tp2 -all-info  ProgramVersion: 7.3.2  TimeStamp: 2026/03/09-23:15:02-GMT  BuildTime: Aug  4 2022 06:17:15  BuildStamp: freesurfer-linux-ubuntu22_x86_64-7.3.2-20220804-6354275  User: oesteban  Machine: dna065  Platform: Linux  PlatformVersion: 5.14.0-427.37.1.el9_4.x86_64  CompilerName: GCC  CompilerVersion: 8.4.0
ProgramName: mri_or  ProgramArguments: mri_or -all-info  ProgramVersion: 7.3.2  TimeStamp: 2026/03/09-23:15:02-GMT  BuildTime: Aug  4 2022 06:17:15  BuildStamp: freesurfer-linux-ubuntu22_x86_64-7.3.2-20220804-6354275  User: oesteban  Machine: dna065  Platform: Linux  PlatformVersion: 5.14.0-427.37.1.el9_4.x86_64  CompilerName: GCC  CompilerVersion: 8.4.0
ProgramName: mri_relabel_hypointensities  ProgramArguments: mri_relabel_hypointensities -all-info  ProgramVersion: 7.3.2  TimeStamp: 2026/03/09-23:15:02-GMT  BuildTime: Aug  4 2022 06:17:15  BuildStamp: freesurfer-linux-ubuntu22_x86_64-7.3.2-20220804-6354275  User: oesteban  Machine: dna065  Platform: Linux  PlatformVersion: 5.14.0-427.37.1.el9_4.x86_64  CompilerName: GCC  CompilerVersion: 8.4.0
ProgramName: mri_relabel_nonwm_hypos  ProgramArguments: mri_relabel_nonwm_hypos -all-info  ProgramVersion: 7.3.2  TimeStamp: 2026/03/09-23:15:02-GMT  BuildTime: Aug  4 2022 06:17:15  BuildStamp: freesurfer-linux-ubuntu22_x86_64-7.3.2-20220804-6354275  User: oesteban  Machine: dna065  Platform: Linux  PlatformVersion: 5.14.0-427.37.1.el9_4.x86_64  CompilerName: GCC  CompilerVersion: 8.4.0
ProgramName: mri_remove_neck  ProgramArguments: mri_remove_neck -all-info  ProgramVersion: 7.3.2  TimeStamp: 2026/03/09-23:15:02-GMT  BuildTime: Aug  4 2022 06:17:15  BuildStamp: freesurfer-linux-ubuntu22_x86_64-7.3.2-20220804-6354275  User: oesteban  Machine: dna065  Platform: Linux  PlatformVersion: 5.14.0-427.37.1.el9_4.x86_64  CompilerName: GCC  CompilerVersion: 8.4.0
7.3.2

ProgramName: mri_robust_register  ProgramArguments: mri_robust_register -all-info  ProgramVersion: 7.3.2  TimeStamp: 2026/03/09-23:15:02-GMT  BuildTime: Aug  4 2022 06:17:15  BuildStamp: freesurfer-linux-ubuntu22_x86_64-7.3.2-20220804-6354275  User: oesteban  Machine: dna065  Platform: Linux  PlatformVersion: 5.14.0-427.37.1.el9_4.x86_64  CompilerName: GCC  CompilerVersion: 8.4.0
7.3.2

ProgramName: mri_robust_template  ProgramArguments: mri_robust_template -all-info  ProgramVersion: 7.3.2  TimeStamp: 2026/03/09-23:15:02-GMT  BuildTime: Aug  4 2022 06:17:15  BuildStamp: freesurfer-linux-ubuntu22_x86_64-7.3.2-20220804-6354275  User: oesteban  Machine: dna065  Platform: Linux  PlatformVersion: 5.14.0-427.37.1.el9_4.x86_64  CompilerName: GCC  CompilerVersion: 8.4.0
ProgramName: mris_anatomical_stats  ProgramArguments: mris_anatomical_stats -all-info  ProgramVersion: 7.3.2  TimeStamp: 2026/03/09-23:15:02-GMT  BuildTime: Aug  4 2022 06:17:15  BuildStamp: freesurfer-linux-ubuntu22_x86_64-7.3.2-20220804-6354275  User: oesteban  Machine: dna065  Platform: Linux  PlatformVersion: 5.14.0-427.37.1.el9_4.x86_64  CompilerName: GCC  CompilerVersion: 8.4.0
ProgramName: mris_ca_label  ProgramArguments: mris_ca_label -all-info  ProgramVersion: 7.3.2  TimeStamp: 2026/03/09-23:15:02-GMT  BuildTime: Aug  4 2022 06:17:15  BuildStamp: freesurfer-linux-ubuntu22_x86_64-7.3.2-20220804-6354275  User: oesteban  Machine: dna065  Platform: Linux  PlatformVersion: 5.14.0-427.37.1.el9_4.x86_64  CompilerName: GCC  CompilerVersion: 8.4.0
ProgramName: mris_calc  ProgramArguments: mris_calc -all-info  ProgramVersion: 7.3.2  TimeStamp: 2026/03/09-23:15:02-GMT  BuildTime: Aug  4 2022 06:17:15  BuildStamp: freesurfer-linux-ubuntu22_x86_64-7.3.2-20220804-6354275  User: oesteban  Machine: dna065  Platform: Linux  PlatformVersion: 5.14.0-427.37.1.el9_4.x86_64  CompilerName: GCC  CompilerVersion: 8.4.0
ProgramName: mris_convert  ProgramArguments: mris_convert -all-info  ProgramVersion: 7.3.2  TimeStamp: 2026/03/09-23:15:02-GMT  BuildTime: Aug  4 2022 06:17:15  BuildStamp: freesurfer-linux-ubuntu22_x86_64-7.3.2-20220804-6354275  User: oesteban  Machine: dna065  Platform: Linux  PlatformVersion: 5.14.0-427.37.1.el9_4.x86_64  CompilerName: GCC  CompilerVersion: 8.4.0
ProgramName: mris_curvature  ProgramArguments: mris_curvature -all-info  ProgramVersion: 7.3.2  TimeStamp: 2026/03/09-23:15:02-GMT  BuildTime: Aug  4 2022 06:17:15  BuildStamp: freesurfer-linux-ubuntu22_x86_64-7.3.2-20220804-6354275  User: oesteban  Machine: dna065  Platform: Linux  PlatformVersion: 5.14.0-427.37.1.el9_4.x86_64  CompilerName: GCC  CompilerVersion: 8.4.0
ProgramName: mris_curvature_stats  ProgramArguments: mris_curvature_stats -all-info  ProgramVersion: 7.3.2  TimeStamp: 2026/03/09-23:15:02-GMT  BuildTime: Aug  4 2022 06:17:15  BuildStamp: freesurfer-linux-ubuntu22_x86_64-7.3.2-20220804-6354275  User: oesteban  Machine: dna065  Platform: Linux  PlatformVersion: 5.14.0-427.37.1.el9_4.x86_64  CompilerName: GCC  CompilerVersion: 8.4.0
ProgramName: mris_diff  ProgramArguments: mris_diff -all-info  ProgramVersion: 7.3.2  TimeStamp: 2026/03/09-23:15:02-GMT  BuildTime: Aug  4 2022 06:17:15  BuildStamp: freesurfer-linux-ubuntu22_x86_64-7.3.2-20220804-6354275  User: oesteban  Machine: dna065  Platform: Linux  PlatformVersion: 5.14.0-427.37.1.el9_4.x86_64  CompilerName: GCC  CompilerVersion: 8.4.0
ProgramName: mris_divide_parcellation  ProgramArguments: mris_divide_parcellation -all-info  ProgramVersion: 7.3.2  TimeStamp: 2026/03/09-23:15:02-GMT  BuildTime: Aug  4 2022 06:17:15  BuildStamp: freesurfer-linux-ubuntu22_x86_64-7.3.2-20220804-6354275  User: oesteban  Machine: dna065  Platform: Linux  PlatformVersion: 5.14.0-427.37.1.el9_4.x86_64  CompilerName: GCC  CompilerVersion: 8.4.0
ProgramName: mri_segment  ProgramArguments: mri_segment -all-info  ProgramVersion: 7.3.2  TimeStamp: 2026/03/09-23:15:02-GMT  BuildTime: Aug  4 2022 06:17:15  BuildStamp: freesurfer-linux-ubuntu22_x86_64-7.3.2-20220804-6354275  User: oesteban  Machine: dna065  Platform: Linux  PlatformVersion: 5.14.0-427.37.1.el9_4.x86_64  CompilerName: GCC  CompilerVersion: 8.4.0
ProgramName: mri_segstats  ProgramArguments: mri_segstats -all-info  ProgramVersion: 7.3.2  TimeStamp: 2026/03/09-23:15:02-GMT  BuildTime: Aug  4 2022 06:17:15  BuildStamp: freesurfer-linux-ubuntu22_x86_64-7.3.2-20220804-6354275  User: oesteban  Machine: dna065  Platform: Linux  PlatformVersion: 5.14.0-427.37.1.el9_4.x86_64  CompilerName: GCC  CompilerVersion: 8.4.0
ProgramName: mris_euler_number  ProgramArguments: mris_euler_number -all-info  ProgramVersion: 7.3.2  TimeStamp: 2026/03/09-23:15:02-GMT  BuildTime: Aug  4 2022 06:17:15  BuildStamp: freesurfer-linux-ubuntu22_x86_64-7.3.2-20220804-6354275  User: oesteban  Machine: dna065  Platform: Linux  PlatformVersion: 5.14.0-427.37.1.el9_4.x86_64  CompilerName: GCC  CompilerVersion: 8.4.0
ProgramName: mris_fix_topology  ProgramArguments: mris_fix_topology -all-info  ProgramVersion: 7.3.2  TimeStamp: 2026/03/09-23:15:02-GMT  BuildTime: Aug  4 2022 06:17:15  BuildStamp: freesurfer-linux-ubuntu22_x86_64-7.3.2-20220804-6354275  User: oesteban  Machine: dna065  Platform: Linux  PlatformVersion: 5.14.0-427.37.1.el9_4.x86_64  CompilerName: GCC  CompilerVersion: 8.4.0
ProgramName: mris_topo_fixer  ProgramArguments: mris_topo_fixer -all-info  ProgramVersion: 7.3.2  TimeStamp: 2026/03/09-23:15:02-GMT  BuildTime: Aug  4 2022 06:17:15  BuildStamp: freesurfer-linux-ubuntu22_x86_64-7.3.2-20220804-6354275  User: oesteban  Machine: dna065  Platform: Linux  PlatformVersion: 5.14.0-427.37.1.el9_4.x86_64  CompilerName: GCC  CompilerVersion: 8.4.0
ProgramName: mris_jacobian  ProgramArguments: mris_jacobian -all-info  ProgramVersion: 7.3.2  TimeStamp: 2026/03/09-23:15:02-GMT  BuildTime: Aug  4 2022 06:17:15  BuildStamp: freesurfer-linux-ubuntu22_x86_64-7.3.2-20220804-6354275  User: oesteban  Machine: dna065  Platform: Linux  PlatformVersion: 5.14.0-427.37.1.el9_4.x86_64  CompilerName: GCC  CompilerVersion: 8.4.0
ProgramName: mris_label2annot  ProgramArguments: mris_label2annot -all-info  ProgramVersion: 7.3.2  TimeStamp: 2026/03/09-23:15:02-GMT  BuildTime: Aug  4 2022 06:17:15  BuildStamp: freesurfer-linux-ubuntu22_x86_64-7.3.2-20220804-6354275  User: oesteban  Machine: dna065  Platform: Linux  PlatformVersion: 5.14.0-427.37.1.el9_4.x86_64  CompilerName: GCC  CompilerVersion: 8.4.0
ProgramName: mris_left_right_register  ProgramArguments: mris_left_right_register -all-info  ProgramVersion: 7.3.2  TimeStamp: 2026/03/09-23:15:02-GMT  BuildTime: Aug  4 2022 06:17:15  BuildStamp: freesurfer-linux-ubuntu22_x86_64-7.3.2-20220804-6354275  User: oesteban  Machine: dna065  Platform: Linux  PlatformVersion: 5.14.0-427.37.1.el9_4.x86_64  CompilerName: GCC  CompilerVersion: 8.4.0
ProgramName: mris_place_surface  ProgramArguments: mris_place_surface -all-info  ProgramVersion: 7.3.2  TimeStamp: 2026/03/09-23:15:02-GMT  BuildTime: Aug  4 2022 06:17:15  BuildStamp: freesurfer-linux-ubuntu22_x86_64-7.3.2-20220804-6354275  User: oesteban  Machine: dna065  Platform: Linux  PlatformVersion: 5.14.0-427.37.1.el9_4.x86_64  CompilerName: GCC  CompilerVersion: 8.4.0
ProgramName: mrisp_paint  ProgramArguments: mrisp_paint -all-info  ProgramVersion: 7.3.2  TimeStamp: 2026/03/09-23:15:02-GMT  BuildTime: Aug  4 2022 06:17:15  BuildStamp: freesurfer-linux-ubuntu22_x86_64-7.3.2-20220804-6354275  User: oesteban  Machine: dna065  Platform: Linux  PlatformVersion: 5.14.0-427.37.1.el9_4.x86_64  CompilerName: GCC  CompilerVersion: 8.4.0
ProgramName: mris_register  ProgramArguments: mris_register -all-info  ProgramVersion: 7.3.2  TimeStamp: 2026/03/09-23:15:02-GMT  BuildTime: Aug  4 2022 06:17:15  BuildStamp: freesurfer-linux-ubuntu22_x86_64-7.3.2-20220804-6354275  User: oesteban  Machine: dna065  Platform: Linux  PlatformVersion: 5.14.0-427.37.1.el9_4.x86_64  CompilerName: GCC  CompilerVersion: 8.4.0
ProgramName: mris_smooth  ProgramArguments: mris_smooth -all-info  ProgramVersion: 7.3.2  TimeStamp: 2026/03/09-23:15:02-GMT  BuildTime: Aug  4 2022 06:17:15  BuildStamp: freesurfer-linux-ubuntu22_x86_64-7.3.2-20220804-6354275  User: oesteban  Machine: dna065  Platform: Linux  PlatformVersion: 5.14.0-427.37.1.el9_4.x86_64  CompilerName: GCC  CompilerVersion: 8.4.0
ProgramName: mris_sphere  ProgramArguments: mris_sphere -all-info  ProgramVersion: 7.3.2  TimeStamp: 2026/03/09-23:15:02-GMT  BuildTime: Aug  4 2022 06:17:15  BuildStamp: freesurfer-linux-ubuntu22_x86_64-7.3.2-20220804-6354275  User: oesteban  Machine: dna065  Platform: Linux  PlatformVersion: 5.14.0-427.37.1.el9_4.x86_64  CompilerName: GCC  CompilerVersion: 8.4.0
ProgramName: mris_surface_stats  ProgramArguments: mris_surface_stats -all-info  ProgramVersion: 7.3.2  TimeStamp: 2026/03/09-23:15:02-GMT  BuildTime: Aug  4 2022 06:17:15  BuildStamp: freesurfer-linux-ubuntu22_x86_64-7.3.2-20220804-6354275  User: oesteban  Machine: dna065  Platform: Linux  PlatformVersion: 5.14.0-427.37.1.el9_4.x86_64  CompilerName: GCC  CompilerVersion: 8.4.0
ProgramName: mri_stats2seg  ProgramArguments: mri_stats2seg -all-info  ProgramVersion: 7.3.2  TimeStamp: 2026/03/09-23:15:02-GMT  BuildTime: Aug  4 2022 06:17:15  BuildStamp: freesurfer-linux-ubuntu22_x86_64-7.3.2-20220804-6354275  User: oesteban  Machine: dna065  Platform: Linux  PlatformVersion: 5.14.0-427.37.1.el9_4.x86_64  CompilerName: GCC  CompilerVersion: 8.4.0
ProgramName: mris_thickness  ProgramArguments: mris_thickness -all-info  ProgramVersion: 7.3.2  TimeStamp: 2026/03/09-23:15:02-GMT  BuildTime: Aug  4 2022 06:17:15  BuildStamp: freesurfer-linux-ubuntu22_x86_64-7.3.2-20220804-6354275  User: oesteban  Machine: dna065  Platform: Linux  PlatformVersion: 5.14.0-427.37.1.el9_4.x86_64  CompilerName: GCC  CompilerVersion: 8.4.0
ProgramName: mris_thickness_diff  ProgramArguments: mris_thickness_diff -all-info  ProgramVersion: 7.3.2  TimeStamp: 2026/03/09-23:15:02-GMT  BuildTime: Aug  4 2022 06:17:15  BuildStamp: freesurfer-linux-ubuntu22_x86_64-7.3.2-20220804-6354275  User: oesteban  Machine: dna065  Platform: Linux  PlatformVersion: 5.14.0-427.37.1.el9_4.x86_64  CompilerName: GCC  CompilerVersion: 8.4.0
ProgramName: mris_topo_fixer  ProgramArguments: mris_topo_fixer -all-info  ProgramVersion: 7.3.2  TimeStamp: 2026/03/09-23:15:02-GMT  BuildTime: Aug  4 2022 06:17:15  BuildStamp: freesurfer-linux-ubuntu22_x86_64-7.3.2-20220804-6354275  User: oesteban  Machine: dna065  Platform: Linux  PlatformVersion: 5.14.0-427.37.1.el9_4.x86_64  CompilerName: GCC  CompilerVersion: 8.4.0
ProgramName: mri_surf2surf  ProgramArguments: mri_surf2surf -all-info  ProgramVersion: 7.3.2  TimeStamp: 2026/03/09-23:15:02-GMT  BuildTime: Aug  4 2022 06:17:15  BuildStamp: freesurfer-linux-ubuntu22_x86_64-7.3.2-20220804-6354275  User: oesteban  Machine: dna065  Platform: Linux  PlatformVersion: 5.14.0-427.37.1.el9_4.x86_64  CompilerName: GCC  CompilerVersion: 8.4.0
ProgramName: mri_surf2vol  ProgramArguments: mri_surf2vol -all-info  ProgramVersion: 7.3.2  TimeStamp: 2026/03/09-23:15:02-GMT  BuildTime: Aug  4 2022 06:17:15  BuildStamp: freesurfer-linux-ubuntu22_x86_64-7.3.2-20220804-6354275  User: oesteban  Machine: dna065  Platform: Linux  PlatformVersion: 5.14.0-427.37.1.el9_4.x86_64  CompilerName: GCC  CompilerVersion: 8.4.0
ProgramName: mri_surfcluster  ProgramArguments: mri_surfcluster -all-info  ProgramVersion: 7.3.2  TimeStamp: 2026/03/09-23:15:02-GMT  BuildTime: Aug  4 2022 06:17:15  BuildStamp: freesurfer-linux-ubuntu22_x86_64-7.3.2-20220804-6354275  User: oesteban  Machine: dna065  Platform: Linux  PlatformVersion: 5.14.0-427.37.1.el9_4.x86_64  CompilerName: GCC  CompilerVersion: 8.4.0
ProgramName: mris_volmask  ProgramArguments: mris_volmask -all-info  ProgramVersion: 7.3.2  TimeStamp: 2026/03/09-23:15:02-GMT  BuildTime: Aug  4 2022 06:17:15  BuildStamp: freesurfer-linux-ubuntu22_x86_64-7.3.2-20220804-6354275  User: oesteban  Machine: dna065  Platform: Linux  PlatformVersion: 5.14.0-427.37.1.el9_4.x86_64  CompilerName: GCC  CompilerVersion: 8.4.0
ProgramName: mri_tessellate  ProgramArguments: mri_tessellate -all-info  ProgramVersion: 7.3.2  TimeStamp: 2026/03/09-23:15:02-GMT  BuildTime: Aug  4 2022 06:17:15  BuildStamp: freesurfer-linux-ubuntu22_x86_64-7.3.2-20220804-6354275  User: oesteban  Machine: dna065  Platform: Linux  PlatformVersion: 5.14.0-427.37.1.el9_4.x86_64  CompilerName: GCC  CompilerVersion: 8.4.0
ProgramName: mri_vol2surf  ProgramArguments: mri_vol2surf -all-info  ProgramVersion: 7.3.2  TimeStamp: 2026/03/09-23:15:02-GMT  BuildTime: Aug  4 2022 06:17:15  BuildStamp: freesurfer-linux-ubuntu22_x86_64-7.3.2-20220804-6354275  User: oesteban  Machine: dna065  Platform: Linux  PlatformVersion: 5.14.0-427.37.1.el9_4.x86_64  CompilerName: GCC  CompilerVersion: 8.4.0
ProgramName: mri_vol2vol  ProgramArguments: mri_vol2vol -all-info  ProgramVersion: 7.3.2  TimeStamp: 2026/03/09-23:15:02-GMT  BuildTime: Aug  4 2022 06:17:15  BuildStamp: freesurfer-linux-ubuntu22_x86_64-7.3.2-20220804-6354275  User: oesteban  Machine: dna065  Platform: Linux  PlatformVersion: 5.14.0-427.37.1.el9_4.x86_64  CompilerName: GCC  CompilerVersion: 8.4.0
ProgramName: mri_voldiff  ProgramArguments: mri_voldiff -all-info  ProgramVersion: 7.3.2  TimeStamp: 2026/03/09-23:15:02-GMT  BuildTime: Aug  4 2022 06:17:15  BuildStamp: freesurfer-linux-ubuntu22_x86_64-7.3.2-20220804-6354275  User: oesteban  Machine: dna065  Platform: Linux  PlatformVersion: 5.14.0-427.37.1.el9_4.x86_64  CompilerName: GCC  CompilerVersion: 8.4.0
ProgramName: mri_watershed  ProgramArguments: mri_watershed -all-info  ProgramVersion: 7.3.2  TimeStamp: 2026/03/09-23:15:02-GMT  BuildTime: Aug  4 2022 06:17:15  BuildStamp: freesurfer-linux-ubuntu22_x86_64-7.3.2-20220804-6354275  User: oesteban  Machine: dna065  Platform: Linux  PlatformVersion: 5.14.0-427.37.1.el9_4.x86_64  CompilerName: GCC  CompilerVersion: 8.4.0
ProgramName: tkregister2  ProgramArguments: tkregister2_cmdl -all-info  ProgramVersion: 7.3.2  TimeStamp: 2026/03/09-23:15:02-GMT  BuildTime: Aug  4 2022 06:17:15  BuildStamp: freesurfer-linux-ubuntu22_x86_64-7.3.2-20220804-6354275  User: oesteban  Machine: dna065  Platform: Linux  PlatformVersion: 5.14.0-427.37.1.el9_4.x86_64  CompilerName: GCC  CompilerVersion: 8.4.0
mri_motion_correct.fsl 7.3.2
mri_convert -all-info 
ProgramName: mri_convert  ProgramArguments: mri_convert -all-info  ProgramVersion: 7.3.2  TimeStamp: 2026/03/09-23:15:02-GMT  BuildTime: Aug  4 2022 06:17:15  BuildStamp: freesurfer-linux-ubuntu22_x86_64-7.3.2-20220804-6354275  User: oesteban  Machine: dna065  Platform: Linux  PlatformVersion: 5.14.0-427.37.1.el9_4.x86_64  CompilerName: GCC  CompilerVersion: 8.4.0
Program nu_correct, built from:
Package MNI N3, version 1.12.0, compiled by nicks@terrier (x86_64-unknown-linux-gnu) on 2015-06-19 at 01:25:34
#######################################
GCADIR /opt/freesurfer/average
GCA RB_all_2020-01-02.gca
GCASkull RB_all_withskull_2020_01_02.gca
AvgCurvTif folding.atlas.acfb40.noaparc.i12.2016-08-02.tif
GCSDIR /opt/freesurfer/average
GCS DKaparc.atlas.acfb40.noaparc.i12.2016-08-02.gcs
#######################################
#@# white curv lh Tue Mar 10 00:15:02 CET 2026
cd /out/sourcedata/freesurfer/sub-v1s2x0051479_ses-1/mri
mris_place_surface --curv-map ../surf/lh.white 2 10 ../surf/lh.curv
   Update not needed
#@# white area lh Tue Mar 10 00:15:02 CET 2026
cd /out/sourcedata/freesurfer/sub-v1s2x0051479_ses-1/mri
mris_place_surface --area-map ../surf/lh.white ../surf/lh.area
   Update not needed
#@# pial curv lh Tue Mar 10 00:15:02 CET 2026
cd /out/sourcedata/freesurfer/sub-v1s2x0051479_ses-1/mri
mris_place_surface --curv-map ../surf/lh.pial 2 10 ../surf/lh.curv.pial
   Update not needed
#@# pial area lh Tue Mar 10 00:15:02 CET 2026
cd /out/sourcedata/freesurfer/sub-v1s2x0051479_ses-1/mri
mris_place_surface --area-map ../surf/lh.pial ../surf/lh.area.pial
   Update not needed
#@# thickness lh Tue Mar 10 00:15:02 CET 2026
cd /out/sourcedata/freesurfer/sub-v1s2x0051479_ses-1/mri
mris_place_surface --thickness ../surf/lh.white ../surf/lh.pial 20 5 ../surf/lh.thickness
   Update not needed
#@# area and vertex vol lh Tue Mar 10 00:15:02 CET 2026
cd /out/sourcedata/freesurfer/sub-v1s2x0051479_ses-1/mri
mris_place_surface --thickness ../surf/lh.white ../surf/lh.pial 20 5 ../surf/lh.thickness
   Update not needed
#@# white curv rh Tue Mar 10 00:15:03 CET 2026
cd /out/sourcedata/freesurfer/sub-v1s2x0051479_ses-1/mri
mris_place_surface --curv-map ../surf/rh.white 2 10 ../surf/rh.curv
   Update not needed
#@# white area rh Tue Mar 10 00:15:03 CET 2026
cd /out/sourcedata/freesurfer/sub-v1s2x0051479_ses-1/mri
mris_place_surface --area-map ../surf/rh.white ../surf/rh.area
   Update not needed
#@# pial curv rh Tue Mar 10 00:15:03 CET 2026
cd /out/sourcedata/freesurfer/sub-v1s2x0051479_ses-1/mri
mris_place_surface --curv-map ../surf/rh.pial 2 10 ../surf/rh.curv.pial
   Update not needed
#@# pial area rh Tue Mar 10 00:15:03 CET 2026
cd /out/sourcedata/freesurfer/sub-v1s2x0051479_ses-1/mri
mris_place_surface --area-map ../surf/rh.pial ../surf/rh.area.pial
   Update not needed
#@# thickness rh Tue Mar 10 00:15:03 CET 2026
cd /out/sourcedata/freesurfer/sub-v1s2x0051479_ses-1/mri
mris_place_surface --thickness ../surf/rh.white ../surf/rh.pial 20 5 ../surf/rh.thickness
   Update not needed
#@# area and vertex vol rh Tue Mar 10 00:15:03 CET 2026
cd /out/sourcedata/freesurfer/sub-v1s2x0051479_ses-1/mri
mris_place_surface --thickness ../surf/rh.white ../surf/rh.pial 20 5 ../surf/rh.thickness
   Update not needed
#--------------------------------------------
#@# Cortical ribbon mask Tue Mar 10 00:15:03 CET 2026
/out/sourcedata/freesurfer/sub-v1s2x0051479_ses-1/mri

 mris_volmask --aseg_name aseg.presurf --label_left_white 2 --label_left_ribbon 3 --label_right_white 41 --label_right_ribbon 42 --save_ribbon sub-v1s2x0051479_ses-1 

SUBJECTS_DIR is /out/sourcedata/freesurfer
loading input data...
Running hemis serially
Processing left hemi
computing distance to left white surface 
computing distance to left pial surface 
Processing right hemi
computing distance to right white surface 
computing distance to right pial surface 
 hemi masks overlap voxels = 71
writing volume /out/sourcedata/freesurfer/sub-v1s2x0051479_ses-1/mri/ribbon.mgz
mris_volmask took 3.94 minutes
 writing ribbon files

Started at Tue Mar 10 00:15:02 CET 2026 
Ended   at Tue Mar 10 00:18:59 CET 2026
#@#%# recon-all-run-time-hours 0.066
recon-all -s sub-v1s2x0051479_ses-1 finished without error at Tue Mar 10 00:18:59 CET 2026



#New# invocation of recon-all 




Tue Mar 10 00:23:36 CET 2026
cd /out/sourcedata/freesurfer/sub-v1s2x0051479_ses-1
setenv SUBJECTS_DIR /out/sourcedata/freesurfer
/opt/freesurfer/bin/recon-all -autorecon3 -openmp 16 -subjid sub-v1s2x0051479_ses-1 -sd /out/sourcedata/freesurfer -nosphere -nosurfreg -nojacobian_white -noavgcurv -nocortparc -nopial -noparcstats -nocortparc2 -noparcstats2 -nocortparc3 -noparcstats3 -nopctsurfcon -nocortribbon -nobalabels

subjid sub-v1s2x0051479_ses-1
setenv SUBJECTS_DIR /out/sourcedata/freesurfer
FREESURFER_HOME /opt/freesurfer
Actual FREESURFER_HOME /opt/freesurfer
build-stamp.txt: freesurfer-linux-ubuntu22_x86_64-7.3.2-20220804-6354275
Linux dna065 5.14.0-427.37.1.el9_4.x86_64 #1 SMP PREEMPT_DYNAMIC Fri Sep 13 12:41:50 EDT 2024 x86_64 x86_64 x86_64 GNU/Linux
cputime      unlimited
filesize     unlimited
datasize     unlimited
stacksize    8192 kbytes
coredumpsize 0 kbytes
memoryuse    67108864 kbytes
vmemoryuse   unlimited
descriptors  1024 
memorylocked unlimited
maxproc      2061970 
maxlocks     unlimited
maxsignal    2062029 
maxmessage   819200 
maxnice      0 
maxrtprio    0 
maxrttime    unlimited

               total        used        free      shared  buff/cache   available
Mem:           503Gi        93Gi       369Gi       9.7Gi        41Gi       397Gi
Swap:             0B          0B          0B

########################################
program versions used
7.3.2 (freesurfer-linux-ubuntu22_x86_64-7.3.2-20220804-6354275)
7.3.2

ProgramName: lta_convert  ProgramArguments: lta_convert -all-info  ProgramVersion: 7.3.2  TimeStamp: 2026/03/09-23:23:36-GMT  BuildTime: Aug  4 2022 06:17:15  BuildStamp: freesurfer-linux-ubuntu22_x86_64-7.3.2-20220804-6354275  User: oesteban  Machine: dna065  Platform: Linux  PlatformVersion: 5.14.0-427.37.1.el9_4.x86_64  CompilerName: GCC  CompilerVersion: 8.4.0
ProgramName: mri_and  ProgramArguments: mri_and -all-info  ProgramVersion: 7.3.2  TimeStamp: 2026/03/09-23:23:36-GMT  BuildTime: Aug  4 2022 06:17:15  BuildStamp: freesurfer-linux-ubuntu22_x86_64-7.3.2-20220804-6354275  User: oesteban  Machine: dna065  Platform: Linux  PlatformVersion: 5.14.0-427.37.1.el9_4.x86_64  CompilerName: GCC  CompilerVersion: 8.4.0
ProgramName: mri_annotation2label  ProgramArguments: mri_annotation2label -all-info  ProgramVersion: 7.3.2  TimeStamp: 2026/03/09-23:23:36-GMT  BuildTime: Aug  4 2022 06:17:15  BuildStamp: freesurfer-linux-ubuntu22_x86_64-7.3.2-20220804-6354275  User: oesteban  Machine: dna065  Platform: Linux  PlatformVersion: 5.14.0-427.37.1.el9_4.x86_64  CompilerName: GCC  CompilerVersion: 8.4.0
ProgramName: mri_aparc2aseg  ProgramArguments: mri_aparc2aseg -all-info  ProgramVersion: 7.3.2  TimeStamp: 2026/03/09-23:23:36-GMT  BuildTime: Aug  4 2022 06:17:15  BuildStamp: freesurfer-linux-ubuntu22_x86_64-7.3.2-20220804-6354275  User: oesteban  Machine: dna065  Platform: Linux  PlatformVersion: 5.14.0-427.37.1.el9_4.x86_64  CompilerName: GCC  CompilerVersion: 8.4.0
ProgramName: mri_surf2volseg  ProgramArguments: mri_surf2volseg -all-info  ProgramVersion: 7.3.2  TimeStamp: 2026/03/09-23:23:36-GMT  BuildTime: Aug  4 2022 06:17:15  BuildStamp: freesurfer-linux-ubuntu22_x86_64-7.3.2-20220804-6354275  User: oesteban  Machine: dna065  Platform: Linux  PlatformVersion: 5.14.0-427.37.1.el9_4.x86_64  CompilerName: GCC  CompilerVersion: 8.4.0
ProgramName: mri_binarize  ProgramArguments: mri_binarize -all-info  ProgramVersion: 7.3.2  TimeStamp: 2026/03/09-23:23:36-GMT  BuildTime: Aug  4 2022 06:17:15  BuildStamp: freesurfer-linux-ubuntu22_x86_64-7.3.2-20220804-6354275  User: oesteban  Machine: dna065  Platform: Linux  PlatformVersion: 5.14.0-427.37.1.el9_4.x86_64  CompilerName: GCC  CompilerVersion: 8.4.0
ProgramName: mri_ca_label  ProgramArguments: mri_ca_label -all-info  ProgramVersion: 7.3.2  TimeStamp: 2026/03/09-23:23:36-GMT  BuildTime: Aug  4 2022 06:17:15  BuildStamp: freesurfer-linux-ubuntu22_x86_64-7.3.2-20220804-6354275  User: oesteban  Machine: dna065  Platform: Linux  PlatformVersion: 5.14.0-427.37.1.el9_4.x86_64  CompilerName: GCC  CompilerVersion: 8.4.0
ProgramName: mri_ca_normalize  ProgramArguments: mri_ca_normalize -all-info  ProgramVersion: 7.3.2  TimeStamp: 2026/03/09-23:23:36-GMT  BuildTime: Aug  4 2022 06:17:15  BuildStamp: freesurfer-linux-ubuntu22_x86_64-7.3.2-20220804-6354275  User: oesteban  Machine: dna065  Platform: Linux  PlatformVersion: 5.14.0-427.37.1.el9_4.x86_64  CompilerName: GCC  CompilerVersion: 8.4.0
ProgramName: mri_ca_register  ProgramArguments: mri_ca_register -all-info  ProgramVersion: 7.3.2  TimeStamp: 2026/03/09-23:23:36-GMT  BuildTime: Aug  4 2022 06:17:15  BuildStamp: freesurfer-linux-ubuntu22_x86_64-7.3.2-20220804-6354275  User: oesteban  Machine: dna065  Platform: Linux  PlatformVersion: 5.14.0-427.37.1.el9_4.x86_64  CompilerName: GCC  CompilerVersion: 8.4.0
ProgramName: mri_cc  ProgramArguments: mri_cc -all-info  ProgramVersion: 7.3.2  TimeStamp: 2026/03/09-23:23:36-GMT  BuildTime: Aug  4 2022 06:17:15  BuildStamp: freesurfer-linux-ubuntu22_x86_64-7.3.2-20220804-6354275  User: oesteban  Machine: dna065  Platform: Linux  PlatformVersion: 5.14.0-427.37.1.el9_4.x86_64  CompilerName: GCC  CompilerVersion: 8.4.0
ProgramName: mri_compute_overlap  ProgramArguments: mri_compute_overlap -all-info  ProgramVersion: 7.3.2  TimeStamp: 2026/03/09-23:23:36-GMT  BuildTime: Aug  4 2022 06:17:15  BuildStamp: freesurfer-linux-ubuntu22_x86_64-7.3.2-20220804-6354275  User: oesteban  Machine: dna065  Platform: Linux  PlatformVersion: 5.14.0-427.37.1.el9_4.x86_64  CompilerName: GCC  CompilerVersion: 8.4.0
ProgramName: mri_compute_seg_overlap  ProgramArguments: mri_compute_seg_overlap -all-info  ProgramVersion: 7.3.2  TimeStamp: 2026/03/09-23:23:36-GMT  BuildTime: Aug  4 2022 06:17:15  BuildStamp: freesurfer-linux-ubuntu22_x86_64-7.3.2-20220804-6354275  User: oesteban  Machine: dna065  Platform: Linux  PlatformVersion: 5.14.0-427.37.1.el9_4.x86_64  CompilerName: GCC  CompilerVersion: 8.4.0
ProgramName: mri_concat  ProgramArguments: mri_concat -all-info  ProgramVersion: 7.3.2  TimeStamp: 2026/03/09-23:23:36-GMT  BuildTime: Aug  4 2022 06:17:15  BuildStamp: freesurfer-linux-ubuntu22_x86_64-7.3.2-20220804-6354275  User: oesteban  Machine: dna065  Platform: Linux  PlatformVersion: 5.14.0-427.37.1.el9_4.x86_64  CompilerName: GCC  CompilerVersion: 8.4.0
ProgramName: mri_concatenate_lta  ProgramArguments: mri_concatenate_lta -all-info  ProgramVersion: 7.3.2  TimeStamp: 2026/03/09-23:23:36-GMT  BuildTime: Aug  4 2022 06:17:15  BuildStamp: freesurfer-linux-ubuntu22_x86_64-7.3.2-20220804-6354275  User: oesteban  Machine: dna065  Platform: Linux  PlatformVersion: 5.14.0-427.37.1.el9_4.x86_64  CompilerName: GCC  CompilerVersion: 8.4.0
mri_convert -all-info 
ProgramName: mri_convert  ProgramArguments: mri_convert -all-info  ProgramVersion: 7.3.2  TimeStamp: 2026/03/09-23:23:36-GMT  BuildTime: Aug  4 2022 06:17:15  BuildStamp: freesurfer-linux-ubuntu22_x86_64-7.3.2-20220804-6354275  User: oesteban  Machine: dna065  Platform: Linux  PlatformVersion: 5.14.0-427.37.1.el9_4.x86_64  CompilerName: GCC  CompilerVersion: 8.4.0
ProgramName: mri_diff  ProgramArguments: mri_diff -all-info  ProgramVersion: 7.3.2  TimeStamp: 2026/03/09-23:23:36-GMT  BuildTime: Aug  4 2022 06:17:15  BuildStamp: freesurfer-linux-ubuntu22_x86_64-7.3.2-20220804-6354275  User: oesteban  Machine: dna065  Platform: Linux  PlatformVersion: 5.14.0-427.37.1.el9_4.x86_64  CompilerName: GCC  CompilerVersion: 8.4.0
ProgramName: mri_edit_wm_with_aseg  ProgramArguments: mri_edit_wm_with_aseg -all-info  ProgramVersion: 7.3.2  TimeStamp: 2026/03/09-23:23:36-GMT  BuildTime: Aug  4 2022 06:17:15  BuildStamp: freesurfer-linux-ubuntu22_x86_64-7.3.2-20220804-6354275  User: oesteban  Machine: dna065  Platform: Linux  PlatformVersion: 5.14.0-427.37.1.el9_4.x86_64  CompilerName: GCC  CompilerVersion: 8.4.0
ProgramName: mri_em_register  ProgramArguments: mri_em_register -all-info  ProgramVersion: 7.3.2  TimeStamp: 2026/03/09-23:23:36-GMT  BuildTime: Aug  4 2022 06:17:15  BuildStamp: freesurfer-linux-ubuntu22_x86_64-7.3.2-20220804-6354275  User: oesteban  Machine: dna065  Platform: Linux  PlatformVersion: 5.14.0-427.37.1.el9_4.x86_64  CompilerName: GCC  CompilerVersion: 8.4.0
ProgramName: mri_fill  ProgramArguments: mri_fill -all-info  ProgramVersion: 7.3.2  TimeStamp: 2026/03/09-23:23:36-GMT  BuildTime: Aug  4 2022 06:17:15  BuildStamp: freesurfer-linux-ubuntu22_x86_64-7.3.2-20220804-6354275  User: oesteban  Machine: dna065  Platform: Linux  PlatformVersion: 5.14.0-427.37.1.el9_4.x86_64  CompilerName: GCC  CompilerVersion: 8.4.0
ProgramName: mri_fuse_segmentations  ProgramArguments: mri_fuse_segmentations -all-info  ProgramVersion: 7.3.2  TimeStamp: 2026/03/09-23:23:36-GMT  BuildTime: Aug  4 2022 06:17:15  BuildStamp: freesurfer-linux-ubuntu22_x86_64-7.3.2-20220804-6354275  User: oesteban  Machine: dna065  Platform: Linux  PlatformVersion: 5.14.0-427.37.1.el9_4.x86_64  CompilerName: GCC  CompilerVersion: 8.4.0
ProgramName: mri_fwhm  ProgramArguments: mri_fwhm -all-info  ProgramVersion: 7.3.2  TimeStamp: 2026/03/09-23:23:36-GMT  BuildTime: Aug  4 2022 06:17:15  BuildStamp: freesurfer-linux-ubuntu22_x86_64-7.3.2-20220804-6354275  User: oesteban  Machine: dna065  Platform: Linux  PlatformVersion: 5.14.0-427.37.1.el9_4.x86_64  CompilerName: GCC  CompilerVersion: 8.4.0
ProgramName: mri_gcut  ProgramArguments: mri_gcut -all-info  ProgramVersion: 7.3.2  TimeStamp: 2026/03/09-23:23:36-GMT  BuildTime: Aug  4 2022 06:17:15  BuildStamp: freesurfer-linux-ubuntu22_x86_64-7.3.2-20220804-6354275  User: oesteban  Machine: dna065  Platform: Linux  PlatformVersion: 5.14.0-427.37.1.el9_4.x86_64  CompilerName: GCC  CompilerVersion: 8.4.0
ProgramName: mri_info  ProgramArguments: mri_info -all-info  ProgramVersion: 7.3.2  TimeStamp: 2026/03/09-23:23:36-GMT  BuildTime: Aug  4 2022 06:17:15  BuildStamp: freesurfer-linux-ubuntu22_x86_64-7.3.2-20220804-6354275  User: oesteban  Machine: dna065  Platform: Linux  PlatformVersion: 5.14.0-427.37.1.el9_4.x86_64  CompilerName: GCC  CompilerVersion: 8.4.0
ProgramName: mri_label2label  ProgramArguments: mri_label2label -all-info  ProgramVersion: 7.3.2  TimeStamp: 2026/03/09-23:23:36-GMT  BuildTime: Aug  4 2022 06:17:15  BuildStamp: freesurfer-linux-ubuntu22_x86_64-7.3.2-20220804-6354275  User: oesteban  Machine: dna065  Platform: Linux  PlatformVersion: 5.14.0-427.37.1.el9_4.x86_64  CompilerName: GCC  CompilerVersion: 8.4.0
ProgramName: mri_label2vol  ProgramArguments: mri_label2vol -all-info  ProgramVersion: 7.3.2  TimeStamp: 2026/03/09-23:23:36-GMT  BuildTime: Aug  4 2022 06:17:15  BuildStamp: freesurfer-linux-ubuntu22_x86_64-7.3.2-20220804-6354275  User: oesteban  Machine: dna065  Platform: Linux  PlatformVersion: 5.14.0-427.37.1.el9_4.x86_64  CompilerName: GCC  CompilerVersion: 8.4.0
ProgramName: mri_log_likelihood  ProgramArguments: mri_log_likelihood -all-info  ProgramVersion: 7.3.2  TimeStamp: 2026/03/09-23:23:36-GMT  BuildTime: Aug  4 2022 06:17:15  BuildStamp: freesurfer-linux-ubuntu22_x86_64-7.3.2-20220804-6354275  User: oesteban  Machine: dna065  Platform: Linux  PlatformVersion: 5.14.0-427.37.1.el9_4.x86_64  CompilerName: GCC  CompilerVersion: 8.4.0
ProgramName: mri_mask  ProgramArguments: mri_mask -all-info  ProgramVersion: 7.3.2  TimeStamp: 2026/03/09-23:23:36-GMT  BuildTime: Aug  4 2022 06:17:15  BuildStamp: freesurfer-linux-ubuntu22_x86_64-7.3.2-20220804-6354275  User: oesteban  Machine: dna065  Platform: Linux  PlatformVersion: 5.14.0-427.37.1.el9_4.x86_64  CompilerName: GCC  CompilerVersion: 8.4.0
ProgramName: mri_matrix_multiply  ProgramArguments: mri_matrix_multiply -all-info  ProgramVersion: 7.3.2  TimeStamp: 2026/03/09-23:23:36-GMT  BuildTime: Aug  4 2022 06:17:15  BuildStamp: freesurfer-linux-ubuntu22_x86_64-7.3.2-20220804-6354275  User: oesteban  Machine: dna065  Platform: Linux  PlatformVersion: 5.14.0-427.37.1.el9_4.x86_64  CompilerName: GCC  CompilerVersion: 8.4.0
ProgramName: mri_normalize  ProgramArguments: mri_normalize -all-info  ProgramVersion: 7.3.2  TimeStamp: 2026/03/09-23:23:36-GMT  BuildTime: Aug  4 2022 06:17:15  BuildStamp: freesurfer-linux-ubuntu22_x86_64-7.3.2-20220804-6354275  User: oesteban  Machine: dna065  Platform: Linux  PlatformVersion: 5.14.0-427.37.1.el9_4.x86_64  CompilerName: GCC  CompilerVersion: 8.4.0
ProgramName: mri_normalize_tp2  ProgramArguments: mri_normalize_tp2 -all-info  ProgramVersion: 7.3.2  TimeStamp: 2026/03/09-23:23:36-GMT  BuildTime: Aug  4 2022 06:17:15  BuildStamp: freesurfer-linux-ubuntu22_x86_64-7.3.2-20220804-6354275  User: oesteban  Machine: dna065  Platform: Linux  PlatformVersion: 5.14.0-427.37.1.el9_4.x86_64  CompilerName: GCC  CompilerVersion: 8.4.0
ProgramName: mri_or  ProgramArguments: mri_or -all-info  ProgramVersion: 7.3.2  TimeStamp: 2026/03/09-23:23:36-GMT  BuildTime: Aug  4 2022 06:17:15  BuildStamp: freesurfer-linux-ubuntu22_x86_64-7.3.2-20220804-6354275  User: oesteban  Machine: dna065  Platform: Linux  PlatformVersion: 5.14.0-427.37.1.el9_4.x86_64  CompilerName: GCC  CompilerVersion: 8.4.0
ProgramName: mri_relabel_hypointensities  ProgramArguments: mri_relabel_hypointensities -all-info  ProgramVersion: 7.3.2  TimeStamp: 2026/03/09-23:23:36-GMT  BuildTime: Aug  4 2022 06:17:15  BuildStamp: freesurfer-linux-ubuntu22_x86_64-7.3.2-20220804-6354275  User: oesteban  Machine: dna065  Platform: Linux  PlatformVersion: 5.14.0-427.37.1.el9_4.x86_64  CompilerName: GCC  CompilerVersion: 8.4.0
ProgramName: mri_relabel_nonwm_hypos  ProgramArguments: mri_relabel_nonwm_hypos -all-info  ProgramVersion: 7.3.2  TimeStamp: 2026/03/09-23:23:36-GMT  BuildTime: Aug  4 2022 06:17:15  BuildStamp: freesurfer-linux-ubuntu22_x86_64-7.3.2-20220804-6354275  User: oesteban  Machine: dna065  Platform: Linux  PlatformVersion: 5.14.0-427.37.1.el9_4.x86_64  CompilerName: GCC  CompilerVersion: 8.4.0
ProgramName: mri_remove_neck  ProgramArguments: mri_remove_neck -all-info  ProgramVersion: 7.3.2  TimeStamp: 2026/03/09-23:23:36-GMT  BuildTime: Aug  4 2022 06:17:15  BuildStamp: freesurfer-linux-ubuntu22_x86_64-7.3.2-20220804-6354275  User: oesteban  Machine: dna065  Platform: Linux  PlatformVersion: 5.14.0-427.37.1.el9_4.x86_64  CompilerName: GCC  CompilerVersion: 8.4.0
7.3.2

ProgramName: mri_robust_register  ProgramArguments: mri_robust_register -all-info  ProgramVersion: 7.3.2  TimeStamp: 2026/03/09-23:23:36-GMT  BuildTime: Aug  4 2022 06:17:15  BuildStamp: freesurfer-linux-ubuntu22_x86_64-7.3.2-20220804-6354275  User: oesteban  Machine: dna065  Platform: Linux  PlatformVersion: 5.14.0-427.37.1.el9_4.x86_64  CompilerName: GCC  CompilerVersion: 8.4.0
7.3.2

ProgramName: mri_robust_template  ProgramArguments: mri_robust_template -all-info  ProgramVersion: 7.3.2  TimeStamp: 2026/03/09-23:23:36-GMT  BuildTime: Aug  4 2022 06:17:15  BuildStamp: freesurfer-linux-ubuntu22_x86_64-7.3.2-20220804-6354275  User: oesteban  Machine: dna065  Platform: Linux  PlatformVersion: 5.14.0-427.37.1.el9_4.x86_64  CompilerName: GCC  CompilerVersion: 8.4.0
ProgramName: mris_anatomical_stats  ProgramArguments: mris_anatomical_stats -all-info  ProgramVersion: 7.3.2  TimeStamp: 2026/03/09-23:23:36-GMT  BuildTime: Aug  4 2022 06:17:15  BuildStamp: freesurfer-linux-ubuntu22_x86_64-7.3.2-20220804-6354275  User: oesteban  Machine: dna065  Platform: Linux  PlatformVersion: 5.14.0-427.37.1.el9_4.x86_64  CompilerName: GCC  CompilerVersion: 8.4.0
ProgramName: mris_ca_label  ProgramArguments: mris_ca_label -all-info  ProgramVersion: 7.3.2  TimeStamp: 2026/03/09-23:23:36-GMT  BuildTime: Aug  4 2022 06:17:15  BuildStamp: freesurfer-linux-ubuntu22_x86_64-7.3.2-20220804-6354275  User: oesteban  Machine: dna065  Platform: Linux  PlatformVersion: 5.14.0-427.37.1.el9_4.x86_64  CompilerName: GCC  CompilerVersion: 8.4.0
ProgramName: mris_calc  ProgramArguments: mris_calc -all-info  ProgramVersion: 7.3.2  TimeStamp: 2026/03/09-23:23:36-GMT  BuildTime: Aug  4 2022 06:17:15  BuildStamp: freesurfer-linux-ubuntu22_x86_64-7.3.2-20220804-6354275  User: oesteban  Machine: dna065  Platform: Linux  PlatformVersion: 5.14.0-427.37.1.el9_4.x86_64  CompilerName: GCC  CompilerVersion: 8.4.0
ProgramName: mris_convert  ProgramArguments: mris_convert -all-info  ProgramVersion: 7.3.2  TimeStamp: 2026/03/09-23:23:36-GMT  BuildTime: Aug  4 2022 06:17:15  BuildStamp: freesurfer-linux-ubuntu22_x86_64-7.3.2-20220804-6354275  User: oesteban  Machine: dna065  Platform: Linux  PlatformVersion: 5.14.0-427.37.1.el9_4.x86_64  CompilerName: GCC  CompilerVersion: 8.4.0
ProgramName: mris_curvature  ProgramArguments: mris_curvature -all-info  ProgramVersion: 7.3.2  TimeStamp: 2026/03/09-23:23:36-GMT  BuildTime: Aug  4 2022 06:17:15  BuildStamp: freesurfer-linux-ubuntu22_x86_64-7.3.2-20220804-6354275  User: oesteban  Machine: dna065  Platform: Linux  PlatformVersion: 5.14.0-427.37.1.el9_4.x86_64  CompilerName: GCC  CompilerVersion: 8.4.0
ProgramName: mris_curvature_stats  ProgramArguments: mris_curvature_stats -all-info  ProgramVersion: 7.3.2  TimeStamp: 2026/03/09-23:23:36-GMT  BuildTime: Aug  4 2022 06:17:15  BuildStamp: freesurfer-linux-ubuntu22_x86_64-7.3.2-20220804-6354275  User: oesteban  Machine: dna065  Platform: Linux  PlatformVersion: 5.14.0-427.37.1.el9_4.x86_64  CompilerName: GCC  CompilerVersion: 8.4.0
ProgramName: mris_diff  ProgramArguments: mris_diff -all-info  ProgramVersion: 7.3.2  TimeStamp: 2026/03/09-23:23:36-GMT  BuildTime: Aug  4 2022 06:17:15  BuildStamp: freesurfer-linux-ubuntu22_x86_64-7.3.2-20220804-6354275  User: oesteban  Machine: dna065  Platform: Linux  PlatformVersion: 5.14.0-427.37.1.el9_4.x86_64  CompilerName: GCC  CompilerVersion: 8.4.0
ProgramName: mris_divide_parcellation  ProgramArguments: mris_divide_parcellation -all-info  ProgramVersion: 7.3.2  TimeStamp: 2026/03/09-23:23:36-GMT  BuildTime: Aug  4 2022 06:17:15  BuildStamp: freesurfer-linux-ubuntu22_x86_64-7.3.2-20220804-6354275  User: oesteban  Machine: dna065  Platform: Linux  PlatformVersion: 5.14.0-427.37.1.el9_4.x86_64  CompilerName: GCC  CompilerVersion: 8.4.0
ProgramName: mri_segment  ProgramArguments: mri_segment -all-info  ProgramVersion: 7.3.2  TimeStamp: 2026/03/09-23:23:36-GMT  BuildTime: Aug  4 2022 06:17:15  BuildStamp: freesurfer-linux-ubuntu22_x86_64-7.3.2-20220804-6354275  User: oesteban  Machine: dna065  Platform: Linux  PlatformVersion: 5.14.0-427.37.1.el9_4.x86_64  CompilerName: GCC  CompilerVersion: 8.4.0
ProgramName: mri_segstats  ProgramArguments: mri_segstats -all-info  ProgramVersion: 7.3.2  TimeStamp: 2026/03/09-23:23:36-GMT  BuildTime: Aug  4 2022 06:17:15  BuildStamp: freesurfer-linux-ubuntu22_x86_64-7.3.2-20220804-6354275  User: oesteban  Machine: dna065  Platform: Linux  PlatformVersion: 5.14.0-427.37.1.el9_4.x86_64  CompilerName: GCC  CompilerVersion: 8.4.0
ProgramName: mris_euler_number  ProgramArguments: mris_euler_number -all-info  ProgramVersion: 7.3.2  TimeStamp: 2026/03/09-23:23:36-GMT  BuildTime: Aug  4 2022 06:17:15  BuildStamp: freesurfer-linux-ubuntu22_x86_64-7.3.2-20220804-6354275  User: oesteban  Machine: dna065  Platform: Linux  PlatformVersion: 5.14.0-427.37.1.el9_4.x86_64  CompilerName: GCC  CompilerVersion: 8.4.0
ProgramName: mris_fix_topology  ProgramArguments: mris_fix_topology -all-info  ProgramVersion: 7.3.2  TimeStamp: 2026/03/09-23:23:36-GMT  BuildTime: Aug  4 2022 06:17:15  BuildStamp: freesurfer-linux-ubuntu22_x86_64-7.3.2-20220804-6354275  User: oesteban  Machine: dna065  Platform: Linux  PlatformVersion: 5.14.0-427.37.1.el9_4.x86_64  CompilerName: GCC  CompilerVersion: 8.4.0
ProgramName: mris_topo_fixer  ProgramArguments: mris_topo_fixer -all-info  ProgramVersion: 7.3.2  TimeStamp: 2026/03/09-23:23:36-GMT  BuildTime: Aug  4 2022 06:17:15  BuildStamp: freesurfer-linux-ubuntu22_x86_64-7.3.2-20220804-6354275  User: oesteban  Machine: dna065  Platform: Linux  PlatformVersion: 5.14.0-427.37.1.el9_4.x86_64  CompilerName: GCC  CompilerVersion: 8.4.0
ProgramName: mris_jacobian  ProgramArguments: mris_jacobian -all-info  ProgramVersion: 7.3.2  TimeStamp: 2026/03/09-23:23:36-GMT  BuildTime: Aug  4 2022 06:17:15  BuildStamp: freesurfer-linux-ubuntu22_x86_64-7.3.2-20220804-6354275  User: oesteban  Machine: dna065  Platform: Linux  PlatformVersion: 5.14.0-427.37.1.el9_4.x86_64  CompilerName: GCC  CompilerVersion: 8.4.0
ProgramName: mris_label2annot  ProgramArguments: mris_label2annot -all-info  ProgramVersion: 7.3.2  TimeStamp: 2026/03/09-23:23:36-GMT  BuildTime: Aug  4 2022 06:17:15  BuildStamp: freesurfer-linux-ubuntu22_x86_64-7.3.2-20220804-6354275  User: oesteban  Machine: dna065  Platform: Linux  PlatformVersion: 5.14.0-427.37.1.el9_4.x86_64  CompilerName: GCC  CompilerVersion: 8.4.0
ProgramName: mris_left_right_register  ProgramArguments: mris_left_right_register -all-info  ProgramVersion: 7.3.2  TimeStamp: 2026/03/09-23:23:36-GMT  BuildTime: Aug  4 2022 06:17:15  BuildStamp: freesurfer-linux-ubuntu22_x86_64-7.3.2-20220804-6354275  User: oesteban  Machine: dna065  Platform: Linux  PlatformVersion: 5.14.0-427.37.1.el9_4.x86_64  CompilerName: GCC  CompilerVersion: 8.4.0
ProgramName: mris_place_surface  ProgramArguments: mris_place_surface -all-info  ProgramVersion: 7.3.2  TimeStamp: 2026/03/09-23:23:36-GMT  BuildTime: Aug  4 2022 06:17:15  BuildStamp: freesurfer-linux-ubuntu22_x86_64-7.3.2-20220804-6354275  User: oesteban  Machine: dna065  Platform: Linux  PlatformVersion: 5.14.0-427.37.1.el9_4.x86_64  CompilerName: GCC  CompilerVersion: 8.4.0
ProgramName: mrisp_paint  ProgramArguments: mrisp_paint -all-info  ProgramVersion: 7.3.2  TimeStamp: 2026/03/09-23:23:36-GMT  BuildTime: Aug  4 2022 06:17:15  BuildStamp: freesurfer-linux-ubuntu22_x86_64-7.3.2-20220804-6354275  User: oesteban  Machine: dna065  Platform: Linux  PlatformVersion: 5.14.0-427.37.1.el9_4.x86_64  CompilerName: GCC  CompilerVersion: 8.4.0
ProgramName: mris_register  ProgramArguments: mris_register -all-info  ProgramVersion: 7.3.2  TimeStamp: 2026/03/09-23:23:36-GMT  BuildTime: Aug  4 2022 06:17:15  BuildStamp: freesurfer-linux-ubuntu22_x86_64-7.3.2-20220804-6354275  User: oesteban  Machine: dna065  Platform: Linux  PlatformVersion: 5.14.0-427.37.1.el9_4.x86_64  CompilerName: GCC  CompilerVersion: 8.4.0
ProgramName: mris_smooth  ProgramArguments: mris_smooth -all-info  ProgramVersion: 7.3.2  TimeStamp: 2026/03/09-23:23:36-GMT  BuildTime: Aug  4 2022 06:17:15  BuildStamp: freesurfer-linux-ubuntu22_x86_64-7.3.2-20220804-6354275  User: oesteban  Machine: dna065  Platform: Linux  PlatformVersion: 5.14.0-427.37.1.el9_4.x86_64  CompilerName: GCC  CompilerVersion: 8.4.0
ProgramName: mris_sphere  ProgramArguments: mris_sphere -all-info  ProgramVersion: 7.3.2  TimeStamp: 2026/03/09-23:23:36-GMT  BuildTime: Aug  4 2022 06:17:15  BuildStamp: freesurfer-linux-ubuntu22_x86_64-7.3.2-20220804-6354275  User: oesteban  Machine: dna065  Platform: Linux  PlatformVersion: 5.14.0-427.37.1.el9_4.x86_64  CompilerName: GCC  CompilerVersion: 8.4.0
ProgramName: mris_surface_stats  ProgramArguments: mris_surface_stats -all-info  ProgramVersion: 7.3.2  TimeStamp: 2026/03/09-23:23:36-GMT  BuildTime: Aug  4 2022 06:17:15  BuildStamp: freesurfer-linux-ubuntu22_x86_64-7.3.2-20220804-6354275  User: oesteban  Machine: dna065  Platform: Linux  PlatformVersion: 5.14.0-427.37.1.el9_4.x86_64  CompilerName: GCC  CompilerVersion: 8.4.0
ProgramName: mri_stats2seg  ProgramArguments: mri_stats2seg -all-info  ProgramVersion: 7.3.2  TimeStamp: 2026/03/09-23:23:36-GMT  BuildTime: Aug  4 2022 06:17:15  BuildStamp: freesurfer-linux-ubuntu22_x86_64-7.3.2-20220804-6354275  User: oesteban  Machine: dna065  Platform: Linux  PlatformVersion: 5.14.0-427.37.1.el9_4.x86_64  CompilerName: GCC  CompilerVersion: 8.4.0
ProgramName: mris_thickness  ProgramArguments: mris_thickness -all-info  ProgramVersion: 7.3.2  TimeStamp: 2026/03/09-23:23:36-GMT  BuildTime: Aug  4 2022 06:17:15  BuildStamp: freesurfer-linux-ubuntu22_x86_64-7.3.2-20220804-6354275  User: oesteban  Machine: dna065  Platform: Linux  PlatformVersion: 5.14.0-427.37.1.el9_4.x86_64  CompilerName: GCC  CompilerVersion: 8.4.0
ProgramName: mris_thickness_diff  ProgramArguments: mris_thickness_diff -all-info  ProgramVersion: 7.3.2  TimeStamp: 2026/03/09-23:23:36-GMT  BuildTime: Aug  4 2022 06:17:15  BuildStamp: freesurfer-linux-ubuntu22_x86_64-7.3.2-20220804-6354275  User: oesteban  Machine: dna065  Platform: Linux  PlatformVersion: 5.14.0-427.37.1.el9_4.x86_64  CompilerName: GCC  CompilerVersion: 8.4.0
ProgramName: mris_topo_fixer  ProgramArguments: mris_topo_fixer -all-info  ProgramVersion: 7.3.2  TimeStamp: 2026/03/09-23:23:36-GMT  BuildTime: Aug  4 2022 06:17:15  BuildStamp: freesurfer-linux-ubuntu22_x86_64-7.3.2-20220804-6354275  User: oesteban  Machine: dna065  Platform: Linux  PlatformVersion: 5.14.0-427.37.1.el9_4.x86_64  CompilerName: GCC  CompilerVersion: 8.4.0
ProgramName: mri_surf2surf  ProgramArguments: mri_surf2surf -all-info  ProgramVersion: 7.3.2  TimeStamp: 2026/03/09-23:23:36-GMT  BuildTime: Aug  4 2022 06:17:15  BuildStamp: freesurfer-linux-ubuntu22_x86_64-7.3.2-20220804-6354275  User: oesteban  Machine: dna065  Platform: Linux  PlatformVersion: 5.14.0-427.37.1.el9_4.x86_64  CompilerName: GCC  CompilerVersion: 8.4.0
ProgramName: mri_surf2vol  ProgramArguments: mri_surf2vol -all-info  ProgramVersion: 7.3.2  TimeStamp: 2026/03/09-23:23:36-GMT  BuildTime: Aug  4 2022 06:17:15  BuildStamp: freesurfer-linux-ubuntu22_x86_64-7.3.2-20220804-6354275  User: oesteban  Machine: dna065  Platform: Linux  PlatformVersion: 5.14.0-427.37.1.el9_4.x86_64  CompilerName: GCC  CompilerVersion: 8.4.0
ProgramName: mri_surfcluster  ProgramArguments: mri_surfcluster -all-info  ProgramVersion: 7.3.2  TimeStamp: 2026/03/09-23:23:36-GMT  BuildTime: Aug  4 2022 06:17:15  BuildStamp: freesurfer-linux-ubuntu22_x86_64-7.3.2-20220804-6354275  User: oesteban  Machine: dna065  Platform: Linux  PlatformVersion: 5.14.0-427.37.1.el9_4.x86_64  CompilerName: GCC  CompilerVersion: 8.4.0
ProgramName: mris_volmask  ProgramArguments: mris_volmask -all-info  ProgramVersion: 7.3.2  TimeStamp: 2026/03/09-23:23:36-GMT  BuildTime: Aug  4 2022 06:17:15  BuildStamp: freesurfer-linux-ubuntu22_x86_64-7.3.2-20220804-6354275  User: oesteban  Machine: dna065  Platform: Linux  PlatformVersion: 5.14.0-427.37.1.el9_4.x86_64  CompilerName: GCC  CompilerVersion: 8.4.0
ProgramName: mri_tessellate  ProgramArguments: mri_tessellate -all-info  ProgramVersion: 7.3.2  TimeStamp: 2026/03/09-23:23:36-GMT  BuildTime: Aug  4 2022 06:17:15  BuildStamp: freesurfer-linux-ubuntu22_x86_64-7.3.2-20220804-6354275  User: oesteban  Machine: dna065  Platform: Linux  PlatformVersion: 5.14.0-427.37.1.el9_4.x86_64  CompilerName: GCC  CompilerVersion: 8.4.0
ProgramName: mri_vol2surf  ProgramArguments: mri_vol2surf -all-info  ProgramVersion: 7.3.2  TimeStamp: 2026/03/09-23:23:36-GMT  BuildTime: Aug  4 2022 06:17:15  BuildStamp: freesurfer-linux-ubuntu22_x86_64-7.3.2-20220804-6354275  User: oesteban  Machine: dna065  Platform: Linux  PlatformVersion: 5.14.0-427.37.1.el9_4.x86_64  CompilerName: GCC  CompilerVersion: 8.4.0
ProgramName: mri_vol2vol  ProgramArguments: mri_vol2vol -all-info  ProgramVersion: 7.3.2  TimeStamp: 2026/03/09-23:23:36-GMT  BuildTime: Aug  4 2022 06:17:15  BuildStamp: freesurfer-linux-ubuntu22_x86_64-7.3.2-20220804-6354275  User: oesteban  Machine: dna065  Platform: Linux  PlatformVersion: 5.14.0-427.37.1.el9_4.x86_64  CompilerName: GCC  CompilerVersion: 8.4.0
ProgramName: mri_voldiff  ProgramArguments: mri_voldiff -all-info  ProgramVersion: 7.3.2  TimeStamp: 2026/03/09-23:23:36-GMT  BuildTime: Aug  4 2022 06:17:15  BuildStamp: freesurfer-linux-ubuntu22_x86_64-7.3.2-20220804-6354275  User: oesteban  Machine: dna065  Platform: Linux  PlatformVersion: 5.14.0-427.37.1.el9_4.x86_64  CompilerName: GCC  CompilerVersion: 8.4.0
ProgramName: mri_watershed  ProgramArguments: mri_watershed -all-info  ProgramVersion: 7.3.2  TimeStamp: 2026/03/09-23:23:36-GMT  BuildTime: Aug  4 2022 06:17:15  BuildStamp: freesurfer-linux-ubuntu22_x86_64-7.3.2-20220804-6354275  User: oesteban  Machine: dna065  Platform: Linux  PlatformVersion: 5.14.0-427.37.1.el9_4.x86_64  CompilerName: GCC  CompilerVersion: 8.4.0
ProgramName: tkregister2  ProgramArguments: tkregister2_cmdl -all-info  ProgramVersion: 7.3.2  TimeStamp: 2026/03/09-23:23:36-GMT  BuildTime: Aug  4 2022 06:17:15  BuildStamp: freesurfer-linux-ubuntu22_x86_64-7.3.2-20220804-6354275  User: oesteban  Machine: dna065  Platform: Linux  PlatformVersion: 5.14.0-427.37.1.el9_4.x86_64  CompilerName: GCC  CompilerVersion: 8.4.0
mri_motion_correct.fsl 7.3.2
mri_convert -all-info 
ProgramName: mri_convert  ProgramArguments: mri_convert -all-info  ProgramVersion: 7.3.2  TimeStamp: 2026/03/09-23:23:36-GMT  BuildTime: Aug  4 2022 06:17:15  BuildStamp: freesurfer-linux-ubuntu22_x86_64-7.3.2-20220804-6354275  User: oesteban  Machine: dna065  Platform: Linux  PlatformVersion: 5.14.0-427.37.1.el9_4.x86_64  CompilerName: GCC  CompilerVersion: 8.4.0
Program nu_correct, built from:
Package MNI N3, version 1.12.0, compiled by nicks@terrier (x86_64-unknown-linux-gnu) on 2015-06-19 at 01:25:34
#######################################
GCADIR /opt/freesurfer/average
GCA RB_all_2020-01-02.gca
GCASkull RB_all_withskull_2020_01_02.gca
AvgCurvTif folding.atlas.acfb40.noaparc.i12.2016-08-02.tif
GCSDIR /opt/freesurfer/average
GCS DKaparc.atlas.acfb40.noaparc.i12.2016-08-02.gcs
#######################################
#--------------------------------------------
#@# WhiteSurfs lh Tue Mar 10 00:23:36 CET 2026
cd /out/sourcedata/freesurfer/sub-v1s2x0051479_ses-1/mri
mris_place_surface --adgws-in ../surf/autodet.gw.stats.lh.dat --seg aseg.presurf.mgz --threads 16 --wm wm.mgz --invol brain.finalsurfs.mgz --lh --i ../surf/lh.white.preaparc --o ../surf/lh.white --white --nsmooth 0 --rip-label ../label/lh.cortex.label --rip-bg --rip-surf ../surf/lh.white.preaparc --aparc ../label/lh.aparc.annot
   Update not needed
#--------------------------------------------
#@# WhiteSurfs rh Tue Mar 10 00:23:36 CET 2026
cd /out/sourcedata/freesurfer/sub-v1s2x0051479_ses-1/mri
mris_place_surface --adgws-in ../surf/autodet.gw.stats.rh.dat --seg aseg.presurf.mgz --threads 16 --wm wm.mgz --invol brain.finalsurfs.mgz --rh --i ../surf/rh.white.preaparc --o ../surf/rh.white --white --nsmooth 0 --rip-label ../label/rh.cortex.label --rip-bg --rip-surf ../surf/rh.white.preaparc --aparc ../label/rh.aparc.annot
   Update not needed
#@# white curv lh Tue Mar 10 00:23:36 CET 2026
cd /out/sourcedata/freesurfer/sub-v1s2x0051479_ses-1/mri
mris_place_surface --curv-map ../surf/lh.white 2 10 ../surf/lh.curv
   Update not needed
#@# white area lh Tue Mar 10 00:23:36 CET 2026
cd /out/sourcedata/freesurfer/sub-v1s2x0051479_ses-1/mri
mris_place_surface --area-map ../surf/lh.white ../surf/lh.area
   Update not needed
#@# pial curv lh Tue Mar 10 00:23:36 CET 2026
cd /out/sourcedata/freesurfer/sub-v1s2x0051479_ses-1/mri
mris_place_surface --curv-map ../surf/lh.pial 2 10 ../surf/lh.curv.pial
   Update not needed
#@# pial area lh Tue Mar 10 00:23:36 CET 2026
cd /out/sourcedata/freesurfer/sub-v1s2x0051479_ses-1/mri
mris_place_surface --area-map ../surf/lh.pial ../surf/lh.area.pial
   Update not needed
#@# thickness lh Tue Mar 10 00:23:36 CET 2026
cd /out/sourcedata/freesurfer/sub-v1s2x0051479_ses-1/mri
mris_place_surface --thickness ../surf/lh.white ../surf/lh.pial 20 5 ../surf/lh.thickness
   Update not needed
#@# area and vertex vol lh Tue Mar 10 00:23:36 CET 2026
cd /out/sourcedata/freesurfer/sub-v1s2x0051479_ses-1/mri
mris_place_surface --thickness ../surf/lh.white ../surf/lh.pial 20 5 ../surf/lh.thickness
   Update not needed
#@# white curv rh Tue Mar 10 00:23:36 CET 2026
cd /out/sourcedata/freesurfer/sub-v1s2x0051479_ses-1/mri
mris_place_surface --curv-map ../surf/rh.white 2 10 ../surf/rh.curv
   Update not needed
#@# white area rh Tue Mar 10 00:23:36 CET 2026
cd /out/sourcedata/freesurfer/sub-v1s2x0051479_ses-1/mri
mris_place_surface --area-map ../surf/rh.white ../surf/rh.area
   Update not needed
#@# pial curv rh Tue Mar 10 00:23:36 CET 2026
cd /out/sourcedata/freesurfer/sub-v1s2x0051479_ses-1/mri
mris_place_surface --curv-map ../surf/rh.pial 2 10 ../surf/rh.curv.pial
   Update not needed
#@# pial area rh Tue Mar 10 00:23:36 CET 2026
cd /out/sourcedata/freesurfer/sub-v1s2x0051479_ses-1/mri
mris_place_surface --area-map ../surf/rh.pial ../surf/rh.area.pial
   Update not needed
#@# thickness rh Tue Mar 10 00:23:36 CET 2026
cd /out/sourcedata/freesurfer/sub-v1s2x0051479_ses-1/mri
mris_place_surface --thickness ../surf/rh.white ../surf/rh.pial 20 5 ../surf/rh.thickness
   Update not needed
#@# area and vertex vol rh Tue Mar 10 00:23:36 CET 2026
cd /out/sourcedata/freesurfer/sub-v1s2x0051479_ses-1/mri
mris_place_surface --thickness ../surf/rh.white ../surf/rh.pial 20 5 ../surf/rh.thickness
   Update not needed

#-----------------------------------------
#@# Curvature Stats lh Tue Mar 10 00:23:36 CET 2026
/out/sourcedata/freesurfer/sub-v1s2x0051479_ses-1/surf

 mris_curvature_stats -m --writeCurvatureFiles -G -o ../stats/lh.curv.stats -F smoothwm sub-v1s2x0051479_ses-1 lh curv sulc 

             Toggling save flag on curvature files                       [ ok ]
                 Outputting results using filestem   [ ../stats/lh.curv.stats ]
             Toggling save flag on curvature files                       [ ok ]
                                   Setting surface [ sub-v1s2x0051479_ses-1/lh.smoothwm ]
                                Reading surface...                       [ ok ]
                                   Setting texture                     [ curv ]
                                Reading texture...                       [ ok ]
                                   Setting texture                     [ sulc ]
                                Reading texture...Gb_filter = 0
                       [ ok ]
      Calculating Discrete Principal Curvatures...
      Determining geometric order for vno faces... [####################] [ ok ]
                      Determining KH curvatures... [####################] [ ok ]
                    Determining k1k2 curvatures... [####################] [ ok ]
                                   deltaViolations                      [ 206 ]
Gb_filter = 0

WARN:    S lookup   min:                          -0.028585
WARN:    S explicit min:                          0.000000	vertex = 1718

WARN:    C lookup   min:                          0.006002
WARN:    C explicit min:                          0.006431	vertex = 133171

#-----------------------------------------
#@# Curvature Stats rh Tue Mar 10 00:23:38 CET 2026
/out/sourcedata/freesurfer/sub-v1s2x0051479_ses-1/surf

 mris_curvature_stats -m --writeCurvatureFiles -G -o ../stats/rh.curv.stats -F smoothwm sub-v1s2x0051479_ses-1 rh curv sulc 

             Toggling save flag on curvature files                       [ ok ]
                 Outputting results using filestem   [ ../stats/rh.curv.stats ]
             Toggling save flag on curvature files                       [ ok ]
                                   Setting surface [ sub-v1s2x0051479_ses-1/rh.smoothwm ]
                                Reading surface...                       [ ok ]
                                   Setting texture                     [ curv ]
                                Reading texture...                       [ ok ]
                                   Setting texture                     [ sulc ]
                                Reading texture...Gb_filter = 0
                       [ ok ]
      Calculating Discrete Principal Curvatures...
      Determining geometric order for vno faces... [####################] [ ok ]
                      Determining KH curvatures... [####################] [ ok ]
                    Determining k1k2 curvatures... [####################] [ ok ]
                                   deltaViolations                      [ 230 ]
Gb_filter = 0

WARN:    S lookup   min:                          -0.084476
WARN:    S explicit min:                          0.000000	vertex = 392
#-----------------------------------------
#@# Relabel Hypointensities Tue Mar 10 00:23:39 CET 2026
/out/sourcedata/freesurfer/sub-v1s2x0051479_ses-1/mri

 mri_relabel_hypointensities aseg.presurf.mgz ../surf aseg.presurf.hypos.mgz 

reading input surface ../surf/lh.white...
relabeling lh hypointensities...
5007 voxels changed to hypointensity...
reading input surface ../surf/rh.white...
relabeling rh hypointensities...
5641 voxels changed to hypointensity...
10422 hypointense voxels neighboring cortex changed
#-----------------------------------------
#@# APas-to-ASeg Tue Mar 10 00:23:49 CET 2026
/out/sourcedata/freesurfer/sub-v1s2x0051479_ses-1/mri

 mri_surf2volseg --o aseg.mgz --i aseg.presurf.hypos.mgz --fix-presurf-with-ribbon /out/sourcedata/freesurfer/sub-v1s2x0051479_ses-1/mri/ribbon.mgz --threads 16 --lh-cortex-mask /out/sourcedata/freesurfer/sub-v1s2x0051479_ses-1/label/lh.cortex.label --lh-white /out/sourcedata/freesurfer/sub-v1s2x0051479_ses-1/surf/lh.white --lh-pial /out/sourcedata/freesurfer/sub-v1s2x0051479_ses-1/surf/lh.pial --rh-cortex-mask /out/sourcedata/freesurfer/sub-v1s2x0051479_ses-1/label/rh.cortex.label --rh-white /out/sourcedata/freesurfer/sub-v1s2x0051479_ses-1/surf/rh.white --rh-pial /out/sourcedata/freesurfer/sub-v1s2x0051479_ses-1/surf/rh.pial 

SUBJECTS_DIR /out/sourcedata/freesurfer
outvol aseg.mgz
16 avail.processors, using 16
Loading aseg.presurf.hypos.mgz
Loading /out/sourcedata/freesurfer/sub-v1s2x0051479_ses-1/mri/ribbon.mgz
Loading /out/sourcedata/freesurfer/sub-v1s2x0051479_ses-1/surf/lh.white
Loading /out/sourcedata/freesurfer/sub-v1s2x0051479_ses-1/surf/lh.pial
Loading /out/sourcedata/freesurfer/sub-v1s2x0051479_ses-1/label/lh.cortex.label
Loading /out/sourcedata/freesurfer/sub-v1s2x0051479_ses-1/surf/rh.white
Loading /out/sourcedata/freesurfer/sub-v1s2x0051479_ses-1/surf/rh.pial
Loading /out/sourcedata/freesurfer/sub-v1s2x0051479_ses-1/label/rh.cortex.label
Done loading
  0 112 208 192 128  80  32  96  16 176 224  64 240 144 160  48 193   1  33  65 241 225 209  17  49 242 210   2  34  18 226  50 243 211   3  35  19 
 51 227 244 212   4  20  36  52 245 213 228   5  21  37 246  53 214   6 229  38  66 194 247 215  54   7  81  39 
195 230  67 248 216  55   8  40  68 196 231 217 249  56  41   9 197  97  69 232  22 218 250 198  57 161  42  10  82  70  23 199 
233 219 
251 113  58  43  11  24  71 200 220 234 252  59 
 25  12  44 201  72 221 235 253 177  45 202  83  60  13  26 222 145 203 236 254  46  61 162  14  27  98 204 223 237  73 255  47  62  15  28 205  84 238 129  29  63 206  74 178 239 
 30 207  31  75 163  85 146  99 
179 
 76  77  86 180  78 164 100 114  87  79 
181 147 130 165 182  88 101 183 166 184  89 148 185 167 131 186 102  90 187 115 188 168 149 189 190  91 191 103 169  92 150 132 170  93 104 116 171  94 151 133 105  95 172 134 152 106 117 173 135 107 153 174 136 118 175 108 154 137 155 109 119 
156 138 110 157 139 
111 120 158 140 121 159 
141 122 142 123 124 143 125 126 127 
nrelabeled = 188634
ndotcheck = 0
Starting Surf2VolSeg free
free done
#VMPC# mri_surf2volseg VmPeak  1932372
mri_surf2volseg done

 mri_brainvol_stats sub-v1s2x0051479_ses-1 

ComputeBrainVolumeStats2 VoxelVol=1, KeepCSF=1
  #CBVS2 MaskVol              1360769.0
  #CBVS2 BrainSegVol          1101947.0
  #CBVS2 BrainSegVolNotVent   1077264.0
  #CBVS2 SupraTentVol          960485.0
  #CBVS2 SupraTentVolNotVent   935802.0
  #CBVS2 lhCtxGM               221048.5
  #CBVS2 rhCtxGM               221445.6
  #CBVS2 lhCerebralWM          218510.0
  #CBVS2 rhCerebralWM          220475.0
  #CBVS2 SubCortGMVol           56533.0
  #CBVS2 CerebellumVol         141462.0
  #CBVS2 CerebellumGMVol       114493.0
  #CBVS2 VentChorVol            20595.0
  #CBVS2 3rd4th5thCSF            4088.0
  #CBVS2 AllCSF                 24683.0
  #CBVS2 CCVol                   4072.0
#-----------------------------------------
#@# AParc-to-ASeg aparc Tue Mar 10 00:23:54 CET 2026
/out/sourcedata/freesurfer/sub-v1s2x0051479_ses-1/mri

 mri_surf2volseg --o aparc+aseg.mgz --label-cortex --i aseg.mgz --threads 16 --lh-annot /out/sourcedata/freesurfer/sub-v1s2x0051479_ses-1/label/lh.aparc.annot 1000 --lh-cortex-mask /out/sourcedata/freesurfer/sub-v1s2x0051479_ses-1/label/lh.cortex.label --lh-white /out/sourcedata/freesurfer/sub-v1s2x0051479_ses-1/surf/lh.white --lh-pial /out/sourcedata/freesurfer/sub-v1s2x0051479_ses-1/surf/lh.pial --rh-annot /out/sourcedata/freesurfer/sub-v1s2x0051479_ses-1/label/rh.aparc.annot 2000 --rh-cortex-mask /out/sourcedata/freesurfer/sub-v1s2x0051479_ses-1/label/rh.cortex.label --rh-white /out/sourcedata/freesurfer/sub-v1s2x0051479_ses-1/surf/rh.white --rh-pial /out/sourcedata/freesurfer/sub-v1s2x0051479_ses-1/surf/rh.pial 

SUBJECTS_DIR /out/sourcedata/freesurfer
outvol aparc+aseg.mgz
16 avail.processors, using 16
Loading aseg.mgz
Loading /out/sourcedata/freesurfer/sub-v1s2x0051479_ses-1/surf/lh.white
Loading /out/sourcedata/freesurfer/sub-v1s2x0051479_ses-1/surf/lh.pial
Loading /out/sourcedata/freesurfer/sub-v1s2x0051479_ses-1/label/lh.cortex.label
Ripping lh vertices labeled not in lh.cortex.label
  ripped 8154 vertices from lh hemi
Loading /out/sourcedata/freesurfer/sub-v1s2x0051479_ses-1/label/lh.aparc.annot
Loading /out/sourcedata/freesurfer/sub-v1s2x0051479_ses-1/surf/rh.white
Loading /out/sourcedata/freesurfer/sub-v1s2x0051479_ses-1/surf/rh.pial
Loading /out/sourcedata/freesurfer/sub-v1s2x0051479_ses-1/label/rh.cortex.label
Ripping rh vertices labeled not in rh.cortex.label
  ripped 8116 vertices from rh hemi
Loading /out/sourcedata/freesurfer/sub-v1s2x0051479_ses-1/label/rh.aparc.annot
Done loading
  0 128  16 192 224 144  96  48 208 112  32  64  80 176 240 160  49   1  17 209 225 241  33  34  50  18 242 226 210   2  35  51  19 
243 227   3 211  36  52  20 244 228   4 212  37  53  21 245   5 229 213  38  54  22 246   6 230  39 
214  55 247  23   7 231  40 215  56 248  24   8 232  41  57 216 249 233   9  25  42  58 250 217 234  10 251  43  59 
218 235  26  11 252  60  44 219 
236  61  27 253 220  12  45 237  62 254 221 238  46  63  13  28 255 239 
222  47  14  29  15  30 223  31  65 193  66 194 195 196 197 198 199 
200 201 202 203 204 205 206 207  67 129  68 130 145  97  69  81 177 113 161 131  70 146  71  98  82 178 132 114  72 162 147 179 
 99 
 73  83 133 115 148 180  74 100 163 116  84 134 149 181  75 101 117  85 182 135  76 150 164 102 183 118  86 136  77 151 184 103 165 119 
137 185  87  78 152 186 104 187 138 120  79 
 88 188 153 166 189 105 190 191 139 
121  89 154 106 140 167 122 107 155 141  90 108 156 123 142 168 109  91 157 143 110 124 111 158 169  92 159 
125 170  93 171 126  94 127 172  95 173 174 175 
nrelabeled = 440277
ndotcheck = 29845
Starting Surf2VolSeg free
free done
#VMPC# mri_surf2volseg VmPeak  1916560
mri_surf2volseg done
#-----------------------------------------
#@# AParc-to-ASeg aparc.a2009s Tue Mar 10 00:24:13 CET 2026
/out/sourcedata/freesurfer/sub-v1s2x0051479_ses-1/mri

 mri_surf2volseg --o aparc.a2009s+aseg.mgz --label-cortex --i aseg.mgz --threads 16 --lh-annot /out/sourcedata/freesurfer/sub-v1s2x0051479_ses-1/label/lh.aparc.a2009s.annot 11100 --lh-cortex-mask /out/sourcedata/freesurfer/sub-v1s2x0051479_ses-1/label/lh.cortex.label --lh-white /out/sourcedata/freesurfer/sub-v1s2x0051479_ses-1/surf/lh.white --lh-pial /out/sourcedata/freesurfer/sub-v1s2x0051479_ses-1/surf/lh.pial --rh-annot /out/sourcedata/freesurfer/sub-v1s2x0051479_ses-1/label/rh.aparc.a2009s.annot 12100 --rh-cortex-mask /out/sourcedata/freesurfer/sub-v1s2x0051479_ses-1/label/rh.cortex.label --rh-white /out/sourcedata/freesurfer/sub-v1s2x0051479_ses-1/surf/rh.white --rh-pial /out/sourcedata/freesurfer/sub-v1s2x0051479_ses-1/surf/rh.pial 

SUBJECTS_DIR /out/sourcedata/freesurfer
outvol aparc.a2009s+aseg.mgz
16 avail.processors, using 16
Loading aseg.mgz
Loading /out/sourcedata/freesurfer/sub-v1s2x0051479_ses-1/surf/lh.white
Loading /out/sourcedata/freesurfer/sub-v1s2x0051479_ses-1/surf/lh.pial
Loading /out/sourcedata/freesurfer/sub-v1s2x0051479_ses-1/label/lh.cortex.label
Ripping lh vertices labeled not in lh.cortex.label
  ripped 8154 vertices from lh hemi
Loading /out/sourcedata/freesurfer/sub-v1s2x0051479_ses-1/label/lh.aparc.a2009s.annot
Loading /out/sourcedata/freesurfer/sub-v1s2x0051479_ses-1/surf/rh.white
Loading /out/sourcedata/freesurfer/sub-v1s2x0051479_ses-1/surf/rh.pial
Loading /out/sourcedata/freesurfer/sub-v1s2x0051479_ses-1/label/rh.cortex.label
Ripping rh vertices labeled not in rh.cortex.label
  ripped 8116 vertices from rh hemi
Loading /out/sourcedata/freesurfer/sub-v1s2x0051479_ses-1/label/rh.aparc.a2009s.annot
Done loading
144  48  64   0 224  96 208 160  16 192  32  80 240 128 176 112  33 241   1 209  17  49 225 242  34   2 210  18  50 226 243  35   3 211  19 
 51 244  36 227   4  37 212 245  20  52   5 228  38 213 246  21  53  39 
  6 229 247 214  54  22  40 230   7  41 215 248  55  23   8  42 231 249 216  56  24  43   9 232 250 217  57  25  44 233 251  10 218  58  26  45 252 234 219 
 11 253  46 235  27 254  12 220  47  59 
236 255  28  13 221  60 237  29 222  14 238  30 223  61  15 239 
 31  62  63  65 193  66 194 195 196 197 198 199 
200 201 202 203 204 205 206 207  67  68 129  69 113 161 130 177 145  70  81  97  71 114 131 146  72 162 178  82  98  73 115 147 179 
132 163  74 148 116 180  83  99 
164  75 133 181 149 117  84 100  76 165 182 150 118 134 101  85  77 183 166 151 119 
102  86 184  78 167 185 152 135 103 120  87 186  79 
187 168 153 188 104 189 121  88 136 190 191 169 154 105 122  89 137 155 106 170 123  90 138 107 156 171 108 139 
157 124  91 172 109 140 110 158 173  92 125 111 141 159 
174  93 142 126 175 143  94 127  95 
nrelabeled = 440277
ndotcheck = 29845
Starting Surf2VolSeg free
free done
#VMPC# mri_surf2volseg VmPeak  1916644
mri_surf2volseg done
#-----------------------------------------
#@# AParc-to-ASeg aparc.DKTatlas Tue Mar 10 00:24:30 CET 2026
/out/sourcedata/freesurfer/sub-v1s2x0051479_ses-1/mri

 mri_surf2volseg --o aparc.DKTatlas+aseg.mgz --label-cortex --i aseg.mgz --threads 16 --lh-annot /out/sourcedata/freesurfer/sub-v1s2x0051479_ses-1/label/lh.aparc.DKTatlas.annot 1000 --lh-cortex-mask /out/sourcedata/freesurfer/sub-v1s2x0051479_ses-1/label/lh.cortex.label --lh-white /out/sourcedata/freesurfer/sub-v1s2x0051479_ses-1/surf/lh.white --lh-pial /out/sourcedata/freesurfer/sub-v1s2x0051479_ses-1/surf/lh.pial --rh-annot /out/sourcedata/freesurfer/sub-v1s2x0051479_ses-1/label/rh.aparc.DKTatlas.annot 2000 --rh-cortex-mask /out/sourcedata/freesurfer/sub-v1s2x0051479_ses-1/label/rh.cortex.label --rh-white /out/sourcedata/freesurfer/sub-v1s2x0051479_ses-1/surf/rh.white --rh-pial /out/sourcedata/freesurfer/sub-v1s2x0051479_ses-1/surf/rh.pial 

SUBJECTS_DIR /out/sourcedata/freesurfer
outvol aparc.DKTatlas+aseg.mgz
16 avail.processors, using 16
Loading aseg.mgz
Loading /out/sourcedata/freesurfer/sub-v1s2x0051479_ses-1/surf/lh.white
Loading /out/sourcedata/freesurfer/sub-v1s2x0051479_ses-1/surf/lh.pial
Loading /out/sourcedata/freesurfer/sub-v1s2x0051479_ses-1/label/lh.cortex.label
Ripping lh vertices labeled not in lh.cortex.label
  ripped 8154 vertices from lh hemi
Loading /out/sourcedata/freesurfer/sub-v1s2x0051479_ses-1/label/lh.aparc.DKTatlas.annot
Loading /out/sourcedata/freesurfer/sub-v1s2x0051479_ses-1/surf/rh.white
Loading /out/sourcedata/freesurfer/sub-v1s2x0051479_ses-1/surf/rh.pial
Loading /out/sourcedata/freesurfer/sub-v1s2x0051479_ses-1/label/rh.cortex.label
Ripping rh vertices labeled not in rh.cortex.label
  ripped 8116 vertices from rh hemi
Loading /out/sourcedata/freesurfer/sub-v1s2x0051479_ses-1/label/rh.aparc.DKTatlas.annot
Done loading
  0 128 208 112 160 224 176 192  64  96  16  48  80  32 240 144  49 209  33  17 241 225   1  50 210  34  18 226 242   2  51 211  35  19 
227 243   3  52  36 212  20 228   4  53 244 213  37 229  21  54   5 245 214 230  38  22 215  55   6 246 231  39 
 23 216  56 232   7 247 217  40  57  24 233   8 218 248  41  58 234  25 219 
  9  59 
249  42 235 220  26  10  60  43 250  27 221 236  11  61  44 251 222  28 237  12  62  45 252 223  29 238  13  63  46 253  30 239 
 14  47 254  31  15 255  65 193  66 194 195 196 197 198 199 
200 201 202 203 204 205 206 207  67 129  68 145  69 130 113  70 177 131 161 146  71  81  97 114  72 147 132 178 115  73 148 162  82  98 133 149  74 179 
116 150 163  75  83 134 180 117  99 
151  76 152 135 181 118  84 164  77 100 153 182 136 119 
 85 154 165  78 183 101 137 155 120  86  79 
184 156 138 102 121 166 185 157  87 139 
186 103 122 187 158 167 188 140  88 189 159 
190 191 123 104 141 168  89 142 105 124  90 143 169 106 125 107  91 170 108 109 126  92 171 110 111 127 172  93 173  94 174  95 175 
nrelabeled = 440277
ndotcheck = 29845
Starting Surf2VolSeg free
free done
#VMPC# mri_surf2volseg VmPeak  1916524
mri_surf2volseg done
#-----------------------------------------
#@# WMParc Tue Mar 10 00:24:49 CET 2026
/out/sourcedata/freesurfer/sub-v1s2x0051479_ses-1/mri

 mri_surf2volseg --o wmparc.mgz --label-wm --i aparc+aseg.mgz --threads 16 --lh-annot /out/sourcedata/freesurfer/sub-v1s2x0051479_ses-1/label/lh.aparc.annot 3000 --lh-cortex-mask /out/sourcedata/freesurfer/sub-v1s2x0051479_ses-1/label/lh.cortex.label --lh-white /out/sourcedata/freesurfer/sub-v1s2x0051479_ses-1/surf/lh.white --lh-pial /out/sourcedata/freesurfer/sub-v1s2x0051479_ses-1/surf/lh.pial --rh-annot /out/sourcedata/freesurfer/sub-v1s2x0051479_ses-1/label/rh.aparc.annot 4000 --rh-cortex-mask /out/sourcedata/freesurfer/sub-v1s2x0051479_ses-1/label/rh.cortex.label --rh-white /out/sourcedata/freesurfer/sub-v1s2x0051479_ses-1/surf/rh.white --rh-pial /out/sourcedata/freesurfer/sub-v1s2x0051479_ses-1/surf/rh.pial 

SUBJECTS_DIR /out/sourcedata/freesurfer
outvol wmparc.mgz
16 avail.processors, using 16
Loading aparc+aseg.mgz
Loading /out/sourcedata/freesurfer/sub-v1s2x0051479_ses-1/surf/lh.white
Loading /out/sourcedata/freesurfer/sub-v1s2x0051479_ses-1/surf/lh.pial
Loading /out/sourcedata/freesurfer/sub-v1s2x0051479_ses-1/label/lh.cortex.label
Ripping lh vertices labeled not in lh.cortex.label
  ripped 8154 vertices from lh hemi
Loading /out/sourcedata/freesurfer/sub-v1s2x0051479_ses-1/label/lh.aparc.annot
Loading /out/sourcedata/freesurfer/sub-v1s2x0051479_ses-1/surf/rh.white
Loading /out/sourcedata/freesurfer/sub-v1s2x0051479_ses-1/surf/rh.pial
Loading /out/sourcedata/freesurfer/sub-v1s2x0051479_ses-1/label/rh.cortex.label
Ripping rh vertices labeled not in rh.cortex.label
  ripped 8116 vertices from rh hemi
Loading /out/sourcedata/freesurfer/sub-v1s2x0051479_ses-1/label/rh.aparc.annot
Done loading
  0  32 144  80 192  16 112 176 240  64  96 224 208 128 160  48 241   1 225  49  33 209  17 193 194 226   2  50 242  18  34 210 195  51   3 227  19 
243  35 196 211  52   4 228 197 244  20  36 212 198  53   5 229 129 245  21  37 199 
  6  65  54 230 213 246 200  22  38   7 231 201  55 247 214  39 
 23 202   8 232  56 248 203  40  24 215 233   9  57 204 249  41  25  10 234 216 205  66  58 250  42  26  11 206 217  59 
251  43  12 207  67  27 218 252  60  44  13  28 253 219 
 45  61  14 254  29  46  15 220  62 255  47  68  30 221  63 235 130  31 236 222 237 223 238 239 
 69  70 131  71  72  81 132  73 177 161  74  82 178  97  75 145 113  76  83 179 
133  77 162 180  84  78  98 181 134  85  79 
114 163 182 146 183 135  86 184  99 
185 136 164 186 187  87 115 188 189 190 191 147 137  88 165 100 116  89 138 166 101 148 117  90 139 
167 102  91 168 118 149 140  92 169 103 119 
141 170  93 150 120 171 104 142 121  94 172 151 122 105 173 143  95 123 174 124 152 175 125 106 126 127 153 107 154 108 155 109 156 157 110 158 111 159 

nrelabeled = 434913
ndotcheck = 3420
Starting Surf2VolSeg free
free done
#VMPC# mri_surf2volseg VmPeak  1916560
mri_surf2volseg done

 mri_segstats --seed 1234 --seg mri/wmparc.mgz --sum stats/wmparc.stats --pv mri/norm.mgz --excludeid 0 --brainmask mri/brainmask.mgz --in mri/norm.mgz --in-intensity-name norm --in-intensity-units MR --subject sub-v1s2x0051479_ses-1 --surf-wm-vol --ctab /opt/freesurfer/WMParcStatsLUT.txt --etiv 

setting seed for random number genererator to 1234

7.3.2
cwd 
cmdline mri_segstats --seed 1234 --seg mri/wmparc.mgz --sum stats/wmparc.stats --pv mri/norm.mgz --excludeid 0 --brainmask mri/brainmask.mgz --in mri/norm.mgz --in-intensity-name norm --in-intensity-units MR --subject sub-v1s2x0051479_ses-1 --surf-wm-vol --ctab /opt/freesurfer/WMParcStatsLUT.txt --etiv 
sysname  Linux
hostname dna065
machine  x86_64
user     oesteban
whitesurfname  white
UseRobust  0
atlas_icv (eTIV) = 1346601 mm^3    (det: 1.446684 )
Loading mri/wmparc.mgz
Getting Brain Volume Statistics
Loading mri/norm.mgz
Loading mri/norm.mgz
Voxel Volume is 1 mm^3
Generating list of segmentation ids
Found 390 segmentations
Computing statistics for each segmentation

Reporting on  70 segmentations
Using PrintSegStat
mri_segstats done
#--------------------------------------------
#@# ASeg Stats Tue Mar 10 00:26:34 CET 2026
/out/sourcedata/freesurfer/sub-v1s2x0051479_ses-1

 mri_segstats --seed 1234 --seg mri/aseg.mgz --sum stats/aseg.stats --pv mri/norm.mgz --empty --brainmask mri/brainmask.mgz --brain-vol-from-seg --excludeid 0 --excl-ctxgmwm --supratent --subcortgray --in mri/norm.mgz --in-intensity-name norm --in-intensity-units MR --etiv --surf-wm-vol --surf-ctx-vol --totalgray --euler --ctab /opt/freesurfer/ASegStatsLUT.txt --subject sub-v1s2x0051479_ses-1 

setting seed for random number genererator to 1234

7.3.2
cwd 
cmdline mri_segstats --seed 1234 --seg mri/aseg.mgz --sum stats/aseg.stats --pv mri/norm.mgz --empty --brainmask mri/brainmask.mgz --brain-vol-from-seg --excludeid 0 --excl-ctxgmwm --supratent --subcortgray --in mri/norm.mgz --in-intensity-name norm --in-intensity-units MR --etiv --surf-wm-vol --surf-ctx-vol --totalgray --euler --ctab /opt/freesurfer/ASegStatsLUT.txt --subject sub-v1s2x0051479_ses-1 
sysname  Linux
hostname dna065
machine  x86_64
user     oesteban
whitesurfname  white
UseRobust  0
atlas_icv (eTIV) = 1346601 mm^3    (det: 1.446684 )
Computing euler number
orig.nofix lheno =  -48, rheno = -28
orig.nofix lhholes =   25, rhholes = 15
Loading mri/aseg.mgz
Getting Brain Volume Statistics
Loading mri/norm.mgz
Loading mri/norm.mgz
Voxel Volume is 1 mm^3
Generating list of segmentation ids
Found  50 segmentations
Computing statistics for each segmentation

Reporting on  45 segmentations
Using PrintSegStat
mri_segstats done

Started at Tue Mar 10 00:23:36 CET 2026 
Ended   at Tue Mar 10 00:26:50 CET 2026
#@#%# recon-all-run-time-hours 0.054
recon-all -s sub-v1s2x0051479_ses-1 finished without error at Tue Mar 10 00:26:50 CET 2026
