#!ascii label  , from subject sub-v1s2x0051460_ses-1 vox2ras=TkReg
3165
51833  -4.015  -45.113  95.607 0.6250000000
127052  -4.952  -44.837  96.652 0.6250000000
51834  -5.213  -44.921  96.074 0.6250000000
51849  -4.561  -45.359  94.613 0.6250000000
146785  -5.451  -44.903  95.473 0.6250000000
51818  -6.046  -44.781  97.053 0.5000000000
51862  -4.645  -45.740  93.827 0.6250000000
130952  -5.602  -44.925  94.689 0.6250000000
51835  -6.278  -44.840  96.313 0.5000000000
51875  -4.923  -46.116  93.138 0.5000000000
51836  -7.364  -44.904  96.361 0.5000000000
50786  -6.815  -44.809  97.539 0.5000000000
129592  -6.786  -44.806  95.101 0.5000000000
51850  -6.547  -44.827  95.666 0.5000000000
50812  -8.419  -45.232  96.358 0.5000000000
51851  -7.657  -44.979  95.707 0.5000000000
51852  -8.695  -45.349  95.654 0.6250000000
51865  -9.057  -45.442  94.916 0.6250000000
50814  -9.807  -45.944  96.187 0.1250000000
50847  -9.505  -45.650  95.575 0.3750000000
51878  -9.261  -45.113  94.077 0.6250000000
51866  -9.857  -45.612  94.672 0.5000000000
50830  -10.016  -45.869  95.709 0.2500000000
51892  -10.050  -44.978  93.415 0.6250000000
52841  -10.273  -44.311  91.336 0.6250000000
50797  -9.956  -45.977  96.980 0.1250000000
61137  -27.492  -35.671  94.904 0.3750000000
59230  -27.602  -37.502  94.193 0.3750000000
60168  -27.817  -36.633  93.976 0.3750000000
133015  -27.999  -35.573  94.310 0.3750000000
50863  -10.535  -45.721  94.650 0.3750000000
50848  -9.951  -45.806  95.129 0.2500000000
59237  -27.734  -37.405  93.686 0.3750000000
61151  -28.115  -35.999  93.817 0.3750000000
62068  -28.369  -35.394  93.636 0.3750000000
51893  -11.017  -45.232  93.104 0.6250000000
58291  -27.576  -37.871  92.377 0.7500000000
58279  -27.787  -37.796  93.223 0.5000000000
59238  -27.774  -36.954  93.023 0.5000000000
61152  -28.349  -35.601  93.257 0.5000000000
140870  -28.728  -34.774  93.442 0.5000000000
135214  -29.706  -32.739  93.004 0.3750000000
51906  -11.222  -44.734  92.267 0.7500000000
59242  -27.736  -37.291  92.569 0.7500000000
60182  -27.995  -36.207  92.477 0.7500000000
61160  -28.565  -35.394  92.758 0.6250000000
62069  -28.862  -34.995  92.869 0.5000000000
62984  -29.741  -33.810  92.545 0.5000000000
147643  -30.369  -32.456  92.619 0.3750000000
64863  -31.020  -32.582  92.246 0.3750000000
65859  -30.673  -31.849  92.528 0.3750000000
52855  -11.591  -44.408  90.478 0.7500000000
144995  -26.436  -38.229  91.068 0.8750000000
58304  -27.092  -37.778  91.444 0.8750000000
59251  -27.839  -36.523  91.415 0.8750000000
60188  -28.127  -36.050  91.736 0.7500000000
61164  -28.847  -35.198  92.133 0.7500000000
144644  -29.689  -34.192  92.193 0.5000000000
62996  -30.612  -33.700  91.771 0.5000000000
135291  -31.665  -32.696  91.941 0.3750000000
135864  -31.397  -32.073  92.085 0.3750000000
65860  -31.161  -31.274  92.258 0.3750000000
59250  -27.647  -37.203  91.860 0.8750000000
138008  -28.658  -35.505  91.227 0.7500000000
62080  -29.990  -34.185  91.632 0.5000000000
62081  -30.772  -33.790  91.204 0.6250000000
63930  -31.632  -33.004  91.770 0.6250000000
64870  -31.986  -32.704  91.580 0.5000000000
64864  -31.805  -32.186  91.747 0.3750000000
143105  -27.804  -36.396  89.886 1.0000000000
132653  -28.830  -35.508  90.500 0.7500000000
61169  -30.501  -34.245  90.567 0.8750000000
62089  -30.876  -33.991  90.903 0.7500000000
63003  -31.346  -33.482  91.022 0.6250000000
63004  -31.602  -33.413  90.818 0.5000000000
63931  -32.171  -32.628  91.190 0.5000000000
59278  -27.418  -36.595  89.212 1.0000000000
59280  -28.660  -35.835  89.018 1.0000000000
60199  -29.520  -35.142  89.854 0.8750000000
61172  -30.545  -34.399  90.013 0.7500000000
133902  -30.971  -33.970  90.444 0.7500000000
143803  -31.389  -33.645  90.587 0.6250000000
63939  -32.024  -33.075  91.032 0.5000000000
59279  -27.959  -36.182  89.174 1.0000000000
60204  -29.403  -35.507  88.955 1.0000000000
61176  -30.595  -34.774  89.328 0.7500000000
62104  -31.186  -34.398  88.954 0.6250000000
63010  -31.999  -33.265  89.879 0.6250000000
151281  -27.689  -36.383  88.601 1.0000000000
59296  -29.129  -35.816  87.949 1.0000000000
61184  -30.661  -35.101  88.505 0.8750000000
61185  -31.036  -34.956  88.287 0.7500000000
59295  -28.214  -36.160  87.989 1.0000000000
59297  -29.596  -35.974  87.153 1.0000000000
60223  -30.454  -35.768  86.860 0.8750000000
61201  -30.867  -35.557  86.663 0.8750000000
59310  -28.118  -36.758  86.774 1.0000000000
59312  -29.731  -36.427  86.303 1.0000000000
60222  -30.184  -36.289  86.123 0.8750000000
60234  -30.570  -36.087  85.981 0.8750000000
58374  -27.807  -37.575  85.671 1.0000000000
58375  -28.709  -37.522  85.325 1.0000000000
59324  -29.356  -37.145  85.646 1.0000000000
59338  -30.149  -37.254  84.918 1.0000000000
60246  -31.121  -36.233  84.797 1.0000000000
58386  -27.707  -37.772  85.085 1.0000000000
133598  -28.961  -37.675  84.829 1.0000000000
58388  -29.847  -37.610  84.672 1.0000000000
144227  -30.318  -37.427  84.442 1.0000000000
138158  -18.697  -44.080  81.633 0.1250000000
54732  -18.288  -43.342  81.734 0.1250000000
57362  -28.365  -38.257  84.163 1.0000000000
58400  -29.371  -38.096  83.937 1.0000000000
59363  -30.248  -37.550  83.426 1.0000000000
126925  -27.088  -39.288  81.659 1.0000000000
57391  -27.956  -39.020  82.577 1.0000000000
57393  -29.024  -38.618  82.086 1.0000000000
140977  -29.812  -37.818  82.696 1.0000000000
149945  -18.756  -40.863  81.713 0.1250000000
56473  -19.506  -41.010  81.790 0.1250000000
57385  -20.162  -40.883  81.832 0.1250000000
57386  -20.707  -40.866  81.667 0.1250000000
57408  -27.432  -39.452  81.017 1.0000000000
56477  -28.276  -39.269  81.438 1.0000000000
57409  -28.770  -39.007  81.193 1.0000000000
57441  -26.630  -39.649  78.897 0.8750000000
56501  -27.296  -39.802  79.406 1.0000000000
56503  -28.091  -39.867  79.622 1.0000000000
57424  -29.158  -39.299  79.997 1.0000000000
57420  -21.473  -40.497  79.992 0.3750000000
56534  -26.045  -40.505  77.145 0.8750000000
56518  -27.723  -40.089  78.995 0.8750000000
126511  -29.828  -40.169  76.026 0.8750000000
57460  -30.039  -40.246  76.940 0.8750000000
57455  -22.260  -40.136  78.377 0.6250000000
57456  -22.812  -40.470  77.873 0.6250000000
50864  -11.210  -45.713  94.198 0.5000000000
150028  -10.910  -45.750  94.688 0.2500000000
58277  -26.275  -39.146  93.953 0.5000000000
137143  -26.884  -39.078  93.201 0.5000000000
58267  -27.686  -37.961  94.066 0.5000000000
58288  -25.932  -39.241  93.092 0.5000000000
51922  -11.424  -44.502  91.385 0.7500000000
58289  -26.476  -39.135  92.441 0.6250000000
58290  -27.128  -38.620  92.274 0.6250000000
52865  -11.572  -44.337  89.518 0.8750000000
58303  -26.590  -38.750  91.644 0.7500000000
65861  -31.695  -31.419  91.850 0.3750000000
137005  -12.209  -44.553  88.989 0.8750000000
58301  -25.031  -39.150  91.296 0.6250000000
126972  -24.657  -38.771  90.643 0.7500000000
58314  -26.534  -37.606  90.636 0.8750000000
59262  -27.495  -36.930  91.044 0.8750000000
65868  -32.130  -31.515  91.415 0.3750000000
52878  -12.742  -44.830  88.391 0.8750000000
126783  -25.488  -38.981  90.473 0.8750000000
126782  -25.919  -38.161  90.582 0.8750000000
58315  -27.121  -37.131  90.539 0.8750000000
59263  -27.937  -36.358  90.568 1.0000000000
65869  -32.445  -31.588  91.059 0.2500000000
64872  -32.380  -32.195  91.000 0.3750000000
130658  -13.126  -45.096  86.725 0.7500000000
58312  -25.227  -38.275  90.093 0.8750000000
58328  -25.198  -37.848  89.466 0.8750000000
145904  -26.749  -37.177  89.994 1.0000000000
58331  -27.116  -36.862  89.642 1.0000000000
65878  -32.521  -31.583  90.796 0.3750000000
63940  -32.283  -32.580  90.867 0.3750000000
52900  -13.707  -45.253  86.080 0.7500000000
58344  -25.601  -37.490  88.721 0.8750000000
58345  -26.221  -37.292  88.806 1.0000000000
58347  -27.061  -36.916  88.514 1.0000000000
63015  -31.613  -34.002  88.794 0.5000000000
138819  -31.426  -33.802  89.586 0.6250000000
63007  -32.054  -33.208  90.341 0.5000000000
52002  -14.664  -45.860  84.674 0.5000000000
126781  -26.110  -37.477  87.741 1.0000000000
58360  -27.565  -37.228  86.641 1.0000000000
63016  -32.070  -33.583  88.540 0.5000000000
143030  -31.879  -33.508  89.446 0.5000000000
135440  -16.061  -45.302  84.482 0.6250000000
58359  -27.061  -37.526  86.564 1.0000000000
62122  -31.479  -34.665  87.148 0.7500000000
63020  -31.790  -34.154  87.817 0.6250000000
52921  -16.686  -45.059  83.687 0.6250000000
58373  -27.160  -37.723  85.790 1.0000000000
62135  -31.613  -34.740  85.239 1.0000000000
62129  -31.547  -34.713  86.217 0.8750000000
144473  -17.361  -45.122  82.836 0.5000000000
58384  -26.732  -38.103  85.321 1.0000000000
137452  -31.606  -35.092  84.632 1.0000000000
61212  -31.480  -35.188  85.488 1.0000000000
53797  -17.772  -44.849  82.528 0.3750000000
54731  -17.707  -43.237  82.219 0.5000000000
58398  -26.662  -38.331  84.689 1.0000000000
57352  -27.559  -38.113  84.605 1.0000000000
57353  -28.116  -37.980  84.609 1.0000000000
61233  -31.530  -35.336  83.877 1.0000000000
61223  -31.491  -35.496  84.378 1.0000000000
147055  -31.414  -35.545  84.964 1.0000000000
137190  -18.016  -44.095  81.999 0.5000000000
59378  -24.835  -37.399  82.788 1.0000000000
59362  -25.403  -37.793  83.307 1.0000000000
58409  -25.983  -38.341  82.964 1.0000000000
58410  -26.431  -38.542  83.456 1.0000000000
57373  -27.136  -38.626  83.456 1.0000000000
57361  -27.825  -38.291  84.230 1.0000000000
59364  -30.565  -37.183  83.085 1.0000000000
59350  -30.559  -37.335  83.908 1.0000000000
55643  -18.659  -42.614  81.682 0.1250000000
56485  -17.987  -41.882  81.808 0.1250000000
148681  -25.376  -37.827  82.235 1.0000000000
58425  -26.085  -38.442  81.935 1.0000000000
57389  -27.028  -38.940  82.625 1.0000000000
57374  -27.425  -38.770  83.075 1.0000000000
144446  -30.132  -37.515  82.363 1.0000000000
145198  -19.283  -40.240  81.470 0.2500000000
58422  -19.732  -39.821  81.226 0.1250000000
58423  -20.403  -39.859  81.057 0.1250000000
58440  -20.599  -39.419  80.553 0.1250000000
58441  -25.441  -38.175  81.199 1.0000000000
58442  -26.069  -38.763  80.807 1.0000000000
127179  -26.581  -39.164  80.683 1.0000000000
59395  -29.925  -37.967  80.150 0.8750000000
59379  -30.025  -37.676  81.224 1.0000000000
138019  -21.097  -40.100  80.616 0.1250000000
150949  -26.457  -39.389  79.535 1.0000000000
57423  -26.836  -39.489  79.979 1.0000000000
59411  -30.071  -37.631  80.185 0.8750000000
58459  -30.109  -38.683  79.212 0.7500000000
57437  -21.471  -39.721  79.339 0.6250000000
57454  -22.111  -39.299  78.818 0.7500000000
129915  -24.824  -39.343  78.223 0.7500000000
58473  -30.281  -39.384  78.005 0.7500000000
58483  -22.930  -39.451  78.216 0.7500000000
50878  -11.559  -45.644  93.557 0.5000000000
51907  -11.946  -44.907  92.023 0.6250000000
58287  -24.949  -39.227  92.996 0.5000000000
127912  -24.498  -39.134  92.159 0.6250000000
126062  -22.455  -38.254  92.369 0.6250000000
51938  -12.434  -44.633  90.073 0.8750000000
127568  -23.511  -38.813  92.237 0.6250000000
148260  -22.408  -38.038  91.626 0.7500000000
149218  -12.825  -44.777  89.290 0.8750000000
127911  -25.637  -39.204  92.108 0.6250000000
58300  -24.020  -39.002  91.352 0.7500000000
58299  -23.251  -38.275  91.613 0.7500000000
142069  -22.884  -37.916  91.024 0.7500000000
136740  -23.869  -38.181  90.867 0.7500000000
52890  -13.352  -45.307  87.861 0.7500000000
59261  -23.344  -37.695  90.284 0.7500000000
51986  -14.332  -45.628  86.499 0.7500000000
145110  -24.494  -37.836  90.063 0.8750000000
64888  -32.518  -31.710  90.314 0.3750000000
134281  -32.310  -32.384  90.595 0.3750000000
63943  -32.234  -32.810  90.165 0.3750000000
52913  -14.363  -45.559  85.523 0.7500000000
58343  -25.067  -37.513  88.472 0.8750000000
58342  -24.678  -37.453  87.995 0.8750000000
64894  -32.651  -31.993  89.485 0.3750000000
52004  -15.661  -45.439  85.218 0.7500000000
52005  -15.960  -45.190  85.648 0.7500000000
129624  -25.731  -37.467  88.067 1.0000000000
63954  -32.402  -33.026  87.411 0.3750000000
63948  -32.410  -33.044  88.308 0.3750000000
63011  -32.262  -33.037  89.348 0.3750000000
52914  -16.157  -44.889  84.975 0.7500000000
133987  -25.582  -37.493  86.581 1.0000000000
58358  -26.585  -37.685  86.631 1.0000000000
63021  -32.079  -33.662  87.383 0.3750000000
53774  -16.618  -44.439  84.445 0.6250000000
58371  -26.042  -37.897  86.415 1.0000000000
58372  -26.427  -37.934  86.102 1.0000000000
63033  -31.661  -34.322  84.963 1.0000000000
63027  -31.694  -34.151  86.138 0.8750000000
53786  -17.142  -44.647  83.368 0.6250000000
55609  -17.008  -42.821  84.276 0.6250000000
59349  -25.311  -37.645  84.261 1.0000000000
58382  -25.765  -38.136  84.921 1.0000000000
58383  -26.229  -38.270  85.462 1.0000000000
142238  -31.738  -34.642  84.224 1.0000000000
134690  -17.483  -44.050  82.819 0.5000000000
54721  -17.254  -43.105  83.102 0.6250000000
58396  -25.930  -38.342  83.977 1.0000000000
63053  -32.286  -34.344  83.735 1.0000000000
62141  -31.663  -34.919  84.054 1.0000000000
55617  -17.090  -42.285  83.360 0.5000000000
61239  -31.336  -35.363  83.326 1.0000000000
56471  -17.502  -41.245  82.283 0.5000000000
59377  -24.448  -37.344  82.021 1.0000000000
60291  -30.685  -36.810  82.469 1.0000000000
57384  -18.390  -40.229  81.695 0.2500000000
58438  -19.143  -38.604  81.129 0.2500000000
58424  -24.844  -37.698  81.413 1.0000000000
58456  -24.616  -37.947  80.552 1.0000000000
58457  -25.285  -38.435  80.183 0.8750000000
60315  -30.407  -36.959  80.838 0.8750000000
60306  -30.431  -37.117  81.544 1.0000000000
58439  -19.931  -38.815  80.825 0.3750000000
58454  -20.389  -38.474  80.457 0.6250000000
126355  -24.288  -38.371  79.537 0.8750000000
58455  -20.857  -38.625  80.027 0.7500000000
58469  -21.509  -38.776  79.465 0.6250000000
58470  -23.165  -38.596  78.952 0.7500000000
58471  -23.996  -38.940  78.529 0.7500000000
57439  -25.083  -38.775  79.196 0.8750000000
59417  -30.603  -40.080  77.320 0.7500000000
50879  -11.908  -45.637  92.922 0.6250000000
51923  -12.286  -44.726  91.190 0.6250000000
57311  -17.413  -39.908  91.276 0.8750000000
51939  -13.022  -44.850  89.947 0.8750000000
57310  -17.030  -40.248  90.423 1.0000000000
58309  -17.742  -39.160  90.673 1.0000000000
58311  -19.474  -37.942  91.486 0.8750000000
59258  -20.368  -37.734  91.019 0.8750000000
59249  -21.881  -37.882  91.172 0.7500000000
139552  -16.571  -41.772  89.185 1.0000000000
59257  -19.388  -37.863  90.538 0.8750000000
59248  -21.090  -37.935  91.283 0.7500000000
59260  -22.253  -37.648  90.492 0.7500000000
66858  -31.965  -30.619  91.633 0.2500000000
143845  -16.193  -42.216  88.717 1.0000000000
58326  -18.437  -38.356  90.414 0.8750000000
59259  -21.267  -37.705  90.717 0.8750000000
128960  -15.355  -45.530  86.878 1.0000000000
133205  -16.299  -41.575  88.486 1.0000000000
57328  -16.508  -40.496  88.370 1.0000000000
58325  -17.977  -38.674  89.816 1.0000000000
59273  -18.786  -38.041  89.742 0.8750000000
131218  -20.503  -37.604  90.217 0.8750000000
131939  -21.763  -37.366  89.156 0.8750000000
59277  -23.629  -37.528  89.419 0.8750000000
140187  -32.582  -30.878  90.870 0.2500000000
51987  -14.803  -45.757  86.376 0.7500000000
58324  -17.027  -39.523  88.858 1.0000000000
59289  -18.217  -38.306  89.057 1.0000000000
59290  -19.096  -37.792  88.938 0.8750000000
59291  -20.088  -37.533  88.766 0.8750000000
65894  -32.894  -31.176  89.853 0.2500000000
51988  -15.395  -45.646  85.891 0.6250000000
51990  -15.948  -45.023  86.635 0.8750000000
59292  -21.081  -37.317  88.573 0.8750000000
136546  -21.944  -37.298  88.443 0.8750000000
59294  -23.701  -37.509  88.436 0.8750000000
65902  -32.999  -31.424  89.380 0.3750000000
129661  -16.104  -44.942  85.923 0.8750000000
59305  -21.526  -37.116  87.806 0.8750000000
59306  -22.659  -37.382  87.802 0.8750000000
59307  -23.831  -37.322  87.447 0.8750000000
64901  -32.456  -32.504  87.406 0.3750000000
131927  -32.462  -31.955  87.483 0.3750000000
53766  -16.353  -44.352  85.664 0.7500000000
55600  -16.710  -42.751  85.415 0.7500000000
59320  -23.053  -37.142  86.885 1.0000000000
59321  -24.149  -36.996  86.539 1.0000000000
143551  -32.266  -32.973  86.749 0.5000000000
64909  -32.167  -32.536  86.585 0.3750000000
144692  -16.747  -43.648  84.978 0.6250000000
59334  -23.354  -36.556  86.087 1.0000000000
59322  -25.162  -37.090  86.140 1.0000000000
58370  -25.711  -37.856  85.808 1.0000000000
63039  -31.628  -33.897  84.777 1.0000000000
63968  -31.785  -33.282  85.816 0.8750000000
54709  -17.052  -43.851  83.875 0.6250000000
59335  -24.370  -36.773  85.597 1.0000000000
59336  -25.265  -37.341  85.216 1.0000000000
63038  -32.061  -34.319  83.821 1.0000000000
63976  -31.600  -33.415  84.681 0.8750000000
142333  -16.716  -41.049  84.025 0.7500000000
128649  -23.728  -36.416  83.755 1.0000000000
59348  -24.520  -36.886  84.557 1.0000000000
145497  -32.891  -33.919  83.443 1.0000000000
56459  -17.040  -41.393  83.152 0.5000000000
57369  -16.872  -40.436  83.527 0.6250000000
141024  -22.899  -35.948  82.699 1.0000000000
59360  -24.027  -36.895  82.782 1.0000000000
59361  -24.688  -37.177  83.570 1.0000000000
62152  -31.410  -35.041  83.269 1.0000000000
57382  -17.164  -40.648  82.759 0.5000000000
58420  -17.595  -39.370  82.218 0.7500000000
59376  -23.345  -36.844  81.751 1.0000000000
148668  -30.473  -35.299  82.009 1.0000000000
62158  -30.826  -35.244  82.513 1.0000000000
57383  -17.566  -40.369  82.223 0.5000000000
59374  -17.885  -38.256  82.446 0.5000000000
59375  -18.685  -37.699  81.807 0.5000000000
60305  -22.304  -36.863  81.144 0.7500000000
59394  -23.995  -37.444  81.061 1.0000000000
62181  -29.775  -36.221  80.229 0.8750000000
62182  -30.068  -36.340  80.475 0.8750000000
61243  -30.550  -36.304  81.571 1.0000000000
59392  -20.106  -37.783  80.705 0.6250000000
60312  -20.566  -37.191  80.819 0.7500000000
60314  -22.099  -37.321  80.492 0.7500000000
59393  -22.946  -37.332  80.735 0.7500000000
59406  -20.727  -37.792  80.365 0.7500000000
59407  -21.499  -37.888  80.029 0.6250000000
59416  -22.398  -38.388  79.417 0.7500000000
51908  -12.680  -45.274  91.864 0.6250000000
51925  -13.115  -45.202  90.757 0.7500000000
51940  -13.401  -45.034  89.647 0.8750000000
152501  -16.893  -41.196  90.476 1.0000000000
51955  -13.218  -44.942  88.925 0.8750000000
50935  -14.097  -45.275  88.825 0.8750000000
51971  -14.614  -45.557  87.901 1.0000000000
51956  -13.596  -45.185  88.574 0.8750000000
51959  -15.463  -45.000  88.099 1.0000000000
55554  -16.211  -42.357  89.309 1.0000000000
127728  -13.996  -45.563  87.878 0.8750000000
128724  -15.844  -44.403  87.846 1.0000000000
143696  -14.464  -45.760  87.187 1.0000000000
51973  -15.431  -45.244  87.529 1.0000000000
132321  -15.744  -44.699  87.770 1.0000000000
54667  -15.915  -43.091  87.749 1.0000000000
55563  -16.000  -42.296  88.060 1.0000000000
53750  -16.056  -43.857  87.448 1.0000000000
58340  -16.887  -39.418  87.922 1.0000000000
58341  -17.526  -38.692  88.464 1.0000000000
53759  -16.269  -44.039  86.658 1.0000000000
54681  -16.126  -43.262  86.917 0.8750000000
144016  -16.022  -41.883  86.658 1.0000000000
57335  -16.336  -40.223  87.294 1.0000000000
59302  -18.374  -37.885  88.132 1.0000000000
144949  -19.409  -37.525  88.237 1.0000000000
59304  -20.331  -37.167  87.829 1.0000000000
55586  -16.299  -42.606  86.357 1.0000000000
58356  -17.374  -38.439  87.543 1.0000000000
59318  -18.089  -37.682  87.049 1.0000000000
60219  -19.950  -36.737  86.851 1.0000000000
60220  -21.049  -36.574  87.100 1.0000000000
60221  -22.085  -36.810  87.107 1.0000000000
67969  -31.035  -30.597  86.246 0.5000000000
66921  -31.536  -31.024  86.398 0.5000000000
65929  -32.249  -31.846  86.857 0.3750000000
54697  -16.496  -43.452  86.026 0.7500000000
128813  -16.068  -40.985  86.513 1.0000000000
57344  -16.353  -39.924  86.337 1.0000000000
58369  -17.167  -38.289  86.550 1.0000000000
59319  -18.861  -37.079  86.471 1.0000000000
60230  -19.619  -36.505  85.889 1.0000000000
60231  -20.669  -36.189  86.242 1.0000000000
60232  -21.727  -36.181  86.469 1.0000000000
65928  -31.354  -31.769  85.461 0.6250000000
152636  -31.871  -32.279  86.174 0.7500000000
134595  -16.270  -40.641  85.558 1.0000000000
57350  -16.495  -39.561  85.461 1.0000000000
58381  -17.000  -38.440  85.450 1.0000000000
59332  -17.899  -37.648  86.005 1.0000000000
59333  -18.649  -37.037  85.457 1.0000000000
60244  -21.406  -35.782  85.634 1.0000000000
60245  -22.492  -35.891  85.850 1.0000000000
147690  -31.501  -32.979  84.026 0.8750000000
64930  -31.535  -32.995  84.475 0.8750000000
58380  -16.702  -39.180  84.707 1.0000000000
60243  -20.357  -35.937  85.344 1.0000000000
144858  -21.099  -35.661  84.875 1.0000000000
60259  -22.108  -35.562  84.901 1.0000000000
64949  -31.316  -33.212  83.630 1.0000000000
64939  -31.544  -33.111  83.862 1.0000000000
63975  -32.050  -33.915  83.745 1.0000000000
57358  -16.534  -40.230  84.549 0.8750000000
58395  -17.245  -38.381  84.297 1.0000000000
59346  -18.461  -37.129  84.396 1.0000000000
60256  -19.334  -36.429  83.870 1.0000000000
60257  -20.288  -35.884  84.393 1.0000000000
60276  -21.774  -35.653  83.223 1.0000000000
59347  -23.399  -36.038  84.967 1.0000000000
64957  -30.296  -33.353  82.969 1.0000000000
64958  -30.854  -33.506  83.303 1.0000000000
63052  -31.667  -34.237  83.604 1.0000000000
59358  -17.875  -37.771  83.571 1.0000000000
59359  -18.607  -37.061  83.486 1.0000000000
64022  -29.704  -35.042  81.425 1.0000000000
64003  -30.363  -33.969  82.792 1.0000000000
63062  -30.724  -34.622  82.770 1.0000000000
58408  -17.278  -38.782  83.172 0.7500000000
60274  -19.160  -36.675  82.676 0.7500000000
60275  -20.449  -35.901  83.218 0.8750000000
60290  -21.431  -35.933  82.177 1.0000000000
64021  -29.125  -35.001  80.972 1.0000000000
151324  -29.959  -35.046  81.634 1.0000000000
60289  -20.116  -36.294  81.995 0.7500000000
60304  -20.826  -36.598  81.379 0.7500000000
138014  -22.370  -36.334  81.808 1.0000000000
62180  -29.622  -36.013  80.206 1.0000000000
62167  -30.123  -35.708  81.082 1.0000000000
60288  -19.362  -36.925  81.678 0.7500000000
60303  -19.977  -36.934  81.168 0.7500000000
60313  -21.359  -37.101  80.761 0.7500000000
51924  -12.819  -45.092  90.958 0.6250000000
50924  -14.448  -45.247  89.461 1.0000000000
51958  -15.207  -45.215  88.231 1.0000000000
66932  -30.394  -31.444  84.825 0.6250000000
66933  -30.894  -31.254  85.548 0.6250000000
132953  -30.105  -31.990  83.654 1.0000000000
66945  -30.706  -32.186  84.052 0.8750000000
65956  -30.014  -32.340  83.382 1.0000000000
66958  -30.475  -32.312  83.669 1.0000000000
65948  -31.174  -32.624  84.055 0.8750000000
64956  -29.549  -32.580  82.885 1.0000000000
144759  -29.783  -33.189  82.660 1.0000000000
64948  -30.629  -32.856  83.404 1.0000000000
145799  -28.775  -33.345  81.749 1.0000000000
64967  -29.353  -33.697  82.169 1.0000000000
64968  -29.866  -33.916  82.515 1.0000000000
64982  -28.858  -34.127  81.493 1.0000000000
66943  -29.845  -31.624  83.975 0.7500000000
67978  -29.569  -31.102  84.483 0.6250000000
66957  -29.647  -31.838  83.510 1.0000000000
65967  -28.722  -32.294  82.500 1.0000000000
66969  -29.270  -32.052  83.081 1.0000000000
67985  -29.270  -31.386  83.836 0.7500000000
66968  -28.343  -31.724  82.671 1.0000000000
64981  -28.131  -33.423  81.023 1.0000000000
65983  -28.200  -32.614  81.699 1.0000000000
65982  -27.374  -32.067  81.314 1.0000000000
67965  -29.321  -30.182  84.998 0.6250000000
67977  -28.908  -30.676  84.214 0.6250000000
67984  -28.458  -30.910  83.562 0.8750000000
66979  -27.753  -31.910  81.990 1.0000000000
67990  -27.881  -31.080  82.936 1.0000000000
143025  -26.919  -31.878  80.578 1.0000000000
67964  -28.628  -29.889  84.484 0.6250000000
137030  -28.771  -29.145  84.948 0.3750000000
67976  -28.138  -30.017  83.909 0.6250000000
67989  -27.110  -30.162  82.399 0.8750000000
66967  -27.353  -31.184  82.177 1.0000000000
66978  -26.866  -31.307  81.243 1.0000000000
66008  -26.455  -31.740  79.111 1.0000000000
68983  -28.179  -29.040  84.252 0.6250000000
68973  -28.344  -28.175  84.737 0.3750000000
67983  -27.654  -30.049  83.149 0.7500000000
67975  -27.579  -29.011  83.510 0.6250000000
67993  -26.686  -30.254  81.549 0.8750000000
68982  -27.823  -28.112  83.912 0.6250000000
67988  -26.567  -29.206  81.839 0.6250000000
67982  -27.010  -29.036  82.666 0.5000000000
66988  -26.519  -31.065  80.199 1.0000000000
67987  -26.215  -29.315  81.065 0.7500000000
68996  -26.322  -28.474  81.294 0.6250000000
66987  -25.938  -30.184  79.869 0.7500000000
67992  -25.890  -29.289  80.280 0.7500000000
67006  -25.459  -30.441  78.505 1.0000000000
66994  -25.614  -30.078  79.167 0.8750000000
66017  -25.432  -31.272  77.932 1.0000000000
68997  -26.690  -27.982  81.914 0.6250000000
69988  -26.513  -27.693  80.088 0.6250000000
69969  -26.623  -27.749  80.911 0.6250000000
69023  -25.952  -28.343  79.827 0.6250000000
130304  -25.111  -30.167  77.695 0.8750000000
68004  -25.404  -29.368  78.592 0.8750000000
147131  -25.281  -28.488  77.514 0.8750000000
67019  -24.900  -30.310  76.925 0.8750000000
68018  -24.904  -29.133  77.205 0.8750000000
70000  -26.413  -27.639  79.298 0.6250000000
69989  -27.204  -27.315  80.355 0.6250000000
131284  -25.811  -28.138  79.143 0.7500000000
70011  -27.084  -27.272  78.665 0.7500000000
137481  -28.074  -27.103  79.774 0.3750000000
69057  -25.819  -27.701  77.683 0.8750000000
70010  -26.182  -27.613  78.537 0.7500000000
70012  -28.142  -27.071  78.835 0.6250000000
69076  -25.375  -28.105  76.869 0.8750000000
147947  -26.846  -27.254  77.902 0.8750000000
129461  -27.757  -27.060  77.276 0.8750000000
69077  -26.189  -27.397  76.716 0.8750000000
69058  -26.701  -27.250  77.231 0.8750000000
133798  -26.777  -27.121  75.945 0.8750000000
69059  -28.509  -26.906  77.633 0.6250000000
139089  -29.374  -26.723  77.846 0.6250000000
143984  -35.854  -27.537  78.833 0.1250000000
134034  -28.870  -26.838  77.007 0.6250000000
147070  -28.170  -27.009  76.611 0.8750000000
69079  -28.802  -27.001  76.223 0.8750000000
69080  -29.590  -26.849  76.488 0.7500000000
134331  -31.059  -26.907  76.823 0.3750000000
134330  -32.106  -27.114  76.866 0.2500000000
69063  -33.289  -27.459  77.307 0.2500000000
138378  -34.207  -27.627  77.262 0.2500000000
133526  -27.939  -27.050  76.025 0.8750000000
69096  -28.636  -27.075  75.505 1.0000000000
69097  -29.452  -27.030  75.742 0.7500000000
129621  -30.074  -27.123  75.153 0.7500000000
69098  -30.920  -27.066  75.199 0.5000000000
136409  -32.169  -26.928  75.868 0.3750000000
69083  -32.996  -26.944  76.197 0.2500000000
69114  -27.356  -27.206  74.443 0.8750000000
69115  -28.460  -27.151  74.693 1.0000000000
151652  -29.934  -27.284  74.465 0.8750000000
69117  -30.639  -27.268  74.426 0.8750000000
69118  -31.443  -27.255  74.404 0.7500000000
127547  -32.131  -27.247  74.409 0.6250000000
144892  -29.370  -27.292  73.991 0.8750000000
69134  -30.361  -27.405  73.703 0.8750000000
68069  -31.001  -27.601  72.818 0.8750000000
69135  -31.206  -27.434  73.630 0.8750000000
68068  -30.077  -27.479  72.870 0.8750000000
67129  -29.817  -29.417  68.913 0.8750000000
67142  -29.227  -29.846  68.013 0.8750000000
69027  -36.317  -27.690  78.828 0.1250000000
67994  -36.964  -27.833  78.832 0.1250000000
139991  -35.626  -27.633  78.271 0.1250000000
69065  -34.845  -27.646  77.723 0.1250000000
69101  -33.739  -26.961  75.384 0.2500000000
69084  -34.005  -27.249  76.470 0.2500000000
69100  -32.709  -26.988  74.994 0.6250000000
69119  -32.711  -27.378  73.929 0.5000000000
69120  -33.496  -27.293  74.330 0.5000000000
68056  -32.562  -27.673  73.009 0.8750000000
68057  -33.300  -27.637  73.375 0.6250000000
143797  -31.585  -27.869  72.128 0.8750000000
68087  -31.709  -28.384  71.476 0.8750000000
128953  -30.552  -28.116  71.569 1.0000000000
68086  -30.947  -27.880  71.926 0.8750000000
68110  -31.766  -28.920  70.953 0.8750000000
68108  -30.316  -28.483  71.077 0.8750000000
67092  -30.798  -29.069  70.592 0.8750000000
67093  -31.471  -29.269  70.677 0.8750000000
69015  -37.089  -27.338  79.348 0.1250000000
67998  -37.014  -28.121  78.486 0.1250000000
147532  -37.569  -28.118  78.559 0.1250000000
68005  -36.597  -28.187  77.774 0.1250000000
67997  -36.550  -27.914  78.428 0.1250000000
69085  -35.018  -27.635  76.775 0.1250000000
69102  -34.685  -27.253  75.739 0.2500000000
140813  -35.149  -27.383  75.150 0.2500000000
68058  -34.104  -27.603  73.829 0.5000000000
68043  -35.034  -27.547  74.349 0.3750000000
68072  -33.795  -27.938  72.942 0.5000000000
68073  -34.685  -27.876  73.447 0.5000000000
68071  -33.073  -28.048  72.502 0.6250000000
67064  -33.464  -28.445  72.245 0.6250000000
68089  -32.888  -28.587  71.799 0.8750000000
68088  -32.315  -28.111  72.038 0.8750000000
148700  -33.238  -28.836  71.776 0.8750000000
67076  -32.326  -28.831  71.218 0.8750000000
67095  -32.503  -29.461  71.012 0.8750000000
66083  -32.199  -29.716  70.661 1.0000000000
67114  -31.122  -29.529  70.178 0.8750000000
67115  -31.696  -29.723  70.374 0.8750000000
66101  -32.199  -30.068  70.269 1.0000000000
65101  -32.925  -30.125  69.425 1.0000000000
67130  -30.713  -29.685  69.413 0.8750000000
68006  -37.281  -28.412  77.957 0.1250000000
146002  -35.913  -27.927  76.672 0.2500000000
68030  -36.281  -28.093  76.057 0.1250000000
65088  -32.894  -30.299  70.028 1.0000000000
65118  -33.580  -29.975  69.330 1.0000000000
141749  -36.663  -28.348  76.935 0.1250000000
68044  -35.822  -27.703  75.133 0.2500000000
68059  -35.856  -27.924  74.138 0.2500000000
67065  -34.213  -28.325  72.621 0.5000000000
67078  -33.778  -28.776  71.994 0.6250000000
67079  -34.647  -28.742  72.230 0.5000000000
147408  -34.099  -29.159  71.653 0.8750000000
67077  -32.867  -29.114  71.420 0.8750000000
146371  -33.679  -29.523  71.328 0.8750000000
134657  -34.417  -29.612  71.126 0.8750000000
126146  -32.836  -30.027  70.706 0.8750000000
65089  -33.783  -30.395  70.266 0.8750000000
65102  -33.546  -30.365  69.680 1.0000000000
130393  -33.393  -29.436  69.132 1.0000000000
66159  -32.860  -29.222  68.636 0.8750000000
66160  -33.584  -29.054  69.138 1.0000000000
68045  -36.583  -28.207  75.321 0.2500000000
68031  -36.933  -28.463  76.195 0.1250000000
67049  -36.318  -28.509  73.513 0.3750000000
67050  -36.849  -28.436  74.579 0.3750000000
133021  -35.237  -28.317  73.040 0.5000000000
135384  -37.189  -28.762  73.927 0.3750000000
126393  -37.483  -28.792  74.837 0.2500000000
66066  -35.039  -29.137  71.699 0.6250000000
66067  -36.706  -29.224  72.267 0.5000000000
66085  -35.402  -29.437  71.139 0.6250000000
134320  -36.022  -29.231  71.732 0.5000000000
138512  -36.780  -29.369  71.696 0.3750000000
144793  -34.321  -30.154  70.624 0.8750000000
65076  -34.995  -29.959  70.623 0.7500000000
65077  -35.705  -29.492  70.661 0.7500000000
66103  -37.589  -29.181  70.941 0.6250000000
65103  -34.352  -30.277  69.657 0.8750000000
65090  -34.717  -30.306  70.159 0.8750000000
129477  -35.435  -29.335  69.686 0.8750000000
66120  -36.220  -29.029  69.848 0.7500000000
66121  -36.847  -28.771  70.100 0.7500000000
68140  -37.434  -27.912  70.261 0.7500000000
66142  -34.105  -29.406  69.338 0.8750000000
66143  -34.844  -28.930  69.426 0.8750000000
67145  -34.992  -28.105  69.309 0.8750000000
67146  -35.850  -28.007  69.441 0.7500000000
68148  -36.406  -27.463  69.616 0.7500000000
69173  -37.600  -27.359  70.363 0.7500000000
67144  -34.267  -28.642  69.302 0.8750000000
68147  -35.763  -27.997  69.514 0.8750000000
68159  -35.442  -27.325  69.167 0.7500000000
69183  -36.297  -27.122  69.470 0.7500000000
68149  -36.859  -27.284  69.779 0.7500000000
67158  -33.077  -28.692  68.475 0.8750000000
67159  -34.001  -28.149  69.017 1.0000000000
133858  -34.266  -27.711  68.815 1.0000000000
69193  -35.335  -27.119  68.923 1.0000000000
69194  -35.790  -27.088  69.175 0.8750000000
70079  -35.004  -27.072  68.710 0.8750000000
67066  -36.828  -28.987  73.035 0.3750000000
67067  -37.612  -29.110  73.384 0.3750000000
66068  -37.433  -29.400  72.055 0.3750000000
66055  -38.120  -29.334  72.729 0.3750000000
152018  -37.930  -29.297  71.394 0.6250000000
66104  -38.099  -28.883  70.966 0.7500000000
128985  -38.450  -29.113  71.566 0.6250000000
67116  -38.284  -28.472  71.068 0.6250000000
68129  -38.468  -27.986  71.195 0.5000000000
70072  -37.665  -26.704  70.277 0.6250000000
70070  -36.708  -26.982  69.560 0.7500000000
69184  -37.201  -27.061  69.890 0.7500000000
70080  -35.681  -26.908  68.871 1.0000000000
147097  -36.328  -26.948  69.477 0.7500000000
70987  -36.741  -26.393  69.587 0.7500000000
129755  -34.968  -26.820  68.566 0.8750000000
127884  -35.577  -26.877  69.010 1.0000000000
70986  -36.336  -26.170  69.347 0.8750000000
69174  -38.345  -27.198  71.032 0.6250000000
70071  -37.075  -26.432  69.758 0.6250000000
70062  -38.465  -26.426  70.753 0.6250000000
70966  -39.182  -26.124  71.125 0.5000000000
70976  -37.896  -25.991  70.080 0.6250000000
70984  -35.554  -26.108  68.756 0.8750000000
71846  -37.117  -25.562  69.553 0.8750000000
70975  -37.426  -25.679  69.690 0.7500000000
71844  -36.219  -25.309  69.012 0.7500000000
71845  -36.785  -25.494  69.398 0.8750000000
70965  -38.718  -25.699  70.372 0.6250000000
71818  -40.007  -25.100  70.862 0.3750000000
71832  -38.313  -25.263  69.732 0.7500000000
71823  -39.398  -25.429  70.655 0.5000000000
134759  -38.828  -24.430  69.280 0.5000000000
72725  -37.023  -24.531  68.815 0.7500000000
147989  -37.536  -24.696  69.115 0.8750000000
71843  -35.562  -25.087  68.299 0.8750000000
72724  -36.348  -24.405  68.259 0.8750000000
72731  -37.114  -23.744  67.843 0.7500000000
72732  -37.756  -23.876  68.353 0.6250000000
73646  -37.900  -23.234  67.313 0.7500000000
73656  -37.458  -22.828  65.399 0.8750000000
73674  -40.561  -23.430  64.316 0.8750000000
133020  -41.922  -24.219  63.751 0.7500000000
72747  -42.651  -24.130  64.168 0.6250000000
71882  -43.872  -24.466  62.873 0.6250000000
72745  -41.217  -23.793  64.041 0.8750000000
72716  -39.552  -24.073  69.689 0.5000000000
72712  -40.075  -24.257  70.424 0.5000000000
72719  -38.660  -23.863  68.645 0.5000000000
72720  -39.385  -23.442  68.727 0.5000000000
150134  -38.136  -24.079  68.702 0.7500000000
73636  -39.169  -23.136  67.985 0.7500000000
73647  -38.689  -22.829  66.719 0.7500000000
149739  -38.805  -22.836  65.786 0.7500000000
126095  -38.083  -22.897  66.192 0.7500000000
147170  -39.645  -22.870  65.813 0.7500000000
126639  -40.663  -22.952  65.837 0.7500000000
126308  -41.504  -22.961  65.906 0.7500000000
73658  -39.085  -23.009  65.002 0.8750000000
126756  -40.553  -23.145  65.071 0.8750000000
73659  -41.308  -23.222  65.203 0.7500000000
72737  -42.845  -23.348  65.163 0.6250000000
73673  -39.858  -23.154  64.696 0.8750000000
73675  -41.112  -23.434  64.646 0.7500000000
71863  -42.470  -23.630  64.780 0.7500000000
71864  -43.018  -23.757  64.626 0.5000000000
72749  -44.094  -23.924  63.851 0.6250000000
73627  -40.180  -23.517  69.974 0.3750000000
73623  -40.742  -23.494  70.597 0.2500000000
73630  -40.123  -23.164  69.194 0.3750000000
73628  -41.615  -22.516  69.968 0.1250000000
149757  -41.171  -22.886  70.313 0.2500000000
151761  -39.607  -22.961  68.061 0.7500000000
73631  -40.886  -22.582  68.857 0.2500000000
135735  -41.490  -22.470  69.291 0.2500000000
138556  -39.277  -22.766  67.076 0.7500000000
130318  -40.250  -22.736  68.134 0.3750000000
139595  -41.145  -22.462  68.095 0.3750000000
73648  -40.044  -22.761  66.533 0.7500000000
73649  -40.757  -22.742  66.686 0.6250000000
73650  -41.690  -22.679  66.677 0.6250000000
146802  -42.421  -22.578  66.776 0.5000000000
73651  -43.138  -22.593  66.468 0.5000000000
73660  -42.437  -22.933  65.963 0.7500000000
73661  -43.381  -22.936  65.607 0.5000000000
73663  -45.036  -22.584  65.028 0.2500000000
72738  -43.755  -23.443  64.679 0.5000000000
74595  -42.314  -22.180  69.266 0.1250000000
74590  -42.299  -22.233  70.263 0.1250000000
74599  -42.614  -22.159  68.241 0.1250000000
74592  -43.765  -21.542  69.334 0.1250000000
73640  -42.891  -22.322  67.325 0.2500000000
74600  -43.432  -21.897  67.887 0.2500000000
74597  -43.982  -21.599  68.411 0.1250000000
75466  -45.330  -20.905  69.593 0.1250000000
75467  -46.374  -20.685  69.851 0.1250000000
74601  -44.217  -21.717  67.513 0.2500000000
75476  -44.738  -21.380  68.020 0.1250000000
74606  -44.468  -21.979  66.680 0.2500000000
74607  -45.181  -21.805  66.391 0.2500000000
75478  -46.092  -20.807  67.411 0.1250000000
76342  -47.586  -20.360  67.871 0.1250000000
74610  -44.747  -22.344  65.887 0.2500000000
76349  -47.655  -20.255  66.996 0.1250000000
129944  -49.405  -20.152  67.712 0.1250000000
76350  -48.594  -20.078  66.902 0.1250000000
150846  -4.549  -45.116  95.257 0.6250000000
146755  -5.331  -45.294  93.756 0.6250000000
51819  -7.021  -44.836  96.971 0.5000000000
51888  -5.232  -46.434  92.473 0.3750000000
140171  -8.019  -45.083  96.925 0.5000000000
51864  -7.700  -44.928  94.886 0.5000000000
51879  -9.944  -45.308  94.016 0.5000000000
51905  -10.278  -44.573  92.428 0.6250000000
51880  -10.810  -45.551  93.909 0.6250000000
50849  -10.485  -45.871  95.147 0.1250000000
60174  -28.052  -36.099  93.323 0.3750000000
136883  -27.915  -36.375  93.059 0.5000000000
59243  -27.842  -36.710  92.208 0.7500000000
62079  -29.214  -34.771  92.194 0.6250000000
63919  -30.338  -33.073  92.417 0.3750000000
63920  -31.155  -33.034  92.030 0.5000000000
60189  -28.490  -35.603  91.983 0.7500000000
61167  -29.065  -35.072  91.430 0.7500000000
62088  -30.297  -34.213  91.061 0.6250000000
60193  -28.268  -35.950  90.973 0.8750000000
60197  -28.438  -35.897  90.378 0.8750000000
61168  -29.711  -34.627  90.882 0.7500000000
59264  -28.290  -36.049  89.884 0.8750000000
60198  -28.874  -35.634  89.830 0.8750000000
60194  -29.270  -35.045  90.695 0.8750000000
61171  -29.963  -34.663  90.286 0.8750000000
61175  -30.180  -34.811  89.696 1.0000000000
62096  -30.944  -34.220  89.689 0.7500000000
62097  -31.386  -33.682  90.205 0.7500000000
60205  -30.129  -35.191  88.898 1.0000000000
61177  -30.872  -34.734  88.980 0.7500000000
126015  -27.116  -37.188  87.431 1.0000000000
60212  -29.820  -35.574  87.952 1.0000000000
59311  -28.977  -36.410  86.752 1.0000000000
60214  -30.345  -35.451  87.804 0.8750000000
62114  -31.396  -34.587  88.082 0.7500000000
61191  -30.759  -35.345  87.609 0.8750000000
60213  -30.064  -35.882  87.005 1.0000000000
61192  -31.153  -35.090  87.394 0.7500000000
61202  -31.286  -35.179  86.422 0.8750000000
58361  -28.186  -37.364  86.043 1.0000000000
59323  -28.712  -37.168  86.087 1.0000000000
59326  -30.341  -36.678  85.391 1.0000000000
61211  -31.066  -35.748  85.643 1.0000000000
131852  -30.738  -36.388  85.317 1.0000000000
126025  -28.388  -37.667  84.959 1.0000000000
58376  -29.364  -37.575  84.913 1.0000000000
59337  -29.762  -37.380  85.037 1.0000000000
59339  -30.603  -36.920  84.841 1.0000000000
57351  -27.096  -38.212  84.613 1.0000000000
132274  -29.351  -37.795  84.546 1.0000000000
135510  -30.860  -36.934  84.321 1.0000000000
58401  -29.901  -37.758  84.309 1.0000000000
130176  -30.229  -37.624  84.057 1.0000000000
55629  -17.955  -42.660  81.862 0.3750000000
55628  -17.448  -42.257  82.411 0.3750000000
58399  -28.943  -38.039  84.304 1.0000000000
58412  -29.911  -37.847  83.705 1.0000000000
57363  -28.798  -38.298  83.870 1.0000000000
57377  -28.952  -38.526  83.164 1.0000000000
58411  -29.443  -38.220  82.975 1.0000000000
57390  -27.504  -39.309  82.031 1.0000000000
57375  -27.835  -38.543  83.609 1.0000000000
57392  -28.556  -38.869  82.327 1.0000000000
150429  -27.890  -39.342  81.815 1.0000000000
57410  -29.139  -38.779  80.937 1.0000000000
58426  -29.404  -38.267  81.829 1.0000000000
57407  -26.996  -39.352  80.866 1.0000000000
56476  -27.846  -39.442  81.161 1.0000000000
56488  -27.384  -39.607  80.199 1.0000000000
56489  -27.772  -39.656  80.339 1.0000000000
56491  -28.670  -39.370  80.514 1.0000000000
56490  -28.233  -39.570  80.427 1.0000000000
57459  -26.533  -40.035  77.918 0.8750000000
57458  -25.664  -39.766  77.850 0.8750000000
57440  -25.875  -39.253  79.101 1.0000000000
56517  -27.167  -40.141  78.461 0.8750000000
56502  -27.657  -39.817  79.748 1.0000000000
56504  -28.920  -39.706  79.402 1.0000000000
56519  -28.743  -39.995  78.082 1.0000000000
56520  -29.901  -39.796  77.573 0.8750000000
57442  -29.719  -39.619  78.528 1.0000000000
57419  -21.055  -39.544  79.930 0.5000000000
56536  -27.840  -40.402  77.655 0.8750000000
130286  -30.153  -39.200  78.186 0.8750000000
56515  -22.286  -41.010  78.533 0.5000000000
57438  -21.795  -40.374  79.020 0.6250000000
50850  -11.406  -45.743  94.395 0.2500000000
51894  -11.799  -45.370  92.843 0.6250000000
58302  -26.026  -39.062  91.077 0.7500000000
58313  -25.308  -38.130  90.085 0.8750000000
52889  -12.542  -44.816  87.307 0.7500000000
51970  -13.874  -45.539  87.082 0.7500000000
58327  -24.559  -37.532  89.024 0.8750000000
146145  -25.377  -37.581  88.901 1.0000000000
58330  -26.638  -37.098  89.097 1.0000000000
144931  -25.513  -37.613  89.385 1.0000000000
52912  -13.508  -45.372  85.205 0.7500000000
127593  -14.972  -45.773  85.446 0.6250000000
52003  -15.304  -45.710  84.823 0.6250000000
52920  -13.989  -45.727  84.669 0.6250000000
52018  -14.992  -46.151  83.882 0.5000000000
58346  -26.640  -37.310  87.775 1.0000000000
58357  -26.164  -37.646  87.013 1.0000000000
63026  -31.705  -34.259  86.940 0.6250000000
133808  -26.795  -37.859  85.807 1.0000000000
128540  -31.686  -33.839  85.663 1.0000000000
141717  -26.236  -38.417  84.644 1.0000000000
57359  -26.987  -38.430  84.023 1.0000000000
57372  -26.853  -38.624  83.419 1.0000000000
58397  -26.566  -38.495  84.053 1.0000000000
57360  -27.379  -38.415  83.956 1.0000000000
60261  -31.320  -36.209  84.114 1.0000000000
60260  -30.985  -36.818  83.727 1.0000000000
60279  -31.301  -36.121  83.519 1.0000000000
62146  -31.857  -34.478  83.758 1.0000000000
57388  -26.559  -38.679  82.709 1.0000000000
60292  -31.103  -36.191  82.833 1.0000000000
136129  -18.102  -40.985  81.840 0.2500000000
57406  -26.631  -38.996  81.639 1.0000000000
58427  -29.736  -37.904  81.525 1.0000000000
58421  -18.502  -39.114  81.538 0.2500000000
57404  -20.982  -40.341  81.166 0.1250000000
57405  -21.446  -40.835  81.025 0.1250000000
57421  -25.794  -38.869  79.876 1.0000000000
57422  -26.309  -39.159  80.026 1.0000000000
59396  -30.211  -37.521  81.027 1.0000000000
58444  -29.784  -38.201  80.368 1.0000000000
58443  -29.497  -38.478  80.707 1.0000000000
59380  -30.329  -37.282  81.969 1.0000000000
59410  -30.208  -38.694  79.006 0.7500000000
58458  -29.820  -38.877  79.611 0.7500000000
57425  -29.751  -39.361  79.071 0.8750000000
58472  -30.187  -39.264  78.431 0.7500000000
57457  -23.695  -39.775  77.766 0.7500000000
57471  -24.467  -40.118  77.417 0.7500000000
57443  -30.436  -40.508  77.906 0.7500000000
59276  -22.555  -37.481  89.690 0.8750000000
149306  -14.842  -45.683  87.211 1.0000000000
59308  -24.945  -37.105  87.047 1.0000000000
145579  -25.587  -37.452  87.391 1.0000000000
141925  -32.575  -32.474  88.981 0.3750000000
51989  -15.663  -45.407  86.263 1.0000000000
140520  -32.567  -32.037  88.043 0.3750000000
63961  -32.014  -33.482  86.536 0.5000000000
56449  -16.847  -41.838  84.097 0.5000000000
63045  -32.827  -34.221  83.528 1.0000000000
61244  -30.922  -35.685  82.445 1.0000000000
58407  -17.095  -39.830  82.890 0.6250000000
60307  -30.734  -36.384  82.145 1.0000000000
61250  -30.448  -36.346  81.209 0.8750000000
134807  -30.032  -37.459  79.714 0.8750000000
61258  -30.197  -36.648  80.452 0.8750000000
151279  -21.917  -38.220  79.702 0.7500000000
58474  -31.216  -41.001  76.981 0.7500000000
56402  -16.772  -41.075  89.757 1.0000000000
57320  -16.817  -40.290  89.384 1.0000000000
58308  -17.269  -39.445  89.748 1.0000000000
58310  -18.576  -38.439  91.173 0.8750000000
55546  -16.663  -41.840  89.944 1.0000000000
56418  -16.604  -41.060  89.036 1.0000000000
59275  -21.512  -37.482  89.966 0.8750000000
59274  -19.778  -37.716  89.588 0.8750000000
127436  -20.784  -37.485  89.389 0.8750000000
51972  -15.016  -45.494  87.682 1.0000000000
55575  -16.055  -41.425  87.532 1.0000000000
59293  -22.701  -37.457  88.809 0.8750000000
147847  -15.621  -45.284  86.966 1.0000000000
52901  -16.124  -44.705  86.580 1.0000000000
60233  -22.558  -36.533  86.509 1.0000000000
136807  -16.703  -42.119  84.892 0.7500000000
56434  -16.309  -41.787  85.738 1.0000000000
64919  -31.692  -32.811  85.558 0.8750000000
56440  -16.484  -41.298  84.808 0.6250000000
65939  -31.546  -32.328  85.438 0.7500000000
146909  -32.272  -33.877  83.650 1.0000000000
64940  -31.974  -33.444  83.851 1.0000000000
58394  -16.826  -39.452  83.826 0.8750000000
62151  -31.164  -34.766  83.086 1.0000000000
62157  -30.529  -35.773  81.716 1.0000000000
62168  -30.231  -35.895  81.073 1.0000000000
63075  -30.196  -35.015  81.875 1.0000000000
59408  -22.381  -37.807  80.023 0.7500000000
151106  -21.656  -36.510  81.425 1.0000000000
59391  -19.417  -37.705  81.090 0.6250000000
59409  -23.432  -37.900  79.994 0.8750000000
51957  -14.830  -45.359  88.516 1.0000000000
54655  -15.906  -42.841  88.591 1.0000000000
136921  -15.857  -43.650  88.187 1.0000000000
129618  -16.065  -44.435  87.190 1.0000000000
142658  -15.951  -42.455  87.214 1.0000000000
58355  -16.712  -39.182  86.989 1.0000000000
59303  -19.151  -37.288  87.453 1.0000000000
144979  -31.781  -31.758  86.259 0.5000000000
58368  -16.659  -39.045  86.163 1.0000000000
66946  -31.009  -31.922  84.633 0.6250000000
65938  -31.306  -32.428  84.589 0.7500000000
59345  -17.811  -37.695  85.008 1.0000000000
60242  -19.415  -36.424  84.903 1.0000000000
145911  -17.807  -37.720  84.341 1.0000000000
60258  -21.397  -35.582  84.092 1.0000000000
60277  -22.637  -35.596  83.924 1.0000000000
65957  -31.003  -32.726  83.750 1.0000000000
64004  -30.774  -33.867  83.148 1.0000000000
129870  -18.384  -37.448  82.790 0.7500000000
63085  -29.561  -35.478  80.765 1.0000000000
63086  -29.883  -35.520  81.034 1.0000000000
64012  -29.493  -34.457  81.852 1.0000000000
64013  -29.957  -34.595  82.159 1.0000000000
146794  -30.389  -34.434  82.559 1.0000000000
66944  -30.251  -31.818  84.026 0.7500000000
67979  -29.978  -31.317  84.631 0.6250000000
65984  -29.127  -32.917  82.287 1.0000000000
67966  -29.886  -30.678  85.229 0.6250000000
66956  -28.869  -31.569  83.274 0.8750000000
65998  -27.095  -32.442  80.075 1.0000000000
66996  -26.684  -31.750  79.752 1.0000000000
66995  -26.138  -30.986  79.319 1.0000000000
67007  -25.952  -31.374  78.709 1.0000000000
66977  -26.349  -30.246  80.678 0.7500000000
69008  -26.125  -28.409  80.608 0.6250000000
67996  -25.606  -29.143  79.384 0.8750000000
69040  -25.586  -28.377  78.558 0.8750000000
68029  -24.828  -28.765  76.201 0.8750000000
70001  -27.208  -27.297  79.497 0.7500000000
70021  -27.836  -27.102  78.050 0.7500000000
69078  -27.255  -27.050  76.625 0.8750000000
148232  -28.641  -26.900  78.147 0.5000000000
69060  -29.866  -26.714  77.234 0.6250000000
69081  -30.361  -26.906  76.040 0.7500000000
134332  -30.305  -26.796  76.800 0.5000000000
69082  -31.376  -26.914  76.017 0.2500000000
69095  -27.607  -27.023  75.278 0.8750000000
69116  -29.322  -27.156  74.953 0.8750000000
69099  -31.777  -27.067  75.141 0.5000000000
69136  -31.993  -27.420  73.675 0.7500000000
69133  -28.285  -27.303  73.833 1.0000000000
68070  -31.799  -27.641  72.834 0.8750000000
144940  -30.217  -27.686  72.066 1.0000000000
67113  -30.362  -29.210  69.813 0.8750000000
67143  -30.201  -29.788  68.457 0.8750000000
67112  -29.286  -28.975  69.464 0.8750000000
67155  -29.658  -30.236  67.623 0.8750000000
69014  -36.589  -27.225  79.590 0.1250000000
69066  -35.836  -27.867  77.417 0.1250000000
68109  -31.132  -28.684  71.179 0.8750000000
69103  -35.531  -27.622  75.935 0.2500000000
69121  -34.393  -27.266  74.748 0.2500000000
67094  -32.009  -29.319  70.758 0.8750000000
67080  -35.827  -28.856  72.479 0.3750000000
66086  -36.334  -29.397  71.201 0.6250000000
65091  -35.866  -29.406  70.213 0.7500000000
126121  -36.822  -29.137  70.356 0.7500000000
66144  -35.601  -28.591  69.495 0.7500000000
67147  -36.639  -28.044  69.745 0.7500000000
69182  -35.831  -27.431  69.357 0.7500000000
68158  -34.834  -27.841  69.181 1.0000000000
69192  -34.576  -27.431  68.699 1.0000000000
67117  -38.982  -28.507  71.805 0.5000000000
70985  -35.934  -26.091  69.178 0.8750000000
70959  -39.835  -25.825  71.370 0.3750000000
71822  -39.094  -25.011  69.924 0.5000000000
71831  -38.006  -24.789  69.248 0.6250000000
73635  -38.494  -23.312  67.899 0.7500000000
72748  -43.429  -24.045  64.123 0.6250000000
72759  -42.656  -24.458  63.243 0.7500000000
72736  -42.069  -23.279  65.250 0.6250000000
132377  -40.831  -22.860  69.774 0.2500000000
149337  -40.450  -22.645  67.368 0.7500000000
73632  -41.758  -22.376  68.551 0.2500000000
73638  -41.029  -22.570  67.389 0.5000000000
73639  -41.953  -22.463  67.566 0.3750000000
74605  -43.701  -22.152  67.008 0.2500000000
73652  -43.960  -22.502  66.166 0.3750000000
73662  -44.229  -22.776  65.285 0.3750000000
74591  -43.003  -21.818  69.773 0.1250000000
74596  -43.197  -21.841  68.826 0.1250000000
75472  -44.560  -21.275  68.938 0.1250000000
75473  -45.303  -20.966  68.564 0.1250000000
74602  -44.942  -21.534  67.166 0.2500000000
75474  -45.999  -20.656  68.288 0.1250000000
75477  -45.428  -21.113  67.680 0.2500000000
75482  -45.609  -21.321  66.875 0.2500000000
75483  -46.274  -21.022  66.604 0.2500000000
76341  -46.784  -20.505  68.092 0.1250000000
75479  -46.831  -20.530  67.186 0.1250000000
136114  -29.416  -39.012  80.070 1.0000000000
53735  -9.987  -44.234  88.209 0.6250000000
53748  -10.189  -44.552  87.418 0.6250000000
53749  -10.943  -44.441  87.043 0.6250000000
52887  -10.448  -44.980  86.732 0.5000000000
152527  -11.304  -45.261  85.938 0.5000000000
52910  -11.518  -45.657  85.526 0.5000000000
52016  -13.353  -46.432  84.303 0.2500000000
136071  -13.913  -46.687  83.964 0.3750000000
65852  -30.102  -31.246  92.945 0.2500000000
53736  -10.792  -44.220  87.937 0.6250000000
53722  -10.715  -44.130  88.869 0.7500000000
65853  -30.639  -31.084  92.590 0.2500000000
52877  -11.790  -44.411  87.831 0.6250000000
52898  -11.816  -45.043  85.907 0.6250000000
52899  -12.776  -45.112  85.730 0.6250000000
52911  -12.796  -45.501  84.930 0.6250000000
52919  -13.380  -45.776  84.593 0.6250000000
151901  -13.764  -46.138  84.284 0.3750000000
52017  -14.283  -46.242  84.102 0.3750000000
146743  -15.354  -46.486  83.226 0.3750000000
52026  -15.884  -46.354  82.907 0.3750000000
52927  -17.161  -45.636  82.656 0.3750000000
52888  -11.730  -44.611  86.712 0.6250000000
141401  -12.369  -44.853  86.407 0.6250000000
52019  -15.759  -45.819  83.936 0.6250000000
52027  -16.447  -45.682  83.281 0.6250000000
55697  -23.570  -42.338  77.802 0.5000000000
56521  -31.039  -40.922  76.089 0.7500000000
58484  -31.928  -41.482  76.902 0.1250000000
65885  -32.553  -31.495  90.545 0.2500000000
66874  -33.017  -30.390  90.267 0.2500000000
55698  -24.206  -42.660  77.448 0.5000000000
55712  -25.616  -42.600  76.523 0.6250000000
56579  -27.479  -41.833  76.002 0.7500000000
57473  -29.176  -41.295  75.047 0.7500000000
55699  -30.124  -42.033  75.453 0.7500000000
56539  -31.078  -40.985  76.110 0.7500000000
148813  -30.192  -40.720  76.072 0.7500000000
59425  -30.568  -39.966  77.135 0.2500000000
59434  -30.541  -40.025  76.918 0.2500000000
52806  -16.084  -43.667  95.078 0.3750000000
51854  -14.671  -44.582  94.119 0.3750000000
51867  -14.890  -44.679  93.769 0.3750000000
50922  -13.358  -45.236  90.621 0.6250000000
50923  -13.789  -45.255  90.006 0.7500000000
50912  -14.708  -45.216  90.009 0.7500000000
148559  -14.895  -45.125  90.514 0.7500000000
51941  -14.987  -45.238  89.055 0.8750000000
64898  -32.801  -31.848  88.758 0.2500000000
65910  -32.784  -31.490  88.217 0.2500000000
56533  -22.988  -41.608  77.924 0.5000000000
60320  -29.894  -37.126  79.457 0.7500000000
56555  -23.872  -41.777  77.170 0.5000000000
147665  -24.716  -42.253  76.857 0.6250000000
56578  -26.146  -41.877  76.326 0.6250000000
56558  -26.745  -41.210  76.644 0.7500000000
56537  -29.099  -40.350  76.387 0.7500000000
149181  -30.216  -38.416  78.791 0.7500000000
60331  -30.264  -38.775  78.160 0.6250000000
60330  -30.044  -38.032  77.928 0.3750000000
152552  -30.222  -38.946  77.430 0.2500000000
59433  -30.111  -39.176  76.883 0.2500000000
50836  -14.007  -45.018  93.998 0.3750000000
129772  -14.390  -45.398  92.829 0.5000000000
51881  -15.055  -44.749  93.400 0.5000000000
50883  -14.181  -45.512  92.617 0.5000000000
50884  -14.579  -45.390  92.366 0.5000000000
51895  -14.892  -45.052  92.847 0.5000000000
51882  -15.517  -44.389  93.282 0.5000000000
51868  -15.600  -44.194  93.870 0.5000000000
50896  -13.506  -45.546  91.910 0.5000000000
129378  -13.869  -45.596  92.300 0.5000000000
147697  -14.694  -45.299  91.672 0.5000000000
51909  -14.936  -45.067  92.111 0.6250000000
50910  -13.630  -45.400  91.049 0.5000000000
50898  -14.505  -45.296  91.069 0.7500000000
150119  -14.776  -45.191  91.138 0.6250000000
51910  -15.199  -44.612  91.856 0.7500000000
50911  -14.178  -45.315  90.522 0.6250000000
51942  -15.082  -45.095  89.536 0.7500000000
142563  -15.202  -44.650  91.060 0.7500000000
51927  -15.212  -44.869  90.150 0.7500000000
51943  -15.331  -44.898  88.988 0.8750000000
52866  -15.471  -44.441  89.358 0.8750000000
52879  -15.580  -44.650  88.396 0.8750000000
65917  -32.585  -31.311  87.634 0.2500000000
57472  -25.093  -40.579  77.015 0.7500000000
62194  -29.690  -36.708  79.535 0.7500000000
61269  -29.566  -36.903  78.891 0.7500000000
63094  -29.225  -35.652  80.127 0.8750000000
57470  -23.540  -40.792  77.349 0.6250000000
56556  -24.720  -41.436  76.739 0.6250000000
56557  -25.598  -41.225  76.660 0.6250000000
60342  -29.985  -37.891  77.755 0.5000000000
60341  -29.833  -37.736  77.265 0.3750000000
51896  -15.330  -44.522  92.641 0.6250000000
52842  -15.597  -44.012  92.437 0.7500000000
51926  -15.032  -44.998  91.201 0.6250000000
52856  -15.372  -44.228  90.479 0.7500000000
53737  -15.715  -44.063  88.675 0.8750000000
64020  -28.375  -34.431  80.651 0.8750000000
144107  -28.547  -35.225  80.114 0.8750000000
62193  -29.351  -36.304  79.358 0.8750000000
61280  -29.649  -37.202  78.047 0.5000000000
62207  -28.922  -36.834  77.175 0.5000000000
53703  -15.809  -43.456  92.134 0.7500000000
138197  -15.384  -44.057  91.553 0.7500000000
53712  -15.532  -43.405  91.055 0.7500000000
53723  -15.594  -43.552  89.738 0.8750000000
54642  -15.866  -42.835  89.460 0.8750000000
67956  -32.058  -30.410  87.272 0.2500000000
68956  -32.183  -28.950  88.255 0.2500000000
67955  -31.426  -30.168  86.928 0.3750000000
67944  -31.889  -29.592  87.601 0.2500000000
64034  -27.390  -34.227  79.287 0.7500000000
63111  -26.965  -34.688  77.879 0.6250000000
149850  -27.881  -34.710  79.980 0.8750000000
133687  -27.153  -35.484  77.282 0.6250000000
145256  -21.430  -38.193  92.681 0.5000000000
54615  -16.115  -42.897  91.685 0.7500000000
58297  -20.418  -37.928  91.744 0.6250000000
58284  -21.925  -38.342  93.253 0.5000000000
54629  -15.835  -42.807  90.539 0.8750000000
67953  -30.484  -30.069  86.390 0.5000000000
67954  -30.884  -30.028  86.655 0.3750000000
144712  -25.812  -32.282  77.719 0.7500000000
65014  -26.861  -33.211  78.749 0.6250000000
64999  -27.247  -33.160  79.626 0.8750000000
133187  -25.683  -33.439  76.930 0.6250000000
65026  -26.081  -33.125  77.580 0.6250000000
134064  -26.615  -33.662  78.076 0.6250000000
133546  -24.891  -33.196  75.334 0.5000000000
64081  -24.716  -33.667  74.520 0.5000000000
64094  -24.733  -33.404  73.104 0.2500000000
128496  -16.304  -42.378  90.174 0.8750000000
132064  -19.607  -38.110  92.177 0.6250000000
66018  -26.295  -32.174  78.516 0.8750000000
66034  -25.011  -31.810  76.280 0.6250000000
66043  -24.730  -31.892  74.343 0.6250000000
65048  -24.686  -32.739  74.496 0.5000000000
145220  -24.636  -33.255  73.872 0.6250000000
55547  -16.860  -41.838  90.813 0.8750000000
58282  -19.233  -38.696  92.736 0.6250000000
56403  -17.113  -40.893  91.337 0.8750000000
58295  -18.026  -39.238  91.657 0.7500000000
58296  -18.816  -38.602  91.995 0.7500000000
67034  -24.647  -29.983  75.873 0.6250000000
134558  -24.749  -31.058  74.643 0.6250000000
66053  -24.908  -31.202  73.597 0.6250000000
65064  -24.792  -32.772  72.513 0.3750000000
66081  -25.291  -31.343  71.876 0.3750000000
65075  -25.022  -32.280  71.856 0.3750000000
66098  -25.408  -31.930  71.178 0.3750000000
65086  -25.599  -32.649  70.737 0.3750000000
64166  -27.328  -33.518  68.832 0.5000000000
64185  -27.656  -33.338  68.207 0.5000000000
63240  -28.880  -34.333  67.481 0.5000000000
67048  -24.594  -30.015  74.899 0.6250000000
151478  -24.971  -30.406  73.357 0.6250000000
147601  -25.546  -30.511  71.838 0.5000000000
66082  -25.688  -30.885  71.034 0.5000000000
66099  -25.803  -31.751  70.396 0.5000000000
67111  -26.073  -30.743  70.071 0.5000000000
66116  -26.261  -31.688  69.432 0.5000000000
65117  -27.167  -32.630  68.343 0.5000000000
65131  -27.793  -32.766  67.743 0.5000000000
64187  -28.837  -33.563  67.100 0.5000000000
64198  -29.482  -33.566  66.673 0.5000000000
64199  -30.319  -33.752  66.195 0.3750000000
137954  -27.764  -27.171  82.755 0.3750000000
69970  -27.238  -27.321  81.210 0.2500000000
68041  -24.767  -28.949  75.182 0.7500000000
128695  -25.679  -27.684  76.020 0.7500000000
68054  -25.130  -29.158  74.199 0.7500000000
68055  -25.570  -28.247  74.650 0.7500000000
67063  -25.317  -29.676  73.239 0.6250000000
67075  -25.692  -29.775  72.251 0.6250000000
67091  -25.884  -29.917  71.350 0.6250000000
139644  -26.032  -30.088  70.616 0.6250000000
65116  -26.680  -32.066  68.748 0.5000000000
142891  -28.076  -32.142  67.452 0.6250000000
65132  -28.413  -32.774  67.268 0.5000000000
68157  -33.398  -28.191  68.370 0.8750000000
65133  -29.099  -32.654  66.820 0.5000000000
66167  -29.482  -31.628  66.746 0.5000000000
66168  -30.211  -31.213  66.438 0.5000000000
68156  -32.397  -28.677  67.620 0.6250000000
131252  -32.928  -28.195  67.777 0.7500000000
128580  -33.761  -27.439  68.096 0.8750000000
70078  -34.527  -27.207  68.475 0.7500000000
65138  -29.853  -32.621  66.413 0.5000000000
66169  -30.805  -31.419  65.867 0.5000000000
131347  -30.987  -30.545  65.985 0.5000000000
67164  -31.187  -29.839  66.024 0.6250000000
69205  -32.267  -27.573  66.422 0.6250000000
70089  -33.027  -27.127  67.228 0.6250000000
70982  -33.798  -25.900  67.351 0.7500000000
64200  -31.233  -33.489  65.690 0.2500000000
65140  -31.366  -32.516  65.469 0.3750000000
136952  -31.475  -30.754  65.380 0.5000000000
67170  -32.199  -30.212  64.730 0.3750000000
70107  -32.687  -27.506  64.882 0.6250000000
71854  -33.409  -25.576  66.568 0.6250000000
69094  -26.285  -27.356  75.092 0.7500000000
68067  -25.742  -28.818  73.545 0.6250000000
69113  -26.357  -27.612  74.181 0.7500000000
68083  -26.157  -28.808  72.735 0.6250000000
68105  -26.319  -29.121  71.734 0.6250000000
68125  -26.432  -29.313  70.815 0.6250000000
68137  -26.465  -29.736  69.963 0.6250000000
67126  -26.657  -30.444  69.133 0.6250000000
67140  -27.241  -30.769  68.375 0.6250000000
66137  -27.576  -31.209  67.926 0.6250000000
66155  -28.112  -31.360  67.565 0.6250000000
66156  -28.724  -31.753  67.137 0.6250000000
137999  -32.165  -29.162  67.843 0.7500000000
138480  -29.896  -30.570  67.081 0.6250000000
66158  -30.874  -30.198  66.913 0.5000000000
67156  -31.236  -29.665  66.990 0.6250000000
70983  -34.693  -25.794  67.950 0.7500000000
70992  -32.930  -26.066  66.221 0.6250000000
72727  -33.675  -24.759  66.158 0.7500000000
71841  -34.083  -25.101  67.059 0.7500000000
151610  -33.194  -26.415  64.682 0.5000000000
71002  -33.064  -25.981  64.985 0.6250000000
70117  -34.618  -27.375  64.040 0.3750000000
70118  -35.494  -27.282  63.918 0.2500000000
69247  -36.858  -27.959  63.927 0.1250000000
69131  -26.359  -28.095  73.484 0.6250000000
69132  -27.210  -27.528  73.598 0.8750000000
149918  -26.734  -28.346  72.051 0.6250000000
68084  -27.485  -27.944  71.924 0.7500000000
69144  -28.126  -27.564  72.831 0.8750000000
143604  -29.076  -27.365  73.217 0.8750000000
68106  -26.967  -28.497  71.231 0.6250000000
126315  -28.693  -27.915  71.847 0.8750000000
69165  -39.654  -27.578  72.181 0.2500000000
68126  -27.310  -28.788  70.165 0.6250000000
126580  -29.261  -28.261  71.009 0.7500000000
136210  -29.812  -27.937  71.670 0.8750000000
69164  -38.964  -27.673  71.653 0.2500000000
70063  -39.054  -26.952  71.484 0.2500000000
68138  -27.149  -29.469  69.360 0.6250000000
68127  -28.641  -28.485  70.122 0.7500000000
68128  -29.871  -28.684  70.325 0.7500000000
67128  -28.669  -29.454  68.589 0.7500000000
66117  -31.639  -30.074  69.778 0.7500000000
67141  -28.093  -30.322  67.888 0.6250000000
66138  -30.992  -30.110  69.066 0.7500000000
66139  -31.558  -30.141  69.066 0.7500000000
66141  -32.837  -29.716  68.975 0.7500000000
147377  -29.294  -30.969  67.144 0.6250000000
66157  -30.421  -30.014  67.976 0.7500000000
128748  -31.330  -29.946  68.189 0.7500000000
127520  -30.614  -30.135  67.434 0.6250000000
72728  -34.374  -24.182  66.619 0.7500000000
71842  -34.891  -24.649  67.524 0.7500000000
71015  -34.113  -25.936  64.150 0.5000000000
71873  -33.506  -25.238  64.901 0.6250000000
72744  -34.860  -23.963  64.349 0.6250000000
129146  -35.046  -26.647  63.867 0.3750000000
130555  -35.686  -26.537  63.422 0.5000000000
70119  -37.023  -27.638  63.274 0.2500000000
127837  -36.313  -27.222  63.494 0.2500000000
68130  -39.288  -28.074  72.034 0.2500000000
69166  -40.395  -27.781  72.751 0.2500000000
70055  -39.712  -26.629  71.822 0.2500000000
66140  -32.155  -29.991  68.940 0.8750000000
72723  -35.650  -24.269  67.767 0.7500000000
73644  -35.758  -23.041  66.405 0.7500000000
72753  -34.501  -24.635  64.150 0.5000000000
72754  -35.154  -24.454  63.719 0.6250000000
71024  -35.236  -25.894  63.492 0.3750000000
71025  -35.796  -25.757  62.868 0.5000000000
71034  -36.302  -25.908  62.302 0.5000000000
70124  -36.559  -26.853  62.669 0.3750000000
69289  -41.378  -28.427  59.089 0.2500000000
70166  -42.335  -27.669  58.079 0.1250000000
71081  -43.291  -26.842  57.221 0.1250000000
71956  -43.036  -26.098  56.865 0.1250000000
131011  -43.230  -25.240  56.684 0.2500000000
72838  -44.198  -24.915  56.606 0.1250000000
72837  -43.310  -24.373  56.635 0.2500000000
73645  -37.040  -23.085  66.593 0.7500000000
73670  -36.927  -22.943  64.451 0.7500000000
145003  -36.115  -23.062  64.331 0.7500000000
72756  -36.772  -23.767  62.815 0.5000000000
72755  -35.913  -24.180  63.214 0.5000000000
71035  -36.794  -26.294  61.885 0.5000000000
71908  -37.332  -25.742  61.351 0.5000000000
70131  -37.447  -27.242  61.401 0.3750000000
71045  -37.795  -26.447  60.898 0.5000000000
70155  -39.742  -27.599  59.532 0.3750000000
69287  -39.818  -28.322  59.751 0.2500000000
69288  -40.520  -28.081  59.218 0.2500000000
69298  -41.199  -27.865  58.706 0.2500000000
70165  -41.537  -27.365  58.179 0.1250000000
70174  -42.117  -27.145  57.701 0.2500000000
71949  -42.162  -25.921  57.248 0.2500000000
146359  -42.552  -25.442  56.909 0.1250000000
72836  -42.515  -24.739  56.839 0.3750000000
73738  -43.319  -23.492  56.576 0.2500000000
73657  -38.331  -22.888  65.230 0.7500000000
73683  -37.508  -23.143  63.650 0.6250000000
72769  -37.198  -24.249  62.113 0.5000000000
72782  -37.638  -24.701  61.483 0.5000000000
71909  -38.020  -25.279  60.893 0.3750000000
71056  -38.477  -26.806  60.309 0.3750000000
71922  -38.538  -25.829  60.374 0.3750000000
70154  -39.102  -27.167  59.881 0.3750000000
71066  -39.632  -26.746  59.440 0.3750000000
70156  -40.214  -27.147  59.066 0.3750000000
145800  -41.080  -26.781  58.239 0.3750000000
71073  -40.529  -26.565  58.616 0.3750000000
71079  -41.633  -26.528  57.724 0.3750000000
71948  -41.474  -25.628  57.702 0.3750000000
140879  -41.966  -25.143  57.234 0.3750000000
72831  -41.925  -24.316  57.215 0.3750000000
73732  -41.952  -23.462  57.167 0.3750000000
74663  -41.849  -21.808  56.963 0.5000000000
75536  -41.866  -21.051  56.854 0.3750000000
131031  -42.504  -23.912  56.801 0.3750000000
73737  -42.503  -23.068  56.737 0.3750000000
75537  -42.395  -21.446  56.571 0.3750000000
75538  -43.163  -21.765  56.334 0.3750000000
76409  -42.920  -20.047  55.938 0.3750000000
77219  -43.392  -19.722  55.454 0.2500000000
77220  -44.110  -19.780  55.061 0.2500000000
77232  -44.606  -19.233  53.914 0.1250000000
73671  -37.764  -22.902  64.601 0.7500000000
73672  -38.440  -23.041  64.352 0.7500000000
73694  -37.774  -23.510  62.672 0.6250000000
72783  -38.490  -24.358  61.240 0.6250000000
72770  -38.107  -23.845  61.884 0.6250000000
72798  -38.846  -24.903  60.610 0.3750000000
71057  -39.090  -26.285  59.874 0.3750000000
132335  -46.334  -19.210  58.916 0.5000000000
78984  -47.447  -18.083  59.681 0.1250000000
78978  -47.970  -17.830  60.104 0.1250000000
79901  -48.963  -17.203  61.009 0.1250000000
79896  -48.593  -16.378  61.064 0.1250000000
71923  -39.273  -25.424  60.015 0.3750000000
71067  -40.059  -26.401  59.047 0.3750000000
78069  -45.032  -18.424  58.644 0.6250000000
78061  -45.873  -18.675  58.876 0.2500000000
78062  -46.701  -18.482  59.253 0.2500000000
78977  -47.452  -17.244  60.210 0.1250000000
129075  -48.202  -17.184  60.615 0.1250000000
79895  -47.671  -16.234  60.685 0.1250000000
136356  -40.956  -26.086  58.169 0.3750000000
72830  -41.482  -24.784  57.838 0.5000000000
78067  -43.227  -18.563  58.273 0.7500000000
78068  -44.077  -18.474  58.519 0.7500000000
78983  -46.677  -17.475  59.722 0.2500000000
79900  -46.805  -16.461  60.186 0.3750000000
74657  -41.917  -22.626  57.084 0.5000000000
75530  -41.638  -21.254  57.537 0.5000000000
77215  -41.970  -19.951  57.060 0.5000000000
78073  -42.963  -18.094  57.692 0.6250000000
78993  -43.941  -17.060  57.836 0.7500000000
138560  -44.415  -17.059  58.359 0.7500000000
79904  -45.991  -16.652  59.650 0.3750000000
76402  -42.479  -20.371  56.353 0.3750000000
136549  -42.509  -18.823  56.497 0.5000000000
78995  -43.014  -17.619  56.217 0.6250000000
79911  -44.160  -16.444  57.156 0.7500000000
79903  -45.267  -16.701  59.066 0.5000000000
138993  -43.448  -19.163  54.951 0.2500000000
79003  -43.754  -18.039  54.680 0.3750000000
79918  -43.686  -17.016  55.970 0.6250000000
71875  -44.777  -23.925  63.408 0.3750000000
71884  -45.048  -24.425  62.588 0.3750000000
72762  -46.172  -23.513  62.910 0.2500000000
130337  -39.199  -23.255  64.155 0.7500000000
71028  -44.491  -24.608  62.349 0.3750000000
71029  -45.035  -24.728  62.084 0.5000000000
71897  -45.611  -24.754  62.094 0.3750000000
72790  -47.112  -24.232  61.645 0.2500000000
72807  -47.185  -24.038  61.118 0.1250000000
73684  -38.500  -23.295  63.475 0.7500000000
73685  -39.245  -23.455  63.423 0.7500000000
143156  -42.775  -24.628  62.302 0.6250000000
71027  -44.043  -24.666  62.080 0.5000000000
128614  -44.992  -24.725  61.269 0.3750000000
72789  -46.524  -24.485  61.499 0.2500000000
73709  -47.474  -23.314  60.673 0.2500000000
127496  -39.065  -23.788  61.874 0.7500000000
71896  -43.566  -24.646  61.782 0.7500000000
71912  -44.401  -24.464  61.040 0.5000000000
71927  -44.436  -24.423  60.787 0.7500000000
72805  -45.409  -24.138  60.877 0.3750000000
73708  -46.682  -23.579  60.398 0.2500000000
74635  -46.953  -22.811  60.117 0.3750000000
74636  -47.866  -22.431  60.326 0.2500000000
75516  -48.411  -21.511  60.433 0.1250000000
82536  -52.526  -13.621  63.793 0.1250000000
72773  -42.128  -24.543  61.846 0.7500000000
71925  -43.245  -24.322  60.773 0.7500000000
71926  -43.982  -24.288  60.908 0.7500000000
137528  -44.058  -24.234  60.879 0.7500000000
73706  -44.946  -23.619  60.559 0.7500000000
74634  -46.091  -22.944  60.113 0.3750000000
74646  -46.265  -22.162  59.770 0.6250000000
75523  -46.480  -21.490  59.558 0.2500000000
76383  -47.835  -20.803  59.957 0.1250000000
144531  -48.447  -19.681  60.342 0.1250000000
77193  -48.801  -19.160  60.578 0.1250000000
81635  -51.903  -14.664  62.706 0.1250000000
82556  -52.234  -14.099  63.181 0.1250000000
72787  -42.341  -24.419  60.934 0.7500000000
72803  -43.279  -24.111  60.555 0.7500000000
72817  -43.891  -23.857  60.596 0.7500000000
74644  -44.548  -22.377  59.788 0.7500000000
129948  -44.816  -21.752  59.484 0.6250000000
76391  -46.356  -20.679  59.241 0.5000000000
136570  -47.257  -20.282  59.487 0.2500000000
147962  -47.364  -19.565  59.417 0.1250000000
77203  -48.178  -19.095  60.113 0.1250000000
78979  -49.035  -17.848  61.033 0.1250000000
78972  -49.856  -17.096  61.391 0.1250000000
80762  -50.875  -15.961  62.141 0.1250000000
80754  -51.457  -15.252  62.409 0.1250000000
81634  -51.159  -14.549  62.450 0.1250000000
82555  -51.641  -13.895  62.846 0.1250000000
83433  -52.498  -12.834  64.119 0.1250000000
72816  -42.944  -23.893  60.216 0.7500000000
73718  -43.260  -23.342  60.035 0.7500000000
74643  -43.580  -22.533  59.780 0.7500000000
76390  -45.330  -20.634  58.957 0.6250000000
77201  -46.756  -19.778  59.109 0.5000000000
141715  -47.105  -19.123  59.217 0.2500000000
78064  -47.961  -18.475  59.931 0.1250000000
141500  -48.459  -17.888  60.469 0.1250000000
129766  -49.485  -16.452  61.420 0.1250000000
80753  -50.778  -15.204  62.215 0.1250000000
81633  -50.087  -14.543  62.298 0.1250000000
82554  -50.704  -13.757  62.589 0.1250000000
127188  -51.215  -13.093  63.051 0.1250000000
71933  -39.706  -25.916  59.426 0.3750000000
71940  -40.368  -25.724  58.804 0.5000000000
71941  -40.998  -25.329  58.286 0.5000000000
129395  -42.889  -21.906  59.489 0.7500000000
76388  -43.732  -20.698  59.104 0.7500000000
77199  -44.990  -19.926  58.752 0.6250000000
77209  -45.479  -19.236  58.704 0.3750000000
147646  -49.306  -14.932  61.925 0.1250000000
73726  -41.403  -24.190  58.406 0.5000000000
74652  -42.152  -22.140  59.102 0.7500000000
75519  -42.399  -21.292  59.126 0.7500000000
77197  -43.190  -19.923  58.907 0.7500000000
77208  -44.565  -19.215  58.628 0.6250000000
80769  -46.307  -15.540  59.848 0.3750000000
80765  -47.053  -15.523  60.439 0.3750000000
80766  -47.632  -15.363  60.778 0.3750000000
73731  -41.656  -23.874  57.739 0.5000000000
74651  -41.689  -22.522  58.501 0.5000000000
75526  -41.776  -21.473  58.499 0.6250000000
135636  -42.523  -20.031  58.781 0.7500000000
77206  -42.710  -19.320  58.458 0.6250000000
80773  -45.754  -15.129  58.304 0.5000000000
144687  -46.031  -15.014  59.109 0.3750000000
79915  -44.949  -16.037  56.087 0.6250000000
79914  -44.296  -16.465  56.358 0.7500000000
80776  -45.172  -15.503  57.745 0.6250000000
80772  -45.116  -15.875  58.538 0.5000000000
79919  -44.540  -16.673  55.618 0.5000000000
79005  -45.418  -17.449  54.141 0.3750000000
78089  -45.802  -18.478  53.230 0.2500000000
146478  -44.499  -23.620  64.090 0.3750000000
127026  -42.007  -24.464  62.821 0.6250000000
73695  -38.737  -23.547  62.664 0.7500000000
72757  -39.758  -23.652  62.842 0.7500000000
129304  -39.982  -23.963  61.912 0.7500000000
127843  -41.272  -24.171  63.238 0.7500000000
129463  -40.708  -24.228  61.876 0.7500000000
72772  -41.339  -24.350  62.313 0.7500000000
72784  -39.385  -24.274  61.169 0.7500000000
72785  -40.257  -24.327  61.145 0.7500000000
72786  -41.285  -24.367  61.231 0.7500000000
72799  -39.664  -24.704  60.417 0.7500000000
72800  -40.531  -24.442  60.294 0.7500000000
72801  -41.557  -24.271  60.179 0.7500000000
72802  -42.585  -24.199  60.395 0.7500000000
83432  -52.125  -12.302  63.889 0.1250000000
71924  -40.048  -25.068  59.547 0.5000000000
72815  -42.173  -24.004  59.913 0.7500000000
83447  -50.378  -12.912  62.527 0.1250000000
83448  -50.819  -12.238  62.941 0.1250000000
83449  -51.599  -12.328  63.470 0.1250000000
72824  -41.107  -24.704  58.466 0.5000000000
73716  -41.679  -23.778  59.133 0.6250000000
73717  -42.376  -23.542  59.673 0.7500000000
73727  -41.924  -23.038  59.121 0.7500000000
81641  -48.574  -14.718  61.438 0.1250000000
81642  -49.209  -14.140  61.901 0.1250000000
82553  -49.791  -13.541  62.267 0.1250000000
82566  -49.213  -13.390  61.700 0.1250000000
81648  -46.646  -14.674  59.408 0.3750000000
81649  -47.243  -14.312  59.839 0.3750000000
79925  -45.800  -16.717  54.689 0.5000000000
79920  -45.381  -16.351  55.384 0.5000000000
79012  -46.190  -17.629  53.564 0.2500000000
73686  -39.898  -23.438  63.845 0.7500000000
72771  -40.619  -24.009  62.648 0.7500000000
79006  -46.150  -17.006  54.134 0.5000000000
79921  -46.218  -16.041  55.144 0.6250000000
79930  -46.748  -16.829  53.811 0.2500000000
79926  -46.506  -16.408  54.452 0.5000000000
56535  -26.912  -40.483  77.405 0.7500000000
139152  -11.448  -44.244  88.639 0.6250000000
58298  -21.444  -38.069  91.898 0.5000000000
65911  -33.144  -31.101  88.840 0.2500000000
136272  -15.775  -43.384  88.855 0.8750000000
67968  -30.520  -30.681  85.850 0.5000000000
66922  -32.192  -31.170  87.027 0.2500000000
67967  -30.145  -30.761  85.467 0.5000000000
65000  -27.714  -33.851  80.165 0.8750000000
65999  -27.473  -32.568  80.878 0.8750000000
68975  -29.913  -29.963  85.837 0.5000000000
66009  -26.802  -32.397  79.298 0.8750000000
68989  -27.302  -27.928  82.962 0.3750000000
66024  -25.236  -31.569  77.064 0.6250000000
69953  -27.451  -27.261  82.060 0.3750000000
67035  -24.813  -30.975  76.386 0.6250000000
68085  -29.378  -27.586  72.438 0.8750000000
66118  -32.229  -30.157  69.621 0.8750000000
142934  -31.886  -29.611  68.105 0.7500000000
139509  -33.639  -27.643  68.211 0.8750000000
72730  -36.226  -23.660  67.373 0.6250000000
73655  -36.284  -22.801  65.332 0.7500000000
72758  -40.576  -23.729  63.514 0.7500000000
71883  -44.338  -24.268  63.111 0.5000000000
142004  -27.478  -40.764  76.852 0.7500000000
128079  -28.256  -40.694  76.535 0.7500000000
68976  -30.169  -30.295  85.916 0.5000000000
67154  -28.836  -30.729  67.488 0.7500000000
129341  -12.185  -45.402  85.305 0.5000000000
126318  -16.557  -46.521  82.369 0.2500000000
54791  -24.600  -43.366  77.897 0.3750000000
55711  -25.301  -41.869  76.541 0.6250000000
55713  -26.700  -42.562  76.100 0.6250000000
55723  -28.417  -41.852  75.512 0.6250000000
56559  -27.957  -41.166  76.151 0.7500000000
56560  -29.096  -40.828  75.442 0.7500000000
56561  -29.700  -41.346  74.878 0.7500000000
137657  -30.065  -40.758  75.057 0.7500000000
56538  -30.821  -41.226  76.051 0.7500000000
137474  -30.791  -40.526  77.023 0.2500000000
61270  -29.794  -37.305  78.680 0.6250000000
129523  -14.083  -45.295  93.222 0.5000000000
50897  -14.100  -45.516  91.517 0.5000000000
150732  -29.326  -36.708  78.576 0.5000000000
64035  -27.979  -35.248  79.369 0.8750000000
60351  -29.184  -37.540  76.438 0.3750000000
68967  -31.317  -29.479  87.374 0.2500000000
136826  -27.017  -34.174  78.518 0.6250000000
64058  -26.309  -34.013  77.501 0.6250000000
58283  -20.389  -38.155  92.600 0.5000000000
144291  -25.482  -32.514  76.990 0.7500000000
65013  -26.404  -32.880  78.114 0.6250000000
64070  -25.297  -33.827  76.160 0.5000000000
65039  -25.191  -32.776  76.186 0.5000000000
64057  -25.883  -34.444  76.874 0.6250000000
64069  -24.953  -34.268  75.303 0.5000000000
65038  -24.728  -32.042  75.312 0.6250000000
139434  -24.755  -34.021  73.698 0.2500000000
66033  -24.692  -30.982  75.589 0.6250000000
67062  -24.813  -30.216  73.972 0.6250000000
141873  -24.696  -32.448  73.509 0.6250000000
66064  -24.912  -31.789  72.652 0.5000000000
67074  -25.188  -30.656  72.671 0.5000000000
131191  -25.008  -33.108  71.783 0.2500000000
146492  -25.224  -32.685  71.310 0.2500000000
64153  -26.550  -33.501  70.139 0.2500000000
64141  -25.927  -33.404  70.625 0.2500000000
65087  -26.107  -32.668  70.074 0.5000000000
148357  -29.226  -34.174  67.011 0.3750000000
65100  -26.673  -32.887  69.280 0.5000000000
66154  -27.532  -31.985  67.786 0.6250000000
63251  -29.742  -34.424  66.709 0.3750000000
68042  -25.387  -28.201  75.409 0.7500000000
142711  -25.793  -28.324  73.992 0.7500000000
66135  -26.729  -31.339  68.762 0.6250000000
65139  -30.593  -32.591  65.904 0.3750000000
68170  -32.216  -28.286  66.993 0.6250000000
67157  -31.578  -29.231  67.047 0.6250000000
68169  -31.582  -28.987  66.447 0.6250000000
69191  -32.913  -27.795  67.485 0.7500000000
70077  -33.961  -26.718  67.881 0.6250000000
66176  -31.433  -31.558  65.394 0.3750000000
67169  -31.592  -30.158  65.204 0.5000000000
129324  -31.714  -28.353  65.986 0.6250000000
131894  -32.124  -27.902  65.367 0.6250000000
70993  -33.227  -26.359  66.945 0.6250000000
146203  -31.938  -30.745  64.934 0.3750000000
66177  -32.028  -31.442  64.957 0.3750000000
69215  -31.933  -28.737  65.105 0.6250000000
68168  -31.423  -29.533  65.607 0.3750000000
148716  -32.569  -29.394  64.564 0.5000000000
70096  -32.468  -27.121  65.543 0.6250000000
71013  -32.823  -26.719  64.978 0.6250000000
70088  -32.683  -26.741  66.318 0.6250000000
146436  -26.936  -27.876  72.750 0.6250000000
72734  -33.669  -24.764  65.421 0.6250000000
69230  -33.292  -27.870  64.416 0.5000000000
70116  -33.840  -27.282  64.182 0.3750000000
69244  -34.068  -28.067  64.075 0.3750000000
69245  -35.001  -28.175  64.044 0.2500000000
71023  -34.317  -26.669  64.055 0.5000000000
68107  -28.015  -28.213  71.011 0.7500000000
68139  -28.059  -28.970  69.252 0.7500000000
67127  -27.576  -29.804  68.640 0.7500000000
146469  -31.000  -30.087  68.422 0.7500000000
72743  -34.112  -24.449  64.832 0.6250000000
72729  -35.219  -23.737  67.034 0.7500000000
73643  -34.786  -23.396  66.144 0.6250000000
145885  -34.700  -26.102  63.903 0.5000000000
71874  -33.968  -25.174  64.317 0.6250000000
73681  -35.618  -23.659  63.913 0.6250000000
73669  -35.448  -23.266  64.716 0.7500000000
128200  -35.514  -25.070  63.222 0.5000000000
132751  -36.125  -26.472  62.911 0.2500000000
70125  -37.065  -27.324  62.217 0.2500000000
71894  -36.258  -24.852  62.493 0.5000000000
71895  -36.860  -25.244  61.828 0.5000000000
69299  -41.859  -28.065  58.572 0.1250000000
70175  -42.812  -27.280  57.611 0.1250000000
71080  -42.482  -26.654  57.337 0.1250000000
73682  -36.439  -23.379  63.640 0.6250000000
71044  -37.215  -26.615  61.494 0.5000000000
70132  -38.040  -27.623  60.900 0.2500000000
70164  -40.824  -27.322  58.637 0.3750000000
74665  -43.295  -22.613  56.473 0.2500000000
140401  -41.694  -23.001  57.724 0.5000000000
74656  -41.636  -22.125  57.703 0.5000000000
74664  -42.474  -22.236  56.648 0.3750000000
76397  -41.762  -20.502  57.282 0.5000000000
139175  -42.317  -20.840  56.528 0.3750000000
76403  -42.962  -20.896  56.194 0.3750000000
131907  -42.338  -19.683  56.501 0.6250000000
77218  -42.839  -19.128  55.710 0.5000000000
77224  -44.034  -19.174  54.400 0.2500000000
78081  -43.709  -18.687  54.602 0.2500000000
78088  -45.069  -18.717  53.579 0.1250000000
78082  -44.285  -18.545  54.106 0.2500000000
78063  -47.424  -18.690  59.495 0.1250000000
78982  -45.760  -17.748  59.159 0.2500000000
77207  -43.608  -19.205  58.654 0.7500000000
78066  -42.645  -18.699  57.961 0.6250000000
78987  -43.643  -17.855  58.061 0.7500000000
78988  -44.324  -17.741  58.483 0.7500000000
78989  -44.903  -17.440  58.761 0.7500000000
76394  -41.709  -20.554  58.061 0.5000000000
77211  -41.911  -19.895  57.625 0.6250000000
77212  -42.284  -19.266  57.816 0.6250000000
77216  -42.206  -19.351  57.139 0.6250000000
78072  -42.546  -18.573  57.243 0.6250000000
78992  -43.373  -17.445  57.409 0.7500000000
79907  -44.739  -16.573  58.514 0.6250000000
80768  -45.621  -15.764  59.167 0.3750000000
78076  -42.710  -18.181  56.545 0.7500000000
78078  -42.814  -18.265  55.869 0.6250000000
79913  -43.829  -16.779  56.666 0.7500000000
78999  -43.316  -17.721  55.420 0.5000000000
80771  -44.690  -15.961  58.084 0.6250000000
80775  -44.646  -15.906  57.422 0.6250000000
79000  -44.054  -17.306  55.095 0.2500000000
71886  -46.649  -24.126  62.071 0.2500000000
71046  -44.284  -24.607  61.428 0.5000000000
71914  -46.034  -24.737  61.622 0.2500000000
72806  -46.250  -24.108  60.887 0.3750000000
71910  -43.001  -24.578  61.406 0.7500000000
71928  -44.893  -24.500  60.863 0.5000000000
71911  -43.842  -24.447  61.126 0.7500000000
72804  -44.621  -24.200  60.928 0.6250000000
73707  -45.894  -23.617  60.390 0.5000000000
75514  -47.076  -21.964  59.888 0.3750000000
75515  -47.713  -21.600  60.012 0.1250000000
76384  -48.428  -20.457  60.370 0.1250000000
73719  -44.265  -23.129  60.146 0.7500000000
73720  -45.233  -23.027  60.086 0.7500000000
74645  -45.420  -22.268  59.765 0.6250000000
75522  -45.600  -21.449  59.376 0.6250000000
76392  -47.903  -19.819  59.847 0.1250000000
78058  -49.186  -18.512  61.020 0.1250000000
82535  -52.120  -13.188  63.474 0.1250000000
77202  -47.670  -19.098  59.610 0.1250000000
78057  -48.563  -18.510  60.484 0.1250000000
130034  -50.236  -16.430  61.717 0.1250000000
74642  -42.630  -22.768  59.551 0.7500000000
75520  -43.896  -21.635  59.483 0.7500000000
75521  -44.642  -21.131  59.140 0.7500000000
77200  -45.897  -19.923  58.856 0.6250000000
76389  -44.546  -20.497  58.887 0.6250000000
80761  -49.969  -15.633  61.943 0.1250000000
80760  -48.982  -15.620  61.550 0.1250000000
72823  -40.650  -24.916  58.883 0.5000000000
135020  -43.108  -21.196  59.347 0.7500000000
77198  -44.096  -19.932  58.784 0.7500000000
76387  -42.792  -20.588  59.104 0.7500000000
80759  -48.219  -15.514  61.083 0.1250000000
148374  -41.582  -23.424  58.422 0.5000000000
76395  -42.132  -20.602  58.731 0.7500000000
81645  -47.462  -14.744  60.507 0.3750000000
79924  -44.958  -17.019  54.874 0.5000000000
80779  -45.296  -15.568  56.784 0.6250000000
79004  -44.508  -17.718  54.398 0.3750000000
72813  -40.714  -24.531  59.555 0.6250000000
72814  -41.241  -24.303  59.172 0.6250000000
84354  -51.939  -11.429  64.019 0.1250000000
49844  -0.965  -48.315  96.046 0.1250000000
50793  -1.230  -47.840  96.196 0.2500000000
137431  -1.332  -48.329  96.409 0.2500000000
49840  -1.303  -48.781  96.515 0.1250000000
49841  -1.296  -49.026  96.686 0.2500000000
49854  -0.810  -48.911  95.835 0.1250000000
49845  -2.319  -48.582  96.408 0.2500000000
48909  -0.666  -48.997  95.244 0.1250000000
50809  -0.905  -47.340  95.967 0.3750000000
50794  -1.303  -47.288  96.320 0.2500000000
49843  -0.753  -48.300  95.532 0.3750000000
136939  -1.751  -47.770  96.357 0.2500000000
49869  -0.556  -48.269  94.839 0.3750000000
50810  -2.500  -47.671  95.961 0.2500000000
147284  -1.119  -46.792  96.233 0.3750000000
152094  -0.805  -47.702  95.694 0.3750000000
51830  -0.779  -46.349  95.980 0.3750000000
51813  -1.372  -46.078  96.446 0.3750000000
50808  -0.627  -47.018  95.585 0.3750000000
135672  -1.626  -46.752  96.334 0.3750000000
50827  -0.596  -47.601  95.276 0.3750000000
51846  -0.355  -46.298  95.505 0.3750000000
51831  -2.188  -46.735  96.068 0.2500000000
50844  -0.357  -47.508  94.573 0.3750000000
50811  -3.054  -47.525  95.312 0.2500000000
50845  -3.470  -46.862  94.614 0.2500000000
49882  -4.261  -48.129  93.414 0.2500000000
50846  -3.883  -47.456  94.016 0.2500000000
49895  -4.641  -47.769  92.765 0.2500000000
50877  -5.087  -47.447  92.161 0.2500000000
49904  -5.384  -48.295  91.623 0.1250000000
49944  -9.550  -48.225  88.437 0.1250000000
51812  -1.084  -45.871  96.445 0.3750000000
52794  -0.432  -45.628  95.790 0.3750000000
51814  -2.200  -45.555  96.405 0.3750000000
52805  -0.072  -45.641  95.433 0.3750000000
53656  -0.227  -45.018  95.767 0.2500000000
51847  -3.199  -46.211  95.193 0.3750000000
51861  -3.958  -46.311  94.087 0.2500000000
51874  -4.335  -46.923  93.341 0.2500000000
50862  -4.829  -46.972  92.768 0.2500000000
151273  -5.394  -47.515  91.638 0.1250000000
152522  -5.822  -47.481  91.159 0.2500000000
50907  -7.558  -47.708  89.473 0.1250000000
49932  -8.380  -48.152  89.240 0.1250000000
50921  -8.779  -47.772  88.597 0.1250000000
151601  -1.137  -45.237  96.639 0.2500000000
52779  -1.405  -45.203  96.684 0.3750000000
144529  -0.612  -45.087  96.133 0.2500000000
53643  -1.449  -44.537  96.850 0.2500000000
126246  -2.032  -44.992  96.817 0.3750000000
53641  -0.641  -44.423  96.248 0.2500000000
52781  -3.033  -44.496  97.018 0.5000000000
51832  -2.944  -45.558  95.862 0.3750000000
51904  -6.063  -46.332  91.425 0.3750000000
50892  -6.374  -46.787  90.622 0.2500000000
50906  -6.934  -47.280  89.979 0.2500000000
50919  -7.346  -46.581  89.435 0.1250000000
50920  -8.016  -47.074  88.790 0.1250000000
51937  -7.913  -45.883  89.018 0.2500000000
50933  -9.173  -47.416  87.983 0.1250000000
50944  -9.520  -46.980  87.318 0.1250000000
49957  -10.562  -48.321  87.522 0.1250000000
49959  -11.988  -49.021  87.292 0.1250000000
49960  -12.522  -48.856  86.437 0.1250000000
49035  -13.970  -49.529  86.342 0.1250000000
50956  -11.227  -47.507  86.145 0.1250000000
49990  -12.766  -48.240  85.438 0.1250000000
49991  -13.566  -48.450  85.081 0.1250000000
53636  -2.136  -43.763  97.191 0.1250000000
53631  -2.751  -43.206  97.887 0.1250000000
53637  -2.872  -43.675  97.479 0.1250000000
52777  -3.723  -43.674  97.726 0.2500000000
54543  -2.179  -43.204  97.593 0.1250000000
134461  -2.978  -44.111  97.184 0.2500000000
129290  -4.160  -43.996  97.712 0.3750000000
130150  -20.906  -39.517  99.416 0.1250000000
134500  -21.302  -39.157  99.518 0.1250000000
128309  -21.358  -39.339  99.356 0.1250000000
150093  -1.210  -44.350  96.854 0.2500000000
51804  -4.034  -44.322  97.365 0.5000000000
57259  -21.377  -39.524  99.123 0.1250000000
51815  -3.405  -44.725  96.679 0.5000000000
129603  -3.948  -44.748  96.324 0.5000000000
51848  -3.835  -45.781  94.806 0.3750000000
51889  -5.834  -45.893  92.205 0.3750000000
52837  -6.458  -45.388  91.873 0.5000000000
51920  -6.624  -45.708  91.010 0.2500000000
51921  -6.944  -46.104  90.219 0.2500000000
51954  -8.964  -46.485  87.743 0.1250000000
50945  -10.212  -47.515  87.078 0.1250000000
50955  -10.579  -47.102  86.428 0.1250000000
50957  -11.969  -47.869  85.816 0.1250000000
50964  -12.338  -47.261  85.043 0.1250000000
50986  -14.200  -47.367  83.770 0.2500000000
54821  -27.277  -43.083  76.145 0.5000000000
53632  -3.635  -43.349  98.359 0.1250000000
58211  -21.104  -38.367  99.840 0.1250000000
59188  -23.658  -36.610  98.412 0.2500000000
150621  -23.775  -37.107  98.127 0.2500000000
128825  -4.537  -44.508  98.933 0.2500000000
51805  -4.710  -44.406  98.128 0.2500000000
56353  -19.622  -39.877  99.066 0.1250000000
56345  -20.255  -39.566  99.471 0.1250000000
58212  -21.610  -38.112  99.493 0.1250000000
58219  -22.370  -37.958  98.818 0.1250000000
59193  -24.712  -36.755  97.379 0.2500000000
51816  -4.615  -44.589  97.288 0.5000000000
55492  -18.310  -41.611  97.762 0.1250000000
56358  -19.560  -40.169  98.528 0.1250000000
143152  -20.241  -39.890  98.330 0.1250000000
148352  -20.887  -39.876  98.010 0.1250000000
57260  -21.865  -39.301  99.088 0.1250000000
58229  -22.945  -38.729  98.312 0.1250000000
59198  -24.189  -37.308  97.502 0.2500000000
58231  -24.509  -37.735  96.782 0.2500000000
58238  -25.688  -37.644  95.818 0.2500000000
59214  -26.188  -37.426  95.561 0.2500000000
55499  -18.787  -41.093  97.631 0.1250000000
56361  -19.449  -40.497  97.982 0.1250000000
56362  -20.051  -40.089  97.748 0.1250000000
132957  -22.666  -39.282  98.007 0.1250000000
57275  -23.473  -38.994  97.472 0.2500000000
57269  -24.119  -38.453  96.819 0.2500000000
58244  -24.879  -38.511  96.104 0.2500000000
59221  -26.524  -37.744  95.215 0.2500000000
55506  -18.780  -41.195  97.190 0.1250000000
130351  -19.284  -40.654  97.480 0.1250000000
57273  -20.871  -39.858  97.329 0.1250000000
57280  -21.027  -39.568  96.601 0.1250000000
57281  -22.638  -39.196  96.498 0.1250000000
58242  -23.478  -39.059  96.723 0.2500000000
126784  -24.073  -39.060  96.024 0.2500000000
58245  -25.557  -38.354  95.691 0.2500000000
58252  -26.149  -38.596  95.194 0.2500000000
130825  -26.728  -38.334  94.934 0.2500000000
58266  -27.241  -38.494  94.464 0.3750000000
56367  -19.089  -40.792  96.883 0.2500000000
56373  -19.377  -40.145  95.904 0.2500000000
57279  -20.234  -39.761  96.238 0.1250000000
57288  -21.826  -39.226  96.193 0.1250000000
58249  -22.657  -39.113  95.683 0.2500000000
127938  -23.530  -39.110  95.376 0.2500000000
127937  -24.419  -39.084  95.280 0.2500000000
58264  -25.761  -39.060  94.758 0.2500000000
58276  -25.356  -39.198  93.852 0.3750000000
51877  -6.834  -44.696  93.824 0.3750000000
56379  -18.767  -40.813  95.432 0.2500000000
56380  -19.216  -39.950  95.134 0.3750000000
57293  -19.967  -39.209  94.684 0.2500000000
57287  -21.797  -39.046  95.364 0.2500000000
58262  -22.760  -39.026  94.733 0.2500000000
58274  -23.370  -39.068  93.813 0.3750000000
127936  -24.831  -39.125  94.567 0.3750000000
52819  -6.423  -45.007  92.770 0.5000000000
52826  -7.213  -44.736  92.533 0.5000000000
52851  -7.280  -45.091  90.641 0.5000000000
52863  -8.072  -44.913  89.366 0.5000000000
51936  -7.468  -45.434  89.752 0.3750000000
51953  -8.401  -46.166  88.298 0.2500000000
52876  -9.031  -45.387  87.816 0.2500000000
51968  -9.485  -45.977  87.147 0.1250000000
51984  -10.533  -46.236  86.207 0.2500000000
50963  -11.538  -46.723  85.468 0.1250000000
50976  -13.493  -47.141  84.185 0.1250000000
52025  -14.728  -46.804  83.502 0.2500000000
54822  -29.116  -42.538  75.796 0.5000000000
54812  -29.188  -43.123  76.826 0.2500000000
54532  -2.961  -43.298  99.773 0.1250000000
53628  -3.571  -43.533  99.358 0.1250000000
54537  -2.449  -42.944  98.456 0.1250000000
54538  -3.049  -43.081  98.854 0.1250000000
151489  -4.120  -43.824  99.151 0.1250000000
52765  -4.227  -44.586  99.482 0.1250000000
54536  -1.938  -42.808  98.153 0.1250000000
52773  -4.333  -43.910  98.544 0.1250000000
54541  -17.383  -42.069  97.862 0.1250000000
55484  -17.351  -41.569  98.357 0.1250000000
55478  -18.436  -40.732  98.958 0.1250000000
56343  -18.925  -40.101  99.531 0.1250000000
58210  -20.526  -38.533  100.073 0.1250000000
60136  -23.503  -36.197  98.588 0.2500000000
60142  -24.195  -36.110  98.177 0.2500000000
60143  -24.797  -36.251  97.637 0.2500000000
55485  -17.822  -41.490  98.363 0.1250000000
56344  -19.542  -39.784  99.537 0.1250000000
57242  -20.315  -39.023  99.929 0.1250000000
59186  -22.538  -37.181  99.085 0.2500000000
134841  -23.111  -36.672  98.787 0.2500000000
60144  -25.414  -36.132  97.134 0.2500000000
59206  -25.821  -37.036  96.010 0.2500000000
141852  -5.275  -44.648  98.113 0.3750000000
133323  -17.473  -42.488  97.230 0.1250000000
55486  -18.963  -40.538  98.708 0.1250000000
59199  -24.904  -37.098  96.854 0.2500000000
59200  -25.427  -36.911  96.502 0.2500000000
60155  -26.129  -36.464  96.058 0.2500000000
51817  -5.584  -44.727  97.623 0.3750000000
53670  -17.061  -43.171  95.663 0.2500000000
54557  -17.913  -42.194  97.335 0.1250000000
55498  -18.385  -41.717  97.257 0.1250000000
142047  -17.251  -42.940  95.249 0.3750000000
54569  -17.981  -42.195  96.026 0.2500000000
55505  -18.515  -41.569  96.606 0.1250000000
54590  -17.034  -42.663  93.837 0.3750000000
55513  -17.575  -42.115  94.352 0.3750000000
55511  -18.362  -41.583  95.752 0.3750000000
132995  -8.106  -44.810  94.198 0.5000000000
51890  -8.204  -44.595  93.383 0.5000000000
54603  -16.882  -42.575  93.040 0.3750000000
130988  -18.563  -40.597  94.657 0.3750000000
144072  -20.866  -38.904  94.448 0.2500000000
58272  -21.360  -38.597  93.945 0.3750000000
58273  -22.346  -38.738  93.905 0.3750000000
58286  -23.936  -39.073  92.996 0.3750000000
52827  -8.176  -44.518  92.432 0.5000000000
55526  -17.166  -41.897  92.666 0.5000000000
148947  -18.117  -40.530  93.535 0.3750000000
57295  -18.753  -39.567  93.458 0.5000000000
57296  -19.566  -39.153  93.995 0.3750000000
127154  -20.891  -38.358  93.341 0.3750000000
58285  -22.925  -38.788  93.078 0.3750000000
52839  -8.242  -44.433  91.386 0.5000000000
56392  -17.408  -41.093  92.325 0.6250000000
57303  -18.336  -39.377  92.506 0.6250000000
52838  -7.214  -44.904  91.592 0.6250000000
52852  -7.991  -44.592  90.236 0.5000000000
147833  -8.608  -44.577  89.084 0.5000000000
53747  -9.559  -44.679  87.753 0.3750000000
52886  -9.753  -45.136  87.187 0.3750000000
52897  -10.854  -45.509  86.126 0.2500000000
52000  -11.036  -46.126  85.791 0.3750000000
54813  -30.056  -42.422  75.987 0.3750000000
54814  -30.779  -42.083  76.302 0.3750000000
54798  -31.133  -42.775  78.470 0.1250000000
54533  -3.533  -43.654  100.249 0.1250000000
129954  -4.718  -44.986  99.548 0.1250000000
51796  -5.248  -44.816  98.867 0.1250000000
51806  -5.954  -44.781  98.432 0.2500000000
55477  -17.792  -40.982  98.937 0.1250000000
126108  -6.372  -44.797  97.966 0.3750000000
53640  -16.941  -42.918  96.953 0.1250000000
137684  -17.235  -42.504  97.509 0.1250000000
53650  -17.015  -42.993  96.874 0.1250000000
53658  -17.066  -43.131  96.353 0.2500000000
53678  -16.535  -43.457  94.399 0.2500000000
53687  -16.752  -43.158  94.154 0.2500000000
53679  -16.908  -43.239  94.918 0.2500000000
51891  -9.023  -44.615  93.211 0.5000000000
53697  -16.615  -43.126  93.376 0.3750000000
52828  -9.228  -44.454  92.454 0.5000000000
55536  -16.485  -42.382  91.204 0.7500000000
55537  -17.019  -41.831  91.763 0.7500000000
57302  -17.668  -40.140  92.038 0.6250000000
52840  -9.390  -44.284  91.672 0.6250000000
53711  -9.761  -44.133  90.149 0.5000000000
55679  -31.236  -41.944  77.054 0.5000000000
128501  -5.101  -45.127  100.111 0.1250000000
145618  -3.869  -44.235  99.931 0.1250000000
55483  -17.167  -41.819  98.310 0.1250000000
56341  -17.411  -40.584  99.361 0.1250000000
57247  -17.805  -40.186  99.727 0.1250000000
133983  -6.658  -45.125  98.634 0.1250000000
54547  -16.671  -42.554  97.297 0.1250000000
55491  -16.527  -42.072  97.734 0.1250000000
52786  -16.554  -43.267  96.336 0.2500000000
52807  -16.430  -43.497  95.229 0.2500000000
52820  -16.115  -43.817  93.809 0.1250000000
52829  -15.935  -43.983  93.129 0.5000000000
52853  -8.987  -44.214  90.757 0.6250000000
55662  -31.685  -42.014  77.960 0.1250000000
52759  -5.251  -45.019  100.773 0.1250000000
51797  -6.190  -45.038  99.072 0.1250000000
51798  -6.882  -45.566  99.201 0.1250000000
51808  -7.460  -45.332  98.580 0.1250000000
50787  -8.167  -45.352  97.788 0.1250000000
54545  -15.586  -42.461  96.838 0.1250000000
55490  -15.771  -41.917  97.608 0.1250000000
56349  -16.521  -41.038  98.569 0.1250000000
56350  -17.032  -40.818  99.029 0.1250000000
51807  -7.161  -44.977  98.060 0.1250000000
50795  -7.613  -45.012  97.447 0.1250000000
52796  -15.160  -43.804  95.446 0.1250000000
141473  -15.990  -43.134  96.470 0.2500000000
54546  -16.153  -42.470  97.178 0.1250000000
57246  -17.360  -40.226  99.433 0.1250000000
52797  -15.895  -43.464  95.783 0.1250000000
50853  -13.806  -45.249  93.745 0.3750000000
52854  -10.752  -44.315  90.656 0.6250000000
52864  -10.731  -44.207  89.850 0.6250000000
56522  -31.978  -41.631  77.564 0.2500000000
59446  -32.287  -41.075  75.993 0.1250000000
59444  -30.071  -39.892  75.906 0.1250000000
59459  -31.031  -40.952  74.929 0.1250000000
51799  -7.747  -45.707  99.248 0.1250000000
50783  -8.334  -45.442  98.274 0.1250000000
152500  -8.093  -45.183  96.944 0.2500000000
130753  -14.839  -43.374  95.852 0.1250000000
146007  -8.893  -45.488  96.947 0.2500000000
51839  -14.078  -44.206  94.786 0.2500000000
50866  -12.826  -45.752  93.307 0.3750000000
50881  -13.309  -45.607  92.684 0.3750000000
50893  -12.454  -45.527  92.636 0.5000000000
50894  -12.910  -45.570  92.398 0.5000000000
50908  -12.971  -45.371  91.705 0.3750000000
50895  -13.159  -45.533  92.186 0.3750000000
60359  -29.949  -38.987  75.365 0.1250000000
58506  -30.650  -40.256  74.569 0.1250000000
58526  -30.686  -39.646  74.160 0.1250000000
50880  -12.525  -45.729  93.068 0.3750000000
59457  -30.104  -38.933  74.648 0.1250000000
60368  -29.535  -38.054  74.191 0.1250000000
60392  -29.574  -37.370  72.868 0.1250000000
60367  -28.749  -37.594  74.686 0.1250000000
61308  -27.175  -36.696  74.139 0.1250000000
60391  -28.847  -37.230  72.980 0.1250000000
61322  -27.924  -36.913  73.311 0.1250000000
62256  -28.855  -36.123  72.774 0.1250000000
63102  -28.282  -35.750  78.695 0.7500000000
63101  -27.547  -35.098  78.563 0.5000000000
61288  -28.420  -37.062  76.386 0.3750000000
61287  -27.568  -36.742  76.183 0.2500000000
61296  -27.276  -36.871  75.140 0.2500000000
62215  -25.806  -35.966  75.647 0.2500000000
144819  -26.562  -34.822  77.308 0.5000000000
63125  -25.433  -34.957  76.061 0.3750000000
63241  -29.426  -34.774  67.262 0.2500000000
69990  -27.909  -27.098  80.571 0.3750000000
70002  -28.877  -26.926  79.287 0.2500000000
69041  -29.190  -26.807  78.606 0.5000000000
127935  -30.355  -26.696  77.971 0.3750000000
72713  -40.552  -24.519  71.145 0.2500000000
79029  -49.577  -17.824  51.203 0.1250000000
78114  -50.107  -18.200  50.412 0.1250000000
79030  -50.429  -17.210  50.706 0.1250000000
79943  -49.571  -16.466  52.387 0.2500000000
79952  -49.942  -16.860  51.566 0.1250000000
79927  -47.201  -16.128  54.151 0.3750000000
79932  -48.342  -16.315  53.334 0.3750000000
80797  -48.809  -15.694  53.878 0.3750000000
79944  -50.399  -16.167  52.119 0.2500000000
79953  -50.730  -16.446  51.311 0.2500000000
145399  -46.605  -14.975  56.938 0.5000000000
80785  -45.799  -15.732  55.910 0.5000000000
138453  -46.968  -15.127  56.449 0.5000000000
80792  -47.028  -15.772  54.862 0.3750000000
80794  -48.436  -15.506  54.600 0.3750000000
80807  -50.022  -15.764  52.922 0.3750000000
80799  -50.560  -15.232  53.550 0.2500000000
80808  -50.866  -15.494  52.676 0.2500000000
80817  -51.169  -15.777  51.827 0.2500000000
80809  -51.685  -15.158  52.376 0.2500000000
81694  -53.224  -14.442  51.666 0.2500000000
81703  -53.601  -14.111  50.401 0.2500000000
80777  -45.908  -15.129  57.291 0.5000000000
81661  -47.354  -14.714  56.952 0.5000000000
80787  -47.878  -15.407  55.309 0.5000000000
80782  -48.424  -14.978  55.832 0.5000000000
81666  -49.190  -14.653  55.933 0.5000000000
80789  -49.906  -14.675  55.276 0.5000000000
80790  -50.250  -14.983  54.403 0.5000000000
80795  -49.355  -15.300  54.579 0.5000000000
81674  -51.118  -14.645  54.137 0.3750000000
81671  -51.759  -14.206  54.713 0.3750000000
80800  -51.404  -14.890  53.271 0.3750000000
81682  -52.275  -14.567  52.975 0.3750000000
81683  -53.144  -14.289  52.602 0.3750000000
80810  -52.501  -14.812  52.043 0.3750000000
81695  -53.678  -13.951  51.243 0.3750000000
80819  -53.282  -14.587  50.822 0.2500000000
81696  -54.104  -13.387  51.660 0.3750000000
82659  -53.882  -13.181  50.546 0.2500000000
82630  -53.043  -13.355  55.616 0.2500000000
81676  -52.999  -14.026  53.688 0.3750000000
127342  -53.773  -13.694  53.012 0.3750000000
82637  -54.353  -13.266  53.287 0.3750000000
81684  -53.756  -13.837  52.095 0.3750000000
51863  -6.272  -44.792  94.250 0.3750000000
50829  -9.391  -45.610  96.294 0.2500000000
52932  -17.858  -45.537  82.111 0.2500000000
139558  -30.071  -26.686  78.559 0.3750000000
69061  -30.730  -26.812  77.441 0.3750000000
51876  -5.669  -45.316  93.107 0.5000000000
51903  -5.511  -46.837  91.798 0.3750000000
53721  -9.872  -44.108  89.138 0.5000000000
148458  -12.863  -46.052  84.517 0.2500000000
52015  -12.847  -46.790  84.536 0.1250000000
57444  -32.086  -41.620  77.452 0.1250000000
54809  -25.601  -43.258  76.923 0.3750000000
148651  -28.169  -42.771  75.889 0.5000000000
55716  -29.335  -41.877  75.102 0.5000000000
51855  -15.592  -43.977  94.476 0.1250000000
51840  -15.097  -43.789  95.071 0.2500000000
51853  -14.366  -44.450  94.432 0.2500000000
59445  -31.006  -40.989  75.975 0.1250000000
50818  -13.549  -45.095  94.321 0.2500000000
50882  -13.718  -45.541  92.958 0.3750000000
52813  -16.268  -43.653  94.510 0.1250000000
61279  -29.541  -37.279  77.187 0.3750000000
60352  -29.719  -38.235  76.372 0.2500000000
63093  -28.779  -35.761  79.380 0.7500000000
140797  -29.173  -36.739  77.872 0.3750000000
53696  -16.179  -43.549  92.941 0.6250000000
54602  -16.443  -43.053  92.613 0.6250000000
146467  -27.181  -36.091  76.699 0.3750000000
62206  -27.985  -36.254  77.086 0.3750000000
63112  -27.670  -35.591  77.834 0.5000000000
54616  -16.755  -42.502  92.189 0.5000000000
58270  -19.817  -38.684  93.398 0.2500000000
63227  -28.582  -34.584  68.222 0.2500000000
64186  -28.255  -33.667  67.753 0.5000000000
80786  -46.846  -15.487  55.757 0.5000000000
52001  -12.213  -46.144  84.895 0.1250000000
62192  -28.922  -36.246  78.625 0.5000000000
62214  -25.244  -35.240  75.051 0.3750000000
135281  -0.324  -46.905  95.119 0.3750000000
127430  0.017  -46.253  94.959 0.3750000000
50828  -2.650  -46.757  95.594 0.3750000000
49870  -3.523  -47.981  94.655 0.2500000000
49883  -4.734  -48.748  92.856 0.2500000000
49933  -9.235  -48.561  89.117 0.1250000000
52795  -0.888  -45.495  96.261 0.3750000000
150455  0.111  -45.634  94.747 0.3750000000
50932  -8.583  -46.987  88.225 0.1250000000
50934  -9.871  -47.874  87.759 0.1250000000
53642  -0.962  -44.782  96.598 0.2500000000
52780  -2.073  -44.354  96.956 0.3750000000
54558  -0.623  -43.657  96.062 0.1250000000
50946  -10.913  -47.934  86.860 0.1250000000
49958  -11.255  -48.663  87.331 0.1250000000
49972  -11.605  -48.382  86.599 0.1250000000
49019  -12.715  -49.570  87.378 0.1250000000
49020  -13.354  -49.521  86.787 0.1250000000
49973  -13.422  -48.949  85.958 0.1250000000
50965  -13.110  -47.659  84.723 0.1250000000
57266  -21.212  -39.734  98.574 0.1250000000
131214  -1.026  -44.129  96.850 0.2500000000
51969  -10.034  -46.573  86.760 0.2500000000
58225  -23.494  -37.616  98.015 0.2500000000
58224  -22.934  -38.105  98.339 0.2500000000
61115  -24.033  -35.979  98.302 0.2500000000
56352  -19.097  -40.190  99.180 0.1250000000
134536  -19.766  -39.045  100.076 0.1250000000
59181  -21.952  -37.406  99.455 0.2500000000
58218  -21.948  -38.497  99.189 0.1250000000
57261  -22.412  -39.101  98.804 0.1250000000
137264  -18.304  -41.242  98.274 0.1250000000
57267  -22.118  -39.433  98.642 0.1250000000
57282  -22.675  -39.245  97.303 0.1250000000
143074  -23.353  -38.717  97.710 0.2500000000
59205  -25.277  -37.411  96.297 0.2500000000
58243  -24.336  -38.750  96.422 0.2500000000
151672  -25.731  -38.511  95.509 0.2500000000
56368  -19.825  -40.210  97.165 0.1250000000
57274  -21.814  -39.656  97.877 0.1250000000
142586  -21.823  -39.471  96.991 0.1250000000
58250  -24.937  -38.981  95.866 0.2500000000
56372  -18.950  -40.903  96.190 0.2500000000
145211  -20.322  -39.904  96.785 0.1250000000
144539  -20.966  -39.265  95.884 0.2500000000
145915  -23.298  -39.137  96.051 0.2500000000
145141  -25.143  -39.041  95.236 0.2500000000
57286  -20.072  -39.496  95.536 0.3750000000
58261  -20.891  -39.075  95.089 0.2500000000
138189  -21.675  -38.853  94.592 0.2500000000
58263  -23.883  -39.106  94.567 0.2500000000
55514  -18.141  -41.457  94.928 0.3750000000
56386  -18.497  -40.363  94.001 0.3750000000
148933  -7.299  -44.627  93.372 0.5000000000
53710  -8.676  -44.320  89.799 0.5000000000
52875  -8.419  -45.195  88.604 0.2500000000
53734  -9.120  -44.492  88.480 0.5000000000
51983  -10.139  -45.662  86.638 0.2500000000
54549  -17.794  -42.036  97.781 0.1250000000
54548  -17.257  -42.495  97.347 0.1250000000
56351  -17.257  -41.017  98.887 0.1250000000
57248  -18.264  -40.096  99.901 0.1250000000
57241  -19.254  -39.311  100.121 0.1250000000
57240  -18.688  -39.620  100.073 0.1250000000
58201  -20.177  -38.048  100.350 0.1250000000
60134  -22.419  -36.791  99.309 0.2500000000
54556  -17.497  -42.664  96.733 0.2500000000
54562  -17.957  -42.238  96.775 0.1250000000
54568  -17.458  -42.735  95.714 0.2500000000
54561  -17.453  -42.759  96.274 0.2500000000
54579  -17.183  -42.796  94.646 0.3750000000
55510  -17.705  -42.313  95.245 0.3750000000
55518  -17.370  -41.978  93.501 0.3750000000
56383  -18.000  -41.219  94.005 0.3750000000
57292  -19.060  -39.778  94.340 0.3750000000
58271  -20.417  -38.820  93.973 0.2500000000
56385  -17.694  -41.220  93.135 0.5000000000
57299  -17.920  -40.299  92.881 0.5000000000
53720  -9.152  -44.240  89.323 0.5000000000
52774  -5.563  -45.088  99.560 0.1250000000
53649  -16.822  -43.143  96.652 0.2500000000
53648  -16.540  -43.104  96.671 0.2500000000
53657  -16.814  -43.317  95.836 0.2500000000
53686  -16.375  -43.515  93.643 0.3750000000
53669  -16.799  -43.357  95.044 0.2500000000
142709  -16.789  -41.194  98.635 0.1250000000
55482  -16.471  -41.582  98.142 0.1250000000
58215  -17.825  -39.748  99.826 0.1250000000
53639  -16.349  -42.855  96.866 0.1250000000
51789  -6.378  -45.320  99.666 0.1250000000
53647  -15.577  -42.849  96.497 0.1250000000
56357  -16.143  -41.529  97.883 0.1250000000
57258  -16.849  -40.567  98.948 0.1250000000
58222  -16.901  -39.882  99.040 0.1250000000
52785  -15.937  -43.309  96.212 0.1250000000
51823  -13.902  -44.029  95.019 0.1250000000
142513  -17.557  -39.342  99.682 0.1250000000
50868  -13.531  -45.563  93.497 0.3750000000
50867  -13.236  -45.681  93.396 0.3750000000
129792  -13.055  -45.675  92.789 0.3750000000
60358  -29.530  -38.094  75.303 0.1250000000
59476  -30.209  -38.025  73.156 0.1250000000
61309  -27.933  -37.205  74.319 0.2500000000
60382  -28.722  -37.491  73.702 0.1250000000
61298  -28.798  -37.536  75.644 0.3750000000
61297  -28.090  -37.223  75.388 0.3750000000
61295  -26.476  -36.466  74.907 0.1250000000
61321  -27.057  -36.354  73.381 0.1250000000
62200  -28.464  -36.176  77.906 0.3750000000
62216  -26.702  -36.417  75.957 0.2500000000
62205  -26.334  -35.531  76.673 0.3750000000
62340  -29.707  -35.324  67.597 0.2500000000
69042  -30.793  -26.763  78.592 0.2500000000
78113  -49.465  -18.691  50.767 0.1250000000
79024  -49.143  -17.212  51.937 0.1250000000
79928  -47.963  -15.872  53.956 0.3750000000
80793  -47.685  -15.673  54.552 0.3750000000
79941  -47.901  -17.019  52.895 0.2500000000
80798  -49.692  -15.494  53.760 0.3750000000
79933  -49.187  -16.059  53.157 0.2500000000
81655  -46.545  -14.752  57.626 0.5000000000
80781  -47.667  -15.066  56.135 0.5000000000
80788  -48.895  -15.149  55.284 0.3750000000
142365  -51.949  -15.377  51.498 0.2500000000
80818  -52.730  -15.016  51.194 0.2500000000
80827  -52.965  -15.131  50.537 0.2500000000
81704  -53.844  -13.471  50.876 0.3750000000
81662  -48.419  -14.609  56.564 0.5000000000
81675  -52.019  -14.410  53.910 0.3750000000
81668  -52.393  -13.706  55.165 0.3750000000
146327  -52.489  -13.969  54.471 0.3750000000
81685  -54.293  -13.348  52.427 0.3750000000
152106  -54.489  -13.101  51.981 0.3750000000
81672  -53.228  -13.564  54.709 0.2500000000
82629  -52.260  -13.489  55.908 0.2500000000
56499  -22.060  -41.220  79.528 0.2500000000
56516  -22.625  -41.881  79.041 0.2500000000
145559  -25.771  -43.953  78.174 0.1250000000
54811  -26.948  -43.551  76.924 0.2500000000
148844  -28.437  -43.623  77.516 0.1250000000
54796  -30.028  -42.990  77.240 0.2500000000
54820  -26.309  -43.197  76.521 0.2500000000
136870  -28.082  -43.302  76.569 0.2500000000
140971  -32.102  -26.661  92.201 0.1250000000
70772  -31.468  -26.793  92.613 0.1250000000
68900  -32.264  -28.344  91.907 0.1250000000
69880  -32.559  -27.489  91.823 0.1250000000
69881  -33.102  -27.800  91.272 0.1250000000
69888  -33.441  -27.598  90.667 0.1250000000
141926  -31.746  -29.822  91.942 0.1250000000
67900  -32.654  -29.160  91.221 0.1250000000
68915  -33.237  -28.460  90.828 0.1250000000
68916  -33.442  -28.212  90.345 0.1250000000
133587  -33.296  -29.914  90.058 0.1250000000
67915  -33.379  -29.303  90.067 0.1250000000
69900  -33.820  -27.125  89.562 0.1250000000
68893  -31.268  -28.356  92.678 0.1250000000
68927  -33.379  -27.829  89.510 0.1250000000
66857  -31.507  -30.588  92.096 0.1250000000
133240  -33.342  -29.911  89.747 0.1250000000
67922  -33.305  -29.275  89.676 0.1250000000
66905  -33.266  -30.444  88.903 0.1250000000
67937  -33.136  -29.935  88.720 0.1250000000
67936  -32.672  -29.231  88.599 0.1250000000
66904  -33.011  -30.725  88.345 0.1250000000
145275  -32.801  -30.092  88.305 0.1250000000
71619  -30.127  -25.240  92.931 0.1250000000
69860  -29.953  -27.633  93.637 0.1250000000
69861  -30.524  -27.281  93.256 0.1250000000
68891  -30.058  -28.877  93.720 0.1250000000
142226  -30.985  -28.927  92.837 0.1250000000
147641  -29.473  -28.285  94.001 0.1250000000
67880  -30.266  -29.796  93.340 0.1250000000
64855  -29.135  -32.299  93.661 0.1250000000
65851  -29.529  -31.398  93.541 0.1250000000
62973  -28.560  -34.278  93.937 0.1250000000
67945  -32.424  -29.827  87.953 0.1250000000
66914  -32.576  -30.605  87.763 0.1250000000
144883  -29.545  -26.852  93.629 0.1250000000
70761  -29.527  -26.091  93.449 0.1250000000
134427  -29.177  -26.769  93.736 0.1250000000
151911  -28.342  -25.678  93.652 0.1250000000
68890  -29.334  -29.116  94.212 0.1250000000
65850  -28.985  -31.537  94.156 0.1250000000
66836  -28.490  -30.168  94.774 0.1250000000
142163  -27.614  -28.000  94.542 0.1250000000
63139  -24.912  -34.575  74.382 0.2500000000
68953  -30.528  -28.682  87.070 0.2500000000
68974  -29.477  -29.204  85.601 0.3750000000
68964  -29.989  -29.026  86.333 0.2500000000
68965  -30.367  -29.658  86.458 0.2500000000
68962  -28.959  -28.265  85.447 0.2500000000
61415  -34.783  -36.795  67.782 0.1250000000
70832  -28.749  -27.285  85.199 0.2500000000
69935  -28.241  -27.413  84.309 0.2500000000
151518  -31.420  -36.674  68.706 0.1250000000
61385  -32.719  -36.852  69.260 0.1250000000
62341  -29.949  -35.227  67.006 0.1250000000
62342  -31.429  -36.591  67.749 0.1250000000
61413  -32.460  -36.751  67.579 0.1250000000
142574  -34.162  -36.644  67.346 0.1250000000
62360  -34.317  -35.646  66.239 0.1250000000
69941  -27.915  -27.371  83.485 0.2500000000
69942  -28.410  -26.889  83.775 0.2500000000
62356  -30.560  -35.550  66.816 0.1250000000
62358  -32.535  -35.946  66.380 0.1250000000
63264  -33.094  -34.345  65.507 0.1250000000
62359  -33.312  -35.793  66.279 0.1250000000
63255  -33.697  -35.016  65.851 0.1250000000
69971  -28.193  -26.986  81.230 0.2500000000
147040  -31.143  -34.429  66.023 0.1250000000
63263  -32.063  -34.197  65.643 0.1250000000
65147  -32.782  -32.961  65.020 0.1250000000
131324  -33.427  -29.720  64.184 0.3750000000
69246  -36.012  -27.921  64.062 0.1250000000
69263  -37.607  -28.070  61.867 0.1250000000
69264  -38.183  -28.665  61.377 0.1250000000
68228  -38.572  -29.478  61.801 0.1250000000
82565  -48.673  -13.792  61.273 0.1250000000
81646  -48.096  -14.264  60.826 0.2500000000
83457  -49.030  -12.977  60.972 0.1250000000
82575  -47.736  -14.066  60.271 0.1250000000
81651  -46.561  -14.621  58.533 0.2500000000
82576  -48.336  -13.492  60.374 0.1250000000
82585  -48.474  -13.244  59.435 0.2500000000
81652  -47.324  -14.048  58.864 0.2500000000
82584  -47.811  -13.731  59.621 0.2500000000
82595  -48.064  -13.591  58.895 0.2500000000
82596  -48.742  -13.351  58.586 0.2500000000
81656  -47.292  -14.333  57.864 0.3750000000
130222  -48.007  -14.336  57.317 0.3750000000
126346  -48.787  -14.127  57.242 0.3750000000
126832  -50.064  -14.269  56.118 0.3750000000
81670  -50.887  -14.418  54.957 0.3750000000
81663  -49.402  -14.272  56.642 0.3750000000
81658  -50.290  -13.831  56.828 0.3750000000
152380  -50.764  -13.869  56.296 0.3750000000
81667  -51.586  -13.918  55.444 0.3750000000
81677  -53.851  -13.525  53.944 0.2500000000
82649  -54.234  -13.084  51.338 0.2500000000
148309  -28.165  -25.147  93.394 0.1250000000
62974  -29.109  -34.051  93.176 0.2500000000
140133  -29.230  -34.450  92.807 0.3750000000
64856  -29.898  -31.993  93.024 0.1250000000
63906  -28.975  -33.354  93.586 0.2500000000
63918  -29.574  -33.405  92.916 0.2500000000
66848  -30.995  -30.512  92.501 0.1250000000
142064  -32.224  -29.723  91.430 0.1250000000
66873  -32.808  -30.181  90.574 0.1250000000
66887  -33.276  -30.638  89.409 0.1250000000
55677  -23.247  -42.506  78.612 0.2500000000
66847  -30.433  -30.499  92.920 0.1250000000
67907  -33.140  -29.672  90.378 0.1250000000
54792  -25.298  -43.581  77.567 0.2500000000
138351  -30.744  -29.408  86.994 0.2500000000
65146  -32.090  -32.325  65.098 0.2500000000
66184  -32.565  -31.025  64.617 0.2500000000
69229  -32.612  -28.379  64.715 0.3750000000
152052  -25.075  -43.824  78.298 0.2500000000
63252  -30.426  -34.816  66.450 0.1250000000
68193  -33.477  -28.823  64.231 0.2500000000
68217  -34.328  -28.749  64.043 0.1250000000
132454  -50.776  -14.140  55.710 0.3750000000
83559  -54.005  -12.793  51.018 0.2500000000
54810  -26.055  -43.641  77.277 0.2500000000
143737  -30.371  -35.944  67.646 0.1250000000
56500  -22.468  -42.050  80.155 0.2500000000
54772  -25.370  -44.128  79.006 0.1250000000
54793  -26.629  -43.933  77.969 0.1250000000
54794  -27.576  -43.799  77.705 0.1250000000
54795  -29.112  -43.670  77.975 0.1250000000
69871  -32.016  -27.615  92.281 0.1250000000
70771  -31.036  -25.729  92.746 0.1250000000
68899  -31.774  -28.402  92.270 0.1250000000
142063  -32.356  -28.934  91.556 0.1250000000
68907  -32.685  -28.424  91.511 0.1250000000
68908  -32.974  -28.655  91.163 0.1250000000
68921  -33.561  -28.000  89.897 0.1250000000
67890  -31.435  -29.165  92.373 0.1250000000
67906  -32.970  -29.294  90.794 0.1250000000
131787  -33.367  -28.636  89.802 0.1250000000
69862  -31.066  -27.513  92.907 0.1250000000
70763  -30.778  -26.558  93.024 0.1250000000
71618  -29.584  -25.304  93.208 0.1250000000
134966  -29.936  -25.692  93.158 0.1250000000
130502  -30.090  -26.494  93.320 0.1250000000
140456  -30.597  -29.120  93.199 0.1250000000
67879  -29.645  -29.879  93.825 0.1250000000
66846  -29.843  -30.601  93.401 0.1250000000
64847  -28.537  -32.339  94.325 0.1250000000
66845  -29.347  -30.741  94.001 0.1250000000
63905  -28.585  -32.975  94.084 0.1250000000
70760  -29.107  -25.966  93.575 0.1250000000
71617  -29.021  -25.191  93.428 0.1250000000
67878  -29.075  -30.032  94.329 0.1250000000
67870  -28.670  -29.293  94.633 0.1250000000
66837  -28.831  -30.879  94.522 0.1250000000
65843  -28.459  -31.680  94.662 0.1250000000
142060  -28.251  -30.997  94.973 0.1250000000
66829  -27.854  -30.270  95.168 0.1250000000
67869  -28.044  -29.498  95.002 0.1250000000
70748  -27.765  -27.207  94.179 0.1250000000
69849  -27.281  -28.008  94.246 0.1250000000
68876  -27.548  -29.085  94.991 0.1250000000
68881  -27.112  -28.841  94.626 0.1250000000
62345  -34.886  -36.223  66.858 0.1250000000
62323  -30.812  -36.463  68.419 0.1250000000
61400  -32.140  -36.831  68.526 0.1250000000
61401  -33.020  -36.909  68.335 0.1250000000
132354  -32.029  -36.378  66.859 0.1250000000
62357  -31.180  -36.030  66.894 0.1250000000
61414  -33.383  -36.734  67.441 0.1250000000
62343  -32.907  -36.420  66.809 0.1250000000
62344  -33.823  -36.308  66.770 0.1250000000
137996  -31.131  -35.292  66.351 0.1250000000
63254  -32.609  -35.180  65.930 0.1250000000
135863  -31.853  -35.711  66.318 0.1250000000
63253  -31.756  -34.977  66.017 0.1250000000
64211  -32.674  -33.649  65.340 0.1250000000
63256  -34.771  -34.860  65.756 0.1250000000
63265  -34.086  -34.272  65.394 0.1250000000
64210  -32.017  -33.213  65.328 0.2500000000
65148  -33.686  -32.879  64.764 0.2500000000
64212  -33.462  -33.604  65.181 0.1250000000
67176  -33.004  -30.358  64.344 0.2500000000
83476  -48.896  -12.680  60.051 0.1250000000
81653  -48.138  -13.820  58.035 0.2500000000
81664  -51.455  -13.665  56.113 0.3750000000
81657  -49.534  -13.904  57.193 0.3750000000
67862  -27.490  -29.714  95.217 0.1250000000
49917  -6.405  -47.956  90.428 0.1250000000
49918  -7.166  -48.296  90.083 0.1250000000
148683  -16.001  -48.360  83.295 0.1250000000
50020  -14.953  -47.529  83.318 0.1250000000
50987  -16.140  -47.797  82.654 0.1250000000
50994  -17.230  -47.192  81.871 0.1250000000
50993  -15.611  -47.019  82.760 0.1250000000
134778  -16.394  -47.239  82.268 0.1250000000
52032  -17.506  -46.316  81.942 0.1250000000
126978  -28.331  -26.854  82.047 0.2500000000
69991  -29.123  -26.843  80.130 0.2500000000
70003  -29.771  -26.743  79.210 0.2500000000
70004  -30.306  -26.683  79.672 0.2500000000
66069  -38.205  -29.398  71.900 0.2500000000
141816  -38.911  -29.381  72.542 0.2500000000
73676  -44.682  -23.155  64.538 0.3750000000
50865  -11.889  -45.777  93.725 0.3750000000
69972  -29.392  -26.585  81.162 0.2500000000
49906  -6.766  -48.871  90.673 0.1250000000
151433  -15.550  -47.773  83.017 0.1250000000
50021  -15.319  -48.171  83.506 0.1250000000
50034  -16.790  -47.804  82.281 0.1250000000
62957  -27.397  -34.503  95.204 0.2500000000
62946  -26.184  -34.326  96.584 0.1250000000
62951  -26.575  -34.394  96.220 0.1250000000
63874  -27.120  -34.021  95.672 0.1250000000
61116  -24.394  -35.762  98.014 0.1250000000
141037  -24.827  -35.542  97.627 0.1250000000
62046  -25.841  -34.904  96.790 0.1250000000
62052  -26.455  -34.732  96.295 0.1250000000
62058  -27.171  -34.826  95.383 0.1250000000
62033  -23.941  -35.607  98.287 0.1250000000
60150  -25.690  -36.514  96.515 0.1250000000
61130  -26.414  -35.835  96.010 0.1250000000
62053  -26.741  -35.097  95.819 0.1250000000
61129  -25.932  -35.992  96.561 0.1250000000
61136  -26.948  -35.725  95.467 0.1250000000
59207  -26.294  -36.909  95.687 0.1250000000
136110  -27.219  -36.359  95.074 0.1250000000
59222  -27.222  -37.532  94.758 0.1250000000
60161  -27.437  -36.888  94.596 0.2500000000
63862  -26.643  -34.126  96.228 0.1250000000
63873  -26.725  -33.655  96.266 0.1250000000
63889  -27.537  -33.387  95.190 0.2500000000
62952  -26.855  -34.490  95.816 0.1250000000
63875  -27.694  -33.985  94.911 0.2500000000
62940  -24.719  -34.808  97.530 0.1250000000
62045  -25.119  -35.105  97.341 0.1250000000
62059  -27.695  -35.023  94.784 0.2500000000
62933  -23.758  -35.299  98.326 0.1250000000
60129  -21.825  -36.966  99.673 0.1250000000
61101  -22.282  -36.446  99.397 0.1250000000
62032  -23.422  -35.647  98.606 0.1250000000
62938  -23.755  -34.947  98.252 0.1250000000
62925  -22.296  -35.652  99.223 0.1250000000
62958  -27.956  -34.508  94.598 0.2500000000
62939  -24.193  -34.849  97.882 0.1250000000
62064  -28.236  -34.977  94.179 0.2500000000
62932  -22.404  -35.246  98.951 0.1250000000
62937  -23.121  -34.901  98.562 0.1250000000
62931  -21.704  -35.007  99.201 0.1250000000
55663  -31.665  -42.823  79.145 0.1250000000
68966  -30.935  -29.437  87.178 0.1250000000
68954  -31.202  -28.686  87.547 0.1250000000
147949  -31.689  -27.854  87.877 0.1250000000
69913  -31.537  -27.021  87.917 0.1250000000
69922  -31.078  -27.818  87.544 0.1250000000
70821  -32.138  -26.361  88.168 0.1250000000
70820  -31.388  -26.046  87.726 0.1250000000
71681  -32.072  -25.221  87.862 0.1250000000
72552  -31.740  -24.651  87.129 0.1250000000
72566  -33.219  -23.788  86.852 0.1250000000
139336  -30.491  -27.687  87.153 0.1250000000
71680  -31.287  -25.271  87.420 0.1250000000
68952  -29.928  -27.935  86.640 0.1250000000
70827  -30.217  -26.437  86.889 0.1250000000
71690  -30.967  -25.079  86.612 0.1250000000
71679  -30.726  -25.821  87.239 0.1250000000
71689  -30.375  -25.764  86.596 0.1250000000
72567  -34.334  -23.548  86.486 0.1250000000
70826  -29.708  -26.969  86.536 0.1250000000
72576  -31.796  -24.541  86.269 0.1250000000
72565  -32.327  -24.199  86.795 0.1250000000
71688  -29.902  -26.236  86.253 0.1250000000
71697  -31.262  -24.936  85.526 0.1250000000
132465  -29.223  -26.402  85.105 0.1250000000
71695  -29.729  -26.138  85.600 0.1250000000
71696  -30.376  -25.549  85.768 0.1250000000
72578  -33.584  -23.756  85.797 0.1250000000
71700  -34.081  -24.196  84.740 0.1250000000
72577  -32.619  -24.095  86.049 0.1250000000
71698  -32.185  -24.590  85.272 0.1250000000
71699  -33.108  -24.338  84.999 0.1250000000
70838  -28.754  -26.690  84.415 0.1250000000
71706  -29.967  -25.856  84.938 0.1250000000
71707  -30.798  -25.366  84.767 0.1250000000
71709  -32.847  -24.985  84.337 0.1250000000
137559  -32.084  -25.542  83.524 0.1250000000
70840  -30.442  -25.775  83.983 0.1250000000
71708  -31.812  -25.041  84.383 0.1250000000
69955  -29.068  -26.470  82.057 0.1250000000
136864  -29.837  -26.062  83.596 0.1250000000
70841  -31.286  -25.484  83.938 0.1250000000
70850  -29.094  -26.345  83.527 0.1250000000
70843  -33.521  -25.504  83.726 0.1250000000
71710  -33.753  -24.975  84.215 0.1250000000
69943  -32.079  -26.015  82.253 0.1250000000
70854  -32.851  -25.802  83.054 0.1250000000
70842  -32.770  -25.475  83.713 0.1250000000
69957  -31.868  -26.322  81.558 0.1250000000
132118  -32.287  -25.792  82.843 0.1250000000
133904  -30.997  -26.253  81.552 0.1250000000
70865  -30.324  -26.065  82.326 0.1250000000
70853  -31.426  -25.738  83.119 0.1250000000
70851  -29.815  -26.121  83.014 0.1250000000
70856  -33.995  -25.882  83.169 0.1250000000
69944  -32.843  -26.126  82.344 0.1250000000
69945  -33.591  -26.108  82.605 0.1250000000
69958  -32.628  -26.386  81.618 0.1250000000
69956  -29.988  -26.258  81.706 0.1250000000
69974  -31.692  -26.512  80.795 0.1250000000
69992  -30.395  -26.613  80.255 0.1250000000
69993  -31.228  -26.574  80.301 0.1250000000
69946  -34.388  -26.172  82.585 0.1250000000
150509  -34.102  -26.342  82.043 0.1250000000
69959  -33.459  -26.419  81.697 0.1250000000
69975  -32.374  -26.519  81.045 0.1250000000
68998  -32.478  -26.595  80.518 0.1250000000
69010  -31.841  -26.614  80.127 0.1250000000
69024  -30.780  -26.722  79.199 0.1250000000
69009  -31.108  -26.633  79.828 0.1250000000
142620  -34.643  -32.933  64.524 0.1250000000
65160  -33.979  -32.176  64.316 0.1250000000
129473  -34.726  -26.385  81.955 0.1250000000
68990  -34.276  -26.485  81.444 0.1250000000
134585  -33.000  -26.576  81.006 0.1250000000
68999  -33.734  -26.577  80.944 0.1250000000
69000  -34.545  -26.612  80.814 0.1250000000
126422  -33.175  -26.663  80.444 0.1250000000
69025  -31.707  -26.694  79.549 0.1250000000
69026  -32.582  -26.727  79.893 0.1250000000
126778  -31.488  -26.789  78.906 0.1250000000
126777  -32.320  -26.867  79.178 0.1250000000
68060  -42.144  -28.455  74.828 0.1250000000
127934  -31.245  -26.873  78.186 0.1250000000
66185  -33.462  -31.271  64.274 0.1250000000
126628  -33.322  -26.802  79.946 0.1250000000
69011  -33.979  -26.742  80.236 0.1250000000
126997  -33.779  -26.992  79.673 0.1250000000
126776  -33.186  -27.083  79.371 0.1250000000
69043  -32.044  -26.938  78.511 0.1250000000
68074  -41.798  -28.414  74.340 0.1250000000
69137  -42.493  -27.723  74.558 0.1250000000
68091  -41.310  -28.397  73.823 0.1250000000
68092  -41.921  -27.871  74.095 0.1250000000
70950  -42.657  -26.548  74.047 0.1250000000
131594  -40.707  -27.858  73.030 0.1250000000
139220  -41.638  -27.675  73.751 0.1250000000
70045  -42.048  -26.452  73.608 0.1250000000
70056  -40.278  -27.045  72.442 0.1250000000
70955  -41.447  -26.168  73.019 0.1250000000
70960  -40.306  -26.222  72.081 0.1250000000
126650  -34.027  -27.315  79.191 0.1250000000
69044  -32.805  -27.264  78.709 0.1250000000
69045  -33.525  -27.411  78.830 0.1250000000
127933  -32.422  -27.254  77.930 0.1250000000
127932  -33.371  -27.565  78.222 0.1250000000
69062  -31.563  -26.997  77.582 0.1250000000
67070  -41.680  -28.729  74.542 0.1250000000
144001  -41.391  -28.642  74.028 0.1250000000
67082  -40.200  -29.089  73.019 0.1250000000
67099  -40.424  -28.737  73.094 0.1250000000
67096  -38.806  -28.760  71.680 0.1250000000
68111  -39.660  -28.640  72.415 0.1250000000
70954  -40.904  -25.786  72.351 0.1250000000
72709  -41.664  -24.270  72.326 0.1250000000
71819  -40.423  -25.421  71.608 0.1250000000
72708  -41.197  -23.830  71.499 0.1250000000
67069  -41.084  -29.019  73.993 0.1250000000
66071  -40.000  -29.233  72.998 0.1250000000
67068  -40.480  -29.103  73.412 0.1250000000
66070  -39.509  -29.163  72.513 0.1250000000
67097  -39.454  -28.807  72.275 0.1250000000
71816  -41.538  -25.273  72.662 0.1250000000
69064  -33.990  -27.667  77.834 0.1250000000
66047  -40.680  -29.309  74.422 0.1250000000
66056  -38.842  -29.429  73.169 0.1250000000
66045  -39.106  -29.397  73.956 0.1250000000
73624  -41.590  -22.859  70.828 0.1250000000
66044  -38.348  -29.269  73.703 0.1250000000
70144  -38.673  -27.594  60.326 0.2500000000
71957  -43.901  -25.800  56.678 0.1250000000
73739  -44.187  -23.931  56.552 0.1250000000
79969  -51.775  -16.568  49.523 0.1250000000
79963  -51.656  -16.242  50.273 0.1250000000
82608  -51.844  -13.090  57.156 0.2500000000
82621  -52.098  -13.291  56.565 0.2500000000
82620  -51.245  -13.504  56.714 0.2500000000
79931  -47.521  -16.573  53.534 0.2500000000
79964  -52.268  -15.557  50.613 0.1250000000
130483  -52.482  -16.107  48.994 0.1250000000
82606  -49.988  -13.459  57.552 0.2500000000
82607  -50.903  -13.288  57.325 0.2500000000
83501  -52.379  -12.545  57.498 0.2500000000
82622  -52.868  -13.119  56.345 0.2500000000
83502  -53.150  -12.363  57.242 0.2500000000
82631  -53.515  -12.956  55.992 0.1250000000
80828  -53.309  -14.840  49.969 0.1250000000
143181  -52.841  -15.394  50.068 0.1250000000
79980  -53.155  -15.468  48.523 0.1250000000
152324  -54.198  -13.110  54.857 0.1250000000
81716  -53.576  -14.232  49.558 0.1250000000
80850  -53.549  -14.627  48.039 0.1250000000
82638  -54.618  -12.843  53.508 0.1250000000
81717  -53.696  -13.641  50.042 0.1250000000
141921  -53.598  -14.243  48.811 0.1250000000
82674  -53.673  -13.350  49.745 0.1250000000
81731  -53.631  -13.922  48.311 0.1250000000
58254  -27.296  -37.976  94.655 0.2500000000
68963  -29.567  -28.385  85.991 0.1250000000
69929  -29.357  -27.568  85.952 0.1250000000
67051  -37.858  -29.053  74.350 0.1250000000
71815  -41.016  -24.875  71.939 0.1250000000
69954  -28.468  -26.719  82.922 0.1250000000
69156  -39.914  -28.147  72.504 0.1250000000
141059  -40.771  -27.292  72.924 0.1250000000
69157  -40.976  -27.766  73.277 0.1250000000
74666  -44.165  -23.022  56.424 0.1250000000
65159  -32.918  -32.034  64.666 0.1250000000
59215  -26.813  -37.090  95.247 0.1250000000
60135  -22.975  -36.484  98.927 0.1250000000
61108  -23.349  -35.997  98.715 0.1250000000
61123  -25.487  -35.554  97.116 0.1250000000
79954  -51.470  -16.010  51.034 0.1250000000
82634  -54.383  -13.160  54.171 0.1250000000
135690  -54.621  -12.991  52.631 0.1250000000
62031  -22.902  -36.038  99.017 0.1250000000
129748  -53.742  -13.224  55.261 0.1250000000
70833  -29.352  -26.746  85.846 0.1250000000
82597  -49.569  -13.099  58.282 0.2500000000
139859  -26.200  -35.346  96.457 0.1250000000
149917  -24.094  -35.097  97.992 0.1250000000
62945  -25.464  -34.527  97.041 0.1250000000
60156  -26.612  -36.416  95.604 0.1250000000
63834  -24.205  -34.409  97.776 0.1250000000
130223  -22.952  -35.288  98.734 0.1250000000
135363  -21.566  -35.388  99.514 0.1250000000
69912  -30.777  -26.824  87.408 0.1250000000
70839  -29.501  -26.150  84.284 0.1250000000
70852  -30.507  -25.946  83.064 0.1250000000
70855  -33.363  -25.774  83.266 0.1250000000
70866  -31.214  -25.976  82.279 0.1250000000
69973  -30.682  -26.475  80.893 0.1250000000
69145  -41.165  -27.998  73.517 0.1250000000
70046  -42.137  -27.138  73.914 0.1250000000
70051  -41.399  -27.059  73.351 0.1250000000
140062  -40.268  -28.463  72.830 0.1250000000
70949  -42.059  -25.636  73.317 0.1250000000
66058  -40.368  -29.254  73.589 0.1250000000
79970  -52.350  -15.881  49.810 0.1250000000
79054  -51.850  -17.138  48.610 0.1250000000
79035  -51.093  -16.897  50.043 0.1250000000
82599  -51.441  -12.744  57.752 0.2500000000
82609  -52.666  -12.851  56.936 0.2500000000
80836  -52.986  -15.431  49.401 0.1250000000
82610  -53.314  -12.673  56.677 0.1250000000
83514  -53.805  -12.528  56.303 0.1250000000
80837  -53.432  -14.813  49.045 0.1250000000
82635  -54.453  -12.847  54.607 0.1250000000
83526  -54.127  -12.794  55.439 0.1250000000
81732  -53.622  -13.783  49.205 0.1250000000
51860  -0.059  -46.785  94.368 0.2500000000
50876  -0.006  -47.186  92.730 0.1250000000
146499  0.039  -46.637  91.939 0.1250000000
52818  0.208  -45.717  93.417 0.1250000000
51887  0.175  -46.201  92.698 0.1250000000
52825  0.277  -45.357  92.673 0.1250000000
51918  -0.100  -46.308  91.143 0.1250000000
52849  -0.076  -45.521  90.987 0.1250000000
53668  0.080  -44.892  94.960 0.1250000000
53685  0.270  -44.876  93.349 0.1250000000
53677  0.157  -44.416  94.081 0.1250000000
128002  -0.223  -44.240  95.581 0.1250000000
50813  -9.534  -45.804  96.989 0.1250000000
50852  -13.208  -45.657  93.905 0.2500000000
141351  -12.359  -45.819  93.616 0.2500000000
62225  -25.776  -35.961  74.581 0.1250000000
62236  -25.303  -35.331  74.087 0.1250000000
63167  -25.101  -34.370  72.723 0.1250000000
64107  -24.942  -33.520  72.360 0.1250000000
64140  -25.398  -33.348  71.170 0.1250000000
63180  -25.248  -33.876  71.776 0.1250000000
148387  -26.304  -33.950  70.707 0.1250000000
63181  -25.686  -34.554  71.823 0.1250000000
62305  -29.611  -35.664  69.058 0.1250000000
64142  -27.065  -34.232  70.576 0.1250000000
63200  -27.672  -34.661  69.912 0.1250000000
63215  -28.966  -35.448  69.487 0.1250000000
63228  -29.052  -35.222  68.677 0.1250000000
64167  -27.977  -34.039  68.563 0.1250000000
64155  -27.686  -34.202  69.221 0.1250000000
63155  -25.029  -34.761  73.605 0.1250000000
64154  -27.161  -33.822  69.678 0.2500000000
50861  -0.128  -47.368  93.695 0.2500000000
52812  0.080  -46.039  94.185 0.1250000000
51873  0.084  -46.558  93.510 0.1250000000
52836  0.164  -45.732  91.880 0.1250000000
136023  0.161  -45.258  94.116 0.1250000000
133487  -0.002  -43.963  94.782 0.1250000000
54567  -0.332  -43.340  95.349 0.1250000000
63214  -28.288  -34.867  69.148 0.1250000000
64143  -27.686  -35.017  70.800 0.1250000000
48912  -4.095  -49.845  95.301 0.1250000000
48907  -3.017  -49.413  96.459 0.1250000000
48908  -3.733  -50.052  96.023 0.1250000000
49846  -3.006  -48.474  95.895 0.1250000000
49855  -3.332  -48.459  95.262 0.1250000000
49856  -3.864  -48.970  94.930 0.1250000000
48934  -4.516  -49.187  93.610 0.1250000000
49871  -4.056  -48.588  94.189 0.1250000000
48935  -5.073  -49.712  93.089 0.1250000000
48945  -6.018  -49.802  91.933 0.1250000000
48955  -5.751  -49.126  91.525 0.1250000000
49896  -5.006  -48.314  92.303 0.1250000000
55652  -22.932  -42.864  80.790 0.1250000000
55660  -23.063  -42.707  79.689 0.1250000000
51822  -12.797  -44.877  95.039 0.1250000000
51838  -13.195  -44.884  94.736 0.1250000000
55661  -23.752  -43.221  79.275 0.1250000000
54797  -30.600  -42.809  77.860 0.1250000000
51837  -12.543  -45.435  95.004 0.1250000000
128638  -11.997  -45.646  95.435 0.1250000000
50816  -11.989  -45.894  95.937 0.1250000000
146477  -11.541  -45.802  95.835 0.1250000000
49859  -12.266  -45.731  94.658 0.1250000000
50834  -12.732  -45.678  94.351 0.1250000000
49872  -11.562  -45.759  94.741 0.1250000000
49874  -12.625  -45.836  94.047 0.1250000000
49884  -11.987  -45.838  94.108 0.1250000000
49885  -12.524  -45.892  93.890 0.1250000000
69265  -38.787  -29.077  61.011 0.1250000000
69275  -38.671  -28.345  60.610 0.1250000000
69277  -40.286  -28.894  59.872 0.1250000000
74608  -45.851  -21.582  66.111 0.1250000000
74612  -46.126  -21.811  65.258 0.1250000000
73678  -46.126  -22.669  63.879 0.1250000000
73677  -45.441  -22.951  64.251 0.1250000000
73687  -45.834  -23.265  63.497 0.1250000000
75487  -46.530  -21.250  65.779 0.1250000000
74618  -46.485  -22.115  64.368 0.1250000000
72751  -46.497  -23.045  63.179 0.1250000000
74619  -47.208  -21.886  64.042 0.1250000000
74622  -47.499  -22.226  63.248 0.1250000000
71899  -46.687  -24.464  61.788 0.1250000000
73696  -47.397  -23.263  62.263 0.1250000000
73689  -47.804  -22.543  62.445 0.1250000000
72774  -47.248  -23.971  61.887 0.1250000000
75546  -43.707  -21.265  56.046 0.1250000000
76425  -44.942  -20.026  54.915 0.1250000000
79021  -46.629  -18.265  52.823 0.1250000000
79010  -44.897  -18.075  53.893 0.1250000000
79013  -47.081  -17.343  53.189 0.1250000000
79022  -47.543  -17.844  52.579 0.1250000000
84394  -49.948  -11.531  59.965 0.1250000000
82586  -49.164  -12.801  59.108 0.1250000000
83487  -49.964  -12.464  58.744 0.1250000000
82605  -49.115  -13.610  57.789 0.1250000000
83488  -50.907  -12.264  58.437 0.1250000000
84395  -50.595  -10.916  59.765 0.1250000000
84403  -51.249  -11.467  58.883 0.1250000000
83489  -51.916  -12.079  58.172 0.1250000000
83490  -52.848  -11.896  57.791 0.1250000000
84404  -52.274  -11.114  58.575 0.1250000000
83491  -53.547  -11.865  57.512 0.1250000000
84413  -54.038  -11.791  57.178 0.1250000000
85289  -53.352  -10.550  58.120 0.1250000000
84396  -51.446  -10.680  59.322 0.1250000000
83504  -54.029  -12.188  56.617 0.1250000000
83515  -54.243  -12.251  55.891 0.1250000000
56486  -21.951  -41.375  80.619 0.1250000000
74611  -45.453  -22.099  65.597 0.1250000000
68265  -40.947  -28.790  59.537 0.1250000000
70145  -39.216  -28.006  60.048 0.1250000000
76410  -43.783  -20.451  55.733 0.1250000000
76411  -44.702  -20.470  55.430 0.1250000000
73688  -47.147  -22.841  62.837 0.1250000000
55678  -23.943  -42.995  78.300 0.1250000000
49842  -1.580  -48.771  96.674 0.1250000000
50817  -12.982  -45.385  94.610 0.1250000000
49886  -12.932  -46.116  94.008 0.1250000000
79023  -48.350  -17.514  52.289 0.1250000000
48944  -5.308  -49.231  92.218 0.1250000000
62965  -28.313  -33.755  94.312 0.1250000000
73664  -45.767  -22.365  64.721 0.1250000000
82598  -50.474  -12.912  57.999 0.1250000000
83503  -53.687  -12.278  56.993 0.1250000000
49873  -11.937  -45.941  94.205 0.1250000000
48911  -3.486  -49.229  95.626 0.1250000000
48036  -5.689  -50.202  92.668 0.1250000000
126374  -12.771  -45.473  95.013 0.1250000000
50833  -12.011  -45.700  95.132 0.1250000000
69276  -39.421  -28.901  60.354 0.1250000000
133863  -40.176  -29.640  60.552 0.1250000000
83477  -49.582  -12.163  59.615 0.1250000000
83478  -50.356  -11.795  59.230 0.1250000000
49858  -11.730  -45.745  95.221 0.1250000000
50835  -13.087  -45.565  94.257 0.1250000000
50851  -13.063  -45.743  93.833 0.1250000000
50854  -14.175  -45.134  93.648 0.3750000000
50869  -14.411  -45.225  93.238 0.5000000000
50909  -13.256  -45.408  91.442 0.3750000000
51974  -15.728  -44.972  87.385 1.0000000000
51985  -10.994  -46.742  86.015 0.2500000000
52798  -16.517  -43.368  95.894 0.2500000000
52891  -15.887  -44.812  87.260 1.0000000000
53758  -11.133  -44.933  86.347 0.5000000000
54540  -16.979  -42.087  97.841 0.1250000000
54808  -24.929  -43.019  77.086 0.2500000000
55493  -18.844  -40.859  98.121 0.1250000000
55714  -27.754  -42.441  75.785 0.5000000000
55715  -28.634  -42.229  75.478 0.6250000000
55724  -28.932  -41.763  75.171 0.7500000000
56336  -18.793  -39.898  99.919 0.1250000000
56342  -18.302  -40.389  99.498 0.1250000000
56354  -20.447  -39.707  98.951 0.1250000000
56580  -28.582  -41.416  75.526 0.7500000000
56581  -29.276  -41.513  74.956 0.7500000000
56594  -28.896  -41.540  75.173 0.7500000000
57249  -19.313  -39.724  99.851 0.1250000000
57250  -19.914  -39.411  99.825 0.1250000000
57251  -20.756  -39.325  99.627 0.1250000000
57252  -21.860  -39.061  99.207 0.1250000000
57253  -22.436  -38.694  98.843 0.1250000000
57268  -22.901  -39.057  98.267 0.1250000000
57376  -28.378  -38.597  83.351 1.0000000000
57495  -31.082  -40.575  74.630 0.1250000000
57505  -30.896  -40.496  74.609 0.1250000000
58209  -19.898  -38.607  100.234 0.1250000000
58216  -20.963  -38.898  99.821 0.1250000000
58217  -21.493  -38.773  99.544 0.1250000000
58230  -23.599  -38.111  97.592 0.2500000000
58237  -25.084  -38.020  96.070 0.2500000000
58246  -25.937  -37.918  95.473 0.2500000000
58251  -25.509  -38.893  95.425 0.2500000000
58253  -26.213  -38.231  95.316 0.2500000000
58265  -26.644  -38.879  94.709 0.2500000000
58275  -24.388  -39.149  93.782 0.3750000000
58278  -27.476  -38.548  93.693 0.5000000000
58329  -25.230  -37.996  89.506 1.0000000000
58385  -27.175  -37.937  85.187 1.0000000000
58387  -28.731  -37.866  84.597 1.0000000000
59187  -23.096  -37.311  98.555 0.2500000000
59192  -24.263  -36.654  97.912 0.2500000000
59223  -27.603  -37.164  94.205 0.3750000000
59231  -27.754  -36.900  93.659 0.3750000000
59309  -27.476  -36.676  87.849 1.0000000000
59325  -29.931  -36.894  85.472 1.0000000000
59458  -30.262  -40.140  74.923 0.1250000000
59469  -30.428  -39.672  74.469 0.1250000000
60149  -25.223  -36.596  97.011 0.2500000000
60183  -28.267  -35.766  92.658 0.6250000000
60278  -30.981  -36.674  83.159 1.0000000000
60383  -29.552  -37.778  73.383 0.1250000000
61107  -22.798  -36.327  99.076 0.1250000000
61117  -24.922  -35.855  97.633 0.2500000000
61144  -27.735  -36.218  94.430 0.3750000000
61165  -29.494  -34.640  91.558 0.7500000000
62025  -21.636  -35.832  99.669 0.1250000000
62040  -24.472  -35.359  97.818 0.1250000000
62985  -30.500  -33.547  92.092 0.3750000000
62986  -30.973  -33.237  91.941 0.5000000000
62997  -31.237  -33.328  91.472 0.6250000000
62998  -31.830  -33.043  91.283 0.5000000000
63824  -22.401  -34.916  98.807 0.1250000000
63942  -32.168  -32.919  90.664 0.3750000000
63945  -32.416  -32.482  89.666 0.3750000000
63984  -31.979  -33.501  83.701 1.0000000000
63985  -32.552  -33.850  83.580 1.0000000000
63995  -31.538  -33.730  83.621 1.0000000000
64871  -32.200  -32.256  91.283 0.3750000000
64881  -32.405  -32.031  90.784 0.3750000000
64895  -32.649  -31.674  89.841 0.3750000000
64980  -27.517  -33.052  80.348 0.8750000000
65104  -35.131  -30.050  69.888 0.8750000000
65879  -32.715  -30.951  90.519 0.2500000000
65886  -32.795  -31.055  90.224 0.2500000000
65968  -30.098  -32.838  83.119 1.0000000000
66054  -37.340  -29.253  72.674 0.3750000000
66057  -39.587  -29.388  73.181 0.1250000000
66059  -41.020  -29.082  73.978 0.1250000000
66065  -33.398  -29.182  71.576 0.8750000000
66084  -33.651  -29.943  70.923 0.8750000000
66087  -37.317  -29.372  71.376 0.6250000000
66088  -39.203  -29.092  72.187 0.3750000000
66100  -31.258  -29.855  69.846 0.8750000000
66102  -36.649  -29.337  70.750 0.7500000000
66119  -34.828  -29.728  69.519 0.8750000000
66136  -27.088  -31.672  68.265 0.6250000000
66866  -32.361  -30.712  91.188 0.2500000000
66867  -32.552  -29.963  90.928 0.1250000000
66880  -33.187  -30.516  89.881 0.1250000000
67055  -42.385  -28.483  75.210 0.1250000000
67081  -39.880  -29.062  72.686 0.1250000000
67083  -40.898  -28.647  73.589 0.1250000000
67098  -39.987  -28.830  72.686 0.1250000000
67131  -36.280  -28.487  69.655 0.7500000000
67132  -37.506  -28.519  70.428 0.7500000000
67881  -30.875  -29.705  92.790 0.1250000000
67891  -31.936  -29.045  91.845 0.1250000000
67930  -33.278  -29.751  89.246 0.1250000000
68003  -25.389  -28.586  78.022 0.8750000000
68019  -25.177  -29.382  77.910 0.8750000000
68090  -40.802  -28.278  73.321 0.1250000000
68178  -31.794  -29.515  65.031 0.3750000000
68194  -34.172  -29.480  63.973 0.1250000000
68882  -27.540  -28.610  94.752 0.1250000000
68892  -30.663  -28.253  93.199 0.1250000000
69204  -31.582  -29.024  65.592 0.6250000000
69858  -27.365  -27.813  93.876 0.1250000000
69859  -29.205  -27.504  93.938 0.1250000000
69870  -31.556  -27.765  92.560 0.1250000000
69921  -30.172  -27.145  86.961 0.1250000000
70050  -40.843  -26.620  72.705 0.1250000000
70081  -36.123  -27.026  69.323 0.8750000000
70108  -33.207  -27.057  64.558 0.5000000000
70759  -28.558  -25.738  93.668 0.1250000000
70864  -29.418  -26.270  82.571 0.1250000000
71001  -32.783  -26.337  65.569 0.6250000000
71014  -33.532  -25.860  64.540 0.6250000000
71022  -33.675  -26.545  64.325 0.5000000000
71026  -43.356  -24.579  62.641 0.6250000000
71036  -44.715  -24.837  61.956 0.5000000000
71037  -45.066  -24.830  61.494 0.5000000000
71811  -42.190  -24.711  72.996 0.1250000000
71862  -33.189  -25.477  65.634 0.6250000000
71881  -34.722  -25.306  63.842 0.5000000000
71885  -46.139  -23.912  62.400 0.2500000000
71898  -46.158  -24.474  61.993 0.2500000000
71913  -45.432  -24.838  61.452 0.3750000000
72483  -30.094  -25.100  92.961 0.1250000000
72735  -34.116  -24.091  65.726 0.7500000000
72746  -41.822  -23.679  64.576 0.7500000000
72750  -45.158  -23.513  63.830 0.3750000000
72760  -43.284  -24.362  63.475 0.6250000000
72761  -45.550  -23.847  62.988 0.3750000000
72763  -46.770  -23.519  62.500 0.1250000000
72788  -45.656  -24.659  61.296 0.5000000000
73637  -39.894  -22.743  67.388 0.7500000000
73654  -35.337  -23.041  65.584 0.7500000000
73668  -34.718  -23.627  65.216 0.6250000000
73679  -46.850  -22.473  63.570 0.1250000000
73697  -47.909  -23.337  61.806 0.1250000000
75484  -46.981  -20.622  66.316 0.1250000000
75524  -47.135  -21.146  59.661 0.2500000000
76401  -42.039  -20.388  56.755 0.3750000000
77205  -42.080  -19.883  58.326 0.6250000000
78079  -43.218  -18.471  55.116 0.5000000000
78991  -42.911  -17.804  56.970 0.7500000000
78996  -43.360  -17.203  56.721 0.7500000000
79906  -44.348  -16.433  57.926 0.6250000000
79910  -43.699  -16.927  57.166 0.7500000000
80780  -46.253  -15.316  56.505 0.5000000000
81640  -47.973  -14.903  60.943 0.3750000000
81644  -46.834  -14.917  60.130 0.3750000000
125805  -30.827  -40.669  74.749 0.1250000000
127304  -33.138  -28.685  89.377 0.1250000000
128689  -14.012  -45.454  93.088 0.5000000000
128981  -32.540  -32.475  88.173 0.3750000000
129848  -32.440  -32.048  89.952 0.3750000000
130078  -16.831  -43.254  96.386 0.2500000000
130172  -40.564  -29.026  73.421 0.1250000000
130639  -15.223  -45.089  88.727 0.8750000000
130946  -31.990  -33.505  83.763 1.0000000000
131694  -38.882  -29.265  72.166 0.1250000000
131836  -36.033  -28.018  69.592 0.7500000000
132193  -35.858  -26.923  69.158 1.0000000000
133085  -33.087  -29.604  71.226 0.8750000000
133847  -17.750  -40.532  99.433 0.1250000000
134748  -29.810  -42.049  75.253 0.5000000000
137055  -19.578  -40.252  96.547 0.1250000000
138956  -22.011  -37.836  99.195 0.2500000000
139790  -20.731  -37.920  100.169 0.1250000000
140073  -14.339  -45.514  91.966 0.5000000000
140117  -39.596  -24.785  70.300 0.3750000000
141035  -32.270  -34.362  83.760 1.0000000000
141546  -33.295  -28.954  90.449 0.1250000000
141956  -27.206  -35.212  95.283 0.1250000000
142121  -33.447  -28.653  90.126 0.1250000000
142237  -31.348  -29.943  92.362 0.1250000000
142655  -45.670  -24.316  62.363 0.3750000000
143055  -27.471  -36.718  90.205 1.0000000000
143135  -17.585  -38.918  89.193 1.0000000000
143713  -27.008  -38.994  94.065 0.5000000000
143839  -25.172  -38.699  95.783 0.2500000000
144159  -32.088  -33.207  89.814 0.5000000000
144222  -26.767  -37.971  94.957 0.1250000000
144238  -44.638  -16.012  56.741 0.6250000000
144432  -35.272  -29.950  70.256 0.7500000000
144507  -31.832  -26.962  78.069 0.1250000000
145856  -27.501  -38.482  92.935 0.6250000000
146085  -43.792  -24.211  63.520 0.6250000000
146537  -24.227  -40.927  76.965 0.6250000000
146638  -31.854  -33.306  90.521 0.6250000000
146731  -34.948  -27.403  68.966 1.0000000000
146771  -53.964  -13.346  54.632 0.2500000000
147468  -37.420  -28.917  70.531 0.7500000000
148010  -26.028  -37.454  89.852 1.0000000000
148056  -15.145  -44.038  94.642 0.3750000000
148573  -44.803  -24.699  61.305 0.5000000000
149073  -27.973  -35.708  78.267 0.3750000000
149250  -54.567  -12.894  54.109 0.1250000000
150692  -16.643  -42.872  96.952 0.1250000000
151537  -24.615  -36.064  97.868 0.2500000000
151623  -25.614  -37.853  95.753 0.2500000000
