#!ascii label  , from subject sub-v1s2x0051492_ses-1 vox2ras=TkReg
2984
6493  36.057  -87.262  11.245 0.2000000030
7147  34.721  -86.398  11.577 0.2000000030
7145  36.918  -85.897  11.879 0.2000000030
5886  35.267  -87.623  11.425 0.2000000030
159970  37.939  -84.156  9.637 0.1000000015
154453  33.836  -85.869  12.053 0.3000000119
7146  35.975  -86.418  11.613 0.2000000030
6492  37.158  -86.344  10.248 0.1000000015
162816  36.659  -86.786  10.899 0.2000000030
7144  37.579  -85.593  11.585 0.1000000015
7838  38.102  -85.124  11.283 0.1000000015
7847  38.362  -84.386  10.640 0.1000000015
9179  38.702  -82.847  10.514 0.1000000015
8500  38.308  -83.544  10.096 0.1000000015
163204  39.268  -80.731  10.986 0.1000000015
9867  38.436  -81.882  10.033 0.1000000015
167718  38.791  -80.959  10.416 0.1000000015
11354  39.656  -79.489  11.010 0.2000000030
10603  39.096  -79.939  10.402 0.1000000015
9155  37.691  -82.432  12.309 0.1000000015
9827  38.047  -81.823  12.486 0.1000000015
7825  36.770  -84.921  11.815 0.2000000030
8477  38.748  -83.654  12.029 0.1000000015
8479  37.742  -84.244  12.195 0.1000000015
7837  38.404  -84.440  11.674 0.1000000015
9153  39.380  -82.221  11.799 0.1000000015
11345  39.771  -79.827  11.930 0.1000000015
13022  40.918  -77.530  12.313 0.2000000030
12121  40.328  -78.535  12.465 0.2000000030
13969  41.770  -76.005  12.221 0.1000000015
12141  40.243  -78.336  10.934 0.2000000030
15748  42.421  -74.663  12.224 0.2000000030
15762  42.044  -74.609  11.185 0.1000000015
145521  42.683  -73.203  11.282 0.1000000015
166404  38.981  -82.581  12.522 0.1000000015
10588  38.389  -81.024  12.533 0.1000000015
9843  39.482  -81.512  12.025 0.1000000015
15732  41.905  -74.809  12.912 0.2000000030
16634  42.880  -73.038  13.093 0.2000000030
16633  43.231  -72.502  12.996 0.2000000030
16657  43.167  -73.037  12.466 0.2000000030
17616  43.433  -72.273  12.507 0.1000000015
17634  42.869  -72.402  11.057 0.2000000030
9825  39.228  -81.515  12.311 0.1000000015
11334  39.035  -79.871  12.753 0.1000000015
11333  39.477  -79.796  12.401 0.1000000015
12122  39.803  -78.958  12.656 0.2000000030
156638  40.661  -75.513  13.106 0.2000000030
13950  40.992  -76.296  12.837 0.3000000119
19541  44.014  -70.227  12.921 0.3000000119
19553  44.000  -70.779  12.000 0.2000000030
19565  43.654  -70.701  10.828 0.2000000030
18623  42.536  -71.547  9.119 0.2000000030
15733  41.175  -74.752  13.094 0.3000000119
13023  40.539  -77.910  12.639 0.2000000030
19520  43.222  -70.756  13.307 0.3000000119
21409  43.700  -69.151  12.335 0.3000000119
21426  44.142  -68.615  11.757 0.3000000119
21408  44.128  -69.311  12.182 0.3000000119
19564  44.257  -70.057  11.635 0.2000000030
170863  43.089  -70.943  9.737 0.2000000030
18645  42.940  -70.692  8.449 0.2000000030
22417  42.438  -68.048  12.050 0.4000000060
19521  42.274  -70.476  13.380 0.3000000119
21410  42.883  -68.879  12.430 0.3000000119
148578  42.293  -72.969  13.260 0.2000000030
17579  42.934  -72.322  13.267 0.2000000030
21425  44.614  -68.745  11.464 0.3000000119
19581  44.149  -69.850  10.575 0.2000000030
21438  44.964  -68.503  10.656 0.2000000030
20478  43.985  -69.639  9.356 0.2000000030
23421  43.002  -66.882  11.404 0.3000000119
21427  43.352  -68.386  11.904 0.3000000119
22434  45.302  -67.567  10.632 0.2000000030
21452  45.624  -67.900  9.038 0.2000000030
21437  45.586  -67.883  10.095 0.2000000030
21469  45.427  -67.875  7.664 0.1000000015
21453  45.077  -68.479  9.586 0.2000000030
20507  44.208  -68.910  7.166 0.2000000030
20496  44.455  -69.049  8.792 0.2000000030
20497  43.806  -69.522  7.949 0.2000000030
24563  43.221  -65.217  10.791 0.3000000119
23435  44.091  -66.052  10.664 0.3000000119
23420  43.747  -66.771  11.052 0.3000000119
25657  44.786  -64.818  9.992 0.2000000030
24561  45.807  -66.270  10.016 0.3000000119
24574  46.321  -65.701  9.550 0.2000000030
23434  44.695  -67.122  10.819 0.3000000119
23451  46.525  -66.333  9.559 0.1000000015
145062  46.978  -66.191  9.090 0.1000000015
22490  45.897  -67.307  7.223 0.1000000015
23469  47.003  -66.359  8.555 0.1000000015
23450  47.356  -65.849  8.812 0.1000000015
21479  44.655  -68.291  6.590 0.1000000015
25646  43.333  -64.394  10.595 0.3000000119
25645  44.020  -64.167  10.216 0.2000000030
145901  45.242  -63.369  9.256 0.2000000030
27884  45.275  -62.226  8.884 0.2000000030
29048  46.502  -61.401  8.084 0.1000000015
26724  45.896  -63.117  8.705 0.1000000015
146206  46.277  -62.367  8.274 0.1000000015
26723  46.775  -63.521  8.485 0.1000000015
24573  47.043  -65.867  9.191 0.1000000015
170884  47.547  -65.732  8.046 0.1000000015
23512  46.779  -66.125  6.710 0.1000000015
26701  43.981  -63.286  10.090 0.2000000030
27895  47.308  -61.395  7.704 0.1000000015
157220  48.631  -62.398  7.386 0.1000000015
27883  47.359  -62.927  8.045 0.1000000015
26722  48.286  -63.227  7.638 0.1000000015
149763  47.621  -63.922  8.196 0.1000000015
26738  48.696  -63.589  7.091 0.1000000015
25697  47.734  -64.914  6.936 0.1000000015
25683  47.755  -64.878  7.708 0.1000000015
29055  50.186  -61.488  6.476 0.1000000015
26764  48.339  -63.850  5.950 0.1000000015
151130  47.538  -64.859  6.153 0.1000000015
155688  48.602  -60.955  7.420 0.1000000015
9857  39.108  -82.101  10.925 0.1000000015
8478  38.317  -83.749  12.259 0.1000000015
13976  41.691  -75.872  11.501 0.1000000015
17477  41.076  -72.090  23.903 0.5000000000
15625  39.761  -74.219  24.080 0.5000000000
16562  39.054  -73.132  23.771 0.5000000000
18442  40.428  -71.580  24.248 0.5000000000
18430  40.684  -70.590  24.761 0.5000000000
16489  39.108  -73.248  26.836 0.2000000030
155911  39.841  -73.808  26.336 0.2000000030
17439  38.273  -73.007  26.793 0.3000000119
16503  39.054  -73.787  25.818 0.3000000119
15610  39.244  -74.186  24.744 0.5000000000
16540  38.821  -73.697  24.271 0.5000000000
17464  38.161  -72.893  24.082 0.5000000000
17479  39.217  -72.287  23.916 0.5000000000
143040  37.844  -71.397  24.337 0.5000000000
18431  39.693  -71.269  24.524 0.5000000000
19425  41.559  -70.407  24.068 0.5000000000
19414  40.673  -69.887  24.972 0.5000000000
19434  41.117  -70.199  22.977 0.5000000000
19448  40.620  -70.626  20.479 0.5000000000
149906  37.821  -72.560  27.209 0.3000000119
17440  37.516  -73.048  26.177 0.3000000119
16541  37.852  -73.297  24.682 0.5000000000
19409  38.312  -70.472  24.803 0.5000000000
19415  40.044  -70.386  25.054 0.5000000000
20328  40.989  -69.825  24.093 0.5000000000
20329  40.208  -69.626  23.104 0.5000000000
16605  40.962  -73.366  18.027 0.4000000060
17514  40.505  -72.565  18.170 0.5000000000
146930  41.139  -71.910  18.214 0.5000000000
18464  40.661  -70.891  19.497 0.5000000000
19449  39.909  -70.349  20.777 0.5000000000
15692  40.551  -74.160  18.218 0.4000000060
17405  38.192  -72.147  28.129 0.3000000119
18406  36.152  -71.696  27.289 0.4000000060
155107  35.850  -71.824  26.455 0.4000000060
17466  36.406  -72.037  24.717 0.5000000000
18434  36.005  -71.412  24.691 0.5000000000
18433  36.836  -71.704  24.409 0.5000000000
19417  37.309  -70.905  24.453 0.5000000000
20312  35.878  -70.269  24.675 0.5000000000
20311  36.611  -69.911  24.820 0.5000000000
20310  37.467  -70.160  24.827 0.5000000000
20301  38.751  -69.499  25.440 0.5000000000
20309  40.360  -69.147  24.645 0.5000000000
20334  39.434  -69.769  22.091 0.6000000238
148136  39.811  -70.951  18.708 0.5000000000
19461  39.919  -70.488  19.687 0.5000000000
20346  39.106  -70.067  21.078 0.5000000000
14773  40.522  -75.815  18.229 0.4000000060
14791  41.065  -75.041  18.035 0.4000000060
16592  40.065  -73.350  18.349 0.5000000000
20232  36.349  -69.866  32.966 0.1000000015
144903  35.008  -69.376  31.991 0.1000000015
21209  34.288  -68.821  31.980 0.1000000015
19362  36.022  -70.271  31.350 0.1000000015
20255  34.545  -69.395  31.193 0.1000000015
20256  33.807  -68.819  31.132 0.1000000015
19367  35.585  -70.219  30.759 0.1000000015
20262  34.520  -69.639  30.415 0.1000000015
20263  33.946  -69.235  30.444 0.1000000015
18390  37.599  -71.673  28.697 0.2000000030
154435  36.946  -71.270  29.287 0.1000000015
17406  37.140  -72.033  27.613 0.3000000119
18422  35.860  -71.845  25.044 0.5000000000
18392  35.643  -71.252  27.846 0.4000000060
18407  35.303  -71.335  26.716 0.4000000060
19403  34.752  -70.413  25.493 0.4000000060
19410  35.232  -70.196  24.940 0.5000000000
20303  35.880  -69.652  24.906 0.5000000000
157529  36.126  -68.883  25.481 0.5000000000
21286  37.439  -68.792  25.837 0.5000000000
20322  39.671  -69.100  23.569 0.5000000000
168330  39.256  -70.438  19.102 0.5000000000
18500  39.152  -71.540  18.266 0.5000000000
14774  39.761  -75.145  18.745 0.4000000060
12080  40.801  -78.603  17.281 0.5000000000
21151  34.855  -68.624  36.839 0.1000000015
20206  34.889  -69.364  35.287 0.1000000015
20217  35.289  -69.427  34.439 0.1000000015
156825  35.057  -69.051  33.909 0.1000000015
161015  35.514  -69.491  32.641 0.1000000015
21201  34.393  -68.563  32.877 0.1000000015
21190  33.789  -67.973  33.284 0.1000000015
21174  34.169  -68.248  34.755 0.1000000015
21189  34.458  -68.474  33.831 0.1000000015
21210  33.586  -68.407  31.689 0.1000000015
23235  31.611  -66.504  29.016 0.2000000030
24313  31.662  -65.812  28.831 0.2000000030
19375  36.306  -70.822  29.774 0.1000000015
162410  35.756  -70.471  30.138 0.1000000015
149418  34.067  -69.658  29.612 0.1000000015
156725  33.387  -68.998  29.749 0.1000000015
21234  32.240  -67.977  29.376 0.2000000030
19376  35.454  -70.572  29.383 0.2000000030
19377  34.584  -70.257  29.063 0.1000000015
20273  33.865  -69.853  28.588 0.2000000030
21257  32.585  -68.174  27.587 0.2000000030
23234  31.934  -66.445  28.332 0.2000000030
24312  32.216  -65.475  28.201 0.2000000030
19390  35.042  -70.696  28.342 0.2000000030
19401  34.392  -70.437  27.466 0.2000000030
20289  33.941  -69.989  26.744 0.3000000119
21274  33.551  -68.363  26.323 0.3000000119
169879  34.043  -68.111  26.006 0.4000000060
21287  35.002  -68.730  25.466 0.5000000000
20335  38.592  -69.549  21.769 0.5000000000
21273  35.837  -68.108  25.936 0.4000000060
21315  36.390  -68.743  21.288 0.5000000000
21314  37.212  -68.918  21.605 0.5000000000
21306  37.658  -68.696  22.478 0.5000000000
19463  37.024  -69.828  19.375 0.5000000000
19450  37.815  -69.781  19.895 0.5000000000
20347  38.327  -69.785  20.767 0.5000000000
21284  39.345  -68.561  25.559 0.5000000000
21285  38.544  -68.693  25.890 0.5000000000
17515  38.542  -72.196  18.300 0.5000000000
18480  37.938  -70.639  18.495 0.5000000000
19462  38.464  -70.213  19.190 0.5000000000
21300  38.240  -68.377  23.355 0.5000000000
15693  39.699  -74.151  18.657 0.5000000000
16593  39.448  -72.531  18.351 0.5000000000
171358  38.565  -70.061  20.176 0.5000000000
20330  39.294  -69.415  22.671 0.6000000238
18479  38.827  -70.747  18.493 0.5000000000
13903  40.134  -76.931  18.208 0.4000000060
22129  35.140  -67.940  37.368 0.1000000015
21152  34.375  -68.296  36.164 0.1000000015
22153  33.993  -67.470  36.058 0.1000000015
23128  33.707  -66.663  35.811 0.1000000015
157930  34.429  -64.671  36.160 0.1000000015
20207  34.451  -68.653  35.459 0.1000000015
21166  34.014  -67.940  35.483 0.1000000015
22173  33.758  -67.707  34.881 0.1000000015
23160  33.078  -66.951  33.757 0.1000000015
23161  32.735  -66.841  33.088 0.1000000015
172359  32.441  -66.756  32.460 0.1000000015
23182  31.569  -66.001  31.343 0.1000000015
21211  33.069  -68.223  30.937 0.1000000015
23201  31.499  -66.277  30.426 0.2000000030
24291  31.459  -66.063  29.548 0.2000000030
21219  32.838  -68.421  29.983 0.1000000015
22233  31.886  -67.429  29.686 0.2000000030
21275  32.928  -68.298  26.894 0.3000000119
22278  32.828  -67.015  26.997 0.3000000119
24331  32.842  -65.129  27.705 0.2000000030
22277  33.157  -67.664  26.651 0.3000000119
24330  33.590  -65.471  27.419 0.2000000030
22293  34.703  -67.947  25.937 0.4000000060
157307  34.168  -66.032  27.110 0.3000000119
22275  35.634  -67.457  26.458 0.4000000060
22260  35.377  -66.838  26.877 0.4000000060
23299  35.589  -66.946  23.836 0.5000000000
22305  36.351  -67.145  23.985 0.5000000000
147364  37.021  -67.572  23.670 0.5000000000
22274  36.739  -67.674  26.685 0.5000000000
25432  36.403  -64.329  26.173 0.5000000000
25418  37.134  -63.974  26.539 0.5000000000
23277  37.488  -66.109  25.626 0.5000000000
167829  37.121  -66.940  24.455 0.5000000000
22319  37.898  -67.877  23.734 0.6000000238
21271  38.258  -68.132  26.339 0.5000000000
21272  37.105  -68.259  26.286 0.5000000000
25417  37.797  -64.297  26.923 0.5000000000
24363  37.803  -65.722  26.312 0.5000000000
23287  37.928  -66.699  25.160 0.6000000238
21299  39.204  -68.566  23.891 0.5000000000
22291  39.426  -68.273  25.200 0.5000000000
22304  38.132  -67.403  24.537 0.5000000000
21295  39.481  -68.360  24.712 0.5000000000
10530  40.262  -80.539  16.771 0.4000000060
12081  39.965  -78.833  17.657 0.4000000060
12976  41.005  -77.737  17.469 0.4000000060
28647  34.743  -61.799  36.290 0.1000000015
25275  34.385  -63.931  36.048 0.1000000015
27480  33.569  -62.745  35.660 0.1000000015
22168  33.635  -67.268  35.340 0.1000000015
24205  33.525  -65.736  35.519 0.1000000015
25284  33.081  -65.021  35.002 0.1000000015
25276  33.057  -64.112  35.110 0.1000000015
23143  33.334  -66.528  35.066 0.1000000015
153526  32.703  -65.246  34.426 0.1000000015
26390  32.504  -63.650  34.516 0.1000000015
24241  32.243  -66.157  32.810 0.1000000015
24229  31.921  -65.339  32.924 0.1000000015
144854  31.497  -64.875  32.246 0.1000000015
147378  31.331  -63.996  30.915 0.2000000030
148296  31.463  -64.001  30.245 0.2000000030
148934  31.743  -63.866  29.612 0.2000000030
25361  32.070  -64.092  29.006 0.2000000030
25381  32.600  -64.460  28.292 0.2000000030
143913  44.970  -65.398  30.483 0.2000000030
25400  33.382  -64.589  27.920 0.2000000030
23196  44.820  -67.002  30.674 0.2000000030
24269  43.425  -66.461  31.058 0.2000000030
24270  42.611  -66.259  31.280 0.2000000030
24249  41.445  -66.072  31.484 0.2000000030
22232  43.859  -67.702  29.852 0.2000000030
23214  43.385  -67.337  30.405 0.2000000030
23215  42.541  -67.041  30.366 0.2000000030
23217  41.020  -66.727  30.707 0.2000000030
23179  40.741  -66.055  31.426 0.3000000119
166778  39.736  -66.349  30.798 0.2000000030
23200  38.559  -66.079  30.255 0.4000000060
23244  43.029  -66.277  28.007 0.2000000030
23228  42.736  -66.763  29.162 0.3000000119
24305  41.951  -66.566  29.634 0.3000000119
24286  40.993  -66.415  29.821 0.4000000060
169041  40.608  -66.607  30.275 0.3000000119
23219  39.232  -66.324  30.202 0.4000000060
23230  38.571  -66.227  29.328 0.5000000000
23233  36.560  -66.211  28.180 0.4000000060
22259  36.412  -67.100  27.111 0.5000000000
26509  39.754  -62.881  26.756 0.5000000000
26492  40.135  -63.427  27.409 0.4000000060
25395  40.635  -64.278  28.123 0.4000000060
24326  41.491  -64.976  28.357 0.4000000060
25377  40.095  -64.982  28.767 0.4000000060
146241  38.809  -65.332  28.261 0.5000000000
24308  39.017  -66.048  28.913 0.5000000000
22258  37.458  -67.260  27.299 0.5000000000
26494  38.905  -63.472  27.383 0.5000000000
25416  38.385  -64.752  27.572 0.5000000000
24362  38.329  -66.177  26.743 0.5000000000
23276  38.360  -66.464  25.941 0.5000000000
22303  39.034  -67.863  25.076 0.5000000000
22292  38.969  -67.834  25.702 0.5000000000
21270  38.916  -68.079  26.055 0.5000000000
30996  35.324  -59.054  35.898 0.1000000015
29785  34.721  -60.939  36.327 0.1000000015
29798  33.907  -60.390  36.057 0.1000000015
30998  33.427  -59.600  35.508 0.1000000015
28659  32.779  -61.589  35.198 0.1000000015
29800  32.701  -60.772  35.124 0.1000000015
27491  32.385  -62.043  34.620 0.1000000015
29809  32.306  -60.405  34.418 0.1000000015
156874  31.498  -62.901  33.115 0.1000000015
28674  31.566  -61.527  33.242 0.1000000015
26399  31.581  -63.650  33.116 0.1000000015
144917  31.358  -62.691  31.681 0.2000000030
27512  31.498  -61.864  31.671 0.2000000030
169807  31.388  -62.977  31.180 0.2000000030
26461  32.242  -63.314  29.433 0.2000000030
26477  33.262  -63.827  28.465 0.2000000030
25355  44.644  -64.454  30.192 0.1000000015
25333  44.084  -65.489  30.659 0.2000000030
25334  43.234  -65.471  30.878 0.2000000030
162254  42.441  -65.341  31.088 0.2000000030
25379  34.802  -64.542  28.472 0.2000000030
27553  43.947  -62.740  29.527 0.1000000015
26455  43.481  -63.566  29.790 0.1000000015
25357  42.995  -64.414  30.376 0.1000000015
26457  41.844  -63.380  30.013 0.1000000015
26437  41.314  -64.084  30.688 0.1000000015
25313  40.272  -65.362  31.539 0.1000000015
24272  39.320  -65.979  31.133 0.2000000030
24328  35.627  -65.826  27.867 0.3000000119
24311  35.196  -65.141  28.211 0.2000000030
172087  39.444  -64.492  31.417 0.1000000015
25315  38.748  -64.942  31.427 0.1000000015
25338  38.662  -65.611  31.048 0.3000000119
24310  36.076  -65.515  28.582 0.2000000030
24327  38.493  -66.118  28.161 0.5000000000
23245  38.204  -66.505  27.909 0.5000000000
23246  37.850  -66.805  27.845 0.5000000000
22273  37.871  -67.651  26.772 0.5000000000
24347  38.430  -65.765  27.561 0.5000000000
23263  38.349  -66.617  27.133 0.5000000000
22257  38.207  -67.066  27.212 0.5000000000
23275  38.686  -66.999  26.236 0.5000000000
32190  35.815  -58.386  35.171 0.1000000015
33282  35.297  -57.826  34.673 0.1000000015
33295  34.879  -57.180  34.013 0.1000000015
32192  33.797  -58.706  35.278 0.1000000015
32205  33.369  -58.281  34.556 0.1000000015
33296  33.765  -57.452  34.129 0.1000000015
30999  32.791  -59.959  34.985 0.1000000015
31016  32.020  -60.021  33.577 0.1000000015
32214  32.438  -58.560  33.374 0.1000000015
29817  31.629  -60.707  33.049 0.1000000015
29826  31.733  -60.528  32.264 0.2000000030
28705  31.809  -61.561  30.998 0.2000000030
27538  32.140  -62.021  30.391 0.2000000030
27564  32.593  -62.495  29.790 0.2000000030
28734  32.865  -61.698  30.181 0.2000000030
27563  33.389  -62.196  29.803 0.2000000030
172440  33.144  -63.036  29.155 0.2000000030
26460  34.027  -63.396  28.956 0.2000000030
25380  34.047  -64.145  28.359 0.2000000030
167451  43.582  -62.131  29.387 0.1000000015
27554  43.162  -62.760  29.506 0.1000000015
27556  41.504  -62.607  29.587 0.1000000015
26458  41.036  -63.238  30.178 0.1000000015
26438  40.430  -63.812  30.771 0.1000000015
26459  35.670  -63.966  29.750 0.1000000015
25359  35.634  -64.701  29.015 0.2000000030
25360  34.845  -63.985  29.048 0.2000000030
27532  39.954  -63.156  30.366 0.1000000015
26439  39.477  -63.876  31.057 0.1000000015
26419  38.256  -64.300  31.260 0.1000000015
25339  38.018  -64.821  31.132 0.2000000030
24290  36.409  -65.252  29.274 0.2000000030
34401  36.948  -56.040  32.778 0.1000000015
33307  36.119  -56.754  33.192 0.1000000015
36511  35.827  -54.400  33.893 0.1000000015
158409  35.085  -56.559  33.304 0.1000000015
36534  35.888  -54.754  32.493 0.1000000015
34415  35.375  -55.681  32.336 0.1000000015
33310  32.662  -57.767  33.005 0.1000000015
33309  33.298  -57.175  33.378 0.1000000015
32220  32.358  -58.506  32.543 0.1000000015
32225  32.483  -58.629  31.578 0.1000000015
163939  32.530  -59.939  31.063 0.1000000015
31042  32.700  -59.317  30.929 0.1000000015
29842  32.984  -59.985  30.620 0.1000000015
28703  33.147  -60.783  30.414 0.2000000030
28733  33.659  -61.388  30.152 0.2000000030
145074  34.203  -61.871  30.007 0.2000000030
172317  34.724  -61.660  30.100 0.2000000030
27562  34.944  -62.216  30.118 0.2000000030
28702  35.861  -61.885  30.174 0.1000000015
154792  34.999  -63.195  29.746 0.2000000030
31058  43.651  -59.545  29.210 0.1000000015
29866  42.242  -60.356  28.833 0.1000000015
28749  41.658  -61.145  28.877 0.1000000015
28726  41.118  -61.894  29.175 0.1000000015
27537  35.732  -62.726  30.280 0.2000000030
29885  41.242  -60.266  28.578 0.1000000015
28750  40.719  -61.142  28.827 0.1000000015
27557  40.568  -62.623  29.772 0.1000000015
27533  39.097  -63.089  30.506 0.1000000015
26441  37.808  -63.614  31.022 0.1000000015
149838  37.083  -63.710  30.841 0.2000000030
37594  34.721  -53.259  34.245 0.1000000015
37615  35.299  -53.981  32.383 0.1000000015
35466  34.879  -55.217  31.695 0.1000000015
34418  32.982  -57.035  31.641 0.1000000015
33338  33.136  -57.678  30.505 0.1000000015
31041  33.250  -59.318  30.357 0.1000000015
29871  33.629  -60.019  30.191 0.2000000030
31061  34.510  -59.405  29.313 0.1000000015
29870  34.364  -60.153  29.707 0.1000000015
31060  35.076  -59.837  29.162 0.2000000030
28732  34.494  -61.102  30.068 0.2000000030
29891  35.837  -60.211  29.023 0.1000000015
29869  35.194  -60.634  29.602 0.2000000030
32273  40.626  -58.099  28.033 0.1000000015
165439  40.115  -59.236  28.006 0.1000000015
32275  38.969  -58.575  27.613 0.1000000015
31078  38.959  -59.920  28.112 0.1000000015
31080  37.168  -59.864  28.268 0.1000000015
29867  37.031  -61.090  29.301 0.1000000015
29868  36.081  -61.057  29.561 0.1000000015
31059  42.816  -59.581  28.876 0.1000000015
31076  41.625  -58.821  28.454 0.1000000015
31077  40.583  -59.688  28.292 0.1000000015
149806  39.801  -59.850  28.186 0.1000000015
29887  39.385  -60.535  28.509 0.1000000015
28752  38.923  -61.189  28.940 0.1000000015
28729  38.423  -61.738  29.516 0.1000000015
28730  37.557  -61.608  29.603 0.1000000015
27536  36.511  -62.423  30.344 0.1000000015
29886  40.266  -60.452  28.508 0.1000000015
28751  39.803  -61.181  28.865 0.1000000015
28728  39.295  -61.809  29.387 0.1000000015
27559  38.757  -62.387  30.007 0.1000000015
160430  36.457  -63.177  30.507 0.1000000015
37616  34.861  -53.181  32.234 0.1000000015
162779  34.934  -53.889  31.641 0.1000000015
36549  34.491  -54.533  30.444 0.1000000015
35479  33.817  -55.802  30.622 0.1000000015
34447  33.679  -56.789  29.576 0.1000000015
32243  34.304  -58.652  29.181 0.1000000015
144850  38.092  -54.648  27.463 0.1000000015
164003  37.690  -55.870  27.341 0.1000000015
33382  36.812  -56.888  27.314 0.1000000015
33383  36.016  -57.111  27.470 0.1000000015
32261  34.763  -58.182  28.574 0.1000000015
35516  39.777  -55.217  27.714 0.1000000015
36586  38.987  -54.706  27.573 0.1000000015
150041  38.585  -57.033  27.359 0.1000000015
149293  37.645  -56.578  27.300 0.1000000015
32277  36.278  -58.568  27.763 0.1000000015
172663  36.099  -59.141  28.133 0.1000000015
143670  40.489  -55.649  27.889 0.1000000015
33379  40.163  -57.566  27.808 0.1000000015
154249  39.591  -56.916  27.597 0.1000000015
33381  37.588  -57.420  27.329 0.1000000015
32276  37.556  -58.274  27.484 0.1000000015
31106  36.737  -59.223  27.912 0.1000000015
29890  36.673  -60.451  28.856 0.1000000015
35485  34.254  -55.372  29.317 0.1000000015
36568  35.236  -54.353  28.340 0.1000000015
34464  34.530  -56.428  28.436 0.1000000015
35495  35.050  -55.237  28.128 0.1000000015
33368  34.700  -57.265  28.379 0.1000000015
149304  39.256  -53.807  27.658 0.1000000015
36588  36.564  -54.576  27.588 0.1000000015
35520  35.567  -55.733  27.666 0.1000000015
33384  35.348  -57.219  27.834 0.1000000015
36585  39.880  -54.415  27.722 0.1000000015
34483  36.970  -56.060  27.326 0.1000000015
16505  37.769  -73.427  25.346 0.4000000060
20300  39.776  -69.282  25.275 0.5000000000
17453  37.144  -73.026  25.181 0.4000000060
162666  34.982  -71.055  25.815 0.4000000060
20246  36.075  -70.011  32.106 0.1000000015
18391  36.595  -71.496  28.284 0.2000000030
19404  34.235  -69.975  25.969 0.4000000060
19411  34.562  -69.552  25.500 0.4000000060
150620  34.522  -67.708  36.740 0.1000000015
21246  32.275  -68.069  28.438 0.3000000119
25362  31.542  -64.634  29.655 0.2000000030
20274  33.325  -69.256  28.875 0.2000000030
21245  32.817  -68.757  28.202 0.2000000030
20281  33.835  -69.928  27.669 0.2000000030
22261  32.260  -67.283  27.765 0.3000000119
20290  33.457  -69.419  27.080 0.3000000119
169589  32.615  -66.135  27.499 0.2000000030
23264  34.288  -66.709  26.699 0.3000000119
22331  36.430  -67.965  22.764 0.5000000000
23127  34.278  -66.689  36.556 0.1000000015
155323  34.381  -65.841  36.507 0.1000000015
24204  33.723  -64.632  35.676 0.1000000015
22174  33.406  -67.187  34.490 0.1000000015
23150  32.673  -66.332  33.602 0.1000000015
154292  33.024  -66.430  34.303 0.1000000015
23168  31.988  -66.412  31.981 0.1000000015
22201  32.411  -67.489  31.096 0.1000000015
22214  31.828  -67.143  30.382 0.1000000015
24252  31.402  -65.228  31.462 0.1000000015
25341  31.341  -64.758  30.664 0.2000000030
23250  33.449  -66.347  26.948 0.3000000119
23248  36.033  -66.497  27.508 0.4000000060
24379  35.524  -65.827  25.050 0.5000000000
24378  36.476  -65.928  25.344 0.5000000000
146585  34.876  -65.048  25.303 0.5000000000
26510  38.368  -63.077  26.903 0.5000000000
27479  34.140  -62.274  36.064 0.1000000015
28658  33.444  -61.936  35.689 0.1000000015
26382  33.658  -63.614  35.627 0.1000000015
165701  32.441  -62.814  34.596 0.1000000015
25292  32.269  -65.036  33.750 0.1000000015
153225  32.088  -64.093  33.806 0.1000000015
26398  31.913  -63.127  33.856 0.1000000015
25304  31.398  -64.030  32.312 0.1000000015
27565  31.873  -62.795  30.132 0.2000000030
24268  44.352  -66.418  30.827 0.2000000030
157005  45.292  -66.209  30.628 0.2000000030
22213  43.959  -67.591  30.309 0.2000000030
23198  42.760  -66.879  30.954 0.2000000030
23177  41.971  -66.468  31.259 0.2000000030
25336  40.756  -64.761  31.300 0.1000000015
23227  43.291  -67.403  29.690 0.2000000030
23216  41.660  -66.832  30.422 0.3000000119
24288  37.818  -66.012  29.661 0.4000000060
165777  42.040  -64.992  27.755 0.5000000000
24325  42.233  -65.767  28.504 0.4000000060
23243  43.461  -67.062  28.586 0.2000000030
25376  40.851  -65.321  28.931 0.4000000060
24307  39.736  -65.871  29.248 0.5000000000
23229  39.387  -66.271  29.724 0.5000000000
23232  37.458  -66.511  28.377 0.5000000000
24309  37.028  -65.966  29.008 0.3000000119
25415  41.649  -64.193  26.425 0.5000000000
149219  41.517  -64.399  27.502 0.5000000000
25396  39.608  -64.039  27.974 0.5000000000
32191  34.754  -58.469  35.392 0.1000000015
30997  34.290  -59.299  35.886 0.1000000015
29799  33.297  -61.097  35.698 0.1000000015
28673  31.903  -61.742  33.999 0.1000000015
31009  32.470  -59.567  34.292 0.1000000015
155524  31.853  -60.926  33.828 0.1000000015
26408  31.349  -63.180  32.390 0.1000000015
28681  31.524  -61.307  32.401 0.2000000030
28688  31.743  -61.070  31.632 0.2000000030
26456  42.667  -63.513  29.880 0.1000000015
32203  36.365  -57.873  34.218 0.1000000015
33306  37.135  -56.680  32.912 0.1000000015
32206  32.683  -58.758  34.129 0.1000000015
34403  34.715  -56.220  32.816 0.1000000015
31017  31.847  -60.067  32.809 0.1000000015
31034  32.330  -59.533  31.563 0.2000000030
29843  32.521  -60.514  30.820 0.2000000030
168081  33.890  -60.667  30.156 0.2000000030
28724  43.616  -61.291  29.313 0.1000000015
28725  42.600  -61.195  29.049 0.1000000015
160925  42.901  -62.009  29.237 0.1000000015
27555  42.362  -62.682  29.518 0.1000000015
25358  36.368  -64.625  29.850 0.2000000030
27558  39.644  -62.487  29.854 0.1000000015
25340  37.146  -64.583  30.634 0.1000000015
148354  36.574  -56.258  32.736 0.1000000015
35445  36.915  -55.452  33.903 0.1000000015
36510  36.465  -54.969  33.626 0.1000000015
36512  35.123  -53.912  34.572 0.1000000015
37593  35.303  -53.784  33.785 0.1000000015
36526  36.312  -54.825  33.012 0.1000000015
34414  36.266  -55.805  32.557 0.1000000015
36527  35.617  -54.206  33.077 0.1000000015
36535  35.293  -54.611  31.906 0.1000000015
34404  33.756  -56.500  32.820 0.1000000015
34416  34.331  -55.911  32.174 0.1000000015
33320  32.613  -57.736  32.105 0.1000000015
34417  33.488  -56.414  31.966 0.1000000015
148134  32.211  -59.150  32.170 0.1000000015
33330  32.761  -57.728  31.214 0.1000000015
152851  33.325  -58.167  30.134 0.1000000015
145850  35.231  -61.415  30.023 0.2000000030
29865  43.173  -60.377  29.113 0.1000000015
28727  40.195  -61.857  29.275 0.1000000015
27535  37.273  -62.884  30.640 0.1000000015
37609  35.014  -53.282  33.201 0.1000000015
36542  34.745  -54.544  31.226 0.1000000015
35472  33.977  -55.767  31.407 0.1000000015
34429  33.434  -56.421  31.154 0.1000000015
33329  33.149  -57.054  30.861 0.1000000015
165894  33.362  -57.101  30.232 0.1000000015
32244  33.714  -58.350  29.646 0.1000000015
31062  33.856  -59.260  29.743 0.1000000015
31082  35.627  -59.451  28.595 0.1000000015
33380  39.285  -57.767  27.541 0.1000000015
33366  40.939  -57.436  28.134 0.1000000015
32259  41.288  -58.117  28.303 0.1000000015
151699  40.774  -58.852  28.175 0.1000000015
167416  38.207  -58.664  27.583 0.1000000015
158170  38.361  -57.950  27.422 0.1000000015
31079  38.061  -59.917  28.149 0.1000000015
29888  38.506  -60.563  28.565 0.1000000015
159023  37.571  -61.115  29.172 0.1000000015
27561  37.178  -62.171  30.156 0.1000000015
38657  34.679  -52.542  31.981 0.1000000015
148012  34.648  -53.837  30.883 0.1000000015
35478  34.171  -55.211  30.101 0.1000000015
35486  33.823  -55.917  29.837 0.1000000015
34446  34.094  -56.141  29.074 0.1000000015
153145  34.163  -56.846  28.871 0.1000000015
145414  39.060  -55.630  27.518 0.1000000015
149351  38.401  -53.977  27.566 0.1000000015
34484  36.175  -56.304  27.431 0.1000000015
153757  36.685  -57.826  27.459 0.1000000015
35519  36.352  -55.463  27.491 0.1000000015
32260  35.517  -58.595  28.188 0.1000000015
162043  39.774  -56.064  27.700 0.1000000015
37656  34.783  -53.848  29.132 0.1000000015
36569  34.639  -54.816  28.797 0.1000000015
34486  34.965  -56.688  28.003 0.1000000015
37674  35.979  -54.028  27.914 0.1000000015
38694  36.236  -52.593  28.437 0.1000000015
172523  38.666  -52.604  27.684 0.1000000015
167370  39.321  -52.993  27.598 0.1000000015
37673  37.231  -53.317  27.737 0.1000000015
151056  44.452  -74.005  27.207 0.1000000015
16498  44.699  -74.179  26.359 0.1000000015
15596  43.422  -74.263  26.034 0.1000000015
15597  42.404  -74.250  26.198 0.1000000015
15608  41.578  -74.427  25.459 0.1000000015
16486  42.746  -73.487  27.721 0.1000000015
145492  41.159  -73.466  27.264 0.1000000015
162207  44.826  -74.173  26.911 0.2000000030
16488  40.162  -73.261  27.371 0.1000000015
16516  45.123  -74.163  25.333 0.2000000030
148025  44.613  -73.988  24.974 0.1000000015
16536  45.308  -74.133  24.616 0.2000000030
15606  43.702  -74.200  25.181 0.1000000015
15599  40.542  -74.297  25.715 0.1000000015
14694  45.408  -74.738  24.582 0.2000000030
16537  45.139  -73.929  24.590 0.2000000030
15607  42.629  -74.377  25.286 0.2000000030
164328  43.915  -73.872  24.462 0.2000000030
15622  42.929  -74.154  24.405 0.2000000030
157150  40.893  -74.498  24.830 0.3000000119
15609  40.062  -74.451  24.749 0.3000000119
15623  41.727  -74.358  24.386 0.3000000119
15624  40.671  -74.363  24.104 0.3000000119
16556  45.132  -73.545  23.477 0.2000000030
16539  43.429  -73.638  23.746 0.2000000030
15662  45.467  -74.306  22.654 0.2000000030
15641  42.310  -73.896  23.752 0.2000000030
158602  45.509  -73.689  22.487 0.2000000030
13860  41.782  -76.202  21.065 0.1000000015
14720  45.234  -74.778  23.163 0.2000000030
16555  45.408  -73.863  23.812 0.2000000030
15640  45.533  -74.025  23.323 0.2000000030
16559  41.921  -73.425  23.520 0.3000000119
16560  40.617  -73.170  23.584 0.4000000060
14739  43.597  -75.476  21.565 0.1000000015
160598  44.450  -75.310  22.890 0.1000000015
17487  44.219  -72.663  22.236 0.2000000030
17475  43.393  -72.545  22.710 0.2000000030
13859  42.565  -75.810  21.358 0.1000000015
155843  41.552  -72.786  23.515 0.4000000060
14738  44.181  -75.237  21.912 0.2000000030
16570  45.027  -73.112  22.594 0.2000000030
163265  45.445  -74.237  21.879 0.2000000030
13870  42.539  -76.474  20.411 0.1000000015
12945  43.706  -76.670  19.458 0.2000000030
14740  43.221  -75.773  20.806 0.1000000015
13869  43.761  -75.933  20.083 0.1000000015
16576  45.552  -73.414  21.575 0.2000000030
147483  44.949  -72.710  22.009 0.2000000030
17492  44.359  -72.270  21.562 0.2000000030
17488  43.459  -71.913  22.057 0.4000000060
14754  43.946  -75.415  20.929 0.1000000015
18450  43.733  -71.716  20.921 0.4000000060
143191  41.900  -71.561  23.769 0.4000000060
15671  45.449  -74.133  20.890 0.3000000119
16578  45.569  -73.293  20.460 0.3000000119
14753  44.989  -74.730  20.192 0.2000000030
15683  45.033  -74.678  19.263 0.4000000060
18444  42.737  -71.336  22.459 0.4000000060
143635  41.969  -70.849  23.961 0.4000000060
17495  44.922  -72.203  20.272 0.3000000119
16591  45.065  -72.921  18.125 0.4000000060
16582  45.448  -73.204  19.412 0.3000000119
26434  47.140  -63.835  30.485 0.1000000015
143481  45.523  -64.424  30.249 0.1000000015
18440  42.329  -71.251  23.292 0.4000000060
153871  43.509  -71.561  19.781 0.4000000060
18452  42.093  -71.093  21.418 0.5000000000
18475  44.052  -72.077  18.692 0.4000000060
148075  44.866  -72.312  19.428 0.3000000119
18460  44.422  -72.079  19.399 0.4000000060
18476  43.460  -71.716  18.894 0.4000000060
167840  46.325  -64.368  30.357 0.1000000015
145015  47.766  -65.406  30.501 0.1000000015
145014  45.970  -65.285  30.424 0.1000000015
19433  41.615  -70.644  22.230 0.4000000060
19441  41.258  -70.753  21.179 0.5000000000
172209  42.006  -71.190  20.184 0.5000000000
19442  40.762  -70.410  21.559 0.5000000000
24267  46.607  -66.541  30.433 0.1000000015
22211  45.428  -67.388  30.291 0.1000000015
21231  47.233  -68.264  29.000 0.1000000015
22210  46.932  -67.567  29.879 0.1000000015
22243  45.122  -68.044  29.180 0.1000000015
16484  44.761  -73.919  27.840 0.1000000015
16500  43.093  -73.923  26.877 0.1000000015
16502  40.617  -73.778  26.638 0.1000000015
16501  42.117  -73.716  27.088 0.1000000015
160371  43.673  -73.756  27.477 0.1000000015
16487  41.817  -73.198  27.945 0.1000000015
150522  39.455  -72.761  27.714 0.1000000015
18441  41.401  -70.912  24.320 0.4000000060
22212  44.573  -67.533  30.338 0.1000000015
14678  45.289  -75.096  26.894 0.1000000015
17476  42.491  -72.345  23.208 0.3000000119
167073  45.433  -72.975  21.711 0.2000000030
18439  42.896  -71.748  22.780 0.4000000060
17496  44.566  -72.069  20.801 0.3000000119
18462  42.792  -71.354  20.526 0.4000000060
167752  46.789  -65.714  30.475 0.1000000015
22230  45.387  -67.861  29.789 0.1000000015
16475  41.557  -72.666  28.760 0.1000000015
9717  29.414  -80.890  22.719 0.1000000015
9004  29.328  -82.726  23.372 0.1000000015
7674  31.378  -84.538  25.558 0.1000000015
9703  29.144  -81.810  22.956 0.1000000015
162745  31.258  -83.069  24.513 0.1000000015
10475  28.826  -80.236  22.544 0.1000000015
10476  27.915  -80.296  22.503 0.1000000015
10477  26.920  -80.359  22.498 0.1000000015
9019  28.077  -81.823  22.712 0.1000000015
166005  27.652  -78.911  33.126 0.1000000015
13816  24.787  -76.816  25.635 0.1000000015
12925  24.427  -77.717  23.459 0.1000000015
10457  31.009  -80.927  23.304 0.1000000015
12937  24.909  -77.993  22.831 0.1000000015
9702  30.108  -81.388  23.094 0.1000000015
157934  26.111  -78.922  22.463 0.1000000015
9701  31.658  -81.612  23.776 0.1000000015
10478  25.954  -80.072  22.468 0.1000000015
8326  32.515  -83.547  25.653 0.1000000015
11106  27.113  -79.874  35.376 0.1000000015
11156  27.523  -78.602  32.371 0.1000000015
11892  28.379  -78.477  31.677 0.1000000015
9603  27.424  -81.385  37.667 0.1000000015
10351  27.622  -80.419  36.093 0.1000000015
11121  27.715  -79.569  34.460 0.1000000015
11137  28.232  -79.321  33.601 0.1000000015
11904  29.252  -78.346  30.750 0.1000000015
12854  27.256  -77.518  27.320 0.1000000015
13801  26.051  -76.254  26.563 0.1000000015
9716  30.201  -80.555  22.841 0.1000000015
11257  29.284  -79.453  22.543 0.1000000015
159175  28.328  -79.554  22.481 0.1000000015
153987  31.512  -80.299  23.362 0.1000000015
8992  32.801  -82.854  25.138 0.1000000015
8310  33.000  -84.060  26.311 0.1000000015
11136  29.391  -79.549  33.367 0.1000000015
11154  29.824  -79.234  32.718 0.1000000015
9586  28.555  -81.682  37.492 0.1000000015
9602  28.450  -81.048  36.654 0.1000000015
11105  28.312  -80.053  35.064 0.1000000015
10360  29.486  -80.487  34.639 0.1000000015
11135  30.538  -79.768  33.197 0.1000000015
164734  30.551  -79.155  32.489 0.1000000015
11902  31.069  -78.201  31.261 0.1000000015
12828  30.339  -77.382  29.845 0.1000000015
12842  29.497  -77.701  28.572 0.1000000015
13751  30.027  -76.826  29.556 0.1000000015
12843  29.130  -77.188  28.322 0.1000000015
13769  28.048  -76.178  27.970 0.1000000015
13785  26.813  -76.194  27.199 0.1000000015
14682  26.474  -75.471  26.596 0.1000000015
14691  25.727  -75.735  25.465 0.1000000015
13852  27.367  -76.369  22.629 0.1000000015
11238  30.864  -79.985  22.997 0.1000000015
12036  29.962  -78.035  22.632 0.1000000015
156640  28.629  -78.818  22.486 0.1000000015
159110  27.672  -76.927  22.435 0.1000000015
12934  27.446  -77.610  22.416 0.1000000015
9700  32.522  -81.474  23.988 0.1000000015
9688  32.237  -82.243  24.368 0.1000000015
11117  31.467  -79.880  33.886 0.1000000015
170728  28.640  -82.715  38.936 0.1000000015
158246  29.354  -81.643  36.670 0.1000000015
10350  28.987  -80.651  35.583 0.1000000015
9611  29.681  -81.390  35.869 0.1000000015
10368  30.867  -80.435  33.880 0.1000000015
11118  31.224  -80.380  34.083 0.1000000015
165985  31.326  -78.761  32.435 0.1000000015
13726  31.325  -77.463  31.383 0.1000000015
148751  30.489  -76.319  30.854 0.1000000015
14640  29.200  -75.152  29.722 0.1000000015
8882  29.390  -83.096  38.648 0.1000000015
8892  29.852  -82.756  37.760 0.1000000015
9610  30.569  -81.432  35.479 0.1000000015
171187  30.770  -81.164  34.852 0.1000000015
13752  29.380  -76.116  29.290 0.1000000015
14641  28.717  -75.307  28.997 0.1000000015
14659  27.623  -75.371  27.819 0.1000000015
16510  27.382  -74.010  26.744 0.1000000015
14690  26.222  -75.277  25.858 0.1000000015
15615  27.243  -74.207  25.359 0.1000000015
15616  26.644  -74.722  25.564 0.1000000015
15648  27.105  -74.736  24.145 0.1000000015
15631  26.810  -74.668  24.785 0.1000000015
14709  28.932  -75.345  23.231 0.1000000015
14711  27.196  -75.234  23.496 0.1000000015
14712  25.821  -75.853  23.755 0.1000000015
12923  30.590  -77.548  22.963 0.1000000015
12932  29.329  -77.458  22.556 0.1000000015
13850  29.014  -76.035  22.781 0.1000000015
11237  31.666  -79.597  23.383 0.1000000015
159553  32.085  -80.203  23.592 0.1000000015
9686  34.049  -82.228  24.704 0.1000000015
9687  33.105  -82.187  24.566 0.1000000015
9698  34.392  -81.491  24.114 0.1000000015
9699  33.411  -81.430  24.131 0.1000000015
11133  31.437  -79.262  33.067 0.1000000015
8192  29.480  -83.585  39.355 0.1000000015
8199  30.361  -83.561  39.050 0.1000000015
8881  30.443  -82.929  38.227 0.1000000015
8891  30.691  -82.314  37.434 0.1000000015
9608  31.243  -81.213  35.567 0.1000000015
10349  31.308  -80.955  34.941 0.1000000015
10358  31.354  -80.576  34.533 0.1000000015
12791  31.627  -77.836  32.399 0.1000000015
13713  31.004  -76.623  31.539 0.1000000015
14608  29.928  -75.271  31.022 0.1000000015
8200  29.984  -83.527  38.732 0.1000000015
8901  30.461  -82.232  37.010 0.1000000015
15548  29.465  -74.224  30.839 0.1000000015
15566  28.714  -74.282  29.364 0.1000000015
15584  27.803  -74.718  28.051 0.1000000015
16469  28.562  -73.457  29.002 0.1000000015
16494  27.754  -73.726  27.394 0.1000000015
16480  28.201  -73.373  28.119 0.1000000015
167002  27.824  -73.471  26.757 0.1000000015
16543  29.211  -73.725  24.777 0.1000000015
16544  28.606  -73.582  25.065 0.1000000015
12922  31.322  -77.824  23.348 0.1000000015
13825  31.734  -76.393  24.103 0.1000000015
13837  31.055  -76.875  23.435 0.1000000015
14708  30.391  -75.665  23.589 0.1000000015
15628  29.338  -74.301  24.211 0.1000000015
15646  28.707  -74.704  23.751 0.1000000015
149173  32.311  -77.012  24.291 0.1000000015
13839  29.736  -75.693  23.253 0.1000000015
12921  32.083  -78.219  23.732 0.1000000015
12905  32.505  -77.807  24.289 0.1000000015
12016  32.246  -79.069  23.727 0.1000000015
10455  32.768  -80.591  23.829 0.1000000015
10452  35.577  -80.591  23.356 0.1000000015
7498  31.039  -84.473  41.886 0.1000000015
7499  30.146  -84.353  41.474 0.1000000015
8179  29.574  -84.132  40.600 0.1000000015
172138  31.159  -83.235  39.422 0.1000000015
144104  30.878  -82.389  37.864 0.1000000015
11879  31.599  -78.886  33.450 0.1000000015
7517  30.516  -84.257  40.092 0.1000000015
8880  30.878  -83.061  38.824 0.1000000015
163319  30.962  -82.064  37.063 0.1000000015
150790  31.441  -80.809  35.583 0.1000000015
11853  31.547  -79.025  34.876 0.1000000015
160021  31.587  -78.029  33.828 0.1000000015
13699  31.503  -77.011  32.908 0.1000000015
14603  30.598  -75.632  32.073 0.1000000015
143484  31.436  -77.495  34.623 0.1000000015
14587  30.725  -75.214  32.964 0.1000000015
16428  29.643  -73.413  31.278 0.1000000015
155798  28.857  -73.515  29.691 0.1000000015
16468  28.917  -72.857  29.555 0.1000000015
16450  29.210  -73.235  30.401 0.1000000015
17400  29.273  -72.315  29.267 0.1000000015
17429  29.469  -72.393  27.498 0.1000000015
17456  28.981  -72.874  26.112 0.1000000015
146240  29.885  -73.465  25.144 0.1000000015
16524  29.134  -73.256  25.403 0.1000000015
14698  31.397  -75.512  24.310 0.1000000015
15614  30.662  -73.921  24.880 0.1000000015
13824  32.406  -76.431  24.652 0.1000000015
14697  31.998  -75.786  24.587 0.1000000015
12886  32.803  -77.263  24.760 0.1000000015
11997  33.235  -79.028  24.712 0.1000000015
12015  32.876  -79.379  24.151 0.1000000015
11234  34.043  -79.903  23.740 0.1000000015
10453  34.649  -80.614  23.623 0.1000000015
147521  32.029  -79.494  38.419 0.1000000015
11802  31.879  -78.697  37.807 0.1000000015
8161  32.774  -83.563  42.375 0.1000000015
8163  31.485  -84.128  41.043 0.1000000015
8851  31.557  -83.181  40.091 0.1000000015
8867  31.972  -82.551  40.259 0.1000000015
9567  31.215  -81.884  38.081 0.1000000015
11058  31.506  -80.250  37.806 0.1000000015
12737  31.568  -78.033  36.449 0.1000000015
12736  31.872  -77.346  36.958 0.1000000015
155254  30.855  -83.674  39.545 0.1000000015
10321  31.314  -81.179  37.423 0.1000000015
11093  31.506  -79.935  35.895 0.1000000015
13673  31.449  -76.978  35.421 0.1000000015
153141  31.338  -75.342  34.634 0.1000000015
16396  30.878  -73.535  33.347 0.1000000015
143516  31.204  -76.218  33.882 0.1000000015
14586  31.034  -75.270  33.816 0.1000000015
17374  29.706  -72.550  30.937 0.1000000015
18379  29.740  -71.942  29.681 0.1000000015
17410  30.137  -72.080  28.070 0.1000000015
17445  29.649  -72.605  26.617 0.1000000015
16522  31.373  -73.673  25.517 0.1000000015
17444  30.493  -72.733  26.287 0.1000000015
15612  32.628  -74.969  25.469 0.1000000015
14689  31.902  -74.994  24.877 0.1000000015
15613  31.426  -74.283  25.035 0.1000000015
14687  33.070  -75.816  25.619 0.1000000015
13813  33.467  -76.814  25.784 0.1000000015
12904  33.066  -78.357  24.987 0.1000000015
10275  33.768  -81.217  40.563 0.1000000015
8832  33.521  -82.742  41.822 0.1000000015
9536  33.350  -81.987  40.937 0.1000000015
10291  33.234  -80.480  40.013 0.1000000015
10304  32.492  -80.038  39.278 0.1000000015
11801  32.541  -78.464  38.452 0.1000000015
8143  32.888  -83.634  43.496 0.1000000015
8813  33.611  -82.984  42.733 0.1000000015
8850  32.499  -82.690  40.816 0.1000000015
9537  32.547  -82.175  40.552 0.1000000015
10292  32.257  -81.075  39.646 0.1000000015
10305  31.651  -80.793  38.631 0.1000000015
11820  31.858  -78.016  37.308 0.1000000015
12721  32.508  -77.208  37.665 0.1000000015
170737  31.876  -75.714  36.004 0.1000000015
155797  31.627  -76.223  35.770 0.1000000015
16395  31.339  -73.599  34.035 0.1000000015
17351  30.429  -72.770  32.194 0.1000000015
17389  30.433  -72.125  31.457 0.1000000015
18378  30.388  -71.751  29.560 0.1000000015
18393  30.746  -71.876  28.712 0.1000000015
17428  30.460  -72.361  27.142 0.1000000015
17442  31.829  -72.883  26.778 0.1000000015
15611  33.284  -75.052  26.006 0.1000000015
16521  32.061  -74.245  25.480 0.1000000015
12864  34.026  -78.449  26.991 0.1000000015
11969  34.273  -79.027  26.962 0.1000000015
157225  34.245  -81.602  41.009 0.1000000015
11785  33.662  -78.851  39.351 0.1000000015
9524  33.897  -82.166  41.419 0.1000000015
11039  33.236  -79.578  39.543 0.1000000015
13637  33.124  -76.326  37.547 0.1000000015
14525  33.596  -75.710  37.181 0.1000000015
14555  32.323  -75.284  36.196 0.1000000015
15451  32.307  -74.616  35.743 0.1000000015
17312  31.968  -73.019  34.220 0.1000000015
17328  31.453  -72.894  33.542 0.1000000015
165622  31.693  -71.673  30.895 0.1000000015
18368  30.950  -71.670  30.811 0.1000000015
144254  32.726  -72.358  28.867 0.1000000015
18377  31.295  -71.784  29.439 0.1000000015
16492  32.634  -73.057  27.274 0.1000000015
17407  32.661  -72.603  28.117 0.1000000015
15590  34.197  -74.265  27.447 0.1000000015
166132  32.351  -73.269  26.705 0.1000000015
15600  34.256  -75.136  26.933 0.1000000015
15601  33.534  -74.415  26.671 0.1000000015
15602  32.752  -74.281  26.057 0.1000000015
13799  34.276  -77.237  27.172 0.1000000015
143296  34.930  -79.234  27.121 0.1000000015
12882  37.158  -77.893  25.430 0.1000000015
9550  34.710  -80.997  40.379 0.1000000015
11784  34.326  -78.865  39.351 0.1000000015
12700  33.782  -77.468  38.629 0.1000000015
13617  34.042  -76.252  37.807 0.1000000015
158444  34.963  -81.116  40.670 0.1000000015
11800  33.357  -78.211  38.881 0.1000000015
14540  33.124  -75.217  36.614 0.1000000015
17311  32.793  -72.733  34.172 0.1000000015
17327  32.201  -72.475  33.567 0.1000000015
17349  32.531  -72.076  32.766 0.1000000015
18355  32.925  -71.803  31.092 0.1000000015
15582  34.879  -74.232  28.110 0.1000000015
16479  33.414  -72.737  28.593 0.1000000015
16491  33.449  -73.624  27.350 0.1000000015
13782  34.721  -77.194  27.712 0.1000000015
12850  34.866  -78.319  28.197 0.1000000015
11959  35.056  -79.217  28.277 0.1000000015
167158  38.735  -79.041  26.954 0.1000000015
12899  39.676  -77.365  24.967 0.1000000015
9548  36.285  -80.752  39.696 0.1000000015
10289  35.324  -80.565  39.463 0.1000000015
168020  34.899  -78.997  39.072 0.1000000015
12719  35.320  -77.656  37.270 0.1000000015
13635  35.068  -76.967  37.586 0.1000000015
11037  34.711  -79.763  39.506 0.1000000015
11799  34.658  -78.224  38.850 0.1000000015
14538  34.483  -75.470  36.632 0.1000000015
15430  33.571  -74.594  36.168 0.1000000015
16357  33.116  -73.625  35.289 0.1000000015
163024  33.603  -72.212  32.430 0.1000000015
163511  33.957  -72.459  29.926 0.1000000015
154385  33.292  -72.355  29.488 0.1000000015
13750  41.801  -76.572  29.346 0.1000000015
12837  40.133  -77.792  28.813 0.1000000015
12838  39.089  -77.784  28.542 0.1000000015
159856  37.624  -76.547  28.431 0.1000000015
14656  36.304  -75.448  28.323 0.1000000015
16478  34.715  -73.481  28.720 0.1000000015
16490  34.047  -73.435  28.184 0.1000000015
160482  41.044  -77.737  29.200 0.1000000015
13764  38.031  -77.660  28.449 0.1000000015
12827  41.840  -77.692  29.336 0.1000000015
12835  41.937  -78.110  29.097 0.1000000015
11942  40.448  -78.495  28.661 0.1000000015
11944  38.414  -78.852  28.573 0.1000000015
12840  36.451  -78.031  28.441 0.1000000015
14670  35.098  -76.029  27.669 0.1000000015
12834  42.544  -77.707  28.930 0.1000000015
154109  42.684  -77.633  28.219 0.1000000015
11956  40.556  -78.748  28.082 0.1000000015
11946  35.608  -78.722  28.461 0.1000000015
147636  40.331  -78.772  27.284 0.1000000015
11196  36.661  -79.488  28.234 0.1000000015
12878  42.157  -77.329  26.172 0.1000000015
11979  40.105  -78.394  26.414 0.1000000015
12897  41.331  -77.020  24.986 0.1000000015
9564  37.014  -81.286  38.384 0.1000000015
160167  36.396  -81.016  38.809 0.1000000015
9566  36.064  -81.068  38.478 0.1000000015
9583  36.024  -81.227  37.577 0.1000000015
11072  35.643  -80.285  37.501 0.1000000015
11057  35.370  -79.790  38.707 0.1000000015
143386  35.514  -79.417  36.857 0.1000000015
13656  35.292  -76.916  36.595 0.1000000015
13636  34.727  -76.214  37.271 0.1000000015
14537  35.092  -75.996  36.245 0.1000000015
15449  34.244  -74.334  35.596 0.1000000015
16394  33.694  -72.759  33.938 0.1000000015
17325  33.932  -72.541  33.205 0.1000000015
17371  34.552  -72.405  31.728 0.1000000015
16465  35.720  -73.278  29.577 0.1000000015
16467  34.189  -72.847  29.142 0.1000000015
13762  39.600  -76.605  28.544 0.1000000015
14654  38.139  -75.580  28.474 0.1000000015
154155  36.890  -74.752  28.588 0.1000000015
16477  35.467  -73.791  28.813 0.1000000015
13761  40.652  -76.587  28.833 0.1000000015
13779  44.174  -76.373  28.002 0.1000000015
13780  43.408  -77.120  28.097 0.1000000015
10302  37.972  -80.959  38.071 0.1000000015
9598  35.914  -81.217  36.617 0.1000000015
156945  35.546  -79.920  35.561 0.1000000015
11092  35.565  -80.614  36.296 0.1000000015
143301  35.441  -78.452  36.844 0.1000000015
12735  35.418  -78.039  36.219 0.1000000015
158493  35.354  -76.075  35.176 0.1000000015
14554  34.842  -75.163  35.707 0.1000000015
16375  34.201  -73.328  34.368 0.1000000015
17347  35.118  -72.709  32.358 0.1000000015
16393  34.578  -73.041  33.512 0.1000000015
16449  35.907  -72.946  30.345 0.1000000015
16426  36.060  -72.835  31.199 0.1000000015
17386  35.171  -72.637  30.801 0.1000000015
14652  40.030  -75.526  28.701 0.1000000015
15577  39.395  -74.752  28.873 0.1000000015
16464  36.586  -73.350  29.862 0.1000000015
17398  34.644  -72.676  29.965 0.1000000015
157061  42.777  -76.258  29.918 0.1000000015
14639  41.044  -75.412  29.112 0.1000000015
15580  36.240  -74.325  28.651 0.1000000015
13737  43.790  -76.086  30.385 0.1000000015
13749  42.502  -77.098  29.627 0.1000000015
9597  36.466  -81.343  36.217 0.1000000015
10338  35.639  -81.027  35.974 0.1000000015
171108  35.589  -80.812  35.491 0.1000000015
150634  35.513  -78.830  35.151 0.1000000015
12752  35.451  -77.650  35.363 0.1000000015
145427  35.534  -77.104  34.663 0.1000000015
164671  35.389  -75.373  34.570 0.1000000015
15470  35.218  -74.510  34.336 0.1000000015
16374  34.952  -73.781  34.004 0.1000000015
145765  36.346  -73.154  32.014 0.1000000015
17370  35.520  -72.716  31.795 0.1000000015
147702  37.221  -73.324  30.469 0.1000000015
16425  36.748  -73.149  31.490 0.1000000015
16463  37.530  -73.555  29.840 0.1000000015
13747  43.816  -76.468  29.905 0.1000000015
14669  44.900  -75.518  27.864 0.1000000015
9606  36.318  -81.206  35.458 0.1000000015
11115  36.258  -79.922  34.335 0.1000000015
11852  35.716  -79.690  34.673 0.1000000015
11131  36.396  -79.092  34.134 0.1000000015
11866  35.941  -79.291  34.260 0.1000000015
13698  35.858  -77.383  33.796 0.1000000015
164198  35.736  -78.303  34.278 0.1000000015
13686  35.671  -76.459  34.180 0.1000000015
14585  35.991  -75.884  33.589 0.1000000015
15492  35.592  -74.345  33.667 0.1000000015
15509  36.099  -74.132  33.025 0.1000000015
146408  37.346  -73.349  31.239 0.1000000015
16462  38.513  -73.749  29.863 0.1000000015
16447  38.066  -73.542  30.721 0.1000000015
14638  42.056  -75.271  29.729 0.1000000015
15561  39.993  -74.346  29.601 0.1000000015
15575  45.310  -74.641  28.890 0.1000000015
170457  45.210  -74.373  28.239 0.1000000015
11877  36.712  -78.439  33.682 0.1000000015
11878  36.281  -78.673  33.873 0.1000000015
12782  36.176  -77.921  33.582 0.1000000015
166552  36.488  -76.651  33.039 0.1000000015
164681  36.050  -76.789  33.486 0.1000000015
14601  36.757  -75.968  32.813 0.1000000015
15491  36.210  -75.013  33.279 0.1000000015
144592  36.545  -73.770  32.527 0.1000000015
16406  37.320  -73.789  32.019 0.1000000015
16444  44.970  -73.970  31.016 0.1000000015
14622  43.746  -75.605  30.669 0.1000000015
16461  39.466  -73.894  30.212 0.1000000015
16458  45.249  -74.216  29.629 0.1000000015
12780  37.284  -78.013  33.310 0.1000000015
13710  37.949  -77.038  32.746 0.1000000015
12790  37.380  -77.636  32.871 0.1000000015
15506  38.886  -75.278  32.400 0.1000000015
14599  38.458  -76.195  32.677 0.1000000015
13711  37.174  -76.955  32.659 0.1000000015
167759  39.256  -74.570  31.977 0.1000000015
15508  37.088  -74.850  32.568 0.1000000015
15544  44.242  -74.617  31.251 0.1000000015
15545  43.653  -74.791  31.139 0.1000000015
14637  42.982  -75.267  30.470 0.1000000015
15560  41.148  -74.584  29.798 0.1000000015
163737  40.472  -74.138  30.514 0.1000000015
16446  38.931  -73.727  30.638 0.1000000015
16460  44.225  -73.235  29.532 0.1000000015
15559  42.150  -74.690  30.336 0.1000000015
15505  39.813  -74.938  32.439 0.1000000015
15507  37.999  -74.709  32.275 0.1000000015
14600  37.634  -76.209  32.564 0.1000000015
15524  39.925  -74.355  31.721 0.1000000015
15525  38.419  -74.316  31.893 0.1000000015
15521  42.356  -74.063  31.807 0.1000000015
148404  40.735  -74.134  31.442 0.1000000015
16423  38.929  -73.940  31.350 0.1000000015
15547  41.664  -74.252  30.972 0.1000000015
15523  39.752  -73.918  31.041 0.1000000015
12868  24.664  -77.435  26.176 0.1000000015
13802  25.379  -76.345  25.990 0.1000000015
14701  25.698  -75.708  24.605 0.1000000015
13826  25.161  -76.306  24.220 0.1000000015
13841  25.474  -76.664  23.302 0.1000000015
8339  30.027  -83.000  23.763 0.1000000015
9003  30.695  -82.714  23.941 0.1000000015
12038  28.039  -78.246  22.441 0.1000000015
13854  26.253  -76.870  22.691 0.1000000015
11258  27.446  -79.546  22.463 0.1000000015
152802  27.540  -81.078  22.581 0.1000000015
11259  26.579  -79.493  22.466 0.1000000015
167250  27.151  -79.213  33.776 0.1000000015
12907  24.048  -77.522  24.402 0.1000000015
13803  25.027  -76.872  26.113 0.1000000015
151562  25.490  -78.450  22.580 0.1000000015
11890  30.958  -78.690  31.909 0.1000000015
13768  28.822  -76.336  28.509 0.1000000015
172813  27.022  -76.855  27.329 0.1000000015
11256  30.145  -78.974  22.672 0.1000000015
12933  28.360  -77.354  22.437 0.1000000015
11119  30.014  -80.288  33.833 0.1000000015
163386  30.501  -80.800  34.409 0.1000000015
11153  31.112  -79.282  32.759 0.1000000015
12800  31.133  -77.831  31.023 0.1000000015
12813  30.211  -77.905  29.838 0.1000000015
11901  31.466  -78.144  31.792 0.1000000015
148823  30.977  -77.166  30.849 0.1000000015
14658  28.187  -75.402  28.350 0.1000000015
15591  27.435  -74.556  27.451 0.1000000015
14723  28.407  -75.712  22.905 0.1000000015
14725  26.932  -75.875  22.963 0.1000000015
12018  30.748  -78.367  22.936 0.1000000015
159841  30.365  -76.915  23.002 0.1000000015
13712  31.513  -77.269  32.004 0.1000000015
168103  30.444  -75.817  31.437 0.1000000015
14623  29.845  -75.972  30.161 0.1000000015
9600  30.887  -81.611  36.088 0.1000000015
15630  27.542  -74.320  24.614 0.1000000015
16509  28.291  -73.127  26.445 0.1000000015
15647  27.837  -74.656  23.918 0.1000000015
15644  30.128  -75.181  23.695 0.1000000015
11104  31.569  -80.095  34.849 0.1000000015
7510  29.911  -84.333  40.099 0.1000000015
10339  31.261  -81.331  36.326 0.1000000015
10348  31.417  -80.866  35.003 0.1000000015
14602  31.104  -76.327  32.441 0.1000000015
15526  30.214  -75.120  31.692 0.1000000015
17430  28.680  -72.685  27.845 0.1000000015
15626  31.059  -74.732  24.532 0.1000000015
146471  31.138  -82.487  38.626 0.1000000015
12770  31.548  -78.485  34.364 0.1000000015
11837  31.506  -79.027  35.711 0.1000000015
168049  31.119  -76.019  33.210 0.1000000015
12753  31.449  -77.989  35.414 0.1000000015
15493  30.891  -74.380  33.637 0.1000000015
15510  30.289  -74.534  32.314 0.1000000015
16427  30.036  -73.532  32.001 0.1000000015
17390  29.418  -72.380  30.079 0.1000000015
16523  30.601  -73.247  25.590 0.1000000015
168069  33.415  -78.456  25.665 0.1000000015
11996  33.745  -78.921  25.072 0.1000000015
12014  33.501  -79.499  24.161 0.1000000015
11786  32.839  -79.035  39.089 0.1000000015
149539  31.522  -79.059  36.808 0.1000000015
8833  32.757  -83.105  41.408 0.1000000015
9551  32.030  -81.950  40.004 0.1000000015
9552  31.538  -81.815  39.161 0.1000000015
148526  31.340  -76.382  34.851 0.1000000015
15452  31.738  -74.507  35.126 0.1000000015
15472  31.306  -74.435  34.376 0.1000000015
18369  30.117  -71.843  30.431 0.1000000015
17443  31.097  -72.632  26.662 0.1000000015
14681  33.590  -76.000  26.192 0.1000000015
11985  33.874  -79.008  25.871 0.1000000015
10276  32.831  -81.480  40.386 0.1000000015
12701  33.008  -77.637  38.359 0.1000000015
14541  32.079  -76.014  36.422 0.1000000015
16378  31.827  -73.711  34.719 0.1000000015
18357  31.327  -71.799  31.522 0.1000000015
17427  31.276  -72.457  27.188 0.1000000015
17408  31.815  -72.129  28.575 0.1000000015
14680  34.092  -76.122  26.730 0.1000000015
11960  34.432  -79.017  27.813 0.1000000015
11984  34.850  -78.791  26.011 0.1000000015
11038  33.925  -79.645  39.763 0.1000000015
10290  34.269  -80.484  40.163 0.1000000015
14524  34.170  -75.705  37.198 0.1000000015
16377  32.545  -73.308  34.775 0.1000000015
17399  32.325  -71.984  29.564 0.1000000015
168818  32.895  -72.016  29.975 0.1000000015
16506  32.823  -73.664  26.675 0.1000000015
15589  34.797  -75.094  27.464 0.1000000015
153766  36.057  -79.364  27.475 0.1000000015
11983  35.679  -78.822  26.523 0.1000000015
11981  37.896  -78.549  26.423 0.1000000015
12881  38.283  -77.742  25.437 0.1000000015
9549  35.690  -80.706  39.586 0.1000000015
12698  35.048  -77.634  38.192 0.1000000015
17326  33.129  -72.387  33.380 0.1000000015
151398  33.611  -72.055  31.368 0.1000000015
12841  35.740  -77.558  28.323 0.1000000015
12880  39.779  -77.875  25.741 0.1000000015
11214  38.011  -79.372  27.404 0.1000000015
11213  38.837  -79.398  27.653 0.1000000015
145766  40.580  -77.624  25.620 0.1000000015
11798  35.172  -78.648  38.496 0.1000000015
16356  33.870  -73.650  35.125 0.1000000015
13763  38.590  -76.586  28.439 0.1000000015
13765  36.608  -76.703  28.402 0.1000000015
13766  35.910  -76.468  28.215 0.1000000015
14657  35.636  -75.772  27.992 0.1000000015
15581  35.664  -74.726  28.214 0.1000000015
16466  34.992  -73.156  29.361 0.1000000015
11943  39.647  -78.667  28.681 0.1000000015
12839  37.316  -78.491  28.518 0.1000000015
12825  43.140  -77.217  29.459 0.1000000015
11955  41.537  -78.381  27.860 0.1000000015
167905  36.483  -78.992  28.521 0.1000000015
11203  37.973  -79.691  28.038 0.1000000015
11202  38.875  -79.376  28.177 0.1000000015
13760  43.802  -76.781  29.017 0.1000000015
11966  41.045  -78.475  27.363 0.1000000015
11967  40.936  -78.198  26.599 0.1000000015
12879  42.195  -76.893  25.314 0.1000000015
160549  41.515  -77.524  25.953 0.1000000015
17397  35.291  -72.862  29.986 0.1000000015
14653  39.058  -75.591  28.520 0.1000000015
15562  38.539  -74.321  29.101 0.1000000015
15564  36.992  -73.955  29.116 0.1000000015
13759  44.565  -75.911  28.943 0.1000000015
15471  34.571  -73.993  34.756 0.1000000015
16408  35.102  -73.000  32.913 0.1000000015
14621  44.216  -75.859  30.410 0.1000000015
14619  45.028  -75.156  30.063 0.1000000015
16424  38.010  -73.753  31.503 0.1000000015
18477  42.593  -71.373  19.285 0.4000000060
16601  44.788  -73.478  17.845 0.3000000119
17528  43.555  -72.566  17.817 0.3000000119
17512  43.159  -71.936  18.061 0.3000000119
18497  42.855  -71.697  18.476 0.4000000060
18478  41.507  -71.199  19.386 0.4000000060
17529  42.550  -72.495  17.814 0.3000000119
18499  40.812  -71.343  18.680 0.4000000060
7093  35.091  -85.176  16.716 0.1000000015
7092  35.845  -85.134  16.873 0.1000000015
8428  37.970  -84.248  16.524 0.2000000030
158096  39.650  -81.022  16.876 0.3000000119
18502  37.455  -71.409  18.324 0.4000000060
15691  45.090  -74.105  18.466 0.3000000119
12063  40.050  -78.004  17.935 0.4000000060
151306  39.774  -76.017  18.655 0.4000000060
171398  39.737  -82.828  16.116 0.2000000030
10511  39.260  -80.146  17.511 0.3000000119
12961  39.274  -77.544  18.526 0.4000000060
14775  39.045  -74.640  19.066 0.4000000060
17516  37.993  -72.712  18.564 0.4000000060
7079  34.163  -85.038  16.846 0.1000000015
9107  38.456  -83.492  16.486 0.3000000119
13885  38.463  -76.218  19.235 0.4000000060
15695  38.130  -73.358  18.973 0.4000000060
7105  33.632  -85.321  15.405 0.1000000015
19464  36.281  -70.207  19.321 0.5000000000
9108  37.448  -83.361  16.684 0.2000000030
9780  38.336  -81.745  17.125 0.3000000119
11286  39.263  -79.223  17.874 0.3000000119
161148  38.376  -75.252  19.361 0.4000000060
20358  36.357  -69.615  19.844 0.4000000060
21308  35.976  -68.253  21.954 0.4000000060
150543  38.458  -78.060  18.622 0.4000000060
12962  38.466  -77.173  18.948 0.4000000060
165870  37.447  -73.759  19.214 0.4000000060
16583  36.891  -73.220  19.055 0.4000000060
17517  37.233  -72.413  18.575 0.5000000000
7117  33.926  -85.302  15.141 0.2000000030
167991  34.495  -85.106  15.931 0.2000000030
7775  35.927  -84.749  16.443 0.2000000030
9088  37.852  -82.526  16.943 0.2000000030
8429  36.959  -84.312  16.616 0.2000000030
171831  38.622  -79.544  17.987 0.3000000119
161317  37.670  -78.607  18.480 0.3000000119
7118  33.251  -85.742  14.631 0.1000000015
13886  37.578  -75.923  19.475 0.4000000060
10531  38.793  -80.972  17.347 0.3000000119
12963  37.502  -77.665  18.872 0.4000000060
164534  36.960  -74.579  19.483 0.4000000060
18482  36.043  -71.064  19.114 0.5000000000
20359  35.766  -69.934  19.741 0.5000000000
21316  35.542  -68.522  21.283 0.4000000060
12951  36.983  -76.835  19.190 0.4000000060
148194  36.657  -73.930  19.349 0.4000000060
149071  35.852  -71.906  19.135 0.5000000000
19465  35.482  -70.581  19.563 0.5000000000
21326  35.139  -68.916  20.796 0.4000000060
7788  34.478  -84.957  15.343 0.2000000030
8430  36.157  -83.768  16.365 0.2000000030
146232  36.151  -82.703  16.467 0.2000000030
9781  37.343  -81.574  17.281 0.4000000060
10542  36.655  -81.429  17.129 0.2000000030
10513  37.329  -80.020  17.937 0.3000000119
10533  36.807  -80.692  17.458 0.4000000060
11289  37.052  -79.200  18.219 0.3000000119
17503  35.204  -72.653  19.451 0.5000000000
20350  34.682  -69.486  20.527 0.5000000000
22333  34.748  -67.507  22.357 0.4000000060
22320  35.162  -67.269  23.107 0.4000000060
11304  36.411  -79.696  17.697 0.4000000060
12964  36.444  -77.564  18.722 0.4000000060
13887  36.586  -76.076  19.401 0.4000000060
18483  35.078  -71.553  19.518 0.5000000000
8444  34.891  -84.266  15.358 0.2000000030
7808  33.834  -84.865  14.282 0.2000000030
9109  35.668  -83.175  16.054 0.2000000030
23289  34.371  -66.083  24.211 0.4000000060
9798  35.403  -82.181  16.053 0.2000000030
12065  36.791  -78.387  18.464 0.3000000119
13905  36.080  -76.758  19.004 0.4000000060
15685  36.057  -74.520  19.494 0.4000000060
7127  33.396  -86.127  13.865 0.2000000030
154216  34.577  -83.561  14.938 0.2000000030
10543  35.724  -80.849  16.726 0.3000000119
10534  36.032  -80.356  17.170 0.4000000060
23288  35.185  -66.337  24.359 0.4000000060
156421  36.388  -78.900  18.038 0.3000000119
147701  34.617  -73.606  19.708 0.5000000000
19453  34.140  -70.218  20.379 0.5000000000
26511  37.625  -63.263  26.653 0.4000000060
161140  33.626  -85.507  12.781 0.2000000030
8454  34.288  -84.393  14.723 0.2000000030
12965  35.543  -77.362  18.478 0.4000000060
14765  35.400  -75.259  19.429 0.4000000060
20338  33.664  -68.530  21.308 0.5000000000
23313  33.555  -66.757  22.855 0.4000000060
148963  42.613  -65.480  27.401 0.4000000060
6488  34.037  -86.940  12.247 0.2000000030
8462  33.868  -84.098  13.805 0.2000000030
160131  34.748  -82.147  15.425 0.2000000030
9791  34.777  -81.270  15.741 0.2000000030
12083  35.245  -78.457  17.574 0.4000000060
149630  33.895  -73.106  19.935 0.5000000000
18465  33.720  -71.013  20.250 0.5000000000
5874  33.472  -87.655  12.495 0.2000000030
11305  35.595  -79.676  17.162 0.4000000060
12066  35.868  -78.237  18.159 0.3000000119
150836  35.096  -74.468  19.561 0.5000000000
17504  34.224  -72.329  19.889 0.5000000000
22341  34.279  -67.850  21.735 0.5000000000
6487  34.677  -87.315  11.755 0.2000000030
26522  40.461  -63.070  25.633 0.4000000060
24346  42.766  -65.408  26.277 0.2000000030
26512  36.700  -63.249  26.283 0.4000000060
24380  34.063  -65.282  24.750 0.4000000060
7809  33.625  -84.992  13.496 0.2000000030
10544  35.112  -80.630  16.337 0.4000000060
22335  32.904  -67.094  22.298 0.4000000060
24391  33.610  -65.742  24.001 0.4000000060
7828  33.675  -84.746  11.937 0.2000000030
9128  33.799  -82.248  13.983 0.2000000030
9805  34.139  -81.567  14.856 0.2000000030
8469  33.626  -83.851  12.061 0.2000000030
27612  37.197  -62.579  25.991 0.4000000060
25448  34.558  -64.058  25.345 0.4000000060
25449  33.700  -64.347  24.835 0.4000000060
13889  34.837  -75.903  19.117 0.3000000119
18466  32.820  -71.225  20.295 0.5000000000
20339  32.773  -69.074  21.191 0.5000000000
23301  33.207  -66.133  23.325 0.4000000060
151380  34.853  -79.777  16.538 0.4000000060
12977  34.992  -77.823  17.890 0.4000000060
13907  34.337  -76.409  18.574 0.3000000119
14766  34.470  -75.202  19.339 0.4000000060
11306  35.076  -78.984  17.050 0.4000000060
17497  32.683  -71.964  19.972 0.5000000000
9144  33.670  -82.922  12.404 0.2000000030
148969  35.532  -62.886  25.415 0.4000000060
169912  32.253  -67.068  22.047 0.5000000000
21319  32.027  -68.277  21.375 0.5000000000
14776  33.937  -75.754  18.898 0.4000000060
148568  33.103  -73.227  19.758 0.5000000000
20352  32.520  -69.737  20.796 0.5000000000
18486  32.068  -72.026  19.525 0.5000000000
15686  33.144  -74.397  19.346 0.5000000000
17513  42.203  -71.923  18.100 0.4000000060
15694  38.870  -73.738  18.958 0.4000000060
27611  38.111  -62.557  26.256 0.4000000060
26524  35.218  -63.513  25.566 0.4000000060
19455  32.222  -70.535  20.366 0.5000000000
13922  43.363  -76.496  17.138 0.3000000119
14789  43.226  -75.738  17.234 0.3000000119
15704  42.481  -74.228  17.576 0.2000000030
16604  41.958  -73.351  17.751 0.2000000030
12062  43.197  -79.040  18.349 0.2000000030
12974  43.030  -77.785  16.888 0.3000000119
12975  42.187  -77.607  17.023 0.3000000119
150107  41.575  -75.973  17.678 0.3000000119
11308  42.321  -80.018  16.679 0.2000000030
11309  41.880  -80.303  16.367 0.2000000030
12079  41.849  -78.549  16.838 0.2000000030
9106  39.338  -83.290  16.298 0.2000000030
5281  34.106  -88.467  10.405 0.1000000015
5907  34.641  -88.205  9.766 0.1000000015
12124  36.473  -78.814  12.336 0.1000000015
13882  44.100  -76.121  19.374 0.1000000015
14787  44.372  -74.961  17.760 0.2000000030
14788  43.879  -75.227  17.394 0.2000000030
13902  44.156  -76.767  17.966 0.2000000030
150367  43.777  -76.052  17.302 0.2000000030
147486  43.092  -77.263  19.604 0.1000000015
12054  42.805  -78.959  19.200 0.1000000015
12960  43.736  -77.520  18.226 0.2000000030
12048  42.588  -78.161  19.568 0.1000000015
11277  42.234  -79.618  19.390 0.1000000015
147693  33.222  -86.824  13.573 0.1000000015
149798  33.970  -88.072  12.047 0.1000000015
9157  34.433  -82.969  11.393 0.1000000015
9846  34.424  -81.819  11.592 0.1000000015
9828  34.065  -80.944  12.026 0.1000000015
11325  33.663  -79.201  13.003 0.1000000015
156513  35.350  -83.231  11.252 0.1000000015
159683  34.617  -80.939  11.606 0.1000000015
10590  34.444  -80.111  11.872 0.1000000015
12113  33.609  -78.447  13.365 0.1000000015
11347  35.327  -79.833  11.682 0.1000000015
13012  35.029  -77.078  12.963 0.1000000015
14823  33.698  -76.113  13.934 0.1000000015
13956  34.413  -76.344  13.508 0.1000000015
161039  34.229  -75.499  13.953 0.1000000015
13883  44.046  -76.832  18.762 0.2000000030
12053  43.268  -78.125  18.837 0.1000000015
10552  34.454  -80.339  15.848 0.1000000015
143874  33.523  -77.040  17.354 0.3000000119
7827  34.350  -85.026  11.435 0.1000000015
9158  33.881  -83.209  11.748 0.1000000015
152564  33.637  -82.301  13.035 0.1000000015
10565  33.734  -80.548  14.378 0.1000000015
12095  33.250  -78.303  15.674 0.2000000030
12979  32.879  -76.850  16.703 0.3000000119
15706  32.356  -74.407  17.704 0.3000000119
16597  31.922  -73.012  18.103 0.3000000119
5896  35.632  -87.694  10.852 0.1000000015
10575  33.629  -80.705  13.315 0.1000000015
157397  33.376  -78.818  14.434 0.1000000015
12992  33.001  -77.618  16.130 0.2000000030
15715  32.358  -74.267  16.890 0.3000000119
8480  35.713  -84.090  11.424 0.1000000015
13014  33.530  -77.691  13.596 0.1000000015
15725  33.301  -74.757  14.947 0.2000000030
16613  32.487  -73.327  16.605 0.3000000119
14809  34.034  -74.780  14.403 0.1000000015
16615  33.688  -73.124  15.358 0.2000000030
17542  33.095  -71.911  16.225 0.4000000060
147132  35.542  -75.009  13.837 0.1000000015
16624  34.550  -73.317  14.696 0.1000000015
17565  34.413  -72.379  14.977 0.3000000119
14679  45.178  -75.282  26.186 0.1000000015
14695  44.929  -75.405  24.570 0.1000000015
21328  31.650  -68.395  20.926 0.4000000060
18468  31.835  -70.815  20.015 0.4000000060
16596  32.361  -73.952  18.639 0.3000000119
17518  31.983  -72.783  19.011 0.4000000060
17507  31.690  -71.989  19.058 0.4000000060
17532  31.988  -72.274  17.575 0.4000000060
166243  32.088  -69.461  17.776 0.4000000060
17531  32.510  -72.285  16.783 0.4000000060
20385  32.723  -70.320  16.885 0.5000000000
17552  33.703  -72.047  15.608 0.3000000119
18523  33.463  -71.296  16.029 0.5000000000
16641  35.959  -73.916  13.874 0.2000000030
16623  35.306  -73.637  14.270 0.1000000015
163961  33.963  -71.317  15.585 0.4000000060
14820  36.818  -75.463  13.631 0.1000000015
163365  36.596  -74.095  13.705 0.1000000015
17586  35.807  -73.244  14.023 0.2000000030
17564  35.303  -72.646  14.424 0.2000000030
13954  37.973  -76.960  13.541 0.1000000015
14819  37.733  -75.434  13.586 0.1000000015
17585  36.519  -73.291  13.725 0.2000000030
13953  38.905  -76.977  13.471 0.1000000015
14818  38.670  -75.433  13.460 0.1000000015
23314  32.148  -66.518  22.331 0.4000000060
23302  32.413  -65.792  22.965 0.3000000119
23315  31.568  -66.153  21.646 0.4000000060
153233  31.474  -69.020  19.668 0.4000000060
154072  31.596  -69.085  20.476 0.4000000060
20375  31.738  -69.966  18.253 0.4000000060
22356  31.502  -67.583  19.730 0.4000000060
19476  32.230  -70.945  17.339 0.4000000060
169307  32.813  -68.709  17.202 0.4000000060
21348  32.323  -68.689  17.737 0.4000000060
20384  33.290  -69.699  16.523 0.5000000000
20383  33.938  -69.216  16.186 0.4000000060
155401  35.583  -70.941  14.586 0.3000000119
19501  35.119  -70.730  14.937 0.4000000060
20394  34.428  -69.632  15.662 0.4000000060
154241  38.841  -72.651  13.338 0.2000000030
144773  38.094  -72.887  13.350 0.2000000030
18538  35.961  -71.697  14.189 0.2000000030
15735  39.087  -74.693  13.346 0.1000000015
15736  38.113  -74.597  13.497 0.2000000030
11353  39.833  -78.679  10.494 0.1000000015
25485  31.709  -64.609  22.252 0.4000000060
152984  32.329  -64.971  23.391 0.4000000060
24424  31.624  -65.437  20.385 0.4000000060
23334  32.132  -65.906  19.205 0.4000000060
161201  31.607  -66.089  19.920 0.4000000060
23341  32.405  -66.701  18.536 0.4000000060
22370  33.707  -67.352  17.194 0.4000000060
22371  33.085  -67.073  17.761 0.4000000060
21359  34.123  -68.364  16.346 0.3000000119
21370  35.503  -68.443  15.533 0.4000000060
21358  34.866  -67.976  16.014 0.4000000060
19499  37.084  -70.315  14.001 0.3000000119
20407  36.550  -69.710  14.494 0.3000000119
19500  35.618  -70.078  14.784 0.4000000060
146822  39.544  -73.202  13.342 0.2000000030
18559  39.820  -71.664  13.439 0.2000000030
18561  37.540  -71.704  13.541 0.2000000030
19526  36.851  -71.235  13.808 0.2000000030
15734  40.087  -74.695  13.230 0.2000000030
11372  39.221  -78.642  8.158 0.1000000015
170790  39.193  -78.853  8.945 0.1000000015
13045  40.421  -77.717  10.505 0.1000000015
26525  34.786  -63.115  25.176 0.3000000119
168530  32.143  -63.451  22.754 0.4000000060
26553  32.867  -62.935  23.855 0.3000000119
26601  31.790  -63.915  21.091 0.4000000060
26607  32.633  -63.653  19.850 0.4000000060
25514  32.078  -64.134  20.302 0.4000000060
24445  32.664  -65.372  18.962 0.4000000060
24433  32.331  -65.127  19.439 0.4000000060
23348  33.851  -66.602  17.544 0.4000000060
23340  33.388  -66.097  18.169 0.4000000060
23357  34.947  -66.576  16.884 0.4000000060
23347  34.266  -66.873  17.119 0.3000000119
145298  38.259  -67.525  14.769 0.3000000119
166229  37.663  -68.016  15.008 0.3000000119
21368  37.028  -67.495  15.480 0.3000000119
22383  36.273  -67.542  15.765 0.3000000119
163132  35.948  -67.161  16.166 0.3000000119
160074  41.550  -70.928  13.485 0.2000000030
19523  40.610  -70.555  13.571 0.2000000030
20425  39.449  -69.439  13.916 0.3000000119
20405  38.478  -69.226  14.195 0.2000000030
21382  36.988  -68.732  14.781 0.3000000119
21369  36.404  -68.197  15.333 0.3000000119
18558  40.794  -71.467  13.485 0.2000000030
19524  38.865  -70.094  13.832 0.2000000030
16636  41.152  -73.057  13.323 0.2000000030
27643  37.276  -62.219  24.515 0.3000000119
148564  37.756  -62.479  23.782 0.3000000119
27645  35.183  -62.585  24.746 0.3000000119
163124  34.861  -62.302  24.155 0.4000000060
26537  33.251  -63.549  24.432 0.3000000119
28847  32.857  -61.588  21.465 0.3000000119
28826  33.447  -61.327  22.449 0.4000000060
27737  33.300  -62.370  19.607 0.4000000060
28870  33.205  -61.300  20.808 0.4000000060
27730  32.476  -62.523  20.827 0.4000000060
27748  33.743  -62.812  18.935 0.4000000060
26617  33.126  -64.010  19.239 0.4000000060
27759  34.891  -62.882  17.828 0.3000000119
25542  34.005  -65.220  18.190 0.4000000060
25533  33.702  -64.392  18.626 0.4000000060
24529  37.740  -65.367  14.150 0.3000000119
25574  37.327  -65.370  14.906 0.2000000030
25575  36.776  -64.566  15.181 0.2000000030
148041  35.504  -64.305  17.105 0.2000000030
24455  35.313  -65.135  17.295 0.3000000119
25541  34.701  -65.168  17.730 0.3000000119
23393  38.727  -66.740  13.763 0.3000000119
24492  37.405  -66.069  15.384 0.3000000119
24493  36.968  -65.965  15.990 0.2000000030
24475  36.289  -65.868  16.473 0.2000000030
24476  35.560  -65.835  16.920 0.2000000030
20422  41.877  -69.689  13.283 0.2000000030
22419  40.660  -67.334  12.520 0.3000000119
21380  39.525  -68.161  13.869 0.3000000119
163750  38.904  -68.010  14.421 0.3000000119
26534  40.222  -63.053  24.687 0.3000000119
27626  39.764  -62.619  25.490 0.3000000119
27628  37.721  -62.293  25.426 0.3000000119
28892  34.443  -61.386  18.610 0.3000000119
165081  36.404  -62.251  15.389 0.2000000030
28922  35.969  -61.516  16.425 0.2000000030
27758  35.249  -62.360  17.364 0.2000000030
28904  34.941  -61.910  17.943 0.2000000030
163078  37.625  -62.411  14.058 0.2000000030
150452  36.177  -62.943  15.530 0.2000000030
151417  35.778  -63.068  16.262 0.2000000030
27776  35.595  -62.297  16.706 0.2000000030
25430  42.265  -64.776  25.779 0.2000000030
13952  39.803  -76.952  13.272 0.1000000015
156637  39.654  -75.460  13.299 0.1000000015
22418  41.524  -67.679  12.255 0.3000000119
18557  41.734  -71.638  13.458 0.2000000030
17530  41.535  -72.533  17.948 0.3000000119
15705  41.482  -74.231  17.853 0.3000000119
14790  42.173  -75.203  17.553 0.3000000119
171306  40.612  -79.260  17.124 0.2000000030
15605  45.358  -74.477  25.313 0.1000000015
14762  44.576  -75.479  19.234 0.2000000030
16603  42.987  -73.363  17.597 0.2000000030
10564  34.165  -80.758  15.232 0.1000000015
12084  34.424  -78.233  17.155 0.3000000119
26533  41.009  -63.620  24.810 0.3000000119
9806  33.733  -81.317  13.967 0.1000000015
24382  32.749  -64.807  23.948 0.3000000119
11313  34.042  -79.541  15.943 0.3000000119
14792  32.770  -75.740  17.817 0.2000000030
12094  33.656  -78.285  16.424 0.2000000030
9847  33.978  -82.517  11.782 0.1000000015
12973  43.417  -77.749  17.401 0.2000000030
13923  42.575  -76.203  17.245 0.3000000119
12077  43.135  -78.507  17.016 0.1000000015
147397  42.726  -78.562  16.734 0.2000000030
12125  35.475  -78.647  12.270 0.1000000015
13901  44.333  -76.089  18.547 0.2000000030
8481  34.714  -83.968  11.207 0.1000000015
9156  35.170  -82.305  11.227 0.1000000015
150488  33.760  -80.999  12.589 0.1000000015
11316  33.483  -79.003  13.749 0.1000000015
12127  33.901  -78.570  12.794 0.1000000015
13013  34.064  -77.273  13.205 0.1000000015
13942  33.177  -76.472  14.373 0.1000000015
11314  33.503  -79.072  15.238 0.2000000030
13927  32.543  -76.028  17.023 0.3000000119
12995  32.869  -77.551  15.264 0.2000000030
13936  32.467  -76.182  16.211 0.3000000119
160780  32.160  -72.911  17.291 0.4000000060
18504  31.660  -71.407  18.608 0.4000000060
13940  32.564  -76.161  15.446 0.3000000119
15720  32.705  -74.794  15.591 0.3000000119
16616  32.921  -73.437  15.854 0.3000000119
22349  31.504  -67.648  20.580 0.4000000060
21340  31.815  -68.384  18.512 0.4000000060
170120  37.602  -74.196  13.542 0.2000000030
17584  37.341  -73.060  13.501 0.2000000030
24416  31.502  -65.385  21.177 0.4000000060
144098  31.523  -68.297  19.289 0.4000000060
149169  38.969  -71.867  13.401 0.2000000030
26572  31.827  -63.806  22.042 0.4000000060
143811  37.821  -68.718  14.556 0.3000000119
19498  37.970  -70.087  13.895 0.2000000030
151186  39.744  -70.271  13.733 0.2000000030
27687  32.607  -62.219  22.557 0.4000000060
27666  33.411  -62.374  23.698 0.4000000060
27711  32.473  -62.208  21.669 0.4000000060
23377  38.300  -66.794  14.476 0.3000000119
20423  40.884  -69.335  13.475 0.2000000030
147046  39.986  -68.965  13.832 0.2000000030
27664  34.920  -61.918  23.585 0.4000000060
26615  34.296  -63.481  18.371 0.4000000060
26624  34.980  -63.826  17.706 0.2000000030
26681  38.212  -63.866  13.196 0.2000000030
26668  37.441  -63.724  13.907 0.2000000030
26669  36.930  -63.220  14.424 0.2000000030
171678  35.969  -64.440  16.501 0.2000000030
28806  34.357  -61.637  23.284 0.3000000119
144062  35.558  -62.169  24.052 0.2000000030
28823  36.038  -61.474  22.921 0.3000000119
27642  38.555  -62.485  24.288 0.2000000030
27660  38.932  -63.012  23.506 0.2000000030
9788  41.626  -81.285  16.483 0.1000000015
9084  41.217  -82.163  17.425 0.1000000015
9789  41.126  -81.742  16.295 0.1000000015
155809  44.366  -75.396  20.121 0.1000000015
10529  41.190  -80.921  16.320 0.1000000015
8415  39.604  -83.651  17.288 0.1000000015
9778  40.480  -81.552  16.328 0.1000000015
146365  39.933  -82.939  16.172 0.1000000015
24345  43.290  -66.037  26.829 0.1000000015
24360  43.372  -66.062  25.627 0.1000000015
23273  44.635  -67.416  25.381 0.1000000015
24376  43.338  -66.244  24.429 0.1000000015
25447  41.582  -64.360  24.081 0.1000000015
24377  42.712  -65.662  23.952 0.1000000015
26549  40.970  -64.190  23.301 0.1000000015
25464  42.170  -65.085  23.615 0.1000000015
25465  41.570  -64.969  22.745 0.1000000015
26552  38.442  -63.440  22.447 0.1000000015
27684  37.747  -63.004  22.495 0.2000000030
25466  40.705  -64.715  22.175 0.1000000015
25481  40.658  -65.331  21.060 0.2000000030
29970  34.694  -60.611  22.345 0.2000000030
25502  39.371  -64.555  20.754 0.2000000030
27685  37.418  -62.444  22.376 0.2000000030
28822  36.984  -61.678  22.489 0.2000000030
28824  35.008  -61.268  23.028 0.2000000030
25513  39.639  -64.704  20.382 0.2000000030
27709  37.960  -62.962  21.721 0.2000000030
29969  36.382  -60.914  22.524 0.2000000030
30000  33.797  -60.627  21.153 0.2000000030
30023  33.834  -60.713  20.235 0.2000000030
28881  34.008  -60.919  19.358 0.2000000030
30053  35.413  -60.078  18.419 0.1000000015
24415  40.580  -65.350  20.275 0.2000000030
155949  35.255  -60.084  21.912 0.2000000030
31199  35.082  -59.746  21.112 0.2000000030
31224  35.140  -59.571  20.188 0.1000000015
31223  35.847  -58.984  20.230 0.1000000015
30037  35.167  -59.758  19.258 0.1000000015
25446  42.247  -64.880  24.652 0.1000000015
23242  44.387  -67.253  26.788 0.1000000015
23262  43.939  -66.674  26.157 0.1000000015
22271  45.046  -67.753  26.274 0.1000000015
23285  43.920  -67.043  23.715 0.1000000015
24389  43.211  -66.515  23.203 0.1000000015
25483  38.981  -64.077  21.631 0.2000000030
27710  37.710  -62.153  21.940 0.2000000030
23422  41.162  -66.828  12.005 0.2000000030
23392  39.140  -66.600  13.174 0.2000000030
23405  40.479  -66.604  12.263 0.2000000030
22437  42.086  -67.082  11.691 0.2000000030
172260  41.826  -65.737  11.466 0.2000000030
24541  38.814  -65.234  12.912 0.2000000030
23423  40.772  -66.054  11.849 0.2000000030
24539  40.029  -65.969  12.268 0.2000000030
145829  42.281  -66.188  11.413 0.2000000030
146667  38.262  -65.330  13.503 0.2000000030
26697  40.717  -63.959  11.734 0.1000000015
25637  41.410  -64.498  11.470 0.2000000030
26689  40.030  -63.644  12.136 0.2000000030
155312  39.164  -63.917  12.568 0.2000000030
27860  42.755  -63.031  10.832 0.1000000015
146461  41.592  -62.757  11.486 0.1000000015
27842  40.651  -62.896  11.913 0.1000000015
29026  43.966  -61.436  10.061 0.1000000015
29039  45.154  -61.303  9.071 0.1000000015
24400  42.411  -66.422  21.153 0.1000000015
27844  39.092  -62.965  12.779 0.1000000015
29011  42.368  -61.291  11.463 0.1000000015
27843  39.776  -62.910  12.412 0.1000000015
29027  43.439  -61.756  10.455 0.1000000015
29010  43.016  -61.138  10.996 0.1000000015
30221  44.941  -60.794  9.540 0.1000000015
30206  44.402  -60.615  10.156 0.1000000015
30218  47.358  -59.982  8.887 0.1000000015
25500  42.320  -65.445  20.433 0.1000000015
25479  44.550  -66.120  22.211 0.1000000015
25499  43.082  -66.152  20.728 0.1000000015
28964  36.861  -61.949  14.973 0.1000000015
27814  37.926  -62.927  13.542 0.1000000015
27841  40.597  -62.030  12.248 0.1000000015
28997  40.161  -61.639  12.724 0.1000000015
148822  44.032  -60.173  10.890 0.1000000015
31426  46.103  -59.772  9.826 0.1000000015
31413  45.722  -59.559  10.680 0.1000000015
25480  43.868  -65.242  21.978 0.1000000015
26589  39.508  -63.984  20.483 0.1000000015
30150  39.955  -60.596  13.823 0.1000000015
28963  37.599  -61.738  14.493 0.1000000015
31350  42.653  -59.554  13.559 0.1000000015
28983  40.376  -60.888  13.153 0.1000000015
28984  39.641  -61.294  13.348 0.1000000015
28985  38.879  -61.682  13.569 0.1000000015
31349  43.465  -59.456  13.323 0.1000000015
30170  41.649  -60.426  12.560 0.1000000015
31348  44.896  -59.570  13.331 0.1000000015
31378  43.693  -59.505  12.537 0.1000000015
30189  42.750  -60.513  11.649 0.1000000015
30169  42.454  -60.048  12.331 0.1000000015
30168  47.057  -59.965  12.905 0.1000000015
31346  46.334  -59.687  12.872 0.1000000015
31399  44.788  -59.422  11.872 0.1000000015
31397  46.763  -59.502  11.545 0.1000000015
26587  42.444  -64.553  20.688 0.1000000015
26598  41.046  -64.889  19.942 0.1000000015
28939  37.250  -61.242  15.236 0.1000000015
30116  45.228  -60.710  14.392 0.1000000015
30147  44.881  -59.980  14.039 0.1000000015
30145  46.631  -60.274  13.476 0.1000000015
30104  36.987  -60.804  15.917 0.1000000015
26703  42.715  -63.848  10.832 0.1000000015
27859  43.379  -62.669  10.451 0.1000000015
31398  45.468  -59.412  11.510 0.1000000015
31396  47.465  -59.534  11.165 0.1000000015
30122  39.619  -60.433  14.685 0.1000000015
16739  40.998  -73.353  6.554 0.1000000015
17685  41.499  -72.533  6.185 0.1000000015
16753  40.727  -73.321  5.344 0.1000000015
15834  39.837  -74.571  6.174 0.1000000015
14936  38.297  -76.176  5.888 0.1000000015
14070  38.035  -76.891  5.447 0.1000000015
13144  36.142  -77.545  4.297 0.1000000015
16723  40.957  -73.521  8.008 0.1000000015
17671  41.435  -72.803  7.528 0.1000000015
15835  39.405  -74.476  5.788 0.1000000015
14935  38.818  -76.134  5.941 0.1000000015
17684  41.870  -72.031  6.947 0.1000000015
18646  42.344  -71.415  7.658 0.1000000015
16707  42.222  -72.484  9.788 0.1000000015
151730  41.228  -73.904  9.096 0.1000000015
15813  40.074  -74.671  7.054 0.1000000015
17703  41.034  -72.703  4.683 0.1000000015
18601  42.955  -71.594  10.359 0.1000000015
162435  42.337  -73.084  10.593 0.1000000015
160600  41.551  -72.151  4.951 0.1000000015
19612  42.692  -70.655  6.671 0.1000000015
20508  43.533  -69.375  6.261 0.1000000015
19625  42.165  -70.295  4.804 0.1000000015
18668  42.224  -71.296  6.078 0.1000000015
19611  42.963  -69.955  5.621 0.1000000015
17670  41.909  -72.213  8.377 0.1000000015
145773  35.483  -77.696  3.756 0.1000000015
5262  34.225  -88.338  11.403 0.1000000015
5873  34.017  -87.579  12.170 0.2000000030
5887  34.598  -87.977  11.730 0.1000000015
5895  36.209  -87.330  10.327 0.2000000030
5897  35.005  -88.237  10.926 0.1000000015
5906  35.440  -87.831  10.011 0.1000000015
6474  33.554  -87.205  12.844 0.2000000030
6485  36.429  -86.595  11.495 0.2000000030
6486  35.603  -87.027  11.588 0.2000000030
7094  33.949  -85.167  16.167 0.1000000015
7104  35.290  -85.013  16.376 0.2000000030
7137  33.617  -86.566  13.027 0.2000000030
7156  37.703  -85.693  10.733 0.1000000015
7157  37.176  -86.222  11.340 0.2000000030
7500  29.833  -84.351  40.822 0.1000000015
7508  30.749  -84.429  40.886 0.1000000015
7509  30.135  -84.438  40.667 0.1000000015
7657  33.207  -84.505  26.193 0.1000000015
7771  38.756  -83.961  16.386 0.2000000030
7774  36.697  -85.073  16.875 0.1000000015
7787  35.112  -84.835  15.889 0.2000000030
7800  34.058  -85.077  14.881 0.2000000030
7801  33.592  -85.420  14.489 0.2000000030
7818  33.601  -84.556  12.532 0.2000000030
7823  38.219  -84.264  12.121 0.1000000015
7824  37.748  -85.004  12.025 0.1000000015
7826  35.741  -85.701  11.492 0.2000000030
7848  37.961  -84.969  10.141 0.1000000015
8162  32.038  -83.926  41.641 0.1000000015
8177  31.947  -83.442  40.849 0.1000000015
8178  31.249  -83.943  40.309 0.1000000015
8189  30.283  -84.061  39.580 0.1000000015
8190  29.932  -84.011  39.406 0.1000000015
8191  29.535  -84.000  39.935 0.1000000015
8208  30.054  -83.116  38.143 0.1000000015
8311  32.273  -84.319  25.959 0.1000000015
8327  31.651  -83.656  25.217 0.1000000015
8426  40.130  -83.106  16.536 0.1000000015
8427  39.418  -83.499  16.493 0.2000000030
8443  35.482  -84.114  15.911 0.2000000030
8463  33.636  -83.890  12.891 0.2000000030
8468  38.700  -83.156  12.416 0.1000000015
8482  33.966  -83.935  11.568 0.1000000015
8491  38.743  -83.708  11.088 0.1000000015
8501  37.769  -83.384  9.334 0.1000000015
8849  33.263  -82.478  41.302 0.1000000015
8868  31.451  -82.682  39.485 0.1000000015
8869  28.780  -82.876  39.421 0.1000000015
8893  28.794  -82.343  38.270 0.1000000015
8900  30.884  -81.986  36.769 0.1000000015
8991  33.689  -82.810  25.348 0.1000000015
8993  31.969  -82.937  24.852 0.1000000015
9002  31.437  -82.401  24.135 0.1000000015
9005  28.495  -82.548  23.047 0.1000000015
9086  40.309  -82.396  16.207 0.1000000015
9087  38.906  -82.707  16.526 0.3000000119
9089  36.855  -82.342  16.940 0.2000000030
9104  41.217  -81.980  16.525 0.1000000015
9105  40.469  -82.378  16.392 0.1000000015
9120  35.060  -83.148  15.492 0.2000000030
9121  34.399  -82.645  14.850 0.2000000030
9134  34.121  -83.328  14.279 0.2000000030
9135  33.717  -83.106  13.417 0.2000000030
9142  39.207  -82.140  12.331 0.1000000015
9143  38.496  -82.565  12.522 0.1000000015
9154  39.117  -82.851  12.255 0.1000000015
9169  39.124  -82.968  11.475 0.1000000015
9180  37.995  -82.663  9.633 0.1000000015
9565  36.446  -81.361  38.033 0.1000000015
9582  36.451  -81.444  37.167 0.1000000015
9584  31.135  -81.882  37.091 0.1000000015
9585  29.620  -82.191  37.182 0.1000000015
9596  37.167  -81.211  35.654 0.1000000015
9599  31.049  -81.652  36.440 0.1000000015
9601  30.218  -81.863  36.297 0.1000000015
9607  35.915  -81.183  35.832 0.1000000015
9609  31.091  -81.219  35.178 0.1000000015
9718  28.482  -81.018  22.622 0.1000000015
9777  41.696  -81.541  17.153 0.1000000015
9779  39.505  -81.950  16.555 0.2000000030
9787  42.009  -80.723  16.490 0.1000000015
9790  36.044  -81.669  16.722 0.3000000119
9814  33.628  -81.539  13.156 0.1000000015
9826  38.888  -81.876  12.567 0.1000000015
9829  33.802  -81.827  12.264 0.1000000015
9845  35.233  -81.403  11.331 0.1000000015
9856  39.333  -81.392  11.352 0.1000000015
10303  35.829  -80.842  38.212 0.1000000015
10319  37.162  -81.445  37.636 0.1000000015
10320  35.734  -81.012  36.958 0.1000000015
10340  27.276  -80.842  37.060 0.1000000015
10347  35.811  -81.018  35.203 0.1000000015
10359  31.110  -80.841  34.529 0.1000000015
10454  33.705  -80.633  23.827 0.1000000015
10456  31.937  -80.831  23.598 0.1000000015
10474  29.592  -80.212  22.621 0.1000000015
10512  38.267  -80.157  17.857 0.3000000119
10528  42.342  -80.418  16.808 0.2000000030
10532  37.782  -80.866  17.622 0.3000000119
10541  41.676  -81.078  16.368 0.1000000015
10553  33.859  -79.989  15.194 0.1000000015
10586  39.414  -80.756  12.164 0.1000000015
10587  39.091  -80.797  12.490 0.1000000015
10591  33.804  -80.129  12.602 0.1000000015
10597  39.475  -80.571  11.540 0.1000000015
10600  35.315  -80.549  11.487 0.1000000015
11073  31.433  -80.371  36.722 0.1000000015
11103  35.731  -80.512  34.889 0.1000000015
11116  35.970  -80.007  34.415 0.1000000015
11120  28.870  -79.814  34.175 0.1000000015
11132  36.087  -79.457  34.192 0.1000000015
11134  31.175  -79.866  33.520 0.1000000015
11155  28.662  -78.895  32.707 0.1000000015
11193  38.966  -79.142  28.476 0.1000000015
11194  38.192  -79.393  28.293 0.1000000015
11195  37.481  -79.615  28.161 0.1000000015
11204  37.195  -79.719  28.085 0.1000000015
11215  37.188  -79.669  27.818 0.1000000015
11216  36.589  -79.659  28.048 0.1000000015
11235  33.179  -80.043  23.934 0.1000000015
11236  32.502  -79.809  23.774 0.1000000015
11284  43.148  -79.162  17.375 0.1000000015
11287  38.510  -78.866  18.258 0.3000000119
11288  37.875  -79.405  18.187 0.3000000119
11301  41.515  -79.361  16.698 0.2000000030
11302  40.948  -80.001  16.663 0.2000000030
11303  40.019  -79.643  17.297 0.4000000060
11310  34.279  -78.957  16.529 0.4000000060
11311  33.694  -78.864  16.003 0.3000000119
11332  40.080  -79.151  12.214 0.2000000030
11337  35.856  -79.312  11.892 0.1000000015
11338  34.873  -79.273  12.003 0.1000000015
11339  34.076  -79.304  12.389 0.1000000015
11344  40.037  -79.003  11.486 0.2000000030
11361  39.452  -78.416  8.882 0.1000000015
11818  35.390  -78.444  37.668 0.1000000015
11819  32.330  -77.978  37.930 0.1000000015
11836  35.454  -78.917  36.106 0.1000000015
11867  31.567  -79.379  34.186 0.1000000015
11876  36.853  -78.751  34.067 0.1000000015
11891  29.746  -78.646  31.920 0.1000000015
11913  30.716  -78.012  30.633 0.1000000015
11940  42.089  -78.131  28.438 0.1000000015
11941  41.304  -78.400  28.604 0.1000000015
11945  37.423  -79.246  28.437 0.1000000015
11957  39.675  -79.015  28.378 0.1000000015
11958  35.759  -79.480  28.152 0.1000000015
11968  37.180  -79.171  27.118 0.1000000015
11980  39.104  -78.330  26.207 0.1000000015
11982  36.675  -78.625  26.379 0.1000000015
11986  33.546  -78.773  25.448 0.1000000015
11998  32.703  -78.702  24.300 0.1000000015
12017  31.503  -78.695  23.334 0.1000000015
12037  28.856  -78.091  22.482 0.1000000015
12039  27.037  -78.586  22.427 0.1000000015
12061  43.444  -78.402  17.843 0.2000000030
12064  39.253  -78.415  18.208 0.4000000060
12078  42.324  -79.390  16.639 0.2000000030
12082  35.787  -78.977  17.597 0.4000000060
12097  33.149  -78.255  14.821 0.1000000015
12101  33.337  -78.256  14.033 0.1000000015
12110  40.069  -78.284  12.946 0.2000000030
12120  40.685  -78.115  12.240 0.2000000030
12126  34.568  -78.592  12.421 0.1000000015
12133  40.476  -78.478  11.815 0.2000000030
12149  40.019  -78.053  9.995 0.1000000015
12150  39.691  -78.361  9.614 0.1000000015
12679  34.055  -78.084  39.078 0.1000000015
12699  34.384  -77.462  38.580 0.1000000015
12720  33.479  -76.879  38.151 0.1000000015
12781  36.785  -78.066  33.290 0.1000000015
12783  31.647  -77.967  33.075 0.1000000015
12812  30.671  -77.570  30.429 0.1000000015
12826  42.500  -77.473  29.421 0.1000000015
12829  29.942  -77.516  29.265 0.1000000015
12833  43.118  -77.373  28.769 0.1000000015
12836  41.159  -78.225  29.113 0.1000000015
12851  34.381  -78.227  27.683 0.1000000015
12852  29.020  -77.864  27.910 0.1000000015
12865  33.572  -78.000  26.112 0.1000000015
12867  25.522  -77.013  26.535 0.1000000015
12884  33.748  -78.815  26.192 0.1000000015
12885  33.242  -77.579  25.394 0.1000000015
12906  31.879  -77.326  23.819 0.1000000015
12924  24.982  -77.344  23.173 0.1000000015
12931  30.007  -77.311  22.736 0.1000000015
12935  26.584  -77.625  22.467 0.1000000015
12936  25.662  -77.570  22.712 0.1000000015
12946  42.187  -77.441  20.034 0.1000000015
12949  43.648  -77.334  19.006 0.2000000030
12950  37.793  -76.800  19.201 0.4000000060
12966  34.684  -77.100  18.249 0.4000000060
12978  34.186  -77.443  17.600 0.3000000119
12991  33.583  -77.588  16.901 0.3000000119
12993  32.634  -76.872  15.765 0.2000000030
12997  33.124  -77.407  14.368 0.1000000015
13006  40.762  -77.168  12.696 0.2000000030
13007  40.287  -77.549  13.026 0.1000000015
13008  39.549  -77.721  13.282 0.1000000015
13025  35.193  -77.926  12.593 0.1000000015
13026  34.370  -77.884  12.792 0.1000000015
13027  33.831  -77.964  13.105 0.1000000015
13033  40.840  -77.830  11.816 0.2000000030
13034  40.590  -77.972  11.256 0.2000000030
13616  34.612  -76.830  38.054 0.1000000015
13657  32.263  -76.588  37.006 0.1000000015
13658  31.640  -76.993  36.252 0.1000000015
13672  35.366  -76.692  35.614 0.1000000015
13687  31.437  -77.205  33.822 0.1000000015
13697  37.766  -77.572  32.933 0.1000000015
13738  30.507  -76.890  30.220 0.1000000015
13748  43.200  -76.849  29.981 0.1000000015
13767  29.548  -76.953  28.869 0.1000000015
13781  35.304  -76.912  28.046 0.1000000015
13783  28.529  -77.020  27.942 0.1000000015
13784  27.648  -76.787  27.577 0.1000000015
13800  33.851  -77.105  26.502 0.1000000015
13812  42.713  -76.886  25.867 0.1000000015
13814  32.969  -76.571  25.182 0.1000000015
13815  25.176  -76.252  25.114 0.1000000015
13827  24.592  -76.808  24.775 0.1000000015
13838  30.380  -76.280  23.291 0.1000000015
13840  26.253  -76.181  23.101 0.1000000015
13842  24.673  -76.973  23.875 0.1000000015
13849  29.703  -76.613  22.808 0.1000000015
13851  28.216  -76.391  22.589 0.1000000015
13853  26.751  -76.432  22.722 0.1000000015
13884  39.148  -75.640  19.065 0.4000000060
13888  35.721  -76.014  19.285 0.4000000060
13904  39.229  -76.614  18.827 0.4000000060
13906  35.206  -76.608  18.811 0.4000000060
13908  33.488  -76.145  18.260 0.2000000030
13920  44.209  -75.892  17.702 0.2000000030
13921  43.825  -76.610  17.454 0.2000000030
13924  41.218  -76.804  17.651 0.3000000119
13925  33.885  -76.787  17.949 0.3000000119
13926  33.117  -76.461  17.540 0.3000000119
13943  32.729  -76.771  14.971 0.2000000030
13951  40.474  -76.887  13.020 0.2000000030
13957  33.575  -76.855  13.742 0.1000000015
13970  41.270  -76.704  12.379 0.2000000030
14081  37.635  -77.249  4.649 0.1000000015
14539  33.899  -75.195  36.742 0.1000000015
14556  31.717  -75.401  35.527 0.1000000015
14620  44.639  -75.234  30.495 0.1000000015
14635  45.081  -75.281  29.423 0.1000000015
14636  44.536  -75.783  29.896 0.1000000015
14651  45.160  -75.245  28.623 0.1000000015
14655  37.212  -75.574  28.449 0.1000000015
14668  45.318  -74.762  27.834 0.1000000015
14671  34.562  -76.136  27.273 0.1000000015
14672  27.066  -75.356  27.276 0.1000000015
14683  25.914  -75.792  26.133 0.1000000015
14688  32.490  -75.731  25.066 0.1000000015
14699  30.706  -75.251  23.991 0.1000000015
14700  26.216  -75.180  25.046 0.1000000015
14704  45.407  -74.665  23.876 0.2000000030
14705  44.816  -75.345  23.796 0.2000000030
14707  30.958  -75.979  23.769 0.1000000015
14710  28.130  -75.194  23.321 0.1000000015
14722  43.147  -75.599  21.720 0.1000000015
14724  27.694  -75.747  22.907 0.1000000015
14737  44.948  -74.818  22.302 0.1000000015
14763  37.635  -74.933  19.500 0.4000000060
14764  36.261  -75.335  19.504 0.4000000060
14767  33.558  -75.075  19.151 0.4000000060
14772  44.694  -75.097  18.337 0.2000000030
14777  33.126  -75.457  18.560 0.4000000060
14778  32.571  -74.946  18.150 0.3000000119
14793  32.411  -75.142  17.203 0.3000000119
14802  32.426  -75.563  16.513 0.3000000119
14806  32.465  -75.510  15.846 0.3000000119
14810  33.396  -75.575  14.473 0.1000000015
14811  32.788  -75.472  15.157 0.2000000030
14816  41.499  -75.460  12.844 0.3000000119
14817  40.182  -76.242  13.194 0.2000000030
14822  35.095  -75.560  13.715 0.1000000015
14834  41.991  -75.245  12.562 0.2000000030
14835  41.543  -75.921  12.570 0.3000000119
14848  42.112  -75.451  12.107 0.2000000030
14921  39.477  -75.223  6.159 0.1000000015
14922  39.073  -75.199  5.909 0.1000000015
14923  38.534  -75.307  5.971 0.1000000015
15429  34.228  -74.869  36.259 0.1000000015
15431  32.859  -74.703  36.176 0.1000000015
15448  34.870  -74.636  35.005 0.1000000015
15450  32.968  -74.180  35.783 0.1000000015
15494  30.559  -74.241  33.031 0.1000000015
15518  44.408  -74.037  31.392 0.1000000015
15527  29.859  -74.343  31.572 0.1000000015
15542  45.102  -74.546  30.405 0.1000000015
15543  44.655  -74.606  30.966 0.1000000015
15558  45.262  -74.810  29.753 0.1000000015
15563  37.859  -73.960  29.302 0.1000000015
15565  29.117  -74.184  30.086 0.1000000015
15576  40.336  -74.825  29.090 0.1000000015
15578  38.577  -74.930  28.647 0.1000000015
15579  37.744  -74.653  28.710 0.1000000015
15583  28.233  -74.349  28.573 0.1000000015
15588  35.292  -75.127  27.802 0.1000000015
15592  26.945  -74.725  26.760 0.1000000015
15598  41.395  -74.065  26.415 0.1000000015
15603  27.012  -74.310  26.123 0.1000000015
15604  26.602  -74.872  26.212 0.1000000015
15621  45.436  -74.150  24.056 0.2000000030
15627  30.202  -74.572  24.191 0.1000000015
15629  28.440  -74.106  24.466 0.1000000015
15642  41.317  -74.040  23.728 0.3000000119
15643  40.492  -73.962  23.681 0.4000000060
15645  29.524  -74.916  23.665 0.1000000015
15682  45.370  -73.981  19.888 0.3000000119
15684  38.186  -74.234  19.262 0.4000000060
15690  45.282  -73.840  19.093 0.3000000119
15696  32.880  -74.799  18.814 0.4000000060
15701  44.791  -74.214  17.962 0.2000000030
15702  44.317  -74.281  17.626 0.3000000119
15703  43.059  -74.948  17.396 0.2000000030
15719  33.174  -74.039  15.443 0.3000000119
15723  34.706  -74.166  14.419 0.1000000015
15724  33.898  -74.011  14.852 0.2000000030
15731  42.310  -74.328  12.757 0.2000000030
15737  37.172  -74.635  13.628 0.2000000030
15738  35.443  -74.395  14.025 0.1000000015
15739  34.865  -74.882  14.067 0.1000000015
16358  32.396  -73.927  35.299 0.1000000015
16376  33.384  -73.151  34.667 0.1000000015
16392  35.378  -73.573  33.324 0.1000000015
16407  35.757  -73.242  32.607 0.1000000015
16409  30.452  -73.522  32.677 0.1000000015
16448  36.647  -73.062  30.759 0.1000000015
16459  44.920  -73.691  29.578 0.1000000015
16476  36.181  -73.701  29.196 0.1000000015
16481  27.820  -74.095  27.936 0.1000000015
16483  45.046  -74.229  27.669 0.1000000015
16485  44.190  -73.659  28.048 0.1000000015
16493  28.207  -73.104  27.249 0.1000000015
16499  44.061  -74.110  26.674 0.1000000015
16504  38.303  -73.479  26.010 0.4000000060
16507  32.097  -73.526  26.152 0.1000000015
16508  31.285  -73.041  26.115 0.1000000015
16517  44.947  -74.083  25.557 0.2000000030
16518  44.410  -74.186  25.836 0.1000000015
16519  39.604  -74.209  25.433 0.3000000119
16520  38.470  -73.846  25.024 0.5000000000
16525  28.408  -73.312  25.672 0.1000000015
16526  27.648  -73.630  26.000 0.1000000015
16538  44.525  -73.634  24.043 0.2000000030
16542  29.872  -73.954  24.603 0.1000000015
16545  27.926  -73.762  25.149 0.1000000015
16557  44.109  -73.225  23.017 0.2000000030
16558  42.943  -73.249  23.313 0.2000000030
16561  39.709  -73.577  23.721 0.5000000000
16569  45.372  -73.502  22.873 0.2000000030
16584  35.872  -73.573  19.405 0.4000000060
16585  33.617  -73.793  19.716 0.5000000000
16586  32.858  -73.795  19.466 0.5000000000
16590  45.238  -73.303  18.544 0.3000000119
16594  38.699  -72.968  18.658 0.4000000060
16595  37.556  -73.079  18.855 0.4000000060
16602  44.024  -73.423  17.618 0.3000000119
16606  32.192  -73.668  17.541 0.4000000060
16635  41.853  -73.973  13.134 0.2000000030
16637  40.505  -73.809  13.277 0.2000000030
16638  38.737  -73.406  13.333 0.2000000030
16639  37.953  -73.716  13.432 0.2000000030
16640  37.194  -73.834  13.594 0.2000000030
16658  42.797  -73.568  12.700 0.2000000030
16677  43.149  -72.856  11.886 0.1000000015
16678  42.795  -73.749  11.863 0.2000000030
16724  40.506  -74.050  7.397 0.1000000015
16740  40.361  -73.986  6.205 0.1000000015
16754  39.992  -73.758  5.414 0.1000000015
17329  30.917  -72.790  32.879 0.1000000015
17348  34.511  -72.590  32.696 0.1000000015
17350  31.614  -72.295  32.922 0.1000000015
17372  32.814  -71.850  31.875 0.1000000015
17373  31.021  -72.178  32.259 0.1000000015
17387  34.222  -72.367  30.695 0.1000000015
17388  33.365  -72.089  30.424 0.1000000015
17409  31.059  -72.135  27.849 0.1000000015
17411  29.287  -72.305  28.407 0.1000000015
17412  28.730  -72.763  28.729 0.1000000015
17423  38.696  -72.614  27.544 0.3000000119
17424  37.104  -72.521  26.750 0.3000000119
17425  36.464  -72.181  26.664 0.4000000060
17426  31.884  -72.511  27.613 0.1000000015
17441  36.732  -72.632  25.920 0.4000000060
17446  28.821  -72.708  26.951 0.1000000015
17454  36.496  -72.435  25.107 0.5000000000
17455  29.778  -72.951  25.827 0.1000000015
17465  37.130  -72.600  24.570 0.5000000000
17478  39.974  -72.652  23.739 0.5000000000
17485  45.414  -73.296  22.205 0.2000000030
17486  45.321  -73.029  22.155 0.2000000030
17490  45.439  -72.741  20.926 0.2000000030
17491  45.110  -72.541  21.373 0.2000000030
17494  45.319  -72.625  19.884 0.3000000119
17500  45.073  -72.636  18.840 0.3000000119
17501  44.572  -72.295  18.877 0.3000000119
17502  36.316  -72.582  19.059 0.4000000060
17505  33.312  -72.541  19.974 0.5000000000
17506  32.552  -72.672  19.641 0.5000000000
17510  44.580  -72.436  18.355 0.4000000060
17511  43.948  -72.141  18.174 0.4000000060
17519  31.754  -72.195  18.390 0.4000000060
17527  44.469  -72.700  17.924 0.3000000119
17553  33.005  -72.672  16.016 0.4000000060
17563  36.053  -72.631  13.959 0.2000000030
17580  41.457  -72.267  13.413 0.2000000030
17581  40.492  -72.305  13.408 0.2000000030
17582  39.629  -72.442  13.379 0.2000000030
17583  38.202  -72.139  13.374 0.2000000030
17633  43.390  -72.115  11.876 0.1000000015
17653  41.544  -73.077  8.824 0.1000000015
18339  31.883  -71.897  32.159 0.1000000015
18356  32.189  -71.738  31.349 0.1000000015
18367  32.457  -71.808  30.491 0.1000000015
18376  31.600  -71.710  30.213 0.1000000015
18394  29.865  -71.918  28.954 0.1000000015
18414  36.073  -72.151  25.788 0.4000000060
18415  35.493  -71.590  25.764 0.5000000000
18423  35.314  -71.074  25.037 0.5000000000
18432  38.481  -71.890  24.103 0.5000000000
18435  35.691  -70.765  24.722 0.5000000000
18445  42.236  -70.945  22.698 0.4000000060
18451  42.990  -71.428  21.543 0.4000000060
18461  44.261  -71.861  20.045 0.4000000060
18463  41.323  -70.971  20.345 0.5000000000
18467  32.169  -71.323  19.979 0.5000000000
18481  36.982  -70.599  18.745 0.5000000000
18484  34.231  -71.515  19.983 0.5000000000
18485  33.482  -71.794  20.139 0.5000000000
18487  31.712  -71.258  19.430 0.4000000060
18496  43.519  -71.917  18.414 0.3000000119
18498  41.852  -71.529  18.565 0.4000000060
18501  38.284  -71.363  18.218 0.5000000000
18503  36.611  -71.651  18.696 0.5000000000
18513  32.249  -71.661  17.221 0.4000000060
18514  31.851  -71.546  17.835 0.4000000060
18524  32.788  -71.274  16.670 0.5000000000
18532  34.326  -71.646  15.249 0.3000000119
18555  43.358  -71.574  13.204 0.2000000030
18556  42.583  -71.415  13.415 0.2000000030
18560  38.296  -71.366  13.500 0.2000000030
18562  36.796  -72.271  13.670 0.2000000030
18577  43.656  -71.563  12.957 0.3000000119
18588  43.714  -71.488  12.351 0.1000000015
18600  43.474  -71.501  11.432 0.2000000030
18669  41.869  -71.859  5.727 0.1000000015
18689  42.025  -71.237  4.892 0.1000000015
19368  34.990  -70.115  30.033 0.1000000015
19389  36.005  -71.048  28.856 0.2000000030
19391  34.320  -70.269  28.242 0.2000000030
19400  34.939  -70.913  27.379 0.2000000030
19406  40.373  -69.356  24.916 0.5000000000
19407  40.160  -69.748  25.171 0.5000000000
19408  39.441  -70.048  25.215 0.5000000000
19416  38.997  -70.921  24.699 0.5000000000
19418  36.443  -70.755  24.522 0.5000000000
19424  41.960  -70.656  23.405 0.4000000060
19443  40.071  -70.089  21.918 0.6000000238
19451  37.039  -69.437  20.216 0.5000000000
19452  35.070  -70.045  20.019 0.5000000000
19454  33.104  -70.414  20.552 0.5000000000
19456  31.779  -70.284  20.171 0.5000000000
19466  34.636  -70.820  19.950 0.5000000000
19467  31.616  -70.406  19.604 0.4000000060
19472  31.582  -70.590  18.836 0.4000000060
19477  31.780  -70.768  18.053 0.4000000060
19482  33.335  -70.547  16.313 0.5000000000
19488  34.846  -70.162  15.241 0.4000000060
19489  34.505  -70.919  15.319 0.4000000060
19490  33.873  -70.713  15.776 0.4000000060
19519  43.734  -70.829  13.103 0.3000000119
19522  41.259  -70.100  13.496 0.2000000030
19525  37.655  -70.883  13.683 0.2000000030
19542  43.647  -70.208  13.097 0.3000000119
19552  44.202  -70.178  12.437 0.2000000030
19582  43.529  -70.296  9.651 0.2000000030
19599  43.255  -70.061  7.243 0.1000000015
19626  41.532  -70.781  4.643 0.1000000015
20218  34.699  -68.863  34.609 0.1000000015
20233  35.677  -69.507  33.558 0.1000000015
20234  34.996  -69.051  33.228 0.1000000015
20247  34.827  -69.079  32.553 0.1000000015
20254  35.405  -69.822  31.469 0.1000000015
20261  35.012  -69.836  30.777 0.1000000015
20282  33.330  -69.380  27.953 0.2000000030
20296  33.770  -69.296  26.211 0.3000000119
20302  37.612  -69.396  25.399 0.5000000000
20304  34.191  -68.662  25.802 0.4000000060
20320  40.743  -69.549  24.625 0.5000000000
20321  40.423  -69.278  24.222 0.5000000000
20336  37.667  -69.423  21.015 0.5000000000
20337  36.932  -69.142  20.917 0.5000000000
20348  36.373  -69.189  20.529 0.5000000000
20349  35.612  -69.410  20.266 0.4000000060
20351  33.581  -69.496  20.837 0.5000000000
20360  31.569  -69.737  19.988 0.4000000060
20367  31.523  -69.690  19.092 0.4000000060
20374  32.169  -70.132  17.542 0.4000000060
20392  36.019  -69.078  14.998 0.3000000119
20393  35.165  -69.368  15.314 0.4000000060
20395  33.826  -70.001  15.972 0.4000000060
20404  39.152  -68.648  14.159 0.3000000119
20406  37.476  -69.453  14.302 0.3000000119
20421  42.878  -70.014  13.197 0.3000000119
20424  40.327  -69.740  13.701 0.2000000030
20441  44.125  -69.786  12.562 0.3000000119
20442  43.879  -69.744  12.719 0.3000000119
20443  43.313  -69.597  12.808 0.3000000119
20444  42.414  -69.301  12.922 0.3000000119
20455  44.324  -69.554  12.013 0.3000000119
20462  44.529  -69.281  11.198 0.2000000030
20477  44.573  -69.120  10.128 0.2000000030
21175  33.830  -67.846  34.179 0.1000000015
21202  33.733  -68.251  32.416 0.1000000015
21220  32.343  -67.798  30.239 0.1000000015
21233  32.758  -68.621  29.105 0.2000000030
21256  33.011  -68.832  27.373 0.2000000030
21283  39.895  -68.776  24.950 0.5000000000
21294  39.915  -68.872  24.393 0.5000000000
21305  38.632  -69.006  22.828 0.5000000000
21307  36.820  -68.450  22.155 0.5000000000
21313  37.912  -69.160  21.950 0.5000000000
21317  34.717  -68.426  21.279 0.4000000060
21318  32.631  -68.397  21.468 0.5000000000
21325  35.821  -68.921  20.790 0.4000000060
21327  34.378  -68.949  20.939 0.5000000000
21333  31.457  -68.355  20.136 0.4000000060
21347  33.015  -68.034  17.318 0.4000000060
21349  31.746  -69.174  18.353 0.4000000060
21360  33.331  -68.759  16.747 0.5000000000
21361  32.654  -69.385  17.159 0.4000000060
21371  34.634  -68.813  15.792 0.4000000060
21381  38.443  -68.308  14.563 0.3000000119
21392  41.447  -68.933  13.149 0.2000000030
21393  40.483  -68.586  13.423 0.3000000119
21411  41.935  -68.532  12.599 0.4000000060
21412  40.991  -68.183  12.822 0.3000000119
21424  45.260  -68.003  10.768 0.2000000030
21470  44.935  -68.455  8.184 0.2000000030
22185  33.226  -67.388  33.197 0.1000000015
22192  33.372  -67.735  32.668 0.1000000015
22193  32.869  -67.292  32.552 0.1000000015
22200  33.084  -67.788  31.895 0.1000000015
22229  46.482  -67.945  29.571 0.1000000015
22231  44.478  -67.801  29.831 0.1000000015
22234  31.622  -66.809  29.640 0.2000000030
22244  44.449  -67.859  29.170 0.1000000015
22246  31.841  -67.260  28.859 0.2000000030
22272  38.633  -67.445  26.466 0.5000000000
22276  33.939  -67.559  26.299 0.3000000119
22318  38.732  -68.043  24.245 0.5000000000
22330  37.310  -68.202  23.040 0.5000000000
22332  35.574  -67.729  22.509 0.4000000060
22334  33.876  -67.336  22.326 0.5000000000
22340  35.157  -67.987  21.777 0.4000000060
22342  33.293  -67.786  21.812 0.5000000000
22343  32.330  -67.625  21.753 0.5000000000
22344  31.720  -67.673  21.291 0.4000000060
22363  32.373  -67.733  18.087 0.4000000060
22364  31.788  -67.557  18.856 0.4000000060
22375  35.254  -67.235  16.349 0.3000000119
22376  34.382  -67.469  16.641 0.3000000119
22377  33.672  -67.979  16.794 0.4000000060
22384  35.619  -67.714  15.881 0.3000000119
22392  37.637  -67.300  15.217 0.3000000119
22402  40.122  -67.775  13.155 0.3000000119
22403  39.344  -67.300  13.498 0.2000000030
22404  38.840  -67.457  14.189 0.3000000119
22420  39.814  -66.830  12.737 0.2000000030
22435  43.864  -67.659  11.405 0.3000000119
22436  42.939  -67.623  11.657 0.3000000119
22449  46.357  -66.723  9.615 0.1000000015
22450  45.824  -67.341  10.166 0.2000000030
22462  46.614  -66.753  9.018 0.1000000015
22463  46.107  -67.295  9.535 0.2000000030
22475  46.585  -66.823  8.047 0.1000000015
22476  46.138  -67.352  8.516 0.1000000015
23169  31.704  -65.687  32.144 0.1000000015
23178  41.279  -66.496  31.225 0.3000000119
23180  40.502  -66.455  31.124 0.3000000119
23181  31.883  -66.755  31.194 0.1000000015
23195  45.731  -66.774  30.542 0.1000000015
23197  43.833  -67.136  30.699 0.2000000030
23199  39.106  -66.167  30.719 0.4000000060
23218  39.773  -66.445  30.245 0.4000000060
23231  38.120  -66.512  28.488 0.5000000000
23247  37.005  -66.819  27.770 0.5000000000
23249  35.020  -66.247  27.281 0.3000000119
23265  33.473  -67.042  26.650 0.3000000119
23274  43.996  -66.765  24.915 0.1000000015
23284  44.512  -67.421  24.226 0.1000000015
23286  38.705  -67.194  25.510 0.5000000000
23300  34.774  -66.701  23.656 0.4000000060
23312  34.351  -67.040  22.974 0.4000000060
23322  31.823  -67.011  21.725 0.5000000000
23323  31.506  -66.924  21.056 0.4000000060
23328  31.496  -66.865  20.228 0.4000000060
23335  31.721  -66.769  19.359 0.4000000060
23355  36.582  -66.724  16.041 0.3000000119
23356  35.792  -66.555  16.502 0.3000000119
23367  37.288  -66.699  15.577 0.3000000119
23378  37.810  -66.757  15.078 0.3000000119
23433  46.150  -66.800  10.000 0.1000000015
23468  47.420  -65.972  8.411 0.1000000015
23491  47.379  -65.842  7.594 0.1000000015
23492  47.023  -66.317  7.748 0.1000000015
23511  47.262  -65.467  6.571 0.1000000015
24188  34.102  -65.354  36.106 0.1000000015
24189  33.935  -66.077  36.133 0.1000000015
24216  33.027  -65.799  34.752 0.1000000015
24217  32.667  -65.772  34.068 0.1000000015
24250  39.897  -65.874  31.375 0.2000000030
24251  39.245  -65.484  31.385 0.1000000015
24271  42.026  -65.980  31.454 0.2000000030
24273  37.826  -65.464  30.509 0.3000000119
24274  31.391  -65.557  30.797 0.2000000030
24287  40.144  -66.414  29.920 0.5000000000
24289  37.050  -65.371  29.874 0.3000000119
24306  40.352  -65.856  29.347 0.5000000000
24329  34.650  -65.563  27.572 0.2000000030
24348  38.035  -65.261  26.985 0.5000000000
24349  37.318  -64.832  26.508 0.5000000000
24361  42.796  -65.479  25.125 0.1000000015
24364  36.893  -65.353  25.959 0.5000000000
24365  35.877  -65.175  25.667 0.5000000000
24381  33.255  -65.016  24.353 0.4000000060
24392  32.904  -65.424  23.698 0.4000000060
24402  31.866  -65.128  22.694 0.4000000060
24403  31.591  -65.286  21.973 0.4000000060
24413  42.118  -66.005  20.541 0.1000000015
24414  41.410  -65.768  20.731 0.1000000015
24422  41.466  -65.396  20.137 0.1000000015
24423  41.211  -65.483  20.272 0.2000000030
24434  31.858  -65.471  19.774 0.4000000060
24444  33.250  -65.283  18.611 0.4000000060
24456  34.907  -65.822  17.358 0.3000000119
24457  34.231  -65.863  17.720 0.4000000060
24510  38.245  -66.070  13.993 0.3000000119
24511  37.784  -66.098  14.683 0.3000000119
24527  39.286  -65.973  12.722 0.2000000030
24528  38.703  -66.007  13.299 0.3000000119
24540  39.572  -65.053  12.391 0.2000000030
24553  43.072  -66.052  11.079 0.3000000119
24554  41.263  -65.383  11.580 0.2000000030
24555  40.406  -65.270  11.913 0.2000000030
24562  44.899  -65.677  10.247 0.3000000119
24572  47.319  -65.419  8.757 0.1000000015
24575  45.498  -65.453  9.841 0.3000000119
24583  47.519  -65.529  8.284 0.1000000015
24595  47.588  -65.414  7.573 0.1000000015
25285  32.596  -64.536  34.457 0.1000000015
25293  31.724  -64.513  33.047 0.1000000015
25312  40.965  -65.551  31.478 0.2000000030
25314  39.469  -65.046  31.576 0.1000000015
25316  31.338  -64.404  31.518 0.1000000015
25332  46.964  -64.833  30.460 0.1000000015
25335  41.597  -65.197  31.262 0.2000000030
25337  39.956  -64.563  31.416 0.1000000015
25356  43.809  -64.465  30.235 0.2000000030
25378  39.408  -65.080  28.546 0.4000000060
25382  31.864  -64.942  28.815 0.2000000030
25397  38.908  -64.355  27.878 0.5000000000
25398  38.340  -63.817  27.215 0.5000000000
25399  34.264  -64.855  27.895 0.2000000030
25414  42.206  -64.784  26.886 0.5000000000
25431  41.672  -64.210  25.285 0.2000000030
25433  35.434  -64.286  25.730 0.5000000000
25450  32.955  -64.284  24.306 0.3000000119
25467  32.489  -64.258  23.719 0.3000000119
25482  39.837  -64.663  21.343 0.2000000030
25484  32.017  -64.243  22.934 0.4000000060
25501  39.925  -64.999  20.456 0.2000000030
25503  31.618  -64.610  21.548 0.4000000060
25511  40.679  -65.261  19.980 0.2000000030
25512  40.122  -65.117  20.087 0.2000000030
25515  31.677  -64.708  20.744 0.4000000060
25524  32.497  -64.413  19.633 0.4000000060
25525  31.928  -64.858  20.015 0.4000000060
25532  34.504  -64.446  18.071 0.3000000119
25534  32.925  -64.749  19.041 0.4000000060
25560  36.468  -65.054  16.094 0.2000000030
25561  35.873  -65.101  16.752 0.2000000030
25589  37.305  -64.601  14.368 0.2000000030
25590  36.928  -63.931  14.531 0.2000000030
25606  38.386  -64.668  13.164 0.2000000030
25607  37.823  -64.605  13.651 0.3000000119
25622  40.158  -64.456  12.010 0.2000000030
25623  39.525  -64.155  12.362 0.2000000030
25624  38.911  -64.355  12.733 0.2000000030
25636  42.095  -64.176  11.178 0.2000000030
25638  40.777  -64.706  11.709 0.1000000015
25647  42.702  -64.564  10.916 0.1000000015
25655  46.742  -65.130  9.147 0.1000000015
25656  45.635  -64.669  9.467 0.2000000030
25666  48.136  -64.181  7.780 0.1000000015
25667  47.613  -64.798  8.272 0.1000000015
25668  47.100  -64.556  8.653 0.1000000015
25682  48.213  -64.352  7.140 0.1000000015
25696  48.028  -64.436  6.365 0.1000000015
26383  32.990  -63.223  35.154 0.1000000015
26418  38.966  -64.416  31.389 0.1000000015
26420  31.322  -63.517  31.514 0.2000000030
26436  42.161  -64.299  30.537 0.1000000015
26440  38.604  -63.700  31.067 0.1000000015
26442  36.404  -63.900  30.384 0.2000000030
26443  31.476  -63.300  30.681 0.2000000030
26454  44.311  -63.549  29.809 0.1000000015
26462  31.681  -63.429  29.975 0.2000000030
26478  32.660  -63.696  28.769 0.2000000030
26493  39.466  -63.230  27.295 0.5000000000
26507  40.954  -63.713  27.087 0.4000000060
26508  40.424  -63.160  26.551 0.5000000000
26521  41.110  -63.561  25.984 0.4000000060
26523  35.885  -63.418  25.914 0.4000000060
26535  39.762  -63.262  23.697 0.2000000030
26536  34.020  -63.389  24.857 0.3000000119
26538  32.733  -63.686  24.024 0.3000000119
26550  40.012  -63.989  22.689 0.2000000030
26551  39.158  -63.613  22.767 0.2000000030
26554  32.407  -63.543  23.436 0.4000000060
26570  38.416  -63.506  21.603 0.2000000030
26571  32.456  -62.829  23.075 0.4000000060
26586  43.169  -65.046  21.025 0.1000000015
26590  39.046  -64.107  20.889 0.2000000030
26591  32.115  -63.098  21.412 0.4000000060
26597  41.821  -64.890  20.205 0.1000000015
26599  40.173  -64.859  20.030 0.2000000030
26600  32.265  -63.345  20.571 0.4000000060
26606  33.203  -63.217  19.421 0.4000000060
26616  33.618  -63.582  18.890 0.4000000060
26637  36.199  -63.924  15.898 0.2000000030
26638  35.768  -63.794  16.588 0.2000000030
26654  36.521  -63.547  15.020 0.2000000030
26690  39.406  -63.531  12.496 0.2000000030
26691  38.866  -63.631  12.778 0.2000000030
26695  42.141  -63.351  11.167 0.1000000015
26696  41.423  -63.603  11.469 0.1000000015
26702  43.364  -63.563  10.499 0.1000000015
26710  46.224  -64.098  8.917 0.1000000015
26711  44.645  -63.915  9.728 0.2000000030
26750  48.878  -63.432  6.347 0.1000000015
26751  48.505  -63.984  6.607 0.1000000015
26763  48.810  -63.163  5.699 0.1000000015
27481  32.897  -62.397  35.190 0.1000000015
27499  31.653  -62.324  33.505 0.1000000015
27506  31.403  -62.245  32.573 0.2000000030
27534  38.218  -62.971  30.629 0.1000000015
27539  31.565  -62.436  30.921 0.2000000030
27560  37.894  -62.277  30.128 0.1000000015
27596  38.986  -62.703  26.698 0.5000000000
27609  40.008  -62.743  26.173 0.4000000060
27610  39.480  -62.562  26.168 0.4000000060
27627  38.790  -62.313  25.511 0.3000000119
27629  36.337  -62.713  25.691 0.4000000060
27641  39.399  -62.655  24.552 0.3000000119
27644  36.366  -62.167  24.228 0.3000000119
27646  34.430  -62.686  24.558 0.3000000119
27647  33.642  -62.804  24.279 0.4000000060
27661  38.211  -62.928  23.274 0.1000000015
27662  36.964  -62.365  23.230 0.2000000030
27663  36.158  -61.965  23.405 0.4000000060
27665  34.174  -62.180  23.841 0.4000000060
27667  32.919  -62.254  23.247 0.4000000060
27686  36.722  -62.031  22.837 0.3000000119
27729  32.917  -62.023  20.343 0.4000000060
27738  32.754  -62.834  20.074 0.4000000060
27747  34.360  -62.392  18.458 0.2000000030
27775  36.001  -62.243  15.958 0.2000000030
27794  36.591  -62.708  14.901 0.1000000015
27813  38.141  -62.058  13.814 0.1000000015
27815  37.132  -62.480  14.456 0.1000000015
27828  39.443  -62.165  12.888 0.1000000015
27829  38.658  -62.481  13.268 0.1000000015
27851  41.965  -62.023  11.468 0.1000000015
27858  44.029  -62.331  9.917 0.1000000015
27872  44.674  -62.507  9.428 0.1000000015
27894  47.773  -62.198  7.604 0.1000000015
28665  32.287  -61.247  34.552 0.1000000015
28704  32.413  -61.244  30.625 0.2000000030
28731  36.703  -61.697  29.887 0.1000000015
28753  38.097  -61.150  29.067 0.1000000015
28805  35.529  -61.763  23.374 0.4000000060
28825  34.135  -61.144  22.766 0.4000000060
28827  32.853  -61.620  22.131 0.4000000060
28846  33.305  -61.145  21.688 0.3000000119
28871  32.698  -61.863  21.010 0.4000000060
28882  33.455  -61.495  19.881 0.4000000060
28893  33.819  -61.862  19.095 0.3000000119
28940  36.518  -61.533  15.699 0.2000000030
28961  39.161  -60.921  14.026 0.1000000015
28962  38.412  -61.341  14.256 0.1000000015
28982  46.945  -61.039  14.027 0.1000000015
28996  40.940  -61.253  12.483 0.1000000015
29012  41.694  -61.282  11.931 0.1000000015
29028  42.718  -62.083  10.945 0.1000000015
29049  45.745  -61.402  8.567 0.2000000030
29056  49.257  -61.774  7.121 0.1000000015
29057  48.214  -61.538  7.451 0.1000000015
29833  32.110  -60.317  31.500 0.2000000030
29844  32.091  -60.928  31.086 0.2000000030
29889  37.585  -60.610  28.738 0.1000000015
29971  33.931  -60.745  22.033 0.2000000030
29998  36.045  -60.107  22.170 0.2000000030
29999  34.538  -60.283  21.566 0.2000000030
30022  34.466  -60.164  20.655 0.2000000030
30038  34.511  -60.228  19.737 0.1000000015
30054  34.723  -60.496  18.891 0.1000000015
30115  46.084  -60.788  14.179 0.1000000015
30123  38.745  -60.712  14.757 0.1000000015
30124  37.976  -60.975  14.902 0.1000000015
30144  47.536  -60.623  13.266 0.1000000015
30146  45.688  -59.950  13.596 0.1000000015
30148  41.401  -59.984  13.350 0.1000000015
30149  40.711  -60.295  13.618 0.1000000015
30171  40.985  -60.505  13.013 0.1000000015
30187  44.025  -59.668  11.691 0.1000000015
30188  43.434  -60.337  11.291 0.1000000015
30190  42.166  -60.684  11.967 0.1000000015
30205  45.253  -60.081  10.035 0.1000000015
30207  43.667  -60.888  10.580 0.1000000015
30238  46.982  -60.652  8.183 0.1000000015
30251  49.577  -60.758  7.315 0.1000000015
30252  47.816  -60.843  7.686 0.1000000015
30983  34.894  -59.952  36.320 0.1000000015
31008  33.030  -59.118  34.836 0.1000000015
31024  32.075  -59.308  32.920 0.1000000015
31025  32.008  -59.807  32.204 0.2000000030
31075  41.938  -59.555  28.626 0.1000000015
31081  36.358  -59.736  28.442 0.1000000015
31083  34.929  -59.056  28.775 0.1000000015
31103  39.401  -59.237  27.860 0.1000000015
31104  38.536  -59.269  27.788 0.1000000015
31105  37.598  -59.160  27.750 0.1000000015
31198  35.779  -59.558  21.475 0.2000000030
31240  35.628  -59.250  19.606 0.1000000015
31323  44.096  -59.673  13.944 0.1000000015
31347  45.544  -59.506  12.785 0.1000000015
31351  41.880  -59.676  13.816 0.1000000015
31375  46.894  -59.649  12.298 0.1000000015
31376  46.082  -59.410  12.097 0.1000000015
31377  44.864  -59.409  12.608 0.1000000015
31379  42.904  -59.565  12.771 0.1000000015
31380  42.121  -59.722  13.030 0.1000000015
31400  43.198  -59.835  12.033 0.1000000015
31412  46.661  -59.492  10.624 0.1000000015
31414  44.785  -59.716  10.943 0.1000000015
32204  34.265  -57.934  34.776 0.1000000015
32213  32.934  -57.947  33.826 0.1000000015
32230  33.403  -58.735  30.101 0.1000000015
32231  32.928  -58.501  30.658 0.1000000015
32274  39.924  -58.491  27.802 0.1000000015
32278  35.807  -57.864  27.704 0.1000000015
32399  36.596  -58.689  20.262 0.1000000015
33293  36.914  -57.330  33.299 0.1000000015
33294  35.903  -57.391  33.872 0.1000000015
33308  34.179  -56.764  33.517 0.1000000015
33319  33.001  -57.026  32.533 0.1000000015
33347  34.061  -57.667  29.094 0.1000000015
33348  33.505  -57.610  29.840 0.1000000015
33367  35.213  -57.824  28.090 0.1000000015
34402  35.776  -56.193  32.723 0.1000000015
34439  33.498  -56.489  30.382 0.1000000015
34481  40.526  -56.635  27.933 0.1000000015
34482  39.091  -56.365  27.482 0.1000000015
34485  35.480  -56.519  27.675 0.1000000015
35458  36.778  -55.452  33.051 0.1000000015
35464  36.409  -55.388  32.658 0.1000000015
35465  35.770  -55.226  32.284 0.1000000015
35471  34.351  -55.162  30.880 0.1000000015
35496  34.532  -55.659  28.563 0.1000000015
35517  38.252  -55.353  27.420 0.1000000015
35518  37.330  -55.165  27.431 0.1000000015
35521  34.923  -56.022  27.954 0.1000000015
36587  37.463  -54.121  27.530 0.1000000015
36589  35.722  -54.886  27.761 0.1000000015
37578  34.450  -53.449  35.172 0.1000000015
37672  37.923  -53.450  27.636 0.1000000015
143351  36.257  -70.658  14.291 0.2000000030
143579  32.612  -74.128  16.084 0.3000000119
143838  46.982  -59.659  9.688 0.1000000015
144451  38.389  -62.497  21.458 0.2000000030
144485  42.228  -65.216  11.244 0.2000000030
144843  44.052  -65.044  10.408 0.2000000030
144845  32.510  -73.306  19.319 0.5000000000
145012  38.364  -56.142  27.371 0.1000000015
145148  39.526  -78.999  27.088 0.1000000015
145467  35.466  -79.276  37.918 0.1000000015
145605  36.817  -62.306  25.207 0.4000000060
145634  30.816  -81.871  23.579 0.1000000015
145642  41.521  -65.796  29.044 0.3000000119
145847  34.097  -62.611  29.576 0.2000000030
145858  29.987  -72.825  31.624 0.1000000015
146055  26.403  -75.206  24.150 0.1000000015
146190  36.168  -66.530  24.576 0.5000000000
146293  32.218  -62.911  22.263 0.4000000060
146447  42.954  -66.719  20.868 0.1000000015
147134  38.067  -75.527  32.471 0.1000000015
147202  43.979  -70.805  12.761 0.3000000119
147280  43.286  -76.395  20.021 0.1000000015
147367  42.032  -61.937  29.146 0.1000000015
147457  44.485  -63.078  9.676 0.2000000030
147504  35.035  -64.573  17.604 0.2000000030
147997  45.603  -67.016  10.367 0.2000000030
148281  42.891  -77.021  16.975 0.3000000119
148300  32.745  -65.870  18.675 0.4000000060
148389  44.735  -74.857  21.192 0.2000000030
148600  38.523  -63.167  13.077 0.1000000015
148776  33.980  -66.435  23.507 0.4000000060
148861  33.577  -79.843  13.527 0.1000000015
148979  37.593  -72.200  24.240 0.5000000000
149077  38.652  -74.067  13.372 0.2000000030
149091  42.460  -58.844  28.673 0.1000000015
149218  40.103  -71.791  18.327 0.5000000000
149296  39.424  -73.967  13.298 0.1000000015
149403  36.726  -83.272  16.607 0.2000000030
149503  35.016  -71.559  14.783 0.4000000060
149571  32.413  -74.898  16.314 0.3000000119
149676  34.765  -67.275  26.417 0.4000000060
150187  39.181  -70.278  19.995 0.5000000000
150384  40.312  -74.850  18.437 0.4000000060
150761  32.853  -66.477  22.774 0.3000000119
150828  37.646  -70.117  19.022 0.5000000000
150915  34.010  -61.436  36.098 0.1000000015
150922  39.143  -70.975  13.560 0.2000000030
151115  26.168  -78.231  22.467 0.1000000015
151227  34.074  -74.480  19.583 0.4000000060
151334  37.866  -83.255  12.325 0.1000000015
151589  31.380  -65.464  30.082 0.2000000030
151674  44.565  -61.600  9.514 0.1000000015
151709  34.485  -85.126  16.567 0.1000000015
151756  31.921  -69.762  20.574 0.5000000000
151812  28.942  -76.747  22.558 0.1000000015
151934  38.584  -80.303  12.640 0.1000000015
152468  42.125  -78.950  19.813 0.1000000015
152812  45.105  -73.943  30.320 0.1000000015
152894  41.152  -70.111  24.607 0.5000000000
153082  39.434  -78.975  9.821 0.1000000015
153156  36.965  -58.648  27.623 0.1000000015
153538  42.753  -79.241  16.852 0.1000000015
153662  31.461  -66.139  20.735 0.4000000060
153959  42.081  -75.233  11.680 0.1000000015
154391  44.237  -59.388  13.032 0.1000000015
154447  44.176  -75.317  30.813 0.1000000015
154466  39.170  -74.153  29.500 0.1000000015
154513  30.027  -82.252  23.407 0.1000000015
154719  33.472  -67.469  33.779 0.1000000015
154857  32.818  -76.097  14.846 0.1000000015
154893  43.383  -77.133  17.192 0.3000000119
154899  31.826  -65.783  22.355 0.4000000060
154911  27.424  -75.984  27.600 0.1000000015
154919  36.840  -82.626  11.839 0.1000000015
154939  36.994  -65.436  15.561 0.2000000030
155448  34.785  -65.726  24.754 0.4000000060
155656  46.134  -59.425  11.295 0.1000000015
155994  33.279  -68.874  26.747 0.3000000119
156621  38.298  -76.214  13.547 0.1000000015
156639  27.897  -78.959  22.454 0.1000000015
156686  35.994  -67.489  23.327 0.5000000000
156718  31.545  -78.523  32.622 0.1000000015
156980  34.558  -70.627  26.458 0.3000000119
156996  30.118  -79.805  22.676 0.1000000015
157037  31.534  -65.394  29.379 0.2000000030
157047  30.918  -79.166  22.975 0.1000000015
157594  38.591  -53.249  27.642 0.1000000015
158036  35.275  -69.408  25.154 0.5000000000
158074  30.839  -71.672  30.106 0.1000000015
158249  29.381  -78.570  22.542 0.1000000015
158481  39.241  -76.212  13.393 0.1000000015
158915  41.543  -66.210  11.631 0.2000000030
159002  40.312  -66.567  30.541 0.3000000119
159017  35.333  -84.740  11.335 0.1000000015
159288  26.998  -76.948  22.452 0.1000000015
159406  34.897  -79.346  27.825 0.1000000015
159525  38.370  -70.671  13.664 0.2000000030
159540  35.404  -81.310  16.331 0.3000000119
160037  29.491  -74.967  30.380 0.1000000015
160148  46.077  -67.656  29.974 0.1000000015
160153  38.659  -63.409  21.156 0.2000000030
160214  39.211  -75.783  6.112 0.1000000015
160596  45.516  -61.493  14.686 0.1000000015
160636  33.547  -79.545  14.403 0.2000000030
160673  41.137  -77.247  11.913 0.2000000030
161185  43.504  -74.259  17.453 0.2000000030
161208  42.528  -70.548  5.154 0.1000000015
161224  39.662  -79.202  27.868 0.1000000015
161407  38.483  -66.321  28.577 0.5000000000
161539  41.859  -66.828  30.940 0.2000000030
161643  46.326  -67.225  30.254 0.1000000015
161891  43.473  -70.034  8.600 0.2000000030
161903  35.848  -80.845  38.902 0.1000000015
161920  34.281  -70.277  15.585 0.4000000060
162010  41.203  -62.031  11.854 0.1000000015
162142  44.326  -59.447  12.351 0.1000000015
162248  40.563  -63.607  23.896 0.1000000015
162539  33.289  -73.046  27.885 0.1000000015
162590  42.270  -72.141  13.393 0.2000000030
162626  40.120  -62.327  12.427 0.1000000015
162839  40.011  -70.971  13.541 0.2000000030
163107  37.183  -77.476  28.480 0.1000000015
163320  44.104  -66.122  21.446 0.1000000015
163723  32.042  -69.023  21.113 0.5000000000
163776  41.130  -73.579  23.586 0.4000000060
163854  37.008  -75.370  19.530 0.4000000060
163862  33.550  -74.047  35.616 0.1000000015
163959  33.651  -84.906  16.447 0.1000000015
163988  33.652  -88.316  11.652 0.1000000015
164028  30.353  -82.662  37.712 0.1000000015
164183  42.087  -76.734  17.324 0.3000000119
164586  35.843  -63.389  30.186 0.2000000030
164627  42.545  -73.612  12.996 0.2000000030
164682  39.348  -73.333  18.661 0.4000000060
164775  35.810  -79.234  28.346 0.1000000015
164808  26.487  -75.634  23.462 0.1000000015
164865  32.666  -67.699  27.118 0.3000000119
165259  30.059  -81.127  35.032 0.1000000015
165540  34.098  -76.894  38.328 0.1000000015
165558  32.416  -67.090  31.874 0.1000000015
165792  37.633  -64.191  31.080 0.1000000015
165966  33.597  -61.776  23.164 0.3000000119
165997  33.781  -75.280  26.464 0.1000000015
165999  35.531  -60.678  22.532 0.2000000030
166205  30.514  -79.465  22.802 0.1000000015
166347  38.047  -62.255  24.777 0.3000000119
166423  32.298  -59.231  33.669 0.1000000015
166472  43.963  -71.859  19.301 0.4000000060
166606  33.735  -79.145  24.416 0.1000000015
166795  37.045  -66.441  25.017 0.5000000000
166828  37.582  -72.404  13.464 0.2000000030
166859  33.162  -60.361  35.532 0.1000000015
167143  32.791  -75.847  36.946 0.1000000015
167658  31.595  -79.532  37.559 0.1000000015
167766  31.531  -68.908  18.961 0.4000000060
167800  46.958  -62.017  7.792 0.1000000015
167913  43.767  -77.160  17.595 0.2000000030
167923  35.397  -63.231  17.094 0.2000000030
168005  45.354  -59.383  12.193 0.1000000015
168011  40.508  -78.295  28.933 0.1000000015
168085  41.231  -59.443  28.415 0.1000000015
168451  36.556  -77.426  33.117 0.1000000015
168469  45.291  -75.119  24.202 0.2000000030
168616  40.240  -72.963  13.371 0.2000000030
168704  36.937  -61.065  22.387 0.2000000030
168705  35.652  -75.039  33.898 0.1000000015
168878  44.763  -68.004  11.192 0.3000000119
168897  40.504  -63.177  30.261 0.1000000015
169027  35.956  -62.443  24.942 0.3000000119
169028  43.543  -65.700  21.161 0.1000000015
169245  45.053  -66.454  10.422 0.3000000119
169281  35.518  -69.660  32.056 0.1000000015
169424  34.472  -72.949  19.785 0.5000000000
169476  44.203  -76.305  29.511 0.1000000015
169517  37.043  -68.105  15.177 0.3000000119
169541  40.374  -54.937  27.815 0.1000000015
169550  36.418  -60.985  16.262 0.2000000030
169572  32.568  -75.567  36.569 0.1000000015
169629  37.579  -74.316  19.387 0.4000000060
169671  35.724  -79.072  34.526 0.1000000015
169789  33.008  -61.768  22.753 0.4000000060
169790  43.454  -76.092  30.283 0.1000000015
169850  35.466  -80.253  16.787 0.4000000060
170030  37.364  -62.947  14.032 0.2000000030
170058  41.223  -72.865  5.427 0.1000000015
170174  33.428  -68.729  30.452 0.1000000015
170298  44.770  -75.110  19.708 0.1000000015
170436  36.640  -86.807  10.267 0.2000000030
170544  37.875  -72.047  18.288 0.4000000060
170633  26.010  -79.452  22.465 0.1000000015
170715  32.365  -65.734  33.451 0.1000000015
170770  26.769  -81.167  22.565 0.1000000015
170796  41.093  -63.879  24.046 0.1000000015
171030  42.244  -62.658  11.191 0.1000000015
171345  34.266  -64.708  25.122 0.4000000060
171495  35.940  -67.972  15.604 0.4000000060
172032  36.258  -80.977  17.046 0.4000000060
172047  45.099  -73.541  18.091 0.3000000119
172150  46.058  -66.102  30.540 0.1000000015
172215  32.032  -62.416  34.132 0.1000000015
172478  37.838  -66.357  28.953 0.5000000000
172504  29.390  -78.044  22.537 0.1000000015
172667  39.059  -74.085  25.232 0.3000000119
172811  36.705  -69.331  25.274 0.5000000000
172870  34.456  -66.340  17.336 0.3000000119
