global_signal	global_signal_derivative1	global_signal_power2	global_signal_derivative1_power2	csf	csf_derivative1	csf_power2	csf_derivative1_power2	white_matter	white_matter_derivative1	white_matter_derivative1_power2	white_matter_power2	csf_wm	tcompcor	std_dvars	dvars	framewise_displacement	rmsd	t_comp_cor_00	t_comp_cor_01	t_comp_cor_02	t_comp_cor_03	c_comp_cor_00	c_comp_cor_01	c_comp_cor_02	c_comp_cor_03	c_comp_cor_04	c_comp_cor_05	c_comp_cor_06	c_comp_cor_07	c_comp_cor_08	w_comp_cor_00	w_comp_cor_01	w_comp_cor_02	w_comp_cor_03	w_comp_cor_04	w_comp_cor_05	w_comp_cor_06	w_comp_cor_07	w_comp_cor_08	w_comp_cor_09	w_comp_cor_10	w_comp_cor_11	w_comp_cor_12	w_comp_cor_13	w_comp_cor_14	w_comp_cor_15	w_comp_cor_16	w_comp_cor_17	w_comp_cor_18	w_comp_cor_19	w_comp_cor_20	w_comp_cor_21	w_comp_cor_22	w_comp_cor_23	w_comp_cor_24	w_comp_cor_25	w_comp_cor_26	w_comp_cor_27	w_comp_cor_28	w_comp_cor_29	w_comp_cor_30	w_comp_cor_31	w_comp_cor_32	w_comp_cor_33	a_comp_cor_00	a_comp_cor_01	a_comp_cor_02	a_comp_cor_03	a_comp_cor_04	a_comp_cor_05	a_comp_cor_06	a_comp_cor_07	a_comp_cor_08	a_comp_cor_09	a_comp_cor_10	a_comp_cor_11	a_comp_cor_12	a_comp_cor_13	a_comp_cor_14	a_comp_cor_15	a_comp_cor_16	a_comp_cor_17	a_comp_cor_18	a_comp_cor_19	a_comp_cor_20	a_comp_cor_21	a_comp_cor_22	a_comp_cor_23	a_comp_cor_24	a_comp_cor_25	a_comp_cor_26	a_comp_cor_27	a_comp_cor_28	edge_comp_00	edge_comp_01	edge_comp_02	edge_comp_03	edge_comp_04	edge_comp_05	edge_comp_06	edge_comp_07	edge_comp_08	edge_comp_09	edge_comp_10	edge_comp_11	edge_comp_12	edge_comp_13	edge_comp_14	edge_comp_15	edge_comp_16	edge_comp_17	edge_comp_18	edge_comp_19	edge_comp_20	edge_comp_21	edge_comp_22	edge_comp_23	cosine00	cosine01	cosine02	non_steady_state_outlier00	trans_x	trans_x_derivative1	trans_x_power2	trans_x_derivative1_power2	trans_y	trans_y_derivative1	trans_y_derivative1_power2	trans_y_power2	trans_z	trans_z_derivative1	trans_z_derivative1_power2	trans_z_power2	rot_x	rot_x_derivative1	rot_x_derivative1_power2	rot_x_power2	rot_y	rot_y_derivative1	rot_y_derivative1_power2	rot_y_power2	rot_z	rot_z_derivative1	rot_z_power2	rot_z_derivative1_power2
551.8951688304775	n/a	304588.2773784212	n/a	655.7838680661957	n/a	430052.4816158616	n/a	529.1341635159084	n/a	n/a	279982.96299968014	533.7301908991578	477.44162562068334	n/a	n/a	n/a	n/a	0.0	0.0	0.0	0.0	0.0	0.0	0.0	0.0	0.0	0.0	0.0	0.0	0.0	0.0	0.0	0.0	0.0	0.0	0.0	0.0	0.0	0.0	0.0	0.0	0.0	0.0	0.0	0.0	0.0	0.0	0.0	0.0	0.0	0.0	0.0	0.0	0.0	0.0	0.0	0.0	0.0	0.0	0.0	0.0	0.0	0.0	0.0	0.0	0.0	0.0	0.0	0.0	0.0	0.0	0.0	0.0	0.0	0.0	0.0	0.0	0.0	0.0	0.0	0.0	0.0	0.0	0.0	0.0	0.0	0.0	0.0	0.0	0.0	0.0	0.0	0.0	0.0	0.0	0.0	0.0	0.0	0.0	0.0	0.0	0.0	0.0	0.0	0.0	0.0	0.0	0.0	0.0	0.0	0.0	0.0	0.0	0.0	0.0	0.0	0.0	0.0	0.0	0.0	1.0	0.0774531394450974	n/a	0.0059989888099017	n/a	-0.1453987645997898	n/a	n/a	0.021140800747145	-0.0757218687329697	n/a	n/a	0.005733801404413	-0.0015020111804532	n/a	n/a	2.2560375862064154e-06	-0.0020528579151235	n/a	n/a	4.214225619685203e-06	0.0004739590442083	n/a	2.246371755868453e-07	n/a
547.3691662550079	-4.526002575469533	299613.0041667025	20.48469931315685	641.3212264050012	-14.46264166119454	411292.9154376148	209.16800382011996	528.9029496737888	-0.2312138421195868	0.0534598407877012	279738.3301736344	530.5084032328015	469.3457997310141	1.453035	24.695038	0.0946883983680149	0.0494031597264398	-0.1830003034	0.1135960187	0.1442883846	-0.0104291601	0.0105207016	0.194582881	0.0598255979	-0.3082360325	0.1016861685	-0.1396888367	0.1383946134	-0.3488684644	-0.0026546416	-0.0195776289	0.0628386892	-0.0418666615	-0.0907511425	0.101336543	-0.1126602988	0.1829401082	-0.0455080849	0.0620983456	-0.1016345384	0.1227410519	-0.0502590058	-0.0323562524	0.0169804314	-0.0052813458	0.0949055451	-0.1037204161	0.077352796	-0.1332027951	0.0566693659	-0.0789753816	0.0273107145	-0.0350282525	0.0679834606	-0.0820014671	0.0333412079	-0.0718620346	0.2417983783	-0.1061420598	0.0097166969	0.0010762576	0.0401385557	-0.1320518186	0.0235578029	-0.0477974939	-0.0911929196	0.2560220231	-0.094936959	0.0083501556	0.0722639935	-0.1485418134	0.0711237805	-0.0481873169	0.0702071961	-0.1794619186	0.2273239613	-0.112050747	0.11395911	-0.01626742	0.021585126	-0.0372747805	-0.0994853852	0.0954600712	-0.0301518614	0.097135688	-0.0632703507	0.1134858468	-0.1420118113	0.1715085171	-0.0892262275	0.126620152	-0.097564802	0.0243506174	-0.2370547633	-0.0220007169	0.1233513653	-0.0569142687	0.1395397068	-0.1114154735	0.0565624796	-0.1891115211	-0.0506417321	0.1536143749	-0.1362827639	0.1160974356	-0.0176167324	0.2360723049	-0.084634495	0.1134144148	-0.0426106032	0.0680655808	-0.1001244242	0.0541142814	-0.0246620392	0.1756672521	-0.0078719828	0.0914089773	0.1158504512	0.1158311377	0.115798951	0.0	0.0647662638600365	-0.0126868755850608	0.0041946689343878	0.0001609568121108	-0.1209136422592109	0.0244851223405788	0.0005995212160331	0.0146201088843884	-0.0340929092832595	0.0416289594497102	0.0017329702648656	0.0011623264633965	-0.001353448632057	0.0001485625483962	2.2070830785973285e-08	1.8318231996169648e-06	-0.0019708793353812	8.197857974230009e-05	6.7204875365646544e-09	3.88436535463264e-06	0.0005611667359231	8.720769171480003e-05	3.149081055065863e-07	7.605181494223602e-09
545.7048569879464	-1.664309267061526	297793.790940235	2.769925336426874	635.4760281793002	-5.845198225700983	403829.7823905388	34.16634229773792	527.8214229515621	-1.0815267222267266	1.1697000508904871	278595.45452661184	529.1624801996292	464.8676960557859	1.047742	17.806894	0.1744282441059726	0.1053250461776846	-0.2151206816	0.0911369247	0.0538459252	0.110955284	0.0690908153	0.0775296208	-0.1911218012	-0.2104167271	0.0270316175	-0.0171913316	-0.0185040024	-0.0119244536	-0.2272851205	-0.1424130629	-0.0428681536	-0.0549475337	-0.0105782227	0.0992416612	-0.0768623403	0.0283751296	0.004619922	0.0405113052	-0.080464611	0.0579143088	-0.0455843271	0.0542004126	-0.0677317791	0.1049573272	0.051069988	-0.0479759827	0.0976555201	0.0489560525	0.0955292167	-0.1166098523	-0.2328916034	-0.0476258853	0.0769301336	-0.132313701	0.096141195	0.0400212823	-0.0309376316	-0.0738867957	0.0201823235	-0.0594080331	-0.0253541304	-0.0391054903	0.0307895215	-0.1096772985	0.0739547861	0.1943079818	-0.0146156144	0.0590094937	0.0743826738	0.0301863356	0.1037719184	-0.0053865377	-0.070172667	-0.1672634726	0.1285320945	-0.112027218	0.0635369581	0.0096183536	0.1246539349	0.1306028451	-0.0054339324	0.1125315548	-0.1601270445	-0.2165808938	0.018382411	-0.0888289165	-0.008561368	-0.0158105858	0.0806463418	0.1487722945	0.1660159604	-0.0839031653	-0.2275179161	0.0939810472	-0.0070567534	-0.1278652344	0.1212327798	0.0089532115	0.0698573982	-0.1857208011	0.0011377967	0.1400119373	0.0577350034	0.1470676875	0.1213718161	0.0168496201	-0.0325385404	0.008433622	0.0551668132	0.0734263518	-0.1114751418	-0.0678317389	-0.1736535058	0.0008696478	-0.1572772226	-0.0843930988	0.115798951	0.1156251942	0.1153357926	0.0	0.0643971313218543	-0.0003691325381822	0.0041469905224841	1.3625883074483437e-07	-0.0349624903698071	0.0859511518894038	0.0073876005111153	0.0012223757328588	0.0137799391054471	0.0478728483887066	0.002291809612848	0.0001898867217498	-0.0015502084078179	-0.0001967597757609	3.8714409357479694e-08	2.403146107669309e-06	-0.0015422983875779	0.0004285809478032	1.8368162881997481e-07	2.3786843163253903e-06	0.0003818052336937	-0.0001793615022294	1.4577523647590088e-07	3.2170548481987064e-08
544.0457481054111	-1.6591088825352929	295985.77603157645	2.752642284107508	631.05695079935	-4.419077379950181	398232.8751521733	19.52824488998736	526.8932688406536	-0.9281541109085084	0.8614700535963635	277616.5167495893	527.4724301167937	458.0197285684576	1.117965	19.000359	0.0507361270285768	0.0251608894733154	-0.1817213315	-0.0740514742	0.0077989995	0.0195088811	0.0004730377	-0.0988151027	-0.1778436779	-0.0739867851	-0.1846028165	0.1300527011	0.0218565473	0.065606605	-0.1293562563	0.0047222512	-0.1109789859	-0.0165539207	-0.0860235077	0.0667513139	-0.0330327938	-0.0070782406	0.1172274132	-0.0276214542	-0.0042430748	0.0808295733	0.1197692004	-0.0761817854	-0.0837265869	-0.1046606077	-0.1242723414	-0.0313377413	-0.0469741622	0.0159116281	-0.0746732574	-0.0328730734	-0.0329453189	-0.0367910734	-0.0404282978	-0.0716447779	-0.0267311941	0.0404190521	-0.0638940295	-0.0072619939	0.0383773346	-0.0713341391	0.0611274286	0.074952925	-0.0575159784	0.0279876376	0.1258050023	0.0910080161	-0.0476738898	0.1617874323	-0.0618429335	0.0851833554	0.0777465066	0.1319983401	0.0647646575	0.0571417236	-0.0049262973	0.0326243527	0.0943602149	-0.0322225349	0.1210153687	0.0021441133	-0.0051688178	-0.1755359933	0.0654403893	-0.1352220797	0.1058846128	-0.1616338485	0.096070628	-0.0121795649	0.0009357067	0.0301609526	0.0158875512	0.0111131789	-0.1897260649	-0.0293890268	-0.0981516367	-0.1738493901	0.00453873	0.0255190928	0.1068471676	-0.2159910839	0.1049314784	0.0696261706	0.0153316652	0.0969687018	-0.0959906792	-0.0377697464	0.0342836941	-0.0039318542	-0.0560671134	0.0685310626	-0.0631445489	-0.022975262	-0.1209269111	-0.054953285	0.0051020638	0.0310479277	0.1156959735	0.1152136733	0.1144113283	0.0	0.0567156061072466	-0.0076815252146077	0.0032166599761123	5.900582962265389e-05	-0.0522063988403829	-0.0172439084705758	0.0002973523793415	0.0027255080798811	0.0188535247526004	0.0050735856471532	2.574127131899995e-05	0.0003554553955969	-0.0014562398578259	9.396854999200012e-05	8.830088387599026e-09	2.120634523520797e-06	-0.0012558064796968	0.0002864919078811	8.207761328135269e-08	1.5770499144484691e-06	0.0004160869297454	3.4281696051699994e-05	1.7312833310495345e-07	1.1752346841811427e-09
544.3405754792493	0.2948273738381886	296306.6621130803	0.086923180364323	632.8597846195615	1.802833820211504	400511.5069887178	3.2502097832984047	527.3451471328735	0.4518782922199307	0.2041939909796011	278092.90420459205	527.935068749213	456.2886767481222	1.030649	17.516376	0.0820346362543096	0.0495420464043614	-0.1851650542	-0.1460067846	0.0491667055	-0.1042773867	-0.1300414318	-0.0012041194	-0.187740242	-0.0508304294	-0.0570328464	0.0261073758	0.1771258825	0.0615286396	0.0257760386	0.0993855455	0.0580950244	0.0572670179	-0.0916495655	-0.0278252361	-0.1442760977	0.0105847668	0.1491305665	-0.0941329373	-0.0591897141	0.1045600727	0.0972327951	-0.1768709658	0.0029730267	0.0355681943	0.0857474995	0.1343316179	-0.0402855848	-0.0254881288	-0.032905066	-0.0553859856	-0.0738277131	-0.0384405767	0.1021746995	0.1090319568	-0.1231474358	-0.2118005192	-0.0119913995	-0.04701303	-0.1035601051	-0.0376504752	-0.018318522	-0.004821814	0.0146214	0.114446144	-0.0665310574	0.0580698741	-0.1586117506	0.1120124891	0.0678493554	0.0529342006	0.0674211207	0.0747941531	-0.0080230329	0.0744715641	-0.0229414678	0.0065819806	-0.1171489289	-0.0668043067	0.0590692025	-0.1303855511	0.0409939102	0.1203918712	0.0346436428	-0.1282364418	-0.1746980295	-0.2085079221	-0.0022909813	-0.0556681463	0.1165035318	0.0987042146	-0.0751670045	-0.0411729221	-0.1864515562	-0.1256157935	0.0250037274	-0.1270925664	-0.0097245752	-0.0876480831	0.1084168565	-0.1355215814	-0.0756239923	-0.0188114334	-0.0348886277	-0.0324471752	0.0169621976	-0.0545429721	0.0145149073	0.0712074106	0.1067373597	0.0376441871	-0.0731496302	0.020515033	-0.0175871449	0.127571006	-0.0716683076	0.0714706902	0.1155415645	0.1145973067	0.1130292557	0.0	0.0483336022751785	-0.0083820038320681	0.0023361371088951	7.025798824080432e-05	-0.0866729797846659	-0.0344665809442829	0.0011879452019888	0.0075122054247531	0.032979176841664	0.0141256520890636	0.0001995340469412	0.0010876261051537	-0.0009562384500533	0.0005000014077726	2.5000140777458184e-07	9.143919733603374e-07	-0.0012562000917539	-3.9361205709988883e-07	1.5493045149440614e-13	1.5780386705225063e-06	0.0004168998976936	8.129679481999911e-07	1.7380552469693416e-07	6.609168848005034e-13
543.9989323402109	-0.3416431390384105	295934.8383872894	0.1167200344520186	630.9830308234555	-1.8767537961060723	398139.5851871538	3.5222048111985536	526.7066765172141	-0.6384706156594575	0.4076447270605667	277419.9230878092	527.3195845026397	456.20796192012233	1.171393	19.908392	0.0431265503913237	0.0301961041976405	-0.209339099	0.0443570937	-0.0531344095	0.0387675048	0.0308393299	0.0841587717	-0.2093469255	-0.0038716413	-0.041215209	-0.0526762977	-0.0730822351	-0.045182941	0.0459458982	-0.0547164961	0.0312235075	-0.1637044346	-0.0775265113	-0.0550658599	-0.0933263247	0.0224194655	0.0506190833	-0.1280300892	0.0314586674	0.0762565414	0.0036451052	0.1606466085	-0.0348289013	0.0537936728	0.0366205083	0.0083831007	0.1240735298	-0.1394765478	0.1974639049	0.0425971808	0.1422295467	-0.065525814	0.1289843586	-0.0627015985	0.0008005531	0.0630396484	0.071150466	0.002463512	0.0771377059	0.1161232586	0.0989788604	-0.0234234866	-0.1668226623	-0.0706452279	-0.0681774718	0.1432462987	-0.0874541928	-0.0177857452	0.0187782944	0.0729198531	0.1612508469	0.1111323801	-0.063825899	0.0446192974	-0.0633479058	-0.0853306634	0.0539819839	-0.0483890578	-0.1315822884	0.0191629155	-0.0826406104	-0.0119283022	0.0621190881	0.1175772831	-0.1360102608	0.1993113211	-0.0007782993	-0.0646750084	-0.0958158054	0.1415529618	0.0708697135	-0.0041216049	-0.163418309	0.0398179744	0.0640679103	-0.1281011514	0.1185510639	-0.0510495282	-0.0195014141	-0.047064211	-0.1457450111	0.0045760223	-0.0485461976	0.0004336137	-0.063189602	0.0252349539	0.0643518254	-0.0299917488	0.0690037081	-0.0571977539	0.0798139545	0.0041893321	-0.003776562	-0.0728707503	-0.0662550433	-0.0491366844	0.1153357926	0.1137771902	0.1111951025	0.0	0.0483203216599008	-1.3280615277701248e-05	0.0023348534853162	1.7637474215431175e-10	-0.0592841001220563	0.0273888796626095	0.0007501507291729	0.0035146045272819	0.0373466450611204	0.0043674682194563	1.907477864796163e-05	0.0013947718973213	-0.0010772164652482	-0.0001209780151949	1.463568016049746e-08	1.1603953130018264e-06	-0.0013617287355363	-0.0001055286437824	1.11362946585527e-08	1.8543051491852905e-06	0.0004162681187913	-6.317789022999864e-07	1.7327914672204786e-07	3.991445813913758e-13
544.2176596343808	0.2187272941698665	296172.8610579227	0.0478416292148713	629.9044035549822	-1.0786272684732694	396779.5576179579	1.1634367842941065	527.4314196280071	0.7247431107930424	0.5252525766419762	278183.90241081495	527.5481263653678	456.4106873357019	1.035164	17.593124	0.1083877390318743	0.0636223358779528	-0.1780610206	-0.0241869334	-0.0471660567	0.0562310271	0.0807044223	-0.0881459118	-0.1222798717	0.0409722259	-0.148992931	-0.0371689463	0.0300422318	0.0336009424	0.0678365486	-0.1030444301	-0.1200407227	0.0688000394	-0.0317806081	0.0879451796	-0.1331875329	0.0189453215	0.08831968	-0.0694143584	-0.032805572	0.1506529039	0.0814962648	0.1005994257	-0.0040286281	0.026834118	-0.0308723009	-0.0993382223	-0.0318122455	0.0656583293	-0.1776296055	-0.0686402413	0.0212071077	-0.0170461677	-0.0707477579	0.0788184307	-0.0333616079	-0.0577985851	0.0698548526	0.0076997429	0.0441263813	0.1480853612	-0.0126088483	0.0695860197	0.0578405711	-0.0547735963	0.1117318817	0.0438011474	-0.0586768376	0.1608674917	0.123327316	0.0120379895	0.0117210047	0.0466356414	0.0537972499	0.1488204035	0.0110823073	-0.0126887027	-0.0598964962	0.0591095975	0.1636115674	-0.0655280624	0.0681923764	-0.0918600112	-0.0465921121	0.0585919879	0.0419790548	0.0641600834	-0.034279951	0.0188103839	0.0600429663	-0.0302895051	0.1600358007	0.0467891766	-0.1443168618	0.0603193032	-0.1097067184	-0.1229179988	0.0140323438	0.0611877083	0.0730622204	-0.0564644239	-0.0503735112	0.0365480914	0.0709369293	-0.0764097004	-0.0579679862	-0.0491395326	0.0608624432	-0.0121757855	-0.2103788614	0.1854410005	0.1671429464	-0.0512568712	-0.0352073795	-0.1425831914	0.0413048757	-0.0549519777	0.1150787493	0.1127547821	0.1089162049	0.0	0.0483041087680931	-1.6212891807698693e-05	0.0023332869238797	2.628578607681434e-10	-0.0049939014865145	0.0542901986355418	0.0029474256678865	2.4939052057011733e-05	0.0195432478629555	-0.0178033971981649	0.0003169609517956	0.0003819385370329	-0.0012788595878628	-0.0002016431226145	4.0659948897766586e-08	1.6354818454686103e-06	-0.0009581930894784	0.0004035356460579	1.6284101763936673e-07	9.181339967241612e-07	0.0002958882813366	-0.0001203798374546	8.754987503232698e-08	1.4491305265619988e-08
544.7103669964694	0.4927073620885949	296709.38391342835	0.2427605446563017	632.3611028824729	2.4566993274906963	399880.5644387375	6.035371585693239	527.2826202937534	-0.148799334253681	0.0221412418743387	278026.96166384657	527.9214984377458	460.1385498149237	1.18224	20.092743	0.1057598599454388	0.0704239644924378	-0.1050642446	-0.1641712759	0.0566742311	-0.0822838558	-0.1220650365	-0.0235528537	-0.0566956089	0.0619941007	-0.0402459629	-0.0489547708	0.2018619933	-0.0032549542	0.00116533	0.1437485523	-0.0627066101	0.0784402337	-0.0454017082	0.0482174823	-0.1810161705	0.0322028075	0.0340976724	0.0200038154	-0.0564481862	0.1655787434	0.0525098267	-0.0871154847	0.0367140531	0.0227909257	-0.075084575	-0.0517659429	-0.1728563072	-0.0085628365	-0.0504315297	-0.0577871867	0.140579205	0.108257951	-0.0496196776	-0.0339750455	0.1870717337	0.0834215999	-0.1217679582	0.1573881102	-0.0080176604	-0.0417169351	-0.0135445951	-0.0057105513	-0.1767444266	0.1551159398	0.0118436253	0.0203187597	-0.1590635415	0.1189803568	0.0649841853	0.0101704287	-0.0341874676	0.0230513936	0.0539971983	0.0372234065	0.0429483216	-0.0299682471	-0.1011008601	0.0928551439	0.0859919766	-0.0726099942	-0.015081688	0.0016121657	0.0376798249	-0.0242182147	-0.0873404097	-0.0148379444	0.1950580116	0.141194497	0.0131971459	-0.1772479867	-0.1027358914	0.1113632527	-0.1228410723	-0.138330246	-0.0278154473	-0.1108825733	-0.0695768383	-0.0723976152	0.0233282193	-0.0510844562	0.000319714	-0.0987464136	-0.012497732	-0.0926045502	-0.0271367637	-0.0992368831	-0.035556336	0.0244299635	0.038110933	-0.1182059334	0.1141409873	0.0356241048	0.0839463706	0.0311176056	0.0781311269	0.0082284061	0.1147705489	0.1115319001	0.1062016776	0.0	0.0481846649230988	-0.0001194438449943	0.0023217619337513	1.4266832107022498e-08	-0.0581884556029308	-0.0531945541164163	0.0028296605876443	0.0033858963654542	0.0218566598417737	0.0023134119788182	5.351874983739546e-06	0.000477713579439	-0.0006149160683541	0.0006639435195086	4.408209970975994e-07	3.781217711200642e-07	-0.0006600788750665	0.0002981142144119	8.887208483442432e-08	4.357041213090561e-07	0.000255297015153	-4.059126618360004e-05	6.51765659460311e-08	1.6476508903878723e-09
545.2604198814281	0.5500528849587454	297308.9254892713	0.3025581762514387	633.1793406694785	0.8182377870056143	400916.0774506355	0.6695130760838451	527.3646257604871	0.0820054667336762	0.006724896574208	278113.4485034986	528.4009235386532	463.8416901521904	1.15122	19.565542	0.0482512233179817	0.0224376815831727	-0.0994409425	0.0315336423	0.0324911442	0.0568220308	-0.0362740949	0.1213163097	-0.1343182707	-0.0239673141	0.0191130309	-0.0647765523	-0.04024864	-0.0060267524	0.0462968547	0.033888215	0.1651719764	-0.1247429385	-0.0352581047	0.0208136207	-0.0946877128	0.0772687667	-0.0493402702	0.0805223575	-0.1137072428	-0.0455402002	0.0277863168	-0.0788951062	0.0353190472	0.0341286992	0.0547553198	-0.0776849997	0.0164372512	0.1071439008	0.0910095681	0.031568229	-0.0537309515	-0.0425699077	-0.0334317821	-0.134818718	0.1076978058	0.0553957756	-0.043334551	-0.022587265	-0.0827907949	0.0180740843	-0.0128362931	-0.0266012677	-0.1068094507	-0.0089817907	-0.1252234447	0.1276099245	-0.0516699794	-0.06299642	0.0096734555	0.0283932942	0.0334020694	0.0275242593	-0.0400840886	-0.0518105387	0.1162788199	0.0568778875	-0.0500480465	-0.0351560403	-0.0944304979	0.0374141698	-0.0782469691	0.0588070141	0.0344502454	-0.0664181867	0.0107121611	0.0008792881	0.0942015768	0.1482697168	-0.1689611703	-0.0901712581	0.0200432463	0.0038691821	-0.1077949103	-0.0012313189	0.1071113185	-0.0834218366	0.093614722	0.0086962109	-0.0757439331	0.0130985095	-0.0529025519	-0.1130849073	-0.0254828559	-0.0413637813	-0.0307583771	0.0404363317	0.0578341357	-0.084094827	0.1046360075	-0.2457193764	0.0181898991	0.0303898091	0.1381755583	-0.0411212559	0.034855048	-0.0337351581	0.1144113283	0.1101107184	0.103062378	0.0	0.0312217900923741	-0.0169628748307247	0.0009748001765722	0.0002877391225228	-0.0617029248844716	-0.0035144692815407	1.2351494330893886e-05	0.0038072509392987	0.0102852252270224	-0.0115714346147513	0.0001338980990434	0.0001057858579705	-0.0005423804744582	7.25355938959e-05	5.261412381830925e-09	2.9417657907350217e-07	-0.0005711135849548	8.896529011169995e-05	7.914822844658937e-09	3.261707269199236e-07	0.0004178450229647	0.0001625480078117	1.745944632163707e-07	2.6421854843552485e-08
544.8664764508238	-0.3939434306042813	296879.47715993616	0.1551914265162702	631.1288732769846	-2.0504673924939425	398323.654683876	4.204416527680908	527.0926322596414	-0.2719935008457241	0.0739804645023129	277826.6429823976	527.3087004680477	461.08546454236847	1.043291	17.731234	0.0967720516911461	0.0572585316526428	-0.1095887139	0.0270813967	-0.073169434	-0.0059467846	0.1009313225	0.0052418229	-0.0722427454	0.0239115047	-0.194762908	0.0607281312	-0.007859918	-0.0160780692	-0.0661405323	-0.099092285	0.0628875047	0.0225789243	-0.0396611903	0.1193974963	-0.012630953	-0.1580000511	0.0317383005	0.0946704055	-0.0444504019	0.073450593	0.0488216902	-0.0625849793	-0.0829061721	0.0153852536	0.0051003403	-0.1044742558	0.116373515	0.1277443877	-0.0454915487	-0.0859888777	0.0715728965	0.025320947	-0.1130473147	0.0754688193	-0.1194508256	-0.0852049079	-0.0458626096	-0.0142780265	0.1080300264	-0.1329582946	-0.0107104076	-0.1602345278	-0.000265407	-0.1122683119	0.0040982195	-0.0240460756	0.0093296051	0.1266255236	-0.1246418671	0.1391980341	0.0342558134	0.1340973143	0.1129231126	-0.1092282538	0.0272374815	0.0850559475	-0.0056473967	-0.0399496924	0.0612033072	0.0006812184	-0.015970209	-0.0413991261	-0.0341315741	-0.0265847686	-0.030696469	-0.0906185375	-0.0290466143	-0.0859079789	-0.0541644142	-0.1813202326	0.1661319083	-0.1131525652	-0.0817225461	0.1017634322	-0.0079099859	-0.0756933158	-0.097256737	0.1090965631	-0.0008991448	0.0063822169	0.0520565359	-0.0578117455	0.0673020821	-0.0637263683	-0.0421337834	-0.074284002	-0.0280846572	-0.0760563581	-0.0959567509	-0.1717792211	0.1091611517	0.0684614691	0.0452752894	-0.271360329	0.193924301	-0.1152818587	0.1140012473	0.1084937639	0.0995108621	0.0	0.0233759193796458	-0.0078458707127283	0.0005464336068437	6.15576872408477e-05	-0.0192108126998817	0.0424921121845899	0.0018055795979077	0.0003690553245899	0.0029383071028945	-0.0073469181241279	5.3977205922639016e-05	8.63364863092027e-06	-0.0010669259174031	-0.0005245454429448	2.751479217142612e-07	1.1383309132264464e-06	-0.0006421236074873	-7.10100225325e-05	5.042423300066157e-09	4.123227272925042e-07	0.0002316574750481	-0.0001861875479166	5.3665185745661084e-08	3.4665802999196226e-08
545.6534949432083	0.7870184923845045	297737.7365437379	0.6193981073551784	633.3942945633811	2.2654212863965317	401188.3323854432	5.132133604858515	527.3419753313065	0.2493430716650664	0.0621719673873704	278089.5589463242	528.1616291749435	462.7727862922792	1.138783	19.354174	0.0383742792853913	0.026847262004729	-0.0479287442	-0.0798401628	0.0255565726	-0.0765930753	-0.009896849	-0.0909046096	0.0287376441	0.0125621435	-0.0674601542	-0.0131385282	0.1498676179	-0.0513965381	0.148620031	0.0560403945	-0.0599748874	0.0347960744	-0.0176207501	-0.0984841804	-0.1251920364	-0.1260227924	0.0041112525	0.0070388552	-0.0279562858	0.0393929837	0.0582707882	0.0140467093	0.0081001014	-0.006980548	0.0660155536	-0.0576510159	-0.0008099183	-0.1018038254	0.0117509092	0.0263000635	0.0725181166	-0.0664182069	0.036737959	0.1754374961	-0.0044619413	0.0010219559	-0.0622583514	-0.0418578076	-0.1237604524	0.0498129282	-0.0541070224	0.0018693549	0.109553549	0.0787516848	0.0979155989	-0.0317294625	-0.1345669409	0.0503808768	-0.0368087234	0.0295237342	-0.0372303048	0.073418806	0.0648613719	0.0320586338	0.0275400806	0.0892519348	-0.0640541205	-0.1363316692	0.0405648277	-0.0257603696	0.0562529806	0.0430126721	-0.1209167456	0.158625295	-0.0546627969	0.0213025597	-0.1252522086	0.0049748276	0.0526668134	-0.0178716288	-0.0803544774	0.0058735648	-0.0766080567	-0.0312306416	-0.0808790368	-0.0336989264	-0.0845273228	-0.0988711578	-0.0380594881	0.0090067248	0.1318944268	-0.0934752172	0.0973101894	-0.0500201568	0.088519241	-0.1422190554	0.0315840695	0.0424723514	-0.1075685435	-0.0531279483	0.1398973884	0.0266312062	0.0200681574	0.007110098	0.0320593303	0.1405177944	0.1135404882	0.1066839114	0.0955613349	0.0	0.0349439369646091	0.0115680175849633	0.0012210787305865	0.000133819030846	-0.0193654095140658	-0.0001545968141841	2.390017495587376e-08	0.0003750190856474	0.0028305045315306	-0.0001078025713638	1.1621394392668737e-08	8.011755903015263e-06	-0.0006109347402372	0.0004559911771658	2.079279536531431e-07	3.732412568286951e-07	-0.000571069522081	7.105408540630006e-05	5.0486830529257834e-09	3.261203990498217e-07	0.0002278254913227	-3.831983725400005e-06	5.190445449642966e-08	1.4684099271730504e-11
545.4113239417458	-0.2421710014625659	297473.51228388795	0.0586467939493821	632.593628148923	-0.8006664144580782	400174.6983746179	0.641066707241155	527.2762526784625	-0.0657226528439878	0.0043194670968513	278020.2466386418	528.6842164047401	466.4969748887692	1.064242	18.08732	0.0793948899606322	0.0519887246315599	-0.0258604589	-0.0479664706	0.0914790763	0.0950766626	-0.117261891	-0.0062119938	-0.1083415235	-0.0162765164	0.0958274994	-0.0915753099	-0.0394476472	0.0609562269	0.1166175576	0.1233706235	-0.0132257383	-0.0805673241	-0.107142257	-0.0939263046	0.0205602849	-0.0123011113	-0.0434072901	-0.1741167563	-0.02216023	-0.0321575004	-0.0918959777	0.0470521023	0.0319344712	0.0842606381	0.0298673588	-0.0481317392	0.0470304314	0.0506420332	0.0057413581	0.0203222452	-0.080918791	0.0244050251	-0.124787025	-0.17540378	-0.0937791159	0.0325651196	-0.0353321043	0.0324697704	-0.1076999466	0.0175586978	-0.112923528	0.1057518923	-0.0413722568	0.1098671659	-0.0467198181	0.0791148681	0.00876397	-0.0602502961	-0.0707299767	0.0174606644	0.0901822804	-0.0222558146	-0.1228190056	0.0651372384	-0.0093232276	-0.077957105	-0.1479413293	0.0688053582	-0.1037644253	0.0560714483	0.0348878999	0.0615257169	-0.0117762144	0.0890185186	-0.0113669354	0.0203307542	0.0752120636	0.0450517951	-0.074709636	0.0001608494	0.0686218698	0.0743842016	-0.0655000487	-0.0696664643	0.0661522008	-0.0018019024	0.075414418	0.0557612643	-0.1411678867	0.0679796137	0.0648896195	-0.0737527644	0.0225580856	0.0329967321	0.0743967948	0.018963363	0.0410422103	-0.041074412	0.1082217224	-0.0339993685	-0.0481021014	-0.0584923037	0.1942619856	0.0348529945	-0.0799130531	0.0027565879	0.1130292557	0.1046843788	0.0912295932	0.0	0.0304059113437347	-0.0045380256208744	0.000924519444643	2.05936765357125e-05	-0.0648411131879669	-0.045475703673901	0.0020680396246364	0.0042043699594547	0.0051049186536573	0.0022744141221267	5.172959598929368e-06	2.6060194460458262e-05	-0.0003498618838045	0.0002610728564327	6.815903636592921e-08	1.224033377392335e-07	-0.0006620730483637	-9.100352628270002e-05	8.281641795886073e-09	4.383407213696022e-07	0.0004178840394819	0.0001900585481592	1.7462707045371016e-07	3.612225172838294e-08
545.6802151422389	0.268891200493158	297766.89719768014	0.0723024777026517	633.5063919856631	0.912763836740055	401330.3486866926	0.8331378216604258	526.8817982503346	-0.394454428127915	0.1555942958697204	277604.4293275062	527.316096427143	469.476281038124	1.192189	20.261835	0.0596469366070311	0.0414372989413741	-0.0046559943	0.1159728076	0.0140416844	-0.1137075963	0.0715657815	0.0543432919	0.0166070936	0.022630364	-0.163047367	0.1561271888	-0.0404994671	-0.0008261149	0.2026639189	-0.0751673174	-0.0105196625	0.1607406765	-0.0601818955	-0.0464125756	0.1809235494	0.1205201888	0.0988824671	-0.1447679505	0.0405535776	-0.0836927978	-0.0028426588	0.0077266944	-0.1453619627	0.1662297712	-0.0751558813	-0.0808935567	-0.0456711174	-0.1058060959	0.1949808137	0.0345602938	-0.0849636131	0.0140618764	-0.0956205551	0.009016528	0.0084481532	-0.0086756513	0.1000253457	-0.0113795093	0.0043725959	-0.0212368645	-0.0322141562	-0.0250127072	0.1980856401	-0.0893254906	-0.0307762609	-0.1123904846	0.0214370435	0.1711173576	-0.0644093567	-0.1564889468	0.1136379696	0.0393405901	-0.077728999	0.1185964183	-0.1015669139	-0.0842483135	-0.0390597129	-0.0572686116	-0.2065425478	0.0971453737	0.0069697985	0.0302329802	-0.2543508718	-0.0994639958	0.1017493039	0.0529665832	-0.1020896572	-0.0919774179	-0.011615998	-0.0354972637	-0.1048814377	-0.0298027741	-0.0585679002	0.0953920952	0.0346833066	0.0221495886	-0.1549476255	0.0719796897	-0.0058314098	0.0718186999	-0.0634792219	-0.0314349638	0.1145598738	0.0668042919	0.115734853	-0.0157043492	-0.0193474655	0.0336260812	0.0793692661	0.0348079321	0.0413846486	0.015750547	0.0684791905	-0.0172031738	0.0240588515	-0.0835950601	0.1124677771	0.1024987213	0.0865329627	0.0	0.025470130651044	-0.0049357806926907	0.0006487275553812	2.436193104633829e-05	-0.0298587212440253	0.0349823919439415	0.0012237677461195	0.0008915432343284	0.0003341020823484	-0.0047708165713089	2.276069075707561e-05	1.1162420142953705e-07	-0.0006458609008089	-0.0002959990170044	8.761541806757106e-08	4.171363031936837e-07	-0.0006646345461749	-2.5614978112000223e-06	6.561271036782505e-12	4.417390799691153e-07	0.0004172856063157	-5.98433166199995e-07	1.741272772382614e-07	3.5812225440815083e-13
545.9548995444843	0.2746844022453842	298066.752336628	0.075451520836904	635.5846665481041	2.078274562441038	403967.8683510647	4.319225156889488	527.1270803894315	0.2452821390969575	0.0601633277599792	277862.9588798862	528.3644650881043	470.9483592830105	1.036743	17.619953	0.0557006916222759	0.0302033700314561	0.0289806928	0.0738940159	0.0762483173	0.0120284527	0.0931195933	-0.0878487348	0.0579882184	-0.0355495073	0.0819171956	0.155147018	0.010569282	0.0066804787	0.2021606711	-0.1016654413	-0.1042962166	0.0408905921	0.0454448431	-0.0077139274	-0.0723741651	0.0456860143	0.0236545818	-0.0798007302	-0.083475379	-0.1262909731	-0.0516295228	0.0896088498	0.0125365614	0.018135122	-0.1583074074	0.1019831862	0.0182537993	-0.0004493202	-0.0789757019	0.0078862012	0.0065829266	-0.0346117711	0.0512641451	0.0385876154	-0.0885733026	0.0353120228	-0.1321852538	-0.0764824758	0.0101290547	0.0853624523	-0.0530286315	-0.1804811473	-0.0233938055	-0.0560549489	0.0798035448	-0.0073352026	-0.0497317301	-0.0245492678	0.0599788592	-0.1230885418	0.0440851891	-0.0503409358	0.0105429457	0.0515238974	-0.1295595986	0.2468027437	-0.0057364905	-0.0022098958	-0.0138615578	0.1014909456	-0.004830866	0.0256907742	-0.0454734256	0.1233782334	0.0783626134	-0.0729514824	-0.0055929237	-0.0671003726	-0.0272365204	-0.029688496	-0.0436973566	-0.0163693586	-0.0363589417	0.0522078555	-0.1222946589	0.0874058288	-0.0190996897	-0.0643331861	-0.0892082978	0.1629705071	-0.088204755	-0.0129153809	0.0586776763	-0.0063333724	-0.007078722	-0.0809255891	0.1053181191	-0.0782558262	-0.0422831785	-0.041592038	0.0366347852	0.0789621537	0.122456286	0.0332078354	-0.1064895484	-0.0635762932	0.1118563022	0.1001308247	0.0814902283	0.0	0.0149048464288341	-0.0105652842222099	0.0002221544470671	0.000111625230696	-0.0048721366867283	0.024986584557297	0.0006243294078389	2.3737715894163814e-05	0.0138815009857324	0.013547398903384	0.0001835320170474	0.0001926960696168	-0.0006078805005369	3.7980400271999965e-05	1.442510804821335e-09	3.695187029329921e-07	-0.0005711271694956	9.35073766793e-05	8.743629493444497e-09	3.261862437360558e-07	0.0004178263081521	5.407018364000232e-07	1.7457882378401365e-07	2.923584758863575e-13
545.7710583690673	-0.183841175417001	297866.04815329186	0.0337975777787045	634.08345549134	-1.5012110567640775	402061.8285278382	2.2536346369507183	528.0184254135404	0.8913450241088867	0.7944959520036718	278803.45757619455	529.363345238542	469.9981330537199	1.113669	18.927355	0.0706052677725036	0.0537467816765188	0.039827393	-0.0807944315	0.160751646	0.0461868904	-0.0902842368	-0.015592572	0.0936886338	-0.0291909788	0.0218308788	-0.0741089873	-0.1065781832	0.0932218775	0.1492463351	0.0727097833	0.0326538227	0.0010474669	-0.0772091885	0.1728060412	-0.0094114993	-0.0743539384	0.0063648517	0.0316215319	0.0286084805	-0.0477923014	-0.0398714321	0.0441771371	0.0498098978	-0.0595860403	-0.1065077845	-0.0148861371	-0.0125579747	0.1182709695	-0.0557550398	0.0510193294	0.0222475913	0.0590816554	-0.0633661948	0.0609298743	-0.046093541	-0.0720424689	0.1858165938	-0.0098875805	-0.0649787784	-0.0293894859	-0.0572706214	0.0270970946	-0.0193281631	0.0929453766	-0.037734576	0.0870989697	0.0683001112	0.0197953422	-0.0212862455	0.0469949994	-0.0921809591	-0.1180387945	0.0600706203	0.0505102884	-0.0394550238	0.0796281363	-0.120602847	0.1572238808	0.0437251318	0.0007826319	-0.0192425738	-0.0268456514	0.0822403838	0.0048211186	0.0613878026	0.0620515855	-0.022728253	-0.0172773318	0.0254149997	-0.042069076	-0.0088205682	-0.0389766496	-0.034936274	-0.1220001588	-0.0202764089	0.0591587462	-0.0244640096	0.135354419	-0.1056943477	0.1072688915	0.0615041407	-0.0784230556	-0.0019438511	-0.0420685463	-0.1211878346	-0.0582185529	-0.1788161125	-0.0768876158	-0.09747505	-0.0008772296	-0.0918635279	0.0374769028	-0.0638019571	0.0794088011	0.1915951115	0.0346305791	0.1111951025	0.0975848992	0.0761215592	0.0	0.0149227406636498	1.7894234815700807e-05	0.0002226881889145	3.2020363963943887e-10	-0.0535985414608575	-0.0487264047741292	0.0023742625222122	0.0028728036467312	0.0036012811810337	-0.0102802198046987	0.0001056829192329	1.2969226144867485e-05	-0.000376380704807	0.0002314997957299	5.3592155422985444e-08	1.4166243495101405e-07	-0.0005710783186798	4.885081579997144e-08	2.3864022043227387e-15	3.261304460661473e-07	0.0004178926407836	6.633263149999e-08	1.7463425922109097e-07	4.4000180017134655e-15
545.4035761674259	-0.3674822016414509	297465.06089621707	0.135043168523248	634.8619344864768	0.7784789951367657	403049.67585991154	0.6060295458691484	527.5811942645481	-0.4372311489922822	0.1911710776491113	278341.9165416069	528.4020487497123	466.5671521393259	1.200367	20.40082	0.0270732322074876	0.0158330264878086	-0.0084536166	0.0811333928	0.0368292853	-0.1472035363	0.0538032848	0.1014693251	0.064133781	-0.0539289103	0.0294396079	-0.1710983115	0.1130670221	0.0372581736	-0.0112554801	-0.0395499413	0.0971030951	0.0989993237	-0.0094617706	-0.0807160076	-0.046065089	0.0580204939	-0.046485061	0.0437566376	-0.0261459061	-0.2066085125	0.0087873023	0.0048227639	-0.0922773499	0.0470960767	-0.1191928313	0.007098823	-0.0118026977	0.0526389856	0.0507109813	0.0720307992	0.0889226915	0.0417629828	-0.0616313502	0.0407602619	-0.0460782531	0.0286961893	0.0381775783	0.0036645318	-0.0190605555	0.0517916001	0.1161160332	0.0131225243	-0.1133359472	-0.065378591	-0.0942990109	-0.0075677533	-0.0588701626	0.097218369	0.0347195246	0.0354352436	-0.1617144713	-0.1155093529	-0.044298423	0.0569083044	-0.0425285815	-0.0873726637	0.020982291	0.022718869	-0.1268668117	0.1668357475	-0.1293487089	0.0521548838	0.1199568869	-0.0229232216	0.0869744024	0.0088780182	-0.0282917473	-0.1063434038	0.0587162831	-0.2128049423	-0.0254254896	0.0728008352	-0.0381132004	0.0490607476	0.0726666346	0.06751884	-0.1534167194	0.0032889901	-0.0604472708	0.1590918738	-0.0103843702	-0.1273405274	-0.0274330495	-0.1117414121	-0.04025626	0.0657318002	-0.1190234196	0.0725847268	0.0831408237	0.0453796199	0.0996899043	0.0123588504	0.1424888396	0.1634872509	0.1089679196	-0.0018301297	0.1104844722	0.0948654713	0.0704484286	0.0	0.0171500986176198	0.00222735795397	0.000294125882594	4.96112345511343e-06	-0.0536276338381753	-2.90923773178034e-05	8.463664180014415e-10	0.0028759231110814	-0.0085919762082511	-0.0121932573892848	0.0001486755257613	7.382205516315295e-05	-0.000223409459624	0.0001529712451829	2.340020185283749e-08	4.9911786649487693e-08	-0.000571035355108	4.296357180005178e-08	1.8458685018182045e-15	3.260813767833197e-07	0.0003184363598001	-9.945628098350002e-05	1.0140171524273875e-07	9.891551827068908e-09
545.256217650549	-0.1473585168768068	297304.3428865829	0.0217145324961321	633.8943523538524	-0.9675821326244431	401822.04994610994	0.9362151833740656	526.9546902179718	-0.626504046576315	0.3925073203764974	277681.2455427186	528.4610702287636	463.829409636837	1.016457	17.275192	0.0845898497851469	0.0602818347559643	-0.0320259013	0.0378352452	0.0025674477	0.0691811242	0.0610727774	-0.0916396288	-0.0269306878	-0.0452498859	0.1459614855	-0.0324846271	0.0383804978	0.0472102935	-0.061002185	-0.0821495468	-0.0315341969	-0.1493269691	0.0208133241	-0.0113200498	-0.0852335731	0.0461659056	-0.1037641135	-0.123107624	0.0982113988	-0.0659483589	0.0106757858	-0.03443952	0.0708663438	-0.1603172755	-0.0819611506	0.0329674791	0.0688171025	-0.0397150471	0.0787009387	0.0630499017	0.0934595651	-0.0372003405	-0.0677004516	0.0696906604	0.0225601106	0.0281905531	0.0918775546	0.0687476195	-0.0043790913	0.080387275	-0.030934118	0.1304241171	-0.0217480017	-0.059887523	0.0893596758	0.0693831091	-0.0088758587	-0.0815319476	0.0390232804	0.0218259087	-0.1080915739	0.0103787498	-0.0880576306	0.0211232015	-0.0490786836	0.145551247	0.0438919286	0.0073536037	-0.1284044781	-0.0409613415	-0.094607967	-0.0504845316	0.1015555014	0.0486182139	-0.0307506421	0.0693195626	-0.0642011631	0.128399756	-0.0353183973	-0.0321662441	-0.0096519089	0.0023994347	-0.0100950052	0.0685942277	-0.1083394956	0.109388856	0.0046185325	-0.0211308038	-0.1126906256	0.1714099631	0.007412633	-0.0054491607	-0.0713098123	-0.1012233859	-0.0684237472	0.0354821985	0.1173025253	-0.0942495234	0.0455346504	-0.0704254204	0.0219536253	0.0230084415	-0.029203736	0.0243071391	-0.0279931621	-0.0949298017	0.1097247271	0.091977376	0.064493527	0.0	0.0123754152568125	-0.0047746833608073	0.0001531509027785	2.27976011959701e-05	0.0031787666098352	0.0568064004480105	0.0032269671318597	1.0104557159803173e-05	0.000413190946233	0.0090051671544841	8.109303548019927e-05	1.707267580489219e-07	-0.0003539293413444	-0.0001305198817204	1.7035439524307208e-08	1.2526597866448086e-07	-0.0006285398204792	-5.7504465371200015e-05	3.3067635376275413e-09	3.95062305928025e-07	0.0002263887304548	-9.20476293453e-05	5.12518572769361e-08	8.472766068089732e-09
545.0115163867933	-0.2447012637557009	297037.5529942319	0.0598787084836371	633.6171092767825	-0.2772430770698975	401470.64116826607	0.0768637237831851	526.9957149539675	0.0410247359957338	0.0016830289635196	277724.4835798434	528.0091549418214	464.309422494687	1.162376	19.755148	0.0854139728490837	0.0617969220643902	0.0213949928	-0.1385714997	0.0810322242	-0.0160086925	-0.1274853704	-0.0276214085	0.0137261057	0.0039244431	0.0254365314	0.0557108906	-0.0379951926	0.1316474547	0.0305533897	0.1330200029	0.0607959759	0.0285627349	-0.1406802799	-0.0206941257	-0.0243480296	-0.2038575292	0.0414698654	-0.0011304995	0.1052005511	-0.0860803117	0.0374028004	0.1339294793	0.1185523439	-0.1758856956	-0.0072508686	0.1853586021	-0.0138014185	-0.0556072246	0.0358217386	0.1536438489	-0.1453188108	0.0265019404	-0.0417089796	0.0233622227	0.1870643076	-0.1101506884	-0.0627619894	0.1519042217	0.1413900741	-0.1631122218	-0.0234785063	0.0847926498	0.0180215067	0.1261526144	-0.0364913833	-0.0148201033	0.0033174038	0.0270454034	-0.1874608245	0.1691310303	-0.0126602978	-0.0448757775	-0.0435685482	-0.0168239932	-0.0896399708	0.1898264235	0.0517059049	0.0565178075	0.0364519919	0.0271613874	0.1558396874	0.0264866392	0.1387487733	-0.062744221	0.0915488567	0.0952280648	-0.126261858	-0.0343561441	0.1273006395	0.1432264089	-0.0836041217	-0.1864898635	-0.0002108169	-0.1359326604	-0.0217503212	0.113303042	-0.0901368837	0.1006765316	-0.0902654961	0.1261641859	0.1452066376	0.0425723848	-0.080655307	-0.0387352108	-0.081644796	-0.080474548	-0.000535254	-0.0679516399	-0.0082857405	0.0333137058	-0.2120616272	-0.1006712057	0.0076684786	0.0115674875	0.0477429803	0.0999889092	0.1089162049	0.0889257484	0.0582806721	0.0	0.0142202507101956	0.001844835453383	0.0002022155302608	3.403417850059227e-06	-0.051264658602065	-0.0544434252119002	0.0029640865488037	0.0026280652215862	0.0044439146868739	0.0040307237406409	1.624673387336617e-05	1.974837774421355e-05	3.204796908189161e-05	0.0003859773104262	1.4897848416391388e-07	1.0270723222738807e-09	-0.0005709970252008	5.7542795278400045e-05	3.311173288451858e-09	3.2603760278816295e-07	0.0001680090672963	-5.837966315849999e-05	2.8227046693772665e-08	3.4081850704999212e-09
545.8372022957037	0.8256859089103727	297938.25141000096	0.6817572201731483	635.0189972362299	1.4018879594474356	403249.1268509069	1.965289850843695	527.912261400904	0.9165464469364224	0.8400573893917802	278691.3557374164	528.5240226620971	465.5887680053711	1.173636	19.946516	0.0356286022834524	0.0196171036645143	-0.016800359	0.0743356758	0.0163875794	-0.064373378	0.0731981228	0.0606646772	0.0368333459	-0.0121881414	0.1100200238	0.0480487595	0.0473677854	0.0509099387	0.0882237786	-0.0316965157	-0.0224283846	0.0206560133	-0.15598254	-0.0891945367	0.1449276998	0.1006523192	-0.0539640275	0.0206835592	-0.0230587041	0.0321058248	-0.194674855	0.0977721304	-0.029666904	0.0032018369	-0.010423009	0.0582949985	0.0638500516	-0.1589184761	-0.1307242758	0.0141222658	0.0795986305	0.0508101603	0.0254010441	0.0764350455	-0.0060140699	0.0162126058	0.0054745997	0.0679479478	-0.0164622901	0.1836928863	0.0414616583	0.07349764	0.1100210315	-0.0522508089	-0.0502212993	-0.0009611	-0.1021904509	-0.0602945815	-0.10909472	-0.1445946231	0.1048803426	-0.1433303336	-0.0218316671	0.0312638786	-0.0180544931	-0.0622089525	0.0283355037	0.0563871678	0.0182727339	0.0108782043	-0.1144196514	-0.0495638734	0.0422080824	0.1425249908	-0.0242329008	0.0380475286	-0.0178557975	-0.1291928796	-0.0074362559	-0.0080039108	-0.0472955976	0.0812596337	0.0103794116	0.0304148496	0.1131772193	0.1669898857	-0.0423154567	-0.0295986689	-0.0872263177	0.1626231054	-0.0280673457	0.1263942755	-0.0245221354	0.058776562	-0.0073974847	-0.0084603944	-0.0416847778	0.0653423688	0.1253958722	0.1127573317	-0.1497094095	-0.0937721523	0.1500661685	0.1285159508	0.0119919225	0.1006805912	0.1080592651	0.085716014	0.0518347133	0.0	-0.0011972080553164	-0.015417458765512	1.4333071277144763e-06	0.0002376980347862	-0.0462747301333337	0.0049899284687313	2.489938612305511e-05	0.0021413506489128	-0.0056284437612248	-0.0100723584480987	0.0001014524047069	3.167937917327037e-05	0.0001230445554234	9.09965863415084e-05	8.280378725807592e-09	1.5139962619342156e-08	-0.0005709904121649	6.613035899915784e-09	4.373224381357496e-17	3.260300507842425e-07	0.0001560351346515	-1.1973932644800014e-05	2.4346963245711732e-08	1.4337506298220747e-10
546.1765911528279	0.3393888571241632	298308.8687233233	0.1151847963400456	634.5362660199746	-0.4827312162552744	402636.272894572	0.2330294271472964	527.8069197790963	-0.1053416218076108	0.0110968572850577	278580.1445666974	529.5993784589556	472.0455644092321	1.012958	17.215717	0.0835107651320262	0.0595358567878566	0.0331270231	0.1042419944	0.0138048775	0.1204186095	0.0864490977	-0.0114088986	0.0479259631	0.0090417018	0.1256437655	-0.0453298573	-0.0022270833	0.0980253733	0.1184282785	-0.0830511437	-0.0369634199	0.0945540217	-0.0029261314	0.0314727348	0.0170428175	-0.0041988684	-0.002049482	-0.0185948675	0.0715447637	-0.1657035632	-0.0041966537	0.2296928454	0.0241104311	-0.0449035262	-0.0051154335	0.1352530612	-0.0972006295	-0.0279769799	-0.1489299168	0.1021629026	0.0589000298	0.0389822474	0.1007196154	0.0736087721	-0.0027918944	0.1477010036	0.0347363796	-0.0709861892	0.1118076582	-0.0571644832	-0.1629637776	0.0136836917	0.0390540585	-0.0802908614	0.0394786854	-0.0048595538	0.0841884569	-0.0256926494	0.0537259663	0.0019633175	0.0096193921	-0.1930523533	0.0017297388	-0.0025604894	-0.1068707615	0.0056476635	-0.1542684398	0.0500791161	0.0599410865	0.1194305078	0.1048759343	-0.0570372839	-0.0019253826	0.1513201051	0.0775779205	0.0166234023	-0.0820630622	0.0210634799	0.0460670716	0.0741887578	-0.069441531	0.0905914824	0.0344902401	0.1016701886	-0.0665358025	0.1651596773	0.0383365437	0.114055237	-0.0228698452	0.1574591498	0.000863453	0.0615449317	-0.0113082882	0.0006597385	0.0062400841	-0.1162526157	-0.0810069221	0.0494702165	0.0474309743	0.1711652206	-0.0499351494	-0.0209993531	-0.0189807843	-0.1098654656	-0.1710043388	-0.1797605595	0.1071542885	0.0823538796	0.0451814325	0.0	0.0013907880856152	0.0025879961409316	1.934291499089193e-06	6.697724025476855e-06	-0.0047434942988218	0.0415312358345119	0.0017248435499418	2.250073816295492e-05	-0.0008239230801621	0.0048045206810627	2.308341897475919e-05	6.788492420238022e-07	-0.0005379638336173	-0.0006610083890407	4.369320903821814e-07	2.89405086280222e-07	-0.0005710334345097	-4.302234479997349e-08	1.8509221520878065e-15	3.2607918332794386e-07	0.0001253462965266	-3.068883812490001e-05	1.5711694052934332e-08	9.418047854563164e-10
546.2375969994083	0.0610058465804286	298375.512375688	0.0037217133169947	633.6831805788238	-0.8530854411508244	401554.3733484942	0.7277547699034967	527.5245258978435	-0.2823938812528013	0.0797463041690212	278282.1254237446	528.8573182616796	472.0193358542454	1.116783	18.980278	0.0531206067950085	0.0288519078113447	0.0744100661	-0.0300197501	0.071998412	-0.08753048	-0.0412168524	-0.1145393949	0.1576853507	-0.0521439331	-0.0811303745	0.0490291469	0.0091821257	-0.0503423902	0.0633212587	-0.0047014517	-0.15742877	0.0500796303	0.0488213281	0.0012115213	0.023734716	0.1704932491	0.0210850389	0.0803707814	0.1300529448	-0.0554980239	0.0745363772	-0.0349416788	0.0793731803	0.0405918044	0.0831425476	0.0388581931	0.0313749965	0.1203134238	-0.0107883328	0.0793261254	0.004662513	-0.0022239546	-0.1680791545	0.073997606	-0.0477997442	0.1386034662	-0.0095734091	-0.1952875054	0.0398599387	-0.1207229187	0.0356783182	0.0655704101	0.0552072866	0.0476993185	0.0920748499	-0.0725224284	0.0344036511	0.0610053018	-0.0047614381	-0.1752479324	0.0259836123	-0.0191929603	0.0700945987	-0.116264171	-0.1668637901	-0.0736943061	0.0239155437	-0.144360158	-0.0280202956	0.0859925968	0.0858736091	0.0600399165	0.0128789033	0.007147934	0.0286274359	0.0519030059	-0.0314652077	0.0951918094	-0.0060178977	-0.0664156243	-0.0656336561	-0.0077461852	0.0523149273	-0.0508780104	-0.1293998583	0.1743873335	-0.1280380055	-0.0101112861	0.0232439361	0.1107897693	-0.0666320785	0.0618830183	0.0820847265	-0.0176831384	0.0812152245	-0.0865203427	-0.0250734212	0.059533932	0.0890025583	-0.0023306107	-0.0682268758	0.0578928209	-0.0432671024	-0.1206298447	-0.0263747718	0.0774870788	0.1062016776	0.0788453231	0.0383474405	0.0	-0.0013074367778358	-0.002698224863451	1.709390928037659e-06	7.280417413745167e-06	0.0007876293252877	0.0055311236241095	3.0593328545182206e-05	6.203599540531575e-07	-0.0007504336431765	7.348943698559998e-05	5.4006973484604715e-09	5.631506528111545e-07	-0.0001049983662657	0.0004329654673516	1.8745909591898941e-07	1.1024656918466088e-08	-0.0002180011510071	0.0003530322835026	1.2463179319506014e-07	4.7524501840420426e-08	1.498866997155132e-05	-0.000110357626555	2.2466022751608422e-10	1.2178805738863584e-08
546.5736670818885	0.3360700824802052	298742.7735473431	0.1129431003382519	635.5331737035992	1.849993124775437	403902.4148777693	3.4224745617163874	527.5162429128375	-0.0082829850060761	6.860784061088249e-05	278273.38653687574	529.1945017410687	471.6148919666816	1.049803	17.841911	0.1033298550400109	0.0589234986750761	0.055527614	0.0153914501	0.0997541417	0.021579784	-0.0704939107	0.0702045183	0.069384137	-0.1123521906	0.1531256467	0.1552898565	-0.0688855159	0.0077806926	-0.0073599512	0.0496253856	0.0909024914	-0.112258308	0.0825411865	-0.0028451736	0.0013641972	0.0349093663	0.0270825085	0.0082617817	-0.0201983171	-0.0791988841	-0.0386591794	-0.0183371927	-0.0627877125	0.1429296067	-0.054662631	0.163833073	-0.0835849967	0.108421032	-0.087123173	0.040761173	0.0002271847	-0.0362178914	0.1417306618	0.0243757444	-0.0465051595	-0.0719238418	0.0378556382	0.0277476097	-0.1396059455	-0.059471712	0.0774876869	-0.0707005243	0.0508028475	0.018623279	-0.1025052091	0.0637377499	0.0514781508	-0.114535677	0.0454700901	-0.0944880325	-0.0388589207	0.0348302052	-0.0059722191	-0.0781653425	-0.0792596173	0.0310382783	-0.1053983641	0.0221856145	-0.0262804762	0.0458022107	-0.0478150852	-0.0130899283	0.0626071436	-0.0061191963	0.0643167301	-0.093328917	0.1235260433	0.021595025	0.0439537276	-0.0292601005	-0.0631883281	0.0911421632	0.0634516193	-0.0670931105	0.062664805	0.2309031626	0.0929905563	-0.0328208602	-0.0127925153	0.053622324	-0.0711882522	-0.0254611532	-0.0928956645	-0.072877265	-0.0400573629	0.0275607321	-0.0638013253	-0.0174636192	0.0443259365	-0.0782349362	-0.1388100037	-0.0108472082	-0.1710628532	-0.0007511285	-0.0168627551	0.0433348626	0.1052018558	0.0751965824	0.0313600711	0.0	-0.0062470623845314	-0.0049396256066956	3.902578843622714e-05	2.439990113432287e-05	-0.0469429731238335	-0.0477306024491211	0.002278210410156	0.0022036427257049	-0.0284592882572951	-0.0277088546141186	0.0007677806240263	0.0008099310881118	8.600055280559034e-05	0.0001909989190712	3.648058708640132e-08	7.3960950828671335e-09	-1.3996578478669974e-05	0.0002040045725284	4.1617865612507467e-08	1.9590420910956747e-10	7.900062577334094e-05	6.401195580178962e-05	6.24109887257946e-09	4.097530485570268e-09
546.8397350192193	0.2660679373308312	299033.69579589	0.0707921472754831	632.8963926468772	-2.636781056722043	400557.8438254301	6.952614341088214	527.7030184950147	0.1867755821772334	0.0348851180976444	278470.4757287498	528.4855660579864	473.2386728058135	1.16131	19.737032	0.0628412397042502	0.0335984422751973	0.0756077312	0.13256524	-0.000558845	-0.0560281718	0.0787469508	0.1002215881	0.0801219674	0.0407615337	-0.1502319552	0.006623765	-0.1030122655	0.1362318472	0.0235724022	-0.0599902797	0.0977809916	0.0852957157	-0.0429751625	-0.0200953173	0.1130106194	-0.0279323858	-0.0068669753	0.0353783412	-0.0700052057	-0.2381834909	-0.0273388071	-0.03776606	0.059612869	-0.0365435386	0.1478960278	-0.0623535328	0.0026736974	-0.1329096188	-0.0115551313	0.0857002738	-0.0337978002	0.068327551	0.0697468987	-0.1944096437	-0.0256543151	0.0191620594	-0.184271709	0.0547365567	-0.0724584133	0.0783903113	-0.0405241805	-0.179901298	0.0900070376	-0.0949759427	-0.0848966936	-0.0774404741	0.0867001928	0.0719718024	-0.1274151571	0.0026209484	-0.0082779175	-0.1335558523	-0.0789064225	-0.0045546592	0.0179813163	0.0463462222	-0.0218446789	-0.1391313816	-0.1017511941	-0.1350307769	-0.0130513526	0.0139505318	-0.0972186583	0.017740001	0.081202699	-0.0273975056	0.0649292134	-0.0029987499	-0.0612208634	0.0507910247	0.0848806976	-0.1101670716	0.0663622914	0.0989257855	0.0833240659	0.1777519124	-0.0598111287	0.0988219275	0.041644305	0.0399341371	0.048649206	0.0355007264	0.0434992463	0.0571428124	0.0286627419	0.0564025652	0.0160856262	0.1743565336	-0.0398724194	0.0950595987	0.1105915699	-0.1554348555	-0.0844169526	0.0228555754	0.0436231194	0.0388943828	0.1041552675	0.071414145	0.0242472716	0.0	-0.0012547766835382	0.0049922857009932	1.574464525551124e-06	2.4922916520341168e-05	-0.0279133922612686	0.0190295808625649	0.0003621249478048	0.0007791574675314	-0.0240926116250221	0.004366676632273	1.906786481083908e-05	0.0005804539349141	-0.000263997069912	-0.0003499976227175	1.224983359079647e-07	6.969445292212141e-08	-1.4055357396403068e-05	-5.8778917733093294e-08	3.4549611698737493e-15	1.975530715406224e-10	0.0004179981543064	0.000338997528533	1.74722457003557e-07	1.149193243515222e-07
547.6868437806154	0.8471087613960435	299960.8788503722	0.717593253633939	634.4380786501129	1.541686003235668	402511.6756412468	2.376795732572768	528.1165836708886	0.4135651758739413	0.171036154695644	278907.1259482107	529.6734484802745	478.626751703525	1.053373	17.902582	0.1178952448348336	0.0561387242584962	0.1418170395	0.114314257	0.0518576622	0.0103277446	0.1159707992	-0.1116232045	0.1703626468	-0.034567147	-0.0244619659	0.0176851216	0.0209909055	-0.0162702535	0.164210063	-0.0866686769	-0.0620950692	0.0406207738	0.0689079314	0.05459723	-0.0539069373	0.1123818235	-0.0515114306	0.0698255378	0.0686403489	-0.0625866634	-0.0601173284	0.0561778849	0.0723040385	0.0166403943	-0.059002204	0.0377074769	0.0127280491	0.0464740654	-0.0821769577	-0.0371594327	-0.0628237714	0.0293089675	-0.0063654345	0.0572252098	0.0505912573	0.0287504542	-0.0162405384	0.0466383494	0.0060458006	-0.0440986416	-0.0469657021	-0.065040472	-0.0962170768	-0.0735190846	0.085931369	-0.0187117092	0.0433660856	-0.0604404502	0.0500028901	-0.1682444247	-0.1104866878	-0.1184755449	0.0803242214	-0.0404304327	-0.0817806091	0.2173960581	0.0185741846	-0.0072711052	-0.0423605096	-0.09986737	0.0459957263	0.0134051733	-0.0414021394	2.1307e-06	-0.0184830834	0.033797587	-0.0093352329	0.0634528987	0.0885585632	-0.0034047986	-0.037991122	-0.0210087478	0.0972255395	0.0781820145	-0.0834717642	0.2163197554	0.0272348442	-0.0621907903	0.0479441809	0.0453702641	-0.1027524644	0.0484296937	0.0171183566	0.0163583471	0.0024975358	0.0425787104	0.0274214663	0.060955396	-0.0594605093	-0.0318658324	0.1103571608	-0.009890224	-0.0698012167	-0.0758034887	-0.1166281099	-0.1532483742	0.103062378	0.0675047358	0.0170374908	0.0	-0.0198947970010721	-0.0186400203175339	0.0003958029477138	0.000347450357438	0.0148798560611425	0.0427932483224111	0.0018312621019835	0.0002214101164003	-0.0394574494682018	-0.0153648378431797	0.0002360782419472	0.0015568903185356	-1.3998478402053795e-05	0.0002499985915099	6.249929575695694e-08	1.9595739757276656e-10	-0.0001840001435517	-0.0001699447861552	2.88812303413696e-08	3.3856052827046205e-08	1.5998764937463996e-05	-0.0004019993893689	2.559604795242273e-10	1.6160350905299746e-07
547.6494283377724	-0.0374154428429847	299919.8963586889	0.0013999153631366	635.8347227162328	1.3966440661199613	404285.7946116287	1.9506146474280988	528.9047466005597	0.7881629296711026	0.6212008037077353	279740.2309766023	530.158131909899	480.3762224228096	1.197979	20.360235	0.0873580619771329	0.0642973090096906	0.2047829544	-0.0528139679	0.1302029176	0.0467643503	-0.1038421585	-0.0393155392	0.2173512474	-0.062481292	-0.0075309708	0.0166514545	-0.076891051	-0.0417199455	-0.0697575889	0.1635792555	0.0379669823	0.0375914735	-0.0386550544	0.1531665129	0.0621200068	-0.1272781477	-0.0466526571	0.2387298454	0.0525659465	0.0163111832	-0.1853141676	0.0263656715	-0.0358585506	-0.0894473363	-0.009023034	0.0880714214	-0.1178021431	-0.0539185425	0.101288299	0.0304828636	0.0133198929	-0.0885490902	0.1135513147	0.0509210776	-0.1954267702	0.0908921644	-0.1014296509	-0.0951346297	0.0745213734	-0.0177685087	0.0116724825	0.0034573919	0.0544598135	0.134069675	-0.0196402396	-0.0280409605	0.1224719255	-0.0352742126	-0.2092124824	0.0334925714	-0.0894224054	-0.090254932	0.2149712586	-0.1638556438	0.0164668142	0.0813356938	-0.0198574874	0.1668124221	-0.0085602072	-0.0323038797	0.00922692	-0.0357916965	-0.0129268004	-0.0395003145	0.0882205959	0.0045842626	0.0073141324	-0.1572630751	0.0407213864	0.1151244741	-0.0228834751	0.0821273407	0.1104123081	-0.1160994407	-0.0374141459	0.1463805904	0.0073884125	0.1045241222	0.0300749521	-0.0207808614	0.1248109444	-0.0470668804	-0.0442781868	-0.0006872249	-0.177059299	0.0679086343	-0.0458844323	-0.0599504486	-0.2681174819	-0.0567094415	-0.0305036056	0.0319295876	-0.0756169299	0.0303889046	-0.1263457177	0.0264372395	0.1019236731	0.0634753057	0.0097595656	0.0	-0.0197580627770861	0.0001367342239859	0.0003903810447032	1.8696248009053443e-08	-0.0406219257993711	-0.0555017818605136	0.003080447789692	0.0016501408556496	-0.0389375176554551	0.0005199318127467	2.703290899060742e-07	0.0015161302811688	0.0004139999155743	0.0004279983939763	1.8318262524633814e-07	1.7139593009552752e-07	-1.4002091248910276e-05	0.0001699980523027	2.889933778674203e-08	1.9605855934280967e-10	-9.9970703811262e-06	-2.5995835318590195e-05	9.994141620519075e-11	6.757834539112614e-10
547.4385617019292	-0.2108666358432174	299688.97883827693	0.044464738111836	636.7357252712908	0.9010025550579712	405432.3838367567	0.8118056042209925	528.3004315921238	-0.6043150084359468	0.3651966294209384	279101.3460204243	529.4291973447855	479.721839522633	1.170547	19.894028	0.0410600247438297	0.0250376145539931	0.1533911897	0.082873419	0.0480453179	-0.1561659371	0.0073874512	0.1111485592	0.1644774209	-0.0267638971	0.1222489204	-0.0238149166	0.0368834493	-0.0320459909	-0.1528945589	0.0593744562	0.0787712527	0.0351098861	0.0369042553	-0.0731894962	0.0661360814	0.0139118553	-0.1839499506	0.1553941207	0.0147610797	-0.0427359726	-0.007461399	-0.0337788527	-0.0387979187	0.040643265	-0.0129058177	-0.0579610166	-0.0622599774	0.1943451965	-0.0146280023	0.1944170569	0.044043295	0.1770202419	-0.0228083381	-0.0530447732	-0.0525476642	-0.2209551641	0.0160619343	0.0761012349	0.0795972911	0.0031348125	-0.0051134317	0.1513305331	-0.0751949296	0.0087442001	-0.095758796	-0.0692996514	0.0091163444	-0.1102947881	-0.094042432	-0.0795360411	-0.1987314809	-0.0173398572	-0.0114631816	-0.1177321923	0.0690392712	-0.1504726056	0.0119003914	0.0326167532	0.0304694844	-0.0047144223	0.0176109369	-0.0883039597	0.0814549702	0.0785131384	0.0678866211	-0.0400247456	0.0692564349	-0.1619621465	0.1219517017	-0.1628396509	-0.0523827306	-0.1760433229	0.1185645521	0.0059237207	0.1476944069	0.1399850568	-0.0926187624	-0.1083991674	0.0490570148	-0.0498473584	0.1163611605	-0.061986787	0.0366145003	-0.0172836464	0.0742018024	0.1024996447	-0.0665435255	-0.000147981	-0.0516706943	0.0066745033	-0.0450016204	-0.0462138147	-0.0404075829	-0.1290101312	-0.1531520346	0.2237993233	0.100739659	0.0593330188	0.0024426053	0.0	-0.0365520789939353	-0.0167940162168491	0.0013360544787788	0.0002820389806917	-0.0422993642231261	-0.0016774384237549	2.813799665489658e-06	0.0017892362136806	-0.0572760339648539	-0.0183385163093988	0.00033630118043	0.003280544066743	0.0003289999204008	-8.499999517349997e-05	7.224999179495017e-09	1.0824094762373276e-07	-1.4001618378722824e-05	4.728701874512352e-10	2.2360621418016643e-19	1.960453172233888e-10	-9.997678213973108e-06	-6.078328469076664e-10	9.995356967015251e-11	3.6946076977987863e-19
546.3842980807245	-1.0542636212046546	298535.801189166	1.1114717829955514	632.9535797382223	-3.782145533068501	400630.2341034301	14.304624833310015	527.3949330534253	-0.9054985386984526	0.8199276035850331	278145.415410427	529.1246912454362	476.9330853034004	1.145933	19.475695	0.1303214823519315	0.0648747693045156	0.1309174045	0.1187439068	-0.0485554528	0.1371869109	0.0711873636	-0.0225654363	-0.0206381503	0.0148226469	0.1107901812	-0.0511142477	-0.1385830997	0.1036105396	-0.2505289412	-0.0356382384	0.0568415586	-0.1368811924	-0.0485565218	-0.0313245797	0.0866670086	-0.0536382641	0.0289407077	-0.036410299	0.1128766318	-0.1005310446	0.1070171083	-0.0068684497	0.0739212181	0.089605454	0.1846026172	-0.0939314231	-0.0143795593	0.0114195217	0.0586803044	-0.0069409688	0.0355639991	0.0200284891	0.0663326185	-0.0349431743	-0.005194407	0.0259790512	-0.1721395974	0.0392403711	-0.0001472109	-0.2026792308	0.1135045933	0.0224015747	0.0119831805	-0.0794555931	0.0329224237	0.0376557019	0.1421092751	-0.1279946914	-0.0900696245	0.1312140487	-0.0454276915	-0.006804419	-0.1167683491	-0.0347607492	-0.0334854545	-0.1315299036	-0.0190837546	-0.0717358033	-0.0438996874	-0.0491408313	0.2055453362	-0.0497652142	-0.0646715268	-0.0989945794	-0.1081283902	0.0029590962	0.0853213154	0.0207270328	0.0594887288	-0.130575399	0.0262390362	0.0009580006	0.1511745341	0.1173055033	0.0166601448	0.089709832	0.0918195067	0.0822576646	-0.0596719283	-0.0813343584	0.0954044839	-0.0274368639	-0.0313214391	0.0590231203	0.0759561451	0.0843876874	-0.0465418051	-0.0347835214	0.074478347	-0.1387882994	0.0898451434	-0.0999395846	-0.1563762613	-0.1031142272	-0.0089682652	-0.0567513055	0.0995108621	0.05508524	-0.0048841247	0.0	-0.0365608245338791	-8.74553994380245e-06	0.001336693890597	7.648446890864415e-11	0.0060220164955069	0.048321380718633	0.002334955834555	3.62646826721572e-05	-0.0405250863290547	0.0167509476357992	0.0002805942466972	0.0016422826219773	0.0010180033629793	0.0006890034425785	4.747257438850243e-07	1.0363308470371643e-06	0.0006009947621965	0.0006149963805752	3.782205481206244e-07	3.6119470418762763e-07	-1.0806024211359728e-05	-8.0834599738662e-07	1.1677015925649263e-10	6.534232514909694e-13
546.432431247295	0.0481331665704374	298588.40191882977	0.0023168017240974	632.60380361272	-0.3497761255023306	400187.5723452808	0.1223433379714221	527.6391433307102	0.2442102772848784	0.0596386595315572	278403.0655747658	528.8836131012425	472.0838702309324	1.111792	18.895449	0.0062217706563061	0.0039628529234137	0.1526198374	0.0086938637	-0.0515235827	-0.0610028453	0.0119344862	-0.1077775433	0.0223566336	0.0071380092	-0.054008778	0.0238489504	0.0113060825	0.1470115837	-0.1170975585	-0.0600818504	-0.1212030526	0.1073478022	0.0874532652	-0.0345103046	0.0754320359	-0.0085565691	-0.1460366379	0.0032758232	0.0183868736	-0.0036617209	0.0575967289	-0.0223533431	-0.1035624543	-0.0286929963	0.0344285168	0.0948545188	-0.1316182089	-0.0189951468	0.0029001113	-0.0629074647	-0.1033330056	-0.0493557594	0.0291105879	-0.063549191	0.0727041908	-0.2014379783	-0.0092546335	-0.0225896704	-0.0353247355	0.1099281324	0.1987005837	0.0717668806	-0.1570433683	-0.0088545086	0.1215054021	-0.1180157573	0.0521861732	0.0479710828	0.0235101824	-0.0817718748	-0.1098978297	0.0018004134	-0.1325552671	0.0551376113	0.0891984143	-0.0886038691	0.1195918346	-0.0220246779	0.0441064762	-0.0251140015	0.1206214639	-0.090170885	0.0485863551	0.0006991236	-0.0214438703	-0.1249184732	0.1034399922	-0.177238807	-0.0204981683	0.0941606707	-0.0128311805	0.0114018046	0.1536279454	0.0270157332	-0.113891199	0.0554426263	-0.1071822283	-0.0219131644	0.0547176557	-0.0733250346	-0.0503503854	0.0943957934	-0.0341420254	0.0847022827	0.0867458949	0.1699012097	0.068578564	-0.0189781296	-0.0370571336	0.0401517051	0.1015975508	-0.0040743162	0.0795473602	-0.0564111214	0.0296466459	0.06287088	0.0982378286	0.0507395216	-0.0121913197	0.0	-0.0365200035970048	4.082093687429733e-05	0.0013337106627252	1.6663488872953675e-09	0.0049923872810495	-0.0010296292144574	1.0601363192641637e-06	2.492393076398481e-05	-0.0405247865432443	2.997858104050733e-07	8.987153212022653e-14	0.0016422583243755	0.0009810036966584	-3.699966632089995e-05	1.3689753078579376e-09	9.623682528574465e-07	0.0006669943558006	6.599959360409997e-05	4.355946355906354e-09	4.448814706698574e-07	-1.0827178669640372e-05	-2.1154458280643693e-08	1.1722779794431547e-10	4.475111051474947e-16
546.6322940174871	0.1998627701921123	298806.8648628204	0.039945126908865	632.2250964285313	-0.37870718418867	399708.5725540657	0.1434191313561112	527.8750335829599	0.2358902522496464	0.0556442111064018	278652.051080211	529.539672401989	475.3785784914157	1.07958	18.347996	0.0357611662520547	0.0287389079443915	0.1677502129	-0.0722012834	0.0388265393	0.0660274895	-0.1199196557	0.000202292	-0.0174693049	0.0623635468	0.0350125671	0.0340899599	-0.0832744506	0.0763128967	0.0055363478	0.1460232543	-0.0299145545	-0.0643785465	0.0187600979	-0.061010607	0.0646833186	0.0608821448	-0.0930785069	-0.0601889703	0.0641913146	-0.0207467399	-0.0701037225	-0.0605047863	0.0944954456	-0.0609078869	-0.0021245413	0.1078999708	-0.0071068898	0.1216977381	0.002764863	-0.0790472097	0.0658065189	-0.1892103103	0.0615124676	-0.0161988119	-0.0303071454	0.030484205	0.0965644384	0.0531291544	0.0298771858	-0.1550219673	0.0779185042	0.0117443089	0.1024782665	0.1299126791	-0.0251864148	0.0073465843	0.0616249226	-0.1361702144	-0.0070884622	-0.0861466965	-0.029562374	-0.0384839434	-0.0782322038	0.0026845083	-0.1068088299	0.0348537907	0.0016017414	0.0392411126	0.0437760799	-0.1368159981	0.041283533	0.0123731079	0.087918791	-0.0443125854	-0.079821352	0.052506532	0.1534816013	-0.0241919517	-0.0135433531	-0.0133933162	0.2173533524	0.1139145751	0.1594286487	-0.1186391638	-0.0161759073	0.0936255733	0.090347618	-0.0618922474	-0.0431359061	-0.0611194525	-0.0599550205	-0.0066193053	-0.0716307806	0.0642719549	-0.0165379692	0.0440289842	0.0088906156	-0.0711379076	-0.0956233865	-0.1223737597	-0.0752363394	0.0006300617	-0.0889058719	0.1159062015	0.096314637	-0.0476548544	0.0969211244	0.0463035902	-0.0194497534	0.0	-0.0367062887179798	-0.0001862851209749	0.0013473516314476	3.4702146296668613e-08	-0.0222544401010367	-0.0272468273820862	0.0007423896023892	0.0004952601042106	-0.0406490691115095	-0.0001242825682652	1.5446156774594625e-08	0.0016523468196322	0.0010380043797662	5.70006831077999e-05	3.2490778747558244e-09	1.0774530924138134e-06	0.0007739948252571	0.0001070004694565	1.1449100463911398e-08	5.990679895247688e-07	-1.0901449719908024e-05	-7.427105026765235e-08	1.1884160599568275e-10	5.51618890786014e-15
546.7707201460995	0.1384261286124228	298958.2204090843	0.019161793082623	634.0750871855637	1.8499907570324008	402051.2161893802	3.422465801105317	527.8219667502811	-0.0530668326787235	0.0028160887305516	278596.0285841349	529.2390046670529	474.2834698637824	1.07701	18.304308	0.023246352261007	0.0155023460437717	0.1652251163	0.0364513736	-0.0543136152	-0.0563118234	-0.0207937188	0.0920626696	0.0800474092	0.0212882744	-0.1026524257	0.0941613544	-0.1561504282	-0.0546854348	0.0457821712	0.0330238418	0.0796200781	0.0532316041	0.1380702898	0.0789585707	0.1283109946	0.056572106	-0.1267249878	-0.1044965372	0.1308800122	0.0639398021	-0.0856703468	-0.0228559968	-0.0557653583	-0.0575832459	0.096250144	-0.0922678745	0.0067409757	-0.0108657007	0.0716964253	-0.0655494233	-0.0609389387	0.1338786725	0.0655632294	-0.0420519493	-0.0637324401	-0.0606881887	-0.166860471	-0.0534569412	-0.1023447914	-0.0007821007	-0.0322646092	0.1057023382	0.1219632485	-0.0185734645	-0.1193847055	-0.1035304607	0.1618217605	-0.0030864106	-0.0171778487	-0.1235424216	-0.0958829904	0.0901057571	-0.0730991283	0.0425223722	-0.0338597126	-0.0093018153	0.1374908229	0.1209544541	-0.11495892	-0.0552792131	-0.0115652291	-0.0216973528	-0.1546355419	0.104373195	-0.1420044373	-0.1317376987	0.090568665	-0.0439596097	-0.0344138533	0.0965510214	-0.0478689848	-0.1241154509	0.1718791897	-0.0022476918	0.0861826072	0.0496934262	-0.0778725114	0.0351088466	0.0456398343	-0.1295140694	-0.0996272502	-0.0323339267	-0.0407067212	-0.002844602	0.0915815336	0.0859498152	0.0509635162	0.0419203935	0.0317795558	0.0320388657	0.0397782603	-0.0547488161	-0.0735138474	0.0444781518	-0.0480116547	0.1068026595	0.0955613349	0.0417853327	-0.0266303944	0.0	-0.0365536754372612	0.0001526132807185	0.0013361711879726	2.3290813451693306e-08	-0.0201108949102888	0.0021435451907479	4.5947859847784525e-06	0.0004044480940926	-0.0405490809179411	9.998819356839966e-05	9.997638853071761e-09	0.0016442279632897	0.0012960038808165	0.0002579995010503	6.656374254220378e-08	1.679626059091429e-06	0.0006149931619152	-0.0001590016633419	2.528152894549092e-08	3.782165892024554e-07	-1.0898502192665995e-05	2.947527242029221e-09	1.1877735004354549e-10	8.687916842504388e-18
546.9045467286005	0.1338265825010012	299104.583232416	0.0179095541838972	635.2584540706941	1.1833668851304535	403553.3034682882	1.4003571848233525	528.1852070604052	0.3632403101240697	0.1319435228990303	278979.6129574431	529.8453389794295	473.5493517143782	0.995361	16.916643	0.0668697409287255	0.0436925820088707	0.1323961896	0.1238104316	-0.1029466156	0.0543958363	0.1086626457	0.0012589724	0.0822797898	0.0219279899	0.066148431	0.0714360521	-0.0666269273	-0.0445910707	-0.1317719649	-0.0989299556	0.043693618	-0.0138677195	0.2249058599	0.1366687955	-0.0285643761	-0.068730211	-0.1279909265	0.027033398	0.0638290282	-0.0954436881	-0.0514331787	-0.1668447284	-0.0408256084	0.0930622871	0.0474929631	-0.1465972507	0.0397759578	-0.046915193	-0.1535653484	-0.0340901335	-0.1395978294	-0.0206714368	-0.0115691939	0.082617172	0.1557659734	0.1171877976	-0.0430912468	0.0554625206	-0.0358572104	0.00572445	-0.0490288686	0.1786966469	-0.063937538	-0.1243964117	0.0108957344	-0.0269628084	0.1562700843	-0.0883185198	0.0902867355	0.0339949883	-0.1817439843	0.0389291464	-0.0419988468	-0.1736014699	-0.0005593969	-0.0199137445	-0.0144426173	-0.0385421168	0.069691464	-0.0850727556	-0.1051944595	-0.0373657007	-0.1357616344	-0.0006704146	0.0279298611	-0.0587886309	0.0245583571	0.0799766774	-0.0395502667	0.0226190044	-0.0828348315	-0.0831539146	0.1447245243	0.1111072592	0.0235484762	0.0357832257	0.0409299536	-0.0200178032	0.0081519144	-0.0818380289	-0.042537491	-0.0275598554	-0.0804682612	-0.0015609052	0.0438994348	0.1136301473	0.2108663714	0.0577814615	-0.0144163855	-0.0066957433	0.0432050461	-0.0006064218	-0.1132897693	-0.0632907244	-0.0242666747	0.0368617185	0.0941590645	0.0371927824	-0.0337045224	0.0	-0.0365680889990613	-1.441356180009734e-05	0.0013372251330432	2.077507637652253e-10	0.0142178629759683	0.0343287578862571	0.0011784636180132	0.0002021476276034	-0.0405571911823727	-8.11026443160029e-06	6.577638915048076e-11	0.0016448857566035	0.0009600424334523	-0.0003359614473642	1.1287009411504813e-07	9.21681474029014e-07	0.0004709128215463	-0.0001440803403689	2.0759144480818078e-08	2.2175888549669737e-07	-0.0001812258987843	-0.0001703273965916	3.2842826390177345e-08	2.9011422029683773e-08
546.4046582400761	-0.4998884885244479	298558.0505464543	0.249888500959257	635.1137780375865	-0.1446760331076575	403369.5110531767	0.020931154555768	528.4000335761478	0.2148265157426294	0.0461504318661182	279206.5954832742	529.841620642218	471.0774899109105	1.048423	17.818459	0.0760525413749972	0.0377119607269731	0.18071609	-0.0114949006	-0.0729169688	-0.0189422844	0.0090546464	-0.1175052887	0.1512557063	-0.0284216819	-0.0549346465	0.1179678539	-0.0272929338	0.0181896519	-0.1896206409	-0.0486828974	-0.1409714945	0.0012479651	0.0388854271	0.0095511986	0.1210123522	-0.0409299874	-0.1828864559	0.0785533736	0.0297465712	0.0377336739	0.0091548235	-0.0060941341	0.0541797133	-0.0849188872	0.018615234	0.033459082	0.0589984768	0.0839920128	0.0655390963	-0.1583803345	0.0635654824	-0.1410243788	0.033405707	-0.2062671399	0.0320861552	-0.0062475553	0.0467332256	0.0344009259	0.0407633937	0.0775080254	-0.1180731063	0.0177883155	0.0203090155	-0.0093264456	0.1281296467	-0.0986172217	0.1019509303	0.0111839272	-0.0402613637	-0.0785475861	-0.0587017563	-0.0077425237	-0.0791253229	-0.0501816671	0.0900080872	-0.0766047321	0.1345249152	0.0820981169	0.0730872735	0.0313360224	-0.0474606528	0.0525456432	0.1215126703	-0.0814100224	-0.0675309539	-0.0662996324	0.005852824	0.1194792592	-0.0984620896	0.0446878285	0.1593043747	0.020480218	0.1700526744	0.0224586225	-0.1187826527	-0.0034153526	-0.089633888	0.0136309202	0.0364564518	-0.0991591211	-0.0373543967	0.0458513686	-0.0630051337	0.1185918367	0.1036359685	0.080089835	0.041159158	0.0163824763	0.0381968646	0.0551370709	0.0007023788	-0.0159661679	0.137987879	0.0544571556	0.1079426071	-0.0174203684	0.0927149366	0.0325341047	-0.0406438432	0.0	-0.0367072139326438	-0.0001391249335825	0.0013474195546968	1.9355747144335146e-08	0.0021537960580815	-0.0120640669178868	0.0001455417105992	4.638837459807408e-06	-0.0190204670805513	0.0215367241018214	0.0004638304850379	0.0003617781679623	0.0013330047943684	0.0003729623609161	1.3910092266011128e-07	1.7769017818091406e-06	0.0007739930695225	0.0003030802479762	9.185763671331489e-08	5.990652716688615e-07	-1.101599924246998e-05	0.0001702098995418	1.2135223931009916e-10	2.8971409902039866e-08
545.9605120974319	-0.4441461426441719	298072.8807696901	0.1972657960256971	633.2746678056388	-1.8391102319476431	401036.80488434224	3.3823264452545136	527.5562240736825	-0.8438095024653194	0.7120144764507699	278315.5695588815	529.226070150333	468.7664322861618	1.045822	17.774265	0.0558713146943994	0.0309515020730345	0.1687574425	-0.084124787	-0.0328783386	0.0164043628	-0.1157675815	-0.0644067886	0.0759123908	0.0133141357	0.0612910853	0.1235182597	-0.069928217	-0.0567572234	-0.0732024502	0.081532224	-0.0172132214	-0.0632171947	0.0606206824	-0.0523182459	0.1491475734	0.1204648374	0.0227476566	0.071161288	0.0566759539	0.0711700285	-0.0222892964	0.0181421835	-0.0302707552	-0.039600443	0.0271153906	0.0768015373	-0.1673197348	0.0506072317	0.0278627858	-0.088595986	-0.0096024539	-0.1298214735	-0.0413240752	-0.0869868931	0.0765321055	0.0416593383	0.056045802	0.0788238235	-0.0034463464	-0.0595726909	0.0814504674	-0.1006255645	-0.0110275879	0.0928918492	-0.0007536168	-0.0545307744	0.0655546196	-0.1603352651	0.0299092085	-0.1054564014	0.0503863674	-0.0073326925	0.030841535	0.0135885009	-0.0738036651	-0.0217899359	0.1402155991	-0.006751647	0.0070782258	-0.0499462705	0.0176661201	-0.0113422047	0.13130386	-0.0950155023	0.0594208646	-0.0063850876	0.158829194	0.0410961537	-0.0077993921	0.1474902813	0.052155851	0.0582665542	0.1694357775	-0.0998282637	-0.029781783	0.0068033357	0.0609239234	-0.1392606278	-0.0543867545	-0.0694014183	-0.1460161933	0.0193588427	-0.0047629234	0.0523640257	0.0517171188	-0.0355886356	-0.0157270733	-0.0579334397	-0.1155115577	-0.008394255	0.0418135142	0.0631625928	-0.0797965546	0.1257581691	0.0957824206	-0.0064673313	0.0912295932	0.0278175825	-0.0474206018	0.0	-0.047051104107993	-0.0103438901753492	0.0022138063977811	0.0001069960639596	-0.020028091418311	-0.0221818874763925	0.0004920361320153	0.0004011244458602	-0.0189434719163301	7.699516422120245e-05	5.928255313449934e-09	0.0003588551282447	0.0015555997309692	0.0002225949366007	4.954850580031416e-08	2.4198905229914474e-06	0.0007733031316754	-6.89937847100008e-07	4.760142328609939e-13	5.979977334589811e-07	-0.0002531019623633	-0.0002420859631208	6.406060335215332e-08	5.8605613540139875e-08
545.6101429515443	-0.3503691458876119	297690.4280916045	0.1227585383900146	633.6163391902529	0.3416713846140737	401469.6652888577	0.1167393350640983	527.6037893295288	0.0475652558462798	0.002262453563722	278365.7585148778	528.9791442621826	467.9127858184105	1.028717	17.483557	0.0216690905596259	0.0143034398487419	0.1468741954	-0.078561537	-0.1081307404	0.04387899	-0.0519609	0.1003905881	0.0794180647	0.1227357461	-0.0420987721	-0.0210542568	-0.1717754497	-0.0157808663	-0.0488726095	0.0654862544	0.1078459137	-0.0480818426	0.1224484991	-0.0172971988	0.2175409194	-0.0672310538	0.0207935879	-0.08282868	0.2011394784	0.1288719469	-0.0381853438	0.0097931545	0.0732328263	0.0316490507	-0.0929506496	-0.0808864555	0.1373998458	0.0439708277	0.0274853	0.1747853831	0.010951682	0.0290930322	-0.1151593903	0.1552587911	-0.0247090444	0.0910916717	-0.0019321606	-0.0889219188	0.0117230233	0.0904721233	-0.0980081831	-0.0973610529	-0.0596547297	0.0361206068	-0.0998637218	-0.1205932007	0.171658126	-0.0894193635	-0.0316668146	0.0265259589	-0.0099790027	0.1349921459	0.06068758	0.1679448621	-0.0877921215	-0.0232576966	0.0432714172	-0.0252194365	0.0883936147	-0.0588086856	-0.0767050081	-0.1040440138	-0.0930159112	0.0040641694	0.0376911269	0.1999497823	-0.2754775862	0.0501564796	-0.0431117618	-0.0789074593	0.0389972448	0.0475570758	0.1825052904	-0.0440883853	0.0716972629	-0.0692900836	0.0398055902	0.1292997745	0.0108145615	-0.1158197704	-0.0329285055	-0.0781447085	-0.0323974269	-0.0632627903	-0.0367592305	-0.0764517527	0.0526842208	-0.0013439897	-0.133139532	0.0406013294	0.0296477109	0.0480980744	0.0486881066	0.0892339416	-0.0567222239	-0.0164310585	0.0897036946	0.0230516017	-0.0540076933	0.0	-0.0450244851108436	0.0020266189971493	0.0020272042594965	4.1071845596068346e-06	-0.0070435330253388	0.0129845583929721	0.0001685987566605	4.9611357479038345e-05	-0.0190207794189944	-7.730750266430123e-05	5.976449968190941e-09	0.000361790049706	0.0014940719164256	-6.152781454360013e-05	3.7856719625116515e-09	2.2322508914516647e-06	0.0007733635748012	6.044312580002001e-08	3.653371456477045e-15	5.980912188292913e-07	-0.0001830781066959	7.002385566739998e-05	3.3517593151355347e-08	4.903340362528863e-09
545.6456662839357	0.035523332391449	297729.19313444017	0.0012619071441933	632.134500262381	-1.4818389278718769	399594.0264219702	2.1958466081564736	526.8915021419525	-0.712287187576294	0.5073530375853466	277614.6550294032	527.7328454799941	466.04556846789256	1.069883	18.183191	0.0228163116047592	0.0093882826665021	0.1226971855	0.0438330707	-0.1952430084	-0.0922298672	0.0899045357	0.0147573571	0.0060128194	0.1821295287	-0.0049263121	-0.0093529241	-0.0306165792	-0.0302232208	-0.0898553419	-0.0559241874	0.1297322762	-0.0374160299	0.0918538532	-0.1802562485	0.0788439699	-0.1021926903	-0.0577993747	-0.023670772	0.0714867072	0.0925686951	0.0461103396	-0.1364365752	-0.0592387353	0.1240728496	-0.0251118443	-0.0209095639	-0.1571605401	0.0315631562	-0.0686234825	-0.0147231001	-0.0377034408	-0.0185543587	0.0892418367	0.0039307053	-0.1363523403	0.0345613465	-0.0542001802	0.0389303363	0.0963375637	-0.0573641969	0.1004280184	-0.0091743707	0.0847960569	-0.0760742787	-0.0222466138	-0.1939844706	-0.011262412	-0.1505631248	-0.0696094573	0.0459051613	-0.1037595307	0.2025980054	-0.0256936044	0.0830303536	-0.0314335808	-0.0448139187	-0.0254588276	-0.0939510519	-0.0468525833	-0.039506169	0.0524528872	0.0393324739	-0.040881521	-0.0215140458	0.0239654223	-0.0445062152	0.1003927554	-0.0431929341	0.0225803186	-0.0009895259	-0.0269031498	0.1235679593	0.1795176862	0.0939383048	0.102151544	-0.0635473574	-0.0286692292	-0.1108579546	-0.009724501	-0.1310236764	0.1447559266	-0.0662288229	0.0212756982	0.0474131719	0.0366138519	-0.1559637173	0.0031806505	0.0056421299	0.0566944649	-0.0537986377	0.0898848734	0.0834227428	-0.1552712597	0.0248913455	-0.0052133314	0.0973435073	0.0881379191	0.018244636	-0.0603787714	0.0	-0.0479307451840043	-0.0029062600731607	0.0022973563338939	8.44634761284804e-06	-0.0040629747244054	0.0029805583009334	8.883727785262997e-06	1.6507763611157135e-05	-0.0214959348028145	-0.0024751553838201	6.126394174053629e-06	0.0004620752130468	0.0015901200177329	9.604810130730006e-05	9.225237764737376e-09	2.528481670794878e-06	0.0008762833195368	0.0001029197447355	1.0592473856441051e-08	7.678724560984335e-07	-0.0002731970175899	-9.0118910894e-05	7.463661042001613e-08	8.12141810072071e-09
545.5574887017644	-0.0881775821712835	297632.9734785758	0.0077752859975734	631.650904293718	-0.4835959686630531	398982.86489507166	0.2338650609071566	526.7732583114079	-0.1182438305446567	0.0139816034618734	277490.0656720172	528.5174089563073	463.5523745548746	1.055141	17.932644	0.0576690163973344	0.0357155223762729	0.1205228495	-0.054808194	-0.1685821279	0.1166488202	0.0242917371	-0.1412081089	-0.0281556801	0.2037337953	0.0315833429	-0.0634221343	-0.0667677895	0.0040325117	0.004093614	-0.0102038755	-0.1382610786	-0.0460019234	0.0774050762	-0.1135293592	0.1459453093	-0.1116145453	-0.0227805404	-0.0795331486	0.1339675018	-0.0078212823	0.0359531707	0.0440077605	-0.0961266736	0.0013855113	0.0114827656	0.0523853654	0.1941037058	-0.0639214453	-0.0757361485	-0.0787795721	0.040219981	0.1103498293	0.009626559	0.0364899682	0.0419287013	-0.0915090862	0.13677015	-0.0083203646	0.0683028775	0.0227384031	0.0037932721	-0.0641096499	0.02360744	0.015585205	0.1416173397	-0.115211754	0.0587535802	-0.1020567907	-0.0161654856	0.0475217134	0.0397249145	-0.0321857068	-0.0495359395	0.1198822038	-0.090170036	-0.0636240462	0.0526711876	-0.0455958273	0.0588938842	0.0067767424	-0.0135097411	0.0155145274	-0.0321748623	-0.0037214996	-0.1861247405	0.0321182338	-0.2050317555	-0.018070914	-0.0101671288	0.0639456769	0.1075702933	0.022980774	0.183537144	0.0305418257	-0.0976128251	-0.1094972819	0.0447158546	-0.0044442075	-0.0378858155	-0.1244746555	0.0637063449	-0.0237665018	0.0204328035	0.1402035772	-0.0186035057	-0.1256817935	-0.1193867176	-0.0623781436	0.0416938372	0.026927727	-0.1038168727	0.0535707167	-0.058455908	0.0135982257	0.2857108139	-0.1131573521	0.0865329627	0.013405232	-0.066508354	0.0	-0.046847895697482	0.0010828494865222	0.0021947253312821	1.1725630104616055e-06	0.0247734284055525	0.0288364031299579	0.0008315381454734	0.000613722754965	-0.0005220451552503	0.0209738896475642	0.0004399040469482	2.725311441203098e-07	0.0016591463970403	6.902637930739997e-05	4.764641040289055e-09	2.7527667668118087e-06	0.000891231731724	1.494841218720004e-05	2.2345502691843071e-10	7.9429399963176e-07	-0.0003247397087611	-5.154269117119999e-05	1.0545587844624404e-07	2.6566490131696964e-09
546.0484466836283	0.4909579818638576	298168.90612560324	0.2410397399558319	633.7029368082682	2.0520325145502056	401579.412119424	4.21083744077124	527.8377054759434	1.0644471645355225	1.1330477660877136	278612.6433221087	528.8800806915746	465.8689897887822	1.106306	18.802219	0.0715664778616149	0.0465412884486109	0.1763381455	-0.1585990663	-0.1021192759	-0.0715748162	-0.1697300978	-0.0170223084	0.0842151578	0.2222923275	0.0548896806	-0.0171477789	0.091409276	-0.1107018475	-0.1171669702	0.1215327047	0.0675771174	0.0735922264	0.2222163971	-0.0015647835	0.0113210419	-0.1380689971	-0.0547301654	-0.0401868882	-0.0883730575	0.1141134461	0.0807433307	-0.0113104991	0.1185630188	-0.1085689847	0.1107108426	0.0913760491	0.1035546724	-0.0009490367	-0.0992644996	0.0011978434	-0.0086175189	-0.0132147398	-0.0389308637	0.1645753094	0.0728139154	-0.0769538133	0.0705771423	0.025561109	-0.0630065313	0.0114139961	0.1221829193	-0.0763639126	-0.0433348293	0.1569518838	-0.0428342031	-0.2120322439	0.0327497633	-0.068971844	0.1649588374	0.0378047872	-0.0669689386	0.113272803	0.022505867	0.0039493597	0.1241632308	0.0463127784	-0.0815820075	0.0275313344	0.1983918132	0.0191162182	0.0452413189	0.0465897162	0.0639741831	-0.0298186904	-0.1759757915	-0.0439067237	-0.1682272325	-0.0385805985	-0.0570415977	0.0221855074	0.069539251	-0.1357554336	0.1802907281	-0.1109762408	0.0395723772	-0.1261531968	-0.0252672507	-0.076200956	0.0279611687	-0.0976478499	0.0129589503	-0.098609602	-0.0027892655	-0.0754835292	-0.0160183723	-0.1307172281	0.0537488836	0.2257835156	-0.0550920053	0.0445168562	-0.0244331178	0.0743853647	0.09852547	0.1145053678	-0.0688249901	0.0334941296	0.0848895389	0.0085419939	-0.0723719246	0.0	-0.0429212079838379	0.0039266877136441	0.0018422300947918	1.541887640048353e-05	-0.0175370583999381	-0.0423104868054906	0.0017901772937175	0.0003075484173228	-0.0088046422241205	-0.0082825970688702	6.860141420525724e-05	7.752172469476557e-05	0.0017940921477665	0.0001349457507261	1.8210355639057705e-08	3.2187666346774128e-06	0.0007732888629037	-0.0001179428688203	1.3910520305562492e-08	5.979756654908974e-07	-0.0002366942028354	8.804550592569999e-05	5.6024145655885486e-08	7.752011113712472e-09
546.2429655914347	0.1945189078063549	298381.37745812524	0.0378376054941772	635.9320996602377	2.229162851969477	404409.6353782784	4.969167020600692	528.1800126348223	0.3423071588789526	0.1171741910197804	278974.12574692105	530.138492633192	470.5059770369146	1.250624	21.254969	0.0529471539604445	0.0299507400108357	0.1367231336	0.0519727587	-0.1333808959	0.1342816348	0.0315028665	0.0685263633	0.037505926	0.1080049321	0.1349840051	-0.0422670146	-0.109869866	-0.0518043432	-0.07921001	-0.0170680416	0.03324734	-0.1170331627	0.0005374456	-0.0037352879	0.2173325786	0.0023027813	-0.0380348524	0.0476327273	-0.0989669812	-0.0667775737	0.0609401776	-0.1554107647	0.0549270973	-0.0221273231	-0.1645919353	0.0220926708	0.0558675721	-0.0630531862	-0.0894513416	-0.210574652	0.1194727701	0.0998009966	-0.1248498579	-0.0136359659	0.0322709956	0.2090654309	-0.0494802041	0.1014023878	-0.0691236833	0.0062126993	0.0057458341	0.0384021774	0.0954013818	-0.0446381623	-0.0290269209	-0.0602027875	0.1527610991	-0.1756208336	-0.041652231	0.0043789186	0.0370506499	-0.0417120817	-0.0327519482	0.105090698	0.1082285521	-0.0172393882	0.0562592591	-0.0099443243	0.0703828383	0.0576996818	-0.1891551414	0.0615498865	0.0061686678	-0.1017748918	0.042321403	-0.1186039517	-0.0211997358	0.1402263023	-0.0044716709	-0.1244137789	-0.0777863486	0.1822650457	0.1580431113	0.0598557461	0.0793721289	-0.0908235428	0.108306263	0.0647012875	-0.0921302342	-0.0989060182	0.0518719247	0.0387211745	0.0476676278	0.0413389931	0.0553674478	-0.0498914335	0.0947784547	0.0729212661	0.1102723206	-0.0250720019	-0.0051959155	0.0612060198	0.1630931143	0.0248611382	-0.0313104271	-0.0855429715	0.0832083783	0.0036635686	-0.0779460309	0.0	-0.0379062872079458	0.0050149207758921	0.0014368866098912	2.5149430388474215e-05	0.0083800033641381	0.0259170617640762	0.0006716940904829	7.022445638296588e-05	-0.0194383722641617	-0.0106337300400411	0.0001130762145644	0.0003778503162801	0.0017310671641821	-6.302498358439997e-05	3.972148555813886e-09	2.996593526909457e-06	0.0006413237675442	-0.0001319650953594	1.741478639324192e-08	4.1129617481708713e-07	-0.0002040554541706	3.26387486648e-05	4.1638628376769844e-08	1.065287914403984e-09
545.399986154344	-0.842979437090662	297461.1448971586	0.7106143313576895	633.1097665107113	-2.822333149526344	400827.9764512474	7.965564406915291	528.2685304880142	0.0885178531918882	0.0078354103337006	279067.640303966	528.8806378198755	464.5963324442746	1.085351	18.446074	0.0776606542768451	0.0480153948747766	0.093375759	0.0041757123	-0.1397912133	-0.0619464295	0.0475974932	-0.0554925818	0.0685136839	0.1168697714	-0.0374665137	0.0614480814	0.0392802594	0.0604765363	-0.0935313394	-0.0846653037	-0.070717002	0.1385229616	0.0503179105	-0.0194376156	0.0033510429	-0.0633431295	-0.0326601071	0.0556264645	-0.0330565607	0.0471033819	0.1493323416	-0.0748416616	-0.0043660925	-0.0834784123	0.1438180084	0.077492515	0.1810931423	-0.0691127134	-0.0500232968	-0.0256605582	0.0559969766	0.0384063033	-0.0636926496	-0.0662864082	-0.0983634682	0.0525552313	0.0917249285	0.0763000976	0.0884305484	0.0220658649	0.0912511634	-0.0758532985	0.0460992461	-0.0469078028	0.0705931182	-0.1570764039	0.0139391922	0.084517214	0.0795420701	0.0769820662	-0.0326188082	-0.053669194	-0.0500850257	-0.0281247915	0.066274658	-0.0142273073	0.0391607343	-0.1024265851	0.1331613564	0.003994039	-0.0659829785	-0.0463849324	0.1715439766	0.0521906823	-0.0603288359	0.0773792116	-0.040878628	0.0167831286	-0.0951347558	0.0451187273	0.0981669338	0.0896453269	0.135334112	0.0735126686	-0.048245125	-0.1097615919	-0.1174919234	0.0327085982	0.0723005891	-0.0809288422	0.0085596682	0.1018281989	0.0177184327	0.0426955659	-0.0199092064	-0.0084127042	0.0321635327	0.0224404314	0.0589621534	-0.0050922724	-0.0400950413	-0.0276624067	0.0332876849	0.079984174	0.1747806351	-0.0652538634	0.0814902283	-0.0012213705	-0.0832083783	0.0	-0.0328590623416715	0.0050472248662743	0.0010797179779738	2.547447885073768e-05	0.0451377100549166	0.0367577066907785	0.0013511290011653	0.0020374128690017	-0.0193736456870965	6.472657706519877e-05	4.189529778577115e-09	0.0003753381472091	0.0012910045425845	-0.0004400626215975	1.9365511092735245e-07	1.666692728973814e-06	0.0007239930906233	8.266932307909999e-05	6.834216978356614e-09	5.241659952702779e-07	-1.0967475992757867e-05	0.0001930879781778	1.2028552965172018e-10	3.728296731680684e-08
545.4548847748764	0.0548986205324126	297521.0313247737	0.0030138585363618	633.8440377684846	0.73427125777323	401758.2642146561	0.5391542799918811	527.9645518234798	-0.3039786645343838	0.0924030284921074	278746.56798216794	529.5197737970875	460.8902947454845	1.206235	20.500563	0.0766822294748919	0.0404857135338114	0.0398088121	-0.1351768864	-0.0630844591	-0.0392487051	-0.0693354789	-0.0548782766	-0.0162869532	0.069853485	0.0919360237	0.0113360542	0.0342273931	0.0052728883	0.0160994434	0.1208473082	-0.0642123825	-0.0234887703	0.0494742818	-0.1409738141	0.0356964265	0.0282044633	-0.0568650497	0.0527608986	-0.1232497139	0.109590081	-0.0635286186	0.03544973	-0.1355227613	-0.0144436551	0.030425673	-0.11765038	0.0099371725	-0.0847664076	-0.061337703	0.123018292	-0.0804686995	0.0188003493	0.0027131654	-0.0059166323	0.0050440538	-0.0387504079	-0.0098594266	0.0855417024	-0.1334285605	0.0146056884	0.0555889698	0.0951820602	0.0369252064	0.1275900236	0.0390598241	-0.076380562	-0.1102293376	-0.1272546121	0.0065900714	-0.0138510039	-0.0227839332	-0.0460206993	-0.0331972234	0.0480431028	0.0924238699	-0.1160781077	0.0028009087	-0.0530375104	0.0926868067	0.0046769104	-0.1336962652	-0.1718767851	-0.1774290723	0.0705504496	0.0284620042	0.0224369268	0.0949397065	-0.0471873248	-0.0084155802	0.0790697562	0.0547270445	-0.0883597625	0.0954463155	-0.0903523904	-0.0160046885	-0.0866887743	0.0203462479	-0.1660053616	-0.0390974899	-0.0326518412	0.0863274401	0.0521046519	0.1163079038	-0.0509627417	0.0713570942	-0.0577173262	0.0473372373	-0.0735595616	-0.0251397988	0.1424652883	-0.0337453496	0.0075302538	0.0189576508	0.0571383656	-0.0302644903	-0.0615533728	0.0797358525	-0.006104138	-0.0881379191	0.0	-0.0229413344925291	0.0099177278491423	0.0005263048282981	9.836132568965466e-05	0.0108793327022596	-0.0342583773526569	0.001173636418837	0.0001183598800464	-0.0193995047895469	-2.5859102450401933e-05	6.686931795403833e-10	0.0003763407860796	0.001328073319559	3.7068776974500057e-05	1.3740942263852255e-09	1.763778742124462e-06	0.0004347781013287	-0.0002892149892946	8.36453100326756e-08	1.8903199739498934e-07	-0.0003342890131365	-0.0003233215371437	1.1174914430377509e-07	1.0453681638099224e-07
544.9133025460096	-0.5415822288667869	296930.507291599	0.2933113106243167	632.1932847910914	-1.6507529773931535	399668.34933495	2.724985392372362	527.5396437134061	-0.4249081100737157	0.1805469020064169	278298.0756892675	528.9045400007464	459.6786437879095	1.059514	18.006966	0.0343935432052427	0.0162868931158612	-0.000559495	-0.0869526917	-0.1206487234	0.0863179861	-0.0550270922	0.0474056011	-0.0539236858	0.1109342021	0.0433742681	-0.0504598435	-0.1461760201	0.0241425567	0.050199515	0.0356200048	0.0142157649	-0.0316962994	0.0532096619	0.0093959636	0.1014533762	0.0065173108	0.1469309484	-0.0811120697	-0.0534982328	0.0514629999	-0.1124268946	0.023493325	0.0688371615	0.1051844186	0.0296497742	-0.0431238347	-0.1511919812	-0.1332631753	0.0662022625	-0.0668767264	-0.0329924531	0.0439614754	-0.127201028	-0.030042866	-0.0348111606	-0.0153493268	0.0277856693	-0.0092921049	0.0491122404	0.1032923945	-0.1594093376	-0.0327378581	0.1001887311	0.0218202427	-0.0705811536	-0.04821884	0.1165640531	-0.0413990869	0.1064486964	0.0543732043	0.1338583694	0.0129035518	0.0305027814	0.1010657275	0.020028871	-0.1341287664	-0.0474349987	0.0279284142	-0.0574309697	-0.0846190911	0.010653211	0.0989389966	-0.0361682303	0.0403301326	0.0576453671	0.0863695056	-0.0775404588	-0.1410133533	-0.0754732773	0.0428518852	-0.0058794556	0.0292786586	0.0998557812	-0.0437940591	0.0754508722	-0.1325491837	0.0968197887	0.1204327728	0.0002386343	0.0220497286	-0.0456891119	0.0359271512	0.0547150632	-0.0561435371	0.0384221734	-0.1127744714	-0.0617983169	-0.0035268833	0.0650475121	0.2069628901	-0.0148657262	0.0235018301	0.0150909825	0.0351708223	0.0792056051	-0.0880366864	0.0779460309	-0.0109760526	-0.0927149366	0.0	-0.0301901141572074	-0.0072487796646782	0.0009114429928252	5.254480662705363e-05	0.0136353743178716	0.0027560416156119	7.595765386985201e-06	0.0001859234327884	-0.0081391001293695	0.0112604046601774	0.0001267967131109	6.62449509159026e-05	0.0012400445136363	-8.802880592270008e-05	7.749070672176397e-09	1.5377103957994875e-06	0.0003208306258701	-0.0001139474754586	1.2984027163388248e-08	1.029322904962001e-07	-0.0002736989492223	6.059006391420001e-05	7.491111480539117e-08	3.671155845126841e-09
545.2436603012646	0.3303577552550223	297290.64909872087	0.1091362464571372	633.9657996166711	1.7725148255797194	401912.6350836052	3.141808806899903	527.7493539367404	0.2097102233342411	0.0439783777708973	278519.38058064686	528.6872706240785	456.5496856675805	1.006031	17.097996	0.0411356713332037	0.0192592389103161	-0.0137116024	-0.0108027073	-0.2111948602	-0.0805041412	0.0690820692	0.0458425355	0.0117655467	0.1757288754	0.0617461991	-0.1046306838	0.1325080495	-0.002217304	-0.0020366831	-0.0453443097	0.0918015168	0.0551595936	0.2142622277	-0.0295347183	-0.0154031113	-0.1059330179	0.0661206943	-0.0065390597	0.0754553925	0.0039984971	0.0354994342	-0.022076788	0.0681759571	0.0825801063	-0.1732918234	0.0180666906	-0.0834980576	-0.0267188248	0.0473180438	-0.0595465318	-0.0143233706	0.1655823438	0.187816711	-0.0150046259	0.1213984033	0.1330269885	0.0362445183	-0.0484683685	0.0752781246	0.0551449542	0.0034341443	-0.0721028607	-0.021385577	-0.0683100942	-0.0537716665	-0.1531042669	-0.0329342966	-0.039550829	0.1892372893	0.1621840197	-0.0726074916	-0.0448330116	0.0472097217	0.0781604936	-0.0197630071	-0.0183863196	0.1034582667	0.1088330309	-0.0494494817	0.0457765623	-0.0546976691	0.186638237	-0.1033831488	-0.0419303945	0.082062287	-0.0080818454	-0.0556100929	0.0888927042	0.1215586418	0.0556716551	-0.095770837	0.0327934508	0.0935851512	0.0658575245	0.0445607376	-0.1655805377	-0.0544300229	-0.0456106366	0.0765784308	0.0591801207	-0.0531091507	-0.1177734469	-0.0615379999	-0.0848544751	0.038379145	-0.1038867359	0.0081312731	0.067519177	0.1095677487	-0.000988507	-0.0722182324	0.0363981155	-0.0369492021	-0.0069458122	0.020101095	-0.1377049949	0.0761215592	-0.0158284522	-0.0969211244	0.0	-0.0213143385488763	0.0088757756083311	0.0004543010277761	7.87793926494453e-05	0.0228088044470666	0.009173430129195	8.415182033522263e-05	0.0005202415603045	-0.0194697577700821	-0.0113306576407126	0.000128383802571	0.0003790714676256	0.0013290646367654	8.90201231291e-05	7.924582321920125e-09	1.7664128087003446e-06	0.0004648167005274	0.0001439860746572	2.073198969521756e-08	2.1605456508917867e-07	-0.0002758089105352	-2.109961312900027e-06	7.607055513061397e-08	4.451936741934806e-12
545.241705996502	-0.0019543047626484	297288.5179579759	3.819307105310462e-06	632.8055327842975	-1.1602668323736225	400442.8423224186	1.3462191223063198	527.6036547933306	-0.145699143409729	0.0212282403903287	278365.61655128	529.1405104166429	456.7260773373844	0.997934	16.960369	0.047775271089544	0.0230566509337443	-0.0115045644	-0.0729880161	-0.1814487035	0.0774269601	0.034304564	-0.105613685	0.0073327222	0.078829265	0.0709406674	-0.0961524359	-0.0395178898	-0.0620508716	-0.0063889679	-0.0166803625	-0.0676455254	-0.1601471593	0.2366032407	-0.1138292892	-0.1229042571	-0.0759451281	0.0219416299	-0.079343114	-0.041670643	0.0219805705	0.0159103389	0.0359084736	0.0929290752	-0.0094103384	-0.0396261626	0.003064938	-0.1006935245	0.0555281838	0.0099625193	-0.1884701007	0.0170111915	-0.0578072678	0.0807031402	-0.0435292012	0.05349296	-0.0431435804	-0.0069171724	-0.1443037672	-0.0122760704	-0.0027016466	-0.151762599	0.0741761759	-0.0311104133	0.0023498267	0.1013834232	-0.0387245064	-0.012229241	-0.1511258016	0.1560758333	0.1358814228	0.0225237408	0.058136658	-0.029620924	-0.0564505017	0.0013167078	0.155908787	0.1131517978	0.0094047759	-0.1480449121	0.0478656508	0.0618641368	0.1790140616	-0.014007103	0.0858248481	0.0038618531	-0.0405657277	0.0703711799	0.1530571683	0.0804336012	0.0881614458	-0.0044373543	-0.0372687128	0.0888047579	0.0150743907	-0.1006664472	-0.1541017108	0.067730841	-0.0784274082	-0.0322041888	0.0935816769	-0.0717200413	-0.0261671735	-0.1292578913	-0.06524536	-0.0920192385	0.0158917766	0.2787183792	-0.0606515925	0.0627177279	-0.014458784	-0.0389126572	0.0802883145	0.0329281415	-0.0728788813	-0.0349684407	-0.1045907634	0.0742632484	-0.0206527093	-0.100739659	0.0	-0.0303306869657831	-0.0090163484169067	0.0009199505718163	8.129453877505771e-05	0.0382854828982175	0.0154766784511509	0.0002395275758803	0.0014657782007497	-0.0121122377938007	0.0073575199762813	5.4133100201379845e-05	0.0001467063043735	0.0013356333849547	6.568748189299993e-06	4.314845277443194e-11	1.7839165390055497e-06	0.0005646743505831	9.985765005570004e-05	9.971550274646652e-09	3.188571222064457e-07	-0.0004878769971943	-0.000212068086659	2.3802396439132701e-07	4.4972873379251535e-08
545.1669255294966	-0.0747804670054392	297206.97669128363	0.0055921182455515	633.8490982055664	1.0435654212689087	401764.67929600977	1.0890287884681549	528.136533498764	0.5328787054334043	0.2839597147043809	278928.19801609113	529.3073197835524	456.2092140893817	1.087068	18.475256	0.084410348824786	0.0576406614666671	-0.0001696307	-0.2194315173	-0.1335487203	0.0357474463	-0.1218201454	0.038024302	0.0269146894	0.1156566399	-0.0527414259	-0.0905351158	-0.0264500537	-0.1429179011	-0.0703149529	0.1553929288	0.0682884842	0.0447234194	0.0015409903	-0.0130257747	-0.029523592	-0.2660763528	0.0072324287	0.086657492	-0.0288362853	-0.0323580352	-0.0427487597	-0.0207574029	0.1477403164	-0.0675893239	-0.0576536819	0.03334359	-0.0542848267	-0.094420745	-0.0157437151	-0.1361334234	-0.2058191675	-0.03024771	-0.0651953516	-0.1300971238	-0.0068854663	-0.0029054054	0.1216632271	0.0087669272	-0.0117758046	0.1905263345	-0.1230680868	0.1372242867	0.0260407184	0.1309555911	-0.0521711166	-0.0770062922	0.0098284486	-0.0116183631	-0.1070666629	0.1758666533	-0.0416463445	0.0617183347	0.0460682701	-0.0777067219	0.1296723559	0.0335659646	0.0837930812	0.1232660258	0.0296855149	-0.0355223798	0.0624767634	0.1890926124	0.0609056669	0.0382454305	0.2331526277	0.0311518532	-0.0204329195	0.0744483392	-0.1647185468	0.139953105	-0.063436683	0.0745208552	0.0987094487	-0.1427005681	0.0286737051	-0.126162135	0.0321525847	0.0802943085	0.0258747696	-0.0518362247	0.0584665551	0.0808124264	-0.08510078	-0.0810535586	-0.1108288038	-0.0419471526	0.0165038971	-0.1722362291	-0.0317555452	0.0455998867	-0.0467700357	-0.0636885203	0.137176127	-0.0253037314	-0.143743737	0.0207185984	0.0723719246	-0.0254402467	-0.1041552675	0.0	-0.0279039388845774	0.0024267480812056	0.0007786298052742	5.889106249635536e-06	-0.0132256623503366	-0.0515111452485541	0.0026533980848176	0.0001749181446051	-0.0193629923607119	-0.0072507545669112	5.257344178958363e-05	0.0003749254731609	0.0016220962437158	0.0002864628587611	8.2060969449582e-08	2.6311962238769085e-06	0.0004866857373584	-7.79886132247e-05	6.082223792711851e-09	2.3686300694808958e-07	-0.0003878944506178	9.998254657650002e-05	1.5046210482008485e-07	9.996509619921996e-09
545.8543165128553	0.6873909833587959	297956.9348557165	0.4725063640029724	633.7716368751965	-0.0774613303699425	401666.4877074659	0.0060002577026813	527.6210316419601	-0.515501856803894	0.2657421643682625	278383.9530309263	528.2333909772519	460.7232590421154	1.137667	19.335201	0.0736161578369177	0.0465209669131517	-0.0343579845	-0.0098242184	-0.1394578333	-0.0872098224	0.0387903147	0.065496834	-0.0108726566	0.1396488634	-0.0118469485	-0.0287917459	0.0021871896	-0.1841336138	-0.0211091602	0.0003016331	0.0930822877	-0.0556233168	-0.0236454973	-0.1088439938	0.0332460676	0.03052456	-0.0300774403	0.0220202583	-0.0717560274	0.2029639467	0.0404160157	-0.0372093316	-0.0010345864	-0.0609474258	0.1319589874	0.1139103196	-0.0225858489	-0.0037552053	0.0295322921	0.0022343732	0.077243763	0.0797896711	-0.0732028654	0.0733462139	0.0235161559	-0.0130090348	-0.0371586094	0.0062073225	0.0923348306	0.0023509074	0.1049697932	0.0948352278	0.0816153588	-0.0476538591	-0.0982710283	-0.0695365974	-0.1045863694	-0.0754854467	-0.0742676728	-0.0041345577	0.0717354395	0.1217680949	0.0811075384	-0.0194461596	0.1065771307	-0.0658716416	0.0290614028	-0.0249747661	-0.0237291671	-0.0185086375	0.0715587107	-0.008552819	0.1502889771	0.0534169806	-0.1722911626	0.1127952266	0.0496348732	-0.0787584858	0.0510632005	-0.0436502259	-0.0151233721	-0.0220723432	0.0528001742	0.0094352921	0.1562613818	-0.096639629	0.01100219	-0.0911711151	0.0361429066	0.0111123846	0.0976553573	0.0982391215	-0.0392766657	-0.0530381516	-0.0393739357	-0.0242330503	-0.1273926693	-0.1728731444	0.0997540971	0.0467779014	0.1497836958	0.0700784628	0.1874545627	-0.1573061566	-0.0947655476	0.1458663135	0.0704484286	-0.0301825523	-0.1071542885	0.0	-0.0302323282115395	-0.0023283893269621	0.0009139936690902	5.421396857911021e-06	-0.0132544202863442	-2.875793600760033e-05	8.270188834172358e-10	0.000175679657127	-0.0530993024251671	-0.0337363100644552	0.001138138616765	0.0028195359180393	0.0015199911415888	-0.000102105102127	1.0425451880365124e-08	2.3103730705084238e-06	-6.372027209655684e-05	-0.0005504060094549	3.029467752441301e-07	4.0602730760592406e-09	-0.0002899515520099	9.794289860789996e-05	8.407190251294976e-08	9.592811387717372e-09
546.0729887924335	0.2186722795781861	298195.70908870123	0.0478175658559204	632.9420493114953	-0.829587563701125	400615.6377866354	0.6882155258475681	527.4423247746059	-0.178706867354208	0.0319361444395545	278195.4059636409	528.9626003474589	464.492545562908	1.027961	17.470707	0.1523012215594108	0.0812468879261275	-0.0574441864	0.0782444461	-0.1270703032	0.1412875504	0.1149223815	-0.048762317	-0.0287419068	0.0510763057	0.0217945094	-0.0601096746	-0.0569261945	-0.0706614898	-0.0159638967	-0.1182375456	0.0318564699	-0.0295890389	-0.1204999154	-0.0555145902	0.0280112147	-0.0687540685	0.2640442192	0.0674675786	0.0074083945	-0.1380081314	-0.0220863471	-0.0547104942	0.0507455962	-0.1348992313	0.2060698549	-0.0709352662	-0.0043925439	0.0515756623	0.0892491781	-0.0107172677	-0.0114997325	0.0345262085	0.0018657072	0.159134799	0.1044091734	-0.0205453112	0.0120311857	-0.0433949759	0.1083410522	-0.0542369979	-0.0040367118	-0.0319082198	0.0516693448	-0.1209572284	0.038279881	-0.0015268005	0.0068980412	-0.0127650243	-0.0149612117	0.1638452524	0.1361401017	-0.0996563161	0.0627913605	-0.0833839188	0.0516911893	-0.062429667	-0.0817498335	-0.056235949	-0.103771879	-0.1666789381	0.222269342	-0.0322512254	0.0448814287	-0.0739734025	0.0153161587	-0.0011953838	-0.1011686883	0.0313107087	-0.0354279667	-0.055005744	-0.1093554756	-0.1130009878	0.0215945626	0.1313758755	0.0034589496	-0.0630153519	0.1164830398	0.0525953697	0.0319834292	-0.0032358013	0.0520775443	0.0134459939	0.0228837231	0.0359474137	0.0516351214	0.0677966194	-0.1914172146	-0.1578089188	0.0579508884	-0.0200531486	0.0657313643	-0.0304850032	0.0767338962	-0.2131618171	-0.0271384357	0.031556199	0.0684936154	-0.0348711943	-0.1097247271	0.0	-0.0160026107180897	0.0142297174934498	0.0002560835497947	0.0002024848599433	0.0480391109178697	0.0612935312042139	0.0037568969674819	0.0023077561777793	-0.0701105468416471	-0.0170112444164799	0.0002893824365972	0.0049154887784347	0.0009223920810852	-0.0005975990605035	3.571246371147853e-07	8.508071512486862e-07	-0.0005761734441764	-0.0005124531720798	2.6260825357469334e-07	3.319758377740951e-07	-0.0003752338883318	-8.528233632189996e-05	1.4080047095260176e-07	7.273076888521658e-09
545.8568278635857	-0.2161609288477848	297959.6765252963	0.046725547160337	631.6555985637095	-1.286450747785807	398988.7951968781	1.6549555264786615	527.7924122640064	0.3500874894004937	0.1225612502347408	278564.8304434589	528.5577952230269	463.2162099336682	1.067163	18.136957	0.0285846704654499	0.0144859159447825	-0.024454804	-0.0433906241	-0.0614318265	-0.0443809864	0.0020501627	-0.1437010425	0.0257317976	0.0207513199	-0.1842866696	0.020072215	0.0327836189	-0.2248280796	-0.0094427401	-0.0473258231	-0.1630423635	0.1219251892	0.0683370438	-0.0078575927	0.0625708503	0.0861512644	0.0688818714	0.1504819838	0.0993006113	0.1178637001	-0.0073499389	-0.0326087298	0.0089967792	0.1353342545	0.0672094178	0.0657072792	-0.0745643674	-0.1959993718	0.0574419626	0.0259700605	-0.0024539994	-0.078995933	-0.0435469551	-0.0903536232	0.0010680281	-0.036683958	-0.0087802036	-0.0036171923	-0.034120677	0.0463159262	0.0581606478	-0.0958709513	-0.1220326685	-0.0052152042	0.1409183429	-0.0900131517	-0.0156722862	0.1253757297	0.0175176688	-0.1141853523	0.0495045145	0.1226135089	0.1943792586	-0.1036796568	-0.0318076143	-0.1564647489	0.0777466071	-0.0561425204	-0.0776351875	-0.0006791555	0.0608428869	0.0430935456	-0.0199245856	0.047504426	0.0225425907	0.0777336702	0.0748530359	-0.052736197	-0.1171973464	-0.0269857102	-0.0502688386	0.1655738963	0.0020815508	0.0095346186	-0.1394493571	-0.0596700441	-0.0850493901	-0.0430559956	0.1212383218	0.0709478388	-0.0896812773	0.0459017416	-0.0393530653	-0.0083998336	0.015909463	0.167861533	-0.1456151667	-0.0997326345	0.0124178585	-0.0248184254	-0.0044490402	0.1068615848	0.161518425	-0.1588586186	-0.0606531864	0.0888341984	0.066508354	-0.0394978367	-0.1118563022	0.0	-0.0176542954041281	-0.0016516846860384	0.0003116741462162	2.7280623020937687e-06	0.0377798339247021	-0.0102592769931676	0.0001052527644225	0.001427315851378	-0.0672363177909431	0.0028742290507039	8.261192635910752e-06	0.0045207224300846	0.0009148662316361	-7.525849449100015e-06	5.663840993051901e-11	8.369802217880382e-07	-0.0004857535244973	9.041991967910002e-05	8.175761874774899e-09	2.35956486561549e-07	-0.0005532777139144	-0.0001780438255825	3.061162287143446e-07	3.1699603828087284e-08
546.3045450454647	0.4477171818789429	298448.65593733214	0.2004506749496224	634.0405110326307	2.3849124689211294	402007.3696305194	5.687807484415477	528.3085029465811	0.5160906825747134	0.2663495926404335	279109.8742856577	529.4206148545967	464.608912534492	1.084505	18.431688	0.0927387663022737	0.0517059215981375	-0.0373889478	-0.0739255815	0.0602894465	0.0188001517	-0.1347862144	0.0063657927	-0.0377863196	0.0029504317	0.091067954	0.0628365431	0.0533623579	-0.1173252961	-0.0049269516	0.0685115794	-0.0350235925	-0.0402239833	0.026371952	0.0197633585	-0.030961487	0.1385538483	0.1077699155	0.0601626476	-0.1134209603	0.0248362994	-0.0339777399	-0.0555021155	0.1275727501	-0.0605043757	0.0237342344	0.0031355307	0.0215901607	0.0631145646	0.0472816575	0.0624010901	-0.1009079962	-0.0287105442	0.0148733282	0.1294045306	-0.0995349447	-0.0479505478	-0.0548069864	-0.0207532603	0.1192010748	0.0445191664	-0.0041214563	-0.0143247929	-0.0724528145	0.1033542129	-0.0204555377	0.0542912923	-0.0331148379	-0.0595823638	0.1066568625	-0.0963679907	0.1206193757	0.0681141529	0.0987192624	-0.0364957322	0.1027762709	0.0910029268	0.0069244475	-0.006595847	-0.0386008825	-0.0589405105	0.2120419657	0.0436655945	-0.0167161831	-0.1285048855	0.0939759473	-0.051798245	-0.0285256503	-0.1381395182	-0.066719752	-0.1171188493	-0.0399463439	-0.0992391524	-0.0192599063	-0.1309023789	0.0279123043	-0.0116803035	0.0972327753	-0.1211000946	-0.0121984289	0.0896145362	-0.0573867648	0.1428243092	0.0992456385	-0.0810403936	-0.0684309338	0.1573749612	-0.1569210224	-0.0615770024	-0.0320756191	0.0030384793	-0.0829967579	0.0712828646	-0.0125328846	-0.0323334799	0.0588110428	0.0425882999	0.064493527	-0.0440542534	-0.1135404882	0.0	-0.0144419837411646	0.0032123116629634	0.00020857089438	1.031894622001132e-05	-0.0086617169234557	-0.0464415508481578	0.002156817645182	7.502534006207889e-05	-0.0485636424508157	0.0186726753401274	0.0003486688043578	0.0023584273680906	0.000447860551484	-0.0004670056801521	2.1809430529432554e-07	2.0057907357555265e-07	-0.0004851283292357	6.25195261599995e-07	3.908691151270862e-13	2.3534949582702174e-07	-0.0005738914075212	-2.0613693606800088e-05	3.293513476266641e-07	4.2492436411503076e-10
545.9582653742747	-0.3462796711900182	298070.4275304869	0.1199096106794671	632.7277713644094	-1.3127396682212975	400344.4326557723	1.7232854365217622	528.3279492003577	0.0194462537765502	0.0003781567859419	279130.42190625577	529.5144909933261	466.7738796943842	1.151319	19.567236	0.0626039181826968	0.0354016492266685	-0.0667884962	0.0385415726	-0.0297526093	0.0485932465	0.0416993133	0.1194118694	-0.0225962729	0.0901413784	-0.0855877279	-0.1068025632	-0.0117130578	-0.0318826251	-0.0626847592	-0.0669026138	0.0526335547	0.0453871517	-0.0244688325	0.1092280584	0.0968237317	-0.0138644457	0.0173644219	0.0015992641	-0.1529955732	0.0984537633	0.0490408689	0.1004829194	0.0174760308	-0.0981206108	-0.085943783	-0.0840772347	0.0135083821	-0.0854075026	0.0743271542	0.027366861	0.1433865859	0.0132177527	0.043848642	0.0078522996	-0.0053713359	0.1890667403	0.0766308704	0.0366130917	-0.0767036843	-0.0912292212	0.0514360641	0.012682808	-0.0544272056	-0.058331	-0.065226693	0.0038597327	0.0741714884	0.0826851917	0.0618109407	0.0366088832	0.061950864	-0.0174718519	0.1183134358	0.1233897576	0.2410834173	-0.0128796758	-0.0124008152	0.0917860378	0.0077084323	0.06727349	-0.0483851703	-0.1207747107	-0.0498096223	-0.0108414391	0.0194783422	0.0976571782	-0.0243696839	0.0105007078	0.0802225675	-0.0680881762	0.0703160272	0.1290787833	-0.0258757028	0.0324280153	0.0882661921	-0.0573699527	0.0660756784	0.1573404103	0.0962881731	0.1231211632	0.004103606	0.0646454578	0.070163364	-0.0849801986	-0.1123687921	0.1073767931	-0.0671592922	0.0388015698	-0.1060482024	0.1285454595	0.0545234335	0.1107468866	-0.0436137458	-0.0205350866	0.0043698726	0.0021747686	0.06245003	-0.0485323432	-0.1147705489	0.0	-0.0048347299814679	0.0096072537596967	2.3374613993704604e-05	9.22993248032064e-05	0.023450270818202	0.0321119877416577	0.0010311797567203	0.000549915201447	-0.0532502542592681	-0.0046866118084523	2.1964330243125437e-05	0.0028355895786767	0.0003618569921141	-8.600355936990003e-05	7.396612224291919e-09	1.3094048274186386e-07	-0.0006140838293628	-0.000128955500127	1.6629521013030484e-08	3.770989494848804e-07	-0.0004648891695604	0.0001090022379608	2.1612193997455841e-07	1.1881487880462871e-08
545.8468320446044	-0.1114333296702625	297948.7640531306	0.0124173869614014	633.1863929046982	0.4586215402888456	400925.0081596628	0.2103337172169132	527.6702051333019	-0.6577440670557735	0.4326272577470698	278435.8453854209	528.2382557400466	464.4435105366442	0.976746	16.600279	0.0692664939191823	0.0409359991219054	-0.0992111252	0.0534674994	-0.0332583749	-0.0818767447	0.1118719204	-0.040776379	-0.0180592725	0.0449627338	-0.0347763397	-0.1554103571	0.1866076381	-0.0181289801	-0.0904092538	-0.1066808926	0.0251563993	-0.0245291568	0.2167670639	-0.0274524658	-0.1850519592	0.0233634881	0.0840669068	0.0042705045	-0.0526183306	0.0328776169	0.0647057345	0.0449471103	-0.0076191151	-0.0455891667	-0.0716814109	-0.0902235062	-0.1023217603	-0.1025267207	0.2041508749	0.1135669798	0.0870051836	-0.0261031631	0.0227258451	0.0814368928	-0.1351562497	-0.1363388202	-0.0401766182	-0.0346505255	-0.1423513474	-0.0498218018	-0.0810085571	0.0134067567	0.0300219164	-0.0691873306	0.0609737367	-0.0245560389	-0.133516159	0.0438553569	0.2276260206	0.0834738397	-0.1255958223	0.0343565341	0.1197978595	0.0926670012	0.1344722185	0.0720170203	0.0134502888	0.0106218584	-0.2362920068	0.0581354261	0.0186894706	0.012044366	-0.0248447901	0.0087670612	-0.0228247906	-0.0035276968	0.0571542334	-0.0657091555	0.1551474311	-0.0948873557	0.0012782485	-0.0326979255	-0.0619567631	0.0932992918	-0.0430099772	-0.0888196802	-0.0430743648	-0.0719751514	0.1272718261	0.1581583018	0.0296696007	-0.0680236774	0.0539022682	-0.169525447	0.0258861587	0.1354799871	-0.0353319751	0.1608766137	-0.0402241318	0.1367164252	-0.051200452	0.0215102091	-0.061141901	-0.0798715324	0.0118676724	-0.0857294771	0.0603787714	-0.0529241442	-0.1155415645	0.0	0.0028995330895043	0.0077342630709722	8.407292137130351e-06	5.981882525100433e-05	0.0595887026829302	0.0361384318647282	0.0013059862576416	0.0035508134874346	-0.0517369964016012	0.0015132578576668	2.2899493437906157e-06	0.0026767167966592	0.0002282511293782	-0.0001336058627359	1.7850526557404153e-08	5.2098578062423794e-08	-0.0008070701140876	-0.0001929862847248	3.7243706091881606e-08	6.513621690533718e-07	-0.000615907844616	-0.0001510186750556	3.793424730595269e-07	2.2806640215548906e-08
545.7063882400836	-0.140443804520828	297795.4621660368	0.0197244622282845	632.0488144447064	-1.1375784599918006	399485.7038409589	1.2940847526373167	528.0624272993633	0.3922221660614013	0.1538382275498975	278849.9271252954	529.3436104141289	461.5757403365188	1.102989	18.745831	0.0234545199866244	0.0119061499904316	-0.0907553128	-0.0731859079	0.049454611	0.1043003863	-0.038585096	-0.1342529193	-0.1219865307	-0.0484844877	0.0146159562	-0.034620915	-0.0714142764	-0.1123809913	-0.0442612722	0.0468073961	-0.1043051338	-0.1032019053	0.0197376756	0.0153280034	0.0114340438	-0.0285561016	0.0319824559	0.1030396125	-0.1689602273	-0.027741611	0.1080611431	0.0628730737	0.0173439642	-0.0176451082	-0.027483275	0.0565793236	-0.0383529523	-0.0047767415	0.1220746818	0.1727834611	0.0048841266	0.1839641068	-0.0063870802	-0.0877531848	0.0264540394	-0.0938878396	-0.0814623784	-0.0509551887	-0.038313223	0.0332518345	-0.0415985745	-0.0845603049	-0.0720490581	0.0878341405	0.1292119563	0.0912312483	-0.0304099613	-0.0218595341	-0.0101385328	0.014278767	0.0581146902	0.088624155	0.0629305163	0.0049007048	0.1657125157	0.0658704432	-0.0095199897	-0.1180392414	-0.0897932485	0.11457983	-0.0242933826	-0.0429151105	0.1000166765	0.0862384046	0.0597750997	0.0785680466	0.0616767137	-0.0617729453	0.0600976045	-0.0016568093	-0.045752574	-0.0960939454	-0.0658758147	-0.0430565383	-0.0931360707	-0.0832975601	0.1000907983	-0.0225119262	-0.0348563099	0.1524154876	0.0976842216	0.0113853487	0.0773203916	-0.1397675401	0.0089307521	0.1695185624	0.1048402367	0.0632434162	-0.0253505412	-0.0557679971	-0.0060627699	0.0077227727	-0.0762832321	-0.0260637979	-0.0232339612	0.1488507909	0.0582806721	-0.0572218481	-0.1158504512	0.0	0.0029087973963157	9.264306811400218e-06	8.461102292812996e-06	8.582738069575647e-11	0.0556469545280862	-0.003941748154844	1.5537378516216082e-05	0.0030965835482508	-0.0452842072945571	0.006452789107044	4.163848725998695e-05	0.0020506594302964	0.000228262092775	1.0963396799993157e-08	1.2019606939410015e-16	5.210358299802271e-08	-0.0009520575062249	-0.0001449873921372	2.1021343878775176e-08	9.064134951591754e-07	-0.0004998918317916	0.0001160160128244	2.498918434919613e-07	1.3459715231671344e-08
545.8305402196755	0.124151979591943	297930.9786365028	0.0154137140365982	633.4455162574505	1.3967018127441406	401253.222066668	1.9507759537227685	528.4634673425129	0.4010400431495782	0.1608331162094155	279273.6363156712	529.6631223306912	463.1493402934885	1.040435	17.682709	0.0648411492253497	0.0374433168187787	-0.079957867	-0.0879157394	0.0327868341	-0.0435224489	-0.125849099	0.0667226976	-0.0257115985	0.0151708538	-0.0746751752	-0.0642974605	0.0458408443	-0.0067706706	0.0705567362	0.0566548854	-0.0017514402	0.1549353444	-0.0833351252	0.0324061883	0.0084976305	0.0187738936	0.0553529124	-0.16604081	-0.1201245817	-0.0231908181	-0.0291407622	-0.1315774199	-0.0553477748	-0.1023675069	-0.0445994876	-0.0718896099	0.2871233801	0.0085193006	-0.0782882539	0.1023030152	0.0182402359	0.0838011693	0.2233159449	-0.0916540071	0.1568424564	-0.0193863102	0.0584374345	-0.0475886444	-0.0663447288	0.0946182774	0.0290076241	-0.014609224	-0.0285057367	0.0785276347	-0.0720091301	0.0051114225	0.0026370896	0.1650926587	0.0994191847	-0.0447779218	0.0838608383	-0.0640375062	-0.1285226618	0.0861149333	0.1300443096	0.0124149706	-0.0122615394	0.0051331572	-0.0034365847	-0.1133829458	-0.1517330222	-0.0651614609	0.0300912708	-0.0113360615	-0.0248456921	-0.0059972092	-0.0943579639	0.183944712	0.0862245279	0.0621739865	-0.0552672448	-0.2211542964	-0.074396852	-0.0861184573	0.0582879979	-0.1236086701	-0.1023924578	0.0959025648	-0.0405417466	0.1419286721	0.0128499443	0.0822682497	0.1162657751	-0.0493537068	0.1120429994	0.2109966036	0.074630662	-0.0426274842	-0.125268319	0.0334904603	-0.017921439	-0.0806496302	-0.0721774549	0.1460721224	0.0785419673	0.0135042269	0.0561566646	-0.0614178136	-0.1156959735	0.0	0.0056148564226958	0.00270605902638	3.152661264748828e-05	7.322755454253214e-06	0.0383928302225058	-0.0172541243055803	0.0002977048055524	0.0014740094124941	-0.0372855836626229	0.0079986236319342	6.39779800053363e-05	0.0013902147490624	0.0007747743255284	0.0005465122327534	2.986756205491065e-07	6.002752554979872e-07	-0.0008152150612172	0.0001368424450076	1.8725854755685385e-08	6.645755960353631e-07	-0.0005541839992596	-5.429216746799992e-05	3.071199050353643e-07	2.9476394483733487e-09
545.805395591361	-0.0251446283144787	297903.5298566421	0.0006322523330732	634.3002243480463	0.85470809059575	402336.77460798185	0.7305259201298329	528.0551755258015	-0.4082918167114258	0.1667022075935165	278842.268399585	529.1347845872058	459.4222234783957	1.103428	18.753292	0.0716583048585398	0.0334036842697783	-0.1038651809	0.0806680617	-0.0489949337	-0.0674650654	0.0596697097	0.0590385249	-0.0545896381	0.0194552073	0.0803423965	0.1194819232	0.0894412526	0.0111664511	0.0022997672	-0.0539441872	0.0530961576	0.0002808716	0.0206257574	-0.1225408748	-0.0436524351	0.0567871042	0.0419756088	-0.0625552918	-0.1369705657	-0.0624376644	-0.1379045216	-0.0405734281	-0.0321313457	-0.1758046354	-0.0814945829	0.0003845179	0.078007408	-0.113491261	0.0645976339	0.0824431153	-0.0178788675	-0.0330701297	-0.1310177643	0.0727652126	0.0349082148	0.077264396	0.0351274369	-0.1445024685	0.0409249744	-0.1967705289	0.0224742049	-0.0530604819	-0.0831453793	-0.0697030607	-0.0431831381	-0.0229507965	-0.1030529294	-0.0275098298	0.0648332945	-0.0074720252	0.1285483991	-0.0503241289	-0.0953033747	-0.0486602416	0.0089515018	0.0516140278	-0.0210258337	-0.0237566068	0.0024519433	0.0721683306	-0.048684159	-0.159682707	0.031589476	-0.0247320609	0.0859822163	0.0219271142	-0.1281493765	0.0274038777	0.0201028153	0.0140465545	-0.1478820925	0.0564781569	-0.0643401445	0.0784958574	0.0824725975	-0.0617672569	0.0007611744	-0.0810877917	-0.0389320821	0.1622294067	-0.0008215715	0.1607874847	0.1801296864	-0.0364226931	0.0754188242	0.0140612992	0.0150719461	-0.0465405603	-0.0656420838	-0.0459325425	0.0279651835	-0.017863516	-0.1364795032	0.1631709797	-0.1211825266	-0.0197812046	0.0540076933	-0.0655045805	-0.1150787493	0.0	0.0102032256345125	0.0045883692118167	0.0001041058133487	2.10531320239474e-05	0.0557633619424535	0.0173705317199477	0.0003017353722337	0.003109552535125	-0.0580209536768734	-0.0207353700142505	0.0004299555696278	0.0033664310655738	0.0005228158634876	-0.0002519584620408	6.348306659396526e-08	2.733364271142849e-07	-0.0009690997649454	-0.0001538847037281	2.3680502041515863e-08	9.391543544172294e-07	-0.0003807464867781	0.0001734375124814	1.449678871938659e-07	3.0080570735770456e-08
545.5483406144409	-0.2570549769201307	297622.99194717006	0.0660772611594089	633.5141856752593	-0.7860386727869582	401340.22345178697	0.6178567951166827	527.5172358580998	-0.5379396677017212	0.2893790860870382	278274.43412737007	529.2739758530464	459.3318544585717	1.00933	17.154066	0.0555748456202596	0.0266101686393699	-0.0881477394	-0.0104583032	-0.0247432397	0.1330083526	0.0678134215	-0.0906089476	-0.0743601267	-0.0129307146	0.0307835644	-0.0471452437	-0.0623628675	-0.0109542948	0.0339248129	-0.0587291196	-0.1306722512	-0.1097404472	-0.0385566751	-0.0213567046	-0.0008460021	0.0493905718	0.1058306944	0.0388867662	-0.0536838064	0.0453520496	0.1016439104	0.0520423104	0.0010409424	0.0797147782	0.1128960515	-0.1451708249	-0.0693023709	0.1450511819	0.0325192456	-0.0353602787	-0.048882866	0.0556259992	0.0418537444	-0.0126556883	0.0216571151	0.0919986868	-0.1189625708	0.0543297375	0.0410856246	-0.0481194917	-0.0255849758	0.008612199	-0.0120326235	-0.023165218	0.1359775432	0.0800977027	-0.0200954925	-0.0432994115	0.0173491612	0.0248608507	0.0918848167	-0.0310146977	-0.0006816532	0.0671141645	0.0415577925	0.0043714546	0.0054263283	-0.0064860394	-0.0040324862	0.033155303	0.0790170255	-0.0518059698	-0.0360356374	-0.0711948859	-0.0309289177	0.0173400606	0.1540584544	0.1328570225	0.0324649443	-0.0108421096	0.0111908891	0.0035562646	-0.0486422072	0.0380946347	-0.0993795247	-0.0766306302	0.0856236205	0.0179159399	-0.0529559547	0.0943514212	0.1510286403	0.0986321252	0.0367822856	-0.0181520977	-0.0267467829	0.0648723318	-0.0805372361	0.0451859423	0.0875221614	-0.1613848416	-0.0937209118	-0.0880537243	-0.1042495341	-0.0656835417	0.1003261323	-0.0045589632	0.0518347133	-0.0694748826	-0.1140012473	0.0	0.0055532476158361	-0.0046499780186764	3.0838559082789327e-05	2.162229557417369e-05	0.0693310036440948	0.0135676417016412	0.0001840809013441	0.0048067880662974	-0.0453664350590514	0.0126545186178219	0.0001601368414488	0.0020581134299671	0.0004913126876173	-3.1503175870300094e-05	9.92450089915058e-10	2.4138815701373454e-07	-0.0006776358950806	0.0002914638698647	8.495118743656502e-08	4.5919040630168594e-07	-0.0005518335866854	-0.0001710870999072	3.0452030739407285e-07	2.927079575469045e-08
545.3307316675069	-0.2176089469339786	297385.6069010185	0.0473536537857151	633.2952330578332	-0.2189526174261118	401062.8522137753	0.0479402486777452	528.076785666602	0.5595498085021973	0.3130959881948456	278865.0915599702	529.1443296497038	458.4601752497856	1.071333	18.207834	0.0493032518410858	0.030294481542687	-0.076323367	-0.137757424	0.0234503672	-0.0367743358	-0.1220074725	0.0223357051	-0.0902681754	0.0405445216	-0.02781684	0.0531775331	0.0005463611	-0.0034167527	0.0193146419	0.0958384543	-0.0393693568	0.0749139284	-0.0255999873	0.058845411	-0.0084090848	-0.159170262	0.1044762687	-0.0580125504	-0.0265222879	-0.0001712802	-0.0121158999	0.1276626402	-0.1193599717	0.0387173152	0.0039445898	-0.1224336374	0.078379359	0.0978542796	-0.0476053485	-0.0345136846	-0.1597781181	-0.1042712828	0.0064623716	0.1161482243	0.0020829039	0.0704065143	-0.1577804531	-0.0932772917	0.1246284271	0.0785199625	-0.0717347318	-0.0455224968	-0.1120468931	0.1087206185	-0.0294537058	-0.0065388555	-0.0110353671	0.1093480736	-0.0314726483	0.1035248052	0.1247947149	0.0511092785	0.0270282887	-0.0695026247	-0.058129071	0.0896531797	0.0874828992	0.0662916202	0.0384510712	0.1572361775	0.0548078982	-0.0831673193	-0.0939208055	0.0221538618	-0.0552468831	-0.0306854362	-0.0509042309	0.0795549658	-0.0821306081	-0.0229166535	-0.1113068414	-0.0202100967	-0.0639475179	-0.1288368328	-0.0127187998	-0.0906472535	-0.0383327618	0.0895454402	0.0693992856	0.0937029947	0.0425082597	0.0911892914	0.0072977755	-0.0309302792	-0.0693730339	0.0549077212	0.1060170586	0.0416132646	-0.0702535131	-0.0428120344	-0.0474956063	-0.075881204	0.0603177635	-0.033054644	-0.0358343538	0.0725400718	0.0496386907	-0.0733216609	-0.1124677771	0.0	0.0061573443773852	0.0006040967615491	3.7912889781717136e-05	3.649328973141102e-07	0.0432544741736222	-0.0260765294704725	0.0006799853892244	0.0018709495360365	-0.0454695256118355	-0.0001030905527841	1.0627662073331996e-08	0.0020674777593653	0.0005091550270332	1.7842339415900018e-05	3.183490758321794e-10	2.592388415531786e-07	-0.0007942207416005	-0.0001165848465198	1.3592026438068629e-08	6.307865863884481e-07	-0.0008677971018752	-0.0003159635151898	7.530718100229963e-07	9.9832942931095e-08
545.3091267226158	-0.0216049448911235	297362.0436869819	0.0004667736437484	633.2778640396293	-0.0173690182039081	401040.8530825952	0.0003016827933676	527.6904956783567	-0.3862899882452666	0.1492199550185282	278457.2592292697	528.3336212131496	456.2574697880071	1.085581	18.449976	0.0400008325024978	0.0210044037095542	-0.1008286403	0.016826147	-0.0386013423	-0.1091079828	0.0410266833	0.0894605404	-0.1169783377	0.0647743924	0.0306926356	0.0769723467	0.0699848225	0.0094381879	0.1388555958	0.0056374221	0.092074774	-0.0412150496	-0.1040434598	-0.1364956552	0.0093336401	0.0673917609	0.1140080496	0.0808895318	-0.0285238395	0.1087918259	0.0867577828	-0.0842471858	-0.1067708207	-0.121516709	-0.1186608758	-0.0328022748	-0.042464619	0.1035802051	-0.1053811882	-0.0356859197	0.1072135256	-0.063104393	0.1016734567	-0.0821354988	0.1356726805	-0.0363829442	0.0740947279	-0.0631636721	0.1066889065	0.0395274883	-0.0482971234	-0.0024265725	0.0801325417	-0.027380905	-0.1179906655	-0.014241783	-0.2047195105	-0.0369047743	-0.058836273	0.0094116908	0.0925039691	0.0019849429	0.0584088288	0.1075577761	-0.0334713402	-0.013882076	0.0689933336	-0.0368002402	0.0627341767	0.0122226109	-0.10752915	-0.0628745472	0.1900307685	-0.0228018028	0.0763425999	-0.0867533809	0.1205379308	0.0829039643	0.0404997499	-0.0514860857	0.0554649878	-0.1436163275	-0.0658791153	-0.0036675295	0.1424450914	-0.0755626434	0.0158714929	-0.0748798326	-0.003948694	0.1301988402	0.0637080009	0.0307423701	0.0635455739	0.1058848958	-0.0304447186	-0.1023521279	-0.0083039037	-0.0876955537	0.0076991185	0.0313874123	-0.1060726787	-0.0777571053	-0.0612585329	0.0431203467	0.0344798482	0.0451821213	0.0474206018	-0.077038076	-0.1104844722	0.0	0.0023602941314919	-0.0037970502458933	5.570988387155103e-06	1.441759056983837e-05	0.0355115926690672	-0.007742881504555	5.9952213993579934e-05	0.0012610732138937	-0.045216436020766	0.0002530895910695	6.40543411077287e-08	0.00204452608642	0.0006702339052566	0.0001610788782234	2.5946405009708956e-08	4.4921348775551314e-07	-0.0009126959015768	-0.0001184751599763	1.4036363531409888e-08	8.330138087550879e-07	-0.0005831949168553	0.0002846021850199	3.401163110458603e-07	8.09984037181014e-08
545.8848082401562	0.5756815175403744	297990.2238673921	0.3314092096375884	633.217221490268	-0.0606425493613187	400964.0495918552	0.0036775187930399	528.3290003027234	0.6385046243667603	0.4076881553377376	279131.5325608752	529.5411972615655	459.73415207564295	1.041193	17.695591	0.0910899124315917	0.0634460980953776	-0.086827402	0.0792242451	-0.0481575935	0.1128159304	0.1009988828	-0.0486489937	-0.036708919	0.021562902	0.000395068	-0.0177428093	-0.0645752406	-0.0070305216	0.0877100049	-0.1445550948	-0.0499930831	0.0409668885	-0.0462351945	0.0427725532	0.0220354572	-0.1007259663	0.1304812888	-0.1090512935	-0.1611905782	0.0387202113	-0.1313148733	0.0651674421	-0.1086533492	-0.0927183219	0.0295008386	0.0622434447	-0.0388279653	0.2538738712	-0.1781188718	-0.0024271245	0.0207336101	0.0384362754	-0.0565083111	0.0322112217	-0.003537903	-0.0038691153	-0.0720949243	-0.0857462006	-0.0503508508	-0.0152926689	0.1021336268	0.1250755065	0.0241500092	-0.123325206	0.0870478526	-0.0062681109	0.0172399091	0.0463913052	0.022441967	0.0241568774	0.1116443721	-0.0141100224	0.0150721936	0.0041085566	-0.0379153921	-0.0246718935	-0.2181437252	0.1685478921	0.0317081655	0.0524235844	0.0515883722	-0.1661895747	0.0891162966	0.0267012466	0.0075452662	-0.0905311424	0.087350903	0.0661018809	0.0078313655	0.0325727526	-0.05399144	-0.1368684328	-0.0517869749	0.1303863811	-0.0566883661	-0.0415968298	0.0951101505	0.0709845477	0.0496867337	0.0877960622	-0.0401089502	-0.0604472224	0.0342084486	0.0515962846	0.0028254398	-0.0220176312	-0.0710094842	0.0068802829	0.099800981	-0.0012984352	0.0311946863	-0.1649835465	-0.1143925118	-0.0055025025	-0.0762160478	0.0326141987	0.0451814325	-0.0806175202	-0.1080592651	0.0	-0.0138050857140825	-0.0161653798455744	0.0001905803915731	0.0002613195055517	0.0895723889558297	0.0540607962867625	0.0029225696951588	0.0080232128632544	-0.0452905229668658	-7.408694609980365e-05	5.488875582395211e-09	0.0020512314706121	0.0002952155522026	-0.000375018353054	1.4063876512733466e-07	8.715222226228605e-08	-0.0009125921991393	1.0370243749998049e-07	1.0754195543437356e-14	8.328245219299039e-07	-0.0006238658484269	-4.0670931571599946e-05	3.892085968334157e-07	1.654124674901765e-09
546.5254280515237	0.6406198113675146	298690.0435069012	0.4103937427165499	633.9650540406676	0.7478325503996075	401911.6897447866	0.5592535234371815	528.3018488202777	-0.0271514824457881	0.0007372029990039	279102.8434669235	529.3100470784386	464.675206547773	1.201225	20.4154	0.0354681091076677	0.0214137258949932	0.0159140942	-0.0700592911	0.0997389311	-0.0653803058	-0.0625908103	-0.0543891037	0.0800925127	0.056113731	0.0298858519	-0.0407705387	0.1483755457	0.0685739763	0.0664100005	0.0803419455	-0.0546313251	0.0609792586	0.0426629882	-0.0625330365	-0.1010258982	0.0910193218	0.2160627473	0.0965145146	0.0847994556	-0.0578481326	-0.1036489482	-0.0216634707	-0.0305425278	0.0591893173	0.0768951733	-0.0045159808	0.269011565	0.0836874964	-0.0128580452	0.1595475125	0.1102004681	-0.1615031843	-0.1665646108	-0.1717966275	0.1169610728	-0.0554719187	-0.0526010897	0.0361499337	-0.1523952571	-0.0965466433	0.0746207501	-0.0177065362	0.0569392289	0.0935191035	0.0303356232	-0.0480890194	-0.1029156173	0.0673001652	0.069191377	0.0344473877	0.0718963228	-0.0908941759	0.1272609833	-0.1931512625	-0.2779587215	-0.0570570071	-0.1308899036	-0.1709249217	0.0264372925	-0.0302734697	-0.1258383878	-0.117811972	0.0167011614	-0.0940641215	-0.0658879103	0.0813733205	0.0070164528	0.1288141071	-0.0852090629	-0.0924733697	0.0684241785	-0.0392681342	-0.0468476965	-0.075127922	-0.1251514577	-0.0252749338	-0.0012024423	-0.0572004935	0.1423642694	0.074876321	-0.1170506144	-0.1850464792	0.0149528649	0.0193557401	-0.0195894414	-0.09181656	-0.0577622429	0.1011300912	0.0135688236	-0.1330676899	-0.0928193387	-0.0664370842	-0.0418803605	0.0568346561	-0.0844246366	-0.063195571	0.0429221782	-0.0840536294	-0.1052018558	0.0	-0.0088828766062505	0.0049222091078319	7.890549680187242e-05	2.4228142501224283e-05	0.0701275836684232	-0.0194448052874064	0.0003781004526651	0.0049178779911716	-0.049368186971435	-0.0040776640045692	1.6627343734159332e-05	0.0024372178848465	0.0003521772936205	5.6961741417900014e-05	3.244639985359706e-09	1.2402884614185986e-07	-0.0009126250183599	-3.281922059995574e-08	1.0771012407885592e-15	8.328844241364078e-07	-0.0007073399019456	-8.347405351870005e-05	5.00329736884411e-07	6.967917610842799e-09
547.3667741907153	0.8413461391916144	299610.38548794953	0.7078633259326353	635.8117164524123	1.84666241174466	404256.5387781627	3.410162062950604	528.3110959529877	0.0092471327100156	8.550946335664136e-05	279112.614107047	529.9350426984362	473.7941655174351	1.074611	18.263546	0.0778542054053985	0.0507963139099922	0.0708136134	0.0429057687	0.1843389308	0.0767030738	-0.0788240593	0.1025526047	0.0087867347	-0.089793179	0.1307866585	0.010807587	-0.0988156286	0.1104127404	0.1244825249	0.0923724476	0.1338043087	-0.1093801641	0.0605999547	0.1443780484	0.0457868115	0.0349880209	0.0432119231	-0.0562941837	-0.0821642593	-0.0143954704	0.1056143413	0.0060911063	-0.1585186081	0.0986637997	0.1008533699	0.0199120956	-0.1329398547	0.0149237047	0.0585254312	-0.0261660705	0.0915092066	-0.0647537346	-0.1114032262	-0.0440384446	-0.1145354292	-0.0663128885	-0.0037116321	0.1093486024	-0.0251338671	0.1569654878	-0.1179681596	-0.0326888943	-0.1241935411	0.0552686038	-0.1005490691	0.0874129539	0.1130216976	-0.0403995923	0.0362619491	-0.0035977475	-0.0007473438	0.1060166627	0.024895492	0.0325975511	0.0145750179	0.0745063824	-0.2632354955	-0.097274636	-0.1594252319	0.0801033814	-0.0135217251	-0.1065776623	0.0062900233	0.0137595566	-0.0948753903	-0.0674812043	0.0273844842	-0.0936292553	-0.1592962582	-0.0311716693	0.0834704433	0.0236673554	-0.052996826	-0.0561955551	0.0858277756	0.0183955497	0.1419162783	0.0209352078	0.0023125927	0.0324285308	-0.0217616439	-0.2168427012	-0.0059314895	0.0654612443	-0.0823885152	0.0895815957	0.0089437149	0.1426482178	0.0868170717	-0.1372587763	0.0388201936	-0.0285464942	0.0052958138	0.0444081962	-0.0722708762	0.0391843694	0.0406438432	-0.0873402943	-0.1019236731	0.0	-0.0137358121225616	-0.004852935516311	0.0001886725346663	2.3550983125473676e-05	0.0266662164867028	-0.0434613671817204	0.0018888904373043	0.0007110871017157	-0.068734235972542	-0.0193660490011069	0.0003750438539132	0.004724395194729	0.0005376693203709	0.0001854920267504	3.440729198797111e-08	2.890882980681055e-07	-0.0009126952406894	-7.022232949998893e-08	4.931175560405014e-15	8.330126023770818e-07	-0.0007252547269909	-1.7914825045300042e-05	5.259944190226449e-07	3.2094095640370967e-10
546.9648423918087	-0.4019317989066167	299170.5388126961	0.1615491709723089	634.3867624217066	-1.424954030705635	402446.5643358948	2.030493989624236	528.0127346515656	-0.2983613014221191	0.0890194661863006	278797.4479542246	529.2984625639409	473.4277783293204	1.112083	18.9004	0.0697834050185747	0.0492206360226758	0.0374976487	0.1287669438	0.087731242	-0.0798139457	0.0728114829	0.1127338178	0.125153673	-0.0260960866	-0.0839200094	-0.0566783097	0.0129007665	0.2770916218	-0.0176662752	-0.0716283818	0.0573319157	0.0800026801	-0.068381457	-0.0538301488	0.0719797087	-0.0962046447	-0.0444791766	-0.0275160246	-0.0227997817	-0.1456304142	0.1167758988	0.0272146788	0.079592621	0.0309085579	0.0329536828	-0.1121113304	-0.0330302364	0.0379227626	0.090132639	0.0251934313	0.0865482743	-0.1641841563	0.005476243	0.0246792496	0.0403803637	0.0254248969	0.1795521759	0.0129673879	-0.0620977075	0.010934806	0.0461862608	0.0526265111	0.1403366932	-0.0855212057	-0.0551827259	-0.029367439	0.0250165661	0.1216661506	-0.0679260281	0.0746813322	-0.0274888249	-0.1793061977	-0.1065154316	-0.007136818	0.0410037142	-0.0279061855	-0.0104072837	-0.1011385598	-0.0852512334	0.0480027042	0.0448160694	0.0674221822	-0.0278317052	-0.0608962377	0.0381794397	0.1283798451	0.0178970666	0.0204356111	-0.0188947536	-0.0266431099	0.2221923844	0.0174676397	-0.0642536325	0.0651735975	0.0661172024	-0.0137583298	-0.1031330012	0.1056457803	0.0991526352	0.0280291445	-0.0339890427	-0.1301151057	0.0981665376	0.2106700315	-0.0116763587	0.0030411218	0.0142231244	-0.0527495132	-0.0005476697	-0.2146487778	0.0283836608	-0.1070941924	-0.1188663848	0.043031596	0.0243836255	0.0665353754	0.0383474405	-0.0904716714	-0.0982378286	0.0	-0.0086411958737073	0.0050946162488543	7.467026612777607e-05	2.595511472309025e-05	0.0747810553047543	0.0481148388180515	0.002315037714487	0.0055922062324927	-0.0758517954311059	-0.0071175594585639	5.0659652646192505e-05	0.0057534948701223	0.000553248460492	1.5579140121099993e-05	2.427096069128675e-10	3.060838590367681e-07	-0.0009126533361993	4.1904490100000246e-08	1.7559862905410182e-15	8.329361120757125e-07	-0.00055174796174	0.0001735067652509	3.0442581328424455e-07	3.0104597587830924e-08
546.8551627838119	-0.1096796079967816	299050.5690633094	0.0120296164103276	635.4941365910672	1.1073741693605823	403852.797641626	1.22627755096704	527.7268197025571	-0.2859149490084292	0.0817473580664926	278495.59623337525	529.1971854941013	467.1217516453833	1.009586	17.158405	0.0330835992203294	0.01873240761165	-0.011767519	0.0902301071	0.042689282	-0.0501325964	0.1195418278	-0.0631447381	0.018813172	-0.0538878672	0.0471133915	0.0143211581	0.1354164642	0.0900288542	0.0197593593	-0.0843624391	-0.064223513	0.0215242804	-0.0961285753	-0.1458240866	-0.1516024641	0.0384688408	0.0204593233	0.1104782905	0.011473512	-0.0757589232	0.1050237716	-0.0320722108	-0.1090316456	-0.0417929493	0.0667093123	0.1670656354	-0.0437381834	-0.0798675204	-0.0314008627	-0.0367668733	-0.0062629033	0.0332502652	-0.0041933765	0.1382957762	0.0386712552	0.1272514165	-0.0265720086	0.1583863049	-0.1043093303	0.0310062098	0.0284183908	-0.0923512752	-0.0824646178	-0.0662371929	0.0724093072	0.0055141775	-0.1806888203	-0.0206586932	-0.0265834831	-0.0252751537	-0.0325156294	-0.0850791937	-0.0016774078	-0.0104955527	-0.0423404182	0.0194415716	-0.0176048545	-0.1673154939	0.0234963613	-0.0279449478	-0.0021653129	-0.0098318444	0.0913800375	-0.0370780287	-0.0351326641	-0.0552917348	0.0539487652	-0.0568068884	-0.0385285166	0.1499000228	-0.1458728201	0.1510207425	-0.0498077813	0.0798088785	-0.062275333	0.0476389483	0.0280249473	-0.1390040345	0.0879504247	-0.0177527887	-0.0040544585	0.02031725	0.0557899171	0.1557664475	-0.1055667323	-0.0794469552	-0.1464113656	-0.0673826508	-0.0562889488	-0.115506891	-0.0013268797	-0.0961443007	0.037819513	0.0332102376	-0.0792663056	-0.0578838649	0.0360339907	-0.0934421931	-0.0941590645	0.0	-0.0139740577445905	-0.0053328618708832	0.0001952742898491	2.8439415733919864e-05	0.0741910314576728	-0.0005900238470814	3.4812814012485e-07	0.0055043091487533	-0.0778327064393806	-0.0019809110082747	3.924008422703897e-06	0.0060579301916787	0.0003511512477413	-0.0002020972127507	4.08432834016017e-08	1.2330719879027182e-07	-0.0011701052257548	-0.0002574518895554	6.628147543569732e-08	1.3691462393386913e-06	-0.0005957949093156	-4.404694757559997e-05	3.54971573966384e-07	1.940133590727652e-09
547.02819215034	0.1730293665281124	299239.8430072693	0.0299391616811198	634.5176759040219	-0.9764606870453464	402612.6810346413	0.9534754733450695	528.0545653275082	0.3277456249510351	0.1074171946745445	278841.6239632236	530.3266264159871	470.527370082671	1.206921	20.512217	0.0438670283130011	0.0216097513008153	0.0427084716	-0.0631230607	0.213581303	0.1043976933	-0.0973664934	-0.0703774142	-0.0483042513	-0.1258395789	0.0315654938	-0.0994815986	-0.0217126477	0.096882525	0.0292965893	0.1078152894	-0.0787622682	-0.041289182	-0.0536486961	0.0765806086	0.0073627207	0.0267166431	0.0368629276	-0.0057422881	0.0840883371	-0.0712271942	0.0286576187	0.0358995728	0.0748980132	0.0557746106	-0.1556555395	0.0163500794	0.0351124782	-0.0108219694	-0.0416125061	-0.0498706597	0.0156111624	-0.0522524855	0.0118317919	0.0604858317	0.0603571762	-0.0082829106	0.1013777397	0.0558452052	-0.0666454097	-0.0472647934	0.0232064081	0.1581623402	-0.0477828982	0.1167507732	0.0400113399	0.1422149422	0.0541618404	0.0169094755	0.014524992	-0.0153511149	-0.0570335247	-0.1187226787	0.0478295302	0.103846476	-0.1001483393	-0.0996492921	-0.026603068	0.0224117447	0.0193726314	0.0232083217	-0.0789656202	0.0787844902	0.0018140437	-0.0756352267	0.03453471	-0.0608889317	-0.104729676	-0.0183620471	0.0561169548	0.0466099317	-0.0273824592	0.033563063	-0.0608887294	-0.1322042916	-0.0926012288	0.0915386415	0.1382588557	0.0583982155	0.0960864822	-0.01255514	-0.0480300696	-0.1199409545	0.0167109451	0.1064515149	-0.0365291681	-0.0646769813	-0.0938854595	0.1000727946	-0.0448220148	0.0212451272	0.0515605243	-0.1707919583	0.1480478002	0.0696317651	0.0063248028	-0.0295143652	0.0337045224	-0.096246578	-0.0897036946	0.0	-0.0139829332891423	-8.875544551799688e-06	0.0001955224233686	7.877529109098113e-11	0.0604413010555902	-0.0137497304020826	0.0001890550861299	0.0036531508732924	-0.0705119295906939	0.0073207768486867	5.359377366826725e-05	0.0049719322146029	0.0003289225309868	-2.2228716754499995e-05	4.941158485517888e-10	1.081900313907624e-07	-0.0013316435617936	-0.0001615383360388	2.6094634010184273e-08	1.7732745756663452e-06	-0.0008677807668759	-0.0002719858575603	7.530434593597251e-07	7.39763067128118e-08
547.0945952381944	0.0664030878543826	299312.49613884377	0.0044093700765968	634.7291149270945	0.2114390230726712	402881.0493361328	0.0447064604779256	528.6490033354078	0.5944380078996119	0.353356545235659	279469.76872752	529.8852103822012	470.7281562586803	1.189978	20.224253	0.0653013539179777	0.0375486925326356	0.0182885705	0.0916695814	0.1363505457	-0.1385641917	-0.0532780431	0.1615101305	0.0691370821	-0.0768016397	-0.0363731111	-0.0365300396	0.0520993196	0.0019274313	-0.0247848101	0.0293407175	0.1446870347	0.0593966269	0.0593410177	0.062051078	-0.0545601205	0.1716162596	0.0382306907	0.1304660893	0.0879016888	-0.0636477789	-0.1313097101	0.00686289	-0.1450403227	-0.0048966634	-0.0628331411	0.0342725442	0.0595029279	0.0074307129	0.0992013872	-0.1035138261	0.0332775119	-0.0174397154	0.0650998609	0.0274475078	0.0804640986	-0.0970915048	0.0450219431	-0.0567746432	-0.0117822253	0.0358405433	-0.1462494802	0.053097536	0.0130144319	-0.0107098179	-0.1828071673	0.0485412048	0.0206757576	0.0694045715	0.0529366423	-0.0469777892	-0.0446251931	-0.0830057769	0.0938661865	-0.2033685777	-0.1773744572	-0.0937360542	0.0376874257	0.008167988	-0.0710031612	0.0664893587	-0.1444288877	-0.0127825074	0.0934700256	-0.1378563077	-0.0416451979	-0.0230708308	-0.0739908643	-0.0279296355	0.1450986214	-0.0091555247	-0.0410667918	-0.0263476778	-0.0936500194	-0.0389697225	0.1278338849	0.0418644219	-0.0656990259	0.0058388433	0.1408961476	0.0276310833	-0.1413375147	-0.1830028501	-0.0648205461	0.0830169255	-0.0603582677	0.0048308435	-0.0841277393	0.0210974798	0.1138002779	-0.0020836647	0.0546432651	0.0510690551	-0.049108728	0.1162926609	0.0413158652	0.0422850982	0.0313600711	-0.09887984	-0.0848895389	0.0	-0.0137910177785727	0.0001919155105695	0.0001901921713689	3.6831563197190096e-08	0.0349073824497594	-0.0255339186058308	0.0006519809993691	0.0012185253494937	-0.0879961575673462	-0.0174842279766523	0.0003056982279395	0.0077433237466172	0.0005470719186712	0.0002181493876844	4.7589155347078655e-08	2.992876841985881e-07	-0.0013316754345515	-3.187275790018408e-08	1.015872696163747e-15	1.7733594629879269e-06	-0.0006441361908197	0.0002236445760561	4.1491143232371297e-07	5.0016896399357423e-08
546.695280017247	-0.3993152209474147	298875.7291931361	0.1594526456802825	635.8976427275559	1.1685278004613338	404365.8120264623	1.3654572204510027	529.0318938493729	0.3828905139650942	0.146605145684454	279874.74470985413	530.4919566240166	466.095629946277	1.051323	17.867752	0.1368705548929903	0.0846272374317041	-0.0463493866	0.1679173168	0.0490297521	-0.021531604	0.0959531304	-6.73353e-05	-0.0110245483	-0.1723400722	0.0028922798	0.0821142407	0.0732637421	-0.0119414989	-0.1435446274	-0.1503462239	0.0078298727	-0.0098020098	0.0543078907	0.1079478574	-0.1577819607	0.0328343563	-0.1181781958	0.0118396249	0.0756339999	-0.0433233877	-0.2190116694	-0.0523358953	0.0585699274	-0.008434315	0.0464829619	0.048299748	-0.0797012971	-0.0390663686	-0.1254509999	0.089123226	0.006052673	-0.0018785802	-0.0628266651	0.0882369727	-0.1196375315	-0.0039644172	0.1509293828	-0.075280796	0.0655135397	-0.0035109485	-0.0295545823	-0.0211667248	-0.0264804735	-0.1325604064	0.0294426491	0.1061593337	0.0226666691	0.0024298866	0.1042856441	-0.0500553562	-0.0680248583	0.0500531445	-0.037789436	-0.1907262212	-0.0897159227	0.0664580702	-0.0262016601	0.0750936616	0.1003271863	-0.0883260889	-0.0212809693	-0.0068341734	-0.1634449426	-0.0483256319	0.0399762643	0.0452609874	-0.0712725415	-0.1270051345	-0.0370286655	-0.0414323123	-0.0523597419	0.0960817524	-0.0883772547	0.1308530973	-0.0035567804	0.1113433831	0.0532981693	-0.0683181791	0.0293989178	-0.0084438735	-0.1488218392	0.0510267137	0.0029056262	-3.57781e-05	-0.0131175275	-0.0747003512	0.1192887782	0.0186834769	-0.0419596561	-0.0185689059	0.0123696164	-0.02927019	0.1445011309	0.1145329201	-0.0455455314	-0.0567730706	0.029001679	-0.1013372972	-0.0797358525	0.0	0.0008649300224732	0.0146559478010459	7.481039437754903e-07	0.0002147968059469	0.1099825648309718	0.0750751823812124	0.0056362830095723	0.0120961645667989	-0.0808373587630342	0.007158798804312	5.124840032061892e-05	0.0065346785717835	0.0001260543095677	-0.0004210176091035	1.7725582717522752e-07	1.588968896058954e-08	-0.0016170332466549	-0.0002853578121033	8.142908092843929e-08	2.6147965207872862e-06	-0.0005508990938982	9.323709692150004e-05	3.0348981165785775e-07	8.693156242349193e-09
545.8972830187339	-0.7979969985130992	298003.84360723564	0.6367992096359153	633.0504302978516	-2.8472124297043138	400752.847300295	8.106618619862742	527.7426107781274	-1.2892830712454495	1.6622508378000993	278512.2632309141	529.3850529068687	463.2956923994907	1.104993	18.7799	0.0678478921558156	0.0346573587890043	-0.0326601687	-0.0190014064	0.0921380008	0.1222439568	0.0068120445	-0.1434302872	-0.0468463217	-0.1529052156	0.0045938416	-0.0822570814	-0.0206422896	0.0684775113	-0.0458622746	0.0207953603	-0.1859342334	-0.0698288975	-0.0341161112	0.0647359396	0.0093539473	-0.0011959126	-0.000491238	-0.0666054717	0.1130999556	-0.0298845218	0.0413539203	0.1344971168	-0.0092689708	0.0028236005	-0.1433954187	-0.072064194	0.1010560348	0.153368875	0.1511755	0.0439297466	-0.0403688731	0.1045013628	0.1316267617	-0.1027866171	0.0502354631	-0.1007033731	-0.0283597607	-0.0238742721	-0.0501809236	-0.1204685277	-0.0729286497	-0.0009154391	-0.0735403497	0.0384925947	0.1346190558	0.1316089112	0.0055473423	0.0038747009	-0.0463785941	0.0156984156	-0.0014700088	-0.0326400802	-0.0254861614	0.0475079269	-0.1376938138	-0.0500722168	0.1430882595	0.1154306065	0.0092157475	0.1046696183	-0.005652255	-0.0593622444	0.0351899553	-0.0768658935	-0.0758985742	0.1067135262	0.0321958017	0.0084899277	0.1417173608	-0.0587496233	0.0187472526	-0.1217402255	-0.0717706133	-0.0171797777	-0.1461023683	0.0852680243	0.1173111495	0.0117264312	0.0152135982	-0.0719814755	0.0431233378	-0.0221745618	-0.0768664549	0.0483779385	-0.0505765931	-0.0095749849	-0.0259865618	0.1265183909	0.0406485083	0.0002308547	0.1080238129	-0.1086194146	0.1348792079	-0.0725046919	0.1592877302	-0.014534069	0.0266303944	-0.1036145805	-0.0742632484	0.0	-0.013852700579946	-0.0147176306024192	0.0001918973133576	0.0002166086505492	0.0851940766485483	-0.0247884881824234	0.0006144691463701	0.0072580306959987	-0.0649374643816713	0.0158998943813628	0.0002528066413384	0.0042168742803208	0.0002660415109823	0.0001399872014146	1.9596416559891788e-08	7.077808556574526e-08	-0.0015495782265648	6.745502009010006e-05	4.550179735355802e-09	2.4011926802437105e-06	-0.0005922944521857	-4.139535828749999e-05	3.508127180899584e-07	1.713575687750494e-09
546.4814150862276	0.5841320674936696	298641.93703464576	0.341210272274429	633.3871639734027	0.3367336755511587	401179.2994862702	0.113389568250193	528.8702750546591	1.127664276531732	1.2716267205658345	279703.7678363908	530.1382060101041	465.6459719533357	1.024173	17.40633	0.0680579117970754	0.0353484669852685	-0.0320623722	-0.0792839759	0.1312467751	-0.0603640482	-0.1241619505	0.0547964201	-0.0724844426	-0.066368011	-0.0810099389	0.0025281194	0.0752686094	0.155281633	0.0044666699	0.1331055034	0.0001941508	0.0311455927	-0.0466510167	0.1053456715	-0.098632254	0.0542546027	-0.0209462781	-0.0902105744	0.1092151499	-0.048538887	-0.0621175824	-0.0197885791	-0.040293399	-0.0078201182	-0.125480054	-0.1169714437	-0.0103960597	-0.0088075397	-0.0430960717	-0.1822551938	0.0374243803	-0.0171304497	0.073119925	0.0283797792	-0.1363046342	0.1024649035	-0.024704392	0.0543904608	0.0286214369	-0.0509898024	0.0770166203	0.0138899038	-0.0735667901	0.108945842	-0.0749286096	0.0819641742	0.0199428184	0.134283303	-0.0334795021	0.0602013842	-0.0536823544	-0.0313227529	-0.060737053	0.0006438136	-0.1051866331	0.0851126477	0.1039746686	0.060837714	-0.0033000243	-0.0474742113	-0.0271795273	-0.0935397821	-0.0799207472	0.0008944686	-0.1067260359	-0.1419629686	0.0315033933	0.0435886183	0.068489798	-0.0685327133	-0.0285842865	0.1949983117	-0.1037232758	-0.1314302823	-0.0033822508	0.0932302366	-0.0583665969	0.0807190945	0.077529705	-0.0001070412	-0.0136026888	-0.0593428736	-0.0964361295	0.157544277	-0.0144161843	-0.0381091575	0.1170247405	0.0212440257	-0.0086115401	0.044877873	0.1182121117	-0.0257509804	0.1178175827	-0.0383464857	-0.0304290989	0.0407602088	0.0242472716	-0.1057076408	-0.0684936154	0.0	0.0032955203119229	0.0171482208918689	1.0860454126296408e-05	0.0002940614797563	0.0579569164447946	-0.0272371602037537	0.0007418628959649	0.0033590041637889	-0.0775834236995791	-0.0126459593179077	0.0001599202870701	0.0060191876329484	0.0002820441606188	1.6002649636500017e-05	2.5608479538857406e-10	7.954890853916346e-08	-0.0016990741461957	-0.0001494959196309	2.2349029986288512e-08	2.8868529542706466e-06	-0.0005372615937822	5.503285840349997e-05	2.886500201533897e-07	3.028615504059677e-09
545.9821918070351	-0.4992232791925062	298096.55377041403	0.2492238824877189	633.0303774428094	-0.3567865305933537	400727.4587653857	0.1272966284128421	528.1324414014816	-0.7378336531775176	0.5443984997612813	278923.87566068943	529.0497112296426	461.42464118780094	1.084386	18.42968	0.0404914537380172	0.0221504049977412	-0.0992869872	0.0606467054	0.0571187028	-0.1347094168	0.0376573214	0.1222448448	-0.0952750942	-0.0073293635	-0.017476589	0.0434714792	0.1109778991	0.0743782898	0.0860504233	0.0017412652	0.1430150625	0.0418844841	-0.1447226173	-0.0626017864	-0.0038397398	0.0646497391	-0.1210949288	-0.0816678573	0.1238250896	0.0316476776	0.0408010101	0.0757925208	-0.140382231	-0.1233102839	-0.0265758808	-0.117126301	0.0190568246	0.0203159432	-0.0407983238	-0.0069074467	-0.1357463136	-0.1114157641	0.1000269501	0.0645520622	-0.0109091698	-0.0700533719	0.0044029588	0.1331413653	0.0537962737	-0.1004058149	-0.1153410891	-0.1878048168	0.0397767295	-0.0398627636	-0.1317657062	0.0491084092	-0.1618220414	-0.0141548137	-0.1456832587	-0.0277880778	-0.0286451119	0.0085913433	-0.0359975355	0.0412571581	-0.0914454291	-0.0169366596	0.078690856	0.0325349053	0.0628318519	0.0383480997	0.0855758191	-0.1423757046	-0.0466075913	0.0430995522	-0.1121375889	-0.0433462132	-0.0749109472	-0.0306606401	0.0464796701	0.054855266	-0.0083465228	0.0044592301	-0.1274280016	0.0038553599	0.1291586614	0.1185586624	-0.0357447705	-0.0745192432	-0.0060157751	0.0219196905	0.0692955224	-0.0804624973	-0.047077686	0.1186182552	0.0197484739	-0.1305037407	0.0461369127	-0.1195851914	-0.0023407315	0.0987476465	0.1155522684	0.1918863304	0.0497401463	-0.0506892421	0.0473817255	0.0365990692	0.0218533699	-0.1076127567	-0.06245003	0.0	0.0034002166742652	0.0001046963623422	1.1561473431951096e-05	1.0961328287710146e-08	0.0639271030509718	0.0059701866061771	3.5643128112577564e-05	0.0040866745044895	-0.0873375439102233	-0.0097541202106442	9.514286108369768e-05	0.0076278465762701	6.990186054428875e-06	-0.0002750539745643	7.565468892365772e-08	4.886270107553192e-11	-0.0019130025006981	-0.0002139283545024	4.576534086010454e-08	3.659578567677184e-06	-0.0005329949116719	4.266682110299941e-06	2.8408357586813655e-07	1.8204576230353558e-11
546.1979076582502	0.2157158512151227	298332.1543302504	0.0465333284654649	633.5882231613685	0.5578457185591787	401434.0365287801	0.3111918457148064	528.4720487764904	0.339607375008768	0.115333169160346	279282.70633802126	530.31807467484	462.944893927395	1.036289	17.61224	0.0535007503823125	0.0357304543270069	-0.1177299258	0.1053800631	0.0135281529	0.1037280255	0.1169602535	0.0010347168	-0.1033843382	-0.1104013183	-0.0356222127	0.0192241596	-0.0378427446	-0.0577984297	-0.0282164014	-0.1167762396	0.0057835576	-0.1087946027	-0.1303740778	0.1084252818	-0.0004122079	-0.0676680609	-0.1036034454	-0.0779087185	-0.1046050599	0.0493459202	0.0499417715	0.0252313074	0.0699283647	0.0116864019	0.0298249314	-0.0123148165	0.0142017391	-0.0255214755	-0.1268922782	0.0824776804	-0.0100353306	-0.0375572142	0.1729083289	0.0129934931	-0.0592745812	-0.0672507494	0.0845638667	0.0873035977	-0.1022572799	-0.0351443317	-0.1133837793	0.0353931556	0.1197753922	-0.1213286851	0.0581075596	0.1573196999	0.047459675	0.0098464415	-0.0796282358	0.004187851	0.0307865712	0.0734399806	-0.0330722529	-0.0191917576	0.0590947887	-0.017311792	-0.0788355798	0.1139973403	0.0988161337	-0.014239852	0.0141251272	0.0728458483	-0.0297192508	0.0993288255	-0.0711949486	-0.0570346769	0.0617526573	0.1414802788	0.0888711703	-0.0895385068	0.0061907292	0.0237726567	-0.1185800284	0.1210500881	-0.0168077993	0.0537774084	0.0364992912	0.0737367063	-0.0722020955	0.0097655889	0.0410471756	-0.1190404409	-0.1025240957	0.0726943874	0.0746052442	0.0026789741	0.1344043931	0.0087107634	0.0455687616	0.1034614638	-0.0501810987	0.1599730002	-0.0111712593	-0.011638473	0.0859034104	0.1317368692	0.0194497534	-0.1093265412	-0.0561566646	0.0	-0.0001703595766144	-0.0035705762508796	2.9022385344237625e-08	1.274901476334542e-05	0.096963039044283	0.0330359359933112	0.0010913730669541	0.0094018309407031	-0.0779610578720735	0.0093764860381498	8.791849042361824e-05	0.0060779265445327	1.8359820479567606e-05	1.1369634425138732e-05	1.2926858696129974e-10	3.3708300804195007e-10	-0.0019110068605501	1.995640148000008e-06	3.982579600309494e-12	3.651947221069549e-06	-0.0006699846790982	-0.0001369897674262	4.48879470226318e-07	1.8766196379511746e-08
545.7910454104886	-0.4068622477616372	297887.865250274	0.1655368886536519	633.1603349707592	-0.4278881906093374	400892.009780284	0.1830883036629327	529.2500718491418	0.7780230726514219	0.6053199015779597	280105.63855232176	530.0298863592337	459.4758066576581	1.042164	17.712091	0.0504398482880951	0.0229081870369303	-0.0960557533	-0.0379360755	0.0339639216	-0.0181075794	-0.0228593578	-0.049246987	-0.0848474558	-0.0890309234	-0.0792493492	-0.0433215781	0.0680132526	0.1073581763	-0.0448325285	-0.002277023	-0.0867222771	0.0992285202	-0.0910899974	0.1095806044	-0.0547143479	-0.0802466241	-0.0837782531	0.0657218642	0.0718366681	-0.1133163335	-0.0827608893	-0.0153211722	0.003459966	0.0403782772	0.0215660251	-0.0047904436	0.0676535614	-0.1205534101	0.155108374	-0.0325405815	-0.0511787328	0.0044611297	-0.0578847193	0.027935581	-0.0537209482	0.0038033856	-0.0104491001	0.073660515	-0.034588027	0.0169209844	0.1383084414	0.1390305079	-0.1224120497	0.0287934134	0.0728693814	0.0778341706	-0.0424997792	0.1449652578	-0.0471572181	0.0817922659	-0.0577928894	-0.0955678522	-0.1196819424	-0.0894670757	0.0545523992	0.043239995	0.0629510567	0.0149723166	0.0746916357	-0.02701709	-0.0321048253	0.008935095	0.0187673409	-0.026541347	-0.0459302633	0.0455048035	0.0388768811	-0.1525319738	-0.1683036447	-0.008865792	-0.0700222232	0.2044165259	-0.1069825231	-0.0073151137	-0.1199009332	0.0534234115	-0.1372879834	0.0377632655	-0.0151805102	-0.0150618017	0.0821780616	0.0067706283	-0.078671793	0.0849747564	-0.0427282509	-0.0488026304	0.117324756	-0.1502581019	-0.0137109344	0.0176061039	-0.0063293109	0.0680740437	0.0287828424	-0.0029242759	-0.0749640978	0.0228522096	0.0170374908	-0.110845947	-0.0496386907	0.0	-0.0138476015477948	-0.0136772419711804	0.0001917560686264	0.0001870669479382	0.0961982217021812	-0.0007648173421017	5.8494556677965e-07	0.009254097858662	-0.0674276770301389	0.0105333808419346	0.0001109521119612	0.0045464916296807	-0.0001177537787882	-0.0001361135992677	1.8526911905626427e-08	1.386595241890034e-08	-0.0017359477067981	0.000175059153752	3.064570731236639e-08	3.0135144407375818e-06	-0.000868100088736	-0.0001981154096378	7.53597764063451e-07	3.924971553595331e-08
546.3811027834025	0.5900573729139751	298532.3094788071	0.3481677033301418	634.903466147938	1.7431311771788387	403102.4113266659	3.038506300852884	528.9965973751886	-0.253474473953247	0.0642493089458753	279837.4000345273	530.1188823472938	458.0635899524996	1.00412	17.065517	0.0448497302097398	0.0298052728147162	-0.0828247328	-0.1036000994	0.0884056192	-0.0957904828	-0.0906521952	-0.012387534	-0.0833014216	-0.076168137	0.0587747936	0.0995645546	0.1545315333	-0.0916760808	-0.0087816014	0.1414641479	0.0023526845	0.0012947626	-0.0531153282	-0.0383249069	-0.1602163919	-0.0078924733	-0.1852951211	0.1202806038	-0.107133462	0.0390284444	-0.0140619187	0.0281556583	0.0244743253	0.0858769907	-0.0549957209	-0.0566469714	-0.0669080446	-0.0670395123	-0.0112556714	0.0979603571	-0.0200762742	0.0256873845	-0.1293205363	-0.0725364768	-0.0499167308	0.0590180436	-0.029646879	-0.1326931198	0.1125763361	-0.0807794853	0.0263003447	-0.0375600786	0.1841762109	0.1314766824	-0.0239608345	0.0708546726	-0.168490041	-0.0200621694	-0.0592099489	-0.0560914941	-0.1140087333	0.0560574381	0.002287641	-0.0841593753	0.0790445498	0.0030662842	-0.0450755587	0.0642563933	0.0806793874	0.0820908987	0.0343562393	0.0599427641	-0.169230056	-0.0019927216	0.1729363344	0.0393827417	-0.0141281221	-0.1308738422	-0.0063612161	-0.1156240563	0.0481923322	-0.0824607251	-0.1089666317	-0.1153509244	0.0106178618	0.0731357434	-0.0818825831	-0.1239356365	-0.0399739905	-0.0129455521	0.1344295182	-0.1029450909	-0.0531041275	0.0368242236	0.0557667352	-0.0988127218	0.1127552551	-0.0333144462	0.0558817424	0.1156323003	-0.082763741	0.0826778671	-0.0934663581	-0.2070311554	-0.0436828378	0.0204350846	0.0146176544	-0.1121682727	-0.0429221782	0.0	-0.0136629002020214	0.0001847013457734	0.0001866748419303	3.411458713050512e-08	0.0697349779758695	-0.0264632437263117	0.0007003032685181	0.004862967153295	-0.0740542971356887	-0.0066266201055498	4.3912094023276905e-05	0.0054840389242608	-5.632725711000159e-05	6.14265216781984e-05	3.773217565482179e-09	3.1727598935362247e-09	-0.0019059764576603	-0.0001700287508622	2.8909776119760122e-08	3.6327462571553056e-06	-0.0008680520606343	4.80281017000003e-08	7.535143799714545e-07	2.3066985529055708e-15
546.4078227675932	0.0267199841906631	298561.5087816215	0.0007139575551492	634.5151695163771	-0.3882966315609337	402609.5003463968	0.1507742740815675	528.5129818746021	-0.4836155005864384	0.2338839524074714	279325.9720099835	530.1822328422841	462.8995040763896	1.10248	18.737194	0.0410478230500726	0.0187754066041582	-0.0990962237	0.0457770287	0.0872402349	0.0897242404	-0.0105821141	0.1028830818	-0.1225951467	-0.132456184	-0.0090477058	-0.0504618499	-0.1651915001	-0.0560853264	0.0688056171	-0.0188236512	0.1194524094	-0.115664646	-0.1031493167	0.1207066436	-0.0527279209	0.0329009563	-0.0893564877	0.0235877648	0.0836232141	0.0075291797	-0.0410738746	0.0755196571	0.0731033376	0.0510871181	0.110015449	0.1081381944	0.0095828463	-0.0489605065	0.1301869406	0.0120120053	0.0660350038	-0.0786691346	-0.0242181967	0.062851469	0.0180576893	-0.0001907877	0.0064713411	-0.00216992	0.0381666622	-0.0345946136	0.0028436893	0.1244788061	-0.0697566479	-0.0379038812	-0.1037718263	0.1796040992	0.0604384584	-0.0065432355	-0.0388180374	0.0073383414	-0.0244838798	0.0692667663	-0.029802971	-0.0092147467	0.0060032315	0.0230881715	-0.0270126318	0.0013080917	0.0033349757	0.0174578091	-0.0111236185	0.1034413066	0.060147459	0.0545995564	-0.075815804	0.0362372553	-0.0022028362	-0.1416140125	0.0446215922	0.0140228297	-0.0045582201	0.0471297238	-0.1076531396	-0.0044545738	0.1120974707	0.1129030362	0.0673650072	0.0898581741	-0.095374628	-0.0727570783	0.051146368	-0.0605087537	-0.0454991085	0.0008777922	0.0815653969	-0.0208948743	0.2006015685	-0.0121622517	0.040253678	0.0795489281	0.0084126543	0.090844554	-0.0596902591	-0.0168909896	-0.0019171768	0.0605377345	0.0121913197	-0.1132911674	-0.0360339907	0.0	-0.0073589161096379	0.0063039840923835	5.415364630868821e-05	3.974021543702421e-05	0.0813375858343903	0.0116026078585207	0.0001346205091186	0.0066158028693668	-0.082488773720371	-0.0084344765846822	7.114039525755398e-05	0.0068043977898905	6.774655287401961e-05	0.000124073809984	1.5394310323950998e-08	4.589595426312334e-09	-0.0017360277825091	0.0001699486751511	2.88825521856481e-08	3.0137924616434637e-06	-0.0008679394554798	1.1260515449999873e-07	7.533188983785717e-07	1.2679920819968584e-14
546.7204756169808	0.3126528493876321	298903.27845885773	0.0977518042302054	634.157762856319	-0.3574066600581318	402156.0681909313	0.127739520653909	527.9613703319004	-0.5516115427017212	0.3042752940417728	278743.2085627381	529.1970172512629	462.7433102425181	1.060225	18.019047	0.0875656243567454	0.0515738454913752	-0.081504319	0.1236207638	0.0466504287	-0.0659531938	0.1122185012	0.0356316445	-0.0557590374	-0.1166717082	-0.1501279615	0.1744591277	0.0408622524	0.0288312017	0.0762064871	-0.11882841	-0.0203635127	0.1261571804	-0.1263676099	0.0529767882	-0.0492396629	0.0454570953	-0.0622256408	-0.0565362222	0.06305649	-0.0145001261	-0.008247954	-0.1326123215	-0.0336465629	0.1326757773	0.0021091737	0.1250906573	-0.0418140595	0.2584520668	0.0579082381	0.0220344974	0.0057030457	0.0933880194	0.0436152867	-0.1419710138	-0.0004011621	0.07654378	0.036351118	0.0073529853	0.0858483334	0.0301817493	0.0515434365	-0.1141310623	0.0818002181	-0.1344753535	0.0083243513	0.0267328107	-0.029430913	0.1959285384	-0.0730669551	-0.1165885237	-0.0480195565	0.0604988854	-0.1148570641	-0.0021928218	-0.1076512804	-0.020913864	-0.0737202253	0.0793807205	-0.0209780865	-0.0411600244	-0.0193642125	0.0590603977	0.0730690495	-0.1424199292	0.086196807	-0.0388529832	0.0808236845	-0.0174280588	-0.037946343	0.1006902317	0.1036883099	-0.1052305592	-0.0998944844	0.1227533873	-0.015868092	0.1472672777	-0.1276711686	0.0304825679	0.0728187926	-0.1132673935	-0.017241035	0.074235598	-0.0289144579	-0.0282486115	0.0901052597	-0.0121678635	0.0197818977	-0.101529161	0.0642242691	0.0467940535	-0.0749512044	-0.0242696874	-0.119395041	0.022611587	0.106381334	-0.0962146749	0.0097595656	-0.1142126345	-0.029001679	0.0	-0.013777010474655	-0.0064180943650171	0.0001898060176187	4.119193527826425e-05	0.116015946575402	0.0346783607410117	0.0012025887036837	0.0134596998597865	-0.0849845121033467	-0.0024957383829757	6.228710076258182e-06	0.0072223672974438	-0.000310971649854	-0.000378718202728	1.4342747707754138e-07	9.670336701291877e-08	-0.0022358709891181	-0.0004998432066089	2.498432311931674e-07	4.999119079979951e-06	-0.0008688466634976	-9.072080178000032e-07	7.548945246709118e-07	8.230263875606111e-13
547.1028711242117	0.3823955072308536	299321.55159235577	0.1462263239503418	634.9842836226541	0.8265207663350793	403205.0404477752	0.6831365771831268	528.1570858614785	0.1957155295781376	0.0383045685180508	278949.90734568925	530.1411919877577	467.8329281883717	1.212257	20.6029	0.0337231332060497	0.0173054533025248	0.0217103037	0.0151343849	0.1669885175	-0.0236847569	0.0027986546	-0.0676453364	0.0475644277	-0.1583276698	-0.0126034606	0.0664161811	0.0331219683	-0.0233591313	0.1350344176	0.021226675	-0.1310811232	-0.0249985726	-0.0981597799	-0.0515846218	-0.0363912818	0.1742031765	-0.0207407956	0.0073336211	0.0915945824	-0.0388472992	-0.0647224459	-0.1020172879	-0.0001475805	-0.1253781645	-0.1171381258	0.0572934451	0.0147583374	0.0360887408	-0.0140496503	0.0876430685	-0.0510218214	-0.0336582347	-0.0620654142	0.0339439117	-0.0188849517	-0.0192430397	-0.1182272683	0.0345243005	-0.1095951208	0.207866701	0.0790971356	-0.0625871456	0.1534369271	0.0487399231	0.0975049091	0.0878810271	-0.0856616134	-0.0056838805	-0.0412522198	-0.2059105566	-0.0307870055	-0.0911999041	0.0114020309	0.1133425654	-0.1068616547	0.0510894865	0.0209193112	-0.0653041055	-0.0414815719	-0.1533197965	-0.0977515196	0.0498052744	0.0408089189	-0.0051913485	0.0909201942	-0.0760677455	-0.1438217646	-0.021822413	-0.0661353129	0.0801932055	0.1367845222	-0.0243756858	-0.0872081362	-0.0356377438	-0.1109633285	0.1512574738	0.0213869227	-0.1525884552	0.021769535	-0.0787564273	-0.0463700778	0.0302110378	0.0439593411	0.0547563413	0.0287472778	-0.0502628802	0.0192584646	0.0269740548	-0.0547166521	0.040814281	-0.0960010519	0.014924256	0.0578655933	0.0331273129	0.0266620229	-0.0884536139	0.0073234729	-0.1149310357	-0.0218533699	0.0	-0.0137015276741152	7.54828005398011e-05	0.0001877318606045	5.697653177331397e-09	0.1082610028201997	-0.0077549437552023	6.013915264635121e-05	0.0117204447316352	-0.0730513293254091	0.0119331827779376	0.0001424008512116	0.0053364967162093	-0.000226841663334	8.412998651999997e-05	7.077854631855378e-09	5.145714022413581e-08	-0.0021139151490163	0.0001219558401018	1.487322693493585e-08	4.468637257240605e-06	-0.000795742012672	7.310465082560006e-05	6.332053507312853e-07	5.344289972332907e-09
546.4046069011271	-0.6982642230846068	298557.9944427752	0.4875729252399495	634.433807460741	-0.550476161913025	402506.2560491326	0.3030240048344949	527.9504248755319	-0.2066609859466552	0.0427087631124436	278731.65112625464	530.3111939535953	464.178909311994	1.016248	17.271626	0.0822831642931424	0.0469675709330705	-0.0309111757	-0.0362121581	0.1387412784	0.1076964317	-0.085443964	0.0308324388	-0.0218438661	-0.1586265214	0.0741603724	-0.1017831216	-0.1083349695	0.0448172717	0.0429423978	0.0927141726	0.0094907545	-0.1457839258	-0.1230639959	0.1004876213	0.0158595207	0.0130255917	0.1102710553	0.0029240838	0.0075991156	-0.0060962575	-0.0329099949	-0.0220945709	-0.0677672281	0.1502131392	-0.0800919448	0.0789100563	0.0825554878	-0.0021836832	-0.1579023014	-0.0288908935	-0.1750836624	-0.0280859234	0.0079948603	0.0159398407	-0.1347161426	-0.0181630713	0.0218791149	0.0505720065	0.0378453186	0.1565154476	0.1159681466	-0.0349993564	0.1119586126	0.0834434056	-0.0502320141	0.1861975566	0.0548954376	-0.0464067544	-0.0384539871	0.0134358297	0.0079883961	-0.0170731939	0.0086193388	0.0929336109	-0.0150108588	-0.0627459088	-0.0683145329	-0.0472717756	-0.0342387945	-0.0257002882	-0.0865461337	0.0533552363	-0.0198373763	-0.1068836586	0.0253833582	-0.0658672796	-0.0436082608	-0.0968110046	-0.0941105685	0.0794141185	0.0272592847	-0.0244439691	-0.0678754342	-0.0938810777	0.0424009839	0.1395934392	0.118363279	0.0709111325	-0.0699055708	-0.1165311684	0.0470813854	0.0722653213	-0.0059337061	-0.0116161424	0.0381720451	-0.0036801743	0.0472793739	0.0726976761	-0.0066179429	0.0052514043	-0.0183985151	0.0839997974	0.0009235169	-0.019123162	0.0454080549	-0.1607829041	0.0048841247	-0.1154450938	-0.0146176544	0.0	-0.0138573276319249	-0.0001557999578097	0.0001920255290985	2.4273626853504682e-08	0.0741820715427792	-0.0340789312774204	0.0011613735570111	0.005502979738378	-0.0801461070413864	-0.0070947777159773	5.03358708391281e-05	0.0064233984738893	0.0001422470072518	0.0003690886705858	1.3622644675479322e-07	2.023421107209365e-08	-0.0017360666065575	0.0003778485424587	1.427695210382394e-07	3.0139272624040737e-06	-0.0008678779064661	-7.213589379410001e-05	7.532120605319806e-07	5.2035871734736766e-09
546.2209847706633	-0.183622130463732	298357.3642038332	0.0337170867960398	634.5964586542941	0.1626511935530743	402712.6653365712	0.0264554107642396	528.0071919304984	0.0567670549664853	0.0032224985295679	278791.59473033017	529.4543499807494	464.0801158556998	1.107531	18.82304	0.0430719098232874	0.0298720157166084	-0.072020115	0.061365996	0.0281066782	-0.0483224102	0.0699795181	0.1093690436	0.0225722515	-0.1051310371	-0.127560722	0.0346077073	-0.0262093567	0.0612708027	-0.0885556474	-0.071264542	0.1415782089	0.0092763817	-0.0753466762	0.0906556097	0.0342397738	0.006879436	-0.0847615873	-0.0804309142	0.0441783018	-0.0368386447	0.154801242	0.0033623638	0.1253789613	0.025313206	-0.0355160719	-0.0358492982	-0.0595053806	-0.056862033	0.0284218502	-0.0219693427	-0.0173296008	-0.0405194512	-0.0305792819	0.0056282631	-0.1027149843	0.028216848	-0.0901715713	-0.0239856439	0.0162172335	0.063589112	0.1344011778	-0.0750458173	0.0091692115	-0.1123065325	-0.0926021603	0.0721872752	0.0724511763	0.1182096141	-0.1067405177	0.0190295054	-0.0506396478	0.0920590252	0.0083834013	0.0337242748	0.0063492182	0.0922559977	0.1201523068	-0.0265571739	-0.0041504521	0.0029856317	0.0466912781	0.0388690899	-0.0130763965	0.0047468259	-0.0121178526	-0.0009347266	-0.0352943424	-0.0034051858	-0.0806519742	-0.0656675905	0.0543095626	0.0804912208	-0.0778897299	0.0480939195	0.061513595	0.0802376822	-0.0860875277	0.1304619468	0.0146741032	-0.0764656634	0.0209484292	0.0830345929	-0.0694764766	-0.1222123377	0.0115548245	-0.0407592534	0.0142467624	-0.0560080945	-0.0180502627	-0.1226534469	0.0484160734	0.0990107836	-0.0215179654	0.1572769533	0.0726140488	-0.0249631197	0.0024426053	-0.1157538946	-0.0073234729	0.0	-0.0136673187832627	0.0001900088486621	0.0001867956027233	3.610336256993472e-08	0.0996839681374837	0.0255018965947045	0.000650346729927	0.0099368935036348	-0.0799483604964876	0.0001977465448988	3.910369601941521e-08	0.0063917403460763	-3.132719040643947e-05	-0.0001735741976582	3.0128002092701586e-08	9.813928587613131e-10	-0.0019059872926343	-0.0001699206860768	2.887303955681042e-08	3.632787559683429e-06	-0.0008680281794315	-1.502729654000428e-07	7.534729202871644e-07	2.258196413012246e-14
545.704565842491	-0.5164189281723566	297793.4731813416	0.2666885093746856	632.9126393109902	-1.6838193433038668	400578.4089996037	2.835247580884265	527.934394972665	-0.0727969578333613	0.0052993970697921	278714.72539515386	529.1745354775926	459.0938182005089	0.967653	16.44574	0.0122768221010566	0.0092048364147378	-0.0894057763	0.0190655557	-0.0116189794	-0.0764205064	0.0931264185	-0.0316503183	0.0238714976	-0.0494401355	-0.0965407792	-0.0063955417	0.0704732755	0.0033049118	0.0244815129	-0.0507834937	0.0201477723	-0.07488799	-0.0497113533	-0.092147387	-0.1964712342	-0.1027562134	-0.1432753514	0.0779837369	0.1851031989	0.1121645664	0.0550929382	0.0213165282	-0.1201199283	0.0014970443	-0.0690788982	-0.0065083318	0.0293326236	-0.0962066844	0.0060188396	-0.0027913252	-0.0307986082	0.0348287543	-0.1480260322	-0.0102458253	-0.0092094012	-0.0280246359	-0.1006911826	-0.0894979085	-0.0397513443	0.015264571	0.0840184281	-0.0214536204	-0.006766388	-0.0545836432	0.0626585841	0.0586856197	-0.1348157997	-0.0129510576	-0.1124520241	0.0224543825	-0.1694755084	0.1547597711	0.0031498446	-0.022286295	-0.0211437242	0.0127747939	-0.0015288368	-0.1199257208	0.0358393363	-0.0383234404	-0.0183363129	0.0090149573	-0.0359907279	0.0997083607	0.0354136003	0.0296640952	-0.1781029497	-0.0106081958	0.046813493	0.0724737026	0.0342457619	0.0095313016	-0.0793419373	0.0699591965	-0.0394301074	0.039187081	-0.13162797	-0.0914540635	-0.0654952739	-0.0728409203	0.1760466764	-0.0130394096	-0.1217383033	-0.1374936358	-0.0276896075	-0.0125588992	-0.0562849273	-0.0082911286	-0.0567563699	-0.0028528611	0.0968999899	-0.0001898196	-0.014230634	0.1419125082	0.0418219327	-0.0935387433	0.0	-0.1158568893	-0.0	0.0	-0.0139085525704558	-0.000241233787193	0.0001934478346051	5.8193740083525536e-08	0.0997602483710409	7.628023355719937e-05	5.818674031540885e-09	0.0099521071550517	-0.0771722129938865	0.002776147502601	7.706994956198282e-06	0.0059555504583737	-3.198394296114371e-05	-6.567525547042374e-07	4.313239181105424e-13	1.022972607341694e-09	-0.0018939849344332	1.200235820110018e-05	1.4405660238751678e-10	3.5871789318599325e-06	-0.0010390322802298	-0.0001710041007982	1.0795880793595374e-06	2.9242402489835124e-08
545.7123030705051	0.0077372280140934	297801.9177225148	5.986469734207308e-05	633.1471732567096	0.2345339457193631	400875.3430029618	0.0550061716946931	528.1056260381426	0.1712310654776274	0.0293200777846035	278895.55225313856	529.8728852600311	458.401090939271	1.071989	18.218987	0.0389227204761252	0.0198107281729188	-0.0592870324	-0.0954098727	0.076055917	0.1087964678	-0.0630071644	-0.0925901271	-0.0850599006	-0.0897001026	0.0592704548	-0.0815859261	-0.0295018868	-0.0493086158	0.0484331408	0.1338601052	-0.0041629177	-0.1344020574	-0.0482910519	0.0300102702	-0.0529164063	-0.0732499199	-0.1367716779	0.0506394697	-0.1099549574	0.0232014149	0.0952918301	0.0677195671	-0.0916013248	0.0949790325	-0.0712535896	0.0301534353	0.0196658411	0.0197394661	0.0883130832	0.0578755481	-0.0194187048	0.1419287816	0.0297040247	-0.0400483868	-0.0183334622	0.0531980735	0.0263394971	-0.0150380936	0.0890198878	0.0277569024	0.0697070214	-0.1614870419	-0.0133189313	0.1154716616	0.0649335825	0.1160519008	-0.0300279546	-0.0502035872	-0.076140532	0.0127336239	-0.0704107434	0.0567024639	-0.0296840675	0.0765932752	0.1040541304	0.0558375916	-0.0036738121	0.0056860189	-0.0779176522	0.0912275975	-0.0758393866	0.0387624125	-0.133241069	0.0164813703	0.0071471637	0.0843498908	0.0541620721	-0.0296626686	0.0253114618	-0.0415028044	0.1266145318	0.007049287	-0.0636529414	-0.0725029134	-0.0675087823	0.0607996893	0.0730703122	-0.0095766521	-0.1458309151	-0.0681584925	0.1071447741	0.073050105	-0.0632461497	-0.1507647727	0.0354383972	0.0594916026	0.0474889947	0.0526702249	0.0663312673	-0.0591501828	0.1266361333	-0.0604175917	0.0171419577	0.0734446608	0.0575191199	-0.1037726065	-0.0024426053	-0.1157538946	0.0073234729	0.0	-0.0117243621062073	0.0021841904642485	0.0001374606667974	4.770687984114077e-06	0.0952635280631994	-0.0044967203078414	2.0220493526954136e-05	0.0090751397790479	-0.0620673412481522	0.0151048717457343	0.000228157150455	0.0038523548496145	6.670976391857453e-05	9.869370687971824e-05	9.740447777659745e-09	4.450192602071948e-09	-0.0018210298254035	7.295510902969996e-05	5.322447933535409e-09	3.3161496250091016e-06	-0.0008679423369732	0.0001710899432565	7.533239003104999e-07	2.9271768683546583e-08
546.2554831704794	0.5431800999742791	298395.0528938139	0.2950446210080678	634.7311948578933	1.5840216011837356	402883.689725729	2.509124433016685	528.8810057299478	0.7753796918051421	0.6012136664638371	279715.1182219211	530.338773275618	462.2114683161481	1.097444	18.651602	0.045528711887877	0.027210816560655	-0.0649132298	-0.0228254495	0.0088966337	-0.0556202467	-0.0646539876	0.1273464385	0.0312486727	-0.0004316441	-0.103869801	-0.0638969496	-0.0045744289	0.0492090216	0.0877582338	0.0629166601	0.1207887749	0.1106052213	-0.1109694087	0.0712720061	-0.0696554339	-0.0110252315	-0.0907154983	-0.1232668677	-0.0690624846	-0.0971366735	0.0542168956	0.0552293949	0.1177542975	0.0681292107	0.0799700277	0.0045160083	0.0298780623	-0.0268699665	-0.056301257	-0.071504343	0.0046355216	0.0094883283	0.0107054738	-0.004382689	0.0287671454	-0.0702753597	-0.0594776495	-0.1181338823	-0.0366215982	-0.1228199366	0.0174917028	0.0288385658	0.0318205279	0.011101448	-0.1552780769	0.0491407613	-0.0007117285	0.0915226687	-0.0841681535	0.0363810559	-0.0345045379	-0.0693317902	-0.1281835912	-0.0175870089	0.0162852125	0.1183310986	-0.0154326615	-0.0390409634	0.0961268014	-0.0099978824	0.1008654036	0.1102648256	-0.0479558561	0.1980270905	-0.0671280433	0.0526685797	0.1313960092	0.0869541315	-0.0336228408	0.0334305225	-0.0577627665	-0.0284680831	-0.0463182814	-0.0227112841	0.1094551957	0.0770654341	-0.077809779	0.1168745529	0.0426873056	-0.1137012545	0.0659383921	0.1932109707	-0.0092080532	-0.1073672165	0.0276474526	-0.0974705812	0.0789866038	0.0360766615	0.035497629	-0.1627685212	-0.0026457844	-0.0734684745	-0.0112142674	-0.0668480021	0.0711391754	-0.0419171489	-0.0048841247	-0.1154450938	0.0146176544	0.0	-0.0135245124588863	-0.0018001503526789	0.0001829124372505	3.2405412922503253e-06	0.1058990458314212	0.0106355177682218	0.0001131142381981	0.0112146079080054	-0.0787275658124713	-0.0166602245643191	0.0002775630825335	0.0061980296187569	6.606738772223117e-05	-6.423761963433622e-07	4.126471776285658e-13	4.364899720439621e-09	-0.0021490304032572	-0.0003280005778536	1.0758437907236109e-07	4.618331674123803e-06	-0.0008679289069701	1.3430003100063648e-08	7.533005875543124e-07	1.8036498326771921e-16
546.8538124238703	0.5983292533909434	299049.0921625215	0.3579978954633638	635.4788357964877	0.7476409385943725	403833.3507452594	0.5589669730622743	528.0326794896807	-0.8483262402670562	0.7196574099256391	278818.5106090519	529.6661213771326	462.3719780466424	1.044503	17.751841	0.0602210406500456	0.0291007051199249	-0.0770809724	0.1068151784	-0.038127002	-0.0499261143	0.1502358513	0.0176863435	-0.057849986	-0.0072697722	0.0741042424	0.0675504914	0.1537390779	0.1170706499	0.0663385265	-0.0992615608	0.0218344801	3.5898e-05	-0.148925253	-0.1423694407	-0.0993697452	-0.0107822909	-0.0110959412	-0.0655007287	0.0798502423	-0.01959329	-0.0434614812	-0.0866037382	0.1111374155	0.1383634398	0.0831067819	-0.087454929	0.0028371628	-0.1764222348	-0.1723805663	-0.1305653829	0.0235215505	0.0599512429	-0.1112387581	-0.0204617204	0.107677294	-0.026852459	-0.0216258557	-0.0865570595	-0.0017462951	-0.0799048765	0.0479473049	0.0227626239	-0.1245619902	-0.1007658033	0.0119974844	0.0004954969	-0.1789461167	-0.0407488424	-0.1016502486	0.0002971891	0.0276572288	-0.126996481	-0.0991871696	0.0694973114	-0.0015955359	-0.0401133618	-0.013759283	-0.0150977712	0.1004485176	-0.139537171	0.0460955695	0.0707567541	-0.1580486981	0.0455672707	-0.0408005955	-0.0479172001	-0.0461278562	0.0785517466	-0.1196727199	-0.0152525212	-0.0974589377	-0.072900555	-0.0401953821	0.120202303	0.0244199287	0.0541359046	-0.023308079	-0.0920362098	-0.0383302787	-0.05394777	0.0121266324	0.1740374048	0.0187510018	-0.0101655705	0.0072798892	-0.1033127997	-0.0616087801	-0.0007544441	-0.0863023379	-0.0663363244	0.0054407004	-0.0975086211	0.0960947805	0.0256252425	0.0557772832	-0.0788496419	-0.0073234729	-0.1149310357	0.0218533699	0.0	-0.0240377633028856	-0.0105132508439993	0.0005778140646055	0.0001105284433088	0.121815909359924	0.0159168635285027	0.0002533465445849	0.0148391157731852	-0.0688369168984763	0.0098906489139949	9.782493593991032e-05	0.0047385211280877	-4.577384626403962e-05	-0.0001118412339862	1.2508461619571772e-08	2.095245001803934e-09	-0.0017829808755842	0.0003660495276729	1.3399225670962636e-07	3.179020802699e-06	-0.0008680436925818	-1.1478561170010297e-07	7.534998522310466e-07	1.3175736653366812e-14
546.3623470145304	-0.4914654093398667	298511.8142352262	0.2415382485776027	632.7271313722106	-2.751704424277136	400343.6227745066	7.571877238586365	527.3051124640873	-0.7275670255934301	0.529353776730871	278050.6816307637	529.2963847513099	464.16689538699785	1.073279	18.2409	0.0519948375090144	0.0269671320196052	-0.0088423104	-0.022689181	0.0464419054	0.1308141898	0.0053478692	-0.1049211263	0.0102333776	-0.0915839722	-0.1110041663	-0.0960866957	-0.0346756373	0.0055507266	0.1474161999	-0.0026986934	-0.1326581847	-0.0397154175	-0.0729754068	0.004808205	0.0660287438	-0.0343671861	0.17023089	-0.0264580619	0.0993990619	0.0477826288	0.0949364126	-0.1044122211	0.0485814351	0.0696509288	-0.043793805	0.0372377771	0.0500369559	-0.0529239702	-0.0303080868	-0.0927745738	-0.0333289692	0.0435167726	0.0817593125	0.00366933	-0.1937363754	-0.079854042	-0.006674589	0.1139049574	-0.0615519242	-0.0939974644	-0.0667697807	-0.0831037306	-0.1436763199	0.0091602758	0.1077084484	0.0524712956	0.0594848167	0.0399252241	-0.0493992287	0.038474495	0.0610816001	-0.0226918496	0.1059625933	0.1720580075	-0.1154739782	-0.0031069227	0.029236109	-0.0121143533	-0.0385499447	-0.1451306462	0.0274440054	0.1340864542	0.0351125881	0.0058433034	-0.1709088921	-0.0814695273	0.0096890176	-0.0807406303	-0.0222991678	-0.095228702	-0.0330392912	0.0759450642	-0.0350002735	-0.0127382648	-0.1535052919	0.0508192655	0.0483795837	0.0551021592	-0.048925482	-0.0602912702	-0.0273842915	-0.0275837569	-0.0315939427	-0.0296973526	0.0467897663	-0.0640152909	-0.1093440894	0.0779360624	-0.0150490727	0.1016849192	-0.0409206562	0.0185445087	0.0834547562	-0.0158766099	-0.0834906932	0.1068902377	-0.0097595656	-0.1142126345	0.029001679	0.0	-0.0340659562310463	-0.0100281929281607	0.0011604893739355	0.0001005646534044	0.1379753248178445	0.0161594154579205	0.0002611267079416	0.0190371902585896	-0.0621244493824661	0.0067124675160102	4.505722015349223e-05	0.0038594472110745	-0.000314816833531	-0.0002690429872669	7.238412899752981e-08	9.910963867448539e-08	-0.0017403558086594	4.262506692480003e-05	1.8168963303436811e-09	3.028838340734514e-06	-0.0009382708705285	-7.022717794669998e-05	8.803522264823092e-07	4.931856522357464e-09
546.3973856987163	0.0350386841859062	298550.1030983918	0.0012277093894796	633.6742368676197	0.9471054954091188	401543.0384697602	0.8970088194341521	528.0710656813213	0.7659532172340278	0.5866843309911577	278859.0504098064	529.6846626308445	465.6904081095523	1.028172	17.474283	0.0785270027499913	0.0558898920995848	-9.7558e-05	-0.0811182677	0.0584356221	-0.0859982963	-0.1606131327	0.0376496324	0.0226324781	-0.038127405	-0.1193334588	0.0195947544	0.0299962633	-0.0851486381	0.0316547559	0.1180289296	-0.0423965369	0.0716205069	0.015838363	-0.0206441245	0.0059684217	0.0606321222	-0.0673111732	-0.2048842169	0.0799202498	-0.0271647473	-0.0253659494	0.0914615948	-0.0267994321	0.0145788663	0.0474432539	0.0245487062	-0.1556200915	-0.0366051222	-0.007476026	0.0028224663	0.0672062396	-0.1120331159	0.0410721212	-0.0347460425	-0.0300978481	-0.0710275187	-0.0499267351	0.0035391508	0.1123697311	-0.104047139	-0.0407020509	-0.0214080024	-0.0902693545	0.1175411167	-0.0328411172	-0.040646439	0.036881328	0.0939001268	-0.0101411528	-0.0856837518	0.0068421642	0.0661609294	-0.1112145627	-0.0316208198	-0.0632294658	-0.0945102344	-0.007326959	0.0765353592	-0.1742725228	0.0170733803	0.1225912597	0.0396659335	-0.0086685292	0.1338422765	0.0315972624	0.0237732028	0.0505085387	-0.0164430854	0.0232766664	-0.0050944621	-0.0751037175	-0.0575969394	-0.0310699681	-0.1228854618	0.0193110225	0.0166723844	-0.1267548543	0.0208327635	-0.0695863114	-0.0605344209	-0.0812865614	0.0211505104	0.0115007367	-0.0158203629	0.0492121471	0.0733300056	-0.043541228	-0.1234548108	0.0329314542	0.0112841237	0.0983345559	0.1328742797	-0.0738018909	-0.0143695427	0.0494687538	-0.0862683233	-0.0121913197	-0.1132911674	0.0360339907	0.0	-0.0311956222527811	0.0028703339782652	0.0009731668477382	8.238817146783733e-06	0.0904137054896523	-0.0475616193281921	0.0022621076331198	0.0081746381403695	-0.0621566596956881	-3.2210313222001685e-05	1.0375042778594566e-09	0.0038634503445255	6.679210008963914e-05	0.0003816089336206	1.4562537821908137e-07	4.461184634384373e-09	-0.0016310302613862	0.0001093255472732	1.1952075286584691e-08	2.660259713557536e-06	-0.0008679485688161	7.032230171240001e-05	7.533347181099163e-07	4.945226118129818e-09
546.7422562050959	0.3448705063796069	298927.0947202388	0.1189356661705265	635.7668742914309	2.0926374238111976	404199.5184462961	4.379131387535166	528.2119999953678	0.1409343140464898	0.0198624808757546	279007.9169391065	529.6786420592906	464.4759480198296	1.10107	18.713224	0.0480412986467964	0.0289421567337633	-0.0297920061	0.0887616016	-0.0202242235	-0.038688242	0.0357956338	0.0829858449	0.0165992373	-0.0427027928	0.0175228262	0.1239866845	-0.0546551277	-0.1019641497	-0.0116316063	-0.0931513196	0.0181493671	0.0427630664	-0.0426916905	-0.0444037397	0.0706879209	0.1857532262	-0.0572684239	-0.0929929829	-0.094338552	0.0405093644	0.1920146237	0.1093481308	0.1200476606	-0.1011643189	-0.0418022884	0.0101617934	-0.0088275253	0.0485240448	0.0473563585	-0.0097490754	-0.0504916168	-0.1116127031	0.0091269183	-0.0061073303	-0.1564946411	-0.1123817715	0.0189564278	0.0057302703	0.0598866259	0.0216076369	-0.0366093355	0.1254368914	0.004095251	-0.0899897425	-0.0729045348	0.0202177924	-0.0152992593	-0.0008880497	0.0730659492	-0.1824411678	0.0994957482	0.0194618822	-0.0370788575	0.1422946262	0.0443862644	0.0973791442	0.077951203	0.0101755485	0.0452109065	0.0642948777	0.1588910327	0.0802058567	0.0625840974	0.0638428233	-0.0010669093	-0.0136711252	0.0492880299	-0.0027931913	0.0724348405	-0.0606315742	0.1037217372	0.0515653282	-0.0062610268	0.0429236974	0.0959308549	0.0201372433	-0.0155811636	-0.038638904	-0.1308826594	-0.0398235202	-0.1454483394	0.1619648219	-0.0322105961	-0.0480813784	-0.0004471548	-0.0460001926	-0.0402941146	0.0169605854	-0.1468756766	0.035155196	-0.0223597102	0.0171754538	0.0778009276	-0.0298288641	0.0976265712	0.0602147421	-0.0146176544	-0.1121682727	0.0429221782	0.0	-0.0520948895498634	-0.0208992672970823	0.0027138775172124	0.0004367793735548	0.1112211868858281	0.0208074813961758	0.0004329512820522	0.0123701524122923	-0.0621633874765734	-6.727780885298906e-06	4.526303564059333e-11	0.0038642867425626	0.000129819780419	6.302768032936086e-05	3.9724884877001015e-09	1.6853175388037375e-08	-0.0015675527537559	6.347750763029993e-05	4.029393974954785e-09	2.4572216358077054e-06	-0.0008678973133227	5.1255493400026615e-08	7.532457464727609e-07	2.627125603680172e-15
546.6092952213766	-0.1329609837193857	298781.72162241	0.0176786231916267	634.3104321709994	-1.4564421204314613	402349.72436096007	2.121223650166891	528.6243766886847	0.4123766933169008	0.1700545371909813	279443.73162950046	530.153843820721	464.847225612306	0.973619	16.547136	0.0669203705528679	0.0454659420561327	-0.0141558669	0.0613136696	-0.0496527928	0.1182589811	0.0752398885	-0.0289016004	0.0207893838	0.0374018806	0.0350514472	0.030739502	0.0082825432	0.0562245255	-0.0028533331	-0.0765144677	-0.0177443927	0.0252245994	0.0040557315	0.1048241937	-0.0637423488	-0.074321931	0.0806727408	-0.0214609698	-0.0461391454	0.0062684221	-0.0630403031	0.1060278435	0.1422802571	-0.0253807069	0.0535986719	-0.0060170625	-0.1658869597	0.0946160048	0.002566921	0.0042823665	0.0626657377	0.0587441604	-0.0814163859	-0.2122455025	0.1673121735	-0.0147755885	-0.0100043516	-0.0232958532	0.0770595704	0.0283341946	0.0866686978	-0.0750630784	0.1803347647	-0.0839596115	0.0474593574	0.0361148237	0.0590239752	0.0032962973	0.0498355215	0.1027787104	0.0022723341	-0.1057686327	0.0129308248	-0.0945645183	-0.0165478643	-0.0205881789	-0.0369034346	0.1023558028	0.0688707725	-0.0770822597	0.1238075184	-0.0028592856	0.0464981037	0.1512517154	0.1384204955	0.1419931394	0.1121220416	0.0306979509	0.0237919484	0.0612329359	0.0546790034	-0.0083441093	0.0171600834	0.1051172066	-0.0668262867	0.012354444	0.0397829299	0.083090382	-0.0623460143	-0.0755331058	-0.0261146771	0.0870191044	-0.0374528427	-0.1024482846	-0.0082130312	-0.0934932911	-0.1289324862	-0.0099407239	0.0426790186	-0.0156148758	0.0078507315	0.0673832454	-0.0272812982	0.0454743317	-0.1704841427	0.0673130845	-0.0170374908	-0.110845947	0.0496386907	0.0	-0.0582177231010518	-0.0061228335511883	0.0033893032830707	3.748909069555829e-05	0.1449875389514403	0.0337663520656121	0.0011401665318188	0.0210213864511954	-0.062157190212531	6.197264042398509e-06	3.8406081611205505e-11	0.0038635162951167	-0.0003261447364215	-0.0004559645168405	2.079036406175906e-07	1.0637038909544973e-07	-0.0014838591320454	8.369362171050006e-05	7.004622315020286e-09	2.2018379237545275e-06	-0.0008687389282122	-8.416148895000084e-07	7.547073253912819e-07	7.083156222281116e-13
546.7151785119992	0.1058832906226143	298897.4864154071	0.011211271233073	633.001925413636	-1.3085067573634888	400691.4375773703	1.712189934065912	528.3087017195566	-0.3156749691281675	0.0996506861340695	279110.0843126034	529.7022843422105	463.72237404088	1.126915	19.152481	0.0451914343554615	0.0233514226635033	0.0127426211	-0.1136881699	0.0136781822	-0.0662727019	-0.0926133279	-0.0831858146	0.049417577	0.0246805336	-0.1128043176	0.0087886826	0.0374963299	-0.0807098559	-0.0412899886	0.0491164131	-0.1673495221	0.1354045733	-0.0242037708	-0.0370239324	-0.0612471459	0.0233089214	0.0445523358	-0.0162651643	0.0545080976	0.0709981105	-0.0917281353	0.0236810183	0.0960945734	0.0699747436	0.1598260671	-0.0310779314	-0.089225957	0.0521337441	0.055906231	-0.0642030663	0.1176405742	-0.0213271232	0.0275434163	0.0163005922	-0.1035570092	0.1432194852	0.0118436702	0.0342343934	0.0464101066	0.0373722476	-0.1148882388	0.0640906913	0.0530234813	0.0911832335	0.0898148716	-0.1023435541	-0.0208370772	0.1028487437	-0.0260959061	-0.1440283339	0.0406656029	0.0645111445	0.0554621412	-0.0989804057	-0.0765350932	-0.1025279764	-0.0210446223	0.0786665396	-0.0333134666	-0.0980747488	0.0848419575	0.1198958538	-0.0676665693	0.0716131118	0.0060378579	0.0533990132	0.0411647898	0.0872539786	0.036902205	-0.0478453612	0.0932069306	0.0474470631	0.0150908415	-0.0775417659	-0.1095297644	-0.0066910464	-0.1244479534	-0.0337047597	-0.0175717775	-0.0549449751	-0.1089109101	0.0371758164	-0.0182775854	-0.1080067762	0.0505147613	-0.021092207	-0.0622614963	0.06869438	0.0371558534	-0.0380278403	0.0127441957	-0.0348049672	-0.0324403983	-0.1489149999	0.0518230734	0.0553758946	-0.0194497534	-0.1093265412	0.0561566646	0.0	-0.0552777373105044	0.0029399857905473	0.0030556282421691	8.643516448620606e-06	0.1312955267506481	-0.0136920122007921	0.0001874711981066	0.0172385153447301	-0.045247134448374	0.016910055764157	0.0002859499859468	0.0020473031757892	-0.0002552149658086	7.09297706129e-05	5.0310323591986124e-09	6.513467877268487e-08	-0.0016458907635856	-0.0001620316315402	2.625424961957917e-08	2.708956405656389e-06	-0.000868712718366	2.6209846199962663e-08	7.546617870508453e-07	6.8695603782569695e-16
547.0341839745253	0.3190054625260927	299246.39843667473	0.1017644851214863	635.6347191470793	2.63279373344335	404031.4961851864	6.931602842858574	528.1300917012351	-0.1786100183214785	0.0319015386447988	278921.39376035496	530.3012570500234	465.2397954869143	1.092023	18.559465	0.0375377329177381	0.0196539687215777	0.0073482965	0.0370938079	0.0234222688	0.0024160604	-0.0201018094	0.094174194	-0.0151455029	-0.0781610396	0.0368352922	0.1316565092	-0.1219893951	-0.0863394538	0.0485619266	-0.0116510212	0.0868660111	-0.0698984285	0.1017164452	0.0592362782	0.0512137411	0.1735938535	-0.0071826008	-0.0400920067	0.035402469	-0.0004559806	-0.0230173116	0.0431802835	-0.0337376759	-0.0614679098	0.1178493058	-0.0057520417	-0.0062556655	-0.1087106557	-0.1561019827	0.047121534	-0.089674521	0.099154862	0.0200454616	-0.0549737015	-0.0789862382	-0.0724252223	-0.0706483319	0.0317908734	0.0671655218	-0.0183343506	-0.0839804767	-8.83191e-05	-0.0528377117	-0.0297058517	-0.1170376688	0.048340496	0.0815516119	-0.1009911872	0.0856892908	-0.1158124948	0.055793424	0.1058809337	0.0308071255	-0.0585967164	-0.0527935336	0.0425780329	0.077074454	-0.0506473877	0.0479901483	-0.0262224943	0.0469425748	-0.1397820169	-0.0345507819	0.1052180359	-0.0240558128	-0.1097559644	-0.0088353437	-0.0906628911	-0.0006164784	0.073300273	-0.1105131046	-0.0938258154	0.0013734076	-0.0205943373	0.0930137215	0.0037626867	0.0456720959	-0.0753474802	-0.1390489881	-0.0341875652	-0.203457543	-0.0178402095	0.0250191804	-0.1166362916	0.0682692889	-0.0379164812	0.0338480837	0.0388768441	-0.0671856514	-0.0373140497	-0.0878079556	0.0288550881	-0.0500586077	-0.1799086299	0.1305410783	0.0814117061	-0.0218533699	-0.1076127567	0.06245003	0.0	-0.0602983502992771	-0.0050206129887726	0.0036358910488143	2.5206554783033107e-05	0.1253793795743405	-0.0059161471763075	3.500079741173227e-05	0.0157199888224465	-0.0429816380599419	0.002265496388432	5.1324738859988784e-06	0.0018474212103158	-1.0109780720784416e-05	0.0002451051850878	6.007655175693233e-08	1.0220766622234426e-10	-0.0014049950790586	0.000240895684527	5.8030730823731936e-08	1.974011172178881e-06	-0.0008680040606963	7.086576697000382e-07	7.534310493852661e-07	5.021956928246884e-13
546.6799023554427	-0.3542816190825988	298858.9156393563	0.1255154656197876	633.5143088855963	-2.1204102614830163	401340.3795627947	4.496139677002473	528.6725016662052	0.5424099649701475	0.2942085700989166	279494.61401800375	530.3389344098548	465.9870111366504	1.044268	17.747849	0.0290426932242912	0.017314191225319	0.0125053557	0.0676442256	-0.0596595353	0.0472799451	0.1120076107	0.040126881	0.0102693155	0.0846142514	-0.0518802363	-0.0885152202	-0.0511910082	0.0980063611	0.0198916241	-0.1158681652	0.1080224967	0.0419889661	0.0776344473	0.1029081787	-0.0878200691	0.0147867325	0.0474964129	0.0995449555	-0.0599275494	-0.0050186917	0.0249824419	0.1196404479	-0.0386022084	0.0701056016	-0.1232333997	-0.0394373969	-0.0778135389	-0.0002007338	-0.0903456361	0.1201239501	0.0353175368	-0.0537945322	0.0035256289	-0.0947015077	0.0279404727	0.0036582842	0.0015791374	0.1249058553	-0.0346587275	-0.1139371508	0.0682487931	0.1128798514	0.0979538141	-0.1197873763	-0.0179153357	0.0034810977	0.0757383991	0.0538040338	0.0598715954	0.0705812518	-0.1224922977	-0.0601625496	0.0841301393	0.0988561462	-0.0194133076	0.0471743534	-0.1427895782	-0.0095584385	0.0841150172	0.0420398048	-0.0823842817	-0.0541764507	-0.0997607376	0.0239925229	0.144204564	0.0399369431	0.19720911	-0.0303730475	0.0451318699	0.0685741413	0.1205010741	-0.0563629581	0.0285762929	0.1047800512	0.0031148796	0.0011568299	-0.000869317	0.127741432	0.018966897	-0.0977184292	-0.0344479956	0.0868002203	-0.0378573367	-0.188154578	-0.0647791975	-0.0740048386	-0.0395767393	0.0441013927	-0.0379263729	0.0546539069	-0.0857698064	0.0603436712	-0.0334755275	-0.0359820034	-0.1228915963	0.0027364729	-0.0242472716	-0.1057076408	0.0684936154	0.0	-0.0637241272081041	-0.0034257769088269	0.0040607643884346	1.1735947429052263e-05	0.1313218447286743	0.0059424651543338	3.531289211047148e-05	0.017245426902942	-0.0427653379242372	0.0002163001357047	4.6785748705871676e-08	0.0018288741277742	-0.0001582142301129	-0.0001481044493921	2.1934927929741728e-08	2.5031742610217675e-08	-0.0016459317755619	-0.0002409366965033	5.8050491721923343e-08	2.709091409804349e-06	-0.0008681259353094	-1.2187461309999626e-07	7.536426395568206e-07	1.4853421318273774e-14
547.3738120242891	0.6939096688464588	299618.0900900018	0.4815106285186021	635.1391468267332	1.6248379411368887	403401.7358317905	2.640098334957964	528.4548373903547	-0.2176642758505522	0.0473777369815453	279264.5151612662	530.3455007635448	466.44583880538806	1.0202	17.338799	0.0386837207290106	0.0203797494872876	0.0623306063	-0.0005767146	0.0069848954	-0.0694829842	0.0523569786	-0.0856104757	0.0887093625	0.0096662764	0.0271069376	-0.0576447171	0.0640731813	-0.0478983989	0.0536513143	-0.0323667349	-0.0431193067	0.0407442133	0.0963304648	0.0283623965	-0.0887342076	-0.0866050545	-0.011495279	-0.002085442	0.0440396723	-0.0095143838	0.015466288	0.0051368739	-0.0298075605	-0.0878717333	0.0660428966	-0.0030878032	-0.0312959396	0.0051150946	-0.0272765965	-0.0278144254	0.1497899308	0.1156407781	-0.0053025036	-0.1070746844	-0.0179507391	0.0600608071	-0.0401272468	0.0155003211	-0.1727397839	0.0854392452	-0.0938533166	0.0068460002	0.0099536202	-0.0031240325	0.0894568782	-0.0551424408	-0.0586050794	0.0170240094	0.0218503202	-0.0032423853	-0.2014836284	-0.0006438773	0.0155993111	0.0388875841	0.0369405126	0.0347103406	-0.1161528875	0.055844073	-0.0842120203	-0.0012112342	-0.0637039831	-0.0315839395	0.0791399327	0.1069966735	-0.0854580309	-0.1563969965	-0.0412793612	0.0817324378	-0.0736122756	0.0814314309	0.0096393136	0.0522616596	0.0212185978	0.0485748837	-0.0859839173	-0.0047665428	-0.084737611	-0.1187464414	8.359e-06	-0.0603312726	0.0624482049	-0.0071453703	-0.0214240771	-0.1648969248	-0.0704296219	0.0382828494	-0.0844364904	0.1474660657	0.0549573354	0.0157594979	0.0699184007	-0.0257859531	-0.008176473	0.0736310138	-0.1526623597	-0.1034074475	-0.0266303944	-0.1036145805	0.0742632484	0.0	-0.0534397654764973	0.0102843617316067	0.002855808534183	0.0001057680962265	0.1370462439663811	0.0057243992377067	3.276874663265808e-05	0.0187816729852928	-0.0469784656158793	-0.0042131276916421	1.7750444946081506e-05	0.0022069762316223	-0.000401660963016	-0.000243446732903	5.92663117611933e-08	1.613315292109405e-07	-0.0015208228166698	0.0001251089588921	1.56522515950652e-08	2.312902039703464e-06	-0.0008688068848753	-6.809495658999503e-07	7.548254032067227e-07	4.636923112993307e-13
547.2957290292102	-0.0780829950789439	299532.61501361465	0.0060969541204983	634.3873764564252	-0.7517703703080088	402447.3434072661	0.5651586896730406	528.5393786089761	0.0845412186214389	0.0071472176459979	279353.8747403626	530.7110394953012	467.8745427651994	1.097164	18.646835	0.0760541770669068	0.0499177803521969	0.0852141133	-0.1023960312	0.0859847125	0.1125199791	-0.1223979375	-0.0573309263	0.022223287	-0.0099847543	0.1095375515	-0.1067215062	-0.1025546467	0.025230706	0.0171756763	0.148587222	-0.0058076262	-0.0846866629	-0.0229358932	0.1190156809	-0.0094059201	-0.0101804896	-0.0019721345	-0.0215749503	-0.0646169665	0.0250529551	-0.0118880347	-0.0176612758	0.0434684538	0.1018619698	0.0031033802	0.0187623547	0.1103349138	-0.0350197418	0.1325520762	0.0503710497	-0.0803969848	0.0867015576	-0.1424585421	0.0800682198	0.0343824646	0.0780721762	0.1115600819	0.0504255276	-0.0644526191	0.0727005435	0.0600414364	0.0266464788	0.0732634096	0.1470999233	0.0285516217	0.0687826628	0.0634708695	-0.0770857131	-0.0335959935	0.0272000655	-0.0352770003	-0.0019192729	-0.0034990248	-0.0222798795	0.0698339007	-0.0283079233	-0.1170043547	-0.0552384346	-0.057914781	0.0516495274	-0.0887973888	0.0731352123	-0.0372265802	-0.0540459675	-0.0325080972	0.1231266488	-0.0458796725	-0.0343382679	-0.1330300925	0.0475639301	0.0099380657	-0.0147450301	0.0286206825	-0.120031102	-0.0073300181	-0.0327315713	0.0606420739	0.0100271777	-0.1580627306	-0.0712283662	0.0722688031	-0.0556039828	-0.0360848651	-0.0180708044	-0.0249628685	0.0928190472	-0.0221961087	0.1203668624	-0.0341856235	0.015646341	0.0870282366	-0.1092118432	-0.11933976	-0.0243165553	0.0164746868	-0.0276649874	-0.029001679	-0.1013372972	0.0797358525	0.0	-0.0569888140041001	-0.0035490485276028	0.0032477249215939	1.2595745451279608e-05	0.1106970176580688	-0.0263492263083122	0.0006942817270466	0.0122538297183907	-0.0429858370271176	0.0039926285887617	1.5941083047797275e-05	0.0018477821849219	0.0003078977036572	0.0007095586666732	5.034735014510494e-07	9.480099591737697e-08	-0.001388135090858	0.0001326877258118	1.7606032581107426e-08	1.9269190304713475e-06	-0.0008677878045157	1.0190803595999404e-06	7.530556736661788e-07	1.038524779322344e-12
547.6717938846881	0.3760648554779209	299944.39381687227	0.1414247755256295	636.7577740022506	2.3703975458254263	405460.4627523013	5.618784525255204	529.0130958046232	0.4737171956470547	0.2244079814517099	279854.8555327914	530.4111690454472	468.6075380492509	1.260122	21.416388	0.0583671559659792	0.0305822996534997	0.0168866485	0.0598363088	-0.0355054013	-0.103303858	-0.0030249897	0.1076249141	0.1635942111	0.0052484889	-0.1331906796	0.0800637651	-0.0396395331	-0.0886137973	0.0109575078	-0.0470606936	0.0517795349	0.1781950056	-0.0317943498	0.0459737511	0.1179231604	0.1234710676	-0.0116784425	0.0280898901	0.0388378647	0.125200408	0.0353100248	-0.0902185407	0.0384630172	-0.0291899694	-0.0051188761	0.0312319472	0.1143659714	0.0009520801	-0.0370340145	0.0259346313	-0.1512109333	0.1665058524	0.074661103	-0.0843713269	-0.0382075797	0.1395371495	0.0726744843	-0.1476971961	0.0115010062	-0.0564409428	-0.0539503556	0.0260317463	-0.1645111442	-0.0559051882	-0.0951852545	-0.0908025017	0.1096605382	0.1369632057	-0.0394011263	-0.2105130793	0.0582160764	0.0826208023	0.0553717672	0.0196988328	0.0753233892	-0.0472086866	0.0586281816	-0.0138056756	0.041460624	0.0111507958	-0.0071980484	0.0451868581	-0.0440120296	-0.0621114335	0.0119322694	-0.0424650516	0.0271917364	0.0914690777	0.004017605	0.103061739	-0.0528178224	-0.0694796727	0.0125793222	0.0216899084	0.0989710945	-0.0530182724	-0.1445662309	0.0566801196	-0.0407518444	-0.0429716	-0.1205075515	0.0026724008	0.0294490799	0.0410897295	0.0829151746	0.1361036212	0.0011594729	-0.0405472628	0.0305028422	0.0066184969	-0.0608950775	0.1509198962	0.0392020121	-0.0845553996	-0.0609584252	0.1131904886	-0.0313600711	-0.09887984	0.0848895389	0.0	-0.0551988546452975	0.0017899593588025	0.0030469135541526	3.2039545061650127e-06	0.1202596340357899	0.0095626163777211	9.14436319874598e-05	0.0144623795784221	-0.0595400047886016	-0.016554167761484	0.0002740404702753	0.0035450121702267	-4.32143651258315e-05	-0.000351112068783	1.2327968484510025e-07	1.867481353228682e-09	-0.0016459830217696	-0.0002578479309116	6.648555547539329e-08	2.7092601079537835e-06	-0.0008680360541805	-2.482496648000118e-07	7.53486591357252e-07	6.162789607331822e-14
547.0504927225631	-0.6213011621249507	299264.2415879991	0.3860151340578142	636.4641903405902	-0.2935836616603637	405086.66558590304	0.0861913663939069	528.6783860240664	-0.33470978055675	0.1120306372003477	279500.8358490118	530.13319562113	465.2797852586122	1.002281	17.034256	0.0653397253140372	0.0437407619207855	-0.0068397575	0.1015916875	-0.0961491898	-0.0044895683	0.113950758	-0.0451605339	0.0458705611	-0.001279963	0.065900683	0.1195591385	-0.007572227	-0.0482815945	-0.0551638454	-0.1509552948	-0.0683110047	0.0116906934	0.034312646	-0.0029242405	-0.0338759557	0.0493621565	-0.0904338185	-0.036353745	-0.0512875679	0.1138736675	-0.0530417745	0.0054262302	0.1270961438	-0.105720946	-0.0504448633	-0.0722176733	-0.0345090506	-0.0754058443	-0.0034331604	0.0435416242	-0.1879200813	0.0658355953	0.0392420797	0.0930525041	0.0779190106	-0.0514707915	-0.085518052	-0.07913544	-0.0336303193	-0.0528301934	0.0291324391	0.0504711514	0.0659781275	-0.1189600119	0.0759794493	-0.0379555461	-0.0178917718	-0.0293089864	0.090815611	-0.0953858694	0.0394924838	-0.0458418667	-0.0521381265	0.0156904514	0.0960799835	0.1508736206	0.080342104	0.0817708133	0.066271332	-0.0918124181	0.0589588229	0.003905009	-0.0790705889	-0.0158598172	0.0611909768	0.0741215646	-0.0229929259	-0.0258617811	0.0987305272	0.0545148129	-0.0116894769	-0.06650126	0.0184841783	0.128563014	-0.0192785714	-0.0426104022	0.0057939144	-0.0913050885	-0.0798579844	0.0302559998	-0.1638345375	-0.0328270607	-0.0025167905	0.0636956235	0.0358312277	-0.0246032087	0.0860002899	-0.0865630045	-0.1775693343	0.1026634203	0.015409809	0.0084415152	0.0137707663	0.0207378518	-0.1484741557	0.0911897018	-0.0337045224	-0.096246578	0.0897036946	0.0	-0.0554378300482483	-0.0002389754029508	0.0030733530004584	5.7109243215497285e-08	0.1596691356211721	0.0394095015853822	0.0015531088152082	0.0254942328700122	-0.0465482873658658	0.0129917174227358	0.0001687847215922	0.0021667430566952	-0.0001091330002503	-6.59186351244685e-05	4.345266456672811e-09	1.1910011743631982e-08	-0.0014579537230159	0.0001880292987536	3.535501718980812e-08	2.125629058455924e-06	-0.0008680787383617	-4.2684181199986744e-08	7.535606959956409e-07	1.821939324713301e-15
546.9330482820739	-0.1174444404892938	299135.7593031213	0.0137931966018432	633.7914658469715	-2.672724493618716	401691.62218045286	7.143456218789424	528.366251877376	-0.3121341466903686	0.0974277255301245	279170.8961229468	530.4471430205408	463.8064158888324	1.055334	17.935923	0.0693568326664382	0.0322629677320163	0.013089851	-0.0654039533	-0.0495371347	0.1362767222	-0.0174969074	-0.0897098419	-0.0092523685	0.0491762212	0.0281474166	-0.0499915965	-0.0855911605	-0.1109330933	-0.0068858801	0.0269896915	-0.0679187394	-0.1078056932	0.0608239552	0.0137885367	0.0089478122	-0.0137757868	0.0327344008	0.1248294484	-0.0386644113	-0.1026849436	-0.0645808303	-0.1773115895	-0.0022109172	0.1507798623	-0.0644391392	-0.0707247638	0.0579495395	0.0153085411	-0.0264044795	-0.0333038952	0.1978668596	0.0057275684	0.1434726085	0.1023671929	0.0671077188	-0.1592878272	0.0410884242	-0.1024849157	0.1037666897	0.0283102681	-0.0974916143	0.0354349871	0.0137775265	0.0413833989	0.081671834	-0.009416537	0.0549511566	-0.0551824923	0.0186008923	0.0815184312	0.0991078042	-0.0424821338	0.1140547189	-0.0581581205	0.0088209269	-0.0299686984	0.0695883174	-0.0673699017	0.0159698602	-0.1032545133	-0.2021040581	0.1549283944	0.0174846887	0.0022504406	0.0951214813	-0.0824478889	-0.1064898561	0.020495886	0.1081661621	-0.1971289708	-0.0340394728	-0.1783287744	0.037656948	-0.0112875538	-0.1364410305	-0.0748108257	0.031866546	0.057524974	-0.0560410146	-0.017465146	-0.0316905999	-0.0738438596	0.0187105993	-0.0189618176	0.0524985821	-0.0877108923	-0.1261367159	0.1161980338	-0.0527324936	-0.0121194955	-0.0482188499	-0.0444589525	0.0354362451	-0.1246114995	-0.0368382661	0.0731158785	-0.0360339907	-0.0934421931	0.0941590645	0.0	-0.048921898532086	0.0065159315161623	0.0023933521559837	4.245736352331717e-05	0.1706023013176576	0.0109331656964855	0.0001195341121468	0.0291051452148808	-0.0218803093271588	0.0246679780387069	0.0006085091405181	0.0004787479362521	8.588448772826857e-05	0.0001950174879785	3.8031820617471145e-08	7.376145232347115e-09	-0.0012360425126229	0.000221911210393	4.924458529808635e-08	1.527801093011132e-06	-0.0009959451882918	-0.00012786644993	9.91906818081589e-07	1.634982901772675e-08
547.3979867923234	0.4649385102495671	299644.5559442887	0.2161678183130868	634.8911593206998	1.09969347372828	403086.7841835822	1.2093257361605712	528.6263582706451	0.2601063932690977	0.0676553358194585	279445.82665848447	530.0558179768548	467.0906444815702	1.023306	17.391582	0.1010388887780848	0.0486983925213469	0.0552534564	-0.0959202197	-0.0122839563	-0.0895474539	-0.1470889552	0.0211884719	0.0963411998	0.1112904403	-0.0214594962	0.0675920189	0.0531937834	0.0260661331	-0.0472561789	0.0910065754	0.0530536937	0.1819472929	0.0484243142	-0.0445525598	0.0002544215	-0.0135859847	0.0912498403	-0.0596115097	-0.0911875954	-0.0656748788	-0.0426752712	-0.0535536466	-0.1115361395	0.1110884607	0.0415610644	0.0443605754	-0.090769398	0.0752941215	0.0459326071	0.09780343	0.0309537863	-0.0338786846	-0.0622581749	0.1159946126	-0.0047235269	0.0183305583	0.0019660408	-0.0109836874	0.0104444624	0.0728258896	-0.098604159	0.1423572738	0.0592919345	0.0969938824	-0.0643137685	-0.1737682776	0.006728183	0.0855209375	0.0463350207	0.0092514332	0.0633835199	-0.0256099046	-0.0571505723	-0.0568764556	0.0561138178	0.0121433553	-0.1939616969	-0.1089506752	-0.088995153	-0.0225460901	-0.0151358865	-0.0094114626	-0.0074448087	0.1001266836	0.124470083	0.0042830255	0.0324573331	0.0730387465	0.0810607187	-0.0176039152	-0.0009473145	0.0563997311	0.0380684877	-0.1279730506	0.0652860185	-0.0822666184	-0.1189495696	0.0738745839	-0.0914279695	0.0229252279	-0.0768948247	-0.0178477839	0.0918474589	0.0365539809	0.0479534444	0.07159102	-0.028870598	-0.0011793568	-0.0487177833	-0.048667167	0.1258872368	-0.033734131	-0.1363490964	-0.0221311577	-0.0293455054	-0.0788400814	-0.0383474405	-0.0904716714	0.0982378286	0.0	-0.0367239392250411	0.0121979593070448	0.0013486477122045	0.0001487902112563	0.1313302548224442	-0.0392720464952134	0.0015422936359222	0.0172476358317281	-0.039025616419849	-0.0171453070926902	0.0002939615553026	0.0015229987369491	-2.4714371036457588e-05	-0.0001105988587647	1.2232107560059845e-08	6.108001357276936e-10	-0.001645990668597	-0.0004099481559741	1.68057490586565e-07	2.709285281108399e-06	-0.0008680206853679	0.0001279245029238	7.534599102265588e-07	1.6364678448326894e-08
547.7816852725571	0.3836984802336474	300064.7747200428	0.1472245237336107	635.9027320598734	1.01157273917363	404372.2846412112	1.0232794066392408	528.1221437283924	-0.5042145422527256	0.2542323046191255	278912.9986962728	529.7987298509204	470.165327843272	1.059014	17.998457	0.0636080260537663	0.0394376823373072	0.0535582863	0.0820230599	-0.0491931478	-0.0784454801	0.0684799949	0.0780872034	-0.0131916736	0.0870375627	0.1507954175	0.044194752	0.0542462483	0.0222674704	0.0488551447	-0.0595521692	0.1283211484	-0.014512834	0.0408896792	-0.2182064324	0.038116062	0.0097176544	0.0227082402	-0.0054318545	-0.0386461035	-0.1326443231	-0.101159452	0.1023487693	-0.0404825084	-0.0167966813	0.0220715692	-0.0154283322	-0.103897932	-0.0250453425	-0.1077059199	-0.1205284277	-0.0248470557	-0.0216391656	-0.0096639616	0.0332752678	-0.0485274308	-0.0330010426	0.1025236226	-0.099710995	-0.1554281583	-0.0592912546	0.0752686895	-0.0730109394	-0.1338867479	-0.0602918157	-0.069490192	-0.0894019301	-0.1004575335	-0.1129919599	-0.0056059689	0.0261359921	0.0511007112	-0.1312620176	-0.0728077971	0.0228982543	0.0559762431	-0.0078203248	-0.046672129	-0.0049516932	-0.0595493425	0.131289721	0.0601235842	-0.0551977986	-0.0757358067	0.0424282621	0.039653856	-0.2347124746	-0.081156553	0.0413839862	-0.0429378665	0.0456316085	-0.0205978009	0.0956849255	0.0338315586	0.0702157891	0.1099340761	-0.0933958097	-0.0655504425	-0.0764658306	-0.1432778985	0.0291508813	0.0143510293	-0.0524716052	0.0746141915	0.10723062	-0.0127142542	0.002854078	-0.064119433	-0.0297950823	-0.1728553005	-0.0251173435	-0.0452852817	-0.0256642301	-0.0176799501	-0.0163895134	-0.0266879755	-0.0810366222	-0.0406438432	-0.0873402943	0.1019236731	0.0	-0.0475241924266356	-0.0108002532015945	0.0022585488658038	0.0001166454692185	0.1371807166468954	0.0058504618244512	3.42279035593609e-05	0.0188185490197558	-0.0391159955950968	-9.037917524779698e-05	8.168395318472e-09	0.0015300611113956	0.0001626112794065	0.0001873256504429	3.5090899313877135e-08	2.644242819021881e-08	-0.0008960709365486	0.0007499197320484	5.623796045155441e-07	8.029431233270851e-07	-0.0008679274308098	9.325455809991445e-08	7.532980251521002e-07	8.69641260641032e-15
547.1867522235638	-0.5949330489933118	299413.3418089718	0.3539453327844783	633.2098240468694	-2.692908013004057	400954.6812694672	7.251753566501461	527.8371314832142	-0.2850122451782226	0.0812319799015313	278612.03737242793	529.637753213996	470.51819139729673	0.966365	16.423851	0.0412021536342938	0.0298038373680404	0.0859612151	0.0450100803	-0.0198794985	0.1050734711	0.0695126667	-0.1097230557	-0.0207791954	0.0444203575	0.0887020936	0.0138077092	-0.0643580768	-0.012613334	0.0226842952	-0.0368625643	-0.0295638767	-0.1002225683	-0.049962363	-0.0493299468	0.0542755052	-0.0582235431	-0.0316120856	0.0205871728	0.0333597981	0.0143788919	-0.0084440948	0.1402191441	-0.1401188098	0.0168355745	0.1338109111	0.1684152077	0.0375809036	0.020700797	-0.0670471469	-0.0742593592	0.0586969641	0.0745227757	-0.0446444089	-0.0120016383	0.0881354963	-0.0626815581	-0.0779374978	-0.0257294418	0.0446904964	-0.0012779281	0.0176124079	0.0155980714	-0.0841211322	-0.0258172268	0.1049898579	-0.0547728889	0.0527857557	-0.102709804	-0.0695699242	0.033759445	0.0829613574	0.0205306974	-0.0196653056	-0.0776557619	-0.0176577593	-0.0570480226	-0.1117799591	-0.0495250717	-0.0049174545	0.1171563391	0.0419045152	-0.068024387	0.1885794389	0.1247290807	0.00320294	-0.0126614351	-0.0556452304	-0.0160856208	0.0896851653	0.1466337523	0.0432140825	-0.0264008122	0.0473776544	0.0727193745	-0.0726931931	-0.1101059931	0.0039037754	0.0490877928	-0.1729878861	0.0023362347	0.0750536202	-0.129768453	0.0303699935	0.1355613592	-0.0479641832	0.0721962334	-0.1295741227	0.0076420532	-0.0492890851	0.0352434823	0.0345181843	-0.0018628079	-0.0545065339	0.1211636284	-0.0530543869	0.0056272938	-0.0429221782	-0.0840536294	0.1052018558	0.0	-0.0534117447211599	-0.0058875522945242	0.0028528144741583	3.4663272020758325e-05	0.164713274620027	0.0275325579731315	0.0007580417485438	0.0271304628360524	-0.0392216619236194	-0.0001056663285226	1.116537298344651e-08	0.0015383387640506	8.008034262079372e-05	-8.253093678570628e-05	6.8113555267262475e-09	6.412861274263712e-09	-0.0009670346852397	-7.096374869110006e-05	5.035853628293605e-09	9.351560824566456e-07	-0.0008679602860953	-3.2855285499937097e-08	7.53355058238635e-07	1.079469785282377e-15
547.8878882889668	0.7011360654030341	300181.13813374337	0.4915917822088477	635.5804484575644	2.3706244106950862	403962.5064615188	5.619860096583425	529.014710187912	1.177578704697794	1.386691605757734	279856.56359520054	530.6493037701209	470.2896807470987	1.069161	18.170919	0.0708459433324146	0.0440746402678255	0.0932202102	-0.089137788	0.039230083	-0.0545409138	-0.1206232335	-0.0436256942	0.0716101317	0.0065984796	-0.0224250244	0.1888525522	-0.028167134	-0.1388393072	-0.0953682881	0.0995316983	-0.0823996719	0.1105990364	0.1031124708	0.0402498803	0.0673326779	-0.015517898	-0.057766604	-0.0089369458	-0.0926182465	0.0566730556	-0.0149198461	0.1132840762	-0.0593996735	0.0778234822	0.0949278697	0.1189905108	-0.0004129929	0.0865883234	-0.031088754	-0.0495424377	0.0554845571	0.0341033437	-0.0019495843	-0.0805898777	-0.0054525694	0.1080985425	0.2128937357	-0.1136213348	-0.0106840032	-0.0034925182	0.0192817504	-0.0085370717	-0.1222952165	0.1103701862	0.0279794534	-0.1248901749	0.0555038009	0.0368090684	0.0318902926	-0.1012684922	0.0816033017	0.1029424813	0.0407315168	-0.1658959963	-0.0065332813	-0.0799779759	-0.0616808523	0.1148127153	-0.0043361752	0.22667104	0.0325758687	0.0753434191	0.032684103	0.1031876557	0.0269592151	0.0019743095	0.0132324245	0.0986244071	0.0024717162	-0.00111882	0.0892409196	0.0158447239	0.0577745445	-0.1192307407	-0.0314912321	-0.0362016944	-0.0598830714	-0.0094767727	0.001952574	-0.0097550371	-0.098782267	-0.0118651383	0.0611958944	0.0345227181	-0.0199674516	0.0630145413	-0.0170553042	-0.009463206	0.169697669	-0.0760369643	-0.0313779579	0.0412016044	-0.0142640393	-0.0290963844	-0.1950268843	-0.1359023166	-0.0451814325	-0.0806175202	0.1080592651	0.0	-0.0555271088331466	-0.0021153641119866	0.0030832598153681	4.4747653262812765e-06	0.1342926496896552	-0.0304206249303717	0.0009254144211543	0.0180345157606684	-0.0250822410204136	0.0141394209032058	0.000199923223478	0.0006291188146061	0.000533067505285	0.0004529871626642	2.0519736953856806e-07	2.8416096519077345e-07	-0.0009972311608374	-3.0196475597699915e-05	9.118271385224863e-10	9.94469988145108e-07	-0.0008677332566202	2.270294750999829e-07	7.529610046446979e-07	5.154238256417376e-14
548.3333854474365	0.4454971584697205	300669.50159624696	0.1984677182045952	636.9995188219793	1.4190703644148923	405768.3869794332	2.013760699160616	528.8985537460873	-0.116156441824728	0.0134923189773814	279733.68015470274	530.6806850010483	471.5085059833015	1.069048	18.168991	0.062382521153509	0.0383827617809056	0.0740929796	0.0805862805	0.0104389909	-0.0067822443	-0.020875704	0.1176187939	0.0665431881	0.0074702711	0.1398272641	0.1625508814	-0.0186128738	-0.076120398	-0.0384084626	-0.0335007121	0.0941630011	-0.0477535571	0.1381313017	0.0922575543	0.040210948	0.1999537617	-4.11846e-05	0.014375786	-0.0964362538	0.1453916713	-0.0904122618	0.0554495687	-0.0086302217	-0.0215540915	-0.0264335946	-0.0207615758	0.154905482	-0.0624153674	-0.006046828	-0.1545363639	0.0858046577	-0.0296457658	-0.1057675707	0.0920924236	0.0739210001	0.002513626	-0.1835274475	0.1761027695	0.1430202255	0.013870363	-0.1126676612	-0.0090274037	0.0003403367	-0.0362515233	-0.1171979232	-0.0041031091	0.0451173202	-0.0995298049	0.1474214738	-0.1130492339	0.0919830729	0.0299626986	0.0529117569	-0.086512159	0.0430620531	0.1333127077	0.018340169	-0.0540269754	0.1333427864	0.0206702296	-0.095994149	-0.0637462928	-0.0178473671	0.0510443132	-0.0507526961	-0.0266362869	-0.0554485049	-0.0755021826	0.0027513461	-0.0694103133	0.0801670366	0.1093444934	0.0509800004	0.0061834939	0.118367134	-0.0203761261	0.0673575396	-0.0407687972	-0.048796897	0.0278652353	-0.1250197557	-0.0051455262	-0.0375315639	-0.0142199386	-0.1398827291	0.0619007294	0.0211207064	0.1144245324	-0.0830671827	-0.0956149719	-0.0967896343	0.0225108206	-0.0264602437	-0.1575775124	0.0886164881	0.0045117569	-0.0474206018	-0.077038076	0.1104844722	0.0	-0.0554762935409627	5.08152921838978e-05	0.003077619145043	2.5821939197349046e-09	0.1399493082939358	0.0056566586042805	3.1997786565381504e-05	0.019585808891951	-0.0533496593910882	-0.0282674183706745	0.0007990469413427	0.0028461861571451	0.0003988787508521	-0.0001341887544328	1.8006621816253135e-08	1.5910425788133167e-07	-0.0014311736979777	-0.0004339425371403	1.8830612553976065e-07	2.0482581537831646e-06	-0.000867711970466	2.1286154200058676e-08	7.529240636899883e-07	4.531003606286754e-16
547.9084931835465	-0.4248922638900012	300203.71690266446	0.1805334359135704	635.3373333284225	-1.6621854935568765	403653.527120871	2.7628606149909163	528.6978514705386	-0.2007022755486787	0.0402814034104177	279521.41814956366	530.9175324590232	476.1311335145681	1.007228	17.11833	0.0737637615951083	0.0470657999655607	0.0832806431	0.1024004047	-0.0117522493	0.13413776	0.0949034559	-0.0182775349	0.0232595826	-0.0093070733	0.0402502097	-0.0052237205	-0.1721430493	-0.0376990031	-0.0863248705	-0.1047729329	-0.0393622953	-0.0489945538	0.0704523824	0.0864457185	0.079008801	-0.1036933554	-0.0538212827	-0.0051365918	0.111362163	-0.019971389	-0.1087709555	0.0144263315	0.0050938841	-0.0037202062	0.1088892706	-0.0062349447	0.0511601147	-0.0547933441	-0.0155901623	0.1458650997	0.180355339	0.0400818408	0.0322162694	-0.0893519251	0.0455122875	-0.069473396	0.0207799478	0.0724377979	0.0319694706	0.0628376515	-0.0740474264	-0.1179992361	-0.0371974708	-0.0960857123	0.0617076247	-0.0092769773	0.1394209084	-0.0530528943	0.0049908372	0.0601936793	0.0364515194	-0.0435837172	-0.0115005728	-0.1024363161	-0.0248885838	-0.0965833646	0.0156134956	0.0926434453	0.0419496971	-0.0041088674	-0.1196279706	-0.0531651431	-0.0154772262	0.0868489808	-0.0995411763	-0.0162436282	-0.0791839819	-0.0411402125	-0.0198555115	-0.0236471638	-0.0379726138	-0.104937973	0.0474559424	0.1128855318	-0.0294799183	-0.061832734	0.0134947102	0.1186915571	-0.042885635	0.0124918925	-0.0685642036	-0.1381649261	0.0314677877	0.0358271439	-0.0160900715	0.008839841	-0.0349154056	0.0294553176	-0.0900840544	-0.0353981159	-0.0379610201	0.0612893096	0.1191586557	0.1324461139	-0.0387431112	0.0156428357	-0.0496386907	-0.0733216609	0.1124677771	0.0	-0.0504586830612652	0.0050176104796975	0.0025460786962772	2.5176414925970204e-05	0.1800042246018307	0.0400549163078949	0.0016043963204324	0.0324015208745063	-0.0400711662859123	0.0132784931051758	0.0001763183791442	0.0016056983675132	0.0001569073955459	-0.0002419713553061	5.8550136788719264e-08	2.4619930776997526e-08	-0.0013650702265177	6.610347146000003e-05	4.3696689390630386e-09	1.8634167233250845e-06	-0.0008678919777466	-1.8000728060007468e-07	7.532364850369048e-07	3.240262106903402e-14
546.693487504696	-1.2150056788505026	298873.7692800472	1.4762387996389703	632.8407198149582	-2.49661351346424	400487.3766559145	6.233079035612257	528.386309487479	-0.3115419830595556	0.0970584072086804	279192.092053798	530.3392324013638	468.6029940009757	1.111109	18.883842	0.0567348548164963	0.0361379636697791	0.0755214284	-0.0706416351	0.0078923064	-0.042301377	-0.0578953814	-0.1492754529	0.0289233671	-0.0369503531	-0.1125312492	-0.0152053755	-0.0190005947	0.1606194325	-0.126603162	0.0293173049	-0.1501484486	0.0679561144	0.0474709215	0.0192686955	0.0396485155	-0.0603775534	-0.1152412389	-0.1061582761	-0.0477952737	-0.0669754081	-0.0021769686	-0.3240258069	-0.0287527353	0.0777366935	0.0328756295	0.0876912157	-0.0252192062	-0.1149512586	0.0681587394	0.0543216568	-0.0944248009	-0.1388884686	0.1100749982	0.0802217446	0.117574878	-0.0683556575	-0.0581921206	0.0170363821	-0.0362137221	-0.1161792509	-0.0280375743	-0.0505847776	0.034486814	0.0747982708	0.1200580171	-0.0483547402	0.0690155688	0.078457569	0.0597630183	0.0124354143	-0.0368445464	-0.0031166944	-0.2251781663	-0.0355424496	0.0542633995	0.0199393719	0.0470925746	-0.0572077796	0.0747586392	-0.1521173599	-0.127902366	0.119537674	0.0434575793	-0.0696463599	-0.0216483493	0.0952015071	0.0473985633	-0.0909708853	0.1252537662	-0.0123085926	-0.2048548993	0.0275906631	0.0435344247	-0.047916955	-0.1085056982	-0.0708754197	-0.1329209085	0.0023380431	-0.0099453255	0.0159412917	-0.0353838083	-0.0740743017	-0.0199475028	0.122412375	-0.0145250789	0.1527546849	-0.0176967121	-0.1064345179	0.0273905898	-0.0225830232	0.0639275546	-0.0195584997	-0.0172047427	0.0391906213	-0.0239996056	-0.0064384258	-0.0518347133	-0.0694748826	0.1140012473	0.0	-0.0554015606623323	-0.0049428776010671	0.003069332923822	2.443203897913089e-05	0.1466270015913551	-0.0333772230104755	0.001114039015891	0.0214994775956712	-0.0312863458671586	0.0087848204187536	7.717306978975189e-05	0.0009788354377194	0.000157990673136	1.0832775900999978e-06	1.173490337212859e-12	2.4961052797966398e-08	-0.001173568044942	0.0001915021815756	3.667308554825232e-08	1.377261956108988e-06	-0.0008679051943048	-1.3216558199962735e-08	7.532594263012526e-07	1.7467741065300228e-16
545.6328802589078	-1.0606072457882192	297715.24001963163	1.124887729818472	632.1590253457256	-0.6816944692326388	399625.0333260577	0.4647073493823691	527.7186552115849	-0.667654275894165	0.4457622321197618	278486.9790583236	529.3147721974964	458.4406444297067	1.016904	17.28278	0.0399863695241127	0.0256593983825705	-0.0012511139	-0.0932828954	-0.0541821967	-0.0990034275	-0.0771891027	-0.0055379111	-0.1159508696	0.0868573255	0.087581239	0.0689142519	0.0685370989	0.1853533481	-0.1131237175	0.0905957163	-0.0135203758	-0.0316200714	0.01344696	-0.1921212998	-0.0621607421	0.0197550428	-0.0495217997	-0.0988079675	-0.0777697321	-0.0288957363	-0.0765364484	-0.0188640772	0.0148593215	-0.0181599458	-0.1047207372	0.0076469945	-0.1189546842	0.0491330653	0.0377297324	-0.0141830854	-0.0048732558	0.0283835302	0.0405880253	-0.0518508136	-0.0255818946	0.1222148943	0.0688420177	0.1882530297	-0.0017148267	0.0593455119	0.0787843857	0.0564940809	-0.0887868421	0.0941090201	-0.0527624077	-0.0558167531	-0.1279044626	-0.1084257682	0.0192402652	0.0002741064	-0.0299678001	0.0096422688	-0.1783856015	0.0556507539	-0.0336900277	-0.0542131692	0.0281490046	0.1070144511	0.0351225769	0.0219508185	-0.0501912709	0.000923214	0.0217637946	-0.1757647201	0.0905984814	0.0028498026	0.0967427204	-0.0117671359	0.0786893685	0.0052155175	0.0319939596	0.065352741	0.0258556653	-0.0685435212	0.1057014389	-0.0683483945	-0.0448669871	-0.1077484931	-0.0929929763	0.0502529203	0.0469753451	-0.1226265061	-0.0050313546	0.0970517125	0.0404218681	0.0148962449	0.0035111456	-0.0200133055	-0.0458733739	0.1348519066	-0.1885923456	-0.1071198733	0.0126491458	-0.1367265479	0.1460686113	-0.029535926	-0.0540076933	-0.0655045805	0.1150787493	0.0	-0.0554769318958534	-7.537123352109598e-05	0.0030776899725771	5.6808228424915835e-09	0.1259704774590062	-0.0206565241323489	0.0004266919892303	0.0158685611912499	-0.0346670452106963	-0.0033806993435376	1.142912805139623e-05	0.0012018040236404	0.0002178788894263	5.988821629029998e-05	3.586598450433752e-09	4.7471210457637855e-08	-0.0014310964413839	-0.0002575283964419	6.632087497393645e-08	2.0480370245416625e-06	-0.0008678463107429	5.88835619000144e-08	7.531572190700621e-07	3.4672738620328264e-15
546.0660470446877	0.4331667857799175	298188.1277350111	0.1876334643029049	632.4540628893621	0.2950375436365675	399998.1416652613	0.0870471521550994	527.9045729296548	0.1859177180699589	0.0345653978923407	278683.23812004126	529.8160232980165	458.4417686598885	1.118696	19.012779	0.0656359123307785	0.0513854394559596	-0.0447490565	0.0265968094	-0.1148263521	0.0991617552	0.0692886074	0.0185249662	-0.111823676	0.0722741903	0.0409625037	0.0685623878	-0.1608754329	0.0579623563	-0.0878044091	-0.0698064128	0.0631317167	-0.0705561512	-0.0067965243	-0.0415489207	0.0431309622	-0.1402433698	0.0479329309	-0.0066487289	-0.0580789508	-0.0092277545	0.1004265975	0.1062984509	-0.060707048	0.0468542335	0.1022428252	0.2188200973	0.0591716165	-0.0117399608	0.0946968882	-0.1313464445	-0.0072257979	-0.1259765521	-0.0519226387	0.0386560194	0.0722067482	0.0761927351	0.0328007826	-0.0492657345	-0.1833871525	0.0185573115	-0.0390146977	0.0253789817	0.1368856694	-0.076245801	-0.0080088602	-0.0087916178	0.0704585702	-0.0473760411	-0.0717636564	0.1106209045	0.0871943059	0.1176453907	-0.079190838	-0.0144736327	-0.0200859611	-0.0315994216	-0.0605445394	-0.0626708665	0.0576615297	0.2108198167	0.051347119	0.1192979648	0.0901389489	-0.0966791657	-0.0062897374	-0.0087453338	-0.1148421912	0.0343059465	0.0778306506	0.0644945564	0.0560540229	0.1290503919	0.0228536002	0.1040005559	0.0237818752	-0.0848509323	0.0404776485	0.1024586912	-0.1353871165	0.0317737313	0.0250957243	-0.1152963344	0.0260959047	0.0187139031	0.0702245322	0.0829616464	0.0513952292	-0.0662661504	0.0270749625	0.1141458251	0.0405165806	-0.0846575914	-0.0337818009	0.0944063712	0.0086431973	-0.0263837272	-0.0561566646	-0.0614178136	0.1156959735	0.0	-0.0555654397141012	-8.85078182478044e-05	0.0030875180906214	7.833633890986378e-09	0.1679878954758038	0.0420174180167976	0.0017654634167983	0.0282199330263895	-0.0346130351588982	5.40100517981007e-05	2.9170856952335212e-09	0.0011980622029111	-0.0001996579498867	-0.000417536839313	1.7433701218348997e-07	3.9863296952960015e-08	-0.0014309075792879	1.8886209600019709e-07	3.566889130558766e-14	2.0474965004635577e-06	-0.0009196401382126	-5.179382746970003e-05	8.4573798381169e-07	2.682600563961053e-09
546.1181929488026	0.0521459041149228	298245.0806696656	0.0027191953159627	631.9523311044978	-0.5017317848643188	399363.7487884089	0.2517347839431351	527.7901998758316	-0.1143730538232148	0.0130811954408479	278562.49508497026	529.4444265643803	456.0218710720219	0.9874480000000002	16.782156	0.0336251589632703	0.0196391651294955	-0.0195181236	-0.0588973842	-0.1122560948	-0.0535713116	0.0083274994	-0.1041649983	-0.0484690407	0.0774108322	-0.0887812198	0.1798138564	-0.0481010312	-0.0416745263	0.0856305532	-0.0659930378	-0.1691922517	0.0543161099	-0.0267772376	-0.0269624908	0.0779308392	0.0375705934	-0.0712856199	-0.0128386407	0.002959977	-0.0442078781	0.2020502138	-0.1200025918	-0.1622789028	-0.0772829032	-0.0748147274	-0.0308602737	-0.0097195496	-0.0422458762	0.1363391419	0.0281997546	0.0403542589	-0.1478146988	-0.1279931493	0.0565882331	0.019350832	0.0139845825	0.0494788333	0.0025794482	0.0913794208	-0.0719028507	-0.0931217135	0.1184916115	0.0259831001	-0.0239460029	0.1384287781	-0.0973449691	-0.0055118828	0.0724501962	-0.0104452696	-0.1320080775	0.0255224882	0.1090483519	-0.0881883343	0.0385940941	0.0152520503	-0.0071711633	0.0463875712	-0.0874760015	-0.0822073801	0.0787438786	-0.0747246139	-0.0923239482	0.1771927827	-0.0391136558	0.1026159526	-0.0145921106	-0.0593568675	0.0326278941	-0.0243703092	-0.1037004284	-0.0578460256	0.0168632054	0.0395900975	0.0277112819	-0.1273625057	-0.0382771824	-0.1607784662	-0.0152303651	-0.0108201494	0.0137953114	-0.0583901798	0.0368704021	0.023606447	-0.0001223428	0.0019901418	0.0956997721	-0.0267836502	-0.0621950347	0.1298612824	0.1268039203	-0.0242491227	-0.119676023	0.0528700443	0.1151744316	-0.0026326348	0.0691542328	-0.0582806721	-0.0572218481	0.1158504512	0.0	-0.0548655510211233	0.0006998886929779	0.0030102286888514	4.898441825583131e-07	0.1852074309158098	0.0172195354400059	0.0002965124007696	0.0343017924664344	-0.0346267364358823	-1.370127698410023e-05	1.8772499099503468e-10	0.0011990108762	6.237892262824657e-05	0.0002620368725149	6.866332255741437e-08	3.891129988260772e-09	-0.0014310286361958	-1.2105690790011232e-07	1.4654774950336278e-14	2.047842957612412e-06	-0.0008679573965694	5.168274164320003e-05	7.533500422595307e-07	2.671105783757762e-09
547.2625290072721	1.1443360584694346	299496.2756554353	1.3095050147133611	634.5976445866727	2.6453134821748563	402714.170514953	6.997683418976064	528.1982151099613	0.4080152341297207	0.1664764312819308	278993.35444534896	530.4037125897936	461.4701118691023	1.111944	18.898039	0.0620882539963247	0.0439700771621259	0.0098950603	-0.133670979	-0.0008545899	0.0317233963	-0.1362701402	-0.0240058453	-0.0434525977	0.0402225018	0.1352448296	0.1158462208	0.0427520881	-0.0572083717	0.0740669508	0.1072101785	-0.0007076964	-0.0829291331	0.037786693	-0.0311692977	0.0416668098	0.032564683	0.1162673162	-0.0044666563	0.0322144818	0.0329226007	-0.0072274098	-0.0517690867	0.1197146787	-0.1119304185	0.0902899408	0.0511559805	0.0645649361	0.0258281617	-0.0789145727	0.0533687033	-0.2068560915	-0.0948593698	-0.0863761905	-0.0931756524	-0.0859058969	0.0461986223	0.0982480408	-0.023980793	0.0237185613	-0.0051807621	-0.1581681964	-0.0028473128	-0.0365486142	0.1183821511	-0.015482558	0.0090823958	0.0041626391	-0.1195610734	0.059681812	-0.0601042933	0.0745179755	0.0820497755	0.0336582257	0.0033994532	-0.0293154057	0.0181837622	-0.0383593484	0.0597939151	0.1171446001	-0.0078586397	0.1214394707	0.0087475226	0.0438534914	-0.0909920113	0.0401247865	-0.1096045942	-0.0282354318	0.0684629051	-0.1770382168	0.0438605931	-0.0290723703	0.0073548664	0.0610886307	-0.1353473161	-0.0216841593	0.0074890644	0.0651099733	-0.0893755973	-0.0292315078	0.0153872825	-0.0606524795	0.1056668576	-0.0608971895	-0.0565919753	-0.0965732289	0.0216493934	-0.0703751872	-0.091741678	0.1668711892	-0.0203942859	-0.0775788277	-0.0359935315	-0.0933892433	-0.0308811999	-0.0445358862	-0.0115242611	-0.0603787714	-0.0529241442	0.1155415645	0.0	-0.0596724132028327	-0.0048068621817093	0.0035607968974496	2.3105924033948048e-05	0.1471365255342078	-0.0380709053816019	0.0014493938365748	0.0216491571462785	-0.034756905247903	-0.0001301688120207	1.6943919622880498e-08	0.0012080424624117	0.0003449220578737	0.0002825431352454	7.983062327433059e-08	1.1897122600782805e-07	-0.001332152622838	9.887601335780002e-05	9.776466017531849e-09	1.774630610534163e-06	-0.0008677701927528	1.872038166000076e-07	7.530251074302316e-07	3.504526894960928e-14
547.7486919596626	0.4861629523904867	300028.62954352127	0.2363544162770346	635.1153091781441	0.51766459147143	403371.4559524496	0.2679766292632825	528.3886453935078	0.1904302835464477	0.0362636928915804	279194.5605807861	529.5758196587045	468.8651331660999	1.201585	20.421518	0.0495549627478334	0.0283282579730735	0.0636237541	0.0230537407	-0.0730532293	-0.0102529231	0.042488431	0.1284914186	0.0673431232	0.1084214564	-0.0416094115	-0.0076903065	-0.1279266994	0.0025728915	0.0895227603	-0.044615889	0.1633355913	0.0929073061	-0.0305727314	0.010640261	0.1623588099	-0.0975303556	0.0007874643	0.0634139257	-0.020377314	0.072361748	-0.0170088156	0.0143657912	0.0397741721	-0.0504512687	-0.1967999295	-0.0093831339	0.0660834682	0.1123866714	-0.0062803624	0.0334448319	-0.0483527875	-0.2599433785	-0.0336889757	-0.0602375126	0.1894980526	-0.0418270433	-0.1370514514	0.0937646515	-0.0735564627	-0.0072026682	-0.0092332136	-0.0706802983	-0.0802043012	-0.0735850542	-0.1336186685	-0.1014072167	0.0525447578	0.0068256276	-0.164141378	0.0355904695	0.0121671245	0.0255455374	0.1153343559	0.086865707	0.0048150294	0.1876725058	0.0798479379	0.0397544327	0.0217504133	0.103879479	-0.0949309404	-0.0078574811	0.0392125862	-0.1718673118	0.003861854	0.0916085314	0.0997477755	0.0566525246	-0.1457563867	0.0233586064	0.0207091931	-0.1853390788	0.0678709393	0.0143833796	0.1053768957	-0.0220289546	-0.0091300755	0.1373812059	0.0516779174	-0.0193771928	0.0657444255	0.0651524307	-0.0831255241	0.0250169918	-0.1606224989	-0.0262167862	0.0429408125	-0.1234140648	0.1015570404	-0.0476085715	-0.1545235458	-0.0364769673	0.0486289116	-0.0046767316	-0.0799210624	-0.0849840515	-0.06245003	-0.0485323432	0.1147705489	0.0	-0.054103106087453	0.0055693071153797	0.0029271460883101	3.101718174541897e-05	0.1403924216278511	-0.0067441039063567	4.548293749973588e-05	0.0197100320505323	-0.047672818948655	-0.012915913700752	0.0001668208267252	0.0022726976665112	0.0007578969176408	0.0004129748597671	1.70548234799656e-07	5.744077377694256e-07	-0.0013118514137497	2.030120908829997e-05	4.121390904468734e-10	1.7209541317570866e-06	-0.0009210068844043	-5.323669165150009e-05	8.482536811201157e-07	2.834145337996899e-09
548.1108162731638	0.3621243135012264	300425.4669156339	0.1311340184287345	636.4616513745539	1.3463421964097506	405083.43367042416	1.8126373098334316	528.8242433752332	0.4355979817254365	0.1897456016832737	279655.0803813879	530.3182206571172	471.7238972037764	1.040475	17.683382	0.080234511270717	0.0564809331734379	0.0834652352	0.0856693428	-0.068257926	-0.1019493953	0.1522397023	-0.064007298	0.145226314	0.072083744	0.0223935452	0.0168487131	0.1092290751	-0.0004012474	0.0071705074	-0.0647098002	0.0011055997	0.0976459471	-0.0782894745	-0.1747420539	0.0772200212	-0.1143468384	-0.0355830356	0.1445051148	-0.0593633368	0.0729283867	0.0580486289	-0.0284512508	0.0660927927	0.0317136537	0.0650213201	-0.145255084	0.0264464545	0.0310400908	-0.1198899833	0.1005362408	0.0256258636	-0.1288201572	0.0168913408	-0.0172005041	-0.1463791463	-0.0063994805	-0.0189374297	0.0262506083	0.0114630906	0.0779841882	-0.1322248162	-0.0051784231	-0.1160097177	-0.0793250067	0.0547781852	-0.1776724581	-0.1006920997	-0.0586967997	-0.1500007145	0.0040636482	-0.073772698	-0.0411669977	0.0935838604	-0.015888555	0.065258272	-0.0224276646	-0.0894432278	-0.0859529674	0.0793217875	-0.0231808192	0.0249391461	0.0437051054	-0.0511101783	-0.0495433649	-0.0955998438	0.020020197	0.0439168418	0.0263565135	-0.1339693779	-0.0949708972	0.0149957611	-0.1325709229	0.0585159812	0.1161170502	0.0043405244	-0.0247267485	-0.0730899594	-0.1176129475	0.0204987796	0.0207655453	0.1501187613	-0.0206631433	0.0629972134	0.0195210569	-0.1002134416	-0.0304565569	0.0047839027	0.049510559	-0.0530025077	-0.1332957634	-0.030850303	0.0189035578	0.0320470835	0.0359732363	-0.0582005847	0.0351945554	-0.064493527	-0.0440542534	0.1135404882	0.0	-0.0555778043046899	-0.0014746982172368	0.0030888923313304	2.174734831921687e-06	0.1844469348028639	0.0440545131750128	0.0019408001310873	0.0340206717581719	-0.0489618480011273	-0.0012890290524723	1.6615958981176392e-06	0.0023972625596854	0.0002374717330114	-0.0005204251846294	2.708423727965451e-07	5.639282397943766e-08	-0.0012171037683774	9.474764537229992e-05	8.977116303595111e-09	1.481341582998468e-06	-0.0008678542978861	5.31525865182e-05	7.531710823593757e-07	2.825197453574736e-09
547.4427545417785	-0.6680617313852508	299693.56950029	0.446306476941459	634.8524926722735	-1.6091587022804106	403037.687452199	2.589391729124775	528.5375664234161	-0.2866769518170713	0.0821836747031274	279351.95912078704	531.0214935890295	469.9593990919629	1.126658	19.148098	0.0389872854986478	0.0193597019301935	0.0843058716	-0.0588122675	0.0007168631	0.1398380156	-0.0334838893	-0.1462102351	0.0138323769	-0.0062566932	0.0922141357	-0.1939994398	-0.068751052	0.0186771197	-0.0281765588	0.0639242742	-0.0983196725	-0.1323489606	-0.0026191104	-0.0700081171	0.0882081681	0.0052585982	-0.0178742281	0.0937249766	0.0267043016	-0.0305856034	0.0545034482	-0.029297901	-0.0008315826	0.0137711691	-0.0065553892	-0.0671094757	-0.046511032	-0.0867949688	-0.1055785599	0.0302392936	0.0543972027	0.0473586788	0.1207318416	0.0336933545	0.0312557243	0.0897892651	0.0270825582	-0.0265569295	-0.060327006	-0.0884063173	-0.0578856178	0.0890743966	-0.0811562559	0.0772692457	0.1307363833	0.0120212833	0.0709495033	-0.1237987007	-0.0775569041	0.006326223	-0.0404593388	-0.0637660158	0.0107812725	0.0997325803	0.042096653	-0.0584639569	0.04502976	-0.1037821131	-0.0358413585	-0.0074057564	-0.0568542571	-0.0024618562	-0.0477084375	-0.0504894088	-0.0245082237	-0.0703239956	0.0618465709	0.0786160201	-0.0046390165	-0.0170271254	-0.0601836942	-0.0217459475	0.0628738953	-0.030141086	-0.1109197459	-0.0072324304	0.1186892588	0.0133437321	-0.0595378899	0.0031735821	0.1198183275	-0.0073275897	0.05580128	0.0483379236	0.0271480866	0.0314972795	0.0983639981	0.1237950594	0.1300795163	-0.0248587388	-0.094463441	0.044003103	0.1038308206	-0.0486391622	-0.0533996721	0.1287069731	-0.066508354	-0.0394978367	0.1118563022	0.0	-0.0533991659595756	0.0021786383451143	0.0028514709251782	4.746465038802384e-06	0.1777102708452389	-0.0067366639576249	4.53826412779635e-05	0.0315809403638881	-0.0347172790890937	0.0142445689120336	0.0002029077434896	0.00120528946735	0.000339879119471	0.0001024073864596	1.0487272801485864e-08	1.155178158523823e-07	-0.0014311493896648	-0.0002140456212873	4.5815527992309047e-08	2.0481885755379298e-06	-0.0008677590199556	9.527793050009836e-08	7.530057167143033e-07	9.077884040381574e-15
547.6823776982758	0.2396231564972595	299955.9868412368	0.0574192571297101	634.562049076475	-0.2904435957984788	402668.9941281346	0.0843574823403501	528.7113597393036	0.1737933158874511	0.0302041166471553	279535.7019173833	530.8157142007086	470.5026912518605	1.087146	18.476587	0.0389671502221097	0.0241193958911846	0.0514634543	-0.0925372547	-0.0097675343	-0.0839281032	-0.1433630139	0.0325596788	0.0589209961	0.0950508305	-0.0380823061	0.0343481205	-0.0207325743	0.0569613578	-0.0179263352	0.1139959653	0.0815240862	0.0953341233	0.0086522391	-0.0701688908	0.0789615956	0.0283431944	-0.0301534502	-0.0772029684	-0.0506571059	-0.0480476327	0.0144149366	-0.0213925037	-0.0246970664	-0.0520200238	0.0882061482	-0.1061615198	0.0322971782	0.1426523918	0.0200218002	-0.0833438756	0.115989595	0.0444772084	0.0422281129	0.0754706837	-0.0097386075	0.0096383403	-0.0619427014	0.0766596468	-0.0533115636	0.0047016497	0.0508938715	-0.0606103731	-0.0109143223	0.1001748158	-0.1003935244	-0.1138705459	0.0784983127	0.0605710523	-0.0241574352	0.0483424998	0.0199841126	-0.0817590293	-0.1093581081	-0.0090108006	0.0498043871	0.0399613096	0.0015761624	-0.0896553812	-0.0497405913	-0.1137849382	0.0438120233	-0.0750253628	-0.0312112267	0.0048568905	-0.1669768558	0.023753567	-0.0015923142	0.0829301516	0.1225613208	-0.1228708454	0.0845553759	-0.0268815976	0.0655779291	-0.126734902	0.0697901769	-0.0061644257	-0.0425010218	0.0805815112	0.0919958059	-0.0008664033	-0.0102712109	0.0950182098	0.1119526644	0.026627397	0.0341706778	0.0018211465	0.0897375188	-0.038119313	0.0631522356	-0.1524997157	0.119357245	-0.0748970766	-0.0753277844	-0.0734213021	-0.0831045886	0.0387005419	-0.0684936154	-0.0348711943	0.1097247271	0.0	-0.0579336163870465	-0.0045344504274709	0.0033563039076814	2.056124067919104e-05	0.1755891975728616	-0.0021210732723773	4.498951826793417e-06	0.0308315663042814	-0.0347725120292352	-5.523294014150165e-05	3.0506776766747046e-09	0.0012091275928233	0.0005950484519323	0.0002551693324613	6.511138822874545e-08	3.540826601470268e-07	-0.0010412588132593	0.0003898905764055	1.520146615698131e-07	1.0842199161901656e-06	-0.00086769105718	6.796277559999175e-08	7.52887770710146e-07	4.6189388672548345e-15
547.6766351455993	-0.0057425526764518	299949.6966844059	3.297691124182432e-05	635.9956408972027	1.43359182072777	404490.4552402437	2.0551855084575625	528.3128879070282	-0.3984718322753906	0.158779801116907	279114.50752866414	530.1528488479668	471.9810182984272	1.135945	19.305937	0.0607824852776255	0.0307631165994887	0.0455771254	0.1049194736	-0.0539651733	-0.0170805481	0.0618752908	0.0739104932	0.0152984256	0.0353061637	0.1266637952	0.0029771933	0.0136587811	0.0789244485	0.0297714437	-0.0667709522	0.0470890808	-0.0747093584	-0.0861048883	-0.1131076966	0.0732168191	-0.0241567334	0.0584886324	0.0275148833	-0.0198733174	-0.0768323028	-0.102666787	-0.1193099696	0.1910422999	-0.0074926995	-0.0950577748	-0.0501584392	-0.0786868397	0.0859158448	0.0918644429	-0.155894213	-0.0722646775	0.1245954414	-0.031196388	0.1218821835	0.0109937426	-0.0065576579	0.0013795109	-0.0859119904	0.0059988478	0.1378500893	0.1538022506	-0.1091881852	-0.0606044042	-0.0790818699	-0.0761713336	-0.0135365349	-0.0452879717	-0.1076544247	0.0185607209	0.021801393	0.0791615297	-0.1201326802	-0.0403118187	0.0829765556	0.0853964258	0.0237653838	0.0824772848	0.0973857162	-0.0729187833	-0.1060901816	0.1667910288	0.0138727933	0.0787985027	-0.0918369794	0.0608018027	-0.0337489701	-0.0842323102	-0.0550031481	-0.0908958936	-0.1956787449	-0.0834652084	0.1126785235	0.0506730295	0.0546648857	0.1027273269	-0.0290623338	0.0490643657	-0.0712730821	-0.0486495479	0.093183397	-0.0410783322	0.0944796931	0.0354561059	0.0913596697	-0.0463458522	0.0357718064	-0.0159811845	-0.0064181164	-0.089369187	0.0702438593	0.0627275224	-0.1181224705	0.1481571901	0.0287492144	0.0540176673	-0.0236706902	-0.0704484286	-0.0301825523	0.1071542885	0.0	-0.0495523536624489	0.0083812627245975	0.0024554357534884	7.024556485872914e-05	0.1571849441982777	-0.0184042533745839	0.0003387165422758	0.0247071066826156	-0.0564483937764492	-0.021675881747214	0.0004698438495192	0.003186421159941	0.0006724628481818	7.741439624950005e-05	5.992988746674607e-09	4.5220628218477866e-07	-0.0011018287964121	-6.056998315279996e-05	3.6687228591304707e-09	1.214026696602937e-06	-0.0009761284264023	-0.0001084373692223	9.528267048306304e-07	1.1758663043853428e-08
547.3946476929585	-0.2819874526408057	299640.9003228982	0.0795169234468506	633.7148168278836	-2.280824069319124	401594.4690671981	5.202158435185447	528.5630335467202	0.2501456396920503	0.062572841056945	279378.8804321113	530.7277413571868	470.7089331529648	1.006258	17.101852	0.0975098354464394	0.0559018440180465	0.0280887039	0.0430870606	-0.0801249634	0.0582131426	0.1095252656	-0.0710727837	0.0123685651	0.0458537691	-0.0399457847	0.0045192929	0.0046425926	0.0502051393	-0.0416663112	-0.0961705482	-0.0499360148	0.077879154	0.060846079	0.0696958573	0.0917849478	-0.064675099	0.0498507865	0.049060447	0.0560935983	0.1807957227	-0.0623961914	-0.0926077918	0.0065868074	-0.1248751927	-0.111680861	0.1015303174	-0.0940981289	0.0348457075	0.0248749339	0.0196852406	0.0393235181	0.0361947779	-0.1752136931	-0.0558812962	-0.0651950255	-0.0256485133	-0.0697389016	0.0356318497	-0.1545369989	-0.0405762817	-0.0242390285	-0.0733849252	0.0618720963	-0.0712327039	0.0927558116	-0.0540289504	0.0551300619	0.049747169	0.0436814228	-0.0022472495	-0.0132981405	0.0096319432	0.1207434576	0.0289240348	0.0371647874	-0.0255070024	-0.0670977238	0.1568996195	0.1503301732	-0.0573224401	-0.0111159736	-0.0958823857	0.021418438	-0.0825041789	-0.0574645031	-0.005348134	-0.0604897285	-0.051433533	0.0665314791	-0.0928539032	-0.0151882015	0.1354541566	0.0560561374	0.0838819155	-0.0520589367	-0.0431824304	0.0131516178	0.0803128401	0.0479751466	0.038754111	0.0572967083	0.0527379806	0.012871102	-0.0473735986	-0.1412856911	-0.0568350841	-0.0721132013	0.0384565239	-0.0316693127	0.0487631577	0.0273074385	0.0856578115	0.008170535	0.0606983595	0.038705366	0.2030569677	-0.0723719246	-0.0254402467	0.1041552675	0.0	-0.0543288342432219	-0.0047764805807729	0.0029516222302274	2.2814766738501563e-05	0.1966444549959334	0.0394595107976556	0.0015570529923903	0.0386690416806476	-0.0348048985083835	0.0216434952680657	0.0004684408874187	0.0012113809601788	0.0002183737299624	-0.0004540891182194	2.061969272852723e-07	4.76870859376912e-08	-0.0012671101363348	-0.0001652813399227	2.7317921326643104e-08	1.6055680976023951e-06	-0.0009893649442591	-1.3236517856799889e-05	9.788429929288118e-07	1.7520540497338232e-10
547.6313157900205	0.2366680970619654	299900.0580339091	0.0560117881669319	634.7589215684211	1.0441047405374777	402918.888510705	1.0901547092128332	528.5384919813702	-0.0245415653500913	0.0006022884298328	279352.9375059409	530.4679538277234	467.127082872476	1.174146	19.955194	0.0796464631826374	0.0446855371674459	0.0570376959	-0.1280107338	0.0118772358	-0.0482437097	-0.1072132105	-0.0755837317	0.0182276606	0.0216513263	0.0189394815	-0.0334035169	0.0957373723	0.0157729658	-0.0488840076	0.1309014872	-0.0159060466	-0.0215694434	0.0192388943	-0.0117517396	-0.0222650306	-0.1238029066	-0.0339352844	0.0070932146	-0.0101797643	0.1779969298	0.0471532306	-0.020608031	-0.1791749955	-0.0327009866	0.0051654605	0.0618194317	-0.0541469965	-0.009680508	0.025120606	0.1722211885	-0.0758448829	0.0194108351	0.0625898271	0.0719108555	0.0936877557	0.0698770049	0.0398689412	-0.1649213828	-0.0513365009	0.0150101261	0.0398524299	-0.0455696415	0.023252971	0.1340356263	0.0560640397	-0.040612929	-0.0351958738	-0.0160938776	0.0062373989	0.015005144	-0.1113049984	0.1094958648	0.0234622141	0.0660202966	0.0980256172	-0.0119681758	-0.0717328428	0.0088838599	-0.036599004	0.0318163398	-0.0485521677	-0.1062062312	-0.0480293073	-0.0869260507	-0.0139076209	0.0906895042	-0.1131373299	0.0254392408	0.1519260247	0.1595055995	-0.0267026322	0.0549939425	0.05862112	-0.1012029395	-0.0524936435	-0.026743018	-0.007714085	-0.1321337802	0.0517897101	0.0246660317	0.1772951022	-0.0341266136	0.0535125956	-0.0521660182	-0.0293388906	0.0213364362	-0.0076826157	0.1379791421	0.0766439479	0.0808585435	0.1063848059	-0.0535332629	-0.0134298703	0.0124015222	-0.0071760133	-0.0841141392	-0.0742632484	-0.0206527093	0.100739659	0.0	-0.0606458501005562	-0.0063170158573343	0.0036779191344191	3.990468934181304e-05	0.1696634369841092	-0.0269810180118241	0.0007279753329543	0.0287856818492607	-0.0346833385194145	0.000121559988969	1.4776830918144411e-08	0.0012029339708523	0.0007439475245514	0.000525573794589	2.762278135586804e-07	5.53457919286156e-07	-0.0009929154312851	0.0002741947050497	7.5182736277292e-08	9.85881053684076e-07	-0.0011141338311106	-0.0001247688868515	1.241294193625183e-06	1.5567275126162452e-08
547.7862662379489	0.1549504479283996	300069.793478913	0.0240096413132116	635.481957095793	0.7230355273718487	403837.3177942992	0.5227803738418875	528.8723242964063	0.3338323150361475	0.1114440145623936	279705.9354066832	531.3703842875282	470.66748519447066	1.038834	17.655493	0.0342738590060776	0.0185290068521608	0.0291626658	-0.0219244293	0.0320153084	0.1009305259	-0.0570945078	0.0498634113	0.0086451322	-0.0255579179	0.0561140346	-0.1359224657	-0.1282115816	-0.0266971484	-0.0216544296	0.0820414268	0.0691588476	-0.0848915566	-0.0689665135	-0.0009576603	0.1507248569	0.0016227637	0.0530430348	0.0696029936	-0.1212390732	-0.0814452621	0.0033970255	-0.0097550486	-0.0196946276	0.0743140467	-0.1145969605	-0.0695956173	-0.0374666034	-0.0813112346	0.0045128791	0.0055440504	0.1455637025	-0.0008359471	0.0483293664	0.0620291798	0.0864958036	0.0164981026	-0.0131995288	-0.1399076899	0.0430490461	-0.0756843893	-0.0996380064	0.0779886072	-0.0012265661	0.03983614	-0.0630837269	0.0598423877	0.0803198952	-0.0750107864	-0.0954771243	0.0472828218	0.0358484271	-0.0290067974	0.0596903775	0.0766484745	0.0397416103	-0.0817845046	-0.0033891166	-0.0854894993	0.0021657774	0.0875004412	-0.0622709927	0.0356408437	-0.0192905292	0.0278853889	0.0483787711	0.0054438847	0.085857013	-0.0221324659	0.0053280863	-0.0402657427	-0.1970005626	-0.051736954	0.0408230772	-0.0586968015	0.0679542654	0.0406069668	0.1274305586	0.0662647007	0.0435333231	-0.0021496396	0.0542668147	0.0596773783	0.1445741384	0.008929028	0.0679102144	-0.0405319664	0.0246969109	0.0410682852	0.1634876093	0.0400207612	0.0552840042	-0.0225120234	0.0845312584	0.0287051912	0.0136920212	-0.0006828669	-0.0761215592	-0.0158284522	0.0969211244	0.0	-0.046105327643886	0.0145405224566702	0.00212570123715	0.0002114267933129	0.1729112467255475	0.0032478097414382	1.0548268116581452e-05	0.0298982992441831	-0.0348100861689886	-0.000126747649574	1.6064966672558686e-08	0.0012117420990924	0.0006898060037285	-5.414152082290006e-05	2.931304277016521e-09	4.758323227798834e-07	-0.0012568812946402	-0.0002639658633551	6.967797701680343e-08	1.5797505888164254e-06	-0.0011050656321207	9.068198989899958e-06	1.2211700512943225e-06	8.223223292042263e-11
547.5843370680166	-0.2019291699323275	299848.6062022192	0.0407753896695588	634.3166909053408	-1.1652661904521435	402357.6643611017	1.3578452946108517	528.6642974785397	-0.2080268178666529	0.0432751569517255	279485.93942847784	530.4157334887439	468.4871835043264	1.045639	17.771141	0.0474223454003139	0.0195424829458952	-0.0017048512	0.0699597805	-0.0619412893	-0.0938826155	0.0310175293	0.0914350819	0.0303053042	0.1121162142	-0.0686509689	-0.0641356326	0.0345453129	0.0208379648	-0.09328959	-0.0744763083	0.0618885153	0.0331000302	0.0313599815	-0.0489164802	0.045822482	0.0710781618	0.0774436793	0.0704643296	0.0409243945	-0.027944874	0.0058139891	-0.0358666236	0.0239201917	0.0184092235	0.066088892	-0.0219046159	-0.1457822357	0.0048561809	-0.0438545568	0.1082569152	-0.0831854979	-0.020552891	0.0705878333	-0.0749042825	0.0657553997	0.0239941603	0.1248643818	-0.0209409879	0.1471919941	0.0813030882	0.0184740456	-0.0200675942	0.0889063898	-0.0857412141	-0.0755562907	-0.069391797	0.0039052279	0.0367499405	0.0890054754	0.0378351551	0.0148389702	-0.0234499382	0.0580408603	-0.0925013324	-0.0323738291	-0.1731038819	0.0631366559	-0.1240820705	0.0058299945	-0.0554328664	0.0530563475	-0.0053258387	0.0196258156	-0.1619040535	0.1053560525	0.117884268	0.1069391333	0.042216395	0.0269175453	0.0170976581	-0.0545992708	0.1236529017	0.0508443323	0.058988033	0.0673386109	0.0446689357	-0.0257721169	0.0014155208	0.2285602478	-0.002305327	-0.0834697041	0.0177029389	0.0754202556	0.0222708363	-0.0741589739	-0.0197916076	-0.024255846	-0.0171751766	0.1562629209	0.0402101124	-0.0344691701	-0.0463555882	-0.0058483444	-0.0600320976	0.1348879589	0.0102590156	-0.0779460309	-0.0109760526	0.0927149366	0.0	-0.0535451745941344	-0.0074398469502484	0.0028670857223163	5.535132264312043e-05	0.1796182322267157	0.0067069855011681	4.49836545128803e-05	0.0322627093482503	-0.0457450163140009	-0.0109349301450123	0.0001195726972762	0.0020926065175682	0.000504950104356	-0.0001848558993725	3.4171703532815856e-08	2.5497460788913524e-07	-0.0010777596629574	0.0001791216316828	3.208455893670866e-08	1.1615658910980486e-06	-0.0010222315070983	8.283412502240015e-05	1.0449572541044615e-06	6.861492268226618e-09
547.3704039013113	-0.2139331667052602	299614.3590670847	0.0457673998165406	635.1131466832654	0.7964557779246206	403368.7090899191	0.6343418061895126	528.5156971727099	-0.1486003058297456	0.0220820508926939	279328.84215795563	530.4511908104985	468.8188426132066	0.974488	16.561903	0.0529064557637339	0.0287852125639106	0.0153848747	0.0647674363	-0.0448282187	0.0239838939	0.0677410767	-0.0528972365	0.0567441833	0.0472147867	0.0486551324	-0.0288231872	0.0207941884	-0.0260720282	0.0159727425	-0.0595941982	-0.0590492774	-0.0642907038	0.1161678149	0.0089791034	0.0194918239	-0.023165306	-0.004306579	0.0892648828	-0.0272351737	-0.0409233064	0.0006458714	0.115586036	0.0412538183	-0.0351104499	-0.0308083791	0.0120325566	0.0937778838	-0.0312402267	-0.0366842668	0.009912131	-0.0238274672	0.0066152499	0.2348001978	0.0779696032	0.0078713092	-0.0462352457	-0.0783887909	0.1700436687	0.105356276	0.1129417044	0.1265342113	-0.044832061	0.1148173647	-0.054376997	0.0568670115	-0.0325748656	-0.0165126337	-0.0992597038	0.0837151118	-0.0058152098	-0.0260106634	-0.0144814226	0.0577011915	-0.0778211581	-0.0740855597	0.1191256596	0.0423458758	-0.0445685698	-0.0058943149	0.0001668216	0.013908716	-0.0731307366	0.0137087063	-0.0026910773	-0.0247875771	0.1363778393	0.0896212119	-0.0665271142	0.0083620886	0.0690531684	-0.0006279507	0.0036697249	0.0482822267	0.0733925358	-0.0733415301	0.0471914356	0.1237335586	-0.1324845018	0.1697225985	0.02505548	-0.1261380657	-0.07042553	0.0047934522	0.0545670438	-0.2064583664	-0.0696146861	0.1185991976	0.0058849443	-0.0296330158	0.028657234	0.0080458778	-0.0015378891	-0.0858773456	-0.0540846566	0.0855369192	0.1689668327	-0.0797358525	-0.006104138	0.0881379191	0.0	-0.054419314663221	-0.0008741400690866	0.0029614618084146	7.641208603827258e-07	0.1933102200533056	0.0136919878265898	0.0001874705306434	0.0373688411770574	-0.0371392622951134	0.0086057540188875	7.40590022335984e-05	0.0013793248038252	0.0001368839136262	-0.0003680661907297	1.354727207583455e-07	1.873720580962498e-08	-0.0012605682805486	-0.0001828086175911	3.341899066560559e-08	1.589032389925254e-06	-0.0009784148384359	4.381666866239988e-05	9.572955960715485e-07	1.9199004526705358e-09
547.3768269883778	0.0064230870665369	299621.39072386455	4.125604746431407e-05	635.0416496101467	-0.0714970731187349	403277.8967395763	0.0051118314645457	528.6057084969112	0.0900113242013276	0.0081020384844765	279423.9950555215	531.1583462317877	470.14410717372175	1.160815	19.728626	0.0574173681460115	0.0357358384126099	0.067535498	-0.1111075484	0.082061005	0.0734539052	-0.097066504	-0.08808279	0.0317587936	0.0270902825	0.0400169902	-0.1350760455	-0.0233188194	0.0849774118	0.0879927567	0.1294465792	-0.0457491064	0.0048818964	0.0499239204	0.0363299431	-0.0066502401	-0.0267369169	0.0039297726	-0.0743029256	0.0628687284	-0.0465053921	0.0621254044	0.0184562385	0.201693353	-0.0149954479	-0.0834126574	0.0867438366	0.0255757056	-0.0156926109	-0.1031814645	-0.0150753337	0.0722396039	0.1710448396	-0.0664385048	-0.058544047	-9.6307e-05	-0.0955549981	-0.0378230263	-0.0472095646	-0.0628727285	-0.1522959085	0.0044934794	-0.0988408056	0.0736211562	0.1322246776	0.0341749317	0.0436572351	0.0815433527	-0.0107746849	0.0403433172	0.0279091968	-0.07262484	-0.0733927626	-0.0320796803	0.151603888	-0.1203022834	0.0139687707	-0.1107246773	0.1052840274	-4.51512e-05	0.0209148711	0.0858390287	0.0007905598	0.0289157283	0.0059969969	0.0063150815	0.0330879287	-0.0898758192	0.0698877986	0.0036483209	-0.0651180503	-0.0706145283	-0.0570296584	0.0418036933	-0.1358532865	-0.0525314598	0.0498730482	0.1013010399	0.0790479475	0.1273317422	0.0341864318	0.0194851545	-0.1176585471	0.0376496158	0.0710575351	-0.1120409042	-0.0699210176	0.0294613018	-0.2085493503	-0.038173299	0.1625258932	0.0322283362	0.0130533542	-0.0884374092	0.0420780958	-0.0311611399	-0.0894604341	-0.0814902283	-0.0012213705	0.0832083783	0.0	-0.0506063250834358	0.0038129895797852	0.0025610001384503	1.4538889535550529e-05	0.162445487861035	-0.0308647321922705	0.0009526316933005	0.0263885365264096	-0.0389841395691092	-0.0018448772739958	3.403572156106174e-06	0.0015197631379437	0.0003119506728262	0.0001750667592	3.064837017679078e-08	9.731322227671889e-08	-0.0010681616880379	0.0001924065925107	3.702029684157856e-08	1.1409693917919762e-06	-0.0010288368687244	-5.042203028849984e-05	1.058505302446628e-06	2.5423811384143954e-09
547.569216749028	0.1923897606501441	299832.047131144	0.0370138200030197	636.9145232452744	1.8728736351276891	405660.1099207552	3.507655653156405	528.8646466221128	0.2589381252015528	0.067048952682895	279697.8144467322	530.4600367329084	468.9825350534511	1.241775	21.104582	0.0437548961589041	0.0207862188633747	0.0097642403	0.0523520392	-0.0114204031	-0.1569341194	0.0190606324	0.1454872013	0.1049517755	0.0387104995	-0.0379453856	-0.1339944729	0.1093288856	-0.0798243003	0.0439538647	-0.0184863123	0.1211687596	0.1499552616	0.188125132	-0.0264656645	0.0050884446	0.0986150362	0.0008694618	0.0299692216	0.0381718006	0.0757980674	0.0530932841	0.0527294641	0.1222997603	-0.0362473203	0.0455844133	-0.0171633849	0.054839125	0.0932506072	0.221979084	-0.0627901387	-0.0602333355	0.0373839372	0.0767281713	0.1103862571	0.0168591335	0.0460347092	-0.0092120551	0.0568889474	-0.0037056957	-0.035837634	0.1043720649	0.0108373723	-0.0578895771	-0.0492064985	-0.1646965854	-0.0783965452	-0.0588581553	0.0451338614	0.1513717082	-0.0125668211	-0.0914353465	-0.0503275093	0.0818794212	0.0053910839	-0.0584299707	0.05732283	0.1827314036	0.0740404451	-0.0497344228	0.1128176054	0.045190441	0.0539944718	0.0820722307	-0.1140131603	-0.3058011764	0.1447244728	0.0695768409	-0.0346699603	-0.0139130965	0.0212794236	-0.0309466626	-0.059329723	0.0315328472	0.0049721156	0.132754657	0.0397860077	-0.0209178152	-0.0398540592	0.1994250775	0.0564770174	-0.0398724081	-0.0488075422	0.0263933398	-0.0819487567	-0.1197440454	-0.0104020018	0.0002938052	0.0280159405	0.1450303348	0.0056860481	-0.0010874443	0.101370963	-0.0232852243	0.0609752119	0.0918267271	-0.0716950435	-0.0832083783	0.0036635686	0.0779460309	0.0	-0.0424897705953668	0.008116554488069	0.0018053806052468	6.587845675779303e-05	0.1621033826810674	-0.0003421051799676	1.1703595416066781e-07	0.0262775066766445	-0.0492422137594417	-0.0102580741903324	0.0001052280860943	0.0024247956159305	0.0005604403198566	0.0002484896470304	6.174710468129279e-08	3.140933521209681e-07	-0.0012147594900246	-0.0001465978019866	2.1490915547331693e-08	1.4756406186048265e-06	-0.0009231610717308	0.0001056757969935	8.522263643591593e-07	1.1167374070232533e-08
547.3950315928291	-0.1741851561988596	299641.3206125144	0.0303404686400211	636.1683914359959	-0.746131809278495	404710.2222622625	0.5567126768172004	528.1906772681644	-0.6739693539483369	0.4542346900615386	278985.39155300224	530.7311945885176	466.7590490487906	1.067132	18.136423	0.1026715554643556	0.0522640573682189	-0.0204503214	0.0794665942	-0.0730344245	0.0739171034	0.1004127736	-0.0258955202	-0.0666022738	-0.0150774733	0.0759400959	-0.035072147	0.002505635	-0.0783383204	-0.0159892195	-0.0926700233	-0.0059475172	-0.1268830395	0.1795087632	-0.0018245197	-0.0242748562	-0.0638753107	0.0255813504	-0.1004900037	-0.0924344309	-0.0249416096	-0.0707740301	0.0453671066	-0.0936542297	0.0292449	-0.0065617415	0.0152762288	0.0547853331	0.0692229264	0.0072450886	0.1281418764	-0.0074303329	-0.0491121126	-0.0786227643	0.0788435389	0.0137223134	0.0494878239	0.042983157	0.086478789	0.0633765634	-0.0915442615	0.112389988	-0.0569436055	-0.0249781979	-0.0872444341	0.0585012989	0.0315360988	-0.0063617529	-0.0769461385	0.1332443171	0.0838812139	-0.0303350912	0.0533244446	-0.0664675881	-0.0319012174	-0.0027749699	0.1033548288	-0.0552310605	0.0221004362	-0.1554693311	0.0990716602	-0.072392673	-0.1307349513	-0.0888715018	-0.1017767216	-0.0441871445	0.1444397606	0.0644219791	-0.0346363447	-0.0963743524	0.0245434216	0.0422459231	-0.0835191192	0.0326332477	0.1109255548	-0.0261645891	-0.0035117077	0.1297884493	-0.0284057701	0.0674585783	0.077636434	0.0084776443	0.0191062063	-0.0019574079	-0.0758070125	-0.1367349336	0.0717447903	0.2283123659	-0.0515676741	0.0411012593	-0.0795102349	-0.0288566686	0.004145808	-0.0160209347	0.0463039001	0.1532928294	-0.0110356161	-0.0848895389	0.0085419939	0.0723719246	0.0	-0.0532397304961591	-0.0107499599007922	0.0028344689033036	0.0001155616378686	0.2021720031030582	0.0400686204219908	0.0016054943425215	0.0408735188387029	-0.0324245815193791	0.0168176322400625	0.0002828327541619	0.0010513534867068	0.0003319995531487	-0.0002284407667079	5.2185183894093214e-08	1.1022370329093648e-07	-0.0009141819412474	0.0003005775487772	9.034686282891005e-08	8.357286217028647e-07	-0.0010948496142759	-0.0001716885425451	1.198695677880087e-06	2.9476955641260615e-08
547.7570789084904	0.3620473156612434	300037.8174943621	0.131078258777512	634.3568573874988	-1.8115340484970373	402408.62251454353	3.281655608864067	528.664225765637	0.4735484974725068	0.2242481794584688	279485.86360438034	530.654782930639	468.2402286051851	1.045532	17.769323	0.0240379535674787	0.0194177358617995	0.0063616484	-0.0407610477	-0.0003929705	-0.0079629634	-0.0140836472	-0.0626140059	-0.0341080414	-0.0024721167	-0.0201797726	-0.0772138059	0.0590931566	0.0350241417	-0.0125703141	0.0581987862	-0.0205933217	-0.0227950715	-0.0084482665	0.0461519494	-0.0656989511	-0.0322040562	0.0755673473	0.0919799705	0.0953861522	-0.2411952158	0.104265187	0.0587829349	-0.1015181363	-0.1912971337	-0.0291200792	-0.0526364354	-0.1198900758	-0.0564140024	0.0144546027	-0.1337014923	-0.0719663696	-0.0058082424	-0.0901035857	0.0308219872	0.114559775	0.0158920776	-0.0268338168	0.0078003767	0.1152041578	0.0843192345	-0.0114440242	-0.089256716	-0.054703505	0.0480833707	0.0501346859	0.0426502142	-0.0185082943	0.0669433111	-0.0067841016	0.1600412593	-0.1209752333	-0.0135468275	0.0251555936	-0.0750636148	-0.0393292341	0.0943134169	0.1512556708	-0.1046628832	-0.0839464036	0.0637256255	0.1295424248	-0.1711344627	0.097975584	-0.0145629098	0.1386771687	-0.0964397435	-0.0726325123	0.0086000881	-0.1452749857	0.0271739844	-0.0678109165	0.1064936965	0.0376069838	-0.0129995664	-0.0839949048	0.0101251644	0.0025327688	0.0380764025	0.1754699367	-0.0082669514	0.1393235432	0.0564602014	0.0806459363	-0.0431761617	-0.0652585192	-0.0219976024	0.1715222644	-0.1050685176	-0.0692370365	-0.0672316469	-0.1010463265	-0.0153361378	-0.0031788341	0.0433558604	0.0291024952	0.1151925076	-0.0865329627	0.013405232	0.066508354	0.0	-0.0531209703547688	0.0001187601413902	0.0028218374914322	1.4103971183043521e-08	0.2022976398252751	0.0001256367222169	1.5784585969408928e-08	0.0409243350788767	-0.0511649601216106	-0.0187403786022314	0.0003512017901549	0.002617853144246	0.0003320467964334	4.7243284699983845e-08	2.231927949243727e-15	1.1025507502168376e-07	-0.0009086660500077	5.515891239699978e-06	3.042505616819896e-11	8.25673990436596e-07	-0.0009993491867675	9.550042750840008e-05	9.986987970928634e-07	9.12033165428718e-09
547.8937002826251	0.1366213741347337	300187.506809387	0.0186653998704628	635.9710767022494	1.614219314750585	404459.2104018185	2.6057039961138484	528.9949416433062	0.3307158776692631	0.109372991742551	279835.64828420494	531.0144097540732	469.82288886054897	0.987181	16.777617	0.09084738923584	0.0528205673144115	0.0238580725	-0.0800999095	0.0388524314	-0.0611121294	-0.0473114708	0.0076616485	-0.0041373783	0.0139246427	0.0678637518	-0.0245868604	0.1383193244	-0.0698295947	-0.0101249451	0.1284792852	-0.0508222648	-0.0473387531	-0.0329750429	0.0084562572	-0.0493134958	0.0101688591	-0.0729442221	-0.0050585465	0.009405264	0.1111187485	-0.0693321779	-0.0560387811	-0.0556852598	-0.1284692922	0.0152745988	-0.1311060934	-0.0497660478	-0.077027939	0.0043690142	0.0506765355	0.1102431891	0.1080207705	0.0106752583	0.0810018882	-0.0140250102	0.0034048498	-0.0065932448	0.0103880497	-0.0029638529	-0.12376323	-0.0074691969	-0.1562195101	0.0978653411	0.115963063	-0.0046696267	0.004179177	-0.1388916321	-0.0676716165	-0.0649452057	-0.0101452847	-0.0261441128	0.0392897959	0.02257385	-0.0618288228	0.0847684687	-0.0660999477	0.0429667312	0.1266277908	-0.0068201392	-0.1050017407	-0.0436583344	-0.2450038782	-0.0790415428	-0.0024685442	-0.1009346124	0.071403524	0.0217152687	0.0055637543	-0.0451081116	-0.0845414362	-0.132326276	-0.0091845697	0.0277174318	-0.1067208501	0.0201102966	0.0508899739	0.0674633801	-0.143613925	0.0757986699	0.0309943708	0.1950738579	0.0486393082	0.1432692757	0.0745080512	-0.0058066472	0.0358182731	0.0837181024	-0.0836191505	0.0731397751	0.0957231523	0.0868980272	0.0092641657	0.0548341564	-0.0463885489	-0.0407879776	-0.0455062042	-0.0881379191	0.018244636	0.0603787714	0.0	-0.0530773458885676	4.3624466201201695e-05	0.0028172046465746	1.903094051339789e-09	0.1677700843568317	-0.0345275554684434	0.0011921520866264	0.0281468012050984	-0.059854023158536	-0.0086890630369254	7.549981645966332e-05	0.0035825040882625	0.0009244587793376	0.0005924119829042	3.509519574884862e-07	8.546240346943653e-07	-0.0008400969470396	6.856910296810007e-05	4.701721881849911e-09	7.057628804252565e-07	-0.0012901110261806	-0.0002907618394131	1.664386459872761e-06	8.45424472588894e-08
548.5019671515214	0.608266868896294	300854.40796908864	0.3699885837969013	636.6375364106277	0.6664597083782837	405307.3527669933	0.4441685428916669	529.5781435966492	0.5832019533429502	0.3401245183830327	280453.0101752732	532.1084592768025	475.60124064941954	1.134937	19.288816	0.0580694643820645	0.0344866189500017	-0.01674355	0.0410447133	0.0380263131	0.0623614654	-0.0077596115	0.1503291352	0.0065569035	-0.0190246083	-0.0587436639	-0.1721508155	-0.0499058709	0.0546472683	0.0224394204	-0.0042311701	0.056978011	0.0272916267	-0.0071906147	0.0699204456	0.045827575	0.0893316617	0.1047150017	0.0478354309	-0.0143301681	0.0859631564	-0.0176701999	0.1349203548	0.1455708055	0.0930124314	-0.0066490417	0.0708255253	0.0294011762	-0.01066654	0.0203647823	-0.0161596605	-0.0775777246	-0.0286963967	-0.0472794065	0.0134154881	0.092341792	-0.141843675	0.0138319516	-0.06565766	-0.0540919033	0.0686516023	0.1558942959	0.1144747948	-0.0598139435	-0.0200975935	-0.1220807374	0.101487227	0.0991131555	0.0403452631	0.1190252277	-0.0128036323	0.0154272242	-0.0973343595	0.0885088133	0.137078448	0.0673030927	-0.1060179647	0.0187592281	-0.0696356737	0.1447412307	-0.0237136215	0.1741508637	0.0008296197	0.0879606004	0.0017361299	0.0106117593	0.1261497967	0.0181507654	-0.1534628951	-0.0479648238	0.0728519717	-0.010357355	-0.0466960532	0.0169646746	0.0047031818	0.1202611742	0.0541216508	0.1321631033	0.1090805361	0.1582683325	0.0330510839	-0.0330485485	-0.0187650966	0.1901278195	-0.0614710168	0.1034373813	0.012247199	-0.0761263214	-0.0423022853	-0.0001128767	0.0834487818	0.0344258854	0.1112277658	0.0461892831	0.0339350141	0.0652542547	-0.051999607	-0.0897036946	0.0230516017	0.0540076933	0.0	-0.0418339603123314	0.0112433855762362	0.0017500802354137	0.0001264137192159	0.1873159323487669	0.0195458479919352	0.0003820401737238	0.0350872585116878	-0.0657364049775992	-0.0058823818190631	3.460241586524518e-05	0.0043212749393789	0.0004969584240843	-0.0004275003552532	1.8275655374169762e-07	2.469676752683511e-07	-0.0008398202882948	2.766587447999283e-07	7.654006107427185e-14	7.052981166315611e-07	-0.0012902909920791	-1.799658984999626e-07	1.664850844240468e-06	3.2387724622898853e-14
548.0447680707596	-0.4571990807618249	300353.06780973263	0.2090309994494577	636.2082232771248	-0.4293131335028874	404760.9033654359	0.184309766598068	529.1790326152529	-0.3991109813962339	0.1592895754710649	280030.44855961495	530.6877904333339	471.76554932705193	1.070743	18.1978	0.0442139680102111	0.0224212405936349	-0.0393449429	0.0896851253	-0.0297377146	-0.0794670391	0.1270387386	0.0209191146	0.0320362771	-0.0354261914	-0.0205215624	-0.0831275716	0.1741786572	-0.0634492578	-0.0202234709	-0.1077643447	-0.0351335433	0.0047402862	0.049857933	-0.0303250912	-0.1229364636	-0.063692546	0.0242490279	0.1215309092	0.0602437836	0.0153121152	-0.0821263891	-0.0263699381	-0.067441417	0.0406842125	-0.0060043982	-0.1095571127	0.0073612122	0.0755659661	0.0719421159	0.0224914498	-0.2592318481	0.0451845322	-0.0074301782	0.0341295909	0.0315616296	0.0816732618	0.0849606762	0.2560117121	-0.090383628	-0.0523207692	-0.1298822569	0.0599867522	0.0748704651	-0.0886318894	0.0689562332	-0.0001104064	-0.1027443732	0.0008108598	0.0474640491	0.0390198296	-0.1622276332	0.0041628651	0.0749458973	-0.0253079222	0.0449447417	-0.041552067	-0.0281286138	0.1249858201	-0.1301889281	-0.0252649401	0.0362663943	0.0157117888	-0.0725072423	-0.2031462475	-0.0349899515	0.0454569241	-0.0074762582	-0.0396303308	-0.1145161852	0.1330861404	-0.0951270234	-0.0320505082	0.0040364445	0.1218182238	-0.0010286812	0.0213970811	0.0158614351	-0.099588504	0.1640012132	0.0392699088	0.1740351245	-0.0650139402	0.0399953751	-0.0609785918	-0.0029561063	0.1137322742	0.0492168352	0.0389780323	-0.0042534586	0.1150155837	-0.0286995647	0.088783805	0.0262505809	0.0194802031	0.1194459109	-0.116368579	-0.0912295932	0.0278175825	0.0474206018	0.0	-0.0421887752759175	-0.0003548149635861	0.0017798927592818	1.258936583846067e-07	0.1987459095658863	0.0114299772171194	0.0001306443791838	0.0394999365691714	-0.0672750677118898	-0.0015386627342906	2.367483009894658e-06	0.0045259347356393	0.0003669907889146	-0.0001299676351697	1.6891586191604246e-08	1.3468223914816052e-07	-0.0010286822156118	-0.000188861927317	3.566882758989179e-08	1.058187100716002e-06	-0.0009913102926615	0.0002989806994175	9.82696096336629e-07	8.938945862423722e-08
549.2025436828422	1.1577756120826734	301623.4339877042	1.340444367933409	636.6925010242682	0.4842777471433237	405377.3408605377	0.2345249363782129	529.2762739998954	0.097241384642416	0.0094558868871743	280133.3742192123	532.2554190690208	473.9022316429397	1.213935	20.63142	0.09569264176083	0.0633306084704768	0.0002253922	-0.019411909	0.0973753031	0.083451864	-0.0367495155	-0.0997579967	0.0421275106	-0.0278904443	0.0070218051	-0.1153560094	-0.0494215639	-0.0394338572	0.0189663249	0.0607713378	-0.0440268489	-0.0428692024	0.0874335879	0.0187793619	0.0834087869	0.0919349285	0.1571107413	0.1563965287	0.0388412571	-0.0948148876	0.2592061295	0.1475960538	-0.0131059206	-0.0226252125	0.0664519499	0.0021197632	0.035745895	-0.0194711926	-0.0351477616	0.0408047751	-0.0502041212	0.0675370642	0.08826695	0.031882917	-0.1378206139	0.0907086562	-0.1041604046	-0.0712074861	-0.1476774468	0.0884242595	0.0533899434	0.1105668836	0.0277461286	0.0765072316	0.0448176375	0.0650428034	0.042384523	-0.0310110913	0.0087537591	0.024311294	-0.0030610591	-0.1300427444	0.2053645572	0.0766370695	-0.0055232113	-6.87763e-05	0.1093570343	-0.3006858034	-0.0228641217	0.1569245916	0.1455558592	-0.0411022137	-0.1783398083	0.0033836465	-0.1304984308	-0.088050257	0.0761837223	0.0722456914	0.0871134947	0.0906996527	0.018114344	0.0255218261	0.0029181616	-0.0507910888	-0.0768623768	0.0641025481	0.1695309501	0.0214221646	0.1084605917	0.0139123204	-0.0172418023	0.0213280672	0.3384288299	-0.099337439	0.3354119293	-0.1026229082	0.0879213038	-0.016855391	-0.0953087826	-0.1840412553	-0.0738355143	0.0058796581	0.0685881705	0.1320543946	0.0510205517	0.1469509826	-0.0927149366	0.0325341047	0.0406438432	0.0	-0.0447923432355708	-0.0026035679596532	0.0020063540125331	6.778566120533224e-06	0.2558310397882479	0.0570851302223615	0.0032587120925039	0.065449520919136	-0.0483252848245996	0.0189497828872902	0.0003590942714754	0.0023353331533786	0.0003668637370897	-1.2705182489999682e-07	1.614216621041945e-14	1.3458900159142058e-07	-0.0009867383488217	4.19438667901e-05	1.7592879613056531e-09	9.73652569035375e-07	-0.001290322587877	-0.0002990122952154	1.664932380785598e-06	8.940835269004122e-08
549.5053430845893	0.3027994017470519	301956.1220785122	0.0916874776983725	637.1446676144654	0.4521665901972937	405953.3274695476	0.2044546252906474	529.3754470348358	0.0991730349404633	0.0098352908593023	280238.36392333225	532.5583277716798	474.3933336977882	1.139341	19.363655	0.2136287326788422	0.1206504152136191	-0.0123995585	-0.0018602747	0.0812632224	-0.0745055116	-0.0452987356	0.1692516434	0.0033107056	-0.1496941749	-0.0654352811	-0.1194022654	0.126658616	-0.0171511884	-0.2305431009	0.0398438818	0.0551805146	-0.0080379168	0.0424048376	0.0518649907	-0.0667525831	0.0518491432	-0.1003169021	0.0433666001	0.1624631554	-0.0498994361	0.2165470397	0.0496326052	-0.058981597	-0.1423795716	0.0361589251	-0.2157428017	0.0153680681	0.0859391392	-0.0270377699	-0.167412064	0.0374728099	0.0975869948	-0.1168053977	0.0401876322	0.0141773023	-0.2027171837	0.1722738777	-0.1275748716	-0.1022872426	0.1154389237	0.0165889927	-0.0202532134	0.1636772972	0.0335620819	-0.0910887208	0.1608700024	0.0191105953	0.078063673	0.1045957461	-0.0271383162	-0.3003476521	-0.0444702172	0.0565431063	0.0102516945	0.0766091774	-0.252793803	0.1764824119	0.0124292615	-0.0998124104	0.0484431006	0.1575294372	-0.0646149092	0.1079508273	0.1713049576	0.0368036565	-0.1380062474	-0.1988127774	0.1591820856	-0.0132253062	-0.1145103035	0.1599035535	-0.0744061363	-0.0171603502	-0.0341420117	0.0472822616	0.0912740861	0.0280868135	-0.0787310394	0.2273979042	-0.1021104828	0.1146182359	-0.1084558607	-0.1798009955	-0.1755776067	0.2640338565	0.2046166445	-0.1750260583	-0.1497746357	-0.1103121974	-0.0830868149	-0.1036065638	0.1251246454	0.0986961785	0.0638478996	-0.045315847	-0.0814194367	-0.0941590645	0.0371927824	0.0337045224	0.0	-0.0292524099379676	0.0155399332976031	0.0008557034871789	0.0002414895268939	0.1748192856719583	-0.0810117541162895	0.0065629043049981	0.0305617826428537	-0.1155622358842691	-0.0672369510596695	0.0045208075878003	0.0133546303625714	0.0010936913487142	0.0007268276116245	5.282783770197749e-07	1.196160766252286e-06	-0.0012557068861165	-0.0002689685372947	7.234407405450415e-08	1.5767997838403965e-06	-0.0012893168526907	1.0057351862999622e-06	1.662337946632252e-06	1.0115032649618197e-12
548.0011126493553	-1.5042304352340352	300305.21946493135	2.262709202284375	634.9268260385799	-2.2178415758855863	403132.0744234251	4.918821255726661	528.370342697416	-1.005104337419766	1.010234729100027	279175.2190421849	530.469149461566	471.3911148030344	1.175777	19.982901	0.1248797266898376	0.0584520301798621	-0.0111131458	0.0435402498	-0.007325875	0.0631862684	-0.0008505249	0.0350892873	-0.1048028476	-0.0569168353	-0.0136307878	0.0912787699	0.0175491672	-0.0765199477	-0.1398054221	0.0072399988	0.0764326433	-0.2107677353	-0.0843922843	-0.0337578779	-0.1122580056	-0.0017531218	0.0329102791	-0.0921990513	0.2308272295	0.0792633381	-0.0229173088	-0.0978691438	0.0024715145	-0.1909375573	0.1453134955	0.0014401768	-0.0091663093	0.1350281703	0.0901729262	0.1168174211	-0.0211514794	0.0329206809	0.1262599295	-0.0442057085	-0.0279575977	0.2012257983	0.0522795052	0.013435046	-0.0084034142	0.1680697181	-0.0076646493	0.0501845773	-0.021666631	-0.0263231906	-0.0498569978	0.0990643508	-0.0706450943	-0.1359537869	-0.0715515397	-0.0135826101	0.0102171766	0.1755167347	-0.0340938191	-0.0967335537	-0.0227757304	0.0208894832	-0.0027765617	0.0122617024	-0.2145194151	-0.3345515342	0.1032664934	-0.0910005265	0.0469998365	-0.0996743421	0.0632398509	0.1020996678	-0.144057366	0.1634081593	0.1891789667	0.052313421	0.223701874	0.0815217662	0.0060535835	0.0098140135	0.0684197751	0.0141362131	0.2003750389	-0.087092383	0.0391486151	0.0675151108	0.047187812	-0.0346067113	-0.2058285391	0.0274643448	0.0674262271	0.1076567247	-0.0154410412	-0.1674612113	-0.0657451155	0.0087495704	0.2405993771	-0.0541479815	0.022493777	0.0174254663	-0.0284672234	-0.0749274086	-0.0955613349	0.0417853327	0.0266303944	0.0	-0.0269333487693614	0.0023190611686061	0.000725405275932	5.37804470373715e-06	0.1996129061352718	0.0247936204633134	0.0006147236156788	0.0398453122957688	-0.0731512264627411	0.042411009421528	0.0017986937201529	0.0053511019330032	0.0016270256004765	0.0005333342517622	2.844454241028523e-07	2.6472123046059157e-06	-0.0008409206084754	0.000414786277641	1.720476561193596e-07	7.07147469758637e-07	-0.0011303166693663	0.0001590001833244	1.2776157730473254e-06	2.5281058297192807e-08
547.7305028842601	-0.2706097650951733	300008.70378984447	0.0732296449648648	634.29750078574	-0.6293252528398625	402333.3195030359	0.3960502738619569	528.6571228844779	0.2867801870618223	0.0822428756912137	279478.3535764939	531.3211932900072	467.2927638226204	1.102015	18.729286	0.0905289672254338	0.0538873339389833	-0.0487381824	-0.0034930369	-0.0987221188	0.1153110452	0.056097096	-0.0094600764	-0.0801370262	0.0337097621	-0.1228225515	-0.1419473957	-0.049351188	0.0182760114	0.0025413735	-0.0814556535	0.0371350207	-0.0406417255	0.0707312517	0.1562863524	-0.0283471943	-0.075147067	0.1113205855	-0.0557273869	0.0094205523	-0.0974385287	0.0681340351	-0.062906373	-0.0625647884	-0.0690906656	-0.0404127229	-0.0420727426	0.0439793752	-0.1975250153	-0.0319968446	0.0229447017	0.0694208084	-0.0550167468	-0.0569687013	-0.1942068497	-0.1522751746	-0.0506864754	-0.1180670093	0.0205818681	0.1543861522	0.0346180281	0.1729906496	0.1799512534	0.0387708522	-0.0697142647	0.0015240496	0.0507854527	0.0847447382	0.0522224409	0.0866614296	0.1527175076	0.0179884201	0.0176414558	0.0625025898	0.0708329781	-0.0175156791	-0.0498599129	0.0991575189	-0.0785760377	0.0218542994	-0.1178979826	-0.0580286163	-0.0340572771	-0.0362501344	0.2014294597	0.0651212788	-0.1193456411	0.0916787404	-0.0581856101	-0.043101859	0.0293201688	0.0048355988	0.0785916798	0.0103718828	0.0718759909	-0.0412700254	-0.0410865254	0.077821998	0.1223646379	0.1484671935	0.0474682874	-0.0900793984	-0.0750500539	-0.1587469824	-0.0059019966	0.2448680831	-0.0567583383	-0.0284886293	-0.0625869935	-0.1470247158	-0.015570118	-0.1855787063	-0.0645713127	0.0385620117	-0.0794044622	0.0225313081	-0.0715408906	-0.0969211244	0.0463035902	0.0194497534	0.0	-0.0130779173139643	0.0138554314553971	0.0001710319212708	0.0001919729808152	0.2462157572845882	0.0466028511493163	0.0021718257352453	0.0606221991352232	-0.0553889901536308	0.0177622363091102	0.0003154970387006	0.003067940230239	0.0015399638392778	-8.706176119870003e-05	7.57975026301947e-09	2.3714886262832217e-06	-0.0008409934409752	-7.283249979994025e-08	5.3045730271082974e-15	7.072699677633072e-07	-0.0012893510419	-0.0001590343725337	1.6624261092486155e-06	2.5291931647187683e-08
547.2174995175853	-0.5130033666747522	299446.9917782785	0.2631724542196302	634.1847120701582	-0.1127887155818143	402190.24902350944	0.0127212943625954	528.9355328083038	0.2784099238259614	0.0775120856847776	279772.79786720424	530.8437627393974	466.6943518650553	1.016224	17.271217	0.0825030352967554	0.0408540274162049	-0.0129883467	-0.0971381391	-0.0692184021	0.0061584198	-0.0359210999	-0.0571030504	-0.0786311525	0.0281082788	-0.1045043383	0.0675426554	-0.0057786591	-0.1006650696	-0.0921428547	0.0628898431	-0.0954102743	0.0293733682	-0.0070675131	0.035436618	0.0676045607	-0.1426813881	-0.0364372122	-0.0407952577	0.065009461	0.0076465008	-0.0871293578	-0.0057780255	0.0167309923	0.0614500347	-0.0324473002	-0.1447288437	0.0253701067	0.0591398586	0.0734161331	0.0836917314	0.1266946826	-0.0986878858	-0.0131591228	-0.0042064636	-0.0356464711	-0.0038108317	-0.0837463757	-0.1416810345	0.0702709311	0.10975664	0.1817895177	0.021329507	0.0020235013	0.0524011216	0.0615110962	-0.02834824	0.018585344	0.0707868364	-0.0811031749	0.098119843	0.0780404641	0.1437024152	-0.0022377649	-0.0692771228	-0.1266888743	-0.0085518352	0.1617338583	0.0875899343	-0.0095904187	-0.0437703709	-0.1114176668	-0.0398724823	-0.0789739583	0.1017532239	0.059172293	0.0025232274	0.0288770151	-0.0816989835	-0.1012954326	-0.119872999	0.0773227572	-0.0052285695	0.0149657405	-0.0485642768	-0.0853743462	-0.0979913189	-0.0392353796	0.0363550287	0.0699719882	0.0737151051	0.0806911431	0.0541826081	-0.1939860596	0.0534873716	0.1216105934	0.0334510854	0.0051199335	0.0508559632	-0.0820048978	-0.0488259652	0.0294747118	-0.1373343179	0.1354903939	0.0001608468	-0.0056151308	-0.0690328782	-0.0982378286	0.0507395216	0.0121913197	0.0	-0.0331008539161246	-0.0200229366021603	0.0010956665299766	0.0004009179901741	0.2206123741792396	-0.0256033831053486	0.0006555332264392	0.0486698196410008	-0.0404076136839393	0.0149813764696914	0.0002244416409266	0.0016327752436304	0.0018370552822625	0.0002970914429847	8.826332549473131e-08	3.3747721100885536e-06	-0.0007001860553883	0.0001408073855869	1.9826719835817946e-08	4.902605121602274e-07	-0.0012893589957195	-7.953819499946849e-09	1.6624466198427971e-06	6.326324463773472e-17
546.7172433070558	-0.5002562105295283	298899.7441292665	0.2502562761733637	633.8081281815452	-0.3765838886130268	401712.743348994	0.1418154251629086	529.0027353422983	0.0672025339944184	0.0045161805752709	279843.89399963367	531.2085217817522	463.0629890933233	1.026891	17.452513	0.0767489362652287	0.0437782633362078	-0.0617988114	-0.0924709863	-0.1130804447	-0.1032858563	-0.0530508182	0.0657725072	-0.1374323595	0.0736741592	-0.103600455	-0.0480043962	-0.0005475585	-0.0070637484	0.0549456882	0.054402003	0.1177827603	0.0231439401	0.0836242953	-0.0477666586	-0.1616115806	-0.0108474083	-0.0451906441	0.0501273119	-0.0549976491	-0.0699330212	-0.0504286357	-0.0291217559	-0.0890302124	-0.0178989344	-0.0269967403	0.1457579039	0.1027445449	0.0420174557	-0.0355829066	-0.0549727722	0.0177137026	-0.067203065	0.0341082437	-0.0702626673	-0.0361568933	-0.1234734721	-0.0183599448	0.0937440159	0.21108608	0.0644181068	-0.0155688557	0.0329479171	-0.0144567743	0.0260509351	-0.0874884018	-0.0084090469	-0.0662934975	0.0173124268	0.094883173	0.1313581151	-0.0405129824	0.0690757705	-0.0576806414	-0.0949899739	-0.0692952298	-0.0232363532	0.0012663112	-0.0914514714	0.056630106	-0.0451335147	-0.133713118	0.1226237793	0.1654025442	0.1937193517	0.0275773397	-0.0565713812	0.0322507654	-0.1556313564	0.0623448526	0.0531496879	0.0391558882	-0.030284297	0.0046749986	-0.0362675554	0.1001302135	-0.1073658569	-0.1099848395	-0.0602433746	0.1031830486	0.1147793713	-0.0040991052	-0.0491818813	-0.2433087395	-0.0442964255	0.1042333571	-0.0534850665	0.005037262	0.0668855145	-0.0569675527	-0.0391896878	-0.0354389879	-0.1397071581	-0.0252913952	-0.0337883519	0.0723519823	0.0475615743	-0.0995108621	0.05508524	0.0048841247	0.0	-0.026703210085742	0.0063976438303826	0.0007130614288832	4.092984658043256e-05	0.1865166716256396	-0.0340957025536	0.0011625169326235	0.0347884687943066	-0.0438016483500405	-0.0033940346661011	1.1519471314696678e-05	0.0019185843981806	0.0021470465279346	0.000309991245672	9.609457239334013e-08	4.60980879311602e-06	-0.0008411639979646	-0.0001409779425763	1.9874780293046543e-08	7.075568714717896e-07	-0.001083097079665	0.0002062619160544	1.1730992839788513e-06	4.254397801447358e-08
545.7202367189642	-0.997006588091608	297810.5767646024	0.9940221366980696	633.641537896518	-0.166590285027155	401501.5985478645	0.0277523230654287	528.7518460069384	-0.2508893353598296	0.062945458597297	279578.5146557451	531.1716138646093	452.5336020167697	1.055504	17.938814	0.0820071587889181	0.0535283350901855	-0.1540285134	-0.0193723073	-0.229320098	0.0540525136	0.0668214618	0.0136120839	-0.2091360385	0.0545953144	0.0157434596	0.0181745711	-0.0483325066	-0.1072508879	0.0224720237	-0.0754936661	-0.0052189557	-0.109969037	0.1012441307	-0.034425213	-0.1091023088	-0.0011137577	-0.0460611483	-0.1610557753	-0.0788608541	-0.0428217068	0.0132774774	-0.1376571679	0.0250329872	0.0206477533	-0.023624645	0.1592515504	0.1326494723	0.0115193244	-0.0412262035	0.0247125162	0.0206337518	-0.0881154024	-0.0284028079	-0.074751413	0.001976404	0.1274971516	-0.1042436495	-0.1602999037	0.038682391	0.0484281268	-0.0612811566	0.0355294175	0.0777813499	-0.0815054373	0.0215173908	0.0538495962	-0.040416324	-0.0765986665	0.1141853585	0.0534958545	0.0251421848	0.1680959608	-0.1352040384	0.0020527951	-0.1072858753	0.0960605772	0.0400030176	-0.0256250333	0.029671466	-0.0734236907	-0.1212781982	0.0654794822	0.031191734	0.094562152	0.0404140483	-0.0110237808	0.0643302175	0.0164314153	-0.0363573867	-0.0462859436	-0.0509338774	-0.0203116445	0.0014628276	0.0951765763	-0.0167994837	-0.0805787396	0.0739344235	-0.0697265701	-0.0248758959	0.1382229677	-0.0663325396	0.0767390907	-0.2934915958	-0.0841927366	0.0923906352	-0.080993606	0.1176830457	0.0366408064	-0.0554569886	0.0417118838	0.055065969	-0.1618123563	-0.0857470065	0.0194879042	0.0681580608	0.0840595579	-0.100739659	0.0593330188	-0.0024426053	0.0	-0.0313069343441583	-0.0046037242584163	0.0009801241380294	2.119427704753073e-05	0.2350020789696003	0.0484854073439607	0.0023508347253097	0.0552259771200342	-0.0328937663275894	0.0109078820224511	0.0001189818902157	0.001081999863214	0.0019510847767103	-0.0001959617512242	3.8401007942894326e-08	3.8067318059106815e-06	-0.0007321114294032	0.0001090525685614	1.1892462709838849e-08	5.359871450627967e-07	-0.0011382856631611	-5.518858349610003e-05	1.2956942509581053e-06	3.045779748306004e-09
545.8117132252784	0.0914765063141658	297910.4262939135	0.0083679512074456	632.1754603331117	-1.4660775634063157	399645.8126473817	2.1493834219234	527.943168759346	-0.8086772475924136	0.6539588907736418	278723.9894396593	530.1963602019302	452.0574588417367	1.115226	18.953806	0.0287326653448694	0.0159944119524609	-0.1060509265	-0.1887637757	-0.1468746836	0.0866965621	0.0097842417	-0.1295376101	-0.1581988567	0.130410022	-0.0524474323	-0.0854001988	-0.0131317054	-0.0657340394	0.0761606663	0.0493748132	-0.1341042023	0.0325867993	0.0584287168	-0.1169217777	-0.0215823542	-0.0262464095	0.1582663902	-0.0385494152	0.0831952351	0.0562411311	-0.0038878673	0.0622779004	0.0272362175	0.0952391102	-0.1414321934	-0.0890351308	0.0579263751	-0.0839597726	0.0312124041	0.0250013359	0.0152719252	-0.1445085903	0.0239806176	-0.0094367706	-0.0221071573	-0.0673882629	0.0679848371	0.0514461212	0.0856446432	-0.0136140349	0.0246678096	-0.0738625463	0.0632072011	0.0616067178	0.0945258242	-0.0233820001	-0.0548440201	0.0242500009	0.0583970565	0.115384247	0.0988644333	-0.0051694917	0.0694049557	0.1851993103	-0.166285456	-0.0638244097	0.1563489236	0.0330485979	0.0594742212	0.0318416353	-0.0427974639	0.1191787608	-0.0250536768	0.0982352463	0.0721397529	0.1209260599	0.0511173994	-0.0396591807	-0.0343018714	0.0007046463	0.0503680006	-0.1201695031	0.0008671961	-0.0658404549	-0.1238566181	-0.0967848167	0.0160867519	0.0753632938	-0.0199118358	0.1522989988	-0.0535918993	0.0293060813	-0.1362053421	0.0265503227	0.1761799151	-0.2050507309	-0.0401089822	-0.187046716	0.0782033651	0.0721708878	0.0845164795	0.0770884582	-0.2121849907	0.1448239349	-0.0360062787	0.1156599492	-0.1019236731	0.0634753057	-0.0097595656	0.0	-0.0339171716868946	-0.0026102373427362	0.0011503745352382	6.813338985415055e-06	0.2349749986268534	-2.708034274689908e-05	7.333449632895294e-10	0.0552132499796897	-0.0202315775094632	0.0126621888181261	0.0001603310256658	0.0004093167285214	0.0019429596097236	-8.125166986700178e-06	6.601833856176245e-11	3.775092045017284e-06	-0.0008417530155848	-0.0001096415861816	1.2021277420417234e-08	7.085481392461046e-07	-0.001289182086818	-0.0001508964236569	1.6619904529724135e-06	2.276973067244269e-08
547.1757752641538	1.3640620388754314	299401.3290359277	1.860665245900999	635.1632977189689	2.987837385857233	403432.41476923553	8.927172244326185	527.6787564584187	-0.2644123009273471	0.0699138648816939	278444.8700175031	530.5289021183758	457.680299472297	0.980993	16.672457	0.0777797645748824	0.0408829000755448	-0.0973725986	-0.1664575894	-0.0751615711	-0.0249890171	-0.117930594	0.0609452763	-0.190538968	0.1626837419	0.0805846949	0.004551207	0.1371801646	-0.0549600914	-0.0301401255	0.0951504835	0.0315660795	0.0376049043	0.1221766509	-0.0567029546	-0.1021504414	-0.0354269447	0.19974847	-0.0988684615	0.0387538738	-0.0173534411	-0.001707877	-0.0580051307	-0.0091904214	0.0072687902	0.0310260376	-0.0779391389	-0.0124591236	-0.1467240038	-0.018675603	-0.0051161607	-0.0255076546	0.1123673813	0.0220905671	-0.2052173876	0.0251914899	-0.0044164346	0.1542425088	0.1061687521	0.0814964898	-0.0742346721	0.021556165	-0.0162710943	0.130745891	0.0964891616	-0.0725969532	-0.0533671586	-0.0887579449	0.0190851893	0.2244598044	0.1747794418	0.04613201	0.0459231858	-0.0509430035	-0.0113294476	-0.1161551926	-0.1873285636	-0.083351012	0.1075348025	-0.0803927304	-0.0332319038	0.0180932142	0.0192246341	-0.1256605575	-0.0262257875	0.011586222	-0.0947962989	0.0526663512	0.0058796816	-0.1350110825	0.0327540083	-0.0282968456	-0.0118979805	-0.002500175	-0.1181665945	0.0407933515	-0.0342829956	0.0080952517	-0.0033839063	0.0052229129	0.1016300195	0.0010453994	0.0524612877	-0.1102909654	-0.1209620606	0.1516344225	-0.1298635489	-0.0721992679	0.099214861	0.1436616803	0.0208193868	0.1731959257	-0.0158482671	-0.1407496246	0.0028023896	-0.0613593169	-0.0109452402	-0.103062378	0.0675047358	-0.0170374908	0.0	-0.0433898809427404	-0.0094727092558457	0.0018826817682251	8.973222064578666e-05	0.2058776587035566	-0.0290973399232968	0.0008466551906118	0.0423856103532581	-0.0416892154002681	-0.0214576378908048	0.0004604302238529	0.0017379906806899	0.0021470564839255	0.0002040968742019	4.1655534058986226e-08	4.6098515451665305e-06	-0.000690885791001	0.0001508672245838	2.2760919453618772e-08	4.773231762070774e-07	-0.001289259538131	-7.745131299979545e-08	1.6621901566617591e-06	5.9987058853922816e-15
549.2175660235955	2.04179075944171	301639.9348288825	4.168909505341556	636.7662116741312	1.6029139551623075	405471.2083298245	2.569333147654072	529.104448897498	1.425692439079285	2.03259893084784	279951.51784312504	530.8136610433963	468.4099747243209	1.1732	19.939106	0.0573469862757268	0.0287731570008469	-0.0615429615	0.0122220047	-0.058669473	0.0061199164	0.0644244495	0.110040125	0.0077617988	0.1544497041	-0.1180573213	-0.0341164536	0.0075958336	-0.0825725177	0.0683113041	-0.0449760715	0.0811385131	0.0660631494	-0.169465846	-0.0094640434	-0.0107459715	-0.0229139084	0.0969520746	0.066125349	0.0602552576	0.09814721	-0.0957559856	-0.0258114199	-0.0053926477	-0.0303406171	-0.1217647524	0.0623174621	0.0143607476	-0.0630222453	0.0257251261	-0.0438465816	0.1082278441	0.0225077839	0.0921706314	-0.0112385563	-0.0277566765	0.0430880464	-0.1433865255	-0.0400826492	-0.1178076969	0.1030498578	-0.0845038449	0.1052441053	-0.0194149642	-0.0823372597	-0.0970524289	-0.0588811122	-0.0861625919	0.0530998072	-0.1771985045	0.0221319978	0.084392051	0.0133673634	0.1894401037	0.1261747766	0.0272075406	0.0464645234	-0.0718253933	0.1063174183	-0.0635483359	-0.1175134724	-0.0900869456	-0.0042357515	-0.0183133915	0.0565921487	0.0188677314	0.0297482052	0.0315211633	0.0834757741	0.0594261991	0.0660343525	-0.0012689632	0.1412871181	0.0001470165	0.0161201822	0.1195919077	0.0275175574	0.0408959586	0.0619551814	0.0333380284	0.0056474772	0.0538807651	0.1246424526	-0.1463928348	0.0953111232	-0.0691779912	-0.1287377239	-0.1177170559	0.0826531192	-0.0140223542	0.0171004804	0.1287461181	-0.1408062188	0.0158762804	-0.0850263784	0.0320303565	0.1897978168	-0.1041552675	0.071414145	-0.0242472716	0.0	-0.0505995427134138	-0.0072096617706733	0.0025603137228065	5.197922284750949e-05	0.1932573766969483	-0.0126202820066082	0.0001592715179263	0.0373484136477861	-0.0627558181355283	-0.0210666027352602	0.0004438017508052	0.0039382927098595	0.0022255581732399	7.850168931440018e-05	6.162515225214612e-09	4.953109182474922e-06	-0.0007852630030409	-9.437721203990004e-05	8.907058152424256e-09	6.166379839448125e-07	-0.0011331296442216	0.0001561298939093	1.2839827906137698e-06	2.4376543772160476e-08
550.78176806108	1.564202037484506	303360.5560284893	2.44672801407068	640.0151519775391	3.248940303407835	409619.3947608324	10.555613095107796	530.3079136780331	1.2034647805351142	1.4483274779884303	281226.4833095482	532.2324665519153	480.3334089767101	1.082061	18.390163	0.0663587077477115	0.0445588926057812	0.0429910688	0.132134455	0.0006686725	-0.0076587851	0.1417850411	-0.0186580664	0.1633626436	0.0136170941	0.0705478994	-0.0158131967	0.1069510971	-0.0745408454	0.1037908686	-0.1234038883	-0.0579694821	0.0177458668	-0.0556709103	-0.0690033144	-0.0174780576	-0.0832890357	-0.007539376	0.1753076334	-0.0903829035	-0.0011692622	-0.2251815586	0.0661769179	0.015727037	-0.1308430324	-0.0287127756	-0.0861694592	-0.0302300742	-0.020574584	0.0481198752	-0.0562748425	0.0133199458	-0.0338416407	0.0806487571	-0.0721828759	-0.1616117025	-0.01984059	0.1594931989	-0.0071790484	-0.1833868854	-0.0872642953	0.049985347	-0.0398459453	-0.0586307054	-0.1055528439	0.0637026077	-0.1000810734	-0.1169696469	-0.0662127375	-0.0797908289	-0.0463631154	0.0474768184	-0.2460621692	0.1866507454	-0.0454548423	0.0280538651	0.0332055711	-0.010969966	0.2227085631	-0.1215589583	-0.0034050905	-0.117106014	0.0539785419	0.0091298184	0.087558944	-0.0734419819	-0.0578283213	-0.0087615081	0.0188138065	-0.1241919147	0.0760477176	0.1408402779	0.0198340148	0.0002850698	0.1191981507	-0.034966731	0.0045267151	-0.009901872	-0.079034576	-0.0005105046	0.0444830457	-0.0249614745	0.1185879466	-0.0291370829	0.1137936956	-0.1006844271	-0.0444055835	-0.0968345585	0.0598754964	-0.0422149799	-0.1203160704	0.0625760815	0.1868654429	-0.0561596663	0.1054949147	-0.0241267541	0.0166966444	-0.1052018558	0.0751965824	-0.0313600711	0.0	-0.0505999300594766	-3.873460628009418e-07	0.0025603529220239	1.500369723673911e-13	0.2292862183586095	0.0360288416616611	0.001298077431481	0.0525721699291919	-0.0656035762184359	-0.0028477580829076	8.109726098765587e-06	0.0043038292126481	0.0018879602850667	-0.0003375978881732	1.1397233409900456e-07	3.564394037989135e-06	-0.0008412186940338	-5.5955690992899945e-05	3.131039354492904e-09	7.07648891191932e-07	-0.0012892104781971	-0.0001560808339755	1.6620636570931954e-06	2.436122673448761e-08
550.4518021533246	-0.3299659077554224	302997.1864938428	0.1088775002808599	637.6008570879355	-2.414294889603525	406534.85295927	5.828819813965697	530.1782687732151	-0.1296449048179511	0.0168078013452556	281088.99667936354	532.7256037334856	483.4448583531252	1.14285	19.423296	0.0384143328944788	0.0242792597310761	0.0779400405	0.0053877038	0.1096361598	0.1357469955	-0.0657483831	-0.0949197147	0.1255819172	-0.0911224708	0.0274616714	-0.087655051	-0.0606145248	-0.0030320465	-0.1037227647	0.0560490556	-0.1109245219	-0.0916171584	0.0158577637	0.0980842418	0.0532772292	0.0877908748	0.0106776132	0.1357004731	-0.1387275189	-0.1294195114	-0.0442108722	-0.0716638097	0.0639605244	-0.0955277042	0.0610348403	0.0688954491	0.0252124715	0.0039734782	-0.0025132582	-0.0002061543	0.0009775681	-0.0040558849	0.1459103885	-0.014428336	-0.0833018867	-0.0597937146	-0.0375404684	-0.0292333499	-0.0434513635	-0.1343202978	0.0073019742	0.0650264117	0.0508309035	0.0753329233	0.0864824728	0.0390360171	0.1099112614	-0.0446261753	0.0108113502	-0.0375160443	0.1367263179	-0.1234059682	0.1179650933	-0.0927901791	0.1056145237	0.0702315423	-0.0129027989	-0.0565803776	-0.1049750826	-0.0728695306	-0.0425427058	0.0320023644	0.0049705481	0.0096834078	0.0272963741	-0.1113469083	0.0934572989	-0.0961840067	0.1931938192	-0.0453408109	0.0853449639	-0.0031888029	-0.0081283412	-0.0534258497	-0.1214526792	0.0077789575	0.097348275	0.0476003949	-0.0247684558	0.0535436344	-0.0348087609	0.0328986986	0.0389844044	0.0825211779	0.0521300181	-0.0253822831	-0.0814341875	0.1396217684	-0.0459810754	-0.0631520806	0.123992748	0.3147626617	-0.0384513083	-0.0873721791	0.0205493688	0.0627008698	-0.1062016776	0.0788453231	-0.0383474405	0.0	-0.0335517692795264	0.0170481607799502	0.0011257212217865	0.000290639785979	0.2293730728540879	8.685449547840562e-05	7.543703384808382e-09	0.0526120065505267	-0.0483534879339657	0.0172500882844702	0.000297565545822	0.0023380597953801	0.0019679596575058	7.999937243909983e-05	6.3998995906498064e-09	3.872865213570345e-06	-0.0008417699535621	-5.512595283000028e-07	3.038870675415417e-13	7.085766547199399e-07	-0.0012891765234729	3.395472420006547e-08	1.6619761086736725e-06	1.1529232955025117e-15
549.5632450397992	-0.888557113525394	302019.7602986744	0.7895337439965799	636.3290104482365	-1.2718466396989925	404914.6095380319	1.6175938749136187	529.4868352753775	-0.6914334978375791	0.4780802819319095	280356.3087299348	531.804374409946	482.3783921837167	1.047396	17.801006	0.0813683366120436	0.0478566637564825	0.0379839033	-0.0371838692	0.041845215	-0.0689201061	-0.0944131811	0.0258352378	0.1109563577	-0.0103225256	-0.1549702929	-0.0411356175	-0.0234216291	0.0661706444	-0.1432594441	0.0751801767	0.0350442805	0.0437386217	-0.0065833249	0.1189334523	0.0447209046	-0.043335935	-0.0214055877	-0.0403710874	-0.1580915207	-0.004443626	-0.0223049972	-0.0727750028	-0.13046844	-0.1360386475	0.1139336601	-0.0494456031	0.000576636	-0.0569836722	0.0206888083	-0.0854923642	-0.0203473855	-0.0365683429	-0.0696782084	-0.0360746164	-0.0809652897	0.142352297	0.0276762687	0.0297733334	0.1020030235	-0.1172301998	-0.0231029052	0.015166382	-0.0360249645	0.0752473844	-0.064365586	-0.0495219592	0.0942508817	0.1149659619	-0.0634827996	0.0715629655	0.1028115523	-0.0037602676	0.0153794636	-0.1125860031	0.1683057205	0.0788468478	0.0939190349	0.0235454558	-0.0739036592	-0.0370219931	-0.0730951876	-0.0345926637	-0.0283794789	0.0319215575	-0.0397659051	-0.1273751224	0.0179558482	-0.0146775608	0.0935893387	0.0642784778	0.052751377	0.0518417849	-0.001305478	-0.1013503553	0.0749574958	-0.0367146744	-0.0856231933	0.1065547031	0.0404851109	0.0370648967	0.0143538167	0.0730744244	-0.0282125545	0.164828046	0.04198201	0.0498405952	0.0050298182	0.182983928	-0.0626674687	-0.0922773608	0.0204166759	0.1177605044	0.0601866715	-0.0793531817	0.0237153804	-0.0644423286	-0.1071542885	0.0823538796	-0.0451814325	0.0	-0.0297342428531521	0.0038175264263742	0.0008841251980502	1.4573508016066123e-05	0.1987039556107674	-0.0306691172433205	0.0009405947524845	0.0394832619753658	-0.0483622741176645	-8.786183698802907e-06	7.719702398910994e-11	0.0023389095578321	0.002457196866239	0.0004892372087332	2.393530464090527e-07	6.037816439454761e-06	-0.0005468963168191	0.000294873636743	8.695046164604272e-08	2.990955813502974e-07	-0.0011358292337761	0.0001533472896968	1.2901080483004025e-06	2.351539125735432e-08
548.880266757467	-0.6829782823322148	301269.5472357481	0.4664593341374625	637.1376849207385	0.8086744725019344	405944.42954615824	0.6539544024762818	528.6957696846554	-0.7910655907221553	0.6257847688245926	279519.21688245016	531.1620874171218	471.8554301458096	1.108767	18.844036	0.0485824035258749	0.0259787247511368	-0.0445639562	0.0501923061	-0.0911551065	-0.0793066871	0.0688007333	0.0646880933	-0.0420982833	0.0761037762	0.0905445353	0.0801686102	0.039595009	0.1274269628	-0.1440255037	-0.0518179857	0.0736373536	-0.0478436392	-0.0484467752	-0.1727559864	0.0096770617	0.0035465793	-0.0050842323	0.0680656907	0.0186458341	0.0325071523	-0.0432570678	-0.0034451958	-0.0280773991	0.0444940407	-0.0188962876	0.0243254113	0.0395214205	0.0166922332	-0.0137411448	0.0294701416	-0.029694624	0.0989733689	-0.1035817918	0.0340863139	0.0087689763	-0.040490672	-0.0502285924	-0.1281730967	0.1446305625	0.0189824573	-0.1104432569	0.056798787	-0.0035450239	-0.0640112083	-0.0554464655	-0.0484146219	-0.1415419499	-0.1113793477	-0.0708426826	0.0431991582	0.0602919271	-0.035627299	-0.0419065622	-0.0268973027	0.004333546	-0.0507464187	0.030991848	-0.059972128	0.0497662936	-0.0374828474	0.0126465841	0.0275655885	-0.0601510521	-0.0062047832	0.1437694186	-0.045901771	-0.0798341388	-0.1259267178	0.1174081051	-0.0930166543	0.0407205038	-0.0179950369	-0.0077975583	0.0555077795	0.091843784	-0.0279340531	-0.0399121406	-0.0900847391	-0.0561209462	0.0246120047	0.0964976476	0.1281840758	-0.041642361	0.1198114383	-0.0017128032	-0.1195293989	-0.0159025108	0.0510060333	-0.0588476957	-0.1727668949	-0.0476816449	0.0492892811	0.0809676393	0.0274851237	-0.0863768663	-0.0046595224	-0.1080592651	0.085716014	-0.0518347133	0.0	-0.0295900768096117	0.0001441660435403	0.0008755726455987	2.0783848110091963e-08	0.2144303496307884	0.015726394020021	0.0002473194688729	0.0459803748427821	-0.0679528111855631	-0.0195905370678985	0.0003837891426087	0.0046175845480207	0.0025267875519408	6.959068570180004e-05	4.842863536446717e-09	6.38465533264298e-06	-0.0003938853089828	0.0001530110078362	2.341236851908025e-08	1.5514563663247588e-07	-0.0010960047994259	3.982443435019984e-05	1.2012265203646075e-06	1.585985571313377e-09
549.2344065911492	0.3541398336822112	301658.4333835318	0.1254150218004642	634.8781289286998	-2.259555992038713	403070.23859200673	5.105593281158053	529.0037887096405	0.3080190249851284	0.0948757197527891	279845.00846915395	531.4212393298867	476.94461213796	1.043697	17.738136	0.0598264562057166	0.0367947658195054	0.0100892555	0.0500507526	0.0125873297	0.1151675987	0.0761438851	-0.071506262	-0.0277415314	6.86439e-05	-0.043757571	-0.0410120718	-0.1030149419	-0.0150766214	0.0611979308	-0.0613000865	-0.0535620315	-0.0654546974	-0.094283926	0.0245655743	0.1109477323	-0.0243729401	0.0210823649	0.0147043983	0.0181915367	0.0262745748	-0.115769015	-0.0120078631	-0.2739171545	0.0773741876	0.0184326145	0.0791114644	-0.0010204516	-0.0102823414	0.1008696729	-0.1479008039	-0.0925651493	0.1911559288	-0.0128876767	0.0198332222	0.0046435662	-0.1349236645	0.0446025694	-0.0304661608	0.0369534192	-0.1273813486	0.0501982347	0.1365737552	0.0196194691	-0.0422873636	0.1042863858	0.0247128537	0.032752905	0.0047599643	-0.0979062674	-0.0371781264	0.0731794096	0.0175356192	-0.007380742	0.0139550902	0.0340047299	-0.1388997645	-0.0697702837	0.0627070544	-0.1431013473	-0.0040016732	-0.0914116006	-0.0206170187	0.0401616288	-0.0486636428	-0.0922070711	-0.0685990846	-0.0268684311	-0.1668984397	0.1618039672	0.1434947385	-0.0446481039	0.0095144448	-0.0191905096	0.0540988975	-0.0777341212	-0.0183579706	0.0440863354	0.0282536144	-0.0947915804	0.034228128	0.1260344064	0.0840767993	-0.073331431	0.1125796745	0.0125667553	0.0371717884	-0.087370647	0.0457050709	0.0746400435	-0.0751569076	-0.0015611327	0.1904762387	-0.0715676374	0.0756763	0.066075585	0.007431969	-0.1089162049	0.0889257484	-0.0582806721	0.0	-0.0297434409832959	-0.0001533641736841	0.0008846722815268	2.3520569769837022e-08	0.2312016173044782	0.0167712676736897	0.0002812754193825	0.0534541878442063	-0.0651767807596854	0.0027760304258776	7.706344925398685e-06	0.004248012750196	0.0020121876309187	-0.000514599921022	2.648130787159514e-07	4.0488990620222106e-06	-0.0004877978885842	-9.391257960139996e-05	8.819572607389282e-09	2.3794678010720362e-07	-0.0012900081774517	-0.0001940033780258	1.664121097892257e-06	3.7637310685421464e-08
549.4139152094575	0.1795086183083185	301855.650225785	0.0322233440469615	637.5837481268521	2.7056191981523625	406513.0358754852	7.3203752454106334	529.3010413987296	0.2972526890890776	0.0883591611706878	280159.5924257797	531.8593242471666	480.0114423072828	1.10329	18.750959	0.0267304062592112	0.0197558106260308	0.0542201087	-0.0712215496	0.1147947595	-0.0501625651	-0.1296959253	0.0079184273	0.0361180997	-0.0429540036	-0.0221015673	0.1450782519	0.0355189502	0.1342689124	0.0346506592	0.1011103656	-0.0021591693	0.1617343343	0.0193442245	0.0290378662	-0.0689673055	-0.0556361095	-0.0023318235	-0.0642887674	0.0269276531	-0.0557485703	-0.0886493583	0.1958995743	-0.0778300342	-0.0174647154	0.020822733	0.0190173029	0.0721669249	0.0496846063	0.0221328354	-0.1725605266	0.0013581144	0.022673043	0.0094481879	0.0622373027	-0.0928967729	0.1048003538	-0.0192466433	0.0398160037	-0.0719954985	-0.0564030119	0.0236558459	-0.1249794716	0.0800629072	0.1094243684	-0.0499156355	-0.0415003167	0.0139724032	0.1211630289	0.007990833	0.0238723043	0.0963662016	-0.0712896712	-0.0770156431	-0.1058340284	-0.0659839539	0.1603571239	0.0133365556	0.0656168111	-0.0072547203	0.0879422121	0.01941958	-0.008075934	-0.1805115449	-0.0358623794	-0.1102885801	-0.074764993	-0.0971671852	-0.0878819692	0.0665000321	0.0712178096	0.0987624217	0.107338187	-0.0233326053	-0.1463254032	-0.0031976978	0.0154032927	-0.0845600896	0.0931212529	-0.0007339356	0.0687102294	-0.0178061846	0.0694895473	-0.0118693543	0.1403324887	0.021729718	0.0068056712	0.0889773811	0.0643356361	-0.137289768	-0.0132572924	-0.0237611474	-0.0032818171	-0.0090200257	-0.0411594725	-0.1127967505	-0.2461151204	-0.1097247271	0.091977376	-0.064493527	0.0	-0.029753245232726	-9.804249430100248e-06	0.0008852556018787	9.612330688762104e-11	0.2199269117933227	-0.0112747055111555	0.0001271189843632	0.0483678465309479	-0.0651493303262498	2.745043343560516e-05	7.535262958025896e-10	0.0042444352419588	0.0022807139766448	0.000268526345726	7.210639834901295e-08	5.201656243262937e-06	-0.0004479718731544	3.982601542979998e-05	1.5861115050146663e-09	2.0067879913746186e-07	-0.0012899916173038	1.6560147900104155e-08	1.6640783727140735e-06	2.7423849847332407e-16
549.3763625240367	-0.0375526854207919	301814.3877001418	0.0014102041823129	637.6480740952766	0.0643259684244412	406595.0663974153	0.0041378302137422	529.1278783082962	-0.1731630904333769	0.0299854558884378	279976.3116030391	531.4210068514634	477.6133378051048	1.041277	17.697012	0.020803687336483	0.0164117058745591	0.0192332761	0.0583167778	0.0534660012	-0.1257122564	0.016020435	0.0829262723	0.0167653601	0.0557423972	0.1168467214	0.105672416	0.000150642	0.0569779053	0.063180715	0.0221358649	0.0548292103	0.1384992345	-0.0358832144	-0.1798888991	-0.0941577662	-0.0438509301	0.03704887	0.0464271509	0.049143784	0.0582452627	-0.0555096119	0.0027396901	0.0890103874	0.0373071127	0.0926832771	0.0272178309	0.1325887039	0.0648873208	0.052088877	-0.0778065029	0.1419410547	0.044409935	0.0715865616	-0.0415419167	-0.0128084255	-0.0510602206	-0.0913090767	0.0152164033	0.0411821878	-0.0677092648	-0.0532100321	0.2083330288	-0.0458490994	-0.0056018118	-0.0933186244	-0.112545915	-0.160580725	-0.0159197561	-0.0500449369	0.0255079113	0.0507986073	-0.082451415	-0.0424312493	-0.0894059717	-0.0325907927	-0.0652362351	-0.0813571124	0.0270627708	0.1233829182	-0.0023020323	0.0394368524	0.0496714547	0.0241629367	0.0102324684	-0.051525843	-0.0406592813	0.0006821895	0.0107475795	0.0326355964	0.0605576949	0.0353683801	-0.030859153	-0.0290254299	-0.0002577864	0.1231120797	-0.0105063758	-0.0737401693	-0.0969130103	-0.0710529958	0.0703295009	0.0591700209	-0.0352694241	-0.0057680109	0.1263924043	0.054950317	-0.0653998697	0.0286911859	0.0679385291	-0.0191540846	0.0121560668	-0.1811997341	0.0870566493	-0.0475389212	-0.07789856	-0.0530609337	-0.1443767498	-0.1104844722	0.0948654713	-0.0704484286	0.0	-0.0297461663261486	7.078906577400596e-06	0.0008848344111028	5.0110918331565405e-11	0.2120931726886965	-0.0078337391046261	6.136746835934931e-05	0.0449835139011572	-0.0651679759388343	-1.8645612584508583e-05	3.4765886865158496e-10	0.0042468650879644	0.0025267179054817	0.0002460039288369	6.051793300319058e-08	6.384303373881829e-06	-0.0004351302799923	1.2841593162099983e-05	1.6490651494089307e-10	1.893383605661774e-07	-0.0012899526650489	3.89522548998808e-08	1.6639778780667598e-06	1.517278161785288e-15
549.104345607375	-0.2720169166617552	301515.5823649035	0.0739932029501682	635.7914450634485	-1.8566290318281065	404230.761615868	3.4470713618269717	528.9529076303754	-0.1749706779207827	0.0306147381320582	279791.1784906285	532.2996848962132	478.9470678442066	1.045061	17.761322	0.0601041023716915	0.0416409008265235	0.011356428	0.1108683567	0.0212088513	0.1232480222	0.0694193861	-0.0188875203	-0.0585203889	-0.0419180125	0.0796919886	0.0854484547	-0.1417198525	0.0468642224	-0.0495046696	-0.0958052616	0.0139972216	-0.1294217609	-0.0043309613	0.0041526828	0.0736329378	-0.0939961833	0.0193018281	-0.1362180998	-0.038829286	0.0006422289	-0.078552322	-0.0547133439	0.1232595976	0.0430938705	-0.1147714795	-0.0002124412	-0.0221624368	0.0627191025	0.0959662893	-0.0138328603	-0.0186677515	0.0374789589	-0.1301093155	-0.013950673	-0.1322922198	-0.1421416417	0.0508578364	0.0718140991	-0.0514470352	-0.0780021094	0.0216903875	-0.0658241341	-0.1014856597	-0.0975622688	0.0401231964	0.0673823656	0.0804036258	-0.0794040539	0.0096175453	0.0637332188	0.1064811607	0.0243413312	-0.0780547633	0.007693823	-0.0600511725	0.0184739473	-0.0362281737	0.1278550473	0.0464371727	0.065775648	0.038225557	0.0782121387	0.0687628027	-0.0171681591	-0.057970608	-0.0803877288	-0.0622656442	-0.0652341263	-0.0594476981	-0.139508363	-0.0075011511	-0.0314592803	-0.0218015415	0.0980782794	-0.0147374804	-0.0214768504	0.0366563309	0.1028680046	-0.1147403455	0.0205958553	0.0225233663	-0.0268025792	-0.0312641812	0.0194188349	0.0069770095	0.0581493403	0.0089314083	0.1123291239	0.0184343744	0.0053330139	-0.1424512758	0.111412581	0.0460102485	-0.006912911	-0.0877923955	-0.0002546062	-0.1111951025	0.0975848992	-0.0761215592	0.0	-0.0387260822726176	-0.0089799159464689	0.0014997094481855	8.06388904056482e-05	0.2496563739458537	0.0375632012571571	0.0014109940886856	0.0623283050517919	-0.0653260604604497	-0.0001580845216153	2.4990715974367516e-08	0.0042674941752823	0.0023681518174422	-0.0001585660880394	2.514320427615044e-08	5.608143030454795e-06	-0.0005440282802811	-0.0001088980002887	1.185877446689948e-08	2.959667697456111e-07	-0.0012893587404482	5.939246007001606e-07	1.6624459615701685e-06	3.527464313168453e-13
549.078668268129	-0.0256773392459308	301487.3839471021	0.0006593257507506	637.2686729869623	1.4772279235138512	406111.3615705639	2.1822023380090445	529.7155159711838	0.7626083408083559	0.5815714814704736	280598.52786061744	532.2978891486187	473.4103402460197	1.023183	17.389502	0.0218976686075286	0.0111781565497954	0.0069190888	-0.0226608175	0.0182400411	-0.0553801901	-0.0208963536	-0.0657586144	0.0615327451	-0.0789426465	-0.0882561561	0.0421792701	0.0170398007	0.0971115175	-0.019775645	-0.0242741524	-0.0992348036	0.0291008164	0.0111985616	0.0707019644	-0.0140468152	-0.0405921669	-0.1150301487	-0.1544411246	-0.1392527823	-0.0996400155	0.037487501	-0.0724824541	-0.0557470714	-0.0273277187	0.0473080781	-0.0616327965	-0.0454751209	0.017156267	0.090502091	-0.0060231307	-0.0806473244	-0.0524632916	0.0701098619	0.0107405729	0.0562162861	0.0140420181	-0.0561997042	-0.1463963055	-0.0537130301	0.143282275	0.0133188789	0.00279282	-0.0720169042	0.0168769577	0.1027977709	-0.0299402219	0.049789358	0.1286753041	0.00663958	-0.0169655782	-0.0151294744	-0.0262589308	-0.2316295284	-0.020938479	0.14825572	0.0105774104	-0.0478179922	-0.0320917934	-0.0428443642	0.0031502672	-0.0205655733	-0.0853067425	0.0142445325	-0.0217555793	0.0103258991	-0.0159474705	-0.0256207322	-0.0116635646	-0.0871831686	0.0210958308	-0.0002185851	0.024527321	-0.0191536876	0.0075929411	-0.0994019824	-0.0122172704	-0.1600993875	0.031989567	0.0103217337	-0.0284813384	0.0059806095	0.0723716748	-0.0250567841	0.0564104977	-0.0727007607	0.0976149794	0.0618788903	0.1130483208	0.0496140823	0.010906974	-0.1250046944	0.0682316484	-0.0112906112	0.0159226858	-0.0156605077	0.0008207084	-0.1118563022	0.1001308247	-0.0814902283	0.0	-0.0332859303612735	0.005440151911344	0.0011079531600155	2.9595252818500805e-05	0.2410519431412581	-0.0086044308045955	7.403622947107335e-05	0.0581060392921763	-0.0651699091082207	0.000156151352229	2.4383244802946195e-08	0.0042471170531737	0.0022291425094292	-0.0001390093080129	1.9323587714253084e-08	4.969076327344312e-06	-0.0005589381382389	-1.490985795779998e-05	2.2230386432177143e-10	3.124118423779677e-07	-0.0012893782652646	-1.9524816400164416e-08	1.6624963109367495e-06	3.8121845546012925e-16
549.0889302315136	0.0102619633845506	301498.653302788	0.0001053078925058	636.4677358166925	-0.8009371702697763	405091.1787356272	0.6415003507197566	529.5333349704742	-0.1821810007095337	0.0331899170195271	280405.5528449525	532.3052262135955	472.891342777259	1.011185	17.185589	0.0504293376074739	0.0420179171930596	0.0008718733	-0.0685329909	0.0955058466	-0.022334115	-0.106355945	-0.0317421361	-0.0540460366	-0.021377344	0.071812107	0.0773801755	0.0742774303	0.0492828254	0.0186228818	0.0915103629	-0.1085935895	-0.018400904	0.0068439015	-0.0574880574	0.0464788265	0.1368556216	-0.0693685353	0.0635321993	-0.1448834393	-0.0227826197	0.0667174207	0.0963822945	0.0902798338	-0.025321433	-0.0222184554	-0.0178588847	0.0228277638	-0.0632513669	-0.0515946092	-0.0337056276	-0.0998482378	0.0373135233	-0.0223438487	0.0309096917	0.0392662045	0.0874892711	0.0761380517	0.0212727252	0.1466111996	-0.0331849331	0.0899624068	0.0046945899	0.0143458135	0.1181728565	0.0277128847	0.0413014108	-0.0612222147	-0.0675245705	0.0862137493	-0.14920564	0.0438248848	-0.0765247053	-0.0547572362	0.0314998538	0.1079849736	0.0223371151	0.0376375582	-0.040173457	0.0778818812	0.0657344932	0.0449909297	-0.1089765304	0.0148844891	-0.0457957012	0.1159922241	0.0827822653	-0.0230105468	-0.0850909735	-0.1094975965	-0.0181173684	0.0669362082	0.0313894282	-0.0206583216	-0.1212439994	-0.0167136892	0.0756494311	0.0391264805	-0.1123496885	-0.082770072	-0.0176608517	-0.0721945555	0.081577324	0.0521884478	0.0510979108	-0.0590595634	0.006807572	-0.0764136176	-0.0034370912	-0.0503776698	0.1189612627	0.0786672542	0.0038367379	-0.0078474623	-0.0359795628	0.0573659637	-0.0520767469	-0.1124677771	0.1024987213	-0.0865329627	0.0	-0.0345899779949832	-0.0013040476337096	0.0011964665776934	1.7005402309838638e-06	0.2019133151866583	-0.0391386279545998	0.0015318321981685	0.0407689868496668	-0.0652478651417851	-7.795603356440528e-05	6.077143169094682e-09	0.0042572839055605	0.002389122675238	0.0001599801658087	2.5593653452211127e-08	5.707907157336378e-06	-0.0005970412253806	-3.810308714170005e-05	1.4518452497279875e-09	3.564582248039685e-07	-0.0012892873985031	9.086676150014615e-08	1.6622619959388912e-06	8.256768345524441e-15
549.7348142949328	0.6458840634192029	302208.3660478842	0.4171662233789009	637.8215508296572	1.3538150129646738	406816.330702749	1.83281508932854	529.7648401260376	0.2315051555633545	0.0535946370524129	280650.78583376616	532.9984296088736	480.2420719407752	1.056597	17.95738	0.0505653112504604	0.0246581772433455	0.0290850482	0.0233622803	0.0979709534	0.037555681	-0.0263789538	0.1205260432	0.0311939394	-0.0156039981	-0.0354946379	-0.0293371221	-0.063211187	0.1131224598	0.0799211315	0.0109487442	0.0803554588	0.0591298388	-0.0066520771	0.1790773209	0.0111683402	0.0398013883	0.1284228278	-0.0969240877	0.0713724455	0.0775706572	-0.0505258875	-0.0834006114	0.0619640225	0.0113210769	0.1042299241	0.0039042052	-0.128218769	-0.0392769962	-0.0433413362	0.0855326425	0.0594396668	-0.0115164159	0.0907109955	0.1392608774	0.0874937993	-0.0265707673	0.0211331353	0.0641695901	0.004779201	0.0536557337	0.1690011926	-0.0067536308	-0.0646053286	0.0007688986	-0.09655795	0.0459012146	0.1301440053	0.0913672691	0.0896023941	-0.0817390732	-0.0593787221	0.0113144275	0.0758205472	0.1108227911	-0.0200335165	-0.0041337309	-0.1546878321	-0.0273630928	0.0060625242	-0.1862605133	-0.0027797298	-0.0649079215	0.0698680837	0.0049843786	0.0410347813	0.0678920129	0.0338493844	0.0036806555	-0.086816863	0.1162119934	-0.0572676345	-0.0750928668	-0.0259180456	-0.0160913292	0.0784768921	0.0288891628	0.004860268	0.1247306863	-0.0048154809	-0.0689819941	-0.0401098761	-0.0885840189	0.0377562913	-0.085300146	-0.1587674907	6.59768e-05	-0.0519050545	0.0340823675	-0.0343954048	0.0985088834	-0.0237053287	0.068446457	-0.0372872808	-0.0301056647	-0.0535675296	-0.1057853741	-0.1130292557	0.1046843788	-0.0912295932	0.0	-0.0437142522388569	-0.0091242742438737	0.0019109358488024	8.3252380477417e-05	0.2153286605781659	0.0134153453915076	0.0001799714919734	0.0463664320663869	-0.0817648115764342	-0.0165169464346491	0.000272809519525	0.0066854844121297	0.0022656862984912	-0.0001234363767468	1.5236539104377995e-08	5.133334403170754e-06	-0.0004909623526712	0.0001060788727093	1.1252727235297084e-08	2.410440317404398e-07	-0.0012899470526555	-6.59654152400076e-07	1.6639633986546113e-06	4.351436007786627e-13
550.0750986258244	0.3402843308915635	302582.6141282104	0.115793425850319	639.2847951253256	1.4632442956683462	408685.0492784295	2.141083868805955	529.5809512478965	-0.1838888781411469	0.0338151195040095	280455.9839246269	532.2930781076225	479.99222016035975	0.966316	16.42301	0.0646079301435385	0.0338908169524332	0.0272496644	0.129844028	0.067077633	-0.1113736587	0.0851814239	0.0527697242	0.0930263431	-0.0856870572	0.069276779	-0.0412767934	0.0845834631	0.0474161858	-0.0206315367	-0.075450997	0.0923766943	0.0665992441	0.0089717608	0.0277587844	-0.0997278188	-0.0374680254	-0.0067927439	0.1383732706	0.0112211726	-0.0607646368	0.1997394119	-0.1289802114	0.0493855172	0.1296105143	-0.0581520159	0.0936674262	0.1202805224	0.0639988156	-0.0107854521	0.0593820281	-0.0023356142	-0.0051218848	-0.0160702759	0.0003884802	-0.2058032139	0.0580960529	0.1194643232	0.0187242711	0.0377519596	-0.0324041809	-0.052024129	-0.0563458577	-0.0898154393	-0.090018958	-0.0329575975	-0.0029420551	-0.0305561208	0.0332876258	0.0159220314	-0.0575678335	-0.1940299056	0.0364080604	0.1051862451	0.008764248	-0.0158849011	0.0573991761	-0.1721134091	-0.1439759995	0.0566967952	0.0242077654	0.0057536416	0.1992448947	0.0611979451	-0.0765100223	-0.0130196525	-0.1671287683	-0.0798674389	-0.0280789358	-0.0782827595	-0.0364400924	0.1127181328	-0.027945884	-0.0379972686	0.1028031189	0.0535334244	0.064609714	-0.0712128231	-0.0655552335	0.0035775088	-0.0877415555	0.0612898863	-0.1423270129	0.0527703702	-0.0873390194	-0.0418358164	0.0434604025	0.0189646445	0.0217711737	-0.0956576533	0.0582177779	-0.0421732939	-0.0718505233	0.0134803279	-0.0438416389	-0.0663864173	0.0242851449	-0.1135404882	0.1066839114	-0.0955613349	0.0	-0.0361128113236759	0.007601440915181	0.0013041351416994	5.778190398698778e-05	0.2365470147306894	0.0212183541525234	0.0004502185529419	0.0559544901780009	-0.1041382945596183	-0.0223734829831841	0.0005005727407988	0.0108447843937858	0.0022000562582084	-6.563004028279978e-05	4.307302187521922e-09	4.840247539281946e-06	-0.0006929204223335	-0.0002019580696622	4.078706190172239e-08	4.801387116868359e-07	-0.0012892421207476	7.049319079000492e-07	1.6621452459097691e-06	4.969289947756034e-13
549.7834017793028	-0.2916968465215177	302261.7888720224	0.0850870502705978	637.8084466868434	-1.476348438482205	406799.6146650839	2.179604711808845	529.9205162525177	0.3395650046212495	0.1153043923634292	280815.75354533485	532.7389375203688	479.92119887732434	1.025944	17.436426	0.0987159351694473	0.0435680502635283	0.0503746481	0.0646226272	0.110806676	0.0955150117	0.0333626156	-0.1506477244	0.0937929586	-0.1263239769	0.0279654018	-0.0474624049	-0.036714437	-0.0690749209	0.0747024444	-0.0421161117	-0.098816129	-0.1067910816	-0.0776724273	0.0369844716	-0.014173151	0.0413507666	-0.1240244872	0.0484997619	-0.0268068157	0.0049959959	-0.0542638134	-0.0093431904	0.0588029271	0.0518328506	0.1085081537	0.0931434256	-0.0250917587	0.0688833646	0.0744831721	-0.0817799292	0.0489967663	-0.0573836362	-0.0659272705	0.1081348211	0.051791475	-0.0457146125	-0.0949891106	0.0726410236	-0.0477816306	0.0323895606	-0.1635327781	-0.2064395781	0.0847738395	-0.0147952174	0.1354666476	0.0734694749	0.0389645876	-0.0383102697	-0.1020898907	-0.0958249986	0.0025842316	0.0028269785	0.0153913821	-0.0701764377	0.0402582173	0.0488001095	-0.040986186	0.0274490322	-0.0676325421	0.0585835705	-0.0105691692	0.1159828812	0.0801379051	-0.0054770764	-0.1714482143	0.0630681422	-0.034132198	6.54512e-05	-0.0585978806	-0.0918664114	-0.160986144	-0.0446408428	-0.0379534789	0.0373977077	-0.1122921811	0.0568603723	0.049481042	0.0059735892	-0.1269474128	-0.0922280657	0.0322775081	-0.0755154774	0.0529757235	0.0024313984	-0.0460350021	0.1676566382	0.032581279	-0.0246989949	0.053283782	0.1010295464	0.0303136514	0.0406247646	-0.0387426709	-0.0410929153	0.088773042	0.1259094979	-0.1140012473	0.1084937639	-0.0995108621	0.0	-0.045369064885449	-0.0092562535617731	0.00205835204858	8.567822999983718e-05	0.254027634467775	0.0174806197370855	0.0003055720663925	0.0645300390732935	-0.0715042683976747	0.0326340261619436	0.0010649796635384	0.0051128603990867	0.0025841930773226	0.0003841368191141	1.475610957991755e-07	6.678053860882049e-06	-0.0004358553025129	0.0002570651198205	6.608247582837941e-08	1.899698447286116e-07	-0.0014349408959857	-0.000145698775238	2.059055374972243e-06	2.1228133105882364e-08
549.10872835513	-0.6746734241728518	301520.39555578795	0.4551842292851208	638.1574667568865	0.3490200700431387	407244.95237756666	0.1218150092929174	529.9171712057931	-0.0033450467245756	1.1189337589594589e-05	280812.2083387499	532.9730034186098	477.145180913758	1.058629	17.991926	0.0438924053922513	0.0236829200823229	0.0383561359	-0.0732331813	0.0743189871	-0.0591934911	-0.153042649	-0.0089586458	0.1325521656	-0.0623200228	-0.0599298851	-0.0026217054	0.0038034444	0.0732323162	0.0815915596	0.0958049202	-0.0481496688	0.1034975814	-0.0735281313	0.0444044487	0.0099776988	0.0529510607	-0.0581481123	0.0242672101	-0.0622719205	-0.1039627287	0.052336573	0.0031527504	0.075275926	0.140456438	0.0868854247	-0.0587656694	-0.0211048022	-0.0276749024	-0.0381345671	0.0671018088	0.0342789286	0.0435832778	-0.0845489758	0.0966054454	0.1351530803	-0.0832020062	0.0466839845	0.1316501701	-0.0212123885	0.1315439277	-0.1408275253	-0.1109182119	-0.0993875396	0.1109098066	-0.023413278	-0.0177206558	0.0921737004	0.1038434506	-0.0274519255	-0.0282616987	-0.0111004142	-0.1675813974	-0.1057186416	-0.0523595522	0.0549956769	0.114769187	-0.0187867385	-0.1687885735	0.0672183856	-0.0202377507	0.0013404909	0.0706657301	0.0266400848	0.0053623825	-0.0338550734	0.1678046799	0.0360060909	0.0116293544	-0.0028939365	-0.1021405546	-0.063051522	0.0111510592	-0.0176726916	-0.1208076923	-0.010894798	0.0126538941	-0.113302179	0.0913072501	-0.0203033242	-0.0932466625	-0.0817677634	0.0201628594	0.0739469587	0.0124480691	-0.0505033113	0.0593685381	0.0991099309	0.0285314911	-0.0092628445	0.03029807	0.0609451308	-0.0864671226	0.0121179455	0.0187661483	0.035681528	0.0515446132	-0.1144113283	0.1101107184	-0.103062378	0.0	-0.0513315521705806	-0.0059624872851316	0.002634928248241	3.5551254625356016e-05	0.239338619253175	-0.0146890152145999	0.0002157671679747	0.0572829746660162	-0.0676784067759399	0.0038258616217347	1.4637217148663148e-05	0.0045803667437295	0.0028125916205237	0.000228398543201	5.216589453638469e-08	7.910671623840133e-06	-0.0005819998523621	-0.0001461445498492	2.13582294506253e-08	3.387238281495062e-07	-0.0014211831636203	1.375773236539997e-05	2.0197615845578043e-06	1.8927519983797384e-10
548.8817065128083	-0.2270218423217329	301271.1277444126	0.0515389168911537	637.6038043581207	-0.5536623987658231	406538.6113319486	0.3065420518071253	528.972623041698	-0.9445481640951812	0.8921712342955773	279812.03592761426	531.7593706769732	472.2191978754853	1.035153	17.592937	0.0704993355103913	0.0333848139938307	-0.0125408757	0.0429348478	0.0200522988	-0.1052137249	0.0108921247	0.090188322	0.0188000298	0.0454858111	0.1146148411	0.0997703082	0.0936244213	0.1234534284	0.0054417209	0.0559440261	0.0864093824	0.025852149	0.0360486667	-0.1820725219	-0.0348951145	0.0835716836	-0.0864193176	-0.0324191805	0.0244953032	-0.0153317098	0.0052543334	0.1597332361	-0.007371187	0.0551243854	-0.0304085427	-0.0418313251	0.052496379	-0.0766846326	-0.0695634861	0.0255881892	-0.0625848709	-0.0679076075	-0.0648493481	-0.1427052438	-0.0615790653	0.0053116284	-0.1217532622	-0.1081898842	-0.063980158	-0.0217575383	-0.0155204959	-0.095848152	-0.0505453062	0.0023402172	-0.1262338147	-0.0244229532	-0.1161857066	-0.0624308606	-0.0321132833	-0.0324930453	-0.0709060255	-0.0535810892	-0.0949605244	-0.0091981363	-0.0877676105	-0.0154394449	0.0407012772	-0.0693314222	0.0716563587	0.1335010245	0.0296249352	-0.078390491	-0.0739163103	0.0206505244	0.0207073913	0.0253580406	0.0174287941	0.0467707312	0.0614570594	-0.0129080347	0.060514906	0.000373345	-0.0350553457	0.001545815	0.1343299163	0.0379537468	-0.0446433072	-0.1132408929	-0.1100527809	-0.0454765543	-0.0572787356	-0.0131410631	0.1294276131	-0.017567223	-0.0526180892	-0.0534979976	0.024989024	-0.0356380479	0.0018671837	0.032380086	0.0887971304	-0.0921490132	0.0306963578	-0.0264426498	-0.0271601607	0.0148649396	-0.1147705489	0.1115319001	-0.1062016776	0.0	-0.0373068698883969	0.0140246822821837	0.0013918025408697	0.0001966917131161	0.2259824761778048	-0.0133561430753702	0.0001783865578497	0.0510680795394521	-0.0889946835260673	-0.0213162767501274	0.000454383654488	0.0079200536959048	0.0029707299028366	0.0001581382823129	2.5007716332874462e-08	8.825236155607554e-06	-0.0004359176581747	0.0001460821941874	2.1340007458605244e-08	1.9002420470851459e-07	-0.0012893589720664	0.0001318241915538	1.6624465588481238e-06	1.7377617478839298e-08
548.1570635597251	-0.724642953083162	300476.16633042047	0.5251074094530856	636.9508163189066	-0.6529880392140512	405706.3424093215	0.4263933793566113	528.6764665671757	-0.2961564745222631	0.0877086574014558	279498.806301954	532.2296949851749	472.2136633809863	0.991584	16.852455	0.0756009875064566	0.0462276190098661	-0.0358805855	0.0820408909	-0.0184843211	0.0998503987	0.0817217534	-0.0053477631	-0.0809315798	-0.075777902	0.0665454543	0.061210883	-0.1440720435	-0.0063291022	-0.0146941069	-0.1177745261	0.0147529938	-0.1016221154	-0.0449963882	0.0341700172	0.0441530293	0.0184206798	0.0178701855	-0.1382842412	-0.0242206711	0.0039827847	0.0129713238	0.0737624497	-0.1063306637	0.0262371718	0.0790708931	-0.0274456963	-0.0830882733	0.031793968	-0.1458503574	0.1412878095	0.010078569	0.0415196357	-0.0799981152	0.037027787	0.0316889643	0.0588994304	0.1078882561	0.1123531905	-0.0974027127	-0.0493706529	-0.0490255347	0.051506644	-0.1077921956	-0.1150883698	0.0265605599	0.09058056	0.0811937626	-0.0254177279	-0.014358235	0.031438118	0.0374313858	0.0796490505	-0.0847505802	-0.0206949111	-0.0496477826	-0.0586217646	-0.0945759367	-0.0077642926	0.0929607864	0.0346072405	0.0592586941	-0.1161511075	-0.0302023974	-0.000892952	-0.0033969863	0.0311327105	0.0251139522	0.1155324559	0.0293161684	-0.0743724506	-0.0643426184	-0.0142764537	-0.0385984712	0.0819434471	0.0121131621	-0.0014287038	0.0421496267	0.0899893848	-0.1203059223	-0.0927362524	-0.0377804373	-0.0848384916	0.0338109476	-0.0816273084	-0.0090871047	0.0161024945	0.0213796282	0.0078593411	0.0904018579	0.0238615658	-0.0215188755	-0.0938654099	0.0160348545	0.0243342446	-0.0061507101	0.0043916855	-0.1150787493	0.1127547821	-0.1089162049	0.0	-0.0342408715830231	0.0030659983053737	0.001172437286765	9.400345608554989e-06	0.2624061486938984	0.0364236725160936	0.0013266839195596	0.0688569868723643	-0.0713387632529531	0.0176559202731142	0.0003117315206905	0.0050892191424608	0.0027081998065203	-0.0002625300963162	6.892205147184575e-08	7.334346192036589e-06	-0.0004358902471022	2.7411072499978432e-08	7.51366895599074e-16	1.9000030751881698e-07	-0.0013959093929151	-0.0001065504208487	1.948563033228603e-06	1.1352992183035091e-08
548.0758205329694	-0.0812430267557147	300387.10505288764	0.0066004293964297	635.0627153769307	-1.8881009419759491	403304.65246192046	3.564925167090468	529.0502716813769	0.3738051142012182	0.1397302634029857	279894.1899661387	531.6512842968436	465.3977995993626	1.030157	17.508026	0.0360711919011195	0.0227250769156935	-0.0494842716	-0.0457400529	-0.0750663612	-0.0623311052	0.0038459415	-0.1018737686	0.0037913519	0.0074620315	-0.1214802483	0.1419541054	0.0372349229	-0.0102300302	-0.0387967438	-0.0611118195	-0.1202379248	0.0945396732	-0.0717752552	-0.0469218828	0.0152287816	0.0388883101	-0.0580156359	-0.1344662835	-0.1022647217	0.0066782932	-0.0019748847	-0.0031184124	0.0450481967	-0.1224909023	-0.0673362014	0.0325291373	-0.0966321255	0.0361340143	0.0669067372	0.044239486	0.0032041584	0.101730641	-0.0344348091	-0.0299336536	-0.0078924889	-0.1057625956	-0.0503349339	0.0532390445	0.1334375622	0.0848551592	-0.0413465384	0.0444447023	-0.0472598946	-0.01991865	0.1098261814	-0.0839005675	-0.0254431812	0.114040716	-0.0014951384	-0.0937579422	0.0447503589	0.047191953	-0.1373783682	0.0808305052	0.0668672656	0.0661360073	0.0162110544	0.0795376897	-0.0861420254	0.0174461089	0.0372182443	-0.009042077	0.1023635258	0.0348679784	0.0487010299	-0.0202595977	-0.0620682387	-0.0343701269	-0.0581376784	-0.046367039	-0.0031600994	-0.1080267544	-0.0218640588	0.037253824	-0.1184420279	-0.0436402715	-0.1408454856	-0.0156694229	-0.0093741808	-0.0508933888	-0.0941438698	0.0872054795	0.0085533356	0.0092643648	-0.1010772288	0.046874661	0.0533037757	-0.1061382522	0.17598512	-0.0145757564	0.0434836528	0.0251951384	0.0086927516	0.0677109243	0.0305034068	0.0533804406	-0.1153357926	0.1137771902	-0.1111951025	0.0	-0.0405076289405883	-0.0062667573575651	0.0016408680023883	3.927224777859754e-05	0.2625550769570139	0.0001489282631155	2.2179627554606146e-08	0.0689351684359035	-0.0500639724000393	0.0212747908529138	0.0004526167258352	0.0025064013324718	0.002834691997404	0.0001264921908837	1.6000274354558422e-08	8.03547872014628e-06	-0.0004360371233231	-1.468762209000038e-07	2.1572624265866712e-14	1.9012837291588438e-07	-0.001436884634361	-4.09752414458999e-05	2.0646374524627447e-06	1.678970411549793e-09
548.6132749999722	0.5374544670028172	300976.5255061951	0.2888573041012823	637.309588815974	2.246873439043384	406163.51199678594	5.048440251078643	529.0343260424478	-0.0159456389291108	0.0002542634008575	279877.31813118694	532.1655594993779	469.8224535653757	1.033797	17.569895	0.0511920657273587	0.0284287482692885	-0.0040547313	-0.0854643166	0.0359531519	0.0119555952	-0.0963337821	-0.0391326137	-0.0620732605	-0.0180116471	0.0885649131	0.0977834328	0.025682848	-0.1094511855	0.0992783894	0.0644266571	-0.009906083	-0.0207850827	0.0280068442	-0.028656243	-0.0701331166	0.1463288016	-0.0881758211	-0.0203199177	0.0482098176	-0.0042286574	0.0040214358	0.0025955481	0.0276539627	0.1080534168	-0.032383455	-0.0748283316	-0.0011162862	0.1261477178	-0.1159328853	-0.0138396435	0.0045086981	-0.0259746292	0.0054928362	0.0266444069	0.0393330565	0.0838641139	-0.0925177999	0.0267458638	-0.0899612148	8.93564e-05	0.0961104336	0.0593673695	0.1701196708	0.0901940615	-0.0047489275	0.0408232642	-0.0237700981	-0.0741103386	0.0738735073	-0.140195268	0.00663434	0.0235545475	-0.0390660544	-0.0178162572	-0.0913882831	0.0626688554	0.016031827	0.0265229784	0.0430977744	-0.0139910169	0.0111261463	0.0767832021	-0.1240558932	-0.0424222865	0.0696443527	-0.0056721084	0.038631919	0.0744474672	-0.0153777903	-0.0906707041	0.1055709524	-0.0005477533	-0.0203298864	-0.0967641179	-0.0248014857	0.0071558626	0.0208743939	-0.0862068216	-0.1277625287	-0.0517568232	-0.1779190577	0.0311034532	0.05776081	-0.0690996515	-0.0470323742	-0.0232336388	-0.0380540256	-0.0382409004	0.0288326927	-0.0076885879	0.0014576916	-0.0712042643	0.017459622	-0.066220971	0.066933849	-0.0539828565	-0.1155415645	0.1145973067	-0.1130292557	0.0	-0.0338893734090106	0.0066182555315777	0.0011484896300553	4.380130628125885e-05	0.2428658040597895	-0.0196892728972244	0.0003876674672213	0.058983798781608	-0.0667172608557109	-0.0166532884556716	0.0002773320163878	0.0044511928960889	0.0029546882176206	0.0001199962202165	1.4399092866270758e-08	8.730182463345998e-06	-0.0004361904674892	-1.5334416609999416e-07	2.351443327690259e-14	1.9026212392844685e-07	-0.001481360046836	-4.44754124750001e-05	2.1944275883619565e-06	1.978062314821395e-09
549.0382661009771	0.4249911010049345	301443.01764316735	0.1806174359333864	637.4068381649324	0.0972493489583712	406287.47733941633	0.009457435872827	529.2499390670231	0.2156130245753047	0.0464889763665109	280105.49800244765	532.0386983010148	476.43339991697474	1.057951	17.980396	0.0305202483485205	0.0212875486445715	-0.0098312647	0.035253832	0.0305954278	0.0102766666	0.0007648168	0.1508634052	-0.0009642589	-0.027402292	-0.1325739362	0.0358348419	-0.1320009703	-0.0850516857	0.0719667049	-0.0007603269	0.1378364119	0.0335028766	-0.0393489347	0.1168074634	0.0224095591	0.1191513211	0.0480652664	-0.0537249706	0.1195132992	0.0081528387	0.1006587691	-0.07390367	-0.106143068	-0.0780276155	-0.0976514068	0.2094670177	-0.0974299879	-0.0708888045	-0.0131495858	0.028559363	0.0427693305	-0.0094380409	-0.008983785	-0.0792058054	0.104145913	0.02986103	0.0014266681	-0.1228323895	-0.1244181123	-0.0304740605	-0.1193669453	-0.060824088	-0.0198262098	-0.0412744884	-0.121536297	0.0266024449	0.0907616862	0.0787212681	-0.0585989008	-0.0657413022	-0.001454335	0.15328937	0.0756208472	0.061771325	-0.0558224566	0.077579851	0.0136931446	-0.0419816816	0.0418624637	0.0294465339	-0.0509077382	-0.0499086701	0.0364104316	-0.0424212745	0.0993184513	-0.0207203223	-0.0185488259	0.1756968711	0.0415322209	0.1030356236	-0.1461505781	0.047387654	-0.0327829155	0.0223771246	0.0642643334	0.0197353461	-0.0460705663	0.1345661604	-0.0444019665	-0.1020112989	-0.0824421941	-0.0273892075	0.0310947945	-0.1782053549	-0.1409860733	-0.0466091876	0.0391329291	-0.0669908722	-0.073222336	-0.0375286255	0.0139320495	-0.0444039985	0.0568002075	0.0644621555	-0.1110661095	0.0409089449	-0.1156959735	0.1152136733	-0.1144113283	0.0	-0.0383103738377883	-0.0044210004287777	0.001467684743591	1.9545244791252627e-05	0.2442815172734356	0.0014157132136461	2.004243903292207e-06	0.0596734596814118	-0.0875714853697076	-0.0208542245139966	0.0004348986800801	0.0076687650498569	0.0029286909355058	-2.5997282114800097e-05	6.75858677356505e-10	8.577230595713837e-06	-0.0004360961481755	9.431931370000937e-08	8.896132936840775e-15	1.9017985045350765e-07	-0.0014308654444225	5.0494602413500046e-05	2.047375920042398e-06	2.549704872897444e-09
549.2005041718351	0.1622380708579385	301621.19378259784	0.0263211916357054	637.5113368856496	0.1044987207171743	406420.7046577282	0.010919982631526	530.0136028357914	0.7636637687683105	0.5831823517294197	280914.419190976	532.6401618681543	472.6954116002392	0.939424	15.965973	0.0775315626682064	0.0430664200740153	-0.0480247449	0.0637141679	-0.0106783353	-0.0979384265	0.0972656562	-0.0058435624	0.0042394736	-0.0408431989	-0.0282792474	-0.0076132218	0.0130948178	-0.0921587674	0.0430523837	-0.0906159423	0.0591351633	0.0692864026	-0.0967809581	0.022982743	-0.007001733	-0.06617334	-0.1260376612	0.0134545208	0.0076759405	0.1954301128	0.1059146077	0.1012651915	0.0774731918	0.218005568	-0.1020711698	0.1060880064	0.0157215947	-0.0762023971	0.0317893338	0.0142458752	-0.0261516543	0.0155196407	0.1053044839	0.0463599522	0.080793078	0.052594934	0.0056336403	0.0313334939	0.02062965	-0.0625934558	-0.0843476321	0.0525964893	0.1122651101	-0.0942540372	0.0198413623	0.0060841416	-0.0543334312	0.0053116481	-0.0956590656	-0.0794967807	-0.135655286	0.1418550927	0.0323692331	0.0338461729	0.0431029666	-0.0236858215	-0.134145501	0.0045430697	0.1376356514	0.1126834777	0.0138088373	0.1598456415	-0.0319795972	0.0136966336	-0.0509545192	0.1528807577	0.0442785864	0.0290860974	0.1647209703	0.0073487291	-0.0947976978	0.1015234519	-0.0446681164	0.1010525776	-0.0064951486	0.022942915	-0.0995024591	-0.0895430117	-0.0353121842	-0.135462788	0.0527567366	-0.1295107558	0.1015021922	-0.1258955193	0.0003852466	-0.0744255988	-0.0376384844	-0.0590671807	0.0022697959	-0.0298065272	-0.043447166	-0.1508886946	-0.0958559395	-0.0222030861	-0.0910251338	-0.0153457366	-0.115798951	0.1156251942	-0.1153357926	0.0	-0.0288305531048109	0.0094798207329773	0.0008312007923293	8.986700112938813e-05	0.2751166014486017	0.0308350841751661	0.0009508024160895	0.0756891443926287	-0.0875422448936547	2.924047605290525e-05	8.550054398005254e-10	0.0076636446410206	0.0025066013293238	-0.000422089606182	1.7815963564687589e-07	6.28305022416784e-06	-0.000616116234404	-0.0001800200862285	3.2407231445716576e-08	3.795992142961647e-07	-0.0012892267911528	0.0001416386532696	1.6621057190261454e-06	2.006150810005429e-08
549.4093890847571	0.2088849129220307	301850.676814486	0.0436329068464443	637.4612241723072	-0.0501127133424006	406356.8123232565	0.0025112840385376	529.7873653684344	-0.2262374673570093	0.0511833916361138	280674.652504027	533.0750692004779	472.2376037181384	1.012281	17.204218	0.0397628005009131	0.0184043295737496	-0.042565882	-0.0044048473	0.0501912337	0.1196014922	0.0268223073	-0.1143667618	-0.0307611064	-0.1366026075	0.0440588566	-0.0608922673	-0.0278856635	-0.0064124055	0.010966666	0.0135080217	-0.0633828758	-0.0951041503	-0.0583702176	0.1097175315	0.0775122996	-0.0404028868	-0.0338104192	0.0923867164	0.1190818433	0.0718919007	-0.0158683214	0.0140283139	0.0199317707	0.0048783404	0.0510475194	-0.1436775542	-0.1136114056	-0.0070788164	-0.1848664952	0.0420141166	-0.0028152244	-0.2625700443	0.0017668099	-0.0331986993	0.1019181514	0.0002522084	0.0232639307	-0.1368249328	-0.0092291591	-0.0034913933	0.0861384414	-0.0484853794	-0.0964182902	0.0188624333	0.1024460635	0.1366227625	0.0501169119	-0.0437511307	-0.1262048269	-0.0126163908	-0.0778997564	-0.0068644619	0.0220163851	0.0366250962	-0.0180605941	-0.1171835434	0.0951810071	0.0189027428	0.0748465955	0.0311708272	0.0183482551	0.0040459964	-0.061912116	0.0454090025	0.0392417028	-0.0204349211	0.0715932734	0.1070746387	-0.0459481592	0.0591586916	-0.0658567858	-0.0667460943	-0.0462581583	0.0253465829	-0.1111973624	0.0426032783	0.0346100286	-0.0127926871	-0.1067024512	-0.1325607052	-0.0305692021	-0.146710132	0.0541206306	-0.0356634712	0.0741871361	0.0455580557	-0.1214815948	-0.1710765874	0.0758499411	-0.0448799216	-0.1074768331	-0.1492696511	0.1127125986	-0.0328747572	0.0632928656	0.0300620933	-0.1158504512	0.1158311377	-0.115798951	0.0	-0.0327437800924172	-0.0039132269876062	0.0010721551347405	1.5313345456530258e-05	0.2662404346174298	-0.0088761668311719	7.87863376147967e-05	0.0708839690252779	-0.0976810570309396	-0.0101388121372849	0.0001027955115551	0.0095415889026816	0.0026320824993608	0.000125481170037	1.5745524033854585e-08	6.927858283441396e-06	-0.0005759232151432	4.019301926079999e-05	1.6154787972990387e-09	3.316875497408807e-07	-0.001460244492752	-0.0001710177015992	2.132313978612546e-06	2.9247054260273033e-08
