#!ascii label  , from subject sub-v1s2x0051487_ses-1 vox2ras=TkReg
12913
53501  -23.805  -40.454  76.370 1.0000000000
141236  -23.166  -40.488  75.942 1.0000000000
54516  -24.645  -39.585  75.835 1.0000000000
55436  -19.241  -39.293  76.391 1.0000000000
141399  -23.464  -39.742  74.776 1.0000000000
55447  -19.152  -39.161  75.571 1.0000000000
55413  -17.619  -38.730  78.215 1.0000000000
55414  -18.515  -39.027  78.245 1.0000000000
119846  -18.125  -38.656  77.663 1.0000000000
119639  -18.555  -38.778  76.916 1.0000000000
120560  -24.202  -39.407  75.013 1.0000000000
55435  -18.566  -38.578  76.000 1.0000000000
55455  -19.382  -39.000  74.108 1.0000000000
141275  -18.985  -38.142  73.665 1.0000000000
55468  -19.496  -38.536  73.220 1.0000000000
47528  -6.772  -46.860  88.183 0.3750000000
57425  -29.021  -36.479  80.550 1.0000000000
57418  -29.343  -37.019  80.939 0.8750000000
57432  -28.485  -36.602  79.768 1.0000000000
56387  -28.410  -37.470  79.532 1.0000000000
121446  -27.666  -37.079  78.325 1.0000000000
56407  -27.265  -37.748  77.683 1.0000000000
142999  -27.670  -37.724  78.266 1.0000000000
54443  -15.672  -39.963  79.786 1.0000000000
136368  -26.270  -38.287  76.442 1.0000000000
54477  -16.926  -39.127  78.616 1.0000000000
54517  -25.388  -38.948  75.791 1.0000000000
55449  -25.596  -38.327  75.543 1.0000000000
55423  -17.276  -38.335  77.620 1.0000000000
55458  -24.630  -38.756  74.617 1.0000000000
56421  -17.755  -38.016  76.329 1.0000000000
138250  -17.730  -38.338  77.094 1.0000000000
55457  -23.801  -39.225  74.232 1.0000000000
56436  -17.960  -37.940  75.465 1.0000000000
56450  -18.631  -38.193  74.341 1.0000000000
132972  -19.042  -38.968  74.832 1.0000000000
55480  -20.217  -38.861  72.623 1.0000000000
56490  -20.179  -38.219  72.015 1.0000000000
55490  -20.773  -38.612  71.802 1.0000000000
139133  -6.618  -46.699  87.620 0.5000000000
128012  -12.825  -43.230  84.677 1.0000000000
59178  -30.121  -35.327  81.056 1.0000000000
60944  -35.293  -32.834  80.836 0.7500000000
143095  -35.462  -33.403  80.887 0.6250000000
51549  -13.513  -42.557  83.410 1.0000000000
59187  -29.731  -35.271  80.560 1.0000000000
130607  -36.353  -33.378  80.703 0.6250000000
60958  -36.781  -33.127  80.557 0.6250000000
133273  -13.382  -41.546  82.198 1.0000000000
59199  -28.680  -35.425  79.103 1.0000000000
142574  -37.151  -32.942  80.436 0.7500000000
53445  -14.135  -40.165  80.382 1.0000000000
53432  -14.535  -40.685  80.963 1.0000000000
58334  -27.970  -35.683  78.641 1.0000000000
143664  -14.533  -39.172  79.646 1.0000000000
57447  -27.441  -36.131  78.003 1.0000000000
54476  -15.963  -39.003  78.548 1.0000000000
141086  -26.343  -37.151  76.194 1.0000000000
55422  -16.577  -37.963  77.543 1.0000000000
55412  -16.604  -38.417  78.094 1.0000000000
56452  -25.494  -37.772  74.969 1.0000000000
140734  -26.004  -38.092  76.045 1.0000000000
56405  -16.918  -37.889  76.916 1.0000000000
55459  -25.226  -38.413  74.924 1.0000000000
56420  -16.972  -37.436  76.256 1.0000000000
124180  -17.302  -37.313  75.639 1.0000000000
56451  -24.981  -38.048  74.403 1.0000000000
55472  -24.323  -38.422  73.918 1.0000000000
56435  -17.621  -37.235  74.914 1.0000000000
122592  -18.106  -37.870  74.796 1.0000000000
55483  -23.296  -38.443  72.531 1.0000000000
56467  -24.073  -38.040  73.119 1.0000000000
55493  -22.742  -38.418  71.804 1.0000000000
56466  -19.086  -37.496  73.012 1.0000000000
55482  -22.406  -39.006  72.257 1.0000000000
56515  -22.490  -37.971  71.220 1.0000000000
56489  -19.876  -37.561  71.884 1.0000000000
55491  -21.361  -38.518  71.466 1.0000000000
46617  -6.984  -47.333  88.692 0.3750000000
45618  -6.920  -47.676  88.517 0.3750000000
44457  -7.391  -47.569  88.476 0.3750000000
44467  -8.051  -47.991  87.762 0.3750000000
44460  -9.504  -47.345  88.408 0.3750000000
49599  -6.519  -44.768  87.700 0.3750000000
126293  -6.565  -45.782  87.815 0.3750000000
48568  -6.707  -46.315  88.498 0.5000000000
124638  -8.023  -47.066  88.913 0.3750000000
44458  -8.228  -47.486  88.414 0.3750000000
45610  -9.310  -46.876  88.908 0.3750000000
126240  -6.494  -44.461  87.022 0.2500000000
46611  -7.011  -46.914  89.484 0.3750000000
127309  -7.123  -47.246  89.699 0.3750000000
51527  -6.960  -42.409  84.856 0.2500000000
141216  -6.843  -42.037  84.199 0.2500000000
50574  -11.746  -43.981  88.084 0.8750000000
49600  -12.357  -44.552  88.834 0.8750000000
138738  -11.356  -42.558  86.459 0.8750000000
50585  -11.697  -43.532  87.113 1.0000000000
50586  -12.340  -43.951  87.164 1.0000000000
50587  -13.460  -43.807  87.352 1.0000000000
51519  -11.502  -42.605  85.764 1.0000000000
126586  -11.946  -43.179  85.569 1.0000000000
50597  -12.152  -43.550  86.314 1.0000000000
50598  -13.073  -43.637  86.417 1.0000000000
52424  -11.580  -41.879  84.536 1.0000000000
52425  -11.954  -42.189  84.024 1.0000000000
51538  -12.392  -42.838  84.316 1.0000000000
60040  -30.300  -34.022  80.197 1.0000000000
61875  -34.854  -31.758  80.624 0.7500000000
60956  -35.773  -32.378  80.790 0.7500000000
61878  -36.226  -31.934  80.668 0.7500000000
53412  -11.990  -40.928  83.079 1.0000000000
52444  -12.592  -41.171  82.524 1.0000000000
124756  -29.688  -34.436  79.292 1.0000000000
62904  -35.593  -31.022  80.436 0.7500000000
62906  -36.411  -31.313  80.474 0.7500000000
62913  -36.931  -31.030  80.308 0.7500000000
126352  -13.836  -40.437  80.961 1.0000000000
59200  -29.186  -34.655  78.630 1.0000000000
62912  -36.394  -30.612  80.474 0.7500000000
61894  -37.698  -30.710  80.012 0.7500000000
54461  -14.141  -38.673  79.768 1.0000000000
59209  -28.666  -34.416  77.665 1.0000000000
123158  -27.798  -34.822  77.441 1.0000000000
55410  -14.730  -37.831  78.907 1.0000000000
56394  -15.087  -37.146  78.213 1.0000000000
57474  -25.709  -36.892  74.973 1.0000000000
57491  -26.082  -35.995  74.936 1.0000000000
57475  -26.159  -36.635  75.653 1.0000000000
57446  -26.905  -36.266  77.139 1.0000000000
56404  -16.236  -37.320  77.298 1.0000000000
57457  -16.266  -36.109  76.465 1.0000000000
57490  -25.641  -36.256  74.091 1.0000000000
56419  -16.464  -36.997  76.686 1.0000000000
56469  -25.301  -37.246  74.266 1.0000000000
57489  -18.033  -36.506  73.708 1.0000000000
56492  -24.495  -37.202  72.718 1.0000000000
56449  -18.041  -37.293  74.263 1.0000000000
56465  -18.558  -37.358  73.677 1.0000000000
57516  -19.095  -36.610  72.513 1.0000000000
56517  -24.000  -37.252  71.966 1.0000000000
135352  -19.449  -37.287  72.366 1.0000000000
56541  -23.016  -37.332  70.816 1.0000000000
56556  -21.717  -37.065  70.091 1.0000000000
135534  -7.214  -45.856  89.698 0.5000000000
47524  -7.085  -45.760  89.828 0.5000000000
55350  -6.202  -38.687  84.976 0.5000000000
143039  -6.365  -39.065  85.627 0.5000000000
49588  -6.645  -44.938  88.373 0.3750000000
48563  -6.859  -45.859  89.136 0.5000000000
46610  -6.939  -47.007  88.764 0.5000000000
46601  -7.380  -46.541  89.885 0.3750000000
45603  -8.307  -46.504  89.589 0.3750000000
45605  -9.787  -46.584  89.556 0.5000000000
54361  -6.280  -39.396  85.470 0.5000000000
119686  -6.413  -40.524  85.766 0.5000000000
120346  -6.502  -40.896  86.540 0.3750000000
51501  -6.536  -42.705  87.632 0.2500000000
45602  -8.032  -46.931  89.301 0.3750000000
138834  -6.198  -39.659  84.950 0.3750000000
119951  -6.605  -41.387  85.880 0.2500000000
49579  -11.773  -45.106  90.464 0.7500000000
120939  -7.288  -37.866  84.940 0.5000000000
52423  -6.456  -40.821  84.012 0.2500000000
51526  -6.657  -41.513  84.947 0.2500000000
142664  -11.048  -43.954  89.907 0.8750000000
131620  -11.850  -44.966  90.385 0.8750000000
49580  -12.388  -45.316  90.006 0.6250000000
57379  -8.130  -37.253  84.055 0.6250000000
134352  -6.533  -41.186  83.505 0.2500000000
51502  -10.851  -42.887  88.285 0.8750000000
49589  -11.539  -44.207  89.253 0.8750000000
49590  -12.381  -44.883  89.665 0.8750000000
49585  -12.809  -45.285  89.715 0.8750000000
57390  -7.381  -36.796  83.343 0.6250000000
53419  -6.185  -40.478  82.605 0.2500000000
51546  -6.558  -41.293  82.799 0.2500000000
122700  -11.209  -42.142  86.965 0.8750000000
119883  -11.006  -42.537  87.673 0.8750000000
51511  -11.295  -42.932  87.049 0.8750000000
57404  -8.735  -36.549  82.804 0.6250000000
53365  -11.515  -41.346  86.804 1.0000000000
52416  -11.425  -41.846  85.331 1.0000000000
58305  -8.414  -36.109  81.144 0.5000000000
138534  -11.868  -40.547  85.236 1.0000000000
52434  -11.711  -41.326  83.906 1.0000000000
60982  -30.861  -33.621  80.295 1.0000000000
61876  -35.294  -31.646  80.607 0.7500000000
63978  -35.514  -30.311  80.474 0.7500000000
63988  -35.888  -29.627  80.612 0.7500000000
54395  -12.934  -39.338  83.712 1.0000000000
54394  -12.372  -40.047  83.203 1.0000000000
53420  -12.614  -40.527  82.091 1.0000000000
53430  -12.924  -40.086  81.542 1.0000000000
60048  -30.016  -33.842  79.437 1.0000000000
63979  -35.916  -30.395  80.520 0.7500000000
63989  -36.386  -29.796  80.573 0.7500000000
123756  -12.756  -39.374  82.932 1.0000000000
123817  -12.886  -39.431  81.770 1.0000000000
54427  -13.219  -39.371  81.200 1.0000000000
54441  -13.952  -39.428  80.118 1.0000000000
60064  -29.490  -33.969  77.909 1.0000000000
138807  -37.129  -30.006  80.386 0.7500000000
63997  -37.949  -29.758  79.725 0.7500000000
65043  -38.227  -27.953  78.116 0.6250000000
65981  -38.363  -26.885  77.809 0.3750000000
128147  -13.217  -38.790  81.676 1.0000000000
56378  -13.683  -37.923  80.644 1.0000000000
55393  -13.717  -38.665  80.302 1.0000000000
127471  -14.312  -38.095  79.486 1.0000000000
120936  -29.179  -33.950  77.007 1.0000000000
57431  -14.162  -36.604  79.669 1.0000000000
56386  -14.190  -37.422  79.513 1.0000000000
57444  -15.238  -36.332  77.822 1.0000000000
59229  -27.043  -34.871  75.632 1.0000000000
59218  -28.214  -34.360  76.780 1.0000000000
142091  -14.394  -36.160  79.136 1.0000000000
58327  -14.644  -35.507  78.894 1.0000000000
134278  -15.434  -35.700  77.524 1.0000000000
59241  -26.619  -35.229  74.894 1.0000000000
59230  -27.622  -34.402  75.025 1.0000000000
60098  -28.487  -33.707  74.717 1.0000000000
58338  -15.821  -35.321  76.926 1.0000000000
57473  -16.578  -35.843  75.764 1.0000000000
57458  -16.704  -36.699  75.951 1.0000000000
59249  -26.826  -34.824  74.170 1.0000000000
59242  -27.420  -34.401  74.230 1.0000000000
60110  -28.411  -33.575  73.946 1.0000000000
58354  -16.612  -34.967  75.798 1.0000000000
58355  -16.901  -35.419  75.155 1.0000000000
58362  -17.674  -35.549  73.956 1.0000000000
58380  -26.239  -35.183  72.852 1.0000000000
59259  -26.670  -34.642  72.692 1.0000000000
60109  -27.761  -33.999  73.514 1.0000000000
61070  -29.057  -32.970  72.024 1.0000000000
61974  -30.121  -31.935  71.474 1.0000000000
59247  -18.136  -34.902  73.542 1.0000000000
58377  -18.730  -35.742  72.683 1.0000000000
57518  -25.058  -36.342  72.618 1.0000000000
59258  -26.136  -35.037  72.217 1.0000000000
59271  -26.981  -34.179  72.008 1.0000000000
60140  -28.069  -33.330  70.869 1.0000000000
61085  -29.493  -32.461  71.269 1.0000000000
61990  -29.916  -31.900  70.627 0.8750000000
59257  -18.940  -34.964  72.270 1.0000000000
58378  -19.249  -35.872  71.982 1.0000000000
57545  -24.265  -36.349  70.941 1.0000000000
58399  -25.209  -35.390  71.175 1.0000000000
59270  -26.448  -34.396  71.452 1.0000000000
60139  -27.327  -33.643  70.565 1.0000000000
61094  -28.591  -32.948  70.275 1.0000000000
59268  -19.349  -35.040  71.350 1.0000000000
59276  -19.463  -34.551  70.503 1.0000000000
56513  -20.024  -37.136  71.188 1.0000000000
58397  -24.146  -35.949  70.244 1.0000000000
59278  -25.458  -34.537  70.066 1.0000000000
60148  -26.333  -33.818  69.433 1.0000000000
134169  -28.383  -32.897  69.585 1.0000000000
58396  -19.678  -35.426  70.388 1.0000000000
57542  -20.090  -36.178  70.184 1.0000000000
57557  -21.129  -36.301  69.287 1.0000000000
58427  -23.264  -35.638  68.911 1.0000000000
59286  -24.754  -34.641  69.286 1.0000000000
61119  -27.466  -32.883  68.066 1.0000000000
58424  -20.354  -35.553  69.069 1.0000000000
58425  -20.915  -35.730  68.754 1.0000000000
58426  -22.334  -35.595  68.579 1.0000000000
137975  -23.844  -34.633  68.069 1.0000000000
59307  -25.131  -34.059  68.610 1.0000000000
60167  -26.813  -33.389  68.654 1.0000000000
59317  -21.488  -34.448  67.517 1.0000000000
59304  -21.971  -35.076  67.972 1.0000000000
59319  -23.407  -34.348  67.577 1.0000000000
59320  -24.188  -34.151  67.754 1.0000000000
48564  -7.638  -45.627  90.120 0.5000000000
125758  -7.976  -46.144  90.228 0.5000000000
55351  -6.559  -38.770  85.751 0.5000000000
50572  -6.518  -43.724  87.724 0.3750000000
49581  -6.832  -44.640  89.146 0.5000000000
49582  -7.158  -45.254  89.611 0.5000000000
143665  -7.352  -45.303  89.917 0.5000000000
125314  -7.827  -46.171  90.099 0.3750000000
46596  -9.274  -45.612  90.505 0.3750000000
46598  -10.774  -45.832  90.313 0.6250000000
46606  -11.134  -46.424  89.941 0.6250000000
56335  -6.617  -38.204  85.060 0.5000000000
55345  -6.954  -39.021  86.510 0.5000000000
54350  -6.814  -39.513  87.014 0.5000000000
53374  -6.434  -40.291  86.438 0.5000000000
141100  -6.556  -41.181  87.111 0.2500000000
124722  -6.630  -41.973  88.213 0.3750000000
47509  -9.635  -45.070  90.989 0.5000000000
47511  -10.135  -45.271  90.924 0.7500000000
47517  -10.779  -45.412  90.533 0.6250000000
46599  -11.500  -46.105  90.157 0.6250000000
56325  -7.269  -38.478  85.812 0.5000000000
51493  -10.711  -42.705  90.689 0.8750000000
50561  -10.588  -43.858  90.727 0.7500000000
49576  -11.010  -44.669  90.697 0.7500000000
47518  -11.778  -45.707  90.232 0.6250000000
56348  -8.052  -37.664  84.690 0.6250000000
56336  -8.133  -38.156  85.415 0.6250000000
56326  -8.020  -38.570  86.170 0.6250000000
51498  -11.003  -42.490  90.505 0.8750000000
49578  -11.210  -44.773  90.588 0.8750000000
56337  -8.648  -37.807  85.010 0.6250000000
139070  -8.867  -38.084  85.439 0.6250000000
53357  -12.503  -41.063  88.987 0.8750000000
52388  -11.464  -41.856  89.255 0.8750000000
126341  -10.853  -42.744  88.983 0.8750000000
50566  -10.916  -43.448  89.450 0.8750000000
139579  -7.952  -36.614  82.805 0.6250000000
52391  -11.728  -41.396  88.316 0.8750000000
52396  -11.311  -41.718  87.610 0.8750000000
58294  -9.096  -36.319  82.035 0.6250000000
53366  -11.972  -40.980  87.505 1.0000000000
53387  -11.551  -40.990  85.862 1.0000000000
61891  -31.672  -32.449  79.564 1.0000000000
61903  -31.979  -31.890  79.360 1.0000000000
62930  -32.351  -31.295  79.128 1.0000000000
62945  -32.017  -31.044  77.627 1.0000000000
63986  -34.994  -29.871  80.407 0.7500000000
58306  -9.511  -35.882  81.294 0.6250000000
53388  -12.267  -40.236  85.877 1.0000000000
54362  -12.387  -40.004  85.098 1.0000000000
60996  -31.072  -32.780  79.208 1.0000000000
61006  -30.918  -32.603  78.481 1.0000000000
62946  -32.336  -30.300  77.015 1.0000000000
65000  -35.354  -29.024  80.506 0.8750000000
58317  -9.221  -35.535  80.483 0.6250000000
54375  -12.486  -39.866  84.227 1.0000000000
138782  -30.325  -33.080  78.141 1.0000000000
61911  -31.034  -32.238  77.783 1.0000000000
132513  -31.796  -31.123  76.758 1.0000000000
62954  -32.400  -29.914  76.150 1.0000000000
64035  -32.604  -29.301  75.711 1.0000000000
65001  -35.894  -28.747  80.612 0.7500000000
65949  -36.152  -27.848  80.540 1.0000000000
67881  -38.494  -25.559  79.388 1.0000000000
66924  -38.613  -26.341  78.492 1.0000000000
67889  -39.186  -25.458  78.322 0.8750000000
67895  -39.550  -25.430  77.625 0.8750000000
121678  -13.331  -38.700  83.238 1.0000000000
56364  -13.997  -37.479  82.607 1.0000000000
142039  -30.243  -33.088  77.647 1.0000000000
61017  -30.485  -32.773  77.757 1.0000000000
61917  -30.845  -32.176  76.958 1.0000000000
62953  -32.041  -30.576  76.054 1.0000000000
64034  -32.310  -30.015  75.320 1.0000000000
120889  -32.812  -28.505  74.557 1.0000000000
65002  -36.413  -28.988  80.616 0.7500000000
65012  -37.107  -28.458  80.395 0.7500000000
65958  -37.263  -27.550  80.301 0.7500000000
142545  -38.161  -27.303  79.282 0.8750000000
65966  -38.347  -27.205  78.724 0.8750000000
65973  -38.356  -27.082  78.205 0.7500000000
66931  -38.770  -26.132  77.929 0.7500000000
66939  -38.909  -25.914  77.419 0.7500000000
54411  -12.932  -39.045  82.347 1.0000000000
56370  -13.640  -37.911  81.573 1.0000000000
134242  -29.733  -33.530  76.848 1.0000000000
61037  -30.253  -32.675  75.646 1.0000000000
61935  -30.671  -32.196  75.139 1.0000000000
62979  -31.507  -31.056  74.236 1.0000000000
126623  -32.337  -29.395  73.818 1.0000000000
65073  -32.633  -28.627  73.818 1.0000000000
66938  -38.368  -26.558  77.427 0.7500000000
56371  -13.837  -37.130  81.001 1.0000000000
60087  -28.998  -33.618  75.462 1.0000000000
61049  -30.178  -32.585  74.686 1.0000000000
64058  -32.028  -29.872  73.292 1.0000000000
65085  -32.593  -28.274  72.879 1.0000000000
142622  -32.868  -27.583  72.929 1.0000000000
58319  -14.449  -35.692  79.830 1.0000000000
60099  -28.944  -33.328  74.534 1.0000000000
61061  -30.131  -32.513  73.764 1.0000000000
62996  -31.570  -30.394  72.766 1.0000000000
65094  -31.989  -28.873  71.724 0.8750000000
65095  -32.383  -28.223  72.041 0.8750000000
58333  -14.977  -35.558  78.109 1.0000000000
58337  -15.384  -34.917  77.706 1.0000000000
61060  -29.491  -32.835  73.394 1.0000000000
61975  -30.635  -31.387  71.846 1.0000000000
142921  -31.276  -30.196  71.406 1.0000000000
65119  -32.048  -28.292  70.595 0.8750000000
59216  -16.859  -34.081  76.014 1.0000000000
61958  -30.246  -32.125  72.352 1.0000000000
61991  -30.563  -31.174  70.905 1.0000000000
64093  -31.444  -29.443  70.437 0.8750000000
59239  -17.988  -34.507  74.160 1.0000000000
64092  -31.000  -29.975  69.873 0.8750000000
64103  -31.375  -29.214  69.558 0.8750000000
59256  -18.561  -34.895  73.001 1.0000000000
125670  -19.216  -34.178  71.951 1.0000000000
63033  -29.894  -31.313  68.933 0.8750000000
63034  -30.530  -30.582  69.368 0.8750000000
62023  -29.278  -31.702  68.208 1.0000000000
59285  -19.645  -34.893  69.708 1.0000000000
62022  -28.821  -32.236  68.412 1.0000000000
62042  -29.165  -31.404  67.394 0.8750000000
61131  -26.046  -32.825  67.362 1.0000000000
61133  -27.943  -32.498  67.596 0.8750000000
62041  -28.615  -32.060  67.682 0.8750000000
60190  -21.605  -33.242  66.366 0.8750000000
60192  -23.456  -33.300  66.573 1.0000000000
60193  -24.279  -33.072  66.898 1.0000000000
61148  -25.514  -32.500  66.702 1.0000000000
61150  -27.032  -32.139  66.201 0.8750000000
61146  -23.066  -32.789  65.984 0.8750000000
61147  -23.949  -32.672  66.190 0.8750000000
55328  -7.192  -39.724  87.719 0.5000000000
54338  -6.986  -40.479  88.165 0.5000000000
51499  -6.698  -42.403  88.938 0.3750000000
51496  -7.022  -43.369  89.803 0.5000000000
50563  -7.162  -44.293  89.922 0.5000000000
49574  -8.152  -44.317  90.578 0.5000000000
48557  -8.390  -44.852  90.593 0.6250000000
48558  -8.952  -44.739  91.052 0.7500000000
123001  -6.729  -39.919  87.354 0.5000000000
54344  -6.725  -40.294  87.575 0.5000000000
52390  -6.733  -41.278  88.288 0.5000000000
49571  -9.072  -43.881  91.401 0.7500000000
49572  -9.643  -44.143  91.209 0.7500000000
48554  -10.149  -44.633  91.091 0.7500000000
55346  -7.629  -38.910  86.687 0.5000000000
51491  -11.251  -41.993  91.257 0.8750000000
138053  -10.552  -42.775  90.886 0.8750000000
49573  -10.126  -44.131  91.067 0.7500000000
125832  -10.600  -44.012  90.807 0.7500000000
51494  -11.478  -41.974  91.065 0.8750000000
120587  -8.987  -37.256  84.007 0.6250000000
56338  -9.334  -37.757  85.015 0.6250000000
52389  -12.458  -41.310  89.979 0.8750000000
123609  -11.575  -41.963  90.160 0.8750000000
57370  -10.158  -37.447  84.700 0.6250000000
123410  -10.010  -37.842  85.293 0.6250000000
65964  -34.225  -28.433  79.326 1.0000000000
58295  -10.074  -36.255  82.167 0.7500000000
124896  -12.953  -40.362  87.432 1.0000000000
62940  -32.508  -30.418  78.072 1.0000000000
65010  -34.650  -29.152  80.173 1.0000000000
65965  -34.757  -27.911  79.640 1.0000000000
54363  -13.097  -39.617  85.777 1.0000000000
64012  -32.975  -29.909  78.526 1.0000000000
64019  -32.742  -29.630  77.643 1.0000000000
65011  -35.123  -28.615  80.314 1.0000000000
65956  -35.285  -27.600  80.108 1.0000000000
59181  -9.758  -35.177  79.866 0.6250000000
55358  -13.641  -39.048  85.121 1.0000000000
121706  -32.964  -28.719  76.199 1.0000000000
65062  -32.864  -28.621  75.277 1.0000000000
134208  -35.688  -28.025  80.450 0.8750000000
65957  -35.819  -27.146  80.393 1.0000000000
66916  -36.715  -26.343  80.386 1.0000000000
66918  -37.907  -26.171  79.858 1.0000000000
66923  -38.386  -26.480  79.211 1.0000000000
67882  -39.068  -25.286  78.906 1.0000000000
68828  -39.614  -24.684  78.683 0.8750000000
55370  -13.549  -38.798  84.218 1.0000000000
56358  -14.339  -37.521  83.557 1.0000000000
65997  -33.133  -28.020  74.840 1.0000000000
66908  -36.167  -27.150  80.478 0.8750000000
65959  -37.886  -27.002  79.835 1.0000000000
67890  -40.108  -24.922  78.058 0.7500000000
123059  -14.021  -37.038  81.877 1.0000000000
66972  -33.330  -26.598  73.192 0.8750000000
67902  -39.717  -25.475  76.980 0.7500000000
58309  -14.566  -35.683  80.878 1.0000000000
66031  -32.595  -27.462  71.620 0.8750000000
66988  -32.985  -26.900  72.483 0.8750000000
67913  -39.170  -25.596  75.733 0.7500000000
67901  -39.621  -25.563  76.416 0.6250000000
122814  -40.388  -25.378  76.442 0.7500000000
57424  -14.124  -36.436  80.472 1.0000000000
58328  -14.931  -34.843  79.442 1.0000000000
66045  -32.360  -27.657  70.708 0.8750000000
67005  -32.877  -26.648  71.604 0.8750000000
59206  -15.505  -34.020  78.059 1.0000000000
138434  -15.955  -33.481  77.552 1.0000000000
65107  -31.821  -28.859  70.918 0.8750000000
67975  -32.920  -25.951  71.073 0.8750000000
60083  -17.636  -33.719  75.618 1.0000000000
65118  -31.744  -28.699  70.125 0.8750000000
66044  -32.098  -27.970  69.969 0.8750000000
122222  -32.532  -26.136  69.642 0.8750000000
138630  -32.730  -25.549  70.263 0.8750000000
59228  -17.834  -34.088  74.908 1.0000000000
60096  -19.144  -33.123  74.099 1.0000000000
65129  -31.664  -28.377  69.278 0.8750000000
66057  -32.026  -27.590  69.241 0.8750000000
67048  -32.290  -25.828  68.846 0.8750000000
60118  -19.400  -33.430  72.504 1.0000000000
64113  -30.855  -29.712  68.893 0.8750000000
64114  -31.303  -28.958  68.830 0.8750000000
66073  -31.771  -27.364  68.453 0.8750000000
67035  -32.276  -26.749  69.021 0.8750000000
60137  -19.427  -33.668  70.659 1.0000000000
123266  -30.549  -29.756  68.044 0.8750000000
65140  -30.934  -29.074  68.136 0.8750000000
126873  -31.601  -26.918  67.802 0.8750000000
60162  -19.609  -33.480  68.941 1.0000000000
64126  -30.117  -30.212  67.547 0.8750000000
65152  -30.968  -28.409  67.469 0.8750000000
66092  -31.356  -27.611  67.680 0.8750000000
60177  -20.275  -33.626  67.596 1.0000000000
122953  -20.978  -33.675  67.036 1.0000000000
125517  -28.604  -31.649  66.996 0.8750000000
63060  -29.547  -30.707  67.056 0.8750000000
65165  -30.497  -28.425  66.597 0.8750000000
61165  -26.549  -31.817  65.477 0.8750000000
63072  -28.637  -30.809  65.853 0.8750000000
63089  -28.962  -30.195  65.598 0.8750000000
61145  -22.170  -32.776  65.898 0.8750000000
62077  -23.133  -31.584  65.033 0.8750000000
61163  -24.468  -32.095  65.683 0.8750000000
62101  -26.396  -31.036  64.683 0.8750000000
63087  -27.614  -30.680  64.961 0.8750000000
62078  -24.031  -31.603  64.983 0.8750000000
62079  -24.959  -31.629  64.992 0.8750000000
125808  -25.789  -31.610  64.974 0.8750000000
121332  -7.628  -39.486  87.790 0.5000000000
54345  -7.418  -40.021  88.338 0.5000000000
53355  -6.935  -41.009  88.569 0.5000000000
123443  -7.598  -41.513  90.069 0.6250000000
51492  -7.652  -43.121  90.593 0.6250000000
50557  -8.028  -43.528  90.762 0.7500000000
50558  -8.274  -43.734  90.809 0.7500000000
55336  -7.331  -39.309  87.221 0.5000000000
52380  -7.793  -41.892  90.670 0.6250000000
52375  -8.071  -42.441  91.125 0.7500000000
51490  -8.351  -42.907  91.330 0.7500000000
51484  -8.678  -43.052  91.531 0.7500000000
50550  -9.660  -43.447  91.586 0.7500000000
56317  -8.355  -38.765  86.922 0.6250000000
119933  -8.433  -39.127  87.649 0.6250000000
55338  -8.862  -38.860  87.466 0.7500000000
139240  -10.770  -42.211  91.467 0.8750000000
119107  -10.209  -42.364  91.996 0.7500000000
50551  -9.836  -43.631  91.577 0.7500000000
56318  -9.107  -38.517  86.811 0.6250000000
55339  -9.588  -38.760  87.665 0.7500000000
52381  -12.173  -41.351  91.314 0.8750000000
126325  -10.008  -36.756  83.422 0.6250000000
56328  -9.475  -38.221  85.848 0.6250000000
56319  -9.926  -38.430  86.719 0.7500000000
134554  -10.298  -38.530  87.455 0.7500000000
52384  -12.180  -41.507  90.827 0.8750000000
58296  -10.912  -35.950  82.486 0.7500000000
135567  -10.649  -36.985  84.322 0.6250000000
56339  -10.713  -37.562  85.269 0.7500000000
56320  -10.878  -38.227  86.804 0.7500000000
58307  -10.589  -35.713  81.655 0.8750000000
56330  -11.244  -37.681  85.936 0.7500000000
125050  -11.574  -38.207  87.394 0.7500000000
53362  -13.372  -40.613  88.471 1.0000000000
64004  -33.273  -30.225  79.174 1.0000000000
65041  -33.172  -29.116  78.184 1.0000000000
125411  -33.627  -28.708  78.729 1.0000000000
65971  -33.969  -27.905  78.528 1.0000000000
65972  -34.500  -27.558  79.086 1.0000000000
58318  -10.241  -35.441  80.788 0.7500000000
59191  -10.519  -34.658  79.424 0.8750000000
54351  -13.765  -39.664  86.791 1.0000000000
65048  -33.070  -28.865  77.197 1.0000000000
65979  -33.741  -27.437  77.014 1.0000000000
66929  -34.302  -27.059  78.320 1.0000000000
121186  -35.371  -25.901  79.271 1.0000000000
67888  -35.481  -25.268  78.697 1.0000000000
69704  -36.676  -24.150  79.034 1.0000000000
54364  -13.928  -39.184  85.980 1.0000000000
55359  -14.230  -38.393  84.780 1.0000000000
65049  -33.366  -28.114  76.654 1.0000000000
65989  -33.614  -27.395  76.088 1.0000000000
66922  -35.337  -26.644  79.748 1.0000000000
67872  -36.543  -25.753  80.226 1.0000000000
68810  -36.921  -25.062  79.959 1.0000000000
128809  -37.891  -24.283  79.436 1.0000000000
68820  -39.189  -24.046  78.913 1.0000000000
60051  -10.492  -33.903  78.158 0.8750000000
127316  -13.960  -38.145  83.923 1.0000000000
124424  -33.781  -26.263  74.149 1.0000000000
67946  -34.037  -25.644  74.040 1.0000000000
68821  -39.829  -23.888  78.700 1.0000000000
69719  -40.243  -23.334  78.460 1.0000000000
68837  -40.864  -24.510  77.770 1.0000000000
60068  -10.506  -33.365  76.841 0.8750000000
139628  -10.656  -32.992  75.678 0.8750000000
141579  -14.305  -36.942  82.471 1.0000000000
57416  -14.933  -35.740  81.890 1.0000000000
67963  -33.674  -26.109  73.521 0.8750000000
140458  -9.620  -33.402  73.210 0.8750000000
60094  -10.054  -33.207  74.518 0.8750000000
132474  -14.558  -36.499  82.261 1.0000000000
58310  -15.107  -35.140  81.294 1.0000000000
66989  -33.453  -26.055  72.771 0.8750000000
68890  -33.935  -24.523  72.589 0.8750000000
67914  -40.150  -25.549  75.735 0.7500000000
60116  -8.662  -33.787  72.265 0.7500000000
60105  -8.989  -34.076  73.093 0.7500000000
60106  -9.464  -33.628  73.943 0.6250000000
60036  -15.714  -33.736  80.034 1.0000000000
60046  -16.072  -33.229  79.459 1.0000000000
68900  -33.398  -24.332  71.392 0.8750000000
67930  -39.887  -25.588  74.946 0.7500000000
60054  -15.470  -33.985  79.125 1.0000000000
60055  -16.001  -33.133  78.424 1.0000000000
61012  -18.171  -32.735  76.685 1.0000000000
67988  -33.021  -24.968  70.856 0.8750000000
66975  -38.493  -25.884  74.097 0.7500000000
67949  -39.795  -25.779  73.968 0.7500000000
65161  -9.062  -28.134  66.708 0.1250000000
60070  -16.481  -33.546  76.798 1.0000000000
60071  -17.357  -33.262  76.281 1.0000000000
60072  -18.143  -33.020  75.921 1.0000000000
68911  -32.718  -24.637  70.154 0.8750000000
60084  -18.498  -33.227  75.295 1.0000000000
60095  -18.532  -33.619  74.489 1.0000000000
120057  -19.567  -32.607  73.764 1.0000000000
68017  -32.060  -24.886  68.863 0.8750000000
68002  -32.475  -25.236  69.530 0.8750000000
60108  -19.303  -33.349  73.300 1.0000000000
61069  -19.619  -32.238  72.538 1.0000000000
68016  -31.776  -25.462  68.067 0.8750000000
60127  -19.482  -33.368  71.614 1.0000000000
132426  -31.993  -26.428  68.228 0.8750000000
68929  -31.581  -24.446  68.279 0.8750000000
127134  -19.463  -33.113  69.956 1.0000000000
61117  -19.652  -32.678  68.403 0.7500000000
67082  -31.187  -26.222  66.779 0.8750000000
68030  -30.765  -24.676  67.112 0.8750000000
127146  -31.308  -24.833  67.685 0.8750000000
62039  -20.185  -32.326  67.070 0.8750000000
66112  -30.951  -27.679  66.894 0.8750000000
68044  -30.786  -25.541  66.606 0.8750000000
60189  -20.813  -32.753  66.449 0.8750000000
62059  -21.088  -32.005  65.867 0.8750000000
121748  -29.513  -29.005  65.397 0.8750000000
65181  -30.000  -28.316  65.738 0.8750000000
67102  -29.957  -26.398  65.679 0.8750000000
139184  -30.585  -26.265  66.217 0.8750000000
61161  -22.673  -32.163  65.527 0.8750000000
62098  -23.555  -31.002  64.439 0.8750000000
65201  -28.572  -28.306  64.655 0.8750000000
135539  -29.358  -28.239  65.059 0.8750000000
66133  -29.819  -27.358  65.413 0.8750000000
62099  -24.475  -31.011  64.431 0.8750000000
62100  -25.410  -31.018  64.526 0.8750000000
63106  -27.506  -30.043  64.627 0.8750000000
64168  -28.201  -29.255  64.568 0.8750000000
55319  -7.705  -39.745  88.303 0.6250000000
54340  -7.889  -40.065  88.851 0.6250000000
53350  -7.723  -40.885  89.597 0.6250000000
53346  -8.433  -41.106  90.771 0.7500000000
53338  -8.572  -41.463  91.223 0.7500000000
55337  -7.907  -39.193  87.422 0.5000000000
119941  -8.180  -39.462  88.191 0.6250000000
55321  -8.753  -39.630  88.971 0.6250000000
52369  -8.710  -41.876  91.562 0.7500000000
52371  -9.538  -42.064  92.092 0.7500000000
55329  -8.996  -39.249  88.232 0.7500000000
52377  -10.875  -41.866  91.690 0.8750000000
52372  -10.094  -42.092  92.130 0.8750000000
55331  -10.348  -38.703  88.282 0.7500000000
52382  -13.090  -40.817  91.182 0.8750000000
52378  -11.740  -41.294  91.409 0.8750000000
57406  -10.444  -36.429  82.979 0.8750000000
57393  -10.719  -36.616  83.765 0.6250000000
55332  -11.050  -38.565  88.752 0.7500000000
52385  -13.304  -40.926  90.619 0.8750000000
120378  -11.014  -37.100  84.738 0.7500000000
55340  -10.947  -38.444  87.819 0.7500000000
55341  -11.733  -38.423  88.198 0.7500000000
53358  -13.578  -40.809  89.624 0.8750000000
53367  -14.094  -40.067  87.882 1.0000000000
134335  -22.192  -32.192  83.187 1.0000000000
60949  -22.592  -31.760  82.361 1.0000000000
59174  -11.188  -35.193  81.208 0.8750000000
59182  -10.916  -34.928  80.296 0.8750000000
56340  -11.524  -37.161  85.265 0.7500000000
57365  -12.204  -37.263  85.853 0.8750000000
56321  -12.554  -38.088  87.515 0.8750000000
55333  -12.600  -38.383  88.663 0.8750000000
60018  -20.598  -33.301  83.152 1.0000000000
60019  -21.250  -32.979  82.548 1.0000000000
60965  -21.935  -32.438  81.946 1.0000000000
60967  -22.596  -31.631  81.673 0.8750000000
60044  -11.560  -34.134  79.800 0.8750000000
56331  -13.098  -37.379  86.506 0.7500000000
55352  -14.453  -38.652  85.669 1.0000000000
59168  -17.445  -33.870  83.028 1.0000000000
60017  -18.901  -33.558  82.752 1.0000000000
60029  -20.427  -33.122  82.149 1.0000000000
60030  -21.207  -32.763  81.794 1.0000000000
61881  -22.566  -31.691  80.970 1.0000000000
66944  -33.987  -26.856  76.462 1.0000000000
67900  -34.708  -25.718  77.209 1.0000000000
68835  -35.518  -24.781  78.096 1.0000000000
69716  -36.508  -23.727  78.286 1.0000000000
69717  -37.204  -23.475  78.596 1.0000000000
122164  -11.665  -33.623  79.084 0.8750000000
55360  -14.640  -37.734  84.433 1.0000000000
57395  -15.385  -36.347  83.644 1.0000000000
59155  -16.831  -34.363  83.225 1.0000000000
60027  -18.392  -33.183  81.979 1.0000000000
60963  -19.794  -32.824  81.381 1.0000000000
60980  -21.991  -32.224  80.129 1.0000000000
67928  -34.403  -25.676  75.517 1.0000000000
68856  -34.710  -24.720  75.440 1.0000000000
69706  -37.709  -23.716  79.060 1.0000000000
70694  -38.577  -22.568  78.163 1.0000000000
69718  -39.457  -23.204  78.699 1.0000000000
60061  -11.039  -33.374  77.539 0.8750000000
133875  -15.497  -35.458  82.546 1.0000000000
60015  -17.365  -33.453  82.141 1.0000000000
60962  -18.360  -32.749  81.108 1.0000000000
124185  -20.125  -32.541  80.536 1.0000000000
60979  -21.102  -32.433  80.303 1.0000000000
135544  -34.076  -26.052  74.752 1.0000000000
67929  -34.392  -25.232  74.710 1.0000000000
70710  -39.698  -22.254  77.762 1.0000000000
70696  -39.978  -22.626  78.229 1.0000000000
69725  -41.444  -23.316  77.718 1.0000000000
61019  -10.946  -33.000  76.260 0.8750000000
61031  -10.687  -32.783  74.985 0.8750000000
59166  -16.061  -34.344  81.969 1.0000000000
120255  -16.945  -33.236  81.279 1.0000000000
60977  -18.494  -32.572  80.120 1.0000000000
60978  -19.542  -32.521  79.893 1.0000000000
67947  -34.330  -24.827  73.947 1.0000000000
68839  -42.152  -23.740  77.129 1.0000000000
67904  -41.895  -24.979  76.564 0.8750000000
61056  -10.431  -32.244  73.307 0.8750000000
60037  -16.107  -33.690  80.907 1.0000000000
121286  -17.670  -32.629  79.797 1.0000000000
60990  -18.259  -32.588  79.192 1.0000000000
69771  -33.808  -23.688  72.057 0.8750000000
132797  -40.733  -25.734  75.090 0.7500000000
143706  -41.993  -25.981  74.647 0.8750000000
60117  -9.345  -33.326  72.616 0.8750000000
61068  -10.023  -32.205  72.706 0.8750000000
61955  -9.548  -31.592  72.358 0.8750000000
129495  -16.261  -33.310  80.182 1.0000000000
61001  -17.947  -32.595  78.362 1.0000000000
120883  -18.618  -32.600  77.555 1.0000000000
128551  -19.434  -32.665  76.844 1.0000000000
67950  -40.930  -26.063  73.676 0.7500000000
66962  -42.271  -25.727  73.929 0.8750000000
61066  -8.937  -33.013  72.039 0.8750000000
61082  -8.938  -32.213  71.936 0.8750000000
61954  -8.636  -31.434  72.020 0.8750000000
61000  -16.939  -32.656  78.328 1.0000000000
61035  -20.367  -32.234  75.877 1.0000000000
69782  -33.492  -23.315  71.246 0.8750000000
66992  -40.001  -26.192  72.122 0.6250000000
66976  -40.474  -26.109  72.947 0.6250000000
59267  -7.845  -34.203  71.883 0.7500000000
60126  -8.281  -33.381  71.742 0.8750000000
61971  -7.368  -32.177  71.488 0.8750000000
130704  -6.240  -32.144  71.317 0.8750000000
63030  -4.886  -30.329  69.009 0.8750000000
131726  -5.333  -30.036  68.502 0.3750000000
64110  -6.084  -29.318  67.894 0.2500000000
127557  -7.121  -28.633  67.385 0.2500000000
65149  -7.266  -27.680  66.830 0.1250000000
65160  -8.224  -27.755  66.659 0.1250000000
61022  -19.141  -32.829  75.974 1.0000000000
141755  -20.145  -32.198  75.078 1.0000000000
62962  -19.581  -30.962  74.309 0.8750000000
69797  -33.188  -23.018  70.532 0.8750000000
66993  -41.071  -26.151  72.158 0.6250000000
61080  -7.835  -32.825  71.503 0.8750000000
125111  -6.749  -33.082  71.196 0.8750000000
61079  -5.695  -32.985  70.781 0.8750000000
61078  -5.269  -32.184  71.043 0.8750000000
61988  -4.847  -31.940  70.789 0.8750000000
62001  -4.595  -31.755  69.500 0.8750000000
61047  -19.953  -32.113  74.245 1.0000000000
61933  -19.756  -31.567  73.833 1.0000000000
68930  -31.979  -23.892  68.856 0.8750000000
69806  -32.432  -23.290  69.362 0.8750000000
66107  -8.642  -27.388  66.132 0.2500000000
62995  -19.139  -30.915  72.294 0.8750000000
69818  -31.634  -23.437  68.212 0.8750000000
69819  -32.172  -22.874  68.673 0.8750000000
67094  -8.551  -26.177  65.041 0.1250000000
61083  -19.467  -31.991  71.024 0.8750000000
61989  -19.364  -31.506  70.411 0.8750000000
70849  -31.570  -21.957  67.365 0.8750000000
120593  -19.512  -32.802  70.872 0.8750000000
62002  -19.382  -31.541  69.601 0.8750000000
70861  -30.831  -22.094  66.230 0.8750000000
69833  -31.350  -22.959  67.528 0.8750000000
62038  -19.742  -32.029  67.811 0.7500000000
63058  -19.540  -30.429  67.384 0.7500000000
133330  -30.632  -22.871  66.498 0.8750000000
62058  -20.478  -31.789  66.433 0.8750000000
128977  -29.612  -24.707  66.115 0.8750000000
138121  -30.309  -24.932  66.501 0.8750000000
63086  -21.479  -30.437  64.773 0.8750000000
62096  -21.987  -30.952  64.759 0.8750000000
67117  -28.382  -26.711  64.907 0.8750000000
124770  -28.591  -25.811  65.264 0.8750000000
68956  -29.049  -24.028  65.835 0.8750000000
63102  -23.956  -30.248  64.149 0.8750000000
63104  -25.836  -30.223  64.379 0.8750000000
64167  -27.049  -29.190  64.352 0.8750000000
66151  -28.085  -27.551  64.628 0.8750000000
55310  -8.626  -39.983  89.541 0.6250000000
54335  -9.017  -40.165  90.251 0.6250000000
54327  -8.755  -40.606  90.546 0.6250000000
54318  -9.017  -40.864  91.093 0.7500000000
55311  -9.394  -39.744  89.828 0.7500000000
54328  -9.425  -40.392  90.775 0.7500000000
54329  -9.713  -40.505  91.083 0.7500000000
53340  -9.900  -40.572  91.323 0.8750000000
52370  -9.010  -41.895  91.779 0.7500000000
119771  -10.186  -39.249  89.735 0.7500000000
53334  -10.580  -41.172  91.819 0.8750000000
122797  -9.957  -41.463  92.027 0.7500000000
55322  -10.566  -38.830  89.237 0.8750000000
52379  -12.807  -40.624  91.308 0.8750000000
53341  -12.485  -40.398  91.422 0.8750000000
142864  -22.067  -30.351  83.348 1.0000000000
63962  -22.153  -28.871  83.954 0.8750000000
58281  -11.162  -36.149  83.238 0.8750000000
53352  -13.958  -40.541  91.051 0.8750000000
53353  -14.813  -40.433  90.784 0.8750000000
61859  -22.230  -30.997  83.348 1.0000000000
129825  -22.138  -28.962  83.335 0.8750000000
135268  -11.733  -34.767  81.732 0.8750000000
57381  -11.361  -36.546  84.296 0.7500000000
135496  -11.682  -36.722  84.795 0.8750000000
120875  -14.109  -40.682  90.467 0.8750000000
53359  -14.638  -40.559  89.898 0.8750000000
61866  -22.505  -31.288  82.890 1.0000000000
59183  -11.821  -34.437  80.927 0.8750000000
60035  -12.357  -33.659  80.504 0.8750000000
57371  -12.470  -36.652  85.169 1.0000000000
54346  -15.180  -39.880  88.364 1.0000000000
54357  -15.322  -38.879  87.148 1.0000000000
137237  -19.783  -33.452  82.898 1.0000000000
62901  -22.540  -30.632  82.526 1.0000000000
56313  -13.293  -38.136  88.119 0.8750000000
54356  -14.599  -39.030  86.537 1.0000000000
55347  -15.284  -38.337  86.298 1.0000000000
56341  -15.640  -37.560  85.824 1.0000000000
59169  -18.406  -33.924  83.477 1.0000000000
63984  -22.509  -30.157  81.238 0.8750000000
63977  -22.517  -29.981  82.129 0.8750000000
68846  -35.686  -23.680  76.909 1.0000000000
69723  -36.287  -23.280  77.473 1.0000000000
69724  -36.944  -23.016  77.858 1.0000000000
70692  -37.500  -22.856  78.016 1.0000000000
60998  -11.887  -33.059  77.906 0.8750000000
56351  -15.309  -37.312  84.926 1.0000000000
56352  -15.647  -36.584  84.547 1.0000000000
58285  -16.579  -35.048  83.760 1.0000000000
59156  -17.507  -34.394  83.832 1.0000000000
60994  -22.498  -31.461  79.412 1.0000000000
62915  -22.589  -30.595  80.487 0.8750000000
69743  -35.587  -23.010  75.989 1.0000000000
69733  -35.148  -24.168  76.191 1.0000000000
70708  -37.943  -22.324  77.707 1.0000000000
70709  -38.593  -22.143  77.520 1.0000000000
61009  -11.712  -32.808  77.207 0.8750000000
61033  -12.229  -31.994  76.014 0.8750000000
60992  -21.558  -32.345  79.358 1.0000000000
60993  -22.204  -32.028  79.324 1.0000000000
69742  -35.077  -23.737  75.250 1.0000000000
120920  -34.583  -24.038  73.914 1.0000000000
70711  -40.364  -22.196  77.587 1.0000000000
70712  -41.323  -22.292  77.343 1.0000000000
69734  -42.590  -23.190  76.642 1.0000000000
61046  -11.326  -32.130  74.592 0.8750000000
61944  -11.286  -31.394  74.041 0.8750000000
60991  -19.924  -32.584  78.978 1.0000000000
68879  -34.331  -24.306  73.271 0.8750000000
68848  -42.815  -24.187  76.405 0.8750000000
67918  -43.031  -24.853  74.859 0.8750000000
67951  -43.069  -24.788  73.317 0.8750000000
128136  -11.103  -30.783  73.706 0.8750000000
64056  -10.478  -29.612  73.465 0.8750000000
61003  -20.256  -32.532  78.049 1.0000000000
141267  -21.244  -31.961  77.248 1.0000000000
61910  -20.985  -31.554  77.014 0.8750000000
68891  -34.276  -23.750  72.751 0.8750000000
67933  -42.748  -25.268  74.479 0.8750000000
67964  -43.100  -24.765  72.655 0.8750000000
62993  -10.093  -30.858  72.744 0.8750000000
64070  -9.293  -29.744  72.835 0.8750000000
64069  -7.856  -30.284  72.632 0.8750000000
62990  -7.052  -30.893  72.215 0.8750000000
61013  -19.611  -32.618  77.581 1.0000000000
61916  -20.599  -31.804  76.196 0.8750000000
62943  -19.755  -30.606  76.396 0.8750000000
70778  -33.910  -22.503  71.775 0.8750000000
141973  -41.706  -26.025  73.521 0.7500000000
66995  -42.063  -25.325  72.353 0.8750000000
122522  -42.394  -25.081  71.871 0.8750000000
62991  -8.120  -30.881  72.159 0.8750000000
63005  -6.009  -31.371  72.040 0.8750000000
61953  -5.159  -31.032  72.397 0.8750000000
63019  -4.549  -30.894  71.213 0.8750000000
62951  -19.612  -30.674  75.565 0.8750000000
62961  -19.067  -30.428  74.955 0.8750000000
71790  -33.954  -21.578  70.665 0.8750000000
66977  -41.417  -26.035  72.865 0.7500000000
128100  -41.840  -25.562  71.613 0.8750000000
67989  -42.887  -24.887  71.528 0.8750000000
61969  -4.984  -31.482  71.560 0.8750000000
61968  -4.725  -31.334  71.273 0.8750000000
64100  -5.090  -29.444  69.405 0.6250000000
64109  -5.360  -29.352  68.580 0.5000000000
65147  -5.864  -28.586  67.621 0.2500000000
65148  -6.264  -28.007  67.154 0.2500000000
61934  -20.050  -31.608  74.811 0.8750000000
62976  -18.785  -30.377  74.049 0.8750000000
70815  -33.380  -22.113  70.272 0.8750000000
67009  -40.667  -26.290  71.297 0.6250000000
126880  -42.339  -25.288  71.267 0.7500000000
67025  -42.367  -25.422  70.544 0.6250000000
61970  -5.447  -31.619  71.653 0.8750000000
65159  -6.875  -26.607  66.385 0.1250000000
62994  -18.653  -30.235  72.602 0.8750000000
64081  -18.361  -29.362  71.973 0.8750000000
70826  -33.124  -21.875  69.589 0.8750000000
67022  -40.777  -26.353  70.423 0.6250000000
67037  -41.788  -25.784  69.850 0.7500000000
67038  -42.495  -25.438  69.652 0.6250000000
68019  -44.058  -24.743  68.952 0.5000000000
123193  -44.339  -24.736  68.062 0.5000000000
67075  -7.336  -26.057  65.829 0.2500000000
63008  -18.733  -30.221  71.731 0.8750000000
64091  -18.599  -29.421  70.548 0.8750000000
133031  -33.976  -22.375  66.927 0.8750000000
71811  -33.317  -21.529  68.549 0.8750000000
67052  -42.670  -25.462  68.687 0.5000000000
68032  -43.493  -25.146  68.154 0.5000000000
68033  -44.170  -24.983  67.066 0.5000000000
61973  -19.298  -31.364  71.042 0.8750000000
63031  -18.879  -29.992  69.971 0.8750000000
71831  -32.735  -21.627  66.981 0.8750000000
71820  -32.226  -21.686  67.753 0.8750000000
133947  -42.041  -25.649  69.026 0.5000000000
63044  -19.333  -30.938  68.876 0.7500000000
123092  -19.237  -30.298  68.214 0.7500000000
70862  -31.431  -21.732  66.684 0.8750000000
71830  -31.983  -21.511  66.582 0.8750000000
64135  -19.502  -29.748  66.761 0.7500000000
71848  -31.670  -21.798  65.240 0.8750000000
70911  -33.077  -23.067  64.044 0.8750000000
63071  -20.310  -30.503  65.945 0.8750000000
64161  -21.682  -29.622  64.433 0.8750000000
70875  -29.932  -22.559  65.128 0.7500000000
70889  -30.550  -22.120  64.536 0.8750000000
64162  -22.508  -29.510  64.192 0.8750000000
65197  -24.747  -28.721  64.466 0.8750000000
69865  -28.758  -23.577  65.324 0.7500000000
137374  -29.605  -22.484  63.565 0.7500000000
127267  -30.746  -22.573  62.942 0.7500000000
65198  -25.511  -28.654  64.542 0.7500000000
65199  -26.830  -28.302  64.469 0.7500000000
67100  -27.808  -26.011  65.140 0.7500000000
69903  -28.266  -23.128  64.031 0.7500000000
135562  -28.552  -22.489  61.909 0.7500000000
55312  -10.215  -39.563  90.474 0.7500000000
55301  -10.168  -39.968  90.887 0.8750000000
54319  -10.236  -40.154  91.083 0.8750000000
54316  -10.616  -40.159  91.221 0.8750000000
119770  -10.802  -38.862  90.063 0.8750000000
55294  -10.787  -39.676  91.073 0.8750000000
54321  -11.898  -39.478  91.462 0.8750000000
53336  -12.091  -40.081  91.459 0.8750000000
58283  -12.357  -35.328  83.472 0.8750000000
129731  -12.882  -39.768  91.580 0.8750000000
58282  -11.691  -35.826  83.499 0.8750000000
57394  -11.389  -36.235  83.786 0.8750000000
58268  -11.951  -35.956  83.984 0.8750000000
55323  -11.210  -38.642  89.704 0.8750000000
53343  -14.035  -39.828  91.582 0.8750000000
64989  -22.468  -28.089  83.809 0.8750000000
58308  -11.374  -35.331  82.088 0.8750000000
57382  -12.229  -36.255  84.525 1.0000000000
124865  -11.809  -38.496  89.130 0.8750000000
53349  -15.279  -40.066  91.270 0.8750000000
60937  -22.145  -31.867  83.533 1.0000000000
65946  -22.191  -27.939  83.024 0.8750000000
59175  -12.297  -34.251  81.803 0.8750000000
122332  -12.440  -33.843  81.244 0.8750000000
55324  -12.111  -38.525  90.072 0.8750000000
55325  -13.035  -38.348  89.671 1.0000000000
53354  -15.590  -40.232  90.727 0.8750000000
53360  -15.352  -40.258  89.401 0.8750000000
54353  -15.443  -39.314  87.790 1.0000000000
60002  -19.977  -33.571  83.772 1.0000000000
60936  -21.663  -32.379  83.622 1.0000000000
65945  -22.083  -27.251  82.425 0.8750000000
60045  -12.328  -33.232  79.598 0.8750000000
119610  -13.035  -36.842  85.768 0.8750000000
56322  -13.649  -37.621  87.449 1.0000000000
119124  -14.125  -37.811  88.397 1.0000000000
137870  -13.427  -38.235  88.832 1.0000000000
140406  -15.852  -39.362  88.371 1.0000000000
134522  -21.971  -29.425  81.198 0.8750000000
63976  -21.756  -28.728  81.872 0.8750000000
70733  -36.443  -21.612  75.813 1.0000000000
70720  -36.146  -22.179  76.315 1.0000000000
124966  -36.674  -22.424  77.108 1.0000000000
70707  -37.310  -22.445  77.566 1.0000000000
61898  -12.912  -31.802  78.525 0.8750000000
61906  -13.128  -31.041  78.015 0.8750000000
56323  -14.504  -37.118  87.668 1.0000000000
56307  -14.003  -38.017  89.481 1.0000000000
121914  -15.283  -37.613  90.162 1.0000000000
141726  -15.620  -37.751  91.257 1.0000000000
55348  -16.030  -37.752  86.709 1.0000000000
57383  -16.352  -36.150  85.013 1.0000000000
123543  -22.393  -30.515  79.604 0.8750000000
63992  -21.656  -29.438  80.671 0.8750000000
70732  -35.804  -22.003  75.461 1.0000000000
71708  -38.270  -21.837  77.055 1.0000000000
71709  -38.998  -21.899  77.059 1.0000000000
61915  -12.537  -31.459  76.778 0.8750000000
62949  -12.378  -30.398  75.801 0.8750000000
64031  -12.079  -29.726  75.538 0.8750000000
56314  -14.844  -37.291  88.390 1.0000000000
56309  -15.822  -37.281  89.764 1.0000000000
56305  -15.994  -37.504  90.782 1.0000000000
56342  -15.928  -36.807  85.449 1.0000000000
58271  -16.750  -35.440  84.641 1.0000000000
61901  -22.246  -31.065  78.793 0.8750000000
120966  -22.002  -30.445  78.900 0.8750000000
65022  -20.330  -29.171  80.190 0.8750000000
65008  -20.484  -28.476  80.858 0.8750000000
70744  -35.089  -22.388  74.012 1.0000000000
69752  -34.919  -23.407  74.354 1.0000000000
71710  -39.778  -21.900  77.176 1.0000000000
70722  -41.516  -21.744  76.716 1.0000000000
71724  -42.634  -22.032  75.978 1.0000000000
70734  -43.173  -22.889  75.436 1.0000000000
62948  -11.915  -30.356  74.972 0.8750000000
64042  -11.444  -29.955  74.393 0.8750000000
62929  -21.670  -30.862  78.367 0.8750000000
64011  -20.708  -29.984  78.940 0.8750000000
64001  -20.127  -29.523  79.485 0.8750000000
70762  -34.705  -22.005  73.167 0.8750000000
69763  -34.649  -23.236  73.415 1.0000000000
70724  -42.855  -22.685  76.193 1.0000000000
68859  -43.372  -24.076  74.599 0.8750000000
68871  -43.515  -24.223  73.915 0.8750000000
121846  -9.705  -29.331  73.273 0.8750000000
64054  -7.561  -29.641  73.413 0.8750000000
62938  -21.417  -31.631  77.809 0.8750000000
62936  -20.255  -30.300  78.096 0.8750000000
136945  -19.208  -29.644  78.315 0.8750000000
69772  -34.333  -22.803  72.557 0.8750000000
67952  -43.566  -24.525  72.838 0.8750000000
68892  -44.565  -24.064  71.923 0.7500000000
64068  -6.662  -30.296  73.133 0.8750000000
64017  -18.784  -29.633  77.525 0.8750000000
137254  -35.083  -21.526  70.935 0.8750000000
71791  -34.592  -21.406  71.415 0.8750000000
67978  -43.691  -24.636  71.587 0.7500000000
143727  -44.293  -24.406  71.360 0.7500000000
68902  -45.165  -23.544  70.603 0.8750000000
139018  -4.825  -30.482  72.764 0.8750000000
64080  -4.678  -29.745  71.533 0.7500000000
65127  -5.425  -28.485  68.888 0.5000000000
62952  -20.206  -31.282  75.673 0.8750000000
64033  -18.517  -29.816  75.301 0.8750000000
65060  -17.629  -28.641  76.408 0.8750000000
70827  -35.349  -22.382  69.495 0.8750000000
71805  -34.865  -21.723  70.087 0.8750000000
71798  -34.528  -21.555  70.607 0.8750000000
129450  -40.238  -23.504  64.840 0.8750000000
70913  -41.724  -22.767  63.526 0.8750000000
136109  -42.348  -22.632  63.964 0.8750000000
134339  -42.877  -25.001  70.977 0.6250000000
67979  -44.128  -24.533  70.878 0.7500000000
68914  -45.679  -23.421  69.763 0.7500000000
66084  -5.627  -27.353  67.686 0.2500000000
137101  -17.939  -29.050  74.237 0.8750000000
64032  -18.005  -29.253  75.096 0.8750000000
119675  -35.764  -23.699  67.331 0.8750000000
134133  -35.051  -22.516  68.661 0.8750000000
71813  -34.619  -21.855  69.227 0.8750000000
69891  -39.702  -23.545  64.391 0.8750000000
69892  -40.507  -23.381  64.169 0.8750000000
67990  -43.603  -24.739  70.656 0.6250000000
68924  -45.089  -24.009  69.688 0.7500000000
68931  -45.798  -23.626  68.885 0.8750000000
70845  -47.062  -22.395  68.301 0.8750000000
66085  -5.868  -27.189  67.125 0.2500000000
68035  -6.548  -25.556  66.678 0.2500000000
64057  -18.328  -29.612  73.760 0.8750000000
65093  -17.961  -28.750  72.553 0.8750000000
142126  -34.817  -22.538  68.021 0.8750000000
70841  -34.425  -21.948  68.410 0.8750000000
69911  -40.025  -23.412  63.557 0.8750000000
70927  -41.266  -22.787  62.741 0.8750000000
131142  -41.626  -22.466  62.021 0.8750000000
68003  -43.010  -25.046  70.227 0.6250000000
68004  -43.794  -24.734  69.872 0.6250000000
68020  -44.972  -24.354  68.686 0.5000000000
125361  -45.577  -24.109  67.947 0.5000000000
69841  -46.951  -23.274  67.988 0.6250000000
69858  -47.252  -23.216  67.276 0.6250000000
66027  -17.925  -27.932  70.670 0.8750000000
70865  -34.573  -22.910  66.861 0.8750000000
71822  -33.756  -21.646  68.102 0.8750000000
69925  -39.997  -23.116  62.023 0.8750000000
70926  -40.448  -23.172  62.756 0.8750000000
126917  -40.837  -22.756  62.015 0.8750000000
125728  -44.902  -24.633  66.509 0.5000000000
125727  -45.664  -24.185  66.730 0.5000000000
68945  -46.541  -23.626  67.051 0.6250000000
64101  -18.637  -29.211  69.881 0.7500000000
64111  -18.707  -28.689  68.622 0.7500000000
70893  -33.977  -23.103  65.311 0.8750000000
70941  -40.393  -22.660  61.319 0.8750000000
70954  -40.659  -22.340  60.598 0.8750000000
68046  -45.148  -24.548  65.654 0.5000000000
68946  -46.914  -23.561  66.316 0.6250000000
64112  -18.947  -29.492  68.407 0.7500000000
64125  -19.208  -29.606  67.566 0.7500000000
69919  -33.534  -23.882  62.687 0.8750000000
70975  -40.110  -22.379  60.042 0.8750000000
130689  -40.850  -21.778  59.142 0.8750000000
68958  -46.177  -23.967  65.475 0.5000000000
65163  -19.803  -28.470  66.114 0.7500000000
138386  -32.226  -23.009  63.029 0.8750000000
69904  -32.942  -23.373  63.247 0.8750000000
64150  -20.948  -29.754  64.840 0.8750000000
65195  -22.814  -28.609  64.311 0.8750000000
70925  -31.491  -22.692  62.975 0.8750000000
65196  -23.821  -28.722  64.380 0.8750000000
65180  -25.225  -28.230  64.869 0.7500000000
70937  -29.795  -22.641  61.832 0.7500000000
69934  -31.733  -23.476  61.180 0.7500000000
67098  -26.622  -26.565  65.453 0.7500000000
67099  -27.135  -26.266  65.221 0.7500000000
69902  -27.562  -23.129  63.658 0.7500000000
125319  -28.486  -22.556  62.589 0.7500000000
141777  -29.736  -22.793  61.057 0.7500000000
55302  -10.817  -39.342  90.959 0.8750000000
55295  -11.444  -39.169  91.334 0.8750000000
54322  -12.682  -39.355  91.658 0.8750000000
55298  -14.004  -38.854  91.864 0.8750000000
65937  -22.577  -27.355  84.290 0.8750000000
59153  -12.950  -34.507  83.262 0.8750000000
58269  -12.764  -35.614  84.229 0.8750000000
54323  -13.494  -39.403  91.740 0.8750000000
54324  -14.366  -39.289  91.766 0.8750000000
62893  -21.893  -30.452  83.493 1.0000000000
59165  -12.148  -34.812  82.546 0.8750000000
136709  -12.920  -38.404  90.640 0.8750000000
53344  -14.806  -39.696  91.578 0.8750000000
54325  -15.066  -39.197  91.726 0.8750000000
65940  -22.385  -26.988  82.953 0.8750000000
60024  -12.825  -33.578  81.849 0.8750000000
60960  -12.937  -33.276  81.121 0.8750000000
58260  -13.133  -35.948  84.825 1.0000000000
57372  -13.472  -36.174  85.475 1.0000000000
55316  -13.308  -38.434  91.303 0.8750000000
56298  -14.287  -38.171  91.453 1.0000000000
54336  -16.069  -39.846  91.039 0.8750000000
54343  -16.768  -39.276  89.721 0.8750000000
60003  -21.184  -32.961  83.397 1.0000000000
65944  -22.013  -25.983  81.850 0.8750000000
129820  -38.253  -21.465  76.147 1.0000000000
71707  -37.420  -21.889  76.975 1.0000000000
60025  -13.376  -32.904  81.788 0.8750000000
60961  -13.458  -32.557  81.039 0.8750000000
57366  -13.776  -36.452  86.151 1.0000000000
56303  -13.877  -38.116  90.630 1.0000000000
56299  -15.220  -38.022  91.534 1.0000000000
54347  -16.047  -39.730  89.123 0.8750000000
59157  -20.594  -33.279  83.996 1.0000000000
66905  -21.128  -26.293  81.168 0.8750000000
71734  -37.761  -21.432  75.733 1.0000000000
71719  -37.180  -21.522  76.146 1.0000000000
71722  -39.407  -21.629  76.725 1.0000000000
71735  -38.606  -21.392  75.880 1.0000000000
61889  -13.576  -31.199  79.848 0.8750000000
57360  -14.114  -36.811  86.872 1.0000000000
57361  -14.866  -36.292  87.269 1.0000000000
128240  -14.604  -37.816  90.105 1.0000000000
56304  -14.995  -37.811  90.961 1.0000000000
121259  -16.482  -37.978  87.543 1.0000000000
121761  -16.339  -37.072  86.308 1.0000000000
58286  -17.183  -34.867  84.399 1.0000000000
128961  -18.366  -34.319  84.217 1.0000000000
65955  -20.380  -26.958  81.016 0.8750000000
64997  -20.880  -27.594  81.261 0.8750000000
71750  -36.650  -21.447  74.547 1.0000000000
71732  -36.151  -21.463  74.992 1.0000000000
71736  -39.399  -21.389  76.255 1.0000000000
71737  -40.223  -21.315  76.039 1.0000000000
62934  -13.093  -30.285  77.557 0.8750000000
64022  -12.410  -29.593  76.259 0.8750000000
56315  -15.491  -37.038  88.834 1.0000000000
56306  -16.776  -37.351  90.833 1.0000000000
57373  -16.674  -36.380  85.899 1.0000000000
65954  -19.907  -28.051  80.634 0.8750000000
70764  -37.554  -21.886  73.779 1.0000000000
71770  -36.913  -21.579  73.963 1.0000000000
71749  -35.886  -21.447  74.120 1.0000000000
70745  -35.590  -21.839  74.529 1.0000000000
71756  -42.371  -21.789  75.309 1.0000000000
124413  -43.240  -22.840  74.503 1.0000000000
70769  -43.639  -22.972  73.599 1.0000000000
64021  -11.837  -29.051  75.841 0.8750000000
56310  -16.737  -37.043  90.238 1.0000000000
65020  -19.006  -28.283  79.911 0.8750000000
138519  -36.841  -21.853  73.209 1.0000000000
71768  -35.571  -21.463  73.275 1.0000000000
70763  -35.306  -21.676  73.635 1.0000000000
70735  -43.389  -23.448  74.643 0.8750000000
70770  -43.982  -23.231  73.123 1.0000000000
69773  -44.487  -23.544  72.025 1.0000000000
65083  -10.192  -28.896  73.895 0.8750000000
65081  -8.027  -28.913  73.913 0.8750000000
137502  -18.648  -28.848  78.755 0.8750000000
70780  -37.307  -22.379  72.326 0.8750000000
71793  -35.798  -21.584  72.147 1.0000000000
71767  -34.950  -21.383  72.859 0.8750000000
69838  -40.399  -23.749  67.194 0.8750000000
139797  -41.066  -23.503  66.773 0.8750000000
69839  -41.316  -23.526  67.407 0.8750000000
69764  -43.879  -23.784  73.377 0.8750000000
69786  -44.906  -23.622  71.158 1.0000000000
69787  -45.236  -23.296  70.716 0.8750000000
65080  -6.882  -29.108  74.186 0.8750000000
64067  -5.742  -30.294  73.537 0.8750000000
126200  -17.309  -27.858  76.566 0.8750000000
137100  -36.435  -21.866  72.492 0.8750000000
70798  -35.739  -21.850  71.305 0.8750000000
71792  -35.193  -21.340  71.771 0.8750000000
137888  -39.881  -23.745  66.731 0.8750000000
69856  -40.448  -23.558  66.436 0.8750000000
69857  -41.260  -23.363  66.093 0.8750000000
70853  -41.977  -23.255  66.693 0.8750000000
68901  -44.983  -23.850  71.096 0.7500000000
69803  -45.610  -23.164  70.249 0.8750000000
69815  -46.417  -22.924  68.970 0.8750000000
123630  -4.727  -29.891  73.307 0.8750000000
65104  -5.233  -28.819  71.117 0.7500000000
65996  -17.182  -28.031  75.647 0.8750000000
70800  -37.347  -22.718  71.348 0.8750000000
70828  -36.236  -22.878  69.769 0.8750000000
133477  -35.601  -22.135  70.399 0.8750000000
69855  -39.339  -23.931  66.652 0.8750000000
127619  -39.757  -23.672  66.152 0.8750000000
70895  -41.788  -22.964  64.452 0.8750000000
70896  -42.589  -22.638  64.575 0.8750000000
70897  -43.370  -22.325  64.704 1.0000000000
69814  -46.104  -23.047  69.693 0.8750000000
65116  -5.366  -28.625  69.970 0.7500000000
66053  -5.654  -27.665  69.441 0.3750000000
66070  -5.549  -27.521  68.423 0.3750000000
126191  -17.301  -27.680  73.053 0.8750000000
69835  -36.121  -23.615  67.916 0.8750000000
69872  -39.521  -23.664  65.309 0.8750000000
70894  -41.190  -23.150  64.058 0.8750000000
70928  -42.077  -22.478  62.685 0.8750000000
70914  -42.597  -22.452  63.308 0.8750000000
70915  -43.072  -22.403  63.948 0.8750000000
120326  -44.104  -21.606  63.090 1.0000000000
70857  -47.426  -22.272  67.705 0.8750000000
67027  -6.118  -27.008  70.058 0.7500000000
67056  -5.611  -26.810  68.095 0.2500000000
66105  -6.180  -26.283  66.751 0.2500000000
67031  -18.241  -26.377  69.291 0.7500000000
69852  -36.290  -24.268  66.502 0.8750000000
69890  -39.017  -23.562  63.761 0.8750000000
141172  -41.960  -22.227  61.470 0.8750000000
70942  -42.363  -22.204  61.970 0.8750000000
71866  -43.574  -21.731  62.445 1.0000000000
71876  -44.318  -21.404  62.278 1.0000000000
70858  -47.892  -22.125  66.936 0.7500000000
68036  -6.980  -25.071  66.307 0.2500000000
124982  -18.202  -27.928  69.691 0.7500000000
66054  -18.242  -27.224  69.116 0.7500000000
69887  -35.863  -24.280  64.816 0.8750000000
69851  -35.258  -23.639  66.776 0.8750000000
69910  -39.544  -23.383  62.847 0.8750000000
119749  -41.950  -21.742  60.259 0.8750000000
71874  -42.501  -21.875  61.313 0.8750000000
71908  -43.286  -21.259  60.172 0.8750000000
120033  -43.162  -21.508  61.096 1.0000000000
71888  -43.923  -21.182  60.891 1.0000000000
69859  -47.518  -23.067  66.721 0.6250000000
65138  -18.787  -27.888  68.048 0.7500000000
69907  -36.197  -24.174  63.355 0.8750000000
69886  -34.796  -23.846  64.839 0.8750000000
70953  -39.361  -22.793  60.345 0.7500000000
120620  -40.024  -22.607  60.722 0.8750000000
71906  -41.534  -21.679  59.588 0.8750000000
71907  -42.405  -21.470  59.793 0.8750000000
72771  -42.964  -21.087  59.207 0.8750000000
72756  -44.047  -20.892  60.218 1.0000000000
69875  -47.580  -23.130  65.989 0.6250000000
126344  -19.305  -28.829  66.894 0.7500000000
69920  -34.895  -24.263  62.075 0.8750000000
69906  -34.612  -23.996  63.809 0.8750000000
70974  -39.551  -22.455  59.458 0.8750000000
71905  -40.246  -22.097  59.253 0.8750000000
71925  -41.298  -21.473  58.684 0.8750000000
71926  -42.119  -21.326  58.944 0.8750000000
72787  -42.591  -20.832  58.351 0.8750000000
132651  -43.417  -20.562  58.605 1.0000000000
72789  -44.243  -20.281  58.812 1.0000000000
66126  -21.122  -27.464  65.519 0.7500000000
66147  -22.722  -27.835  64.831 0.8750000000
130668  -33.401  -24.058  61.807 0.7500000000
72813  -39.639  -20.549  55.969 0.7500000000
71947  -40.660  -21.246  57.320 0.8750000000
71948  -41.113  -21.289  57.963 0.8750000000
72815  -41.728  -20.355  56.657 0.7500000000
72816  -42.501  -20.199  56.962 0.7500000000
72801  -43.067  -20.294  57.672 0.7500000000
73645  -44.432  -19.331  57.172 1.0000000000
65194  -21.964  -28.191  64.569 0.8750000000
66129  -23.545  -27.874  65.327 0.7500000000
69951  -32.408  -23.673  60.541 0.7500000000
72825  -39.146  -19.892  55.784 0.6250000000
72814  -40.426  -20.420  56.024 0.6250000000
73668  -40.212  -19.125  55.578 0.6250000000
73656  -41.516  -19.736  55.874 0.7500000000
73670  -42.033  -19.043  55.662 0.7500000000
141205  -42.464  -18.418  55.580 0.7500000000
74493  -43.191  -18.034  55.598 0.7500000000
65179  -24.288  -28.214  64.949 0.7500000000
68054  -26.086  -25.881  65.797 0.7500000000
69949  -30.807  -23.197  59.918 0.7500000000
69968  -32.221  -23.442  59.633 0.7500000000
73667  -39.340  -18.998  55.736 0.6250000000
74490  -40.142  -18.206  55.647 0.7500000000
73669  -41.045  -18.886  55.483 0.7500000000
74491  -41.022  -18.018  55.484 0.7500000000
124857  -42.370  -17.721  55.485 0.7500000000
136096  -42.921  -17.287  55.500 0.7500000000
68965  -25.869  -24.257  64.856 0.7500000000
68966  -26.584  -24.123  64.812 0.7500000000
70934  -27.360  -22.357  61.517 0.7500000000
70968  -28.587  -22.405  59.570 0.7500000000
70990  -29.495  -22.399  58.466 0.7500000000
75433  -39.877  -17.306  56.065 0.7500000000
136817  -40.473  -16.722  56.146 0.7500000000
76396  -41.728  -16.552  55.698 0.7500000000
77349  -41.934  -15.834  55.977 0.7500000000
70920  -27.033  -22.582  62.315 0.7500000000
70947  -27.619  -22.234  60.729 0.7500000000
71902  -27.306  -21.535  59.354 0.6250000000
55313  -10.761  -39.033  90.596 0.8750000000
55314  -11.377  -38.749  90.672 0.8750000000
55304  -11.831  -38.881  91.394 0.8750000000
55296  -12.273  -39.054  91.686 0.8750000000
55315  -12.343  -38.611  91.072 0.8750000000
121189  -12.737  -38.808  91.597 0.8750000000
55297  -13.119  -38.985  91.833 0.8750000000
125385  -22.105  -25.214  83.435 0.7500000000
59142  -13.270  -34.917  84.005 0.8750000000
59143  -13.894  -34.393  84.750 1.0000000000
55305  -13.702  -38.648  91.653 0.8750000000
61858  -21.992  -31.315  83.644 1.0000000000
66899  -22.575  -26.362  83.317 0.7500000000
68794  -21.706  -24.663  82.399 0.7500000000
60001  -13.461  -33.683  83.230 0.8750000000
58270  -13.530  -35.171  84.726 1.0000000000
59137  -14.105  -34.651  85.363 1.0000000000
60933  -21.781  -31.880  83.827 1.0000000000
67859  -22.385  -25.620  82.964 0.7500000000
60946  -13.792  -32.495  82.469 0.8750000000
58261  -13.815  -35.379  85.363 1.0000000000
55306  -14.617  -38.394  91.728 0.8750000000
55307  -15.490  -38.221  91.727 0.8750000000
54331  -16.308  -39.036  91.357 1.0000000000
59995  -20.947  -32.785  84.044 1.0000000000
67861  -21.985  -24.870  81.850 0.7500000000
68800  -21.150  -24.326  81.386 0.7500000000
119122  -13.862  -32.146  81.729 0.8750000000
61880  -13.801  -31.214  80.682 0.8750000000
58256  -14.172  -35.604  85.958 1.0000000000
57367  -14.543  -35.923  86.561 1.0000000000
56300  -16.084  -37.765  91.357 1.0000000000
55308  -16.355  -38.163  91.444 0.8750000000
55326  -17.174  -38.473  90.220 1.0000000000
137151  -19.275  -34.073  84.250 1.0000000000
66907  -21.928  -25.241  81.528 0.7500000000
71753  -39.373  -21.447  75.375 1.0000000000
62920  -13.523  -30.323  79.647 0.8750000000
64000  -13.246  -29.489  79.450 0.8750000000
58253  -15.181  -35.492  87.052 1.0000000000
56301  -16.710  -37.630  91.113 1.0000000000
55317  -16.938  -38.421  90.999 1.0000000000
55342  -16.897  -38.184  88.454 1.0000000000
142671  -20.410  -26.034  80.432 0.8750000000
139693  -20.952  -25.846  80.780 0.7500000000
67879  -20.987  -24.401  79.708 0.7500000000
71751  -37.433  -21.554  74.463 1.0000000000
71752  -38.196  -21.528  75.047 1.0000000000
71754  -40.492  -21.461  75.228 1.0000000000
62935  -13.125  -29.625  77.961 0.8750000000
64008  -12.876  -28.966  78.141 0.8750000000
57362  -15.470  -35.879  87.763 1.0000000000
57351  -16.360  -36.794  89.282 1.0000000000
55318  -17.327  -37.741  90.523 1.0000000000
55334  -17.199  -38.371  89.359 1.0000000000
67878  -20.423  -24.872  79.489 0.7500000000
70746  -38.090  -21.804  74.272 1.0000000000
70765  -38.459  -22.145  73.522 1.0000000000
70749  -40.975  -21.792  74.302 1.0000000000
70750  -42.044  -21.837  74.534 1.0000000000
138461  -43.128  -22.608  73.926 1.0000000000
70786  -43.538  -22.931  73.062 1.0000000000
65046  -12.131  -28.828  76.691 0.8750000000
56302  -17.170  -37.381  90.655 1.0000000000
55327  -17.586  -37.615  89.814 1.0000000000
55343  -17.189  -37.447  88.079 1.0000000000
65963  -18.776  -27.420  80.040 0.8750000000
70782  -39.223  -22.433  72.829 1.0000000000
70802  -39.066  -22.779  71.980 0.8750000000
142614  -39.642  -23.381  70.799 0.8750000000
124380  -40.018  -23.606  70.199 0.8750000000
69811  -40.522  -23.749  69.488 0.8750000000
124379  -41.068  -23.710  68.794 0.8750000000
123177  -43.932  -23.033  72.939 1.0000000000
120504  -44.122  -23.108  72.321 1.0000000000
65059  -11.117  -28.575  75.462 0.8750000000
65069  -9.634  -28.304  74.644 0.8750000000
65969  -17.968  -26.923  78.871 0.8750000000
70801  -38.187  -22.764  71.711 0.8750000000
69783  -38.071  -23.058  71.027 0.8750000000
69809  -38.638  -23.710  69.666 0.8750000000
69824  -40.191  -24.031  68.677 0.8750000000
122588  -40.737  -23.824  68.002 0.8750000000
69825  -41.589  -23.490  68.163 0.8750000000
69840  -42.211  -23.246  67.606 0.8750000000
121381  -44.837  -23.005  71.132 1.0000000000
65068  -8.412  -28.403  74.508 0.8750000000
64053  -6.243  -29.835  73.911 0.8750000000
66935  -17.332  -26.242  77.666 0.8750000000
70781  -38.335  -22.479  72.567 0.8750000000
69823  -39.378  -24.174  68.514 0.8750000000
119972  -39.920  -24.131  67.856 0.8750000000
70854  -42.932  -22.868  67.072 1.0000000000
70822  -45.368  -22.768  70.370 1.0000000000
70834  -45.870  -22.671  69.515 0.8750000000
71807  -46.285  -22.463  68.891 0.8750000000
130941  -7.440  -28.570  74.483 0.8750000000
64052  -5.322  -29.793  73.927 0.8750000000
62988  -4.593  -30.191  72.396 0.8750000000
66942  -16.768  -26.414  75.808 0.8750000000
69798  -37.520  -23.120  70.572 0.8750000000
119687  -38.125  -23.874  69.064 0.8750000000
120781  -39.053  -24.174  67.148 0.8750000000
69837  -39.618  -23.998  67.197 0.8750000000
70881  -42.802  -22.669  65.307 0.8750000000
124579  -43.690  -22.293  65.599 1.0000000000
71816  -46.593  -22.155  68.563 0.8750000000
65066  -5.633  -28.616  74.849 0.8750000000
65078  -4.886  -29.331  73.945 1.0000000000
142816  -5.167  -28.393  72.542 0.8750000000
66037  -5.722  -27.879  70.591 0.7500000000
66967  -16.708  -26.116  73.293 0.8750000000
119489  -37.076  -23.580  69.153 0.8750000000
136372  -37.473  -24.227  67.646 0.8750000000
69854  -38.650  -24.231  66.715 0.8750000000
119292  -43.906  -21.889  63.995 1.0000000000
71850  -44.767  -21.536  64.498 1.0000000000
71842  -45.410  -21.454  65.288 1.0000000000
71851  -45.798  -21.296  64.511 1.0000000000
71826  -47.081  -22.063  68.103 0.8750000000
66025  -5.540  -28.030  71.762 0.7500000000
67026  -5.769  -26.834  68.868 0.5000000000
67041  -5.890  -26.188  68.228 0.2500000000
67015  -17.609  -25.871  70.777 0.8750000000
67016  -17.933  -26.149  70.043 0.8750000000
142872  -37.016  -24.343  66.748 0.8750000000
126848  -38.202  -24.261  66.095 0.8750000000
69871  -38.600  -23.940  65.336 0.8750000000
141505  -44.593  -21.513  63.650 1.0000000000
141293  -45.356  -21.329  63.743 1.0000000000
72740  -45.587  -20.848  62.347 1.0000000000
72725  -46.134  -21.086  63.851 1.0000000000
71827  -47.605  -21.905  67.255 0.8750000000
67042  -6.497  -25.937  68.618 0.2500000000
68006  -6.708  -25.580  67.946 0.2500000000
68917  -18.735  -24.774  69.868 0.8750000000
68010  -18.770  -25.781  68.794 0.7500000000
69888  -36.959  -24.231  64.814 0.8750000000
120780  -37.371  -23.890  63.788 0.8750000000
120748  -38.136  -23.620  63.419 0.8750000000
71889  -44.506  -21.106  61.514 1.0000000000
72739  -44.973  -21.133  62.083 1.0000000000
72748  -45.332  -20.639  61.501 1.0000000000
123940  -46.028  -20.453  61.923 1.0000000000
67059  -19.451  -26.550  67.488 0.7500000000
69923  -37.004  -23.647  62.415 0.8750000000
139508  -37.584  -23.535  62.273 0.8750000000
69940  -38.998  -23.335  62.069 0.8750000000
72757  -44.686  -20.682  60.690 1.0000000000
72758  -45.455  -20.329  60.732 1.0000000000
72759  -46.202  -20.132  61.182 1.0000000000
68971  -46.955  -23.637  65.354 0.7500000000
68041  -20.851  -26.111  66.874 0.7500000000
69955  -36.292  -23.553  60.580 0.8750000000
120486  -37.382  -22.991  59.215 0.7500000000
119584  -38.912  -22.755  59.623 0.7500000000
71924  -39.389  -21.940  57.997 0.7500000000
72773  -44.785  -20.234  59.362 1.0000000000
73629  -45.396  -19.521  58.406 1.0000000000
73612  -45.546  -19.800  59.331 1.0000000000
69929  -48.030  -22.640  63.047 0.7500000000
66089  -24.416  -27.466  67.126 0.7500000000
69986  -34.148  -23.285  58.438 0.7500000000
120220  -34.807  -24.066  60.535 0.7500000000
72811  -37.961  -20.392  56.186 0.7500000000
139530  -38.532  -19.958  55.909 0.6250000000
71960  -39.331  -21.166  56.489 0.7500000000
73646  -45.195  -19.261  57.564 1.0000000000
74448  -45.996  -19.077  57.918 1.0000000000
68042  -25.286  -26.203  66.742 0.8750000000
66111  -25.473  -27.381  65.998 0.7500000000
71016  -33.146  -22.570  57.612 0.7500000000
120058  -33.076  -23.680  59.868 0.7500000000
75420  -38.415  -17.377  56.915 0.6250000000
74483  -43.821  -18.569  56.116 0.7500000000
74484  -44.602  -18.362  56.255 0.7500000000
74485  -45.400  -18.259  56.477 0.7500000000
74469  -45.721  -18.708  57.165 1.0000000000
68043  -25.735  -26.558  66.208 0.7500000000
68053  -25.403  -25.515  66.118 0.7500000000
143331  -26.175  -25.310  65.515 0.7500000000
71014  -31.314  -22.209  57.752 0.7500000000
119270  -32.804  -23.322  58.980 0.7500000000
135720  -38.389  -16.653  58.285 0.5000000000
76372  -38.743  -16.731  57.529 0.6250000000
139079  -39.871  -16.670  56.596 0.7500000000
76397  -42.383  -16.293  55.672 0.7500000000
76398  -43.112  -16.517  55.565 0.7500000000
75445  -43.600  -17.226  55.554 0.7500000000
75446  -44.801  -16.712  55.625 0.7500000000
70886  -25.293  -23.161  63.966 0.6250000000
69900  -25.943  -23.142  63.509 0.7500000000
141687  -26.310  -22.350  62.257 0.7500000000
70989  -28.758  -22.228  58.674 0.7500000000
71012  -29.774  -22.106  57.933 0.7500000000
76374  -39.788  -15.876  58.334 0.7500000000
120549  -40.344  -16.100  56.850 0.6250000000
77330  -41.142  -15.426  57.466 0.7500000000
77331  -41.832  -14.986  57.400 0.7500000000
77338  -42.238  -15.231  56.522 0.7500000000
142307  -42.882  -14.984  56.442 0.7500000000
77339  -43.548  -15.046  56.132 0.7500000000
127524  -44.013  -16.528  55.545 0.7500000000
71863  -25.414  -21.473  62.372 0.6250000000
71872  -25.619  -21.126  61.583 0.6250000000
72755  -25.973  -20.660  60.242 0.6250000000
125399  -28.688  -21.288  57.782 0.7500000000
71936  -29.440  -21.561  57.699 0.7500000000
122077  -40.272  -15.746  59.143 0.6250000000
77315  -41.055  -15.375  59.067 0.7500000000
77325  -41.387  -15.149  58.248 0.7500000000
78221  -41.942  -14.790  58.193 0.7500000000
78237  -42.580  -14.705  57.089 0.7500000000
78238  -43.294  -14.461  56.802 0.7500000000
77316  -41.838  -14.952  59.025 0.6250000000
121013  -21.762  -28.946  84.241 1.0000000000
66897  -22.269  -25.982  84.503 0.8750000000
68793  -21.168  -24.426  82.261 0.7500000000
59154  -13.644  -34.055  84.019 0.8750000000
59994  -14.266  -33.533  84.895 1.0000000000
61857  -21.499  -31.507  83.856 1.0000000000
60934  -14.309  -32.062  83.954 1.0000000000
123172  -14.124  -33.143  84.060 1.0000000000
59147  -20.455  -33.160  84.705 1.0000000000
68799  -20.322  -24.198  81.215 0.7500000000
61860  -14.092  -31.440  83.267 1.0000000000
143494  -14.420  -34.295  85.947 1.0000000000
59146  -20.016  -33.614  84.592 1.0000000000
68809  -21.371  -24.483  80.798 0.7500000000
68807  -20.677  -23.912  80.331 0.7500000000
121361  -13.959  -31.184  81.654 0.8750000000
62907  -13.669  -30.361  81.090 0.8750000000
58257  -14.740  -35.128  86.475 1.0000000000
67869  -21.432  -24.735  80.692 0.7500000000
68808  -21.075  -24.225  80.109 0.7500000000
134280  -13.339  -29.647  80.414 1.0000000000
63990  -12.770  -28.935  79.956 0.8750000000
58254  -15.608  -35.207  87.601 1.0000000000
58272  -17.418  -35.053  85.073 1.0000000000
68815  -20.797  -23.918  79.353 0.7500000000
70747  -38.902  -21.779  74.395 1.0000000000
70748  -39.896  -21.771  74.452 1.0000000000
143564  -40.244  -22.023  73.742 1.0000000000
70767  -40.879  -22.232  73.369 1.0000000000
70784  -41.548  -22.611  72.959 1.0000000000
65038  -12.250  -28.649  77.598 0.8750000000
58249  -16.160  -35.521  88.149 1.0000000000
57357  -16.708  -36.338  88.707 1.0000000000
56332  -16.741  -37.277  87.198 1.0000000000
58262  -17.037  -35.683  85.475 1.0000000000
132201  -18.643  -25.660  78.877 0.7500000000
68825  -20.005  -24.219  78.469 0.7500000000
70768  -41.757  -22.209  73.744 1.0000000000
70785  -42.539  -22.645  73.302 1.0000000000
135823  -11.027  -28.259  77.443 0.8750000000
57352  -17.186  -36.747  89.602 1.0000000000
57350  -17.367  -37.002  90.284 1.0000000000
56316  -17.983  -37.084  89.480 1.0000000000
56324  -17.561  -37.111  88.318 1.0000000000
56333  -17.024  -36.600  86.804 1.0000000000
66927  -17.848  -26.063  78.586 0.7500000000
70766  -39.460  -22.073  73.649 1.0000000000
69785  -39.766  -23.106  71.480 0.8750000000
69801  -40.372  -23.384  70.938 0.8750000000
69802  -40.912  -23.531  70.282 0.8750000000
69812  -41.464  -23.504  69.582 0.8750000000
70806  -43.636  -23.064  72.182 1.0000000000
70807  -44.291  -23.004  71.614 1.0000000000
65058  -10.533  -28.083  75.959 0.8750000000
122283  -8.643  -27.960  75.223 0.8750000000
67899  -17.409  -25.540  76.989 0.7500000000
69813  -41.957  -23.395  68.888 0.8750000000
70842  -43.099  -22.874  68.035 0.8750000000
70843  -44.070  -22.472  68.252 1.0000000000
70821  -44.881  -22.846  70.819 1.0000000000
119140  -44.914  -22.549  70.034 1.0000000000
67908  -16.827  -25.608  75.462 0.7500000000
70855  -43.772  -22.508  67.421 1.0000000000
70833  -45.646  -22.553  69.658 0.8750000000
65056  -7.555  -28.076  75.004 0.8750000000
65067  -6.475  -28.482  74.827 0.8750000000
68886  -17.906  -23.898  72.204 0.8750000000
68885  -17.300  -24.443  72.671 0.8750000000
70868  -43.673  -22.469  66.568 1.0000000000
70869  -44.440  -22.036  66.275 1.0000000000
71825  -46.880  -21.832  68.030 0.8750000000
128074  -46.887  -21.561  67.162 0.8750000000
133405  -4.881  -28.770  73.298 1.0000000000
66015  -5.538  -27.817  72.735 1.0000000000
68896  -18.162  -24.175  71.440 0.8750000000
71841  -44.558  -21.743  65.432 1.0000000000
71834  -47.476  -21.404  66.602 0.8750000000
72714  -47.969  -21.027  66.111 1.0000000000
128023  -6.263  -26.446  69.177 0.3750000000
68905  -17.800  -24.747  71.239 0.8750000000
72715  -48.247  -21.209  66.001 0.8750000000
72722  -48.715  -21.031  65.415 1.0000000000
122876  -7.500  -26.310  69.732 0.3750000000
67992  -7.350  -25.884  68.802 0.2500000000
67996  -18.434  -25.502  69.509 0.7500000000
70996  -36.378  -22.992  58.446 0.6250000000
70870  -48.452  -21.930  66.056 0.8750000000
72729  -49.260  -20.683  64.352 1.0000000000
72734  -49.421  -20.418  63.628 1.0000000000
68927  -19.998  -24.712  68.911 0.7500000000
68012  -20.414  -25.176  68.223 0.7500000000
124989  -35.840  -22.436  57.360 0.6250000000
72749  -46.773  -20.216  61.979 1.0000000000
73581  -47.207  -19.805  61.360 1.0000000000
70882  -48.703  -21.979  65.112 0.8750000000
70898  -48.741  -22.075  64.210 0.8750000000
70917  -49.217  -21.619  63.627 0.8750000000
68013  -21.353  -25.456  68.122 0.7500000000
67060  -20.143  -26.218  67.087 0.7500000000
69987  -35.901  -23.323  58.817 0.7500000000
71019  -36.479  -22.621  57.861 0.6250000000
73652  -36.279  -19.807  56.509 0.6250000000
73613  -46.504  -19.517  59.646 1.0000000000
73594  -46.822  -19.670  60.525 1.0000000000
73595  -47.788  -19.492  60.771 1.0000000000
69896  -48.246  -22.596  64.722 0.7500000000
70916  -48.656  -22.154  63.351 0.7500000000
71877  -49.657  -21.438  62.166 0.8750000000
67046  -23.868  -27.438  68.646 0.7500000000
67062  -22.760  -26.741  67.408 0.7500000000
71018  -35.166  -22.847  57.608 0.6250000000
70000  -35.061  -23.340  58.416 0.7500000000
69971  -35.332  -23.635  59.367 0.7500000000
71958  -37.598  -21.188  56.581 0.7500000000
74467  -37.193  -18.281  56.859 0.6250000000
73630  -46.231  -19.329  58.764 1.0000000000
74471  -47.325  -18.323  57.734 1.0000000000
130261  -48.998  -21.883  62.181 0.7500000000
71890  -49.797  -21.546  61.421 1.0000000000
70958  -49.366  -21.872  60.719 0.8750000000
136097  -34.629  -22.552  57.371 0.6250000000
71017  -34.001  -22.533  57.450 0.6250000000
75419  -37.608  -17.618  57.239 0.5000000000
121345  -46.566  -17.511  56.434 0.8750000000
75422  -46.982  -17.989  56.989 1.0000000000
131080  -48.569  -22.197  61.038 0.5000000000
70957  -48.583  -22.226  60.172 0.7500000000
70978  -49.308  -22.043  59.731 0.8750000000
68942  -24.708  -25.042  66.545 0.6250000000
69864  -24.421  -23.802  65.404 0.7500000000
71939  -32.686  -21.776  57.340 0.7500000000
75447  -45.570  -16.934  55.775 0.7500000000
76401  -46.191  -16.360  55.695 0.7500000000
70979  -50.044  -21.812  59.410 0.8750000000
70885  -24.582  -22.722  64.369 0.6250000000
72795  -31.376  -21.000  57.432 0.7500000000
76362  -39.413  -16.185  59.320 0.5000000000
76363  -40.040  -16.012  59.905 0.5000000000
78239  -44.096  -14.389  56.490 0.7500000000
77340  -44.473  -15.107  55.879 0.7500000000
77351  -45.263  -15.428  55.656 0.7500000000
71004  -50.276  -21.981  58.517 0.8750000000
138750  -24.889  -20.921  62.986 0.6250000000
71882  -25.974  -21.071  60.930 0.6250000000
72770  -26.241  -20.406  59.343 0.6250000000
72792  -27.619  -20.088  57.792 0.6250000000
72794  -29.211  -20.858  57.559 0.7500000000
130154  -41.467  -15.321  59.713 0.5000000000
78222  -42.464  -14.534  58.502 0.7500000000
78231  -43.037  -14.253  57.760 0.7500000000
79104  -43.772  -13.745  58.222 0.7500000000
143841  -50.051  -22.287  57.311 0.8750000000
138022  -25.419  -20.096  60.431 0.6250000000
72769  -25.625  -19.903  59.743 0.6250000000
73625  -26.475  -19.337  58.487 0.6250000000
72791  -26.957  -19.915  58.153 0.6250000000
77317  -42.036  -15.002  59.966 0.5000000000
78214  -43.255  -14.182  59.739 0.7500000000
79093  -43.828  -13.747  59.166 0.7500000000
71034  -50.347  -22.142  56.690 0.8750000000
71968  -50.705  -21.243  55.401 0.6250000000
73659  -52.624  -19.485  56.273 1.0000000000
74488  -54.044  -17.757  57.130 1.0000000000
75439  -54.370  -16.896  56.992 0.8750000000
71969  -51.158  -20.814  55.557 0.8750000000
72827  -51.368  -20.240  55.402 0.8750000000
73672  -52.178  -18.983  55.614 0.8750000000
75438  -53.568  -17.318  56.355 0.8750000000
76392  -55.002  -16.391  57.265 0.7500000000
72836  -50.967  -19.930  54.761 0.6250000000
73683  -51.724  -18.814  55.021 0.7500000000
127859  -53.053  -17.652  55.789 0.8750000000
75450  -53.777  -16.507  56.116 0.7500000000
77344  -55.217  -15.105  56.325 0.8750000000
78246  -56.038  -14.438  56.396 0.6250000000
75448  -52.517  -17.444  55.143 0.7500000000
138911  -53.960  -15.840  55.795 0.6250000000
77354  -54.421  -15.367  55.860 0.6250000000
75458  -52.711  -16.525  54.899 0.6250000000
77358  -53.739  -15.175  55.256 0.6250000000
141306  -55.454  -14.408  55.780 0.6250000000
78256  -54.680  -14.689  55.513 0.6250000000
78262  -53.266  -14.712  54.491 0.5000000000
78264  -55.245  -13.879  55.097 0.7500000000
79135  -54.669  -13.472  54.331 0.6250000000
63949  -21.060  -28.873  84.683 0.8750000000
63951  -22.034  -28.537  84.536 0.8750000000
65932  -21.956  -27.112  85.418 0.8750000000
66893  -21.866  -26.142  85.020 0.7500000000
61864  -21.500  -30.487  83.625 1.0000000000
63961  -21.517  -29.492  83.742 1.0000000000
67855  -21.480  -25.016  83.899 0.7500000000
128677  -21.122  -24.518  83.104 0.6250000000
61848  -13.564  -31.573  85.945 1.0000000000
60923  -13.864  -32.388  86.358 1.0000000000
139407  -14.187  -33.044  86.675 1.0000000000
59985  -13.974  -33.258  87.393 1.0000000000
134579  -13.823  -31.390  84.871 1.0000000000
60928  -14.253  -32.423  85.178 1.0000000000
59991  -14.450  -33.726  86.530 1.0000000000
129141  -20.089  -23.645  79.870 0.6250000000
62889  -13.391  -30.445  84.488 1.0000000000
135560  -14.666  -34.396  86.504 1.0000000000
59986  -14.478  -33.845  87.287 1.0000000000
128236  -19.444  -34.050  85.185 1.0000000000
69702  -20.368  -23.191  79.023 0.7500000000
139187  -13.433  -30.091  82.864 1.0000000000
138952  -13.626  -30.228  82.003 0.8750000000
59144  -17.866  -34.621  84.632 1.0000000000
69713  -20.699  -23.093  78.377 0.7500000000
69703  -20.628  -23.417  78.849 0.7500000000
120856  -12.380  -29.251  82.647 1.0000000000
63974  -12.555  -29.080  81.814 1.0000000000
59131  -15.200  -34.511  87.212 1.0000000000
59132  -15.899  -34.708  87.721 1.0000000000
68832  -20.007  -23.622  77.651 0.7500000000
68814  -20.678  -24.118  79.013 0.7500000000
64996  -11.848  -28.763  81.301 1.0000000000
65019  -12.132  -28.597  79.471 1.0000000000
65029  -12.228  -28.564  78.522 0.8750000000
58250  -16.925  -35.578  88.464 1.0000000000
69728  -19.517  -23.411  76.771 0.7500000000
67886  -19.260  -25.025  78.681 0.7500000000
126711  -40.067  -22.363  73.066 1.0000000000
70783  -40.730  -22.634  72.599 1.0000000000
120494  -41.352  -22.886  72.278 1.0000000000
120779  -42.133  -22.936  72.467 1.0000000000
120778  -42.959  -22.976  72.634 1.0000000000
65037  -11.366  -28.323  77.999 0.8750000000
57353  -17.735  -36.842  89.563 1.0000000000
57358  -18.139  -36.918  88.911 1.0000000000
126130  -17.361  -36.798  87.694 1.0000000000
68853  -18.106  -23.877  75.766 0.7500000000
119287  -39.924  -22.721  72.271 1.0000000000
70803  -40.717  -23.032  71.746 1.0000000000
70818  -41.895  -23.322  70.435 0.8750000000
119750  -42.433  -23.221  71.118 1.0000000000
119683  -43.430  -23.134  71.313 1.0000000000
65036  -10.431  -28.213  77.757 0.8750000000
119298  -9.701  -27.887  76.442 0.8750000000
69758  -18.231  -23.094  73.567 0.7500000000
127137  -17.538  -24.329  75.285 0.7500000000
70829  -42.467  -23.238  69.638 0.8750000000
139535  -43.601  -22.709  68.777 1.0000000000
140733  -8.222  -27.595  78.105 1.0000000000
65977  -8.785  -27.768  77.793 0.8750000000
65057  -8.759  -27.747  76.040 0.8750000000
69767  -17.682  -23.743  73.080 0.7500000000
138690  -44.351  -22.266  66.982 1.0000000000
124949  -44.451  -22.460  69.101 1.0000000000
70832  -45.242  -22.251  69.093 1.0000000000
71806  -45.930  -22.326  68.899 0.8750000000
71815  -46.332  -21.993  68.442 0.8750000000
65961  -7.685  -27.261  79.050 1.0000000000
65967  -7.654  -27.407  78.382 1.0000000000
65975  -7.152  -27.275  77.548 0.8750000000
133876  -6.779  -27.803  75.445 0.8750000000
65055  -5.991  -28.019  75.280 0.8750000000
69776  -19.253  -23.281  71.481 0.7500000000
120027  -45.234  -21.610  66.111 1.0000000000
71832  -45.233  -21.933  67.056 1.0000000000
71824  -46.235  -21.709  67.650 0.8750000000
66919  -7.673  -26.667  79.266 1.0000000000
66926  -7.232  -26.837  78.618 1.0000000000
65993  -6.330  -27.560  75.934 0.8750000000
65065  -5.224  -28.421  74.695 0.8750000000
66008  -5.146  -27.907  74.233 1.0000000000
69790  -18.809  -23.895  71.073 0.8750000000
142230  -45.964  -21.419  65.916 1.0000000000
71843  -46.840  -21.311  66.185 1.0000000000
66925  -6.694  -26.345  78.132 1.0000000000
65983  -5.991  -27.299  76.409 0.8750000000
65054  -5.581  -28.039  75.126 1.0000000000
66964  -5.637  -27.232  74.289 1.0000000000
66026  -6.257  -27.341  71.924 1.0000000000
119658  -6.680  -26.639  70.030 0.5000000000
69793  -20.687  -24.243  70.781 0.8750000000
68907  -19.115  -24.233  70.361 0.8750000000
71852  -46.354  -21.269  65.290 1.0000000000
72713  -47.593  -21.068  66.005 1.0000000000
127266  -47.714  -20.578  64.760 1.0000000000
120900  -48.904  -20.687  64.922 1.0000000000
73564  -49.037  -20.332  64.234 1.0000000000
67875  -7.823  -25.526  79.162 1.0000000000
67884  -7.119  -26.026  78.733 1.0000000000
66932  -5.884  -26.276  76.957 1.0000000000
66940  -5.530  -26.731  76.359 1.0000000000
66016  -6.326  -27.226  72.605 1.0000000000
66998  -7.261  -26.728  72.069 0.7500000000
123093  -7.548  -26.592  71.297 0.5000000000
67013  -7.919  -26.431  70.499 0.3750000000
135833  -8.932  -26.260  69.477 0.3750000000
141859  -21.271  -24.718  70.669 0.8750000000
123169  -20.827  -24.463  70.028 0.8750000000
72742  -47.214  -20.276  62.745 1.0000000000
72733  -47.674  -20.233  63.474 1.0000000000
125155  -48.491  -19.666  62.322 1.0000000000
73568  -48.871  -20.021  63.740 1.0000000000
73570  -49.813  -20.183  62.853 1.0000000000
72735  -49.723  -20.482  63.047 1.0000000000
68823  -7.198  -25.012  78.666 1.0000000000
67892  -6.263  -25.865  77.593 1.0000000000
128474  -5.415  -26.218  75.947 1.0000000000
67936  -6.848  -26.088  73.997 0.8750000000
66966  -7.188  -26.331  73.353 0.8750000000
138800  -7.891  -26.523  72.148 0.5000000000
66999  -8.326  -26.482  71.436 0.3750000000
67029  -8.143  -26.252  69.576 0.3750000000
67999  -22.301  -25.982  69.718 0.7500000000
71943  -36.554  -21.999  57.229 0.6250000000
73582  -49.048  -19.461  61.777 1.0000000000
73583  -49.896  -19.523  61.903 1.0000000000
73584  -50.688  -19.674  61.993 1.0000000000
72743  -50.328  -20.325  62.482 1.0000000000
67883  -6.626  -25.463  78.218 0.8750000000
134452  -5.931  -25.034  76.470 0.8750000000
67906  -5.806  -25.331  75.829 0.8750000000
67045  -22.863  -26.633  69.034 0.7500000000
71942  -35.118  -22.174  57.103 0.6250000000
72809  -35.444  -20.196  56.630 0.6250000000
73651  -35.539  -19.622  56.790 0.6250000000
74466  -36.413  -18.458  57.226 0.5000000000
74428  -48.054  -18.919  59.406 1.0000000000
74429  -49.117  -18.868  59.766 1.0000000000
134379  -51.117  -20.096  62.206 1.0000000000
71870  -50.921  -20.489  62.088 1.0000000000
68831  -6.294  -24.911  77.599 0.8750000000
68840  -6.001  -24.307  76.956 0.8750000000
66072  -24.566  -27.569  68.267 0.7500000000
72808  -34.732  -20.583  56.799 0.6250000000
140134  -34.611  -19.231  57.471 0.5000000000
74446  -35.813  -17.756  58.661 0.5000000000
75407  -36.523  -17.520  58.321 0.5000000000
74472  -48.169  -18.165  57.984 1.0000000000
75424  -48.604  -17.601  57.413 1.0000000000
71878  -50.492  -21.090  61.670 1.0000000000
71891  -50.215  -21.491  60.868 1.0000000000
143563  -24.736  -25.865  67.961 0.6250000000
71954  -34.112  -21.197  56.987 0.6250000000
72798  -33.885  -20.294  57.196 0.6250000000
121258  -33.737  -18.416  58.491 0.6250000000
75389  -36.404  -17.497  59.180 0.5000000000
75390  -37.143  -17.248  59.666 0.5000000000
75369  -37.611  -17.235  60.468 0.3750000000
76387  -46.802  -16.824  56.086 0.8750000000
76402  -46.881  -16.165  55.827 0.8750000000
134265  -51.015  -21.162  60.907 1.0000000000
68935  -24.695  -25.534  67.292 0.5000000000
73640  -32.224  -19.850  57.562 0.6250000000
138187  -32.802  -18.526  58.509 0.6250000000
75391  -38.014  -16.922  59.761 0.5000000000
76342  -38.755  -16.604  59.999 0.5000000000
78254  -46.896  -14.907  55.788 0.7500000000
78241  -46.497  -14.263  56.158 0.7500000000
71927  -50.863  -21.609  59.229 0.8750000000
70873  -23.671  -22.547  65.587 0.5000000000
70884  -24.075  -22.079  64.861 0.5000000000
73639  -30.835  -19.711  57.651 0.6250000000
74443  -31.254  -18.505  58.498 0.6250000000
76344  -40.196  -16.086  60.672 0.3750000000
79121  -44.749  -13.752  56.866 0.7500000000
78240  -45.585  -14.170  56.345 0.7500000000
71005  -51.033  -21.735  58.271 0.8750000000
128326  -51.773  -21.501  57.959 1.0000000000
71856  -24.679  -21.532  63.681 0.6250000000
73580  -24.903  -19.992  61.898 0.6250000000
73591  -24.627  -18.986  60.715 0.6250000000
121767  -27.453  -18.615  58.177 0.6250000000
73637  -29.082  -20.012  57.505 0.7500000000
76332  -40.296  -16.197  61.549 0.3750000000
77287  -41.581  -15.476  61.371 0.5000000000
79105  -44.410  -13.522  58.663 0.7500000000
71026  -50.462  -22.096  57.659 0.8750000000
72802  -52.798  -20.560  57.283 1.0000000000
72747  -25.222  -20.448  61.532 0.6250000000
125163  -25.063  -19.473  60.188 0.6250000000
73610  -25.985  -19.633  59.029 0.6250000000
74439  -26.789  -18.773  58.331 0.6250000000
78195  -42.820  -14.695  61.187 0.3750000000
78196  -43.576  -14.413  61.507 0.6250000000
78206  -44.184  -13.963  60.968 0.6250000000
71949  -51.754  -21.430  57.084 1.0000000000
71963  -52.182  -20.943  56.784 1.0000000000
72819  -53.116  -19.870  56.958 1.0000000000
77272  -43.180  -15.047  62.900 0.5000000000
78168  -43.946  -14.747  63.204 0.5000000000
71035  -51.135  -21.640  56.547 0.8750000000
75428  -54.785  -17.452  57.754 0.8750000000
75440  -55.054  -16.871  57.658 0.8750000000
76384  -55.630  -16.404  57.928 0.8750000000
76385  -56.155  -16.083  58.460 0.8750000000
130119  -55.429  -15.774  57.164 0.8750000000
77345  -55.989  -15.036  57.124 0.7500000000
78247  -56.701  -14.434  57.067 0.7500000000
78258  -56.810  -13.826  56.331 0.7500000000
78257  -56.082  -13.856  55.721 0.6250000000
79130  -56.128  -13.378  55.132 0.6250000000
82755  -45.879  -9.761  58.696 0.3750000000
79136  -55.651  -13.139  54.540 0.6250000000
79143  -55.161  -12.787  53.918 0.7500000000
63959  -19.654  -29.441  84.314 1.0000000000
63960  -20.256  -29.236  84.511 1.0000000000
63948  -20.375  -28.908  85.000 1.0000000000
64981  -21.503  -28.212  85.437 0.8750000000
63968  -19.517  -29.930  83.711 1.0000000000
62899  -20.829  -30.111  83.605 1.0000000000
121517  -20.379  -24.491  83.089 0.6250000000
120386  -19.556  -24.508  81.992 0.6250000000
61844  -13.143  -31.758  86.913 1.0000000000
60930  -19.849  -32.396  84.803 1.0000000000
61855  -20.230  -31.878  84.268 1.0000000000
61863  -20.916  -30.914  83.720 1.0000000000
68806  -19.598  -24.072  80.629 0.6250000000
60910  -12.462  -32.288  88.596 1.0000000000
60911  -13.341  -32.680  87.908 1.0000000000
59993  -20.019  -33.006  85.181 1.0000000000
60931  -20.557  -32.552  84.446 1.0000000000
69712  -19.482  -22.846  78.824 0.6250000000
62888  -12.881  -29.982  85.227 1.0000000000
59979  -13.135  -32.782  88.654 1.0000000000
59980  -13.830  -33.386  88.048 1.0000000000
70688  -20.466  -22.511  78.324 0.7500000000
63944  -11.989  -29.708  85.240 1.0000000000
59138  -18.120  -34.729  85.353 1.0000000000
59145  -18.701  -34.437  84.915 1.0000000000
69730  -20.662  -22.258  77.397 0.7500000000
70704  -20.716  -22.089  77.627 0.6250000000
63966  -12.248  -29.389  83.561 1.0000000000
63965  -11.443  -29.355  82.924 1.0000000000
59981  -14.535  -33.740  87.922 1.0000000000
59126  -15.299  -33.970  87.797 1.0000000000
58263  -17.768  -35.204  85.870 1.0000000000
70714  -20.507  -22.145  76.498 0.7500000000
68826  -20.550  -23.483  78.393 0.7500000000
64995  -10.810  -28.970  81.608 1.0000000000
65006  -11.013  -28.741  80.797 1.0000000000
59127  -16.210  -34.356  87.738 1.0000000000
59128  -17.056  -34.892  88.155 1.0000000000
58251  -17.448  -35.808  88.395 1.0000000000
57368  -17.566  -36.171  87.249 1.0000000000
57374  -17.347  -35.915  86.354 1.0000000000
70739  -19.522  -22.283  74.950 0.7500000000
64993  -9.215  -28.743  81.858 1.0000000000
64994  -9.396  -28.620  81.065 1.0000000000
65018  -11.157  -28.583  79.933 1.0000000000
58248  -16.939  -36.530  88.978 1.0000000000
58252  -17.708  -35.933  88.187 1.0000000000
57359  -17.739  -36.506  88.669 1.0000000000
57363  -17.695  -36.441  87.992 1.0000000000
69748  -18.456  -23.081  74.493 0.7500000000
65947  -8.926  -27.986  81.761 1.0000000000
65015  -8.856  -28.213  80.512 1.0000000000
65017  -10.241  -28.457  79.542 1.0000000000
125877  -18.964  -22.500  72.591 0.7500000000
70756  -18.777  -22.510  73.244 0.7500000000
65948  -9.203  -27.128  81.756 1.0000000000
65952  -8.406  -27.869  79.984 1.0000000000
65026  -8.683  -28.050  79.670 1.0000000000
65035  -9.514  -28.104  78.239 1.0000000000
70773  -19.015  -22.811  72.023 0.7500000000
66910  -8.654  -26.536  80.490 1.0000000000
66920  -8.186  -26.911  79.824 1.0000000000
65962  -8.119  -27.662  79.263 1.0000000000
69777  -20.034  -23.165  71.278 0.7500000000
67865  -8.862  -25.402  80.381 1.0000000000
67876  -8.307  -26.032  79.750 1.0000000000
69792  -20.119  -23.863  70.939 0.8750000000
68802  -9.005  -24.354  80.314 1.0000000000
68909  -21.883  -25.231  70.952 0.8750000000
67972  -23.481  -26.381  71.793 0.8750000000
68813  -8.459  -24.956  79.694 1.0000000000
67985  -22.346  -25.916  70.505 0.7500000000
139787  -8.593  -24.039  79.696 0.8750000000
68812  -7.999  -24.319  79.057 1.0000000000
67907  -6.202  -25.391  75.237 0.8750000000
67921  -7.317  -25.497  74.425 0.8750000000
67955  -8.235  -26.141  72.909 0.7500000000
67967  -8.535  -26.347  72.222 0.5000000000
67014  -8.890  -26.406  70.524 0.3750000000
66041  -24.592  -27.893  69.967 0.7500000000
74430  -50.107  -18.699  59.813 1.0000000000
124026  -50.817  -19.961  62.383 1.0000000000
137607  -7.268  -24.116  78.514 0.8750000000
67920  -6.474  -25.790  74.689 0.8750000000
66055  -24.631  -27.756  69.185 0.7500000000
119745  -37.819  -17.235  64.316 0.3750000000
75320  -37.974  -16.997  65.099 0.3750000000
75410  -49.081  -18.121  58.156 1.0000000000
74453  -50.354  -18.392  59.125 1.0000000000
73585  -51.360  -19.814  61.877 1.0000000000
73576  -51.496  -19.953  61.929 1.0000000000
68822  -6.697  -24.476  78.134 0.8750000000
136081  -24.970  -27.639  68.949 0.7500000000
68928  -24.602  -25.389  68.600 0.6250000000
75387  -34.809  -17.600  59.699 0.3750000000
124605  -36.289  -17.610  61.094 0.3750000000
75335  -37.313  -17.550  63.516 0.3750000000
75336  -38.191  -17.380  63.520 0.3750000000
76389  -48.417  -16.223  56.497 1.0000000000
76380  -49.000  -16.890  56.906 1.0000000000
133207  -49.881  -16.652  57.223 1.0000000000
73586  -51.835  -19.828  61.499 1.0000000000
72745  -52.013  -19.816  61.344 1.0000000000
121659  -6.295  -23.891  77.541 0.8750000000
68934  -24.164  -24.724  67.854 0.5000000000
70847  -23.259  -22.712  66.979 0.5000000000
75406  -33.281  -18.002  59.176 0.6250000000
135401  -36.922  -17.468  60.512 0.3750000000
75355  -37.249  -17.525  61.213 0.3750000000
75346  -38.317  -17.372  62.575 0.3750000000
78255  -47.728  -14.966  55.956 0.8750000000
76390  -49.279  -15.990  56.687 1.0000000000
71880  -52.023  -20.362  61.163 1.0000000000
71893  -52.298  -20.745  60.530 1.0000000000
71838  -23.692  -21.661  65.590 0.5000000000
70860  -23.386  -22.151  66.239 0.5000000000
75386  -31.653  -17.440  59.830 0.6250000000
140322  -32.250  -17.004  60.438 0.6250000000
75357  -39.160  -16.838  61.658 0.3750000000
76304  -39.576  -16.763  63.021 0.3750000000
79122  -46.173  -13.636  56.619 0.7500000000
80043  -47.349  -12.789  57.074 0.7500000000
78243  -48.250  -14.282  56.236 0.7500000000
71911  -52.421  -21.097  59.632 1.0000000000
72775  -53.719  -20.219  59.856 1.0000000000
71847  -24.282  -21.326  64.377 0.5000000000
126146  -24.732  -19.931  63.297 0.5000000000
74442  -30.412  -18.587  58.322 0.6250000000
75385  -30.668  -17.536  59.541 0.6250000000
75365  -31.469  -16.890  60.396 0.6250000000
76331  -39.626  -16.496  61.201 0.3750000000
76317  -40.346  -16.322  62.456 0.3750000000
79106  -45.256  -13.205  58.702 0.7500000000
141599  -45.820  -12.972  57.510 0.7500000000
80027  -46.976  -12.350  57.869 0.7500000000
71928  -51.709  -21.454  58.964 1.0000000000
71912  -53.120  -20.788  59.239 1.0000000000
72790  -53.655  -20.275  58.886 1.0000000000
120561  -24.472  -20.680  63.842 0.5000000000
131990  -24.779  -19.476  62.460 0.5000000000
74409  -24.457  -18.078  60.349 0.6250000000
75400  -27.419  -17.753  58.426 0.6250000000
75383  -28.974  -17.442  58.872 0.6250000000
75384  -29.796  -17.523  59.220 0.6250000000
76318  -41.076  -16.026  62.823 0.3750000000
77270  -41.689  -15.590  62.264 0.3750000000
79085  -44.834  -13.613  60.387 0.7500000000
79086  -45.643  -13.318  60.694 0.7500000000
71930  -53.034  -20.766  58.218 1.0000000000
73632  -54.041  -19.580  58.577 1.0000000000
74424  -24.915  -18.222  59.556 0.6250000000
74425  -25.533  -18.319  58.946 0.6250000000
76369  -26.695  -17.289  58.623 0.6250000000
76370  -27.485  -16.990  58.762 0.6250000000
77271  -42.424  -15.322  62.591 0.3750000000
78181  -44.536  -14.335  62.649 0.6250000000
78198  -45.085  -13.878  62.152 0.6250000000
134216  -45.858  -13.347  61.507 0.7500000000
74454  -54.857  -18.408  58.708 1.0000000000
74475  -55.160  -17.818  58.548 1.0000000000
75415  -55.692  -17.446  59.118 0.8750000000
77251  -43.686  -15.477  64.573 0.3750000000
78158  -45.037  -14.775  64.284 0.6250000000
73648  -54.323  -18.861  58.207 1.0000000000
76376  -56.269  -16.224  59.087 0.8750000000
75429  -55.414  -17.139  58.307 0.8750000000
77335  -56.623  -15.345  58.519 0.7500000000
77334  -56.135  -15.644  57.829 0.8750000000
77346  -56.578  -15.001  57.694 0.8750000000
78248  -57.049  -14.401  57.804 0.7500000000
134048  -49.054  -8.979  59.236 0.3750000000
131774  -57.353  -13.646  57.491 0.7500000000
79126  -57.604  -13.118  56.938 0.7500000000
82757  -49.024  -9.228  58.494 0.3750000000
78259  -57.262  -13.742  57.000 0.7500000000
82756  -47.990  -9.435  58.896 0.3750000000
82773  -48.042  -9.711  57.879 0.3750000000
82787  -49.225  -9.828  57.101 0.3750000000
79132  -57.499  -13.060  56.249 0.7500000000
80058  -58.138  -11.692  55.444 0.7500000000
82786  -48.125  -9.983  56.919 0.3750000000
79138  -57.446  -12.701  55.536 0.7500000000
80057  -57.767  -12.161  55.164 0.6250000000
120447  -46.924  -9.839  58.180 0.3750000000
119904  -46.964  -9.977  57.169 0.3750000000
79137  -56.766  -12.678  54.830 0.6250000000
80064  -57.415  -11.998  54.569 0.6250000000
80957  -58.024  -11.536  54.781 0.6250000000
82754  -44.830  -9.364  58.939 0.2500000000
82772  -45.950  -9.831  57.589 0.3750000000
81853  -47.036  -10.122  56.223 0.3750000000
80056  -55.970  -12.561  54.169 0.7500000000
80960  -56.519  -11.648  53.623 0.6250000000
80961  -57.424  -11.451  54.028 0.6250000000
82785  -45.929  -9.802  56.463 0.2500000000
80062  -55.729  -12.120  53.568 0.7500000000
80973  -55.972  -11.408  53.149 0.7500000000
123342  -45.254  -9.424  57.175 0.2500000000
65924  -17.579  -27.103  87.046 0.8750000000
65925  -17.841  -27.404  86.489 0.8750000000
141966  -17.870  -27.500  86.534 0.8750000000
64970  -18.490  -28.018  85.952 0.8750000000
64971  -18.744  -27.924  86.082 0.8750000000
63939  -19.335  -28.481  85.834 0.8750000000
64978  -18.370  -28.477  85.216 0.8750000000
64980  -19.684  -28.965  85.256 1.0000000000
63940  -19.852  -28.597  85.742 0.8750000000
63935  -20.449  -28.082  86.154 0.8750000000
65931  -21.339  -27.165  85.940 0.8750000000
65930  -17.038  -27.447  86.678 0.8750000000
64969  -17.206  -27.680  85.977 0.8750000000
142037  -17.716  -28.204  85.097 0.8750000000
63957  -18.038  -29.496  83.998 1.0000000000
62896  -18.670  -30.161  83.630 1.0000000000
65927  -20.477  -27.167  86.186 0.8750000000
66889  -20.818  -26.165  85.823 0.7500000000
67849  -21.072  -25.361  84.562 0.7500000000
68777  -20.979  -24.746  83.781 0.7500000000
64984  -16.718  -28.730  84.557 0.8750000000
63956  -17.136  -29.414  84.174 1.0000000000
62891  -17.722  -30.179  83.830 1.0000000000
61861  -19.257  -31.427  83.951 1.0000000000
119753  -19.324  -24.668  82.953 0.6250000000
69700  -18.516  -23.561  79.453 0.6250000000
61847  -12.830  -30.906  86.517 1.0000000000
61843  -12.288  -31.192  87.398 1.0000000000
60916  -12.822  -31.942  87.875 1.0000000000
61853  -17.539  -31.016  84.133 1.0000000000
60929  -18.874  -32.213  84.811 1.0000000000
59992  -19.398  -33.328  85.680 1.0000000000
70702  -19.268  -21.925  77.527 0.6250000000
72650  -19.357  -20.652  75.583 0.6250000000
62874  -11.828  -30.471  86.856 1.0000000000
61842  -11.147  -31.029  87.501 1.0000000000
60909  -11.551  -32.161  88.841 1.0000000000
60904  -12.153  -32.377  89.295 1.0000000000
60921  -18.120  -33.223  86.276 1.0000000000
139507  -18.898  -33.621  86.082 1.0000000000
59136  -19.214  -33.800  85.827 1.0000000000
70703  -20.370  -21.849  77.553 0.6250000000
74351  -21.055  -18.386  73.922 0.6250000000
74354  -23.304  -18.464  73.626 0.6250000000
73515  -25.024  -19.431  74.246 0.6250000000
62880  -11.292  -29.931  86.070 1.0000000000
59973  -13.029  -32.730  89.238 1.0000000000
59989  -18.329  -33.663  86.362 1.0000000000
59135  -18.366  -34.199  86.400 1.0000000000
59139  -18.684  -34.380  85.740 1.0000000000
127719  -20.233  -21.681  75.791 0.7500000000
70715  -20.524  -21.859  76.877 0.6250000000
73520  -20.967  -19.144  73.413 0.6250000000
74359  -22.186  -18.896  73.005 0.6250000000
73523  -25.210  -20.200  73.955 0.6250000000
62886  -9.759  -29.967  84.744 1.0000000000
63953  -10.526  -29.719  84.064 1.0000000000
59975  -13.806  -33.182  88.566 1.0000000000
59976  -14.582  -33.369  88.393 1.0000000000
59984  -17.785  -34.208  86.809 1.0000000000
58264  -18.091  -34.733  86.253 1.0000000000
137061  -20.175  -21.704  75.239 0.7500000000
72667  -20.246  -20.158  74.136 0.6250000000
73532  -22.460  -19.495  72.509 0.6250000000
72668  -25.752  -20.752  74.628 0.6250000000
62894  -9.657  -29.727  83.793 1.0000000000
63972  -10.601  -29.297  82.418 1.0000000000
132295  -17.500  -35.322  88.021 1.0000000000
59133  -17.791  -34.835  87.146 1.0000000000
58258  -17.737  -35.469  86.726 1.0000000000
125265  -19.337  -21.997  73.904 0.6250000000
70740  -19.912  -21.521  74.572 0.7500000000
142054  -20.358  -20.739  72.815 0.6250000000
139741  -22.929  -19.873  72.358 0.6250000000
72674  -24.570  -20.618  73.350 0.6250000000
71764  -25.189  -21.179  73.996 0.6250000000
71745  -25.669  -21.777  74.752 0.6250000000
63963  -8.953  -29.052  83.107 1.0000000000
63980  -9.775  -29.064  81.912 1.0000000000
59130  -17.628  -35.298  87.684 1.0000000000
58255  -17.692  -35.569  87.582 1.0000000000
71761  -19.894  -21.381  72.723 0.7500000000
71777  -22.877  -21.251  72.097 0.6250000000
71763  -24.552  -21.634  73.468 0.6250000000
70759  -24.487  -22.594  73.642 0.6250000000
64990  -8.897  -28.708  83.132 1.0000000000
65939  -9.426  -27.286  83.395 1.0000000000
71775  -20.079  -21.811  71.972 0.7500000000
71786  -21.549  -21.615  71.592 0.7500000000
71762  -24.046  -22.102  73.078 0.6250000000
130793  -24.390  -23.383  73.750 0.6250000000
133032  -25.698  -23.802  75.075 0.6250000000
65943  -9.389  -27.235  82.509 1.0000000000
70790  -19.675  -22.549  71.740 0.7500000000
70793  -21.773  -22.487  71.541 0.7500000000
132283  -23.095  -23.152  72.468 0.6250000000
69749  -24.635  -24.201  74.096 0.6250000000
66901  -9.539  -26.373  82.171 1.0000000000
69769  -22.836  -24.133  72.360 0.7500000000
68876  -24.191  -24.923  73.626 0.6250000000
68803  -9.412  -24.775  81.125 1.0000000000
67866  -9.180  -25.737  81.007 1.0000000000
69768  -22.163  -24.282  71.792 0.7500000000
68887  -22.731  -24.842  72.105 0.8750000000
68888  -23.356  -25.122  72.811 0.6250000000
76235  -37.816  -16.255  71.075 0.3750000000
76227  -38.316  -16.637  71.836 0.3750000000
68897  -21.439  -24.488  71.267 0.8750000000
67959  -23.035  -25.551  72.034 0.8750000000
66984  -24.326  -26.911  72.115 0.8750000000
77187  -37.081  -15.728  69.318 0.3750000000
133838  -37.732  -16.337  69.585 0.3750000000
76236  -38.492  -17.148  70.898 0.3750000000
67003  -24.864  -27.509  71.521 0.7500000000
76266  -37.252  -16.253  67.242 0.3750000000
77201  -37.217  -16.024  68.269 0.3750000000
76256  -37.819  -16.478  68.811 0.3750000000
125382  -38.350  -16.958  69.377 0.3750000000
76247  -38.729  -17.478  70.035 0.3750000000
67938  -8.179  -25.659  73.638 0.8750000000
67956  -9.004  -25.848  72.657 0.7500000000
67957  -9.861  -25.445  72.380 0.5000000000
67980  -9.808  -26.169  70.875 0.3750000000
66029  -25.112  -27.809  70.858 0.7500000000
67986  -25.163  -25.442  69.985 0.7500000000
76284  -36.034  -15.923  66.110 0.3750000000
76265  -36.850  -16.259  66.314 0.3750000000
125848  -37.954  -16.646  67.908 0.3750000000
76257  -38.527  -17.089  68.558 0.3750000000
75289  -38.961  -17.581  69.213 0.3750000000
123094  -50.699  -19.003  60.493 1.0000000000
123544  -51.435  -18.947  60.465 1.0000000000
74400  -51.145  -19.584  61.538 1.0000000000
68851  -6.337  -24.573  75.471 0.8750000000
68860  -6.890  -25.042  74.998 0.8750000000
67922  -8.014  -25.236  74.258 0.8750000000
68872  -8.587  -24.938  74.045 0.7500000000
68882  -9.449  -25.030  73.101 0.7500000000
67968  -10.250  -25.673  71.519 0.5000000000
136719  -25.328  -26.375  69.819 0.7500000000
68922  -24.522  -24.692  69.370 0.7500000000
76303  -36.225  -17.086  64.103 0.3750000000
135985  -36.547  -16.338  65.593 0.3750000000
76276  -38.268  -16.943  66.019 0.3750000000
75314  -38.872  -17.182  66.845 0.3750000000
75307  -39.169  -17.485  68.414 0.3750000000
75392  -51.799  -18.145  59.292 1.0000000000
74413  -51.823  -19.076  60.659 1.0000000000
69697  -7.809  -23.308  78.656 0.8750000000
68850  -5.990  -24.182  76.119 0.8750000000
68861  -7.576  -24.662  74.714 0.8750000000
69817  -23.694  -23.758  68.330 0.6250000000
72709  -23.603  -21.005  67.120 0.5000000000
75342  -34.981  -17.108  62.136 0.3750000000
75334  -36.433  -17.491  63.413 0.3750000000
75327  -36.962  -17.251  64.152 0.3750000000
75337  -39.041  -17.114  63.789 0.3750000000
75322  -39.313  -17.196  65.317 0.3750000000
75315  -39.502  -17.424  66.792 0.3750000000
75426  -50.459  -17.402  57.793 1.0000000000
75427  -51.269  -17.269  58.023 1.0000000000
74402  -52.496  -19.492  61.008 1.0000000000
142673  -52.898  -19.633  61.026 1.0000000000
69721  -5.975  -23.398  77.140 0.8750000000
71829  -23.551  -21.307  66.299 0.5000000000
75352  -34.467  -17.070  61.244 0.3750000000
76328  -33.366  -16.134  61.621 0.6250000000
75331  -39.952  -17.070  64.845 0.3750000000
119696  -39.624  -17.370  66.132 0.3750000000
77343  -49.493  -15.171  56.596 0.8750000000
76381  -50.205  -15.646  56.958 0.8750000000
72760  -52.793  -20.146  60.837 1.0000000000
72761  -53.575  -19.886  60.575 1.0000000000
72724  -24.198  -20.480  64.701 0.5000000000
120910  -24.768  -18.955  63.127 0.5000000000
75366  -33.206  -17.035  60.480 0.6250000000
137747  -32.756  -16.313  60.943 0.6250000000
76305  -40.429  -16.477  63.391 0.3750000000
136976  -49.390  -13.471  56.805 0.8750000000
78245  -50.089  -14.656  56.788 0.8750000000
73599  -54.594  -19.027  60.725 1.0000000000
73617  -55.021  -18.628  60.504 1.0000000000
143070  -24.454  -19.978  64.080 0.5000000000
74396  -24.526  -18.583  62.265 0.5000000000
75350  -24.189  -17.453  62.073 0.5000000000
76340  -30.948  -16.415  60.635 0.6250000000
76306  -41.204  -16.229  63.739 0.3750000000
128565  -46.980  -12.098  59.759 0.8750000000
80008  -46.883  -12.227  58.818 0.8750000000
80028  -47.943  -12.217  57.776 0.8750000000
73616  -54.816  -19.192  60.200 1.0000000000
73634  -55.171  -18.760  59.923 1.0000000000
74399  -24.362  -18.331  61.329 0.5000000000
124675  -24.858  -16.795  59.687 0.6250000000
76358  -29.128  -16.930  59.478 0.6250000000
76359  -29.938  -17.034  59.883 0.6250000000
76307  -41.991  -15.956  64.088 0.3750000000
77261  -42.611  -15.511  63.468 0.3750000000
79043  -46.160  -13.751  63.270 0.6250000000
79063  -45.880  -13.535  62.337 0.7500000000
79080  -46.543  -12.924  61.950 0.7500000000
74455  -55.343  -18.207  59.465 0.8750000000
74456  -55.728  -17.621  59.874 0.8750000000
75398  -26.018  -17.718  58.654 0.6250000000
76356  -26.762  -16.511  59.080 0.6250000000
76296  -43.155  -15.892  65.223 0.3750000000
78170  -45.604  -14.300  63.760 0.6250000000
83652  -50.429  -7.869  61.525 0.3750000000
77227  -44.325  -15.856  66.240 0.5000000000
77252  -45.348  -15.022  65.118 0.6250000000
78159  -45.889  -14.501  64.627 0.6250000000
83663  -50.560  -7.923  60.925 0.3750000000
139682  -50.967  -8.287  59.820 0.3750000000
76366  -56.175  -16.440  59.696 0.8750000000
76367  -56.468  -15.682  59.341 0.7500000000
80809  -47.849  -11.841  66.230 0.3750000000
83677  -49.565  -8.553  59.963 0.3750000000
83686  -49.937  -8.715  59.103 0.3750000000
78227  -56.948  -14.346  58.945 0.7500000000
131961  -56.990  -14.620  58.522 0.7500000000
78235  -57.228  -13.950  58.118 0.7500000000
82758  -49.739  -9.146  58.321 0.3750000000
82775  -49.867  -9.381  57.793 0.3750000000
79110  -57.452  -12.963  57.502 0.7500000000
82774  -49.054  -9.501  57.724 0.3750000000
82788  -49.948  -9.767  57.226 0.3750000000
79133  -57.829  -12.481  56.194 0.7500000000
120511  -50.110  -10.218  56.607 0.3750000000
80046  -57.851  -12.190  56.440 0.7500000000
80938  -58.071  -11.694  56.115 0.7500000000
134297  -48.664  -10.216  56.329 0.3750000000
81870  -51.153  -10.759  55.566 0.3750000000
81854  -47.861  -10.248  56.056 0.3750000000
81868  -49.638  -10.419  55.820 0.3750000000
81889  -50.569  -10.584  54.718 0.3750000000
81866  -47.297  -10.158  55.424 0.3750000000
81887  -48.473  -10.321  54.616 0.2500000000
81888  -49.762  -10.514  54.969 0.5000000000
81901  -49.776  -10.396  54.003 0.5000000000
81895  -58.147  -10.252  54.584 0.6250000000
81905  -58.146  -10.124  53.909 0.7500000000
139615  -48.032  -10.123  54.193 0.2500000000
81902  -50.805  -10.335  53.817 0.3750000000
80974  -56.857  -11.101  53.380 0.7500000000
81920  -57.857  -10.011  53.256 0.7500000000
82784  -45.028  -8.982  56.410 0.2500000000
126160  -45.669  -9.479  55.667 0.2500000000
81885  -46.805  -9.872  54.819 0.2500000000
81900  -48.749  -10.173  53.919 0.2500000000
82820  -50.150  -9.823  53.292 0.3750000000
141819  -56.348  -10.848  52.909 0.6250000000
82844  -57.848  -9.433  52.935 0.8750000000
82804  -46.556  -9.292  54.355 0.2500000000
64954  -18.900  -27.147  86.187 0.7500000000
64963  -19.782  -27.523  86.331 0.8750000000
64960  -16.157  -27.640  86.848 0.8750000000
65923  -17.001  -27.157  87.224 0.8750000000
64952  -18.128  -26.931  86.951 0.7500000000
64953  -18.362  -26.873  86.793 0.8750000000
66868  -19.251  -26.481  86.969 0.7500000000
63930  -14.092  -28.643  88.485 0.8750000000
143471  -14.374  -28.149  88.006 0.8750000000
64950  -15.090  -27.732  87.395 0.8750000000
64968  -16.242  -27.931  85.886 0.8750000000
64975  -15.485  -28.649  85.662 0.8750000000
67831  -19.593  -25.886  86.820 0.6250000000
67848  -20.102  -25.387  85.028 0.7500000000
68776  -20.236  -24.930  84.421 0.6250000000
61835  -11.645  -31.637  88.230 1.0000000000
63927  -13.537  -28.680  88.894 0.8750000000
62875  -14.568  -29.604  87.121 0.8750000000
63938  -14.941  -29.339  86.241 0.8750000000
63945  -15.514  -29.384  85.250 0.8750000000
62890  -16.797  -30.247  84.279 1.0000000000
120217  -18.239  -24.984  83.038 0.6250000000
68805  -18.217  -24.343  80.861 0.6250000000
69694  -17.747  -24.004  80.110 0.6250000000
69711  -18.073  -23.241  78.769 0.6250000000
70687  -18.724  -22.550  78.162 0.6250000000
71715  -18.971  -21.115  76.260 0.6250000000
72659  -19.594  -19.829  75.124 0.6250000000
61841  -9.889  -31.294  87.286 1.0000000000
61834  -10.551  -31.580  87.924 1.0000000000
60903  -10.998  -32.264  89.299 1.0000000000
62867  -13.749  -30.291  88.439 0.8750000000
62876  -14.643  -30.179  86.711 0.8750000000
61852  -16.666  -31.221  84.775 1.0000000000
60925  -17.525  -32.721  85.846 1.0000000000
60926  -18.505  -32.779  85.675 1.0000000000
139699  -18.082  -24.699  81.682 0.6250000000
68804  -16.926  -24.345  80.694 0.6250000000
70701  -17.915  -22.274  77.577 0.6250000000
74345  -22.759  -17.914  74.168 0.6250000000
60897  -11.420  -32.312  89.977 1.0000000000
60893  -11.709  -32.137  90.475 1.0000000000
61837  -14.724  -31.160  87.070 1.0000000000
61845  -15.405  -31.509  86.345 1.0000000000
61850  -16.670  -32.111  85.481 1.0000000000
62879  -10.042  -30.242  85.773 1.0000000000
60898  -12.265  -32.347  89.930 1.0000000000
60899  -12.914  -32.415  89.667 1.0000000000
60905  -14.368  -32.763  88.688 1.0000000000
61831  -13.936  -31.874  88.858 1.0000000000
60918  -15.371  -32.344  87.114 1.0000000000
60919  -16.272  -32.956  86.660 1.0000000000
59988  -17.629  -33.691  86.662 1.0000000000
72660  -26.207  -20.289  75.347 0.6250000000
59974  -13.691  -32.794  89.020 1.0000000000
60913  -15.230  -32.864  88.149 1.0000000000
60914  -15.839  -33.297  87.378 1.0000000000
59987  -16.726  -33.631  86.895 1.0000000000
63952  -9.125  -29.608  84.152 1.0000000000
59977  -15.451  -33.567  87.913 1.0000000000
59982  -16.352  -33.952  87.446 1.0000000000
59129  -17.412  -34.696  87.568 1.0000000000
70730  -26.698  -23.189  76.346 0.6250000000
128189  -8.940  -29.273  83.749 1.0000000000
70742  -25.613  -22.827  74.913 0.6250000000
69739  -26.881  -24.215  76.410 0.6250000000
65938  -9.055  -28.165  83.855 1.0000000000
69750  -25.415  -24.514  74.786 0.6250000000
128405  -26.335  -24.801  75.607 0.6250000000
68867  -25.896  -25.580  75.033 0.6250000000
69761  -27.286  -24.464  74.085 0.6250000000
136156  -37.737  -15.278  73.017 0.3750000000
77148  -38.344  -15.280  73.800 0.3750000000
66898  -9.664  -26.431  83.028 1.0000000000
67943  -24.965  -25.906  73.898 0.6250000000
66956  -26.523  -26.403  74.436 0.6250000000
67945  -27.144  -26.136  74.369 0.6250000000
69770  -26.863  -24.132  73.255 0.6250000000
77162  -37.608  -15.612  72.065 0.3750000000
77149  -38.285  -16.101  72.928 0.3750000000
67863  -9.532  -25.560  81.717 1.0000000000
67860  -9.639  -25.447  82.638 1.0000000000
66987  -26.302  -26.576  73.024 0.7500000000
133549  -26.819  -26.173  73.665 0.6250000000
119358  -38.908  -17.030  72.524 0.3750000000
68796  -9.570  -24.730  82.004 1.0000000000
66986  -25.803  -27.197  72.618 0.7500000000
77174  -37.326  -15.823  70.336 0.3750000000
76228  -38.967  -17.542  71.645 0.3750000000
133363  -9.386  -24.093  81.620 1.0000000000
69691  -9.265  -23.737  80.974 1.0000000000
67004  -25.821  -27.010  71.815 0.6250000000
67974  -26.307  -26.170  72.102 0.6250000000
77200  -36.482  -15.397  68.633 0.3750000000
119339  -39.947  -18.337  70.570 0.3750000000
75277  -39.857  -18.160  71.623 0.3750000000
69690  -8.959  -23.254  80.149 0.8750000000
135304  -25.681  -26.999  70.926 0.7500000000
68910  -25.503  -25.302  70.727 0.6250000000
71796  -24.471  -21.659  70.004 0.6250000000
77214  -36.225  -15.753  67.075 0.3750000000
77213  -35.463  -15.309  67.428 0.3750000000
135957  -39.377  -18.025  69.876 0.3750000000
68863  -8.848  -23.992  74.228 0.8750000000
69755  -9.481  -23.730  73.905 0.7500000000
68893  -10.689  -24.909  72.057 0.5000000000
69805  -24.218  -23.573  69.648 0.6250000000
71809  -23.921  -21.277  68.829 0.5000000000
76283  -35.844  -16.192  65.300 0.3750000000
77237  -35.198  -15.808  65.881 0.3750000000
77226  -35.380  -15.537  66.689 0.3750000000
75299  -39.645  -17.840  69.093 0.3750000000
74432  -52.130  -18.565  60.122 1.0000000000
70713  -6.116  -22.433  76.610 0.8750000000
69736  -6.220  -23.140  76.153 0.8750000000
70727  -7.183  -22.784  75.129 0.8750000000
68862  -8.196  -24.287  74.426 0.8750000000
68884  -10.968  -24.147  72.354 0.5000000000
141029  -23.715  -22.287  69.213 0.6250000000
132712  -23.685  -21.159  68.102 0.5000000000
76291  -34.900  -16.619  63.837 0.3750000000
138051  -34.739  -16.310  64.461 0.3750000000
77236  -34.361  -15.720  65.663 0.3750000000
135727  -39.887  -17.563  67.433 0.3750000000
75413  -52.060  -17.424  58.604 1.0000000000
75393  -52.602  -17.889  59.470 1.0000000000
75370  -53.687  -18.117  60.424 1.0000000000
73587  -53.345  -19.119  60.978 1.0000000000
75371  -54.434  -17.819  60.537 1.0000000000
69708  -6.830  -23.342  78.068 0.8750000000
70699  -6.171  -22.903  77.471 0.8750000000
69727  -5.926  -23.343  76.698 0.8750000000
70738  -9.060  -23.034  74.226 0.7500000000
69756  -10.132  -23.585  73.442 0.7500000000
72718  -24.194  -20.004  66.004 0.5000000000
73563  -24.917  -18.786  64.579 0.5000000000
76315  -34.983  -16.921  63.085 0.3750000000
76313  -33.665  -16.128  62.390 0.5000000000
75324  -40.816  -17.209  66.117 0.3750000000
75316  -40.208  -17.493  66.720 0.3750000000
79116  -50.583  -13.420  57.509 0.8750000000
77333  -51.686  -15.834  57.748 1.0000000000
72751  -53.300  -19.489  60.899 1.0000000000
75358  -54.592  -18.237  60.717 1.0000000000
142791  -24.235  -19.985  65.295 0.5000000000
74393  -24.920  -18.420  63.789 0.5000000000
76311  -24.114  -16.653  62.592 0.5000000000
76327  -32.736  -15.750  61.541 0.6250000000
76285  -40.672  -16.920  65.217 0.3750000000
80895  -48.142  -11.191  59.936 0.7500000000
130903  -49.341  -12.395  57.715 0.8750000000
79125  -50.036  -13.801  56.889 0.8750000000
74404  -54.684  -18.462  60.748 1.0000000000
73589  -54.802  -18.533  60.712 1.0000000000
74405  -55.014  -18.089  60.721 0.8750000000
75341  -24.607  -18.020  63.016 0.5000000000
77300  -31.184  -15.894  61.153 0.6250000000
76341  -31.788  -16.330  60.737 0.6250000000
76295  -42.220  -16.251  65.098 0.3750000000
79951  -47.222  -12.485  62.480 0.6250000000
79983  -47.169  -12.027  60.712 0.7500000000
139335  -47.529  -11.620  60.093 0.8750000000
80029  -48.784  -11.917  58.109 0.8750000000
74434  -55.379  -18.191  60.241 0.8750000000
76347  -55.787  -16.271  60.344 0.6250000000
135328  -24.667  -16.321  60.106 0.5000000000
77311  -25.983  -16.018  59.480 0.6250000000
77295  -26.311  -15.265  60.103 0.6250000000
77314  -29.299  -16.368  60.064 0.6250000000
76339  -30.120  -16.461  60.430 0.6250000000
79027  -47.313  -13.573  64.694 0.5000000000
79044  -46.987  -13.358  63.758 0.6250000000
79970  -47.107  -12.279  61.632 0.8750000000
136400  -50.367  -9.059  61.796 0.5000000000
82714  -50.701  -9.062  61.153 0.5000000000
129861  -51.827  -9.090  60.470 0.5000000000
81813  -52.349  -9.523  60.175 0.5000000000
72705  -13.187  -20.481  68.497 0.1250000000
133752  -26.000  -16.879  58.972 0.6250000000
76357  -27.631  -16.310  59.313 0.6250000000
78149  -47.173  -14.373  66.041 0.3750000000
78160  -46.794  -14.162  65.086 0.5000000000
78171  -46.444  -13.950  64.171 0.6250000000
82705  -50.186  -8.952  62.497 0.5000000000
82715  -50.572  -8.518  61.621 0.3750000000
82731  -51.194  -8.721  60.994 0.3750000000
83665  -51.506  -8.560  60.552 0.3750000000
82732  -52.448  -9.316  60.096 0.3750000000
125688  -56.216  -15.924  59.918 0.5000000000
77228  -45.164  -15.689  66.574 0.3750000000
77229  -46.039  -15.429  67.006 0.3750000000
77241  -46.570  -14.890  66.507 0.5000000000
78148  -46.223  -14.711  65.529 0.5000000000
80810  -48.566  -11.856  66.171 0.5000000000
80839  -49.237  -10.975  65.014 0.6250000000
83679  -51.064  -8.172  60.546 0.3750000000
83680  -51.408  -8.419  60.179 0.3750000000
77321  -56.560  -15.077  59.613 0.5000000000
73551  -13.471  -19.938  67.812 0.1250000000
79879  -47.751  -12.952  67.104 0.3750000000
79890  -48.089  -12.495  66.667 0.5000000000
83687  -50.754  -8.528  59.414 0.3750000000
122591  -50.960  -8.684  59.062 0.3750000000
79101  -56.590  -13.783  59.148 0.3750000000
79109  -57.106  -13.495  58.283 0.7500000000
79889  -47.472  -12.595  66.744 0.3750000000
82760  -51.404  -8.815  59.203 0.3750000000
120730  -50.948  -9.059  58.537 0.3750000000
82759  -50.438  -8.957  58.583 0.3750000000
80015  -56.414  -13.011  58.543 0.3750000000
80016  -57.047  -13.008  58.069 0.7500000000
119176  -51.720  -10.150  57.585 0.3750000000
81846  -50.998  -9.585  57.783 0.3750000000
81845  -50.449  -9.818  57.298 0.3750000000
80033  -56.044  -12.769  58.263 0.3750000000
80034  -56.818  -12.749  57.871 0.3750000000
80036  -57.576  -12.520  56.891 0.6250000000
81856  -50.882  -10.343  56.781 0.3750000000
124503  -56.157  -12.172  56.919 0.3750000000
80926  -57.206  -12.333  57.088 0.5000000000
80927  -57.800  -12.085  56.487 0.7500000000
129395  -42.812  -13.698  64.967 0.1250000000
81857  -51.788  -10.857  56.460 0.3750000000
124239  -56.517  -11.429  56.199 0.5000000000
80945  -52.741  -11.406  56.084 0.3750000000
81871  -52.014  -11.124  55.328 0.3750000000
138207  -57.380  -10.994  55.948 0.5000000000
81875  -57.621  -10.368  55.387 0.6250000000
81859  -58.100  -11.107  55.764 0.6250000000
141700  -52.734  -11.281  55.177 0.3750000000
81891  -52.513  -10.754  54.478 0.3750000000
82795  -57.766  -9.768  54.844 0.5000000000
81877  -58.186  -10.672  55.238 0.6250000000
137204  -52.096  -10.456  54.027 0.3750000000
81904  -52.611  -10.061  53.735 0.5000000000
82796  -58.043  -9.961  54.864 0.6250000000
126330  -58.123  -9.543  54.010 0.7500000000
82821  -51.114  -9.655  53.235 0.3750000000
82823  -53.040  -9.179  53.333 0.5000000000
81921  -58.032  -9.479  53.456 0.8750000000
82818  -47.997  -9.767  53.759 0.2500000000
82819  -48.677  -9.554  53.355 0.2500000000
82843  -51.501  -8.855  52.772 0.3750000000
83733  -52.530  -8.605  52.876 0.3750000000
81933  -56.773  -9.598  51.977 0.5000000000
82845  -57.945  -8.897  52.935 0.7500000000
82817  -47.313  -9.251  53.765 0.2500000000
132799  -48.618  -8.912  52.985 0.2500000000
83751  -48.949  -8.271  52.688 0.3750000000
83764  -57.033  -8.820  51.464 0.5000000000
83765  -57.573  -8.167  51.675 0.6250000000
84593  -46.859  -7.660  54.189 0.2500000000
82872  -56.411  -8.530  50.716 0.6250000000
66859  -17.305  -26.129  88.023 0.8750000000
65901  -17.846  -26.478  87.853 0.7500000000
66861  -18.185  -26.131  88.179 0.7500000000
65913  -18.484  -26.457  87.490 0.7500000000
122913  -19.181  -25.803  87.397 0.6250000000
64949  -13.891  -28.102  88.405 0.8750000000
65910  -15.234  -27.166  87.435 0.8750000000
136692  -15.993  -27.117  87.437 0.8750000000
67810  -17.617  -25.977  88.148 0.7500000000
67817  -18.147  -25.792  88.190 0.7500000000
67829  -18.362  -25.683  87.970 0.7500000000
67830  -18.773  -25.584  87.463 0.6250000000
119226  -19.276  -25.598  86.820 0.6250000000
68767  -19.465  -25.225  85.107 0.6250000000
132855  -13.028  -29.928  89.596 0.8750000000
66879  -15.499  -26.158  87.316 0.8750000000
67814  -16.334  -25.778  87.562 0.7500000000
67815  -16.910  -25.720  87.773 0.7500000000
67816  -17.720  -25.634  87.911 0.7500000000
68749  -17.475  -24.818  87.041 0.6250000000
68760  -17.490  -24.773  86.400 0.6250000000
68766  -18.145  -25.097  85.758 0.6250000000
68774  -18.291  -25.032  84.851 0.6250000000
121518  -18.377  -24.914  83.893 0.6250000000
74344  -20.553  -18.145  74.395 0.6250000000
61833  -9.541  -31.961  87.822 1.0000000000
60900  -8.895  -32.183  88.688 1.0000000000
60895  -10.002  -32.029  89.848 1.0000000000
62866  -13.277  -30.486  89.268 0.8750000000
67828  -16.568  -24.927  87.304 0.7500000000
68741  -17.058  -24.682  87.315 0.7500000000
69653  -17.002  -24.041  87.383 0.7500000000
69670  -17.124  -24.063  86.960 0.6250000000
68759  -16.968  -24.269  86.180 0.6250000000
68772  -16.578  -24.643  84.269 0.6250000000
68783  -17.398  -24.993  83.599 0.6250000000
124864  -17.151  -24.653  81.489 0.6250000000
69699  -17.128  -23.651  79.461 0.6250000000
124492  -18.430  -20.549  75.940 0.6250000000
75239  -22.248  -17.585  74.673 0.6250000000
74347  -24.692  -18.784  74.919 0.6250000000
60915  -8.657  -32.075  87.564 1.0000000000
62862  -8.787  -31.346  88.959 1.0000000000
134336  -11.396  -31.976  90.643 0.8750000000
61823  -11.857  -31.774  90.690 0.8750000000
62861  -12.698  -30.964  89.861 0.8750000000
127752  -13.543  -31.105  88.782 0.8750000000
69652  -16.750  -23.400  87.742 0.7500000000
70640  -16.889  -23.025  87.858 0.7500000000
69669  -16.788  -23.403  86.733 0.6250000000
69675  -16.439  -23.691  85.828 0.6250000000
68771  -15.797  -24.173  83.827 0.6250000000
68788  -15.654  -24.183  81.958 0.6250000000
69689  -15.862  -24.029  80.598 0.6250000000
70685  -16.400  -22.782  78.454 0.6250000000
71713  -16.409  -20.808  76.842 0.6250000000
73506  -19.510  -18.791  75.034 0.6250000000
71730  -26.702  -22.107  76.147 0.6250000000
130413  -8.304  -31.224  86.776 1.0000000000
61824  -12.353  -31.656  90.398 1.0000000000
61826  -12.851  -31.963  90.004 1.0000000000
70658  -16.376  -22.936  86.302 0.6250000000
70661  -15.141  -22.461  84.712 0.6250000000
70667  -14.738  -22.889  82.746 0.6250000000
140115  -14.719  -22.395  81.270 0.5000000000
71687  -14.987  -22.113  79.529 0.5000000000
72642  -15.564  -20.592  77.248 0.5000000000
126258  -16.771  -20.110  76.346 0.5000000000
75237  -20.504  -17.687  74.906 0.6250000000
75240  -22.942  -17.723  74.789 0.6250000000
138420  -25.534  -19.481  75.063 0.5000000000
72661  -26.751  -21.128  76.075 0.5000000000
70716  -27.305  -23.686  76.967 0.5000000000
69731  -27.379  -24.034  76.947 0.5000000000
63943  -8.517  -29.750  85.531 1.0000000000
61827  -13.488  -32.363  89.346 1.0000000000
70660  -14.660  -22.077  84.132 0.6250000000
70671  -14.507  -22.110  82.161 0.5000000000
71686  -14.757  -21.383  79.713 0.5000000000
72647  -15.507  -19.311  76.772 0.5000000000
75213  -18.934  -17.614  76.326 0.5000000000
75216  -23.051  -17.517  76.112 0.5000000000
75224  -22.580  -17.495  75.346 0.5000000000
74333  -24.697  -18.540  75.895 0.5000000000
73509  -26.585  -20.255  76.280 0.5000000000
133034  -27.168  -22.796  76.875 0.5000000000
69741  -28.385  -23.585  76.424 0.5000000000
131451  -8.726  -29.421  84.541 1.0000000000
72624  -14.386  -20.458  80.758 0.5000000000
72630  -14.493  -20.489  79.803 0.5000000000
73491  -14.964  -19.357  77.401 0.5000000000
75211  -17.320  -18.002  76.246 0.5000000000
73492  -26.025  -18.894  77.777 0.5000000000
74318  -24.644  -18.302  76.883 0.5000000000
73493  -26.869  -19.841  77.765 0.5000000000
72643  -27.276  -20.874  77.561 0.5000000000
71705  -27.827  -23.004  77.987 0.5000000000
70705  -27.913  -23.548  77.803 0.5000000000
71747  -27.981  -21.944  74.563 0.5000000000
64983  -8.765  -28.647  84.695 1.0000000000
66892  -8.460  -27.051  85.665 1.0000000000
134358  -26.620  -19.153  78.570 0.3750000000
73494  -27.500  -20.818  78.216 0.3750000000
72644  -27.682  -21.705  78.074 0.5000000000
124858  -28.745  -23.009  77.158 0.3750000000
68855  -27.454  -24.857  76.042 0.6250000000
70731  -28.046  -23.743  75.585 0.5000000000
73524  -28.298  -19.619  73.257 0.1250000000
65936  -9.336  -27.249  84.215 1.0000000000
66895  -8.977  -26.581  84.793 1.0000000000
67846  -8.047  -26.088  85.430 1.0000000000
73482  -27.389  -19.757  79.208 0.3750000000
73483  -27.781  -20.699  78.948 0.3750000000
71688  -28.571  -22.067  79.097 0.3750000000
71706  -29.392  -21.869  78.133 0.3750000000
71718  -29.303  -21.443  77.266 0.3750000000
72653  -29.023  -21.091  76.464 0.3750000000
69751  -27.673  -24.578  75.605 0.6250000000
66896  -9.427  -26.521  83.870 1.0000000000
67853  -9.100  -25.905  84.201 1.0000000000
67852  -8.486  -25.606  84.708 1.0000000000
67857  -8.923  -25.176  84.013 1.0000000000
71689  -28.934  -22.066  79.462 0.3750000000
71690  -29.048  -22.121  79.470 0.3750000000
72645  -29.508  -20.772  77.712 0.2500000000
73503  -29.307  -19.459  76.622 0.2500000000
73511  -29.246  -19.093  75.800 0.2500000000
69762  -27.584  -24.677  74.908 0.6250000000
70760  -27.112  -23.299  73.687 0.6250000000
67858  -9.437  -25.708  83.516 1.0000000000
72633  -29.303  -21.497  80.044 0.3750000000
73484  -29.625  -19.364  78.121 0.2500000000
74320  -29.389  -18.976  77.134 0.2500000000
75228  -29.234  -18.424  76.009 0.2500000000
70777  -26.650  -22.943  72.951 0.6250000000
72685  -26.944  -20.904  72.393 0.5000000000
78058  -37.177  -14.790  72.612 0.3750000000
122045  -37.626  -14.692  73.474 0.3750000000
68780  -9.317  -24.866  83.295 1.0000000000
68779  -8.623  -24.398  83.702 1.0000000000
69682  -8.304  -23.640  83.336 1.0000000000
75219  -28.683  -17.741  76.416 0.2500000000
140751  -26.713  -24.860  72.849 0.6250000000
70794  -25.815  -22.056  71.723 0.5000000000
77173  -36.709  -15.083  70.908 0.3750000000
78065  -36.234  -14.501  71.390 0.3750000000
77161  -36.901  -14.895  71.741 0.3750000000
68787  -9.428  -24.626  82.653 1.0000000000
68786  -9.042  -24.122  83.016 1.0000000000
69685  -8.712  -23.414  82.618 1.0000000000
69684  -7.975  -22.872  82.990 1.0000000000
67962  -26.649  -25.814  72.934 0.6250000000
133162  -25.755  -22.977  71.676 0.6250000000
71788  -25.729  -21.187  71.305 0.5000000000
77186  -36.234  -15.037  69.582 0.3750000000
78074  -36.128  -14.706  70.517 0.3750000000
69686  -9.264  -24.031  82.281 0.8750000000
69688  -9.017  -23.297  81.728 0.8750000000
70669  -8.494  -22.454  81.376 0.8750000000
70664  -7.515  -22.097  82.683 1.0000000000
69780  -25.845  -24.092  71.567 0.6250000000
72698  -25.392  -20.646  70.544 0.5000000000
73549  -26.301  -18.878  69.859 0.5000000000
77199  -35.668  -14.876  68.917 0.3750000000
70673  -8.539  -22.276  80.421 0.8750000000
68898  -25.918  -25.225  71.455 0.6250000000
72697  -24.805  -20.975  70.148 0.5000000000
73548  -25.500  -19.522  69.506 0.2500000000
69698  -8.443  -23.305  79.322 0.8750000000
125960  -8.577  -22.592  79.670 0.8750000000
72703  -24.431  -20.929  69.424 0.2500000000
77225  -34.573  -15.406  66.448 0.3750000000
75291  -40.188  -18.277  69.696 0.3750000000
69709  -8.158  -22.508  79.071 0.8750000000
70725  -6.398  -22.222  76.061 0.8750000000
69745  -7.666  -23.577  74.762 0.8750000000
69746  -8.382  -23.292  74.517 0.8750000000
69765  -10.765  -23.483  72.843 0.3750000000
69766  -11.305  -23.412  72.164 0.3750000000
73555  -24.730  -19.605  67.342 0.5000000000
74386  -25.367  -18.584  66.114 0.3750000000
77247  -33.433  -15.753  64.566 0.5000000000
77248  -34.186  -15.961  64.873 0.3750000000
75309  -40.564  -17.687  67.857 0.3750000000
76375  -52.519  -16.246  58.414 0.8750000000
75414  -53.052  -17.054  59.075 1.0000000000
75394  -53.446  -17.607  59.796 0.8750000000
70682  -6.602  -22.169  77.926 0.8750000000
70698  -5.952  -22.635  77.058 0.8750000000
70737  -8.479  -22.387  74.384 0.8750000000
70753  -9.050  -22.104  73.840 0.8750000000
70755  -10.423  -22.668  73.231 0.7500000000
73558  -24.713  -19.397  66.454 0.5000000000
74388  -25.390  -18.271  65.233 0.5000000000
77258  -33.336  -15.772  63.715 0.5000000000
76277  -41.600  -16.985  66.443 0.3750000000
75317  -41.096  -17.449  67.058 0.3750000000
120091  -50.411  -12.818  57.870 0.7500000000
77326  -52.345  -15.112  58.106 0.8750000000
77327  -53.146  -15.265  58.715 0.8750000000
76364  -53.905  -16.597  59.683 0.8750000000
71699  -6.061  -21.742  76.873 0.8750000000
71760  -10.516  -21.973  72.796 0.6250000000
75333  -24.901  -17.560  63.730 0.3750000000
137143  -24.419  -17.107  63.090 0.5000000000
77268  -32.666  -15.399  62.680 0.6250000000
124962  -42.078  -16.634  65.915 0.3750000000
80886  -48.631  -10.685  60.633 0.7500000000
80909  -48.934  -11.357  58.834 0.8750000000
80031  -51.032  -12.952  58.138 0.8750000000
79107  -52.272  -13.579  58.445 0.7500000000
78226  -53.611  -14.446  59.080 0.7500000000
77319  -54.491  -15.676  59.967 0.8750000000
75359  -55.119  -18.083  60.837 0.8750000000
76325  -23.954  -16.438  61.987 0.5000000000
77283  -30.603  -15.389  61.522 0.6250000000
76326  -32.044  -15.764  61.280 0.6250000000
76278  -42.414  -16.776  66.619 0.3750000000
123013  -47.561  -11.879  62.184 0.6250000000
80874  -48.169  -11.253  62.276 0.6250000000
80885  -47.833  -11.306  60.711 0.7500000000
80897  -49.733  -10.983  59.126 0.6250000000
121741  -50.502  -11.296  58.920 0.7500000000
80910  -51.321  -11.552  59.034 0.7500000000
80012  -52.192  -11.774  59.252 0.6250000000
80013  -52.819  -12.311  59.249 0.7500000000
78215  -53.922  -13.943  59.333 0.7500000000
77320  -54.776  -14.962  60.106 0.7500000000
76346  -55.336  -16.372  60.552 0.6250000000
76335  -55.432  -16.951  60.546 0.6250000000
119262  -24.089  -16.755  61.224 0.5000000000
77294  -25.503  -15.453  60.099 0.6250000000
136697  -28.662  -15.670  60.239 0.6250000000
77298  -29.497  -15.789  60.641 0.6250000000
129596  -43.252  -16.531  66.696 0.3750000000
78161  -47.705  -13.775  65.632 0.5000000000
125088  -47.796  -12.949  64.375 0.5000000000
79952  -47.864  -11.957  62.991 0.6250000000
80875  -48.719  -10.565  61.626 0.6250000000
81810  -49.387  -10.130  61.028 0.6250000000
81823  -49.952  -10.418  59.813 0.6250000000
81824  -50.847  -10.063  59.920 0.6250000000
80899  -51.973  -10.860  59.619 0.6250000000
81826  -52.568  -10.282  60.077 0.6250000000
79997  -53.545  -11.462  59.750 0.5000000000
78207  -55.063  -13.803  60.082 0.6250000000
77305  -55.122  -14.845  60.337 0.6250000000
77306  -55.577  -15.402  60.402 0.6250000000
72702  -13.008  -21.045  69.138 0.1250000000
77312  -26.929  -15.750  59.612 0.6250000000
77313  -27.825  -15.634  59.859 0.6250000000
76280  -44.673  -16.151  67.151 0.3750000000
76271  -45.863  -15.929  68.423 0.3750000000
78134  -47.425  -14.498  67.014 0.5000000000
78150  -47.890  -14.018  66.517 0.3750000000
79015  -48.425  -13.262  66.049 0.5000000000
79029  -48.540  -12.604  65.159 0.5000000000
79915  -48.954  -12.053  65.478 0.6250000000
121623  -48.847  -11.797  64.677 0.6250000000
80851  -49.149  -11.088  64.418 0.7500000000
81785  -49.206  -10.489  63.531 0.7500000000
81786  -49.823  -9.449  62.236 0.5000000000
81814  -53.114  -9.951  60.142 0.5000000000
79984  -53.897  -11.576  59.636 0.5000000000
79089  -55.361  -13.555  60.002 0.3750000000
79090  -56.053  -13.962  59.927 0.5000000000
73550  -12.886  -19.467  68.583 0.1250000000
122552  -12.617  -20.224  69.202 0.1250000000
77207  -46.505  -15.129  68.821 0.3750000000
77221  -47.002  -14.645  68.337 0.5000000000
78121  -47.452  -14.236  67.886 0.3750000000
79001  -48.238  -13.491  66.815 0.3750000000
78136  -48.134  -13.482  67.120 0.5000000000
79016  -48.717  -12.586  65.835 0.6250000000
80838  -49.124  -11.517  65.025 0.6250000000
82749  -52.912  -9.505  59.967 0.3750000000
80888  -53.954  -11.393  59.557 0.3750000000
80889  -54.524  -12.422  59.497 0.3750000000
79998  -55.216  -12.822  59.513 0.3750000000
78102  -46.026  -14.661  68.904 0.5000000000
78119  -45.555  -14.454  68.574 0.5000000000
78978  -46.326  -14.277  68.398 0.5000000000
128067  -46.673  -13.766  67.918 0.3750000000
78989  -47.233  -13.547  67.676 0.5000000000
79880  -48.207  -12.924  66.871 0.5000000000
79891  -48.539  -12.403  66.341 0.5000000000
123012  -52.128  -9.132  59.506 0.3750000000
82761  -52.850  -9.430  59.786 0.3750000000
125951  -54.120  -11.463  59.299 0.3750000000
80901  -54.638  -12.249  59.214 0.3750000000
80014  -55.540  -12.791  59.005 0.3750000000
74382  -13.423  -18.463  67.486 0.1250000000
78133  -43.825  -14.335  67.232 0.3750000000
127365  -45.420  -13.713  67.221 0.3750000000
79000  -46.953  -13.183  67.293 0.3750000000
82778  -52.659  -9.587  59.262 0.3750000000
81848  -53.167  -10.091  58.817 0.3750000000
80913  -54.825  -12.289  58.778 0.3750000000
78998  -43.714  -14.100  66.429 0.1250000000
81847  -52.565  -10.071  58.389 0.3750000000
130992  -54.669  -12.100  58.329 0.3750000000
80924  -55.612  -12.510  57.873 0.3750000000
80925  -56.631  -12.424  57.400 0.3750000000
79011  -43.131  -14.051  65.742 0.1250000000
80922  -53.337  -10.703  58.195 0.3750000000
80933  -53.448  -11.491  57.077 0.3750000000
120742  -55.031  -12.296  57.362 0.3750000000
79010  -42.249  -14.167  65.355 0.1250000000
80946  -53.702  -11.751  56.004 0.3750000000
80935  -55.428  -11.883  56.396 0.3750000000
128750  -42.015  -13.849  64.645 0.1250000000
119158  -41.126  -14.025  64.296 0.1250000000
80947  -54.672  -11.622  55.796 0.3750000000
80949  -56.790  -10.602  55.543 0.6250000000
126912  -57.057  -9.593  54.857 0.5000000000
81872  -53.980  -11.314  55.236 0.3750000000
81892  -54.131  -10.586  54.588 0.3750000000
81893  -55.078  -9.931  54.467 0.5000000000
82808  -57.523  -9.002  54.384 0.5000000000
128443  -54.235  -9.724  53.993 0.3750000000
82807  -55.179  -8.995  53.832 0.5000000000
82809  -57.850  -9.328  54.436 0.6250000000
83720  -57.690  -8.750  54.068 0.6250000000
83721  -57.965  -8.999  53.927 0.6250000000
82824  -54.149  -8.809  53.428 0.5000000000
82825  -55.211  -8.079  53.359 0.5000000000
82842  -50.481  -9.049  52.765 0.3750000000
125333  -54.312  -7.740  52.941 0.5000000000
84623  -57.750  -7.825  52.848 0.7500000000
84634  -57.698  -7.574  51.812 0.8750000000
83732  -48.163  -8.288  53.066 0.3750000000
83753  -50.870  -8.187  52.543 0.3750000000
83755  -53.120  -7.678  52.678 0.3750000000
82860  -57.801  -8.290  52.363 0.7500000000
83773  -57.219  -8.125  51.027 0.7500000000
84641  -57.538  -7.324  51.026 0.7500000000
84594  -47.755  -7.562  53.522 0.2500000000
84649  -56.806  -7.217  49.665 0.3750000000
85560  -57.231  -6.371  49.404 0.3750000000
65922  -13.219  -27.550  87.812 0.8750000000
66862  -13.987  -27.377  87.506 0.8750000000
64948  -13.211  -28.343  88.835 0.8750000000
65909  -14.243  -27.573  87.773 0.8750000000
66863  -14.898  -26.967  87.401 0.8750000000
66878  -14.638  -26.625  87.057 0.8750000000
64940  -12.984  -29.155  89.345 0.8750000000
67826  -15.103  -25.651  86.863 0.7500000000
70700  -16.902  -22.398  77.845 0.6250000000
62863  -9.344  -31.059  89.636 1.0000000000
63919  -11.082  -30.464  90.353 1.0000000000
63920  -11.855  -30.262  90.189 0.8750000000
63925  -12.488  -30.097  89.866 0.8750000000
69651  -16.421  -22.990  88.173 0.7500000000
70639  -16.641  -22.622  88.132 0.7500000000
71714  -17.613  -20.908  76.450 0.6250000000
61828  -7.977  -31.295  87.704 1.0000000000
63921  -8.777  -30.252  88.886 1.0000000000
62859  -11.571  -31.112  90.595 0.8750000000
70649  -16.805  -22.500  88.002 0.6250000000
72657  -17.909  -19.345  75.663 0.6250000000
73505  -18.716  -19.179  75.358 0.6250000000
62870  -8.069  -30.644  86.746 1.0000000000
62868  -7.871  -30.551  87.316 1.0000000000
71668  -15.460  -22.040  85.561 0.6250000000
71667  -14.815  -21.561  84.872 0.6250000000
74316  -17.511  -18.684  75.868 0.5000000000
74330  -18.752  -18.475  75.492 0.6250000000
74331  -19.341  -18.188  75.360 0.6250000000
64974  -8.288  -28.995  86.091 1.0000000000
63936  -7.877  -29.689  87.015 1.0000000000
64966  -7.931  -28.850  86.794 1.0000000000
71674  -14.338  -21.302  82.917 0.5000000000
75201  -20.027  -17.420  77.512 0.5000000000
75215  -20.929  -17.304  76.654 0.5000000000
125541  -22.590  -17.393  76.974 0.5000000000
75223  -20.946  -17.371  75.543 0.6250000000
68834  -27.859  -23.938  77.313 0.5000000000
142556  -8.530  -29.057  85.312 1.0000000000
65929  -7.991  -28.230  86.499 1.0000000000
65928  -7.684  -27.704  86.973 1.0000000000
66884  -7.639  -26.533  86.659 1.0000000000
66891  -7.730  -26.459  86.019 1.0000000000
132356  -14.484  -18.675  79.150 0.5000000000
74303  -15.228  -18.575  77.088 0.5000000000
76186  -18.492  -17.227  76.653 0.5000000000
141545  -21.112  -17.371  78.295 0.5000000000
75203  -21.934  -17.281  77.938 0.5000000000
75204  -23.128  -17.451  77.837 0.5000000000
75205  -24.146  -17.926  77.764 0.5000000000
71731  -28.701  -22.079  76.132 0.5000000000
129188  -8.496  -28.151  85.735 1.0000000000
65933  -8.019  -27.362  86.418 1.0000000000
75199  -14.969  -17.822  77.612 0.5000000000
76179  -18.845  -16.910  77.326 0.5000000000
142493  -21.239  -17.487  79.023 0.5000000000
75191  -22.565  -17.369  78.786 0.3750000000
75193  -24.673  -18.048  78.519 0.3750000000
72670  -28.672  -20.338  74.778 0.5000000000
73535  -28.011  -19.331  72.484 0.3750000000
73536  -28.540  -18.666  72.890 0.1250000000
75182  -23.261  -17.339  79.502 0.3750000000
74284  -25.262  -18.094  79.247 0.3750000000
74286  -26.781  -18.941  79.580 0.3750000000
73518  -29.124  -18.991  75.018 0.2500000000
73517  -28.898  -19.396  74.491 0.2500000000
71766  -27.658  -21.352  73.691 0.5000000000
137687  -28.162  -18.344  72.138 0.1250000000
78050  -37.603  -14.071  74.016 0.3750000000
68770  -8.125  -24.767  84.412 1.0000000000
75184  -24.944  -17.712  80.163 0.3750000000
74285  -25.995  -18.256  80.077 0.3750000000
73465  -28.057  -20.165  80.858 0.3750000000
72625  -28.527  -20.992  80.408 0.3750000000
74335  -29.132  -18.372  75.306 0.2500000000
139406  -28.329  -17.278  74.105 0.2500000000
73539  -27.708  -19.020  71.815 0.2500000000
74366  -27.743  -18.160  71.244 0.2500000000
68778  -7.773  -23.969  84.002 1.0000000000
72626  -28.908  -21.235  80.844 0.3750000000
73475  -29.765  -19.461  79.183 0.2500000000
126888  -28.577  -17.548  75.634 0.2500000000
75226  -28.197  -17.241  75.028 0.2500000000
73538  -26.950  -19.336  71.297 0.3750000000
78057  -36.926  -14.220  73.056 0.3750000000
78051  -38.181  -14.617  74.145 0.3750000000
69681  -7.460  -23.164  83.595 1.0000000000
127334  -29.638  -20.543  79.900 0.2500000000
76192  -26.969  -16.733  74.732 0.2500000000
131568  -27.142  -18.183  69.718 0.3750000000
74370  -27.065  -18.554  70.494 0.3750000000
74295  -29.461  -18.692  78.552 0.2500000000
122676  -28.830  -18.020  77.314 0.2500000000
76189  -27.310  -16.852  76.133 0.2500000000
127044  -26.943  -16.656  75.496 0.2500000000
77134  -25.503  -15.912  74.860 0.2500000000
74376  -26.699  -18.200  69.052 0.3750000000
70668  -7.817  -21.851  81.929 1.0000000000
75206  -27.700  -17.196  76.968 0.2500000000
76187  -25.891  -15.912  76.145 0.2500000000
77128  -25.528  -15.749  75.566 0.2500000000
74375  -25.926  -18.856  69.152 0.3750000000
73553  -25.391  -19.324  68.720 0.2500000000
74380  -25.999  -18.553  68.463 0.3750000000
119990  -40.867  -18.526  70.411 0.3750000000
74383  -26.066  -18.188  67.618 0.2500000000
119746  -41.096  -17.982  68.635 0.3750000000
70676  -8.150  -21.923  79.632 0.8750000000
73559  -25.355  -18.801  67.010 0.3750000000
74389  -25.871  -17.699  65.922 0.3750000000
77234  -32.856  -15.343  65.087 0.5000000000
75301  -41.951  -18.110  68.901 0.3750000000
135914  -7.723  -21.866  79.043 0.8750000000
70683  -7.442  -22.407  78.492 0.8750000000
71712  -6.141  -21.527  76.311 0.8750000000
71725  -6.284  -21.404  75.647 0.8750000000
71726  -7.250  -21.805  74.845 0.8750000000
71742  -8.298  -21.552  73.955 0.8750000000
70754  -9.705  -22.797  73.730 0.8750000000
75319  -25.508  -17.188  65.123 0.3750000000
77255  -24.491  -15.861  64.154 0.3750000000
75318  -42.017  -17.292  67.295 0.3750000000
75310  -41.535  -17.717  67.998 0.3750000000
75292  -42.325  -18.337  69.850 0.3750000000
126984  -6.222  -21.920  77.357 0.8750000000
71758  -8.798  -21.196  73.261 0.8750000000
71759  -9.749  -21.790  73.173 0.7500000000
71773  -10.169  -21.245  72.431 0.5000000000
76290  -25.038  -16.451  64.635 0.3750000000
76298  -24.152  -16.161  63.245 0.5000000000
76268  -42.944  -16.986  67.454 0.3750000000
71783  -10.648  -20.884  71.804 0.5000000000
138813  -23.869  -15.681  62.076 0.5000000000
141703  -24.659  -14.583  61.267 0.5000000000
77282  -29.737  -15.291  61.269 0.6250000000
75311  -43.550  -17.186  68.233 0.5000000000
72689  -11.149  -20.593  71.063 0.3750000000
138036  -24.034  -15.888  61.388 0.5000000000
77281  -24.402  -15.309  60.892 0.5000000000
121929  -26.545  -14.466  60.708 0.6250000000
77296  -27.174  -15.099  60.252 0.6250000000
78203  -28.805  -15.088  60.937 0.6250000000
76269  -43.983  -16.671  67.605 0.3750000000
72696  -11.907  -20.715  70.411 0.2500000000
76270  -45.148  -16.444  68.315 0.3750000000
73545  -11.375  -19.299  69.921 0.1250000000
76250  -45.982  -15.612  69.263 0.3750000000
73546  -12.136  -19.382  69.375 0.1250000000
77192  -46.114  -15.157  69.130 0.3750000000
78088  -45.796  -15.058  69.285 0.3750000000
74378  -12.269  -18.566  68.964 0.1250000000
78101  -44.786  -14.677  68.769 0.3750000000
78118  -44.818  -14.258  67.844 0.3750000000
75304  -12.550  -16.742  68.106 0.1250000000
75297  -13.058  -17.621  67.877 0.1250000000
78117  -43.849  -14.632  68.223 0.3750000000
121925  -43.156  -14.529  67.509 0.1250000000
75312  -13.516  -16.861  66.718 0.1250000000
78157  -41.417  -14.301  65.073 0.1250000000
141824  -40.715  -14.352  64.861 0.1250000000
83718  -56.050  -8.315  53.797 0.5000000000
83734  -56.699  -7.838  53.606 0.5000000000
82826  -58.016  -9.090  53.391 0.7500000000
122165  -55.944  -7.655  53.389 0.5000000000
84585  -57.571  -8.215  53.615 0.6250000000
83736  -57.792  -8.336  53.356 0.7500000000
84596  -55.293  -7.267  52.954 0.5000000000
85509  -57.530  -7.286  52.639 0.7500000000
84635  -57.786  -8.138  52.182 0.8750000000
84616  -49.363  -7.431  52.606 0.3750000000
85521  -49.867  -6.614  52.747 0.3750000000
131005  -51.172  -7.434  52.532 0.3750000000
142033  -52.484  -7.311  52.558 0.3750000000
84619  -52.976  -6.824  52.577 0.5000000000
84595  -54.657  -7.107  52.767 0.5000000000
139461  -57.683  -7.171  51.924 0.7500000000
84642  -57.643  -6.826  51.301 0.8750000000
84584  -46.677  -6.387  55.234 0.2500000000
130691  -48.237  -6.802  53.593 0.2500000000
85520  -48.966  -6.674  53.048 0.2500000000
85551  -57.645  -6.185  50.862 0.8750000000
84650  -57.396  -6.776  50.200 0.6250000000
84660  -56.544  -6.823  48.931 0.3750000000
85568  -56.250  -6.509  48.185 0.3750000000
85579  -55.860  -6.366  47.338 0.2500000000
85578  -55.144  -6.533  46.779 0.1250000000
66875  -11.856  -27.266  87.224 1.0000000000
66876  -12.844  -27.211  87.061 0.8750000000
66877  -13.767  -27.050  86.929 0.8750000000
66888  -14.317  -26.078  86.480 0.8750000000
65920  -11.600  -27.936  87.936 1.0000000000
65921  -12.440  -27.740  87.941 1.0000000000
64945  -10.607  -28.647  88.717 1.0000000000
65907  -12.102  -28.328  88.482 1.0000000000
64947  -12.523  -28.665  89.006 0.8750000000
67839  -14.700  -25.080  86.338 0.8750000000
64938  -10.873  -29.227  89.328 1.0000000000
63924  -11.390  -29.646  89.761 0.8750000000
64939  -12.179  -29.447  89.531 0.8750000000
68747  -15.361  -23.910  87.269 0.7500000000
64944  -9.604  -28.617  88.714 1.0000000000
65904  -8.860  -28.085  88.352 1.0000000000
69660  -15.984  -23.435  87.892 0.7500000000
71656  -16.421  -21.908  87.813 0.7500000000
64943  -8.631  -28.729  88.460 1.0000000000
137483  -8.319  -27.452  87.652 1.0000000000
142926  -15.749  -21.692  86.220 0.6250000000
64957  -8.205  -28.058  88.128 1.0000000000
65916  -7.860  -27.680  87.463 1.0000000000
65917  -7.960  -26.691  87.074 1.0000000000
66871  -7.683  -26.527  86.814 1.0000000000
124713  -14.352  -20.595  83.617 0.5000000000
70743  -28.313  -22.642  75.396 0.5000000000
66883  -7.019  -25.735  86.372 1.0000000000
73455  -14.271  -19.708  81.303 0.5000000000
73525  -28.793  -19.009  73.689 0.2500000000
74293  -14.626  -18.313  78.351 0.5000000000
76183  -16.683  -16.688  76.544 0.5000000000
75260  -27.732  -16.833  72.379 0.1250000000
76224  -25.987  -16.544  71.252 0.1250000000
68763  -6.905  -24.798  85.449 1.0000000000
76184  -17.497  -16.395  76.498 0.5000000000
76171  -19.766  -17.308  78.918 0.5000000000
75181  -22.091  -17.313  79.755 0.5000000000
75253  -28.522  -17.380  73.269 0.2500000000
120901  -26.365  -16.628  71.895 0.1250000000
76226  -27.624  -16.850  71.054 0.2500000000
77172  -23.975  -15.981  69.916 0.2500000000
68769  -7.282  -24.356  84.718 1.0000000000
75173  -23.563  -17.286  80.975 0.5000000000
74277  -25.565  -17.962  81.191 0.3750000000
73464  -27.395  -19.335  81.248 0.3750000000
75242  -27.707  -16.957  74.338 0.2500000000
128532  -27.909  -16.931  73.295 0.2500000000
76210  -25.933  -16.495  72.685 0.1250000000
120120  -25.257  -16.385  71.980 0.1250000000
133383  -23.121  -15.450  70.158 0.1250000000
69677  -6.928  -23.460  84.266 1.0000000000
140301  -27.227  -19.151  82.149 0.3750000000
72621  -28.930  -20.817  81.669 0.3750000000
130744  -29.413  -20.582  81.309 0.3750000000
76195  -26.219  -16.451  74.287 0.2500000000
77140  -24.787  -15.824  73.723 0.1250000000
119129  -24.061  -15.655  73.154 0.1250000000
75276  -27.590  -17.046  70.479 0.2500000000
76234  -27.170  -16.789  70.306 0.2500000000
77184  -23.364  -15.588  69.260 0.2500000000
77183  -22.707  -14.884  69.504 0.2500000000
139723  -7.236  -22.443  83.266 1.0000000000
69680  -6.716  -22.486  83.850 1.0000000000
73466  -29.712  -19.513  80.180 0.2500000000
74287  -29.549  -18.691  79.521 0.2500000000
77141  -25.448  -16.080  74.123 0.1250000000
75287  -27.057  -17.178  69.024 0.2500000000
76244  -26.205  -16.539  68.964 0.2500000000
77185  -24.252  -16.043  69.008 0.2500000000
77196  -23.010  -15.078  68.481 0.2500000000
71673  -7.218  -21.204  82.479 1.0000000000
76174  -28.075  -17.385  78.537 0.2500000000
75194  -28.031  -17.471  77.699 0.2500000000
78040  -24.073  -14.751  74.874 0.1250000000
120758  -26.700  -16.866  68.580 0.2500000000
76253  -25.265  -16.275  68.572 0.2500000000
133602  -23.685  -15.652  68.543 0.2500000000
76180  -26.957  -16.630  77.107 0.2500000000
121805  -26.238  -16.023  76.895 0.2500000000
77127  -24.895  -15.333  75.303 0.2500000000
74384  -26.494  -17.523  67.865 0.2500000000
77211  -24.657  -15.612  67.375 0.2500000000
77197  -23.775  -15.386  67.862 0.2500000000
71677  -7.901  -21.683  81.105 1.0000000000
77124  -25.158  -15.298  76.186 0.2500000000
75313  -26.122  -17.290  66.594 0.2500000000
77210  -24.000  -14.938  67.024 0.2500000000
71681  -7.759  -21.483  80.323 0.8750000000
76274  -25.811  -16.674  66.135 0.2500000000
77233  -25.034  -15.366  65.786 0.2500000000
121972  -41.752  -18.496  70.364 0.3750000000
76282  -25.305  -16.186  65.462 0.3750000000
77232  -24.605  -14.847  65.316 0.2500000000
72655  -5.816  -20.680  75.718 0.8750000000
72656  -6.124  -20.792  74.985 0.8750000000
72666  -7.050  -20.402  73.872 0.8750000000
71757  -7.875  -20.622  73.397 0.8750000000
77245  -24.866  -15.602  64.971 0.3750000000
122647  -42.981  -17.937  69.402 0.3750000000
71700  -6.022  -21.057  77.275 0.8750000000
122209  -5.870  -20.904  76.584 0.8750000000
71740  -6.808  -20.941  74.552 0.8750000000
71772  -9.320  -20.810  72.580 0.7500000000
78175  -23.934  -14.804  62.396 0.5000000000
79071  -25.010  -13.927  61.751 0.5000000000
75303  -43.745  -17.523  69.092 0.3750000000
72677  -7.814  -19.818  72.773 0.8750000000
72678  -8.994  -19.988  72.093 0.6250000000
78176  -24.304  -14.339  62.045 0.5000000000
79072  -25.721  -13.625  61.638 0.5000000000
79073  -26.401  -13.717  61.364 0.5000000000
79075  -28.614  -14.077  61.847 0.6250000000
78177  -29.402  -14.219  62.241 0.6250000000
76258  -44.470  -17.061  68.767 0.3750000000
73537  -8.788  -19.133  71.836 0.7500000000
72687  -9.510  -19.570  71.616 0.6250000000
78200  -25.790  -14.854  60.492 0.6250000000
79083  -27.088  -13.921  61.171 0.5000000000
78202  -28.125  -14.591  60.952 0.6250000000
78193  -29.177  -14.664  61.588 0.6250000000
76259  -45.244  -16.699  69.410 0.3750000000
73542  -10.538  -19.063  70.401 0.2500000000
77191  -45.512  -15.611  69.561 0.3750000000
77166  -10.196  -15.837  70.307 0.2500000000
76241  -10.109  -16.369  69.931 0.2500000000
75285  -10.703  -17.216  69.612 0.2500000000
74373  -10.898  -18.655  69.906 0.1250000000
78087  -45.249  -15.268  69.602 0.3750000000
76222  -12.609  -15.788  71.416 0.1250000000
77156  -11.778  -15.409  70.733 0.2500000000
77180  -10.608  -15.776  69.714 0.2500000000
74374  -11.536  -18.655  69.525 0.1250000000
77157  -13.524  -15.493  71.516 0.1250000000
77168  -11.874  -15.022  70.066 0.1250000000
77182  -11.716  -14.983  69.418 0.1250000000
76251  -11.510  -16.034  68.868 0.1250000000
75295  -11.467  -16.894  69.044 0.1250000000
75286  -11.545  -17.839  69.240 0.1250000000
77194  -11.767  -15.448  68.706 0.1250000000
76252  -12.078  -15.931  68.352 0.1250000000
124622  -11.984  -16.617  68.598 0.1250000000
78132  -42.938  -14.389  66.670 0.1250000000
78130  -41.024  -14.768  66.455 0.1250000000
78146  -41.615  -14.460  65.833 0.1250000000
83735  -57.202  -7.836  53.552 0.5000000000
84599  -57.242  -7.543  53.263 0.7500000000
84597  -56.162  -7.164  53.083 0.5000000000
129850  -50.869  -6.680  52.630 0.3750000000
84618  -51.932  -6.881  52.533 0.3750000000
85523  -52.546  -6.050  52.634 0.5000000000
84621  -54.766  -6.535  52.648 0.5000000000
128582  -55.810  -6.474  52.670 0.5000000000
85527  -56.971  -6.524  52.537 0.7500000000
85528  -57.344  -6.685  52.369 0.7500000000
85529  -57.576  -6.884  52.117 0.8750000000
85494  -47.577  -5.748  55.155 0.2500000000
137445  -48.096  -6.207  54.391 0.2500000000
85522  -51.542  -5.972  52.774 0.3750000000
142297  -52.905  -5.332  52.766 0.5000000000
85524  -53.646  -6.024  52.582 0.5000000000
85526  -55.283  -6.100  52.549 0.5000000000
132585  -56.414  -6.353  52.568 0.6250000000
86383  -57.163  -6.047  52.072 0.8750000000
85543  -57.587  -6.532  51.507 0.8750000000
86381  -56.025  -5.561  52.259 0.6250000000
86382  -56.641  -5.866  52.211 0.7500000000
86402  -57.566  -5.911  51.124 0.8750000000
85561  -57.598  -6.037  49.925 0.5000000000
86401  -57.320  -5.627  51.451 0.8750000000
85569  -57.068  -6.109  48.552 0.2500000000
85580  -56.803  -5.885  47.724 0.2500000000
85590  -55.836  -6.131  46.423 0.2500000000
85601  -54.726  -6.595  45.096 0.1250000000
85602  -55.736  -6.119  45.537 0.2500000000
85612  -54.818  -6.555  44.130 0.1250000000
139062  -55.550  -6.228  43.830 0.2500000000
85621  -55.847  -6.121  43.099 0.2500000000
89174  -56.484  -2.625  38.269 0.2500000000
66887  -13.370  -26.393  86.271 0.8750000000
66886  -12.269  -26.431  86.387 0.8750000000
65906  -10.727  -28.079  87.992 1.0000000000
66885  -11.068  -26.331  86.589 0.8750000000
65919  -9.960  -27.418  87.560 1.0000000000
67837  -12.880  -25.504  85.719 0.8750000000
68757  -14.115  -24.313  86.145 0.8750000000
69659  -15.184  -22.930  87.771 0.7500000000
65918  -9.051  -27.422  87.706 1.0000000000
127131  -8.484  -26.675  87.183 1.0000000000
70648  -15.927  -22.706  88.249 0.7500000000
121774  -15.893  -21.294  87.452 0.6250000000
136804  -7.581  -25.909  87.031 1.0000000000
71663  -14.760  -20.851  85.304 0.6250000000
119825  -7.082  -25.782  87.102 1.0000000000
72604  -14.489  -20.728  84.544 0.5000000000
66870  -6.969  -25.779  86.782 1.0000000000
126804  -14.324  -18.919  82.042 0.5000000000
126714  -14.360  -18.826  80.045 0.5000000000
76212  -27.488  -16.784  71.718 0.1250000000
122143  -25.610  -16.475  70.537 0.1250000000
67844  -6.621  -25.217  86.115 1.0000000000
143898  -14.584  -17.967  79.010 0.5000000000
76223  -24.314  -16.149  71.448 0.1250000000
138385  -24.600  -16.259  70.597 0.2500000000
77170  -22.990  -15.333  70.926 0.1250000000
68762  -6.287  -24.413  85.710 1.0000000000
76182  -15.989  -16.963  76.846 0.5000000000
77117  -19.116  -16.436  77.837 0.5000000000
77147  -24.170  -16.006  72.324 0.1250000000
78071  -22.357  -13.898  69.897 0.1250000000
68768  -6.554  -23.883  85.006 1.0000000000
76162  -19.990  -17.196  79.553 0.5000000000
78969  -22.277  -13.162  69.141 0.2500000000
69676  -6.238  -22.711  84.674 1.0000000000
138089  -23.519  -15.413  72.547 0.1250000000
78081  -22.601  -14.105  68.876 0.2500000000
71670  -6.844  -21.562  83.307 1.0000000000
74272  -26.585  -18.756  82.739 0.3750000000
73447  -27.978  -19.767  82.874 0.3750000000
73448  -29.474  -20.125  81.968 0.3750000000
75176  -29.160  -17.898  80.795 0.2500000000
77132  -24.032  -15.183  73.948 0.1250000000
78056  -22.574  -14.255  72.825 0.1250000000
79875  -22.578  -12.741  67.582 0.2500000000
75186  -29.153  -18.042  79.867 0.2500000000
76172  -26.956  -16.508  78.201 0.2500000000
78048  -22.811  -14.247  73.545 0.1250000000
78093  -23.338  -14.810  67.703 0.2500000000
135953  -25.647  -15.584  76.777 0.2500000000
78939  -23.252  -14.059  74.863 0.1250000000
78123  -23.791  -14.217  66.405 0.2500000000
78984  -23.256  -13.558  66.625 0.2500000000
75279  -41.641  -18.371  71.270 0.3750000000
132348  -7.276  -20.935  80.977 1.0000000000
71680  -7.108  -20.828  80.373 1.0000000000
72618  -6.757  -20.236  80.873 1.0000000000
78031  -23.690  -14.219  75.656 0.2500000000
125692  -23.640  -13.639  65.831 0.2500000000
75271  -42.553  -17.936  71.749 0.3750000000
75280  -42.713  -18.180  70.847 0.3750000000
71685  -7.266  -21.243  79.603 0.8750000000
72629  -6.674  -20.324  80.069 0.8750000000
71684  -6.531  -20.633  79.133 0.8750000000
72635  -6.182  -20.146  78.587 0.8750000000
73486  -6.252  -19.173  78.077 0.8750000000
128051  -23.902  -13.855  64.998 0.2500000000
71691  -6.330  -21.078  78.067 0.8750000000
72634  -5.952  -19.770  77.975 0.8750000000
73496  -5.703  -19.611  76.632 0.8750000000
73504  -5.703  -19.260  75.866 0.8750000000
74337  -6.175  -18.430  74.455 0.8750000000
79019  -23.865  -13.618  64.281 0.2500000000
75293  -43.927  -17.718  70.034 0.3750000000
130072  -43.223  -18.075  70.226 0.3750000000
71692  -7.015  -21.501  78.656 0.8750000000
72640  -5.977  -20.454  77.803 0.8750000000
72646  -5.592  -20.142  76.221 0.8750000000
72664  -5.778  -20.010  74.833 0.8750000000
72671  -6.618  -19.680  73.698 0.8750000000
73519  -6.867  -18.999  73.304 0.8750000000
73526  -7.099  -18.298  73.103 0.8750000000
78164  -23.931  -14.266  63.551 0.3750000000
79053  -24.553  -13.636  62.446 0.5000000000
75294  -44.640  -17.238  69.750 0.3750000000
72672  -7.245  -19.796  73.283 0.8750000000
72676  -7.422  -19.250  72.896 0.8750000000
73527  -7.476  -18.551  72.713 0.7500000000
79962  -26.155  -13.098  61.995 0.5000000000
124403  -28.077  -13.529  61.982 0.6250000000
76248  -45.142  -16.673  70.143 0.3750000000
74365  -8.599  -18.325  71.653 0.6250000000
79074  -27.193  -13.223  61.881 0.5000000000
74368  -9.083  -17.898  71.201 0.6250000000
76240  -45.206  -16.098  70.052 0.3750000000
78100  -44.199  -14.981  69.191 0.3750000000
77153  -9.726  -16.223  70.871 0.3750000000
76232  -9.749  -16.308  70.429 0.2500000000
75284  -9.969  -17.164  70.073 0.2500000000
74369  -9.773  -18.412  70.787 0.3750000000
77130  -14.039  -16.049  74.441 0.2500000000
76197  -13.111  -16.696  72.812 0.2500000000
76208  -12.412  -16.406  72.072 0.2500000000
76220  -10.706  -16.074  71.559 0.2500000000
77154  -10.199  -15.923  70.980 0.2500000000
128064  -10.971  -18.099  69.667 0.2500000000
77138  -14.008  -16.028  73.257 0.1250000000
77144  -13.342  -16.068  72.198 0.1250000000
121202  -42.381  -14.650  67.332 0.1250000000
86360  -49.153  -5.290  54.592 0.2500000000
86361  -50.698  -4.725  53.995 0.3750000000
86377  -52.099  -5.232  53.017 0.5000000000
86378  -53.502  -4.918  52.722 0.5000000000
85525  -54.443  -5.544  52.528 0.5000000000
128564  -55.711  -5.867  52.436 0.6250000000
85495  -48.390  -5.439  55.008 0.2500000000
86379  -54.102  -4.450  52.650 0.6250000000
143781  -55.428  -5.146  52.322 0.6250000000
87267  -56.231  -5.143  51.944 0.6250000000
87280  -57.025  -4.880  51.126 0.8750000000
131441  -57.570  -5.537  49.847 0.6250000000
85570  -57.458  -5.578  49.118 0.5000000000
85581  -57.319  -5.400  48.186 0.5000000000
86440  -57.204  -5.289  47.337 0.3750000000
85591  -56.609  -5.713  46.869 0.2500000000
85603  -56.528  -5.620  45.975 0.2500000000
86462  -57.025  -5.177  45.545 0.2500000000
85614  -56.464  -5.625  45.058 0.2500000000
85622  -56.406  -5.694  44.014 0.2500000000
85613  -55.652  -6.148  44.619 0.1250000000
86482  -57.104  -5.164  43.735 0.2500000000
86497  -57.227  -5.090  42.916 0.2500000000
85628  -56.683  -5.555  43.041 0.2500000000
134005  -56.943  -5.442  42.198 0.2500000000
136786  -57.358  -4.986  42.224 0.2500000000
86513  -57.480  -4.541  41.835 0.2500000000
87388  -57.526  -4.156  41.102 0.2500000000
89141  -57.540  -3.022  40.593 0.2500000000
88305  -57.216  -3.369  39.332 0.2500000000
89163  -57.275  -2.491  39.425 0.2500000000
89162  -56.815  -2.036  38.696 0.2500000000
90047  -56.780  -1.122  38.436 0.2500000000
90064  -56.338  -1.627  37.814 0.2500000000
90079  -55.815  -1.704  36.942 0.2500000000
142865  -10.209  -25.783  86.561 1.0000000000
67836  -10.696  -25.077  86.156 1.0000000000
68755  -11.398  -24.001  85.736 1.0000000000
69672  -12.400  -23.598  85.752 1.0000000000
69666  -12.929  -23.071  86.251 0.8750000000
66874  -10.110  -26.604  86.973 1.0000000000
68756  -12.500  -24.469  85.521 0.8750000000
69673  -13.229  -23.843  85.816 0.8750000000
69667  -13.780  -23.328  86.507 0.7500000000
69658  -14.204  -22.767  87.251 0.7500000000
126910  -14.563  -22.201  87.719 0.7500000000
71646  -14.906  -21.284  88.021 0.7500000000
67825  -9.501  -25.828  86.755 1.0000000000
132406  -11.739  -25.337  85.823 1.0000000000
67847  -13.390  -24.686  85.609 0.8750000000
70647  -15.404  -22.064  88.143 0.7500000000
70637  -15.807  -21.758  88.181 0.7500000000
72583  -15.208  -20.922  87.999 0.7500000000
67824  -8.640  -25.675  86.975 1.0000000000
71647  -16.390  -22.115  88.202 0.7500000000
72592  -15.390  -20.565  86.979 0.6250000000
72586  -15.390  -20.797  87.685 0.7500000000
66872  -8.090  -25.912  87.057 1.0000000000
120011  -7.318  -25.597  87.435 1.0000000000
68745  -7.140  -24.958  88.059 1.0000000000
72597  -14.521  -20.037  85.266 0.5000000000
72591  -14.839  -19.813  86.358 0.5000000000
67822  -6.686  -25.464  87.658 1.0000000000
126808  -14.307  -19.908  83.421 0.5000000000
73445  -14.274  -19.446  82.849 0.5000000000
126809  -14.362  -19.943  84.218 0.5000000000
67821  -6.494  -25.553  87.230 1.0000000000
74276  -14.434  -18.100  80.583 0.5000000000
121107  -14.471  -18.123  81.481 0.5000000000
80782  -22.791  -11.279  69.103 0.2500000000
67833  -6.068  -24.901  86.395 1.0000000000
75189  -15.150  -16.918  77.953 0.5000000000
78957  -22.145  -13.478  70.664 0.1250000000
134207  -22.583  -14.690  70.511 0.1250000000
78962  -22.083  -12.924  70.013 0.1250000000
139212  -22.347  -11.827  68.983 0.2500000000
69663  -5.848  -23.925  86.062 1.0000000000
78016  -18.560  -15.206  76.740 0.5000000000
77109  -19.593  -16.565  78.625 0.5000000000
78063  -22.377  -14.096  71.104 0.1250000000
77159  -22.704  -14.826  71.418 0.1250000000
75172  -21.805  -17.306  80.743 0.5000000000
130749  -23.114  -17.579  82.364 0.2500000000
136061  -22.069  -13.395  71.515 0.1250000000
70659  -6.028  -21.805  84.994 1.0000000000
74271  -25.728  -18.243  82.392 0.3750000000
127813  -22.321  -12.410  68.453 0.2500000000
80788  -22.633  -11.581  68.367 0.2500000000
70662  -6.364  -21.563  84.210 1.0000000000
73456  -27.306  -19.288  82.835 0.3750000000
134369  -28.385  -19.720  83.284 0.3750000000
78950  -22.189  -13.447  72.468 0.1250000000
80797  -23.096  -11.328  67.686 0.2500000000
80796  -22.587  -11.977  67.647 0.2500000000
138346  -6.509  -20.881  84.164 1.0000000000
72611  -28.897  -20.120  82.876 0.3750000000
79845  -22.066  -12.606  73.115 0.1250000000
71669  -6.709  -20.854  83.609 1.0000000000
71672  -6.963  -20.632  82.887 1.0000000000
76165  -28.121  -17.234  79.324 0.2500000000
78945  -22.428  -13.590  73.365 0.1250000000
79884  -23.161  -12.373  66.392 0.2500000000
71676  -7.341  -21.038  81.701 1.0000000000
77112  -26.327  -15.811  78.522 0.2500000000
77118  -25.780  -15.583  77.612 0.2500000000
78931  -22.752  -13.359  74.797 0.1250000000
78039  -22.777  -13.829  74.135 0.1250000000
78994  -23.236  -13.061  66.059 0.2500000000
71675  -6.969  -20.389  82.124 1.0000000000
139632  -6.921  -20.390  81.477 1.0000000000
72623  -6.708  -19.540  80.561 0.8750000000
74279  -6.871  -19.082  79.709 0.8750000000
78025  -24.548  -14.722  76.650 0.2500000000
79894  -23.489  -12.658  65.539 0.2500000000
72628  -6.464  -19.681  79.630 0.8750000000
73476  -6.329  -19.412  78.837 0.8750000000
74296  -6.301  -18.902  77.337 0.8750000000
79905  -23.732  -12.906  64.691 0.2500000000
74306  -5.942  -19.009  76.635 0.8750000000
74336  -5.885  -18.597  75.281 0.8750000000
74349  -6.632  -18.435  73.637 0.8750000000
79906  -24.203  -12.418  64.271 0.2500000000
80854  -25.888  -12.113  63.090 0.3750000000
75281  -43.769  -17.669  70.809 0.3750000000
79919  -23.990  -13.135  63.896 0.2500000000
79939  -24.811  -12.905  62.790 0.5000000000
80855  -26.574  -12.473  62.658 0.3750000000
75282  -44.531  -17.162  70.524 0.3750000000
74363  -7.827  -17.680  72.321 0.6250000000
79940  -25.636  -12.638  62.608 0.5000000000
137650  -27.391  -12.632  62.611 0.5000000000
74364  -8.098  -17.933  71.963 0.6250000000
76239  -44.653  -16.334  70.444 0.3750000000
143160  -44.419  -15.758  70.384 0.3750000000
74367  -8.522  -17.783  71.644 0.6250000000
77190  -44.622  -15.359  69.809 0.3750000000
76190  -13.552  -16.571  75.932 0.6250000000
77125  -13.926  -15.930  75.448 0.5000000000
76194  -13.476  -16.890  74.899 0.3750000000
75249  -12.808  -17.367  74.016 0.3750000000
76219  -9.920  -16.300  71.556 0.2500000000
76231  -9.420  -16.656  70.884 0.3750000000
140617  -44.886  -14.998  69.369 0.3750000000
78099  -43.388  -14.926  68.881 0.2500000000
121278  -13.436  -16.742  73.793 0.2500000000
75259  -12.220  -17.011  72.658 0.2500000000
77131  -14.370  -15.229  74.059 0.1250000000
77145  -14.084  -15.477  72.407 0.1250000000
78115  -41.471  -14.854  67.234 0.1250000000
78114  -40.420  -14.967  67.256 0.1250000000
87258  -50.792  -3.805  54.820 0.3750000000
87259  -52.334  -3.543  54.055 0.5000000000
86364  -53.199  -3.884  53.279 0.6250000000
135998  -54.423  -3.244  52.891 0.6250000000
86347  -48.823  -4.452  55.642 0.2500000000
139119  -49.492  -4.572  55.084 0.2500000000
86363  -52.623  -4.522  53.233 0.5000000000
87265  -54.733  -4.223  52.487 0.6250000000
88161  -55.806  -4.189  51.801 0.8750000000
143987  -56.468  -4.820  51.544 0.8750000000
86346  -47.888  -4.806  55.820 0.2500000000
86362  -51.616  -4.307  53.847 0.5000000000
87266  -55.552  -4.693  52.169 0.6250000000
87288  -57.267  -4.587  50.298 0.7500000000
119308  -57.492  -5.124  50.019 0.7500000000
86418  -57.533  -5.044  49.308 0.5000000000
143113  -57.411  -4.944  47.822 0.5000000000
86450  -57.098  -5.207  46.452 0.2500000000
86451  -57.309  -4.781  46.020 0.2500000000
139895  -57.373  -4.478  45.627 0.2500000000
129779  -57.353  -4.703  44.227 0.2500000000
86483  -57.364  -4.777  43.435 0.2500000000
86498  -57.430  -4.634  42.750 0.2500000000
87375  -57.497  -4.161  42.576 0.2500000000
129522  -57.529  -3.597  42.378 0.2500000000
89132  -57.542  -2.877  41.238 0.2500000000
90022  -57.524  -2.160  40.634 0.2500000000
89152  -57.507  -2.557  40.089 0.2500000000
90048  -57.176  -1.537  39.150 0.2500000000
91782  -56.770  0.218  37.402 0.2500000000
70655  -13.421  -22.705  86.864 0.7500000000
129847  -9.936  -24.993  86.626 1.0000000000
68754  -10.343  -24.045  86.287 1.0000000000
122535  -10.969  -23.109  86.385 1.0000000000
69665  -11.982  -23.009  86.206 1.0000000000
71654  -14.218  -21.538  87.858 0.7500000000
68753  -9.637  -24.231  86.916 1.0000000000
69664  -10.182  -23.395  86.926 1.0000000000
72582  -14.505  -20.094  88.099 0.7500000000
66873  -9.237  -26.661  87.150 1.0000000000
119108  -8.783  -24.475  87.388 1.0000000000
73420  -15.036  -19.861  87.298 0.5000000000
67823  -7.921  -25.151  87.549 1.0000000000
73429  -14.402  -19.178  84.670 0.5000000000
140662  -7.511  -24.301  88.605 1.0000000000
120773  -14.540  -17.969  82.400 0.5000000000
75169  -14.480  -17.355  81.086 0.5000000000
68738  -6.120  -24.704  88.750 1.0000000000
76168  -14.838  -16.671  78.797 0.5000000000
76159  -14.670  -16.459  79.753 0.5000000000
75178  -14.482  -17.303  80.194 0.5000000000
81703  -23.559  -10.695  69.280 0.2500000000
68737  -5.793  -24.521  88.501 1.0000000000
119453  -17.965  -14.979  76.443 0.5000000000
81704  -24.994  -10.200  69.481 0.2500000000
70650  -5.669  -22.703  87.389 1.0000000000
78009  -19.683  -15.495  78.047 0.5000000000
77997  -20.480  -16.059  79.883 0.3750000000
119043  -24.484  -10.408  69.018 0.2500000000
143573  -5.926  -22.497  85.293 1.0000000000
75163  -22.230  -17.386  81.979 0.3750000000
71661  -6.277  -21.446  85.460 1.0000000000
74259  -25.027  -18.428  83.850 0.2500000000
81729  -23.842  -10.755  67.828 0.2500000000
81717  -23.964  -10.618  68.540 0.2500000000
71665  -6.311  -21.134  84.738 1.0000000000
139304  -27.426  -19.265  83.871 0.2500000000
74263  -29.123  -19.164  82.936 0.3750000000
81737  -23.739  -11.121  66.974 0.2500000000
81730  -24.421  -10.416  67.205 0.2500000000
72599  -6.932  -20.626  83.682 1.0000000000
71666  -6.803  -20.783  84.380 1.0000000000
75175  -28.711  -17.532  80.282 0.2500000000
137601  -23.464  -11.679  66.445 0.2500000000
72605  -6.986  -20.344  83.017 1.0000000000
73439  -7.115  -19.914  82.491 1.0000000000
73449  -7.096  -19.611  81.803 1.0000000000
73458  -7.038  -19.315  80.998 0.8750000000
80813  -24.227  -11.410  65.368 0.2500000000
72617  -6.851  -19.797  81.505 1.0000000000
74280  -7.345  -18.975  79.845 0.8750000000
76163  -26.961  -16.247  79.060 0.2500000000
79833  -22.455  -12.592  74.775 0.1250000000
80826  -23.897  -12.174  65.035 0.2500000000
137235  -6.684  -19.048  78.809 0.8750000000
74297  -7.049  -18.666  77.185 0.8750000000
135599  -24.575  -14.589  77.460 0.2500000000
78932  -23.117  -13.564  75.544 0.2500000000
80827  -24.510  -11.651  64.628 0.2500000000
80828  -25.249  -11.191  64.357 0.2500000000
140121  -28.340  -11.668  64.363 0.2500000000
75272  -43.329  -17.435  71.468 0.3750000000
74323  -7.305  -18.316  75.388 0.8750000000
75229  -6.843  -18.118  73.926 0.8750000000
80843  -25.595  -11.676  63.653 0.2500000000
80844  -26.461  -11.751  63.508 0.2500000000
80845  -27.924  -12.005  63.772 0.3750000000
74338  -7.769  -18.112  74.586 0.7500000000
74350  -7.217  -17.890  73.259 0.7500000000
75254  -7.622  -17.600  72.732 0.7500000000
132455  -27.195  -11.663  63.785 0.3750000000
76238  -44.001  -16.776  71.081 0.3750000000
77165  -42.875  -16.155  71.793 0.3750000000
75244  -7.777  -17.571  73.174 0.7500000000
77178  -44.151  -16.096  70.801 0.3750000000
77177  -43.342  -15.771  70.988 0.3750000000
134168  -8.461  -17.411  73.246 0.7500000000
75255  -8.238  -17.324  72.475 0.6250000000
143961  -43.943  -15.753  70.619 0.3750000000
75256  -9.020  -17.139  72.761 0.3750000000
76204  -8.882  -16.952  72.139 0.3750000000
76230  -9.069  -16.988  71.320 0.5000000000
77205  -43.628  -15.305  69.930 0.3750000000
75235  -12.698  -17.727  74.836 0.6250000000
75257  -10.438  -17.271  72.995 0.5000000000
134298  -9.751  -16.975  72.703 0.3750000000
76205  -9.492  -16.715  72.175 0.3750000000
77204  -42.507  -15.001  68.945 0.3750000000
75248  -12.091  -17.466  73.309 0.2500000000
75247  -11.235  -17.659  73.419 0.2500000000
76206  -10.405  -16.611  72.310 0.3750000000
141032  -13.697  -15.781  76.195 0.6250000000
78116  -42.857  -14.749  68.134 0.1250000000
77217  -41.979  -14.893  68.004 0.1250000000
77139  -14.423  -15.127  73.184 0.1250000000
137699  -14.424  -14.849  72.535 0.1250000000
77216  -41.115  -15.036  67.984 0.1250000000
88145  -51.161  -2.665  55.220 0.3750000000
88152  -52.056  -2.631  54.769 0.5000000000
122683  -52.876  -2.911  54.106 0.6250000000
87251  -50.107  -3.509  55.470 0.3750000000
88160  -55.048  -3.695  52.356 0.6250000000
88179  -56.398  -4.215  51.218 0.8750000000
128034  -55.925  -3.342  51.551 0.8750000000
138954  -56.838  -4.220  50.714 0.7500000000
87297  -57.473  -4.602  49.560 0.6250000000
87321  -57.450  -4.625  47.920 0.5000000000
122246  -57.461  -4.309  47.993 0.5000000000
121681  -57.375  -4.771  47.025 0.3750000000
87333  -57.437  -4.357  47.236 0.2500000000
130928  -57.381  -4.381  44.954 0.2500000000
87353  -57.472  -4.198  44.137 0.2500000000
88249  -57.516  -3.894  43.262 0.2500000000
135286  -57.506  -3.700  44.021 0.2500000000
89115  -57.528  -3.119  43.028 0.2500000000
129520  -57.528  -2.910  41.994 0.2500000000
128778  -57.445  -1.316  40.306 0.2500000000
90917  -57.362  -0.843  39.633 0.2500000000
131310  -57.463  0.200  39.791 0.2500000000
132654  -57.162  -0.773  38.883 0.2500000000
130895  -57.369  -0.052  39.005 0.2500000000
90948  -56.996  -0.154  38.233 0.2500000000
91783  -57.194  0.851  37.726 0.2500000000
91795  -56.933  0.903  36.746 0.3750000000
72581  -13.726  -20.068  88.493 0.6250000000
73414  -13.966  -19.401  88.307 0.6250000000
74243  -14.180  -18.715  87.974 0.6250000000
75129  -13.772  -18.110  88.144 0.5000000000
70652  -10.949  -22.803  87.344 1.0000000000
70653  -11.782  -22.620  87.044 1.0000000000
70645  -12.523  -22.143  87.596 0.8750000000
71653  -13.063  -21.373  87.700 0.8750000000
75133  -14.076  -17.838  87.664 0.5000000000
143004  -13.913  -17.152  87.419 0.5000000000
69657  -10.228  -23.088  87.784 1.0000000000
70644  -11.763  -22.417  87.963 1.0000000000
70636  -12.308  -21.764  88.278 0.8750000000
140724  -14.445  -20.593  88.098 0.7500000000
73415  -14.466  -19.506  87.997 0.6250000000
73419  -14.595  -19.233  87.583 0.5000000000
74246  -14.380  -18.336  87.281 0.5000000000
75135  -14.245  -17.396  86.879 0.5000000000
69656  -9.529  -23.670  87.502 1.0000000000
128239  -9.646  -23.337  88.172 1.0000000000
69650  -10.301  -23.029  88.727 1.0000000000
70634  -10.977  -22.590  89.304 1.0000000000
70635  -11.653  -22.189  88.837 0.8750000000
71643  -11.942  -21.481  88.998 0.8750000000
73416  -14.933  -20.072  87.858 0.6250000000
73423  -14.605  -18.910  86.699 0.5000000000
74248  -14.466  -18.023  86.572 0.5000000000
75136  -14.449  -17.426  86.039 0.5000000000
76130  -14.327  -16.579  86.104 0.5000000000
69655  -8.916  -23.731  88.087 1.0000000000
120471  -9.355  -23.284  88.996 1.0000000000
70633  -10.282  -22.947  89.717 1.0000000000
70630  -11.297  -21.975  89.564 1.0000000000
71637  -11.427  -21.297  89.727 0.8750000000
126805  -14.436  -18.480  83.183 0.5000000000
126806  -14.479  -18.440  84.171 0.5000000000
135280  -14.465  -18.351  85.022 0.5000000000
136696  -14.498  -17.584  85.302 0.5000000000
143056  -14.470  -16.960  85.515 0.5000000000
68746  -7.997  -24.252  88.009 1.0000000000
68739  -8.280  -23.751  88.742 1.0000000000
70629  -10.674  -22.453  90.069 1.0000000000
70625  -10.842  -21.913  90.067 0.8750000000
136069  -14.531  -17.623  83.143 0.5000000000
120775  -14.519  -17.689  84.583 0.5000000000
75142  -14.524  -16.988  84.902 0.5000000000
137941  -6.749  -24.551  88.943 1.0000000000
69642  -7.882  -24.115  90.516 1.0000000000
69647  -8.672  -23.593  89.889 1.0000000000
70624  -10.228  -22.289  90.563 1.0000000000
71634  -10.710  -21.548  90.352 0.8750000000
77114  -15.695  -15.429  77.731 0.5000000000
77101  -14.733  -15.903  80.364 0.5000000000
77094  -14.675  -15.754  81.135 0.5000000000
119986  -14.528  -16.835  83.577 0.5000000000
68734  -5.830  -24.318  89.415 1.0000000000
68736  -6.927  -24.463  90.122 1.0000000000
119499  -8.140  -23.875  91.335 1.0000000000
70618  -9.318  -22.554  91.441 1.0000000000
70623  -9.662  -22.784  91.035 1.0000000000
137466  -19.017  -14.604  76.846 0.3750000000
78021  -16.646  -14.804  76.694 0.5000000000
78015  -16.090  -14.717  77.306 0.3750000000
77102  -15.124  -15.170  79.443 0.5000000000
81720  -26.277  -10.297  69.049 0.2500000000
69649  -5.682  -23.711  88.977 1.0000000000
69638  -5.871  -23.562  91.455 1.0000000000
69640  -7.364  -23.882  91.938 1.0000000000
133957  -18.491  -14.353  76.497 0.5000000000
81719  -25.373  -10.188  68.780 0.2500000000
71657  -6.179  -21.666  86.242 1.0000000000
70631  -5.842  -22.787  89.326 1.0000000000
69645  -5.659  -23.705  89.848 1.0000000000
75156  -23.482  -17.810  83.235 0.3750000000
134499  -21.166  -17.009  81.676 0.3750000000
71658  -6.896  -21.383  86.089 1.0000000000
137701  -5.881  -21.991  85.682 1.0000000000
82660  -25.438  -9.977  67.969 0.2500000000
72587  -7.543  -21.152  85.538 1.0000000000
82669  -26.001  -9.830  67.415 0.2500000000
133093  -26.714  -9.869  67.243 0.2500000000
71662  -6.793  -21.052  85.143 1.0000000000
75167  -29.386  -18.355  82.093 0.2500000000
133764  -28.692  -17.272  81.149 0.2500000000
81731  -24.908  -10.195  66.531 0.2500000000
82675  -25.627  -9.924  66.634 0.2500000000
72593  -7.378  -20.801  84.658 1.0000000000
81746  -24.692  -10.657  65.743 0.2500000000
81747  -25.442  -10.184  65.882 0.2500000000
72600  -7.316  -20.540  83.860 1.0000000000
72606  -7.386  -20.287  83.021 1.0000000000
73440  -7.497  -19.762  82.196 1.0000000000
73450  -7.510  -19.391  81.225 0.8750000000
77105  -27.301  -16.264  80.006 0.2500000000
81757  -24.784  -11.010  64.978 0.2500000000
81748  -26.118  -10.278  65.446 0.3750000000
81760  -27.100  -10.782  64.773 0.2500000000
81749  -27.384  -10.546  65.421 0.2500000000
73459  -7.598  -19.115  80.130 0.8750000000
81758  -25.430  -10.590  65.033 0.2500000000
81759  -26.265  -10.680  64.708 0.3750000000
81750  -28.202  -10.821  65.604 0.2500000000
74290  -7.977  -18.886  78.684 0.8750000000
123150  -7.458  -18.776  78.146 0.8750000000
80829  -26.762  -11.222  64.207 0.2500000000
74299  -8.874  -19.015  77.308 0.7500000000
74308  -7.674  -18.584  76.383 0.8750000000
80830  -27.617  -11.355  64.392 0.2500000000
74309  -8.419  -18.760  76.609 0.7500000000
74325  -8.999  -18.547  75.344 0.7500000000
133478  -9.608  -18.784  75.726 0.7500000000
74339  -8.584  -18.157  74.620 0.7500000000
75231  -8.871  -17.691  73.961 0.7500000000
74340  -9.501  -18.310  74.740 0.7500000000
76181  -13.361  -16.182  76.754 0.7500000000
75198  -12.959  -16.900  77.087 0.7500000000
74341  -10.612  -18.299  74.522 0.6250000000
75246  -9.682  -17.335  73.252 0.6250000000
122336  -13.207  -16.993  76.437 0.6250000000
75221  -13.107  -17.409  75.735 0.6250000000
74342  -11.791  -18.251  74.719 0.5000000000
77120  -13.537  -15.256  76.735 0.6250000000
75234  -12.014  -17.837  74.023 0.3750000000
127169  -14.514  -14.594  73.731 0.1250000000
78047  -14.619  -14.407  73.060 0.2500000000
78029  -13.935  -14.972  76.008 0.6250000000
77126  -14.232  -15.139  75.033 0.5000000000
78054  -14.673  -14.248  72.174 0.2500000000
88146  -52.030  -2.016  55.053 0.5000000000
128086  -52.543  -2.223  54.630 0.5000000000
88154  -53.962  -2.352  53.525 0.6250000000
89018  -54.686  -2.730  52.884 0.6250000000
88178  -55.291  -3.062  52.203 0.6250000000
88188  -56.476  -3.490  50.906 0.7500000000
139844  -57.366  -4.122  49.778 0.6250000000
87305  -57.500  -4.532  48.732 0.6250000000
133345  -57.404  -4.425  46.353 0.3750000000
87344  -57.422  -4.193  45.674 0.2500000000
124718  -57.441  -4.003  44.880 0.3750000000
136128  -57.460  -3.551  44.763 0.3750000000
89986  -57.396  -2.130  43.329 0.2500000000
89998  -57.437  -2.110  42.342 0.2500000000
90015  -57.491  -2.102  41.466 0.2500000000
126836  -57.454  -1.231  40.980 0.3750000000
90907  -57.466  -0.356  40.458 0.2500000000
140743  -57.488  0.414  40.332 0.2500000000
91752  -57.479  1.225  40.210 0.2500000000
131848  -57.405  1.172  38.362 0.3750000000
136333  -57.283  1.650  37.019 0.3750000000
134342  -57.327  2.198  37.371 0.3750000000
136826  -57.166  1.722  35.979 0.2500000000
93424  -57.248  2.424  36.552 0.3750000000
92637  -57.119  2.095  35.231 0.2500000000
93433  -57.162  2.468  35.646 0.3750000000
93454  -56.022  2.911  33.116 0.2500000000
93470  -55.914  2.538  32.182 0.2500000000
72580  -12.894  -20.396  88.655 0.7500000000
74242  -13.604  -18.665  88.436 0.7500000000
71644  -12.596  -20.987  88.330 0.8750000000
71645  -13.664  -20.786  88.089 0.8750000000
132945  -13.208  -19.297  88.808 0.7500000000
74239  -13.114  -18.550  88.791 0.7500000000
139926  -13.257  -17.906  88.549 0.7500000000
71638  -12.194  -20.827  89.129 0.8750000000
72574  -12.443  -20.265  89.409 0.7500000000
76123  -13.057  -16.947  88.418 0.6250000000
76128  -14.038  -16.571  86.922 0.5000000000
72573  -11.854  -20.665  89.712 0.7500000000
73409  -12.463  -19.564  89.555 0.7500000000
74238  -12.678  -18.720  89.251 0.7500000000
77066  -14.350  -15.676  85.649 0.5000000000
76132  -14.518  -16.358  85.278 0.5000000000
73408  -11.709  -19.563  90.242 0.7500000000
75126  -12.445  -18.016  89.513 0.7500000000
77990  -14.791  -14.604  82.282 0.3750000000
120381  -14.521  -15.824  83.665 0.5000000000
76138  -14.539  -16.323  84.466 0.5000000000
72567  -11.223  -20.781  90.256 0.7500000000
77089  -14.876  -14.909  81.491 0.5000000000
76147  -14.530  -16.185  82.772 0.5000000000
72562  -10.097  -21.068  91.242 0.8750000000
132694  -11.332  -18.988  90.515 0.7500000000
78008  -15.416  -14.585  78.957 0.3750000000
81691  -27.076  -10.568  70.832 0.2500000000
70614  -7.665  -22.422  92.177 1.0000000000
71630  -9.237  -21.843  91.591 1.0000000000
127519  -16.508  -13.990  76.945 0.3750000000
81721  -26.883  -10.366  69.352 0.2500000000
81706  -27.039  -10.524  70.004 0.2500000000
70642  -5.993  -21.911  87.978 1.0000000000
70627  -6.242  -22.037  89.646 1.0000000000
143650  -6.766  -22.070  91.269 1.0000000000
78003  -20.808  -14.972  79.766 0.3750000000
82654  -27.552  -10.289  69.373 0.2500000000
71659  -7.756  -21.350  86.543 1.0000000000
122551  -6.635  -21.503  86.926 1.0000000000
71639  -6.490  -21.333  88.526 1.0000000000
75154  -21.832  -17.226  82.310 0.3750000000
82662  -27.101  -10.103  68.518 0.2500000000
74253  -25.969  -18.597  84.485 0.2500000000
132976  -26.661  -9.901  67.813 0.2500000000
82670  -27.275  -9.976  67.550 0.2500000000
72588  -8.463  -21.231  85.975 1.0000000000
74256  -28.118  -18.959  84.051 0.3750000000
82676  -26.398  -9.895  66.667 0.2500000000
82683  -26.805  -10.157  65.941 0.2500000000
72594  -8.194  -20.929  84.964 1.0000000000
72601  -7.940  -20.615  84.076 1.0000000000
73431  -8.077  -20.178  82.753 1.0000000000
73441  -8.175  -19.704  81.934 0.8750000000
73451  -8.309  -19.425  81.120 0.8750000000
73460  -8.091  -19.195  80.177 0.8750000000
73469  -8.759  -19.227  79.900 0.8750000000
73477  -8.334  -19.101  79.141 0.8750000000
73478  -9.048  -19.261  79.052 0.8750000000
73488  -9.356  -19.205  77.996 0.7500000000
76175  -12.730  -16.866  77.793 0.6250000000
75197  -12.605  -17.460  77.372 0.6250000000
74313  -12.010  -18.493  76.426 0.7500000000
74312  -11.075  -18.893  76.305 0.7500000000
74326  -10.392  -18.725  75.484 0.7500000000
76176  -13.073  -16.200  77.510 0.7500000000
125434  -12.700  -17.707  76.589 0.7500000000
74327  -11.443  -18.601  75.492 0.7500000000
77113  -13.289  -15.561  77.267 0.6250000000
74328  -12.412  -18.144  75.638 0.7500000000
123850  -14.809  -13.657  72.948 0.2500000000
89894  -54.413  -1.303  53.405 0.5000000000
89011  -52.599  -1.768  54.431 0.5000000000
89012  -53.350  -1.623  54.102 0.5000000000
138092  -54.055  -1.663  53.684 0.5000000000
89019  -55.008  -1.956  52.884 0.6250000000
89035  -55.614  -2.325  52.082 0.7500000000
89922  -55.824  -1.450  51.889 0.7500000000
89046  -56.591  -2.665  50.616 0.6250000000
89047  -56.962  -2.713  49.951 0.6250000000
89055  -57.201  -2.668  49.330 0.6250000000
88203  -52.765  -3.810  48.026 0.1250000000
88197  -57.297  -3.496  49.575 0.6250000000
88205  -57.432  -3.424  48.916 0.6250000000
120119  -57.455  -4.076  49.183 0.6250000000
89076  -57.439  -3.359  48.142 0.6250000000
123091  -57.448  -4.082  46.532 0.6250000000
89104  -57.471  -3.019  44.062 0.2500000000
126946  -57.386  -0.968  42.748 0.3750000000
126837  -57.416  -1.107  41.803 0.3750000000
130188  -57.480  0.677  40.877 0.2500000000
92574  -57.408  2.007  39.595 0.3750000000
94155  -56.979  2.631  38.402 0.3750000000
93415  -57.289  2.330  38.111 0.3750000000
94164  -56.684  2.716  37.850 0.3750000000
140028  -56.578  2.856  37.100 0.3750000000
94176  -56.177  3.049  36.784 0.3750000000
93445  -56.984  2.496  35.029 0.3750000000
94190  -56.545  3.100  35.565 0.3750000000
93444  -56.723  2.822  34.525 0.2500000000
137248  -56.327  3.127  34.429 0.3750000000
93442  -55.545  2.645  33.592 0.3750000000
92666  -54.862  2.069  32.869 0.3750000000
93469  -55.551  2.594  32.479 0.2500000000
91831  -54.123  1.094  33.245 0.3750000000
92665  -54.205  1.459  32.354 0.2500000000
76127  -13.544  -16.552  87.599 0.6250000000
77063  -14.120  -15.890  86.422 0.5000000000
77964  -14.020  -14.838  85.569 0.5000000000
77052  -13.076  -16.168  88.040 0.6250000000
77074  -14.386  -15.169  85.002 0.5000000000
137819  -14.166  -14.231  84.411 0.5000000000
74235  -11.949  -18.719  89.909 0.7500000000
77996  -15.153  -14.207  80.726 0.3750000000
77985  -14.635  -14.487  83.059 0.3750000000
77980  -14.448  -14.251  83.764 0.3750000000
75123  -11.799  -17.827  90.038 0.7500000000
78002  -15.265  -14.468  79.797 0.3750000000
73405  -10.191  -20.072  91.385 0.8750000000
78920  -16.962  -13.251  76.665 0.3750000000
79808  -16.762  -12.456  76.992 0.3750000000
72555  -8.000  -21.263  91.492 0.8750000000
72556  -9.104  -20.976  91.720 0.8750000000
78910  -20.631  -13.647  78.507 0.3750000000
79812  -19.750  -12.366  76.728 0.3750000000
128673  -6.508  -21.561  89.924 1.0000000000
71629  -7.017  -21.761  90.985 1.0000000000
77090  -21.282  -16.513  82.149 0.3750000000
78905  -21.190  -14.044  79.733 0.3750000000
120473  -27.755  -10.435  70.250 0.2500000000
140591  -7.216  -21.373  86.957 1.0000000000
71641  -7.728  -20.919  88.444 1.0000000000
71640  -7.080  -20.926  88.636 1.0000000000
75150  -23.052  -17.633  83.800 0.2500000000
76148  -22.184  -17.250  83.266 0.2500000000
81707  -28.494  -10.182  69.384 0.2500000000
81692  -28.583  -10.445  70.569 0.2500000000
71652  -8.776  -21.303  87.220 1.0000000000
71651  -7.814  -21.220  87.559 1.0000000000
74252  -25.037  -18.383  84.494 0.2500000000
75151  -23.678  -17.777  84.314 0.2500000000
82663  -27.962  -10.112  68.692 0.2500000000
74254  -26.871  -18.854  84.323 0.3750000000
72589  -9.517  -21.186  86.386 0.8750000000
72595  -9.188  -20.986  85.319 1.0000000000
72602  -8.821  -20.648  84.345 1.0000000000
75152  -28.671  -17.534  83.108 0.3750000000
73432  -8.859  -20.128  82.676 1.0000000000
73442  -9.214  -19.736  81.815 0.8750000000
73452  -9.081  -19.469  81.106 0.8750000000
73461  -9.580  -19.271  80.192 0.7500000000
142001  -9.534  -19.253  79.601 0.7500000000
73471  -10.355  -19.168  79.762 0.6250000000
73470  -10.081  -19.229  79.070 0.7500000000
73479  -9.843  -19.257  78.454 0.7500000000
74291  -11.392  -18.806  78.470 0.6250000000
73498  -10.640  -19.134  77.038 0.7500000000
76166  -12.605  -16.948  78.555 0.6250000000
75187  -12.405  -17.601  78.042 0.6250000000
138543  -11.680  -18.628  77.816 0.6250000000
73490  -11.044  -19.034  77.768 0.6250000000
76167  -12.862  -16.195  78.244 0.6250000000
77107  -13.093  -15.480  77.893 0.6250000000
78013  -13.294  -14.726  77.445 0.6250000000
78913  -13.273  -13.868  77.268 0.6250000000
78030  -14.111  -14.254  75.480 0.5000000000
78038  -14.372  -14.282  74.552 0.3750000000
78944  -14.617  -13.890  73.755 0.3750000000
130584  -13.808  -14.084  76.146 0.5000000000
78938  -14.426  -13.271  74.511 0.3750000000
89899  -53.890  -0.848  53.291 0.3750000000
90762  -54.384  -0.820  53.298 0.5000000000
89895  -54.907  -0.956  53.061 0.7500000000
89923  -56.292  -1.583  51.115 0.7500000000
89892  -53.321  -1.420  53.771 0.5000000000
89900  -55.381  -1.405  52.540 0.7500000000
89936  -56.667  -1.717  50.379 0.6250000000
89062  -57.354  -2.606  48.662 0.6250000000
88204  -53.383  -3.177  48.361 0.2500000000
89086  -57.410  -3.238  47.284 0.6250000000
88238  -57.437  -3.707  45.718 0.6250000000
89093  -57.384  -3.065  46.324 0.6250000000
89099  -57.429  -2.828  45.144 0.5000000000
89975  -57.410  -1.533  44.948 0.6250000000
89980  -57.403  -2.167  44.241 0.3750000000
90896  -57.491  -0.146  41.332 0.3750000000
131847  -57.381  2.018  41.880 0.5000000000
92552  -57.177  2.360  41.438 0.5000000000
93381  -57.044  2.631  40.673 0.5000000000
93393  -56.621  2.687  39.528 0.3750000000
93405  -56.343  2.631  38.687 0.3750000000
94163  -56.298  2.799  37.768 0.3750000000
92606  -55.547  1.959  37.352 0.3750000000
93414  -55.886  2.718  37.158 0.3750000000
92621  -55.553  2.245  36.452 0.3750000000
92605  -55.116  1.297  36.733 0.3750000000
93432  -55.771  2.861  35.629 0.3750000000
92634  -54.924  1.425  35.417 0.3750000000
92653  -55.152  1.988  34.542 0.3750000000
91815  -54.459  0.966  34.730 0.3750000000
91832  -54.653  1.596  33.847 0.3750000000
130710  -53.966  0.541  34.111 0.3750000000
124121  -53.422  0.237  33.519 0.3750000000
77057  -13.271  -15.581  87.405 0.6250000000
77958  -13.650  -14.765  86.193 0.5000000000
77959  -14.033  -15.295  86.100 0.5000000000
135476  -13.723  -14.262  85.292 0.5000000000
77051  -12.662  -16.193  88.598 0.7500000000
77056  -12.696  -15.535  88.113 0.6250000000
78878  -14.060  -13.668  84.124 0.3750000000
119563  -12.566  -16.760  89.148 0.7500000000
141714  -14.571  -14.040  83.167 0.3750000000
78884  -14.332  -13.559  83.286 0.3750000000
77991  -14.961  -14.127  81.606 0.3750000000
78891  -14.923  -13.380  81.482 0.3750000000
130588  -10.078  -19.145  91.478 0.8750000000
74234  -11.273  -18.288  90.560 0.7500000000
132798  -15.617  -13.246  79.133 0.3750000000
79796  -15.570  -12.431  79.455 0.3750000000
73401  -9.103  -19.910  91.810 0.8750000000
121228  -19.223  -11.953  76.222 0.3750000000
72569  -6.908  -21.193  89.877 1.0000000000
72559  -8.149  -20.620  91.072 0.8750000000
125229  -8.420  -20.619  91.504 0.8750000000
128267  -21.392  -13.248  80.334 0.2500000000
78904  -21.080  -13.215  79.189 0.3750000000
77992  -21.399  -14.674  81.436 0.2500000000
77986  -21.405  -15.483  82.201 0.2500000000
72584  -9.466  -20.848  88.154 0.8750000000
137232  -21.901  -16.512  83.620 0.2500000000
76144  -22.566  -17.066  84.138 0.2500000000
128008  -26.204  -18.406  84.857 0.2500000000
133431  -9.775  -21.074  87.328 0.8750000000
72590  -10.340  -20.696  86.743 0.8750000000
72603  -9.886  -20.684  84.646 1.0000000000
75148  -28.180  -18.140  83.917 0.3750000000
123738  -10.535  -20.260  83.953 0.8750000000
73433  -10.170  -20.081  82.806 0.6250000000
73453  -9.813  -19.547  81.404 0.7500000000
73443  -10.420  -19.623  81.967 0.6250000000
73454  -10.602  -19.404  81.259 0.6250000000
73462  -10.531  -19.239  80.512 0.6250000000
74275  -11.768  -18.520  80.368 0.6250000000
74282  -11.743  -18.525  79.305 0.6250000000
133881  -12.531  -17.022  79.362 0.6250000000
122662  -12.693  -16.254  79.005 0.6250000000
75177  -12.286  -17.738  78.910 0.6250000000
78007  -13.037  -14.754  78.174 0.6250000000
78012  -13.028  -13.886  78.064 0.6250000000
78020  -13.548  -14.371  76.702 0.6250000000
78930  -14.179  -13.623  75.157 0.3750000000
142683  -14.735  -13.099  73.647 0.3750000000
138522  -14.836  -12.464  73.475 0.3750000000
78929  -13.843  -13.488  75.804 0.3750000000
135650  -14.306  -12.694  74.772 0.3750000000
79832  -14.537  -12.441  74.227 0.3750000000
90766  -54.429  -0.473  52.774 0.5000000000
90791  -55.278  -0.519  52.381 0.7500000000
136374  -55.345  0.029  51.726 0.5000000000
90800  -56.731  -0.835  50.180 0.6250000000
90761  -54.273  -0.728  53.238 0.5000000000
90792  -55.851  -0.533  51.549 0.7500000000
90799  -56.345  -0.612  50.775 0.7500000000
90810  -56.930  -0.579  49.616 0.6250000000
89943  -54.056  -1.433  50.392 0.3750000000
89944  -54.705  -0.811  49.933 0.3750000000
89937  -56.942  -1.733  49.748 0.6250000000
89945  -57.155  -1.638  49.111 0.6250000000
89951  -57.320  -1.602  48.385 0.6250000000
89053  -53.549  -2.356  49.838 0.2500000000
123824  -53.681  -2.608  49.032 0.2500000000
129654  -57.397  -2.541  47.892 0.6250000000
128631  -57.380  -0.525  47.945 0.6250000000
137178  -57.383  -1.628  47.653 0.6250000000
126797  -57.425  -0.831  46.892 0.6250000000
90827  -57.376  0.619  47.439 0.6250000000
89969  -57.406  -1.948  46.010 0.6250000000
127128  -57.450  -0.578  45.717 0.6250000000
135594  -57.458  -0.364  44.817 0.6250000000
123242  -57.489  0.583  44.306 0.6250000000
90852  -57.425  -0.904  43.912 0.5000000000
90865  -57.494  0.538  43.220 0.6250000000
91723  -57.429  1.746  43.120 0.6250000000
91732  -57.409  1.891  42.473 0.5000000000
130190  -57.485  1.171  42.548 0.5000000000
130189  -57.476  1.134  41.780 0.5000000000
93353  -57.018  2.363  42.088 0.6250000000
91731  -55.802  1.227  41.214 0.3750000000
93366  -56.972  2.597  41.126 0.6250000000
131811  -55.996  1.881  40.555 0.3750000000
138890  -55.542  1.343  39.268 0.3750000000
93379  -56.416  2.549  39.908 0.3750000000
92590  -55.697  1.985  38.856 0.3750000000
93404  -55.908  2.449  38.179 0.3750000000
91768  -54.691  0.184  37.762 0.3750000000
91780  -54.556  0.284  36.857 0.3750000000
91794  -54.673  0.824  36.128 0.3750000000
90974  -53.890  -0.224  35.634 0.3750000000
90962  -54.216  -0.031  36.115 0.3750000000
90984  -53.763  -0.027  35.004 0.3750000000
91814  -53.129  -0.956  35.040 0.3750000000
121439  -53.300  -0.350  34.348 0.3750000000
77955  -13.214  -14.780  86.818 0.6250000000
77963  -13.532  -14.265  85.762 0.5000000000
77954  -12.616  -14.711  87.562 0.6250000000
78856  -13.131  -14.125  86.267 0.6250000000
136242  -13.356  -13.738  85.453 0.6250000000
78869  -13.725  -13.859  84.815 0.3750000000
77044  -10.818  -15.780  90.213 0.7500000000
139642  -11.147  -15.313  89.721 0.7500000000
130974  -12.278  -15.610  88.666 0.7500000000
135493  -14.423  -13.219  82.610 0.3750000000
76109  -9.469  -17.038  91.371 0.7500000000
76113  -11.258  -16.476  90.209 0.7500000000
76118  -11.956  -16.615  89.668 0.7500000000
80700  -15.678  -11.699  78.981 0.3750000000
79790  -15.333  -12.480  80.263 0.3750000000
74233  -8.695  -18.006  91.087 0.8750000000
74229  -8.797  -18.197  91.421 0.7500000000
74228  -9.088  -18.991  91.889 0.8750000000
80709  -16.572  -11.569  77.330 0.3750000000
72572  -8.914  -19.928  89.735 0.8750000000
73410  -8.721  -19.218  90.504 0.8750000000
73407  -8.693  -18.880  90.848 0.8750000000
73404  -8.733  -18.983  91.371 0.8750000000
73400  -8.882  -19.354  91.694 0.8750000000
124609  -20.620  -12.008  77.852 0.2500000000
80719  -19.807  -11.558  76.702 0.3750000000
72579  -9.765  -20.107  88.638 0.8750000000
72578  -9.180  -20.422  88.988 0.8750000000
72577  -8.413  -20.624  89.132 1.0000000000
72570  -7.702  -20.802  89.841 0.8750000000
73403  -8.478  -19.851  90.912 0.8750000000
79805  -20.254  -12.659  77.423 0.3750000000
71642  -8.572  -21.000  88.322 0.8750000000
72576  -7.669  -20.777  89.197 1.0000000000
121676  -21.690  -15.531  83.400 0.2500000000
77067  -22.764  -15.991  85.057 0.2500000000
75138  -24.898  -17.682  85.305 0.2500000000
75139  -25.780  -17.836  85.291 0.2500000000
73424  -10.887  -20.132  86.077 0.8750000000
73427  -10.750  -20.234  85.029 0.8750000000
120273  -26.659  -17.810  84.962 0.2500000000
73434  -11.156  -19.721  83.376 0.6250000000
127299  -11.771  -19.006  83.769 0.6250000000
73444  -11.310  -19.202  81.882 0.6250000000
74264  -11.872  -18.497  82.313 0.6250000000
74270  -11.859  -18.467  81.356 0.6250000000
130804  -12.385  -17.272  80.646 0.6250000000
125813  -12.148  -18.011  80.726 0.6250000000
124124  -12.608  -16.303  79.763 0.6250000000
128438  -12.507  -16.982  80.042 0.6250000000
75168  -12.245  -17.798  79.908 0.6250000000
77106  -12.799  -15.363  78.697 0.6250000000
78006  -12.819  -14.366  78.770 0.6250000000
133243  -12.674  -13.665  78.765 0.6250000000
78912  -12.860  -13.073  77.491 0.5000000000
136339  -12.485  -12.299  77.355 0.5000000000
78919  -13.429  -13.431  76.616 0.6250000000
79806  -12.987  -12.525  76.771 0.5000000000
80713  -12.390  -11.708  76.828 0.5000000000
80714  -13.092  -11.985  76.188 0.5000000000
79807  -13.501  -12.734  76.049 0.3750000000
128480  -13.614  -12.129  75.556 0.3750000000
80746  -13.771  -11.400  75.143 0.3750000000
91651  -55.247  0.313  51.375 0.5000000000
91652  -55.736  0.257  50.932 0.7500000000
89921  -54.503  -0.257  51.980 0.5000000000
91663  -55.611  0.579  50.507 0.6250000000
90809  -56.422  0.322  50.225 0.6250000000
89934  -53.968  -1.057  51.464 0.3750000000
127781  -55.001  0.286  51.357 0.5000000000
90798  -55.187  0.210  50.441 0.5000000000
135775  -55.934  1.008  50.314 0.6250000000
89935  -54.549  -0.387  50.988 0.3750000000
92468  -56.063  1.722  49.068 0.7500000000
90818  -57.172  -0.321  48.794 0.6250000000
138525  -56.111  1.763  48.549 0.7500000000
127747  -57.259  0.529  48.184 0.6250000000
92483  -56.243  1.770  47.826 0.6250000000
92485  -56.921  1.912  47.136 0.6250000000
91690  -57.249  1.516  47.071 0.6250000000
126833  -57.408  0.760  46.361 0.6250000000
93299  -56.891  2.006  46.642 0.6250000000
93305  -57.027  1.842  45.974 0.6250000000
126832  -57.455  0.621  45.276 0.6250000000
92516  -57.205  1.995  44.379 0.6250000000
91702  -57.356  1.478  44.802 0.6250000000
92515  -56.840  2.071  44.453 0.6250000000
91711  -57.437  1.590  43.900 0.6250000000
92528  -57.276  2.139  43.573 0.6250000000
92527  -56.883  2.277  43.579 0.6250000000
93336  -57.102  2.271  43.069 0.6250000000
92550  -56.468  1.858  42.146 0.5000000000
92541  -57.220  2.234  42.371 0.6250000000
92551  -56.878  2.410  41.705 0.6250000000
92561  -56.489  2.139  41.169 0.5000000000
92562  -56.813  2.528  40.972 0.5000000000
80634  -12.293  -12.206  86.111 0.6250000000
79746  -12.685  -12.455  85.552 0.6250000000
126875  -10.288  -14.243  89.997 0.7500000000
77946  -11.006  -14.668  89.512 0.7500000000
78849  -11.706  -13.415  87.830 0.7500000000
78850  -12.269  -13.850  87.342 0.6250000000
78855  -12.552  -13.480  86.614 0.6250000000
79754  -13.095  -12.632  84.954 0.6250000000
79765  -13.397  -12.319  84.224 0.3750000000
77042  -9.077  -15.474  90.868 0.7500000000
77043  -9.970  -15.570  90.713 0.7500000000
77947  -11.672  -15.283  89.101 0.7500000000
78846  -11.927  -14.146  88.075 0.7500000000
77950  -12.126  -14.941  88.383 0.7500000000
80663  -14.086  -11.987  82.560 0.3750000000
79766  -13.854  -12.956  83.766 0.3750000000
76106  -8.324  -16.089  91.152 0.7500000000
77039  -8.569  -16.186  91.059 0.7500000000
77046  -11.518  -15.934  89.649 0.7500000000
77047  -12.133  -16.080  89.131 0.7500000000
125980  -15.475  -11.124  79.294 0.3750000000
80681  -14.979  -11.723  80.766 0.3750000000
75121  -8.668  -17.269  91.162 0.8750000000
128935  -8.824  -17.614  91.377 0.7500000000
75118  -9.021  -17.645  91.579 0.7500000000
74237  -9.354  -18.471  89.964 0.7500000000
73411  -9.091  -19.130  90.125 0.8750000000
74236  -8.890  -18.319  90.646 0.8750000000
73412  -9.513  -19.442  89.353 0.8750000000
79791  -21.304  -12.454  79.740 0.2500000000
131208  -21.568  -14.180  82.159 0.2500000000
73413  -10.149  -19.378  88.595 0.8750000000
77081  -21.975  -15.672  84.226 0.2500000000
72585  -10.250  -20.261  87.833 0.8750000000
77068  -23.226  -15.869  85.312 0.2500000000
73417  -10.708  -19.230  87.867 0.8750000000
143355  -27.802  -16.774  84.115 0.3750000000
73418  -11.154  -19.000  87.234 0.8750000000
73422  -11.306  -19.260  86.451 0.8750000000
73425  -11.385  -19.473  85.459 0.7500000000
73428  -11.342  -19.656  84.397 0.6250000000
74258  -11.979  -18.312  83.172 0.6250000000
137791  -12.355  -17.029  82.123 0.6250000000
135703  -12.539  -16.429  80.520 0.6250000000
77093  -12.626  -15.453  80.248 0.6250000000
77100  -12.671  -15.642  79.428 0.6250000000
78001  -12.679  -14.803  79.490 0.6250000000
121380  -12.661  -13.874  79.458 0.6250000000
131688  -12.350  -13.170  79.191 0.6250000000
78908  -12.515  -13.137  78.378 0.6250000000
79794  -11.603  -11.912  78.428 0.5000000000
79803  -12.234  -12.446  78.022 0.6250000000
79802  -11.890  -11.778  77.643 0.5000000000
80712  -11.521  -11.160  77.195 0.5000000000
80730  -12.654  -11.329  76.064 0.2500000000
81613  -12.288  -10.627  75.805 0.3750000000
80731  -13.241  -11.568  75.697 0.2500000000
81614  -13.042  -10.969  75.476 0.2500000000
79822  -14.032  -12.869  75.294 0.3750000000
79831  -14.147  -12.183  74.948 0.3750000000
81632  -13.475  -10.605  74.872 0.3750000000
82624  -14.809  -9.508  72.842 0.1250000000
79741  -12.044  -12.624  86.758 0.7500000000
80637  -12.397  -11.911  85.641 0.5000000000
81517  -12.481  -11.031  84.803 0.3750000000
78840  -7.559  -13.643  89.625 0.7500000000
78835  -7.732  -14.083  90.046 0.7500000000
78836  -8.139  -13.839  90.214 0.7500000000
78841  -9.974  -13.504  89.798 0.7500000000
78844  -10.545  -13.199  89.038 0.7500000000
79737  -11.098  -12.929  88.314 0.7500000000
136119  -12.035  -13.219  87.199 0.7500000000
80643  -12.674  -11.904  85.055 0.5000000000
80644  -12.961  -11.539  84.313 0.3750000000
77944  -7.822  -14.763  89.860 0.7500000000
77041  -8.209  -15.646  90.580 0.7500000000
77938  -8.485  -15.448  90.736 0.7500000000
77945  -10.800  -13.903  89.316 0.7500000000
77949  -11.465  -14.423  88.803 0.7500000000
80652  -13.360  -11.653  83.673 0.3750000000
77048  -8.033  -15.304  89.913 0.7500000000
77045  -8.139  -15.473  90.268 0.7500000000
76110  -8.356  -16.193  90.682 0.7500000000
77038  -8.363  -15.964  90.887 0.7500000000
81542  -13.821  -10.414  81.902 0.3750000000
76120  -8.484  -16.294  89.915 0.7500000000
76117  -8.735  -17.195  90.402 0.7500000000
75124  -8.665  -17.481  90.917 0.7500000000
76121  -9.040  -16.773  89.727 0.7500000000
75125  -9.017  -17.600  90.373 0.7500000000
80662  -8.666  -11.718  82.576 0.5000000000
75128  -9.610  -17.657  89.605 0.7500000000
74240  -9.979  -18.544  89.203 0.7500000000
79763  -9.422  -12.313  83.682 0.5000000000
79764  -10.194  -12.510  83.127 0.5000000000
78876  -9.979  -12.816  84.058 0.6250000000
74241  -10.460  -18.598  88.453 0.8750000000
122578  -9.525  -12.018  82.780 0.5000000000
74244  -10.906  -18.222  87.736 0.8750000000
74245  -11.370  -18.368  86.820 0.7500000000
74247  -11.639  -18.571  85.921 0.6250000000
74249  -11.863  -18.644  84.870 0.6250000000
129617  -11.876  -17.897  85.559 0.6250000000
79775  -10.754  -12.118  81.258 0.5000000000
140094  -12.125  -17.513  84.932 0.6250000000
74250  -12.151  -18.004  84.062 0.6250000000
79776  -11.203  -12.525  81.765 0.5000000000
132403  -12.349  -16.960  82.911 0.6250000000
75149  -12.247  -17.399  83.430 0.6250000000
132014  -12.445  -16.073  81.915 0.6250000000
125001  -12.571  -14.977  81.001 0.6250000000
125921  -12.554  -15.818  81.119 0.6250000000
77995  -12.631  -14.240  80.404 0.6250000000
78902  -12.336  -13.297  80.043 0.6250000000
80708  -11.049  -11.223  77.953 0.5000000000
80707  -10.191  -10.729  77.652 0.5000000000
136460  -10.827  -10.776  77.373 0.5000000000
81592  -11.913  -10.945  76.481 0.5000000000
81612  -11.443  -10.227  76.159 0.5000000000
81591  -11.070  -10.511  76.833 0.5000000000
81631  -12.710  -10.257  75.163 0.3750000000
82608  -12.839  -9.016  74.241 0.2500000000
82591  -13.161  -9.852  74.536 0.3750000000
82609  -13.617  -9.436  73.890 0.3750000000
83565  -13.624  -8.203  72.806 0.1250000000
83566  -14.411  -8.700  72.429 0.1250000000
79730  -7.984  -13.269  89.772 0.7500000000
80621  -8.093  -12.472  89.082 0.7500000000
80626  -9.152  -11.359  88.561 0.7500000000
80633  -11.729  -11.800  86.600 0.6250000000
80636  -12.020  -11.531  86.040 0.5000000000
81511  -12.246  -11.306  85.466 0.3750000000
79731  -8.714  -12.689  89.413 0.7500000000
79735  -9.403  -12.240  88.867 0.7500000000
80627  -10.055  -11.780  88.345 0.7500000000
80628  -10.851  -12.249  87.975 0.7500000000
81510  -11.765  -10.765  85.927 0.5000000000
124479  -13.400  -9.660  81.995 0.3750000000
82505  -13.169  -10.193  82.720 0.3750000000
79751  -7.560  -12.014  84.572 0.5000000000
79752  -8.332  -12.585  85.129 0.6250000000
80661  -7.900  -11.693  83.382 0.5000000000
123002  -7.795  -11.493  82.388 0.5000000000
78864  -9.009  -12.918  85.263 0.6250000000
79762  -8.577  -12.126  84.150 0.6250000000
79770  -8.865  -11.917  83.337 0.5000000000
122470  -9.246  -13.364  85.779 0.6250000000
79753  -9.186  -12.625  84.563 0.6250000000
78865  -9.675  -13.122  84.914 0.6250000000
75130  -10.334  -17.680  88.655 0.7500000000
80670  -9.353  -11.757  81.854 0.5000000000
78866  -10.449  -13.416  84.402 0.6250000000
78877  -10.708  -13.098  83.518 0.5000000000
79774  -10.333  -12.178  82.068 0.5000000000
141157  -10.757  -17.350  87.814 0.7500000000
75131  -11.210  -17.500  87.134 0.7500000000
78881  -10.949  -12.768  82.642 0.5000000000
80680  -10.015  -11.757  81.095 0.5000000000
75134  -11.580  -17.681  86.303 0.6250000000
121218  -11.797  -17.089  85.715 0.6250000000
119431  -11.288  -13.329  83.059 0.6250000000
75141  -12.253  -16.999  84.220 0.6250000000
76131  -12.032  -16.461  85.048 0.6250000000
76137  -12.228  -16.238  84.292 0.6250000000
78882  -11.646  -13.238  82.277 0.5000000000
79782  -10.691  -11.869  80.494 0.5000000000
80688  -9.677  -11.395  79.972 0.5000000000
76146  -12.419  -16.261  82.730 0.6250000000
77984  -12.416  -14.710  82.227 0.6250000000
78883  -12.183  -14.007  82.323 0.6250000000
78888  -11.806  -12.906  81.370 0.5000000000
79788  -10.770  -11.655  79.645 0.5000000000
77087  -12.512  -15.216  81.714 0.6250000000
77989  -12.474  -14.258  81.496 0.6250000000
78896  -12.320  -13.416  80.954 0.5000000000
123533  -11.334  -12.230  80.071 0.5000000000
131624  -10.264  -11.248  79.162 0.5000000000
78895  -11.875  -12.756  80.514 0.6250000000
80699  -10.925  -11.471  78.821 0.5000000000
80698  -10.151  -10.999  78.379 0.5000000000
78901  -11.904  -12.651  79.654 0.5000000000
79789  -11.423  -12.086  79.242 0.5000000000
81575  -10.180  -10.404  77.041 0.5000000000
81590  -10.315  -10.019  76.320 0.5000000000
83524  -10.957  -8.658  74.411 0.1250000000
82589  -11.440  -9.173  75.086 0.2500000000
82576  -11.882  -9.898  75.484 0.2500000000
82575  -10.917  -9.623  75.683 0.3750000000
83525  -11.989  -8.671  74.531 0.2500000000
82590  -12.362  -9.476  74.861 0.2500000000
83539  -11.004  -8.207  73.561 0.1250000000
134408  -11.671  -8.225  74.012 0.1250000000
83540  -12.445  -8.253  73.879 0.1250000000
83541  -13.265  -8.568  73.564 0.1250000000
83564  -12.775  -7.883  73.121 0.1250000000
78839  -7.453  -13.225  89.092 0.6250000000
79734  -7.444  -12.633  88.845 0.6250000000
80625  -8.204  -11.423  88.698 0.6250000000
81499  -8.643  -10.653  88.423 0.5000000000
81500  -9.181  -10.549  88.224 0.6250000000
78842  -7.382  -13.258  88.506 0.6250000000
79729  -7.672  -12.946  89.215 0.7500000000
81501  -9.829  -10.949  88.038 0.6250000000
81507  -10.945  -10.572  86.906 0.5000000000
82478  -11.205  -10.224  86.451 0.5000000000
81516  -12.022  -10.466  85.275 0.3750000000
82487  -12.205  -10.160  84.523 0.3750000000
78843  -7.579  -13.984  89.237 0.7500000000
82504  -12.600  -9.565  83.054 0.5000000000
81522  -12.631  -10.657  84.057 0.3750000000
121272  -7.570  -12.435  85.402 0.6250000000
80651  -6.930  -11.411  83.817 0.5000000000
121340  -13.623  -8.878  81.039 0.5000000000
77948  -7.893  -14.727  89.318 0.7500000000
77050  -8.696  -15.819  89.225 0.7500000000
77049  -8.219  -15.505  89.622 0.7500000000
78858  -8.602  -12.999  85.753 0.6250000000
80660  -6.987  -11.292  82.706 0.5000000000
77960  -9.737  -13.956  86.133 0.6250000000
77957  -10.088  -14.637  86.491 0.7500000000
80669  -8.323  -11.556  81.710 0.5000000000
76122  -9.761  -16.970  89.029 0.7500000000
78859  -10.113  -13.674  85.299 0.6250000000
122356  -7.921  -11.527  80.947 0.5000000000
80677  -7.041  -11.426  80.388 0.5000000000
80679  -8.968  -11.552  80.951 0.5000000000
77971  -10.871  -14.090  84.747 0.6250000000
80678  -8.248  -11.428  80.165 0.5000000000
76129  -11.298  -16.758  86.562 0.6250000000
78867  -11.231  -13.794  83.817 0.6250000000
142902  -11.529  -16.367  85.806 0.7500000000
77983  -11.789  -13.867  83.043 0.6250000000
80687  -8.519  -11.207  79.269 0.5000000000
77078  -12.118  -15.018  83.944 0.6250000000
77979  -12.260  -14.673  83.034 0.6250000000
80697  -9.497  -11.062  78.929 0.5000000000
137658  -9.353  -10.823  78.306 0.5000000000
80706  -9.450  -10.663  77.820 0.5000000000
81574  -9.304  -10.469  77.210 0.5000000000
81589  -9.240  -10.260  76.526 0.5000000000
82561  -9.313  -10.037  75.928 0.3750000000
82588  -10.449  -9.261  75.020 0.3750000000
82574  -9.880  -9.701  75.548 0.3750000000
82607  -10.004  -9.129  74.371 0.3750000000
84423  -11.127  -7.875  72.702 0.1250000000
84411  -11.873  -7.878  73.347 0.1250000000
84424  -12.086  -7.672  72.451 0.1250000000
84425  -13.051  -7.668  72.258 0.1250000000
79733  -7.261  -12.746  88.620 0.6250000000
80623  -7.084  -11.966  88.463 0.6250000000
127358  -7.400  -11.108  88.587 0.5000000000
81498  -7.963  -10.205  88.423 0.5000000000
82471  -8.729  -9.818  88.112 0.5000000000
82480  -10.820  -9.288  86.426 0.5000000000
83423  -11.493  -8.684  84.620 0.5000000000
83439  -11.652  -8.228  83.134 0.5000000000
128868  -6.654  -12.093  87.144 0.6250000000
80632  -6.423  -11.390  86.898 0.6250000000
82474  -9.178  -9.350  87.822 0.5000000000
82475  -9.832  -9.517  87.527 0.5000000000
82477  -10.528  -9.817  87.006 0.5000000000
82486  -11.749  -9.534  85.013 0.5000000000
83429  -11.666  -8.642  83.876 0.5000000000
84331  -12.018  -8.116  82.379 0.5000000000
83453  -12.608  -8.390  81.851 0.5000000000
78847  -6.980  -12.545  87.880 0.6250000000
79739  -6.631  -12.032  86.346 0.6250000000
80635  -6.424  -11.259  85.990 0.5000000000
83441  -12.932  -9.232  82.340 0.5000000000
84343  -11.984  -7.643  81.792 0.5000000000
142736  -7.540  -13.715  88.372 0.6250000000
78857  -7.944  -12.839  86.073 0.6250000000
79745  -7.121  -12.502  85.971 0.6250000000
79744  -6.675  -11.874  85.506 0.6250000000
123022  -6.359  -11.068  84.215 0.5000000000
83462  -13.724  -8.439  80.393 0.3750000000
77951  -7.764  -14.177  88.632 0.6250000000
122944  -8.526  -13.351  86.392 0.6250000000
80650  -6.308  -10.950  83.122 0.5000000000
78854  -9.040  -13.750  86.494 0.6250000000
80659  -6.416  -11.043  81.993 0.5000000000
77053  -8.382  -14.934  88.773 0.7500000000
77956  -9.272  -14.288  86.905 0.7500000000
80668  -7.151  -11.376  81.561 0.5000000000
76124  -9.416  -16.204  88.699 0.7500000000
77054  -9.143  -15.312  88.304 0.7500000000
80667  -6.490  -11.103  80.981 0.5000000000
77055  -9.882  -15.766  87.726 0.7500000000
80676  -6.519  -11.097  80.100 0.5000000000
76125  -10.285  -16.673  88.101 0.7500000000
77961  -10.517  -14.361  85.627 0.6250000000
76126  -10.876  -16.857  87.365 0.7500000000
121163  -10.622  -16.204  87.131 0.7500000000
77962  -11.297  -14.867  85.041 0.6250000000
80686  -7.398  -11.343  79.474 0.5000000000
77061  -11.046  -15.893  86.300 0.7500000000
142473  -11.711  -14.988  84.460 0.6250000000
77072  -11.897  -15.568  84.608 0.6250000000
77978  -11.786  -14.366  83.624 0.6250000000
80695  -7.541  -11.178  78.552 0.5000000000
80705  -7.952  -11.004  78.013 0.5000000000
81564  -8.706  -10.734  77.911 0.5000000000
81573  -8.685  -10.615  77.400 0.5000000000
81588  -7.979  -10.642  76.634 0.5000000000
81611  -8.332  -10.407  75.799 0.3750000000
82573  -8.788  -10.067  75.247 0.3750000000
83581  -7.475  -8.749  71.436 0.3750000000
83562  -8.452  -9.074  72.610 0.2500000000
82622  -8.380  -9.371  73.276 0.2500000000
82606  -9.018  -9.412  73.914 0.2500000000
82587  -9.397  -9.600  74.763 0.3750000000
83580  -6.689  -8.464  71.157 0.3750000000
83582  -8.572  -8.617  71.793 0.2500000000
83583  -9.439  -8.534  72.388 0.2500000000
83538  -10.112  -8.779  73.717 0.1250000000
83601  -7.565  -8.253  70.556 0.2500000000
84436  -8.323  -8.368  71.056 0.1250000000
137959  -9.580  -8.235  71.747 0.1250000000
84437  -11.227  -7.638  71.655 0.1250000000
126599  -9.759  -7.681  70.562 0.1250000000
81497  -6.828  -10.903  88.236 0.6250000000
81502  -6.715  -9.999  88.059 0.5000000000
82470  -8.139  -9.263  88.222 0.5000000000
83412  -8.654  -8.048  87.740 0.5000000000
83418  -10.396  -8.347  86.447 0.5000000000
138786  -11.046  -8.071  84.948 0.5000000000
80629  -6.609  -11.620  87.775 0.6250000000
135997  -6.515  -9.944  87.483 0.5000000000
82473  -8.558  -8.768  87.968 0.5000000000
83413  -9.250  -8.732  87.624 0.5000000000
83416  -10.017  -8.812  87.142 0.5000000000
81509  -6.362  -10.443  85.685 0.5000000000
84353  -12.542  -7.686  81.123 0.3750000000
79740  -6.920  -12.667  86.893 0.6250000000
81515  -6.264  -10.423  84.771 0.5000000000
81521  -6.139  -10.434  83.833 0.5000000000
84363  -14.229  -7.497  79.127 0.3750000000
84362  -13.642  -7.697  79.801 0.3750000000
121350  -7.373  -13.238  87.580 0.6250000000
78852  -7.916  -13.359  86.952 0.6250000000
140559  -8.006  -14.507  88.747 0.7500000000
78853  -8.469  -13.934  87.195 0.6250000000
128287  -6.130  -10.387  83.033 0.5000000000
81533  -6.185  -10.627  82.291 0.5000000000
77952  -8.183  -14.303  88.165 0.7500000000
77953  -8.819  -14.596  87.782 0.7500000000
77059  -9.608  -14.951  87.359 0.7500000000
127782  -6.273  -10.218  81.768 0.5000000000
82513  -6.399  -10.121  81.083 0.5000000000
77060  -10.365  -15.395  86.834 0.7500000000
77064  -10.854  -15.100  85.986 0.7500000000
81548  -6.284  -10.749  80.613 0.5000000000
134403  -6.417  -10.664  79.771 0.5000000000
77065  -11.471  -15.686  85.472 0.6250000000
134111  -6.765  -11.246  79.627 0.5000000000
80685  -6.865  -11.180  78.909 0.5000000000
80694  -6.882  -11.165  78.179 0.5000000000
80704  -7.166  -11.159  77.727 0.5000000000
81572  -7.858  -10.856  77.431 0.5000000000
81571  -7.034  -11.059  76.994 0.5000000000
81587  -6.956  -10.696  76.279 0.5000000000
81610  -7.311  -10.553  75.659 0.3750000000
84409  -6.223  -7.806  72.854 0.3750000000
83559  -6.309  -8.440  72.547 0.3750000000
82603  -6.565  -9.112  73.122 0.3750000000
124435  -8.233  -10.018  74.498 0.3750000000
83560  -6.696  -8.879  72.154 0.3750000000
82620  -6.931  -9.324  72.817 0.2500000000
82605  -7.647  -9.735  73.828 0.3750000000
136841  -6.148  -8.029  70.997 0.3750000000
84454  -6.632  -7.917  70.362 0.2500000000
84455  -8.722  -7.916  70.500 0.1250000000
84476  -9.257  -7.433  69.886 0.1250000000
83408  -7.285  -8.348  88.277 0.5000000000
83409  -7.867  -8.479  88.185 0.5000000000
83411  -8.127  -7.991  87.983 0.5000000000
137333  -8.770  -7.561  87.601 0.5000000000
84319  -10.654  -7.423  84.796 0.5000000000
84320  -11.173  -7.919  84.069 0.5000000000
85235  -11.090  -7.361  83.218 0.5000000000
83410  -6.652  -8.388  87.533 0.5000000000
85220  -8.626  -6.947  87.532 0.5000000000
83415  -9.281  -8.100  87.435 0.5000000000
84315  -9.876  -7.548  86.562 0.5000000000
84324  -10.624  -7.026  84.021 0.5000000000
85242  -11.072  -6.848  82.492 0.3750000000
84330  -11.535  -7.558  82.469 0.5000000000
122190  -6.450  -9.697  86.270 0.5000000000
85250  -11.840  -6.926  81.159 0.3750000000
82485  -6.338  -9.578  84.459 0.5000000000
85276  -12.904  -6.417  79.762 0.3750000000
122244  -6.687  -8.388  84.140 0.5000000000
82491  -6.311  -9.674  83.507 0.5000000000
83428  -6.675  -8.875  83.127 0.5000000000
82503  -6.379  -9.752  82.504 0.5000000000
83451  -6.737  -9.362  81.615 0.5000000000
82522  -6.547  -10.011  80.307 0.5000000000
82531  -6.709  -9.857  79.436 0.5000000000
81563  -6.654  -11.011  78.427 0.5000000000
81570  -6.754  -10.981  77.569 0.5000000000
81586  -6.802  -10.721  76.826 0.5000000000
85328  -6.060  -6.890  72.585 0.2500000000
84410  -6.602  -8.041  73.419 0.3750000000
82572  -7.694  -10.385  75.060 0.3750000000
84421  -5.932  -7.676  72.179 0.3750000000
128032  -6.408  -8.538  73.130 0.3750000000
83536  -6.617  -8.878  73.647 0.3750000000
125733  -7.015  -9.780  74.140 0.3750000000
82586  -7.251  -10.124  74.528 0.3750000000
82604  -6.973  -9.523  73.491 0.3750000000
84435  -5.813  -7.531  71.390 0.3750000000
84453  -5.864  -7.445  70.573 0.1250000000
141338  -7.296  -7.869  70.057 0.1250000000
84475  -8.074  -7.572  69.885 0.2500000000
84473  -6.156  -7.347  69.916 0.1250000000
85370  -8.737  -7.014  69.314 0.1250000000
85371  -9.761  -6.980  69.258 0.1250000000
86216  -8.546  -6.181  68.150 0.1250000000
84308  -7.540  -7.557  88.201 0.5000000000
85218  -7.227  -6.142  87.811 0.5000000000
85219  -7.876  -6.490  87.783 0.5000000000
126669  -6.749  -6.544  87.613 0.5000000000
84306  -6.575  -7.463  87.251 0.5000000000
84314  -9.239  -6.841  86.851 0.5000000000
85225  -9.867  -6.888  85.876 0.5000000000
85228  -10.161  -6.664  84.895 0.5000000000
123159  -10.599  -6.525  83.243 0.5000000000
85249  -11.182  -6.441  81.760 0.3750000000
83414  -6.531  -8.622  86.549 0.5000000000
85264  -11.447  -5.992  81.037 0.3750000000
126610  -6.501  -7.528  86.361 0.5000000000
126799  -6.585  -7.650  85.342 0.5000000000
84323  -6.726  -7.246  83.775 0.5000000000
136211  -6.808  -8.034  83.212 0.5000000000
88757  -6.245  -3.096  86.069 0.5000000000
139033  -6.168  -3.123  84.899 0.5000000000
130638  -6.280  -3.901  84.833 0.5000000000
86984  -6.423  -4.359  84.030 0.5000000000
132983  -6.679  -6.326  83.454 0.5000000000
83438  -6.868  -8.416  82.311 0.5000000000
85239  -6.643  -5.598  83.268 0.5000000000
84329  -7.094  -7.300  81.851 0.5000000000
83452  -7.152  -8.316  81.311 0.5000000000
129500  -6.103  -2.205  85.758 0.5000000000
129499  -6.114  -2.294  84.402 0.5000000000
132435  -6.599  -4.636  83.185 0.5000000000
85240  -6.895  -6.204  82.477 0.5000000000
85248  -7.316  -6.454  81.550 0.5000000000
83460  -7.490  -8.324  80.457 0.5000000000
82514  -6.951  -9.218  80.814 0.5000000000
87862  -6.343  -3.625  83.888 0.5000000000
130915  -6.556  -4.080  83.104 0.5000000000
86989  -6.877  -4.637  82.362 0.5000000000
84341  -7.437  -7.361  81.051 0.5000000000
82523  -7.050  -9.237  80.140 0.5000000000
86109  -7.533  -5.852  81.232 0.5000000000
130085  -7.849  -7.318  80.436 0.5000000000
85275  -8.264  -7.007  79.831 0.5000000000
83467  -7.401  -8.876  79.620 0.5000000000
84361  -8.258  -7.728  79.185 0.5000000000
83468  -7.776  -8.607  78.844 0.5000000000
82539  -6.662  -10.118  78.465 0.5000000000
83478  -7.136  -9.540  78.093 0.5000000000
83486  -6.890  -9.787  76.977 0.5000000000
82560  -6.675  -10.509  76.789 0.3750000000
139976  -6.659  -10.268  76.251 0.3750000000
81609  -6.860  -10.334  75.575 0.3750000000
138073  -6.396  -6.114  72.870 0.2500000000
85329  -6.728  -6.890  73.184 0.3750000000
85319  -7.233  -7.375  73.800 0.3750000000
83522  -6.978  -9.185  74.413 0.3750000000
82585  -6.814  -10.011  74.740 0.3750000000
86180  -5.994  -6.055  72.322 0.2500000000
82584  -6.892  -9.459  73.907 0.3750000000
85339  -5.711  -6.810  71.865 0.2500000000
85350  -5.585  -6.741  71.012 0.1250000000
85359  -5.639  -6.645  70.043 0.1250000000
85368  -6.113  -6.870  69.317 0.1250000000
85369  -7.005  -6.809  68.927 0.1250000000
133901  -7.804  -7.053  69.324 0.1250000000
86215  -7.204  -6.188  68.213 0.1250000000
85217  -6.901  -5.777  87.597 0.5000000000
86071  -7.863  -5.305  87.101 0.5000000000
86072  -8.534  -5.593  86.513 0.5000000000
85224  -9.110  -6.187  86.259 0.5000000000
85234  -10.147  -6.206  84.049 0.5000000000
86085  -10.005  -5.655  83.285 0.5000000000
85241  -10.626  -6.067  82.460 0.3750000000
135359  -6.735  -5.350  87.362 0.5000000000
85221  -6.645  -5.773  87.290 0.5000000000
86075  -8.980  -5.509  85.604 0.5000000000
86080  -9.182  -5.170  84.671 0.5000000000
85233  -9.659  -5.586  84.106 0.5000000000
86100  -11.044  -5.189  80.906 0.3750000000
86112  -12.441  -5.612  79.861 0.3750000000
135771  -6.515  -4.779  86.832 0.5000000000
84313  -6.452  -6.625  86.057 0.5000000000
130034  -6.478  -4.474  86.585 0.5000000000
85226  -6.406  -5.794  85.590 0.5000000000
84318  -6.624  -7.249  84.602 0.5000000000
143731  -6.335  -3.556  86.202 0.5000000000
129502  -6.354  -4.501  85.859 0.5000000000
86078  -6.359  -4.995  85.369 0.5000000000
87856  -6.263  -3.656  85.640 0.5000000000
131179  -6.518  -6.290  84.515 0.5000000000
86083  -6.413  -4.927  84.502 0.5000000000
89616  -6.016  -1.630  84.938 0.5000000000
129319  -6.299  -2.156  83.341 0.5000000000
86995  -6.804  -3.914  82.376 0.5000000000
86098  -7.118  -5.543  81.963 0.5000000000
87875  -6.932  -3.403  81.917 0.5000000000
131746  -7.367  -5.003  81.499 0.5000000000
85263  -7.966  -6.634  80.459 0.5000000000
126024  -6.512  -2.023  82.356 0.5000000000
88774  -6.703  -2.742  82.162 0.5000000000
86996  -7.199  -4.149  81.715 0.5000000000
83487  -7.740  -8.837  77.720 0.3750000000
83501  -7.638  -8.987  76.670 0.3750000000
83500  -6.867  -9.716  76.053 0.3750000000
83523  -7.604  -8.191  74.669 0.3750000000
83513  -7.561  -8.714  75.270 0.3750000000
83512  -6.961  -9.623  75.244 0.3750000000
85330  -7.417  -6.338  73.806 0.2500000000
136879  -7.638  -7.636  74.284 0.3750000000
86173  -6.884  -5.545  73.355 0.2500000000
87096  -6.297  -5.387  71.976 0.2500000000
86181  -6.487  -5.372  72.752 0.2500000000
87110  -6.011  -5.361  70.910 0.1250000000
86189  -5.687  -6.027  71.497 0.1250000000
87111  -6.821  -4.574  70.594 0.1250000000
86069  -7.520  -5.732  87.561 0.5000000000
138124  -7.042  -5.302  87.592 0.5000000000
86974  -7.496  -4.524  87.042 0.5000000000
86074  -8.254  -4.908  86.314 0.5000000000
86099  -10.775  -5.629  81.671 0.3750000000
86973  -7.006  -4.386  87.458 0.5000000000
86976  -7.919  -3.995  86.142 0.5000000000
86980  -8.781  -4.472  84.455 0.5000000000
86092  -9.539  -4.852  83.046 0.5000000000
86093  -10.158  -5.271  82.390 0.5000000000
86068  -6.841  -4.915  87.353 0.5000000000
86079  -8.586  -4.652  85.350 0.5000000000
86979  -8.355  -4.002  85.096 0.5000000000
86990  -9.266  -4.094  82.920 0.5000000000
86991  -9.748  -4.620  82.380 0.5000000000
86998  -10.303  -4.737  81.607 0.3750000000
87022  -12.687  -4.928  79.503 0.3750000000
87851  -6.946  -3.458  87.441 0.5000000000
88758  -7.394  -2.093  86.828 0.5000000000
132027  -8.185  -2.754  84.587 0.5000000000
87870  -8.804  -3.464  83.192 0.5000000000
87850  -6.487  -3.355  86.759 0.5000000000
87849  -6.771  -3.389  87.269 0.5000000000
133668  -6.685  -2.837  87.246 0.5000000000
89612  -6.720  -1.700  87.235 0.5000000000
89614  -7.329  -1.200  86.880 0.5000000000
89613  -6.393  -1.649  86.735 0.5000000000
131598  -7.111  -1.109  87.210 0.5000000000
89615  -7.898  -0.615  86.149 0.5000000000
130045  -6.103  -1.050  86.002 0.5000000000
90514  -7.245  -0.305  86.941 0.5000000000
90517  -7.474  -0.348  86.788 0.5000000000
90519  -6.224  -0.159  85.450 0.5000000000
90516  -6.607  -0.192  86.567 0.5000000000
129498  -6.007  -0.930  84.671 0.5000000000
136221  -6.142  -0.946  83.682 0.5000000000
89625  -6.295  -1.412  83.020 0.5000000000
139445  -6.808  -2.276  81.704 0.5000000000
139096  -7.482  -9.099  75.859 0.3750000000
87082  -6.768  -4.663  72.541 0.2500000000
136419  -7.264  -5.030  87.443 0.5000000000
87006  -10.726  -4.415  80.721 0.3750000000
87007  -11.444  -4.751  80.222 0.3750000000
86975  -7.266  -3.658  87.191 0.5000000000
120632  -10.075  -3.898  81.224 0.3750000000
87885  -11.141  -4.017  80.036 0.3750000000
87854  -7.578  -3.013  86.579 0.5000000000
87857  -8.050  -3.291  85.400 0.5000000000
87878  -9.415  -3.248  81.833 0.3750000000
87896  -10.732  -3.258  79.955 0.3750000000
87897  -11.569  -3.459  79.478 0.3750000000
88765  -7.976  -1.720  85.153 0.5000000000
87869  -8.455  -2.837  83.605 0.5000000000
89636  -9.167  -1.579  81.731 0.3750000000
88792  -10.392  -2.391  79.946 0.3750000000
89617  -7.976  -0.914  85.612 0.5000000000
89626  -8.420  -1.499  83.695 0.5000000000
88782  -9.767  -2.039  80.756 0.3750000000
90520  -8.441  -0.122  85.662 0.5000000000
140717  -8.713  -0.196  84.662 0.5000000000
132857  -8.889  -0.853  82.535 0.5000000000
89645  -9.639  -1.178  80.939 0.3750000000
92170  -7.645  0.694  86.733 0.5000000000
91404  -8.279  0.788  86.591 0.5000000000
91406  -8.762  0.705  86.029 0.5000000000
90522  -9.161  0.204  84.108 0.5000000000
90531  -9.208  -0.102  82.972 0.5000000000
137736  -7.189  1.057  86.160 0.5000000000
127098  -6.192  -0.223  84.147 0.5000000000
87021  -12.046  -4.282  79.634 0.3750000000
88793  -11.143  -2.675  79.320 0.3750000000
89656  -10.813  -1.827  79.209 0.3750000000
90540  -9.402  -0.470  81.754 0.3750000000
90549  -9.893  -0.408  80.679 0.3750000000
89655  -10.755  -0.992  79.158 0.3750000000
92171  -8.009  0.957  86.768 0.5000000000
92174  -8.821  1.145  85.962 0.5000000000
91407  -9.584  0.942  84.557 0.5000000000
91415  -9.707  0.662  83.525 0.5000000000
91431  -9.862  0.223  81.391 0.5000000000
91437  -10.864  0.287  79.692 0.3750000000
91449  -13.067  0.765  78.205 0.3750000000
92199  -10.888  1.543  82.442 0.5000000000
91433  -11.207  0.960  80.147 0.3750000000
92216  -12.765  1.664  79.037 0.3750000000
91405  -6.472  0.677  84.892 0.5000000000
93008  -12.582  2.435  80.918 0.3750000000
54515  -23.511  -40.075  75.480 1.0000000000
130215  -18.835  -39.096  77.639 1.0000000000
59186  -29.294  -35.740  80.403 1.0000000000
58329  -28.417  -35.994  79.466 1.0000000000
56380  -28.773  -37.185  80.307 1.0000000000
57438  -28.004  -36.386  78.888 1.0000000000
125700  -27.187  -36.905  77.612 1.0000000000
57459  -26.525  -36.434  76.353 1.0000000000
54444  -16.671  -40.012  79.906 1.0000000000
54463  -16.282  -39.536  79.160 1.0000000000
54462  -15.310  -39.267  79.283 1.0000000000
55438  -25.855  -38.598  76.165 1.0000000000
56538  -20.625  -37.288  70.671 1.0000000000
56539  -21.299  -37.493  70.544 1.0000000000
51539  -13.188  -42.999  84.084 1.0000000000
50614  -12.274  -43.149  84.931 1.0000000000
50607  -12.765  -43.440  85.445 1.0000000000
51528  -13.552  -43.204  84.814 1.0000000000
50608  -13.798  -43.303  85.719 1.0000000000
126285  -29.868  -34.583  80.045 1.0000000000
134220  -12.958  -41.994  82.891 1.0000000000
51548  -12.648  -42.427  83.624 1.0000000000
51540  -14.168  -42.761  84.112 1.0000000000
59193  -29.373  -35.192  79.718 1.0000000000
52453  -13.031  -40.834  81.799 1.0000000000
141343  -13.398  -40.445  81.328 1.0000000000
131239  -13.850  -42.156  82.728 1.0000000000
52445  -14.341  -41.739  82.108 1.0000000000
52454  -13.874  -41.032  81.512 1.0000000000
59208  -28.214  -35.003  78.268 1.0000000000
60971  -37.316  -32.452  80.374 0.7500000000
54442  -14.692  -39.790  79.836 1.0000000000
53446  -15.048  -40.362  80.352 1.0000000000
141519  -27.615  -35.351  77.955 1.0000000000
55400  -15.266  -38.570  78.877 1.0000000000
55399  -14.712  -38.599  79.321 1.0000000000
58339  -27.229  -35.430  77.296 1.0000000000
56395  -15.900  -37.682  77.793 1.0000000000
55411  -15.574  -38.101  78.369 1.0000000000
57488  -17.543  -36.479  74.380 1.0000000000
56516  -23.343  -37.767  71.684 1.0000000000
56557  -22.572  -36.796  70.029 1.0000000000
57517  -19.564  -36.783  71.841 1.0000000000
45619  -7.110  -47.612  88.469 0.3750000000
44459  -8.694  -47.401  88.345 0.3750000000
50565  -6.602  -43.996  88.575 0.5000000000
122393  -6.764  -45.492  88.791 0.5000000000
45609  -8.502  -46.883  88.930 0.3750000000
50605  -6.795  -42.485  85.752 0.2500000000
51536  -6.682  -41.563  84.178 0.2500000000
51547  -6.810  -41.809  83.537 0.2500000000
50575  -12.742  -44.264  88.020 0.8750000000
50596  -11.644  -43.146  86.356 1.0000000000
52406  -11.341  -41.872  86.201 1.0000000000
51537  -11.781  -42.621  84.862 1.0000000000
53400  -11.541  -41.161  84.864 1.0000000000
52435  -12.254  -41.678  83.317 1.0000000000
60995  -30.608  -33.335  79.498 1.0000000000
126746  -11.992  -40.568  83.722 1.0000000000
121382  -12.376  -40.523  82.603 1.0000000000
60057  -29.959  -33.496  78.170 1.0000000000
53431  -13.517  -39.923  80.815 1.0000000000
59217  -27.408  -34.818  76.599 1.0000000000
56403  -15.646  -36.967  77.637 1.0000000000
58363  -26.257  -35.444  74.163 1.0000000000
58356  -26.470  -35.744  75.674 1.0000000000
57445  -15.867  -36.390  77.186 1.0000000000
58345  -16.307  -35.366  76.293 1.0000000000
57504  -25.161  -36.827  73.424 1.0000000000
57519  -25.506  -36.124  73.220 1.0000000000
123975  -17.044  -36.412  75.147 1.0000000000
58368  -18.243  -35.677  73.296 1.0000000000
57530  -24.478  -36.546  71.818 1.0000000000
57529  -23.811  -37.014  71.244 1.0000000000
58411  -23.366  -36.124  69.710 1.0000000000
57558  -21.728  -36.572  69.536 1.0000000000
55344  -6.544  -39.375  86.223 0.5000000000
46603  -8.804  -46.069  90.103 0.5000000000
46602  -8.247  -46.131  90.118 0.3750000000
45606  -10.584  -46.654  89.663 0.5000000000
132794  -10.084  -46.286  89.980 0.5000000000
119255  -6.317  -39.955  85.675 0.3750000000
54355  -6.429  -39.832  86.292 0.5000000000
136536  -6.569  -39.786  86.793 0.5000000000
136407  -6.683  -42.168  86.367 0.2500000000
53364  -6.568  -40.625  87.184 0.3750000000
120199  -6.558  -41.817  87.386 0.3750000000
51510  -6.551  -42.441  86.938 0.2500000000
53386  -6.308  -40.096  84.956 0.2500000000
52415  -6.445  -40.711  84.956 0.2500000000
48559  -11.783  -45.393  90.327 0.7500000000
53411  -6.189  -40.321  83.361 0.2500000000
49583  -11.711  -44.722  89.935 0.8750000000
49584  -12.532  -45.028  89.876 0.8750000000
56349  -8.771  -37.528  84.570 0.6250000000
52433  -6.376  -40.781  83.071 0.2500000000
52387  -11.034  -42.152  88.366 0.8750000000
50573  -11.080  -43.506  88.627 0.8750000000
120646  -11.188  -43.314  87.796 0.8750000000
49591  -12.868  -45.080  89.854 0.8750000000
57391  -8.390  -36.860  83.441 0.6250000000
52443  -6.364  -40.971  82.274 0.2500000000
57414  -8.142  -36.426  82.053 0.6250000000
53401  -11.894  -40.546  84.481 1.0000000000
141165  -8.838  -35.773  80.796 0.7500000000
58316  -8.272  -35.648  80.260 0.5000000000
54376  -13.137  -39.302  84.449 1.0000000000
54410  -12.584  -39.849  82.304 1.0000000000
55379  -13.492  -38.328  82.410 1.0000000000
55387  -13.435  -38.645  80.966 1.0000000000
139403  -13.515  -39.237  80.629 1.0000000000
60065  -29.915  -33.455  77.539 1.0000000000
56379  -13.883  -37.216  80.198 1.0000000000
56385  -13.910  -37.986  79.963 1.0000000000
56393  -14.467  -36.893  78.946 1.0000000000
57437  -14.705  -36.249  78.473 1.0000000000
60073  -27.819  -34.363  75.896 1.0000000000
140761  -27.111  -34.708  74.786 1.0000000000
60074  -28.613  -34.004  76.116 1.0000000000
59198  -15.085  -34.774  78.544 1.0000000000
60097  -27.996  -34.028  74.437 1.0000000000
60111  -28.940  -33.183  73.765 1.0000000000
59215  -16.256  -34.560  76.465 1.0000000000
59260  -27.268  -34.217  72.840 1.0000000000
61059  -28.940  -33.192  72.994 1.0000000000
123540  -28.328  -33.553  73.162 1.0000000000
59227  -17.159  -34.552  75.331 1.0000000000
59238  -17.381  -34.974  74.635 1.0000000000
58361  -17.238  -35.777  74.609 1.0000000000
123826  -26.441  -34.603  71.962 1.0000000000
60130  -28.277  -33.356  71.753 1.0000000000
60119  -27.784  -33.754  72.478 1.0000000000
130393  -29.695  -32.435  71.939 1.0000000000
61084  -28.813  -32.962  71.107 1.0000000000
125479  -30.707  -30.667  70.174 0.8750000000
59240  -18.680  -34.060  73.620 1.0000000000
58389  -25.632  -35.338  71.851 1.0000000000
122491  -24.707  -35.945  71.331 1.0000000000
59269  -25.909  -34.804  71.456 1.0000000000
60129  -27.526  -33.714  71.474 1.0000000000
60128  -26.831  -34.063  71.083 1.0000000000
61095  -29.275  -32.501  70.442 0.8750000000
59277  -24.866  -35.249  70.228 1.0000000000
59279  -26.074  -34.342  70.742 1.0000000000
60138  -26.613  -33.948  70.248 1.0000000000
124014  -27.126  -33.537  69.656 1.0000000000
62003  -29.232  -32.079  68.981 1.0000000000
61105  -28.988  -32.537  69.660 1.0000000000
58412  -24.114  -35.506  69.448 1.0000000000
59287  -25.585  -34.145  69.352 1.0000000000
61120  -28.235  -32.600  68.275 1.0000000000
59301  -19.980  -35.124  69.147 1.0000000000
132582  -20.554  -36.174  69.514 1.0000000000
121683  -21.564  -35.521  68.433 1.0000000000
59305  -23.054  -35.014  68.139 1.0000000000
57559  -22.496  -36.155  69.251 1.0000000000
59306  -24.445  -34.417  68.389 1.0000000000
60147  -25.916  -33.732  68.659 1.0000000000
61132  -27.159  -32.511  67.105 0.8750000000
60163  -20.032  -34.111  68.237 1.0000000000
59316  -20.674  -34.367  67.772 1.0000000000
59318  -22.466  -34.478  67.480 1.0000000000
60165  -25.410  -33.504  67.907 1.0000000000
60181  -24.590  -33.513  67.534 1.0000000000
60191  -22.536  -33.363  66.407 1.0000000000
127903  -8.921  -45.207  90.893 0.6250000000
50562  -6.737  -43.139  89.206 0.5000000000
50560  -7.680  -43.908  90.433 0.5000000000
47514  -8.988  -45.127  91.065 0.3750000000
46604  -9.474  -46.115  90.047 0.5000000000
47515  -9.665  -45.169  90.809 0.5000000000
47516  -10.313  -45.226  90.668 0.7500000000
46597  -9.898  -45.985  90.151 0.5000000000
54349  -6.510  -40.105  86.972 0.5000000000
52395  -6.614  -41.214  87.680 0.5000000000
52386  -6.853  -41.681  89.022 0.6250000000
47510  -9.902  -44.959  90.930 0.7500000000
48555  -10.853  -45.016  90.799 0.7500000000
136596  -11.354  -45.185  90.522 0.6250000000
50559  -10.743  -44.102  90.949 0.8750000000
50564  -10.710  -43.756  90.409 0.8750000000
139254  -11.029  -44.892  90.884 0.7500000000
56327  -8.667  -38.397  86.085 0.6250000000
51500  -10.954  -42.621  89.782 0.8750000000
51497  -10.806  -43.112  89.849 0.8750000000
56350  -9.428  -37.452  84.486 0.6250000000
120069  -12.493  -40.851  88.139 0.8750000000
57392  -9.265  -36.833  83.453 0.6250000000
57405  -9.613  -36.524  82.821 0.6250000000
53375  -12.138  -40.613  86.674 1.0000000000
61908  -31.621  -31.845  78.653 1.0000000000
61912  -31.649  -31.592  77.986 1.0000000000
53376  -12.844  -40.054  86.524 1.0000000000
129607  -12.933  -39.514  84.946 1.0000000000
64024  -32.656  -29.424  76.662 1.0000000000
61918  -31.437  -31.670  77.294 1.0000000000
64045  -32.527  -29.224  74.676 1.0000000000
65950  -36.544  -28.125  80.527 0.7500000000
68819  -38.171  -24.843  79.536 1.0000000000
125657  -38.869  -24.785  79.115 1.0000000000
55371  -13.830  -38.023  83.148 1.0000000000
61026  -30.398  -32.675  76.584 1.0000000000
61016  -30.180  -33.076  77.145 1.0000000000
61923  -30.876  -32.085  76.021 1.0000000000
61924  -31.511  -31.324  75.946 1.0000000000
62963  -31.783  -30.776  75.148 1.0000000000
64044  -32.096  -30.152  74.273 1.0000000000
66004  -32.971  -28.094  74.190 1.0000000000
65014  -38.100  -28.823  79.334 0.8750000000
129927  -37.773  -27.982  79.719 0.8750000000
137783  -39.105  -25.770  76.978 0.7500000000
57415  -14.284  -36.404  81.389 1.0000000000
61025  -29.800  -33.235  76.190 1.0000000000
61946  -30.825  -31.929  74.179 1.0000000000
61936  -31.204  -31.572  75.110 1.0000000000
135938  -31.684  -30.537  73.552 1.0000000000
64074  -32.229  -28.801  72.410 0.8750000000
61036  -29.592  -33.059  75.132 1.0000000000
62978  -31.210  -31.249  73.229 1.0000000000
64073  -31.862  -29.547  72.363 1.0000000000
66019  -32.678  -27.686  72.387 0.8750000000
61048  -29.487  -32.882  74.216 1.0000000000
61072  -30.051  -32.502  73.030 1.0000000000
61959  -30.591  -32.042  73.160 1.0000000000
63010  -31.118  -30.916  72.299 1.0000000000
59207  -15.771  -34.228  77.179 1.0000000000
128009  -31.017  -30.685  71.529 0.8750000000
63022  -31.088  -30.252  70.809 0.8750000000
63046  -30.317  -30.444  68.438 0.8750000000
63045  -29.753  -30.983  67.918 0.8750000000
60146  -19.500  -34.042  69.777 0.8750000000
63059  -28.955  -31.136  66.611 0.8750000000
61149  -26.304  -32.338  66.423 0.8750000000
135936  -27.582  -32.013  66.467 0.8750000000
61144  -21.471  -32.618  65.986 0.8750000000
61164  -25.495  -32.115  65.771 0.8750000000
127441  -27.428  -31.676  65.792 0.8750000000
54332  -7.614  -40.387  88.882 0.6250000000
52383  -7.226  -41.855  89.844 0.6250000000
120842  -7.365  -42.522  90.250 0.6250000000
49570  -8.734  -43.932  91.039 0.6250000000
48551  -8.830  -43.942  91.282 0.7500000000
50554  -8.905  -43.631  91.567 0.7500000000
126590  -9.979  -44.002  91.451 0.7500000000
50556  -10.104  -43.561  91.241 0.7500000000
139607  -10.018  -43.846  91.341 0.7500000000
57380  -9.916  -37.152  84.009 0.6250000000
56329  -10.374  -38.072  85.915 0.7500000000
141982  -34.935  -27.276  79.561 1.0000000000
65063  -33.269  -28.051  75.693 1.0000000000
66915  -36.161  -26.451  80.385 1.0000000000
66917  -37.313  -26.672  80.271 1.0000000000
67873  -37.085  -25.528  80.180 1.0000000000
68811  -37.486  -24.911  79.806 1.0000000000
57407  -14.658  -36.821  83.074 1.0000000000
66005  -33.271  -27.437  74.216 1.0000000000
65998  -33.491  -27.377  75.161 1.0000000000
67896  -40.459  -25.058  77.210 0.8750000000
59184  -15.531  -34.213  80.510 1.0000000000
58320  -14.999  -34.871  80.445 1.0000000000
67019  -32.693  -26.870  70.873 0.8750000000
67006  -33.150  -26.018  71.979 0.8750000000
66960  -38.301  -25.851  75.271 0.7500000000
67903  -41.195  -25.160  76.518 0.8750000000
132345  -15.320  -34.334  79.907 1.0000000000
60062  -16.595  -32.940  77.555 1.0000000000
68923  -32.373  -24.290  69.485 0.8750000000
65141  -31.416  -28.265  68.373 0.8750000000
122259  -19.591  -32.857  72.294 1.0000000000
64138  -30.429  -29.288  67.235 0.8750000000
68031  -31.316  -25.503  67.228 0.8750000000
61130  -19.957  -32.874  67.653 0.8750000000
65164  -30.019  -29.145  66.199 0.8750000000
125016  -29.472  -29.742  65.834 0.8750000000
142434  -30.364  -26.914  65.933 0.8750000000
64151  -28.951  -29.581  65.134 0.8750000000
63088  -28.301  -30.272  65.092 0.8750000000
61160  -21.822  -32.104  65.558 0.8750000000
63105  -26.681  -30.115  64.498 0.8750000000
53356  -7.276  -41.230  89.341 0.6250000000
53351  -8.248  -40.805  90.121 0.6250000000
123506  -8.790  -42.351  91.835 0.7500000000
121921  -8.975  -43.115  91.757 0.7500000000
136304  -10.202  -42.985  91.889 0.7500000000
50555  -10.156  -43.059  91.605 0.7500000000
51487  -10.223  -42.666  91.714 0.8750000000
120478  -11.893  -37.766  86.670 0.8750000000
65042  -33.506  -28.212  77.749 1.0000000000
133195  -33.898  -27.440  77.798 1.0000000000
66937  -34.671  -26.211  78.076 1.0000000000
66936  -34.239  -26.693  77.316 1.0000000000
143277  -35.048  -25.856  78.620 1.0000000000
67870  -35.784  -25.901  79.926 1.0000000000
68816  -36.395  -24.767  79.362 1.0000000000
68827  -36.057  -24.550  78.706 1.0000000000
68818  -37.307  -24.434  79.547 1.0000000000
60043  -10.988  -34.119  78.886 0.8750000000
55353  -14.941  -37.998  85.315 1.0000000000
66950  -33.960  -26.614  75.557 1.0000000000
142917  -38.228  -23.754  79.117 1.0000000000
69707  -38.752  -23.521  78.926 1.0000000000
60052  -11.378  -33.558  78.374 0.8750000000
68878  -33.920  -25.277  73.198 0.8750000000
69720  -40.819  -23.515  78.166 1.0000000000
60069  -11.163  -33.018  76.870 0.8750000000
61032  -11.401  -32.533  75.577 0.8750000000
58298  -15.533  -34.987  81.967 1.0000000000
67897  -41.361  -24.731  77.115 1.0000000000
60107  -10.078  -33.007  73.653 0.7500000000
61045  -10.612  -32.563  74.139 0.8750000000
59185  -15.600  -34.457  81.239 1.0000000000
119232  -33.556  -25.308  72.344 0.8750000000
60988  -16.572  -32.778  79.040 1.0000000000
60989  -17.342  -32.606  79.104 1.0000000000
68912  -33.112  -24.018  70.695 0.8750000000
67948  -39.088  -25.619  74.792 0.7500000000
67931  -40.530  -25.840  74.416 0.7500000000
61011  -17.529  -32.679  77.553 1.0000000000
66106  -7.740  -27.018  66.230 0.1250000000
61034  -19.792  -32.620  75.449 1.0000000000
138095  -19.132  -32.922  74.881 1.0000000000
69796  -32.726  -23.663  70.048 0.8750000000
61058  -19.742  -32.139  73.385 0.8750000000
61957  -19.420  -31.626  71.850 0.8750000000
61103  -19.463  -32.475  69.286 0.7500000000
131029  -19.510  -31.139  68.009 0.8750000000
69832  -30.665  -23.512  67.073 0.8750000000
69849  -30.264  -23.446  66.489 0.8750000000
62057  -19.937  -31.316  67.120 0.8750000000
63085  -20.843  -30.527  65.310 0.8750000000
64169  -28.977  -28.899  64.853 0.8750000000
68059  -30.126  -25.603  66.105 0.8750000000
63101  -23.049  -30.270  64.208 0.8750000000
68058  -28.813  -24.864  65.590 0.7500000000
63103  -24.902  -30.218  64.275 0.8750000000
64166  -26.215  -29.522  64.371 0.8750000000
65200  -27.681  -28.369  64.442 0.8750000000
55320  -8.195  -39.854  88.853 0.6250000000
54333  -8.031  -40.462  89.433 0.6250000000
53332  -9.149  -41.421  91.629 0.8750000000
141068  -9.419  -39.437  89.097 0.7500000000
55330  -9.854  -39.095  88.691 0.7500000000
52373  -10.751  -41.575  91.787 0.8750000000
52374  -11.568  -40.969  91.553 0.8750000000
53347  -13.662  -40.295  91.335 0.8750000000
58297  -11.613  -35.555  82.896 0.8750000000
53363  -14.418  -40.436  88.894 0.8750000000
54352  -14.750  -39.485  87.400 1.0000000000
60966  -22.535  -32.012  81.751 1.0000000000
59167  -16.682  -34.023  82.529 1.0000000000
60016  -18.073  -33.558  82.699 1.0000000000
60028  -19.394  -33.221  82.100 1.0000000000
119153  -21.562  -32.390  81.060 1.0000000000
120026  -22.265  -32.067  80.977 1.0000000000
61890  -22.670  -31.264  80.245 1.0000000000
66945  -34.384  -26.145  76.379 1.0000000000
125416  -34.724  -25.175  76.330 1.0000000000
68845  -35.225  -24.708  77.216 1.0000000000
68836  -35.863  -24.097  77.798 1.0000000000
60053  -12.090  -33.122  78.697 0.8750000000
56359  -14.955  -37.020  84.060 1.0000000000
57396  -16.067  -35.873  84.144 1.0000000000
58299  -16.115  -34.828  82.767 1.0000000000
58284  -15.780  -35.611  83.281 1.0000000000
133486  -19.015  -32.896  81.477 1.0000000000
70680  -38.331  -23.210  78.752 1.0000000000
57408  -15.146  -36.089  82.787 1.0000000000
59176  -16.509  -33.771  81.738 1.0000000000
60026  -17.693  -33.005  81.460 1.0000000000
136467  -19.201  -32.642  80.767 1.0000000000
70697  -40.738  -22.802  78.022 1.0000000000
61020  -11.659  -32.621  76.457 0.8750000000
131073  -11.865  -31.903  75.236 0.8750000000
60038  -16.704  -33.134  80.591 1.0000000000
60976  -17.506  -32.789  80.633 1.0000000000
120735  -19.058  -32.579  79.317 1.0000000000
61004  -20.952  -32.418  78.666 1.0000000000
67916  -41.984  -25.404  75.853 0.7500000000
67905  -42.563  -24.939  76.217 0.8750000000
61943  -10.719  -31.342  73.365 0.8750000000
61057  -10.940  -31.964  73.853 0.8750000000
61002  -19.098  -32.595  78.424 1.0000000000
67917  -42.735  -25.216  75.373 0.8750000000
61067  -9.521  -32.554  72.382 0.8750000000
61956  -10.232  -31.643  72.832 0.8750000000
61023  -20.122  -32.593  76.310 1.0000000000
61024  -20.774  -32.153  76.769 1.0000000000
66978  -41.924  -25.653  72.964 0.8750000000
61972  -8.220  -32.106  71.662 0.8750000000
62992  -9.075  -30.503  72.436 0.8750000000
63007  -7.776  -31.461  71.763 0.8750000000
61922  -20.345  -31.883  75.514 1.0000000000
70796  -33.620  -22.297  71.010 0.8750000000
63006  -6.940  -31.571  71.662 0.8750000000
64099  -4.696  -30.204  69.958 0.7500000000
63029  -4.592  -30.949  69.695 0.8750000000
64121  -5.592  -29.299  68.078 0.3750000000
128752  -6.341  -28.773  67.518 0.2500000000
65137  -5.576  -28.342  67.988 0.3750000000
141970  -5.716  -27.894  67.401 0.2500000000
66086  -6.427  -27.143  66.799 0.2500000000
62977  -19.212  -30.862  73.319 0.8750000000
70814  -32.868  -22.678  69.857 0.8750000000
61987  -4.604  -31.448  70.462 0.8750000000
132364  -32.601  -22.283  69.182 0.8750000000
66123  -8.175  -26.571  65.651 0.2500000000
71819  -31.876  -21.556  67.133 0.8750000000
63032  -19.231  -30.752  69.684 0.7500000000
70877  -31.050  -21.756  65.127 0.8750000000
64136  -19.851  -29.844  66.053 0.7500000000
70876  -30.606  -22.010  65.479 0.8750000000
69848  -29.720  -23.742  66.188 0.8750000000
70888  -29.747  -22.507  64.292 0.7500000000
69884  -29.221  -22.989  64.856 0.7500000000
69867  -30.213  -22.839  65.930 0.8750000000
68057  -27.926  -24.967  65.374 0.7500000000
68955  -28.347  -24.171  65.506 0.7500000000
139440  -26.700  -27.716  64.724 0.7500000000
66149  -26.090  -28.154  64.753 0.8750000000
67116  -27.596  -26.879  64.860 0.7500000000
55300  -9.664  -39.999  90.500 0.7500000000
53333  -9.529  -41.265  91.742 0.8750000000
54317  -11.207  -40.291  91.406 0.8750000000
53335  -11.273  -40.798  91.588 0.8750000000
53342  -13.299  -40.014  91.504 0.8750000000
62900  -22.344  -30.545  83.100 1.0000000000
132251  -15.349  -40.372  90.201 0.8750000000
63970  -22.384  -29.858  82.886 0.8750000000
60974  -12.926  -32.897  80.371 0.8750000000
143339  -19.302  -33.753  83.440 1.0000000000
60986  -12.634  -32.507  79.030 0.8750000000
142308  -36.035  -22.856  76.790 1.0000000000
60999  -12.419  -32.515  78.219 0.8750000000
143904  -21.970  -29.806  79.935 0.8750000000
69753  -35.357  -22.702  74.932 1.0000000000
61021  -12.225  -32.249  76.915 0.8750000000
61010  -12.603  -31.812  77.623 0.8750000000
131314  -12.473  -31.127  76.121 0.8750000000
61921  -12.183  -31.222  75.445 0.8750000000
61005  -21.783  -32.105  78.551 1.0000000000
71711  -40.684  -21.745  77.005 1.0000000000
140804  -42.053  -21.834  76.403 1.0000000000
61932  -11.754  -31.305  74.710 0.8750000000
142000  -21.650  -31.963  78.088 1.0000000000
61015  -21.167  -32.206  77.730 1.0000000000
68857  -43.035  -24.700  75.647 0.8750000000
67934  -43.006  -24.853  74.064 0.8750000000
69744  -43.281  -23.776  75.268 1.0000000000
66963  -42.720  -25.119  73.643 0.8750000000
66996  -42.580  -24.959  72.486 0.8750000000
68880  -43.702  -24.305  73.285 0.8750000000
140137  -11.091  -30.107  73.809 0.8750000000
64041  -10.971  -29.375  74.128 0.8750000000
64071  -9.976  -29.986  72.832 0.8750000000
119323  -20.409  -30.793  77.164 0.8750000000
67977  -43.006  -24.797  72.056 0.8750000000
64055  -8.749  -29.327  73.298 0.8750000000
62989  -5.850  -30.749  72.839 0.8750000000
62950  -18.975  -30.173  75.837 0.8750000000
64023  -18.865  -29.910  76.724 0.8750000000
70797  -34.089  -21.792  71.436 0.8750000000
132205  -41.381  -25.959  71.669 0.7500000000
62974  -5.183  -30.366  73.212 0.8750000000
64089  -4.542  -30.268  70.924 0.8750000000
63004  -4.716  -30.878  72.008 0.8750000000
64079  -4.549  -30.437  71.694 0.8750000000
134326  -33.624  -21.617  69.926 0.8750000000
67024  -41.835  -25.711  70.816 0.7500000000
64090  -4.910  -29.512  70.480 0.7500000000
65106  -17.934  -28.413  71.682 0.8750000000
133861  -18.555  -29.611  71.241 0.8750000000
71812  -33.976  -21.536  68.894 0.8750000000
68005  -44.494  -24.444  69.540 0.6250000000
67068  -43.249  -25.417  67.168 0.5000000000
68034  -44.982  -24.537  67.487 0.5000000000
67074  -6.775  -25.681  66.220 0.2500000000
65117  -18.384  -28.665  70.215 0.7500000000
70850  -33.510  -21.846  67.342 0.8750000000
70851  -34.294  -22.275  67.600 0.8750000000
70879  -33.254  -22.436  65.788 0.8750000000
67093  -7.897  -25.684  65.391 0.2500000000
136937  -18.761  -29.369  69.224 0.7500000000
70878  -32.436  -22.070  65.446 0.8750000000
71840  -31.942  -21.566  65.886 0.8750000000
70891  -32.265  -22.452  64.514 0.8750000000
70910  -31.812  -22.529  63.720 0.8750000000
70892  -33.130  -22.788  64.932 0.8750000000
64148  -20.032  -29.151  65.663 0.7500000000
70923  -29.903  -22.541  62.790 0.7500000000
70909  -31.053  -22.287  63.684 0.8750000000
70924  -31.148  -22.872  62.390 0.7500000000
69883  -28.514  -23.286  64.673 0.7500000000
70887  -28.985  -22.804  63.988 0.7500000000
70922  -29.167  -22.492  62.252 0.7500000000
70938  -31.087  -23.153  61.700 0.7500000000
123049  -30.517  -22.767  62.173 0.7500000000
66132  -26.424  -27.447  65.157 0.7500000000
67115  -26.948  -27.081  64.956 0.7500000000
68056  -27.180  -25.369  65.364 0.7500000000
68967  -27.371  -23.913  64.935 0.7500000000
70905  -27.745  -22.755  62.834 0.7500000000
69882  -27.790  -23.466  64.497 0.7500000000
70936  -29.025  -22.563  61.304 0.7500000000
70948  -28.413  -22.453  60.502 0.7500000000
54320  -11.232  -39.662  91.262 0.8750000000
53348  -14.452  -40.171  91.338 0.8750000000
60013  -12.804  -34.017  82.534 0.8750000000
54342  -16.150  -40.055  90.144 0.8750000000
54354  -16.049  -38.740  87.867 1.0000000000
66906  -21.613  -25.814  81.435 0.8750000000
64998  -21.722  -27.630  81.954 0.8750000000
132352  -12.910  -32.512  79.730 0.8750000000
54348  -16.543  -39.015  88.808 1.0000000000
140302  -15.802  -38.317  87.113 1.0000000000
61899  -13.409  -30.980  78.924 0.8750000000
62927  -13.285  -30.255  78.329 0.8750000000
61909  -12.838  -31.009  77.322 0.8750000000
56308  -14.882  -37.587  89.261 1.0000000000
64003  -21.755  -29.966  79.395 0.8750000000
62942  -12.751  -30.454  76.682 0.8750000000
64030  -11.499  -29.357  74.968 0.8750000000
57355  -15.162  -36.652  88.040 1.0000000000
62921  -21.414  -30.203  78.872 0.8750000000
65953  -19.317  -27.703  80.389 0.8750000000
65021  -19.591  -28.751  80.043 0.8750000000
71723  -40.912  -21.428  76.478 1.0000000000
71738  -41.762  -21.563  76.068 1.0000000000
71739  -42.883  -22.345  75.211 1.0000000000
138133  -20.514  -30.147  78.601 0.8750000000
64010  -20.000  -29.847  78.822 0.8750000000
65030  -18.604  -28.181  79.400 0.8750000000
70779  -34.469  -21.716  72.223 0.8750000000
70752  -43.648  -23.302  73.888 1.0000000000
65082  -9.151  -28.811  73.882 0.8750000000
130284  -18.372  -28.978  77.982 0.8750000000
67953  -44.118  -24.363  72.241 0.7500000000
68881  -44.179  -24.066  72.635 0.8750000000
65047  -18.150  -29.221  77.057 0.8750000000
139930  -43.422  -24.755  71.194 0.7500000000
68913  -44.901  -23.943  70.477 0.6250000000
65091  -4.878  -29.130  72.318 0.8750000000
124049  -17.640  -28.818  75.605 0.8750000000
69820  -35.947  -23.232  68.767 0.8750000000
69834  -35.407  -23.148  68.024 0.8750000000
136222  -42.166  -22.939  65.069 0.8750000000
67057  -5.796  -26.554  67.501 0.2500000000
131232  -17.608  -28.338  73.022 0.8750000000
65084  -17.439  -28.260  73.834 0.8750000000
65071  -17.487  -28.553  74.835 0.8750000000
70852  -34.981  -23.046  67.438 0.8750000000
69828  -46.772  -22.779  68.594 0.8750000000
69827  -46.519  -23.228  68.594 0.7500000000
68022  -6.820  -25.300  67.081 0.2500000000
65092  -17.601  -27.980  72.354 0.8750000000
70955  -41.255  -22.353  61.244 0.8750000000
125342  -46.215  -23.652  67.876 0.6250000000
127612  -34.583  -23.445  65.649 0.8750000000
69850  -34.836  -23.487  66.216 0.8750000000
70940  -39.602  -22.972  61.257 0.8750000000
135590  -46.131  -23.896  66.169 0.5000000000
66071  -18.535  -27.326  68.503 0.7500000000
65139  -18.988  -28.775  67.807 0.7500000000
69885  -33.864  -23.446  64.432 0.8750000000
65151  -19.176  -28.141  67.378 0.7500000000
136429  -34.099  -24.239  62.144 0.8750000000
69905  -33.717  -23.670  63.534 0.8750000000
69918  -32.738  -23.577  62.419 0.8750000000
135441  -40.382  -21.660  58.310 0.8750000000
128304  -20.299  -27.478  66.114 0.7500000000
69917  -31.848  -23.249  62.182 0.7500000000
65178  -21.330  -27.992  64.961 0.7500000000
67097  -26.119  -27.063  65.825 0.7500000000
70950  -30.198  -23.025  60.504 0.7500000000
69933  -30.952  -23.281  60.830 0.7500000000
69967  -31.443  -23.213  59.376 0.7500000000
68953  -26.460  -24.862  65.314 0.7500000000
69881  -26.991  -23.584  64.284 0.7500000000
70935  -28.141  -22.451  61.332 0.7500000000
70970  -30.037  -22.930  59.614 0.7500000000
70949  -29.326  -22.710  60.249 0.7500000000
55299  -14.859  -38.715  91.785 0.8750000000
54326  -15.633  -38.745  91.686 0.8750000000
54330  -15.572  -39.467  91.521 0.8750000000
60014  -13.353  -33.276  82.504 0.8750000000
54337  -16.665  -39.274  90.629 1.0000000000
132038  -13.840  -31.869  81.046 0.8750000000
60975  -13.479  -32.059  80.268 0.8750000000
66913  -21.496  -25.290  80.971 0.7500000000
60987  -13.231  -31.878  79.362 0.8750000000
62914  -13.648  -30.544  80.326 0.8750000000
128780  -13.407  -30.103  78.984 0.8750000000
71755  -41.481  -21.510  75.228 1.0000000000
64016  -12.776  -29.402  77.227 0.8750000000
57356  -15.881  -36.368  88.461 1.0000000000
137202  -19.434  -26.714  80.335 0.8750000000
137463  -42.505  -22.263  74.056 1.0000000000
120988  -11.356  -28.459  76.313 0.8750000000
70787  -44.217  -23.206  72.286 1.0000000000
138007  -10.375  -28.235  75.224 0.8750000000
65070  -10.704  -28.699  74.658 0.8750000000
65988  -17.229  -27.171  77.152 0.8750000000
65978  -17.559  -27.093  78.134 0.8750000000
65079  -5.854  -29.254  74.475 0.8750000000
66943  -17.029  -26.391  76.701 0.8750000000
70816  -36.544  -22.620  70.743 0.8750000000
66002  -16.753  -26.920  74.391 0.8750000000
65995  -16.788  -27.134  75.266 0.8750000000
69807  -37.008  -23.227  70.038 0.8750000000
66011  -17.033  -27.377  73.772 0.8750000000
67000  -17.372  -26.475  71.528 0.8750000000
122212  -16.972  -26.107  72.397 0.8750000000
69836  -36.842  -23.806  68.172 0.8750000000
128635  -38.966  -23.696  64.669 0.8750000000
71865  -42.871  -22.181  62.559 0.8750000000
71858  -43.387  -22.096  63.212 1.0000000000
71849  -44.047  -21.914  64.844 1.0000000000
68021  -6.174  -25.791  67.405 0.2500000000
65105  -17.616  -27.470  71.543 0.8750000000
124434  -35.463  -24.083  66.160 0.8750000000
69868  -36.097  -24.359  65.589 0.8750000000
69869  -36.888  -24.387  65.703 0.8750000000
141098  -38.761  -23.488  62.943 0.8750000000
119111  -43.030  -21.792  61.849 0.8750000000
69860  -47.910  -22.557  66.491 0.8750000000
71836  -48.098  -21.679  66.472 0.8750000000
67044  -19.107  -26.149  68.133 0.7500000000
120948  -36.516  -24.158  63.997 0.8750000000
120879  -35.594  -24.208  63.984 0.8750000000
67076  -19.788  -26.954  66.805 0.7500000000
69908  -36.866  -23.927  63.179 0.8750000000
69921  -35.788  -23.980  61.998 0.8750000000
122019  -35.435  -24.232  62.967 0.8750000000
70939  -38.763  -23.241  61.082 0.8750000000
70999  -38.892  -22.444  58.762 0.7500000000
72772  -43.813  -20.709  59.475 1.0000000000
142623  -44.332  -20.447  59.378 1.0000000000
67077  -20.524  -26.610  66.488 0.7500000000
119970  -35.321  -24.039  61.185 0.8750000000
122751  -34.274  -24.249  61.234 0.7500000000
121637  -39.825  -21.485  57.277 0.7500000000
72786  -41.799  -21.110  58.132 0.8750000000
133270  -42.180  -20.613  57.531 0.7500000000
72788  -43.826  -20.165  58.099 1.0000000000
73628  -44.529  -19.735  58.054 1.0000000000
66127  -21.909  -27.502  65.108 0.8750000000
67096  -21.699  -26.968  65.804 0.7500000000
66109  -23.888  -27.604  66.201 0.6250000000
66110  -24.553  -27.597  66.390 0.7500000000
69936  -33.292  -24.038  60.826 0.7500000000
69935  -32.563  -23.718  61.496 0.7500000000
72812  -38.843  -20.559  56.061 0.7500000000
72799  -40.931  -20.742  56.654 0.7500000000
74482  -42.978  -19.009  56.012 0.7500000000
73658  -43.744  -19.243  56.663 0.7500000000
73666  -38.706  -19.419  55.888 0.6250000000
74492  -41.737  -18.238  55.480 0.7500000000
66130  -25.020  -27.876  65.483 0.7500000000
68964  -25.160  -24.140  65.091 0.7500000000
70991  -30.221  -22.517  58.354 0.7500000000
70992  -30.967  -22.584  58.260 0.7500000000
69984  -32.016  -23.096  58.826 0.7500000000
74481  -39.014  -17.913  56.088 0.6250000000
76395  -41.099  -16.833  55.797 0.7500000000
138797  -25.421  -23.751  64.506 0.6250000000
70904  -26.294  -22.773  62.884 0.7500000000
70946  -26.892  -21.986  60.983 0.7500000000
70967  -27.827  -22.104  59.885 0.7500000000
71903  -28.034  -21.895  59.020 0.7500000000
76386  -41.106  -16.127  56.201 0.6250000000
77350  -42.827  -15.647  55.893 0.7500000000
70933  -26.622  -22.174  61.693 0.7500000000
71934  -27.912  -20.919  57.926 0.6250000000
72785  -27.203  -20.542  58.236 0.6250000000
125532  -13.889  -32.818  83.212 0.8750000000
60935  -14.145  -32.091  83.083 0.8750000000
59134  -14.356  -34.878  85.897 1.0000000000
61870  -14.077  -31.703  82.466 0.8750000000
64009  -13.207  -29.492  78.639 0.8750000000
67877  -19.392  -25.555  79.297 0.7500000000
55335  -17.627  -37.471  88.990 1.0000000000
56311  -17.742  -37.118  90.010 1.0000000000
69784  -38.900  -23.159  71.093 0.8750000000
69810  -39.530  -23.897  69.411 0.8750000000
65045  -10.640  -28.131  76.910 0.8750000000
126022  -9.644  -27.941  75.563 0.8750000000
69799  -38.360  -23.349  70.398 0.8750000000
119973  -38.855  -24.039  69.021 0.8750000000
69826  -42.339  -23.241  68.306 0.8750000000
141866  -16.992  -25.738  76.243 0.7500000000
64040  -5.203  -29.110  74.464 1.0000000000
67923  -16.705  -25.544  74.565 0.8750000000
69808  -37.798  -23.484  69.814 0.8750000000
69821  -37.745  -24.092  68.329 0.8750000000
119752  -38.360  -24.318  67.544 0.8750000000
129811  -4.956  -28.636  74.120 1.0000000000
66038  -6.149  -27.389  71.118 0.7500000000
67958  -17.069  -25.171  72.374 0.8750000000
67970  -17.382  -25.438  71.542 0.8750000000
66955  -16.619  -26.162  74.081 0.8750000000
126849  -37.316  -24.382  66.225 0.8750000000
67983  -17.778  -25.144  70.853 0.8750000000
69889  -38.110  -23.861  64.459 0.8750000000
69870  -37.707  -24.218  65.427 0.8750000000
72741  -46.366  -20.570  62.595 1.0000000000
72732  -46.792  -20.654  63.474 1.0000000000
67993  -8.358  -25.831  68.522 0.2500000000
68007  -7.467  -25.429  67.747 0.2500000000
68919  -20.272  -24.450  69.535 0.7500000000
68918  -19.527  -24.516  69.647 0.8750000000
69909  -37.509  -23.654  62.944 0.8750000000
69924  -38.169  -23.519  62.578 0.8750000000
69876  -48.171  -22.554  65.640 0.8750000000
68027  -19.838  -25.793  67.751 0.7500000000
69922  -36.504  -23.644  61.861 0.8750000000
69956  -37.108  -23.458  60.718 0.8750000000
69939  -38.112  -23.459  61.754 0.8750000000
70951  -37.668  -23.206  60.053 0.8750000000
72774  -45.162  -20.291  60.028 1.0000000000
73593  -45.933  -19.936  60.245 1.0000000000
69895  -47.650  -23.122  65.081 0.7500000000
67078  -21.305  -26.474  66.423 0.7500000000
67061  -21.642  -26.104  67.232 0.7500000000
69937  -36.054  -23.662  61.296 0.8750000000
70972  -36.881  -23.364  59.886 0.8750000000
121621  -36.103  -23.502  59.671 0.7500000000
70971  -36.625  -23.168  59.085 0.7500000000
70998  -37.852  -22.516  58.438 0.7500000000
128747  -38.481  -23.074  60.221 0.8750000000
70997  -36.993  -22.753  58.480 0.7500000000
71020  -37.176  -22.304  57.781 0.6250000000
71923  -38.507  -22.093  57.821 0.7500000000
71946  -38.955  -21.672  57.126 0.7500000000
69914  -48.197  -22.640  63.869 0.8750000000
66088  -23.384  -27.262  66.778 0.7500000000
66090  -24.949  -27.250  67.756 0.6250000000
69969  -33.660  -23.525  59.148 0.7500000000
69953  -34.846  -23.860  59.897 0.7500000000
69998  -33.814  -22.971  57.850 0.7500000000
69954  -35.502  -23.772  60.300 0.7500000000
69952  -34.067  -23.988  60.090 0.7500000000
71959  -38.473  -21.173  56.510 0.7500000000
71945  -38.112  -21.714  57.073 0.7500000000
72810  -36.984  -20.514  56.398 0.7500000000
73653  -37.275  -19.663  56.312 0.7500000000
74479  -37.624  -18.874  56.365 0.6250000000
74468  -44.985  -18.898  56.809 0.8750000000
69847  -24.120  -24.150  66.163 0.6250000000
66091  -25.014  -27.358  66.631 0.6250000000
70994  -32.528  -22.894  58.197 0.7500000000
71015  -32.188  -22.332  57.688 0.7500000000
120366  -37.992  -17.024  57.755 0.5000000000
75432  -38.045  -18.135  56.548 0.6250000000
75434  -44.957  -17.587  55.903 0.7500000000
74486  -46.200  -18.159  56.742 1.0000000000
71937  -30.796  -21.548  57.561 0.7500000000
71013  -30.511  -22.161  57.842 0.7500000000
75409  -37.746  -16.937  58.774 0.5000000000
76378  -39.556  -16.306  57.399 0.6250000000
76400  -45.381  -16.165  55.565 0.7500000000
76399  -44.599  -15.916  55.557 0.7500000000
69879  -24.782  -23.476  64.674 0.6250000000
70903  -25.560  -22.621  63.265 0.6250000000
70919  -25.745  -22.217  62.582 0.7500000000
131933  -29.972  -21.163  57.522 0.7500000000
76373  -39.039  -16.311  58.324 0.5000000000
143666  -40.617  -15.692  57.397 0.6250000000
71901  -26.621  -21.140  59.736 0.6250000000
72784  -26.570  -20.138  58.612 0.6250000000
72793  -28.433  -20.515  57.636 0.7500000000
77301  -40.795  -15.696  60.001 0.3750000000
59990  -14.354  -33.087  85.856 1.0000000000
138604  -14.364  -33.885  85.630 1.0000000000
61856  -20.861  -31.764  84.043 1.0000000000
142539  -13.944  -31.178  84.016 1.0000000000
62895  -13.695  -30.636  83.491 1.0000000000
128878  -13.935  -30.857  82.624 1.0000000000
63982  -13.256  -29.538  81.441 1.0000000000
63981  -12.712  -28.934  80.916 1.0000000000
63999  -12.843  -28.891  79.021 0.8750000000
65007  -12.003  -28.648  80.409 0.8750000000
65028  -11.277  -28.468  79.004 0.8750000000
68824  -18.926  -24.597  77.974 0.7500000000
56312  -17.938  -36.837  89.294 1.0000000000
68841  -18.124  -24.714  77.166 0.7500000000
70817  -41.233  -23.335  71.024 1.0000000000
70805  -42.735  -23.137  71.909 1.0000000000
70820  -43.863  -22.956  70.564 1.0000000000
65044  -9.660  -27.965  77.346 0.8750000000
65994  -7.770  -27.713  75.704 0.8750000000
68875  -17.081  -24.451  73.593 0.7500000000
68865  -17.322  -24.334  74.526 0.7500000000
71833  -46.069  -21.542  66.701 1.0000000000
140293  -5.085  -28.049  73.598 1.0000000000
66009  -5.828  -27.354  73.413 1.0000000000
72719  -47.272  -20.986  65.395 1.0000000000
67011  -6.787  -26.863  71.141 0.5000000000
67012  -7.218  -26.530  70.363 0.5000000000
72726  -46.810  -20.944  64.471 1.0000000000
72721  -48.410  -20.830  65.497 1.0000000000
123878  -49.108  -20.917  64.929 1.0000000000
71844  -48.907  -21.344  65.220 0.8750000000
71853  -49.383  -20.998  64.486 0.8750000000
70899  -49.162  -21.479  64.454 1.0000000000
73569  -49.239  -20.139  63.580 1.0000000000
71859  -49.549  -21.110  63.753 1.0000000000
68920  -20.978  -24.780  69.017 0.7500000000
125326  -21.921  -25.583  68.958 0.7500000000
136167  -35.366  -20.872  56.587 0.6250000000
73614  -47.451  -19.333  59.937 1.0000000000
71860  -49.832  -20.817  62.941 1.0000000000
70931  -49.147  -21.746  62.819 0.8750000000
71868  -49.642  -21.230  62.974 0.8750000000
68014  -22.273  -26.198  68.140 0.7500000000
71944  -37.317  -21.764  57.125 0.6250000000
74478  -36.782  -19.012  56.636 0.7500000000
136525  -36.074  -20.689  56.489 0.6250000000
74477  -35.986  -19.116  56.941 0.7500000000
71957  -36.711  -21.309  56.654 0.7500000000
73615  -48.405  -19.213  60.238 1.0000000000
71869  -50.166  -20.843  62.395 1.0000000000
70930  -48.534  -22.213  62.561 0.7500000000
70944  -49.155  -21.864  61.560 0.6250000000
67063  -23.809  -27.331  67.730 0.7500000000
71021  -37.790  -22.080  57.646 0.7500000000
75418  -36.812  -17.791  57.551 0.5000000000
74449  -46.795  -18.802  58.270 1.0000000000
74470  -46.507  -18.516  57.469 1.0000000000
73631  -47.112  -19.091  59.093 1.0000000000
74450  -47.664  -18.617  58.555 1.0000000000
75423  -47.764  -17.751  57.242 1.0000000000
70943  -48.485  -22.219  61.814 0.6250000000
70959  -49.896  -21.709  60.178 0.8750000000
68029  -25.202  -26.809  67.630 0.6250000000
71940  -33.583  -21.886  57.195 0.6250000000
75408  -37.241  -17.260  58.032 0.5000000000
75436  -47.317  -17.289  56.602 0.8750000000
128231  -47.778  -22.532  61.358 0.5000000000
71909  -50.599  -21.490  60.130 0.8750000000
71003  -49.408  -22.246  58.686 0.8750000000
69846  -23.604  -23.561  66.565 0.5000000000
128733  -24.502  -22.006  64.194 0.5000000000
129017  -33.247  -21.047  57.193 0.6250000000
72796  -32.251  -20.837  57.368 0.6250000000
71938  -31.761  -21.666  57.477 0.7500000000
76361  -38.553  -16.573  59.090 0.5000000000
77352  -46.519  -15.593  55.660 0.7500000000
132792  -31.478  -20.241  57.504 0.6250000000
132783  -30.603  -20.580  57.486 0.7500000000
76343  -39.487  -16.363  60.346 0.3750000000
130633  -44.826  -14.429  56.270 0.7500000000
78253  -45.994  -14.915  55.671 0.7500000000
129470  -49.831  -22.308  57.850 0.8750000000
125360  -49.200  -22.434  57.841 0.8750000000
72737  -24.890  -20.207  62.573 0.5000000000
131369  -28.174  -18.791  57.950 0.6250000000
73638  -29.999  -19.850  57.571 0.7500000000
77286  -40.880  -15.752  61.008 0.3750000000
78213  -42.561  -14.569  59.400 0.6250000000
78223  -43.128  -14.142  58.808 0.7500000000
71027  -51.102  -21.779  57.351 0.8750000000
73609  -25.322  -19.059  59.409 0.6250000000
74438  -26.193  -18.520  58.557 0.6250000000
77303  -42.137  -15.047  60.844 0.5000000000
78204  -42.696  -14.627  60.300 0.6250000000
78205  -43.418  -14.292  60.631 0.6250000000
79084  -43.994  -13.828  60.070 0.7500000000
122121  -50.075  -22.164  55.793 0.5000000000
72817  -51.691  -20.649  56.065 1.0000000000
71042  -50.635  -21.774  55.887 0.6250000000
71962  -51.618  -21.216  56.461 0.8750000000
72818  -52.428  -20.258  56.497 1.0000000000
72828  -51.976  -19.858  55.829 1.0000000000
73673  -52.792  -18.801  56.124 1.0000000000
74473  -53.839  -18.550  57.316 1.0000000000
74474  -54.544  -18.155  57.913 1.0000000000
74487  -53.329  -18.213  56.405 0.8750000000
73671  -51.582  -19.496  55.203 0.8750000000
74495  -52.663  -18.237  55.663 0.8750000000
76391  -54.580  -15.989  56.502 0.8750000000
75449  -53.137  -16.931  55.596 0.8750000000
73682  -51.255  -19.089  54.666 0.7500000000
72835  -50.264  -19.974  54.380 0.5000000000
74505  -52.108  -18.239  55.077 0.7500000000
124760  -51.940  -17.617  54.657 0.6250000000
78263  -54.174  -14.275  54.779 0.5000000000
124978  -20.904  -29.398  84.026 1.0000000000
143140  -14.408  -33.430  86.195 1.0000000000
62882  -13.264  -30.640  85.585 1.0000000000
59140  -19.857  -33.484  85.279 1.0000000000
63975  -13.127  -29.523  82.323 1.0000000000
63967  -13.118  -29.880  83.675 1.0000000000
134589  -11.254  -29.506  83.606 1.0000000000
63973  -11.641  -29.034  82.133 1.0000000000
69738  -19.871  -22.652  76.063 0.7500000000
134156  -16.495  -34.930  88.156 1.0000000000
68842  -18.473  -24.029  76.559 0.7500000000
70804  -41.754  -23.148  71.651 1.0000000000
65027  -10.352  -28.338  78.618 1.0000000000
57354  -17.803  -36.379  88.954 1.0000000000
69737  -18.813  -23.177  75.387 0.7500000000
70819  -43.007  -23.156  70.452 1.0000000000
65986  -8.794  -27.729  76.916 0.8750000000
70831  -43.637  -22.852  69.650 1.0000000000
65968  -8.580  -27.832  78.700 1.0000000000
65976  -7.904  -27.501  77.449 1.0000000000
65985  -7.867  -27.559  76.499 0.8750000000
70856  -44.665  -22.266  67.695 1.0000000000
71823  -45.579  -22.018  68.038 0.8750000000
65951  -8.066  -27.400  79.563 1.0000000000
65984  -6.908  -27.408  76.766 0.8750000000
139928  -7.073  -27.569  76.094 0.8750000000
65992  -5.817  -27.569  75.638 0.8750000000
65974  -6.507  -27.139  77.153 0.8750000000
66001  -5.452  -27.782  74.844 1.0000000000
66933  -6.366  -26.620  77.415 1.0000000000
66941  -6.008  -26.873  76.846 1.0000000000
65982  -5.569  -27.245  75.939 1.0000000000
65991  -5.607  -27.454  75.408 1.0000000000
66954  -6.015  -26.486  74.452 1.0000000000
66997  -6.799  -26.987  72.125 0.7500000000
66981  -6.817  -26.798  72.844 1.0000000000
129002  -47.446  -20.476  64.078 1.0000000000
72727  -48.194  -20.225  64.119 1.0000000000
143556  -48.680  -20.239  64.254 1.0000000000
66947  -5.413  -26.857  75.714 1.0000000000
67898  -5.641  -25.870  76.450 1.0000000000
66953  -5.531  -27.047  75.049 1.0000000000
67919  -5.640  -26.144  75.262 0.8750000000
66965  -6.397  -26.684  73.675 1.0000000000
66982  -7.538  -26.472  72.772 0.6250000000
73573  -48.020  -19.945  62.870 1.0000000000
124115  -49.410  -19.914  63.075 1.0000000000
73575  -50.066  -19.844  62.485 1.0000000000
67891  -5.981  -25.400  77.019 0.8750000000
67954  -7.764  -26.134  73.291 0.8750000000
133829  -9.276  -26.236  71.729 0.5000000000
67018  -23.704  -27.261  70.538 0.7500000000
74410  -49.157  -19.162  60.559 1.0000000000
73574  -49.326  -19.659  62.471 1.0000000000
73597  -49.548  -19.310  61.190 1.0000000000
67033  -23.771  -27.430  69.564 0.7500000000
73650  -34.749  -19.778  56.998 0.6250000000
73643  -35.254  -19.199  57.226 0.6250000000
74465  -35.669  -18.624  57.560 0.5000000000
74447  -36.055  -17.977  57.881 0.5000000000
74451  -48.602  -18.544  58.803 1.0000000000
74452  -49.551  -18.485  58.993 1.0000000000
74411  -49.863  -19.045  60.536 1.0000000000
67047  -25.197  -27.293  68.654 0.6250000000
123024  -34.959  -18.773  57.830 0.5000000000
74445  -34.568  -18.316  58.396 0.6250000000
73642  -33.887  -19.472  57.504 0.6250000000
75388  -35.634  -17.633  59.498 0.3750000000
137150  -35.332  -18.180  58.200 0.5000000000
122798  -36.994  -17.243  58.786 0.5000000000
75437  -48.126  -17.062  56.764 1.0000000000
71879  -51.335  -20.664  61.485 1.0000000000
135483  -33.440  -19.838  57.443 0.6250000000
72797  -33.006  -20.212  57.410 0.6250000000
74463  -33.399  -18.934  58.002 0.6250000000
75368  -36.311  -17.510  60.071 0.3750000000
121453  -37.766  -17.517  61.929 0.3750000000
136794  -38.258  -16.954  60.469 0.5000000000
136274  -38.055  -17.230  61.132 0.3750000000
76388  -47.543  -16.417  56.234 0.8750000000
77353  -47.255  -15.598  55.857 0.8750000000
71892  -51.676  -20.846  60.889 1.0000000000
71910  -51.552  -21.254  60.080 1.0000000000
69831  -23.576  -23.690  67.418 0.5000000000
73641  -32.982  -19.464  57.720 0.6250000000
137373  -31.549  -19.554  57.734 0.6250000000
135992  -32.089  -19.048  58.107 0.6250000000
74444  -31.977  -18.404  58.676 0.6250000000
75405  -32.313  -17.990  59.189 0.6250000000
75356  -38.541  -17.165  61.763 0.3750000000
122937  -46.912  -13.536  56.556 0.7500000000
71846  -23.997  -21.240  65.032 0.5000000000
74462  -31.075  -19.060  57.991 0.6250000000
74461  -30.255  -19.166  57.875 0.6250000000
75403  -30.525  -18.029  58.868 0.6250000000
75404  -31.402  -17.980  59.092 0.6250000000
79113  -44.612  -13.472  57.801 0.7500000000
135627  -45.562  -13.368  57.048 0.7500000000
71929  -52.465  -21.214  58.592 1.0000000000
73579  -24.652  -19.213  61.611 0.5000000000
124509  -28.148  -18.183  58.274 0.6250000000
74440  -28.926  -18.588  58.101 0.6250000000
74441  -29.731  -18.721  58.121 0.7500000000
76333  -40.967  -15.858  61.917 0.3750000000
79094  -44.631  -13.527  59.464 0.7500000000
71950  -52.398  -21.142  57.613 1.0000000000
72803  -53.373  -20.083  57.900 1.0000000000
77288  -42.267  -15.165  61.719 0.3750000000
77289  -42.972  -14.825  62.055 0.5000000000
78180  -43.743  -14.564  62.364 0.6250000000
78197  -44.349  -14.129  61.833 0.6250000000
77262  -43.428  -15.298  63.727 0.3750000000
141848  -44.221  -15.023  64.003 0.5000000000
63969  -20.280  -29.719  83.875 1.0000000000
64986  -18.383  -29.100  84.549 1.0000000000
62898  -20.204  -30.373  83.627 1.0000000000
142487  -18.908  -30.726  83.633 1.0000000000
60917  -13.548  -32.550  87.261 1.0000000000
60927  -19.395  -32.877  85.535 1.0000000000
62881  -12.497  -30.050  86.072 1.0000000000
62887  -10.827  -29.758  85.047 1.0000000000
63955  -12.611  -29.694  84.453 1.0000000000
63954  -11.587  -29.540  84.338 1.0000000000
63964  -10.479  -29.600  83.223 1.0000000000
119663  -10.139  -28.869  81.149 1.0000000000
59978  -16.881  -34.384  87.666 1.0000000000
57369  -17.710  -35.857  87.484 1.0000000000
65004  -8.961  -28.423  81.376 1.0000000000
139533  -8.969  -28.676  82.341 1.0000000000
63971  -9.250  -29.083  82.551 1.0000000000
65005  -10.149  -28.639  80.426 1.0000000000
70757  -19.297  -21.944  73.013 0.7500000000
121243  -8.696  -27.995  80.750 1.0000000000
65016  -9.348  -28.382  80.087 1.0000000000
123496  -9.390  -28.234  79.164 1.0000000000
66904  -9.170  -26.467  81.349 1.0000000000
66903  -8.774  -27.368  81.001 1.0000000000
133411  -8.403  -27.471  80.218 1.0000000000
69779  -21.537  -23.584  71.489 0.7500000000
67001  -23.311  -26.658  71.184 0.7500000000
67937  -7.600  -25.851  73.806 0.8750000000
67939  -8.763  -25.416  73.390 0.7500000000
66043  -25.146  -27.890  70.176 0.7500000000
73598  -50.460  -19.357  61.258 1.0000000000
125509  -25.048  -25.924  69.269 0.7500000000
75328  -37.363  -16.974  64.747 0.3750000000
142642  -38.267  -17.096  64.803 0.3750000000
120902  -37.336  -16.699  65.546 0.3750000000
76275  -37.593  -16.610  66.410 0.3750000000
75425  -49.504  -17.496  57.594 1.0000000000
75411  -50.001  -18.041  58.355 1.0000000000
74401  -51.852  -19.619  61.235 1.0000000000
74412  -51.279  -19.361  60.967 1.0000000000
72744  -51.636  -20.137  61.735 1.0000000000
70838  -23.365  -22.829  68.015 0.5000000000
75367  -34.686  -17.328  60.493 0.3750000000
74426  -34.206  -17.947  59.091 0.6250000000
74427  -35.037  -17.865  58.915 0.5000000000
128135  -35.507  -17.507  60.366 0.3750000000
75344  -36.362  -17.680  62.653 0.3750000000
75354  -36.857  -17.718  62.093 0.3750000000
120202  -35.908  -17.644  62.016 0.3750000000
75345  -37.550  -17.628  62.770 0.3750000000
139462  -36.907  -17.729  62.898 0.3750000000
75329  -38.637  -17.157  64.518 0.3750000000
77341  -47.920  -15.679  56.141 1.0000000000
128303  -52.618  -19.126  60.881 1.0000000000
139341  -52.307  -20.063  61.153 1.0000000000
121905  -33.858  -17.463  59.881 0.6250000000
123758  -32.755  -17.502  59.836 0.6250000000
77342  -48.624  -15.230  56.321 1.0000000000
72717  -23.911  -20.737  65.621 0.5000000000
76316  -39.691  -16.628  62.036 0.3750000000
139333  -38.812  -17.142  63.068 0.3750000000
75338  -39.807  -16.881  63.986 0.3750000000
79115  -46.365  -12.929  57.196 0.8750000000
79123  -47.796  -13.497  56.512 0.8750000000
71894  -53.046  -20.548  60.174 1.0000000000
72762  -54.230  -19.566  60.386 1.0000000000
72752  -54.051  -19.355  60.812 1.0000000000
75402  -29.595  -18.105  58.571 0.6250000000
79095  -45.441  -13.229  59.805 0.7500000000
80026  -46.064  -12.659  58.144 0.7500000000
79995  -46.176  -12.682  59.371 0.7500000000
75364  -24.370  -17.011  60.343 0.5000000000
75401  -28.184  -17.494  58.602 0.6250000000
77260  -41.814  -15.731  63.171 0.3750000000
140933  -45.455  -13.600  61.833 0.6250000000
79096  -46.041  -12.890  60.215 0.7500000000
131388  -46.565  -12.483  60.218 0.8750000000
79087  -46.443  -12.772  60.986 0.7500000000
73633  -54.770  -19.003  59.293 1.0000000000
75382  -25.309  -17.416  59.225 0.6250000000
134353  -28.486  -16.262  59.639 0.6250000000
77250  -42.835  -15.705  64.362 0.3750000000
78169  -44.769  -14.544  63.464 0.6250000000
78182  -45.341  -14.085  62.919 0.8750000000
75396  -55.952  -17.080  59.918 0.6250000000
142950  -44.519  -15.272  64.808 0.3750000000
77238  -43.986  -15.642  65.412 0.3750000000
77239  -44.835  -15.492  65.652 0.6250000000
80051  -57.898  -12.293  55.829 0.7500000000
80950  -58.179  -11.337  55.635 0.6250000000
80063  -56.634  -12.074  54.120 0.6250000000
80958  -58.290  -11.051  55.035 0.6250000000
80975  -57.706  -10.687  53.641 0.7500000000
64979  -18.967  -28.580  85.631 0.8750000000
67832  -20.139  -25.982  86.044 0.6250000000
66869  -19.566  -26.776  86.392 0.7500000000
63946  -16.230  -29.367  84.546 1.0000000000
61854  -18.327  -31.497  84.209 1.0000000000
119754  -19.403  -24.811  84.059 0.6250000000
61851  -17.700  -32.015  84.916 1.0000000000
71727  -20.016  -20.809  75.224 0.6250000000
60922  -18.864  -33.255  86.023 1.0000000000
74352  -21.590  -18.645  73.406 0.6250000000
123007  -20.473  -19.355  73.976 0.6250000000
73521  -23.793  -19.005  73.084 0.6250000000
62873  -10.555  -30.563  86.748 1.0000000000
58259  -17.855  -35.059  86.936 1.0000000000
139481  -20.130  -20.621  74.713 0.6250000000
128836  -20.478  -19.991  73.212 0.6250000000
73534  -23.964  -20.078  72.811 0.6250000000
62878  -9.099  -30.525  85.550 1.0000000000
72673  -20.118  -20.732  73.454 0.6250000000
72681  -21.677  -20.139  72.268 0.6250000000
62885  -9.258  -30.006  84.599 1.0000000000
120609  -9.747  -29.455  82.830 1.0000000000
140535  -14.951  -33.182  88.432 1.0000000000
59983  -17.152  -34.125  87.158 1.0000000000
72680  -20.856  -20.435  72.502 0.6250000000
71744  -25.099  -22.207  74.149 0.6250000000
122157  -9.236  -29.373  83.333 1.0000000000
64988  -8.759  -28.975  83.778 1.0000000000
72691  -22.041  -20.938  71.757 0.6250000000
65942  -9.031  -28.118  82.815 1.0000000000
70775  -22.636  -22.327  71.967 0.6250000000
70758  -23.839  -23.023  73.154 0.6250000000
125061  -20.911  -22.910  71.411 0.7500000000
69759  -23.531  -24.029  73.006 0.6250000000
67960  -23.754  -26.146  72.572 0.8750000000
134127  -25.024  -26.503  73.492 0.6250000000
123032  -37.253  -15.505  71.227 0.3750000000
66985  -25.165  -27.260  72.359 0.6250000000
76246  -38.077  -16.681  70.194 0.3750000000
77215  -36.636  -15.721  67.826 0.3750000000
68873  -9.161  -24.606  73.757 0.7500000000
68883  -10.250  -24.440  72.839 0.5000000000
67987  -25.548  -26.293  70.463 0.7500000000
69794  -24.909  -24.256  70.291 0.7500000000
124207  -36.577  -16.696  64.809 0.3750000000
76267  -38.153  -16.779  67.001 0.3750000000
134269  -38.694  -17.142  67.705 0.3750000000
74431  -51.068  -18.553  59.745 1.0000000000
68852  -6.893  -23.882  75.132 0.8750000000
139108  -6.356  -23.720  75.645 0.8750000000
68874  -9.711  -24.300  73.455 0.7500000000
68921  -23.945  -23.877  69.023 0.6250000000
76292  -35.562  -16.583  64.457 0.3750000000
76302  -35.615  -17.092  63.641 0.3750000000
75321  -38.601  -17.113  65.305 0.3750000000
130127  -39.343  -17.422  67.574 0.3750000000
119160  -39.037  -17.267  66.064 0.3750000000
75412  -51.011  -17.944  58.686 1.0000000000
71818  -23.306  -21.889  67.637 0.5000000000
71801  -23.482  -21.989  68.650 0.5000000000
72712  -24.174  -20.173  66.826 0.5000000000
75353  -35.324  -17.432  61.235 0.3750000000
75343  -35.700  -17.400  62.833 0.3750000000
75330  -39.331  -17.109  64.508 0.3750000000
76383  -51.718  -16.706  57.995 1.0000000000
74414  -52.968  -18.741  60.714 1.0000000000
125329  -53.262  -19.019  61.001 1.0000000000
76314  -34.331  -16.582  62.668 0.5000000000
76329  -34.080  -16.644  61.867 0.5000000000
120640  -34.005  -17.040  60.593 0.6250000000
75323  -40.080  -17.296  65.722 0.3750000000
76293  -40.564  -16.685  64.311 0.3750000000
79124  -48.674  -13.507  56.598 0.8750000000
76382  -50.906  -16.484  57.504 0.8750000000
73588  -54.192  -18.953  60.929 1.0000000000
73566  -24.702  -19.269  63.922 0.5000000000
124524  -24.492  -19.604  64.672 0.5000000000
80044  -48.247  -12.808  57.003 0.8750000000
142385  -48.675  -12.409  57.505 0.8750000000
80045  -49.053  -12.872  57.066 0.8750000000
75360  -55.283  -17.639  60.616 0.8750000000
123851  -24.202  -17.541  61.037 0.5000000000
124725  -47.503  -11.985  58.465 0.8750000000
80009  -47.640  -11.701  59.290 0.8750000000
76354  -25.177  -16.107  59.789 0.6250000000
76294  -41.346  -16.482  64.666 0.3750000000
79064  -46.731  -13.154  62.830 0.6250000000
76287  -42.776  -16.385  65.903 0.3750000000
83664  -50.901  -8.132  61.142 0.3750000000
76288  -43.553  -16.087  66.014 0.5000000000
77240  -45.699  -15.271  66.006 0.6250000000
83688  -51.213  -8.482  59.623 0.3750000000
83678  -50.525  -8.284  60.118 0.3750000000
123021  -56.188  -16.614  59.936 0.6250000000
78218  -56.557  -14.367  59.598 0.3750000000
80035  -57.309  -12.739  57.440 0.6250000000
80937  -57.846  -11.660  56.258 0.7500000000
81858  -57.844  -11.006  55.882 0.6250000000
81867  -48.279  -10.346  55.439 0.3750000000
81890  -51.542  -10.658  54.461 0.3750000000
142630  -49.158  -10.400  54.507 0.3750000000
82810  -58.034  -9.588  54.420 0.7500000000
127445  -57.141  -10.480  53.033 0.7500000000
82794  -45.960  -9.509  54.984 0.2500000000
82841  -49.425  -9.174  52.886 0.3750000000
81919  -56.484  -10.326  52.461 0.6250000000
64951  -16.106  -27.378  87.274 0.8750000000
127053  -17.028  -26.784  87.528 0.8750000000
64959  -15.299  -28.049  87.166 0.8750000000
64958  -14.636  -28.452  87.750 0.8750000000
120270  -14.293  -29.322  88.027 0.8750000000
63932  -14.790  -28.847  87.156 0.8750000000
64967  -15.374  -28.349  86.497 0.8750000000
67840  -19.283  -25.452  85.913 0.6250000000
60908  -10.549  -32.024  88.530 1.0000000000
134187  -13.517  -27.801  88.242 0.8750000000
62883  -15.233  -30.462  85.962 0.8750000000
62884  -15.929  -30.332  84.931 1.0000000000
68790  -17.433  -24.969  82.465 0.6250000000
141220  -9.748  -32.139  88.421 1.0000000000
60896  -10.467  -32.208  89.789 1.0000000000
60902  -10.017  -32.195  88.984 1.0000000000
63926  -13.606  -29.416  89.007 0.8750000000
62869  -14.284  -30.295  87.545 0.8750000000
61849  -15.889  -31.341  85.537 1.0000000000
60920  -17.207  -33.229  86.396 1.0000000000
69693  -16.661  -24.043  80.093 0.6250000000
60891  -10.566  -32.033  90.175 0.8750000000
61836  -14.058  -31.165  88.088 0.8750000000
60912  -14.604  -32.078  88.050 1.0000000000
61846  -15.963  -32.222  86.140 1.0000000000
60924  -16.706  -32.690  86.095 1.0000000000
62872  -9.346  -30.980  86.474 1.0000000000
121544  -8.721  -31.201  86.555 1.0000000000
62877  -8.871  -30.060  85.030 1.0000000000
65935  -9.071  -27.658  84.948 1.0000000000
67910  -26.742  -25.860  75.451 0.6250000000
66957  -26.998  -26.361  74.798 0.6250000000
70761  -27.543  -22.553  74.067 0.6250000000
66971  -26.723  -26.466  74.035 0.6250000000
68899  -26.307  -25.000  72.198 0.6250000000
125027  -36.658  -15.271  70.140 0.3750000000
75290  -39.100  -17.981  70.766 0.3750000000
70670  -8.988  -22.947  80.929 0.8750000000
122541  -35.929  -15.287  67.994 0.3750000000
70812  -24.762  -22.387  70.490 0.7500000000
69795  -25.241  -23.340  70.910 0.6250000000
71802  -23.949  -21.758  69.344 0.6250000000
73552  -24.781  -19.840  68.212 0.3750000000
77249  -34.979  -16.104  65.107 0.3750000000
75308  -39.833  -17.641  68.233 0.3750000000
75300  -40.401  -17.955  68.873 0.3750000000
130840  -6.632  -22.946  75.612 0.8750000000
70726  -6.775  -22.046  75.478 0.8750000000
77259  -34.114  -16.169  64.001 0.5000000000
74433  -52.999  -18.261  60.110 1.0000000000
74415  -53.888  -18.539  60.807 1.0000000000
74403  -54.037  -18.767  60.920 1.0000000000
75395  -53.966  -17.310  60.076 0.8750000000
73561  -24.742  -19.243  65.467 0.5000000000
75326  -25.163  -17.165  64.325 0.3750000000
76301  -34.434  -16.499  63.353 0.5000000000
77269  -33.225  -15.716  62.907 0.5000000000
76300  -33.859  -16.130  63.168 0.5000000000
76286  -41.430  -16.738  65.581 0.3750000000
78234  -51.451  -14.791  57.576 1.0000000000
79117  -51.439  -13.737  57.844 0.8750000000
80030  -49.990  -12.439  57.950 0.8750000000
78233  -50.709  -14.203  57.250 0.8750000000
137732  -49.854  -13.010  57.338 0.8750000000
132031  -50.976  -15.543  57.355 0.8750000000
76365  -54.664  -16.734  60.385 0.8750000000
76310  -23.919  -16.089  62.546 0.5000000000
77285  -32.255  -15.357  62.047 0.6250000000
76312  -33.029  -15.671  62.161 0.6250000000
80010  -48.180  -11.702  58.611 0.8750000000
80921  -49.691  -11.784  58.422 0.8750000000
76334  -55.101  -17.196  60.695 0.8750000000
79971  -47.618  -11.588  61.495 0.7500000000
79045  -47.466  -12.686  63.394 0.6250000000
81811  -50.217  -9.783  60.547 0.6250000000
81812  -51.226  -9.318  60.494 0.5000000000
81825  -51.825  -9.906  60.051 0.3750000000
80900  -53.105  -10.795  60.045 0.5000000000
76279  -43.939  -16.267  66.714 0.5000000000
77230  -46.862  -15.062  67.501 0.5000000000
78209  -55.949  -14.753  60.252 0.6250000000
77218  -45.534  -15.872  67.585 0.3750000000
77219  -46.329  -15.565  67.986 0.3750000000
79892  -48.887  -11.750  66.005 0.5000000000
82748  -52.401  -9.092  59.956 0.3750000000
141577  -13.356  -19.140  67.868 0.1250000000
79999  -56.034  -13.261  59.286 0.3750000000
80000  -56.649  -13.311  58.648 0.5000000000
82777  -51.727  -9.431  58.648 0.3750000000
80932  -52.574  -10.832  57.318 0.3750000000
80936  -57.263  -11.713  56.549 0.5000000000
80948  -55.719  -11.160  55.643 0.3750000000
81876  -57.990  -10.454  55.325 0.6250000000
139656  -53.371  -10.320  54.185 0.3750000000
82806  -53.478  -9.645  53.698 0.5000000000
82822  -52.078  -9.459  53.244 0.3750000000
125592  -53.445  -8.398  53.033 0.5000000000
82859  -57.629  -9.021  52.258 0.6250000000
83756  -57.901  -8.335  52.930 0.7500000000
83731  -47.416  -8.413  53.517 0.2500000000
85502  -47.520  -6.758  54.297 0.2500000000
66860  -17.933  -26.134  88.209 0.7500000000
126391  -16.469  -26.612  87.549 0.8750000000
66864  -15.914  -26.469  87.520 0.8750000000
66865  -16.895  -26.128  87.786 0.7500000000
68750  -18.122  -25.089  87.201 0.6250000000
68742  -17.503  -25.153  87.367 0.6250000000
121870  -18.748  -25.264  85.877 0.6250000000
67827  -15.839  -25.265  87.205 0.7500000000
68765  -17.455  -24.857  85.548 0.6250000000
68773  -17.432  -24.941  84.610 0.6250000000
60906  -8.512  -32.134  87.989 1.0000000000
60901  -9.568  -32.145  89.213 1.0000000000
61825  -9.246  -31.870  89.300 1.0000000000
131281  -10.463  -31.592  90.357 1.0000000000
62857  -9.892  -31.657  90.040 1.0000000000
68740  -16.417  -24.088  87.615 0.7500000000
69661  -17.079  -22.952  87.506 0.6250000000
68764  -16.749  -24.488  85.270 0.6250000000
68782  -16.445  -24.760  83.197 0.6250000000
68797  -16.112  -24.404  81.313 0.6250000000
61840  -9.023  -31.653  86.946 1.0000000000
140097  -8.314  -32.033  87.526 1.0000000000
142972  -8.179  -31.621  88.084 1.0000000000
62858  -10.931  -31.313  90.536 1.0000000000
62860  -12.146  -31.000  90.393 0.8750000000
61830  -13.268  -31.534  89.426 1.0000000000
70656  -16.615  -22.501  87.157 0.6250000000
69674  -15.800  -22.974  85.456 0.6250000000
69679  -16.031  -23.968  84.887 0.6250000000
69683  -15.240  -23.524  83.298 0.6250000000
68781  -15.672  -24.245  82.787 0.6250000000
70672  -14.848  -22.987  81.738 0.6250000000
140272  -15.393  -23.719  81.402 0.6250000000
70677  -15.222  -22.852  79.749 0.6250000000
70684  -15.516  -22.504  78.925 0.6250000000
71695  -16.016  -21.920  78.087 0.6250000000
62871  -8.615  -30.541  86.117 1.0000000000
61839  -8.339  -31.755  87.141 1.0000000000
70657  -16.094  -22.267  86.264 0.6250000000
69678  -15.438  -23.327  84.349 0.6250000000
71678  -14.364  -21.203  81.938 0.5000000000
70675  -15.110  -23.113  80.710 0.6250000000
130800  -14.584  -21.109  80.375 0.5000000000
71693  -14.746  -20.916  79.127 0.5000000000
72641  -14.886  -20.240  77.826 0.5000000000
71701  -15.369  -21.094  77.954 0.5000000000
73499  -16.254  -19.335  76.365 0.5000000000
75217  -23.933  -17.987  76.090 0.5000000000
129619  -26.296  -19.572  76.545 0.5000000000
72651  -27.081  -21.162  76.934 0.5000000000
63937  -8.206  -29.792  86.393 1.0000000000
74314  -15.892  -18.540  76.541 0.5000000000
75214  -19.921  -17.508  76.348 0.5000000000
75200  -19.180  -17.296  77.307 0.5000000000
74319  -25.527  -18.955  76.465 0.5000000000
73472  -14.373  -19.557  79.413 0.5000000000
72619  -14.287  -20.458  81.617 0.5000000000
73463  -14.310  -19.666  80.387 0.5000000000
73481  -14.582  -19.311  78.336 0.5000000000
126763  -27.287  -20.026  78.474 0.3750000000
74304  -25.063  -18.417  77.771 0.5000000000
69715  -28.568  -22.948  78.358 0.5000000000
70690  -28.698  -22.569  78.787 0.3750000000
125602  -27.874  -23.063  74.834 0.6250000000
72675  -28.531  -19.927  74.006 0.2500000000
129758  -26.087  -18.512  79.136 0.3750000000
67851  -7.641  -25.201  85.137 1.0000000000
72638  -29.604  -21.151  78.563 0.3750000000
72662  -28.803  -20.759  75.625 0.2500000000
71683  -29.058  -21.590  80.242 0.3750000000
71779  -27.221  -21.331  72.986 0.5000000000
71789  -26.328  -21.495  71.998 0.5000000000
72692  -26.572  -20.500  71.668 0.5000000000
69781  -26.322  -23.770  72.374 0.6250000000
72699  -26.118  -20.136  70.950 0.5000000000
70665  -8.303  -22.661  82.227 1.0000000000
70813  -25.333  -22.214  71.170 0.6250000000
71797  -25.047  -21.494  70.640 0.5000000000
73556  -25.411  -19.074  67.877 0.3750000000
70736  -7.855  -22.587  74.760 0.8750000000
70771  -11.014  -22.601  72.621 0.3750000000
132769  -53.332  -16.134  59.032 0.8750000000
139717  -6.586  -21.399  75.092 0.8750000000
121967  -7.932  -21.870  74.505 0.8750000000
77257  -32.696  -15.380  63.390 0.5000000000
78224  -52.113  -14.281  58.037 0.7500000000
78225  -52.838  -14.301  58.532 0.8750000000
77318  -53.840  -15.451  59.372 0.8750000000
76299  -24.722  -16.724  63.851 0.3750000000
77267  -31.606  -15.021  62.295 0.6250000000
128509  -48.138  -11.026  61.358 0.6250000000
80896  -48.995  -10.791  59.647 0.6250000000
80011  -50.612  -12.212  58.449 0.8750000000
80032  -51.708  -13.069  58.381 0.7500000000
122439  -51.504  -12.394  58.676 0.7500000000
120116  -52.279  -12.716  58.816 0.7500000000
79108  -53.197  -13.297  59.026 0.7500000000
127937  -54.279  -14.705  59.633 0.7500000000
76345  -54.852  -16.516  60.720 0.8750000000
81822  -49.466  -10.382  60.324 0.6250000000
125409  -50.449  -10.657  59.416 0.7500000000
80898  -51.189  -10.694  59.454 0.6250000000
79996  -52.966  -11.574  59.645 0.6250000000
78216  -54.634  -14.024  59.816 0.7500000000
77304  -54.947  -15.725  60.461 0.7500000000
129992  -55.203  -15.782  60.505 0.6250000000
78190  -25.588  -14.247  61.056 0.5000000000
79028  -48.048  -13.248  65.208 0.5000000000
79932  -48.211  -12.211  64.036 0.5000000000
79933  -48.652  -11.337  63.541 0.6250000000
128075  -48.889  -10.585  62.612 0.7500000000
81797  -49.323  -9.976  61.889 0.6250000000
123550  -52.580  -11.042  59.810 0.5000000000
79099  -54.587  -13.154  59.737 0.5000000000
124480  -53.974  -12.260  59.596 0.5000000000
79097  -53.460  -12.274  59.466 0.6250000000
79088  -54.966  -13.060  59.948 0.5000000000
78208  -55.524  -14.378  60.242 0.6250000000
72700  -11.974  -20.063  69.867 0.2500000000
76260  -45.758  -16.096  69.098 0.3750000000
76249  -45.538  -16.151  69.703 0.3750000000
138701  -49.370  -9.986  62.710 0.6250000000
80887  -53.464  -11.030  59.980 0.5000000000
79985  -54.422  -12.376  59.555 0.3750000000
79986  -54.986  -12.917  59.818 0.3750000000
78089  -46.234  -14.822  68.947 0.5000000000
78103  -46.564  -14.508  68.538 0.5000000000
78980  -47.431  -13.866  67.802 0.5000000000
78990  -47.815  -13.522  67.338 0.5000000000
81815  -53.407  -10.352  60.069 0.3750000000
81827  -53.369  -9.889  59.845 0.3750000000
81828  -53.657  -10.519  59.615 0.3750000000
78988  -45.851  -14.015  67.954 0.5000000000
140596  -46.212  -13.565  67.492 0.3750000000
81835  -53.466  -10.001  59.642 0.3750000000
80912  -54.047  -11.190  59.079 0.3750000000
74379  -12.948  -18.472  68.261 0.1250000000
80911  -53.649  -10.668  58.768 0.3750000000
78147  -42.386  -14.351  66.010 0.1250000000
80923  -54.082  -11.541  58.064 0.3750000000
80934  -54.364  -11.996  56.749 0.3750000000
81873  -54.906  -10.845  55.104 0.3750000000
81874  -55.967  -10.243  54.975 0.5000000000
81894  -56.066  -9.216  54.374 0.5000000000
121232  -56.788  -8.588  54.180 0.5000000000
83719  -57.136  -8.245  53.915 0.6250000000
83754  -51.941  -7.876  52.563 0.3750000000
84600  -57.564  -7.701  53.158 0.7500000000
84617  -50.312  -7.440  52.521 0.3750000000
65908  -12.839  -28.021  88.500 0.8750000000
68758  -15.356  -24.774  86.882 0.7500000000
64937  -10.066  -29.192  89.282 1.0000000000
62864  -10.196  -30.855  90.251 1.0000000000
63922  -9.627  -30.012  89.631 1.0000000000
63923  -10.516  -29.817  89.902 1.0000000000
68748  -16.011  -24.366  87.337 0.7500000000
70638  -16.200  -22.339  88.323 0.7500000000
129256  -8.163  -30.388  88.048 1.0000000000
63929  -9.212  -29.212  88.944 1.0000000000
141893  -8.767  -29.370  88.666 1.0000000000
135760  -16.176  -21.741  86.950 0.6250000000
63928  -8.391  -29.437  88.327 1.0000000000
63931  -8.006  -29.533  87.670 1.0000000000
140541  -20.263  -17.575  75.535 0.5000000000
64965  -7.775  -28.661  87.364 1.0000000000
72613  -14.270  -20.377  82.632 0.5000000000
122063  -17.270  -17.234  76.390 0.5000000000
138444  -19.620  -17.281  78.210 0.5000000000
75192  -23.708  -17.592  78.618 0.5000000000
67845  -7.240  -25.612  85.814 1.0000000000
76185  -18.233  -16.638  76.704 0.5000000000
76170  -19.681  -17.102  78.988 0.5000000000
75180  -21.035  -17.415  80.020 0.5000000000
75261  -28.253  -17.063  72.466 0.1250000000
75174  -24.443  -17.503  81.068 0.3750000000
126044  -26.583  -18.575  81.628 0.3750000000
73457  -27.964  -19.811  81.989 0.3750000000
75288  -27.334  -17.131  69.768 0.2500000000
75298  -26.745  -17.276  68.409 0.3750000000
128294  -25.938  -18.016  66.715 0.2500000000
76264  -26.049  -16.674  67.160 0.2500000000
119747  -41.193  -18.364  69.498 0.3750000000
75302  -42.661  -17.589  68.307 0.3750000000
77244  -24.433  -15.013  64.523 0.3750000000
77254  -24.128  -15.111  63.612 0.3750000000
78152  -24.057  -14.345  64.263 0.3750000000
71771  -8.483  -20.345  72.667 0.8750000000
71774  -10.954  -21.735  72.256 0.5000000000
125113  -23.889  -14.737  63.006 0.3750000000
72688  -10.280  -20.041  71.405 0.6250000000
71794  -11.901  -21.494  70.866 0.3750000000
71784  -11.387  -21.555  71.550 0.5000000000
72694  -10.616  -19.757  70.868 0.3750000000
78201  -27.464  -14.488  60.793 0.6250000000
72695  -11.254  -19.908  70.435 0.2500000000
75296  -12.300  -17.544  68.600 0.1250000000
76261  -12.646  -15.935  67.745 0.1250000000
75305  -13.143  -16.814  67.461 0.1250000000
129449  -13.482  -17.663  67.104 0.1250000000
85507  -56.900  -6.981  52.931 0.7500000000
85503  -48.723  -6.095  53.966 0.2500000000
139089  -11.371  -28.414  88.441 1.0000000000
125264  -10.890  -27.348  87.374 1.0000000000
64946  -11.619  -28.932  89.003 1.0000000000
67838  -13.908  -25.380  85.856 0.8750000000
139117  -14.829  -24.361  86.699 0.7500000000
69668  -14.581  -23.599  86.971 0.7500000000
143662  -9.063  -28.629  88.646 1.0000000000
65905  -9.797  -28.096  88.161 1.0000000000
71660  -15.622  -21.188  86.593 0.6250000000
67834  -6.468  -25.486  86.713 1.0000000000
76211  -26.914  -16.785  72.403 0.1250000000
77121  -16.842  -15.714  76.565 0.5000000000
76243  -25.161  -16.359  69.633 0.2500000000
75165  -24.744  -17.846  82.065 0.3750000000
76198  -25.579  -16.292  73.462 0.2500000000
78049  -23.268  -14.900  73.218 0.1250000000
76233  -26.337  -16.582  69.875 0.2500000000
76254  -26.100  -16.590  68.083 0.2500000000
77198  -24.451  -15.898  68.171 0.2500000000
76263  -25.334  -16.160  67.695 0.2500000000
76273  -25.362  -16.054  66.857 0.2500000000
77223  -24.877  -15.387  66.579 0.2500000000
78124  -24.491  -14.759  66.150 0.2500000000
78139  -24.117  -14.248  65.610 0.2500000000
140504  -5.616  -19.893  75.484 0.8750000000
72665  -6.334  -20.166  74.284 0.8750000000
72639  -5.749  -20.214  77.117 0.8750000000
73529  -8.325  -19.524  72.315 0.8750000000
72679  -9.830  -20.375  72.009 0.6250000000
79052  -24.005  -14.118  62.860 0.5000000000
73540  -9.260  -18.752  71.340 0.7500000000
73541  -9.985  -19.242  71.076 0.6250000000
77179  -45.035  -15.718  70.091 0.3750000000
77155  -10.861  -15.654  70.820 0.2500000000
74372  -10.274  -18.046  70.085 0.2500000000
76221  -11.627  -15.917  71.484 0.1250000000
77169  -12.796  -15.192  70.593 0.1250000000
77167  -11.093  -15.367  69.996 0.1250000000
76242  -10.880  -16.217  69.399 0.1250000000
77181  -11.265  -15.480  69.232 0.1250000000
78077  -11.833  -15.004  68.758 0.1250000000
78131  -41.959  -14.556  66.575 0.1250000000
84598  -56.851  -7.363  53.256 0.5000000000
84622  -55.539  -6.726  52.749 0.5000000000
85506  -56.493  -6.901  52.902 0.5000000000
85504  -49.498  -5.924  53.506 0.2500000000
85505  -50.511  -5.747  53.196 0.3750000000
86410  -57.584  -5.657  50.456 0.6250000000
125988  -57.420  -5.300  50.738 0.8750000000
85589  -54.973  -6.507  46.049 0.1250000000
88317  -56.139  -3.308  37.824 0.1250000000
71655  -15.956  -21.498  88.046 0.7500000000
72598  -15.066  -20.603  86.051 0.6250000000
137814  -14.582  -17.312  79.325 0.5000000000
67820  -5.982  -25.209  87.142 1.0000000000
77160  -23.392  -15.543  71.695 0.1250000000
77146  -22.922  -14.872  72.283 0.1250000000
131842  -6.042  -23.393  85.384 1.0000000000
76157  -20.866  -17.213  80.962 0.5000000000
125112  -22.523  -13.352  68.228 0.2500000000
78092  -22.907  -14.199  67.977 0.2500000000
74267  -26.608  -18.934  83.531 0.2500000000
78983  -22.856  -13.491  67.396 0.2500000000
78109  -23.328  -14.216  67.183 0.2500000000
78993  -22.870  -12.936  66.830 0.2500000000
79005  -23.617  -13.246  65.226 0.2500000000
74288  -6.769  -18.823  78.131 0.8750000000
73485  -5.881  -19.399  77.315 0.8750000000
74321  -6.116  -18.634  75.956 0.8750000000
73512  -5.719  -19.197  74.920 0.8750000000
73513  -6.038  -19.239  74.006 0.8750000000
123551  -6.943  -18.143  74.542 0.8750000000
79033  -24.213  -13.354  63.163 0.3750000000
73528  -8.112  -18.629  72.186 0.7500000000
76218  -9.286  -16.679  71.512 0.3750000000
75275  -9.621  -17.564  70.579 0.2500000000
76207  -11.442  -16.507  72.150 0.2500000000
124664  -49.905  -5.087  54.181 0.2500000000
86380  -54.997  -5.235  52.451 0.5000000000
86473  -57.024  -5.183  44.633 0.2500000000
143832  -57.478  -4.737  41.021 0.2500000000
135421  -57.526  -3.905  41.784 0.2500000000
129521  -57.542  -3.526  41.146 0.2500000000
125935  -57.474  -3.191  39.960 0.2500000000
90033  -57.437  -1.839  39.861 0.2500000000
136273  -56.939  -2.824  38.886 0.2500000000
90080  -56.176  -0.928  36.891 0.2500000000
90947  -56.541  -0.593  37.593 0.2500000000
70654  -12.671  -22.541  86.887 0.8750000000
70646  -13.530  -22.086  87.389 0.7500000000
67835  -9.260  -25.040  86.910 1.0000000000
73426  -14.508  -19.076  85.648 0.5000000000
67813  -6.473  -25.072  88.230 1.0000000000
67812  -6.115  -25.168  87.890 1.0000000000
80789  -23.286  -11.022  68.463 0.2500000000
68744  -5.742  -24.618  87.655 1.0000000000
68752  -5.756  -24.373  86.829 1.0000000000
77115  -16.164  -15.527  77.011 0.5000000000
69662  -5.685  -23.301  86.600 1.0000000000
69671  -5.791  -22.853  85.862 1.0000000000
78055  -22.412  -14.172  71.943 0.1250000000
121875  -24.038  -17.853  82.711 0.2500000000
80803  -23.046  -11.782  67.014 0.2500000000
80812  -23.619  -11.924  65.790 0.2500000000
73467  -6.999  -19.120  80.386 0.8750000000
137455  -7.286  -19.189  80.521 0.8750000000
74307  -6.800  -18.482  76.121 0.8750000000
79921  -25.178  -12.269  63.218 0.2500000000
75266  -8.291  -17.496  71.935 0.6250000000
140151  -12.779  -17.140  73.286 0.2500000000
75274  -9.236  -17.192  70.968 0.3750000000
75258  -11.305  -17.137  72.774 0.2500000000
86349  -50.095  -4.249  54.949 0.2500000000
136812  -50.741  -3.161  55.342 0.3750000000
87264  -53.769  -3.280  53.274 0.6250000000
88153  -53.222  -2.302  54.186 0.6250000000
86427  -57.484  -4.970  48.542 0.5000000000
90963  -56.484  0.022  36.581 0.2500000000
69646  -7.626  -24.096  89.399 1.0000000000
121115  -14.521  -17.100  82.614 0.5000000000
68735  -6.171  -24.531  89.757 1.0000000000
77108  -15.372  -15.304  78.593 0.5000000000
69654  -5.630  -23.740  88.063 1.0000000000
70641  -5.707  -22.737  88.443 1.0000000000
77110  -20.279  -15.557  78.971 0.3750000000
77096  -20.683  -16.302  80.665 0.3750000000
70651  -5.755  -22.260  86.438 1.0000000000
134311  -23.914  -18.049  83.847 0.2500000000
81718  -24.646  -10.262  68.090 0.2500000000
81738  -24.351  -10.682  66.515 0.2500000000
82668  -25.136  -9.982  67.298 0.2500000000
80804  -23.985  -11.218  66.125 0.2500000000
121569  -7.791  -19.249  80.543 0.8750000000
74298  -8.058  -18.795  77.538 0.8750000000
80831  -28.319  -11.225  64.869 0.2500000000
74324  -8.274  -18.491  75.566 0.7500000000
137032  -8.116  -17.734  73.864 0.7500000000
76237  -43.369  -16.653  71.565 0.3750000000
133940  -10.431  -17.735  73.672 0.5000000000
130756  -57.464  -3.991  48.438 0.6250000000
88221  -57.455  -3.916  47.493 0.6250000000
91770  -57.463  0.992  39.150 0.2500000000
135684  -57.311  0.530  38.484 0.2500000000
132263  -57.393  1.696  37.858 0.3750000000
75132  -13.581  -17.433  87.955 0.6250000000
70643  -11.032  -22.709  88.359 1.0000000000
136248  -14.518  -18.201  85.873 0.5000000000
69648  -9.602  -23.175  90.043 1.0000000000
70628  -10.073  -22.834  90.524 1.0000000000
119748  -14.534  -17.103  84.292 0.5000000000
69643  -8.664  -23.674  90.902 1.0000000000
69644  -9.329  -23.194  90.772 1.0000000000
71633  -10.148  -21.762  90.849 0.8750000000
72566  -10.569  -21.150  90.706 0.8750000000
77095  -14.930  -15.131  80.398 0.3750000000
68732  -6.264  -24.505  90.715 1.0000000000
69641  -5.600  -23.657  90.665 1.0000000000
68730  -6.407  -24.264  91.502 1.0000000000
70622  -8.986  -23.271  91.415 1.0000000000
70617  -8.920  -22.957  91.886 1.0000000000
71631  -9.657  -21.868  91.248 0.8750000000
128901  -19.615  -14.342  77.387 0.3750000000
125461  -17.148  -14.061  76.465 0.3750000000
78014  -15.669  -14.644  78.101 0.3750000000
70620  -6.012  -22.779  90.841 1.0000000000
69635  -7.015  -22.948  92.132 1.0000000000
78023  -19.095  -13.803  76.675 0.3750000000
71649  -6.454  -21.550  87.631 1.0000000000
71648  -5.993  -21.791  87.066 1.0000000000
70632  -6.050  -21.929  88.910 1.0000000000
82661  -26.144  -10.021  68.269 0.2500000000
72607  -7.790  -20.439  83.372 1.0000000000
81761  -27.732  -10.911  64.980 0.2500000000
73487  -8.617  -19.088  78.323 0.8750000000
74310  -9.071  -18.831  76.270 0.7500000000
74311  -10.165  -19.049  76.303 0.7500000000
75232  -9.644  -17.748  73.912 0.6250000000
75233  -11.211  -18.043  74.028 0.5000000000
88147  -52.690  -1.900  54.565 0.5000000000
130774  -57.003  -3.665  50.229 0.6250000000
89036  -56.148  -2.518  51.359 0.7500000000
124301  -57.436  -3.680  46.681 0.5000000000
91742  -57.451  1.738  41.143 0.5000000000
92591  -57.435  1.841  38.669 0.3750000000
94178  -56.994  2.918  35.980 0.3750000000
94177  -56.558  3.043  36.321 0.3750000000
72575  -12.988  -19.927  89.016 0.7500000000
72568  -11.927  -20.182  90.010 0.7500000000
77058  -13.792  -15.985  87.010 0.6250000000
76119  -12.797  -17.494  89.089 0.7500000000
119741  -14.516  -15.464  84.400 0.5000000000
127975  -11.387  -20.145  90.505 0.7500000000
73406  -10.924  -19.603  90.887 0.8750000000
72561  -9.527  -21.296  91.510 0.8750000000
121455  -10.678  -18.712  91.034 0.7500000000
78909  -15.940  -13.188  78.179 0.3750000000
127077  -16.399  -13.202  77.344 0.3750000000
70613  -7.044  -22.111  91.664 1.0000000000
71627  -8.858  -21.688  91.715 0.8750000000
78922  -18.436  -13.474  76.359 0.3750000000
70621  -6.390  -22.093  90.265 1.0000000000
77097  -21.111  -15.506  81.114 0.2500000000
71650  -7.040  -21.228  87.798 1.0000000000
72608  -8.428  -20.407  83.432 1.0000000000
119831  -8.662  -19.313  80.519 0.8750000000
73489  -10.206  -19.250  77.772 0.7500000000
73497  -9.693  -19.174  76.996 0.7500000000
74301  -12.197  -18.186  77.383 0.7500000000
74300  -11.509  -18.785  77.124 0.7500000000
90881  -57.486  0.111  42.204 0.5000000000
94145  -56.916  2.659  39.335 0.3750000000
93394  -57.128  2.559  39.931 0.3750000000
93423  -55.905  2.948  36.403 0.3750000000
94202  -56.133  3.273  35.010 0.3750000000
92654  -55.433  2.263  35.179 0.3750000000
78897  -15.242  -13.329  80.637 0.3750000000
76114  -11.634  -17.119  90.156 0.7500000000
73402  -9.457  -19.526  91.709 0.8750000000
80715  -17.162  -11.838  76.738 0.3750000000
79804  -16.255  -12.419  77.775 0.3750000000
123623  -8.770  -20.297  91.726 0.8750000000
78915  -19.705  -13.245  77.023 0.3750000000
71635  -6.421  -21.408  89.419 1.0000000000
71632  -6.899  -21.521  90.405 1.0000000000
72564  -7.767  -20.834  90.440 0.8750000000
76141  -23.486  -17.004  85.040 0.2500000000
72596  -10.192  -20.830  85.694 0.8750000000
72609  -9.430  -20.395  83.627 1.0000000000
126302  -9.720  -19.400  80.826 0.6250000000
74274  -11.168  -18.917  80.005 0.6250000000
73480  -10.612  -19.161  78.438 0.6250000000
128250  -10.970  -19.051  79.171 0.6250000000
74292  -12.022  -18.314  78.319 0.6250000000
89962  -57.391  -2.309  47.032 0.6250000000
93380  -56.801  2.652  40.420 0.5000000000
92573  -55.881  2.118  39.791 0.3750000000
93392  -56.150  2.475  39.200 0.3750000000
91781  -55.176  1.030  37.523 0.3750000000
128284  -55.539  1.725  38.069 0.3750000000
125538  -55.159  1.527  36.093 0.3750000000
91805  -54.328  0.468  35.499 0.3750000000
79771  -14.088  -12.784  82.967 0.3750000000
79778  -14.746  -12.583  81.534 0.3750000000
74232  -10.525  -17.949  91.161 0.7500000000
140177  -9.296  -18.670  91.761 0.7500000000
74231  -9.864  -18.340  91.550 0.7500000000
132908  -10.989  -16.969  90.630 0.7500000000
125274  -11.019  -19.632  82.571 0.6250000000
74269  -11.264  -18.983  80.908 0.6250000000
80747  -14.365  -11.591  74.436 0.3750000000
91671  -56.755  0.595  49.357 0.6250000000
92540  -56.887  2.328  42.669 0.6250000000
134232  -56.462  2.391  40.463 0.3750000000
91751  -55.223  0.447  39.173 0.3750000000
135740  -53.992  -0.499  36.525 0.3750000000
78851  -12.734  -14.197  86.879 0.6250000000
79743  -12.977  -13.530  85.937 0.6250000000
76112  -10.325  -16.450  90.858 0.7500000000
77943  -10.527  -15.012  90.137 0.7500000000
75120  -10.367  -17.255  91.137 0.7500000000
80671  -14.455  -11.858  81.749 0.3750000000
139872  -9.209  -18.065  91.710 0.7500000000
77040  -9.288  -16.250  91.157 0.7500000000
74230  -8.948  -18.172  91.658 0.8750000000
72571  -8.351  -20.318  89.857 0.8750000000
72565  -8.363  -20.016  90.430 0.8750000000
80691  -21.337  -11.616  79.846 0.2500000000
78885  -21.647  -13.456  82.962 0.2500000000
74257  -11.562  -19.134  82.839 0.6250000000
143344  -12.146  -17.882  81.970 0.6250000000
75160  -12.261  -17.589  81.360 0.6250000000
76150  -12.451  -16.706  81.284 0.6250000000
81633  -14.094  -10.916  74.567 0.3750000000
91670  -56.193  1.294  49.698 0.7500000000
91679  -56.480  1.382  48.786 0.6250000000
91686  -56.951  1.485  47.879 0.6250000000
92484  -56.632  1.896  47.263 0.6250000000
92495  -57.109  1.761  46.329 0.6250000000
92505  -57.104  1.797  45.320 0.6250000000
92504  -56.787  1.835  45.423 0.6250000000
93320  -56.990  1.961  44.876 0.6250000000
78838  -9.389  -14.030  90.312 0.7500000000
79738  -11.537  -12.746  87.547 0.7500000000
141286  -13.033  -12.126  84.667 0.5000000000
77941  -8.837  -14.714  90.577 0.7500000000
81534  -13.607  -11.246  82.827 0.3750000000
75117  -8.720  -17.171  91.230 0.7500000000
76111  -8.523  -16.787  91.048 0.7500000000
76108  -8.774  -16.913  91.276 0.7500000000
81557  -15.348  -10.428  79.238 0.3750000000
76116  -8.517  -16.689  90.646 0.7500000000
75153  -12.183  -17.681  82.668 0.6250000000
79795  -12.033  -12.535  78.829 0.5000000000
81646  -13.904  -10.257  74.217 0.3750000000
82610  -14.388  -9.887  73.552 0.1250000000
82623  -14.056  -9.025  73.207 0.1250000000
80631  -11.354  -12.022  87.274 0.7500000000
77939  -7.870  -14.843  90.164 0.7500000000
77940  -8.157  -14.682  90.353 0.7500000000
79728  -8.869  -13.348  90.068 0.7500000000
79732  -9.640  -12.866  89.381 0.7500000000
79736  -10.296  -12.528  88.679 0.7500000000
76115  -8.285  -16.040  90.033 0.7500000000
82516  -14.328  -10.015  81.034 0.3750000000
76143  -12.333  -16.458  83.553 0.6250000000
79783  -11.319  -12.360  80.915 0.5000000000
77079  -12.363  -15.587  83.302 0.6250000000
84439  -13.313  -7.521  71.387 0.1250000000
80622  -8.675  -12.080  88.881 0.6250000000
81505  -11.116  -11.234  87.082 0.6250000000
80630  -10.613  -11.462  87.691 0.7500000000
78889  -12.136  -13.521  81.704 0.5000000000
83563  -10.237  -8.373  72.936 0.1250000000
80624  -7.637  -12.112  88.800 0.6250000000
81503  -9.533  -10.085  87.879 0.5000000000
81504  -10.372  -10.499  87.475 0.5000000000
82492  -11.918  -9.337  84.195 0.5000000000
82493  -12.350  -9.857  83.764 0.5000000000
83440  -12.325  -8.758  82.696 0.5000000000
121642  -7.085  -12.158  85.217 0.6250000000
80642  -6.798  -11.642  84.733 0.5000000000
83461  -13.165  -8.339  81.087 0.5000000000
80696  -8.640  -10.954  78.499 0.5000000000
84422  -10.327  -8.084  72.115 0.1250000000
123587  -7.158  -10.082  88.416 0.5000000000
82469  -7.566  -9.227  88.324 0.5000000000
133617  -6.483  -10.709  87.584 0.5000000000
81506  -6.393  -10.423  86.685 0.5000000000
138297  -7.442  -12.932  86.684 0.6250000000
80641  -6.425  -11.165  85.114 0.5000000000
78848  -7.844  -13.793  87.817 0.6250000000
83561  -7.504  -9.159  72.252 0.2500000000
83537  -9.290  -8.904  73.140 0.2500000000
82621  -7.553  -9.474  73.010 0.2500000000
120957  -9.214  -8.098  71.159 0.1250000000
130462  -10.174  -7.870  71.311 0.1250000000
84456  -10.744  -7.489  70.682 0.1250000000
82468  -7.017  -9.173  88.217 0.5000000000
82472  -6.721  -9.198  87.796 0.5000000000
84309  -8.150  -7.303  87.912 0.5000000000
84312  -9.776  -8.059  87.035 0.5000000000
82476  -6.511  -9.388  87.055 0.5000000000
82479  -6.427  -9.451  85.497 0.5000000000
84371  -14.999  -7.306  78.377 0.3750000000
81555  -6.578  -11.028  79.287 0.5000000000
83579  -6.148  -8.275  71.708 0.3750000000
84477  -10.273  -7.333  69.891 0.1250000000
84305  -7.043  -7.618  88.238 0.5000000000
83407  -6.897  -8.318  88.076 0.5000000000
84311  -9.274  -7.496  87.241 0.5000000000
84304  -6.797  -7.449  87.937 0.5000000000
85222  -8.386  -6.143  87.189 0.5000000000
83417  -6.534  -8.402  85.774 0.5000000000
140297  -6.533  -8.716  85.054 0.5000000000
123398  -7.083  -9.374  78.903 0.5000000000
82548  -6.667  -10.347  77.559 0.5000000000
82547  -6.658  -10.744  77.290 0.5000000000
81630  -7.055  -10.326  75.056 0.3750000000
84474  -6.974  -7.423  69.627 0.1250000000
85387  -9.190  -6.571  68.683 0.1250000000
85386  -8.103  -6.608  68.781 0.1250000000
85388  -10.189  -6.619  68.566 0.1250000000
123245  -7.518  -6.810  88.049 0.5000000000
84307  -7.010  -6.764  88.110 0.5000000000
85227  -9.633  -5.880  84.786 0.5000000000
84310  -6.502  -6.555  86.957 0.5000000000
137806  -6.487  -6.692  85.243 0.5000000000
84328  -6.870  -7.233  82.803 0.5000000000
86978  -6.318  -4.457  85.022 0.5000000000
86090  -6.551  -4.999  83.645 0.5000000000
88764  -6.275  -2.884  83.673 0.5000000000
87868  -6.542  -3.332  82.831 0.5000000000
84360  -7.942  -7.982  79.774 0.5000000000
84403  -7.013  -8.293  74.024 0.3750000000
130569  -6.566  -5.122  87.073 0.5000000000
86972  -6.610  -3.985  86.922 0.5000000000
86073  -6.419  -5.030  86.325 0.5000000000
85223  -6.456  -5.768  86.613 0.5000000000
140440  -6.408  -5.458  84.820 0.5000000000
88769  -6.463  -2.639  82.846 0.5000000000
86971  -6.863  -4.092  87.274 0.5000000000
86985  -8.481  -3.705  84.335 0.5000000000
87877  -9.203  -3.593  82.550 0.3750000000
87884  -10.514  -3.747  80.515 0.3750000000
87853  -7.136  -2.769  87.335 0.5000000000
88756  -6.888  -2.633  87.467 0.5000000000
88760  -7.788  -2.374  85.786 0.5000000000
88759  -7.656  -1.443  86.143 0.5000000000
88770  -8.268  -2.014  84.157 0.5000000000
119501  -8.823  -3.008  82.756 0.3750000000
90513  -6.688  -0.844  87.045 0.5000000000
90512  -6.918  -1.152  87.279 0.5000000000
89611  -6.908  -1.808  87.398 0.5000000000
132934  -6.892  -0.135  86.945 0.5000000000
91400  -7.014  0.310  86.675 0.5000000000
88783  -9.945  -3.066  80.722 0.3750000000
89620  -8.294  -0.983  84.660 0.5000000000
89627  -8.639  -1.545  82.804 0.3750000000
89646  -10.164  -1.326  79.989 0.3750000000
90530  -8.671  -0.685  83.625 0.5000000000
90521  -9.042  0.513  85.155 0.5000000000
90550  -10.450  -0.356  79.784 0.3750000000
136180  -9.266  1.100  85.359 0.5000000000
91423  -9.746  0.412  82.382 0.5000000000
92175  -7.222  1.348  85.699 0.5000000000
89670  -12.115  -1.418  78.328 0.3750000000
91432  -10.412  0.469  80.616 0.5000000000
91447  -11.702  0.064  78.594 0.3750000000
92206  -10.987  1.312  81.266 0.5000000000
91439  -11.905  1.313  79.568 0.3750000000
92207  -11.825  1.782  80.780 0.3750000000
92208  -12.362  1.979  79.989 0.3750000000
45641  -13.158  -47.326  85.857 0.3750000000
45642  -13.986  -47.069  85.785 0.3750000000
45647  -14.845  -46.427  85.058 0.3750000000
46645  -16.124  -45.877  84.831 0.5000000000
46652  -17.257  -45.437  83.856 0.3750000000
45643  -14.802  -46.741  85.654 0.3750000000
119399  -18.750  -45.536  83.107 0.5000000000
47577  -18.716  -45.425  82.320 0.5000000000
47590  -19.501  -45.753  81.812 0.5000000000
47579  -20.841  -46.180  82.416 0.5000000000
121116  -20.263  -46.100  81.308 0.5000000000
47591  -20.900  -46.313  81.707 0.5000000000
139459  -22.225  -46.774  81.037 0.5000000000
43394  -9.463  -49.169  84.281 0.1250000000
120510  -15.583  -46.278  85.382 0.5000000000
43395  -9.977  -48.602  84.085 0.1250000000
44497  -11.460  -47.833  85.288 0.3750000000
119224  -16.168  -45.647  84.098 0.3750000000
143454  -18.137  -45.460  83.670 0.3750000000
139100  -19.327  -45.750  82.518 0.5000000000
44511  -12.244  -47.415  85.153 0.3750000000
47593  -22.229  -46.541  81.636 0.5000000000
120363  -23.242  -46.014  81.816 0.5000000000
125140  -23.548  -45.445  81.405 0.5000000000
47572  -25.287  -43.709  82.076 0.5000000000
48601  -26.290  -43.496  82.729 0.5000000000
119795  -21.516  -46.351  82.060 0.5000000000
47594  -22.815  -46.320  81.771 0.5000000000
48603  -27.947  -43.749  82.385 0.5000000000
43385  -9.914  -48.549  84.821 0.1250000000
44496  -10.625  -48.143  85.377 0.3750000000
134536  -13.205  -47.543  86.380 0.3750000000
44509  -10.664  -48.203  84.620 0.3750000000
46646  -16.926  -45.594  84.624 0.3750000000
44498  -12.421  -47.614  85.981 0.3750000000
47582  -23.159  -45.508  82.031 0.5000000000
135514  -23.590  -44.869  81.707 0.5000000000
47581  -22.700  -45.926  82.277 0.5000000000
47583  -24.235  -44.357  81.545 0.5000000000
48606  -26.356  -43.594  82.140 0.5000000000
49625  -27.503  -43.545  83.601 0.5000000000
49626  -28.038  -43.643  83.215 0.5000000000
49623  -28.078  -43.431  83.853 0.6250000000
56334  -6.128  -37.981  84.444 0.3750000000
58315  -7.593  -35.652  79.972 0.3750000000
135459  -7.678  -35.048  78.475 0.3750000000
59203  -7.773  -34.898  77.845 0.6250000000
59205  -9.114  -34.178  77.340 0.7500000000
59214  -8.883  -34.213  76.555 0.7500000000
43375  -9.896  -48.478  85.427 0.2500000000
44478  -11.833  -47.646  87.117 0.3750000000
44488  -12.769  -47.633  86.802 0.3750000000
44487  -11.500  -47.819  86.141 0.3750000000
48597  -26.934  -43.521  83.322 0.5000000000
51534  -29.299  -42.197  85.074 0.6250000000
50617  -29.493  -42.959  84.301 0.6250000000
47603  -19.677  -45.575  80.977 0.3750000000
65025  -38.443  -28.833  78.737 0.6250000000
56347  -6.581  -37.600  84.327 0.3750000000
57389  -6.538  -36.995  83.566 0.3750000000
58304  -7.540  -36.349  81.291 0.3750000000
58325  -8.037  -35.223  79.275 0.3750000000
127554  -9.053  -34.718  78.593 0.5000000000
60050  -9.502  -34.232  78.038 0.6250000000
60060  -10.048  -33.784  77.448 0.7500000000
60067  -9.697  -33.755  76.721 0.7500000000
60081  -9.483  -33.791  75.929 0.7500000000
60082  -10.075  -33.333  75.378 0.7500000000
45633  -13.659  -47.454  87.450 0.3750000000
131656  -14.157  -47.355  86.989 0.3750000000
45637  -13.600  -47.512  86.793 0.3750000000
45638  -13.832  -47.371  86.424 0.3750000000
45639  -14.623  -47.056  86.436 0.3750000000
119987  -16.265  -45.903  84.833 0.5000000000
131172  -17.874  -45.472  84.362 0.5000000000
47558  -18.823  -45.657  83.952 0.5000000000
47570  -23.467  -44.633  82.173 0.5000000000
47571  -24.253  -44.086  82.040 0.5000000000
50615  -27.716  -43.302  84.183 0.6250000000
50611  -29.017  -42.820  84.863 0.6250000000
54386  -29.732  -39.623  83.657 0.7500000000
52421  -29.393  -41.398  85.093 0.6250000000
65033  -38.342  -28.160  78.451 0.7500000000
59197  -10.054  -34.445  78.680 0.7500000000
44472  -11.019  -47.552  87.889 0.3750000000
45626  -12.563  -47.416  88.535 0.3750000000
45632  -12.729  -47.627  87.761 0.5000000000
45635  -14.658  -47.105  87.157 0.5000000000
46639  -15.233  -46.759  85.888 0.5000000000
46640  -15.931  -46.242  85.625 0.5000000000
47522  -12.903  -45.864  89.629 0.5000000000
124788  -17.443  -45.572  84.967 0.6250000000
47521  -12.722  -45.732  89.868 0.5000000000
49586  -13.273  -45.201  89.437 0.6250000000
47580  -22.081  -46.126  82.416 0.5000000000
47568  -21.907  -45.663  82.867 0.5000000000
48600  -25.216  -43.567  82.607 0.5000000000
49622  -27.036  -43.424  83.802 0.6250000000
47578  -20.089  -46.071  82.297 0.5000000000
50610  -28.214  -42.943  84.654 0.6250000000
51533  -28.481  -42.426  85.003 0.7500000000
54373  -29.265  -40.385  84.356 0.7500000000
54372  -28.911  -40.254  83.934 0.7500000000
54385  -29.596  -39.424  83.264 0.7500000000
56360  -30.113  -37.643  82.807 0.7500000000
63994  -33.566  -30.570  79.614 0.8750000000
65032  -33.430  -29.487  78.951 0.8750000000
63995  -34.089  -30.151  79.818 0.7500000000
59266  -6.833  -34.693  71.592 0.6250000000
60124  -6.391  -34.154  71.031 0.6250000000
58386  -5.993  -36.373  71.219 0.6250000000
59265  -5.976  -35.352  70.896 0.6250000000
139718  -6.436  -34.270  68.688 0.3750000000
58395  -5.834  -36.052  70.354 0.5000000000
58404  -5.888  -35.858  69.671 0.5000000000
58417  -6.230  -35.393  69.251 0.5000000000
57535  -6.114  -36.551  70.180 0.5000000000
45627  -13.338  -47.358  88.221 0.5000000000
45634  -14.287  -47.274  87.463 0.5000000000
45621  -12.366  -47.191  89.138 0.3750000000
46633  -15.278  -46.717  86.709 0.5000000000
46634  -15.803  -46.362  86.241 0.5000000000
45615  -12.658  -47.253  89.242 0.5000000000
45616  -13.006  -47.145  89.113 0.5000000000
46614  -13.098  -46.698  89.179 0.5000000000
46613  -12.689  -46.822  89.492 0.5000000000
46609  -12.872  -46.404  89.517 0.5000000000
48565  -13.225  -45.612  89.286 0.6250000000
46641  -16.510  -46.016  85.593 0.5000000000
48562  -12.819  -45.540  89.665 0.6250000000
46647  -18.411  -45.517  84.774 0.6250000000
135694  -19.131  -45.617  84.427 0.5000000000
47569  -22.433  -45.421  82.582 0.5000000000
131618  -19.665  -45.822  83.908 0.5000000000
119797  -20.378  -45.983  83.199 0.5000000000
119796  -21.255  -46.062  82.837 0.5000000000
47567  -21.547  -45.787  83.144 0.5000000000
49601  -13.207  -44.901  89.247 0.7500000000
52420  -28.492  -41.339  84.994 0.7500000000
53397  -29.000  -40.824  84.963 0.7500000000
55372  -29.939  -38.556  82.896 0.7500000000
54405  -29.145  -39.654  82.887 0.7500000000
58300  -30.088  -36.446  81.668 0.7500000000
57385  -30.219  -37.048  83.353 0.7500000000
60939  -31.891  -34.382  81.379 0.8750000000
60032  -30.554  -34.283  80.869 0.8750000000
122690  -31.400  -33.350  80.340 0.8750000000
62916  -33.180  -31.244  79.805 0.8750000000
65990  -37.912  -27.530  77.544 0.5000000000
61883  -31.956  -32.666  80.028 0.8750000000
62922  -32.595  -31.524  79.606 0.8750000000
127423  -6.668  -33.440  68.535 0.2500000000
138038  -8.248  -32.583  68.451 0.2500000000
61116  -9.859  -32.870  68.243 0.1250000000
61127  -9.859  -32.086  67.989 0.1250000000
61128  -10.486  -32.408  67.816 0.1250000000
59284  -5.720  -35.091  69.257 0.6250000000
60157  -5.811  -33.968  68.645 0.5000000000
60158  -7.331  -34.148  68.681 0.2500000000
132529  -5.603  -34.472  70.419 0.6250000000
58394  -5.600  -35.243  69.768 0.5000000000
45623  -13.674  -47.042  88.452 0.5000000000
45624  -14.221  -47.082  87.891 0.6250000000
46627  -14.954  -46.845  87.145 0.6250000000
46628  -15.621  -46.515  86.434 0.6250000000
46618  -13.620  -46.973  88.645 0.5000000000
46615  -13.540  -46.662  88.781 0.5000000000
47526  -13.804  -46.222  88.621 0.6250000000
46635  -16.830  -46.313  85.972 0.6250000000
47525  -13.494  -46.005  88.961 0.5000000000
48566  -13.734  -45.698  88.768 0.6250000000
49587  -13.672  -45.146  88.907 0.6250000000
46636  -17.654  -45.615  85.171 0.6250000000
46642  -17.850  -45.874  84.943 0.6250000000
138508  -13.559  -44.957  89.145 0.6250000000
47562  -22.402  -44.785  82.961 0.5000000000
47564  -24.120  -43.910  82.596 0.5000000000
120645  -26.513  -43.133  83.716 0.6250000000
140819  -19.922  -45.402  84.618 0.6250000000
47552  -20.743  -45.150  84.550 0.5000000000
47553  -21.253  -45.040  84.094 0.5000000000
47561  -21.746  -45.212  83.302 0.5000000000
48594  -23.807  -43.801  83.168 0.5000000000
50609  -27.681  -43.080  84.389 0.6250000000
51525  -27.939  -41.959  84.841 0.6250000000
53396  -28.440  -40.890  84.476 0.7500000000
54384  -28.568  -40.246  83.532 0.7500000000
121696  -29.373  -38.678  81.860 0.7500000000
56365  -29.920  -37.568  82.129 0.7500000000
54471  -27.260  -39.645  79.333 0.8750000000
55405  -27.719  -39.068  78.989 0.8750000000
129407  -28.676  -38.256  79.997 0.8750000000
57397  -30.141  -36.833  82.649 0.7500000000
54482  -26.977  -39.400  78.507 0.8750000000
55426  -26.293  -38.889  76.807 0.8750000000
65999  -37.238  -27.492  76.353 0.3750000000
66000  -37.878  -26.763  76.902 0.5000000000
61113  -6.407  -32.512  68.402 0.5000000000
61114  -7.388  -32.570  68.461 0.2500000000
62020  -9.031  -32.144  68.233 0.2500000000
62035  -9.577  -31.383  67.972 0.2500000000
140955  -5.885  -33.685  70.730 0.7500000000
129802  -5.219  -34.423  69.837 0.6250000000
60156  -5.206  -33.522  68.774 0.6250000000
45629  -14.491  -47.116  87.550 0.6250000000
46622  -15.088  -46.788  86.949 0.7500000000
121133  -14.076  -46.945  88.164 0.7500000000
46621  -14.591  -46.989  87.536 0.7500000000
46629  -16.511  -46.167  85.965 0.6250000000
47529  -14.257  -46.526  88.127 0.7500000000
47544  -19.026  -45.176  85.089 0.6250000000
47550  -19.468  -45.342  84.810 0.6250000000
48595  -24.921  -43.447  83.075 0.5000000000
49619  -26.971  -43.080  84.199 0.6250000000
137932  -20.170  -45.173  84.861 0.5000000000
47546  -20.424  -45.151  84.856 0.6250000000
47554  -21.916  -44.645  83.674 0.5000000000
47555  -22.803  -44.211  83.370 0.5000000000
48591  -24.446  -43.278  83.484 0.5000000000
48588  -21.518  -44.540  84.356 0.6250000000
48589  -22.330  -44.090  83.965 0.5000000000
137787  -27.348  -42.281  84.577 0.7500000000
52414  -27.828  -41.520  84.467 0.7500000000
54371  -28.087  -40.773  83.956 0.7500000000
54420  -28.626  -39.777  82.318 0.7500000000
54404  -27.938  -40.342  83.155 0.7500000000
53440  -26.283  -40.304  80.907 0.7500000000
54454  -27.441  -39.979  80.725 0.7500000000
54436  -27.834  -39.874  81.298 0.7500000000
55380  -28.591  -39.437  81.568 0.7500000000
54452  -25.869  -40.392  80.209 0.8750000000
54453  -26.950  -40.137  80.042 0.8750000000
55388  -29.153  -38.594  81.254 0.7500000000
54481  -25.952  -40.120  78.556 0.8750000000
54491  -26.271  -39.506  77.660 0.8750000000
54470  -26.470  -40.143  79.342 0.8750000000
54489  -24.921  -40.000  76.736 0.8750000000
53482  -25.273  -40.233  77.720 0.8750000000
54490  -25.723  -39.587  77.014 0.8750000000
66951  -37.629  -26.506  75.884 0.5000000000
54503  -25.529  -39.257  76.355 0.8750000000
66959  -37.617  -26.341  74.819 0.5000000000
62017  -6.105  -31.736  68.383 0.5000000000
62019  -8.058  -31.853  68.388 0.2500000000
60135  -4.951  -33.601  69.798 0.6250000000
60155  -4.778  -32.964  68.970 0.6250000000
127640  -5.704  -33.123  68.504 0.5000000000
123275  -5.639  -32.393  68.446 0.5000000000
60136  -5.265  -33.710  70.243 0.7500000000
46619  -14.734  -46.724  87.526 0.7500000000
47533  -15.415  -46.312  86.987 0.7500000000
46623  -15.935  -46.232  86.501 0.7500000000
46624  -17.214  -45.680  86.131 0.7500000000
47527  -14.379  -45.833  88.177 0.7500000000
46630  -17.113  -45.682  85.736 0.6250000000
48567  -14.378  -45.144  88.302 0.7500000000
49593  -14.405  -44.886  88.459 0.7500000000
47538  -17.579  -45.395  85.858 0.6250000000
47543  -18.012  -45.421  85.243 0.6250000000
141118  -14.041  -44.794  89.136 0.7500000000
128599  -13.917  -44.621  88.712 0.8750000000
47540  -19.528  -44.864  85.276 0.6250000000
49621  -25.572  -43.037  83.421 0.5000000000
143928  -13.071  -44.445  88.491 0.8750000000
48583  -20.598  -44.665  85.176 0.6250000000
47547  -20.908  -44.861  84.750 0.6250000000
48590  -23.375  -43.716  83.620 0.6250000000
49618  -25.991  -42.737  83.795 0.6250000000
48585  -21.909  -43.988  84.508 0.6250000000
123862  -22.396  -43.524  84.512 0.7500000000
48586  -22.823  -43.577  84.166 0.6250000000
50603  -26.519  -42.610  84.207 0.6250000000
50604  -27.153  -42.686  84.510 0.6250000000
52413  -27.187  -41.843  84.218 0.7500000000
53385  -27.025  -41.811  84.027 0.7500000000
54370  -27.190  -41.153  83.588 0.7500000000
140288  -27.776  -40.690  83.635 0.7500000000
53395  -27.644  -41.343  84.014 0.7500000000
142561  -26.131  -40.341  82.077 0.7500000000
53425  -25.638  -40.533  82.517 0.7500000000
120377  -26.498  -40.529  82.734 0.7500000000
53439  -25.555  -40.411  81.779 0.7500000000
54419  -26.651  -40.326  82.296 0.7500000000
122411  -27.644  -40.079  81.950 0.7500000000
119555  -27.382  -40.315  82.649 0.7500000000
53461  -24.414  -40.780  79.669 0.8750000000
53462  -25.441  -40.508  79.487 0.7500000000
53470  -24.400  -40.658  78.191 0.8750000000
53471  -24.941  -40.609  78.758 0.8750000000
53481  -24.227  -40.613  77.371 0.8750000000
66974  -37.621  -26.413  73.838 0.6250000000
62015  -4.793  -32.020  68.855 0.6250000000
62016  -5.281  -31.836  68.507 0.5000000000
62018  -7.077  -31.737  68.381 0.2500000000
61091  -4.968  -32.846  70.273 0.7500000000
61102  -4.612  -32.460  69.301 0.7500000000
61112  -5.105  -32.677  68.630 0.6250000000
47534  -16.160  -45.747  86.479 0.7500000000
47530  -15.126  -45.969  87.518 0.7500000000
47535  -16.931  -45.376  86.144 0.6250000000
49592  -14.038  -44.557  88.453 0.7500000000
47539  -18.716  -44.798  85.580 0.6250000000
48578  -19.070  -44.640  85.591 0.6250000000
48580  -20.347  -44.508  85.438 0.6250000000
48581  -20.926  -44.165  85.292 0.6250000000
49617  -23.968  -43.137  83.920 0.6250000000
136010  -25.011  -42.826  83.604 0.5000000000
48584  -21.191  -44.394  84.901 0.6250000000
49613  -23.157  -43.196  84.241 0.6250000000
50602  -24.850  -42.353  84.167 0.7500000000
128559  -25.794  -42.378  83.985 0.6250000000
53383  -25.214  -41.911  84.227 0.7500000000
143429  -26.235  -42.333  84.151 0.6250000000
54369  -25.012  -41.221  83.657 0.7500000000
53384  -26.129  -41.940  83.932 0.7500000000
54381  -24.292  -40.830  83.708 0.7500000000
54382  -25.324  -41.019  83.308 0.7500000000
124186  -26.315  -40.970  83.166 0.7500000000
53394  -26.646  -41.632  83.729 0.7500000000
54417  -23.052  -40.352  82.769 0.7500000000
54418  -23.744  -40.489  82.903 0.7500000000
119651  -24.606  -40.649  82.958 0.7500000000
54402  -25.507  -40.790  83.019 0.7500000000
119991  -26.345  -40.864  83.148 0.7500000000
54403  -27.062  -40.598  83.107 0.7500000000
53450  -23.417  -40.720  80.822 0.7500000000
53437  -23.581  -40.540  81.588 0.7500000000
53438  -24.446  -40.511  81.723 0.7500000000
53424  -24.581  -40.541  82.401 0.7500000000
53460  -23.371  -40.879  79.891 0.8750000000
125544  -24.034  -40.807  80.398 0.7500000000
130759  -24.860  -40.612  80.335 0.7500000000
125857  -22.569  -40.960  78.102 0.8750000000
138162  -23.540  -40.889  78.150 0.8750000000
53519  -22.550  -40.543  75.652 0.8750000000
54514  -22.810  -40.183  74.897 0.8750000000
66991  -38.805  -26.277  72.219 0.6250000000
55470  -22.839  -39.226  73.068 0.8750000000
54529  -23.020  -39.792  74.255 0.8750000000
63040  -4.708  -31.216  69.028 0.6250000000
63042  -6.623  -30.815  68.333 0.3750000000
47531  -15.834  -45.704  86.968 0.7500000000
48569  -15.189  -45.166  87.741 0.7500000000
127421  -13.919  -44.012  87.980 0.8750000000
47536  -18.055  -44.862  86.087 0.6250000000
48579  -19.877  -44.641  85.508 0.6250000000
125320  -20.679  -44.114  85.673 0.6250000000
49608  -21.054  -43.665  85.498 0.7500000000
50592  -22.246  -42.950  85.048 0.7500000000
50593  -22.966  -42.569  84.550 0.6250000000
50594  -23.813  -42.464  84.370 0.7500000000
133786  -21.742  -42.993  85.524 0.7500000000
51515  -22.543  -42.468  84.848 0.7500000000
51516  -23.576  -42.219  84.498 0.7500000000
51517  -24.553  -42.153  84.391 0.7500000000
53380  -22.326  -41.332  84.864 0.7500000000
53373  -23.158  -41.621  84.691 0.7500000000
121987  -24.066  -40.939  84.232 0.7500000000
123376  -22.299  -40.634  84.228 0.7500000000
54367  -23.138  -40.676  84.391 0.7500000000
54368  -23.850  -40.874  84.155 0.7500000000
54415  -21.761  -40.008  82.628 0.7500000000
54399  -22.404  -40.244  83.192 0.7500000000
54380  -23.133  -40.498  83.917 0.7500000000
54401  -23.790  -40.606  83.470 0.7500000000
140622  -21.458  -39.839  81.819 0.7500000000
54432  -22.455  -40.311  81.686 0.7500000000
54433  -23.012  -40.435  82.071 0.7500000000
54468  -21.331  -40.036  79.512 0.8750000000
54449  -21.631  -40.113  80.417 0.7500000000
53449  -22.698  -40.653  80.422 0.7500000000
54480  -21.563  -40.309  78.866 0.8750000000
53467  -21.705  -40.645  77.994 0.8750000000
53469  -22.974  -40.849  78.987 0.8750000000
54502  -20.994  -40.412  76.047 0.8750000000
138254  -21.365  -40.554  76.407 0.8750000000
53479  -22.218  -40.936  77.169 0.8750000000
121857  -39.283  -26.046  73.047 0.6250000000
54513  -21.210  -40.381  75.275 0.8750000000
53534  -21.995  -40.492  75.017 0.8750000000
54547  -20.846  -39.480  73.170 0.8750000000
54548  -21.765  -39.593  72.931 0.8750000000
120852  -5.730  -31.107  68.440 0.3750000000
48570  -16.136  -45.107  87.333 0.7500000000
49594  -15.287  -44.400  87.765 0.7500000000
120277  -14.556  -44.147  88.068 0.7500000000
47532  -16.634  -45.247  86.656 0.7500000000
48575  -18.627  -44.535  86.016 0.6250000000
48576  -19.495  -44.388  85.808 0.7500000000
49607  -20.038  -44.143  85.918 0.7500000000
49604  -20.353  -43.869  85.796 0.7500000000
49605  -20.791  -43.632  85.620 0.7500000000
52394  -21.187  -42.570  85.662 0.7500000000
121872  -20.329  -41.417  84.811 0.7500000000
128127  -21.660  -41.452  84.910 0.7500000000
52401  -20.896  -41.991  85.397 0.7500000000
53405  -20.853  -40.797  84.254 0.7500000000
129103  -21.578  -40.786  84.316 0.7500000000
53392  -20.726  -41.143  84.580 0.7500000000
54414  -20.903  -39.792  82.382 0.7500000000
54397  -21.027  -40.058  83.101 0.7500000000
54377  -21.007  -40.449  83.744 0.7500000000
121811  -20.425  -39.543  80.741 0.8750000000
135828  -21.223  -39.765  80.975 0.7500000000
54448  -20.954  -39.696  80.111 0.8750000000
55437  -20.265  -39.943  77.108 0.8750000000
119351  -20.969  -40.051  78.666 0.8750000000
54501  -20.396  -40.125  76.376 0.8750000000
123927  -20.903  -40.322  76.901 0.8750000000
55469  -20.107  -39.289  73.548 0.8750000000
66049  -40.770  -26.391  69.675 0.5000000000
66077  -40.367  -26.723  68.338 0.3750000000
67049  -40.799  -26.394  68.921 0.3750000000
50568  -16.072  -43.718  87.762 0.7500000000
126452  -15.972  -44.539  87.574 0.7500000000
50588  -14.553  -43.574  87.509 0.8750000000
138293  -14.925  -43.832  87.976 0.7500000000
49595  -16.805  -44.345  87.588 0.7500000000
48571  -17.197  -44.636  87.047 0.7500000000
48574  -17.654  -44.882  86.345 0.7500000000
49602  -19.001  -44.116  86.352 0.7500000000
48572  -18.179  -44.340  86.766 0.7500000000
49598  -19.201  -43.724  86.479 0.7500000000
50581  -19.956  -43.492  86.046 0.7500000000
51507  -19.798  -42.914  86.147 0.7500000000
52392  -19.445  -42.420  85.886 0.7500000000
51508  -20.577  -42.720  85.937 0.7500000000
53377  -19.046  -41.548  85.257 0.7500000000
52399  -19.147  -41.920  85.556 0.7500000000
52400  -19.979  -42.072  85.385 0.7500000000
138255  -17.938  -40.885  83.342 0.8750000000
53413  -18.680  -40.851  83.707 0.7500000000
53403  -19.448  -40.896  84.065 0.7500000000
53391  -19.869  -41.284  84.685 0.7500000000
125248  -18.423  -40.629  82.750 0.8750000000
53414  -19.607  -40.545  83.408 0.7500000000
53415  -20.260  -40.498  83.593 0.7500000000
54446  -18.584  -39.729  80.389 0.8750000000
54429  -18.911  -39.958  81.323 0.8750000000
54413  -20.069  -39.813  82.165 0.7500000000
54466  -19.220  -39.441  79.721 0.8750000000
119558  -20.147  -39.472  79.889 0.8750000000
55404  -20.314  -39.720  78.435 0.8750000000
54500  -19.821  -39.765  75.935 0.8750000000
67023  -41.302  -26.090  70.262 0.5000000000
67036  -41.199  -26.126  69.526 0.5000000000
66098  -40.512  -26.734  67.559 0.3750000000
66078  -40.921  -26.432  68.078 0.3750000000
50576  -15.399  -43.694  87.807 0.7500000000
142477  -17.149  -43.869  87.840 0.7500000000
49596  -17.759  -44.038  87.539 0.7500000000
49597  -18.567  -43.873  87.015 0.7500000000
50580  -19.238  -43.247  86.551 0.7500000000
50579  -18.037  -43.057  87.579 0.7500000000
124794  -18.624  -43.092  87.046 0.7500000000
51506  -19.074  -42.702  86.556 0.7500000000
137801  -17.308  -41.879  86.708 0.7500000000
51514  -18.202  -42.163  86.930 0.7500000000
122476  -18.680  -42.162  86.312 0.7500000000
52427  -16.406  -41.398  84.886 0.7500000000
52419  -17.989  -41.124  85.541 0.7500000000
52409  -18.666  -41.725  85.785 0.7500000000
52448  -16.624  -41.226  82.989 0.8750000000
52428  -17.168  -40.998  84.415 0.7500000000
53434  -16.420  -40.845  81.255 0.8750000000
53422  -17.516  -40.921  82.610 0.8750000000
54428  -17.987  -40.303  80.960 0.8750000000
53436  -18.202  -40.541  81.866 0.8750000000
55402  -18.898  -39.291  78.918 0.8750000000
67050  -41.415  -25.988  68.750 0.3750000000
67065  -41.459  -26.174  67.693 0.3750000000
136567  -40.691  -26.752  66.841 0.3750000000
66099  -41.070  -26.531  67.254 0.3750000000
129735  -40.936  -26.701  66.189 0.3750000000
66137  -40.973  -26.604  65.444 0.2500000000
141023  -41.370  -26.547  65.900 0.3750000000
119624  -16.505  -44.257  87.719 0.7500000000
50577  -16.577  -43.297  87.886 0.7500000000
51503  -16.905  -42.812  87.660 0.7500000000
123585  -17.613  -43.510  87.842 0.7500000000
51521  -15.781  -42.337  86.457 0.7500000000
51512  -16.041  -42.809  87.373 0.7500000000
51541  -15.026  -42.275  84.606 0.8750000000
51530  -15.280  -42.326  85.473 0.7500000000
51522  -16.665  -41.798  86.305 0.7500000000
132131  -16.716  -42.268  87.030 0.7500000000
51513  -17.528  -42.252  87.159 0.7500000000
52436  -14.773  -42.069  82.861 0.8750000000
52426  -15.689  -41.741  84.230 0.8750000000
52417  -16.746  -41.435  85.664 0.7500000000
52455  -14.910  -41.258  81.575 0.8750000000
52437  -15.720  -41.674  83.212 0.8750000000
52438  -16.468  -41.292  83.898 0.7500000000
53433  -15.480  -40.824  81.056 0.8750000000
52456  -15.829  -41.229  81.766 0.8750000000
67066  -41.924  -26.055  67.268 0.3750000000
67104  -42.536  -25.937  65.912 0.3750000000
67103  -41.647  -26.423  66.275 0.3750000000
67118  -41.236  -26.436  64.645 0.2500000000
119898  -41.781  -26.281  65.440 0.3750000000
137503  -40.702  -26.622  63.727 0.1250000000
121318  -41.568  -26.262  63.960 0.2500000000
67139  -40.700  -26.441  62.608 0.1250000000
50589  -15.440  -43.385  87.673 0.7500000000
122677  -15.878  -43.499  87.740 0.7500000000
50599  -14.132  -43.372  86.682 0.8750000000
50600  -15.113  -42.981  87.021 0.7500000000
51520  -14.771  -42.873  86.071 0.8750000000
50590  -16.027  -42.999  87.854 0.7500000000
67085  -42.893  -25.693  66.520 0.3750000000
120992  -42.617  -25.857  65.093 0.3750000000
67119  -42.013  -26.063  64.561 0.2500000000
139785  -42.619  -25.764  64.418 0.2500000000
68045  -44.408  -24.867  65.950 0.3750000000
67086  -43.670  -25.316  66.325 0.3750000000
67106  -43.944  -25.212  65.562 0.3750000000
67105  -43.349  -25.570  65.375 0.3750000000
120019  -43.266  -25.518  64.725 0.3750000000
67131  -42.934  -25.480  63.879 0.2500000000
68061  -45.295  -24.558  64.896 0.3750000000
67120  -44.130  -25.144  64.948 0.3750000000
138930  -43.719  -25.206  64.408 0.3750000000
68944  -45.636  -24.297  65.530 0.3750000000
68957  -45.599  -24.420  64.900 0.3750000000
68069  -45.004  -24.750  64.726 0.3750000000
68068  -44.445  -24.936  64.417 0.3750000000
67142  -42.945  -25.342  63.065 0.2500000000
68089  -44.135  -24.806  63.008 0.3750000000
68096  -43.864  -24.732  62.025 0.3750000000
68070  -45.352  -24.630  64.664 0.3750000000
68970  -46.198  -24.025  64.774 0.3750000000
68079  -45.158  -24.741  64.301 0.3750000000
68969  -45.601  -24.479  64.483 0.3750000000
68975  -44.903  -24.615  63.361 0.3750000000
69894  -47.032  -23.546  64.349 0.5000000000
68976  -45.547  -24.359  63.697 0.3750000000
68982  -45.341  -24.130  62.758 0.3750000000
68981  -44.612  -24.436  62.396 0.3750000000
68989  -44.435  -24.345  61.411 0.3750000000
68997  -44.322  -24.312  60.441 0.3750000000
69913  -47.559  -23.119  63.603 0.5000000000
69912  -46.821  -23.498  63.369 0.5000000000
68977  -46.166  -23.953  63.990 0.3750000000
69927  -46.650  -23.356  62.480 0.3750000000
68983  -46.048  -23.792  63.091 0.3750000000
69926  -45.906  -23.641  62.150 0.3750000000
68998  -45.033  -23.882  60.819 0.3750000000
68990  -45.158  -23.958  61.787 0.3750000000
69004  -44.933  -23.850  59.851 0.3750000000
69003  -44.224  -24.318  59.467 0.2500000000
69015  -44.857  -23.855  58.848 0.2500000000
69026  -44.814  -23.806  57.817 0.1250000000
76149  -28.609  -16.714  82.537 0.2500000000
75158  -29.002  -17.549  82.318 0.2500000000
70929  -47.887  -22.590  62.239 0.6250000000
69942  -46.523  -23.248  61.599 0.3750000000
69941  -45.817  -23.570  61.193 0.3750000000
69957  -45.679  -23.457  60.244 0.3750000000
69031  -45.531  -23.731  56.307 0.1250000000
140285  -46.814  -23.389  56.059 0.1250000000
71041  -49.509  -22.247  55.327 0.3750000000
71050  -49.501  -21.995  54.817 0.3750000000
120276  -44.868  -23.872  56.856 0.1250000000
71979  -50.829  -20.650  55.095 0.3750000000
84350  -26.279  -7.470  81.660 0.2500000000
129542  -27.191  -8.392  82.555 0.2500000000
82510  -25.975  -9.458  82.634 0.2500000000
81529  -27.123  -10.301  83.367 0.2500000000
81530  -27.922  -10.316  83.349 0.2500000000
79768  -27.661  -11.890  83.395 0.2500000000
79761  -27.633  -13.101  83.287 0.2500000000
76145  -28.422  -16.402  83.122 0.2500000000
77082  -28.169  -15.507  83.162 0.2500000000
79759  -26.680  -12.691  83.949 0.2500000000
69958  -46.518  -23.104  60.650 0.3750000000
69972  -45.577  -23.425  59.275 0.3750000000
71025  -49.493  -22.431  57.076 0.3750000000
69988  -45.567  -23.454  58.262 0.2500000000
70002  -46.381  -23.097  57.641 0.2500000000
70003  -46.980  -22.964  56.752 0.1250000000
71031  -47.884  -22.721  56.824 0.3750000000
71033  -49.520  -22.405  56.103 0.3750000000
70001  -45.568  -23.548  57.244 0.1250000000
70010  -48.174  -22.872  55.986 0.2500000000
71040  -48.734  -22.610  55.492 0.3750000000
71051  -50.086  -21.767  55.202 0.3750000000
84349  -25.300  -7.960  81.434 0.2500000000
83458  -25.886  -8.282  81.875 0.2500000000
80649  -27.024  -11.887  83.646 0.2500000000
140986  -47.989  -22.401  60.590 0.3750000000
69973  -46.291  -23.044  59.683 0.3750000000
69989  -46.249  -23.049  58.733 0.2500000000
71022  -46.860  -22.694  58.339 0.3750000000
71023  -47.261  -22.657  57.619 0.3750000000
71024  -48.649  -22.535  57.353 0.3750000000
70977  -47.695  -22.471  59.757 0.3750000000
71001  -47.673  -22.494  58.571 0.5000000000
124071  -48.545  -22.338  59.195 0.5000000000
124378  -47.996  -22.530  57.712 0.3750000000
84640  -57.043  -7.689  50.393 0.5000000000
84648  -55.992  -7.572  49.265 0.3750000000
92493  -56.338  1.752  46.917 0.5000000000
91694  -55.914  0.827  45.343 0.5000000000
92526  -56.500  1.893  44.030 0.5000000000
43351  -9.419  -48.274  86.843 0.3750000000
42393  -8.929  -49.658  84.425 0.1250000000
42404  -9.048  -49.793  83.709 0.1250000000
45611  -10.115  -47.009  89.107 0.3750000000
43407  -9.623  -49.171  83.527 0.1250000000
42415  -9.307  -49.722  82.798 0.1250000000
42414  -8.571  -50.405  83.123 0.1250000000
43384  -9.394  -49.060  84.930 0.1250000000
43362  -9.460  -48.574  86.160 0.2500000000
128678  -11.836  -46.714  89.729 0.5000000000
43374  -9.361  -48.933  85.501 0.3750000000
120204  -10.844  -47.866  86.558 0.3750000000
45620  -11.700  -47.199  89.176 0.3750000000
46607  -12.168  -46.332  89.950 0.5000000000
45614  -12.175  -47.026  89.450 0.5000000000
46608  -12.606  -46.424  89.730 0.5000000000
44510  -11.443  -47.819  84.273 0.3750000000
43350  -8.694  -48.543  86.805 0.3750000000
50619  -28.732  -43.392  83.688 0.6250000000
59141  -31.751  -35.426  83.085 0.7500000000
61872  -32.998  -32.920  80.461 0.8750000000
59998  -31.983  -34.939  82.227 0.8750000000
54387  -30.056  -39.803  84.111 0.7500000000
58265  -30.992  -35.905  83.445 0.7500000000
60940  -32.438  -34.094  80.954 0.8750000000
59997  -31.499  -35.110  82.714 0.8750000000
58266  -31.395  -35.915  83.401 0.7500000000
52422  -30.195  -41.178  84.702 0.7500000000
55361  -30.184  -38.285  83.122 0.7500000000
61892  -32.721  -31.890  79.940 0.8750000000
60969  -31.707  -33.562  80.613 0.8750000000
53500  -22.800  -40.770  76.406 0.8750000000
53480  -23.184  -40.916  77.232 0.8750000000
55424  -19.495  -39.457  77.225 0.8750000000
54525  -19.790  -39.599  75.019 0.8750000000
55401  -17.933  -39.194  78.812 0.8750000000
55456  -20.156  -39.556  74.295 0.8750000000
133887  -29.622  -36.422  81.066 0.8750000000
56372  -29.542  -37.740  81.417 0.7500000000
56381  -29.220  -37.995  80.704 0.7500000000
57417  -29.786  -36.908  81.559 0.7500000000
121864  -28.190  -38.381  79.200 0.8750000000
55416  -27.613  -38.394  78.394 0.8750000000
55427  -26.959  -38.702  77.596 0.8750000000
53447  -16.062  -40.448  80.481 0.8750000000
54464  -17.284  -39.565  79.337 0.8750000000
55481  -21.530  -39.061  72.000 0.8750000000
59159  -30.478  -36.007  82.037 0.7500000000
59172  -30.614  -35.595  81.857 0.8750000000
143759  -30.154  -35.746  81.182 0.8750000000
134134  -29.924  -36.078  81.104 0.7500000000
55349  -5.954  -39.163  84.393 0.3750000000
57378  -7.296  -37.344  84.166 0.3750000000
48561  -12.336  -45.553  90.008 0.5000000000
57402  -6.614  -36.631  82.739 0.3750000000
57403  -7.242  -36.511  82.282 0.5000000000
60968  -31.085  -33.896  80.848 0.8750000000
139782  -7.700  -36.024  80.538 0.3750000000
45607  -11.269  -46.792  89.599 0.3750000000
47520  -12.320  -46.184  90.048 0.5000000000
62931  -32.714  -30.621  78.866 0.8750000000
58326  -8.773  -35.354  79.820 0.3750000000
136358  -33.826  -29.118  79.318 0.8750000000
66952  -38.291  -26.000  76.178 0.5000000000
126123  -9.668  -34.886  79.120 0.6250000000
60125  -7.401  -33.689  71.510 0.6250000000
63041  -5.072  -30.972  68.584 0.3750000000
67051  -42.070  -25.756  68.062 0.3750000000
67067  -42.497  -25.758  67.235 0.3750000000
68060  -44.694  -24.781  65.157 0.3750000000
69928  -47.368  -23.049  62.768 0.5000000000
70956  -47.311  -22.654  60.606 0.5000000000
92503  -56.426  1.636  45.944 0.5000000000
92514  -56.495  1.659  44.951 0.5000000000
92539  -56.557  2.010  43.159 0.5000000000
51529  -14.446  -42.855  85.103 0.8750000000
141278  -14.265  -42.399  83.345 0.8750000000
51550  -14.948  -42.162  83.730 0.8750000000
59190  -8.845  -35.112  79.210 0.3750000000
69943  -47.174  -22.882  61.957 0.3750000000
69959  -47.035  -22.846  61.243 0.5000000000
71002  -48.580  -22.448  58.228 0.5000000000
71032  -48.755  -22.620  56.458 0.3750000000
119568  -19.527  -45.807  83.169 0.5000000000
59189  -8.061  -35.013  78.719 0.3750000000
59196  -8.404  -34.618  78.025 0.5000000000
58324  -7.385  -35.098  79.005 0.3750000000
59204  -8.236  -34.533  77.188 0.6250000000
44486  -10.528  -48.085  85.885 0.3750000000
43363  -9.988  -48.259  86.038 0.3750000000
120999  -11.148  -47.693  87.323 0.3750000000
51535  -30.190  -41.928  84.790 0.6250000000
139962  -6.703  -36.556  82.150 0.3750000000
55362  -30.195  -38.545  83.324 0.7500000000
44473  -11.785  -47.392  88.647 0.3750000000
44462  -11.003  -47.350  88.607 0.3750000000
129000  -11.878  -47.620  87.954 0.3750000000
45628  -14.045  -47.244  87.850 0.5000000000
136823  -20.898  -45.749  83.597 0.5000000000
56353  -30.116  -37.659  82.977 0.7500000000
61893  -33.261  -31.651  80.105 0.8750000000
59275  -5.557  -35.179  70.177 0.6250000000
59296  -6.783  -34.815  68.963 0.5000000000
58405  -6.460  -36.047  69.626 0.2500000000
59295  -5.983  -34.728  68.854 0.5000000000
58418  -7.052  -35.428  69.257 0.5000000000
45622  -12.956  -47.142  88.887 0.5000000000
46612  -12.468  -46.781  89.626 0.5000000000
46637  -18.554  -45.536  84.977 0.6250000000
46643  -18.915  -45.478  84.829 0.6250000000
47551  -20.460  -45.469  84.333 0.5000000000
47560  -21.211  -45.426  83.726 0.5000000000
55381  -29.664  -38.688  82.439 0.7500000000
57409  -30.051  -36.888  81.965 0.7500000000
58288  -30.246  -36.289  82.519 0.7500000000
56344  -30.603  -37.931  83.756 0.7500000000
143800  -30.226  -36.795  83.398 0.7500000000
56354  -30.315  -37.567  83.344 0.7500000000
58289  -30.318  -36.019  82.702 0.7500000000
60970  -32.372  -33.154  80.440 0.8750000000
60005  -31.249  -34.862  82.058 0.8750000000
60004  -30.858  -35.268  82.088 0.8750000000
131900  -7.827  -33.319  68.545 0.2500000000
61115  -8.835  -33.118  68.448 0.2500000000
60145  -5.057  -33.789  69.287 0.6250000000
47545  -19.843  -45.018  85.130 0.6250000000
54472  -27.951  -39.324  79.828 0.7500000000
122036  -28.563  -39.154  80.727 0.7500000000
60134  -4.715  -33.036  69.543 0.6250000000
48582  -20.160  -44.734  85.365 0.6250000000
53452  -25.180  -40.439  81.021 0.7500000000
54435  -26.782  -40.226  81.582 0.7500000000
49612  -21.628  -43.944  84.847 0.7500000000
49610  -22.893  -43.087  84.435 0.6250000000
52412  -26.191  -42.148  84.060 0.7500000000
53451  -24.238  -40.603  81.026 0.7500000000
129081  -23.917  -40.806  78.966 0.8750000000
50567  -15.015  -44.006  87.826 0.7500000000
51523  -25.676  -42.165  84.133 0.6250000000
52411  -25.080  -42.066  84.309 0.7500000000
128556  -26.023  -41.421  83.466 0.7500000000
120296  -24.815  -40.756  83.054 0.7500000000
132081  -23.562  -40.640  83.996 0.7500000000
54434  -23.703  -40.471  82.296 0.7500000000
54400  -23.091  -40.393  83.368 0.7500000000
54451  -22.882  -40.532  81.278 0.7500000000
53468  -22.202  -40.562  78.931 0.8750000000
53518  -21.661  -40.587  75.764 0.8750000000
53499  -21.961  -40.778  76.354 0.8750000000
54528  -22.269  -40.202  74.309 0.8750000000
49603  -19.736  -44.031  86.044 0.7500000000
51509  -21.231  -42.907  85.706 0.7500000000
130581  -21.852  -42.558  85.424 0.7500000000
52404  -23.329  -41.979  84.592 0.7500000000
52403  -22.422  -42.170  85.000 0.7500000000
52410  -24.140  -41.783  84.462 0.7500000000
52402  -21.806  -42.093  85.351 0.7500000000
54365  -21.801  -40.961  84.517 0.7500000000
54359  -22.810  -40.939  84.749 0.7500000000
53381  -22.984  -41.199  84.808 0.7500000000
54360  -23.398  -40.969  84.557 0.7500000000
54379  -22.639  -40.429  83.815 0.7500000000
54378  -21.860  -40.467  83.842 0.7500000000
142120  -22.795  -40.544  84.214 0.7500000000
54398  -21.688  -40.196  83.287 0.7500000000
54416  -22.476  -40.231  82.449 0.7500000000
137979  -22.054  -40.072  82.006 0.7500000000
136150  -20.674  -39.633  81.580 0.7500000000
54431  -21.886  -40.106  81.294 0.7500000000
54450  -22.262  -40.382  80.834 0.7500000000
54469  -22.017  -40.400  79.823 0.7500000000
54479  -21.190  -40.330  78.188 0.8750000000
53498  -21.495  -40.625  77.050 0.8750000000
54512  -20.488  -40.128  75.582 0.8750000000
54488  -21.163  -40.414  77.583 0.8750000000
54538  -20.874  -39.795  73.952 0.8750000000
54527  -21.445  -40.238  74.502 0.8750000000
52393  -20.319  -42.546  85.716 0.7500000000
53378  -19.654  -41.491  84.887 0.7500000000
53404  -20.086  -40.918  84.201 0.7500000000
54396  -20.229  -40.107  82.900 0.7500000000
54430  -19.826  -39.644  81.397 0.7500000000
54447  -19.518  -39.536  80.580 0.8750000000
54467  -20.640  -39.693  79.260 0.8750000000
54478  -20.680  -40.132  77.798 0.8750000000
55425  -20.085  -39.711  77.740 0.8750000000
66063  -40.256  -26.727  69.078 0.3750000000
50570  -18.257  -43.501  87.424 0.7500000000
52408  -18.338  -41.468  85.906 0.7500000000
53390  -19.216  -41.282  84.624 0.7500000000
53389  -18.524  -41.319  85.166 0.7500000000
52439  -17.247  -41.004  83.568 0.8750000000
53402  -17.813  -41.026  83.969 0.7500000000
52429  -18.035  -41.079  84.711 0.7500000000
53423  -19.346  -40.339  82.710 0.7500000000
130426  -18.774  -41.153  84.502 0.7500000000
54412  -18.869  -40.318  82.110 0.8750000000
54445  -17.647  -39.927  80.133 0.8750000000
54465  -18.261  -39.512  79.548 0.8750000000
137727  -19.410  -40.004  81.936 0.8750000000
55403  -19.828  -39.447  79.049 0.8750000000
55415  -19.461  -39.384  78.166 0.8750000000
50569  -16.897  -43.552  87.914 0.7500000000
51505  -18.408  -42.606  87.038 0.7500000000
51504  -17.751  -42.657  87.466 0.7500000000
52407  -17.510  -41.449  86.062 0.7500000000
52398  -18.365  -41.857  86.327 0.7500000000
52418  -17.291  -41.130  85.256 0.7500000000
52447  -16.052  -41.399  82.467 0.8750000000
53421  -16.655  -41.101  82.096 0.8750000000
53435  -17.328  -40.743  81.565 0.8750000000
53448  -17.050  -40.443  80.691 0.8750000000
67083  -41.567  -26.380  66.919 0.3750000000
66136  -40.221  -26.966  65.566 0.2500000000
50578  -17.336  -43.117  87.904 0.7500000000
51542  -15.658  -41.862  84.979 0.8750000000
51531  -16.037  -41.778  85.653 0.8750000000
52446  -15.307  -41.644  82.294 0.8750000000
67084  -42.152  -26.086  66.671 0.3750000000
126699  -43.303  -25.568  65.921 0.3750000000
68078  -43.691  -25.054  63.666 0.3750000000
134213  -44.501  -24.848  63.822 0.3750000000
68088  -43.374  -25.081  62.616 0.3750000000
70008  -46.257  -23.410  56.613 0.1250000000
78880  -27.751  -13.823  83.244 0.2500000000
70976  -46.930  -22.755  59.982 0.3750000000
71000  -46.917  -22.673  59.178 0.3750000000
91689  -55.945  1.141  46.386 0.5000000000
91701  -56.005  0.910  44.416 0.3750000000
43341  -9.262  -48.109  87.322 0.3750000000
45612  -10.888  -47.016  89.280 0.3750000000
45613  -11.571  -47.012  89.413 0.5000000000
44477  -10.245  -47.962  86.924 0.3750000000
137257  -11.118  -47.185  89.102 0.3750000000
140502  -32.160  -35.520  82.906 0.7500000000
60953  -32.966  -33.160  80.517 0.8750000000
61873  -33.596  -32.551  80.563 0.8750000000
52430  -30.957  -41.344  84.345 0.6250000000
53406  -30.757  -40.344  84.252 0.7500000000
59161  -30.855  -35.320  82.520 0.8750000000
59148  -30.547  -35.723  82.818 0.7500000000
56345  -31.307  -36.921  83.878 0.7500000000
130932  -30.858  -37.001  84.031 0.7500000000
55363  -30.362  -38.754  83.711 0.7500000000
55354  -30.883  -37.946  84.094 0.7500000000
58278  -32.494  -35.849  82.541 0.6250000000
122038  -30.880  -39.080  84.095 0.6250000000
55364  -31.485  -38.499  84.195 0.6250000000
54388  -31.767  -39.442  84.070 0.6250000000
52440  -31.799  -40.869  82.716 0.1250000000
53416  -32.614  -39.893  82.840 0.3750000000
55365  -32.578  -38.136  83.506 0.5000000000
54390  -33.150  -38.608  83.011 0.5000000000
56355  -32.910  -37.165  82.197 0.5000000000
58280  -33.748  -35.216  81.470 0.3750000000
126339  -34.377  -35.470  81.311 0.2500000000
59162  -34.769  -34.175  81.042 0.3750000000
60011  -34.981  -33.545  80.931 0.3750000000
49631  -29.230  -43.447  81.981 0.5000000000
123936  -30.146  -42.958  82.905 0.5000000000
51551  -30.891  -42.334  83.848 0.5000000000
50625  -30.540  -42.451  82.523 0.3750000000
125685  -31.137  -42.051  83.098 0.5000000000
52431  -31.467  -41.434  83.862 0.3750000000
48617  -27.400  -43.315  80.453 0.1250000000
49634  -28.870  -43.352  81.404 0.2500000000
50629  -30.309  -42.205  81.750 0.2500000000
51557  -31.389  -41.417  82.550 0.2500000000
52432  -31.933  -40.678  83.305 0.2500000000
51562  -31.176  -41.287  81.726 0.1250000000
55356  -32.308  -37.239  83.064 0.5000000000
131697  -33.057  -35.867  81.926 0.3750000000
59152  -34.109  -34.493  81.225 0.3750000000
141155  -34.312  -33.097  80.779 0.6250000000
60943  -34.668  -33.151  80.840 0.6250000000
61886  -37.609  -31.659  80.163 0.6250000000
143149  -38.060  -31.190  79.850 0.6250000000
43338  -7.510  -48.700  87.244 0.2500000000
43340  -8.680  -48.261  87.281 0.2500000000
44466  -7.340  -47.937  88.069 0.2500000000
43339  -8.023  -48.477  87.200 0.2500000000
49627  -28.798  -43.604  82.712 0.5000000000
124636  -29.517  -43.211  83.348 0.5000000000
42357  -8.177  -49.081  86.332 0.2500000000
48608  -27.785  -43.650  81.682 0.3750000000
48612  -27.107  -43.568  81.362 0.2500000000
49633  -28.204  -43.499  81.270 0.3750000000
48616  -26.954  -43.488  80.724 0.2500000000
48613  -27.591  -43.489  81.086 0.2500000000
50620  -30.232  -42.762  83.745 0.5000000000
53408  -32.335  -39.873  83.511 0.3750000000
48620  -25.858  -43.662  79.503 0.2500000000
53407  -31.705  -40.621  84.027 0.3750000000
55355  -31.733  -37.629  83.977 0.5000000000
59151  -33.380  -35.056  81.455 0.6250000000
60009  -34.237  -33.976  81.025 0.6250000000
60954  -33.823  -32.811  80.675 0.6250000000
60955  -34.345  -32.279  80.714 0.6250000000
62917  -33.821  -31.037  80.018 0.6250000000
62911  -35.158  -30.404  80.415 0.6250000000
44468  -8.760  -47.901  87.801 0.2500000000
45650  -12.611  -47.062  83.799 0.2500000000
126708  -12.044  -47.342  83.069 0.1250000000
45656  -12.514  -47.147  82.131 0.1250000000
47623  -24.117  -45.010  79.682 0.2500000000
126879  -26.245  -43.635  80.937 0.3750000000
51545  -31.009  -42.003  84.282 0.5000000000
46692  -22.836  -46.804  78.501 0.2500000000
46682  -23.332  -46.196  79.175 0.2500000000
47609  -25.064  -44.121  79.939 0.2500000000
47667  -21.586  -46.044  76.899 0.2500000000
137136  -22.427  -46.861  78.556 0.2500000000
46693  -23.201  -46.471  78.473 0.2500000000
135448  -24.162  -45.070  78.834 0.2500000000
65013  -37.535  -29.009  80.065 0.6250000000
48602  -27.236  -43.623  82.824 0.3750000000
128172  -13.478  -46.732  84.332 0.2500000000
45646  -14.120  -46.749  85.029 0.2500000000
47584  -25.240  -43.834  81.532 0.3750000000
48611  -26.310  -43.625  81.522 0.3750000000
45651  -13.393  -46.718  83.590 0.1250000000
46650  -14.329  -46.371  84.279 0.1250000000
47596  -24.205  -44.580  81.083 0.3750000000
45654  -13.331  -46.731  82.808 0.1250000000
46670  -22.902  -46.853  79.832 0.2500000000
125447  -23.737  -45.532  80.834 0.3750000000
47597  -25.240  -43.926  81.018 0.3750000000
128107  -13.903  -46.217  81.670 0.1250000000
46680  -22.638  -46.867  79.133 0.2500000000
46671  -23.258  -46.462  79.843 0.2500000000
46690  -22.003  -46.658  78.244 0.2500000000
46679  -22.064  -46.687  79.015 0.2500000000
47637  -20.869  -45.667  78.240 0.2500000000
47638  -21.420  -46.306  78.696 0.2500000000
47663  -17.281  -44.408  76.290 0.1250000000
44469  -9.466  -47.749  87.861 0.2500000000
44461  -10.349  -47.310  88.617 0.2500000000
122358  -15.355  -46.048  84.630 0.1250000000
46655  -14.166  -46.254  83.364 0.1250000000
121793  -15.723  -45.591  83.406 0.1250000000
46660  -14.094  -46.207  82.533 0.1250000000
46661  -14.929  -45.581  82.052 0.1250000000
46662  -15.961  -45.248  81.958 0.1250000000
47602  -18.022  -44.919  80.834 0.1250000000
47595  -23.361  -46.238  81.182 0.3750000000
47587  -15.538  -45.153  81.229 0.1250000000
122292  -17.028  -44.660  80.283 0.1250000000
131906  -19.003  -45.135  80.715 0.2500000000
47604  -20.467  -46.029  80.249 0.2500000000
47620  -21.409  -46.448  79.685 0.2500000000
47615  -15.237  -45.257  80.294 0.1250000000
48619  -18.351  -44.655  79.292 0.1250000000
124686  -19.280  -45.042  79.358 0.2500000000
126216  -15.018  -45.363  79.393 0.1250000000
47632  -15.657  -45.010  78.657 0.1250000000
47633  -16.721  -44.627  78.596 0.1250000000
47635  -18.908  -44.729  78.583 0.1250000000
47636  -20.026  -45.080  78.679 0.2500000000
47647  -16.191  -44.755  77.889 0.1250000000
127021  -17.321  -44.511  77.778 0.1250000000
125014  -18.479  -44.473  77.802 0.1250000000
119678  -19.447  -44.655  77.958 0.1250000000
47646  -15.227  -45.250  78.035 0.1250000000
121041  -18.067  -44.377  76.921 0.1250000000
47649  -19.336  -44.388  77.106 0.1250000000
123070  -15.674  -44.920  77.313 0.1250000000
47648  -16.747  -44.571  77.107 0.1250000000
47575  -16.592  -45.410  83.249 0.2500000000
47576  -17.747  -45.307  82.956 0.2500000000
47618  -18.701  -44.965  80.039 0.2500000000
80742  -40.332  -11.581  75.422 0.1250000000
80743  -41.355  -11.421  75.351 0.1250000000
80728  -39.807  -12.380  75.659 0.1250000000
80729  -40.824  -12.202  75.784 0.1250000000
130291  -41.760  -12.057  75.609 0.1250000000
79819  -40.448  -13.009  75.979 0.2500000000
79830  -42.465  -12.053  75.287 0.1250000000
79820  -41.353  -12.826  75.984 0.1250000000
78927  -41.053  -13.625  76.131 0.2500000000
79829  -42.393  -12.860  75.400 0.1250000000
78926  -40.192  -13.698  75.900 0.2500000000
78028  -41.610  -14.193  75.878 0.2500000000
78928  -41.880  -13.357  75.926 0.1250000000
78943  -42.269  -13.971  74.879 0.1250000000
78935  -39.389  -13.868  75.467 0.2500000000
78043  -39.826  -14.967  75.258 0.2500000000
78027  -40.724  -14.342  75.892 0.2500000000
78036  -41.289  -14.891  75.526 0.2500000000
78037  -41.920  -14.610  75.294 0.2500000000
78052  -38.816  -14.865  74.576 0.2500000000
78042  -39.192  -14.520  75.087 0.2500000000
78044  -40.424  -15.328  75.186 0.2500000000
78045  -41.656  -15.386  75.011 0.2500000000
78046  -42.060  -14.914  74.804 0.2500000000
77135  -39.425  -15.049  74.933 0.2500000000
77136  -40.012  -15.472  74.931 0.2500000000
77137  -40.808  -15.923  74.932 0.2500000000
77129  -41.064  -15.476  75.190 0.2500000000
76196  -41.468  -16.079  74.730 0.2500000000
125569  -41.890  -15.820  74.630 0.2500000000
76202  -41.802  -16.678  74.230 0.2500000000
76200  -39.518  -16.539  73.931 0.2500000000
77143  -40.232  -16.252  74.530 0.2500000000
76201  -41.148  -16.749  74.613 0.2500000000
76216  -41.793  -17.383  73.436 0.2500000000
75264  -41.747  -17.853  72.664 0.2500000000
123910  -38.813  -16.032  73.706 0.2500000000
76214  -39.703  -17.318  73.219 0.2500000000
119200  -40.433  -17.162  74.125 0.2500000000
75262  -40.607  -17.687  73.531 0.2500000000
75263  -41.158  -17.940  73.196 0.2500000000
75270  -41.855  -18.069  72.032 0.2500000000
124468  -39.514  -17.666  72.318 0.2500000000
75268  -40.303  -17.930  72.692 0.2500000000
75269  -41.028  -18.254  72.144 0.2500000000
119413  -34.887  -14.484  69.149 0.2500000000
78096  -35.042  -14.875  68.164 0.2500000000
78127  -33.994  -14.989  67.015 0.3750000000
77235  -33.555  -15.594  65.406 0.3750000000
80741  -39.349  -11.632  75.281 0.1250000000
81625  -39.879  -11.000  74.859 0.1250000000
81626  -40.926  -10.898  74.880 0.1250000000
80727  -38.919  -12.116  75.372 0.1250000000
81627  -41.883  -10.722  74.802 0.1250000000
80745  -42.825  -10.909  74.697 0.1250000000
79818  -39.273  -12.826  75.558 0.1250000000
80726  -38.150  -11.656  75.472 0.1250000000
79817  -38.633  -12.419  75.434 0.1250000000
81629  -43.128  -10.562  74.301 0.1250000000
79838  -42.793  -12.182  74.877 0.1250000000
79828  -38.496  -12.756  75.404 0.1250000000
78924  -39.062  -13.181  75.469 0.1250000000
130746  -39.806  -13.129  75.771 0.1250000000
81645  -43.311  -10.973  74.158 0.1250000000
79842  -42.833  -12.224  74.408 0.1250000000
79827  -37.758  -12.366  75.440 0.1250000000
78933  -38.355  -13.189  75.249 0.1250000000
78934  -38.940  -13.518  75.338 0.1250000000
78033  -39.215  -14.084  75.302 0.2500000000
78941  -38.052  -13.635  74.807 0.1250000000
78942  -38.773  -13.892  75.115 0.2500000000
79841  -42.454  -13.064  74.347 0.1250000000
78948  -41.948  -14.012  74.329 0.1250000000
78952  -36.127  -13.810  72.559 0.1250000000
78053  -41.967  -14.976  74.067 0.1250000000
120458  -42.038  -15.758  73.760 0.2500000000
121960  -36.475  -14.364  72.213 0.1250000000
77151  -42.310  -16.272  73.056 0.2500000000
76217  -42.247  -17.114  72.661 0.2500000000
75265  -42.284  -17.619  72.244 0.2500000000
78064  -35.888  -14.018  71.760 0.1250000000
76229  -42.804  -17.040  72.011 0.2500000000
78073  -35.645  -14.186  70.991 0.1250000000
78083  -35.439  -14.448  69.991 0.1250000000
78111  -34.252  -14.705  67.842 0.2500000000
77224  -33.747  -15.309  66.209 0.3750000000
78110  -33.601  -14.471  67.537 0.3750000000
78094  -33.866  -14.182  68.427 0.2500000000
78126  -33.220  -14.744  66.710 0.3750000000
78142  -33.016  -15.159  65.897 0.3750000000
130718  -32.698  -14.612  66.179 0.3750000000
77256  -32.078  -14.962  62.911 0.3750000000
77246  -32.758  -15.401  64.235 0.3750000000
77284  -31.429  -15.394  61.722 0.5000000000
80740  -38.463  -11.386  75.296 0.1250000000
81644  -41.521  -10.244  74.314 0.1250000000
127603  -37.492  -11.055  75.634 0.1250000000
82600  -42.077  -9.588  73.832 0.1250000000
82583  -42.347  -10.131  74.274 0.1250000000
142848  -42.894  -10.133  74.173 0.1250000000
82618  -42.590  -8.894  73.427 0.1250000000
82601  -42.818  -9.617  73.804 0.1250000000
79815  -36.958  -11.541  75.700 0.1250000000
79816  -37.791  -11.827  75.571 0.1250000000
83556  -42.988  -8.071  72.987 0.1250000000
127913  -43.451  -8.039  73.020 0.1250000000
83535  -43.337  -8.980  73.349 0.1250000000
82619  -43.534  -9.454  73.290 0.1250000000
81657  -43.366  -10.219  73.737 0.1250000000
80738  -36.254  -11.271  75.819 0.1250000000
81656  -43.345  -10.648  73.587 0.1250000000
80761  -43.186  -11.443  73.971 0.1250000000
79825  -36.146  -11.702  75.260 0.1250000000
80736  -34.623  -10.761  75.780 0.1250000000
80753  -35.406  -11.249  75.061 0.1250000000
79836  -37.545  -12.868  75.078 0.1250000000
78940  -37.189  -13.305  74.357 0.1250000000
80769  -43.071  -11.129  73.358 0.1250000000
80760  -42.685  -12.048  73.829 0.1250000000
78954  -41.420  -13.987  73.465 0.1250000000
80752  -34.535  -10.812  74.916 0.1250000000
80759  -35.351  -11.415  74.097 0.1250000000
79834  -36.001  -11.989  74.410 0.1250000000
78946  -36.403  -12.847  73.895 0.1250000000
78947  -36.682  -13.616  73.475 0.1250000000
80751  -33.522  -10.632  74.738 0.1250000000
80758  -34.619  -10.868  73.862 0.1250000000
80765  -35.329  -11.614  73.095 0.1250000000
79840  -35.821  -12.257  73.468 0.1250000000
79847  -35.564  -12.625  72.632 0.1250000000
78951  -35.946  -13.192  73.084 0.1250000000
80757  -33.710  -10.566  73.688 0.1250000000
80764  -34.664  -11.093  72.838 0.1250000000
123528  -35.682  -13.333  72.398 0.1250000000
78959  -35.663  -13.614  71.970 0.1250000000
77150  -41.811  -15.279  72.804 0.2500000000
80763  -33.913  -10.622  72.612 0.1250000000
79846  -35.196  -11.988  72.201 0.1250000000
78958  -35.325  -13.044  71.849 0.1250000000
78964  -35.408  -13.677  71.391 0.1250000000
77163  -41.643  -15.242  72.036 0.2500000000
81680  -32.993  -10.474  72.361 0.1250000000
80773  -34.645  -11.377  71.892 0.1250000000
79852  -34.886  -12.407  71.437 0.1250000000
78963  -34.960  -13.240  71.085 0.1250000000
80772  -33.957  -10.861  71.599 0.1250000000
80779  -34.417  -11.772  71.070 0.1250000000
79859  -34.565  -12.695  70.714 0.1250000000
124197  -34.635  -13.423  70.366 0.1250000000
78072  -35.072  -13.872  70.672 0.1250000000
80778  -33.821  -11.130  70.690 0.1250000000
79858  -34.081  -12.106  70.325 0.1250000000
79867  -34.265  -12.912  69.985 0.1250000000
78082  -34.737  -14.016  69.883 0.1250000000
80784  -33.510  -11.483  69.875 0.1250000000
79866  -33.732  -12.407  69.584 0.1250000000
78971  -34.315  -13.582  69.657 0.1250000000
78095  -34.307  -14.133  69.175 0.1250000000
78970  -33.868  -13.177  69.327 0.1250000000
144002  -33.936  -13.771  69.092 0.2500000000
78986  -33.336  -13.836  67.885 0.2500000000
141873  -33.105  -14.167  67.250 0.2500000000
78154  -32.272  -14.899  64.713 0.3750000000
78141  -32.459  -14.772  65.525 0.3750000000
78179  -31.241  -14.651  62.792 0.5000000000
78153  -31.698  -14.416  64.327 0.3750000000
78140  -31.896  -14.251  65.171 0.3750000000
77266  -30.880  -14.949  62.139 0.5000000000
81624  -38.905  -10.907  74.938 0.1250000000
81642  -39.390  -10.346  74.295 0.1250000000
81643  -40.484  -10.364  74.278 0.1250000000
81606  -36.279  -10.391  76.438 0.1250000000
82632  -43.762  -9.124  72.770 0.1250000000
82631  -43.534  -9.571  72.606 0.1250000000
80723  -35.565  -10.716  76.272 0.1250000000
81605  -35.598  -10.398  76.687 0.1250000000
80725  -36.917  -10.979  75.875 0.1250000000
85337  -43.579  -6.859  72.385 0.1250000000
84419  -43.690  -7.632  72.597 0.1250000000
83557  -43.820  -8.667  72.881 0.1250000000
81669  -43.531  -9.881  73.193 0.1250000000
80722  -34.894  -10.653  76.256 0.1250000000
80724  -36.270  -10.834  76.153 0.1250000000
85348  -44.103  -6.306  72.098 0.1250000000
85338  -44.294  -7.137  72.295 0.1250000000
83558  -44.212  -7.909  72.487 0.1250000000
83578  -44.056  -8.379  72.357 0.1250000000
81668  -43.351  -10.324  72.986 0.1250000000
81684  -43.163  -9.976  72.473 0.1250000000
80737  -35.497  -11.009  75.793 0.1250000000
86197  -45.189  -5.837  71.417 0.1250000000
85349  -44.833  -6.603  71.875 0.1250000000
84434  -44.930  -7.152  71.731 0.1250000000
81667  -42.812  -10.657  72.739 0.1250000000
80767  -42.026  -10.972  72.496 0.1250000000
80735  -33.478  -10.629  75.716 0.1250000000
80768  -42.331  -11.562  73.170 0.1250000000
139279  -41.031  -12.983  72.910 0.1250000000
78953  -40.866  -13.907  72.552 0.1250000000
81666  -32.728  -10.524  73.485 0.1250000000
78960  -40.328  -13.877  71.637 0.1250000000
78059  -41.088  -14.621  72.183 0.1250000000
141979  -40.161  -14.148  71.055 0.1250000000
78067  -40.736  -14.599  71.222 0.1250000000
124596  -31.440  -10.487  71.588 0.1250000000
81679  -32.120  -10.488  71.992 0.1250000000
77188  -41.463  -14.981  70.321 0.1250000000
77175  -41.460  -15.176  71.163 0.1250000000
77176  -42.254  -15.496  71.132 0.2500000000
81694  -31.346  -10.391  70.750 0.1250000000
77189  -42.147  -15.148  70.212 0.1250000000
81710  -31.225  -10.386  69.786 0.1250000000
81695  -32.268  -10.444  70.948 0.1250000000
81712  -33.061  -10.705  70.304 0.1250000000
81696  -33.140  -10.569  71.275 0.1250000000
139039  -30.088  -10.238  68.978 0.1250000000
81724  -30.966  -10.475  68.791 0.1250000000
81711  -32.179  -10.485  69.984 0.1250000000
79872  -33.393  -12.722  68.845 0.2500000000
81725  -31.982  -10.609  69.055 0.1250000000
79865  -33.175  -11.840  69.086 0.1250000000
78976  -33.560  -13.493  68.634 0.1250000000
78995  -32.249  -13.176  66.567 0.3750000000
78985  -32.827  -13.513  67.336 0.3750000000
79007  -32.257  -14.085  65.976 0.3750000000
79006  -31.744  -13.414  65.615 0.3750000000
78165  -30.866  -14.146  63.324 0.3750000000
78194  -30.031  -14.807  61.888 0.5000000000
81641  -38.472  -10.157  74.520 0.1250000000
81623  -38.063  -10.620  75.167 0.1250000000
82599  -41.115  -9.690  73.729 0.1250000000
80739  -37.703  -10.901  75.494 0.1250000000
82617  -41.649  -8.917  73.326 0.1250000000
81607  -36.882  -10.414  75.927 0.1250000000
83555  -42.074  -8.162  72.905 0.1250000000
133333  -43.120  -7.343  72.595 0.1250000000
82643  -43.775  -9.121  71.856 0.1250000000
86196  -44.900  -5.086  71.354 0.1250000000
86187  -43.694  -5.477  71.876 0.1250000000
84451  -44.683  -7.582  71.562 0.1250000000
83600  -44.272  -8.231  71.863 0.1250000000
82642  -43.367  -9.412  71.956 0.1250000000
81621  -34.054  -10.552  76.426 0.1250000000
86198  -45.536  -5.145  71.007 0.1250000000
85367  -45.577  -5.849  71.040 0.1250000000
85366  -45.433  -6.360  70.955 0.1250000000
84452  -45.105  -6.985  71.252 0.1250000000
85365  -45.159  -6.749  70.825 0.1250000000
81683  -42.586  -10.063  72.091 0.1250000000
87120  -45.956  -4.810  70.542 0.1250000000
86205  -45.812  -5.354  70.717 0.1250000000
130486  -45.714  -5.751  70.633 0.1250000000
85403  -45.851  -5.320  69.756 0.1250000000
82641  -42.819  -9.429  71.623 0.1250000000
132727  -45.926  -4.234  70.299 0.1250000000
79854  -40.328  -12.902  72.197 0.1250000000
79848  -40.847  -12.161  72.511 0.1250000000
81655  -32.549  -10.615  74.497 0.1250000000
136988  -39.924  -12.312  71.721 0.1250000000
79861  -39.195  -13.083  70.840 0.1250000000
78066  -39.750  -13.711  70.970 0.1250000000
81678  -31.036  -10.659  72.543 0.1250000000
78966  -39.346  -13.706  70.298 0.1250000000
78076  -40.764  -14.746  70.361 0.1250000000
81693  -30.554  -10.383  70.596 0.1250000000
81677  -30.411  -10.614  71.719 0.1250000000
134170  -40.836  -14.822  69.582 0.1250000000
140632  -41.436  -14.944  69.611 0.1250000000
81723  -29.400  -10.160  68.664 0.1250000000
81709  -30.304  -10.288  69.795 0.1250000000
137817  -42.643  -15.180  69.908 0.1250000000
81732  -28.590  -10.246  67.324 0.1250000000
82678  -27.876  -10.207  67.022 0.1250000000
81733  -29.359  -10.256  67.656 0.1250000000
81734  -30.280  -10.397  68.013 0.1250000000
80790  -31.771  -10.899  68.228 0.2500000000
80800  -32.228  -11.682  67.809 0.2500000000
81740  -28.430  -10.491  66.468 0.1250000000
81742  -30.048  -10.537  66.997 0.1250000000
80798  -30.870  -10.805  67.218 0.2500000000
80805  -29.748  -10.747  66.262 0.1250000000
80807  -31.362  -11.749  66.302 0.2500000000
79871  -32.840  -12.223  68.315 0.2500000000
78975  -33.091  -13.082  68.087 0.2500000000
80814  -28.881  -11.101  65.307 0.1250000000
80806  -30.652  -11.136  66.223 0.3750000000
80817  -31.082  -11.908  65.641 0.3750000000
79885  -31.867  -12.037  66.922 0.2500000000
79876  -32.527  -12.634  67.505 0.2500000000
80846  -28.764  -12.103  64.034 0.2500000000
79908  -30.209  -12.300  64.490 0.3750000000
79895  -30.652  -12.144  64.983 0.3750000000
124786  -31.615  -12.494  66.034 0.2500000000
79922  -28.479  -12.420  63.478 0.3750000000
79923  -29.200  -12.673  63.597 0.3750000000
79020  -30.667  -12.850  64.539 0.3750000000
79896  -31.204  -12.726  65.231 0.3750000000
79055  -27.989  -12.997  62.464 0.5000000000
79942  -28.584  -12.863  63.011 0.3750000000
79943  -29.168  -13.233  63.098 0.3750000000
79035  -30.586  -13.506  63.875 0.3750000000
79021  -31.290  -13.611  64.671 0.3750000000
121607  -28.760  -13.529  62.506 0.5000000000
79056  -29.600  -13.756  62.873 0.5000000000
82598  -39.984  -9.703  73.692 0.1250000000
82616  -40.585  -8.968  73.199 0.1250000000
82614  -38.513  -8.842  73.304 0.1250000000
81622  -37.366  -10.156  75.598 0.1250000000
83554  -41.083  -8.175  72.836 0.1250000000
84417  -41.490  -7.397  72.577 0.1250000000
81585  -35.788  -9.996  77.172 0.1250000000
85347  -43.187  -6.062  72.140 0.1250000000
81604  -34.844  -10.458  76.680 0.1250000000
83609  -44.203  -8.036  71.343 0.1250000000
83599  -43.777  -8.668  71.660 0.1250000000
82651  -43.242  -8.988  71.488 0.1250000000
138788  -33.167  -10.500  76.300 0.1250000000
87109  -45.149  -4.605  71.027 0.1250000000
84492  -44.761  -6.673  70.316 0.1250000000
84472  -44.649  -7.380  70.937 0.1250000000
82650  -42.626  -8.983  71.176 0.1250000000
82649  -41.758  -9.368  70.973 0.1250000000
81639  -32.459  -10.633  75.321 0.1250000000
85402  -45.332  -5.898  69.865 0.1250000000
82640  -42.147  -9.720  71.512 0.1250000000
81699  -41.321  -10.101  71.330 0.1250000000
80766  -41.230  -11.347  72.256 0.1250000000
81638  -31.713  -10.737  74.902 0.1250000000
82648  -40.904  -9.741  70.753 0.1250000000
81681  -40.868  -10.913  71.690 0.1250000000
81654  -31.513  -10.757  74.314 0.1250000000
81653  -30.496  -11.008  74.424 0.1250000000
81698  -40.452  -10.513  71.108 0.1250000000
80774  -39.959  -11.457  71.426 0.1250000000
81664  -30.600  -10.899  73.607 0.1250000000
81663  -29.928  -10.995  73.046 0.1250000000
80780  -39.290  -11.674  70.936 0.1250000000
124341  -39.394  -12.332  71.243 0.1250000000
120218  -29.548  -10.519  70.964 0.1250000000
81708  -29.421  -10.226  69.747 0.1250000000
81722  -28.645  -10.128  68.260 0.1250000000
81640  -37.834  -9.809  75.037 0.1250000000
82596  -38.108  -9.383  74.127 0.1250000000
83552  -39.167  -8.259  73.004 0.1250000000
82615  -39.425  -8.976  73.106 0.1250000000
84416  -40.572  -7.360  72.739 0.1250000000
82570  -36.885  -9.493  76.347 0.1250000000
84431  -41.836  -6.651  72.400 0.1250000000
85346  -42.173  -5.832  72.312 0.1250000000
86186  -42.796  -5.213  72.110 0.1250000000
120250  -43.949  -7.859  70.855 0.1250000000
83608  -43.449  -8.426  71.114 0.1250000000
81603  -33.492  -10.359  76.749 0.1250000000
87095  -44.129  -4.924  71.554 0.1250000000
84471  -43.255  -7.919  70.613 0.1250000000
140693  -42.810  -8.416  70.782 0.1250000000
81620  -32.450  -10.562  75.854 0.1250000000
87119  -45.569  -4.434  70.676 0.1250000000
85401  -44.472  -6.211  69.677 0.1250000000
84491  -42.894  -7.467  70.109 0.1250000000
81652  -29.641  -11.222  74.154 0.1250000000
82657  -41.306  -9.015  70.419 0.1250000000
119829  -29.084  -11.068  72.469 0.1250000000
81697  -39.601  -10.920  70.798 0.1250000000
82656  -40.453  -9.398  70.121 0.1250000000
71795  -12.387  -21.547  70.172 0.1250000000
82595  -37.712  -9.003  74.913 0.1250000000
84414  -38.775  -7.930  73.502 0.1250000000
83520  -37.584  -8.614  75.695 0.1250000000
82569  -36.381  -9.812  76.813 0.1250000000
85345  -41.376  -6.006  72.489 0.1250000000
82558  -36.109  -9.280  77.620 0.1250000000
81583  -34.002  -10.165  77.230 0.1250000000
87978  -44.396  -3.777  70.887 0.1250000000
87107  -43.728  -4.309  71.422 0.1250000000
124237  -32.658  -10.408  76.402 0.1250000000
87979  -45.015  -4.044  70.798 0.1250000000
81618  -30.919  -10.599  75.505 0.1250000000
87985  -45.521  -3.715  70.335 0.1250000000
83607  -42.483  -8.062  70.374 0.1250000000
135435  -29.063  -11.293  73.536 0.1250000000
83611  -40.831  -8.669  69.776 0.1250000000
81676  -28.442  -10.809  71.741 0.1250000000
121909  -27.725  -10.648  71.270 0.1250000000
130579  -25.703  -10.234  69.589 0.1250000000
80852  -49.330  -10.358  64.259 0.5000000000
84407  -38.584  -7.530  74.520 0.1250000000
83499  -36.937  -8.670  77.007 0.1250000000
82559  -36.597  -9.156  77.174 0.1250000000
81584  -34.904  -10.146  77.199 0.1250000000
87094  -43.283  -4.679  71.756 0.1250000000
81582  -33.102  -10.098  76.891 0.1250000000
88850  -44.013  -3.248  70.873 0.1250000000
87977  -43.798  -3.783  71.185 0.1250000000
81619  -31.805  -10.473  75.972 0.1250000000
81602  -32.221  -10.270  76.381 0.1250000000
87984  -44.770  -3.443  70.581 0.1250000000
80734  -30.140  -10.852  75.179 0.1250000000
123733  -28.197  -11.045  72.687 0.1250000000
81675  -27.705  -10.756  72.312 0.1250000000
81674  -27.111  -10.513  71.788 0.1250000000
81705  -26.419  -10.394  69.796 0.1250000000
81690  -25.950  -10.060  70.410 0.1250000000
81689  -25.116  -9.999  70.133 0.1250000000
81688  -24.242  -10.257  69.903 0.1250000000
119521  -22.352  -11.676  69.663 0.1250000000
81702  -22.855  -11.038  69.864 0.1250000000
82567  -31.986  -10.103  76.418 0.1250000000
89751  -44.533  -2.413  70.216 0.1250000000
79864  -22.162  -12.347  69.386 0.1250000000
80777  -22.281  -11.506  70.533 0.1250000000
141839  -23.418  -10.551  70.045 0.1250000000
62910  -34.778  -30.748  80.312 0.6250000000
61867  -34.562  -32.620  80.779 0.6250000000
141724  -34.303  -29.611  79.917 0.6250000000
76213  -38.948  -16.662  73.291 0.2500000000
77212  -34.777  -15.117  67.256 0.2500000000
122387  -49.592  -9.597  63.257 0.5000000000
78167  -32.173  -14.939  63.846 0.3750000000
75278  -40.647  -18.431  71.204 0.2500000000
78178  -30.326  -14.347  62.642 0.5000000000
80832  -29.109  -11.569  64.702 0.2500000000
81739  -27.671  -10.360  66.188 0.1250000000
81751  -29.013  -10.797  65.975 0.1250000000
82671  -27.942  -10.071  67.891 0.1250000000
82677  -27.154  -10.030  66.756 0.1250000000
45645  -13.064  -46.967  84.938 0.2500000000
134122  -12.189  -47.296  84.325 0.2500000000
47589  -17.838  -45.072  81.926 0.2500000000
120692  -18.839  -45.261  81.474 0.2500000000
119794  -21.027  -46.406  80.898 0.2500000000
47605  -21.766  -46.673  80.514 0.2500000000
138945  -22.565  -46.887  80.493 0.2500000000
122546  -19.572  -45.326  80.144 0.2500000000
63985  -34.487  -30.465  80.157 0.6250000000
57377  -32.080  -36.333  83.118 0.6250000000
57376  -31.558  -36.379  83.520 0.6250000000
136338  -32.503  -34.746  81.572 0.7500000000
44471  -10.091  -47.688  87.732 0.2500000000
61874  -34.060  -32.002  80.613 0.6250000000
59150  -32.802  -35.115  81.691 0.6250000000
60008  -33.211  -34.038  80.895 0.7500000000
131605  -32.097  -38.537  84.020 0.5000000000
52441  -32.239  -40.333  82.677 0.1250000000
50624  -29.952  -42.991  82.034 0.3750000000
51556  -30.875  -41.815  82.188 0.3750000000
126701  -26.076  -43.599  80.289 0.2500000000
62909  -34.263  -31.270  80.313 0.6250000000
44522  -11.805  -47.516  83.553 0.1250000000
45653  -12.606  -47.108  82.967 0.1250000000
44532  -11.932  -47.508  82.428 0.1250000000
45657  -12.943  -46.789  81.448 0.1250000000
47639  -23.686  -45.614  79.219 0.2500000000
134634  -23.791  -45.478  80.301 0.2500000000
47608  -24.363  -44.608  80.488 0.3750000000
134091  -25.355  -43.880  80.545 0.3750000000
47622  -23.574  -45.857  79.811 0.2500000000
122968  -23.604  -45.840  78.562 0.2500000000
47652  -21.497  -46.191  77.821 0.2500000000
134248  -13.316  -46.631  82.144 0.1250000000
47621  -22.262  -46.818  79.787 0.2500000000
47607  -23.545  -46.137  80.448 0.2500000000
46669  -14.547  -45.667  81.024 0.1250000000
47650  -20.381  -44.878  77.592 0.2500000000
47651  -21.084  -45.608  77.450 0.1250000000
47619  -20.670  -45.922  79.155 0.2500000000
46651  -15.095  -45.890  83.836 0.1250000000
46656  -14.918  -45.699  83.032 0.1250000000
46657  -15.815  -45.435  82.696 0.1250000000
47588  -16.750  -44.901  81.355 0.1250000000
119679  -16.791  -45.200  82.378 0.2500000000
48615  -17.910  -44.661  79.966 0.1250000000
47601  -16.081  -44.802  80.562 0.1250000000
135426  -20.037  -45.463  79.517 0.2500000000
141111  -21.173  -46.422  80.342 0.2500000000
47616  -16.100  -44.767  79.569 0.1250000000
47617  -17.319  -44.563  79.351 0.1250000000
47634  -17.843  -44.495  78.546 0.1250000000
142766  -14.824  -45.435  78.693 0.1250000000
77142  -39.281  -15.609  74.397 0.2500000000
76215  -41.283  -17.455  74.048 0.2500000000
136461  -34.432  -14.489  68.573 0.2500000000
82602  -43.236  -9.847  73.785 0.1250000000
78060  -41.582  -14.762  73.083 0.1250000000
77152  -42.477  -16.478  72.336 0.2500000000
78125  -32.701  -14.076  66.684 0.3750000000
78166  -31.556  -14.519  63.513 0.3750000000
79826  -36.898  -12.126  75.391 0.1250000000
79835  -36.709  -12.508  74.796 0.1250000000
79849  -41.872  -12.825  73.603 0.1250000000
77164  -42.232  -15.757  71.996 0.2500000000
84418  -42.389  -7.401  72.587 0.1250000000
85358  -45.231  -6.493  71.377 0.1250000000
127338  -41.512  -11.951  72.851 0.1250000000
79853  -39.731  -13.071  71.478 0.1250000000
81665  -31.706  -10.626  73.216 0.1250000000
78075  -40.035  -14.259  70.470 0.1250000000
80783  -32.832  -10.932  69.411 0.1250000000
81735  -31.121  -10.680  67.914 0.1250000000
80791  -32.524  -11.294  68.600 0.1250000000
84432  -42.724  -6.690  72.373 0.1250000000
85383  -45.438  -6.193  70.486 0.1250000000
86225  -46.108  -4.955  69.863 0.1250000000
81682  -41.716  -10.498  71.879 0.1250000000
80775  -40.489  -11.811  72.019 0.1250000000
130210  -40.160  -14.525  69.688 0.1250000000
81741  -29.179  -10.475  66.767 0.1250000000
80799  -31.553  -11.201  67.475 0.2500000000
140366  -31.310  -11.342  66.815 0.2500000000
80815  -29.736  -11.171  65.482 0.2500000000
80816  -30.475  -11.578  65.396 0.3750000000
79924  -30.002  -12.798  64.028 0.3750000000
79034  -29.799  -13.289  63.439 0.3750000000
124177  -43.843  -7.274  70.387 0.1250000000
83606  -42.134  -8.692  70.642 0.1250000000
133255  -31.726  -10.719  75.340 0.1250000000
81637  -30.885  -10.947  74.940 0.1250000000
81715  -40.042  -10.141  70.474 0.1250000000
80785  -38.893  -11.434  70.363 0.1250000000
80750  -29.896  -11.084  74.871 0.1250000000
83612  -41.679  -8.325  70.105 0.1250000000
88865  -45.152  -2.933  70.106 0.1250000000
120124  -28.686  -11.164  74.284 0.1250000000
81662  -28.358  -11.160  73.431 0.1250000000
54391  -33.260  -38.273  82.286 0.2500000000
66014  -37.021  -26.998  73.648 0.3750000000
66020  -36.556  -27.590  72.341 0.3750000000
66021  -37.082  -27.036  72.767 0.3750000000
65110  -36.090  -28.231  71.889 0.3750000000
127124  -37.307  -27.010  71.883 0.3750000000
66990  -37.818  -26.526  72.395 0.3750000000
55434  -9.764  -38.573  76.598 0.3750000000
58336  -7.536  -35.178  77.639 0.5000000000
59212  -7.687  -34.836  76.996 0.5000000000
57443  -7.752  -36.385  77.892 0.3750000000
67020  -38.699  -26.768  70.560 0.3750000000
59224  -7.701  -34.963  76.280 0.3750000000
58344  -7.547  -35.299  76.700 0.3750000000
57456  -8.003  -36.419  76.938 0.3750000000
55421  -9.352  -38.399  77.429 0.2500000000
66060  -37.834  -27.437  69.443 0.2500000000
66047  -37.761  -27.272  70.194 0.2500000000
67007  -38.233  -26.576  71.523 0.3750000000
59225  -7.989  -34.863  75.522 0.3750000000
58353  -7.642  -35.406  75.802 0.3750000000
56418  -9.305  -37.754  77.169 0.3750000000
59235  -7.729  -35.414  74.907 0.3750000000
57471  -7.613  -36.074  75.168 0.3750000000
57472  -8.042  -36.561  75.847 0.3750000000
56434  -9.605  -37.728  76.223 0.3750000000
57487  -8.041  -36.692  74.817 0.3750000000
56433  -8.956  -37.169  75.433 0.3750000000
67021  -39.916  -26.512  70.504 0.3750000000
66061  -38.625  -27.136  69.734 0.2500000000
59226  -8.737  -34.345  75.725 0.3750000000
122120  -38.573  -27.347  69.126 0.2500000000
59237  -8.603  -34.508  74.983 0.3750000000
60093  -9.343  -33.905  74.958 0.5000000000
58387  -6.557  -35.908  71.936 0.5000000000
130891  -7.191  -34.963  72.258 0.5000000000
59254  -7.322  -35.531  72.969 0.3750000000
121369  -8.086  -34.772  73.537 0.3750000000
59236  -8.080  -34.889  74.531 0.3750000000
57486  -7.545  -36.460  74.252 0.3750000000
66048  -40.159  -26.627  69.769 0.2500000000
66076  -39.725  -27.054  68.523 0.2500000000
66075  -38.940  -27.344  68.576 0.2500000000
120787  -39.268  -27.300  68.019 0.2500000000
66115  -38.209  -27.563  67.036 0.1250000000
136006  -39.161  -27.360  67.235 0.2500000000
67141  -42.249  -25.759  62.857 0.2500000000
68087  -42.678  -25.439  62.185 0.2500000000
68107  -43.710  -24.713  61.039 0.2500000000
73689  -49.134  -19.535  53.655 0.2500000000
73690  -50.008  -19.373  53.919 0.2500000000
73681  -50.663  -19.292  54.307 0.3750000000
74513  -50.392  -18.631  53.922 0.3750000000
74503  -50.926  -18.638  54.321 0.3750000000
74504  -51.465  -18.230  54.576 0.5000000000
74512  -49.603  -18.606  53.589 0.2500000000
74514  -50.819  -17.937  54.074 0.5000000000
75464  -50.661  -17.113  53.647 0.5000000000
75475  -49.202  -17.729  53.229 0.3750000000
76411  -50.473  -16.370  53.397 0.5000000000
77360  -50.796  -15.634  53.217 0.5000000000
121558  -48.885  -17.009  52.770 0.1250000000
76424  -49.983  -15.951  53.116 0.5000000000
126544  -50.246  -15.329  52.857 0.3750000000
129932  -51.294  -15.081  53.198 0.5000000000
80977  -50.869  -11.901  51.536 0.1250000000
80978  -51.814  -11.776  51.621 0.2500000000
81945  -53.100  -10.512  50.933 0.2500000000
76413  -52.081  -16.851  54.452 0.5000000000
77357  -52.913  -15.608  54.634 0.5000000000
75457  -51.435  -17.271  54.147 0.5000000000
141759  -51.670  -16.691  54.068 0.5000000000
77361  -52.240  -15.416  54.065 0.5000000000
78269  -53.622  -13.800  54.046 0.5000000000
76412  -51.226  -16.416  53.698 0.5000000000
78267  -51.848  -14.850  53.540 0.5000000000
79141  -52.963  -13.654  53.469 0.5000000000
79142  -54.294  -13.048  53.712 0.6250000000
80061  -54.762  -12.396  53.373 0.3750000000
77371  -48.802  -15.636  52.789 0.1250000000
77372  -49.596  -15.498  52.832 0.1250000000
78279  -50.798  -14.803  52.823 0.3750000000
78280  -51.452  -14.476  53.081 0.3750000000
79155  -52.429  -13.348  53.058 0.3750000000
79156  -53.249  -12.974  53.113 0.3750000000
80076  -54.349  -12.050  52.908 0.3750000000
80972  -54.671  -11.548  52.556 0.3750000000
127820  -49.229  -15.016  52.642 0.1250000000
78278  -49.958  -14.734  52.616 0.2500000000
125881  -50.516  -14.004  52.562 0.2500000000
80074  -52.777  -12.645  52.678 0.3750000000
80084  -53.177  -11.973  52.307 0.3750000000
78277  -49.241  -14.326  52.426 0.1250000000
79153  -49.844  -13.996  52.420 0.1250000000
80072  -50.685  -13.152  52.448 0.2500000000
80083  -52.267  -12.239  52.205 0.2500000000
80979  -52.738  -11.584  51.762 0.2500000000
81931  -53.910  -10.665  51.460 0.2500000000
81932  -54.869  -10.491  51.699 0.3750000000
123803  -55.799  -10.106  51.853 0.3750000000
79152  -49.331  -13.528  52.136 0.1250000000
79164  -50.025  -13.316  52.279 0.2500000000
80988  -53.145  -11.047  51.447 0.2500000000
82856  -54.451  -10.086  51.180 0.2500000000
82858  -56.096  -9.322  51.335 0.3750000000
82870  -54.538  -9.473  50.593 0.2500000000
90808  -55.550  1.001  49.789 0.5000000000
90807  -55.262  -0.077  49.434 0.3750000000
59255  -8.018  -34.514  72.636 0.3750000000
59246  -8.758  -34.303  74.163 0.5000000000
128116  -38.213  -26.223  73.090 0.5000000000
67008  -39.410  -26.411  71.332 0.3750000000
142499  -52.723  -15.045  54.287 0.5000000000
78268  -52.628  -14.471  53.935 0.5000000000
80077  -55.137  -11.754  52.987 0.3750000000
80982  -55.452  -10.983  52.439 0.3750000000
141693  -55.694  -8.541  50.216 0.3750000000
127566  -37.130  -26.861  74.428 0.3750000000
138859  -37.523  -26.583  73.114 0.5000000000
66097  -39.860  -27.006  67.804 0.2500000000
68996  -43.603  -24.703  60.083 0.2500000000
82871  -55.463  -9.079  50.705 0.2500000000
66062  -39.433  -27.051  69.236 0.2500000000
66033  -37.595  -27.088  71.009 0.2500000000
122184  -7.544  -35.774  77.282 0.3750000000
127905  -8.552  -37.108  77.616 0.3750000000
57455  -7.590  -35.942  76.267 0.3750000000
56417  -8.797  -37.070  76.595 0.3750000000
66074  -37.945  -27.519  68.624 0.2500000000
58360  -7.503  -35.897  74.406 0.3750000000
59245  -7.624  -35.425  74.010 0.3750000000
66096  -38.535  -27.475  67.881 0.2500000000
136121  -39.473  -27.277  66.506 0.2500000000
122743  -50.088  -17.809  53.598 0.3750000000
75463  -49.775  -16.872  53.223 0.5000000000
133227  -51.542  -15.601  53.607 0.5000000000
76423  -49.224  -16.242  52.958 0.2500000000
120584  -51.855  -16.194  54.037 0.5000000000
78281  -52.118  -14.068  53.383 0.5000000000
142521  -53.623  -13.217  53.504 0.3750000000
80060  -53.969  -12.636  53.257 0.3750000000
130670  -51.108  -14.172  52.774 0.3750000000
79154  -51.640  -13.777  52.968 0.3750000000
80075  -53.603  -12.335  52.778 0.3750000000
125228  -51.122  -13.561  52.680 0.2500000000
142243  -51.160  -13.024  52.567 0.2500000000
80971  -53.972  -11.718  52.450 0.3750000000
80980  -53.577  -11.361  51.923 0.3750000000
80981  -54.413  -11.138  52.093 0.3750000000
82857  -55.184  -9.768  51.242 0.2500000000
45640  -5.341  -48.873  85.390 0.1250000000
46631  -5.436  -48.570  85.717 0.1250000000
44476  -5.728  -49.255  86.252 0.1250000000
46644  -5.487  -47.884  84.476 0.1250000000
47556  -5.608  -47.552  84.349 0.1250000000
45631  -5.966  -48.537  86.700 0.1250000000
43360  -6.162  -49.726  86.335 0.1250000000
142835  -6.945  -49.811  86.724 0.1250000000
47573  -5.543  -47.402  83.161 0.1250000000
138641  -5.653  -47.205  82.986 0.1250000000
42356  -7.506  -49.338  86.539 0.1250000000
48609  -6.041  -46.822  82.121 0.1250000000
48610  -6.786  -45.986  81.642 0.1250000000
49628  -6.987  -45.623  82.285 0.1250000000
42371  -8.375  -49.396  85.713 0.1250000000
48614  -6.164  -46.581  81.236 0.1250000000
137666  -7.322  -45.049  80.895 0.1250000000
49636  -7.358  -44.191  80.200 0.1250000000
48618  -7.138  -45.811  79.093 0.1250000000
50633  -6.916  -43.420  79.628 0.1250000000
49641  -7.167  -44.625  79.299 0.1250000000
50637  -6.604  -43.833  78.732 0.1250000000
118989  -6.095  -43.263  78.398 0.1250000000
49651  -6.537  -45.045  77.314 0.1250000000
50643  -6.244  -44.051  77.783 0.1250000000
135210  -5.741  -43.160  77.787 0.1250000000
47548  -5.564  -47.781  85.042 0.1250000000
47541  -5.529  -48.070  85.738 0.1250000000
119691  -6.093  -47.714  86.698 0.1250000000
46620  -6.240  -47.909  87.046 0.1250000000
47557  -6.032  -46.975  84.505 0.1250000000
128384  -5.790  -47.429  85.641 0.1250000000
46625  -5.381  -48.449  85.776 0.1250000000
44470  -5.767  -48.868  86.897 0.1250000000
43346  -6.713  -49.289  86.863 0.1250000000
48605  -6.781  -45.954  83.082 0.1250000000
49637  -7.481  -43.827  81.035 0.1250000000
49629  -7.350  -44.702  82.609 0.1250000000
50630  -7.168  -43.033  80.451 0.1250000000
51568  -6.554  -42.391  80.060 0.1250000000
141248  -8.954  -49.307  85.324 0.1250000000
118191  -6.382  -42.865  79.126 0.1250000000
134857  -5.928  -42.585  78.559 0.1250000000
119048  -6.171  -42.128  79.441 0.1250000000
134932  -5.621  -42.415  77.818 0.1250000000
143037  -5.683  -41.917  78.117 0.1250000000
49660  -6.420  -45.134  76.524 0.1250000000
50654  -6.164  -44.429  76.924 0.1250000000
134756  -5.517  -43.052  77.046 0.1250000000
118607  -5.635  -41.993  77.576 0.1250000000
118636  -5.842  -41.476  78.337 0.1250000000
131027  -6.170  -44.608  76.297 0.1250000000
51585  -5.883  -44.098  76.520 0.1250000000
134947  -5.687  -43.607  76.368 0.1250000000
134810  -5.551  -42.445  76.906 0.1250000000
134745  -5.612  -42.445  76.117 0.1250000000
134788  -5.644  -42.052  76.738 0.1250000000
134887  -5.775  -41.447  77.415 0.1250000000
50669  -5.929  -44.274  75.870 0.1250000000
135216  -5.726  -43.697  75.369 0.1250000000
118575  -5.586  -43.243  76.223 0.1250000000
134751  -5.697  -42.202  75.584 0.1250000000
118192  -5.763  -41.727  76.001 0.1250000000
135199  -5.804  -41.382  76.842 0.1250000000
142530  -5.713  -41.711  76.884 0.1250000000
134717  -5.665  -42.897  75.183 0.1250000000
142032  -5.808  -41.479  76.244 0.1250000000
45625  -6.441  -47.876  87.300 0.1250000000
43336  -6.888  -48.845  87.299 0.1250000000
47549  -5.853  -47.205  85.082 0.1250000000
48587  -6.361  -46.346  85.244 0.1250000000
48592  -6.415  -46.382  84.525 0.1250000000
48593  -6.672  -45.520  84.929 0.1250000000
43337  -6.968  -49.007  87.721 0.1250000000
43348  -7.447  -49.108  86.978 0.1250000000
49624  -7.223  -44.703  83.597 0.1250000000
50626  -7.265  -42.831  81.159 0.1250000000
118193  -5.873  -41.886  78.767 0.1250000000
48644  -6.431  -45.725  76.127 0.1250000000
49674  -6.308  -45.115  75.673 0.1250000000
127957  -6.121  -45.436  74.611 0.1250000000
134757  -6.015  -44.583  74.973 0.1250000000
134846  -5.909  -41.227  76.283 0.1250000000
118189  -5.809  -42.434  74.417 0.1250000000
118564  -5.848  -41.851  75.001 0.1250000000
125408  -6.198  -46.681  85.743 0.1250000000
47542  -6.113  -46.985  86.099 0.1250000000
122783  -6.520  -47.341  87.375 0.1250000000
45617  -6.822  -47.823  87.924 0.1250000000
141537  -6.591  -45.350  85.540 0.1250000000
49615  -6.461  -45.719  85.923 0.1250000000
49620  -7.053  -44.595  84.537 0.1250000000
50627  -7.498  -43.444  81.944 0.1250000000
50622  -7.649  -43.551  83.016 0.1250000000
51565  -6.718  -42.249  80.858 0.1250000000
51559  -6.888  -42.226  81.710 0.1250000000
51564  -6.310  -41.743  80.251 0.1250000000
51563  -6.145  -41.533  79.746 0.1250000000
121150  -6.046  -41.332  79.218 0.1250000000
135198  -5.937  -41.090  78.266 0.1250000000
118653  -5.915  -41.052  77.605 0.1250000000
118190  -6.018  -40.988  77.112 0.1250000000
118611  -5.853  -44.786  74.151 0.1250000000
134746  -5.711  -44.038  74.268 0.1250000000
135225  -5.897  -41.420  75.709 0.1250000000
125459  -6.037  -40.961  76.448 0.1250000000
119286  -5.707  -43.271  73.951 0.1250000000
134807  -5.860  -42.878  73.251 0.1250000000
143975  -5.999  -42.160  73.828 0.1250000000
135002  -6.009  -41.537  74.869 0.1250000000
118188  -6.021  -41.221  75.698 0.1250000000
53514  -6.194  -41.132  75.853 0.1250000000
119862  -6.185  -41.405  74.961 0.1250000000
48573  -6.496  -46.372  87.096 0.1250000000
46616  -6.713  -47.466  87.812 0.1250000000
44465  -6.992  -48.084  87.990 0.1250000000
126716  -6.496  -45.635  86.906 0.1250000000
129162  -6.417  -46.134  86.245 0.1250000000
49611  -6.612  -44.549  85.930 0.1250000000
50612  -7.155  -43.505  84.840 0.1250000000
141624  -6.488  -41.915  80.694 0.1250000000
118763  -6.303  -40.786  77.418 0.1250000000
49701  -5.749  -45.223  73.538 0.1250000000
118694  -5.654  -44.474  73.448 0.1250000000
118608  -5.557  -44.136  72.722 0.1250000000
118187  -5.697  -43.527  72.870 0.1250000000
49606  -6.507  -45.109  86.410 0.1250000000
49616  -6.818  -44.506  85.294 0.1250000000
50613  -7.205  -42.568  84.181 0.1250000000
54374  -6.083  -39.724  84.233 0.2500000000
54393  -5.959  -39.885  83.507 0.1250000000
51554  -6.850  -41.932  82.613 0.1250000000
53410  -5.948  -40.101  82.909 0.1250000000
52442  -6.205  -40.718  81.869 0.1250000000
52452  -6.355  -41.225  81.513 0.1250000000
52460  -6.352  -41.461  80.861 0.1250000000
51558  -6.498  -41.686  81.215 0.1250000000
53418  -6.001  -40.171  82.195 0.1250000000
52451  -6.215  -40.995  81.174 0.1250000000
52459  -6.242  -41.242  80.510 0.1250000000
53409  -33.037  -39.308  83.018 0.2500000000
53443  -6.082  -40.590  80.831 0.1250000000
53456  -6.176  -40.832  80.013 0.1250000000
53417  -33.308  -39.263  82.347 0.1250000000
55373  -33.202  -37.714  81.893 0.1250000000
134847  -6.207  -40.664  79.028 0.1250000000
55382  -33.983  -37.153  80.968 0.1250000000
118739  -6.217  -40.706  78.473 0.1250000000
124799  -6.522  -40.989  76.810 0.1250000000
52482  -6.808  -41.335  76.117 0.1250000000
142663  -6.281  -41.067  76.250 0.1250000000
50584  -6.514  -43.406  87.036 0.1250000000
50606  -6.863  -43.511  85.520 0.1250000000
50595  -6.658  -43.529  86.045 0.1250000000
51555  -7.347  -42.565  83.323 0.1250000000
51553  -6.533  -41.503  81.972 0.1250000000
54392  -5.720  -39.603  82.948 0.1250000000
56357  -5.931  -37.454  83.684 0.2500000000
55357  -5.788  -38.319  83.953 0.2500000000
55368  -5.605  -39.120  82.938 0.2500000000
56368  -5.602  -39.066  82.149 0.1250000000
53429  -6.023  -40.372  81.518 0.1250000000
54438  -5.853  -39.922  81.177 0.1250000000
57388  -33.270  -36.436  81.850 0.2500000000
55369  -5.555  -38.415  82.992 0.2500000000
55377  -5.556  -38.839  82.277 0.1250000000
55385  -5.619  -39.039  81.787 0.1250000000
55391  -5.712  -39.389  81.481 0.1250000000
54457  -6.034  -40.150  80.562 0.1250000000
53457  -6.268  -40.339  79.740 0.1250000000
55375  -34.247  -36.695  81.055 0.1250000000
54409  -5.660  -38.644  81.626 0.1250000000
54425  -5.692  -39.015  81.217 0.1250000000
54440  -6.003  -39.030  80.692 0.1250000000
53444  -6.110  -39.730  80.315 0.1250000000
52463  -6.357  -40.344  79.273 0.1250000000
56367  -35.882  -35.270  80.457 0.1250000000
53458  -6.366  -40.017  79.797 0.1250000000
53465  -6.538  -40.016  79.268 0.1250000000
135000  -6.250  -40.664  78.076 0.1250000000
57398  -33.917  -36.154  81.514 0.1250000000
143674  -5.676  -37.879  83.373 0.2500000000
57399  -34.738  -35.762  81.052 0.1250000000
58291  -35.465  -34.638  80.891 0.1250000000
55378  -5.549  -38.158  82.123 0.1250000000
57400  -35.467  -34.988  80.809 0.1250000000
59164  -35.861  -34.164  80.847 0.1250000000
56369  -5.803  -37.383  81.871 0.1250000000
55386  -5.960  -37.986  81.403 0.1250000000
57410  -36.001  -34.938  80.523 0.1250000000
54458  -6.405  -39.543  80.173 0.1250000000
57420  -36.617  -35.046  80.013 0.1250000000
126300  -6.882  -39.303  79.993 0.1250000000
53466  -6.839  -40.238  78.386 0.1250000000
57427  -37.650  -34.754  79.163 0.1250000000
57421  -37.142  -34.752  79.634 0.1250000000
54475  -7.076  -39.498  79.338 0.1250000000
58290  -34.725  -34.698  81.112 0.1250000000
57401  -6.054  -36.835  82.893 0.2500000000
56363  -5.656  -37.490  82.763 0.2500000000
136581  -5.923  -36.874  82.251 0.2500000000
131648  -6.409  -36.642  82.053 0.2500000000
55392  -6.362  -38.067  80.881 0.1250000000
55396  -6.593  -38.700  80.429 0.1250000000
58301  -36.617  -34.603  80.360 0.2500000000
60022  -36.889  -33.709  80.521 0.2500000000
57412  -6.216  -36.815  81.578 0.2500000000
57422  -6.531  -36.739  80.952 0.2500000000
58302  -37.303  -34.401  80.040 0.1250000000
58312  -37.994  -34.232  79.580 0.2500000000
54486  -7.491  -39.812  78.515 0.1250000000
53475  -7.152  -40.574  77.701 0.1250000000
53495  -7.461  -40.963  77.003 0.1250000000
52483  -7.978  -41.168  76.277 0.1250000000
52495  -8.609  -41.258  75.626 0.1250000000
52508  -8.289  -41.492  74.608 0.1250000000
52523  -8.637  -41.622  73.646 0.1250000000
52537  -8.851  -41.788  72.806 0.1250000000
60021  -36.429  -33.947  80.694 0.3750000000
61888  -38.543  -32.657  79.523 0.5000000000
60033  -37.791  -33.609  80.076 0.5000000000
61897  -39.276  -32.365  78.626 0.3750000000
125513  -38.951  -32.758  79.081 0.5000000000
58293  -6.912  -36.500  81.544 0.2500000000
57413  -6.755  -36.562  81.138 0.2500000000
56377  -6.550  -37.003  80.593 0.2500000000
55397  -6.776  -37.442  80.258 0.1250000000
61007  -39.558  -32.438  77.784 0.2500000000
60041  -38.680  -33.818  79.324 0.1250000000
57423  -6.959  -36.354  80.352 0.2500000000
136671  -6.876  -36.569  80.114 0.2500000000
54459  -7.201  -38.440  79.933 0.1250000000
54460  -7.771  -38.809  79.142 0.1250000000
53476  -8.007  -40.217  77.767 0.1250000000
52496  -9.246  -41.243  75.146 0.1250000000
52524  -9.625  -41.414  73.414 0.1250000000
51625  -9.025  -42.034  72.026 0.1250000000
52538  -9.544  -41.679  72.556 0.1250000000
52539  -10.176  -41.357  72.667 0.1250000000
53561  -10.755  -40.831  72.678 0.1250000000
61895  -38.429  -31.720  79.645 0.5000000000
62926  -39.402  -31.046  78.096 0.3750000000
125210  -39.522  -31.842  77.474 0.2500000000
58314  -7.384  -35.707  79.750 0.2500000000
56384  -7.043  -36.510  79.700 0.2500000000
55398  -7.102  -37.281  79.711 0.3750000000
125981  -8.369  -39.241  78.361 0.1250000000
62941  -39.299  -31.164  77.323 0.2500000000
57436  -7.441  -35.231  79.256 0.2500000000
56391  -7.328  -36.696  79.164 0.2500000000
55408  -7.706  -37.732  79.294 0.1250000000
55409  -8.516  -38.225  78.709 0.1250000000
53477  -8.915  -39.719  77.573 0.1250000000
53496  -8.527  -40.613  77.017 0.1250000000
53515  -8.906  -40.925  76.361 0.1250000000
52509  -9.360  -41.307  74.368 0.1250000000
52510  -9.992  -41.015  74.177 0.1250000000
52525  -10.382  -40.846  73.490 0.1250000000
62924  -39.051  -30.197  78.791 0.5000000000
62932  -39.345  -30.464  78.006 0.2500000000
57430  -7.291  -35.793  78.906 0.2500000000
58332  -7.499  -35.131  78.599 0.3750000000
56402  -7.448  -36.259  78.581 0.2500000000
56392  -8.090  -37.166  78.551 0.2500000000
57442  -7.425  -35.635  78.215 0.3750000000
55420  -9.022  -37.878  78.060 0.1250000000
54487  -9.091  -38.742  77.996 0.1250000000
53497  -9.367  -40.188  76.625 0.1250000000
53478  -9.418  -39.221  77.128 0.2500000000
54498  -9.875  -39.506  76.467 0.1250000000
53516  -9.504  -40.845  75.842 0.1250000000
53532  -9.993  -40.843  75.060 0.1250000000
54510  -10.180  -40.129  75.876 0.1250000000
53517  -10.368  -40.177  75.114 0.1250000000
54536  -10.815  -39.173  73.834 0.2500000000
53549  -10.704  -40.048  73.797 0.2500000000
132812  -10.607  -38.498  73.741 0.2500000000
54537  -11.073  -39.631  73.217 0.2500000000
63998  -38.561  -29.576  79.065 0.5000000000
64013  -38.588  -29.058  78.347 0.5000000000
64014  -39.023  -29.753  78.071 0.3750000000
54499  -10.397  -39.209  75.997 0.2500000000
55444  -10.237  -38.385  75.821 0.2500000000
54511  -10.462  -39.623  75.420 0.2500000000
56464  -10.161  -38.069  74.139 0.2500000000
55445  -10.500  -38.940  75.280 0.2500000000
55454  -10.554  -38.712  74.449 0.2500000000
54524  -10.564  -39.598  74.625 0.2500000000
53533  -10.346  -40.473  74.398 0.2500000000
120903  -10.223  -37.965  73.175 0.2500000000
56486  -9.057  -37.611  72.765 0.2500000000
56510  -8.833  -37.498  71.867 0.2500000000
123362  -9.946  -37.599  72.229 0.2500000000
56487  -10.993  -37.899  72.500 0.2500000000
143158  -38.267  -28.714  77.959 0.2500000000
135607  -10.255  -38.211  75.008 0.2500000000
131944  -9.839  -37.795  75.471 0.2500000000
56448  -9.571  -37.645  74.700 0.2500000000
56461  -7.129  -37.390  72.697 0.2500000000
56462  -8.081  -37.308  73.349 0.2500000000
56463  -9.297  -37.643  73.744 0.2500000000
56485  -7.936  -37.550  72.358 0.2500000000
56509  -7.814  -37.593  71.535 0.2500000000
57536  -6.657  -37.090  70.705 0.2500000000
137200  -7.049  -37.522  71.304 0.2500000000
56534  -8.631  -37.175  71.084 0.2500000000
57502  -7.794  -36.934  74.057 0.2500000000
56447  -8.595  -37.197  74.339 0.2500000000
58376  -6.858  -36.523  72.756 0.2500000000
57515  -6.706  -37.077  72.611 0.2500000000
56508  -6.446  -37.351  71.555 0.2500000000
59297  -7.854  -34.887  68.772 0.3750000000
82746  -48.511  -8.990  59.879 0.2500000000
120751  -49.851  -7.839  61.423 0.2500000000
83650  -48.606  -8.360  62.275 0.2500000000
119880  -49.992  -8.083  60.670 0.2500000000
82713  -47.522  -8.906  61.961 0.2500000000
83662  -48.177  -8.578  61.432 0.2500000000
82730  -49.025  -8.379  60.810 0.2500000000
82712  -46.469  -9.433  61.605 0.2500000000
120745  -47.167  -9.092  61.182 0.2500000000
82729  -47.850  -8.992  60.605 0.2500000000
82728  -46.357  -9.425  60.918 0.2500000000
133115  -46.810  -9.407  60.416 0.2500000000
82745  -47.400  -9.424  59.741 0.2500000000
82744  -46.344  -9.645  59.614 0.2500000000
127113  -46.886  -9.701  59.007 0.2500000000
135920  -49.037  -11.365  65.783 0.3750000000
82690  -49.479  -9.649  64.068 0.3750000000
82696  -49.897  -8.964  63.213 0.3750000000
82689  -49.233  -9.447  64.100 0.2500000000
83635  -49.546  -8.977  63.549 0.2500000000
82706  -50.174  -8.443  62.478 0.3750000000
83653  -50.416  -8.033  61.920 0.2500000000
82697  -49.839  -8.475  62.952 0.2500000000
135608  -50.072  -8.061  62.524 0.2500000000
82695  -49.105  -8.930  63.762 0.2500000000
83651  -49.485  -7.903  62.141 0.2500000000
82704  -47.950  -8.979  62.779 0.2500000000
82703  -46.982  -9.419  62.479 0.2500000000
82727  -45.619  -9.549  60.988 0.2500000000
125828  -45.861  -9.569  60.308 0.2500000000
82743  -44.878  -9.492  60.286 0.2500000000
128619  -45.369  -9.587  59.572 0.2500000000
83783  -55.450  -8.228  49.623 0.2500000000
88138  -50.212  -3.058  55.546 0.2500000000
83796  -55.159  -7.826  48.961 0.2500000000
88139  -50.680  -2.787  55.414 0.3750000000
88144  -49.687  -2.841  55.417 0.2500000000
88999  -50.139  -3.009  55.565 0.2500000000
89004  -50.630  -2.689  55.292 0.3750000000
130715  -51.251  -2.502  55.105 0.3750000000
89009  -50.842  -2.401  54.624 0.3750000000
89010  -51.805  -1.941  54.654 0.3750000000
88158  -50.616  -2.685  53.392 0.3750000000
89017  -52.391  -1.637  53.684 0.3750000000
89919  -53.118  -1.330  52.842 0.2500000000
89016  -51.425  -2.173  53.689 0.3750000000
88159  -51.094  -2.676  52.652 0.3750000000
89033  -52.559  -1.958  52.324 0.3750000000
89032  -51.814  -2.365  52.592 0.3750000000
89920  -53.886  -0.776  52.514 0.2500000000
135797  -52.082  -2.746  51.560 0.2500000000
89034  -53.278  -1.550  51.894 0.2500000000
123534  -52.760  -2.430  51.238 0.2500000000
89045  -53.435  -2.008  50.831 0.2500000000
88177  -52.247  -3.162  50.713 0.2500000000
89044  -52.926  -2.867  50.264 0.2500000000
89054  -54.161  -1.833  49.387 0.2500000000
84370  -8.390  -7.979  78.353 0.3750000000
84378  -8.390  -8.142  77.304 0.2500000000
131678  -55.848  1.583  49.144 0.2500000000
90817  -55.512  0.846  48.887 0.3750000000
91678  -55.818  1.518  48.333 0.3750000000
133770  -55.537  0.471  47.890 0.2500000000
90826  -55.881  1.301  47.384 0.2500000000
91710  -56.105  1.228  43.501 0.3750000000
134472  -56.118  1.381  42.790 0.3750000000
87004  -7.614  -4.490  80.982 0.3750000000
86110  -7.807  -5.395  80.744 0.3750000000
134251  -8.138  -6.110  80.249 0.3750000000
85282  -8.652  -7.118  78.907 0.3750000000
85291  -8.920  -7.338  77.923 0.3750000000
85292  -9.280  -6.634  77.376 0.2500000000
84388  -8.211  -8.237  76.187 0.2500000000
87876  -7.449  -3.543  81.076 0.3750000000
87883  -7.940  -4.092  80.422 0.3750000000
87020  -8.350  -4.635  79.932 0.3750000000
87036  -8.736  -4.516  79.120 0.2500000000
87005  -8.020  -4.791  80.456 0.3750000000
86134  -8.598  -5.215  79.506 0.3750000000
86135  -8.969  -5.463  78.791 0.3750000000
87037  -9.256  -4.800  78.218 0.2500000000
133666  -8.581  -6.106  79.433 0.3750000000
85283  -9.073  -6.435  78.434 0.3750000000
84379  -8.871  -7.441  76.872 0.2500000000
86154  -9.576  -5.852  76.675 0.2500000000
84389  -8.739  -7.453  76.031 0.2500000000
84397  -8.259  -7.821  75.360 0.2500000000
88775  -7.085  -2.788  81.452 0.3750000000
125582  -7.125  -2.147  81.113 0.3750000000
88781  -7.467  -2.705  80.723 0.3750000000
87894  -7.885  -3.293  80.262 0.3750000000
126201  -8.305  -3.875  79.758 0.3750000000
87911  -8.664  -3.608  79.060 0.3750000000
128892  -9.148  -4.055  78.547 0.2500000000
126950  -9.612  -4.032  77.676 0.2500000000
86146  -9.362  -5.715  77.824 0.2500000000
85304  -9.221  -6.785  76.325 0.2500000000
86159  -9.388  -6.125  75.602 0.2500000000
85312  -8.842  -6.976  75.443 0.2500000000
92183  -9.689  1.488  84.614 0.3750000000
91416  -10.095  1.364  83.948 0.3750000000
89634  -6.487  -1.169  82.154 0.3750000000
88790  -7.912  -2.448  79.895 0.3750000000
89654  -8.282  -1.663  79.185 0.2500000000
88791  -8.596  -2.680  78.955 0.3750000000
88809  -9.263  -2.563  78.075 0.2500000000
87047  -9.653  -5.010  77.262 0.2500000000
87925  -9.880  -3.423  76.806 0.1250000000
123206  -9.902  -4.444  76.466 0.2500000000
132850  -9.802  -5.165  76.549 0.1250000000
87058  -9.789  -4.469  75.323 0.1250000000
124346  -9.793  -5.281  75.841 0.2500000000
86168  -9.415  -5.348  74.965 0.1250000000
133890  -8.597  -5.312  74.383 0.1250000000
92182  -6.764  1.563  84.282 0.3750000000
92973  -8.666  2.052  85.076 0.3750000000
92974  -9.294  1.882  84.903 0.3750000000
92184  -10.329  1.905  84.059 0.3750000000
92185  -10.843  2.252  83.543 0.3750000000
92193  -10.696  1.755  83.428 0.3750000000
92990  -11.332  2.768  83.207 0.3750000000
126607  -6.391  0.541  83.569 0.3750000000
92192  -6.573  1.337  82.995 0.3750000000
92200  -11.643  1.971  82.031 0.3750000000
93007  -12.235  2.360  81.704 0.3750000000
91414  -6.456  0.380  82.465 0.3750000000
91422  -6.497  0.282  81.676 0.3750000000
93009  -13.325  3.036  81.147 0.3750000000
89643  -6.725  -0.911  81.336 0.3750000000
90547  -6.617  -0.166  81.161 0.3750000000
89644  -7.143  -1.397  80.709 0.3750000000
90558  -7.389  -0.784  79.930 0.2500000000
89653  -7.633  -1.574  79.950 0.2500000000
89667  -8.708  -1.198  78.304 0.2500000000
126013  -8.818  -1.965  78.444 0.2500000000
90579  -9.063  -0.749  77.405 0.2500000000
87921  -9.591  -3.175  77.657 0.2500000000
89677  -9.281  -1.715  77.550 0.2500000000
87931  -9.640  -3.580  74.946 0.1250000000
87066  -9.073  -4.291  74.511 0.1250000000
87065  -7.871  -4.362  74.103 0.1250000000
92980  -8.267  2.624  84.316 0.3750000000
92981  -9.072  2.437  84.457 0.3750000000
92982  -9.851  2.344  84.287 0.3750000000
93771  -10.343  2.839  83.705 0.3750000000
93772  -11.008  2.937  83.466 0.3750000000
92979  -7.580  2.815  83.933 0.3750000000
92983  -10.510  2.401  83.786 0.3750000000
92205  -6.519  1.384  80.868 0.3750000000
91429  -6.737  0.139  80.539 0.3750000000
91430  -7.120  0.159  79.800 0.2500000000
90568  -7.801  -0.231  79.093 0.2500000000
90578  -8.462  -0.240  78.117 0.2500000000
90584  -9.183  -0.494  76.470 0.1250000000
129946  -9.718  -1.834  76.487 0.1250000000
88818  -9.883  -3.150  75.378 0.1250000000
87938  -8.901  -3.153  74.353 0.1250000000
125907  -8.116  -3.552  74.128 0.1250000000
87073  -7.350  -3.491  73.653 0.1250000000
87960  -7.187  -3.072  72.664 0.1250000000
87072  -7.135  -4.459  73.567 0.1250000000
87083  -6.946  -3.761  73.060 0.1250000000
87959  -7.084  -3.989  72.246 0.1250000000
87097  -6.764  -4.724  71.640 0.1250000000
143803  -8.572  2.897  83.885 0.3750000000
93770  -9.375  2.856  83.828 0.3750000000
93769  -7.887  3.180  83.629 0.3750000000
93780  -9.679  3.375  83.166 0.3750000000
93788  -10.129  3.795  82.451 0.3750000000
93778  -7.409  3.319  83.399 0.3750000000
92989  -6.751  2.222  82.469 0.3750000000
91436  -6.711  0.823  80.260 0.3750000000
136818  -7.942  0.421  78.328 0.1250000000
91454  -8.240  0.663  77.488 0.1250000000
91459  -8.271  0.827  76.436 0.1250000000
90583  -8.858  0.133  77.027 0.1250000000
90590  -8.747  0.227  75.997 0.1250000000
91465  -8.033  0.872  75.346 0.1250000000
90591  -8.962  -0.430  75.545 0.1250000000
89682  -9.448  -1.128  75.974 0.1250000000
125131  -8.435  0.264  74.987 0.1250000000
131695  -9.152  -1.786  74.711 0.1250000000
88823  -8.576  -2.171  74.256 0.1250000000
133074  -8.158  0.280  74.123 0.1250000000
90596  -8.564  -0.365  74.575 0.1250000000
88822  -7.749  -1.818  73.611 0.1250000000
87937  -7.725  -2.642  73.809 0.1250000000
87948  -7.210  -2.633  73.216 0.1250000000
91476  -8.083  0.659  73.753 0.1250000000
90601  -8.220  -0.283  73.665 0.1250000000
89697  -8.386  -1.159  74.132 0.1250000000
142850  -7.420  -2.168  73.378 0.1250000000
90602  -8.446  0.036  73.318 0.1250000000
90607  -8.185  -0.614  73.115 0.1250000000
89716  -7.888  -1.217  72.986 0.1250000000
88825  -7.460  -1.811  73.145 0.1250000000
128950  -7.374  -2.331  72.849 0.1250000000
89717  -8.714  -0.997  72.649 0.1250000000
88827  -8.042  -1.849  72.599 0.1250000000
87971  -7.715  -3.600  71.792 0.1250000000
87098  -7.332  -4.206  71.403 0.1250000000
89729  -9.321  -1.741  72.033 0.1250000000
89718  -9.968  -1.076  72.173 0.1250000000
93779  -8.361  3.589  83.214 0.3750000000
94511  -8.975  4.000  82.530 0.3750000000
128588  -7.497  3.795  83.133 0.3750000000
94510  -8.015  4.547  82.770 0.3750000000
93777  -7.156  3.619  82.933 0.3750000000
131975  -6.878  3.140  82.590 0.3750000000
93006  -6.521  2.242  80.685 0.2500000000
92214  -6.598  1.663  80.004 0.2500000000
92227  -6.640  2.005  79.105 0.1250000000
92228  -7.080  1.602  78.483 0.1250000000
91446  -7.643  1.179  77.933 0.1250000000
92243  -7.736  1.439  76.875 0.1250000000
92252  -7.642  1.518  75.761 0.1250000000
92251  -7.282  2.122  76.227 0.1250000000
92259  -7.601  1.516  74.760 0.1250000000
91471  -7.833  0.871  74.367 0.1250000000
92261  -7.581  1.995  74.523 0.1250000000
91477  -8.660  0.715  73.363 0.1250000000
90608  -8.687  -0.313  72.888 0.1250000000
91483  -9.084  0.218  72.945 0.1250000000
91484  -10.167  0.363  72.732 0.1250000000
90609  -9.541  -0.364  72.607 0.1250000000
90610  -10.615  -0.344  72.192 0.1250000000
95961  -7.025  6.380  83.154 0.2500000000
123043  -7.356  7.074  83.234 0.1250000000
95211  -6.900  5.882  82.927 0.1250000000
95962  -7.636  6.241  82.871 0.2500000000
95215  -8.103  5.330  82.492 0.2500000000
140501  -7.079  5.241  82.727 0.3750000000
129918  -7.315  5.495  82.815 0.2500000000
126197  -6.823  5.339  82.590 0.2500000000
94508  -7.099  4.471  82.678 0.3750000000
94509  -7.479  4.495  82.783 0.3750000000
94517  -8.630  4.627  82.207 0.3750000000
93787  -6.872  3.822  82.281 0.3750000000
94516  -6.752  4.657  82.039 0.2500000000
93798  -6.697  3.877  81.272 0.3750000000
94527  -6.624  4.727  80.949 0.1250000000
130003  -6.590  3.121  80.493 0.1250000000
132701  -6.516  3.303  79.553 0.1250000000
135806  -6.489  2.495  79.766 0.1250000000
93018  -6.504  2.787  78.919 0.1250000000
141426  -6.516  3.012  78.394 0.1250000000
92242  -7.101  2.061  77.337 0.1250000000
93037  -6.713  2.898  77.196 0.1250000000
131348  -6.973  2.616  76.549 0.1250000000
92258  -7.387  2.108  75.264 0.1250000000
93045  -7.529  2.599  75.076 0.1250000000
92262  -7.723  1.419  74.079 0.1250000000
92265  -8.243  1.333  73.705 0.1250000000
92266  -9.324  1.331  73.469 0.1250000000
91478  -9.464  0.737  73.110 0.1250000000
92267  -10.223  1.091  73.072 0.1250000000
90613  -11.536  -0.175  71.594 0.1250000000
135769  -10.970  -1.060  71.433 0.1250000000
96707  -7.287  7.703  83.348 0.1250000000
95960  -6.757  6.507  83.044 0.1250000000
96706  -6.924  7.707  83.323 0.1250000000
95214  -6.631  6.044  82.485 0.1250000000
95232  -6.734  5.600  80.563 0.1250000000
95233  -7.090  6.283  79.922 0.1250000000
123328  -6.640  3.980  79.409 0.1250000000
138778  -7.095  5.393  79.289 0.1250000000
93816  -6.628  3.274  77.916 0.1250000000
93813  -6.923  4.018  78.060 0.1250000000
94543  -7.284  4.450  77.477 0.1250000000
93817  -6.914  3.681  77.226 0.1250000000
129782  -7.049  3.279  76.369 0.1250000000
93041  -7.210  2.663  75.811 0.1250000000
93828  -7.851  3.282  75.373 0.1250000000
93829  -8.758  3.468  75.251 0.1250000000
93835  -8.144  2.828  74.837 0.1250000000
93836  -9.137  2.971  74.769 0.1250000000
93053  -8.448  2.372  74.378 0.1250000000
93837  -10.106  3.245  74.473 0.1250000000
93063  -8.793  1.883  73.941 0.1250000000
93054  -9.487  2.501  74.265 0.1250000000
127133  -10.305  1.639  73.384 0.1250000000
92271  -10.888  0.923  72.696 0.1250000000
97447  -7.338  8.188  83.309 0.1250000000
97448  -7.760  8.495  83.363 0.1250000000
96708  -6.650  7.171  82.999 0.1250000000
97449  -7.186  8.415  83.154 0.1250000000
95967  -6.554  6.681  82.465 0.1250000000
96720  -6.619  7.382  82.154 0.1250000000
96714  -6.839  8.062  81.952 0.1250000000
139347  -6.528  6.392  82.047 0.1250000000
95971  -6.659  6.801  81.472 0.1250000000
133604  -6.971  7.659  81.114 0.1250000000
96728  -7.460  7.607  80.230 0.1250000000
97471  -7.840  8.235  80.061 0.1250000000
95977  -7.551  7.000  79.614 0.1250000000
96729  -7.869  7.677  79.687 0.1250000000
97481  -8.394  8.240  79.399 0.1250000000
96737  -8.152  7.399  79.153 0.1250000000
94540  -6.861  4.412  78.904 0.1250000000
95985  -7.536  6.229  79.117 0.1250000000
143423  -7.927  6.779  78.980 0.1250000000
95987  -8.474  6.980  78.535 0.1250000000
97482  -8.831  7.782  78.643 0.1250000000
95247  -7.608  5.105  77.787 0.1250000000
95242  -7.614  5.583  78.463 0.1250000000
95986  -8.101  6.261  78.493 0.1250000000
95998  -8.749  6.436  77.905 0.1250000000
96748  -9.172  7.248  77.920 0.1250000000
94551  -7.366  4.112  76.657 0.1250000000
94552  -8.091  4.392  76.285 0.1250000000
93827  -7.367  3.109  75.662 0.1250000000
94559  -8.338  3.965  75.702 0.1250000000
94560  -9.263  4.248  75.527 0.1250000000
94561  -10.215  4.723  75.125 0.1250000000
125212  -10.894  4.763  74.524 0.1250000000
95267  -10.840  5.458  74.704 0.1250000000
96016  -10.783  6.311  74.881 0.1250000000
95268  -11.296  5.170  74.047 0.1250000000
93064  -9.897  2.014  73.814 0.1250000000
93055  -10.443  2.778  73.913 0.1250000000
94571  -11.252  4.353  74.055 0.1250000000
93838  -10.936  3.556  74.033 0.1250000000
93065  -10.830  2.267  73.430 0.1250000000
94578  -11.542  3.868  73.498 0.1250000000
92268  -11.099  1.633  72.923 0.1250000000
93845  -11.262  3.071  73.472 0.1250000000
91485  -11.200  0.412  72.262 0.1250000000
91488  -12.085  0.681  71.676 0.1250000000
98901  -8.421  10.867  83.486 0.1250000000
98903  -8.665  10.390  83.482 0.1250000000
98164  -8.674  9.646  83.359 0.1250000000
98163  -7.542  9.318  83.064 0.1250000000
98160  -7.657  8.950  83.335 0.1250000000
97450  -8.278  8.881  83.393 0.1250000000
98165  -9.258  10.083  83.303 0.1250000000
98167  -7.576  9.735  82.394 0.1250000000
97460  -7.252  8.486  81.346 0.1250000000
98185  -8.351  9.695  80.221 0.1250000000
127824  -8.185  8.853  79.928 0.1250000000
98195  -8.674  9.203  79.414 0.1250000000
122635  -9.073  8.723  78.701 0.1250000000
136540  -9.526  9.309  77.894 0.1250000000
97494  -9.484  8.256  77.814 0.1250000000
98206  -9.772  8.970  77.202 0.1250000000
95248  -8.239  5.661  77.757 0.1250000000
95249  -8.930  5.964  77.351 0.1250000000
98215  -10.046  9.148  76.452 0.1250000000
94544  -7.955  4.903  77.054 0.1250000000
96758  -9.724  7.556  77.129 0.1250000000
97503  -9.909  8.369  76.851 0.1250000000
120569  -8.645  5.472  77.067 0.1250000000
95255  -9.369  5.760  76.683 0.1250000000
133670  -10.056  7.084  76.462 0.1250000000
96759  -10.125  7.822  76.447 0.1250000000
97504  -10.290  8.469  76.055 0.1250000000
121585  -8.744  5.038  76.500 0.1250000000
95256  -9.987  5.874  76.096 0.1250000000
96010  -10.376  6.567  75.750 0.1250000000
96764  -10.456  7.622  75.689 0.1250000000
97510  -10.494  8.513  75.202 0.1250000000
121010  -8.819  4.541  76.006 0.1250000000
94553  -9.556  5.124  75.915 0.1250000000
95262  -10.361  5.666  75.446 0.1250000000
128896  -10.687  7.064  75.048 0.1250000000
96771  -10.669  7.778  74.707 0.1250000000
96017  -11.196  6.032  74.119 0.1250000000
95276  -11.502  5.666  73.359 0.1250000000
93072  -11.702  2.557  72.865 0.1250000000
93852  -11.839  3.439  72.966 0.1250000000
132121  -11.653  4.735  73.300 0.1250000000
127881  -11.887  1.872  72.477 0.1250000000
135313  -12.660  0.611  71.060 0.1250000000
98906  -7.791  10.286  82.968 0.1250000000
99589  -8.589  11.363  83.725 0.1250000000
98911  -7.762  10.630  82.355 0.1250000000
98162  -9.192  10.072  83.481 0.1250000000
98907  -9.717  10.671  83.592 0.1250000000
98905  -10.019  11.174  83.836 0.1250000000
98175  -7.558  9.303  81.559 0.1250000000
98176  -7.941  9.726  80.973 0.1250000000
98923  -8.518  10.632  80.112 0.1250000000
123716  -8.810  10.108  79.446 0.1250000000
98196  -9.177  9.707  78.704 0.1250000000
98223  -9.962  9.967  75.985 0.1250000000
98216  -10.272  9.235  75.613 0.1250000000
98224  -10.327  9.233  74.805 0.1250000000
96772  -10.995  6.993  74.185 0.1250000000
124098  -11.338  6.508  73.398 0.1250000000
120343  -11.628  6.163  72.684 0.1250000000
95284  -11.835  5.361  72.626 0.1250000000
92273  -12.323  1.565  71.936 0.1250000000
94587  -12.250  3.863  72.478 0.1250000000
99591  -7.920  11.149  83.190 0.1250000000
99594  -7.801  11.192  82.904 0.1250000000
100285  -7.970  12.328  84.004 0.1250000000
99597  -7.716  11.359  82.321 0.1250000000
99604  -8.079  11.361  80.935 0.1250000000
99610  -8.371  11.522  80.063 0.1250000000
98931  -8.773  11.005  79.295 0.1250000000
98932  -9.080  10.515  78.720 0.1250000000
98939  -9.446  10.460  77.765 0.1250000000
142349  -10.065  9.834  75.222 0.1250000000
98230  -9.820  9.777  74.531 0.1250000000
97513  -10.529  8.528  74.329 0.1250000000
98231  -10.170  9.108  73.982 0.1250000000
96779  -10.831  7.852  73.826 0.1250000000
135375  -11.175  7.274  73.278 0.1250000000
93853  -12.258  3.159  72.512 0.1250000000
92276  -12.759  1.236  71.299 0.1250000000
127877  -7.823  11.811  83.475 0.1250000000
100986  -7.860  13.179  84.022 0.1250000000
100288  -7.584  12.668  83.538 0.1250000000
99603  -7.658  11.943  81.771 0.1250000000
100300  -7.908  12.175  80.685 0.1250000000
100311  -7.703  12.983  80.332 0.1250000000
100312  -8.158  12.478  79.679 0.1250000000
99618  -8.571  11.924  78.965 0.1250000000
99619  -8.992  11.307  78.287 0.1250000000
100324  -7.797  13.236  79.287 0.1250000000
100325  -8.192  12.782  78.568 0.1250000000
99625  -9.127  11.545  77.145 0.1250000000
100334  -7.614  13.418  78.233 0.1250000000
99624  -8.585  12.212  77.809 0.1250000000
98944  -9.499  10.711  76.501 0.1250000000
137960  -7.245  13.528  77.431 0.1250000000
99630  -8.241  12.285  76.620 0.1250000000
99631  -8.881  11.480  76.078 0.1250000000
98951  -9.390  10.612  75.263 0.1250000000
136845  -8.516  10.889  74.556 0.1250000000
97521  -10.497  8.471  73.469 0.1250000000
96787  -10.883  7.906  72.972 0.1250000000
96032  -12.017  5.888  72.033 0.1250000000
93073  -12.479  2.477  72.147 0.1250000000
93861  -12.732  3.473  71.909 0.1250000000
95285  -12.283  5.132  71.970 0.1250000000
100299  -7.490  12.820  81.360 0.1250000000
140219  -7.316  13.475  81.854 0.1250000000
100995  -7.370  13.533  80.963 0.1250000000
127215  -7.369  14.842  82.437 0.1250000000
122422  -7.233  14.172  81.679 0.1250000000
133768  -7.363  15.800  82.020 0.1250000000
102421  -7.925  16.065  82.433 0.1250000000
101717  -7.103  14.357  79.532 0.1250000000
101716  -6.978  14.997  80.222 0.1250000000
102424  -7.181  16.401  81.316 0.1250000000
101010  -7.325  13.852  78.888 0.1250000000
101017  -7.080  13.988  77.909 0.1250000000
100335  -7.794  12.958  77.389 0.1250000000
137380  -7.273  12.780  76.502 0.1250000000
122078  -6.901  14.030  77.012 0.1250000000
128916  -8.008  11.898  75.793 0.1250000000
100346  -7.017  13.306  76.722 0.1250000000
99644  -7.228  11.730  75.196 0.1250000000
99657  -7.445  11.135  74.535 0.1250000000
98956  -9.064  10.278  74.140 0.1250000000
98238  -9.532  9.564  73.623 0.1250000000
94593  -12.982  4.115  71.439 0.1250000000
93862  -13.237  3.516  71.184 0.1250000000
125746  -8.096  15.871  82.591 0.1250000000
103106  -7.605  16.629  81.748 0.1250000000
103108  -8.632  17.015  81.702 0.1250000000
102427  -6.836  15.759  79.827 0.1250000000
101720  -6.835  15.128  79.144 0.1250000000
101728  -6.880  14.832  76.608 0.1250000000
101023  -6.794  13.701  76.170 0.1250000000
127263  -6.762  13.605  75.585 0.1250000000
120555  -6.767  12.881  76.031 0.1250000000
101025  -6.710  13.054  75.640 0.1250000000
101031  -6.778  12.971  75.072 0.1250000000
99643  -6.735  12.328  75.251 0.1250000000
100366  -6.529  12.040  74.429 0.1250000000
99655  -6.155  11.389  73.775 0.1250000000
99656  -6.561  11.407  74.401 0.1250000000
99670  -6.847  10.822  73.924 0.1250000000
98962  -7.962  10.662  73.750 0.1250000000
126562  -7.939  10.380  72.982 0.1250000000
98963  -8.732  10.045  73.256 0.1250000000
98239  -9.950  8.952  73.073 0.1250000000
97529  -10.457  8.459  72.597 0.1250000000
96788  -11.290  7.387  72.477 0.1250000000
95297  -12.830  4.925  71.251 0.1250000000
101724  -6.768  15.380  78.153 0.1250000000
101725  -6.797  14.758  77.515 0.1250000000
102437  -7.163  15.833  76.641 0.1250000000
103123  -7.245  16.332  77.390 0.1250000000
102441  -7.338  15.312  76.059 0.1250000000
101731  -6.941  14.388  75.833 0.1250000000
101736  -6.995  13.949  75.200 0.1250000000
101737  -7.821  14.218  74.616 0.1250000000
101038  -6.800  12.686  74.233 0.1250000000
101032  -7.109  13.454  74.591 0.1250000000
100373  -6.363  11.962  73.705 0.1250000000
99668  -5.954  11.070  73.198 0.1250000000
98244  -9.341  9.523  72.725 0.1250000000
96804  -11.664  7.743  70.855 0.1250000000
96031  -11.697  6.729  72.020 0.1250000000
96794  -11.445  7.517  71.667 0.1250000000
96045  -12.231  6.301  71.420 0.1250000000
95309  -12.775  5.880  70.838 0.1250000000
103129  -7.746  16.308  76.822 0.1250000000
102438  -7.918  15.949  76.326 0.1250000000
102442  -8.135  15.538  75.836 0.1250000000
101732  -7.552  14.827  75.447 0.1250000000
101039  -7.472  13.383  73.875 0.1250000000
98972  -7.616  10.472  72.405 0.1250000000
120104  -8.347  10.433  71.887 0.1250000000
98245  -9.935  9.016  72.218 0.1250000000
97535  -10.529  8.567  71.796 0.1250000000
97536  -11.112  8.199  71.352 0.1250000000
97530  -10.951  7.989  72.137 0.1250000000
103130  -8.378  16.359  76.721 0.1250000000
102439  -8.611  16.020  76.205 0.1250000000
100379  -6.365  11.931  72.864 0.1250000000
98971  -6.762  10.623  72.283 0.1250000000
101044  -6.928  12.631  73.354 0.1250000000
91722  -55.768  0.906  42.171 0.3750000000
47537  -6.381  -47.046  86.918 0.1250000000
60959  -37.291  -33.436  80.365 0.2500000000
44464  -6.895  -48.182  87.833 0.1250000000
51518  -6.603  -43.011  86.445 0.1250000000
53399  -6.267  -40.200  84.150 0.1250000000
62918  -38.457  -30.594  79.453 0.5000000000
65980  -38.071  -27.888  77.834 0.3750000000
84528  -50.087  -7.803  62.079 0.2500000000
81768  -49.211  -10.401  64.783 0.3750000000
84659  -55.710  -7.166  48.595 0.2500000000
89949  -54.775  -1.230  48.909 0.2500000000
89635  -6.771  -1.671  81.542 0.3750000000
85311  -8.250  -7.308  74.752 0.2500000000
86174  -7.596  -5.311  73.965 0.1250000000
85320  -7.977  -6.862  74.251 0.2500000000
90529  -6.320  -0.484  82.940 0.3750000000
92176  -8.120  1.729  85.763 0.3750000000
92177  -8.795  1.517  85.622 0.3750000000
92178  -9.232  1.464  85.156 0.3750000000
91424  -10.274  1.106  82.958 0.3750000000
92194  -11.345  2.178  82.994 0.3750000000
64006  -38.858  -29.533  78.486 0.5000000000
58303  -7.263  -36.247  80.527 0.2500000000
57527  -6.045  -36.847  70.991 0.2500000000
83784  -56.272  -8.021  49.932 0.2500000000
43361  -8.872  -48.874  86.239 0.1250000000
62919  -38.984  -31.138  78.995 0.5000000000
43349  -8.057  -48.833  86.788 0.1250000000
57514  -6.276  -36.894  71.946 0.2500000000
58367  -7.319  -36.170  73.636 0.2500000000
46638  -5.440  -48.280  85.222 0.1250000000
45644  -5.286  -48.602  84.773 0.1250000000
47565  -5.548  -47.567  83.853 0.1250000000
45630  -5.550  -48.865  86.121 0.1250000000
43345  -6.168  -49.053  86.829 0.1250000000
42355  -7.044  -49.620  86.631 0.1250000000
47566  -5.590  -47.430  83.675 0.1250000000
48604  -5.981  -46.876  82.829 0.1250000000
48598  -6.099  -46.840  83.662 0.1250000000
131233  -6.470  -46.325  82.390 0.1250000000
139556  -6.868  -45.961  80.786 0.1250000000
49632  -7.367  -44.789  81.725 0.1250000000
49645  -6.855  -45.052  78.263 0.1250000000
51577  -5.772  -43.707  77.089 0.1250000000
143319  -5.790  -47.606  86.050 0.1250000000
46632  -5.703  -47.980  86.232 0.1250000000
137164  -6.563  -48.728  87.182 0.1250000000
48599  -6.746  -45.725  84.095 0.1250000000
50618  -7.464  -43.541  83.988 0.1250000000
139338  -6.087  -47.376  86.391 0.1250000000
51560  -7.327  -42.640  82.499 0.1250000000
134752  -6.087  -41.008  79.083 0.1250000000
123351  -6.538  -44.026  86.475 0.1250000000
54424  -5.831  -39.781  81.810 0.1250000000
54407  -33.329  -37.775  81.571 0.1250000000
55374  -33.797  -37.141  81.303 0.1250000000
119618  -5.795  -39.430  83.568 0.2500000000
55376  -5.635  -39.272  82.443 0.1250000000
54439  -5.812  -39.487  80.884 0.1250000000
54426  -5.943  -38.578  81.041 0.1250000000
56376  -6.215  -37.316  81.218 0.2500000000
57429  -7.132  -36.117  79.767 0.2500000000
131977  -7.460  -35.241  79.304 0.2500000000
139720  -10.850  -40.353  73.177 0.2500000000
133089  -7.048  -37.650  71.976 0.2500000000
57501  -7.243  -36.893  73.380 0.2500000000
83639  -48.822  -8.571  63.125 0.2500000000
125549  -7.428  -2.061  80.484 0.3750000000
87895  -8.270  -3.171  79.616 0.3750000000
87912  -9.203  -3.339  78.376 0.3750000000
85321  -8.786  -6.315  74.728 0.2500000000
92179  -9.821  1.890  84.476 0.3750000000
90539  -6.489  -0.374  81.935 0.3750000000
90559  -7.916  -1.009  79.478 0.2500000000
87053  -9.953  -3.638  75.800 0.1250000000
88815  -9.718  -2.556  77.130 0.1250000000
88817  -9.991  -2.707  75.974 0.1250000000
134066  -7.437  1.944  84.996 0.3750000000
92972  -7.876  2.308  84.763 0.3750000000
92971  -7.207  2.345  84.158 0.3750000000
92978  -7.089  2.869  83.319 0.3750000000
140638  -6.882  2.096  83.454 0.3750000000
92997  -12.080  2.692  82.548 0.3750000000
92198  -6.510  1.150  81.841 0.3750000000
131354  -6.532  0.577  81.037 0.3750000000
90548  -6.936  -0.522  80.568 0.3750000000
90569  -8.288  -0.850  78.909 0.2500000000
139265  -9.424  -1.172  76.790 0.1250000000
131594  -6.573  1.973  81.481 0.3750000000
131523  -7.457  0.717  78.867 0.1250000000
92215  -6.982  1.163  79.433 0.2500000000
125684  -9.633  -1.858  75.483 0.1250000000
92996  -6.721  2.915  81.609 0.3750000000
89688  -9.046  -1.107  75.095 0.1250000000
89706  -7.974  -1.172  73.311 0.1250000000
93030  -6.658  2.500  78.165 0.1250000000
93062  -7.917  1.910  74.074 0.1250000000
96709  -7.815  7.961  83.289 0.1250000000
123090  -6.623  5.435  81.778 0.1250000000
124161  -6.588  3.959  80.217 0.1250000000
93812  -6.616  3.534  78.705 0.1250000000
95222  -6.604  6.113  81.547 0.1250000000
94536  -6.714  4.697  79.849 0.1250000000
94541  -7.222  4.827  78.307 0.1250000000
94569  -9.725  3.759  75.001 0.1250000000
94570  -10.584  4.062  74.570 0.1250000000
97453  -6.749  7.920  82.783 0.1250000000
97454  -7.155  8.751  82.399 0.1250000000
95223  -6.798  6.365  80.754 0.1250000000
95972  -7.080  6.960  80.466 0.1250000000
97461  -7.773  8.929  80.639 0.1250000000
120189  -7.970  10.051  83.369 0.1250000000
98161  -8.278  9.500  83.397 0.1250000000
98917  -8.165  10.515  80.876 0.1250000000
124907  -9.754  9.785  76.960 0.1250000000
99595  -10.674  11.427  83.380 0.1250000000
98168  -7.852  10.153  81.654 0.1250000000
142025  -8.328  11.008  80.534 0.1250000000
123553  -7.531  11.978  82.838 0.1250000000
98912  -7.898  11.004  81.663 0.1250000000
100292  -7.357  12.931  82.553 0.1250000000
101001  -7.397  13.671  79.937 0.1250000000
101714  -7.162  14.242  80.611 0.1250000000
101713  -7.122  14.985  81.369 0.1250000000
101711  -7.975  15.296  82.985 0.1250000000
102434  -6.858  15.595  77.310 0.1250000000
47624  -24.952  -44.343  79.152 0.1250000000
47654  -24.103  -45.149  78.012 0.1250000000
47640  -24.903  -44.441  78.381 0.1250000000
46703  -22.056  -46.577  77.472 0.1250000000
135904  -22.953  -46.691  77.832 0.1250000000
47653  -23.428  -46.177  77.731 0.1250000000
46704  -22.564  -46.745  77.140 0.1250000000
46714  -23.270  -46.219  76.838 0.1250000000
61914  -39.550  -32.381  77.109 0.1250000000
61039  -39.523  -32.650  76.080 0.1250000000
61919  -39.393  -31.750  76.591 0.1250000000
61050  -39.468  -33.146  74.995 0.1250000000
61063  -39.365  -33.292  74.214 0.1250000000
121283  -39.415  -33.614  73.268 0.1250000000
61062  -39.163  -33.162  73.668 0.1250000000
64029  -39.040  -30.673  77.294 0.1250000000
65034  -38.522  -29.090  78.204 0.1250000000
61925  -39.224  -31.979  75.664 0.1250000000
61939  -39.286  -32.681  74.980 0.1250000000
62956  -38.896  -31.286  76.140 0.1250000000
61950  -39.173  -32.828  74.388 0.1250000000
61963  -38.768  -33.022  73.126 0.1250000000
137580  -38.713  -30.307  77.243 0.1250000000
64039  -38.669  -30.681  76.698 0.1250000000
64027  -38.399  -29.982  77.223 0.1250000000
62967  -38.818  -31.688  75.475 0.1250000000
119252  -38.577  -31.071  76.021 0.1250000000
61949  -38.881  -32.660  74.117 0.1250000000
61962  -38.234  -32.675  72.843 0.1250000000
65052  -38.123  -29.092  77.669 0.1250000000
64026  -37.904  -29.580  77.067 0.1250000000
62966  -38.384  -31.481  75.302 0.1250000000
62955  -38.193  -30.859  75.848 0.1250000000
61948  -38.387  -32.442  73.802 0.1250000000
132973  -38.001  -31.287  75.183 0.1250000000
137281  -37.597  -30.644  75.548 0.1250000000
62983  -38.066  -31.817  74.447 0.1250000000
61947  -37.927  -32.169  73.455 0.1250000000
62998  -37.460  -31.873  73.168 0.1250000000
65051  -37.756  -28.547  77.488 0.1250000000
64025  -37.519  -29.191  77.011 0.1250000000
65050  -37.494  -28.021  77.151 0.2500000000
62982  -37.669  -31.741  73.945 0.1250000000
64036  -37.234  -29.689  76.234 0.1250000000
62981  -37.008  -31.247  73.952 0.1250000000
61979  -38.063  -32.864  71.922 0.1250000000
62997  -36.794  -31.313  72.851 0.1250000000
139158  -36.745  -29.078  75.873 0.1250000000
62980  -36.459  -30.311  74.400 0.1250000000
65075  -36.774  -28.129  75.696 0.1250000000
65074  -36.509  -28.813  75.048 0.1250000000
141295  -36.269  -29.454  74.594 0.1250000000
65086  -36.083  -28.560  74.052 0.1250000000
119380  -36.240  -30.476  73.423 0.1250000000
66007  -37.096  -27.135  75.331 0.2500000000
66013  -36.402  -27.708  73.357 0.2500000000
66006  -36.641  -27.694  74.525 0.1250000000
140229  -35.987  -28.258  73.364 0.2500000000
65096  -35.655  -28.828  72.383 0.1250000000
66032  -36.752  -27.603  71.429 0.2500000000
132033  -36.942  -27.607  70.617 0.2500000000
66046  -36.934  -27.686  69.851 0.2500000000
71049  -48.266  -22.754  54.713 0.1250000000
132118  -48.084  -22.189  53.847 0.1250000000
72842  -48.537  -20.945  53.814 0.1250000000
119436  -48.957  -22.328  54.797 0.2500000000
71990  -48.565  -21.722  53.977 0.1250000000
73688  -48.076  -19.466  53.334 0.1250000000
74511  -48.665  -18.562  53.298 0.1250000000
75474  -48.286  -17.684  52.788 0.1250000000
71991  -49.135  -21.218  54.222 0.1250000000
71065  -49.080  -21.885  54.419 0.1250000000
72843  -49.173  -20.462  53.937 0.1250000000
135976  -48.586  -20.196  53.609 0.1250000000
71977  -49.664  -21.479  54.638 0.2500000000
72834  -49.806  -20.690  54.419 0.1250000000
72844  -49.688  -20.019  54.065 0.1250000000
133382  -50.439  -20.485  54.705 0.2500000000
65064  -37.053  -28.627  76.547 0.2500000000
135498  -22.996  -46.524  77.221 0.1250000000
60066  -39.557  -33.405  77.196 0.1250000000
121091  -23.781  -45.552  77.213 0.1250000000
46713  -22.800  -46.521  76.510 0.1250000000
60101  -39.600  -33.704  75.112 0.1250000000
61926  -39.438  -32.063  76.141 0.1250000000
64028  -38.953  -30.958  76.802 0.1250000000
62964  -37.072  -30.786  74.845 0.1250000000
131303  -47.882  -20.472  53.498 0.1250000000
51647  -10.024  -42.366  70.394 0.1250000000
51660  -9.969  -42.445  69.387 0.1250000000
52594  -10.244  -42.236  68.398 0.1250000000
52550  -10.585  -41.798  71.059 0.1250000000
52565  -10.757  -41.975  70.040 0.1250000000
52578  -10.838  -41.966  69.081 0.1250000000
52579  -11.554  -41.592  69.667 0.1250000000
53580  -11.680  -39.952  72.149 0.1250000000
136071  -11.680  -40.501  71.690 0.1250000000
53594  -11.966  -40.732  71.091 0.1250000000
54557  -12.558  -39.129  71.286 0.1250000000
52567  -12.256  -41.042  70.213 0.1250000000
54546  -11.489  -39.330  72.623 0.1250000000
56535  -9.713  -37.162  71.440 0.1250000000
55478  -11.617  -38.522  72.330 0.1250000000
56511  -10.758  -37.315  71.752 0.1250000000
56488  -11.572  -37.786  71.776 0.1250000000
54556  -12.065  -39.176  72.029 0.1250000000
55489  -12.599  -38.337  70.880 0.1250000000
54566  -13.066  -39.030  70.542 0.1250000000
56537  -12.442  -37.614  70.379 0.1250000000
56512  -12.069  -37.691  71.088 0.1250000000
56536  -11.346  -37.052  71.008 0.1250000000
57538  -9.628  -36.538  70.587 0.1250000000
57539  -10.810  -36.349  70.452 0.1250000000
139854  -10.499  -36.822  71.089 0.1250000000
131696  -11.902  -37.173  70.473 0.1250000000
57549  -6.848  -36.566  69.968 0.1250000000
57537  -8.329  -36.688  70.390 0.1250000000
57550  -7.820  -36.316  69.845 0.1250000000
57551  -9.022  -35.922  69.796 0.1250000000
58406  -7.341  -35.954  69.517 0.1250000000
58407  -8.256  -35.702  69.378 0.1250000000
58419  -7.810  -35.455  69.130 0.1250000000
134552  -9.051  -35.403  69.220 0.1250000000
58420  -8.578  -35.187  68.932 0.1250000000
63053  -5.781  -30.193  68.283 0.1250000000
64122  -6.839  -29.350  67.799 0.1250000000
63055  -8.307  -30.278  68.073 0.1250000000
64123  -7.804  -29.405  67.763 0.1250000000
124627  -9.250  -30.514  67.861 0.1250000000
63057  -10.168  -30.781  67.518 0.1250000000
65150  -8.279  -28.586  67.216 0.1250000000
64124  -8.850  -29.573  67.691 0.1250000000
140353  -10.401  -30.142  67.061 0.1250000000
139803  -8.170  -25.353  67.491 0.1250000000
68024  -8.603  -25.120  66.744 0.1250000000
68039  -9.634  -25.148  66.306 0.1250000000
67092  -7.411  -25.293  65.857 0.1250000000
67112  -8.331  -25.421  64.965 0.1250000000
68009  -11.314  -25.558  68.705 0.1250000000
138533  -9.080  -25.645  67.845 0.1250000000
68025  -9.812  -25.546  67.315 0.1250000000
68026  -10.746  -25.713  67.797 0.1250000000
67981  -10.676  -25.733  70.539 0.2500000000
67982  -11.549  -24.967  70.754 0.1250000000
121969  -12.019  -24.754  70.138 0.1250000000
67030  -9.768  -26.252  69.946 0.2500000000
67995  -11.456  -25.414  69.835 0.1250000000
120164  -9.492  -26.110  68.876 0.1250000000
68008  -10.192  -25.929  68.279 0.1250000000
70772  -11.426  -22.489  71.883 0.2500000000
68894  -11.437  -24.321  71.608 0.2500000000
69774  -11.761  -23.298  71.421 0.2500000000
70789  -11.858  -22.371  71.188 0.1250000000
79014  -46.057  -13.222  66.826 0.2500000000
79901  -46.905  -12.282  66.093 0.2500000000
122415  -47.812  -11.240  65.697 0.2500000000
81755  -48.820  -10.746  65.421 0.2500000000
81767  -49.112  -10.112  64.796 0.2500000000
81565  -15.736  -10.841  78.531 0.2500000000
81577  -16.650  -10.638  77.316 0.2500000000
81593  -17.303  -10.999  76.726 0.2500000000
80717  -18.562  -11.443  76.211 0.2500000000
81543  -14.430  -10.970  81.347 0.2500000000
119068  -49.419  -3.202  54.763 0.2500000000
88151  -50.044  -2.862  54.146 0.2500000000
88196  -53.122  -3.145  49.323 0.1250000000
82550  -16.720  -9.848  77.323 0.2500000000
89061  -54.192  -2.285  48.382 0.1250000000
89950  -55.260  -0.432  48.424 0.1250000000
89075  -54.386  -2.212  47.541 0.1250000000
89960  -54.790  -1.493  47.957 0.1250000000
89961  -55.234  -0.747  47.469 0.1250000000
124755  -53.614  -3.118  46.944 0.1250000000
89967  -54.739  -1.636  47.097 0.1250000000
82515  -13.773  -9.509  81.382 0.2500000000
82525  -14.614  -9.638  80.141 0.2500000000
89968  -55.165  -1.026  46.718 0.1250000000
90835  -55.502  0.085  46.797 0.1250000000
89092  -54.305  -2.378  45.715 0.1250000000
89973  -54.742  -1.655  46.255 0.1250000000
89978  -54.880  -1.447  45.290 0.1250000000
89091  -53.767  -2.924  45.132 0.1250000000
89098  -54.371  -2.228  44.719 0.1250000000
89097  -53.799  -2.740  44.162 0.1250000000
90844  -55.617  0.148  45.822 0.1250000000
89974  -55.263  -0.812  46.029 0.1250000000
137345  -55.351  -0.602  45.361 0.1250000000
89985  -55.292  -0.724  43.892 0.1250000000
89114  -54.375  -1.847  42.934 0.1250000000
83463  -14.297  -8.879  80.096 0.2500000000
90851  -55.548  -0.074  44.331 0.1250000000
89997  -55.283  -0.535  42.983 0.1250000000
132860  -55.706  0.533  42.904 0.2500000000
89995  -54.408  -1.553  42.192 0.1250000000
90880  -55.457  -0.004  42.323 0.2500000000
90013  -53.898  -1.906  41.709 0.1250000000
90905  -54.929  -0.640  41.112 0.2500000000
139823  -53.907  -1.722  40.887 0.1250000000
125224  -54.858  -0.578  40.389 0.2500000000
127129  -56.056  3.188  34.056 0.2500000000
83479  -14.776  -8.193  78.951 0.2500000000
90906  -55.345  0.115  40.686 0.2500000000
90031  -53.802  -1.665  39.363 0.2500000000
91844  -53.481  0.894  32.051 0.2500000000
127920  -53.605  0.737  32.800 0.2500000000
92683  -53.934  1.955  30.433 0.2500000000
91867  -53.033  1.305  30.146 0.2500000000
139028  -52.480  1.082  29.508 0.1250000000
126247  -51.832  1.241  28.263 0.1250000000
90032  -54.463  -0.979  39.714 0.2500000000
91769  -55.326  0.936  38.433 0.2500000000
90046  -54.156  -1.166  38.690 0.2500000000
91750  -54.825  0.121  38.498 0.2500000000
90946  -54.032  -0.660  37.136 0.1250000000
91843  -52.902  0.095  32.767 0.2500000000
91857  -53.343  1.117  31.124 0.2500000000
124278  -52.700  0.623  30.956 0.2500000000
91878  -51.732  0.682  29.297 0.1250000000
132292  -14.231  -6.533  78.722 0.2500000000
85285  -15.012  -6.433  78.253 0.2500000000
85294  -16.668  -6.389  77.574 0.2500000000
80754  -14.781  -11.792  73.675 0.2500000000
92619  -51.239  -1.786  35.659 0.2500000000
90973  -53.473  -0.707  35.497 0.2500000000
92651  -51.788  -2.123  34.807 0.2500000000
138598  -52.165  -1.578  34.380 0.2500000000
92652  -52.664  -1.200  34.577 0.2500000000
90999  -52.318  -0.695  33.110 0.2500000000
120688  -51.884  -1.523  33.874 0.2500000000
91830  -52.693  -0.661  33.793 0.2500000000
91007  -51.592  -0.957  32.225 0.2500000000
91008  -52.214  -0.408  32.202 0.2500000000
138619  -51.617  -0.419  31.330 0.2500000000
91855  -52.266  0.106  31.346 0.2500000000
91025  -51.324  -0.149  30.210 0.1250000000
91866  -52.158  0.396  30.382 0.1250000000
85284  -13.501  -6.228  79.146 0.2500000000
132231  -15.433  -5.978  78.062 0.2500000000
86147  -16.146  -5.818  77.821 0.2500000000
85295  -17.460  -6.311  77.549 0.2500000000
86125  -13.112  -5.612  79.317 0.2500000000
86136  -13.832  -5.638  78.799 0.2500000000
87024  -13.912  -4.080  78.972 0.2500000000
87038  -14.246  -4.908  78.655 0.2500000000
130841  -14.994  -4.916  78.394 0.2500000000
87041  -16.666  -4.477  78.308 0.2500000000
86138  -15.580  -5.321  78.161 0.2500000000
90570  -11.696  -0.667  78.470 0.2500000000
86999  -18.622  -4.630  82.545 0.2500000000
87915  -15.415  -3.686  78.906 0.2500000000
87903  -17.014  -3.409  79.415 0.2500000000
87887  -17.995  -3.375  81.343 0.2500000000
87900  -13.992  -3.241  78.897 0.2500000000
87913  -12.789  -2.901  78.779 0.2500000000
88795  -13.453  -2.880  78.755 0.2500000000
87039  -14.790  -4.242  78.665 0.2500000000
87916  -16.394  -3.836  78.785 0.2500000000
87042  -17.349  -4.259  78.653 0.2500000000
89657  -14.721  -2.178  78.916 0.2500000000
89671  -13.506  -1.654  78.234 0.2500000000
130882  -12.913  -0.990  77.984 0.2500000000
89672  -14.284  -1.576  78.390 0.2500000000
89673  -15.022  -1.432  78.648 0.2500000000
90561  -15.790  -1.299  78.968 0.2500000000
90573  -14.438  -0.214  77.895 0.2500000000
90574  -15.350  -0.548  78.293 0.2500000000
91450  -15.216  0.562  77.987 0.2500000000
127319  -16.192  -0.513  78.752 0.2500000000
128840  -17.585  -3.254  80.352 0.2500000000
87902  -15.946  -3.194  79.503 0.2500000000
125644  -14.598  -2.883  79.083 0.2500000000
88798  -15.740  -2.599  79.722 0.2500000000
88799  -16.587  -2.754  80.301 0.2500000000
89659  -15.984  -1.884  79.805 0.2500000000
89647  -16.737  -1.644  80.520 0.2500000000
119498  -17.429  -0.960  80.884 0.2500000000
90551  -17.100  -0.809  80.053 0.2500000000
90571  -12.434  -0.141  78.151 0.2500000000
91440  -16.650  0.169  78.705 0.2500000000
90552  -17.784  -0.054  80.118 0.2500000000
132854  -14.094  0.683  77.955 0.2500000000
91451  -16.173  0.802  78.243 0.2500000000
92233  -17.127  1.468  78.810 0.2500000000
87886  -17.251  -2.758  81.232 0.2500000000
87880  -18.081  -3.706  82.505 0.2500000000
88785  -16.849  -2.269  81.059 0.2500000000
125278  -17.416  -2.074  82.771 0.2500000000
89637  -17.255  -1.706  81.724 0.2500000000
131763  -18.055  -0.414  81.027 0.2500000000
92229  -13.717  1.571  78.439 0.2500000000
92231  -15.653  1.500  78.231 0.2500000000
91442  -17.904  0.864  79.760 0.2500000000
90553  -18.379  0.133  80.864 0.2500000000
92219  -18.111  1.614  80.009 0.2500000000
87865  -17.660  -3.084  84.016 0.2500000000
88777  -17.235  -2.371  81.950 0.2500000000
89628  -17.779  -1.994  83.739 0.2500000000
90533  -18.616  -0.646  82.794 0.2500000000
90542  -18.585  -0.202  81.647 0.2500000000
93032  -15.187  2.211  78.634 0.2500000000
91425  -18.841  0.746  81.367 0.2500000000
93034  -16.766  2.173  78.871 0.2500000000
134362  -17.300  2.041  79.160 0.2500000000
89618  -18.439  -2.534  84.793 0.2500000000
89629  -18.400  -1.360  83.571 0.2500000000
93019  -13.030  2.449  80.009 0.2500000000
93021  -14.835  2.712  79.349 0.2500000000
93022  -15.613  2.783  79.307 0.2500000000
92998  -12.514  3.306  82.310 0.2500000000
93790  -12.912  3.838  81.906 0.2500000000
92999  -13.031  3.376  81.835 0.2500000000
93782  -11.527  3.309  83.053 0.2500000000
93789  -11.291  3.786  82.582 0.2500000000
92991  -11.949  3.203  82.761 0.2500000000
93783  -12.191  3.753  82.475 0.2500000000
94519  -10.551  4.235  81.682 0.2500000000
94520  -11.766  4.250  81.838 0.2500000000
94518  -9.467  4.399  81.800 0.2500000000
95225  -10.401  5.345  80.360 0.2500000000
95226  -11.352  5.124  80.115 0.2500000000
95216  -8.951  5.126  81.575 0.2500000000
95224  -9.551  5.712  80.906 0.2500000000
94528  -9.883  4.825  81.017 0.2500000000
60160  -9.469  -33.794  68.427 0.1250000000
62034  -8.688  -31.184  68.195 0.1250000000
130071  -9.537  -34.980  68.831 0.1250000000
90916  -55.125  -0.130  39.823 0.2500000000
90021  -54.453  -1.167  40.609 0.1250000000
141976  -6.502  -29.940  68.102 0.1250000000
68023  -7.544  -25.074  66.801 0.1250000000
80821  -47.119  -11.628  65.590 0.2500000000
67969  -10.988  -25.175  71.341 0.2500000000
78999  -44.505  -13.925  66.794 0.1250000000
92673  -54.152  1.703  31.398 0.2500000000
91741  -55.532  1.029  40.080 0.2500000000
90933  -54.365  -0.560  38.120 0.1250000000
133871  -51.012  -2.523  35.107 0.2500000000
90895  -55.430  0.091  41.578 0.2500000000
87899  -13.285  -3.485  78.995 0.2500000000
92217  -13.594  2.303  79.210 0.2500000000
68037  -7.850  -24.921  65.937 0.1250000000
81647  -14.582  -10.859  73.832 0.1250000000
123229  -54.680  -0.390  39.000 0.2500000000
63043  -7.721  -30.978  68.321 0.1250000000
130954  -55.625  0.095  45.001 0.1250000000
53562  -11.223  -40.163  72.675 0.1250000000
55467  -11.047  -38.678  73.105 0.1250000000
56533  -7.610  -37.275  70.832 0.1250000000
124017  -50.048  -3.245  53.130 0.2500000000
88194  -52.294  -3.612  49.716 0.1250000000
90864  -55.629  0.217  43.669 0.1250000000
52551  -11.268  -41.100  71.434 0.1250000000
52566  -11.411  -41.420  70.606 0.1250000000
53579  -11.235  -40.675  72.103 0.1250000000
53581  -12.156  -39.902  71.533 0.1250000000
53595  -12.727  -40.046  70.670 0.1250000000
55488  -12.186  -38.404  71.649 0.1250000000
123931  -7.406  -36.839  70.303 0.1250000000
63054  -7.323  -30.103  68.133 0.1250000000
63056  -9.757  -29.888  67.417 0.1250000000
64133  -9.433  -28.960  67.206 0.1250000000
67113  -8.908  -25.659  64.448 0.1250000000
67994  -10.558  -25.976  69.373 0.1250000000
68915  -12.070  -24.913  69.350 0.1250000000
68903  -12.104  -24.021  70.742 0.1250000000
89085  -54.211  -2.483  46.748 0.1250000000
89103  -54.390  -2.092  43.768 0.1250000000
89979  -55.295  -0.759  44.692 0.1250000000
89984  -54.842  -1.460  44.298 0.1250000000
89996  -54.827  -1.348  43.428 0.1250000000
138915  -54.780  -1.247  42.704 0.1250000000
90014  -54.444  -1.326  41.415 0.1250000000
129028  -54.996  -0.796  42.031 0.2500000000
142300  -53.990  -2.100  42.406 0.1250000000
91856  -52.796  0.386  31.759 0.2500000000
92692  -53.119  1.751  29.076 0.1250000000
92650  -50.178  -1.868  35.212 0.2500000000
91024  -50.575  -0.508  30.050 0.1250000000
91015  -50.821  -0.766  30.961 0.1250000000
91040  -50.917  0.090  29.385 0.1250000000
122442  -18.433  -3.900  80.452 0.2500000000
92230  -14.690  1.492  78.200 0.2500000000
90532  -17.810  -1.465  82.799 0.2500000000
49640  -29.229  -42.853  81.038 0.1250000000
50631  -29.595  -42.171  80.656 0.1250000000
65109  -35.640  -28.921  71.480 0.1250000000
65121  -36.221  -28.264  70.901 0.1250000000
66059  -37.168  -27.631  69.112 0.1250000000
127253  -39.980  -26.991  67.049 0.1250000000
66116  -40.115  -26.977  66.309 0.1250000000
65170  -38.703  -27.570  66.260 0.1250000000
68095  -43.164  -25.107  61.620 0.1250000000
68094  -42.477  -25.472  61.191 0.1250000000
68106  -43.030  -25.111  60.647 0.1250000000
82702  -46.062  -9.778  62.246 0.1250000000
81795  -44.443  -10.212  61.692 0.1250000000
82710  -44.824  -9.644  61.162 0.1250000000
81794  -43.660  -10.564  61.291 0.1250000000
81809  -44.122  -9.873  61.049 0.1250000000
81793  -43.054  -10.654  60.610 0.1250000000
81808  -43.626  -9.992  60.559 0.1250000000
82726  -44.205  -9.555  60.451 0.1250000000
80884  -42.361  -11.328  60.681 0.1250000000
82725  -43.684  -9.534  59.925 0.1250000000
82742  -44.137  -9.226  59.661 0.1250000000
82753  -44.161  -8.854  59.069 0.1250000000
82771  -45.073  -9.389  58.089 0.1250000000
80894  -42.572  -10.782  60.062 0.1250000000
82740  -43.248  -9.707  59.368 0.1250000000
82741  -43.717  -9.180  59.394 0.1250000000
83676  -43.879  -8.781  59.017 0.1250000000
82770  -44.321  -8.603  58.453 0.1250000000
81819  -41.816  -11.318  59.673 0.1250000000
81820  -42.585  -10.467  59.390 0.1250000000
82752  -43.456  -9.146  58.890 0.1250000000
83695  -43.955  -8.319  58.358 0.1250000000
81832  -41.974  -10.800  58.706 0.1250000000
81833  -42.746  -9.968  58.589 0.1250000000
143835  -43.266  -8.690  57.877 0.1250000000
80907  -41.371  -11.399  58.784 0.1250000000
138458  -43.108  -9.249  58.169 0.1250000000
82768  -42.739  -9.272  57.439 0.1250000000
80920  -41.352  -11.174  57.915 0.1250000000
128587  -42.045  -10.414  57.883 0.1250000000
81844  -42.555  -9.799  57.829 0.1250000000
81781  -44.077  -10.943  62.165 0.1250000000
81796  -45.218  -9.975  61.994 0.1250000000
80859  -42.950  -12.011  62.347 0.1250000000
80860  -43.710  -11.686  62.673 0.1250000000
80871  -41.872  -11.976  61.250 0.1250000000
80872  -42.608  -11.662  61.556 0.1250000000
80873  -43.353  -11.350  61.842 0.1250000000
143628  -43.019  -11.128  61.169 0.1250000000
82783  -44.632  -8.648  57.571 0.1250000000
82769  -43.632  -8.585  58.454 0.1250000000
83703  -44.109  -7.892  57.837 0.1250000000
83710  -45.032  -8.056  56.109 0.1250000000
84559  -43.945  -7.612  57.605 0.1250000000
83704  -44.408  -7.781  57.106 0.1250000000
81843  -41.510  -10.609  57.135 0.1250000000
82767  -42.109  -9.926  57.185 0.1250000000
83694  -43.622  -8.090  57.913 0.1250000000
81774  -46.144  -10.725  63.701 0.1250000000
81775  -47.090  -10.198  63.867 0.1250000000
82693  -47.451  -9.557  63.322 0.1250000000
81783  -45.675  -10.340  62.801 0.1250000000
81784  -46.546  -9.984  63.069 0.1250000000
79950  -43.297  -12.368  63.164 0.1250000000
80861  -44.485  -11.364  62.982 0.1250000000
81782  -44.862  -10.632  62.494 0.1250000000
83716  -45.625  -8.285  55.242 0.1250000000
82793  -45.485  -8.962  55.447 0.1250000000
81842  -41.009  -11.183  57.090 0.1250000000
82781  -42.197  -9.178  56.563 0.1250000000
83701  -42.631  -8.203  56.348 0.1250000000
83702  -43.446  -7.666  57.136 0.1250000000
81851  -41.540  -10.013  56.421 0.1250000000
84565  -43.817  -6.831  56.879 0.1250000000
136136  -41.471  -9.372  55.874 0.1250000000
83700  -41.779  -8.610  55.674 0.1250000000
84564  -43.074  -7.330  56.161 0.1250000000
81865  -40.967  -8.947  55.226 0.1250000000
83708  -41.313  -8.137  54.780 0.1250000000
132192  -48.546  -10.202  64.899 0.1250000000
82688  -48.733  -9.581  64.343 0.1250000000
80837  -46.576  -11.446  64.906 0.1250000000
81766  -47.727  -10.340  64.644 0.1250000000
81776  -47.940  -9.757  64.089 0.1250000000
82694  -48.364  -9.204  63.595 0.1250000000
79929  -42.765  -12.992  63.711 0.1250000000
79930  -43.685  -12.677  63.936 0.1250000000
80835  -45.155  -12.137  64.395 0.1250000000
81764  -46.180  -11.275  64.335 0.1250000000
80848  -44.093  -12.067  63.461 0.1250000000
80849  -44.843  -11.763  63.742 0.1250000000
79949  -42.479  -12.555  62.865 0.1250000000
83717  -46.231  -8.404  54.516 0.1250000000
84574  -45.365  -7.252  55.865 0.1250000000
84566  -44.076  -7.163  57.126 0.1250000000
84567  -44.675  -6.827  56.647 0.1250000000
128799  -44.274  -6.352  56.643 0.1250000000
84573  -43.445  -6.441  55.972 0.1250000000
83709  -42.205  -7.816  55.412 0.1250000000
84572  -42.652  -7.118  55.194 0.1250000000
84571  -41.871  -7.562  54.597 0.1250000000
78019  -25.106  -14.991  77.951 0.1250000000
78917  -23.747  -13.562  77.389 0.1250000000
80820  -46.284  -12.076  65.365 0.1250000000
81754  -48.153  -10.720  65.365 0.1250000000
79911  -43.383  -13.242  64.515 0.1250000000
141869  -44.076  -12.870  64.483 0.1250000000
79914  -45.451  -12.438  65.089 0.1250000000
84583  -46.048  -7.465  55.061 0.1250000000
84575  -45.866  -6.552  55.743 0.1250000000
85475  -44.433  -5.758  56.441 0.1250000000
85477  -45.394  -6.109  56.365 0.1250000000
85483  -43.975  -5.789  56.172 0.1250000000
83707  -40.478  -8.709  54.436 0.1250000000
127184  -41.382  -7.778  54.310 0.1250000000
76153  -27.829  -16.426  80.808 0.1250000000
77098  -26.856  -15.519  80.541 0.1250000000
78911  -24.186  -13.394  78.350 0.1250000000
78011  -25.224  -14.738  78.763 0.1250000000
136629  -23.621  -12.923  77.698 0.1250000000
142415  -24.177  -14.052  77.722 0.1250000000
79814  -23.262  -12.934  76.965 0.1250000000
80732  -22.516  -11.275  75.665 0.1250000000
81615  -22.378  -10.341  75.299 0.1250000000
133313  -22.191  -10.941  74.868 0.1250000000
79900  -45.916  -12.782  65.938 0.1250000000
79912  -44.142  -13.228  65.012 0.1250000000
85478  -45.741  -5.278  56.298 0.1250000000
85484  -46.132  -5.597  56.083 0.1250000000
85485  -46.970  -5.151  55.959 0.1250000000
86317  -44.458  -5.491  56.231 0.1250000000
86319  -45.445  -5.183  56.284 0.1250000000
87236  -46.059  -4.933  56.249 0.1250000000
86331  -45.415  -5.016  56.192 0.1250000000
84581  -42.361  -7.174  54.396 0.1250000000
120336  -42.861  -6.914  54.193 0.1250000000
84582  -43.011  -6.601  54.939 0.1250000000
83715  -41.012  -8.060  54.138 0.1250000000
84580  -41.590  -7.591  54.024 0.1250000000
84590  -42.270  -7.350  53.835 0.1250000000
83728  -41.125  -8.125  53.682 0.1250000000
78000  -27.175  -15.259  81.402 0.1250000000
76154  -28.223  -16.536  81.533 0.1250000000
78907  -25.278  -13.721  79.931 0.1250000000
79801  -24.307  -12.500  78.924 0.1250000000
78004  -24.878  -13.997  79.061 0.1250000000
79800  -23.778  -12.422  78.227 0.1250000000
80721  -23.215  -11.365  77.122 0.1250000000
81598  -22.660  -10.464  76.099 0.1250000000
82578  -22.824  -9.098  75.736 0.1250000000
141504  -22.744  -8.760  75.229 0.1250000000
82577  -22.439  -9.357  74.911 0.1250000000
78955  -14.820  -13.851  71.344 0.1250000000
87241  -46.604  -4.751  56.023 0.1250000000
86321  -46.757  -4.803  56.066 0.1250000000
119527  -48.342  -4.105  55.982 0.1250000000
86343  -44.619  -5.397  55.489 0.1250000000
86344  -45.328  -5.041  55.546 0.1250000000
85499  -43.519  -6.417  54.600 0.1250000000
86356  -44.849  -5.597  54.772 0.1250000000
82816  -40.053  -9.069  53.523 0.1250000000
83747  -41.449  -8.446  53.056 0.1250000000
83729  -41.804  -7.857  53.464 0.1250000000
82837  -39.602  -9.512  52.945 0.1250000000
82838  -40.403  -9.363  52.852 0.1250000000
83746  -40.752  -8.720  53.321 0.1250000000
79779  -21.573  -12.647  81.492 0.1250000000
80690  -21.152  -11.004  79.145 0.1250000000
82564  -19.321  -9.232  77.069 0.1250000000
81580  -20.324  -10.511  77.688 0.1250000000
81594  -17.886  -10.180  76.563 0.1250000000
119552  -26.997  -14.367  81.791 0.1250000000
77086  -28.201  -15.833  82.696 0.1250000000
77999  -26.569  -14.740  80.989 0.1250000000
81549  -14.761  -10.587  80.499 0.1250000000
82540  -15.586  -9.769  78.495 0.1250000000
80692  -24.495  -11.715  79.213 0.1250000000
79792  -24.812  -12.316  79.646 0.1250000000
82532  -15.053  -9.662  79.321 0.1250000000
140707  -24.024  -11.871  78.655 0.1250000000
81568  -23.847  -10.629  78.211 0.1250000000
81599  -23.103  -10.567  76.803 0.1250000000
83504  -23.392  -8.740  76.438 0.1250000000
84391  -23.645  -7.776  76.053 0.1250000000
136602  -23.101  -8.357  75.551 0.1250000000
84398  -24.002  -6.864  75.633 0.1250000000
86182  -25.501  -5.380  72.870 0.1250000000
78949  -15.033  -13.390  72.140 0.1250000000
85342  -24.809  -6.162  72.460 0.1250000000
79844  -15.289  -12.504  72.118 0.1250000000
123060  -46.843  -4.491  55.667 0.1250000000
86333  -48.889  -4.004  56.102 0.1250000000
87240  -45.967  -4.766  55.910 0.1250000000
84592  -44.196  -7.148  53.471 0.1250000000
85500  -44.336  -6.423  54.139 0.1250000000
84612  -43.578  -7.683  53.245 0.1250000000
127899  -42.892  -7.267  53.686 0.1250000000
83748  -42.250  -8.349  52.856 0.1250000000
82839  -41.156  -9.137  52.651 0.1250000000
136041  -21.545  -11.780  81.378 0.1250000000
77975  -26.585  -15.028  84.657 0.1250000000
77071  -25.994  -16.040  85.174 0.1250000000
81559  -21.312  -10.736  80.113 0.1250000000
77075  -26.883  -16.072  84.623 0.1250000000
81567  -20.706  -10.347  78.573 0.1250000000
82553  -20.223  -9.717  78.048 0.1250000000
78894  -27.385  -13.842  82.417 0.1250000000
82562  -18.158  -9.353  76.677 0.1250000000
83503  -18.853  -8.527  77.137 0.1250000000
79787  -26.445  -12.904  81.498 0.1250000000
78893  -26.959  -13.357  81.974 0.1250000000
142593  -16.798  -9.305  77.273 0.1250000000
80693  -25.115  -11.482  79.865 0.1250000000
80683  -25.623  -11.644  80.490 0.1250000000
132017  -15.628  -8.945  78.154 0.1250000000
81569  -24.450  -10.395  78.748 0.1250000000
82534  -25.131  -10.211  79.297 0.1250000000
81562  -26.001  -10.218  79.870 0.1250000000
82555  -24.334  -9.176  77.933 0.1250000000
83481  -24.949  -8.759  78.266 0.1250000000
82544  -25.395  -9.026  78.766 0.1250000000
138603  -24.698  -7.635  77.304 0.1250000000
83493  -24.501  -8.423  77.609 0.1250000000
84392  -24.294  -7.260  76.544 0.1250000000
85323  -24.364  -6.283  74.948 0.1250000000
86176  -25.281  -5.350  73.758 0.1250000000
87084  -26.213  -4.864  72.998 0.1250000000
80755  -15.106  -12.108  72.937 0.1250000000
88135  -48.501  -3.807  55.889 0.1250000000
87243  -49.030  -3.579  55.900 0.1250000000
87255  -47.124  -4.383  54.751 0.1250000000
87249  -47.744  -3.962  55.528 0.1250000000
87250  -48.717  -3.533  55.378 0.1250000000
88157  -49.434  -3.443  53.591 0.1250000000
85517  -44.945  -6.870  53.273 0.1250000000
86357  -45.676  -5.282  54.512 0.1250000000
86398  -47.857  -5.119  52.007 0.1250000000
87277  -48.511  -4.699  51.880 0.1250000000
87263  -48.868  -4.138  52.904 0.1250000000
143203  -47.686  -5.550  51.333 0.1250000000
87262  -48.100  -4.594  52.840 0.1250000000
82840  -41.923  -8.979  52.401 0.1250000000
85547  -46.174  -6.898  50.918 0.1250000000
82852  -40.876  -9.851  52.185 0.1250000000
82853  -41.624  -9.693  51.982 0.1250000000
83761  -42.797  -8.948  52.186 0.1250000000
84639  -45.599  -7.388  50.411 0.1250000000
81929  -41.281  -10.152  51.555 0.1250000000
130540  -21.966  -14.227  85.137 0.1250000000
77966  -22.679  -15.089  85.348 0.1250000000
79767  -21.570  -12.690  83.794 0.1250000000
77070  -24.953  -15.853  85.454 0.1250000000
80672  -21.510  -11.061  81.839 0.1250000000
121436  -21.591  -11.771  82.346 0.1250000000
78873  -26.258  -13.449  84.267 0.1250000000
77969  -25.096  -14.891  85.364 0.1250000000
81551  -21.130  -9.937  80.440 0.1250000000
77976  -27.292  -14.291  84.081 0.1250000000
130701  -20.554  -9.535  78.939 0.1250000000
80665  -28.032  -11.612  82.124 0.1250000000
78887  -27.730  -13.130  83.010 0.1250000000
81545  -28.371  -10.830  81.458 0.1250000000
130989  -27.633  -11.812  81.877 0.1250000000
82526  -27.020  -9.998  80.216 0.1250000000
81554  -27.676  -10.474  80.868 0.1250000000
84390  -18.241  -8.322  77.075 0.1250000000
82536  -26.471  -9.440  79.624 0.1250000000
81553  -26.719  -10.699  80.614 0.1250000000
83470  -14.686  -8.927  79.489 0.1250000000
83488  -16.099  -8.407  77.760 0.1250000000
83482  -25.619  -8.436  78.527 0.1250000000
82535  -25.624  -9.543  79.236 0.1250000000
84384  -25.415  -7.294  77.652 0.1250000000
85305  -24.644  -6.519  76.251 0.1250000000
85313  -24.551  -6.285  75.631 0.1250000000
86170  -25.560  -5.139  74.441 0.1250000000
87075  -26.713  -4.496  73.666 0.1250000000
87076  -27.474  -4.308  73.241 0.1250000000
88136  -48.955  -3.322  55.817 0.1250000000
86358  -46.490  -5.008  54.149 0.1250000000
86373  -46.062  -5.702  53.497 0.1250000000
86374  -46.812  -5.408  53.141 0.1250000000
84613  -44.575  -7.628  52.696 0.1250000000
84614  -45.385  -7.178  52.372 0.1250000000
85519  -46.443  -6.092  52.500 0.1250000000
82869  -53.025  -9.816  50.266 0.1250000000
83750  -43.981  -8.210  52.519 0.1250000000
123023  -45.088  -7.671  51.864 0.1250000000
85548  -46.767  -6.472  50.456 0.1250000000
86397  -47.206  -5.693  52.050 0.1250000000
131771  -54.317  -8.002  48.686 0.1250000000
84658  -54.906  -7.415  48.261 0.1250000000
81942  -41.212  -10.374  50.732 0.1250000000
82854  -42.361  -9.517  51.682 0.1250000000
85542  -46.689  -6.372  51.471 0.1250000000
81928  -40.593  -10.320  51.509 0.1250000000
84671  -54.792  -6.994  47.436 0.1250000000
85620  -54.939  -6.564  43.251 0.1250000000
85626  -55.152  -6.601  42.229 0.1250000000
130729  -22.318  -12.830  85.880 0.1250000000
135757  -22.582  -14.274  85.529 0.1250000000
78862  -22.789  -13.748  85.638 0.1250000000
78863  -24.737  -14.133  85.138 0.1250000000
124307  -21.526  -11.973  85.671 0.1250000000
78872  -25.326  -13.401  84.605 0.1250000000
80664  -21.391  -10.927  83.178 0.1250000000
123089  -21.420  -11.928  84.817 0.1250000000
81539  -28.646  -10.773  82.629 0.1250000000
81544  -21.264  -10.288  82.265 0.1250000000
122101  -20.853  -9.331  80.685 0.1250000000
82527  -27.870  -9.807  80.532 0.1250000000
82520  -29.042  -9.765  81.285 0.1250000000
81540  -29.390  -10.012  82.203 0.1250000000
82541  -19.998  -8.871  78.400 0.1250000000
82537  -27.373  -9.289  79.952 0.1250000000
84383  -19.078  -7.831  77.678 0.1250000000
84366  -27.175  -7.971  79.125 0.1250000000
83480  -15.411  -8.222  78.304 0.1250000000
84382  -18.430  -7.738  77.369 0.1250000000
84374  -26.673  -7.506  78.508 0.1250000000
84381  -16.673  -7.758  77.470 0.1250000000
85300  -26.498  -6.350  77.593 0.1250000000
85299  -25.733  -6.584  77.329 0.1250000000
85306  -25.392  -6.111  76.592 0.1250000000
86161  -25.504  -5.503  75.818 0.1250000000
87060  -26.647  -4.575  75.321 0.1250000000
87939  -28.048  -3.962  74.502 0.1250000000
87059  -25.871  -4.962  75.199 0.1250000000
138837  -27.447  -4.187  73.944 0.1250000000
87949  -28.006  -4.046  73.694 0.1250000000
87077  -28.264  -4.165  72.999 0.1250000000
87256  -47.667  -4.451  53.774 0.1250000000
87257  -47.992  -3.896  54.644 0.1250000000
119295  -48.268  -4.137  53.690 0.1250000000
83772  -54.972  -8.795  50.075 0.1250000000
85541  -46.075  -6.800  51.951 0.1250000000
86375  -47.461  -5.017  52.914 0.1250000000
81946  -53.806  -10.019  50.789 0.1250000000
120570  -53.787  -9.509  50.238 0.1250000000
82887  -54.177  -9.008  49.851 0.1250000000
83763  -44.537  -8.143  51.795 0.1250000000
83782  -54.634  -8.425  49.388 0.1250000000
84672  -55.474  -6.846  47.979 0.1250000000
82867  -42.531  -9.726  50.850 0.1250000000
82855  -43.088  -9.257  51.248 0.1250000000
83771  -44.442  -8.432  50.842 0.1250000000
84632  -45.092  -7.877  51.029 0.1250000000
82866  -42.014  -10.097  50.408 0.1250000000
85627  -56.193  -6.045  42.223 0.1250000000
85636  -54.945  -6.881  41.324 0.1250000000
85637  -55.726  -6.496  41.374 0.1250000000
80640  -22.605  -12.152  85.647 0.1250000000
78871  -24.285  -13.245  84.987 0.1250000000
80645  -21.424  -11.171  85.509 0.1250000000
81537  -20.985  -10.192  83.304 0.1250000000
82488  -20.679  -9.103  84.992 0.1250000000
83465  -28.221  -9.191  80.345 0.1250000000
82528  -28.950  -9.195  80.847 0.1250000000
82521  -29.392  -9.210  81.477 0.1250000000
83473  -20.406  -8.791  79.385 0.1250000000
83477  -28.533  -8.016  79.952 0.1250000000
84357  -29.177  -7.922  80.460 0.1250000000
83472  -19.989  -8.228  79.016 0.1250000000
84376  -28.171  -7.049  79.180 0.1250000000
84368  -28.896  -7.331  79.793 0.1250000000
85297  -18.699  -6.964  77.808 0.1250000000
84375  -27.459  -7.245  78.830 0.1250000000
86143  -28.614  -5.942  78.577 0.1250000000
125018  -17.940  -7.012  77.421 0.1250000000
85288  -26.981  -6.781  78.215 0.1250000000
141725  -27.964  -5.834  78.092 0.1250000000
120564  -26.773  -5.619  77.154 0.1250000000
85301  -27.266  -6.068  77.870 0.1250000000
86152  -28.534  -5.284  77.926 0.1250000000
86150  -26.068  -6.007  77.073 0.1250000000
86156  -27.322  -4.998  76.820 0.1250000000
87056  -28.613  -4.352  76.724 0.1250000000
86155  -26.099  -5.546  76.529 0.1250000000
87054  -27.012  -4.649  76.115 0.1250000000
87061  -27.619  -4.237  75.463 0.1250000000
87950  -28.896  -3.880  73.771 0.1250000000
87951  -29.943  -3.864  73.352 0.1250000000
87078  -29.173  -4.097  72.799 0.1250000000
126203  -30.014  -4.052  72.582 0.1250000000
88174  -49.646  -3.742  52.420 0.1250000000
87278  -49.245  -4.361  51.664 0.1250000000
87279  -49.997  -4.057  51.360 0.1250000000
87284  -48.840  -4.825  50.900 0.1250000000
86409  -49.139  -5.011  50.034 0.1250000000
86512  -57.237  -5.240  41.385 0.1250000000
85638  -56.560  -5.930  41.396 0.1250000000
127828  -56.798  -5.796  40.594 0.1250000000
119490  -56.122  -6.393  40.621 0.1250000000
80656  -26.358  -11.027  83.498 0.1250000000
84352  -29.651  -7.557  81.829 0.1250000000
82517  -20.520  -8.921  82.359 0.1250000000
82529  -29.318  -8.531  81.036 0.1250000000
84345  -20.184  -7.909  82.024 0.1250000000
83464  -20.629  -8.926  81.377 0.1250000000
84365  -20.280  -8.044  79.858 0.1250000000
85290  -29.480  -6.007  79.130 0.1250000000
85286  -18.567  -6.079  78.169 0.1250000000
124726  -29.179  -5.492  78.548 0.1250000000
87050  -28.945  -4.616  77.448 0.1250000000
87062  -28.455  -4.091  75.966 0.1250000000
87940  -29.045  -3.743  74.768 0.1250000000
87941  -29.915  -3.711  74.269 0.1250000000
88175  -50.479  -3.339  52.176 0.1250000000
142397  -51.805  -3.235  51.075 0.1250000000
87285  -49.546  -4.546  50.661 0.1250000000
86522  -57.274  -5.185  40.480 0.1250000000
87401  -57.450  -4.489  40.342 0.1250000000
85647  -56.833  -5.680  39.853 0.1250000000
86530  -57.219  -5.089  39.771 0.1250000000
86529  -56.742  -5.593  39.188 0.1250000000
87430  -57.161  -4.163  39.209 0.1250000000
88327  -55.372  -3.728  36.345 0.1250000000
88339  -55.326  -3.506  35.318 0.1250000000
80646  -23.004  -11.311  84.986 0.1250000000
81520  -23.674  -10.882  84.038 0.1250000000
80647  -24.018  -11.501  84.210 0.1250000000
81514  -21.763  -10.424  85.381 0.1250000000
81528  -25.422  -10.662  83.170 0.1250000000
82484  -21.224  -9.898  85.380 0.1250000000
83435  -27.617  -9.097  82.948 0.1250000000
83432  -20.107  -8.508  83.815 0.1250000000
83448  -28.103  -8.278  82.751 0.1250000000
84359  -30.101  -6.915  81.427 0.1250000000
85280  -29.829  -6.655  79.917 0.1250000000
84355  -20.043  -7.245  80.383 0.1250000000
86132  -30.339  -5.828  79.707 0.1250000000
86141  -18.382  -5.328  78.488 0.1250000000
85278  -19.625  -6.290  79.774 0.1250000000
86145  -30.720  -5.067  79.450 0.1250000000
87922  -30.603  -3.781  77.347 0.1250000000
87051  -29.907  -4.273  77.640 0.1250000000
87927  -29.912  -3.838  76.844 0.1250000000
87926  -29.204  -3.962  76.356 0.1250000000
119738  -29.979  -3.695  76.040 0.1250000000
124409  -29.969  -3.641  75.176 0.1250000000
87942  -30.863  -3.570  74.704 0.1250000000
88186  -50.763  -3.837  51.020 0.1250000000
88176  -51.359  -3.154  51.618 0.1250000000
88284  -57.505  -3.724  40.503 0.1250000000
133179  -57.392  -3.918  39.846 0.1250000000
87414  -57.315  -4.531  39.674 0.1250000000
87429  -56.752  -4.570  38.603 0.1250000000
88304  -56.750  -3.585  38.613 0.1250000000
89173  -55.955  -2.422  37.509 0.1250000000
135715  -55.850  -1.219  36.271 0.1250000000
89183  -55.611  -2.362  36.779 0.1250000000
132566  -55.376  -2.614  35.218 0.1250000000
143720  -55.476  -2.429  34.604 0.1250000000
132837  -56.911  -1.642  31.838 0.1250000000
88385  -57.591  -3.558  30.786 0.1250000000
89249  -57.391  -2.154  30.970 0.1250000000
82490  -22.465  -9.829  84.465 0.1250000000
82497  -22.943  -9.622  83.659 0.1250000000
82498  -23.928  -10.002  83.050 0.1250000000
83427  -21.482  -8.906  84.766 0.1250000000
82496  -22.189  -9.232  84.294 0.1250000000
83447  -25.382  -9.029  82.124 0.1250000000
82483  -21.053  -9.208  85.241 0.1250000000
82489  -21.671  -9.646  85.003 0.1250000000
83425  -20.263  -8.662  84.637 0.1250000000
84337  -27.581  -7.624  82.351 0.1250000000
83442  -19.803  -7.763  83.776 0.1250000000
85260  -29.303  -6.179  81.914 0.1250000000
136278  -29.614  -6.731  82.091 0.1250000000
84332  -19.865  -7.505  82.689 0.1250000000
85247  -30.029  -6.320  81.746 0.1250000000
84344  -19.971  -7.338  81.566 0.1250000000
85243  -19.542  -6.930  83.590 0.1250000000
85236  -19.501  -6.647  84.651 0.1250000000
86108  -31.214  -5.036  80.940 0.1250000000
86133  -31.001  -5.492  80.139 0.1250000000
85274  -30.546  -6.282  81.076 0.1250000000
85267  -19.766  -6.506  81.095 0.1250000000
86102  -19.450  -5.930  81.933 0.1250000000
87033  -31.174  -4.832  79.795 0.1250000000
87048  -17.196  -4.960  78.046 0.1250000000
87025  -18.682  -4.540  79.676 0.1250000000
86113  -19.479  -5.583  80.782 0.1250000000
87000  -19.075  -5.074  81.687 0.1250000000
87052  -30.939  -3.983  78.142 0.1250000000
87009  -18.614  -4.182  81.484 0.1250000000
87923  -31.536  -3.443  77.465 0.1250000000
87934  -31.031  -3.503  75.660 0.1250000000
90095  -56.143  -0.556  35.956 0.1250000000
89206  -55.504  -1.872  34.953 0.1250000000
90117  -56.162  -1.182  33.550 0.1250000000
88362  -56.174  -2.906  33.266 0.1250000000
91000  -56.390  -0.320  33.118 0.1250000000
89220  -56.431  -1.934  32.925 0.1250000000
91009  -56.625  -0.632  31.811 0.1250000000
91016  -56.620  -0.670  30.896 0.1250000000
90140  -57.096  -1.435  30.845 0.1250000000
83445  -23.072  -8.906  82.712 0.1250000000
83457  -24.798  -8.681  81.736 0.1250000000
127953  -21.852  -7.111  82.718 0.1250000000
83444  -22.336  -8.436  83.266 0.1250000000
84346  -22.475  -7.776  82.158 0.1250000000
84326  -21.257  -7.485  84.361 0.1250000000
85231  -20.739  -7.064  84.789 0.1250000000
84322  -20.905  -7.803  85.045 0.1250000000
84321  -19.893  -7.275  85.060 0.1250000000
86104  -27.745  -5.807  81.373 0.1250000000
85229  -19.698  -6.330  84.931 0.1250000000
87002  -29.413  -4.982  81.110 0.1250000000
86121  -28.529  -5.090  81.005 0.1250000000
86087  -19.100  -5.883  84.837 0.1250000000
87016  -29.890  -4.193  80.562 0.1250000000
138985  -19.364  -6.255  82.955 0.1250000000
87019  -31.552  -3.824  79.829 0.1250000000
87018  -31.301  -4.385  80.275 0.1250000000
142680  -18.628  -4.975  83.293 0.1250000000
87046  -31.760  -3.797  79.049 0.1250000000
87929  -31.759  -3.286  76.442 0.1250000000
136288  -32.447  -2.534  75.581 0.1250000000
92622  -56.668  0.856  35.804 0.1250000000
90976  -56.412  0.138  35.610 0.1250000000
90975  -56.163  -0.321  34.916 0.1250000000
140124  -56.465  0.489  33.299 0.1250000000
90985  -56.372  0.178  34.021 0.1250000000
92675  -56.496  1.991  32.595 0.1250000000
125238  -56.494  0.370  32.440 0.1250000000
127293  -56.485  0.247  31.485 0.1250000000
91845  -56.521  1.133  32.028 0.1250000000
85255  -24.610  -7.596  80.970 0.1250000000
85271  -25.078  -6.776  80.559 0.1250000000
85254  -23.242  -7.675  81.269 0.1250000000
85257  -26.659  -6.685  81.377 0.1250000000
85253  -22.234  -7.019  81.755 0.1250000000
87013  -27.177  -5.074  80.216 0.1250000000
86119  -27.079  -5.878  80.971 0.1250000000
85252  -21.585  -6.293  82.387 0.1250000000
85237  -20.257  -6.361  84.878 0.1250000000
87015  -28.909  -4.436  80.569 0.1250000000
86082  -19.721  -5.449  85.071 0.1250000000
142550  -31.246  -2.652  79.253 0.1250000000
87892  -30.483  -3.579  80.113 0.1250000000
86086  -18.784  -5.173  84.973 0.1250000000
89676  -31.774  -2.083  78.138 0.1250000000
88814  -31.800  -2.722  78.851 0.1250000000
89687  -32.184  -1.883  76.535 0.1250000000
136765  -32.335  -2.634  77.519 0.1250000000
92655  -56.862  2.137  34.533 0.1250000000
127100  -56.669  1.456  34.384 0.1250000000
92667  -56.644  1.862  33.646 0.1250000000
91833  -56.508  1.171  32.978 0.1250000000
93471  -56.191  2.319  31.924 0.1250000000
120648  -56.235  2.618  32.812 0.1250000000
92685  -56.391  1.788  31.602 0.1250000000
86117  -24.375  -6.178  80.117 0.1250000000
86129  -24.656  -5.281  79.493 0.1250000000
86115  -22.683  -5.860  80.328 0.1250000000
85270  -23.925  -6.978  80.615 0.1250000000
122402  -26.393  -5.546  80.231 0.1250000000
85269  -22.819  -6.776  80.830 0.1250000000
85268  -21.911  -6.034  81.257 0.1250000000
87014  -27.801  -4.491  80.113 0.1250000000
86994  -20.846  -4.724  82.655 0.1250000000
86088  -20.366  -5.415  84.536 0.1250000000
87891  -29.734  -3.315  79.955 0.1250000000
86983  -19.534  -4.751  85.151 0.1250000000
86992  -18.346  -4.372  83.585 0.1250000000
89680  -31.786  -1.688  77.053 0.1250000000
123442  -31.118  -1.369  76.059 0.1250000000
89695  -32.030  -1.347  75.373 0.1250000000
123185  -56.504  2.472  33.325 0.1250000000
93485  -55.919  2.427  31.272 0.1250000000
87028  -23.705  -4.410  79.118 0.1250000000
87029  -25.015  -4.265  78.972 0.1250000000
87030  -25.993  -4.220  79.049 0.1250000000
87027  -22.661  -4.947  79.690 0.1250000000
87031  -27.106  -4.141  79.491 0.1250000000
87001  -21.037  -4.329  81.619 0.1250000000
87012  -21.940  -5.179  80.458 0.1250000000
87032  -27.713  -3.655  79.596 0.1250000000
87890  -28.423  -3.846  79.957 0.1250000000
123913  -20.144  -3.267  83.483 0.1250000000
87860  -19.142  -3.476  85.082 0.1250000000
88813  -31.057  -2.156  78.606 0.1250000000
87859  -18.332  -3.664  85.049 0.1250000000
88766  -17.768  -2.607  84.296 0.1250000000
89685  -30.294  -1.430  76.876 0.1250000000
121594  -29.935  -1.375  76.234 0.1250000000
89694  -30.618  -1.238  75.372 0.1250000000
87905  -24.441  -3.157  78.879 0.1250000000
87904  -23.227  -3.304  79.277 0.1250000000
87906  -25.536  -3.366  78.760 0.1250000000
87889  -22.214  -3.424  79.789 0.1250000000
87918  -26.030  -2.543  78.746 0.1250000000
87907  -26.457  -3.501  78.922 0.1250000000
87888  -21.357  -3.566  80.635 0.1250000000
88803  -26.695  -2.279  78.893 0.1250000000
127863  -27.991  -2.781  79.362 0.1250000000
88778  -20.492  -2.119  82.295 0.1250000000
87873  -20.373  -3.041  82.644 0.1250000000
88804  -27.817  -1.789  79.056 0.1250000000
87908  -28.967  -2.862  79.715 0.1250000000
89623  -19.940  -1.715  83.366 0.1250000000
88773  -20.169  -2.377  82.962 0.1250000000
88805  -28.518  -2.117  79.324 0.1250000000
88806  -29.187  -2.020  79.346 0.1250000000
89622  -19.111  -1.961  84.103 0.1250000000
87867  -19.681  -3.364  84.378 0.1250000000
90567  -28.748  -1.141  78.414 0.1250000000
89666  -30.180  -1.895  78.678 0.1250000000
90577  -28.928  -1.083  77.930 0.1250000000
89674  -29.743  -1.449  78.152 0.1250000000
89684  -29.315  -1.276  76.923 0.1250000000
89683  -27.960  -1.117  76.418 0.1250000000
91793  -52.496  -1.903  35.678 0.1250000000
92620  -52.154  -1.977  35.203 0.1250000000
92632  -49.890  -2.115  35.032 0.1250000000
91829  -51.318  -1.944  33.655 0.1250000000
90998  -51.778  -1.151  32.964 0.1250000000
89661  -24.915  -1.310  79.897 0.1250000000
88800  -22.771  -2.514  79.872 0.1250000000
88787  -22.349  -1.901  80.669 0.1250000000
90564  -27.085  -0.484  79.569 0.1250000000
89638  -20.928  -1.499  82.279 0.1250000000
89663  -27.656  -0.963  79.038 0.1250000000
89624  -20.547  -1.072  83.203 0.1250000000
90526  -21.238  -0.599  83.258 0.1250000000
141159  -28.504  -0.838  78.162 0.1250000000
90523  -19.138  -0.784  83.545 0.1250000000
90582  -28.755  -1.029  77.463 0.1250000000
91458  -27.541  -0.235  77.880 0.1250000000
89660  -24.234  -1.628  79.862 0.1250000000
89650  -24.975  -0.802  80.621 0.1250000000
89662  -25.730  -1.050  79.776 0.1250000000
89648  -23.180  -1.157  81.170 0.1250000000
89652  -26.237  -0.606  79.992 0.1250000000
89640  -22.499  -0.863  81.865 0.1250000000
90527  -21.886  -0.102  83.279 0.1250000000
90557  -27.116  0.248  79.685 0.1250000000
91409  -20.612  0.327  83.787 0.1250000000
91410  -21.460  0.468  83.761 0.1250000000
90565  -27.645  -0.241  79.054 0.1250000000
91445  -27.569  -0.016  78.520 0.1250000000
90524  -19.926  -0.252  83.555 0.1250000000
138196  -20.374  1.030  83.894 0.1250000000
91457  -26.922  0.035  77.728 0.1250000000
90534  -19.467  -0.079  83.234 0.1250000000
91408  -19.955  0.522  83.688 0.1250000000
91417  -19.167  0.226  82.346 0.1250000000
91418  -19.607  0.776  83.016 0.1250000000
92201  -19.190  1.707  81.613 0.1250000000
89642  -24.229  -0.686  81.273 0.1250000000
89651  -25.507  -0.577  80.472 0.1250000000
90546  -26.057  0.304  80.746 0.1250000000
92204  -26.229  1.206  80.753 0.1250000000
90538  -23.962  0.129  82.069 0.1250000000
91443  -26.962  0.895  79.570 0.1250000000
89633  -22.885  -0.481  82.165 0.1250000000
91453  -26.987  0.735  78.819 0.1250000000
125242  -26.063  1.740  79.336 0.1250000000
92250  -26.630  0.675  78.203 0.1250000000
92240  -25.592  1.565  78.783 0.1250000000
92975  -20.997  2.177  84.219 0.1250000000
92195  -19.948  1.501  83.507 0.1250000000
93001  -19.346  2.539  82.038 0.1250000000
93000  -18.772  2.592  81.185 0.1250000000
90544  -24.536  -0.194  81.544 0.1250000000
133385  -25.438  0.721  81.760 0.1250000000
92203  -25.626  1.448  81.340 0.1250000000
91421  -25.024  0.831  82.246 0.1250000000
91419  -23.437  0.419  82.666 0.1250000000
126969  -25.784  1.959  79.924 0.1250000000
92190  -23.520  1.720  83.503 0.1250000000
92224  -24.427  1.805  79.503 0.1250000000
92181  -22.276  1.923  84.185 0.1250000000
131767  -24.217  1.614  79.006 0.1250000000
92976  -21.508  2.681  84.336 0.1250000000
93809  -16.000  3.449  80.116 0.1250000000
92984  -20.184  2.450  83.584 0.1250000000
93810  -16.786  3.282  80.053 0.1250000000
124582  -19.892  3.151  83.168 0.1250000000
93011  -18.204  2.532  80.349 0.1250000000
125310  -18.850  3.415  81.718 0.1250000000
92995  -25.070  2.055  81.878 0.1250000000
92191  -24.236  1.535  82.976 0.1250000000
93005  -24.517  2.332  81.334 0.1250000000
92987  -23.633  2.727  83.530 0.1250000000
93029  -25.165  2.061  80.281 0.1250000000
138043  -23.127  3.221  83.746 0.1250000000
139427  -24.078  1.925  79.974 0.1250000000
93020  -13.810  2.878  80.153 0.1250000000
93767  -21.828  3.549  84.259 0.1250000000
94506  -21.964  4.901  83.423 0.1250000000
92223  -23.760  1.684  79.434 0.1250000000
93808  -15.227  3.340  80.075 0.1250000000
126494  -21.162  4.044  84.008 0.1250000000
95209  -20.977  5.466  83.633 0.1250000000
139063  -20.447  3.430  83.670 0.1250000000
94512  -19.175  4.758  82.542 0.1250000000
93803  -17.228  3.764  80.783 0.1250000000
138966  -18.994  4.143  82.233 0.1250000000
93804  -18.115  3.482  80.927 0.1250000000
93794  -18.323  4.222  81.625 0.1250000000
92994  -24.560  2.184  82.600 0.1250000000
93004  -23.957  2.706  81.666 0.1250000000
127726  -23.749  2.507  81.111 0.1250000000
93776  -23.351  3.334  83.104 0.1250000000
93015  -23.992  2.144  80.590 0.1250000000
93014  -23.298  2.416  80.883 0.1250000000
95213  -21.867  5.686  83.018 0.1250000000
94503  -22.304  4.142  83.810 0.1250000000
92211  -23.550  1.930  80.183 0.1250000000
93800  -14.777  3.907  80.979 0.1250000000
95966  -21.565  6.414  83.080 0.1250000000
92222  -23.042  1.669  79.658 0.1250000000
93027  -22.111  2.236  80.469 0.1250000000
93801  -15.987  3.945  80.832 0.1250000000
94513  -19.652  5.105  83.055 0.1250000000
95958  -20.306  6.282  83.229 0.1250000000
93026  -21.452  2.269  80.069 0.1250000000
93802  -16.454  3.913  80.798 0.1250000000
95212  -19.037  5.427  82.471 0.1250000000
93793  -17.649  4.242  81.274 0.1250000000
94525  -18.586  4.890  82.057 0.1250000000
93786  -23.434  3.235  82.251 0.1250000000
93791  -13.558  3.733  81.569 0.1250000000
94515  -22.324  4.188  82.427 0.1250000000
93797  -22.878  3.451  81.967 0.1250000000
93002  -22.884  2.997  81.358 0.1250000000
94523  -14.365  4.707  81.375 0.1250000000
94526  -21.966  4.907  82.400 0.1250000000
127448  -21.813  4.427  81.909 0.1250000000
126542  -15.534  3.977  80.816 0.1250000000
123834  -21.663  6.372  82.537 0.1250000000
95231  -21.216  5.583  81.233 0.1250000000
93806  -21.419  3.989  81.249 0.1250000000
93012  -21.569  2.953  80.809 0.1250000000
94532  -15.977  4.811  80.951 0.1250000000
95219  -17.490  5.481  81.461 0.1250000000
141486  -17.864  5.888  81.661 0.1250000000
121543  -18.385  6.354  81.818 0.1250000000
95964  -19.866  6.601  82.820 0.1250000000
96711  -20.286  7.279  82.536 0.1250000000
96713  -21.546  7.263  82.481 0.1250000000
93805  -20.866  3.775  80.545 0.1250000000
94533  -16.974  4.681  81.241 0.1250000000
94524  -17.860  4.919  81.552 0.1250000000
129601  -20.796  2.971  80.086 0.1250000000
95227  -14.556  5.272  80.898 0.1250000000
95228  -15.262  5.468  80.687 0.1250000000
95239  -15.268  6.001  80.201 0.1250000000
96725  -19.485  8.011  81.287 0.1250000000
98182  -21.360  9.875  80.715 0.1250000000
98174  -22.115  9.419  80.943 0.1250000000
98184  -22.213  10.141  80.284 0.1250000000
98194  -22.329  10.035  79.736 0.1250000000
95229  -15.913  6.002  80.513 0.1250000000
95982  -16.291  6.634  79.771 0.1250000000
97458  -21.136  8.645  81.843 0.1250000000
96719  -22.029  8.826  81.434 0.1250000000
96727  -21.864  7.912  81.099 0.1250000000
97492  -21.718  8.959  79.299 0.1250000000
95230  -16.706  5.581  81.071 0.1250000000
138206  -17.454  6.633  80.703 0.1250000000
95975  -18.118  6.788  81.137 0.1250000000
96717  -19.851  7.633  81.988 0.1250000000
97452  -21.407  8.052  82.140 0.1250000000
97478  -21.403  8.193  79.556 0.1250000000
96744  -20.104  7.200  78.503 0.1250000000
94521  -12.718  4.326  81.770 0.1250000000
95217  -13.073  5.223  80.393 0.1250000000
95237  -13.357  5.784  79.294 0.1250000000
95990  -13.056  6.501  78.524 0.1250000000
98928  -19.343  10.705  79.372 0.1250000000
98937  -20.095  11.610  79.630 0.1250000000
99615  -20.371  12.288  79.518 0.1250000000
100321  -19.826  13.252  80.143 0.1250000000
136343  -13.161  4.826  81.310 0.1250000000
95218  -13.823  5.123  81.156 0.1250000000
95238  -14.342  5.993  79.458 0.1250000000
95991  -14.005  6.388  78.634 0.1250000000
96743  -17.128  8.072  78.672 0.1250000000
97489  -17.493  8.835  78.621 0.1250000000
98202  -18.381  10.088  78.836 0.1250000000
138730  -20.326  10.911  79.711 0.1250000000
98921  -21.615  10.698  80.237 0.1250000000
100322  -20.573  12.771  79.360 0.1250000000
129843  -14.727  5.794  80.270 0.1250000000
95992  -15.907  6.804  78.835 0.1250000000
97476  -18.662  8.881  79.511 0.1250000000
97477  -19.550  9.316  80.017 0.1250000000
98181  -20.540  9.684  80.530 0.1250000000
98930  -22.318  10.943  79.533 0.1250000000
95983  -17.070  6.940  80.017 0.1250000000
96734  -18.263  8.013  79.928 0.1250000000
98938  -22.315  11.127  78.650 0.1250000000
100323  -21.432  12.084  79.119 0.1250000000
96723  -17.843  7.224  80.354 0.1250000000
98203  -21.480  9.329  78.477 0.1250000000
96745  -20.707  7.702  79.053 0.1250000000
94530  -12.241  4.788  81.001 0.1250000000
95236  -12.535  5.525  79.526 0.1250000000
95989  -12.349  6.732  78.626 0.1250000000
96740  -13.653  7.171  78.188 0.1250000000
96751  -15.501  7.844  77.898 0.1250000000
101016  -20.450  13.320  79.198 0.1250000000
97487  -16.195  7.733  78.296 0.1250000000
97488  -16.696  8.817  78.329 0.1250000000
99622  -18.551  10.932  79.124 0.1250000000
128420  -18.673  11.864  79.829 0.1250000000
119536  -16.699  9.834  78.440 0.1250000000
98935  -17.003  10.754  79.011 0.1250000000
100333  -20.868  12.740  78.853 0.1250000000
101022  -20.391  13.315  78.546 0.1250000000
95234  -10.846  5.751  79.779 0.1250000000
98940  -21.955  11.076  77.948 0.1250000000
100345  -21.439  12.133  78.507 0.1250000000
95978  -10.188  6.326  80.220 0.1250000000
95979  -10.977  6.488  79.464 0.1250000000
99628  -21.154  11.938  77.652 0.1250000000
96730  -10.522  7.218  79.894 0.1250000000
96731  -11.341  7.368  79.243 0.1250000000
98210  -21.563  10.681  77.572 0.1250000000
132605  -8.632  6.155  81.819 0.1250000000
97472  -10.305  8.003  80.505 0.1250000000
97473  -11.555  8.288  79.572 0.1250000000
97474  -12.307  8.616  79.281 0.1250000000
97462  -9.559  8.158  81.436 0.1250000000
97464  -11.000  8.774  80.473 0.1250000000
98188  -13.523  9.538  79.505 0.1250000000
98189  -14.343  9.807  79.212 0.1250000000
98186  -11.915  9.093  80.120 0.1250000000
95235  -11.681  5.736  79.415 0.1250000000
97486  -14.285  8.540  78.135 0.1250000000
99614  -19.503  12.515  80.120 0.1250000000
100310  -19.169  13.572  80.483 0.1250000000
101008  -19.645  13.837  79.960 0.1250000000
95988  -11.737  6.574  78.946 0.1250000000
98208  -16.086  9.160  78.103 0.1250000000
101014  -19.244  14.052  79.345 0.1250000000
96738  -11.998  7.183  78.736 0.1250000000
97485  -13.453  8.173  78.293 0.1250000000
98199  -14.818  9.293  78.293 0.1250000000
130959  -18.676  12.734  80.745 0.1250000000
100309  -18.422  13.508  80.869 0.1250000000
97484  -12.672  8.195  78.689 0.1250000000
100344  -20.775  12.619  78.026 0.1250000000
98197  -13.047  8.864  78.950 0.1250000000
100355  -20.467  12.252  77.132 0.1250000000
96715  -8.176  7.237  82.702 0.1250000000
137418  -8.813  7.950  82.259 0.1250000000
98177  -10.696  9.486  81.474 0.1250000000
98924  -14.037  10.156  80.292 0.1250000000
98179  -12.485  9.745  80.850 0.1250000000
98200  -15.726  9.660  78.344 0.1250000000
98934  -16.098  10.429  78.942 0.1250000000
98927  -16.457  11.153  79.822 0.1250000000
99612  -16.859  11.904  80.845 0.1250000000
99608  -17.157  12.653  81.381 0.1250000000
100319  -18.019  13.013  81.327 0.1250000000
99613  -17.816  12.224  80.500 0.1250000000
99621  -17.843  11.244  79.343 0.1250000000
101013  -18.214  14.164  79.506 0.1250000000
98198  -13.865  9.085  78.630 0.1250000000
122939  -20.018  13.054  77.465 0.1250000000
101000  -17.475  13.533  81.213 0.1250000000
98933  -15.193  10.142  78.998 0.1250000000
101006  -17.866  14.056  80.512 0.1250000000
98926  -15.611  10.818  79.940 0.1250000000
101012  -17.122  14.251  79.790 0.1250000000
101021  -19.623  13.705  78.383 0.1250000000
100342  -17.989  13.437  77.494 0.1250000000
100343  -19.073  13.414  77.420 0.1250000000
98925  -14.793  10.493  80.075 0.1250000000
98920  -15.212  11.215  81.183 0.1250000000
99606  -15.593  11.974  82.063 0.1250000000
100352  -18.522  12.889  76.479 0.1250000000
99611  -15.996  11.583  81.003 0.1250000000
99607  -16.335  12.411  81.810 0.1250000000
100332  -17.483  13.972  78.570 0.1250000000
101020  -18.630  13.903  78.425 0.1250000000
100308  -16.954  13.035  81.699 0.1250000000
100341  -16.829  13.392  77.608 0.1250000000
99602  -15.731  12.644  82.278 0.1250000000
100999  -16.565  13.736  81.455 0.1250000000
101005  -17.016  14.089  80.788 0.1250000000
100331  -16.177  14.020  78.743 0.1250000000
100307  -16.131  13.201  82.056 0.1250000000
100998  -15.797  13.873  81.564 0.1250000000
100330  -15.169  13.922  79.469 0.1250000000
140402  -15.229  13.559  78.346 0.1250000000
100340  -15.695  13.147  77.517 0.1250000000
88150  -48.730  -3.631  54.197 0.1250000000
80082  -51.245  -12.495  52.191 0.1250000000
80987  -52.328  -11.079  51.113 0.1250000000
129038  -25.849  -12.805  84.183 0.1250000000
120249  -24.723  -11.903  84.080 0.1250000000
82502  -28.998  -9.610  83.148 0.1250000000
80655  -24.904  -11.260  83.577 0.1250000000
80675  -28.667  -10.991  81.996 0.1250000000
80639  -22.097  -11.396  85.775 0.1250000000
81518  -21.057  -10.419  85.244 0.1250000000
140802  -20.721  -9.283  81.949 0.1250000000
79013  -45.162  -13.428  66.304 0.1250000000
78923  -23.479  -13.724  76.452 0.1250000000
140935  -46.890  -4.822  56.069 0.1250000000
89194  -55.506  -1.920  36.001 0.1250000000
79823  -22.622  -12.261  75.538 0.1250000000
77103  -25.882  -15.191  79.176 0.1250000000
79824  -22.985  -12.930  76.071 0.1250000000
91816  -56.489  0.700  34.818 0.1250000000
79843  -14.986  -12.877  72.879 0.1250000000
124328  -56.644  2.504  33.939 0.1250000000
93484  -55.500  2.529  31.471 0.1250000000
80710  -20.305  -11.322  77.380 0.1250000000
76135  -24.467  -16.809  85.379 0.1250000000
79772  -21.629  -12.587  82.688 0.1250000000
77967  -23.248  -14.853  85.496 0.1250000000
77076  -27.456  -15.196  84.147 0.1250000000
67130  -42.174  -25.914  63.799 0.1250000000
77092  -27.961  -15.822  82.203 0.1250000000
85258  -27.458  -6.368  81.610 0.1250000000
80666  -28.265  -11.357  82.409 0.1250000000
77987  -27.741  -14.391  82.739 0.1250000000
66135  -39.408  -27.436  65.675 0.1250000000
50632  -30.133  -41.875  80.971 0.1250000000
82711  -45.613  -9.685  61.577 0.1250000000
139651  -44.572  -9.336  59.576 0.1250000000
93799  -14.092  3.450  81.001 0.1250000000
81595  -18.587  -10.577  76.381 0.1250000000
92684  -54.820  2.503  30.697 0.1250000000
87043  -18.174  -4.660  78.901 0.1250000000
96721  -9.028  7.173  81.577 0.1250000000
95973  -9.418  6.505  80.961 0.1250000000
81821  -43.119  -10.164  59.984 0.1250000000
82782  -43.012  -8.521  57.216 0.1250000000
81765  -46.811  -10.817  64.434 0.1250000000
80850  -45.566  -11.468  64.038 0.1250000000
81773  -45.266  -11.049  63.313 0.1250000000
81850  -40.947  -10.724  56.392 0.1250000000
81864  -40.802  -9.913  55.639 0.1250000000
81753  -47.355  -11.020  65.112 0.1250000000
80836  -45.842  -11.807  64.689 0.1250000000
79931  -44.441  -12.400  64.140 0.1250000000
79913  -44.691  -12.699  64.765 0.1250000000
140324  -43.992  -6.121  56.546 0.1250000000
79899  -44.921  -13.074  65.454 0.1250000000
85476  -44.952  -5.745  56.469 0.1250000000
83727  -40.503  -8.542  53.890 0.1250000000
80711  -23.605  -11.491  78.042 0.1250000000
80720  -22.848  -11.143  76.444 0.1250000000
82565  -22.602  -9.781  75.722 0.1250000000
79012  -44.149  -13.622  65.827 0.1250000000
86320  -46.415  -4.973  56.200 0.1250000000
85492  -43.623  -5.997  55.439 0.1250000000
85493  -44.101  -5.786  55.021 0.1250000000
79793  -25.249  -12.845  80.148 0.1250000000
81581  -23.458  -10.701  77.534 0.1250000000
78956  -15.239  -13.060  71.337 0.1250000000
87242  -47.478  -4.478  55.866 0.1250000000
84591  -43.499  -6.926  53.873 0.1250000000
84611  -42.617  -7.790  53.327 0.1250000000
128608  -23.474  -9.374  76.997 0.1250000000
83505  -24.050  -8.105  76.881 0.1250000000
86345  -46.210  -4.719  55.172 0.1250000000
85501  -45.270  -6.062  53.859 0.1250000000
79781  -27.476  -12.599  82.363 0.1250000000
80684  -26.328  -11.423  80.964 0.1250000000
86169  -24.862  -5.674  74.427 0.1250000000
126233  -25.324  -5.403  75.047 0.1250000000
87085  -26.879  -4.660  72.725 0.1250000000
85518  -45.714  -6.461  52.909 0.1250000000
83749  -43.173  -8.344  52.713 0.1250000000
84633  -45.610  -7.333  51.413 0.1250000000
81930  -41.910  -10.069  51.237 0.1250000000
83762  -43.746  -8.712  51.751 0.1250000000
78860  -21.895  -13.455  85.527 0.1250000000
83475  -26.855  -8.711  79.395 0.1250000000
84373  -25.885  -7.741  78.248 0.1250000000
87067  -26.248  -4.658  74.495 0.1250000000
87086  -27.645  -4.520  72.407 0.1250000000
127662  -21.236  -10.978  84.859 0.1250000000
83437  -29.295  -8.989  82.836 0.1250000000
86162  -26.272  -5.011  75.932 0.1250000000
87932  -28.442  -3.905  75.262 0.1250000000
87087  -28.516  -4.427  72.139 0.1250000000
82868  -43.081  -9.389  50.317 0.1250000000
81536  -20.703  -9.679  83.902 0.1250000000
84369  -29.630  -7.303  80.454 0.1250000000
84364  -19.776  -7.374  79.138 0.1250000000
86144  -29.927  -5.326  78.955 0.1250000000
87049  -28.112  -4.817  77.162 0.1250000000
87055  -27.831  -4.495  76.391 0.1250000000
85646  -56.339  -6.269  39.926 0.1250000000
84338  -28.546  -7.507  82.476 0.1250000000
87044  -30.373  -4.637  78.593 0.1250000000
88352  -55.537  -3.119  34.295 0.1250000000
86127  -19.235  -5.262  79.770 0.1250000000
87928  -30.800  -3.587  76.634 0.1250000000
90094  -55.746  -1.138  35.440 0.1250000000
90106  -55.801  -1.159  34.469 0.1250000000
89234  -56.998  -2.674  32.112 0.1250000000
142764  -56.489  -1.122  32.637 0.1250000000
83446  -24.144  -9.179  82.205 0.1250000000
85245  -27.955  -6.845  82.139 0.1250000000
127314  -32.148  -3.136  77.931 0.1250000000
87924  -32.217  -3.026  77.078 0.1250000000
90107  -56.194  -0.540  34.033 0.1250000000
83456  -23.611  -8.724  82.012 0.1250000000
85238  -20.993  -6.779  84.242 0.1250000000
88821  -32.513  -2.129  76.017 0.1250000000
123282  -56.534  0.987  33.862 0.1250000000
86118  -25.436  -5.910  80.094 0.1250000000
86089  -20.776  -5.971  83.954 0.1250000000
87909  -29.731  -2.581  79.544 0.1250000000
89679  -30.574  -1.555  77.562 0.1250000000
86096  -20.707  -5.106  83.593 0.1250000000
87874  -20.643  -3.700  82.282 0.1250000000
86988  -20.177  -4.080  84.147 0.1250000000
87882  -20.832  -3.317  81.514 0.1250000000
89678  -29.607  -1.328  77.492 0.1250000000
88786  -21.258  -2.408  81.123 0.1250000000
125085  -26.846  -1.357  79.224 0.1250000000
88779  -21.023  -1.800  81.821 0.1250000000
126696  -28.072  -0.868  78.718 0.1250000000
88780  -21.912  -1.426  81.453 0.1250000000
91435  -26.630  0.714  80.323 0.1250000000
89632  -22.097  -0.730  82.436 0.1250000000
89641  -23.340  -0.665  81.687 0.1250000000
90528  -22.699  0.176  82.972 0.1250000000
92188  -21.875  1.210  83.994 0.1250000000
93773  -21.028  3.082  84.216 0.1250000000
94504  -20.497  4.691  83.554 0.1250000000
95965  -20.870  6.872  83.016 0.1250000000
94514  -22.137  4.987  82.879 0.1250000000
129770  -21.898  5.588  82.526 0.1250000000
96716  -18.930  7.188  81.614 0.1250000000
94535  -21.372  4.793  81.485 0.1250000000
95221  -21.678  6.103  81.950 0.1250000000
96718  -21.794  8.103  81.738 0.1250000000
95970  -21.690  7.115  81.771 0.1250000000
94534  -20.914  4.672  80.866 0.1250000000
96726  -21.441  7.163  80.726 0.1250000000
95976  -21.451  6.474  81.283 0.1250000000
97457  -20.415  8.424  81.700 0.1250000000
139210  -21.029  7.513  82.518 0.1250000000
94539  -20.443  4.490  80.096 0.1250000000
95980  -14.994  6.433  78.821 0.1250000000
97465  -19.095  8.436  80.420 0.1250000000
97466  -20.054  8.841  80.911 0.1250000000
98173  -21.672  9.209  81.299 0.1250000000
98192  -20.884  10.523  80.221 0.1250000000
98922  -22.061  10.860  80.082 0.1250000000
97469  -22.187  8.938  81.054 0.1250000000
97479  -21.970  8.717  80.043 0.1250000000
131776  -22.114  9.761  79.124 0.1250000000
96732  -16.705  7.250  79.097 0.1250000000
96736  -21.698  8.006  80.360 0.1250000000
95984  -20.824  6.799  80.014 0.1250000000
96739  -12.697  7.399  78.447 0.1250000000
98191  -19.962  10.165  79.755 0.1250000000
98929  -21.044  11.370  79.819 0.1250000000
96750  -14.954  7.606  77.883 0.1250000000
97475  -17.889  8.437  79.075 0.1250000000
97490  -18.177  9.274  78.826 0.1250000000
98201  -17.530  9.541  78.573 0.1250000000
98190  -18.979  9.764  79.265 0.1250000000
98936  -17.687  10.373  78.755 0.1250000000
99617  -21.988  11.559  79.581 0.1250000000
97463  -10.270  8.739  81.118 0.1250000000
101004  -16.091  14.188  80.459 0.1250000000
43347  -7.096  -49.330  86.917 0.1250000000
44463  -6.324  -48.151  87.114 0.1250000000
45604  -9.014  -46.455  89.521 0.3750000000
45608  -7.281  -47.115  89.116 0.3750000000
45649  -5.317  -48.247  84.156 0.1250000000
46595  -8.916  -45.800  90.425 0.3750000000
46600  -6.954  -46.938  89.839 0.3750000000
46605  -10.537  -46.205  90.078 0.6250000000
46626  -5.738  -48.283  86.431 0.1250000000
46681  -23.030  -46.620  79.156 0.2500000000
46691  -22.486  -46.863  77.949 0.2500000000
47512  -8.121  -45.421  90.317 0.6250000000
47513  -8.481  -45.848  90.438 0.3750000000
47519  -7.346  -46.478  89.862 0.5000000000
47523  -6.914  -46.582  89.196 0.5000000000
47559  -19.700  -45.550  84.471 0.6250000000
47563  -23.212  -44.372  82.765 0.5000000000
47592  -21.621  -46.566  81.307 0.5000000000
47606  -23.134  -46.660  80.506 0.2500000000
48552  -9.300  -44.495  91.120 0.7500000000
48553  -10.143  -44.600  91.070 0.7500000000
48556  -7.868  -44.904  90.306 0.5000000000
48560  -7.993  -45.494  90.314 0.5000000000
48577  -6.376  -46.605  86.547 0.1250000000
48596  -26.175  -43.343  83.236 0.6250000000
48607  -27.215  -43.639  82.010 0.3750000000
48621  -26.752  -43.392  79.987 0.2500000000
48622  -27.199  -43.118  79.752 0.1250000000
49568  -9.039  -43.717  91.624 0.7500000000
49569  -9.662  -43.794  91.380 0.7500000000
49575  -8.764  -44.499  90.907 0.7500000000
49577  -7.668  -44.871  90.230 0.5000000000
49609  -21.990  -43.399  85.013 0.7500000000
49614  -25.017  -42.617  83.796 0.7500000000
49630  -28.486  -43.665  81.884 0.3750000000
49635  -29.427  -43.096  81.543 0.2500000000
50552  -8.508  -43.401  91.226 0.7500000000
50553  -8.890  -43.612  91.421 0.7500000000
50571  -18.763  -43.488  86.927 0.7500000000
50582  -20.688  -43.347  85.758 0.7500000000
50583  -21.147  -43.180  85.681 0.7500000000
50591  -21.572  -43.295  85.439 0.7500000000
50601  -23.931  -42.845  84.135 0.7500000000
50616  -28.551  -43.173  84.342 0.6250000000
50621  -30.641  -42.531  83.242 0.5000000000
50623  -29.563  -43.308  82.573 0.5000000000
50628  -29.775  -42.554  81.350 0.2500000000
51483  -10.254  -42.947  91.949 0.7500000000
51485  -9.322  -43.020  91.860 0.7500000000
51486  -9.678  -42.745  91.965 0.7500000000
51488  -7.722  -42.486  90.714 0.6250000000
51489  -7.864  -43.100  90.874 0.7500000000
51495  -6.951  -42.447  89.611 0.6250000000
51524  -26.667  -42.302  84.279 0.6250000000
51532  -27.794  -42.579  84.722 0.6250000000
51543  -29.735  -42.540  84.812 0.6250000000
51544  -30.334  -42.459  84.400 0.5000000000
51552  -31.544  -41.447  83.290 0.2500000000
51561  -30.652  -41.579  81.344 0.1250000000
52376  -8.482  -42.483  91.466 0.7500000000
52397  -17.969  -41.819  86.599 0.7500000000
52405  -24.103  -42.077  84.531 0.7500000000
53337  -8.087  -41.714  90.913 0.7500000000
53339  -9.340  -40.940  91.376 0.8750000000
53345  -7.980  -41.305  90.395 0.7500000000
53361  -6.736  -40.760  87.898 0.5000000000
53368  -19.091  -41.644  85.264 0.7500000000
53369  -19.702  -41.663  85.069 0.7500000000
53370  -20.795  -41.659  85.106 0.7500000000
53371  -21.698  -41.692  85.144 0.7500000000
53372  -22.404  -41.629  84.909 0.7500000000
53379  -21.209  -41.291  84.743 0.7500000000
53382  -23.689  -41.361  84.506 0.7500000000
53393  -25.378  -41.656  83.890 0.7500000000
53398  -29.717  -40.657  84.668 0.7500000000
53459  -22.588  -40.671  79.650 0.8750000000
54334  -8.476  -40.389  89.880 0.6250000000
54339  -7.311  -40.681  88.807 0.5000000000
54341  -8.222  -40.168  89.306 0.6250000000
54358  -22.066  -41.042  84.604 0.7500000000
54366  -22.564  -40.778  84.502 0.7500000000
54383  -27.141  -40.827  83.365 0.7500000000
54389  -32.623  -39.022  83.649 0.5000000000
54408  -5.781  -39.693  82.393 0.1250000000
54422  -33.396  -38.000  81.159 0.1250000000
54526  -20.665  -40.019  74.775 0.8750000000
54539  -21.683  -40.017  73.773 0.8750000000
54540  -22.502  -39.790  73.646 0.8750000000
54541  -23.184  -39.401  73.715 0.8750000000
55303  -11.186  -38.972  91.113 0.8750000000
55309  -16.988  -37.815  91.049 1.0000000000
55366  -33.059  -37.533  82.262 0.1250000000
55367  -33.560  -36.931  81.752 0.1250000000
55384  -5.685  -39.348  82.012 0.1250000000
55446  -18.546  -38.486  75.166 1.0000000000
55448  -25.055  -38.965  75.224 1.0000000000
55471  -23.600  -38.788  73.441 1.0000000000
55479  -19.685  -38.009  72.517 1.0000000000
55492  -22.031  -38.598  71.569 1.0000000000
55505  -20.972  -38.045  71.094 1.0000000000
55506  -21.666  -38.063  71.040 1.0000000000
56343  -30.378  -37.151  83.565 0.7500000000
56346  -31.755  -36.868  83.570 0.6250000000
56356  -33.523  -36.857  81.669 0.2500000000
56362  -35.088  -35.295  81.069 0.1250000000
56396  -28.030  -37.680  78.758 0.8750000000
56406  -26.758  -37.225  76.889 1.0000000000
56422  -26.340  -37.750  76.366 1.0000000000
56437  -25.940  -37.531  75.695 1.0000000000
56468  -24.721  -37.623  73.669 1.0000000000
56484  -6.573  -37.363  72.215 0.2500000000
56491  -23.841  -37.728  72.415 1.0000000000
56514  -20.417  -37.845  71.411 1.0000000000
56540  -22.115  -37.505  70.569 1.0000000000
56555  -21.029  -36.836  69.925 1.0000000000
57364  -17.761  -36.114  87.992 1.0000000000
57375  -31.145  -36.536  83.717 0.7500000000
57384  -29.889  -36.868  82.834 0.7500000000
57386  -30.354  -36.357  83.337 0.7500000000
57387  -32.624  -36.497  82.455 0.6250000000
57411  -36.856  -34.795  79.978 0.2500000000
57426  -36.834  -34.933  79.461 0.1250000000
57503  -18.611  -36.548  73.138 1.0000000000
57528  -19.747  -36.179  71.083 1.0000000000
57543  -20.494  -36.668  70.158 1.0000000000
57544  -23.543  -36.611  70.473 1.0000000000
57556  -19.996  -35.598  69.622 1.0000000000
57565  -21.660  -36.024  68.921 1.0000000000
58267  -32.175  -36.106  83.302 0.7500000000
58273  -30.125  -36.386  82.916 0.7500000000
58274  -30.225  -36.104  83.076 0.7500000000
58275  -30.615  -35.801  83.165 0.7500000000
58276  -31.247  -35.478  83.144 0.7500000000
58277  -32.164  -35.121  82.333 0.7500000000
58279  -32.864  -35.384  81.856 0.3750000000
58287  -30.200  -36.516  82.265 0.7500000000
58292  -35.829  -34.584  80.770 0.1250000000
58311  -29.403  -36.086  80.720 1.0000000000
58321  -28.878  -36.109  80.193 1.0000000000
58346  -26.805  -35.525  76.483 1.0000000000
58369  -25.972  -35.584  73.394 1.0000000000
58370  -26.531  -35.008  73.451 1.0000000000
58379  -25.680  -35.629  72.573 1.0000000000
58388  -25.115  -35.846  71.895 1.0000000000
58398  -24.625  -35.757  70.784 1.0000000000
58428  -23.987  -35.073  68.631 1.0000000000
59149  -30.937  -35.204  83.051 0.8750000000
59158  -30.379  -36.248  82.052 0.7500000000
59160  -30.644  -35.682  82.402 0.7500000000
59163  -35.333  -34.025  80.951 0.1250000000
59170  -30.333  -36.024  81.572 0.7500000000
59171  -30.444  -35.562  81.561 0.8750000000
59173  -36.334  -34.154  80.692 0.3750000000
59177  -29.777  -35.755  80.845 0.8750000000
59179  -37.911  -33.963  79.870 0.2500000000
59188  -38.990  -33.896  79.051 0.1250000000
59192  -28.894  -35.755  79.841 1.0000000000
59213  -8.101  -34.627  76.380 0.3750000000
59248  -19.023  -34.136  72.776 1.0000000000
59250  -27.092  -34.496  73.483 1.0000000000
59283  -5.433  -34.574  69.413 0.6250000000
59288  -25.988  -34.131  69.989 1.0000000000
59294  -5.478  -34.321  68.981 0.5000000000
59302  -20.369  -34.976  68.510 1.0000000000
59303  -21.113  -35.070  68.102 1.0000000000
59996  -31.260  -35.114  82.509 0.8750000000
59999  -33.021  -34.717  81.305 0.7500000000
60000  -33.560  -34.455  81.158 0.6250000000
60006  -31.917  -34.880  82.113 0.8750000000
60007  -32.481  -34.430  81.283 0.7500000000
60010  -34.362  -33.894  80.977 0.3750000000
60012  -35.895  -33.665  80.849 0.6250000000
60020  -30.619  -35.102  81.751 0.8750000000
60023  -37.383  -33.948  80.247 0.2500000000
60031  -30.382  -34.937  81.315 0.8750000000
60034  -38.275  -33.724  79.676 0.5000000000
60039  -30.137  -34.760  80.749 1.0000000000
60042  -39.044  -33.652  78.966 0.1250000000
60047  -16.834  -32.838  79.855 1.0000000000
60056  -29.773  -33.905  78.672 1.0000000000
60058  -39.541  -33.009  77.920 0.2500000000
60063  -17.154  -32.877  76.920 1.0000000000
60075  -29.290  -33.696  76.332 1.0000000000
60085  -19.659  -32.522  74.596 1.0000000000
60086  -28.242  -34.026  75.262 1.0000000000
60088  -39.587  -33.366  75.979 0.1250000000
60120  -28.474  -33.383  72.494 1.0000000000
60121  -39.677  -34.080  72.868 0.1250000000
60149  -27.799  -33.056  69.022 1.0000000000
60164  -24.757  -33.933  68.034 1.0000000000
60166  -26.208  -33.349  68.050 1.0000000000
60176  -19.840  -33.381  68.122 0.8750000000
60178  -21.983  -33.879  66.932 1.0000000000
60179  -22.965  -33.903  66.977 1.0000000000
60180  -23.829  -33.718  67.216 1.0000000000
60182  -25.067  -32.862  67.245 1.0000000000
60892  -11.067  -32.107  90.342 0.8750000000
60894  -12.313  -32.101  90.328 1.0000000000
60907  -9.172  -32.209  88.372 1.0000000000
60932  -21.244  -32.182  83.978 1.0000000000
60938  -22.467  -31.837  83.037 1.0000000000
60941  -33.270  -33.718  80.763 0.8750000000
60942  -33.964  -33.136  80.748 0.6250000000
60945  -35.827  -33.044  80.818 0.6250000000
60947  -21.822  -32.583  82.880 1.0000000000
60948  -22.382  -32.171  82.551 1.0000000000
60950  -30.754  -34.499  81.387 0.8750000000
60951  -30.979  -34.720  81.747 0.8750000000
60952  -31.958  -33.919  80.878 0.8750000000
60957  -36.261  -32.714  80.712 0.6250000000
60964  -20.688  -32.633  81.216 1.0000000000
60972  -37.622  -33.064  80.222 0.7500000000
60973  -38.122  -33.165  79.885 0.5000000000
60981  -22.468  -31.862  80.125 1.0000000000
60983  -31.247  -32.980  79.857 0.8750000000
60984  -38.704  -33.332  79.333 0.1250000000
60985  -39.142  -33.085  78.790 0.5000000000
60997  -39.426  -32.719  78.269 0.2500000000
61008  -39.546  -32.850  77.498 0.1250000000
61014  -20.345  -32.518  77.158 1.0000000000
61018  -39.558  -32.949  77.029 0.1250000000
61027  -39.547  -32.803  76.584 0.1250000000
61038  -39.416  -32.571  75.587 0.1250000000
61051  -39.521  -33.072  75.565 0.1250000000
61055  -9.928  -32.835  72.925 0.8750000000
61071  -29.577  -32.699  72.610 1.0000000000
61073  -39.194  -33.406  72.908 0.1250000000
61081  -8.481  -32.691  71.727 0.8750000000
61090  -4.664  -32.293  69.979 0.8750000000
61092  -19.440  -32.232  70.199 0.8750000000
61093  -27.881  -33.248  70.000 1.0000000000
61104  -28.588  -32.579  68.985 1.0000000000
61118  -26.758  -33.047  67.820 0.8750000000
61162  -23.565  -32.138  65.596 0.8750000000
61821  -10.382  -31.896  90.208 1.0000000000
61822  -10.897  -31.864  90.470 0.8750000000
61829  -8.508  -31.866  88.417 1.0000000000
61832  -8.163  -31.871  87.629 1.0000000000
61838  -7.972  -31.408  87.119 1.0000000000
61862  -20.159  -31.150  83.788 1.0000000000
61865  -22.340  -31.512  83.354 1.0000000000
61868  -35.015  -32.339  80.786 0.7500000000
61869  -35.416  -32.163  80.776 0.7500000000
61871  -22.573  -31.240  82.094 0.8750000000
61877  -35.799  -31.779  80.668 0.7500000000
61879  -36.824  -31.830  80.481 0.7500000000
61882  -22.638  -31.080  81.191 1.0000000000
61884  -32.862  -32.336  80.230 0.8750000000
61885  -33.586  -31.923  80.373 0.6250000000
61887  -37.972  -32.505  80.029 0.5000000000
61896  -38.994  -32.062  79.106 0.5000000000
61900  -22.247  -31.722  78.806 1.0000000000
61902  -31.447  -32.327  79.078 1.0000000000
61904  -39.301  -31.536  78.522 0.3750000000
61905  -39.525  -31.853  78.030 0.3750000000
61907  -21.889  -31.591  78.380 1.0000000000
61913  -39.485  -31.834  77.004 0.1250000000
61920  -39.511  -32.214  76.589 0.1250000000
61937  -38.576  -32.093  74.711 0.1250000000
61938  -39.014  -32.326  74.919 0.1250000000
61945  -19.546  -31.563  72.877 0.8750000000
61961  -37.807  -32.356  72.518 0.1250000000
62004  -29.618  -31.952  69.758 0.8750000000
62005  -30.269  -31.308  69.943 0.8750000000
62021  -19.489  -31.800  68.661 0.8750000000
62040  -28.059  -32.114  66.988 0.8750000000
62060  -28.186  -31.517  66.297 0.8750000000
62074  -20.751  -31.197  65.873 0.8750000000
62075  -21.445  -31.272  65.292 0.8750000000
62076  -22.274  -31.547  65.083 0.8750000000
62080  -27.195  -31.221  65.101 0.8750000000
62081  -27.911  -31.058  65.480 0.8750000000
62097  -22.687  -30.980  64.589 0.8750000000
62102  -27.089  -30.653  64.734 0.8750000000
62865  -8.317  -31.207  88.360 1.0000000000
62892  -18.380  -30.815  83.761 1.0000000000
62897  -19.425  -30.593  83.631 1.0000000000
62902  -34.569  -31.507  80.483 0.6250000000
62903  -35.224  -31.013  80.399 0.6250000000
62905  -36.116  -31.150  80.485 0.7500000000
62908  -22.600  -30.646  81.828 0.8750000000
62923  -32.948  -30.887  79.429 0.8750000000
62925  -39.283  -30.705  78.403 0.3750000000
62928  -20.982  -30.392  78.448 0.8750000000
62933  -39.383  -31.096  77.700 0.2500000000
62937  -21.050  -30.917  77.792 0.8750000000
62939  -32.184  -31.137  78.443 1.0000000000
62944  -20.471  -31.241  76.454 0.8750000000
62947  -39.237  -31.286  76.897 0.1250000000
62957  -39.214  -31.527  76.377 0.1250000000
62965  -37.638  -31.318  74.667 0.1250000000
62975  -10.613  -30.413  73.273 0.8750000000
63009  -19.087  -30.868  71.386 0.8750000000
63011  -31.409  -30.226  71.946 1.0000000000
63020  -18.805  -30.173  70.895 0.8750000000
63021  -19.164  -30.824  70.496 0.8750000000
63070  -19.879  -30.485  66.614 0.8750000000
63073  -29.265  -30.442  66.256 0.8750000000
63100  -22.209  -30.319  64.424 0.8750000000
63933  -19.296  -28.134  86.085 0.8750000000
63934  -19.952  -28.130  86.240 0.8750000000
63941  -20.428  -28.592  85.565 1.0000000000
63942  -20.975  -28.456  85.459 0.8750000000
63947  -19.021  -29.113  84.926 1.0000000000
63950  -21.575  -28.555  84.913 0.8750000000
63958  -18.869  -29.573  84.083 1.0000000000
63983  -21.363  -28.419  81.471 0.8750000000
63987  -35.463  -29.638  80.531 0.8750000000
63991  -21.218  -29.419  80.163 0.8750000000
63993  -22.260  -29.975  80.437 0.8750000000
63996  -34.609  -29.753  80.190 0.6250000000
64002  -20.979  -29.718  79.461 0.8750000000
64005  -33.820  -29.774  79.529 0.7500000000
64007  -39.244  -30.045  78.289 0.2500000000
64015  -39.174  -30.480  77.670 0.2500000000
64018  -19.509  -30.204  77.411 0.8750000000
64020  -38.984  -29.995  77.793 0.1250000000
64037  -37.863  -30.141  76.445 0.1250000000
64038  -38.327  -30.419  76.579 0.1250000000
64043  -18.417  -29.764  74.571 0.8750000000
64046  -36.727  -29.924  75.328 0.1250000000
64059  -32.296  -29.087  73.086 0.8750000000
64060  -35.786  -28.788  73.239 0.2500000000
64061  -35.944  -29.554  73.842 0.1250000000
64072  -18.317  -29.489  72.942 0.8750000000
64082  -31.548  -29.621  71.369 1.0000000000
64102  -19.054  -30.144  69.063 0.7500000000
64137  -29.837  -29.939  66.676 0.8750000000
64149  -20.373  -29.840  65.445 0.8750000000
64160  -21.217  -28.811  64.647 0.8750000000
64163  -23.411  -29.436  64.113 0.8750000000
64164  -24.361  -29.413  64.186 0.8750000000
64165  -25.378  -29.335  64.319 0.8750000000
64941  -17.876  -26.541  87.720 0.7500000000
64942  -18.210  -26.553  87.526 0.7500000000
64955  -19.310  -27.344  86.212 0.7500000000
64956  -8.061  -28.614  88.004 1.0000000000
64961  -18.640  -27.543  86.161 0.7500000000
64962  -19.250  -27.614  86.215 0.7500000000
64964  -20.251  -27.489  86.282 0.8750000000
64972  -21.002  -27.822  86.025 0.8750000000
64973  -21.762  -27.695  85.505 0.8750000000
64976  -15.998  -28.497  84.928 0.8750000000
64977  -16.997  -28.057  85.098 0.8750000000
64982  -22.012  -28.136  85.000 0.8750000000
64985  -17.611  -28.709  84.582 0.8750000000
64987  -22.371  -28.104  84.435 0.8750000000
64991  -21.945  -28.109  82.314 0.8750000000
64992  -22.012  -29.069  82.509 0.8750000000
64999  -34.955  -29.276  80.390 1.0000000000
65003  -36.903  -29.232  80.496 0.7500000000
65009  -20.977  -28.870  81.029 0.8750000000
65023  -34.237  -29.117  79.767 1.0000000000
65024  -34.719  -28.501  79.953 1.0000000000
65031  -19.249  -29.109  79.295 0.8750000000
65039  -17.723  -28.161  77.432 0.8750000000
65040  -18.103  -27.958  78.609 0.8750000000
65053  -38.507  -29.542  77.716 0.1250000000
65061  -18.186  -29.455  76.022 0.8750000000
65072  -17.952  -28.902  73.385 0.8750000000
65097  -36.011  -28.196  72.765 0.2500000000
65108  -32.199  -28.233  71.263 0.8750000000
65128  -18.521  -28.634  69.419 0.7500000000
65177  -20.575  -28.342  65.403 0.7500000000
65902  -18.109  -26.310  88.050 0.7500000000
65903  -18.230  -26.338  87.936 0.7500000000
65911  -17.735  -26.769  87.422 0.7500000000
65912  -17.924  -27.068  86.887 0.8750000000
65914  -18.829  -26.710  86.829 0.7500000000
65915  -19.173  -27.007  86.369 0.7500000000
65926  -19.811  -27.163  86.235 0.8750000000
65934  -22.263  -27.519  84.924 0.8750000000
65941  -22.561  -27.198  83.590 0.8750000000
65960  -38.225  -28.015  79.001 0.8750000000
65970  -18.355  -27.207  79.428 0.8750000000
65987  -16.951  -27.197  76.202 0.8750000000
66003  -17.055  -27.740  74.619 0.8750000000
66010  -16.781  -26.694  73.716 0.8750000000
66012  -33.133  -27.183  73.367 0.8750000000
66017  -17.304  -27.104  72.317 0.8750000000
66018  -25.399  -27.494  71.693 0.6250000000
66028  -24.652  -27.736  70.726 0.7500000000
66030  -25.354  -27.485  70.945 0.7500000000
66039  -17.677  -26.844  70.729 0.8750000000
66040  -17.945  -27.096  69.903 0.7500000000
66042  -25.005  -28.045  70.245 0.7500000000
66056  -25.035  -28.018  69.657 0.7500000000
66058  -32.461  -27.069  69.948 0.8750000000
66087  -19.254  -27.377  67.391 0.7500000000
66108  -19.549  -27.848  66.736 0.7500000000
66113  -31.306  -26.943  67.156 0.8750000000
66117  -41.220  -26.591  66.690 0.3750000000
66128  -22.765  -27.395  65.754 0.8750000000
66131  -25.763  -27.797  65.365 0.7500000000
66134  -30.435  -27.616  66.151 0.8750000000
66148  -23.405  -28.220  64.713 0.7500000000
66150  -27.289  -27.633  64.600 0.7500000000
66152  -28.944  -27.453  64.871 0.8750000000
66866  -18.305  -25.914  88.189 0.7500000000
66867  -18.479  -26.120  87.983 0.7500000000
66880  -19.810  -26.019  86.762 0.7500000000
66881  -20.174  -26.638  86.186 0.8750000000
66882  -20.888  -26.712  86.016 0.8750000000
66890  -21.592  -26.505  85.566 0.8750000000
66894  -22.273  -26.706  84.846 0.8750000000
66900  -22.613  -26.521  84.086 0.7500000000
66902  -22.332  -26.294  82.485 0.8750000000
66909  -36.657  -27.248  80.464 0.8750000000
66911  -19.940  -25.764  79.898 0.7500000000
66912  -21.184  -25.167  80.443 0.7500000000
66914  -35.758  -26.589  80.243 1.0000000000
66921  -18.979  -26.485  79.788 0.8750000000
66928  -18.453  -26.303  79.211 0.8750000000
66930  -34.832  -26.624  78.993 1.0000000000
66934  -6.922  -26.970  77.885 1.0000000000
66946  -38.772  -25.908  76.693 0.6250000000
66948  -16.648  -26.315  74.924 0.8750000000
66949  -26.810  -26.277  75.038 0.6250000000
66958  -33.669  -26.745  74.609 1.0000000000
66961  -41.415  -26.030  74.375 0.7500000000
66968  -16.989  -26.861  73.077 0.8750000000
66969  -25.485  -26.921  73.166 0.6250000000
66970  -26.154  -26.736  73.567 0.6250000000
66973  -33.471  -26.727  73.838 1.0000000000
66979  -42.388  -25.258  73.048 0.8750000000
66980  -42.771  -24.932  73.023 0.8750000000
66983  -16.767  -25.523  72.932 0.8750000000
66994  -41.633  -25.744  72.249 0.7500000000
67002  -24.046  -27.152  71.343 0.7500000000
67010  -41.355  -26.035  71.035 0.8750000000
67017  -22.915  -26.517  70.762 0.7500000000
67028  -6.894  -26.256  69.465 0.3750000000
67032  -22.907  -26.689  70.051 0.7500000000
67034  -25.208  -27.684  69.456 0.7500000000
67043  -18.565  -26.620  68.600 0.7500000000
67058  -18.852  -26.963  67.968 0.7500000000
67064  -31.640  -26.236  67.469 0.8750000000
67079  -22.249  -26.759  66.520 0.7500000000
67080  -25.397  -27.062  66.656 0.6250000000
67081  -30.834  -26.945  66.494 0.8750000000
67095  -20.969  -26.871  65.974 0.7500000000
67101  -29.215  -26.563  65.194 0.8750000000
67811  -18.028  -25.940  88.278 0.7500000000
67818  -18.760  -25.907  87.844 0.6250000000
67819  -19.248  -26.083  87.385 0.7500000000
67841  -19.783  -25.710  85.986 0.6250000000
67842  -20.625  -25.755  85.327 0.7500000000
67843  -21.323  -25.975  85.335 0.7500000000
67850  -21.546  -25.741  84.806 0.7500000000
67854  -20.775  -25.031  84.310 0.7500000000
67856  -21.937  -25.445  84.179 0.7500000000
67862  -22.204  -25.421  82.177 0.8750000000
67864  -21.636  -24.782  81.189 0.7500000000
67867  -20.838  -25.069  79.992 0.7500000000
67868  -21.232  -24.595  80.276 0.7500000000
67871  -36.375  -25.325  79.878 1.0000000000
67874  -37.726  -25.471  79.866 1.0000000000
67880  -35.928  -25.278  79.347 1.0000000000
67885  -18.483  -25.356  78.421 0.7500000000
67887  -20.008  -24.705  79.023 0.7500000000
67893  -17.917  -25.404  77.863 0.7500000000
67894  -35.089  -25.410  77.985 1.0000000000
67909  -17.471  -24.803  76.104 0.7500000000
67911  -27.056  -26.150  75.237 0.6250000000
67912  -27.160  -25.668  75.539 0.6250000000
67915  -41.007  -25.505  75.821 0.7500000000
67924  -17.069  -24.911  75.040 0.7500000000
67925  -25.588  -25.981  74.481 0.6250000000
67926  -26.244  -26.254  74.854 0.6250000000
67927  -27.261  -26.063  75.102 0.6250000000
67932  -41.608  -25.813  75.164 0.8750000000
67935  -43.305  -24.569  73.633 0.8750000000
67940  -16.691  -25.358  73.664 0.8750000000
67941  -16.830  -24.948  73.014 0.8750000000
67942  -24.231  -25.957  73.306 0.6250000000
67944  -25.744  -26.525  74.041 0.6250000000
67961  -24.646  -26.728  72.902 0.8750000000
67965  -43.638  -24.601  72.180 0.8750000000
67966  -44.354  -24.322  71.657 0.7500000000
67971  -22.687  -25.907  71.304 0.8750000000
67973  -25.904  -26.312  71.248 0.7500000000
67976  -33.287  -25.222  71.591 0.8750000000
67984  -18.056  -25.267  70.223 0.8750000000
67991  -44.221  -24.526  70.067 0.6250000000
67997  -19.145  -25.033  69.144 0.7500000000
67998  -21.638  -25.181  69.991 0.7500000000
68000  -25.314  -26.957  69.287 0.7500000000
68001  -25.408  -27.207  70.144 0.7500000000
68011  -19.517  -25.372  68.444 0.7500000000
68015  -25.123  -26.534  68.568 0.6250000000
68018  -43.237  -25.112  69.285 0.6250000000
68028  -20.708  -25.700  67.487 0.7500000000
68055  -26.604  -25.675  65.477 0.7500000000
68729  -5.738  -24.320  91.068 1.0000000000
68731  -5.782  -24.283  90.318 1.0000000000
68733  -7.174  -24.340  91.063 1.0000000000
68743  -17.823  -25.508  87.883 0.7500000000
68751  -18.730  -25.340  86.735 0.6250000000
68761  -18.102  -25.109  86.585 0.6250000000
68775  -19.710  -24.930  84.502 0.6250000000
68784  -20.358  -24.670  83.837 0.7500000000
68785  -21.668  -24.782  83.193 0.6250000000
68789  -16.318  -24.680  82.168 0.6250000000
68791  -18.611  -24.800  82.251 0.6250000000
68792  -20.402  -24.387  82.140 0.7500000000
68795  -22.142  -24.995  82.642 0.7500000000
68798  -19.060  -24.469  81.433 0.6250000000
68801  -21.575  -24.607  81.553 0.7500000000
68817  -36.808  -24.614  79.566 1.0000000000
68829  -40.425  -24.140  78.347 1.0000000000
68830  -41.084  -23.954  78.003 1.0000000000
68833  -20.704  -22.833  77.826 0.7500000000
68838  -41.551  -24.155  77.513 1.0000000000
68843  -27.561  -24.357  76.560 0.5000000000
68844  -27.891  -24.293  76.749 0.5000000000
68847  -42.114  -24.491  76.870 0.8750000000
68849  -43.188  -24.182  75.714 0.8750000000
68854  -27.141  -24.958  76.117 0.6250000000
68858  -43.192  -24.398  75.100 0.8750000000
68864  -16.856  -24.889  74.278 0.7500000000
68866  -25.091  -25.219  74.341 0.6250000000
68868  -27.424  -25.410  75.408 0.6250000000
68869  -34.669  -24.341  74.602 1.0000000000
68870  -43.222  -24.527  74.387 0.8750000000
68877  -27.413  -25.512  74.632 0.6250000000
68889  -27.108  -25.410  73.663 0.6250000000
68895  -17.566  -24.617  71.878 0.8750000000
68906  -18.337  -24.561  70.682 0.8750000000
68908  -19.972  -24.143  70.279 0.8750000000
68936  -31.127  -24.000  67.717 0.8750000000
68941  -24.039  -24.452  66.949 0.5000000000
68943  -30.178  -24.178  66.630 0.8750000000
68951  -24.868  -24.583  65.801 0.7500000000
68952  -25.705  -24.907  65.522 0.7500000000
68954  -27.177  -24.544  65.239 0.7500000000
68968  -28.059  -23.735  65.130 0.7500000000
69636  -7.758  -23.156  92.245 1.0000000000
69637  -8.362  -23.469  92.005 1.0000000000
69639  -6.519  -23.499  91.870 1.0000000000
69687  -15.212  -23.588  82.296 0.6250000000
69692  -15.873  -23.611  79.906 0.6250000000
69695  -18.970  -23.829  80.095 0.6250000000
69696  -20.746  -23.752  79.544 0.7500000000
69701  -19.542  -23.408  79.480 0.6250000000
69705  -37.133  -24.056  79.216 1.0000000000
69710  -17.014  -23.199  78.820 0.6250000000
69714  -28.233  -23.111  78.231 0.5000000000
69722  -28.204  -23.427  77.882 0.5000000000
69726  -41.995  -22.894  77.170 1.0000000000
69729  -20.376  -22.773  76.969 0.7500000000
69732  -28.262  -23.778  77.421 0.5000000000
69735  -43.145  -23.483  76.007 1.0000000000
69740  -27.911  -24.297  75.967 0.6250000000
69747  -17.917  -23.724  74.938 0.7500000000
69754  -43.567  -23.782  74.097 0.8750000000
69757  -17.698  -23.708  74.030 0.7500000000
69760  -24.094  -23.892  73.520 0.6250000000
69775  -18.570  -23.500  71.757 0.7500000000
69778  -20.716  -23.777  71.222 0.7500000000
69791  -19.521  -23.825  70.956 0.8750000000
69800  -39.175  -23.541  70.262 0.8750000000
69822  -38.611  -24.205  68.373 0.8750000000
69842  -47.298  -22.760  67.957 0.8750000000
69843  -47.616  -22.655  67.249 0.7500000000
69853  -37.695  -24.379  66.900 0.8750000000
69863  -23.798  -23.365  65.792 0.5000000000
69866  -29.434  -23.259  65.608 0.8750000000
69873  -40.512  -23.473  65.565 0.8750000000
69874  -41.477  -23.226  65.278 0.8750000000
69880  -26.074  -23.643  64.155 0.7500000000
69893  -40.961  -23.315  64.729 0.8750000000
69901  -26.644  -23.217  63.568 0.7500000000
69938  -37.245  -23.504  61.608 0.8750000000
69950  -31.589  -23.436  60.247 0.7500000000
69966  -30.671  -22.943  58.987 0.7500000000
69970  -34.522  -23.647  59.213 0.7500000000
69983  -31.367  -22.917  58.711 0.7500000000
69985  -33.341  -23.140  58.325 0.7500000000
69999  -34.469  -23.013  57.782 0.6250000000
70615  -8.362  -22.757  92.176 1.0000000000
70616  -8.883  -22.333  91.833 1.0000000000
70619  -9.765  -22.324  91.003 1.0000000000
70626  -6.002  -22.867  90.017 1.0000000000
70663  -14.886  -22.755  83.766 0.6250000000
70666  -14.462  -22.124  83.283 0.6250000000
70674  -14.543  -21.778  81.357 0.5000000000
70678  -16.058  -23.255  79.153 0.6250000000
70679  -20.711  -22.871  78.436 0.7500000000
70681  -38.867  -22.931  78.636 1.0000000000
70686  -17.485  -22.793  78.259 0.6250000000
70689  -20.751  -22.444  77.961 0.6250000000
70691  -28.863  -22.582  78.838 0.3750000000
70693  -37.898  -23.014  78.387 1.0000000000
70695  -39.277  -22.543  78.250 1.0000000000
70706  -29.014  -22.776  78.475 0.3750000000
70717  -27.591  -23.308  77.486 0.5000000000
70718  -28.641  -23.255  77.977 0.5000000000
70719  -29.110  -22.513  77.695 0.3750000000
70721  -36.740  -21.827  76.495 1.0000000000
70723  -42.198  -22.268  76.678 1.0000000000
70728  -20.318  -22.045  75.686 0.7500000000
70729  -26.216  -23.572  75.674 0.6250000000
70741  -24.990  -23.330  74.368 0.6250000000
70751  -42.781  -22.229  74.632 1.0000000000
70774  -19.471  -22.157  72.302 0.7500000000
70776  -23.421  -22.160  72.534 0.6250000000
70788  -44.621  -23.179  71.500 1.0000000000
70791  -20.403  -22.321  71.540 0.7500000000
70792  -21.108  -22.163  71.498 0.7500000000
70795  -26.202  -22.501  72.258 0.5000000000
70799  -36.493  -22.213  71.741 0.8750000000
70808  -45.225  -23.040  70.997 0.8750000000
70809  -45.610  -22.938  70.245 0.8750000000
70823  -23.661  -22.961  68.992 0.6250000000
70824  -24.127  -22.529  69.749 0.6250000000
70825  -32.890  -21.619  68.937 0.8750000000
70830  -42.853  -23.083  68.873 0.8750000000
70835  -46.598  -22.418  68.665 0.8750000000
70839  -31.858  -22.391  68.020 0.8750000000
70840  -32.392  -21.964  68.494 0.8750000000
70844  -45.001  -22.266  68.518 1.0000000000
70848  -31.076  -22.454  66.889 0.8750000000
70863  -32.562  -21.774  66.230 0.8750000000
70864  -33.347  -22.114  66.591 0.8750000000
70866  -42.108  -23.079  65.763 0.8750000000
70867  -42.884  -22.819  66.155 0.8750000000
70871  -48.469  -21.421  65.813 0.8750000000
70874  -24.103  -23.066  65.025 0.7500000000
70880  -34.129  -22.766  66.171 0.8750000000
70890  -31.369  -22.057  64.464 0.8750000000
70902  -24.949  -22.347  63.732 0.6250000000
70906  -28.378  -22.792  63.360 0.7500000000
70907  -29.100  -22.479  63.095 0.7500000000
70908  -30.275  -22.382  63.628 0.7500000000
70912  -40.881  -23.161  63.454 0.8750000000
70921  -27.886  -22.534  62.081 0.7500000000
70952  -37.900  -23.366  60.905 0.8750000000
70969  -29.339  -22.621  59.221 0.7500000000
70973  -38.204  -22.859  59.376 0.7500000000
70993  -31.726  -22.691  58.170 0.7500000000
70995  -35.820  -23.003  58.039 0.6250000000
71043  -51.181  -21.249  55.954 0.8750000000
71625  -7.653  -21.815  91.807 1.0000000000
71626  -8.321  -21.950  91.887 0.8750000000
71628  -6.552  -22.089  90.827 1.0000000000
71636  -6.893  -20.961  89.279 1.0000000000
71664  -15.238  -21.314  85.760 0.6250000000
71671  -14.438  -21.403  83.912 0.6250000000
71679  -29.109  -21.110  81.155 0.3750000000
71682  -14.739  -22.005  80.469 0.5000000000
71694  -15.122  -21.585  78.818 0.5000000000
71696  -28.122  -22.511  78.430 0.3750000000
71697  -29.238  -22.157  78.946 0.3750000000
71698  -39.154  -22.200  77.639 1.0000000000
71702  -16.976  -21.704  77.212 0.6250000000
71703  -18.398  -21.665  76.899 0.6250000000
71704  -19.793  -21.538  76.850 0.6250000000
71716  -27.462  -22.351  77.384 0.5000000000
71717  -29.076  -22.059  76.907 0.3750000000
71720  -37.934  -21.576  76.435 1.0000000000
71721  -38.706  -21.570  76.510 1.0000000000
71728  -20.095  -20.146  74.771 0.6250000000
71729  -26.187  -22.449  75.527 0.6250000000
71733  -36.900  -21.407  75.377 1.0000000000
71741  -7.547  -21.179  74.199 0.8750000000
71743  -20.116  -20.891  74.310 0.6250000000
71746  -26.278  -21.379  75.368 0.6250000000
71748  -28.451  -21.414  75.103 0.5000000000
71765  -27.148  -22.204  73.323 0.6250000000
71769  -36.248  -21.467  73.699 1.0000000000
71776  -20.547  -21.171  72.285 0.7500000000
71778  -26.713  -21.872  72.665 0.6250000000
71780  -34.879  -21.263  72.179 0.8750000000
71781  -35.299  -21.355  72.526 0.8750000000
71782  -35.977  -21.471  72.909 1.0000000000
71785  -20.810  -21.638  71.737 0.7500000000
71787  -22.182  -21.680  71.679 0.7500000000
71803  -33.534  -21.533  69.273 0.8750000000
71804  -34.152  -21.532  69.811 0.8750000000
71810  -32.753  -21.590  68.301 0.8750000000
71814  -45.776  -22.199  68.700 0.8750000000
71821  -32.937  -21.566  67.765 0.8750000000
71835  -47.788  -21.514  66.629 0.8750000000
71839  -31.318  -21.631  65.899 0.8750000000
71854  -49.541  -20.738  63.715 1.0000000000
71857  -25.168  -21.889  63.064 0.6250000000
71864  -25.971  -21.864  61.934 0.7500000000
71867  -44.979  -21.300  62.890 1.0000000000
71873  -26.246  -21.629  61.269 0.7500000000
71875  -43.754  -21.462  61.679 1.0000000000
71883  -26.476  -21.387  60.563 0.6250000000
71884  -27.126  -21.747  60.210 0.6250000000
71885  -40.794  -22.039  59.843 0.8750000000
71886  -41.357  -22.023  60.403 0.8750000000
71887  -42.535  -21.622  60.597 0.8750000000
71904  -39.706  -22.149  58.748 0.7500000000
71920  -26.846  -20.883  58.892 0.6250000000
71921  -27.558  -21.261  58.544 0.6250000000
71922  -28.304  -21.630  58.260 0.7500000000
71935  -29.028  -21.963  58.016 0.7500000000
71941  -34.385  -21.985  57.097 0.6250000000
71955  -34.901  -21.409  56.794 0.6250000000
71956  -35.786  -21.575  56.768 0.6250000000
71961  -40.164  -21.029  56.546 0.7500000000
71978  -50.280  -21.090  54.873 0.2500000000
71989  -47.799  -21.496  53.632 0.1250000000
72554  -7.394  -21.587  91.352 1.0000000000
72557  -9.564  -20.490  91.612 0.8750000000
72558  -7.528  -21.270  90.899 1.0000000000
72560  -8.623  -19.911  91.358 0.8750000000
72563  -10.763  -20.484  90.862 0.8750000000
72610  -28.489  -20.029  82.878 0.3750000000
72612  -6.932  -20.010  82.307 1.0000000000
72614  -28.559  -20.293  82.240 0.3750000000
72615  -28.902  -20.473  82.368 0.3750000000
72616  -29.166  -20.332  82.386 0.3750000000
72620  -28.578  -20.626  81.375 0.3750000000
72622  -29.147  -20.672  81.844 0.3750000000
72627  -29.336  -21.063  80.647 0.3750000000
72631  -28.342  -21.340  79.479 0.3750000000
72632  -28.794  -21.649  79.936 0.3750000000
72636  -14.541  -20.257  78.788 0.5000000000
72637  -28.022  -21.630  78.696 0.3750000000
72648  -15.886  -20.049  76.699 0.5000000000
72649  -17.672  -20.076  75.923 0.6250000000
72652  -27.466  -21.695  77.574 0.5000000000
72654  -29.280  -20.385  76.906 0.2500000000
72658  -18.593  -19.951  75.558 0.6250000000
72663  -29.071  -20.052  76.105 0.2500000000
72669  -28.202  -20.864  74.306 0.2500000000
72682  -22.545  -20.300  72.150 0.6250000000
72683  -23.281  -20.342  72.410 0.6250000000
72684  -23.848  -21.155  72.764 0.6250000000
72686  -27.624  -20.392  72.940 0.3750000000
72690  -21.261  -20.978  71.975 0.6250000000
72693  -27.362  -19.943  72.053 0.2500000000
72704  -25.100  -20.324  69.832 0.2500000000
72706  -24.169  -20.387  67.693 0.5000000000
72707  -24.270  -20.592  68.562 0.3750000000
72711  -23.843  -20.636  66.377 0.5000000000
72720  -47.958  -20.734  65.505 1.0000000000
72728  -48.455  -20.470  64.798 1.0000000000
72731  -45.881  -21.013  63.131 1.0000000000
72738  -25.135  -20.705  62.159 0.6250000000
72750  -47.629  -19.893  62.140 1.0000000000
72754  -25.529  -20.545  60.964 0.6250000000
72776  -54.301  -19.725  59.582 1.0000000000
72800  -41.414  -20.917  57.369 0.8750000000
72826  -39.901  -19.808  55.685 0.6250000000
73421  -10.877  -19.821  87.070 0.8750000000
73430  -28.242  -19.397  83.671 0.3750000000
73435  -14.367  -19.229  83.753 0.5000000000
73436  -27.949  -19.620  83.403 0.3750000000
73437  -28.801  -19.611  83.196 0.3750000000
73438  -29.302  -19.762  82.633 0.3750000000
73446  -27.362  -19.317  83.501 0.2500000000
73468  -8.213  -19.140  79.732 0.8750000000
73473  -27.459  -19.539  80.186 0.3750000000
73474  -27.967  -20.448  79.832 0.3750000000
73495  -29.476  -19.790  77.427 0.2500000000
73500  -17.086  -19.374  75.990 0.5000000000
73501  -26.222  -19.274  77.122 0.5000000000
73502  -26.793  -20.112  77.016 0.5000000000
73507  -20.096  -19.460  74.621 0.6250000000
73508  -26.014  -19.531  75.856 0.5000000000
73510  -28.976  -19.752  75.283 0.2500000000
73514  -20.240  -18.696  74.510 0.6250000000
73516  -25.626  -19.978  74.594 0.6250000000
73522  -24.471  -19.591  73.370 0.6250000000
73530  -21.045  -19.744  72.744 0.6250000000
73531  -21.625  -19.314  72.831 0.6250000000
73533  -23.367  -19.525  72.629 0.6250000000
73543  -25.744  -19.780  70.250 0.5000000000
73544  -26.365  -19.300  70.617 0.5000000000
73547  -24.818  -20.037  69.079 0.2500000000
73567  -48.335  -20.009  63.469 1.0000000000
73592  -25.012  -19.841  61.043 0.6250000000
73596  -48.709  -19.366  61.026 1.0000000000
73608  -24.742  -18.809  59.977 0.6250000000
73611  -44.900  -19.916  58.795 1.0000000000
73624  -25.838  -18.977  58.805 0.6250000000
73626  -27.167  -19.359  58.093 0.6250000000
73627  -43.773  -19.742  57.430 1.0000000000
73636  -28.277  -19.858  57.600 0.7500000000
73644  -43.089  -19.749  56.808 0.7500000000
73647  -53.655  -19.340  57.597 1.0000000000
73654  -38.081  -19.502  56.071 0.6250000000
73655  -40.704  -19.738  55.712 0.6250000000
73657  -42.325  -19.719  56.296 0.7500000000
73660  -53.252  -19.067  56.733 1.0000000000
74227  -8.893  -18.591  91.660 0.8750000000
74251  -24.248  -18.058  84.473 0.2500000000
74255  -27.548  -18.660  84.345 0.3750000000
74260  -25.826  -18.683  84.044 0.2500000000
74261  -26.669  -18.978  84.015 0.2500000000
74262  -28.652  -18.802  83.429 0.3750000000
74265  -24.923  -18.187  83.042 0.3750000000
74266  -25.786  -18.534  83.369 0.2500000000
74268  -29.390  -18.993  82.499 0.3750000000
74273  -29.599  -19.246  82.011 0.2500000000
74278  -29.546  -18.646  80.488 0.2500000000
74281  -7.792  -19.009  79.538 0.8750000000
74283  -14.475  -18.036  79.728 0.5000000000
74289  -7.268  -18.862  79.056 0.8750000000
74294  -25.615  -18.482  78.467 0.5000000000
74302  -14.806  -18.672  77.703 0.5000000000
74305  -29.267  -18.550  77.630 0.2500000000
74315  -16.733  -18.609  76.246 0.5000000000
74317  -18.071  -18.134  75.887 0.5000000000
74322  -6.440  -18.335  75.266 0.8750000000
74329  -18.154  -18.742  75.590 0.6250000000
74332  -24.073  -18.270  75.370 0.6250000000
74334  -25.302  -19.029  75.634 0.5000000000
74343  -19.931  -18.108  74.899 0.6250000000
74346  -23.636  -18.238  74.574 0.6250000000
74348  -29.012  -18.431  74.357 0.2500000000
74353  -22.320  -18.306  73.539 0.6250000000
74355  -24.236  -18.823  73.870 0.6250000000
74356  -28.788  -18.113  73.420 0.2500000000
74357  -7.419  -17.917  72.681 0.7500000000
74358  -7.723  -18.052  72.330 0.6250000000
74360  -22.953  -18.856  72.950 0.6250000000
74361  -28.141  -17.460  71.847 0.1250000000
74362  -28.457  -17.767  72.639 0.1250000000
74371  -27.529  -17.612  70.255 0.2500000000
74377  -27.224  -17.610  69.385 0.2500000000
74381  -26.576  -17.869  68.332 0.3750000000
74391  -25.270  -17.916  64.419 0.3750000000
74416  -55.170  -18.134  60.596 0.8750000000
74417  -55.513  -17.665  60.336 0.8750000000
74458  -27.848  -19.348  57.812 0.6250000000
74459  -28.608  -19.293  57.718 0.6250000000
74460  -29.434  -19.247  57.762 0.7500000000
74464  -34.186  -18.828  57.903 0.5000000000
74480  -38.451  -18.782  56.068 0.6250000000
74494  -44.089  -17.846  55.760 0.7500000000
75119  -9.648  -17.697  91.532 0.7500000000
75122  -11.133  -17.561  90.633 0.7500000000
75127  -12.870  -18.129  89.036 0.7500000000
75137  -24.136  -17.398  85.158 0.2500000000
75140  -26.340  -17.006  85.165 0.1250000000
75143  -23.265  -17.379  84.500 0.2500000000
75144  -23.904  -17.649  84.751 0.2500000000
75145  -24.553  -18.030  84.953 0.2500000000
75146  -25.356  -18.286  85.007 0.2500000000
75147  -27.543  -17.711  84.421 0.3750000000
75155  -22.606  -17.523  82.864 0.3750000000
75157  -24.284  -18.137  83.525 0.2500000000
75159  -29.108  -18.383  82.728 0.3750000000
75161  -14.521  -17.430  81.874 0.5000000000
75162  -21.476  -17.222  81.394 0.3750000000
75164  -23.760  -17.544  81.784 0.3750000000
75166  -29.118  -17.706  81.604 0.2500000000
75170  -20.504  -17.233  80.245 0.5000000000
75171  -21.016  -17.334  80.691 0.5000000000
75179  -20.325  -17.413  79.447 0.5000000000
75183  -24.315  -17.643  79.342 0.3750000000
75185  -28.572  -17.667  79.269 0.2500000000
75188  -14.728  -17.485  78.483 0.5000000000
75190  -20.308  -17.459  78.523 0.5000000000
75195  -28.533  -17.839  78.111 0.2500000000
75196  -29.040  -18.189  78.891 0.2500000000
75202  -21.015  -17.308  77.649 0.5000000000
75207  -28.329  -17.601  77.071 0.2500000000
75208  -28.989  -18.269  78.087 0.2500000000
75209  -15.608  -17.775  76.906 0.5000000000
75210  -16.467  -17.684  76.519 0.5000000000
75212  -18.286  -17.630  76.227 0.5000000000
75218  -28.033  -17.338  76.046 0.2500000000
75220  -29.156  -18.263  76.677 0.2500000000
75222  -18.819  -17.963  75.786 0.5000000000
75225  -23.386  -17.822  75.369 0.6250000000
75227  -29.016  -17.895  75.829 0.2500000000
75230  -7.418  -17.911  73.826 0.8750000000
75236  -19.661  -17.790  75.551 0.6250000000
75238  -21.399  -17.591  74.619 0.6250000000
75241  -27.115  -16.804  73.811 0.2500000000
75243  -28.840  -17.668  74.877 0.2500000000
75245  -9.081  -17.395  73.421 0.6250000000
75250  -20.976  -17.882  74.314 0.6250000000
75251  -21.529  -18.017  73.944 0.6250000000
75252  -27.277  -16.837  73.023 0.2500000000
75267  -27.840  -17.201  71.069 0.2500000000
75273  -8.809  -17.396  71.508 0.6250000000
75283  -9.608  -16.808  70.435 0.3750000000
75306  -26.281  -17.434  67.262 0.2500000000
75347  -39.023  -17.005  62.354 0.3750000000
75351  -33.667  -16.695  61.105 0.6250000000
75372  -54.925  -17.421  60.700 0.8750000000
75373  -55.640  -17.083  60.347 0.6250000000
75381  -24.688  -17.500  59.768 0.6250000000
75399  -26.721  -18.086  58.399 0.6250000000
75416  -56.029  -16.959  59.484 0.8750000000
75421  -39.227  -17.029  56.717 0.6250000000
75430  -55.935  -16.736  58.761 0.8750000000
75435  -45.828  -17.614  56.194 0.7500000000
75442  -40.690  -17.415  55.722 0.7500000000
75443  -41.569  -17.391  55.558 0.7500000000
75444  -42.343  -16.951  55.537 0.7500000000
76107  -8.551  -16.676  91.071 0.7500000000
76133  -23.208  -16.517  85.106 0.2500000000
76134  -23.711  -16.647  85.258 0.2500000000
76136  -25.384  -16.947  85.416 0.2500000000
76139  -22.386  -16.250  84.512 0.2500000000
76140  -22.930  -16.775  84.770 0.2500000000
76142  -28.097  -16.154  83.604 0.3750000000
76151  -14.539  -16.567  81.753 0.5000000000
76152  -20.963  -16.410  81.470 0.3750000000
76155  -14.570  -16.549  80.714 0.5000000000
76156  -20.684  -16.961  80.852 0.3750000000
76158  -28.292  -17.010  80.632 0.2500000000
76160  -15.021  -15.888  79.106 0.5000000000
76161  -19.936  -16.730  79.404 0.5000000000
76164  -27.570  -16.834  78.997 0.2500000000
76169  -15.306  -16.089  78.252 0.5000000000
76173  -27.531  -17.077  77.905 0.2500000000
76177  -15.703  -16.323  77.373 0.5000000000
76178  -16.247  -16.230  76.822 0.5000000000
76188  -26.606  -16.389  76.164 0.2500000000
76191  -26.227  -16.286  75.316 0.2500000000
76193  -27.543  -16.950  75.259 0.2500000000
76199  -26.429  -16.606  73.354 0.2500000000
76203  -8.697  -17.089  71.801 0.5000000000
76209  -24.932  -16.206  72.935 0.1250000000
76225  -26.974  -16.659  71.216 0.1250000000
76245  -26.937  -16.814  69.361 0.2500000000
76255  -26.472  -17.001  67.859 0.2500000000
76330  -38.846  -16.807  60.941 0.5000000000
76355  -25.452  -16.615  59.400 0.6250000000
76360  -30.776  -17.023  60.178 0.6250000000
76371  -28.315  -16.878  59.084 0.6250000000
76379  -40.142  -15.822  57.626 0.6250000000
76403  -53.347  -16.102  55.364 0.6250000000
76407  -52.356  -16.134  54.393 0.5000000000
77062  -13.705  -15.384  86.643 0.6250000000
77069  -23.934  -15.879  85.447 0.2500000000
77073  -12.267  -15.770  83.960 0.6250000000
77077  -27.908  -15.324  83.586 0.2500000000
77080  -14.575  -14.989  83.723 0.3750000000
77083  -12.450  -15.417  82.500 0.6250000000
77084  -14.643  -15.229  82.839 0.3750000000
77085  -21.523  -16.243  82.805 0.2500000000
77088  -14.656  -15.601  82.044 0.5000000000
77091  -27.688  -15.861  81.591 0.1250000000
77099  -27.409  -15.879  80.906 0.1250000000
77104  -26.572  -15.704  79.581 0.1250000000
77111  -25.635  -15.286  78.412 0.1250000000
77116  -18.613  -16.139  77.082 0.5000000000
77119  -26.440  -16.139  77.655 0.2500000000
77122  -17.532  -15.547  76.501 0.5000000000
77123  -18.058  -15.828  76.605 0.5000000000
77133  -24.780  -15.500  74.483 0.1250000000
77171  -23.678  -15.821  70.801 0.2500000000
77193  -46.590  -14.761  68.657 0.5000000000
77206  -46.243  -15.545  68.752 0.3750000000
77220  -46.827  -15.102  68.328 0.3750000000
77265  -23.873  -15.413  62.734 0.5000000000
77280  -24.022  -15.065  61.687 0.5000000000
77293  -24.821  -15.675  60.308 0.5000000000
77297  -28.019  -15.054  60.464 0.6250000000
77299  -30.346  -15.889  60.950 0.6250000000
77302  -41.502  -15.410  60.483 0.5000000000
77307  -56.132  -15.366  60.178 0.5000000000
77324  -40.610  -15.528  58.195 0.6250000000
77328  -56.826  -15.037  59.027 0.7500000000
77332  -50.689  -14.948  57.132 0.8750000000
77337  -41.510  -15.524  56.691 0.7500000000
77942  -9.685  -14.790  90.473 0.7500000000
77965  -22.252  -14.269  85.405 0.1250000000
77968  -24.255  -14.965  85.465 0.1250000000
77970  -25.702  -15.219  85.195 0.1250000000
77972  -11.511  -14.510  84.274 0.6250000000
77973  -14.074  -14.540  84.910 0.5000000000
77974  -25.774  -14.307  84.789 0.1250000000
77977  -27.717  -14.470  83.596 0.2500000000
77981  -21.850  -14.631  84.325 0.2500000000
77982  -27.924  -14.667  83.210 0.2500000000
77988  -27.981  -14.932  82.939 0.1250000000
77993  -27.531  -15.002  82.210 0.1250000000
77994  -27.882  -15.207  82.619 0.1250000000
77998  -25.916  -14.230  80.482 0.1250000000
78005  -25.509  -14.506  79.609 0.1250000000
78010  -20.248  -14.467  78.267 0.3750000000
78017  -19.104  -15.374  77.303 0.3750000000
78018  -24.045  -14.196  77.018 0.1250000000
78022  -17.328  -14.866  76.447 0.5000000000
78024  -24.012  -14.341  76.325 0.2500000000
78026  -25.119  -15.145  77.103 0.2500000000
78032  -24.399  -14.768  75.826 0.2500000000
78034  -39.641  -14.463  75.410 0.2500000000
78035  -40.387  -14.873  75.496 0.2500000000
78041  -38.472  -14.278  74.677 0.2500000000
78104  -47.132  -14.268  68.152 0.5000000000
78105  -47.690  -13.902  67.590 0.5000000000
78120  -47.310  -14.534  67.822 0.5000000000
78135  -47.882  -14.040  67.263 0.3750000000
78189  -25.065  -14.945  60.597 0.5000000000
78191  -27.849  -14.021  61.404 0.6250000000
78192  -28.501  -14.482  61.340 0.6250000000
78217  -56.308  -14.700  60.003 0.5000000000
78230  -42.362  -14.634  57.775 0.7500000000
78232  -43.853  -13.853  57.252 0.7500000000
78242  -47.355  -14.256  56.149 0.8750000000
78244  -49.238  -14.288  56.519 0.8750000000
78252  -45.252  -14.808  55.897 0.7500000000
78837  -8.611  -14.069  90.370 0.7500000000
78845  -11.285  -13.645  88.571 0.7500000000
78861  -22.218  -13.497  85.705 0.1250000000
78868  -13.342  -13.290  85.057 0.6250000000
78870  -21.725  -13.581  84.959 0.1250000000
78874  -27.102  -13.443  84.011 0.2500000000
78875  -27.542  -13.612  83.596 0.1250000000
78879  -21.666  -13.611  84.011 0.1250000000
78886  -27.663  -13.339  82.792 0.1250000000
78890  -14.621  -13.155  82.060 0.3750000000
78892  -21.507  -13.747  81.305 0.2500000000
78898  -21.266  -14.516  80.548 0.3750000000
78899  -25.817  -13.334  80.745 0.1250000000
78900  -26.424  -13.848  81.305 0.1250000000
78903  -15.382  -13.715  79.918 0.3750000000
78906  -24.741  -13.160  79.354 0.1250000000
78914  -15.986  -13.933  77.676 0.3750000000
78916  -20.243  -13.526  77.779 0.3750000000
78918  -24.620  -14.333  78.252 0.1250000000
78921  -17.712  -13.318  76.363 0.3750000000
78925  -39.573  -13.528  75.633 0.1250000000
78936  -39.929  -14.198  75.674 0.2500000000
78937  -42.155  -13.731  75.408 0.2500000000
78979  -46.986  -14.020  68.181 0.5000000000
79002  -48.474  -12.910  66.519 0.6250000000
79032  -23.947  -13.708  63.536 0.3750000000
79036  -31.175  -14.069  63.957 0.3750000000
79054  -25.319  -13.295  62.195 0.5000000000
79057  -30.224  -13.830  63.245 0.5000000000
79079  -45.049  -13.689  61.339 0.7500000000
79098  -54.026  -13.103  59.488 0.6250000000
79100  -55.531  -13.296  59.767 0.3750000000
79114  -45.383  -13.155  57.744 0.7500000000
79118  -57.427  -13.262  57.526 0.7500000000
79127  -57.644  -12.697  56.837 0.6250000000
79131  -56.853  -13.278  55.610 0.7500000000
79742  -12.627  -12.884  86.077 0.6250000000
79747  -13.000  -13.092  85.496 0.6250000000
79748  -21.838  -12.545  85.859 0.1250000000
79749  -21.973  -12.099  86.066 0.1250000000
79750  -23.193  -13.049  85.526 0.1250000000
79755  -13.577  -13.130  84.514 0.3750000000
79756  -21.604  -12.704  85.413 0.1250000000
79757  -23.801  -12.248  84.775 0.1250000000
79758  -24.982  -12.585  84.365 0.1250000000
79760  -27.441  -12.689  83.579 0.2500000000
79769  -27.722  -12.365  83.130 0.2500000000
79773  -27.866  -12.221  82.680 0.1250000000
79777  -14.399  -12.611  82.251 0.3750000000
79780  -27.094  -12.511  81.946 0.1250000000
79784  -15.094  -12.700  80.951 0.3750000000
79785  -21.450  -12.171  80.568 0.2500000000
79786  -25.847  -12.312  80.899 0.1250000000
79797  -15.834  -12.439  78.619 0.3750000000
79798  -20.691  -12.840  78.261 0.3750000000
79799  -21.079  -12.042  78.865 0.2500000000
79809  -17.455  -12.499  76.492 0.3750000000
79810  -18.372  -12.456  76.240 0.3750000000
79811  -19.132  -12.875  76.427 0.3750000000
79813  -22.944  -12.028  76.475 0.1250000000
79821  -42.026  -12.647  75.711 0.1250000000
79837  -42.569  -13.044  74.904 0.1250000000
79883  -22.798  -12.363  67.090 0.2500000000
79888  -46.679  -12.786  66.611 0.3750000000
79902  -48.798  -12.193  66.031 0.6250000000
79907  -29.571  -12.166  64.251 0.3750000000
79916  -49.050  -11.513  65.626 0.6250000000
79920  -24.484  -12.643  63.510 0.3750000000
79941  -27.942  -12.474  63.047 0.3750000000
80052  -58.108  -11.924  56.006 0.7500000000
80073  -51.776  -12.974  52.697 0.2500000000
80638  -21.682  -11.681  85.811 0.1250000000
80648  -25.820  -12.021  83.835 0.1250000000
80653  -13.746  -12.158  83.365 0.3750000000
80654  -21.345  -11.186  84.254 0.1250000000
80657  -27.570  -11.084  83.405 0.2500000000
80658  -28.068  -11.474  82.997 0.1250000000
80673  -27.480  -11.210  81.340 0.1250000000
80674  -28.170  -11.308  81.739 0.1250000000
80682  -21.467  -11.298  80.789 0.1250000000
80689  -15.426  -11.723  79.798 0.3750000000
80701  -16.009  -11.662  78.165 0.3750000000
80702  -20.753  -11.203  78.231 0.1250000000
80703  -24.151  -11.172  78.729 0.1250000000
80716  -17.822  -11.690  76.365 0.3750000000
80718  -19.244  -11.038  76.405 0.2500000000
80744  -42.321  -11.271  75.056 0.1250000000
80748  -22.279  -11.722  74.825 0.1250000000
80822  -48.442  -11.258  65.849 0.2500000000
80823  -48.880  -11.349  65.822 0.3750000000
80824  -49.136  -10.909  65.425 0.3750000000
80833  -30.009  -11.750  64.822 0.3750000000
80842  -24.829  -11.918  63.894 0.2500000000
80856  -27.242  -12.162  63.217 0.3750000000
80908  -48.373  -11.344  59.277 0.7500000000
80956  -53.312  -11.062  54.784 0.3750000000
80962  -58.131  -10.850  54.347 0.6250000000
81508  -11.480  -11.044  86.495 0.5000000000
81512  -20.984  -9.715  85.269 0.1250000000
81513  -21.290  -10.475  85.367 0.1250000000
81519  -22.632  -10.471  84.748 0.1250000000
81523  -13.051  -10.954  83.497 0.3750000000
81524  -20.752  -9.741  84.879 0.1250000000
81525  -21.018  -10.433  84.374 0.1250000000
81526  -23.302  -10.217  83.849 0.1250000000
81527  -24.371  -10.571  83.289 0.1250000000
81531  -28.643  -10.261  83.216 0.1250000000
81532  -29.108  -10.170  82.702 0.1250000000
81535  -14.110  -11.280  82.087 0.2500000000
81538  -25.118  -10.182  82.765 0.1250000000
81541  -6.185  -10.771  81.442 0.5000000000
81546  -29.072  -10.378  81.704 0.1250000000
81547  -29.399  -9.778  81.755 0.1250000000
81550  -15.185  -10.964  79.909 0.3750000000
81552  -25.815  -11.000  80.291 0.1250000000
81556  -15.004  -10.248  79.827 0.3750000000
81558  -20.989  -10.152  79.491 0.1250000000
81560  -24.737  -10.939  79.305 0.1250000000
81561  -25.333  -10.746  79.747 0.1250000000
81566  -16.156  -10.991  77.810 0.2500000000
81576  -16.132  -10.231  77.841 0.2500000000
81578  -17.192  -10.209  76.954 0.1250000000
81579  -19.808  -9.883  77.251 0.1250000000
81596  -19.209  -10.043  76.645 0.1250000000
81597  -19.831  -10.699  76.907 0.1250000000
81601  -31.459  -10.332  75.983 0.1250000000
81608  -6.767  -10.464  76.204 0.3750000000
81617  -30.398  -10.707  75.300 0.1250000000
81628  -42.613  -10.591  74.575 0.1250000000
81770  -26.001  -11.162  64.113 0.2500000000
81798  -49.941  -9.498  61.394 0.5000000000
81834  -53.200  -9.683  59.653 0.3750000000
81852  -46.358  -9.886  55.519 0.2500000000
81855  -49.449  -10.176  56.523 0.3750000000
81869  -50.351  -10.531  55.744 0.3750000000
81886  -47.678  -10.172  54.733 0.2500000000
81903  -51.706  -10.188  53.679 0.5000000000
81934  -57.378  -9.821  52.639 0.8750000000
82481  -11.482  -9.837  85.796 0.5000000000
82482  -20.849  -9.048  85.123 0.1250000000
82494  -12.749  -10.260  83.406 0.3750000000
82495  -20.521  -9.064  84.422 0.1250000000
82499  -26.196  -10.177  83.107 0.2500000000
82500  -26.896  -9.610  83.035 0.1250000000
82501  -28.234  -9.674  83.236 0.1250000000
82506  -20.453  -8.999  83.414 0.1250000000
82507  -20.784  -9.586  82.661 0.1250000000
82508  -23.486  -9.435  82.891 0.1250000000
82509  -24.670  -9.649  82.445 0.1250000000
82511  -26.828  -9.021  82.696 0.2500000000
82512  -29.476  -9.233  82.189 0.1250000000
82518  -21.022  -9.667  81.488 0.1250000000
82519  -28.466  -10.180  81.101 0.1250000000
82524  -14.080  -9.212  80.688 0.2500000000
82530  -6.543  -10.663  78.876 0.5000000000
82533  -20.792  -9.404  79.862 0.1250000000
82538  -6.593  -10.747  77.981 0.5000000000
82542  -24.119  -9.903  78.177 0.1250000000
82543  -24.837  -9.561  78.652 0.1250000000
82549  -16.198  -9.312  77.659 0.1250000000
82551  -17.375  -9.440  76.948 0.1250000000
82552  -19.747  -9.252  77.631 0.1250000000
82554  -23.789  -9.570  77.576 0.1250000000
82557  -35.408  -9.611  77.574 0.1250000000
82563  -18.792  -9.274  76.742 0.1250000000
82566  -23.000  -9.705  76.459 0.1250000000
82571  -6.711  -10.195  75.614 0.3750000000
82582  -37.371  -9.336  75.674 0.1250000000
82597  -38.849  -9.637  73.682 0.1250000000
82682  -26.067  -10.009  66.091 0.2500000000
82747  -51.755  -8.692  59.807 0.3750000000
82776  -50.447  -9.368  57.880 0.3750000000
82803  -45.853  -8.982  54.818 0.1250000000
82805  -47.377  -9.813  54.229 0.2500000000
83419  -11.129  -8.754  85.577 0.5000000000
83420  -20.612  -8.534  84.959 0.1250000000
83421  -20.798  -8.586  85.066 0.1250000000
83422  -10.511  -7.726  85.651 0.5000000000
83424  -20.117  -8.171  85.004 0.1250000000
83426  -21.054  -8.569  85.063 0.1250000000
83430  -12.084  -9.064  83.441 0.5000000000
83431  -19.924  -7.905  84.648 0.1250000000
83433  -21.930  -8.606  84.054 0.1250000000
83434  -22.619  -9.027  83.489 0.1250000000
83436  -28.591  -8.974  83.029 0.1250000000
83443  -20.192  -8.277  82.905 0.1250000000
83449  -28.986  -8.252  82.690 0.1250000000
83450  -29.386  -8.337  82.293 0.1250000000
83454  -13.300  -8.963  81.640 0.5000000000
83455  -20.387  -8.419  81.928 0.1250000000
83459  -29.532  -8.448  81.722 0.1250000000
83466  -28.713  -8.587  80.373 0.1250000000
83469  -14.220  -8.278  79.645 0.3750000000
83471  -15.154  -8.954  78.756 0.1250000000
83474  -26.024  -8.872  79.094 0.1250000000
83476  -27.838  -8.507  79.769 0.1250000000
83483  -26.373  -8.218  78.791 0.1250000000
83489  -16.915  -8.667  77.256 0.1250000000
83490  -17.796  -8.725  76.945 0.1250000000
83491  -19.437  -8.595  77.617 0.1250000000
83492  -23.884  -8.877  77.268 0.1250000000
83494  -25.151  -8.028  77.964 0.1250000000
83502  -18.402  -8.819  76.845 0.1250000000
83534  -38.183  -8.518  74.147 0.1250000000
83553  -40.051  -8.179  72.911 0.1250000000
83640  -49.491  -8.507  63.183 0.2500000000
83644  -49.386  -8.195  62.691 0.2500000000
83645  -49.799  -8.191  62.802 0.2500000000
83666  -51.943  -8.797  60.220 0.3750000000
83730  -46.794  -8.623  53.932 0.2500000000
83752  -49.878  -8.281  52.546 0.3750000000
84316  -20.174  -7.562  85.124 0.1250000000
84317  -20.523  -7.917  85.197 0.1250000000
84325  -19.677  -7.331  84.464 0.1250000000
84327  -21.722  -7.956  83.803 0.1250000000
84333  -21.555  -7.248  83.588 0.1250000000
84334  -22.095  -7.813  83.009 0.1250000000
84335  -22.722  -8.374  82.482 0.1250000000
84336  -26.736  -7.881  82.115 0.2500000000
84339  -29.439  -7.425  82.319 0.1250000000
84340  -29.957  -6.900  81.893 0.1250000000
84342  -11.482  -7.107  81.894 0.5000000000
84347  -23.155  -8.276  81.821 0.1250000000
84348  -24.122  -8.279  81.451 0.1250000000
84351  -27.101  -7.112  81.857 0.1250000000
84354  -13.134  -7.731  80.468 0.5000000000
84356  -20.346  -8.074  81.046 0.1250000000
84358  -29.709  -7.638  81.169 0.1250000000
84367  -27.977  -7.664  79.463 0.1250000000
84372  -19.592  -8.027  78.314 0.1250000000
84380  -15.885  -7.563  77.869 0.3750000000
84385  -26.194  -7.043  77.924 0.1250000000
84420  -44.692  -7.348  72.135 0.1250000000
84433  -44.562  -7.761  72.045 0.1250000000
84527  -49.832  -7.959  62.502 0.2500000000
84615  -48.523  -7.476  52.965 0.2500000000
84620  -53.967  -6.974  52.665 0.5000000000
85230  -20.084  -7.110  85.159 0.1250000000
85232  -6.522  -5.539  84.046 0.5000000000
85244  -21.333  -6.482  83.338 0.1250000000
85246  -28.911  -6.754  82.247 0.1250000000
85251  -19.634  -6.760  82.280 0.1250000000
85256  -25.738  -7.143  81.154 0.1250000000
85259  -28.313  -6.095  81.823 0.1250000000
85261  -30.274  -6.428  81.500 0.1250000000
85262  -7.649  -6.613  80.900 0.5000000000
85265  -12.157  -6.244  80.434 0.3750000000
85266  -12.585  -7.052  80.454 0.3750000000
85272  -26.124  -6.336  80.775 0.1250000000
85273  -30.148  -6.826  80.800 0.1250000000
85277  -13.577  -6.936  79.376 0.2500000000
85279  -28.810  -6.593  79.181 0.1250000000
85281  -30.618  -6.164  80.450 0.1250000000
85287  -19.267  -6.585  78.593 0.1250000000
85289  -27.876  -6.498  78.559 0.1250000000
85293  -15.757  -6.645  77.837 0.2500000000
85296  -18.106  -6.370  77.694 0.1250000000
85298  -24.982  -6.858  76.986 0.1250000000
85314  -24.946  -6.001  75.951 0.1250000000
85384  -45.822  -5.571  70.164 0.1250000000
85508  -57.023  -7.025  52.925 0.7500000000
85550  -57.611  -6.437  50.617 0.6250000000
85645  -55.772  -6.674  40.002 0.1250000000
86070  -6.629  -4.554  87.068 0.5000000000
86076  -18.900  -4.905  85.195 0.1250000000
86077  -19.203  -4.884  85.257 0.1250000000
86081  -19.205  -5.443  85.045 0.1250000000
86084  -9.332  -5.020  83.839 0.5000000000
86091  -6.742  -5.229  82.796 0.5000000000
86094  -18.726  -5.286  84.131 0.1250000000
86095  -19.153  -6.117  83.976 0.1250000000
86097  -21.093  -5.652  83.013 0.1250000000
86101  -18.973  -5.496  82.935 0.1250000000
86103  -21.304  -5.366  82.080 0.1250000000
86105  -28.893  -5.577  81.491 0.1250000000
86106  -29.848  -5.666  81.498 0.1250000000
86107  -30.665  -5.789  81.331 0.1250000000
86111  -11.768  -5.468  80.385 0.3750000000
86114  -21.520  -5.096  81.267 0.1250000000
86116  -23.461  -6.319  80.306 0.1250000000
86120  -27.823  -5.251  80.837 0.1250000000
86122  -31.003  -5.645  80.783 0.1250000000
86123  -31.229  -4.959  80.346 0.1250000000
86124  -8.291  -5.375  80.100 0.3750000000
86126  -18.761  -5.084  79.114 0.1250000000
86128  -23.573  -5.566  79.743 0.1250000000
86130  -25.705  -5.039  79.519 0.1250000000
86131  -26.528  -4.745  79.600 0.1250000000
86137  -14.726  -5.678  78.372 0.2500000000
86139  -16.420  -5.095  78.040 0.2500000000
86140  -17.780  -4.946  78.322 0.1250000000
86142  -19.064  -5.728  78.918 0.1250000000
86148  -16.975  -5.636  77.677 0.1250000000
86149  -17.795  -5.618  77.883 0.2500000000
86151  -27.650  -5.435  77.498 0.1250000000
86153  -29.430  -4.895  78.206 0.1250000000
86160  -24.889  -5.823  75.317 0.1250000000
86167  -8.158  -6.055  74.211 0.2500000000
86175  -24.729  -5.788  73.411 0.1250000000
86188  -44.541  -5.712  71.712 0.1250000000
86212  -46.011  -5.171  70.335 0.1250000000
86318  -44.908  -5.334  56.355 0.1250000000
86329  -44.213  -5.554  55.785 0.1250000000
86330  -44.784  -5.209  56.037 0.1250000000
86332  -47.320  -4.642  55.934 0.1250000000
86348  -49.574  -4.163  55.506 0.2500000000
86359  -47.109  -4.833  53.744 0.1250000000
86376  -51.308  -5.235  53.332 0.5000000000
86384  -57.462  -6.275  51.782 0.8750000000
86400  -56.842  -5.419  51.738 0.8750000000
86463  -57.279  -4.766  45.166 0.2500000000
86977  -18.808  -4.303  85.195 0.1250000000
86981  -18.573  -4.439  85.001 0.1250000000
86982  -19.143  -4.220  85.249 0.1250000000
86986  -8.979  -4.326  83.663 0.5000000000
86987  -18.488  -4.640  84.528 0.1250000000
86993  -20.529  -4.099  83.264 0.1250000000
86997  -9.627  -4.062  82.056 0.5000000000
87003  -30.477  -4.992  81.140 0.1250000000
87008  -12.069  -5.013  79.892 0.3750000000
87010  -19.035  -4.698  80.607 0.1250000000
87011  -21.479  -4.504  80.745 0.1250000000
87017  -30.869  -4.344  80.597 0.1250000000
87023  -13.442  -4.886  79.056 0.2500000000
87026  -21.900  -4.315  79.946 0.1250000000
87034  -31.413  -4.208  79.690 0.1250000000
87035  -31.783  -3.559  79.351 0.1250000000
87040  -15.756  -4.478  78.414 0.2500000000
87045  -31.259  -4.322  79.063 0.1250000000
87057  -29.289  -4.202  76.994 0.1250000000
87068  -27.087  -4.292  74.578 0.1250000000
87074  -25.873  -4.913  73.690 0.1250000000
87108  -44.462  -4.353  71.170 0.1250000000
87244  -49.496  -3.441  55.756 0.1250000000
87252  -51.462  -3.268  54.804 0.5000000000
87362  -57.455  -4.385  43.415 0.2500000000
87852  -6.374  -3.970  86.241 0.5000000000
87855  -18.671  -3.587  85.184 0.1250000000
87858  -17.848  -3.104  84.802 0.1250000000
87861  -19.637  -4.144  84.863 0.1250000000
87863  -8.503  -3.323  83.834 0.5000000000
87864  -8.772  -3.787  83.565 0.5000000000
87866  -18.088  -3.822  84.456 0.1250000000
87871  -17.534  -3.059  83.079 0.2500000000
87872  -17.864  -3.596  83.545 0.2500000000
87879  -17.500  -2.963  82.146 0.2500000000
87881  -20.613  -2.689  81.909 0.1250000000
87893  -31.125  -3.741  80.049 0.1250000000
87898  -12.457  -3.541  79.182 0.3750000000
87901  -15.210  -3.088  79.275 0.2500000000
87910  -31.585  -3.222  79.502 0.1250000000
87914  -14.640  -3.525  78.921 0.2500000000
87917  -25.240  -2.561  78.842 0.1250000000
87919  -31.716  -3.648  78.452 0.1250000000
87920  -32.001  -3.233  78.773 0.1250000000
87930  -32.360  -2.840  76.264 0.1250000000
87933  -29.153  -3.777  75.592 0.1250000000
87935  -32.058  -3.146  75.625 0.1250000000
87986  -46.069  -3.733  69.860 0.1250000000
88137  -49.547  -3.350  55.713 0.1250000000
88754  -6.753  -2.296  87.337 0.5000000000
88755  -6.455  -2.466  86.860 0.5000000000
88761  -17.942  -2.701  84.839 0.1250000000
88762  -18.191  -3.046  85.153 0.1250000000
88763  -18.659  -3.024  85.154 0.1250000000
88767  -19.111  -2.761  84.737 0.2500000000
88768  -19.707  -2.542  83.847 0.1250000000
88771  -8.499  -2.251  83.198 0.5000000000
88772  -17.562  -2.529  83.458 0.2500000000
88776  -8.929  -2.389  82.264 0.3750000000
88784  -16.388  -2.287  80.287 0.2500000000
88788  -23.427  -1.696  80.241 0.1250000000
88789  -30.262  -2.946  79.736 0.1250000000
88794  -11.966  -2.848  78.935 0.3750000000
88796  -13.973  -2.406  78.653 0.2500000000
88797  -15.112  -2.613  79.301 0.2500000000
88801  -24.681  -2.041  79.211 0.1250000000
88802  -25.467  -1.789  79.133 0.1250000000
88807  -30.465  -2.441  79.257 0.1250000000
88808  -30.916  -3.021  79.725 0.1250000000
88810  -11.568  -2.086  78.737 0.3750000000
88811  -12.387  -2.237  78.522 0.2500000000
88812  -13.162  -2.317  78.486 0.2500000000
88816  -32.185  -2.592  78.164 0.1250000000
88819  -32.449  -2.400  76.839 0.1250000000
88820  -9.571  -2.635  74.903 0.1250000000
88866  -45.779  -3.218  69.836 0.1250000000
89008  -50.090  -2.783  55.133 0.3750000000
89013  -54.416  -1.977  53.339 0.6250000000
89619  -6.108  -1.582  83.956 0.5000000000
89621  -18.395  -1.892  84.194 0.2500000000
89630  -20.499  -1.596  82.702 0.1250000000
89631  -21.270  -1.053  82.712 0.1250000000
89639  -21.598  -1.170  82.108 0.1250000000
89649  -24.243  -1.192  80.624 0.1250000000
89658  -15.334  -2.045  79.294 0.2500000000
89664  -28.513  -1.464  78.952 0.1250000000
89665  -29.391  -1.625  78.815 0.1250000000
89668  -11.180  -0.812  78.791 0.3750000000
89669  -11.313  -1.314  78.718 0.3750000000
89675  -30.580  -1.707  78.184 0.1250000000
89681  -32.135  -2.061  77.449 0.1250000000
89686  -31.844  -1.534  76.267 0.1250000000
89696  -32.249  -1.697  75.600 0.1250000000
89893  -53.926  -1.058  53.645 0.5000000000
90515  -7.991  0.029  86.699 0.5000000000
90518  -8.162  0.203  86.515 0.5000000000
90525  -20.528  -0.421  83.503 0.1250000000
90535  -21.818  -0.590  82.905 0.1250000000
90536  -22.438  -0.326  82.710 0.1250000000
90537  -23.176  -0.090  82.382 0.1250000000
90541  -17.950  -0.929  81.809 0.2500000000
90543  -23.703  -0.326  81.822 0.1250000000
90545  -25.328  0.134  81.244 0.1250000000
90554  -25.044  -0.412  81.002 0.1250000000
90555  -25.739  -0.223  80.632 0.1250000000
90556  -26.537  -0.039  80.229 0.1250000000
90560  -11.087  -0.264  79.008 0.3750000000
90562  -16.507  -1.008  79.480 0.2500000000
90563  -17.067  -0.273  79.356 0.2500000000
90566  -28.077  -0.622  78.439 0.1250000000
90572  -13.467  -0.145  77.886 0.2500000000
90575  -15.938  0.098  78.347 0.2500000000
90576  -28.220  -0.605  77.976 0.1250000000
90581  -28.033  -0.687  77.434 0.1250000000
90589  -28.456  -1.043  76.948 0.1250000000
90767  -54.669  -0.474  52.906 0.5000000000
90790  -54.910  0.038  52.172 0.5000000000
90960  -53.094  -1.405  35.932 0.1250000000
90961  -53.604  -0.810  35.983 0.2500000000
91401  -7.378  0.205  86.797 0.5000000000
91402  -7.743  0.494  86.760 0.5000000000
91403  -6.744  0.547  86.054 0.5000000000
91411  -22.274  0.599  83.533 0.1250000000
91412  -23.048  0.813  83.280 0.1250000000
91413  -23.674  0.987  82.990 0.1250000000
91420  -24.280  0.734  82.501 0.1250000000
91426  -19.342  1.011  82.145 0.1250000000
91427  -24.788  0.314  81.917 0.1250000000
91428  -25.890  0.723  81.162 0.1250000000
91434  -18.336  0.803  80.429 0.2500000000
91438  -11.442  0.532  79.211 0.3750000000
91441  -17.367  0.616  79.140 0.2500000000
91444  -27.319  0.387  79.150 0.1250000000
91448  -12.167  0.734  78.687 0.3750000000
91452  -16.816  0.910  78.551 0.2500000000
91669  -55.883  1.332  49.762 0.5000000000
91695  -57.307  1.422  45.633 0.6250000000
91804  -52.917  -1.394  35.556 0.1250000000
92172  -7.871  1.194  86.538 0.5000000000
92173  -8.347  1.199  86.361 0.5000000000
92180  -21.626  1.952  84.265 0.1250000000
92186  -20.486  1.780  83.957 0.1250000000
92187  -21.028  1.222  84.064 0.1250000000
92189  -22.663  1.411  83.791 0.1250000000
92196  -24.828  1.444  82.459 0.1250000000
92197  -25.291  1.304  82.019 0.1250000000
92202  -19.552  1.668  82.565 0.1250000000
92209  -18.649  1.670  80.760 0.1250000000
92210  -22.823  2.029  80.371 0.1250000000
92212  -25.818  1.833  80.560 0.1250000000
92213  -26.473  1.542  80.001 0.1250000000
92218  -17.627  1.478  79.373 0.2500000000
92221  -22.190  1.781  79.771 0.1250000000
92225  -25.186  1.897  79.532 0.1250000000
92226  -26.623  1.299  79.288 0.1250000000
92232  -16.462  1.532  78.454 0.2500000000
92239  -24.812  1.648  78.907 0.1250000000
92241  -26.350  1.257  78.734 0.1250000000
92272  -11.597  1.183  72.333 0.1250000000
92476  -56.385  1.806  48.131 0.6250000000
92494  -56.723  1.890  46.400 0.5000000000
92563  -57.320  2.243  40.529 0.5000000000
92604  -51.698  -1.404  35.584 0.1250000000
92633  -52.321  -1.760  35.006 0.2500000000
92635  -55.411  2.040  35.749 0.3750000000
92636  -56.820  1.511  35.109 0.2500000000
92664  -51.341  -2.399  34.777 0.1250000000
92674  -54.907  2.304  31.841 0.1250000000
92977  -22.165  2.676  84.306 0.1250000000
92985  -20.614  2.548  83.967 0.1250000000
92986  -22.921  2.468  84.017 0.1250000000
92988  -24.126  2.254  83.196 0.1250000000
92992  -19.718  2.444  82.956 0.1250000000
92993  -24.027  2.831  82.667 0.1250000000
93003  -23.387  2.910  81.505 0.1250000000
93010  -17.547  3.071  80.116 0.1250000000
93013  -22.497  2.633  80.957 0.1250000000
93016  -24.553  2.168  80.702 0.1250000000
93017  -25.149  2.068  80.998 0.1250000000
93023  -16.383  2.772  79.352 0.2500000000
93024  -17.087  2.644  79.471 0.1250000000
93025  -17.688  2.277  79.674 0.2500000000
93028  -24.557  2.007  80.103 0.1250000000
93031  -14.329  2.221  78.770 0.2500000000
93033  -16.035  2.247  78.651 0.2500000000
93337  -57.080  2.208  43.974 0.6250000000
93406  -57.208  2.440  39.021 0.3750000000
93443  -55.729  2.914  34.635 0.3750000000
93455  -56.337  2.940  33.734 0.1250000000
93768  -22.604  3.383  84.075 0.1250000000
93774  -21.802  4.388  83.951 0.1250000000
93775  -22.768  3.734  83.479 0.1250000000
93781  -10.810  3.334  83.200 0.3750000000
93784  -19.674  4.096  83.011 0.1250000000
93785  -22.863  3.746  82.742 0.1250000000
93792  -14.112  4.094  81.398 0.1250000000
93795  -19.435  3.315  82.503 0.1250000000
93796  -22.192  3.460  81.598 0.1250000000
93807  -14.513  3.146  80.143 0.1250000000
93823  -7.569  3.724  75.938 0.1250000000
94127  -56.934  2.693  40.628 0.5000000000
94135  -56.896  2.695  40.161 0.5000000000
94154  -56.644  2.699  38.621 0.3750000000
94165  -57.011  2.615  37.411 0.3750000000
94189  -56.143  3.189  35.956 0.3750000000
94191  -56.901  2.885  35.259 0.3750000000
94505  -21.377  4.908  83.738 0.1250000000
94507  -22.433  4.350  83.163 0.1250000000
94522  -13.566  4.461  81.592 0.1250000000
94529  -10.980  4.629  80.866 0.2500000000
94531  -15.106  4.749  81.088 0.1250000000
94537  -12.171  5.164  79.996 0.1250000000
94588  -12.523  4.360  71.922 0.1250000000
95208  -20.311  5.631  83.380 0.1250000000
95210  -21.568  5.649  83.428 0.1250000000
95220  -18.279  5.615  81.926 0.1250000000
95243  -12.430  6.062  78.929 0.1250000000
95296  -12.438  5.632  71.506 0.1250000000
95957  -6.919  7.047  83.349 0.1250000000
95959  -20.995  6.141  83.422 0.1250000000
95963  -19.039  6.138  82.403 0.1250000000
95968  -17.480  6.122  81.304 0.1250000000
95969  -19.348  6.864  82.243 0.1250000000
95974  -16.780  6.318  80.600 0.1250000000
95981  -15.550  6.350  79.614 0.1250000000
96004  -9.459  6.611  77.163 0.1250000000
96005  -9.887  6.371  76.449 0.1250000000
96712  -20.743  7.982  82.228 0.1250000000
96722  -9.782  7.220  80.667 0.1250000000
96724  -18.626  7.571  80.799 0.1250000000
96733  -17.493  7.630  79.481 0.1250000000
96735  -21.085  7.463  79.835 0.1250000000
96741  -14.561  6.995  78.117 0.1250000000
96742  -15.386  7.149  78.185 0.1250000000
96749  -14.313  7.794  77.972 0.1250000000
96795  -11.956  7.021  71.220 0.1250000000
97459  -21.675  8.579  81.708 0.1250000000
97467  -20.941  9.215  81.363 0.1250000000
97468  -22.096  8.574  80.770 0.1250000000
97470  -7.440  8.179  80.632 0.1250000000
97480  -22.194  9.324  80.428 0.1250000000
97483  -12.058  7.843  78.903 0.1250000000
97491  -21.075  8.456  78.758 0.1250000000
97495  -15.030  8.373  77.855 0.1250000000
97496  -15.842  8.492  77.946 0.1250000000
98183  -21.920  10.027  80.606 0.1250000000
98187  -12.720  9.338  79.796 0.1250000000
98193  -22.152  9.358  79.751 0.1250000000
98204  -21.961  10.351  78.306 0.1250000000
98205  -22.356  10.490  79.084 0.1250000000
98207  -15.510  9.011  77.957 0.1250000000
98946  -21.322  11.275  77.358 0.1250000000
98961  -6.916  10.536  73.108 0.1250000000
98973  -8.567  10.143  72.507 0.1250000000
99609  -21.731  11.318  79.882 0.1250000000
99616  -21.280  11.839  79.438 0.1250000000
99620  -17.208  11.444  79.792 0.1250000000
99623  -22.129  11.718  78.975 0.1250000000
99629  -21.846  11.592  78.178 0.1250000000
99669  -6.239  10.918  73.542 0.1250000000
100282  -8.224  11.577  83.705 0.1250000000
100320  -18.995  13.159  80.853 0.1250000000
100347  -7.226  12.348  75.889 0.1250000000
100372  -6.092  11.439  73.270 0.1250000000
101007  -18.811  13.947  80.191 0.1250000000
101009  -20.128  13.501  79.648 0.1250000000
101015  -20.038  13.783  79.257 0.1250000000
101721  -6.943  14.537  78.497 0.1250000000
102422  -8.238  16.413  82.139 0.1250000000
103118  -6.885  16.389  79.519 0.1250000000
119074  -25.347  -15.899  66.167 0.2500000000
119161  -18.178  -27.254  86.528 0.8750000000
119209  -9.252  -42.678  91.870 0.7500000000
119384  -19.359  -17.081  78.258 0.5000000000
119435  -12.995  -4.196  79.282 0.2500000000
119480  -20.653  -23.554  78.790 0.7500000000
119588  -22.793  -46.703  81.137 0.5000000000
119700  -6.581  -41.614  86.718 0.2500000000
119742  -14.542  -15.776  84.982 0.5000000000
119751  -39.168  -24.236  67.751 0.8750000000
119817  -47.354  -21.725  67.376 0.8750000000
119892  -26.161  -15.029  80.107 0.1250000000
119919  -21.539  -11.046  85.652 0.1250000000
119948  -20.254  -45.809  83.973 0.5000000000
119971  -36.337  -23.979  62.617 0.8750000000
120029  -8.591  -17.063  90.859 0.7500000000
120031  -20.546  -32.490  79.609 1.0000000000
120043  -17.907  -17.124  76.467 0.5000000000
120213  -10.285  -42.972  91.111 0.7500000000
120282  -14.444  -21.183  81.065 0.5000000000
120329  -17.823  -27.873  85.639 0.8750000000
120356  -37.685  -22.229  73.097 1.0000000000
120358  -16.033  -21.242  77.446 0.6250000000
120392  -18.950  -25.122  85.043 0.6250000000
120491  -27.981  -16.890  71.695 0.1250000000
120528  -21.364  -10.474  81.139 0.1250000000
120631  -15.663  -13.927  78.546 0.3750000000
120651  -26.703  -38.113  76.924 0.8750000000
120741  -22.397  -13.035  74.045 0.1250000000
120743  -39.401  -26.808  69.916 0.2500000000
120772  -14.404  -14.775  84.389 0.3750000000
120774  -14.539  -17.701  83.842 0.5000000000
120843  -36.731  -24.110  67.324 0.8750000000
120931  -34.126  -36.675  81.242 0.1250000000
121024  -21.687  5.261  81.955 0.1250000000
121237  -32.919  -37.898  82.636 0.5000000000
121270  -35.800  -23.704  60.857 0.8750000000
121281  -8.929  -41.285  91.401 0.8750000000
121471  -18.989  -24.049  77.260 0.7500000000
121531  -14.692  -13.835  82.459 0.3750000000
121560  -22.491  -25.778  83.788 0.7500000000
121573  -22.227  -15.196  84.962 0.2500000000
121589  -23.151  -26.881  68.179 0.7500000000
121612  -24.612  -23.201  70.245 0.7500000000
121690  -5.692  -38.925  83.553 0.2500000000
121766  -21.504  -11.815  83.553 0.1250000000
121768  -12.269  -17.293  89.631 0.7500000000
121812  -40.084  -21.519  76.643 1.0000000000
121823  -19.599  -32.765  72.983 1.0000000000
121848  -43.759  -15.779  55.667 0.7500000000
121937  -18.026  -10.963  76.342 0.2500000000
121988  -19.619  5.894  82.970 0.1250000000
122167  -27.921  -16.881  79.959 0.2500000000
122210  -35.221  -24.009  65.572 0.8750000000
122221  -23.937  -17.316  80.222 0.3750000000
122412  -23.339  -14.499  74.105 0.1250000000
122418  -20.301  -16.895  80.118 0.3750000000
122446  -31.204  -1.748  77.935 0.1250000000
122604  -10.218  -33.358  76.144 0.7500000000
122703  -34.381  -24.123  62.890 0.8750000000
122806  -22.869  -44.996  82.388 0.5000000000
122838  -20.738  -14.293  79.062 0.3750000000
122855  -32.311  -21.572  67.240 0.8750000000
123028  -22.641  -4.103  79.375 0.1250000000
123152  -6.584  -42.968  88.404 0.3750000000
123195  -29.394  -25.673  65.617 0.8750000000
123225  -46.291  -23.020  69.194 0.8750000000
123239  -28.693  -16.976  81.889 0.2500000000
123322  -31.177  -1.544  76.881 0.1250000000
123393  -18.965  -23.433  76.112 0.7500000000
123588  -27.158  -3.082  79.077 0.1250000000
123652  -32.927  -27.869  73.559 1.0000000000
123763  -14.003  5.560  80.325 0.1250000000
123989  -23.613  -17.720  76.940 0.5000000000
124029  -20.594  -8.748  80.346 0.1250000000
124130  -23.788  -2.336  79.447 0.1250000000
124160  -23.709  -14.019  85.448 0.1250000000
124235  -19.957  -21.344  76.043 0.6250000000
124254  -19.912  -22.072  78.097 0.7500000000
124453  -18.548  -9.862  76.531 0.1250000000
124522  -17.842  -14.166  76.336 0.3750000000
124551  -19.794  -34.461  69.014 1.0000000000
124583  -21.098  -24.201  80.711 0.7500000000
124753  -30.607  -33.010  78.789 1.0000000000
124846  -19.133  -26.090  87.468 0.7500000000
124877  -48.145  -19.590  61.567 1.0000000000
124892  -10.304  0.879  81.803 0.5000000000
125033  -22.725  -17.341  81.399 0.2500000000
125051  -27.546  -9.786  83.248 0.1250000000
125064  -11.509  -28.415  77.147 0.8750000000
125123  -26.374  -8.647  82.342 0.2500000000
125164  -20.176  -21.190  75.015 0.7500000000
125172  -41.080  -20.241  56.139 0.7500000000
125189  -26.469  -16.590  70.634 0.1250000000
125240  -20.990  -39.195  72.474 0.8750000000
125463  -19.759  -21.376  73.656 0.6250000000
125485  -22.265  -25.083  71.608 0.8750000000
125501  -25.467  -24.412  70.982 0.6250000000
125564  -29.167  -3.751  80.136 0.1250000000
125627  -47.999  -9.086  53.337 0.2500000000
125694  -45.415  -14.844  69.160 0.3750000000
125779  -7.607  -45.894  90.060 0.5000000000
125802  -49.057  -10.427  55.189 0.5000000000
125817  -21.811  -17.402  75.206 0.6250000000
125837  -27.656  -16.065  84.134 0.3750000000
126057  -27.863  -14.028  83.009 0.1250000000
126062  -27.058  -21.887  76.681 0.5000000000
126145  -8.571  -44.919  90.715 0.6250000000
126308  -41.007  -21.332  75.873 1.0000000000
126470  -14.899  -20.825  78.484 0.5000000000
126497  -19.354  -34.160  71.218 1.0000000000
126529  -20.206  -11.983  77.154 0.3750000000
126612  -14.872  -15.694  79.811 0.5000000000
126614  -23.401  -10.007  77.198 0.1250000000
126655  -18.417  -23.140  72.599 0.7500000000
126713  -21.678  -14.485  83.166 0.2500000000
126803  -14.315  -18.892  80.973 0.5000000000
126807  -29.761  -20.332  78.889 0.2500000000
126847  -39.032  -23.946  66.043 0.8750000000
127010  -24.220  -14.423  64.917 0.3750000000
127012  -19.662  -1.023  83.485 0.1250000000
127138  -12.737  2.863  81.888 0.3750000000
127282  -24.333  -16.136  60.657 0.5000000000
127356  -25.470  -18.750  77.213 0.5000000000
127422  -37.326  -25.983  80.203 1.0000000000
127495  -40.996  -6.594  72.570 0.1250000000
127501  -48.771  -19.793  63.026 1.0000000000
127604  -31.697  -35.135  82.813 0.7500000000
127644  -8.628  -21.150  91.669 0.8750000000
127660  -24.125  2.371  81.043 0.1250000000
127684  -9.157  -45.190  90.889 0.5000000000
127712  -23.359  -12.213  77.447 0.1250000000
127734  -21.952  -17.323  76.083 0.5000000000
127949  -26.176  -28.852  64.421 0.7500000000
127973  -26.817  -18.765  80.578 0.3750000000
128085  -27.674  -23.817  77.364 0.5000000000
128180  -14.196  2.660  79.458 0.2500000000
128247  -20.056  -4.794  84.775 0.1250000000
128330  -18.296  -28.900  71.053 0.8750000000
128336  -19.555  -32.476  71.715 1.0000000000
128354  -13.152  -7.175  79.957 0.3750000000
128418  -49.034  -8.116  61.638 0.2500000000
128537  -27.481  -23.643  74.445 0.6250000000
128571  -21.710  -17.301  77.033 0.5000000000
128581  -21.338  -8.157  84.613 0.1250000000
128665  -21.415  -43.779  85.175 0.7500000000
128731  -12.924  -29.549  83.034 1.0000000000
128845  -26.640  -14.102  84.329 0.1250000000
128858  -20.341  -7.589  85.120 0.1250000000
128939  -4.539  -30.760  70.472 0.8750000000
128971  -47.756  -23.043  64.320 0.5000000000
128972  -15.297  -19.934  77.127 0.5000000000
129027  -24.363  -27.832  65.752 0.7500000000
129090  -17.597  -7.876  77.225 0.1250000000
129192  -49.344  -9.897  53.443 0.2500000000
129265  -15.493  -17.167  77.328 0.5000000000
129276  -7.812  -19.154  72.543 0.8750000000
129361  -28.199  -5.550  81.349 0.1250000000
129446  -17.147  -7.044  77.424 0.1250000000
129483  -28.154  -37.016  79.052 1.0000000000
129501  -6.303  -4.111  85.520 0.5000000000
129650  -8.348  -41.991  91.326 0.7500000000
129687  -28.332  -16.362  82.188 0.2500000000
129765  -22.094  -29.739  83.345 1.0000000000
129780  -31.203  -34.083  81.069 0.8750000000
129839  -25.290  -12.116  80.226 0.1250000000
129940  -18.595  -30.176  73.344 0.8750000000
130043  -26.160  -1.735  79.045 0.1250000000
130049  -18.448  -27.953  68.883 0.7500000000
130131  -29.795  -2.093  79.135 0.1250000000
130208  -29.665  -20.213  78.136 0.3750000000
130258  -36.962  -33.981  80.446 0.3750000000
130273  -23.323  -21.799  66.854 0.5000000000
130297  -28.284  -10.802  83.253 0.1250000000
130363  -7.037  -47.037  89.192 0.3750000000
130386  -32.549  -1.885  75.168 0.1250000000
130390  -15.429  -13.036  79.884 0.3750000000
130392  -19.321  -7.331  78.249 0.1250000000
130421  -30.139  -36.612  83.231 0.7500000000
130437  -28.283  -4.663  80.529 0.1250000000
130687  -26.783  -11.984  81.566 0.1250000000
130971  -41.814  -23.271  71.044 0.8750000000
131178  -20.568  -29.175  65.129 0.8750000000
131202  -7.666  -14.266  89.840 0.7500000000
131309  -13.871  -0.925  77.954 0.2500000000
131326  -21.988  -28.899  64.277 0.8750000000
131394  -42.340  -25.700  74.954 0.8750000000
131682  -32.517  -33.747  80.740 0.8750000000
131691  -24.782  -32.500  66.464 1.0000000000
132123  -19.778  -31.003  75.049 0.8750000000
132130  -29.766  -20.498  57.499 0.7500000000
132187  -44.477  -20.554  59.858 1.0000000000
132237  -20.307  -31.041  66.438 0.8750000000
132419  -44.686  -24.069  71.066 0.7500000000
132433  -24.445  2.500  81.999 0.1250000000
132450  -42.985  -11.345  74.748 0.1250000000
132493  -9.554  -6.225  85.469 0.5000000000
132514  -29.662  -19.579  81.180 0.3750000000
132517  -36.739  -32.507  80.572 0.7500000000
132534  -17.399  -2.571  82.686 0.2500000000
132975  -33.699  -35.837  81.598 0.3750000000
133007  -37.354  -21.412  75.050 1.0000000000
133046  -7.017  -40.096  87.912 0.5000000000
133063  -7.081  -1.922  87.329 0.5000000000
133155  -22.349  -23.328  71.880 0.7500000000
133187  -38.508  -24.188  79.204 1.0000000000
133256  -21.419  -26.815  81.691 0.8750000000
133362  -21.152  -0.107  83.587 0.1250000000
133375  -7.813  -6.125  80.725 0.5000000000
133434  -30.775  -31.556  72.561 1.0000000000
133469  -10.270  -40.777  91.614 0.8750000000
133568  -20.598  -22.155  77.931 0.6250000000
133586  -10.488  -44.585  90.781 0.7500000000
133608  -43.060  -11.608  74.427 0.1250000000
133717  -56.518  3.073  34.943 0.3750000000
133803  -38.766  -25.812  78.834 1.0000000000
133811  -14.970  6.118  79.669 0.1250000000
133851  -34.216  -10.375  76.924 0.1250000000
133927  -56.992  0.846  48.632 0.6250000000
134014  -51.186  -2.357  34.444 0.1250000000
134033  -28.887  -1.331  76.354 0.1250000000
134079  -29.487  -18.526  81.367 0.2500000000
134177  -34.922  -31.096  80.383 0.6250000000
134365  -24.916  -27.616  66.072 0.7500000000
134437  -28.340  -17.287  79.899 0.2500000000
134456  -30.087  -21.742  57.678 0.7500000000
134811  -5.615  -43.882  73.399 0.1250000000
135305  -30.216  -33.383  78.753 1.0000000000
135308  -41.945  -22.010  60.871 0.8750000000
135366  -20.437  -4.722  84.090 0.1250000000
135381  -26.924  -18.387  84.644 0.3750000000
135384  -44.323  -18.910  56.583 1.0000000000
135455  -46.212  -22.658  69.099 0.8750000000
135574  -28.772  -17.939  58.474 0.6250000000
135719  -32.487  -33.451  80.595 0.8750000000
135946  -8.436  -44.229  90.715 0.6250000000
136025  -31.435  -34.448  81.498 0.8750000000
136042  -30.379  -22.954  61.359 0.7500000000
136057  -21.859  -29.601  83.555 1.0000000000
136147  -7.932  -42.948  90.904 0.7500000000
136475  -32.309  -35.415  82.455 0.7500000000
136476  -57.286  2.163  42.959 0.6250000000
136613  -40.921  -15.739  56.879 0.6250000000
136681  -27.669  -19.219  84.053 0.3750000000
136748  -7.266  -40.301  88.390 0.5000000000
136936  -26.258  -18.359  80.866 0.3750000000
136973  -45.869  -15.680  55.571 0.7500000000
136997  -14.204  -19.779  82.078 0.5000000000
137007  -24.126  -24.469  68.637 0.6250000000
137026  -19.327  -31.141  70.056 0.8750000000
137153  -33.378  -38.838  82.564 0.1250000000
137289  -31.290  -31.700  76.601 1.0000000000
137340  -36.104  -25.964  80.243 1.0000000000
137347  -46.209  -17.077  55.983 0.8750000000
137586  -44.223  -22.846  71.756 1.0000000000
137594  -20.181  -36.742  70.611 1.0000000000
137638  -27.740  -24.206  65.302 0.7500000000
137694  -27.178  -16.933  84.605 0.3750000000
137718  -53.260  -9.661  59.842 0.3750000000
137861  -21.610  -16.887  82.626 0.3750000000
137871  -14.455  -27.760  87.755 0.8750000000
137892  -30.531  -32.605  77.280 1.0000000000
137899  -42.789  -25.524  67.854 0.3750000000
137911  -31.298  -1.650  77.411 0.1250000000
138108  -17.940  -3.930  79.498 0.2500000000
138267  -30.640  -36.522  83.783 0.7500000000
138277  -22.201  -29.493  81.759 0.8750000000
138333  -21.621  -13.304  82.085 0.2500000000
138350  -28.028  -20.396  73.660 0.1250000000
138485  -44.292  -17.178  55.626 0.7500000000
138628  -21.947  -26.730  82.059 0.8750000000
138635  -6.242  -25.806  68.034 0.2500000000
138659  -27.322  -2.238  78.988 0.1250000000
138662  -8.325  11.385  75.210 0.1250000000
138676  -19.599  -29.215  66.234 0.7500000000
138714  -18.790  -22.543  74.039 0.7500000000
138801  -22.033  -17.789  74.137 0.6250000000
138823  -31.690  -1.771  77.620 0.1250000000
138832  -34.792  -35.051  81.161 0.1250000000
138868  -12.059  4.597  72.524 0.1250000000
138876  -49.023  -10.371  55.865 0.3750000000
138896  -36.628  -23.534  61.226 0.8750000000
138977  -57.647  -5.930  50.322 0.6250000000
139014  -33.578  -24.632  71.997 0.8750000000
139206  -28.195  -17.078  83.719 0.2500000000
139228  -24.472  -18.262  84.119 0.2500000000
139274  -20.429  3.728  79.880 0.1250000000
139297  -17.985  -2.330  84.471 0.1250000000
139306  -21.549  -12.888  84.671 0.1250000000
139488  -12.807  -1.726  78.246 0.2500000000
139503  -17.771  -17.617  76.268 0.5000000000
139586  -18.936  -1.384  83.885 0.2500000000
139589  -53.272  -11.445  55.422 0.3750000000
139596  -6.802  -43.856  89.441 0.5000000000
139604  -26.741  -10.441  65.224 0.2500000000
139665  -22.892  -17.214  80.424 0.5000000000
139667  -11.478  -30.647  74.246 0.8750000000
139688  -10.909  7.935  79.863 0.1250000000
139792  -9.175  -44.987  91.109 0.7500000000
139812  -29.319  -9.616  82.665 0.1250000000
139862  -12.215  -32.533  77.558 0.8750000000
140009  -32.232  -32.079  79.719 1.0000000000
140117  -28.530  -9.645  80.804 0.1250000000
140147  -29.317  -18.792  76.439 0.2500000000
140299  -6.386  -18.694  76.639 0.8750000000
140309  -13.118  -46.384  89.284 0.5000000000
140343  -11.359  -31.689  90.656 0.8750000000
140356  -29.478  -21.426  79.413 0.3750000000
140517  -14.770  -15.065  82.168 0.3750000000
140550  -22.095  -10.054  84.967 0.1250000000
140668  -11.443  6.832  72.769 0.1250000000
140688  -19.281  11.526  79.539 0.1250000000
140742  -32.676  -26.323  70.358 0.8750000000
140774  -23.854  -15.224  62.198 0.5000000000
140776  -31.127  -37.342  84.047 0.6250000000
140884  -27.132  0.259  78.241 0.1250000000
140910  -53.533  -10.230  59.305 0.3750000000
140918  -12.365  -38.456  89.375 0.8750000000
140934  -25.682  -27.061  66.119 0.7500000000
141022  -39.556  -32.352  77.477 0.2500000000
141131  -29.944  -22.734  58.909 0.7500000000
141153  -5.425  -47.930  84.129 0.1250000000
141166  -21.032  -7.707  84.759 0.1250000000
141263  -28.699  -41.847  85.143 0.7500000000
141280  -20.870  -15.482  80.398 0.3750000000
141287  -28.642  -33.387  73.480 1.0000000000
141289  -18.187  -34.724  85.811 1.0000000000
141371  -29.121  -10.527  82.214 0.1250000000
141385  -21.990  -17.314  81.396 0.5000000000
141530  -26.605  -2.864  78.838 0.1250000000
141559  -31.710  -27.906  68.840 0.8750000000
141619  -14.599  -0.933  78.144 0.2500000000
141621  -12.280  -0.807  78.174 0.2500000000
141672  -45.058  -13.408  57.348 0.7500000000
141691  -56.678  1.855  47.584 0.6250000000
141692  -25.130  -16.407  71.181 0.1250000000
141780  -31.021  -10.816  73.960 0.1250000000
141902  -56.881  2.798  36.634 0.3750000000
141971  -23.689  -10.154  77.763 0.1250000000
141974  -26.990  -16.741  71.794 0.1250000000
142009  -27.706  -22.336  77.939 0.5000000000
142043  -20.682  -18.724  74.046 0.6250000000
142105  -15.493  -13.994  79.282 0.3750000000
142134  -27.719  -23.951  75.100 0.6250000000
142156  -22.055  8.516  81.287 0.1250000000
142218  -8.910  -44.371  91.165 0.7500000000
142220  -29.595  -20.300  80.690 0.3750000000
142233  -52.034  -9.018  60.345 0.3750000000
142249  -6.007  -40.884  77.786 0.1250000000
142304  -21.910  -2.734  80.361 0.1250000000
142331  -57.642  -7.414  52.395 0.8750000000
142365  -22.363  -14.037  70.551 0.1250000000
142392  -7.806  2.320  74.512 0.1250000000
142396  -26.683  -5.146  76.515 0.1250000000
142454  -22.751  -12.956  75.355 0.1250000000
142497  -26.956  -17.583  68.802 0.3750000000
142543  -16.654  -0.416  79.025 0.2500000000
142549  -16.050  -34.056  81.477 1.0000000000
142650  -9.622  -18.985  76.332 0.7500000000
142662  -15.104  -13.773  81.121 0.3750000000
142666  -25.506  -34.835  70.739 1.0000000000
142720  -7.512  -42.026  90.374 0.6250000000
142745  -25.729  -10.858  64.525 0.3750000000
142793  -20.379  -33.098  67.093 1.0000000000
142812  -6.786  -19.257  80.129 0.8750000000
142818  -48.260  -9.932  64.529 0.1250000000
142837  -13.251  -13.902  85.842 0.6250000000
142846  -19.179  -32.845  75.405 1.0000000000
142916  -21.275  -39.769  73.474 0.8750000000
142976  -16.429  -7.065  77.595 0.2500000000
143079  -37.370  -34.443  79.936 0.1250000000
143183  -57.535  -3.389  41.694 0.2500000000
143204  -5.629  -23.777  87.292 1.0000000000
143214  -19.768  -27.021  80.730 0.8750000000
143269  -26.549  -4.177  79.231 0.1250000000
143288  -27.058  -22.914  63.036 0.7500000000
143299  -28.784  -17.708  73.967 0.2500000000
143357  -44.188  -23.544  72.672 0.8750000000
143410  -7.203  -19.056  80.187 0.8750000000
143479  -9.429  -2.499  81.430 0.3750000000
143500  -32.179  -35.742  82.998 0.7500000000
143506  -27.944  -19.475  83.703 0.3750000000
143532  -5.685  -43.473  74.684 0.1250000000
143547  -25.917  -16.394  73.814 0.2500000000
143625  -23.442  -22.884  66.215 0.5000000000
143640  -11.882  4.109  72.946 0.1250000000
143668  -23.929  -19.486  72.908 0.6250000000
143721  -8.552  -29.831  72.831 0.8750000000
143775  -32.819  -18.992  58.079 0.6250000000
143793  -22.318  -10.850  85.333 0.1250000000
143812  -6.807  -4.706  73.099 0.2500000000
143867  -6.363  -22.623  91.573 1.0000000000
143886  -19.869  -39.759  76.618 0.8750000000
143892  -26.237  0.725  80.769 0.1250000000
143900  -31.330  -41.915  83.779 0.5000000000
143919  -10.324  -7.168  85.293 0.5000000000
143946  -32.473  -22.858  63.697 0.8750000000
143949  -24.480  -41.599  84.283 0.7500000000
143976  -31.964  -3.164  79.208 0.1250000000
