global_signal	global_signal_derivative1	global_signal_derivative1_power2	global_signal_power2	csf	csf_derivative1	csf_derivative1_power2	csf_power2	white_matter	white_matter_derivative1	white_matter_derivative1_power2	white_matter_power2	csf_wm	tcompcor	std_dvars	dvars	framewise_displacement	rmsd	t_comp_cor_00	t_comp_cor_01	t_comp_cor_02	t_comp_cor_03	c_comp_cor_00	c_comp_cor_01	c_comp_cor_02	c_comp_cor_03	c_comp_cor_04	c_comp_cor_05	c_comp_cor_06	c_comp_cor_07	c_comp_cor_08	c_comp_cor_09	c_comp_cor_10	c_comp_cor_11	w_comp_cor_00	w_comp_cor_01	w_comp_cor_02	w_comp_cor_03	w_comp_cor_04	w_comp_cor_05	w_comp_cor_06	w_comp_cor_07	w_comp_cor_08	w_comp_cor_09	w_comp_cor_10	w_comp_cor_11	w_comp_cor_12	w_comp_cor_13	w_comp_cor_14	w_comp_cor_15	w_comp_cor_16	w_comp_cor_17	w_comp_cor_18	w_comp_cor_19	w_comp_cor_20	w_comp_cor_21	w_comp_cor_22	w_comp_cor_23	w_comp_cor_24	w_comp_cor_25	w_comp_cor_26	w_comp_cor_27	w_comp_cor_28	w_comp_cor_29	w_comp_cor_30	w_comp_cor_31	a_comp_cor_00	a_comp_cor_01	a_comp_cor_02	a_comp_cor_03	a_comp_cor_04	a_comp_cor_05	a_comp_cor_06	a_comp_cor_07	a_comp_cor_08	a_comp_cor_09	a_comp_cor_10	a_comp_cor_11	a_comp_cor_12	a_comp_cor_13	a_comp_cor_14	a_comp_cor_15	a_comp_cor_16	a_comp_cor_17	a_comp_cor_18	a_comp_cor_19	a_comp_cor_20	a_comp_cor_21	a_comp_cor_22	a_comp_cor_23	a_comp_cor_24	edge_comp_00	edge_comp_01	edge_comp_02	edge_comp_03	edge_comp_04	edge_comp_05	edge_comp_06	edge_comp_07	edge_comp_08	edge_comp_09	edge_comp_10	edge_comp_11	edge_comp_12	edge_comp_13	edge_comp_14	edge_comp_15	edge_comp_16	edge_comp_17	edge_comp_18	edge_comp_19	edge_comp_20	edge_comp_21	edge_comp_22	edge_comp_23	cosine00	cosine01	cosine02	non_steady_state_outlier00	trans_x	trans_x_derivative1	trans_x_derivative1_power2	trans_x_power2	trans_y	trans_y_derivative1	trans_y_derivative1_power2	trans_y_power2	trans_z	trans_z_derivative1	trans_z_power2	trans_z_derivative1_power2	rot_x	rot_x_derivative1	rot_x_derivative1_power2	rot_x_power2	rot_y	rot_y_derivative1	rot_y_power2	rot_y_derivative1_power2	rot_z	rot_z_derivative1	rot_z_power2	rot_z_derivative1_power2
710.272876651056	n/a	n/a	504487.5593061662	667.8963430763611	n/a	n/a	446085.5250947762	642.4232159981767	n/a	n/a	412707.58845344	657.7525316305434	747.8588085850188	n/a	n/a	n/a	n/a	0.0	0.0	0.0	0.0	0.0	0.0	0.0	0.0	0.0	0.0	0.0	0.0	0.0	0.0	0.0	0.0	0.0	0.0	0.0	0.0	0.0	0.0	0.0	0.0	0.0	0.0	0.0	0.0	0.0	0.0	0.0	0.0	0.0	0.0	0.0	0.0	0.0	0.0	0.0	0.0	0.0	0.0	0.0	0.0	0.0	0.0	0.0	0.0	0.0	0.0	0.0	0.0	0.0	0.0	0.0	0.0	0.0	0.0	0.0	0.0	0.0	0.0	0.0	0.0	0.0	0.0	0.0	0.0	0.0	0.0	0.0	0.0	0.0	0.0	0.0	0.0	0.0	0.0	0.0	0.0	0.0	0.0	0.0	0.0	0.0	0.0	0.0	0.0	0.0	0.0	0.0	0.0	0.0	0.0	0.0	0.0	0.0	0.0	0.0	0.0	1.0	0.1241245995016413	n/a	n/a	0.0154069162014428	-0.0680948220902166	n/a	n/a	0.0046369047954982	-0.0979985468306239	n/a	0.0096037151809139	n/a	-0.0008611036381563	n/a	n/a	7.414994756460162e-07	-0.0005041777002858	n/a	2.54195153465478e-07	n/a	0.0015732861172575	n/a	2.47522920675518e-06	n/a
705.6626872340462	-4.610189417009792	21.253846460709088	497959.8281543753	657.3673929305974	-10.528950145763702	110.85879117197749	432131.8892883704	642.7555150166774	0.3322990185006347	0.1104226376964851	413134.6520843541	653.9125966121849	733.0125001184947	1.179058	20.954731	0.1286541462756609	0.0768550811241452	-0.1020767652	0.0042298047	-0.0404081525	0.1043621316	0.036889826	-0.0313987193	0.0914948981	-0.0722716354	0.041337655	-0.0078219147	-0.0077936763	0.0585630852	-0.1122341576	0.0732932937	-0.0089553832	0.0266418038	-0.0117081201	0.0987811835	-0.0139504088	0.0060929074	-0.0234658291	0.0170152943	-0.0908742781	0.0686341316	-0.0202195641	0.1175873421	-0.028373543	0.0182971513	-0.002296689	0.0898839571	-0.1805148858	0.0447109489	-0.1037765378	0.0656784831	-0.1161041286	0.0052717017	-0.1299623827	0.0030217896	-0.0887314563	0.055479077	-0.0687710989	0.004870881	-0.0853650494	0.0090483757	-0.0674305986	-0.0089546903	0.0937163026	-0.0472016343	0.0210118969	-0.0591888612	0.0947933764	-0.1123953889	0.0171265288	-0.0671531517	0.0868294898	0.0377607931	-0.0192119569	0.0062144096	-0.181350165	0.1009057254	-0.0328617288	0.1603378286	-0.0567044405	0.0143456927	-0.1659517854	0.0391352457	-0.0252858076	-0.1575250539	0.0010947761	-0.2118014858	0.1010580869	-0.0988667363	0.1324426047	-0.0829975318	0.0114077361	-0.0125267757	0.0374402473	-0.111904822	0.1487107139	-0.0058716114	0.235309255	-0.1809105631	-0.1667249277	0.1138201837	-0.168857249	0.0832287641	-0.1452901837	0.0027706281	-0.1043316337	0.0520462039	-0.0187490824	0.1119544337	-0.1530934548	0.121694412	-0.1458922814	0.0021936794	-0.1153885408	0.1158504512	0.1158311377	0.115798951	0.0	0.1023336050942163	-0.021790994407425	0.0004748474372644	0.010472166731579	-0.0206505562399854	0.0474442658502312	0.0022509583620674	0.0004264454730207	-0.0415032752483242	0.0564952715822996	0.0017225218563381	0.0031917157111577	-0.0009181059560486	-5.700231789229995e-05	3.2492642450948187e-09	8.429185465319139e-07	-0.0005027225060996	1.4551941862000302e-06	2.527299181390624e-07	2.117590119550368e-12	0.0015732713406219	-1.4776635600018129e-08	2.47518271122223e-06	2.1834895965572316e-16
702.5129685089215	-3.1497187251246714	9.920728047400983	493524.47092321696	653.5099511797578	-3.857441750839598	14.879856861120464	427075.2562909694	641.3728397612426	-1.3826752554347197	1.9117908619914668	411359.1195834006	651.9797783832327	719.8633542333702	1.076695	19.13549	0.1031087287866046	0.0541924484517495	-0.0327153574	0.0495151888	-0.0543213751	0.0687531407	0.1245041982	-0.0138279232	-0.0125243214	0.05920535	0.0017092007	0.079196124	-0.0621358698	0.0538870307	-0.0808783028	0.1066482987	0.0049235592	0.0461734869	0.035046761	-0.0886780674	-0.10494232	-0.0419979612	-0.048936373	-0.0665900462	0.0863755927	0.0295325828	0.0360724013	0.0407764029	-0.0598656734	0.0882737028	0.0508047836	0.199181449	-0.0231870044	0.2069024996	-0.1344461232	0.0730161818	0.083522263	0.0797469651	-0.0657966674	-0.0985641941	0.0055986833	-0.061910486	-0.1974594943	-0.0107065608	0.0610325184	0.119994167	0.086458542	-0.192580374	0.0554517677	0.0251545722	0.1403833516	0.0283005624	0.023996999	-0.0616811945	-0.0712992953	0.0262944822	0.0415142289	0.0255051742	0.0264517997	0.0262594414	-0.2090969601	-0.006026383	0.0160268548	0.1273787356	-0.1157541185	0.0586176671	-0.1030739642	0.1892278738	0.0581078822	-0.2364515576	0.0179163042	-0.0296983901	0.1298860671	0.0634725508	-0.0506364826	-0.0971345653	0.0783520918	-0.0754081398	0.0712840491	-0.1053161401	0.0011219581	-0.0641853775	0.1744358236	-0.1689921047	-0.1274620144	0.0595272457	-0.1724626783	0.0824739747	-0.1466261074	-0.1990714531	-0.1334027088	0.0853962706	0.0877031574	0.029154747	0.089620923	0.1935696152	0.0901222666	0.0547583914	0.0385094113	0.115798951	0.1156251942	0.1153357926	0.0	0.095064097403025	-0.0072695076911912	5.2845742072289366e-05	0.0090371826150518	-0.0587090174331592	-0.0380584611931738	0.0014484464683923	0.0034467487279669	-0.0042607706471997	0.0372425046011245	1.8154166508038547e-05	0.0013870041489647	-0.0007326097764495	0.000185496179599	3.440883264586155e-08	5.367170845493864e-07	-0.0005575143847518	-5.479187865220004e-05	3.1082228920517813e-07	3.002149966237414e-09	0.0014027942928509	-0.000170477047771	1.967831828055057e-06	2.906242381671585e-08
699.7516948400039	-2.7612736689176245	7.624632274657799	489652.434431458	650.6541485944797	-2.85580258527807	8.15560840608091	423350.82108320727	640.3619755456982	-1.010864215544416	1.0218464622682273	410063.4597247894	649.2419201746281	687.9396029791975	1.10975	19.722963	0.0703189533913804	0.0387141727692603	0.111484409	0.0125825603	-0.0853628563	0.1093188765	0.1083628377	-0.1113527294	-0.0692448485	0.0126015146	-0.1366660123	0.0237420652	-0.0656897932	-0.0299806176	-0.0476090412	0.076421285	0.0206157312	0.0534100507	-0.0469530756	-0.1366747967	-0.1393180324	-0.0925598451	0.1140812354	-0.0567589074	0.0129904671	0.0292565113	-0.0934328642	0.0388761287	-0.106575715	0.0099176482	-0.0136814655	0.0430695855	0.0168692896	-0.0622038862	-0.0036627331	-0.0282374936	0.0867014916	0.0526756962	-0.0133594508	-0.0375157226	-0.0363350282	-0.075789944	0.0423082041	0.0870895954	-0.0477695075	0.0817851539	-0.0153275047	-0.0973977109	0.0924312915	0.0026441295	0.0695075696	0.1264321642	0.0707480409	-0.0633928848	-0.0937335122	0.0125821239	-0.1006654602	-0.0178087869	-0.0893161072	0.0132011011	-0.070587305	0.0552712408	-0.0126495813	0.0190873656	-0.0554156092	0.0696395254	-0.1274994921	0.1033812906	0.0553316126	-0.0924783397	0.0311421768	-0.1256695648	-0.0374971061	0.0518753902	0.0668423289	-0.12962941	-0.0092950728	-0.087691845	0.1332854695	-0.0909805895	0.0389876244	-0.0193966392	0.0937075516	-0.0669233156	-0.0675707165	0.0896566505	-0.0080216455	-0.0021010671	-0.1468204383	0.0135407324	-0.2133382262	0.0538914261	-0.0117239482	-0.1084108171	0.143465367	0.0347774788	-0.0299739124	-0.1270441424	0.0011938195	0.1156959735	0.1152136733	0.1144113283	0.0	0.094475139964274	-0.000588957438751	3.468708646601483e-07	0.0089255520712691	-0.0477491364476918	0.0109598809854674	0.0001201189912156	0.0022799800315002	0.0307309659574173	0.034991736604617	0.0009443922686759	0.0012244216306068	-0.0005329788104637	0.0001996309659858	3.9852522580423655e-08	2.8406641240330064e-07	-0.0006629225737766	-0.0001054081890248	4.394663388225917e-07	1.1110886313487972e-08	0.0015733227050912	0.0001705284122403	2.475344334355491e-06	2.9079939381197748e-08
699.3780787214858	-0.3736161185180435	0.1395890040164887	489129.6969961569	649.9784781255405	-0.6756704689391881	0.4565305825965024	422472.02202639374	639.8808879482449	-0.4810875974533246	0.2314452764234121	409447.5507614343	647.3511899596713	677.9326447738938	0.953022	16.937529	0.1414907059039765	0.0646516973448818	0.1418604226	0.0159947606	-0.0706005316	0.0046798048	-0.0616097984	-0.1260284176	-0.1250988293	0.0466084832	-0.0559547221	0.0444910022	0.0566062967	0.0074224843	-0.0656279673	-0.1169628781	-0.0403557934	0.1210455559	-0.1698941276	-0.0667434323	0.0760741064	0.008523754	0.0323303983	-0.0403763127	0.0879953253	0.0094676485	-0.054836061	-0.0046785952	0.0896591342	0.0012933994	0.0501391118	0.0866330927	-0.0711366466	-0.0543628416	-0.0757331295	-0.015816108	-0.133136946	0.0554174311	-0.0012608033	0.0931024441	-0.0404233246	-0.0820893134	0.2717882976	-0.0064797017	-0.0399917541	-0.0851354866	-0.0941791472	-0.0776843242	-0.0728553911	-0.0800761249	-0.0986251623	0.1637983401	0.0126604663	0.0510521106	-0.0621533502	0.0433041255	-0.0086732051	-0.0764431543	0.041662645	0.0766034798	-0.0459264238	0.1028124048	-0.0241077101	0.0898056997	-0.0699048098	0.072984092	-0.0020981364	-0.0266643756	0.0726986884	0.0079931745	0.0130922871	-0.0918621429	0.0437862919	-0.1448959688	0.02933015	-0.1079794353	-0.0715867792	-0.0909746931	-0.0325721283	-0.1007210329	-0.0778433223	-0.029378555	0.0563014874	-0.0583720436	-0.0885911704	0.0250829609	-0.0355522005	-0.1161077911	-0.0509574939	0.0310766866	-0.0496848195	-0.01254191	0.0139000934	-0.0517001318	0.0532776713	0.0984684118	-0.1366243001	-0.1117255926	0.1269318103	0.1155415645	0.1145973067	0.1130292557	0.0	0.0675878488284809	-0.026887291135793	0.0007229264246208	0.0045681173092615	-0.0084440315710168	0.039305104876675	0.0015448912693664	7.130166917232843e-05	0.036868693982285	0.0061377280248676	0.0013593005959593	3.767170530724632e-05	-0.0009349451120654	-0.0004019663016017	1.6157690762334888e-07	8.741223625749834e-07	-9.404274064328531e-05	0.0005688798331333	8.844037067700228e-09	3.23624264545788e-07	0.0011609572024934	-0.0004123655025978	1.3478216260213015e-06	1.7004530773273621e-07
699.4880447666743	0.1099660451884574	0.0120925310943898	489283.524771505	651.8579750905618	1.8794969650213036	3.5325088415242902	424918.8196891675	639.1285110854046	-0.752376862840265	0.5660709437373589	408485.2536822462	647.7726385910798	683.5985360314476	1.065325	18.933422	0.05364050913255	0.0275854439707043	0.1210966712	0.0694885135	-0.0927741042	-0.098162508	-0.0203533577	0.0942012113	-0.1201472714	-0.0421148156	0.0025732833	-0.018382629	-0.0218274832	-0.083259067	0.0142088857	-0.0916342097	0.0545535722	0.1280715431	0.0196367287	-0.2409785143	0.0642215381	0.0864711266	0.1023493546	0.050766167	0.0263068642	-0.0341247233	0.0372055456	0.0212407187	0.1885279747	-0.0183219693	-0.1543007089	-0.0002972528	-0.2035437192	0.0541834931	0.0970079799	0.002340009	-0.022635082	0.1245600025	0.0016076747	-0.0074454449	0.1054027527	0.0648088369	-0.1326147431	0.1288190615	-0.0420975443	0.0103244244	0.015061177	-0.0458846573	-0.0813501234	0.0756738566	0.0381485197	0.0955774094	-0.1620967669	0.0010501485	0.0668241672	0.0768566061	-0.0597084524	-0.0989549395	0.0632372105	-0.1536187273	-0.064186711	-0.0333775597	0.0093448705	0.0433932109	-0.0480721133	0.0401965093	0.105058935	-0.1664290053	0.0938701876	-0.0419369471	0.0046429207	0.0737608452	0.1586487112	0.1273291504	0.0622146382	-0.0782950621	0.1150850506	-0.0777762015	-0.0022490114	-0.0670442931	-0.0440888746	0.0986060784	0.0451881004	-0.0784993577	-0.0538713445	0.0450565981	0.1921484609	0.0598773476	-0.0113517314	-0.0712592677	0.0110878576	-0.0128519811	0.068096953	-0.129168882	0.100239451	-0.0111645398	-0.1385076219	-0.011375986	-0.0604219081	0.1153357926	0.1137771902	0.1111951025	0.0	0.0657972071809638	-0.0017906416475171	3.206397509822772e-06	0.0043292724728146	0.0067372928812972	0.0151813244523139	0.0002304726121264	4.539111536837792e-05	0.0172510247187318	-0.0196176692635531	0.0002975978538462	0.0003848529473341	-0.0008358786985876	9.906641347780004e-05	9.814154279354444e-09	6.986931987524998e-07	-0.0002309411687821	-0.0001368984281388	5.33338234384424e-08	1.874117962687821e-08	0.0010559045687267	-0.0001050526337667	1.114934458257918e-06	1.1036055861320427e-08
701.1867836824686	1.6987389157942516	2.885713904033829	491662.905610965	651.7360219638726	-0.1219531266891635	0.0148725651092631	424759.8423252935	639.8925765610797	0.7640654756751246	0.5837960511186544	409462.5095379773	649.0500890347904	688.7749476004036	1.091322	19.395451	0.0765816015802057	0.0454240907341319	0.0909251565	0.0174158197	-0.1741069505	0.0555338462	0.0466021825	-0.0869988005	-0.033835662	-0.0995185467	-0.0527514844	-0.1728331968	0.0555450472	-0.0093981965	0.0383403322	-0.0906083997	-0.0220050459	0.0490867297	-0.1213096699	-0.1050668126	0.0513670995	-0.0827073061	0.1215361917	0.1213261439	-0.0702923186	-0.0668576726	-0.0122484214	0.0799123487	-0.0849232729	0.0062947479	0.031102639	0.0427670358	-0.0104643441	0.1437242467	-0.0440700126	-0.0904328882	-0.0395698207	-0.0461209466	0.079866407	0.0848388013	-0.0783370294	0.0766216516	-0.0672328867	-0.1008461064	-0.0052520526	0.0600967766	-0.1499269584	0.0890634612	-0.018727935	-0.1650935307	0.0125457432	0.1017097188	0.055051563	-0.0564646154	0.1028959775	-0.0716402629	-0.1118808651	-0.0985119558	0.0006355253	-0.0239108439	-0.0257972647	0.136349774	-0.0239637792	0.0602335082	0.0910985415	0.0867967908	-0.0150234691	0.0536012378	0.1334088904	0.056537702	-0.079707698	0.0374353018	-0.012840708	0.0222057634	-0.1167771837	-0.0753593601	-0.0674522041	-0.0527905614	0.066423635	-0.0845566617	0.1072719572	-0.0001601964	-0.0523282868	-0.1298000854	-0.0403892391	-0.0582500818	0.0222167109	-0.0506933138	-0.0984848243	0.1199759904	0.0613092938	-0.0541751887	0.0223586757	-0.0765648715	0.0211981085	0.0395531072	0.0875405113	-0.0042487012	0.1230752173	0.1150787493	0.1127547821	0.1089162049	0.0	0.0630991746172355	-0.0026980325637282	7.279379714938245e-06	0.0039815058373763	-0.0327276324259173	-0.0394649253072145	0.001557480329504	0.0010710979242059	0.0223030961205097	0.0050520714017779	0.0004974280965606	2.552342544866213e-05	-0.0003443278472707	0.0004915508513168	2.41622239430369e-07	1.1856166640607454e-07	-0.000326681919591	-9.574075080890004e-05	1.0672107658766061e-07	9.166291365451893e-09	0.0010559444127506	3.98440239001048e-08	1.1150186028192097e-06	1.5875462405521228e-15
701.6260574684012	0.4392737859326416	0.1929614590075963	492279.1245186522	650.3336990891347	-1.4023228747379335	1.9665094450132616	422933.9201709572	640.6848562140214	0.7922796529416019	0.627707048465265	410477.0849819812	649.3915930962283	699.8378233584785	1.058928	18.819733	0.0921214575435248	0.0454358562548419	0.0351438949	0.0467648352	-0.1640311317	-0.056169229	0.0420298986	-0.0565150405	-0.0936780474	0.0940559572	0.0198984486	0.0456367142	0.0380696545	-0.0194733118	-0.0124236732	-0.1054573283	0.0965793736	0.0903958083	-0.053211129	-0.0803855412	-0.0270140122	-0.0707721136	-0.1305558163	-0.0180053923	0.1007353306	-0.003162395	-0.0017985357	0.0083098836	-0.0318869517	0.0332069868	0.0841781569	-0.0458279958	0.0710539032	-0.0278434025	0.0111607168	0.0950980851	0.1603942231	-0.0127686111	-0.088004609	-0.0345174843	0.0570722162	0.0198588281	-0.1738774266	-0.0871429239	0.0774925629	0.0643373752	-0.0101577104	0.0632113414	0.0432537413	-0.0186739121	0.0272504069	0.0905286369	-0.006054426	0.0711777411	-0.0782750394	0.0363531941	0.0669525703	-0.0733397162	0.1264059639	-0.0333091962	-0.0751366526	-0.060872803	-0.0349181664	0.0160599344	0.1182808453	-0.0155712904	-0.0030044444	0.1484945	0.0808039664	-0.0190761282	0.0723113547	0.0188104618	-0.1020903189	-0.0856397663	0.0625560582	-0.050224458	0.0664290239	-0.0518645599	-0.0165719713	-0.0966759599	-0.1045793374	-0.1066215701	0.0529671111	-0.0908733524	-0.1192640947	-0.0647216322	0.0530311477	-0.0430286336	0.0347320044	-0.1562614136	0.0317382401	-0.0094086943	0.1513131066	0.057157479	-0.0925024372	-0.0620015205	0.0814410277	0.026896522	0.1200459755	0.1147705489	0.1115319001	0.1062016776	0.0	0.063065781939045	-3.339267819051084e-05	1.115070956735018e-09	0.0039772928515831	-0.0026406718291411	0.0300869605967762	0.0009052251979519	6.973147709219404e-06	-0.0043208268878842	-0.0266239230083939	1.8669544995063063e-05	0.0007088332763568	-0.0007150063801555	-0.0003706785328847	1.3740257474162776e-07	5.112341236630713e-07	1.0122629114484027e-05	0.0003368045487054	1.0246762018939968e-10	1.1343730402870478e-07	0.0010560049563636	6.054361299996126e-08	1.1151464678644888e-06	3.665529075089079e-15
701.4938032480519	-0.1322542203492958	0.0174911788002	492093.5559954165	653.8528049370459	3.519105847911192	12.384105968802746	427523.4905240426	641.2573472126039	0.5724909985825661	0.3277459434580637	411210.9853541461	649.9393810885656	695.4396969018255	1.117904	19.867868	0.0826152606557396	0.0423899555766447	0.0643336399	0.0364047786	0.0079457887	-0.0546496044	-0.0486173402	0.0491870863	-0.0669285892	-0.0713294082	-0.0772755335	-0.0882353576	-0.1176994705	-0.1150889065	0.0622761514	0.0876209801	0.1768139136	-0.0939620447	-0.061950687	-0.0734527475	-3.70799e-05	0.0820414486	0.0898353313	-0.0841385876	-0.0894946726	-0.028486376	-0.0558894366	0.0719607851	0.0119986674	0.0517972849	-0.0981909009	-0.0951975783	-0.0712901581	0.0495571692	0.0718123892	0.0337641877	-0.0731764081	0.0310249017	-0.0461769378	0.0151801524	0.0015366117	0.0818556172	0.029570048	-0.0734380415	0.1275372718	-0.0829219569	-0.0104623156	-0.0674665182	-0.0212788532	-0.0444862588	-0.0396376925	0.054727705	-0.0807582545	-0.0172613307	0.0665048417	-0.0029221326	-0.0993422595	0.0008001009	-0.0250599038	-0.1238011261	-0.1663150229	-0.0901855661	-0.0076979896	0.011433848	0.0320076287	-0.0946646117	-0.1069233825	-0.0848536518	-0.0833689922	0.0437480439	-0.0002930435	0.0075383169	0.036303839	-0.0196487055	0.028898439	-0.0598613088	-0.0171772224	-0.0343774867	0.0639829306	-0.0320205384	-0.0217914635	0.2066928268	0.0429114567	-0.0590716812	-0.0114790036	0.0070411736	0.1486990451	-0.015006218	0.0050641451	0.0377819002	0.0048795494	-0.0524042409	-0.0573234829	-0.0307197757	0.1187955295	-0.0663151638	-0.0352724864	0.0555581097	-0.063231679	0.1144113283	0.1101107184	0.103062378	0.0	0.0556964421216719	-0.007369339817373	5.4307169343920526e-05	0.0031020936650127	-0.0388453028773199	-0.0362046310481788	0.0013107753093347	0.0015089575556307	-0.0042053719229357	0.0001154549649484	1.768515301021591e-05	1.3329848931259283e-08	-0.000486383352285	0.0002286230278704	5.2268488872675406e-08	2.365687653799944e-07	-0.0002896958198668	-0.0002998184489812	8.392366804829745e-08	8.989110234954284e-08	0.0008059297367106	-0.000250075219653	6.495227405144171e-07	6.25376154844962e-08
702.438179945006	0.944376696954123	0.8918473457499794	493419.39664445264	654.0891426058273	0.2363376687814025	0.0558554936850279	427832.6064748263	642.2096749091743	0.9523276965703644	0.906928041655016	412433.2665469473	651.6497241376688	692.883302049351	1.035381	18.401232	0.1513509425076655	0.102040532899282	0.0543576684	-0.0231286662	0.0295606799	0.0237150715	0.0375393736	-0.062755386	0.0158338586	-0.1164034514	0.0061771544	-0.0364568844	0.1160442989	0.0209888419	0.010850639	0.1240877852	-0.0466432215	-0.0104976198	-0.0771480015	0.076170542	-0.0695282396	-0.0113711549	-0.1409863896	0.0820181165	-0.0581169154	0.070390182	0.0501470514	-0.0228583448	-0.0071428497	0.1046205653	0.0189377991	-0.0747060148	-0.0134424934	-0.0121342576	0.0196021275	-0.000646554	-0.0921725169	-0.0144271186	0.0429445222	0.1133150588	-0.0735473555	0.0475453614	0.0460257792	-0.1599886618	-0.1342779841	0.0612067714	-0.0198432047	0.1293019191	0.0046386872	-0.0595020352	0.0049641108	0.0199713945	0.0886704093	-0.0768254972	0.0294558089	-0.1186291872	0.1243041399	0.0071324383	-0.0067277268	0.0614551967	-0.0256300037	-0.0028086253	-0.006523386	0.0499995265	0.0551370054	-0.0747617299	-0.0986982834	-0.0421693337	-0.0653910277	0.1751945387	0.0513630711	0.1161119756	0.0590295906	-0.0116118335	0.0211684409	-0.0309905202	-0.0509193268	0.0043003938	-0.0808657305	-0.0586237422	0.1072779151	-0.0504892571	-0.1391301752	-0.0805708187	-0.0514612071	-0.0339168158	0.0016081756	-0.0610564577	0.0977097258	0.0722156067	0.074404603	-0.0796834008	-0.0691082197	0.0949870274	0.0120071724	0.0060207199	0.0561634842	-0.0224240007	0.0552034896	0.1140012473	0.1084937639	0.0995108621	0.0	0.0408815248595146	-0.0148149172621573	0.0002194817734845	0.0016712990748391	0.0609788970032667	0.0998241998805866	0.0099648708817993	0.003718425879735	0.0072235769085509	0.0114289488314866	5.2180063353749776e-05	0.0001306208713927	-0.0008308903540299	-0.0003445070017449	1.1868507425126057e-07	6.903787804199327e-07	-0.0003247822608973	-3.508644103049997e-05	1.0548351699356185e-07	1.2310583441867519e-09	0.0006798656488173	-0.0001260640878933	4.622173004417683e-07	1.5892154256369673e-08
702.1355675341052	-0.3026124109007924	0.09157427123119	492994.35519644007	653.2238719700887	-0.8652706357386251	0.7486932730715243	426701.4269115948	641.5741484581268	-0.6355264510474399	0.403893869980954	411617.3879697706	651.0675376347714	698.7573539775464	1.101478	19.575953	0.1064345585933746	0.0641929337247224	0.0177734453	-0.0029553855	0.028235139	-0.0936015971	0.0355457802	0.0552789144	-0.0818428184	0.1351553983	0.0452170699	0.0936050993	0.0015863856	0.0733827082	-0.0279115717	0.0934597059	0.0264145675	-0.1277521876	0.0642041048	-0.1219764533	-0.0357323118	0.0409292816	-0.0889611211	-0.0623288461	0.0375623161	0.0576820385	-0.0757167306	-0.0463447797	-0.0441282284	0.1165695948	-0.0774611219	0.0593016339	0.0350084223	0.0974028367	-0.0867999329	-0.0241240945	-0.0750138033	0.0474408523	-0.0868934097	0.1190659612	0.1187576382	0.0765887783	0.0140393764	0.062894938	-0.0520360061	-0.0445919413	0.0612405014	0.0694637539	0.0030455197	-0.1896332159	0.0684252387	0.0232498792	-0.0865727658	0.0505521185	-0.1384162243	0.0121639029	0.0096798715	0.0146504334	0.0930864497	0.088270132	-0.0871950337	0.0230574056	-0.0125588216	0.0327889287	0.0896387442	-0.1097579819	-0.1406748104	0.014891053	0.0277366647	0.0424378274	-0.0945503167	0.0954902127	-0.0058679102	-0.0203951982	-0.0482000917	-0.0037315157	0.1088705232	0.0048754273	0.0257814281	-0.0344684312	-0.156735163	-0.0492658109	0.0087704534	0.0071033624	-0.0308691162	-0.0739901089	-0.0125498477	-0.0051255161	0.0539927305	-0.0969036127	0.0681524319	-0.1369486509	0.0193105831	0.1006576093	0.0301328632	-0.175532176	0.0176820755	-0.0005829028	-0.0045511492	0.1135404882	0.1066839114	0.0955613349	0.0	0.0383468042998771	-0.0025347205596375	6.424808315449042e-06	0.001470477400013	0.0008561325205818	-0.0601227644826848	0.0036147468090403	7.329628927977462e-07	-0.0042283737896013	-0.0114519506981522	1.7879144904587257e-05	0.0001311471747929	-0.0003929465040402	0.0004379438499897	1.917948157438009e-07	1.5440695503741496e-07	-0.0001691229027329	0.0001556593581644	2.8602556228801958e-08	2.422983578415296e-08	0.0006269663999134	-5.289924890390001e-05	3.930868666203694e-07	2.798330534596766e-09
702.4887680061094	0.3532004720041186	0.1247505734239322	493490.4691747413	655.266434419639	2.04256244955036	4.172061360313166	429374.1000770271	641.1721196055743	-0.4020288525525757	0.1616271982847406	411101.6869595049	650.3427960778705	698.5905145078654	1.048331	18.631399	0.0675499574062988	0.0354432978200094	0.0251780789	-0.0206256946	0.0345858437	-0.0672641506	-0.1183944934	0.0099829131	-0.0164774976	-0.1125740298	-0.0228070405	-0.0909199267	-0.1502146392	0.0526404214	-0.0251271663	-0.0311435046	0.0388573548	-0.1249998262	-0.0276949912	0.0058058793	0.0693730696	0.0506505632	0.0869775838	-0.0755724338	-0.0517556952	-0.0052627908	-0.0624280019	-0.0368986066	-0.1155856616	0.1131342689	0.0358725661	-0.1860719866	0.1220040704	0.0562076653	0.0275578774	-0.0011842723	0.0310872076	0.0656703862	-0.1995748958	-0.0309574586	0.0164485437	-0.0103742572	0.0362889837	-0.1192828735	0.059481405	-0.1751630894	-0.0434911543	-0.024884764	0.0664775258	0.1958543434	-0.0891390065	0.0090773723	-0.0270168981	0.020251808	0.1109873945	-0.0177180457	-0.1354384012	0.0897814257	-0.0335873521	0.0175411793	-0.0439131576	-0.0506396551	0.0750643901	-0.1371109221	0.1033604734	-0.0117028149	-0.1668392792	0.0480238194	-0.0056217423	0.0561745544	0.0238601765	0.0527866652	0.0448749703	-0.090295318	-0.003058518	-0.0055086759	-0.0867508768	0.0300184261	0.0349816961	-0.0137056425	0.0097254946	0.1832302048	-0.0055976771	-0.0213553536	0.0473376076	-0.0640078484	-0.0453008471	-0.0874984173	-0.0525066222	0.0439138246	0.0386989299	-0.0582047587	0.0182913576	0.0762324175	0.1373758665	-0.1339523934	0.1301290362	0.012220765	0.0744838579	0.1130292557	0.1046843788	0.0912295932	0.0	0.0342817440888865	-0.0040650602109906	1.652471451897896e-05	0.0011752379777759	-0.0190644112397109	-0.0199205437602927	0.0003968280637057	0.0003634517759168	-0.0041430822273298	8.529156227149969e-05	1.716513034241606e-05	7.274650594713108e-09	-6.52762077507185e-05	0.0003276702962894	1.073678230704366e-07	4.260983298314962e-09	-0.0006620219137896	-0.0004928990110567	4.382730143376446e-07	2.429494351006729e-07	0.0006759783300221	4.9011930108699975e-05	4.569467026594671e-07	2.402169292980091e-09
703.0272837671113	0.5385157610019178	0.2899992248474746	494247.3617209624	654.673577692236	-0.5928567274030456	0.3514790992270492	428597.49332835217	640.7700261250758	-0.402093480498479	0.1616791670593807	410586.2263803304	651.126130466644	703.8753016417293	0.961223	17.083269	0.1591342712558073	0.0895563763172295	0.0009407392	-0.0347950876	-0.0404903843	0.0205723367	0.0639007577	-0.0045431412	0.0160137256	-0.0518851633	0.0025296929	-0.0103032687	0.1562478001	0.0594925943	-0.0168692439	-0.0061965107	-0.0757029625	0.0184696069	-0.0543806669	0.0187256794	0.0180553522	-0.0478542399	-0.1544026245	0.1116193796	-0.0913439083	0.0318084735	0.0447500085	0.0557743869	0.0205365778	-0.0835908486	0.0402306122	0.0423766119	0.1033028928	0.0055271875	-0.0606119179	0.0083559777	-0.0351535762	-0.0026634508	0.0054115258	-0.1880545285	0.106621032	-0.0745166636	0.0796824376	-0.0101886281	0.0477380372	-0.0597269451	-0.1001956397	-0.0861414818	-0.1094306092	0.0536661427	0.0359758988	0.0192695238	0.045201426	-0.060884404	0.0085704013	-0.1298015756	0.1397706277	-0.03506346	0.0102746754	0.0232128257	0.0723838975	0.0536725943	0.0035935986	-0.0372111647	-0.0309060556	-0.0124312417	0.072781346	0.064871846	0.0335486836	-0.0236290507	-0.0870723082	-0.0147049285	0.0418840959	0.0984267398	-0.0628188408	-0.0052475207	0.0006545755	0.0304693031	-0.0783471737	-0.0299165546	0.0991286756	-0.1011284108	-0.1441046995	-0.0390697232	0.0230658808	0.0163499298	-0.0035969795	-0.0149069562	0.0336175799	0.000203538	0.1490112435	-0.0049438654	-0.0329722332	0.095296577	0.0040871994	-0.0068821154	0.0210401085	-0.1536192591	0.0657154317	0.1124677771	0.1024987213	0.0865329627	0.0	0.0244589423450065	-0.0098228017438799	9.648743409957194e-05	0.0005982398606363	0.0608201147925768	0.0798845260322877	0.0063815374994032	0.0036990863633822	0.0214155228736458	0.0255586051009756	0.0004586246199516	0.0006532422947076	-0.0005908927988446	-0.0005256165910938	2.762728008331527e-07	3.49154299726405e-07	-0.0003142008178937	0.0003478210958959	9.872215396507005e-08	1.2097951475022486e-07	0.0006799074106056	3.929080583500006e-06	4.6227408699641205e-07	1.5437674231636746e-11
702.477502958159	-0.5497808089522778	0.3022589378922209	493474.6421623303	652.7311218092802	-1.9424558829557557	3.773134857229424	426057.91737840144	640.6467984270852	-0.1232276979906146	0.0151850655520661	410428.3203348743	650.2586768600253	704.0664414865769	1.001601	17.800894	0.1132546891277116	0.072652516237867	0.0022652932	0.0157972286	-0.0971560281	-0.0160023157	0.0344114552	0.0359999209	-0.0581573172	0.185606194	-0.0355653757	0.0234975074	0.0118511271	0.0471142053	0.0990266382	-0.0923365965	0.0402960526	0.0510343448	0.0041383383	-0.073996341	-0.0146660383	-0.0009780343	-0.0729217543	0.0214863275	0.0977064321	0.0708134859	-0.0378427217	-0.0615134391	0.0977720425	-0.0707857788	-0.0348427215	-0.0416581322	0.0393544547	0.0173347202	0.0620882734	-0.0453896964	0.0512853925	0.0299569417	-0.0701859335	0.11764436	-0.0512481643	-0.0684241246	0.010106495	0.1325786532	-0.0280380231	-0.0456501252	-0.0670783031	0.1270559734	-0.1439317882	-0.0346957632	0.023375491	0.0244186423	-0.0535517668	0.0281615861	-0.1538370802	0.0455659327	0.01064554	-0.0699497018	0.0967607916	-0.1051106207	-0.0186880431	0.0608720873	0.0019502266	-0.0279420888	0.0816820732	-0.019358075	0.0059986908	0.0243512124	-0.0285779311	0.0520161283	-0.0798842456	-0.0604795181	0.0058793318	0.1043295532	0.0455562774	-0.0322772969	0.083915336	0.0172919818	0.0683575001	-0.0270423898	-0.1097730859	-0.0491018904	0.0445764013	0.0303234485	0.0053190746	0.0828319807	0.0832375559	0.0154564995	0.0738331296	-0.0688554035	0.1145042275	-0.0232658355	0.055116952	-0.0842068316	0.0276365495	-0.0926001179	0.0267041006	-0.0370231291	-0.0413194	0.1118563022	0.1001308247	0.0814902283	0.0	0.0304009578254351	0.0059420154804286	3.5307547969653146e-05	0.0009242182367038	-0.0096220140529794	-0.0704421288455562	0.0049620935162939	9.258315443573306e-05	0.0320881006412676	0.0106725777676218	0.0010296462027641	0.0001139039162059	-0.0004909696758635	9.992312298110003e-05	9.984630506296045e-09	2.4105122261751025e-07	-0.0001381063192977	0.000176094498596	1.9073355429958264e-08	3.1009272435776664e-08	0.0004319656915006	-0.000247941719105	1.865943586335915e-07	6.147509607274273e-08
702.1623827904035	-0.3151201677554809	0.0993007201262424	493032.0118058972	655.3008412998101	2.5697194905299057	6.603458260009278	429419.19260823895	641.2980627762644	0.6512643491792005	0.4241452525118076	411263.2053205896	650.6275518415327	701.7057554520443	1.120995	19.922813	0.0498254905747348	0.028204852332147	0.0198835857	0.0406079665	-0.1078507167	0.0089928323	-0.155026409	-0.0088897479	0.035296725	-0.0734372638	0.0223443798	-0.0809420751	-0.060782495	-0.0325760632	0.0757650023	-0.0204475829	0.1182185675	0.1043966008	-0.0487130941	0.060311576	0.0390571344	0.0232060404	0.1262039113	-0.0286748465	-0.0167804178	-0.0923932632	-0.0021026491	0.0606451151	0.2413251728	0.0553416397	-0.1231448544	-0.0183804309	0.0277874813	0.0163125888	0.1379468334	0.0161235166	0.0554984661	-0.2063733399	0.0438167434	-0.0037744588	0.052215699	-0.0521333483	-0.1997763691	-0.0830186359	-0.0849236478	-0.1384560649	0.0300648215	0.0541713092	-0.018041415	0.0369150063	-0.130713479	-0.0055046837	0.0102506247	-0.0212186093	0.11378422	0.0228192032	-0.0827751133	-0.028827146	0.0533519641	-0.1502423527	-0.1075788174	0.0532657123	0.0125154904	-0.0318009252	0.0169424243	0.056510866	0.0899771282	-0.0760811442	0.0489046118	0.2036278197	0.0483182168	0.0399885583	-0.0402419216	0.1740665936	-0.0126114437	-0.0451694192	-0.1089839727	-0.0050324995	-0.0322007818	-0.0166684532	0.0443838424	0.1555478119	-0.0227548164	-0.0274372194	0.0366816539	0.0690017618	0.1727334322	-0.0896997466	0.1079976913	0.0780436875	0.1457128871	0.0990005979	-0.0680330713	-0.0500058401	0.0891171737	-0.0374450357	-0.0182819622	0.0527204858	-0.0309757405	0.1111951025	0.0975848992	0.0761215592	0.0	0.0424524942239656	0.0120515363985305	0.0001452395295651	0.0018022142658358	0.0089928455837906	0.01861485963677	0.0003465129992966	8.08712716939021e-05	0.0321710971284119	8.299648714429897e-05	0.0010349794904457	6.888416878293784e-09	-0.0004984264053634	-7.456729499900026e-06	5.560281483467929e-11	2.484288815634804e-07	-0.000196186322463	-5.808000316530001e-05	3.8489073121556224e-08	3.3732867676812596e-09	0.0007479509198812	0.0003159852283806	5.594305785511333e-07	9.984666455473996e-08
703.3508892392969	1.1885064488933494	1.4125475790610795	494702.4733937096	654.9805271669508	-0.3203141328593801	0.1026011437094566	428999.4909678967	642.034316086703	0.7362533104386557	0.5420689371318795	412208.0630329205	652.1521512113821	705.3567110056448	1.05908	18.822428	0.1083021910947225	0.0675282184976324	-0.0110512387	0.0202769164	-0.1251609583	0.050008152	0.0373113971	0.028892592	0.0082112461	-0.0358118466	0.021799223	-0.0907533467	0.1669365659	-0.0748326787	0.0476859494	-0.0115594602	-0.04814056	0.1007504214	0.0034590418	0.0755604653	-0.0637522715	0.0047808459	-0.14374826	0.108351394	0.003533736	0.1485715377	-0.0174664771	0.2231830909	0.1224691636	-0.0179954052	-0.0403077739	0.0052424094	0.1274173754	0.0592786759	0.0825494432	0.0219129142	-0.0758724799	-0.0361432329	0.0655600675	-0.0121322667	-0.0233941305	0.063034647	-0.1729645932	0.0930763632	-0.0096570469	0.0224540114	-0.0371898178	0.0595304119	0.0159391144	0.0490644572	0.0009504027	-0.0476738003	0.0255498395	-0.0615334476	-0.001693977	-0.0757392752	0.1527702246	-0.1008091156	-0.0021360478	-0.0918715787	0.0053716658	0.1761478279	-0.1425047412	-0.077126413	0.0015391749	0.0257309998	0.0051596258	-0.0282956557	0.0005634228	0.1148883457	-0.0395155798	-0.0537293462	0.0196297765	0.1909947355	0.0492563172	-0.0085847235	0.0505711352	0.0151013529	-0.1012903637	-0.0379700447	0.0897426573	-0.1015349262	-0.1169278996	-0.0364916992	0.0866962257	0.0077868845	0.0989725295	0.0465921111	0.0419256744	0.1170780878	0.2149458008	0.025831827	0.0023809572	0.0706458365	-0.078726048	-0.0866357488	-0.0869818032	-0.1580452317	0.0810985638	0.1104844722	0.0948654713	0.0704484286	0.0	0.0247645406382872	-0.0176879535856784	0.0003128637020491	0.0006132824730253	0.072529803769072	0.0635369581852814	0.0040369450554381	0.00526057243478	0.0321008420147492	-7.025511366270248e-05	0.0010304640580558	4.935780995759245e-09	-0.000867923187689	-0.0003694967823256	1.3652787214897184e-07	7.532906597282351e-07	-0.0002467724239991	-5.058610153610001e-05	6.08966292463916e-08	2.5589536686206202e-09	0.0006278933195409	-0.0001200576003403	3.942500207240907e-07	1.4413827399471217e-08
705.0589417112102	1.7080524719133336	2.917443246809249	497108.1112869317	657.58225305142	2.601725884469261	6.768977577917356	432414.4195281818	642.7368623516896	0.7025462649866085	0.493571254446634	413110.6742256949	652.8301489467437	718.477933384742	1.027502	18.261208	0.1522211425987791	0.1005358550895235	-0.0750667839	0.0085185532	-0.0588815945	0.0349692547	-0.0406795179	0.1159574238	0.0412438558	0.2034488356	-0.0478129337	-0.1079109176	-0.1090712297	-0.0744353188	0.048212128	-0.0045994921	0.0158942373	0.016948012	0.1154830017	0.0527650552	0.0056548329	0.081997674	-0.0100356608	-0.1255676972	0.1254964087	0.084667776	-0.0138952728	0.236146023	0.0231663243	0.0430555989	0.019739016	0.0202419587	0.0163928457	-0.0195370589	-0.0990665846	0.1118392374	0.1291678537	-0.1721784605	0.1147426877	0.0182285912	-0.0053486374	0.0792356948	0.1890394695	0.0594076439	0.0244441679	-0.0554359482	-0.1001093448	0.0946231292	-0.0051828571	0.2812228823	-0.0202480581	-0.0985676991	-0.10809764	0.0665417963	-0.1351788647	0.0724316162	-0.0341386105	-0.0009039653	-0.0322305385	-0.0812255486	-0.1173916211	0.1083435666	-0.1351093884	-0.0497331412	-0.0068284637	0.0821454127	0.0751623112	-0.0954939259	-0.1187512216	-0.033197365	0.0760831491	0.1702457221	-0.1012168461	-0.0833794462	0.1593683029	-0.0093059676	0.0616362161	0.0393669786	0.0613916872	-0.0144546775	-0.0963396159	-0.0528030917	0.1266437666	0.0462408183	0.0630705104	0.0068329491	-0.0143887365	-0.0030142645	0.0062961863	0.0394991969	0.1033461449	0.0010907395	-0.0239521954	-0.0455277794	-0.0223168757	-0.2640219752	-0.0353696208	0.1080182818	-0.0160887108	0.1097247271	0.091977376	0.064493527	0.0	0.0271027495787734	0.0023382089404862	5.4672210493696015e-06	0.0007345590347297	-0.0168222470425405	-0.0893520508116125	0.0079837889842409	0.0002829879955602	-0.0139838516657562	-0.0460846936805054	0.0001955481074098	0.002123798991626	-0.0006639138658845	0.0002040093218045	4.1619803383132065e-08	4.407816213137018e-07	-0.0002936958126715	-4.692338867239997e-05	8.625723038077281e-08	2.201804404501113e-09	0.0005899022466943	-3.799107284659998e-05	3.479846606549828e-07	1.443321616035666e-09
704.9404614385478	-0.1184802726623956	0.0140375750101556	496941.0541731927	658.5675042071466	0.9852511557265872	0.9707198398605756	433711.15759763005	642.5718521583113	-0.1650101933782934	0.0272283639187418	412898.58518616273	652.8568106459353	722.3460895631879	1.052174	18.69969	0.0853231493301982	0.0613075395183459	-0.08713917	0.0022123207	0.006484954	0.0335349437	-0.1210340471	0.0503583029	0.1328417943	-0.0467285571	0.0254115313	-0.009562784	-0.0731668415	0.040651251	0.0347891943	0.0407548876	0.1180079642	0.0687669501	0.037358059	0.1367253055	0.0641778408	0.076568169	0.1439466001	-0.0691671508	-0.0604607931	0.0657289775	-0.0083925746	0.0484729593	0.0367026963	-0.0234662905	0.0752934808	-0.055896954	-0.0791091457	0.1222115788	0.0430558573	0.112886593	0.0542720811	-0.086069205	-0.0139318693	0.0493083609	0.0399601796	0.0977026837	0.0958157743	0.0335553054	-0.0127024133	0.0375283616	-0.0748283435	0.0195486437	0.1570455476	-0.1045447407	-0.1086196291	-0.1315049694	-0.008313541	-0.0093086627	0.1137327961	0.0319144899	-0.0804049625	0.0305634043	0.049028369	-0.0759790611	-0.1368070047	-0.0058972105	-0.0456100304	0.0287519311	0.0263795263	0.0582362873	-0.0424939761	-0.2077296403	-0.1055266008	0.0744148637	0.0571629172	0.0352888239	-0.0467959386	0.0073231408	-0.0375520897	-0.0077494962	-0.0827419388	0.0298589172	-0.0436692474	0.005399253	0.0518571403	0.1627237841	0.0797448814	0.0259611998	0.0165717128	0.0389040631	0.0978141459	-0.0451790491	0.1711181027	0.126288858	0.080687717	0.0531668569	-0.1638963867	0.0435075962	-0.035772961	-0.0493042584	-0.0171115195	0.088142317	-0.1723310578	0.1089162049	0.0889257484	0.0582806721	0.0	0.0246455054978014	-0.002457244080972	6.0380484734719325e-06	0.0006074009412421	0.0416133694252494	0.0584356164677899	0.0034147212719706	0.0017316725149222	-0.0095797536934298	0.0044040979723264	9.177168082678189e-05	1.9396078949849515e-05	-0.0004049387330933	0.0002589751327911	6.706811940421967e-08	1.639753775592069e-07	-0.0002480999394967	4.559587317479999e-05	6.15535799782662e-08	2.078983650572445e-09	0.0004939494364781	-9.595281021619996e-05	2.4398604579703254e-07	9.206941788386089e-09
704.1938895917056	-0.7465718468422438	0.5573695224974387	495889.0341382952	655.8135985202015	-2.7539056869451315	7.583996532588737	430091.476004016	641.8563858835321	-0.71546627477926	0.5118919903465114	411979.62009946967	652.5744165861314	716.087068853976	0.963636	17.126148	0.0358225144964056	0.0169234752690929	-0.0673594753	-0.0623015195	0.0003271362	0.1157060122	0.022243589	-0.0393761782	0.1064064252	-0.0763665714	-0.0105333635	0.0099613345	0.061976198	-0.0556109268	-0.0916372854	0.0630977501	-0.0396638395	-0.0424611606	-0.0439348598	0.0962230378	-0.1019841678	-0.0150684924	-0.0166785115	0.0549633211	-0.0608646762	0.0526786546	0.0396915045	-0.0741822795	-0.042222514	-0.0673921744	-0.0901520058	-0.0651296003	-0.0720676319	-0.1361940384	0.0100530334	-0.0789487797	-0.0641124401	0.15095436	0.1972358139	-0.0977751845	-0.1175005807	-0.0025219632	0.0430119025	0.0372561852	-0.186127803	-0.0357069866	0.104090554	-0.1407818754	0.1831946694	-0.0982297218	-0.0081001285	-0.0675236532	0.1129875504	-0.0754557111	0.0101350391	-0.0520433216	0.0868250051	-0.0201696156	-0.0758021894	0.0800293526	0.0488670604	-0.0665770988	-0.0370812904	0.0549200059	-0.0395990661	0.008071461	0.0552700036	-0.0883698344	-0.0066105268	0.0452123412	0.0062245738	0.0027342796	-0.0025281125	0.0193263834	0.0202978633	0.0044072699	-0.0430207235	0.0480196511	-0.0568245679	-0.0081989989	0.1397242378	-0.067374576	-0.0501515532	-0.0041783001	3.76859e-05	-0.0045775702	-0.0254492948	0.0460497143	0.1162042852	0.1027112887	0.0796196226	-0.0200088237	-0.1440440466	0.1041789372	-0.1427381464	0.004390915	0.1148347201	0.0567458488	-0.0622018441	0.1080592651	0.085716014	0.0518347133	0.0	0.0196395017845105	-0.0050060037132909	2.5060073177482283e-05	0.0003857100303437	0.0543812216516386	0.0127678522263891	0.0001630180504749	0.0029573172683246	-0.0043275205158792	0.0052522331775505	1.872743381535538e-05	2.7585953351363268e-05	-0.0005659380085557	-0.0001609992754623	2.5920766699417742e-08	3.202858295279916e-07	-0.0002201587744812	2.7941165015499985e-05	4.846988598106389e-08	7.807087024234001e-10	0.0005609375035837	6.698806710559997e-05	3.1465088292671344e-07	4.487401134544365e-09
703.7323537570032	-0.4615358347023175	0.2130153267143649	495239.225724372	655.2015783021371	-0.6120202180643446	0.3745687473195279	429289.1082096116	641.4893890549932	-0.3669968285388449	0.1346866721575703	411508.6362701485	651.4857684573172	702.1450290731902	0.985592	17.516363	0.0886156813401239	0.0420724386447667	-0.0171224406	-0.0768707641	0.0832849303	-0.0379413654	-0.0583117598	0.064167719	-0.0094017368	0.0912802884	-0.0391827973	0.0897114204	-0.023233141	0.0007910657	-0.044121988	-0.0307172528	-0.1397124595	-0.0430507245	-0.0210244223	0.0244203908	-0.0040720777	0.0379437688	-0.0369243058	-0.033007923	-0.0433505602	0.0109262481	0.1018438697	-0.0413866125	-0.0942257082	0.0143944115	0.0397390978	0.1204295092	0.1133442774	-0.0780795815	-0.1249340172	-0.0861507726	0.0371465505	-0.0229080983	0.0252513485	-0.0686139957	0.0095808587	-0.0654339402	0.0018663167	-0.0366653988	0.0488458501	-0.0645190396	0.0802492056	-0.0334142022	0.0879011304	0.0242087476	-0.0472670357	-0.0341393638	-0.0476789856	0.0121584104	-0.0832455131	-0.022606054	0.0400288581	0.0037152801	-0.0311342377	0.1685929822	0.0796104801	-0.0164431451	-0.0167345493	-0.0361711452	-0.0257986137	-0.0234995278	0.1280497965	0.1372867383	-0.043374685	-0.0398228047	-0.0403738352	0.139582848	-0.0777945456	-0.0180271	-0.047992389	0.0046084094	0.0251495699	0.0321221747	-0.0748825876	0.0195058255	-0.0965861308	-0.0846437017	0.0145201219	0.1089659731	0.0989685041	-0.0435191444	-0.1327263864	0.0846930357	0.0763812001	0.0614637832	0.0641722112	-0.0307360875	-0.0521272208	0.1175612216	-0.0737244042	-0.0090535524	0.0694234033	0.0254482207	0.0028964731	0.1071542885	0.0823538796	0.0451814325	0.0	0.0024683353369283	-0.0171711664475822	0.0002948489571705	6.092679335528944e-06	0.0245754345343556	-0.0298057871172829	0.0008883849456807	0.0006039519825523	0.0106945196195695	0.0150220401354487	0.0001143727498933	0.000225661689831	-0.0004049744575808	0.0001609635509748	2.5909264742449216e-08	1.6400431129286318e-07	-0.0002415424502375	-2.1383675756299992e-05	5.8342755266735175e-08	4.57261588850572e-10	0.0002109509775187	-0.000349986526065	4.450031491609507e-08	1.224905684270469e-07
703.9779506152556	0.2455968582523837	0.0603178167834414	495584.9549524553	656.0890544736517	0.8874761715145496	0.7876139550061223	430452.8474001303	641.5034280285611	0.0140389735678354	0.0001970927788383	411526.6481723953	651.0660524053442	708.5282154239165	0.911322	16.196402	0.0571694788602323	0.0292956480553465	-0.0362351237	-0.054604048	0.0969982365	-0.0700739127	-0.0180858871	0.1245864507	0.0368311888	-0.0177817209	-0.0021101496	-0.0295543378	-0.0366913765	0.0626155288	0.047464865	-0.0513645577	0.0381338807	-0.0175374092	0.1300781313	-0.0154320257	0.0123305533	0.0195984906	0.1055492284	-0.0099710307	-0.0325819549	-0.0781866352	0.1266631259	0.0041623258	-0.0421343038	0.0875482049	-0.0051170535	0.103833247	0.0599712113	-0.0420576834	0.1022764915	-0.0229378994	0.0944323415	0.0301281537	-0.0068099205	-0.1850678348	0.0909369388	-0.0317877644	-0.0136061922	0.0114392767	0.0967721549	0.0037347621	-0.0156766782	0.0069635301	-0.1104422223	-0.1117487966	0.034433408	-0.0791200475	-0.1072018746	-0.0220382407	0.057232826	0.0201867172	-0.1318508058	0.0523646796	0.0181734587	0.0153053271	0.0738513942	-0.0345647655	0.1075289768	-0.0385791216	-0.0618751345	-0.0669789842	0.1036702077	0.1146444503	-0.069644042	-0.0707299967	-0.0057853951	0.0137661245	-0.155605691	-0.0273100237	-0.2103910531	0.0225199561	0.0611517767	0.0558509155	0.0371280673	0.0426561176	0.0224253317	0.1403019363	0.0270819745	0.1386630189	0.1193835592	-0.0321250117	-0.1124326133	0.0716658278	-0.0054684487	-0.0864693121	-0.0629870114	-0.0111281803	0.0205641305	0.0832138706	-0.0668679554	-0.1433136646	0.0632137935	0.0429503872	-0.1691977288	0.1062016776	0.0788453231	0.0383474405	0.0	0.013141586782865	0.0106732514459367	0.0001139182964281	0.0001727013031715	0.0108024859208342	-0.0137729486135214	0.0001896941135107	0.0001166937020698	-0.0088009556970547	-0.0194954753166241	7.745682118151958e-05	0.0003800735578211	-0.0001539759427437	0.0002509985148371	6.300025445042993e-08	2.3708590943811172e-08	-0.0002280163310464	1.3526119191100002e-05	5.199144722386148e-08	1.8295590037184376e-10	0.0002109824131735	3.1435654799995705e-08	4.451357866851346e-08	9.88200392704493e-16
703.4349402557874	-0.5430103594682123	0.2948602504897971	494820.7151726632	655.6072250732196	-0.4818294004320478	0.2321595711207066	429820.8335682073	642.2377745821206	0.734346553559476	0.5392648607246803	412469.3591001947	652.2018447689101	706.2404985453842	1.08327	19.252342	0.0514515738465284	0.0260479882736783	-0.0349163191	-0.0520350802	0.0098967432	0.0961208657	0.0595501161	-0.0967487884	0.0841365526	-0.0286084306	-0.0317306017	-0.0252009025	-0.0135142077	-0.0502790786	-0.0676060731	0.0015166907	-0.0395742166	-0.0618411847	0.0449097581	0.1089922527	-0.0544583092	-0.1531211587	0.0505433137	-0.0115910245	0.0206653355	-0.0270806427	0.0674543933	-0.007884057	0.0501503844	0.0185238211	0.0205438826	-0.0593399528	-0.0498671041	-0.0652274086	-0.0310539969	-0.0221600429	-0.0054221961	-0.0330645491	0.0234001153	0.0477918538	0.0297337405	-0.1143179015	0.1175714016	-0.0137896033	-0.0458991231	0.1518484895	-0.017023292	-0.0058124555	-0.0742253422	-0.0526798829	0.0178585337	-0.0425043116	0.1446888719	-0.0166561267	-0.0154165854	-0.0212292384	-0.0240655842	0.021102075	-0.0623783452	-0.0022577974	0.0288790711	-0.0203936445	0.0595189315	-0.0976706832	-0.0480349952	0.0537506429	0.0200507239	0.0599887034	-0.0252585274	0.0026075933	0.0952830448	0.0776812849	0.0010870843	-0.031385427	-0.1258944457	0.0010145258	-0.0897142369	0.0495269362	0.0440963252	0.0097654077	0.0691536454	-0.0719756155	-0.0512559626	0.0537784991	0.0993608646	-0.0477734267	-0.0281852987	-0.0175634075	-0.0080869198	0.1155266726	-0.0746879365	0.104319309	-0.0944828469	0.0112587297	-0.0526618632	0.0327130999	0.1175056796	0.1112561285	-0.1488030422	0.1052018558	0.0751965824	0.0313600711	0.0	0.0052797090166336	-0.0078618777662314	6.180912201116364e-05	2.787532730032214e-05	0.0081856832613453	-0.0026168026594888	6.847656158708175e-06	6.700541045506863e-05	0.010672133601183	0.0194730892982376	0.0001138944356014	0.0003792012068171	-0.0001739843252949	-2.0008382551200016e-05	4.0033537231516525e-10	3.027054544832158e-08	-6.804026984719158e-05	0.0001599760611992	4.629478320878648e-09	2.559234015681288e-08	0.0004609940518745	0.000250011638701	2.125155158636692e-07	6.250581948595935e-08
702.7900683362527	-0.6448719195346939	0.4158597926043607	493913.88015207474	653.3134995210654	-2.2937255521542284	5.261176908605219	426818.5286564612	641.4279011227087	-0.8098734594118469	0.6558950202597124	411429.75233868335	650.1061584017655	700.8102323755581	0.936311	16.64053	0.0756971872290346	0.0414823039476295	-0.010665497	0.0133357236	0.0409207262	-0.0145595326	-0.031998026	0.0104891165	-0.0329769814	0.0730290516	0.0106934994	0.0705775849	0.0083058393	-0.0318249374	0.0040338436	-0.0208878447	-0.1457973774	0.0947801643	-0.0724375466	0.0635651273	0.0500675111	0.0001383645	-0.0754962015	0.0172651575	0.0253871824	-0.021228604	-0.0508028727	-0.0776913463	-0.0523383447	0.0488595722	0.0284307604	0.1145928304	0.0655692188	0.0605118265	-0.0933275678	-0.0353525733	-0.0569715474	0.0204893752	0.0939788976	0.0777691878	-0.1867606403	-0.0617372292	0.0055846964	-0.0027695382	0.1459195676	-0.1478361979	0.0398572655	0.0275987624	-0.0505697648	-0.0090817148	-0.048008256	0.003987226	-0.0044811636	0.0536771369	-0.0511680826	0.0241109812	0.0852851757	-0.0542582862	-0.0484802248	0.1525732186	0.0847673434	0.0980839121	0.0010483328	-0.0029291936	0.0124039524	0.0057037669	0.1295974796	0.0383048475	-0.1346516442	0.0248879824	-0.1189737481	0.0794960064	0.0027102772	-0.0543181299	-0.0544055805	0.0012292051	-0.0152618104	0.0033445001	-0.0846816671	0.0103729358	-0.0734317627	-0.0854993561	0.0515480916	0.0628824242	0.0735164561	-0.0306466895	-0.1215959496	0.0460349449	0.1274233367	0.0781897472	-0.0464125919	-0.0040534072	-0.0338967726	0.0860538549	-0.1719261599	0.0319384502	-0.0284351028	-0.0531142164	-0.0652620851	0.1041552675	0.071414145	0.0242472716	0.0	0.009798234655463	0.0045185256388293	2.0417073948758627e-05	9.600540236351612e-05	0.0408247387079256	0.0326390554465803	0.0010653079404449	0.0016666592905703	0.0108305834252675	0.0001584498240845	0.0001173015373316	2.5106346752409012e-08	-0.0006894645521589	-0.0005154802268639	2.657198642877608e-07	4.753613686836725e-07	-0.0002041186238119	-0.0001360783539647	4.1664412586863946e-08	1.8517318417744472e-08	0.0003449295063124	-0.000116064545562	1.18976364324916e-07	1.347097873653678e-08
702.2704550185465	-0.5196133177062165	0.2699979999376615	493183.7919919564	654.2471476903261	0.933648169260664	0.8716989039637895	428039.3302609273	641.1165872505167	-0.311313872192045	0.0969163270192049	411030.4784477493	649.8172701022114	697.7289414158959	0.977446	17.371601	0.0505846027769332	0.0255911561829422	0.0190115401	0.0037748198	0.094591292	-0.0747790324	-0.005786992	0.1026901262	-0.0483579407	-0.0425329471	-0.0142888735	0.0373644513	-0.0797458455	0.0091024566	0.0217345704	0.0198836396	-0.0652460937	-0.0402448465	0.0971160138	-0.0629688223	-0.0080334415	0.0568845336	0.0416925999	0.0035917203	-0.1111857291	-0.05663076	0.0757911735	-0.0765055781	0.0347542593	-0.0624679874	-0.0413783276	0.0988697436	0.0404829705	-0.0808093214	-0.1035589413	-0.0850074708	0.0067159242	-0.1609269449	-0.0936259996	0.1165665451	-0.0783261361	0.0467343542	0.1185494557	-0.0330281367	0.0582986668	-0.0288432198	0.0446756056	-0.1064643392	-0.0536107104	-0.0162897031	0.0433556985	0.0066063001	-0.1285445772	-0.0344070354	0.0640692567	0.0301978285	-0.0405184418	0.0397241349	0.0109778458	0.0260913979	0.1076618558	-0.0431793416	0.0653226923	-0.120408103	-0.0743921576	0.0002896124	0.1164374907	0.0485733319	-0.0745366994	-0.0051274807	-0.1884292155	0.0619939079	-0.014971765	0.0093651777	-0.0132323455	-0.0069689751	0.0930635082	0.001673109	-0.0641391561	0.0450700183	0.0103990823	0.0757719329	0.008953197	0.1139460843	0.1370492041	-0.0652712376	-0.068218986	0.0803730297	0.0155809317	-0.1704009865	-0.040203685	0.0199460821	-0.0041859377	-0.0214054453	-0.0557690606	-0.057068822	0.0314816872	-0.0367203063	-0.0679527458	0.103062378	0.0675047358	0.0170374908	0.0	0.0046494746289198	-0.0051487600265431	2.6509729810929127e-05	2.161761432496891e-05	0.0409666824971708	0.0001419437892452	2.014803930528645e-08	0.001678269074824	0.0312013435058702	0.0203707600806027	0.0009735238365713	0.0004149678662614	-0.0005169986956504	0.0001724658565084	2.9744471661210508e-08	2.672876513042149e-07	-1.2054566896457786e-05	0.0001920640569154	1.4531258306117589e-10	3.6888601958818223e-08	0.0002109966421255	-0.0001339328641868	4.4519582988236334e-08	1.7938012109306596e-08
702.1236757872692	-0.1467792312772644	0.0215441427343446	492977.6561010264	653.0771596422934	-1.1699880480326783	1.3688720325393169	426509.7764464456	641.2959003818332	0.1793131313165759	0.0321531990625555	411260.4318465462	650.5247146598321	690.2651057230354	0.958774	17.039745	0.076073402094235	0.0369142062006673	0.0421086622	-0.0765571287	0.092255888	0.030842209	0.1194155185	-0.0325257204	0.0319118909	-0.0822929703	-0.0257346765	-0.0045010503	0.0024843726	0.0404770369	0.0009109392	0.0033329814	-0.0470770042	-0.054563982	-0.0084653924	-0.0289913895	-0.1361015898	-0.0212726859	0.0597256188	0.0597711998	-0.027261434	-0.078032509	0.089845339	0.0199163407	-0.1086355955	-0.073523671	0.1622286624	0.0025027558	0.1824303763	-0.0571592334	0.1665464571	-0.0820529487	-0.1251832273	-0.0627776088	-0.0197841444	0.0949845969	-0.0631858775	0.0100824474	0.0217799913	0.0661819561	0.044853525	0.0109000544	0.1320669668	-0.0552127921	0.1026166865	-0.0307650335	0.0816283073	0.0245532854	0.0548447077	-0.0761393325	0.0228201665	-0.0227297427	-0.0749542209	0.0705202101	-0.0215503804	0.0448182071	0.111434847	-0.013045099	-0.0058322231	-0.0608517587	0.0815174842	-0.0852308196	0.1235181206	0.0906438498	0.0429512871	0.0140339736	0.1787551175	0.1069638476	-0.0309937143	0.0059369968	0.031420744	-0.0106337262	-0.001491006	0.0119624561	0.0817828573	0.0527048785	0.081197991	-0.00525442	-0.1016602751	0.0829751189	0.0837971899	-0.0375958205	-0.078916646	0.097741534	0.0742715783	0.0299246466	-0.1028483181	-0.0650338348	-0.1082372361	-0.0298016919	0.0504911593	0.0828764794	0.0290060219	0.0546599762	-0.1312126294	0.1019236731	0.0634753057	0.0097595656	0.0	0.0076167837177933	0.0029673090888735	8.804923228911281e-06	5.801539420364112e-05	0.013482393395094	-0.0274842891020768	0.0007553861474465	0.00018177493166	0.0276060403141826	-0.0035953031916876	0.0007620934618282	1.292620504015905e-05	-0.0001964350015774	0.000320563694073	1.0276108195772793e-07	3.8586709844713146e-08	-0.0002820453572247	-0.0002699907903282	7.954958353200864e-08	7.289502686206886e-08	0.0004609721719562	0.0002499755298307	2.1249534331801645e-07	6.248776551413917e-08
701.5008779314521	-0.6227978558171117	0.3878771692103918	492103.4817385981	652.0356010774844	-1.0415585648089518	1.0848442439268835	425150.4250724765	641.4735647185688	0.1776643367355745	0.0315646165476916	411488.3342327479	650.0915747491189	683.9433105115345	0.932394	16.570904	0.0729706759722225	0.0402098257939246	0.0722157697	-0.0873539594	0.0568093685	-0.0092590416	-0.0519265714	-0.1258719869	-0.010814519	0.0419910192	-0.0275411747	0.1447412808	-0.0390618462	0.0689466265	-0.0337554125	-0.0540500983	0.0282150047	-0.008772906	-0.1377774194	0.0642716307	0.0423157791	-0.0537970685	-0.0158029506	-0.0394032967	0.0850805011	-0.0488847455	0.0874716825	-0.1145721653	0.0176504654	0.0078613056	0.1350197461	0.0853403667	0.0979234886	-0.0049916885	0.1567739503	0.0803160741	0.145114438	0.1682041437	0.0894255068	0.0735238338	0.0574709515	0.1050258671	0.032817105	0.0567417418	-0.0603328058	0.1012752254	-0.06902349	0.0253224363	0.0023687551	0.0623242536	-0.0973466059	0.057733532	0.0641033981	0.0257590031	-0.0650343569	0.0393058222	0.0023261331	0.038789752	0.1349708196	0.1068504905	0.0867945465	-0.0464444883	0.0439663124	0.0314409033	-0.0086615067	-0.1542754226	0.0538215915	-0.054489872	0.0226916722	-0.0087807587	0.0954909367	0.0102421897	-0.1050820984	0.0194663606	-0.0577832462	-0.0263334147	-0.0930523558	-0.0254153685	-0.0003229038	0.0438159204	-0.0857325092	-0.0421892615	-0.0366757435	0.1335988246	0.0106080412	0.0001257917	-0.0679131554	-0.0821019975	0.175509264	0.0126454311	-0.0966642606	0.00579741	-0.0801128564	-0.1073635442	0.0289469789	0.0866616116	-0.0050079299	0.0139614406	0.0429492521	0.100739659	0.0593330188	0.0024426053	0.0	-0.0190771386406822	-0.0266939223584754	0.0007125654908803	0.0003639372187158	0.0143390477030607	0.0008566543079667	7.338566033579071e-07	0.0002056082890306	0.0477529811368029	0.0201469408226203	0.0022803472074518	0.0004058992245101	-0.0001829922742824	1.3442727295000006e-05	1.8070691712773815e-10	3.348617244704511e-08	-0.0001430101012329	0.0001390352559918	2.0451889054644303e-08	1.933080240870536e-08	0.0001079869855798	-0.0003529851863764	1.1661189054611931e-08	1.2459854180118185e-07
701.5782130514266	0.0773351199744638	0.0059807207814647	492211.9890284329	653.7018254832587	1.666224405774301	2.7763037703979223	427326.07664014486	641.8875136864152	0.4139489678464088	0.1713537479811071	412019.5802265279	649.5984737367803	680.6032634963782	0.964031	17.133171	0.1386483367791414	0.0810413287375445	0.0858950725	-0.0464968839	0.0836005916	-0.0938991795	-0.0859914302	0.0971237191	-0.0734018634	-0.1250931648	0.0214257137	0.127692172	0.0799559225	-0.0334476948	-0.0853957449	-0.0321877893	0.0060049744	-0.0366501652	0.0193013763	0.0360508115	0.0168539944	0.1597794836	-0.0797488219	0.0057267299	-0.1156075911	-0.1364030366	-0.02852821	-0.1642619778	0.2201249765	-0.0425325344	-0.2063444808	0.0269785251	0.0271099896	-0.0427133111	-0.0560337191	0.0574772846	0.102121363	0.1487491903	-0.0101861405	-0.1321172558	-0.0102662836	-0.02317731	-0.0042931529	0.0231115953	0.0059843816	-0.0451043945	0.1099515671	0.0184849389	0.0472906432	0.0550188716	-0.0499103188	0.030390705	-0.1053017362	-0.0361940319	0.0949955398	0.0191777715	0.104748987	0.0682843139	0.0385977508	0.0548684551	0.0567333835	-0.2165288746	-0.0106422486	-0.0699867436	-0.094018059	0.0130232206	0.1111127789	-0.2380437649	0.0308598048	-0.04366834	-0.1389261678	-0.0163120684	-0.0001845492	0.0175256222	-0.0815032952	0.0104164615	0.0511195331	-0.0236197936	-0.12389561	0.0626420753	0.0075787569	0.0548672536	-0.1043353048	0.1641705804	0.0921260664	-0.0756664301	0.0439610524	0.0077404447	0.0184805888	-0.1934352007	-0.0297077105	0.0697504624	0.0247757803	-0.1018958907	-0.0648000958	0.0807180028	-0.0697116169	-0.0067366089	0.0838966238	0.0995108621	0.05508524	-0.0048841247	0.0	-0.03850839700209	-0.0194312583614078	0.0003775738015077	0.0014828966396705	0.087001385457313	0.0726623377542522	0.005279815327913	0.0075692410714919	0.0605558068554969	0.0128028257186939	0.0036670057439202	0.0001639123463832	-0.0002399955636079	-5.70032893255e-05	3.249374993926662e-09	5.759787055147357e-08	2.6041246436347976e-05	0.0001690513476692	6.78146515958606e-10	2.8578358148788952e-08	-0.0003409966763212	-0.0004489836619009	1.1627873326210526e-07	2.0158632865403145e-07
702.5834950065993	1.005281955172677	1.0105918093958002	493623.5674556881	653.653453362384	-0.0483721208747738	0.0023398620779237	427262.8370925703	641.144036670801	-0.7434770156141894	0.5527580727465817	411065.6757585295	650.4593719628672	685.5578809836904	0.990995	17.612398	0.1274660150339179	0.0813129642049868	0.0499387786	-0.0904918281	0.087280259	-0.0037154669	0.0943893659	0.0288126594	-0.0131580177	-0.0163629998	-0.0600273267	-0.0414554224	-0.0546992669	0.0046140416	-0.0484690431	-0.0726234893	-0.072582392	-0.0807697039	0.0419900513	-0.0443233849	-0.0536464726	-0.051284253	0.0604342466	-0.0346191748	0.0563837032	0.1324337596	-0.0404932373	0.0120763418	-0.1785326579	-0.0734989242	-0.0307468725	-0.0196041496	0.1429000036	-0.108177188	0.0429757213	0.017211994	0.133330534	-0.0616682082	0.0858024173	-0.0594018752	0.0097806391	-0.0740674518	-0.0742349539	0.0061218745	0.0392976917	0.0048882366	0.0808712514	-0.0186916402	-0.1312289241	0.0763955628	0.0702028125	0.0222224954	-0.016309477	-0.0531412737	-0.0598819819	-0.0603751974	-0.0939221513	0.0708171545	-0.1662694744	0.0737508113	0.1537294884	-0.0732109979	0.0088484006	-0.0949814335	-0.0188326887	0.0709654081	-0.0453770605	-0.0061363971	-0.0441509817	-0.0769327055	0.064829984	-0.0313862267	-0.1041082297	0.1101456592	-0.1452094605	0.0120926246	0.0578253194	0.0336912382	0.1162047962	0.0673462434	0.0126436558	-0.0582631919	-0.119061123	0.1619065056	0.1242570347	-0.0647574206	0.0038524508	0.1088065702	-0.182037718	0.0175208538	-0.0869022393	0.0221956949	-0.0273306855	-0.1745080593	0.0041513423	-0.0307572835	-0.0289623823	0.0506517733	0.0314208414	0.0982378286	0.0507395216	-0.0121913197	0.0	-0.0416747677598721	-0.003166370757782	1.0025903775737562e-05	0.0017367862678392	0.008552853185165	-0.0784485322721479	0.0061541722156542	7.31512976069871e-05	0.0477564752974331	-0.0127993315580638	0.0022806809328343	0.0001638228883332	6.899565866986257e-05	0.0003089912222777	9.54755754447057e-08	4.7604009152881826e-09	-8.600348979737049e-05	-0.0001120447362337	7.3966002573264114e-09	1.2554022917683545e-08	-0.0001009970259142	0.0002399996504069	1.0200399243513585e-08	5.7599832195482207e-08
702.2809199320168	-0.302575074582478	0.0915516757585921	493198.4905005598	654.6419451104758	0.9884917480918602	0.9771159360457016	428556.0762980272	641.0940900892432	-0.0499465815578332	0.0024946610093132	411001.63234735467	650.1905304418204	688.6461551832568	1.098543	19.523779	0.0258554167008714	0.0166394464327294	0.0418672884	-0.0776105975	0.0702335063	-0.034320508	-0.1185341219	-0.099929062	0.0141191704	0.0441081559	-0.0317955328	0.0335298289	-0.0746617157	0.0632024286	-0.1512811708	-0.0170283191	-0.1186151649	0.015036624	-0.1174755654	0.1122861313	0.0758051701	0.0254850007	0.0645624009	-0.0220724453	0.1079782932	0.0349127518	-0.1035769783	-0.0683869392	-0.0519942955	-0.0772297159	0.0743058276	0.0109939366	-0.148031176	-0.1710686624	-0.0130967471	-0.0189707169	0.0330011439	0.1253126954	-0.1080191551	-0.1017851044	0.0109189234	-0.0242648145	-0.0780231741	0.0616106193	-0.0750750591	0.0757961605	-0.0402135573	-0.0769994147	-0.0452820747	-0.0578172253	-0.1577262185	0.0046281978	0.0320677319	0.0532417637	-0.0692709474	-0.0025442446	-0.0394016948	0.0330793262	-0.0536339414	0.1374629812	0.0866168285	-0.0164429366	-0.0075394596	-0.0049336085	-0.0215704424	0.0172172174	-0.063224598	-0.1443992764	0.14479757	-0.1597327436	0.1129991931	-0.0361093487	-0.0828342049	-0.0832052374	-0.0056944105	0.0037756847	-0.1259968365	-0.0007009576	-0.0112958762	0.0594346681	-0.1209600545	0.0044175291	-0.0402150975	0.1608873299	0.0382366134	-0.0421275924	-0.1273914571	-0.0238784373	0.0025683524	0.1258938133	-0.0903863361	0.0630965052	-0.0488752752	-0.0719104021	0.0251088742	0.1496298757	-0.0415445305	0.0405959177	0.1108024576	0.0969211244	0.0463035902	-0.0194497534	0.0	-0.044794416977183	-0.0031196492173109	9.732211239068515e-06	0.0020065397923257	0.0086195068500387	6.665366487369935e-05	4.442711041095422e-09	7.429589833786406e-05	0.0477750873746316	1.8612077198498778e-05	0.0022824589736536	3.4640941764287807e-10	0.0001450159293579	7.602027068803744e-05	5.779081555482484e-09	2.102961976753545e-08	-0.0001509849828635	-6.498149306612952e-05	2.279646505029139e-08	4.222594441103438e-09	0.0002110112451614	0.0003120082710755	4.4525745584564455e-08	9.73491612195851e-08
701.2152627740091	-1.0656571580076388	1.1356251784129177	491702.8447472227	655.0520529518268	0.410107841350964	0.1681884415375474	429093.1920764029	641.5838782820344	0.4897881927912522	0.2398924737977208	411629.8728714164	650.2595869517301	681.4547214560027	1.08012	19.196352	0.1555257497303468	0.104091861081709	0.0778922404	-0.0256668211	0.1256295913	-0.1121339895	-0.031854486	0.0830601104	-0.0351080993	-0.0584213621	0.084627027	0.1693841821	0.0261566916	-0.0133007395	-0.1062973598	-0.0080682341	-0.0099671989	-0.0646848501	0.0567521571	-0.0375449499	0.0058408733	0.1114823063	-0.1021008009	0.052751427	-0.0553351238	-0.0494350842	-0.0349744213	-0.0890224158	-0.0839209426	0.0644594091	-0.1469859108	-0.0613579122	-0.0312326563	-0.0882462707	-0.0406784578	0.0348979614	0.0962076981	-0.0501072966	0.0083735512	0.074333204	0.0172614268	0.054041106	-0.0697438383	-0.2298861837	-0.114593745	0.1273693688	0.0612969532	0.0441210445	0.0273105379	0.0061204001	0.012599702	0.0255327405	-0.0890742081	0.0073620738	0.0485380087	0.0466585167	0.1145933707	0.0591203681	0.0289979025	0.0627796721	0.033817581	-0.1131272599	0.1003628802	-0.1793766679	-0.120638955	-0.0612878102	-0.0918452238	-0.0350726592	0.0103909001	-0.0045485322	-0.0747161203	0.0795395598	-0.063903307	0.0171075188	-0.0900055623	0.0428240444	0.076183492	-0.0323261042	-0.1393576901	0.0709284253	-0.0281748937	0.0779149509	-0.144099707	0.1347190105	0.0580864728	-0.0691282233	-0.0107149474	0.0299294976	0.0458971596	-0.1708779422	-0.0370441992	-0.0200073083	-0.0293226646	0.0002950701	-0.0268959108	0.1078923626	-0.0326322471	-0.0864853048	0.0938694594	0.0955613349	0.0417853327	-0.0266303944	0.0	-0.0552340396199468	-0.0104396226427638	0.0001089857209233	0.0030507991327378	0.1092193955686866	0.1005998887186478	0.0101203376102043	0.0119288763683892	0.0617086465406018	0.0139335591659702	0.0038079570578729	0.0001941440710315	-0.0001100109491632	-0.0002550268785211	6.50387087682159e-08	1.2102408935788174e-08	-0.000150992139078	-7.156214499996241e-09	2.279862606335009e-08	5.1211405969956434e-17	-0.0001450083041623	-0.0003560195493237	2.1027408276026112e-08	1.2674991950065046e-07
700.8845316784962	-0.3307310955129878	0.109383057539221	491239.1267461849	653.1262672114636	-1.9257857403631533	3.7086507177860586	426573.9209215802	640.7360976792438	-0.8477806027906354	0.718731950468053	410542.7468692255	649.3137081174677	681.3784750852662	0.980431	17.424646	0.1691553343028967	0.1040679994291715	0.0664093556	-0.0413521784	0.0933787089	-0.0091037787	0.1250795617	-0.0093530374	-0.0266072161	-0.0596517974	-0.025232675	-0.0317790819	-0.0593072949	0.0799959281	0.0279977388	0.0230595626	-0.0170042037	-0.037974869	0.0345991911	-0.076996655	-0.0215380453	-0.0755723553	0.048473579	-0.004102806	-0.1166834086	-0.022123277	0.0423397427	-0.0601825082	-0.1557681798	0.0137650151	-0.0864473266	-0.0561240329	-0.024431279	-0.1249533811	0.1143566535	-0.0246031861	0.0918739162	-0.0139688209	0.0427478903	0.057626729	0.2088250531	0.0037051417	0.1193108758	0.0417926586	-0.0464385356	0.0763154431	0.0124115546	0.1128911707	-0.0853034379	0.0013049138	0.1167127306	0.0570701524	0.0235371278	-0.0429413611	0.0359246477	0.0026947827	-0.1014033546	-0.0077485092	-0.0816471871	0.011007455	0.1169566858	-0.0064329361	0.1042171193	-0.0451756839	-0.0069143321	-0.1762141921	-0.0096650739	-0.0378168318	-0.0906994389	-0.0991472036	0.0598667624	-0.0026060385	-0.0236169042	-0.004828966	-0.0057721334	0.0325823877	0.0131619096	0.0087247961	0.1230396846	0.0733302481	0.0076345766	0.0542412922	-0.1637958378	0.063980657	-0.0020751726	-0.0541058563	-0.0235834253	0.0605220094	-0.0053502221	0.0062350759	-0.1190141666	-0.0745583307	0.0423964516	-0.2178860196	0.0555633906	0.161132403	0.0625521701	0.0871542882	0.008301527	0.0941590645	0.0371927824	-0.0337045224	0.0	-0.0585781045294311	-0.0033440649094843	1.1182770118844247e-05	0.0034313943302609	0.0101830665457214	-0.0990363290229651	0.009808194466345	0.0001036948442745	0.0478841174728046	-0.0138245290677972	0.0022928887061493	0.0001911176039463	0.0004650275824261	0.0005750385315893	3.306693128123783e-07	2.1625065241706322e-07	0.0002089373748017	0.0003599295138797	4.365482658902606e-08	1.2954925496167717e-07	-0.0002690484847463	-0.000124040180584	7.238708714428003e-08	1.5385966399311328e-08
700.6773406586715	-0.2071910198246769	0.0429281186959896	490948.735712508	649.2805447877553	-3.8457224237083674	14.789580960213351	421565.2258398843	640.0031329971271	-0.7329646821167444	0.5372372252305001	409604.0102461383	648.5877524305837	682.6627002788824	0.9843670000000002	17.494595	0.0593890316595535	0.0423657485544987	0.0531120814	-0.0034466309	0.0356725873	0.0218818003	-0.0432978167	-0.1610748988	-0.0408882355	0.0176412419	0.0065997138	0.0932260224	0.1130286913	0.0093763424	0.1433472314	-0.0717244068	0.1226565693	0.0687849924	-0.1833177291	0.0043100612	0.0703530016	-0.0588480379	-0.0854462656	0.0793487271	0.0405863796	-0.0017227247	0.0470740058	0.1063820606	0.0063037941	-0.1570712335	-0.0172038172	-0.0624848586	-0.0679054368	-0.0966654608	0.1061110489	-0.0202870073	-0.0620358243	-0.0111763134	0.075756399	-0.0203063063	-0.0284914973	0.0130607217	0.1154590914	0.1508276995	0.0970286615	0.1619732607	0.0302915349	0.1587772322	-0.1087616396	0.1071033416	-0.079593209	0.1124868811	0.10716346	0.0447033299	-0.0365755798	0.0083255935	0.0890050949	-0.0716363192	0.058592745	-0.1336480691	0.1319289155	0.0024037984	0.046420989	-0.0152758017	-0.0825695955	-0.1385348226	0.1197325634	-0.0193387312	-0.0537348448	-0.0943371947	0.1201864529	-0.1955216371	-0.0650782451	0.00271975	0.0802616364	0.0285362968	-0.0932216323	-0.0085582598	-0.0140352655	0.062434881	-0.0946251068	-0.0495053678	-0.1282633711	0.0697277282	-0.0466057739	0.0136610706	0.0519050153	-0.1157922176	0.1521551799	-0.0144274943	-0.1286480888	0.1010460314	0.0809774239	-0.0417585821	-0.065802834	0.1870946148	0.028853523	-0.0582981989	0.1180958093	0.0927149366	0.0325341047	-0.0406438432	0.0	-0.0585789895658166	-8.850363854978616e-07	7.832894036551194e-13	0.003431498018552	0.051194578436025	0.0410115118903035	0.0016819441075285	0.0026208848612423	0.0479097262873224	2.560881451780378e-05	0.0022953418729261	6.558113810072777e-10	0.0002170121032494	-0.0002480154791767	6.15116779112481e-08	4.709425295672825e-08	8.99710336270676e-05	-0.0001189663411746	8.094786891922931e-09	1.4152990332479038e-08	-0.0002690097867307	3.86980155999664e-08	7.23662653568967e-08	1.497536411375243e-15
701.9285560673703	1.2512154086988403	1.565539998965406	492703.6978228234	652.0686330900861	2.7880883023308343	7.773436381594034	425193.5022599733	640.9326169761595	0.9294839790323975	0.8639404672778986	410794.6195039083	649.0360877430096	684.0440209671976	1.053435	18.722095	0.0544437499015068	0.029201232953689	0.0503569339	0.0535965364	-0.0289778522	-0.1155335921	-0.0261899544	0.1043912871	-0.1395968622	-0.0404382157	-0.0196372323	-0.0620474579	0.0876208452	-0.1381571825	0.0872766098	-0.0525070693	0.1573089251	-0.0120079643	0.0662955115	-0.0316749747	0.0836152156	0.0910517908	-0.0230508522	0.077463649	-0.0056968424	-0.0056762646	0.1596076453	-0.0379167149	0.0433020849	0.0058564614	0.0100071041	-0.1435996768	0.0206647364	-0.0109389369	-0.0315414524	-0.0463348673	-0.0140751728	0.0085192158	0.0885512051	-0.0028802437	-0.1316359671	0.0477572741	0.0334360256	0.0956908827	0.0793835972	-0.0652816438	0.3428382922	0.0412172494	0.0818797215	0.1014279688	-0.0109826487	0.0366912857	-0.1239626633	0.0198068821	0.0785802128	0.009323531	0.0654460978	-0.0869447128	0.0069788295	-0.143744791	0.1271938071	-0.0832986347	0.0013891344	-0.0791798547	-0.0773556431	-0.0156547307	0.1103419754	0.0296372275	-0.1382088366	0.0216848986	0.022486197	-0.0414212831	0.1278971104	-0.0461141562	-0.0219615205	0.0451259462	0.0842675327	-0.0224953845	-0.0669309136	0.0483252692	-0.0469264647	0.0429075049	-0.0963641976	0.0775828359	0.0494593417	-0.068482403	0.1399373112	0.0547306783	-0.0781048791	-0.167614444	0.0083927002	0.0749958054	0.0816045302	-0.1134074737	-0.0821712127	0.0823416346	-0.0649220852	0.1076985461	0.0872992058	0.0912295932	0.0278175825	-0.0474206018	0.0	-0.0586056416931484	-2.665212733179989e-05	7.103358913104748e-10	0.0034346212382656	0.073157867549412	0.021963289113387	0.0004823860686782	0.0053520735843773	0.0532637654898167	0.0053540392024942	0.0028370287141541	2.8665735781845767e-05	-8.402030961600712e-05	-0.0003010324128654	9.062051359556895e-08	7.059412427969697e-09	-0.0001509887396633	-0.0002409597732903	2.279759950511178e-08	5.8061612344145353e-08	-0.0002690065837206	3.203010100042997e-09	7.236454208502816e-08	1.0259273700977452e-17
704.8943380725372	2.965782005166829	8.79586290217138	496876.0278467203	655.0770410629216	3.008407972835471	9.050518531020028	429125.92972775263	642.4749301899833	1.5423132138238316	2.378730049535596	412774.035922624	651.8888481432638	700.6003503097825	1.036668	18.424107	0.0950337970949475	0.05107577924029	-0.0317051533	-0.0232255518	-0.0936906789	-0.0251024845	0.0740279472	0.0093795468	-0.0023662248	-0.0263485805	-0.0416031312	-0.1906872458	0.0658787683	0.0492412327	-0.0166766981	-0.0863533336	-0.0712472271	-0.1216881987	0.1081045981	0.0124924266	0.0183410092	0.0005105475	0.0556038492	-0.0307265705	-0.0870413819	0.0883123264	-0.1362403532	-0.1028027968	-0.1609928625	0.021905378	-0.1639570459	-0.1824347538	0.087959017	0.0099157389	0.0198087074	0.0172803315	-0.1527432883	-0.142407737	0.0766656277	0.0083522912	0.0871696747	-0.1922824219	-0.1384870205	0.0868506927	-0.0617052447	-0.0497226553	-0.0519298266	0.1086874022	-0.1882276934	-0.0798166399	0.0407157273	-0.0260120962	-0.0204199274	-0.0023093632	0.0019427313	-0.0844834087	-0.1095035706	-0.0220925998	-0.1131335448	0.0198283194	0.1062878682	-0.0008935183	-0.1562098833	-0.1966811734	0.083337416	0.0577509455	-0.0761849412	-0.1030320744	-0.0632383814	-0.0007602616	-0.0093518146	-0.138587112	0.1069815437	0.1114842962	-0.0545970531	0.0503594227	0.005194288	0.0427805598	0.1204711859	0.0404341025	0.0479052834	-0.0482380738	-0.0947922283	0.084796748	0.0906040812	-0.0682747752	0.0243820843	-0.0017899258	-0.1965229127	0.0492896988	-0.005062755	0.093932663	0.1349677044	-0.1093478855	-0.0396998842	-0.1391405672	-0.1404164119	0.1059607317	0.039558084	0.0897036946	0.0230516017	-0.0540076933	0.0	-0.0739188951285854	-0.015313253435437	0.0002344957307779	0.0054640030570308	0.0291442596576985	-0.0440136078917135	0.0019371976796455	0.0008493878709953	0.04795689181487	-0.0053068736749466	0.0022998634725431	2.816290820184229e-05	0.0002470169474851	0.0003310372571011	1.095856655890245e-07	6.101737234485665e-08	0.0001259667190145	0.0002769554586778	1.5867614299277995e-08	7.670432609143059e-08	-0.0002690151097987	-8.526078100045548e-09	7.236912930000662e-08	7.269400776807628e-17
705.8292485940092	0.934910521472034	0.8740576831591104	498194.9281707836	656.5857004116382	1.5086593487166056	2.2760530304700124	431104.7819850415	643.14128941248	0.6663592224966806	0.4440346134063806	413630.7181471473	653.1393093113194	716.0008335997038	1.040093	18.484987	0.064850650666966	0.0520567821098737	-0.1102532906	-0.0287427123	-0.038450993	-0.0553625138	-0.121388266	-0.07519583	0.0600409886	0.0993852574	-0.0001034165	0.0001501087	-0.0095868083	0.0129033714	-0.1661459047	0.0296891296	-0.0330332037	-0.0417825591	-0.0041518632	0.1329784347	0.0575556286	-0.0206898649	-0.058676552	-0.1793609543	-0.0665513102	0.0574437342	-0.0473847131	-0.0730032481	0.0404405819	-0.1084248207	0.1365842246	0.0270809715	-0.0094700033	0.0472029269	-0.0342744927	-0.0622343885	0.0764026658	-0.0207399301	0.1217500877	0.021227001	-0.0622893987	0.0807535949	0.1727725046	-0.0998657379	0.1703890537	0.1534703614	-0.0066093811	-0.122635467	0.0045939224	0.0589897715	-0.1169182388	-0.074302605	0.0439808254	0.1017819721	-0.0907658427	-0.0581084607	0.0064534187	-0.0026388027	-0.1050417449	0.0868909327	0.0255135315	-0.0406775581	-0.106861989	-0.0042037793	-0.00335055	0.0511067909	0.0699934096	-0.0018026639	-0.0760526337	0.0202522298	-0.154038305	-0.0452919023	-0.0891850788	-0.1456559527	0.1766762094	0.0905024478	-0.1128156457	0.0530286702	0.0079100847	0.0200052784	-0.0967240067	-0.0392725471	0.0416006614	0.0642605064	-0.0112252344	-0.0168320533	-0.0349410472	-0.014103767	-0.0862774441	0.0903278795	-0.0621567285	0.0651465858	0.0376550443	0.0487262561	-0.0814427735	0.0421792912	-0.1137687896	0.1600108398	0.0664007566	0.0881379191	0.018244636	-0.0603787714	0.0	-0.0752550603534984	-0.0013361652249129	1.7853375082667849e-06	0.0056633241088086	0.0291810742395597	3.681458186120118e-05	1.3553134376150828e-09	0.0008515350937746	-0.0022698409487063	-0.0502267327635763	5.152177932423917e-06	0.0025227246841037	0.0004140037516798	0.0001669868041946	2.7884592775159072e-08	1.7139910640494948e-07	2.794434867658957e-05	-9.802237033791042e-05	7.808866229588132e-10	9.60838508666246e-09	-0.000269005522399	9.587399700040132e-09	7.236397108115888e-08	9.191823300832958e-17
704.4385020598526	-1.3907465341566194	1.934175922268649	496233.60318432894	657.1170799424287	0.5313795307905593	0.282364205743195	431802.8567520643	641.8078374043727	-1.3334520081073151	1.7780942579254313	411917.3001536776	652.2415822103254	717.2429170634506	1.023086	18.182726	0.1158809814195468	0.080471188630083	-0.1040690311	0.0516961002	-0.0298349215	-0.1331882377	-0.0406579568	0.0986017241	0.0143781733	0.0256949881	0.1057747196	0.1166435653	-0.0093595412	-0.0305635965	-0.1070798788	0.1525618532	0.0716659749	0.0664835834	0.0534196502	-0.0329188972	-0.0176464572	0.0905273404	-0.1030012388	-0.0163938565	0.0232218269	-0.0457416222	0.0626337834	-0.181670939	0.0957710987	-0.0247074482	0.0289150945	-0.0271878916	-0.1514173254	0.0516116815	-0.0008490311	-0.0424503371	-0.032503847	-0.0552745618	-0.0496161012	-0.0741598858	0.0621315332	-0.0719444591	0.0485196195	-0.0948337967	-0.048426969	0.0116794134	0.1416017682	0.0288276548	0.108050288	0.1999261292	0.0264245575	-0.0678411999	-0.064092977	0.0448745023	0.0062014242	0.0336373571	0.1326605217	0.0087071312	-0.0291962893	0.0801492668	-0.0731977031	-0.1773768077	0.1851341766	0.0657175773	-0.0145951737	0.0509659509	0.1357886205	-0.0374281055	0.0285703519	0.083254815	-0.02490164	-0.1693793286	-0.0549964236	-0.1588295728	0.1121808931	0.1302734886	0.0557387073	0.0423094754	-0.0963118345	0.0311915693	-0.0956918976	0.0187400611	0.0440355486	0.0362277943	-0.0469036808	0.0178026467	0.0467123248	0.1003159999	0.0050186319	-0.036119524	-0.0183731872	0.0324313493	0.1909240366	0.0359398251	-0.1103411458	0.0447309797	0.0012455083	-0.068313866	0.022507626	0.0865329627	0.013405232	-0.066508354	0.0	-0.0885886563017379	-0.0133335959482395	0.0001777847809109	0.0078479500253474	0.1064480126123754	0.0772669383728157	0.0059701797655084	0.0113311793891244	-0.0088976322549285	-0.0066277913062222	7.916785974394402e-05	4.392761759883457e-05	0.0006069795121044	0.0001929757604246	3.7239644111452635e-08	3.6842412811449546e-07	-0.0001515815824613	-0.0001795259311378	2.2976976141471893e-08	3.222955995092627e-08	-0.0002684540981161	5.514242828999938e-07	7.206760279532866e-08	3.040687397717724e-13
702.5007673327909	-1.9377347270616383	3.7548158724606417	493507.3281031601	653.6121100394048	-3.504969903023948	12.284814021103704	427208.790390163	640.4778156650364	-1.3300217393363027	1.768957827107164	410211.8323590563	649.7409698965704	703.5701919888281	0.948801	16.862497	0.1289314401532447	0.0559387095642407	-0.0455009434	0.0690855011	-0.0134659373	-0.0810202312	0.0215187314	-0.026118022	-0.0160508627	-0.0664996666	0.0146201745	-0.037636205	-0.0850070047	0.0622280708	0.0094623677	0.13399161	0.0446850314	0.0424631155	-0.002341766	-0.0428839246	0.0447140158	-0.0103021432	0.1031685909	0.010518488	-0.0858112021	-0.0183151381	0.0147350503	-0.1519579108	-0.0613512621	0.012431638	0.1158324481	-0.025831288	-0.0891288522	0.0248072574	0.075057029	0.0440570745	-0.0097536516	-0.0266927866	-0.0315055424	-0.0773872652	-0.098706079	-0.1953672546	-0.0579221051	-0.0119280374	0.0069330703	0.0916436354	0.0284918104	-0.0350822332	-0.0277349046	0.1082349928	0.0273985092	0.0043975951	0.0096927458	0.0246437301	0.1121486673	-0.0196940477	-0.0853319133	-0.0085380406	-0.0574507603	0.0791012788	0.042047006	-0.0963680849	0.1879243201	0.0887068592	0.0353594574	0.0313338592	0.0201594856	0.1101203538	-0.0450493035	0.0923688411	-0.0295441834	-0.2723759347	-0.0559432038	-0.0437128675	0.0550641365	0.1235158011	-0.0265579841	0.0434865712	0.0448146608	0.0588116754	0.0250891236	0.1569559363	-0.0441453581	0.0226374547	0.0289505402	-0.0058079504	0.0177164183	-0.0646416076	-0.0959036958	0.0155751628	0.0076233025	-0.0494056333	0.1552792922	-0.0385072572	0.0154319456	0.0186316566	0.0806123815	-0.1896617956	-0.0757992087	0.0848895389	0.0085419939	-0.0723719246	0.0	-0.1054950141868715	-0.0169063578851336	0.0002858249369402	0.0111291980182882	0.0666296565925677	-0.0398183560198076	0.0015855014761201	0.0044395111376435	0.0094861706894349	0.0183838029443633	8.99874343490938e-05	0.0003379642106971	0.0011510338527707	0.0005440543406663	2.959951255978425e-07	1.3248789302241616e-06	0.0001302012542578	0.0002817828367191	1.695236661030428e-08	7.940156706946296e-08	-0.0005190753868095	-0.0002506212886934	2.694392571914321e-07	6.281103034634057e-08
702.9610774424056	0.4603101096146247	0.2118853970134278	494154.2763989877	652.3073801976728	-1.3047298417319553	1.7023199599058931	425504.9182603513	640.4845642766134	0.0067486115769952	4.554375821715424e-05	410220.4770766033	649.8730916763647	699.7300319515717	0.947894	16.84638	0.1068109016183171	0.0509754568787346	-0.0513812419	0.0584835243	-0.0430713132	-0.0432983023	0.049072156	-0.1061331569	-0.0006256691	-0.0797583155	0.0446588794	0.0079140025	0.1531197077	-0.0160482187	0.0198088094	0.0707701796	0.0420961494	-0.0389162396	-0.0258670171	0.0043306093	0.0823477388	-0.1218483507	-0.0506257859	0.2009491394	-0.0533361668	-0.0380687852	0.1075242128	-0.1085015013	0.1127286569	0.0337831625	0.0792190046	-0.1496342647	-0.0561149649	-0.0519420301	0.0123129347	0.0510129429	-0.0660761134	-0.0652189436	-0.0253386236	-0.0644117497	0.0628226497	0.0859039297	-0.0229164215	-0.2014347753	0.0750129314	-0.0086177872	-0.0082045846	-0.0308949465	-0.0201798187	-0.0278239301	0.0341640071	0.0202301316	0.1148069964	0.0429960468	0.0988893916	-0.1166345232	0.0864007239	-0.105435249	0.0287496059	-0.0177379654	0.130298511	-0.1500498721	0.0634947562	0.0393704316	0.041532126	0.0740760587	0.0358749446	-0.0163749928	0.0706655363	0.1333088727	0.0322388493	0.0275417	0.0748945593	-0.1536545398	0.0676657779	0.1569183192	-0.0732533232	0.0387915296	-0.0408609368	-0.0071826817	0.0543027881	-0.0927554124	-0.1424883219	-0.1324396728	-0.0105989037	-0.0768923241	0.0999955478	-0.1009092846	-0.1060246553	0.0903190377	0.0027916609	-0.0603552072	0.0675542617	0.0329649127	-0.0789761672	0.0625575739	0.0261250271	-0.0272998428	-0.0010477691	0.0832083783	0.0036635686	-0.0779460309	0.0	-0.1166225236878659	-0.0111275095009943	0.0001238214676947	0.0136008130313268	0.1093159314316665	0.0426862748390988	0.001822118059639	0.0119499728647728	-0.0119909182025779	-0.0214770888920128	0.0001437821193409	0.0004612653472754	0.0008550058475071	-0.0002960280052636	8.763257990034603e-08	7.310349992713344e-07	4.588482208167655e-05	-8.431643217612344e-05	2.1054168974671124e-09	7.109260734910825e-09	-0.000269019256525	0.0002500561302845	7.237136038126376e-08	6.252806829285887e-08
704.1808156422271	1.2197381998215633	1.4877612761039478	495870.6211185522	652.8719565331716	0.5645763354987139	0.3187464386051563	426241.7916274514	640.7377051356096	0.2531408589962893	0.0640802944933792	410544.8067824474	650.6668514540147	708.9546073113215	1.115886	19.832018	0.1179718737916319	0.0615542747744332	-0.1124473437	0.0936902806	0.0235393391	-0.1956379507	0.0469820628	0.0331062652	-0.0918800895	0.1788511802	0.0724636218	-0.1006721292	-0.0054830998	-0.0108879501	-0.0812177881	-0.0252628167	-0.0634252591	-0.1693555293	0.1118294784	-0.0780233402	0.1285557742	-0.0765073601	-0.0507504281	-0.0027559711	0.1702980955	0.1546107194	-0.0132426744	-0.1086685438	0.003468669	0.0034256102	0.1548642974	-0.0546318825	-0.0142738973	-0.1053120691	-0.0913933244	-0.0186678897	-0.0639146346	0.0300404197	-0.0049044404	0.0861891815	0.0721808467	0.085073964	-0.043737316	0.0151212123	0.0723611297	0.0227628128	-0.0579621797	0.1161675553	0.177714714	-0.0253987084	0.074467312	-0.0317441621	-0.072623903	0.2419462823	-0.1217034143	-0.0132388928	-0.0303306756	-0.0890562642	0.0144663234	0.062165445	0.1165374262	-0.0685309311	-0.0151357903	0.0449188806	0.0898657	-0.015161639	-0.1303268785	0.0303971276	0.1028154167	0.0206299282	-0.0404171404	0.1212396203	0.0761213805	-0.0347916925	0.1884732752	0.2259741875	0.085194086	0.0700151188	0.0401376275	-0.0187452307	-0.2022383959	-0.0793504863	0.0052530923	-0.0937323356	-0.0991766489	-0.1312596779	0.0631430325	-0.0879638413	-0.1006547988	0.034439417	0.022171965	-0.2441727027	0.1335147206	0.0614285784	-0.0567534354	-0.0816592456	0.0250141677	0.0184092899	-0.0539753159	0.0814902283	-0.0012213705	-0.0832083783	0.0	-0.1343479203795965	-0.0177253966917306	0.0003141896878792	0.0180493637103224	0.0725865070741491	-0.0367294243575174	0.0013490506136345	0.0052688010092254	-0.0539786894428075	-0.0419877712402296	0.002913698913963	0.0017629729337218	0.0011719904146963	0.0003169845671892	1.0047921583612445e-07	1.373561532140005e-06	-6.715760254261127e-05	-0.0001130424246242	4.510143579271348e-09	1.2778589764937792e-08	-0.0002684606182954	5.586382295999785e-07	7.207110357554847e-08	3.120766715705984e-13
706.0633820269568	1.882566384729671	3.544056192914144	498525.49943934433	657.7965949786985	4.924638445526966	24.252063819162256	432696.36036556994	641.6391302726936	0.9014251370839474	0.8125672777668135	411700.77349709865	652.2598958447084	720.3932129680624	1.126543	20.021404	0.0423452159545831	0.0235702752358094	-0.1479311827	0.060843064	0.0805181214	-0.1446700339	-0.1271060176	0.0113692048	0.0544097903	-0.0431557045	0.1104084599	-0.1433778587	-0.0638479195	0.108668526	0.0065963618	-0.0668532386	0.073718354	-0.1666165827	0.1531964663	0.0567657635	0.1740351303	-0.0140740912	0.1647708878	-0.0634804579	-0.1542163894	-0.0410307344	0.0047903192	-0.0136592889	0.0780753467	-0.0837943232	0.0712220548	-0.0597109266	0.0736004427	0.0146145805	0.0101987739	-0.0234162456	-0.0499196797	-0.0078819624	-0.1715367857	-0.1375708646	0.0686735812	0.0802715821	0.0627000033	0.0721377013	0.0879770645	0.0202615355	-0.0503387344	0.0873646127	0.0436626877	0.0357810452	-0.0592411619	-0.1311809324	-0.0444246381	0.1529880217	0.1572886222	-0.1030896048	-0.1873377451	0.1020712735	0.0796385195	-0.0325166904	0.0349722012	-0.0850404578	-0.0315783115	-0.0839078013	0.022757944	-0.0560588222	-0.075515498	0.0279364024	0.0623434406	0.0014947221	-0.0079742897	-0.0794530913	0.0547964839	-0.1769447843	3.35382e-05	0.2113775065	-0.0884170849	0.0877353949	0.0360202077	0.0477969258	-0.004738104	0.1898162863	0.0105233535	-0.0813975663	-0.0519479769	-0.0407252692	0.0653961113	-0.1490163142	-0.0887758416	-0.028815436	0.0378427802	-0.1276899677	0.0547714032	0.107858594	0.0671008392	0.0077751836	-0.0052539228	0.0300813675	-0.0999571988	0.0797358525	-0.006104138	-0.0881379191	0.0	-0.1342524100256525	9.551035394400607e-05	9.122227710509318e-09	0.0180237095976959	0.0666337669286747	-0.0059527401454743	3.543511523954251e-05	0.0044400588951049	-0.0507914286413822	0.0031872608014253	0.0025797692234326	1.015863141630228e-05	0.0013349486460955	0.0001629582313992	2.655538518075524e-08	1.7820878877122089e-06	-0.0001519556845184	-8.479808197578873e-05	2.3090530057455513e-08	7.1907147067725865e-09	-0.0006828983979952	-0.0004144377796998	4.663502219844106e-07	1.7175867324249998e-07
706.7127536231367	0.6493715961798898	0.4216834699252179	499442.9161335962	657.0605764776138	-0.7360185010846862	0.5417232339389483	431728.6011610942	643.394590721236	1.755460448542408	3.081641386396712	413956.5993693468	655.3621397739528	723.9795415810734	1.046276	18.594873	0.201898821047904	0.0939630270485751	-0.1618449037	-0.0049817329	0.082850031	0.0329479489	0.0475327341	-0.0496127218	0.1619998312	-0.0478432185	0.06245502	-0.0145072501	0.2073824808	0.0702278906	0.0262829894	0.1044155544	-0.0937887792	-0.0196127362	0.0600879043	0.185096462	-0.0215144914	-0.0520599615	-0.1452030912	0.002345527	-0.0524408693	-0.0236441251	0.0366359976	0.0122565288	-0.0695222865	-0.0604752851	-0.0237533116	0.0402271388	0.0024375242	-0.1088755556	-0.0495977	-0.0090106084	-0.1487206263	0.0582263472	0.0062355977	-0.0529706147	-0.0500286334	0.0778544559	-0.02769095	0.0267403574	-0.0305976535	-0.003156006	-0.0044538288	-0.0127455698	-0.0741136612	-0.0578715797	0.0232857044	-0.1635922705	0.1171581606	0.0025206718	0.0102545083	-0.1833011225	0.1193464537	0.1390640086	-0.0347419193	-0.0027403748	0.0794621761	0.0437510995	-0.0509498451	0.0770878832	0.0063263435	-0.0441902694	0.0010786177	-0.0504186303	0.0290513704	0.0401935129	0.0318370278	-0.0813197282	0.0690806104	0.0312059189	-0.01059476	0.1373510854	-0.0491941996	0.0845630568	-0.0626464951	0.0226633881	0.1383158686	-0.1098038744	-0.0760439887	-0.060644531	-0.0655077498	0.0812442539	-0.0456978083	0.0399322563	0.0024306701	0.0279858013	0.0724122527	-0.0571503737	-0.0355077719	0.1396785571	0.0516565036	0.0588183188	0.0134132382	-0.0330972047	0.0079452079	0.0779460309	-0.0109760526	-0.0927149366	0.0	-0.1110489607157347	0.0232034493099178	0.0005384000598779	0.0123318716760447	0.1287938087598092	0.0621600418311344	0.0038638708004483	0.0165878451748583	0.0005118326618145	0.0513032613031967	2.6197267370011626e-07	0.002632024620344	0.0006150190226662	-0.0007199296234293	5.182986626910538e-07	3.78248398241288e-07	0.0001068903935503	0.0002588460780687	1.1425556233338016e-08	6.700129213154754e-08	-0.0003570327274201	0.0003258656705751	1.274723684490354e-07	1.061884352593596e-07
705.7694971271345	-0.9432564960021635	0.8897328172502798	498110.58307508833	657.3325530611721	0.2719765835582848	0.0739712620040366	432086.08531391865	643.4791208198526	0.0845300986165966	0.0071453375721315	414065.37893109047	653.8699292232689	716.8762210773187	1.016118	18.058893	0.0607918571958854	0.0406153155605903	-0.1406657537	0.0385997107	0.1826482674	-0.0157257236	-0.0069894988	0.0616419646	0.0400373084	0.203229176	0.1788016681	0.0130437728	0.0562767966	0.0417274128	0.0866996219	0.0986118572	-0.0620185161	-0.0992945538	0.14420827	0.0939190101	0.0076494953	0.0332082988	-0.139832411	-0.1261744845	0.1683065951	-0.066435657	0.0799256171	0.0154620177	-0.0760465475	0.0255281816	-0.0666735913	-0.0816274001	0.0269171683	0.0910365336	-0.0466834319	-0.0979475025	-0.0130996202	0.1199240812	0.0319174217	-0.029790399	0.1160223698	-0.0884041199	0.0101830791	-0.0262573322	-0.125340222	-0.0933342486	-0.0064379058	0.0109834819	-0.049351466	-0.0281173112	0.0251678663	-0.144004487	-0.044896345	0.1318098602	-0.124693293	0.0109476916	0.0739640278	0.1572065395	0.0054842054	-0.0077396898	0.0040016234	0.0755424733	-0.0397172879	0.0710139419	-0.0016912281	-0.1210328096	-0.0723696164	0.0340959703	0.08810959	0.0650297839	0.0616154885	0.0801119398	0.0487236706	-0.1026390201	-0.2017348298	0.1282059143	0.0516083135	0.0574559008	-0.0279198712	0.0277821592	-0.1015778698	-0.1238073981	0.0863867083	0.066040419	-0.0636427393	0.0484013456	-0.1452808178	-0.0039737052	0.0077584511	-0.0864488586	-0.0213500665	-0.0701579047	0.0571189076	0.1357462401	0.0798173392	0.0067952846	-0.1056762213	0.084723736	-0.0447003846	0.0761215592	-0.0158284522	-0.0969211244	0.0	-0.1136267582907066	-0.0025777975749719	6.64504033753106e-06	0.0129110401996546	0.0901688686258523	-0.0386249401339569	0.0014918860003517	0.0081304248692662	-0.0057266022653621	-0.0062384349271766	3.279397350565033e-05	3.891807034061691e-05	0.0004640297316307	-0.0001509892910355	2.279776600740293e-08	2.1532359183725946e-07	0.0001864254935315	7.95350999812e-05	3.475446463846335e-08	6.32583212901948e-09	-0.0003205434272412	3.6489300178899975e-05	1.0274808874753449e-07	1.3314690275458699e-09
705.8113098795668	0.0418127524322926	0.0017483062659641	498169.6051539099	658.6015980006144	1.269044939442324	1.6104750583241718	433756.06488896295	643.0395487523806	-0.4395720674719996	0.1932236025016082	413499.8612596653	653.6726880545814	718.5638792105526	0.8519919999999999	15.141979	0.0273754989732216	0.0159258791036094	-0.1361539678	0.0364448884	0.2117196624	0.0384240411	-0.0107893744	0.1086668578	0.1222734932	0.0250173419	0.137099441	-0.0627101477	-0.0476874654	0.1207613094	0.0707824779	0.1013771319	-0.085713691	-0.1147104244	0.1715136792	0.128085233	0.0031582803	0.083005655	0.0732770893	-0.0563454135	-0.0109753691	-0.0338786048	-0.0847749664	0.1004494613	-0.048212632	-0.1211638623	0.0410946929	-0.0485322532	-0.0157357444	-0.0149024975	0.0691874297	-0.005211241	-0.0682990649	0.1574888729	-0.1665647337	0.1134185704	0.0443642925	0.0412150764	0.031187136	-0.1319186454	-0.1328323252	-0.0504195758	0.0191770836	-0.1367988719	0.0261158049	0.0611310309	0.0232080229	-0.1793967538	-0.0520846994	0.0288905047	0.0347017248	0.0245367349	-0.0683579012	0.1887411289	-0.0380678623	-0.0435090918	0.0407068767	0.10168526	0.002741117	0.0420906986	-0.0049334972	-0.0676166389	-0.0909125289	0.0324645841	0.0047810291	0.0639803927	-0.0452106018	-0.0710521973	-0.065954194	-0.0529429554	-0.0283815361	0.1201199816	0.0305920352	0.0519187428	0.0276342388	0.0728411946	0.0357174498	0.0940882797	0.0666654971	0.079845192	0.0079796134	0.1049661612	-0.092199938	-0.0071645801	-0.1225443041	-0.0703418142	-0.0166655407	-0.0032780012	0.0174318066	0.0813933759	0.1249884625	-0.011276384	-0.10743806	-0.0537147922	-0.132998453	0.0742632484	-0.0206527093	-0.100739659	0.0	-0.1165392149387685	-0.0029124566480618	8.482403726839897e-06	0.0135813886185444	0.0901425675293268	-2.630109652550228e-05	6.917476784437878e-10	0.0081256824807792	0.0003631106648072	0.0060897129301693	1.3184935489672677e-07	3.708460357187116e-05	0.0007500268240326	0.0002859970924018	8.17943368623409e-08	5.625402367684287e-07	0.0002059029521752	1.9477458643700008e-05	4.239602571446271e-08	3.7937139521704414e-10	-0.0002590774123175	6.146601492370001e-05	6.712110557313189e-08	3.778070990600512e-09
705.4826816378189	-0.3286282417478787	0.1079965212743022	497705.8140908882	655.9018035832366	-2.6997944173778023	7.288889896104347	430207.17594374274	642.2997475832783	-0.739801169102293	0.5473057698051195	412548.965745543	653.3366706043768	713.4373391122843	1.013454	18.011549	0.0829764414516968	0.0385810795854647	-0.1266115247	-0.0148825235	0.1265902687	0.1676320039	-0.0296549676	-0.0971881577	0.1559558909	0.0414294558	0.0275163084	0.0309229169	0.1230571029	-0.0256707611	0.1709461229	0.0472046606	0.0554386937	-0.0070636349	0.0650767916	0.0864752012	-0.0204205188	-0.1265253006	0.0685093195	-0.0074147122	0.0490563107	-0.0390677619	-0.0212300058	0.117808434	0.1820198089	-0.0670346572	-0.0115422346	-0.0421077821	-0.0850836394	-0.0768022429	-0.0517418468	-0.0178299465	0.0069272989	-0.0043785363	0.0543616206	-0.1299278247	-0.1457403846	-0.0198496357	0.0557841456	-0.1543448779	0.0430865676	-0.0267078225	0.0283840022	0.0390199243	-0.1162199487	-0.003397531	-0.033497752	-0.1100276069	0.1386906117	0.0390433853	0.0139768473	0.0143365195	-0.0152004643	0.0861837759	0.031181657	-0.2055068063	0.0467364518	-0.048760154	0.0065656892	0.0346643452	-0.1446834402	0.1062624196	0.084785169	0.0181964304	0.0288114313	-0.017526413	0.024699177	-0.0221306341	-0.0835284392	-0.0619207546	0.005548961	0.1022567707	-0.1203954781	0.0649327858	-0.008932577	0.0342822012	0.1138698673	-0.084313949	-0.0113045152	0.0658895638	-0.0870173377	0.1652542684	0.0624393537	-0.1142678173	-0.0354629291	-0.0347604771	-0.056167172	0.1800325887	0.0555119098	0.1074427493	0.0793124979	-0.0943035121	0.0393361653	-0.0410475485	0.0062456349	0.0723719246	-0.0254402467	-0.1041552675	0.0	-0.1080473285303043	0.0084918864084641	7.211213477425896e-05	0.0116742252025355	0.1163052666856856	0.0261626991563588	0.0006844868271461	0.0135269150588284	0.013954544369696	0.0135914337048888	0.0001947293085658	0.0001847270701543	0.0004459827904803	-0.0003040440335522	9.244277433875209e-08	1.9890064940459523e-07	-0.0001515503583862	-0.0003574533105614	2.296751112698566e-08	1.277728692313047e-07	-0.0002259663127915	3.311109952599999e-05	5.1060774516586016e-08	1.096344911820677e-09
705.8225261019472	0.3398444641283049	0.1154942597986547	498185.438352934	657.7618139766679	1.8600103934312529	3.459638663672284	432650.6039258767	641.7749760593404	-0.5247715239379431	0.2753851523361512	411875.1198959669	653.3380451953957	720.3195350917224	1.018126	18.09458	0.0834028458698914	0.0359419768023092	-0.1474255294	0.0257388704	0.1125096212	0.0130898067	-0.0676772133	0.1375943207	0.1131704672	0.0948581127	0.0203784307	-0.0568817954	0.0626382562	-0.1956518542	0.2114642764	0.1001800187	-0.0712490099	0.0155231216	0.1095349168	0.0375031817	0.0308720312	0.0298155632	-0.0707551849	0.0959972252	0.0781601969	-0.0776147661	-0.0251518181	0.1139925274	0.1079648232	-0.0827155482	0.0360645045	0.0012870649	-0.0102065023	0.1005755805	-0.0303774452	-0.0767571733	0.0122609248	-0.0675031354	0.0002082431	0.0940489596	0.0534683821	-0.2403313926	-0.0183110609	0.1029152743	-0.0569219489	0.1418266097	0.0353280532	-0.174649669	-0.0944204756	0.0290116881	-0.0119128284	-0.1604006906	-0.0597893956	0.0480496939	0.0090942292	0.0836419013	0.1315291147	-0.0218591989	-0.1234830453	-0.20838385	0.0248481481	0.0315632244	0.0152911504	0.0400700355	0.0131702703	0.031761389	0.0500469684	0.096810698	0.167778842	-0.0621813674	-0.0823459648	-0.0884295473	-0.0232526752	0.0856814356	-0.0391629094	0.1062901552	0.0559174399	0.030411507	-0.1203580219	0.0350551725	-0.036056528	-0.0294002155	0.0722345508	0.0244812087	-0.080525791	0.1874933612	0.086618461	0.1613516303	-0.0218915649	0.0108152321	0.0066045863	0.078785216	0.0386450229	0.10005211	0.0835397272	0.0673189837	-0.0497675011	0.04117044	0.111453261	0.0704484286	-0.0301825523	-0.1071542885	0.0	-0.121579130742063	-0.0135318022117587	0.0001831096710981	0.0147814850319956	0.1333787064352805	0.0170734397495948	0.000291502344883	0.0177898793303487	0.0294256961704988	0.0154711518008028	0.0008658715951185	0.0002393565380434	0.0007120286130648	0.0002660458225844	7.078037971466323e-08	5.069847458229826e-07	0.0001358507843518	0.000287401142738	1.8455435608999267e-08	8.259941684710825e-08	-0.0004190483896237	-0.0001930820768322	1.756015528462163e-07	3.728068839383558e-08
705.8495202263234	0.0269941243761877	0.000728682750837	498223.5452037309	658.7061667354344	0.944352758766513	0.891802132989924	433893.8140952899	641.5827883141853	-0.1921877451550244	0.0369361293877726	411628.4742610048	652.8898440189382	721.337919136484	1.039052	18.466475	0.0690193283612927	0.0452170924136102	-0.1432726255	0.0053811598	0.0486797763	0.1128710547	0.0941793336	0.0837898781	0.1625998986	0.0352825586	0.0193871532	-0.0578212203	-0.0243301973	0.0958825621	0.0932422082	0.0074143373	0.0051323451	0.0289652969	0.1629551192	-0.0763032682	-0.0104190075	-0.0213759251	0.0367241331	0.0901777492	0.0516900709	0.0393922168	-0.0441576261	-0.0194569049	-0.0067563409	-0.1878915544	-0.007340192	0.0846727357	-0.0893098929	0.1578063133	0.0622557468	-0.1623572974	-0.0428212718	-0.0306365587	-0.0032859848	0.0338631744	0.0544079762	0.038817376	-0.0692618467	-0.0256239448	0.1002734626	0.0567211778	-0.0343924277	-0.0331755322	0.050620235	0.0210638523	0.1212675353	-0.1476470426	-0.02206335	-0.0418457623	0.0300658434	0.0475778806	-0.112855251	-0.0299358548	0.0038764241	-0.0538084447	0.0614136978	0.1218001815	0.036505859	0.1485941172	0.0042339768	-0.0513628429	0.0010147786	-0.0854199036	0.1017236403	-0.0183042189	-0.1463884926	0.0391683846	0.0720237208	0.0163345491	0.1582493635	0.0962869683	0.0762932154	0.0651184496	0.0864621029	0.0821914187	0.1266448551	0.0254901756	0.0250630865	0.0195481822	-0.0541668095	0.1983858741	-0.0501054261	0.0687088799	0.1073095814	0.0540880886	-0.0136130177	0.0665366793	0.0930755836	-0.021605863	0.0797807677	-0.0095029093	-0.1342522981	-0.016395316	-0.1555400677	0.0684936154	-0.0348711943	-0.1097247271	0.0	-0.1215121304566793	6.70002853837004e-05	4.4890382414972975e-09	0.014765197848121	0.0901340835015247	-0.0432446229337557	0.0018700974126827	0.0081241530086598	0.0187674405374806	-0.0106582556330181	0.0003522168243278	0.0001135984131387	0.0008190330900463	0.0001070044769815	1.1449958094084373e-08	6.708152025907905e-07	0.0002158752305034	8.00244461516e-05	4.6602115144896086e-08	6.403911981870328e-09	-0.0003050883225741	0.0001139600670496	9.30788845710781e-08	1.2986896881949329e-08
704.4643001265481	-1.3852200997753243	1.91883472482156	496269.9501527872	656.0129157766645	-2.6932509587699087	7.253600726915033	430352.9456658011	642.1155350703611	0.5327467561758112	0.2838191062158492	412312.3603786962	653.7744017084059	712.927504646031	1.110932	19.743963	0.0304060475710567	0.014758436219367	-0.1033981427	0.0138317427	-0.0313735973	0.1526703163	-0.0236959755	-0.1272345836	0.1615627651	0.0978075448	0.0152574243	0.0630785946	0.0359336521	-0.1202124877	0.1416232611	-0.0487446455	0.1019319923	0.0255684733	0.0185113943	0.0786200612	-0.0487653069	-0.2015097344	0.0593644044	0.0150497116	0.0463415614	-0.0754202135	-0.0338130206	-0.0443623445	0.0650312103	0.0018513948	0.1177303447	-0.1280722424	-0.0636623934	0.0035192326	-0.0374412129	-0.0032749866	0.0708156279	0.0975016205	0.0611870677	0.1818396961	-0.0310249288	0.0030521098	-0.161350628	0.1665595174	0.1980015372	-0.0137599557	-0.068550932	0.0467139947	-0.0243183657	-0.0881853456	-0.030022259	-0.0744761651	0.1789469703	0.0456588192	-0.0343324364	0.094133096	0.0289662976	-0.0435393279	0.0707595499	-0.1505966635	-0.0382689391	-0.1098737557	0.0568018217	0.011904296	0.0070791339	-0.0328098354	-0.0002510522	0.0807121221	0.0774449741	-0.1237495523	0.0258588023	0.0814849416	0.0598515812	-0.0239857023	0.2081479032	0.0676086775	-0.1221415467	0.0178731024	0.0190359436	0.0500520049	0.0102681025	-0.1037808519	0.0660409918	-0.0317056046	-0.0579432887	0.1506161872	0.0707743341	-0.1105989429	0.0234449961	-0.0044400403	-0.0872398962	0.1126483899	0.0476942108	0.0039280106	0.0533821736	0.0187057128	0.211697406	-0.1021567429	0.0160373359	0.066508354	-0.0394978367	-0.1118563022	0.0	-0.1193613539052336	0.0021507765514457	4.625839774248665e-06	0.0142471328060904	0.0902059109947117	7.182749318700166e-05	5.159188777528769e-09	0.0081371063783858	0.0295517175659796	0.010784277028499	0.0008733040110994	0.0001163006310274	0.0009570630297347	0.0001380299396884	1.9052264250383352e-08	9.159696428849632e-07	0.0002782834524217	6.240822191829997e-05	7.744167989174055e-08	3.894786163003776e-09	-0.0004526334909259	-0.0001475451683518	2.048770771077668e-07	2.1769576703961012e-08
703.974925104894	-0.4893750216540411	0.2394879118188932	495580.6951764412	656.6153416440055	0.6024258673410259	0.3629169256415873	431143.70688227407	641.6122813977694	-0.503253672591768	0.2532642589771024	411666.3196404504	652.119730111509	706.080575324534	0.975851	17.34325	0.0652628261248415	0.0453457979504016	-0.0685838961	0.0768100422	0.0238111801	0.0219431466	-0.0314880729	0.0811887	0.0743706785	-0.0027308967	0.0563779202	0.0277095697	0.1040279782	-0.2329034992	0.0831567398	0.0498181318	0.0582683019	-0.0751689936	0.0202440523	0.0221406306	0.0405609992	0.0217523115	-0.0262407451	0.0988058136	0.011401686	-0.1339358588	0.0052671738	-0.005670695	-0.0184630863	0.054446826	0.0534260453	-0.0588988035	-0.027710853	-0.0312346182	-0.1183154124	-0.0348625288	0.0733386072	-0.0709545054	0.018601508	-0.0168342585	-0.0486903903	0.0361775177	-0.0331253832	0.0417983508	0.0522993306	-0.107193498	-0.0577501256	0.0570543386	-0.0064420274	-0.1363261426	0.0008518683	-0.0649213551	-0.0086935321	0.0412382934	0.0944873089	0.0906825388	0.1412743574	-0.0519527522	-0.0290476004	-0.0869713004	0.0213551587	-0.0438121988	0.0250359597	0.0296531792	0.0731809598	0.0821756072	-0.0014019159	0.0646264937	0.0110856252	-0.008988035	-0.080850742	0.1636144622	0.0943367854	-0.0093263576	-0.0665980659	0.0778173371	0.0287961014	-0.028893346	-0.1220988183	0.0399150005	0.0192173535	0.0015956848	0.0634207439	-0.1032513981	-0.0508980105	0.05050764	0.1557930124	0.0794427094	-0.0118895096	-0.0441746276	-0.0340416624	0.0162214447	-0.0437008321	0.0528841396	0.020436355	0.0510612092	0.0549707089	0.0754177783	0.0666099833	0.064493527	-0.0440542534	-0.1135404882	0.0	-0.1262750929048621	-0.0069137389996285	4.77997869549842e-05	0.0159453990881315	0.1348764739519055	0.0446705629571937	0.0019954591949126	0.018191663225699	0.0296016620252288	4.994445924919738e-05	0.0008762583946558	2.4944490096947382e-09	0.0007960614720843	-0.0001610015576504	2.592150156585509e-08	6.337138673370227e-07	0.0003203475294086	4.2064076986900005e-05	1.0262253959819385e-07	1.7693865727598503e-09	-0.0003831275313878	6.95059595381e-05	1.4678670530730969e-07	4.831078411311994e-09
704.0168068972049	0.0418817923108463	0.0017540845271688	495639.6643937363	655.8407046328612	-0.7746370111443639	0.6000624990346733	430127.02985332784	642.3753105438317	0.7630291460623084	0.5822134777405756	412646.0395962842	651.8475271190445	706.5760725317599	0.941725	16.736742	0.1063472267678091	0.0557098168649857	-0.072619348	0.0328350477	0.0585525471	0.0842140352	0.1501718402	0.028566914	0.0759649318	0.0451792092	0.0096405741	0.01967766	-0.0450375038	0.0324801788	0.1067998324	-0.0310055647	-0.0175712918	0.0521098923	0.1107065132	-0.0060987379	-0.0922527551	-0.0140481439	0.0048552779	0.0417287725	0.0198532445	0.0265505284	-0.1293761997	-0.0416654531	-0.0704202197	-0.0795144474	0.0385379047	0.1439764788	-0.054153903	0.0771280394	0.0171588117	-0.0101164909	-0.0602052	-0.0876685658	-0.0035875179	-0.1033589757	0.0892716905	0.1076580845	-0.0803120265	0.0066770598	0.0384147756	-0.1249397713	0.0307251059	0.1093455017	0.0563055679	-0.0849243087	0.1541711179	-0.0609725204	0.0256458816	-0.0198836636	-0.0054881883	0.0578126008	-0.0753436485	-0.0060551718	-0.0397925365	-0.0129775963	0.0687244039	0.0616015243	0.0082294445	0.1520245062	0.0620625199	-0.01065662	-0.0129073542	-0.0092189453	-0.0845533109	0.0127612193	-0.0964142589	-0.0466571026	-0.0203034047	-0.0423037235	0.0219908789	0.0838436139	0.0673817733	0.0280171969	0.094011557	0.0713403255	0.0634704024	-0.0240244021	-0.0141539499	-0.1141802118	-0.019360332	0.0785912229	-0.0028372965	0.026380546	0.0239161943	0.06489136	0.0337287775	-0.1329317382	-0.0744596034	-0.1371196232	0.1011581736	0.0795483093	0.0726294751	-0.0692494635	-0.1148847451	0.06245003	-0.0485323432	-0.1147705489	0.0	-0.1406758857246473	-0.0144007928197851	0.0002073828338383	0.019789704824414	0.0862666140480286	-0.0486098599038768	0.0023629184798745	0.0074419286993115	0.0161124027552617	-0.0134892592699671	0.0002596095225477	0.0001819601156523	0.0011146137474458	0.0003185522753615	1.0147555213798903e-07	1.24236380599517e-06	0.0003726610215111	5.231349210250004e-05	1.3887623695369654e-07	2.7367014559583332e-09	-0.0006092080594074	-0.0002260805280195	3.711344596469302e-07	5.111240514962113e-08
703.1409999882685	-0.8758069089363971	0.7670377417407266	494407.26586450223	654.809089266506	-1.0316153663551404	1.0642302641000505	428774.943386031	642.3389812268709	-0.0363293169607459	0.0013198192708343	412599.3668035744	651.6788114765073	701.1219571552745	1.037881	18.445673	0.0107069414673748	0.004957142905133	-0.0541995602	0.0196982245	0.0743070735	0.0859491928	-0.0435106125	-0.1325406908	0.0662544857	0.0910138943	0.057791099	0.1323816954	-0.0539139563	0.0542635197	0.0883798007	0.0019694206	0.0387191894	-0.0134752755	-0.0467681619	0.0820673495	0.0091795411	-0.0570190033	0.0044605295	-0.0658570324	0.1368649068	-0.024450641	-0.0635044529	-0.084739895	-0.0602447297	-0.0017484939	0.0623235913	-0.1831521503	-0.0508756877	-0.0386249098	-0.0445896982	0.1559672948	-0.1621505883	0.0879144531	0.0302070541	0.0513513526	0.0493682309	0.1278566202	-0.0542842916	0.0069919643	0.0202845016	-0.1291194368	-0.0360857321	0.0208701079	-0.01296013	0.0560651727	-0.0433864159	0.0058246367	0.1140081404	0.087946065	-0.055570614	0.1065076398	-0.0314726818	0.0592160382	0.0921337558	0.0151488725	0.0320530945	-0.0614992892	0.0503382369	0.1467539537	0.0341595005	-0.0256831525	-0.0916110132	-0.0794371666	-0.1587661837	0.0168718545	0.1502562128	0.0365741341	0.1335511522	-0.0007972154	0.0351306308	0.0599798035	-0.1144558398	-0.002337242	0.0267948318	0.06605765	-0.0797948735	-0.0530056534	0.0467461127	-0.0574142517	-0.0333368881	0.0796791038	0.0098829302	-0.1168416172	0.0902443184	-0.0008086123	-0.013217438	-0.0095257928	-0.0536777817	-0.0494280063	0.154291113	0.0011235696	0.0655357658	-0.0864425145	0.0288276415	0.0603787714	-0.0529241442	-0.1155415645	0.0	-0.1389475848291965	0.0017283008954507	2.9870239852159854e-06	0.0193064313298667	0.0844576261478664	-0.0018089879001622	3.2724372229332697e-06	0.0071330906145327	0.0129682307890348	-0.0031441719662268	0.0001681750097976	9.88581735320712e-06	0.0011110960104742	-3.5177369716000387e-06	1.2374473401361811e-11	1.2345343444916836e-06	0.0003426871548408	-2.997386667030001e-05	1.1743448609288245e-07	8.984326831689218e-10	-0.0005621900489386	4.70180104688e-05	3.160576511255855e-07	2.210693308444186e-09
702.7025081586274	-0.438491829641066	0.1922750846619697	493790.8149724258	655.5822745038134	0.7731852373074162	0.5978154111901255	429788.1186435934	641.803266488284	-0.5357147385869894	0.2869902811393263	411911.43287503126	651.0727513306184	697.5138115116296	0.942241	16.745909	0.0771583478580001	0.0600860259763214	-0.0284060967	0.0572013688	0.1226883449	-0.0029439278	-0.024801213	0.0319717595	0.0033246402	-0.0675798901	0.1205378166	0.0911895959	-0.0225933266	-0.0993847132	-0.0017812241	0.0306537979	0.0186933926	-0.0606129832	-0.0133843435	0.063960569	0.0506102092	0.0542810068	-0.0147559728	0.1212263408	0.0108898852	-0.1251493031	-0.0423567789	0.0408761545	-0.0580403269	0.0213849242	0.0815654268	-0.0344528273	-0.2196396813	0.0605704232	-0.0282060869	0.1266154842	0.0535486467	-0.0449024776	0.1128888049	0.1931729017	0.0826946088	-0.1290434724	-0.0135710176	0.0466302417	0.0125836285	-0.0910860027	0.0025945677	0.0118307388	0.1076734974	0.0834058009	-0.0038816263	-0.0117279737	0.027857018	0.0156661978	0.1406091602	0.0968757456	0.1280990374	0.0067932078	-6.514e-05	-0.0283092191	-0.0051424299	0.0044172651	0.0775486125	0.1419140682	0.0893533949	-0.0241973941	-0.1223677383	-0.0648238943	-0.0824743786	-0.0078230867	0.0581967682	0.0933417639	0.0183271079	0.0909399234	-0.0102325182	0.0581600958	-0.0024473038	-0.0491873769	-0.1285427472	0.0565925904	0.0037307073	0.0662982354	0.0461676461	-0.1487837712	-0.0588974551	-0.0384356476	0.1049196577	0.0024285823	0.0667803948	-0.0554141387	-0.0962850724	-0.0686026114	-0.1271457567	0.0429680186	0.0171276876	0.0526751505	-0.021504663	0.0166377916	-0.0354885938	0.0582806721	-0.0572218481	-0.1158504512	0.0	-0.1320525925550271	0.0068949922741693	4.7540918460855685e-05	0.017437887200504	0.1433487334029024	0.058891107255036	0.0034681625137241	0.0205488593682163	0.0149919597476895	0.0020237289586546	0.0002247588570763	4.095478898097635e-06	0.0011860801352374	7.498412476319993e-05	5.6226189665031344e-09	1.406786087204769e-06	0.0003047103696012	-3.797678523960002e-05	9.28484093424999e-08	1.4422362171347019e-09	-0.0004881805715386	7.40094774e-05	2.3832027042775413e-07	5.477402745021111e-09
702.9288947568404	0.2263865982129118	0.0512508918504143	494109.0310840731	654.6308009721256	-0.9514735316878388	0.9053018815025284	428541.48558140674	641.8460045811872	0.0427380929032779	0.0018265445850092	411966.2935968334	651.4083462634915	694.5698588316707	1.002848	17.823046	0.0757175519495293	0.0400222150076243	-0.0120411044	0.0350355081	0.0975526499	0.1034800647	0.152392233	0.0581644562	-0.0213492723	0.0732086828	-0.0517652843	-0.0063139701	0.0339248211	-0.0290042521	0.0728070854	-0.0201154219	-0.0542669249	-0.0233200409	0.0916054421	0.0224896002	-0.0304241928	-0.0198793616	-0.0145015611	0.1047626583	0.1267303803	0.0684857935	-0.0272260282	-0.0010786555	-0.079238697	-0.0209151748	-0.0322015006	-0.0566535685	-0.0535667869	0.2070949983	-0.105159384	0.0690872533	0.0546042527	-0.0408831806	0.0155534584	-0.0525602264	-0.0651174344	0.0579417631	0.1689545441	0.0890515218	-0.1409652479	-0.0900527383	-0.026523474	-0.1054844685	0.0659469611	-0.1202783946	0.1284927541	-0.0199218617	-0.0167301973	0.0096714541	-0.0498719388	0.059644408	0.0516672514	-0.0179749033	-0.0792211391	-0.0743686858	0.0801696539	0.0292270804	-0.0755831897	0.0808677716	0.0983786398	0.1168894966	-0.0777485012	-0.0195987341	-0.0756752519	-0.0133057668	0.0220429446	0.024848204	0.1418176228	0.0112234059	-0.1336312777	0.0221209777	0.1377460715	-0.0181969229	0.0171338177	0.072746592	0.0759730796	-0.1023787428	0.0014308817	-0.065715629	0.0462563692	0.0468428822	0.0462010074	0.0704335963	-0.0774474102	0.0217422766	0.0279043388	-0.0400700014	-0.1640221605	-0.0681278708	0.1104858057	-0.0584796405	-0.0503212844	-0.1446287641	-0.043089157	0.0561566646	-0.0614178136	-0.1156959735	0.0	-0.1350895307961366	-0.0030369382411094	9.222993880313157e-06	0.0182491813307203	0.1218545525366607	-0.0214941808662417	0.0004619998111107	0.0148485319739098	0.0369977629540727	0.0220058032063832	0.0013688344636057	0.000484255374758	0.0007750967665854	-0.0004109833686519	1.689073293085457e-07	6.007749975711421e-07	0.0004343274374334	0.0001296170678322	1.8864032290746401e-07	1.6800584273417146e-08	-0.0004451684153069	4.301215623169998e-05	1.981749179868566e-07	1.8500455837001679e-09
704.094228779403	1.1653340225626607	1.3580033841420718	495748.6830004623	655.6705265115548	1.0397255394292415	1.0810291973414272	429903.8393359396	642.5131281379847	0.6671235567974918	0.4450538400341363	412823.1198296584	651.8961888029934	695.676320062996	1.137965	20.224409	0.1118847118991755	0.065521141632937	-0.02064981	0.0197131064	0.0949416689	0.0998564184	-0.10335894	-0.0083522788	0.0479216639	0.0470913836	-0.0669907356	-0.127852446	-0.0899335136	0.0243877092	0.0483832384	-0.1160877902	-0.1729182043	0.0366648501	-0.0297975997	0.0617816731	0.0677904448	-0.0074499263	0.039182551	-0.1389498264	0.069982643	-0.0444821178	-0.0619022075	0.0086055288	0.0084145532	0.0151051456	-0.0826306047	0.0612842496	0.113027438	0.0148990958	-0.0237695272	-0.1716559954	0.1359347277	-0.0506504274	0.0924907304	-0.0962336447	0.0165028607	0.0510560267	-0.0856838136	0.1038741502	-0.0063578895	-0.1187322239	-0.0700035151	-0.0803013789	-0.031159147	-0.0948290424	-0.1077439973	-0.0418982303	0.0234193231	0.0689307995	-0.0410105562	0.0686935473	-0.1165702912	0.0116811875	-0.1620349552	0.036020877	0.0526177364	0.0840070641	-0.1453075347	-0.0541966645	-0.0155832697	0.0288654589	0.1186380153	0.0585097331	0.0127014233	-0.0284351445	0.0111096995	0.0364938283	0.121031238	0.2031980049	-0.0162427721	-0.005344429	-0.1149828945	-0.0181203286	0.0651781172	0.0735985716	-0.059697072	0.0107160689	0.1163656576	-0.0168075244	-0.0030737293	0.005401099	-0.0620997227	0.0039519705	-0.0233590315	0.1511765901	-0.0273143646	-0.0372957202	-0.1160154328	-0.0249085449	-0.0329337448	-0.1191999263	-0.0361971076	-0.0558676607	0.0927417021	0.0540076933	-0.0655045805	-0.1150787493	0.0	-0.1263354688904314	0.0087540619057051	7.663359984891869e-05	0.0159606506997651	0.0610770401204376	-0.0607775124162231	0.0036939060155041	0.0037304048298735	0.0297398093536855	-0.0072579536003871	0.0008844562603935	5.267789046537351e-05	0.0012381489468279	0.0004630521802425	2.144173216273327e-07	1.533012814531038e-06	0.0004340769621278	-2.504753056000332e-07	1.884228090500995e-07	6.273787871542999e-14	-0.000683769439296	-0.0002386010239891	4.675406461151663e-07	5.69304486486471e-08
704.9342858772603	0.8400570978573114	0.7056959276604485	496932.34740528296	659.244656327026	3.5741298154711103	12.774403937839551	434603.51689573855	642.4896540760664	-0.0234740619183639	0.0005510315829471	412792.9555947834	653.3067070795452	709.2089710079682	1.003778	17.839575	0.1437930726150438	0.0969793216535396	-0.0624047309	0.0081367137	0.019630933	0.0630444175	-0.0437086331	0.0411437298	0.0910915715	-0.1289986372	0.1707815889	0.0643389169	-0.0709476607	0.0295062702	-0.0366675099	-0.0850490332	-0.0229755172	0.0223680101	0.0272367647	0.1413876458	0.01190176	0.0450898646	0.0385010651	-0.0256728467	-0.0231061831	-0.0659673287	-0.0790953525	0.0036941411	-0.0095379832	-0.0306337188	-0.0144039046	0.0805529327	0.1477293129	-0.0558131514	0.0960603871	-0.0797170188	-0.0424287236	-0.0790878726	-0.1514379376	0.1133366738	-0.0768243999	-0.0723722996	0.002449225	-0.0287004313	-0.0381131113	0.1455719604	0.0038735074	0.0024285758	0.012441925	0.0137743762	-0.0286811914	-0.0937431501	0.0183153988	-0.0195858261	0.1414345386	0.0678750451	0.0467648681	0.085428088	0.0736905421	0.1042969397	-0.0117041982	0.1145770986	-0.0367790956	-0.0868026404	0.0129406683	-0.0058618883	-0.0479375159	0.088879231	0.0348141814	0.0397784645	0.0669120562	-0.0458995576	-0.0858423221	0.1427055552	0.1487660944	-0.0022193361	-0.0378131778	-0.0338467398	-0.1461396856	0.0479661451	0.125852522	0.0477443226	0.0920314144	-0.0592680147	0.0014204363	-0.0616023761	-0.0929912317	-0.0596005939	0.0140818229	-0.0936011278	0.0088981122	0.0193816392	-0.0826358505	0.0187689657	-0.1350133256	-0.0884546429	-0.0443880587	-0.0831019829	0.0685549962	0.0518347133	-0.0694748826	-0.1140012473	0.0	-0.1295116703058028	-0.0031762014153713	1.0088255431007243e-05	0.0167732727453989	0.1556196222210104	0.0945425821005727	0.0089382998302435	0.0242174668202099	0.0226124166488759	-0.0071273927048095	0.0005113213867023	5.07997267685731e-05	0.0007040954080954	-0.0005340535387325	2.85213182232706e-07	4.957503437010278e-07	0.0004343449595856	2.6799745780003385e-07	1.886555439174165e-07	7.182263738728094e-14	-0.0004391530476005	0.0002446163916955	1.92855399216807e-07	5.98371790861263e-08
704.028844648593	-0.905441228667314	0.8198238185705754	495656.6140972327	657.1360437738059	-2.1086125532200413	4.446246899597141	431827.78002668935	642.1084594726562	-0.3811946034101083	0.1453093256689898	412303.27372634783	652.9717734339899	705.5109180221765	1.1111	19.746944	0.0915812938878	0.0599323950425189	-0.0397671422	-0.0045768602	-0.0687009448	0.0806843492	0.1740718451	0.0653887051	0.0375014139	0.0342868615	-0.020365513	0.0494367674	-0.0325108436	-0.0005897583	-0.0855231797	-0.053256204	-0.0039723867	0.0419760416	0.0813694198	-0.068500846	-0.1168748254	-0.0729199883	-0.0254805542	0.0315718536	0.1146174629	-0.0194008857	0.0597934694	-0.0847068366	0.1123299383	0.012245292	-0.002821873	0.1616106525	0.0201037622	-0.0833756014	0.1647033778	0.0841942954	-0.1132892163	-0.0413466143	-0.0460683027	-0.1636412976	-0.1434887778	-0.049711064	-0.0641745958	0.0166278731	-0.0154205256	0.1071534847	-0.0608085457	0.0630968885	0.0491816492	-0.0626915781	0.1881824725	-0.0300736107	0.0034465515	-0.0647464942	-0.0746376037	0.087173501	0.0030196996	-0.0291832935	0.0051403674	0.0796288957	0.0157507453	-0.0064155912	0.0142581903	0.0390466193	-0.0345883309	0.0709561219	0.0434178218	-0.0224379093	-0.0100541419	0.0792319472	0.0188502392	-0.1244186157	-0.0895483742	0.1414426953	-0.0711819694	-0.0078319584	0.1687701285	-0.0086895717	0.0332829444	0.0514848211	0.0454526806	-0.1034276691	0.0814315824	-0.1086923224	0.016420003	-0.0304752391	-0.0339713615	0.1417297692	-0.0399115713	-0.0575923553	0.0662995548	-0.0479203686	-0.1018178258	-0.0944159703	0.0051817693	-0.0361252709	0.1094631124	0.0339081625	-0.0078043303	0.0496386907	-0.0733216609	-0.1124677771	0.0	-0.1302321023733554	-0.0007204320675525	5.190223639581075e-07	0.0169604004885841	0.0989234114405377	-0.0566962107804726	0.0032144603168637	0.0097858413310339	0.0297559097562256	0.0071434931073496	0.0008854141654206	5.102949377475266e-05	0.0011470741860396	0.0004429787779442	1.962301977089369e-07	1.315779188278411e-06	0.0004343043713508	-4.058823480004165e-08	1.886202869744136e-07	1.6474048041833117e-15	-0.000341749255131	9.74037924695e-05	1.1679255338259333e-07	9.487498787441422e-09
703.2640932228918	-0.7647514257012062	0.5848447431120276	494580.38481661625	656.9384488601966	-0.1975949136093504	0.0390437498842866	431568.1255908411	641.4581446343842	-0.6503148382720383	0.4229093888767873	411468.55131778657	651.5282646723575	695.6503131772906	1.17383	20.861824	0.1029976052269516	0.0729643682519417	0.0053501771	-0.0388885951	-0.0905667958	0.0711981896	-0.0453245137	-0.0945213769	0.0202334386	0.0886846594	-0.0160608973	0.0329108677	-0.1984633472	0.0578069856	-0.0661021456	-0.0663020888	-0.0026347711	0.1009087576	-0.108727505	-0.0540045607	-0.0321311702	-0.0923397996	0.0822465101	-0.1554400285	0.0784215035	-0.0352405791	0.0709107551	-0.0253511416	0.0316843876	-0.0336241241	-0.0775464716	0.1397256734	0.067429563	0.0495807467	-0.0178089713	0.0378675363	-0.0760661394	0.025153148	0.1182256162	0.0221535268	-0.0977943362	-0.074105931	0.02585683	-0.0311578668	-0.046590689	-0.0211367535	0.0515143451	0.1307159306	0.0859088962	0.1249453099	-0.0488319341	0.0421435686	0.0776683572	0.028459041	-0.081063119	0.1454637038	-0.1477408053	0.0120041784	0.0994014216	0.1152474974	-0.0601251253	0.0384405934	0.0219160209	0.0462169	-0.0803843065	0.0580277503	0.0421913847	-0.0616074529	-0.0170420515	0.0200413662	-0.0037140014	0.0421148054	0.0536549877	0.199943823	-0.0393089552	-0.0446463852	-0.0992035614	-0.0272736337	0.1289594868	0.0486033036	-0.085846376	-0.0086950447	0.1433286013	-0.0360786623	0.010114789	-0.0271428491	-0.0570548203	-0.073248739	0.0715771361	0.0312052595	0.0557504572	-0.0541826635	-0.1313647219	-0.1033782732	-0.0309442451	-0.0903796349	0.0478787684	0.1124925217	0.1171848882	0.0474206018	-0.077038076	-0.1104844722	0.0	-0.1302417839872305	-9.681613875101023e-06	9.373364722654868e-11	0.0169629222961764	0.0270432956699977	-0.07188011577054	0.0051667510431862	0.0007313398406949	0.0297534572125641	-2.452543661501244e-06	0.0008852682160998	6.014970411569929e-12	0.0014371530468484	0.0002900788608087	8.414574548813113e-08	2.0654088800656397e-06	0.0006101429996454	0.0001758386282946	3.722744800162866e-07	3.091922320052652e-08	-0.0004979388720051	-0.0001561896168741	2.479431202537114e-07	2.4395196419278153e-08
703.0229521513338	-0.2411410715579904	0.0581490163921358	494241.2712515766	656.3463154894839	-0.592133370712645	0.3506219287115187	430790.4858566212	641.0591082374805	-0.3990363969037389	0.1592300460539182	410956.7802542337	650.7788514613597	694.9492968213656	1.005453	17.869349	0.1349536849775622	0.0897475927076351	0.0159499323	0.0006828439	-0.1139203369	-0.0326751819	-0.0719697162	-0.0073089861	0.0225034937	-0.1293108858	0.1180681409	0.0698663218	0.0343193156	-0.0970130456	-0.0376734326	-0.0632856288	0.0427864487	0.1054007341	-0.0512937152	0.0711375701	0.127293077	0.083382203	-0.0038545153	0.1476414774	0.0143268501	-0.0617977439	-0.0528855596	0.0092064367	-0.0618639812	0.0976124488	-0.1828147201	0.1280737616	-0.042648822	-0.0350863757	0.0732571269	0.2281693785	0.1041841285	-0.0597589215	0.0515327265	0.1181624719	-0.0338683237	-0.0173924761	0.1126423172	0.1265342218	0.0538085336	-0.0581040546	-0.045791235	-0.0650054285	0.042858778	0.1211255282	-0.0742501101	0.0131623208	0.0161150883	0.0066051639	0.15678405	0.0628370653	0.0750566441	-0.064943318	0.0827031593	0.0885834629	-0.0495936857	0.0119631677	-0.0037163356	-0.0319824645	0.0915834302	0.091937376	-0.0683412822	-0.1327242946	0.0292701182	-0.0964681135	0.092139934	-0.0599750775	-0.138399215	0.0842336946	-0.1043324007	-0.0410888359	-0.0562600005	-0.075612623	-0.1094618905	0.0384029243	0.0471288384	0.0769210512	0.1078771508	-0.1182996456	0.0111236419	-0.1367154807	-0.0064791796	-0.0657025505	0.0150559878	-0.0412271211	0.0454624034	0.0819822136	-0.0460181385	-0.0105872096	-0.1486295105	-0.0604065261	0.0150884362	0.0786894743	0.1211977734	0.0451814325	-0.0806175202	-0.1080592651	0.0	-0.1324741364210808	-0.0022323524338503	4.983397388917402e-06	0.0175493968205111	0.1122300755558569	0.0851867798858592	0.0072567874673218	0.0125955898592733	0.0297006019503314	-5.285526223269832e-05	0.000882125756212	2.793678745687305e-09	0.0007680854840063	-0.000669067562842	4.476514036474674e-07	5.899553107411922e-07	0.0004343487071143	-0.0001757942925311	1.8865879937186401e-07	3.0903633286509975e-08	-0.0003931667794659	0.0001047720925392	1.5458011647558766e-07	1.0977191375042696e-08
703.7150836216595	0.6921314703256485	0.479045972215144	495214.9189166392	657.1790456314368	0.8327301419528794	0.6934394893168627	431884.29801704607	641.9025471018953	0.843438864414793	0.7113891180053156	412038.87997590087	652.6115751581324	698.4905777133453	1.136855	20.204687	0.0420575610399947	0.0213823930552338	-0.005260701	0.001273893	-0.1011417993	0.0732296636	0.1521818951	0.0738462232	0.0207409431	0.0275971491	-0.0354994222	-0.0005039138	0.0368482455	-0.0447059316	-0.0387187805	-0.1004107801	-0.081333711	0.1189942958	0.0637869854	-0.0094709965	-0.1186111721	-0.012860748	-0.0025751405	0.1222214162	0.0945771205	0.0584018976	0.044892724	0.0292799562	-0.0183108928	0.0545818039	0.0694702199	0.0371922723	0.0333630538	-0.0225931827	0.1324473343	-0.0134991841	-0.1664766967	-0.0510670788	0.1055121415	-0.1437165173	-0.0281981653	0.0069240805	-0.0934687456	-0.0778761669	-0.0001534361	-0.0449071515	-0.0541899807	-0.1696040041	-0.0847943649	-0.0199568854	0.1431816068	-0.0290487692	-0.0047118834	-0.0724353012	-0.0639331667	0.058881197	0.0371853936	-0.0758432615	0.0016574484	-0.0159542121	0.0278408915	0.0686663686	0.0282792138	-0.0240058405	0.0383668283	0.0738038148	0.0974100451	0.0822963465	0.0043004926	0.100956272	0.038427447	-0.0418361637	-0.0226254762	0.0379519839	0.0661582788	-0.0511440872	0.1480223887	-0.0244866048	0.0257661825	0.0440251049	0.0971801533	-0.128488328	0.0734738485	-0.1268464321	0.057591754	-0.0038647455	-0.0394586499	0.1128469385	-0.0352507241	-0.034271777	0.1433737821	-0.0275711809	-0.0866250782	-0.1124394444	-0.0626100021	-0.0566549423	0.0481257529	0.0004640853	0.0665696445	0.0429221782	-0.0840536294	-0.1052018558	0.0	-0.1338747034555325	-0.0014005670344517	1.9615880179928594e-06	0.0179224362253067	0.1068267320680291	-0.0054033434878277	2.919612084745106e-05	0.0114119506843344	0.0417302516189366	0.0120296496686051	0.0017414139001797	0.0001447124711493	0.0007760394807936	7.953996787299941e-06	6.326606489237778e-11	6.022372757504003e-07	0.0006249503763073	0.000190601669193	3.9056297284663596e-07	3.63289962991578e-08	-0.000127242428464	0.0002659243510019	1.6190635601416155e-08	7.071576045578173e-08
703.6156356046808	-0.0994480169786129	0.0098899080809784	495074.962667379	658.1077392972263	0.928693665789524	0.862471924877584	433105.796522906	641.9620746390641	0.059527537168833	0.0035435276813868	412115.3052748913	652.0971451455666	697.0997893206105	1.100319	19.55534	0.1189201103209015	0.0653932053581185	0.0004366663	-0.0023559965	-0.0586900775	0.1158098411	-0.0827579441	-0.0527295517	0.0475527858	0.1100680981	-0.0229866567	-0.0039986666	-0.1038244231	0.0642711858	-0.0060267488	-0.1461691329	-0.1048041124	0.025331444	-0.0432571817	0.0230218001	0.0725445826	-0.0307558671	0.1002542487	-0.1023224299	0.1710465562	-0.0616659935	0.0669615657	-0.023653359	-0.0059299929	-0.0272140068	-0.00965389	0.1666826141	-0.0177717542	-0.009536296	0.1553789084	0.1368015967	0.0068526365	-0.083271434	-0.0991342116	0.0891084312	-0.082137043	0.0727069044	-0.0600984164	-0.11486782	-0.2049019114	-0.0248730442	-0.0338988088	0.0274002154	0.018400057	0.0040716741	-0.0827870209	0.0032549792	0.0147831785	0.0614650547	-0.0658655916	0.09610954	-0.1263623183	0.0405436954	0.0674965736	0.0935912199	-0.0658980176	0.1353022425	-0.0290260504	0.0360514691	-0.001738048	0.1574268112	0.0598606729	-0.0595236889	0.0561426682	-0.0471049279	0.0355285338	0.0557313805	0.0154738249	0.1467631172	-0.0366035637	-0.0838220526	-0.0904853102	-0.038690177	0.1066550216	0.0548259165	-0.0657009729	-0.0061050308	0.1597393955	-0.0204239894	0.0321722281	0.0220759065	-0.0706102249	-0.068656128	0.0194175091	0.0619650365	0.1018210115	0.0310992407	-0.0979746818	-0.1413995234	-0.0551704955	-0.0885012925	-0.0892254631	0.0582695067	0.0621380754	0.0406438432	-0.0873402943	-0.1019236731	0.0	-0.1358146085431286	-0.001939905087596	3.763231748881189e-06	0.0184456078937232	0.0519311634231058	-0.0548955686449233	0.0030135234568494	0.0026968457344773	0.0476846381650588	0.0059543865461222	0.0022738247169325	3.545471914064109e-05	0.0014761670974217	0.0007001276166281	4.901786795653439e-07	2.179069299510407e-06	0.0007026519838564	7.770160754910001e-05	4.937198104173346e-07	6.037539815714356e-09	-0.000472018205132	-0.0003447757766679	2.2280118597603481e-07	1.1887033617702257e-07
703.5860387153419	-0.0295968893389044	0.0008759758585393	495033.3138751467	658.6102243965403	0.502485099313958	0.2524912750325582	433767.42767966114	642.4507377392038	0.4886631001396608	0.2387916254381042	412742.9504216472	652.6776376710025	695.8096274861848	0.992752	17.643612	0.1560504998648059	0.1070340447789468	0.027997986	0.0237843449	-0.0604488595	0.0465498281	-0.087078223	0.031507572	0.0562963678	-0.1022079431	0.06433131	0.0706789125	-0.0082237318	-0.0023834676	-0.0284013386	-0.0648046507	-0.066889468	0.0562959011	-0.0455534877	0.0870317838	-0.0012586065	0.0738513031	-0.0463821871	0.0445413924	-0.1238537915	-0.0697523104	-0.1756261987	-0.0431509503	0.0035372614	0.0906921024	-0.0233724563	0.060164955	0.0496391015	0.0135214732	-0.1433268963	0.0262499585	-0.0042933965	0.0888848404	-0.0607763662	-0.0158761218	-0.1238454752	-0.1076818103	-0.0053493731	-0.1714226366	0.0501551975	0.0920189691	-0.0570657456	-0.0592422355	-0.0868284581	0.0121397089	-0.0692631905	-0.0098729941	-0.0117575406	-0.0552115428	0.1333699379	0.0400632041	0.0922059567	0.0473748037	0.1062968603	0.1009958895	-0.1291774766	0.0447105207	-0.0806414647	-0.0560850272	0.0190372503	0.0859157343	-0.0868451573	-0.0353060449	0.0654843143	0.0072299723	-0.1124316299	-0.0278849723	0.0094812156	-0.0166342116	-0.0367256897	-0.0966340859	-0.0133039481	-0.0858613675	-0.1405375888	0.0492630729	0.0773992852	0.0613222013	0.0950882201	-0.0567541684	0.0381870072	-0.0271793122	-0.0137684647	-0.0507499084	0.0305451874	-0.0745855883	0.0923558898	0.0953099552	-0.0618168101	-0.0333201457	-0.139031529	-0.0104051092	-0.0635050467	-0.0307447988	0.0658725532	0.0383474405	-0.0904716714	-0.0982378286	0.0	-0.1366456768036101	-0.0008310682604814	6.906744535797262e-07	0.0186720409891166	0.1565733548479357	0.1046421914248298	0.0109499882261907	0.0245152154483375	0.0622569373898684	0.0145722992248095	0.0038759262531659	0.0002123519046973	0.0009861021188334	-0.0004900649785883	2.401636832387511e-07	9.723973887677209e-07	0.000610835387018	-9.181659683839998e-05	3.7311987003342985e-07	8.430287454985282e-09	-0.000333800961465	0.0001382172436669	1.1142308187495841e-07	1.9104006446902847e-08
702.6100406149213	-0.9759981004206112	0.9525722920246412	493660.8691729014	656.145759638825	-2.464464757715291	6.073586542020688	430527.2578920107	642.2008082424175	-0.2499294967863079	0.0624647533638571	412421.87810721423	651.874986930904	693.0712392167759	1.092597	19.418114	0.0888019713529551	0.0660960274031791	0.0579243177	0.0505126718	-0.1143374788	0.1092492606	0.1830181267	0.0606879623	-0.015470474	0.0034122375	-0.0008043598	0.0681548792	-0.0884590922	-0.0115681201	0.0204742448	-0.0032970933	0.0297294017	0.1554977432	-0.0051001599	-0.0987931987	-0.1857684614	0.0191802472	-0.034976428	-0.0263326796	-0.0108903114	0.0112778225	0.0117070435	0.0607934448	-0.1251843952	-0.0028683347	0.0453884575	0.0309644572	-0.0169320212	0.0753686602	0.0620387302	0.0375038095	0.010052215	-0.1292377043	-0.0396148056	0.0699867674	-0.0648976937	0.14805348	0.0831675555	-0.0306927209	-0.0925190247	0.08144292	-0.0804994615	-0.0144395065	0.0636743976	-0.0370147446	0.1581239723	0.0524113395	-0.0226138432	-0.1113253911	-0.0330076527	0.0475789243	0.0081971208	0.0164673219	0.0089323025	0.0141140493	-0.1164112818	0.1043014441	0.030502439	0.0960435414	0.0691199457	0.0211458924	0.0683089936	-0.0052853575	-0.1607559513	0.0078444253	0.038936357	0.0259128789	-0.0716195977	0.0277472833	0.0308284516	-0.1041232634	0.1594782057	-0.058248823	0.0866999807	0.0645130046	0.057664744	0.0012517707	0.0526018134	-0.0518063557	0.044138626	0.0407554168	-0.0164309404	0.106786136	0.0650015075	0.0307217372	0.0928383928	0.0345615575	0.0589287805	-0.201637391	-0.0407394003	-0.0142663534	0.0287971459	0.0253986413	-0.0723782744	0.0360339907	-0.0934421931	-0.0941590645	0.0	-0.1438474990886078	-0.0072018222849977	5.186624422468973e-05	0.020692102994047	0.0910027795759162	-0.0655705752720195	0.0042995003415035	0.0082815058905427	0.0622302196889705	-2.6717700897897767e-05	0.0038726002425375	7.13835541269527e-10	0.0011191520305204	0.000133049911687	1.770227899991852e-08	1.2525012674179344e-06	0.0006937553601453	8.291997312729997e-05	4.812964997303348e-07	6.875721943432149e-09	-0.0004378881985515	-0.0001040872370865	1.917460744306779e-07	1.083415292430126e-08
700.9280119640185	-1.6820286509027935	2.8292203824578723	491300.0779558313	655.4091341363547	-0.7366255024702468	0.5426171308895437	429561.13310936623	642.0269605472807	-0.1738476951367147	0.0302230211043481	412198.6180695796	651.2965702264073	677.1284286644543	1.207325	21.457104	0.0691958273740575	0.0332094463670389	0.1267249365	0.0750626804	-0.1183464914	0.2073489683	-0.0270157464	-0.1903858711	0.0168948995	-0.0054409006	-0.0596606882	0.0671559862	-0.1451110141	-0.1099135108	0.0707373796	0.0518890904	0.0766174089	0.0470612743	-0.0962765397	0.0218162829	-0.1083047676	-0.1393753545	0.0395730289	-0.1008945018	0.0261069607	-0.1622472584	0.0165400903	0.1637231518	-0.0818149552	0.0955479069	-0.0054890304	0.0460851871	-0.0355351144	-0.0487745073	-0.1469118778	0.1022373206	-0.0172679824	-0.059787962	-0.2188617069	-0.0388035432	-0.0300869628	0.0140745196	0.0175311896	0.0986691768	0.0221399643	0.004514367	0.1425042578	0.0648050223	-0.0550303482	0.0259887563	-0.0477229942	0.1268714429	0.149629043	-0.0029064312	-0.0303910547	0.0952321599	-0.0066557978	0.0949080777	0.0435608408	-0.1104162056	-0.1862345622	0.0102671191	0.0475578688	-0.0616691259	-0.0298943293	0.1108787874	0.0721825511	0.1454419036	-0.0695902543	-0.2408150361	0.0407237866	0.0283562875	0.0166562301	-0.0399484855	-0.0073680671	-0.1400518293	-0.1281035519	-0.1085727386	0.0785356924	0.0525590538	-0.0168047613	-0.0324595076	0.0671276134	-0.0283041313	0.0340904523	0.0410022691	-0.003162201	-0.0902162319	0.0187220325	0.005778948	-0.0223657037	0.2098375373	0.1379153609	-0.0591297834	-0.0505802395	-0.0046182315	0.198757867	0.0505334887	0.0149574948	0.0337045224	-0.096246578	-0.0897036946	0.0	-0.1558002599411594	-0.0119527608525515	0.0001428684919982	0.0242737209977328	0.0691936257457683	-0.0218091538301478	0.000475639190787	0.0047877578438454	0.0624629787281136	0.000232759039143	0.0039016237115887	5.417677030281801e-08	0.0015076082844081	0.0003884562538877	1.508982611844653e-07	2.2728827392159346e-06	0.0004341278252815	-0.0002596275348637	1.884669686836446e-07	6.740645685945368e-08	-0.0004938274828443	-5.593928429279999e-05	2.438655828123374e-07	3.129203527190699e-09
700.5699653459455	-0.35804661807299	0.1281973807135055	490798.27634481934	653.8751482945967	-1.5339858417580672	2.3531125627142058	427552.7095572808	641.6324153065351	-0.3945452407456287	0.1556659469950261	411692.156372098	649.7223344341761	666.657394250667	1.075991	19.122984	0.1436147940007255	0.0860396752660584	0.1626693962	0.150270747	-0.00841687	0.0802983193	-0.0061834869	0.0330259053	-0.1233788185	-0.0462322297	-0.0126807367	-0.0018526565	-0.0059695501	-0.2190984605	0.0895481981	0.1376602057	-0.1009997107	0.0343769505	-0.0109604703	-0.0779545164	0.010831457	0.1179781186	-0.1447769916	-0.0356892609	-0.0107689757	-0.0809629649	-0.0726462765	0.1312822693	-0.0658817081	0.1664095612	0.0169433191	-0.0248420798	-0.0147788411	0.0886984254	-0.0728986838	-0.031984147	0.124632092	0.017300869	0.0545552082	-0.0214244171	-0.0771605938	0.061071064	0.080550345	0.1143781457	-0.039056722	0.0278768826	0.1691256851	-0.0466957454	-0.0770565302	-0.0977009882	0.0103769521	0.1340110766	-0.0738295918	0.0249137191	0.0413836643	0.0931622455	0.180488605	0.004565524	-0.1624527063	-0.0857698939	-0.130613002	0.0592496514	-0.0479451181	-0.0057528383	0.0851219601	-0.0321077407	-0.018601304	0.1344734912	0.0052384429	-0.1366830576	-0.0961045617	0.0846480759	0.0116032041	-0.1135966098	-0.1762740357	-0.1089638717	0.066460458	-0.1390909817	-0.1122318168	0.0112554638	-0.0473401377	-0.0213970068	0.0018267271	-0.0876685533	0.031137821	-0.0061431073	0.0907885472	0.1384291677	0.030599458	0.0512537285	0.0301188937	0.0618661467	0.0921800055	0.0736786608	-0.0727461433	0.0421800516	-0.004100651	0.0989587443	0.0984655518	0.0313600711	-0.09887984	-0.0848895389	0.0	-0.15207516871844	0.0037250912227193	1.3876304617581e-05	0.0231268569407419	0.1519790098807902	0.0827853841350218	0.0068534198263831	0.0230976194443453	0.0493643375195844	-0.0130986412085292	0.0024368378187474	0.0001715744015097	0.0010556301816615	-0.0004519781027466	2.0428420536241618e-07	1.1143550804346914e-06	0.0007183154279004	0.0002841876026188	5.159770539597347e-07	8.07625934822778e-08	-0.0003498796395207	0.0001439478433235	1.22415762151135e-07	2.0720981597515687e-08
701.4395795939515	0.8696142480059734	0.7562289403349947	492017.4838209394	654.6633996435637	0.7882513489670373	0.621340189148354	428584.1668328684	641.9319852791995	0.2995699726643579	0.0897421685221241	412076.6737244944	650.4912640954486	667.9395289538018	0.969413	17.22883	0.1198067041952067	0.0675691278862399	0.1579217865	0.1007150767	0.0130036647	0.115139841	0.0524304665	0.0310924172	-0.0655122251	-0.1014792912	-0.0405698904	-0.0319778401	-0.1532492109	-0.0325740036	0.1644566936	-0.0343500241	0.0165977841	0.0472474738	0.0037777448	-0.0476368775	-0.0770237535	0.0129369307	0.0366765248	0.0285115779	-0.0531104161	0.015524392	-0.0229753424	0.2352670697	-0.04714602	-0.0106928625	-0.0505199159	0.183485066	-0.0645686709	0.0703816491	0.0780701181	-0.0041482234	0.129669938	0.1254086249	-0.0290458249	-0.0214013086	0.0296415292	-0.0620869586	-0.0166536564	0.0051423171	-0.0861389667	-0.1128555068	0.0076108303	0.0876036094	0.092814229	0.0406265144	0.0415991051	0.0871629443	-0.0166432302	-0.0846928194	0.0550898582	0.0292552265	-0.0494900737	0.0770058755	-0.0278182709	-0.053395345	-0.0643553695	0.1833271659	-0.0623456631	-0.0189057292	0.0525779984	-0.1737121923	0.0403896653	-0.053644037	-0.0399993698	-0.1387282043	-0.0028272231	0.0871539528	-0.0546015931	-0.1387799365	-0.0017715647	-0.1251279033	0.0104957062	-0.0961079864	0.10951239	0.0310919495	0.0388923436	0.1087269738	-0.0301661075	-0.0498592071	-0.0186136222	0.0229866501	-0.0466589022	-0.0033589062	0.0838575505	0.1146082709	-0.0266446282	-0.0337886198	0.1532670783	0.0168297796	-0.1002266144	0.028008173	-0.0524720944	0.1278204537	-0.1756940317	0.029001679	-0.1013372972	-0.0797358525	0.0	-0.1458047754394442	0.0062703932789958	3.931783187327585e-05	0.0212590325409467	0.093275363308507	-0.0587036465722831	0.0034461181208835	0.0087002934003339	0.0451685322031067	-0.0041958053164776	0.002040196301383	1.760478225378249e-05	0.0017172411142838	0.0006616109326223	4.3772902616534973e-07	2.948917044586667e-06	0.0007019127518974	-1.6402676002999993e-05	4.92681511276181e-07	2.6904778005939183e-10	-0.0006846032114444	-0.0003347235719236	4.686815571199858e-07	1.1203986960136035e-07
701.3110200022645	-0.1285595916870079	0.0165275686147301	491837.14677661663	652.8170159822021	-1.8463836613616424	3.4091326249432234	426170.05635590665	640.9862810805894	-0.9457041986100876	0.894356431268748	410863.41253352433	651.3522231088787	671.1478998667537	1.026848	18.249584	0.1181340972204601	0.0644076398789375	0.1610368305	-0.0162473588	-0.0633493109	0.1180316403	0.0787645721	-0.1227539746	-0.0390380092	-0.1177629429	-0.0668011377	0.0898102097	0.0779395232	0.0177092638	0.0298888087	0.0660568006	-0.117283054	0.0151327954	-0.1377815454	-0.073415289	-0.0948508263	-0.0928512457	0.0429607661	0.0520550927	-0.0194908643	-0.1079535967	0.0985350216	-0.0470660646	-0.0018735911	0.066285438	-0.1883868247	-0.0429830525	-0.0110079415	0.0172054859	-0.0706427851	-0.0492777931	-0.0568340111	-0.133485071	-0.13843741	-0.1066912675	0.1211011328	0.0456181291	0.0353854146	0.0454082974	0.1601909973	0.0309697717	-0.0671410653	-0.1154990093	0.0441084404	0.0002607262	0.0079652863	0.1283151596	0.1280766306	-0.1205202677	-0.041052866	-0.0525732184	0.0944937508	0.0176429556	-0.0047984673	-0.0012457988	0.0159921866	0.0600667584	0.0451812674	-0.1592894153	-0.0486895082	0.0211975998	-0.0301243696	0.036510841	-0.0260396417	-0.0376612712	0.0473917178	0.0081366805	0.1082255781	-0.1457088148	0.0625554436	-0.1670859606	-0.0427881154	-0.096795135	-0.0397825886	-0.0064785287	0.0563506324	-0.1181406766	-0.0698231992	-0.006687331	0.0652444511	0.022812938	-0.0015655271	-0.0497666542	-0.0459381416	0.0131062018	-0.0513527918	0.0464027686	0.0762604848	0.0666087107	-0.0415866836	0.0143641951	-0.0538150129	-0.0613224198	-0.0624090167	0.0266303944	-0.1036145805	-0.0742632484	0.0	-0.1393744782255055	0.0064302972139387	4.134872225958783e-05	0.0194252451806319	0.1490949981493656	0.0558196348408586	0.0031158316337667	0.0222293184731593	0.0625238526251195	0.0173553204220128	0.0039092321470876	0.0003012071469507	0.0012268372220959	-0.0004904038921879	2.404959774730415e-07	1.5051295695199846e-06	0.0009820848076709	0.0002801720557735	9.644905694579886e-07	7.849638083634922e-08	-0.000684604158356	-9.469116000202296e-10	4.686828536383271e-07	8.966415782528714e-19
699.8096557106117	-1.5013642916528624	2.254094736250301	489733.5542258048	651.9616506090903	-0.8553653731117947	0.7316499215186798	425053.9938649295	641.3200782501136	0.3337971695242459	0.1114205503823981	411291.44276673184	650.0219044020128	662.8051491303405	1.105861	19.653843	0.0534223766508254	0.0247414768167369	0.1960951348	-0.0311439229	0.0295571553	-0.0227246302	0.0406337321	0.0044129855	-0.1738833327	0.0918714243	-0.0590212166	0.1585790333	-0.0559396167	0.0847416009	0.0474131592	0.0584847612	0.0407458519	-0.0766713392	-0.0476081525	-0.1200838777	-0.0659249086	0.0774431109	-0.11315074	-0.0226969135	0.1353442397	0.0427332825	-0.0769025069	0.0451368364	0.1289511063	0.1055374952	0.0624633703	-0.056978179	0.1414770464	0.0004702921	0.0935442774	-0.0247575212	0.1018084305	0.0883399906	-0.0535202782	-0.0542237167	0.0642275692	0.0829298912	0.0250038358	0.0276351322	-0.0651502579	-0.1013564715	-0.0482428123	0.102799158	0.1105313097	-0.0525424628	0.0337167403	0.1557225596	-0.0895025798	-0.0019584497	-0.1565014576	0.0820903356	0.0655639166	0.0494292426	0.1023965309	-0.0153379137	-0.0623642801	0.0111205136	-0.0366108897	-0.0832266036	0.1272614716	-0.0896008087	-0.0792361904	0.0161998693	0.0857987897	0.1802126814	0.1060139046	0.0152870421	-0.0940901122	-0.0747813419	0.0999901778	-0.1659086702	0.1179961058	-0.105850588	0.0062196138	0.020710205	-0.1214644806	-0.0486690017	-0.0250630286	0.0486567669	0.0115758194	-0.0082998689	-9.06644e-05	-0.0223204119	0.12472115	-0.1142655334	0.0141270022	-0.1302178498	0.016040389	0.0598941349	0.1913613866	-0.0321275713	-0.0015494515	-0.1325220482	-0.0390146233	0.0242472716	-0.1057076408	-0.0684936154	0.0	-0.1482966178645881	-0.0089221396390825	7.960457573928877e-05	0.0219918868700756	0.1318623258200091	-0.0172326723293565	0.0002969649956109	0.0173876729706622	0.0624433067869532	-8.054583816630156e-05	0.0038991665624895	6.487632045912042e-09	0.0013856840678181	0.0001588468457221	2.5232320395892403e-08	1.920120335804917e-06	0.0008537036015014	-0.0001283812061694	7.288098392164613e-07	1.648173409753566e-08	-0.0004280918333633	0.0002565123249927	1.8326261779235144e-07	6.579857287316054e-08
699.4444508526274	-0.3652048579842812	0.133374588295319	489222.5398285335	652.6506920283131	0.6890414192228036	0.4747780774045754	425952.925805036	641.4620775132959	0.1419992631822424	0.0201637907442997	411473.5968876736	649.2467081478229	650.9045331991337	1.078821	19.173281	0.0913661158933439	0.0429661949420935	0.2469010475	-0.0894876534	0.1201264931	8.1713e-05	-0.1246798229	0.0037901046	-0.1310588258	-0.138892161	-0.1335779167	0.0120121343	-0.122160165	0.0301369513	0.0742599097	0.0272379644	-0.0715343714	-0.1017749611	-0.111855599	-0.0388530462	0.0135006872	0.1071380025	0.1847354771	-0.1539781184	-0.0177223625	-0.0842056612	-0.0686552223	0.0431104875	-0.0340000952	0.1086083498	-0.0870049129	-0.1236714236	0.111058368	0.0369780976	-0.0517352827	-0.0732224971	0.0119687385	-0.0234175584	0.0835581387	0.0677652934	0.062248486	0.0062529308	-0.0027052354	-0.0583521335	-0.0123008584	0.1616692935	-0.0884662378	0.0141500616	0.0869313489	-0.035456092	-0.1404948918	0.1475192684	-0.0598132029	-0.0817228399	0.074115004	0.0587124579	-0.1124705956	0.1547228904	-0.0806612312	-3.76487e-05	-0.0048929409	0.0299989754	-0.0038715949	-0.1471967815	-0.0157576051	0.0097206401	-0.1588557093	0.076710972	0.0654425014	0.0576141395	0.0276215085	-0.0214863025	0.011224782	-0.0306858194	0.046466738	-0.1960823743	-0.0652695046	-0.0963337421	0.0100696726	0.0221249002	0.0044837787	0.1547095263	-0.0751110536	0.0651331731	0.0584801735	-0.0367776282	-0.0919766612	-0.1262114184	-0.1029786328	-0.0674108631	-0.06565512	-0.0771811111	-0.0189231648	0.1101691296	0.1744801241	-0.0302369962	0.0776110545	-0.0323385544	0.0964433292	0.0218533699	-0.1076127567	-0.06245003	0.0	-0.1452473371968921	0.0030492806676959	9.298112590384544e-06	0.0210967889627876	0.0963561472572394	-0.0355061785627696	0.0012606887161312	0.0092845071142588	0.0775200290960214	0.0150767223090682	0.006009354911048	0.0002273075555847	0.0016973570278881	0.00031167296007	9.714003403879588e-08	2.8810208801211244e-06	0.0010399184673606	0.0001862148658591	1.0814304187576192e-06	3.4675976266959835e-08	-0.0006848826945103	-0.000256790861147	4.6906430523968893e-07	6.594154636861785e-08
701.1614133741055	1.7169625214780808	2.947960300160369	491627.3276047732	653.4683983440328	0.8177063157197608	0.6686436187679852	427020.9476343156	641.9175273863563	0.4554498730603882	0.2074345868707237	412058.11196581344	650.5590338905017	659.3000135655624	0.971305	17.262451	0.1353419459459831	0.0789015988223836	0.2171083767	-0.1168763597	0.0301508532	0.0395928467	0.0542834432	-0.021684182	-0.1053064362	-0.1771004327	-0.0608183532	0.0830125179	0.0878453272	0.0913685492	-0.0315017584	-0.0773124946	-0.1999815481	-0.0303081668	-0.1357550334	-0.0153824564	-0.0859129612	0.0454550688	-0.1111175053	0.0118159309	-0.1535204312	-0.0301448832	-0.1805066963	-0.0267210378	0.0167907379	0.014691391	-0.028155308	0.0468481718	0.1440554926	-0.0933774294	0.0303769881	-0.1706914652	-0.1049185086	0.0137094447	-0.0131873369	-0.0123940896	0.1918303519	-0.0271624803	0.04716417	0.0298074778	0.0099871703	-0.0728951851	-0.0080789832	0.0188589816	0.0175692046	0.0258319691	-0.0008027825	0.142744289	0.0185068143	-0.1601681957	0.0148807004	-0.0490262023	0.0937134458	0.0766033069	0.0110892273	0.1218208868	0.0429772751	0.0827107562	-0.1499941041	-0.1299387796	0.0124246198	-0.1108587403	0.0549085393	-0.0872447064	0.0924970749	0.0980085514	-0.0100309667	0.0186746559	-0.013764131	-0.0675921304	0.0970392385	-0.1939510915	0.0447730847	-0.1034779743	-0.0712905008	-0.0141294487	0.1173036912	-0.0858597963	-0.1454357274	0.0406904985	0.0215621054	0.004727611	-0.0724403783	-0.0431292825	-0.0129509263	-0.0827237983	-0.0034490302	-0.1086480923	-0.0334076558	0.1548468158	0.0697585942	-0.0276639042	-0.1213395869	-0.0911491616	0.0435329573	0.0194497534	-0.1093265412	-0.0561566646	0.0	-0.1557826334621239	-0.0105352962652318	0.0001109924673962	0.0242682288883944	0.1678279190800111	0.0714717718227717	0.0051082141674863	0.0281662104227267	0.082196124543806	0.0046760954477845	0.0067562028900208	2.1865868636791783e-05	0.0009877358292319	-0.0007096211986562	5.035622455822623e-07	9.75622068348429e-07	0.000982261468186	-5.765699917459994e-05	9.648375918829164e-07	3.324329553819818e-09	-0.0004789852441372	0.0002058974503731	2.294268641011731e-07	4.239376007014318e-08
701.773310748745	0.6118973746395113	0.3744183970907265	492485.77967925457	653.6102646408925	0.1418662968596891	0.0201260461846814	427206.3780439376	642.2402023780379	0.3226749916816516	0.1041191502567539	412472.4775505831	650.7657020739473	662.8762321290268	0.950889	16.899612	0.1627932016567785	0.0973673825446139	0.2014255226	-0.1098682442	-0.0074838765	-0.0224407176	0.0503180665	-0.0029982289	-0.1427513615	0.0315030263	-0.1733927416	0.041331065	-0.0530893288	-0.0107691216	0.0100590489	-0.0251561894	-0.1017703901	-0.2071624133	-0.084731418	-0.0919791278	-0.1525891554	0.0731426749	-0.0999951127	-0.1101716741	0.0228190459	0.0995890665	-0.0922851182	0.0681270552	0.1083677193	-0.1024420183	0.0175656899	-0.1111470153	0.005929593	-0.056956136	0.0416852049	-0.0708235618	0.0034127223	-0.0232644037	-0.0103594126	-0.0513128386	-0.0075635357	-0.1485246345	0.0570302825	-0.0551743595	0.083084387	0.1146494915	-0.0418181287	-0.1201041513	0.1374041297	-0.0542657515	0.0089503082	0.1526800632	-0.0607205836	-0.0987087606	-0.1787306031	0.0012336259	-0.0191870829	0.0601853381	-0.0617350331	-0.0617072394	-0.0252028315	-0.0671758582	-0.1226278559	-0.1301479826	-0.0016199186	-0.0483005339	-0.0514933657	0.0267592475	0.0320408914	0.1085703425	-0.1259691297	-0.0708552703	-0.0894536043	0.1415422736	0.111852161	-0.2028405611	0.0804170462	-0.0670845256	0.1241106076	-0.0163152115	-0.0782718069	-0.0484697983	-0.0181264304	0.1297096525	0.0023272387	-0.0035408188	0.0178854783	0.0211958218	-0.0600460461	-0.0170034355	-0.0755271197	-0.0828039622	0.0473998198	0.0860875244	0.0566192706	-0.0739842336	0.086513273	0.062063719	-0.0007886869	0.0170374908	-0.110845947	-0.0496386907	0.0	-0.1477016520681076	0.0080809813940163	6.530226029043773e-05	0.0218157780236483	0.0781710707046841	-0.089656848375327	0.0080383504605963	0.0061107162951167	0.0647817253476858	-0.0174143991961202	0.0041966719390229	0.0003032612993618	0.0017343370794992	0.0007466012502673	5.574134269006957e-07	3.0079251053258146e-06	0.0009819111373747	-3.503308113001012e-07	9.641494817004768e-07	1.227316773461871e-13	-0.0006848531168849	-0.0002058678727477	4.690237917069625e-07	4.23815810296632e-08
701.3393496183613	-0.4339611303836364	0.1883222626838434	491876.8833231061	654.5074336625553	0.8971690216627621	0.8049122534313178	428379.9807195442	641.5601534011291	-0.680048976908779	0.462466610994677	411599.4304320804	649.1086209371321	663.8474882032306	1.058295	18.808472	0.0477359047079951	0.0343847376325677	0.1989097913	-0.1213329749	-0.0273657825	-0.0201583629	-0.1436118392	-0.0439638392	-0.123045347	-0.0722564269	-0.165153536	0.0343837147	-0.1303592712	0.0215546328	-0.0841801276	-0.0090028116	-0.031553284	0.0659378829	-0.2062728632	-0.0099553906	0.017208379	0.070031405	0.1483930312	-0.1839366557	-0.1039337766	0.0283314093	-0.0440520463	0.0398929981	0.0389852192	0.0306363077	-0.0039906187	0.0134319852	-0.0058480865	-0.0995520842	-0.055922088	0.1151208564	-0.1548333626	0.0458910456	0.1613727935	-0.1119638362	-0.0070807013	-0.1146551762	-0.1092456099	0.0373795131	-0.0569540713	0.0037958913	0.0505393493	0.1232965747	0.0997903369	-0.1067124184	-0.195152043	0.1779211461	-0.0188800549	-0.0894269604	-0.0089339027	0.0158230904	-0.1131275679	0.0351476153	-0.0809606345	0.0894278729	-0.0320841522	0.0047927456	-0.0940033988	-0.012111358	-0.1975920444	0.0905470027	0.0086680077	-0.0713676331	-0.0463733793	0.0548307163	0.0302217899	-0.0485237908	0.0449902114	-0.0619040932	0.0349955972	-0.2068078802	-0.1181085018	-0.0583658132	-0.0233168967	-0.0221438846	-0.0425144717	0.0346067054	-0.0070766165	0.1057123643	0.0180825653	0.0187856909	-0.0388475199	-0.0918161382	-0.0659390299	0.1215514489	-0.0228698752	-0.090692956	-0.0153660245	0.1355459286	0.0610737255	0.0249267861	-0.1131270846	0.0191878694	-0.0149921001	0.0146176544	-0.1121682727	-0.0429221782	0.0	-0.1475359478122158	0.0001657042558917	2.7457900420653973e-08	0.0217668558968488	0.1104387432539226	0.0322676725492385	0.0010412026917448	0.0121967160115058	0.0522563172715209	-0.0125254080761648	0.0027307226947818	0.0001568858474744	0.0016788371120965	-5.549996740270013e-05	3.0802463817007772e-09	2.818494048952516e-06	0.0009819251799818	1.4042607099926456e-08	9.6417705908229e-07	1.9719481416290486e-16	-0.0006848247303607	2.8386524200023706e-08	4.689849113136054e-07	8.057947561585313e-16
700.6413545516114	-0.6979950667499679	0.4871971132072921	490898.3077079168	652.3272102468568	-2.1802234156984923	4.753374142360001	425530.7892284469	640.0843372292136	-1.4758161719155396	2.178033373287437	409707.9587661616	648.3066326868546	665.0347775542443	0.987802	17.555653	0.0951419656381033	0.0745567384722045	0.1935732052	-0.0604061194	-0.0352565075	-0.1577510789	-0.050977907	0.0395456832	-0.1955657275	-0.1458891414	-0.0308429595	0.131421837	0.0090734052	-0.0117864383	-0.0763923658	-0.0775835744	0.1631680505	0.0522616725	-0.1252903231	-0.1753510716	0.0611802067	0.1452158285	-0.0457689228	0.0587616563	-0.0938593054	-0.0536474797	-0.0311577256	0.1048862997	0.0245308544	-0.0703337273	0.0167650245	-0.0113428846	0.1396783771	0.0460673559	0.0124964339	0.1580397184	-0.0193224029	0.0662236561	-0.0327852349	-0.0099164192	0.0192124311	-0.051831016	-0.0117867407	-0.1740433168	0.0108021614	0.0064362782	-0.0320509154	0.0083837701	0.0477915546	-0.0637785146	-0.0365143844	0.1863932538	-0.1275953182	-0.0725123487	0.1008372503	-0.0133663484	0.0776282145	-0.0240536612	0.108752559	0.0115846856	-0.0014307878	-0.0221531287	-0.0061227426	-0.0031696016	-0.0542103837	0.0311564019	-0.0221735805	-0.0606449577	0.0200599613	0.0403561708	-0.0509481873	-0.070413207	-0.0808750414	0.0011472833	-0.0228013689	-0.1635486583	0.071924275	-0.0810122348	-0.1187059528	-0.0537105134	-0.0357308315	0.0848196854	-0.0623392575	0.0585050016	-0.0583746363	-0.0173714386	0.1071184017	0.0111281764	0.0423626883	-0.031011193	0.0256866246	-0.0940398455	-0.0113992569	0.1380179297	0.0020183871	0.0813728991	-0.0813421925	0.0335705104	-0.1135331133	0.0121913197	-0.1132911674	-0.0360339907	0.0	-0.1558582140947351	-0.0083222662825193	6.926011607715774e-05	0.0242917829008002	0.1839268012003287	0.0734880579464061	0.0054004946607343	0.0338290681997852	0.046772926708023	-0.0054833905634978	0.002187706672834	3.0067572071857803e-05	0.0017557977636605	7.696065156400007e-05	5.922941889155425e-09	3.082825786875213e-06	0.0009819670914499	4.1911468100100727e-08	9.642593686905762e-07	1.756571158305761e-15	-0.0006048622764792	7.996245388150003e-05	3.658583735076001e-07	6.393994030751019e-09
701.1456538546313	0.5042993030199341	0.2543177870263913	491605.2279192384	652.8104143318654	0.4832040850086514	0.233486187769048	426161.4370601418	640.0829159216207	-0.0014213075928637	2.020115273532121e-06	409706.1392547246	648.2328362794984	669.9703041045477	0.957271	17.013042	0.1763728954893666	0.0929811704905793	0.1669221312	-0.0584550157	-0.0634169936	-0.0675920939	0.034802796	-0.0077612524	-0.1262952614	-0.1387950027	-0.1771962604	-0.1010891655	-0.0009407815	0.0127076755	0.0176593077	-0.1111766164	-0.0429271545	0.0608227766	-0.1233495257	-0.1748960436	-0.0361809513	0.0791147994	0.0512286245	0.0682352473	-0.0408063268	-0.0159655547	-0.0045218105	0.007185481	-0.0144601968	0.0204996803	0.04883917	0.0301722914	-0.0675027109	0.1069883604	-0.0454948738	-0.1152781369	-0.0151699424	0.134814072	0.034290304	0.0075607492	-0.0199793765	0.1478638395	-0.0465358811	-0.1148755273	0.1041338633	-0.0338192009	0.0876496995	0.0588801888	-0.0170423584	-0.0075250243	-0.0014015979	0.2029268753	-0.0496160531	-0.1377299786	0.0736613072	-0.0606601954	-0.1047271919	-0.085734373	-0.1030133109	-0.0263352812	0.048058865	-0.0330214049	-0.0098471542	0.1356083264	-0.0123359182	-0.0802499878	-0.0066143681	0.028081456	0.039637354	0.0289154514	-0.1207824894	0.0085594625	0.0975435047	-0.122487823	0.0307186794	-0.1282139795	-0.0021239412	-0.0078720754	0.0760408287	-0.0487570802	0.0508883112	0.1286989755	-0.1413927347	0.0241081998	-0.07475461	-0.0420380373	0.0291204752	0.0773146008	-0.0844651309	0.1415766193	0.0447915254	-0.0964712278	0.1703092886	0.0377599898	-0.0618081641	0.0211795217	0.0274440765	0.0781951978	-0.113745068	0.0097595656	-0.1142126345	-0.029001679	0.0	-0.173305941585852	-0.0174477274911168	0.0003044231946042	0.0300349493889587	0.1060922170649973	-0.0778345841353314	0.0060582224875199	0.0112555585217665	0.0169819941576747	-0.0297909325503483	0.0002883881255712	0.0008874996622194	0.0025357828988423	0.0007799851351818	6.083768111045708e-07	6.430194910061058e-06	0.0008161333782563	-0.0001658337131935	6.660736911040409e-07	2.7500820431577178e-08	-0.0006850364543552	-8.017417787600008e-05	4.6927494379554404e-07	6.427898798092501e-09
701.5284866441244	0.3828327894931362	0.146560944711096	492142.21757319546	652.2148323059082	-0.595582025957242	0.3547179496433328	425384.187479824	640.2212202753717	0.138304353750982	0.0191280942664767	409883.210890886	649.2450760992698	673.7155223399482	0.848703	15.083523	0.1063194431752063	0.0677570820653602	0.1457158437	-0.0340161713	-0.1069352672	-0.0608796129	0.0378187343	-0.0798269466	-0.1417116894	-0.0932721995	-0.0393099688	0.0337748728	0.1415966761	0.0765140211	-0.036235194	-0.058425886	0.049358246	0.0811240381	-0.1506830997	-0.1683272074	-0.0409394114	0.0418777489	0.0016505018	0.1039158772	-0.0777646223	-0.0054245088	0.1696547491	0.0734089507	0.0103513321	0.0313832951	0.0195413911	-0.1238732945	0.1537325421	0.0173348973	0.0192853723	-0.0016899841	0.0052237298	-0.0079022	-0.0782087747	0.0609969509	-0.1054824165	-0.0522108795	0.0036577041	0.0725596306	-0.015253415	-0.1380360762	-0.0655940717	-0.1044177997	0.0689768656	0.0407406234	0.0047918547	0.2068639982	-0.0029937449	-0.1042047653	0.037636368	-0.1314131138	0.0215757307	-0.0680889154	0.1337274792	-0.0320246549	0.0210750097	0.0320851897	0.0147870878	-0.0117834465	-0.0113430847	0.0557209665	0.0671098479	0.083161945	-0.0013222073	0.073686264	0.17267525	0.1356518731	0.0982404951	-0.0764665688	-0.0470634597	-0.1299565442	0.0033829657	-0.0248515809	-0.0606973628	-0.0870086448	0.0320404719	-0.0698203823	-0.142364908	0.012171242	-0.0799352453	-0.0590611912	0.0225210819	-0.1004113747	-0.0781299894	0.0014152247	0.0985646445	-0.0196148914	0.0879699846	0.0598765275	-0.0485575979	0.1109266941	0.0093855633	-0.0268624629	-0.1208843579	0.0073234729	-0.1149310357	-0.0218533699	0.0	-0.1839357666959671	-0.010629825110115	0.0001129931818716	0.0338323662700332	0.1711556355829913	0.0650634185179939	0.0042332484292476	0.0292942515918177	0.024603012224432	0.0076210180667573	0.0006053082105155	5.807991637384119e-05	0.0022413429055772	-0.0002944399932651	8.669490963395216e-08	5.023618020381245e-06	0.0009812329293028	0.0001650995510464	9.628180615481537e-07	2.7257861755755837e-08	-0.0006856005396504	-5.640852951999294e-07	4.700480999689197e-07	3.181922202607915e-13
702.606251152744	1.0777645086195662	1.161576336039975	493655.5441589128	652.2757485449534	0.0609162390452411	0.0037107881794169	425463.65213987936	641.5379065938934	1.316686318521647	1.7336628613820884	411570.88559687504	650.4327930210751	683.3765102147406	0.967091	17.187567	0.1769499141647116	0.089557284882812	0.0937050715	-0.0313548085	-0.1023325246	-0.0669491409	0.0599187953	-0.0541624021	-0.1733406371	0.0477610553	-0.1203487339	-0.1168705784	0.1050769443	-0.0125787564	0.024729863	-0.0576305794	0.0593303074	-0.1344519565	-0.0800131284	-0.1392680842	-0.0728830405	-0.0395725052	-0.0534796067	-0.0266113609	-0.043331868	0.0641733064	-0.011456885	-0.0851794631	-0.0210777167	-0.0414012376	-0.0697177681	-0.1017010314	-0.0163001395	0.0758647822	0.0204826564	0.1424428043	0.1410547957	0.0147504674	0.0476242823	-0.070329472	0.0221805758	0.2046688746	0.1399484774	0.1181968464	-0.0044141426	0.0589056653	0.0682325404	-0.0767078299	-0.1827902016	0.0511554406	0.0186785439	0.1493213032	-0.0342542006	0.0014796134	-0.1221943944	-0.1166850344	-0.0566146777	-0.0976493341	-0.003735564	-0.1395797512	0.0169613641	-0.0969833549	-0.106830722	0.0463164377	0.0893081672	-0.0976076006	-0.0301747293	0.0820824095	-0.0899642012	-0.0650863255	-0.1365003992	-0.0502947085	-0.0370053089	0.0557423787	-0.1246214491	-0.0769529436	0.021341604	0.032450055	0.1520031048	-0.1014318947	-0.0800936594	-0.015757433	-0.0987680412	0.0489992077	-0.1440497295	-0.0875932714	0.1464403923	0.0464229108	-0.0694735879	0.0727842582	0.0756841512	0.0106758821	0.0184008519	0.0353970096	-0.143472475	0.00254385	0.0593697423	-0.0494185654	-0.0913653371	0.0048841247	-0.1154450938	-0.0146176544	0.0	-0.1880990003748195	-0.0041632336788524	1.7332514664730947e-05	0.0353812339420063	0.109729124047206	-0.0614265115357852	0.0037732163194559	0.0120404806641671	-0.0275074198572369	-0.0521104320816689	0.0007566581472023	0.0027154971317382	0.0028681572739128	0.0006268143683356	3.928962523519574e-07	8.226326147898906e-06	0.000606782021806	-0.0003744509074967	3.68184421986977e-07	1.4021348212517706e-07	-0.0005018710781147	0.0001837294615356	2.5187457904801134e-07	3.3756515036198254e-08
704.155679288046	1.549428135302037	2.4007275464655478	495835.2206736095	655.2475514992577	2.9718029543042803	8.831612799211648	429349.3537457724	641.1812881511995	-0.3566184426938434	0.1271767136693821	411113.4442752316	650.8596857820456	693.7137404293716	1.050671	18.672976	0.1166382866901447	0.0637288281788455	0.0375385247	-0.0261802427	-0.0641188926	-0.1672166137	-0.1652587748	-0.0303604954	-0.1209209068	0.0410113046	-0.0298545237	-0.1180360611	0.082163583	-0.0220972426	-0.1071517471	0.042639538	0.09591576	0.004879553	-0.089585576	-0.0542312786	0.1109640083	0.0553251617	-0.0220116582	0.0124170182	-0.0509283228	0.1751684494	-0.0095741102	-0.0815120436	0.0267522019	-0.0221260541	0.049616165	0.0485583413	0.0409262633	-0.0898214469	-0.1276015011	0.1345755309	-0.0214583667	-0.0630616971	-0.0839842604	-0.0919018652	-0.0109289829	0.1447680381	-0.0629435791	0.0408760615	-0.1910367137	0.000586593	-0.0246357278	-0.0566485317	-0.1184641574	0.0823386632	-0.1343195283	0.0858158002	-0.0865921199	0.0510551358	-0.011970784	-0.1343285671	-0.0016931348	-0.1239175485	0.0042204155	0.0560501239	-0.0338076353	-0.0546772422	-0.1835347415	0.0911103253	-0.0694132656	0.1001038641	0.0566715342	-0.030760678	-0.084094277	-0.0831365919	-0.012944411	0.0635810712	-0.0054880865	-0.039932107	-0.0909617786	-0.0314121586	-0.092399599	0.0350967837	-0.0551356469	-0.1427698863	-0.136011274	0.0321107491	-0.0516193457	0.0546583676	-0.1364392487	-0.1203411742	0.0260043383	-0.0215126169	-0.1345432233	0.0959466024	0.073829556	0.0523889308	-0.0377703728	-0.0438271039	0.002941746	0.0069949347	-0.0477725288	0.0479606693	-0.1131125622	0.0024426053	-0.1157538946	-0.0073234729	0.0	-0.209604867498399	-0.0215058671235794	0.000462502320737	0.0439342004790214	0.1655335558255899	0.0558044317783839	0.0031141346061083	0.0274013581042636	-0.0444461216278782	-0.0169387017706412	0.0019754577277601	0.0002869196176747	0.0028041053111898	-6.405196272300014e-05	4.1026539286685995e-09	7.863006596242845e-06	0.0003321440337573	-0.0002746379880487	1.1031965916057045e-07	7.542602447943789e-08	-0.0006109668476938	-0.0001090957695791	3.732804889808991e-07	1.1901886940056084e-08
705.1201297260448	0.9644504379987212	0.930164647355925	497194.39734487416	657.6332486564382	2.385697157180516	5.691550925779196	432481.4897384208	641.7510377667287	0.5697496155291901	0.3246146243956599	411844.39447467326	652.1290612591469	707.7258373450194	1.008198	17.918129	0.0767012203561641	0.0402413054815043	-0.0176028277	-0.004401658	-0.0440645571	-0.2287884487	-0.0466351365	0.1232750713	-0.104041225	-0.0027138594	-0.013887179	-0.0644138412	-0.0127206722	0.0556378836	-0.0603360045	0.0893333864	0.2308291619	-0.0495175308	0.0531877881	-0.1294677238	0.0208292027	0.1103128801	-0.0338840601	-0.0199320114	-0.0920128231	0.0820562186	-0.0256976698	-0.1445085348	0.1468817478	-0.0794934231	0.0650852037	0.0471976885	-0.021748335	-0.0294458127	-0.198052901	0.1168941041	-0.0325748786	-0.0898132223	0.0644839768	0.1037713127	0.0724889615	0.111215412	-0.0011925311	-0.0003775184	-0.15623844	0.0814065267	-0.1000513286	0.0353643467	-0.1325276372	-0.0507779307	0.0184482675	0.0215743649	-0.1867105524	0.0157138533	0.0178949452	-0.1160718398	-0.0361706833	-0.0493863107	0.0508795635	-0.030990638	-0.0942735245	-0.1782885764	-0.0867994941	0.2229287063	0.034311011	0.0768445567	0.1072062001	-0.1516331594	-0.0660793384	0.0119949937	-0.0723731192	0.0066539271	0.041813275	0.0114020834	0.0297027833	0.0270273349	0.1041225598	0.0870835615	0.0111084645	-0.1262098114	-0.1006883973	0.144640823	-0.0446533835	0.0298432614	-0.1796899389	-0.0203711712	0.1742827083	0.0851106289	0.0288687836	0.0788977019	0.0770614636	0.0706994434	-0.0567743835	-0.0580995723	0.0421677754	-0.0028878044	-0.0787562011	-0.0183036347	-0.0062447062	0.0	-0.1158568893	-0.0	0.0	-0.2178463384265256	-0.0082414709281266	6.792184305915599e-05	0.0474570271658443	0.1820113996828922	0.0164778438573023	0.0002715193381856	0.0331281496145255	-0.0766289782469584	-0.0321828566190802	0.0058720003071728	0.0010357362601642	0.0030010734221001	0.0001969681109103	3.879643671557228e-08	9.006441684835606e-06	0.0002059747010663	-0.000126169332691	4.2425577479351654e-08	1.591870051169224e-08	-0.0006838103831256	-7.284353543179998e-05	4.675966400703799e-07	5.306180654203899e-09
706.0713573778509	0.9512276518061072	0.9048340455605606	498536.7617094008	656.2166828000677	-1.4165658563705392	2.006658825434799	430620.3347851247	641.75830750188	0.0072697351513397	5.284904917062512e-05	411853.7252476776	652.8985695234629	721.431100983061	1.045078	18.573587	0.1350053850363007	0.0777858791683742	-0.0844112036	0.0070434443	-0.0288844853	-0.1868421924	-0.038965132	-0.0514706216	0.0060134497	-0.0480543403	0.0433529086	-0.1762400892	0.047572555	0.0307984588	-0.1792667961	0.0509396622	0.0947160981	-0.1367871909	0.001552835	-0.0322560434	0.0874257094	-0.066949742	0.0861844496	0.0221137502	-0.1457109449	0.0586589462	0.2709721389	-0.0943426685	-0.0225991781	-0.0852216039	0.1105166933	0.0007108607	-0.1083727737	0.0304432568	-0.0170982133	0.058496205	0.1904598712	0.0502654875	0.1274010319	-0.0427536232	0.0443828952	0.0108536046	-0.0660938466	-0.0482668839	0.0297315572	-0.058382158	-0.1386952279	-0.0739491076	0.0453027524	0.0592857986	-0.0047613125	-0.016317365	0.0059086932	0.0545988704	0.1101431232	-0.2215893674	-0.0870217904	-0.0822819367	-0.0300406433	0.0746831004	-0.0631995917	-0.1829244781	0.0690135347	0.1850639968	-0.0189183646	0.0626742473	0.0077063308	0.0819945769	0.0265188349	-0.0301968957	0.0707620499	0.1532668882	-0.0160570864	0.0720010989	0.0574786705	0.1224406379	-0.0691152401	0.0760713816	0.0198016714	-0.1633603076	0.0111909785	0.1322064786	-0.0563568139	-0.0938955507	-0.1044222502	-0.171402657	-0.1070629491	0.0806311275	-0.0016650979	0.0456493473	-0.0991713243	0.0022662836	0.0472727798	-0.0693011471	0.0608095126	-0.0677815441	0.0195291949	-0.0524112872	0.1626030521	-0.0024426053	-0.1157538946	0.0073234729	0.0	-0.2335550015122862	-0.0157086630857606	0.0002467620959419	0.054547938731404	0.1719388573955456	-0.0100725422873466	0.0001014561081303	0.0295629706824857	-0.1432971121463069	-0.0666681338993484	0.0205340623494712	0.0044446400776214	0.0034969579295985	0.0004958845074983	2.4590144477693064e-07	1.2228714761381826e-05	-0.0001481937783665	-0.0003541684794327	2.196139594653932e-08	1.2543531182374166e-07	-0.0006827424547799	1.0679283457000043e-06	4.661372595588838e-07	1.140470951549548e-12
705.7088288974352	-0.3625284804156763	0.1314268991124994	498024.9511837895	655.0146920742584	-1.20199072580931	1.4447817049315916	429044.2468331356	641.4192889522648	-0.3390185496152753	0.1149335769832449	411418.7042400289	653.4267399862043	719.985288957809	0.9654680000000002	17.15872	0.0626154873877047	0.0328334251595926	-0.0849829755	-0.0238378437	-0.0214426562	-0.1971417316	0.1318001432	0.0076018638	-0.055088144	0.0285776971	0.0506566367	-0.0771256105	0.1375052547	0.0454863524	-0.1039258236	0.0923892233	0.1334106434	-0.1003277783	0.0393396358	-0.1069191187	-0.0196847479	-0.0412983681	-0.0130180873	0.1289754486	0.003929728	0.1953896669	0.0042858477	0.0436264568	0.0430870923	0.0423579873	0.0436235707	0.0047677072	0.066871255	-0.0793504037	0.0636899849	0.0988423229	0.0074020912	0.0224742903	0.1817123444	0.1076522343	0.0091254094	-0.0640515263	-0.0864921583	-0.0921247241	0.0587285655	-0.0940861036	0.0669220986	0.0132928592	0.0138367622	0.0068231126	0.1491006106	-0.0152389366	-0.0341671529	0.0194356994	-0.0273602	-0.1952205806	0.0062596024	-0.0879373514	0.0601421183	-0.0162933301	0.02397475	-0.1457579673	0.0104971218	0.0880468204	0.0320928243	0.1070882009	-0.0910202962	0.0130336938	0.0531923472	0.003718694	0.1667223364	0.0441871691	-0.1607813426	0.053749355	-0.0715997222	0.1082215015	0.110626319	0.090757218	0.0549597893	-0.1761736144	0.0127603542	-0.0101381309	-0.0768371902	-0.0764150724	-0.1352033866	-0.1799553349	-0.0237645542	-0.013169836	0.0054902576	-0.0584054901	-0.0525912584	-0.0013151234	-0.1349897993	-0.0798277717	0.0541309328	0.1039495693	0.0202356671	0.0281644366	0.1058254302	-0.0048841247	-0.1154450938	0.0146176544	0.0	-0.2411384060427082	-0.007583404530422	5.7508024272024914e-05	0.058147730868818	0.1937479589874016	0.021809101591856	0.0004756369122438	0.0375382716117838	-0.1358792494977052	0.0074178626486016	0.0184631704440596	5.502468627352019e-05	0.0033950980185288	-0.0001018599110696	1.0375441483127164e-08	1.1526690555418184e-05	0.0002648395908397	0.0004130333692061	7.014000887613969e-08	1.705965640778251e-07	-0.0006839515468405	-1.2090920605999829e-06	4.677897184255127e-07	1.4619036110059122e-12
707.2522462768175	1.5434173793822763	2.382137206979254	500205.7398636041	656.7829979196246	1.7683058453661715	3.1269055627561704	431363.9063562896	641.5407221574862	0.1214332052214786	0.0147460233303617	411574.49818634894	653.5421329859854	717.7375995989391	1.10795	19.69096	0.1127999938043379	0.0683460743149487	-0.0748198699	-0.0816087293	-0.0019415555	-0.1388698068	-0.1085797857	-0.059635365	-0.0150843914	0.106562101	-0.0041961472	-0.1238294243	0.0567770363	0.1806552553	-0.0274556897	-0.0308555375	0.0497002291	-0.0679634684	-0.0333117078	0.0246807925	0.1539787063	-0.0378172754	0.068105098	-0.0279175477	-0.0036755659	0.1738836621	0.0978392082	0.0262862553	0.1038987609	0.0596811986	0.1317868496	0.0394192349	0.1189998104	-0.0548623568	-0.0521721752	-0.0803497315	-0.0380351648	0.1699417955	-0.0007100543	0.0112212357	0.0228891122	-0.0716718593	-0.0297917242	0.0662756679	-0.0716876938	-0.005600888	0.0917345188	0.0134659026	-0.1361207515	0.0506001192	-0.0998590673	-0.0457607302	-0.0280863744	0.1013148032	-0.0875530922	-0.1995981987	-0.1524293195	-0.0244033102	0.1186756241	0.0339138915	-0.0045923321	-0.0340421804	-0.0440589628	0.0899679818	-0.0382408581	-0.0726250261	0.0315051118	0.1868216143	0.1599516039	0.0643032893	0.0271717218	0.0512228897	0.0377407888	0.0243842407	-0.0663859181	0.0490429965	-0.1067424595	0.1372149945	0.086270611	-0.1541168291	-0.0787351773	0.0086195011	-0.0068772448	0.0540647831	-0.1092876497	-0.0723128971	-0.0775485472	0.0131963589	0.0885875961	-0.0776152896	0.0988612867	-0.0049118282	-0.0773978379	-0.0288054722	0.1165513053	-0.0734887963	-0.1209037393	-0.0116764238	0.1372586617	-0.0073234729	-0.1149310357	0.0218533699	0.0	-0.2279589036893838	0.0131795023533244	0.0001736992822812	0.0519652617712657	0.1306376904661164	-0.0631102685212852	0.0039829059928287	0.0170662061703208	-0.126360183654512	0.0095190658431932	0.015966896013202	9.061261452704751e-05	0.0032360001844777	-0.000159097834051	2.531212079975131e-08	1.047169719393971e-05	-4.927392480702508e-06	-0.0002697669833204	2.4279196658883615e-11	7.277422528979032e-08	-0.0005729932224813	0.0001109583243591	3.283212330095046e-07	1.2311749744601429e-08
710.2648120994394	3.012565822621923	9.075552835629704	504476.10330665193	662.4363150790169	5.653317159392373	31.959994904680244	438821.8715354666	643.3079311127808	1.7672089552945636	3.123027491673303	413845.0942326064	657.5739374130297	739.6467969904803	1.084068	19.266531	0.1388792873777682	0.0961106249522217	-0.1618803433	-0.0844655805	-0.0477488033	-0.1724505391	-0.1276742279	0.1216994286	0.0625152697	0.0016253106	0.0957547335	-0.1417232876	0.1359641567	0.0911967365	-0.1122793647	-0.1402366391	-0.0054534964	-0.1159612036	0.0598980072	0.130561443	0.0521602687	0.1547491002	-0.0644457327	0.0393551948	-0.114830363	0.1465413813	0.0099144515	0.0298435308	-0.0724338522	-0.003493296	-0.0342583525	0.0005193041	0.1220524337	0.0708405154	-0.0490631933	-0.1301077058	0.0345179224	0.0765120228	-0.0386363225	0.0333125217	-0.0659055616	0.0439094775	-0.1816426271	0.1552280772	0.0474089728	0.1165622832	-0.1623112749	-0.0224990103	-0.0733479785	0.0910440637	-0.0945133561	-0.190900831	-0.1098420838	-0.0323767792	0.0170372199	-0.230035032	0.0708131976	0.0044936701	0.0849506145	0.0531952643	-0.0259371284	0.0010637313	-0.1532267973	-0.0312925494	-0.0327519523	-0.0603808164	-0.1453357054	0.1876828782	0.0400438195	-0.0289775672	-0.0562334411	0.0663475072	0.0144963624	0.0788566909	0.0446498728	0.0484657773	0.016651904	0.1435196609	-0.1256602958	-0.1818715773	0.0713047016	0.0700569289	0.0344739952	0.0581141341	-0.0584479689	-0.0641457157	-0.136867963	-0.0284245577	-0.0700551659	-0.0747202227	0.0728371393	0.1067515185	0.0209033089	0.0229914332	0.060927983	-0.0651488422	-0.0629578499	0.0526202517	0.0397111227	-0.0097595656	-0.1142126345	0.029001679	0.0	-0.2265787799812528	0.0013801237081309	1.9047414497452103e-06	0.0513379435377929	0.223636287676527	0.0929985972104106	0.0086487390831041	0.0500131891657383	-0.1124092889243471	0.0139508947301648	0.0126358482364773	0.0001946274637721	0.0027524965325901	-0.0004835036518876	2.3377578138864554e-07	7.576237161920524e-06	-2.2440344060736805e-05	-1.7512951580034297e-05	5.035690415642456e-10	3.067034730446258e-10	-0.0006829700535949	-0.0001099768311135	4.664480941074205e-07	1.2094903381789284e-08
710.3904615467573	0.1256494473178691	0.0157877836112859	504654.6078566148	661.8823993725091	-0.5539157065078371	0.3068226099160763	438088.3105991096	644.9478288053475	1.6398976925667057	2.6892644420856056	415957.7018807319	658.998818735726	747.671712088731	1.026481	18.243069	0.0838457121322456	0.0509050002050226	-0.1798825001	-0.1212888046	-0.1006678018	-0.0136826827	0.1014899007	0.131489096	0.1247803892	0.0471954012	-0.07807297	-0.002678582	0.0468594978	0.1073957986	-0.1280073008	0.0025758369	0.1111641618	0.0174320364	0.1529285615	0.0825735488	-0.1248851456	0.0230169521	-0.0622660032	-0.0890238615	-0.1417751854	0.1389388219	0.155925875	0.061611188	0.0633319739	-0.0415826037	-0.0469099964	0.0461715604	-0.0414170833	-0.0794411611	-0.044504273	-0.0481406334	-0.0844803118	-0.003048369	-0.0015678349	0.1301665829	-0.0143718609	-0.0973552674	0.0741326159	-0.0202639666	-0.0415382029	-0.0924312944	-0.0988671242	0.0342169634	0.0337156353	-0.0121420349	0.0771335935	-0.2245451121	-0.0348032242	-0.1422832535	-0.105156366	-0.1363122331	-0.0076897374	0.0286133277	0.0326974524	0.0227206743	-0.0910346115	-0.0006013176	-0.0183540311	-0.0373228067	-0.0804908025	-0.0471798938	0.0758341529	-0.102872956	-0.0097427415	0.0522388658	-0.0105182014	-0.0945404458	0.0667974115	0.0204172223	-0.0097944404	0.0067256913	0.1209915144	0.1939764678	0.0459571792	-0.1442658561	0.1095507	-0.0128468201	0.0263519109	0.0773581121	-0.0686746654	0.0146606677	-0.0869817168	0.068078757	0.1079715561	-0.0638730385	0.0915370624	0.1162181217	-0.1128804026	0.0092833306	0.0725664466	0.0284215638	0.0392083959	0.1087269885	0.0484817442	-0.0121913197	-0.1132911674	0.0360339907	0.0	-0.2095351252066848	0.017043654774568	0.0002904861680746	0.043904968695381	0.1769254667125892	-0.0467108209639377	0.002181900795125	0.0313026207714675	-0.1123174411225491	9.184780179799512e-05	0.0126152075803172	8.436018695123796e-09	0.0029640222780935	0.0002115257455033	4.474314101076899e-08	8.78542806503458e-06	6.114352305019999e-05	8.35838671109368e-05	3.738530410990337e-09	6.986262841218741e-09	-0.0005780918943704	0.0001048781592245	3.341902383367577e-07	1.0999428282319573e-08
708.4904283918829	-1.900033154874336	3.610125989621723	501958.6871229138	661.5849603885214	-0.2974389839877176	0.0884699491956457	437694.65981228143	644.5088245254474	-0.4390042799001321	0.1927247577706335	415391.6248911739	658.3192336272381	733.1872851660206	1.008112	17.916595	0.115717343343566	0.0668319978589913	-0.1110882964	-0.1707936295	-0.0593047841	0.0468080414	-0.0172775059	-0.009908631	0.1589547359	0.0951059522	-0.1746304964	0.0644571496	-0.0101366497	0.0463822165	-0.1771244582	0.09445712	0.1039080309	-0.0802608459	0.0234988824	0.1034952834	-0.2043346182	-0.044615246	0.0326681751	-0.1076272862	-0.0134312214	0.0198407963	0.0823329101	0.087128489	0.1021027576	0.0004655508	-0.0532545475	-0.0781031533	-0.1384810016	0.0584023913	-0.1183533441	0.0459659504	0.1857195894	0.1240128574	-0.0841385329	0.1014754086	0.1655235842	-0.0657425729	-0.0025346245	-0.0018314098	0.0765356479	0.1002659593	0.0229838813	-0.0263996188	-0.1128212463	-0.0324969479	-0.0495967611	-0.1369014526	0.0741624364	-0.1546948964	-0.1771955657	-0.0196970761	-0.0189435245	0.0710861445	-0.0006273546	-0.0585471848	-0.192627685	-0.183700713	0.0924210179	-0.04838713	-0.1367950549	-0.0895664062	-0.0153571803	-0.0237003661	0.0564064114	-0.1565360566	-0.076663697	0.0113627594	-0.0091626026	0.0392148162	-0.1020134667	-0.0559200327	-0.0548712703	0.1604237033	0.1051794951	-0.1209047894	-0.0039049134	-0.0390051521	0.0030432036	0.1506481145	-0.0572781153	0.0561815492	0.0514140283	0.0270745512	0.0528622798	-0.0684840289	0.0403187691	0.1557933509	-0.0950818062	0.0406928341	0.0247130499	-0.0167992153	0.147182284	0.044022163	-0.0320930417	-0.0146176544	-0.1121682727	0.0429221782	0.0	-0.2118701522916666	-0.0023350270849818	5.45235148759868e-06	0.044888961432094	0.1239652566467839	-0.0529602100658053	0.0028047838502142	0.015367384855503	-0.0723802952749252	0.0399371458476238	0.0052389071440853	0.0015949756184543	0.0030640962893881	0.0001000740112946	1.0014807736591758e-08	9.388686070641925e-06	0.0002649531350906	0.0002038096120404	7.020016379433773e-08	4.153835796005837e-08	-0.0006839074779385	-0.000105815583568	4.677294383801998e-07	1.1196937725857551e-08
706.6051979125343	-1.8852304793485928	3.554093960264925	499290.9057170118	659.2958618530048	-2.2890985355165867	5.239972105304182	434671.0334564964	642.2359273810135	-2.2728971444338413	5.16606142917551	412466.9864189505	654.6425287004985	718.4182417763027	1.002346	17.814133	0.0973003309211072	0.0668465195761909	-0.0365821028	-0.1585841359	-0.0251684257	-0.0624426921	-0.1428249212	0.0346998578	0.0702680219	-0.0100150842	-0.1609558535	0.0426788716	0.0004657756	-0.0588908669	-0.1414770141	0.2422036962	0.0236533648	0.1233821919	-0.136847165	0.1069714087	0.0209618997	0.1099362811	0.0070988842	-0.0087903123	-0.0418882987	0.1215828631	0.0299987627	0.059473895	0.0656837143	0.0407325549	0.1042631957	-0.0157585974	-0.1722234008	-0.0452531885	0.0427190151	-0.1965646721	0.0052909015	-0.0200279014	-0.0428794547	0.0003898236	0.0319177629	-0.0809923019	0.0171853565	-0.1214501382	0.0055675061	-0.0349134681	-0.0265683191	-0.0845433026	-0.0996006536	-0.0207641994	-0.1826179199	-0.0654024104	-0.0194165019	-0.1207118673	-0.0594527017	-0.0342186855	0.0459700507	-0.0774699699	-0.1955571253	0.0397123394	-0.1295621437	-0.0269139802	0.1271949192	0.0509489002	-0.0355671438	-0.1244320134	0.0064520155	-0.0314688833	0.1784374194	0.1214853865	-0.0263911834	-0.17304289	-0.028796114	0.0244065163	-0.0166299133	-0.0737261863	-0.0922373767	0.126104761	-0.1262424592	-0.1216116766	0.009363164	0.0457726421	0.0247799147	0.151382481	0.0032312513	0.1048613071	-0.0011130116	0.1913709679	-0.0221090714	0.0502748298	0.0127682689	0.1273313922	0.0094564871	0.0204064925	0.062580247	0.0192549159	0.0780024181	-0.1169882584	0.0421861211	-0.0170374908	-0.110845947	0.0496386907	0.0	-0.209527587442281	0.0023425648493856	5.48761007357702e-06	0.0439018098993827	0.1888903892957927	0.0649251326490087	0.0042152728494913	0.0356795791683161	-0.0687320254214824	0.0036482698534427	0.0047240913185393	1.3309872923539536e-05	0.002694544464406	-0.0003695518249821	1.3656855134760072e-07	7.260569870661017e-06	0.0001070799197524	-0.0001578732153382	1.1466109214180423e-08	2.492395212122167e-08	-0.0006836452468734	2.622310651000017e-07	4.6737082357259205e-07	6.876513150348134e-14
706.2556227062491	-0.3495752062851807	0.1222028248493266	498797.00460419175	658.6916972227202	-0.604164630284572	0.3650149004868936	433874.75199014775	641.6604448566807	-0.5754825243328696	0.3311801358125318	411728.1264936733	653.515494361853	718.329134556513	1.117899	19.867783	0.0461935683019368	0.0279979796474935	-0.0394757732	-0.0891532855	-0.0216079058	-0.1113104916	0.0346387111	0.1588643232	0.0034952706	-0.0141889153	-0.0255844926	-0.0126332621	0.0815995585	0.0945616815	-0.1354022022	0.0356946514	0.120896924	0.1388360065	0.0553118636	-0.1015765444	-0.0067946956	0.021671488	0.1255552784	0.0083422177	-0.0501259987	-0.0172374602	0.2668017778	0.0577699234	0.0830802182	0.141766342	0.0305751135	0.0644462037	-0.0435437513	-0.134248351	-0.1047424265	0.0254492058	-0.031379605	-0.0021383785	-0.0398764964	0.0818290187	0.106377912	-0.0838956474	0.0200348405	0.0099304171	0.0265993184	0.0321026224	-0.0161248526	0.0207102497	-0.0695032304	0.0141450549	0.0407836209	-0.0395691344	-0.1156147801	-0.1071690717	-0.0243180101	-0.0148456717	-0.0471498837	-0.1103946371	0.0880509741	0.0445203523	-0.0450801248	-0.0369954837	0.1524321871	-0.0265025239	-0.2251913384	-0.0792220405	0.0960326629	-0.0150188762	0.081006635	-0.0475803567	0.1146345535	0.0206536882	0.0924894556	0.0180684291	-0.0408351524	-0.0317168095	0.15019401	0.1278973392	-0.0536678834	-0.1363449468	0.0203540103	0.0252124934	-0.0005091306	0.0913903107	-0.0205424279	0.0436897582	-0.0767101549	-0.0163135095	0.1025394685	-0.0177458762	-0.0843813005	0.0784394411	0.0906806268	-0.0127135991	0.012120935	-0.0913368903	0.0919480696	-0.0468277569	-0.0961983908	-0.0194497534	-0.1093265412	0.0561566646	0.0	-0.2097475841760143	-0.0002199967337332	4.8398562853318926e-08	0.0439940490676742	0.2024601775114689	0.0135697882156761	0.0001841391522183	0.0409901234779754	-0.0918979723222648	-0.0231659469007824	0.0084452373169437	0.0005366610958098	0.0027205937031481	2.6049238742100085e-05	6.785628390429281e-10	7.401630097609092e-06	0.0002655705013292	0.0001584905815768	7.052769117624263e-08	2.5119264448552305e-08	-0.0006838621555894	-2.1690871600005707e-07	4.676674478473808e-07	4.7049391076793395e-14
706.3932741785184	0.1376514722692263	0.0189479278178855	498991.45780464745	657.9189083057136	-0.7727889170066646	0.5972027102483336	432857.2899061819	642.2929332870526	0.63248843037195	0.400041614554373	412540.21215048624	654.8455896997096	724.1563988823332	1.165838	20.719782	0.1972280159940824	0.1060805517942542	-0.0765812477	-0.0898954131	-0.0544547897	0.0726997727	0.0742961105	-0.0967100114	0.1122924425	0.0523681739	-0.1848760933	-0.0495014853	0.0586801846	-0.1041231907	-0.0842725951	-0.0143463168	0.0676348549	0.0051197572	-0.0169498262	0.0615444253	-0.0787882236	-0.1011345322	0.1094638533	0.0436543605	0.1540670403	0.1491855917	-0.074400112	-0.0593577571	0.0993581318	0.0276450731	-0.1762076861	-0.01563488	-0.0481294348	-0.0004827833	-0.0939765369	-0.1515984598	0.0169703417	0.091849777	-0.0643121098	0.0237403278	-0.0369888828	0.0901777289	0.0434401272	-0.081983351	0.0967926383	0.0380090376	-0.00547501	0.0081533576	-0.085340016	0.1238459376	-0.0006149964	-0.0610110263	0.1535977425	-0.0574092529	-0.0987158592	0.0432088466	-0.0799139452	-0.1472675218	-0.0217104595	-0.0716159123	0.0176216201	-0.0792251056	0.1095516044	-0.0670142528	-0.1145994886	-0.0538609131	-0.1735985936	-0.1611785823	0.0516860783	-0.0562083778	-0.0540151902	0.1014628233	0.048123435	-0.0459649159	0.008599831	-0.000774081	-0.0929203723	0.115584244	0.1327701904	-0.1147800767	0.022418563	-0.046205765	0.0037975819	0.0024592073	0.0257375067	-0.0486463477	0.0980357068	0.0868407871	0.0517353754	-0.0631655871	-0.1976569816	0.0622488384	-0.0752957956	0.0273742732	-0.1382823931	-0.0814769001	0.084654945	-0.0509287503	-0.0083787402	-0.0218533699	-0.1076127567	0.06245003	0.0	-0.2125114631193838	-0.0027638789433694	7.639026813601253e-06	0.0451611219571412	0.1273970739854633	-0.0750631035260055	0.0056344695109558	0.0162300144600576	-0.1442873535117073	-0.0523893811894424	0.0208188403834123	0.0027446472614127	0.0037169825327272	0.0009963888295791	9.927906997100094e-07	1.3815959148599112e-05	-7.72691868859976e-05	-0.0003428396882151	5.9705272420232236e-09	1.175390518154939e-07	-0.0006828576266784	1.0045289110000456e-06	4.66294538312857e-07	1.0090783330349374e-12
705.8487415737666	-0.5445326047517938	0.2965157576377732	498222.44598126994	657.1749056714048	-0.7440026343087993	0.553539919858433	431878.8566442197	641.2917250952893	-1.0012081917633395	1.002417843254016	411255.0766756921	653.1978679246669	727.2695341500015	0.999703	17.767149	0.1711349239274077	0.1010018506496332	-0.0879654544	-0.0174406664	-0.0129078487	-0.0656272217	-0.0544205824	-0.0184104975	0.0105161823	0.1183464196	-0.0023023543	0.0305870869	0.0425969665	-0.0808331748	-0.1025622119	-0.1046404667	-0.1044432132	0.108041141	-0.0131109347	0.085547763	0.1466230285	-0.0342348566	0.0111852741	0.1505075287	0.1004306135	0.0255907014	0.0969145098	-0.0801153591	-0.1154421036	0.0910504525	-0.0767688956	0.0801519938	-0.0064577763	-0.1417567692	-0.0077619692	-0.1103064924	0.1054363347	0.1131714331	-0.0927716751	0.0076742903	0.0664695161	0.0603347005	0.0766867659	-0.0295329755	-0.0105173604	0.0142146928	0.1223403572	0.0897917921	0.0456165251	-0.0993111501	-0.0682961681	-0.0562297818	0.0342369382	0.0927932375	-0.0433172033	0.0863936554	0.0581897216	-0.2750576188	-0.0121948073	0.1338794626	0.1140672723	0.0427280636	0.1213660515	-0.0575571684	-0.1302496135	-0.1535803844	-0.1107380529	-0.0387837268	0.0185491979	-0.1087399002	-0.0843653116	0.0351782749	-0.0168568785	-0.030499191	-0.0236787042	0.0611579913	-0.0331040193	0.0366086299	-0.1089171033	-0.11812948	-0.0998874887	-0.0656357579	0.0717932451	-0.0676781343	0.0498506673	-0.0629752933	-0.0309065653	0.0102669089	0.0317402445	0.0613287642	-0.235915503	-0.0985268809	-0.1061317213	-0.070439674	-0.1735856281	0.0580252961	-0.0467524317	-0.1072978506	-0.1155368547	-0.0242472716	-0.1057076408	0.0684936154	0.0	-0.2344740699881384	-0.0219626068687546	0.0004823561004714	0.0549780894968024	0.2227203297877622	0.0953232558022989	0.0090865230967505	0.0496043453007695	-0.1698716323604614	-0.0255842788487541	0.0288563714808077	0.0006545553242108	0.0033169658399699	-0.0004000166927573	1.600133544844884e-07	1.1002262383527224e-05	-0.0001389614040667	-6.16922171807024e-05	1.9310271820188666e-08	3.805929660670952e-09	-0.0005792708884644	0.0001035867382139	3.355547622223354e-07	1.0730212333815756e-08
705.7950305805658	-0.0537109932007524	0.0028848707906112	498146.6251922218	657.4891363474716	0.3142306760668134	0.0987409177814066	432291.96441494406	641.4289262090033	0.1372011137140134	0.0188241456043656	411431.067377635	652.8261192411153	728.8521957215561	0.984783	17.501997	0.116019295637993	0.0646229951909872	-0.0726844839	0.0447772921	-0.0127941328	-0.0565052377	-0.0193271809	0.0752926083	-0.0220446743	-0.0519895709	0.0429804071	-0.0649454297	-0.0399733647	0.0232003461	0.0197155451	-0.1360031002	0.0973832248	0.0837168369	0.0356738153	0.0008226364	0.0885084964	0.0327893785	0.0998912017	0.0350880715	-0.0280078983	0.1094209834	0.0179463774	0.03821639	-0.1261209533	-0.0400242246	-0.0321999209	-0.0520945458	-0.0582639661	0.0769946677	0.2463275699	0.0668693834	-0.1168703776	0.0785588111	-0.1268324271	-0.1550830622	0.0016870207	0.0498363074	0.094382034	0.0837878153	0.0359800584	0.0955775682	0.1742825032	0.031354079	-0.1038393967	0.0234497133	0.0023999256	-0.0435874104	-0.0839673261	0.0313847462	0.1007159821	0.0408930903	-0.1022930022	-0.176422483	0.0815643183	-0.0412293176	0.0731814266	0.0444903595	0.0916006374	-0.0659154655	0.0338906181	-0.2289757648	-0.1165272081	0.011420498	-0.2274236911	-0.0932979891	0.0521441327	-0.1937295378	0.012834741	0.0218705323	0.0230148936	0.0646155541	0.042346128	0.0311075201	0.0670689895	-0.0559536354	0.0160283862	0.1811559355	0.0709584508	-0.0662062605	0.0785682638	-0.0233699239	0.0552066347	-0.0623763423	0.0794048867	-0.0822579191	-0.1558732569	-0.0626011803	-0.1064236109	-0.0858243365	-0.2129270766	0.1142294995	-0.0395328141	-0.1947282811	-0.1065371696	-0.0266303944	-0.1036145805	0.0742632484	0.0	-0.2262479159854535	0.0082261540026849	6.766960967588915e-05	0.0511881194877608	0.1899522366595363	-0.0327680931282259	0.00107374792726	0.0360818522119604	-0.1883244404209136	-0.0184528080604521	0.0354660948598502	0.0003405061253158	0.0043439610991604	0.0010269952591905	1.054719262399762e-06	1.886999803101883e-05	-0.0001399827007217	-1.0212966549999925e-06	1.9595156501341025e-08	1.0430468575141736e-12	-0.0006826991415515	-0.000103428253087	4.66078117875155e-07	1.0697403536649193e-08
707.138980399942	1.3439498193762347	1.8062011170014136	500045.53760106966	658.1689603179143	0.679823970442726	0.4621606307885124	433186.3803259642	642.5580670470346	1.129140838031276	1.2749590321099722	412880.86952722137	655.3570964110418	726.7272022985308	1.075323	19.111101	0.1184293732791241	0.0708276019230419	-0.0607946226	0.0159564726	-0.0826759176	0.1001232644	-0.0005997729	-0.0971868678	0.0595728793	-0.0590540418	-0.009449687	-0.1015955593	0.146301555	-0.0454767416	-0.001594972	-0.0099816897	-0.0469468155	0.1114923688	-0.0811333863	0.0840817433	0.0200796301	-0.0967408031	0.0277969452	0.0328368267	-0.0241211305	0.1885421666	0.1338674972	0.0775939336	-0.1163496081	-0.0024345507	-0.0954002058	-0.0603883988	-0.0164726648	0.0189051499	0.0197664338	0.0176169295	-0.003898208	-0.1325196391	-0.0540829972	0.0529395457	0.0244992689	-0.015371959	-0.1386611994	-0.0407387654	0.0307995477	0.0570623414	0.1825071343	0.0317699149	0.1359086127	-0.0048604792	-0.0338246136	-0.047952856	0.117724633	-0.0170360633	0.0230522058	-0.1652880479	0.0257005369	-0.1233058434	0.0184569272	-0.0727377106	0.0519324015	0.11643311	0.0423336156	-0.1238652188	0.0404179879	0.0052857609	0.0152961425	0.0200984758	-0.2072377786	-0.0858422072	0.1318474187	-0.0345416403	0.1081532065	0.0265589581	0.048348172	0.0103228244	-0.088093058	0.0820537292	-0.0447368898	-0.1160853161	0.1207199716	-0.1028162772	-0.0388215017	-0.0861533062	0.1648302022	-0.0161307113	0.0608277926	0.0009952026	0.0012566597	-0.0058109483	-0.0243601476	-0.0243804045	-0.0310505995	-0.1145432131	0.0631617753	0.0591344382	-0.1178901491	0.0024707433	-0.0227082919	-0.029001679	-0.1013372972	0.0797358525	0.0	-0.2383507191847087	-0.0121028031992552	0.0001464778452799	0.0568110653358678	0.2056560584693301	0.0157038218097937	0.0002466100194337	0.0422944143851405	-0.1623498078780585	0.025974632542855	0.0263574601180425	0.0006746815357363	0.0031399640072245	-0.0012039970919359	1.4496089973901038e-06	9.85937396666534e-06	-0.0001389336816024	1.0490191192999844e-06	1.9302567883597065e-08	1.1004411126569148e-12	-0.0005947829380623	8.791620348919994e-05	3.537667434100218e-07	7.729258835954412e-09
707.8902415496427	0.7512611497006674	0.5643933150495686	501108.59408121154	659.2576940895447	1.0887337716303591	1.185341225488467	434620.7072162636	643.3001693767854	0.7421023297508782	0.5507158678216811	413835.10792020086	656.4535621992442	732.8136496829727	1.090952	19.38888	0.0400519868965717	0.0187902059288187	-0.0834884247	0.0599315424	-0.0866101135	-0.0472995764	-0.0117371839	0.0852156183	-0.0366282558	0.2192156977	0.018061968	-0.0895415094	0.0338396753	0.0039640478	-0.0484882325	0.0823873442	-0.1173308741	0.0905393158	0.1109425179	-0.0633129421	0.0740468202	-0.0078081854	-0.0604874417	-0.1334245772	0.0706523084	0.1430290591	0.1034968677	-0.0901094109	0.013254755	0.1028444893	-0.1004127591	0.1635190979	-0.0861745019	-0.0956284083	0.0259634322	-0.0240592315	0.090137192	-0.0247765663	-0.023030438	-0.0634086027	-0.0639332415	-0.024910638	0.0734064276	-0.0827228972	0.0641294057	-0.0732910083	-0.0270163048	0.0037911193	-0.0369482762	-0.1383710332	0.0272915149	-0.1011263058	-0.0916621632	0.0978058422	-0.1673364342	-0.0684314702	0.0133633478	-0.0852014529	0.0051900825	0.0770017437	-0.0961365814	0.0929993566	0.0961015742	-0.0587486574	0.0065545491	0.0709140515	0.0843410967	-0.0073180741	0.031903225	-0.0731979754	-0.0484120684	0.0471271549	-0.0573628553	0.0024191694	0.0541121686	0.0302640103	0.0952402076	0.0616975731	-0.0413517717	-0.1012807786	-0.1342771251	-0.1019121995	0.107188007	0.0118048667	0.1561438981	0.0126740611	-0.0395637913	-0.0518516542	0.0692070788	0.0556664875	-0.0107619332	-0.0496247121	0.0637668196	-0.0713243345	-0.02640123	0.0451601731	-0.0261811581	-0.0084954529	0.0134685818	-0.0313600711	-0.09887984	0.0848895389	0.0	-0.2490875365225235	-0.0107368173378147	0.0001152792465456	0.0620446008508594	0.1924912091044888	-0.0131648493648413	0.0001733132587989	0.037052865582508	-0.1606188379687978	0.0017309699092606	0.0257984111104469	2.996256826765973e-06	0.0032049128620751	6.494885485060003e-05	4.2183537464043124e-09	1.0271466453494408e-05	-0.0002750938325162	-0.0001361601509137	7.56766166884511e-08	1.8539586696868785e-08	-0.000682060937991	-8.727799992870003e-05	4.652071231331628e-07	7.617449271554163e-09
707.6430793361715	-0.2471622134712561	0.0610891597680107	500758.7277323791	661.1661139625464	1.908419873001776	3.642066411668115	437140.6302523349	643.9931367572985	0.692967380513096	0.480203790455182	414727.1601905046	656.3712999386529	733.3991442294309	1.016899	18.072769	0.0515614519001734	0.031051194695656	-0.0651142384	0.0340405625	-0.1128540673	-0.0125640006	-0.0507000678	0.0369780816	0.072051196	-0.0329149112	0.0334614668	-0.0719732167	-0.0698619912	0.1506881818	0.0319011837	0.0727140055	0.1242807144	0.1286413256	0.0466882639	0.0659226585	0.0033183731	-0.0405762541	0.0256049334	-0.1048204313	-0.2191307536	0.1553237117	-0.033108033	-0.0553128721	0.1068906846	0.016250895	0.1011441049	0.0603822102	-0.0496439928	0.1447196777	0.1600627402	-0.0215080857	0.0268152488	-0.036243803	-0.008841204	0.0292170394	0.0406600087	-0.0224296016	-0.000360637	-5.30465e-05	0.0664619965	-0.1467146744	0.0320546097	0.0523788422	0.0445122942	-0.1335965984	-0.0305536492	-0.1126458354	-0.0148846447	-0.0138137777	0.0689944152	-0.0868306635	-0.1083237149	0.0085146558	0.1068450344	-0.0103098998	-0.1670862839	0.0887874901	0.0629285755	-0.0785225457	0.1276826988	0.026213002	0.1286555106	0.0968990271	-0.1477459371	0.1000776152	-0.0991464947	-0.154023854	-0.1606363149	-0.0524765852	0.0341304334	0.0016207738	-0.0510182408	0.0850670604	0.0329336217	-0.0622499882	0.0741839566	0.168307601	0.0985912645	0.020170207	0.2320679511	0.0445501741	-0.0294935431	-0.0416248422	0.0532498096	-0.0979096662	0.0484422792	-0.008547671	0.1288085632	-0.0419104078	-0.0264324741	0.0700776049	-0.0165934598	-0.1328652573	0.0176305819	-0.0337045224	-0.096246578	0.0897036946	0.0	-0.2489606646537652	0.0001268718687582	1.6096471082220292e-08	0.0619814125448445	0.1758703148121867	-0.016620894292302	0.0002762541270758	0.0309303676321376	-0.1587826904643847	0.0018361475044131	0.0252119427911086	3.3714376579624727e-06	0.0037279612763815	0.0005230484143063	2.735796437084393e-07	1.389769527819998e-05	-0.0001392726206592	0.000135821211857	1.9396862865281426e-08	1.8447401590304075e-08	-0.0006827420765216	-6.811385305999576e-07	4.6613674305302633e-07	4.639496978678695e-13
706.6774150030426	-0.9656643331288706	0.9325076042772265	499392.9688753825	660.0629200812195	-1.103193881326888	1.2170367397970838	435683.0584661464	642.7918599305721	-1.2012768267264846	1.4430660144300524	413181.37519300415	656.4447452272977	726.4100394119034	0.99822	17.740797	0.0928599864770495	0.0606652553722697	-0.0448081826	-0.0013855319	-0.1864154446	0.037030025	0.0771661714	-0.0727549088	0.0962740229	-0.0128623943	-0.0582644299	-0.0082972503	0.0533979307	-0.0531915236	-0.0955976915	0.1005905766	0.0706299517	0.1020681766	-0.0549114355	0.0824651912	-0.0012834242	-0.1321546606	-0.0920947714	0.1687385906	0.0130109332	0.1009980698	-0.0863697976	-0.0926777612	0.0276434881	-0.0297978126	-0.1541886147	-0.0136172341	-0.0064143421	0.194193613	0.096549908	-0.0444943117	0.0542879788	-0.0650851756	-0.1683791649	-0.0141035288	0.0208394886	-0.0617314826	0.1305981972	0.0377419757	0.0392485841	0.0568815725	0.0224889682	0.1070968844	0.0438149098	-0.0330670832	0.0208586994	-0.0434128416	0.1528700326	-0.0182415351	-0.0023930387	-0.0786999353	0.1131640661	-0.1292086865	0.0166439342	0.0090965746	-0.0695630935	0.0597226322	0.0589560464	-0.1650342724	0.1507231593	0.1210070796	-0.0336889609	-0.1375818335	-0.0658279009	0.0044098469	-0.0705559047	-0.0396172936	-0.0345181051	-0.1117326151	-0.0290215909	0.0125048103	-0.0474554014	0.0516710564	-0.0692163835	-0.1035480473	0.0965672877	-0.1297980326	-0.0410266197	-0.0681000113	0.2153848792	-0.0194270727	0.0828210852	-0.0376852223	-0.0021566654	0.0344397886	-0.035960877	0.0472270061	0.0758453679	-0.1020184899	0.0667455807	-0.0058117325	-0.0624414407	0.0199737206	0.0185746806	-0.0360339907	-0.0934421931	0.0941590645	0.0	-0.2491710770699597	-0.0002104124161944	4.4273384888802735e-08	0.0620862256482037	0.2328545584367134	0.0569842436245267	0.0032472040214594	0.0542212453847567	-0.1643964541569431	-0.0056137636925583	0.0270261941393758	3.151434279588685e-05	0.0032429177879641	-0.0004850434884173	2.352671856561204e-07	1.0516515779493972e-05	-0.0002551067897615	-0.0001158341691023	6.507947418241819e-08	1.3417554731620238e-08	-0.0006825883991659	1.5367735569998212e-07	4.659269226758661e-07	2.3616729654938832e-14
705.979789189133	-0.6976258139095535	0.4866817762329669	498407.4627435327	657.8602908229476	-2.2026292582719407	4.8515756493956	432780.1622416532	642.3171296264986	-0.4747303040734323	0.2253688616056535	412571.2950116242	654.1338410138829	724.4678927143523	1.129705	20.077602	0.1749276544306323	0.0906908799869631	-0.0359086207	0.0593024196	-0.1354252736	-0.0999919294	0.0520820944	0.0526484518	-0.0107571477	0.1863027568	0.0422469283	-0.0013064749	-0.0948014678	-0.0750804512	-0.0855444698	0.0740736499	0.0132652304	0.1848241436	0.1208051952	-0.0810345069	0.0704288795	-0.0280068444	0.0250878015	0.0564200333	0.1210326563	-0.0137442037	-0.1158344376	-0.1409795036	-9.1276e-05	0.1254334745	-0.0664478928	0.1477997954	0.012557152	0.0355658891	0.0845143553	-0.0804086886	0.0249373843	-0.12601721	0.0856935032	0.0370954174	0.0641781393	0.023807407	0.103094769	-0.1884129074	0.1359244399	0.0795620011	-0.0331753109	0.0104150003	0.0685857759	0.0456974131	0.0699214368	-0.0405076789	-0.060983263	0.1260417244	-0.1013869308	0.1352566524	-0.053480444	-0.162937885	-0.0262716908	0.1052756399	-0.0149011898	0.0479265045	0.1149992219	-0.0934684493	0.0844247678	0.0988322601	0.0398473603	-0.11511073	0.0342318012	0.0210709269	-0.0166059461	-0.0182709343	-0.1668468043	-0.127560353	0.045813649	0.074571651	0.1057577013	-0.0109765148	0.0622665941	-0.0276554703	-0.1763759025	-0.0248960348	0.0992371813	-0.0539208819	0.2068633191	0.0031663823	0.0430562299	-0.0639155693	0.0222867955	0.1467185795	-0.011926319	-0.0540017744	0.0325863106	0.0306157008	-0.0114469672	0.0936654473	-0.067314355	-0.0555859533	0.0416238501	-0.0383474405	-0.0904716714	0.0982378286	0.0	-0.26840176329668	-0.0192306862267202	0.0003698192927505	0.072039506540767	0.1848298418830722	-0.0480247165536412	0.0023063734000575	0.0341620704505214	-0.2194010876350489	-0.0550046334781058	0.0481368372554424	0.0030255097040607	0.0041809684407256	0.0009380506527615	8.79939027146277e-07	1.748049710234346e-05	-0.0001399271938837	0.0001151795958778	1.957961958816657e-08	1.3266339306573326e-08	-0.0006827105139699	-1.2211480399993476e-07	4.66093645885045e-07	1.4912025355942482e-14
705.8785851292769	-0.1012040598561725	0.0102422617313717	498264.57694410975	658.950388637416	1.090097814468436	1.1883132451088605	434215.6146854016	642.5599635327621	0.2428339062635132	0.0589683060311967	412883.3067352246	654.2544768133356	724.9886794337135	1.156701	20.557398	0.1602608035078312	0.0915676557374867	-0.0326355163	0.0752449043	-0.0902500211	-0.0679160329	-0.018318938	-0.0953256709	0.0745634004	-0.1075647546	0.1696810055	-0.0938342214	-0.1561980409	0.0468271763	-0.0090596063	0.0249918903	0.0524648687	0.0071535709	0.0254052223	0.0354007235	0.1308336253	-0.1025356301	0.1141673615	0.0658840989	0.0025787955	-0.119572228	-0.1060609541	0.0199382103	-0.1699306153	-0.0041243021	0.1026160847	-0.0056077102	0.1172556545	-0.0157290967	0.0220924414	0.0359619587	0.061708796	0.0516134788	-0.0306430741	-0.0378082445	-0.1350585669	0.0193590223	-0.0042987458	0.0633405699	0.0422982944	0.0159308285	-0.1088041362	-0.0562497628	-0.0241604164	-0.0453209513	0.0181866667	-0.0160868687	0.0732691644	0.0950131153	0.1729093651	0.028900645	-0.114493741	-0.0304324169	0.0289876722	0.0816975131	-0.0080466358	0.0192292845	0.0847519757	-0.0288329659	0.1245254409	0.0339457896	-0.0709404236	0.1250166345	0.0978095608	-0.0759398506	0.0104127379	0.100351489	-0.1872381362	0.0923442093	0.0127097752	0.1242922921	-0.1068343374	-0.0973446619	0.051228735	0.0351405052	0.0161238481	0.1299185396	0.0356788584	-0.126339746	0.0745758015	-0.1373959645	-0.1293414353	0.0521628318	-0.0470056693	-0.1378954091	0.0276028346	-0.078854988	0.0520093022	0.0504833868	-0.0981279978	-0.07444313	0.1461724267	0.0182356428	0.0635163988	-0.0406438432	-0.0873402943	0.1019236731	0.0	-0.2657897766852954	0.0026119866113845	6.8224740580522205e-06	0.0706442053904192	0.1743913711729305	-0.0104384707101417	0.0001089616707664	0.0304123503395748	-0.2769567704432489	-0.0575556828082	0.0767050526943544	0.0033126566235181	0.0052462322660736	0.0010652638253479	1.134787017595053e-06	2.752295298959174e-05	-0.0008637859525695	-0.0007238587586858	7.461261718563985e-07	5.239715025261473e-07	-0.0006787398304416	3.970683528299992e-06	4.60687757427892e-07	1.576632768191287e-11
706.2292201103734	0.3506349810965048	0.1229448899685462	498759.7113377062	657.7180761780686	-1.2323124593474404	1.518593997462937	432593.0677313797	642.5404266611031	-0.0195368716590564	0.0003816893542224	412858.1998938324	654.6725149835133	720.3252507100638	1.11765	19.863356	0.2352467790531992	0.1260163982959386	-0.0161660333	0.0391188966	-0.0668412588	-0.0550066731	0.0697921985	0.0155898509	-0.0441159944	0.0649287451	0.0523835175	-0.0601428341	0.1473239414	-0.099344635	-0.0840298924	0.0040164127	0.0577157079	-0.0390999914	0.0733840119	-0.0415555229	0.0225970631	-0.0315127708	-0.0576123457	0.0588528694	0.0213989303	0.1185831095	-0.0292629629	0.0469164199	-0.0978415323	0.0058368058	0.0110455368	-0.1729892098	0.1085172691	0.1315665952	-0.0733275236	0.1115005579	-0.060011894	-0.0618550993	0.1336765965	-0.0802273704	-0.0050041792	-0.1303271146	0.0695789943	-0.0249350309	0.0947366016	0.008768154	0.11801371	-0.0669872282	-0.0435530091	0.005499691	0.0880462475	-0.0065591867	-0.0101330942	0.0620819372	-0.0349620037	-0.0777750313	0.0653965269	-0.1045407891	-0.0222654257	-0.0931499375	0.0597870976	-0.0759870004	-0.0430210404	-0.1165068029	0.1151814999	0.1731670464	-0.0868238617	0.0504291872	-0.0834528491	0.0808234815	0.0754532841	-0.1171739719	0.0039340572	0.018879808	-0.1726359661	0.0657399688	0.088807246	-0.0099197597	-0.0414262279	-0.0299692846	0.0447010817	-0.1029578068	-0.0576071766	-0.0889102432	0.2297103603	0.0237212386	0.1020269236	-0.1168549374	-0.0950193888	0.0154459137	-0.0932311806	-0.0108779243	0.0398608675	0.0188904218	0.0884294345	-0.1489017736	0.0148895753	0.0764722593	0.1061809097	-0.0429221782	-0.0840536294	0.1052018558	0.0	-0.2713992028195378	-0.0056094261342423	3.146566155552128e-05	0.0736575272910806	0.2569126690775505	0.08252129790462	0.006809764607863	0.0660041195325509	-0.212295274333762	0.0646614961094869	0.0450692835044472	0.0041811090791171	0.0039563382972071	-0.0012898939688664	1.6638264509181698e-06	1.5652612721947576e-05	-0.0005068491162607	0.0003569368363087	2.568960266542526e-07	1.2740390511413506e-07	-0.0006810002033633	-2.260372921700053e-06	4.63761276980856e-07	5.109285745154834e-12
708.3530151315642	2.1237950211908583	4.510505292035078	501763.99404597806	659.9340712769006	2.215995098831968	4.910634278047303	435512.9784321053	643.8520214049109	1.3115947438078592	1.720280771984404	414545.4254671899	656.3326819666659	727.5100634260464	1.103642	19.614403	0.1265331773348837	0.0881233307505206	-0.0397684513	0.060214439	0.0181442039	-0.0348203638	-0.0732875616	0.0386788289	0.028572492	0.0541575924	-0.0717643172	-0.2763593683	-0.0182400877	-0.033526671	0.1662488339	0.0848909106	-0.0312430004	0.019119079	0.0449432893	0.0272449008	0.0832300523	0.0875441918	0.0366001691	-0.1101752646	0.06761991	0.0169194988	-0.0547867824	0.0928057447	-0.0204393525	-0.0345346855	0.0587533071	-0.0759386967	-0.0019154987	0.0690326421	0.1315904223	-0.0734147771	0.0337913796	-0.018431394	0.0049637335	0.2065283655	-0.0570731877	0.034002551	-0.095035225	-0.0531989027	-0.0324999206	-0.1643794743	0.099595724	-0.0550717789	-0.1192975061	0.0015184681	-0.075255603	-0.0840557289	-0.0581142084	0.086394608	-0.0257016407	-0.0662641659	-0.1092138745	0.0394608583	-0.1607679151	-0.1581674429	-0.0963128872	0.0493211836	-0.0556920632	-0.0363408811	0.2015717323	-0.0809059342	0.0656762148	-0.1386752231	-0.0014072398	-0.0099530043	0.1444336772	0.0998081647	0.0151733388	-0.0561731507	-0.0668321777	0.0510258195	-0.0724450187	0.0181912326	0.0918952695	0.0213381729	-0.0584075236	0.0861007773	0.0540236717	-0.0397211656	0.1694656966	0.1859610347	0.0928238212	0.1364016833	0.0597556241	0.0244675888	-0.0113287192	-0.0761493804	0.0753767194	0.147522821	0.0319431413	-0.0454161785	-0.0927216255	0.1026636283	0.2524037624	-0.0451814325	-0.0806175202	0.1080592651	0.0	-0.2706167121667704	0.0007824906527673	6.122916216682965e-07	0.0732334049039526	0.1723150194067813	-0.0845976496707692	0.0071567623298181	0.0296924659131594	-0.2266036333402041	-0.0143083590064421	0.0513492066429816	0.0002047291374572	0.0044378241119952	0.0004814858147881	2.3182858984216065e-07	1.9694282849005988e-05	-0.0005620127783754	-5.516366211469998e-05	3.158583630572365e-07	3.043029617904786e-09	-0.000680756120168	2.4408319529998015e-07	4.634288951461885e-07	5.957660622784825e-14
708.8381209904488	0.4851058588845944	0.23532769432416	502451.48176927015	662.3297382931868	2.395667016286211	5.739220452921677	438680.68222752126	644.5896067104181	0.7375853055071957	0.5440320829001433	415495.7610790915	657.9576836322951	739.7174520726425	1.053223	18.718328	0.1588842046521378	0.1096213355688918	-0.0804095715	0.0642381782	0.0313845978	0.0296975549	-0.0262627442	-0.0122461559	0.1267854316	-0.0903119172	0.1529233298	-0.0014627387	0.1158710479	0.0359425855	0.0056976909	0.0914762302	-0.0383280526	0.037211294	-0.0226763706	0.1973527796	-0.0551184769	0.0422751713	-0.1600767316	0.0668812842	-0.1606631095	-0.1089651709	0.0555315515	-0.0591557072	-0.0755495754	-0.0473127239	-0.061013545	0.0258585499	-0.0425504482	-0.0101742313	0.1447581273	-0.107720476	0.1184037719	0.0614269065	0.0538656212	0.0330459852	-0.003784085	0.064184416	-0.051292676	0.1521968094	-0.0628148527	-0.0660375903	-0.1125833465	0.0434699111	0.0988923767	0.0022963595	-0.0234090891	-0.1279798031	0.0539911706	-0.0516713444	0.0684007757	-0.0780403434	0.169438575	0.1436792719	0.0207948007	0.0171140068	-0.049047639	0.1044924724	0.0686509672	-0.0145038038	0.0729560935	-0.1276951926	0.0799563427	-0.1170771692	-0.0541242426	-0.0163551898	-0.0160281617	0.2151952523	0.0140501044	-0.0251210839	0.1005555525	0.0530559988	-0.0498786913	0.0218683421	-0.1522102734	-0.0239354682	0.0810679695	0.007879691	-0.027739716	-0.1014870451	0.1246419357	0.1621897448	-0.136924604	-0.0235019605	0.078876369	-0.0101471727	-0.0573250975	-0.0506996168	0.1750666287	-0.0263579589	0.1360489035	-0.0004991726	-0.0442493965	0.1606143122	-0.0272785231	-0.0474206018	-0.077038076	0.1104844722	0.0	-0.2846485744436933	-0.0140318622769228	0.0001968931589585	0.0810248109328268	0.2786961528749572	0.1063811334681759	0.0113169455579738	0.0776715456273015	-0.2208064226676001	0.005797210672604	0.0487554762912628	3.360765158255401e-05	0.00386034717844	-0.0005774769335552	3.334796087883175e-07	1.4902280338089669e-05	-0.0004863169185729	7.56958598025e-05	2.3650414529024066e-07	5.7298631912397355e-09	-0.000681063291499	-3.071713310000149e-07	4.638472070274519e-07	9.435422658832073e-14
706.4771465637542	-2.360974426694611	5.574200243505946	499109.9586168643	658.9168601792677	-3.412878113919078	11.647737020467842	434171.4286285046	644.2597160867707	-0.3298906236474295	0.1088278235704899	415070.5817722064	656.0373164939678	730.680473608282	1.219872	21.680099	0.1228093375926991	0.074476085468334	-0.0449973214	0.1170920078	0.0729607939	0.0759798281	0.1864989069	-0.0036722376	-0.0023386755	0.0964471668	0.087178704	0.1018543097	-0.0993953357	-0.0236294683	0.0179204073	0.1044525188	0.0463230752	0.0130985794	0.1469338971	-0.0600352106	-0.077094252	-0.0777809006	-0.0404991878	-0.0657947107	0.0923158982	-0.0910945877	0.0942406133	-0.0114597892	-0.1381947367	0.140986043	-0.0116768784	-0.175518344	-0.0879850419	-0.0967513417	0.0513121727	0.0139095715	0.0026835779	0.1531197632	0.0631482395	-0.0399308041	-0.0270932375	-0.0790439867	0.0461716344	-0.0440951569	-0.0939178147	-0.0802112126	-0.1129243933	0.0962905659	0.0840188855	0.0087272842	0.2043327815	-0.0170324173	0.0305146027	0.0420102744	-0.0862436939	0.0812791462	0.0156651108	0.1047055406	-0.062378955	0.0094153906	-0.0322099219	0.0044886938	0.1609153625	-0.0535391217	-0.0767261263	0.0141543576	-0.0755792013	-0.0554932522	-0.0324016366	0.1721593785	0.1434991035	0.0316314861	0.0709606406	-0.0776229871	-0.0663099163	0.0672282228	0.1408148537	-0.0110572835	0.0959649857	0.019043413	-0.0359178639	-0.0852657838	-0.0215857351	-0.0532289635	0.2043985676	0.1056235525	0.0103309978	-0.1114555166	-0.0058685776	0.0300407704	0.0065504216	0.0135417867	-0.0016510432	0.1552842141	0.0533831397	0.1481233361	0.1109566858	0.0274288272	-0.0993163192	-0.0496386907	-0.0733216609	0.1124677771	0.0	-0.2846019217862192	4.665265747411107e-05	2.176470449396732e-09	0.0809982538844092	0.210078882407501	-0.0686172704674561	0.004708329806404	0.0441331368335846	-0.2350214363942839	-0.0142150137266838	0.0552350755648324	0.0002020666152498	0.0043109716291214	0.0004506244506814	2.030623955519138e-07	1.858447638708962e-05	-0.0001399714727072	0.0003463454458657	1.9592013171822442e-08	1.1995516787191053e-07	-0.0006827014097736	-1.638118274599953e-06	4.660812149068609e-07	2.683431481578327e-12
704.6900289969757	-1.7871175667785335	3.193789197488427	496588.0369677584	657.4037911671994	-1.5130690120682857	2.289377835281298	432179.7446410068	642.2653888057804	-1.9943272809903192	3.97734130370224	412504.82965784025	653.5123631047745	712.9899371872156	1.223762	21.749228	0.0694715660906174	0.038950428789624	0.0285117083	0.1090178481	0.0631775399	0.1041954938	-0.0362326541	-0.2013923164	0.0155842771	0.0496092241	0.0337048591	0.1043882795	-0.1319905508	0.0544217716	0.0661897746	0.0810204139	0.0802041017	0.0178726148	-0.0946870749	-0.0107912377	0.0080832067	-0.1353818093	0.0062223048	-0.0238063392	0.085769868	-0.1125261815	0.0885333117	-0.1710076086	0.0876461103	-0.0392772953	-0.0300694074	-0.1407370038	0.0823427646	0.2567445043	-0.0146526796	-0.0445048679	-0.1127738898	0.00550474	-0.0124716118	-0.0415769929	-0.1890698716	-0.0284949852	0.09088714	-0.0234403254	-0.2365093725	-0.068008417	0.0995887683	0.0532788489	-0.0644735931	-0.0128810052	-0.0355839083	0.0816428523	0.1337385343	0.0970292701	-0.0456562563	0.1097360754	-0.0376804955	0.079829816	0.0752521993	-0.0121089425	0.00043213	-0.015742848	0.1759827331	0.0203135902	0.0036556871	0.0152486322	-0.0140852926	0.0153772216	-0.1271676603	0.2909426775	-0.1410868537	0.0605239873	0.1144302761	-0.0339049486	-0.1289571188	0.0327165141	-0.1520789982	-0.0530083046	0.0402457933	0.0385569839	-0.1092195435	-0.0516489253	-0.0029989764	-0.0729383908	0.1186434974	0.0897961773	0.0442279041	0.0440719829	0.065391358	-0.1342319476	0.0551896585	-0.0865607045	0.0081008617	0.0364031171	0.040831553	0.1130554054	0.0839084027	0.0337929613	-0.0576653514	-0.0518347133	-0.0694748826	0.1140012473	0.0	-0.2846009708105441	9.509756750958332e-07	9.043547346239756e-13	0.0809977125863041	0.18060005352622	-0.029478828881281	0.0008690013522118	0.0326163793336735	-0.2396670844585102	-0.0046456480642262	0.0574403113728426	2.1582045936649505e-05	0.0046078344626231	0.0002968628335017	8.812754191465812e-08	2.1232138434937117e-05	-0.0005480708694214	-0.0004080993967142	3.003816779083293e-07	1.66545117598494e-07	-0.0006807408766008	1.9605331728000334e-06	4.6340814107522566e-07	3.843690321649366e-12
704.4347691737728	-0.2552598232028913	0.0651575773415713	496228.34402090654	657.8953492280742	0.4915580608748087	0.2416293272110021	432826.2905359297	642.3045442956306	0.039155489850259	0.0015331523854137	412555.12762281776	652.8636756872597	712.1926878687472	1.016578	18.067068	0.1458282117447787	0.1106455090142908	0.035649227	0.1548147189	0.0499675781	-0.0225719624	-0.0389037168	0.0223419016	-0.0811248788	-0.0398294626	0.1403720615	0.0898754471	-0.051997388	-0.146704294	0.0173413546	-0.0262221223	-0.0416178586	-0.0091682658	0.023058678	-0.0482967248	0.0474220774	-0.0085131944	-0.1000352899	0.0084197455	0.0871053184	-0.1788904684	-0.0628941599	0.0233148244	0.0227785313	0.0369528324	-0.0020147927	0.0576882303	-0.1572509822	0.0689028842	-0.0881497348	-0.1478914476	-0.0287949167	-0.0146743064	-0.0109032119	0.0047336835	-0.1477860351	-0.0214218512	-0.1123269532	-0.0074919542	0.0520781155	0.1464655747	0.0258120284	0.1423470913	0.0662381516	0.1298842377	0.0134560227	0.0694814179	-0.0135676847	0.1019182306	0.1047731697	0.1762864171	0.1339560561	0.0022831097	-0.0728149752	-0.0334983856	-0.037975285	-0.024165658	0.0799465259	0.0246198529	-0.0276571602	-0.0667843978	-0.0834036158	0.0279067323	0.0348459461	0.064590116	-0.1628343397	0.0552744136	0.0811788597	0.0684004913	0.0443670092	0.0893490504	0.0143823059	-0.1441207359	-0.1103024974	0.0181766439	-0.0747201329	0.0170474365	-0.0383653218	-0.0638310467	-0.050896563	0.0543232666	0.1267118926	0.0445968826	0.0216845344	0.0695736838	-0.1024306726	0.04265108	0.0109888639	0.0376592703	-0.0267726378	-0.0289674573	0.1072497234	0.1608396137	-0.10900204	-0.0540076933	-0.0655045805	0.1150787493	0.0	-0.2969312507935626	-0.0123302799830185	0.0001520358044596	0.0881681676978295	0.2884227486486708	0.1078226951224508	0.0116257335834689	0.0831876819380543	-0.2627925296010147	-0.0231254451425044	0.0690599136141001	0.0005347862130389	0.0045648300220875	-4.300444053560032e-05	1.849381905779984e-09	2.0837673130551367e-05	-0.0005560556995154	-7.98483009399999e-06	3.091979409635608e-07	6.37575116300479e-11	-0.0006807343172943	6.5593064999718365e-09	4.633992107421367e-07	4.3024501760572765e-17
704.8741263254667	0.4393571516939119	0.1930347067445871	496847.53396309	656.914738644533	-0.9806105835411928	0.9615971165529984	431536.97384841513	641.5771300508706	-0.727414244760098	0.5291314834799037	411621.2138043117	652.2070502219236	717.0177630026918	0.908218	16.141239	0.1440957678212915	0.081274379494896	0.0115659949	0.1404260918	0.0286856694	0.0577235656	0.1168711731	-0.0075288338	-0.0366029911	-0.0685107723	0.0489644294	-0.0627125018	-0.1119385756	-0.098747613	0.1161979564	-0.0114825652	-0.0498933925	0.0887659545	0.0453092396	-0.1369091622	0.127383576	-0.0832364938	0.0112511615	0.0977400881	0.0007066948	-0.1397313159	-0.1788655964	0.0445083232	-0.0228599005	-0.0495440951	-0.0802490587	0.0714343703	-0.1302661698	-0.0502881427	-0.015889214	-0.0260759752	-0.1603987502	0.0566811648	0.158787884	0.0835231805	0.0746296179	-0.1071918224	-0.0149978213	0.0852260606	0.0610379427	-0.0263581096	-0.0200131696	-0.0646003459	0.0356309501	-0.0426496001	0.1301558577	0.0850429063	0.034149701	0.0747961404	0.1354386763	0.1012915961	-0.061167717	-0.0648479974	-0.0798093165	-0.0320933493	0.0798118933	0.0793589261	-0.0010659352	0.0629139956	-0.0036752449	-0.1083530073	0.0243531102	-0.124339155	0.0799999249	-0.0373111289	-0.1097105846	-0.0630191677	0.0336724431	0.0859737505	0.1006692842	0.0884124055	0.0296674979	-0.1223619333	0.1439956961	0.0782615419	0.0390568458	0.05395188	-0.075338766	-0.0889624473	-0.0660324085	0.009853385	-0.0206900302	0.0436113927	0.1305769713	0.0989793358	-0.0206557987	0.0148991823	0.0273938671	0.0592071497	-0.1336749514	0.0027848678	-0.037277329	0.0583815906	0.0444511558	-0.0561566646	-0.0614178136	0.1156959735	0.0	-0.2844488900866508	0.0124823607069117	0.0001558093288174	0.0809111710715275	0.2196412717339484	-0.0687814769147223	0.0047308915665704	0.0482422882489061	-0.2844922361822171	-0.0216997065812024	0.0809358324479583	0.0004708772657102	0.0053068060855451	0.0007419760634576	5.505284787440371e-07	2.816219082957851e-05	-0.000635807860154	-7.975216063859996e-05	4.0425163503360845e-07	6.360407126525053e-09	-0.0006798180690214	9.162482728999628e-07	4.62152606967985e-07	8.395108975921646e-13
706.6469985235547	1.7728721980879527	3.143075830753209	499349.9805223487	658.180171445727	1.2654328011939242	1.6013201743375016	433201.1380843265	642.9791548456842	1.4020247948136555	1.9656735252722732	413422.1935660704	653.3675595365775	716.7703008521805	1.02045	18.13588	0.0995632929209406	0.0504688560663126	0.0070538703	0.1157518316	0.0252933804	0.0610457784	-0.0617748894	-0.0877426764	-0.0128844766	0.0565948787	0.1200307795	-0.0167018406	0.0783331279	0.0373104741	0.0987874679	-0.1496147637	-0.0501122949	0.0013103554	-0.0367806882	0.0752566074	0.1662676357	-0.1075224969	-0.1263760972	-0.077818138	0.0742810895	-0.1128157705	0.1207454346	0.1043649743	-0.0628815918	-0.0476757653	-0.1053716423	0.0514710389	0.1441192932	-0.0078403914	-0.0662090983	-0.004538645	-0.1374612013	0.0342340471	-0.0262805615	0.0871261042	0.1715654377	0.0498335702	-0.1402260922	-0.05053384	-0.0405097452	0.1827145791	0.1057055243	-0.0297547062	-0.0337325074	0.0452866003	-0.0753939874	0.0317153492	0.0460798538	0.1436495127	-0.0027478258	0.0001459591	0.0225233999	0.0128560187	0.1034126535	-0.0333014137	0.1478311572	0.1723656227	-0.0262044688	-0.0137326024	-0.1537388022	-0.1215941488	0.0409223414	-0.0089486746	-0.0045624317	-0.0143562998	-0.0133544713	0.0018254509	0.1726277025	0.1465727237	-0.0861011926	0.076321275	-0.109255432	-0.0780744266	-0.0309480291	0.0316370523	-0.0736726269	-0.0765956644	-0.0433667442	-0.0276946415	0.003798216	0.0914302421	-0.0951054084	-0.0708471834	0.0480623304	-0.0744868916	0.1355405408	-0.0778918319	0.0436618353	-0.0517166239	-0.0101266398	-0.0495715331	-0.0722174661	0.0852633499	-0.1433687329	-0.0582806721	-0.0572218481	0.1158504512	0.0	-0.3034754780404967	-0.0190265879538458	0.0003620110491654	0.0920973657719079	0.254749029113043	0.0351077573790945	0.0012325546281893	0.064897067834038	-0.2617069513940819	0.0227852847881351	0.0684905284079843	0.0005191692028764	0.0049043201297324	-0.0004024859558127	1.619949446264627e-07	2.405235593489843e-05	-0.0005856712212419	5.013663891209998e-05	3.4301077939097857e-07	2.513682561402298e-09	-0.0006800687302939	-2.5066127250000705e-07	4.624934779235574e-07	6.283107353132278e-14
707.2572849843147	0.610286460759994	0.3724495641869597	500212.867163384	661.1629173306961	2.9827458849691766	8.896773014300557	437136.4032532369	644.2532373570999	1.2740825114157133	1.6232862458953712	415062.2338451037	655.5456564743806	729.7791440636325	1.175462	20.890821	0.081830030447623	0.044993989633571	-0.0255348264	0.1876375468	0.0953020949	-0.0458574642	0.0091194915	0.0857036394	-0.0741012882	0.0543544224	0.2386734668	0.0022311003	-0.0489724068	0.0273031743	-0.099783715	-0.1198940627	-0.1027132149	-0.0873175238	0.193682629	-0.033902014	0.0373430425	0.0549763992	-0.0749668185	-0.1413198432	-0.0755207893	-0.0661507509	0.0889637558	-0.1096381573	0.0064576134	-0.0623035074	-0.0948303362	-0.085555456	0.0363396381	-0.0011745884	0.0021443312	0.1000781689	-0.0077219392	0.0670911211	-0.0290810484	0.0594037512	-0.1571566992	0.0730926969	-0.1131674635	0.1349563264	-0.0363038716	0.154509972	-0.0484246798	-0.0571404654	0.0742169249	-0.0198801369	0.0956159669	-0.0255606445	-0.1288085708	0.1502931282	0.0343889715	0.0248454575	0.0511931324	0.1499587036	0.0048314219	0.0408231033	-0.027378123	-0.0506974663	-0.037666383	-0.0891952409	-0.1596768027	0.0590775748	-0.0446605409	0.0996975965	-0.090965943	0.0023172377	-0.0113118007	0.0147145724	0.1257777447	0.1398200193	0.1292083816	0.1193857278	0.124206303	-0.1473592319	-0.0590937955	0.0446660892	-0.0178474529	0.1049688382	-0.0138939665	0.0287696174	0.0262575747	0.0078838037	-0.0760852926	-0.1193510862	-0.1288473345	0.0300587246	0.0465114085	0.1377807832	-0.1344461414	0.0502936139	0.026320139	-0.0157739788	0.1331378431	-0.0323977217	-0.037409988	-0.0603787714	-0.0529241442	0.1155415645	0.0	-0.3031965699158974	0.0002789081245992	7.778974196749724e-08	0.0919281600087656	0.2852305266456909	0.0304814975326478	0.0009291216918328	0.0813564533305781	-0.2843639169963978	-0.0226569656023158	0.0808628372895342	0.0005133380903045	0.0052342461523218	0.0003299260225893	1.0885118038166093e-07	2.7397332783095567e-05	-0.0008227819851511	-0.0002371107639092	6.76970195089185e-07	5.6221514361604396e-08	-0.0006788523330313	1.2163972626000503e-06	4.608404900620391e-07	1.479622300460896e-12
705.4751797778665	-1.7821052064481364	3.1758989668495547	497695.2292826131	658.4264905584695	-2.7364267722266504	7.488031479758765	433525.4434691423	644.138225565987	-0.11501179111292	0.0132277120950019	414914.05363529833	655.0980582516542	714.9072444822223	1.202464	21.370707	0.1233279607241858	0.0853272590266734	0.0388654089	0.130022415	0.1316897537	0.1102626718	0.1409752489	-0.1715155627	-0.0018841617	-0.0754547514	0.1035097142	0.0048313036	-0.1649001804	-0.0874268958	0.0113096008	0.1540747437	-0.0207743153	-0.2169553445	0.0013314909	-0.0616710093	-0.1271547702	-0.1964509149	-0.0698992646	-0.1495106417	-0.1554546516	-0.0232333146	-0.0349371368	-0.0016569088	-0.0002543174	0.0196788129	0.0495246371	0.0006432011	-0.0256571618	0.0067901558	-0.1014179452	-0.0086297965	-0.0556958984	-0.0700449111	0.0737585162	-0.0345272923	-0.1000177496	-0.0462060326	0.0181977436	0.1532724903	-0.0157822587	0.0713500984	-0.1180890666	0.1361032342	0.0314501686	0.0533649617	0.1486988849	0.0941857464	0.1995932741	0.0582024183	0.0233281877	-0.0213516944	-0.0223557617	0.1953644848	-0.1184333657	0.0444745434	-0.0843664918	-0.0880019162	-0.0374057972	0.0328319137	-0.1002787212	0.0847405335	0.0127635388	0.0039652409	-0.0932963816	0.1122677357	-0.0397223688	0.0047780656	-0.0616720342	0.0238482594	0.0241364536	0.0894999754	-0.0664026038	-0.16807119	0.1424409318	0.0742994344	0.0334268015	-0.0521803372	-0.1148085072	0.0021154141	-0.0260140406	-0.0191695823	-0.0680337279	0.1405016827	-0.0734943448	-0.1100662374	0.0571825706	0.0190662852	-0.1304808989	0.1421133472	0.0127645997	0.0533293151	0.0925411292	-0.0099412387	-0.0097931708	-0.06245003	-0.0485323432	0.1147705489	0.0	-0.302989437988046	0.0002071319278513	4.2903635535428615e-08	0.0918025995323119	0.2042659671584203	-0.0809645594872705	0.0065552598929677	0.0417245853391648	-0.2850126009573017	-0.0006486839609038	0.081232182704446	4.207908811339664e-07	0.0058476647710011	0.0006134186186792	3.762824017424202e-07	3.419518327400734e-05	-0.0008839475172175	-6.116553206640001e-05	7.813632131949824e-07	3.741222312965809e-09	-0.0008344198892488	-0.0001555675562175	6.962565515739796e-07	2.420126454748503e-08
704.3959384046109	-1.079241373255627	1.1647619417466917	496173.6380409124	656.7971728842197	-1.629317674249819	2.654676083622839	431382.5263087035	643.7712760354674	-0.3669495305196051	0.1346519579485586	414441.455848334	653.360126556299	697.3110156410072	1.050649	18.672594	0.1608558126259539	0.0888146362224516	0.1040981776	0.1582773255	0.1811124685	-0.0260570821	-0.0121582981	-0.0980770101	-0.1231952673	0.0410244188	0.1595096791	0.0559948875	-0.0412672519	-0.0283321845	0.0378647673	0.1563527211	-0.1813401508	-0.0614730935	-0.0525617761	-0.0207749076	0.0753142256	0.0112769583	-0.2177903859	-0.1339014023	0.0116929391	-0.035062861	-0.062251665	-0.0541981909	-0.1380227996	-0.0238008915	0.1757308453	0.0197210405	-0.1065130118	0.0063566761	0.024570171	-0.0600207581	0.0931612223	-0.1069452948	0.0287339092	-0.0489007918	-0.0733602034	0.0537332343	-0.0690779475	-0.0796291804	0.0058018596	-0.0259338959	-0.0533690993	-0.0063031963	-0.159708228	-0.0328028487	0.0050475418	0.1204090936	0.0167009175	0.1721387138	0.0092782578	-0.0209106734	0.1330205478	0.1705306752	-0.1830601631	0.1459889007	0.0258951683	0.010140609	0.0440946781	0.1471037315	0.0228869743	0.0033734091	-0.0022771187	0.0582552577	-0.1539958932	-0.0461404645	-0.1114887712	0.0493391571	-0.132297609	0.1340338061	0.0243551199	0.0926552904	-0.0329141667	-0.2039115363	-0.0868481274	0.043575298	-0.1463262329	-0.0407084835	-0.1016996526	0.0422237442	-0.0765503877	0.0042927837	-0.1400647019	0.1560674508	-0.0939951512	0.1154391436	0.0197738514	-0.0079779404	-0.0587145197	-0.0467630938	-0.0173438031	0.0278070568	0.055800223	0.0322575057	-0.0257382137	-0.064493527	-0.0440542534	0.1135404882	0.0	-0.3286984442087117	-0.0257090062206656	0.0006609530008542	0.1080426672252275	0.2834470719024295	0.0791811047440092	0.0062696473484817	0.080342242570061	-0.2612100736027827	0.0238025273545189	0.0682307025515711	0.0005665603084626	0.0054042141313763	-0.0004434506396247	1.966484697836442e-07	2.920553037776729e-05	-0.000927339358272	-4.339184105449996e-05	8.599582854003247e-07	1.882851870098988e-09	-0.0006779988837929	0.0001564210054558	4.596824864244184e-07	2.446753094783469e-08
705.3737166307034	0.9777782260924824	0.9560502594205617	497552.0801134118	657.0962611124525	0.2990882282327902	0.0894537682674296	431775.4963679643	643.075412316996	-0.6958637184714007	0.4842263146848448	413545.9859266744	653.1848684195131	703.554835566383	1.002041	17.808708	0.1092307301808351	0.0656537809881413	0.0800615785	0.1963285676	0.1691823302	0.0334530476	0.1202205401	-0.04341284	-0.1040719543	-0.0696696029	0.1814215196	-0.0840768775	-0.1058387572	0.0906788293	0.1495661632	0.0128160748	-0.0125785326	-0.0250808422	0.0541427345	-0.1308307217	0.0393202685	-0.0931183553	-0.0799723061	-0.0278129562	-0.1795334728	-0.0279289201	-0.1626415046	0.0972213116	-0.0556787939	-0.0918631217	0.1500984424	0.0031713136	-0.1130497342	-0.1186589574	0.0109351547	-0.0173437308	0.0106580791	-0.0915021911	-0.0119826979	-0.0957144179	0.0505904717	-0.0520241777	0.0656132799	0.0032840683	-0.1259574275	-0.0597287683	0.0285185163	0.0432924263	0.0749668632	0.2352898376	0.1746975737	0.1056809866	-0.0004119335	0.129646039	0.1258643872	-0.0872404151	-0.0322480934	0.1465797723	-0.0791193317	-0.0153162115	0.018660772	-0.0005850402	-0.1029342077	0.0559609653	0.0162111925	-0.1193891871	0.0976507952	-0.038056567	-0.0237199529	-0.1222280321	0.0151892578	-0.0679473806	-0.0451321642	-0.0167778109	0.0759222036	0.1310719291	0.0671284367	-0.2051594575	0.1401568323	0.0793486113	0.034417457	0.0478160463	-0.1399619375	0.0208406827	-0.1506321887	0.0337540082	-0.1001397249	0.0372163751	0.1263962238	0.0558573823	-0.03785189	0.1334777859	-0.0108769346	0.0276504555	-0.0299673937	-0.0937199119	-0.2181264621	-0.0930674845	0.0725397745	-0.066508354	-0.0394978367	0.1118563022	0.0	-0.3192684565129724	0.0094299876957392	8.892466794179407e-05	0.1019323473241757	0.2679759778175423	-0.0154710940848872	0.0002393547521834	0.0718111246872679	-0.3131604510777563	-0.0519503774749736	0.0980694681192238	0.0026988417197922	0.0060207144850098	0.0006165003536335	3.800726860302305e-07	3.6249002910006815e-05	-0.000958047739247	-3.070838097500009e-05	9.178554706762878e-07	9.43004662105747e-10	-0.0006776221998967	3.766838962000448e-07	4.5917184579284324e-07	1.4189075765644612e-13
706.0885536894363	0.7148370587328827	0.5109920205378788	498561.0456512399	654.4746173422275	-2.6216437702249777	6.873016057959436	428337.0247452551	642.5224504972759	-0.5529618197200534	0.3057667740681128	412835.0993930244	653.0104075503933	711.1311879326927	1.008468	17.922935	0.0553062237234458	0.0304914804197626	0.0389738215	0.177709111	0.1335081501	0.014978398	-0.0280189677	-0.1892168713	-0.1202013384	0.0952743668	0.1714583765	-0.0109857838	0.0559885124	0.0608563694	0.1191401145	0.0029733636	-0.0769111279	-0.0464701006	-0.0433184575	-0.0219071854	0.178578299	-0.13794931	-0.1001606055	-0.0914748411	0.0248072414	-0.0718046366	-0.065963028	0.0748937531	0.0213191669	-0.2065806265	-0.0365260455	0.1089971	0.0163715952	-0.0232429153	0.087355714	0.1491156038	0.0052891243	-0.0568562841	-0.0274042438	-0.1047640957	-0.0122029719	0.0240354954	0.0146116916	-0.0030809001	0.0961381271	-0.1738126659	-0.0180441157	-0.0976351413	0.0238747259	-0.0982135393	-0.0125881348	0.0971168861	0.0643362279	0.2462950431	0.003344256	-0.0804482225	0.0270352256	0.1443967378	0.0687458125	-0.0170264651	0.0892700009	0.092336264	-0.0704191258	0.1058505834	0.0019554801	0.0772475643	-0.0021545119	-0.144575926	0.0955868909	-0.1124349748	0.0002907197	-0.1852058269	-0.0735927969	-0.058218562	-0.0519804783	0.1248574693	-0.0947434629	-0.2063792712	0.0102900709	0.042088888	-0.1246212675	-0.0833617481	-0.0660723691	0.0443451499	-0.0979056007	0.0257627548	-0.1094179493	0.0371605926	-0.0317392239	-0.0809609908	0.1396694783	0.083260524	-0.081326069	-0.076228601	0.0253517013	0.0358705582	-0.159465359	0.0010647535	-0.0166134344	-0.0684936154	-0.0348711943	0.1097247271	0.0	-0.3376001287639951	-0.0183316722510226	0.0003360502075189	0.113973846941466	0.2663105696009182	-0.001665408216624	2.773584527999021e-06	0.0709213194811654	-0.3076586667035172	0.005501784374239	0.0946538551977859	3.0269631300621457e-05	0.0055841529724203	-0.0004365615125894	1.9058595427443198e-07	3.118276441939047e-05	-0.0011168992131962	-0.0001588514739491	1.2474638524382907e-06	2.523379077583336e-08	-0.0006768880088042	7.341910924999612e-07	4.581773764629148e-07	5.390365603062865e-13
706.1614648578274	0.0729111683911014	0.0053160384761555	498664.0144501525	657.8108573153451	3.3362399731175856	11.130497158227628	432715.12400194927	642.9102442522128	0.3877937549368653	0.1503839963680335	413333.58216444	653.2191604760508	719.7319415141841	1.012963	18.002815	0.0713325707965133	0.042168349293429	0.0139901779	0.2031205768	0.1366308321	-0.0244794858	0.014965323	0.0227285849	-0.1127031414	-0.0282359582	0.1995033571	0.0812144329	0.0184442934	0.0364407676	0.0165783813	-0.0814135879	-0.015158211	0.0425332456	0.1810113321	-0.0830725671	0.1984650717	-0.0227147891	-0.0426505013	-0.0389685502	-0.002660571	-0.189062492	-0.0261866137	0.0213723649	0.0650849033	-0.0313679924	0.0015758975	-0.0959439331	0.1480191223	-0.0492222746	-0.0039096694	0.054094826	0.022087439	-0.0367994843	0.0137845841	-0.0395298251	0.0001173894	-0.0922715432	0.0615795925	-0.0089171566	-0.0797613	0.068872289	-0.0859484754	-0.0383572273	-0.0155139388	-0.0138262081	0.0937574964	0.0287598449	-0.0962887663	0.1873892803	0.1283243391	0.0197963623	0.0131520072	0.1644304709	0.1004284513	-0.0148532229	0.0568057096	0.0286148608	-0.0125699828	-0.1123208399	-0.1101168374	0.1355898466	0.0518032841	-0.0236151077	0.1260374805	-0.0184473383	0.1110519175	-0.0768659274	0.1044652853	-0.0899261972	-0.0096001178	0.1123231084	0.0917105145	-0.1678785804	-0.0203024285	0.0559507522	0.0137134182	0.0765603526	-0.0051751147	0.0706535179	-0.0691813176	0.064635233	-0.058985586	-0.1715905421	-0.1142317336	-0.0177548467	0.0712295451	0.1959926398	-0.0548472747	0.0043316882	-0.0185353351	-0.0791744999	-0.0346288929	-0.0521735323	-0.1112436407	-0.0704484286	-0.0301825523	0.1071542885	0.0	-0.3193490657588711	0.0182510630051239	0.000333101300817	0.1019838258010637	0.3030925012489831	0.0367819316480649	0.0013529104957629	0.0918650643133648	-0.3016582970705528	0.0060003696329644	0.0909977281915058	3.600443573220143e-05	0.0054021424872262	-0.000182010485194	3.312781672059169e-08	2.918314345229447e-05	-0.0011408365540657	-2.393734086949986e-05	1.3015080430925009e-06	5.729962879026282e-10	-0.0006769243129478	-3.6304143599978286e-08	4.582265254598511e-07	1.3179908425278444e-15
706.0871060037307	-0.0743588540966584	0.0055292391825681	498559.0012647236	656.4023019150175	-1.4085554003276002	1.984028315792046	430863.98195933376	642.6743883465796	-0.2358559056332296	0.0556280082220709	413030.3694366502	654.5341262329881	715.6136012584052	1.028081	18.271502	0.1130415378756559	0.0601098216890353	0.0253587657	0.1176924774	0.107995484	0.1189928872	0.04279969	-0.1394831199	-0.0362217066	0.0050153793	-0.0482098857	-0.0630495112	-0.0237591305	-0.0764005004	0.0893732436	-0.0034078463	-0.1119582312	-0.0504681226	0.0366460954	-0.0484251674	0.0261975808	-0.1887508432	0.0068322774	-0.0118262598	0.0057277083	-0.0874645176	-0.1042573076	0.0163161629	0.1400569043	-0.1554040933	-0.0096641262	-0.0845522891	-0.0200267404	-0.0856162237	-0.0564090836	-0.1009677267	0.030835804	0.0874564771	-0.1266150159	-0.0263544179	-0.0177737389	0.0119324358	-0.0597114927	-0.022603941	-0.0958839115	-0.1082090825	0.0437733052	-0.0693361594	0.2229557412	-0.0322234604	0.0464548467	0.0384160491	0.1210462105	0.0983407328	0.0075820173	-0.0551024846	-0.0446924105	0.112651781	-0.0930082751	-0.1710967746	0.0417080642	-0.0389379587	-0.032966445	-0.0397146088	-0.0208385856	0.0555617992	0.1191176975	0.0025389768	0.242881469	0.0542628803	-0.125949448	-0.0124454306	0.0392934167	-0.0493051036	0.0400760463	0.0554945549	-0.0761681558	-0.1021437181	0.0753136577	0.0718347081	0.0739387857	-0.0615958274	-0.0600448486	0.0880650907	-0.0739083501	0.108109527	0.1095783278	0.0161546613	-0.1245295367	-0.0945233718	0.0409336199	0.043954672	-0.0041607102	-0.0450934671	-0.0894219941	-0.1626502377	-0.0537722239	-0.0302731372	0.0314865983	-0.0723719246	-0.0254402467	0.1041552675	0.0	-0.3094195967976532	0.0099294689612179	9.859435385179038e-05	0.0957404868824222	0.2555318984848185	-0.0475606027641646	0.0022620109352906	0.0652965511432555	-0.2682664467867894	0.0333918502837634	0.0719668864716093	0.0011150156653732	0.005572236844865	0.0001700943576388	2.8932090500556168e-08	3.104982345527105e-05	-0.0008693967830477	0.0002714397710179	7.558507663736895e-07	7.367954929030425e-08	-0.0006785825016212	-1.6581886734000134e-06	4.60474211506486e-07	2.749589676592096e-12
706.7804319064174	0.6933259026867518	0.4807008073363992	499538.578925822	658.4563132986372	2.054011383619695	4.218962764039294	433564.716522833	643.593591325501	0.9192029789214756	0.844934116458115	414212.7107952561	654.4243475088297	714.2387981726623	1.040689	18.495569	0.1249387859850228	0.0636416436713554	0.0276639671	0.0376003406	0.1276442602	-0.0141537387	-0.1354816188	0.0759534659	-0.0533642175	-0.0100761651	-0.0357593106	-0.0343974243	0.0944679823	-0.065233532	0.1080424799	0.0057650202	-0.1431349825	0.0683295112	-0.0569092809	0.0719804383	0.0867334358	0.1252474321	-0.0942334996	-0.0130293126	0.0689964311	-0.0634570648	-0.0640034625	0.1293153391	-0.0199659905	0.0090279766	0.0126823069	-0.0837434059	-0.1310007242	-0.0935588317	0.0998760981	-0.0346674683	-0.0326032965	-0.0909191042	-0.0092423675	0.0298120296	0.0395163348	0.0057302807	-0.0230827818	0.0076177505	0.0604843637	0.0400436722	0.0975264236	-0.1114775385	0.02056191	-0.0159215783	-0.1327560198	-0.0141214406	-0.0695892731	0.0448704553	0.0337824353	0.0281247089	0.1205612051	0.0196115847	-0.1892344371	-0.1213499864	0.042881959	0.0797886332	-0.0533223273	0.0320185805	-0.0171076721	-0.0572822789	0.0260448993	-0.0167661327	0.1370681523	-0.0238245818	0.1437272214	-0.0470106043	-0.0552770067	0.0021663789	-0.0128914657	0.0192226268	-0.0353003051	-0.0672795561	-0.1342611452	0.0518300249	0.0122039598	-0.0038258001	0.0226337563	0.1237859586	-0.0953087027	0.1882973209	0.0689854535	0.0567249801	-0.0911062481	0.0827048335	-0.0329079734	-0.1007265909	0.0424139482	-0.1003690794	-0.0765379683	-0.123100121	0.0771329052	-0.066992351	0.0799391281	-0.0742632484	-0.0206527093	0.100739659	0.0	-0.3049932605223233	0.0044263362753299	1.959245282230138e-05	0.0930208889640377	0.2985322297132597	0.0430003312284412	0.0018490284857556	0.0891214921775704	-0.2409090158699527	0.0273574309168367	0.0580371539274291	0.0007484290263694	0.0048613238761342	-0.0007109129687308	5.053972491096403e-07	2.363246982867244e-05	-0.0006709252730465	0.0001984715100012	4.5014072201252053e-07	3.9390940282156435e-08	-0.0005848732290649	9.37092725563e-05	3.4207669407680305e-07	8.781427763030921e-09
707.8006192742389	1.0201873678214497	1.040782265462458	500981.7166449961	660.9158519730796	2.459538674442456	6.049330491078153	436809.76338930166	643.2628156075517	-0.3307757179493364	0.1094125755848989	413787.0499433551	655.5631130246943	726.9633073157121	0.989767	17.590574	0.0799123569534479	0.0357912384853512	-0.0195109289	-0.0356612774	0.1065279143	0.0079978293	0.0008806576	0.1669300257	0.0323941677	0.0119381491	-0.0072446326	0.0320524165	0.0816653691	0.0907159894	0.1233263267	-0.0382683345	-0.0932721811	0.0260398423	0.0911546712	-0.0041836006	-0.0289941364	0.0807519489	0.1148004968	0.0971837307	0.0606232816	-0.0162265313	0.1333633217	0.0835059176	0.0107893439	0.0960658508	-0.0211372261	0.0178470477	0.0511346319	-0.1559417796	-0.0214504658	0.0100106557	-0.1184653726	-0.1570974615	-0.0712926406	0.0672708093	-0.0214253608	0.0859553848	0.0618943016	0.0754532824	-0.0331089229	0.0638023156	-0.0942652024	-0.2444825281	0.0918265166	-0.0963768589	0.0230441899	-0.07271005	-0.1067680843	-0.0877419277	0.0161122706	0.0461473924	0.0139523314	0.0077969339	-0.0234316807	-0.0592437045	0.1134404814	0.1021930122	0.0179394141	0.0556874215	-0.1922388417	0.0738151939	0.0492351829	0.1686717648	-0.0152563411	0.0687615254	0.1407818206	0.0163086654	-0.114090437	-0.0221123176	0.1175082944	0.0042658725	0.117135345	0.0090059818	-0.0891662325	0.0650607453	0.1187295882	0.0622974693	0.0315737058	0.1368922604	-0.0597949217	0.1250897236	0.0202581922	-0.1327360048	-0.1270395159	0.0156482906	0.0130397922	-0.1898313351	-0.1138021572	-0.1452196479	-0.0720180223	-0.0177466791	0.1715977007	-0.1060459548	0.0954082372	-0.0761215592	-0.0158284522	0.0969211244	0.0	-0.2928781550230894	0.0121151054992338	0.0001467757812575	0.0857776136897287	0.2967756023332697	-0.0017566273799899	3.0857397521305127e-06	0.088075758140275	-0.2280378120313386	0.012871203838614	0.0520012437160401	0.0001656678882551	0.0053249731971445	0.0004636493210102	2.1497069287331217e-07	2.8355339550307317e-05	-0.0003179031212054	0.000353022151841	1.0106239447213525e-07	1.2462463969052064e-07	-0.0003381562972041	0.0002467169318608	1.143496813387876e-07	6.086924446680667e-08
707.2049535673272	-0.5956657069117455	0.3548176343906694	500138.8463501654	661.2824057828897	0.3665538098100569	0.1343616954862674	437294.4201980063	643.3796495770483	0.1168339694966107	0.0136501764283349	413937.3734898855	655.3696057011906	727.5035235693409	0.940205	16.709732	0.0870606355103494	0.0565020654744064	-0.0291682181	-0.1037749298	0.0414459981	0.1313193539	0.0122595416	0.0296220817	0.1519741746	-0.0787498836	-0.0919643773	0.0556131542	0.0014882853	0.1440551556	0.1428464734	-0.0473863528	0.0421584809	0.0169491157	-0.0211329262	0.0251282058	-0.0443029438	0.0625474633	0.2068808024	0.0878158043	0.0706691458	-0.1410236432	-0.0110183366	0.0746346007	-0.053384546	-0.0771114839	-0.0997245248	0.029831646	0.0244410578	-0.0140198254	0.0091619331	-0.0492025616	-0.0965800449	0.0849911928	0.1509272216	-0.0180321211	-0.0368007036	0.0803445565	0.0293346634	-0.084027357	0.0041235433	-0.0055071915	-0.0984760162	0.0535081047	-0.1688499866	0.1492125975	-0.0034631982	-0.0448279514	0.0456219914	-0.1593116399	0.0724947422	0.1229936229	-0.0831528512	-0.0019579517	0.0387897151	-0.0550360094	0.137172917	0.1120641535	0.0390608641	0.1297156487	-0.1722019286	0.0550018484	-0.115351509	-0.0295398738	0.0869855313	0.1142056462	0.0011012803	0.0365503308	-0.1199037825	-0.003247922	-0.0619654127	-0.029520673	-0.0242141911	0.0483943438	0.0444868568	0.0895675396	0.2010180445	0.0139044151	0.0221635809	0.1153946609	-0.1372946038	0.1103293541	0.0784872084	-0.0329980627	0.0376714108	-0.0426065393	-0.0175971349	-0.2431633564	0.0215240774	-0.1378769317	-0.1740672446	0.0213706886	0.0138313768	0.0348186938	0.0634267586	-0.0779460309	-0.0109760526	0.0927149366	0.0	-0.2878096622166879	0.0050684928064014	2.5689619328543563e-05	0.082834401665284	0.2433470996014648	-0.0534285027318049	0.0028546049041624	0.0592178108844452	-0.2346653109443366	-0.0066274989129979	0.0550678081606021	4.392374184178957e-05	0.0053529410280412	2.796783089670067e-05	7.821995650664446e-10	2.8653977649686784e-05	-0.0002508262381009	6.707688310450001e-05	6.291380171984938e-08	4.499308247014761e-09	-0.0006818344043858	-0.0003436781071817	4.648981550041386e-07	1.1811464135599609e-07
707.0961953972171	-0.1087581701100361	0.0118283395656835	499985.0295452194	658.9844624142805	-2.29794336860914	5.280543725334721	434260.5217034383	643.7977212076372	0.4180716305888836	0.1747838883032479	414475.50583214656	655.1025030280327	722.4010139330206	0.924648	16.433247	0.071258394109017	0.030555068033461	-0.0158639607	-0.1335976002	0.0182417245	0.0904729868	-0.0570326733	-0.0624369408	0.1178640111	0.0020606844	-0.0679639055	0.0861020867	0.1524577535	-0.0542947742	0.1503731471	-0.1156182589	0.1216445797	-0.059934241	-0.0407258932	0.1348308785	-0.0745128044	-0.0008215974	0.0385461931	0.1273526553	0.0812546638	-0.0107013399	0.0235253901	0.0872628885	0.0834413207	-0.0095787668	0.0625206825	0.0045648705	0.0522533092	0.0032409082	-0.0066477362	0.170473575	-0.0213460322	0.1465006854	0.1779488431	0.0324517255	0.007108296	0.1185363749	-0.0010798042	-0.0540985109	0.0901904096	0.0460429791	0.0308459832	-0.1438101725	-0.0140066133	-0.1349117322	-0.0844364862	-0.0221900832	0.1210080363	-0.0587385059	0.008803561	0.1287274736	0.0599322831	-0.0818397934	0.1113163779	-0.1006663979	0.1470232102	-0.036507013	-0.1750508667	0.204516652	-0.0793247975	-0.0646546433	-0.0318332776	0.0885541497	-0.0618916484	0.0888090834	0.0193750586	0.0377490455	-0.1743023302	-0.0176081288	0.066395405	-0.0226348954	-0.0776011674	0.0132119379	-0.0730326703	0.077203863	0.0840809335	-0.1371088363	0.0834835051	0.1361534677	-0.176365021	0.0290276245	0.1225731429	-0.0632578248	0.0290539656	-0.0810281927	-0.0787466182	-0.1395912218	0.0284154198	-0.1137182303	-0.0639373231	-0.034111993	0.1012763405	0.0988025025	-0.0619729963	-0.0797358525	-0.006104138	0.0881379191	0.0	-0.2967578489558633	-0.0089481867391754	8.007004591915469e-05	0.0880652209169109	0.2594927382938721	0.0161456386924072	0.0002606816487857	0.067336481227252	-0.2474675001717159	-0.0128021892273793	0.0612401636412382	0.0001638960490136	0.0049389793330637	-0.0004139616949775	1.713642849086448e-07	2.4393516852430356e-05	-0.000163275670802	8.755056729890001e-05	2.665894467584307e-08	7.66510183435922e-09	-0.0005160990776611	0.0001657353267247	2.663582579626381e-07	2.7468198524543058e-08
708.9625457639511	1.8663503667339685	3.483263691408018	502627.8912961024	663.9309569073779	4.9464944930973616	24.467807770242523	440804.3155399465	644.509895303573	0.7121740959357794	0.5071919429219447	415393.0051442226	656.231621495451	729.8037921791181	1.039463	18.473782	0.037189343971673	0.0185158360833571	-0.0485755334	-0.1499733543	0.0214327555	-0.0136664775	-0.0375338345	0.1895621386	0.0441694191	0.0108015855	-0.0785624845	0.0201728573	0.012231575	-0.1849073177	0.0903649731	-0.1151462328	0.0629825469	-0.1720187103	0.1143907917	0.1024010983	-0.0727438295	0.1757739807	0.0721884221	0.0001729497	0.0474765076	-0.1338145544	-0.0122339304	0.0632715685	0.1681387513	0.0238579428	0.1086324413	-0.1118731269	0.0484940276	0.0965476859	-0.0249714423	-0.039622053	0.0249337996	-0.095303261	0.1223059158	-0.27786671	0.0016381446	0.1537871754	0.0152985504	-0.0203369921	-0.0011623674	0.0745986423	0.0493792971	0.0891946154	0.0536034263	-0.1353999732	-0.049797072	-0.0994584547	-0.1004648653	-0.0875918429	0.0596806805	0.1997073049	0.0442655024	-0.0479329293	-0.0186647273	-0.1412779776	0.081330079	-0.0882162911	-0.2619055049	0.0390622002	-0.1548946513	0.0783202092	-0.0488811092	0.159985002	-0.1136711411	0.0812103095	0.0208658803	0.0661770687	-0.1321557649	-0.1958966653	-0.0693493895	-0.0151431459	0.0956961836	0.0351884435	-0.0900111431	0.0961960231	0.0799765947	-0.0184141238	0.1564538037	0.1462248942	-0.0726623888	-0.0295004227	0.1117505608	-0.1512310057	-0.0640516813	-0.0277699901	-0.0196364126	-0.0933816696	-0.0588703697	0.0198848024	0.0889367284	0.1347506194	0.0391001265	0.3122198815	0.1032090559	-0.0814902283	-0.0012213705	0.0832083783	0.0	-0.3084108177518345	-0.0116529687959711	0.0001357916817598	0.0951172325063552	0.249075676387747	-0.010417061906125	0.000108515178756	0.0620386925680136	-0.2545066289607476	-0.0070391287890317	0.0647736241849636	4.954933410857498e-05	0.0048259717449523	-0.0001130075881114	1.2770714970756006e-08	2.3290003283077944e-05	-0.0001638624478681	-5.86777066100008e-07	2.6850901821325793e-08	3.443073253009332e-13	-0.0005641084020945	-4.8009324433399966e-05	3.182182893136101e-07	2.304895232551455e-09
710.0942007659316	1.1316550019805618	1.2806430435076253	504233.7739614073	664.9270603700758	0.9961034626978744	0.9922221083986956	442127.9956123904	645.2519522373697	0.7420569337966754	0.5506484929957235	416350.0818661368	657.964220349654	745.427067377262	1.038885	18.463512	0.110004409504208	0.0686896148816529	-0.1133854622	-0.1767515463	-0.0561115615	0.1508042483	0.1191279995	0.0430174426	0.2203863508	0.0172422467	-0.1154437499	-0.0427151388	-0.0939068443	-0.0105019335	-0.0292119478	-0.131516823	-0.0230204625	-0.0641017213	0.1043071629	0.1527045824	-0.1679224708	-0.0131210307	0.1009068955	0.0854008245	0.0113147728	0.1053105578	-0.1333306703	0.0194102494	-0.0494299923	0.0751359121	-0.0931529388	-0.0443244812	0.0234769752	-0.0357435888	-0.0963935959	0.0967613247	-0.02035871	0.1305729549	0.0278561574	-0.1001348637	0.0258588856	0.0511535891	-0.0497643766	-0.0619202117	0.0396440143	-0.0096507737	-0.0010580572	0.0847090499	0.0781964394	0.1882300972	0.0685177491	-0.1363355883	0.099396285	-0.1391859386	-0.0112805763	0.1063556697	-0.0982281838	-0.0704148087	-0.0448337609	0.051906764	0.1155905803	-0.0086907888	-0.2419565441	0.0265029739	0.0042528072	-0.0200203582	-0.1327754859	-0.0495958638	-0.0235878625	-0.0519110614	-0.0347593806	-0.0146679432	0.0470417133	-0.1401323461	-0.0733680159	-0.0094747007	0.022806886	0.0899623306	0.1067702166	0.1216414947	0.1627878166	-0.1322440756	0.166248215	0.1357631902	0.0020958906	-0.1072120735	0.0932858895	-0.01343121	-0.0723552189	0.0886194374	0.0186732468	-0.0446348736	-0.0028437729	0.1412316527	0.0106535053	0.1753800408	-0.2099687772	0.0778544842	0.1093999004	-0.0832083783	0.0036635686	0.0779460309	0.0	-0.310604742854295	-0.0021939251024605	4.813307355206428e-06	0.0964753062835827	0.1928886344013989	-0.0561870419863481	0.0031569836871756	0.0372060252812365	-0.2935427114370057	-0.0390360824762581	0.0861673234377892	0.0015238157350932	0.0048650158590359	3.904411408360044e-05	1.524442844573206e-09	2.366837930867081e-05	-1.302259862967503e-05	0.0001508398492384	1.6958807506961398e-10	2.2752660118270773e-08	-0.0006259716375553	-6.186323546080006e-05	3.918404910236639e-07	3.827059901678389e-09
708.176356519824	-1.91784424610762	3.678126552328106	501513.7519336929	663.0435829021834	-1.8834774678923625	3.5474873720582245	439626.7928277645	644.6886320668905	-0.5633201704791873	0.3173296144687006	415623.43231627846	656.5768404098364	742.6602040480528	1.069043	18.999491	0.047930259311122	0.023903748937216	-0.0934058231	-0.1086351197	-0.0536832398	0.0704136479	-0.1105862393	-0.0147339493	0.1647618744	0.044342846	-0.0177854089	0.0358795863	-0.06601787	-0.0721344086	-0.1287992225	-0.1231745886	-0.0723136439	-0.0322255636	-0.0294109994	0.1126728077	-0.0428614739	-0.0243311398	0.1195355174	-0.0984196752	0.0132379895	0.066854017	-0.1253197593	-0.158139845	0.138790347	0.1768161346	0.0003091293	0.0679726618	-0.0374975665	0.0644743546	-0.0496604286	0.0055806227	-0.1408647567	-0.1148589416	0.1087751074	0.0528325935	-0.0018862994	0.0696327276	-0.0139452701	0.145400089	-0.0740816161	-0.0302131652	0.0747044475	-0.149289997	0.0074893522	0.1187782625	-0.1069720096	-0.0916290031	0.0613111392	-0.0113409623	0.0282152554	0.1759326292	-0.0943688603	-0.0835048214	-0.1112907451	0.1653129347	-0.0312691167	-0.0994646777	-0.1115964677	0.0793753736	0.0354890246	0.1039265508	0.0892598924	0.0445037211	-0.1279096559	0.0586437723	0.0291108222	-0.029135467	0.1536122348	0.0666146102	0.0725449444	-0.0090652018	-0.1011764407	0.0314448836	-0.0431241462	0.1346211956	0.0037017974	-0.0262551306	0.2297029654	0.1182800046	-0.0032372353	-0.1060395232	0.0051972329	0.1878582128	-0.0540126248	0.093679252	0.0793856479	-0.0666100214	0.0481790095	-0.0013747551	0.0973963523	0.1286465559	0.0265777504	-0.1519897743	-0.0289469843	-0.0848895389	0.0085419939	0.0723719246	0.0	-0.3030327395375138	0.0075720033167812	5.733523422934559e-05	0.0918288412316106	0.2108949477662065	0.0180063133648075	0.0003242273209916	0.0444766789933109	-0.2971570598728377	-0.0036143484358319	0.0883023182322692	1.3063514615601016e-05	0.0050269677685349	0.000161951909499	2.6228420990372293e-08	2.5270404945888752e-05	-0.0001692156801826	-0.0001561930815529	2.8633946419659972e-08	2.4396278724998672e-08	-0.0006825785303774	-5.660689282209995e-05	4.659134501321711e-07	3.204340314972711e-09
707.4347062387536	-0.741650281070406	0.5500451394118122	500463.8635911116	663.0486818714776	0.0050989692941811	2.5999487863002603e-05	439633.5545315039	644.3143816496197	-0.3742504172707868	0.140063374827358	415141.0224005318	656.530051193806	729.9063525238869	0.989899	17.592911	0.1028830642764841	0.0831445185546338	-0.0371516043	-0.0919754705	-0.0447774647	0.0576230984	0.0484703578	0.0309662547	0.1322090327	-0.1576238118	0.0633959581	0.1265008036	0.0045005431	-0.0003530527	-0.0117163937	-0.0240317091	-0.0172173882	0.0252868907	-0.0260414945	0.123149723	-0.0780371509	0.0428397169	0.0248226331	0.163258684	-0.0578324179	-0.1228164834	-0.037336173	-0.1212668043	0.0242183819	0.0827255342	0.0488792687	0.123088902	0.0682861763	0.0071041001	-0.0272884765	0.1450153261	0.046876775	0.0368103535	-0.0974245211	-0.0343072883	0.096553283	0.02727688	0.0043485172	0.0937961739	-0.0665622385	-3.36443e-05	0.0665115284	-0.0706262454	0.0490005266	-0.0338518285	0.0287340936	-0.0413555643	0.063353115	-0.1270468676	0.1284803184	0.0648032218	0.0726944719	0.0009424648	0.0977481203	0.1471730737	0.0050318603	-0.0188631876	-0.0864015617	0.0764649082	0.0725501276	-0.0396080175	0.1035333057	0.0465602441	0.0431638159	-0.0883218117	0.018965448	-0.0210236043	-0.0030446942	0.0351423674	-0.1058675138	-0.0041441798	0.0128009433	0.0061985399	-0.105941926	0.1003407068	0.1310204639	-0.076949132	0.0737312326	0.0376502316	-0.1583914456	-0.14237886	-0.0854184852	0.0035644679	0.1740303551	0.0633211243	-0.0277481798	-0.048157687	0.1921259929	-0.092644351	0.1065412695	-0.0462395679	0.0406411439	-0.0182163386	-0.0045582538	-0.0865329627	0.013405232	0.066508354	0.0	-0.3029730236640944	5.9715873419408094e-05	3.56598553824277e-09	0.0917926530681639	0.2913035147037703	0.0804085669375638	0.0064655376369526	0.0848577376787697	-0.2759196135793118	0.0212374462935259	0.0761316331577567	0.0004510291250703	0.0050209687012543	-5.99906728059995e-06	3.598880823716488e-11	2.5210126698975294e-05	-0.0001517137821984	1.75018979842e-05	2.3017071708943558e-08	3.0631643304934405e-10	-0.0006826242685521	-4.5738174700026175e-08	4.659758920162895e-07	2.0919806248901144e-15
707.6109537664865	0.1762475277329258	0.0310631910319684	500713.26189031673	661.5921659715941	-1.4565158998834704	2.121438566613356	437704.1940749853	644.6983703444208	0.3839886948011326	0.1474473177350773	415635.988724752	656.8717591079533	726.5809667571689	1.01929	18.115265	0.0979302578891314	0.0688504384482723	-0.0277811935	-0.0973433407	-0.0063312652	0.0445337141	0.0425722776	0.0496125656	0.035628654	0.1422484271	-0.0302626444	0.1599140659	-0.0520963661	-0.067629946	0.0335981232	-0.1332011111	0.0953827999	-0.1215455182	0.0360439418	0.0565442353	-0.1603864969	0.0502583716	-0.106705046	0.0301431564	0.1450280786	-0.0427912713	-0.0345417985	-0.0531957819	0.0867612513	-0.0045973435	0.0929737621	0.0415082815	0.1057131577	-0.0162213357	0.193332315	0.03578098	-0.1088021422	0.1099496002	-0.0974530039	0.0484573409	0.1010768446	-0.0321810516	0.1183001689	-0.03361937	0.0154100674	-0.0692136404	-0.0813437111	-0.0104943463	-0.0701672243	0.0878401329	0.0392533611	-0.0434171977	-0.0278435758	-0.0008278022	-0.1415928665	0.1676014962	0.0263789701	0.0524799621	0.1706749684	0.0555227513	0.0133528152	-0.1349674653	-0.1846009345	0.0062182233	0.1744669898	-0.1565305519	0.0172464683	-0.055579782	0.1053357082	0.0608004843	0.0470623443	-0.1434097676	0.0824778941	0.0356717674	-0.0620316878	-0.0077720368	0.1189160297	0.0386422712	0.0900021666	0.1496150658	-0.0359863872	-0.0628716286	0.1301755506	0.0571472202	-0.0899828458	-0.1135751223	0.1347502221	-0.1706630385	0.1147338569	0.0312714904	0.0438016401	0.0443502866	-0.0904982729	0.0439494927	0.0499242861	0.0666655101	-0.1061440375	-0.1645921494	0.0233262059	-0.0881379191	0.018244636	0.0603787714	0.0	-0.3113979535075657	-0.0084249298434713	7.097944286741365e-05	0.0969686854487	0.2238947260370452	-0.0674087886667251	0.0045439447895152	0.0501288483472035	-0.2816218035234357	-0.0057021899441239	0.0793108402197926	3.251497015886789e-05	0.0051910205594573	0.000170051858203	2.891763447829323e-08	2.694669444870838e-05	5.726855067722525e-06	0.0001574406372661	3.2796868966699164e-11	2.4787554262762773e-08	-0.0006830187617792	-3.944932271000281e-07	4.665146289423916e-07	1.5562490622779436e-13
708.0224304922227	0.4114767257361791	0.1693130958225667	501295.76208011433	664.6338430876222	3.0416771160280405	9.251799678168656	441738.1453774219	644.947562135818	0.2491917913971519	0.0620965488997217	415957.3579049348	656.7362399928994	728.9091731339124	1.115971	19.833515	0.040570910641839	0.0250503132224244	-0.0313350616	-0.0856603281	-0.0091479124	0.0380321013	-0.1167007427	0.0357420828	0.1461459065	-0.1132122962	-0.0168115714	0.0542371825	-0.1233423308	0.0389445108	-0.0609129066	-0.1038549926	-0.1259281732	-0.106272225	-0.0001113597	0.1238669494	-0.0072668109	0.0432220907	0.1781175099	-0.0690135602	-0.0234721659	-0.0276723663	0.0212325553	-0.0944894025	-0.0765695088	-0.1018594568	0.136405552	0.0576994628	0.0943234532	0.1640087371	-0.0189297827	0.11283998	0.0664793213	0.0999055871	0.0287240758	0.0304415898	0.0389830064	-0.2196282763	0.0830780713	-0.1000088128	0.0672979322	0.0553061558	0.0647564721	0.1003230247	0.067801131	-0.1072195161	-0.1109313732	-0.0772149572	0.0279137936	-0.0886426383	0.0918463206	0.091669849	-0.0985907421	0.1002121585	0.1004842059	0.1230080939	-0.003350188	-0.0504843143	0.0259564343	-0.1112903529	0.1059228568	0.0991674966	-0.0496453915	0.1501873618	0.0542066121	-0.0657396248	-0.0972976375	-0.034831121	0.1613780303	-0.0552377983	0.0795961877	-0.0437550954	-0.093829809	0.0678473712	0.0012736288	0.1526238592	0.106695006	0.1307799067	0.1139930873	0.0241493246	-0.0060490494	-0.1872273266	-0.0558974611	0.0074023306	-0.0605391577	-0.0737547226	0.096802039	-0.0812292301	0.1255197156	0.0369859665	0.0283703113	0.0489497176	-0.0449073726	-0.1173464684	-0.0115768219	-0.0897036946	0.0230516017	0.0540076933	0.0	-0.3029704208560133	0.0084275326515524	7.102330659298248e-05	0.0917910759136698	0.2024203903433203	-0.0214743356937248	0.0004611470934867	0.0409740144267421	-0.2717289623441274	0.0098928411793082	0.0738366289766162	9.786830659901756e-05	0.0051870294623718	-3.991097085500293e-06	1.5928855945888936e-11	2.690527464351308e-05	1.7228645220690453e-05	1.1501790152967928e-05	2.9682621614042005e-10	1.3229117672291002e-10	-0.0006830498968858	-3.113510660000731e-08	4.6655716163570203e-07	9.69394862993819e-16
707.6036980538247	-0.418732438398024	0.1753368549667549	500702.9934994483	661.2730592396866	-3.3607838479355223	11.294868072544295	437282.0588762141	645.5601857362361	0.6126236004181465	0.3753076757892927	416747.95340780367	657.3957197536675	727.471912950521	0.962717	17.109818	0.1098752374266173	0.06934111054372	-0.0266203683	-0.0992925486	-0.0489465324	0.1149940035	0.0568311554	0.0001350067	0.1203819233	-0.073434588	-0.0708020939	0.1706881173	0.1332954636	-0.1486606331	-0.0288087459	-0.031380111	-0.0313487163	-0.0057128933	-0.0195063687	0.1213454932	-0.1459754352	-0.0499289147	-0.0381572057	0.0443855637	0.0067726955	-0.096115888	0.0097118554	0.0073610635	0.0213573602	0.0246853138	-0.0393308791	-0.0048297149	0.1053286248	-0.0483461323	-0.084382164	0.0792284223	0.0701468389	-0.0495947086	-0.0544709065	0.0212400619	-0.0524281632	-0.020272366	0.072050613	-0.0858778262	0.0792207948	-0.122907169	-0.0859864985	0.115727977	-0.0616381534	-0.0088408519	0.0133840911	-0.0422282622	0.1253999628	-0.0964990427	-0.0226359517	0.0551274423	0.1522524357	0.0004410867	0.0426036222	0.0054670013	0.046801191	-0.0833716904	-0.0735737783	-0.1015696187	0.0880334658	0.0723520169	0.0273006102	0.0100346763	0.0502567281	0.0085693156	-0.0260677186	0.0147881291	0.0049232687	-0.0585970156	-0.060944849	-0.0513432343	-0.0247269245	0.0579815682	-0.0721316097	0.1042789245	0.0905760344	-0.1514778054	0.0486867772	-0.0257862681	-0.0057153958	-0.2310801246	0.0882718236	-0.0161657818	-0.1095347471	0.0244369436	-0.0623956168	0.1058609297	0.0317903146	0.009672537	0.0382262564	-0.0725714672	-0.0537998106	0.004452385	-0.1622596281	-0.0912295932	0.0278175825	0.0474206018	0.0	-0.3033641694668176	-0.0003937486108043	1.550379685103343e-07	0.092029819316292	0.2667116503970419	0.0642912600537216	0.0041333661192952	0.0711351044575139	-0.2779584730211084	-0.0062295106769809	0.0772609127242262	3.880680327461984e-05	0.0046811163372672	-0.0005059131251045	2.559480901531023e-07	2.191285016302989e-05	0.0002889000807513	0.0002716714355306	8.346325665810766e-08	7.380536888326215e-08	-0.0006846796979528	-1.6298010670000131e-06	4.687862887887375e-07	2.656251517994382e-12
707.104054867595	-0.4996431862297186	0.2496433135457852	499996.1444101948	661.7884796959008	0.5154204562142013	0.2656582466840554	437963.99185821175	644.2637548895754	-1.296430846660769	1.6807329401735585	415075.7858644148	656.2680000817052	723.9405335938249	0.993675	17.660023	0.1091226382995795	0.0591310643720209	-0.0104149854	-0.0641670668	0.015053948	0.0026220821	-0.0099800301	0.1635875056	0.0018462386	0.0590898886	-0.1104639057	0.0396947172	-0.0710740232	-0.1654170031	-0.0312275337	0.051826826	-0.1600454446	0.0381429773	0.0526526659	0.0140729234	-0.0353849582	0.0885646911	0.0552366708	-0.0180827709	0.0823295641	0.0078104614	-0.0187151562	-0.0283893352	-0.0326908507	0.182246682	0.0751500232	0.0370701009	-0.0420947351	-0.116329928	0.0967039483	-0.0021122595	0.016084354	-0.1321854159	0.0812058802	-0.098361196	-0.0257261558	-0.0686305916	0.1503114549	0.0952983672	0.031239221	-0.0414979473	0.1023707162	-0.0041555341	-0.0025364032	0.0093257803	0.0011869554	-0.0478405528	-0.124345711	-0.028402649	-0.077051001	0.1348534595	0.0271276136	-0.0549178789	-0.1920666634	0.094068787	-0.040334153	-0.0465814233	-0.0056639263	-0.0755437256	0.0547424314	-0.0051767886	0.1528826804	0.017510196	0.0092699099	-0.0865275206	0.2021492943	-0.030479453	0.0366951163	-0.0435219526	0.0383291949	-0.0516921468	0.0819681457	0.0569888185	-0.0509679381	0.1456620845	-0.1018851557	0.0191591293	0.1145345904	0.0001806753	0.0226846377	-0.1395491711	-0.0056748492	0.1122863086	-0.0606269738	0.2077247069	0.0143075438	0.0765086077	0.0529534281	0.0707787505	0.1048934026	-0.0382678312	0.1445451589	-0.105475563	0.0638682	-0.0927149366	0.0325341047	0.0406438432	0.0	-0.3146977332396261	-0.0113335637728084	0.0001284496677923	0.0990346633061588	0.2134311233226355	-0.0532805270744064	0.0028388145653265	0.045552844402762	-0.2598033718031658	0.0181551012179425	0.067497792000294	0.0003296077002337	0.0049690384605095	0.0002879221232422	8.289914905235393e-08	2.469134322202262e-05	5.080303847115886e-05	-0.0002380970422801	2.580948717902047e-09	5.669020154255131e-08	-0.0006836299387868	1.049759166000066e-06	4.67349893205644e-07	1.1019943066011542e-12
707.170967959754	0.066913092158984	0.0044773619022766	500090.7779251354	662.9748158190963	1.186336123195474	1.4073933971984671	439535.6064103647	644.6473296950068	0.3835748054314081	0.1471296313617425	415570.1796829028	656.4782641962313	722.6571265800122	0.955481	16.981222	0.0654803899575742	0.0310531538300516	-0.0029145292	-0.0865747829	-0.027384958	0.0945312713	0.0599091342	0.0307413633	0.1056721255	-0.088220897	-0.0380394711	0.0248837318	-0.1687146015	0.0495656002	0.0304010613	-0.0314402522	0.0177308641	0.0461918664	0.0380308413	0.004769636	-0.0963742736	-0.0007987122	0.1453760415	0.0921869495	-0.0110187626	-0.0365265746	0.0247749762	-0.0909552999	-0.099658822	-0.0250441165	0.1109317905	0.0746216795	-0.0586156241	0.0410818716	-0.0780820167	-0.0320404803	-0.0303681541	-0.1503324817	0.0004556797	-0.0177043694	0.1012680849	0.0446422525	-0.0880350312	0.0525658367	-0.1807106672	-0.0851713841	0.0264166804	0.083111636	-0.1337841364	-0.0137533005	0.0531974326	-0.0469933581	0.0195659121	-0.1312180335	0.0781888738	0.0722412308	-0.1117061851	-0.0016144678	0.0256952734	0.1002093955	0.0167144617	0.0160693887	0.0105989944	0.0430266961	0.1296963597	-0.0063343021	0.1436953879	-0.0028116464	0.0238015595	-0.0761768617	0.0356118685	0.0341422975	0.0876298394	-0.0345156113	-0.019410507	-0.0506996232	0.0028813451	0.0759930711	0.0710256408	0.1712271628	0.0746245758	0.0477642086	-0.0246093327	-0.0884899026	-0.0528811382	-0.1067880887	-0.0585935104	0.0343654393	0.1547622879	0.0431430904	-0.014162373	0.0588714938	0.1527953028	0.0516668765	-0.0028034318	-0.0271277702	-0.0987840721	-0.0156898109	-0.0052122345	-0.0941590645	0.0371927824	0.0337045224	0.0	-0.3192893063007602	-0.0045915730611341	2.108254317573249e-05	0.1019456611180206	0.2189125983608164	0.0054814750381808	3.004656859420017e-05	0.0479227257210841	-0.274362860440398	-0.0145594886372321	0.0752749791890373	0.0002119787093776	0.0051327045350961	0.0001636660745866	2.6786583970586708e-08	2.634465584459608e-05	0.0003458292083375	0.0002950261698663	1.1959784133934198e-07	8.704044090600318e-08	-0.0010418947587544	-0.0003582648199676	1.0855446883198895e-06	1.283536812264169e-07
706.41851391111	-0.7524540486439264	0.5661870953206364	499027.1167963812	660.0542402373029	-2.9205755817934005	8.52976172896786	435671.6000552432	644.0839484471034	-0.5633812479034077	0.3173984304892009	414844.1326472109	656.0751750486982	717.0075078075523	0.912759	16.221949	0.0544946709924719	0.0271266773291063	0.0140735354	-0.0854570851	-0.0094689975	0.0669098712	-0.0192469661	-0.0887949069	0.0731518761	0.0257754561	-0.0529584	0.1082780612	0.0047897868	-0.0448358015	0.0177778755	-0.1191940856	0.0308224305	-0.0695637904	-0.0912187161	0.0437983721	-0.0907885078	-0.0380530208	0.0047249804	0.0509523552	0.0273860939	0.0194689535	-0.0712852982	-0.0799924948	0.0616685911	-0.0168496089	0.0850124648	-0.0574985244	0.0160642169	-0.0560296426	0.0265385099	0.009306322	0.11567903	-0.1398791002	-0.0795553764	-0.0354925213	0.0907951978	-0.0471510338	-0.0919039295	0.0536267888	-0.0185681803	0.0578104447	-0.0619503073	-0.0041979539	0.0151777976	0.0832349874	-0.0422545271	0.0234494054	0.1097618875	-0.028558421	-0.0634828038	0.0517133074	0.0218007937	0.0292592034	0.0895621685	-0.0086652524	0.0491389977	-0.2048842563	-0.0317560086	-0.0120785499	0.1280699203	0.006502365	0.0784513804	0.0177108303	0.0501721827	-0.0839746469	0.05146996	-0.0363807824	0.0120961895	0.0910356502	0.0508408239	-0.0439737049	-0.0794584125	0.0717729334	0.0046449766	0.1360338266	-0.0821664894	-0.0670382122	-0.0153551612	-0.0989069939	-0.0548605657	-0.1186902065	0.0363346318	0.0254400338	0.1126331162	-0.1181773838	-0.0190719056	0.146055114	0.0421490773	0.0153591854	0.0837737781	-0.0652973566	0.0304446524	-0.1115402848	-0.1369896584	-0.0955613349	0.0417853327	0.0266303944	0.0	-0.3221740439272338	-0.0028847376264736	8.321711173592662e-06	0.1037961145804271	0.2317505561524058	0.0128379577915894	0.0001648131602586	0.0537083202769494	-0.273360043724999	0.0010028167153989	0.0747257135053333	1.0056413646835984e-06	0.0054001044639279	0.0002673999288317	7.15027219392514e-08	2.916112822133403e-05	0.0002151540930699	-0.0001306751152676	4.629128376473119e-08	1.7075985750200553e-08	-0.0006845866256736	0.0003573081330808	4.6865884805116573e-07	1.2766910196568672e-07
706.2942748371872	-0.1242390739228085	0.015435347489197	498851.60266778816	660.581139258353	0.5268990210500988	0.2776225783835524	436367.4415438636	644.6764731367539	0.5925246896505314	0.3510855078454585	415607.7550160437	655.3167458352443	712.8054928064996	0.900536	16.004713	0.0767295348484307	0.0390983260327755	0.0371050465	-0.0785359508	0.0717524587	-0.0342490243	-0.0992926807	0.0434430718	-0.0412408594	-0.0983149315	0.0004241971	0.1040208625	0.0320487613	-0.1482021928	-0.0550362612	-0.0503433209	0.0113888564	-0.1778867644	-0.0279072713	0.0437317263	-0.0333268757	0.1286482376	-0.0104499808	0.0450062115	-0.0373583226	-0.0051577429	-0.1472742799	-0.0839904935	-0.0234082466	-0.0186094542	0.096412036	0.0396047299	-0.0753710123	-0.0823844337	-0.0011971265	0.1401840652	-0.0804242761	-0.0458223204	-0.0312925719	0.095345851	0.0845275342	-0.0524207782	-0.0284356591	-0.0109759858	0.0795965988	0.0669723951	0.2284673548	0.1329830964	-0.005209031	-0.0740769581	-0.094328664	0.0097990822	-0.0387793397	-0.0529716516	0.0788171605	0.0385292136	0.0493583223	0.0467883927	0.0045331557	0.0353822782	0.044774478	-0.164068675	-0.0447038366	0.0137339672	0.1562032456	-0.0503222379	-0.0727811648	0.0228900347	-0.0904200282	-0.153302978	0.0495425555	-0.078087686	-0.001940113	0.0303780354	0.0629840612	-0.0537591102	-0.0185026775	0.0552338895	-0.1008808548	0.1334614548	-0.0524905215	0.0705476937	-0.0004677235	-0.1297813528	0.0175938271	-0.1346118228	0.0760648268	0.0654048208	-0.0098508082	-0.0546568152	-0.0015497428	0.1062506309	-0.102331311	0.0241628166	0.0989169498	0.0688510389	0.0194832722	0.160861066	-0.0854546038	-0.0969211244	0.0463035902	0.0194497534	0.0	-0.3393847668211549	-0.0172107228939211	0.0002962089825313	0.1151820199502497	0.2311178098603363	-0.0006327462920694	4.003678701276973e-07	0.0534154420346385	-0.2595784172760389	0.01378162644896	0.0673809547155333	0.0001899332275786	0.0048767017629504	-0.0005234027009775	2.739503873905424e-07	2.3782220084763534e-05	0.0004174032319059	0.0002022491388359	1.7422545800549053e-07	4.09047141599036e-08	-0.0008610235701297	-0.0001764369444561	7.413615883188945e-07	3.1129995369004924e-08
706.500638609704	0.2063637725167382	0.04258600660734	499143.15235591953	661.6365512974588	1.0554120391058175	1.1138945722895002	437762.9260127949	644.7821206386069	0.1056475018530136	0.0111613946477825	415743.983095219	656.6444723842243	710.8907153521961	0.947043	16.831255	0.0804705853832163	0.0385447004967599	0.0433355738	-0.0732638074	0.0514023824	0.0035887733	0.1116668803	0.0902530436	0.0130023812	-0.0603242022	-0.0210250928	0.0999446489	-0.0305812293	0.0313517773	0.0260782578	0.0011593658	-0.0737753216	-0.0816115408	0.048815399	-0.0182360611	-0.1032033091	0.0627187354	-0.0486064357	0.0198774872	-0.0159010343	-0.0674504265	0.0259350196	-0.0594964516	-0.0559908097	-0.0537500307	0.0297777341	0.0244472768	0.0701400057	-0.0876765586	-0.096903956	0.0276173389	0.0572520912	-0.0879882522	-0.0352299414	0.0778764765	-0.1232401529	0.0229134519	-0.1817415087	-0.1525416307	0.0236781537	-0.0610313149	0.0671707973	0.0020178161	-0.0628457272	0.1427452976	0.0951445706	-0.0076035058	-0.0527529779	-0.0843452634	-0.023305565	-0.0074293524	0.0498256137	0.0868079224	0.0083242024	0.0937553607	0.0333841583	-0.0102539512	0.0011106538	-0.0243160716	0.070491849	-0.0074164021	-0.000101351	-0.0559622587	0.0053160709	-0.0413599198	-0.0404729684	0.1074459007	0.0117874009	0.0637259441	-0.0734728188	-0.0325000681	0.0912741772	0.0458375533	-0.0209747933	0.121845402	-0.0126825998	-0.0137089789	-0.1098863791	-0.1337252865	-0.0178438854	-0.1221408513	-0.1187676371	-0.0309158274	0.033844583	0.0467993565	0.0556908909	0.0733559843	-0.0708515574	-0.0831639878	0.1757121731	0.0557276274	0.1070186759	0.0740465033	-0.0194516818	-0.0982378286	0.0507395216	0.0121913197	0.0	-0.357461779833983	-0.018077013012828	0.0003267783994659	0.1277789240420789	0.2434328035268151	0.0123149936664787	0.0001516590690054	0.0592595298329249	-0.2476796624933044	0.0118987547827345	0.0613452152127971	0.0001415803653796	0.0053702640695318	0.0004935623065814	2.4360375047795225e-07	2.883973617650425e-05	0.0004159705525108	-1.4326793950999615e-06	1.7303150055614026e-07	2.052570249143992e-12	-0.0011296250625767	-0.000268601492447	1.2760527820014137e-06	7.214676174475586e-08
705.8174821356175	-0.6831564740864451	0.4667027680862237	498178.3180882628	660.1350809357702	-1.5014703616885754	2.254413247029221	435778.325082076	644.3872658684643	-0.394854770142615	0.1559102895043773	415234.9484134349	655.8299090920673	707.509018319829	0.949739	16.879175	0.1166718428787423	0.0611080223997426	0.065658669	-0.08949465	-0.0270792468	0.0744853458	-0.0242730416	0.0046770605	-0.0131478231	0.1111152966	-0.0687546162	0.1357097838	0.0195276577	0.0388824106	0.1306661385	-0.0140475176	0.1113421136	-0.0830336329	-0.0705167404	-0.0464697157	-0.1588558538	0.0632176222	-0.0577057263	-0.042416229	0.0511058403	-0.0957976933	0.064510931	0.0096727156	0.0424712572	-0.1326179831	0.1054087278	0.0102818002	0.027263631	0.0398735943	0.0005754724	-0.0316709602	-0.0183882402	-0.0357572828	-0.0365095521	0.1117602795	0.1313807384	0.0813737221	0.0917191201	0.0895691349	0.08154489	0.0292644314	0.1248641906	0.076819747	-0.0952481944	-0.0804930131	-0.0428797242	0.0343231073	-0.0147546415	-0.0615951595	-0.1681040439	0.0752952919	-0.0003644053	0.1136791879	0.1272604613	-0.1432120263	0.0284529492	-0.0813624102	0.0580688644	-0.0209801275	0.0993235138	-0.0973363574	0.1355626431	0.0311566131	-0.0203366727	-0.0242131563	-0.1073855738	-0.0599482255	-0.0392829711	-0.04782437	-0.0229060857	-0.091528789	0.0260907282	0.0932766346	0.0991082609	0.1050580546	-0.1171658895	-0.0252901832	-0.0631762562	-0.0717079039	0.0194292973	0.0100550671	0.1059239504	-0.0933249027	0.0765451146	-0.1051529404	-0.018250714	0.1303744452	0.0223160341	0.0186876388	-0.0233611561	0.0357306045	0.0224479394	-0.0655442837	0.0182551066	-0.0995108621	0.05508524	0.0048841247	0.0	-0.3438310005546725	0.0136307792793105	0.0001857981437612	0.1182197569424271	0.1977015391561281	-0.045731264370687	0.0020913485409416	0.039085898584702	-0.2197972451930496	0.0278824173002547	0.0483108289944535	0.0007774291945055	0.0052970469629056	-7.321710662620048e-05	5.36074470271241e-09	2.805870652722744e-05	0.0009199819951888	0.000504011442678	8.463668714715652e-07	2.540275343503589e-07	-0.0011409441518423	-1.1319089265599987e-05	1.3017535576231456e-06	1.2812178180262088e-10
705.2691599635034	-0.5483221721141263	0.3006572044319535	497404.58799562574	660.8593663008011	0.7242853650308234	0.5245892899978332	436735.1020274964	643.5881950822234	-0.7990707862409181	0.638514121423679	414205.764849194	654.4622423864655	704.3185188361019	1.044935	18.571037	0.0764021394641729	0.0400094830625101	0.0722869911	-0.0794480608	0.0597864441	-0.0092668418	-0.1986616657	0.049411195	-0.0193059984	-0.0470828376	-0.1113031802	-0.0289218578	-0.0183709669	-0.0207280082	0.0714906018	0.1192461632	-0.0355474801	0.0264103882	-0.1160669856	0.0607440957	0.0663099069	0.1141411421	0.1145108783	0.0968228357	0.1234945486	-0.0160985663	0.0481065461	0.0168909787	0.0252791594	-0.0940423418	-0.0079430281	-0.0449678138	-0.0423309189	-0.0171322473	-0.0838668011	-0.2116047371	0.1591391061	-0.119364285	0.03709469	-0.100415142	-0.0018202021	0.0121445019	-0.0860323776	0.0838550681	-0.0436319711	-0.0655457107	-0.0430846716	0.0497681545	0.0363413163	0.0639031478	-0.2000005807	0.0097979028	-0.066339581	-0.0647430854	0.022579787	0.014634596	-0.0017629265	-0.0065362997	-0.1631604174	-0.113826929	0.0459232248	-0.0020604752	0.1773471652	0.007392147	0.1550398953	0.0755946336	0.0876207342	-0.016585082	0.1276760177	-0.023296301	-0.0242972917	0.0929997163	-0.001265672	0.040493584	-0.0552407681	-0.0941380337	-0.1036810355	0.1035948543	-0.0836276374	0.1135189396	-0.0920811009	0.117366208	-0.0854154071	-0.1086155265	0.0576734764	0.0888471634	0.0506661531	0.1954113656	-0.0615196399	0.0235445224	0.0166887347	0.0008642125	0.038069915	-0.0344646217	0.0862702596	-0.0343951687	-0.0279493953	-0.0293931647	0.0489302412	-0.100739659	0.0593330188	-0.0024426053	0.0	-0.3349885422054512	0.0088424583492212	7.818906965771278e-05	0.1122173234089333	0.2313280198387133	0.0336264806825852	0.0011307402030962	0.0535126527625001	-0.2106585048433231	0.0091387403497265	0.0443770056628243	8.35165751797193e-05	0.005178847297925	-0.0001181996649805	1.3971160801525956e-08	2.682045933522508e-05	0.0005951866542177	-0.0003247953409711	3.5424715335886e-07	1.054920135165331e-07	-0.0010880499561412	5.289419570110002e-05	1.1838527070588674e-06	2.7977959388662676e-09
705.5377175312225	0.2685575677190854	0.0721231671791911	497783.4708591671	659.1529469789174	-1.7064193218836865	2.91186690209798	434482.60751099145	643.8595442415275	0.2713491593041226	0.0736303662550541	414555.1127109075	654.8080641855194	706.1819639179947	0.9643290000000002	17.138468	0.0999401880630788	0.0510106268638529	0.0488860601	-0.0710650437	0.0600826276	-0.0203903207	0.0436973096	0.0618367826	-0.0121139112	-0.1177242858	-0.0247341098	0.0705570525	0.0543450873	0.0590502995	0.023527235	-0.0168115566	0.0030388512	0.0333626814	-0.0144463889	-0.049942793	-0.0274151905	0.0854905633	-0.037950661	0.1622996409	0.0216693616	-0.0328463881	0.0223079117	-0.1005058146	-0.0468221289	-0.1354313023	0.0306068884	0.0387969123	-0.0139204001	-0.0099010607	-0.0629709246	0.0425928611	-0.0042928671	0.0848564838	0.1007918862	0.0540861392	0.1736319584	-0.0725003126	0.0355608769	0.028595235	-0.0334807462	-0.0343889504	-0.1376414618	-0.0412354397	0.0499354118	0.0408236866	0.0283972103	0.0392751426	-0.0624075348	-0.0990574513	0.0439440576	-0.0543489983	0.0838534919	0.0541913206	0.1153984809	0.0626577376	0.1060427816	0.0337506881	0.0636990382	0.0848099576	0.1025583671	0.0260055206	0.0422254576	-0.090968765	0.1142700457	-0.0745447929	0.0297490859	0.0086941597	0.0848260744	0.0241144136	0.0764569912	-0.0654919171	0.0580383679	0.0915217498	-0.0785476654	0.083174898	-0.0049941654	-0.0062019685	-0.1397058172	-0.1672766424	-0.0765904107	-0.0049626885	-0.130935126	-0.0636020366	0.1132661643	0.0133971292	-0.116642626	0.0911810928	0.1259077114	-0.0917822899	-0.0101130175	-0.1221465557	-0.0501762919	0.0622358105	0.0291428347	-0.1019236731	0.0634753057	-0.0097595656	0.0	-0.3416268532452875	-0.0066383110398363	4.406717346161262e-05	0.1167089068582772	0.2745868783712382	0.0432588585325248	0.001871328841537	0.0753979537736611	-0.2293258052230058	-0.0186673003796827	0.0525903249411799	0.0003484681034653	0.0049350540769713	-0.0002437932209536	5.943513458297946e-08	2.435475874263105e-05	0.0009201789366712	0.0003249922824535	8.467292754933403e-07	1.0561998365433553e-07	-0.0011467788149547	-5.87288588135e-05	1.3151016504289063e-06	3.449078857536016e-09
706.4725052124231	0.934787681200646	0.8738280089244809	499103.4006211172	658.7560263770972	-0.3969206018201703	0.1575459641492861	433959.5022881428	643.8290138138958	-0.0305304276316746	0.0009321070113729	414515.7990285737	655.0598752201556	712.4618175101215	0.92423	16.425823	0.1438095439954021	0.0979404661913647	0.0138131277	-0.0733556941	0.0528344101	0.0368056102	0.0987468753	0.0261929851	-0.0311414018	0.0386139979	-0.1280405284	-0.0017630473	0.027336036	0.0318489048	0.021127185	-0.0093808385	-0.0977939282	-0.044766141	-0.0373522869	-0.1005131167	-0.099238903	0.0651298463	0.1035629251	-0.0573008528	0.0348277731	0.0180295121	0.0009881922	-0.1636045707	-0.0603462788	-0.095061942	-0.1280286783	0.0091734899	0.0541221287	-0.0722051497	-0.005402896	-0.1125645639	0.0304084908	0.0394496394	0.0232992847	0.108643615	-0.1040225023	-0.004098649	-0.0078718331	0.0827735346	0.1577111685	-0.0452252403	-0.039582771	-0.0141417989	0.0022551285	0.0077364749	0.0511301438	0.0414809153	-0.0288788479	-0.0940038153	-0.1280211414	-0.0369060917	-0.0625257566	0.0501467666	-0.0236853036	-0.0141325105	0.1415565248	0.00076088	0.0340500635	-0.0585053724	0.1234170441	0.1644831561	-0.0642270113	-0.0198285355	0.0092729162	-0.0359622814	-0.0343156019	0.055823303	0.0677484011	0.0538067277	0.1439929582	-0.075941394	0.0559922202	0.1406340446	0.1136092211	0.0828616591	-0.0771870085	-0.0434945201	-0.0601841927	-0.0946077748	0.0710203993	0.0053447175	0.0327538581	-0.0375303652	-0.1446936464	0.035243734	-0.0614161094	0.0860233121	-0.0341069306	0.099044621	-0.1083004708	0.0212430583	-0.1261950019	-0.0768625205	0.0079165533	-0.103062378	0.0675047358	-0.0170374908	0.0	-0.3331825374712309	0.0084443157740566	7.130646889198166e-05	0.1110106032757681	0.179203014855247	-0.0953838635159911	0.0090980814192372	0.0321137205332098	-0.2439316899360051	-0.0146058847129993	0.0595026693550353	0.0002133318682494	0.005280988068358	0.0003459339913866	1.196703263967333e-07	2.788883497813956e-05	0.0007849046899037	-0.0001352742467675	6.160753722328236e-07	1.8299121838514482e-08	-0.0011730801766476	-2.6301361692899865e-05	1.3761171008435642e-06	6.917616269007405e-10
706.0814470075626	-0.391058204860542	0.1529265195887496	498551.0098082934	659.1375305344698	0.3815041573725466	0.1455454220925368	434462.2841590791	643.6862105689221	-0.1428032449737202	0.0203927667750243	414331.9376765787	655.1669845743555	713.0630291515215	0.994898	17.681757	0.0929539056963196	0.0573619253515804	0.007820918	-0.086671556	0.0653302706	0.0056596978	-0.1121310304	-0.0665882465	-0.0396289256	0.0450944154	-0.1054610227	0.0796470816	0.0254460161	0.1708663529	0.0140320254	0.0641613383	-0.0518380872	-0.0013676835	-0.1260103151	0.0058198068	0.0381845049	0.0918737458	0.0552245201	-0.019180383	0.1063524305	0.1337330275	-0.0288302555	-0.0984674842	0.0984090493	-0.0635012794	-0.0165904889	-0.0232393131	0.0938232737	0.0391293887	-0.0670356951	0.0882534563	-0.0067906711	-0.0366756778	-0.0612916379	-0.0115374199	-0.0311311766	-0.0849781053	-0.0605473792	0.051517584	0.0049695823	0.0624986118	0.0268702305	-0.071721712	0.0317799634	-0.0115369697	-0.1657696462	0.0301951688	-0.0254297555	-0.0151159857	-0.1226632067	-0.0188608344	-0.0219073256	0.0026852664	0.0528402542	-0.0230212136	0.0950457073	0.0125341694	0.0987860805	0.0211230983	0.0517084366	0.040725972	-0.0586924149	0.0325247046	-0.1369398208	0.0200829085	-0.0372680821	-0.0001248332	0.0044194967	0.0835863683	0.1847315345	-0.084869835	-0.1014629903	0.12204924	-0.0417554185	0.0545463888	-0.1146336293	-0.0261833304	-0.0639949514	-0.0947562301	-0.0021791459	0.0656524321	0.0177170062	0.0150953855	-0.1057666978	-0.1140050307	-0.0178604491	-0.0348324088	-0.0995852271	-0.1077613661	-0.0505688597	-0.0572514336	-0.0751103171	-0.1375711448	-0.0685705708	-0.1041552675	0.071414145	-0.0242472716	0.0	-0.3280227694634448	0.0051597680077861	2.6623205894173085e-05	0.1075989372864682	0.2292205304707835	0.0500175156155364	0.0025017518683504	0.0525420515893073	-0.2176585505640531	0.026273139371952	0.0473752446336444	0.000690277852458	0.005415939758079	0.0001349516897209	1.8211958558552896e-08	2.9332403463140813e-05	0.0007199093323169	-6.49953575868e-05	5.182694467569649e-07	4.224396507836e-09	-0.0011429575699345	3.0122606713099947e-05	1.3063520066705774e-06	9.07371435192094e-10
705.3272097454317	-0.7542372621309141	0.5688738475867373	497486.4728072762	660.6440576081786	1.5065270737088667	2.2696238238178013	436450.57085299847	643.6051366071622	-0.0810739617598983	0.0065729872754454	414227.5718671239	654.8434968893521	707.7339286804199	1.007417	17.904249	0.0820426919870028	0.0631613290159378	0.037293719	-0.1217776035	0.1194252667	-0.0840750786	-0.1589950725	0.0990960752	-0.0360100318	-0.0762936409	-0.055136344	0.0801260311	0.104115928	0.0942798526	0.1158014652	0.2373456465	-0.0345960368	-0.0028212953	-0.110528232	-0.0503474194	-0.0006610552	0.1432397651	-0.0100885951	0.0293370301	0.056265632	-0.003444197	0.0636733732	0.0237892846	0.0049612161	0.0512803644	0.0984800146	-0.1926148757	-0.0822019363	-0.0513713185	0.01636013	-0.0337013977	0.0558204958	0.0030832879	-0.0612706655	-0.052147463	-0.0243422807	-0.1188037026	-0.0083329921	-0.0073326036	-0.0093050851	0.1074254162	-0.1421021591	0.1269735427	0.0131550518	-0.1292290977	-0.1298492825	0.015808782	-0.12775302	-0.0816938564	-0.001467726	-0.0298109779	0.1041204045	0.0265964336	-0.0845950158	-0.0980022487	0.0360398572	-0.0247150879	0.164479757	0.0437470718	0.0670570115	-0.0369679888	-0.1052115575	0.0883869994	0.0457760635	0.0497817725	0.0496116344	0.0154613703	0.0084339983	0.1426244502	0.0304670712	-0.0839959267	0.0270190371	0.0994841397	-0.1516704159	0.0392326218	-0.0679767226	0.096319256	-0.0675929324	-0.0707271131	-0.0566179782	0.1416530514	0.0443475309	0.1021038425	-0.0376537263	0.0341473445	-0.178813556	-0.0355221036	-0.0835861887	0.0176755205	-0.0776782317	-0.1122407493	0.0047850271	-0.0071579799	0.0515465193	-0.1052018558	0.0751965824	-0.0313600711	0.0	-0.326180600587648	0.0018421688757968	3.3935861669544507e-06	0.1063937841997187	0.2915909386662889	0.0623704081955053	0.0038900678184739	0.0850252755122874	-0.2177868784770638	-0.0001283279130107	0.0474311244367833	1.6468053257683386e-08	0.0052770464471047	-0.0001388933109742	1.9291351833403452e-08	2.7847219204900335e-05	0.0009200303343352	0.0002001210020182	8.464558160969399e-07	4.0048415448808426e-08	-0.0011279361428733	1.5021427061200032e-05	1.2722399423998973e-06	2.2564327095495264e-10
706.2641024665581	0.936892721126469	0.8777679708997597	498808.98243289295	659.8883859416216	-0.7556716665570775	0.571039667637151	435452.6819006385	644.0788460940205	0.4737094868582971	0.2244006779395512	414837.55998580495	655.1727201077885	705.8151339289278	0.956962	17.007547	0.0822055930851707	0.065538408217232	0.034443723	-0.1794526336	0.1592368075	-0.0639518043	0.068932407	0.1416355762	-0.0603428147	-0.0187321498	-0.0801513195	0.0386184406	0.0296428205	0.1920312549	0.026296307	0.0917546314	-0.0140830518	-0.0220963739	0.0378699833	-0.0965690072	-0.1351888932	0.1692199566	0.0453001958	-0.0323564153	0.0471353389	0.0426508583	-0.0613253921	0.0356139319	-0.0383296662	-0.008116203	0.0943623832	0.0015916503	-0.0014548774	-0.1704078746	-0.0016373098	-0.1028538877	-0.0032203528	0.0970719682	0.0227751313	-0.0439182425	-0.0613602322	0.0792861763	-0.0210155847	0.0095066412	-0.0280376367	0.0585433752	-0.0342173743	0.0081122127	0.0322420708	0.0521037217	0.0625780779	0.0126126891	-0.1719120655	-0.1331973091	-0.0651759435	-0.0393713788	-0.037445896	0.0713548112	-0.0560323709	0.0179190042	0.0401744413	-0.0164020581	-0.0050459323	0.0804191077	-0.0652166275	0.0512108048	-0.1015863036	-0.1145660536	0.0650910477	-0.0005851434	0.170248187	0.1041464426	-0.1203394607	-0.0594756609	0.1490154701	-0.0866498535	0.1298402595	0.1420729794	0.0071858087	0.0611137282	-0.0178771303	0.0353366374	-0.1149294898	-0.0397791344	-0.0767228797	0.0601429044	-0.1190307696	-0.0512169753	0.0699080601	0.0371024194	-0.1717178941	-0.1277342883	-0.0807533369	0.0934876323	-0.0514880314	-0.125120893	-0.0019381042	0.111822026	0.1372918439	-0.1062016776	0.0788453231	-0.0383474405	0.0	-0.3233461826899884	0.0028344178976595	8.033924818573018e-06	0.1045527538601873	0.2275627042948826	-0.0640282343714062	0.0040996147967197	0.0517847843860001	-0.2178276457927737	-4.0767315709899776e-05	0.047448883271622	1.6619740301906411e-09	0.0050710785247243	-0.0002059679223803	4.2422785049698463e-08	2.5715837403919983e-05	0.0009972063011891	7.717596685389997e-05	9.94420407131246e-07	5.956129859834266e-09	-0.0011050365620997	2.289958077360005e-05	1.2211058035771238e-06	5.243907996066333e-10
707.6667193098397	1.4026168432815211	1.9673340090570195	500792.1856187514	660.4029333811404	0.5145474395188785	0.2647590675154339	436132.034418415	645.1661611541157	1.087315060095193	1.1822540399098134	416239.3754983384	656.4531232856206	713.7864897985224	1.053867	18.729774	0.0804715507656945	0.0449207589434608	-0.005694594	-0.200264627	0.1455813604	0.0038234007	-0.0213678485	-0.0558006342	0.0210894672	0.0111375698	-0.1587317524	-0.009736584	0.054543398	0.0825176243	-0.0124495016	0.0359353529	0.0604289276	-0.2169032832	-0.0954058963	0.0037019431	-0.1016041994	0.0159411002	0.0060291385	-0.1377033114	0.040690024	0.0747683095	-0.0320203647	-0.1146055578	-0.0950661234	-0.0664765231	-0.1154031229	-0.0134605193	-0.1793904706	0.0087490818	0.1344332734	0.0273630512	-0.0273579975	0.0048000647	-0.1037444812	-0.027814094	-0.0544730255	-0.0299641611	-0.0701171054	-0.0584375601	0.066533409	-0.0547801195	-0.106825767	-0.1146808669	-0.0877607023	-0.0017116495	-0.0613326311	0.0163870477	0.0412061939	-0.0824512167	-0.1405023685	-0.1140231633	-0.0853243051	0.1310804299	-0.0611710208	-0.051681687	0.0599138683	-0.0765063418	0.0653590063	0.0724817287	0.0137840866	-0.019450299	-0.1405661022	-0.013726005	-0.0573363581	0.0407514217	-0.069032907	-0.0338089848	-0.0225490117	0.1155245766	-0.0371272583	-0.0812771718	-0.0723405551	0.15443247	0.0846271956	0.0345070809	-0.0335107777	-0.0247530989	-0.0724624378	-0.0152336574	-0.0184974728	0.0891857112	-0.0075720351	-0.0118815571	-0.0935751662	-0.1539615338	-0.0898197469	-0.052357523	-0.136860134	0.1375192109	-0.0668938012	-0.1012422239	0.0164600752	0.0329417065	0.0239702701	-0.1071542885	0.0823538796	-0.0451814325	0.0	-0.3218420507110551	0.0015041319789332	2.2624130100497675e-06	0.1035823056058973	0.1906818280094313	-0.0368808762854513	0.0013601990355827	0.0363595595330183	-0.2282629510577436	-0.0104353052649699	0.0521039748255898	0.0001088955959731	0.0055400841836532	0.0004690056589288	2.199663081073316e-07	3.069253276196434e-05	0.0009192063635341	-7.799993765500001e-05	8.449403387615839e-07	6.0839902741838894e-09	-0.0011910557102426	-8.601914814290019e-05	1.4186137049015046e-06	7.399293847230209e-09
707.1451666127065	-0.5215526971331883	0.2720172158869032	500054.2866637124	661.1802441220442	0.7773107409037721	0.604211987924371	437159.31521728594	645.059393082299	-0.1067680718166457	0.0113994211594444	416101.620603704	655.3681147761238	713.5692470768817	0.983947	17.487129	0.121657150630089	0.0704869022159417	-0.0044749565	-0.0959189202	0.0988662666	-0.103152062	-0.1091965819	0.0082314614	-0.0342105148	0.0441420715	-0.035231323	0.0343992926	0.0852282288	0.0936410484	-0.0510297518	0.1790552608	-0.1305933386	0.0008795456	-0.0596854421	0.0589918423	0.0767558568	0.0805634939	-0.1090126267	-0.0582895396	-0.0136016982	0.0606058733	0.1007741879	-0.0194217733	-0.0910503372	-0.0430080931	-0.2166477986	-0.0513591702	-0.0602266224	-0.0026418416	-0.0194676563	0.0642554135	-0.0636027022	-0.0433231196	0.1224654742	-0.0742284461	0.0117474326	0.068832723	-0.0157450401	-0.0993110397	0.1385378332	-0.0177369661	-0.0946676996	-0.0602030291	0.1047713195	-0.0426053392	-0.1355259843	0.0124063576	-0.0631156421	0.0150140613	-0.0893744581	-0.0989695222	0.095984585	0.0665459132	-0.0569093951	0.0335626416	0.050210388	0.0506087447	0.0908029433	0.0683853034	-0.1237505622	0.0817256934	-0.0981204498	-0.1251909335	-0.1930769466	-0.0454633645	-0.0150329014	0.1066474715	0.0276223614	-0.0693614275	0.0209528444	-0.0617313872	-0.0400286199	0.1192028824	-0.1054974921	-0.0258254162	-0.1242132363	-0.0225709144	-0.0222802988	-0.0209529019	0.0063301584	0.0978913947	-0.126141555	-0.0092905932	-0.1266972064	0.0512580872	-0.0231390005	-0.098191087	-0.1048369232	-0.0187602193	-0.0593087949	-0.0049788884	-0.0967146347	0.0192221681	-0.1141554764	-0.1080592651	0.085716014	-0.0518347133	0.0	-0.3415930139555314	-0.0197509632444762	0.0003901005490846	0.1166857871832238	0.2525067229828863	0.061824894973455	0.0038223176384787	0.063759645151556	-0.2176908089558509	0.0105721421018926	0.0473892883038527	0.0001117701886226	0.0049760595858268	-0.0005640245978264	3.181237469532325e-07	2.4761169001698783e-05	0.000920106746256	9.003827219000379e-07	8.465964245058032e-07	8.10689045896121e-13	-0.0011657976845856	2.5258025657000187e-05	1.3590842413851458e-06	6.379678600896796e-10
706.3608502737441	-0.7843163389624124	0.6151521195634018	498945.6507994467	661.2054921815317	0.0252480594874668	0.0006374645078826	437192.7028910216	644.6234778406878	-0.4359152416112692	0.1900220978690112	415539.4281834237	655.508665229058	715.392747941394	1.051302	18.684193	0.1040796516242963	0.0564159001849159	0.0136171173	0.0197359478	0.0325846115	-0.1171133802	-0.0147963444	0.123300583	-0.0850891663	0.009224376	0.0385844459	0.0503020139	-0.0184407891	0.1117977272	0.1075464693	0.0786810449	0.2078439259	-0.0194687138	0.0615860356	-0.0821732261	0.0210796225	0.1206289244	-0.0444762838	-0.0592036535	0.0826042018	0.0079709513	0.0760471468	0.0629493393	-0.0286608516	-0.1244947967	-0.0387540097	0.0139969906	-0.0538919953	-0.0726830314	-0.0113260755	0.1395210306	0.0576349428	0.0532875149	-0.1024438052	0.0340076221	-0.1165903665	-0.0626808491	-0.0510426267	-0.0069898266	0.0227248709	-0.1352746237	0.0958654167	0.05165574	-0.1879490111	-0.1208257625	0.0260345378	0.0021204001	-0.1641341204	0.0143956408	0.0298299205	-0.0143213939	0.0295701289	0.0674673863	0.0833236822	-0.1016747091	-0.0178457388	0.0196277734	0.0686907344	0.0444166935	0.0128312083	0.0635297847	-0.0673154057	-0.1122600289	-0.1202544967	-0.1250327292	0.0166354135	-0.0826043769	-0.037756794	0.0608006121	-0.0984062418	-0.0003758941	0.1192204609	0.0298759409	-0.0031694948	-0.0181114196	-0.0947982199	0.1591418784	-0.0360014044	-0.0401053684	0.0044044364	0.1250563316	0.0262228058	-0.0768215752	-0.0351706376	-0.00788706	0.039627415	0.0981685909	-0.1480833746	0.0111980066	0.0070953027	0.1412285837	-0.0315988398	0.0938072038	0.0033566317	-0.1089162049	0.0889257484	-0.0582806721	0.0	-0.3729531722215	-0.0313601582659686	0.0009834595264665	0.1390940686700798	0.2529861437219551	0.0004794207390688	2.2984424504928815e-07	0.0640019889153057	-0.2463546415353548	-0.0286638325795038	0.0606906094060131	0.0008216152981458	0.0055661948753299	0.000590135289503	3.4825965991690735e-07	3.098252539014884e-05	0.0009179880125831	-2.1187336728999487e-06	8.427019912462699e-07	4.4890323766801065e-12	-0.0014450684622047	-0.0002792707776191	2.088222860458656e-06	7.799216723197683e-08
705.7075494052632	-0.6533008684808692	0.4268020247578579	498023.145287582	659.9002672596612	-1.30522492187049	1.7036120966718271	435468.3627293722	644.0741145590996	-0.549363281588171	0.3018000151573241	414831.46504508815	655.5296614365583	708.5284422788698	1.031953	18.340317	0.0841224857241233	0.0512889352553896	0.0326509128	0.0171332405	-0.0366870569	0.0362865839	0.0443582936	-0.0785140743	0.016734231	-0.0570582775	-0.0627219102	-0.0943351111	0.0217704178	0.0967837049	0.0872146714	0.0204951651	0.0027483186	0.1238287756	-0.0472393712	-0.0495137354	-0.0223265888	-0.0934069021	0.0619662468	0.092156566	0.0521633052	0.0692597836	0.0748693486	0.0933004147	-0.0902920118	-0.1781509684	0.0121088295	-0.0733364205	-0.007960183	0.0669622819	-0.0496058619	-0.0582435349	0.039690843	-0.0759992901	-0.0500907509	0.0266976366	-0.0493330827	0.0664035949	0.0530976583	-0.12808905	-0.1697207853	0.0231961537	0.02663783	-0.0452379634	0.0240343111	0.1028816267	0.031215994	0.0451145345	0.0704320765	-0.0748446403	0.015069274	-0.0951606778	-0.0769390659	0.0180905393	0.0135038174	-0.0940592282	0.0503995275	0.1512415871	0.1534821284	0.0360295957	0.0563480945	0.0643732336	0.0508694287	0.0295881723	0.0315676951	0.0273371926	0.0355812786	0.0175340866	-0.071066138	-0.0070884864	-0.0735805759	-0.0255177023	-0.0524413487	0.0589357804	0.0885176211	-0.03296316	0.047513233	0.0245969765	-0.1516360523	-0.0915692304	0.0415449529	0.1230495555	-0.0609304132	0.0763737978	-0.0268049295	-0.0835477932	0.1607438791	-0.0723140481	0.0071590248	-0.067009058	-0.0027387846	0.1172941843	0.0144135174	0.044014086	0.0558130139	-0.1097247271	0.091977376	-0.064493527	0.0	-0.3720707659913245	0.0008824062301754	7.786407550525234e-07	0.1384366549053709	0.2103934992451002	-0.0425926444768549	0.0018141333635317	0.0442654245245979	-0.2170809041774219	0.0292737373579329	0.047124118958487	0.0008569516989012	0.0056987436111668	0.0001325487358369	1.756916737196047e-08	3.2475678745814426e-05	0.0009171236066638	-8.644059193000687e-07	8.411157099000164e-07	7.47197593320997e-13	-0.0015391292736317	-9.4060811427e-05	2.3689189209500443e-06	8.847436246305655e-09
706.521427482949	0.8138780776857857	0.6623975253375098	499172.5274925439	658.9702204742995	-0.9300467853616964	0.8649870229616256	434241.7514719469	643.583463040085	-0.490651519014591	0.2407389131113256	414199.6738986685	654.1097219302632	710.6295231395586	0.926252	16.461744	0.0742542219879308	0.0377458758961222	0.0129039777	0.0294785407	-0.0625381576	-0.063092807	-0.0500610375	-0.0431230938	-0.0936504905	0.1171256245	0.0240998778	0.0245768656	0.1472434524	0.1333238584	0.0709256778	-0.0990554713	0.004975639	0.1196569983	-0.0530651555	-0.000278372	0.1874595152	0.01818732	-0.0013852368	0.0219578181	0.1431788656	0.1744137891	-0.0123524195	-0.0115231429	-0.018307773	-0.0772064225	-0.0031807067	0.119561115	0.1016655273	0.004558445	-0.1011530831	-0.0047541749	0.010428898	-0.0207370105	-0.0312263049	-0.0343042036	0.0264611981	-0.0431208214	0.0376115884	0.0848798113	-0.0378758601	0.0282415098	-0.0333906782	0.1231674351	0.1833704433	-0.0093242523	-0.0926810063	0.0348905903	-0.069784003	0.0741342798	-0.1075346354	-0.0766789701	-0.0048840696	-0.0629595038	0.1441807701	0.0025492894	0.1183687868	0.2084873638	0.0340939871	0.0347341885	0.0161052843	0.1095691602	-0.0481552578	0.0298184679	0.0049935034	-0.0873041673	-0.0667862778	-0.001736217	-0.0520913247	-0.0743666093	-0.0083882076	-0.021654041	-0.0251617694	0.0464148446	-0.0678717777	-0.0867012214	-0.1243098081	-0.0616447625	-0.0293451121	-0.016560659	0.0118274157	0.0996404093	-0.1055916157	-0.0951309558	-0.03753135	-0.0603129704	0.1874218959	-0.0445297083	0.0380916507	-0.1472919117	-0.0440189151	0.0406038778	-0.01482625	0.0599560975	-0.0405733099	-0.1104844722	0.0948654713	-0.0704484286	0.0	-0.3793836529577561	-0.0073128869664316	5.347831578380546e-05	0.1439319561315711	0.2391150670369057	0.0287215677918054	0.0008249284564192	0.0571760152840639	-0.2173644358658606	-0.0002835316884386	0.0472472979792838	8.039021834889917e-08	0.0052370814753326	-0.0004616621358342	2.131319276629958e-07	2.742702237927188e-05	0.0008270130066578	-9.011060000599998e-05	6.839505131811743e-07	8.119920233441323e-09	-0.0013321772986468	0.0002069519749849	1.7746963550298852e-06	4.2829119950150686e-08
707.7626288869777	1.2412014040287431	1.5405809253629232	500927.9388490057	662.5167921425232	3.546571668223692	12.57817059784698	438928.4998708193	644.049636333603	0.4661732935179543	0.2173175395893768	414799.9340614462	655.938596877808	725.511411890347	0.966905	17.184248	0.0605533557310133	0.0347974628003775	-0.0457597773	0.0672858345	-0.0466676488	-0.053281832	0.0211187903	0.1312907502	-0.0356847934	0.0109315668	0.0324598677	-0.074525784	-0.0110786664	0.1158316171	-0.0219954343	-0.1463638594	0.0145569619	0.1107459428	0.1209975503	-0.0439920204	0.107601119	0.1100571011	0.060384079	0.0555394956	-0.0692357532	0.0899631945	0.0715654932	0.0793002726	0.0241254528	-0.0738576341	-0.0550147123	0.0326241054	0.0621003182	0.049127022	-0.0122261552	-0.0828159288	-0.0769752405	0.0655799621	-0.0605234147	0.0450611098	-0.1304065908	0.035041012	0.0892050503	-0.0086234509	0.0988723205	0.0376559228	-0.0402952504	0.2012735977	0.0350410161	-0.0421729903	0.0354342277	-0.0589692671	-0.1481378802	-0.0173323911	0.021958041	-0.0530481234	-0.0689088708	-0.0105536638	0.1126116725	-0.0069530693	0.0536465351	0.1149461123	0.0399729877	-0.095312307	-0.0674154639	0.049798728	-0.0461177916	0.0529146884	-0.010210338	-0.0217201457	-0.1467742725	-0.0248281915	0.1117421885	-0.0921312552	0.0781229111	0.0066806699	0.1191553858	0.054866778	0.0275949452	-0.0702357057	0.0058894393	0.1013841901	0.0298250905	0.0316035995	0.0556893389	0.0867774728	-0.1135322224	-0.168490414	-0.0858088152	0.0524270781	0.1336635575	0.056381718	0.0965880203	0.034978586	-0.1261707038	0.0571204598	0.0129254884	-0.0348567787	0.0358227344	-0.1111951025	0.0975848992	-0.0761215592	0.0	-0.3640413641196289	0.0153422888381272	0.0002353858267925	0.1325261147900802	0.2391405460263058	2.547898940011284e-05	6.491789008510623e-10	0.0571882007537596	-0.2473767897806666	-0.030012353914806	0.0611952761221881	0.0009007413875075	0.0053037032727714	6.66217974388001e-05	4.438463893976512e-09	2.8129268405606054e-05	0.0009180903744603	9.10773678025e-05	8.428899356766539e-07	8.295086925831863e-09	-0.0014779428131791	-0.0001457655145322	2.184314959027752e-06	2.1247585226866157e-08
707.8499469310123	0.0873180440345322	0.0076244408140165	501051.5473702369	662.1656552979867	-0.3511368445364269	0.1232970835909988	438463.3550562122	645.4135126763764	1.3638763427734375	1.8601586783770472	416558.6023452591	657.624759759385	727.3636164808144	1.063623	18.903162	0.0806324920520982	0.0526736238858536	-0.0603988837	0.0269718848	-0.1198927763	0.0822094112	0.0095777785	-0.1057072938	0.0659882725	0.0367677775	-0.0364898573	-0.0074989764	0.0832468099	-0.029072063	0.0434089532	-0.0295994687	0.0942088554	-0.044288918	-0.0291976394	0.0279034313	-0.0197265331	-0.0905494701	-0.0055080514	-0.0945290187	-0.0053273592	-0.0257718887	0.0315088277	0.0404467304	0.0068665474	-0.1208601957	-0.1410837077	-0.0889285074	0.0502405494	0.0044838358	-0.0911714218	0.0761255145	-0.0676223029	-0.0938452326	-0.0480659164	-0.0227802403	0.1898200941	0.0837248071	0.0063072646	-0.0462668751	0.0609743358	-0.0848832429	-0.0705416072	0.0499804716	-0.0231518211	-0.0525384559	-0.0138074993	-0.0296391452	0.1340710225	0.0073607597	-0.0504832377	-0.0357473395	-0.0505964473	0.0217059537	0.0700535098	-0.1431584068	-0.0338388166	-0.0504282481	-0.0327662278	-0.0532577403	-0.0473563787	0.0691347883	0.0642606659	-0.069015585	-0.039364971	-0.013809737	-0.0686079316	0.0107574565	0.0640754285	-0.0601592048	-0.0602254805	-0.003018705	-0.1014746261	0.0354606455	0.0951191545	-0.0752062653	0.0112076469	-0.0713462527	0.0450794656	0.0294852436	0.0042000963	0.0117441937	0.0244503929	0.0024286279	-0.0430294923	-0.1312645249	0.1034839381	0.1006414262	0.1289827169	0.0408341268	-0.1369202678	-0.0068930594	0.1077010008	0.0637559781	-0.0301055923	-0.1118563022	0.1001308247	-0.0814902283	0.0	-0.3641761040952076	-0.0001347399755787	1.8154861018955077e-08	0.1326242347939634	0.1902874332545678	-0.048853112771738	0.0023866266274881	0.0362093072546115	-0.2641020516129231	-0.0167252618322565	0.0697498936661551	0.0002797343833575	0.0055331785780381	0.0002294753052666	5.265891572724504e-08	3.061606517645973e-05	0.0009181091391903	1.8764729999985918e-08	8.429243914647536e-07	3.5211509197237136e-16	-0.0014090493337253	6.889347945379979e-05	1.985420024871712e-06	4.7463115112511345e-09
707.1427811304758	-0.7071658005364725	0.50008346944839	500050.912904944	662.2210367913616	0.0553814933748526	0.0030671098084288	438536.7015690258	645.1295663511323	-0.2839463252440737	0.0806255156196132	416192.15738040005	656.3093460619259	723.5920302835407	0.976662	17.357666	0.1391682854667256	0.0815861592803531	-0.0348549084	0.0544380927	-0.0747481058	-0.0643114258	-0.0745526821	0.0475653022	-0.016426874	0.0754832262	-0.0032685554	-0.0439437646	-0.0176141853	-0.0881263506	-0.1003656921	0.1307129392	-0.0984244682	0.1520958926	0.0105655608	0.0336427546	-0.0016376647	0.0718398271	-0.0218653596	-0.0019146098	0.001269645	0.0023655097	0.0837669831	0.0020286777	-0.1117647683	0.0188491586	-0.0081550788	-0.0604685834	-0.1127819218	0.0919183933	-0.0158573307	-0.0002826823	-0.0321755257	-0.0410116862	-0.0463995445	-0.0930984082	-0.0645909441	-0.1679121935	-0.0114817469	0.108271564	0.0077942902	0.0009694253	0.011058902	-0.0298036866	-0.0128593354	-0.0975100429	-0.0457622114	-0.0397281293	-0.0526654593	0.0097519092	-0.0206158419	0.0078052055	0.1040856617	-0.0719910114	-0.1663749706	0.0132042349	-0.1288469911	0.0252181571	0.0846229471	0.0300584603	0.0065535043	0.0918317277	0.0089847258	0.0593149162	0.048131436	0.0537842073	0.0163052931	-0.1427558614	0.0688342726	-0.0225706207	-0.0631785206	-0.0051250194	0.0213589063	0.0024222612	-0.1162946013	-0.0879939488	-0.038270174	0.029851731	0.0641848525	0.0335746981	0.0167225018	0.0413237509	0.0065102388	0.1002102431	-0.0402199945	0.1575317513	0.0845348224	0.0608767408	0.067389515	-0.06204014	0.006855528	0.0576979245	0.1361888669	-0.0388124166	0.0169995354	-0.1124677771	0.1024987213	-0.0865329627	0.0	-0.3643038162134075	-0.0001277121181998	1.6310385135104298e-08	0.1327172705076522	0.265948740192627	0.0756613069380592	0.0057246333675752	0.0707287324100454	-0.2448062000746915	0.0192958515382316	0.0599300755950098	0.0003723298865854	0.0052059082902766	-0.0003272702877614	1.0710584125149481e-07	2.7101481126770636e-05	0.0007418226729405	-0.0001762864662497	5.503008780885881e-07	3.1076918182841863e-08	-0.0010309377902919	0.0003781115434334	1.0628327274519457e-06	1.4296833927758797e-07
706.5491308555563	-0.5936502749194688	0.3524206489119608	499211.674312742	661.6153218737387	-0.6057149176228904	0.3668905614309049	437734.8341380909	645.1859408983563	0.0563745472239816	0.0031780895747089	416264.8983328973	655.9493098721083	715.3136453212769	0.977145	17.366238	0.103858796509063	0.0588227549127221	-0.0007469496	0.0265837551	-0.0624312976	0.0265149671	0.1196547061	0.0143745988	0.0187994125	-0.0451683489	-0.0475219915	-0.0499292168	-0.0952612625	0.0771303562	0.0249619633	0.0571867265	0.0394787685	0.1312411461	0.0426023068	-0.0497168404	-0.0434943677	-0.009305486	0.0188008389	-0.0536903864	-0.1488372262	-0.0624162315	-0.0148810477	0.0235473992	-0.0739628497	-0.1156406879	0.0103008519	0.1457786501	0.0006632016	0.1063774631	0.019347853	-0.0236820999	-0.0283747218	0.1487562976	0.1555368054	-0.1068141099	0.0691637512	0.1185018772	0.0649451204	-0.0799580663	-0.0994740768	0.1033662896	0.0445731668	0.0235307459	-0.1056221993	0.020203534	0.0981802326	0.0173559457	-0.0176011054	-0.0776378699	0.0161627303	-0.0274980513	-0.0828498169	-0.0283800722	0.0102355353	0.0580944586	-0.087902254	0.0801459557	-0.0342237717	0.1250374669	-0.0220756191	-0.1199303033	0.0773618547	-0.0207788796	0.0259734606	-0.002953547	-0.160828028	0.0075935845	-0.0531790142	-0.1264662409	-0.0914871951	-0.012184682	0.071860985	0.0111277427	0.1261858073	-0.0611881885	0.0712427042	0.0398806432	-0.0330779674	0.0273296745	-0.0490200864	0.0597178455	-0.0243816189	0.0110698506	0.1468848157	0.0682706326	0.0997290676	-0.0667529416	0.0810029094	0.0137914454	-0.084121414	0.1643778089	-0.0112154294	0.0152065928	0.1103763754	-0.1130292557	0.1046843788	-0.0912295932	0.0	-0.3642350755263521	6.874068705542413e-05	4.725282056851755e-09	0.1326671902436874	0.2141557066418897	-0.0517930335507372	0.0026825183243877	0.0458626666872871	-0.2463442933658868	-0.0015380932911953	0.0606855108739381	2.3657309724200154e-06	0.0056741808138922	0.0004682725236156	2.192791563733228e-07	3.219632790874235e-05	0.0009180497387728	0.0001762270658322	8.428153228608063e-07	3.105597873186178e-08	-0.0013956167804455	-0.0003646789901535	1.947746197861063e-06	1.329907658594495e-07
706.9193404822971	0.3702096267408024	0.1370551677315642	499734.95394792594	660.4187567453982	-1.1965651283404668	1.4317681063604375	436152.9342611375	645.1227564930585	-0.0631844052977612	0.0039922690728317	416183.3709452021	655.319727352252	712.8354433563815	1.019452	18.118151	0.060091801284893	0.0282335816651624	0.0008282581	0.0301047922	-0.0887189504	-0.0011345292	-0.0700721268	-0.1253219838	0.0236484932	0.0948143907	0.0438393562	0.0092470621	0.0053305222	0.0598161374	-0.0552210513	-0.102112304	0.0578374252	0.0779312337	-0.1104613199	0.049322335	0.0305295052	0.0022259798	-0.0757194694	-0.0255172155	-0.0005716372	-0.0013801009	0.1416759936	0.0036153588	0.0007273397	0.0721546683	-0.0988443001	0.0854710453	0.0270593159	0.2058998272	0.0922843907	-0.0520473163	0.0448830544	-0.0249712963	0.1114900159	0.0295838186	0.0830688561	-0.182295567	0.0373785064	-0.0820765356	-0.1643307908	0.0318637836	-0.0669406314	-0.0427839319	0.0173974717	0.0591172295	-0.0986473233	0.0253629918	0.0646083493	0.052856658	-0.0595071544	-0.0204541099	-0.0162830409	-0.0244743648	0.1174958959	0.1094437284	-0.0557924965	0.0866924605	0.0040521869	0.0600514978	-0.0163472325	0.0005865808	0.0014737739	0.0056733701	0.0297707095	0.1129663529	-0.0139922762	-0.0628965194	-0.0167147157	-0.0162671734	-0.2139164561	-0.0105731087	-0.1088889193	-0.0312412986	-0.0031525113	-0.1081962218	-0.0552864435	-0.0714128605	0.0480308063	0.0456003628	0.0028898844	-0.043263151	-0.0463290107	-0.043011863	0.0423458964	-0.0450162902	0.1555743209	-0.084726651	0.0364234362	-0.091160424	0.0269486322	0.0569833268	-0.0525268701	0.0306679586	-0.1151315868	-0.1135404882	0.1066839114	-0.0955613349	0.0	-0.3640381029786681	0.0001969725476839	3.879818454111431e-08	0.1325237404203073	0.2316019073346069	0.0174462006927171	0.0003043699186105	0.0536394434810278	-0.2552574715751987	-0.0089131782093118	0.0651563767949633	7.944474579095191e-05	0.0052750140169793	-0.0003991667969129	1.593341317577048e-07	2.7825772879328088e-05	0.0007571196286719	-0.0001609301101008	5.732301321202757e-07	2.5898500337087785e-08	-0.0012850046907557	0.0001106120896898	1.651237055264152e-06	1.2235034385544365e-08
706.9785159544152	0.0591754721181132	0.0035017365004015	499818.62202110735	661.5073410822457	1.0885843368474752	1.1850158584296575	437591.96230570256	644.4346098754545	-0.6881466176040476	0.4735457673198913	415295.9664053293	655.3585862067307	721.4996574672107	1.063442	18.899946	0.1223941348061173	0.0619000144177969	-0.0280039662	0.0937387752	-0.0817705884	-0.0924316848	0.017084188	0.0705304305	-0.0628800299	-0.0029996633	0.1384905612	0.0461579202	-0.0345058007	-0.0336111539	-0.1106319126	-0.1255212386	0.0910977716	0.0247699483	0.0625992415	-0.0747402184	0.0306093852	-0.0066227945	-0.0282592764	0.054207258	-0.0912013853	-0.0101415304	-0.035351667	-0.0585573428	0.0377039946	0.1284319194	-0.0110246681	-0.064462663	-0.0356395952	0.0765198597	0.0719889527	0.1425033552	-0.0482156494	0.0853976823	-0.0934001636	0.0721775221	-0.2114018134	0.0021380158	0.0385329199	0.0848340256	0.0807322751	0.0348521265	-0.1084961415	-0.0204293737	0.0184102027	0.1307106675	0.0710503444	0.0073065913	-0.0658902119	0.0470218345	0.0963873001	0.0428044967	0.0334898064	-0.0596514013	0.1166849766	0.0625637524	-0.0951155755	-0.0726692725	-0.0373721019	-0.0265855594	-0.0496218572	0.0658110378	-0.0540870634	0.0564835819	-0.0554920235	0.0288905718	0.0434727037	-0.0236173693	0.0496723393	-0.0140732726	-0.0092264443	0.0501793127	0.1114084616	-0.0831791399	-0.0406014905	-0.1028837109	0.0233583818	0.0818462101	0.0847210898	0.0187402921	0.0571548198	-0.077886392	-0.0177682234	-0.1606095036	-0.0429365531	-0.0097977021	-0.002977394	0.1050688254	-0.0138059308	-0.0007904065	-0.0536258172	0.0751979291	0.0637372558	0.0295991791	0.0200755531	-0.1140012473	0.1084937639	-0.0995108621	0.0	-0.3825098616132152	-0.018471758634547	0.0003412058670529	0.146313794231361	0.2756284113812484	0.0440265040466414	0.0019383330585689	0.0759710211605507	-0.2792624906148475	-0.0240050190396488	0.0779875386644077	0.0005762409390939	0.0057600920972714	0.0004850780802921	2.3530074397986917e-07	3.3178660969048435e-05	0.000919010937763	0.0001618913090911	8.445811037280287e-07	2.6208795959230075e-08	-0.0012141570184333	7.084767232239998e-05	1.4741772654108409e-06	5.0193926735021595e-09
706.0824700864832	-0.8960458679320027	0.802898197438016	498552.4545634295	661.522017672493	0.0146765902472907	0.0002154023012868	437611.3798654862	644.1369585370093	-0.2976513384452346	0.0885963192782396	414912.4213533088	655.2568720775926	713.7696801115446	1.045157	18.574987	0.1091197602945811	0.0709984045613742	-0.0058285438	0.0486668791	-0.0715946167	0.0755219596	0.1238603683	-0.0825367852	0.0387326386	-0.0450581651	-0.03163316	-0.1355359588	-0.0540507823	-0.0241834589	-0.1004526728	0.0170807677	-0.056199694	-0.0517367761	-0.0023782117	-0.041662004	0.0024282812	-0.1518864116	0.0463903342	0.089983663	-0.1382351551	0.0475433856	-0.0482523654	0.0769911295	0.0235643929	-0.0438873945	0.0042607234	0.0220183558	0.0242524813	-0.0454856102	-0.1805912563	-0.0639831781	0.1234326104	0.04503501	-0.0721480074	0.0822346334	-0.0082581681	-0.0152150624	0.0670405749	0.0152545782	-0.0229473491	-0.1802794733	0.1353024855	-0.0659288139	0.0116210108	-0.0435996849	0.0839436877	0.0412409276	0.1355040418	0.0085144581	0.0291555331	-0.0404341692	-0.0870547473	-0.0982806893	-0.1094280035	0.0174763472	-0.0335785889	-0.0325220891	-0.0356790066	-0.053911968	0.0001016834	0.0243185109	0.0417516469	-0.003897541	0.0509675505	-0.0657806065	-0.1380452196	0.0904018705	0.0021539606	-0.0954229271	0.018367119	0.0479714435	-0.0469239248	-0.0649033004	0.1481463516	-0.0898650298	0.1028503269	-0.0337218891	-0.0276926677	0.0056652983	0.0868071646	-0.0666222894	0.0245553804	0.0953068777	-0.0294935826	-0.036252158	0.0728705117	0.0056732017	-0.0978064059	0.0773502555	0.0278120864	0.0729789732	0.0258740718	-0.0665287622	0.0370593708	-0.1144113283	0.1101107184	-0.103062378	0.0	-0.3801439505103872	0.002365911102828	5.597535346484908e-06	0.1445094231096437	0.2092427269912633	-0.066385684389985	0.0044070590919267	0.0437825187987403	-0.2873319794325155	-0.008069488817668	0.0825596664046075	6.511664977846894e-05	0.0062951536417125	0.0005350615444411	2.862908563396959e-07	3.962895937276615e-05	0.000917843472151	-1.1674656119999623e-06	8.424366393702036e-07	1.3629759552024466e-12	-0.0013239015280622	-0.0001097445096289	1.7527152560054282e-06	1.2043857393687726e-08
705.5415528855744	-0.5409172009087797	0.2925914182389891	497788.8828481878	658.3229036225604	-3.199114049932632	10.234330704476369	433389.0454340389	644.2712134363909	0.1342548993816308	0.0180243780079718	415085.3964627996	654.311321091982	707.9552492770576	0.972434	17.282516	0.1084089884655403	0.0588844256990139	0.018678457	0.070315045	-0.0297518673	-0.092391908	-0.0863396821	-0.0610580069	-0.0712054803	0.0297982469	0.0591319929	-0.0974281128	0.0007706439	-0.0648351089	-0.0592348149	0.0938849763	-0.0760440718	0.0998314338	-0.0644633011	0.0057729005	0.1594517418	-0.0333921654	-0.0984092065	-0.1093523843	0.0107026369	-0.0078443914	0.0483852362	-0.0091315561	-0.1173281039	0.2549170972	0.0944449898	-0.010449101	-0.0175495153	0.0313731885	-0.0284616297	-0.1488696147	-0.1833414984	0.0282632241	-0.0290149063	-0.0385162159	0.1371029209	0.1119198754	0.0347052472	0.0292677054	0.0196494327	-0.034030389	0.0052464201	-0.094349854	0.0152508515	0.0540782361	-0.0711262317	0.0437270107	0.0012694808	0.1237480586	0.0061083911	-0.0139750236	0.031591942	-0.1095713368	-0.1827124142	0.1430888374	-0.0758944821	0.0718347667	-0.0108361695	0.0269352642	0.0049827089	-0.1688161468	0.0266173671	0.0782657094	0.0067328607	0.1423738811	0.1635367349	-0.1047130686	0.1653622692	-0.0323023779	-0.0641648752	0.0414040492	-0.0551382836	-0.1159975005	-0.0405580661	-0.1066067037	-0.0486977746	0.0157309043	0.0533633293	0.0438824716	0.013905201	-0.0238412543	-0.028931564	0.151360465	-0.0120561464	0.1218256414	-0.0343857963	-0.0385494374	0.0285662136	0.0127626315	0.0237610586	-0.0128959915	0.1115773195	-0.1519471262	0.0415048121	-0.1147705489	0.1115319001	-0.1062016776	0.0	-0.3804679289348769	-0.0003239784244897	1.049620195348436e-07	0.1447558449479945	0.2579020743882836	0.0486593473970203	0.0023677320891039	0.0665134799737797	-0.2676493968804152	0.0196825825521002	0.07163619965045	0.0003874040559202	0.0059018763383017	-0.0003932773034108	1.5466703737807042e-07	3.483214431260549e-05	0.0005211125870185	-0.0003967308851325	2.7155832834911374e-07	1.5739539521801698e-07	-0.0013190481147669	4.853413295300086e-06	1.739887929070113e-06	2.355562061499564e-11
706.1421727100627	0.6006198244882626	0.3607441735683113	498636.768079688	661.5638191814352	3.2409155588748035	10.50353365975678	437666.68684992666	645.3027306131379	1.031517176747002	1.0640276859241056	416415.614136772	655.8290499767429	707.6725698257986	0.98172	17.447559	0.0314592429089126	0.0211865561256396	0.0363528801	0.08710904	-0.016573571	-0.0482166498	0.1109328784	0.0423194911	-0.0483851856	-0.032704334	0.0731520742	-0.0774437745	0.0017281135	0.0506837148	-0.0534004472	0.0195879155	-0.0254392307	0.0782691176	0.0915132457	-0.057623951	-0.0371549191	-0.0857225134	-0.0447246968	-0.0293429272	-0.0611298693	-0.0455851596	0.1067452932	-0.0286246545	0.1004590907	0.1692155703	0.1425686806	0.0142465335	0.0354882315	0.1424475429	0.0549456142	-0.0566636721	-0.0838822434	0.0450141627	-0.012928627	0.0071041384	0.0451025035	-0.0103027279	-0.1369262385	0.0474152439	0.0843310292	-0.1032411596	-0.0557150912	-0.0815973034	-0.0315383068	0.1021951607	0.1485458013	0.0074106919	-0.0634104602	0.0188028222	0.0170039645	-0.0783483402	-0.0113339178	-0.0178937127	0.022634742	0.0376477164	-0.1039553307	0.0165403936	-0.026516276	-0.0216909957	-0.0857249832	-0.1221002079	0.1504556383	0.0706287263	-0.0329750859	0.0905484942	0.0848149379	0.0165084846	0.1526776103	-0.007859171	0.0351421278	0.0409005057	0.1065843258	-0.0946114169	0.0169904371	-0.1104447325	0.0610492751	0.0183972207	-0.0216169023	0.0444928417	-0.0209480488	0.037168437	-0.1092955379	-0.093539137	0.1280067927	0.1316585487	-0.0983663409	-0.0093462098	0.0790525655	-0.0132517983	0.0481334985	-0.0834690454	0.0539256359	-0.0639111611	0.0482125665	-0.1150787493	0.1127547821	-0.1089162049	0.0	-0.3805163675630894	-4.843862821246603e-05	2.3463007031055093e-09	0.1447927059834081	0.2781202090624788	0.0202181346741952	0.0004087729697038	0.0773508506889569	-0.2677949353333702	-0.0001455384529549	0.0717141273902039	2.118144128852076e-08	0.0057754179412041	-0.0001264583970976	1.5991726196494482e-08	3.33554523955822e-05	0.000556523729984	3.541114296549996e-05	3.097186620353041e-07	1.253949046123077e-09	-0.0013781211977748	-5.9073083007900014e-05	1.8992180357562493e-06	3.489629136058245e-09
706.1325038827584	-0.0096688273042673	9.348622143974534e-05	498623.1130397338	658.7902027988786	-2.773616382556611	7.69294783758642	434004.5313037876	645.413800522231	0.1110699090930893	0.0123365247059471	416558.9739045502	656.4784611792356	705.2282061018151	0.994199	17.669327	0.0992765073037844	0.0621697804685928	0.03785357	0.1075272747	-0.0426786154	0.0237068775	-0.0195891224	-0.149849981	-0.0549627385	0.1104758189	0.034005981	-0.0659246585	-0.0508040499	-0.0183272236	-0.0149956953	-0.0273622988	0.0818901392	0.0054418349	0.0114194927	-0.0246064609	-0.0061546302	-0.0985120441	-0.0528429291	-0.2182130886	-0.0059993508	-0.0345874455	0.0685907717	0.067008897	0.0532361508	-0.0475903756	-0.0577851403	0.0173348969	0.0022176948	-0.0625324155	0.0696243958	0.0425045558	-0.0227151943	-0.0058148875	0.1030712534	0.1036916222	0.0766123489	0.0478943857	-0.0372184544	0.0335622754	0.1021613594	0.0443753457	0.0953907073	-0.0544540804	0.1538177982	0.0211318911	0.0063124072	0.0305870106	0.0898674057	0.1399715727	-0.0877186031	-0.0146613136	-0.0308590242	0.059197153	0.0540833885	-0.0860576408	-0.1337480598	-0.0454070324	-0.0286748474	-0.0558256214	-0.0986440537	-0.1331091529	0.0663782078	0.007586493	-0.0620346333	0.0079412142	0.030829563	-0.0011898732	-0.0722432863	0.0657953941	0.0137146674	0.022965108	-0.0535596448	-0.1043874352	0.1088382405	-0.1230842536	-0.0479248247	-0.0418329643	0.0249165076	0.0880153757	-0.0080973533	0.0006542618	0.1137270846	0.0120456124	0.1412811289	-0.1103544749	-0.0416779558	-0.0482562409	0.005350268	0.0739988436	-0.0017682345	-0.0381578524	0.0375151949	-0.0791499449	-0.0390962222	-0.1153357926	0.1137771902	-0.1111951025	0.0	-0.3714919050231628	0.0090244625399265	8.144092413453771e-05	0.1380062354977386	0.2199570204678309	-0.0581631885946479	0.0033829565074965	0.0483810908530857	-0.2676814346398402	0.0001135006935299	0.071653350450843	1.2882407431790941e-08	0.0058252906058603	4.987266465620016e-05	2.487282679909796e-09	3.393401064272426e-05	0.0009619603729915	0.0004054366430075	9.253677592059458e-07	1.6437887149319102e-07	-0.0015623189996247	-0.0001841978018498	2.440840656588323e-06	3.3928830206335e-08
706.1772032770754	0.0446993943169218	0.0019980358522996	498686.2424282318	662.4815573604344	3.691354561555841	13.626098499119111	438881.81384270656	644.7428650155953	-0.6709355066357148	0.4501544540645232	415693.3619885181	656.160442567608	711.7359676361084	0.929313	16.516146	0.11134838601289	0.0768354262652195	0.0208647043	0.1234671809	-0.0546181155	-0.0448292871	-0.0470150489	-0.0625206697	-0.0128725911	-0.1161470841	0.1305390112	-0.0297943776	-0.0519684647	-0.097107468	-0.0546381489	0.0242374531	0.015136371	-0.0067515217	-0.0678847467	0.0738578801	0.0608478742	-0.057049177	-0.0757063148	0.0279980924	-0.1048397346	0.0178853821	0.0461753693	0.1655012865	0.0787232974	0.1727693506	-0.0110394124	0.1401776056	-0.1071502908	-0.0297772121	0.0708912689	0.0284519767	-0.0360066121	0.0349890246	-0.0701038715	-0.0689181451	-0.0939222245	0.0262729086	0.0057320904	0.0155935253	0.0297678983	0.0220259567	-0.0513632388	0.1669159372	-0.0733977882	0.0151426638	-0.0350454713	-0.0034485547	0.0733795184	0.0445944687	0.1403974324	-0.0683469616	0.0754914153	-0.0155606169	0.021623747	-0.0056660987	-0.1737038243	0.0572213683	0.0045776824	-0.0235461809	-0.0847676903	-0.1005077691	-0.0135764713	-0.0175533402	-0.0677539166	-0.0145197766	0.0001312013	-0.0061860495	-0.1170151811	0.038114224	0.0503357119	0.0427333526	-0.0720772427	-0.1536531903	-0.0930259607	-0.1481819158	0.065122999	0.0504290609	0.0241630121	0.0257375732	0.031904321	-0.0304028464	0.0485777794	0.0662013317	0.0591036803	-0.0531320624	-0.0553042083	-0.0567215571	-0.0386557991	-0.0210678998	0.0580416369	0.022115759	0.0222796235	0.0588749771	-0.0895892481	-0.1155415645	0.1145973067	-0.1130292557	0.0	-0.3807632101830478	-0.009271305159885	8.595709936771026e-05	0.1449806222288998	0.2959064055807516	0.0759493851129207	0.0057683090990307	0.0875606008637202	-0.2716242986942845	-0.0039428640544443	0.0737797596411618	1.5546176951829166e-05	0.0056501229809618	-0.0001751676248984	3.068369681258147e-08	3.192388969999266e-05	0.00081493961395	-0.0001470207590415	6.64126574384975e-07	2.1615103589138803e-08	-0.0014408107498519	0.0001215082497727	2.0759356168887946e-06	1.4764254762849121e-08
705.4210882292363	-0.7561150478391028	0.5717099655687287	497618.9117185199	659.8588183779558	-2.6227389824786087	6.878759770212928	435413.66019115207	643.821541022726	-0.9213239928692474	0.848837899836533	414506.17668487766	655.1333082034565	708.4734821839294	1.049749	18.656591	0.0780342138953949	0.0384316605024176	0.0237634794	0.1082015827	-0.0762355933	-0.0291188989	0.1429682658	-0.0012219647	-0.095474882	0.0726902675	0.061321544	-0.0300713171	0.0117534394	-0.1546125622	-0.1215475423	0.0392181547	0.124952989	-0.0345626342	0.1438788001	-0.1024988914	0.0855615528	-0.1017319213	0.0271099628	0.1098681362	0.0509839469	0.0946632048	-0.1567019749	0.1151679024	0.0519920399	0.1184463814	-0.0329100501	-0.0278001481	3.416e-07	-0.0025269018	-0.0728907141	0.0342448391	0.0171167518	0.0911228955	-0.0050852175	-0.0670706299	0.058062408	-0.1204263171	0.0169157068	-0.0818204816	-0.0742857283	0.0993184562	-0.0313031029	-0.0322252661	-0.0143320064	-0.0813426729	0.1753745453	0.0232802961	-0.0041903286	0.0909232382	0.0084513583	0.0201298658	0.0356998449	-0.1385653564	-0.0346380191	-0.0275615668	-0.0864695875	-0.0060264317	-0.0468755481	-0.1251508921	-0.116098171	0.0420025692	-0.1951635811	-0.0845559779	0.117188359	-0.0030253774	0.0637892863	-0.022104031	-0.0366574416	0.0066566204	-0.0486795473	0.0638325696	0.1323432527	-0.147552466	0.0394276296	-0.153056137	0.0496431918	-0.0637778875	-0.0015152472	0.0629067553	0.0723295231	-0.0466202468	0.0925747509	-0.086113653	-0.0149425678	0.1225519078	-0.1308587216	0.0437337351	-0.0650871507	0.0446165582	0.0548069185	-0.079144745	0.0034968849	-0.000675147	0.0172561434	-0.1156959735	0.1152136733	-0.1144113283	0.0	-0.3981533555628971	-0.0173901453798492	0.0003024171563322	0.1585260945459947	0.2935712806548451	-0.0023351249259064	5.452808419589764e-06	0.0861840968253258	-0.2853279146155287	-0.0137036159212441	0.0814120188588464	0.0001877890893169	0.005831045577147	0.0001809225961852	3.273298581039301e-08	3.4001092522765594e-05	0.0010388867113639	0.0002239470974139	1.0792855990484994e-06	5.015230244011084e-08	-0.0019280476096207	-0.0004872368597688	3.717367584964096e-06	2.373997575173613e-07
706.7879065985472	1.3668183693109768	1.8681924546859177	499549.1449139568	661.8003247813544	1.941506403398648	3.769447114437954	437979.66988070623	644.4235382502759	0.6019972275498731	0.3624006619777336	415281.6966510048	655.0651418748882	713.9166659685181	1.030101	18.307405	0.1769312478568543	0.0972606925523606	-0.0010826942	0.0988853654	-0.0836021975	-0.021143994	-0.0242585586	-0.0347253753	-0.0126069807	-0.0112819692	0.0063783707	-0.2118615855	-0.1133981019	-0.1814778991	-0.0088737814	-0.0258386428	0.0439901942	-0.0108696182	-0.030884124	-0.0153583735	0.0831204303	-0.1533918827	0.0423516451	-0.012276139	-0.1140942013	0.0663037305	-0.1091682877	0.0245398698	0.0431900419	0.1982549876	0.0120444036	-0.0777114924	0.0398899802	-0.0098904738	0.0925696827	-0.0490090932	0.1117622232	0.0473771769	0.0125585018	0.0856903062	-0.017581539	0.1135883312	0.0035787878	-0.042084892	-0.1161514419	0.0614194388	0.0616297973	-0.0514495754	-0.0316845469	0.0234246934	0.0058732441	0.016140999	0.0677645847	0.0980554993	0.1081757134	0.0195432482	-0.1194619125	-0.1475372095	-0.0929165613	-0.0215445859	-0.0982387695	-0.0524436099	-0.0806121716	-0.057091285	0.0128290664	-0.1680124655	-0.0235787645	0.0160770202	-0.0131856717	0.0622130147	0.0323220492	0.1003120872	-0.0790691906	0.0377649888	-0.0275517286	0.0667687499	-0.0850313519	-0.1491315846	0.0909336132	-0.1097913728	0.0637661358	0.0678606663	0.0904576628	0.0354381243	0.0714740412	-0.0692731616	0.1273060013	0.1464477982	0.0765506555	-0.0674621811	-0.0689617842	-0.0363338981	-0.0256403918	0.1081035022	0.0220220849	-0.0442052403	-0.1034483662	0.0721083507	0.0708089108	-0.115798951	0.1156251942	-0.1153357926	0.0	-0.3806843334154592	0.0174690221474378	0.0003051667347876	0.1449205617079725	0.2087921346942778	-0.0847791459605673	0.0071875035898031	0.0435941555101934	-0.3157214022295278	-0.0303934876139991	0.0996800038257793	0.0009237640893423	0.0059781136686337	0.0001470680914866	2.162902353354021e-08	3.573784303510507e-05	0.0008102713240536	-0.0002286153873102	6.565396185835741e-07	5.226499531503847e-08	-0.0014179392457207	0.0005101083639	2.010551704554988e-06	2.602105429207348e-07
707.7729941509729	0.9850875524256252	0.9703974859439092	500942.6112494331	662.4848412376489	0.6845164562944319	0.4685627789378869	438886.16486967285	645.1949982788424	0.7714600285664801	0.5951505756757943	416276.5858040354	656.7608748447146	720.7840723250803	0.913753	16.239611	0.1977904008871206	0.1146300589740154	-0.0404837997	0.0692377136	-0.1049949395	0.0025276529	0.060979683	-0.0798517496	0.032391904	-0.0698384919	0.0681697812	-0.0889659177	0.0825292704	-0.1121889898	-0.1617438988	-0.0490733931	0.0164419008	-0.0076026143	0.0470047692	-0.00136132	0.0081231904	-0.1581677559	-0.0356429974	0.0324983821	-0.1311560411	0.020670487	-0.1182035494	-0.020451983	0.1162746463	0.0565517718	-0.077365473	-0.0290451242	0.0505647396	-0.1285259265	0.1517283933	-0.0429937268	0.1931444021	-0.0603388302	0.1064792146	0.0777084649	-0.1032772807	0.0561163256	-0.0376510263	-0.0448409901	-0.0841312783	0.0632266414	0.1147252073	-0.0808792096	-0.0498202474	-0.1587263429	0.0715468062	-0.0021276995	0.1243522077	0.0569052438	0.0927664301	-0.0694600393	0.035475567	-0.1268248237	0.0030697667	0.0197561017	-0.0410721472	-0.0783155924	-0.0926083149	-0.1773970713	-0.1155781664	-0.0195902375	-0.0122260848	-0.051573393	0.0499358112	0.0197563007	-0.0811614078	0.1108998844	-0.1939057842	0.1593235505	0.1319521914	0.0839988463	-0.0549222255	-0.1220366018	-0.0766835909	-0.1553323566	0.1405709918	-0.0928889543	0.024462546	0.0255439244	0.0535408949	-0.093775303	0.0295138254	0.0183226024	0.0150305767	-0.0274211419	-0.098348651	-0.0225135211	0.0224062886	-0.0894552763	0.126719819	-0.1778053663	-0.1475514768	0.0652237351	-0.1189805157	-0.1158504512	0.1158311377	-0.115798951	0.0	-0.4063378547440237	-0.0256535213285644	0.0006581031565551	0.1651104521979753	0.3147270105644963	0.1059348758702185	0.0112221979256386	0.0990530911788645	-0.3065905316464352	0.0091308705830926	0.0939977540952437	8.337279760518658e-05	0.0053321471197036	-0.00064596654893	4.172727823366629e-07	2.84317929061634e-05	0.0006892292044162	-0.0001210421196374	4.75036896220188e-07	1.4651194726314668e-08	-0.0017923532392581	-0.0003744139935374	3.212530134279004e-06	1.401858385566242e-07
