#!ascii label  , from subject sub-v1s2x0051457_ses-1 vox2ras=TkReg
9863
2265  3.114  -96.808  15.933 0.4000000060
1762  3.162  -97.355  15.124 0.5000000000
1297  2.616  -98.169  14.871 0.5000000000
182212  1.524  -98.498  15.217 0.8000000119
1318  1.648  -97.762  14.014 0.6999999881
1300  -0.188  -97.386  15.296 0.8000000119
1301  -1.065  -96.860  15.476 0.8000000119
1321  -0.734  -97.071  14.534 0.8000000119
1322  -1.739  -96.613  14.576 0.8000000119
439  -8.556  -101.190  12.364 0.8000000119
442  -8.254  -100.605  11.886 0.8000000119
443  -9.005  -101.055  11.462 0.8000000119
158384  -8.425  -100.110  11.131 0.8000000119
694  -9.111  -100.415  10.872 0.6999999881
448  -9.730  -100.915  10.934 0.6999999881
184945  -8.840  -99.835  10.648 0.5000000000
695  -9.874  -100.247  10.534 0.5000000000
2256  3.150  -97.142  16.797 0.3000000119
1275  2.908  -98.373  16.100 0.6000000238
926  0.943  -98.317  15.485 0.8000000119
927  0.301  -97.848  15.857 0.8000000119
1299  0.525  -97.842  15.034 0.8000000119
928  -0.545  -97.517  16.136 0.8000000119
187913  -2.356  -97.044  15.908 0.8000000119
188799  -4.782  -96.737  14.577 0.8000000119
175741  -2.101  -96.717  15.446 0.8000000119
1302  -3.047  -96.820  15.495 0.8000000119
1305  -6.008  -96.569  13.511 0.6999999881
1303  -3.725  -96.582  14.598 0.8000000119
164850  -5.411  -96.518  13.760 0.8000000119
673  -6.770  -98.816  13.032 0.8000000119
57  -9.669  -101.708  14.578 0.8999999762
422  -9.875  -101.168  15.102 0.8999999762
230  -9.509  -101.843  13.447 0.8000000119
235  -8.800  -101.754  12.964 0.8000000119
74  -10.142  -101.900  13.807 0.8000000119
444  -9.930  -101.113  11.664 0.8000000119
175132  -9.662  -101.636  12.874 0.8000000119
702  -10.589  -99.681  10.435 0.6999999881
969  -9.672  -99.124  9.885 0.5000000000
970  -10.397  -99.307  9.807 0.6000000238
972  -10.242  -99.026  9.232 0.4000000060
1359  -9.786  -98.485  9.601 0.4000000060
1706  2.140  -97.982  20.165 0.3000000119
1721  2.267  -97.540  19.244 0.2000000030
1722  1.736  -97.310  19.875 0.2000000030
2224  1.877  -96.787  19.162 0.3000000119
1736  2.658  -97.573  18.437 0.4000000060
1746  2.968  -97.787  17.856 0.6000000238
165455  3.081  -98.238  16.745 0.5000000000
165130  2.331  -98.724  16.181 0.8000000119
166135  2.875  -97.096  17.676 0.3000000119
911  1.303  -98.717  15.914 0.8000000119
2238  1.817  -96.252  18.485 0.3000000119
2258  2.348  -96.308  17.799 0.3000000119
1288  -3.619  -97.433  15.969 0.8000000119
1289  -4.491  -97.212  15.387 0.8999999762
1764  -5.242  -96.776  14.602 0.8000000119
932  -6.999  -97.104  12.537 0.8000000119
916  -7.050  -98.340  12.910 0.6999999881
421  -9.090  -101.206  15.104 0.8999999762
224  -8.060  -101.632  14.599 0.8000000119
234  -7.998  -101.811  13.403 0.8000000119
80  -10.971  -101.998  13.678 0.8000000119
250  -10.865  -100.839  12.183 0.6999999881
241  -10.848  -101.429  12.752 0.8000000119
687  -7.450  -100.215  12.366 0.8000000119
164799  -12.268  -100.200  11.684 0.8000000119
242  -11.564  -101.412  12.641 0.8000000119
450  -11.387  -100.081  11.662 0.8000000119
703  -11.444  -99.033  10.453 0.8000000119
455  -11.129  -99.583  11.085 0.6999999881
974  -11.510  -99.185  8.766 0.6999999881
706  -11.881  -98.629  9.608 0.6999999881
1362  -10.119  -98.270  8.835 0.4000000060
979  -11.306  -99.080  8.362 0.4000000060
980  -12.047  -99.238  7.774 0.5000000000
1373  -12.652  -98.396  6.802 0.5000000000
1839  -10.686  -97.264  7.797 0.4000000060
1840  -10.975  -97.871  7.230 0.4000000060
1372  -12.163  -98.870  7.002 0.5000000000
1845  -12.562  -97.742  6.741 0.5000000000
1232  2.055  -98.404  20.947 0.4000000060
863  2.212  -98.789  20.276 0.4000000060
1245  2.366  -98.302  19.509 0.6000000238
1264  2.818  -98.359  17.488 0.8000000119
640  1.519  -99.423  17.083 0.8000000119
654  0.883  -99.178  16.575 0.8000000119
1693  1.070  -97.848  21.541 0.3000000119
1707  1.538  -97.735  20.761 0.3000000119
162203  2.724  -98.205  18.296 0.6000000238
655  0.130  -99.232  16.733 0.8000000119
656  -0.761  -99.402  16.871 0.8000000119
1708  0.517  -97.487  20.873 0.1000000015
158793  2.614  -98.655  16.779 0.8000000119
1723  0.927  -97.099  20.229 0.2000000030
913  -0.165  -98.519  16.504 0.8000000119
915  -2.145  -98.367  16.679 0.8000000119
914  -1.129  -98.425  16.649 0.8000000119
1276  -3.201  -98.415  16.653 0.8000000119
1278  -5.222  -97.990  15.972 0.8999999762
1279  -6.583  -96.524  14.530 0.8999999762
1277  -4.299  -98.061  16.262 0.8999999762
165815  -2.664  -97.498  16.281 0.8000000119
1291  -5.698  -96.846  14.668 0.8999999762
174013  -6.208  -96.514  14.158 0.8999999762
933  -7.362  -96.920  12.621 0.8000000119
917  -7.445  -98.113  12.909 0.8000000119
160322  -8.060  -99.265  13.923 0.8999999762
659  -6.876  -99.599  13.558 0.8000000119
430  -6.589  -99.827  13.454 0.8000000119
681  -6.728  -100.050  12.880 0.8000000119
434  -7.410  -101.160  13.341 0.8000000119
170993  -12.265  -102.163  13.753 1.0000000000
243  -12.396  -101.477  12.484 0.8000000119
87  -12.137  -101.921  13.007 0.8000000119
252  -13.051  -100.589  11.691 0.8000000119
457  -12.695  -98.698  10.655 0.8000000119
456  -11.960  -99.250  11.106 0.8000000119
163908  -15.710  -98.988  5.864 0.6999999881
174478  -15.262  -98.519  5.772 0.6000000238
1380  -15.616  -97.596  5.095 0.5000000000
462  -12.308  -98.412  10.202 0.8000000119
713  -13.283  -97.622  8.381 0.8000000119
985  -13.798  -98.883  6.523 0.8000000119
986  -14.609  -99.159  6.630 0.6999999881
1374  -13.459  -98.506  6.678 0.6000000238
990  -13.815  -98.354  6.068 0.6999999881
991  -14.395  -99.000  6.055 0.6999999881
186423  -14.928  -97.268  5.207 0.6000000238
170796  -15.480  -96.664  5.068 0.5000000000
1850  -13.353  -97.327  5.836 0.5000000000
1851  -14.249  -97.255  5.708 0.5000000000
1856  -14.636  -96.733  5.020 0.5000000000
1848  -11.978  -96.805  6.113 0.3000000119
2362  -12.535  -96.139  5.453 0.4000000060
625  1.968  -99.483  17.670 0.8000000119
882  2.117  -99.461  18.697 0.8999999762
1217  1.866  -98.772  21.688 0.4000000060
874  1.879  -99.607  19.674 0.8000000119
177318  0.402  -99.576  16.969 0.8000000119
1679  0.730  -98.062  22.255 0.3000000119
1204  0.525  -98.369  22.951 0.2000000030
657  -1.714  -99.314  16.890 0.6999999881
901  -2.576  -99.296  16.906 0.8000000119
1694  0.075  -97.752  21.587 0.2000000030
1680  -0.270  -97.912  22.500 0.2000000030
1772  -7.917  -96.259  12.807 0.6999999881
1307  -7.833  -96.907  12.739 0.6999999881
1309  -9.193  -96.983  13.233 0.6999999881
918  -8.497  -99.024  13.892 0.8000000119
188470  -9.201  -98.479  13.840 0.8000000119
1310  -9.941  -98.118  13.842 0.8000000119
661  -8.472  -100.177  14.683 0.8999999762
919  -9.211  -99.941  14.629 0.8000000119
419  -7.067  -100.532  14.321 0.8000000119
431  -6.599  -100.582  14.077 0.8000000119
223  -7.034  -101.254  14.491 0.8000000119
183601  -8.498  -100.854  15.059 0.8000000119
89  -13.770  -101.911  12.936 0.6999999881
244  -13.107  -101.415  12.183 0.6999999881
88  -13.012  -101.923  12.845 0.8000000119
257  -13.558  -99.888  11.258 0.6999999881
458  -13.324  -98.749  10.634 0.6999999881
463  -13.095  -97.824  9.939 0.6999999881
707  -12.859  -97.818  9.323 0.6999999881
714  -14.051  -97.084  7.908 0.6999999881
987  -15.288  -99.325  6.503 0.6999999881
1381  -16.486  -97.458  5.302 0.6000000238
720  -14.333  -99.650  7.239 0.6999999881
1857  -16.282  -96.702  5.246 0.5000000000
2372  -15.732  -96.060  4.114 0.5000000000
2379  -15.469  -95.944  3.009 0.5000000000
2924  -15.011  -95.178  2.225 0.4000000060
2936  -14.920  -94.954  0.396 0.4000000060
167327  1.486  -99.861  18.254 0.8999999762
594  1.296  -99.926  21.595 0.8999999762
852  1.892  -99.274  21.508 0.8000000119
864  1.705  -99.631  20.696 0.8000000119
166938  -0.850  -99.913  17.177 0.8000000119
842  1.701  -99.274  22.135 0.6999999881
833  1.398  -98.979  23.199 0.5000000000
1185  0.083  -98.542  24.538 0.2000000030
902  -3.907  -99.096  16.867 0.8999999762
904  -5.522  -98.883  16.758 0.8999999762
84  -14.363  -101.789  12.912 0.5000000000
172790  -13.851  -101.881  13.253 0.6000000238
157118  -12.804  -102.098  13.565 0.8999999762
93  -13.810  -101.107  11.788 0.6999999881
253  -14.189  -100.154  11.233 0.6999999881
259  -13.984  -99.382  10.758 0.6000000238
459  -13.822  -98.959  10.568 0.6999999881
464  -13.774  -97.778  9.720 0.6999999881
465  -13.912  -98.294  9.915 0.6999999881
716  -14.723  -98.750  7.710 0.6999999881
721  -15.012  -99.963  6.987 0.6999999881
474  -15.308  -100.081  7.203 0.6999999881
992  -16.528  -99.086  5.765 0.6999999881
470  -13.821  -97.097  8.589 0.6999999881
476  -16.888  -100.192  7.300 0.6999999881
728  -17.457  -99.956  6.113 0.6999999881
994  -18.245  -99.255  6.003 0.6000000238
165511  -17.120  -98.119  5.425 0.6000000238
164808  -16.962  -95.843  3.497 0.6000000238
1864  -16.769  -96.121  5.053 0.5000000000
184441  -16.225  -95.933  3.553 0.6000000238
2925  -15.951  -95.176  2.388 0.5000000000
2937  -15.866  -95.117  0.647 0.5000000000
2951  -15.054  -94.121  -0.522 0.5000000000
4124  -15.416  -92.293  -1.055 0.6000000238
182763  -15.062  -92.415  -1.046 0.5000000000
604  1.045  -100.277  20.770 0.8000000119
158602  0.841  -100.007  22.968 0.8000000119
181324  1.510  -99.225  22.731 0.5000000000
834  1.130  -99.056  23.909 0.5000000000
568  0.750  -99.791  23.710 0.6000000238
1194  0.966  -98.786  23.723 0.5000000000
175572  -0.165  -98.549  25.491 0.1000000015
1137  -0.950  -98.152  29.911 0.5000000000
1146  -1.232  -97.792  28.836 0.2000000030
1624  -1.455  -97.314  28.312 0.1000000015
71  -14.541  -101.731  13.762 0.6999999881
245  -14.640  -101.177  11.696 0.6999999881
69  -13.298  -102.029  13.966 0.8000000119
254  -15.132  -100.821  11.391 0.5000000000
258  -14.632  -100.032  11.082 0.6000000238
460  -14.186  -98.941  10.289 0.6000000238
467  -15.080  -97.924  8.267 0.6000000238
157351  -13.946  -98.658  9.107 0.6999999881
473  -16.123  -99.667  7.480 0.6999999881
995  -18.882  -98.574  6.465 0.6999999881
184610  -17.420  -99.435  7.586 0.6999999881
729  -17.926  -99.791  6.547 0.6999999881
996  -18.045  -98.357  5.754 0.6000000238
167944  -3.263  -86.483  7.418 0.6999999881
2374  -17.681  -95.881  3.900 0.6000000238
10868  -2.989  -85.168  6.637 0.6999999881
2385  -16.535  -95.186  2.025 0.6999999881
11852  -3.026  -84.283  4.737 0.6999999881
10890  -2.968  -85.496  4.500 0.6999999881
2952  -15.357  -94.413  -0.753 0.5000000000
9976  -3.369  -85.916  3.935 0.4000000060
183544  -4.877  -86.481  3.420 0.4000000060
187729  -14.811  -92.139  0.026 0.5000000000
4136  -15.543  -92.247  -1.559 0.3000000119
3538  -15.399  -92.958  -1.115 0.5000000000
9996  -5.427  -86.453  1.958 0.3000000119
5559  -14.101  -91.303  -1.211 0.5000000000
4800  -15.149  -91.775  -0.696 0.5000000000
581  0.136  -100.503  23.150 0.8000000119
167795  -1.015  -100.389  27.045 0.8000000119
551  0.564  -99.476  24.628 0.6000000238
820  0.488  -99.091  25.202 0.3000000119
828  0.826  -98.983  24.591 0.4000000060
302  -2.879  -101.247  27.632 0.8999999762
531  -1.825  -100.573  27.655 0.8999999762
540  -0.326  -99.994  26.456 0.6000000238
1176  0.115  -98.842  26.006 0.2000000030
160324  -3.242  -100.954  29.052 0.8000000119
529  -0.456  -99.767  27.134 0.5000000000
800  -0.680  -99.177  27.716 0.3000000119
1165  -0.710  -98.708  27.080 0.1000000015
1186  -1.007  -98.042  25.186 0.1000000015
791  -2.305  -100.365  29.280 0.8000000119
510  -3.518  -100.651  29.978 0.8000000119
519  -1.553  -100.199  28.416 0.8000000119
780  -2.441  -100.099  30.329 0.6999999881
779  -1.711  -99.604  29.724 0.6000000238
1138  -1.363  -98.810  30.199 0.4000000060
778  -1.220  -98.992  29.238 0.4000000060
789  -1.031  -98.700  28.640 0.2000000030
1153  -1.446  -98.121  28.119 0.1000000015
1128  -0.786  -98.111  30.824 0.5000000000
86  -15.916  -101.510  12.588 0.6000000238
175606  -14.445  -101.753  13.069 0.6999999881
246  -15.276  -101.400  11.846 0.6000000238
451  -14.969  -99.798  10.832 0.5000000000
185400  -14.661  -99.042  10.247 0.6000000238
971  -14.269  -98.026  9.389 0.6999999881
461  -14.047  -98.665  9.271 0.5000000000
975  -14.967  -97.869  9.134 0.6999999881
709  -15.422  -98.543  8.038 0.5000000000
976  -15.549  -98.191  7.687 0.6000000238
977  -17.204  -98.718  7.676 0.6999999881
978  -18.510  -98.762  7.703 0.6999999881
983  -18.955  -98.659  7.436 0.6999999881
10869  -3.510  -84.735  7.107 0.8000000119
11853  -3.532  -83.918  5.533 0.6999999881
12782  -3.603  -83.931  4.645 0.6999999881
12798  -3.464  -84.413  3.974 0.6000000238
10902  -3.322  -85.447  3.647 0.5000000000
10928  -4.464  -86.086  2.008 0.5000000000
10929  -4.896  -86.139  1.342 0.5000000000
10006  -6.186  -86.653  1.560 0.4000000060
4772  -14.814  -92.570  1.265 0.6000000238
10942  -5.357  -86.232  0.752 0.5000000000
580  0.584  -100.384  22.205 0.8999999762
333  -0.655  -100.800  23.676 0.8999999762
354  -0.940  -101.021  22.913 1.0000000000
569  0.134  -100.304  24.165 0.8000000119
325  -1.714  -101.305  25.389 0.8999999762
560  -0.951  -100.842  24.555 0.6999999881
541  -1.364  -100.749  26.229 1.0000000000
312  -2.481  -101.561  26.109 1.0000000000
1177  -1.039  -98.179  26.337 0.1000000015
790  -1.037  -99.491  28.409 0.5000000000
1166  -1.690  -97.797  27.399 0.1000000015
757  -3.157  -99.268  32.700 0.8999999762
770  -3.250  -100.221  31.141 0.6999999881
769  -2.247  -99.587  31.141 0.6000000238
761  -2.614  -99.484  32.014 0.8000000119
1116  -1.757  -98.427  33.194 0.8000000119
180445  -1.669  -98.796  32.321 0.6000000238
255  -15.745  -101.011  11.365 0.6999999881
161981  -15.712  -99.842  10.740 0.6999999881
961  -15.352  -98.765  10.300 0.6999999881
161656  -14.675  -97.545  8.985 0.6000000238
10856  -3.996  -85.259  7.855 0.8000000119
1360  -14.108  -97.714  9.114 0.6000000238
1364  -15.060  -98.031  7.773 0.6000000238
11829  -3.931  -83.988  6.582 0.8999999762
172867  -4.476  -83.791  5.897 0.8999999762
12783  -4.434  -83.766  5.019 0.8000000119
12800  -5.347  -83.819  4.503 0.8999999762
12815  -5.410  -84.168  3.940 0.8999999762
12832  -5.002  -84.528  3.089 0.6999999881
11911  -4.321  -85.666  2.166 0.5000000000
156652  -13.804  -90.337  3.854 0.6000000238
183199  -5.713  -85.301  0.654 0.5000000000
11928  -5.346  -85.868  0.618 0.6000000238
156629  -12.886  -88.137  2.999 0.8000000119
9118  -12.169  -86.892  0.645 0.6999999881
353  -0.377  -100.754  22.248 0.8999999762
605  0.550  -100.485  21.264 0.8000000119
334  -2.163  -101.776  24.521 1.0000000000
160915  -3.447  -101.892  25.980 1.0000000000
326  -2.798  -101.985  25.266 1.0000000000
303  -3.811  -101.459  27.574 1.0000000000
511  -4.029  -101.250  29.143 0.8999999762
286  -4.253  -101.330  28.364 0.8999999762
314  -4.003  -101.633  26.707 1.0000000000
315  -4.387  -101.298  26.512 1.0000000000
521  -4.695  -101.062  28.267 0.8999999762
532  -4.689  -100.838  27.274 1.0000000000
187762  -4.282  -100.946  29.643 0.8000000119
792  -4.754  -100.424  29.025 0.8999999762
161523  -4.728  -100.584  28.107 1.0000000000
802  -4.783  -98.930  27.188 0.8999999762
763  -4.303  -99.797  31.782 0.8000000119
771  -4.122  -100.308  31.260 0.8000000119
781  -4.712  -100.240  30.087 1.0000000000
801  -4.548  -99.976  27.509 1.0000000000
1139  -4.922  -99.506  29.644 1.0000000000
183767  -4.909  -99.162  28.845 1.0000000000
1107  -1.889  -98.044  33.662 0.8999999762
1118  -3.616  -98.783  32.896 0.8999999762
172144  -4.681  -99.265  31.362 1.0000000000
161698  -16.517  -101.309  12.039 0.6999999881
452  -16.259  -100.642  11.064 0.6999999881
172536  -15.003  -97.821  10.274 0.5000000000
165269  -14.872  -97.989  10.079 0.6000000238
1821  -14.162  -96.941  9.317 0.5000000000
1829  -14.199  -96.531  8.234 0.5000000000
11812  -4.463  -84.445  7.402 0.8999999762
13715  -6.314  -83.139  3.786 0.8999999762
11897  -5.105  -84.826  2.102 0.6999999881
11913  -5.237  -85.247  1.201 0.6000000238
10007  -6.223  -86.734  0.649 0.4000000060
156191  -13.574  -89.293  3.834 0.6999999881
155467  -14.514  -89.894  4.267 0.8999999762
10943  -5.740  -86.261  0.157 0.6000000238
10012  -7.173  -87.183  0.706 0.3000000119
155473  -13.003  -87.276  2.692 0.8999999762
156509  -13.679  -88.429  3.741 0.8999999762
156403  -12.350  -86.973  1.993 0.6999999881
160509  -12.631  -85.615  0.945 0.8000000119
183488  -14.407  -86.246  0.945 0.8999999762
9124  -12.877  -87.069  -1.138 0.6999999881
157209  -12.514  -85.933  -0.090 0.6999999881
184322  -12.997  -85.287  0.091 0.8999999762
366  -1.313  -101.029  22.115 0.8999999762
344  -1.685  -101.395  23.614 1.0000000000
157  -1.871  -101.368  22.701 1.0000000000
146  -2.517  -101.997  23.816 1.0000000000
133  -3.118  -102.213  24.293 1.0000000000
122  -3.611  -102.039  25.092 0.8999999762
335  -4.293  -101.393  23.655 0.8000000119
583  -5.589  -99.720  21.496 0.8000000119
172695  -4.043  -101.696  25.788 0.8999999762
327  -4.144  -101.667  24.786 0.8000000119
829  -4.657  -99.567  23.644 0.8000000119
570  -4.493  -100.059  22.761 0.8000000119
2069  -3.346  -96.417  32.345 0.8999999762
2070  -4.190  -96.667  31.894 0.8999999762
543  -4.461  -100.520  26.089 0.8999999762
821  -4.416  -99.987  24.857 0.8999999762
169776  -5.446  -98.373  24.938 0.8000000119
2054  -2.869  -97.105  33.178 1.0000000000
810  -4.653  -99.234  25.474 0.8999999762
811  -5.135  -98.566  26.064 0.8000000119
1566  -4.007  -98.126  32.520 0.8999999762
1565  -3.246  -97.959  33.214 0.8999999762
1131  -5.031  -98.441  30.777 1.0000000000
161880  -5.174  -98.508  27.954 0.8999999762
2052  -1.039  -96.940  33.455 0.8999999762
1119  -4.282  -99.031  32.235 1.0000000000
697  -16.283  -99.675  10.708 0.6999999881
962  -16.822  -99.478  10.747 0.6000000238
2331  -14.684  -96.376  10.264 0.5000000000
10841  -4.621  -85.947  8.495 0.8999999762
181482  -6.069  -84.044  6.561 0.8999999762
11868  -5.650  -83.901  5.513 0.8999999762
12801  -6.069  -83.567  4.325 0.8999999762
9906  -5.007  -87.308  9.458 0.8999999762
168225  -6.103  -83.699  4.172 0.8999999762
9016  -4.479  -87.900  10.517 0.8000000119
14730  -6.248  -82.182  4.009 0.8999999762
183642  -2.058  -88.630  10.689 0.8000000119
8091  -3.036  -88.114  10.962 0.8000000119
12833  -5.942  -84.149  2.719 0.6999999881
181258  -6.041  -83.998  3.415 0.8000000119
11929  -6.344  -84.947  0.436 0.6999999881
11942  -6.400  -85.406  -0.329 0.6000000238
10955  -6.272  -86.735  -0.110 0.3000000119
156832  -13.122  -85.637  1.268 0.8999999762
156468  -13.275  -86.534  1.973 0.8999999762
10930  -14.000  -86.840  1.852 0.8999999762
10946  -13.797  -85.723  1.051 0.8999999762
2617  -3.816  -95.836  31.518 0.8999999762
165189  -4.674  -96.190  31.163 0.8999999762
2616  -2.870  -95.588  31.908 1.0000000000
830  -5.303  -98.930  23.398 0.8000000119
835  -4.943  -99.355  22.802 0.8000000119
2068  -2.368  -96.223  32.776 1.0000000000
2087  -4.832  -97.072  31.467 0.8999999762
1167  -6.037  -97.924  25.475 0.8000000119
2596  -1.198  -96.090  33.072 1.0000000000
2053  -1.895  -96.960  33.416 1.0000000000
1582  -4.640  -98.143  31.645 0.8999999762
1595  -5.145  -97.567  31.012 1.0000000000
185407  -0.314  -95.788  32.904 0.8999999762
1155  -5.870  -97.917  26.744 0.8000000119
186756  -5.061  -98.819  29.300 1.0000000000
1615  -5.465  -98.176  28.840 0.8999999762
1130  -4.904  -99.471  30.502 1.0000000000
170191  -14.878  -97.184  10.437 0.5000000000
2320  -15.607  -96.110  11.492 0.5000000000
2319  -14.968  -95.688  10.630 0.5000000000
185919  -6.460  -84.148  5.782 1.0000000000
187796  -15.790  -94.862  11.708 0.4000000060
11813  -5.540  -84.309  7.542 0.8999999762
14731  -6.165  -81.648  4.462 0.8999999762
2867  -15.194  -95.201  10.318 0.4000000060
7241  -0.006  -88.655  9.161 0.6000000238
10842  -5.771  -85.942  8.961 1.0000000000
13716  -6.485  -82.488  3.559 0.8000000119
11914  -6.146  -84.639  1.167 0.6999999881
10964  -6.569  -86.400  -1.186 0.5000000000
10016  -6.990  -86.908  -1.172 0.4000000060
10976  -7.619  -86.422  -2.051 0.4000000060
11933  -14.240  -84.876  0.310 0.8999999762
155465  -13.415  -85.326  -1.154 0.8000000119
11947  -14.041  -84.683  0.144 0.8999999762
2635  -4.258  -95.419  30.726 0.8999999762
2636  -5.103  -95.758  30.418 0.8999999762
1187  -5.784  -98.421  24.052 0.8000000119
1197  -6.008  -98.757  23.437 0.8000000119
571  -6.417  -99.696  22.480 0.8000000119
2615  -1.848  -95.448  32.235 1.0000000000
2088  -5.341  -96.697  30.671 0.8999999762
1188  -6.541  -98.383  24.160 0.8000000119
563  -6.987  -99.367  24.257 0.8000000119
556  -6.991  -100.199  25.304 0.6999999881
1596  -5.402  -97.581  30.297 0.8999999762
1189  -7.221  -97.881  24.704 0.8000000119
1181  -7.685  -98.072  24.759 0.8000000119
812  -7.667  -99.608  25.987 0.6999999881
2614  -0.786  -95.319  32.374 0.8999999762
1140  -5.172  -98.491  29.829 0.8999999762
1180  -6.790  -97.684  25.103 0.8000000119
1156  -6.622  -97.606  25.778 0.8000000119
1626  -5.931  -97.812  27.895 0.8999999762
1627  -6.644  -97.275  27.343 0.8000000119
1811  -15.639  -97.020  11.266 0.5000000000
2311  -16.491  -96.006  12.223 0.4000000060
7223  2.375  -89.532  9.911 0.6999999881
8126  -0.237  -87.939  8.850 0.8000000119
14715  -6.095  -81.818  4.850 1.0000000000
7239  1.390  -89.061  9.411 0.8000000119
11814  -6.627  -84.460  7.388 1.0000000000
9029  -0.921  -87.908  9.434 0.8000000119
14739  -6.437  -81.780  3.989 1.0000000000
3451  -16.372  -94.753  12.281 0.4000000060
3461  -15.527  -94.650  10.958 0.4000000060
9000  -3.363  -87.481  11.155 0.8999999762
13754  -7.026  -83.229  2.172 0.6999999881
13736  -6.729  -82.857  2.847 0.8000000119
12859  -6.882  -84.270  0.996 0.6999999881
12846  -7.338  -83.636  1.551 0.6999999881
11930  -7.176  -84.719  0.176 0.6999999881
11968  -13.882  -84.242  -2.926 0.8000000119
11943  -7.363  -85.444  -1.123 0.6999999881
10965  -7.093  -86.060  -1.516 0.6000000238
158722  -13.459  -84.908  -3.705 0.6999999881
11956  -8.280  -85.261  -1.107 0.6999999881
10966  -7.857  -85.734  -1.699 0.5000000000
10984  -8.191  -86.475  -2.456 0.4000000060
10030  -8.482  -86.814  -2.653 0.2000000030
10031  -9.327  -86.725  -2.822 0.5000000000
9140  -8.970  -87.296  -2.725 0.2000000030
9141  -9.649  -87.562  -2.950 0.3000000119
10033  -10.763  -86.011  -3.507 0.5000000000
11977  -12.713  -84.829  -4.006 0.6999999881
156393  -13.603  -85.299  -2.705 0.6999999881
156429  -14.131  -84.605  -1.891 0.8000000119
155475  -13.728  -84.775  -0.406 0.8999999762
12893  -15.083  -83.439  -1.608 0.8999999762
12878  -15.201  -83.833  -0.778 0.8000000119
185543  -15.388  -84.044  -0.696 0.6999999881
10989  -13.085  -85.464  -4.105 0.6000000238
155464  -13.335  -85.609  -3.616 0.6999999881
2634  -3.182  -95.059  30.917 0.8999999762
3228  -2.067  -94.696  30.733 1.0000000000
2102  -5.709  -96.133  29.901 0.8999999762
3207  -1.381  -94.875  31.575 0.8999999762
180324  -5.777  -96.883  29.995 0.8999999762
2103  -6.173  -96.583  29.334 0.8999999762
1604  -5.729  -97.472  29.471 0.8999999762
823  -7.426  -98.900  24.936 0.6999999881
3206  -0.273  -94.804  31.666 0.8999999762
1616  -6.321  -97.184  28.499 0.8999999762
1651  -7.998  -97.634  25.149 0.8000000119
824  -8.162  -98.304  25.399 0.6999999881
3226  0.268  -94.564  30.830 0.8999999762
161821  -6.863  -97.396  26.378 0.8000000119
8124  1.077  -88.272  8.927 0.6999999881
181351  0.337  -87.560  8.504 0.8000000119
9043  -1.280  -86.631  8.896 0.8999999762
4030  -16.685  -93.970  12.196 0.2000000030
11831  -7.002  -84.402  6.168 1.0000000000
12784  -7.074  -83.473  5.020 1.0000000000
13692  -6.555  -82.395  5.261 0.8999999762
15824  -6.399  -81.024  4.522 1.0000000000
15825  -7.103  -80.434  4.489 1.0000000000
15826  -8.120  -80.459  3.981 1.0000000000
14748  -7.106  -82.165  3.209 0.8999999762
15844  -8.467  -81.029  3.311 1.0000000000
14749  -7.932  -82.272  2.519 0.8000000119
160314  -7.934  -81.682  3.069 0.8000000119
14791  -13.036  -81.941  -0.522 0.8999999762
12891  -11.796  -83.460  -1.494 0.8999999762
158953  -14.243  -83.430  -2.753 0.8999999762
11944  -8.782  -84.932  -0.353 0.6999999881
11978  -13.285  -84.372  -3.223 0.8000000119
161493  -9.254  -85.122  -1.114 0.6000000238
10978  -9.293  -85.714  -2.281 0.5000000000
10986  -9.700  -86.028  -2.801 0.5000000000
10987  -10.402  -85.711  -3.375 0.6999999881
11976  -11.896  -85.296  -4.157 0.6000000238
3229  -3.820  -94.863  30.196 0.8999999762
2653  -4.666  -95.050  29.999 0.8999999762
2654  -5.470  -95.343  29.638 0.8999999762
3248  -1.609  -94.485  29.836 1.0000000000
3227  -0.912  -94.568  30.786 0.8999999762
2655  -6.227  -95.626  29.059 0.8999999762
175199  -6.836  -95.496  28.294 0.8000000119
2114  -7.321  -95.785  27.752 0.8000000119
2129  -7.111  -96.583  27.702 0.8000000119
2144  -8.495  -96.493  26.629 0.8000000119
813  -8.356  -98.887  26.253 0.6999999881
3247  -0.432  -94.513  29.856 0.8999999762
3246  0.752  -94.516  29.811 0.8999999762
3269  -0.079  -94.582  28.681 0.8999999762
1628  -7.590  -96.919  26.676 0.8000000119
1638  -7.431  -97.451  25.559 0.8000000119
1652  -8.384  -97.715  25.801 0.6999999881
173071  0.899  -94.506  28.740 0.8999999762
3267  1.252  -94.621  28.015 0.6999999881
3856  1.209  -94.108  26.497 0.6999999881
9041  1.248  -87.608  8.777 0.6999999881
8110  2.088  -88.670  9.648 0.6999999881
4038  -16.328  -93.479  11.543 0.2000000030
4673  -17.132  -92.382  12.104 0.2000000030
9030  -1.507  -87.393  9.712 0.8000000119
168667  -6.074  -80.881  5.132 1.0000000000
9888  -2.175  -87.058  10.425 0.8999999762
11856  -7.969  -83.910  5.410 1.0000000000
15807  -7.089  -79.723  5.061 0.8999999762
9015  -2.698  -87.502  10.899 0.8999999762
10857  -6.171  -84.949  8.349 1.0000000000
9890  -4.924  -87.009  10.910 1.0000000000
14760  -8.691  -82.420  1.967 0.8000000119
12860  -7.707  -84.083  0.946 0.6999999881
13756  -8.688  -83.041  1.494 0.8000000119
12847  -8.027  -83.469  1.412 0.6999999881
15885  -14.114  -80.847  -0.103 0.8999999762
11931  -8.243  -84.531  0.320 0.6999999881
186281  -11.856  -82.760  -0.249 0.8999999762
13798  -13.316  -82.540  -1.607 0.8999999762
12876  -10.724  -83.670  -0.225 0.8000000119
12890  -11.048  -83.824  -1.128 0.8999999762
11959  -11.297  -83.989  -2.032 0.8000000119
12905  -12.124  -83.792  -2.390 0.8999999762
12906  -13.081  -83.737  -2.776 0.8000000119
11945  -9.744  -84.623  -0.502 0.6999999881
11946  -10.462  -84.197  -0.812 0.8000000119
11966  -10.928  -84.692  -2.555 0.8000000119
11967  -12.429  -84.393  -3.078 0.6999999881
182563  -10.306  -84.823  -1.989 0.6999999881
10979  -10.176  -85.364  -2.589 0.8000000119
164204  -11.604  -84.819  -3.559 0.8000000119
3249  -2.888  -94.489  29.820 1.0000000000
3251  -4.975  -94.653  29.205 0.8999999762
167581  -1.092  -94.448  29.042 1.0000000000
2671  -5.907  -94.781  28.884 0.8000000119
2672  -6.680  -94.851  28.272 0.8000000119
174498  -0.284  -94.470  27.562 0.8999999762
2682  -8.144  -95.328  27.131 0.8000000119
3268  0.603  -94.476  27.725 0.8999999762
2130  -7.941  -96.138  27.129 0.8000000119
3285  1.035  -94.008  26.932 0.8999999762
1640  -8.773  -97.541  26.468 0.6999999881
804  -8.778  -98.754  26.901 0.6999999881
795  -8.329  -99.106  27.800 0.6999999881
1157  -9.194  -98.453  27.547 0.6999999881
160416  0.769  -93.244  25.986 0.6999999881
1169  -9.251  -98.052  26.825 0.6999999881
165316  0.370  -86.763  8.256 0.8000000119
15779  -6.571  -79.639  5.967 0.6999999881
16911  -8.096  -79.351  4.872 0.8000000119
17965  -9.319  -78.582  5.053 0.6000000238
179602  -1.152  -86.096  8.377 0.8000000119
9905  -2.290  -86.074  10.197 1.0000000000
13678  -7.025  -82.091  6.041 0.8000000119
14697  -6.846  -81.037  6.567 0.6999999881
17980  -9.787  -79.107  4.562 0.6999999881
5429  -17.562  -91.691  12.104 0.2000000030
11857  -8.758  -84.213  5.881 0.8999999762
14716  -6.283  -81.346  5.631 0.8000000119
16926  -8.735  -79.705  4.193 0.8000000119
16928  -9.985  -79.627  4.001 0.8000000119
10858  -7.263  -85.063  8.226 0.8999999762
11832  -7.963  -84.432  5.876 1.0000000000
16941  -9.050  -80.318  3.537 1.0000000000
16943  -10.166  -80.224  3.341 1.0000000000
15808  -10.800  -80.411  4.822 0.8000000119
14754  -14.970  -81.477  1.997 0.8999999762
9889  -2.791  -86.792  10.997 1.0000000000
9907  -5.824  -86.697  9.843 1.0000000000
10843  -6.880  -85.847  9.048 1.0000000000
160529  -9.352  -80.857  2.971 0.8999999762
16942  -9.713  -80.329  3.269 1.0000000000
16929  -10.643  -80.334  3.796 0.8999999762
14761  -9.532  -82.012  1.945 0.8999999762
12862  -9.645  -83.753  0.686 0.6999999881
15876  -13.693  -80.743  0.732 0.8999999762
15866  -14.516  -80.495  0.687 0.8999999762
11932  -9.280  -84.375  0.313 0.8000000119
12863  -10.206  -83.417  0.531 0.8000000119
13774  -10.816  -83.072  0.357 0.8999999762
14790  -12.201  -82.318  0.038 0.8999999762
15884  -13.384  -81.247  0.184 0.8999999762
14803  -13.842  -81.840  -1.224 0.8999999762
3270  -2.101  -94.263  28.709 0.8999999762
3271  -3.300  -94.162  28.745 0.8999999762
3273  -5.380  -94.082  28.403 0.8999999762
165173  -1.078  -94.413  28.050 1.0000000000
3842  -5.776  -93.387  27.513 0.8000000119
2673  -7.455  -94.985  27.680 0.8000000119
3300  -0.642  -93.848  26.028 1.0000000000
3299  0.281  -93.718  25.888 1.0000000000
3275  -7.394  -94.034  27.521 0.8000000119
3857  0.796  -93.328  26.004 0.8999999762
3289  -8.325  -94.478  27.145 0.8000000119
11772  -4.564  -84.573  11.045 0.8999999762
10793  -6.395  -85.592  11.265 0.8999999762
10839  -1.250  -85.492  8.228 1.0000000000
180827  -3.149  -84.657  10.575 0.8999999762
10821  -2.256  -85.146  9.320 1.0000000000
5430  -18.245  -91.520  12.354 0.2000000030
11754  -4.220  -85.171  11.368 0.8999999762
15780  -6.868  -79.796  6.602 0.6999999881
17947  -7.273  -78.667  5.953 0.6000000238
16899  -10.550  -78.981  5.249 0.6000000238
10806  -3.396  -85.206  11.101 1.0000000000
9879  -6.040  -86.098  11.241 0.8999999762
9893  -7.423  -86.024  10.474 0.8999999762
13679  -8.066  -82.678  6.214 0.8999999762
6274  -17.998  -90.941  12.248 0.2000000030
10789  -3.021  -85.945  11.109 1.0000000000
10790  -3.881  -85.898  11.478 1.0000000000
16912  -10.243  -79.638  4.415 0.6999999881
9908  -6.677  -86.351  10.325 1.0000000000
11833  -8.652  -85.020  6.803 0.8999999762
9877  -4.485  -86.575  11.363 1.0000000000
15845  -10.060  -80.647  2.806 0.8999999762
16944  -10.707  -80.453  3.157 1.0000000000
13740  -15.592  -82.073  2.335 0.8000000119
14762  -10.374  -81.686  1.882 0.8999999762
15862  -10.552  -81.099  2.366 0.8999999762
13739  -14.655  -82.057  2.617 0.8999999762
13773  -10.169  -82.860  0.967 0.8000000119
14765  -14.722  -80.878  1.374 0.8999999762
14778  -10.868  -82.439  0.858 0.8999999762
183786  -13.007  -81.099  0.838 0.8999999762
5284  -2.520  -91.833  25.811 0.8000000119
3875  -2.264  -93.193  25.967 0.8999999762
163199  -2.973  -92.790  25.947 0.8000000119
5285  -3.405  -91.604  25.943 0.8999999762
3859  -2.466  -93.610  26.861 0.8999999762
3876  -3.627  -92.724  26.169 0.8000000119
4539  -3.752  -91.930  25.824 0.8000000119
3839  -2.769  -93.840  27.871 0.8999999762
183685  -3.215  -93.516  27.200 0.8999999762
3861  -5.047  -92.881  26.844 0.8000000119
3862  -6.159  -92.486  26.875 0.8000000119
3288  -1.840  -94.071  27.469 1.0000000000
3864  -8.449  -93.189  27.338 0.8000000119
162984  1.390  -91.997  27.683 0.8000000119
10807  -7.113  -85.537  10.827 0.8999999762
4675  -18.676  -92.203  12.246 0.2000000030
10854  -0.347  -85.815  8.173 0.8000000119
17949  -10.437  -78.314  5.348 0.6000000238
17931  -7.464  -78.354  6.375 0.5000000000
18973  -8.837  -77.998  5.677 0.6000000238
16900  -11.358  -79.405  5.630 0.6000000238
15796  -12.984  -80.163  5.933 0.5000000000
161886  -18.542  -90.254  12.365 0.2000000030
183462  -7.365  -80.458  7.126 0.6999999881
15763  -7.583  -79.632  7.291 0.6000000238
10859  -8.288  -85.315  7.912 0.8999999762
15794  -11.408  -80.503  5.643 0.6999999881
15795  -12.003  -80.251  6.059 0.6000000238
10823  -7.357  -86.214  9.771 0.8999999762
12771  -9.340  -83.866  6.277 0.6999999881
13680  -8.960  -83.055  6.588 0.6999999881
14732  -11.356  -81.207  5.095 0.8000000119
14741  -11.253  -80.918  4.144 0.8999999762
14763  -11.271  -81.445  1.755 0.8999999762
15863  -11.871  -81.168  1.968 0.8999999762
15847  -11.303  -80.876  2.652 0.8999999762
13720  -15.082  -82.665  3.004 0.6999999881
15864  -12.879  -81.048  1.352 0.8999999762
14779  -11.654  -81.891  0.843 0.8999999762
15865  -13.532  -80.711  1.123 0.8999999762
5249  -1.861  -91.398  27.192 1.0000000000
5250  -2.728  -90.984  27.046 0.8999999762
4524  -1.594  -92.068  25.822 0.8999999762
4526  -4.606  -91.936  26.145 0.8000000119
3858  -1.571  -93.749  26.416 0.8999999762
3877  -5.128  -92.285  26.487 0.8000000119
4505  -7.135  -92.070  26.992 0.8000000119
3873  -0.532  -93.175  25.650 1.0000000000
3872  0.221  -92.896  25.905 1.0000000000
4484  0.921  -92.330  28.455 1.0000000000
158073  1.108  -92.269  27.728 1.0000000000
4502  0.938  -92.535  26.815 0.8000000119
5230  1.571  -91.558  28.562 0.8999999762
173294  1.620  -91.384  27.852 0.8000000119
11774  -6.779  -84.995  11.078 0.8000000119
173201  -7.984  -85.388  10.261 0.6999999881
10862  -10.496  -85.014  8.011 0.6999999881
11818  -10.886  -84.359  8.102 0.6000000238
11791  -2.752  -84.436  9.827 0.8999999762
10825  -9.155  -85.506  9.343 0.8000000119
5431  -19.034  -91.303  12.514 0.2000000030
11817  -10.348  -84.600  7.371 0.6000000238
17952  -12.556  -78.386  5.249 0.5000000000
17951  -11.784  -78.607  5.572 0.5000000000
16902  -13.148  -79.133  5.314 0.5000000000
6275  -18.722  -90.751  12.512 0.2000000030
10845  -8.782  -85.583  8.766 0.8999999762
10861  -9.996  -85.149  7.358 0.8000000119
18974  -9.359  -77.410  6.093 0.5000000000
17967  -10.947  -77.680  5.587 0.5000000000
11835  -9.977  -84.199  6.797 0.6999999881
13665  -9.343  -82.433  7.495 0.6000000238
174734  -8.221  -79.694  7.796 0.5000000000
17916  -7.717  -78.137  6.874 0.5000000000
16903  -13.715  -79.781  5.340 0.5000000000
6262  -19.035  -89.681  12.624 0.2000000030
10870  -9.398  -85.028  6.795 0.8999999762
15764  -7.978  -80.519  7.671 0.6000000238
15797  -13.980  -80.538  5.743 0.5000000000
14699  -11.965  -80.961  6.111 0.6000000238
15782  -13.484  -81.165  6.201 0.5000000000
13707  -12.131  -82.407  4.892 0.8999999762
13694  -11.759  -81.457  5.746 0.6999999881
14701  -13.109  -81.813  6.323 0.6999999881
15848  -12.149  -81.113  2.168 0.8999999762
14742  -11.979  -81.334  3.508 0.8999999762
13717  -12.369  -82.161  4.054 0.8999999762
12772  -12.901  -82.937  6.001 0.6000000238
14702  -14.794  -81.960  6.433 0.5000000000
11885  -15.614  -84.063  4.285 0.6000000238
14743  -12.871  -81.683  3.130 0.8999999762
12802  -13.214  -83.279  4.750 0.8999999762
12785  -12.680  -82.930  5.278 0.8000000119
12774  -14.097  -83.478  6.571 0.6000000238
174088  -13.357  -81.282  2.196 0.8999999762
14753  -14.216  -81.352  2.071 0.8999999762
13719  -14.289  -82.726  3.344 0.6999999881
12817  -15.056  -83.360  3.718 0.6000000238
5233  -2.488  -90.921  28.027 0.8999999762
5251  -3.478  -90.832  26.955 0.6999999881
6080  -4.288  -90.740  27.344 0.6999999881
5273  -5.291  -91.564  26.542 0.6999999881
4523  -0.709  -92.473  25.852 1.0000000000
4504  -0.150  -92.252  26.667 1.0000000000
4466  0.454  -92.362  29.316 1.0000000000
4465  1.024  -92.289  29.490 1.0000000000
5213  1.495  -91.764  29.469 1.0000000000
6079  1.580  -90.767  27.418 0.8000000119
11792  -3.419  -84.110  10.193 0.8999999762
10808  -9.192  -85.088  9.891 0.6000000238
10827  -10.460  -85.084  9.292 0.6000000238
13654  -9.965  -82.212  8.176 0.6000000238
6276  -19.553  -90.421  12.890 0.2000000030
18984  -10.794  -77.165  5.719 0.5000000000
17969  -13.437  -78.276  4.583 0.5000000000
6263  -19.592  -89.628  13.177 0.2000000030
14684  -9.356  -81.507  8.172 0.6000000238
14683  -8.577  -81.441  7.684 0.6000000238
18950  -9.158  -77.452  7.220 0.5000000000
18965  -9.731  -77.160  6.439 0.5000000000
20032  -11.288  -76.629  5.773 0.5000000000
15809  -14.450  -80.024  4.921 0.5000000000
16881  -8.881  -79.266  8.026 0.5000000000
15810  -15.303  -80.357  4.534 0.4000000060
7183  -19.789  -88.907  13.351 0.2000000030
15798  -14.872  -80.811  5.429 0.4000000060
14718  -15.285  -81.534  5.902 0.5000000000
13683  -14.383  -82.920  6.793 0.6000000238
13684  -15.505  -82.797  6.861 0.6000000238
13738  -13.783  -81.933  2.868 0.8999999762
13718  -13.260  -82.650  3.801 0.8999999762
12787  -13.918  -83.742  5.136 0.6999999881
11836  -14.076  -83.882  5.971 0.6999999881
13667  -15.108  -83.161  6.978 0.6000000238
174180  -16.504  -84.316  3.697 0.6000000238
10891  -16.561  -85.350  4.955 0.6000000238
10892  -17.230  -85.862  4.579 0.5000000000
11872  -15.326  -84.480  5.216 0.6000000238
177138  -17.520  -85.639  5.770 0.5000000000
171491  -18.771  -84.561  6.921 0.6000000238
11840  -17.161  -84.825  6.922 0.5000000000
11824  -19.362  -84.191  7.170 0.6000000238
166274  -20.619  -83.324  7.912 0.6000000238
12766  -21.373  -83.242  7.595 0.5000000000
161463  -22.410  -82.113  8.386 0.6000000238
13658  -23.140  -81.951  8.328 0.5000000000
6029  -2.625  -89.919  29.830 0.6999999881
5215  -2.180  -90.962  28.805 0.6999999881
5232  -1.657  -91.404  28.256 1.0000000000
5231  -0.870  -91.748  27.475 1.0000000000
4485  0.149  -92.159  28.167 1.0000000000
4447  -0.083  -92.403  30.196 1.0000000000
4445  1.090  -92.250  30.375 1.0000000000
172060  1.406  -91.997  30.153 1.0000000000
171225  1.450  -90.795  31.007 1.0000000000
6027  1.526  -91.434  30.291 1.0000000000
6949  1.421  -89.810  28.659 0.8999999762
182395  1.458  -89.858  29.454 0.8999999762
186197  0.950  -89.539  26.995 0.6999999881
12722  -4.975  -84.040  10.432 0.8000000119
11807  -11.359  -84.041  8.877 0.6000000238
11773  -5.971  -84.542  10.719 0.8000000119
12733  -3.070  -83.747  9.172 0.8000000119
15747  -9.585  -80.783  8.547 0.6000000238
16865  -9.728  -78.865  8.317 0.6000000238
12755  -1.602  -83.560  8.157 0.8999999762
12734  -4.023  -83.515  9.678 0.8000000119
162818  -13.003  -77.547  4.812 0.5000000000
12745  -2.680  -83.467  8.085 0.8000000119
20004  -10.450  -76.776  6.491 0.5000000000
20018  -11.396  -76.238  6.117 0.5000000000
18986  -12.513  -76.922  5.171 0.5000000000
17970  -14.126  -78.227  3.970 0.5000000000
7184  -20.245  -89.180  13.749 0.2000000030
8067  -20.387  -88.519  13.782 0.1000000015
13660  -2.020  -82.774  7.962 0.8000000119
18951  -9.880  -77.215  7.227 0.5000000000
20034  -12.900  -76.301  5.354 0.4000000060
15828  -15.660  -79.944  3.527 0.4000000060
184347  -16.704  -81.221  4.959 0.3000000119
15811  -17.057  -80.957  4.012 0.3000000119
14703  -15.631  -82.225  6.433 0.5000000000
158228  -16.244  -81.735  5.717 0.4000000060
12816  -14.037  -83.345  4.210 0.6999999881
12803  -14.713  -83.905  4.670 0.6999999881
161166  -14.888  -84.423  5.975 0.6999999881
11837  -14.722  -84.058  6.494 0.6000000238
12761  -16.232  -83.843  7.282 0.5000000000
187973  -17.082  -82.420  6.931 0.5000000000
14719  -17.238  -81.677  5.831 0.3000000119
14735  -17.894  -81.070  5.139 0.3000000119
14734  -17.414  -81.152  4.805 0.3000000119
11858  -15.650  -84.817  5.858 0.6999999881
11838  -15.500  -84.521  6.484 0.6000000238
13670  -17.498  -83.165  7.501 0.5000000000
10882  -16.345  -85.195  5.675 0.6000000238
11823  -18.710  -84.181  7.497 0.6000000238
172025  -2.286  -89.721  30.424 0.6000000238
6923  -2.120  -89.167  30.887 0.5000000000
5197  -1.507  -91.444  30.103 0.8999999762
4448  -0.929  -92.071  29.739 1.0000000000
166657  -0.051  -92.432  31.114 1.0000000000
4446  0.558  -92.469  30.860 1.0000000000
5180  1.269  -92.030  31.827 1.0000000000
6939  1.183  -89.050  29.189 0.8999999762
6922  1.429  -89.795  30.802 1.0000000000
6950  0.765  -88.878  28.209 0.6999999881
6965  1.269  -89.805  27.641 0.8000000119
11775  -7.674  -84.935  10.524 0.6999999881
11776  -8.605  -84.669  10.141 0.6000000238
13655  -10.742  -82.522  8.712 0.6000000238
15748  -10.242  -80.615  8.953 0.6999999881
11793  -10.797  -84.651  9.606 0.6000000238
17897  -10.359  -78.323  8.113 0.5000000000
6264  -20.210  -89.826  13.513 0.2000000030
12747  -4.435  -82.933  8.669 0.8000000119
12723  -5.899  -83.878  9.763 0.8000000119
162941  -9.331  -84.251  10.241 0.6000000238
18952  -10.590  -77.451  7.625 0.5000000000
16914  -14.860  -79.513  3.923 0.4000000060
12736  -5.829  -83.289  9.071 0.8000000119
19991  -11.391  -76.081  7.029 0.5000000000
17982  -14.613  -77.874  3.525 0.4000000060
17983  -15.215  -78.082  2.681 0.4000000060
16931  -15.303  -79.007  2.924 0.4000000060
7167  -20.843  -88.755  14.180 0.1000000015
185194  -1.498  -83.137  8.320 0.8000000119
13662  -3.285  -82.256  7.591 0.8000000119
19990  -10.543  -76.640  7.003 0.5000000000
20005  -11.833  -75.867  6.568 0.4000000060
20046  -15.072  -77.064  3.711 0.5000000000
16932  -16.027  -79.474  2.578 0.4000000060
13648  -1.659  -82.558  8.406 0.8000000119
14680  -2.161  -82.191  8.118 0.8000000119
161875  -13.777  -76.047  5.112 0.5000000000
15829  -16.505  -80.319  3.244 0.3000000119
156878  -19.047  -80.693  3.646 0.2000000030
187463  -17.649  -81.929  6.758 0.3000000119
14720  -17.956  -81.348  6.254 0.3000000119
11822  -17.481  -84.280  7.386 0.5000000000
167923  -17.872  -83.716  7.620 0.5000000000
13686  -17.907  -82.471  7.423 0.5000000000
14706  -18.659  -80.990  6.824 0.5000000000
11842  -19.253  -84.626  6.219 0.6000000238
12751  -19.921  -83.222  8.209 0.6000000238
178978  -20.949  -82.343  8.551 0.6000000238
14673  -23.565  -81.361  8.901 0.5000000000
163171  -24.951  -81.572  8.042 0.5000000000
14676  -25.971  -81.266  8.453 0.3000000119
14675  -25.191  -81.249  8.807 0.3000000119
5181  -1.256  -91.246  31.158 0.8000000119
6004  -1.192  -90.318  31.785 0.8999999762
4429  -0.366  -92.155  31.719 1.0000000000
164400  -0.035  -91.725  33.085 1.0000000000
4398  0.583  -91.847  33.200 1.0000000000
4428  0.491  -92.422  31.841 1.0000000000
4411  1.061  -92.002  32.632 1.0000000000
5152  1.089  -91.440  33.205 1.0000000000
6895  1.348  -90.117  32.899 1.0000000000
6016  1.365  -91.291  31.853 1.0000000000
6908  1.405  -90.214  31.802 1.0000000000
7852  1.104  -88.494  29.847 0.8999999762
175861  1.417  -89.313  31.299 1.0000000000
8780  0.177  -87.928  28.169 0.6000000238
174267  0.584  -88.253  29.044 0.6999999881
14668  -10.660  -81.539  9.289 0.6999999881
183361  -10.729  -80.256  9.212 0.6999999881
16867  -11.654  -79.086  8.855 0.5000000000
12749  -11.388  -83.270  9.156 0.6000000238
18934  -12.550  -77.354  7.849 0.5000000000
19995  -14.898  -76.012  6.815 0.4000000060
18933  -11.601  -77.452  7.793 0.6000000238
6265  -20.962  -89.934  13.537 0.1000000015
12737  -6.573  -83.399  9.200 0.8000000119
12725  -7.948  -83.986  9.820 0.6000000238
18953  -11.958  -76.550  7.456 0.5000000000
19993  -13.317  -75.755  6.954 0.5000000000
20021  -14.555  -75.874  5.176 0.5000000000
16945  -15.740  -78.534  2.109 0.3000000119
16933  -16.754  -79.848  2.406 0.2000000030
12732  -0.732  -83.418  9.246 0.8999999762
13650  -3.863  -82.549  7.868 0.8000000119
13641  -6.144  -82.666  8.831 0.6999999881
18998  -15.536  -77.527  2.682 0.4000000060
17991  -16.175  -78.137  1.825 0.2000000030
14682  -3.468  -81.621  7.535 0.8000000119
20035  -15.090  -76.366  4.453 0.4000000060
19009  -16.577  -77.712  1.991 0.1000000015
159383  -19.013  -80.516  2.780 0.2000000030
165227  -20.852  -79.599  3.872 0.2000000030
15800  -19.219  -80.457  5.282 0.2000000030
16915  -20.178  -79.892  4.297 0.2000000030
12750  -19.242  -83.068  8.167 0.6000000238
13672  -19.203  -82.389  8.236 0.6000000238
14686  -19.093  -81.548  7.862 0.5000000000
156958  -19.587  -80.632  7.175 0.3000000119
15784  -19.152  -80.558  6.203 0.3000000119
16905  -20.355  -79.666  5.369 0.2000000030
17956  -21.617  -78.937  5.573 0.2000000030
15749  -20.545  -81.265  8.421 0.4000000060
15767  -20.523  -80.443  7.810 0.3000000119
16882  -20.922  -79.718  7.139 0.2000000030
17936  -22.113  -78.807  6.363 0.2000000030
17957  -22.663  -78.537  5.418 0.2000000030
13656  -20.009  -82.513  8.462 0.6000000238
160921  -21.401  -80.655  8.463 0.3000000119
16868  -21.991  -79.815  8.193 0.3000000119
16883  -21.781  -79.298  7.306 0.2000000030
17922  -22.687  -78.794  7.054 0.2000000030
14671  -21.197  -81.575  8.585 0.5000000000
15750  -22.401  -80.414  8.759 0.3000000119
16869  -22.832  -79.596  8.469 0.3000000119
16885  -23.391  -78.833  7.756 0.3000000119
14672  -22.628  -81.531  8.688 0.5000000000
14658  -24.241  -80.992  9.222 0.4000000060
15733  -25.557  -80.771  9.112 0.2000000030
16873  -26.912  -80.003  8.979 0.1000000015
14677  -26.830  -81.042  8.371 0.2000000030
7823  -1.930  -88.253  31.344 0.4000000060
9643  -2.266  -86.710  31.907 0.5000000000
6909  -1.607  -89.202  31.370 0.5000000000
7813  -1.401  -88.595  31.901 0.8000000119
166470  -1.633  -87.797  31.787 0.5000000000
8742  -1.650  -87.100  32.288 0.6000000238
6897  -1.076  -89.622  32.282 0.8000000119
7804  -1.240  -88.140  32.617 0.6000000238
8733  -1.158  -87.722  33.582 0.6999999881
9626  -1.576  -86.559  33.288 0.6000000238
6003  -0.621  -90.634  32.863 1.0000000000
6896  -0.643  -90.081  33.264 1.0000000000
5154  0.492  -91.355  33.691 1.0000000000
5139  1.033  -90.975  33.897 1.0000000000
6884  1.219  -90.132  33.940 1.0000000000
156778  1.386  -89.242  32.060 1.0000000000
7811  1.357  -89.197  33.058 1.0000000000
7840  1.158  -88.101  30.553 0.8999999762
8740  1.374  -88.246  32.104 1.0000000000
168056  0.254  -87.397  28.873 0.6999999881
14656  -11.252  -81.545  9.974 0.6999999881
15729  -11.297  -80.408  9.643 0.6000000238
160833  -12.356  -79.512  9.433 0.5000000000
13636  -11.440  -83.312  10.275 0.6999999881
182166  -13.101  -78.026  8.337 0.5000000000
18935  -13.509  -77.200  7.877 0.5000000000
18955  -15.272  -76.705  7.302 0.3000000119
11779  -11.151  -84.175  10.017 0.6000000238
20009  -15.339  -76.263  6.394 0.3000000119
17933  -16.642  -77.798  5.792 0.2000000030
12738  -7.840  -82.919  9.687 0.6999999881
20022  -15.197  -76.029  5.427 0.3000000119
18976  -16.281  -77.168  5.158 0.3000000119
13642  -6.935  -82.516  9.185 0.6000000238
20036  -15.669  -76.567  4.729 0.4000000060
16947  -17.451  -79.602  1.924 0.2000000030
14652  -1.199  -82.084  9.956 0.8000000119
18999  -16.103  -77.325  2.604 0.4000000060
16954  -18.080  -79.047  1.545 0.1000000015
15850  -18.279  -80.289  2.377 0.2000000030
14661  -1.855  -81.926  8.570 0.8000000119
14663  -3.019  -81.430  7.774 0.8000000119
13651  -4.780  -82.141  7.872 0.6999999881
16956  -19.532  -79.429  0.987 0.1000000015
15851  -19.039  -80.067  1.784 0.2000000030
17997  -18.841  -78.877  1.169 0.1000000015
16965  -21.038  -79.102  -0.030 0.1000000015
17907  -24.333  -78.720  8.115 0.2000000030
185017  -22.917  -80.956  9.060 0.4000000060
16871  -24.561  -79.344  8.814 0.2000000030
15731  -24.108  -80.419  9.335 0.4000000060
16848  -24.050  -79.833  9.149 0.3000000119
16872  -25.493  -79.497  9.066 0.1000000015
16850  -25.344  -80.219  9.286 0.1000000015
159643  -27.238  -79.326  8.722 0.1000000015
16874  -27.926  -79.395  8.424 0.1000000015
7812  -0.909  -89.204  32.983 0.8000000119
7803  -0.735  -88.919  33.957 0.6999999881
6885  -0.385  -89.962  34.155 0.8000000119
7787  -0.152  -89.724  35.199 1.0000000000
5992  -0.038  -90.733  33.885 1.0000000000
5977  0.581  -90.814  34.306 1.0000000000
6872  0.650  -90.018  35.226 1.0000000000
6871  1.044  -90.107  34.942 1.0000000000
7801  1.239  -89.274  34.120 1.0000000000
188075  1.249  -88.504  34.147 1.0000000000
8731  1.340  -88.340  33.231 1.0000000000
163169  0.339  -86.741  29.384 0.6000000238
8762  1.022  -87.346  30.705 0.8999999762
7822  1.265  -87.889  31.212 0.8999999762
17883  -13.554  -78.453  8.871 0.5000000000
17900  -14.034  -77.789  8.464 0.4000000060
18937  -15.477  -77.443  8.148 0.3000000119
14646  -11.437  -81.764  10.914 0.6000000238
171551  -15.695  -76.996  6.928 0.3000000119
17934  -17.232  -78.265  6.123 0.1000000015
17955  -18.060  -78.311  5.109 0.1000000015
12728  -10.858  -83.831  10.630 0.6999999881
12712  -11.204  -83.230  10.994 0.6999999881
183106  -18.973  -77.712  4.214 0.1000000015
19002  -19.160  -77.187  2.820 0.1000000015
19000  -16.979  -77.479  2.995 0.2000000030
17971  -17.585  -77.878  4.171 0.2000000030
19011  -19.405  -77.462  1.713 0.1000000015
181493  0.326  -83.891  12.326 0.8000000119
13626  -0.615  -82.461  11.416 0.8999999762
12739  -8.396  -82.866  10.212 0.6999999881
13627  -7.977  -82.241  10.749 0.6999999881
17984  -18.226  -77.828  2.641 0.2000000030
19018  -19.926  -78.097  0.941 0.1000000015
14642  -1.018  -81.895  10.832 0.8000000119
14643  -1.447  -81.297  10.295 0.8000000119
14666  -6.079  -81.303  8.439 0.6000000238
14655  -7.463  -81.898  9.628 0.6999999881
175809  -17.401  -77.877  2.184 0.3000000119
19010  -19.114  -78.280  1.331 0.1000000015
15744  -3.639  -80.857  7.741 0.6999999881
15745  -5.021  -80.421  7.765 0.6999999881
17998  -19.650  -78.809  0.717 0.1000000015
16958  -21.773  -79.301  0.504 0.1000000015
16957  -20.616  -79.497  0.854 0.1000000015
161375  -1.842  -81.038  9.616 0.8000000119
18007  -22.768  -78.424  0.537 0.1000000015
7802  1.131  -89.197  35.082 1.0000000000
173893  1.184  -88.136  34.702 1.0000000000
8718  1.076  -88.802  35.847 1.0000000000
9625  1.028  -87.038  34.016 1.0000000000
8741  1.289  -87.438  32.534 1.0000000000
8732  1.237  -87.648  33.564 1.0000000000
9659  0.437  -86.076  29.739 0.5000000000
9652  0.624  -86.704  30.213 0.6000000238
16846  -13.419  -79.166  9.470 0.5000000000
15730  -11.986  -80.172  9.918 0.6000000238
17884  -14.415  -78.388  9.205 0.4000000060
17919  -16.458  -77.798  6.834 0.3000000119
17935  -18.098  -78.372  6.120 0.1000000015
18977  -18.815  -77.978  4.908 0.1000000015
162604  -19.351  -77.390  4.791 0.1000000015
21134  -19.561  -75.706  2.683 0.1000000015
11713  -0.014  -84.163  13.577 0.8000000119
12710  -9.684  -83.253  11.699 0.6000000238
13629  -10.849  -82.799  11.895 0.6000000238
20068  -20.129  -76.999  1.295 0.1000000015
20057  -19.808  -76.056  1.801 0.1000000015
21142  -21.107  -75.331  1.296 0.1000000015
13620  -0.030  -82.889  12.933 0.8999999762
13628  -8.855  -82.795  11.810 0.6000000238
12700  -10.162  -82.963  12.425 0.6000000238
19020  -21.195  -76.954  0.818 0.1000000015
182373  -20.615  -76.048  1.250 0.1000000015
21143  -22.096  -75.437  1.192 0.1000000015
160066  -22.518  -76.101  0.928 0.1000000015
14629  -0.947  -81.791  11.771 0.8000000119
165816  -7.190  -80.909  9.985 0.6999999881
14644  -7.039  -80.857  11.004 0.6000000238
18005  -21.349  -78.605  -0.016 0.1000000015
19025  -22.784  -77.878  0.519 0.1000000015
16864  -5.246  -79.723  8.308 0.6999999881
170205  -6.471  -80.411  9.567 0.6999999881
18000  -23.353  -77.943  1.114 0.1000000015
16950  -23.161  -78.730  1.176 0.1000000015
15743  -2.859  -80.888  8.362 0.6999999881
16862  -4.099  -80.149  8.170 0.6999999881
183800  -4.416  -79.571  8.522 0.6999999881
19003  -23.519  -77.768  2.567 0.1000000015
9642  1.085  -86.618  31.975 1.0000000000
9634  1.097  -86.728  32.942 1.0000000000
10532  0.414  -85.205  29.637 0.4000000060
177321  0.903  -86.598  31.072 0.6999999881
17901  -14.973  -77.613  8.578 0.4000000060
168779  -18.485  -78.326  6.906 0.1000000015
18969  -19.694  -77.315  6.370 0.1000000015
21107  -19.588  -74.800  4.677 0.1000000015
23420  -19.956  -74.011  4.091 0.1000000015
24465  -20.832  -73.115  4.148 0.1000000015
16825  -13.715  -79.751  10.180 0.4000000060
17903  -16.098  -77.805  8.553 0.3000000119
18978  -19.278  -77.654  5.594 0.1000000015
20024  -19.793  -76.652  5.504 0.1000000015
163739  -19.540  -75.638  4.240 0.1000000015
22305  -19.790  -74.907  2.982 0.1000000015
22293  -20.196  -74.297  3.373 0.1000000015
24480  -22.245  -73.259  2.958 0.1000000015
15694  -11.645  -81.425  11.057 0.6000000238
15714  -12.289  -80.502  10.602 0.5000000000
11714  -1.180  -84.458  14.027 0.8000000119
13609  -1.770  -82.951  14.659 0.8000000119
14633  -11.337  -82.112  11.903 0.5000000000
22306  -20.669  -74.514  2.296 0.1000000015
23430  -21.889  -73.716  2.677 0.1000000015
24481  -23.128  -73.346  2.876 0.1000000015
24468  -23.413  -72.588  3.125 0.1000000015
12675  -0.397  -83.413  14.078 0.8000000119
22321  -21.527  -74.821  1.617 0.1000000015
23432  -23.154  -73.964  2.557 0.1000000015
24483  -24.795  -72.720  2.831 0.1000000015
14582  -0.227  -82.309  13.955 0.8000000119
22309  -22.935  -74.623  2.513 0.1000000015
14616  -8.324  -82.201  12.824 0.5000000000
14632  -7.461  -81.604  11.428 0.6000000238
20058  -23.308  -76.764  2.108 0.1000000015
21121  -22.928  -75.163  2.997 0.1000000015
14630  -1.305  -81.276  11.205 0.8000000119
164696  -1.647  -80.797  10.861 0.8000000119
16822  -2.596  -79.707  10.073 0.8000000119
171290  -22.859  -75.190  3.938 0.1000000015
15727  -5.812  -79.820  8.980 0.6000000238
22264  -23.084  -74.847  5.487 0.1000000015
21108  -22.973  -75.636  4.803 0.1000000015
21093  -23.272  -75.555  5.843 0.1000000015
171335  -3.750  -79.689  8.753 0.8000000119
173256  -24.093  -73.167  6.959 0.1000000015
23368  -23.816  -74.078  7.148 0.1000000015
9562  -3.026  -86.079  37.343 0.4000000060
10435  -2.417  -85.854  37.959 0.5000000000
10421  -1.890  -85.515  38.423 0.6999999881
9561  -1.953  -86.376  37.491 0.6000000238
10434  -1.432  -86.105  38.284 0.6999999881
9549  -0.468  -86.358  38.494 0.8000000119
9612  0.999  -87.540  35.325 1.0000000000
10504  0.841  -85.928  32.370 1.0000000000
11501  0.343  -84.644  30.403 0.5000000000
10526  0.530  -85.757  30.550 0.6000000238
18957  -19.323  -77.925  7.329 0.1000000015
158859  -19.693  -75.560  5.053 0.1000000015
22263  -19.593  -74.660  5.601 0.1000000015
23412  -20.058  -73.451  4.425 0.1000000015
16847  -14.280  -79.122  9.793 0.4000000060
17902  -15.720  -77.926  9.057 0.4000000060
157233  -18.323  -78.465  7.665 0.1000000015
24466  -21.725  -72.716  3.669 0.1000000015
15716  -14.024  -80.238  10.835 0.4000000060
17863  -15.127  -78.705  9.842 0.4000000060
13608  -0.703  -82.554  14.453 0.8000000119
14634  -11.760  -81.646  11.908 0.5000000000
14583  -0.574  -81.673  14.260 0.8999999762
13616  -9.843  -82.367  13.415 0.5000000000
23424  -24.109  -73.304  3.238 0.1000000015
14599  -0.513  -81.752  13.568 0.8999999762
158850  -0.928  -80.932  13.455 0.8000000119
13615  -8.983  -82.261  13.425 0.5000000000
184719  -23.122  -74.458  2.960 0.1000000015
24459  -24.832  -73.117  4.218 0.1000000015
15676  -0.933  -81.469  12.696 0.8000000119
15667  -1.306  -80.199  13.285 0.8000000119
14615  -7.411  -81.633  12.500 0.5000000000
22279  -23.051  -74.700  4.541 0.1000000015
23402  -24.048  -73.438  4.939 0.1000000015
24441  -24.876  -72.323  5.841 0.1000000015
15691  -1.618  -80.687  11.619 0.8000000119
16821  -2.103  -80.168  11.029 0.8000000119
15693  -6.105  -80.315  11.653 0.5000000000
23384  -23.694  -73.810  6.091 0.1000000015
23385  -24.275  -72.969  5.985 0.1000000015
17880  -4.660  -78.435  9.046 0.6999999881
24440  -24.595  -72.403  6.757 0.1000000015
17878  -3.393  -79.194  9.481 0.8000000119
25452  -24.961  -72.090  8.004 0.1000000015
24403  -24.854  -72.688  8.401 0.1000000015
27583  -27.714  -69.975  8.664 0.1000000015
25454  -26.040  -71.385  8.998 0.1000000015
26513  -29.933  -70.320  8.106 0.1000000015
10436  -3.324  -85.574  37.595 0.4000000060
9563  -3.778  -85.949  37.171 0.4000000060
11422  -2.585  -85.157  38.210 0.6000000238
11411  -1.837  -84.837  38.691 0.6999999881
11410  -1.114  -84.654  38.940 0.8000000119
9548  0.102  -86.486  38.459 0.8999999762
11409  -0.420  -84.824  39.004 0.8000000119
10419  -0.114  -85.672  38.857 0.8999999762
163351  0.305  -86.846  38.029 1.0000000000
10433  0.359  -85.895  38.109 1.0000000000
10468  0.640  -86.211  36.199 1.0000000000
10480  0.716  -86.369  35.216 1.0000000000
179926  0.781  -86.454  34.375 1.0000000000
174287  0.749  -85.966  33.370 1.0000000000
166814  0.626  -85.314  31.927 0.8000000119
162819  0.548  -85.161  32.612 1.0000000000
11494  0.478  -85.037  31.239 0.6999999881
18959  -20.046  -77.381  8.037 0.1000000015
20010  -20.073  -76.284  6.417 0.1000000015
22246  -19.645  -74.524  6.409 0.1000000015
176175  -16.094  -78.246  9.699 0.2000000030
17887  -17.218  -78.347  9.418 0.2000000030
181071  -18.916  -78.382  8.115 0.1000000015
17865  -16.388  -78.519  10.275 0.2000000030
17888  -18.261  -78.501  9.512 0.2000000030
18938  -19.746  -77.816  8.947 0.1000000015
13599  -1.362  -82.036  14.897 0.8000000119
14635  -12.282  -81.316  11.926 0.5000000000
15697  -13.423  -80.708  11.403 0.4000000060
16812  -14.876  -80.112  11.057 0.3000000119
25516  -23.586  -71.924  3.277 0.1000000015
14576  -1.188  -81.229  15.233 0.8999999762
14618  -11.441  -82.054  12.628 0.5000000000
24460  -25.460  -72.733  3.767 0.1000000015
167349  -10.033  -81.779  14.274 0.4000000060
25492  -25.527  -71.784  5.516 0.1000000015
25493  -26.253  -71.383  5.092 0.1000000015
15652  -0.830  -80.908  14.623 0.8999999762
14600  -6.646  -80.963  13.145 0.5000000000
14584  -7.858  -81.275  14.133 0.5000000000
26538  -25.931  -71.013  6.196 0.1000000015
16810  -1.947  -79.939  12.080 0.8000000119
15668  -6.108  -80.152  13.443 0.5000000000
25482  -25.209  -71.607  6.687 0.1000000015
17845  -5.569  -78.972  10.440 0.5000000000
15678  -5.614  -79.781  12.042 0.5000000000
26525  -26.381  -70.214  6.808 0.1000000015
17859  -3.176  -78.663  10.309 0.8000000119
17846  -5.644  -78.301  10.709 0.5000000000
27596  -27.118  -69.847  8.291 0.1000000015
17861  -5.435  -78.232  9.463 0.6000000238
27598  -28.641  -69.178  7.999 0.1000000015
165282  -30.015  -69.573  7.799 0.1000000015
26527  -32.341  -70.884  6.862 0.1000000015
11423  -3.195  -84.812  37.937 0.4000000060
12402  -1.603  -84.028  38.917 0.6999999881
11412  -2.613  -84.062  38.437 0.5000000000
11421  0.312  -84.815  38.216 1.0000000000
166444  0.482  -85.145  37.556 1.0000000000
10452  0.559  -85.947  37.221 1.0000000000
10491  0.574  -85.556  34.155 1.0000000000
174040  0.488  -85.062  33.341 1.0000000000
11474  0.296  -84.169  32.816 0.8999999762
11485  0.376  -84.556  31.934 0.8000000119
170766  0.064  -83.649  31.927 0.8000000119
18939  -20.357  -76.707  8.490 0.1000000015
16814  -16.169  -79.271  11.294 0.3000000119
13601  -3.096  -82.025  15.551 0.8999999762
15681  -13.665  -81.097  12.166 0.4000000060
15699  -14.969  -80.525  11.798 0.3000000119
182881  -15.459  -80.611  12.584 0.3000000119
169957  -17.828  -78.525  10.832 0.2000000030
14577  -2.104  -81.641  15.336 0.8999999762
14620  -12.875  -81.464  12.721 0.4000000060
14607  -13.238  -81.595  13.773 0.4000000060
14588  -11.724  -81.562  14.372 0.4000000060
14589  -12.612  -81.494  14.486 0.4000000060
26539  -26.644  -70.566  5.733 0.1000000015
15666  -0.974  -80.357  14.152 0.8000000119
16784  -1.395  -79.711  13.724 0.8000000119
14586  -9.450  -81.308  14.721 0.4000000060
14587  -10.450  -81.205  14.923 0.4000000060
26541  -28.197  -69.893  4.851 0.1000000015
27648  -29.770  -69.797  4.176 0.1000000015
17829  -2.219  -78.855  12.814 0.8000000119
15653  -7.020  -80.776  14.048 0.5000000000
26526  -27.100  -69.755  6.327 0.1000000015
27629  -27.888  -69.409  5.895 0.1000000015
27631  -29.874  -69.032  5.124 0.1000000015
16811  -2.532  -79.122  11.245 0.8000000119
16800  -5.619  -79.429  12.688 0.5000000000
16786  -6.666  -79.813  14.009 0.4000000060
27597  -27.758  -69.191  7.748 0.1000000015
27613  -28.347  -68.886  6.434 0.1000000015
28713  -29.602  -68.677  6.189 0.1000000015
17879  -3.992  -78.340  9.662 0.6999999881
28691  -29.210  -68.873  7.486 0.1000000015
28702  -30.076  -68.713  6.711 0.1000000015
26515  -31.580  -69.876  7.012 0.1000000015
17862  -5.544  -77.365  9.967 0.5000000000
25474  -33.078  -71.075  7.257 0.1000000015
25458  -32.787  -71.294  7.947 0.1000000015
26502  -33.157  -70.487  8.079 0.1000000015
12388  -1.191  -83.359  39.107 0.8000000119
13304  -1.999  -83.180  38.977 0.5000000000
13305  -2.945  -82.848  38.611 0.5000000000
12400  0.048  -83.992  38.571 1.0000000000
176474  0.290  -83.715  37.890 1.0000000000
176475  0.519  -85.039  36.029 1.0000000000
11436  0.429  -84.255  37.342 1.0000000000
11461  0.493  -85.109  34.988 1.0000000000
181843  0.337  -83.439  37.123 1.0000000000
180270  0.445  -84.192  36.005 1.0000000000
12428  0.397  -83.769  36.517 1.0000000000
12448  0.285  -83.396  35.671 1.0000000000
173530  0.392  -84.155  35.280 1.0000000000
13372  0.094  -82.331  34.155 0.8999999762
172359  0.371  -84.528  33.876 1.0000000000
12475  0.117  -83.334  33.644 0.8000000119
13580  -3.569  -82.423  16.945 0.8000000119
181420  -4.078  -81.963  17.734 1.0000000000
18923  -20.315  -77.146  9.303 0.2000000030
19986  -20.312  -75.716  8.263 0.1000000015
13581  -3.977  -81.776  16.750 0.8000000119
15683  -16.268  -80.355  13.159 0.2000000030
16815  -16.857  -79.189  11.921 0.2000000030
17867  -18.484  -78.518  10.311 0.2000000030
165892  -2.319  -80.364  16.325 0.8999999762
169383  -14.796  -81.244  13.381 0.4000000060
15637  -1.065  -80.568  15.284 0.8999999762
14579  -12.889  -81.115  15.083 0.4000000060
14608  -14.140  -81.523  14.017 0.4000000060
16754  -1.271  -79.868  15.581 0.8999999762
17787  -1.412  -79.237  15.371 0.8999999762
18862  -2.282  -78.042  14.029 0.8000000119
15639  -11.305  -80.822  15.238 0.4000000060
162702  -9.769  -80.617  15.095 0.4000000060
16771  -7.470  -80.158  14.363 0.4000000060
17830  -2.736  -78.414  12.103 0.8000000119
16788  -8.756  -79.338  14.357 0.4000000060
158326  -31.191  -68.983  5.920 0.1000000015
27633  -31.819  -69.147  5.272 0.1000000015
18891  -3.695  -77.547  11.200 0.8000000119
165852  -6.178  -78.596  12.911 0.5000000000
27616  -32.985  -69.906  6.393 0.1000000015
18906  -4.305  -77.289  10.594 0.6999999881
187362  -5.792  -78.077  11.282 0.5000000000
27615  -31.971  -69.485  6.180 0.1000000015
13289  -1.427  -82.667  39.178 0.8000000119
13288  -0.738  -82.757  39.074 0.8999999762
169779  -3.093  -81.847  38.997 0.5000000000
171870  -2.135  -82.168  39.203 0.6000000238
169155  -3.073  -81.190  39.168 0.5000000000
179649  0.053  -83.067  38.336 1.0000000000
13331  0.211  -82.752  36.436 1.0000000000
19970  -20.469  -76.293  10.635 0.1000000015
14552  -4.926  -81.503  19.057 1.0000000000
14566  -5.240  -81.231  17.896 1.0000000000
17851  -18.930  -78.403  11.563 0.1000000015
18913  -20.296  -77.195  10.243 0.1000000015
17836  -17.687  -78.867  12.171 0.1000000015
17850  -18.136  -78.581  11.549 0.2000000030
15629  -3.392  -80.808  16.361 0.8999999762
15669  -15.608  -80.867  13.775 0.3000000119
159729  -16.935  -80.040  13.554 0.1000000015
15641  -13.105  -80.557  15.391 0.3000000119
16745  -1.635  -79.397  16.465 0.8999999762
16744  -1.507  -79.314  16.050 0.8000000119
16755  -11.699  -80.157  15.456 0.4000000060
166646  -1.734  -78.426  15.417 0.8000000119
17815  -2.500  -78.209  13.090 0.8000000119
16774  -10.251  -79.846  15.172 0.4000000060
17801  -9.708  -79.246  14.546 0.3000000119
18876  -3.606  -77.270  12.043 0.8000000119
19947  -4.195  -76.955  11.522 0.6000000238
17817  -8.472  -78.627  13.496 0.3000000119
17832  -7.049  -78.207  12.484 0.4000000060
26516  -33.274  -70.405  7.271 0.1000000015
13303  -0.290  -82.625  38.677 0.8999999762
14236  -1.185  -82.002  39.198 0.8999999762
14261  -2.487  -81.400  39.243 0.8999999762
12410  0.194  -82.798  37.522 0.8999999762
15317  -4.294  -80.785  38.699 0.6999999881
175710  -4.834  -80.224  38.422 0.6999999881
14280  0.033  -81.920  37.091 0.8999999762
14551  -3.974  -81.616  19.219 0.8000000119
18912  -19.875  -77.726  10.697 0.1000000015
18898  -20.247  -77.218  11.128 0.1000000015
15630  -4.110  -81.121  16.710 0.8999999762
15617  -4.689  -80.732  17.256 0.8999999762
16804  -18.140  -78.995  13.101 0.1000000015
17838  -19.172  -78.271  12.361 0.1000000015
15616  -3.967  -80.417  16.922 0.8999999762
16733  -3.579  -79.587  17.305 0.8999999762
17772  -3.122  -78.726  17.748 0.8999999762
15658  -15.613  -80.674  14.805 0.1000000015
16790  -17.638  -79.636  13.910 0.1000000015
16746  -1.958  -79.629  16.779 0.8999999762
16731  -1.902  -78.887  17.019 0.8999999762
162328  -1.927  -77.984  16.338 0.8000000119
15657  -14.723  -80.955  15.084 0.3000000119
19901  -2.093  -76.855  15.849 0.8000000119
16756  -12.540  -80.002  15.515 0.2000000030
19921  -3.119  -76.637  13.817 0.8000000119
17819  -10.128  -78.478  13.834 0.2000000030
19936  -3.926  -76.701  12.497 0.6999999881
17834  -9.385  -78.288  13.212 0.3000000119
19937  -4.401  -76.446  12.155 0.6000000238
17847  -6.320  -77.957  11.714 0.5000000000
17833  -7.992  -78.147  12.622 0.3000000119
18892  -6.166  -77.462  10.454 0.5000000000
18893  -7.144  -77.341  10.685 0.4000000060
18910  -6.816  -76.714  9.921 0.5000000000
177094  -0.945  -81.415  38.988 0.8999999762
13317  -0.095  -82.097  38.144 0.8000000119
15316  -3.391  -80.651  39.035 0.8000000119
16444  -3.812  -80.058  38.699 0.8000000119
16464  -4.272  -79.506  38.188 0.8000000119
170982  -5.439  -78.487  37.221 0.8000000119
17733  -3.735  -78.045  21.077 0.8999999762
16698  -5.201  -79.225  20.954 0.8999999762
16706  -3.569  -79.780  20.394 0.8999999762
16707  -4.704  -79.985  20.552 1.0000000000
15596  -6.929  -80.238  19.991 1.0000000000
14544  -5.213  -81.179  19.778 0.8999999762
15604  -5.857  -80.990  19.831 1.0000000000
14554  -6.150  -81.026  18.877 1.0000000000
18882  -19.714  -77.699  12.554 0.1000000015
21053  -20.554  -75.308  10.468 0.1000000015
15618  -5.699  -80.936  17.950 1.0000000000
16720  -5.170  -79.425  17.750 1.0000000000
16778  -17.976  -79.396  14.591 0.1000000015
17822  -18.732  -78.700  13.715 0.1000000015
17773  -4.194  -79.048  17.696 0.8999999762
16777  -17.414  -79.810  14.921 0.2000000030
17760  -4.825  -78.499  18.048 1.0000000000
18815  -2.299  -77.749  17.693 0.8999999762
19886  -2.153  -76.727  17.014 0.8999999762
16757  -13.333  -79.823  15.525 0.2000000030
17789  -12.833  -79.173  15.353 0.2000000030
19911  -2.773  -76.306  14.626 0.8000000119
21007  -3.353  -76.018  14.225 0.8000000119
17803  -11.532  -78.779  14.734 0.2000000030
17820  -11.090  -78.285  14.030 0.2000000030
21022  -4.257  -76.243  12.983 0.6000000238
17835  -10.053  -78.008  12.982 0.2000000030
18879  -9.465  -77.710  12.321 0.3000000119
19949  -5.501  -76.154  10.797 0.6000000238
19966  -7.268  -75.972  9.877 0.4000000060
18894  -8.129  -77.280  10.955 0.3000000119
15315  -1.092  -80.731  38.740 0.8999999762
188776  -1.632  -80.580  39.037 0.8999999762
14281  -0.320  -81.302  37.648 0.8000000119
16443  -2.707  -79.924  38.801 0.8000000119
16463  -3.081  -79.321  38.254 0.8000000119
17512  -4.397  -78.344  37.118 0.8999999762
18551  -5.604  -77.983  36.515 0.6999999881
179270  -6.600  -77.245  35.985 0.8000000119
17493  -3.556  -78.655  37.635 0.8999999762
18550  -4.873  -78.111  36.561 0.8000000119
19617  -6.972  -76.487  35.767 0.5000000000
20726  -7.451  -75.103  35.246 0.5000000000
21836  -8.275  -74.931  35.508 0.5000000000
17735  -5.744  -78.556  21.332 1.0000000000
16699  -6.176  -79.403  20.943 1.0000000000
16708  -5.692  -80.005  20.616 1.0000000000
16710  -7.611  -79.605  19.878 1.0000000000
15611  -7.186  -79.858  18.680 1.0000000000
19954  -20.457  -76.451  11.615 0.1000000015
22185  -20.749  -74.798  11.008 0.1000000015
16721  -6.011  -79.750  17.978 1.0000000000
17807  -19.184  -78.310  14.335 0.1000000015
18868  -19.893  -77.465  13.396 0.1000000015
21027  -20.647  -75.785  12.131 0.1000000015
19925  -20.428  -76.722  13.471 0.1000000015
17759  -3.753  -78.127  18.146 0.8999999762
18799  -2.465  -77.154  18.004 0.8999999762
16760  -16.187  -79.639  15.817 0.2000000030
170924  -2.164  -76.432  16.323 0.8000000119
17791  -14.824  -79.303  15.787 0.2000000030
20988  -2.929  -75.609  14.897 0.8000000119
158110  -3.934  -75.793  14.263 0.6999999881
17805  -13.155  -78.361  15.066 0.2000000030
21009  -4.515  -75.956  13.412 0.6000000238
21024  -6.150  -75.387  11.835 0.6000000238
17821  -11.912  -77.996  14.267 0.2000000030
18865  -11.535  -77.568  13.505 0.2000000030
18867  -12.972  -76.951  14.218 0.2000000030
180147  -13.701  -76.748  14.483 0.2000000030
169313  -5.390  -75.813  11.682 0.6000000238
21046  -6.919  -75.496  10.207 0.4000000060
18880  -10.383  -77.442  12.462 0.2000000030
19922  -11.924  -76.811  13.048 0.2000000030
19924  -13.291  -76.242  13.853 0.2000000030
21013  -13.579  -75.582  13.565 0.2000000030
180259  -5.914  -75.698  11.093 0.6000000238
19950  -8.597  -76.606  10.350 0.3000000119
19938  -10.814  -76.809  11.877 0.2000000030
19940  -12.360  -76.159  12.482 0.2000000030
22161  -14.251  -74.597  13.850 0.2000000030
19953  -11.306  -76.361  11.178 0.2000000030
21025  -12.119  -76.048  11.440 0.2000000030
22171  -13.351  -75.033  12.654 0.2000000030
21026  -12.841  -75.553  11.791 0.2000000030
15354  -0.708  -80.713  37.427 0.8000000119
15332  -1.041  -80.243  38.092 0.8999999762
15333  -1.657  -80.027  38.691 0.8999999762
16462  -2.046  -79.364  38.208 0.8999999762
17492  -2.288  -78.694  37.580 0.8999999762
18537  -2.693  -78.032  37.117 0.8999999762
17511  -3.558  -78.009  37.042 0.8999999762
18567  -4.820  -77.656  35.794 0.8999999762
18568  -5.784  -77.586  35.723 0.6999999881
18569  -6.050  -77.113  35.045 0.6000000238
19635  -6.246  -76.505  34.646 0.6000000238
20725  -6.743  -75.746  34.876 0.6000000238
21855  -6.878  -74.956  34.637 0.5000000000
21856  -7.531  -74.371  34.849 0.5000000000
22998  -7.878  -73.584  34.599 0.5000000000
24081  -9.387  -72.720  33.434 0.5000000000
17736  -6.856  -78.737  21.196 1.0000000000
159487  -7.551  -79.099  20.600 1.0000000000
18803  -6.717  -77.696  18.511 1.0000000000
16713  -7.640  -79.622  19.156 1.0000000000
18854  -19.609  -77.791  14.036 0.2000000030
179880  -5.429  -78.110  18.291 1.0000000000
16761  -17.037  -79.483  15.686 0.2000000030
17795  -19.039  -78.330  15.317 0.2000000030
18800  -3.297  -77.074  18.430 0.8999999762
182222  -2.212  -76.114  16.880 0.8999999762
18841  -17.957  -78.248  16.338 0.2000000030
18843  -19.407  -77.714  15.812 0.2000000030
20969  -2.760  -75.411  15.666 0.8000000119
18838  -14.791  -78.347  15.729 0.2000000030
17792  -16.528  -78.713  16.312 0.2000000030
18840  -16.576  -77.833  16.520 0.2000000030
20970  -3.105  -75.142  15.288 0.6999999881
18853  -14.273  -77.533  15.159 0.2000000030
18839  -15.747  -77.930  16.210 0.2000000030
20990  -4.463  -75.777  14.374 0.6000000238
18851  -12.706  -77.765  14.500 0.2000000030
19903  -15.034  -77.320  15.490 0.2000000030
22154  -5.798  -75.587  13.200 0.6000000238
19912  -14.006  -76.075  14.256 0.2000000030
22155  -6.598  -75.336  12.614 0.5000000000
22195  -7.454  -74.977  10.485 0.4000000060
21047  -7.817  -75.205  10.063 0.4000000060
19951  -9.525  -76.592  10.612 0.2000000030
22172  -13.849  -74.354  13.040 0.2000000030
22148  -14.739  -74.186  14.388 0.2000000030
19969  -9.960  -75.990  9.905 0.2000000030
180358  -10.894  -76.051  10.180 0.2000000030
22170  -13.230  -74.839  11.674 0.2000000030
23296  -15.372  -72.526  13.738 0.2000000030
25374  -15.753  -71.915  12.839 0.2000000030
21048  -8.605  -75.091  9.768 0.3000000119
21052  -12.060  -75.499  9.881 0.2000000030
24351  -14.724  -72.910  11.410 0.2000000030
188655  -15.206  -72.502  11.542 0.2000000030
25388  -16.288  -71.460  12.200 0.2000000030
22199  -11.702  -74.834  9.317 0.3000000119
178705  -13.454  -74.484  10.977 0.2000000030
23315  -14.342  -73.376  10.782 0.2000000030
24362  -14.718  -72.922  10.274 0.2000000030
25399  -15.783  -71.993  10.345 0.2000000030
25400  -16.360  -71.526  11.082 0.2000000030
15355  -1.295  -80.095  37.275 0.8000000119
16461  -1.459  -79.622  37.909 0.8999999762
15376  -1.577  -80.322  36.441 0.8000000119
17491  -1.770  -79.134  37.589 0.8000000119
17510  -1.966  -78.054  37.009 0.8999999762
18549  -3.155  -77.495  36.615 0.8999999762
18584  -5.176  -77.266  34.861 0.6999999881
19634  -5.444  -76.609  34.127 0.6999999881
19652  -5.947  -76.054  33.873 0.6000000238
20742  -6.255  -75.271  33.900 0.6000000238
21873  -6.594  -74.364  34.157 0.5000000000
23017  -7.177  -73.070  34.061 0.5000000000
24080  -8.429  -72.658  33.528 0.5000000000
24097  -8.623  -72.375  32.598 0.5000000000
19824  -4.328  -76.459  22.530 0.8999999762
18763  -5.679  -77.055  22.058 1.0000000000
19826  -5.998  -76.372  22.334 1.0000000000
19834  -4.059  -76.949  22.061 0.8000000119
18773  -5.258  -77.702  21.654 0.8999999762
159578  -6.230  -77.841  21.683 1.0000000000
167263  -7.199  -77.835  21.581 1.0000000000
18775  -8.063  -77.645  21.246 1.0000000000
17737  -7.802  -78.439  20.970 1.0000000000
18780  -9.036  -77.560  20.101 1.0000000000
17747  -8.056  -78.975  19.414 1.0000000000
17745  -8.586  -78.115  19.664 1.0000000000
18804  -7.563  -78.102  18.637 1.0000000000
182937  -8.097  -77.697  18.755 1.0000000000
160928  -8.196  -77.039  18.624 1.0000000000
17762  -7.029  -78.495  18.454 1.0000000000
18802  -5.737  -77.461  18.536 1.0000000000
19849  -4.669  -75.820  18.854 1.0000000000
20912  -5.007  -75.229  18.756 1.0000000000
19867  -3.337  -76.093  18.557 0.8999999762
22074  -3.816  -74.934  18.516 1.0000000000
158759  -4.425  -73.930  18.252 1.0000000000
20952  -2.565  -75.478  17.017 0.8999999762
22092  -3.015  -75.227  17.871 0.8999999762
23228  -3.384  -73.966  17.719 0.8999999762
172685  -3.037  -74.988  15.970 0.8000000119
23240  -3.188  -74.233  17.317 0.8999999762
23253  -3.470  -73.588  16.972 0.8999999762
19888  -16.817  -76.314  16.400 0.2000000030
20971  -4.919  -75.619  15.478 0.6999999881
182883  -15.292  -76.448  15.227 0.2000000030
20976  -16.376  -75.694  15.724 0.2000000030
20991  -5.442  -75.883  14.505 0.6999999881
21010  -6.822  -75.764  13.789 0.5000000000
20997  -14.763  -75.865  14.638 0.2000000030
22138  -16.297  -74.956  15.582 0.2000000030
22139  -16.907  -74.365  16.086 0.2000000030
22156  -7.470  -75.269  12.889 0.4000000060
22182  -8.461  -74.392  10.479 0.3000000119
22157  -9.265  -74.688  12.563 0.3000000119
22149  -15.255  -74.676  14.850 0.2000000030
23287  -14.897  -73.321  14.216 0.2000000030
22196  -7.974  -74.710  10.392 0.4000000060
23327  -9.883  -73.790  9.917 0.3000000119
23342  -10.445  -73.762  9.614 0.3000000119
24331  -15.851  -72.343  14.483 0.2000000030
21049  -9.467  -75.036  9.401 0.3000000119
22213  -12.107  -74.096  9.262 0.3000000119
25361  -16.348  -71.780  14.683 0.2000000030
25375  -16.326  -71.364  13.185 0.2000000030
23344  -13.760  -73.744  9.461 0.3000000119
23345  -14.139  -73.083  9.242 0.3000000119
24378  -15.267  -72.423  9.788 0.2000000030
166591  -16.691  -70.932  12.693 0.2000000030
16479  -1.658  -79.368  37.204 0.8000000119
15356  -1.760  -79.813  36.566 0.8999999762
164203  -1.735  -78.270  36.169 0.8000000119
18548  -2.262  -77.574  36.519 0.8999999762
19616  -4.267  -77.012  35.143 0.8999999762
21874  -7.086  -73.724  34.297 0.5000000000
24098  -9.605  -72.489  32.276 0.4000000060
24109  -8.704  -72.058  31.539 0.5000000000
20891  -3.500  -75.270  22.970 0.8999999762
20892  -4.532  -75.713  22.758 1.0000000000
19823  -2.897  -76.015  22.830 0.8000000119
19825  -5.163  -76.389  22.503 1.0000000000
19836  -7.432  -76.978  21.733 1.0000000000
18805  -8.790  -77.565  18.963 1.0000000000
18806  -9.285  -76.832  19.044 1.0000000000
19870  -6.330  -76.705  18.689 1.0000000000
19871  -7.351  -76.435  18.546 1.0000000000
20933  -7.428  -75.607  18.327 1.0000000000
20932  -6.484  -75.783  18.608 0.8999999762
22095  -5.310  -74.420  18.430 0.8999999762
24283  -3.766  -72.868  16.940 1.0000000000
22133  -4.369  -74.980  16.279 0.6999999881
23272  -4.947  -74.192  16.208 0.6999999881
20972  -5.925  -75.721  15.460 0.6999999881
20992  -6.424  -75.970  14.796 0.6000000238
20993  -7.477  -75.688  14.754 0.6000000238
21011  -7.849  -75.630  13.837 0.4000000060
164216  -8.502  -75.179  13.252 0.5000000000
26388  -16.757  -71.004  14.498 0.2000000030
172457  -11.333  -73.328  9.943 0.3000000119
23343  -11.861  -73.312  9.323 0.3000000119
161191  -13.336  -73.180  9.161 0.3000000119
24387  -14.057  -72.466  9.028 0.3000000119
16492  -1.764  -78.969  36.386 0.8999999762
17525  -1.547  -77.784  35.656 0.8999999762
18547  -1.727  -77.845  36.260 0.8000000119
19600  -2.693  -76.841  36.099 0.8999999762
19633  -4.489  -76.617  34.280 0.8000000119
19650  -4.608  -76.207  33.480 0.8000000119
19651  -5.249  -76.074  33.407 0.6999999881
20741  -5.427  -75.509  33.060 0.6000000238
19599  -1.827  -77.138  36.002 0.8999999762
19632  -3.465  -76.092  34.899 1.0000000000
19649  -3.761  -75.971  33.791 0.8999999762
19665  -3.968  -75.896  32.924 0.8999999762
21872  -5.856  -74.567  33.280 0.6000000238
23016  -6.308  -73.553  33.569 0.6000000238
21891  -5.355  -73.933  32.683 0.6999999881
24095  -6.556  -72.816  33.227 0.6000000238
24096  -7.680  -72.352  32.666 0.6000000238
23036  -5.617  -72.992  32.760 0.6999999881
170805  -5.926  -72.364  32.570 0.6999999881
25133  -6.915  -71.792  31.786 0.6000000238
25134  -7.847  -71.956  31.716 0.6000000238
25151  -6.381  -70.997  31.235 0.6000000238
25152  -7.261  -71.335  31.032 0.6000000238
25153  -8.058  -71.535  30.886 0.5000000000
25171  -8.273  -71.024  30.450 0.6000000238
24125  -9.649  -71.779  30.517 0.5000000000
25172  -9.079  -71.109  30.306 0.6000000238
22047  -4.396  -74.920  22.725 0.8999999762
189502  -4.900  -75.286  22.611 1.0000000000
22046  -3.679  -74.297  22.807 0.8000000119
23190  -3.805  -73.428  22.258 0.8000000119
188767  -6.231  -75.800  22.291 1.0000000000
20897  -6.791  -75.560  21.968 1.0000000000
22051  -4.409  -74.202  22.202 0.8999999762
22052  -5.764  -74.379  21.652 1.0000000000
20898  -7.501  -76.101  21.720 1.0000000000
22053  -6.739  -74.719  21.572 1.0000000000
178973  -7.389  -75.351  21.620 1.0000000000
19837  -8.326  -76.747  21.237 1.0000000000
18781  -9.400  -76.967  19.809 1.0000000000
20902  -8.931  -75.587  20.713 1.0000000000
185025  -8.227  -75.428  18.109 1.0000000000
22097  -7.630  -74.841  17.993 0.8999999762
24286  -6.269  -72.132  17.369 0.8999999762
23231  -6.065  -73.783  18.006 0.8999999762
22096  -6.533  -74.841  18.289 0.8999999762
24285  -5.368  -72.085  17.164 0.8000000119
23230  -4.931  -73.369  18.040 1.0000000000
24297  -4.276  -72.453  16.782 0.8000000119
170365  -5.346  -73.020  15.748 0.6000000238
23273  -5.841  -74.307  15.884 0.6999999881
23283  -6.261  -73.063  15.357 0.6000000238
23274  -6.811  -74.333  15.596 0.6000000238
22146  -8.749  -74.620  14.751 0.5000000000
23285  -8.366  -73.823  14.983 0.5000000000
22158  -10.226  -74.394  13.055 0.4000000060
22159  -10.809  -73.865  12.257 0.4000000060
22183  -10.825  -73.670  11.318 0.3000000119
25362  -16.877  -71.426  15.222 0.1000000015
161960  -11.663  -72.642  10.635 0.3000000119
24375  -12.027  -72.661  9.940 0.3000000119
18565  -1.511  -77.314  35.647 1.0000000000
19615  -2.655  -76.156  35.531 1.0000000000
16505  -2.022  -79.033  35.550 0.8999999762
17537  -1.514  -78.296  34.768 0.8999999762
20707  -2.488  -75.726  35.062 1.0000000000
166765  -2.271  -79.049  34.790 0.8999999762
20755  -4.432  -75.291  32.525 0.6999999881
20756  -5.164  -74.777  32.604 0.6999999881
24094  -5.069  -72.255  32.370 0.8000000119
25132  -5.852  -71.635  31.916 0.6999999881
25169  -6.989  -70.533  30.810 0.6999999881
26214  -7.732  -70.357  30.567 0.6000000238
25269  -2.949  -71.914  22.810 0.6000000238
23189  -3.341  -72.793  22.402 0.8000000119
24245  -4.026  -72.545  21.913 0.8000000119
23191  -4.575  -73.421  21.606 0.8999999762
158729  -5.339  -73.647  21.294 1.0000000000
23192  -6.313  -73.720  21.104 1.0000000000
22061  -7.217  -74.134  21.170 1.0000000000
20899  -8.197  -75.683  21.282 1.0000000000
19850  -9.446  -76.168  19.508 1.0000000000
22110  -7.025  -74.159  17.880 1.0000000000
25345  -5.203  -72.015  16.215 0.6000000238
24317  -6.000  -72.014  15.411 0.6000000238
24328  -7.891  -72.591  14.556 0.6000000238
163001  -8.824  -73.090  14.479 0.5000000000
23293  -10.166  -73.756  13.733 0.5000000000
24342  -11.067  -72.723  12.624 0.4000000060
23286  -9.342  -73.852  14.460 0.5000000000
23302  -11.350  -73.218  11.977 0.3000000119
180492  -11.576  -72.675  11.343 0.3000000119
25414  -12.585  -71.925  9.862 0.3000000119
17524  -1.353  -77.784  35.035 0.8999999762
20705  -1.467  -76.284  35.284 0.8999999762
20724  -2.835  -75.504  34.300 0.8999999762
17549  -1.122  -77.733  34.293 0.8999999762
20754  -3.597  -75.316  32.728 0.8999999762
21889  -3.717  -74.614  32.543 0.8000000119
171154  -3.896  -73.818  32.527 0.8000000119
23035  -4.602  -73.242  32.501 0.8000000119
24093  -4.448  -72.217  32.523 0.8999999762
25131  -4.891  -71.309  31.999 0.8000000119
25150  -5.542  -70.689  31.609 0.8000000119
25149  -4.936  -70.510  31.818 0.8000000119
26196  -6.154  -70.029  31.403 0.8000000119
27291  -7.119  -69.788  31.039 0.8000000119
27292  -8.004  -69.738  30.832 0.6999999881
184378  -2.942  -71.015  22.808 0.5000000000
163189  -3.211  -71.288  22.586 0.5000000000
25275  -3.800  -71.541  22.051 0.8000000119
23201  -4.703  -72.664  21.277 1.0000000000
22054  -7.677  -74.816  21.292 1.0000000000
20903  -9.372  -75.445  20.075 1.0000000000
22098  -8.530  -74.838  17.780 1.0000000000
20935  -9.297  -75.446  18.383 1.0000000000
22111  -7.901  -74.084  17.585 1.0000000000
25311  -5.458  -71.892  16.814 0.8999999762
23244  -6.925  -73.191  17.583 1.0000000000
25346  -5.783  -71.786  15.893 0.6000000238
20706  -1.852  -75.903  35.289 1.0000000000
16519  -1.929  -78.673  33.995 0.6999999881
163138  -1.024  -77.610  33.600 0.6999999881
20723  -1.857  -75.267  34.804 1.0000000000
21871  -3.066  -74.778  33.180 1.0000000000
160459  -3.300  -73.896  33.111 1.0000000000
23034  -3.771  -72.949  32.911 0.8999999762
24092  -3.972  -71.968  33.086 0.8999999762
25130  -4.560  -70.751  32.308 0.8000000119
27265  -5.605  -69.641  32.360 0.8000000119
27267  -7.531  -69.387  31.705 0.8000000119
27268  -8.511  -69.394  31.627 0.8000000119
26300  -3.178  -70.663  22.558 0.6000000238
27385  -2.521  -69.840  23.489 0.4000000060
26303  -3.901  -70.825  21.759 0.8000000119
25278  -4.082  -71.300  21.564 0.8000000119
168892  -7.265  -73.409  20.827 1.0000000000
183668  -8.393  -74.996  20.988 1.0000000000
22062  -8.088  -74.178  20.843 1.0000000000
23205  -8.963  -73.961  20.445 1.0000000000
20913  -9.509  -75.230  19.193 1.0000000000
22099  -9.779  -74.689  18.466 1.0000000000
19631  -1.041  -76.612  34.609 0.8999999762
184780  -1.175  -76.155  35.021 0.8999999762
20722  -1.320  -75.565  34.936 0.8999999762
21854  -1.827  -74.398  34.442 0.8999999762
22996  -2.075  -73.532  34.345 1.0000000000
23014  -2.507  -73.895  34.016 1.0000000000
23015  -3.169  -73.008  33.960 1.0000000000
24078  -3.568  -72.380  33.740 1.0000000000
26180  -4.838  -70.308  33.576 0.8000000119
26194  -4.878  -70.030  32.233 0.8000000119
27244  -5.250  -69.813  34.539 0.8999999762
27246  -6.491  -69.505  33.447 0.8000000119
27247  -7.242  -69.353  33.234 0.8999999762
27249  -9.217  -69.169  32.864 0.8999999762
27271  -11.539  -69.530  32.053 0.8999999762
27398  -3.391  -70.078  22.115 0.6999999881
27399  -3.893  -70.056  21.348 0.8000000119
27403  -4.183  -69.890  20.913 0.8000000119
24256  -5.826  -72.037  20.537 1.0000000000
28510  -3.635  -69.435  21.532 0.8000000119
172935  -7.396  -72.569  20.531 1.0000000000
23204  -8.175  -73.247  20.542 1.0000000000
24258  -9.153  -73.036  20.249 1.0000000000
22064  -9.495  -74.565  19.966 1.0000000000
22113  -9.826  -74.280  17.539 1.0000000000
22112  -8.879  -74.125  17.427 1.0000000000
23245  -8.257  -73.122  17.237 1.0000000000
161247  -6.717  -71.528  17.191 0.8999999762
18597  -1.052  -77.182  34.074 0.8999999762
19648  -0.813  -76.466  33.989 0.8999999762
21852  -0.991  -74.896  34.479 0.8999999762
20737  -0.656  -75.614  33.889 0.8999999762
170510  -0.957  -77.067  33.558 0.8000000119
22995  -1.783  -73.489  34.236 1.0000000000
24065  -2.244  -72.753  34.533 1.0000000000
22997  -2.741  -72.686  34.533 1.0000000000
24056  -3.160  -71.990  34.896 1.0000000000
25117  -3.868  -71.674  34.365 1.0000000000
183996  -4.507  -70.444  35.051 1.0000000000
27245  -6.025  -69.668  34.111 0.8999999762
27222  -6.856  -69.237  34.273 0.8999999762
27248  -8.178  -69.215  32.929 0.8999999762
27223  -7.832  -69.052  34.013 0.8999999762
27226  -10.055  -68.821  33.272 0.8999999762
28338  -10.636  -68.320  33.455 0.8999999762
27251  -11.966  -69.049  33.102 0.8999999762
28500  -3.505  -68.441  21.776 0.6999999881
185137  -3.894  -69.386  21.008 0.8000000119
25280  -5.304  -71.215  20.591 0.8000000119
159042  -6.123  -71.290  20.359 1.0000000000
24257  -6.715  -71.933  20.421 1.0000000000
164483  -8.927  -72.149  20.259 1.0000000000
189431  -9.673  -73.855  20.107 1.0000000000
23213  -10.169  -74.144  19.694 1.0000000000
167918  -9.440  -73.483  17.075 0.8999999762
22077  -10.451  -74.402  19.039 1.0000000000
159069  -9.123  -72.569  16.890 0.8999999762
25314  -8.494  -71.203  17.155 0.6999999881
25104  -3.130  -71.567  35.030 1.0000000000
26150  -3.622  -70.963  35.095 1.0000000000
27202  -4.213  -70.397  35.003 1.0000000000
27220  -4.692  -69.889  34.844 1.0000000000
168866  -5.201  -69.297  34.542 1.0000000000
27221  -5.991  -69.249  34.477 1.0000000000
28318  -8.290  -68.377  34.047 0.8999999762
27225  -9.432  -68.644  33.573 0.8999999762
29402  -9.801  -67.292  33.450 0.8000000119
28352  -13.491  -67.981  32.129 0.8999999762
28387  -16.912  -68.618  30.059 1.0000000000
28389  -18.372  -69.040  30.178 0.8000000119
27332  -22.432  -69.313  28.925 0.4000000060
27330  -20.683  -69.767  28.647 0.4000000060
27347  -21.329  -69.492  27.880 0.6999999881
28420  -21.698  -68.866  27.481 0.6999999881
29591  -3.909  -67.625  21.377 0.8000000119
26308  -5.420  -70.443  20.509 0.8999999762
157949  -6.247  -70.494  20.341 1.0000000000
159068  -7.796  -70.939  20.285 1.0000000000
25281  -8.385  -71.579  20.294 1.0000000000
24259  -10.261  -73.297  19.854 1.0000000000
166176  -10.694  -72.390  19.933 0.8000000119
23206  -11.211  -73.149  19.507 0.8999999762
23233  -11.715  -73.851  18.020 0.8000000119
24288  -10.283  -72.934  16.816 0.8000000119
24276  -12.421  -72.486  17.979 0.8000000119
24290  -11.905  -73.142  17.551 0.6999999881
25307  -12.909  -71.842  18.512 0.6000000238
25316  -10.773  -72.119  16.861 0.6999999881
26337  -8.600  -70.074  17.280 0.6000000238
157723  -7.672  -70.486  17.107 0.6000000238
26340  -13.142  -70.388  18.015 0.5000000000
22994  -1.432  -73.500  34.062 1.0000000000
25103  -2.177  -72.109  34.610 1.0000000000
167350  -2.560  -71.641  34.904 1.0000000000
179635  -2.451  -70.155  34.401 1.0000000000
28316  -6.540  -68.632  34.476 0.8000000119
28317  -7.417  -68.559  34.253 0.8999999762
29400  -7.916  -67.661  34.103 0.8999999762
29401  -8.642  -67.595  33.981 0.8000000119
29428  -10.392  -66.900  33.005 0.8000000119
30602  -10.817  -66.825  32.587 0.6999999881
29465  -13.716  -67.654  31.342 0.8999999762
29430  -12.785  -67.679  32.399 0.8999999762
181019  -13.104  -67.446  31.860 0.8000000119
28367  -14.571  -68.060  31.134 1.0000000000
177062  -14.647  -68.230  30.314 0.8999999762
29565  -3.552  -66.684  22.835 0.6999999881
28368  -15.443  -68.368  30.778 1.0000000000
165713  -15.956  -68.555  29.892 1.0000000000
28404  -17.352  -68.960  29.178 1.0000000000
27313  -18.871  -69.279  29.327 1.0000000000
28406  -22.096  -69.132  28.127 0.6000000238
30755  -3.856  -66.984  21.854 0.8000000119
30756  -4.393  -66.833  21.181 0.8999999762
28403  -16.391  -68.875  29.034 0.8999999762
189137  -17.458  -69.341  28.213 1.0000000000
27328  -18.784  -69.554  28.034 0.6999999881
27346  -20.436  -69.688  27.610 0.6999999881
29511  -22.227  -68.211  27.671 0.6000000238
29496  -22.627  -67.800  28.328 0.6000000238
28515  -4.645  -68.211  20.508 0.8999999762
27406  -6.589  -69.651  20.465 0.8999999762
27345  -19.500  -69.730  27.315 0.8000000119
27361  -20.209  -69.455  26.668 0.8000000119
28438  -21.607  -68.300  26.921 0.6999999881
157720  -7.180  -70.296  20.352 1.0000000000
25282  -9.216  -71.495  20.285 1.0000000000
171096  -9.722  -72.303  20.127 0.8999999762
25283  -10.179  -71.502  20.240 0.8999999762
24262  -11.924  -72.875  19.176 0.8000000119
25289  -12.183  -72.120  19.681 0.6999999881
25290  -12.953  -71.647  19.476 0.6000000238
26330  -13.122  -71.184  18.235 0.6000000238
159263  -13.727  -70.321  19.396 0.6000000238
26341  -13.807  -69.845  18.326 0.5000000000
27443  -12.932  -69.541  17.683 0.5000000000
158872  -13.780  -69.103  17.738 0.5000000000
180978  -13.567  -68.383  17.207 0.5000000000
165891  -0.724  -74.770  33.667 0.8000000119
21870  -0.970  -74.105  34.100 0.8999999762
28315  -5.685  -68.661  34.474 0.8000000119
29398  -5.988  -67.984  34.113 0.8000000119
29426  -8.505  -66.967  33.324 0.8000000119
30601  -10.232  -66.783  32.536 0.6999999881
29448  -11.487  -66.878  32.123 0.6999999881
29425  -7.528  -67.172  33.238 0.6000000238
169709  -11.765  -67.346  30.917 0.6000000238
163132  -12.812  -67.364  31.138 0.6000000238
29480  -13.041  -67.885  30.144 0.6000000238
28386  -14.969  -68.552  29.558 0.8999999762
30741  -4.118  -66.385  22.008 0.8999999762
28385  -13.283  -68.301  29.266 0.5000000000
28401  -14.520  -68.822  28.527 0.6000000238
177439  -17.953  -69.540  27.647 0.6999999881
30757  -4.951  -66.413  20.781 0.8999999762
29592  -4.465  -67.573  20.740 0.8999999762
160101  -5.191  -68.852  20.532 0.8999999762
27324  -15.107  -69.112  27.840 0.6000000238
171620  -17.669  -69.586  26.623 0.6999999881
27359  -18.352  -69.516  25.967 0.6999999881
28436  -19.864  -69.070  25.818 0.6000000238
30771  -4.948  -66.906  20.505 0.8999999762
173810  -5.255  -67.947  20.205 0.8999999762
158753  -6.823  -69.009  20.637 1.0000000000
157719  -8.047  -70.108  20.445 1.0000000000
159796  -8.651  -70.783  20.360 0.8999999762
28434  -17.371  -69.148  25.697 0.6999999881
28449  -19.316  -68.734  25.078 0.6999999881
179980  -8.271  -69.262  20.671 1.0000000000
26310  -10.643  -70.577  20.512 0.8999999762
29545  -20.540  -67.605  24.999 0.6000000238
25284  -11.345  -71.611  20.187 0.8000000119
25285  -12.341  -71.300  20.203 0.6999999881
33019  -21.491  -64.644  24.137 0.4000000060
26313  -13.016  -70.240  20.415 0.6999999881
27410  -12.558  -69.659  20.653 0.6999999881
28523  -12.915  -68.820  20.587 0.6999999881
27411  -13.321  -69.669  20.358 0.6999999881
27435  -14.118  -69.848  18.980 0.5000000000
28533  -14.356  -68.900  19.737 0.6000000238
178937  -14.588  -69.160  19.110 0.5000000000
28534  -14.840  -68.480  19.179 0.6999999881
28544  -15.003  -68.595  18.595 0.5000000000
29396  -4.079  -67.970  33.400 0.6999999881
31889  -4.461  -65.779  22.304 0.8000000119
31890  -5.106  -65.521  21.773 0.8999999762
29600  -5.534  -67.229  20.002 0.8999999762
168021  -5.980  -67.806  20.055 1.0000000000
159964  -6.878  -67.738  20.160 0.8999999762
28518  -7.476  -68.557  20.635 1.0000000000
28519  -8.526  -68.433  20.708 1.0000000000
27407  -7.408  -69.470  20.565 1.0000000000
157953  -8.939  -69.939  20.542 0.8999999762
26311  -11.614  -70.653  20.511 0.8000000119
34088  -22.104  -63.610  25.102 0.4000000060
159430  -11.103  -69.103  20.777 0.8000000119
26312  -12.416  -70.444  20.509 0.6999999881
34104  -21.675  -63.863  24.225 0.4000000060
35177  -22.158  -62.804  25.081 0.4000000060
28521  -10.972  -68.281  20.674 0.6999999881
176791  -10.466  -67.361  20.418 0.6999999881
29605  -12.015  -68.092  20.577 0.6999999881
29604  -11.314  -67.526  20.402 0.6999999881
179835  -12.909  -67.796  20.288 0.6999999881
30776  -11.090  -66.728  20.062 0.6999999881
180906  -12.102  -67.094  20.051 0.6999999881
29624  -14.461  -68.070  19.657 0.6999999881
30798  -14.948  -66.711  19.322 0.6999999881
29625  -15.023  -67.638  19.158 0.6999999881
29635  -15.454  -67.508  18.119 0.5000000000
186932  -15.077  -66.641  16.764 0.5000000000
30831  -13.833  -66.064  16.181 0.5000000000
167769  -4.552  -63.978  23.569 0.8000000119
33027  -5.133  -64.430  23.052 0.8000000119
30772  -5.497  -66.386  20.276 0.8999999762
29601  -6.262  -67.067  19.762 0.8999999762
31900  -6.087  -65.746  20.203 0.8999999762
29621  -6.527  -66.247  19.686 1.0000000000
176161  -7.905  -67.694  20.440 0.8999999762
29602  -8.937  -67.764  20.588 0.8999999762
30793  -9.039  -66.154  19.698 0.8000000119
30774  -8.431  -66.999  20.000 0.8999999762
171827  -9.348  -68.415  20.719 0.8000000119
36188  -22.382  -61.973  26.899 0.6000000238
30775  -9.489  -67.128  20.326 0.8999999762
29603  -9.889  -67.964  20.666 0.6999999881
162173  -21.939  -60.863  26.024 0.6999999881
176251  -9.924  -65.610  19.505 0.8000000119
173826  -10.133  -66.469  20.035 0.8000000119
182992  -21.774  -60.222  26.194 0.5000000000
39337  -21.588  -58.926  24.186 0.3000000119
173350  -21.766  -59.399  24.793 0.4000000060
31911  -9.895  -64.812  19.052 0.8000000119
30794  -10.796  -65.878  19.691 0.8000000119
31914  -13.712  -65.895  19.803 0.6000000238
40379  -21.531  -57.844  24.427 0.3000000119
33072  -10.610  -64.585  19.376 0.6000000238
30795  -11.716  -66.147  19.725 0.6999999881
166759  -12.105  -65.679  19.720 0.6999999881
31915  -14.693  -65.916  19.575 0.6000000238
31916  -15.387  -65.928  19.075 0.6000000238
33080  -15.645  -64.841  18.345 0.6000000238
30799  -15.326  -66.848  18.860 0.6000000238
31930  -15.622  -65.496  17.702 0.5000000000
31947  -14.749  -66.082  16.589 0.5000000000
34108  -5.379  -63.505  23.460 0.8999999762
181872  -6.028  -64.735  21.316 0.8999999762
33047  -6.171  -65.083  20.641 0.8999999762
33057  -6.660  -65.066  19.923 0.8999999762
31908  -6.905  -65.598  19.547 0.8000000119
34147  -7.157  -64.250  19.653 0.8000000119
30792  -7.872  -66.121  19.459 0.8000000119
181444  -22.386  -60.387  28.381 0.8999999762
36162  -22.382  -61.282  27.400 0.8000000119
34148  -7.808  -63.580  19.262 0.8000000119
175354  -8.288  -65.460  19.265 0.8000000119
38263  -21.997  -60.004  27.591 0.8000000119
37232  -22.041  -60.581  26.915 0.6000000238
33070  -9.075  -64.317  18.841 0.8000000119
39303  -21.476  -58.603  26.162 0.5000000000
167456  -21.354  -59.173  26.739 0.6000000238
175009  -9.088  -63.539  18.789 0.8000000119
41460  -20.828  -56.683  24.101 0.2000000030
41442  -21.551  -57.099  24.897 0.3000000119
39317  -21.744  -58.633  25.024 0.4000000060
33071  -9.864  -64.006  18.839 0.6999999881
160376  -10.383  -63.627  19.336 0.6000000238
34141  -10.752  -63.596  20.355 0.6000000238
31901  -13.480  -65.421  20.237 0.6000000238
40377  -20.223  -57.282  23.831 0.2000000030
33058  -11.145  -64.363  19.943 0.6000000238
33059  -11.882  -64.585  20.466 0.6000000238
33060  -12.755  -64.961  20.561 0.6000000238
33061  -13.856  -64.922  20.867 0.6000000238
35201  -5.561  -62.401  23.715 0.8999999762
34119  -5.886  -64.233  22.674 0.8999999762
186050  -6.431  -63.017  23.297 0.8999999762
34120  -6.578  -63.637  22.463 1.0000000000
181248  -7.081  -63.096  21.595 0.8000000119
34129  -7.128  -63.061  20.657 0.8000000119
38254  -22.458  -59.461  29.690 1.0000000000
39275  -21.877  -58.307  29.336 0.8000000119
35236  -8.031  -62.810  19.431 0.8000000119
175783  -8.319  -63.871  18.938 0.8000000119
39287  -20.839  -58.340  27.697 0.8999999762
35230  -8.265  -62.236  19.809 0.8000000119
40354  -21.630  -57.762  25.386 0.5000000000
39302  -21.006  -58.512  27.107 0.6000000238
35237  -8.623  -62.575  19.275 0.8000000119
36258  -9.407  -61.415  20.363 0.6999999881
168753  -20.552  -55.989  24.225 0.3000000119
162453  -21.496  -56.278  24.981 0.5000000000
179867  -21.492  -56.924  25.644 0.5000000000
41436  -21.199  -56.683  26.449 0.5000000000
35238  -9.220  -62.467  19.290 0.6999999881
36259  -9.985  -61.439  20.111 0.6999999881
35231  -10.139  -62.241  19.927 0.6999999881
35222  -10.507  -62.943  20.925 0.6999999881
41461  -21.129  -56.073  24.492 0.4000000060
34130  -11.374  -63.381  21.610 0.6999999881
34131  -12.409  -63.708  21.904 0.6000000238
33051  -14.184  -64.189  21.424 0.6000000238
42642  -18.474  -55.260  24.199 0.3000000119
42643  -19.554  -55.573  24.159 0.3000000119
42644  -20.860  -55.217  24.480 0.4000000060
42645  -21.331  -55.550  24.822 0.5000000000
38298  -5.342  -59.485  25.630 0.8000000119
35202  -6.642  -62.237  23.428 0.8999999762
35211  -7.187  -62.689  22.560 0.8999999762
172792  -21.478  -56.477  30.128 0.8999999762
35229  -7.671  -62.513  20.156 0.8000000119
40320  -20.304  -57.368  28.411 0.8999999762
36256  -7.943  -61.769  20.511 0.6999999881
186494  -19.904  -57.496  27.985 0.5000000000
37286  -8.595  -60.549  21.256 0.6999999881
38365  -9.241  -60.175  21.237 0.8000000119
170984  -9.882  -60.838  20.479 0.6999999881
168496  -10.240  -60.939  20.763 0.6999999881
36249  -10.339  -61.901  20.898 0.6999999881
35223  -10.977  -62.466  21.820 0.6999999881
35214  -13.308  -62.387  22.788 0.6999999881
34133  -14.401  -63.416  21.815 0.6000000238
166547  -18.000  -54.648  24.205 0.4000000060
166813  -19.136  -54.488  24.331 0.5000000000
169586  -20.151  -54.659  24.428 0.6000000238
36239  -13.635  -61.607  22.918 0.6000000238
43836  -18.396  -53.767  24.238 0.4000000060
39312  -5.612  -58.921  25.418 0.6999999881
39295  -6.057  -58.525  25.856 0.6999999881
36211  -6.087  -60.530  23.944 0.8999999762
36224  -6.952  -61.455  23.508 0.8000000119
35203  -7.417  -62.049  23.120 0.8000000119
38327  -6.846  -59.894  23.961 0.8000000119
37265  -7.422  -60.775  23.595 0.8000000119
35212  -7.623  -61.819  22.269 0.8000000119
38313  -6.450  -59.045  24.308 0.8000000119
36226  -8.304  -60.795  23.109 0.8000000119
38329  -8.647  -60.052  23.262 0.8000000119
38341  -9.004  -59.646  22.276 0.8000000119
38355  -8.977  -59.933  21.583 0.8000000119
39357  -9.397  -59.204  21.765 0.8000000119
38367  -10.081  -59.439  20.817 0.8000000119
182755  -10.521  -59.413  20.937 0.8000000119
172347  -11.445  -61.087  22.135 0.6999999881
169478  -10.832  -58.706  21.004 0.8000000119
37278  -11.818  -60.444  22.247 0.6999999881
165261  -12.863  -60.808  22.725 0.6000000238
187412  -19.313  -53.575  24.407 0.5000000000
43837  -20.061  -53.862  24.544 0.5000000000
38344  -13.423  -60.006  22.601 0.6000000238
38346  -15.237  -60.009  22.250 0.4000000060
43835  -17.386  -54.040  24.088 0.3000000119
44870  -20.519  -53.405  24.869 0.6999999881
39328  -5.829  -58.903  24.747 0.8000000119
40335  -6.306  -57.729  25.438 0.8999999762
186564  -6.241  -58.467  24.635 0.8000000119
39329  -6.856  -58.401  24.352 0.8999999762
39347  -8.067  -58.502  24.093 0.6999999881
180310  -9.109  -58.570  23.572 0.8000000119
40389  -8.112  -56.950  24.345 0.8999999762
39348  -9.499  -58.081  22.873 0.8999999762
39358  -9.684  -58.393  21.893 0.8000000119
40390  -9.317  -57.218  23.377 0.8999999762
40400  -9.794  -57.453  22.041 0.8000000119
40410  -10.159  -57.389  21.569 0.8000000119
40411  -10.300  -58.051  21.349 0.8000000119
166265  -10.386  -57.342  21.488 0.8000000119
38357  -11.579  -58.588  21.478 0.6000000238
172185  -12.441  -59.834  22.364 0.6000000238
39372  -12.364  -58.057  21.671 0.5000000000
184270  -12.994  -59.366  22.367 0.5000000000
38345  -14.382  -60.031  22.558 0.5000000000
45908  -17.359  -52.338  23.861 0.4000000060
172834  -18.981  -52.763  24.309 0.4000000060
44869  -19.932  -53.029  24.590 0.6999999881
45898  -20.418  -52.620  24.996 0.8000000119
40414  -13.352  -57.471  21.781 0.4000000060
175295  -14.548  -58.711  22.198 0.3000000119
45895  -18.245  -51.998  24.082 0.8000000119
45896  -19.233  -51.818  24.419 0.8000000119
45897  -19.870  -52.196  24.676 0.8999999762
171175  -14.236  -57.032  21.720 0.4000000060
167102  -14.407  -57.864  21.918 0.4000000060
40349  -6.414  -57.855  24.792 0.8999999762
40350  -6.596  -56.920  25.018 0.8999999762
40369  -7.179  -57.527  24.444 0.8999999762
188855  -7.094  -56.690  24.675 0.8000000119
157873  -7.502  -55.368  24.910 0.8000000119
41471  -8.987  -56.383  23.883 0.8999999762
189740  -8.986  -55.251  23.790 0.8000000119
165061  -9.777  -56.059  22.167 0.8000000119
172930  -9.296  -54.954  23.283 0.6999999881
42669  -10.244  -55.070  21.980 0.8000000119
41489  -10.709  -56.687  21.501 0.6000000238
164585  -10.991  -55.666  21.606 0.4000000060
41490  -11.441  -56.283  21.494 0.4000000060
41491  -12.436  -56.041  21.567 0.4000000060
165115  -17.469  -51.739  23.864 0.8000000119
46982  -17.976  -51.264  24.034 0.8000000119
158977  -12.806  -55.177  21.573 0.3000000119
178678  -14.129  -56.254  21.635 0.3000000119
42685  -14.924  -55.934  21.541 0.3000000119
40415  -15.321  -57.406  21.645 0.3000000119
46994  -17.160  -51.045  23.773 0.6999999881
43874  -14.969  -55.099  21.462 0.2000000030
42686  -15.799  -55.686  21.439 0.2000000030
44861  -7.803  -52.655  25.205 0.8000000119
43841  -9.063  -54.017  23.627 0.6999999881
47936  -19.624  -50.644  25.534 0.8000000119
45901  -8.863  -52.288  23.824 0.6999999881
44873  -9.368  -53.208  23.262 0.8000000119
44887  -10.100  -53.474  22.496 0.4000000060
47955  -18.900  -50.118  24.567 0.6000000238
161400  -11.110  -53.711  21.586 0.3000000119
43873  -11.910  -54.786  21.439 0.3000000119
47967  -17.343  -50.067  23.890 0.6000000238
47954  -18.095  -50.503  24.158 0.6000000238
46983  -18.920  -51.026  24.349 0.6000000238
46984  -19.821  -51.282  24.886 0.6999999881
46969  -20.233  -51.935  25.189 0.8000000119
157410  -12.582  -54.314  21.468 0.3000000119
157509  -13.887  -54.484  21.520 0.3000000119
47966  -16.466  -50.409  23.631 0.6000000238
157708  -15.154  -54.206  21.455 0.2000000030
43875  -15.948  -54.850  21.430 0.2000000030
187671  -16.718  -49.687  23.713 0.6000000238
45883  -8.105  -51.718  26.108 0.8000000119
47950  -8.574  -50.830  24.965 0.6000000238
189719  -9.128  -51.627  23.552 0.5000000000
47960  -9.058  -50.415  24.393 0.6000000238
47001  -9.620  -51.181  22.932 0.5000000000
45914  -10.380  -52.968  22.178 0.4000000060
47014  -10.165  -50.980  22.290 0.4000000060
47015  -10.692  -51.186  21.713 0.4000000060
45927  -10.844  -52.963  21.734 0.4000000060
157226  -11.707  -54.277  21.415 0.3000000119
49047  -18.198  -49.531  24.389 0.6000000238
49048  -18.946  -49.442  24.771 0.6000000238
185263  -18.886  -49.177  25.422 0.6999999881
47985  -10.320  -50.254  22.059 0.3000000119
47028  -11.326  -51.220  21.212 0.3000000119
45939  -12.121  -52.824  21.211 0.3000000119
44903  -13.264  -53.643  21.456 0.3000000119
49058  -15.496  -48.936  23.491 0.6000000238
172750  -15.953  -49.746  23.552 0.6999999881
49060  -17.323  -49.198  23.992 0.6000000238
45941  -13.586  -52.022  21.096 0.3000000119
45931  -14.738  -52.894  21.329 0.3000000119
44904  -14.380  -53.566  21.429 0.3000000119
49059  -16.467  -48.953  23.687 0.5000000000
166961  -17.936  -48.612  24.438 0.6000000238
165239  -18.633  -48.835  24.788 0.6000000238
180639  -15.539  -52.465  21.319 0.3000000119
44905  -15.389  -53.352  21.394 0.2000000030
50195  -17.164  -48.285  23.967 0.4000000060
47018  -16.108  -51.661  21.277 0.3000000119
45932  -16.588  -52.419  21.405 0.3000000119
47933  -8.521  -50.936  25.375 0.8000000119
168484  -9.876  -51.505  25.434 0.6999999881
159632  -10.706  -51.495  24.906 0.6999999881
45902  -11.584  -51.549  24.230 0.6999999881
46988  -11.738  -50.783  23.949 0.6000000238
166126  -12.810  -50.892  23.556 0.6000000238
47962  -13.056  -49.922  23.465 0.5000000000
47972  -9.379  -50.169  23.490 0.5000000000
47973  -9.756  -50.194  22.702 0.5000000000
49075  -10.479  -49.278  21.796 0.4000000060
49076  -11.142  -49.603  21.161 0.3000000119
47030  -12.703  -50.845  20.546 0.3000000119
50159  -18.365  -47.931  25.356 0.6000000238
50151  -18.476  -48.545  25.848 0.6000000238
170291  -13.463  -51.263  20.794 0.3000000119
47031  -14.311  -51.455  21.021 0.3000000119
50194  -16.095  -47.794  23.540 0.4000000060
51338  -18.153  -47.244  24.859 0.6000000238
50174  -18.361  -48.110  24.820 0.6000000238
180444  -18.637  -48.479  25.193 0.6000000238
47017  -15.195  -51.596  21.179 0.3000000119
47987  -15.696  -51.002  21.130 0.3000000119
51350  -17.759  -47.710  24.414 0.6000000238
47019  -17.147  -51.606  21.454 0.3000000119
51367  -17.148  -47.406  23.860 0.6000000238
45882  -7.978  -51.759  25.461 0.6999999881
47934  -8.985  -50.688  25.384 0.8000000119
46980  -9.803  -50.725  25.132 0.6999999881
46981  -10.821  -50.699  24.587 0.6999999881
47951  -8.884  -50.430  24.975 0.6000000238
184365  -10.954  -50.012  24.256 0.5000000000
47961  -11.788  -49.779  23.778 0.6000000238
49044  -9.375  -49.974  24.508 0.5000000000
49052  -9.522  -49.365  23.916 0.5000000000
49055  -12.367  -48.969  23.469 0.5000000000
49065  -9.642  -49.307  23.110 0.5000000000
50191  -12.957  -48.233  23.217 0.4000000060
167159  -9.984  -48.674  22.595 0.4000000060
50223  -10.923  -47.691  20.997 0.5000000000
47998  -12.076  -50.229  20.360 0.3000000119
173016  -11.286  -48.283  20.508 0.4000000060
49089  -12.248  -49.442  20.044 0.2000000030
47999  -13.537  -50.512  20.471 0.3000000119
162336  -13.995  -48.784  19.697 0.2000000030
49091  -14.606  -49.412  20.248 0.2000000030
47032  -14.924  -50.752  20.909 0.3000000119
161354  -16.685  -46.584  23.449 0.5000000000
174919  -14.110  -47.634  19.517 0.1000000015
50227  -14.938  -48.276  20.041 0.2000000030
48001  -15.739  -50.122  21.022 0.3000000119
52584  -17.618  -46.726  24.155 0.5000000000
52574  -17.841  -46.512  24.718 0.3000000119
170294  -17.775  -46.711  25.416 0.5000000000
50229  -16.400  -48.411  20.932 0.2000000030
47952  -9.392  -50.130  24.854 0.6999999881
47953  -10.075  -49.850  24.723 0.6000000238
49046  -10.447  -49.147  24.280 0.5000000000
49045  -9.699  -49.236  24.350 0.5000000000
49054  -11.047  -48.579  23.784 0.4000000060
49053  -10.003  -48.366  24.022 0.5000000000
50188  -10.002  -48.128  23.369 0.5000000000
50187  -9.777  -48.563  23.321 0.5000000000
50189  -10.545  -47.853  23.359 0.5000000000
50202  -12.422  -47.339  22.845 0.4000000060
51364  -13.501  -47.427  22.908 0.4000000060
50211  -10.446  -48.034  21.827 0.4000000060
51397  -10.769  -47.303  21.388 0.5000000000
51375  -15.095  -46.502  22.592 0.5000000000
50224  -11.359  -47.533  20.341 0.3000000119
50225  -12.007  -48.326  19.840 0.2000000030
51366  -15.249  -47.340  23.155 0.5000000000
184650  -15.791  -46.840  23.124 0.6000000238
52599  -16.647  -45.798  22.976 0.5000000000
51414  -11.986  -46.497  19.862 0.3000000119
50241  -12.543  -47.263  19.547 0.3000000119
52600  -17.291  -45.849  23.670 0.5000000000
171404  -14.759  -46.922  19.985 0.3000000119
53769  -17.601  -46.059  24.334 0.5000000000
51402  -15.479  -47.265  20.411 0.3000000119
51388  -16.864  -46.926  21.284 0.3000000119
52612  -17.679  -45.957  21.949 0.3000000119
50213  -17.603  -47.798  21.640 0.1000000015
51372  -10.842  -46.835  22.021 0.4000000060
51374  -12.977  -46.541  22.438 0.5000000000
52619  -11.270  -46.219  20.857 0.4000000060
52606  -11.321  -46.172  21.488 0.4000000060
52620  -11.887  -45.669  20.950 0.5000000000
52608  -13.519  -45.659  21.870 0.5000000000
51376  -16.023  -46.139  22.696 0.5000000000
51400  -13.015  -46.304  19.494 0.4000000060
52635  -13.595  -45.584  20.039 0.5000000000
52622  -14.287  -45.273  20.999 0.4000000060
52609  -14.597  -45.684  21.963 0.4000000060
52610  -15.565  -45.783  21.969 0.4000000060
176739  -13.397  -47.104  19.349 0.3000000119
52636  -14.486  -45.856  20.062 0.4000000060
174801  -15.070  -45.552  21.389 0.4000000060
52624  -16.332  -46.020  21.626 0.3000000119
52611  -16.542  -45.660  22.319 0.5000000000
51386  -15.775  -46.579  20.787 0.4000000060
51387  -16.177  -46.513  21.087 0.3000000119
53798  -17.014  -45.478  21.963 0.3000000119
27649  -30.531  -69.605  4.272 0.1000000015
27634  -32.785  -69.435  5.345 0.1000000015
449  -10.484  -100.290  11.289 0.6999999881
973  -10.900  -99.365  9.013 0.5000000000
1369  -10.763  -98.260  8.054 0.4000000060
2237  2.369  -96.893  18.509 0.3000000119
712  -12.351  -98.927  8.539 0.6999999881
1376  -13.082  -98.023  6.131 0.4000000060
1844  -11.618  -97.509  6.848 0.3000000119
1849  -12.842  -97.082  5.921 0.4000000060
726  -16.043  -99.799  6.001 0.6999999881
1863  -15.988  -96.157  4.888 0.6000000238
1196  -0.941  -97.964  24.099 0.2000000030
1308  -8.431  -97.038  12.889 0.6999999881
1858  -17.143  -96.817  5.494 0.5000000000
471  -14.271  -98.288  7.945 0.6999999881
717  -17.923  -99.516  7.525 0.6999999881
553  -0.546  -100.430  25.585 0.6999999881
9044  -3.713  -88.077  8.016 0.6000000238
11867  -2.944  -84.839  4.106 0.6999999881
11895  -3.962  -85.338  2.870 0.5000000000
155471  -14.508  -91.288  3.631 0.6000000238
1117  -2.642  -98.501  33.300 0.8999999762
156389  -15.647  -90.757  3.617 0.6999999881
155472  -13.209  -89.437  2.555 0.5000000000
178656  -4.540  -99.676  26.626 0.8999999762
12844  -5.920  -84.354  1.877 0.6999999881
157004  -14.616  -88.632  3.639 1.0000000000
156209  -13.782  -87.599  2.903 0.8999999762
147  -3.574  -102.023  23.421 0.8999999762
134  -3.817  -101.998  24.158 0.8000000119
561  -4.410  -100.764  24.208 0.8000000119
844  -5.800  -99.485  22.107 0.8000000119
9130  -7.715  -87.341  -1.436 0.1000000015
831  -6.609  -98.808  23.661 0.8000000119
13755  -7.845  -82.966  1.965 0.8000000119
10996  -12.117  -86.037  -4.195 0.5000000000
14751  -9.781  -81.301  2.402 0.8999999762
3250  -4.001  -94.544  29.444 0.8999999762
14777  -10.224  -82.306  1.430 0.8000000119
3843  -6.720  -93.352  27.424 0.8000000119
3841  -4.713  -93.534  27.677 0.8999999762
4503  0.779  -92.535  27.018 0.8999999762
188684  -10.893  -81.942  1.340 0.8000000119
3874  -1.335  -93.296  25.730 1.0000000000
5271  -3.973  -91.137  26.466 0.6999999881
3860  -3.992  -93.188  26.874 0.8000000119
159090  -4.392  -92.520  26.358 0.8000000119
14752  -12.440  -81.175  2.523 1.0000000000
6048  1.642  -90.841  29.260 0.8999999762
5214  -1.586  -91.476  29.211 0.8999999762
13669  -16.666  -83.239  7.218 0.5000000000
11839  -16.318  -84.762  6.728 0.5000000000
6050  -2.920  -90.350  28.944 0.6999999881
6049  -2.159  -90.695  29.493 0.6999999881
4486  -0.869  -91.888  28.727 1.0000000000
6938  1.385  -89.365  29.999 1.0000000000
12735  -5.056  -83.400  9.417 0.8000000119
15812  -17.877  -81.115  4.064 0.2000000030
11821  -16.665  -84.345  7.191 0.5000000000
15783  -18.522  -80.783  5.687 0.3000000119
15813  -18.637  -80.806  4.462 0.2000000030
14685  -18.575  -82.270  7.858 0.5000000000
6017  -1.776  -89.920  30.875 0.6999999881
7824  -2.502  -88.650  31.346 0.5000000000
16866  -10.667  -79.001  8.643 0.6000000238
12709  -9.153  -83.359  10.737 0.6999999881
20006  -12.747  -75.531  6.483 0.5000000000
15830  -18.429  -80.852  3.336 0.2000000030
14705  -18.258  -81.757  7.247 0.5000000000
165885  -20.232  -80.018  6.944 0.3000000119
17899  -12.147  -78.230  8.285 0.5000000000
13633  -0.794  -82.549  10.435 0.8999999762
16916  -21.017  -79.311  4.802 0.2000000030
15785  -19.793  -80.068  6.054 0.2000000030
16890  -21.293  -79.232  6.408 0.2000000030
8769  0.683  -87.588  29.809 0.6999999881
6873  0.288  -90.375  34.933 1.0000000000
18991  -18.782  -77.575  3.302 0.1000000015
20047  -19.455  -76.365  3.452 0.1000000015
13614  0.000  -83.037  13.547 0.8000000119
187056  -6.227  -80.669  8.834 0.6999999881
183363  -17.447  -78.413  8.006 0.1000000015
21144  -22.778  -75.713  1.269 0.1000000015
21145  -23.087  -76.171  1.510 0.1000000015
15710  -6.054  -79.602  10.022 0.5000000000
15696  -12.608  -80.838  11.269 0.5000000000
17904  -16.901  -78.239  8.693 0.2000000030
23423  -23.757  -73.767  3.496 0.1000000015
24461  -26.103  -72.389  3.397 0.1000000015
16827  -15.524  -79.264  10.648 0.3000000119
26511  -25.831  -70.748  8.065 0.1000000015
26499  -26.373  -70.658  8.586 0.1000000015
25472  -31.560  -70.947  7.246 0.1000000015
14605  -11.333  -81.871  13.500 0.5000000000
15682  -14.534  -81.001  12.415 0.3000000119
16787  -7.618  -79.341  14.105 0.4000000060
19963  -4.977  -76.776  10.440 0.6000000238
12464  0.188  -83.248  34.726 1.0000000000
14560  -3.555  -81.973  18.597 0.8000000119
17868  -19.281  -78.286  10.666 0.1000000015
14591  -14.241  -81.318  14.735 0.4000000060
18850  -2.565  -77.159  14.328 0.8000000119
14562  -5.573  -81.234  18.526 1.0000000000
16775  -11.169  -79.551  15.208 0.2000000030
17758  -2.739  -77.878  18.041 0.8999999762
15644  -15.836  -80.225  15.397 0.2000000030
17734  -4.738  -78.338  21.250 0.8999999762
175072  -6.695  -79.236  18.341 1.0000000000
18896  -9.973  -77.071  11.591 0.2000000030
18801  -4.600  -77.466  18.482 0.8999999762
20930  -2.643  -75.894  17.810 0.8999999762
21012  -12.979  -75.823  12.969 0.2000000030
22184  -12.983  -75.023  10.877 0.3000000119
18762  -4.816  -77.015  22.089 0.8999999762
23295  -14.330  -73.718  13.493 0.2000000030
175430  -14.171  -73.548  11.705 0.2000000030
22137  -15.399  -73.897  14.947 0.2000000030
21061  -10.816  -74.728  9.182 0.3000000119
157151  -3.774  -76.034  22.816 0.8999999762
23254  -3.956  -73.011  16.610 0.8999999762
23276  -15.910  -73.414  15.289 0.2000000030
22167  -8.075  -74.778  12.080 0.4000000060
22169  -9.988  -74.184  11.712 0.3000000119
22135  -6.369  -75.212  15.737 0.6000000238
24243  -3.168  -72.370  22.578 0.6000000238
24254  -4.324  -71.910  21.412 0.8999999762
23202  -5.495  -72.885  20.921 1.0000000000
23203  -6.486  -72.767  20.675 1.0000000000
20738  -2.397  -74.965  33.958 1.0000000000
25279  -4.485  -71.264  21.025 0.8000000119
180326  -8.237  -72.060  17.115 1.0000000000
25118  -4.361  -71.082  33.626 1.0000000000
27404  -4.876  -69.739  20.670 0.8999999762
28511  -3.957  -68.517  20.965 0.8000000119
180398  -7.572  -71.750  20.361 1.0000000000
163464  -8.256  -72.377  20.380 1.0000000000
23232  -11.194  -74.239  18.582 1.0000000000
23247  -11.150  -73.658  17.304 0.8000000119
25315  -9.592  -71.855  16.877 0.5000000000
27329  -19.696  -69.668  28.409 0.6999999881
28419  -21.073  -69.162  27.052 0.8000000119
25317  -11.817  -72.216  17.271 0.6999999881
156863  -12.488  -70.828  17.715 0.5000000000
26339  -10.766  -70.527  17.393 0.5000000000
26338  -9.681  -70.286  17.388 0.5000000000
29427  -9.505  -66.792  32.975 0.8000000119
29429  -11.140  -67.084  32.879 0.8000000119
31888  -3.900  -65.974  22.775 0.8000000119
28402  -15.389  -68.962  28.746 0.5000000000
27326  -16.741  -69.309  28.154 0.6000000238
28516  -5.766  -68.404  20.369 0.8999999762
27360  -19.273  -69.577  26.353 0.6000000238
26309  -9.572  -70.671  20.430 0.8999999762
28553  -14.435  -68.504  17.522 0.5000000000
159541  -8.782  -66.859  32.297 0.6000000238
29464  -12.181  -67.755  29.979 0.5000000000
27343  -17.143  -69.517  27.368 0.6000000238
31896  -5.438  -65.832  20.865 0.8999999762
27358  -16.801  -69.394  26.544 0.6000000238
28435  -19.042  -69.283  25.581 0.6999999881
28450  -20.245  -68.337  25.365 0.6000000238
28448  -18.351  -68.979  25.158 0.6000000238
28433  -16.446  -69.021  26.141 0.5000000000
180678  -9.194  -69.099  20.731 0.8999999762
28520  -10.170  -68.884  20.767 0.8999999762
27408  -10.777  -69.692  20.697 0.8000000119
33005  -21.849  -64.546  25.034 0.4000000060
28522  -11.885  -68.952  20.803 0.6999999881
29606  -13.740  -68.386  20.140 0.6999999881
29645  -14.930  -67.821  17.174 0.5000000000
158525  -5.691  -65.224  21.324 0.8999999762
29622  -7.251  -66.871  19.645 0.8999999762
176473  -21.906  -63.175  24.491 0.4000000060
35159  -22.274  -62.428  25.947 0.6000000238
36187  -22.153  -61.629  25.962 0.4000000060
29623  -13.676  -67.358  19.837 0.6999999881
30796  -12.872  -66.391  19.739 0.6999999881
30797  -14.105  -66.573  19.602 0.6999999881
30832  -15.359  -66.275  17.187 0.5000000000
38286  -21.613  -59.804  26.826 0.6999999881
182329  -22.203  -61.250  26.646 0.6000000238
37257  -21.776  -60.665  24.224 0.4000000060
38301  -21.839  -60.231  25.153 0.4000000060
165984  -21.624  -59.484  25.847 0.5000000000
186140  -11.260  -64.809  19.611 0.6000000238
31902  -14.377  -65.347  20.188 0.6000000238
31919  -15.717  -65.634  18.442 0.6000000238
31903  -15.231  -65.205  19.785 0.6000000238
33048  -6.459  -64.360  20.872 0.8999999762
189520  -6.710  -64.522  20.249 0.8000000119
178639  -7.570  -64.387  19.208 0.8000000119
38256  -22.047  -59.478  28.314 0.8000000119
183730  -22.477  -59.976  29.257 0.8999999762
39288  -21.374  -59.140  27.496 0.8000000119
38253  -22.208  -59.072  29.123 0.8000000119
40340  -21.188  -57.663  26.574 0.5000000000
181385  -9.720  -63.304  18.882 0.6999999881
170302  -21.279  -56.894  24.438 0.3000000119
34151  -9.840  -62.727  19.243 0.6999999881
34142  -11.433  -63.976  20.917 0.6000000238
33050  -13.153  -64.368  21.432 0.6000000238
40378  -21.091  -57.483  23.936 0.2000000030
33049  -12.238  -64.295  21.191 0.6000000238
39250  -22.422  -59.090  30.875 0.8999999762
179255  -21.685  -57.637  29.594 0.8999999762
39279  -21.362  -58.572  28.334 0.8000000119
40326  -21.145  -57.800  28.759 0.8000000119
40325  -20.448  -57.933  28.082 0.8000000119
36257  -8.560  -61.643  20.351 0.6999999881
40332  -20.348  -57.767  27.557 0.5000000000
166025  -20.361  -57.168  27.134 0.6999999881
34121  -11.923  -62.901  22.336 0.6999999881
34122  -12.909  -63.091  22.520 0.6000000238
38311  -5.315  -59.395  24.992 0.8000000119
37252  -5.176  -60.042  24.616 0.8999999762
40321  -21.204  -56.998  29.298 0.8999999762
40307  -21.702  -57.209  30.328 0.8999999762
36236  -8.005  -61.047  22.133 0.8000000119
37276  -8.196  -60.817  21.360 0.8000000119
41426  -19.737  -56.988  27.663 0.8000000119
38366  -9.850  -59.497  21.101 0.8000000119
37296  -10.124  -60.153  20.756 0.8000000119
37287  -10.861  -60.355  21.413 0.6999999881
36237  -11.710  -61.922  22.442 0.6999999881
34123  -13.843  -62.977  22.444 0.6000000238
43838  -20.804  -54.223  24.800 0.6000000238
37279  -14.019  -60.793  22.841 0.4000000060
38328  -7.654  -59.345  24.047 0.8999999762
38330  -9.373  -58.901  22.547 0.8000000119
39369  -9.888  -58.756  21.362 0.8000000119
183126  -10.307  -58.873  20.853 0.8000000119
39371  -11.140  -57.929  21.186 0.8000000119
38342  -11.451  -59.445  21.645 0.6000000238
44868  -17.702  -53.053  24.018 0.4000000060
41452  -7.713  -56.162  24.586 0.8000000119
41472  -9.624  -56.556  22.578 0.8999999762
41488  -10.333  -56.736  21.645 0.8000000119
38343  -12.301  -59.005  22.004 0.5000000000
172388  -11.193  -57.122  21.342 0.4000000060
40413  -12.235  -56.987  21.523 0.4000000060
39373  -13.580  -58.322  22.084 0.5000000000
171234  -13.291  -56.607  21.656 0.4000000060
41429  -6.961  -56.140  25.541 0.8000000119
170406  -7.039  -56.116  25.072 0.8000000119
172929  -8.535  -55.598  24.215 0.8000000119
42655  -8.380  -54.713  24.372 0.8000000119
42656  -9.402  -55.744  23.141 0.6999999881
43840  -7.963  -53.647  24.795 0.8000000119
42668  -9.774  -55.396  22.349 0.6999999881
44872  -8.506  -52.990  24.238 0.8000000119
42683  -10.652  -55.417  21.730 0.5000000000
174494  -9.791  -53.953  22.797 0.6999999881
169661  -10.590  -56.103  21.688 0.5000000000
42684  -11.704  -55.429  21.526 0.4000000060
43872  -11.321  -54.900  21.549 0.4000000060
189802  -10.960  -54.198  21.661 0.3000000119
46993  -16.098  -51.257  23.566 0.8000000119
45900  -8.157  -52.139  24.688 0.8000000119
175478  -9.716  -52.412  22.864 0.6999999881
47956  -19.338  -49.896  25.124 0.8000000119
160098  -19.422  -50.539  24.810 0.8000000119
45928  -11.401  -52.921  21.431 0.3000000119
44902  -12.262  -53.634  21.338 0.3000000119
45930  -13.752  -52.846  21.316 0.3000000119
175695  -10.360  -52.000  22.121 0.5000000000
45938  -11.712  -52.040  21.089 0.3000000119
47997  -11.495  -50.341  20.850 0.3000000119
47029  -11.937  -51.126  20.724 0.3000000119
169642  -12.579  -51.817  20.902 0.3000000119
44912  -12.826  -53.082  21.341 0.3000000119
170462  -15.035  -49.828  23.448 0.6000000238
161488  -14.122  -50.850  20.761 0.3000000119
177307  -16.158  -53.074  21.393 0.2000000030
163299  -16.446  -50.827  21.274 0.3000000119
46989  -12.306  -51.524  23.769 0.6000000238
49088  -10.978  -48.674  21.147 0.4000000060
160628  -11.548  -49.302  20.467 0.3000000119
161143  -12.858  -50.018  20.166 0.3000000119
173085  -16.647  -49.912  21.261 0.3000000119
50190  -11.735  -47.988  23.254 0.4000000060
50200  -10.139  -48.002  22.686 0.5000000000
174407  -12.995  -49.123  19.785 0.3000000119
49090  -13.739  -49.726  20.109 0.3000000119
48000  -14.332  -50.218  20.545 0.3000000119
50226  -13.178  -48.081  19.500 0.3000000119
49092  -15.369  -49.221  20.620 0.2000000030
50228  -15.787  -48.323  20.585 0.2000000030
49093  -16.133  -49.178  20.954 0.2000000030
50212  -16.934  -48.061  21.186 0.2000000030
164625  -16.233  -47.435  20.827 0.3000000119
51384  -10.489  -47.364  21.985 0.5000000000
50201  -11.196  -47.093  22.709 0.5000000000
51373  -12.022  -46.579  22.407 0.4000000060
51377  -17.654  -46.822  21.765 0.1000000015
52625  -17.044  -46.149  21.587 0.3000000119
52607  -12.234  -45.859  21.784 0.5000000000
52621  -12.972  -45.291  21.005 0.5000000000
52637  -15.175  -46.020  20.622 0.4000000060
53784  -16.949  -45.237  23.085 0.5000000000
52623  -15.606  -46.033  21.291 0.4000000060
53789  -17.078  -45.025  22.598 0.5000000000
163981  -17.287  -44.967  22.482 0.3000000119
178008  2.436  -95.665  15.003 0.3000000119
178017  2.545  -95.832  13.856 0.3000000119
156440  2.879  -96.416  13.656 0.4000000060
1787  2.107  -97.057  13.419 0.4000000060
1788  1.162  -97.292  13.898 0.4000000060
177746  2.505  -96.013  13.133 0.3000000119
1323  -2.889  -96.502  14.502 0.6999999881
156656  1.496  -96.406  13.666 0.4000000060
1790  -0.391  -97.498  14.016 0.5000000000
156071  0.449  -96.678  13.878 0.4000000060
176321  -0.997  -97.065  14.019 0.5000000000
1304  -4.672  -96.489  14.005 0.6999999881
1791  -1.534  -96.886  14.032 0.6000000238
2276  3.048  -96.361  14.768 0.4000000060
1319  0.841  -97.957  14.088 0.6999999881
942  -5.790  -96.997  12.655 0.6999999881
1325  -5.047  -96.758  13.082 0.6999999881
1331  -4.927  -97.279  12.574 0.6999999881
685  -6.314  -99.134  12.750 0.6999999881
1793  -3.323  -96.588  13.522 0.6000000238
948  -5.868  -98.464  12.168 0.6999999881
1332  -5.152  -98.051  12.100 0.6000000238
1803  -4.432  -97.036  12.478 0.6000000238
954  -6.755  -99.005  11.683 0.6999999881
690  -7.739  -99.918  11.714 0.6999999881
1338  -6.542  -98.325  11.497 0.5000000000
955  -7.471  -99.299  11.516 0.6999999881
2310  -3.410  -96.292  12.745 0.5000000000
626  1.203  -99.833  17.641 0.8000000119
163091  -9.940  -100.701  15.047 0.6999999881
663  -10.780  -100.709  15.012 0.6999999881
168791  -10.378  -101.772  14.471 0.8000000119
218  -11.284  -101.518  14.844 0.8000000119
618  1.360  -100.056  18.981 0.8000000119
398  -0.053  -100.323  18.286 0.8000000119
628  -0.469  -100.048  17.698 0.6999999881
627  0.395  -100.004  17.550 0.6999999881
920  -10.099  -99.770  14.639 0.6999999881
664  -11.719  -100.678  14.842 0.6000000238
58  -11.604  -101.804  14.523 0.8999999762
412  -12.005  -101.484  14.807 0.6000000238
68  -12.686  -102.068  14.126 0.8000000119
2367  -14.234  -96.220  4.750 0.4000000060
2366  -13.430  -96.025  4.464 0.5000000000
613  0.417  -100.545  20.455 0.8000000119
379  0.755  -100.448  19.129 0.8000000119
389  0.120  -100.438  18.953 0.8000000119
407  -2.077  -100.418  17.568 0.6999999881
167541  -0.538  -100.492  18.785 0.8000000119
184689  -2.999  -100.007  17.234 0.6999999881
645  -3.718  -99.962  17.169 0.8000000119
921  -10.982  -100.062  14.702 0.6999999881
665  -12.667  -100.816  14.854 0.6000000238
413  -12.627  -101.392  14.784 0.6999999881
1836  -19.168  -97.757  8.059 0.6999999881
1368  -19.732  -97.606  7.728 0.6000000238
1366  -18.453  -98.225  7.920 0.6000000238
989  -19.334  -98.330  6.922 0.6000000238
1375  -19.797  -97.704  6.853 0.6000000238
1365  -16.549  -98.165  7.731 0.6000000238
1834  -15.789  -97.408  7.725 0.5000000000
1378  -19.156  -97.831  6.222 0.6000000238
162849  -14.944  -96.059  3.727 0.4000000060
2369  -13.001  -95.024  3.781 0.4000000060
2370  -13.480  -95.464  3.845 0.4000000060
2371  -14.093  -95.938  3.813 0.4000000060
2378  -14.448  -95.892  2.955 0.4000000060
372  -0.187  -100.703  20.969 0.8000000119
172587  -0.403  -100.687  20.236 0.8000000119
381  -0.650  -100.647  19.455 0.8000000119
399  -0.882  -100.432  18.283 0.8000000119
629  -1.316  -100.113  17.745 0.6999999881
172  -2.091  -101.412  21.980 0.8000000119
373  -1.031  -100.858  20.791 0.8000000119
391  -1.994  -101.136  19.001 0.8000000119
181  -1.868  -101.175  20.654 0.8000000119
191  -2.171  -101.305  19.831 0.6999999881
903  -4.717  -98.974  16.798 0.8000000119
647  -5.072  -99.918  17.326 0.8000000119
905  -6.010  -97.559  15.664 0.8000000119
187268  -10.018  -97.218  13.528 0.6000000238
935  -10.705  -99.098  14.208 0.6999999881
1292  -7.259  -96.079  13.379 0.6999999881
936  -11.667  -99.750  14.390 0.6000000238
674  -12.368  -100.234  14.543 0.6000000238
427  -13.897  -100.935  14.945 0.6999999881
189884  -14.200  -101.518  14.556 0.6000000238
79  -15.551  -101.578  13.197 0.6000000238
63  -15.108  -101.574  14.255 0.6000000238
2348  -19.299  -96.328  8.198 0.6999999881
167524  -16.288  -101.447  13.133 0.6000000238
249  -17.126  -101.008  11.927 0.5000000000
2354  -20.280  -96.867  7.500 0.6999999881
446  -17.876  -100.630  11.793 0.5000000000
1835  -17.694  -97.644  8.096 0.5000000000
174139  -18.647  -97.019  8.325 0.6000000238
173341  -19.850  -96.999  7.994 0.6999999881
1842  -20.258  -97.031  7.317 0.6000000238
1853  -20.329  -96.561  6.196 0.6000000238
445  -17.179  -100.773  11.311 0.6000000238
698  -17.637  -100.066  10.798 0.6000000238
2347  -16.957  -96.793  8.226 0.5000000000
1852  -20.065  -96.887  5.964 0.6000000238
1384  -19.594  -97.191  5.946 0.6000000238
1833  -14.692  -96.778  7.753 0.5000000000
1385  -18.728  -96.879  5.529 0.5000000000
2340  -14.405  -95.994  8.928 0.4000000060
1865  -17.614  -96.112  4.940 0.4000000060
2922  -13.620  -95.036  2.199 0.4000000060
2918  -13.869  -95.341  3.056 0.4000000060
183768  -14.764  -95.072  1.650 0.3000000119
4116  -11.037  -92.782  -1.182 0.1000000015
400  -1.807  -100.739  18.246 0.6999999881
409  -3.564  -100.639  17.405 0.6999999881
410  -4.395  -100.603  17.369 0.8000000119
176120  -2.785  -101.688  21.894 0.8000000119
392  -2.535  -101.082  18.541 0.6999999881
204  -3.207  -101.358  18.328 0.6999999881
403  -4.178  -101.179  17.680 0.6999999881
890  -6.280  -98.936  16.929 0.8000000119
158  -2.944  -101.917  22.647 0.8999999762
173  -2.918  -101.641  21.188 0.6999999881
167232  -3.094  -101.580  19.916 0.8000000119
199  -3.782  -101.538  18.698 0.6999999881
206  -4.760  -101.555  17.946 0.6999999881
411  -5.147  -100.843  17.439 0.6999999881
176623  -6.765  -97.752  16.319 0.6999999881
1753  -7.042  -96.563  15.156 0.6999999881
180635  -9.029  -95.991  13.069 0.6000000238
163938  -10.748  -97.963  13.676 0.6999999881
1765  -7.921  -95.702  13.538 0.6999999881
1311  -11.634  -98.728  13.879 0.6999999881
937  -12.626  -99.396  14.139 0.6000000238
675  -13.147  -100.257  14.536 0.6999999881
222  -15.704  -101.402  14.960 0.5000000000
177022  -14.129  -100.819  15.065 0.6000000238
414  -14.417  -101.031  15.020 0.6000000238
2897  -19.701  -95.662  7.800 0.6000000238
2901  -20.342  -96.027  7.274 0.6999999881
225  -15.951  -101.479  14.342 0.5000000000
232  -16.818  -101.252  13.545 0.5000000000
2896  -18.022  -96.137  8.567 0.6000000238
2902  -20.540  -95.859  6.611 0.6999999881
2342  -16.487  -95.971  8.544 0.4000000060
1861  -20.259  -96.252  5.484 0.6000000238
1339  -16.400  -98.305  11.037 0.5000000000
182446  -14.603  -96.197  8.229 0.4000000060
1386  -19.121  -96.649  5.181 0.6000000238
1860  -19.873  -96.488  5.334 0.6000000238
2330  -14.784  -95.687  9.796 0.4000000060
173650  -18.305  -96.418  5.223 0.5000000000
1870  -18.893  -96.062  3.932 0.5000000000
2375  -18.337  -96.070  4.293 0.5000000000
1812  -16.840  -97.636  11.634 0.4000000060
166960  -17.193  -95.706  2.517 0.5000000000
2921  -14.462  -94.040  3.111 0.4000000060
2945  -15.514  -94.929  -0.213 0.4000000060
3540  -16.484  -93.666  -1.593 0.3000000119
2929  -14.131  -94.960  1.467 0.3000000119
3539  -15.737  -93.470  -1.554 0.3000000119
2935  -14.139  -94.767  0.265 0.3000000119
4130  -10.232  -92.774  -2.723 0.1000000015
4131  -11.085  -92.780  -2.550 0.1000000015
177  -9.321  -102.420  21.623 0.6000000238
187253  -9.893  -100.684  22.384 0.5000000000
595  -9.910  -100.355  21.464 0.5000000000
374  -9.667  -101.617  21.303 0.6000000238
630  -5.759  -100.616  17.460 0.8000000119
889  -5.815  -99.723  17.324 0.6999999881
159  -3.443  -101.888  22.680 0.8000000119
21  -3.370  -101.676  21.400 0.8000000119
43  -3.831  -101.596  19.851 0.8000000119
404  -4.938  -101.260  17.655 0.6999999881
12  -3.799  -101.646  21.883 0.8000000119
22  -3.758  -101.639  21.454 0.6999999881
32  -3.400  -101.627  20.635 0.6999999881
49  -4.389  -101.596  19.049 0.8000000119
56  -6.114  -101.689  18.126 0.6000000238
405  -6.395  -101.183  17.624 0.6999999881
50  -5.246  -101.608  18.510 0.6999999881
2267  -8.364  -95.440  14.711 0.6999999881
3488  -20.466  -95.323  6.860 0.6999999881
160156  -18.712  -95.398  8.307 0.5000000000
2890  -17.521  -95.243  8.773 0.4000000060
2906  -20.629  -95.601  5.949 0.6999999881
1868  -19.713  -96.175  4.588 0.6000000238
2380  -17.642  -95.793  3.091 0.5000000000
2321  -16.593  -96.725  12.030 0.4000000060
2916  -14.185  -94.080  4.016 0.4000000060
2938  -16.899  -94.946  0.792 0.5000000000
2946  -16.486  -94.913  -0.058 0.3000000119
188157  -14.365  -94.084  2.301 0.4000000060
2928  -13.869  -94.443  1.628 0.3000000119
4138  -16.717  -92.660  -2.169 0.6000000238
2927  -15.280  -93.082  3.133 0.3000000119
166498  -14.762  -93.425  1.527 0.3000000119
2934  -14.428  -94.077  0.755 0.3000000119
4137  -15.924  -92.642  -2.117 0.5000000000
3509  -13.898  -91.256  2.781 0.1000000015
3514  -14.039  -92.393  2.087 0.3000000119
2943  -14.808  -94.046  0.131 0.5000000000
3513  -13.004  -91.977  1.880 0.1000000015
177425  -12.949  -91.937  1.375 0.2000000030
3536  -13.629  -92.437  0.950 0.4000000060
3526  -15.187  -93.091  1.076 0.4000000060
5569  -15.405  -91.753  -1.607 0.4000000060
6413  -15.554  -91.302  -2.358 0.5000000000
4120  -11.531  -92.754  -1.768 0.3000000119
4796  -11.482  -92.416  -2.950 0.3000000119
4797  -12.174  -92.247  -2.586 0.3000000119
5578  -12.624  -91.149  -3.632 0.4000000060
4805  -11.003  -91.871  -3.453 0.1000000015
5577  -11.868  -91.451  -3.738 0.2000000030
4794  -9.751  -92.145  -2.897 0.1000000015
163  -9.180  -102.782  22.961 0.6000000238
165653  -8.964  -102.702  20.993 0.6999999881
162009  -7.443  -102.029  21.350 0.6999999881
38  -8.499  -102.568  20.525 0.6999999881
39  -8.815  -102.593  20.147 0.6000000238
178630  -9.424  -101.878  20.327 0.6000000238
891  -7.079  -99.204  17.353 0.6999999881
148  -4.048  -101.787  23.272 0.6999999881
1280  -7.490  -97.341  16.448 0.6999999881
209  -7.028  -101.597  17.927 0.6000000238
1754  -7.662  -96.082  15.163 0.6999999881
2387  -18.622  -95.406  2.788 0.6000000238
160859  -17.300  -95.070  1.645 0.5000000000
5570  -15.932  -91.623  -2.588 0.6000000238
5572  -17.642  -91.176  -2.702 0.6999999881
160149  -15.587  -90.349  -2.832 0.6000000238
3523  -12.069  -92.100  -0.098 0.3000000119
3524  -13.041  -91.532  0.593 0.3000000119
6405  -15.369  -90.966  -2.062 0.6000000238
7353  -15.576  -90.058  -2.150 0.6000000238
3535  -12.898  -91.544  -0.069 0.4000000060
4123  -14.128  -92.266  0.017 0.4000000060
5552  -15.336  -91.945  0.102 0.4000000060
6399  -15.694  -91.213  0.055 0.5000000000
159239  -15.724  -90.606  -0.702 0.5000000000
4134  -12.970  -91.283  -0.948 0.4000000060
5567  -12.991  -91.239  -1.710 0.4000000060
156492  -15.642  -91.959  1.951 0.4000000060
6392  -15.875  -91.309  1.123 0.4000000060
4108  -11.735  -92.193  0.842 0.1000000015
4121  -12.259  -92.175  -1.292 0.3000000119
4122  -12.896  -91.491  -0.456 0.3000000119
4798  -12.926  -91.177  -1.581 0.4000000060
4781  -14.031  -92.002  -0.236 0.4000000060
156074  -15.563  -91.931  2.918 0.5000000000
178209  -15.949  -90.878  2.344 0.5000000000
169648  -12.548  -91.847  -2.031 0.3000000119
164669  -13.614  -91.237  -1.089 0.4000000060
173061  -14.041  -91.897  2.147 0.4000000060
4780  -9.362  -93.009  -1.476 0.1000000015
4793  -8.997  -92.030  -2.810 0.1000000015
6422  -13.110  -90.791  -2.740 0.4000000060
6398  -13.277  -89.934  -1.224 0.4000000060
161777  -13.875  -91.837  -0.043 0.4000000060
169971  -13.724  -90.739  2.764 0.4000000060
177139  -13.021  -90.221  -3.394 0.4000000060
7341  -13.236  -89.911  -0.461 0.4000000060
7333  -13.411  -90.260  1.195 0.4000000060
6419  -11.485  -90.618  -3.667 0.1000000015
6420  -12.138  -90.779  -3.828 0.2000000030
180935  -13.117  -89.496  -1.607 0.4000000060
7369  -12.404  -89.654  -3.508 0.4000000060
8260  -12.817  -89.351  -3.291 0.4000000060
13  -7.536  -102.294  22.297 0.6999999881
174914  -6.963  -101.426  21.304 0.6999999881
27  -9.038  -102.811  22.010 0.6000000238
175  -5.589  -100.897  20.205 0.6999999881
24  -7.606  -102.163  20.774 0.6999999881
345  -4.448  -101.044  22.474 0.6999999881
631  -6.547  -100.172  17.563 0.6999999881
44  -4.547  -101.479  19.603 0.8000000119
406  -7.119  -101.026  17.694 0.6999999881
160927  -8.470  -95.793  16.172 0.6999999881
2313  -18.345  -96.360  12.306 0.4000000060
9945  -3.031  -85.899  6.790 0.6000000238
178649  -18.553  -88.958  -2.746 0.6000000238
7364  -17.843  -89.745  -2.917 0.6999999881
9065  -3.510  -87.262  7.440 0.6000000238
10881  -2.921  -85.455  5.495 0.6000000238
180804  -15.827  -89.538  -3.189 0.6999999881
8251  -15.865  -88.886  -3.101 0.6999999881
9944  -3.167  -85.997  6.115 0.6000000238
7361  -15.624  -89.545  -2.843 0.6000000238
8243  -15.694  -89.025  -2.355 0.6000000238
185990  -15.758  -89.709  -1.216 0.6000000238
8233  -15.838  -88.940  -0.881 0.6000000238
7342  -15.933  -90.038  0.528 0.6000000238
156336  -15.894  -89.698  2.353 0.6000000238
7367  -11.101  -89.779  -3.459 0.3000000119
168733  -13.026  -89.049  0.545 0.4000000060
8232  -13.032  -88.864  -0.992 0.4000000060
36  -7.165  -101.760  19.927 0.6999999881
161  -5.630  -100.593  20.534 0.6999999881
171153  -6.671  -101.584  19.359 0.6999999881
160  -4.443  -101.140  21.282 0.6999999881
1747  -8.158  -96.781  17.045 0.6999999881
34  -4.626  -101.323  20.136 0.8000000119
1594  -0.030  -97.447  31.331 0.4000000060
2101  0.917  -96.761  30.023 0.3000000119
2126  0.847  -96.909  27.781 0.2000000030
186959  1.309  -96.553  27.189 0.3000000119
2141  0.664  -96.952  26.958 0.1000000015
175453  -18.469  -87.279  -3.377 0.5000000000
8253  -17.105  -88.159  -3.367 0.6999999881
9144  -16.919  -87.356  -3.291 0.6999999881
161989  -17.483  -88.953  -3.208 0.6999999881
8127  -3.896  -88.880  8.691 0.4000000060
9938  -3.703  -86.231  7.988 0.6999999881
13790  -17.889  -81.850  -0.656 0.6000000238
13777  -18.442  -82.455  -0.362 0.6000000238
9142  -15.936  -88.110  -2.949 0.6999999881
181069  -2.361  -89.964  10.528 0.5000000000
183921  -3.493  -89.119  10.304 0.5000000000
14783  -17.303  -81.297  -0.349 0.6000000238
13803  -17.769  -82.077  -0.956 0.6000000238
7217  -2.395  -89.200  10.736 0.5000000000
14795  -17.176  -81.447  -0.841 0.6999999881
9134  -15.870  -88.043  -1.999 0.6999999881
15893  -15.892  -80.830  -1.085 0.6999999881
14806  -16.344  -81.142  -1.130 0.6999999881
12895  -16.612  -82.924  -1.151 0.6000000238
11950  -15.643  -84.317  -0.817 0.6999999881
180101  -15.849  -89.042  0.534 0.6000000238
13811  -15.177  -82.206  -1.774 0.8000000119
13801  -16.033  -81.921  -1.368 0.6999999881
8226  -15.690  -88.555  1.127 0.6999999881
12908  -14.753  -82.933  -2.279 0.8000000119
8220  -15.301  -88.417  2.407 0.8000000119
156255  -12.494  -87.995  1.556 0.4000000060
8259  -12.285  -88.758  -3.165 0.4000000060
8242  -13.039  -88.704  -2.252 0.4000000060
182932  -7.263  -102.100  22.535 0.6999999881
167798  -6.913  -101.301  22.080 0.6999999881
584  -6.181  -99.750  21.755 0.6999999881
355  -4.816  -100.703  21.395 0.6999999881
35  -5.959  -101.163  19.815 0.8000000119
52  -6.686  -101.666  18.432 0.6000000238
182344  -4.923  -101.096  20.284 0.6999999881
51  -5.942  -101.591  18.621 0.8000000119
632  -7.490  -100.301  17.753 0.6999999881
1265  -7.445  -98.426  17.185 0.6999999881
1580  0.028  -97.232  32.322 0.6000000238
1593  0.539  -96.943  30.832 0.3000000119
12848  -17.847  -83.240  1.538 0.6000000238
11915  -18.143  -84.358  1.689 0.6000000238
12837  -17.167  -83.308  2.304 0.6000000238
13742  -17.256  -82.641  1.766 0.6000000238
12864  -18.292  -82.702  0.535 0.6000000238
12849  -18.479  -83.746  0.829 0.6000000238
9155  -17.391  -86.631  -3.299 0.6999999881
8114  -4.319  -88.549  9.723 0.6000000238
13741  -16.555  -82.558  2.282 0.6000000238
13760  -17.636  -82.264  1.013 0.6000000238
12919  -20.253  -84.510  -3.273 0.5000000000
165693  -18.292  -84.900  -3.325 0.5000000000
10044  -17.212  -86.121  -3.252 0.6999999881
9143  -16.410  -87.353  -3.193 0.6999999881
6305  -0.491  -90.044  10.580 0.5000000000
13758  -16.299  -81.725  1.755 0.6999999881
14767  -16.549  -81.125  0.998 0.6000000238
12896  -18.008  -82.906  -1.414 0.6000000238
11962  -17.490  -83.725  -1.922 0.6000000238
11979  -17.759  -85.078  -3.151 0.6000000238
11970  -17.106  -85.263  -2.750 0.6999999881
10990  -16.844  -85.974  -3.082 0.6999999881
10035  -16.594  -86.640  -3.134 0.6999999881
14781  -15.968  -80.508  0.446 0.8000000119
14794  -16.644  -80.833  -0.717 0.6999999881
10969  -15.966  -85.066  -1.399 0.6000000238
10018  -15.869  -86.133  -1.687 0.6999999881
10023  -15.850  -87.101  -1.818 0.6999999881
9125  -15.740  -88.000  -0.490 0.6999999881
15879  -16.081  -80.473  -0.410 0.6999999881
14804  -15.051  -81.261  -1.265 0.8000000119
13810  -14.698  -82.593  -2.168 0.8000000119
10958  -15.308  -85.192  -0.441 0.6999999881
9119  -15.413  -87.553  0.621 0.8000000119
10947  -14.602  -85.374  0.309 0.6000000238
155470  -14.478  -87.773  2.576 0.8000000119
155474  -13.235  -86.128  -1.804 0.6000000238
179444  -12.351  -87.852  -3.098 0.4000000060
167576  -12.887  -88.137  -2.888 0.4000000060
174954  -12.948  -88.069  -1.456 0.5000000000
157340  -12.699  -88.001  -0.210 0.6000000238
2  -7.268  -102.850  24.724 0.6000000238
1  -7.212  -102.680  23.994 0.6000000238
346  -6.639  -100.519  22.296 0.6999999881
892  -7.909  -99.322  17.795 0.6999999881
1257  -8.547  -97.455  18.189 0.6999999881
2051  -0.244  -96.908  33.103 0.6999999881
1564  -1.132  -97.723  33.424 0.6000000238
2067  0.427  -96.357  32.338 0.6000000238
173035  1.087  -96.314  30.935 0.4000000060
2112  1.225  -96.464  28.550 0.3000000119
2125  1.554  -96.028  27.819 0.3000000119
160174  1.665  -96.193  26.074 0.2000000030
169163  2.016  -95.874  23.831 0.2000000030
11899  -17.608  -83.943  2.206 0.6000000238
11916  -18.763  -84.999  0.938 0.5000000000
12911  -19.853  -84.491  -2.727 0.5000000000
172590  -18.952  -84.145  0.255 0.5000000000
12880  -19.019  -83.059  -0.858 0.6000000238
12917  -18.701  -84.492  -2.944 0.5000000000
9922  -4.421  -86.948  8.590 0.6000000238
8103  -3.372  -88.689  10.712 0.6000000238
12897  -18.857  -83.447  -1.642 0.6000000238
7225  0.680  -89.373  9.853 0.5000000000
7226  -0.127  -89.271  9.940 0.5000000000
15867  -15.224  -80.550  0.766 0.6999999881
10981  -16.445  -85.596  -2.361 0.6000000238
15878  -15.272  -80.341  0.004 0.6999999881
10968  -15.543  -85.890  -0.829 0.6999999881
10017  -15.584  -86.830  -0.712 0.6999999881
14793  -14.370  -81.212  -0.886 0.8000000119
10013  -15.095  -86.305  0.171 0.6999999881
13799  -14.290  -82.462  -2.028 0.8000000119
9152  -12.040  -87.206  -3.390 0.3000000119
181381  -13.026  -87.123  -3.086 0.4000000060
8257  -10.143  -88.031  -3.155 0.2000000030
135  -6.923  -102.451  24.281 0.6999999881
328  -6.648  -101.796  24.463 0.6000000238
336  -6.798  -101.678  23.382 0.6999999881
159409  -6.699  -100.751  23.425 0.6999999881
562  -6.685  -99.605  23.393 0.6999999881
356  -5.516  -100.112  20.977 0.6999999881
2086  1.063  -95.945  31.676 0.5000000000
2085  1.375  -95.832  30.270 0.4000000060
11952  -19.758  -84.746  -0.796 0.5000000000
11963  -20.169  -84.741  -1.592 0.5000000000
11972  -20.374  -84.590  -2.289 0.5000000000
11951  -19.278  -83.934  -0.492 0.5000000000
12910  -19.104  -84.187  -2.477 0.5000000000
12881  -19.455  -83.943  -1.353 0.5000000000
12909  -18.416  -83.796  -2.236 0.5000000000
11971  -18.051  -84.435  -2.765 0.5000000000
6302  2.273  -90.423  9.896 0.6000000238
6296  2.737  -90.288  10.648 0.5000000000
6288  2.614  -90.361  11.185 0.5000000000
179273  -10.946  -87.231  -3.296 0.3000000119
2631  1.351  -95.132  30.562 0.4000000060
2670  1.559  -95.412  28.648 0.4000000060
8100  2.375  -88.985  10.146 0.5000000000
7178  2.150  -89.870  12.829 0.5000000000
8089  2.163  -89.026  11.629 0.5000000000
3205  0.655  -94.934  31.604 0.6000000238
182778  1.221  -94.809  30.042 0.6000000238
162624  2.080  -95.589  24.489 0.2000000030
164093  2.106  -95.298  23.798 0.2000000030
10883  -18.201  -85.691  5.740 0.5000000000
10884  -18.905  -85.373  5.573 0.5000000000
11843  -20.015  -84.051  6.602 0.5000000000
12765  -20.017  -83.724  7.515 0.5000000000
9012  2.072  -88.124  9.777 0.5000000000
9028  1.721  -87.441  9.454 0.6000000238
161246  2.117  -89.790  13.741 0.5000000000
9013  1.927  -87.408  10.234 0.6000000238
12767  -22.236  -83.003  7.184 0.4000000060
8064  1.238  -88.487  13.355 0.5000000000
8075  2.055  -89.249  12.375 0.5000000000
8076  1.627  -88.506  12.356 0.5000000000
8090  1.991  -88.210  11.402 0.5000000000
3266  1.544  -94.850  28.329 0.6000000238
2698  2.061  -94.993  25.188 0.5000000000
2140  1.744  -95.777  26.949 0.5000000000
3312  2.092  -94.610  24.254 0.4000000060
162545  2.017  -93.873  23.479 0.3000000119
12775  -20.766  -83.666  7.075 0.5000000000
9919  0.651  -86.589  8.338 0.6999999881
8046  1.158  -88.348  14.201 0.5000000000
8999  1.807  -87.424  11.107 0.5000000000
163874  1.103  -87.745  12.804 0.5000000000
14688  -24.290  -81.860  7.505 0.4000000060
161567  1.835  -94.965  26.979 0.6000000238
179480  1.992  -94.087  25.037 0.5000000000
9903  1.325  -86.872  9.103 0.6999999881
10837  0.320  -85.861  8.520 0.6999999881
10855  -0.820  -85.223  8.176 0.8999999762
11810  -1.327  -84.833  8.216 0.8000000119
10803  1.271  -85.987  10.566 0.6000000238
10819  0.525  -85.555  9.175 0.8000000119
11803  -0.034  -84.986  8.892 0.8000000119
11809  -1.201  -84.375  8.202 0.8000000119
14689  -25.724  -81.479  7.383 0.4000000060
159240  -24.850  -81.671  7.011 0.3000000119
8961  0.375  -87.397  13.603 0.5000000000
164372  1.391  -86.678  11.711 0.5000000000
14710  -27.274  -81.244  7.055 0.2000000030
11790  -0.436  -84.223  9.039 0.8999999762
15786  -28.045  -80.932  7.292 0.2000000030
3284  1.569  -94.591  27.321 0.6000000238
3307  1.841  -94.403  25.728 0.6000000238
4557  1.528  -92.988  23.584 0.3000000119
10773  -0.520  -85.983  13.574 0.6999999881
10772  0.518  -85.699  13.051 0.6000000238
10782  1.067  -85.895  12.276 0.6000000238
10804  0.745  -85.347  10.142 0.6999999881
9855  -0.078  -86.806  13.436 0.5000000000
169143  0.725  -87.274  13.089 0.6000000238
11770  0.411  -84.575  10.758 0.8000000119
11789  0.164  -84.729  9.608 0.8000000119
3871  1.321  -93.973  25.896 0.6000000238
3882  1.511  -93.643  25.412 0.6000000238
4548  1.394  -92.820  24.418 0.5000000000
12699  0.511  -84.257  12.786 0.8000000119
159662  0.106  -85.101  13.290 0.6999999881
11727  0.890  -85.281  12.695 0.6999999881
11753  0.652  -84.555  12.026 0.8000000119
12707  0.152  -83.838  11.387 0.8000000119
9837  -0.524  -86.751  13.979 0.6000000238
12719  -0.216  -83.843  10.109 0.8999999762
9827  -0.246  -86.744  14.975 0.5000000000
166566  -8.249  -93.720  27.247 0.6999999881
4522  1.020  -92.984  25.767 0.6000000238
4536  1.273  -92.670  25.227 0.6000000238
11729  -0.647  -85.104  13.624 0.6999999881
10755  -1.030  -86.257  14.244 0.6999999881
3863  -7.530  -92.943  27.261 0.6999999881
5269  1.189  -92.268  26.612 0.6999999881
178764  1.277  -92.086  25.984 0.6000000238
5294  1.245  -91.943  24.544 0.6000000238
188578  1.229  -91.325  23.843 0.5000000000
11699  -1.739  -84.876  14.537 0.6999999881
10742  -0.798  -86.127  15.317 0.6000000238
182729  1.504  -91.545  27.195 0.6999999881
5283  1.225  -91.616  25.325 0.6000000238
6105  1.067  -90.580  25.326 0.5000000000
12670  -2.237  -83.592  14.789 0.6999999881
11687  -0.596  -85.055  16.750 0.6999999881
11688  -1.834  -84.982  15.219 0.8000000119
6095  1.490  -90.985  26.731 0.6000000238
7001  0.931  -89.847  25.811 0.5000000000
12667  -2.644  -83.465  15.584 0.6999999881
13600  -2.515  -82.683  15.085 0.6999999881
12666  -1.994  -84.355  15.786 0.6999999881
11679  -1.185  -84.425  16.810 0.6999999881
160934  -3.145  -82.675  15.601 0.8000000119
12656  -0.859  -83.662  17.505 0.5000000000
6983  0.525  -89.213  26.317 0.5000000000
13578  -1.743  -83.172  17.523 0.4000000060
12657  -1.933  -83.830  16.676 0.6999999881
13579  -2.821  -82.869  17.220 0.6000000238
8788  0.222  -87.396  27.200 0.4000000060
7871  0.204  -88.314  27.460 0.5000000000
13573  -2.196  -82.593  18.105 0.6000000238
158861  0.164  -86.995  27.994 0.4000000060
9675  0.540  -86.305  27.033 0.4000000060
180971  0.233  -86.650  28.633 0.4000000060
13577  -0.638  -82.930  17.906 0.4000000060
13574  -3.188  -82.385  17.896 0.6999999881
13572  -1.114  -82.499  18.224 0.6000000238
14558  -1.557  -81.975  18.639 0.6999999881
14550  -2.994  -81.578  19.262 0.6999999881
15600  -1.122  -80.698  19.441 0.6000000238
14549  -1.928  -81.450  19.160 0.6000000238
170149  -0.981  -79.208  20.199 0.4000000060
15592  -3.199  -80.424  19.971 0.6999999881
16705  -2.498  -79.843  20.042 0.5000000000
172658  0.141  -83.806  30.356 0.4000000060
173310  -3.930  -80.643  20.121 0.8000000119
12494  -0.181  -83.029  31.919 0.6999999881
14385  -0.247  -81.963  32.083 0.6000000238
13397  -0.112  -82.200  32.051 0.5000000000
166223  -0.053  -89.464  36.019 0.8999999762
8706  0.689  -89.012  36.555 0.8999999762
8707  -0.162  -88.941  36.598 0.8999999762
186969  -0.032  -81.969  32.461 0.6000000238
17742  -3.161  -78.692  20.647 0.8000000119
7759  0.294  -88.867  36.806 0.8999999762
8694  -0.508  -88.013  36.841 0.8999999762
167701  -0.270  -81.900  32.959 0.5000000000
12486  -0.045  -83.052  32.543 0.6999999881
18770  -1.994  -77.152  21.446 0.6000000238
8676  0.140  -87.572  37.784 0.8999999762
9577  0.512  -87.269  37.317 0.8999999762
9578  -0.394  -87.514  37.613 0.8000000119
8693  0.060  -88.372  37.201 0.8999999762
8692  0.485  -88.338  37.058 0.8999999762
9595  0.798  -87.495  36.426 0.8999999762
14358  -0.082  -81.936  33.889 0.8000000119
18771  -3.249  -77.219  21.670 0.6000000238
17732  -2.632  -77.813  20.939 0.6000000238
19832  -2.460  -76.611  22.247 0.6000000238
14359  -0.690  -81.794  34.024 0.8000000119
14360  -1.632  -81.646  34.186 0.8000000119
157950  -6.895  -70.912  17.037 0.6999999881
26357  -6.608  -71.217  16.443 0.6000000238
14333  0.010  -81.939  34.628 0.8000000119
13351  0.109  -82.375  35.239 0.8000000119
14361  -2.449  -81.563  33.706 0.6000000238
22045  -2.849  -74.492  23.257 0.6999999881
157717  -10.091  -69.709  17.505 0.4000000060
14334  -0.358  -81.799  34.772 0.8000000119
14336  -2.279  -81.272  34.574 0.6999999881
14335  -1.348  -81.450  34.998 0.8000000119
14362  -3.221  -81.101  33.519 0.5000000000
15395  -3.159  -80.470  34.152 0.5000000000
14295  -0.059  -81.830  36.059 0.8999999762
14310  -0.585  -81.406  35.788 0.8000000119
15394  -2.654  -80.689  34.823 0.6999999881
16521  -3.389  -79.982  33.721 0.6000000238
16535  -3.611  -80.037  32.794 0.3000000119
14296  -0.336  -81.248  36.765 0.8000000119
14297  -0.936  -80.720  36.625 0.8000000119
14312  -2.146  -80.970  35.275 0.8000000119
14311  -1.535  -80.863  35.871 0.8000000119
16534  -3.249  -79.589  33.326 0.5000000000
29564  -2.974  -67.482  23.315 0.6999999881
15377  -2.219  -80.345  35.710 0.8000000119
28321  -10.577  -67.498  33.282 0.8000000119
16520  -2.917  -79.434  34.155 0.6000000238
17561  -1.544  -78.503  32.979 0.5000000000
29575  -3.467  -67.572  22.263 0.6999999881
16506  -2.668  -79.621  35.004 0.6999999881
27253  -13.260  -69.021  32.603 0.8000000119
18617  -1.088  -77.095  31.800 0.5000000000
19679  -0.832  -76.148  32.210 0.4000000060
17560  -1.118  -78.044  32.842 0.5000000000
163397  -10.048  -69.235  32.559 0.8000000119
18608  -0.954  -77.381  32.844 0.6000000238
187495  -0.884  -76.784  32.539 0.6000000238
28354  -15.056  -68.657  31.529 0.8999999762
27218  -2.730  -69.508  34.070 0.8000000119
31876  -4.113  -65.354  23.154 0.6999999881
27269  -9.486  -69.465  31.630 0.8000000119
27274  -14.544  -69.112  32.112 0.6000000238
26200  -15.731  -69.925  31.627 0.5000000000
20753  -0.636  -75.458  32.932 0.6000000238
27219  -3.802  -69.487  34.520 0.8000000119
28356  -16.704  -68.958  31.265 0.8000000119
27276  -16.385  -69.450  31.555 0.5000000000
21888  -0.793  -74.625  32.707 0.6000000238
26163  -1.932  -70.600  34.096 0.8000000119
28370  -17.357  -68.838  30.881 0.6000000238
168092  -2.037  -69.823  33.539 0.8000000119
28405  -18.055  -69.064  29.563 0.6999999881
25129  -1.661  -71.239  33.620 0.8000000119
179965  -1.580  -71.238  32.737 0.6999999881
30654  -22.470  -67.215  27.796 0.5000000000
35200  -4.507  -62.551  24.076 0.6999999881
28371  -18.236  -69.023  30.793 0.6000000238
24076  -1.459  -72.732  33.543 0.8000000119
176873  -22.826  -67.010  28.728 0.3000000119
23013  -1.090  -73.546  33.503 0.6999999881
32921  -22.110  -64.612  29.999 0.4000000060
31790  -22.445  -65.340  29.531 0.4000000060
32920  -21.523  -64.092  30.394 0.5000000000
24091  -1.236  -73.088  32.599 0.5000000000
34002  -20.998  -63.295  30.692 0.6000000238
166492  -20.230  -61.275  32.447 0.6000000238
35085  -20.889  -62.684  31.041 0.5000000000
171087  -19.466  -60.885  32.763 0.6000000238
36112  -21.167  -61.144  32.154 0.6999999881
37167  -20.074  -60.254  32.559 0.6000000238
32901  -21.403  -64.038  31.136 0.4000000060
32902  -22.109  -64.563  30.719 0.4000000060
32900  -20.658  -63.518  31.444 0.5000000000
35081  -20.068  -62.815  31.661 0.4000000060
189392  -19.032  -61.243  32.974 0.5000000000
186474  -19.385  -60.105  32.708 0.6000000238
37173  -21.682  -60.329  32.102 0.6000000238
38225  -19.016  -59.503  32.765 0.6000000238
38227  -20.707  -59.501  32.574 0.6999999881
38233  -22.047  -59.532  31.721 0.6999999881
33983  -19.805  -63.197  31.840 0.5000000000
36110  -19.320  -61.846  32.720 0.4000000060
37166  -18.639  -60.523  33.026 0.5000000000
39244  -20.330  -58.653  32.459 0.6999999881
174237  -20.903  -57.988  32.326 0.6999999881
39258  -22.113  -58.112  30.478 0.8000000119
39243  -19.438  -58.671  32.575 0.6000000238
39249  -21.847  -58.555  31.581 0.6999999881
39259  -22.407  -58.923  29.978 0.8000000119
39296  -6.903  -58.124  26.390 0.5000000000
186924  -6.821  -57.019  25.830 0.6000000238
40294  -19.999  -57.631  32.369 0.6999999881
40299  -21.681  -57.576  31.270 0.8000000119
41392  -21.462  -56.685  31.000 0.8000000119
41391  -20.836  -56.139  31.555 0.8000000119
40336  -7.716  -57.360  26.715 0.5000000000
41412  -20.348  -56.717  28.714 0.8000000119
187676  -19.824  -56.765  32.360 0.6999999881
41387  -20.457  -56.726  32.162 0.8000000119
42572  -20.274  -55.362  31.774 0.6999999881
42573  -20.720  -55.267  30.996 0.8000000119
42593  -20.546  -55.346  29.373 0.8000000119
42592  -19.951  -55.045  28.959 0.8000000119
42609  -9.969  -55.516  26.854 0.5000000000
41425  -19.375  -56.315  27.947 0.8000000119
42599  -19.227  -55.440  28.174 0.8000000119
43796  -8.538  -54.439  26.567 0.6000000238
41434  -19.488  -56.238  27.567 0.6999999881
42602  -19.191  -55.687  27.666 0.6999999881
43813  -7.900  -54.058  26.158 0.6999999881
43815  -10.081  -53.929  26.263 0.6000000238
43801  -21.278  -54.956  25.929 0.6999999881
42611  -19.499  -55.682  27.304 0.6999999881
43827  -7.700  -53.342  25.708 0.6999999881
43828  -10.915  -53.807  25.442 0.6000000238
43760  -20.204  -54.446  31.266 0.6999999881
43761  -20.564  -54.688  30.499 0.8000000119
43777  -20.119  -54.317  29.392 0.8000000119
164403  -7.943  -53.137  26.236 0.6999999881
43814  -8.677  -53.627  26.542 0.6000000238
43799  -19.597  -54.920  27.099 0.6999999881
43789  -19.035  -55.113  27.483 0.6999999881
44862  -10.253  -52.972  25.856 0.6000000238
43829  -11.628  -54.162  24.781 0.6000000238
44837  -20.701  -53.660  26.230 0.8000000119
44836  -19.797  -53.927  26.901 0.8000000119
45894  -11.943  -52.960  24.191 0.5000000000
44864  -12.197  -53.645  24.340 0.6000000238
44853  -20.750  -53.193  25.497 0.6999999881
44850  -7.780  -52.434  25.985 0.6999999881
160633  -13.857  -52.385  23.676 0.6000000238
44802  -19.739  -53.509  30.966 0.6999999881
44809  -19.703  -53.248  30.017 0.8000000119
158341  -19.844  -53.809  29.461 0.8000000119
44815  -19.098  -53.536  29.052 0.6999999881
43783  -19.358  -54.457  28.715 0.8000000119
43788  -18.623  -54.646  27.570 0.8000000119
43782  -18.766  -54.846  28.045 0.8000000119
176016  -9.287  -52.953  26.404 0.6999999881
44828  -18.151  -54.185  27.361 0.6999999881
43798  -18.782  -54.544  27.259 0.8000000119
44851  -8.331  -52.548  26.400 0.6999999881
44863  -11.298  -53.182  24.879 0.6000000238
45893  -11.425  -52.317  24.536 0.6000000238
45903  -12.288  -52.314  23.906 0.5000000000
45884  -20.369  -52.378  25.745 0.8000000119
45869  -20.355  -53.008  26.423 0.6999999881
44874  -12.715  -53.096  23.991 0.6000000238
45904  -13.121  -52.582  23.773 0.6000000238
46990  -13.076  -51.879  23.653 0.5000000000
159555  -13.599  -53.130  23.895 0.6000000238
44814  -18.549  -53.065  29.013 0.6000000238
45853  -17.843  -53.150  28.447 0.6000000238
44821  -18.163  -53.766  28.351 0.6000000238
44827  -17.569  -53.765  27.456 0.6000000238
44852  -9.212  -51.932  26.091 0.6999999881
45892  -10.503  -52.236  25.311 0.6999999881
44834  -17.945  -53.598  27.072 0.6000000238
44835  -18.643  -53.869  27.048 0.6000000238
164636  -19.302  -53.188  26.899 0.5000000000
46967  -9.226  -51.188  25.612 0.6999999881
46991  -13.996  -51.445  23.497 0.5000000000
46968  -19.984  -51.530  25.863 0.6999999881
45907  -16.654  -52.004  23.686 0.6999999881
47965  -15.542  -50.559  23.492 0.6000000238
45852  -17.034  -53.284  27.687 0.4000000060
45858  -16.875  -53.420  27.118 0.4000000060
45867  -18.864  -52.561  26.896 0.6000000238
46950  -19.518  -51.749  26.640 0.6999999881
47963  -13.712  -50.590  23.437 0.5000000000
47964  -14.589  -50.637  23.432 0.5000000000
170463  -14.084  -49.890  23.428 0.4000000060
45851  -16.056  -53.040  27.188 0.4000000060
45857  -16.248  -52.953  26.880 0.5000000000
45866  -17.442  -52.966  26.899 0.5000000000
46948  -17.124  -52.315  26.847 0.6000000238
46949  -18.489  -51.933  26.906 0.6999999881
47922  -19.364  -51.036  26.483 0.6999999881
49056  -13.519  -49.103  23.408 0.4000000060
49057  -14.521  -49.061  23.421 0.4000000060
159181  -18.254  -51.106  26.970 0.6999999881
47921  -17.745  -50.374  26.934 0.6000000238
49020  -18.389  -49.324  26.483 0.6000000238
47935  -19.038  -50.060  26.260 0.6999999881
50192  -14.001  -48.268  23.281 0.3000000119
50193  -14.956  -48.153  23.361 0.3000000119
51365  -14.465  -47.376  23.023 0.3000000119
178627  -17.987  -47.941  26.288 0.5000000000
168628  -14.039  -46.481  22.503 0.4000000060
53753  -17.574  -45.964  24.896 0.4000000060
53751  -15.326  -45.361  25.978 0.2000000030
53768  -17.264  -45.308  24.148 0.4000000060
54772  -16.738  -44.633  24.557 0.1000000015
176710  -16.146  -44.898  25.418 0.2000000030
54789  -16.500  -43.964  24.179 0.2000000030
54790  -16.977  -44.485  23.454 0.2000000030
54771  -15.206  -44.637  25.524 0.2000000030
55845  -16.611  -43.510  23.469 0.1000000015
55827  -15.737  -43.434  24.329 0.1000000015
54816  -17.237  -44.299  22.911 0.2000000030
53790  -17.720  -45.177  22.336 0.1000000015
156388  0.082  -96.050  13.176 0.3000000119
693  -8.407  -99.454  10.803 0.6999999881
4107  -10.482  -92.415  0.915 0.1000000015
4114  -9.377  -93.005  -0.649 0.1000000015
166154  -10.089  -93.071  -0.920 0.1000000015
15  -8.545  -102.853  22.157 0.6000000238
176  -6.757  -101.343  20.457 0.6999999881
162  -6.363  -100.606  20.997 0.6999999881
2277  2.927  -96.009  15.785 0.4000000060
1771  2.451  -97.777  14.010 0.4000000060
686  -6.851  -99.828  12.481 0.6999999881
2365  -12.904  -95.569  4.502 0.4000000060
174299  -17.961  -97.231  5.693 0.5000000000
9045  -4.347  -87.962  8.872 0.6000000238
1123  -0.702  -98.124  32.023 0.6000000238
1367  -19.270  -98.098  7.771 0.5000000000
170408  -14.752  -87.216  1.399 0.8000000119
162106  -13.167  -86.850  -2.363 0.6000000238
1350  -17.540  -99.048  11.004 0.5000000000
2613  0.126  -95.373  32.331 0.8000000119
2612  0.734  -95.601  32.115 0.6999999881
12907  -13.856  -83.631  -2.893 0.8000000119
10034  -13.053  -86.294  -3.746 0.4000000060
168915  -2.625  -73.821  23.432 0.6999999881
26197  -12.388  -69.708  31.804 0.6999999881
26198  -13.187  -69.812  31.688 0.8000000119
27272  -12.963  -69.362  32.397 0.6999999881
177464  -4.540  -69.193  34.520 0.8000000119
28314  -4.811  -68.647  34.214 0.8000000119
27254  -13.737  -68.732  32.331 0.6999999881
27275  -15.464  -69.262  31.725 0.6999999881
28369  -16.432  -68.594  30.784 0.6999999881
28372  -19.092  -69.160  30.607 0.3000000119
28340  -12.362  -68.276  32.906 0.8000000119
27314  -19.893  -69.536  29.663 0.6000000238
41435  -20.146  -56.378  27.059 0.6999999881
41401  -21.251  -55.882  30.574 0.8000000119
41419  -19.751  -56.935  28.185 0.6999999881
187963  -20.859  -53.690  25.056 0.6000000238
42622  -7.552  -54.938  25.943 0.6999999881
42635  -7.618  -54.491  25.439 0.6999999881
179024  -18.091  -47.393  25.543 0.4000000060
41413  -21.036  -55.995  29.436 0.8000000119
42600  -19.931  -56.035  28.621 0.8000000119
42606  -7.289  -55.567  25.901 0.6999999881
46992  -15.113  -51.377  23.472 0.6999999881
1324  -3.992  -96.490  13.781 0.6999999881
2307  -0.709  -96.037  13.040 0.4000000060
1801  -2.885  -96.753  13.191 0.6000000238
401  -2.615  -100.970  17.908 0.6999999881
382  -1.482  -100.919  19.472 0.8000000119
2913  -13.253  -94.549  4.577 0.4000000060
190  -1.281  -100.910  20.076 0.8000000119
192  -3.601  -101.576  19.347 0.6999999881
2341  -15.225  -95.882  8.456 0.4000000060
1869  -20.158  -95.997  4.742 0.6000000238
3530  -16.779  -94.032  -1.113 0.4000000060
3515  -15.346  -93.220  1.944 0.3000000119
6412  -13.218  -90.416  -2.419 0.4000000060
26  -8.556  -102.734  21.390 0.6000000238
166587  -7.379  -101.891  19.323 0.6999999881
6414  -16.052  -90.894  -3.049 0.6000000238
6415  -17.073  -90.475  -3.056 0.6999999881
8254  -18.016  -88.121  -3.243 0.6999999881
10998  -17.698  -85.667  -3.349 0.5000000000
11961  -16.803  -84.666  -2.128 0.6000000238
10788  1.247  -85.940  11.536 0.5000000000
11752  0.995  -85.257  12.203 0.6999999881
26199  -14.961  -69.762  31.704 0.6000000238
26201  -17.079  -69.899  31.574 0.4000000060
27296  -18.072  -69.259  31.149 0.5000000000
167631  -22.616  -66.051  28.965 0.3000000119
32945  -22.191  -64.556  29.317 0.6000000238
33988  -20.992  -63.641  30.783 0.4000000060
33987  -20.527  -63.208  31.208 0.5000000000
36111  -20.605  -62.068  31.883 0.6000000238
36116  -21.497  -61.737  31.495 0.6999999881
168028  -22.003  -62.095  30.762 0.6999999881
37168  -20.959  -60.369  32.493 0.6999999881
35080  -19.360  -62.767  32.240 0.5000000000
163527  -19.901  -62.237  32.262 0.6000000238
38226  -19.790  -59.442  32.547 0.6000000238
38228  -21.421  -59.590  32.312 0.6999999881
187799  -21.640  -59.093  32.038 0.6999999881
39245  -21.245  -58.731  32.338 0.6999999881
40296  -21.372  -57.985  31.936 0.8000000119
40293  -19.189  -57.091  32.565 0.6000000238
40295  -21.119  -57.170  31.919 0.8000000119
42585  -20.917  -55.230  30.097 0.8000000119
41430  -7.629  -56.332  26.346 0.6000000238
42570  -19.727  -55.589  32.285 0.6000000238
43772  -20.497  -54.702  29.756 0.8000000119
43797  -9.405  -54.622  26.670 0.6999999881
43795  -8.124  -54.758  26.371 0.6999999881
42598  -18.978  -55.132  27.710 0.8000000119
43816  -11.151  -54.737  25.444 0.5000000000
42612  -20.609  -55.339  26.820 0.8000000119
43771  -20.280  -54.000  30.206 0.6999999881
43800  -20.728  -54.417  26.528 0.8000000119
43817  -21.103  -54.076  25.519 0.6999999881
44822  -18.573  -54.251  28.310 0.6999999881
43781  -18.113  -54.236  27.756 0.6999999881
45868  -19.984  -52.265  26.562 0.6999999881
45848  -18.334  -52.499  29.372 0.6000000238
44820  -17.625  -53.766  27.864 0.6000000238
184979  -17.004  -51.478  26.879 0.6000000238
53752  -16.996  -45.335  25.151 0.3000000119
1709  -0.533  -97.469  20.842 0.1000000015
2226  -1.426  -96.611  19.460 0.1000000015
2227  -2.308  -96.529  19.481 0.1000000015
2242  -2.744  -95.967  18.981 0.1000000015
1710  -1.495  -97.387  20.795 0.1000000015
1695  -0.994  -97.671  21.601 0.1000000015
261  -10.939  -100.185  33.698 0.4000000060
497  -11.644  -99.978  33.556 0.3000000119
186884  -12.156  -99.459  33.505 0.3000000119
260  -10.123  -100.201  33.769 0.4000000060
262  -9.639  -100.472  33.293 0.4000000060
263  -10.407  -100.542  32.999 0.4000000060
496  -8.883  -100.573  33.097 0.4000000060
2213  -1.881  -96.954  20.112 0.1000000015
2806  -3.758  -94.984  18.173 0.1000000015
2214  -2.693  -96.750  20.203 0.1000000015
187409  -3.710  -95.373  18.656 0.1000000015
486  -10.984  -99.524  34.805 0.3000000119
494  -11.875  -99.479  33.895 0.3000000119
760  -12.671  -99.549  32.602 0.3000000119
501  -12.600  -99.922  32.569 0.4000000060
505  -13.002  -100.259  31.749 0.4000000060
189768  -10.953  -100.575  32.722 0.5000000000
491  -9.241  -100.216  33.968 0.4000000060
158099  -8.158  -100.250  33.704 0.4000000060
267  -9.573  -100.640  32.625 0.5000000000
504  -7.671  -100.533  31.892 0.6000000238
503  -7.032  -100.260  31.610 0.6000000238
266  -8.720  -100.698  32.150 0.6000000238
1132  -7.825  -98.948  30.988 0.6000000238
764  -7.066  -99.798  31.389 0.6000000238
162711  -6.954  -99.824  32.236 0.6000000238
180680  -8.325  -98.201  30.548 0.6000000238
2228  -3.129  -96.302  19.608 0.1000000015
1711  -2.238  -97.151  20.727 0.1000000015
1832  -9.692  -97.361  8.694 0.3000000119
484  -9.439  -99.835  34.880 0.4000000060
485  -10.273  -99.630  35.048 0.4000000060
1110  -12.110  -98.754  33.862 0.3000000119
1122  -12.381  -98.554  32.653 0.3000000119
490  -8.610  -99.962  34.661 0.4000000060
489  -7.771  -99.907  34.555 0.4000000060
168977  -11.440  -100.768  31.868 0.4000000060
187795  -12.004  -100.803  31.615 0.4000000060
274  -10.638  -100.950  31.534 0.5000000000
499  -7.227  -100.172  32.438 0.6000000238
273  -9.765  -100.815  31.920 0.5000000000
179854  -8.998  -101.016  31.504 0.6000000238
171549  -9.752  -101.217  31.096 0.5000000000
271  -7.246  -100.742  31.100 0.6000000238
272  -8.104  -100.941  31.373 0.6000000238
184337  -9.355  -93.866  27.696 0.6000000238
2657  -9.609  -95.350  28.530 0.6000000238
2089  -8.698  -96.328  30.215 0.6000000238
3291  -9.305  -94.401  27.321 0.6000000238
2104  -9.264  -95.932  29.385 0.6000000238
1605  -8.888  -97.852  29.851 0.6000000238
167945  -9.194  -96.909  29.620 0.6000000238
968  -8.892  -99.350  10.160 0.4000000060
1843  -11.017  -96.989  7.079 0.3000000119
2364  -12.435  -94.979  5.188 0.2000000030
2912  -13.392  -93.705  5.629 0.2000000030
753  -11.514  -99.041  35.077 0.3000000119
1103  -11.914  -99.016  34.410 0.3000000119
479  -9.696  -99.493  35.822 0.4000000060
765  -12.771  -99.193  32.187 0.4000000060
1570  -11.995  -97.734  32.557 0.3000000119
1585  -12.347  -98.189  31.891 0.4000000060
506  -13.486  -100.147  31.295 0.4000000060
1125  -12.737  -98.685  31.202 0.4000000060
766  -13.276  -99.617  31.378 0.4000000060
488  -7.341  -100.008  33.778 0.5000000000
277  -13.324  -100.544  31.101 0.4000000060
275  -11.578  -101.062  31.179 0.5000000000
166110  -10.682  -101.207  30.917 0.5000000000
163837  -7.441  -98.967  31.894 0.6000000238
281  -8.673  -101.294  30.854 0.5000000000
183294  -8.486  -97.349  30.576 0.6000000238
181737  -7.205  -101.841  19.011 0.6000000238
202  -7.575  -101.855  18.504 0.6000000238
774  -8.208  -98.698  30.038 0.6000000238
167853  -11.158  -87.943  -3.217 0.3000000119
1557  -12.122  -98.305  33.284 0.3000000119
2058  -11.401  -96.724  32.407 0.3000000119
746  -10.815  -99.110  35.910 0.4000000060
1597  -12.253  -97.652  30.983 0.4000000060
188281  -12.241  -97.115  30.205 0.4000000060
1142  -13.001  -98.323  29.224 0.4000000060
1134  -13.178  -99.090  30.428 0.4000000060
775  -13.783  -99.933  30.685 0.4000000060
784  -13.651  -99.479  29.731 0.4000000060
509  -13.752  -100.541  30.561 0.4000000060
179143  -6.957  -99.883  33.117 0.5000000000
284  -12.287  -101.267  30.525 0.4000000060
285  -13.307  -101.023  30.554 0.4000000060
283  -11.197  -101.322  30.365 0.5000000000
280  -7.608  -101.237  30.631 0.6000000238
54  -8.002  -102.193  19.076 0.6000000238
3253  -9.494  -94.591  28.571 0.6000000238
508  -6.793  -100.431  30.709 0.6000000238
279  -6.856  -101.018  30.459 0.6000000238
167359  -8.328  -102.370  19.731 0.6000000238
393  -7.993  -101.147  18.056 0.6000000238
278  -6.381  -100.874  29.787 0.6000000238
179369  -6.170  -100.938  28.956 0.6000000238
633  -8.143  -100.356  18.044 0.6000000238
773  -7.323  -99.581  30.505 0.6000000238
513  -6.875  -100.039  29.847 0.6000000238
176527  -6.691  -100.388  29.027 0.6000000238
523  -6.451  -100.697  28.246 0.6000000238
1246  -9.384  -97.802  19.927 0.5000000000
160107  -9.894  -98.238  20.768 0.5000000000
1712  -10.151  -97.093  20.334 0.5000000000
2105  -9.695  -96.385  28.497 0.6000000238
534  -7.003  -100.305  27.244 0.6000000238
1258  -8.963  -97.675  19.052 0.5000000000
1725  -9.508  -96.838  19.546 0.5000000000
2090  -11.892  -96.637  30.715 0.2000000030
2091  -12.220  -96.182  29.862 0.3000000119
2675  -13.271  -95.485  28.999 0.2000000030
786  -16.942  -99.492  29.884 0.2000000030
799  -17.441  -100.044  29.720 0.2000000030
536  -17.946  -100.842  28.384 0.2000000030
309  -18.488  -101.291  27.658 0.1000000015
321  -17.978  -101.798  26.903 0.2000000030
2106  -12.676  -95.895  29.074 0.2000000030
308  -17.475  -101.462  27.507 0.2000000030
1607  -12.495  -97.073  29.317 0.4000000060
752  -7.094  -99.730  34.441 0.4000000060
183050  -6.958  -99.715  33.823 0.5000000000
1608  -12.908  -97.388  28.579 0.4000000060
157312  -13.622  -98.951  28.753 0.4000000060
514  -14.074  -100.784  29.784 0.4000000060
759  -6.949  -99.225  32.803 0.5000000000
1149  -13.428  -97.991  28.026 0.4000000060
293  -13.674  -101.201  29.841 0.4000000060
1121  -7.047  -98.312  32.445 0.6000000238
182254  -9.330  -101.437  30.365 0.5000000000
291  -11.716  -101.506  29.664 0.4000000060
188080  -7.541  -98.051  31.813 0.6000000238
175193  -8.950  -101.977  19.116 0.6000000238
171060  -8.647  -101.524  18.630 0.6000000238
395  -9.152  -101.172  18.976 0.5000000000
185880  -10.383  -97.555  20.906 0.5000000000
176210  -10.726  -96.918  20.121 0.5000000000
620  -8.557  -99.721  18.422 0.6000000238
2683  -9.592  -95.363  27.196 0.6000000238
783  -8.231  -98.848  29.282 0.6000000238
794  -7.273  -99.874  28.059 0.6000000238
2230  -10.097  -96.466  19.332 0.4000000060
3301  -8.899  -94.973  26.845 0.6000000238
1738  -9.470  -96.296  18.881 0.5000000000
2245  -9.840  -95.885  18.475 0.5000000000
2259  -8.837  -95.956  17.440 0.6000000238
2260  -9.496  -95.616  17.650 0.5000000000
2278  -8.644  -95.589  13.586 0.6000000238
1774  -9.708  -96.366  13.283 0.5000000000
1775  -10.662  -96.794  13.409 0.5000000000
2288  -10.208  -95.930  13.349 0.5000000000
1776  -11.594  -97.612  13.503 0.5000000000
2676  -13.957  -95.720  28.812 0.3000000119
2093  -15.146  -96.797  31.245 0.2000000030
516  -18.002  -100.404  29.438 0.2000000030
179663  -14.754  -96.307  30.294 0.2000000030
1610  -15.965  -97.883  30.048 0.2000000030
1143  -16.530  -98.675  29.994 0.3000000119
482  -8.209  -99.748  35.511 0.4000000060
1618  -12.835  -96.649  28.624 0.4000000060
1583  -7.807  -97.357  31.388 0.6000000238
2116  -13.854  -96.447  28.005 0.3000000119
1619  -13.249  -96.955  28.077 0.4000000060
785  -14.106  -99.953  29.049 0.4000000060
1630  -13.924  -97.300  27.490 0.4000000060
796  -14.026  -99.000  27.928 0.4000000060
797  -14.394  -100.000  27.954 0.4000000060
294  -14.028  -101.249  29.267 0.4000000060
2656  -9.192  -95.040  29.295 0.6000000238
158607  -8.763  -95.542  29.926 0.6000000238
614  -9.435  -100.549  19.697 0.5000000000
606  -9.657  -101.048  20.454 0.5000000000
782  -7.627  -99.440  28.915 0.6000000238
883  -8.481  -98.585  18.328 0.5000000000
875  -9.359  -99.236  19.858 0.5000000000
1617  -9.822  -97.156  27.894 0.6000000238
1606  -9.461  -97.473  28.895 0.6000000238
545  -6.670  -100.770  26.495 0.6000000238
555  -6.753  -100.798  24.575 0.6000000238
180637  -9.066  -95.477  16.815 0.6000000238
2268  -9.035  -95.253  15.708 0.6000000238
2279  -9.129  -95.205  14.464 0.6000000238
2808  -9.799  -95.282  16.613 0.5000000000
2793  -10.101  -95.604  17.732 0.5000000000
2287  -9.503  -95.541  13.605 0.6000000238
2824  -9.867  -95.116  14.290 0.6000000238
1794  -11.602  -96.577  13.332 0.5000000000
1795  -12.450  -97.202  13.377 0.6000000238
167898  -8.996  -96.818  26.623 0.6000000238
169526  -17.057  -99.138  30.830 0.2000000030
751  -6.587  -99.409  34.237 0.5000000000
1120  -6.607  -98.583  33.209 0.5000000000
2071  -8.104  -96.508  31.007 0.6000000238
805  -14.561  -99.172  27.204 0.4000000060
3252  -9.153  -94.150  29.137 0.6000000238
884  -8.968  -98.874  19.087 0.5000000000
1147  -8.715  -98.701  28.480 0.6000000238
1737  -8.834  -96.518  18.190 0.6000000238
189518  -9.019  -96.860  18.883 0.5000000000
1148  -9.456  -98.029  28.217 0.6000000238
1141  -8.938  -98.295  29.152 0.6000000238
165806  -6.299  -101.605  26.851 0.6000000238
1641  -9.482  -97.235  26.814 0.6000000238
2813  -9.807  -95.066  15.235 0.6000000238
2618  -7.668  -95.751  31.324 0.6000000238
2638  -8.507  -94.692  30.070 0.6000000238
3824  -9.041  -93.281  28.840 0.6000000238
185213  -10.723  -95.048  14.607 0.5000000000
1555  -6.105  -98.071  33.601 0.5000000000
1567  -6.550  -97.583  32.831 0.6000000238
2056  -7.422  -96.573  31.679 0.6000000238
164119  -8.810  -92.569  28.604 0.6000000238
3230  -7.862  -93.934  30.630 0.6000000238
5256  -8.358  -91.978  27.607 0.6000000238
3231  -8.534  -93.611  29.751 0.6000000238
5255  -7.718  -91.734  27.459 0.6000000238
4470  -8.353  -91.926  28.877 0.6000000238
3812  -8.510  -92.733  29.401 0.6000000238
2598  -7.051  -95.758  31.928 0.6000000238
2637  -7.787  -94.884  30.986 0.6000000238
5274  -6.169  -91.748  26.686 0.6000000238
5236  -7.380  -91.279  27.874 0.6000000238
3198  -6.818  -94.904  32.118 0.6000000238
5235  -6.308  -91.012  27.745 0.6000000238
5219  -7.742  -91.476  28.567 0.6000000238
6272  2.447  -91.286  11.625 0.2000000030
182788  -6.363  -94.779  32.652 0.6000000238
3208  -7.222  -94.183  31.586 0.6000000238
6062  -3.404  -90.646  27.928 0.6000000238
5252  -4.922  -91.060  26.770 0.6000000238
4451  -8.023  -92.369  29.788 0.6000000238
156414  2.433  -91.522  14.176 0.2000000030
159140  2.298  -90.548  12.447 0.4000000060
6242  2.348  -91.396  15.122 0.2000000030
2584  -5.568  -94.828  33.432 0.6000000238
3796  -7.355  -93.308  31.060 0.6000000238
5234  -4.731  -90.776  28.149 0.6000000238
163793  -5.301  -90.871  27.406 0.6000000238
5218  -6.903  -91.333  28.664 0.6000000238
175901  1.257  -87.670  24.250 0.3000000119
6132  1.377  -89.407  22.786 0.3000000119
161702  2.260  -90.315  15.290 0.3000000119
7156  2.093  -89.614  14.650 0.3000000119
6259  2.294  -90.828  13.354 0.4000000060
2576  -5.061  -94.904  33.968 0.6000000238
3190  -5.361  -94.414  33.460 0.6000000238
3197  -6.538  -94.121  32.365 0.6000000238
3795  -6.736  -93.517  31.806 0.6000000238
4433  -6.832  -92.913  31.214 0.6000000238
6051  -3.737  -90.343  28.935 0.6000000238
5216  -4.945  -91.291  28.959 0.6000000238
6063  -4.103  -90.565  28.243 0.6000000238
5217  -5.853  -91.326  28.777 0.6000000238
4469  -7.419  -91.906  29.542 0.6000000238
8814  1.172  -87.094  24.654 0.3000000119
189130  0.910  -85.992  26.280 0.3000000119
8815  1.040  -86.522  25.183 0.3000000119
8840  1.222  -87.704  23.563 0.3000000119
8011  2.077  -89.336  16.193 0.3000000119
8028  2.086  -89.428  15.507 0.3000000119
8045  1.646  -89.041  14.011 0.4000000060
3180  -4.400  -94.518  34.320 0.4000000060
3179  -3.541  -94.249  34.375 0.4000000060
3189  -4.856  -94.229  33.697 0.5000000000
3781  -6.005  -93.593  32.487 0.6000000238
3780  -4.896  -93.635  32.362 0.5000000000
169125  -6.282  -93.208  31.727 0.6000000238
4432  -6.019  -92.799  31.101 0.6000000238
4468  -6.285  -91.839  29.579 0.6000000238
6940  -3.396  -89.846  29.734 0.5000000000
6052  -4.379  -90.700  28.930 0.6000000238
5200  -5.335  -91.775  29.590 0.6000000238
9666  0.353  -86.108  27.958 0.3000000119
162158  0.673  -85.478  27.242 0.3000000119
169926  0.932  -85.722  25.717 0.2000000030
18769  -1.043  -77.268  21.514 0.2000000030
18760  -0.581  -77.221  22.886 0.2000000030
3164  -1.643  -94.012  36.238 0.3000000119
3165  -2.214  -94.082  35.424 0.4000000060
3769  -4.455  -93.934  33.051 0.5000000000
3779  -3.823  -93.639  32.269 0.5000000000
3794  -5.373  -93.260  31.629 0.5000000000
3793  -4.273  -93.183  31.415 0.5000000000
4450  -5.631  -92.348  30.279 0.5000000000
6031  -4.052  -90.238  29.721 0.5000000000
5199  -4.544  -91.139  29.710 0.6000000238
187234  -4.923  -91.601  29.628 0.6000000238
156759  0.369  -85.840  28.865 0.3000000119
10543  0.591  -85.158  27.924 0.3000000119
19821  -1.052  -76.295  22.697 0.2000000030
18748  -0.720  -77.143  23.777 0.2000000030
184142  -1.123  -77.716  24.824 0.2000000030
19831  -1.397  -76.691  22.085 0.5000000000
8920  1.494  -87.893  17.724 0.3000000119
7995  1.601  -88.668  17.404 0.3000000119
8012  1.734  -88.587  15.862 0.3000000119
172461  1.291  -87.635  15.725 0.3000000119
8951  0.979  -87.416  14.914 0.3000000119
164524  -0.460  -93.155  40.838 0.1000000015
3090  -0.797  -94.013  40.462 0.1000000015
169116  -0.263  -93.476  39.275 0.1000000015
3707  -1.179  -93.927  37.057 0.2000000030
3744  -2.159  -93.441  34.752 0.4000000060
3768  -2.992  -93.987  33.406 0.4000000060
165847  -3.541  -93.932  32.901 0.4000000060
4431  -4.476  -92.444  30.866 0.5000000000
5183  -4.388  -91.608  30.521 0.6000000238
6030  -3.696  -89.791  30.610 0.5000000000
5198  -4.213  -90.521  30.429 0.5000000000
183771  0.546  -84.288  27.882 0.2000000030
10701  1.167  -85.936  18.037 0.2000000030
9784  1.211  -86.800  18.433 0.1000000015
9800  1.221  -86.518  17.623 0.3000000119
9826  0.752  -87.023  15.386 0.3000000119
176845  1.207  -87.016  16.337 0.3000000119
9836  0.146  -87.294  14.318 0.3000000119
180947  -0.063  -92.946  39.050 0.1000000015
170907  -0.165  -92.665  38.639 0.1000000015
3691  -0.271  -93.396  38.604 0.1000000015
3721  -0.872  -93.215  36.800 0.2000000030
3743  -1.577  -93.409  35.660 0.3000000119
4371  -1.827  -92.653  35.150 0.4000000060
3756  -2.522  -93.470  33.847 0.4000000060
3767  -2.763  -93.402  33.129 0.4000000060
5182  -4.160  -91.077  30.984 0.5000000000
4430  -3.930  -92.221  31.206 0.5000000000
6910  -3.022  -89.390  31.257 0.5000000000
6924  -2.804  -89.507  30.561 0.5000000000
173031  0.469  -84.730  28.723 0.3000000119
13561  0.384  -82.031  19.957 0.2000000030
171864  0.316  -82.870  20.251 0.2000000030
11669  0.931  -84.429  18.749 0.2000000030
11659  0.514  -84.374  19.562 0.2000000030
10724  1.059  -85.905  17.355 0.2000000030
4353  -1.354  -92.490  35.935 0.3000000119
4384  -2.228  -92.766  34.316 0.4000000060
5141  -2.465  -91.989  34.132 0.4000000060
4399  -2.571  -92.705  33.534 0.4000000060
5155  -2.934  -91.430  33.546 0.4000000060
172545  -3.514  -92.152  31.914 0.4000000060
4414  -3.517  -93.037  31.899 0.5000000000
5993  -3.327  -90.144  33.154 0.4000000060
5156  -3.451  -91.264  32.510 0.5000000000
6005  -3.678  -90.120  32.086 0.5000000000
5167  -3.851  -91.115  31.631 0.5000000000
167129  -3.482  -89.553  31.580 0.5000000000
6018  -3.964  -90.230  31.195 0.5000000000
11511  0.296  -84.055  29.519 0.3000000119
15599  -0.329  -80.625  19.803 0.4000000060
163427  -1.048  -81.386  18.978 0.5000000000
172735  0.356  -82.691  18.749 0.2000000030
165211  0.671  -83.466  18.916 0.2000000030
12647  0.152  -83.218  18.103 0.3000000119
12655  0.622  -83.908  18.224 0.2000000030
11678  0.026  -84.259  17.609 0.4000000060
10712  0.937  -85.324  17.584 0.2000000030
10726  -0.248  -85.735  16.411 0.4000000060
9816  0.640  -86.540  16.102 0.3000000119
5978  -2.939  -90.109  34.189 0.3000000119
12519  0.114  -83.157  29.070 0.2000000030
11541  0.321  -83.534  27.527 0.2000000030
13457  -0.256  -82.750  28.778 0.2000000030
14557  -0.592  -81.856  18.713 0.5000000000
15498  -4.574  -80.250  26.558 0.1000000015
168093  -0.125  -83.287  29.972 0.3000000119
13443  -0.543  -82.911  29.656 0.2000000030
13444  -0.878  -82.695  29.534 0.2000000030
13446  -2.106  -82.859  29.920 0.2000000030
13430  -1.213  -82.688  30.391 0.2000000030
13447  -4.089  -82.674  29.886 0.2000000030
14440  -4.509  -81.670  29.164 0.1000000015
14450  -4.002  -81.857  28.236 0.1000000015
23172  -1.929  -74.058  24.319 0.4000000060
17649  -5.974  -79.043  27.901 0.1000000015
17650  -6.814  -79.028  27.989 0.1000000015
16620  -6.203  -79.733  27.480 0.1000000015
13429  -0.748  -82.921  30.539 0.3000000119
13432  -2.753  -82.595  30.705 0.2000000030
12508  -3.217  -82.911  30.066 0.2000000030
15513  -3.805  -81.041  26.339 0.1000000015
169484  -1.693  -82.489  30.583 0.2000000030
23184  -2.598  -73.259  23.459 0.5000000000
179871  -0.171  -83.261  31.369 0.3000000119
177164  -5.150  -78.972  27.806 0.1000000015
26287  -2.225  -70.495  23.632 0.3000000119
25243  -1.748  -71.356  24.458 0.3000000119
25254  -1.949  -71.811  23.746 0.3000000119
159948  -1.751  -72.311  24.575 0.3000000119
24236  -2.811  -72.570  23.072 0.4000000060
13411  -4.027  -81.689  31.112 0.3000000119
14412  -0.733  -81.971  31.570 0.2000000030
14431  -1.223  -82.148  31.087 0.2000000030
13409  -2.175  -82.230  31.301 0.2000000030
8719  -0.595  -88.704  35.240 0.6999999881
26277  -1.960  -70.474  24.447 0.3000000119
14413  -1.529  -81.937  31.826 0.4000000060
14414  -2.744  -81.924  32.059 0.2000000030
9596  -1.333  -87.030  35.772 0.6999999881
8708  -0.744  -88.077  35.917 0.6999999881
176121  -1.037  -87.270  36.928 0.8000000119
28459  -2.463  -68.439  24.731 0.2000000030
27373  -2.291  -69.632  24.767 0.2000000030
28479  -2.768  -69.120  23.170 0.4000000060
27384  -2.207  -69.750  24.209 0.3000000119
27363  -2.602  -69.458  25.088 0.2000000030
28499  -3.167  -69.222  22.264 0.5000000000
159934  -2.673  -68.315  23.783 0.4000000060
29574  -2.994  -68.328  22.698 0.5000000000
24340  -9.139  -71.998  13.584 0.4000000060
31875  -3.449  -65.807  23.745 0.5000000000
30715  -2.917  -66.030  24.682 0.3000000119
32999  -3.614  -63.945  25.682 0.3000000119
31859  -3.176  -65.240  24.815 0.5000000000
174803  -4.261  -63.867  26.299 0.3000000119
34081  -7.475  -63.489  25.985 0.2000000030
35187  -3.807  -62.426  25.321 0.6000000238
35167  -4.017  -62.339  25.880 0.5000000000
35153  -4.434  -62.469  26.146 0.3000000119
34064  -4.289  -63.256  26.241 0.3000000119
35154  -5.409  -62.504  26.282 0.3000000119
33011  -3.599  -64.228  24.833 0.5000000000
34063  -3.982  -62.939  26.148 0.4000000060
162043  -4.905  -63.032  26.230 0.3000000119
34067  -6.630  -62.889  26.270 0.3000000119
35156  -7.891  -62.015  26.278 0.2000000030
33025  -3.710  -64.845  23.961 0.6000000238
35169  -7.718  -62.812  26.113 0.3000000119
182809  -4.070  -61.937  24.741 0.6000000238
33012  -3.954  -64.030  23.981 0.6000000238
32984  -3.871  -63.687  26.137 0.3000000119
16533  -2.043  -79.043  32.261 0.2000000030
17576  -1.134  -78.739  31.860 0.3000000119
36195  -4.123  -61.587  25.530 0.5000000000
35168  -4.313  -61.794  26.020 0.4000000060
35155  -7.088  -62.195  26.349 0.2000000030
17575  -0.903  -78.626  31.090 0.3000000119
36176  -6.056  -61.750  26.397 0.3000000119
36177  -7.026  -61.439  26.528 0.3000000119
37240  -4.485  -60.761  25.483 0.5000000000
163466  -6.182  -60.801  26.610 0.5000000000
37223  -7.021  -60.657  26.834 0.2000000030
36178  -7.881  -61.229  26.609 0.2000000030
36209  -4.362  -61.117  24.890 0.6000000238
35189  -4.793  -61.670  24.238 0.6999999881
182732  -6.224  -78.573  37.506 0.6000000238
162159  -1.092  -78.084  31.956 0.3000000119
186851  -1.041  -77.938  31.217 0.3000000119
36175  -5.290  -60.843  26.351 0.5000000000
37222  -6.193  -59.993  26.699 0.5000000000
186867  -7.775  -60.558  26.923 0.2000000030
37224  -8.179  -60.056  27.114 0.2000000030
37251  -4.674  -60.477  24.965 0.6000000238
36210  -5.054  -60.831  24.372 0.6999999881
37221  -5.387  -60.042  26.151 0.5000000000
170551  -7.166  -59.908  27.035 0.5000000000
38277  -7.549  -59.135  27.112 0.5000000000
38276  -5.776  -59.301  26.132 0.6000000238
38278  -8.726  -59.370  27.276 0.3000000119
165900  -6.548  -59.128  26.598 0.6000000238
39297  -8.125  -58.363  27.201 0.4000000060
39298  -9.371  -58.621  27.420 0.3000000119
167215  -8.878  -57.665  27.305 0.3000000119
39284  -10.052  -57.885  27.439 0.3000000119
39285  -10.972  -58.070  27.234 0.3000000119
40337  -9.612  -56.938  27.304 0.3000000119
40338  -10.719  -57.385  27.221 0.3000000119
39286  -11.658  -57.919  26.733 0.3000000119
157781  -11.188  -57.042  26.873 0.3000000119
41440  -11.381  -56.581  26.227 0.3000000119
162583  -8.486  -56.864  27.031 0.4000000060
41441  -12.153  -57.180  25.629 0.3000000119
183429  -10.429  -56.725  27.169 0.4000000060
41432  -9.735  -56.112  27.139 0.5000000000
41453  -12.514  -56.734  24.853 0.3000000119
41431  -8.734  -56.138  26.928 0.5000000000
42610  -10.734  -55.836  26.457 0.5000000000
42624  -11.243  -55.681  25.796 0.4000000060
179321  -11.855  -56.322  25.321 0.3000000119
42636  -11.748  -55.541  24.995 0.3000000119
42608  -8.904  -55.249  26.841 0.5000000000
42638  -13.013  -55.960  24.418 0.3000000119
27294  -9.832  -69.922  30.783 0.6999999881
27270  -10.430  -69.566  31.750 0.6999999881
187705  -12.271  -56.020  24.748 0.3000000119
172373  -13.038  -55.130  24.365 0.3000000119
174048  -13.756  -55.259  24.367 0.3000000119
164784  -11.841  -54.904  24.732 0.5000000000
43831  -13.500  -54.517  24.318 0.5000000000
29510  -22.065  -67.434  26.994 0.6000000238
186810  -22.493  -65.716  28.419 0.6000000238
34027  -22.167  -63.750  29.355 0.6000000238
168614  -22.471  -64.490  27.919 0.6999999881
163483  -22.527  -64.010  27.234 0.6000000238
42623  -10.429  -55.059  26.275 0.3000000119
42637  -12.389  -55.364  24.563 0.4000000060
180387  -14.221  -54.643  24.296 0.4000000060
44865  -13.148  -53.786  24.205 0.5000000000
43833  -15.571  -54.814  24.213 0.3000000119
179775  -22.977  -66.173  29.881 0.3000000119
31775  -22.596  -65.305  30.345 0.3000000119
34003  -21.542  -63.651  30.234 0.6000000238
35116  -22.380  -62.825  29.060 0.6000000238
35142  -22.539  -62.547  27.596 0.6000000238
160315  -22.518  -62.037  28.945 0.6000000238
38219  -18.276  -59.545  33.132 0.3000000119
43842  -14.898  -54.379  24.154 0.3000000119
44866  -14.155  -53.861  24.090 0.5000000000
43843  -15.592  -54.109  24.000 0.3000000119
43834  -16.388  -54.289  24.054 0.3000000119
160920  -17.080  -54.857  24.201 0.2000000030
44875  -15.084  -53.614  23.873 0.4000000060
44876  -16.009  -53.422  23.817 0.3000000119
44867  -16.837  -53.543  23.922 0.3000000119
37189  -22.552  -60.650  29.861 0.6000000238
167635  -22.532  -61.473  28.811 0.6999999881
38234  -22.467  -59.825  31.050 0.6000000238
39234  -18.079  -58.771  33.329 0.3000000119
39242  -18.693  -58.776  32.882 0.3000000119
176237  -18.430  -58.157  33.087 0.4000000060
176099  -17.912  -57.888  33.606 0.3000000119
188800  -19.963  -56.497  23.960 0.2000000030
42613  -21.247  -55.812  26.295 0.5000000000
43818  -21.326  -54.864  25.048 0.4000000060
45905  -14.477  -53.013  23.763 0.5000000000
44877  -16.764  -52.845  23.802 0.4000000060
160763  -14.751  -52.200  23.564 0.5000000000
45906  -15.349  -52.836  23.674 0.5000000000
178571  -16.085  -52.646  23.674 0.5000000000
32895  -20.395  -63.603  32.269 0.2000000030
36109  -18.519  -61.608  33.051 0.3000000119
38218  -17.623  -59.477  33.504 0.2000000030
39233  -17.543  -58.750  33.837 0.3000000119
175801  -19.011  -57.965  32.683 0.5000000000
40285  -18.460  -57.327  33.035 0.5000000000
165016  -15.674  -52.067  23.561 0.5000000000
33978  -19.564  -63.440  32.559 0.2000000030
35079  -18.529  -62.598  32.759 0.3000000119
33981  -18.379  -63.124  32.773 0.2000000030
37156  -16.909  -60.831  33.539 0.2000000030
37165  -17.721  -61.145  33.263 0.3000000119
41377  -18.198  -56.587  33.281 0.5000000000
41386  -19.389  -56.273  32.468 0.5000000000
41385  -18.691  -56.464  32.801 0.5000000000
35075  -17.722  -62.880  33.023 0.2000000030
36106  -17.041  -61.611  33.380 0.2000000030
172110  -17.135  -60.040  33.570 0.2000000030
43750  -18.754  -54.530  32.395 0.6000000238
43758  -18.460  -53.726  32.116 0.6000000238
42569  -18.895  -55.521  32.570 0.5000000000
43759  -19.398  -53.952  31.825 0.6000000238
44789  -17.491  -53.760  32.277 0.6000000238
2146  -9.578  -96.314  26.877 0.6000000238
7890  1.083  -88.429  24.805 0.4000000060
7877  0.323  -88.054  26.438 0.4000000060
8800  0.803  -86.676  26.128 0.3000000119
182400  0.629  -89.096  25.437 0.4000000060
7905  1.291  -88.423  23.795 0.3000000119
8828  1.101  -87.175  23.945 0.2000000030
1361  -9.262  -97.915  9.233 0.3000000119
2690  -8.736  -95.747  26.757 0.6000000238
24235  -2.415  -72.762  23.475 0.3000000119
36163  -22.516  -61.823  27.745 0.6999999881
37205  -22.508  -61.241  28.253 0.8000000119
183530  -21.462  -56.217  25.721 0.4000000060
42625  -21.449  -55.569  25.396 0.4000000060
42641  -17.600  -55.430  24.232 0.3000000119
38239  -22.535  -59.776  30.215 0.6999999881
37193  -22.540  -60.872  29.044 0.8000000119
8258  -10.764  -88.458  -3.267 0.3000000119
172442  1.660  -88.835  14.889 0.3000000119
7000  0.962  -89.435  24.737 0.4000000060
173762  1.008  -87.324  25.446 0.3000000119
31803  -22.512  -66.249  28.061 0.5000000000
164796  -22.361  -65.127  28.664 0.5000000000
35090  -21.691  -62.893  30.328 0.6000000238
36117  -22.216  -61.173  31.130 0.6000000238
32896  -21.403  -63.886  32.075 0.3000000119
36120  -22.443  -61.343  30.308 0.6000000238
37174  -22.249  -60.364  31.482 0.6000000238
33982  -19.005  -63.105  32.417 0.2000000030
37157  -17.676  -60.244  33.349 0.3000000119
42607  -7.992  -55.463  26.392 0.5000000000
41390  -20.158  -56.102  32.184 0.5000000000
43751  -19.643  -54.838  32.120 0.6000000238
32944  -21.853  -64.136  29.891 0.6000000238
394  -8.651  -100.756  18.449 0.6000000238
621  -9.094  -100.106  19.011 0.6000000238
9701  1.042  -86.648  24.465 0.2000000030
8936  1.574  -87.970  16.760 0.3000000119
10702  1.069  -85.259  18.437 0.2000000030
14547  0.148  -81.251  19.788 0.2000000030
11630  0.053  -84.257  20.325 0.1000000015
23162  -1.936  -73.218  24.410 0.3000000119
41433  -10.599  -56.302  26.879 0.6000000238
30670  -22.331  -66.562  27.200 0.6000000238
34028  -22.446  -63.335  28.584 0.6000000238
35115  -22.068  -63.158  29.736 0.6000000238
34040  -22.546  -63.460  27.880 0.6999999881
34054  -22.529  -63.271  27.205 0.6000000238
34071  -22.468  -63.628  26.598 0.6000000238
43830  -12.532  -54.509  24.433 0.5000000000
35091  -22.358  -62.242  29.804 0.6000000238
35132  -22.528  -62.630  28.337 0.6000000238
36145  -22.557  -61.937  28.294 0.6999999881
36133  -22.530  -61.430  29.502 0.6000000238
32890  -20.303  -63.740  33.081 0.2000000030
35078  -17.708  -62.077  33.150 0.2000000030
42568  -18.040  -55.001  32.808 0.5000000000
43749  -17.952  -54.312  32.487 0.6000000238
1808  -3.949  -96.661  12.252 0.5000000000
1337  -5.815  -97.941  11.688 0.5000000000
7366  -10.561  -88.871  -3.265 0.1000000015
158178  -10.718  -89.771  -3.168 0.2000000030
938  -13.671  -99.569  14.332 0.5000000000
667  -14.667  -100.439  15.152 0.4000000060
415  -15.408  -101.050  15.520 0.4000000060
213  -16.419  -101.175  15.627 0.4000000060
429  -17.220  -100.949  15.544 0.4000000060
432  -17.756  -100.748  14.779 0.4000000060
227  -17.257  -101.022  14.115 0.4000000060
2939  -17.847  -94.795  0.988 0.5000000000
2302  -12.421  -96.120  13.293 0.5000000000
1312  -12.505  -98.279  13.637 0.5000000000
160841  -13.401  -98.707  13.906 0.5000000000
159696  -14.229  -98.853  14.271 0.4000000060
922  -15.267  -99.794  15.378 0.4000000060
668  -15.335  -100.651  15.639 0.4000000060
178572  -15.745  -100.233  16.113 0.3000000119
417  -16.990  -100.856  16.300 0.4000000060
677  -18.535  -100.444  15.086 0.4000000060
682  -18.463  -100.433  14.155 0.4000000060
435  -18.087  -100.633  13.291 0.4000000060
440  -18.522  -100.470  12.456 0.4000000060
172777  -18.736  -100.365  13.320 0.3000000119
441  -19.234  -100.111  11.930 0.3000000119
454  -18.098  -100.418  11.091 0.5000000000
180100  -20.048  -99.613  11.038 0.3000000119
700  -19.554  -99.780  10.988 0.3000000119
699  -18.735  -100.029  10.874 0.4000000060
2383  -19.755  -95.467  3.607 0.5000000000
2382  -18.996  -95.678  3.255 0.5000000000
179097  -18.099  -94.961  1.705 0.5000000000
2931  -18.541  -94.891  2.251 0.5000000000
185136  -19.444  -94.987  2.974 0.5000000000
2947  -17.488  -94.488  0.237 0.3000000119
2940  -18.317  -94.253  1.589 0.5000000000
163780  -17.537  -93.664  -0.691 0.5000000000
179285  -17.618  -92.740  -1.807 0.5000000000
160367  -11.973  -95.470  13.582 0.5000000000
1796  -13.275  -96.778  13.397 0.4000000060
1326  -13.305  -97.786  13.542 0.5000000000
1777  -14.045  -97.369  13.682 0.4000000060
1313  -13.988  -98.182  13.819 0.5000000000
940  -14.929  -98.917  14.779 0.3000000119
1766  -15.511  -98.038  15.536 0.2000000030
906  -15.709  -99.498  16.196 0.3000000119
168964  -16.771  -100.630  16.879 0.3000000119
650  -17.639  -100.613  16.960 0.4000000060
638  -18.234  -100.268  17.417 0.2000000030
670  -19.121  -100.302  15.857 0.3000000119
678  -19.240  -100.198  14.838 0.3000000119
684  -20.003  -99.841  13.500 0.3000000119
683  -19.300  -100.121  13.871 0.4000000060
688  -19.968  -99.748  12.447 0.3000000119
950  -20.673  -99.456  11.930 0.3000000119
1353  -20.488  -98.694  10.786 0.4000000060
1351  -18.763  -99.254  10.849 0.4000000060
1342  -19.740  -98.405  10.898 0.4000000060
1813  -18.215  -97.781  11.660 0.3000000119
1340  -17.600  -98.343  11.362 0.4000000060
2941  -18.633  -93.781  1.811 0.5000000000
2949  -18.330  -93.538  1.118 0.5000000000
3521  -18.084  -93.284  0.347 0.5000000000
4803  -17.269  -91.727  -2.621 0.5000000000
4128  -17.843  -93.033  -1.296 0.6000000238
174772  -10.758  -99.627  23.004 0.4000000060
367  -10.341  -99.805  22.445 0.4000000060
845  -11.275  -99.205  22.745 0.4000000060
173052  -9.696  -99.778  20.633 0.4000000060
853  -10.189  -99.144  21.528 0.4000000060
1219  -10.629  -98.169  21.395 0.4000000060
1220  -11.590  -98.352  21.658 0.4000000060
1221  -12.076  -98.623  22.135 0.4000000060
1698  -11.307  -97.703  21.085 0.4000000060
1234  -11.785  -98.236  21.263 0.4000000060
866  -12.283  -98.966  21.374 0.4000000060
615  -11.803  -100.187  19.348 0.4000000060
1727  -11.172  -97.059  19.910 0.3000000119
170763  -11.435  -97.687  20.525 0.3000000119
1247  -11.433  -97.994  19.469 0.3000000119
876  -11.562  -99.404  18.759 0.3000000119
622  -11.797  -100.601  18.360 0.3000000119
162019  -11.170  -97.391  18.834 0.3000000119
1259  -11.385  -98.605  18.180 0.3000000119
1267  -11.753  -98.725  17.386 0.3000000119
893  -11.985  -99.751  17.281 0.3000000119
623  -12.244  -101.004  18.093 0.3000000119
616  -14.309  -100.745  18.821 0.3000000119
2246  -10.282  -96.027  18.448 0.3000000119
1268  -12.254  -98.775  17.077 0.3000000119
894  -12.558  -99.568  17.346 0.3000000119
183851  -13.495  -100.379  18.093 0.3000000119
877  -15.060  -99.808  19.274 0.2000000030
1250  -14.787  -98.807  19.318 0.1000000015
174322  -13.045  -98.881  17.440 0.3000000119
1260  -13.792  -98.818  18.105 0.3000000119
1261  -14.269  -98.603  18.819 0.2000000030
1236  -15.656  -98.968  20.031 0.1000000015
1248  -13.925  -97.890  18.761 0.3000000119
1249  -14.423  -98.113  19.354 0.2000000030
2839  -11.429  -95.116  13.945 0.3000000119
2303  -13.306  -95.865  13.441 0.4000000060
1797  -14.035  -96.381  13.615 0.3000000119
1778  -14.693  -96.936  14.126 0.2000000030
1314  -14.667  -98.014  14.270 0.2000000030
1282  -15.711  -98.681  16.304 0.2000000030
895  -16.578  -99.623  17.449 0.2000000030
652  -19.332  -100.081  16.659 0.2000000030
174639  -19.888  -99.996  15.406 0.2000000030
944  -20.803  -99.513  13.199 0.4000000060
957  -21.307  -99.083  11.418 0.4000000060
966  -20.830  -99.126  10.892 0.3000000119
1815  -20.312  -97.824  10.965 0.4000000060
1805  -18.758  -97.090  11.909 0.3000000119
3493  -20.601  -95.101  6.286 0.6000000238
171567  -20.682  -94.901  5.601 0.6000000238
2322  -19.679  -97.068  11.574 0.3000000119
1804  -17.715  -97.019  12.166 0.3000000119
2910  -20.601  -95.330  5.258 0.5000000000
3505  -20.442  -94.703  4.264 0.5000000000
2919  -20.325  -94.943  3.977 0.5000000000
166132  -19.679  -94.384  2.992 0.5000000000
2950  -18.619  -93.353  1.487 0.5000000000
3512  -19.407  -93.895  2.391 0.5000000000
3532  -18.159  -92.862  -0.170 0.5000000000
3533  -18.287  -92.589  -0.132 0.5000000000
5573  -18.428  -91.118  -2.212 0.6000000238
4129  -18.310  -92.575  -1.093 0.6000000238
4790  -18.004  -91.752  -2.261 0.5000000000
165301  -9.644  -101.593  22.699 0.5000000000
585  -10.339  -100.241  23.640 0.4000000060
572  -11.031  -100.117  24.286 0.5000000000
838  -11.069  -99.642  23.668 0.4000000060
1206  -11.828  -98.757  22.487 0.4000000060
596  -12.366  -99.393  22.389 0.4000000060
608  -12.454  -100.183  21.190 0.4000000060
607  -12.077  -100.773  19.946 0.4000000060
184  -12.289  -101.301  19.668 0.4000000060
1726  -10.698  -96.658  19.070 0.3000000119
396  -12.184  -101.184  18.821 0.3000000119
2247  -10.843  -96.546  17.876 0.3000000119
158611  -11.325  -97.958  17.801 0.3000000119
1281  -11.868  -98.154  16.849 0.3000000119
624  -13.079  -101.040  18.248 0.3000000119
617  -15.287  -100.578  19.408 0.2000000030
2261  -10.647  -95.611  16.830 0.4000000060
164548  -10.535  -95.929  17.626 0.3000000119
878  -15.889  -100.144  19.800 0.1000000015
2269  -11.528  -95.730  16.161 0.4000000060
1740  -13.490  -98.200  17.794 0.3000000119
2825  -11.795  -95.024  14.530 0.3000000119
2280  -12.120  -95.319  15.325 0.4000000060
2263  -13.106  -96.824  17.159 0.3000000119
177222  -13.504  -97.224  18.020 0.3000000119
1729  -14.241  -97.432  19.759 0.2000000030
1235  -14.982  -97.994  19.966 0.2000000030
2840  -12.468  -95.049  13.967 0.4000000060
175788  -13.409  -96.302  17.873 0.3000000119
1728  -13.743  -96.900  19.239 0.3000000119
1714  -14.102  -96.592  20.089 0.2000000030
1715  -14.734  -97.174  20.770 0.2000000030
182506  -13.317  -95.288  13.845 0.4000000060
2231  -13.764  -96.144  19.573 0.2000000030
2219  -14.408  -96.220  20.798 0.2000000030
1779  -15.258  -97.468  14.774 0.2000000030
168320  -15.712  -97.888  16.553 0.2000000030
897  -17.904  -99.731  17.720 0.2000000030
898  -18.622  -99.796  17.526 0.2000000030
159867  -20.573  -99.615  14.074 0.3000000119
161361  -20.859  -99.540  14.904 0.2000000030
161305  -21.160  -99.452  14.181 0.2000000030
1343  -21.473  -98.566  10.897 0.3000000119
164073  -20.105  -95.060  7.349 0.6000000238
179340  -19.825  -94.295  7.334 0.5000000000
3497  -20.657  -94.277  5.391 0.6000000238
1823  -21.899  -97.733  10.705 0.2000000030
1816  -21.131  -97.560  10.864 0.2000000030
2314  -19.130  -96.508  11.939 0.3000000119
3483  -19.231  -94.612  7.850 0.5000000000
4078  -20.499  -93.924  4.920 0.6000000238
4737  -19.886  -92.702  4.484 0.4000000060
167574  -18.623  -93.727  8.203 0.5000000000
3504  -20.121  -94.302  3.740 0.5000000000
156821  -19.793  -93.529  3.200 0.5000000000
4743  -19.501  -92.392  3.671 0.3000000119
4104  -19.158  -93.395  1.864 0.5000000000
4103  -19.116  -92.834  1.810 0.5000000000
4783  -18.551  -91.967  -0.781 0.6000000238
4784  -18.565  -91.829  -0.279 0.4000000060
4113  -18.446  -92.396  0.321 0.4000000060
6416  -18.130  -90.514  -2.651 0.6000000238
139  -11.102  -102.017  25.141 0.5000000000
359  -9.880  -101.075  24.017 0.5000000000
347  -9.912  -101.568  24.498 0.5000000000
348  -10.531  -100.764  24.548 0.5000000000
16  -8.864  -102.996  22.689 0.5000000000
150  -9.334  -102.514  23.949 0.5000000000
358  -9.536  -102.088  23.457 0.5000000000
337  -9.805  -102.184  24.837 0.5000000000
840  -11.962  -99.670  23.392 0.4000000060
184190  -8.124  -102.871  22.937 0.5000000000
4  -9.044  -102.904  24.433 0.5000000000
163146  -12.521  -101.534  20.876 0.4000000060
195  -13.138  -101.589  19.873 0.3000000119
385  -13.142  -101.445  19.273 0.3000000119
168152  -14.481  -101.584  20.215 0.3000000119
1748  -11.466  -97.537  17.225 0.3000000119
1755  -11.871  -97.145  16.679 0.4000000060
177207  -14.350  -101.261  19.345 0.3000000119
2262  -11.188  -96.480  16.933 0.4000000060
1757  -12.487  -97.125  16.737 0.4000000060
1756  -12.211  -97.953  16.763 0.4000000060
2270  -12.252  -96.011  16.301 0.3000000119
1749  -12.868  -97.935  17.157 0.4000000060
2826  -12.756  -95.034  14.718 0.4000000060
2816  -12.950  -95.189  15.642 0.4000000060
2842  -14.142  -95.150  14.407 0.3000000119
2809  -13.361  -95.771  17.288 0.3000000119
3406  -13.838  -95.013  17.646 0.2000000030
2780  -13.865  -95.433  19.313 0.2000000030
2289  -14.622  -95.928  14.123 0.3000000119
2290  -15.236  -96.456  14.764 0.2000000030
3393  -14.365  -94.790  18.381 0.2000000030
2781  -14.351  -95.143  20.093 0.2000000030
2758  -14.723  -95.728  21.198 0.2000000030
170726  -14.827  -94.825  18.097 0.2000000030
3380  -14.479  -94.782  19.332 0.2000000030
3348  -14.757  -95.123  20.766 0.2000000030
176918  -15.621  -95.241  21.437 0.2000000030
2281  -15.550  -97.074  15.668 0.2000000030
3394  -15.125  -94.679  18.922 0.2000000030
3381  -15.862  -94.179  19.297 0.2000000030
188555  -15.983  -98.525  17.180 0.2000000030
1270  -16.624  -98.837  17.732 0.2000000030
1271  -17.481  -98.853  17.899 0.2000000030
908  -19.225  -99.683  17.024 0.2000000030
941  -21.769  -99.347  14.776 0.2000000030
952  -22.249  -98.991  13.131 0.2000000030
958  -21.916  -98.802  12.160 0.3000000119
2888  -15.315  -95.355  9.420 0.3000000119
2889  -16.279  -95.212  9.021 0.3000000119
1344  -22.095  -98.531  11.421 0.2000000030
2312  -17.349  -96.199  12.472 0.3000000119
3476  -16.158  -94.353  9.712 0.3000000119
3477  -17.139  -94.401  9.094 0.4000000060
3482  -18.163  -94.475  8.479 0.5000000000
3492  -20.618  -94.324  6.025 0.6000000238
2323  -20.555  -96.938  11.221 0.2000000030
169028  -19.005  -95.813  12.085 0.2000000030
2858  -16.890  -95.425  12.554 0.3000000119
4057  -16.830  -93.538  9.431 0.3000000119
4068  -19.916  -93.673  7.037 0.5000000000
4071  -20.290  -93.652  6.407 0.5000000000
165669  -20.260  -93.303  4.966 0.6000000238
181337  -19.330  -91.664  3.504 0.2000000030
5519  -19.350  -91.175  3.055 0.2000000030
187517  -20.240  -95.789  11.509 0.2000000030
167893  -17.704  -93.633  8.788 0.4000000060
3487  -19.372  -93.705  7.643 0.5000000000
4756  -19.080  -92.072  1.974 0.4000000060
4056  -16.287  -93.481  10.017 0.1000000015
169749  -17.384  -92.817  9.191 0.1000000015
4109  -18.819  -92.791  1.158 0.4000000060
5531  -19.254  -91.393  1.427 0.2000000030
4774  -18.959  -91.351  0.257 0.4000000060
178987  -18.543  -91.598  -1.646 0.6000000238
4792  -18.955  -91.243  -1.073 0.4000000060
4785  -19.740  -90.838  -0.246 0.3000000119
6417  -18.787  -90.563  -2.226 0.5000000000
189590  -19.638  -90.510  -1.634 0.5000000000
7365  -18.714  -89.936  -2.475 0.5000000000
9156  -18.096  -86.605  -3.514 0.4000000060
168842  -11.101  -102.203  25.639 0.5000000000
338  -10.588  -101.469  24.997 0.5000000000
138  -10.436  -102.138  25.305 0.5000000000
124  -7.330  -102.646  25.675 0.5000000000
170931  -8.350  -102.591  25.994 0.5000000000
137  -9.543  -102.389  25.248 0.5000000000
126  -10.252  -102.292  25.769 0.5000000000
123  -6.790  -102.336  25.321 0.5000000000
112  -6.829  -102.346  26.358 0.5000000000
104  -7.007  -102.352  27.265 0.5000000000
544  -6.523  -101.333  25.860 0.5000000000
305  -6.338  -101.721  27.649 0.5000000000
2817  -13.485  -95.199  16.581 0.3000000119
3369  -16.917  -94.057  20.452 0.1000000015
170083  -13.706  -94.822  15.999 0.3000000119
3420  -14.819  -94.910  16.294 0.2000000030
3419  -14.465  -94.769  16.750 0.2000000030
3940  -15.805  -93.946  19.924 0.2000000030
2829  -15.229  -95.324  15.848 0.2000000030
2818  -15.252  -95.293  16.709 0.2000000030
3408  -14.957  -94.957  17.303 0.2000000030
3350  -15.952  -94.596  21.106 0.2000000030
2272  -15.522  -96.089  16.652 0.2000000030
158164  -15.536  -95.681  17.589 0.2000000030
2810  -15.527  -95.089  18.297 0.2000000030
3972  -16.489  -93.940  18.807 0.2000000030
180242  -15.634  -94.304  20.567 0.2000000030
1758  -15.675  -97.070  16.814 0.2000000030
1750  -15.863  -96.711  17.694 0.2000000030
2249  -16.074  -96.108  18.159 0.2000000030
2795  -16.201  -95.436  18.459 0.2000000030
3395  -15.906  -94.646  18.840 0.2000000030
1269  -16.124  -97.785  17.702 0.2000000030
158491  -16.846  -97.961  18.225 0.2000000030
169894  -17.412  -97.882  18.118 0.2000000030
2250  -16.601  -96.371  18.335 0.2000000030
184143  -17.381  -97.168  18.091 0.2000000030
2264  -17.137  -96.317  18.131 0.2000000030
172925  -18.218  -98.459  17.624 0.2000000030
1752  -17.943  -97.536  17.648 0.2000000030
166460  -17.788  -96.652  17.462 0.2000000030
1273  -18.863  -99.177  17.318 0.2000000030
1284  -19.641  -99.058  16.764 0.2000000030
1283  -19.058  -98.401  16.882 0.2000000030
1759  -18.574  -97.797  17.072 0.2000000030
924  -21.448  -99.177  15.496 0.2000000030
1285  -20.457  -98.898  16.276 0.2000000030
1761  -19.855  -98.286  16.282 0.2000000030
925  -22.245  -99.035  15.180 0.2000000030
1333  -22.600  -98.580  12.355 0.2000000030
1354  -22.440  -98.053  10.929 0.2000000030
160052  -19.366  -91.069  3.834 0.2000000030
2324  -21.466  -96.756  10.781 0.1000000015
2859  -18.008  -95.422  12.552 0.3000000119
3452  -17.263  -94.615  12.564 0.2000000030
3468  -15.859  -93.908  10.643 0.3000000119
4730  -20.082  -92.716  5.380 0.3000000119
5514  -19.515  -91.785  4.187 0.4000000060
6382  -19.653  -90.827  1.780 0.2000000030
2871  -21.285  -95.743  10.809 0.1000000015
2869  -19.774  -95.351  11.686 0.1000000015
2860  -18.910  -94.970  12.112 0.2000000030
4065  -18.978  -93.034  7.984 0.3000000119
4715  -19.954  -93.062  6.760 0.3000000119
4722  -20.136  -92.854  6.182 0.3000000119
5537  -19.704  -90.853  1.205 0.2000000030
4693  -16.608  -92.222  10.707 0.1000000015
4064  -18.259  -92.948  8.562 0.1000000015
4712  -18.793  -92.286  8.238 0.2000000030
4765  -19.786  -90.905  0.476 0.2000000030
5458  -17.054  -91.446  10.745 0.1000000015
5471  -17.920  -91.388  9.409 0.1000000015
5478  -18.532  -91.530  8.711 0.1000000015
4775  -20.423  -90.730  0.331 0.2000000030
4766  -21.090  -90.762  0.694 0.2000000030
5470  -17.443  -91.179  10.073 0.1000000015
5562  -19.875  -90.601  -1.148 0.3000000119
6408  -20.867  -90.111  -1.092 0.2000000030
5555  -22.041  -90.718  0.011 0.2000000030
6406  -19.349  -90.287  -2.037 0.5000000000
7356  -20.685  -89.500  -1.465 0.2000000030
7343  -21.428  -89.404  -1.032 0.2000000030
12818  -15.937  -83.598  3.587 0.5000000000
7354  -19.427  -89.500  -2.243 0.4000000060
162527  -20.857  -88.694  -1.477 0.2000000030
8256  -19.685  -87.741  -2.714 0.4000000060
9136  -21.082  -87.149  -2.261 0.3000000119
10046  -18.610  -85.926  -3.793 0.4000000060
158605  -20.237  -86.420  -3.587 0.4000000060
9148  -21.051  -86.481  -3.112 0.3000000119
173690  -18.751  -85.285  -3.813 0.4000000060
10992  -20.173  -85.639  -4.069 0.4000000060
11987  -19.232  -84.884  -3.868 0.4000000060
11001  -20.122  -84.921  -4.061 0.4000000060
187028  -19.435  -84.973  5.347 0.4000000060
9954  -19.334  -85.708  4.741 0.4000000060
10893  -19.838  -85.635  4.041 0.4000000060
12788  -20.788  -83.791  6.062 0.4000000060
10885  -19.747  -84.918  4.715 0.4000000060
12776  -21.532  -83.431  6.625 0.4000000060
159595  -7.892  -99.273  37.078 0.3000000119
478  -8.900  -99.519  36.205 0.3000000119
290  -10.621  -101.543  29.601 0.4000000060
189693  -10.160  -102.022  28.464 0.4000000060
749  -7.370  -99.664  35.379 0.3000000119
742  -6.901  -99.309  36.953 0.3000000119
173596  -9.334  -102.064  28.637 0.5000000000
99  -9.705  -102.215  27.959 0.5000000000
160245  -9.953  -102.356  27.210 0.5000000000
105  -8.046  -102.363  27.567 0.5000000000
106  -9.071  -102.406  27.396 0.5000000000
115  -9.231  -102.481  26.620 0.5000000000
97  -7.204  -102.202  28.072 0.5000000000
522  -6.177  -101.308  28.323 0.5000000000
3973  -17.148  -93.616  18.772 0.1000000015
184040  -17.110  -93.836  18.334 0.2000000030
2819  -17.657  -94.708  17.193 0.2000000030
158780  -18.468  -97.027  16.830 0.2000000030
2274  -18.317  -96.033  16.577 0.2000000030
1760  -19.158  -97.559  16.390 0.2000000030
1768  -20.673  -98.213  15.808 0.2000000030
1295  -22.104  -98.572  15.374 0.2000000030
1294  -21.214  -98.762  15.752 0.2000000030
946  -22.498  -98.964  14.341 0.2000000030
1345  -22.918  -98.137  11.622 0.1000000015
1824  -22.697  -97.391  10.766 0.1000000015
171573  -19.556  -91.083  4.632 0.1000000015
2332  -22.441  -96.874  10.504 0.1000000015
3453  -18.195  -94.440  12.373 0.1000000015
5503  -19.813  -91.221  5.375 0.2000000030
6378  -19.632  -90.694  2.621 0.2000000030
6383  -20.349  -90.620  1.436 0.2000000030
2879  -22.078  -96.115  10.300 0.1000000015
178908  -20.568  -95.432  11.293 0.1000000015
3462  -19.533  -94.503  11.732 0.1000000015
3454  -18.893  -94.254  12.043 0.1000000015
4031  -17.569  -93.667  12.318 0.1000000015
169190  -17.468  -92.865  12.258 0.1000000015
4721  -19.800  -92.253  6.840 0.2000000030
5494  -19.847  -91.439  6.632 0.2000000030
5538  -20.710  -90.778  0.850 0.2000000030
185277  -19.357  -92.172  7.595 0.2000000030
171867  -19.591  -91.461  7.306 0.2000000030
157455  -19.825  -90.623  6.907 0.1000000015
4681  -16.611  -92.659  11.544 0.1000000015
6323  -18.854  -90.818  8.515 0.2000000030
5479  -19.113  -91.505  8.014 0.2000000030
4786  -21.180  -90.682  0.211 0.2000000030
4767  -22.316  -91.077  0.846 0.2000000030
4682  -16.959  -91.881  11.565 0.1000000015
6289  -17.452  -91.151  11.603 0.1000000015
6312  -17.929  -90.586  9.825 0.1000000015
170300  -18.387  -90.940  9.130 0.1000000015
163823  -22.125  -89.857  -0.525 0.2000000030
7344  -22.215  -88.934  -0.598 0.2000000030
8246  -21.118  -87.825  -1.612 0.3000000119
8235  -22.612  -87.734  -0.798 0.2000000030
8245  -20.347  -88.006  -2.099 0.3000000119
8247  -21.933  -87.202  -1.639 0.3000000119
10039  -21.785  -85.821  -3.405 0.3000000119
10993  -21.413  -85.258  -3.760 0.4000000060
9966  -18.517  -86.320  4.383 0.4000000060
9979  -18.424  -86.406  3.773 0.4000000060
10931  -18.341  -85.431  1.963 0.4000000060
9997  -19.116  -86.359  2.307 0.4000000060
10948  -19.524  -85.697  0.603 0.4000000060
6306  -1.479  -90.576  10.572 0.2000000030
9980  -19.109  -86.372  3.744 0.4000000060
10932  -19.049  -86.074  1.508 0.4000000060
10949  -20.422  -85.966  0.441 0.4000000060
9981  -19.834  -86.175  3.468 0.4000000060
738  -8.349  -98.966  37.639 0.3000000119
737  -7.567  -99.003  37.807 0.3000000119
298  -11.020  -101.804  28.791 0.4000000060
127  -11.708  -102.487  25.911 0.5000000000
158218  -11.835  -102.503  25.232 0.4000000060
100  -11.728  -101.999  28.118 0.4000000060
180911  -10.805  -102.316  26.944 0.4000000060
168447  -10.940  -102.340  26.194 0.5000000000
736  -6.633  -98.946  37.906 0.4000000060
288  -8.420  -101.580  29.969 0.5000000000
186744  -9.445  -101.864  29.091 0.5000000000
107  -10.706  -102.158  27.848 0.4000000060
116  -10.099  -102.380  26.422 0.5000000000
732  -5.559  -98.815  38.094 0.4000000060
741  -5.876  -99.021  37.106 0.4000000060
173261  -6.741  -99.453  35.910 0.4000000060
748  -6.624  -99.481  35.020 0.4000000060
297  -7.931  -101.844  29.284 0.5000000000
98  -8.199  -102.143  28.554 0.5000000000
166447  -6.500  -101.358  29.013 0.5000000000
3410  -17.455  -94.048  17.636 0.2000000030
2820  -18.201  -94.894  16.485 0.2000000030
2275  -19.071  -96.552  16.009 0.2000000030
161441  -21.502  -98.105  15.542 0.2000000030
1767  -20.016  -97.271  15.724 0.2000000030
2333  -23.253  -96.761  10.508 0.1000000015
165836  -22.879  -96.262  10.034 0.1000000015
6373  -19.607  -90.540  3.439 0.2000000030
6384  -20.906  -90.405  1.837 0.2000000030
183230  -22.558  -95.703  9.912 0.1000000015
172334  -21.059  -94.863  10.945 0.1000000015
3463  -20.278  -94.712  11.368 0.1000000015
188137  -20.000  -94.053  11.437 0.1000000015
6356  -19.793  -90.385  5.227 0.1000000015
4033  -19.372  -93.642  11.836 0.1000000015
174110  -18.118  -92.943  12.237 0.1000000015
4674  -17.821  -92.256  12.287 0.1000000015
174253  -18.837  -93.018  12.091 0.1000000015
162075  -19.402  -90.703  7.780 0.2000000030
4776  -22.233  -90.936  0.442 0.2000000030
6300  -17.933  -90.118  10.598 0.1000000015
7345  -22.873  -89.430  -0.187 0.2000000030
6402  -22.932  -90.244  -0.079 0.2000000030
9138  -23.414  -86.418  -2.092 0.2000000030
9137  -22.819  -86.927  -1.525 0.2000000030
8234  -21.620  -88.268  -1.034 0.2000000030
12836  -16.519  -83.474  2.963 0.5000000000
11984  -22.704  -84.739  -3.225 0.3000000119
10026  -22.867  -85.758  -2.917 0.3000000119
10025  -21.905  -86.477  -2.635 0.2000000030
12899  -22.470  -83.718  -1.559 0.4000000060
12921  -22.262  -84.519  -2.858 0.4000000060
10903  -16.867  -85.201  4.155 0.5000000000
11886  -17.242  -85.038  3.291 0.5000000000
10971  -21.411  -84.693  -1.267 0.4000000060
11983  -21.641  -84.799  -3.447 0.4000000060
10904  -17.457  -85.857  3.727 0.4000000060
10915  -17.877  -85.842  2.830 0.4000000060
10950  -21.067  -85.737  0.188 0.4000000060
10960  -21.295  -85.085  -0.436 0.4000000060
11973  -21.171  -84.694  -2.231 0.4000000060
12912  -20.749  -84.602  -2.699 0.4000000060
11982  -20.634  -84.652  -3.647 0.4000000060
10009  -21.038  -85.975  0.868 0.4000000060
10970  -20.901  -85.158  -1.124 0.4000000060
10933  -19.848  -86.154  1.094 0.4000000060
9998  -19.874  -86.302  1.896 0.4000000060
13687  -22.708  -82.670  6.369 0.4000000060
744  -9.509  -99.215  36.781 0.3000000119
745  -10.228  -99.151  36.411 0.3000000119
734  -7.997  -98.717  38.302 0.3000000119
735  -8.607  -98.635  37.957 0.3000000119
1074  -9.277  -98.506  37.618 0.3000000119
169866  -11.939  -102.573  24.496 0.4000000060
1038  -4.000  -98.321  39.000 0.3000000119
1058  -4.765  -98.594  38.647 0.4000000060
747  -6.011  -99.228  36.210 0.4000000060
1101  -5.937  -99.077  34.676 0.4000000060
1072  -4.986  -98.688  37.177 0.4000000060
1084  -5.252  -98.819  36.354 0.4000000060
1108  -6.219  -98.894  33.891 0.4000000060
287  -7.158  -101.411  29.738 0.5000000000
3989  -17.821  -93.565  18.070 0.1000000015
3422  -18.510  -94.033  16.386 0.2000000030
4004  -18.969  -93.510  16.494 0.1000000015
2282  -18.890  -95.432  15.832 0.2000000030
2283  -20.733  -96.706  15.229 0.2000000030
184793  -19.912  -95.926  15.420 0.2000000030
1769  -22.261  -97.834  15.312 0.2000000030
2284  -21.496  -97.271  15.193 0.2000000030
1316  -22.810  -98.567  14.997 0.2000000030
1327  -22.992  -98.635  13.438 0.2000000030
1334  -23.383  -98.345  12.628 0.1000000015
1355  -23.235  -97.464  11.128 0.1000000015
6367  -19.611  -90.408  4.249 0.2000000030
7312  -19.864  -89.933  3.877 0.2000000030
2880  -23.166  -95.706  9.750 0.1000000015
164830  -22.812  -95.082  9.677 0.1000000015
158644  -19.905  -90.943  6.054 0.2000000030
157437  -21.895  -95.128  10.238 0.1000000015
3469  -21.459  -94.123  10.536 0.1000000015
3464  -20.692  -94.058  11.103 0.1000000015
4039  -20.224  -93.347  11.411 0.1000000015
5532  -21.352  -90.738  1.377 0.2000000030
4040  -21.090  -93.259  10.928 0.1000000015
4676  -19.595  -92.632  11.871 0.1000000015
6331  -19.627  -89.828  7.444 0.2000000030
4777  -23.041  -91.294  0.628 0.2000000030
4758  -22.789  -91.373  1.433 0.2000000030
4683  -20.595  -92.504  11.406 0.1000000015
6313  -18.571  -90.275  9.158 0.1000000015
5546  -23.706  -91.169  0.433 0.2000000030
163758  -19.433  -91.830  12.173 0.1000000015
8237  -24.291  -87.999  -0.027 0.2000000030
7346  -23.598  -88.841  -0.026 0.2000000030
10028  -24.634  -85.739  -2.261 0.2000000030
9127  -24.434  -87.253  -0.804 0.2000000030
8236  -23.568  -87.832  -0.405 0.2000000030
161659  -22.925  -88.564  -0.280 0.2000000030
11974  -23.719  -84.411  -2.586 0.3000000119
10983  -24.520  -85.168  -2.440 0.2000000030
10019  -24.409  -86.466  -1.719 0.2000000030
9126  -23.555  -87.005  -1.148 0.2000000030
12922  -23.118  -84.327  -2.742 0.3000000119
10027  -23.907  -85.758  -2.499 0.2000000030
184580  -22.245  -83.400  -1.025 0.4000000060
12900  -23.074  -83.427  -1.508 0.3000000119
10917  -20.762  -85.473  2.405 0.4000000060
11887  -20.099  -84.532  3.937 0.4000000060
11874  -19.993  -84.093  4.627 0.4000000060
189079  -22.921  -82.567  7.101 0.3000000119
1085  -10.009  -98.490  37.124 0.3000000119
1511  -9.025  -98.015  38.063 0.3000000119
1512  -9.556  -98.145  37.536 0.3000000119
1992  -8.233  -97.390  37.915 0.3000000119
1094  -5.466  -98.821  35.459 0.4000000060
1510  -4.233  -98.251  37.267 0.4000000060
1083  -4.576  -98.301  36.503 0.4000000060
1536  -4.925  -97.968  35.080 0.4000000060
1545  -5.816  -98.469  34.198 0.4000000060
3429  -19.133  -93.897  15.863 0.2000000030
2831  -19.555  -94.665  15.425 0.2000000030
3431  -20.246  -94.259  15.113 0.1000000015
2291  -21.425  -96.354  14.859 0.2000000030
167863  -20.764  -95.856  14.998 0.2000000030
2832  -20.430  -95.034  14.986 0.2000000030
1296  -22.923  -98.112  15.152 0.2000000030
167135  -23.323  -98.498  14.353 0.2000000030
1335  -24.089  -98.121  12.923 0.1000000015
1825  -23.713  -96.850  10.951 0.1000000015
161901  -23.595  -95.974  9.948 0.1000000015
7288  -20.076  -89.532  5.575 0.1000000015
7320  -20.643  -89.832  2.933 0.2000000030
3470  -22.275  -94.211  9.887 0.1000000015
6347  -19.931  -90.101  6.138 0.1000000015
185794  -19.873  -89.815  6.750 0.1000000015
169495  -20.087  -91.931  11.836 0.1000000015
6324  -19.113  -89.844  8.394 0.1000000015
6290  -17.974  -90.299  11.599 0.1000000015
158463  -18.353  -89.816  9.904 0.1000000015
7334  -23.640  -89.823  0.036 0.2000000030
10020  -25.212  -86.302  -1.736 0.2000000030
10974  -25.660  -86.255  -1.510 0.2000000030
12901  -23.680  -83.529  -1.528 0.3000000119
11953  -21.777  -83.875  -0.819 0.4000000060
12883  -22.612  -83.040  -0.723 0.3000000119
10951  -21.295  -85.315  0.455 0.4000000060
10905  -20.359  -85.607  3.292 0.4000000060
12789  -21.588  -83.252  5.501 0.4000000060
13675  -24.067  -81.936  6.718 0.2000000030
1524  -9.842  -97.857  36.928 0.3000000119
2009  -8.251  -96.429  36.329 0.2000000030
2535  -6.735  -94.568  37.149 0.2000000030
2566  -7.538  -95.006  35.770 0.2000000030
1522  -3.885  -97.630  36.614 0.4000000060
1990  -3.105  -97.076  37.064 0.4000000060
2025  -4.415  -97.121  35.299 0.4000000060
1535  -4.394  -97.828  35.841 0.4000000060
1544  -5.504  -97.679  34.156 0.4000000060
171793  -5.958  -97.190  33.338 0.4000000060
171838  -4.868  -96.939  34.503 0.4000000060
1554  -5.400  -96.606  33.732 0.4000000060
2055  -6.697  -96.588  32.391 0.5000000000
3438  -20.920  -94.332  14.759 0.1000000015
1780  -22.160  -96.942  14.869 0.2000000030
2844  -21.375  -95.301  14.649 0.2000000030
1781  -22.917  -97.421  14.922 0.2000000030
2292  -22.738  -96.633  14.586 0.1000000015
1317  -23.569  -98.156  14.873 0.1000000015
2334  -23.942  -96.220  10.473 0.1000000015
2881  -23.786  -95.237  9.483 0.1000000015
188511  -20.263  -89.288  4.967 0.2000000030
185364  -20.994  -89.442  3.398 0.2000000030
3471  -23.290  -94.260  9.435 0.1000000015
4047  -22.651  -93.503  9.810 0.1000000015
4046  -21.893  -93.286  10.251 0.1000000015
180243  -21.796  -90.099  2.671 0.2000000030
175473  -21.606  -92.341  10.868 0.1000000015
6314  -18.786  -89.572  9.239 0.1000000015
7247  -19.585  -88.893  7.794 0.1000000015
4750  -23.180  -91.557  2.153 0.2000000030
5526  -21.862  -90.609  2.089 0.2000000030
5442  -20.893  -91.695  11.627 0.1000000015
7220  -18.486  -89.524  10.848 0.1000000015
4768  -23.869  -91.539  1.100 0.2000000030
171454  -23.658  -91.691  1.755 0.2000000030
5432  -20.048  -91.214  12.391 0.1000000015
7335  -24.359  -89.049  0.331 0.2000000030
5547  -24.155  -90.807  0.411 0.2000000030
8238  -25.144  -87.573  -0.401 0.2000000030
8227  -24.837  -88.084  0.170 0.2000000030
10972  -24.788  -84.998  -2.057 0.2000000030
12882  -22.089  -82.592  -0.449 0.4000000060
11936  -21.255  -83.158  0.670 0.4000000060
11901  -20.825  -84.218  2.195 0.3000000119
11900  -20.556  -84.569  3.034 0.3000000119
12819  -20.373  -83.699  3.485 0.3000000119
12804  -20.393  -83.631  4.136 0.4000000060
12790  -22.372  -82.630  5.548 0.3000000119
13698  -23.640  -81.608  5.731 0.2000000030
13688  -23.353  -82.265  6.505 0.3000000119
14707  -24.465  -81.379  6.097 0.2000000030
2567  -8.039  -95.633  35.572 0.2000000030
1508  -2.908  -97.203  37.905 0.3000000119
2024  -3.993  -96.446  35.644 0.3000000119
2035  -4.381  -96.212  34.886 0.4000000060
2043  -6.005  -96.244  33.020 0.5000000000
2845  -22.147  -96.039  14.556 0.2000000030
3439  -21.805  -94.402  14.519 0.1000000015
4016  -21.387  -93.630  14.831 0.1000000015
1782  -23.663  -97.720  14.909 0.2000000030
162110  -23.066  -95.189  14.157 0.1000000015
4017  -22.268  -93.674  14.591 0.1000000015
1783  -24.356  -97.733  14.757 0.1000000015
4018  -23.174  -93.778  14.415 0.1000000015
160247  -24.235  -97.582  12.349 0.1000000015
1798  -24.674  -97.838  14.229 0.1000000015
1818  -24.707  -97.010  12.159 0.1000000015
1817  -23.967  -97.231  11.553 0.1000000015
2325  -24.296  -96.558  11.160 0.1000000015
2882  -24.355  -95.423  9.881 0.1000000015
8207  -20.927  -89.152  3.939 0.2000000030
7259  -19.859  -89.204  6.921 0.1000000015
8169  -20.142  -89.006  6.272 0.1000000015
7314  -21.652  -89.278  3.719 0.2000000030
7233  -18.804  -89.135  9.873 0.1000000015
7289  -20.458  -88.929  5.572 0.1000000015
8193  -20.849  -88.877  4.756 0.1000000015
167800  -22.489  -90.632  2.914 0.2000000030
7205  -18.636  -89.630  11.914 0.1000000015
8093  -19.046  -89.004  11.345 0.1000000015
8105  -19.012  -88.882  10.528 0.1000000015
175126  -24.220  -90.150  0.360 0.2000000030
4759  -24.281  -91.768  1.732 0.2000000030
4751  -23.830  -91.921  2.594 0.2000000030
4744  -23.480  -91.771  2.980 0.2000000030
5521  -23.684  -92.071  3.706 0.2000000030
9128  -25.971  -87.365  -0.749 0.2000000030
5540  -24.915  -90.892  1.291 0.2000000030
4098  -24.285  -92.227  2.966 0.1000000015
10973  -25.406  -85.633  -1.588 0.2000000030
7336  -25.140  -88.624  0.657 0.2000000030
7328  -25.318  -89.113  1.096 0.2000000030
161816  -25.017  -90.044  1.243 0.2000000030
5534  -25.116  -91.249  1.867 0.2000000030
4752  -24.877  -92.121  2.392 0.2000000030
12884  -23.025  -82.981  -0.731 0.3000000119
12902  -24.292  -84.219  -1.854 0.3000000119
9129  -26.226  -86.838  -1.064 0.2000000030
7329  -25.854  -88.257  0.658 0.2000000030
7325  -25.397  -89.588  1.477 0.2000000030
6385  -25.227  -90.503  1.635 0.2000000030
12866  -21.408  -82.196  0.603 0.2000000030
13791  -22.309  -82.215  -0.302 0.3000000119
167286  -23.553  -83.130  -0.794 0.3000000119
167538  -26.246  -87.691  -0.013 0.2000000030
7322  -25.759  -89.123  1.572 0.2000000030
11917  -21.059  -83.757  1.400 0.3000000119
12850  -20.969  -82.382  1.357 0.3000000119
12838  -20.481  -83.144  2.747 0.3000000119
179946  -20.776  -82.372  2.180 0.2000000030
12820  -20.812  -82.973  3.570 0.3000000119
13721  -21.665  -82.433  3.819 0.3000000119
12805  -21.232  -83.133  4.432 0.3000000119
13709  -22.676  -82.068  4.889 0.3000000119
14723  -24.850  -80.958  5.313 0.2000000030
14724  -25.966  -80.965  5.729 0.2000000030
14725  -27.021  -81.093  6.139 0.2000000030
158431  -27.863  -80.504  4.760 0.2000000030
2005  -2.933  -96.014  36.820 0.3000000119
163418  -2.450  -96.717  38.259 0.3000000119
2023  -3.515  -95.842  36.028 0.3000000119
2036  -4.912  -95.909  34.184 0.5000000000
2585  -5.973  -95.198  33.040 0.5000000000
2293  -23.551  -96.849  14.607 0.1000000015
3440  -22.693  -94.458  14.288 0.1000000015
2294  -24.263  -97.382  14.837 0.1000000015
189794  -24.300  -96.721  14.744 0.1000000015
2847  -23.801  -95.791  14.351 0.1000000015
3441  -23.552  -94.693  14.252 0.1000000015
4694  -22.633  -92.613  10.186 0.1000000015
5443  -21.805  -91.488  11.358 0.1000000015
7234  -19.219  -88.830  8.933 0.1000000015
8149  -20.690  -88.157  7.086 0.1000000015
8194  -21.463  -88.936  4.294 0.2000000030
7315  -22.136  -89.835  3.304 0.2000000030
5520  -23.253  -91.395  3.525 0.2000000030
6277  -20.537  -90.470  13.001 0.1000000015
8115  -19.348  -88.509  9.865 0.1000000015
162751  -20.178  -88.213  7.729 0.1000000015
4085  -24.511  -92.475  3.612 0.1000000015
4753  -25.197  -92.155  2.895 0.2000000030
11954  -24.918  -84.760  -1.279 0.2000000030
166170  -25.319  -90.941  2.146 0.2000000030
5528  -25.276  -91.604  2.485 0.2000000030
13780  -22.958  -82.541  -0.008 0.2000000030
10952  -25.172  -85.066  -0.200 0.2000000030
184867  -26.204  -86.218  -0.518 0.2000000030
10954  -26.482  -86.350  0.199 0.2000000030
10014  -26.482  -86.786  -0.400 0.2000000030
9110  -26.832  -87.645  0.886 0.2000000030
8216  -26.173  -88.561  1.883 0.2000000030
159268  -25.472  -90.078  1.824 0.2000000030
13779  -22.185  -81.837  0.415 0.2000000030
172785  -26.174  -85.847  0.755 0.2000000030
10936  -27.103  -86.174  1.062 0.2000000030
10000  -27.294  -86.974  0.848 0.2000000030
9105  -26.871  -87.778  1.668 0.2000000030
165438  -22.032  -81.848  2.695 0.2000000030
162433  -26.978  -85.591  1.925 0.2000000030
182067  -27.676  -86.598  1.467 0.2000000030
13722  -22.209  -81.963  3.303 0.3000000119
13710  -22.995  -81.545  4.361 0.3000000119
13711  -23.339  -81.196  3.960 0.2000000030
14721  -23.539  -81.150  4.705 0.3000000119
160171  -24.545  -80.769  4.290 0.2000000030
15801  -26.706  -80.631  5.065 0.2000000030
15803  -28.975  -80.342  4.927 0.1000000015
14709  -26.362  -81.306  6.726 0.2000000030
3150  -1.819  -94.578  36.930 0.2000000030
2534  -2.144  -95.452  37.511 0.3000000119
2563  -2.782  -94.686  35.955 0.3000000119
2547  -3.071  -95.317  36.269 0.3000000119
2565  -3.971  -95.563  35.331 0.3000000119
177243  -25.025  -97.451  14.663 0.1000000015
2848  -24.727  -96.222  14.830 0.1000000015
3442  -24.417  -95.128  14.544 0.1000000015
4019  -24.102  -94.054  14.473 0.1000000015
1799  -25.404  -97.497  14.047 0.1000000015
1784  -25.744  -97.230  14.903 0.1000000015
1807  -25.317  -97.257  13.054 0.1000000015
2304  -25.880  -96.967  13.460 0.1000000015
2326  -25.041  -96.168  11.465 0.1000000015
2335  -24.651  -95.778  10.603 0.1000000015
2336  -25.534  -95.425  10.806 0.1000000015
2891  -24.552  -95.006  9.445 0.1000000015
3479  -25.184  -94.673  9.407 0.1000000015
4058  -23.981  -93.839  9.262 0.1000000015
4684  -22.367  -91.925  10.804 0.1000000015
8178  -21.229  -88.486  5.633 0.1000000015
8195  -21.743  -88.700  4.880 0.1000000015
160689  -22.412  -89.496  4.106 0.2000000030
6374  -22.806  -90.379  3.809 0.2000000030
5433  -21.159  -90.948  12.115 0.1000000015
7206  -19.194  -89.129  12.215 0.1000000015
166677  -23.684  -92.000  4.403 0.2000000030
8129  -20.533  -87.844  8.535 0.1000000015
170032  -20.859  -87.869  7.769 0.1000000015
4739  -24.580  -92.828  4.968 0.2000000030
183244  -25.494  -90.928  3.422 0.2000000030
172406  -25.298  -92.726  4.318 0.2000000030
164368  -24.607  -84.216  -0.485 0.3000000119
7321  -25.674  -89.485  2.123 0.2000000030
13743  -21.553  -81.972  1.948 0.2000000030
13762  -22.248  -81.790  1.342 0.2000000030
11918  -23.606  -83.713  1.824 0.1000000015
11937  -23.920  -83.872  0.967 0.3000000119
10934  -25.193  -85.383  0.985 0.2000000030
9111  -27.541  -87.141  1.480 0.2000000030
13723  -23.009  -81.709  3.618 0.2000000030
12839  -22.820  -81.778  2.934 0.2000000030
12821  -23.625  -82.284  3.166 0.1000000015
11888  -24.156  -83.531  3.298 0.1000000015
183984  -24.166  -84.499  2.619 0.1000000015
10919  -24.935  -85.279  2.254 0.1000000015
10935  -26.010  -85.615  1.628 0.2000000030
10921  -27.327  -85.427  2.661 0.2000000030
10937  -27.857  -85.952  1.892 0.2000000030
14744  -24.344  -81.135  3.537 0.1000000015
13744  -24.990  -81.612  3.106 0.1000000015
12822  -24.507  -83.219  3.433 0.1000000015
11889  -24.741  -84.266  3.570 0.1000000015
11890  -25.391  -84.664  3.652 0.1000000015
12806  -26.278  -84.156  3.867 0.2000000030
11876  -27.410  -84.541  3.863 0.2000000030
15815  -25.057  -80.717  3.757 0.1000000015
15833  -25.512  -80.705  3.067 0.1000000015
159127  -26.119  -80.488  2.533 0.1000000015
14769  -26.447  -81.412  1.814 0.1000000015
13764  -26.296  -82.015  2.149 0.1000000015
13727  -26.537  -83.126  3.188 0.2000000030
12824  -26.340  -83.672  3.676 0.2000000030
12807  -27.277  -84.060  3.995 0.2000000030
15855  -27.984  -80.283  2.048 0.1000000015
15870  -27.799  -80.207  1.124 0.1000000015
14770  -26.899  -81.528  1.266 0.1000000015
13781  -27.651  -81.901  0.933 0.1000000015
159908  -27.626  -82.572  2.343 0.2000000030
167983  -28.685  -82.848  3.444 0.2000000030
15818  -28.629  -80.289  3.934 0.1000000015
14796  -27.205  -81.144  -0.317 0.1000000015
14771  -28.393  -81.782  0.423 0.1000000015
15819  -29.541  -79.841  4.240 0.1000000015
14807  -27.250  -81.247  -1.168 0.1000000015
14786  -27.716  -81.597  0.095 0.1000000015
3151  -2.168  -94.425  36.260 0.3000000119
3166  -3.139  -94.413  35.200 0.3000000119
3167  -3.931  -94.760  35.029 0.3000000119
3443  -25.304  -95.712  15.086 0.1000000015
2295  -25.886  -97.034  15.355 0.1000000015
2315  -25.505  -96.554  12.457 0.1000000015
2316  -26.336  -96.071  12.797 0.1000000015
1785  -26.042  -97.190  14.299 0.1000000015
2285  -26.343  -96.655  15.248 0.1000000015
186855  -24.967  -94.960  9.639 0.1000000015
4059  -24.756  -93.979  9.326 0.1000000015
4048  -23.387  -93.289  9.654 0.1000000015
4695  -23.686  -92.563  10.092 0.1000000015
172991  -23.181  -91.941  10.633 0.1000000015
5434  -22.180  -90.929  11.958 0.1000000015
6278  -21.676  -90.381  12.944 0.1000000015
8150  -21.502  -87.944  7.338 0.1000000015
8172  -22.158  -88.305  6.818 0.1000000015
7280  -22.609  -88.875  6.164 0.1000000015
7291  -23.097  -89.793  5.787 0.2000000030
8080  -20.129  -88.240  13.089 0.1000000015
5515  -23.293  -91.126  4.552 0.2000000030
4731  -24.126  -92.492  5.084 0.2000000030
4087  -25.488  -92.967  4.978 0.2000000030
163421  -25.463  -90.114  3.665 0.2000000030
5522  -25.452  -91.899  3.303 0.2000000030
5516  -25.683  -92.122  4.231 0.2000000030
158583  -26.605  -87.937  2.606 0.2000000030
165147  -25.513  -89.609  2.985 0.2000000030
9097  -28.067  -86.752  2.857 0.2000000030
166463  -27.596  -87.263  2.319 0.2000000030
10922  -28.444  -85.973  2.787 0.2000000030
10895  -27.750  -85.083  3.356 0.2000000030
10896  -28.610  -85.215  4.036 0.2000000030
16960  -27.556  -80.001  0.098 0.1000000015
15869  -26.936  -80.736  1.085 0.1000000015
15853  -26.389  -80.901  1.909 0.1000000015
12826  -28.387  -83.380  3.866 0.2000000030
11877  -28.286  -84.485  4.170 0.2000000030
16952  -29.355  -79.493  2.441 0.1000000015
18002  -28.814  -78.888  1.090 0.1000000015
18013  -27.249  -79.138  -0.636 0.1000000015
183680  -26.815  -79.572  -1.183 0.1000000015
16968  -27.016  -80.146  -0.732 0.1000000015
15880  -27.134  -80.726  0.155 0.1000000015
158639  -28.509  -82.573  2.663 0.2000000030
13747  -29.316  -82.115  2.077 0.1000000015
13729  -29.624  -82.388  3.229 0.1000000015
180349  -29.193  -78.522  2.087 0.1000000015
162643  -29.658  -79.023  2.466 0.1000000015
16970  -26.622  -79.462  -1.686 0.1000000015
15889  -26.726  -80.105  -1.352 0.1000000015
166719  -29.178  -81.631  0.335 0.1000000015
17977  -29.831  -78.966  4.332 0.1000000015
15900  -26.859  -80.597  -2.502 0.1000000015
14808  -28.043  -81.600  -1.488 0.1000000015
184382  -28.564  -80.572  5.561 0.1000000015
15802  -27.834  -80.874  5.745 0.1000000015
2305  -26.452  -96.599  13.892 0.1000000015
2327  -25.895  -95.712  11.753 0.1000000015
2883  -26.132  -94.972  10.255 0.1000000015
2893  -25.702  -94.817  9.766 0.1000000015
4049  -24.239  -93.223  9.604 0.1000000015
5444  -22.717  -91.458  11.294 0.1000000015
172222  -19.566  -88.396  10.776 0.1000000015
6368  -22.968  -90.046  4.768 0.2000000030
8094  -19.541  -88.528  11.765 0.1000000015
169053  -20.189  -87.992  10.667 0.1000000015
167645  -19.799  -88.075  9.176 0.1000000015
8130  -21.628  -87.822  8.302 0.1000000015
160812  -21.923  -88.404  6.110 0.1000000015
5505  -23.718  -91.796  5.278 0.2000000030
5506  -24.197  -92.355  5.834 0.2000000030
4732  -24.638  -92.935  5.601 0.2000000030
7316  -25.539  -89.128  3.779 0.2000000030
7306  -25.705  -89.730  4.595 0.2000000030
6369  -25.664  -90.776  4.257 0.2000000030
8208  -26.054  -88.190  3.660 0.2000000030
9970  -28.364  -85.991  4.445 0.2000000030
10908  -28.469  -85.781  3.661 0.2000000030
18009  -26.923  -78.071  -0.542 0.1000000015
160955  -26.688  -78.022  -1.151 0.1000000015
12809  -29.005  -83.675  4.465 0.2000000030
13712  -30.247  -82.677  4.255 0.1000000015
19014  -28.340  -78.129  1.509 0.1000000015
18016  -26.624  -78.743  -1.827 0.1000000015
19036  -26.580  -77.856  -2.005 0.1000000015
19037  -27.409  -77.453  -2.507 0.1000000015
14756  -29.986  -81.692  1.501 0.1000000015
14773  -30.959  -81.503  1.317 0.1000000015
16974  -26.441  -79.382  -2.379 0.1000000015
186061  -27.442  -78.729  -3.223 0.1000000015
162772  -28.648  -81.611  -0.202 0.1000000015
14799  -29.997  -81.641  -0.898 0.1000000015
16981  -27.731  -79.533  -3.300 0.1000000015
15901  -27.723  -80.983  -2.742 0.1000000015
15787  -28.679  -80.586  6.508 0.1000000015
15804  -29.491  -79.889  5.317 0.1000000015
2872  -26.544  -95.121  11.019 0.1000000015
3472  -26.547  -94.684  10.053 0.1000000015
2884  -27.055  -94.726  10.580 0.1000000015
4060  -25.672  -94.046  9.533 0.1000000015
4685  -24.176  -92.029  10.651 0.1000000015
172921  -20.053  -88.034  11.359 0.1000000015
7260  -22.884  -88.830  7.165 0.1000000015
6349  -24.070  -91.076  6.679 0.2000000030
5496  -23.870  -91.483  6.065 0.2000000030
5498  -25.179  -92.344  6.732 0.2000000030
4072  -25.291  -93.243  5.956 0.2000000030
188369  -26.309  -91.235  5.145 0.2000000030
4741  -26.134  -92.392  5.059 0.2000000030
4074  -26.652  -93.058  6.055 0.1000000015
9087  -26.360  -87.891  4.389 0.2000000030
8180  -26.058  -89.112  5.151 0.2000000030
7292  -26.137  -89.965  5.115 0.2000000030
9088  -27.064  -87.391  4.631 0.2000000030
8197  -26.346  -88.145  5.040 0.2000000030
181904  -28.582  -85.698  5.039 0.1000000015
11879  -29.451  -84.009  5.160 0.1000000015
19033  -26.973  -76.823  -1.921 0.1000000015
20094  -29.441  -76.041  -2.446 0.1000000015
12810  -29.780  -83.316  4.843 0.1000000015
12811  -30.704  -83.299  5.009 0.1000000015
20100  -27.975  -76.639  -2.309 0.1000000015
19038  -28.450  -77.267  -2.765 0.1000000015
18022  -28.875  -77.949  -3.199 0.1000000015
19046  -29.908  -78.047  -3.301 0.1000000015
19013  -27.637  -77.257  1.967 0.1000000015
170648  -28.310  -78.722  -3.307 0.1000000015
18026  -29.176  -78.725  -3.352 0.1000000015
15908  -29.335  -80.450  -3.086 0.1000000015
14818  -29.434  -81.457  -1.996 0.1000000015
14810  -30.234  -81.552  -1.490 0.1000000015
16982  -28.789  -79.577  -3.348 0.1000000015
15907  -28.223  -80.421  -3.189 0.1000000015
14817  -28.361  -81.427  -2.125 0.1000000015
173765  -26.120  -94.553  9.679 0.1000000015
3473  -27.307  -94.521  10.367 0.1000000015
4051  -26.039  -93.283  9.964 0.1000000015
4050  -25.120  -93.295  9.752 0.1000000015
4696  -24.630  -92.637  10.142 0.1000000015
8152  -23.088  -88.673  7.856 0.2000000030
7261  -23.501  -89.387  7.403 0.2000000030
5484  -24.731  -91.450  6.907 0.2000000030
6333  -24.288  -90.600  7.143 0.2000000030
5485  -25.611  -91.738  7.122 0.1000000015
7249  -24.103  -89.325  7.732 0.2000000030
4733  -26.756  -92.626  5.681 0.1000000015
7293  -26.650  -89.794  5.347 0.1000000015
9955  -27.688  -86.768  4.948 0.1000000015
10886  -28.845  -85.879  5.726 0.2000000030
10887  -29.347  -85.284  5.825 0.1000000015
12791  -30.089  -83.823  5.338 0.1000000015
19039  -29.433  -77.192  -2.933 0.1000000015
20111  -31.071  -76.862  -2.932 0.1000000015
19047  -30.853  -77.717  -3.220 0.1000000015
18027  -30.630  -78.572  -3.349 0.1000000015
15909  -30.244  -80.424  -2.916 0.1000000015
15769  -27.919  -80.605  7.931 0.1000000015
176652  -23.960  -89.937  7.383 0.2000000030
6334  -25.132  -90.773  7.246 0.2000000030
18028  -31.498  -78.334  -3.283 0.1000000015
8720  -1.200  -87.338  34.656 0.6000000238
9613  -1.682  -86.163  34.266 0.5000000000
17565  -11.195  -78.590  32.266 0.1000000015
17566  -12.137  -78.562  32.215 0.1000000015
17567  -13.057  -78.716  31.929 0.1000000015
9560  -0.866  -86.828  38.032 0.6000000238
9559  -0.135  -87.090  38.220 0.6999999881
168813  -7.663  -80.304  32.743 0.2000000030
16558  -8.743  -79.194  31.556 0.1000000015
16559  -9.646  -78.899  31.757 0.1000000015
15413  -7.655  -80.221  33.781 0.2000000030
184684  -7.749  -79.689  33.231 0.1000000015
16536  -7.790  -79.420  32.405 0.2000000030
17578  -8.196  -78.183  31.954 0.1000000015
17564  -10.397  -78.409  31.892 0.1000000015
17581  -10.873  -77.745  31.748 0.1000000015
170743  -11.688  -78.048  31.890 0.1000000015
25357  -6.696  -71.507  15.121 0.4000000060
12449  -6.119  -82.868  36.030 0.4000000060
162616  -7.287  -81.509  34.250 0.2000000030
170913  -13.645  -78.155  31.222 0.1000000015
14313  -6.805  -81.558  35.915 0.3000000119
14338  -7.187  -81.295  35.203 0.3000000119
161449  -7.986  -79.471  34.125 0.2000000030
17562  -7.985  -78.571  32.531 0.2000000030
17563  -8.370  -77.744  32.847 0.2000000030
157851  -8.645  -77.427  32.031 0.2000000030
17580  -9.843  -77.878  31.710 0.1000000015
18621  -11.716  -77.327  31.661 0.1000000015
17582  -12.548  -77.909  31.602 0.1000000015
16508  -7.861  -79.973  34.861 0.3000000119
17552  -8.531  -77.909  34.160 0.3000000119
18618  -9.100  -76.779  32.145 0.2000000030
18620  -10.212  -77.035  31.691 0.1000000015
166348  -11.028  -76.934  31.681 0.1000000015
18623  -13.218  -77.182  31.207 0.1000000015
19666  -9.371  -76.216  32.748 0.3000000119
183610  -9.756  -76.340  31.995 0.1000000015
26358  -7.332  -70.513  16.535 0.4000000060
26372  -6.977  -70.976  15.756 0.4000000060
26373  -7.450  -70.574  15.603 0.4000000060
25358  -7.324  -71.373  14.832 0.4000000060
172741  -7.824  -71.760  14.379 0.4000000060
13332  -4.921  -82.871  36.855 0.4000000060
13320  -5.179  -82.118  37.201 0.4000000060
14298  -5.771  -81.636  37.147 0.3000000119
14299  -6.551  -81.083  36.961 0.3000000119
15380  -7.564  -80.435  35.542 0.3000000119
16480  -7.357  -79.217  37.215 0.3000000119
166264  -7.989  -79.752  35.836 0.3000000119
17539  -8.620  -78.173  35.333 0.3000000119
18598  -8.892  -77.144  33.974 0.3000000119
19680  -10.688  -76.293  31.843 0.1000000015
19681  -11.644  -76.326  31.733 0.1000000015
17514  -7.432  -78.541  37.134 0.3000000119
17526  -7.963  -79.018  36.564 0.3000000119
17527  -8.313  -78.274  36.210 0.4000000060
18585  -9.004  -77.402  35.250 0.4000000060
19654  -9.884  -75.558  33.727 0.3000000119
19667  -9.865  -75.736  32.667 0.3000000119
19669  -11.235  -75.616  32.217 0.2000000030
19636  -9.334  -76.617  35.132 0.3000000119
19653  -9.324  -76.355  33.868 0.3000000119
20757  -10.296  -75.256  33.116 0.3000000119
27440  -9.271  -69.404  17.395 0.3000000119
28547  -8.184  -69.382  16.740 0.4000000060
27460  -7.889  -69.760  16.433 0.4000000060
185551  -3.178  -83.523  38.168 0.4000000060
162515  -4.355  -83.263  37.204 0.4000000060
13318  -3.690  -83.136  37.808 0.4000000060
13319  -4.479  -82.285  37.665 0.4000000060
13306  -3.772  -82.116  38.466 0.4000000060
14282  -5.188  -81.490  37.830 0.4000000060
14283  -5.945  -80.928  37.890 0.4000000060
18624  -13.984  -77.227  30.819 0.1000000015
14262  -3.764  -81.359  38.901 0.4000000060
14264  -5.104  -80.821  38.230 0.4000000060
15357  -7.049  -80.368  37.075 0.3000000119
19682  -12.393  -75.865  31.711 0.3000000119
15334  -5.754  -80.237  38.145 0.5000000000
16466  -6.213  -79.509  38.002 0.5000000000
16467  -6.809  -79.371  37.633 0.4000000060
17515  -7.861  -78.247  36.750 0.4000000060
20727  -10.043  -74.892  34.870 0.3000000119
20758  -10.911  -75.067  32.937 0.3000000119
17513  -6.800  -78.344  37.306 0.4000000060
18554  -8.026  -77.673  36.496 0.4000000060
184802  -9.043  -76.820  35.973 0.4000000060
19620  -9.295  -76.045  35.806 0.3000000119
20710  -9.432  -75.267  35.456 0.3000000119
19602  -8.334  -76.971  36.240 0.4000000060
19619  -8.617  -76.232  36.124 0.4000000060
20709  -8.827  -75.486  35.864 0.3000000119
28549  -9.165  -68.690  17.186 0.3000000119
27475  -8.237  -69.524  15.890 0.4000000060
27485  -7.919  -70.231  15.467 0.3000000119
27487  -8.720  -70.446  14.741 0.2000000030
26395  -8.598  -70.953  14.449 0.3000000119
189452  -8.471  -71.699  14.084 0.3000000119
21875  -10.647  -74.017  33.950 0.3000000119
20760  -12.245  -74.973  32.071 0.3000000119
20769  -12.908  -75.433  31.559 0.3000000119
21858  -10.001  -74.124  35.019 0.3000000119
23001  -10.245  -73.698  34.457 0.3000000119
19670  -11.863  -75.522  32.061 0.3000000119
19683  -13.100  -76.206  31.374 0.1000000015
21837  -9.082  -74.760  35.487 0.3000000119
20743  -10.500  -74.739  33.887 0.3000000119
21876  -10.992  -74.427  33.182 0.3000000119
18552  -6.597  -77.749  36.690 0.5000000000
18553  -7.381  -77.924  36.878 0.4000000060
19601  -7.463  -77.193  36.427 0.4000000060
20708  -7.850  -75.705  35.879 0.3000000119
28550  -10.542  -68.756  17.432 0.3000000119
28548  -8.665  -68.739  16.754 0.4000000060
28590  -8.721  -69.116  15.785 0.3000000119
167482  -9.113  -69.668  15.232 0.2000000030
25373  -9.909  -71.345  13.357 0.2000000030
25372  -9.681  -71.743  13.256 0.3000000119
23038  -11.511  -73.669  32.502 0.3000000119
21892  -11.627  -74.308  32.632 0.3000000119
20770  -13.468  -75.243  31.215 0.3000000119
23021  -11.027  -73.810  33.199 0.3000000119
22999  -8.822  -73.493  34.755 0.4000000060
168931  -8.530  -74.170  35.147 0.4000000060
23050  -1.211  -73.526  31.613 0.4000000060
28551  -11.613  -68.928  17.440 0.3000000119
181277  -9.984  -67.763  16.900 0.3000000119
29682  -8.995  -68.102  16.082 0.3000000119
29683  -9.476  -67.730  15.872 0.3000000119
187846  -10.365  -70.368  14.260 0.2000000030
189307  -11.882  -71.186  11.570 0.2000000030
26398  -10.862  -70.565  13.732 0.2000000030
26417  -11.173  -70.843  12.785 0.2000000030
24100  -11.095  -73.141  31.991 0.4000000060
26237  -14.011  -70.961  29.572 0.3000000119
25195  -15.411  -71.178  29.634 0.3000000119
23037  -10.900  -73.269  32.967 0.4000000060
26236  -12.788  -70.716  29.932 0.4000000060
25174  -16.060  -71.080  30.410 0.3000000119
169173  -11.473  -70.519  30.333 0.4000000060
176485  -13.509  -70.682  29.995 0.4000000060
26239  -15.459  -70.844  30.555 0.3000000119
23019  -9.127  -72.989  34.224 0.4000000060
158952  -9.976  -73.097  34.120 0.4000000060
27295  -10.822  -70.104  30.825 0.6000000238
179130  -11.721  -70.027  31.124 0.5000000000
172155  -16.387  -70.093  31.560 0.2000000030
26202  -17.990  -69.703  31.432 0.3000000119
25128  -1.510  -71.749  32.145 0.6000000238
20768  -0.954  -75.227  31.929 0.3000000119
29668  -13.378  -66.855  16.400 0.4000000060
29642  -11.647  -68.002  16.957 0.3000000119
29665  -9.840  -67.393  16.399 0.3000000119
27504  -9.966  -69.957  14.751 0.2000000030
27488  -10.665  -69.370  15.061 0.2000000030
26386  -10.879  -69.971  14.556 0.2000000030
26456  -12.957  -71.222  10.297 0.2000000030
25415  -13.485  -71.622  9.457 0.2000000030
25446  -15.329  -71.819  8.800 0.2000000030
26418  -12.489  -70.546  12.596 0.2000000030
24172  -18.265  -72.534  27.938 0.2000000030
25203  -15.355  -71.651  28.637 0.3000000119
25205  -16.806  -71.850  28.455 0.2000000030
166312  -18.460  -72.138  28.907 0.2000000030
158786  -13.193  -71.239  29.397 0.3000000119
25194  -14.632  -71.332  29.125 0.4000000060
25196  -16.215  -71.440  29.255 0.2000000030
170618  -19.068  -71.963  29.556 0.2000000030
26235  -11.965  -70.860  29.863 0.4000000060
183201  -16.702  -71.253  30.241 0.2000000030
27293  -8.924  -69.793  30.752 0.5000000000
26223  -17.638  -70.407  31.314 0.2000000030
26224  -18.363  -70.194  31.442 0.2000000030
27278  -18.592  -69.442  31.307 0.2000000030
27297  -18.773  -69.236  31.157 0.3000000119
29643  -12.723  -67.654  16.777 0.4000000060
29666  -10.695  -67.354  16.639 0.3000000119
29667  -12.138  -66.664  16.367 0.4000000060
28593  -10.877  -68.513  15.039 0.3000000119
27490  -12.589  -69.645  14.399 0.2000000030
26457  -13.787  -71.007  9.757 0.2000000030
26475  -14.783  -71.040  8.903 0.2000000030
26399  -12.671  -70.259  13.817 0.2000000030
24170  -16.384  -72.393  27.799 0.2000000030
159995  -15.661  -72.132  28.053 0.2000000030
26234  -11.313  -71.089  29.897 0.3000000119
162285  -12.869  -72.077  29.169 0.3000000119
24167  -13.783  -71.756  28.883 0.3000000119
26216  -9.394  -70.483  30.320 0.5000000000
25173  -10.025  -71.244  30.169 0.5000000000
24128  -18.995  -71.316  30.590 0.2000000030
170711  -10.120  -70.539  30.321 0.5000000000
25155  -19.088  -70.431  31.314 0.2000000030
25177  -18.258  -70.859  30.961 0.2000000030
26203  -18.783  -69.766  31.432 0.2000000030
27298  -19.310  -69.356  31.089 0.2000000030
27279  -19.091  -69.504  31.265 0.2000000030
27315  -20.950  -69.792  29.772 0.3000000119
30669  -21.872  -66.684  26.344 0.6000000238
28437  -20.836  -68.598  26.206 0.5000000000
30708  -21.543  -66.316  25.465 0.6000000238
31836  -22.067  -65.797  26.054 0.6000000238
30830  -12.713  -66.052  15.963 0.4000000060
30841  -10.569  -66.725  15.469 0.3000000119
185951  -11.561  -65.976  15.533 0.4000000060
29684  -10.110  -67.317  15.491 0.3000000119
168362  -12.383  -68.873  14.569 0.2000000030
26458  -14.630  -70.891  9.303 0.2000000030
26476  -15.473  -70.699  8.567 0.2000000030
26400  -13.609  -70.341  13.051 0.2000000030
26420  -14.104  -70.356  11.677 0.2000000030
25428  -16.029  -71.807  8.693 0.2000000030
25156  -19.947  -70.549  31.247 0.2000000030
158312  -20.000  -69.550  30.663 0.3000000119
27299  -21.111  -69.958  30.601 0.3000000119
27316  -22.106  -69.829  29.789 0.3000000119
30690  -22.275  -66.019  26.705 0.5000000000
31837  -22.367  -65.316  26.617 0.5000000000
32991  -22.236  -64.931  25.904 0.5000000000
31854  -21.733  -65.474  25.312 0.5000000000
34089  -22.300  -64.055  25.841 0.5000000000
186360  -13.283  -64.723  15.882 0.4000000060
31956  -11.284  -66.189  15.299 0.3000000119
31957  -11.794  -65.547  15.152 0.4000000060
31946  -13.098  -65.291  15.860 0.4000000060
174529  -11.052  -66.875  14.473 0.3000000119
27578  -15.915  -70.163  8.359 0.2000000030
29695  -11.227  -67.577  14.464 0.3000000119
27532  -15.117  -70.125  10.942 0.2000000030
27550  -15.641  -69.989  8.984 0.2000000030
28595  -13.332  -69.159  14.319 0.2000000030
27522  -15.056  -69.992  12.333 0.2000000030
26204  -20.408  -70.400  31.082 0.2000000030
27280  -21.533  -70.332  31.004 0.3000000119
182497  -19.469  -69.973  31.332 0.2000000030
27282  -23.363  -68.953  31.258 0.1000000015
27300  -22.224  -69.957  30.776 0.2000000030
165921  -19.960  -69.806  31.034 0.2000000030
27301  -23.203  -69.104  30.413 0.1000000015
28373  -23.454  -68.330  30.664 0.1000000015
28390  -23.235  -68.610  29.765 0.1000000015
165972  -23.548  -66.876  31.489 0.1000000015
29466  -23.482  -67.482  30.560 0.1000000015
29481  -23.094  -67.994  29.075 0.2000000030
187993  -23.456  -66.132  31.683 0.1000000015
30615  -23.263  -65.971  30.949 0.2000000030
156748  -22.454  -65.369  27.920 0.5000000000
32974  -22.479  -64.882  27.256 0.5000000000
33092  -14.614  -64.521  16.855 0.4000000060
30850  -11.654  -66.286  14.172 0.3000000119
31967  -11.671  -65.848  14.714 0.3000000119
29708  -12.421  -67.255  13.260 0.3000000119
28609  -12.891  -68.267  13.876 0.2000000030
160022  -15.692  -69.689  10.073 0.2000000030
26401  -14.546  -69.821  13.417 0.2000000030
27533  -16.329  -69.091  10.318 0.2000000030
27255  -23.004  -69.331  32.831 0.1000000015
26207  -22.692  -70.003  32.230 0.1000000015
28342  -23.286  -68.594  32.927 0.1000000015
27281  -23.043  -69.496  31.834 0.1000000015
28357  -23.343  -68.802  32.144 0.1000000015
160268  -22.922  -69.580  31.017 0.1000000015
28358  -23.499  -68.263  31.637 0.1000000015
27317  -22.820  -69.278  29.678 0.1000000015
33062  -14.907  -64.583  20.623 0.5000000000
33093  -15.334  -64.664  17.542 0.4000000060
31958  -12.680  -64.563  15.512 0.4000000060
162040  -13.405  -64.013  16.070 0.4000000060
30880  -12.426  -65.940  12.643 0.3000000119
31979  -12.266  -65.305  13.034 0.3000000119
33107  -12.344  -64.189  14.959 0.4000000060
28610  -14.004  -68.507  13.813 0.2000000030
28611  -14.890  -69.049  13.703 0.2000000030
27505  -15.524  -69.387  12.958 0.2000000030
28629  -16.400  -68.609  11.368 0.2000000030
27523  -15.911  -69.478  11.599 0.2000000030
28326  -23.017  -68.577  33.951 0.1000000015
170844  -23.063  -67.822  34.365 0.1000000015
29407  -23.259  -67.280  34.011 0.1000000015
33063  -15.467  -64.407  19.848 0.5000000000
34167  -15.340  -63.986  18.234 0.5000000000
33108  -14.048  -63.853  16.784 0.4000000060
34176  -13.034  -62.869  15.991 0.4000000060
34185  -12.396  -63.314  14.714 0.4000000060
31994  -12.788  -65.249  12.479 0.3000000119
33128  -12.356  -64.001  14.170 0.4000000060
29710  -14.272  -67.585  13.187 0.3000000119
171054  -14.816  -68.272  13.522 0.2000000030
28628  -16.165  -68.737  12.495 0.2000000030
28656  -16.588  -68.419  9.261 0.2000000030
171648  -15.334  -63.940  20.498 0.5000000000
34152  -15.460  -63.509  19.870 0.5000000000
34166  -14.728  -63.883  17.473 0.4000000060
34165  -13.431  -62.562  16.890 0.4000000060
33143  -13.915  -64.799  12.844 0.3000000119
34197  -12.734  -63.126  13.708 0.4000000060
30865  -13.628  -66.750  12.711 0.3000000119
30866  -14.684  -66.697  13.057 0.3000000119
29724  -16.007  -67.869  12.943 0.2000000030
30883  -16.380  -67.083  11.903 0.2000000030
30896  -16.597  -66.592  10.933 0.2000000030
35224  -14.655  -62.712  22.118 0.5000000000
34143  -15.324  -63.288  20.731 0.5000000000
34156  -15.263  -63.253  18.917 0.5000000000
33144  -14.838  -65.306  13.574 0.3000000119
31981  -15.228  -66.057  13.442 0.3000000119
30868  -16.177  -66.747  12.758 0.3000000119
40284  -17.971  -57.039  33.585 0.3000000119
36240  -14.564  -61.528  22.627 0.5000000000
179135  -15.423  -62.841  20.309 0.4000000060
35244  -13.707  -61.749  18.096 0.4000000060
36303  -12.763  -61.448  14.832 0.4000000060
159211  -15.597  -62.276  20.141 0.4000000060
36266  -14.998  -61.741  19.401 0.4000000060
40273  -17.487  -57.133  34.107 0.3000000119
41376  -17.575  -56.269  33.728 0.4000000060
35225  -15.317  -62.329  21.709 0.4000000060
36241  -15.480  -61.540  22.027 0.3000000119
36292  -13.089  -61.096  16.608 0.4000000060
36260  -15.878  -61.971  20.670 0.3000000119
161236  -16.537  -66.063  12.534 0.3000000119
41363  -16.909  -56.444  34.383 0.2000000030
42557  -18.147  -55.851  33.132 0.3000000119
43748  -17.167  -54.492  32.847 0.3000000119
37300  -14.633  -60.981  18.982 0.3000000119
36271  -13.936  -61.248  18.649 0.4000000060
37288  -16.534  -60.438  21.363 0.3000000119
37301  -15.705  -61.031  19.386 0.3000000119
37289  -16.782  -60.690  20.773 0.3000000119
37302  -16.683  -60.674  19.568 0.3000000119
43736  -16.481  -54.919  33.425 0.2000000030
44800  -17.980  -52.935  31.747 0.4000000060
44808  -19.217  -52.775  30.656 0.5000000000
44801  -19.007  -53.107  31.504 0.5000000000
38358  -15.349  -59.234  22.057 0.3000000119
44799  -16.789  -53.129  32.000 0.4000000060
45835  -17.388  -52.245  31.534 0.3000000119
45837  -18.545  -52.445  31.140 0.4000000060
45836  -17.955  -51.855  30.879 0.3000000119
45847  -17.511  -52.460  28.707 0.3000000119
45834  -16.360  -52.253  31.643 0.2000000030
46924  -16.945  -51.478  31.068 0.3000000119
163769  -16.250  -50.993  30.694 0.2000000030
46933  -17.470  -51.457  30.249 0.3000000119
46935  -17.224  -51.646  29.202 0.2000000030
46934  -16.393  -51.361  28.645 0.3000000119
46940  -16.497  -52.544  28.015 0.3000000119
47909  -15.569  -51.062  28.213 0.3000000119
46939  -15.457  -52.303  27.411 0.3000000119
46942  -14.956  -52.088  26.660 0.4000000060
47920  -16.027  -51.122  26.688 0.5000000000
35304  -14.091  -63.259  13.182 0.3000000119
35262  -12.656  -62.127  15.468 0.4000000060
33129  -14.391  -64.284  13.339 0.3000000119
33130  -15.318  -64.794  14.187 0.3000000119
31982  -16.093  -66.053  13.445 0.3000000119
4045  -16.296  -93.059  10.713 0.1000000015
9952  -17.849  -86.135  5.065 0.4000000060
14263  -4.470  -81.435  38.392 0.4000000060
17495  -5.838  -78.965  37.866 0.5000000000
19618  -7.909  -76.479  36.193 0.4000000060
25413  -11.955  -71.987  10.641 0.2000000030
24360  -11.385  -71.669  11.907 0.2000000030
170918  -22.886  -68.810  29.134 0.1000000015
27331  -21.680  -69.689  28.788 0.3000000119
187297  -11.625  -70.360  17.548 0.3000000119
29482  -23.284  -67.144  29.665 0.2000000030
29644  -14.015  -67.759  16.832 0.4000000060
29531  -20.982  -67.888  25.650 0.6000000238
35160  -22.455  -62.841  26.724 0.4000000060
33052  -14.991  -63.785  21.165 0.5000000000
37280  -14.975  -60.777  22.481 0.3000000119
37281  -15.816  -60.676  21.920 0.3000000119
29532  -21.503  -67.665  26.282 0.5000000000
1800  -1.985  -96.815  13.235 0.5000000000
238  -17.638  -100.795  12.570 0.4000000060
226  -16.555  -101.314  14.966 0.4000000060
8244  -19.503  -88.540  -2.404 0.3000000119
9146  -19.407  -87.060  -3.325 0.4000000060
0  -7.902  -102.877  25.224 0.5000000000
166647  -8.422  -103.068  23.846 0.5000000000
10916  -18.536  -86.152  2.289 0.4000000060
27277  -17.268  -69.345  31.322 0.4000000060
45844  -19.070  -52.734  29.734 0.4000000060
46943  -15.381  -52.630  26.873 0.3000000119
46947  -15.929  -52.332  26.679 0.4000000060
26219  -13.370  -70.305  30.774 0.4000000060
172652  -14.119  -69.863  31.640 0.4000000060
45842  -17.975  -51.865  29.806 0.3000000119
178638  -11.265  -95.521  13.634 0.5000000000
2814  -10.620  -95.172  15.763 0.4000000060
103  -6.489  -102.081  27.044 0.5000000000
2815  -11.346  -95.147  15.207 0.4000000060
17496  -6.519  -78.901  37.686 0.5000000000
164037  -22.723  -65.169  31.093 0.2000000030
177155  -17.298  -57.990  34.264 0.2000000030
44788  -16.693  -53.908  32.447 0.4000000060
418  -17.694  -100.687  16.321 0.4000000060
649  -16.204  -100.093  16.879 0.3000000119
691  -19.072  -100.141  11.203 0.3000000119
1352  -19.576  -99.006  10.769 0.4000000060
637  -17.453  -100.236  17.460 0.2000000030
1205  -11.249  -98.547  21.938 0.4000000060
865  -11.793  -98.810  20.202 0.3000000119
885  -11.672  -99.726  17.785 0.3000000119
635  -12.547  -100.415  17.619 0.3000000119
671  -19.812  -99.928  16.069 0.2000000030
951  -21.482  -99.242  12.567 0.3000000119
184047  -20.063  -93.774  3.874 0.6000000238
4097  -19.455  -93.499  2.453 0.5000000000
573  -11.483  -100.215  24.127 0.5000000000
2794  -13.608  -95.524  18.297 0.2000000030
653  -19.987  -99.490  16.411 0.2000000030
4077  -20.464  -93.567  5.618 0.6000000238
2828  -14.590  -94.953  15.400 0.2000000030
3418  -13.978  -94.718  16.749 0.2000000030
166281  -15.236  -94.389  19.571 0.2000000030
4714  -19.538  -92.922  7.385 0.4000000060
168431  -17.148  -91.927  9.763 0.1000000015
4708  -18.023  -92.159  8.977 0.1000000015
5554  -20.836  -90.599  -0.115 0.2000000030
6407  -20.081  -90.046  -1.739 0.4000000060
114  -8.460  -102.485  26.852 0.4000000060
113  -7.586  -102.495  26.632 0.5000000000
3409  -16.685  -94.616  18.396 0.2000000030
1741  -16.466  -97.069  18.198 0.2000000030
2796  -16.687  -95.626  18.288 0.2000000030
95  -10.023  -101.846  29.023 0.5000000000
160402  -7.297  -98.692  38.692 0.4000000060
117  -11.562  -102.394  26.614 0.5000000000
187941  -12.188  -102.496  26.334 0.4000000060
6393  -23.638  -90.630  0.125 0.2000000030
163934  -24.000  -84.860  -2.784 0.2000000030
1523  -8.921  -97.452  37.207 0.2000000030
2549  -7.605  -95.628  36.113 0.2000000030
2536  -6.868  -95.515  37.266 0.2000000030
8170  -20.592  -88.558  6.337 0.1000000015
8218  -26.262  -88.304  1.273 0.2000000030
13763  -22.766  -82.030  0.841 0.2000000030
14737  -25.492  -80.669  4.682 0.2000000030
15816  -26.055  -80.336  3.964 0.2000000030
15817  -27.150  -80.204  3.674 0.2000000030
11919  -24.295  -84.693  1.600 0.1000000015
11902  -23.439  -83.101  2.755 0.1000000015
10907  -26.106  -85.040  3.364 0.2000000030
13724  -23.795  -81.636  3.410 0.1000000015
10906  -24.919  -84.960  3.267 0.1000000015
13725  -24.610  -82.374  3.248 0.1000000015
189183  -25.380  -81.455  2.748 0.1000000015
12823  -25.378  -83.533  3.626 0.1000000015
11875  -25.371  -84.183  3.796 0.1000000015
13728  -27.689  -82.958  3.187 0.2000000030
161713  -26.203  -80.193  3.154 0.1000000015
15854  -26.823  -80.559  1.932 0.1000000015
13765  -27.042  -82.161  1.742 0.1000000015
15856  -28.854  -79.995  2.426 0.1000000015
16961  -28.522  -79.457  0.931 0.1000000015
7281  -23.232  -89.665  6.756 0.1000000015
6357  -23.393  -90.837  5.514 0.2000000030
4080  -25.779  -93.211  5.668 0.2000000030
9969  -28.084  -86.542  3.784 0.2000000030
12827  -29.261  -82.982  4.089 0.1000000015
16967  -28.075  -79.029  0.293 0.1000000015
158790  -29.796  -81.580  -0.209 0.1000000015
13748  -30.513  -81.728  2.399 0.1000000015
18019  -26.480  -78.712  -2.477 0.1000000015
14798  -28.977  -81.596  -0.982 0.1000000015
6332  -23.713  -90.248  7.019 0.2000000030
19032  -26.679  -77.191  -1.154 0.1000000015
19029  -26.671  -77.270  -0.307 0.1000000015
14819  -30.330  -81.343  -1.952 0.1000000015
20093  -28.590  -75.905  -2.254 0.1000000015
17579  -8.868  -78.179  31.652 0.2000000030
15396  -7.467  -80.750  34.485 0.3000000119
13333  -5.597  -82.442  36.612 0.4000000060
13334  -6.233  -81.965  36.329 0.4000000060
15379  -7.176  -80.811  36.246 0.3000000119
17551  -8.271  -78.691  34.274 0.2000000030
17538  -8.266  -79.089  35.369 0.3000000119
15358  -7.544  -79.938  36.614 0.3000000119
19637  -9.666  -75.797  34.978 0.3000000119
26397  -9.949  -70.747  13.947 0.2000000030
20728  -10.319  -74.261  34.551 0.3000000119
29641  -10.669  -68.169  17.132 0.3000000119
28592  -9.967  -68.820  15.390 0.3000000119
25385  -10.832  -71.515  12.562 0.3000000119
26436  -12.447  -70.869  11.361 0.2000000030
26238  -14.800  -70.843  30.088 0.4000000060
25197  -17.147  -71.601  29.556 0.2000000030
26221  -15.109  -70.423  31.161 0.4000000060
25176  -17.420  -71.120  30.586 0.2000000030
25175  -16.745  -70.651  31.088 0.3000000119
26437  -13.347  -70.675  10.754 0.2000000030
24171  -17.307  -72.390  27.820 0.2000000030
24151  -18.116  -71.664  29.915 0.2000000030
174849  -11.157  -66.628  16.285 0.4000000060
171689  -22.686  -69.584  30.332 0.1000000015
156719  -22.510  -70.003  31.484 0.1000000015
28343  -23.462  -68.119  32.502 0.1000000015
29431  -23.559  -67.567  32.053 0.1000000015
30629  -23.404  -66.750  30.483 0.1000000015
30864  -12.778  -66.650  12.682 0.3000000119
28327  -23.333  -68.011  33.427 0.1000000015
33154  -12.647  -64.583  12.838 0.4000000060
29736  -16.491  -67.578  10.930 0.2000000030
35274  -12.561  -62.325  14.449 0.4000000060
31980  -14.340  -65.721  12.942 0.3000000119
34211  -12.996  -63.467  12.939 0.4000000060
35241  -15.280  -62.612  19.550 0.5000000000
35254  -13.888  -62.436  17.764 0.4000000060
35253  -13.370  -61.810  17.266 0.4000000060
34134  -15.080  -63.026  21.435 0.5000000000
35240  -14.454  -62.291  18.706 0.4000000060
36251  -15.880  -61.858  21.255 0.5000000000
36291  -12.807  -61.489  15.748 0.4000000060
36261  -16.361  -61.360  20.635 0.3000000119
36268  -16.437  -61.194  19.959 0.3000000119
42567  -17.390  -55.333  33.381 0.3000000119
187142  -18.013  -52.305  31.378 0.3000000119
45843  -18.599  -52.272  30.307 0.4000000060
49019  -17.201  -49.630  26.978 0.5000000000
2920  -15.229  -92.721  4.169 0.1000000015
3502  -12.890  -92.151  4.803 0.1000000015
3500  -13.800  -92.774  5.577 0.1000000015
2909  -12.395  -94.363  6.038 0.1000000015
2360  -11.592  -95.100  6.425 0.2000000030
2361  -11.865  -95.678  5.851 0.2000000030
155451  -0.386  -95.695  13.088 0.2000000030
181190  -1.090  -95.621  13.045 0.2000000030
2856  -2.371  -95.689  12.837 0.2000000030
2308  -1.649  -96.063  13.008 0.2000000030
2866  -3.875  -95.700  11.713 0.2000000030
2317  -3.031  -95.971  12.183 0.2000000030
3499  -12.465  -92.803  5.757 0.1000000015
2908  -11.840  -94.099  6.379 0.1000000015
156024  1.486  -95.781  13.000 0.2000000030
2328  -4.948  -96.636  11.225 0.1000000015
2318  -4.372  -96.255  11.739 0.3000000119
2876  -4.673  -95.887  11.012 0.1000000015
1810  -5.547  -97.181  11.358 0.4000000060
3496  -11.755  -93.378  6.311 0.1000000015
2905  -11.041  -94.801  6.818 0.1000000015
155450  0.280  -95.256  13.344 0.2000000030
178018  1.190  -95.457  13.562 0.1000000015
181703  0.595  -95.030  14.044 0.1000000015
2329  -5.591  -96.781  10.894 0.3000000119
2337  -5.981  -96.415  10.401 0.1000000015
2344  -7.897  -96.081  9.193 0.1000000015
2350  -8.260  -95.710  8.565 0.1000000015
1347  -6.849  -98.227  10.926 0.4000000060
2895  -7.684  -95.261  8.933 0.1000000015
2353  -10.612  -96.403  7.664 0.2000000030
156301  0.338  -94.777  14.877 0.1000000015
177757  1.140  -95.034  14.581 0.1000000015
1826  -6.997  -97.217  10.126 0.2000000030
1820  -6.720  -97.613  10.750 0.4000000060
1830  -8.221  -96.834  9.430 0.2000000030
1827  -7.834  -97.301  9.971 0.2000000030
1356  -7.274  -97.904  10.243 0.3000000119
1348  -7.570  -98.496  10.758 0.4000000060
1831  -8.916  -97.121  9.029 0.2000000030
165729  -10.009  -96.903  8.012 0.2000000030
1828  -8.681  -97.500  9.827 0.2000000030
2351  -8.934  -95.772  8.028 0.1000000015
168536  1.224  -96.334  18.950 0.2000000030
2803  1.653  -95.763  17.785 0.2000000030
2257  2.799  -96.318  16.829 0.2000000030
8222  -7.510  -88.368  1.953 0.1000000015
9117  -7.937  -87.727  1.328 0.1000000015
8224  -8.371  -88.240  0.788 0.1000000015
9116  -7.802  -87.796  1.955 0.1000000015
7331  -7.057  -89.073  1.237 0.1000000015
8219  -7.288  -88.197  2.419 0.1000000015
7327  -6.319  -88.798  2.119 0.1000000015
9113  -7.368  -87.221  2.262 0.1000000015
1603  -0.129  -97.443  30.251 0.2000000030
9112  -7.418  -87.509  2.806 0.1000000015
2153  1.390  -96.420  25.391 0.1000000015
9071  -3.627  -86.607  6.028 0.4000000060
8167  -4.187  -88.040  6.522 0.3000000119
8146  -3.770  -87.292  6.712 0.3000000119
2166  1.370  -96.187  23.948 0.1000000015
7243  -3.604  -90.158  8.892 0.2000000030
8147  -3.868  -88.233  7.393 0.3000000119
6317  -3.916  -90.653  8.543 0.1000000015
187295  -3.760  -88.639  8.007 0.4000000060
5472  -3.437  -91.083  9.033 0.1000000015
7242  -2.911  -90.595  9.562 0.3000000119
188254  -2.863  -90.864  9.607 0.2000000030
6307  -2.433  -90.852  9.976 0.2000000030
156385  2.524  -91.520  10.606 0.2000000030
3921  2.108  -94.180  21.776 0.1000000015
5463  -0.665  -90.772  10.669 0.2000000030
2734  2.131  -94.849  22.473 0.1000000015
157175  1.814  -93.091  22.688 0.2000000030
3932  2.040  -93.357  20.571 0.1000000015
4558  1.319  -92.090  23.700 0.3000000119
5306  1.400  -91.115  22.846 0.2000000030
5305  1.487  -92.167  22.793 0.2000000030
171013  1.262  -90.345  23.473 0.2000000030
175496  1.424  -90.094  22.497 0.2000000030
4570  1.886  -92.171  21.913 0.2000000030
167272  2.039  -92.192  21.243 0.1000000015
6146  1.278  -89.546  22.156 0.2000000030
7052  1.216  -88.820  22.487 0.2000000030
168670  1.426  -90.552  21.793 0.1000000015
8841  1.037  -87.508  23.255 0.2000000030
8829  0.764  -87.088  23.884 0.1000000015
9702  0.631  -86.076  25.061 0.1000000015
186808  0.079  -85.665  25.122 0.1000000015
9715  0.555  -86.610  24.559 0.1000000015
9703  -0.210  -86.250  24.877 0.1000000015
180640  0.635  -87.659  23.229 0.1000000015
160438  -0.095  -87.031  24.419 0.1000000015
7934  0.598  -88.627  22.469 0.2000000030
15591  -0.718  -79.961  19.929 0.2000000030
11558  0.354  -84.112  26.174 0.1000000015
10591  0.272  -85.230  25.487 0.1000000015
188882  -0.208  -84.840  25.578 0.1000000015
10592  -0.638  -85.450  25.430 0.1000000015
10593  -1.788  -85.962  25.776 0.1000000015
162633  -0.976  -87.698  24.489 0.1000000015
17741  -1.751  -79.129  20.197 0.5000000000
11559  -0.116  -83.847  26.266 0.1000000015
11572  -0.648  -84.475  25.925 0.1000000015
10576  -1.411  -85.159  25.969 0.1000000015
10577  -2.136  -85.688  26.592 0.1000000015
9689  -2.569  -86.547  26.386 0.1000000015
9704  -1.299  -86.469  25.236 0.1000000015
9705  -2.209  -86.922  25.735 0.1000000015
7053  1.026  -89.101  22.139 0.2000000030
7922  0.007  -88.344  22.972 0.1000000015
9635  -2.132  -86.197  32.399 0.4000000060
12547  0.020  -82.907  27.394 0.1000000015
171707  -1.532  -84.059  27.489 0.1000000015
11560  -1.612  -84.710  26.823 0.1000000015
10558  -3.374  -85.956  28.034 0.1000000015
10559  -4.326  -86.136  28.289 0.1000000015
11542  -2.200  -84.710  27.924 0.1000000015
10557  -2.500  -85.496  27.576 0.1000000015
10578  -2.928  -86.288  27.201 0.1000000015
9676  -3.864  -86.673  27.620 0.1000000015
184038  -2.135  -78.466  20.531 0.4000000060
10507  -4.061  -86.009  32.573 0.4000000060
10506  -3.609  -85.569  32.789 0.4000000060
184312  -3.379  -85.896  32.324 0.4000000060
10492  -2.090  -85.713  33.206 0.4000000060
10482  -2.679  -85.390  34.323 0.4000000060
10544  -2.941  -85.247  28.427 0.1000000015
10483  -3.324  -85.464  34.835 0.4000000060
10470  -2.563  -85.703  35.414 0.4000000060
9580  -2.724  -86.103  36.525 0.5000000000
10469  -1.929  -85.820  34.984 0.5000000000
13445  -1.264  -82.830  29.274 0.1000000015
167808  -1.200  -81.785  33.326 0.3000000119
14388  -3.087  -81.553  32.847 0.3000000119
14389  -3.610  -81.085  32.667 0.3000000119
26252  -2.402  -71.014  25.840 0.2000000030
24184  -2.210  -72.363  26.340 0.2000000030
25227  -1.679  -71.581  25.200 0.2000000030
23127  -1.745  -73.465  25.933 0.2000000030
15475  -4.434  -81.150  29.606 0.1000000015
13434  -4.326  -81.952  30.326 0.2000000030
15474  -3.947  -80.658  29.637 0.2000000030
176312  -4.318  -80.921  31.006 0.2000000030
14416  -4.050  -81.065  31.730 0.3000000119
15461  -3.414  -80.277  30.183 0.2000000030
14390  -3.731  -80.626  32.509 0.2000000030
14415  -3.626  -81.545  31.998 0.3000000119
16594  -1.485  -80.061  29.608 0.1000000015
15472  -1.681  -80.203  28.984 0.1000000015
17632  -3.020  -78.317  27.883 0.1000000015
17633  -3.988  -78.128  27.986 0.1000000015
17634  -4.957  -78.278  28.496 0.1000000015
16580  -3.396  -79.978  31.033 0.2000000030
17630  -1.466  -79.218  28.408 0.1000000015
18679  -3.416  -77.571  28.421 0.1000000015
187747  -4.639  -77.041  29.352 0.1000000015
19712  -5.273  -76.568  29.432 0.1000000015
19728  -6.147  -76.967  29.108 0.1000000015
18661  -3.828  -76.973  29.062 0.1000000015
19711  -4.364  -76.369  29.539 0.1000000015
20810  -5.972  -75.860  29.123 0.1000000015
176838  -3.137  -79.430  32.559 0.2000000030
159148  -2.114  -76.898  29.029 0.1000000015
16555  -2.837  -79.443  31.680 0.2000000030
188334  -2.175  -77.267  28.657 0.1000000015
19709  -2.470  -76.285  29.318 0.1000000015
20795  -3.939  -75.567  29.671 0.1000000015
166557  -5.536  -74.927  29.254 0.1000000015
21940  -5.903  -74.293  28.820 0.1000000015
16554  -1.644  -79.252  31.287 0.1000000015
159530  -1.297  -77.182  30.697 0.1000000015
157969  -2.096  -76.326  29.467 0.1000000015
169201  -3.358  -74.795  29.670 0.1000000015
163788  -4.516  -74.707  29.595 0.1000000015
21930  -5.237  -74.066  29.206 0.1000000015
21926  -1.483  -73.840  30.173 0.1000000015
21913  -1.563  -74.760  30.446 0.1000000015
164597  -1.356  -75.895  31.003 0.3000000119
23079  -1.654  -73.570  29.958 0.2000000030
20792  -2.028  -75.673  29.744 0.1000000015
24099  -10.480  -72.874  32.418 0.3000000119
21927  -1.959  -74.102  29.710 0.1000000015
23097  -4.912  -73.256  29.186 0.1000000015
25201  -4.756  -71.577  29.100 0.1000000015
32986  -5.725  -64.215  26.160 0.2000000030
158764  -5.737  -63.386  26.235 0.2000000030
162775  -1.307  -74.093  30.842 0.2000000030
185012  -1.568  -71.955  30.091 0.1000000015
24111  -10.246  -72.525  31.221 0.3000000119
23063  -1.364  -73.139  30.554 0.1000000015
181724  -1.795  -73.231  29.769 0.1000000015
24147  -4.445  -72.469  29.400 0.1000000015
181279  -1.773  -71.826  29.844 0.1000000015
25188  -2.210  -71.281  29.858 0.1000000015
25189  -3.158  -71.521  29.747 0.1000000015
161550  -1.407  -72.541  31.543 0.3000000119
25148  -1.632  -71.641  31.221 0.2000000030
26232  -2.972  -70.515  29.839 0.1000000015
167714  -3.932  -71.070  29.534 0.1000000015
26229  -1.859  -71.222  30.358 0.1000000015
26230  -2.013  -70.945  30.308 0.1000000015
27311  -3.334  -69.530  29.719 0.1000000015
179234  -13.535  -61.093  13.370 0.3000000119
35289  -13.445  -61.827  13.051 0.3000000119
27310  -2.479  -69.566  29.993 0.1000000015
26192  -1.852  -70.709  31.077 0.2000000030
26213  -2.208  -70.401  30.429 0.1000000015
27309  -2.448  -69.771  30.211 0.1000000015
164973  -2.773  -68.673  29.866 0.1000000015
29472  -2.698  -68.018  30.079 0.1000000015
36320  -13.251  -60.594  14.127 0.3000000119
36305  -15.683  -61.685  14.929 0.3000000119
36306  -15.850  -60.859  15.288 0.2000000030
26178  -1.690  -70.942  31.837 0.4000000060
26193  -1.966  -70.029  31.568 0.3000000119
176669  -2.268  -69.227  31.053 0.2000000030
28380  -2.607  -68.715  30.158 0.1000000015
28351  -2.381  -68.443  31.100 0.3000000119
29439  -2.536  -67.798  30.780 0.2000000030
30600  -3.715  -66.673  31.624 0.3000000119
31752  -3.903  -65.796  31.031 0.2000000030
30614  -5.277  -66.656  31.416 0.4000000060
36304  -13.046  -60.842  15.422 0.3000000119
37376  -14.848  -60.578  14.536 0.3000000119
26179  -1.750  -70.466  32.846 0.5000000000
28335  -2.189  -68.801  31.893 0.3000000119
29420  -2.768  -67.587  31.991 0.3000000119
28336  -2.566  -68.304  32.516 0.4000000060
29421  -3.380  -67.375  32.364 0.4000000060
29442  -4.709  -67.088  31.984 0.5000000000
162866  -5.541  -67.360  32.193 0.6000000238
29444  -7.092  -67.210  31.809 0.4000000060
29445  -7.974  -66.977  32.087 0.5000000000
37324  -13.200  -60.273  17.396 0.3000000119
37355  -13.511  -60.153  15.143 0.3000000119
37341  -16.641  -60.542  15.993 0.2000000030
36294  -17.443  -61.578  16.320 0.2000000030
37342  -17.550  -60.566  16.341 0.2000000030
27242  -2.000  -69.575  32.413 0.4000000060
29423  -5.305  -67.609  33.094 0.6000000238
29424  -6.152  -67.519  33.166 0.6000000238
171755  -8.574  -67.279  31.164 0.5000000000
29463  -10.760  -67.457  30.257 0.4000000060
29508  -14.700  -68.116  27.372 0.4000000060
29529  -16.184  -68.346  26.351 0.4000000060
172858  -16.578  -67.372  26.232 0.3000000119
37339  -13.231  -60.297  16.232 0.3000000119
37356  -14.052  -59.587  15.161 0.2000000030
37357  -15.470  -60.070  15.260 0.2000000030
28337  -3.150  -67.977  33.030 0.4000000060
29397  -5.063  -68.021  33.825 0.6000000238
27243  -2.283  -69.060  33.033 0.4000000060
28400  -13.670  -68.414  28.470 0.4000000060
28418  -15.176  -68.848  27.246 0.4000000060
29542  -17.775  -68.284  25.055 0.4000000060
157436  -17.526  -67.434  25.141 0.3000000119
30721  -18.650  -66.814  24.142 0.3000000119
31866  -19.089  -66.161  23.720 0.3000000119
28313  -2.996  -68.767  33.557 0.5000000000
29543  -18.649  -68.226  24.636 0.5000000000
29560  -20.857  -66.763  24.650 0.4000000060
30733  -19.902  -66.147  23.515 0.3000000119
30723  -20.773  -65.956  23.945 0.4000000060
29546  -21.281  -67.158  25.557 0.5000000000
45933  -17.627  -52.501  21.587 0.1000000015
45934  -19.033  -53.058  21.873 0.1000000015
157789  -18.557  -52.248  21.838 0.2000000030
180831  -15.383  -54.273  32.554 0.1000000015
43747  -16.164  -54.351  32.803 0.1000000015
44787  -15.915  -53.753  32.317 0.1000000015
44786  -14.911  -53.861  32.040 0.1000000015
46938  -14.754  -52.153  26.949 0.2000000030
50150  -17.936  -48.753  26.663 0.4000000060
47919  -14.725  -51.144  26.527 0.3000000119
180435  -15.660  -49.879  26.694 0.4000000060
175449  -17.040  -48.670  26.980 0.4000000060
4689  -1.983  -91.471  10.031 0.1000000015
7228  -3.216  -89.753  9.818 0.3000000119
5453  -1.191  -91.445  10.882 0.2000000030
177497  -0.136  -92.288  11.378 0.1000000015
5461  1.370  -91.093  10.278 0.3000000119
12522  -3.570  -83.393  29.482 0.1000000015
11527  -1.933  -83.993  28.249 0.1000000015
11528  -2.657  -84.504  28.677 0.1000000015
13458  -0.651  -82.769  28.614 0.1000000015
16556  -3.609  -79.901  31.957 0.3000000119
17597  -0.784  -78.916  30.229 0.1000000015
180524  -1.154  -77.767  29.232 0.1000000015
15462  -4.067  -80.542  30.625 0.2000000030
17614  -0.786  -79.089  29.514 0.1000000015
189161  -1.944  -76.386  29.608 0.1000000015
21914  -1.844  -74.567  29.959 0.1000000015
19692  -1.683  -76.444  29.977 0.1000000015
183150  -2.074  -74.943  29.722 0.1000000015
24198  -1.779  -73.112  25.068 0.2000000030
24199  -1.643  -72.389  25.416 0.2000000030
21967  -1.765  -74.107  25.684 0.2000000030
178210  1.502  -95.444  16.982 0.2000000030
10015  -6.982  -87.123  -0.218 0.1000000015
10453  -1.843  -86.425  36.342 0.5000000000
24110  -9.361  -72.149  31.142 0.3000000119
24126  -10.525  -72.100  30.307 0.3000000119
166171  -6.798  -67.306  32.977 0.6000000238
27341  -15.687  -69.250  27.213 0.4000000060
166272  -14.459  -68.659  27.837 0.4000000060
27357  -16.158  -69.269  26.698 0.4000000060
29559  -19.998  -67.362  24.176 0.4000000060
31867  -21.423  -65.319  24.441 0.4000000060
29422  -4.337  -67.508  32.713 0.5000000000
37245  -21.927  -61.159  25.073 0.4000000060
160308  -18.150  -51.310  21.796 0.2000000030
29530  -16.967  -68.208  25.688 0.4000000060
28432  -15.761  -68.979  26.634 0.4000000060
178007  0.886  -94.864  15.653 0.2000000030
2266  2.200  -95.581  16.226 0.2000000030
5462  0.099  -90.593  10.329 0.3000000119
51330  -17.014  -47.710  26.746 0.4000000060
1358  -9.024  -98.471  9.960 0.3000000119
12557  0.217  -83.582  26.750 0.1000000015
12520  -1.879  -83.244  29.173 0.1000000015
18638  -0.957  -78.128  30.446 0.1000000015
30724  -21.332  -65.998  24.749 0.4000000060
44798  -15.697  -53.105  31.843 0.2000000030
2907  -11.043  -93.966  6.821 0.1000000015
2887  -6.420  -95.885  10.058 0.1000000015
2352  -9.893  -96.104  7.863 0.1000000015
2903  -9.534  -94.489  7.448 0.1000000015
2904  -10.304  -94.638  7.140 0.1000000015
1838  -9.156  -96.718  8.192 0.1000000015
178433  0.350  -91.796  10.985 0.2000000030
12558  -0.180  -83.331  26.838 0.1000000015
9690  -3.404  -87.024  26.860 0.1000000015
12549  -1.150  -83.309  27.753 0.1000000015
24183  -1.791  -72.514  26.034 0.2000000030
15463  -4.445  -80.988  30.294 0.2000000030
16578  -1.517  -79.622  30.419 0.1000000015
16616  -2.102  -79.540  28.077 0.1000000015
18677  -1.616  -78.377  28.392 0.1000000015
17615  -0.956  -78.622  28.871 0.1000000015
18660  -2.777  -76.947  28.775 0.1000000015
19710  -3.358  -76.291  29.380 0.1000000015
20796  -4.972  -75.670  29.532 0.1000000015
20811  -6.389  -74.992  28.726 0.1000000015
20794  -2.863  -75.560  29.552 0.1000000015
23098  -5.806  -73.415  28.601 0.1000000015
176208  -6.433  -74.135  28.247 0.1000000015
168582  -2.338  -74.853  29.612 0.1000000015
21929  -3.756  -74.013  29.676 0.1000000015
23081  -4.066  -73.241  29.614 0.1000000015
24165  -5.281  -72.473  28.815 0.1000000015
23080  -2.255  -73.542  29.657 0.1000000015
169022  -5.610  -71.665  28.403 0.1000000015
23064  -12.035  -73.325  30.806 0.3000000119
24145  -2.363  -72.058  29.726 0.1000000015
170414  -3.105  -73.378  29.707 0.1000000015
28381  -2.556  -68.739  30.074 0.1000000015
36321  -14.072  -60.653  13.662 0.3000000119
30623  -2.991  -66.927  30.362 0.2000000030
29441  -2.934  -66.867  31.378 0.3000000119
30624  -3.140  -66.520  30.699 0.3000000119
172215  -4.363  -66.265  31.386 0.3000000119
188082  -15.326  -67.545  27.065 0.4000000060
29509  -15.948  -67.455  26.726 0.4000000060
30689  -16.881  -66.532  26.104 0.3000000119
173962  -17.072  -67.223  25.720 0.3000000119
29495  -13.119  -67.964  28.356 0.4000000060
29557  -18.218  -67.498  24.602 0.3000000119
30722  -19.459  -66.834  23.800 0.4000000060
175682  -20.201  -66.688  23.853 0.4000000060
47021  -19.689  -52.494  22.134 0.1000000015
47918  -14.440  -50.221  26.521 0.2000000030
9095  -5.593  -86.811  4.172 0.1000000015
8213  -6.494  -87.376  4.088 0.1000000015
9086  -5.129  -86.879  4.859 0.2000000030
174467  -5.547  -86.529  2.783 0.1000000015
7275  -4.153  -89.010  7.068 0.2000000030
8166  -4.212  -87.226  5.954 0.2000000030
9964  -4.155  -86.573  5.223 0.2000000030
9122  -8.022  -87.623  -0.160 0.1000000015
166044  -11.688  -102.010  24.329 0.4000000060
175317  -4.826  -98.599  39.593 0.3000000119
1059  -5.753  -98.723  39.274 0.3000000119
178450  0.830  -92.250  11.384 0.1000000015
731  -6.789  -98.595  39.463 0.3000000119
177943  1.958  -91.737  11.058 0.1000000015
5451  0.693  -91.126  10.695 0.1000000015
178053  1.336  -92.496  12.037 0.1000000015
1509  -3.593  -97.699  37.536 0.3000000119
156327  2.165  -91.934  12.303 0.1000000015
5403  2.162  -91.523  15.924 0.1000000015
6211  1.961  -90.048  16.952 0.1000000015
12624  -0.116  -83.169  21.000 0.1000000015
7980  1.243  -88.595  18.142 0.1000000015
13555  0.260  -82.345  20.848 0.1000000015
10690  0.739  -85.467  19.451 0.1000000015
14543  0.265  -81.440  20.669 0.1000000015
16688  -0.059  -79.790  21.829 0.1000000015
15567  0.033  -80.570  21.627 0.1000000015
16697  -0.180  -79.217  21.309 0.1000000015
16702  0.047  -80.060  20.952 0.1000000015
15589  0.089  -80.676  20.365 0.1000000015
16703  -0.415  -79.538  20.575 0.1000000015
17740  -1.220  -78.479  20.537 0.3000000119
16689  -0.211  -78.959  22.125 0.1000000015
17730  -0.356  -78.408  21.620 0.1000000015
18768  -0.544  -77.630  21.953 0.1000000015
17731  -0.729  -77.945  21.087 0.3000000119
165416  -0.433  -79.648  22.668 0.1000000015
17708  -0.546  -77.904  23.353 0.1000000015
158153  -0.865  -77.815  24.231 0.1000000015
17677  -1.628  -77.847  24.994 0.1000000015
19820  -0.795  -76.559  22.898 0.1000000015
19822  -1.822  -76.085  22.705 0.3000000119
18715  -2.134  -77.185  25.338 0.1000000015
18716  -3.176  -77.276  25.563 0.1000000015
18717  -4.228  -77.276  25.607 0.1000000015
20851  -1.672  -75.669  25.307 0.2000000030
19776  -1.326  -76.501  24.935 0.1000000015
19796  -1.025  -76.516  24.291 0.1000000015
20850  -1.619  -75.283  24.850 0.2000000030
20875  -1.264  -75.685  23.854 0.1000000015
20889  -1.550  -75.722  23.242 0.5000000000
19779  -3.666  -76.608  25.988 0.1000000015
19780  -4.681  -76.555  25.937 0.1000000015
20852  -2.120  -75.761  25.900 0.1000000015
19764  -3.093  -75.881  26.228 0.1000000015
18736  -5.728  -77.825  25.213 0.1000000015
20834  -1.924  -74.947  25.890 0.1000000015
22014  -1.733  -74.689  24.606 0.2000000030
182314  -1.520  -75.340  24.310 0.2000000030
20876  -1.636  -75.374  23.781 0.3000000119
22044  -2.196  -74.864  23.647 0.3000000119
20835  -2.586  -75.104  26.290 0.1000000015
19765  -4.157  -75.877  26.242 0.1000000015
20853  -5.099  -75.779  26.061 0.1000000015
20854  -5.894  -75.603  25.734 0.1000000015
20837  -4.605  -75.093  26.185 0.1000000015
165520  -5.437  -75.014  25.895 0.1000000015
21969  -2.211  -74.333  26.277 0.1000000015
171199  -2.419  -73.043  26.390 0.1000000015
24185  -2.972  -72.462  26.301 0.1000000015
25228  -3.636  -71.016  25.995 0.1000000015
26263  -4.485  -70.465  25.555 0.1000000015
25217  -2.735  -71.559  26.154 0.1000000015
161580  -3.065  -69.109  25.395 0.1000000015
27352  -2.964  -70.108  25.559 0.1000000015
28444  -2.773  -68.406  25.166 0.1000000015
26262  -3.626  -70.216  25.993 0.1000000015
27364  -4.070  -69.569  25.884 0.1000000015
28445  -4.840  -68.250  25.708 0.1000000015
28427  -3.055  -68.087  25.654 0.1000000015
163289  -2.692  -67.511  24.441 0.1000000015
30732  -2.956  -66.673  24.019 0.3000000119
28429  -4.108  -68.165  26.032 0.1000000015
29538  -4.689  -67.629  25.927 0.1000000015
30702  -5.170  -66.326  26.070 0.1000000015
28428  -3.324  -68.038  26.011 0.1000000015
30681  -2.895  -66.289  26.199 0.1000000015
30700  -2.732  -66.667  25.630 0.1000000015
30714  -2.678  -66.687  25.033 0.2000000030
29523  -3.786  -67.407  26.146 0.1000000015
30701  -4.447  -66.856  26.148 0.1000000015
30682  -3.499  -66.587  26.275 0.1000000015
31830  -4.895  -65.472  26.265 0.1000000015
31827  -2.692  -66.161  26.003 0.1000000015
32985  -4.709  -64.520  26.277 0.1000000015
31846  -2.733  -65.847  25.580 0.2000000030
36179  -9.630  -61.027  26.234 0.1000000015
36196  -10.734  -61.231  25.890 0.1000000015
36197  -11.798  -61.556  25.874 0.1000000015
37226  -12.231  -60.061  26.400 0.1000000015
38279  -9.926  -59.552  27.175 0.1000000015
37225  -9.243  -60.270  26.956 0.1000000015
36180  -10.381  -60.393  26.547 0.1000000015
37242  -11.549  -60.611  26.223 0.1000000015
36181  -12.585  -60.902  26.383 0.1000000015
40370  -12.825  -57.620  25.040 0.2000000030
40351  -11.871  -57.548  26.246 0.2000000030
40352  -12.531  -58.096  25.643 0.1000000015
32897  -22.396  -64.550  31.751 0.1000000015
41454  -13.333  -56.893  24.543 0.2000000030
42639  -13.954  -56.094  24.380 0.2000000030
37138  -16.473  -60.359  34.524 0.1000000015
37139  -16.739  -60.222  33.902 0.1000000015
39222  -16.608  -58.891  34.981 0.1000000015
39223  -17.039  -58.801  34.377 0.1000000015
40258  -15.533  -57.494  35.745 0.1000000015
171623  -16.289  -55.185  24.257 0.1000000015
180377  -15.530  -55.675  24.366 0.1000000015
179040  -16.288  -55.977  24.370 0.1000000015
43832  -14.689  -55.289  24.358 0.2000000030
39210  -16.178  -58.274  35.524 0.1000000015
176879  -16.703  -58.107  34.819 0.1000000015
41345  -15.724  -56.876  35.270 0.1000000015
40272  -16.850  -57.283  34.641 0.1000000015
188899  -16.871  -55.517  24.293 0.1000000015
41361  -15.449  -56.187  34.937 0.1000000015
41375  -16.151  -55.936  34.465 0.1000000015
42542  -15.442  -55.638  34.366 0.1000000015
184584  -14.485  -51.666  27.103 0.2000000030
50148  -14.122  -49.395  26.515 0.1000000015
50149  -14.968  -48.435  26.645 0.1000000015
170352  -14.990  -49.330  26.578 0.1000000015
173048  -15.954  -48.546  26.856 0.2000000030
51331  -17.666  -47.268  26.093 0.3000000119
27354  -3.647  -68.795  25.976 0.1000000015
27353  -3.261  -69.555  25.833 0.1000000015
38261  -10.565  -58.732  27.293 0.2000000030
20888  -1.036  -75.998  23.264 0.2000000030
26261  -2.147  -70.257  24.917 0.1000000015
166251  -3.918  -64.315  26.292 0.1000000015
189329  -8.892  -61.719  26.091 0.1000000015
163555  -8.604  -60.830  26.675 0.1000000015
38208  -17.140  -59.498  33.904 0.1000000015
36105  -16.355  -61.638  33.630 0.1000000015
38207  -16.746  -59.561  34.426 0.1000000015
32892  -22.315  -64.308  32.888 0.1000000015
41362  -16.244  -56.670  34.848 0.1000000015
42556  -16.782  -55.639  33.979 0.1000000015
43735  -15.404  -54.787  33.167 0.1000000015
164528  -1.352  -75.989  24.752 0.1000000015
172689  -3.269  -65.857  26.336 0.1000000015
42640  -14.759  -56.280  24.406 0.1000000015
40259  -16.219  -57.444  35.151 0.1000000015
172102  -14.994  -55.274  33.796 0.1000000015
42555  -15.886  -55.324  33.912 0.1000000015
178188  -1.165  -95.351  13.015 0.1000000015
2864  -2.450  -95.085  12.492 0.1000000015
180012  0.866  -95.790  18.345 0.1000000015
156601  0.054  -95.266  17.729 0.1000000015
187351  -12.480  -100.261  22.045 0.3000000119
350  -11.995  -100.523  23.551 0.3000000119
178  -12.641  -101.768  21.670 0.3000000119
182995  -12.477  -101.473  20.324 0.3000000119
349  -11.767  -101.320  23.941 0.3000000119
17  -12.529  -102.388  22.906 0.3000000119
151  -13.497  -102.376  23.849 0.3000000119
29  -13.230  -101.876  21.834 0.3000000119
185  -13.119  -101.733  20.599 0.3000000119
168756  -13.457  -102.561  24.550 0.3000000119
142  -14.362  -102.286  24.440 0.3000000119
157919  -13.457  -102.556  25.365 0.3000000119
129  -14.236  -102.386  25.250 0.3000000119
2658  -12.946  -95.136  29.391 0.2000000030
320  -17.053  -102.080  26.893 0.2000000030
132  -17.037  -102.179  25.293 0.2000000030
525  -17.348  -100.398  28.667 0.2000000030
184765  -16.727  -102.065  24.535 0.2000000030
154  -16.278  -101.655  23.159 0.2000000030
153  -15.261  -101.907  23.595 0.2000000030
143  -15.257  -102.137  24.445 0.3000000119
184272  -14.803  -102.132  24.047 0.3000000119
318  -15.592  -101.812  26.791 0.3000000119
120  -15.610  -102.161  26.118 0.3000000119
119  -14.917  -102.129  26.560 0.3000000119
547  -15.594  -101.056  26.842 0.3000000119
548  -16.018  -101.456  26.910 0.3000000119
319  -16.229  -101.993  26.742 0.3000000119
815  -15.646  -100.004  26.806 0.3000000119
816  -16.158  -100.885  27.088 0.3000000119
1171  -16.069  -99.336  26.949 0.3000000119
1150  -16.521  -98.777  28.697 0.2000000030
1620  -15.638  -97.383  28.589 0.3000000119
121  -16.554  -102.203  26.109 0.2000000030
2117  -14.381  -96.317  28.303 0.2000000030
1609  -15.298  -96.905  29.816 0.3000000119
798  -16.891  -99.659  28.646 0.2000000030
131  -16.023  -102.179  25.155 0.3000000119
170267  -16.924  -100.884  27.758 0.2000000030
1161  -16.361  -98.965  27.581 0.2000000030
806  -16.727  -99.895  27.646 0.2000000030
185347  -12.898  -102.410  26.585 0.3000000119
111  -14.428  -102.049  27.163 0.3000000119
161936  -16.198  -98.071  28.925 0.3000000119
109  -12.934  -102.154  27.365 0.3000000119
301  -14.125  -101.413  28.432 0.3000000119
306  -14.419  -101.546  27.570 0.3000000119
814  -15.015  -99.496  26.798 0.3000000119
101  -12.705  -101.815  28.116 0.3000000119
524  -14.492  -100.866  27.838 0.3000000119
1642  -15.171  -98.239  26.752 0.3000000119
1621  -15.930  -98.000  27.686 0.3000000119
1631  -14.726  -97.716  27.016 0.3000000119
515  -14.313  -100.820  28.808 0.3000000119
299  -12.244  -101.669  28.912 0.3000000119
2132  -14.501  -96.874  27.617 0.3000000119
2118  -14.993  -96.680  28.342 0.2000000030
179530  -15.699  -98.474  26.921 0.3000000119
1160  -14.839  -98.561  26.808 0.3000000119
300  -13.411  -101.506  28.933 0.3000000119
7814  -3.315  -88.023  32.323 0.3000000119
163122  -3.439  -89.044  32.530 0.3000000119
292  -12.850  -101.399  29.789 0.3000000119
7825  -3.153  -88.671  31.705 0.3000000119
8752  -2.972  -87.779  31.610 0.3000000119
6854  -4.942  -89.086  35.597 0.2000000030
7772  -5.660  -88.739  34.775 0.2000000030
6853  -3.251  -88.614  35.157 0.3000000119
172170  -4.620  -88.391  34.705 0.2000000030
174827  -5.344  -88.163  34.184 0.3000000119
7790  -6.193  -88.238  34.319 0.3000000119
9615  -6.109  -86.708  34.596 0.3000000119
160062  -5.346  -86.185  35.130 0.3000000119
9599  -6.045  -86.298  35.652 0.3000000119
182113  -3.570  -87.690  32.912 0.3000000119
10495  -4.491  -85.823  33.117 0.3000000119
9644  -2.751  -86.997  31.758 0.3000000119
8744  -4.126  -86.598  32.673 0.3000000119
189088  -4.751  -85.761  33.982 0.3000000119
6838  -4.633  -89.621  36.677 0.1000000015
7773  -6.653  -88.882  34.850 0.2000000030
6875  -3.301  -88.505  34.284 0.3000000119
7789  -4.530  -87.777  33.781 0.3000000119
7791  -7.130  -88.292  34.528 0.3000000119
8721  -5.598  -87.560  33.855 0.3000000119
8735  -5.798  -87.007  33.697 0.3000000119
9616  -6.781  -87.213  34.443 0.3000000119
9617  -7.386  -86.838  34.457 0.3000000119
9600  -6.766  -86.566  35.100 0.3000000119
181358  -6.860  -85.346  35.709 0.3000000119
10456  -6.501  -85.966  35.812 0.3000000119
9581  -3.698  -86.060  36.785 0.3000000119
9583  -5.223  -86.053  36.272 0.3000000119
11439  -6.260  -85.107  36.284 0.3000000119
9597  -3.499  -85.785  35.853 0.3000000119
6839  -5.772  -89.822  36.318 0.1000000015
6855  -6.140  -89.376  35.479 0.1000000015
7774  -7.575  -88.912  34.997 0.1000000015
8723  -7.569  -87.681  34.279 0.2000000030
158280  -8.147  -87.155  34.025 0.2000000030
11451  -7.339  -84.935  35.091 0.3000000119
11450  -6.859  -84.419  35.705 0.3000000119
9598  -4.483  -86.028  36.121 0.3000000119
10455  -5.754  -85.873  36.373 0.3000000119
176375  -5.731  -84.344  36.571 0.3000000119
6840  -6.720  -89.863  36.187 0.1000000015
7792  -8.055  -88.361  34.550 0.1000000015
12451  -7.287  -83.810  34.868 0.3000000119
10437  -4.208  -85.689  37.211 0.3000000119
11437  -4.652  -85.108  37.208 0.3000000119
12431  -6.253  -83.916  36.152 0.3000000119
12450  -6.724  -83.368  35.547 0.2000000030
6841  -7.505  -89.760  36.242 0.1000000015
11424  -3.891  -85.006  37.592 0.3000000119
12430  -5.577  -83.387  36.482 0.3000000119
13352  -6.727  -82.360  35.546 0.2000000030
13373  -7.120  -82.149  34.728 0.2000000030
12429  -4.973  -84.050  36.923 0.3000000119
188894  -6.966  -81.843  35.332 0.2000000030
20771  -13.945  -75.521  30.822 0.2000000030
21904  -13.483  -74.610  31.038 0.2000000030
21916  -14.419  -74.627  30.239 0.2000000030
21915  -13.788  -74.285  30.523 0.2000000030
21903  -12.896  -74.594  31.518 0.2000000030
23053  -13.170  -74.026  30.886 0.2000000030
23083  -13.680  -73.237  29.275 0.2000000030
23051  -11.813  -73.508  31.635 0.2000000030
23065  -12.627  -73.477  30.419 0.2000000030
23067  -14.130  -73.916  29.805 0.2000000030
23052  -12.524  -73.802  31.302 0.2000000030
23082  -12.805  -72.940  29.575 0.2000000030
24149  -13.418  -72.559  29.020 0.2000000030
24168  -14.207  -72.643  28.690 0.2000000030
24127  -11.982  -72.903  30.108 0.2000000030
24112  -11.247  -72.890  30.741 0.2000000030
24148  -11.347  -72.296  29.982 0.2000000030
165986  -14.645  -62.768  13.661 0.2000000030
35291  -15.164  -62.217  14.154 0.2000000030
35275  -15.937  -62.748  15.046 0.2000000030
35276  -16.568  -62.566  15.701 0.1000000015
34198  -14.949  -63.864  14.005 0.2000000030
34199  -15.598  -63.442  14.636 0.2000000030
35265  -17.675  -62.502  16.274 0.1000000015
36295  -18.074  -61.219  16.322 0.1000000015
33118  -16.758  -64.349  15.252 0.2000000030
34177  -17.218  -63.086  16.060 0.1000000015
169540  -15.688  -64.311  14.604 0.2000000030
34188  -18.110  -63.318  15.638 0.1000000015
33145  -16.553  -65.267  14.114 0.2000000030
173107  -18.423  -60.834  15.790 0.1000000015
33132  -17.154  -64.605  14.807 0.2000000030
34201  -17.907  -63.974  15.009 0.2000000030
35277  -18.521  -62.492  15.383 0.1000000015
180500  -17.677  -64.336  14.315 0.2000000030
169464  -18.171  -63.689  14.102 0.1000000015
174462  -18.482  -62.926  13.859 0.1000000015
35292  -18.648  -62.281  14.278 0.1000000015
31983  -16.785  -65.445  13.187 0.2000000030
33146  -17.246  -64.869  13.858 0.2000000030
37343  -18.070  -60.484  16.219 0.1000000015
167677  -18.619  -60.648  13.798 0.1000000015
33156  -17.352  -64.546  12.538 0.1000000015
31996  -16.974  -65.334  11.995 0.1000000015
176290  -17.857  -63.636  12.357 0.1000000015
34213  -18.254  -63.067  12.912 0.1000000015
35305  -18.572  -62.179  13.113 0.1000000015
33163  -17.262  -64.478  11.313 0.1000000015
34224  -17.735  -63.657  11.513 0.1000000015
37340  -13.575  -59.603  15.952 0.1000000015
38412  -14.148  -58.892  15.957 0.1000000015
38426  -15.973  -59.424  15.864 0.1000000015
165171  -16.949  -59.663  16.281 0.1000000015
38414  -17.702  -59.764  16.233 0.1000000015
37377  -18.490  -60.155  14.667 0.1000000015
38445  -18.351  -59.201  13.699 0.1000000015
36335  -18.648  -61.371  13.493 0.1000000015
34225  -18.205  -62.878  11.709 0.1000000015
37308  -13.979  -60.387  18.623 0.2000000030
37307  -13.443  -59.822  18.194 0.2000000030
180337  -18.044  -59.497  15.867 0.1000000015
38459  -18.524  -59.140  12.620 0.1000000015
37393  -18.495  -59.875  13.219 0.1000000015
36347  -18.530  -61.295  12.260 0.1000000015
35315  -18.449  -62.118  11.996 0.1000000015
39426  -15.421  -58.020  16.378 0.1000000015
38379  -14.145  -59.449  18.496 0.2000000030
38378  -13.560  -59.127  18.110 0.1000000015
39406  -13.442  -58.431  17.130 0.1000000015
37309  -14.966  -60.317  18.809 0.2000000030
39461  -17.879  -58.403  13.822 0.1000000015
189861  -18.144  -58.593  12.861 0.1000000015
177151  -14.423  -58.067  16.398 0.1000000015
39427  -16.383  -58.147  16.270 0.1000000015
39441  -17.194  -58.173  15.871 0.1000000015
38380  -15.337  -59.512  18.640 0.1000000015
39391  -14.612  -58.601  18.417 0.1000000015
38359  -16.010  -59.881  21.767 0.2000000030
35335  -18.959  -62.402  10.454 0.1000000015
40432  -13.649  -58.013  17.571 0.1000000015
40459  -13.584  -57.670  17.003 0.1000000015
37310  -16.135  -60.281  18.972 0.2000000030
37290  -17.356  -60.107  20.311 0.2000000030
38382  -17.379  -59.365  18.910 0.1000000015
173337  -15.351  -58.395  21.846 0.2000000030
166417  -14.997  -57.819  18.314 0.1000000015
39374  -16.153  -59.080  21.617 0.2000000030
46923  -15.903  -51.516  31.283 0.1000000015
47901  -15.967  -50.567  29.664 0.1000000015
45833  -15.361  -52.359  31.564 0.1000000015
47904  -15.310  -50.295  28.866 0.1000000015
175751  -14.169  -49.789  29.670 0.1000000015
47908  -14.864  -50.857  27.736 0.1000000015
51329  -15.937  -47.428  26.721 0.2000000030
52561  -17.042  -46.856  26.289 0.2000000030
165945  -15.391  -46.839  26.535 0.2000000030
52560  -16.207  -46.442  26.370 0.2000000030
52573  -17.079  -46.089  25.729 0.2000000030
52572  -16.237  -45.640  25.935 0.2000000030
1170  -15.367  -98.942  26.746 0.3000000119
317  -15.048  -101.549  27.025 0.3000000119
546  -15.116  -100.493  26.877 0.3000000119
8751  -2.429  -87.731  31.428 0.3000000119
9637  -3.394  -86.384  32.260 0.3000000119
9627  -4.841  -86.416  33.036 0.3000000119
9614  -5.289  -86.317  33.742 0.3000000119
157110  -3.392  -88.308  33.329 0.3000000119
8734  -4.951  -87.043  33.119 0.3000000119
7788  -3.788  -88.310  34.524 0.3000000119
9582  -4.416  -85.980  36.819 0.3000000119
12412  -4.162  -84.165  37.421 0.3000000119
34112  -21.346  -63.585  23.510 0.3000000119
535  -14.754  -100.134  27.227 0.3000000119
40  -12.919  -101.856  21.325 0.3000000119
140  -12.591  -102.712  24.695 0.3000000119
128  -12.599  -102.593  25.716 0.3000000119
108  -12.209  -102.137  27.602 0.3000000119
180919  -12.357  -102.723  24.124 0.3000000119
8  -12.265  -102.625  23.705 0.3000000119
25192  -11.619  -71.638  29.691 0.2000000030
176339  -17.081  -60.182  20.909 0.2000000030
46932  -16.839  -51.041  29.978 0.1000000015
180143  0.937  -95.423  17.549 0.1000000015
164543  -14.843  -51.783  27.353 0.1000000015
360  -12.222  -101.569  22.749 0.3000000119
18  -12.987  -102.102  22.618 0.3000000119
141  -12.766  -102.671  23.974 0.3000000119
10  -13.605  -102.042  23.157 0.3000000119
166  -14.551  -101.778  22.965 0.3000000119
156902  -14.249  -102.369  26.002 0.3000000119
130  -15.050  -102.233  25.239 0.3000000119
162918  -13.564  -102.454  26.209 0.3000000119
102  -13.767  -101.863  27.836 0.3000000119
110  -13.749  -102.289  27.018 0.3000000119
7771  -3.867  -88.529  35.399 0.2000000030
163817  -3.966  -88.859  36.104 0.2000000030
8722  -6.540  -87.661  34.233 0.3000000119
8743  -3.392  -87.149  32.282 0.3000000119
11438  -5.425  -85.158  36.773 0.3000000119
169362  -14.923  -50.150  29.968 0.1000000015
47903  -14.518  -49.911  28.605 0.1000000015
186  -13.756  -101.676  20.374 0.2000000030
42  -14.512  -101.677  20.860 0.2000000030
376  -15.731  -101.280  19.990 0.2000000030
388  -15.940  -100.896  19.771 0.1000000015
30  -14.026  -101.722  21.568 0.2000000030
167  -15.513  -101.612  22.644 0.2000000030
171984  -15.572  -101.594  21.032 0.2000000030
179  -15.662  -101.597  21.772 0.2000000030
1043  -7.766  -98.186  39.180 0.2000000030
1041  -7.051  -98.349  40.080 0.2000000030
1497  -8.276  -97.931  38.701 0.2000000030
1095  -10.930  -98.440  36.045 0.2000000030
1556  -11.838  -98.024  33.911 0.2000000030
2045  -11.268  -97.234  34.067 0.2000000030
1470  -6.700  -97.696  40.872 0.2000000030
1471  -7.053  -97.594  40.278 0.2000000030
1486  -7.439  -97.575  39.469 0.2000000030
1978  -7.496  -97.053  38.529 0.2000000030
181462  -6.383  -98.552  40.153 0.2000000030
1539  -11.268  -98.249  35.422 0.2000000030
1546  -11.014  -97.461  34.981 0.2000000030
1569  -11.646  -97.468  33.281 0.2000000030
1469  -4.404  -98.135  41.036 0.2000000030
1014  -5.544  -98.236  41.427 0.2000000030
1454  -5.856  -97.618  42.118 0.2000000030
1040  -5.612  -98.640  40.105 0.2000000030
1015  -6.299  -97.976  41.346 0.2000000030
158346  -6.108  -97.008  41.633 0.2000000030
1951  -6.323  -96.675  40.607 0.2000000030
1966  -6.760  -96.887  39.885 0.2000000030
1977  -6.728  -96.504  39.088 0.2000000030
1453  -4.895  -97.768  42.064 0.1000000015
1438  -5.405  -97.288  42.955 0.1000000015
172300  -5.625  -96.618  42.747 0.2000000030
172351  -5.577  -95.896  42.013 0.2000000030
1039  -4.093  -98.257  39.976 0.2000000030
1950  -5.669  -95.726  41.217 0.2000000030
1965  -6.071  -95.943  39.673 0.2000000030
2524  -6.208  -95.434  38.809 0.2000000030
1496  -3.412  -97.763  38.412 0.2000000030
180025  -3.986  -97.236  43.117 0.2000000030
1437  -4.698  -97.465  42.911 0.1000000015
174309  -5.104  -97.289  43.409 0.1000000015
1436  -3.895  -97.422  42.397 0.2000000030
1424  -5.217  -97.051  44.046 0.1000000015
1927  -5.866  -96.582  43.526 0.1000000015
1452  -3.668  -97.582  41.514 0.2000000030
1919  -6.160  -96.008  43.674 0.1000000015
1918  -5.758  -95.887  43.301 0.1000000015
2480  -5.698  -95.104  41.639 0.1000000015
1468  -3.236  -97.587  40.392 0.2000000030
2465  -5.963  -95.484  43.063 0.1000000015
2496  -5.614  -94.956  40.877 0.2000000030
3092  -6.430  -94.445  40.682 0.1000000015
2511  -5.793  -94.952  39.558 0.2000000030
159988  -6.320  -94.409  38.729 0.2000000030
1899  -3.251  -95.877  45.050 0.1000000015
175743  -4.007  -96.316  45.984 0.1000000015
1916  -2.971  -96.037  43.273 0.2000000030
186623  -3.662  -96.124  44.506 0.1000000015
1412  -4.806  -96.760  44.561 0.1000000015
1938  -3.007  -97.054  41.989 0.2000000030
1425  -5.940  -96.739  44.428 0.1000000015
180318  -2.548  -96.500  41.571 0.2000000030
1426  -7.015  -97.161  44.468 0.1000000015
1484  -2.501  -97.139  39.480 0.2000000030
160719  -7.883  -97.621  43.830 0.1000000015
1440  -6.945  -96.902  43.708 0.1000000015
2467  -7.478  -95.768  42.543 0.1000000015
2481  -6.084  -94.975  42.287 0.1000000015
1495  -2.713  -97.235  38.670 0.2000000030
1900  -3.324  -96.031  45.894 0.1000000015
1402  -6.341  -97.150  46.004 0.1000000015
1413  -5.516  -96.776  44.845 0.1000000015
1414  -6.414  -97.099  45.197 0.1000000015
1937  -2.198  -95.891  41.534 0.2000000030
1415  -7.405  -97.436  45.265 0.1000000015
1948  -1.922  -96.081  40.337 0.2000000030
1949  -2.354  -96.819  40.308 0.2000000030
1964  -1.968  -96.354  39.561 0.2000000030
2523  -2.050  -96.089  38.203 0.2000000030
1403  -7.164  -97.358  46.007 0.1000000015
1416  -8.766  -97.966  44.623 0.1000000015
2522  -1.687  -95.680  38.856 0.2000000030
159319  -1.724  -95.331  38.170 0.1000000015
3108  -1.153  -94.874  39.244 0.1000000015
8119  -23.759  -88.052  8.961 0.1000000015
8131  -22.631  -88.148  8.448 0.1000000015
7248  -23.617  -88.885  7.895 0.1000000015
8118  -22.918  -88.017  9.095 0.1000000015
8117  -22.088  -87.912  9.153 0.1000000015
9034  -22.366  -87.663  9.900 0.1000000015
8132  -23.352  -88.439  8.424 0.1000000015
7262  -24.626  -89.945  7.485 0.1000000015
8153  -25.056  -89.004  7.817 0.1000000015
4352  -0.928  -92.462  36.630 0.1000000015
5106  -1.334  -91.481  36.601 0.1000000015
5105  -0.810  -91.827  37.144 0.1000000015
16935  -21.290  -79.473  2.981 0.1000000015
5098  -1.119  -91.100  37.522 0.1000000015
5122  -1.778  -91.633  35.680 0.2000000030
16948  -21.553  -79.563  1.623 0.1000000015
168281  -21.437  -79.238  4.025 0.1000000015
162210  -2.541  -90.993  34.538 0.2000000030
6886  -3.201  -89.134  33.783 0.2000000030
16936  -22.337  -79.157  2.470 0.1000000015
17974  -22.848  -78.487  4.297 0.1000000015
17973  -21.915  -78.842  4.650 0.1000000015
5107  -1.975  -90.578  36.313 0.1000000015
174443  -2.239  -89.888  37.721 0.1000000015
166785  -2.417  -89.685  36.017 0.1000000015
5960  -2.595  -89.866  35.120 0.2000000030
5945  -2.303  -89.687  36.880 0.1000000015
6836  -2.780  -89.075  36.457 0.1000000015
6874  -2.914  -89.083  34.753 0.2000000030
173639  -3.689  -87.955  33.669 0.2000000030
166396  -23.616  -78.168  4.930 0.1000000015
17938  -23.649  -78.400  6.679 0.1000000015
17958  -23.651  -78.267  5.776 0.1000000015
18979  -24.354  -77.648  5.538 0.1000000015
175565  -3.497  -89.117  36.667 0.1000000015
6837  -3.273  -88.718  35.951 0.1000000015
7805  -4.006  -87.312  33.001 0.2000000030
18970  -24.595  -77.481  6.377 0.1000000015
20012  -24.751  -76.966  6.782 0.1000000015
20011  -24.237  -76.353  6.678 0.1000000015
17939  -24.861  -77.843  7.188 0.1000000015
156840  -24.353  -78.268  7.205 0.1000000015
20013  -24.910  -77.395  7.175 0.1000000015
20000  -25.211  -76.919  7.746 0.1000000015
19999  -24.773  -76.026  8.114 0.1000000015
19987  -25.589  -76.244  8.575 0.1000000015
22225  -26.416  -74.099  8.892 0.1000000015
21067  -25.089  -75.409  8.690 0.1000000015
23348  -26.208  -73.442  9.226 0.1000000015
29475  -8.596  -67.136  30.408 0.3000000119
29462  -9.785  -67.337  30.445 0.3000000119
29476  -9.258  -67.181  30.004 0.3000000119
180770  -6.184  -66.748  31.163 0.3000000119
30627  -7.420  -66.958  30.669 0.3000000119
180733  -8.219  -66.405  30.257 0.3000000119
30638  -9.426  -66.976  29.722 0.3000000119
31753  -4.676  -65.512  31.133 0.2000000030
30625  -5.658  -65.738  31.166 0.3000000119
31772  -7.209  -64.997  30.930 0.3000000119
31770  -4.221  -65.021  30.660 0.2000000030
176413  -6.209  -64.878  31.059 0.3000000119
29446  -9.479  -67.069  31.631 0.3000000119
29447  -10.548  -67.038  31.637 0.3000000119
29459  -6.872  -67.137  31.017 0.3000000119
182305  -11.462  -67.604  29.796 0.3000000119
29477  -10.108  -67.165  29.686 0.3000000119
29493  -11.596  -67.301  28.895 0.3000000119
180718  -12.758  -67.465  28.371 0.3000000119
30665  -13.341  -67.483  28.095 0.3000000119
30653  -13.796  -66.421  28.160 0.3000000119
30666  -14.140  -67.345  27.734 0.3000000119
171043  -13.343  -65.622  28.658 0.3000000119
29479  -12.535  -68.044  29.210 0.3000000119
28384  -12.969  -68.129  28.743 0.3000000119
28417  -13.791  -68.151  27.888 0.3000000119
10484  -7.875  -86.360  34.262 0.2000000030
9601  -7.231  -85.992  35.097 0.2000000030
171422  -7.756  -85.490  34.406 0.2000000030
1538  -10.747  -97.801  35.780 0.2000000030
29478  -11.092  -67.324  29.377 0.3000000119
30667  -14.936  -66.995  27.380 0.3000000119
29494  -12.416  -67.713  28.739 0.3000000119
1411  -4.489  -97.135  43.721 0.1000000015
1910  -4.456  -96.431  45.240 0.1000000015
1401  -5.137  -96.616  45.363 0.1000000015
187197  -2.236  -90.742  35.421 0.1000000015
30628  -8.066  -66.967  30.356 0.3000000119
30626  -6.732  -66.296  30.895 0.3000000119
176148  -7.600  -66.290  30.508 0.3000000119
32915  -6.838  -64.121  30.874 0.2000000030
29492  -10.780  -66.966  29.124 0.3000000119
1613  -0.761  -97.310  28.821 0.1000000015
1612  0.111  -97.224  29.388 0.1000000015
30688  -16.334  -66.572  26.686 0.2000000030
30707  -17.354  -66.570  25.390 0.2000000030
31834  -16.613  -65.763  26.464 0.2000000030
31835  -17.125  -65.792  25.763 0.2000000030
31865  -18.357  -66.039  24.267 0.2000000030
176096  -17.326  -65.145  25.458 0.2000000030
186598  -18.186  -65.338  24.419 0.2000000030
32990  -17.300  -64.301  25.617 0.2000000030
33004  -17.793  -64.856  24.908 0.2000000030
31774  -9.115  -64.882  30.392 0.2000000030
31787  -9.924  -65.433  29.954 0.2000000030
30650  -11.516  -66.581  28.859 0.2000000030
32918  -9.960  -64.080  30.424 0.2000000030
32940  -11.351  -64.417  30.068 0.1000000015
171611  -14.288  -65.104  28.366 0.2000000030
31878  -19.544  -65.445  23.489 0.2000000030
31879  -20.381  -65.347  23.394 0.2000000030
31877  -18.754  -65.423  23.855 0.2000000030
33028  -19.154  -64.839  23.596 0.2000000030
175571  -17.989  -64.010  24.901 0.2000000030
33017  -18.461  -64.605  24.160 0.2000000030
34109  -19.154  -64.089  23.585 0.2000000030
34070  -17.016  -63.614  26.059 0.2000000030
33029  -19.973  -64.557  23.253 0.2000000030
34102  -18.525  -63.687  24.199 0.1000000015
172586  -16.931  -62.929  26.094 0.1000000015
34086  -17.537  -63.320  25.461 0.1000000015
35190  -18.535  -62.883  24.299 0.1000000015
33031  -21.254  -64.295  23.527 0.2000000030
34111  -20.820  -63.784  23.133 0.2000000030
34110  -19.920  -63.571  23.273 0.2000000030
34103  -19.129  -63.250  23.662 0.2000000030
175324  -19.765  -62.852  23.379 0.2000000030
36186  -16.689  -62.201  26.115 0.1000000015
35175  -17.364  -62.474  25.617 0.1000000015
35176  -17.986  -62.659  25.022 0.1000000015
35191  -19.167  -62.446  23.750 0.1000000015
160307  -21.275  -62.804  23.302 0.2000000030
36213  -18.436  -62.002  24.476 0.1000000015
36214  -19.319  -61.621  23.746 0.1000000015
35205  -20.918  -61.996  23.110 0.1000000015
36201  -17.739  -62.047  25.175 0.1000000015
165373  -21.643  -63.179  23.872 0.2000000030
35192  -21.796  -62.464  24.125 0.2000000030
36212  -17.671  -61.334  24.934 0.1000000015
163281  -18.651  -61.106  24.214 0.1000000015
36227  -20.334  -61.223  23.381 0.1000000015
175447  -19.486  -60.917  23.749 0.1000000015
36215  -21.798  -61.516  24.162 0.2000000030
37256  -19.069  -60.327  23.930 0.1000000015
37266  -20.074  -60.379  23.615 0.1000000015
36228  -21.168  -61.128  23.332 0.2000000030
36229  -21.525  -61.073  23.698 0.2000000030
37267  -20.894  -60.414  23.402 0.1000000015
38319  -21.704  -59.819  24.217 0.2000000030
38332  -21.146  -59.683  23.591 0.2000000030
37268  -21.412  -60.316  23.687 0.2000000030
38331  -20.602  -59.814  23.548 0.1000000015
39349  -20.689  -59.039  23.615 0.1000000015
39350  -21.308  -59.088  23.751 0.2000000030
38333  -21.444  -59.541  23.843 0.2000000030
39336  -20.456  -58.112  23.708 0.1000000015
168296  -19.374  -57.946  23.848 0.1000000015
178642  -19.193  -57.167  23.917 0.1000000015
186775  -19.007  -56.476  24.000 0.1000000015
41459  -18.159  -56.123  24.117 0.1000000015
36202  -22.048  -62.000  25.032 0.2000000030
40391  -21.270  -58.378  23.824 0.1000000015
30668  -15.706  -66.692  27.129 0.2000000030
31786  -9.273  -66.274  29.863 0.2000000030
31773  -8.141  -65.104  30.615 0.2000000030
30639  -9.999  -66.623  29.537 0.2000000030
30652  -12.905  -66.750  28.312 0.2000000030
31788  -11.845  -65.378  29.377 0.2000000030
176522  -9.281  -63.924  30.550 0.2000000030
32939  -10.585  -64.638  30.179 0.1000000015
30640  -10.795  -65.834  29.457 0.2000000030
32919  -10.811  -63.615  30.325 0.1000000015
34087  -18.128  -63.308  24.805 0.1000000015
35204  -20.048  -62.161  23.336 0.1000000015
35206  -21.413  -61.812  23.501 0.2000000030
2479  -1.932  -95.162  41.238 0.1000000015
2464  -2.635  -96.155  42.308 0.1000000015
1991  -7.433  -96.482  37.595 0.1000000015
2010  -9.196  -97.076  36.261 0.1000000015
2443  -2.969  -95.327  44.724 0.1000000015
2463  -2.259  -94.758  43.068 0.1000000015
2453  -2.743  -95.229  43.767 0.1000000015
165475  -2.568  -95.467  42.896 0.1000000015
2525  -6.737  -96.015  38.145 0.1000000015
2038  -10.529  -96.690  34.411 0.1000000015
2588  -10.078  -95.487  33.183 0.1000000015
2044  -10.653  -96.346  33.624 0.1000000015
2072  -11.502  -96.184  31.374 0.1000000015
3692  -6.872  -93.946  39.009 0.1000000015
3124  -6.643  -94.129  37.777 0.1000000015
162739  -6.418  -94.981  37.914 0.1000000015
3136  -6.918  -93.928  37.133 0.1000000015
3168  -7.875  -94.710  35.057 0.1000000015
2026  -8.748  -96.347  35.546 0.1000000015
2578  -9.199  -95.743  34.325 0.1000000015
180  -16.456  -101.530  21.349 0.1000000015
2037  -9.285  -96.340  34.964 0.1000000015
2587  -9.273  -95.118  33.654 0.1000000015
2600  -10.346  -94.941  32.241 0.1000000015
2057  -10.757  -96.009  32.772 0.1000000015
2601  -11.024  -95.674  31.897 0.1000000015
1126  -16.971  -98.502  31.216 0.1000000015
1135  -16.401  -98.356  30.978 0.1000000015
1586  -15.653  -97.085  31.763 0.1000000015
3709  -7.891  -93.567  37.740 0.1000000015
165042  -7.395  -94.195  35.860 0.1000000015
3181  -7.760  -93.863  35.119 0.1000000015
2586  -8.541  -94.874  34.277 0.1000000015
164612  -17.010  -101.766  23.731 0.1000000015
168  -16.466  -101.613  22.162 0.1000000015
2599  -9.490  -94.401  32.867 0.1000000015
329  -17.963  -102.058  25.294 0.1000000015
340  -17.559  -101.938  24.455 0.1000000015
181725  -9.959  -94.010  32.173 0.1000000015
341  -18.447  -101.665  24.512 0.1000000015
3797  -10.787  -93.295  31.414 0.1000000015
3232  -11.843  -94.091  30.644 0.1000000015
3233  -12.399  -94.044  30.686 0.1000000015
767  -17.452  -99.025  31.145 0.1000000015
180569  -11.334  -95.351  31.171 0.1000000015
3212  -13.136  -94.114  31.159 0.1000000015
2602  -13.858  -94.554  32.095 0.1000000015
2639  -11.800  -95.497  30.488 0.1000000015
166099  -12.138  -94.604  30.329 0.1000000015
3234  -12.879  -94.609  30.152 0.1000000015
2603  -14.619  -94.976  32.247 0.1000000015
1600  -17.656  -97.890  31.269 0.1000000015
2641  -13.601  -94.760  30.931 0.1000000015
2073  -14.406  -95.460  31.919 0.1000000015
1588  -16.932  -97.854  31.462 0.1000000015
2659  -13.543  -95.169  29.740 0.1000000015
2660  -14.273  -95.655  29.892 0.1000000015
2092  -14.603  -96.050  31.233 0.1000000015
1571  -15.641  -96.627  32.014 0.1000000015
168872  -7.786  -93.557  37.116 0.1000000015
3725  -9.080  -93.436  36.344 0.1000000015
3724  -8.140  -93.432  36.431 0.1000000015
3746  -8.579  -93.229  35.619 0.1000000015
4385  -8.729  -92.907  34.337 0.1000000015
3199  -9.565  -93.537  32.465 0.1000000015
3783  -10.065  -93.137  31.858 0.1000000015
3813  -11.965  -93.552  30.926 0.1000000015
3211  -12.726  -93.571  31.347 0.1000000015
3200  -13.467  -93.818  32.001 0.1000000015
3201  -13.984  -94.143  32.363 0.1000000015
3214  -15.034  -94.950  32.288 0.1000000015
2604  -15.265  -95.575  32.295 0.1000000015
2643  -16.459  -95.809  31.733 0.1000000015
2094  -17.124  -96.340  31.378 0.1000000015
2059  -14.981  -95.773  32.276 0.1000000015
2622  -15.871  -95.991  32.159 0.1000000015
1587  -16.220  -97.064  31.820 0.1000000015
3747  -9.441  -93.118  35.424 0.1000000015
159688  -10.596  -92.594  34.887 0.1000000015
4387  -10.133  -92.171  34.121 0.1000000015
4373  -9.781  -92.753  34.734 0.1000000015
4403  -10.245  -91.889  33.281 0.1000000015
4402  -9.527  -92.458  33.309 0.1000000015
4415  -10.221  -92.195  32.424 0.1000000015
4436  -11.761  -92.423  31.711 0.1000000015
182345  -13.045  -93.319  31.899 0.1000000015
2621  -15.730  -95.256  32.001 0.1000000015
5157  -10.877  -91.532  32.953 0.1000000015
4416  -11.163  -91.767  32.164 0.1000000015
5168  -11.727  -91.148  32.848 0.1000000015
4417  -12.294  -91.836  32.215 0.1000000015
174708  -13.293  -92.643  32.120 0.1000000015
180728  -17.658  -96.537  30.798 0.1000000015
3785  -13.532  -93.420  32.079 0.1000000015
181911  -16.985  -95.584  31.085 0.1000000015
3801  -15.178  -94.383  31.933 0.1000000015
166804  -8.493  -87.815  34.095 0.1000000015
8724  -8.902  -87.196  33.597 0.1000000015
9618  -8.510  -86.529  33.599 0.1000000015
19914  -20.619  -76.582  14.572 0.1000000015
8736  -9.511  -87.339  33.752 0.1000000015
188600  -8.198  -85.871  33.812 0.1000000015
10497  -8.643  -85.782  33.157 0.1000000015
10496  -8.166  -85.116  33.577 0.1000000015
10508  -9.194  -85.601  32.776 0.1000000015
18825  -18.049  -77.500  16.625 0.1000000015
9629  -9.967  -86.753  33.617 0.1000000015
11462  -7.700  -84.517  34.204 0.1000000015
11475  -8.662  -84.876  32.693 0.1000000015
161962  -9.374  -84.843  32.456 0.1000000015
11486  -8.473  -84.041  32.481 0.1000000015
18844  -20.160  -77.128  15.444 0.1000000015
19890  -18.771  -76.714  16.844 0.1000000015
18824  -17.082  -77.257  16.719 0.1000000015
19905  -16.319  -77.145  16.343 0.1000000015
19889  -17.707  -76.580  16.802 0.1000000015
161237  -18.201  -75.827  16.938 0.1000000015
20977  -16.914  -75.364  16.191 0.1000000015
20953  -17.608  -75.068  16.648 0.1000000015
158084  -7.571  -83.711  33.959 0.1000000015
12476  -7.623  -83.161  33.325 0.1000000015
13398  -7.729  -82.552  32.644 0.1000000015
12488  -8.706  -83.546  32.029 0.1000000015
167890  -7.973  -84.130  33.191 0.1000000015
12487  -8.064  -83.384  32.521 0.1000000015
13414  -8.358  -82.717  31.926 0.1000000015
26402  -16.838  -70.739  13.561 0.1000000015
27476  -17.672  -70.003  14.963 0.1000000015
12466  -7.337  -82.979  34.247 0.1000000015
174588  -8.358  -82.015  31.745 0.1000000015
13374  -7.398  -82.183  33.583 0.1000000015
13386  -7.604  -81.790  32.748 0.1000000015
14391  -7.720  -81.113  32.251 0.1000000015
29649  -23.356  -67.731  18.028 0.1000000015
27494  -18.188  -69.383  14.755 0.1000000015
27461  -18.929  -69.247  16.463 0.1000000015
27477  -18.198  -69.650  15.629 0.1000000015
23255  -17.305  -73.453  16.176 0.1000000015
25347  -16.686  -72.099  15.356 0.1000000015
14363  -7.496  -81.138  33.367 0.1000000015
29650  -24.836  -67.488  17.950 0.1000000015
29672  -20.652  -67.796  17.078 0.1000000015
29647  -21.904  -67.702  17.845 0.1000000015
28584  -19.330  -68.334  15.835 0.1000000015
28573  -19.635  -69.004  17.026 0.1000000015
30807  -23.700  -66.353  18.232 0.1000000015
20797  -15.584  -75.778  29.528 0.1000000015
30808  -24.994  -66.067  18.205 0.1000000015
30812  -22.159  -66.743  17.830 0.1000000015
26422  -17.332  -70.363  12.641 0.1000000015
27493  -17.787  -69.792  14.146 0.1000000015
28583  -18.670  -68.858  15.353 0.1000000015
29673  -21.265  -67.122  17.294 0.1000000015
26440  -16.940  -70.951  10.669 0.1000000015
182850  -18.286  -69.337  13.996 0.1000000015
25416  -15.838  -71.916  9.321 0.1000000015
21917  -14.998  -75.083  29.884 0.1000000015
21943  -16.426  -74.780  28.236 0.1000000015
21944  -17.233  -74.918  27.769 0.1000000015
21931  -14.829  -74.306  29.474 0.1000000015
23085  -15.199  -73.788  28.613 0.1000000015
21942  -15.958  -73.924  28.057 0.1000000015
186160  -25.611  -65.224  18.179 0.1000000015
29671  -20.028  -67.807  16.333 0.1000000015
25417  -16.448  -71.550  9.896 0.1000000015
26460  -17.538  -70.364  10.309 0.1000000015
26477  -16.810  -70.741  8.466 0.1000000015
23100  -15.579  -72.975  27.985 0.1000000015
164391  -16.869  -73.892  27.616 0.1000000015
23084  -14.449  -73.520  28.977 0.1000000015
23101  -16.349  -73.197  27.676 0.1000000015
30806  -22.849  -66.070  18.113 0.1000000015
31922  -24.330  -65.809  18.291 0.1000000015
33084  -26.223  -64.353  18.144 0.1000000015
30811  -21.494  -66.185  17.212 0.1000000015
176354  -19.852  -67.675  15.239 0.1000000015
29685  -20.396  -67.123  15.623 0.1000000015
30834  -20.981  -66.514  16.732 0.1000000015
27525  -18.494  -69.113  12.618 0.1000000015
166186  -19.741  -67.629  14.159 0.1000000015
30833  -20.659  -66.365  15.965 0.1000000015
28614  -19.425  -67.870  13.224 0.1000000015
29712  -19.727  -67.172  13.398 0.1000000015
29696  -20.271  -67.063  14.711 0.1000000015
27552  -17.924  -69.751  10.139 0.1000000015
28630  -18.820  -68.324  11.540 0.1000000015
29738  -19.138  -67.451  11.544 0.1000000015
186928  -19.595  -66.702  12.858 0.1000000015
30869  -19.853  -66.448  13.505 0.1000000015
29737  -18.864  -67.914  10.642 0.1000000015
29748  -19.095  -67.216  10.557 0.1000000015
29747  -19.029  -67.464  9.678 0.1000000015
30908  -19.474  -66.580  9.826 0.1000000015
24169  -15.002  -72.376  28.301 0.1000000015
31921  -23.504  -65.488  18.279 0.1000000015
34160  -24.920  -63.889  18.518 0.1000000015
31932  -22.094  -65.705  17.682 0.1000000015
33081  -23.319  -64.507  18.320 0.1000000015
172418  -24.151  -64.155  18.485 0.1000000015
31949  -21.006  -65.808  16.559 0.1000000015
31931  -21.469  -65.214  17.082 0.1000000015
31948  -20.693  -65.570  15.926 0.1000000015
31959  -20.512  -65.819  15.267 0.1000000015
187996  -17.966  -69.185  8.521 0.1000000015
27579  -17.790  -68.581  8.102 0.1000000015
28657  -18.684  -68.305  9.661 0.1000000015
29766  -18.092  -67.559  8.041 0.1000000015
30897  -19.430  -66.509  11.894 0.1000000015
30917  -19.172  -66.908  8.902 0.1000000015
24173  -19.144  -72.511  28.540 0.1000000015
34158  -23.484  -63.595  18.431 0.1000000015
33110  -21.373  -64.390  16.742 0.1000000015
33119  -20.602  -64.890  15.442 0.1000000015
27551  -16.192  -69.354  9.169 0.1000000015
28669  -16.905  -68.038  8.457 0.1000000015
177047  -20.203  -65.086  14.057 0.1000000015
27565  -17.353  -69.241  8.262 0.1000000015
29764  -17.174  -67.551  8.052 0.1000000015
30884  -19.646  -65.975  12.707 0.1000000015
30924  -17.159  -66.932  8.226 0.1000000015
25179  -20.469  -71.219  30.933 0.1000000015
25178  -19.668  -71.027  31.011 0.1000000015
29756  -16.918  -66.945  9.075 0.1000000015
183131  -16.502  -66.515  11.959 0.1000000015
30916  -17.116  -66.206  9.006 0.1000000015
32007  -16.803  -65.821  10.502 0.1000000015
32038  -17.784  -65.648  8.441 0.1000000015
25157  -20.920  -70.872  31.194 0.1000000015
31769  -3.680  -65.791  30.498 0.1000000015
31771  -5.097  -64.579  30.865 0.1000000015
32916  -7.745  -64.133  30.801 0.1000000015
182056  -14.942  -63.480  28.005 0.1000000015
175373  -16.902  -65.017  26.117 0.1000000015
39375  -17.072  -58.983  21.258 0.1000000015
38361  -17.430  -59.589  20.791 0.1000000015
173058  -16.275  -58.205  21.504 0.1000000015
40417  -17.275  -58.095  21.176 0.1000000015
41494  -15.674  -56.531  21.475 0.1000000015
40416  -16.448  -57.285  21.403 0.1000000015
185828  -18.222  -57.091  20.940 0.1000000015
41495  -16.735  -56.309  21.367 0.1000000015
42688  -17.433  -55.615  21.350 0.1000000015
157707  -16.285  -53.926  21.437 0.1000000015
43877  -18.125  -54.902  21.473 0.1000000015
158241  -17.014  -53.218  21.481 0.1000000015
157936  -18.380  -54.173  21.623 0.1000000015
47988  -17.317  -50.609  21.492 0.1000000015
53736  -15.383  -46.120  26.348 0.1000000015
163701  -4.800  -87.134  5.430 0.1000000015
27524  -17.943  -69.735  12.121 0.1000000015
26441  -17.455  -70.387  11.459 0.1000000015
27535  -18.450  -69.134  11.581 0.1000000015
26478  -17.565  -69.996  8.984 0.1000000015
43876  -16.946  -54.789  21.432 0.1000000015
49077  -16.839  -49.011  21.240 0.1000000015
49078  -17.517  -48.770  21.592 0.1000000015
787  -17.999  -100.002  30.425 0.1000000015
6325  -4.089  -89.789  8.009 0.1000000015
32912  -4.070  -65.068  30.096 0.1000000015
12465  -7.070  -82.916  35.007 0.1000000015
2028  -10.179  -96.950  35.208 0.1000000015
32914  -5.919  -64.036  30.667 0.1000000015
31789  -12.841  -64.912  29.330 0.1000000015
31818  -16.029  -65.784  27.082 0.1000000015
31802  -14.990  -65.221  27.873 0.1000000015
174970  -16.313  -64.954  26.798 0.1000000015
32989  -16.621  -64.165  26.424 0.1000000015
33999  -9.628  -63.497  30.357 0.1000000015
183810  -16.237  -63.750  26.741 0.1000000015
2579  -9.933  -95.968  33.938 0.1000000015
3192  -8.710  -94.174  33.639 0.1000000015
2620  -10.945  -94.753  31.391 0.1000000015
3771  -8.514  -93.388  33.963 0.1000000015
3772  -9.046  -93.352  33.132 0.1000000015
4435  -10.817  -92.544  31.641 0.1000000015
4401  -8.914  -92.835  33.761 0.1000000015
28597  -19.203  -68.373  13.820 0.1000000015
33082  -24.774  -64.595  18.440 0.1000000015
33096  -26.690  -64.562  17.802 0.1000000015
28642  -18.579  -68.724  10.639 0.1000000015
34168  -21.837  -64.009  17.315 0.1000000015
32938  -4.946  -63.952  29.636 0.1000000015
32973  -16.010  -64.146  27.024 0.1000000015
179898  -17.478  -57.201  21.195 0.1000000015
41496  -17.840  -56.442  21.175 0.1000000015
157706  -17.449  -54.058  21.520 0.1000000015
52559  -14.620  -46.743  26.435 0.1000000015
53735  -14.524  -45.940  26.232 0.1000000015
53750  -14.435  -45.228  25.837 0.1000000015
3  -8.155  -103.031  24.570 0.5000000000
5  -7.420  -102.552  23.304 0.6000000238
6  -7.634  -102.939  23.912 0.6000000238
7  -8.918  -103.067  23.447 0.5000000000
9  -12.837  -102.417  23.342 0.3000000119
11  -3.354  -101.766  22.049 0.8000000119
14  -7.978  -102.553  21.738 0.6999999881
19  -13.882  -101.782  22.318 0.3000000119
20  -14.813  -101.616  22.195 0.2000000030
23  -4.254  -101.424  20.850 0.6999999881
25  -8.094  -102.528  20.925 0.6000000238
28  -12.748  -102.080  22.158 0.3000000119
31  -14.846  -101.626  21.541 0.2000000030
33  -3.857  -101.583  20.866 0.6999999881
37  -7.854  -102.316  20.064 0.6999999881
41  -13.514  -101.762  21.084 0.3000000119
45  -5.646  -101.436  19.272 0.8000000119
46  -6.704  -101.658  18.868 0.6999999881
47  -7.758  -102.086  19.280 0.6000000238
48  -8.584  -102.323  19.459 0.6000000238
53  -7.421  -101.848  18.730 0.6000000238
55  -5.371  -101.652  18.147 0.6999999881
59  -12.337  -102.038  14.259 0.8000000119
60  -13.139  -102.029  14.149 0.8000000119
61  -13.831  -101.913  14.143 0.8000000119
62  -14.350  -101.698  14.175 0.6000000238
64  -9.093  -101.865  14.384 0.8000000119
65  -9.899  -101.877  14.228 0.8999999762
66  -10.674  -102.006  14.101 0.8000000119
67  -12.040  -102.097  14.143 0.8999999762
70  -14.151  -101.857  13.935 0.6999999881
72  -15.310  -101.610  13.741 0.6000000238
73  -9.421  -101.947  13.919 0.8000000119
75  -11.483  -102.159  13.947 0.8000000119
76  -12.735  -102.129  13.869 0.8999999762
77  -14.164  -101.811  13.469 0.6999999881
78  -14.747  -101.694  13.293 0.6999999881
81  -11.299  -101.797  13.169 0.8000000119
82  -12.573  -102.098  13.352 0.8000000119
83  -12.924  -101.949  13.008 0.8999999762
85  -15.131  -101.639  12.924 0.6999999881
90  -14.128  -101.632  12.409 0.5000000000
91  -14.792  -101.633  12.457 0.6000000238
92  -15.256  -101.579  12.442 0.6000000238
94  -8.828  -101.873  29.181 0.5000000000
96  -6.599  -101.805  28.282 0.5000000000
118  -12.216  -102.343  26.977 0.3000000119
125  -9.361  -102.491  25.860 0.5000000000
136  -8.733  -102.808  25.195 0.5000000000
144  -16.080  -101.966  24.107 0.2000000030
145  -2.447  -101.812  23.127 1.0000000000
149  -7.090  -102.314  23.357 0.6000000238
152  -14.339  -102.101  23.687 0.3000000119
164  -12.083  -102.240  23.294 0.3000000119
165  -12.476  -102.158  22.545 0.3000000119
171  -1.617  -101.068  21.385 0.8000000119
174  -4.764  -100.936  20.684 0.6999999881
182  -2.633  -101.510  20.600 0.6999999881
183  -9.194  -102.382  20.641 0.6000000238
187  -15.287  -101.503  20.395 0.2000000030
193  -9.065  -102.264  19.840 0.6000000238
194  -12.635  -101.508  20.091 0.3000000119
196  -13.894  -101.519  19.662 0.3000000119
197  -14.839  -101.401  19.849 0.3000000119
198  -2.897  -101.472  19.093 0.6999999881
200  -4.598  -101.588  18.365 0.6999999881
201  -6.845  -101.734  18.280 0.6000000238
203  -8.294  -101.992  18.795 0.6000000238
205  -3.990  -101.479  18.099 0.6999999881
207  -5.506  -101.612  17.888 0.6000000238
208  -6.244  -101.652  17.884 0.6000000238
210  -13.371  -101.368  14.713 0.6999999881
211  -15.077  -101.314  15.025 0.6000000238
212  -15.800  -101.223  15.493 0.4000000060
214  -7.495  -101.086  14.831 0.8000000119
215  -9.001  -101.550  14.829 0.8000000119
216  -9.947  -101.464  14.882 0.8999999762
217  -10.832  -101.666  14.693 0.8000000119
219  -12.633  -101.646  14.563 0.6999999881
220  -13.424  -101.647  14.440 0.6999999881
221  -14.876  -101.466  14.585 0.6000000238
228  -6.923  -101.170  13.902 0.8000000119
229  -7.488  -101.756  14.013 0.8000000119
231  -16.132  -101.478  13.709 0.5000000000
233  -17.392  -100.925  13.353 0.4000000060
236  -10.375  -101.703  13.207 0.8000000119
237  -16.856  -101.210  12.698 0.5000000000
239  -9.349  -101.540  12.191 0.8000000119
240  -10.188  -101.398  12.486 0.8000000119
247  -15.903  -101.404  11.889 0.6999999881
248  -16.516  -101.121  11.510 0.6999999881
251  -11.832  -100.807  12.157 0.8000000119
256  -12.821  -99.555  11.226 0.6999999881
264  -11.278  -100.400  33.110 0.5000000000
265  -11.973  -100.193  32.907 0.3000000119
268  -10.665  -100.695  32.266 0.5000000000
269  -11.458  -100.553  32.513 0.4000000060
270  -12.259  -100.487  32.109 0.4000000060
276  -12.615  -100.781  31.276 0.4000000060
282  -10.200  -101.380  30.312 0.5000000000
289  -9.567  -101.633  29.625 0.5000000000
295  -3.551  -101.287  28.381 0.8999999762
296  -7.195  -101.874  28.858 0.5000000000
304  -4.396  -101.264  27.475 0.8999999762
307  -16.634  -101.571  27.190 0.2000000030
313  -3.203  -101.585  26.818 1.0000000000
316  -6.457  -102.019  26.187 0.5000000000
339  -11.102  -100.901  24.794 0.5000000000
357  -6.263  -100.182  21.384 0.6999999881
364  -0.021  -100.659  21.629 0.8999999762
365  -0.764  -100.825  21.507 0.8000000119
368  -12.432  -101.162  21.619 0.3000000119
375  -12.334  -101.188  20.491 0.4000000060
380  0.250  -100.552  19.675 0.8000000119
383  -9.341  -101.568  19.662 0.6000000238
384  -12.609  -101.392  19.373 0.3000000119
386  -13.560  -101.304  18.958 0.3000000119
387  -15.096  -101.050  19.552 0.2000000030
390  -1.236  -100.697  18.889 0.8000000119
397  -12.727  -101.277  18.730 0.3000000119
402  -3.398  -101.069  17.791 0.6999999881
408  -2.800  -100.568  17.475 0.6999999881
416  -16.244  -101.009  16.089 0.4000000060
420  -7.780  -100.479  14.669 0.8000000119
423  -10.626  -101.210  15.111 0.8999999762
424  -11.431  -101.247  15.048 0.8000000119
425  -12.208  -101.048  14.947 0.6000000238
426  -12.913  -101.030  14.923 0.6000000238
428  -14.647  -100.937  15.231 0.6000000238
433  -6.857  -100.650  13.520 0.8000000119
436  -19.313  -100.136  12.889 0.4000000060
437  -7.085  -100.538  12.924 0.8000000119
438  -7.784  -100.901  12.659 0.8000000119
447  -18.613  -100.390  11.603 0.4000000060
453  -16.942  -100.370  10.915 0.6999999881
466  -14.002  -98.538  9.057 0.6000000238
468  -16.518  -99.084  7.552 0.6999999881
469  -17.211  -99.773  7.475 0.6999999881
472  -14.843  -98.820  7.709 0.6999999881
475  -16.118  -100.356  7.159 0.6999999881
477  -8.170  -99.523  36.372 0.3000000119
480  -10.401  -99.359  35.759 0.4000000060
481  -10.786  -99.376  35.390 0.4000000060
483  -8.961  -99.734  35.429 0.4000000060
487  -11.517  -99.309  34.605 0.3000000119
492  -10.602  -99.852  34.303 0.4000000060
493  -11.312  -99.741  34.169 0.3000000119
495  -7.454  -100.206  33.154 0.5000000000
498  -12.136  -99.731  33.282 0.3000000119
500  -7.991  -100.457  32.736 0.4000000060
502  -13.047  -99.829  31.994 0.4000000060
507  -4.326  -100.578  30.378 0.8000000119
512  -4.512  -101.098  29.056 0.8999999762
520  -2.580  -100.762  28.377 0.8999999762
530  -0.885  -99.986  27.753 0.5000000000
533  -6.271  -101.090  27.508 0.5000000000
542  -2.144  -101.047  26.903 1.0000000000
552  0.209  -99.503  25.690 0.6000000238
554  -4.385  -101.169  25.436 0.8000000119
559  0.088  -100.151  24.992 0.6999999881
567  1.224  -99.433  23.199 0.5000000000
579  1.250  -99.734  22.489 0.8000000119
582  -4.833  -100.011  21.651 0.6999999881
586  -12.363  -100.363  22.751 0.3000000119
612  1.109  -100.312  19.889 0.8000000119
619  0.793  -100.302  18.355 0.8000000119
634  -11.911  -100.451  17.661 0.3000000119
636  -16.832  -100.116  17.401 0.2000000030
639  -18.875  -100.162  17.221 0.2000000030
641  0.942  -99.614  17.065 0.6999999881
642  -0.205  -99.771  17.063 0.8000000119
643  -1.520  -99.903  17.139 0.8000000119
644  -2.263  -99.973  17.192 0.6999999881
646  -4.340  -99.763  17.122 0.8000000119
648  -15.982  -100.718  16.266 0.4000000060
651  -18.501  -100.484  16.724 0.2000000030
658  -6.914  -98.658  13.031 0.8000000119
660  -7.429  -99.476  13.777 0.8999999762
662  -9.145  -100.777  15.061 0.8999999762
666  -13.477  -100.818  14.915 0.6999999881
669  -18.137  -100.608  15.759 0.4000000060
672  -6.302  -97.737  12.629 0.6999999881
676  -13.975  -100.332  14.738 0.6000000238
679  -20.046  -99.887  14.554 0.2000000030
680  -6.576  -98.882  12.975 0.8000000119
689  -7.123  -99.789  11.876 0.6999999881
692  -19.848  -99.689  11.454 0.3000000119
696  -15.184  -98.902  10.241 0.6999999881
701  -9.460  -100.029  10.080 0.5000000000
704  -14.747  -97.944  9.222 0.6999999881
705  -11.073  -99.261  9.717 0.6999999881
708  -13.583  -96.969  8.889 0.6999999881
710  -16.870  -98.986  7.597 0.6999999881
711  -17.921  -99.181  7.650 0.6999999881
715  -14.378  -97.905  7.702 0.6999999881
718  -18.387  -99.111  7.579 0.6999999881
719  -13.858  -99.429  7.365 0.6999999881
722  -16.195  -100.162  6.554 0.6999999881
723  -17.233  -100.163  6.807 0.6999999881
724  -17.801  -99.839  7.170 0.6999999881
725  -18.419  -99.271  7.266 0.6999999881
727  -16.716  -100.013  5.947 0.6999999881
730  -18.411  -99.358  6.710 0.6999999881
733  -7.770  -98.486  38.871 0.3000000119
739  -9.106  -98.925  37.396 0.3000000119
740  -9.874  -98.906  37.077 0.3000000119
743  -8.712  -99.235  37.003 0.3000000119
750  -11.202  -99.177  35.270 0.3000000119
754  -6.738  -99.322  33.546 0.5000000000
755  -12.359  -99.467  33.118 0.3000000119
756  -2.344  -98.996  32.847 0.8000000119
758  -3.848  -99.407  32.379 0.8000000119
762  -3.628  -99.861  31.960 0.8999999762
768  -17.809  -99.106  31.170 0.1000000015
772  -4.685  -100.112  30.994 0.8000000119
776  -17.666  -99.436  30.941 0.1000000015
793  -4.693  -99.597  28.138 1.0000000000
803  -7.971  -99.450  27.019 0.6999999881
809  -0.130  -99.245  26.684 0.3000000119
822  -4.964  -98.950  24.330 0.8000000119
832  -7.097  -98.456  24.348 0.8000000119
836  -5.527  -99.190  22.702 0.8000000119
837  -6.146  -99.158  22.884 0.8000000119
839  -11.649  -99.369  23.208 0.4000000060
843  -5.098  -99.505  22.085 0.8000000119
851  2.119  -98.920  21.097 0.8000000119
854  -10.700  -98.988  22.234 0.4000000060
873  2.339  -98.982  19.434 0.6000000238
886  -13.298  -99.664  17.741 0.3000000119
887  -14.177  -99.562  18.564 0.2000000030
888  2.463  -98.903  18.055 0.8000000119
896  -17.162  -99.620  17.726 0.2000000030
899  2.119  -99.139  16.885 0.8000000119
900  1.643  -99.041  16.413 0.8000000119
907  -16.062  -99.246  17.045 0.2000000030
909  -20.759  -99.151  15.973 0.2000000030
910  2.054  -98.621  15.494 0.5000000000
912  0.623  -98.621  16.215 0.8000000119
923  -20.485  -99.587  15.696 0.2000000030
929  -1.672  -97.321  16.245 0.8000000119
930  -6.043  -96.710  12.861 0.8000000119
931  -6.624  -97.387  12.612 0.6999999881
934  -8.320  -97.799  13.121 0.6999999881
939  -14.509  -99.670  14.726 0.4000000060
943  -5.965  -98.164  12.582 0.6999999881
945  -21.735  -99.346  13.762 0.2000000030
947  -5.427  -97.648  12.563 0.6999999881
949  -6.497  -99.154  12.053 0.6999999881
953  -6.032  -98.475  11.837 0.6000000238
956  -20.511  -99.447  11.140 0.3000000119
959  -6.976  -98.901  10.968 0.5000000000
960  -7.727  -99.137  10.930 0.6999999881
963  -18.235  -99.692  10.767 0.4000000060
964  -19.234  -99.584  10.817 0.3000000119
965  -20.094  -99.389  10.846 0.3000000119
967  -8.084  -98.970  10.121 0.6999999881
981  -13.094  -99.550  7.754 0.8000000119
982  -13.532  -98.926  7.685 0.8000000119
984  -12.726  -99.182  7.072 0.6000000238
988  -18.878  -98.954  6.900 0.6999999881
993  -17.336  -99.207  5.779 0.6000000238
997  -18.701  -98.229  6.064 0.6000000238
1022  -5.084  -98.526  40.541 0.2000000030
1023  -6.035  -98.479  40.817 0.2000000030
1024  -6.656  -98.202  40.660 0.2000000030
1025  -7.059  -98.048  40.408 0.2000000030
1042  -7.392  -98.095  39.894 0.2000000030
1057  -4.072  -98.251  38.103 0.4000000060
1060  -8.157  -98.369  38.523 0.2000000030
1071  -4.686  -98.547  37.843 0.4000000060
1073  -8.670  -98.288  38.158 0.3000000119
1086  -10.531  -98.766  36.439 0.3000000119
1087  -11.183  -98.804  35.637 0.3000000119
1093  -4.883  -98.407  35.829 0.4000000060
1100  -5.504  -98.451  34.720 0.4000000060
1102  -11.631  -98.675  34.998 0.2000000030
1109  -11.849  -98.556  34.420 0.3000000119
1115  -1.063  -98.247  32.911 0.6000000238
1124  -7.983  -98.167  31.225 0.6000000238
1127  -17.524  -98.599  31.234 0.1000000015
1129  -1.439  -98.905  31.236 0.6000000238
1133  -12.557  -98.033  30.204 0.4000000060
1158  -9.649  -97.683  27.356 0.6000000238
1159  -14.212  -98.214  27.244 0.4000000060
1168  -8.617  -98.218  26.288 0.6999999881
1175  0.406  -98.886  25.171 0.2000000030
1179  -6.349  -98.018  24.645 0.8000000119
1195  -0.071  -98.267  23.478 0.2000000030
1202  1.585  -98.869  22.456 0.4000000060
1203  1.151  -98.631  22.779 0.5000000000
1207  -12.067  -99.004  22.830 0.4000000060
1218  1.385  -98.416  22.029 0.3000000119
1233  -10.824  -97.377  20.860 0.4000000060
1256  2.489  -98.653  18.840 0.6000000238
1263  3.175  -97.760  17.160 0.6000000238
1266  -8.002  -98.104  17.506 0.6999999881
1272  -18.235  -99.262  17.684 0.2000000030
1274  3.233  -97.762  16.167 0.4000000060
1286  3.066  -98.065  15.332 0.6000000238
1287  2.642  -98.410  15.565 0.5000000000
1290  -4.984  -97.395  15.430 0.8999999762
1293  -15.418  -98.864  15.457 0.3000000119
1298  1.290  -98.087  14.648 0.8000000119
1306  -6.732  -96.316  13.164 0.8999999762
1315  -15.234  -98.267  14.874 0.3000000119
1320  0.068  -97.818  14.307 0.6999999881
1328  -23.789  -98.439  13.617 0.2000000030
1329  -24.341  -98.178  13.728 0.1000000015
1330  -4.277  -96.803  13.055 0.6999999881
1336  -4.944  -97.563  11.989 0.5000000000
1341  -18.763  -98.575  11.131 0.4000000060
1346  -6.120  -97.914  10.963 0.4000000060
1349  -15.874  -98.669  10.581 0.6000000238
1357  -8.049  -98.108  10.021 0.3000000119
1363  -10.712  -98.762  8.723 0.4000000060
1370  -11.507  -98.497  7.661 0.5000000000
1371  -19.508  -98.130  7.286 0.6000000238
1377  -16.132  -98.298  5.663 0.6999999881
1379  -19.454  -97.840  6.465 0.6000000238
1382  -18.541  -97.614  5.871 0.5000000000
1383  -19.088  -97.255  5.832 0.6000000238
1439  -6.151  -96.721  44.058 0.1000000015
1451  -2.738  -97.064  41.129 0.2000000030
1485  -3.285  -97.758  39.308 0.2000000030
1525  -10.493  -98.204  36.537 0.3000000119
1537  -10.030  -97.444  36.082 0.2000000030
1547  -11.562  -98.060  34.696 0.2000000030
1553  -2.350  -97.751  33.578 0.8999999762
1563  -0.576  -97.671  32.854 0.6000000238
1568  -7.175  -97.417  32.067 0.6000000238
1579  0.563  -96.666  31.612 0.3000000119
1581  -3.711  -97.270  32.610 0.8999999762
1584  -11.851  -97.203  31.651 0.3000000119
1598  -15.743  -97.571  31.100 0.2000000030
1599  -16.301  -97.756  31.477 0.1000000015
1629  -9.820  -96.933  27.184 0.6000000238
1632  -15.337  -97.858  26.945 0.3000000119
1639  -8.259  -97.192  26.059 0.6999999881
1648  -2.097  -97.455  26.813 0.1000000015
1668  -0.880  -97.847  23.178 0.2000000030
1692  1.648  -98.225  21.414 0.4000000060
1713  -11.108  -97.248  20.570 0.3000000119
1739  -11.090  -97.133  18.133 0.3000000119
1751  -16.974  -97.181  18.416 0.2000000030
1763  -4.056  -96.823  15.068 0.8000000119
1770  2.943  -97.675  14.474 0.5000000000
1773  -8.450  -96.154  12.919 0.6999999881
1786  2.749  -97.119  13.700 0.4000000060
1789  0.476  -97.534  14.060 0.5000000000
1792  -2.390  -96.634  13.834 0.6000000238
1802  -3.734  -96.718  12.920 0.6000000238
1806  -23.617  -97.782  12.008 0.1000000015
1809  -4.734  -96.815  11.808 0.5000000000
1814  -19.290  -97.795  11.349 0.4000000060
1819  -6.208  -97.115  10.659 0.3000000119
1822  -21.114  -98.163  10.836 0.3000000119
1837  -19.668  -97.705  7.879 0.6000000238
1841  -20.040  -97.325  7.662 0.6000000238
1846  -20.033  -97.365  7.285 0.6000000238
1847  -20.329  -96.844  6.859 0.6000000238
1854  -13.001  -96.575  5.026 0.4000000060
1855  -13.678  -96.771  5.037 0.4000000060
1859  -19.450  -96.624  5.252 0.6000000238
1862  -15.070  -96.283  4.572 0.4000000060
1866  -18.855  -96.348  4.756 0.5000000000
1867  -19.257  -96.290  4.550 0.6000000238
1871  -19.452  -95.903  3.834 0.6000000238
1892  -5.492  -96.791  46.104 0.1000000015
1908  -3.197  -95.861  44.162 0.1000000015
1909  -4.203  -96.547  44.457 0.1000000015
1917  -3.645  -96.581  43.718 0.1000000015
1926  -3.282  -96.834  42.809 0.2000000030
1936  -1.986  -95.796  40.933 0.2000000030
1976  -2.160  -96.575  38.810 0.2000000030
1989  -2.612  -96.427  37.659 0.3000000119
2006  -3.579  -96.734  36.372 0.3000000119
2007  -4.051  -97.179  35.947 0.4000000060
2008  -7.465  -96.000  36.748 0.2000000030
2027  -9.474  -96.816  35.591 0.1000000015
2050  0.174  -96.015  32.818 0.6999999881
2060  -15.446  -96.164  32.216 0.1000000015
2061  -15.905  -96.466  32.081 0.1000000015
2074  -15.067  -96.396  32.046 0.1000000015
2075  -16.408  -96.482  31.880 0.1000000015
2076  -16.966  -97.141  31.581 0.1000000015
2095  -17.509  -97.041  31.219 0.1000000015
2100  1.379  -96.079  29.383 0.4000000060
2107  -14.616  -96.154  29.141 0.2000000030
2113  0.195  -97.114  28.550 0.1000000015
2115  -13.232  -96.085  28.453 0.2000000030
2131  -9.882  -96.273  27.461 0.6000000238
2133  -15.202  -97.309  27.488 0.2000000030
2145  -9.122  -96.156  26.682 0.6000000238
2154  0.550  -96.653  25.660 0.1000000015
2218  -14.055  -95.806  20.130 0.2000000030
2225  1.122  -96.706  19.548 0.2000000030
2243  -3.575  -95.711  19.131 0.1000000015
2244  -9.300  -95.960  18.238 0.5000000000
2248  -13.575  -96.196  18.777 0.2000000030
2271  -12.844  -96.026  16.590 0.4000000060
2273  -17.659  -95.626  17.274 0.2000000030
2296  -26.376  -96.840  14.806 0.1000000015
2298  2.604  -96.513  13.135 0.4000000060
2299  -0.400  -96.395  13.819 0.4000000060
2300  -1.118  -96.279  13.725 0.5000000000
2301  -11.620  -95.882  13.374 0.5000000000
2309  -2.586  -96.172  12.928 0.5000000000
2338  -6.651  -96.525  10.050 0.1000000015
2339  -7.544  -96.542  9.905 0.2000000030
2343  -7.095  -95.924  9.526 0.1000000015
2345  -8.636  -96.299  8.842 0.1000000015
2346  -15.293  -96.506  7.911 0.4000000060
2349  -20.042  -96.472  7.771 0.6999999881
2355  -20.444  -96.562  7.008 0.6999999881
2356  -10.317  -95.516  7.201 0.1000000015
2357  -10.905  -95.862  6.839 0.2000000030
2358  -11.558  -96.326  6.631 0.2000000030
2359  -20.487  -96.263  6.398 0.6000000238
2363  -20.518  -95.953  5.706 0.6000000238
2368  -20.416  -95.667  5.002 0.5000000000
2373  -16.466  -95.914  4.320 0.6000000238
2376  -19.953  -95.745  4.089 0.6000000238
2377  -20.275  -95.453  4.329 0.6000000238
2381  -18.330  -95.777  3.345 0.6000000238
2384  -20.056  -95.220  3.755 0.5000000000
2386  -17.996  -95.443  2.446 0.5000000000
2388  -19.099  -95.061  2.750 0.5000000000
2389  -19.445  -95.383  3.243 0.5000000000
2435  -2.927  -95.459  45.601 0.1000000015
2466  -6.591  -95.586  43.020 0.1000000015
2497  -5.706  -95.407  40.338 0.2000000030
2509  -1.588  -95.538  39.737 0.2000000030
2510  -5.720  -94.780  40.251 0.2000000030
2546  -2.482  -95.076  36.665 0.3000000119
2548  -7.103  -94.996  36.430 0.2000000030
2564  -3.479  -95.029  35.701 0.3000000119
2575  -4.491  -95.250  34.673 0.6000000238
2577  -8.533  -95.644  34.882 0.2000000030
2595  -0.466  -96.358  33.108 0.6999999881
2597  -6.468  -95.580  32.509 0.6000000238
2619  -8.261  -95.631  30.618 0.6000000238
2632  1.105  -95.273  31.345 0.6000000238
2633  -2.299  -95.066  31.464 1.0000000000
2640  -12.428  -95.226  29.770 0.2000000030
2642  -14.070  -95.354  30.771 0.1000000015
2652  1.475  -95.151  29.612 0.4000000060
2674  -9.812  -95.579  27.799 0.6000000238
2681  1.734  -95.150  27.711 0.6000000238
2689  1.910  -95.225  26.132 0.5000000000
2691  -9.283  -95.548  26.817 0.6000000238
2692  -9.234  -94.883  26.971 0.6000000238
2699  2.011  -95.873  25.301 0.2000000030
2707  1.737  -96.156  24.597 0.2000000030
2772  -14.407  -95.582  20.633 0.2000000030
2790  -3.194  -95.493  18.499 0.1000000015
2802  2.159  -95.817  17.174 0.2000000030
2811  -17.133  -95.132  17.860 0.2000000030
2827  -13.722  -94.852  15.162 0.3000000119
2830  -18.794  -94.543  15.905 0.2000000030
2833  -26.139  -96.281  15.433 0.1000000015
2838  -10.506  -95.346  13.778 0.5000000000
2841  -13.297  -95.029  14.362 0.4000000060
2843  -15.022  -95.516  14.916 0.2000000030
2846  -22.941  -95.927  14.316 0.1000000015
2849  -25.500  -96.669  15.274 0.1000000015
2852  -10.940  -95.946  13.336 0.5000000000
2853  -12.700  -95.492  13.567 0.4000000060
2857  -16.044  -95.427  12.037 0.4000000060
2865  -2.980  -95.433  12.063 0.1000000015
2868  -15.401  -95.305  11.257 0.4000000060
2870  -20.680  -96.144  11.251 0.2000000030
2877  -5.427  -96.191  10.796 0.1000000015
2878  -15.532  -94.652  10.163 0.4000000060
2892  -25.187  -95.142  10.069 0.1000000015
2898  -8.409  -95.004  8.203 0.1000000015
2899  -9.051  -94.998  7.751 0.1000000015
2900  -9.732  -95.201  7.693 0.1000000015
2911  -12.752  -93.471  5.932 0.1000000015
2914  -20.512  -95.140  4.576 0.5000000000
2915  -14.536  -93.079  5.081 0.1000000015
2917  -13.207  -94.997  3.059 0.4000000060
2923  -14.238  -95.019  2.354 0.3000000119
2926  -19.732  -94.959  3.224 0.5000000000
2930  -15.902  -95.138  1.628 0.5000000000
2932  -18.888  -94.344  2.242 0.5000000000
2933  -19.361  -94.480  2.704 0.5000000000
2942  -19.035  -93.813  2.135 0.5000000000
2944  -14.761  -94.695  -0.319 0.5000000000
2948  -17.968  -94.037  0.699 0.5000000000
2953  -16.170  -94.585  -0.811 0.4000000060
2954  -17.153  -94.294  -0.479 0.4000000060
2955  -17.739  -93.780  -0.002 0.5000000000
3076  -5.870  -94.660  40.709 0.1000000015
3077  -5.954  -94.708  41.336 0.1000000015
3152  -7.025  -94.184  36.615 0.1000000015
3178  -2.654  -93.980  34.416 0.4000000060
3182  -8.135  -94.019  34.403 0.1000000015
3188  -4.007  -94.129  33.669 0.5000000000
3191  -5.945  -94.306  33.041 0.6000000238
3209  -10.513  -93.995  31.608 0.1000000015
3210  -11.271  -93.883  31.053 0.1000000015
3225  1.032  -94.719  30.785 0.6000000238
3245  1.269  -94.786  29.108 0.6999999881
3272  -4.336  -94.108  28.588 0.8999999762
3274  -6.385  -94.063  28.117 0.8000000119
3276  -9.634  -94.669  27.798 0.6000000238
3286  0.044  -94.272  26.679 1.0000000000
3287  -0.911  -94.231  26.953 1.0000000000
3290  -8.877  -94.156  27.126 0.8000000119
3298  1.705  -94.536  26.493 0.6000000238
3318  2.130  -94.721  23.293 0.2000000030
3349  -15.299  -94.771  20.955 0.2000000030
3367  -15.006  -94.522  20.198 0.2000000030
3368  -16.248  -94.077  20.539 0.2000000030
3392  -13.970  -95.033  18.631 0.2000000030
3407  -14.365  -94.757  17.477 0.2000000030
3421  -17.992  -94.178  16.905 0.2000000030
3428  -14.246  -94.740  16.040 0.2000000030
3430  -19.850  -93.762  15.478 0.1000000015
3478  -24.296  -94.581  9.238 0.1000000015
3501  -20.366  -94.192  4.325 0.5000000000
3508  -19.775  -94.047  3.041 0.5000000000
3511  -15.060  -93.109  2.071 0.4000000060
3516  -18.947  -93.420  1.705 0.5000000000
3517  -12.139  -92.061  0.544 0.3000000119
3518  -13.429  -91.643  1.006 0.3000000119
3519  -15.154  -92.817  1.342 0.3000000119
3520  -15.035  -93.277  0.906 0.4000000060
3522  -18.308  -92.993  0.542 0.5000000000
3525  -13.556  -92.340  1.196 0.4000000060
3527  -15.322  -93.246  -0.222 0.5000000000
3528  -15.338  -93.785  -1.027 0.5000000000
3529  -15.899  -94.047  -1.242 0.3000000119
3531  -17.952  -93.196  -0.342 0.5000000000
3534  -12.121  -92.222  -0.772 0.3000000119
3537  -14.929  -93.067  0.355 0.4000000060
3541  -17.321  -93.542  -1.284 0.5000000000
3542  -17.794  -93.280  -0.913 0.6000000238
3679  -0.336  -93.365  40.032 0.1000000015
3697  -0.308  -93.060  38.001 0.1000000015
3698  -6.856  -93.878  38.296 0.1000000015
3706  -0.647  -93.390  37.418 0.2000000030
3708  -7.233  -93.735  37.584 0.1000000015
3722  -1.278  -93.561  36.376 0.3000000119
3723  -7.450  -93.739  36.653 0.1000000015
3745  -7.865  -93.519  35.740 0.1000000015
3757  -8.268  -93.295  34.853 0.1000000015
3770  -5.352  -93.956  33.145 0.5000000000
3778  -3.205  -93.555  32.648 0.4000000060
3782  -9.559  -92.869  32.528 0.1000000015
3784  -12.785  -92.786  31.979 0.1000000015
3798  -11.445  -93.102  31.299 0.1000000015
3799  -12.266  -93.077  31.487 0.1000000015
3811  -8.008  -93.016  30.272 0.6000000238
3840  -3.706  -93.690  27.872 0.8000000119
3844  -9.160  -93.035  27.959 0.6000000238
3845  -9.437  -93.879  28.254 0.6000000238
3865  -9.016  -93.516  27.460 0.6000000238
3883  -1.296  -92.697  25.683 1.0000000000
3884  -1.853  -92.818  25.649 0.8999999762
3885  -2.550  -92.449  25.708 0.8000000119
3886  -3.326  -92.332  25.796 0.8000000119
3892  1.814  -93.657  24.330 0.3000000119
3893  1.594  -93.415  24.928 0.6000000238
3909  2.090  -94.034  22.583 0.1000000015
3941  -16.653  -93.771  19.912 0.1000000015
3959  -16.516  -93.737  19.326 0.1000000015
3960  -17.201  -93.583  19.325 0.1000000015
3997  -18.318  -93.641  17.142 0.1000000015
4032  -18.491  -93.669  12.158 0.1000000015
4061  -26.559  -94.048  9.780 0.1000000015
4073  -25.606  -93.046  6.497 0.2000000030
4079  -25.109  -93.075  5.306 0.2000000030
4084  -20.162  -93.536  4.393 0.6000000238
4086  -24.877  -92.823  4.453 0.2000000030
4088  -26.112  -92.931  5.362 0.2000000030
4091  -19.522  -92.826  3.201 0.3000000119
4092  -25.043  -92.617  3.634 0.2000000030
4096  -19.327  -92.836  2.556 0.5000000000
4099  -24.747  -92.320  2.938 0.2000000030
4105  -24.372  -92.034  2.312 0.2000000030
4111  -10.250  -92.772  -0.033 0.1000000015
4112  -11.149  -92.532  -0.231 0.1000000015
4115  -10.067  -92.964  -1.610 0.1000000015
4117  -18.079  -92.937  -0.842 0.6000000238
4118  -18.311  -92.503  -0.596 0.6000000238
4119  -10.574  -93.000  -2.052 0.1000000015
4125  -15.589  -92.854  -1.697 0.3000000119
4126  -16.198  -93.178  -1.949 0.5000000000
4127  -17.076  -93.239  -1.780 0.6000000238
4132  -11.935  -92.609  -2.207 0.3000000119
4133  -12.420  -92.064  -1.691 0.3000000119
4135  -15.102  -92.014  -1.280 0.5000000000
4346  -0.552  -92.559  37.399 0.1000000015
4372  -8.964  -92.886  34.882 0.1000000015
4386  -9.309  -92.612  34.195 0.1000000015
4397  0.855  -91.836  33.087 1.0000000000
4400  -3.061  -92.637  32.663 0.4000000060
4412  0.724  -92.139  32.637 1.0000000000
4413  0.179  -92.114  32.613 1.0000000000
4427  1.016  -92.303  31.359 1.0000000000
4434  -7.431  -92.637  30.443 0.6000000238
4449  -4.840  -92.051  30.174 0.6000000238
4464  1.273  -92.083  29.687 1.0000000000
4467  -0.265  -92.224  29.283 1.0000000000
4483  1.279  -92.064  28.775 1.0000000000
4487  -8.714  -92.148  28.034 0.6000000238
4506  -8.024  -92.357  27.315 0.6000000238
4507  -8.645  -92.648  27.603 0.6000000238
4525  -3.959  -92.270  25.945 0.8000000119
4527  -5.487  -91.966  26.437 0.8000000119
4537  -1.931  -92.356  25.692 0.8999999762
4538  -3.110  -91.976  25.705 0.8999999762
4585  2.058  -92.774  20.922 0.1000000015
4672  -16.871  -93.134  12.146 0.2000000030
4700  2.015  -91.771  10.154 0.3000000119
4707  -16.608  -92.781  9.883 0.1000000015
4723  -24.842  -92.768  6.209 0.2000000030
4738  -24.165  -92.498  4.242 0.1000000015
4740  -25.678  -92.624  4.652 0.2000000030
4745  -23.966  -92.193  3.374 0.1000000015
4746  -25.417  -92.370  3.834 0.2000000030
4749  -19.210  -92.025  2.870 0.4000000060
4757  -21.942  -90.940  1.129 0.2000000030
4760  -24.691  -91.882  2.011 0.2000000030
4761  -25.038  -91.807  2.156 0.2000000030
4764  -18.952  -92.050  1.199 0.2000000030
4769  -24.652  -91.518  1.562 0.2000000030
4773  -15.616  -91.999  0.955 0.4000000060
4782  -15.054  -92.338  0.210 0.5000000000
4788  -9.646  -92.537  -2.221 0.1000000015
4789  -17.432  -92.243  -2.267 0.5000000000
4791  -18.522  -92.016  -1.205 0.6000000238
4795  -10.565  -92.314  -3.061 0.1000000015
4799  -14.037  -91.574  -0.942 0.5000000000
4801  -15.899  -92.167  -2.211 0.5000000000
4802  -16.528  -92.049  -2.578 0.6000000238
4804  -10.083  -91.936  -3.373 0.1000000015
4806  -11.836  -92.002  -3.227 0.3000000119
4807  -12.392  -91.628  -2.918 0.3000000119
4808  -12.893  -91.114  -2.857 0.4000000060
5123  -2.175  -91.819  34.856 0.4000000060
5140  0.883  -90.989  34.076 1.0000000000
5153  0.837  -91.460  33.540 1.0000000000
5165  1.201  -91.720  32.517 1.0000000000
5166  -0.520  -91.471  32.455 1.0000000000
5195  1.367  -92.045  30.877 1.0000000000
5196  -0.773  -92.127  30.710 1.0000000000
5220  -8.171  -91.592  28.017 0.6000000238
5248  -1.177  -91.842  26.399 0.8999999762
5253  -5.847  -91.212  26.973 0.6999999881
5254  -6.800  -91.511  27.248 0.6000000238
5270  -3.029  -91.226  26.307 0.8999999762
5272  -4.061  -91.617  26.089 0.6999999881
5319  1.885  -91.368  21.202 0.1000000015
5427  2.327  -91.308  12.458 0.4000000060
5438  2.726  -91.326  11.016 0.2000000030
5449  2.924  -91.109  10.468 0.2000000030
5450  1.283  -91.570  10.916 0.1000000015
5452  -0.158  -91.266  10.917 0.2000000030
5459  2.531  -91.207  9.967 0.2000000030
5460  1.845  -90.986  9.978 0.3000000119
5464  -2.949  -91.189  9.696 0.2000000030
5473  -3.984  -91.184  8.772 0.1000000015
5495  -19.926  -91.896  5.935 0.2000000030
5497  -24.434  -91.975  6.431 0.2000000030
5504  -19.820  -91.888  5.000 0.3000000119
5507  -25.965  -91.597  4.747 0.2000000030
5525  -19.313  -91.330  2.235 0.2000000030
5527  -22.847  -91.242  2.506 0.2000000030
5533  -22.374  -91.159  1.716 0.2000000030
5539  -24.376  -91.171  0.855 0.2000000030
5543  -14.445  -91.918  2.209 0.6000000238
5544  -15.619  -91.773  0.700 0.4000000060
5545  -22.896  -90.925  0.131 0.2000000030
5550  -13.766  -90.986  -1.213 0.4000000060
5551  -14.664  -91.859  -0.177 0.5000000000
5553  -19.778  -90.728  -0.460 0.3000000119
5560  -15.226  -91.588  -1.421 0.3000000119
5561  -19.060  -90.837  -1.640 0.5000000000
5563  -20.624  -90.463  -0.620 0.3000000119
5566  -9.482  -91.768  -3.178 0.1000000015
5568  -14.132  -91.531  -1.039 0.5000000000
5571  -16.709  -91.344  -2.901 0.6000000238
5575  -10.318  -91.387  -3.235 0.1000000015
5576  -11.111  -91.190  -3.500 0.1000000015
5944  -1.706  -90.407  37.229 0.1000000015
5975  1.036  -90.730  34.319 1.0000000000
5976  0.793  -90.478  34.620 1.0000000000
5991  1.152  -90.877  33.622 1.0000000000
6002  1.275  -91.024  32.702 1.0000000000
6028  -1.985  -90.399  30.254 0.6999999881
6061  1.664  -90.723  28.236 0.8000000119
6116  1.069  -90.169  24.347 0.4000000060
6230  2.041  -90.642  16.545 0.1000000015
6273  2.489  -90.778  11.726 0.5000000000
6287  2.806  -90.935  11.076 0.2000000030
6299  -17.532  -90.744  10.752 0.1000000015
6301  2.810  -90.700  10.073 0.5000000000
6303  1.548  -90.359  9.923 0.3000000119
6304  0.890  -90.156  10.022 0.5000000000
6315  1.901  -89.662  9.629 0.6000000238
6316  -3.140  -90.884  9.001 0.2000000030
6348  -23.551  -90.568  6.389 0.2000000030
6358  -25.999  -90.663  4.951 0.2000000030
6375  -25.411  -91.338  2.876 0.2000000030
6379  -20.215  -90.300  2.260 0.2000000030
6380  -21.101  -90.058  2.393 0.2000000030
6388  -24.595  -90.494  0.808 0.2000000030
6394  -24.754  -89.601  0.817 0.2000000030
6400  -21.527  -90.365  -0.482 0.2000000030
6401  -22.330  -90.439  -0.127 0.2000000030
6421  -12.587  -90.496  -3.735 0.4000000060
6851  0.309  -89.809  35.703 0.8999999762
6852  -2.760  -88.982  35.632 0.1000000015
6856  -7.108  -89.414  35.535 0.1000000015
6966  0.514  -89.049  27.206 0.5000000000
6982  1.232  -90.094  26.748 0.6999999881
7018  1.266  -89.385  23.649 0.3000000119
7035  1.331  -88.757  23.032 0.3000000119
7125  2.045  -89.771  16.663 0.3000000119
7126  1.936  -88.954  16.733 0.3000000119
7140  2.220  -90.061  16.060 0.3000000119
7185  -20.847  -89.357  13.995 0.1000000015
7193  2.307  -89.923  11.863 0.5000000000
7196  -19.396  -89.213  12.877 0.1000000015
7204  2.471  -89.649  10.966 0.5000000000
7215  2.619  -90.188  10.077 0.5000000000
7216  2.573  -89.778  10.240 0.5000000000
7218  -3.008  -89.304  10.581 0.5000000000
7224  1.380  -89.726  9.882 0.5000000000
7227  -1.617  -89.028  10.686 0.5000000000
7238  2.035  -89.059  9.524 0.6999999881
7240  0.580  -88.934  9.108 0.8000000119
7254  -3.920  -89.310  8.030 0.3000000119
7290  -22.520  -89.087  5.029 0.1000000015
7303  -19.927  -89.796  4.675 0.2000000030
7304  -20.302  -89.407  4.289 0.2000000030
7305  -22.039  -89.000  4.353 0.2000000030
7313  -20.408  -89.613  3.567 0.2000000030
7319  -19.976  -90.120  3.105 0.2000000030
7326  -25.825  -88.728  1.320 0.2000000030
7330  -6.715  -88.806  1.818 0.1000000015
7337  -6.962  -89.451  0.525 0.1000000015
7352  -13.174  -89.630  -2.480 0.4000000060
7355  -20.173  -89.085  -1.928 0.2000000030
7359  -10.359  -89.049  -3.103 0.1000000015
7360  -13.155  -89.730  -3.128 0.4000000060
7362  -16.232  -89.985  -3.242 0.6999999881
7363  -16.985  -89.637  -3.225 0.6999999881
7368  -11.788  -89.936  -3.641 0.4000000060
7770  0.291  -89.266  36.318 0.8999999762
7786  0.784  -89.585  35.833 0.8999999762
7821  1.371  -88.578  31.285 1.0000000000
7839  1.365  -88.899  30.612 1.0000000000
7891  0.648  -88.321  25.555 0.4000000060
7920  1.156  -88.134  22.911 0.2000000030
7921  0.814  -88.037  22.762 0.2000000030
7933  0.950  -88.558  22.408 0.2000000030
8029  1.284  -88.044  14.992 0.3000000119
8063  1.828  -89.141  13.126 0.5000000000
8079  -19.628  -88.673  12.630 0.1000000015
8095  -20.015  -88.081  12.228 0.1000000015
8101  2.161  -88.147  10.528 0.5000000000
8102  -2.711  -88.702  10.837 0.6000000238
8104  -3.909  -88.617  10.371 0.6000000238
8111  -0.688  -88.622  9.861 0.8000000119
8112  -1.433  -88.220  10.211 0.8000000119
8113  -3.796  -89.170  9.738 0.4000000060
8123  1.650  -88.389  9.279 0.6999999881
8125  0.434  -88.121  8.822 0.8000000119
8128  -19.763  -88.290  8.393 0.1000000015
8145  0.805  -87.586  8.527 0.8000000119
8148  -20.130  -88.652  7.015 0.1000000015
8171  -21.313  -88.178  6.515 0.1000000015
8179  -22.078  -88.604  5.530 0.1000000015
8196  -25.831  -88.629  4.553 0.2000000030
8215  -25.799  -88.764  2.800 0.2000000030
8217  -7.012  -88.007  3.050 0.1000000015
8221  -26.248  -88.151  0.849 0.2000000030
8223  -7.907  -88.538  1.380 0.1000000015
8228  -25.619  -87.939  0.069 0.2000000030
8249  -10.001  -88.295  -3.076 0.2000000030
8250  -13.039  -89.021  -3.026 0.4000000060
8252  -16.352  -88.135  -3.284 0.6999999881
8255  -18.922  -87.948  -2.976 0.4000000060
8749  1.217  -87.323  31.568 0.8999999762
8750  -2.080  -87.380  31.630 0.5000000000
8892  0.977  -87.167  19.231 0.1000000015
8907  1.184  -87.805  18.625 0.3000000119
8960  0.825  -87.690  14.286 0.5000000000
8973  0.857  -87.840  13.592 0.5000000000
8988  1.489  -87.542  11.956 0.5000000000
9001  -3.795  -88.110  10.910 0.8000000119
9002  -4.196  -87.407  11.162 0.8999999762
9003  -20.575  -87.671  11.776 0.1000000015
9014  -2.194  -87.951  10.622 0.8000000119
9017  -5.137  -87.241  10.260 1.0000000000
9031  -4.779  -87.926  9.810 0.8000000119
9040  1.738  -87.936  9.258 0.6999999881
9042  -0.771  -87.269  8.853 0.8000000119
9061  0.839  -87.135  8.401 0.6999999881
9062  0.517  -87.220  8.377 0.6999999881
9063  -0.072  -87.126  8.325 0.8000000119
9064  -3.269  -86.584  6.798 0.6000000238
9096  -27.188  -87.379  3.490 0.2000000030
9114  -26.726  -87.310  0.202 0.2000000030
9115  -7.558  -87.832  2.369 0.1000000015
9120  -26.383  -87.231  -0.450 0.2000000030
9121  -7.905  -87.575  0.656 0.1000000015
9133  -13.049  -87.668  -2.311 0.4000000060
9135  -16.052  -87.260  -2.832 0.6999999881
9139  -8.286  -87.131  -2.511 0.2000000030
9145  -17.638  -87.331  -3.339 0.6999999881
9147  -20.285  -87.124  -2.808 0.3000000119
9149  -9.404  -87.172  -2.890 0.2000000030
9150  -10.476  -87.647  -3.216 0.3000000119
9151  -11.490  -87.358  -3.269 0.3000000119
9153  -12.581  -87.064  -3.333 0.3000000119
9154  -16.875  -86.762  -3.188 0.6999999881
9558  0.118  -87.049  38.212 0.8999999762
9579  -1.213  -86.937  37.401 0.6000000238
9628  -9.081  -86.383  33.176 0.1000000015
9636  -2.804  -86.212  32.028 0.3000000119
9854  0.574  -86.610  13.027 0.6000000238
9867  1.026  -86.779  12.518 0.6000000238
9875  1.585  -86.683  10.863 0.6000000238
9876  -3.608  -86.709  11.350 1.0000000000
9878  -5.335  -86.331  11.280 1.0000000000
9887  1.565  -86.732  9.937 0.6999999881
9891  -5.836  -86.503  10.749 1.0000000000
9892  -6.666  -86.084  10.964 0.8999999762
9904  -1.826  -86.631  9.596 0.8999999762
9918  1.129  -87.028  8.513 0.6999999881
9920  -0.692  -86.556  8.375 0.8000000119
9921  -3.614  -87.188  8.035 0.6000000238
9923  -5.207  -86.646  9.064 0.8999999762
9935  -0.195  -86.375  8.162 0.8000000119
9936  -0.802  -85.985  8.193 0.8000000119
9937  -3.260  -85.621  7.361 0.6999999881
9951  -3.286  -86.050  5.309 0.6999999881
9953  -18.674  -86.038  5.017 0.4000000060
9956  -28.203  -86.340  5.225 0.1000000015
9963  -3.482  -86.120  4.577 0.4000000060
9965  -17.875  -86.314  4.190 0.4000000060
9967  -19.063  -86.230  4.414 0.4000000060
9968  -19.458  -86.136  4.086 0.4000000060
9977  -4.281  -86.407  4.194 0.4000000060
9978  -17.988  -86.297  3.482 0.4000000060
9988  -3.772  -86.053  3.325 0.4000000060
9989  -18.630  -86.399  3.027 0.4000000060
9990  -19.515  -86.379  2.862 0.4000000060
9991  -20.266  -86.164  2.635 0.4000000060
9999  -20.686  -86.039  1.722 0.4000000060
10001  -28.045  -86.637  2.100 0.2000000030
10005  -6.676  -86.785  2.535 0.1000000015
10008  -20.428  -86.130  1.187 0.4000000060
10010  -26.846  -86.800  0.404 0.2000000030
10011  -7.321  -87.164  1.541 0.3000000119
10021  -7.347  -86.922  -1.990 0.4000000060
10024  -16.212  -86.450  -2.664 0.6999999881
10029  -25.134  -85.674  -2.075 0.2000000030
10032  -10.060  -86.364  -3.165 0.5000000000
10036  -18.786  -86.617  -3.663 0.4000000060
10037  -19.435  -86.194  -3.881 0.4000000060
10038  -20.927  -85.811  -3.744 0.3000000119
10040  -9.771  -86.991  -3.032 0.3000000119
10041  -10.405  -86.849  -3.316 0.3000000119
10042  -11.410  -86.676  -3.809 0.5000000000
10043  -12.388  -86.621  -3.912 0.5000000000
10045  -17.873  -86.072  -3.536 0.6999999881
10418  0.133  -85.622  38.565 0.8999999762
10420  -1.008  -85.463  38.771 0.8000000119
10454  -4.959  -85.773  36.817 0.3000000119
10471  -4.257  -85.724  34.958 0.3000000119
10481  -2.176  -85.540  33.972 0.4000000060
10493  -2.794  -85.329  33.334 0.4000000060
10494  -3.751  -85.423  33.774 0.4000000060
10505  -2.788  -85.666  32.530 0.4000000060
10509  -9.738  -85.356  32.703 0.1000000015
10517  0.748  -85.882  31.514 0.6999999881
10556  0.631  -84.458  26.895 0.1000000015
10575  0.686  -84.768  25.921 0.1000000015
10689  1.076  -86.199  18.945 0.2000000030
10725  0.642  -85.846  16.846 0.3000000119
10727  -1.140  -85.484  15.756 0.8000000119
10741  -0.028  -86.318  15.993 0.5000000000
10743  -1.444  -85.583  14.736 0.6999999881
10756  -1.294  -85.444  13.953 0.6999999881
10771  0.849  -85.950  12.722 0.6000000238
10791  -4.774  -85.800  11.490 1.0000000000
10792  -5.614  -85.669  11.434 0.8999999762
10805  -2.714  -85.175  10.484 1.0000000000
10818  0.840  -86.373  8.766 0.6999999881
10820  -1.693  -85.868  8.892 0.8000000119
10822  -6.551  -86.344  9.606 1.0000000000
10824  -8.287  -85.779  9.759 0.8999999762
10826  -10.132  -84.890  9.782 0.6000000238
10838  -0.217  -85.443  8.335 0.8999999762
10840  -1.766  -84.975  8.375 1.0000000000
10844  -7.867  -85.763  8.998 0.8999999762
10846  -9.597  -85.514  8.647 0.8000000119
10847  -10.306  -85.308  8.688 0.6999999881
10860  -9.288  -85.378  7.700 0.8999999762
10867  -2.956  -85.468  6.200 0.6000000238
10871  -16.090  -84.982  6.227 0.6999999881
10872  -16.848  -85.272  6.212 0.6000000238
10873  -17.709  -85.254  6.412 0.6000000238
10874  -18.484  -85.054  6.361 0.6000000238
10894  -26.279  -84.590  3.706 0.2000000030
10897  -28.836  -84.964  4.719 0.1000000015
10918  -21.172  -85.230  1.385 0.3000000119
10920  -25.909  -85.380  2.647 0.2000000030
10944  -5.855  -85.746  0.120 0.6000000238
10945  -13.667  -85.180  0.718 0.8999999762
10953  -25.881  -85.764  0.015 0.2000000030
10956  -6.125  -86.197  -0.524 0.5000000000
10957  -6.635  -85.761  -0.972 0.6999999881
10959  -20.728  -85.603  -0.370 0.4000000060
10961  -25.665  -85.663  -0.884 0.2000000030
10962  -26.045  -86.271  -1.099 0.2000000030
10963  -6.422  -86.702  -0.733 0.3000000119
10967  -8.792  -85.501  -1.722 0.5000000000
10975  -7.071  -86.557  -1.628 0.4000000060
10977  -8.389  -85.979  -2.214 0.4000000060
10980  -10.822  -85.220  -3.339 0.8000000119
10982  -23.649  -85.180  -3.030 0.2000000030
10985  -8.920  -86.295  -2.538 0.4000000060
10988  -10.967  -85.343  -4.048 0.6000000238
10991  -17.460  -85.599  -3.244 0.5000000000
10994  -23.436  -84.733  -3.029 0.3000000119
10995  -11.378  -85.822  -4.137 0.6000000238
10997  -12.709  -86.024  -4.156 0.6000000238
10999  -18.272  -85.516  -3.623 0.5000000000
11000  -19.378  -85.409  -4.034 0.4000000060
11002  -20.901  -84.944  -3.844 0.4000000060
11396  -0.271  -84.108  38.919 0.8000000119
11397  -0.833  -84.079  39.010 0.8000000119
11449  0.507  -84.712  36.748 1.0000000000
11487  -8.995  -84.225  32.190 0.1000000015
11526  0.372  -83.730  28.462 0.3000000119
11571  0.092  -84.462  25.794 0.1000000015
11677  0.812  -84.594  17.925 0.2000000030
11686  0.380  -85.127  17.308 0.2000000030
11689  -2.160  -84.279  14.988 0.6999999881
11715  -1.901  -84.223  14.542 0.6999999881
11728  0.586  -84.659  13.001 0.6999999881
11742  0.780  -84.806  12.649 0.6999999881
11755  -5.071  -85.112  11.440 0.8999999762
11756  -5.901  -85.059  11.365 0.8999999762
11769  0.913  -85.272  11.259 0.6999999881
11771  -3.774  -84.603  10.864 0.8999999762
11777  -9.876  -84.522  10.115 0.6000000238
11778  -10.511  -84.348  10.143 0.6000000238
11794  -11.244  -84.302  9.396 0.6000000238
11804  -0.645  -84.671  8.448 0.8000000119
11805  -2.350  -84.321  8.619 0.8000000119
11806  -10.946  -84.771  8.833 0.6000000238
11811  -1.828  -84.117  8.177 0.8000000119
11815  -7.679  -84.792  7.012 1.0000000000
11816  -9.904  -84.764  6.844 0.6999999881
11819  -15.213  -84.110  6.890 0.6000000238
11820  -15.853  -84.288  7.033 0.6000000238
11827  -2.880  -84.933  5.859 0.6999999881
11828  -3.182  -84.428  6.260 0.6999999881
11830  -4.999  -83.890  6.672 0.8999999762
11834  -9.420  -84.494  6.401 0.6999999881
11841  -18.058  -84.646  7.097 0.5000000000
11851  -2.803  -84.860  4.997 0.6999999881
11854  -6.796  -84.164  5.323 1.0000000000
11855  -7.330  -84.049  5.200 1.0000000000
11859  -16.005  -84.922  5.299 0.6000000238
11860  -19.902  -84.238  5.485 0.4000000060
11861  -29.188  -84.707  5.313 0.2000000030
11862  -29.882  -84.580  5.734 0.1000000015
11869  -6.090  -83.985  4.781 0.8999999762
11870  -6.571  -83.789  4.825 1.0000000000
11871  -14.535  -84.140  5.458 0.6999999881
11873  -16.143  -84.738  4.625 0.6000000238
11878  -28.861  -84.287  4.679 0.2000000030
11883  -3.406  -85.076  3.410 0.6999999881
11884  -3.948  -84.837  3.252 0.6000000238
11896  -4.344  -85.158  2.448 0.5000000000
11898  -17.147  -84.113  2.864 0.5000000000
11903  -24.254  -84.210  3.243 0.1000000015
11912  -4.602  -85.565  1.650 0.5000000000
11927  -4.829  -85.890  1.094 0.5000000000
11934  -19.379  -84.891  0.049 0.5000000000
11935  -19.998  -85.445  -0.178 0.4000000060
11938  -24.510  -84.484  0.491 0.3000000119
11948  -14.635  -84.364  -0.216 0.8000000119
11949  -14.960  -84.491  -0.294 0.6999999881
11957  -9.675  -85.221  -1.822 0.5000000000
11958  -10.677  -84.325  -1.660 0.6999999881
11960  -14.591  -84.152  -0.901 0.8999999762
11964  -21.000  -84.755  -1.811 0.5000000000
11965  -21.799  -84.259  -1.662 0.4000000060
11969  -14.539  -83.731  -2.291 0.8000000119
11975  -24.206  -84.613  -2.381 0.2000000030
11980  -18.975  -84.748  -3.540 0.5000000000
11981  -19.746  -84.593  -3.743 0.5000000000
11985  -17.956  -85.295  -3.385 0.5000000000
11986  -18.527  -85.052  -3.594 0.4000000060
12387  -0.636  -83.514  38.998 0.8000000119
12401  -0.265  -83.333  38.798 0.8999999762
12411  -3.453  -84.115  37.866 0.3000000119
12495  -9.177  -83.026  31.789 0.1000000015
12507  -0.272  -83.281  30.771 0.3000000119
12534  0.172  -82.977  28.148 0.2000000030
12548  -0.452  -83.097  27.264 0.1000000015
12631  0.383  -83.516  19.803 0.2000000030
12658  -2.589  -83.339  16.625 0.6999999881
12674  -0.028  -83.385  13.731 0.8000000119
12676  -1.454  -83.577  14.398 0.8000000119
12686  0.193  -83.837  13.254 0.8000000119
12708  -0.380  -83.142  10.908 0.8999999762
12711  -10.499  -83.392  11.441 0.6000000238
12720  -0.612  -83.102  10.013 0.8999999762
12721  -4.125  -84.142  10.499 0.8000000119
12724  -6.945  -84.247  9.930 0.6999999881
12726  -8.629  -83.669  10.062 0.6999999881
12727  -10.031  -83.827  10.657 0.6999999881
12729  -11.272  -83.677  10.312 0.6999999881
12740  -11.419  -83.727  9.690 0.6000000238
12744  -1.054  -83.770  8.507 0.8000000119
12746  -3.540  -83.146  8.471 0.8000000119
12748  -10.961  -83.543  8.339 0.6000000238
12752  -21.056  -82.936  8.266 0.6000000238
12756  -2.162  -83.304  7.989 0.8999999762
12757  -9.794  -83.450  7.017 0.6000000238
12758  -10.487  -83.892  7.490 0.6000000238
12759  -14.796  -83.603  6.889 0.6000000238
12760  -15.469  -83.753  7.106 0.6000000238
12762  -17.057  -83.823  7.452 0.5000000000
12763  -18.614  -83.626  7.773 0.6000000238
12764  -19.306  -83.693  7.823 0.6000000238
12770  -8.526  -83.562  5.867 0.8999999762
12773  -13.514  -83.346  6.184 0.6000000238
12786  -13.326  -83.403  5.610 0.8000000119
12799  -4.315  -83.966  4.233 0.8999999762
12808  -28.209  -83.914  4.204 0.2000000030
12825  -27.395  -83.609  3.727 0.2000000030
12834  -6.484  -83.598  2.450 0.6999999881
12835  -15.819  -82.943  3.018 0.8000000119
12845  -6.652  -83.929  1.733 0.6999999881
12851  -22.519  -81.914  2.268 0.2000000030
12852  -23.060  -82.366  1.685 0.1000000015
12861  -8.755  -83.830  1.022 0.6999999881
12865  -18.905  -83.179  -0.004 0.5000000000
12867  -23.319  -82.921  0.871 0.1000000015
12868  -23.940  -83.402  -0.080 0.3000000119
12875  -10.117  -84.033  0.054 0.8000000119
12877  -11.438  -83.222  -0.461 0.8999999762
12879  -15.813  -83.627  -1.111 0.6999999881
12885  -24.233  -83.705  -1.122 0.3000000119
12892  -12.726  -83.205  -2.002 0.8999999762
12894  -15.655  -82.862  -1.475 0.6999999881
12898  -19.562  -84.226  -2.088 0.5000000000
12913  -21.840  -84.481  -2.344 0.4000000060
12914  -22.765  -84.002  -2.237 0.3000000119
12915  -23.443  -83.918  -2.150 0.3000000119
12916  -23.868  -84.118  -2.131 0.3000000119
12918  -19.418  -84.523  -3.219 0.5000000000
12920  -21.219  -84.611  -3.076 0.4000000060
13385  0.037  -82.201  33.029 0.8000000119
13408  -0.561  -82.706  31.315 0.5000000000
13410  -3.318  -82.116  31.347 0.2000000030
13412  -4.335  -81.322  30.735 0.2000000030
13413  -7.890  -81.952  32.127 0.1000000015
13415  -9.020  -82.262  31.623 0.1000000015
13431  -1.222  -82.534  30.457 0.2000000030
13433  -3.750  -82.365  30.616 0.2000000030
13448  -4.455  -82.202  29.547 0.2000000030
13459  -1.195  -82.945  28.499 0.1000000015
13470  -0.170  -82.738  28.081 0.1000000015
13471  -0.535  -82.856  27.874 0.1000000015
13565  0.198  -81.922  19.082 0.2000000030
13571  -0.168  -82.449  18.409 0.4000000060
13589  -3.202  -82.880  16.232 0.8000000119
13590  -3.560  -82.237  16.050 0.8000000119
13598  -0.786  -81.545  14.704 0.8999999762
13607  -0.172  -82.762  14.069 0.8000000119
13621  -8.059  -82.257  11.726 0.6000000238
13622  -9.305  -82.687  12.644 0.6000000238
13625  -0.095  -83.158  12.091 0.8000000119
13634  -7.903  -82.286  10.007 0.6999999881
13635  -11.465  -82.539  10.504 0.6999999881
13639  -1.361  -82.308  9.075 0.8000000119
13640  -5.332  -82.769  8.664 0.8000000119
13643  -11.271  -82.413  9.582 0.6999999881
13644  -11.514  -83.087  9.838 0.6999999881
13647  -1.198  -82.992  8.787 0.8000000119
13649  -3.191  -82.831  7.823 0.8000000119
13652  -5.682  -82.000  8.374 0.6999999881
13653  -6.366  -82.002  8.708 0.6000000238
13657  -21.810  -82.634  8.168 0.6000000238
13661  -2.689  -82.734  7.849 0.8000000119
13663  -3.943  -81.945  7.420 0.8000000119
13664  -8.370  -82.174  7.018 0.6999999881
13666  -10.258  -83.026  7.850 0.6000000238
13668  -15.854  -83.280  7.066 0.5000000000
13671  -18.433  -83.011  7.875 0.5000000000
13673  -22.680  -82.439  7.808 0.5000000000
13674  -23.529  -82.206  7.494 0.4000000060
13681  -12.790  -82.308  6.201 0.6000000238
13682  -13.514  -82.709  6.460 0.6000000238
13685  -16.227  -82.717  6.809 0.6000000238
13693  -7.588  -83.110  5.527 0.8000000119
13695  -12.244  -82.310  5.690 0.8999999762
13696  -22.027  -82.570  4.691 0.3000000119
13697  -22.986  -82.136  5.674 0.3000000119
13704  -6.211  -82.563  4.230 0.8999999762
13705  -6.339  -82.889  4.576 0.8999999762
13706  -11.761  -81.887  5.208 0.8999999762
13708  -12.659  -82.785  4.548 0.8999999762
13713  -31.218  -82.634  4.238 0.1000000015
13726  -25.486  -82.892  3.225 0.1000000015
13735  -6.362  -83.256  3.117 0.8000000119
13737  -7.299  -82.691  2.527 0.8000000119
13745  -25.786  -82.245  2.673 0.1000000015
13746  -26.806  -82.589  2.512 0.2000000030
13757  -9.441  -82.649  1.491 0.8000000119
13759  -16.984  -81.908  1.466 0.6000000238
13761  -21.637  -81.900  0.904 0.2000000030
13766  -28.964  -81.897  1.056 0.1000000015
13772  -9.500  -83.213  1.086 0.8000000119
13775  -11.469  -82.626  0.254 0.8999999762
13776  -17.940  -81.867  0.089 0.6000000238
13778  -21.785  -81.934  0.111 0.2000000030
13789  -12.339  -82.792  -0.893 0.8999999762
13800  -14.944  -81.890  -1.851 0.8000000119
13802  -17.074  -82.094  -1.043 0.6000000238
13804  -18.369  -82.570  -1.000 0.6000000238
13809  -13.729  -83.104  -2.541 0.8000000119
14235  -0.546  -81.998  38.864 0.8999999762
14259  -0.595  -81.371  38.431 0.8000000119
14260  -1.651  -81.225  39.187 0.8999999762
14309  -0.143  -81.827  35.250 0.8000000119
14337  -2.880  -81.079  34.205 0.6999999881
14386  -0.849  -81.843  32.365 0.6000000238
14387  -2.006  -81.848  32.728 0.3000000119
14411  -0.577  -82.158  31.543 0.2000000030
14417  -8.073  -81.509  31.795 0.1000000015
14429  -0.958  -82.481  31.072 0.3000000119
14430  -1.209  -82.300  31.100 0.2000000030
14432  -4.500  -81.515  29.979 0.1000000015
14468  -4.397  -81.734  26.298 0.1000000015
14538  0.081  -81.285  21.515 0.1000000015
14548  -0.398  -81.256  19.269 0.4000000060
14553  -5.739  -81.185  19.268 1.0000000000
14559  -2.584  -82.050  18.657 0.6999999881
14561  -4.823  -81.523  18.185 1.0000000000
14565  -4.657  -81.376  17.373 1.0000000000
14570  -1.611  -80.613  15.764 0.8999999762
14571  -2.782  -81.192  15.814 0.8999999762
14572  -3.572  -81.546  16.110 0.8000000119
14578  -12.006  -81.226  14.999 0.4000000060
14580  -13.826  -80.995  15.236 0.3000000119
14585  -8.581  -81.348  14.461 0.4000000060
14590  -13.508  -81.434  14.627 0.4000000060
14592  -14.876  -81.191  14.350 0.4000000060
14598  -0.214  -82.457  13.372 0.8000000119
14601  -7.544  -81.487  13.493 0.5000000000
14602  -8.382  -81.789  13.808 0.5000000000
14603  -9.179  -81.897  14.130 0.5000000000
14604  -10.557  -82.067  13.715 0.5000000000
14606  -12.274  -81.663  13.627 0.4000000060
14617  -10.771  -82.389  12.853 0.5000000000
14619  -11.953  -81.712  12.728 0.5000000000
14621  -13.915  -81.471  13.066 0.4000000060
14631  -6.729  -80.965  12.092 0.5000000000
14645  -7.575  -81.596  10.424 0.6999999881
14653  -1.589  -81.634  9.383 0.8000000119
14654  -6.782  -81.366  9.106 0.6999999881
14657  -23.620  -80.826  9.227 0.4000000060
14659  -24.868  -81.041  9.135 0.4000000060
14662  -2.482  -81.655  8.126 0.8000000119
14664  -4.381  -81.214  7.494 0.6999999881
14665  -5.347  -81.235  7.844 0.6999999881
14667  -10.060  -81.536  8.681 0.6000000238
14669  -19.851  -81.803  8.428 0.4000000060
14670  -20.488  -81.918  8.596 0.6000000238
14674  -24.476  -81.376  8.809 0.3000000119
14681  -2.714  -82.044  7.763 0.8000000119
14687  -24.006  -81.785  8.241 0.5000000000
14690  -26.642  -81.329  7.685 0.2000000030
14691  -27.412  -81.045  7.867 0.1000000015
14698  -7.753  -81.282  7.192 0.6999999881
14700  -12.374  -81.633  6.134 0.6999999881
14704  -16.527  -82.166  6.350 0.5000000000
14708  -25.388  -81.322  6.376 0.2000000030
14717  -14.391  -81.341  6.124 0.5000000000
14722  -24.085  -81.094  5.321 0.2000000030
14733  -11.714  -81.716  4.523 0.8999999762
14736  -23.827  -80.870  4.021 0.2000000030
14740  -7.321  -81.233  3.822 1.0000000000
14750  -8.811  -81.657  2.570 0.8000000119
14755  -25.870  -81.283  2.401 0.1000000015
14764  -13.865  -80.762  1.334 0.8999999762
14766  -15.648  -81.099  1.431 0.6999999881
14768  -17.255  -81.454  0.537 0.6000000238
14772  -29.981  -81.583  0.699 0.1000000015
14780  -12.606  -81.593  0.460 0.8999999762
14782  -16.729  -80.743  0.040 0.6999999881
14784  -26.729  -81.033  1.194 0.1000000015
14785  -27.100  -81.250  0.578 0.1000000015
14792  -13.726  -81.368  -0.522 0.8999999762
14797  -27.852  -81.628  -0.735 0.1000000015
14805  -15.562  -81.373  -1.391 0.6999999881
14809  -29.529  -81.564  -1.446 0.1000000015
14816  -27.441  -81.147  -1.954 0.1000000015
15335  -6.561  -80.175  37.732 0.3000000119
15336  -7.113  -79.796  37.360 0.3000000119
15378  -2.798  -80.119  35.008 0.8000000119
15412  -3.484  -80.540  33.223 0.3000000119
15445  -3.973  -80.488  31.435 0.3000000119
15568  -0.388  -80.469  22.369 0.1000000015
15585  0.159  -80.784  20.992 0.1000000015
15590  -0.222  -80.140  20.283 0.2000000030
15593  -4.655  -80.746  20.212 1.0000000000
15594  -5.412  -80.666  20.260 1.0000000000
15595  -6.193  -80.550  20.178 1.0000000000
15601  -2.380  -80.751  19.656 0.6000000238
15602  -3.505  -81.067  19.682 0.6999999881
15603  -4.388  -81.209  19.741 0.8999999762
15605  -6.419  -80.728  19.453 1.0000000000
15606  -7.186  -80.201  19.308 1.0000000000
15609  -6.081  -80.904  18.416 1.0000000000
15610  -6.619  -80.532  18.700 1.0000000000
15615  -2.916  -80.045  16.881 0.8999999762
15619  -6.106  -80.432  18.115 1.0000000000
15627  -1.388  -79.915  15.956 0.8999999762
15628  -1.603  -79.921  16.309 0.8999999762
15638  -10.973  -80.213  15.398 0.4000000060
15640  -12.254  -80.707  15.319 0.4000000060
15642  -14.412  -80.440  15.433 0.2000000030
15643  -15.155  -80.400  15.409 0.2000000030
15654  -7.965  -80.765  14.519 0.4000000060
15655  -8.836  -80.700  14.885 0.4000000060
15656  -10.535  -80.571  15.262 0.4000000060
15659  -16.564  -80.183  15.097 0.2000000030
15670  -16.379  -80.484  14.198 0.3000000119
15677  -1.379  -80.648  12.571 0.8000000119
15679  -5.931  -80.319  12.617 0.5000000000
15680  -12.960  -81.131  11.863 0.4000000060
15690  -1.282  -81.212  11.981 0.8000000119
15692  -5.710  -79.663  11.158 0.5000000000
15695  -11.982  -81.064  11.186 0.5000000000
15698  -14.253  -80.625  11.597 0.3000000119
15708  -1.941  -80.561  10.198 0.8000000119
15709  -2.365  -80.560  9.346 0.8000000119
15711  -6.451  -80.238  10.580 0.6000000238
15712  -11.390  -81.084  10.186 0.6000000238
15713  -11.689  -80.766  10.414 0.6000000238
15715  -13.117  -80.332  10.717 0.5000000000
15726  -2.154  -81.293  8.856 0.8000000119
15728  -10.848  -80.841  9.556 0.6999999881
15732  -24.810  -80.604  9.297 0.4000000060
15734  -26.078  -80.125  9.195 0.1000000015
15746  -5.674  -80.489  8.257 0.6999999881
15751  -23.331  -80.206  9.106 0.3000000119
15752  -26.474  -80.624  8.848 0.2000000030
15753  -27.345  -80.489  8.489 0.2000000030
15765  -8.849  -80.440  8.131 0.6000000238
15766  -19.880  -81.115  8.094 0.5000000000
15768  -21.294  -79.950  7.855 0.2000000030
15770  -28.492  -80.317  7.551 0.1000000015
15781  -12.590  -81.011  6.188 0.6000000238
15788  -29.106  -80.316  5.731 0.1000000015
15792  -6.354  -80.401  5.882 0.8000000119
15793  -10.773  -79.771  5.269 0.6999999881
15799  -15.790  -81.062  5.140 0.4000000060
15806  -6.449  -80.384  4.969 1.0000000000
15814  -19.418  -80.417  4.351 0.2000000030
15827  -11.463  -80.768  3.049 0.8999999762
15831  -19.618  -80.364  3.409 0.2000000030
15834  -26.930  -80.219  2.681 0.1000000015
15835  -28.231  -80.195  2.949 0.1000000015
15836  -29.222  -79.934  3.177 0.1000000015
15846  -10.666  -80.642  2.786 0.8999999762
15849  -13.057  -81.047  1.651 0.8999999762
15852  -19.694  -80.239  2.359 0.2000000030
15875  -12.262  -81.304  1.214 0.8999999762
15877  -14.436  -80.516  0.302 0.8999999762
15886  -14.968  -80.682  -0.547 0.6999999881
15887  -15.703  -80.588  -0.701 0.6999999881
15888  -16.123  -80.657  -0.904 0.6999999881
15890  -26.946  -80.664  -0.831 0.1000000015
15892  -15.510  -80.883  -1.039 0.8000000119
15894  -26.855  -80.641  -1.627 0.1000000015
15899  -26.537  -80.043  -2.091 0.1000000015
15902  -28.825  -81.085  -2.671 0.1000000015
15906  -27.131  -80.237  -3.167 0.1000000015
16465  -5.364  -79.595  38.142 0.6999999881
16493  -2.257  -79.719  35.768 0.8999999762
16507  -3.108  -79.934  34.439 0.6999999881
16522  -7.950  -79.037  33.286 0.2000000030
16553  -0.978  -79.175  30.780 0.1000000015
16557  -8.054  -79.395  31.763 0.1000000015
16577  -0.953  -79.512  29.897 0.1000000015
16579  -2.424  -80.030  30.237 0.2000000030
16593  -0.941  -79.775  29.014 0.1000000015
16605  -1.718  -79.953  28.527 0.1000000015
16619  -5.321  -79.620  27.219 0.1000000015
16704  -1.499  -79.879  19.838 0.4000000060
16709  -7.017  -79.610  20.574 1.0000000000
16722  -6.584  -79.987  18.309 1.0000000000
16732  -2.537  -79.214  17.265 0.8999999762
16734  -4.567  -79.956  17.386 0.8999999762
16735  -5.397  -80.349  17.688 1.0000000000
16758  -14.139  -79.706  15.575 0.2000000030
16759  -15.405  -79.776  15.745 0.2000000030
16762  -17.842  -79.252  15.352 0.2000000030
16769  -1.008  -80.082  14.985 0.8999999762
16770  -1.329  -79.522  14.473 0.8999999762
16772  -8.300  -80.040  14.595 0.4000000060
16773  -9.231  -79.938  14.924 0.4000000060
16776  -12.021  -79.359  15.261 0.2000000030
16785  -5.930  -79.286  13.423 0.4000000060
16789  -17.034  -80.152  14.427 0.1000000015
16791  -18.262  -79.176  13.987 0.1000000015
16797  -1.762  -79.544  12.943 0.8000000119
16798  -2.236  -79.164  12.233 0.8000000119
16799  -5.464  -79.138  11.625 0.5000000000
16801  -16.202  -79.866  12.176 0.3000000119
16802  -16.727  -79.763  12.718 0.2000000030
16803  -17.344  -79.422  12.866 0.1000000015
16813  -15.586  -79.988  11.537 0.3000000119
16823  -5.594  -79.067  9.463 0.5000000000
16824  -12.798  -79.922  10.052 0.5000000000
16826  -14.619  -79.551  10.354 0.4000000060
16828  -16.125  -78.810  10.635 0.3000000119
16840  -3.032  -80.038  9.055 0.8000000119
16841  -4.213  -79.037  9.037 0.8000000119
16842  -4.886  -79.097  8.653 0.6999999881
16843  -5.264  -78.977  8.882 0.6000000238
16844  -11.001  -79.707  9.142 0.6999999881
16845  -11.614  -79.777  9.433 0.6000000238
16849  -24.713  -79.960  9.292 0.3000000119
16861  -3.464  -80.320  8.370 0.6999999881
16863  -4.756  -79.900  8.131 0.6999999881
16870  -23.707  -79.383  8.633 0.2000000030
16875  -28.467  -79.573  7.848 0.1000000015
16879  -7.328  -78.812  6.802 0.6000000238
16880  -8.059  -78.685  7.424 0.5000000000
16884  -22.499  -79.239  7.790 0.3000000119
16888  -6.908  -78.960  6.221 0.6999999881
16889  -20.579  -79.641  6.275 0.2000000030
16897  -6.441  -80.014  5.455 0.8999999762
16898  -6.914  -79.298  5.707 0.6999999881
16901  -12.240  -79.323  5.748 0.5000000000
16904  -19.749  -80.035  5.064 0.2000000030
16906  -20.948  -79.314  5.694 0.2000000030
16913  -14.040  -79.053  4.490 0.5000000000
16925  -7.823  -79.926  4.499 0.8000000119
16927  -9.627  -79.774  3.830 0.8000000119
16930  -14.686  -78.569  3.505 0.4000000060
16934  -20.349  -79.975  3.134 0.1000000015
16937  -29.759  -79.309  3.274 0.1000000015
16946  -16.516  -78.975  1.960 0.2000000030
16949  -22.597  -79.261  1.314 0.1000000015
16951  -28.796  -79.788  1.706 0.1000000015
16955  -18.752  -79.423  1.416 0.1000000015
16959  -22.563  -79.025  0.551 0.1000000015
16962  -29.244  -79.184  1.715 0.1000000015
16966  -21.991  -78.889  -0.003 0.1000000015
16975  -26.754  -79.302  -3.069 0.1000000015
16983  -29.873  -79.360  -3.378 0.1000000015
17494  -4.836  -78.963  37.747 0.8000000119
17497  -7.002  -78.825  37.454 0.3000000119
17509  -1.782  -78.601  36.919 0.8000000119
17550  -1.159  -78.126  33.767 0.6999999881
17577  -7.970  -78.828  31.967 0.1000000015
17631  -2.133  -78.732  28.027 0.1000000015
17646  -2.724  -79.185  27.695 0.1000000015
17724  -0.356  -78.119  22.466 0.1000000015
17739  -0.583  -78.747  20.841 0.1000000015
17743  -4.187  -79.007  20.820 0.8999999762
17744  -8.120  -78.797  20.176 1.0000000000
17761  -5.761  -78.894  18.074 1.0000000000
17763  -8.201  -78.288  19.006 1.0000000000
17770  -2.115  -78.102  17.194 0.8999999762
17771  -2.320  -78.407  17.558 0.8999999762
17778  -1.850  -78.607  16.563 0.8999999762
17779  -17.249  -78.060  16.548 0.2000000030
17788  -1.672  -78.568  15.981 0.8000000119
17790  -13.594  -79.038  15.474 0.2000000030
17793  -17.496  -78.797  16.131 0.2000000030
17794  -18.304  -78.669  15.731 0.2000000030
17800  -1.744  -78.678  14.677 0.8000000119
17802  -10.637  -79.010  14.644 0.2000000030
17804  -12.367  -78.550  14.872 0.2000000030
17806  -18.535  -78.886  14.722 0.1000000015
17814  -1.902  -78.967  13.691 0.8000000119
17816  -7.297  -78.599  13.306 0.4000000060
17818  -9.296  -78.796  13.918 0.3000000119
17823  -19.322  -78.155  13.321 0.1000000015
17831  -5.616  -78.608  12.088 0.5000000000
17837  -18.465  -78.570  12.294 0.1000000015
17844  -3.152  -78.172  11.125 0.8000000119
17848  -16.632  -78.775  10.986 0.3000000119
17849  -17.324  -78.698  11.340 0.2000000030
17860  -3.722  -77.897  10.463 0.6999999881
17864  -15.848  -78.550  10.099 0.2000000030
17866  -17.524  -78.446  10.122 0.2000000030
17881  -5.059  -78.281  9.046 0.6999999881
17882  -12.716  -78.796  8.854 0.5000000000
17885  -15.664  -78.239  9.591 0.4000000060
17886  -16.364  -78.131  9.296 0.2000000030
17889  -19.190  -78.369  9.692 0.2000000030
17896  -9.715  -77.870  7.722 0.5000000000
17898  -11.176  -78.307  8.198 0.6000000238
17905  -18.027  -78.508  8.618 0.1000000015
17906  -19.019  -78.418  8.835 0.1000000015
17917  -8.342  -77.778  7.115 0.5000000000
17918  -8.915  -78.212  7.686 0.5000000000
17920  -17.492  -78.390  7.083 0.1000000015
17921  -19.454  -78.040  8.237 0.1000000015
17932  -8.107  -77.897  6.542 0.5000000000
17937  -22.947  -78.543  6.259 0.1000000015
17948  -7.933  -78.199  5.924 0.6000000238
17950  -11.095  -78.375  5.548 0.6000000238
17953  -16.838  -77.528  4.364 0.2000000030
17954  -17.256  -78.080  5.242 0.2000000030
17959  -24.155  -77.975  5.378 0.1000000015
17963  -7.586  -78.958  5.485 0.8000000119
17964  -8.427  -78.653  5.262 0.6000000238
17966  -10.099  -78.102  5.343 0.6000000238
17968  -11.927  -77.685  5.355 0.5000000000
17972  -18.348  -77.995  3.932 0.1000000015
17979  -9.330  -79.270  4.429 0.6999999881
17981  -13.902  -77.638  4.184 0.5000000000
17985  -22.135  -78.962  3.630 0.1000000015
17990  -15.623  -77.900  1.984 0.2000000030
17992  -17.150  -78.484  1.806 0.1000000015
17993  -18.210  -78.347  1.775 0.1000000015
17995  -23.472  -78.229  1.896 0.1000000015
17999  -20.471  -78.751  0.215 0.1000000015
18006  -22.190  -78.239  0.239 0.1000000015
18008  -23.091  -77.937  0.691 0.1000000015
18020  -26.946  -78.288  -2.855 0.1000000015
18021  -27.845  -77.980  -3.156 0.1000000015
18566  -3.779  -77.169  36.001 0.8999999762
18570  -8.656  -77.543  36.047 0.4000000060
18583  -1.180  -77.297  34.727 0.8999999762
18609  -8.850  -76.890  32.810 0.2000000030
18619  -9.321  -77.225  31.747 0.2000000030
18622  -12.444  -76.829  31.482 0.1000000015
18658  -0.875  -78.356  29.659 0.1000000015
18659  -1.637  -77.634  28.770 0.1000000015
18662  -5.253  -77.452  29.180 0.1000000015
18678  -2.358  -77.764  28.299 0.1000000015
18680  -4.360  -77.615  28.838 0.1000000015
18714  -1.388  -77.151  25.036 0.1000000015
18718  -5.202  -77.200  25.580 0.1000000015
18732  -1.018  -77.144  24.560 0.2000000030
18761  -0.759  -76.896  22.288 0.2000000030
18772  -4.315  -77.531  21.613 0.8999999762
18774  -6.562  -77.077  21.978 1.0000000000
18778  -1.548  -77.764  20.881 0.3000000119
18779  -8.474  -78.062  20.497 1.0000000000
18786  -9.101  -77.429  19.509 1.0000000000
18814  -2.228  -77.314  17.440 0.8999999762
18823  -2.071  -77.666  16.835 0.8000000119
18826  -18.948  -77.480  16.452 0.1000000015
18827  -19.623  -77.093  16.365 0.1000000015
18836  -1.937  -77.701  15.788 0.8000000119
18837  -13.932  -78.284  15.298 0.2000000030
18842  -18.694  -78.090  16.151 0.2000000030
18849  -2.099  -77.837  14.934 0.8000000119
18852  -13.521  -77.516  14.804 0.2000000030
18855  -20.101  -77.282  14.301 0.2000000030
18863  -2.826  -77.412  13.438 0.8000000119
18864  -10.746  -77.848  13.239 0.2000000030
18866  -12.294  -77.272  13.807 0.2000000030
18875  -3.090  -77.675  12.549 0.8000000119
18877  -7.567  -77.800  11.708 0.4000000060
18878  -8.531  -77.732  11.929 0.3000000119
18881  -11.173  -77.144  12.728 0.2000000030
18883  -20.156  -77.147  12.773 0.1000000015
18890  -3.284  -77.800  11.765 0.8000000119
18895  -9.069  -77.238  11.268 0.3000000119
18897  -19.644  -77.892  11.556 0.1000000015
18907  -4.786  -77.370  9.911 0.6999999881
18908  -5.133  -77.692  9.536 0.6000000238
18909  -6.157  -76.788  10.063 0.5000000000
18911  -7.687  -76.684  10.019 0.3000000119
18920  -4.290  -77.703  9.984 0.6999999881
18921  -4.722  -77.872  9.386 0.6000000238
18922  -19.834  -77.825  9.921 0.2000000030
18936  -14.436  -77.054  7.869 0.5000000000
18949  -8.968  -77.459  6.646 0.5000000000
18954  -14.735  -76.373  7.320 0.4000000060
18956  -15.874  -77.423  7.675 0.3000000119
18958  -20.072  -76.929  7.117 0.1000000015
18966  -9.781  -77.121  6.824 0.5000000000
18967  -15.977  -77.105  6.143 0.3000000119
18968  -18.986  -78.025  6.321 0.1000000015
18975  -10.699  -76.688  6.045 0.5000000000
18983  -9.552  -77.855  5.613 0.6000000238
18985  -11.595  -77.004  5.519 0.5000000000
18987  -13.559  -76.839  4.613 0.4000000060
18988  -14.423  -76.525  4.449 0.5000000000
18989  -15.666  -76.918  3.596 0.4000000060
18990  -16.353  -77.136  3.462 0.2000000030
18992  -19.312  -77.258  3.887 0.1000000015
18997  -14.493  -77.278  3.951 0.4000000060
19001  -18.772  -77.699  2.151 0.1000000015
19008  -15.920  -77.651  1.990 0.4000000060
19012  -23.526  -77.560  1.851 0.1000000015
19019  -20.781  -77.907  0.616 0.1000000015
19021  -23.141  -77.411  0.797 0.1000000015
19026  -26.824  -77.412  0.172 0.1000000015
19040  -30.302  -77.070  -2.958 0.1000000015
19612  -1.305  -76.821  35.215 0.8999999762
19613  -1.496  -76.803  35.610 0.8999999762
19614  -1.913  -76.473  35.721 0.8999999762
19664  -0.708  -76.439  33.165 0.8000000119
19668  -10.434  -75.696  32.385 0.3000000119
19707  -1.293  -77.479  29.852 0.1000000015
19708  -1.720  -76.999  29.374 0.1000000015
19777  -1.737  -76.442  25.405 0.2000000030
19778  -2.600  -76.540  25.814 0.1000000015
19808  -0.899  -76.421  23.539 0.1000000015
19833  -3.483  -76.561  22.447 0.8000000119
19835  -6.768  -76.312  22.088 1.0000000000
19839  -8.857  -76.274  20.840 1.0000000000
19840  -9.325  -76.292  20.247 1.0000000000
19848  -3.917  -75.628  18.776 1.0000000000
19868  -4.123  -76.424  18.781 0.8999999762
19869  -5.561  -75.884  18.793 1.0000000000
19878  -2.379  -76.558  17.670 0.8999999762
19887  -2.442  -75.761  16.296 0.8000000119
19902  -2.428  -76.109  15.502 0.8000000119
19904  -15.673  -77.026  15.832 0.1000000015
19910  -2.279  -76.956  15.173 0.8000000119
19913  -14.432  -76.704  14.870 0.2000000030
19923  -12.631  -76.513  13.410 0.2000000030
19935  -3.389  -76.977  12.940 0.8000000119
19939  -11.622  -76.513  12.156 0.2000000030
19941  -20.440  -76.547  12.491 0.1000000015
19948  -4.813  -76.377  11.382 0.6000000238
19952  -10.440  -76.543  10.887 0.2000000030
19964  -5.769  -76.614  10.172 0.5000000000
19965  -6.536  -76.247  10.057 0.5000000000
19967  -8.105  -75.844  9.793 0.4000000060
19968  -9.007  -75.865  9.760 0.2000000030
19979  -20.408  -76.140  9.096 0.1000000015
19992  -12.310  -75.834  7.033 0.5000000000
19994  -14.278  -75.827  6.823 0.5000000000
19997  -20.297  -76.359  7.707 0.1000000015
19998  -24.153  -75.771  7.437 0.1000000015
20007  -13.734  -75.531  6.335 0.5000000000
20008  -14.644  -75.676  6.141 0.5000000000
20019  -12.319  -75.944  5.992 0.4000000060
20020  -13.244  -75.712  5.802 0.4000000060
20023  -15.673  -76.521  5.593 0.3000000119
20033  -11.987  -76.470  5.624 0.5000000000
20037  -19.610  -76.528  4.482 0.1000000015
20069  -23.058  -76.506  0.942 0.1000000015
20070  -23.371  -77.045  1.291 0.1000000015
20078  -22.358  -77.126  0.678 0.1000000015
20101  -28.997  -76.591  -2.583 0.1000000015
20721  -0.907  -75.827  34.599 0.8999999762
20739  -3.216  -75.466  33.325 0.8999999762
20740  -4.720  -75.915  32.911 0.6999999881
20759  -11.569  -74.979  32.578 0.3000000119
20779  -1.760  -75.457  30.156 0.1000000015
20793  -2.212  -75.604  29.594 0.1000000015
20865  -1.239  -75.862  24.235 0.1000000015
20890  -2.345  -75.351  23.135 0.8000000119
20893  -5.456  -75.640  22.509 1.0000000000
20896  -6.032  -75.153  22.084 1.0000000000
20911  -4.353  -75.266  18.760 1.0000000000
20931  -3.356  -75.353  18.373 0.8999999762
20934  -8.854  -75.524  18.110 1.0000000000
20946  -2.370  -76.010  17.343 0.8999999762
20947  -9.205  -74.812  17.836 1.0000000000
20973  -6.720  -75.631  15.312 0.6000000238
20974  -8.124  -75.170  14.994 0.6000000238
20975  -15.599  -75.479  15.138 0.2000000030
20989  -3.444  -75.615  14.601 0.6999999881
20994  -8.621  -75.279  14.269 0.5000000000
20995  -9.327  -74.899  13.524 0.4000000060
20996  -14.206  -75.375  14.049 0.2000000030
21008  -3.691  -76.387  13.404 0.8000000119
21014  -20.696  -75.929  12.955 0.1000000015
21023  -4.804  -76.043  12.386 0.6000000238
21033  -6.418  -75.474  10.862 0.4000000060
21034  -11.786  -75.987  10.410 0.2000000030
21035  -12.486  -75.602  10.672 0.2000000030
21036  -20.596  -75.583  11.297 0.1000000015
21045  -6.188  -75.914  10.414 0.6000000238
21050  -10.416  -75.373  9.432 0.2000000030
21051  -11.316  -75.513  9.595 0.2000000030
21059  -8.979  -74.474  9.691 0.3000000119
21060  -10.109  -74.655  9.259 0.3000000119
21092  -19.861  -75.418  5.938 0.1000000015
21135  -20.156  -75.246  1.909 0.1000000015
21136  -22.969  -75.706  2.196 0.1000000015
21838  -9.631  -74.608  35.260 0.3000000119
21853  -1.421  -74.766  34.546 0.8999999762
21857  -9.371  -74.086  35.160 0.3000000119
21890  -4.516  -74.311  32.411 0.6999999881
21902  -1.073  -74.375  31.773 0.3000000119
21905  -13.965  -74.924  30.781 0.2000000030
21928  -2.737  -74.113  29.671 0.1000000015
21932  -15.618  -74.747  29.013 0.1000000015
21968  -1.798  -74.189  25.966 0.1000000015
21993  -1.817  -74.424  25.205 0.2000000030
21994  -1.847  -74.764  25.504 0.2000000030
22030  -1.707  -74.968  24.193 0.4000000060
22031  -2.163  -74.226  23.917 0.4000000060
22048  -5.157  -74.825  22.289 1.0000000000
22063  -8.929  -74.788  20.565 1.0000000000
22075  -4.424  -74.648  18.553 1.0000000000
22076  -9.846  -74.559  19.376 1.0000000000
22093  -3.347  -74.644  18.062 0.8999999762
22094  -3.776  -74.176  18.166 1.0000000000
22100  -10.504  -74.463  18.136 1.0000000000
22101  -11.165  -74.249  17.858 0.8000000119
22109  -2.984  -75.001  17.431 0.8999999762
22114  -10.657  -74.172  17.563 1.0000000000
22115  -2.925  -74.925  17.038 0.8999999762
22116  -3.169  -74.643  16.732 0.8999999762
22131  -2.774  -75.208  16.458 0.8000000119
22132  -3.464  -74.947  16.129 0.8000000119
22134  -5.445  -75.203  16.043 0.6999999881
22136  -8.092  -74.701  15.162 0.6000000238
22145  -3.861  -75.406  15.265 0.6999999881
22147  -9.553  -74.573  14.081 0.5000000000
22160  -13.810  -74.990  13.456 0.2000000030
22168  -8.737  -74.413  11.338 0.3000000119
22180  -6.954  -75.108  11.005 0.4000000060
22181  -7.735  -74.633  11.013 0.4000000060
22197  -8.430  -74.553  10.013 0.3000000119
22198  -9.100  -74.049  10.015 0.3000000119
22200  -12.571  -74.912  9.902 0.3000000119
22201  -13.208  -74.630  10.245 0.2000000030
22210  -9.688  -74.173  9.526 0.3000000119
22211  -10.394  -74.215  9.336 0.3000000119
22212  -11.170  -73.971  9.295 0.3000000119
22215  -25.903  -74.148  9.092 0.1000000015
22247  -23.378  -74.729  6.403 0.1000000015
22292  -19.722  -74.575  3.969 0.1000000015
22294  -23.253  -74.388  3.497 0.1000000015
22295  -23.349  -73.930  3.017 0.1000000015
22307  -21.944  -74.270  2.127 0.1000000015
22308  -22.806  -74.465  2.127 0.1000000015
22320  -20.797  -74.885  1.697 0.1000000015
22322  -22.458  -74.973  1.643 0.1000000015
22323  -22.845  -75.278  1.838 0.1000000015
23000  -9.671  -73.522  34.721 0.4000000060
23018  -8.145  -72.977  34.204 0.4000000060
23020  -10.533  -73.431  33.750 0.3000000119
23033  -0.990  -73.870  32.605 0.6000000238
23039  -12.169  -74.121  32.033 0.2000000030
23066  -13.354  -73.667  30.059 0.2000000030
23078  -1.480  -73.146  30.074 0.2000000030
23099  -14.862  -73.074  28.458 0.2000000030
23116  -17.003  -72.974  27.481 0.1000000015
23128  -2.006  -73.620  26.276 0.1000000015
23147  -1.743  -73.689  25.445 0.2000000030
23161  -1.823  -73.885  24.849 0.2000000030
23173  -2.213  -73.325  23.910 0.3000000119
23185  -3.157  -73.537  22.930 0.8000000119
23214  -10.964  -73.969  19.390 1.0000000000
23215  -11.616  -73.636  18.853 0.8000000119
23227  -3.166  -74.562  17.710 0.8999999762
23229  -3.967  -73.350  17.699 1.0000000000
23241  -3.525  -73.333  17.280 1.0000000000
23242  -4.643  -72.626  17.447 0.8000000119
23243  -5.648  -72.790  17.674 0.8000000119
23246  -10.297  -73.745  17.176 0.8999999762
23271  -3.670  -74.227  16.603 0.8999999762
23275  -7.634  -74.349  15.329 0.6000000238
23277  -16.562  -73.461  15.681 0.2000000030
23284  -7.276  -73.316  15.101 0.6000000238
23288  -15.499  -72.971  14.765 0.2000000030
23294  -10.874  -73.543  12.895 0.5000000000
23303  -13.673  -74.248  11.973 0.2000000030
23312  -9.904  -73.833  10.559 0.3000000119
23313  -11.347  -73.201  10.914 0.3000000119
23314  -13.926  -73.910  10.893 0.2000000030
23328  -10.631  -73.544  10.302 0.3000000119
23329  -13.051  -74.132  9.495 0.3000000119
23330  -13.694  -74.183  10.086 0.2000000030
23331  -14.187  -73.495  9.938 0.3000000119
23358  -26.792  -73.403  8.959 0.1000000015
23369  -24.300  -73.504  7.990 0.1000000015
23400  -19.531  -74.122  5.390 0.1000000015
23401  -23.441  -74.199  5.200 0.1000000015
23411  -19.685  -73.948  4.785 0.1000000015
23413  -23.679  -73.994  4.160 0.1000000015
23414  -24.302  -73.502  3.795 0.1000000015
23421  -20.505  -73.701  3.727 0.1000000015
23422  -21.362  -73.406  3.339 0.1000000015
23429  -21.116  -74.052  2.985 0.1000000015
23431  -22.639  -73.860  2.482 0.1000000015
23433  -23.470  -73.544  3.006 0.1000000015
24055  -2.719  -72.145  34.901 1.0000000000
24064  -1.815  -72.752  34.233 1.0000000000
24066  -3.345  -72.145  34.576 1.0000000000
24077  -1.712  -72.002  34.040 1.0000000000
24079  -7.470  -72.713  33.468 0.6000000238
24082  -10.228  -72.945  33.273 0.4000000060
24124  -1.472  -72.434  30.091 0.1000000015
24143  -1.543  -72.038  29.993 0.1000000015
24144  -1.758  -72.465  29.797 0.1000000015
24146  -3.380  -72.477  29.683 0.1000000015
24150  -17.688  -72.024  28.712 0.2000000030
24222  -2.068  -72.596  23.839 0.3000000119
24244  -3.549  -72.133  22.192 0.8000000119
24253  -3.943  -71.838  21.880 0.8000000119
24255  -4.986  -71.998  20.914 1.0000000000
24263  -12.542  -72.443  18.878 0.6999999881
24275  -12.140  -73.166  18.360 0.8000000119
24284  -3.981  -72.650  17.144 0.8000000119
24287  -7.283  -72.218  17.301 1.0000000000
24289  -11.284  -72.867  17.006 0.6999999881
24315  -4.651  -72.361  16.384 0.8000000119
24316  -5.156  -72.216  15.912 0.6000000238
24318  -16.205  -72.659  15.216 0.2000000030
24319  -16.958  -72.720  15.730 0.1000000015
24327  -6.960  -72.065  14.878 0.4000000060
24329  -8.533  -72.196  14.055 0.4000000060
24330  -9.551  -72.940  14.030 0.5000000000
24341  -10.321  -72.656  13.302 0.4000000060
24343  -14.470  -73.201  12.532 0.2000000030
24349  -10.426  -71.881  12.716 0.3000000119
24350  -11.225  -72.149  12.028 0.3000000119
24352  -15.121  -72.550  12.437 0.2000000030
24361  -11.610  -72.057  11.297 0.3000000119
24363  -15.261  -72.513  10.780 0.2000000030
24376  -12.530  -72.781  9.277 0.3000000119
24377  -14.679  -72.750  9.512 0.2000000030
24388  -14.690  -72.351  9.048 0.2000000030
24389  -15.261  -72.122  9.113 0.2000000030
24420  -24.547  -72.601  7.606 0.1000000015
24451  -24.636  -72.873  5.166 0.1000000015
24452  -25.204  -72.493  4.824 0.1000000015
24456  -19.745  -73.227  5.023 0.1000000015
24467  -22.599  -72.704  3.257 0.1000000015
24469  -24.938  -73.087  3.365 0.1000000015
24470  -25.540  -72.736  3.008 0.1000000015
24482  -23.921  -72.974  2.982 0.1000000015
25105  -3.603  -71.535  34.958 1.0000000000
25106  -4.239  -70.935  35.035 1.0000000000
25116  -1.526  -71.878  33.159 0.6000000238
25154  -8.831  -71.607  30.697 0.5000000000
25168  -1.616  -71.801  30.158 0.2000000030
25170  -7.640  -70.983  30.617 0.6000000238
25186  -1.690  -71.590  30.172 0.1000000015
25187  -1.881  -71.365  29.942 0.1000000015
25190  -3.969  -71.819  29.558 0.1000000015
25191  -10.917  -71.583  29.986 0.2000000030
25193  -12.381  -71.464  29.497 0.3000000119
25202  -14.566  -71.903  28.606 0.3000000119
25204  -16.083  -71.792  28.321 0.3000000119
25215  -1.795  -71.645  25.876 0.2000000030
25216  -2.040  -71.756  26.241 0.2000000030
25268  -2.434  -72.160  23.278 0.3000000119
25274  -3.396  -71.783  22.398 0.5000000000
25288  -11.496  -72.451  19.707 0.8000000119
25291  -13.439  -70.926  19.498 0.6000000238
25310  -4.743  -72.181  17.076 0.8000000119
25312  -6.093  -71.590  17.211 0.6000000238
25313  -7.465  -71.329  17.189 0.6999999881
25318  -12.546  -71.694  17.784 0.6999999881
25329  -4.959  -72.099  16.610 0.6000000238
25330  -5.769  -71.758  16.396 0.6000000238
25348  -17.223  -71.982  15.742 0.1000000015
25349  -17.418  -71.221  15.724 0.1000000015
25359  -8.114  -71.271  14.526 0.3000000119
25360  -15.976  -71.834  13.825 0.2000000030
25371  -8.992  -71.467  13.951 0.3000000119
25386  -11.356  -71.254  12.207 0.2000000030
25387  -15.657  -72.036  11.587 0.2000000030
25397  -11.741  -71.563  11.402 0.2000000030
25398  -12.218  -71.410  10.821 0.2000000030
25425  -13.321  -72.324  9.151 0.3000000119
25426  -14.008  -71.972  9.045 0.2000000030
25427  -14.729  -71.843  8.943 0.2000000030
25429  -16.376  -71.429  8.871 0.2000000030
25447  -15.750  -71.471  8.550 0.2000000030
25448  -16.184  -71.198  8.413 0.1000000015
25453  -25.415  -71.908  8.649 0.1000000015
25469  -25.346  -71.418  7.825 0.1000000015
25481  -24.908  -72.001  7.378 0.1000000015
25485  -32.562  -71.607  7.054 0.1000000015
25486  -33.084  -70.638  6.891 0.1000000015
25501  -25.879  -72.135  4.413 0.1000000015
25502  -26.577  -71.809  3.968 0.1000000015
25531  -24.172  -72.281  2.896 0.1000000015
26148  -2.026  -71.397  34.502 1.0000000000
26149  -2.698  -70.921  34.901 1.0000000000
26164  -4.677  -70.358  34.749 1.0000000000
26195  -5.304  -70.086  31.750 0.8000000119
26215  -8.543  -70.396  30.406 0.5000000000
26217  -10.737  -70.865  30.100 0.5000000000
26218  -12.411  -70.237  30.741 0.5000000000
26220  -14.220  -70.469  30.677 0.3000000119
26222  -15.921  -70.546  31.185 0.3000000119
26231  -2.315  -70.602  30.008 0.1000000015
26251  -1.963  -70.882  25.584 0.2000000030
26253  -3.192  -70.654  25.895 0.1000000015
26288  -2.729  -70.585  23.039 0.4000000060
26299  -2.518  -71.307  23.140 0.5000000000
26302  -3.587  -70.756  22.181 0.8000000119
26306  -4.110  -70.629  21.205 0.8000000119
26307  -4.667  -70.533  20.806 0.8000000119
26316  -13.037  -70.887  20.126 0.6999999881
26317  -13.452  -70.329  19.972 0.6999999881
26331  -13.642  -70.635  18.777 0.6000000238
26334  -6.172  -71.580  16.713 0.6000000238
26335  -6.806  -71.060  16.767 0.6000000238
26336  -7.430  -70.420  16.809 0.6000000238
26371  -6.488  -71.320  15.737 0.4000000060
26374  -17.247  -70.716  15.092 0.2000000030
26383  -7.037  -71.106  15.265 0.4000000060
26384  -7.614  -70.841  15.069 0.4000000060
26385  -8.184  -70.618  14.915 0.3000000119
26387  -11.768  -70.140  14.278 0.2000000030
26396  -9.185  -70.925  14.142 0.2000000030
26403  -17.454  -70.177  13.580 0.1000000015
26416  -10.589  -71.010  12.985 0.2000000030
26419  -13.121  -70.550  11.835 0.2000000030
26421  -16.819  -70.906  11.798 0.2000000030
26435  -11.762  -70.864  12.219 0.2000000030
26438  -14.298  -70.548  10.231 0.2000000030
26439  -15.129  -70.365  9.623 0.2000000030
26459  -17.001  -70.910  9.456 0.1000000015
26474  -14.318  -71.484  9.170 0.2000000030
26492  -15.378  -71.345  8.670 0.2000000030
26493  -15.826  -70.896  8.391 0.2000000030
26494  -16.416  -70.434  8.282 0.2000000030
26495  -16.992  -70.005  8.216 0.1000000015
26498  -25.746  -71.157  8.512 0.1000000015
26512  -26.341  -70.206  7.804 0.1000000015
26514  -30.768  -70.126  7.618 0.1000000015
26524  -25.758  -70.774  7.264 0.1000000015
26528  -32.878  -70.803  6.824 0.1000000015
26555  -26.974  -71.047  4.640 0.1000000015
27201  -3.290  -70.230  34.827 1.0000000000
27224  -8.707  -68.833  33.703 0.8999999762
27250  -10.918  -69.099  33.020 0.8999999762
27252  -12.699  -68.994  32.824 0.8000000119
27263  -2.179  -69.966  30.742 0.1000000015
27264  -5.265  -69.874  33.320 0.8000000119
27266  -6.568  -69.428  31.935 0.8000000119
27273  -13.673  -69.316  32.254 0.6000000238
27290  -2.455  -69.437  30.408 0.2000000030
27325  -15.864  -69.329  27.989 0.6000000238
27327  -18.080  -69.287  28.676 1.0000000000
27342  -16.349  -69.446  27.264 0.6000000238
27344  -18.581  -69.705  26.967 0.6999999881
27351  -2.605  -70.324  25.379 0.1000000015
27396  -2.976  -69.947  22.748 0.4000000060
27405  -5.722  -69.706  20.508 0.8999999762
27409  -11.659  -69.791  20.698 0.6999999881
27421  -13.949  -69.663  19.700 0.6000000238
27438  -7.766  -69.921  16.731 0.4000000060
27439  -8.528  -69.215  17.073 0.3000000119
27441  -9.924  -68.992  17.490 0.3000000119
27442  -10.931  -69.550  17.543 0.3000000119
27444  -14.527  -69.099  18.381 0.5000000000
27445  -15.074  -68.396  17.908 0.5000000000
27459  -6.999  -70.903  16.181 0.4000000060
27473  -7.419  -70.399  16.098 0.4000000060
27474  -7.831  -69.940  15.998 0.4000000060
27486  -8.407  -69.933  15.327 0.2000000030
27489  -11.585  -69.369  14.842 0.2000000030
27491  -13.537  -69.823  14.004 0.2000000030
27492  -14.121  -69.332  13.991 0.2000000030
27503  -9.301  -70.398  14.532 0.2000000030
27506  -17.981  -69.621  13.232 0.1000000015
27507  -18.620  -68.948  13.498 0.1000000015
27534  -17.912  -69.780  11.075 0.1000000015
27549  -15.308  -70.613  8.890 0.2000000030
27553  -18.261  -69.339  10.633 0.1000000015
27564  -16.144  -69.714  8.602 0.1000000015
27566  -18.253  -69.168  9.587 0.1000000015
27584  -28.445  -69.837  8.522 0.1000000015
27585  -29.290  -69.710  8.263 0.1000000015
27599  -30.622  -69.445  7.329 0.1000000015
27611  -26.998  -69.603  7.360 0.1000000015
27612  -27.704  -69.113  6.859 0.1000000015
27614  -30.820  -69.081  6.695 0.1000000015
27630  -28.817  -69.045  5.627 0.1000000015
27632  -30.436  -68.741  6.020 0.1000000015
27635  -33.499  -69.333  5.743 0.1000000015
27647  -29.062  -69.729  4.500 0.1000000015
28319  -9.161  -68.012  33.847 0.8999999762
28320  -9.966  -68.095  33.612 0.8999999762
28339  -11.444  -68.033  33.246 0.8000000119
28341  -13.077  -68.476  32.582 0.6999999881
28353  -14.182  -68.365  31.777 0.8999999762
28355  -15.960  -68.840  31.363 0.8999999762
28365  -2.532  -68.576  30.523 0.1000000015
28366  -13.928  -68.034  30.321 0.8999999762
28382  -2.655  -68.127  29.983 0.1000000015
28388  -17.708  -68.849  30.180 0.8000000119
28391  -23.395  -67.925  29.902 0.1000000015
28407  -22.566  -68.578  28.510 0.6000000238
28443  -2.373  -68.976  24.909 0.2000000030
28458  -2.220  -69.129  24.629 0.2000000030
28478  -2.367  -69.087  24.075 0.2000000030
28514  -4.362  -69.076  20.714 0.8000000119
28517  -6.513  -68.445  20.460 1.0000000000
28524  -13.734  -69.127  20.207 0.6999999881
28535  -15.174  -68.130  18.768 0.6999999881
28545  -15.333  -68.080  18.256 0.5000000000
28552  -12.707  -68.647  17.303 0.3000000119
28554  -15.339  -67.712  17.653 0.5000000000
28571  -8.415  -69.039  16.437 0.4000000060
28572  -8.844  -68.365  16.332 0.3000000119
28574  -20.115  -68.452  17.069 0.1000000015
28581  -8.619  -68.756  16.150 0.3000000119
28582  -9.030  -68.278  15.915 0.3000000119
28591  -9.236  -68.713  15.667 0.3000000119
28594  -11.967  -67.881  14.025 0.3000000119
28596  -18.685  -68.817  14.366 0.1000000015
28612  -15.549  -68.543  13.272 0.2000000030
28613  -18.974  -68.498  12.969 0.1000000015
28631  -19.175  -68.058  12.362 0.1000000015
28641  -16.473  -68.300  10.342 0.2000000030
28670  -18.303  -68.552  8.725 0.1000000015
28679  -17.143  -68.354  8.231 0.1000000015
28680  -17.610  -67.832  7.990 0.1000000015
28681  -18.126  -68.083  8.183 0.1000000015
28690  -28.545  -68.762  7.195 0.1000000015
28692  -29.972  -68.954  7.320 0.1000000015
28701  -29.417  -68.655  6.963 0.1000000015
28712  -28.940  -68.690  6.513 0.1000000015
29399  -6.951  -67.786  34.033 0.8999999762
29419  -2.464  -67.991  31.559 0.3000000119
29440  -2.750  -67.119  30.773 0.2000000030
29443  -6.250  -67.275  31.792 0.4000000060
29449  -12.430  -67.115  31.962 0.8000000119
29450  -23.542  -67.733  31.271 0.1000000015
29457  -2.644  -68.082  30.297 0.1000000015
29458  -2.743  -67.529  30.373 0.2000000030
29460  -7.749  -67.210  30.883 0.5000000000
29461  -9.120  -67.315  30.598 0.3000000119
29522  -3.011  -67.179  26.055 0.1000000015
29528  -15.472  -68.318  26.859 0.4000000060
29537  -2.893  -67.366  25.611 0.1000000015
29544  -19.645  -68.032  24.634 0.6000000238
29550  -2.703  -67.498  25.184 0.1000000015
29558  -19.038  -67.529  24.164 0.3000000119
29599  -5.007  -67.436  20.273 0.8999999762
29626  -15.334  -67.574  18.611 0.6999999881
29636  -23.087  -66.938  18.150 0.1000000015
29637  -23.931  -67.175  18.127 0.1000000015
29640  -9.282  -68.061  16.728 0.3000000119
29646  -21.259  -67.931  17.515 0.1000000015
29648  -22.629  -67.509  18.040 0.1000000015
29664  -9.324  -67.764  16.168 0.3000000119
29669  -14.579  -66.946  16.597 0.5000000000
29670  -15.238  -67.112  17.051 0.5000000000
29694  -9.669  -67.969  15.633 0.3000000119
29707  -11.785  -66.873  13.733 0.3000000119
29709  -13.277  -67.516  13.102 0.3000000119
29711  -15.182  -67.634  13.302 0.2000000030
29725  -16.368  -67.881  12.101 0.2000000030
29726  -19.412  -67.320  12.584 0.1000000015
29746  -16.677  -67.092  9.942 0.1000000015
29757  -18.579  -67.730  8.761 0.1000000015
29765  -17.600  -67.175  7.902 0.1000000015
30637  -8.751  -66.900  29.974 0.3000000119
30651  -12.183  -67.088  28.521 0.2000000030
30680  -2.803  -66.670  25.942 0.1000000015
30683  -4.136  -66.027  26.312 0.1000000015
30720  -17.924  -66.687  24.706 0.3000000119
30773  -5.809  -66.606  19.932 0.8999999762
30790  -6.077  -66.138  19.958 0.8999999762
30791  -7.131  -65.990  19.468 0.8000000119
30805  -15.476  -66.909  18.325 0.6000000238
30810  -15.457  -66.966  17.694 0.5000000000
30813  -24.528  -66.608  18.174 0.1000000015
30827  -9.946  -67.290  15.886 0.3000000119
30828  -10.417  -66.811  16.092 0.3000000119
30829  -11.009  -66.316  15.803 0.4000000060
30842  -20.455  -66.534  15.167 0.1000000015
30849  -11.084  -66.468  14.845 0.3000000119
30851  -20.110  -66.950  14.001 0.1000000015
30852  -20.250  -66.138  14.361 0.1000000015
30863  -12.027  -66.054  13.321 0.3000000119
30867  -15.662  -67.136  13.097 0.3000000119
30881  -13.119  -65.991  12.396 0.3000000119
30882  -13.811  -66.081  12.672 0.3000000119
30907  -16.766  -66.358  9.891 0.1000000015
30925  -17.720  -66.417  8.121 0.1000000015
30926  -18.791  -66.187  8.542 0.1000000015
31751  -3.326  -66.194  31.049 0.3000000119
31801  -12.393  -66.108  28.746 0.2000000030
31816  -14.615  -66.145  27.858 0.3000000119
31817  -15.368  -65.933  27.525 0.2000000030
31819  -22.408  -65.732  27.293 0.5000000000
31828  -2.940  -65.492  26.148 0.1000000015
31829  -3.758  -65.133  26.325 0.1000000015
31847  -3.128  -64.867  25.683 0.3000000119
31848  -5.847  -65.809  25.877 0.1000000015
31853  -17.685  -65.772  24.967 0.2000000030
31895  -4.684  -66.130  21.424 0.8999999762
31907  -6.568  -65.639  19.799 0.8999999762
31909  -7.458  -65.262  19.279 0.8000000119
31910  -9.075  -65.177  19.168 0.8000000119
31912  -11.271  -65.304  19.620 0.6000000238
31913  -12.784  -65.553  19.859 0.6000000238
31920  -22.677  -65.159  18.068 0.1000000015
31923  -25.031  -65.317  18.327 0.1000000015
31924  -26.192  -65.113  17.950 0.1000000015
31929  -15.112  -65.337  16.903 0.5000000000
31945  -12.186  -65.483  15.494 0.4000000060
31968  -15.730  -65.521  14.085 0.3000000119
31969  -20.397  -65.313  14.753 0.1000000015
31978  -12.008  -65.520  13.910 0.3000000119
31984  -19.913  -65.583  13.442 0.1000000015
32917  -8.613  -64.069  30.653 0.2000000030
32960  -22.377  -64.134  28.590 0.6000000238
32992  -22.443  -64.451  26.583 0.5000000000
33018  -21.121  -65.096  23.669 0.4000000060
33026  -4.346  -64.615  23.396 0.6999999881
33030  -20.776  -64.646  23.276 0.2000000030
33039  -4.790  -65.104  22.663 0.8000000119
33040  -5.598  -64.840  22.120 0.8999999762
33041  -6.258  -64.298  21.766 0.8999999762
33068  -6.980  -65.001  19.446 0.8000000119
33069  -8.232  -64.681  19.066 0.8000000119
33073  -11.904  -65.031  19.864 0.6000000238
33074  -15.646  -65.024  19.102 0.6000000238
33083  -25.525  -64.594  18.321 0.1000000015
33094  -21.990  -64.831  17.600 0.1000000015
33095  -22.481  -64.300  17.931 0.1000000015
33109  -20.923  -64.967  16.329 0.1000000015
33117  -12.037  -64.919  14.572 0.4000000060
33131  -16.240  -64.840  14.710 0.2000000030
33141  -12.246  -64.673  13.601 0.3000000119
33142  -13.494  -63.818  12.798 0.4000000060
33155  -13.171  -64.566  12.495 0.3000000119
33174  -17.207  -64.470  10.394 0.1000000015
33995  -5.779  -63.628  30.008 0.1000000015
33998  -9.028  -63.517  30.307 0.1000000015
34065  -4.909  -63.698  26.232 0.3000000119
34066  -6.733  -63.961  26.064 0.1000000015
34080  -3.821  -63.071  25.800 0.4000000060
34097  -3.684  -63.271  25.120 0.5000000000
34098  -3.826  -63.467  24.448 0.6000000238
34107  -4.202  -63.330  23.962 0.6999999881
34128  -6.740  -63.738  21.235 0.8999999762
34132  -13.489  -63.679  22.020 0.6000000238
34139  -6.910  -63.856  20.353 0.8000000119
34140  -7.456  -63.323  19.850 0.8000000119
34149  -8.461  -63.139  18.998 0.8000000119
34150  -9.155  -62.886  18.943 0.6999999881
34155  -14.668  -63.154  18.092 0.4000000060
34157  -22.875  -63.786  18.188 0.1000000015
34175  -12.708  -63.601  15.421 0.4000000060
34178  -17.780  -63.127  16.032 0.1000000015
34186  -16.566  -63.560  15.447 0.2000000030
34187  -17.406  -63.774  15.531 0.1000000015
34200  -16.206  -64.207  15.036 0.2000000030
34202  -18.421  -63.221  14.800 0.1000000015
34212  -17.797  -64.088  13.364 0.2000000030
34223  -12.929  -64.000  12.681 0.4000000060
34232  -17.731  -63.711  10.609 0.1000000015
34233  -18.277  -62.937  10.824 0.1000000015
35178  -22.321  -63.223  25.887 0.4000000060
35188  -3.874  -62.760  24.548 0.6000000238
35213  -12.505  -62.433  22.657 0.6999999881
35215  -14.193  -62.259  22.673 0.5000000000
35216  -14.895  -62.105  22.307 0.4000000060
35221  -7.393  -62.234  21.195 0.8000000119
35232  -15.589  -62.564  20.950 0.4000000060
35239  -9.584  -62.115  19.752 0.6999999881
35263  -13.015  -61.960  16.323 0.4000000060
35264  -17.112  -62.335  16.220 0.1000000015
35266  -18.154  -62.607  16.088 0.1000000015
35288  -12.927  -62.239  13.476 0.3000000119
35290  -14.228  -61.638  13.338 0.3000000119
35303  -13.356  -62.793  12.952 0.3000000119
35326  -18.529  -62.138  11.081 0.1000000015
36174  -4.543  -61.140  26.008 0.5000000000
36223  -5.816  -61.497  23.825 0.8999999762
36225  -7.874  -61.472  23.141 0.8000000119
36238  -12.681  -61.748  22.795 0.6000000238
36247  -7.836  -61.386  21.286 0.8000000119
36248  -8.304  -61.130  20.903 0.6999999881
36250  -10.826  -61.446  21.690 0.6999999881
36265  -8.890  -62.162  19.776 0.6999999881
36267  -15.870  -61.668  20.034 0.3000000119
36279  -13.320  -61.109  17.790 0.4000000060
36293  -16.587  -61.628  15.878 0.2000000030
36319  -12.932  -61.470  13.737 0.4000000060
36322  -14.770  -61.290  14.009 0.3000000119
36323  -18.675  -61.368  14.852 0.1000000015
37177  -22.486  -60.499  30.677 0.6000000238
37204  -22.338  -60.713  27.737 0.8999999762
37220  -4.848  -60.525  25.932 0.5000000000
37241  -4.911  -60.026  25.421 0.6000000238
37277  -8.513  -60.382  21.953 0.8000000119
37294  -8.900  -60.890  20.842 0.8000000119
37295  -9.722  -60.382  20.859 0.8000000119
37297  -16.872  -60.750  20.180 0.3000000119
37358  -18.256  -59.982  15.782 0.1000000015
37375  -13.964  -60.046  14.357 0.3000000119
37410  -18.682  -59.876  12.229 0.1000000015
38312  -5.859  -59.579  24.377 0.8999999762
38356  -9.514  -59.542  21.452 0.8000000119
38360  -16.801  -59.749  21.310 0.2000000030
38381  -16.490  -59.552  18.727 0.1000000015
38393  -13.315  -59.280  17.457 0.1000000015
38411  -13.520  -59.010  16.610 0.1000000015
38413  -15.173  -58.689  16.038 0.1000000015
38425  -14.875  -59.369  15.436 0.2000000030
38427  -17.710  -59.033  15.909 0.1000000015
38428  -18.168  -59.235  15.063 0.1000000015
39313  -5.957  -58.329  25.118 0.8999999762
39330  -8.685  -57.838  24.024 0.8999999762
39359  -13.008  -58.779  22.169 0.5000000000
39360  -13.807  -59.217  22.408 0.5000000000
39370  -10.439  -58.310  21.048 0.8000000119
39376  -17.822  -58.815  20.741 0.1000000015
39380  -10.207  -58.809  21.048 0.8000000119
39389  -13.518  -58.660  17.710 0.1000000015
39390  -13.845  -58.560  18.132 0.1000000015
39424  -13.761  -58.230  16.602 0.1000000015
39425  -13.919  -57.586  16.712 0.1000000015
39478  -17.942  -57.951  12.793 0.1000000015
40412  -10.577  -57.567  21.272 0.8000000119
40421  -18.203  -57.896  20.742 0.1000000015
40433  -14.104  -57.789  18.011 0.1000000015
40442  -13.853  -57.296  17.386 0.1000000015
41478  -9.966  -56.687  21.817 0.8000000119
41492  -13.344  -55.898  21.615 0.3000000119
41493  -14.864  -56.624  21.611 0.3000000119
42634  -7.186  -55.422  25.512 0.8000000119
42682  -10.198  -55.940  21.851 0.8000000119
42687  -16.558  -55.442  21.408 0.1000000015
43855  -9.770  -54.626  22.601 0.6999999881
43856  -10.258  -54.298  22.183 0.6999999881
43871  -10.749  -54.639  21.760 0.3000000119
43878  -19.021  -54.575  21.595 0.1000000015
44888  -10.672  -53.805  21.889 0.4000000060
44901  -11.186  -54.380  21.567 0.4000000060
44906  -18.122  -53.383  21.665 0.1000000015
45929  -11.582  -53.658  21.410 0.3000000119
45940  -12.935  -52.513  21.190 0.3000000119
46965  -8.228  -51.370  25.647 0.6999999881
46966  -8.618  -51.269  25.774 0.8000000119
46979  -8.283  -51.221  25.248 0.6000000238
46987  -8.532  -51.342  24.538 0.6000000238
47000  -9.073  -50.907  23.784 0.5000000000
47016  -14.530  -52.214  21.244 0.3000000119
47986  -10.933  -50.343  21.442 0.3000000119
50239  -11.470  -46.907  20.229 0.3000000119
50240  -11.790  -47.297  19.865 0.3000000119
51363  -10.412  -47.547  22.679 0.5000000000
51385  -10.940  -46.782  21.385 0.5000000000
51398  -11.130  -46.925  20.796 0.3000000119
51399  -11.438  -46.458  20.411 0.3000000119
51401  -13.980  -46.452  19.507 0.4000000060
52634  -11.702  -45.976  20.380 0.5000000000
155449  0.637  -95.763  13.080 0.2000000030
155466  -13.322  -85.205  0.564 0.8999999762
155468  -15.736  -91.623  2.666 0.5000000000
155469  -12.667  -86.299  1.737 0.8000000119
155476  -13.310  -86.218  -3.010 0.6999999881
156034  0.827  -96.105  13.519 0.3000000119
156081  1.416  -95.141  16.221 0.2000000030
156134  1.773  -91.969  11.827 0.1000000015
156169  1.915  -95.345  14.115 0.1000000015
156175  2.057  -95.669  13.214 0.3000000119
156647  -1.826  -95.417  12.923 0.2000000030
156765  -4.057  -101.588  22.338 0.8000000119
156885  -25.437  -90.446  2.627 0.2000000030
157159  -1.933  -71.072  23.798 0.3000000119
157334  -12.135  -69.902  17.676 0.5000000000
157401  -9.971  -99.963  9.961 0.6000000238
157718  -7.901  -69.766  16.967 0.4000000060
157721  -10.204  -71.215  17.140 0.5000000000
157722  -9.298  -70.927  17.204 0.6000000238
157734  -11.909  -101.006  19.124 0.4000000060
157764  -5.161  -76.601  18.751 1.0000000000
157798  -16.644  -78.098  7.850 0.1000000015
157839  -5.243  -75.716  12.621 0.6000000238
157889  -17.457  -80.590  2.952 0.3000000119
158016  -0.666  -81.113  14.080 0.8000000119
158047  -11.716  -70.536  13.231 0.2000000030
158165  -9.167  -74.143  10.683 0.3000000119
158278  -14.861  -82.537  6.750 0.5000000000
158336  -7.475  -99.513  36.300 0.3000000119
158398  -4.909  -61.692  26.244 0.4000000060
158506  -8.046  -97.750  44.529 0.1000000015
158511  -12.438  -99.074  33.113 0.3000000119
158592  -0.056  -92.772  39.630 0.1000000015
158820  -5.037  -84.992  8.235 0.8999999762
158835  -7.376  -77.266  18.603 1.0000000000
159041  -6.941  -71.123  20.335 1.0000000000
159067  -14.023  -55.463  21.582 0.3000000119
159154  -11.987  -67.366  32.659 0.8999999762
159168  -14.353  -83.024  -2.708 0.8999999762
159198  -29.797  -81.046  -2.491 0.1000000015
159285  -16.057  -76.353  15.708 0.2000000030
159295  -16.390  -95.469  2.821 0.6999999881
159326  -6.296  -96.439  13.208 0.8000000119
159340  -15.250  -78.119  9.269 0.4000000060
159443  -9.882  -69.791  20.648 0.8999999762
159732  -12.676  -101.623  20.774 0.3000000119
159739  -0.155  -91.280  33.297 1.0000000000
159795  -6.096  -69.007  20.585 0.8999999762
159819  0.316  -84.059  34.479 1.0000000000
159849  -14.015  -100.223  30.050 0.4000000060
159919  -14.076  -65.059  16.239 0.4000000060
159953  -11.102  -76.300  6.576 0.5000000000
160136  -3.099  -93.203  26.439 0.8000000119
160167  -8.890  -102.267  28.049 0.5000000000
160248  -14.843  -102.248  25.893 0.3000000119
160316  -7.560  -78.997  18.768 1.0000000000
160319  -12.672  -88.510  -3.057 0.4000000060
160336  1.422  -91.623  31.166 1.0000000000
160419  -19.302  -68.291  14.779 0.1000000015
160473  -26.772  -78.837  -1.215 0.1000000015
160495  -21.237  -82.202  2.904 0.2000000030
160562  -22.310  -85.170  -3.551 0.4000000060
160581  -2.261  -96.369  40.960 0.2000000030
160785  -12.158  -64.908  15.143 0.4000000060
160823  -0.769  -97.612  29.456 0.1000000015
160866  -16.010  -94.242  11.623 0.4000000060
160987  -18.667  -78.146  5.618 0.1000000015
161092  1.092  -86.118  9.572 0.8000000119
161212  -11.179  -96.733  33.258 0.2000000030
161261  -14.246  -102.302  26.626 0.3000000119
161281  -1.571  -72.805  29.961 0.2000000030
161336  -11.114  -89.200  -3.471 0.3000000119
161394  -4.121  -77.734  36.554 0.8999999762
161401  1.043  -96.803  26.142 0.1000000015
161477  -19.452  -76.650  2.262 0.1000000015
161481  -8.246  -101.216  15.047 0.8000000119
161559  -5.195  -80.961  17.585 1.0000000000
161578  -9.093  -76.225  18.481 1.0000000000
161623  -18.628  -61.404  11.347 0.1000000015
161674  -11.537  -94.659  30.782 0.1000000015
161705  1.365  -87.138  17.220 0.3000000119
161731  -22.054  -81.195  8.763 0.4000000060
161760  -8.051  -96.762  37.143 0.1000000015
161774  -16.801  -67.592  9.060 0.1000000015
161787  -11.171  -101.954  14.323 0.8999999762
161846  -5.464  -96.623  13.221 0.8000000119
161893  -1.842  -70.891  25.017 0.2000000030
161972  -1.116  -89.543  10.613 0.5000000000
162121  -4.980  -92.811  30.824 0.5000000000
162291  -19.872  -93.154  3.771 0.6000000238
162337  -14.033  -82.071  6.569 0.5000000000
162502  -21.388  -84.512  0.768 0.4000000060
162536  -21.532  -84.270  0.042 0.4000000060
162560  -18.866  -91.749  0.600 0.4000000060
162597  -15.450  -96.111  15.586 0.2000000030
162614  -20.678  -67.124  16.502 0.1000000015
162661  -16.633  -68.907  8.647 0.1000000015
162871  -24.171  -85.287  -2.648 0.2000000030
162905  -13.654  -94.845  0.905 0.3000000119
163130  -20.221  -79.141  0.388 0.1000000015
163215  -2.500  -79.080  33.245 0.5000000000
163327  -4.979  -75.811  13.513 0.6000000238
163343  -15.632  -99.778  6.617 0.6999999881
163357  -7.296  -95.095  31.594 0.6000000238
163394  -23.364  -77.107  3.198 0.1000000015
163484  -11.607  -88.892  -3.354 0.4000000060
163519  -22.327  -95.196  14.352 0.1000000015
163529  -5.785  -95.568  42.568 0.1000000015
163547  -18.361  -67.017  8.331 0.1000000015
163552  -30.913  -68.983  5.158 0.1000000015
163572  -24.726  -97.703  13.224 0.1000000015
163617  -16.469  -89.035  -3.298 0.6999999881
163675  -23.147  -91.440  1.129 0.2000000030
163694  -11.830  -88.000  -3.156 0.4000000060
163716  -17.013  -78.512  10.578 0.2000000030
163990  -14.089  -68.520  29.344 0.5000000000
164030  -20.873  -97.532  15.454 0.2000000030
164081  -3.476  -64.566  26.065 0.2000000030
164154  -15.572  -64.175  19.063 0.5000000000
164254  -15.711  -66.252  17.969 0.5000000000
164392  -5.327  -66.881  20.149 0.8999999762
164491  0.177  -84.005  31.131 0.4000000060
164495  -19.630  -77.804  14.889 0.2000000030
164500  -11.820  -102.078  13.530 1.0000000000
164727  -5.859  -95.913  10.429 0.1000000015
164843  -14.497  -67.290  19.504 0.6999999881
164848  -17.112  -101.117  14.759 0.4000000060
164864  2.041  -93.149  21.763 0.2000000030
164875  -3.625  -89.536  9.000 0.4000000060
164893  -7.396  -98.397  39.404 0.2000000030
164955  -18.531  -60.545  12.680 0.1000000015
164965  -9.922  -99.915  34.372 0.4000000060
165035  -14.808  -75.052  14.496 0.2000000030
165109  -14.994  -49.949  20.712 0.2000000030
165112  -15.415  -89.572  3.793 0.8999999762
165149  -20.461  -75.710  9.794 0.1000000015
165285  -21.656  -82.767  0.005 0.4000000060
165311  -16.239  -58.760  16.216 0.1000000015
165591  -25.597  -91.551  3.777 0.2000000030
165610  -13.553  -98.927  6.980 0.8000000119
165620  -5.442  -90.959  28.156 0.6000000238
165728  -11.829  -67.669  29.187 0.3000000119
165736  -10.078  -84.721  -1.324 0.8000000119
165741  -20.441  -76.521  9.820 0.1000000015
165775  -5.544  -97.023  43.784 0.1000000015
165785  -16.684  -78.349  9.920 0.2000000030
165814  1.368  -87.224  17.941 0.3000000119
165926  -22.930  -76.020  3.722 0.1000000015
165980  -18.147  -92.285  -1.667 0.6000000238
166065  -13.444  -60.559  18.220 0.2000000030
166067  -7.783  -84.976  -0.460 0.6999999881
166316  -5.259  -77.214  10.039 0.5000000000
166351  -27.839  -81.069  6.552 0.1000000015
166489  -3.936  -101.575  20.257 0.8000000119
166506  -15.220  -95.094  1.044 0.4000000060
166540  -11.532  -102.242  27.365 0.4000000060
166556  -10.058  -78.898  4.768 0.6000000238
166622  -9.578  -79.907  8.540 0.6000000238
166649  -9.846  -96.333  34.557 0.1000000015
166726  -16.573  -95.081  1.308 0.5000000000
166740  -16.448  -83.968  -1.379 0.6999999881
166880  -14.737  -98.082  5.721 0.6000000238
166913  0.971  -96.880  29.174 0.2000000030
166948  -2.177  -95.149  42.145 0.1000000015
166996  0.899  -90.704  10.075 0.3000000119
167025  -8.359  -76.200  18.388 1.0000000000
167030  -22.441  -81.992  4.092 0.3000000119
167055  -17.714  -84.795  2.486 0.4000000060
167094  -24.361  -77.952  6.200 0.1000000015
167155  -3.805  -96.206  45.198 0.1000000015
167612  -13.253  -102.004  13.603 0.8999999762
167663  -19.279  -66.731  10.943 0.1000000015
167667  -15.558  -78.982  16.094 0.2000000030
167696  -7.092  -74.963  11.832 0.4000000060
167790  -6.741  -72.353  32.598 0.6999999881
167816  -23.002  -76.189  2.822 0.1000000015
167870  -25.050  -97.218  15.055 0.1000000015
167883  -32.474  -70.125  6.641 0.1000000015
167921  -17.083  -58.951  16.315 0.1000000015
168059  -12.132  -99.747  20.416 0.4000000060
168062  -11.428  -46.420  22.056 0.4000000060
168179  -18.589  -92.904  0.986 0.4000000060
168217  -0.961  -82.735  9.563 0.8999999762
168454  -11.138  -81.024  2.375 0.8999999762
168456  0.401  -82.726  19.425 0.2000000030
168480  -3.044  -102.132  23.379 0.8999999762
168486  -10.036  -57.997  21.540 0.8000000119
168569  -28.869  -81.582  -1.646 0.1000000015
168629  0.959  -92.253  32.115 1.0000000000
168826  -1.676  -78.252  35.639 0.8999999762
169112  1.317  -91.262  26.077 0.6000000238
169225  -8.585  -101.948  13.855 0.8000000119
169232  -0.851  -74.153  33.388 0.8999999762
169316  -13.980  -80.505  0.825 0.8999999762
169357  -0.419  -82.157  14.293 0.8000000119
169391  -25.760  -86.776  -1.317 0.2000000030
169493  1.228  -90.563  26.181 0.6000000238
169619  -17.755  -100.727  13.939 0.4000000060
169720  -5.470  -95.599  33.547 0.5000000000
169724  -4.406  -80.495  7.765 0.6999999881
169743  -20.633  -94.659  4.866 0.6000000238
169855  2.284  -88.795  10.861 0.5000000000
169932  -10.321  -79.716  8.808 0.6999999881
169982  -12.105  -72.293  29.592 0.2000000030
170013  -2.932  -73.012  22.932 0.4000000060
170014  -6.848  -87.484  3.622 0.1000000015
170036  -3.894  -75.995  13.858 0.6999999881
170068  -20.096  -97.136  6.613 0.6000000238
170113  -19.883  -96.232  11.668 0.2000000030
170157  -17.496  -102.166  26.141 0.2000000030
170194  -6.182  -78.201  37.131 0.6000000238
170258  -12.358  -69.331  32.562 0.8999999762
170493  -10.446  -67.576  15.087 0.3000000119
170508  -20.585  -83.006  1.974 0.3000000119
170527  -6.533  -101.803  25.358 0.6000000238
170645  -15.049  -77.588  3.247 0.4000000060
170692  -8.790  -78.080  12.734 0.3000000119
170780  -9.795  -48.642  23.817 0.5000000000
170810  -1.163  -93.092  36.249 0.3000000119
170992  -26.419  -87.832  0.470 0.2000000030
171143  -2.734  -76.401  18.172 0.8999999762
171207  -20.672  -83.716  5.031 0.4000000060
171465  -16.226  -92.395  -2.348 0.5000000000
171547  -2.715  -75.526  17.516 0.8999999762
171637  -8.306  -78.739  31.705 0.1000000015
171715  -9.113  -76.958  20.512 1.0000000000
171733  -8.595  -77.732  6.198 0.5000000000
171832  -25.249  -86.987  -1.198 0.2000000030
171963  0.847  -85.408  26.443 0.2000000030
171966  -24.190  -64.987  18.391 0.1000000015
172247  1.078  -86.394  16.888 0.3000000119
172302  -9.964  -49.483  22.486 0.5000000000
172329  -21.687  -76.096  0.935 0.1000000015
172454  -23.081  -85.032  -3.367 0.3000000119
172484  -10.090  -77.308  5.867 0.5000000000
172498  -26.459  -79.413  8.914 0.1000000015
172514  -14.999  -99.011  6.034 0.6999999881
172522  -20.161  -77.212  12.012 0.1000000015
172531  -10.309  -63.010  19.877 0.6000000238
172557  -32.497  -70.984  9.125 0.1000000015
172593  -13.710  -101.912  13.663 0.6000000238
172706  -14.020  -75.631  5.704 0.5000000000
172846  -18.404  -61.779  15.958 0.1000000015
172971  -12.088  -61.215  22.547 0.6999999881
173199  -2.143  -91.508  26.306 0.8000000119
173228  -7.290  -83.379  9.502 0.8000000119
173250  -11.278  -82.501  11.368 0.6000000238
173280  0.905  -88.396  36.423 1.0000000000
173467  0.041  -84.872  38.839 0.8000000119
173484  -24.120  -80.871  4.689 0.3000000119
173496  -4.505  -68.835  25.707 0.1000000015
173592  -1.343  -74.168  34.324 1.0000000000
173737  -2.339  -101.426  21.296 0.8000000119
173741  -2.043  -77.231  16.389 0.8999999762
173804  -5.658  -101.296  17.622 0.6999999881
173920  -16.611  -69.389  8.283 0.1000000015
173942  -9.344  -102.485  22.499 0.6000000238
173969  -15.584  -66.294  18.543 0.6000000238
174117  -16.690  -101.319  14.264 0.4000000060
174160  -4.220  -80.318  20.353 0.8000000119
174266  -2.360  -80.651  39.150 0.8000000119
174295  -5.136  -101.587  18.968 0.8000000119
174305  -11.054  -52.096  21.502 0.4000000060
174353  -13.288  -90.965  -1.517 0.4000000060
174356  -13.724  -97.827  10.195 0.6999999881
174405  0.213  -83.546  12.901 0.8000000119
174441  -4.300  -81.732  18.556 1.0000000000
174458  -13.774  -80.358  15.457 0.2000000030
174460  -13.910  -76.360  7.407 0.5000000000
174470  -12.923  -76.428  7.461 0.5000000000
174512  -12.507  -45.723  20.193 0.4000000060
174622  -12.565  -62.825  15.249 0.4000000060
174628  -16.613  -67.746  9.862 0.2000000030
174688  1.504  -90.348  30.138 0.8999999762
174822  -20.550  -62.862  23.123 0.2000000030
174858  -9.087  -87.786  33.941 0.1000000015
174932  -12.167  -99.196  33.665 0.3000000119
174950  -1.958  -72.997  26.236 0.1000000015
175175  -21.812  -81.879  8.558 0.5000000000
175190  -10.538  -66.898  14.990 0.3000000119
175250  -8.530  -82.716  10.950 0.6999999881
175386  0.656  -92.410  30.070 1.0000000000
175415  -11.701  -66.159  15.882 0.4000000060
175549  -16.127  -74.133  15.473 0.2000000030
175638  -2.371  -72.860  29.710 0.1000000015
175679  -4.573  -91.460  26.401 0.8000000119
175706  -9.134  -67.181  33.604 0.8000000119
175850  -3.649  -71.278  22.228 0.5000000000
175859  -13.264  -59.698  16.763 0.1000000015
175878  -10.017  -85.400  8.019 0.8000000119
175918  -7.001  -85.196  -0.595 0.6999999881
175980  -11.616  -67.185  16.649 0.3000000119
176060  -14.739  -101.687  12.810 0.6999999881
176065  1.952  -98.116  14.625 0.8000000119
176102  -9.847  -85.340  9.360 0.6000000238
176172  -2.395  -79.626  30.941 0.2000000030
176222  -16.193  -76.982  4.231 0.4000000060
176226  -19.802  -97.349  6.393 0.6000000238
176255  -5.163  -63.934  30.308 0.1000000015
176298  -17.025  -85.651  5.381 0.5000000000
176484  -12.613  -63.929  13.242 0.4000000060
176528  -8.664  -65.989  30.146 0.2000000030
176562  -16.181  -80.682  4.230 0.3000000119
176587  -29.429  -69.218  7.804 0.1000000015
176626  -7.583  -81.878  6.658 0.8999999762
176773  -18.132  -84.116  7.573 0.5000000000
176824  -3.732  -65.657  30.048 0.1000000015
176875  -15.636  -92.044  -1.158 0.5000000000
176878  -3.898  -68.643  33.904 0.5000000000
176944  -14.480  -92.194  -1.159 0.4000000060
176946  -4.415  -71.473  32.509 0.8999999762
176973  -17.285  -70.396  14.315 0.1000000015
177058  -10.882  -81.687  14.334 0.4000000060
177133  -20.737  -85.252  -4.015 0.4000000060
177159  -4.663  -73.134  16.126 0.8999999762
177205  -8.175  -78.381  33.362 0.2000000030
177220  -6.447  -80.020  20.504 1.0000000000
177229  -13.927  -98.543  9.969 0.6000000238
177249  -14.562  -81.747  -1.486 0.8000000119
177276  -6.688  -96.212  28.525 0.8000000119
177329  0.150  -89.936  10.063 0.3000000119
177434  -6.654  -92.399  30.430 0.6000000238
177442  -16.311  -100.172  27.155 0.3000000119
177601  1.463  -92.065  11.430 0.1000000015
177740  2.136  -96.112  13.074 0.3000000119
177822  -15.187  -92.380  2.085 0.6000000238
177942  1.834  -92.436  12.415 0.1000000015
177956  2.256  -91.556  11.406 0.1000000015
178072  1.787  -92.961  12.801 0.1000000015
178169  1.718  -95.170  15.300 0.1000000015
178398  -0.459  -91.884  10.996 0.2000000030
178539  -4.501  -100.721  29.638 0.8000000119
178681  -15.722  -74.644  15.212 0.2000000030
178713  2.289  -90.577  14.405 0.2000000030
178728  -0.909  -86.969  24.804 0.1000000015
178821  -0.473  -82.296  12.570 0.8999999762
178920  -1.477  -99.758  28.991 0.8000000119
178944  -8.874  -84.694  6.255 0.8999999762
179055  -5.770  -70.875  20.375 1.0000000000
179126  -11.951  -101.670  14.641 0.6000000238
179163  -12.246  -86.192  1.183 0.8000000119
179202  -6.424  -98.774  38.718 0.3000000119
179221  -11.096  -71.462  17.141 0.6999999881
179238  -14.034  -73.772  12.601 0.2000000030
179318  -13.985  -62.380  12.986 0.2000000030
179319  -10.977  -55.009  21.641 0.4000000060
179331  -1.639  -97.560  33.553 0.8999999762
179566  -18.961  -91.235  -0.461 0.4000000060
179616  -18.604  -92.330  0.555 0.4000000060
179633  -10.072  -77.058  6.204 0.5000000000
179723  -9.397  -76.045  18.830 1.0000000000
179743  -19.978  -94.635  3.470 0.5000000000
179747  -0.712  -80.836  38.080 0.8999999762
179787  -17.105  -95.908  4.382 0.5000000000
179819  -4.319  -84.368  3.719 0.6999999881
179823  -4.524  -73.862  29.515 0.1000000015
179838  0.160  -86.123  8.165 0.8000000119
179870  -14.793  -100.931  27.271 0.3000000119
179930  -18.304  -79.713  1.750 0.2000000030
179950  -8.654  -77.426  20.737 1.0000000000
179953  3.086  -97.004  14.267 0.4000000060
180099  -10.223  -80.079  3.634 1.0000000000
180138  -4.013  -65.300  29.712 0.1000000015
180217  -5.771  -75.244  18.620 0.8999999762
180236  -6.237  -78.301  18.328 1.0000000000
180319  -12.521  -73.483  9.233 0.3000000119
180327  -4.233  -73.954  16.433 0.6999999881
180345  -20.014  -89.481  6.323 0.1000000015
180410  -21.375  -89.714  3.047 0.2000000030
180450  -5.027  -74.131  21.728 0.8999999762
180452  -14.391  -101.655  21.907 0.2000000030
180475  -9.853  -68.320  17.258 0.3000000119
180579  -11.176  -76.739  7.374 0.5000000000
180598  1.153  -87.711  24.937 0.3000000119
180651  -14.989  -92.114  0.804 0.5000000000
180657  2.579  -98.019  18.913 0.6000000238
180780  -9.433  -86.788  33.400 0.1000000015
180864  -18.775  -78.556  12.947 0.1000000015
180913  -1.210  -98.228  29.271 0.2000000030
180942  -10.513  -65.214  19.403 0.8000000119
180959  -1.374  -77.413  35.270 1.0000000000
180988  -1.690  -83.496  28.569 0.1000000015
180991  -5.681  -78.937  12.880 0.5000000000
181079  -24.072  -98.203  14.352 0.1000000015
181163  -32.969  -71.266  6.972 0.1000000015
181182  1.341  -96.562  26.629 0.3000000119
181268  -10.012  -87.407  -3.115 0.3000000119
181323  -8.877  -76.842  18.645 1.0000000000
181348  -8.820  -79.100  4.718 0.8000000119
181380  -7.894  -97.936  12.974 0.8000000119
181407  -21.596  -77.810  0.436 0.1000000015
181415  -13.696  -90.959  1.940 0.4000000060
181426  2.253  -90.834  15.856 0.1000000015
181624  -28.383  -77.696  2.268 0.1000000015
181642  -14.680  -59.425  22.362 0.3000000119
181649  -14.437  -94.978  0.869 0.3000000119
181671  -13.490  -65.366  12.552 0.3000000119
181721  -5.920  -101.631  18.294 0.6999999881
181806  -26.839  -94.466  9.945 0.1000000015
181920  1.153  -91.016  24.508 0.6000000238
181979  -5.772  -96.898  45.517 0.1000000015
181994  -1.509  -72.298  30.539 0.1000000015
182185  -1.293  -74.876  31.149 0.2000000030
182189  2.418  -98.972  17.359 0.8000000119
182204  -0.778  -83.714  26.803 0.1000000015
182215  -20.346  -85.143  -0.803 0.5000000000
182246  -11.424  -99.761  23.855 0.4000000060
182301  -1.639  -74.115  34.340 1.0000000000
182430  -14.746  -72.986  13.345 0.2000000030
182469  -24.907  -78.273  7.722 0.1000000015
182484  -3.406  -76.545  35.592 1.0000000000
182485  -17.745  -77.742  3.113 0.2000000030
182494  -6.110  -99.270  35.449 0.4000000060
182496  -15.712  -70.238  8.623 0.2000000030
182603  2.069  -93.557  21.203 0.1000000015
182611  -17.419  -99.697  30.504 0.1000000015
182622  -16.787  -77.705  5.180 0.2000000030
182633  -17.436  -75.825  16.651 0.1000000015
182707  -6.470  -71.463  15.522 0.4000000060
182738  -16.075  -98.709  7.794 0.5000000000
182902  -20.344  -94.484  6.770 0.5000000000
182936  -5.707  -94.795  41.132 0.2000000030
182938  -11.176  -70.158  20.623 0.8000000119
182941  -19.523  -75.297  3.666 0.1000000015
183004  -11.156  -97.951  21.364 0.4000000060
183014  -18.574  -78.494  10.987 0.2000000030
183040  -15.724  -97.671  10.983 0.5000000000
183044  -13.964  -92.286  1.831 0.3000000119
183062  -16.165  -67.322  12.605 0.2000000030
183158  -26.467  -79.989  -2.852 0.1000000015
183194  -11.771  -71.190  17.410 0.5000000000
183395  -11.566  -68.468  14.650 0.2000000030
183448  -13.350  -71.337  18.899 0.6000000238
183511  -17.492  -84.639  -2.585 0.6000000238
183643  -7.364  -75.132  15.388 0.6000000238
183760  -18.767  -68.619  12.241 0.1000000015
183863  -20.597  -93.644  15.161 0.1000000015
183963  -14.599  -59.874  14.845 0.2000000030
183987  -15.571  -66.620  13.280 0.3000000119
184013  -1.682  -73.052  25.602 0.2000000030
184020  -2.462  -101.665  22.486 0.8999999762
184052  1.442  -87.400  8.916 0.6000000238
184090  -3.733  -96.176  12.091 0.2000000030
184102  -16.849  -100.175  6.549 0.6999999881
184106  -22.151  -83.094  6.240 0.4000000060
184121  -28.158  -82.335  1.744 0.2000000030
184185  1.664  -91.391  22.004 0.2000000030
184271  -13.924  -95.643  13.774 0.4000000060
184360  -24.654  -76.461  7.319 0.1000000015
184440  -2.954  -75.771  18.176 0.8999999762
184469  -3.823  -80.438  32.101 0.2000000030
184503  -5.303  -84.631  11.128 0.8000000119
184548  -7.906  -99.653  11.138 0.8000000119
184596  -12.549  -100.968  12.008 0.8000000119
184693  -19.087  -90.141  12.744 0.2000000030
184768  -6.638  -102.108  27.689 0.5000000000
184828  -27.892  -69.526  8.296 0.1000000015
184846  -9.241  -83.661  31.996 0.1000000015
184872  1.645  -95.756  23.212 0.1000000015
184939  -3.730  -70.246  21.753 0.8000000119
184961  -20.492  -82.869  8.392 0.6000000238
184965  -12.548  -85.433  -4.191 0.6000000238
185114  -21.562  -90.802  0.525 0.2000000030
185204  -14.021  -63.175  17.292 0.4000000060
185240  -18.028  -61.974  16.330 0.1000000015
185266  -4.158  -101.500  21.276 0.6999999881
185315  -14.251  -78.959  15.625 0.2000000030
185374  -14.624  -70.144  31.388 0.4000000060
185390  -8.068  -101.376  12.880 0.8000000119
185418  -3.912  -85.653  2.868 0.5000000000
185436  -23.454  -77.355  2.407 0.1000000015
185481  -14.032  -64.366  16.448 0.4000000060
185514  -2.088  -69.397  31.682 0.3000000119
185606  -11.690  -57.486  21.393 0.4000000060
185652  -10.524  -101.407  14.952 0.8999999762
185687  -13.977  -77.112  14.821 0.2000000030
185782  -3.873  -100.515  30.754 0.8000000119
185787  -4.291  -86.177  2.740 0.5000000000
185840  -9.969  -98.913  14.215 0.6999999881
185862  -13.284  -75.696  31.328 0.3000000119
185863  -14.389  -70.197  12.732 0.2000000030
185879  -5.758  -60.402  26.439 0.5000000000
185925  -8.912  -59.279  23.517 0.8000000119
185932  -16.820  -68.597  8.459 0.1000000015
186046  -6.851  -97.287  45.640 0.1000000015
186073  -23.363  -74.397  5.827 0.1000000015
186186  -6.291  -96.908  32.869 0.5000000000
186207  -11.661  -84.340  -2.728 0.6999999881
186254  -7.869  -60.226  23.708 0.8999999762
186312  -2.890  -69.753  25.301 0.1000000015
186413  -8.879  -71.930  16.948 0.8999999762
186442  -6.678  -96.133  43.532 0.1000000015
186520  -3.272  -68.671  25.674 0.1000000015
186604  -11.265  -81.329  14.859 0.4000000060
186630  -13.817  -101.435  14.630 0.6000000238
186713  1.403  -91.644  26.581 0.6999999881
186747  -1.934  -99.256  31.689 0.6000000238
186767  -17.653  -78.328  5.669 0.1000000015
186814  -29.668  -79.465  4.823 0.1000000015
186889  -4.610  -85.858  1.551 0.5000000000
186935  -12.973  -90.843  -3.462 0.4000000060
186951  -1.406  -72.389  32.621 0.5000000000
187029  -17.777  -96.559  5.483 0.5000000000
187118  -16.263  -61.167  21.368 0.3000000119
187133  -18.316  -52.789  21.721 0.1000000015
187152  -1.572  -80.061  12.729 0.8000000119
187199  -5.012  -73.174  21.224 1.0000000000
187269  -16.975  -67.432  8.421 0.1000000015
187275  -17.842  -51.910  21.649 0.2000000030
187308  -25.945  -93.316  6.208 0.1000000015
187314  -13.634  -101.703  12.482 0.6999999881
187326  -4.334  -97.426  32.065 0.8999999762
187396  -22.940  -66.596  29.301 0.3000000119
187551  -1.805  -99.423  30.492 0.6000000238
187552  -16.406  -71.308  13.958 0.2000000030
187555  -19.373  -98.027  7.908 0.5000000000
187602  -19.169  -92.603  7.792 0.3000000119
187692  -28.502  -86.119  5.433 0.2000000030
187812  -22.610  -86.532  -2.207 0.2000000030
187831  -4.584  -76.869  10.943 0.6000000238
187860  1.231  -99.305  16.800 0.8000000119
187861  -1.439  -84.921  16.054 0.8000000119
187919  -12.704  -87.723  -3.120 0.4000000060
188057  -10.933  -63.500  21.051 0.6000000238
188161  -11.524  -98.199  7.145 0.4000000060
188228  -11.119  -67.240  31.208 0.3000000119
188320  -15.084  -95.295  21.269 0.2000000030
188340  -11.859  -63.860  21.470 0.6999999881
188367  -28.929  -85.299  5.363 0.2000000030
188449  0.058  -83.562  20.478 0.1000000015
188450  -8.824  -100.532  11.344 0.6999999881
188479  -19.206  -91.338  0.799 0.2000000030
188499  -18.053  -92.690  -1.438 0.6000000238
188512  -2.627  -79.179  20.362 0.5000000000
188529  -21.838  -60.955  31.737 0.6000000238
188605  -6.639  -79.053  13.690 0.4000000060
188643  -20.175  -77.297  8.676 0.1000000015
188700  -7.790  -99.648  35.907 0.4000000060
188719  -26.893  -80.348  4.372 0.2000000030
188732  -12.883  -67.111  19.921 0.6999999881
188779  -8.207  -69.371  16.209 0.4000000060
188854  -15.046  -77.025  7.788 0.3000000119
188875  1.532  -94.949  28.967 0.6000000238
188958  -10.001  -97.764  8.071 0.4000000060
188978  -3.259  -99.390  16.937 0.8000000119
189051  -6.079  -75.854  14.123 0.5000000000
189078  -2.964  -84.398  5.489 0.6999999881
189091  -15.569  -96.582  16.133 0.2000000030
189153  -27.540  -79.882  8.651 0.1000000015
189212  -7.635  -99.325  29.760 0.6000000238
189296  -20.337  -99.763  15.173 0.2000000030
189304  -19.572  -68.542  16.578 0.1000000015
189350  -2.619  -67.387  31.257 0.3000000119
189355  -26.111  -97.055  15.195 0.1000000015
189356  -13.546  -63.266  16.614 0.4000000060
189404  -14.792  -79.949  15.648 0.2000000030
189424  -13.805  -100.937  30.261 0.4000000060
189429  -10.068  -100.662  32.421 0.5000000000
189517  -22.252  -72.370  3.681 0.1000000015
189527  -17.399  -82.904  -1.295 0.6000000238
189537  1.273  -95.651  31.000 0.5000000000
189620  -21.520  -89.968  -0.837 0.2000000030
189744  -21.646  -64.609  17.208 0.1000000015
189813  -10.919  -76.435  6.296 0.5000000000
189835  -23.134  -81.638  5.066 0.3000000119
189868  -1.296  -82.664  29.945 0.1000000015
189902  -17.489  -73.420  27.446 0.1000000015
189906  -12.232  -66.513  13.012 0.3000000119
